Time,Frame,EyeTrackingEnabled,EyeCalibrationValid,EyeTrackingEnabledAndValid,EyeTrackingDataValid,GazeInputSource,EyeGazeOrigin.x,EyeGazeOrigin.y,EyeGazeOrigin.z,EyeGazeDirection.x,EyeGazeDirection.y,EyeGazeDirection.z,EyeHitInfo.distance,EyeHitPosition.x,EyeHitPosition.y,EyeHitPosition.z,EyeHitNormal.x,EyeHitNormal.y,EyeHitNormal.z,LocalEyeHitPosition.x,LocalEyeHitPosition.y,LocalEyeHitPosition.z,HeadGazeOrigin.x,HeadGazeOrigin.y,HeadGazeOrigin.z,HeadRotation.x,HeadRotation.y,HeadRotation.z,HeadRotation.w,HeadEulerAngles.x,HeadEulerAngles.y,HeadEulerAngles.z,HeadMovementDirection.x,HeadMovementDirection.y,HeadMovementDirection.z,HeadVelocity.x,HeadVelocity.y,HeadVelocity.z,transform.position.x,transform.position.y,transform.position.z,localTransform.position.x,localTransform.position.y,localTransform.position.z,localXAxis.x,localXAxis.y,localXAxis.z,localYAxis.x,localYAxis.y,localYAxis.z,localZAxis.x,localZAxis.y,localZAxis.z,Movement,GazeAngleX,GazeAngleY,TargetAngleX,TargetAngleY
05/11/2023 13:09:15.507064,228,True,True,True,True,Eyes,1.855819,0.1874532,-3.54699,0.7275146,-0.02185952,0.6857438,0.0,0.0,0.0,0.0,0.0,0.0,0.0,-3.997176,0.0852007,0.5797968,2.014779,0.1807402,-3.496975,0.09160563,0.4357823,-0.02252395,0.8950951,10.58083,52.13219,2.304004,0.4480135,0.04690621,-0.8927951,0.1764001,0.005319618,0.06260095,3.174402,0.201851,-2.661205,-0.5796002,0.4008,1.915,0.6191729,0.03951806,-0.7842598,0.1201624,0.9822022,0.1443604,0.7760065,-0.1836225,0.6034043,moving,46.69297,-1.825805,-16.83914,11.82109
05/11/2023 13:09:15.527592,229,True,True,True,True,Eyes,1.863249,0.186968,-3.544274,0.7239591,-0.02228384,0.6894829,0.0,0.0,0.0,0.0,0.0,0.0,0.0,-3.993205,0.1010794,0.6208414,2.026545,0.1782017,-3.493237,0.09348509,0.4296307,-0.0222343,0.8978775,10.77667,51.3642,2.357016,0.4495262,0.04689372,-0.8920351,0.1658161,0.00500044,0.05884489,3.178879,0.1896998,-2.647587,-0.5755943,0.3980299,1.915,0.6298463,0.04040076,-0.7756684,0.1202555,0.9815324,0.1487712,0.7673541,-0.1869814,0.6133561,moving,46.39726,-1.851135,-16.72927,11.74166
05/11/2023 13:09:15.547079,230,True,True,True,True,Eyes,1.870881,0.186452,-3.541523,0.7203841,-0.02275019,0.6932022,0.0,0.0,0.0,0.0,0.0,0.0,0.0,-3.989244,0.1188251,0.6621598,2.038974,0.1764861,-3.48971,0.09518778,0.4233783,-0.02143676,0.9006834,10.9306,50.58752,2.450783,0.4510613,0.04686919,-0.8912611,0.1558671,0.004700414,0.0553142,3.18225,0.1809158,-2.632152,-0.5718575,0.3954458,1.915,0.6405827,0.0419854,-0.7667405,0.1192163,0.9809595,0.1533164,0.7585784,-0.1896198,0.6233803,moving,46.10161,-1.879715,-16.62668,11.66753
05/11/2023 13:09:15.556896,231,True,True,True,True,Eyes,1.87872,0.1859475,-3.538731,0.7165769,-0.02323706,0.697121,0.0,0.0,0.0,0.0,0.0,0.0,0.0,-3.985502,0.1310567,0.7007324,2.051537,0.1752626,-3.486101,0.09621353,0.4174849,-0.02089124,0.9033344,11.02688,49.84907,2.487015,0.4526207,0.04683299,-0.8904721,0.1465151,0.004418389,0.05199534,3.185836,0.1732958,-2.616183,-0.5680089,0.3927844,1.914999,0.6505398,0.04259184,-0.7582769,0.1180789,0.980613,0.1563824,0.7502368,-0.1912695,0.6328986,moving,45.78848,-1.909127,-16.52091,11.59114
05/11/2023 13:09:15.576972,232,True,True,True,True,Eyes,1.886738,0.185392,-3.535888,0.7127608,-0.02344733,0.7010151,0.0,0.0,0.0,0.0,0.0,0.0,0.0,-3.981688,0.1427644,0.738336,2.064471,0.1750457,-3.482339,0.09689594,0.4116733,-0.02002061,0.9059446,11.07236,49.12166,2.540695,0.4542061,0.04678649,-0.8896669,0.1377241,0.004153286,0.04887562,3.188609,0.1735294,-2.59933,-0.5638505,0.3899091,1.915,0.6602486,0.0435038,-0.7497861,0.1160541,0.9804207,0.1590808,0.7420264,-0.1920486,0.6422727,moving,45.47601,-1.915697,-16.40648,11.50856
05/11/2023 13:09:15.597486,233,True,True,True,True,Eyes,2.09162,0.1709954,-3.464362,0.6046528,-0.03187258,0.7958512,0.0,0.0,0.0,0.0,0.0,0.0,0.0,-3.977098,0.1463813,0.77842,2.077099,0.1732383,-3.478552,0.09457337,0.4057735,-0.0185162,0.908879,10.77416,48.35434,2.514145,0.455819,0.04672939,-0.8888446,0.1294607,0.003904088,0.04594309,3.193333,0.173273,-2.584519,-0.5602034,0.3873871,1.915,0.67001,0.04309276,-0.7411003,0.1104087,0.9814261,0.1568847,0.7340958,-0.1869383,0.6528075,moving,37.22597,-2.29338,-16.30602,11.43609
05/11/2023 13:09:15.607120,234,True,True,True,True,Eyes,2.092114,0.1710002,-3.464185,0.6043175,-0.03205489,0.7960985,0.0,0.0,0.0,0.0,0.0,0.0,0.0,-3.972747,0.146478,0.8183767,2.089689,0.1721888,-3.475265,0.09600357,0.3998047,-0.02008961,0.9113376,11.0139,47.60025,2.34416,0.4658007,0.04603887,-0.8836908,0.7363406,-0.03952003,0.257764,3.199481,0.170433,-2.571413,-0.5561031,0.3845517,1.915,0.6795053,0.04014852,-0.7325713,0.1133822,0.9807594,0.1589195,0.7248567,-0.1910471,0.6618791,moving,37.2021,-2.305768,-16.19294,11.35457
05/11/2023 13:09:15.627289,235,True,True,True,True,Eyes,2.093102,0.1710124,-3.463879,0.6035376,-0.03203457,0.7966908,0.0,0.0,0.0,0.0,0.0,0.0,0.0,-3.967126,0.1528503,0.8606052,2.102736,0.1723719,-3.471437,0.09690767,0.3934512,-0.02019071,0.9140009,11.12998,46.80495,2.298318,0.4738192,0.04547375,-0.8794469,0.6921601,-0.03714882,0.2422981,3.204222,0.1708079,-2.556015,-0.5525525,0.3820963,1.915001,0.689577,0.03934822,-0.7231427,0.1131655,0.9804025,0.1612592,0.7153162,-0.1930355,0.6716101,moving,37.14595,-2.302597,-16.09491,11.28393
05/11/2023 13:09:15.637392,236,True,True,True,True,Eyes,2.09454,0.1710137,-3.463447,0.602328,-0.03228035,0.7975957,0.0,0.0,0.0,0.0,0.0,0.0,0.0,-3.960884,0.1552615,0.905901,2.115729,0.1725177,-3.468039,0.09472939,0.3869289,-0.01871998,0.9170399,10.84938,45.96891,2.274233,0.4802774,0.0450119,-0.8759605,0.6506305,-0.03491989,0.2277602,3.206385,0.1650047,-2.537382,-0.5486075,0.3793679,1.915001,0.6998712,0.03897314,-0.713205,0.107641,0.9813519,0.1592546,0.7061116,-0.1882278,0.6826248,moving,37.05936,-2.317614,-15.9859,11.2054
05/11/2023 13:09:15.657489,237,True,True,True,True,Eyes,2.096449,0.1710202,-3.462885,0.6006526,-0.03240049,0.7988533,0.0,0.0,0.0,0.0,0.0,0.0,0.0,-3.952445,0.1595252,0.9571952,2.128246,0.172274,-3.464734,0.09531157,0.3795992,-0.019109,0.9200299,10.94616,45.04962,2.171343,0.4854962,0.04463446,-0.8730983,0.6115927,-0.0328247,0.2140946,3.208112,0.1578422,-2.517284,-0.5446386,0.3766239,1.915,0.7110785,0.0371987,-0.7021279,0.1075221,0.9811011,0.1608715,0.6948427,-0.1898865,0.6936402,moving,36.93927,-2.322572,-15.8761,11.12638
05/11/2023 13:09:15.677084,238,True,True,True,True,Eyes,2.098779,0.1710201,-3.462222,0.5986274,-0.03258412,0.8003646,0.0,0.0,0.0,0.0,0.0,0.0,0.0,-3.943514,0.162014,1.008768,2.14164,0.1723756,-3.461044,0.09398542,0.372203,-0.01830506,0.9231992,10.78714,44.11451,2.109845,0.489733,0.0443261,-0.8707446,0.5748972,-0.03085522,0.2012489,3.210577,0.1577323,-2.497806,-0.5409176,0.3740504,1.915,0.7222598,0.03616488,-0.6906757,0.1037617,0.9816633,0.1599081,0.6837941,-0.1871609,0.7052634,moving,36.79441,-2.331316,-15.77305,11.05224
05/11/2023 13:09:15.696959,239,True,True,True,True,Eyes,2.101526,0.1711492,-3.461443,0.5961822,-0.03306142,0.8021682,0.0,0.0,0.0,0.0,0.0,0.0,0.0,-3.933506,0.1614325,1.062275,2.154138,0.1721826,-3.45789,0.09238338,0.3647042,-0.01782975,0.9263576,10.61247,43.16486,2.00287,0.4931937,0.04407383,-0.868802,0.5404034,-0.0290039,0.189174,3.214252,0.1506756,-2.480356,-0.5371113,0.3714187,1.915,0.733346,0.03435175,-0.6789872,0.1004186,0.9822948,0.1581549,0.6723985,-0.1841652,0.7169124,moving,36.62023,-2.360114,-15.66752,10.97637
05/11/2023 13:09:15.707301,240,True,True,True,True,Eyes,2.104663,0.1714467,-3.460496,0.5935106,-0.0334557,0.8041304,0.0,0.0,0.0,0.0,0.0,0.0,0.0,-3.923661,0.1625224,1.112608,2.167099,0.1754614,-3.454319,0.09570195,0.3573167,-0.02021564,0.9288474,11.08305,42.25702,1.800723,0.4960446,0.04387028,-0.8671877,0.5079792,-0.02726367,0.1778236,3.218212,0.1475593,-2.462664,-0.5330802,0.3686312,1.915,0.7438322,0.03083732,-0.6676547,0.1059463,0.9808649,0.1633382,0.6599159,-0.1922318,0.7263318,moving,36.4302,-2.382407,-15.55565,10.89597
05/11/2023 13:09:15.727188,241,True,True,True,True,Eyes,2.108153,0.1717813,-3.459444,0.5904676,-0.03347223,0.806367,0.0,0.0,0.0,0.0,0.0,0.0,0.0,-3.912587,0.1587655,1.162994,2.180178,0.1797948,-3.449724,0.09324902,0.3500738,-0.01881481,0.9318795,10.77582,41.3451,1.762942,0.4984197,0.04371068,-0.8658328,0.4775004,-0.02562785,0.1671541,3.220542,0.1467861,-2.44293,-0.5290489,0.3658437,1.915,0.7541887,0.03022181,-0.655962,0.1003544,0.9819012,0.1606205,0.6489443,-0.1869668,0.7375059,moving,36.2137,-2.376978,-15.44365,10.81553
05/11/2023 13:09:15.737189,242,True,True,True,True,Eyes,2.111936,0.1722512,-3.45827,0.5872161,-0.03444466,0.8086969,0.0,0.0,0.0,0.0,0.0,0.0,0.0,-3.901953,0.1505743,1.211184,2.19232,0.1809322,-3.446139,0.08896808,0.3432819,-0.01713798,0.9348521,10.25971,40.47876,1.691112,0.5005831,0.04357731,-0.8645906,0.4488504,-0.02409018,0.1571249,3.222472,0.1360446,-2.423111,-0.5253618,0.3632937,1.915,0.7637276,0.02903931,-0.6448851,0.0931252,0.983582,0.1545777,0.6387861,-0.1781103,0.7484844,moving,35.98439,-2.438913,-15.34111,10.7419
05/11/2023 13:09:15.757129,243,True,True,True,True,Eyes,2.116065,0.1728336,-3.456942,0.5834726,-0.03483212,0.8113855,0.0,0.0,0.0,0.0,0.0,0.0,0.0,-3.886026,0.1919994,1.26567,2.203692,0.1848705,-3.442317,0.09820717,0.3347927,-0.01793767,0.9369886,11.306,39.51029,1.878458,0.5026089,0.04346768,-0.86342,0.4219194,-0.02264477,0.1476974,3.226579,0.1332496,-2.405873,-0.5215644,0.3606675,1.915,0.7751843,0.0321433,-0.630917,0.09937284,0.9800672,0.1720272,0.6238705,-0.1960488,0.7565385,moving,35.72016,-2.458152,-15.23539,10.66604
05/11/2023 13:09:15.777217,244,True,True,True,True,Eyes,2.120445,0.1734761,-3.455556,0.5795137,-0.03553271,0.8141875,0.0,0.0,0.0,0.0,0.0,0.0,0.0,-3.868093,0.2078562,1.325526,2.216343,0.1880839,-3.437268,0.09248725,0.3261916,-0.01118198,0.940702,10.44554,38.4577,2.290238,0.5045192,0.04338216,-0.8623095,0.3966042,-0.02128608,0.1388356,3.231545,0.1393129,-2.38943,-0.5175771,0.3579106,1.915,0.786948,0.03929929,-0.6157664,0.08137494,0.9826422,0.1667109,0.6116297,-0.1813008,0.7700903,moving,35.44209,-2.498913,-15.12427,10.58636
05/11/2023 13:09:15.797085,245,True,True,True,True,Eyes,2.125114,0.1742236,-3.454034,0.5750349,-0.03649751,0.8173144,0.0,0.0,0.0,0.0,0.0,0.0,0.0,-3.847804,0.2349337,1.388971,2.226864,0.1902163,-3.434374,0.0946251,0.3170358,-0.009090532,0.9436375,10.6231,37.37412,2.498305,0.5063309,0.04331973,-0.86125,0.3728079,-0.02000892,0.1305054,3.234456,0.1498822,-2.369977,-0.5138713,0.355348,1.915001,0.7988114,0.04284276,-0.6000541,0.07715542,0.9819269,0.1728195,0.5966133,-0.1843476,0.7810687,moving,35.12893,-2.556868,-15.02089,10.51225
05/11/2023 13:09:15.808240,246,True,True,True,True,Eyes,2.130028,0.1749708,-3.452389,0.5704891,-0.03678833,0.8204808,0.0,0.0,0.0,0.0,0.0,0.0,0.0,-3.824595,0.273271,1.452128,2.238699,0.1935857,-3.429523,0.09863219,0.3073635,-0.00653673,0.9464443,10.99469,36.25428,2.817848,0.5080605,0.04328065,-0.8602329,0.3504395,-0.01880838,0.1226751,3.237451,0.1569852,-2.352589,-0.5100529,0.3527072,1.915,0.81097,0.04825855,-0.5830942,0.07300515,0.980458,0.1826814,0.5805152,-0.190718,0.7915989,moving,34.8113,-2.567282,-14.91427,10.43586
05/11/2023 13:09:15.827460,247,True,True,True,True,Eyes,2.13513,0.1756938,-3.450691,0.5655026,-0.03761294,0.8238884,0.0,0.0,0.0,0.0,0.0,0.0,0.0,-3.803111,0.2635417,1.515648,2.249848,0.1941867,-3.425022,0.08959232,0.2986885,-0.001279068,0.9501352,9.846762,35.15866,2.97233,0.5097218,0.04326254,-0.8592505,0.3294131,-0.01767988,0.1153146,3.243709,0.1430582,-2.340649,-0.5060527,0.3499411,1.915001,0.8215672,0.0510898,-0.567818,0.05595095,0.9839432,0.1694855,0.5673596,-0.1710137,0.8055169,moving,34.46503,-2.613907,-14.80245,10.35579
05/11/2023 13:09:15.837060,248,True,True,True,True,Eyes,2.140453,0.1764841,-3.448839,0.559961,-0.0387556,0.8276121,0.0,0.0,0.0,0.0,0.0,0.0,0.0,-3.780206,0.2819361,1.576231,2.259667,0.1944252,-3.421996,0.09584084,0.2896363,-0.004203279,0.9523169,10.65977,34.09166,2.771136,0.5113255,0.04326265,-0.8582972,0.3096483,-0.01661909,0.1083957,3.25513,0.1510089,-2.334028,-0.5023769,0.347399,1.915001,0.8321863,0.04751226,-0.5524568,0.06352368,0.9815938,0.1801069,0.5508455,-0.1849765,0.8138507,moving,34.08222,-2.681101,-14.6996,10.28217
05/11/2023 13:09:15.857486,249,True,True,True,True,Eyes,2.145944,0.1772812,-3.446873,0.5540423,-0.03938452,0.8315563,0.0,0.0,0.0,0.0,0.0,0.0,0.0,-3.75735,0.2862027,1.632139,2.270287,0.1968275,-3.416215,0.09692332,0.2811508,-0.004667269,0.9547453,10.8185,33.06895,2.660221,0.5128831,0.04328081,-0.8573664,0.2910694,-0.01562194,0.101892,3.263424,0.1396724,-2.326669,-0.4983288,0.3445998,1.915,0.8418648,0.04558804,-0.5377596,0.06341225,0.9811682,0.1824498,0.5359501,-0.1876986,0.8231201,moving,33.67439,-2.71164,-14.58623,10.20107
05/11/2023 13:09:15.877108,250,True,True,True,True,Eyes,2.151543,0.1780741,-3.444782,0.547784,-0.04046766,0.8356405,0.0,0.0,0.0,0.0,0.0,0.0,0.0,-3.734228,0.2744777,1.690038,2.28002,0.1976823,-3.411518,0.09125575,0.2729566,-0.002222291,0.9576859,10.13697,32.05222,2.652808,0.5144034,0.0433154,-0.8564534,0.2736053,-0.01468462,0.09577845,3.270474,0.1355763,-2.317356,-0.4944509,0.3419186,1.915001,0.8509794,0.04556121,-0.523219,0.05407423,0.9833349,0.1735755,0.5224078,-0.1760018,0.8343341,moving,33.24588,-2.772503,-14.47751,10.12334
05/11/2023 13:09:15.897139,251,True,True,True,True,Eyes,2.1573,0.1789107,-3.442517,0.5410873,-0.04121403,0.8399559,0.0,0.0,0.0,0.0,0.0,0.0,0.0,-3.705835,0.2924254,1.750845,2.288993,0.198484,-3.406656,0.09439418,0.2636732,-0.002598152,0.9599789,10.52141,30.95733,2.611071,0.5158935,0.04336469,-0.8555541,0.2571889,-0.01380355,0.09003174,3.276301,0.1349546,-2.307305,-0.4905485,0.3392198,1.915001,0.8609394,0.04479008,-0.5067318,0.05476677,0.982166,0.1798627,0.5057508,-0.182603,0.8431324,moving,32.78904,-2.809073,-14.36799,10.04507
05/11/2023 13:09:15.907646,252,True,True,True,True,Eyes,2.163172,0.1797198,-3.440128,0.5341017,-0.04181448,0.8443855,0.0,0.0,0.0,0.0,0.0,0.0,0.0,-3.675512,0.2922856,1.814025,2.29876,0.2003163,-3.400159,0.0908876,0.2542352,6.749656e-05,0.9628625,10.07809,29.81968,2.697903,0.5173606,0.04342835,-0.8546644,0.2417576,-0.01297533,0.08462984,3.279927,0.1245093,-2.295951,-0.4865307,0.3364417,1.915,0.8707289,0.04634362,-0.4895747,0.04608367,0.9834789,0.1750588,0.4895993,-0.1749902,0.8542079,moving,32.3147,-2.835006,-14.25513,9.964464
05/11/2023 13:09:15.927349,253,True,True,True,True,Eyes,2.169151,0.180511,-3.43761,0.5267299,-0.04269525,0.8489598,0.0,0.0,0.0,0.0,0.0,0.0,0.0,-3.643499,0.2872583,1.879282,2.307602,0.20042,-3.394718,0.08709998,0.2446405,0.001946149,0.9656919,9.629203,28.65868,2.696065,0.5188103,0.04350429,-0.8537813,0.2272521,-0.01219681,0.07955205,3.284246,0.1341691,-2.283649,-0.4825681,0.3337016,1.915001,0.8802944,0.04637512,-0.4721557,0.03885761,0.9848197,0.1691757,0.4728337,-0.1672712,0.8651292,moving,31.81718,-2.879051,-14.1437,9.884914
05/11/2023 13:09:15.937361,254,True,True,True,True,Eyes,2.175246,0.1812925,-3.434931,0.5192969,-0.0436868,0.8534765,0.0,0.0,0.0,0.0,0.0,0.0,0.0,-3.612406,0.2921331,1.938226,2.316404,0.2008072,-3.389025,0.09045756,0.2354008,-0.0008234463,0.9676794,10.10517,27.5558,2.386477,0.520248,0.04359091,-0.8529018,0.213617,-0.011465,0.07477892,3.288082,0.141429,-2.271613,-0.4791792,0.3313582,1.915001,0.8891716,0.04099388,-0.4557339,0.04418121,0.9836335,0.1746801,0.4554359,-0.1754555,0.8728079,moving,31.31838,-2.930234,-14.04832,9.816852
05/11/2023 13:09:15.957727,255,True,True,True,True,Eyes,2.181392,0.1820531,-3.432119,0.5116016,-0.04473913,0.8580572,0.0,0.0,0.0,0.0,0.0,0.0,0.0,-3.585195,0.2729553,1.989286,2.324985,0.2012868,-3.382205,0.08882984,0.227468,-0.002921415,0.9697213,9.997743,26.57934,2.021915,0.521678,0.04368693,-0.8520229,0.2008,-0.0107771,0.07029219,3.293098,0.1430307,-2.261293,-0.4752142,0.3286161,1.915,0.8964996,0.03474598,-0.4416802,0.04607781,0.9842014,0.1709513,0.4406421,-0.1736094,0.880735,moving,30.80477,-2.984701,-13.93663,9.737181
05/11/2023 13:09:15.977271,256,True,True,True,True,Eyes,2.187575,0.1827721,-3.429146,0.503579,-0.04585588,0.8627313,0.0,0.0,0.0,0.0,0.0,0.0,0.0,-3.558236,0.2748506,2.035414,2.332508,0.2015448,-3.376134,0.08989038,0.2199586,-0.004023135,0.9713506,10.16014,25.68267,1.847195,0.5231033,0.04379097,-0.8511433,0.188752,-0.01013048,0.06607465,3.297997,0.1586669,-2.250403,-0.4713937,0.3259742,1.915001,0.9032041,0.03172856,-0.428037,0.04736006,0.9838071,0.1728603,0.4265905,-0.1764,0.8870759,moving,30.27224,-3.042521,-13.8289,9.660378
05/11/2023 13:09:15.997155,257,True,True,True,True,Eyes,2.187575,0.1827721,-3.429146,0.503579,-0.04585588,0.8627313,0.0,0.0,0.0,0.0,0.0,0.0,0.0,-3.525576,0.2868893,2.086828,2.33981,0.2012804,-3.369216,0.09114969,0.2114306,-0.003796179,0.9731262,10.31184,24.67997,1.814679,0.5245271,0.04390137,-0.8502609,0.1774269,-0.009522649,0.06211017,3.300573,0.1640214,-2.238188,-0.4675956,0.3233479,1.915001,0.9105654,0.03115534,-0.4121893,0.04593199,0.9833546,0.175795,0.4108053,-0.1790055,0.8939776,moving,30.27224,-3.042521,-13.72171,9.583994
05/11/2023 13:09:16.007766,258,True,True,True,True,Eyes,2.187575,0.1827721,-3.429146,0.503579,-0.04585588,0.8627313,0.0,0.0,0.0,0.0,0.0,0.0,0.0,-3.489829,0.2988546,2.141927,2.346799,0.2006005,-3.362791,0.0924666,0.2023716,-0.003781351,0.9749264,10.47618,23.61399,1.751322,0.5258073,0.04400062,-0.8494645,0.1667812,-0.00895129,0.05838357,3.303072,0.163479,-2.225935,-0.4636297,0.3206055,1.915,0.9180629,0.03005214,-0.395294,0.04479829,0.9828713,0.1787657,0.3938954,-0.1818267,0.9009914,moving,30.27224,-3.042521,-13.60968,9.504202
05/11/2023 13:09:16.027504,259,True,True,True,True,Eyes,2.187575,0.1827721,-3.429146,0.503579,-0.04585588,0.8627313,0.0,0.0,0.0,0.0,0.0,0.0,0.0,-3.456132,0.3295389,2.189057,2.35389,0.2000525,-3.356277,0.09797388,0.1939134,-0.004537313,0.9761037,11.12937,22.63807,1.701798,0.5269584,0.04408986,-0.8487462,0.1567744,-0.008414213,0.05488055,3.305177,0.1536745,-2.2139,-0.4598503,0.317992,1.915,0.924754,0.02913912,-0.3794482,0.04685467,0.9807611,0.1895056,0.3776701,-0.193025,0.9055974,moving,30.27224,-3.042521,-13.50281,9.42812
05/11/2023 13:09:16.037164,260,True,True,True,True,Eyes,2.187575,0.1827721,-3.429146,0.503579,-0.04585588,0.8627313,0.0,0.0,0.0,0.0,0.0,0.0,0.0,-3.42703,0.3505519,2.228084,2.360909,0.2000429,-3.349309,0.1004056,0.1867023,-0.00378799,0.9772649,11.40017,21.80715,1.758899,0.5279939,0.04417013,-0.8480983,0.1473679,-0.007909359,0.05158772,3.306454,0.1494111,-2.200716,-0.4560332,0.3153521,1.915001,0.9302558,0.03008819,-0.3656759,0.04489567,0.9798087,0.1948313,0.3641546,-0.1976602,0.9101219,moving,30.27224,-3.042521,-13.39478,9.35124
05/11/2023 13:09:16.056965,261,True,True,True,True,Eyes,2.187575,0.1827721,-3.429146,0.503579,-0.04585588,0.8627313,0.0,0.0,0.0,0.0,0.0,0.0,0.0,-3.401472,0.3627382,2.261277,2.367349,0.1998588,-3.342256,0.1016624,0.1804484,-0.003341047,0.9783109,11.54401,21.07966,1.763556,0.5289246,0.04424228,-0.8475144,0.1385258,-0.007434798,0.04849246,3.307484,0.1425607,-2.188542,-0.4521227,0.3126485,1.915,0.9348544,0.03015247,-0.3537486,0.04322679,0.9793072,0.197709,0.35239,-0.2001206,0.9142063,moving,30.27224,-3.042521,-13.28401,9.272466
05/11/2023 13:09:16.077314,262,True,True,True,True,Eyes,2.187575,0.1827721,-3.429146,0.503579,-0.04585588,0.8627313,0.0,0.0,0.0,0.0,0.0,0.0,0.0,-3.377351,0.3756808,2.290221,2.37348,0.1995227,-3.334595,0.1033836,0.1746566,-0.003179533,0.9791818,11.74599,20.40692,1.74927,0.5297613,0.04430713,-0.8469883,0.1302143,-0.00698871,0.04558291,3.308566,0.1263209,-2.176888,-0.4480395,0.3098247,1.915,0.93897,0.02988656,-0.3426985,0.04233992,0.9786034,0.201352,0.3413836,-0.2035733,0.9176138,moving,30.27224,-3.042521,-13.16824,9.190156
05/11/2023 13:09:16.097126,263,True,True,True,True,Eyes,2.195852,0.1833822,-3.424505,0.4922904,-0.0488901,0.8690569,0.0,0.0,0.0,0.0,0.0,0.0,0.0,-3.353385,0.3836511,2.318561,2.379289,0.199245,-3.32677,0.1036022,0.1690459,-0.002362932,0.9801452,11.76448,19.75441,1.779159,0.5305147,0.04436552,-0.8465135,0.1224014,-0.006569388,0.04284794,3.30873,0.119024,-2.164201,-0.4444917,0.3073713,1.915001,0.9428358,0.03039501,-0.3318686,0.03965908,0.9785221,0.2022915,0.3308894,-0.2038893,0.9213802,moving,29.53004,-3.219867,-13.06756,9.118608
05/11/2023 13:09:16.107989,264,True,True,True,True,Eyes,2.204005,0.1839504,-3.419708,0.4810194,-0.0517992,0.8751785,0.0,0.0,0.0,0.0,0.0,0.0,0.0,-3.330331,0.3935117,2.344264,2.384751,0.1984534,-3.318902,0.1039692,0.1637504,-0.001412637,0.9810069,11.7974,19.14217,1.831103,0.5313886,0.04443245,-0.8459617,0.1150573,-0.006175225,0.04027706,3.30724,0.1072782,-2.15057,-0.4404612,0.3045844,1.915,0.9463676,0.03127838,-0.3215742,0.0368216,0.9783768,0.2035264,0.3209867,-0.2044517,0.9247525,moving,28.79427,-3.387214,-12.95308,9.037303
05/11/2023 13:09:16.127286,265,True,True,True,True,Eyes,2.212437,0.1845112,-3.414869,0.4696839,-0.05409171,0.881176,0.0,0.0,0.0,0.0,0.0,0.0,0.0,-3.308779,0.399658,2.366981,2.389992,0.1980075,-3.310449,0.1038886,0.1588704,-0.0005301344,0.9818184,11.78079,18.57609,1.871413,0.5323713,0.04450629,-0.8453398,0.1081539,-0.005804711,0.03786044,3.304462,0.1002625,-2.134959,-0.4366277,0.301933,1.915,0.9495199,0.03196863,-0.3120738,0.03405061,0.9784138,0.2038309,0.3118535,-0.2041678,0.9279348,moving,28.05848,-3.512741,-12.8441,8.959917
05/11/2023 13:09:16.147060,266,True,True,True,True,Eyes,2.22044,0.1849919,-3.409767,0.4586168,-0.05606779,0.8868636,0.0,0.0,0.0,0.0,0.0,0.0,0.0,-3.286886,0.4070372,2.388563,2.394782,0.1977496,-3.301582,0.1029479,0.1541191,0.001499483,0.9826733,11.6461,18.03389,2.029177,0.5334561,0.04458596,-0.8446514,0.1016647,-0.005456429,0.03558881,3.301801,0.103519,-2.118831,-0.4326929,0.2992123,1.915,0.9524901,0.03467947,-0.3025888,0.02878546,0.978799,0.2027904,0.3032062,-0.201866,0.9312981,moving,27.34448,-3.617443,-12.73214,8.880469
05/11/2023 13:09:16.156947,267,True,True,True,True,Eyes,2.228281,0.1854077,-3.404503,0.4475275,-0.05805437,0.8923838,0.0,0.0,0.0,0.0,0.0,0.0,0.0,-3.263091,0.4087794,2.412701,2.399324,0.1967227,-3.292497,0.1009086,0.1490569,0.003515207,0.9836602,11.38914,17.44899,2.16291,0.5346286,0.04466944,-0.8439054,0.09556478,-0.005129043,0.03345348,3.301399,0.1068726,-2.104891,-0.4290274,0.2966775,1.915,0.9555393,0.03699777,-0.2925332,0.0231667,0.9796102,0.1995675,0.293952,-0.1974716,0.935199,moving,26.63361,-3.722153,-12.62776,8.806423
05/11/2023 13:09:16.183275,268,True,True,True,True,Eyes,2.235848,0.1857498,-3.399022,0.4366016,-0.05985193,0.8976618,0.0,0.0,0.0,0.0,0.0,0.0,0.0,-3.237112,0.417664,2.437687,2.403371,0.1956075,-3.283473,0.1019635,0.1435905,0.003604834,0.9843639,11.5196,16.8132,2.127697,0.5358777,0.0447549,-0.8431082,0.0,0.0,0.0,3.303061,0.1125377,-2.092551,-0.4248978,0.2938218,1.915001,0.9587375,0.03637891,-0.2819555,0.02218504,0.9791809,0.2017735,0.2834257,-0.1997031,0.9379705,moving,25.9372,-3.814571,-12.51005,8.722965
05/11/2023 13:09:16.199208,269,True,True,True,True,Eyes,2.243248,0.1860094,-3.393364,0.4257423,-0.06149606,0.9027523,0.0,0.0,0.0,0.0,0.0,0.0,0.0,-3.214464,0.4177932,2.458499,2.407449,0.1944334,-3.273825,0.1017017,0.1388213,0.003575658,0.9850751,11.5004,16.25092,2.063331,0.5371943,0.04484076,-0.8422654,0.0,0.0,0.0,3.303904,0.1177635,-2.079631,-0.4212977,0.2913322,1.915,0.9614317,0.0352813,-0.2727715,0.02119214,0.979288,0.2013603,0.2742261,-0.1993748,0.9407709,moving,25.24879,-3.897005,-12.40735,8.650174
05/11/2023 13:09:16.206890,270,True,True,True,True,Eyes,2.250319,0.1861663,-3.387486,0.415137,-0.06305294,0.9075713,0.0,0.0,0.0,0.0,0.0,0.0,0.0,-3.194213,0.4166874,2.475219,2.410899,0.1926976,-3.264011,0.1006676,0.1346993,0.004093989,0.9857513,11.38283,15.76718,2.057194,0.5385699,0.04492516,-0.8413821,0.0,0.0,0.0,3.301568,0.1143954,-2.064837,-0.4174277,0.2886561,1.915,0.9636787,0.03519102,-0.2647357,0.01904841,0.9796985,0.1995694,0.2663842,-0.1973636,0.9434442,moving,24.58008,-3.974202,-12.29686,8.571902
05/11/2023 13:09:16.227065,271,True,True,True,True,Eyes,2.257205,0.1862222,-3.381421,0.4045928,-0.06447212,0.9122216,0.0,0.0,0.0,0.0,0.0,0.0,0.0,-3.174839,0.4255942,2.48806,2.413881,0.190663,-3.253922,0.1008939,0.1309092,0.005089289,0.9862339,11.40118,15.33485,2.131217,0.5399958,0.04500613,-0.8404633,0.0,0.0,0.0,3.298206,0.108074,-2.04896,-0.4134486,0.2859041,1.915001,0.9656737,0.03645435,-0.2571873,0.01637743,0.979589,0.2003425,0.2592412,-0.1976776,0.9453663,moving,23.91847,-4.042711,-12.18316,8.491378
05/11/2023 13:09:16.237236,272,True,True,True,True,Eyes,2.2638,0.1861764,-3.375161,0.394224,-0.06576302,0.9166584,0.0,0.0,0.0,0.0,0.0,0.0,0.0,-3.152964,0.4344836,2.502834,2.416382,0.1882636,-3.243423,0.09994505,0.1268091,0.007227034,0.9868527,11.2698,14.87302,2.314849,0.5414655,0.0450818,-0.8395132,0.0,0.0,0.0,3.295442,0.1007746,-2.033985,-0.4096597,0.2832844,1.915001,0.9677345,0.03961191,-0.2488391,0.01108385,0.9799175,0.199095,0.2517284,-0.1954291,0.9478609,moving,23.27092,-4.103491,-12.0748,8.414689
05/11/2023 13:09:16.257349,273,True,True,True,True,Eyes,2.270219,0.1860386,-3.368713,0.3838998,-0.06698568,0.9209418,0.0,0.0,0.0,0.0,0.0,0.0,0.0,-3.128855,0.4465614,2.519676,2.418653,0.1859757,-3.233179,0.09972065,0.1223155,0.009176243,0.9874263,11.22654,14.36708,2.484316,0.5429711,0.04515051,-0.8385364,0.0,0.0,0.0,3.293711,0.09328991,-2.019979,-0.4057961,0.2806128,1.915,0.9699094,0.04251649,-0.239725,0.006273043,0.9799432,0.1991784,0.2433852,-0.1946888,0.9501894,moving,22.62909,-4.160143,-11.96422,8.336455
05/11/2023 13:09:16.277251,274,True,True,True,True,Eyes,2.276347,0.1857851,-3.362046,0.3736567,-0.06836496,0.9250442,0.0,0.0,0.0,0.0,0.0,0.0,0.0,-3.105884,0.4545597,2.53465,2.420913,0.1836207,-3.222275,0.09947589,0.1180418,0.01046182,0.9879582,11.19135,13.87967,2.579882,0.5445088,0.045211,-0.8375354,0.0,0.0,0.0,3.29164,0.09062699,-2.005361,-0.401761,0.2778222,1.915,0.9719134,0.0441563,-0.2311593,0.002812947,0.9799902,0.1990259,0.2353221,-0.1940862,0.9523413,moving,21.99545,-4.226733,-11.84863,8.254702
05/11/2023 13:09:16.297080,275,True,True,True,True,Eyes,2.28227,0.1854202,-3.355203,0.3635287,-0.0697223,0.9289702,0.0,0.0,0.0,0.0,0.0,0.0,0.0,-3.085603,0.4506435,2.547065,2.422583,0.1807879,-3.210915,0.09764821,0.1143584,0.01124771,0.9885649,10.98142,13.44762,2.602315,0.546073,0.04526161,-0.8365138,0.0,0.0,0.0,3.287425,0.08375469,-1.989511,-0.3980885,0.2752828,1.915,0.9735913,0.04457197,-0.2239048,9.56033e-05,0.9806767,0.1956357,0.228298,-0.1904906,0.954774,moving,21.37162,-4.292192,-11.74334,8.180275
05/11/2023 13:09:16.307330,276,True,True,True,True,Eyes,2.287923,0.1849617,-3.348151,0.3535167,-0.07139639,0.9326996,0.0,0.0,0.0,0.0,0.0,0.0,0.0,-3.067003,0.4545586,2.555664,2.423617,0.1777547,-3.199849,0.09804431,0.1110797,0.01110984,0.988901,11.03707,13.06483,2.555041,0.547659,0.04530083,-0.8354742,0.0,0.0,0.0,3.280553,0.07173188,-1.972384,-0.3941463,0.2725568,1.915001,0.9750758,0.04375454,-0.2175152,-0.0001916023,0.9805278,0.1963804,0.2218722,-0.1914441,0.9560972,moving,20.75797,-4.377347,-11.63023,8.100348
05/11/2023 13:09:16.327249,277,True,True,True,True,Eyes,2.293344,0.1844218,-3.340909,0.343621,-0.07300611,0.9362663,0.0,0.0,0.0,0.0,0.0,0.0,0.0,-3.049175,0.4641312,2.560691,2.424009,0.1752027,-3.188026,0.09910195,0.1081408,0.01144987,0.9891174,11.16123,12.73048,2.575414,0.5492626,0.04532784,-0.8344194,0.0,0.0,0.0,3.273906,0.06162447,-1.95545,-0.3901258,0.2697767,1.915,0.9763489,0.04408444,-0.2116584,-0.001216598,0.9800954,0.1985233,0.2161973,-0.1935706,0.9569687,moving,20.15374,-4.458662,-11.51478,8.018806
05/11/2023 13:09:16.337391,278,True,True,True,True,Eyes,2.298501,0.1838117,-3.333468,0.3338085,-0.07482114,0.9396669,0.0,0.0,0.0,0.0,0.0,0.0,0.0,-3.02933,0.4727983,2.567756,2.423923,0.1727113,-3.176243,0.09909919,0.1049513,0.01273936,0.9894455,11.15317,12.37204,2.687968,0.5508808,0.04534216,-0.8333511,0.0,0.0,0.0,3.268491,0.05446777,-1.939421,-0.3862802,0.2671172,1.915,0.9776459,0.04601098,-0.2051622,-0.004408632,0.9800341,0.1987805,0.2102121,-0.1934325,0.9583291,moving,19.55714,-4.552581,-11.40427,7.940768
05/11/2023 13:09:16.358007,279,True,True,True,True,Eyes,2.303424,0.1831719,-3.325826,0.3240888,-0.07669082,0.9429131,0.0,0.0,0.0,0.0,0.0,0.0,0.0,-3.008004,0.4914117,2.573622,2.423313,0.1705293,-3.164108,0.1008728,0.101628,0.01404317,0.9895956,11.34944,12.00766,2.823555,0.5525096,0.04534364,-0.8322721,0.0,0.0,0.0,3.263746,0.04980045,-1.923728,-0.3822536,0.2643327,1.915,0.9789491,0.04829712,-0.198308,-0.007291116,0.979255,0.2025009,0.2039744,-0.1967922,0.9589929,moving,18.96837,-4.649856,-11.28846,7.859032
05/11/2023 13:09:16.377481,280,True,True,True,True,Eyes,2.308053,0.1825089,-3.317974,0.3145246,-0.07865536,0.945985,0.0,0.0,0.0,0.0,0.0,0.0,0.0,-2.985218,0.5130898,2.579958,2.422695,0.1692108,-3.151648,0.1023777,0.09812094,0.01636947,0.9897592,11.50457,11.63259,3.070847,0.5541464,0.04533311,-0.8311838,0.0,0.0,0.0,3.258142,0.05586958,-1.906785,-0.3785838,0.2617949,1.915,0.9802086,0.05249445,-0.1908805,-0.01231287,0.9785017,0.2058709,0.1975839,-0.1994461,0.9597822,moving,18.39112,-4.753012,-11.18283,7.784507
05/11/2023 13:09:16.387210,281,True,True,True,True,Eyes,2.312449,0.1818568,-3.309917,0.3050695,-0.08061295,0.948912,0.0,0.0,0.0,0.0,0.0,0.0,0.0,-2.961783,0.5322819,2.586652,2.421731,0.1681621,-3.138979,0.1031056,0.09459418,0.01914716,0.9899771,11.56748,11.25671,3.359872,0.5557883,0.04531154,-0.830088,0.0,0.0,0.0,3.252671,0.04529218,-1.892255,-0.3745092,0.2589776,1.915,0.9813706,0.05741687,-0.1833438,-0.01840413,0.9780052,0.2077667,0.1912405,-0.2005218,0.9608424,moving,17.82229,-4.855791,-11.06546,7.701746
05/11/2023 13:09:16.407129,282,True,True,True,True,Eyes,2.316532,0.1811897,-3.301636,0.295792,-0.08234447,0.9516966,0.0,0.0,0.0,0.0,0.0,0.0,0.0,-2.940501,0.5455667,2.591366,2.420603,0.1678612,-3.125999,0.103929,0.09142037,0.020929,0.9901532,11.65304,10.91148,3.538568,0.5574325,0.04528061,-0.8289865,0.0,0.0,0.0,3.245901,0.03949371,-1.87583,-0.3707804,0.2563991,1.915001,0.9824086,0.06044828,-0.1766901,-0.02244337,0.9775214,0.209638,0.1853906,-0.2019846,0.9616821,moving,17.26551,-4.945137,-10.95796,7.625969
05/11/2023 13:09:16.426820,283,True,True,True,True,Eyes,2.320368,0.1805131,-3.293172,0.2866014,-0.08388846,0.9543701,0.0,0.0,0.0,0.0,0.0,0.0,0.0,-2.921344,0.5432739,2.595747,2.418868,0.1670109,-3.112633,0.1017787,0.08870825,0.02295811,0.990578,11.39468,10.60551,3.716427,0.559077,0.04524122,-0.8278804,0.0,0.0,0.0,3.238361,0.04684806,-1.858601,-0.367059,0.2538255,1.915,0.9832075,0.06354081,-0.1710716,-0.02742637,0.978228,0.2057126,0.1804182,-0.1975663,0.963544,moving,16.71524,-5.023348,-10.8506,7.550315
05/11/2023 13:09:16.437798,284,True,True,True,True,Eyes,2.323799,0.1798295,-3.284495,0.2775137,-0.08533349,0.9569244,0.0,0.0,0.0,0.0,0.0,0.0,0.0,-2.897611,0.5542569,2.602701,2.416843,0.1660545,-3.09979,0.1001068,0.0853756,0.02689429,0.9909422,11.17509,10.25116,4.114809,0.5607196,0.04519428,-0.8267713,0.0,0.0,0.0,3.227609,0.04154311,-1.840994,-0.3632035,0.2511592,1.915,0.9839754,0.07039474,-0.1638199,-0.03620801,0.9785106,0.2029924,0.1745892,-0.1938079,0.9653792,moving,16.17247,-5.095857,-10.7393,7.471902
05/11/2023 13:09:16.457049,285,True,True,True,True,Eyes,2.327013,0.1792326,-3.275636,0.2684085,-0.08693417,0.9593744,0.0,0.0,0.0,0.0,0.0,0.0,0.0,-2.866261,0.5734411,2.615609,2.414797,0.1657164,-3.086582,0.09892942,0.08076759,0.03192738,0.9912973,11.00995,9.762676,4.632608,0.5623565,0.04514075,-0.8256617,0.0,0.0,0.0,3.217366,0.04488547,-1.822557,-0.3593202,0.2484741,1.915,0.9849145,0.07927962,-0.1538123,-0.04731846,0.9783872,0.2012943,0.1664465,-0.1909795,0.9673791,moving,15.63027,-5.177743,-10.6271,7.392907
05/11/2023 13:09:16.477067,286,True,True,True,True,Eyes,2.330018,0.1788155,-3.266579,0.2593984,-0.08843284,0.9617131,0.0,0.0,0.0,0.0,0.0,0.0,0.0,-2.833721,0.6055735,2.626462,2.412887,0.1673141,-3.073269,0.1012926,0.07595891,0.03598946,0.9912996,11.26547,9.264296,5.074152,0.5639868,0.04508372,-0.8245519,0.0,0.0,0.0,3.205884,0.04865598,-1.804888,-0.355317,0.2457057,1.915,0.98587,0.08674083,-0.1433051,-0.05596452,0.9768891,0.2062901,0.157887,-0.1953552,0.9679401,moving,15.09491,-5.25377,-10.51136,7.311439
05/11/2023 13:09:16.486883,287,True,True,True,True,Eyes,2.332838,0.1784765,-3.257375,0.250444,-0.0896965,0.963967,0.0,0.0,0.0,0.0,0.0,0.0,0.0,-2.803335,0.6179128,2.638894,2.411933,0.1713479,-3.059,0.100917,0.07123079,0.03980079,0.9915432,11.21301,8.754164,5.458282,0.5656106,0.04502826,-0.8234419,0.0,0.0,0.0,3.195072,0.03497207,-1.788941,-0.3515903,0.2431288,1.915,0.9866841,0.09330518,-0.1332237,-0.06455159,0.9764633,0.2057972,0.1492899,-0.194457,0.9694839,moving,14.56378,-5.316028,-10.40353,7.235575
05/11/2023 13:09:16.507340,288,True,True,True,True,Eyes,2.335445,0.1783134,-3.248019,0.2417038,-0.09172072,0.9660054,0.0,0.0,0.0,0.0,0.0,0.0,0.0,-2.781749,0.6029606,2.649097,2.410394,0.1728375,-3.046233,0.09859321,0.06770927,0.04007602,0.9920126,10.96354,8.330543,5.427697,0.5672267,0.04497639,-0.8223323,0.0,0.0,0.0,3.184738,0.04739427,-1.77063,-0.3477958,0.2405048,1.915,0.9876187,0.09286317,-0.1264344,-0.06616049,0.9773465,0.2010384,0.1422393,-0.1901843,0.9713897,moving,14.04755,-5.423886,-10.29366,7.158297
05/11/2023 13:09:16.527079,289,True,True,True,True,Eyes,2.337887,0.1782645,-3.238493,0.2329608,-0.09327695,0.9680024,0.0,0.0,0.0,0.0,0.0,0.0,0.0,-2.754699,0.6441028,2.651508,2.408227,0.1771797,-3.033607,0.1071827,0.06367886,0.03968228,0.9914043,11.97407,7.918656,5.416016,0.5688348,0.04493239,-0.8212231,0.0,0.0,0.0,3.175086,0.06377923,-1.754245,-0.3439133,0.2378198,1.915,0.9887406,0.09233291,-0.1177565,-0.06503181,0.9738743,0.2175767,0.1347695,-0.207469,0.9689137,moving,13.53156,-5.504042,-10.18117,7.079198
05/11/2023 13:09:16.537137,290,True,True,True,True,Eyes,2.340196,0.1782496,-3.228929,0.2244737,-0.09497565,0.9698408,0.0,0.0,0.0,0.0,0.0,0.0,0.0,-2.73032,0.617705,2.666242,2.406787,0.1797929,-3.019951,0.1021217,0.059607,0.04098499,0.9921384,11.40552,7.423313,5.473394,0.570435,0.04489857,-0.8201143,0.0,0.0,0.0,3.158137,0.02899824,-1.738516,-0.340097,0.2351808,1.915,0.9895345,0.0934999,-0.1099058,-0.06915122,0.9757828,0.2075238,0.1266477,-0.1977518,0.9720364,moving,13.03187,-5.593091,-10.07052,7.001426
05/11/2023 13:09:16.560515,291,True,True,True,True,Eyes,2.342366,0.1782926,-3.219257,0.2160487,-0.09695272,0.971557,0.0,0.0,0.0,0.0,0.0,0.0,0.0,-2.706629,0.6213595,2.676408,2.405509,0.180563,-3.009321,0.1039071,0.05565593,0.04008024,0.9922194,11.63848,6.965306,5.337097,0.5720265,0.0448749,-0.8190063,0.0,0.0,0.0,3.141912,0.05617316,-1.716719,-0.3362654,0.2325315,1.915,0.990592,0.09110288,-0.1021166,-0.06797069,0.9751937,0.2106586,0.118775,-0.2017358,0.9722114,moving,12.53707,-5.698741,-9.959351,6.923325
05/11/2023 13:09:16.577004,292,True,True,True,True,Eyes,2.344425,0.1783746,-3.209486,0.2079085,-0.09843026,0.9731832,0.0,0.0,0.0,0.0,0.0,0.0,0.0,-2.684342,0.6413445,2.679398,2.40441,0.1820628,-2.996974,0.1081282,0.05214712,0.03989521,0.9919665,12.14335,6.583398,5.307229,0.5736094,0.04486199,-0.8178992,0.0,0.0,0.0,3.121811,0.04846318,-1.699661,-0.3321004,0.2296511,1.914999,0.9913781,0.09042655,-0.09482878,-0.06787225,0.9734333,0.2186799,0.112084,-0.2103582,0.9711779,moving,12.05925,-5.775403,-9.83842,6.838383
05/11/2023 13:09:16.597433,293,True,True,True,True,Eyes,2.346347,0.1784192,-3.199705,0.1997557,-0.09997386,0.9747322,0.0,0.0,0.0,0.0,0.0,0.0,0.0,-2.665227,0.6132114,2.690465,2.403303,0.1829513,-2.98475,0.1016677,0.04900783,0.04209882,0.9927184,11.40415,6.199707,5.476284,0.5751845,0.04485994,-0.8167923,0.0,0.0,0.0,3.100662,0.03515053,-1.680656,-0.3283737,0.2270742,1.915,0.9916518,0.09354958,-0.08874176,-0.07361952,0.9757828,0.2059811,0.1058621,-0.1977284,0.9745238,moving,11.58149,-5.856091,-9.730137,6.762364
05/11/2023 13:09:16.606881,294,True,True,True,True,Eyes,2.348185,0.1785217,-3.189846,0.1917227,-0.1015703,0.9761792,0.0,0.0,0.0,0.0,0.0,0.0,0.0,-2.63679,0.6365563,2.70062,2.402013,0.1821797,-2.974619,0.1028969,0.0446992,0.04539841,0.9926497,11.54997,5.745574,5.818708,0.5767505,0.04486682,-0.8156869,0.0,0.0,0.0,3.082292,0.07091436,-1.660163,-0.3245082,0.224401,1.915,0.9918819,0.09932824,-0.07939857,-0.08093061,0.9747024,0.2083397,0.098084,-0.2002226,0.9748284,moving,11.11153,-5.940184,-9.617748,6.68348
05/11/2023 13:09:16.627623,295,True,True,True,True,Eyes,2.349913,0.1787042,-3.179918,0.1835077,-0.1027918,0.9776292,0.0,0.0,0.0,0.0,0.0,0.0,0.0,-2.60219,0.6525728,2.716489,2.40106,0.183624,-2.962726,0.1035231,0.03915199,0.04839727,0.9926771,11.63875,5.140202,6.106637,0.5783081,0.04488335,-0.8145823,0.0,0.0,0.0,3.061946,0.04247952,-1.646533,-0.3204404,0.221588,1.915,0.9922497,0.104192,-0.06771009,-0.08797945,0.9738814,0.2093197,0.08775102,-0.2017403,0.9755002,moving,10.6311,-6.002254,-9.499393,6.600438
05/11/2023 13:09:16.646867,296,True,True,True,True,Eyes,2.351558,0.1788755,-3.169925,0.1754292,-0.1036868,0.9790167,0.0,0.0,0.0,0.0,0.0,0.0,0.0,-2.567062,0.6332149,2.741131,2.400282,0.1856726,-2.951057,0.09921025,0.03303775,0.05005548,0.9932575,11.17318,4.417404,6.202291,0.5798578,0.04491074,-0.8134786,0.0,0.0,0.0,3.043848,0.03786521,-1.629632,-0.3167648,0.2190462,1.915,0.9928059,0.1059913,-0.05569794,-0.09288058,0.9753035,0.2003901,0.07556201,-0.1937752,0.9781317,moving,10.15897,-6.045608,-9.39239,6.525385
05/11/2023 13:09:16.657831,297,True,True,True,True,Eyes,2.353105,0.1790197,-3.159901,0.1672372,-0.1044862,0.9803644,0.0,0.0,0.0,0.0,0.0,0.0,0.0,-2.536312,0.6014651,2.763951,2.399902,0.1854419,-2.939412,0.09409086,0.02740047,0.04973575,0.993943,10.62128,3.723465,6.075484,0.5813999,0.04494777,-0.8123752,0.0,0.0,0.0,3.025791,0.05920468,-1.612441,-0.3129849,0.2164328,1.915,0.9935511,0.1040253,-0.04510965,-0.09371272,0.9773465,0.1897675,0.06382837,-0.1843163,0.9807923,moving,9.680716,-6.083561,-9.282271,6.448192
05/11/2023 13:09:16.677262,298,True,True,True,True,Eyes,2.354556,0.1791678,-3.149812,0.1591231,-0.1054424,0.9816118,0.0,0.0,0.0,0.0,0.0,0.0,0.0,-2.506137,0.5894154,2.781805,2.399168,0.184892,-2.928546,0.0931419,0.02206095,0.04851143,0.9942257,10.5485,3.084773,5.871692,0.582934,0.04499289,-0.8112725,0.0,0.0,0.0,3.003252,0.04476824,-1.597102,-0.30891,0.2136146,1.915,0.9943199,0.1005722,-0.03483023,-0.09235302,0.9779424,0.1873485,0.05290401,-0.1830677,0.9816758,moving,9.207773,-6.131067,-9.163485,6.364923
05/11/2023 13:09:16.697121,299,True,True,True,True,Eyes,2.355935,0.1792973,-3.139702,0.1508429,-0.1062118,0.9828354,0.0,0.0,0.0,0.0,0.0,0.0,0.0,-2.472509,0.5885938,2.799195,2.398592,0.1851617,-2.916798,0.0929146,0.01631095,0.04891611,0.9943382,10.55512,2.421008,5.856416,0.5844609,0.04504557,-0.8101702,0.0,0.0,0.0,2.980432,0.05854552,-1.578067,-0.3050684,0.2109586,1.915,0.9946823,0.1003093,-0.02334715,-0.09424724,0.9779482,0.1863728,0.04152723,-0.1831813,0.9822016,moving,8.725513,-6.167829,-9.051427,6.286422
05/11/2023 13:09:16.707429,300,True,True,True,True,Eyes,2.357261,0.1794118,-3.129587,0.1427561,-0.1075918,0.9838926,0.0,0.0,0.0,0.0,0.0,0.0,0.0,-2.436825,0.5845065,2.819891,2.398345,0.1848379,-2.906085,0.09060202,0.01023974,0.05094986,0.9945304,10.32139,1.724097,6.021131,0.5859804,0.04510468,-0.8090685,0.0,0.0,0.0,2.956015,0.07125802,-1.560537,-0.3012143,0.2082934,1.915,0.9945985,0.1031979,-0.01113514,-0.09948689,0.9783908,0.1812563,0.02959978,-0.1791695,0.9833729,moving,8.255615,-6.240682,-8.938931,6.207623
05/11/2023 13:09:16.727037,301,True,True,True,True,Eyes,2.358523,0.1795436,-3.119444,0.1345615,-0.1092091,0.9848688,0.0,0.0,0.0,0.0,0.0,0.0,0.0,-2.400609,0.6059785,2.835792,2.398473,0.1846773,-2.895699,0.09449383,0.004115259,0.05094502,0.9942126,10.80544,1.038965,5.964984,0.5874928,0.04516925,-0.8079674,0.0,0.0,0.0,2.93341,0.05475921,-1.546273,-0.2971674,0.2054946,1.915,0.9947753,0.1020781,0.001445093,-0.1005226,0.976951,0.1883132,0.01781086,-0.1874746,0.982108,moving,7.780085,-6.327504,-8.820734,6.124851
05/11/2023 13:09:16.746865,302,True,True,True,True,Eyes,2.359729,0.1796498,-3.109284,0.1266102,-0.1110459,0.9857174,0.0,0.0,0.0,0.0,0.0,0.0,0.0,-2.367602,0.6234093,2.848485,2.398301,0.1852765,-2.884764,0.09787813,-0.001432163,0.05090092,0.9938949,11.2276,0.4157535,5.904387,0.5889989,0.0452393,-0.8068663,0.0,0.0,0.0,2.915276,0.05820531,-1.531419,-0.293231,0.2027726,1.915,0.9948141,0.1009,0.01281101,-0.1014607,0.9756579,0.1944153,0.007117332,-0.1947069,0.9808357,moving,7.319266,-6.427548,-8.705693,6.044325
05/11/2023 13:09:16.757124,303,True,True,True,True,Eyes,2.360885,0.1797406,-3.099142,0.1185878,-0.1132241,0.9864671,0.0,0.0,0.0,0.0,0.0,0.0,0.0,-2.338585,0.6276841,2.86089,2.398572,0.1848642,-2.874079,0.09821241,-0.006413589,0.05156507,0.993808,11.29555,359.847,5.925277,0.5904985,0.04531368,-0.8057652,0.0,0.0,0.0,2.897169,0.05170021,-1.518696,-0.2898021,0.2004015,1.915,0.9945998,0.1012318,0.02287641,-0.1037513,0.9753907,0.1945471,-0.002619095,-0.19587,0.9806263,moving,6.854896,-6.54761,-8.605427,5.974161
05/11/2023 13:09:16.777240,304,True,True,True,True,Eyes,2.362042,0.1798384,-3.088972,0.1107484,-0.1155752,0.9871055,0.0,0.0,0.0,0.0,0.0,0.0,0.0,-2.308259,0.6526895,2.870074,2.398622,0.1846578,-2.864246,0.1032048,-0.01149224,0.05097145,0.9932868,11.89949,359.2792,5.800103,0.5919918,0.04539163,-0.8046644,0.0,0.0,0.0,2.875526,0.04378789,-1.504815,-0.2855887,0.1974879,1.915,0.9945397,0.09888644,0.03335118,-0.1036306,0.9735014,0.2038524,-0.01230919,-0.2061955,0.9784334,moving,6.401535,-6.678069,-8.482147,5.88792
05/11/2023 13:09:16.797231,305,True,True,True,True,Eyes,2.363154,0.1799325,-3.078808,0.1028238,-0.1178876,0.9876891,0.0,0.0,0.0,0.0,0.0,0.0,0.0,-2.280262,0.6563095,2.880984,2.398899,0.1848453,-2.853334,0.1046264,-0.01641027,0.05030655,0.9931028,12.09074,358.7068,5.662826,0.5934802,0.04547303,-0.8035627,0.0,0.0,0.0,2.850919,0.03561771,-1.49104,-0.2820365,0.1950318,1.915,0.9943999,0.09648526,0.04312097,-0.103353,0.9730451,0.2061584,-0.0220674,-0.2094606,0.9775681,moving,5.943391,-6.80645,-8.378154,5.815196
05/11/2023 13:09:16.813962,306,True,True,True,True,Eyes,2.364232,0.180012,-3.068633,0.09507535,-0.1204009,0.9881622,0.0,0.0,0.0,0.0,0.0,0.0,0.0,-2.252149,0.6551214,2.893469,2.399024,0.1848429,-2.843245,0.1051167,-0.02135085,0.04967577,0.992989,12.17397,358.1264,5.528027,0.5949634,0.04555747,-0.8024603,0.0,0.0,0.0,2.828935,0.01093768,-1.480072,-0.2781339,0.1923328,1.915,0.9941529,0.0941663,0.05284581,-0.1031436,0.9729656,0.2066382,-0.0319588,-0.2108807,0.9769892,moving,5.495758,-6.946863,-8.263834,5.735264
05/11/2023 13:09:16.827265,307,True,True,True,True,Eyes,2.365264,0.1800756,-3.058445,0.08720438,-0.1228095,0.9885915,0.0,0.0,0.0,0.0,0.0,0.0,0.0,-2.222734,0.6623653,2.904289,2.399163,0.1845942,-2.832685,0.107419,-0.02648269,0.04857192,0.9926736,12.46461,357.5264,5.332368,0.5964422,0.04564436,-0.8013568,0.0,0.0,0.0,2.811767,-0.000989683,-1.469252,-0.2741273,0.1895622,1.915,0.9938788,0.09074263,0.06301242,-0.1021216,0.9722039,0.2106913,-0.04214224,-0.2158365,0.9755197,moving,5.041054,-7.08139,-8.146399,5.653184
05/11/2023 13:09:16.837143,308,True,True,True,True,Eyes,2.366248,0.1801135,-3.048244,0.07944906,-0.1252029,0.9889449,0.0,0.0,0.0,0.0,0.0,0.0,0.0,-2.192718,0.6557513,2.91825,2.399181,0.1842489,-2.822089,0.1071743,-0.03179108,0.04759685,0.9925914,12.4617,356.8939,5.151494,0.5979168,0.04573311,-0.8002522,0.0,0.0,0.0,2.797454,-0.008395731,-1.458918,-0.2704219,0.1869999,1.915,0.9934477,0.08767405,0.07331341,-0.1013028,0.9724964,0.2097343,-0.05290877,-0.2157869,0.975006,moving,4.593118,-7.215404,-8.037734,5.577254
05/11/2023 13:09:16.857381,309,True,True,True,True,Eyes,2.36719,0.1801527,-3.038017,0.07150809,-0.1275434,0.9892519,0.0,0.0,0.0,0.0,0.0,0.0,0.0,-2.160309,0.6587225,2.931592,2.399401,0.1837289,-2.811441,0.1083493,-0.03743469,0.04686973,0.9923016,12.62326,356.2315,4.991557,0.5993868,0.04582291,-0.7991465,0.0,0.0,0.0,2.784769,-0.01791987,-1.448914,-0.2665316,0.1843096,1.915,0.9928037,0.08490575,0.0844496,-0.1011298,0.9721273,0.2115212,-0.06413639,-0.2185394,0.9737181,moving,4.134436,-7.346567,-7.92358,5.497512
05/11/2023 13:09:16.883813,310,True,True,True,True,Eyes,2.368083,0.1801663,-3.027766,0.06361108,-0.129664,0.9895155,0.0,0.0,0.0,0.0,0.0,0.0,0.0,-2.125385,0.6539844,2.947648,2.399443,0.1839222,-2.800434,0.1087229,-0.04357135,0.0455959,0.9920695,12.6911,355.5003,4.762322,0.6008535,0.04591382,-0.7980393,0.0,0.0,0.0,2.772743,-0.02162563,-1.438539,-0.262396,0.1814501,1.915,0.9920451,0.08099419,0.09636623,-0.099943,0.9722007,0.211748,-0.07653698,-0.2196947,0.9725618,moving,3.678202,-7.465383,-7.802162,5.412729
05/11/2023 13:09:16.897420,311,True,True,True,True,Eyes,2.368932,0.1801419,-3.017494,0.05550981,-0.1317088,0.989733,0.0,0.0,0.0,0.0,0.0,0.0,0.0,-2.089931,0.6400138,2.965581,2.399398,0.1833043,-2.789515,0.1075465,-0.04984497,0.0440529,0.9919721,12.57738,354.7436,4.505941,0.6023168,0.04600513,-0.7969301,0.0,0.0,0.0,2.761169,-0.02611468,-1.428383,-0.258736,0.1789185,1.915,0.9911497,0.07667718,0.1083651,-0.09811979,0.9729862,0.2089747,-0.08941416,-0.2177579,0.9718984,moving,3.210107,-7.580103,-7.694648,5.337652
05/11/2023 13:09:16.907339,312,True,True,True,True,Eyes,2.369735,0.1800774,-3.007177,0.0474359,-0.1336234,0.9898963,0.0,0.0,0.0,0.0,0.0,0.0,0.0,-2.053129,0.6333014,2.982287,2.399308,0.1821841,-2.778592,0.1074483,-0.05625609,0.04261097,0.9917029,12.58618,353.9761,4.255768,0.6037771,0.04609589,-0.7958191,0.0,0.0,0.0,2.75139,-0.02882136,-1.418091,-0.2546517,0.1760946,1.915,0.9900391,0.0724256,0.1207356,-0.09660407,0.9732783,0.2083193,-0.1024217,-0.2179078,0.9705802,moving,2.743519,-7.687733,-7.574605,5.25388
05/11/2023 13:09:16.927507,313,True,True,True,True,Eyes,2.370492,0.1799718,-2.996829,0.0391557,-0.1354704,0.9900074,0.0,0.0,0.0,0.0,0.0,0.0,0.0,-2.015738,0.6289335,2.997795,2.399172,0.1811602,-2.767072,0.1075839,-0.06271943,0.04142325,0.9913507,12.62111,353.206,4.033186,0.6052343,0.04618518,-0.7947062,0.0,0.0,0.0,2.741397,-0.02767564,-1.407024,-0.2509429,0.1735298,1.915,0.9887007,0.06863471,0.1332669,-0.09562512,0.9734196,0.2081107,-0.115441,-0.2185029,0.9689839,moving,2.26492,-7.791835,-7.465541,5.177778
05/11/2023 13:09:16.947638,314,True,True,True,True,Eyes,2.371227,0.1798211,-2.986429,0.03092127,-0.1372454,0.9900543,0.0,0.0,0.0,0.0,0.0,0.0,0.0,-1.976937,0.6262612,3.013557,2.398935,0.1800466,-2.755849,0.1074536,-0.06931707,0.04092078,0.9909463,12.62884,352.4279,3.890234,0.6066895,0.04627218,-0.7935908,0.0,0.0,0.0,2.730274,-0.02331717,-1.395292,-0.2469003,0.1707342,1.915,0.9870413,0.06620385,0.1461731,-0.09599733,0.9735584,0.2072885,-0.1285848,-0.2186345,0.9672977,moving,1.788874,-7.89228,-7.346598,5.094807
05/11/2023 13:09:16.957566,315,True,True,True,True,Eyes,2.371929,0.179617,-2.975985,0.02250075,-0.1389915,0.9900379,0.0,0.0,0.0,0.0,0.0,0.0,0.0,-1.937971,0.623919,3.028562,2.398936,0.1787895,-2.744145,0.1072144,-0.07596153,0.04061957,0.9904974,12.6246,351.6464,3.771003,0.6081433,0.04635602,-0.7924724,0.0,0.0,0.0,2.716564,-0.03090642,-1.384695,-0.243341,0.1682733,1.915,0.9851598,0.06417883,0.1591894,-0.09675549,0.9737102,0.2062201,-0.1417694,-0.2185622,0.9654698,moving,1.301946,-7.991527,-7.241822,5.021748
05/11/2023 13:09:16.981939,316,True,True,True,True,Eyes,2.372604,0.1793659,-2.965475,0.01422067,-0.1407666,0.9899406,0.0,0.0,0.0,0.0,0.0,0.0,0.0,-1.899852,0.6251506,3.041789,2.398916,0.1772951,-2.73249,0.1074924,-0.082427,0.04040623,0.9899589,12.67892,350.8875,3.660084,0.6095963,0.04643568,-0.7913505,0.0,0.0,0.0,2.705926,-0.03369202,-1.373609,-0.2394079,0.1655529,1.915,0.9831463,0.06228046,0.1718854,-0.09772157,0.9736254,0.206165,-0.1545119,-0.2194873,0.9633023,moving,0.823007,-8.093031,-7.125985,4.940971
05/11/2023 13:09:16.997223,317,True,True,True,True,Eyes,2.373254,0.1790551,-2.954912,0.005788756,-0.1424625,0.9897833,0.0,0.0,0.0,0.0,0.0,0.0,0.0,-1.862577,0.6299845,3.052876,2.39898,0.1759466,-2.720305,0.1081121,-0.08872604,0.04063933,0.9893373,12.77542,350.1537,3.59948,0.6110493,0.04651045,-0.7902247,0.0,0.0,0.0,2.697212,-0.03401732,-1.362483,-0.2354676,0.1628283,1.915,0.9809523,0.06122728,0.1843472,-0.09959671,0.9733205,0.2067071,-0.1667727,-0.2211302,0.9608789,moving,0.335091,-8.190505,-7.009878,4.860047
05/11/2023 13:09:17.007343,318,True,True,True,True,Eyes,2.373868,0.178659,-2.944289,-0.002669835,-0.144222,0.9895417,0.0,0.0,0.0,0.0,0.0,0.0,0.0,-1.826796,0.6300665,3.063807,2.399112,0.1741945,-2.70832,0.1077142,-0.09479833,0.04105937,0.9887998,12.75604,349.4468,3.572686,0.6125033,0.0465793,-0.7890943,0.0,0.0,0.0,2.689235,-0.03940377,-1.351868,-0.2316682,0.1602008,1.915,0.9786549,0.06077676,0.1963185,-0.1016213,0.9734236,0.2052308,-0.1786278,-0.2208003,0.9588218,moving,-0.1545866,-8.292261,-6.89787,4.78199
05/11/2023 13:09:17.027291,319,True,True,True,True,Eyes,2.37447,0.1781996,-2.933608,-0.01124899,-0.1460398,0.9892148,0.0,0.0,0.0,0.0,0.0,0.0,0.0,-1.792531,0.6361648,3.072048,2.399434,0.1718256,-2.696024,0.1079022,-0.1005919,0.0419952,0.9881675,12.80888,348.7797,3.603558,0.6139585,0.04664065,-0.7879589,0.0,0.0,0.0,2.679582,-0.04054075,-1.340159,-0.2279621,0.1576382,1.915,0.9762353,0.0612884,0.2078661,-0.1047047,0.973187,0.204802,-0.1897406,-0.2216996,0.9564768,moving,-0.6515189,-8.398033,-6.788559,4.705841
05/11/2023 13:09:17.047458,320,True,True,True,True,Eyes,2.375114,0.1776935,-2.922832,-0.02000685,-0.1480709,0.9887744,0.0,0.0,0.0,0.0,0.0,0.0,0.0,-1.756616,0.6508683,3.079218,2.399826,0.1698891,-2.683819,0.1090825,-0.1065476,0.04371975,0.9873384,12.98637,348.1043,3.712116,0.6154159,0.04669362,-0.786818,0.0,0.0,0.0,2.668274,-0.04447132,-1.328948,-0.2241797,0.1550225,1.915,0.9734724,0.06308743,0.2199351,-0.1095773,0.9723791,0.2060863,-0.2008589,-0.2247192,0.9534972,moving,-1.159164,-8.516864,-6.676948,4.6281
05/11/2023 13:09:17.057120,321,True,True,True,True,Eyes,2.375755,0.1771563,-2.911981,-0.02887745,-0.1500112,0.9882625,0.0,0.0,0.0,0.0,0.0,0.0,0.0,-1.720404,0.6577042,3.087343,2.4004,0.1681959,-2.670925,0.1092731,-0.1126767,0.04503741,0.9865775,13.0477,347.4016,3.781012,0.616878,0.04673788,-0.7856696,0.0,0.0,0.0,2.65777,-0.048425,-1.317259,-0.220403,0.1524112,1.915,0.9705512,0.06424073,0.2321713,-0.1134909,0.9720621,0.2054635,-0.2124858,-0.2257621,0.9507267,moving,-1.673731,-8.6312,-6.565453,4.55047
05/11/2023 13:09:17.077241,322,True,True,True,True,Eyes,2.376422,0.1765947,-2.901019,-0.03781696,-0.1520794,0.9876446,0.0,0.0,0.0,0.0,0.0,0.0,0.0,-1.68733,0.6552769,3.095501,2.401072,0.1668996,-2.65812,0.1089104,-0.1184866,0.04500201,0.9859383,13.0277,346.7175,3.703433,0.6183455,0.04677349,-0.7845129,0.0,0.0,0.0,2.649188,-0.04695038,-1.304825,-0.216313,0.1495832,1.915,0.9678715,0.06292957,0.2434433,-0.1145473,0.9722267,0.2040935,-0.2238386,-0.2254221,0.9481989,moving,-2.192787,-8.753761,-6.444654,4.466381
05/11/2023 13:09:17.096993,323,True,True,True,True,Eyes,2.377076,0.176002,-2.889971,-0.04686294,-0.1540141,0.9869567,0.0,0.0,0.0,0.0,0.0,0.0,0.0,-1.656698,0.6510624,3.10177,2.4017,0.1656734,-2.644597,0.1085969,-0.123983,0.04452671,0.9853184,13.00559,346.0643,3.578659,0.61982,0.04680073,-0.7833468,0.0,0.0,0.0,2.641192,-0.05402315,-1.293815,-0.2125796,0.1470013,1.915,0.9652912,0.06081763,0.2539964,-0.1146743,0.9724482,0.2029639,-0.2346546,-0.2250462,0.9456698,moving,-2.718492,-8.869447,-6.334333,4.389592
05/11/2023 13:09:17.107053,324,True,True,True,True,Eyes,2.377722,0.175317,-2.878844,-0.05603921,-0.1558739,0.986186,0.0,0.0,0.0,0.0,0.0,0.0,0.0,-1.622879,0.6478199,3.109341,2.40213,0.1643241,-2.631383,0.1076174,-0.1298504,0.04518439,0.98464,12.92428,345.3816,3.590139,0.6213025,0.04681966,-0.7821703,0.0,0.0,0.0,2.63413,-0.06326704,-1.282622,-0.2086561,0.1442884,1.915,0.9621945,0.06103239,0.265437,-0.116929,0.9727538,0.2001944,-0.2459865,-0.2236632,0.9431148,moving,-3.252288,-8.981711,-6.218346,4.30889
05/11/2023 13:09:17.127267,325,True,True,True,True,Eyes,2.378384,0.1746424,-2.867652,-0.06539298,-0.1580668,0.9852607,0.0,0.0,0.0,0.0,0.0,0.0,0.0,-1.583865,0.6383002,3.120803,2.403086,0.1614332,-2.618125,0.1058624,-0.136714,0.04497904,0.9839103,12.74526,344.57,3.501212,0.6227929,0.04682869,-0.7809835,0.0,0.0,0.0,2.625615,-0.06832973,-1.270867,-0.2048174,0.1416339,1.915,0.9585723,0.05956494,0.2785517,-0.1174564,0.9735401,0.1960197,-0.2595054,-0.2206167,0.9402049,moving,-3.797223,-9.114381,-6.104818,4.229908
05/11/2023 13:09:17.146741,326,True,True,True,True,Eyes,2.379068,0.1739876,-2.856309,-0.07482319,-0.1600258,0.984273,0.0,0.0,0.0,0.0,0.0,0.0,0.0,-1.542078,0.6643235,3.126344,2.404236,0.1610666,-2.605199,0.1108021,-0.14386,0.04453985,0.9823662,13.32719,343.7204,3.277299,0.6242929,0.04682908,-0.779785,0.0,0.0,0.0,2.616202,-0.0799638,-1.25965,-0.2009383,0.1389513,1.915,0.954641,0.05562889,0.2925166,-0.1193889,0.9714782,0.2048815,-0.2727762,-0.2305115,0.9340544,moving,-4.347192,-9.234503,-5.990047,4.150076
05/11/2023 13:09:17.157536,327,True,True,True,True,Eyes,2.379779,0.1733288,-2.844891,-0.08443375,-0.1617551,0.9832122,0.0,0.0,0.0,0.0,0.0,0.0,0.0,-1.504348,0.6460906,3.136798,2.405193,0.1608161,-2.590209,0.1084367,-0.1507018,0.04375792,0.9816394,13.06641,342.9029,3.13223,0.6258037,0.04682231,-0.7785735,0.0,0.0,0.0,2.606117,-0.08966127,-1.247957,-0.1971758,0.1363492,1.915,0.9507484,0.05322579,0.3053595,-0.1185922,0.9726534,0.1997027,-0.2863796,-0.2260803,0.9310609,moving,-4.908257,-9.342443,-5.878679,4.072621
05/11/2023 13:09:17.177286,328,True,True,True,True,Eyes,2.379779,0.1733288,-2.844891,-0.08443375,-0.1617551,0.9832122,0.0,0.0,0.0,0.0,0.0,0.0,0.0,-1.465988,0.6305174,3.148185,2.406629,0.1600039,-2.576874,0.1063436,-0.1576161,0.04300246,0.9808155,12.83609,342.0776,2.988465,0.627326,0.04680897,-0.7773483,0.0,0.0,0.0,2.596008,-0.09633775,-1.235823,-0.1930881,0.1335229,1.915,0.9466159,0.05083204,0.3183307,-0.1178779,0.9736836,0.1950511,-0.3000385,-0.2221626,0.9276964,moving,-4.908257,-9.342443,-5.757632,3.988478
05/11/2023 13:09:17.197552,329,True,True,True,True,Eyes,2.379779,0.1733288,-2.844891,-0.08443375,-0.1617551,0.9832122,0.0,0.0,0.0,0.0,0.0,0.0,0.0,-1.427236,0.6305287,3.155209,2.40783,0.1592477,-2.562598,0.1071728,-0.1645471,0.04195406,0.9796317,12.93153,341.2431,2.759877,0.6286938,0.04679681,-0.7762432,0.0,0.0,0.0,2.587118,-0.1026681,-1.223617,-0.1888992,0.1306261,1.915,0.9423283,0.04692913,0.3313836,-0.117469,0.9735077,0.1961728,-0.3133983,-0.2237865,0.9228765,moving,-4.908257,-9.342443,-5.63354,3.90222
05/11/2023 13:09:17.207271,330,True,True,True,True,Eyes,2.379779,0.1733288,-2.844891,-0.08443375,-0.1617551,0.9832122,0.0,0.0,0.0,0.0,0.0,0.0,0.0,-1.387515,0.6061237,3.166693,2.408792,0.159687,-2.548088,0.1041365,-0.1717373,0.04068213,0.9787784,12.58139,340.3803,2.576237,0.6299234,0.04678575,-0.7752464,0.0,0.0,0.0,2.578374,-0.09757716,-1.209297,-0.1855908,0.1283382,1.915,0.9377025,0.04386935,0.3446584,-0.1154058,0.9750011,0.1898797,-0.3277124,-0.2178263,0.9193239,moving,-4.908257,-9.342443,-5.535491,3.834079
05/11/2023 13:09:17.228736,331,True,True,True,True,Eyes,2.379779,0.1733288,-2.844891,-0.08443375,-0.1617551,0.9832122,0.0,0.0,0.0,0.0,0.0,0.0,0.0,-1.344319,0.6147231,3.172774,2.409565,0.163011,-2.533573,0.1060432,-0.1791581,0.04126298,0.9772178,12.82886,339.504,2.506958,0.6310285,0.04677569,-0.7743477,0.0,0.0,0.0,2.567765,-0.0948832,-1.195794,-0.1817783,0.125702,1.915,0.9323995,0.04264884,0.3589043,-0.1186428,0.9741044,0.1924693,-0.3414017,-0.2220397,0.9133144,moving,-4.908257,-9.342443,-5.422462,3.755548
05/11/2023 13:09:17.247261,332,True,True,True,True,Eyes,2.379779,0.1733288,-2.844891,-0.08443375,-0.1617551,0.9832122,0.0,0.0,0.0,0.0,0.0,0.0,0.0,-1.300971,0.5900999,3.183449,2.409876,0.1669861,-2.517877,0.1029298,-0.1868129,0.04100847,0.9761274,12.48987,338.5986,2.442122,0.6320221,0.04676656,-0.7735375,0.0,0.0,0.0,2.55252,-0.09376116,-1.181929,-0.1778842,0.1230094,1.915,0.9268386,0.04160177,0.3731484,-0.1185162,0.9754475,0.1856234,-0.3562644,-0.216267,0.9090128,moving,-4.908257,-9.342443,-5.306973,3.675326
05/11/2023 13:09:17.257169,333,True,True,True,True,Eyes,2.379779,0.1733288,-2.844891,-0.08443375,-0.1617551,0.9832122,0.0,0.0,0.0,0.0,0.0,0.0,0.0,-1.264975,0.5666286,3.191788,2.410764,0.1694578,-2.503646,0.1006947,-0.1934384,0.03925429,0.9751418,12.21436,337.7958,2.204795,0.6329156,0.04675827,-0.7728071,0.0,0.0,0.0,2.537004,-0.1043636,-1.169917,-0.1739626,0.1202973,1.915,0.9220814,0.03760054,0.3851651,-0.1155134,0.9766394,0.1811966,-0.3693543,-0.2115697,0.9048844,moving,-4.908257,-9.342443,-5.190621,3.594508
05/11/2023 13:09:17.283967,334,True,True,True,True,Eyes,2.379779,0.1733288,-2.844891,-0.08443375,-0.1617551,0.9832122,0.0,0.0,0.0,0.0,0.0,0.0,0.0,-1.22473,0.6059391,3.189528,2.411145,0.1728204,-2.489322,0.1073776,-0.2001754,0.0406938,0.9730076,13.0176,336.9926,2.129425,0.633719,0.04675075,-0.7721489,0.0,0.0,0.0,2.522408,-0.1020581,-1.155573,-0.170088,0.1176177,1.915,0.9165476,0.03620203,0.3982836,-0.1221795,0.9736281,0.1926667,-0.3808052,-0.2252503,0.8967997,moving,-4.908257,-9.342443,-5.075622,3.514643
05/11/2023 13:09:17.287111,335,True,True,True,True,Eyes,2.379779,0.1733288,-2.844891,-0.08443375,-0.1617551,0.9832122,0.0,0.0,0.0,0.0,0.0,0.0,0.0,-1.186994,0.5777041,3.197991,2.411132,0.1747932,-2.475021,0.1030247,-0.2068548,0.04086081,0.9720738,12.54462,336.2112,2.161568,0.6344415,0.04674395,-0.7715558,0.0,0.0,0.0,2.510922,-0.09440952,-1.141874,-0.16631,0.1150053,1.915,0.9110829,0.0368171,0.4105757,-0.1220618,0.9754326,0.1833908,-0.393737,-0.2171998,0.893194,moving,-4.908257,-9.342443,-4.963454,3.436771
05/11/2023 13:09:17.306859,336,True,True,True,True,Eyes,2.379779,0.1733288,-2.844891,-0.08443375,-0.1617551,0.9832122,0.0,0.0,0.0,0.0,0.0,0.0,0.0,-1.143005,0.6223843,3.1965,2.411446,0.1777238,-2.462676,0.1097483,-0.2139236,0.04354284,0.9696887,13.38381,335.3776,2.208561,0.6350908,0.0467378,-0.7710217,0.0,0.0,0.0,2.498429,-0.1257465,-1.134578,-0.162407,0.1123065,1.915,0.9046814,0.0374905,0.4244361,-0.1314015,0.9721187,0.1942136,-0.4053211,-0.231473,0.884384,moving,-4.908257,-9.342443,-4.847529,3.356305
05/11/2023 13:09:17.327361,337,True,True,True,True,Eyes,2.379779,0.1733288,-2.844891,-0.08443375,-0.1617551,0.9832122,0.0,0.0,0.0,0.0,0.0,0.0,0.0,-1.095422,0.624988,3.201345,2.410912,0.1800506,-2.448318,0.1091946,-0.2217185,0.04627667,0.9678719,13.40858,334.4799,2.425036,0.6356753,0.04673223,-0.7705403,0.0,0.0,0.0,2.484901,-0.1067733,-1.118336,-0.1584964,0.1096022,1.915,0.8973987,0.04115884,0.4392965,-0.1380007,0.97187,0.190852,-0.4190839,-0.2318935,0.8778349,moving,-4.908257,-9.342443,-4.731342,3.275666
05/11/2023 13:09:17.337338,338,True,True,True,True,Eyes,2.381161,0.1735516,-2.827582,-0.09903941,-0.1658551,0.9811643,0.0,0.0,0.0,0.0,0.0,0.0,0.0,-1.050083,0.6002849,3.211946,2.411053,0.1797984,-2.436002,0.1051543,-0.2294558,0.0462442,0.9665165,12.97281,333.565,2.419314,0.6362005,0.0467272,-0.770107,0.0,0.0,0.0,2.472434,-0.1155239,-1.1092,-0.1547124,0.1069857,1.915,0.890423,0.04113504,0.4532712,-0.1376481,0.9736081,0.1820447,-0.4338201,-0.2244887,0.8725852,moving,-5.763953,-9.594529,-4.618882,3.197631
05/11/2023 13:09:17.357555,339,True,True,True,True,Eyes,2.382419,0.1738327,-2.810437,-0.113629,-0.1697716,0.9789106,0.0,0.0,0.0,0.0,0.0,0.0,0.0,-1.004107,0.6505699,3.207329,2.410751,0.1804368,-2.423666,0.1137032,-0.236817,0.04703108,0.963731,13.9712,332.6548,2.173098,0.6369257,0.04674434,-0.7695063,0.0,0.0,0.0,2.46256,-0.1329482,-1.100084,-0.1507166,0.1042225,1.915,0.8834116,0.03679688,0.467151,-0.1445043,0.9697193,0.1968831,-0.4457606,-0.2414342,0.8619785,moving,-6.621092,-9.838891,-4.500085,3.115208
05/11/2023 13:09:17.377258,340,True,True,True,True,Eyes,2.383284,0.1741143,-2.793694,-0.1279113,-0.173512,0.9764898,0.0,0.0,0.0,0.0,0.0,0.0,0.0,-0.961967,0.6416249,3.211061,2.409203,0.182141,-2.410506,0.1134751,-0.2439231,0.04585602,0.9620407,13.92821,331.7823,1.940871,0.6378279,0.04678306,-0.7687563,0.0,0.0,0.0,2.453038,-0.1104079,-1.084612,-0.1467451,0.1014762,1.915,0.8767976,0.03287232,0.4797348,-0.1435891,0.9700413,0.1959646,-0.4589208,-0.240706,0.8552499,moving,-7.462738,-10.0757,-4.381972,3.033277
05/11/2023 13:09:17.387161,341,True,True,True,True,Eyes,2.384032,0.1744403,-2.777142,-0.1421783,-0.1773758,0.9738189,0.0,0.0,0.0,0.0,0.0,0.0,0.0,-0.9185411,0.643661,3.214355,2.408327,0.1830038,-2.399286,0.1143814,-0.2510609,0.04556603,0.9601089,14.03514,330.9101,1.775789,0.6388788,0.04684128,-0.7678795,0.0,0.0,0.0,2.439977,-0.1190525,-1.075861,-0.1430234,0.09890229,1.915,0.8697844,0.03006331,0.4925154,-0.1449301,0.9696813,0.1967575,-0.4716678,-0.2425169,0.8477706,moving,-8.306537,-10.32294,-4.271255,2.956477
05/11/2023 13:09:17.407118,342,True,True,True,True,Eyes,2.384592,0.1748186,-2.760786,-0.1563179,-0.1805581,0.971063,0.0,0.0,0.0,0.0,0.0,0.0,0.0,-0.8709508,0.6609522,3.213721,2.406373,0.1844502,-2.387209,0.1174942,-0.2586053,0.04624529,0.9576951,14.41632,329.9859,1.645337,0.6400601,0.04691828,-0.7668905,0.0,0.0,0.0,2.422639,-0.1235358,-1.065095,-0.1390803,0.09617573,1.915,0.8619694,0.0278085,0.5061972,-0.149347,0.9681129,0.2011287,-0.4844629,-0.2489658,0.8386368,moving,-9.144796,-10.53321,-4.153915,2.875111
05/11/2023 13:09:17.427281,343,True,True,True,True,Eyes,2.385025,0.1752039,-2.744639,-0.1704949,-0.1833803,0.9681442,0.0,0.0,0.0,0.0,0.0,0.0,0.0,-0.8243135,0.6159999,3.223875,2.403725,0.1860505,-2.374829,0.1112349,-0.2663669,0.04470203,0.9563876,13.68487,329.0593,1.547932,0.6413537,0.04701368,-0.7658032,0.0,0.0,0.0,2.402164,-0.1086026,-1.051686,-0.1351137,0.09343264,1.915,0.8541008,0.02624638,0.5194449,-0.1447635,0.9712571,0.188953,-0.4995552,-0.2365816,0.8333509,moving,-9.987659,-10.72557,-4.035841,2.79324
05/11/2023 13:09:17.446899,344,True,True,True,True,Eyes,2.38535,0.1755767,-2.728659,-0.1844858,-0.1859654,0.9650813,0.0,0.0,0.0,0.0,0.0,0.0,0.0,-0.7776835,0.5929179,3.229693,2.40121,0.1865444,-2.363611,0.1082075,-0.2739239,0.04368588,0.9546458,13.32845,328.1457,1.420835,0.6427442,0.04712584,-0.7646296,0.0,0.0,0.0,2.383165,-0.09244037,-1.038041,-0.1313059,0.0907996,1.915,0.8461145,0.02412782,0.5324548,-0.1426903,0.9727654,0.1826665,-0.5135463,-0.2305329,0.8265136,moving,-10.82215,-10.90687,-3.922462,2.714643
05/11/2023 13:09:17.457724,345,True,True,True,True,Eyes,2.38552,0.1759278,-2.71288,-0.1984888,-0.1884351,0.9618183,0.0,0.0,0.0,0.0,0.0,0.0,0.0,-0.7287941,0.5847089,3.231906,2.397946,0.1865448,-2.352296,0.1071618,-0.2816105,0.0435691,0.9525301,13.21988,327.2144,1.332959,0.6442191,0.04725281,-0.7633796,0.0,0.0,0.0,2.365728,-0.09237357,-1.027704,-0.127342,0.0880585,1.915,0.8375945,0.02264597,0.5458229,-0.1433575,0.9732361,0.1796107,-0.5271471,-0.2286887,0.8184237,moving,-11.66034,-11.08473,-3.804405,2.632809
05/11/2023 13:09:17.477417,346,True,True,True,True,Eyes,2.385486,0.1762325,-2.697372,-0.2120459,-0.1911787,0.9583774,0.0,0.0,0.0,0.0,0.0,0.0,0.0,-0.680277,0.5809445,3.232594,2.394487,0.1863704,-2.341288,0.106759,-0.2891721,0.04361988,0.9503049,13.18727,326.2946,1.245367,0.6457654,0.04739258,-0.7620632,0.0,0.0,0.0,2.347149,-0.09445963,-1.017071,-0.1235706,0.0854505,1.915,0.8289536,0.0211609,0.5589169,-0.1446478,0.9733996,0.1776799,-0.5402897,-0.2281346,0.8099641,moving,-12.47599,-11.28137,-3.692047,2.554939
05/11/2023 13:09:17.497290,347,True,True,True,True,Eyes,2.385281,0.1765386,-2.682091,-0.2255738,-0.1940047,0.9547139,0.0,0.0,0.0,0.0,0.0,0.0,0.0,-0.6316079,0.5994093,3.229186,2.390831,0.1857236,-2.331372,0.1095081,-0.2964966,0.04470859,0.9476808,13.53677,325.3923,1.167033,0.6473698,0.04754256,-0.7606913,0.0,0.0,0.0,2.328115,-0.08984127,-1.006638,-0.1193475,0.0825302,1.915,0.8201817,0.01980137,0.5717602,-0.1496765,0.9720182,0.1810456,-0.5521765,-0.2340694,0.8001955,moving,-13.29369,-11.48651,-3.566202,2.467733
05/11/2023 13:09:17.507442,348,True,True,True,True,Eyes,2.384891,0.1768719,-2.667036,-0.2387065,-0.1968939,0.9509217,0.0,0.0,0.0,0.0,0.0,0.0,0.0,-0.5818391,0.6140268,3.22549,2.386583,0.1861051,-2.321409,0.1111656,-0.3038535,0.04700631,0.9450427,13.80856,324.5045,1.256222,0.6490217,0.04770186,-0.7592724,0.0,0.0,0.0,2.3092,-0.1078522,-1.000033,-0.1159282,0.08016586,1.915,0.8109269,0.02128981,0.58476,-0.156402,0.9708652,0.1815464,-0.5638581,-0.2386785,0.7906305,moving,-14.09158,-11.69812,-3.464283,2.397121
05/11/2023 13:09:17.526925,349,True,True,True,True,Eyes,2.384325,0.1771646,-2.652193,-0.2517954,-0.1996344,0.9469663,0.0,0.0,0.0,0.0,0.0,0.0,0.0,-0.5318319,0.6216668,3.222331,2.382216,0.1871706,-2.311438,0.1114978,-0.311224,0.04985842,0.9424554,13.95724,323.6284,1.451158,0.6507103,0.04787026,-0.7578151,0.0,0.0,0.0,2.292898,-0.1234556,-0.9928696,-0.1117706,0.07729068,1.915,0.8013076,0.02457709,0.5977476,-0.1633803,0.9701648,0.1791292,-0.5755112,-0.2411977,0.7814158,moving,-14.89024,-11.90448,-3.340327,2.311242
05/11/2023 13:09:17.547190,350,True,True,True,True,Eyes,2.383612,0.1774011,-2.637585,-0.2643996,-0.2026297,0.942886,0.0,0.0,0.0,0.0,0.0,0.0,0.0,-0.4887488,0.6168677,3.219481,2.377479,0.1864805,-2.301582,0.1107724,-0.3177725,0.05018301,0.940336,13.89953,322.8287,1.41536,0.6524277,0.04804586,-0.756326,0.0,0.0,0.0,2.278203,-0.1282134,-0.9841018,-0.1081765,0.07480523,1.915,0.7930045,0.02397692,0.6087437,-0.1647786,0.9704222,0.176433,-0.5865082,-0.2402201,0.7735001,moving,-15.66431,-12.12861,-3.233149,2.236995
05/11/2023 13:09:17.557835,351,True,True,True,True,Eyes,2.382713,0.1776145,-2.623219,-0.2768706,-0.205726,0.9386264,0.0,0.0,0.0,0.0,0.0,0.0,0.0,-0.4474052,0.6439816,3.210477,2.372808,0.1854369,-2.292912,0.1147942,-0.3237559,0.05177184,0.9377229,14.40729,322.075,1.346795,0.6541658,0.04822634,-0.7548116,0.0,0.0,0.0,2.263852,-0.1503104,-0.9793221,-0.104294,0.07212052,1.915,0.7850035,0.02276469,0.6190729,-0.1714258,0.9682839,0.1817674,-0.5953004,-0.2488131,0.7640088,moving,-16.4347,-12.36247,-3.117341,2.156788
05/11/2023 13:09:17.577456,352,True,True,True,True,Eyes,2.382713,0.1776145,-2.623219,-0.2768706,-0.205726,0.9386264,0.0,0.0,0.0,0.0,0.0,0.0,0.0,-0.4063474,0.6618826,3.202194,2.367503,0.1851466,-2.284273,0.1167106,-0.3295644,0.05475744,0.9352902,14.73856,321.374,1.510975,0.6559169,0.04841058,-0.7532786,0.0,0.0,0.0,2.249621,-0.1583993,-0.9713072,-0.1004058,0.06943154,1.915,0.7767779,0.02550085,0.6292582,-0.1793555,0.9667605,0.1822244,-0.603695,-0.2544088,0.7555319,moving,-16.4347,-12.36247,-3.001339,2.076445
05/11/2023 13:09:17.597250,353,True,True,True,True,Eyes,2.382713,0.1776145,-2.623219,-0.2768706,-0.205726,0.9386264,0.0,0.0,0.0,0.0,0.0,0.0,0.0,-0.3596234,0.6662399,3.196836,2.361892,0.1844501,-2.276052,0.1157567,-0.3361028,0.05880117,0.9328333,14.80262,320.6171,1.89029,0.65749,0.04857618,-0.7518952,0.0,0.0,0.0,2.234887,-0.1630906,-0.9636111,-0.09660967,0.06680655,1.915,0.7671548,0.03189107,0.6406688,-0.1875157,0.9662856,0.176437,-0.6134423,-0.2554899,0.7472706,moving,-16.4347,-12.36247,-2.888062,1.998006
05/11/2023 13:09:17.607513,354,True,True,True,True,Eyes,2.381153,0.1777589,-2.608415,-0.289795,-0.2088129,0.9340321,0.0,0.0,0.0,0.0,0.0,0.0,0.0,-0.3095319,0.675191,3.189816,2.355933,0.1840264,-2.267672,0.1161532,-0.3431495,0.06196854,0.9300091,14.98559,319.7719,2.108859,0.6589033,0.04872503,-0.7506475,0.0,0.0,0.0,2.219856,-0.1748637,-0.9569064,-0.09263033,0.06405503,1.915,0.7568166,0.03554675,0.65266,-0.1949785,0.9653366,0.1735182,-0.6238685,-0.2585761,0.7375137,moving,-17.23715,-12.60187,-2.769292,1.915778
05/11/2023 13:09:17.627564,355,True,True,True,True,Eyes,2.379387,0.1779006,-2.593891,-0.3026454,-0.2118227,0.9292668,0.0,0.0,0.0,0.0,0.0,0.0,0.0,-0.2622538,0.6710927,3.184275,2.349573,0.1836,-2.259326,0.1156117,-0.3500319,0.06254523,0.9274696,14.96556,318.9198,2.081079,0.6603588,0.04888005,-0.7493572,0.0,0.0,0.0,2.203587,-0.177142,-0.9485951,-0.08864498,0.06129891,1.915,0.7471314,0.03508201,0.6637499,-0.1969532,0.965444,0.170667,-0.634826,-0.2582383,0.7282231,moving,-18.03949,-12.84095,-2.650319,1.833404
05/11/2023 13:09:17.646860,356,True,True,True,True,Eyes,2.379387,0.1779006,-2.593891,-0.3026454,-0.2118227,0.9292668,0.0,0.0,0.0,0.0,0.0,0.0,0.0,-0.2192086,0.6701009,3.177251,2.342927,0.1836869,-2.251437,0.1160089,-0.3562834,0.06245329,0.9250425,15.01836,318.1284,1.950874,0.6618466,0.0490406,-0.7480331,0.0,0.0,0.0,2.186393,-0.1849318,-0.9415246,-0.08486223,0.05868328,1.915,0.7383235,0.0328798,0.6736448,-0.198208,0.965283,0.1701242,-0.6446642,-0.2591285,0.7192081,moving,-18.03949,-12.84095,-2.537373,1.755223
05/11/2023 13:09:17.657441,357,True,True,True,True,Eyes,2.379387,0.1779006,-2.593891,-0.3026454,-0.2118227,0.9292668,0.0,0.0,0.0,0.0,0.0,0.0,0.0,-0.1786548,0.6499958,3.172884,2.335381,0.1828226,-2.243697,0.1132405,-0.3622271,0.06181826,0.9231179,14.70564,317.3958,1.901448,0.6631833,0.04918494,-0.7468387,0.0,0.0,0.0,2.16667,-0.1887587,-0.9339115,-0.08123632,0.05617574,1.915,0.7299401,0.03209353,0.6827573,-0.1961686,0.9667102,0.1642841,-0.6547559,-0.2538531,0.7119363,moving,-18.03949,-12.84095,-2.429091,1.680266
05/11/2023 13:09:17.677460,358,True,True,True,True,Eyes,2.379387,0.1779006,-2.593891,-0.3026454,-0.2118227,0.9292668,0.0,0.0,0.0,0.0,0.0,0.0,0.0,-0.1335819,0.6364902,3.167368,2.327913,0.1816232,-2.236743,0.1109687,-0.3686405,0.06241783,0.9208117,14.50012,316.6129,1.961344,0.6643844,0.04931469,-0.7457619,0.0,0.0,0.0,2.146426,-0.1876851,-0.9255393,-0.07718955,0.05337751,1.915,0.7204164,0.03313505,0.6927498,-0.1967652,0.9675799,0.158343,-0.6650441,-0.250382,0.7035803,moving,-18.03949,-12.84095,-2.308221,1.596613
05/11/2023 13:09:17.697039,359,True,True,True,True,Eyes,2.379387,0.1779006,-2.593891,-0.3026454,-0.2118227,0.9292668,0.0,0.0,0.0,0.0,0.0,0.0,0.0,-0.08381283,0.6359397,3.158332,2.319846,0.1801873,-2.229877,0.110539,-0.3755408,0.06389105,0.9179696,14.53257,315.7599,2.02922,0.665464,0.04943136,-0.7447909,0.0,0.0,0.0,2.126011,-0.1912591,-0.9182283,-0.07300989,0.05048716,1.915,0.709774,0.03427628,0.703595,-0.2003239,0.9673981,0.1549555,-0.6753451,-0.2509303,0.6935005,moving,-18.03949,-12.84095,-2.18336,1.510199
05/11/2023 13:09:17.707881,360,True,True,True,True,Eyes,2.379387,0.1779006,-2.593891,-0.3026454,-0.2118227,0.9292668,0.0,0.0,0.0,0.0,0.0,0.0,0.0,-0.03624856,0.6299311,3.149389,2.311585,0.1790728,-2.2229,0.109728,-0.3822484,0.06429885,0.9152659,14.47851,314.9199,2.001375,0.6664343,0.04953625,-0.743916,0.0,0.0,0.0,2.104934,-0.1953413,-0.9107291,-0.06936602,0.04796746,1.915,0.6995037,0.03381439,0.7138286,-0.2015878,0.9676508,0.1517044,-0.685607,-0.2500169,0.6836919,moving,-18.03949,-12.84095,-2.074487,1.434861
05/11/2023 13:09:17.727466,361,True,True,True,True,Eyes,2.379387,0.1779006,-2.593891,-0.3026454,-0.2118227,0.9292668,0.0,0.0,0.0,0.0,0.0,0.0,0.0,0.006967902,0.6245931,3.139548,2.302903,0.1782289,-2.216258,0.1091227,-0.3882791,0.06461639,0.912774,14.44125,314.1609,1.965864,0.6673064,0.04963057,-0.7431275,0.0,0.0,0.0,2.083626,-0.198838,-0.903659,-0.06556666,0.04534018,1.915,0.6901281,0.0332202,0.7229243,-0.2027004,0.9678339,0.1490303,-0.6947199,-0.2493871,0.6746632,moving,-18.03949,-12.84095,-1.960954,1.356301
05/11/2023 13:09:17.737061,362,True,True,True,True,Eyes,2.379387,0.1779006,-2.593891,-0.3026454,-0.2118227,0.9292668,0.0,0.0,0.0,0.0,0.0,0.0,0.0,0.04657412,0.6025861,3.132155,2.293807,0.1763759,-2.209754,0.1059103,-0.3939256,0.0639445,0.9107782,14.08142,313.4626,1.951895,0.6680908,0.04971544,-0.7424167,0.0,0.0,0.0,2.062485,-0.2021435,-0.8962949,-0.06174749,0.04269907,1.915,0.6814675,0.03303694,0.7311024,-0.1999201,0.9693882,0.1425429,-0.7040128,-0.2433004,0.6672114,moving,-18.03949,-12.84095,-1.846812,1.277322
05/11/2023 13:09:17.757339,363,True,True,True,True,Eyes,2.379387,0.1779006,-2.593891,-0.3026454,-0.2118227,0.9292668,0.0,0.0,0.0,0.0,0.0,0.0,0.0,0.08438993,0.5967821,3.121583,2.284692,0.1741172,-2.203954,0.1050425,-0.39911,0.06409913,0.9086081,14.00758,312.8094,1.927513,0.6687961,0.04979175,-0.7417763,0.0,0.0,0.0,2.042214,-0.207661,-0.8894629,-0.05787608,0.0400221,1.915,0.6732051,0.03263491,0.7387353,-0.200329,0.9697147,0.1397198,-0.7118028,-0.2420502,0.6593546,moving,-18.03949,-12.84095,-1.731095,1.197266
05/11/2023 13:09:17.777636,364,True,True,True,True,Eyes,2.379387,0.1779006,-2.593891,-0.3026454,-0.2118227,0.9292668,0.0,0.0,0.0,0.0,0.0,0.0,0.0,0.1193036,0.5920744,3.10988,2.274763,0.1720347,-2.19818,0.1043976,-0.4038071,0.06429514,0.906591,13.95841,312.2157,1.905297,0.6694305,0.04986043,-0.7411992,0.0,0.0,0.0,2.02304,-0.2145485,-0.8824534,-0.05388561,0.0372625,1.915,0.6656119,0.03226582,0.7456003,-0.2008917,0.9699346,0.1373661,-0.7187512,-0.2412175,0.652082,moving,-18.03949,-12.84095,-1.611803,1.114734
05/11/2023 13:09:17.797476,365,True,True,True,True,Eyes,2.379387,0.1779006,-2.593891,-0.3026454,-0.2118227,0.9292668,0.0,0.0,0.0,0.0,0.0,0.0,0.0,0.1503931,0.5810089,3.099397,2.264672,0.169804,-2.192916,0.1024028,-0.4078994,0.06502799,0.9049327,13.79125,311.7167,2.015256,0.6700005,0.04992214,-0.7406799,0.0,0.0,0.0,2.00435,-0.2178786,-0.8749086,-0.05023152,0.03473556,1.915,0.6587789,0.03415183,0.7515611,-0.201232,0.97057,0.1322856,-0.7249249,-0.2383851,0.6462635,moving,-18.03949,-12.84095,-1.502556,1.039155
05/11/2023 13:09:17.807021,366,True,True,True,True,Eyes,2.379387,0.1779006,-2.593891,-0.3026454,-0.2118227,0.9292668,0.0,0.0,0.0,0.0,0.0,0.0,0.0,0.1812714,0.571361,3.088162,2.254257,0.1679451,-2.187735,0.1005315,-0.411898,0.06627007,0.9032395,13.66243,311.2326,2.176188,0.6705133,0.04997768,-0.7402118,0.0,0.0,0.0,1.987599,-0.2244493,-0.8674334,-0.04623291,0.03197047,1.915,0.6518966,0.03689807,0.7574095,-0.2025329,0.9710034,0.127015,-0.7307607,-0.236201,0.6404669,moving,-18.03949,-12.84095,-1.382995,0.9564506
05/11/2023 13:09:17.827619,367,True,True,True,True,Eyes,2.379387,0.1779006,-2.593891,-0.3026454,-0.2118227,0.9292668,0.0,0.0,0.0,0.0,0.0,0.0,0.0,0.2139167,0.5590662,3.076736,2.243217,0.1661397,-2.182886,0.09830451,-0.4161075,0.06736733,0.9014723,13.49154,310.7216,2.336841,0.6709742,0.0500276,-0.7397907,0.0,0.0,0.0,1.970802,-0.234676,-0.8611467,-0.04229638,0.02924851,1.915,0.6446323,0.03964908,0.7634637,-0.20327,0.9715958,0.1211735,-0.7369738,-0.2333017,0.6343816,moving,-18.03949,-12.84095,-1.265279,0.8750317
05/11/2023 13:09:17.837183,368,True,True,True,True,Eyes,2.379387,0.1779006,-2.593891,-0.3026454,-0.2118227,0.9292668,0.0,0.0,0.0,0.0,0.0,0.0,0.0,0.2496631,0.5482637,3.064253,2.231995,0.1642479,-2.178024,0.09620336,-0.4207401,0.06887419,0.8994326,13.35673,310.1574,2.529629,0.6713891,0.05007255,-0.7394111,0.0,0.0,0.0,1.95295,-0.2406444,-0.8537651,-0.03864509,0.02672347,1.915,0.6364682,0.04294216,0.7701066,-0.2048486,0.9720025,0.1151006,-0.7436029,-0.2310131,0.6274453,moving,-18.03949,-12.84095,-1.156084,0.7995002
05/11/2023 13:09:17.858154,369,True,True,True,True,Eyes,2.372235,0.1771373,-2.576756,-0.3203103,-0.2149197,0.9226109,0.0,0.0,0.0,0.0,0.0,0.0,0.0,0.2870746,0.5339853,3.051737,2.220206,0.1624653,-2.173693,0.09375362,-0.4255927,0.06985718,0.8973299,13.16272,309.5607,2.682289,0.6717622,0.05011297,-0.7390695,0.0,0.0,0.0,1.93616,-0.2436808,-0.8458615,-0.03463006,0.02394718,1.915,0.6279817,0.04556819,0.7768928,-0.2051716,0.9726605,0.1087944,-0.7506954,-0.2277173,0.6201622,moving,-19.14588,-13.11305,-1.036,0.7164494
05/11/2023 13:09:17.877071,370,True,True,True,True,Eyes,2.364922,0.1763854,-2.56006,-0.3376283,-0.2176016,0.915782,0.0,0.0,0.0,0.0,0.0,0.0,0.0,0.3269694,0.52711,3.03725,2.20832,0.1611635,-2.169559,0.09224068,-0.4306681,0.07210019,0.8948846,13.13181,308.9372,2.919,0.6722309,0.05015279,-0.7386405,0.0,0.0,0.0,1.920114,-0.2464222,-0.8371451,-0.030848,0.02133164,1.915,0.6186533,0.04959247,0.7840975,-0.2084929,0.9725865,0.102987,-0.7574952,-0.227192,0.6120334,moving,-20.2378,-13.36634,-0.9228758,0.6382048
05/11/2023 13:09:17.897187,371,True,True,True,True,Eyes,2.357392,0.1756633,-2.543865,-0.3546469,-0.220023,0.908744,0.0,0.0,0.0,0.0,0.0,0.0,0.0,0.3690304,0.5154851,3.022163,2.195604,0.1605018,-2.165396,0.09019229,-0.4360727,0.07407989,0.8923106,13.03625,308.2705,3.150576,0.6727781,0.05019209,-0.7381395,0.0,0.0,0.0,1.903271,-0.2476924,-0.8287027,-0.02664736,0.01842692,1.915,0.6087056,0.05354377,0.7915874,-0.2108653,0.972755,0.09635064,-0.7648617,-0.2255675,0.603412,moving,-21.31874,-13.6104,-0.7972234,0.5513068
05/11/2023 13:09:17.907757,372,True,True,True,True,Eyes,2.349657,0.1749716,-2.528146,-0.3712618,-0.2221915,0.9015518,0.0,0.0,0.0,0.0,0.0,0.0,0.0,0.4134927,0.4977736,3.007211,2.182999,0.1603467,-2.161221,0.08749356,-0.4419803,0.07529636,0.8895667,12.83956,307.5338,3.329238,0.6733861,0.05023146,-0.7375821,0.0,0.0,0.0,1.882107,-0.2468681,-0.8209373,-0.0231075,0.01597896,1.915,0.5979678,0.05662143,0.7995177,-0.2113031,0.9733506,0.08910369,-0.7731659,-0.2222217,0.5939966,moving,-22.38201,-13.84489,-0.6913305,0.4780709
05/11/2023 13:09:17.927076,373,True,True,True,True,Eyes,2.341701,0.1743016,-2.512892,-0.3875499,-0.2241163,0.8941907,0.0,0.0,0.0,0.0,0.0,0.0,0.0,0.4566326,0.4841173,2.990944,2.170334,0.160383,-2.156979,0.08570328,-0.4477426,0.07605904,0.88679,12.71557,306.8022,3.417587,0.6740403,0.05027153,-0.7369815,0.0,0.0,0.0,1.861872,-0.268483,-0.8193932,-0.01928043,0.01333272,1.915,0.5874832,0.05815078,0.8071443,-0.2116428,0.97374,0.08389189,-0.7810704,-0.2201114,0.584363,moving,-23.43232,-14.07053,-0.5768409,0.3989016
05/11/2023 13:09:17.947123,374,True,True,True,True,Eyes,2.333609,0.1736658,-2.49801,-0.4032853,-0.2259936,0.8867288,0.0,0.0,0.0,0.0,0.0,0.0,0.0,0.4950762,0.4672707,2.974928,2.157144,0.1602003,-2.152836,0.08359562,-0.4528797,0.07597075,0.884387,12.51369,306.1453,3.444686,0.6747259,0.05031254,-0.7363511,0.0,0.0,0.0,1.840711,-0.2624929,-0.8098292,-0.01555538,0.01075682,1.915,0.5782569,0.05865756,0.8137435,-0.2100926,0.9744804,0.07905053,-0.7883402,-0.2166729,0.5758235,moving,-24.4561,-14.29813,-0.4653985,0.321835
05/11/2023 13:09:17.957725,375,True,True,True,True,Eyes,2.126147,0.1605457,-2.136827,-0.7474076,-0.2481172,0.6162952,0.0,0.0,0.0,0.0,0.0,0.0,0.0,0.5277584,0.453453,2.959321,2.144471,0.1601985,-2.148793,0.08175068,-0.4571635,0.07659516,0.8822989,12.37389,305.6026,3.545982,0.6754326,0.05035516,-0.7357001,0.0,0.0,0.0,1.820142,-0.258225,-0.8024615,-0.01158702,0.008012444,1.915,0.5702693,0.06041278,0.8192332,-0.2099065,0.9749,0.07422403,-0.7941864,-0.2142901,0.5686367,moving,-50.49179,-21.92946,-0.3466733,0.2397266
05/11/2023 13:09:17.982486,376,True,True,True,True,Eyes,2.125581,0.1606828,-2.13668,-0.7474641,-0.2480937,0.616236,0.0,0.0,0.0,0.0,0.0,0.0,0.0,0.5582453,0.4409491,2.943231,2.13129,0.1623146,-2.144746,0.08009337,-0.4610177,0.07852539,0.8802736,12.32234,305.1242,3.779524,0.6911808,0.05202674,-0.7208063,-0.6223869,-0.03936048,1.083549,1.799898,-0.2645468,-0.7967766,-0.00759536,0.005252242,1.915,0.5625929,0.06439871,0.824222,-0.2120965,0.9748376,0.06860497,-0.7990646,-0.2134113,0.5620955,moving,-50.49662,-21.92948,-0.227248,0.1571439
05/11/2023 13:09:17.997271,377,True,True,True,True,Eyes,2.124524,0.1608672,-2.136368,-0.7478028,-0.2477719,0.6159546,0.0,0.0,0.0,0.0,0.0,0.0,0.0,0.5902338,0.4149949,2.927933,2.117545,0.1657652,-2.140541,0.07633989,-0.4652114,0.08060106,0.8782108,12.06833,304.6148,4.136642,0.700947,0.05306928,-0.7112357,-0.5850437,-0.03699885,1.018536,1.777674,-0.2552519,-0.788327,-0.003487647,0.002411664,1.915,0.5541636,0.07054106,0.8294135,-0.2125978,0.9753514,0.05909197,-0.8048012,-0.2090781,0.5555011,moving,-50.5222,-21.91279,-0.1043484,0.07215565
05/11/2023 13:09:18.007779,378,True,True,True,True,Eyes,2.124524,0.1608672,-2.136368,-0.7478028,-0.2477719,0.6159546,1.929182,0.6818762,-0.3171299,-0.9480798,0.3266093,0.7635868,-0.5570112,0.17814,-0.1158297,1.904119,2.104787,0.167009,-2.136253,0.07209419,-0.4693304,0.08021877,0.876411,11.63443,304.0959,4.270611,0.7071735,0.05374268,-0.704994,-0.5499411,-0.03477892,0.9574237,1.755769,-0.2621878,-0.7845787,-1.180172e-05,8.076429e-06,1.915,0.5465878,0.07293724,0.8342194,-0.2082812,0.9767348,0.05107007,-0.8110862,-0.2016665,0.5490627,moving,-50.5222,-21.91279,-0.0003531011,0.0002416425
05/11/2023 13:09:18.026998,379,True,True,True,True,Eyes,2.124524,0.1608672,-2.136368,-0.7478028,-0.2477719,0.6159546,0.0,0.0,0.0,0.0,0.0,0.0,0.0,0.6409034,0.4096757,2.894221,2.092741,0.1695685,-2.13232,0.07693223,-0.4716617,0.08255925,0.8745288,12.26532,303.7743,4.215428,0.7111505,0.05417109,-0.7009492,-0.5169446,-0.03269218,0.8999783,1.731575,-0.2496408,-0.7761596,0.003910959,-0.00270462,1.915,0.5414383,0.0718289,0.8376665,-0.2169729,0.9745308,0.05667882,-0.8122606,-0.212439,0.5432333,moving,-50.5222,-21.91279,0.1170136,-0.08092074
05/11/2023 13:09:18.047509,380,True,True,True,True,Eyes,2.122004,0.1613324,-2.135602,-0.7482038,-0.2477555,0.615474,0.0,0.0,0.0,0.0,0.0,0.0,0.0,0.6565095,0.4116778,2.877693,2.07949,0.1734057,-2.127734,0.07797445,-0.4733266,0.08480141,0.8733217,12.50185,303.5643,4.364867,0.7136217,0.05443513,-0.6984126,-0.485928,-0.03073065,0.8459796,1.711195,-0.2406279,-0.768784,0.007729769,-0.005345166,1.915,0.5375414,0.07430307,0.8399573,-0.2219325,0.9734574,0.05591604,-0.813508,-0.216471,0.539764,moving,-50.55921,-21.92696,0.2312693,-0.1599241
05/11/2023 13:09:18.057678,381,True,True,True,True,Eyes,2.119152,0.1617787,-2.134743,-0.7486474,-0.2481828,0.6147621,0.0,0.0,0.0,0.0,0.0,0.0,0.0,0.6711708,0.3680653,2.868943,2.067478,0.174302,-2.12413,0.07156333,-0.4755177,0.08313294,0.8728405,11.77033,303.3031,4.514968,0.7150242,0.05460802,-0.6969633,-0.4567723,-0.02888681,0.7952208,1.693765,-0.2660828,-0.7688103,0.01184946,-0.00819397,1.915,0.5339437,0.07706434,0.8420009,-0.2131829,0.9759352,0.04586438,-0.8182038,-0.2039891,0.5375232,moving,-50.6084,-21.9842,0.3545251,-0.2451577
05/11/2023 13:09:18.082455,382,True,True,True,True,Eyes,2.115915,0.1622775,-2.133754,-0.7490533,-0.248915,0.6139711,0.0,0.0,0.0,0.0,0.0,0.0,0.0,0.6958048,0.3950691,2.849345,2.05669,0.1743921,-2.120991,0.07596859,-0.4782694,0.08684341,0.8706005,12.43581,302.938,4.6134,0.7156681,0.0547201,-0.6962932,-0.429366,-0.0271536,0.7475076,1.672662,-0.2510967,-0.760126,0.01560664,-0.01079208,1.915,0.5274332,0.07854494,0.8459579,-0.2238787,0.973374,0.04920749,-0.8195685,-0.2153457,0.5309743,moving,-50.6598,-22.06852,0.4669321,-0.3228898
05/11/2023 13:09:18.097151,383,True,True,True,True,Eyes,2.112361,0.162803,-2.132634,-0.7497151,-0.2493813,0.6129733,0.0,0.0,0.0,0.0,0.0,0.0,0.0,0.7257125,0.3909521,2.830383,2.044342,0.1762176,-2.116645,0.07552049,-0.4821989,0.09007895,0.8681397,12.59139,302.4432,4.912247,0.7157696,0.05479516,-0.6961828,-0.403604,-0.02552439,0.7026571,1.654415,-0.2777617,-0.7634975,0.01924372,-0.01330715,1.915,0.5187401,0.08357044,0.8508376,-0.229234,0.9723648,0.04425274,-0.8236264,-0.2179966,0.5235618,moving,-50.73028,-22.13839,0.5757424,-0.3981365
05/11/2023 13:09:18.107482,384,True,True,True,True,Eyes,2.108476,0.1633331,-2.131413,-0.7503638,-0.2500983,0.6118863,0.0,0.0,0.0,0.0,0.0,0.0,0.0,0.755434,0.3627453,2.815178,2.033238,0.1773207,-2.112343,0.07102112,-0.4865639,0.09208691,0.8658705,12.27491,301.9045,5.30584,0.71548,0.05484884,-0.6964752,-0.3793878,-0.02399292,0.6604977,1.631292,-0.278594,-0.7601674,0.0230915,-0.01596808,1.915,0.5095512,0.09035804,0.8556827,-0.2285833,0.972952,0.03337788,-0.8295224,-0.2126025,0.5164232,moving,-50.80438,-22.23147,0.6908518,-0.4777456
05/11/2023 13:09:18.127089,385,True,True,True,True,Eyes,2.104278,0.1638941,-2.130045,-0.7512357,-0.2506115,0.6106052,0.0,0.0,0.0,0.0,0.0,0.0,0.0,0.785252,0.3602046,2.795739,2.022032,0.1781368,-2.107647,0.07065215,-0.4906518,0.09562322,0.8632065,12.46306,301.3867,5.627743,0.7149101,0.05489188,-0.6970569,-0.3566245,-0.02255335,0.6208678,1.607021,-0.2672431,-0.756122,0.02712387,-0.01875648,1.915,0.500234,0.09575394,0.8605797,-0.2344164,0.971729,0.02813939,-0.8335557,-0.2158102,0.5085381,moving,-50.89575,-22.31478,0.8114775,-0.561166
05/11/2023 13:09:18.147972,386,True,True,True,True,Eyes,2.099795,0.1644083,-2.128569,-0.7522133,-0.250987,0.6092461,0.0,0.0,0.0,0.0,0.0,0.0,0.0,0.8117838,0.3372379,2.778929,2.010362,0.1793948,-2.10272,0.06737579,-0.4946592,0.09673456,0.8610546,12.22374,300.8759,5.868726,0.7141408,0.05493288,-0.6978421,-0.335227,-0.02120015,0.5836157,1.587366,-0.3014042,-0.7627952,0.03075904,-0.02127045,1.915,0.4919094,0.09993138,0.8648924,-0.2332436,0.9722059,0.0203272,-0.838822,-0.2117298,0.5015455,moving,-50.99467,-22.38986,0.9202148,-0.6363745
05/11/2023 13:09:18.157264,387,True,True,True,True,Eyes,2.095066,0.1648891,-2.126967,-0.753381,-0.2514956,0.6075913,0.0,0.0,0.0,0.0,0.0,0.0,0.0,0.8389117,0.3097506,2.762535,1.999388,0.1788286,-2.098044,0.06316538,-0.4989217,0.09703723,0.8588778,11.84886,300.3269,6.07982,0.7132313,0.0549756,-0.6987683,-0.3151134,-0.01992814,0.5485988,1.564164,-0.3008973,-0.760785,0.03462219,-0.02394164,1.915,0.4833219,0.1036571,0.8692842,-0.2297154,0.9731878,0.01167474,-0.8447667,-0.2053306,0.4941746,moving,-51.1143,-22.48575,1.035765,-0.7162837
05/11/2023 13:09:18.177470,388,True,True,True,True,Eyes,2.090056,0.1654255,-2.125222,-0.7546433,-0.2522272,0.6057186,0.0,0.0,0.0,0.0,0.0,0.0,0.0,0.8722993,0.311139,2.740705,1.988807,0.1785413,-2.093311,0.06370399,-0.5037519,0.09949657,0.8557314,12.07959,299.6908,6.229154,0.7122272,0.05502285,-0.6997881,-0.2962066,-0.01873245,0.5156828,1.542584,-0.3061777,-0.7620239,0.03866118,-0.0267345,1.915,0.4726688,0.1061027,0.8748294,-0.2344667,0.9720845,0.008783828,-0.8494762,-0.2092702,0.4843515,moving,-51.24754,-22.60733,1.156565,-0.79983
05/11/2023 13:09:18.186976,389,True,True,True,True,Eyes,2.084802,0.1659523,-2.123333,-0.756233,-0.2526048,0.6035748,0.0,0.0,0.0,0.0,0.0,0.0,0.0,0.9069957,0.3065487,2.717441,1.977174,0.1804872,-2.087894,0.06404957,-0.5090254,0.100364,0.8524776,12.20308,298.9817,6.220714,0.7111618,0.05507955,-0.7008663,-0.2784342,-0.0176085,0.4847418,1.519726,-0.3196404,-0.7655877,0.04257905,-0.02944392,1.915,0.4616404,0.1059103,0.880722,-0.2363218,0.9716495,0.007026024,-0.855009,-0.2113773,0.4735816,moving,-51.40547,-22.71002,1.273733,-0.8808769
05/11/2023 13:09:18.207641,390,True,True,True,True,Eyes,2.079351,0.1664068,-2.121283,-0.7579073,-0.2531709,0.6012329,0.0,0.0,0.0,0.0,0.0,0.0,0.0,0.9383488,0.2753554,2.697896,1.966137,0.1807074,-2.082454,0.06000261,-0.514398,0.09801252,0.8498165,11.70176,298.2571,6.147038,0.7100606,0.0551473,-0.7019767,-0.2617282,-0.01655199,0.4556573,1.491246,-0.296878,-0.7609658,0.04628932,-0.03200972,1.915,0.4515766,0.1048549,0.8860498,-0.2283158,0.9735865,0.00114753,-0.8625257,-0.2028173,0.4635888,moving,-51.57573,-22.83529,1.384682,-0.9576246
05/11/2023 13:09:18.227059,391,True,True,True,True,Eyes,1.937397,0.1774576,-2.066705,-0.8003224,-0.2740532,0.5332719,0.0,0.0,0.0,0.0,0.0,0.0,0.0,0.9684418,0.277005,2.675139,1.955693,0.1794197,-2.07703,0.0609524,-0.5190904,0.0981304,0.8468767,11.83626,297.6142,6.036681,0.7089542,0.05522649,-0.7030879,-0.2460245,-0.01555887,0.4283179,1.465287,-0.2875456,-0.7604098,0.05029571,-0.03478017,1.915,0.4418311,0.1029291,0.8911738,-0.2294883,0.9733105,0.001361249,-0.8672487,-0.2051155,0.4536599,moving,-56.32363,-27.19904,1.504475,-1.04049
05/11/2023 13:09:18.247251,392,True,True,True,True,Eyes,1.936959,0.1774336,-2.066477,-0.8003911,-0.2742716,0.5330565,0.0,0.0,0.0,0.0,0.0,0.0,0.0,1.000893,0.2910791,2.649281,1.944603,0.1796362,-2.071581,0.06403166,-0.5238748,0.1003825,0.8434325,12.30927,296.9576,6.006904,0.7054982,0.05687945,-0.7064246,-0.6571259,0.01852721,0.5663509,1.439157,-0.2865927,-0.7621961,0.05412155,-0.03742588,1.915,0.4309571,0.1022426,0.8965614,-0.2364208,0.9716466,0.002837079,-0.8708507,-0.2131885,0.4429103,moving,-56.33658,-27.22701,1.618857,-1.11962
05/11/2023 13:09:18.257696,393,True,True,True,True,Eyes,1.936152,0.1773684,-2.066039,-0.8005319,-0.2750455,0.5324459,0.0,0.0,0.0,0.0,0.0,0.0,0.0,1.029633,0.2850277,2.626283,1.933647,0.1790999,-2.065837,0.06372253,-0.5285351,0.1007768,0.8404964,12.33606,296.3222,5.995924,0.7025819,0.05813879,-0.7092229,-0.6176984,0.01741558,0.5323699,1.413883,-0.2884401,-0.7648367,0.05818295,-0.0402343,1.915,0.4209893,0.1020459,0.9013072,-0.2367643,0.9715669,0.0005889297,-0.8756202,-0.2136453,0.4331801,moving,-56.37152,-27.31952,1.740268,-1.203612
05/11/2023 13:09:18.277287,394,True,True,True,True,Eyes,1.934941,0.1772783,-2.065398,-0.8005527,-0.2762556,0.5317877,0.0,0.0,0.0,0.0,0.0,0.0,0.0,1.059077,0.3179176,2.599155,1.924012,0.1781767,-2.060279,0.06975176,-0.5327077,0.1042867,0.8369477,13.17146,295.7303,5.909593,0.7001039,0.05909677,-0.7115903,-0.5806364,0.01637064,0.5004277,1.390736,-0.3030038,-0.7712846,0.06205857,-0.04291418,1.915,0.4106936,0.1002505,0.9062453,-0.2488797,0.9685179,0.005648438,-0.8771486,-0.2278658,0.4227144,moving,-56.40488,-27.45119,1.85611,-1.283755
05/11/2023 13:09:18.297130,395,True,True,True,True,Eyes,1.933365,0.1771719,-2.064542,-0.8006861,-0.2776746,0.530847,0.0,0.0,0.0,0.0,0.0,0.0,0.0,1.083839,0.3370473,2.573592,1.913394,0.177716,-2.054026,0.07372904,-0.5364802,0.1061989,0.8339513,13.70484,295.1902,5.790634,0.6979827,0.05982292,-0.7136105,-0.5457982,0.0153884,0.470402,1.367157,-0.3136592,-0.7771912,0.06567729,-0.04541641,1.915,0.4018217,0.09802113,0.9104565,-0.2562378,0.9665717,0.009025624,-0.8791367,-0.2369201,0.4135061,moving,-56.45601,-27.6131,1.964259,-1.35858
05/11/2023 13:09:18.307413,396,True,True,True,True,Eyes,1.931417,0.1770516,-2.063496,-0.8007535,-0.2793344,0.5298736,0.0,0.0,0.0,0.0,0.0,0.0,0.0,1.105535,0.3488065,2.550159,1.903064,0.1772736,-2.04795,0.07646143,-0.5399239,0.107528,0.8313085,14.07784,294.6971,5.69254,0.6961549,0.06036995,-0.7153478,-0.5130503,0.0144651,0.4421779,1.343718,-0.3196846,-0.7820603,0.06956774,-0.04810673,1.915,0.3938397,0.09621114,0.9141301,-0.2613446,0.9651827,0.01101219,-0.8812432,-0.24324,0.4052716,moving,-56.50665,-27.79693,2.080515,-1.439025
05/11/2023 13:09:18.327281,397,True,True,True,True,Eyes,1.929103,0.1769248,-2.062232,-0.8009861,-0.2809736,0.528654,0.0,0.0,0.0,0.0,0.0,0.0,0.0,1.125383,0.3646671,2.526214,1.892397,0.1770025,-2.041748,0.07992382,-0.5430102,0.1092742,0.8287407,14.54536,294.2467,5.59202,0.6945679,0.06077857,-0.7168542,-0.4822673,0.01359719,0.4156472,1.321021,-0.3211336,-0.7845299,0.07354981,-0.05086043,1.915,0.386398,0.09432112,0.9174966,-0.2679189,0.9633426,0.01379816,-0.8825622,-0.2511463,0.397504,moving,-56.57503,-27.99014,2.19949,-1.521359
05/11/2023 13:09:18.337198,398,True,True,True,True,Eyes,1.926444,0.17677,-2.060776,-0.8012589,-0.2824359,0.5274599,0.0,0.0,0.0,0.0,0.0,0.0,0.0,1.144834,0.3618827,2.504194,1.88131,0.1767264,-2.035199,0.08036719,-0.5464892,0.1090449,0.8264381,14.59712,293.7522,5.47895,0.6931797,0.06108063,-0.7181711,-0.4533313,0.01278136,0.3907084,1.302619,-0.3410153,-0.7917145,0.07726359,-0.05342859,1.915,0.3789175,0.09239808,0.9208062,-0.2680773,0.9633006,0.01365326,-0.8857517,-0.2520207,0.3897813,moving,-56.64353,-28.16746,2.310432,-1.59814
05/11/2023 13:09:18.357594,399,True,True,True,True,Eyes,1.923449,0.1765794,-2.059106,-0.8016829,-0.2839074,0.5260238,0.0,0.0,0.0,0.0,0.0,0.0,0.0,1.164655,0.3603905,2.481795,1.870502,0.1759752,-2.028759,0.0809783,-0.5500593,0.1087138,0.8240501,14.65856,293.2409,5.342909,0.6919547,0.06130029,-0.7193327,-0.4261314,0.01201448,0.3672659,1.284613,-0.3542889,-0.7965433,0.0812453,-0.056182,1.915,0.371232,0.09008543,0.9241599,-0.2682569,0.9632477,0.0138623,-0.8889461,-0.2530584,0.3817544,moving,-56.72914,-28.35678,2.429359,-1.680453
05/11/2023 13:09:18.377540,400,True,True,True,True,Eyes,1.920122,0.1763722,-2.057225,-0.802169,-0.285174,0.5245959,0.0,0.0,0.0,0.0,0.0,0.0,0.0,1.183593,0.3595878,2.458865,1.859474,0.1749379,-2.021872,0.08161981,-0.5535405,0.1087136,0.8216525,14.74283,292.7425,5.238138,0.690865,0.0614561,-0.720366,-0.4005635,0.01129361,0.3452299,1.26346,-0.3589566,-0.8008952,0.0850904,-0.0588409,1.915,0.3635487,0.08828981,0.9273821,-0.2690093,0.9630391,0.01377148,-0.8918894,-0.2544809,0.3738624,moving,-56.81645,-28.52882,2.544186,-1.759935
05/11/2023 13:09:18.387047,401,True,True,True,True,Eyes,1.916463,0.1761238,-2.05515,-0.8028506,-0.2863747,0.5228961,0.0,0.0,0.0,0.0,0.0,0.0,0.0,1.203009,0.3554201,2.435656,1.84815,0.1744636,-2.014914,0.0816874,-0.5571321,0.1092686,0.8191408,14.80801,292.2365,5.22195,0.6898835,0.06156619,-0.7212967,-0.3765297,0.010616,0.3245161,1.240832,-0.3675728,-0.8077748,0.0892821,-0.06173965,1.915,0.3553284,0.08799131,0.9305909,-0.270034,0.9627751,0.01207292,-0.8948874,-0.255581,0.365862,moving,-56.92382,-28.70821,2.669339,-1.846578
05/11/2023 13:09:18.407305,402,True,True,True,True,Eyes,1.9125,0.1758436,-2.05284,-0.8036626,-0.28745,0.5210556,0.0,0.0,0.0,0.0,0.0,0.0,0.0,1.22457,0.3487415,2.411247,1.836538,0.173222,-2.008089,0.08139481,-0.5612212,0.1085897,0.8164643,14.76159,291.6534,5.099874,0.6889669,0.06166531,-0.7221639,-0.3539379,0.009979036,0.3050452,1.215815,-0.3695976,-0.8141582,0.09275585,-0.06414157,1.915,0.346478,0.08595819,0.9341115,-0.2686802,0.9631664,0.01102624,-0.898757,-0.2547976,0.3568112,moving,-57.04259,-28.88414,2.773038,-1.918364
05/11/2023 13:09:18.427162,403,True,True,True,True,Eyes,1.908216,0.1755109,-2.050331,-0.8046561,-0.2885388,0.5189161,0.0,0.0,0.0,0.0,0.0,0.0,0.0,1.247836,0.3486307,2.384449,1.825023,0.1719828,-2.000986,0.08236237,-0.5656143,0.1079077,0.8134206,14.83633,291.011,4.888628,0.6881066,0.06175431,-0.7229762,-0.3327017,0.009380293,0.2867424,1.193193,-0.3740197,-0.8202939,0.09686929,-0.06698614,1.915,0.3368728,0.08237809,0.9379395,-0.2687194,0.9631447,0.01192215,-0.9023894,-0.2560588,0.3465939,moving,-57.18236,-29.07586,2.89581,-2.003373
05/11/2023 13:09:18.437597,404,True,True,True,True,Eyes,1.903635,0.1751339,-2.047582,-0.8057402,-0.2895054,0.5166909,0.0,0.0,0.0,0.0,0.0,0.0,0.0,1.271125,0.3462839,2.356909,1.813043,0.1704043,-1.993621,0.08281241,-0.5700678,0.1077382,0.8102822,14.89444,290.3664,4.759124,0.6872952,0.0618331,-0.7237409,-0.3127396,0.008817475,0.2695379,1.168482,-0.3672394,-0.8231617,0.1004617,-0.06947023,1.914999,0.3268302,0.0801793,0.9416758,-0.269014,0.9630691,0.01136667,-0.9059875,-0.257039,0.3363295,moving,-57.32948,-29.2622,3.003008,-2.077602
05/11/2023 13:09:18.457574,405,True,True,True,True,Eyes,1.898748,0.1746963,-2.044636,-0.8069612,-0.2905864,0.5141724,0.0,0.0,0.0,0.0,0.0,0.0,0.0,1.293943,0.3429752,2.329237,1.800993,0.1688525,-1.986247,0.08304849,-0.5744835,0.1078949,0.8071124,14.953,289.7292,4.675174,0.6865259,0.06190201,-0.7244648,-0.2939752,0.008288426,0.2533656,1.143864,-0.3643213,-0.8284317,0.1045088,-0.07226889,1.915,0.3166548,0.07874667,0.9452664,-0.2695866,0.9629232,0.0100912,-0.9094244,-0.2580266,0.3261433,moving,-57.49589,-29.47312,3.12375,-2.161221
05/11/2023 13:09:18.477553,406,True,True,True,True,Eyes,1.769332,0.1619271,-1.966067,-0.8432552,-0.3168944,0.4341646,0.0,0.0,0.0,0.0,0.0,0.0,0.0,1.317073,0.3454334,2.29959,1.78878,0.1669969,-1.978509,0.08424088,-0.5789064,0.1090357,0.8036681,15.16777,289.0826,4.618866,0.685792,0.06196067,-0.7251546,-0.2763367,0.007791121,0.2381637,1.118477,-0.3691152,-0.8371971,0.1083532,-0.0749276,1.915,0.3059573,0.07772191,0.9488676,-0.2727922,0.9620294,0.009160405,-0.9121265,-0.2616463,0.3155418,moving,-62.75754,-36.1255,3.238417,-2.240651
05/11/2023 13:09:18.487300,407,True,True,True,True,Eyes,1.768844,0.1618444,-1.965758,-0.8434404,-0.3170813,0.4336678,0.0,0.0,0.0,0.0,0.0,0.0,0.0,1.343006,0.3456495,2.268299,1.776549,0.1647152,-1.971056,0.08505043,-0.583884,0.1099244,0.7998515,15.33259,288.3548,4.5513,0.6827297,0.06204248,-0.7280317,-0.6480026,-0.03098384,0.4595814,1.092716,-0.3709499,-0.8453498,0.1121317,-0.07754029,1.915,0.2939921,0.07652729,0.9527392,-0.2751656,0.9613661,0.00768916,-0.9153427,-0.2644217,0.3036917,moving,-62.78934,-36.17284,3.351093,-2.318697
05/11/2023 13:09:18.507321,408,True,True,True,True,Eyes,1.767847,0.1616942,-1.965211,-0.8448828,-0.3176918,0.4304008,0.0,0.0,0.0,0.0,0.0,0.0,0.0,1.37093,0.3499474,2.234263,1.764398,0.1626898,-1.96323,0.08674993,-0.5892803,0.1110475,0.795545,15.59901,287.5509,4.433012,0.6802849,0.06207102,-0.7303142,-0.6091225,-0.02912481,0.4320065,1.068757,-0.3730747,-0.852426,0.1159143,-0.08015618,1.915,0.2808343,0.07444657,0.9568647,-0.2789267,0.9602858,0.007150654,-0.9183312,-0.2689032,0.2904463,moving,-63.00477,-36.43216,3.463869,-2.39683
05/11/2023 13:09:18.526980,409,True,True,True,True,Eyes,1.76638,0.1614446,-1.964343,-0.8465564,-0.3182209,0.4267057,0.0,0.0,0.0,0.0,0.0,0.0,0.0,1.400572,0.3463437,2.199022,1.751717,0.1610766,-1.955197,0.08718415,-0.5952327,0.1115695,0.79098,15.70839,286.673,4.331659,0.6783222,0.06206003,-0.7321385,-0.5725751,-0.02737732,0.4060861,1.04386,-0.3659218,-0.8562384,0.1198442,-0.08287358,1.915,0.2665007,0.07270885,0.9610885,-0.2802883,0.9599023,0.005102179,-0.9221801,-0.2707415,0.276194,moving,-63.24967,-36.71418,3.581004,-2.477987
05/11/2023 13:09:18.547009,410,True,True,True,True,Eyes,1.764471,0.1610731,-1.963219,-0.848368,-0.3187524,0.4226919,0.0,0.0,0.0,0.0,0.0,0.0,0.0,1.430761,0.3344485,2.163132,1.73901,0.1584227,-1.946489,0.08597322,-0.6017068,0.111005,0.7862795,15.59185,285.7292,4.233249,0.6767378,0.06201826,-0.7336069,-0.5382206,-0.02573468,0.3817209,1.021937,-0.3682709,-0.8619107,0.1236209,-0.08548526,1.915,0.2512537,0.07110053,0.9653063,-0.2780232,0.960573,0.001613041,-0.9271324,-0.2687829,0.2611151,moving,-63.51563,-37.01999,3.693547,-2.555976
05/11/2023 13:09:18.567624,411,True,True,True,True,Eyes,1.762136,0.1606003,-1.961771,-0.8502905,-0.3194694,0.4182647,0.0,0.0,0.0,0.0,0.0,0.0,0.0,1.460626,0.3330447,2.125328,1.726893,0.1552651,-1.937808,0.08659666,-0.6080365,0.111357,0.7812761,15.70771,284.7802,4.091996,0.6754497,0.06195087,-0.7347987,-0.5059273,-0.0241906,0.3588177,1.000971,-0.3713302,-0.8664598,0.1275478,-0.08820061,1.915,0.2357824,0.06869325,0.9693751,-0.279309,0.9602013,-0.0001064417,-0.9308025,-0.27073,0.2455853,moving,-63.80706,-37.37249,3.810534,-2.637052
05/11/2023 13:09:18.577450,412,True,True,True,True,Eyes,1.759409,0.1600655,-1.959978,-0.8522246,-0.3202925,0.4136736,0.0,0.0,0.0,0.0,0.0,0.0,0.0,1.488592,0.3369499,2.086064,1.714327,0.1524024,-1.92846,0.08827449,-0.6140684,0.1126863,0.7761633,15.98734,283.8582,3.967394,0.6743945,0.06186219,-0.7357749,-0.4755717,-0.02273916,0.3372886,0.9814925,-0.3705686,-0.8684181,0.1316547,-0.09104078,1.915,0.2204436,0.06651271,0.9731293,-0.283339,0.9590189,-0.001363294,-0.9333401,-0.275425,0.2302552,moving,-64.10786,-37.74932,3.932852,-2.721842
05/11/2023 13:09:18.597427,413,True,True,True,True,Eyes,1.756288,0.1594886,-1.957877,-0.8542938,-0.3212043,0.4086683,0.0,0.0,0.0,0.0,0.0,0.0,0.0,1.515355,0.3346216,2.048024,1.702001,0.1503298,-1.919184,0.08888744,-0.62005,0.1141855,0.7711023,16.18168,282.9532,3.932731,0.673522,0.06175662,-0.7365825,-0.4470374,-0.02137481,0.3170513,0.9619932,-0.3702294,-0.8706536,0.1352895,-0.09355432,1.914999,0.2049995,0.06586811,0.9765431,-0.2863266,0.9581214,-0.004518814,-0.9359444,-0.278684,0.2152742,moving,-64.43496,-38.16656,4.041079,-2.796872
05/11/2023 13:09:18.607431,414,True,True,True,True,Eyes,1.752802,0.1588388,-1.955444,-0.8564806,-0.3219009,0.4035106,0.0,0.0,0.0,0.0,0.0,0.0,0.0,1.542725,0.3313769,2.008259,1.68946,0.1487653,-1.909583,0.08954177,-0.6263939,0.1149477,0.7657676,16.32834,281.9817,3.816086,0.6727916,0.06163814,-0.7372596,-0.4202152,-0.02009232,0.2980282,0.9412746,-0.3686883,-0.8733816,0.1392793,-0.09631337,1.915,0.1888354,0.06386965,0.9799295,-0.2882233,0.9575385,-0.006868755,-0.9387589,-0.2811415,0.1992259,moving,-64.77364,-38.58114,4.159838,-2.879219
05/11/2023 13:09:18.627318,415,True,True,True,True,Eyes,1.74898,0.1580991,-1.952732,-0.8588508,-0.3226349,0.3978466,0.0,0.0,0.0,0.0,0.0,0.0,0.0,1.571603,0.3212186,1.967581,1.677071,0.1462296,-1.900143,0.08882271,-0.6335343,0.1125225,0.7603181,16.11945,280.8896,3.494797,0.6721405,0.06151221,-0.7378637,-0.3950022,-0.01888678,0.2801465,0.9194091,-0.3682334,-0.8775974,0.1431814,-0.09901179,1.915,0.1719463,0.05856135,0.983364,-0.2836502,0.9588984,-0.007506681,-0.9433858,-0.2776408,0.1814899,moving,-65.14495,-39.04043,4.275957,-2.959745
05/11/2023 13:09:18.647697,416,True,True,True,True,Eyes,1.744824,0.1573275,-1.949725,-0.8611479,-0.3235743,0.3920766,0.0,0.0,0.0,0.0,0.0,0.0,0.0,1.600904,0.3221757,1.923848,1.665248,0.1433453,-1.890578,0.09019671,-0.6407423,0.110693,0.7543613,16.13689,279.747,3.068414,0.6715249,0.06138113,-0.7384349,-0.3713021,-0.01775357,0.2633377,0.8957353,-0.3657403,-0.882991,0.1469243,-0.1015998,1.915,0.1543928,0.05141933,0.9866707,-0.2825907,0.9592232,-0.005769546,-0.946734,-0.2779332,0.1626278,moving,-65.52045,-39.53229,4.387302,-3.036966
05/11/2023 13:09:18.657450,417,True,True,True,True,Eyes,1.740316,0.1566285,-1.946467,-0.8635063,-0.3246954,0.3859141,0.0,0.0,0.0,0.0,0.0,0.0,0.0,1.627332,0.3332192,1.879482,1.652994,0.141791,-1.881277,0.09377739,-0.6471905,0.1104985,0.7484254,16.4631,278.6783,2.630672,0.6709415,0.06124552,-0.7389765,-0.349024,-0.01668836,0.2475375,0.8727065,-0.3678156,-0.8900548,0.1507416,-0.1042396,1.915,0.1378694,0.04401608,0.989472,-0.2867833,0.9579918,-0.002656366,-0.9480229,-0.2833978,0.1447008,moving,-65.9194,-40.07615,4.500827,-3.115718
05/11/2023 13:09:18.677463,418,True,True,True,True,Eyes,1.73543,0.1562783,-1.942967,-0.8656022,-0.3263617,0.3797643,0.0,0.0,0.0,0.0,0.0,0.0,0.0,1.651465,0.3332125,1.837335,1.640051,0.1428805,-1.871893,0.09566811,-0.6532972,0.1117811,0.7426678,16.74734,277.6878,2.455905,0.6703831,0.06110933,-0.7394943,-0.3280825,-0.01568706,0.2326852,0.8476281,-0.3672473,-0.8977013,0.1547135,-0.1069861,1.915,0.1214155,0.041033,0.9917533,-0.2910318,0.9567053,-0.003953293,-0.9489778,-0.2881518,0.1281008,moving,-66.31158,-40.67509,4.618914,-3.197642
05/11/2023 13:09:18.697553,419,True,True,True,True,Eyes,1.730132,0.1561233,-1.939236,-0.8680552,-0.3273732,0.3732386,0.0,0.0,0.0,0.0,0.0,0.0,0.0,1.678418,0.34025,1.79031,1.626044,0.1509764,-1.863131,0.1006224,-0.6590965,0.1199834,0.7355753,17.82989,276.6919,2.641553,0.6698426,0.06098672,-0.7399938,-0.3083976,-0.01474583,0.2187241,0.8206,-0.363146,-0.9064862,0.1588714,-0.1098614,1.915,0.1023916,0.0438739,0.9937761,-0.3091533,0.9509583,-0.0101306,-0.9454841,-0.3061919,0.1109339,moving,-66.7337,-41.25449,4.742486,-3.283395
05/11/2023 13:09:18.707686,420,True,True,True,True,Eyes,1.724627,0.1560152,-1.935281,-0.8705184,-0.3282275,0.3666939,0.0,0.0,0.0,0.0,0.0,0.0,0.0,1.703722,0.2840294,1.752813,1.610974,0.1553581,-1.853732,0.09197409,-0.6668231,0.1176426,0.7301015,16.92948,275.6254,2.943219,0.6693138,0.0608849,-0.7404805,-0.2898937,-0.01386108,0.2056006,0.7938089,-0.3610809,-0.9162138,0.162468,-0.1123485,1.915,0.08301449,0.04912114,0.9953371,-0.2944429,0.955402,-0.02259275,-0.9520568,-0.2911943,0.09377559,moving,-67.15741,-41.83171,4.849342,-3.357558
05/11/2023 13:09:18.727468,421,True,True,True,True,Eyes,1.718871,0.1559724,-1.931176,-0.8727557,-0.3299875,0.3597301,0.0,0.0,0.0,0.0,0.0,0.0,0.0,1.728826,0.2720168,1.711152,1.600542,0.1563644,-1.845179,0.09142318,-0.6737716,0.117516,0.7237845,16.89982,274.5166,2.810534,0.6687954,0.06080441,-0.7409554,-0.2725001,-0.01302942,0.1932646,0.7680171,-0.3572246,-0.9236682,0.1666043,-0.1152088,1.915,0.06444405,0.0469159,0.9968179,-0.2933092,0.9556636,-0.02601657,-0.9538432,-0.2906992,0.07534765,moving,-67.59966,-42.53078,4.972192,-3.442835
05/11/2023 13:09:18.737269,422,True,True,True,True,Eyes,1.712888,0.1559925,-1.926909,-0.8749744,-0.33149,0.352894,0.0,0.0,0.0,0.0,0.0,0.0,0.0,1.753001,0.3051368,1.660917,1.588751,0.1581072,-1.837291,0.1007124,-0.6790882,0.1245798,0.7163633,18.26996,273.465,2.517091,0.6682823,0.06074615,-0.741423,-0.2561501,-0.01224765,0.1816687,0.7453955,-0.3546489,-0.9291272,0.1702374,-0.1177211,1.915,0.0466384,0.0417035,0.9980409,-0.315274,0.9486738,-0.02490791,-0.947854,-0.3134947,0.05739265,moving,-68.03484,-43.20866,5.080058,-3.517725
05/11/2023 13:09:18.757645,423,True,True,True,True,Eyes,1.706774,0.1560681,-1.922549,-0.8769584,-0.333739,0.3457779,0.0,0.0,0.0,0.0,0.0,0.0,0.0,1.771511,0.2936024,1.623793,1.577382,0.1594776,-1.829642,0.1001939,-0.684932,0.1224667,0.7112183,18.07623,272.5116,2.227502,0.6677726,0.06071115,-0.7418851,-0.2407811,-0.01151279,0.1707686,0.7244733,-0.3524411,-0.9331949,0.1739722,-0.1203038,1.915,0.03174038,0.03694914,0.9988131,-0.311453,0.9499263,-0.02524327,-0.9497314,-0.3102821,0.0416589,moving,-68.48107,-43.98501,5.190909,-3.594703
05/11/2023 13:09:18.777166,424,True,True,True,True,Eyes,1.700438,0.1562306,-1.918146,-0.8787845,-0.3360209,0.3388621,0.0,0.0,0.0,0.0,0.0,0.0,0.0,1.786435,0.3310588,1.583373,1.568136,0.1610968,-1.822915,0.1100287,-0.6885774,0.1261238,0.7055832,19.20572,271.6693,1.605309,0.6672648,0.0606997,-0.7423426,-0.2263342,-0.01082203,0.1605225,0.7010347,-0.3420103,-0.9365348,0.1778213,-0.1229655,1.915,0.01990796,0.02645511,0.9994518,-0.3295083,0.9439729,-0.01842318,-0.9439427,-0.3289609,0.02750977,moving,-68.9132,-44.75879,5.305106,-3.674017
05/11/2023 13:09:18.797760,425,True,True,True,True,Eyes,1.693901,0.1564846,-1.913703,-0.8808028,-0.3377911,0.3317886,0.0,0.0,0.0,0.0,0.0,0.0,0.0,1.799372,0.3423741,1.547736,1.556488,0.1634287,-1.816888,0.1145066,-0.6924596,0.1263969,0.7010077,19.60839,270.8987,1.133089,0.6667538,0.06071333,-0.7428004,-0.2127542,-0.01017271,0.1508911,0.6769724,-0.3285937,-0.9397171,0.1815999,-0.1255783,1.915,0.009046939,0.01862804,0.9997855,-0.3357927,0.9418241,-0.01450955,-0.9418925,-0.3355895,0.01477573,moving,-69.35916,-45.51362,5.417171,-3.751865
05/11/2023 13:09:18.807327,426,True,True,True,True,Eyes,1.52607,0.1642663,-1.802089,-0.917953,-0.3653995,0.1544193,0.0,0.0,0.0,0.0,0.0,0.0,0.0,1.81112,0.3149994,1.522155,1.545203,0.1657903,-1.811407,0.1103808,-0.697116,0.1220639,0.697815,18.91931,270.2235,0.996978,0.6662358,0.06075364,-0.7432618,-0.1999889,-0.009562342,0.1418377,0.665514,-0.3489216,-0.9439313,0.1854758,-0.1282586,1.915,-0.001740663,0.01645968,0.999863,-0.3242525,0.945833,-0.01613473,-0.9459689,-0.3242362,0.003690715,moving,-80.45103,-67.09088,5.532083,-3.831706
05/11/2023 13:09:18.826937,427,True,True,True,True,Eyes,1.525591,0.164304,-1.801892,-0.918213,-0.364932,0.1539793,0.0,0.0,0.0,0.0,0.0,0.0,0.0,1.825224,0.2941871,1.492305,1.534334,0.167394,-1.806311,0.1077683,-0.70179,0.1214013,0.6936415,18.65698,269.5013,1.037579,0.6618026,0.0625672,-0.7470621,-0.6914821,0.01435667,0.4681694,0.6526079,-0.3546533,-0.9421962,0.1895569,-0.1310808,1.915,-0.01449488,0.01715661,0.9997478,-0.3196794,0.9472954,-0.02089138,-0.9474149,-0.3199016,-0.008246348,moving,-80.48038,-67.12319,5.653027,-3.915761
05/11/2023 13:09:18.837734,428,True,True,True,True,Eyes,1.524692,0.1643603,-1.801494,-0.9186329,-0.3641025,0.1534373,0.0,0.0,0.0,0.0,0.0,0.0,0.0,1.837737,0.2618759,1.464545,1.522448,0.1682275,-1.801277,0.1022787,-0.7066602,0.1180121,0.6901041,17.93603,268.816,1.10387,0.6583676,0.06396221,-0.7499735,-0.6499931,0.01349527,0.4400792,0.6322495,-0.3318272,-0.9382345,0.1931898,-0.1335928,1.915,-0.0265909,0.01832871,0.9994784,-0.3074339,0.9512244,-0.02562303,-0.9511978,-0.3079548,-0.01965899,moving,-80.51754,-67.14885,5.760646,-3.990561
05/11/2023 13:09:18.858011,429,True,True,True,True,Eyes,1.52336,0.1644456,-1.800945,-0.919141,-0.3631716,0.1525979,0.0,0.0,0.0,0.0,0.0,0.0,0.0,1.848233,0.2407438,1.437731,1.51154,0.1686034,-1.796612,0.0990506,-0.7106869,0.1166678,0.68666,17.56916,268.2103,1.168069,0.6556995,0.06503869,-0.7522152,-0.6109935,0.01268556,0.4136744,0.621829,-0.355305,-0.943975,0.1973075,-0.1364405,1.915,-0.03737436,0.01943434,0.9991124,-0.3010102,0.9531552,-0.02980047,-0.9528883,-0.3018567,-0.02977372,moving,-80.57361,-67.20877,5.882578,-4.07534
05/11/2023 13:09:18.877492,430,True,True,True,True,Eyes,1.521616,0.1645448,-1.800242,-0.9198165,-0.36186,0.1516407,0.0,0.0,0.0,0.0,0.0,0.0,0.0,1.857067,0.2187008,1.412264,1.499899,0.1693365,-1.792384,0.09586669,-0.7140809,0.1176765,0.6834109,17.40318,267.7055,1.436989,0.6536195,0.06587217,-0.7539509,-0.5743339,0.01192442,0.388854,0.6034017,-0.359754,-0.9489434,0.2012597,-0.1391736,1.915,-0.04751847,0.02392963,0.9985838,-0.2977559,0.9539236,-0.03702834,-0.9534588,-0.2990937,-0.03820387,moving,-80.63844,-67.26344,5.999558,-4.156691
05/11/2023 13:09:18.897346,431,True,True,True,True,Eyes,1.519495,0.1646302,-1.799431,-0.9205381,-0.3605714,0.150326,0.0,0.0,0.0,0.0,0.0,0.0,0.0,1.866226,0.1821956,1.38835,1.488376,0.169583,-1.788712,0.08919352,-0.7179835,0.1164887,0.6804225,16.7773,267.1916,1.822174,0.6519908,0.06651921,-0.7553031,-0.5398739,0.01120896,0.3655227,0.5816964,-0.34933,-0.9525455,0.2051967,-0.141896,1.915,-0.05813948,0.03044408,0.9978442,-0.2866019,0.9569498,-0.0458953,-0.956284,-0.2886524,-0.04691126,moving,-80.72533,-67.36823,6.116039,-4.23771
05/11/2023 13:09:18.907005,432,True,True,True,True,Eyes,1.516984,0.1647334,-1.798514,-0.9211549,-0.359661,0.14872,0.0,0.0,0.0,0.0,0.0,0.0,0.0,1.877289,0.1665528,1.358696,1.477278,0.1693167,-1.785215,0.08726931,-0.7217941,0.1179834,0.6763706,16.76053,266.5749,2.012161,0.6507051,0.06702257,-0.7563666,-0.5074815,0.01053642,0.3435914,0.5640296,-0.3554181,-0.9582199,0.2087415,-0.1443469,1.915,-0.06981367,0.03362002,0.9969934,-0.2855819,0.956928,-0.0522666,-0.955808,-0.2883722,-0.05720537,moving,-80.82877,-67.53488,6.220875,-4.31063
05/11/2023 13:09:18.927526,433,True,True,True,True,Eyes,1.514111,0.1648052,-1.797515,-0.9217902,-0.3588251,0.1467901,0.0,0.0,0.0,0.0,0.0,0.0,0.0,1.888945,0.1599389,1.326079,1.465489,0.1698425,-1.782042,0.08762873,-0.7255682,0.1198913,0.6719362,16.96218,265.9079,2.034527,0.6496775,0.0674164,-0.7572144,-0.4770326,0.009904236,0.3229759,0.5428965,-0.347759,-0.9613615,0.2126133,-0.1470244,1.915,-0.0816461,0.03395731,0.9960828,-0.2882798,0.9558946,-0.05621675,-0.9540591,-0.2917404,-0.06825584,moving,-80.95193,-67.75124,6.335332,-4.39028
05/11/2023 13:09:18.947228,434,True,True,True,True,Eyes,1.510936,0.1648365,-1.796434,-0.9221957,-0.35869,0.1445567,0.0,0.0,0.0,0.0,0.0,0.0,0.0,1.898489,0.1526887,1.296089,1.453964,0.1691708,-1.778986,0.08736277,-0.7290136,0.1206048,0.668103,17.01247,265.3101,2.024177,0.6488397,0.06772579,-0.7579048,-0.4484106,0.009309981,0.3035973,0.5207478,-0.3376864,-0.9651714,0.2165887,-0.1497736,1.914999,-0.09201244,0.0337756,0.995185,-0.2885302,0.9556444,-0.05911043,-0.9530395,-0.2925797,-0.07818596,moving,-81.09122,-68.04993,6.452801,-4.472044
05/11/2023 13:09:18.957517,435,True,True,True,True,Eyes,1.507436,0.1648665,-1.795324,-0.9224571,-0.3590142,0.1420619,0.0,0.0,0.0,0.0,0.0,0.0,0.0,1.907507,0.161687,1.266128,1.443596,0.1683159,-1.776375,0.09099932,-0.7316449,0.1244557,0.6640223,17.63583,264.7519,1.931727,0.6481402,0.06796933,-0.7584813,-0.421506,0.008751382,0.2853815,0.5021172,-0.347111,-0.9741042,0.22063,-0.1525683,1.915,-0.101587,0.03212437,0.9943078,-0.2984411,0.9524598,-0.06126361,-0.9490063,-0.3029659,-0.08717021,moving,-81.24502,-68.41131,6.572157,-4.55514
05/11/2023 13:09:18.977081,436,True,True,True,True,Eyes,1.503627,0.1648912,-1.79418,-0.9226282,-0.3596713,0.1392616,0.0,0.0,0.0,0.0,0.0,0.0,0.0,1.916353,0.1735195,1.235396,1.432312,0.1684346,-1.774495,0.0955602,-0.7340845,0.1279469,0.6600137,18.29983,264.1953,1.725897,0.6474741,0.06818782,-0.7590304,-0.3962156,0.008226299,0.2682586,0.4800003,-0.3512241,-0.9845747,0.2242482,-0.1550701,1.915,-0.1105007,0.02859488,0.9934647,-0.3091919,0.9489957,-0.06170559,-0.9445581,-0.3139897,-0.09602345,moving,-81.41656,-68.83403,6.678968,-4.629513
05/11/2023 13:09:18.997191,437,True,True,True,True,Eyes,1.401048,0.1649004,-1.765221,-0.922685,-0.3801198,0.06450904,0.0,0.0,0.0,0.0,0.0,0.0,0.0,1.924352,0.1738157,1.207433,1.421183,0.1683707,-1.772886,0.09716491,-0.7367797,0.1290163,0.656559,18.52401,263.6683,1.585509,0.6468024,0.06839563,-0.7595842,-0.3724427,0.007732721,0.2521631,0.4533235,-0.3372501,-0.992891,0.227946,-0.157627,1.915,-0.1189787,0.02623533,0.9925502,-0.3125918,0.9478276,-0.06252412,-0.9424067,-0.3177021,-0.1045703,moving,-86.0007,-80.36826,6.788084,-4.705506
05/11/2023 13:09:19.007473,438,True,True,True,True,Eyes,1.400587,0.1648896,-1.76517,-0.9224831,-0.3806847,0.06406412,0.0,0.0,0.0,0.0,0.0,0.0,0.0,1.931245,0.172834,1.180822,1.410033,0.1678376,-1.771315,0.09863041,-0.7390872,0.1316963,0.6532063,18.87606,263.2049,1.59011,0.6420715,0.06934112,-0.7635021,-0.6578345,0.007296429,0.3239093,0.4340983,-0.3455176,-1.001938,0.2317753,-0.1602753,1.915,-0.1271872,0.02625674,0.9915311,-0.3178426,0.9458563,-0.06581803,-0.9395741,-0.3235221,-0.1119554,moving,-86.02734,-80.4474,6.901029,-4.784203
05/11/2023 13:09:19.027142,439,True,True,True,True,Eyes,1.399683,0.1648648,-1.76508,-0.9223322,-0.3811633,0.0633864,0.0,0.0,0.0,0.0,0.0,0.0,0.0,1.937256,0.1644047,1.156243,1.398537,0.1676037,-1.769998,0.09830287,-0.7414376,0.1332041,0.6502796,18.98822,262.7833,1.664653,0.6383551,0.07005839,-0.7665468,-0.6183645,0.006858643,0.3044748,0.4171099,-0.362961,-1.012438,0.235826,-0.1630766,1.915,-0.134946,0.02746886,0.9904721,-0.3190106,0.9451864,-0.06967629,-0.9380947,-0.3253737,-0.1187862,moving,-86.06859,-80.55828,7.020442,-4.867422
05/11/2023 13:09:19.047160,440,True,True,True,True,Eyes,1.398352,0.1648353,-1.764976,-0.9221113,-0.3818596,0.06240119,0.0,0.0,0.0,0.0,0.0,0.0,0.0,1.942509,0.1524463,1.133276,1.38702,0.167225,-1.768928,0.09687454,-0.7438064,0.1333639,0.6477513,18.89864,262.3916,1.736018,0.6354273,0.07059995,-0.7689261,-0.5812626,0.006447125,0.2862063,0.3968905,-0.366515,-1.020506,0.2395287,-0.1656368,1.915,-0.1420674,0.02866149,0.989442,-0.3168851,0.9456589,-0.07289259,-0.9377638,-0.323895,-0.1252649,moving,-86.12858,-80.7191,7.129546,-4.943461
05/11/2023 13:09:19.057407,441,True,True,True,True,Eyes,1.39659,0.1647988,-1.764874,-0.9220116,-0.3822868,0.06124876,0.0,0.0,0.0,0.0,0.0,0.0,0.0,1.946872,0.1412975,1.11184,1.375438,0.1671141,-1.76825,0.09557357,-0.7458853,0.1332786,0.6455677,18.7972,262.0484,1.786157,0.6331093,0.07100637,-0.7707984,-0.5463868,0.006060297,0.2690339,0.386135,-0.3968095,-1.031137,0.2434162,-0.168325,1.915,-0.1482162,0.02950688,0.9885147,-0.3146546,0.946205,-0.0754227,-0.9375631,-0.3222196,-0.1309584,moving,-86.19946,-80.89761,7.244036,-5.023283
05/11/2023 13:09:19.077177,442,True,True,True,True,Eyes,1.394426,0.1647107,-1.764772,-0.9219678,-0.3826116,0.05986432,0.0,0.0,0.0,0.0,0.0,0.0,0.0,1.950547,0.1260991,1.092048,1.363398,0.1668511,-1.768165,0.0928968,-0.7479773,0.1312416,0.6439534,18.41961,261.7465,1.815469,0.6312583,0.07130898,-0.7722872,-0.5136036,0.005696679,0.2528919,0.37306,-0.4170623,-1.038513,0.2473401,-0.1710386,1.915,-0.1533886,0.03005756,0.9877087,-0.3079963,0.9482917,-0.07668905,-0.9389411,-0.3159738,-0.1361995,moving,-86.28494,-81.10747,7.359542,-5.103842
05/11/2023 13:09:19.097162,443,True,True,True,True,Eyes,1.391872,0.164552,-1.764698,-0.9219333,-0.3829334,0.05831892,0.0,0.0,0.0,0.0,0.0,0.0,0.0,1.954709,0.1114749,1.071301,1.351654,0.1654911,-1.768232,0.0901509,-0.7501667,0.1295693,0.6421329,18.06977,261.4247,1.877388,0.6297601,0.07153028,-0.7734889,-0.4827874,0.005354878,0.2377184,0.3597191,-0.4319276,-1.044289,0.2510344,-0.1735931,1.915,-0.1590766,0.03114495,0.9867749,-0.3016577,0.9501693,-0.07861938,-0.9400517,-0.3101747,-0.1417546,moving,-86.38046,-81.34067,7.468231,-5.179655
05/11/2023 13:09:19.107415,444,True,True,True,True,Eyes,1.388935,0.1643654,-1.764626,-0.9218165,-0.3834919,0.05646604,0.0,0.0,0.0,0.0,0.0,0.0,0.0,1.959981,0.1021762,1.048117,1.33989,0.1637921,-1.768724,0.08907822,-0.7522475,0.1302689,0.6397021,18.05657,261.0676,1.967925,0.6285246,0.07168657,-0.7744787,-0.4538202,0.005033586,0.2234553,0.3480662,-0.4497638,-1.048997,0.2550023,-0.1763372,1.915,-0.1656926,0.03264881,0.9856369,-0.3006843,0.9501902,-0.0820218,-0.9392205,-0.3099559,-0.1476224,moving,-86.49471,-81.62385,7.584911,-5.261078
05/11/2023 13:09:19.127304,445,True,True,True,True,Eyes,1.385626,0.164125,-1.7646,-0.9217261,-0.3840027,0.0544331,0.0,0.0,0.0,0.0,0.0,0.0,0.0,1.966196,0.09481013,1.022725,1.327845,0.1627837,-1.769523,0.08877628,-0.7545069,0.1313292,0.6368602,18.1348,260.6544,2.008814,0.6273631,0.07181828,-0.7754077,-0.4265909,0.00473157,0.2100479,0.3311427,-0.4543836,-1.052895,0.2588134,-0.1789726,1.915,-0.173056,0.03331204,0.9843485,-0.3012413,0.9497428,-0.08510145,-0.9377128,-0.3112537,-0.1543237,moving,-86.62029,-81.93197,7.696924,-5.339257
05/11/2023 13:09:19.147030,446,True,True,True,True,Eyes,1.381963,0.1638211,-1.764615,-0.9215516,-0.3847182,0.05229224,0.0,0.0,0.0,0.0,0.0,0.0,0.0,1.97172,0.08863103,0.9981089,1.315652,0.1612501,-1.77054,0.08831297,-0.7566852,0.1310618,0.6343905,18.08303,260.2648,1.967603,0.6262273,0.07193285,-0.7763147,-0.4009955,0.004447676,0.197445,0.3143836,-0.4599077,-1.057508,0.2626269,-0.1816096,1.915,-0.1794992,0.03263854,0.9832166,-0.299939,0.9500473,-0.08629526,-0.9369188,-0.3103949,-0.1607431,moving,-86.75231,-82.2596,7.808944,-5.417459
05/11/2023 13:09:19.157130,447,True,True,True,True,Eyes,1.377948,0.1634541,-1.764714,-0.921388,-0.3854058,0.05006479,0.0,0.0,0.0,0.0,0.0,0.0,0.0,1.976085,0.08472334,0.9755044,1.303554,0.1594997,-1.771725,0.08834786,-0.7583995,0.1312833,0.6322892,18.11066,259.9446,1.930128,0.6251041,0.07202977,-0.7772104,-0.3769358,0.004180816,0.1855983,0.2980227,-0.4663995,-1.061222,0.2666025,-0.1843586,1.915001,-0.1848101,0.0320121,0.9822527,-0.3000239,0.9499187,-0.0874076,-0.9358584,-0.3108531,-0.1659502,moving,-86.88982,-82.59864,7.925661,-5.498963
05/11/2023 13:09:19.177285,448,True,True,True,True,Eyes,1.373606,0.1630208,-1.764922,-0.9211546,-0.3862495,0.04780634,0.0,0.0,0.0,0.0,0.0,0.0,0.0,1.98015,0.08044891,0.9542317,1.291104,0.1576236,-1.773761,0.08819208,-0.7598508,0.1312937,0.630564,18.10435,259.6784,1.902337,0.6239803,0.07210853,-0.7781057,-0.3543196,0.003929967,0.1744624,0.281139,-0.4713394,-1.064699,0.2706321,-0.1871449,1.915001,-0.1892225,0.03155247,0.981427,-0.2996037,0.9499682,-0.0883057,-0.9351109,-0.3107486,-0.1703021,moving,-87.02911,-82.94435,8.043897,-5.58155
05/11/2023 13:09:19.187211,449,True,True,True,True,Eyes,1.36893,0.1625228,-1.765235,-0.9209579,-0.3869967,0.04549957,0.0,0.0,0.0,0.0,0.0,0.0,0.0,1.984226,0.07339942,0.9334569,1.278849,0.155698,-1.776003,0.08742068,-0.761323,0.1315574,0.6288384,18.07504,259.4223,1.949867,0.6228444,0.07216831,-0.7790097,-0.3330604,0.003694169,0.1639947,0.261596,-0.4740227,-1.070356,0.2746288,-0.1899089,1.915001,-0.19384,0.03234592,0.9804997,-0.2985674,0.9501006,-0.09036839,-0.9344963,-0.3102623,-0.17451,moving,-87.17162,-83.29446,8.161101,-5.663454
05/11/2023 13:09:19.207407,450,True,True,True,True,Eyes,1.244105,0.1480521,-1.775922,-0.9140688,-0.4053755,-0.01220348,0.0,0.0,0.0,0.0,0.0,0.0,0.0,1.987896,0.06558494,0.9136157,1.266163,0.1536264,-1.778751,0.08631229,-0.7626309,0.1314106,0.6274359,17.9837,259.2071,2.003623,0.6216862,0.07220851,-0.7799305,-0.3130768,0.003472518,0.154155,0.2423058,-0.4806792,-1.078715,0.2780949,-0.1923058,1.915,-0.1977493,0.03325454,0.9796886,-0.2965522,0.9505629,-0.09212466,-0.9343193,-0.3087463,-0.1781114,moving,89.23511,88.27568,8.262691,-5.734461
05/11/2023 13:09:19.227446,451,True,True,True,True,Eyes,1.243591,0.1479488,-1.776062,-0.9141052,-0.4052913,-0.01227064,0.0,0.0,0.0,0.0,0.0,0.0,0.0,1.990787,0.05884151,0.8953211,1.253525,0.1511578,-1.781606,0.08509438,-0.7637287,0.1305338,0.6264492,17.8183,259.0375,2.020604,0.6144181,0.07177489,-0.7857088,-0.6687661,-0.04014792,0.1128426,0.2226785,-0.4869913,-1.086259,0.2819524,-0.1949733,1.915,-0.2006409,0.03356757,0.9790897,-0.2935236,0.9514397,-0.09277022,-0.9346589,-0.3059994,-0.1810449,moving,89.23093,88.26584,8.375691,-5.813466
05/11/2023 13:09:19.237345,452,True,True,True,True,Eyes,1.242571,0.1477502,-1.776359,-0.914121,-0.4052548,-0.01230847,0.0,0.0,0.0,0.0,0.0,0.0,0.0,1.993249,0.05168055,0.8787611,1.240689,0.1485479,-1.785093,0.0838213,-0.7644589,0.1302024,0.6257989,17.69676,258.9346,2.093708,0.6085559,0.0713869,-0.7902931,-0.6286402,-0.03773905,0.106072,0.2032117,-0.4930535,-1.093545,0.2857735,-0.1976158,1.914999,-0.2027,0.03480514,0.9786223,-0.2911169,0.9520426,-0.09415824,-0.9349674,-0.3039793,-0.1828467,moving,89.22857,88.26034,8.487557,-5.891706
05/11/2023 13:09:19.257862,453,True,True,True,True,Eyes,1.241076,0.1474652,-1.776823,-0.9141615,-0.4051614,-0.01236728,0.0,0.0,0.0,0.0,0.0,0.0,0.0,1.995284,0.04119699,0.8636429,1.22751,0.1460735,-1.789026,0.08190128,-0.7649611,0.1304285,0.625392,17.57694,258.887,2.274566,0.6038072,0.07103604,-0.7939587,-0.5909218,-0.0354747,0.0997077,0.1853033,-0.5042172,-1.101269,0.2896202,-0.2002757,1.915,-0.2043541,0.0378353,0.9781656,-0.2884405,0.9525612,-0.09710465,-0.9354366,-0.3019863,-0.1837464,moving,89.22492,88.25163,8.600105,-5.970437
05/11/2023 13:09:19.277313,454,True,True,True,True,Eyes,1.239113,0.147102,-1.777475,-0.9141405,-0.4052058,-0.01246464,0.0,0.0,0.0,0.0,0.0,0.0,0.0,1.998096,0.02891664,0.8481789,1.21465,0.1436785,-1.793491,0.07983738,-0.7655147,0.1315682,0.6247425,17.52912,258.827,2.533998,0.5999342,0.07071457,-0.7969177,-0.5554665,-0.03334622,0.09372524,0.1659017,-0.514431,-1.111222,0.293707,-0.2031018,1.915,-0.2066456,0.04215916,0.9775071,-0.2866259,0.9526316,-0.1016792,-0.9354909,-0.3011904,-0.1847732,moving,89.2188,88.23807,8.719608,-6.054064
05/11/2023 13:09:19.297223,455,True,True,True,True,Eyes,1.236695,0.1466969,-1.778307,-0.9140804,-0.4053378,-0.01258149,0.0,0.0,0.0,0.0,0.0,0.0,0.0,2.001366,0.01624165,0.8310447,1.201364,0.1414762,-1.798074,0.07791735,-0.7662259,0.1330887,0.6237903,17.5273,258.7308,2.803155,0.5967427,0.07041571,-0.7993367,-0.5221385,-0.03134545,0.08810173,0.1466552,-0.5275799,-1.123969,0.2973532,-0.2056232,1.915,-0.2096292,0.04663431,0.9766682,-0.2854434,0.9524326,-0.1067439,-0.9351885,-0.3011602,-0.1863462,moving,89.21143,88.22214,8.826165,-6.128655
05/11/2023 13:09:19.307468,456,True,True,True,True,Eyes,1.23384,0.1462703,-1.779369,-0.9139643,-0.4055971,-0.01265961,0.0,0.0,0.0,0.0,0.0,0.0,0.0,2.004694,0.01082706,0.8147392,1.188022,0.1400746,-1.803247,0.07797246,-0.7665054,0.1348266,0.6230665,17.68927,258.667,2.916764,0.5940625,0.07013475,-0.8013554,-0.4908102,-0.02946472,0.08281562,0.1244311,-0.5354759,-1.137785,0.3012865,-0.2083426,1.915001,-0.2114174,0.04847919,0.976193,-0.2875444,0.9514842,-0.1095266,-0.934142,-0.3038546,-0.1872204,moving,89.20643,88.21225,8.941035,-6.209077
05/11/2023 13:09:19.327325,457,True,True,True,True,Eyes,1.230568,0.145848,-1.780636,-0.9138576,-0.4058362,-0.01270065,0.0,0.0,0.0,0.0,0.0,0.0,0.0,2.006982,0.004590824,0.801213,1.174418,0.1392546,-1.808671,0.07753928,-0.7664642,0.1354211,0.6230422,17.71072,258.6816,3.001715,0.5915357,0.06986426,-0.803246,-0.4613616,-0.02769683,0.07784668,0.09900041,-0.5374445,-1.151988,0.3054019,-0.2111888,1.915,-0.2116123,0.04988395,0.9760799,-0.2876083,0.9512976,-0.1109704,-0.9340781,-0.3042113,-0.1869592,moving,89.20377,88.20752,9.061156,-6.293225
05/11/2023 13:09:19.337105,458,True,True,True,True,Eyes,1.226882,0.1454366,-1.782129,-0.9137251,-0.4061314,-0.01279572,0.0,0.0,0.0,0.0,0.0,0.0,0.0,2.010018,-0.00898388,0.788053,1.161155,0.1389125,-1.814855,0.0758305,-0.7665353,0.1371995,0.622776,17.74536,258.6982,3.288575,0.58913,0.06960363,-0.8050346,-0.4336798,-0.02603502,0.07317588,0.07705418,-0.547281,-1.167706,0.3092546,-0.2138528,1.915,-0.2128,0.05463555,0.9755673,-0.2871425,0.950852,-0.1158856,-0.9339517,-0.3047873,-0.1866531,moving,89.19769,88.19542,9.173536,-6.371961
05/11/2023 13:09:19.357575,459,True,True,True,True,Eyes,1.222786,0.1451104,-1.783828,-0.9135808,-0.4064527,-0.01290079,0.0,0.0,0.0,0.0,0.0,0.0,0.0,2.013839,-0.02333258,0.7722044,1.147421,0.1388153,-1.821139,0.07386372,-0.767051,0.1381605,0.6221645,17.68977,258.6408,3.526554,0.5868164,0.06935264,-0.8067441,-0.4076591,-0.02447292,0.06878533,0.05738638,-0.5619057,-1.182449,0.3131927,-0.2165761,1.915,-0.2149109,0.0586026,0.9748739,-0.2852315,0.9509116,-0.1200414,-0.9340537,-0.303863,-0.187646,moving,89.19097,88.18204,9.288326,-6.452423
05/11/2023 13:09:19.377495,460,True,True,True,True,Eyes,1.218251,0.1448985,-1.785726,-0.9134978,-0.406634,-0.01305888,0.0,0.0,0.0,0.0,0.0,0.0,0.0,2.017836,-0.03557913,0.7565479,1.133467,0.1405292,-1.827785,0.0730808,-0.7673705,0.1398049,0.6214952,17.78241,258.5888,3.71006,0.5845685,0.06911446,-0.8083948,-0.3831995,-0.02300455,0.06465821,0.03742472,-0.5725093,-1.196362,0.3170175,-0.2192214,1.915,-0.2168058,0.06161601,0.9742683,-0.2859362,0.9502276,-0.1237255,-0.9334,-0.305403,-0.1883965,moving,89.18099,88.16061,9.399749,-6.53056
05/11/2023 13:09:19.397260,461,True,True,True,True,Eyes,1.213306,0.1449138,-1.787843,-0.9134623,-0.4067101,-0.01317226,0.0,0.0,0.0,0.0,0.0,0.0,0.0,2.020651,-0.05637716,0.7421284,1.118483,0.1430184,-1.834532,0.06957654,-0.7678713,0.1390335,0.6214519,17.4574,258.5766,3.964484,0.5823612,0.06889331,-0.8100054,-0.3602075,-0.02162427,0.06077872,0.01629217,-0.5816067,-1.212085,0.3208973,-0.2219042,1.914999,-0.2179133,0.06595363,0.9737369,-0.2796569,0.9516577,-0.1270428,-0.9350431,-0.2999966,-0.1889344,moving,89.17384,88.14499,9.512699,-6.609778
05/11/2023 13:09:19.407035,462,True,True,True,True,Eyes,1.207971,0.1450331,-1.790185,-0.9135019,-0.4066155,-0.01335113,0.0,0.0,0.0,0.0,0.0,0.0,0.0,2.023416,-0.08291866,0.7291083,1.10368,0.1484349,-1.841886,0.06622159,-0.7681183,0.14087,0.6210995,17.37774,258.591,4.402364,0.5801724,0.06869809,-0.811591,-0.3385951,-0.02032682,0.05713199,-0.01003066,-0.5816793,-1.231709,0.3245951,-0.2244615,1.914999,-0.2197002,0.07325652,0.9728129,-0.2767206,0.9515407,-0.1341492,-0.9354984,-0.29867,-0.1887821,moving,89.16267,88.11938,9.620279,-6.685266
05/11/2023 13:09:19.427308,463,True,True,True,True,Eyes,1.202345,0.1452714,-1.792679,-0.9133918,-0.4068542,-0.01360769,0.0,0.0,0.0,0.0,0.0,0.0,0.0,2.02691,-0.1154902,0.7100611,1.088841,0.1510785,-1.848645,0.06019989,-0.7695746,0.1406836,0.6199511,16.92831,258.4384,4.903693,0.5779829,0.06853111,-0.8131658,-0.3182794,-0.01910721,0.05370408,-0.03283394,-0.5899069,-1.253709,0.3285045,-0.2271648,1.915,-0.2240736,0.08177723,0.9711354,-0.2670905,0.9531683,-0.141891,-0.9372589,-0.2911749,-0.1917379,moving,89.14648,88.0844,9.733939,-6.765038
05/11/2023 13:09:19.447220,464,True,True,True,True,Eyes,1.196417,0.1455633,-1.795309,-0.9130643,-0.4075765,-0.01396367,0.0,0.0,0.0,0.0,0.0,0.0,0.0,2.032094,-0.1312084,0.6895666,1.076201,0.154234,-1.854758,0.06069827,-0.7705607,0.146693,0.6172788,17.51811,258.2071,5.268081,0.5757794,0.06839512,-0.814739,-0.2991826,-0.01796078,0.05048183,-0.05073432,-0.6064654,-1.274698,0.3323647,-0.2298338,1.915,-0.2305651,0.08755759,0.9691095,-0.2746443,0.9495937,-0.1511362,-0.9334934,-0.3010072,-0.194896,moving,89.12383,88.0378,9.846092,-6.84377
05/11/2023 13:09:19.458369,465,True,True,True,True,Eyes,1.190281,0.1458873,-1.798013,-0.912595,-0.4086109,-0.01440568,0.0,0.0,0.0,0.0,0.0,0.0,0.0,2.036662,-0.1416006,0.6676481,1.06285,0.1559573,-1.860061,0.0617484,-0.7716208,0.1512162,0.6147537,18.01604,257.9565,5.468663,0.5735506,0.06828965,-0.8163185,-0.2812316,-0.01688313,0.04745292,-0.06870586,-0.6176605,-1.292065,0.3363689,-0.232603,1.915,-0.2365298,0.09062871,0.9673881,-0.2812141,0.9466416,-0.1574429,-0.9300388,-0.3092831,-0.1984229,moving,89.09564,87.98087,9.962351,-6.925432
05/11/2023 13:09:19.477271,466,True,True,True,True,Eyes,1.183954,0.1462525,-1.800784,-0.9117612,-0.4104506,-0.01489254,0.0,0.0,0.0,0.0,0.0,0.0,0.0,2.040797,-0.1498496,0.6480749,1.05172,0.1571239,-1.864539,0.06327622,-0.7725479,0.1562423,0.6121719,18.59528,257.7149,5.66305,0.5712894,0.06821324,-0.8179088,-0.2643577,-0.01587014,0.04460574,-0.07703473,-0.6440951,-1.310349,0.3400777,-0.2351675,1.915,-0.2424836,0.09352653,0.9656371,-0.2890622,0.9431689,-0.1639375,-0.9260914,-0.3188812,-0.2016681,moving,89.06422,87.92203,10.06996,-7.001032
05/11/2023 13:09:19.497662,467,True,True,True,True,Eyes,1.177425,0.1466915,-1.803606,-0.910825,-0.4125012,-0.01551548,0.0,0.0,0.0,0.0,0.0,0.0,0.0,2.044831,-0.1509184,0.6291935,1.040658,0.1586774,-1.868648,0.06810389,-0.7728099,0.1646996,0.6090985,19.72627,257.4995,5.815169,0.5689908,0.06816501,-0.8195136,-0.2484963,-0.01491793,0.0419294,-0.1136019,-0.6126822,-1.326332,0.3440485,-0.2379136,1.915,-0.2487221,0.09537383,0.963868,-0.3058993,0.9364718,-0.171599,-0.9190013,-0.3375269,-0.2037465,moving,89.02409,87.84594,10.18509,-7.081961
05/11/2023 13:09:19.508249,468,True,True,True,True,Eyes,1.170717,0.1471909,-1.806452,-0.9098986,-0.4145115,-0.01627276,0.0,0.0,0.0,0.0,0.0,0.0,0.0,2.048805,-0.1577648,0.6078699,1.029235,0.1609494,-1.872636,0.06990618,-0.7740458,0.1681805,0.6063678,20.19012,257.1917,5.854651,0.5666503,0.06814573,-0.8211352,-0.2335865,-0.01402286,0.03941363,-0.1331242,-0.6138204,-1.347989,0.3477494,-0.2404725,1.915,-0.254863,0.09573719,0.9622264,-0.3121795,0.9336569,-0.175581,-0.915199,-0.3451364,-0.2080674,moving,88.97543,87.75185,10.29232,-7.157342
05/11/2023 13:09:19.527372,469,True,True,True,True,Eyes,0.9984424,0.1623975,-1.878444,-0.8855764,-0.462919,-0.03821889,0.0,0.0,0.0,0.0,0.0,0.0,0.0,2.052084,-0.1639769,0.5878437,1.018259,0.1628946,-1.876195,0.07065801,-0.775411,0.1690405,0.6042937,20.33741,256.9008,5.797884,0.564265,0.0681555,-0.8227754,-0.2195713,-0.01318148,0.03704882,-0.1332857,-0.6583478,-1.370219,0.3517941,-0.2432697,1.915001,-0.2596736,0.0947222,0.9610398,-0.3138781,0.9328656,-0.1767553,-0.9132636,-0.347548,-0.2125093,moving,87.52882,85.28033,10.40943,-7.239721
05/11/2023 13:09:19.547165,470,True,True,True,True,Eyes,0.9979516,0.1625219,-1.878593,-0.8858555,-0.4623736,-0.03835182,0.0,0.0,0.0,0.0,0.0,0.0,0.0,2.054502,-0.1738998,0.569365,1.006975,0.1661229,-1.87984,0.07060168,-0.7766833,0.1695459,0.6025221,20.39224,256.6491,5.794898,0.5492902,0.06947662,-0.8327382,-0.7232201,0.03322927,-0.1811488,-0.1535064,-0.655095,-1.388589,0.3554924,-0.2458269,1.915,-0.2639655,0.09463999,0.959878,-0.3139805,0.9325392,-0.1782888,-0.9119971,-0.348445,-0.216443,moving,87.52101,85.25842,10.51643,-7.315004
05/11/2023 13:09:19.558116,471,True,True,True,True,Eyes,0.9970064,0.162715,-1.878855,-0.8864602,-0.4611775,-0.03877681,0.0,0.0,0.0,0.0,0.0,0.0,0.0,2.055653,-0.1968485,0.5488484,0.9947398,0.1690966,-1.883505,0.06538359,-0.7789572,0.165633,0.6012625,19.67397,256.3572,5.932047,0.5371264,0.07052908,-0.8405477,-0.6798269,0.03123551,-0.1702799,-0.1504794,-0.6939307,-1.4065,0.3593531,-0.2484966,1.915,-0.2684171,0.09731577,0.9583748,-0.3010398,0.9365814,-0.1794166,-0.9150561,-0.3366674,-0.2220985,moving,87.49529,85.19375,10.62806,-7.393571
05/11/2023 13:09:19.579289,472,True,True,True,True,Eyes,0.9956338,0.1629305,-1.879236,-0.8872792,-0.4595555,-0.03929681,0.0,0.0,0.0,0.0,0.0,0.0,0.0,2.056597,-0.2176618,0.5262594,0.9829627,0.1707799,-1.886408,0.05886392,-0.7817365,0.1584898,0.6002535,18.56988,256.0108,5.948323,0.5272445,0.07137569,-0.8467101,-0.6390373,0.02936138,-0.1600631,-0.1595715,-0.7091142,-1.421651,0.3633725,-0.2512763,1.915,-0.2724618,0.09823597,0.9571387,-0.2823002,0.9428321,-0.1771279,-0.9198215,-0.3184611,-0.2291537,moving,87.46408,85.1125,10.74418,-7.475347
05/11/2023 13:09:19.597575,473,True,True,True,True,Eyes,0.9938615,0.1631086,-1.8797,-0.8882676,-0.4575825,-0.03998545,0.0,0.0,0.0,0.0,0.0,0.0,0.0,2.057974,-0.2235442,0.506227,0.9712342,0.1714641,-1.889127,0.05611433,-0.7835522,0.1524257,0.5997196,17.82874,255.7578,5.720466,0.5192034,0.07206284,-0.8516068,-0.6006951,0.0275997,-0.1504593,-0.184658,-0.6891721,-1.433211,0.3670827,-0.253842,1.915,-0.2743753,0.09488837,0.9569297,-0.2707624,0.9472352,-0.1715613,-0.9227167,-0.3061727,-0.2342058,moving,87.42256,85.00594,10.85129,-7.550797
05/11/2023 13:09:19.607441,474,True,True,True,True,Eyes,0.9917165,0.16328,-1.880254,-0.8891004,-0.4559121,-0.04055438,0.0,0.0,0.0,0.0,0.0,0.0,0.0,2.058831,-0.2268371,0.4881268,0.9599047,0.1706512,-1.891551,0.05349649,-0.7850071,0.1464974,0.5995337,17.10651,255.5685,5.503888,0.5126379,0.07262376,-0.8555276,-0.5646534,0.02594372,-0.1414317,-0.2032969,-0.6819808,-1.44568,0.3711552,-0.2566582,1.915,-0.2753952,0.09167005,0.9569506,-0.2596506,0.9513533,-0.1658572,-0.9256022,-0.294149,-0.2381959,moving,87.38839,84.91679,10.96877,-7.633588
05/11/2023 13:09:19.627482,475,True,True,True,True,Eyes,0.9891882,0.1634778,-1.880878,-0.8898357,-0.4544188,-0.04118286,0.0,0.0,0.0,0.0,0.0,0.0,0.0,2.059117,-0.2312846,0.4728148,0.9487534,0.1706789,-1.894134,0.05347915,-0.7856536,0.146676,0.598644,17.12774,255.4413,5.499169,0.5072473,0.07308548,-0.8586955,-0.5307742,0.02438709,-0.1329459,-0.2293426,-0.6613076,-1.457465,0.3750104,-0.2593237,1.915,-0.2775308,0.09158126,0.9563417,-0.2596456,0.9512523,-0.1664431,-0.9249653,-0.294503,-0.2402231,moving,87.35017,84.82157,11.0799,-7.711914
05/11/2023 13:09:19.647249,476,True,True,True,True,Eyes,0.9863036,0.163665,-1.881517,-0.8903996,-0.4532579,-0.04178079,0.0,0.0,0.0,0.0,0.0,0.0,0.0,2.058968,-0.2372018,0.456342,0.9370153,0.1715342,-1.896427,0.05402138,-0.7863457,0.1482444,0.5972989,17.31809,255.2838,5.538148,0.5027835,0.07347087,-0.861284,-0.4989277,0.02292387,-0.1249691,-0.2485366,-0.651816,-1.467276,0.378881,-0.2620004,1.915,-0.2806317,0.09213347,0.9553836,-0.2620514,0.9502106,-0.1686088,-0.9233501,-0.2976764,-0.2425154,moving,87.31345,84.73343,11.19139,-7.790544
05/11/2023 13:09:19.657978,477,True,True,True,True,Eyes,0.9831144,0.163825,-1.88218,-0.8907477,-0.4525176,-0.04238281,0.0,0.0,0.0,0.0,0.0,0.0,0.0,2.058826,-0.2401679,0.4393871,0.9257798,0.1713987,-1.898173,0.05433383,-0.7872208,0.1482752,0.5961091,17.35122,255.1059,5.484721,0.4988421,0.0738122,-0.8635439,-0.4689921,0.02154844,-0.117471,-0.2653856,-0.6466197,-1.473746,0.3825453,-0.2645344,1.915001,-0.2834039,0.09123087,0.9546514,-0.2623217,0.9501246,-0.1686727,-0.922426,-0.2982283,-0.2453372,moving,87.27586,84.64928,11.29685,-7.864952
05/11/2023 13:09:19.677434,478,True,True,True,True,Eyes,0.9795923,0.1639781,-1.88287,-0.8908542,-0.4522617,-0.0428737,0.0,0.0,0.0,0.0,0.0,0.0,0.0,2.058561,-0.2353111,0.4261813,0.9152474,0.1709977,-1.89941,0.05814261,-0.787213,0.1517303,0.5948892,17.94265,255.0038,5.366895,0.4951577,0.07412918,-0.8656347,-0.4408525,0.02025553,-0.1104227,-0.288765,-0.6272472,-1.480509,0.3866018,-0.2673395,1.915001,-0.2854528,0.08898411,0.9542528,-0.2720665,0.9471948,-0.1697113,-0.9189649,-0.3080648,-0.2461697,moving,87.24467,84.58463,11.41351,-7.94729
05/11/2023 13:09:19.697036,479,True,True,True,True,Eyes,0.8842819,0.1676478,-1.900469,-0.8912363,-0.450126,-0.05553702,0.0,0.0,0.0,0.0,0.0,0.0,0.0,2.058,-0.2336515,0.4120405,0.9037468,0.1710427,-1.900979,0.0607027,-0.787367,0.1538559,0.5938829,18.32356,254.9021,5.267702,0.4916931,0.07442455,-0.867582,-0.4144014,0.0190402,-0.1037973,-0.3032706,-0.6280416,-1.49157,0.3902609,-0.26987,1.915,-0.2872368,0.0871542,0.9538863,-0.2783354,0.945287,-0.1701816,-0.9165285,-0.3143828,-0.2472632,moving,86.43425,82.96634,11.51866,-8.021543
05/11/2023 13:09:19.707928,480,True,True,True,True,Eyes,0.883846,0.1676491,-1.9005,-0.8910283,-0.4505487,-0.05544716,0.0,0.0,0.0,0.0,0.0,0.0,0.0,2.056906,-0.2317305,0.3996556,0.8929518,0.1710782,-1.902014,0.06270675,-0.7874612,0.1549147,0.5932741,18.56518,254.8307,5.147762,0.4805174,0.07528915,-0.8737472,-0.6754684,0.02890678,-0.1503654,-0.3151213,-0.6360998,-1.504648,0.3943192,-0.2726759,1.915,-0.2881872,0.08505554,0.9537891,-0.282572,0.9441385,-0.1695741,-0.9149323,-0.3183832,-0.2480544,moving,86.43917,82.98412,11.6352,-8.103842
05/11/2023 13:09:19.727442,481,True,True,True,True,Eyes,0.8829692,0.1676501,-1.900568,-0.8908123,-0.4509823,-0.05539321,0.0,0.0,0.0,0.0,0.0,0.0,0.0,2.055763,-0.2283144,0.3882833,0.8820778,0.1711676,-1.903075,0.06535892,-0.7873092,0.1564613,0.5927836,18.89618,254.7877,5.00738,0.4715879,0.07596909,-0.8785403,-0.6349403,0.02717237,-0.1413435,-0.3283122,-0.6407258,-1.516302,0.3980561,-0.2752602,1.915001,-0.288672,0.08258003,0.9538602,-0.2884107,0.9424961,-0.1688795,-0.9129556,-0.3238543,-0.2482552,moving,86.44177,82.99756,11.74241,-8.17961
05/11/2023 13:09:19.746816,482,True,True,True,True,Eyes,0.8816568,0.1676595,-1.900644,-0.890572,-0.4514622,-0.05534872,0.0,0.0,0.0,0.0,0.0,0.0,0.0,2.054002,-0.2280785,0.3762908,0.8706139,0.1711677,-1.904014,0.06620005,-0.7874228,0.156064,0.5926442,18.9197,254.7492,4.895366,0.4644545,0.0765053,-0.8822859,-0.5968439,0.02554203,-0.1328629,-0.3316269,-0.6637219,-1.526564,0.4020002,-0.2779875,1.915,-0.2887811,0.08072595,0.9539858,-0.2892356,0.9425232,-0.1673105,-0.9126601,-0.3242428,-0.248834,moving,86.44366,83.01048,11.85548,-8.259542
05/11/2023 13:09:19.758003,483,True,True,True,True,Eyes,0.8799158,0.1676724,-1.900761,-0.8903981,-0.4517986,-0.05540115,0.0,0.0,0.0,0.0,0.0,0.0,0.0,2.052247,-0.2298398,0.3638785,0.8590758,0.1713076,-1.905149,0.06622429,-0.7876956,0.1550058,0.5925565,18.82495,254.7036,4.810225,0.4587469,0.07692993,-0.8852302,-0.5610332,0.02400951,-0.1248911,-0.3345891,-0.68758,-1.537874,0.4058402,-0.2806434,1.915,-0.2889823,0.07937015,0.9540385,-0.2880284,0.9431751,-0.1657114,-0.9129779,-0.3226779,-0.2497,moving,86.43961,83.00909,11.96548,-8.337352
05/11/2023 13:09:19.777599,484,True,True,True,True,Eyes,0.8777409,0.1676428,-1.900888,-0.8903131,-0.4519416,-0.05559976,0.0,0.0,0.0,0.0,0.0,0.0,0.0,2.050643,-0.2316532,0.3489089,0.8470593,0.171384,-1.906214,0.06575249,-0.7883632,0.1528571,0.5922794,18.5965,254.6007,4.683874,0.4541609,0.07726776,-0.8875624,-0.5273712,0.02256894,-0.1173976,-0.3437036,-0.6978557,-1.548704,0.4097707,-0.283361,1.915,-0.2897636,0.07739446,0.9539641,-0.2847418,0.9446227,-0.163126,-0.9137612,-0.3189014,-0.2516798,moving,86.42654,82.98647,12.07798,-8.416933
05/11/2023 13:09:19.797311,485,True,True,True,True,Eyes,0.8751843,0.1675406,-1.901033,-0.890256,-0.4520147,-0.05591791,0.0,0.0,0.0,0.0,0.0,0.0,0.0,2.0491,-0.2332425,0.3314967,0.8346843,0.1702366,-1.907203,0.06435528,-0.7894128,0.1493453,0.5919307,18.17847,254.4544,4.539636,0.4504478,0.0775362,-0.8894292,-0.4957289,0.0212148,-0.1103538,-0.3509637,-0.7112761,-1.556944,0.4134491,-0.2859047,1.915,-0.2909529,0.07519837,0.9537776,-0.2784099,0.9471087,-0.1596024,-0.915333,-0.3119779,-0.254628,moving,86.40591,82.94788,12.18318,-8.491396
05/11/2023 13:09:19.807642,486,True,True,True,True,Eyes,0.8722433,0.1673867,-1.90123,-0.8901436,-0.4521828,-0.05634844,0.0,0.0,0.0,0.0,0.0,0.0,0.0,2.047251,-0.2354987,0.3137574,0.8229792,0.1683801,-1.907745,0.06390417,-0.790415,0.1483519,0.5908909,18.06164,254.2741,4.482171,0.4471156,0.07776745,-0.8910888,-0.4659852,0.01994191,-0.1037325,-0.3621674,-0.7167991,-1.564002,0.4173391,-0.2885951,1.915,-0.2935283,0.07429797,0.9530587,-0.2763412,0.947816,-0.1589984,-0.9151375,-0.31004,-0.2576792,moving,86.37786,82.89674,12.29434,-8.570121
05/11/2023 13:09:19.831409,487,True,True,True,True,Eyes,0.8689179,0.1671899,-1.901447,-0.8900073,-0.4523677,-0.05701271,0.0,0.0,0.0,0.0,0.0,0.0,0.0,2.045623,-0.2399675,0.2926252,0.8106554,0.1670777,-1.908589,0.06387587,-0.7917727,0.1486169,0.5890067,18.09468,254.0023,4.460306,0.443994,0.07797167,-0.8926305,-0.4380261,0.0187454,-0.09750858,-0.3763107,-0.7166262,-1.570448,0.4215639,-0.2915163,1.915,-0.2979819,0.07392235,0.9517049,-0.276223,0.9476658,-0.160095,-0.9137328,-0.3105882,-0.2619682,moving,86.33472,82.81678,12.41495,-8.655563
05/11/2023 13:09:19.846963,488,True,True,True,True,Eyes,0.8652124,0.1669375,-1.90166,-0.889744,-0.4527687,-0.05793294,0.0,0.0,0.0,0.0,0.0,0.0,0.0,2.044576,-0.2399947,0.2678275,0.7981151,0.1658633,-1.90922,0.06468348,-0.7935924,0.1478654,0.586654,18.0944,253.6272,4.273181,0.441047,0.07815017,-0.8940747,-0.4117445,0.01762067,-0.09165806,-0.3905084,-0.7155172,-1.576686,0.4250624,-0.2939353,1.915,-0.3033062,0.07082704,0.9502571,-0.2761563,0.9479038,-0.1587961,-0.9119994,-0.3105834,-0.2679456,moving,86.27462,82.70847,12.51474,-8.726284
05/11/2023 13:09:19.857026,489,True,True,True,True,Eyes,0.8611476,0.1666164,-1.901878,-0.8894209,-0.4532578,-0.05905894,0.0,0.0,0.0,0.0,0.0,0.0,0.0,2.043816,-0.2340598,0.2425704,0.7854177,0.1643419,-1.909691,0.06744769,-0.7952341,0.1477202,0.5841509,18.28498,253.2343,3.943989,0.4382426,0.07830357,-0.8954392,-0.3870399,0.01656343,-0.08615858,-0.409113,-0.7066104,-1.582597,0.4289165,-0.2966005,1.915,-0.308437,0.06530835,0.9490004,-0.2798552,0.9472591,-0.1561449,-0.9091467,-0.3137435,-0.2738929,moving,86.20104,82.57626,12.6246,-8.804173
05/11/2023 13:09:19.877280,490,True,True,True,True,Eyes,0.8567258,0.1662145,-1.902085,-0.8890001,-0.4539069,-0.06039373,0.0,0.0,0.0,0.0,0.0,0.0,0.0,2.042166,-0.2317334,0.2177677,0.772736,0.1624089,-1.909991,0.06914686,-0.7968987,0.1476674,0.5816921,18.40889,252.858,3.721652,0.4355526,0.07843173,-0.8967396,-0.3638175,0.01556963,-0.08098906,-0.4271015,-0.6995169,-1.588869,0.4330085,-0.2994302,1.915,-0.3137061,0.06158781,0.9475207,-0.282,0.9468261,-0.1549075,-0.9066777,-0.3157962,-0.2796573,moving,86.11361,82.42113,12.74113,-8.886834
05/11/2023 13:09:19.897107,491,True,True,True,True,Eyes,0.851974,0.1657322,-1.902273,-0.8884929,-0.4546894,-0.0619488,0.0,0.0,0.0,0.0,0.0,0.0,0.0,2.039491,-0.2353852,0.1915481,0.7598269,0.1601394,-1.910141,0.06960417,-0.7988384,0.1483502,0.5787961,18.51717,252.447,3.659591,0.4329515,0.07853396,-0.8979894,-0.3419884,0.01463545,-0.07612972,-0.4402635,-0.7026132,-1.595963,0.4369499,-0.3021559,1.915,-0.3203011,0.06052398,0.9453806,-0.2829339,0.946295,-0.1564423,-0.9040774,-0.3175888,-0.2859751,moving,86.0116,82.24155,12.85326,-8.96642
05/11/2023 13:09:19.907387,492,True,True,True,True,Eyes,0.8468639,0.165206,-1.902407,-0.88787,-0.4556674,-0.06367062,0.0,0.0,0.0,0.0,0.0,0.0,0.0,2.036023,-0.2414473,0.1634395,0.7471674,0.1577663,-1.909776,0.0702891,-0.8010411,0.1504062,0.5751269,18.77262,251.9595,3.657367,0.4304178,0.07860962,-0.8992,-0.3214691,0.01375732,-0.07156193,-0.4523491,-0.7078305,-1.605632,0.4403968,-0.3045391,1.915,-0.3285773,0.06039634,0.9425442,-0.2856141,0.9448749,-0.1601127,-0.9002565,-0.3218133,-0.2932144,moving,85.89825,82.04554,12.95125,-9.035978
05/11/2023 13:09:19.927461,493,True,True,True,True,Eyes,0.841408,0.1646333,-1.90251,-0.8872536,-0.4565923,-0.06560834,0.0,0.0,0.0,0.0,0.0,0.0,0.0,2.031967,-0.2474845,0.1346943,0.7337259,0.1562047,-1.909326,0.07111763,-0.8032638,0.1521506,0.571454,19.0089,251.463,3.616713,0.4279311,0.07865999,-0.9003815,-0.302181,0.01293188,-0.06726822,-0.466144,-0.7105861,-1.614939,0.4443647,-0.3072829,1.915,-0.3367652,0.05964168,0.9396979,-0.2881466,0.943585,-0.1631532,-0.8964155,-0.325715,-0.3005809,moving,85.77094,81.82307,13.06395,-9.116031
05/11/2023 13:09:19.937322,494,True,True,True,True,Eyes,0.8356127,0.1640097,-1.90257,-0.8866444,-0.4574781,-0.06764321,0.0,0.0,0.0,0.0,0.0,0.0,0.0,2.027056,-0.2543829,0.1065958,0.720001,0.1545175,-1.908599,0.07048538,-0.8055602,0.1520946,0.5683063,18.9751,251.0055,3.595976,0.4254731,0.07868598,-0.9015434,-0.2840501,0.01215597,-0.06323212,-0.4784561,-0.7159441,-1.622025,0.4483516,-0.3100398,1.915,-0.34412,0.05931221,0.9370506,-0.2864331,0.9437981,-0.1649282,-0.8941689,-0.3251573,-0.3077908,moving,85.63729,81.58913,13.17709,-9.196424
05/11/2023 13:09:19.957383,495,True,True,True,True,Eyes,0.6829408,0.147122,-1.902866,-0.8693092,-0.4780654,-0.1255189,0.0,0.0,0.0,0.0,0.0,0.0,0.0,2.021822,-0.2619749,0.07752752,0.706238,0.1526939,-1.907962,0.06991699,-0.8079611,0.1524406,0.5648651,18.98493,250.5174,3.591581,0.4230275,0.07868823,-0.9026933,-0.2670071,0.01142661,-0.0594382,-0.4915148,-0.7201963,-1.628562,0.4521168,-0.3126437,1.915,-0.3520783,0.05923633,0.9340943,-0.2851971,0.943747,-0.1673448,-0.8914615,-0.3253194,-0.3153789,moving,81.78389,75.2887,13.28385,-9.272329
05/11/2023 13:09:19.977114,496,True,True,True,True,Eyes,0.6823573,0.1470551,-1.902778,-0.8692883,-0.4780472,-0.1257323,0.0,0.0,0.0,0.0,0.0,0.0,0.0,2.015818,-0.2693126,0.04527879,0.692692,0.150776,-1.90671,0.06937698,-0.8108659,0.1525844,0.5607153,18.98087,249.922,3.552985,0.4094145,0.07792614,-0.909014,-0.7090023,-0.03992229,-0.05675739,-0.5049554,-0.7232742,-1.634627,0.4559606,-0.315302,1.914999,-0.3615708,0.05860199,0.9305014,-0.2836236,0.9438097,-0.1696495,-0.888158,-0.3252524,-0.3246332,moving,81.76992,75.26424,13.39274,-9.349784
05/11/2023 13:09:19.996826,497,True,True,True,True,Eyes,0.6812222,0.1469511,-1.902627,-0.869238,-0.4779726,-0.1263627,0.0,0.0,0.0,0.0,0.0,0.0,0.0,2.008745,-0.2782957,0.01178384,0.6784933,0.1490368,-1.905276,0.06859905,-0.8138968,0.152916,0.5563121,18.98015,249.2993,3.545139,0.3984925,0.07727491,-0.91391,-0.6664621,-0.03752695,-0.05335195,-0.5196936,-0.7244837,-1.640227,0.4596613,-0.3178608,1.915,-0.3716225,0.058473,0.926541,-0.2818031,0.9438217,-0.1725908,-0.8845814,-0.3252407,-0.3342674,moving,81.72874,75.19138,13.49747,-9.4243
05/11/2023 13:09:20.007617,498,True,True,True,True,Eyes,0.6795264,0.1468152,-1.902369,-0.8691839,-0.4778418,-0.1272266,0.0,0.0,0.0,0.0,0.0,0.0,0.0,2.000301,-0.2907617,-0.02388382,0.6641852,0.1480236,-1.903487,0.06686081,-0.8173657,0.1529643,0.5514027,18.89228,248.6069,3.598936,0.3897209,0.07671885,-0.9177315,-0.6264744,-0.03527534,-0.05015083,-0.535266,-0.7242602,-1.644704,0.4635584,-0.3205556,1.915001,-0.3829694,0.05939041,0.9218501,-0.2779894,0.9442631,-0.176321,-0.8809409,-0.32379,-0.345114,moving,81.67248,75.09074,13.60766,-9.502748
05/11/2023 13:09:20.031968,499,True,True,True,True,Eyes,0.6773199,0.1466448,-1.902043,-0.869022,-0.4777817,-0.1285513,0.0,0.0,0.0,0.0,0.0,0.0,0.0,1.991314,-0.3005939,-0.06220555,0.6495643,0.147009,-1.901581,0.06533132,-0.8211625,0.1520787,0.546165,18.73103,247.8442,3.561201,0.3826563,0.07624367,-0.920739,-0.5888859,-0.03315882,-0.04714178,-0.5504228,-0.7251199,-1.64723,0.467566,-0.3233269,1.915001,-0.3948713,0.05882489,0.9168515,-0.2734154,0.9452078,-0.1783992,-0.8771095,-0.321126,-0.3571518,moving,81.58546,74.9407,13.72087,-9.583384
05/11/2023 13:09:20.047603,500,True,True,True,True,Eyes,0.6746328,0.1464433,-1.901651,-0.868726,-0.4779095,-0.130068,0.0,0.0,0.0,0.0,0.0,0.0,0.0,1.982022,-0.3068355,-0.1007807,0.6351645,0.1460442,-1.899461,0.06570609,-0.8248249,0.1522765,0.540517,18.79804,247.0383,3.404913,0.376937,0.07583617,-0.9231287,-0.5535527,-0.03116929,-0.04431327,-0.5661578,-0.7248527,-1.648234,0.4713095,-0.3259156,1.915001,-0.4070483,0.05622404,0.9116747,-0.2730081,0.9449891,-0.1801724,-0.8716527,-0.3222334,-0.3693067,moving,81.48477,74.77512,13.82653,-9.658673
05/11/2023 13:09:20.057023,501,True,True,True,True,Eyes,0.671476,0.146269,-1.901198,-0.8682783,-0.4781649,-0.1321026,0.0,0.0,0.0,0.0,0.0,0.0,0.0,1.97239,-0.3100501,-0.140806,0.6209645,0.1451633,-1.897264,0.06701573,-0.8286316,0.1523137,0.5344897,18.90878,246.1686,3.136213,0.3722683,0.07548488,-0.92505,-0.5203396,-0.02929913,-0.04165448,-0.5808263,-0.7261126,-1.649401,0.4752075,-0.3286116,1.915,-0.4196593,0.05175754,0.9062049,-0.2738829,0.9446189,-0.1807855,-0.8653752,-0.3240623,-0.3822426,moving,81.34918,74.55612,13.93644,-9.737049
05/11/2023 13:09:20.077392,502,True,True,True,True,Eyes,0.6678494,0.1461947,-1.900717,-0.8677458,-0.4785172,-0.1343077,0.0,0.0,0.0,0.0,0.0,0.0,0.0,1.96145,-0.3165056,-0.1828632,0.6065971,0.1457002,-1.895181,0.06825505,-0.8327469,0.1527975,0.5277566,19.05813,245.214,2.886744,0.3682868,0.07517795,-0.9266673,-0.4891192,-0.02754118,-0.03915521,-0.5953894,-0.7285873,-1.6514,0.4793296,-0.3314618,1.915,-0.4336288,0.04760141,0.8998337,-0.2749581,0.9439883,-0.1824391,-0.8581169,-0.3265273,-0.3962521,moving,81.2017,74.32191,14.05257,-9.81987
05/11/2023 13:09:20.096917,503,True,True,True,True,Eyes,0.6637354,0.1463273,-1.900212,-0.8670807,-0.4789562,-0.137011,0.0,0.0,0.0,0.0,0.0,0.0,0.0,1.948852,-0.3279015,-0.2263329,0.5915102,0.1481092,-1.893396,0.06869867,-0.8371041,0.1533329,0.5206018,19.16202,244.2129,2.708408,0.3645472,0.07490321,-0.928167,-0.4597721,-0.02588871,-0.03680589,-0.606935,-0.7362333,-1.653611,0.4830755,-0.3340522,1.915,-0.4485083,0.04463496,0.8926632,-0.2746667,0.943539,-0.1851819,-0.8505282,-0.3282405,-0.4109253,moving,81.0207,74.0362,14.15798,-9.895096
05/11/2023 13:09:20.107628,504,True,True,True,True,Eyes,0.6591818,0.1465913,-1.899706,-0.8664142,-0.479343,-0.139845,0.0,0.0,0.0,0.0,0.0,0.0,0.0,1.934988,-0.3443043,-0.2688568,0.5757604,0.1532404,-1.892095,0.06874859,-0.8413717,0.1542682,0.5133896,19.2799,243.2222,2.593573,0.3610045,0.07466845,-0.9295695,-0.4321858,-0.02433539,-0.03459754,-0.6205416,-0.7394086,-1.653929,0.4870456,-0.3367968,1.915001,-0.46341,0.04271311,0.8851143,-0.2740856,0.94295,-0.1890041,-0.8426913,-0.3301834,-0.4252653,moving,80.83116,73.73576,14.2696,-9.974767
05/11/2023 13:09:20.127504,505,True,True,True,True,Eyes,0.6542712,0.1469431,-1.899158,-0.8655773,-0.4799072,-0.1430557,0.0,0.0,0.0,0.0,0.0,0.0,0.0,1.920537,-0.3573412,-0.3112345,0.5602965,0.1567064,-1.890643,0.06733914,-0.8457436,0.1529344,0.5067489,19.08282,242.277,2.492294,0.3576199,0.07447684,-0.9308922,-0.4062546,-0.02287526,-0.03252169,-0.6343515,-0.7406983,-1.654078,0.4908751,-0.3394453,1.915001,-0.4773423,0.04109539,0.8777562,-0.2689019,0.944153,-0.1904385,-0.8365623,-0.3269346,-0.4396335,moving,80.61545,73.4012,14.37716,-10.05161
05/11/2023 13:09:20.147008,506,True,True,True,True,Eyes,0.6490108,0.147407,-1.898577,-0.8645672,-0.4807931,-0.1461559,0.0,0.0,0.0,0.0,0.0,0.0,0.0,1.906734,-0.3691571,-0.347261,0.5468444,0.1592188,-1.888945,0.06841061,-0.8491858,0.1547834,0.5002458,19.34914,241.4042,2.349094,0.354362,0.07432905,-0.9321491,-0.3818793,-0.02150275,-0.03057039,-0.6500354,-0.7394355,-1.657065,0.4947765,-0.3421434,1.915001,-0.4901485,0.0386728,0.8707807,-0.271046,0.9427242,-0.1944353,-0.8284255,-0.3313238,-0.4515927,moving,80.40481,73.09129,14.48664,-10.12986
05/11/2023 13:09:20.157270,507,True,True,True,True,Eyes,0.6434365,0.1479184,-1.897979,-0.8635391,-0.4815578,-0.149674,0.0,0.0,0.0,0.0,0.0,0.0,0.0,1.89253,-0.3836987,-0.3813236,0.5333427,0.1624349,-1.887713,-0.07044332,0.8522561,-0.1584196,-0.4935592,19.85031,240.5392,2.212223,0.351203,0.07422689,-0.9333519,-0.3589666,-0.02021258,-0.02873617,-0.6635028,-0.7411219,-1.660314,0.4984313,-0.3446708,1.915,-0.5028741,0.03630741,0.8635968,-0.2764504,0.9398819,-0.2004922,-0.8189585,-0.339564,-0.4626052,moving,80.16683,72.73412,14.58911,-10.20313
05/11/2023 13:09:20.177415,508,True,True,True,True,Eyes,0.6376345,0.1484438,-1.897386,-0.8624163,-0.4824995,-0.1530765,0.0,0.0,0.0,0.0,0.0,0.0,0.0,1.878222,-0.3924404,-0.418241,0.5202838,0.164073,-1.886542,-0.06929374,0.8560318,-0.1569307,-0.4876277,19.64884,239.6976,2.094049,0.3481188,0.07416865,-0.9345112,-0.3374286,-0.01899983,-0.027012,-0.6844499,-0.7290207,-1.662891,0.502502,-0.3474859,1.914999,-0.5148352,0.03441224,0.8565982,-0.2716828,0.9411423,-0.2010963,-0.813101,-0.3362545,-0.475184,moving,79.93499,72.39799,14.70312,-10.28469
05/11/2023 13:09:20.197359,509,True,True,True,True,Eyes,0.6315741,0.149024,-1.8968,-0.861082,-0.4837184,-0.1566987,0.0,0.0,0.0,0.0,0.0,0.0,0.0,1.864954,-0.3995121,-0.448879,0.5084257,0.165058,-1.885051,-0.0714704,0.8587554,-0.1589445,-0.481838,19.99043,238.9195,1.854993,0.345091,0.07415099,-0.935635,-0.3171829,-0.01785984,-0.02539128,-0.7021594,-0.7197685,-1.663547,0.5066322,-0.3503422,1.914999,-0.5254482,0.03041979,0.8502817,-0.2759221,0.9392573,-0.2041145,-0.8048424,-0.3418631,-0.4851376,moving,79.68625,72.05047,14.81867,-10.36741
05/11/2023 13:09:20.207337,510,True,True,True,True,Eyes,0.6253092,0.149656,-1.896289,-0.8598765,-0.4846625,-0.1603581,0.0,0.0,0.0,0.0,0.0,0.0,0.0,1.851707,-0.4108414,-0.4772704,0.4961511,0.1670351,-1.884496,-0.07374132,0.8611007,-0.1621989,-0.4761927,20.46097,238.1889,1.680656,0.3421014,0.07417289,-0.9367305,-0.2981519,-0.01678825,-0.0238678,-0.7260961,-0.7010427,-1.670368,0.5101263,-0.3527583,1.915,-0.5356055,0.02747844,0.8440212,-0.2814732,0.9365075,-0.209109,-0.7961781,-0.3495692,-0.4938642,moving,79.43628,71.6924,14.91632,-10.43733
05/11/2023 13:09:20.227173,511,True,True,True,True,Eyes,0.6188448,0.1503405,-1.895805,-0.8585687,-0.4856745,-0.1642563,0.0,0.0,0.0,0.0,0.0,0.0,0.0,1.838713,-0.4170568,-0.5086732,0.4841157,0.1688966,-1.884318,-0.0723967,0.8642294,-0.1598971,-0.4714859,20.16005,237.5082,1.565369,0.3391352,0.07423303,-0.9378036,-0.2802628,-0.01578095,-0.02243573,-0.7323377,-0.7147932,-1.675987,0.5141445,-0.3555368,1.915,-0.5449195,0.02564375,0.838096,-0.2759132,0.9383832,-0.2081076,-0.791792,-0.3446437,-0.5042677,moving,79.16938,71.31434,15.02852,-10.51772
05/11/2023 13:09:20.237229,512,True,True,True,True,Eyes,0.452632,0.1678566,-1.886157,-0.8245236,-0.5014867,-0.2620533,0.0,0.0,0.0,0.0,0.0,0.0,0.0,1.826349,-0.4246334,-0.5364685,0.4728549,0.1708706,-1.884376,-0.07326771,0.8667241,-0.1604398,-0.4665622,20.27229,236.8356,1.386908,0.33618,0.07433037,-0.9388593,-0.263447,-0.0148341,-0.02108959,-0.7399616,-0.7284329,-1.682596,0.5179444,-0.3581649,1.914999,-0.5539032,0.02270447,0.8322715,-0.2767161,0.9377818,-0.2097461,-0.7852512,-0.3464819,-0.5131576,moving,72.3685,62.41055,15.13452,-10.59371
05/11/2023 13:09:20.257490,513,True,True,True,True,Eyes,0.4521982,0.1678932,-1.886195,-0.8245662,-0.5011655,-0.2625333,0.0,0.0,0.0,0.0,0.0,0.0,0.0,1.81291,-0.4326447,-0.567327,0.4609866,0.1720251,-1.885095,-0.07163242,0.8697128,-0.1588425,-0.4617766,20.02628,236.1704,1.347866,0.3188992,0.07617374,-0.944722,-0.7462785,0.03860427,0.009120042,-0.743966,-0.7450081,-1.687801,0.521715,-0.3607717,1.915,-0.5632624,0.02210026,0.8259825,-0.2712987,0.9392757,-0.2101384,-0.7804694,-0.342451,-0.5230629,moving,72.33907,62.3524,15.23958,-10.66905
05/11/2023 13:09:20.277208,514,True,True,True,True,Eyes,0.4513651,0.1679693,-1.886322,-0.8245672,-0.5007476,-0.2633263,0.0,0.0,0.0,0.0,0.0,0.0,0.0,1.798488,-0.4419478,-0.5994935,0.4501636,0.1728624,-1.885932,-0.06768321,0.8731393,-0.1557661,-0.4569288,19.50346,235.5,1.468342,0.3050822,0.07765681,-0.9491539,-0.7015018,0.03628801,0.008572839,-0.738782,-0.77801,-1.689681,0.5257515,-0.3635623,1.915001,-0.5732704,0.02415428,0.8190103,-0.2605417,0.9423118,-0.2101582,-0.7768393,-0.3338638,-0.5339063,moving,72.28907,62.26163,15.35194,-10.74965
05/11/2023 13:09:20.297499,515,True,True,True,True,Eyes,0.4501114,0.1680728,-1.886518,-0.8245567,-0.5000716,-0.2646405,0.0,0.0,0.0,0.0,0.0,0.0,0.0,1.782562,-0.4565361,-0.6310685,0.4390147,0.1739194,-1.887119,-0.06551289,0.8762563,-0.1561387,-0.4511137,19.43533,234.7518,1.583582,0.294037,0.0788579,-0.9525347,-0.6594117,0.03411073,0.008058469,-0.744029,-0.7913554,-1.696906,0.5298604,-0.3664041,1.915001,-0.5844091,0.02606046,0.8110406,-0.2556848,0.9426575,-0.2145276,-0.7701243,-0.3327427,-0.5442343,moving,72.20603,62.11197,15.4662,-10.8317
05/11/2023 13:09:20.306974,516,True,True,True,True,Eyes,0.4485459,0.1681742,-1.88683,-0.8244497,-0.4993848,-0.2662657,0.0,0.0,0.0,0.0,0.0,0.0,0.0,1.7665,-0.4640069,-0.6672919,0.427665,0.1746173,-1.888839,-0.06229409,0.8799719,-0.1530979,-0.4453427,18.96121,233.9573,1.619477,0.2851973,0.07983713,-0.9551373,-0.6198469,0.03206409,0.007574961,-0.753373,-0.7961807,-1.705422,0.5333204,-0.3687967,1.915001,-0.5955788,0.02672794,0.8028522,-0.2459961,0.945361,-0.2139592,-0.7647038,-0.324928,-0.556462,moving,72.10152,61.93402,15.56232,-10.90074
05/11/2023 13:09:20.327382,517,True,True,True,True,Eyes,0.4466169,0.1683008,-1.887224,-0.8241109,-0.4989058,-0.2682056,0.0,0.0,0.0,0.0,0.0,0.0,0.0,1.751525,-0.4708594,-0.699234,0.4174678,0.1747434,-1.890413,-0.06159233,0.8830286,-0.1525583,-0.4395373,18.87901,233.1798,1.534274,0.2781059,0.08063958,-0.9571589,-0.5826561,0.03014024,0.007120463,-0.7646721,-0.7968195,-1.712271,0.5373661,-0.3715944,1.915001,-0.6060269,0.02533456,0.7950408,-0.2428857,0.9458647,-0.2152824,-0.7574552,-0.3235709,-0.567066,moving,71.9726,61.73808,15.67459,-10.98143
05/11/2023 13:09:20.347356,518,True,True,True,True,Eyes,0.4444079,0.1683953,-1.887764,-0.8236583,-0.4984623,-0.2704118,0.0,0.0,0.0,0.0,0.0,0.0,0.0,1.736921,-0.4816568,-0.727828,0.4067483,0.1755135,-1.892716,-0.06250395,0.8854582,-0.1545728,-0.433779,19.14509,232.4392,1.420066,0.2723882,0.08130226,-0.9587457,-0.5476968,0.02833183,0.006693235,-0.7901889,-0.7733887,-1.723157,0.5410603,-0.3741487,1.915001,-0.6158579,0.02341161,0.787509,-0.2447901,0.944401,-0.2195097,-0.7488634,-0.3279613,-0.575886,moving,71.82469,61.52053,15.777,-11.05506
05/11/2023 13:09:20.357885,519,True,True,True,True,Eyes,0.4419307,0.1684375,-1.88837,-0.8229294,-0.4983342,-0.2728556,0.0,0.0,0.0,0.0,0.0,0.0,0.0,1.722707,-0.4873688,-0.758683,0.3967924,0.1749057,-1.895471,-0.06163531,0.8882824,-0.1537935,-0.4283727,19.02797,231.7174,1.349411,0.2677431,0.08185122,-0.9600065,-0.5148349,0.02663192,0.006291641,-0.8205899,-0.7408171,-1.736932,0.5449169,-0.376816,1.915002,-0.6253961,0.02226271,0.7799901,-0.2412609,0.9450973,-0.2204183,-0.7420737,-0.3260298,-0.5856891,moving,71.65622,61.29773,15.88379,-11.13191
05/11/2023 13:09:20.377258,520,True,True,True,True,Eyes,0.4392048,0.1684422,-1.889086,-0.8218754,-0.4986627,-0.2754204,0.0,0.0,0.0,0.0,0.0,0.0,0.0,1.707227,-0.5015323,-0.7844586,0.3877792,0.1737566,-1.897623,-0.06274152,0.8904273,-0.1578268,-0.4222482,19.51488,230.9667,1.310129,0.2636908,0.08232528,-0.961087,-0.4839448,0.025034,0.005914142,-0.8435997,-0.7223121,-1.747258,0.5488946,-0.3795666,1.915001,-0.6355401,0.02155064,0.7717671,-0.2450176,0.9423084,-0.2280816,-0.7321579,-0.3340515,-0.5935944,moving,71.47337,61.08734,15.99383,-11.21112
05/11/2023 13:09:20.397506,521,True,True,True,True,Eyes,0.4362217,0.1684495,-1.889882,-0.8206016,-0.4992158,-0.2782026,0.0,0.0,0.0,0.0,0.0,0.0,0.0,1.690123,-0.5216113,-0.8098776,0.3784379,0.172991,-1.900357,-0.06352413,0.892485,-0.1632855,-0.4156598,20.13715,230.1882,1.364294,0.2598999,0.082751,-0.9620826,-0.4549081,0.02353196,0.005559294,-0.8656173,-0.7057055,-1.755169,0.5529158,-0.382347,1.915001,-0.6463832,0.02235374,0.7626852,-0.249131,0.9386051,-0.2386508,-0.721195,-0.3442685,-0.6011295,moving,71.27217,60.86998,16.10495,-11.29114
05/11/2023 13:09:20.407470,522,True,True,True,True,Eyes,0.433022,0.1684486,-1.890789,-0.819157,-0.5000026,-0.2810325,0.0,0.0,0.0,0.0,0.0,0.0,0.0,1.673759,-0.5376635,-0.8349879,0.3691838,0.1731124,-1.903021,-0.06388097,0.8945867,-0.1667736,-0.4096591,20.53171,229.4567,1.367337,0.2563314,0.08313341,-0.9630067,-0.4276136,0.02212004,0.005225736,-0.877079,-0.7083722,-1.75795,0.5564587,-0.3847969,1.915,-0.6561975,0.02234647,0.7542583,-0.2509347,0.9362116,-0.246048,-0.7116438,-0.3507257,-0.6087322,moving,71.06417,60.66131,16.20275,-11.36161
05/11/2023 13:09:20.427323,523,True,True,True,True,Eyes,0.4296026,0.1684261,-1.891791,-0.8175461,-0.500984,-0.2839602,0.0,0.0,0.0,0.0,0.0,0.0,0.0,1.661128,-0.5470228,-0.8569937,0.3602524,0.1730006,-1.906123,-0.06628263,0.8961329,-0.1697923,-0.4046272,20.9745,228.8122,1.14196,0.2529519,0.08347624,-0.9638702,-0.4019568,0.02079284,0.004912192,-0.886907,-0.7150663,-1.760196,0.5603178,-0.3874655,1.915001,-0.6637672,0.01860909,0.747708,-0.2562013,0.9335543,-0.2506735,-0.7026908,-0.3579525,-0.6148951,moving,70.84624,60.45523,16.30916,-11.43834
05/11/2023 13:09:20.446880,524,True,True,True,True,Eyes,0.4260056,0.1683673,-1.892897,-0.8159555,-0.5019647,-0.2867892,0.0,0.0,0.0,0.0,0.0,0.0,0.0,1.65106,-0.5530501,-0.8758559,0.3514809,0.1724953,-1.90937,-0.06840871,0.897289,-0.1717846,-0.4008524,21.29221,228.3171,0.919718,0.249731,0.08378224,-0.9646832,-0.3778394,0.01954527,0.004617461,-0.898213,-0.7188993,-1.763625,0.5641499,-0.3901155,1.915001,-0.669275,0.01495574,0.742864,-0.2604853,0.9316206,-0.2534373,-0.6958577,-0.3631244,-0.6196148,moving,70.63463,60.25923,16.41471,-11.51448
05/11/2023 13:09:20.457521,525,True,True,True,True,Eyes,0.4222468,0.1682954,-1.894102,-0.8142772,-0.5030385,-0.2896635,0.0,0.0,0.0,0.0,0.0,0.0,0.0,1.640453,-0.5665601,-0.8916335,0.3435705,0.1716072,-1.913007,-0.06798846,0.8982806,-0.1745926,-0.397476,21.57469,227.9328,1.025734,0.2466432,0.08405304,-0.9654537,-0.3551691,0.01837255,0.004340413,-0.899858,-0.7405101,-1.76202,0.5681219,-0.3928625,1.915,-0.6747811,0.01664726,0.7378304,-0.2609381,0.92979,-0.2596186,-0.6903493,-0.3677137,-0.6230608,moving,70.41796,60.06548,16.52401,-11.59338
05/11/2023 13:09:20.477237,526,True,True,True,True,Eyes,0.418308,0.1682283,-1.895405,-0.812668,-0.5038671,-0.2927265,0.0,0.0,0.0,0.0,0.0,0.0,0.0,1.62737,-0.584789,-0.9083474,0.3358637,0.1712641,-1.916578,-0.06654689,0.8995145,-0.1779228,-0.3934318,21.8669,227.4893,1.252215,0.2436661,0.08429127,-0.9661887,-0.3338589,0.0172702,0.004079988,-0.9056247,-0.7551369,-1.761388,0.5721516,-0.3956494,1.915,-0.6815656,0.02028121,0.7314755,-0.2597208,0.92783,-0.267725,-0.6841146,-0.3724517,-0.6271096,moving,70.19076,59.84513,16.63476,-11.67337
05/11/2023 13:09:20.497315,527,True,True,True,True,Eyes,0.4142041,0.1681496,-1.896831,-0.8110731,-0.5045575,-0.2959429,0.0,0.0,0.0,0.0,0.0,0.0,0.0,1.61422,-0.5977212,-0.9290292,0.3280117,0.1712841,-1.920713,-0.06476317,0.9012325,-0.179,-0.3892875,21.90473,226.9944,1.397733,0.2407793,0.08450019,-0.966894,-0.3138274,0.01623399,0.003835189,-0.9125685,-0.7655748,-1.760338,0.5757895,-0.3981652,1.915,-0.6885222,0.02263161,0.7248624,-0.2560983,0.9275295,-0.2722184,-0.6784919,-0.3730643,-0.6328287,moving,69.95407,59.60669,16.73463,-11.74554
05/11/2023 13:09:20.506943,528,True,True,True,True,Eyes,0.4099313,0.1680429,-1.89835,-0.8095762,-0.5049329,-0.2993811,0.0,0.0,0.0,0.0,0.0,0.0,0.0,1.603042,-0.603488,-0.9504316,0.31991,0.1709069,-1.925022,-0.06307574,0.9029773,-0.178025,-0.3859542,21.72756,226.5643,1.450016,0.2379645,0.08468176,-0.9675747,-0.2949977,0.01525995,0.003605078,-0.9179512,-0.7789022,-1.75794,0.5795998,-0.4007998,1.915,-0.6941217,0.02350704,0.7194738,-0.2513309,0.9286571,-0.2728163,-0.6745576,-0.3701937,-0.638693,moving,69.70562,59.33577,16.83913,-11.82108
05/11/2023 13:09:20.527636,529,True,True,True,True,Eyes,0.405546,0.1679212,-1.900025,-0.8080729,-0.5052556,-0.3028775,0.0,0.0,0.0,0.0,0.0,0.0,0.0,1.594314,-0.6068253,-0.969661,0.3124894,0.1700377,-1.929703,-0.06225119,0.90439,-0.1771861,-0.3831561,21.60432,226.1937,1.42869,0.2352055,0.08483706,-0.9682355,-0.2772979,0.01434435,0.003388773,-0.9285817,-0.7807315,-1.760543,0.5796,-0.4007998,1.915,-0.6986325,0.02318119,0.7151052,-0.2483786,0.9294598,-0.2727869,-0.670985,-0.3681945,-0.6435931,static,69.45327,59.05925,16.83913,-11.82108
05/11/2023 13:09:20.547632,530,True,True,True,True,Eyes,0.4010119,0.1677998,-1.901815,-0.8066704,-0.5052953,-0.3065284,0.0,0.0,0.0,0.0,0.0,0.0,0.0,1.587475,-0.6098335,-0.9871833,0.3054327,0.1694377,-1.935072,-0.06182538,0.9055479,-0.1765175,-0.3807921,21.51688,225.8774,1.383474,0.2324893,0.0849674,-0.9688799,-0.26066,0.01348369,0.003185447,-0.9413291,-0.7786422,-1.763947,0.5795996,-0.4008,1.915,-0.7023504,0.02246123,0.7114773,-0.2464046,0.9300384,-0.2726048,-0.6678243,-0.3667752,-0.6476783,static,69.1936,58.75764,16.83912,-11.82109
05/11/2023 13:09:20.557142,531,True,True,True,True,Eyes,0.3963916,0.16766,-1.903781,-0.8052862,-0.505191,-0.3103161,0.0,0.0,0.0,0.0,0.0,0.0,0.0,1.578976,-0.6143344,-1.00663,0.2983934,0.169216,-1.94067,-0.06047599,0.9070014,-0.1755026,-0.3780082,21.35115,225.5161,1.413775,0.2298036,0.08507489,-0.969511,-0.2450204,0.01267467,0.00299432,-0.9566157,-0.773059,-1.769883,0.5796,-0.4007997,1.915001,-0.7069052,0.02297918,0.7069353,-0.2423864,0.931083,-0.2726412,-0.6644806,-0.3640829,-0.6526177,static,68.92589,58.43947,16.83913,-11.82108
05/11/2023 13:09:20.583709,532,True,True,True,True,Eyes,0.3916369,0.1674871,-1.905877,-0.8039285,-0.5049052,-0.3142765,0.0,0.0,0.0,0.0,0.0,0.0,0.0,1.569232,-0.6191641,-1.028456,0.2916362,0.1687137,-1.946807,-0.05846381,0.9087486,-0.1741492,-0.3747402,21.12065,225.0974,1.490483,0.2271395,0.08516018,-0.9701312,-0.2303192,0.01191419,0.002814661,-0.9752278,-0.7632171,-1.778038,0.5795997,-0.4007998,1.915,-0.7123036,0.02426356,0.7014521,-0.2367792,0.9325081,-0.2726981,-0.6607264,-0.360333,-0.6584839,static,68.64819,58.09995,16.83912,-11.82108
05/11/2023 13:09:20.597514,533,True,True,True,True,Eyes,0.3868036,0.1672738,-1.908146,-0.8025605,-0.5045642,-0.3182946,0.0,0.0,0.0,0.0,0.0,0.0,0.0,1.560127,-0.6220565,-1.050162,0.2848326,0.1676262,-1.95309,-0.05663834,0.9104145,-0.1725514,-0.3717037,20.87265,224.7025,1.542216,0.2244872,0.08522336,-0.9707428,-0.2165,0.01119934,0.002645781,-0.9888804,-0.7621678,-1.785082,0.5795999,-0.4008,1.915,-0.717257,0.02514728,0.6963548,-0.2314047,0.9340362,-0.2720813,-0.6572627,-0.356292,-0.6641248,static,68.36678,57.75502,16.83913,-11.82109
05/11/2023 13:09:20.607431,534,True,True,True,True,Eyes,0.3818975,0.1670182,-1.910597,-0.8012347,-0.5040886,-0.3223625,0.0,0.0,0.0,0.0,0.0,0.0,0.0,1.5512,-0.6281676,-1.069486,0.2780989,0.1664256,-1.959484,-0.0550862,0.9117578,-0.1722586,-0.3687685,20.77778,224.3415,1.630091,0.2218398,0.08526387,-0.9713476,-0.20351,0.01052738,0.002487034,-1.001143,-0.7646777,-1.794484,0.5795998,-0.4007998,1.915,-0.7219508,0.02659653,0.6914333,-0.2274976,0.934585,-0.2734881,-0.653477,-0.3547443,-0.6686737,static,68.08349,57.40126,16.83913,-11.82109
05/11/2023 13:09:20.627730,535,True,True,True,True,Eyes,0.3769514,0.1667106,-1.913238,-0.7999058,-0.5035604,-0.3264621,0.0,0.0,0.0,0.0,0.0,0.0,0.0,1.543261,-0.6351652,-1.088014,0.2718839,0.1651046,-1.966642,-0.0531857,0.912991,-0.1720982,-0.3660619,20.68235,224.0193,1.769033,0.2191921,0.0852811,-0.971947,-0.1912994,0.009895736,0.002337812,-1.013476,-0.7677723,-1.807922,0.5795993,-0.4007999,1.914999,-0.7263404,0.02888103,0.6867286,-0.2231133,0.935107,-0.2753097,-0.650116,-0.3531866,-0.6727623,static,67.79837,57.04435,16.83912,-11.82109
05/11/2023 13:09:20.647732,536,True,True,True,True,Eyes,0.3719574,0.1663554,-1.916064,-0.7985147,-0.5031238,-0.3305157,0.0,0.0,0.0,0.0,0.0,0.0,0.0,1.536448,-0.639286,-1.106345,0.2659679,0.1635308,-1.973797,-0.05189021,0.9141697,-0.1715664,-0.3635468,20.57362,223.7053,1.828437,0.2165405,0.08527394,-0.9725418,-0.1798214,0.009301992,0.002197543,-1.022202,-0.7782854,-1.821572,0.5795998,-0.4007998,1.915,-0.7302826,0.02987185,0.6824921,-0.2196177,0.9357448,-0.2759525,-0.6468817,-0.3514106,-0.6767978,static,67.5147,56.698,16.83913,-11.82108
05/11/2023 13:09:20.658505,537,True,True,True,True,Eyes,0.3669256,0.1659551,-1.919099,-0.7971476,-0.5026479,-0.3345158,0.0,0.0,0.0,0.0,0.0,0.0,0.0,1.530796,-0.6469585,-1.121651,0.2602149,0.1620073,-1.981422,-0.05131904,0.9149194,-0.1726045,-0.3612431,20.66575,223.4357,1.886334,0.2138816,0.08524163,-0.9731328,-0.1690322,0.008743873,0.00206569,-1.03235,-0.7861324,-1.834265,0.5795999,-0.4007998,1.915,-0.7337397,0.03079875,0.6787325,-0.2186099,0.9351481,-0.278761,-0.643301,-0.3529156,-0.6794224,static,67.23508,56.35596,16.83913,-11.82108
05/11/2023 13:09:20.677616,538,True,True,True,True,Eyes,0.3618758,0.1655072,-1.922353,-0.7959269,-0.5021711,-0.338119,0.0,0.0,0.0,0.0,0.0,0.0,0.0,1.524985,-0.65576,-1.136931,0.2542769,0.1605079,-1.98942,-0.04925508,0.9156962,-0.1730894,-0.3593254,20.63368,223.2319,2.093405,0.2112128,0.08518356,-0.9737206,-0.1588902,0.00821924,0.001941749,-1.043728,-0.7922384,-1.847139,0.5795999,-0.4007997,1.915001,-0.7369187,0.03418544,0.6751168,-0.2145962,0.935228,-0.2815974,-0.6410147,-0.3523917,-0.6818509,static,66.98365,56.04705,16.83912,-11.82108
05/11/2023 13:09:20.688035,539,True,True,True,True,Eyes,0.3568067,0.1649973,-1.925827,-0.7947547,-0.5015981,-0.3417081,0.0,0.0,0.0,0.0,0.0,0.0,0.0,1.519514,-0.6636055,-1.153084,0.2488454,0.1588628,-1.997933,-0.04616778,0.9166075,-0.1727354,-0.3575776,20.46764,223.0521,2.379502,0.2085323,0.08509897,-0.9743056,-0.1493568,0.007726086,0.001825244,-1.052793,-0.8022062,-1.86081,0.5795999,-0.4007998,1.915,-0.7400138,0.03889718,0.6714663,-0.2081681,0.9360621,-0.2836441,-0.639567,-0.3496783,-0.6846017,static,66.73451,55.73579,16.83913,-11.82108
05/11/2023 13:09:20.707746,540,True,True,True,True,Eyes,0.3517078,0.1644303,-1.929505,-0.7935992,-0.5010926,-0.345118,0.0,0.0,0.0,0.0,0.0,0.0,0.0,1.513283,-0.6724523,-1.169744,0.2433181,0.1568295,-2.006669,-0.04320388,0.91752,-0.1728321,-0.3555552,20.35749,222.8434,2.666821,0.2058392,0.08498647,-0.974888,-0.1403954,0.00726252,0.001715729,-1.06261,-0.81116,-1.874899,0.5796,-0.4007999,1.915,-0.743428,0.04362189,0.6673921,-0.2021836,0.9365249,-0.2864312,-0.637524,-0.3478766,-0.6874192,static,66.49689,55.44361,16.83913,-11.82108
05/11/2023 13:09:20.727699,541,True,True,True,True,Eyes,0.3466104,0.1638046,-1.933411,-0.7924648,-0.5005534,-0.3484909,0.0,0.0,0.0,0.0,0.0,0.0,0.0,1.50786,-0.6800089,-1.186552,0.2381625,0.1547876,-2.015758,-0.04051222,0.9184231,-0.1727224,-0.3535886,20.23759,222.6335,2.915956,0.2031318,0.08484519,-0.975468,-0.1319717,0.006826769,0.001612786,-1.076982,-0.8120555,-1.888801,0.5796003,-0.4007998,1.915001,-0.7466679,0.04773059,0.6634824,-0.19656,0.9370515,-0.2886151,-0.635493,-0.3459137,-0.6902844,static,66.26224,55.15393,16.83913,-11.82108
05/11/2023 13:09:20.737727,542,True,True,True,True,Eyes,0.3415035,0.1631388,-1.937527,-0.7912679,-0.500215,-0.3516817,0.0,0.0,0.0,0.0,0.0,0.0,0.0,1.503187,-0.6887502,-1.201965,0.2331016,0.1527309,-2.025094,-0.03836342,0.9191162,-0.1733076,-0.3517363,20.21643,222.4425,3.139687,0.2004104,0.08467413,-0.9760457,-0.1240534,0.006417163,0.001516019,-1.090668,-0.814213,-1.90344,0.5795998,-0.4007998,1.915,-0.7496199,0.05139628,0.6598703,-0.192438,0.9369855,-0.291592,-0.6332756,-0.3455672,-0.6924923,static,66.03709,54.89044,16.83912,-11.82108
05/11/2023 13:09:20.757848,543,True,True,True,True,Eyes,0.3364295,0.1624298,-1.941881,-0.7900503,-0.4999565,-0.3547732,0.0,0.0,0.0,0.0,0.0,0.0,0.0,1.500488,-0.6976955,-1.215566,0.2285355,0.1510222,-2.034897,-0.037249,0.9195624,-0.1744688,-0.3501118,20.30104,222.2748,3.280011,0.1976749,0.08447344,-0.9766208,-0.1166102,0.006032133,0.001425057,-1.10402,-0.8163953,-1.921068,0.5796002,-0.4007997,1.915,-0.7520687,0.05366166,0.6568969,-0.1906728,0.9363462,-0.2947873,-0.6309017,-0.3469526,-0.6939649,static,65.81747,54.64018,16.83913,-11.82108
05/11/2023 13:09:20.777210,544,True,True,True,True,Eyes,0.3313915,0.1617106,-1.946495,-0.7887993,-0.499812,-0.3577479,0.0,0.0,0.0,0.0,0.0,0.0,0.0,1.496889,-0.7113383,-1.227911,0.2242456,0.1492793,-2.044963,-0.03575117,0.9198743,-0.1767731,-0.3482882,20.49474,222.1108,3.510933,0.1949271,0.08424301,-0.9771928,-0.1096136,0.005670205,0.001339554,-1.117926,-0.8181918,-1.939201,0.5796001,-0.4007998,1.915001,-0.7548346,0.05736283,0.6534024,-0.1889092,0.9349462,-0.3003146,-0.628123,-0.3501215,-0.6948934,static,65.60406,54.40625,16.83913,-11.82108
05/11/2023 13:09:20.797246,545,True,True,True,True,Eyes,0.3263698,0.1610105,-1.951364,-0.7875772,-0.4995779,-0.3607549,0.0,0.0,0.0,0.0,0.0,0.0,0.0,1.490404,-0.7294978,-1.242073,0.2199884,0.148321,-2.05568,-0.03307177,0.9204206,-0.1793624,-0.3457765,20.67389,221.8859,3.870737,0.1921686,0.08398432,-0.9777613,-0.1030367,0.005329993,0.001259181,-1.133367,-0.8160721,-1.959407,0.5796,-0.4007998,1.915001,-0.7586902,0.06315869,0.6483833,-0.1849184,0.9334708,-0.3073068,-0.624656,-0.3530485,-0.6965358,static,65.38954,54.16622,16.83913,-11.82108
05/11/2023 13:09:20.807137,546,True,True,True,True,Eyes,0.3213758,0.1603301,-1.956519,-0.7864162,-0.4990817,-0.3639602,0.0,0.0,0.0,0.0,0.0,0.0,0.0,1.481363,-0.7458323,-1.260355,0.2153635,0.148035,-2.066616,-0.02913085,0.9214547,-0.1804254,-0.3428108,20.63911,221.5953,4.290884,0.1894001,0.08370022,-0.9783257,0.0,0.0,0.0,-1.149383,-0.8126915,-1.982617,0.5796001,-0.4007998,1.915001,-0.7632642,0.07001805,0.6422812,-0.1773891,0.9331961,-0.312535,-0.6212574,-0.3524805,-0.6998546,static,65.16489,53.89824,16.83913,-11.82108
05/11/2023 13:09:20.827135,547,True,True,True,True,Eyes,0.3163995,0.159658,-1.961933,-0.7853298,-0.4983353,-0.3673135,0.0,0.0,0.0,0.0,0.0,0.0,0.0,1.472962,-0.7542862,-1.283229,0.2106657,0.1478108,-2.078224,-0.02472804,0.92294,-0.1789027,-0.3399474,20.30671,221.2734,4.647538,0.1866228,0.08339324,-0.9788855,0.0,0.0,0.0,-1.160554,-0.8171968,-2.006063,0.5795996,-0.4007998,1.915,-0.7676486,0.07599002,0.6363499,-0.16728,0.9347647,-0.3134205,-0.6186541,-0.3470454,-0.7048593,static,64.93362,53.60677,16.83912,-11.82108
05/11/2023 13:09:20.837207,548,True,True,True,True,Eyes,0.3115013,0.1589578,-1.967644,-0.7843295,-0.4974164,-0.3706808,0.0,0.0,0.0,0.0,0.0,0.0,0.0,1.466829,-0.7559142,-1.307064,0.2061274,0.1472681,-2.089793,-0.02140787,0.9244729,-0.1761897,-0.3374147,19.88978,220.951,4.838501,0.1838371,0.08306511,-0.9794405,0.0,0.0,0.0,-1.169691,-0.8240205,-2.031563,0.5795999,-0.4007998,1.915,-0.771386,0.079316,0.6314052,-0.15848,0.9369978,-0.3113185,-0.6163179,-0.3402119,-0.7102171,static,64.70418,53.30607,16.83913,-11.82108
05/11/2023 13:09:20.858157,549,True,True,True,True,Eyes,0.3066544,0.1582228,-1.973591,-0.783369,-0.4963753,-0.3740916,0.0,0.0,0.0,0.0,0.0,0.0,0.0,1.463777,-0.7565492,-1.3283,0.2020609,0.1460006,-2.101725,-0.01892252,0.9256417,-0.1739553,-0.3355132,19.55661,220.7054,4.973745,0.181047,0.08271559,-0.9799896,0.0,0.0,0.0,-1.177825,-0.8303603,-2.059339,0.5796,-0.4007996,1.915001,-0.7741458,0.08169767,0.6277134,-0.1517595,0.938763,-0.3093431,-0.6145467,-0.334738,-0.714341,static,64.47356,52.99661,16.83912,-11.82107
05/11/2023 13:09:20.877585,550,True,True,True,True,Eyes,0.3018464,0.1575469,-1.979776,-0.7823128,-0.4956286,-0.3772784,0.0,0.0,0.0,0.0,0.0,0.0,0.0,1.459453,-0.7614586,-1.347743,0.1984474,0.144388,-2.113292,-0.01616295,0.9266487,-0.1729552,-0.333388,19.34858,220.4608,5.191096,0.1782545,0.08234427,-0.9805326,0.0,0.0,0.0,-1.18712,-0.8327713,-2.08871,0.5795994,-0.4008,1.914999,-0.7771825,0.08536765,0.6234581,-0.1452772,0.9396505,-0.3097605,-0.6122761,-0.3313146,-0.717878,static,64.25383,52.72118,16.83912,-11.82109
05/11/2023 13:09:20.897090,551,True,True,True,True,Eyes,0.2970499,0.1570685,-1.986252,-0.7811738,-0.4950429,-0.3803945,0.0,0.0,0.0,0.0,0.0,0.0,0.0,1.454244,-0.7768489,-1.363109,0.1948489,0.1451295,-2.125407,-0.01489892,0.9272227,-0.1749495,-0.3308005,19.52946,220.1931,5.364786,0.1754612,0.08195551,-0.9810688,0.0,0.0,0.0,-1.196732,-0.8322383,-2.117713,0.5796003,-0.4007998,1.915,-0.7806982,0.08811755,0.6186646,-0.143376,0.9383414,-0.3145772,-0.6082383,-0.3342915,-0.7199276,static,64.03612,52.46106,16.83914,-11.82108
05/11/2023 13:09:20.907385,552,True,True,True,True,Eyes,0.2922952,0.1566578,-1.993021,-0.7801847,-0.4941066,-0.3836279,0.0,0.0,0.0,0.0,0.0,0.0,0.0,1.44895,-0.7979617,-1.377307,0.1903101,0.1494168,-2.138838,-0.01411127,0.9276228,-0.1776767,-0.32825,19.80975,219.938,5.517803,0.1726671,0.08155996,-0.9815974,0.0,0.0,0.0,-1.210612,-0.8239709,-2.147466,0.5796002,-0.4007998,1.915,-0.784106,0.09046488,0.6139987,-0.1428246,0.9364637,-0.3203699,-0.6039697,-0.338898,-0.7213663,static,63.816,52.17398,16.83913,-11.82108
05/11/2023 13:09:20.927675,553,True,True,True,True,Eyes,0.2876077,0.1563224,-1.999969,-0.7791858,-0.4932505,-0.3867472,0.0,0.0,0.0,0.0,0.0,0.0,0.0,1.445463,-0.7912556,-1.404572,0.1858321,0.1506491,-2.151985,-0.009733888,0.9293638,-0.1718615,-0.3265761,19.01414,219.6807,5.715738,0.1698738,0.08116069,-0.9821178,0.0,0.0,0.0,-1.215045,-0.8306952,-2.171111,0.5795999,-0.4007998,1.915,-0.7865066,0.09415909,0.6103617,-0.1303444,0.9407377,-0.313086,-0.6036702,-0.3258014,-0.7276233,static,63.6026,51.90076,16.83913,-11.82108
05/11/2023 13:09:20.947367,554,True,True,True,True,Eyes,0.2829212,0.1561549,-2.007158,-0.7780316,-0.4927613,-0.3896833,0.0,0.0,0.0,0.0,0.0,0.0,0.0,1.442144,-0.8079313,-1.415459,0.1827481,0.1521293,-2.163218,-0.007936382,0.9295477,-0.1739455,-0.3249941,19.18017,219.5522,5.974502,0.1670843,0.0807612,-0.9826291,0.0,0.0,0.0,-1.215627,-0.8434909,-2.192704,0.5795999,-0.4007998,1.915,-0.7886319,0.09830803,0.606956,-0.127817,0.9393599,-0.3182228,-0.601434,-0.3285398,-0.7282437,static,63.39564,51.6625,16.83913,-11.82108
05/11/2023 13:09:20.957458,555,True,True,True,True,Eyes,0.2782379,0.1561111,-2.01455,-0.7770082,-0.4918779,-0.3928289,0.0,0.0,0.0,0.0,0.0,0.0,0.0,1.430353,-0.8420394,-1.427567,0.1783337,0.1559928,-2.176408,-0.005042039,0.9297445,-0.1792353,-0.3215968,19.66554,219.2812,6.457559,0.1642983,0.08036902,-0.9831308,0.0,0.0,0.0,-1.226313,-0.8371185,-2.219435,0.5795995,-0.4007998,1.915,-0.7931005,0.1059073,0.599813,-0.1246586,0.9356986,-0.330043,-0.5961983,-0.336529,-0.7289007,static,63.1804,51.38806,16.83912,-11.82108
05/11/2023 13:09:20.977018,556,True,True,True,True,Eyes,0.2736219,0.1560836,-2.02207,-0.7757847,-0.4916449,-0.3955294,0.0,0.0,0.0,0.0,0.0,0.0,0.0,1.426412,-0.8359208,-1.453276,0.1737443,0.158823,-2.188611,-0.001742049,0.9313579,-0.1739231,-0.3198754,18.97065,219.0072,6.559022,0.1615157,0.07998882,-0.9836228,0.0,0.0,0.0,-1.226807,-0.8484328,-2.239457,0.5796,-0.4007999,1.915,-0.7953533,0.1080224,0.5964427,-0.1145123,0.9394955,-0.3228547,-0.5952308,-0.3250836,-0.734861,static,62.9855,51.18324,16.83913,-11.82108
05/11/2023 13:09:20.997347,557,True,True,True,True,Eyes,0.2690588,0.1560616,-2.029746,-0.7745438,-0.4914861,-0.3981498,0.0,0.0,0.0,0.0,0.0,0.0,0.0,1.427313,-0.8542473,-1.457187,0.1704925,0.1593309,-2.199068,-0.004448737,0.9308081,-0.1788557,-0.3187277,19.62099,218.9201,6.444945,0.1587402,0.07961982,-0.9841044,0.0,0.0,0.0,-1.226152,-0.8618156,-2.257241,0.5795995,-0.4007998,1.915,-0.7967861,0.1057307,0.5949399,-0.1222944,0.9359817,-0.3301248,-0.5917572,-0.3357966,-0.7328469,static,62.79483,50.98928,16.83912,-11.82108
05/11/2023 13:09:21.007272,558,True,True,True,True,Eyes,0.2646033,0.1560581,-2.037546,-0.7732745,-0.4914967,-0.4005963,0.0,0.0,0.0,0.0,0.0,0.0,0.0,1.429517,-0.8594198,-1.468843,0.1671822,0.1594561,-2.210486,-0.005207934,0.9309671,-0.1793693,-0.3179617,19.71159,218.821,6.365167,0.1559744,0.07926067,-0.9845756,0.0,0.0,0.0,-1.237415,-0.8523367,-2.280821,0.5795999,-0.4007999,1.914999,-0.7977462,0.1043683,0.5938922,-0.123762,0.935599,-0.330662,-0.5901555,-0.3372857,-0.7334538,static,62.6135,50.81811,16.83913,-11.82109
05/11/2023 13:09:21.027273,559,True,True,True,True,Eyes,0.2602017,0.156076,-2.045454,-0.7718965,-0.4916467,-0.4030626,0.0,0.0,0.0,0.0,0.0,0.0,0.0,1.426325,-0.8674482,-1.483394,0.1645732,0.1602743,-2.221385,-0.00384755,0.9315557,-0.179469,-0.3161964,19.68227,218.6232,6.483903,0.1532237,0.07891093,-0.9850355,0.0,0.0,0.0,-1.241035,-0.8553455,-2.300622,0.5795997,-0.4007999,1.915,-0.8000101,0.1063265,0.5904901,-0.1206633,0.9355521,-0.3319376,-0.587728,-0.3368038,-0.7356215,static,62.4277,50.65436,16.83912,-11.82109
05/11/2023 13:09:21.047118,560,True,True,True,True,Eyes,0.2558625,0.1561069,-2.053496,-0.7704559,-0.4917192,-0.4057214,0.0,0.0,0.0,0.0,0.0,0.0,0.0,1.408597,-0.8960294,-1.498055,0.1617284,0.1605386,-2.231424,-0.00104139,0.9322446,-0.1842865,-0.3113803,20.13594,218.1667,6.901893,0.1504897,0.07857036,-0.9854841,0.0,0.0,0.0,-1.251342,-0.8474209,-2.323797,0.5795997,-0.4007999,1.915,-0.8060826,0.1128247,0.580949,-0.116708,0.9320748,-0.3429516,-0.5801813,-0.3442486,-0.7381617,static,62.22875,50.47369,16.83913,-11.82109
05/11/2023 13:09:21.062192,561,True,True,True,True,Eyes,0.2515715,0.1561714,-2.061611,-0.7688664,-0.4919449,-0.4084539,0.0,0.0,0.0,0.0,0.0,0.0,0.0,1.393371,-0.9027697,-1.523377,0.1579035,0.1610257,-2.241939,0.001710968,0.9339213,-0.1832718,-0.3069196,19.95443,217.63,7.070163,0.1477749,0.0782383,-0.9859213,0.0,0.0,0.0,-1.265326,-0.8301653,-2.349433,0.5795999,-0.4007997,1.915,-0.8115949,0.1156953,0.5726504,-0.1093036,0.932817,-0.3433731,-0.5739047,-0.3412726,-0.7444237,static,62.02089,50.2977,16.83912,-11.82108
05/11/2023 13:09:21.077406,562,True,True,True,True,Eyes,0.2473285,0.15628,-2.069844,-0.7671412,-0.4922143,-0.4113629,0.0,0.0,0.0,0.0,0.0,0.0,0.0,1.380206,-0.9176366,-1.540737,0.1547359,0.1618908,-2.251831,0.001950206,0.9348775,-0.1855039,-0.3026365,20.22248,217.1425,7.096586,0.1450809,0.07791536,-0.9863468,0.0,0.0,0.0,-1.272018,-0.8259951,-2.373266,0.5795999,-0.4007998,1.915,-0.816815,0.1159269,0.5651324,-0.1086341,0.931169,-0.3480272,-0.5665795,-0.3456664,-0.7479992,static,61.79853,50.11317,16.83913,-11.82108
05/11/2023 13:09:21.087349,563,True,True,True,True,Eyes,0.2431209,0.1563967,-2.078157,-0.7653719,-0.4922811,-0.4145663,0.0,0.0,0.0,0.0,0.0,0.0,0.0,1.367769,-0.9255098,-1.562343,0.1510739,0.1631509,-2.262484,0.002613018,0.9361788,-0.1855602,-0.2985466,20.2352,216.6403,7.082544,0.142409,0.07760242,-0.9867608,0.0,0.0,0.0,-1.283345,-0.8110289,-2.403376,0.5796,-0.4007997,1.915,-0.8217264,0.1156892,0.5580162,-0.1059042,0.9311212,-0.3489951,-0.5599557,-0.3458747,-0.752875,static,61.55766,49.89816,16.83913,-11.82108
05/11/2023 13:09:21.107094,564,True,True,True,True,Eyes,0.2389368,0.156491,-2.086506,-0.7634279,-0.4924353,-0.4179538,0.0,0.0,0.0,0.0,0.0,0.0,0.0,1.355458,-0.919512,-1.59077,0.1476635,0.1634564,-2.272619,0.003753345,0.9381738,-0.182138,-0.2943493,19.84913,216.0606,6.977778,0.1397599,0.07729866,-0.9871633,0.0,0.0,0.0,-1.286963,-0.8093134,-2.429254,0.5796,-0.4007998,1.915,-0.8266888,0.1142669,0.5509344,-0.1001818,0.9336233,-0.3439637,-0.5536688,-0.3395446,-0.7603684,static,61.30062,49.67711,16.83913,-11.82108
05/11/2023 13:09:21.127657,565,True,True,True,True,Eyes,0.2347738,0.1565995,-2.094922,-0.7613609,-0.4926019,-0.4215127,0.0,0.0,0.0,0.0,0.0,0.0,0.0,1.341866,-0.9193623,-1.615386,0.1444708,0.162937,-2.282078,0.003274724,0.9398281,-0.1811543,-0.2896475,19.79226,215.4421,6.780849,0.137134,0.07700212,-0.9875547,0.0,0.0,0.0,-1.286164,-0.8174788,-2.451118,0.5795994,-0.4008,1.914999,-0.8321875,0.1110971,0.5432512,-0.09878643,0.9343448,-0.3424049,-0.5456241,-0.3386108,-0.7665752,static,61.02974,49.44685,16.83912,-11.82109
05/11/2023 13:09:21.147448,566,True,True,True,True,Eyes,0.2306129,0.1566759,-2.103374,-0.7592901,-0.4926221,-0.4252082,0.0,0.0,0.0,0.0,0.0,0.0,0.0,1.325557,-0.9255157,-1.638997,0.1407635,0.1633866,-2.292047,0.003889202,0.9413297,-0.1810491,-0.2847885,19.79395,214.8426,6.740839,0.1345313,0.07671259,-0.9879351,0.0,0.0,0.0,-1.290061,-0.8153328,-2.47664,0.5795997,-0.4007998,1.915001,-0.8377607,0.1104435,0.5347515,-0.09579937,0.9344122,-0.343069,-0.537568,-0.3386386,-0.7722335,static,60.75085,49.20079,16.83912,-11.82108
05/11/2023 13:09:21.158387,567,True,True,True,True,Eyes,0.2264875,0.1567352,-2.111843,-0.7570612,-0.4928176,-0.4289395,0.0,0.0,0.0,0.0,0.0,0.0,0.0,1.307588,-0.9249001,-1.666464,0.1369589,0.1626211,-2.301548,0.005906976,0.9431766,-0.1790395,-0.2798715,19.53759,214.2244,6.786051,0.1319511,0.07642789,-0.9883051,0.0,0.0,0.0,-1.284459,-0.8311383,-2.495625,0.5796001,-0.4007998,1.914999,-0.8432744,0.1113587,0.5258213,-0.08907344,0.9358199,-0.341038,-0.5300516,-0.3344252,-0.7792338,static,60.46476,48.96428,16.83914,-11.82109
05/11/2023 13:09:21.177390,568,True,True,True,True,Eyes,0.2223785,0.1567934,-2.120341,-0.7548097,-0.493174,-0.4324833,0.0,0.0,0.0,0.0,0.0,0.0,0.0,1.29043,-0.9394172,-1.683543,0.1336294,0.1623054,-2.310375,0.006090073,0.9440954,-0.1815248,-0.2751283,19.84047,213.6851,6.800538,0.1293944,0.0761468,-0.9886647,0.0,0.0,0.0,-1.277442,-0.8495196,-2.513816,0.5795999,-0.4008,1.914999,-0.8485348,0.1113844,0.5172837,-0.08838598,0.9340234,-0.3461045,-0.5217057,-0.3394023,-0.7827064,static,60.18859,48.75123,16.83913,-11.82109
05/11/2023 13:09:21.197596,569,True,True,True,True,Eyes,0.218297,0.1568304,-2.128854,-0.7524747,-0.4935699,-0.4360854,0.0,0.0,0.0,0.0,0.0,0.0,0.0,1.272124,-0.9617595,-1.697295,0.1299436,0.1623965,-2.319663,0.006679686,0.9446363,-0.1856485,-0.2704669,20.3117,213.1964,6.923188,0.1268614,0.07586896,-0.9890144,0.0,0.0,0.0,-1.273371,-0.8608087,-2.53296,0.5796,-0.4007996,1.915001,-0.853606,0.1130433,0.5085056,-0.08780378,0.93098,-0.3543538,-0.5134659,-0.3471273,-0.7847645,static,59.90621,48.53834,16.83912,-11.82107
05/11/2023 13:09:21.207457,570,True,True,True,True,Eyes,0.2142725,0.156852,-2.137352,-0.7500198,-0.4943095,-0.4394637,0.0,0.0,0.0,0.0,0.0,0.0,0.0,1.253794,-0.9747813,-1.715154,0.1264831,0.1619363,-2.32846,0.008485575,0.9455857,-0.1871845,-0.2660034,20.45573,212.7044,7.089131,0.1243522,0.07559312,-0.9893542,0.0,0.0,0.0,-1.267434,-0.875861,-2.549806,0.5795999,-0.4007996,1.915001,-0.8583406,0.1156311,0.4998812,-0.08353575,0.9297799,-0.3585124,-0.5062347,-0.3494836,-0.7884085,static,59.63242,48.36145,16.83912,-11.82107
05/11/2023 13:09:21.227531,571,True,True,True,True,Eyes,0.2102639,0.1568864,-2.145861,-0.7474104,-0.4952188,-0.4428724,0.0,0.0,0.0,0.0,0.0,0.0,0.0,1.234291,-1.00493,-1.72242,0.123337,0.1617559,-2.336388,0.008377485,0.9456157,-0.1936393,-0.2612367,21.21322,212.2388,7.210807,0.121869,0.07531857,-0.9896841,0.0,0.0,0.0,-1.264596,-0.887613,-2.563791,0.5795994,-0.4007999,1.915,-0.8633704,0.1170151,0.4908146,-0.0853276,0.9248673,-0.3705938,-0.4973035,-0.3618397,-0.7885185,static,59.35146,48.19385,16.83912,-11.82109
05/11/2023 13:09:21.247360,572,True,True,True,True,Eyes,0.2062627,0.1569372,-2.154349,-0.7447822,-0.4960365,-0.4463712,0.0,0.0,0.0,0.0,0.0,0.0,0.0,1.212981,-1.024122,-1.737867,0.1196498,0.1621421,-2.34515,0.009107259,0.9463682,-0.1968186,-0.25606,21.58381,211.672,7.292389,0.1194116,0.07504588,-0.9900042,0.0,0.0,0.0,-1.264967,-0.8955756,-2.574467,0.5795998,-0.4007998,1.915001,-0.8687005,0.1180324,0.4810691,-0.08355709,0.922359,-0.3771897,-0.488239,-0.3678617,-0.7913913,static,59.06443,48.01672,16.83912,-11.82108
05/11/2023 13:09:21.257999,573,True,True,True,True,Eyes,0.202278,0.1569977,-2.162836,-0.7419698,-0.4970067,-0.4499613,0.0,0.0,0.0,0.0,0.0,0.0,0.0,1.192087,-1.033832,-1.757242,0.1160797,0.1625531,-2.35327,0.009452826,0.9475613,-0.1978402,-0.2507941,21.72734,211.0416,7.244733,0.1169792,0.07477584,-0.9903151,0.0,0.0,0.0,-1.265155,-0.9021,-2.586226,0.5795994,-0.4008,1.914999,-0.874026,0.1171486,0.4715452,-0.08132005,0.9215398,-0.3796729,-0.4790259,-0.37019,-0.7959232,static,58.76564,47.84412,16.83912,-11.82109
05/11/2023 13:09:21.277237,574,True,True,True,True,Eyes,0.1983061,0.157067,-2.171342,-0.7391751,-0.4976822,-0.4537979,0.0,0.0,0.0,0.0,0.0,0.0,0.0,1.172352,-1.044706,-1.775084,0.112423,0.1628835,-2.361688,0.008630965,0.9485842,-0.1995261,-0.2455669,21.98079,210.4054,7.084534,0.1145719,0.07450879,-0.9906166,0.0,0.0,0.0,-1.267724,-0.9017702,-2.603345,0.5796003,-0.4007995,1.915001,-0.8792451,0.1143684,0.4624375,-0.08161965,0.9202297,-0.3827736,-0.469326,-0.3742957,-0.7997727,static,58.45321,47.64074,16.83913,-11.82107
05/11/2023 13:09:21.297540,575,True,True,True,True,Eyes,0.1943406,0.1571259,-2.17986,-0.7362808,-0.4982899,-0.4578185,0.0,0.0,0.0,0.0,0.0,0.0,0.0,1.154157,-1.043503,-1.79904,0.1084851,0.163181,-2.370469,0.008681412,0.9501305,-0.1979752,-0.2407959,21.84047,209.7793,6.920291,0.1121893,0.0742449,-0.990909,0.0,0.0,0.0,-1.273447,-0.8965949,-2.621767,0.5796002,-0.4007998,1.915,-0.8838842,0.1118402,0.4541375,-0.07884626,0.9214609,-0.3803855,-0.4610124,-0.3720236,-0.8056465,static,58.1267,47.42384,16.83914,-11.82108
05/11/2023 13:09:21.307404,576,True,True,True,True,Eyes,0.1903884,0.1571584,-2.188374,-0.7334116,-0.4986733,-0.4619874,0.0,0.0,0.0,0.0,0.0,0.0,0.0,1.137529,-1.040101,-1.822719,0.1046197,0.1629772,-2.379197,0.008427664,0.9516277,-0.1961551,-0.2363407,21.67551,209.183,6.720975,0.1098305,0.07398348,-0.9911928,0.0,0.0,0.0,-1.277824,-0.8941463,-2.638376,0.5796003,-0.4007997,1.915,-0.888144,0.1087589,0.4465105,-0.07667889,0.9229043,-0.3773168,-0.453123,-0.3693496,-0.8113323,static,57.79253,47.18696,16.83914,-11.82108
05/11/2023 13:09:21.327245,577,True,True,True,True,Eyes,0.1864358,0.1571784,-2.196909,-0.7304398,-0.4990396,-0.4662801,0.0,0.0,0.0,0.0,0.0,0.0,0.0,1.119116,-1.041588,-1.843783,0.1008978,0.1623624,-2.387534,0.008385933,0.9528892,-0.1955831,-0.2316881,21.64484,208.5921,6.586195,0.1074952,0.07372322,-0.9914682,0.0,0.0,0.0,-1.281774,-0.8926777,-2.653744,0.5796,-0.4007998,1.915001,-0.8925009,0.1066103,0.4382658,-0.07464682,0.9233539,-0.3766239,-0.4448264,-0.3688522,-0.8161361,static,57.44766,46.94367,16.83913,-11.82108
05/11/2023 13:09:21.347743,578,True,True,True,True,Eyes,0.1824162,0.1571873,-2.205417,-0.7272993,-0.4990829,-0.4711178,0.0,0.0,0.0,0.0,0.0,0.0,0.0,1.100048,-1.043807,-1.865311,0.0968808,0.1620781,-2.396532,0.008765409,0.9541298,-0.1949372,-0.2270666,21.59294,208.0136,6.499708,0.1051825,0.07346353,-0.9917354,0.0,0.0,0.0,-1.28666,-0.887862,-2.671419,0.5796002,-0.4007997,1.915001,-0.8967282,0.1052541,0.4298845,-0.07180078,0.9238453,-0.3759715,-0.4367193,-0.3680101,-0.8208808,static,57.06631,46.65104,16.83913,-11.82107
05/11/2023 13:09:21.357958,579,True,True,True,True,Eyes,0.1783893,0.1571632,-2.213945,-0.7240741,-0.4991261,-0.4760146,0.0,0.0,0.0,0.0,0.0,0.0,0.0,1.080227,-1.044813,-1.886962,0.09288466,0.1615329,-2.405084,0.009441859,0.9553977,-0.1940351,-0.2224334,21.50368,207.4362,6.440354,0.1028894,0.07320419,-0.9919951,0.0,0.0,0.0,-1.291605,-0.88101,-2.691945,0.5796,-0.4007997,1.915001,-0.9008687,0.1043612,0.4213606,-0.06827831,0.9245225,-0.3749617,-0.4286888,-0.366561,-0.8257477,static,56.67862,46.3577,16.83912,-11.82108
05/11/2023 13:09:21.377190,580,True,True,True,True,Eyes,0.1743373,0.1571119,-2.222482,-0.7207963,-0.4988648,-0.4812345,0.0,0.0,0.0,0.0,0.0,0.0,0.0,1.061892,-1.047243,-1.907055,0.08863978,0.1607172,-2.414022,0.009857221,0.9564602,-0.1936057,-0.2181827,21.47227,206.9103,6.375619,0.1006143,0.07294371,-0.9922476,0.0,0.0,0.0,-1.2968,-0.8744591,-2.712232,0.5795996,-0.4007997,1.915,-0.9045987,0.1033389,0.4135493,-0.06562674,0.9248393,-0.3746536,-0.421183,-0.366051,-0.8298266,static,56.27123,46.03055,16.83912,-11.82108
05/11/2023 13:09:21.397495,581,True,True,True,True,Eyes,0.1702805,0.1570181,-2.23104,-0.7174382,-0.4986448,-0.4864522,0.0,0.0,0.0,0.0,0.0,0.0,0.0,1.043403,-1.04813,-1.927673,0.08442897,0.159905,-2.42291,0.01047454,0.9575685,-0.192784,-0.2139798,21.39066,206.3885,6.32406,0.09835614,0.07268117,-0.9924932,0.0,0.0,0.0,-1.300571,-0.8720759,-2.729625,0.5796001,-0.4007998,1.915,-0.9082062,0.1025639,0.4057619,-0.06244358,0.9254492,-0.3736905,-0.4138393,-0.3647251,-0.8340942,static,55.86114,45.70911,16.83913,-11.82108
05/11/2023 13:09:21.407476,582,True,True,True,True,Eyes,0.1662226,0.1568823,-2.239628,-0.7140536,-0.4983018,-0.4917547,0.0,0.0,0.0,0.0,0.0,0.0,0.0,1.024718,-1.05362,-1.945693,0.08016834,0.158849,-2.431917,0.01107963,0.9584088,-0.1930996,-0.2098629,21.43752,205.8976,6.308918,0.09611435,0.07241499,-0.9927323,0.0,0.0,0.0,-1.304651,-0.8692991,-2.74661,0.5796002,-0.4007995,1.915001,-0.9116696,0.1022865,0.39799,-0.05981129,0.9251796,-0.3747871,-0.4065479,-0.3654863,-0.8373402,static,55.44558,45.37888,16.83913,-11.82107
05/11/2023 13:09:21.427777,583,True,True,True,True,Eyes,0.1621454,0.1567205,-2.248242,-0.7105613,-0.4980212,-0.4970691,0.0,0.0,0.0,0.0,0.0,0.0,0.0,1.003854,-1.062847,-1.962579,0.07578448,0.157731,-2.440995,0.01190455,0.95913,-0.1942222,-0.20544,21.57244,205.3878,6.336586,0.09388851,0.07214377,-0.992965,0.0,0.0,0.0,-1.308059,-0.8671529,-2.763691,0.5796002,-0.4007995,1.915001,-0.9153056,0.102638,0.389463,-0.05696598,0.9242721,-0.37746,-0.3987115,-0.3676774,-0.8401445,static,55.02551,45.05482,16.83913,-11.82107
05/11/2023 13:09:21.437801,584,True,True,True,True,Eyes,0.158046,0.1565251,-2.2569,-0.7069957,-0.4976056,-0.5025393,0.0,0.0,0.0,0.0,0.0,0.0,0.0,0.9820273,-1.069609,-1.981093,0.07124026,0.1569,-2.4502,0.01262219,0.9599987,-0.1947299,-0.2008072,21.64234,204.8396,6.327435,0.09167804,0.07186704,-0.9931916,0.0,0.0,0.0,-1.309363,-0.8707823,-2.777395,0.5795999,-0.4007996,1.915,-0.9190346,0.1024409,0.3806335,-0.05397174,0.9238419,-0.3789501,-0.3904652,-0.3688116,-0.8435137,static,54.59442,44.71736,16.83912,-11.82108
05/11/2023 13:09:21.457954,585,True,True,True,True,Eyes,0.1539101,0.1562858,-2.265604,-0.703342,-0.4971947,-0.5080429,0.0,0.0,0.0,0.0,0.0,0.0,0.0,0.9613817,-1.071201,-2.001793,0.0662633,0.1559132,-2.459716,0.01302032,0.9610223,-0.1941568,-0.1963923,21.59625,204.2935,6.2539,0.08948104,0.07158385,-0.9934124,0.0,0.0,0.0,-1.314374,-0.8693477,-2.791003,0.5796002,-0.4007998,1.915,-0.9225212,0.1012874,0.3724188,-0.05123618,0.9242672,-0.3782921,-0.3825308,-0.3680637,-0.8474666,static,54.15841,44.38171,16.83913,-11.82108
05/11/2023 13:09:21.477553,586,True,True,True,True,Eyes,0.1497387,0.1559999,-2.274354,-0.6996222,-0.4966933,-0.5136386,0.0,0.0,0.0,0.0,0.0,0.0,0.0,0.9413882,-1.071606,-2.022656,0.06120045,0.1546179,-2.46942,0.01326741,0.9620292,-0.1934223,-0.1921239,21.53428,203.7605,6.16212,0.08729672,0.07129315,-0.9936276,0.0,0.0,0.0,-1.321403,-0.8633999,-2.806079,0.5795997,-0.4007997,1.915001,-0.9258248,0.09984938,0.3645252,-0.04879482,0.9248235,-0.3772538,-0.37479,-0.3670579,-0.8513523,static,53.71516,44.03912,16.83912,-11.82108
05/11/2023 13:09:21.497353,587,True,True,True,True,Eyes,0.1455224,0.155666,-2.283149,-0.695815,-0.4962148,-0.5192421,0.0,0.0,0.0,0.0,0.0,0.0,0.0,0.9214861,-1.073963,-2.042146,0.05597515,0.1532088,-2.479171,0.01349167,0.9628929,-0.1931737,-0.1879874,21.52694,203.2518,6.085065,0.08512346,0.07099372,-0.9938376,0.0,0.0,0.0,-1.327396,-0.85943,-2.821455,0.5795994,-0.4007996,1.915,-0.9289576,0.09861054,0.3568111,-0.04664639,0.9250038,-0.3770837,-0.367236,-0.3669387,-0.8546894,static,53.26838,43.70094,16.83912,-11.82108
05/11/2023 13:09:21.507402,588,True,True,True,True,Eyes,0.1412504,0.1552956,-2.292001,-0.691998,-0.4956694,-0.5248339,0.0,0.0,0.0,0.0,0.0,0.0,0.0,0.898872,-1.077499,-2.06193,0.05063049,0.1517233,-2.488965,0.01434966,0.9637658,-0.1930622,-0.1835123,21.52251,202.7179,6.079147,0.08295909,0.07068442,-0.9940426,0.0,0.0,0.0,-1.332794,-0.8555426,-2.837421,0.5795999,-0.4007998,1.915,-0.9322349,0.09851798,0.3481849,-0.04319912,0.9250422,-0.3774001,-0.3592664,-0.3668668,-0.8581007,static,52.82213,43.36302,16.83913,-11.82108
05/11/2023 13:09:21.527675,589,True,True,True,True,Eyes,0.136917,0.1548975,-2.300912,-0.6880603,-0.4951971,-0.5304269,0.0,0.0,0.0,0.0,0.0,0.0,0.0,0.8751318,-1.081305,-2.082017,0.04484146,0.1504682,-2.499043,0.01487008,0.9646448,-0.1930223,-0.1788346,21.53547,202.1535,6.030684,0.08080186,0.07036478,-0.994243,0.0,0.0,0.0,-1.336971,-0.8547846,-2.851886,0.5795997,-0.4007997,1.915,-0.9355944,0.0977268,0.3392831,-0.04034941,0.9250426,-0.3777144,-0.3507642,-0.3670773,-0.8615215,static,52.37131,43.03269,16.83912,-11.82108
05/11/2023 13:09:21.547428,590,True,True,True,True,Eyes,0.1325061,0.1544825,-2.309903,-0.6840695,-0.4946984,-0.5360246,0.0,0.0,0.0,0.0,0.0,0.0,0.0,0.8527005,-1.084695,-2.101624,0.03897594,0.1494164,-2.509312,0.01459435,0.9654815,-0.1930153,-0.1742915,21.5688,201.5892,5.891846,0.07865047,0.07003487,-0.9944388,0.0,0.0,0.0,-1.339118,-0.8575771,-2.864951,0.5796001,-0.4007997,1.915,-0.9388189,0.09546303,0.3309166,-0.03910073,0.9250641,-0.3777927,-0.3421844,-0.3676181,-0.8647349,static,51.91838,42.70399,16.83913,-11.82108
05/11/2023 13:09:21.557918,591,True,True,True,True,Eyes,0.1280191,0.1540408,-2.318963,-0.6800076,-0.4942067,-0.5416175,0.0,0.0,0.0,0.0,0.0,0.0,0.0,0.8336321,-1.085477,-2.121505,0.0325826,0.1485837,-2.520089,0.01366832,0.966294,-0.1924931,-0.1703977,21.55239,201.0831,5.677743,0.07650135,0.0696949,-0.9946303,0.0,0.0,0.0,-1.340397,-0.8626822,-2.876605,0.5796002,-0.4007999,1.915001,-0.9415556,0.09201597,0.3240464,-0.03918553,0.9255192,-0.376668,-0.3345706,-0.3673517,-0.867822,static,51.46312,42.37934,16.83913,-11.82108
05/11/2023 13:09:21.577523,592,True,True,True,True,Eyes,0.1234548,0.1535475,-2.328079,-0.675881,-0.4937454,-0.5471749,0.0,0.0,0.0,0.0,0.0,0.0,0.0,0.8151409,-1.083778,-2.142018,0.02621929,0.1475019,-2.530775,0.01309034,0.9671518,-0.1914288,-0.1667364,21.46398,200.6059,5.497425,0.07435293,0.06934492,-0.9948177,0.0,0.0,0.0,-1.341849,-0.8652952,-2.890575,0.5796003,-0.4007998,1.915001,-0.9440554,0.08915699,0.3175072,-0.03851561,0.9263673,-0.3746467,-0.3275306,-0.3659161,-0.8711082,static,51.00731,42.06164,16.83914,-11.82108
05/11/2023 13:09:21.597154,593,True,True,True,True,Eyes,0.1188049,0.1530175,-2.337238,-0.6716232,-0.4934455,-0.5526606,0.0,0.0,0.0,0.0,0.0,0.0,0.0,0.7937019,-1.082963,-2.162448,0.0196286,0.145763,-2.541126,0.01290659,0.9680002,-0.1906448,-0.1626767,21.40077,200.0933,5.36257,0.07220323,0.06898389,-0.9950011,0.0,0.0,0.0,-1.345635,-0.8604074,-2.909307,0.5795996,-0.4007999,1.914999,-0.9467394,0.08701409,0.310021,-0.03703976,0.9269759,-0.3732876,-0.3198633,-0.3648892,-0.8743817,static,50.54996,41.76022,16.83912,-11.82109
05/11/2023 13:09:21.608717,594,True,True,True,True,Eyes,0.1140503,0.1525255,-2.346482,-0.6672417,-0.4933495,-0.5580276,0.0,0.0,0.0,0.0,0.0,0.0,0.0,0.7703897,-1.091489,-2.178308,0.01285901,0.1443869,-2.551247,0.01208053,0.9684839,-0.1919401,-0.1582784,21.58971,199.5542,5.192916,0.07005014,0.06861155,-0.9951808,0.0,0.0,0.0,-1.35194,-0.8473908,-2.933582,0.5795997,-0.4007998,1.915,-0.9496041,0.08415954,0.3019427,-0.03736035,0.9260261,-0.375606,-0.3112176,-0.3679577,-0.876214,static,50.09359,41.47974,16.83912,-11.82108
05/11/2023 13:09:21.627467,595,True,True,True,True,Eyes,0.1091887,0.1520472,-2.355815,-0.6628227,-0.4930629,-0.5635203,0.0,0.0,0.0,0.0,0.0,0.0,0.0,0.7481686,-1.104197,-2.19287,0.005750369,0.1448162,-2.562553,0.01084353,0.9688152,-0.193734,-0.1540998,21.84167,199.0387,4.988858,0.0678913,0.06823077,-0.9953566,0.0,0.0,0.0,-1.357698,-0.8338145,-2.95912,0.5795998,-0.4007998,1.915,-0.9522713,0.0807195,0.2943869,-0.03869799,0.9246991,-0.3787269,-0.3027899,-0.372043,-0.8774408,static,49.62939,41.18493,16.83913,-11.82108
05/11/2023 13:09:21.647295,596,True,True,True,True,Eyes,0.1042274,0.1515674,-2.365216,-0.6583046,-0.4927709,-0.5690448,0.0,0.0,0.0,0.0,0.0,0.0,0.0,0.7258787,-1.092135,-2.21957,-0.001725357,0.1446253,-2.573951,0.01112665,0.9701571,-0.1900848,-0.15013,21.43734,198.5115,4.84789,0.06572401,0.06784304,-0.9955285,0.0,0.0,0.0,-1.362666,-0.8239269,-2.98188,0.5795999,-0.4007998,1.915,-0.9546745,0.07866407,0.2870694,-0.03548566,0.9274879,-0.3721652,-0.2955294,-0.3654834,-0.8826577,static,49.15955,40.8913,16.83912,-11.82108
05/11/2023 13:09:21.658387,597,True,True,True,True,Eyes,0.09916966,0.1510989,-2.374702,-0.6536717,-0.4924764,-0.5746132,0.0,0.0,0.0,0.0,0.0,0.0,0.0,0.7033954,-1.09171,-2.239656,-0.009111401,0.1441032,-2.584918,0.01044888,0.9709563,-0.1892043,-0.1460701,21.36856,197.9893,4.654274,0.06354655,0.06744915,-0.9956967,0.0,0.0,0.0,-1.366289,-0.817212,-3.00252,0.5795997,-0.4007997,1.915,-0.957109,0.075565,0.2797014,-0.03498337,0.928185,-0.3704708,-0.2876093,-0.3643657,-0.8857308,static,48.68276,40.59847,16.83912,-11.82108
05/11/2023 13:09:21.677101,598,True,True,True,True,Eyes,0.09405818,0.1506604,-2.384294,-0.6489114,-0.4921256,-0.5802813,0.0,0.0,0.0,0.0,0.0,0.0,0.0,0.6776721,-1.090118,-2.261535,-0.01654953,0.1439038,-2.596374,0.009841394,0.9718958,-0.1879647,-0.1413892,21.25881,197.3896,4.448313,0.06135742,0.06705026,-0.9958609,0.0,0.0,0.0,-1.364955,-0.8200528,-3.019408,0.5796002,-0.4007998,1.915,-0.9598243,0.07228196,0.2711314,-0.03402271,0.9291449,-0.3681471,-0.2785307,-0.3625812,-0.8893566,static,48.19571,40.30065,16.83913,-11.82108
05/11/2023 13:09:21.697279,599,True,True,True,True,Eyes,0.08884834,0.1502844,-2.393976,-0.6439948,-0.4918636,-0.5859529,0.0,0.0,0.0,0.0,0.0,0.0,0.0,0.6502213,-1.08391,-2.285998,-0.024277,0.1442991,-2.608069,0.009308846,0.9730569,-0.1856265,-0.1364424,21.021,196.7482,4.225024,0.0591569,0.06664812,-0.996021,0.0,0.0,0.0,-1.363515,-0.8224739,-3.035976,0.5796,-0.4007996,1.915001,-0.9625937,0.06877073,0.2620766,-0.03253858,0.9309123,-0.3637905,-0.2689884,-0.35871,-0.8938526,static,47.70181,40.01094,16.83912,-11.82107
05/11/2023 13:09:21.707887,600,True,True,True,True,Eyes,0.08353002,0.1500363,-2.403785,-0.638887,-0.4917126,-0.5916436,0.0,0.0,0.0,0.0,0.0,0.0,0.0,0.6197783,-1.090535,-2.304883,-0.03192747,0.1454387,-2.619867,0.008791584,0.9737628,-0.185823,-0.1310672,21.07505,196.0846,4.045669,0.05694395,0.06624579,-0.9961768,0.0,0.0,0.0,-1.373813,-0.7957336,-3.066133,0.5795998,-0.4008,1.915,-0.9654884,0.06583241,0.2519893,-0.03158874,0.9307851,-0.3641996,-0.258524,-0.3595904,-0.8965827,static,47.19866,39.72983,16.83913,-11.82109
05/11/2023 13:09:21.727470,601,True,True,True,True,Eyes,0.07812253,0.1499194,-2.413711,-0.633625,-0.4916307,-0.597343,0.0,0.0,0.0,0.0,0.0,0.0,0.0,0.5894115,-1.096724,-2.324753,-0.03982111,0.1482688,-2.632701,0.00779611,0.9745308,-0.185582,-0.1256517,21.08494,195.4013,3.799738,0.05471689,0.06584854,-0.9963281,0.0,0.0,0.0,-1.37486,-0.7965404,-3.07847,0.5796001,-0.4007998,1.915,-0.9683018,0.06183249,0.2420093,-0.03144229,0.9309971,-0.3636699,-0.2477966,-0.3597515,-0.8995421,static,46.68827,39.45538,16.83913,-11.82108
05/11/2023 13:09:21.737249,602,True,True,True,True,Eyes,0.07262222,0.1498792,-2.423728,-0.6282443,-0.4915712,-0.6030478,0.0,0.0,0.0,0.0,0.0,0.0,0.0,0.5587643,-1.103705,-2.343663,-0.04745064,0.1513133,-2.645371,0.006983772,0.9752413,-0.1854549,-0.1202579,21.10308,194.7262,3.578288,0.05247493,0.06546115,-0.9964741,0.0,0.0,0.0,-1.373103,-0.8021042,-3.092319,0.5796002,-0.4007998,1.915,-0.9709786,0.05822656,0.2319706,-0.0309831,0.9311154,-0.3634063,-0.2371513,-0.3600468,-0.902289,static,46.17231,39.18501,16.83913,-11.82108
05/11/2023 13:09:21.757691,603,True,True,True,True,Eyes,0.06707002,0.1499297,-2.433818,-0.6226562,-0.4917579,-0.6086652,0.0,0.0,0.0,0.0,0.0,0.0,0.0,0.527494,-1.103016,-2.365263,-0.05487295,0.1530721,-2.657616,0.006761031,0.9761713,-0.1839806,-0.1148708,20.95531,194.0527,3.405164,0.05021788,0.06508587,-0.996615,0.0,0.0,0.0,-1.381213,-0.777652,-3.120771,0.5795996,-0.4007999,1.914999,-0.9735181,0.05546785,0.2217794,-0.02906816,0.9322109,-0.3607464,-0.226755,-0.3576398,-0.9059119,static,45.651,38.93573,16.83912,-11.82109
05/11/2023 13:09:21.777606,604,True,True,True,True,Eyes,0.06142405,0.1501189,-2.443995,-0.616889,-0.4920925,-0.6142417,0.0,0.0,0.0,0.0,0.0,0.0,0.0,0.4912114,-1.123847,-2.376849,-0.06176605,0.155352,-2.669416,0.006300186,0.9763489,-0.1868479,-0.1085869,21.31464,193.3049,3.254059,0.04794681,0.06472512,-0.9967504,0.0,0.0,0.0,-1.375524,-0.7975795,-3.125328,0.5796003,-0.4007998,1.915001,-0.9763384,0.05288081,0.209683,-0.0282761,0.9300963,-0.3662257,-0.2143917,-0.3634892,-0.9065936,static,45.1232,38.69955,16.83914,-11.82108
05/11/2023 13:09:21.797109,605,True,True,True,True,Eyes,0.05574583,0.1504265,-2.454242,-0.6109926,-0.4924223,-0.6198454,0.0,0.0,0.0,0.0,0.0,0.0,0.0,0.4534281,-1.132602,-2.394528,-0.06871128,0.1587963,-2.681829,0.006962478,0.9770178,-0.1868952,-0.1022644,21.33226,192.5517,3.189738,0.04566075,0.064383,-0.9968798,0.0,0.0,0.0,-1.375735,-0.8009421,-3.138301,0.5795994,-0.4007998,1.914999,-0.9789871,0.0518304,0.1972259,-0.02462054,0.9300434,-0.3666239,-0.2024309,-0.3637758,-0.9092245,static,44.5879,38.46459,16.83912,-11.82108
05/11/2023 13:09:21.808101,606,True,True,True,True,Eyes,0.05003886,0.1507735,-2.464527,-0.6050505,-0.4926675,-0.6254538,0.0,0.0,0.0,0.0,0.0,0.0,0.0,0.4151487,-1.140924,-2.411194,-0.07524385,0.1619423,-2.693701,0.008401128,0.9776307,-0.1869239,-0.09605846,21.33813,191.8303,3.221116,0.04336239,0.06406246,-0.9970031,0.0,0.0,0.0,-1.37625,-0.7980474,-3.154812,0.5795997,-0.4008,1.915,-0.9814044,0.05233764,0.1846786,-0.01948484,0.9299777,-0.3670991,-0.1909601,-0.3638711,-0.9116644,static,44.05005,38.22737,16.83912,-11.82109
05/11/2023 13:09:21.827797,607,True,True,True,True,Eyes,0.044335,0.1511678,-2.474831,-0.5989867,-0.492969,-0.6310282,0.0,0.0,0.0,0.0,0.0,0.0,0.0,0.3798416,-1.131413,-2.434144,-0.08162507,0.1631802,-2.704837,0.00949806,0.9787524,-0.1838551,-0.09028205,20.9886,191.1295,3.179858,0.04105338,0.06376286,-0.9971201,0.0,0.0,0.0,-1.369748,-0.8068796,-3.170831,0.5795999,-0.4007996,1.915,-0.9835179,0.05179013,0.173235,-0.01460513,0.9322142,-0.3616123,-0.1802201,-0.3581823,-0.9160931,static,43.5078,37.99751,16.83912,-11.82108
05/11/2023 13:09:21.847748,608,True,True,True,True,Eyes,0.0386319,0.1516243,-2.485192,-0.5928734,-0.4933447,-0.6364843,0.0,0.0,0.0,0.0,0.0,0.0,0.0,0.3478295,-1.138499,-2.44779,-0.08733325,0.1647252,-2.715525,0.009360231,0.9791726,-0.1841945,-0.08488692,21.04661,190.4755,3.046564,0.03873681,0.06348398,-0.9972305,0.0,0.0,0.0,-1.367715,-0.7993274,-3.197978,0.5795997,-0.4007999,1.915,-0.9854135,0.04960197,0.1627897,-0.01294084,0.9319695,-0.3623056,-0.1696861,-0.3591273,-0.9177334,static,42.96831,37.77959,16.83912,-11.82108
05/11/2023 13:09:21.859174,609,True,True,True,True,Eyes,0.03297812,0.1521146,-2.495582,-0.5866519,-0.4934894,-0.6421121,0.0,0.0,0.0,0.0,0.0,0.0,0.0,0.3135653,-1.139367,-2.46535,-0.09269196,0.1666288,-2.727282,0.009995271,0.9798446,-0.1831295,-0.07917426,20.93411,189.7903,2.981851,0.03641545,0.06322619,-0.9973343,0.0,0.0,0.0,-1.360149,-0.8060815,-3.217209,0.5795999,-0.4007999,1.915,-0.9872634,0.0485859,0.1514961,-0.009410663,0.9327273,-0.3604596,-0.1588178,-0.3572941,-0.9203903,static,42.41571,37.54375,16.83913,-11.82108
05/11/2023 13:09:21.877504,610,True,True,True,True,Eyes,0.02739292,0.152601,-2.505979,-0.5803419,-0.4938264,-0.6475636,0.0,0.0,0.0,0.0,0.0,0.0,0.0,0.2810459,-1.123502,-2.488888,-0.09724255,0.1678807,-2.738277,0.01013873,0.9810478,-0.178997,-0.07350297,20.47011,189.0801,2.827041,0.03409368,0.06298865,-0.9974314,0.0,0.0,0.0,-1.355067,-0.805339,-3.240936,0.5796,-0.4007999,1.915,-0.9889892,0.04620675,0.1405902,-0.006420462,0.9357146,-0.3526995,-0.1478494,-0.3497186,-0.925115,static,41.86647,37.32883,16.83913,-11.82108
05/11/2023 13:09:21.897392,611,True,True,True,True,Eyes,0.02187788,0.1530926,-2.516392,-0.5738857,-0.4942009,-0.6530089,0.0,0.0,0.0,0.0,0.0,0.0,0.0,0.2457135,-1.129594,-2.501592,-0.1016745,0.1683207,-2.748753,0.009804844,0.9814156,-0.179416,-0.06735898,20.53886,188.3342,2.657351,0.03177603,0.06276915,-0.9975217,0.0,0.0,0.0,-1.351608,-0.7947385,-3.271542,0.5795997,-0.4007999,1.915,-0.9907335,0.04341582,0.128696,-0.004925309,0.9354275,-0.3534843,-0.1357326,-0.3508425,-0.9265456,static,41.31007,37.11864,16.83913,-11.82109
05/11/2023 13:09:21.907842,612,True,True,True,True,Eyes,0.01644,0.153583,-2.526806,-0.5671598,-0.4944362,-0.6586825,0.0,0.0,0.0,0.0,0.0,0.0,0.0,0.2097476,-1.134942,-2.514421,-0.1055951,0.1689482,-2.759475,0.01015307,0.9817761,-0.1796267,-0.06121365,20.57685,187.6015,2.566819,0.02946693,0.06256611,-0.9976053,0.0,0.0,0.0,-1.343141,-0.795596,-3.297965,0.5796001,-0.4007996,1.915001,-0.9923,0.0419273,0.1165487,-0.002055117,0.9352624,-0.3539494,-0.1238437,-0.3514633,-0.9279746,static,40.73016,36.89351,16.83913,-11.82107
05/11/2023 13:09:21.927626,613,True,True,True,True,Eyes,0.01110153,0.1541015,-2.537239,-0.5602348,-0.4947972,-0.6643137,0.0,0.0,0.0,0.0,0.0,0.0,0.0,0.1714294,-1.133437,-2.529588,-0.109086,0.1693815,-2.769889,0.01056851,0.9823526,-0.1785805,-0.05459668,20.46922,186.807,2.463181,0.02717033,0.06237781,-0.9976823,0.0,0.0,0.0,-1.335849,-0.7956057,-3.32343,0.5795994,-0.4007998,1.915,-0.9938153,0.04026381,0.1034918,0.001264185,0.9359946,-0.3520121,-0.1110411,-0.3497041,-0.9302567,static,40.1419,36.67965,16.83912,-11.82108
05/11/2023 13:09:21.947518,614,True,True,True,True,Eyes,0.005858791,0.1546427,-2.547725,-0.5528581,-0.4949124,-0.6703801,0.0,0.0,0.0,0.0,0.0,0.0,0.0,0.135594,-1.142398,-2.539819,-0.1121423,0.1706077,-2.78073,0.009466846,0.9825512,-0.1794198,-0.04808594,20.58937,186.0024,2.195264,0.02489061,0.06220385,-0.9977526,0.0,0.0,0.0,-1.331151,-0.7883362,-3.352327,0.5796003,-0.4007998,1.915,-0.9951964,0.03585846,0.09109671,0.001348177,0.9354379,-0.3534887,-0.09789087,-0.3516679,-0.9309927,static,39.51218,36.43684,16.83914,-11.82108
05/11/2023 13:09:21.957801,615,True,True,True,True,Eyes,0.0007495014,0.1551566,-2.55822,-0.5453624,-0.4949089,-0.6764947,0.0,0.0,0.0,0.0,0.0,0.0,0.0,0.1019596,-1.132995,-2.558573,-0.1147925,0.1716278,-2.792442,0.008495877,0.9833379,-0.1766876,-0.04190317,20.29021,185.2247,1.925569,0.02263176,0.06204358,-0.9978164,0.0,0.0,0.0,-1.321823,-0.7974479,-3.370721,0.5796,-0.4007997,1.915,-0.9963442,0.03151618,0.07940772,0.001901093,0.9374186,-0.3481993,-0.08541219,-0.3467753,-0.9340516,static,38.87434,36.1884,16.83913,-11.82108
05/11/2023 13:09:21.977341,616,True,True,True,True,Eyes,-0.004220987,0.1556278,-2.568701,-0.537689,-0.4948572,-0.6826469,0.0,0.0,0.0,0.0,0.0,0.0,0.0,0.06852807,-1.123372,-2.575584,-0.1167907,0.1714641,-2.803079,0.008348542,0.9840155,-0.1742245,-0.03591349,20.01582,184.4919,1.765269,0.02039797,0.06189449,-0.9978738,0.0,0.0,0.0,-1.312902,-0.809969,-3.385732,0.5795997,-0.4008001,1.914999,-0.9972814,0.02894421,0.06776984,0.00391617,0.9391522,-0.3434788,-0.07358792,-0.3422795,-0.9367124,static,38.22585,35.93871,16.83913,-11.82109
05/11/2023 13:09:21.987442,617,True,True,True,True,Eyes,-0.00903259,0.1560587,-2.579183,-0.5298664,-0.4949615,-0.6886616,0.0,0.0,0.0,0.0,0.0,0.0,0.0,0.03206239,-1.139874,-2.580088,-0.1182692,0.1709286,-2.813182,0.008592935,0.983753,-0.1768767,-0.02950952,20.33441,183.7361,1.671164,0.01819464,0.06175392,-0.9979252,0.0,0.0,0.0,-1.306969,-0.8129607,-3.40484,0.5796001,-0.4007998,1.915,-0.9981108,0.02734575,0.05502038,0.006467561,0.9372816,-0.3485132,-0.06109994,-0.3474989,-0.9356877,static,37.57522,35.70592,16.83913,-11.82108
05/11/2023 13:09:22.007739,618,True,True,True,True,Eyes,-0.01365625,0.1564792,-2.589652,-0.5219294,-0.4952072,-0.6945211,0.0,0.0,0.0,0.0,0.0,0.0,0.0,-0.003249407,-1.151771,-2.58646,-0.1193654,0.1704306,-2.823661,0.008467725,0.9836107,-0.1786089,-0.02318045,20.54669,182.9767,1.526113,0.01602598,0.06161946,-0.9979707,0.0,0.0,0.0,-1.295209,-0.8340319,-3.413391,0.5795998,-0.4008,1.915,-0.9987822,0.02493836,0.04257626,0.008377424,0.9360543,-0.3517558,-0.04862591,-0.3509706,-0.9351233,static,36.92469,35.48962,16.83913,-11.82109
05/11/2023 13:09:22.027476,619,True,True,True,True,Eyes,-0.01810215,0.1568843,-2.600132,-0.5139208,-0.4956301,-0.7001687,0.0,0.0,0.0,0.0,0.0,0.0,0.0,-0.03744525,-1.178475,-2.585288,-0.1201785,0.1706907,-2.833786,0.008765234,0.9829148,-0.1830475,-0.01718845,21.07189,182.2724,1.44454,0.01389739,0.06149017,-0.9980106,0.0,0.0,0.0,-1.285337,-0.843583,-3.430659,0.5795997,-0.4008002,1.914999,-0.9992557,0.02352356,0.03058066,0.01093835,0.9328336,-0.3601416,-0.03699848,-0.3595389,-0.9323964,moving,36.27851,35.29362,16.83913,-11.8211
05/11/2023 13:09:22.037367,620,True,True,True,True,Eyes,-0.0223486,0.1572699,-2.610587,-0.5058715,-0.4959862,-0.7057562,0.0,0.0,0.0,0.0,0.0,0.0,0.0,-0.06967652,-1.196617,-2.588084,-0.1204394,0.1707708,-2.844514,0.00968508,0.9824601,-0.1858584,-0.01161797,21.40586,181.6267,1.437071,0.01181288,0.06136496,-0.9980451,0.0,0.0,0.0,-1.275453,-0.8454784,-3.452945,0.5795999,-0.3982651,1.915,-0.9995423,0.02334901,0.01922829,0.01471181,0.9307258,-0.365422,-0.0264285,-0.3649719,-0.9306433,moving,35.63217,35.0985,16.83913,-11.74841
05/11/2023 13:09:22.057720,621,True,True,True,True,Eyes,-0.02639171,0.1576082,-2.621015,-0.497802,-0.4965733,-0.7110612,0.0,0.0,0.0,0.0,0.0,0.0,0.0,-0.09960269,-1.209167,-2.592074,-0.1202849,0.1707079,-2.854337,0.01063799,0.9821488,-0.1876945,-0.006424803,21.62629,181.024,1.436723,0.009777312,0.0612428,-0.9980747,0.0,0.0,0.0,-1.263664,-0.8515797,-3.473827,0.5796003,-0.3955257,1.915001,-0.9996912,0.02330798,0.008626842,0.01848438,0.9293152,-0.3688245,-0.01661361,-0.3685511,-0.9294591,moving,34.99522,34.92872,16.83913,-11.66982
05/11/2023 13:09:22.081738,622,True,True,True,True,Eyes,-0.1226098,0.1652493,-2.881203,-0.2841811,-0.4909411,-0.8235399,0.0,0.0,0.0,0.0,0.0,0.0,0.0,-0.1299667,-1.232835,-2.590257,-0.1195178,0.1699683,-2.864093,0.01241974,0.9813545,-0.1918006,-0.001314253,22.11187,180.4542,1.538903,0.00779472,0.06112171,-0.9980995,0.0,0.0,0.0,-1.255676,-0.8464485,-3.500618,0.5796006,-0.392883,1.915002,-0.9996881,0.02488048,-0.002184732,0.02387219,0.9261165,-0.3764815,-0.007343723,-0.3764162,-0.9264216,moving,19.03815,30.80066,16.83913,-11.59396
05/11/2023 13:09:22.087403,623,True,True,True,True,Eyes,-0.1225488,0.1652428,-2.881585,-0.2838421,-0.4910263,-0.8236059,0.0,0.0,0.0,0.0,0.0,0.0,0.0,-0.1639716,-1.239174,-2.596178,-0.1185933,0.1694472,-2.873986,0.01545799,0.9811339,-0.1926657,0.004158501,22.22163,179.8636,1.778482,0.0004350587,0.06053852,-0.9981654,-0.2886543,0.02292323,-0.7805636,-1.247952,-0.8414935,-3.526838,0.5795997,-0.3902925,1.915,-0.9994876,0.02873032,-0.01411654,0.03193512,0.925282,-0.3779331,0.002203642,-0.3781902,-0.9257253,moving,19.01566,30.80301,16.83912,-11.51957
05/11/2023 13:09:22.107400,624,True,True,True,True,Eyes,-0.122372,0.1652409,-2.882359,-0.2831978,-0.4908876,-0.8239104,0.0,0.0,0.0,0.0,0.0,0.0,0.0,-0.2008628,-1.250773,-2.598504,-0.1171444,0.1692973,-2.883507,0.01883373,0.980659,-0.1945541,0.01009739,22.45532,179.2265,2.046938,-0.005670669,0.06005402,-0.9981787,-0.271335,0.02154784,-0.7337298,-1.239311,-0.8400102,-3.550469,0.5795998,-0.3875135,1.915001,-0.999087,0.03300997,-0.02713255,0.04086792,0.923588,-0.3812022,0.01247582,-0.3819628,-0.9240938,moving,18.96908,30.78657,16.83912,-11.43972
05/11/2023 13:09:22.127309,625,True,True,True,True,Eyes,-0.1221103,0.1652288,-2.883496,-0.2822033,-0.4906802,-0.824375,0.0,0.0,0.0,0.0,0.0,0.0,0.0,-0.2369949,-1.256551,-2.603907,-0.1154857,0.1694404,-2.893679,0.02129683,0.9803929,-0.1952316,0.01614485,22.55035,178.5518,2.200109,-0.01073153,0.05965118,-0.9981613,-0.2550549,0.02025497,-0.689706,-1.231547,-0.8372115,-3.57466,0.5796005,-0.3848642,1.915002,-0.9985714,0.03545454,-0.03997221,0.04806248,0.9228621,-0.3821197,0.02334096,-0.3834951,-0.9232478,moving,18.8973,30.76173,16.83913,-11.36354
05/11/2023 13:09:22.137557,626,True,True,True,True,Eyes,-0.1217579,0.1651803,-2.884964,-0.2809487,-0.4902567,-0.8250553,0.0,0.0,0.0,0.0,0.0,0.0,0.0,-0.2679257,-1.251896,-2.613946,-0.1132731,0.1691672,-2.903497,0.02246051,0.9805114,-0.1939648,0.02169861,22.41696,177.9023,2.20875,-0.01492258,0.05931514,-0.9981275,-0.2397516,0.01903967,-0.6483236,-1.224106,-0.8332516,-3.598879,0.5796004,-0.3821514,1.915002,-0.9980495,0.03562804,-0.05126456,0.0524631,0.9237463,-0.3793946,0.03383836,-0.3813441,-0.9238138,moving,18.80479,30.71923,16.83913,-11.28551
05/11/2023 13:09:22.157985,627,True,True,True,True,Eyes,-0.1212826,0.165102,-2.886763,-0.2794078,-0.4897863,-0.8258575,0.0,0.0,0.0,0.0,0.0,0.0,0.0,-0.2974274,-1.254058,-2.619965,-0.1107185,0.1681972,-2.912866,0.0240679,0.9803042,-0.1941678,0.02689414,22.45648,177.3094,2.278605,-0.01838947,0.0590324,-0.9980864,-0.2253665,0.01789729,-0.6094242,-1.217327,-0.831338,-3.621272,0.5796002,-0.3794848,1.915002,-0.9973951,0.03674378,-0.06207531,0.05763168,0.9234392,-0.3793925,0.04338246,-0.3819816,-0.9231514,moving,18.69193,30.67065,16.83912,-11.20876
05/11/2023 13:09:22.177154,628,True,True,True,True,Eyes,-0.120705,0.1649935,-2.888866,-0.2775729,-0.4890768,-0.8268962,0.0,0.0,0.0,0.0,0.0,0.0,0.0,-0.3285537,-1.250905,-2.628334,-0.1073683,0.1673906,-2.92255,0.02648068,0.9802275,-0.1934168,0.03229299,22.38914,176.7099,2.443613,-0.02125172,0.05879179,-0.9980438,-0.2118445,0.01682345,-0.5728588,-1.210943,-0.8277841,-3.644224,0.5796006,-0.3767748,1.915002,-0.9965121,0.03942217,-0.07355257,0.0644062,0.9237774,-0.3774746,0.05306534,-0.3808952,-0.9230945,moving,18.5559,30.60266,16.83913,-11.13072
05/11/2023 13:09:22.187794,629,True,True,True,True,Eyes,-0.1199962,0.1648455,-2.891257,-0.275427,-0.4884357,-0.8279918,0.0,0.0,0.0,0.0,0.0,0.0,0.0,-0.3636742,-1.243295,-2.637441,-0.1038761,0.1664491,-2.931832,0.02929395,0.9802116,-0.191988,0.03831024,22.24836,176.0439,2.645396,-0.02360931,0.05858387,-0.998003,-0.1991339,0.01581405,-0.5384872,-1.204404,-0.8278078,-3.664571,0.5796003,-0.3740199,1.915001,-0.9953483,0.04271833,-0.08635245,0.07213876,0.924565,-0.3741331,0.06385611,-0.3786222,-0.9233457,moving,18.39942,30.53653,16.83914,-11.05135
05/11/2023 13:09:22.208029,630,True,True,True,True,Eyes,-0.1192022,0.1646872,-2.893948,-0.2730367,-0.4876912,-0.8292215,0.0,0.0,0.0,0.0,0.0,0.0,0.0,-0.3990318,-1.246889,-2.640739,-0.1001065,0.1653588,-2.941106,0.03185507,0.9797383,-0.1926813,0.04440848,22.35746,175.3645,2.807953,-0.02554426,0.05840043,-0.9979662,-0.1871858,0.0148652,-0.506178,-1.197095,-0.8302684,-3.683905,0.5796003,-0.3715206,1.915001,-0.9940261,0.0453059,-0.09929312,0.07953263,0.9237183,-0.3747252,0.07474161,-0.3803838,-0.9218035,moving,18.22509,30.46112,16.83913,-10.9793
05/11/2023 13:09:22.227762,631,True,True,True,True,Eyes,-0.1182625,0.164509,-2.896917,-0.2703989,-0.4869276,-0.8305336,0.0,0.0,0.0,0.0,0.0,0.0,0.0,-0.4324033,-1.24736,-2.645919,-0.09637538,0.164834,-2.950814,0.03396459,0.9793934,-0.1926443,0.05023268,22.38085,174.7065,2.924405,-0.02712585,0.05823551,-0.9979341,-0.1759547,0.01397329,-0.4758073,-1.189265,-0.8307761,-3.705131,0.5796011,-0.3688686,1.915001,-0.9926465,0.0471753,-0.1114813,0.08588348,0.9234691,-0.3739369,0.08530895,-0.3807615,-0.92073,moving,18.03382,30.38237,16.83915,-10.90281
05/11/2023 13:09:22.237229,632,True,True,True,True,Eyes,-0.1171368,0.1642685,-2.900132,-0.2677126,-0.4859146,-0.8319958,0.0,0.0,0.0,0.0,0.0,0.0,0.0,-0.4601145,-1.243592,-2.653545,-0.09201903,0.1641666,-2.960423,0.03545173,0.9792384,-0.1917697,0.0553166,22.30262,174.1227,2.987254,-0.02848577,0.05807738,-0.9979054,-0.1653974,0.01313489,-0.4472588,-1.182217,-0.8286368,-3.728252,0.579601,-0.3661427,1.915002,-0.9913667,0.0482153,-0.1219334,0.09064747,0.9239351,-0.3716543,0.09473915,-0.3794985,-0.9203291,moving,17.8367,30.28642,16.83915,-10.82415
05/11/2023 13:09:22.257829,633,True,True,True,True,Eyes,-0.1158464,0.1639714,-2.903579,-0.2648656,-0.4848753,-0.8335119,0.0,0.0,0.0,0.0,0.0,0.0,0.0,-0.4839714,-1.233533,-2.663937,-0.08735533,0.1624191,-2.969575,0.03690594,0.9792786,-0.1899355,0.05979906,22.11169,173.6106,3.066868,-0.02966668,0.05792053,-0.9978801,-0.1554735,0.0123468,-0.4204233,-1.17539,-0.8266736,-3.751319,0.5796004,-0.363581,1.915,-0.9901243,0.04956647,-0.1311394,0.09499832,0.9251249,-0.3675856,0.1031004,-0.3764133,-0.9206975,moving,17.62873,30.18766,16.83914,-10.7502
05/11/2023 13:09:22.277416,634,True,True,True,True,Eyes,-0.1143706,0.1636153,-2.90725,-0.2619982,-0.4837817,-0.8350522,0.0,0.0,0.0,0.0,0.0,0.0,0.0,-0.5061646,-1.228285,-2.671982,-0.08217696,0.1607465,-2.978554,0.03878294,0.9791218,-0.1890206,0.06393459,22.03095,173.1515,3.201922,-0.03068019,0.05776255,-0.9978585,-0.1461451,0.01160599,-0.3951979,-1.168875,-0.8260906,-3.773031,0.5796003,-0.360827,1.915001,-0.9888165,0.05177653,-0.1398611,0.1001163,0.9255342,-0.3651892,0.110538,-0.3751074,-0.9203671,moving,17.41928,30.08556,16.83913,-10.67064
05/11/2023 13:09:22.297227,635,True,True,True,True,Eyes,-0.112727,0.1631971,-2.911132,-0.2590263,-0.4826664,-0.8366233,0.0,0.0,0.0,0.0,0.0,0.0,0.0,-0.5268239,-1.225141,-2.679323,-0.07666777,0.1591408,-2.987654,0.04078654,0.9788852,-0.188479,0.06779469,21.99519,172.7289,3.356988,-0.03153704,0.05760111,-0.9978412,-0.1373764,0.01090963,-0.371486,-1.162217,-0.8250189,-3.795259,0.5796008,-0.3581384,1.915001,-0.987481,0.05429493,-0.1481012,0.1054064,0.9256243,-0.3634683,0.1173516,-0.3745288,-0.9197595,moving,17.20301,29.9816,16.83914,-10.59294
05/11/2023 13:09:22.307123,636,True,True,True,True,Eyes,-0.1109025,0.1627328,-2.915228,-0.2560843,-0.4814548,-0.8382255,0.0,0.0,0.0,0.0,0.0,0.0,0.0,-0.5455517,-1.220416,-2.687422,-0.07104477,0.157214,-2.996584,0.04288057,0.9786922,-0.1877176,0.07130933,21.93478,172.3502,3.532954,-0.03224591,0.05743433,-0.9978282,-0.1291338,0.01025505,-0.3491969,-1.154796,-0.8247538,-3.817907,0.5796009,-0.3555632,1.915002,-0.9861524,0.05716172,-0.1556786,0.1107058,0.9258468,-0.3613199,0.1234809,-0.373551,-0.9193542,moving,16.98831,29.87193,16.83914,-10.51847
05/11/2023 13:09:22.327658,637,True,True,True,True,Eyes,-0.1088996,0.1622254,-2.919527,-0.2530663,-0.4801177,-0.8399075,0.0,0.0,0.0,0.0,0.0,0.0,0.0,-0.5610443,-1.213858,-2.697146,-0.06491737,0.1554169,-3.005735,0.04486368,0.9785993,-0.18655,0.07436219,21.82591,172.0246,3.709655,-0.03281603,0.05726074,-0.9978196,-0.1213858,0.009639751,-0.3282451,-1.146656,-0.825516,-3.840232,0.5796005,-0.352704,1.915001,-0.9849153,0.06006261,-0.1622802,0.1155517,0.9263728,-0.3584431,0.128803,-0.3717877,-0.9193389,moving,16.76769,29.75365,16.83914,-10.43576
05/11/2023 13:09:22.347439,638,True,True,True,True,Eyes,-0.1067497,0.1616964,-2.924027,-0.2500022,-0.4786986,-0.8416333,0.0,0.0,0.0,0.0,0.0,0.0,0.0,-0.5763736,-1.20099,-2.709589,-0.05867867,0.1538353,-3.014855,0.04692701,0.9787049,-0.1842374,0.07740363,21.58572,171.7008,3.905486,-0.03325586,0.05707902,-0.9978154,-0.1141027,0.009061366,-0.3085504,-1.140124,-0.8256444,-3.862255,0.5795999,-0.3501626,1.914999,-0.9836131,0.06333409,-0.168802,0.1203767,0.9277089,-0.3533634,0.1342192,-0.3678927,-0.9201306,moving,16.54374,29.63006,16.83913,-10.36221
05/11/2023 13:09:22.357847,639,True,True,True,True,Eyes,-0.1043866,0.1611182,-2.928716,-0.2468436,-0.4771565,-0.8434393,0.0,0.0,0.0,0.0,0.0,0.0,0.0,-0.5885886,-1.192722,-2.720521,-0.05182704,0.1526157,-3.023951,0.04816971,0.9787319,-0.1825815,0.08017118,21.41499,171.3918,4.004591,-0.03357306,0.05688893,-0.997815,-0.1072565,0.008517684,-0.2900373,-1.134795,-0.8233924,-3.884759,0.5796002,-0.3474219,1.915,-0.9825045,0.06501492,-0.174522,0.123566,0.9286873,-0.349673,0.1393424,-0.3651204,-0.9204732,moving,16.31281,29.49802,16.83914,-10.28284
05/11/2023 13:09:22.377583,640,True,True,True,True,Eyes,-0.1018251,0.1605106,-2.933571,-0.2435255,-0.4756373,-0.84526,0.0,0.0,0.0,0.0,0.0,0.0,0.0,-0.6024011,-1.178403,-2.733662,-0.04439644,0.1508132,-3.033103,0.04958704,0.9788808,-0.1799901,0.08328903,21.13938,171.0434,4.125319,-0.03377237,0.05668958,-0.9978193,-0.1008211,0.008006623,-0.2726351,-1.128869,-0.822187,-3.90717,0.5796004,-0.3447989,1.915001,-0.9812083,0.06709721,-0.1809104,0.127062,0.9302893,-0.3441176,0.1452097,-0.3606378,-0.9213331,moving,16.07207,29.36695,16.83914,-10.20684
05/11/2023 13:09:22.397074,641,True,True,True,True,Eyes,-0.09903898,0.1598886,-2.938588,-0.2401407,-0.4742519,-0.847005,0.0,0.0,0.0,0.0,0.0,0.0,0.0,-0.6160672,-1.175183,-2.741519,-0.03683746,0.1494335,-3.041847,0.05080384,0.9786742,-0.1793151,0.0863825,21.08542,170.6952,4.207813,-0.0338589,0.05648068,-0.9978281,-0.09477184,0.007526225,-0.256277,-1.120736,-0.8281785,-3.925731,0.5796,-0.3420047,1.915001,-0.9799141,0.06846143,-0.1873004,0.1304202,0.9305301,-0.342205,0.1508608,-0.3597593,-0.9207683,moving,15.82896,29.24518,16.83913,-10.12584
05/11/2023 13:09:22.409169,642,True,True,True,True,Eyes,-0.09602646,0.1592682,-2.943763,-0.2365657,-0.4729236,-0.848752,0.0,0.0,0.0,0.0,0.0,0.0,0.0,-0.6289812,-1.182295,-2.745278,-0.02870455,0.1484816,-3.050756,0.05191494,0.9781542,-0.1803599,0.08938456,21.23047,170.3572,4.264792,-0.03383641,0.0562625,-0.9978411,-0.08908553,0.007074652,-0.2409004,-1.112894,-0.8347142,-3.943683,0.5795997,-0.3394108,1.915001,-0.978631,0.06931885,-0.1935905,0.1338044,0.9295503,-0.3435589,0.156137,-0.3621205,-0.9189617,moving,15.57432,29.1265,16.83912,-10.05061
05/11/2023 13:09:22.427228,643,True,True,True,True,Eyes,-0.09277699,0.1587083,-2.949086,-0.2329415,-0.471717,-0.8504242,0.0,0.0,0.0,0.0,0.0,0.0,0.0,-0.6403939,-1.18429,-2.751629,-0.02044965,0.147899,-3.059707,0.05299005,0.9778289,-0.1804115,0.09216584,21.25939,170.0441,4.330738,-0.03370831,0.05603585,-0.997858,-0.0837404,0.006650173,-0.2264463,-1.109046,-0.8219672,-3.972547,0.5796006,-0.3367003,1.915,-0.9773954,0.07037485,-0.1993648,0.1368859,0.9292876,-0.3430553,0.1611248,-0.3625908,-0.9179146,moving,15.31829,29.01645,16.83915,-9.97197
05/11/2023 13:09:22.437307,644,True,True,True,True,Eyes,-0.08931605,0.1582095,-2.954567,-0.2287662,-0.4703,-0.8523402,0.0,0.0,0.0,0.0,0.0,0.0,0.0,-0.6529827,-1.192588,-2.754728,-0.01162561,0.1483146,-3.068395,0.05429944,0.9772796,-0.1814551,0.09513362,21.40734,169.7143,4.411134,-0.03347734,0.05580344,-0.9978784,-0.07871597,0.006251162,-0.2128596,-1.102931,-0.8201171,-3.995144,0.5796009,-0.3342621,1.915002,-0.9760026,0.07160652,-0.2056501,0.1406564,0.9282512,-0.3443333,0.1662385,-0.3649961,-0.9160475,moving,15.02397,28.88882,16.83914,-9.901185
05/11/2023 13:09:22.457392,645,True,True,True,True,Eyes,-0.08562082,0.1578121,-2.9602,-0.2245383,-0.4687863,-0.8542961,0.0,0.0,0.0,0.0,0.0,0.0,0.0,-0.6620596,-1.186447,-2.765641,-0.002673816,0.1496911,-3.077715,0.05430053,0.9773547,-0.179584,0.09787196,21.2024,169.3807,4.366929,-0.03314689,0.05556775,-0.997902,-0.07399301,0.005876093,-0.200088,-1.094975,-0.8164772,-4.020336,0.5796003,-0.3314147,1.915,-0.9749452,0.07098927,-0.2108143,0.1412942,0.9296021,-0.3404056,0.1718082,-0.3616636,-0.9163415,moving,14.72622,28.75533,16.83914,-9.818497
05/11/2023 13:09:22.477279,646,True,True,True,True,Eyes,-0.08167774,0.1575197,-2.965987,-0.2200622,-0.4670638,-0.8564018,0.0,0.0,0.0,0.0,0.0,0.0,0.0,-0.6685119,-1.177156,-2.778424,0.006594021,0.151695,-3.086938,0.05366005,0.977613,-0.176975,0.1003666,20.90365,169.0627,4.259961,-0.03271981,0.05533264,-0.9979295,-0.06955343,0.005523527,-0.1880827,-1.086616,-0.8086765,-4.048351,0.5796,-0.3286087,1.914999,-0.9740946,0.06939278,-0.2152323,0.1404423,0.9316009,-0.3352549,0.1772463,-0.3567975,-0.917213,moving,14.41102,28.60714,16.83914,-9.736972
05/11/2023 13:09:22.497009,647,True,True,True,True,Eyes,0.02257843,0.1535741,-3.114266,-0.1071044,-0.41777,-0.9022177,0.0,0.0,0.0,0.0,0.0,0.0,0.0,-0.6734906,-1.16788,-2.791894,0.01590877,0.1539151,-3.096491,0.05416467,0.9778395,-0.1744302,0.1023247,20.62281,168.8355,4.303536,-0.03219707,0.05510098,-0.9979595,-0.06538023,0.005192115,-0.1767977,-1.076299,-0.8084791,-4.072032,0.5796001,-0.3260241,1.915001,-0.973192,0.07023166,-0.2190102,0.1416258,0.9332806,-0.3300447,0.1812184,-0.3522143,-0.9182078,moving,6.770035,24.8464,16.83913,-9.661827
05/11/2023 13:09:22.507603,648,True,True,True,True,Eyes,0.02298713,0.1536492,-3.114599,-0.1067898,-0.4173898,-0.902431,0.0,0.0,0.0,0.0,0.0,0.0,0.0,-0.682815,-1.16083,-2.803186,0.02549512,0.1569442,-3.105854,0.0563327,0.9778328,-0.1723903,0.104649,20.42177,168.5999,4.534286,-0.02732661,0.05438215,-0.9981443,0.2513111,-0.006956179,-0.6110253,-1.065412,-0.8058823,-4.097454,0.5796,-0.3233785,1.915002,-0.9717506,0.07408698,-0.2240808,0.1462488,0.9342164,-0.3253475,0.185236,-0.3489281,-0.9186606,moving,6.748754,24.82135,16.83912,-9.584881
05/11/2023 13:09:22.527440,649,True,True,True,True,Eyes,0.02374332,0.1538919,-3.115254,-0.1062805,-0.417359,-0.9025054,0.0,0.0,0.0,0.0,0.0,0.0,0.0,-0.6974427,-1.143256,-2.816451,0.03446916,0.1588623,-3.114391,0.05868177,0.9779642,-0.168881,0.1078047,20.05802,168.2657,4.785466,-0.02321512,0.05377835,-0.9982812,0.2362325,-0.006538808,-0.5743638,-1.054437,-0.8030853,-4.122242,0.5796001,-0.3207515,1.915001,-0.9698692,0.07836499,-0.2306788,0.1511897,0.9360713,-0.3176668,0.1910379,-0.3429715,-0.9197147,moving,6.716312,24.81794,16.83912,-9.508446
05/11/2023 13:09:22.537145,650,True,True,True,True,Eyes,0.02481149,0.1542248,-3.116261,-0.1053729,-0.4170021,-0.9027767,0.0,0.0,0.0,0.0,0.0,0.0,0.0,-0.7181076,-1.175648,-2.807617,0.04351659,0.1632,-3.122821,0.06128006,0.9765389,-0.173686,0.1115788,20.66463,167.8685,4.961709,-0.01972378,0.05327555,-0.9983834,0.2220585,-0.006146479,-0.539902,-1.044111,-0.7962534,-4.149117,0.5796,-0.3181625,1.915,-0.9675901,0.08092538,-0.239209,0.1584441,0.9321558,-0.3255472,0.196635,-0.3528974,-0.9147669,moving,6.657488,24.79272,16.83913,-9.433085
05/11/2023 13:09:22.557125,651,True,True,True,True,Eyes,0.02615307,0.1546201,-3.117507,-0.1042966,-0.4166234,-0.9030765,0.0,0.0,0.0,0.0,0.0,0.0,0.0,-0.7297063,-1.151061,-2.825508,0.05185561,0.1656197,-3.132218,0.06176066,0.9770523,-0.1686368,0.1145249,20.10125,167.5183,5.013093,-0.01673754,0.05285986,-0.9984602,0.208735,-0.005777691,-0.5075079,-1.029291,-0.8035178,-4.16847,0.5796003,-0.3154918,1.915,-0.9661393,0.08206058,-0.2446238,0.159313,0.9354945,-0.3153877,0.2029633,-0.3436802,-0.9168912,moving,6.587921,24.76567,16.83914,-9.355309
05/11/2023 13:09:22.577131,652,True,True,True,True,Eyes,0.02771345,0.1550864,-3.119043,-0.1028662,-0.4163658,-0.9033593,0.0,0.0,0.0,0.0,0.0,0.0,0.0,-0.7401245,-1.150512,-2.831045,0.05971314,0.1675037,-3.139212,0.06201891,0.9768472,-0.1679069,0.1171771,20.03373,167.2026,4.995976,-0.01416073,0.052519,-0.9985181,0.1962109,-0.005431029,-0.4770574,-1.016089,-0.7985945,-4.194047,0.5796002,-0.3126749,1.915,-0.9648463,0.0818163,-0.249755,0.1605157,0.9359219,-0.3135044,0.2081013,-0.3425733,-0.9161534,moving,6.496333,24.74537,16.83914,-9.273239
05/11/2023 13:09:22.597035,653,True,True,True,True,Eyes,0.02953571,0.1556142,-3.120854,-0.101162,-0.4156834,-0.9038659,0.0,0.0,0.0,0.0,0.0,0.0,0.0,-0.753775,-1.159683,-2.833007,0.06785278,0.1695235,-3.14732,0.06270222,0.9762774,-0.1688335,0.1201928,20.16528,166.8528,5.001904,-0.01185764,0.05223429,-0.9985631,0.1844382,-0.005105167,-0.448434,-1.003712,-0.7929409,-4.218655,0.5795997,-0.31012,1.915001,-0.9632446,0.08184438,-0.2558556,0.1630147,0.9351274,-0.314584,0.2135106,-0.3447294,-0.9140982,moving,6.386048,24.69746,16.83912,-9.198765
05/11/2023 13:09:22.607667,654,True,True,True,True,Eyes,0.03159869,0.156148,-3.122885,-0.09917674,-0.414903,-0.9044443,0.0,0.0,0.0,0.0,0.0,0.0,0.0,-0.7686513,-1.125631,-2.852316,0.0758839,0.1714292,-3.155698,0.06251794,0.9769315,-0.1623666,0.1238285,19.43426,166.4064,4.984772,-0.009726826,0.05199178,-0.9985988,0.173372,-0.004798857,-0.4215279,-0.9923031,-0.77933,-4.24757,0.5796,-0.3074496,1.914999,-0.9615161,0.08194027,-0.2622456,0.1623627,0.9394572,-0.301759,0.2216423,-0.332725,-0.9166074,moving,6.257761,24.64272,16.83914,-9.120897
05/11/2023 13:09:22.627486,655,True,True,True,True,Eyes,0.03387859,0.1566863,-3.125177,-0.09693617,-0.4138655,-0.9051622,0.0,0.0,0.0,0.0,0.0,0.0,0.0,-0.7907808,-1.113418,-2.859483,0.08309989,0.1721143,-3.163091,0.06407689,0.9766498,-0.1601758,0.1280354,19.22505,165.9291,5.112681,-0.007743626,0.05178714,-0.9986269,0.1629696,-0.004510926,-0.3962362,-0.9794859,-0.7781499,-4.268267,0.5796003,-0.3046188,1.915001,-0.9590023,0.08414503,-0.2706186,0.1661777,0.9404758,-0.2964631,0.2295643,-0.3292795,-0.9159015,moving,6.112656,24.57121,16.83913,-9.038301
05/11/2023 13:09:22.637181,656,True,True,True,True,Eyes,0.03637186,0.1572446,-3.127678,-0.09447277,-0.4126445,-0.9059798,0.0,0.0,0.0,0.0,0.0,0.0,0.0,-0.8138853,-1.08935,-2.871934,0.0905069,0.1726913,-3.171605,0.06589033,0.9766222,-0.1560167,0.1323882,18.79511,165.4376,5.296673,-0.005886804,0.05161634,-0.9986486,0.1531915,-0.00424027,-0.3724621,-0.9662063,-0.7709038,-4.293245,0.5796005,-0.3017755,1.915002,-0.956264,0.08739036,-0.2791464,0.1700094,0.9426345,-0.2872925,0.2380265,-0.3221849,-0.9162646,moving,5.953112,24.48773,16.83913,-8.955307
05/11/2023 13:09:22.657443,657,True,True,True,True,Eyes,0.03904463,0.1578304,-3.130416,-0.09170889,-0.4112594,-0.9068931,0.0,0.0,0.0,0.0,0.0,0.0,0.0,-0.8397316,-1.065265,-2.882252,0.09744644,0.1737224,-3.17925,0.06832359,0.9764536,-0.1519863,0.1370054,18.39321,164.9254,5.550617,-0.004137018,0.05147627,-0.9986647,0.144,-0.003985854,-0.3501143,-0.9516711,-0.7551149,-4.322821,0.5796006,-0.2993065,1.915001,-0.953123,0.09178374,-0.2883274,0.1750755,0.9444641,-0.2780937,0.2467904,-0.3155365,-0.9162596,moving,5.774364,24.39342,16.83914,-8.883216
05/11/2023 13:09:22.676962,658,True,True,True,True,Eyes,0.04187912,0.158415,-3.133381,-0.08861097,-0.4097279,-0.9078938,0.0,0.0,0.0,0.0,0.0,0.0,0.0,-0.8701997,-1.046078,-2.889845,0.1043347,0.1749167,-3.18767,0.07055359,0.9760244,-0.1487959,0.1423318,18.09184,164.3238,5.758026,-0.002478143,0.05136436,-0.998676,0.13536,-0.003746703,-0.3291075,-0.9343708,-0.7558924,-4.343628,0.5796005,-0.2966697,1.915002,-0.949528,0.09536725,-0.2988349,0.1800808,0.9457639,-0.2703729,0.2568425,-0.310541,-0.915203,moving,5.574446,24.28942,16.83913,-8.806187
05/11/2023 13:09:22.697125,659,True,True,True,True,Eyes,0.04484448,0.1589483,-3.136548,-0.08521228,-0.4082056,-0.9089044,0.0,0.0,0.0,0.0,0.0,0.0,0.0,-0.8995514,-1.023335,-2.898499,0.1108747,0.1754259,-3.196035,0.07090547,0.9757637,-0.1449299,0.1478273,17.68588,163.6665,5.75435,-0.0008956888,0.05127733,-0.9986832,0.1272384,-0.0035219,-0.309361,-0.9172888,-0.7548674,-4.364898,0.5796006,-0.2941034,1.915002,-0.946239,0.09552478,-0.3090416,0.1812232,0.9479355,-0.2618712,0.2679363,-0.3037983,-0.9142848,moving,5.355981,24.18572,16.83913,-8.731188
05/11/2023 13:09:22.707572,660,True,True,True,True,Eyes,0.04792669,0.1594604,-3.139902,-0.08157285,-0.4070969,-0.9097351,0.0,0.0,0.0,0.0,0.0,0.0,0.0,-0.9270128,-1.014915,-2.901854,0.1168847,0.1747192,-3.204056,0.07038457,0.9752086,-0.1435308,0.1530134,17.54679,163.0335,5.618871,0.0006216415,0.05121073,-0.9986869,0.1196041,-0.003310586,-0.2907994,-0.8981137,-0.7496437,-4.388797,0.5796006,-0.2913248,1.915002,-0.9432658,0.09335499,-0.3186447,0.1812036,0.9488898,-0.2584055,0.2782352,-0.3014846,-0.9119716,moving,5.123816,24.10801,16.83913,-8.649954
05/11/2023 13:09:22.727469,661,True,True,True,True,Eyes,0.05112785,0.1599696,-3.143452,-0.07763842,-0.4061305,-0.910511,0.0,0.0,0.0,0.0,0.0,0.0,0.0,-0.9575673,-1.027915,-2.896152,0.1229607,0.174743,-3.211787,0.07149906,0.9739572,-0.1458146,0.1582202,17.85803,162.4286,5.615189,0.002083634,0.05116155,-0.9986874,0.1124278,-0.003111951,-0.2733514,-0.8768085,-0.7520825,-4.408742,0.5796003,-0.2886663,1.915002,-0.9397089,0.09313243,-0.3290505,0.1854157,0.947252,-0.2614092,0.2873481,-0.3066595,-0.9074093,moving,4.873768,24.03911,16.83913,-8.572197
05/11/2023 13:09:22.747530,662,True,True,True,True,Eyes,0.05443658,0.160476,-3.14717,-0.07352925,-0.4054645,-0.9111487,0.0,0.0,0.0,0.0,0.0,0.0,0.0,-0.9928248,-1.028097,-2.893739,0.1290725,0.1750216,-3.220111,0.07338233,0.9728051,-0.1461044,0.1640701,17.95933,161.7583,5.721199,0.00349925,0.05112758,-0.9986852,0.1056822,-0.002925234,-0.2569503,-0.856382,-0.7422535,-4.435552,0.5796007,-0.2859696,1.915001,-0.9353923,0.0948307,-0.3406594,0.1907161,0.9465371,-0.2601824,0.2977734,-0.3083418,-0.9034693,moving,4.613743,23.98924,16.83914,-8.493291
05/11/2023 13:09:22.757718,663,True,True,True,True,Eyes,0.05782652,0.160951,-3.151057,-0.06912818,-0.405028,-0.9116873,0.0,0.0,0.0,0.0,0.0,0.0,0.0,-1.033373,-1.041679,-2.883521,0.135068,0.1756346,-3.227778,0.07520932,0.9711347,-0.1486765,0.1706938,18.32733,160.9926,5.763005,0.004876275,0.05110694,-0.9986805,0.09934123,-0.00274972,-0.2415333,-0.8368458,-0.7333057,-4.46029,0.5796006,-0.283319,1.915003,-0.9304146,0.09532046,-0.353897,0.196833,0.9444777,-0.2630942,0.3091695,-0.3144452,-0.897518,moving,4.336123,23.95376,16.83912,-8.415694
05/11/2023 13:09:22.777350,664,True,True,True,True,Eyes,0.06127248,0.1613907,-3.155098,-0.06459846,-0.404881,-0.9120847,0.0,0.0,0.0,0.0,0.0,0.0,0.0,-1.071892,-1.052526,-2.874657,0.1402994,0.1753996,-3.235733,0.07618506,0.9695942,-0.1507973,0.17704,18.62664,160.2423,5.713702,0.006220556,0.051097,-0.9986735,0.09338076,-0.002584737,-0.2270413,-0.8155953,-0.741625,-4.475364,0.5796005,-0.2805375,1.915001,-0.9257053,0.09434289,-0.3662909,0.2011315,0.9429121,-0.2654487,0.3203369,-0.3193999,-0.891834,moving,4.051212,23.93678,16.83913,-8.334245
05/11/2023 13:09:22.797225,665,True,True,True,True,Eyes,0.06479123,0.1618217,-3.159294,-0.05982721,-0.4050124,-0.9123518,0.0,0.0,0.0,0.0,0.0,0.0,0.0,-1.109692,-1.070383,-2.86231,0.1454915,0.1750363,-3.243169,0.07768922,0.96781,-0.1541949,0.1831181,19.08166,159.5308,5.702591,0.007537534,0.05109529,-0.9986645,0.08777791,-0.002429652,-0.2134188,-0.7937088,-0.747606,-4.491898,0.5796005,-0.2781694,1.915002,-0.9208643,0.09390502,-0.3784057,0.2068485,0.9403766,-0.2700101,0.3304885,-0.3269153,-0.8853835,moving,3.751783,23.93745,16.83913,-8.264867
05/11/2023 13:09:22.817310,666,True,True,True,True,Eyes,0.06835803,0.162255,-3.163645,-0.0549125,-0.4051855,-0.9125839,0.0,0.0,0.0,0.0,0.0,0.0,0.0,-1.145939,-1.087752,-2.850723,0.1506535,0.1753198,-3.251087,0.07829931,0.9661218,-0.1572402,0.1890862,19.47753,158.8126,5.589677,0.008831661,0.05110045,-0.9986537,0.08251124,-0.002283873,-0.2006137,-0.7732132,-0.7611886,-4.502382,0.5796008,-0.2755005,1.915001,-0.9162312,0.09182941,-0.3899841,0.2107572,0.9382894,-0.2742157,0.3407369,-0.333437,-0.8790438,moving,3.443481,23.94113,16.83914,-8.18665
05/11/2023 13:09:22.827368,667,True,True,True,True,Eyes,0.1591685,0.172795,-3.275866,0.07460793,-0.4104558,-0.9088232,0.0,0.0,0.0,0.0,0.0,0.0,0.0,-1.18143,-1.094286,-2.842972,0.1558135,0.1758029,-3.258917,0.07737634,0.9647912,-0.1582301,0.1953306,19.60575,158.0307,5.328975,0.01010577,0.05111158,-0.998641,0.07756057,-0.002146841,-0.1885769,-0.7543976,-0.7684548,-4.515889,0.5796003,-0.2727309,1.915,-0.9117177,0.08748962,-0.4013931,0.2111184,0.9379522,-0.2750901,0.35242,-0.335546,-0.8736184,moving,-4.693053,24.30557,16.83914,-8.105458
05/11/2023 13:09:22.837431,668,True,True,True,True,Eyes,0.1593563,0.1728017,-3.276201,0.07482341,-0.4102502,-0.9088984,0.0,0.0,0.0,0.0,0.0,0.0,0.0,-1.214841,-1.104105,-2.834338,0.1609107,0.1759903,-3.266725,0.07677683,0.9633854,-0.1598164,0.2011285,19.80461,157.3061,5.100463,0.01477752,0.05127095,-0.9985746,0.3453383,0.02960217,-0.5139253,-0.7365133,-0.7725548,-4.529635,0.5796,-0.2700879,1.915,-0.9073055,0.08364409,-0.412069,0.2122186,0.9371281,-0.2770455,0.3629882,-0.3388135,-0.8680122,moving,-4.706159,24.29303,16.83913,-8.027936
05/11/2023 13:09:22.857379,669,True,True,True,True,Eyes,0.1597424,0.1728137,-3.276842,0.07546043,-0.4100808,-0.9089222,0.0,0.0,0.0,0.0,0.0,0.0,0.0,-1.244587,-1.105067,-2.830654,0.1662127,0.1761077,-3.274772,0.07558878,0.962347,-0.1597749,0.2065108,19.79998,156.6234,4.846682,0.01868204,0.05141102,-0.998502,0.324618,0.02782604,-0.4830897,-0.7193836,-0.7840839,-4.538789,0.5796002,-0.267392,1.915,-0.9032792,0.07949474,-0.4216245,0.2114758,0.9375166,-0.2762981,0.3733157,-0.3387376,-0.8636506,moving,-4.74592,24.28359,16.83914,-7.948834
05/11/2023 13:09:22.877413,670,True,True,True,True,Eyes,0.1603312,0.1728342,-3.277805,0.07633208,-0.4096109,-0.9090613,0.0,0.0,0.0,0.0,0.0,0.0,0.0,-1.27489,-1.104349,-2.826985,0.1712457,0.1762658,-3.282739,0.07490186,0.961281,-0.1595513,0.2118299,19.78431,155.9583,4.657602,0.02195873,0.05153412,-0.998429,0.3051409,0.02615648,-0.4541044,-0.702131,-0.7830968,-4.554878,0.5796,-0.2647429,1.915,-0.8990358,0.07640798,-0.4311576,0.211599,0.9378662,-0.2750143,0.3833548,-0.3384801,-0.8593431,moving,-4.799754,24.25569,16.83913,-7.871072
05/11/2023 13:09:22.889434,671,True,True,True,True,Eyes,0.161105,0.1728392,-3.279057,0.0776244,-0.408971,-0.9092399,0.0,0.0,0.0,0.0,0.0,0.0,0.0,-1.30375,-1.094338,-2.828007,0.1768067,0.1764558,-3.291286,0.07415317,0.9604889,-0.1577276,0.2169899,19.58301,155.3171,4.504588,0.02472334,0.05164219,-0.9983588,0.2868324,0.02458709,-0.4268581,-0.6830329,-0.7850411,-4.568984,0.5796005,-0.2620347,1.915001,-0.8948337,0.07399596,-0.4402248,0.2108972,0.9392466,-0.2708103,0.3934407,-0.3351723,-0.8560751,moving,-4.879671,24.21795,16.83914,-7.79155
05/11/2023 13:09:22.907047,672,True,True,True,True,Eyes,0.1620824,0.172796,-3.280579,0.07909031,-0.4080382,-0.9095327,0.0,0.0,0.0,0.0,0.0,0.0,0.0,-1.334896,-1.074475,-2.830895,0.1819044,0.1760453,-3.299443,0.07403837,0.9597778,-0.154585,0.2223703,19.24829,154.6669,4.457229,0.02715248,0.05173673,-0.9982908,0.2696225,0.02311186,-0.4012466,-0.6620284,-0.7838151,-4.585736,0.5796,-0.2594233,1.914999,-0.8901399,0.07337053,-0.4497425,0.210871,0.9412435,-0.2638067,0.4039617,-0.3296624,-0.8533101,moving,-4.969773,24.16215,16.83914,-7.714844
05/11/2023 13:09:22.927183,673,True,True,True,True,Eyes,0.1632267,0.1727246,-3.282377,0.08086725,-0.4072479,-0.9097306,0.0,0.0,0.0,0.0,0.0,0.0,0.0,-1.364787,-1.064809,-2.830271,0.1869751,0.1749163,-3.30777,0.07368103,0.9588279,-0.1531493,0.2275202,19.09985,154.0338,4.345886,0.02936566,0.05181775,-0.998224,0.2534451,0.02172515,-0.3771718,-0.6404108,-0.7776127,-4.604909,0.5795999,-0.256733,1.915,-0.8856115,0.07160576,-0.4588739,0.210984,0.9422328,-0.2601598,0.4137371,-0.3272155,-0.8495598,moving,-5.079752,24.11604,16.83913,-7.635785
05/11/2023 13:09:22.936944,674,True,True,True,True,Eyes,0.1645206,0.1726273,-3.284457,0.08278913,-0.4064868,-0.9098981,0.0,0.0,0.0,0.0,0.0,0.0,0.0,-1.392204,-1.070424,-2.824921,0.1920355,0.1741995,-3.316172,0.07311109,0.9576018,-0.1540397,0.2322184,19.20644,153.4417,4.158585,0.03138945,0.05188537,-0.9981589,0.2382384,0.02042164,-0.3545415,-0.6203754,-0.7766423,-4.620279,0.5796005,-0.2540947,1.915002,-0.8814586,0.06848095,-0.4672694,0.2115643,0.9418531,-0.2610618,0.4222214,-0.3289728,-0.8446927,moving,-5.198871,24.07217,16.83913,-7.55822
05/11/2023 13:09:22.957751,675,True,True,True,True,Eyes,0.1659793,0.1725042,-3.286793,0.08498949,-0.4058126,-0.9099962,0.0,0.0,0.0,0.0,0.0,0.0,0.0,-1.419932,-1.074028,-2.820129,0.1973786,0.1734537,-3.32473,0.07318137,0.956351,-0.1547201,0.2368523,19.30519,152.8691,4.051634,0.03324661,0.05193972,-0.998096,0.2239441,0.01919635,-0.333269,-0.5995163,-0.7713803,-4.638023,0.5796006,-0.251365,1.915002,-0.877091,0.06668255,-0.475673,0.2132657,0.9414123,-0.2612671,0.4303825,-0.3305998,-0.8399253,moving,-5.335686,24.03447,16.83914,-7.47795
05/11/2023 13:09:22.977127,676,True,True,True,True,Eyes,0.167585,0.1723715,-3.289403,0.08737223,-0.4050707,-0.9101011,0.0,0.0,0.0,0.0,0.0,0.0,0.0,-1.449449,-1.074311,-2.815309,0.2026972,0.1727236,-3.33318,0.0740435,0.9550394,-0.1550569,0.2416089,19.38718,152.2968,4.042718,0.03495928,0.05198098,-0.9980354,0.2105075,0.01804456,-0.3132729,-0.5764327,-0.7637413,-4.657064,0.5796003,-0.2486444,1.915001,-0.8722855,0.06650265,-0.4844539,0.2163552,0.9409498,-0.2603918,0.4385301,-0.3319501,-0.835165,moving,-5.483748,23.99304,16.83913,-7.397914
05/11/2023 13:09:22.989717,677,True,True,True,True,Eyes,0.1693522,0.1722223,-3.292265,0.09012043,-0.4043317,-0.9101616,0.0,0.0,0.0,0.0,0.0,0.0,0.0,-1.482698,-1.073704,-2.809052,0.2083504,0.1723045,-3.341991,0.07492311,0.9535632,-0.1552614,0.2469771,19.45776,151.649,4.025785,0.03654431,0.05200972,-0.9979771,0.197877,0.01696189,-0.2944765,-0.5526698,-0.763945,-4.67177,0.5795997,-0.2458851,1.914999,-0.8667778,0.06619579,-0.494282,0.2195799,0.9405608,-0.2590946,0.4477513,-0.3331118,-0.8297925,moving,-5.654759,23.95279,16.83913,-7.316721
05/11/2023 13:09:23.007874,678,True,True,True,True,Eyes,0.1712412,0.1720403,-3.295398,0.09331768,-0.4035044,-0.9102066,0.0,0.0,0.0,0.0,0.0,0.0,0.0,-1.518839,-1.065511,-2.803813,0.2138667,0.171751,-3.350869,0.07560921,0.9521258,-0.1542956,0.252849,19.39344,150.9407,4.009345,0.03802016,0.05202636,-0.9979212,0.1860044,0.01594418,-0.2768079,-0.52925,-0.7617483,-4.687612,0.5796001,-0.2433938,1.915001,-0.8607011,0.06595202,-0.5048203,0.2220059,0.9409523,-0.2555822,0.4581557,-0.332053,-0.8245205,moving,-5.853718,23.90823,16.83913,-7.243374
05/11/2023 13:09:23.027289,679,True,True,True,True,Eyes,0.1732775,0.1718354,-3.29878,0.09690157,-0.402676,-0.910199,0.0,0.0,0.0,0.0,0.0,0.0,0.0,-1.55766,-1.057243,-2.796912,0.2193191,0.1706863,-3.359992,0.07627843,0.9505212,-0.15345,0.2591224,19.34441,150.1807,3.979639,0.03940105,0.05203069,-0.9978674,0.1748441,0.01498753,-0.2601994,-0.5069967,-0.7568952,-4.70412,0.5796007,-0.2405657,1.915002,-0.8540744,0.06548384,-0.5160125,0.2245332,0.9412694,-0.252184,0.4691928,-0.3312458,-0.8186174,moving,-6.076931,23.86481,16.83913,-7.160082
05/11/2023 13:09:23.037403,680,True,True,True,True,Eyes,0.1751594,0.1716339,-3.302623,0.1028612,-0.4012629,-0.910169,0.0,0.0,0.0,0.0,0.0,0.0,0.0,-1.597426,-1.047318,-2.789825,0.2247407,0.1699249,-3.369329,0.07667724,0.9488977,-0.1522628,0.2655746,19.25001,149.3947,3.926214,0.0406997,0.05202288,-0.9978157,0.1643535,0.01408827,-0.2445875,-0.486404,-0.7498635,-4.721235,0.5796006,-0.2379997,1.915001,-0.8471817,0.06464342,-0.5273564,0.226392,0.9418733,-0.2482367,0.4806561,-0.3296908,-0.8125725,moving,-6.44783,23.79107,16.83914,-7.084494
05/11/2023 13:09:23.057766,681,True,True,True,True,Eyes,0.1772013,0.171398,-3.306702,0.1091328,-0.3998812,-0.9100468,0.0,0.0,0.0,0.0,0.0,0.0,0.0,-1.637322,-1.031569,-2.784577,0.2304738,0.1686694,-3.378943,0.0767781,0.9473641,-0.1501569,0.2721384,19.04406,148.5945,3.86683,0.04191877,0.05200357,-0.9977663,0.1544923,0.01324298,-0.2299122,-0.4671755,-0.7453814,-4.736181,0.5796003,-0.2353306,1.915,-0.8400917,0.0637467,-0.5386859,0.2272006,0.9431161,-0.242718,0.4925708,-0.3262951,-0.8067873,moving,-6.838253,23.72104,16.83914,-7.005841
05/11/2023 13:09:23.077349,682,True,True,True,True,Eyes,0.1795136,0.1711368,-3.310964,0.1157009,-0.3983835,-0.9098923,0.0,0.0,0.0,0.0,0.0,0.0,0.0,-1.680367,-1.021054,-2.774879,0.2361229,0.167612,-3.388554,0.07727773,0.9454781,-0.149027,0.2790882,18.96184,147.7462,3.816262,0.04307132,0.05197253,-0.9977189,0.1452227,0.0124484,-0.2161175,-0.4487933,-0.741845,-4.750317,0.5796003,-0.2325268,1.915001,-0.8322757,0.0629454,-0.5507766,0.2293122,0.9436381,-0.238669,0.5047107,-0.3249382,-0.7998012,moving,-7.246776,23.64553,16.83913,-6.923182
05/11/2023 13:09:23.098081,683,True,True,True,True,Eyes,0.1819668,0.1708354,-3.315469,0.1226762,-0.3967525,-0.9096912,0.0,0.0,0.0,0.0,0.0,0.0,0.0,-1.727142,-1.005134,-2.764946,0.2421468,0.1669879,-3.398783,0.07794453,0.9434756,-0.1470729,0.2866147,18.796,146.8334,3.801903,0.04417062,0.05192992,-0.9976731,0.1365094,0.0117015,-0.2031504,-0.4316113,-0.7379175,-4.764289,0.5796001,-0.2299647,1.915001,-0.8235532,0.06277099,-0.563755,0.2313841,0.9445884,-0.2328393,0.5179009,-0.3221996,-0.792443,moving,-7.680279,23.56393,16.83913,-6.847628
05/11/2023 13:09:23.113728,684,True,True,True,True,Eyes,0.1846645,0.1704736,-3.320118,0.1298881,-0.3951583,-0.9093839,0.0,0.0,0.0,0.0,0.0,0.0,0.0,-1.777067,-0.9781021,-2.755951,0.247727,0.1656717,-3.408974,0.07829896,0.9415043,-0.1434977,0.2946987,18.44273,145.8559,3.799417,0.04522629,0.05187535,-0.9976286,0.1283188,0.01099941,-0.1909614,-0.4153745,-0.7322534,-4.778873,0.5796,-0.2272406,1.915,-0.8140438,0.06286047,-0.5773916,0.2320148,0.9465554,-0.2240581,0.5324487,-0.3163565,-0.785122,moving,-8.128631,23.48659,16.83913,-6.767272
05/11/2023 13:09:23.127587,685,True,True,True,True,Eyes,0.1874845,0.1700783,-3.325004,0.1374962,-0.3936173,-0.9089335,0.0,0.0,0.0,0.0,0.0,0.0,0.0,-1.830369,-0.9683659,-2.737417,0.2531426,0.1641795,-3.419122,0.0794432,0.9388151,-0.1429833,0.303102,18.45916,144.828,3.777228,0.04624913,0.05180803,-0.9975852,0.1206197,0.01033944,-0.1795037,-0.3987954,-0.7223924,-4.795356,0.5796004,-0.2246624,1.915001,-0.8036362,0.06248793,-0.5918315,0.235842,0.9464892,-0.220311,0.5463953,-0.3166285,-0.7753701,moving,-8.602032,23.41522,16.83913,-6.691188
05/11/2023 13:09:23.136968,686,True,True,True,True,Eyes,0.2624959,0.1600634,-3.451874,0.3289995,-0.3511954,-0.8765963,0.0,0.0,0.0,0.0,0.0,0.0,0.0,-1.885367,-0.9544026,-2.718491,0.2586634,0.1629722,-3.429609,0.08035936,0.9360608,-0.1417589,0.3118284,18.3914,143.7583,3.748248,0.04724569,0.05172792,-0.9975427,0.1133825,0.009719076,-0.1687335,-0.381869,-0.7150118,-4.810207,0.5796,-0.2219312,1.915,-0.792611,0.06203361,-0.6065639,0.2388514,0.9468936,-0.2152732,0.5609973,-0.3155066,-0.765335,moving,-20.57185,21.83278,16.83913,-6.610571
05/11/2023 13:09:23.157781,687,True,True,True,True,Eyes,0.2627368,0.1600563,-3.452319,0.3297509,-0.3511707,-0.8763239,0.0,0.0,0.0,0.0,0.0,0.0,0.0,-1.943944,-0.9500043,-2.692676,0.2643183,0.1626101,-3.440293,0.08170889,0.9327698,-0.1421331,0.3210336,18.5189,142.6191,3.698874,0.05090043,0.05104696,-0.997398,0.3316137,-0.02090865,-0.5392178,-0.3628813,-0.7048467,-4.826877,0.5796,-0.2192094,1.915,-0.7805225,0.06117216,-0.622128,0.2436901,0.9462436,-0.2126923,0.5756738,-0.3176174,-0.7534714,moving,-20.62076,21.83754,16.83913,-6.530205
05/11/2023 13:09:23.177137,688,True,True,True,True,Eyes,0.2627368,0.1600563,-3.452319,0.3297509,-0.3511707,-0.8763239,0.0,0.0,0.0,0.0,0.0,0.0,0.0,-2.004124,-0.9375285,-2.667597,0.2700988,0.1624378,-3.451406,0.08197755,0.9295265,-0.1409737,0.3307366,18.43953,141.4081,3.574797,0.05392006,0.05047685,-0.9972684,0.3117168,-0.01965413,-0.5068648,-0.3441249,-0.701225,-4.839612,0.5796,-0.2164358,1.914999,-0.7677862,0.05915026,-0.6379703,0.245651,0.9468122,-0.2078517,0.5917435,-0.3163036,-0.7414796,moving,-20.62076,21.83754,16.83914,-6.448284
05/11/2023 13:09:23.197316,689,True,True,True,True,Eyes,0.2627368,0.1600563,-3.452319,0.3297509,-0.3511707,-0.8763239,0.0,0.0,0.0,0.0,0.0,0.0,0.0,-2.065567,-0.9285291,-2.638174,0.2755255,0.1621518,-3.46215,0.08143626,0.9260369,-0.1402332,0.3408206,18.37485,140.1284,3.336777,0.05641366,0.0499993,-0.9971545,0.2930138,-0.01847489,-0.4764529,-0.3255371,-0.7036311,-4.849286,0.5796003,-0.2138982,1.915001,-0.7544191,0.05523723,-0.654065,0.2464147,0.9474056,-0.2042119,0.6083847,-0.3152325,-0.7283521,moving,-20.62076,21.83754,16.83914,-6.373302
05/11/2023 13:09:23.207452,690,True,True,True,True,Eyes,0.2627368,0.1600563,-3.452319,0.3297509,-0.3511707,-0.8763239,0.0,0.0,0.0,0.0,0.0,0.0,0.0,-2.12688,-0.9244933,-2.60575,0.2810126,0.1617612,-3.473197,0.08059299,0.9223301,-0.1401978,0.350937,18.37188,138.8285,3.036097,0.05847609,0.04959846,-0.9970557,0.275433,-0.01736639,-0.4478657,-0.3073031,-0.701929,-4.860618,0.5796009,-0.211189,1.915002,-0.7406964,0.05026553,-0.6699573,0.2470678,0.9476987,-0.2020511,0.6247615,-0.3151833,-0.714376,moving,-20.62076,21.83754,16.83914,-6.293225
05/11/2023 13:09:23.227244,691,True,True,True,True,Eyes,0.2627368,0.1600563,-3.452319,0.3297509,-0.3511707,-0.8763239,0.0,0.0,0.0,0.0,0.0,0.0,0.0,-2.189622,-0.923755,-2.569162,0.2868473,0.1632725,-3.484167,0.08023866,0.9183008,-0.1405884,0.3612759,18.43215,137.4978,2.76616,0.0602097,0.0492572,-0.9969694,0.258907,-0.01632441,-0.4209938,-0.2882868,-0.7026233,-4.870053,0.5796006,-0.2084275,1.915002,-0.7260827,0.04578403,-0.6860812,0.2489488,0.9475933,-0.2002282,0.6409587,-0.3161814,-0.699429,moving,-20.62076,21.83754,16.83913,-6.211583
05/11/2023 13:09:23.237460,692,True,True,True,True,Eyes,0.2627368,0.1600563,-3.452319,0.3297509,-0.3511707,-0.8763239,0.0,0.0,0.0,0.0,0.0,0.0,0.0,-2.252848,-0.9169294,-2.533182,0.2933087,0.1653326,-3.495673,0.07972454,0.9142432,-0.1398882,0.3717992,18.36484,136.147,2.521558,0.06176971,0.04894996,-0.9968891,0.2433726,-0.01534494,-0.3957342,-0.2677789,-0.6928061,-4.884736,0.5796003,-0.2055253,1.915001,-0.7108186,0.04175457,-0.7021348,0.2497959,0.9481506,-0.1965006,0.6575248,-0.3150667,-0.6843932,moving,-20.62076,21.83754,16.83913,-6.125759
05/11/2023 13:09:23.257777,693,True,True,True,True,Eyes,0.2627368,0.1600563,-3.452319,0.3297509,-0.3511707,-0.8763239,0.0,0.0,0.0,0.0,0.0,0.0,0.0,-2.320675,-0.9234048,-2.485737,0.2999237,0.1699921,-3.506887,0.08109765,0.9092807,-0.1416644,0.3828353,18.64597,134.7223,2.359757,0.06317354,0.04867334,-0.9968146,0.2287702,-0.01442425,-0.3719901,-0.2471251,-0.6808029,-4.899972,0.5796004,-0.2033603,1.915001,-0.6937204,0.03901275,-0.7191868,0.2559494,0.9467087,-0.1955314,0.6732322,-0.3197196,-0.6667364,moving,-20.62076,21.83754,16.83913,-6.06171
05/11/2023 13:09:23.277038,694,True,True,True,True,Eyes,0.2627368,0.1600563,-3.452319,0.3297509,-0.3511707,-0.8763239,0.0,0.0,0.0,0.0,0.0,0.0,0.0,-2.383325,-0.8920249,-2.455479,0.3066623,0.1720717,-3.518761,0.07953287,0.9055722,-0.136776,0.3935808,18.07889,133.3674,2.19325,0.0644365,0.04842437,-0.9967459,0.215044,-0.01355879,-0.3496707,-0.2295255,-0.6670541,-4.915602,0.5796005,-0.2005665,1.915002,-0.6775371,0.03638067,-0.7345881,0.2517103,0.9499337,-0.1851158,0.6910753,-0.3103262,-0.6527728,moving,-20.62076,21.83754,16.83913,-5.979038
05/11/2023 13:09:23.297225,695,True,True,True,True,Eyes,0.2627368,0.1600563,-3.452319,0.3297509,-0.3511707,-0.8763239,0.0,0.0,0.0,0.0,0.0,0.0,0.0,-2.446943,-0.9077938,-2.402763,0.3127343,0.1762612,-3.529308,0.0804447,0.9003348,-0.1399697,0.4041467,18.48534,131.9627,1.916515,0.06557301,0.04820024,-0.9966826,0.2021414,-0.01274526,-0.3286905,-0.2119591,-0.6532686,-4.930554,0.5796004,-0.19798,1.915001,-0.6603884,0.03171775,-0.7502543,0.2579909,0.9478743,-0.1870162,0.705215,-0.3170621,-0.6341481,moving,-20.62076,21.83754,16.83913,-5.902483
05/11/2023 13:09:23.307359,696,True,True,True,True,Eyes,0.2627368,0.1600563,-3.452319,0.3297509,-0.3511707,-0.8763239,0.0,0.0,0.0,0.0,0.0,0.0,0.0,-2.505358,-0.9011951,-2.362817,0.3199897,0.1790304,-3.540824,0.07973126,0.8959541,-0.1391122,0.4141943,18.38042,130.6483,1.66855,0.06659607,0.04799842,-0.9966245,0.1900129,-0.01198055,-0.3089691,-0.1913531,-0.6352991,-4.947315,0.5796005,-0.1952745,1.915002,-0.6441721,0.0276321,-0.7643814,0.2581101,0.9485815,-0.1832279,0.720015,-0.3153248,-0.6181817,moving,-20.62076,21.83754,16.83913,-5.822381
05/11/2023 13:09:23.327352,697,True,True,True,True,Eyes,0.2627368,0.1600563,-3.452319,0.3297509,-0.3511707,-0.8763239,0.0,0.0,0.0,0.0,0.0,0.0,0.0,-2.558532,-0.8765202,-2.329992,0.3247993,0.1789235,-3.550454,0.07802075,0.8922965,-0.1354898,0.423512,17.93149,129.4516,1.473901,0.06751667,0.04781675,-0.9965714,0.1786121,-0.01126172,-0.2904309,-0.171227,-0.6450405,-4.950611,0.5796006,-0.192399,1.915002,-0.6291009,0.02447215,-0.7769386,0.2539984,0.9511105,-0.1757087,0.7346545,-0.3078796,-0.6045605,moving,-20.62076,21.83754,16.83913,-5.737218
05/11/2023 13:09:23.347423,698,True,True,True,True,Eyes,0.2657354,0.16079,-3.457433,0.3374543,-0.3514946,-0.8732561,0.0,0.0,0.0,0.0,0.0,0.0,0.0,-2.609377,-0.9145083,-2.272958,0.3300246,0.1795895,-3.559543,0.08112659,0.8868273,-0.1434483,0.4317155,18.93377,128.2879,1.213546,0.06834502,0.04765325,-0.9965227,0.1678954,-0.01058601,-0.273005,-0.1497059,-0.6226663,-4.969941,0.5796001,-0.1899534,1.915001,-0.6140804,0.02003289,-0.7889892,0.2677482,0.9456822,-0.1843805,0.7424393,-0.3244749,-0.5860886,moving,-21.12814,21.92529,16.83913,-5.664773
05/11/2023 13:09:23.357073,699,True,True,True,True,Eyes,0.2688462,0.1615754,-3.462686,0.3454026,-0.3519656,-0.8699524,0.0,0.0,0.0,0.0,0.0,0.0,0.0,-2.656587,-0.9180822,-2.23257,0.336282,0.1811272,-3.569147,0.08160118,0.8825781,-0.1447434,0.4398256,19.10348,127.1926,1.013577,0.06916571,0.04752,-0.9964725,0.1578217,-0.009950851,-0.2566247,-0.1310558,-0.6163636,-4.979697,0.5795997,-0.1872599,1.914999,-0.5997893,0.01671516,-0.7999833,0.2713624,0.9447812,-0.183714,0.7527383,-0.3272752,-0.5712054,moving,-21.65487,22.02729,16.83913,-5.584962
05/11/2023 13:09:23.377112,700,True,True,True,True,Eyes,0.272078,0.1624072,-3.468137,0.3535695,-0.3522199,-0.8665619,0.0,0.0,0.0,0.0,0.0,0.0,0.0,-2.700796,-0.9211838,-2.192748,0.3419012,0.1831972,-3.577787,0.08216813,0.8784732,-0.1459358,0.4474772,19.26502,126.1549,0.8351346,0.06998099,0.0474154,-0.9964206,0.1483524,-0.0093538,-0.2412272,-0.1115966,-0.6154373,-4.988167,0.5796002,-0.18419,1.915,-0.5860249,0.01375916,-0.810176,0.2749708,0.9439023,-0.1828646,0.762211,-0.329938,-0.5569337,moving,-22.19615,22.11961,16.83913,-5.493965
05/11/2023 13:09:23.391754,701,True,True,True,True,Eyes,0.2754648,0.1632853,-3.473718,0.3620814,-0.352053,-0.8631083,0.0,0.0,0.0,0.0,0.0,0.0,0.0,-2.743249,-0.914561,-2.158583,0.3486089,0.1850549,-3.586857,0.08204438,0.8747154,-0.1452591,0.455018,19.19499,125.1504,0.6879993,0.07079618,0.04733736,-0.9963666,0.1394512,-0.008792572,-0.2267536,-0.0864818,-0.5890319,-5.008143,0.5796007,-0.1817907,1.915003,-0.5724548,0.01134,-0.819858,0.2757219,0.9443371,-0.1794573,0.7721872,-0.328784,-0.5437169,moving,-22.75847,22.19004,16.83913,-5.422823
05/11/2023 13:09:23.407785,702,True,True,True,True,Eyes,0.2790022,0.1641705,-3.479416,0.3708044,-0.351314,-0.8596991,0.0,0.0,0.0,0.0,0.0,0.0,0.0,-2.783077,-0.8803372,-2.13746,0.3554931,0.1869549,-3.595541,0.07987085,0.8719641,-0.1392809,0.4624934,18.46803,124.2194,0.6316258,0.07161253,0.04728456,-0.9963108,0.1310841,-0.008265018,-0.2131484,-0.06290087,-0.5782169,-5.020769,0.5796006,-0.1791974,1.915002,-0.5594412,0.01045602,-0.8288043,0.268122,0.9484429,-0.1690165,0.7843063,-0.3167754,-0.5334015,moving,-23.33144,22.22726,16.83913,-5.345919
05/11/2023 13:09:23.427469,703,True,True,True,True,Eyes,0.2827072,0.1650262,-3.485202,0.3798323,-0.3501379,-0.8562306,0.0,0.0,0.0,0.0,0.0,0.0,0.0,-2.821944,-0.8451762,-2.115695,0.3625879,0.1878595,-3.603761,0.07900283,0.8690777,-0.1338511,0.4696239,17.86993,123.3388,0.6983313,0.07243569,0.04725429,-0.9962527,0.1232191,-0.007769117,-0.2003595,-0.03791501,-0.5599352,-5.037363,0.5796005,-0.1764137,1.915001,-0.5464241,0.01159988,-0.8374285,0.2630385,0.951685,-0.1584507,0.79513,-0.3068571,-0.5230748,moving,-23.92254,22.2411,16.83913,-5.263343
05/11/2023 13:09:23.437247,704,True,True,True,True,Eyes,0.3799258,0.1854058,-3.630589,0.6010991,-0.3008745,-0.7403746,0.0,0.0,0.0,0.0,0.0,0.0,0.0,-2.862268,-0.7979391,-2.094514,0.3700882,0.1878773,-3.611649,0.07857014,0.8661089,-0.1269138,0.4770485,17.14589,122.4442,0.9001966,0.07326781,0.04724332,-0.9961924,0.1158259,-0.00730297,-0.1883379,-0.01282203,-0.5415548,-5.052649,0.5796007,-0.1738787,1.915002,-0.5325031,0.01501251,-0.8462951,0.2571886,0.9554393,-0.1448788,0.8064086,-0.2948058,-0.5126354,moving,-39.07263,22.11591,16.83913,-5.188127
05/11/2023 13:09:23.457613,705,True,True,True,True,Eyes,0.3802423,0.1854121,-3.630865,0.6016415,-0.3008539,-0.7399422,0.0,0.0,0.0,0.0,0.0,0.0,0.0,-2.903123,-0.7673551,-2.063565,0.3776397,0.1876953,-3.619036,0.07888192,0.8624156,-0.1230286,0.4846451,16.77794,121.4796,1.00587,0.0779744,0.04769936,-0.9958133,0.4005323,0.05427393,-0.6131977,0.01500955,-0.5264207,-5.067198,0.5796005,-0.171212,1.915001,-0.5177934,0.01680754,-0.8553404,0.2553084,0.9572831,-0.1357442,0.8165215,-0.2886631,-0.499966,moving,-39.1143,22.12622,16.83914,-5.108986
05/11/2023 13:09:23.477445,706,True,True,True,True,Eyes,0.3808386,0.1853931,-3.631469,0.6046877,-0.3010646,-0.7373689,0.0,0.0,0.0,0.0,0.0,0.0,0.0,-2.943968,-0.7548858,-2.023556,0.3853429,0.1878513,-3.625989,0.07947204,0.8580812,-0.1221162,0.4924108,16.7285,120.443,0.9647245,0.08179787,0.04808167,-0.9954882,0.3765003,0.05101749,-0.5764058,0.04500977,-0.5106395,-5.081906,0.5796003,-0.1684267,1.915001,-0.5024315,0.01612429,-0.8644667,0.2566496,0.9575437,-0.1313054,0.8256474,-0.2878369,-0.4852384,moving,-39.35385,22.20999,16.83913,-5.026301
05/11/2023 13:09:23.497084,707,True,True,True,True,Eyes,0.3817201,0.1853435,-3.632279,0.6080751,-0.3015511,-0.7343783,0.0,0.0,0.0,0.0,0.0,0.0,0.0,-2.98301,-0.7475759,-1.982136,0.3933547,0.1873529,-3.632664,0.07964252,0.8536547,-0.121907,0.5000693,16.72549,119.4002,0.8406258,0.08490889,0.04840164,-0.9952121,0.3539103,0.04795644,-0.5418215,0.07293312,-0.5059015,-5.092308,0.5795999,-0.1658636,1.914999,-0.4871754,0.01405049,-0.873191,0.2578983,0.9575915,-0.1284795,0.8343551,-0.2877866,-0.4701387,moving,-39.62521,22.32408,16.83914,-4.9502
05/11/2023 13:09:23.507971,708,True,True,True,True,Eyes,0.3828908,0.1853022,-3.633295,0.6117097,-0.3025281,-0.7309502,0.0,0.0,0.0,0.0,0.0,0.0,0.0,-3.021126,-0.7571197,-1.932262,0.4008525,0.1866598,-3.638481,0.08061425,0.8486529,-0.1248224,0.5076504,17.08018,118.3165,0.6050828,0.08744888,0.0486686,-0.9949792,0.3326757,0.04507906,-0.5093122,0.09832773,-0.513068,-5.097547,0.5796005,-0.1631429,1.915001,-0.4715848,0.01009473,-0.8817628,0.2635593,0.9558414,-0.1300142,0.8415129,-0.2937095,-0.453421,moving,-39.92493,22.48385,16.83914,-4.869387
05/11/2023 13:09:23.527504,709,True,True,True,True,Eyes,0.3843523,0.1852494,-3.63448,0.6156008,-0.3037833,-0.7271529,0.0,0.0,0.0,0.0,0.0,0.0,0.0,-3.056028,-0.7829083,-1.878674,0.408982,0.1870156,-3.644094,0.08164726,0.8434178,-0.1301359,0.514825,17.67312,117.2348,0.2243625,0.08953457,0.04889126,-0.9947827,0.3127151,0.04237431,-0.4787535,0.1265607,-0.5123322,-5.105964,0.5796008,-0.160419,1.915002,-0.4565778,0.003731003,-0.8896757,0.2717199,0.9527968,-0.1354498,0.8471748,-0.303586,-0.4360396,moving,-40.25094,22.67375,16.83913,-4.788466
05/11/2023 13:09:23.537762,710,True,True,True,True,Eyes,0.3860397,0.1851667,-3.635869,0.6196353,-0.3052187,-0.7231137,0.0,0.0,0.0,0.0,0.0,0.0,0.0,-3.08897,-0.7965828,-1.83046,0.417214,0.186793,-3.64937,0.08255585,0.8385454,-0.1335635,0.5217152,18.06764,116.2143,359.9451,0.09126234,0.04907632,-0.9946166,0.2939522,0.03983185,-0.4500283,0.1568239,-0.5202008,-5.11016,0.5796,-0.1576748,1.915,-0.4419954,-0.0009105991,-0.8970167,0.2778179,0.9506906,-0.1378569,0.8529109,-0.3101394,-0.419948,moving,-40.59324,22.8841,16.83913,-4.706929
05/11/2023 13:09:23.557420,711,True,True,True,True,Eyes,0.3879941,0.1850761,-3.637379,0.6238281,-0.3070173,-0.7187343,0.0,0.0,0.0,0.0,0.0,0.0,0.0,-3.12198,-0.8012248,-1.782938,0.4248794,0.1860261,-3.654102,0.08552523,0.8336113,-0.1367485,0.5282778,18.56331,115.2546,359.8856,0.09270948,0.04922877,-0.9944752,0.2763151,0.03744194,-0.4230266,0.1859828,-0.5279447,-5.11469,0.5796,-0.1552368,1.915,-0.4272159,-0.001892737,-0.9041476,0.287072,0.9479706,-0.1376279,0.8573658,-0.3183523,-0.4044448,moving,-40.95647,23.13042,16.83913,-4.634468
05/11/2023 13:09:23.577358,712,True,True,True,True,Eyes,0.3902504,0.185008,-3.638966,0.6281228,-0.3086984,-0.7142598,0.0,0.0,0.0,0.0,0.0,0.0,0.0,-3.154271,-0.8092391,-1.732899,0.4330033,0.185817,-3.65858,0.08911163,0.8284221,-0.140769,0.5347525,19.18004,114.2851,359.8235,0.09403209,0.04935926,-0.9943445,0.2597362,0.03519543,-0.397645,0.2131021,-0.5399749,-5.116829,0.5796002,-0.1524875,1.915,-0.4121982,-0.002909089,-0.9110898,0.2981972,0.9444864,-0.1379271,0.8609132,-0.3285377,-0.3884481,moving,-41.32852,23.37368,16.83913,-4.552738
05/11/2023 13:09:23.597712,713,True,True,True,True,Eyes,0.3927627,0.1849136,-3.640643,0.6325609,-0.3103375,-0.7096177,0.0,0.0,0.0,0.0,0.0,0.0,0.0,-3.181985,-0.8053402,-1.695787,0.4417561,0.1863116,-3.663254,0.09107078,0.8242823,-0.1417808,0.5405212,19.40152,113.4579,359.8096,0.09527905,0.04947234,-0.9942203,0.244152,0.0330837,-0.3737863,0.2405402,-0.550568,-5.119407,0.5795999,-0.1498261,1.915,-0.3990861,-0.003134965,-0.9169082,0.3034071,0.9432086,-0.1352834,0.8652599,-0.3321861,-0.3754703,moving,-41.71415,23.62122,16.83913,-4.473604
05/11/2023 13:09:23.607146,714,True,True,True,True,Eyes,0.3955291,0.1848115,-3.642421,0.6370806,-0.3116225,-0.7049962,0.0,0.0,0.0,0.0,0.0,0.0,0.0,-3.205912,-0.7934933,-1.666535,0.4502557,0.1856194,-3.667104,0.09237299,0.820806,-0.1412722,0.5456988,19.43454,112.739,359.8455,0.09646373,0.04956881,-0.9941012,0.2295029,0.03109868,-0.3513591,0.2711827,-0.5541555,-5.124043,0.5796005,-0.1472321,1.915001,-0.3873605,-0.002543479,-0.9219251,0.3058247,0.9430189,-0.1310984,0.8697262,-0.3327297,-0.3645103,moving,-42.10302,23.8464,16.83914,-4.396454
05/11/2023 13:09:23.627324,715,True,True,True,True,Eyes,0.3985698,0.1847101,-3.644269,0.6417241,-0.3128116,-0.7002421,0.0,0.0,0.0,0.0,0.0,0.0,0.0,-3.228639,-0.784346,-1.637227,0.459159,0.185266,-3.670786,0.09429214,0.8172837,-0.1414387,0.5505921,19.574,112.0478,359.9013,0.09759914,0.04964998,-0.9939864,0.2157327,0.02923276,-0.3302776,0.2996356,-0.5591438,-5.127956,0.5796002,-0.143829,1.915001,-0.3759148,-0.001623193,-0.926653,0.3098769,0.9422082,-0.127358,0.8733068,-0.335024,-0.353687,moving,-42.50314,24.07123,16.83913,-4.295223
05/11/2023 13:09:23.647328,716,True,True,True,True,Eyes,0.4018571,0.184603,-3.646183,0.6464807,-0.313577,-0.6955085,0.0,0.0,0.0,0.0,0.0,0.0,0.0,-3.25035,-0.7682835,-1.612406,0.4686082,0.1851564,-3.674371,0.09547085,0.8140944,-0.1400277,0.5554531,19.51482,111.3877,359.9931,0.09869788,0.04971732,-0.9938744,0.2027887,0.02747879,-0.3104609,0.3275658,-0.559522,-5.133833,0.5796003,-0.1418877,1.915001,-0.3647148,-0.0001131279,-0.9311195,0.3110022,0.9425551,-0.1219325,0.8776453,-0.3340507,-0.3437285,moving,-42.90771,24.26871,16.83913,-4.237459
05/11/2023 13:09:23.657305,717,True,True,True,True,Eyes,0.4054159,0.1844913,-3.648126,0.6513683,-0.314191,-0.6906542,0.0,0.0,0.0,0.0,0.0,0.0,0.0,-3.27057,-0.7498017,-1.589021,0.4779099,0.1848046,-3.677128,0.09670687,0.8110309,-0.1382983,0.5601341,19.43068,110.7587,0.1174604,0.09976899,0.04977189,-0.9937648,0.1906214,0.02583006,-0.2918333,0.3548322,-0.5581989,-5.139995,0.5795999,-0.1392112,1.915,-0.353795,0.001933281,-0.935321,0.3117957,0.9430428,-0.1159908,0.8818234,-0.3326661,-0.3342466,moving,-43.32322,24.46164,16.83913,-4.157811
05/11/2023 13:09:23.677153,718,True,True,True,True,Eyes,0.4092539,0.1843647,-3.650036,0.6563977,-0.3143282,-0.6858132,0.0,0.0,0.0,0.0,0.0,0.0,0.0,-3.291368,-0.7268975,-1.56573,0.4877931,0.1845275,-3.67981,0.0978408,0.8078963,-0.1358264,0.5650507,19.27103,110.1087,0.2787731,0.1008234,0.04981482,-0.9936563,0.1791841,0.02428026,-0.2743233,0.3828122,-0.5507212,-5.148858,0.5796005,-0.1365029,1.915002,-0.3422901,0.004592862,-0.9395833,0.311588,0.9439568,-0.1088972,0.8864258,-0.3300372,-0.3245382,moving,-43.74452,24.62337,16.83913,-4.077193
05/11/2023 13:09:23.697236,719,True,True,True,True,Eyes,0.4133539,0.1841991,-3.65194,0.6615843,-0.314346,-0.6808031,0.0,0.0,0.0,0.0,0.0,0.0,0.0,-3.311665,-0.7027966,-1.541438,0.4978357,0.183967,-3.681764,0.09809042,0.8047097,-0.1327762,0.5702554,18.99985,109.4189,0.3900012,0.1018697,0.04984684,-0.9935479,0.1684331,0.02282344,-0.2578638,0.4113378,-0.5387333,-5.158889,0.5796006,-0.1338655,1.915002,-0.3303745,0.006435954,-0.9438283,0.3093013,0.9454975,-0.1018194,0.891732,-0.3255658,-0.3143589,moving,-44.17976,24.7841,16.83913,-3.998676
05/11/2023 13:09:23.707640,720,True,True,True,True,Eyes,0.417703,0.1839906,-3.653852,0.6669146,-0.3141187,-0.6756881,0.0,0.0,0.0,0.0,0.0,0.0,0.0,-3.332129,-0.683965,-1.513081,0.5080302,0.1828357,-3.683583,0.09823278,0.8011836,-0.1306445,0.5756624,18.81045,108.6745,0.4231437,0.1029156,0.04986798,-0.993439,0.1583271,0.02145403,-0.242392,0.4382847,-0.5338894,-5.166488,0.5796003,-0.1312737,1.915001,-0.3179263,0.006990737,-0.9480897,0.3078192,0.9465647,-0.0962426,0.8967555,-0.3224383,-0.3030897,moving,-44.6256,24.93312,16.83913,-3.921504
05/11/2023 13:09:23.727289,721,True,True,True,True,Eyes,0.532995,0.1778454,-3.70098,0.7903751,-0.3030106,-0.5324395,0.0,0.0,0.0,0.0,0.0,0.0,0.0,-3.350979,-0.6693444,-1.484373,0.518408,0.1815303,-3.684935,0.09821983,0.7976497,-0.1290926,0.5808984,18.66612,107.9378,0.4058443,0.1039678,0.04987812,-0.993329,0.1488275,0.02016679,-0.2278485,0.4624857,-0.5372286,-5.171012,0.5796,-0.1286153,1.915,-0.3058199,0.006710698,-0.9520658,0.3066694,0.947376,-0.09182987,0.9013479,-0.3200528,-0.2917844,moving,-56.03365,29.64414,16.83913,-3.84233
05/11/2023 13:09:23.737346,722,True,True,True,True,Eyes,0.5334451,0.1777741,-3.700984,0.7905836,-0.3027946,-0.5322528,0.0,0.0,0.0,0.0,0.0,0.0,0.0,-3.368394,-0.6567703,-1.457227,0.5291436,0.1803805,-3.686245,0.09903737,0.7941818,-0.1282271,0.5856832,18.64359,107.2554,0.4297248,0.1086441,0.04960831,-0.992842,0.485774,0.0005211569,-0.3555636,0.4863508,-0.539511,-5.175995,0.5795998,-0.125891,1.914999,-0.294334,0.007106522,-0.9556764,0.3075082,0.9474988,-0.08766213,0.9048793,-0.3196802,-0.2810664,moving,-56.04996,29.63522,16.83913,-3.761182
05/11/2023 13:09:23.757648,723,True,True,True,True,Eyes,0.534318,0.1776407,-3.701003,0.7909959,-0.3025598,-0.5317735,1.98344,2.103211,-0.4224686,-4.755744,-0.8625188,-0.04005647,0.504437,0.576012,-0.002765536,1.901384,0.5400442,0.1785717,-3.686951,0.0994271,0.7911999,-0.1263241,0.5900502,18.49545,106.6526,0.4989398,0.1125267,0.04937738,-0.9924209,0.4566276,0.0004898875,-0.3342298,0.5102459,-0.5403624,-5.181225,0.5796002,-0.1232226,1.915001,-0.2839103,0.008258257,-0.9588155,0.3064086,0.9483129,-0.08256137,0.9085752,-0.3172293,-0.2717662,moving,-56.08771,29.63831,16.83913,-3.681679
05/11/2023 13:09:23.777406,724,True,True,True,True,Eyes,0.5356202,0.1774351,-3.701007,0.791528,-0.3021883,-0.5311926,0.0,0.0,0.0,0.0,0.0,0.0,0.0,-3.395871,-0.6275098,-1.41631,0.5509285,0.1769341,-3.687386,0.1001233,0.7883794,-0.125413,0.5938897,18.46169,106.1057,0.5380541,0.1157706,0.04917721,-0.9920576,0.4292299,0.0004604943,-0.314176,0.536962,-0.5405259,-5.186322,0.5795999,-0.1204476,1.915001,-0.274541,0.008907415,-0.9615342,0.3068333,0.9484938,-0.07882161,0.9113071,-0.3166704,-0.2631334,moving,-56.13453,29.63497,16.83912,-3.598987
05/11/2023 13:09:23.797361,725,True,True,True,True,Eyes,0.5373439,0.1771719,-3.701003,0.792232,-0.3017226,-0.5304072,0.0,0.0,0.0,0.0,0.0,0.0,0.0,-3.406518,-0.6147935,-1.400208,0.5623361,0.1749757,-3.687287,0.1005101,0.7858415,-0.1241271,0.5974474,18.37213,105.6053,0.5826795,0.1185049,0.04900063,-0.9917434,0.4034761,0.0004328646,-0.2953255,0.5662143,-0.5367736,-5.192305,0.5795997,-0.1178263,1.915,-0.2659087,0.009651146,-0.96395,0.3062888,0.9489804,-0.07498948,0.9140458,-0.3151875,-0.2552981,moving,-56.1973,29.63342,16.83913,-3.520862
05/11/2023 13:09:23.807664,726,True,True,True,True,Eyes,0.5394827,0.1768192,-3.700964,0.7930542,-0.3009869,-0.529596,0.0,0.0,0.0,0.0,0.0,0.0,0.0,-3.415683,-0.5985472,-1.388979,0.5740631,0.1732899,-3.687117,0.1010025,0.7836747,-0.1221951,0.6006005,18.23087,105.1792,0.6952655,0.1210102,0.04883411,-0.9914491,0.3792676,0.0004068927,-0.2776059,0.5969533,-0.5340542,-5.197694,0.5796,-0.1151204,1.915,-0.2581553,0.0115253,-0.9660347,0.305087,0.9497337,-0.07019816,0.9166667,-0.3128466,-0.2486951,moving,-56.26528,29.611,16.83913,-3.440199
05/11/2023 13:09:23.827292,727,True,True,True,True,Eyes,0.5419994,0.1763612,-3.700874,0.7939858,-0.3002528,-0.5286161,0.0,0.0,0.0,0.0,0.0,0.0,0.0,-3.422744,-0.5789286,-1.382297,0.5860381,0.1706993,-3.686258,0.1004214,0.7819225,-0.1191799,0.60358,17.91487,104.7947,0.7933236,0.1233205,0.0486743,-0.9911723,0.3565115,0.0003824791,-0.2609496,0.6287485,-0.5297302,-5.203187,0.5796005,-0.1122915,1.915001,-0.2512134,0.01317434,-0.9678421,0.3009127,0.9514233,-0.06515415,0.9199693,-0.3076036,-0.2429747,moving,-56.34531,29.59648,16.83914,-3.355859
05/11/2023 13:09:23.837449,728,True,True,True,True,Eyes,0.5448948,0.1758071,-3.700709,0.7949472,-0.2995744,-0.5275549,0.0,0.0,0.0,0.0,0.0,0.0,0.0,-3.428734,-0.5677173,-1.373189,0.597531,0.1676985,-3.68497,0.1011642,0.7799725,-0.1183079,0.6061451,17.89022,104.4322,0.8662369,0.1254654,0.04851777,-0.9909107,0.3351208,0.0003595304,-0.2452926,0.6619043,-0.522705,-5.209536,0.5796003,-0.1097072,1.915001,-0.2447077,0.01438712,-0.9694901,0.3012341,0.9515381,-0.06191342,0.921616,-0.3071942,-0.2371827,moving,-56.43035,29.59027,16.83913,-3.278794
05/11/2023 13:09:23.857386,729,True,True,True,True,Eyes,0.5481605,0.175189,-3.700469,0.7959723,-0.2988991,-0.5263909,0.0,0.0,0.0,0.0,0.0,0.0,0.0,-3.433125,-0.5580209,-1.366224,0.6093915,0.1648053,-3.683175,0.1031803,0.7781189,-0.1182957,0.6081867,18.03524,104.1364,1.00521,0.1274721,0.04836167,-0.9906622,0.3150136,0.0003379586,-0.230575,0.6957018,-0.5192081,-5.213847,0.5796004,-0.1070816,1.915001,-0.2389258,0.01668137,-0.9708946,0.3044648,0.9507199,-0.05859047,0.9220714,-0.309602,-0.2322304,moving,-56.52262,29.58909,16.83914,-3.200491
05/11/2023 13:09:23.877280,730,True,True,True,True,Eyes,0.5518142,0.1745447,-3.700098,0.7970295,-0.298239,-0.5251642,0.0,0.0,0.0,0.0,0.0,0.0,0.0,-3.437205,-0.5408642,-1.362603,0.6214673,0.1626059,-3.68116,0.1052576,0.7764933,-0.1169946,0.6101568,18.06756,103.8788,1.247247,0.1293644,0.0482043,-0.9904245,0.2961128,0.0003176811,-0.2167405,0.7324594,-0.5121738,-5.218776,0.5796,-0.1043118,1.915,-0.233259,0.02069356,-0.9721944,0.3062336,0.9504662,-0.0532437,0.9229361,-0.3101382,-0.2280419,moving,-56.61904,29.5921,16.83913,-3.117872
05/11/2023 13:09:23.897463,731,True,True,True,True,Eyes,0.5558441,0.173887,-3.699639,0.7982033,-0.2974536,-0.5238252,0.0,0.0,0.0,0.0,0.0,0.0,0.0,-3.442233,-0.5190158,-1.357404,0.6340988,0.1613071,-3.678694,0.1084992,0.7745767,-0.1155167,0.6123028,18.16905,103.604,1.605436,0.1311641,0.04804524,-0.9901955,0.278346,0.0002986202,-0.2037361,0.7719772,-0.4998733,-5.224378,0.5795997,-0.1015855,1.914999,-0.2266265,0.02661959,-0.973618,0.3095443,0.9497676,-0.04608427,0.9234841,-0.3118218,-0.2234824,moving,-56.7249,29.59003,16.83913,-3.03654
05/11/2023 13:09:23.907525,732,True,True,True,True,Eyes,0.5602229,0.1732127,-3.699089,0.7996519,-0.2966423,-0.522073,0.0,0.0,0.0,0.0,0.0,0.0,0.0,-3.447893,-0.4886065,-1.353394,0.6470627,0.1602339,-3.676141,0.1109368,0.7727177,-0.112228,0.6148213,18.05041,103.3044,2.015887,0.1328907,0.04788432,-0.9899729,0.2616452,0.000280703,-0.1915119,0.8103653,-0.4996012,-5.225182,0.5795997,-0.09895015,1.915,-0.2193758,0.03344538,-0.975067,0.3094459,0.9501958,-0.03702852,0.9252661,-0.3098537,-0.2187994,moving,-56.86047,29.60527,16.83913,-2.957906
05/11/2023 13:09:23.927328,733,True,True,True,True,Eyes,0.5649426,0.1725411,-3.698436,0.8011182,-0.2959453,-0.5202172,0.0,0.0,0.0,0.0,0.0,0.0,0.0,-3.453209,-0.4598198,-1.347829,0.659766,0.1590475,-3.673164,0.1138198,0.7707102,-0.1094918,0.6173027,18.01677,102.9986,2.426695,0.1345616,0.04772133,-0.9897551,0.2459465,0.0002638608,-0.1800212,0.8505911,-0.4963878,-5.226074,0.5795997,-0.09623015,1.915,-0.2119652,0.04026502,-0.9764476,0.3106232,0.9501132,-0.02825031,0.9265983,-0.3092953,-0.2138983,moving,-57.00176,29.63502,16.83912,-2.876735
05/11/2023 13:09:23.937592,734,True,True,True,True,Eyes,0.5700291,0.1719253,-3.697584,0.8052322,-0.2953718,-0.5141563,0.0,0.0,0.0,0.0,0.0,0.0,0.0,-3.457327,-0.4429454,-1.340777,0.6725942,0.1584103,-3.670083,0.1174731,0.7685845,-0.1089275,0.6193648,18.23755,102.7149,2.754607,0.1361908,0.04755666,-0.9895402,0.2311897,0.0002480292,-0.1692199,0.8915205,-0.4987908,-5.223857,0.5796002,-0.09365311,1.915001,-0.2051747,0.04564434,-0.9776605,0.3155078,0.9486697,-0.02192254,0.9264762,-0.3129574,-0.2090442,moving,-57.44098,29.87644,16.83913,-2.79982
05/11/2023 13:09:23.957415,735,True,True,True,True,Eyes,0.57545,0.1713821,-3.69662,0.80931,-0.2946658,-0.5081235,0.0,0.0,0.0,0.0,0.0,0.0,0.0,-3.460473,-0.4270867,-1.334649,0.6858032,0.1590511,-3.666462,0.118915,0.7667161,-0.1070676,0.621725,18.18257,102.3985,2.969338,0.1377935,0.0473921,-0.9893262,0.2173183,0.0002331474,-0.1590667,0.9359269,-0.4951517,-5.222195,0.5796009,-0.09099087,1.915002,-0.1986342,0.04921492,-0.9788371,0.3154814,0.9487915,-0.01631606,0.9279093,-0.3120458,-0.2039889,moving,-57.87744,30.10987,16.83914,-2.72035
05/11/2023 13:09:23.977464,736,True,True,True,True,Eyes,0.5812205,0.1709663,-3.695484,0.8133419,-0.2938097,-0.5021462,0.0,0.0,0.0,0.0,0.0,0.0,0.0,-3.463699,-0.410513,-1.328607,0.6991681,0.1601966,-3.662845,0.1192654,0.7649248,-0.1044157,0.6243103,17.97835,102.0559,3.138857,0.1393811,0.04722967,-0.9891115,0.2042792,0.0002191586,-0.1495227,0.9815663,-0.4931446,-5.218012,0.5796008,-0.08828476,1.915001,-0.192025,0.05208242,-0.9800071,0.3128337,0.9497463,-0.01082317,0.9301944,-0.3086575,-0.1986681,moving,-58.30939,30.33224,16.83915,-2.639563
05/11/2023 13:09:23.993149,737,True,True,True,True,Eyes,0.587303,0.1706854,-3.694265,0.8173869,-0.2927918,-0.4961367,0.0,0.0,0.0,0.0,0.0,0.0,0.0,-3.468578,-0.3891999,-1.319998,0.7128752,0.1628717,-3.65926,0.1203015,0.7627923,-0.1012513,0.6272349,17.78115,101.6723,3.402414,0.1409651,0.04707268,-0.9888945,0.1920225,0.000206009,-0.1405514,1.026991,-0.4937401,-5.212253,0.5796006,-0.08553225,1.915001,-0.1842077,0.05651337,-0.9812613,0.3105467,0.9505515,-0.003552864,0.9325385,-0.305382,-0.1926489,moving,-58.74313,30.5467,16.83914,-2.557378
05/11/2023 13:09:24.016986,738,True,True,True,True,Eyes,0.5936658,0.170523,-3.692927,0.8213477,-0.2917513,-0.4901727,0.0,0.0,0.0,0.0,0.0,0.0,0.0,-3.475517,-0.3618151,-1.308491,0.7263554,0.1657513,-3.65612,0.1215452,0.7603277,-0.09733295,0.6305987,17.53585,101.2328,3.732453,0.1425544,0.04692421,-0.9886737,0.1805011,0.0001936485,-0.1321183,1.072764,-0.4944025,-5.204593,0.5796005,-0.08307752,1.915,-0.175144,0.06207236,-0.9825841,0.3075845,0.9515061,0.00528266,0.9352626,-0.3013024,-0.185743,moving,-59.17164,30.76115,16.83914,-2.484077
05/11/2023 13:09:24.027318,739,True,True,True,True,Eyes,0.600309,0.1705482,-3.691514,0.8251867,-0.2909211,-0.4841816,0.0,0.0,0.0,0.0,0.0,0.0,0.0,-3.481083,-0.3449155,-1.296933,0.7393677,0.1679959,-3.652951,0.12195,0.7580309,-0.09464113,0.6336882,17.33982,100.8061,3.900814,0.1441562,0.04678663,-0.9884479,0.1696711,0.0001820296,-0.1241912,1.120409,-0.4899972,-5.197455,0.5795997,-0.08034399,1.914999,-0.1671355,0.0649378,-0.9837933,0.3048296,0.9523425,0.01107471,0.9376273,-0.2980383,-0.1789652,moving,-59.59755,30.9996,16.83913,-2.402441
05/11/2023 13:09:24.046936,740,True,True,True,True,Eyes,0.7735721,0.1748984,-3.654687,0.9068571,-0.2608912,-0.3309774,0.0,0.0,0.0,0.0,0.0,0.0,0.0,-3.486391,-0.3497055,-1.280323,0.7523003,0.1727087,-3.649748,0.1250635,0.7552682,-0.09647227,0.6360993,17.74797,100.4131,3.984594,0.1457769,0.04666389,-0.988216,0.1594908,0.0001711078,-0.1167397,1.167204,-0.4931893,-5.18534,0.5795993,-0.0776695,1.914999,-0.1594737,0.06618106,-0.9849813,0.3116448,0.9501044,0.01338073,0.9367207,-0.3048304,-0.1721417,moving,-69.94934,38.24677,16.83912,-2.322558
05/11/2023 13:09:24.057441,741,True,True,True,True,Eyes,0.7740467,0.1750272,-3.654566,0.9069637,-0.260778,-0.3307744,0.0,0.0,0.0,0.0,0.0,0.0,0.0,-3.489265,-0.3415438,-1.275768,0.7662398,0.1767435,-3.647033,0.1223285,0.7538763,-0.09290294,0.6388077,17.23932,100.0451,3.947338,0.1541134,0.04671095,-0.986948,0.6697106,0.01321131,0.0007473603,1.218484,-0.4723933,-5.180696,0.5795993,-0.07503334,1.914999,-0.1539209,0.06574693,-0.9858932,0.3031354,0.9528096,0.01621414,0.9404345,-0.2963635,-0.1665875,moving,-69.96282,38.25176,16.83912,-2.243811
05/11/2023 13:09:24.077273,742,True,True,True,True,Eyes,0.7750048,0.1752678,-3.65439,0.907065,-0.2607639,-0.3305076,0.0,0.0,0.0,0.0,0.0,0.0,0.0,-3.491563,-0.3429712,-1.268188,0.7780567,0.1799458,-3.644062,0.1209982,0.7523351,-0.09180706,0.6410327,17.05365,99.71314,3.860057,0.1609553,0.04674555,-0.9858537,0.6295279,0.01241863,0.0007025187,1.261826,-0.4809923,-5.165041,0.5796001,-0.07222819,1.915001,-0.1488732,0.06435976,-0.9867596,0.299765,0.9538618,0.01698828,0.9423257,-0.293267,-0.1612972,moving,-69.97976,38.27274,16.83913,-2.160004
05/11/2023 13:09:24.097474,743,True,True,True,True,Eyes,0.7764014,0.1755287,-3.654129,0.9073579,-0.2603008,-0.3300685,0.0,0.0,0.0,0.0,0.0,0.0,0.0,-3.494825,-0.341998,-1.260293,0.7907391,0.1827755,-3.641487,0.1209486,0.7505419,-0.09110132,0.6432408,16.99863,99.38136,3.858568,0.1665946,0.04677455,-0.9849151,0.5917562,0.01167351,0.0006603675,1.307465,-0.4749214,-5.154905,0.5795994,-0.06970435,1.915,-0.1432253,0.06435386,-0.9875956,0.2987542,0.9541439,0.01884745,0.9435212,-0.2923489,-0.1558835,moving,-70.01019,38.26025,16.83912,-2.084597
05/11/2023 13:09:24.107907,744,True,True,True,True,Eyes,0.7781847,0.1758121,-3.653776,0.9075602,-0.260153,-0.3296284,0.0,0.0,0.0,0.0,0.0,0.0,0.0,-3.497432,-0.3228475,-1.25913,0.8025901,0.1834176,-3.639214,0.1177325,0.7494773,-0.08610463,0.6457623,16.32714,99.06216,3.899818,0.1712687,0.04680107,-0.9841118,0.5562509,0.0109731,0.0006207455,1.350032,-0.4601544,-5.146739,0.5796005,-0.0669452,1.915001,-0.1382602,0.06526935,-0.9882429,0.2876818,0.9574502,0.02298746,0.9476936,-0.2811213,-0.1511542,moving,-70.03883,38.2816,16.83913,-2.002148
05/11/2023 13:09:24.131735,745,True,True,True,True,Eyes,0.7803811,0.1761256,-3.653356,0.9078637,-0.2598883,-0.3290008,0.0,0.0,0.0,0.0,0.0,0.0,0.0,-3.501339,-0.3201469,-1.250298,0.8135629,0.1843323,-3.637203,0.1193227,0.7475546,-0.0863921,0.6476579,16.48272,98.76689,3.976372,0.1751707,0.04682747,-0.9834235,0.5228758,0.01031472,0.0005835007,1.37865,-0.4910092,-5.12734,0.5796007,-0.06433415,1.915002,-0.1326027,0.06649538,-0.9889362,0.2903055,0.956597,0.02539495,0.9477022,-0.2837262,-0.1461514,moving,-70.07999,38.30634,16.83914,-1.924118
05/11/2023 13:09:24.147379,746,True,True,True,True,Eyes,0.7829492,0.1764972,-3.652895,0.9081599,-0.2596587,-0.3283641,0.0,0.0,0.0,0.0,0.0,0.0,0.0,-3.505484,-0.3089804,-1.243696,0.8256183,0.1853331,-3.635199,0.1192403,0.7457868,-0.08439666,0.6499702,16.31327,98.43804,4.071635,0.1785297,0.04685652,-0.9828179,0.4915033,0.009695833,0.0005484907,1.413393,-0.4942169,-5.115339,0.5795999,-0.06170774,1.914999,-0.1266413,0.06814504,-0.9896052,0.2875663,0.9573179,0.02912146,0.9493513,-0.2808891,-0.1408322,moving,-70.12149,38.3357,16.83913,-1.845625
05/11/2023 13:09:24.157018,747,True,True,True,True,Eyes,0.7858958,0.1768982,-3.652404,0.9085618,-0.2593212,-0.3275181,0.0,0.0,0.0,0.0,0.0,0.0,0.0,-3.511172,-0.3004583,-1.23324,0.8370775,0.1870915,-3.633701,0.1181938,0.7438076,-0.08226613,0.6526966,16.06154,98.04205,4.083901,0.1816196,0.0468921,-0.9822499,0.4620131,0.009114083,0.0005155812,1.44565,-0.496354,-5.103104,0.5796002,-0.05900493,1.915,-0.1200349,0.06843723,-0.9904081,0.2832165,0.9585251,0.03190902,0.9515147,-0.2766697,-0.1344391,moving,-70.1768,38.37136,16.83914,-1.764838
05/11/2023 13:09:24.177132,748,True,True,True,True,Eyes,0.7891974,0.1772682,-3.651901,0.9090058,-0.2588036,-0.3266943,0.0,0.0,0.0,0.0,0.0,0.0,0.0,-3.515676,-0.3057212,-1.224012,0.8490548,0.1881925,-3.632538,0.1159409,0.7420825,-0.08161896,0.6551411,15.84592,97.66169,3.882146,0.184477,0.04693435,-0.9817153,0.4342923,0.008567238,0.0004846464,1.480032,-0.4911511,-5.093163,0.5796001,-0.05629075,1.915,-0.1146959,0.06513159,-0.9912633,0.2790194,0.9597921,0.03077936,0.9534113,-0.2730513,-0.1282572,moving,-70.2317,38.38587,16.83914,-1.683704
05/11/2023 13:09:24.197281,749,True,True,True,True,Eyes,0.7928298,0.1776743,-3.651365,0.9094763,-0.2583435,-0.3257477,0.0,0.0,0.0,0.0,0.0,0.0,0.0,-3.518205,-0.3001869,-1.224082,0.8608316,0.1877833,-3.631798,0.1115199,0.7412564,-0.0781877,0.657259,15.219,97.37104,3.716747,0.1871348,0.04698174,-0.9812099,0.4082348,0.008053204,0.0004555676,1.518782,-0.4645677,-5.088299,0.5796001,-0.05372801,1.915001,-0.1111483,0.0625506,-0.9918336,0.2681088,0.9628999,0.03068071,0.9569556,-0.2625092,-0.1237951,moving,-70.29397,38.41719,16.83913,-1.607091
05/11/2023 13:09:24.207772,750,True,True,True,True,Eyes,0.7968267,0.1781174,-3.65083,0.9099731,-0.2577861,-0.3248005,0.0,0.0,0.0,0.0,0.0,0.0,0.0,-3.521037,-0.3023072,-1.219901,0.8723694,0.1890655,-3.630492,0.1118877,0.7398245,-0.07837146,0.6587859,15.27085,97.12878,3.702422,0.1896218,0.04703472,-0.9807298,0.3837407,0.007570012,0.0004282335,1.555147,-0.4415599,-5.082747,0.5796003,-0.05097374,1.915001,-0.1069646,0.06229449,-0.9923095,0.2688145,0.9626781,0.03145784,0.9572343,-0.2633823,-0.1197182,moving,-70.35678,38.43816,16.83913,-1.524746
05/11/2023 13:09:24.227248,751,True,True,True,True,Eyes,0.8011222,0.1785063,-3.650305,0.9106271,-0.2568616,-0.323698,0.0,0.0,0.0,0.0,0.0,0.0,0.0,-3.526035,-0.2838339,-1.217458,0.8850684,0.1903303,-3.629892,0.109479,0.7384319,-0.07389116,0.6612661,14.7094,96.80066,3.7917,0.1919642,0.04709366,-0.9802711,0.3607163,0.007115811,0.0004025395,1.59331,-0.4140863,-5.076867,0.5796,-0.04826206,1.915001,-0.101483,0.06396203,-0.992779,0.2594089,0.9651089,0.03566229,0.9604209,-0.2539166,-0.1145344,moving,-70.43137,38.43279,16.83912,-1.443669
05/11/2023 13:09:24.247394,752,True,True,True,True,Eyes,0.805702,0.1788963,-3.649797,0.9110416,-0.2566973,-0.3226605,0.0,0.0,0.0,0.0,0.0,0.0,0.0,-3.530968,-0.2654877,-1.214688,0.896471,0.1893235,-3.629625,0.1066112,0.7371125,-0.06956784,0.6636714,14.12678,96.4775,3.833095,0.1941845,0.04715643,-0.9798307,0.3390733,0.006688863,0.0003783871,1.629506,-0.3990709,-5.066029,0.5796009,-0.04566868,1.915,-0.09634876,0.06482855,-0.9932343,0.2495093,0.9675888,0.03895099,0.9635674,-0.2440683,-0.1094013,moving,-70.49755,38.50452,16.83916,-1.366123
05/11/2023 13:09:24.257780,753,True,True,True,True,Eyes,0.8105984,0.1792562,-3.649306,0.9115285,-0.2563893,-0.3215283,0.0,0.0,0.0,0.0,0.0,0.0,0.0,-3.536886,-0.2752186,-1.204321,0.9078466,0.1899031,-3.629799,0.1111235,0.7348795,-0.07340415,0.6649932,14.81382,96.2228,3.896648,0.1963018,0.04722261,-0.9794055,0.3187289,0.006287531,0.0003556839,1.664212,-0.3951852,-5.050619,0.5795994,-0.04300013,1.914999,-0.09087191,0.06569816,-0.9936933,0.2609512,0.9645268,0.03990626,0.9610656,-0.2556791,-0.1047923,moving,-70.57046,38.56915,16.83912,-1.286325
05/11/2023 13:09:24.277086,754,True,True,True,True,Eyes,0.8157151,0.1795768,-3.648812,0.9118501,-0.2566766,-0.3203852,0.0,0.0,0.0,0.0,0.0,0.0,0.0,-3.540357,-0.2654032,-1.205429,0.9203038,0.1894584,-3.629707,0.1104561,0.7337694,-0.07137892,0.6665487,14.5959,96.00481,3.96666,0.1983343,0.04729095,-0.9789926,0.2996051,0.005910279,0.0003343429,1.698423,-0.3940619,-5.033924,0.5796008,-0.04014984,1.915,-0.08702458,0.06694349,-0.9939544,0.2572536,0.965409,0.04249739,0.9624175,-0.252,-0.1012358,moving,-70.64071,38.69997,16.83915,-1.201086
05/11/2023 13:09:24.297746,755,True,True,True,True,Eyes,0.8210917,0.1798662,-3.648347,0.9121299,-0.257364,-0.3190342,0.0,0.0,0.0,0.0,0.0,0.0,0.0,-3.546598,-0.2715778,-1.193871,0.9306374,0.1890307,-3.629823,0.1132598,0.731572,-0.07394172,0.6682122,15.04339,95.70802,3.972163,0.2002965,0.04736014,-0.9785897,0.2816288,0.005555662,0.0003142823,1.729102,-0.4059087,-5.01296,0.5796005,-0.03762712,1.915,-0.08132959,0.06689785,-0.9944396,0.2645328,0.9634097,0.04317576,0.9609412,-0.2595505,-0.0960504,moving,-70.72177,38.89302,16.83914,-1.125638
05/11/2023 13:09:24.307404,756,True,True,True,True,Eyes,0.8267119,0.1801564,-3.647962,0.9123871,-0.2582273,-0.3175979,0.0,0.0,0.0,0.0,0.0,0.0,0.0,-3.554689,-0.2845562,-1.176714,0.942222,0.1887149,-3.630158,0.1165877,0.7287461,-0.07789378,0.6702754,15.65363,95.32285,3.900738,0.2022015,0.04742914,-0.9781945,0.2647311,0.005222322,0.0002954254,1.757191,-0.4254928,-4.990031,0.5795995,-0.03495365,1.915,-0.0742764,0.06550501,-0.995084,0.2743461,0.9606798,0.04276213,0.9587583,-0.2698212,-0.08932687,moving,-70.80722,39.11331,16.83912,-1.045679
05/11/2023 13:09:24.327286,757,True,True,True,True,Eyes,0.8325668,0.1804298,-3.647626,0.9126425,-0.2593075,-0.31598,0.0,0.0,0.0,0.0,0.0,0.0,0.0,-3.562796,-0.2894405,-1.162682,0.9537206,0.1890476,-3.630949,0.1164247,0.7263898,-0.07858033,0.6727768,15.7128,94.91006,3.776618,0.2040607,0.04749783,-0.977805,0.2488472,0.004908983,0.0002776998,1.785411,-0.43827,-4.969042,0.5796001,-0.03220606,1.915,-0.06763395,0.06340536,-0.9956936,0.2748734,0.9605409,0.04249573,0.9590989,-0.2708155,-0.08239356,moving,-70.90285,39.37385,16.83914,-0.9634975
05/11/2023 13:09:24.337368,758,True,True,True,True,Eyes,0.83868,0.1807009,-3.647358,0.9129077,-0.260364,-0.3143408,0.0,0.0,0.0,0.0,0.0,0.0,0.0,-3.569998,-0.3046929,-1.148882,0.9651763,0.1889945,-3.631854,0.1174313,0.7240698,-0.08150655,0.6747514,16.05183,94.54391,3.583344,0.2058843,0.04756565,-0.9774193,0.2339164,0.004614444,0.0002610378,1.810609,-0.4528221,-4.948576,0.5795995,-0.02964923,1.914999,-0.06184095,0.06006364,-0.9962773,0.2800503,0.9591331,0.04044102,0.9579917,-0.2765068,-0.07613453,moving,-70.99992,39.63447,16.83912,-0.8870186
05/11/2023 13:09:24.357071,759,True,True,True,True,Eyes,0.8450181,0.1809402,-3.647136,0.9132409,-0.2613299,-0.3125666,0.0,0.0,0.0,0.0,0.0,0.0,0.0,-3.575528,-0.3166879,-1.142323,0.9774866,0.189264,-3.632946,0.1156546,0.7225173,-0.08220302,0.6766354,15.97979,94.22427,3.332372,0.207682,0.04763248,-0.9770357,0.2198814,0.004337577,0.0002453756,1.834738,-0.4703687,-4.926824,0.5796,-0.02684,1.915,-0.05757689,0.05588194,-0.996776,0.2783678,0.9597334,0.03772583,0.9587473,-0.2752982,-0.07081427,moving,-71.10593,39.89824,16.83913,-0.8029858
05/11/2023 13:09:24.377179,760,True,True,True,True,Eyes,0.851577,0.1811418,-3.646948,0.9135941,-0.2622207,-0.3107831,0.0,0.0,0.0,0.0,0.0,0.0,0.0,-3.58099,-0.3236247,-1.136178,0.9891828,0.1887466,-3.63387,0.1139575,0.7209896,-0.08230557,0.678538,15.86262,93.91189,3.136381,0.2094621,0.04769744,-0.9766525,0.2066885,0.004077322,0.000230653,1.860102,-0.4743884,-4.910459,0.579601,-0.02411573,1.915002,-0.0532001,0.05262937,-0.997196,0.2760191,0.960479,0.03596602,0.9596788,-0.2733318,-0.06562431,moving,-71.21291,40.15573,16.83915,-0.721491
05/11/2023 13:09:24.393491,761,True,True,True,True,Eyes,0.8583668,0.181309,-3.646826,0.9140319,-0.2629967,-0.308834,0.0,0.0,0.0,0.0,0.0,0.0,0.0,-3.588881,-0.3235881,-1.125829,1.000976,0.1881569,-3.635232,0.1141142,0.7188609,-0.08247595,0.6807457,15.89903,93.5509,3.085927,0.2112311,0.04775958,-0.9762683,0.1942872,0.003832683,0.0002168138,1.884703,-0.4732726,-4.896677,0.5796007,-0.0214631,1.915001,-0.04712662,0.05177421,-0.9975464,0.2763548,0.9603513,0.03678806,0.9598997,-0.273943,-0.05956617,moving,-71.33086,40.41703,16.83914,-0.6421371
05/11/2023 13:09:24.407543,762,True,True,True,True,Eyes,0.8653698,0.1814255,-3.646795,0.9144964,-0.2637181,-0.3068372,0.0,0.0,0.0,0.0,0.0,0.0,0.0,-3.596691,-0.3227241,-1.116918,1.013256,0.1874885,-3.636757,0.1129282,0.7168946,-0.08176671,0.6830986,15.75464,93.17953,2.990214,0.2129954,0.0478181,-0.9758821,0.18263,0.003602722,0.000203805,1.907853,-0.4749069,-4.882798,0.5796005,-0.01874396,1.915001,-0.04124715,0.05020572,-0.9978869,0.2736246,0.9611229,0.03704593,0.9609519,-0.2715183,-0.0533811,moving,-71.45206,40.67815,16.83913,-0.560791
05/11/2023 13:09:24.427201,763,True,True,True,True,Eyes,0.8725857,0.1814964,-3.646839,0.9149612,-0.2644959,-0.3047754,0.0,0.0,0.0,0.0,0.0,0.0,0.0,-3.603478,-0.3336085,-1.109395,1.025357,0.1864461,-3.638817,0.1112794,0.7152065,-0.08258755,0.6850372,15.6997,92.84644,2.740236,0.2147604,0.04787185,-0.9754926,0.1716722,0.003386559,0.0001915767,1.932903,-0.469792,-4.870326,0.5796006,-0.01610032,1.915001,-0.03668199,0.04602433,-0.9982666,0.2723265,0.9615924,0.03432669,0.9615055,-0.2705953,-0.04780672,moving,-71.57698,40.95272,16.83914,-0.4817012
05/11/2023 13:09:24.437314,764,True,True,True,True,Eyes,0.8800109,0.1815092,-3.646974,0.9154267,-0.2651642,-0.30279,0.0,0.0,0.0,0.0,0.0,0.0,0.0,-3.607641,-0.3512933,-1.107797,1.037667,0.1854638,-3.640678,0.1100521,0.7141051,-0.08450097,0.6861502,15.76603,92.62733,2.454619,0.2165308,0.04791991,-0.9750988,0.1613718,0.003183365,0.0001800821,1.957309,-0.4639371,-4.857747,0.5796003,-0.01357995,1.915001,-0.03417314,0.04121687,-0.9985658,0.2731383,0.9614962,0.03033942,0.9613677,-0.2717097,-0.04411529,moving,-71.69765,41.20981,16.83913,-0.4062979
05/11/2023 13:09:24.457769,765,True,True,True,True,Eyes,0.8876281,0.1814558,-3.647175,0.9159092,-0.2658035,-0.3007638,0.0,0.0,0.0,0.0,0.0,0.0,0.0,-3.611557,-0.3568154,-1.111387,1.050108,0.1840955,-3.642694,0.1088795,0.7133587,-0.08458009,0.6871032,15.68181,92.46873,2.328103,0.2183102,0.0479611,-0.9746999,0.1516895,0.002992363,0.0001692772,1.983621,-0.4547868,-4.844735,0.5796005,-0.01054597,1.915001,-0.03206901,0.03910985,-0.9987202,0.2715708,0.9619829,0.02895107,0.9618841,-0.2702948,-0.04147087,moving,-71.82099,41.46901,16.83914,-0.3155264
05/11/2023 13:09:24.477695,766,True,True,True,True,Eyes,0.895444,0.1813507,-3.647475,0.9163949,-0.2663848,-0.2987633,0.0,0.0,0.0,0.0,0.0,0.0,0.0,-3.61641,-0.3578945,-1.112524,1.06231,0.182456,-3.644507,0.1086341,0.7123016,-0.08459634,0.6882358,15.66712,92.28268,2.280658,0.2201022,0.04799422,-0.9742952,0.1425882,0.002812821,0.0001591206,2.011457,-0.4435894,-4.829962,0.5796006,-0.008279026,1.915002,-0.02906017,0.03831602,-0.998843,0.2712049,0.9620842,0.02901553,0.9620828,-0.270048,-0.03834982,moving,-71.94299,41.72099,16.83913,-0.2477022
05/11/2023 13:09:24.497504,767,True,True,True,True,Eyes,0.903463,0.1811775,-3.647867,0.9169219,-0.2668573,-0.2967177,0.0,0.0,0.0,0.0,0.0,0.0,0.0,-3.623156,-0.3582233,-1.110054,1.074866,0.1811148,-3.64687,0.1084714,0.7108569,-0.08457468,0.6897564,15.65704,92.03347,2.234539,0.221909,0.04801849,-0.973884,0.1340329,0.002644052,0.0001495733,2.039309,-0.4359277,-4.812969,0.5796002,-0.005647331,1.915001,-0.02494055,0.03754343,-0.9989838,0.2708871,0.9621621,0.0293967,0.9622881,-0.2698787,-0.03416685,moving,-72.06832,41.96709,16.83913,-0.1689645
05/11/2023 13:09:24.517587,768,True,True,True,True,Eyes,1.108797,0.1751354,-3.660802,0.9292527,-0.2755928,-0.2460449,0.0,0.0,0.0,0.0,0.0,0.0,0.0,-3.629141,-0.3551167,-1.112384,1.087728,0.1792907,-3.649504,0.1076642,0.7098364,-0.08366995,0.6910428,15.52062,91.83885,2.213147,0.2237341,0.04803281,-0.9734656,0.1259909,0.002485409,0.0001405989,2.066356,-0.4302001,-4.795256,0.5796001,-0.002869621,1.915,-0.02173647,0.03720889,-0.999071,0.268487,0.9628155,0.03001721,0.963038,-0.2675851,-0.03091832,moving,-75.1697,48.24202,16.83913,-0.08585745
05/11/2023 13:09:24.527146,769,True,True,True,True,Eyes,1.109325,0.1750414,-3.660909,0.9293033,-0.275514,-0.2459419,0.0,0.0,0.0,0.0,0.0,0.0,0.0,-3.634832,-0.3533469,-1.116181,1.100591,0.1773714,-3.65239,0.1073767,0.7089396,-0.08322711,0.6920608,15.46373,91.67965,2.203128,0.2336056,0.0476919,-0.9711609,0.7344344,-0.01578982,-0.03867261,2.091405,-0.4276485,-4.778401,0.5796006,4.209578e-05,1.915001,-0.0190441,0.03705074,-0.9991319,0.2674436,0.963087,0.03061643,0.9633853,-0.2666284,-0.02825009,moving,-75.17641,48.24581,16.83914,0.001259483
05/11/2023 13:09:24.537397,770,True,True,True,True,Eyes,1.110357,0.1748787,-3.661147,0.929413,-0.2753136,-0.2457516,0.0,0.0,0.0,0.0,0.0,0.0,0.0,-3.64037,-0.349465,-1.120875,1.113756,0.1750023,-3.655093,0.1067505,0.7080919,-0.08233998,0.6931309,15.34276,91.51994,2.200829,0.241644,0.0474101,-0.9692059,0.6903683,-0.01484243,-0.03635225,2.116145,-0.4218674,-4.763311,0.5796002,0.002392493,1.915001,-0.01634795,0.03703362,-0.9991804,0.2653232,0.9636489,0.03137567,0.964021,-0.2645927,-0.0255795,moving,-75.18905,48.24713,16.83913,0.07158203
05/11/2023 13:09:24.557067,771,True,True,True,True,Eyes,1.11189,0.174653,-3.661499,0.9295934,-0.2750176,-0.2454006,0.0,0.0,0.0,0.0,0.0,0.0,0.0,-3.64719,-0.3441918,-1.122923,1.126868,0.173158,-3.658087,0.1066275,0.7069647,-0.08149964,0.6943986,15.26707,91.32675,2.232345,0.2482089,0.04717504,-0.9675569,0.6489462,-0.01395188,-0.03417112,2.138517,-0.4195079,-4.748991,0.5795991,0.00508102,1.915,-0.0128825,0.03757727,-0.9992108,0.2639501,0.9639768,0.03284921,0.9644504,-0.2633187,-0.02233693,moving,-75.21201,48.25718,16.8391,0.152021
05/11/2023 13:09:24.577837,772,True,True,True,True,Eyes,1.113909,0.1743701,-3.662033,0.9298681,-0.2746162,-0.2448087,0.0,0.0,0.0,0.0,0.0,0.0,0.0,-3.655791,-0.3337439,-1.121687,1.140368,0.1713908,-3.661224,0.1064238,0.705444,-0.07991613,0.6961583,15.12515,91.06569,2.308429,0.2535918,0.04697625,-0.9661697,0.6100094,-0.01311477,-0.03212085,2.161015,-0.4155726,-4.735476,0.5795994,0.00784193,1.915,-0.008075492,0.03888346,-0.9992111,0.2614205,0.9645748,0.03542285,0.9651912,-0.2609282,-0.01795432,moving,-75.2503,48.28435,16.83912,0.2346251
05/11/2023 13:09:24.597087,773,True,True,True,True,Eyes,1.1164,0.1740289,-3.662691,0.9302031,-0.2742135,-0.2439858,0.0,0.0,0.0,0.0,0.0,0.0,0.0,-3.666251,-0.3242862,-1.11557,1.153971,0.1696119,-3.664783,0.1063668,0.7034485,-0.07866126,0.6983258,15.02412,90.73013,2.360847,0.2580298,0.04680489,-0.9650023,0.5734088,-0.01232788,-0.0301936,2.183054,-0.4091676,-4.724018,0.5796002,0.01049121,1.915,-0.002054515,0.0397848,-0.9992061,0.2595095,0.964997,0.03788911,0.9657383,-0.2592257,-0.01230715,moving,-75.30279,48.3384,16.83913,0.3138881
05/11/2023 13:09:24.607686,774,True,True,True,True,Eyes,1.119334,0.1736301,-3.663511,0.9305753,-0.2738929,-0.2429243,0.0,0.0,0.0,0.0,0.0,0.0,0.0,-3.677523,-0.3207892,-1.105591,1.16773,0.1678723,-3.668465,0.1062015,0.7011323,-0.07828952,0.7007179,14.98803,90.3399,2.326019,0.2617158,0.04665351,-0.9640164,0.5390043,-0.01158821,-0.02838198,2.206149,-0.3981635,-4.713377,0.5796005,0.01320376,1.915001,0.004568629,0.03920482,-0.9992207,0.2586403,0.965184,0.03905193,0.9659628,-0.2586172,-0.005730349,moving,-75.36958,48.42916,16.83914,0.3950431
05/11/2023 13:09:24.627578,775,True,True,True,True,Eyes,1.122699,0.1731961,-3.66446,0.9309538,-0.2737511,-0.2416308,0.0,0.0,0.0,0.0,0.0,0.0,0.0,-3.689459,-0.3221475,-1.093141,1.181218,0.1660631,-3.672599,0.1065207,0.6986252,-0.07894351,0.7030961,15.07555,89.93163,2.245115,0.2648065,0.0465158,-0.9631787,0.506664,-0.01089292,-0.02667906,2.225386,-0.3971004,-4.702076,0.5796006,0.01591037,1.915,0.0113814,0.0378264,-0.9992196,0.2598459,0.9648424,0.03948477,0.9655831,-0.2600925,0.00115222,moving,-75.44984,48.56625,16.83915,0.4760188
05/11/2023 13:09:24.637375,776,True,True,True,True,Eyes,1.126484,0.1727534,-3.665521,0.9313548,-0.2737245,-0.2401108,0.0,0.0,0.0,0.0,0.0,0.0,0.0,-3.701741,-0.3264577,-1.078684,1.194865,0.164831,-3.676703,0.107761,0.6959004,-0.08046024,0.7054335,15.30879,89.51167,2.166561,0.2676,0.04638039,-0.9624129,0.4762642,-0.01023934,-0.02507832,2.242416,-0.4004944,-4.69173,0.5796,0.01884846,1.915,0.01849741,0.03646321,-0.9991638,0.2635006,0.9638274,0.04005184,0.9644819,-0.2640211,0.008220249,moving,-75.54349,48.7428,16.83913,0.5639177
05/11/2023 13:09:24.657007,777,True,True,True,True,Eyes,1.130671,0.1723237,-3.666721,0.9318119,-0.2737382,-0.2383151,0.0,0.0,0.0,0.0,0.0,0.0,0.0,-3.715417,-0.3284564,-1.061743,1.208649,0.1642458,-3.681262,0.1086049,0.692938,-0.0813904,0.7081086,15.46235,89.0438,2.095778,0.2701951,0.04624429,-0.9616941,0.4476883,-0.00962498,-0.02357362,2.260174,-0.3992,-4.682471,0.5795994,0.02116312,1.915,0.02642519,0.03524645,-0.9990293,0.2657793,0.9631612,0.04101114,0.9636717,-0.2666051,0.01608394,moving,-75.65387,48.95734,16.83912,0.6331636
05/11/2023 13:09:24.677947,778,True,True,True,True,Eyes,1.135244,0.1718874,-3.668079,0.9323795,-0.2735494,-0.2363031,0.0,0.0,0.0,0.0,0.0,0.0,0.0,-3.729586,-0.3318098,-1.042641,1.222417,0.1641511,-3.685887,0.1083107,0.6898561,-0.08188885,0.7110989,15.48715,88.52924,1.960925,0.2726205,0.04610766,-0.9610159,0.420827,-0.009047481,-0.0221592,2.278584,-0.3978021,-4.672068,0.5795998,0.02379629,1.915,0.03478568,0.03297547,-0.9988506,0.2658998,0.963126,0.04105623,0.9633729,-0.2670223,0.02473487,moving,-75.77835,49.17821,16.83912,0.7119355
05/11/2023 13:09:24.698006,779,True,True,True,True,Eyes,1.14018,0.1714976,-3.669568,0.9329752,-0.273478,-0.2340237,0.0,0.0,0.0,0.0,0.0,0.0,0.0,-3.743545,-0.3360764,-1.024717,1.23613,0.1635333,-3.690848,0.1058024,0.6870115,-0.08139633,0.7142801,15.24728,88.0017,1.728123,0.2749016,0.04597011,-0.9603724,0.3955774,-0.008504632,-0.02082965,2.299988,-0.3886017,-4.661271,0.5795993,0.02646768,1.915,0.04277987,0.02909536,-0.9986609,0.2616544,0.964361,0.03930465,0.9642132,-0.2629855,0.03364229,moving,-75.91869,49.44535,16.83911,0.7918484
05/11/2023 13:09:24.707921,780,True,True,True,True,Eyes,1.145505,0.1712132,-3.671221,0.9336553,-0.2731309,-0.2317052,0.0,0.0,0.0,0.0,0.0,0.0,0.0,-3.757344,-0.3493004,-1.003207,1.249698,0.1643174,-3.695581,0.1053107,0.6838402,-0.08312375,0.7171908,15.35165,87.47137,1.473689,0.2770601,0.04583275,-0.9597586,0.3718427,-0.007994354,-0.01957987,2.32044,-0.3821011,-4.649555,0.5795994,0.02927489,1.915001,0.05090604,0.02480024,-0.9983955,0.2632626,0.9640002,0.03736908,0.9633803,-0.2647426,0.04254444,moving,-76.06248,49.69105,16.83911,0.8758205
05/11/2023 13:09:24.727334,781,True,True,True,True,Eyes,1.151187,0.1711276,-3.672985,0.9343755,-0.2728284,-0.2291445,0.0,0.0,0.0,0.0,0.0,0.0,0.0,-3.771414,-0.356072,-0.9840477,1.264241,0.1665127,-3.700361,0.1046099,0.6807773,-0.08353733,0.7201533,15.33196,86.95687,1.313838,0.2791165,0.04569798,-0.959169,0.3495322,-0.007514692,-0.01840508,2.337951,-0.3841607,-4.637754,0.5795999,0.03192617,1.915001,0.05912765,0.02211277,-0.9980056,0.2627515,0.9641566,0.03692975,0.9630502,-0.264411,0.05119818,moving,-76.22083,49.9736,16.83912,0.9551248
05/11/2023 13:09:24.737187,782,True,True,True,True,Eyes,1.157237,0.1712341,-3.674979,0.9362106,-0.2680625,-0.2272713,0.0,0.0,0.0,0.0,0.0,0.0,0.0,-3.785938,-0.3575869,-0.96351,1.278402,0.17121,-3.704851,0.1050189,0.6775574,-0.08345965,0.7231333,15.36592,86.44595,1.284039,0.2810882,0.0455705,-0.9585992,0.3285603,-0.007063811,-0.01730078,2.358488,-0.3773122,-4.624996,0.5795991,0.03444345,1.914999,0.06790113,0.02160778,-0.9974581,0.2630176,0.964011,0.03878794,0.9623988,-0.2649827,0.05977419,moving,-76.35503,49.70774,16.83911,1.030419
05/11/2023 13:09:24.757658,783,True,True,True,True,Eyes,1.163584,0.171464,-3.677068,0.9380504,-0.2633942,-0.2251327,0.0,0.0,0.0,0.0,0.0,0.0,0.0,-3.800317,-0.349934,-0.9476492,1.293037,0.1745569,-3.709513,0.1023272,0.6747741,-0.08050031,0.7264497,14.91052,85.93992,1.253338,0.2829903,0.0454542,-0.9580449,0.3088467,-0.006639982,-0.01626273,2.380822,-0.3653875,-4.611708,0.5795993,0.03717618,1.915,0.07639956,0.02113666,-0.9968532,0.2550543,0.9660977,0.0400321,0.9639038,-0.2573102,0.06841844,moving,-76.50423,49.47827,16.83912,1.112152
05/11/2023 13:09:24.777120,784,True,True,True,True,Eyes,1.170234,0.1717872,-3.679229,0.9398361,-0.2589277,-0.2228556,0.0,0.0,0.0,0.0,0.0,0.0,0.0,-3.814592,-0.3439773,-0.9285491,1.306375,0.1777225,-3.713951,0.1019628,0.6717116,-0.07914275,0.7294816,14.77846,85.4435,1.274874,0.2848356,0.04535095,-0.9575028,0.2903159,-0.006241583,-0.01528697,2.404325,-0.3512077,-4.597064,0.5795994,0.03994722,1.915,0.08507987,0.0215129,-0.9961419,0.2524456,0.9666799,0.04243786,0.9638634,-0.2550822,0.0768142,moving,-76.66029,49.28186,16.83912,1.195026
05/11/2023 13:09:24.797535,785,True,True,True,True,Eyes,1.177135,0.1721905,-3.68146,0.9416353,-0.2545117,-0.2203339,0.0,0.0,0.0,0.0,0.0,0.0,0.0,-3.829061,-0.3358214,-0.9098613,1.320228,0.180319,-3.718442,0.1015128,0.6686165,-0.07749066,0.732559,14.61669,84.94296,1.315415,0.2866369,0.04526164,-0.9569693,0.2728969,-0.005867088,-0.01436975,2.428954,-0.3347898,-4.581098,0.5795993,0.04253847,1.914999,0.09389444,0.02221337,-0.9953344,0.2492792,0.9673807,0.04510521,0.9638693,-0.2523513,0.08529436,moving,-76.83026,49.11686,16.83912,1.27252
05/11/2023 13:09:24.807609,786,True,True,True,True,Eyes,1.184252,0.1726228,-3.683682,0.9432963,-0.2504446,-0.2178752,0.0,0.0,0.0,0.0,0.0,0.0,0.0,-3.842172,-0.334359,-0.890543,1.333058,0.1826322,-3.722465,0.100035,0.6656576,-0.07630536,0.7355751,14.40373,84.44335,1.237706,0.2884029,0.0451868,-0.956442,0.2565231,-0.005515063,-0.01350756,2.451822,-0.3220893,-4.565375,0.5796003,0.04517298,1.915,0.1021551,0.02092143,-0.9945486,0.2454347,0.968341,0.04557999,0.9640157,-0.2487529,0.09378611,moving,-76.99435,48.97824,16.83914,1.351301
05/11/2023 13:09:24.827393,787,True,True,True,True,Eyes,1.191563,0.1731072,-3.685946,0.9448702,-0.2467419,-0.2152645,0.0,0.0,0.0,0.0,0.0,0.0,0.0,-3.853295,-0.3455055,-0.8734975,1.345464,0.1839539,-3.726411,0.0995925,0.6630231,-0.07758275,0.7378772,14.46878,84.01486,1.039787,0.290142,0.04512564,-0.9559187,0.2411317,-0.005184159,-0.01269711,2.468733,-0.3268209,-4.549648,0.5796001,0.04827088,1.915001,0.1087625,0.01757116,-0.9939126,0.2465574,0.9681245,0.04409573,0.963006,-0.2498524,0.1009633,moving,-77.16568,48.89765,16.83913,1.443933
05/11/2023 13:09:24.847454,788,True,True,True,True,Eyes,1.379197,0.1868759,-3.743187,0.9752626,-0.1623874,-0.1499767,0.0,0.0,0.0,0.0,0.0,0.0,0.0,-3.86313,-0.3590034,-0.8575478,1.357386,0.1857632,-3.729751,0.1006219,0.6605127,-0.0799076,0.7397386,14.73967,83.63602,0.8710927,0.2918608,0.045078,-0.9553976,0.2266638,-0.00487311,-0.01193528,2.493286,-0.3045106,-4.536652,0.5796001,0.05056101,1.915,0.1146756,0.01470259,-0.9932942,0.2511455,0.96698,0.04330777,0.9611323,-0.2544277,0.1071965,moving,-81.25749,47.27524,16.83914,1.512408
05/11/2023 13:09:24.863148,789,True,True,True,True,Eyes,1.379672,0.1869361,-3.743285,0.9753172,-0.1622596,-0.1497606,0.0,0.0,0.0,0.0,0.0,0.0,0.0,-3.871804,-0.3725388,-0.8455951,1.369529,0.1880135,-3.73279,0.1004312,0.6584199,-0.08142641,0.7414626,14.84218,83.29906,0.6818063,0.3010855,0.04536236,-0.9525173,0.7759638,0.03672557,-0.182942,2.512291,-0.2935456,-4.523967,0.5796003,0.0532695,1.915,0.1197061,0.01150246,-0.9927428,0.253001,0.9665666,0.04170636,0.9600318,-0.2561574,0.1127938,moving,-81.27037,47.29394,16.83914,1.593384
05/11/2023 13:09:24.877735,790,True,True,True,True,Eyes,1.380605,0.1870479,-3.74351,0.9754194,-0.1619483,-0.1494313,0.0,0.0,0.0,0.0,0.0,0.0,0.0,-3.879987,-0.3771022,-0.8366444,1.381358,0.1895108,-3.735293,0.09839312,0.6566046,-0.08071444,0.7434208,14.61306,82.97308,0.54482,0.3084716,0.04559123,-0.9501402,0.7294059,0.03452203,-0.1719655,2.531343,-0.2862008,-4.511356,0.5795992,0.05614697,1.914999,0.124711,0.009201183,-0.9921506,0.2492204,0.9676079,0.04030002,0.9603836,-0.25229,0.1183782,moving,-81.29018,47.30197,16.83912,1.679407
05/11/2023 13:09:24.898185,791,True,True,True,True,Eyes,1.381979,0.1872176,-3.743793,0.9756039,-0.1613463,-0.1488765,0.0,0.0,0.0,0.0,0.0,0.0,0.0,-3.888637,-0.3725126,-0.828223,1.393476,0.190762,-3.737386,0.09595634,0.6547223,-0.07850491,0.7456328,14.23468,82.63451,0.507048,0.3143883,0.04577717,-0.9481898,0.6856416,0.03245071,-0.1616476,2.554182,-0.2608709,-4.50011,0.5796003,0.05872729,1.915,0.1303514,0.008577839,-0.9914308,0.2427212,0.9692587,0.04029855,0.9612987,-0.2458942,0.1242622,moving,-81.32363,47.30184,16.83914,1.756539
05/11/2023 13:09:24.908333,792,True,True,True,True,Eyes,1.383794,0.1874136,-3.744051,0.9758517,-0.1603906,-0.1482846,0.0,0.0,0.0,0.0,0.0,0.0,0.0,-3.897501,-0.3605099,-0.8200228,1.405324,0.1922435,-3.73912,0.09367575,0.6528042,-0.07529956,0.7479316,13.79436,82.29873,0.5702788,0.3191344,0.04593035,-0.9465956,0.6445031,0.03050367,-0.1519487,2.569341,-0.2618597,-4.488715,0.5796005,0.06126182,1.915,0.1363534,0.009666008,-0.9906132,0.2349417,0.9711096,0.04181436,0.9623982,-0.2384378,0.1301431,moving,-81.35977,47.24596,16.83914,1.832296
05/11/2023 13:09:24.927354,793,True,True,True,True,Eyes,1.386003,0.1876283,-3.744348,0.9761386,-0.1593678,-0.1474974,0.0,0.0,0.0,0.0,0.0,0.0,0.0,-3.905514,-0.3495807,-0.8146465,1.417487,0.1930909,-3.740634,0.08936304,0.6511774,-0.071179,0.7502772,13.10842,81.97517,0.5632598,0.3229524,0.04605818,-0.9452935,0.6058329,0.02867345,-0.1428318,2.58864,-0.2517696,-4.476603,0.5796,0.06403643,1.915001,0.1418031,0.009574411,-0.9898486,0.2231903,0.9738956,0.04139376,0.9644055,-0.2267944,0.1359645,moving,-81.40744,47.21526,16.83913,1.915221
05/11/2023 13:09:24.947276,794,True,True,True,True,Eyes,1.388609,0.1878358,-3.74469,0.9764535,-0.1583076,-0.1465512,0.0,0.0,0.0,0.0,0.0,0.0,0.0,-3.913383,-0.3437984,-0.8056509,1.429116,0.193725,-3.741915,0.08871933,0.6491951,-0.06988998,0.7521902,12.95655,81.66029,0.5909463,0.3260374,0.04616632,-0.9442287,0.569483,0.02695304,-0.1342619,2.608508,-0.2392608,-4.463068,0.5795998,0.06656478,1.915,0.1473223,0.0100512,-0.9890375,0.2203334,0.9744886,0.04272315,0.9642351,-0.2242121,0.1413493,moving,-81.46446,47.20842,16.83912,1.990781
05/11/2023 13:09:24.957602,795,True,True,True,True,Eyes,1.391552,0.1880383,-3.745036,0.976797,-0.1572778,-0.1453663,0.0,0.0,0.0,0.0,0.0,0.0,0.0,-3.921317,-0.3305948,-0.7974136,1.44104,0.1937066,-3.742695,0.087378,0.6471912,-0.06724827,0.7543119,12.6424,81.33423,0.6839924,0.3285477,0.04625861,-0.9433537,0.535314,0.02533586,-0.1262062,2.627688,-0.2304657,-4.450555,0.5796006,0.06927015,1.915001,0.1532425,0.01164819,-0.9881201,0.2145529,0.9756855,0.04477555,0.9646161,-0.2188655,0.1470173,moving,-81.53541,47.25388,16.83914,2.071622
05/11/2023 13:09:24.977215,796,True,True,True,True,Eyes,1.394835,0.1882633,-3.745346,0.9770932,-0.1566461,-0.1440513,0.0,0.0,0.0,0.0,0.0,0.0,0.0,-3.929637,-0.3243166,-0.7812269,1.452025,0.1937803,-3.743209,0.0877539,0.6445295,-0.0666502,0.7565969,12.63297,80.93372,0.7202016,0.3306112,0.04633817,-0.9426285,0.5031952,0.02381571,-0.1186338,2.648268,-0.2093964,-4.441526,0.5796002,0.0719402,1.915001,0.1602792,0.01226526,-0.9869956,0.2139746,0.975714,0.04687263,0.9636003,-0.2187047,0.1537622,moving,-81.61339,47.39845,16.83913,2.1514
05/11/2023 13:09:24.993834,797,True,True,True,True,Eyes,1.398458,0.1884823,-3.745637,0.9774245,-0.1559552,-0.1425456,0.0,0.0,0.0,0.0,0.0,0.0,0.0,-3.937926,-0.3266739,-0.760313,1.463457,0.1946546,-3.743322,0.08963564,0.6414135,-0.06805161,0.758896,12.90568,80.4863,0.687681,0.332417,0.04641044,-0.9419897,0.4730034,0.02238676,-0.1115158,2.663535,-0.2073756,-4.432549,0.5796006,0.07461512,1.915001,0.1679155,0.01169883,-0.985732,0.2182752,0.9746688,0.04874982,0.9613326,-0.2233467,0.1611084,moving,-81.70259,47.57217,16.83914,2.231315
05/11/2023 13:09:25.007620,798,True,True,True,True,Eyes,1.402359,0.1886643,-3.745897,0.9776924,-0.1557146,-0.1409625,0.0,0.0,0.0,0.0,0.0,0.0,0.0,-3.944492,-0.3262316,-0.7486284,1.475226,0.1947214,-3.743218,0.08851811,0.6391904,-0.06737427,0.7609606,12.75882,80.12883,0.6239884,0.3341184,0.04647903,-0.9413841,0.4446232,0.02104356,-0.1048248,2.685521,-0.1841936,-4.421881,0.5795996,0.07735311,1.915001,0.1737927,0.01062155,-0.9847251,0.2156982,0.9752505,0.04858761,0.9608697,-0.2208475,0.1672003,moving,-81.7957,47.84666,16.83912,2.313106
05/11/2023 13:09:25.027252,799,True,True,True,True,Eyes,1.40655,0.1888136,-3.746111,0.9779474,-0.1556826,-0.1392183,0.0,0.0,0.0,0.0,0.0,0.0,0.0,-3.950549,-0.3272309,-0.7349157,1.485734,0.1941148,-3.742851,0.09154844,0.6367875,-0.06932399,0.76244,13.17286,79.811,0.6404175,0.3357329,0.04654335,-0.9408063,0.4179458,0.01978095,-0.09853534,2.705857,-0.1629427,-4.411685,0.5796,0.08014765,1.915,0.1793917,0.01088306,-0.9837174,0.2223046,0.9736261,0.05131108,0.9583315,-0.2278897,0.1722411,moving,-81.89795,48.19551,16.83913,2.396576
05/11/2023 13:09:25.037599,800,True,True,True,True,Eyes,1.411001,0.1889589,-3.746277,0.9781759,-0.155891,-0.137368,0.0,0.0,0.0,0.0,0.0,0.0,0.0,-3.957017,-0.3186136,-0.7217777,1.496829,0.1935032,-3.741994,0.09476934,0.6342704,-0.07000902,0.7640802,13.511,79.48518,0.7798445,0.3372754,0.04660294,-0.9402514,0.3928691,0.01859409,-0.09262323,2.717164,-0.1820041,-4.403127,0.5796,0.08256848,1.915001,0.1855996,0.01323376,-0.9825364,0.2272038,0.9722351,0.05601348,0.9559976,-0.233632,0.1774397,moving,-82.00607,48.61415,16.83913,2.468875
05/11/2023 13:09:25.058216,801,True,True,True,True,Eyes,1.415727,0.1891,-3.746388,0.9783993,-0.1562422,-0.1353633,0.0,0.0,0.0,0.0,0.0,0.0,0.0,-3.963993,-0.3074674,-0.7055986,1.507473,0.1935989,-3.741081,0.0981743,0.6314674,-0.07040565,0.7659334,13.84568,79.1228,0.952215,0.338759,0.04665812,-0.9397153,0.3692969,0.01747844,-0.08706583,2.734838,-0.1719736,-4.396044,0.5795997,0.08529843,1.915001,0.192584,0.01613566,-0.9811479,0.2318398,0.9708098,0.06147221,0.9534999,-0.2393077,0.1832215,moving,-82.12303,49.09538,16.83912,2.550396
05/11/2023 13:09:25.077386,802,True,True,True,True,Eyes,1.420712,0.1892255,-3.746433,0.9786307,-0.1565309,-0.1333418,0.0,0.0,0.0,0.0,0.0,0.0,0.0,-3.970295,-0.2969604,-0.6926255,1.518733,0.1936504,-3.739934,0.1010627,0.6289227,-0.07055417,0.7676359,14.11713,78.79295,1.11086,0.3401964,0.04670918,-0.9391933,0.3471391,0.01642974,-0.08184188,2.746991,-0.1844159,-4.386336,0.5796,0.08803997,1.915,0.1989567,0.01880144,-0.979828,0.2354411,0.9696169,0.0664125,0.9513064,-0.243905,0.1884852,moving,-82.24104,49.57379,16.83913,2.632256
05/11/2023 13:09:25.097419,803,True,True,True,True,Eyes,1.425943,0.1893283,-3.746409,0.9788729,-0.1567861,-0.1312477,0.0,0.0,0.0,0.0,0.0,0.0,0.0,-3.975327,-0.283282,-0.6863871,1.529893,0.1934292,-3.738531,0.1022454,0.627053,-0.06923895,0.769127,14.12938,78.53832,1.283361,0.3415984,0.04675612,-0.938682,0.3263108,0.01544395,-0.07693136,2.760042,-0.2030148,-4.374096,0.5795999,0.09057269,1.915,0.2040209,0.02171941,-0.9787256,0.2347336,0.9695037,0.07044633,0.9504082,-0.2441123,0.1927007,moving,-82.3633,50.06685,16.83912,2.707868
05/11/2023 13:09:25.108016,804,True,True,True,True,Eyes,1.431409,0.1893942,-3.746302,0.9791401,-0.1568552,-0.1291555,0.0,0.0,0.0,0.0,0.0,0.0,0.0,-3.979447,-0.2710586,-0.6831439,1.54099,0.1929598,-3.73688,0.1033104,0.625488,-0.06804662,0.7703645,14.14035,78.32772,1.441698,0.3429741,0.04679874,-0.9381781,0.3067321,0.01451731,-0.07231548,2.776839,-0.2031992,-4.361873,0.5796004,0.09329666,1.915001,0.2082688,0.02439738,-0.9777673,0.2340802,0.9693933,0.07404856,0.9496477,-0.244298,0.1961834,moving,-82.48566,50.53175,16.83914,2.78918
05/11/2023 13:09:25.127163,805,True,True,True,True,Eyes,1.4371,0.1894101,-3.746099,0.9794301,-0.1568132,-0.1269896,0.0,0.0,0.0,0.0,0.0,0.0,0.0,-3.983079,-0.2596746,-0.6799984,1.552047,0.1921431,-3.734833,0.1037985,0.6239519,-0.06670106,0.7716612,14.08913,78.11095,1.570903,0.3443323,0.04683657,-0.9376786,0.2883282,0.01364627,-0.06797656,2.790769,-0.2136389,-4.351212,0.5795999,0.09598729,1.915002,0.2124701,0.02658934,-0.9768057,0.2324718,0.9695536,0.07695808,0.9491119,-0.2434311,0.1998199,moving,-82.61243,50.99894,16.83912,2.869485
05/11/2023 13:09:25.148036,806,True,True,True,True,Eyes,1.442999,0.1893633,-3.745788,0.97974,-0.1566719,-0.1247541,0.0,0.0,0.0,0.0,0.0,0.0,0.0,-3.986197,-0.2469136,-0.6777267,1.563077,0.1909165,-3.732342,0.1037819,0.6224933,-0.06492727,0.7729917,13.96201,77.89774,1.70241,0.3456795,0.04686883,-0.9371812,0.2710285,0.0128275,-0.06389796,2.807564,-0.210911,-4.342567,0.5796015,0.09860235,1.915001,0.2165732,0.02883057,-0.9758406,0.2295835,0.9700276,0.07961148,0.9488876,-0.2412786,0.2034629,moving,-82.74335,51.47053,16.83916,2.947525
05/11/2023 13:09:25.157377,807,True,True,True,True,Eyes,1.442999,0.1893633,-3.745788,0.97974,-0.1566719,-0.1247541,0.0,0.0,0.0,0.0,0.0,0.0,0.0,-3.989016,-0.2313025,-0.6756022,1.573936,0.1893178,-3.729486,0.1041296,0.621009,-0.06300762,0.7742965,13.85768,77.68913,1.874465,0.3470224,0.04689457,-0.9366835,0.2547668,0.01205785,-0.06006408,2.824085,-0.2069159,-4.333873,0.579599,0.1012662,1.915,0.2207557,0.03175769,-0.9748121,0.226904,0.9703741,0.08299778,0.9485682,-0.239511,0.2070097,moving,-82.74335,51.47053,16.8391,3.027011
05/11/2023 13:09:25.177419,808,True,True,True,True,Eyes,1.442999,0.1893633,-3.745788,0.97974,-0.1566719,-0.1247541,0.0,0.0,0.0,0.0,0.0,0.0,0.0,-3.992151,-0.2133877,-0.6717069,1.584945,0.1875108,-3.726497,0.1047752,0.6192961,-0.06098877,0.7757415,13.77427,77.45324,2.074079,0.3482303,0.04691764,-0.9362339,0.2394808,0.01133438,-0.05646024,2.840609,-0.2065647,-4.323653,0.5795999,0.1039943,1.915,0.2255055,0.03515077,-0.9736076,0.2243969,0.970605,0.08701682,0.9480472,-0.2380972,0.210989,moving,-82.74335,51.47053,16.83912,3.108401
05/11/2023 13:09:25.193600,809,True,True,True,True,Eyes,1.442999,0.1893633,-3.745788,0.97974,-0.1566719,-0.1247541,0.0,0.0,0.0,0.0,0.0,0.0,0.0,-3.994889,-0.1994198,-0.6667044,1.595824,0.1859158,-3.723196,0.1054311,0.6175199,-0.05951728,0.7771816,13.73221,77.20657,2.224173,0.3493169,0.04693834,-0.935828,0.225112,0.01065431,-0.05307262,2.858804,-0.2006934,-4.3134,0.579601,0.1068299,1.915001,0.230254,0.03770004,-0.9723999,0.222723,0.9706839,0.09037193,0.9473001,-0.2373843,0.2151072,moving,-82.74335,51.47053,16.83915,3.192982
05/11/2023 13:09:25.207641,810,True,True,True,True,Eyes,1.442999,0.1893633,-3.745788,0.97974,-0.1566719,-0.1247541,0.0,0.0,0.0,0.0,0.0,0.0,0.0,-3.997277,-0.1905368,-0.6617234,1.606984,0.1844206,-3.719678,0.1052331,0.6158004,-0.05827003,0.7786658,13.62984,76.95064,2.291612,0.3502942,0.0469569,-0.9354618,0.2116052,0.01001506,-0.04988826,2.875156,-0.1999282,-4.305209,0.5796006,0.1093396,1.915001,0.2347891,0.03885946,-0.9712692,0.220351,0.9710612,0.09211748,0.9467415,-0.2356483,0.2194319,moving,-82.74335,51.47053,16.83914,3.267832
05/11/2023 13:09:25.227616,811,True,True,True,True,Eyes,1.442999,0.1893633,-3.745788,0.97974,-0.1566719,-0.1247541,0.0,0.0,0.0,0.0,0.0,0.0,0.0,-3.998344,-0.1867918,-0.6607316,1.618003,0.182303,-3.715784,0.1038084,0.6145688,-0.05709064,0.7799164,13.4205,76.74296,2.270939,0.3511738,0.04697357,-0.935131,0.1989089,0.009414152,-0.04689497,2.889478,-0.2032577,-4.300529,0.5796005,0.1120267,1.915,0.2380918,0.0385429,-0.9704775,0.2166466,0.971929,0.09175148,0.9467716,-0.232096,0.2230581,moving,-82.74335,51.47053,16.83915,3.347964
05/11/2023 13:09:25.237452,812,True,True,True,True,Eyes,1.442999,0.1893633,-3.745788,0.97974,-0.1566719,-0.1247541,0.0,0.0,0.0,0.0,0.0,0.0,0.0,-3.998108,-0.1862023,-0.6652439,1.628883,0.179897,-3.711665,0.1025414,0.6139017,-0.05639011,0.7806602,13.25798,76.62125,2.229039,0.351965,0.04698855,-0.9348328,0.1869744,0.008849303,-0.04408127,2.904671,-0.2005363,-4.29765,0.5796005,0.1146742,1.915,0.2398898,0.03785761,-0.9700618,0.2139436,0.9726108,0.09086397,0.9469326,-0.2293359,0.2252201,moving,-82.74335,51.47053,16.83914,3.426899
05/11/2023 13:09:25.257082,813,True,True,True,True,Eyes,1.442999,0.1893633,-3.745788,0.97974,-0.1566719,-0.1247541,0.0,0.0,0.0,0.0,0.0,0.0,0.0,-3.996601,-0.1820396,-0.6766081,1.639893,0.1773669,-3.707161,0.1028276,0.6137823,-0.05593423,0.7807491,13.25163,76.61098,2.289584,0.3526769,0.04700199,-0.9345637,0.1757559,0.008318345,-0.04143639,2.919663,-0.1996407,-4.293473,0.5795993,0.1172843,1.915,0.2402851,0.03888639,-0.9699232,0.2135688,0.9725957,0.09190229,0.9469169,-0.2292281,0.2253954,moving,-82.74335,51.47053,16.83911,3.504705
05/11/2023 13:09:25.277382,814,True,True,True,True,Eyes,1.442999,0.1893633,-3.745788,0.97974,-0.1566719,-0.1247541,0.0,0.0,0.0,0.0,0.0,0.0,0.0,-3.994814,-0.1702519,-0.6878102,1.650731,0.175028,-3.702034,0.1030999,0.6135792,-0.05438558,0.7809824,13.16629,76.59236,2.44692,0.3533169,0.04701406,-0.9343214,0.1652106,0.007819245,-0.03895021,2.935729,-0.198373,-4.287779,0.5796002,0.1201143,1.915,0.2411257,0.04157156,-0.9696032,0.2114682,0.9728252,0.09429871,0.9471746,-0.2277781,0.2257821,moving,-82.74335,51.47053,16.83914,3.589056
05/11/2023 13:09:25.297517,815,True,True,True,True,Eyes,1.442999,0.1893633,-3.745788,0.97974,-0.1566719,-0.1247541,0.0,0.0,0.0,0.0,0.0,0.0,0.0,-3.993093,-0.1567335,-0.698329,1.661471,0.1729964,-3.696838,0.1040471,0.6132739,-0.05292746,0.7811966,13.14879,76.57178,2.644268,0.3538934,0.04702491,-0.9341026,0.1552979,0.00735009,-0.0366132,2.952297,-0.1934093,-4.284091,0.5796012,0.1227226,1.915,0.2421877,0.04492527,-0.9691888,0.2103122,0.9727458,0.09764447,0.947161,-0.2274806,0.2261388,moving,-82.74335,51.47053,16.83916,3.66678
05/11/2023 13:09:25.307813,816,True,True,True,True,Eyes,1.442999,0.1893633,-3.745788,0.97974,-0.1566719,-0.1247541,0.0,0.0,0.0,0.0,0.0,0.0,0.0,-3.991119,-0.145749,-0.7080703,1.672482,0.1713013,-3.691219,0.1058355,0.6128438,-0.05222085,0.7813415,13.26138,76.54706,2.833566,0.3544117,0.04703466,-0.9339055,0.1459801,0.006909085,-0.0344164,2.96799,-0.1909169,-4.281744,0.5795999,0.1254617,1.915,0.2433912,0.04811665,-0.9687341,0.2113259,0.9721436,0.101381,0.9466268,-0.2293938,0.2264429,moving,-82.74335,51.47053,16.83913,3.74839
05/11/2023 13:09:25.327435,817,True,True,True,True,Eyes,1.442999,0.1893633,-3.745788,0.97974,-0.1566719,-0.1247541,0.0,0.0,0.0,0.0,0.0,0.0,0.0,-3.988325,-0.1321769,-0.722434,1.683692,0.1699435,-3.685432,0.1065763,0.6128712,-0.05047185,0.7813343,13.20341,76.57343,3.047845,0.354877,0.0470434,-0.9337285,0.1372213,0.006494539,-0.03235142,2.98439,-0.1867093,-4.279181,0.5795995,0.1281783,1.915,0.2436831,0.05176434,-0.9684726,0.2095059,0.9721881,0.104678,0.9469562,-0.2284089,0.2260609,moving,-82.74335,51.47053,16.83912,3.829314
05/11/2023 13:09:25.337304,818,True,True,True,True,Eyes,1.453923,0.188525,-3.743016,0.9807281,-0.1537193,-0.1205929,0.0,0.0,0.0,0.0,0.0,0.0,0.0,-3.98439,-0.1194789,-0.7386386,1.694704,0.1689681,-3.678947,0.1072837,0.6130967,-0.04873802,0.7811706,13.14263,76.62856,3.261628,0.3552964,0.04705126,-0.9335685,0.128988,0.006104867,-0.03041033,3.000831,-0.1832935,-4.27571,0.5795994,0.1307335,1.915001,0.2434743,0.05540514,-0.9683236,0.207696,0.9722296,0.1078515,0.9474084,-0.227376,0.2252055,moving,-82.98995,51.88581,16.83911,3.905417
05/11/2023 13:09:25.357401,819,True,True,True,True,Eyes,1.464863,0.1877059,-3.740055,0.9817017,-0.1505982,-0.1165409,0.0,0.0,0.0,0.0,0.0,0.0,0.0,-3.980527,-0.1094806,-0.752125,1.70598,0.1689544,-3.67197,0.1073462,0.613089,-0.04694774,0.7812775,13.02056,76.6358,3.428604,0.3559353,0.04703603,-0.9333259,0.1540228,0.003223468,-0.02026944,3.01891,-0.1770474,-4.270023,0.5795999,0.1334294,1.915,0.2438356,0.05826711,-0.9680647,0.204984,0.9725454,0.110168,0.9479061,-0.2253006,0.2251974,moving,-83.22992,52.26538,16.83912,3.985696
05/11/2023 13:09:25.377397,820,True,True,True,True,Eyes,1.475806,0.1868855,-3.736926,0.982641,-0.1474531,-0.1125796,0.0,0.0,0.0,0.0,0.0,0.0,0.0,-3.97667,-0.09887335,-0.7631164,1.717284,0.1685246,-3.6645,0.1052128,0.6129213,-0.04404755,0.781868,12.62214,76.57776,3.530732,0.3567726,0.04700065,-0.9330079,0.177602,0.0005727538,-0.01017123,3.037516,-0.172312,-4.262331,0.5795996,0.1362016,1.915,0.2447746,0.06009558,-0.9677159,0.197853,0.9739802,0.1105297,0.9491785,-0.2185204,0.2265155,moving,-83.46422,52.63848,16.83912,4.068229
05/11/2023 13:09:25.397525,821,True,True,True,True,Eyes,1.486748,0.1860667,-3.733618,0.9835333,-0.1443593,-0.1087318,0.0,0.0,0.0,0.0,0.0,0.0,0.0,-3.973123,-0.09117517,-0.7721589,1.728253,0.1676324,-3.657224,0.1046819,0.6125386,-0.04248095,0.7823259,12.46441,76.51609,3.62734,0.3577888,0.04694729,-0.9326214,0.1997743,-0.001922762,-0.0001746509,3.056125,-0.1705836,-4.253162,0.5795995,0.1389091,1.915,0.2459837,0.06177558,-0.9673035,0.1947113,0.9744741,0.1117484,0.9495156,-0.2158332,0.2276764,moving,-83.69144,53.01284,16.83912,4.14882
05/11/2023 13:09:25.407645,822,True,True,True,True,Eyes,1.497708,0.1852829,-3.730227,0.9844002,-0.1412246,-0.104938,0.0,0.0,0.0,0.0,0.0,0.0,0.0,-3.969087,-0.08417132,-0.7819892,1.739156,0.1668264,-3.649623,0.1047365,0.6122101,-0.04128364,0.7826397,12.38563,76.47308,3.734725,0.3589675,0.04687796,-0.9321719,0.220612,-0.004263852,0.009760002,3.073652,-0.173647,-4.243957,0.5795997,0.1414146,1.915,0.2469889,0.06362112,-0.9669276,0.1928619,0.9746518,0.1133934,0.949632,-0.2144904,0.2284581,moving,-83.9152,53.38553,16.83912,4.223384
05/11/2023 13:09:25.427382,823,True,True,True,True,Eyes,1.508652,0.1845857,-3.726631,0.9852289,-0.138144,-0.1011936,0.0,0.0,0.0,0.0,0.0,0.0,0.0,-3.964134,-0.07565299,-0.7941182,1.749883,0.1665998,-3.641546,0.1040868,0.6121422,-0.03940828,0.7828761,12.19392,76.45675,3.855787,0.360294,0.0467951,-0.9316641,0.2402553,-0.006359424,0.01934749,3.090573,-0.1806259,-4.2343,0.5795997,0.1442264,1.915,0.2474579,0.06572823,-0.9666667,0.1891354,0.9752258,0.1147272,0.9502592,-0.211221,0.2288958,moving,-84.13567,53.77637,16.83912,4.307045
05/11/2023 13:09:25.457020,824,True,True,True,True,Eyes,1.782489,0.1710112,-3.631958,0.9981699,-0.06037823,-0.003363752,0.0,0.0,0.0,0.0,0.0,0.0,0.0,-3.960387,-0.06060913,-0.7989026,1.760442,0.1679353,-3.633073,0.1051666,0.6112229,-0.03740103,0.7835482,12.15323,76.35049,4.103196,0.3617538,0.04670247,-0.9311028,0.2586741,-0.008069311,0.02897412,3.108426,-0.184435,-4.223476,0.5795996,0.1468488,1.915,0.2500154,0.06994946,-0.965712,0.1871715,0.9750823,0.1190855,0.9499786,-0.2105269,0.2306931,moving,-89.80692,86.81127,16.83912,4.385056
05/11/2023 13:09:25.477275,825,True,True,True,True,Eyes,1.782871,0.1711127,-3.631648,0.9981389,-0.06089153,-0.003305244,0.0,0.0,0.0,0.0,0.0,0.0,0.0,-3.96043,-0.03270787,-0.7897153,1.771651,0.1710484,-3.625151,0.1058632,0.6087824,-0.03340801,0.7855322,11.94628,76.01983,4.479403,0.386177,0.04541066,-0.921306,1.064664,-0.04830882,0.3112559,3.127175,-0.1841518,-4.211318,0.5795999,0.149443,1.915001,0.2565358,0.07640921,-0.9635098,0.1813815,0.9753537,0.1256416,0.9493631,-0.2069944,0.2363539,moving,-89.81027,86.89298,16.83912,4.462211
05/11/2023 13:09:25.497408,826,True,True,True,True,Eyes,1.783702,0.1714259,-3.631016,0.9980989,-0.06155261,-0.003158927,0.0,0.0,0.0,0.0,0.0,0.0,0.0,-3.958314,-0.03275216,-0.7881087,1.781238,0.1737008,-3.617659,0.1117124,0.6072271,-0.03577547,0.7858217,12.65146,75.9066,4.670198,0.4044906,0.0444114,-0.9134629,1.000784,-0.04541029,0.2925805,3.147239,-0.1763609,-4.199262,0.5796006,0.1522867,1.915001,0.2599908,0.07944324,-0.9623376,0.1918958,0.972481,0.1321243,0.9463513,-0.2190197,0.2375913,moving,-89.81866,87.06211,16.83914,4.546767
05/11/2023 13:09:25.507882,827,True,True,True,True,Eyes,1.784922,0.1718208,-3.630089,0.9981162,-0.06128337,-0.002884984,0.0,0.0,0.0,0.0,0.0,0.0,0.0,-3.955551,-0.02590436,-0.7914757,1.792835,0.1791017,-3.609315,0.1152778,0.6060321,-0.03555513,0.7862392,12.96565,75.81097,4.933943,0.4181489,0.04365516,-0.9073287,0.9407373,-0.04268567,0.2750257,3.164903,-0.1787952,-4.186984,0.5796005,0.1550782,1.915001,0.262922,0.0838144,-0.9611698,0.1956337,0.9708937,0.1381768,0.9447749,-0.2243669,0.2388724,moving,-89.83439,87.30473,16.83914,4.629751
05/11/2023 13:09:25.527520,828,True,True,True,True,Eyes,1.786436,0.1722329,-3.628921,0.9981216,-0.0612129,-0.002500486,0.0,0.0,0.0,0.0,0.0,0.0,0.0,-3.951808,0.002467155,-0.7997,1.80339,0.1811978,-3.601564,0.1079446,0.6058041,-0.0274115,0.7877805,11.72914,75.64822,5.132899,0.4282507,0.04309684,-0.9026314,0.8842931,-0.04012453,0.2585241,3.184156,-0.1750875,-4.174942,0.5796005,0.1575785,1.915,0.2645001,0.08759812,-0.960399,0.1739751,0.9751931,0.1368614,0.9485633,-0.2032854,0.2426987,moving,-89.85647,87.66083,16.83914,4.704066
05/11/2023 13:09:25.547500,829,True,True,True,True,Eyes,1.788294,0.1726679,-3.627523,0.998124,-0.06119228,-0.002019477,0.0,0.0,0.0,0.0,0.0,0.0,0.0,-3.950132,0.003056169,-0.7963065,1.811954,0.1820538,-3.594626,0.110435,0.604327,-0.02829987,0.788538,12.0268,75.48174,5.211967,0.4356309,0.04269746,-0.8991119,0.8312355,-0.03771706,0.2430127,3.20291,-0.1691875,-4.162292,0.5795994,0.1602895,1.915001,0.2679759,0.08884668,-0.9593202,0.1781088,0.9740065,0.1399596,0.9468191,-0.2083692,0.2451859,moving,-89.88407,88.1098,16.83911,4.78462
05/11/2023 13:09:25.557732,830,True,True,True,True,Eyes,1.790439,0.173113,-3.625918,0.9981421,-0.06091378,-0.001359153,0.0,0.0,0.0,0.0,0.0,0.0,0.0,-3.949268,0.01002473,-0.7915406,1.821987,0.1830538,-3.587507,0.1106974,0.6026254,-0.02720463,0.7898409,11.98497,75.24241,5.305079,0.4409312,0.04242515,-0.8965374,0.7813613,-0.03545403,0.2284319,3.224717,-0.1486637,-4.149751,0.5795999,0.1627969,1.915001,0.2722051,0.09044345,-0.9579794,0.1763928,0.974012,0.1420783,0.9459334,-0.2076551,0.2491774,moving,-89.92198,88.72179,16.83912,4.859111
05/11/2023 13:09:25.577343,831,True,True,True,True,Eyes,1.792842,0.1735872,-3.624088,0.9981473,-0.06084191,-0.0005692959,0.0,0.0,0.0,0.0,0.0,0.0,0.0,-3.948404,0.02825904,-0.786691,1.830964,0.1836596,-3.580979,0.1094212,0.6010019,-0.02388671,0.7913617,11.64782,74.9904,5.490985,0.4446468,0.04225371,-0.8947085,0.7344797,-0.03332679,0.214726,3.24326,-0.1383284,-4.137193,0.5796001,0.1654766,1.915,0.2764525,0.09371863,-0.9564471,0.1693307,0.9749129,0.1444716,0.9459922,-0.2018954,0.2536477,moving,-89.96732,89.46391,16.83913,4.938703
05/11/2023 13:09:25.597415,832,True,True,True,True,Eyes,1.795545,0.1741261,-3.622065,0.998176,-0.06036825,0.000551343,0.0,0.0,0.0,0.0,0.0,0.0,0.0,-3.949011,0.04618883,-0.7742163,1.839759,0.1849466,-3.574537,0.113664,0.5983172,-0.02332938,0.7928133,12.01369,74.6939,5.810576,0.4471623,0.04216247,-0.8934582,0.6904109,-0.03132718,0.2018425,3.262404,-0.1272812,-4.124409,0.5795997,0.1682664,1.915,0.2829446,0.09902258,-0.954011,0.1730059,0.9730725,0.1523119,0.9434041,-0.2081454,0.2581941,moving,89.96835,-89.47674,16.83912,5.021544
05/11/2023 13:09:25.613120,833,True,True,True,True,Eyes,1.798515,0.1746999,-3.6199,0.9982226,-0.05956241,0.001973987,0.0,0.0,0.0,0.0,0.0,0.0,0.0,-3.950722,0.076437,-0.7566715,1.849631,0.1869128,-3.567987,0.111697,0.5952609,-0.01801849,0.7955272,11.48828,74.22726,6.110245,0.448779,0.04213563,-0.8926486,0.6489863,-0.02944755,0.1897319,3.280288,-0.1161732,-4.111517,0.5796003,0.1708393,1.915001,0.2906797,0.1043094,-0.9511176,0.1616462,0.9743982,0.1562647,0.9430673,-0.1991675,0.2663766,moving,89.8867,-88.10182,16.83913,5.097921
05/11/2023 13:09:25.627710,834,True,True,True,True,Eyes,1.801756,0.1752964,-3.617588,0.9982796,-0.05851205,0.003785229,0.0,0.0,0.0,0.0,0.0,0.0,0.0,-3.954064,0.1033591,-0.7297431,1.858756,0.1881276,-3.561947,0.1086133,0.591428,-0.0128586,0.798906,10.88005,73.6264,6.309774,0.4497318,0.04215991,-0.8921677,0.6100471,-0.0276807,0.178348,3.295448,-0.1163164,-4.101486,0.5796007,0.1735447,1.915001,0.3000952,0.1079283,-0.9477839,0.1490195,0.9760755,0.1583338,0.9421974,-0.1887535,0.2768322,moving,89.78275,-86.29861,16.83914,5.178218
05/11/2023 13:09:25.637260,835,True,True,True,True,Eyes,1.805266,0.1759032,-3.615145,0.9983455,-0.05720863,0.005792069,0.0,0.0,0.0,0.0,0.0,0.0,0.0,-3.958344,0.1198089,-0.7004738,1.868443,0.189192,-3.55621,0.1064406,0.5873418,-0.009622769,0.8022515,10.4914,73.00511,6.399345,0.4502056,0.0422244,-0.8919257,0.5734442,-0.02601986,0.1676471,3.308704,-0.1224452,-4.092547,0.5796003,0.1763214,1.915001,0.3098739,0.1095943,-0.9444402,0.1404738,0.9771556,0.1594805,0.9403431,-0.182088,0.2873999,moving,89.66759,-84.21881,16.83913,5.260606
05/11/2023 13:09:25.657426,836,True,True,True,True,Eyes,1.809007,0.1764687,-3.612594,0.9984107,-0.05577403,0.008081818,0.0,0.0,0.0,0.0,0.0,0.0,0.0,-3.96208,0.1338978,-0.6742389,1.878284,0.1899384,-3.550574,0.1019703,0.5836859,-0.005554482,0.8055322,9.832292,72.40627,6.415034,0.450346,0.04232024,-0.8918502,0.5390376,-0.02445867,0.1575883,3.322653,-0.1228695,-4.08472,0.5796007,0.1789754,1.915,0.31856,0.1100886,-0.9414882,0.1279858,0.9791424,0.1577965,0.9392226,-0.1707648,0.2978258,moving,89.53622,-81.75507,16.83915,5.339338
05/11/2023 13:09:25.677608,837,True,True,True,True,Eyes,1.812969,0.1770208,-3.609952,0.9984436,-0.05478061,0.01046612,0.0,0.0,0.0,0.0,0.0,0.0,0.0,-3.965428,0.14487,-0.651008,1.887516,0.1894651,-3.545533,0.1003621,0.5802556,-0.003465671,0.8082196,9.569926,71.89333,6.455644,0.4502654,0.04243893,-0.8918851,0.5066953,-0.02299115,0.148133,3.338023,-0.1126173,-4.076333,0.5796012,0.1815554,1.915002,0.3265831,0.1108693,-0.9386433,0.1220734,0.9798309,0.1582073,0.937252,-0.1662512,0.306462,moving,89.39942,-79.18369,16.83915,5.415849
05/11/2023 13:09:25.698105,838,True,True,True,True,Eyes,1.817142,0.1775824,-3.607213,0.998456,-0.05396924,0.01315439,0.0,0.0,0.0,0.0,0.0,0.0,0.0,-3.968812,0.1546122,-0.6262242,1.89661,0.1897057,-3.540397,0.102659,0.5764676,-0.003418131,0.8106385,9.809884,71.40018,6.574291,0.4500754,0.04257294,-0.8919743,0.4762936,-0.02161168,0.139245,3.354653,-0.0965021,-4.066629,0.5796002,0.184318,1.915001,0.3353469,0.1128174,-0.9353154,0.1239009,0.9788989,0.1624977,0.9339117,-0.1703795,0.3142925,moving,89.24519,-76.3019,16.83913,5.497758
05/11/2023 13:09:25.707881,839,True,True,True,True,Eyes,1.821509,0.1781346,-3.604419,0.9984334,-0.05362058,0.01598725,0.0,0.0,0.0,0.0,0.0,0.0,0.0,-3.972943,0.1647264,-0.59684,1.905769,0.1905151,-3.535445,0.1049441,0.5721961,-0.003308061,0.8133681,10.04968,70.8409,6.690344,0.4500137,0.04270803,-0.8919989,0.447716,-0.02031498,0.1308903,3.371245,-0.0773158,-4.056243,0.5796,0.1868449,1.915001,0.3451616,0.1147158,-0.9315062,0.1254785,0.9779516,0.1669306,0.9301175,-0.174502,0.323157,moving,89.08264,-73.39778,16.83912,5.57266
05/11/2023 13:09:25.727418,840,True,True,True,True,Eyes,1.826055,0.1786712,-3.601563,0.9983774,-0.05365003,0.01908371,0.0,0.0,0.0,0.0,0.0,0.0,0.0,-3.977977,0.1694489,-0.562131,1.914519,0.190857,-3.530891,0.1068802,0.5674804,-0.003927733,0.8164111,10.31002,70.21136,6.706138,0.4500717,0.04284382,-0.8919631,0.420853,-0.01909608,0.1230369,3.388827,-0.05103231,-4.046131,0.5795999,0.189588,1.915001,0.3559008,0.1148916,-0.9274344,0.1277182,0.9771223,0.1700586,0.9257551,-0.1789743,0.3330849,moving,88.90494,-70.41915,16.83912,5.653945
05/11/2023 13:09:25.737100,841,True,True,True,True,Eyes,1.830774,0.1791909,-3.598629,0.9982976,-0.05395017,0.02216642,0.0,0.0,0.0,0.0,0.0,0.0,0.0,-3.98317,0.1611895,-0.5302564,1.923295,0.1911175,-3.526643,0.1098258,0.5631089,-0.006862419,0.8190236,10.81441,69.64281,6.573627,0.4502417,0.04297982,-0.8918706,0.3956019,-0.01795031,0.1156547,3.403411,-0.04230221,-4.036256,0.5795996,0.1924222,1.915,0.3657226,0.1124467,-0.9239061,0.1349287,0.9757824,0.1721712,0.9208915,-0.1876283,0.3416934,moving,88.728,-67.66379,16.83912,5.73791
05/11/2023 13:09:25.757345,842,True,True,True,True,Eyes,1.835664,0.1797018,-3.595638,0.9981953,-0.05439191,0.02544889,0.0,0.0,0.0,0.0,0.0,0.0,0.0,-3.987256,0.158096,-0.5034809,1.93226,0.191394,-3.522277,0.1115884,0.5592535,-0.008410907,0.8214091,11.11198,69.13017,6.494941,0.4505166,0.04311557,-0.8917247,0.3718657,-0.01687329,0.1087154,3.418917,-0.02850298,-4.025145,0.5796003,0.1949056,1.915001,0.3743296,0.1109948,-0.920629,0.13863,0.9749545,0.1739119,0.9168747,-0.1927272,0.3495671,moving,88.53957,-64.92604,16.83913,5.811458
05/11/2023 13:09:25.777197,843,True,True,True,True,Eyes,1.840719,0.1802008,-3.5926,0.9980809,-0.054846,0.02874758,0.0,0.0,0.0,0.0,0.0,0.0,0.0,-3.991034,0.1530606,-0.4790275,1.941191,0.1917428,-3.51799,0.1124602,0.5557108,-0.009735967,0.8236768,11.30797,68.645,6.379252,0.4508896,0.04325086,-0.8915287,0.3495538,-0.0158609,0.1021925,3.432496,-0.02514253,-4.011556,0.5796001,0.1975865,1.915001,0.3821815,0.1089521,-0.9176419,0.1410293,0.9745159,0.174441,0.9132623,-0.1960825,0.3570766,moving,88.35018,-62.33868,16.83912,5.890834
05/11/2023 13:09:25.797096,844,True,True,True,True,Eyes,1.845937,0.1806873,-3.589502,0.9979516,-0.05523503,0.03227742,0.0,0.0,0.0,0.0,0.0,0.0,0.0,-3.994706,0.1457111,-0.4527777,1.949996,0.1919746,-3.513485,0.1126204,0.5520445,-0.01105789,0.8261001,11.43642,68.12868,6.212821,0.4513551,0.04338535,-0.8912868,0.3285806,-0.01490924,0.09606092,3.445438,-0.03111668,-3.996368,0.5796,0.2002291,1.915001,0.3902493,0.1060731,-0.9145786,0.1426128,0.9743888,0.1738625,0.9095972,-0.1982803,0.3651271,moving,88.14749,-59.69948,16.83912,5.969058
05/11/2023 13:09:25.807854,845,True,True,True,True,Eyes,1.851319,0.1811572,-3.586366,0.9978253,-0.0551254,0.03613632,0.0,0.0,0.0,0.0,0.0,0.0,0.0,-3.998347,0.1415283,-0.4262129,1.959056,0.1921728,-3.509079,0.1111212,0.5483843,-0.01108224,0.8287364,11.32272,67.58736,6.059444,0.4519077,0.04351896,-0.8910004,0.3088657,-0.01401469,0.09029727,3.459768,-0.02424949,-3.983922,0.5796005,0.2028155,1.915,0.3983036,0.1035057,-0.9113951,0.1402427,0.9750586,0.1720256,0.9064692,-0.1963349,0.3738534,moving,87.92593,-56.75399,16.83914,6.045593
05/11/2023 13:09:25.827416,846,True,True,True,True,Eyes,1.856863,0.1816023,-3.583172,0.9976795,-0.05490115,0.04026661,0.0,0.0,0.0,0.0,0.0,0.0,0.0,-4.001755,0.1432701,-0.3979268,1.968122,0.1921753,-3.504637,0.109837,0.5444587,-0.01043724,0.8314996,11.18772,67.01936,5.982632,0.4525409,0.04365097,-0.8906727,0.2903338,-0.01317381,0.08487943,3.470597,-0.0359088,-3.972628,0.5795999,0.2054971,1.915,0.4069115,0.1022463,-0.9077272,0.1369606,0.9756538,0.1712936,0.9031416,-0.1940241,0.383001,moving,87.68878,-53.74225,16.83913,6.124924
05/11/2023 13:09:25.837003,847,True,True,True,True,Eyes,1.862705,0.1820641,-3.580241,0.9975662,-0.05272004,0.04563132,0.0,0.0,0.0,0.0,0.0,0.0,0.0,-4.00534,0.1464139,-0.3665955,1.977463,0.1920072,-3.500192,0.1081082,0.5401875,-0.009418495,0.8345186,10.98851,66.39928,5.909961,0.453252,0.04378127,-0.8903047,0.2729138,-0.01238338,0.07978667,3.482437,-0.04382731,-3.960014,0.5796,0.2081848,1.915,0.4162175,0.1010776,-0.9036295,0.1325173,0.9764478,0.1702612,0.8995566,-0.1906122,0.3930201,moving,87.38097,-49.1225,16.83913,6.204414
05/11/2023 13:09:25.857105,848,True,True,True,True,Eyes,1.868694,0.1824776,-3.577243,0.9974034,-0.05061767,0.0512275,0.0,0.0,0.0,0.0,0.0,0.0,0.0,-4.008902,0.1443982,-0.3325449,1.986718,0.1913486,-3.495578,0.106232,0.5356715,-0.009135166,0.8376676,10.82215,65.74185,5.755877,0.4540356,0.04390988,-0.8898991,0.2565389,-0.01164038,0.07499947,3.493934,-0.05061079,-3.945923,0.5795999,0.2108677,1.915001,0.4259451,0.09850641,-0.8993705,0.1291153,0.9772626,0.1681873,0.8954887,-0.1877611,0.4035415,moving,87.05982,-44.65693,16.83912,6.283731
05/11/2023 13:09:25.881778,849,True,True,True,True,Eyes,1.874766,0.1828208,-3.574044,0.9971907,-0.04867166,0.05693705,0.0,0.0,0.0,0.0,0.0,0.0,0.0,-4.012433,0.143632,-0.2971697,1.996055,0.1906389,-3.491128,0.1053676,0.530933,-0.009235129,0.8407868,10.77717,65.07388,5.629009,0.4548884,0.04403583,-0.8894575,0.2411466,-0.01094195,0.07049949,3.506074,-0.05548764,-3.932712,0.5796002,0.2135304,1.915,0.4360498,0.09635671,-0.894749,0.1274158,0.9776248,0.1673769,0.8908568,-0.1869898,0.4140157,moving,86.73211,-40.52491,16.83914,6.362434
05/11/2023 13:09:25.897395,850,True,True,True,True,Eyes,2.030089,0.1898673,-3.492532,0.9787523,-0.002939747,0.2050251,0.0,0.0,0.0,0.0,0.0,0.0,0.0,-4.015284,0.1456574,-0.2624525,2.005443,0.1898056,-3.48637,0.1050019,0.5261757,-0.009209463,0.8438182,10.77172,64.41582,5.546859,0.4558057,0.04415758,-0.8889818,0.2266778,-0.01028544,0.06626952,3.518956,-0.05171789,-3.921538,0.5796,0.2163368,1.915,0.4461088,0.09495661,-0.8899271,0.1260411,0.9777796,0.1675134,0.886059,-0.1868965,0.4242276,moving,78.16898,-0.8214779,16.83914,6.445356
05/11/2023 13:09:25.907795,851,True,True,True,True,Eyes,2.03044,0.1898155,-3.492284,0.9786738,-0.003202551,0.2053953,0.0,0.0,0.0,0.0,0.0,0.0,0.0,-4.018047,0.151675,-0.2252491,2.014898,0.1886368,-3.481816,0.1055128,0.5210568,-0.009181401,0.8469253,10.85306,63.72685,5.516002,0.4636447,0.0444876,-0.8849023,0.6790459,0.01147121,0.3068272,3.531533,-0.04846375,-3.911688,0.5796002,0.2189681,1.914999,0.4568308,0.09440441,-0.8845301,0.1255083,0.9775655,0.1691549,0.8806551,-0.188291,0.4347335,moving,78.14729,-0.8932912,16.83914,6.52308
05/11/2023 13:09:25.927612,852,True,True,True,True,Eyes,2.031171,0.1897212,-3.491853,0.9784827,-0.003536023,0.2062985,0.0,0.0,0.0,0.0,0.0,0.0,0.0,-4.020638,0.1579546,-0.1830523,2.02426,0.1876279,-3.477233,0.1070864,0.5153427,-0.00975104,0.8502113,11.07784,62.97527,5.484262,0.4698695,0.04476918,-0.8815986,0.6383031,0.01078294,0.2884175,3.544285,-0.04365863,-3.901273,0.5796003,0.2217077,1.915,0.4686535,0.09379154,-0.8783888,0.1269533,0.9768748,0.1720419,0.874212,-0.1921424,0.4459087,moving,78.09441,-0.981972,16.83914,6.603974
05/11/2023 13:09:25.947522,853,True,True,True,True,Eyes,2.032259,0.1895764,-3.491236,0.9782063,-0.003995133,0.2075968,0.0,0.0,0.0,0.0,0.0,0.0,0.0,-4.022984,0.165922,-0.1378253,2.033993,0.1865384,-3.472607,0.1078705,0.5092756,-0.009709059,0.8537611,11.19101,62.1679,5.45716,0.4748184,0.04500951,-0.8789309,0.6000049,0.01013596,0.2711125,3.557245,-0.03672886,-3.890442,0.5796,0.2244193,1.915,0.4810882,0.09329318,-0.8716941,0.1264501,0.9765394,0.1743021,0.8675048,-0.1940805,0.4580047,moving,78.01835,-1.102502,16.83913,6.684019
05/11/2023 13:09:25.957460,854,True,True,True,True,Eyes,2.033707,0.1893772,-3.490456,0.9778156,-0.004576176,0.2094176,0.0,0.0,0.0,0.0,0.0,0.0,0.0,-4.024706,0.1765655,-0.09016311,2.043619,0.1852536,-3.467978,0.1087225,0.5029041,-0.009394959,0.8574256,11.29687,61.32568,5.45623,0.4787606,0.04521393,-0.8767793,0.5640046,0.009527802,0.2548457,3.569868,-0.03081103,-3.879236,0.5796002,0.2268486,1.915001,0.4939984,0.09324306,-0.8644485,0.125465,0.9761823,0.1769934,0.8603628,-0.1958925,0.4705338,moving,77.91164,-1.251824,16.83913,6.755703
05/11/2023 13:09:25.977354,855,True,True,True,True,Eyes,2.035502,0.1891289,-3.489515,0.977359,-0.005231288,0.2115229,0.0,0.0,0.0,0.0,0.0,0.0,0.0,-4.026312,0.1840461,-0.04167664,2.053565,0.1837918,-3.463507,0.11002,0.4964021,-0.009827165,0.8610367,11.49129,60.47257,5.404891,0.4819118,0.04538655,-0.8750424,0.5301643,0.008956134,0.239555,3.582697,-0.02514333,-3.86677,0.5796,0.2296801,1.915,0.5069768,0.09230522,-0.8570031,0.1261514,0.975598,0.179706,0.8526784,-0.199219,0.4829611,moving,77.78822,-1.416724,16.83913,6.839237
05/11/2023 13:09:25.997422,856,True,True,True,True,Eyes,2.037643,0.1888363,-3.488422,0.9767867,-0.005910285,0.2141326,0.0,0.0,0.0,0.0,0.0,0.0,0.0,-4.027449,0.1897028,0.00729692,2.063615,0.1824239,-3.458988,0.1108151,0.4898594,-0.01023629,0.8646693,11.63437,59.60824,5.323078,0.4844448,0.04553071,-0.8736352,0.4983544,0.008418766,0.2251817,3.595075,-0.02143067,-3.853884,0.5795999,0.2322008,1.915,0.5198659,0.09086558,-0.8494014,0.1262696,0.9752305,0.1816081,0.8448641,-0.2016654,0.4955156,moving,77.63513,-1.581022,16.83913,6.913575
05/11/2023 13:09:26.010190,857,True,True,True,True,Eyes,2.040107,0.1885047,-3.487153,0.9761613,-0.006499647,0.216949,0.0,0.0,0.0,0.0,0.0,0.0,0.0,-4.028106,0.196416,0.05681908,2.073921,0.1810951,-3.454489,0.1110102,0.4832354,-0.01015624,0.8683646,11.68965,58.72899,5.252682,0.4864984,0.04564917,-0.8724872,0.4684532,0.00791364,0.2116708,3.607828,-0.01626051,-3.840779,0.5795996,0.2348589,1.914999,0.5327607,0.08964947,-0.841504,0.1249267,0.9751472,0.1829789,0.8369942,-0.2026103,0.5083205,moving,77.46983,-1.71603,16.83912,6.99194
05/11/2023 13:09:26.027200,858,True,True,True,True,Eyes,2.04291,0.1881478,-3.485742,0.9754114,-0.007115738,0.220277,0.0,0.0,0.0,0.0,0.0,0.0,0.0,-4.028081,0.2042642,0.107216,2.084438,0.1799305,-3.449841,0.1113213,0.4764474,-0.009968318,0.8720701,11.75099,57.83439,5.197545,0.4882993,0.04574591,-0.8714755,0.440346,0.007438821,0.1989705,3.620538,-0.008915402,-3.829318,0.5795993,0.2375749,1.915,0.545797,0.08869132,-0.8332104,0.1234636,0.9750164,0.1846611,0.8287717,-0.2036587,0.5212108,moving,77.27437,-1.850216,16.83912,7.071981
05/11/2023 13:09:26.037210,859,True,True,True,True,Eyes,2.046038,0.1877675,-3.484195,0.9745943,-0.007601443,0.2238487,0.0,0.0,0.0,0.0,0.0,0.0,0.0,-4.027578,0.211948,0.1601416,2.095248,0.1789928,-3.445264,0.1115774,0.4693433,-0.009777073,0.8758835,11.80814,56.90075,5.135021,0.4899863,0.04582384,-0.8705239,0.4139252,0.006992492,0.1870323,3.632704,-0.003641292,-3.820784,0.5796,0.2402785,1.915,0.5592426,0.08760906,-0.8243619,0.1218634,0.9749098,0.18628,0.8199983,-0.2046352,0.5345348,moving,77.06443,-1.9449,16.83913,7.151633
05/11/2023 13:09:26.057074,860,True,True,True,True,Eyes,2.049492,0.1873331,-3.482528,0.9736511,-0.008014596,0.2279021,0.0,0.0,0.0,0.0,0.0,0.0,0.0,-4.026417,0.2188741,0.2145494,2.106094,0.1780609,-3.440732,0.1114043,0.4620821,-0.00945878,0.8797612,11.81544,55.94395,5.058988,0.4915783,0.04588423,-0.8696228,0.3890897,0.006572942,0.1758104,3.644392,-0.002790079,-3.81537,0.5795999,0.2429339,1.915001,0.5727814,0.08631294,-0.8151512,0.1195988,0.9749992,0.1872769,0.8109363,-0.2047599,0.5481384,moving,76.82597,-2.014081,16.83912,7.229831
05/11/2023 13:09:26.077111,861,True,True,True,True,Eyes,2.053254,0.1868782,-3.480741,0.972648,-0.00848921,0.2321286,0.0,0.0,0.0,0.0,0.0,0.0,0.0,-4.025328,0.2179345,0.2686183,2.117275,0.176352,-3.436417,0.1097032,0.4549748,-0.009447936,0.8836707,11.68203,54.98352,4.869408,0.4930919,0.04592744,-0.8687633,0.3657443,0.006178566,0.1652617,3.656258,0.001825288,-3.808487,0.5796006,0.2455707,1.915,0.5858174,0.08312667,-0.8061688,0.1165221,0.9757518,0.1852859,0.8020229,-0.2024802,0.5619263,moving,76.57708,-2.09444,16.83915,7.307463
05/11/2023 13:09:26.097369,862,True,True,True,True,Eyes,2.057345,0.1864169,-3.478824,0.9715093,-0.008842521,0.2368364,0.0,0.0,0.0,0.0,0.0,0.0,0.0,-4.023339,0.2188484,0.3224955,2.128331,0.1754767,-3.431991,0.1109801,0.4476792,-0.01086253,0.8872141,11.92623,54.04082,4.695438,0.4945423,0.04595464,-0.8679371,0.3437996,0.005807852,0.155346,3.667913,0.005106911,-3.801262,0.5796003,0.248469,1.915,0.5989307,0.08009221,-0.7967857,0.1186418,0.9751309,0.1872004,0.7919636,-0.2066521,0.5745334,moving,76.29956,-2.138202,16.83914,7.392759
05/11/2023 13:09:26.107497,863,True,True,True,True,Eyes,2.06171,0.1859445,-3.476771,0.9702932,-0.009022202,0.2417639,0.0,0.0,0.0,0.0,0.0,0.0,0.0,-4.02046,0.2248772,0.3773887,2.140233,0.1748497,-3.427232,0.1094527,0.4402595,-0.009775065,0.8911208,11.75214,53.05979,4.625592,0.4959433,0.04596722,-0.8671367,0.3231716,0.005459381,0.1460253,3.679382,0.003895886,-3.793614,0.5796005,0.2509869,1.915001,0.6121521,0.07895367,-0.7867885,0.1137967,0.9758491,0.1864641,0.7825089,-0.2036783,0.5883834,moving,76.00875,-2.137186,16.83914,7.466834
05/11/2023 13:09:26.127526,864,True,True,True,True,Eyes,2.066379,0.1854593,-3.474615,0.9689342,-0.009294869,0.2471443,0.0,0.0,0.0,0.0,0.0,0.0,0.0,-4.016786,0.2271553,0.4365757,2.151707,0.1742263,-3.422947,0.1083909,0.432411,-0.009575427,0.8950868,11.67264,52.02859,4.485955,0.4973063,0.04596634,-0.8663558,0.3037814,0.005131818,0.1372637,3.691532,0.009316884,-3.787282,0.5795999,0.2538337,1.915001,0.6258579,0.07659721,-0.7761666,0.1108806,0.9763194,0.1857576,0.7720151,-0.2023197,0.6025441,moving,75.69078,-2.153826,16.83912,7.55055
05/11/2023 13:09:26.147184,865,True,True,True,True,Eyes,2.071223,0.1849533,-3.472219,0.9667193,-0.009385817,0.2556673,0.0,0.0,0.0,0.0,0.0,0.0,0.0,-4.012974,0.2198457,0.495559,2.163591,0.1735062,-3.418574,0.1078769,0.4245761,-0.01111794,0.8988739,11.73446,50.99793,4.194664,0.4986421,0.04595296,-0.8655883,0.2855545,0.004823909,0.1290279,3.703368,0.01496302,-3.781263,0.5796,0.2564283,1.915001,0.639223,0.07161663,-0.7656795,0.1115911,0.976478,0.1844946,0.760882,-0.2033762,0.6161954,moving,75.1862,-2.102444,16.83913,7.626828
05/11/2023 13:09:26.157115,866,True,True,True,True,Eyes,2.076347,0.1844425,-3.46974,0.9643432,-0.009507124,0.2644837,0.0,0.0,0.0,0.0,0.0,0.0,0.0,-4.008535,0.2150723,0.5519748,2.175486,0.1728052,-3.414189,0.106219,0.4170297,-0.01151145,0.9025915,11.61568,50.00122,3.969791,0.4999586,0.04592796,-0.8648299,0.2684212,0.004534474,0.1212862,3.715622,0.02308735,-3.773283,0.5796006,0.2589207,1.915001,0.6519074,0.06781267,-0.7552604,0.1093732,0.9771701,0.1821434,0.7503694,-0.2013459,0.6296074,moving,74.66301,-2.058666,16.83914,7.700071
05/11/2023 13:09:26.177422,867,True,True,True,True,Eyes,2.081784,0.1839478,-3.467221,0.9618142,-0.009563277,0.2735361,0.0,0.0,0.0,0.0,0.0,0.0,0.0,-4.002894,0.2171507,0.6094743,2.187342,0.1722022,-3.409935,0.1059253,0.4091958,-0.0117807,0.9062008,11.63174,48.99292,3.824866,0.5012639,0.04589231,-0.864076,0.2523159,0.004262405,0.1140091,3.728592,0.03969076,-3.762696,0.5795998,0.2616084,1.915,0.66484,0.06533704,-0.7441229,0.1080398,0.977282,0.182338,0.7391314,-0.2016204,0.6426772,moving,74.12446,-2.00234,16.83912,7.779029
05/11/2023 13:09:26.194600,868,True,True,True,True,Eyes,2.087491,0.1835762,-3.464607,0.9591084,-0.009916966,0.2828653,0.0,0.0,0.0,0.0,0.0,0.0,0.0,-3.996217,0.2166851,0.6690348,2.199288,0.1719801,-3.405563,0.1053698,0.401122,-0.01221979,0.9098622,11.62745,47.95295,3.646518,0.5025648,0.04584732,-0.8633223,0.237177,0.004006661,0.1071685,3.74062,0.04772057,-3.752332,0.5796,0.2643515,1.915001,0.6779037,0.06229561,-0.7325066,0.1067689,0.9774958,0.1819407,0.7273562,-0.2015472,0.6559967,moving,73.56788,-2.007909,16.83913,7.85958
05/11/2023 13:09:26.207511,869,True,True,True,True,Eyes,2.09359,0.183349,-3.461975,0.9562392,-0.01002539,0.292414,0.0,0.0,0.0,0.0,0.0,0.0,0.0,-3.988426,0.2213373,0.7282927,2.21143,0.1746471,-3.400885,0.1082534,0.3928076,-0.01377694,0.913123,12.03568,46.92305,3.510498,0.5038684,0.04579686,-0.8625648,0.2229464,0.003766261,0.1007384,3.752367,0.05327239,-3.74227,0.5795999,0.2670907,1.915001,0.6910248,0.05988543,-0.7203462,0.1102056,0.9761828,0.186874,0.7143806,-0.2085207,0.6679667,moving,72.99658,-1.963611,16.83912,7.939989
05/11/2023 13:09:26.227190,870,True,True,True,True,Eyes,2.099926,0.1832102,-3.459251,0.9531932,-0.009962391,0.3021978,0.0,0.0,0.0,0.0,0.0,0.0,0.0,-3.980519,0.2212818,0.7841136,2.224312,0.1775209,-3.395476,0.1061417,0.3850476,-0.01257919,0.9166865,11.78762,45.92384,3.436423,0.5051811,0.04574486,-0.8617995,0.2095696,0.003540286,0.09469411,3.764093,0.0633699,-3.732532,0.5796002,0.2698476,1.915,0.7031602,0.05867688,-0.7086063,0.1048016,0.9771513,0.1849101,0.7032655,-0.2042845,0.6809445,moving,72.40944,-1.888155,16.83913,8.020885
05/11/2023 13:09:26.237298,871,True,True,True,True,Eyes,2.263877,0.1834471,-3.388134,0.8422139,-0.0161396,0.5389019,0.0,0.0,0.0,0.0,0.0,0.0,0.0,-3.971791,0.2211528,0.8404832,2.236251,0.1794804,-3.390784,0.1038643,0.3773147,-0.01140878,0.9201716,11.52265,44.93082,3.357348,0.5065067,0.04569359,-0.8610238,0.1969954,0.003327868,0.08901246,3.775578,0.0710986,-3.718563,0.5796003,0.2725715,1.915,0.7150069,0.05738297,-0.6967584,0.09937512,0.9781641,0.1825365,0.6920187,-0.1997553,0.6936917,moving,57.38631,-1.715441,16.83914,8.10078
05/11/2023 13:09:26.257442,872,True,True,True,True,Eyes,2.264382,0.1835504,-3.387895,0.841815,-0.0156553,0.539539,0.0,0.0,0.0,0.0,0.0,0.0,0.0,-3.960674,0.2346958,0.8987625,2.24827,0.1831238,-3.385489,0.1080153,0.3688192,-0.0124123,0.9231203,12.03904,43.90785,3.327124,0.5143229,0.04562681,-0.8563814,0.6770306,0.003838982,0.2970232,3.788249,0.0871554,-3.696433,0.5796002,0.274992,1.915,0.7276367,0.05676016,-0.6836104,0.1025923,0.9763572,0.1902665,0.6782475,-0.2085781,0.7046102,moving,57.34324,-1.662032,16.83913,8.17175
05/11/2023 13:09:26.277169,873,True,True,True,True,Eyes,2.265312,0.1837116,-3.387464,0.8411559,-0.01513378,0.5405809,0.0,0.0,0.0,0.0,0.0,0.0,0.0,-3.948897,0.235878,0.9589771,2.260853,0.1855875,-3.379817,0.1026105,0.3605672,-0.008775601,0.9270305,11.33671,42.84205,3.37519,0.5205889,0.04556669,-0.8525901,0.6364087,0.003608643,0.2792018,3.798002,0.0730207,-3.683392,0.5795997,0.2804139,1.915,0.7398286,0.05772543,-0.6703144,0.09026642,0.9787881,0.1839177,0.6667125,-0.1965744,0.7189248,moving,57.27259,-1.603599,16.83912,8.33063
05/11/2023 13:09:26.295152,874,True,True,True,True,Eyes,2.266672,0.1839153,-3.386829,0.8401287,-0.01474256,0.5421866,0.0,0.0,0.0,0.0,0.0,0.0,0.0,-3.935852,0.2442968,1.019604,2.272182,0.1871715,-3.375257,0.1032889,0.352029,-0.008468713,0.9302341,11.42752,41.7898,3.331778,0.5256251,0.0455151,-0.8494974,0.5982242,0.003392124,0.2624497,3.809843,0.07283004,-3.669857,0.5796001,0.2830508,1.915001,0.7520078,0.05696561,-0.656688,0.08847715,0.9785193,0.1862033,0.6531891,-0.1981282,0.7308141,moving,57.16336,-1.557542,16.83913,8.407851
05/11/2023 13:09:26.309730,875,True,True,True,True,Eyes,2.268461,0.1841297,-3.386036,0.8388926,-0.01413477,0.5441135,0.0,0.0,0.0,0.0,0.0,0.0,0.0,-3.92178,0.2527258,1.078992,2.283822,0.1884295,-3.370031,0.1043628,0.3434839,-0.008473127,0.9333037,11.57351,40.74173,3.269786,0.5296883,0.04547286,-0.8469722,0.5623308,0.003188597,0.2467027,3.822903,0.1213163,-3.654338,0.5796004,0.2857262,1.915001,0.7638941,0.05587789,-0.642918,0.08750988,0.9780732,0.1889836,0.6393809,-0.2006251,0.7422545,moving,57.03218,-1.488073,16.83914,8.486169
05/11/2023 13:09:26.327664,876,True,True,True,True,Eyes,2.270602,0.1843714,-3.385071,0.8373588,-0.01391695,0.5464764,0.0,0.0,0.0,0.0,0.0,0.0,0.0,-3.908426,0.2471646,1.135291,2.295041,0.1888013,-3.364954,0.1013361,0.3356422,-0.007698745,0.9364915,11.2429,39.74422,3.133036,0.5329838,0.04543959,-0.8449041,0.5285909,0.002997281,0.2319005,3.831818,0.1155366,-3.640737,0.5796003,0.2885136,1.915,0.77457,0.05360571,-0.6302125,0.08244495,0.9793434,0.1846327,0.6270918,-0.1949688,0.7541506,moving,56.87077,-1.45882,16.83914,8.567738
05/11/2023 13:09:26.337031,877,True,True,True,True,Eyes,2.273098,0.1846653,-3.383893,0.8356598,-0.0135444,0.5490804,0.0,0.0,0.0,0.0,0.0,0.0,0.0,-3.894792,0.2527907,1.186891,2.305567,0.1898224,-3.360111,0.1048671,0.3279814,-0.009887897,0.9387935,11.73487,38.81746,2.940315,0.5356759,0.04541523,-0.8432012,0.4968755,0.002817444,0.2179865,3.84256,0.1213032,-3.624226,0.5796003,0.2910517,1.915,0.7846609,0.05022352,-0.6178874,0.08735429,0.9778103,0.190411,0.6137397,-0.2033832,0.7628622,moving,56.6926,-1.413053,16.83914,8.641973
05/11/2023 13:09:26.357429,878,True,True,True,True,Eyes,2.275903,0.1849869,-3.382515,0.8336987,-0.01292684,0.5520681,0.0,0.0,0.0,0.0,0.0,0.0,0.0,-3.881198,0.2431196,1.236293,2.316391,0.1913506,-3.353944,0.1028875,0.320833,-0.01020319,0.9414757,11.55329,37.91291,2.738364,0.5378982,0.04540026,-0.8417862,0.467063,0.002648398,0.2049073,3.852538,0.1378814,-3.60714,0.5796005,0.2939053,1.915,0.7939243,0.0468073,-0.6062124,0.08523153,0.9786201,0.1871852,0.6020133,-0.2002793,0.7729607,moving,56.48782,-1.341353,16.83915,8.725407
05/11/2023 13:09:26.377007,879,True,True,True,True,Eyes,2.278988,0.1853012,-3.380951,0.831619,-0.01242522,0.5552076,0.0,0.0,0.0,0.0,0.0,0.0,0.0,-3.867253,0.2268504,1.285162,2.326563,0.1923202,-3.347964,0.09875053,0.3139234,-0.009965343,0.9442464,11.1131,37.02512,2.522166,0.5398889,0.04539414,-0.8405111,0.4390392,0.002489494,0.1926129,3.861678,0.1323069,-3.587871,0.5796,0.2965505,1.915,0.8027057,0.04318071,-0.5948102,0.08081967,0.980298,0.180233,0.5908738,-0.1927464,0.7834009,moving,56.27203,-1.282032,16.83913,8.802713
05/11/2023 13:09:26.397078,880,True,True,True,True,Eyes,2.282342,0.1856406,-3.379173,0.8292758,-0.01170453,0.558717,0.0,0.0,0.0,0.0,0.0,0.0,0.0,-3.853251,0.2296144,1.327977,2.33617,0.1925129,-3.342011,0.0994867,0.3073379,-0.01052299,0.9463272,11.23083,36.22134,2.409467,0.5417486,0.04539571,-0.8393136,0.4126968,0.002340124,0.1810561,3.872451,0.157525,-3.562385,0.5795996,0.2992209,1.915,0.8108653,0.04123568,-0.5837783,0.08106845,0.9799834,0.1818257,0.5795907,-0.1947622,0.7912916,moving,56.03025,-1.200111,16.83912,8.880722
05/11/2023 13:09:26.407593,881,True,True,True,True,Eyes,2.285928,0.185996,-3.377189,0.8267819,-0.01078541,0.5624191,0.0,0.0,0.0,0.0,0.0,0.0,0.0,-3.837048,0.237539,1.373371,2.345948,0.1933724,-3.335363,0.0972156,0.300385,-0.007909759,0.948818,10.90796,35.37627,2.532887,0.5434974,0.04540486,-0.8381817,0.387935,0.002199717,0.1701927,3.881973,0.1838008,-3.533364,0.5795999,0.3018015,1.915,0.8194126,0.04339437,-0.5715593,0.07341406,0.9809731,0.1797279,0.5684834,-0.1892318,0.800636,moving,55.77448,-1.098616,16.83913,8.956077
05/11/2023 13:09:26.427362,882,True,True,True,True,Eyes,2.289734,0.1863499,-3.374997,0.8240626,-0.009929189,0.5664116,0.0,0.0,0.0,0.0,0.0,0.0,0.0,-3.819681,0.245452,1.41998,2.355342,0.1940852,-3.328851,0.0958268,0.2932462,-0.005987971,0.9512036,10.70856,34.51299,2.613841,0.5451527,0.04542128,-0.8371052,0.3646589,0.002067734,0.1599812,3.891571,0.2015067,-3.504683,0.5795999,0.3044473,1.915,0.8279417,0.04481013,-0.5590213,0.06759324,0.9815627,0.1787897,0.556726,-0.1858135,0.8096478,moving,55.49768,-1.004291,16.83913,9.033301
05/11/2023 13:09:26.447064,883,True,True,True,True,Eyes,2.293725,0.1866803,-3.372605,0.8212761,-0.009256889,0.5704559,0.0,0.0,0.0,0.0,0.0,0.0,0.0,-3.803319,0.2454388,1.462116,2.364429,0.1944325,-3.321887,0.09568113,0.2866374,-0.006232566,0.9532289,10.71857,33.7074,2.506485,0.5467302,0.04544428,-0.8360745,0.3427794,0.00194367,0.1503823,3.900839,0.2274438,-3.477462,0.5796,0.3071185,1.915,0.8356004,0.04296945,-0.5476547,0.06673369,0.9816126,0.1788391,0.5452694,-0.185985,0.8173683,moving,55.21627,-0.9296671,16.83913,9.111236
05/11/2023 13:09:26.457101,884,True,True,True,True,Eyes,2.297863,0.1869905,-3.370026,0.8183217,-0.008962101,0.5746905,0.0,0.0,0.0,0.0,0.0,0.0,0.0,-3.788182,0.2434688,1.499294,2.372921,0.1942826,-3.314964,0.09642865,0.2806457,-0.00750065,0.9549258,10.85794,32.97611,2.322544,0.5482432,0.04547271,-0.8350815,0.3222126,0.001827049,0.1413594,3.909457,0.2388829,-3.453687,0.5795998,0.3097769,1.915,0.8423634,0.03979944,-0.5374382,0.0684497,0.9812905,0.1799544,0.5345451,-0.1883745,0.823879,moving,54.92043,-0.8934357,16.83913,9.188765
05/11/2023 13:09:26.477376,885,True,True,True,True,Eyes,2.302142,0.1872897,-3.367266,0.815311,-0.008971735,0.5789538,0.0,0.0,0.0,0.0,0.0,0.0,0.0,-3.773063,0.2458378,1.533617,2.380604,0.194235,-3.308084,0.09968435,0.274904,-0.01004731,0.9562374,11.31296,32.28437,2.080137,0.5497031,0.04550562,-0.8341195,0.3028799,0.001717426,0.1328778,3.918134,0.2346983,-3.42986,0.5796003,0.3124738,1.915,0.8486536,0.03559203,-0.5277502,0.07402249,0.9799241,0.1851197,0.5237439,-0.1961679,0.8289816,moving,54.62137,-0.8878107,16.83914,9.267377
05/11/2023 13:09:26.497460,886,True,True,True,True,Eyes,2.306527,0.1875805,-3.364315,0.8121419,-0.009274644,0.5833863,0.0,0.0,0.0,0.0,0.0,0.0,0.0,-3.757691,0.2464692,1.566942,2.387941,0.1943896,-3.300946,0.102781,0.2692831,-0.01272689,0.9574763,11.75195,31.60314,1.813504,0.5511193,0.04554236,-0.8331825,0.2847071,0.001614381,0.1249051,3.926546,0.2310457,-3.40389,0.5796,0.3151616,1.915001,0.8546493,0.03098299,-0.5182805,0.07972579,0.9785482,0.1899665,0.5130481,-0.2036751,0.8338454,moving,54.30916,-0.9108085,16.83913,9.34569
05/11/2023 13:09:26.517195,887,True,True,True,True,Eyes,2.311015,0.1878508,-3.361185,0.8088747,-0.009662933,0.5879017,0.0,0.0,0.0,0.0,0.0,0.0,0.0,-3.741686,0.2526981,1.599033,2.394872,0.1945795,-3.293585,0.1057373,0.2637278,-0.01442798,0.9586756,12.14261,30.93798,1.647566,0.5524997,0.04558244,-0.8322655,0.2676246,0.001517518,0.1174108,3.934224,0.225352,-3.37651,0.5795996,0.3179128,1.915001,0.8604789,0.02810824,-0.50871,0.08343524,0.9772229,0.1951255,0.5026078,-0.2103457,0.8385345,moving,53.98981,-0.9416464,16.83912,9.425817
05/11/2023 13:09:26.527393,888,True,True,True,True,Eyes,2.315572,0.188111,-3.357875,0.805442,-0.01032433,0.5925847,0.0,0.0,0.0,0.0,0.0,0.0,0.0,-3.724459,0.26245,1.631644,2.401371,0.1943898,-3.286087,0.1080403,0.2580595,-0.01514407,0.9599496,12.42976,30.26428,1.565924,0.5538525,0.04562517,-0.8313636,0.2515672,0.001426467,0.1103662,3.942028,0.2097824,-3.352605,0.5796003,0.3205621,1.914999,0.8663518,0.02668658,-0.4987206,0.08483674,0.9761959,0.1996104,0.4921759,-0.2152426,0.8434651,moving,53.65711,-0.9981365,16.83915,9.502943
05/11/2023 13:09:26.537248,889,True,True,True,True,Eyes,2.320184,0.1884012,-3.354373,0.8007119,-0.01000113,0.5989661,0.0,0.0,0.0,0.0,0.0,0.0,0.0,-3.706668,0.2813639,1.662956,2.407588,0.1944738,-3.278671,0.1117137,0.2523695,-0.01549666,0.9610357,12.85847,29.6037,1.563499,0.5551831,0.04567011,-0.8304731,0.2364731,0.001340879,0.1037442,3.949829,0.2016711,-3.33026,0.5795999,0.3231095,1.915,0.8721389,0.02660059,-0.4885346,0.08617197,0.9745598,0.2069,0.4816098,-0.2225435,0.8476593,moving,53.20197,-0.9565968,16.83913,9.577062
05/11/2023 13:09:26.557075,890,True,True,True,True,Eyes,2.324848,0.1886802,-3.350675,0.7958594,-0.00948696,0.6054072,0.0,0.0,0.0,0.0,0.0,0.0,0.0,-3.688996,0.2997278,1.691784,2.413571,0.1952184,-3.270662,0.1135829,0.2470057,-0.01432149,0.9622275,13.0417,28.98613,1.679356,0.5564966,0.04571792,-0.8295909,0.2222847,0.001260426,0.09751955,3.957548,0.1968864,-3.309221,0.5795997,0.3257958,1.915001,0.8775662,0.02855018,-0.4786048,0.0836723,0.9737877,0.2115102,0.4720981,-0.2256601,0.8521742,moving,52.73989,-0.897773,16.83912,9.655188
05/11/2023 13:09:26.577344,891,True,True,True,True,Eyes,2.329603,0.1889544,-3.346818,0.7907203,-0.008774868,0.6121147,0.0,0.0,0.0,0.0,0.0,0.0,0.0,-3.671688,0.3088145,1.72012,2.419446,0.1951437,-3.262464,0.1118263,0.2419461,-0.01173719,0.9637527,12.78101,28.39251,1.85031,0.5577981,0.0457682,-0.8287135,0.2089476,0.0011848,0.09166838,3.96491,0.1938238,-3.287244,0.5796,0.328489,1.915,0.8826486,0.03148837,-0.4689775,0.07673536,0.9747143,0.2098662,0.4637274,-0.2212253,0.857914,moving,52.25572,-0.8212978,16.83913,9.733489
05/11/2023 13:09:26.595369,892,True,True,True,True,Eyes,2.33438,0.1892057,-3.342754,0.7854577,-0.007851205,0.6188655,0.0,0.0,0.0,0.0,0.0,0.0,0.0,-3.653099,0.3222955,1.748693,2.424716,0.1950312,-3.254174,0.1116561,0.2367164,-0.009762169,0.9650922,12.71718,27.78544,1.998561,0.5590925,0.04582068,-0.8278378,0.1964108,0.001113712,0.08616828,3.972242,0.1990678,-3.264429,0.5796005,0.3311437,1.915,0.8877401,0.03401887,-0.4590862,0.07170444,0.9748752,0.2108952,0.4547262,-0.2201386,0.8629965,moving,51.76527,-0.7268409,16.83914,9.810625
05/11/2023 13:09:26.607614,893,True,True,True,True,Eyes,2.339121,0.1894096,-3.338476,0.7799804,-0.006631508,0.6257688,0.0,0.0,0.0,0.0,0.0,0.0,0.0,-3.634104,0.3259141,1.778192,2.429996,0.1946507,-3.245325,0.1092063,0.2315063,-0.007485461,0.9666556,12.3918,27.16635,2.117735,0.5603824,0.04587473,-0.8269624,0.1846261,0.00104689,0.08099818,3.979206,0.2055818,-3.240126,0.5795999,0.3338284,1.915,0.8926976,0.03609214,-0.4492086,0.06503559,0.9760359,0.2076638,0.4459387,-0.2145955,0.8689577,moving,51.26036,-0.6071623,16.83913,9.888598
05/11/2023 13:09:26.627177,894,True,True,True,True,Eyes,2.343854,0.1895722,-3.334001,0.774385,-0.005479359,0.6326909,0.0,0.0,0.0,0.0,0.0,0.0,0.0,-3.614151,0.3308344,1.80802,2.434659,0.1936958,-3.23657,0.1074891,0.2262031,-0.005692519,0.9681145,12.16331,26.53774,2.204732,0.5616705,0.04592925,-0.826085,0.1735486,0.0009840762,0.07613829,3.985954,0.2142023,-3.214,0.5796003,0.3365596,1.915,0.8975995,0.03760671,-0.4392048,0.05965075,0.9768274,0.2055482,0.4367572,-0.2106988,0.8745565,moving,50.75037,-0.4961922,16.83914,9.967887
05/11/2023 13:09:26.637008,895,True,True,True,True,Eyes,2.348578,0.1896874,-3.329336,0.7686247,-0.004282621,0.6396856,0.0,0.0,0.0,0.0,0.0,0.0,0.0,-3.5939,0.3436752,1.835734,2.439225,0.1928519,-3.22756,0.108076,0.2209079,-0.004504588,0.9692775,12.21035,25.9227,2.287877,0.5629592,0.04598338,-0.8252043,0.1631357,0.0009250316,0.07156999,3.992256,0.2203947,-3.187018,0.5796005,0.3392274,1.915,0.9023588,0.03901728,-0.4292158,0.05648207,0.9765986,0.207521,0.4272685,-0.2115014,0.8790386,moving,50.23118,-0.3835828,16.83915,10.0453
05/11/2023 13:09:26.663123,896,True,True,True,True,Eyes,2.353263,0.1897486,-3.324481,0.7627456,-0.003126621,0.6466911,0.0,0.0,0.0,0.0,0.0,0.0,0.0,-3.572812,0.3544819,1.863665,2.443251,0.1917668,-3.218329,0.1075806,0.2156282,-0.00275506,0.9705274,12.12282,25.30815,2.406175,0.56425,0.04603615,-0.8243192,0.1533475,0.0008695297,0.06727578,3.998335,0.2225838,-3.15967,0.5796,0.3418306,1.915,0.9069937,0.04104709,-0.4191389,0.05174254,0.9768376,0.2076317,0.4179534,-0.2100079,0.8838618,moving,49.70717,-0.2770114,16.83913,10.1208
05/11/2023 13:09:26.677049,897,True,True,True,True,Eyes,2.467771,0.1900133,-3.197575,0.5948558,0.0220523,0.8035299,0.0,0.0,0.0,0.0,0.0,0.0,0.0,-3.551002,0.3636378,1.892263,2.447008,0.1905208,-3.209105,0.1076742,0.2102265,-0.00180193,0.9717036,12.12308,24.67546,2.448583,0.5655445,0.0460866,-0.8234288,0.1441467,0.000817358,0.06323924,4.004249,0.2239144,-3.132045,0.5796001,0.3446367,1.915,0.9116032,0.04177006,-0.4089437,0.04877383,0.976806,0.2084972,0.4081677,-0.2100125,0.8884222,moving,36.51267,1.572047,16.83913,10.20214
05/11/2023 13:09:26.697467,898,True,True,True,True,Eyes,2.467903,0.1899803,-3.19716,0.5945266,0.02204817,0.8037736,0.0,0.0,0.0,0.0,0.0,0.0,0.0,-3.528181,0.3732289,1.920731,2.450304,0.1894679,-3.199482,0.109091,0.2047048,-0.00187681,0.9727239,12.29816,24.0276,2.405689,0.571569,0.04619911,-0.8192521,0.4790223,0.001562429,0.4401619,4.00973,0.2223558,-3.103216,0.5796001,0.3473726,1.915001,0.9161849,0.04101165,-0.3986519,0.04831412,0.9761913,0.2114624,0.397833,-0.2129992,0.8923902,moving,36.48919,1.571276,16.83913,10.2814
05/11/2023 13:09:26.707679,899,True,True,True,True,Eyes,2.468136,0.189885,-3.196342,0.5940149,0.02220219,0.8041475,0.0,0.0,0.0,0.0,0.0,0.0,0.0,-3.506853,0.3701289,1.947401,2.453622,0.1886716,-3.189283,0.1086821,0.1995917,-0.002363665,0.9738304,12.2759,23.40997,2.274548,0.5764989,0.04629287,-0.8157851,0.450281,0.001468683,0.4137522,4.014444,0.2159601,-3.072215,0.5796003,0.3500178,1.915001,0.9203151,0.03878045,-0.3892507,0.04798768,0.9763653,0.2107323,0.3882231,-0.2126193,0.8967028,moving,36.45287,1.581511,16.83914,10.35801
05/11/2023 13:09:26.727629,900,True,True,True,True,Eyes,2.468451,0.1897086,-3.195134,0.5932357,0.02242103,0.8047165,0.0,0.0,0.0,0.0,0.0,0.0,0.0,-3.486802,0.3617197,1.971256,2.45634,0.1870986,-3.178972,0.1067347,0.1949907,-0.002460507,0.9749771,12.06888,22.84751,2.158216,0.5805519,0.04637028,-0.8129013,0.4232641,0.001380562,0.3889271,4.018679,0.2131952,-3.039317,0.5796002,0.3525184,1.915,0.9239451,0.03682669,-0.3807482,0.04642243,0.9772032,0.2071683,0.3796977,-0.2090874,0.9011726,moving,36.39758,1.595963,16.83914,10.43039
05/11/2023 13:09:26.737040,901,True,True,True,True,Eyes,2.468824,0.1894513,-3.193538,0.5923435,0.02273421,0.8053647,0.0,0.0,0.0,0.0,0.0,0.0,0.0,-3.467077,0.3620994,1.991797,2.458652,0.1849654,-3.168566,0.1057692,0.1906471,-0.002008843,0.975942,11.9592,22.33012,2.132806,0.5839021,0.04643252,-0.8104946,0.3978683,0.001297729,0.3655914,4.022123,0.2110879,-3.005038,0.5795999,0.3553892,1.914999,0.9272993,0.03640814,-0.3725459,0.0442502,0.9776177,0.2056831,0.3716961,-0.2072151,0.9049331,moving,36.33438,1.616943,16.83913,10.51345
05/11/2023 13:09:26.757362,902,True,True,True,True,Eyes,2.469246,0.1891138,-3.191571,0.5912644,0.02303519,0.8061487,0.0,0.0,0.0,0.0,0.0,0.0,0.0,-3.448416,0.3647753,2.009404,2.460891,0.1828915,-3.15799,0.1052886,0.1866139,-0.001543504,0.9767739,11.90341,21.85374,2.124937,0.5866905,0.04648041,-0.8084758,0.3739962,0.001219865,0.3436559,4.025457,0.2051019,-2.971012,0.5796004,0.3580515,1.915001,0.9303457,0.03628132,-0.3648841,0.04231194,0.9778239,0.2051103,0.3642341,-0.2062624,0.9081791,moving,36.25794,1.636745,16.83914,10.59043
05/11/2023 13:09:26.777099,903,True,True,True,True,Eyes,2.469693,0.1887161,-3.189225,0.5901628,0.02340502,0.8069448,0.0,0.0,0.0,0.0,0.0,0.0,0.0,-3.4318,0.3671182,2.022279,2.462501,0.1806337,-3.147237,0.1051855,0.1832192,-0.00142003,0.9774277,11.8964,21.4521,2.094806,0.5891714,0.04651574,-0.8066676,0.3515564,0.001146673,0.3230366,4.028373,0.2005334,-2.936907,0.5796001,0.3605642,1.915001,0.9328573,0.03576804,-0.3584658,0.04131995,0.977868,0.205102,0.3578683,-0.2061427,0.9107335,moving,36.18004,1.661369,16.83913,10.66305
05/11/2023 13:09:26.797100,904,True,True,True,True,Eyes,2.470165,0.1882342,-3.186515,0.5889415,0.02390952,0.8078219,0.0,0.0,0.0,0.0,0.0,0.0,0.0,-3.41771,0.3685821,2.030129,2.463976,0.1787359,-3.136063,0.104796,0.1805061,-0.001042744,0.9779745,11.85011,21.13249,2.095918,0.5914353,0.04653922,-0.8050079,0.330463,0.001077873,0.3036544,4.030968,0.1995531,-2.902273,0.5795999,0.3635306,1.915,0.9348329,0.03579308,-0.3532794,0.03987218,0.9780334,0.2045992,0.3528422,-0.2053521,0.9128707,moving,36.09387,1.695318,16.83913,10.74875
05/11/2023 13:09:26.807775,905,True,True,True,True,Eyes,2.470606,0.1876733,-3.183442,0.5876858,0.02443383,0.8087202,0.0,0.0,0.0,0.0,0.0,0.0,0.0,-3.404691,0.3681164,2.035603,2.465042,0.1761822,-3.124682,0.1031427,0.1781936,6.660941e-05,0.9785748,11.6447,20.86053,2.158517,0.5935094,0.04655032,-0.8034793,0.3106352,0.0010132,0.2854351,4.033043,0.1979948,-2.867101,0.5796002,0.3658043,1.915001,0.9364941,0.03688911,-0.3487377,0.03662839,0.9787231,0.2018895,0.3487653,-0.201842,0.9152173,moving,36.00538,1.730548,16.83913,10.81439
05/11/2023 13:09:26.827470,906,True,True,True,True,Eyes,2.471035,0.187066,-3.18002,0.5863,0.02493608,0.8097101,0.0,0.0,0.0,0.0,0.0,0.0,0.0,-3.390129,0.3779139,2.040673,2.465322,0.1737523,-3.113219,0.1034345,0.1757159,0.001193132,0.9789913,11.66,20.58215,2.263854,0.5954176,0.04654872,-0.8020663,0.2919971,0.0009524082,0.268309,4.034611,0.1973301,-2.830751,0.5795999,0.368686,1.915,0.938245,0.03868629,-0.3438018,0.03401403,0.9785998,0.2029422,0.3442955,-0.2021036,0.9168505,moving,35.90778,1.763941,16.83913,10.89755
05/11/2023 13:09:26.837399,907,True,True,True,True,Eyes,2.471408,0.1864241,-3.17624,0.5847688,0.02550505,0.810799,0.0,0.0,0.0,0.0,0.0,0.0,0.0,-3.375027,0.3930215,2.045036,2.46548,0.1719916,-3.101495,0.1041135,0.1732115,0.00300119,0.9793617,11.706,20.31113,2.455117,0.597181,0.04653489,-0.800755,0.2744773,0.0008952637,0.2522105,4.035412,0.1978589,-2.793997,0.5795999,0.3711656,1.915,0.9399775,0.04194583,-0.3386485,0.03018882,0.9783027,0.2049693,0.3398983,-0.2028899,0.9183162,moving,35.8001,1.801741,16.83912,10.96907
05/11/2023 13:09:26.857435,908,True,True,True,True,Eyes,2.471751,0.1857548,-3.172121,0.5830873,0.02610514,0.81199,0.0,0.0,0.0,0.0,0.0,0.0,0.0,-3.358509,0.4123991,2.0496,2.465122,0.1704983,-3.089437,0.1043725,0.1706086,0.005964514,0.9797773,11.68252,20.03903,2.768582,0.598818,0.04650958,-0.7995331,0.2580087,0.0008415479,0.2370778,4.036242,0.2014986,-2.758328,0.5796003,0.3737795,1.915001,0.9417143,0.04730149,-0.3330717,0.02392591,0.9781416,0.2065589,0.3355618,-0.2024885,0.9199982,moving,35.682,1.841402,16.83914,11.04442
05/11/2023 13:09:26.877678,909,True,True,True,True,Eyes,2.472017,0.1850748,-3.167655,0.5812436,0.02669129,0.8132917,0.0,0.0,0.0,0.0,0.0,0.0,0.0,-3.341102,0.4339415,2.054745,2.464761,0.1690952,-3.077272,0.1048438,0.1678463,0.009132879,0.9801796,11.68118,19.75223,3.108215,0.6003451,0.04647357,-0.7983891,0.2425281,0.000791055,0.2228532,4.03675,0.1932976,-2.723096,0.5796,0.3765015,1.915,0.9434884,0.05309901,-0.327124,0.01729156,0.9778487,0.2085973,0.3309541,-0.2024657,0.9216709,moving,35.55264,1.879706,16.83913,11.12286
05/11/2023 13:09:26.897624,910,True,True,True,True,Eyes,2.472238,0.1843982,-3.16287,0.5792601,0.02731454,0.814685,0.0,0.0,0.0,0.0,0.0,0.0,0.0,-3.322819,0.4550828,2.060179,2.463936,0.168163,-3.064849,0.1057339,0.164994,0.01196294,0.9805378,11.73612,19.45449,3.416683,0.6017765,0.04642807,-0.7973135,0.2279765,0.0007435918,0.209482,4.036701,0.2006766,-2.685781,0.5796007,0.379269,1.915,0.9452677,0.05835116,-0.3210359,0.0114307,0.9773544,0.2112999,0.3260955,-0.2034046,0.9231946,moving,35.41372,1.920278,16.83915,11.20255
05/11/2023 13:09:26.917381,911,True,True,True,True,Eyes,2.472383,0.1837395,-3.157755,0.5771443,0.02790483,0.8161653,0.0,0.0,0.0,0.0,0.0,0.0,0.0,-3.304763,0.4706748,2.066377,2.463121,0.1675106,-3.052521,0.1058481,0.1621533,0.01459991,0.9809635,11.70844,19.15043,3.687196,0.6031255,0.0463744,-0.7962967,0.2142979,0.0006989762,0.1969131,4.035211,0.2040489,-2.647998,0.5796002,0.381913,1.915,0.9469863,0.06297123,-0.3150423,0.005683298,0.977166,0.2124012,0.3212238,-0.2029315,0.9250049,moving,35.26572,1.95819,16.83913,11.27866
05/11/2023 13:09:26.927268,912,True,True,True,True,Eyes,2.472472,0.1831144,-3.152328,0.5749291,0.02863918,0.8177018,0.0,0.0,0.0,0.0,0.0,0.0,0.0,-3.288314,0.4758225,2.071271,2.462007,0.1673176,-3.039754,0.1054517,0.1596319,0.01603553,0.9813972,11.64578,18.86644,3.813589,0.6044032,0.04631415,-0.7953309,0.20144,0.0006570377,0.1850983,4.034091,0.2010984,-2.611391,0.5796001,0.3845952,1.915,0.948521,0.06514138,-0.3099426,0.002192472,0.9772456,0.2120997,0.3167065,-0.2018605,0.9267952,moving,35.11119,2.005907,16.83913,11.35581
05/11/2023 13:09:26.946893,913,True,True,True,True,Eyes,2.472474,0.1825774,-3.146581,0.5726231,0.02946169,0.8192891,0.0,0.0,0.0,0.0,0.0,0.0,0.0,-3.272198,0.4709501,2.077684,2.460817,0.1674474,-3.026911,0.1035109,0.1571103,0.01718454,0.9819912,11.41383,18.5672,3.876872,0.60562,0.04624913,-0.7944086,0.1893536,0.0006176154,0.1739924,4.032636,0.204871,-2.575718,0.5796003,0.3871784,1.915001,0.9500421,0.06627542,-0.3050043,-0.001224869,0.9779804,0.2086934,0.3121195,-0.1978939,0.9292037,moving,34.95073,2.059472,16.83914,11.43008
05/11/2023 13:09:26.957879,914,True,True,True,True,Eyes,2.472419,0.182147,-3.140537,0.5701663,0.030424,0.8209656,0.0,0.0,0.0,0.0,0.0,0.0,0.0,-3.254756,0.4684049,2.08489,2.459313,0.169044,-3.013771,0.1020789,0.1543757,0.01852615,0.9825501,11.23745,18.24915,3.970935,0.6067839,0.04618236,-0.7935237,0.1779924,0.0005805585,0.1635528,4.030238,0.204952,-2.539419,0.5795997,0.3898399,1.915,0.9516498,0.06792275,-0.2995814,-0.004888728,0.9784733,0.2063153,0.3071459,-0.1948754,0.9314961,moving,34.78025,2.122342,16.83912,11.50657
05/11/2023 13:09:26.977722,915,True,True,True,True,Eyes,2.472269,0.1817741,-3.134205,0.5676194,0.03150985,0.8226878,0.0,0.0,0.0,0.0,0.0,0.0,0.0,-3.234914,0.4642881,2.096344,2.45795,0.1711165,-3.000683,0.1001706,0.151033,0.0200567,0.9832358,11.00673,17.85815,4.071727,0.6079034,0.04611697,-0.7926702,0.1673128,0.000545725,0.1537397,4.026989,0.2057356,-2.502489,0.5796004,0.3924435,1.915,0.9535735,0.06969908,-0.292984,-0.009182774,0.9791271,0.2030412,0.3010203,-0.1909243,0.9343098,moving,34.60402,2.193419,16.83914,11.58135
05/11/2023 13:09:26.997607,916,True,True,True,True,Eyes,2.472068,0.1815555,-3.12763,0.5649682,0.03214058,0.8244864,0.0,0.0,0.0,0.0,0.0,0.0,0.0,-3.215991,0.4525734,2.108252,2.456618,0.1721847,-2.987897,0.09756799,0.1477621,0.02071863,0.9839805,10.71286,17.46137,4.062342,0.608986,0.04605451,-0.7918425,0.1572741,0.0005129815,0.1445153,4.023532,0.1957546,-2.465402,0.5795999,0.3951259,1.915,0.9554742,0.06960715,-0.286747,-0.01193977,0.9801024,0.1981328,0.2948329,-0.1858871,0.9372938,moving,34.42037,2.232405,16.83912,11.65835
05/11/2023 13:09:27.007964,917,True,True,True,True,Eyes,2.471825,0.181494,-3.120772,0.5622911,0.03288555,0.8262852,0.0,0.0,0.0,0.0,0.0,0.0,0.0,-3.196533,0.4717609,2.114807,2.455214,0.1757622,-2.975537,0.1027064,0.1444721,0.02022797,0.9839564,11.31907,17.10871,4.063476,0.6100372,0.04599881,-0.7910362,0.1478376,0.0004822026,0.1358444,4.020311,0.2090703,-2.428612,0.5796005,0.3978352,1.915001,0.9574373,0.0694833,-0.2801533,-0.01013046,0.9780844,0.207962,0.2884635,-0.1962725,0.9371584,moving,34.23548,2.279128,16.83914,11.73608
05/11/2023 13:09:27.027626,918,True,True,True,True,Eyes,2.471534,0.1815696,-3.113705,0.5595401,0.0336392,0.8281204,0.0,0.0,0.0,0.0,0.0,0.0,0.0,-3.180979,0.4517306,2.122639,2.454109,0.1794326,-2.961999,0.09966092,0.1418499,0.02036064,0.9846481,10.98112,16.77946,3.993603,0.6110625,0.04595345,-0.790247,0.1389674,0.0004532704,0.1276937,4.015688,0.2220048,-2.393091,0.5795997,0.4005429,1.915,0.9589281,0.0683699,-0.2752861,-0.01182234,0.9793063,0.2020382,0.2834028,-0.1904856,0.9398926,moving,34.04591,2.326142,16.83912,11.81372
05/11/2023 13:09:27.047431,919,True,True,True,True,Eyes,2.471207,0.1817543,-3.106397,0.5567148,0.03440603,0.8299909,0.0,0.0,0.0,0.0,0.0,0.0,0.0,-3.165198,0.4434592,2.129863,2.452676,0.1827955,-2.949986,0.09897474,0.1392161,0.02031781,0.9850941,10.91437,16.46507,3.946947,0.6120668,0.04592103,-0.7894711,0.1306293,0.0004260742,0.1200321,4.009972,0.2079188,-2.356122,0.5796002,0.4008,1.915,0.9604121,0.06758767,-0.2702601,-0.01247215,0.9795824,0.200656,0.2783039,-0.1893417,0.9416457,moving,33.85166,2.373752,16.83913,11.82109
05/11/2023 13:09:27.057786,920,True,True,True,True,Eyes,2.470858,0.1819821,-3.098896,0.5537792,0.03563062,0.8319009,0.0,0.0,0.0,0.0,0.0,0.0,0.0,-3.149366,0.4344524,2.136299,2.451672,0.1855668,-2.936989,0.09735066,0.1365713,0.02092668,0.9856131,10.73018,16.14987,3.959376,0.6130547,0.04590328,-0.7887053,0.1227916,0.0004005098,0.1128301,4.002592,0.2349033,-2.317875,0.5796002,0.4008,1.915001,0.9618207,0.06784181,-0.2651384,-0.01466061,0.9801699,0.1976161,0.2732873,-0.1861842,0.9437423,static,33.65089,2.4525,16.83913,11.82108
05/11/2023 13:09:27.077832,921,True,True,True,True,Eyes,2.470476,0.1822459,-3.091235,0.5507949,0.03660066,0.8338377,0.0,0.0,0.0,0.0,0.0,0.0,0.0,-3.133285,0.4105691,2.147207,2.450813,0.1867105,-2.924926,0.0912944,0.1337399,0.02259721,0.9865437,10.02556,15.79298,4.018335,0.61403,0.04590004,-0.7879465,0.1154241,0.0003764792,0.1060603,3.994365,0.2329637,-2.281734,0.5796003,0.4007999,1.915,0.9632061,0.06900567,-0.2597544,-0.02016686,0.9823094,0.1861761,0.2680064,-0.1740875,0.9475579,static,33.44692,2.513341,16.83914,11.82108
05/11/2023 13:09:27.098216,922,True,True,True,True,Eyes,2.470088,0.1825183,-3.083403,0.5476525,0.03758883,0.8358611,0.0,0.0,0.0,0.0,0.0,0.0,0.0,-3.114974,0.4190091,2.15558,2.449753,0.1878433,-2.913517,0.09217156,0.1305851,0.02365822,0.9868599,10.12184,15.44085,4.122318,0.6149955,0.04591095,-0.7871925,0.1084986,0.0003538904,0.09969672,3.986063,0.2286308,-2.245504,0.5796,0.4008,1.915001,0.9647756,0.07076716,-0.2533772,-0.02262223,0.9818894,0.1880997,0.2620996,-0.175742,0.9489039,static,33.23264,2.574867,16.83912,11.82108
05/11/2023 13:09:27.107812,923,True,True,True,True,Eyes,2.469705,0.1828364,-3.075439,0.5443842,0.0383378,0.8379595,0.0,0.0,0.0,0.0,0.0,0.0,0.0,-3.094217,0.4297256,2.166832,2.449246,0.1882848,-2.90168,0.09204518,0.1268686,0.02590969,0.9872997,10.08902,15.02817,4.340692,0.6159546,0.04593503,-0.7864408,0.1019887,0.000332657,0.09371492,3.977906,0.2390268,-2.212026,0.5796002,0.4008,1.915,0.9664661,0.07451656,-0.245745,-0.02780598,0.9817127,0.1883266,0.2552844,-0.1751781,0.9508641,static,33.00995,2.619534,16.83913,11.82109
05/11/2023 13:09:27.127348,924,True,True,True,True,Eyes,2.469321,0.1832177,-3.067324,0.5409719,0.03902496,0.8401347,0.0,0.0,0.0,0.0,0.0,0.0,0.0,-3.072886,0.4378094,2.180122,2.448697,0.1896603,-2.890527,0.09248897,0.1229232,0.02730828,0.9877197,10.13643,14.58459,4.467857,0.6169095,0.04597225,-0.7856899,0.09586938,0.0003126976,0.08809202,3.97068,0.2213594,-2.181041,0.5796003,0.4008,1.915,0.9682883,0.07668393,-0.2377758,-0.03120778,0.9814001,0.18942,0.2478787,-0.1759927,0.9526714,static,32.77793,2.659525,16.83914,11.82109
05/11/2023 13:09:27.147329,925,True,True,True,True,Eyes,2.46894,0.1836366,-3.059056,0.5375234,0.03995123,0.8423018,0.0,0.0,0.0,0.0,0.0,0.0,0.0,-3.052039,0.4351058,2.194235,2.448311,0.1915771,-2.878889,0.09262045,0.1189054,0.02716463,0.9882029,10.17152,14.11507,4.411747,0.6178635,0.04602313,-0.7849371,0.09011722,0.0002939357,0.0828065,3.963565,0.2271762,-2.15006,0.5795999,0.4008,1.915001,0.9702472,0.07571448,-0.2299733,-0.03166219,0.9813671,0.1895156,0.2400373,-0.1765955,0.9545659,static,32.5444,2.715562,16.83912,11.82108
05/11/2023 13:09:27.157983,926,True,True,True,True,Eyes,2.468564,0.1840225,-3.050674,0.5339759,0.04108254,0.844501,0.0,0.0,0.0,0.0,0.0,0.0,0.0,-3.033664,0.4078481,2.209292,2.448127,0.1928495,-2.867039,0.08771095,0.1152378,0.02716104,0.9890851,9.627806,13.65349,4.301267,0.6188183,0.04608743,-0.7841808,0.08471019,0.0002762996,0.07783811,3.955727,0.2411418,-2.120266,0.5795999,0.4008,1.915,0.971965,0.07394439,-0.2231954,-0.0335139,0.9831382,0.1797671,0.2327247,-0.1672472,0.9580541,static,32.30507,2.785079,16.83913,11.82109
05/11/2023 13:09:27.177023,927,True,True,True,True,Eyes,2.468224,0.1844398,-3.042154,0.5303739,0.04207995,0.8467189,0.0,0.0,0.0,0.0,0.0,0.0,0.0,-3.016539,0.3824628,2.22264,2.4479,0.1924153,-2.85599,0.08392398,0.1118069,0.02613544,0.9898349,9.224164,13.21964,4.096112,0.6197756,0.04616311,-0.7834199,0.07962757,0.0002597216,0.07316782,3.948556,0.2362208,-2.09217,0.5796003,0.4007999,1.915,0.9736323,0.0705061,-0.2169539,-0.03297299,0.9845474,0.171986,0.2257275,-0.1602975,0.9609119,static,32.0625,2.845125,16.83914,11.82108
05/11/2023 13:09:27.195675,928,True,True,True,True,Eyes,2.467901,0.1848366,-3.033505,0.5266418,0.04348521,0.8489743,0.0,0.0,0.0,0.0,0.0,0.0,0.0,-2.998424,0.3718484,2.233799,2.447911,0.1935297,-2.844109,0.08228444,0.108285,0.02609055,0.9903651,9.052118,12.79928,4.035535,0.6207375,0.04624999,-0.7826529,0.07484992,0.0002441383,0.06877775,3.93895,0.2493189,-2.061385,0.5796,0.4008,1.915,0.9751872,0.06949868,-0.2101898,-0.03385799,0.9850971,0.1686337,0.2187771,-0.1573328,0.9630073,static,31.81245,2.932177,16.83913,11.82109
05/11/2023 13:09:27.207805,929,True,True,True,True,Eyes,2.467632,0.1852144,-3.024777,0.5228609,0.04442497,0.8512596,0.0,0.0,0.0,0.0,0.0,0.0,0.0,-2.980438,0.3512855,2.246455,2.448028,0.1933203,-2.832448,0.07671231,0.1047604,0.02766357,0.9911484,8.410857,12.36945,4.110555,0.6217059,0.04634661,-0.7818781,0.0,0.0,0.0,3.928439,0.2576346,-2.030725,0.5796,0.4007999,1.915,0.9765199,0.07091024,-0.203422,-0.03876458,0.9866999,0.1578627,0.2119105,-0.1462705,0.9662809,static,31.55909,2.987404,16.83913,11.82108
05/11/2023 13:09:27.227295,930,True,True,True,True,Eyes,2.467385,0.1855988,-3.015933,0.518979,0.04521654,0.8535902,0.0,0.0,0.0,0.0,0.0,0.0,0.0,-2.959943,0.3679672,2.257762,2.448366,0.193215,-2.821759,0.07872058,0.100839,0.02893169,0.9913616,8.641195,11.93716,4.2484,0.6226819,0.04645157,-0.7810948,0.0,0.0,0.0,3.919681,0.2566065,-2.002369,0.5795999,0.4008,1.915,0.9779889,0.07323974,-0.1953808,-0.04148732,0.9859321,0.161916,0.2044909,-0.1502462,0.9672691,static,31.29941,3.032249,16.83912,11.82108
05/11/2023 13:09:27.247301,931,True,True,True,True,Eyes,2.46188,0.194682,-2.792427,0.4192139,0.06084885,0.9058461,0.0,0.0,0.0,0.0,0.0,0.0,0.0,-2.941396,0.377857,2.266357,2.448692,0.193774,-2.810217,0.08022702,0.09730985,0.02959801,0.9915738,8.82063,11.54254,4.312734,0.6236668,0.04656435,-0.7803018,0.0,0.0,0.0,3.912244,0.2499144,-1.976608,0.5795999,0.4008,1.915,0.9793095,0.07431097,-0.1882307,-0.04308346,0.9853752,0.1648623,0.1977289,-0.1533416,0.9681889,static,24.83409,3.842985,16.83913,11.82109
05/11/2023 13:09:27.257731,932,True,True,True,True,Eyes,2.461894,0.1946511,-2.792018,0.4190721,0.06029954,0.9059485,0.0,0.0,0.0,0.0,0.0,0.0,0.0,-2.925402,0.3733906,2.274654,2.449304,0.1936776,-2.799079,0.07903483,0.09414576,0.03004966,0.9919613,8.693048,11.17192,4.322111,0.6285827,0.04732879,-0.776301,-0.01651597,0.02724945,0.6705179,3.905121,0.2319561,-1.952273,0.5796002,0.4008,1.915001,0.9804672,0.07449779,-0.182028,-0.04473462,0.9857011,0.1624571,0.1915278,-0.1511409,0.9697802,static,24.82424,3.807966,16.83913,11.82109
05/11/2023 13:09:27.277856,933,True,True,True,True,Eyes,2.461931,0.1946024,-2.791192,0.4188314,0.05938128,0.9061204,0.0,0.0,0.0,0.0,0.0,0.0,0.0,-2.911958,0.402818,2.27475,2.449677,0.1930405,-2.78892,0.08585174,0.09173783,0.02912488,0.9916478,9.492917,10.92592,4.274542,0.632634,0.04795576,-0.7729645,-0.01552501,0.02561449,0.6302869,3.897737,0.2145116,-1.928389,0.5795999,0.4007999,1.915,0.9814718,0.07351495,-0.1769424,-0.04201155,0.9835624,0.1756131,0.1869441,-0.1649257,0.9684274,static,24.80756,3.749434,16.83913,11.82108
05/11/2023 13:09:27.297375,934,True,True,True,True,Eyes,2.461987,0.1945365,-2.789994,0.4183884,0.05812326,0.9064065,0.0,0.0,0.0,0.0,0.0,0.0,0.0,-2.89797,0.4184956,2.277149,2.450272,0.1927555,-2.778091,0.0891571,0.08911464,0.02905708,0.9915974,9.883017,10.64091,4.279598,0.6359922,0.04847134,-0.7701714,-0.01459351,0.02407762,0.5924696,3.88954,0.1997299,-1.904433,0.5795998,0.4008,1.915,0.9824285,0.07351625,-0.1715503,-0.04173544,0.9824134,0.1819947,0.1819129,-0.1716371,0.9682192,static,24.77759,3.669065,16.83912,11.82109
05/11/2023 13:09:27.307670,935,True,True,True,True,Eyes,2.462091,0.1944759,-2.788431,0.4176646,0.05657225,0.9068384,0.0,0.0,0.0,0.0,0.0,0.0,0.0,-2.881224,0.4417644,2.2823,2.45079,0.1923632,-2.768054,0.09391214,0.08592904,0.02895931,0.9914426,10.442,10.29915,4.289806,0.6387944,0.04889642,-0.7678218,-0.0137179,0.02263296,0.5569215,3.880028,0.1889269,-1.879905,0.5795998,0.4008,1.915,0.9835551,0.07356253,-0.1649481,-0.04128342,0.9806837,0.1911938,0.1758266,-0.1812401,0.9675934,static,24.72948,3.569717,16.83912,11.82109
05/11/2023 13:09:27.327226,936,True,True,True,True,Eyes,2.462209,0.1944287,-2.786501,0.4166772,0.05497694,0.9073906,0.0,0.0,0.0,0.0,0.0,0.0,0.0,-2.861152,0.4622568,2.291302,2.451149,0.1923932,-2.757678,0.0985321,0.08202589,0.02851729,0.9913375,10.9924,9.868941,4.24743,0.6411507,0.04924834,-0.7658328,-0.01289483,0.02127498,0.5235062,3.8699,0.1743241,-1.855632,0.5796,0.4007999,1.915,0.984917,0.07270489,-0.1570109,-0.04037616,0.9789564,0.2000354,0.1682504,-0.1906788,0.9671264,static,24.66476,3.467196,16.83913,11.82108
05/11/2023 13:09:27.347302,937,True,True,True,True,Eyes,2.462371,0.1943746,-2.784217,0.4153728,0.0536029,0.9080707,0.0,0.0,0.0,0.0,0.0,0.0,0.0,-2.840713,0.4634277,2.30423,2.451629,0.1927052,-2.747048,0.09949765,0.07787818,0.02796971,0.9915912,11.1259,9.385565,4.147581,0.6431817,0.04954671,-0.7641085,-0.01212114,0.01999849,0.4920958,3.859812,0.1699209,-1.831374,0.5795999,0.4008,1.915,0.9863054,0.07096642,-0.1488808,-0.03997165,0.9786358,0.2016784,0.1600125,-0.1929655,0.9680704,static,24.58047,3.378218,16.83912,11.82109
05/11/2023 13:09:27.357385,938,True,True,True,True,Eyes,2.462546,0.1943126,-2.781583,0.4138197,0.05230315,0.9088551,0.0,0.0,0.0,0.0,0.0,0.0,0.0,-2.821318,0.4606056,2.316639,2.452443,0.1926001,-2.736282,0.09990173,0.07384908,0.02713573,0.9918819,11.19645,8.909172,4.009213,0.6450394,0.04981582,-0.7625234,-0.01139387,0.01879858,0.46257,3.849823,0.1804133,-1.807263,0.5795998,0.4008,1.915,0.9876199,0.06858617,-0.1410773,-0.03907557,0.9785666,0.2021893,0.1519209,-0.1941735,0.9691319,static,24.48071,3.293647,16.83912,11.82109
05/11/2023 13:09:27.377129,939,True,True,True,True,Eyes,2.462749,0.1942293,-2.77862,0.4119776,0.05133046,0.909747,0.0,0.0,0.0,0.0,0.0,0.0,0.0,-2.800466,0.4511423,2.331489,2.453033,0.1922622,-2.725371,0.09863352,0.06953999,0.02659121,0.992335,11.07283,8.393859,3.884996,0.6467461,0.0500587,-0.7610605,-0.01071024,0.01767066,0.4348158,3.83879,0.183913,-1.783095,0.5795998,0.4008,1.915,0.9889142,0.06649271,-0.1327683,-0.03905682,0.9791287,0.1994533,0.1432595,-0.1920567,0.9708712,static,24.36333,3.229363,16.83912,11.82108
05/11/2023 13:09:27.397077,940,True,True,True,True,Eyes,2.462971,0.1941141,-2.775335,0.4098707,0.05043202,0.9107484,0.0,0.0,0.0,0.0,0.0,0.0,0.0,-2.779398,0.440416,2.346977,2.453843,0.1916664,-2.714634,0.09694573,0.0651411,0.02614764,0.9928115,10.89974,7.867629,3.769087,0.6483226,0.05027784,-0.7597035,-0.01006762,0.01661042,0.4087269,3.827443,0.1958144,-1.7584,0.5796002,0.4008,1.915001,0.9901459,0.06454966,-0.1242758,-0.03928906,0.9798356,0.1959042,0.1344154,-0.1890911,0.9727163,static,24.22952,3.169475,16.83913,11.82108
05/11/2023 13:09:27.407338,941,True,True,True,True,Eyes,2.463217,0.1939485,-2.771743,0.4074967,0.04976901,0.9118495,0.0,0.0,0.0,0.0,0.0,0.0,0.0,-2.756785,0.4350264,2.362746,2.454578,0.1907931,-2.703761,0.09612445,0.06048664,0.02581762,0.9931945,10.82543,7.318231,3.672434,0.6497869,0.05047508,-0.7584383,-0.009463565,0.0156138,0.3842033,3.815207,0.2035168,-1.733974,0.5796002,0.4008,1.915,0.9913496,0.06291232,-0.1151865,-0.03965534,0.9801871,0.1940638,0.1251134,-0.1878173,0.9742029,static,24.0794,3.12412,16.83913,11.82109
05/11/2023 13:09:27.427651,942,True,True,True,True,Eyes,2.463486,0.1937398,-2.767862,0.4048665,0.04901505,0.9130611,0.0,0.0,0.0,0.0,0.0,0.0,0.0,-2.733091,0.4356724,2.378687,2.455594,0.1894418,-2.692939,0.09589827,0.05562007,0.02595817,0.993497,10.81635,6.752715,3.633403,0.6511552,0.05065159,-0.7572521,-0.008895751,0.01467697,0.3611511,3.803089,0.2018616,-1.7098,0.5796004,0.4008,1.915001,0.9924651,0.06224648,-0.1055381,-0.040911,0.9802594,0.1934369,0.1154954,-0.1876617,0.9754198,static,23.9133,3.072809,16.83914,11.82108
05/11/2023 13:09:27.437150,943,True,True,True,True,Eyes,2.463764,0.1934947,-2.763695,0.4020384,0.04831987,0.914347,0.0,0.0,0.0,0.0,0.0,0.0,0.0,-2.709113,0.4427063,2.393532,2.456487,0.1882354,-2.68226,0.09715462,0.05075259,0.02590023,0.993637,10.97868,6.19232,3.581942,0.6524415,0.05080856,-0.7561336,-0.008362006,0.01379635,0.339482,3.790064,0.204909,-1.685447,0.5796002,0.4008,1.915001,0.9935067,0.06133254,-0.09582663,-0.04160915,0.9797803,0.1957019,0.1058919,-0.1904438,0.9759703,static,23.73509,3.025057,16.83913,11.82108
05/11/2023 13:09:27.457379,944,True,True,True,True,Eyes,2.464072,0.1932093,-2.759256,0.3989361,0.04757725,0.9157436,0.0,0.0,0.0,0.0,0.0,0.0,0.0,-2.684359,0.453694,2.408278,2.457625,0.1871975,-2.671415,0.09897424,0.04572201,0.0260781,0.9936969,11.20477,5.618011,3.55812,0.6536584,0.0509473,-0.7550724,-0.007860286,0.01296857,0.3191131,3.776563,0.2040606,-1.661235,0.5796001,0.4008,1.915001,0.9944589,0.06087805,-0.08570553,-0.04277685,0.9790481,0.1990855,0.09602977,-0.1943161,0.9762272,static,23.53995,2.974115,16.83913,11.82108
05/11/2023 13:09:27.477314,945,True,True,True,True,Eyes,2.464432,0.1928866,-2.754557,0.3956439,0.04685429,0.9172081,0.0,0.0,0.0,0.0,0.0,0.0,0.0,-2.658417,0.4612857,2.424588,2.458707,0.1859629,-2.660596,0.09980441,0.04046682,0.0265249,0.99383,11.31661,5.015698,3.554935,0.6548168,0.05106876,-0.7540599,-0.007388669,0.01219045,0.2999663,3.762539,0.1966022,-1.636859,0.5796004,0.4007999,1.915,0.9953177,0.0608,-0.07513966,-0.04464494,0.978671,0.200524,0.08572887,-0.1962305,0.9768031,static,23.33327,2.924333,16.83914,11.82108
05/11/2023 13:09:27.495727,946,True,True,True,True,Eyes,2.464831,0.1925216,-2.749596,0.3920583,0.04617221,0.918781,0.0,0.0,0.0,0.0,0.0,0.0,0.0,-2.631438,0.4693432,2.441821,2.460057,0.1847274,-2.649761,0.1008168,0.03495703,0.02686483,0.9939278,11.45106,4.383257,3.536229,0.6559277,0.05117396,-0.7530866,-0.006945349,0.01145903,0.2819683,3.749717,0.1953098,-1.613245,0.5796,0.4008,1.915001,0.9961126,0.06045191,-0.06407266,-0.04635489,0.9782286,0.2022874,0.07490636,-0.1985309,0.977228,static,23.1087,2.876909,16.83913,11.82108
05/11/2023 13:09:27.507816,947,True,True,True,True,Eyes,2.465278,0.1921083,-2.744385,0.3882652,0.04575267,0.9204112,0.0,0.0,0.0,0.0,0.0,0.0,0.0,-2.603683,0.4733244,2.460043,2.4615,0.183339,-2.638639,0.1005778,0.02929383,0.02763652,0.9941139,11.44063,3.732332,3.558846,0.6570001,0.05126361,-0.7521452,-0.006528628,0.01077149,0.2650502,3.737586,0.199704,-1.590875,0.5796,0.4008,1.915,0.9967562,0.0608403,-0.05268355,-0.04905507,0.9782407,0.2015907,0.06380204,-0.1983524,0.978052,static,22.87191,2.845771,16.83913,11.82109
05/11/2023 13:09:27.527544,948,True,True,True,True,Eyes,2.465777,0.1916432,-2.738928,0.3841488,0.04543187,0.9221527,0.0,0.0,0.0,0.0,0.0,0.0,0.0,-2.574737,0.4764851,2.479648,2.463257,0.1817106,-2.627605,0.09952957,0.02337845,0.02900869,0.994337,11.33677,3.055693,3.645502,0.6580418,0.05133814,-0.751229,-0.006136911,0.0101252,0.2491472,3.725648,0.2010798,-1.569109,0.5796003,0.4008,1.915001,0.9972239,0.06234251,-0.04071767,-0.05303513,0.9785047,0.1992882,0.05226655,-0.1965755,0.9790946,static,22.61555,2.820522,16.83913,11.82108
05/11/2023 13:09:27.547448,949,True,True,True,True,Eyes,2.465777,0.1916432,-2.738928,0.3841488,0.04543187,0.9221527,0.0,0.0,0.0,0.0,0.0,0.0,0.0,-2.544304,0.4803542,2.500111,2.465109,0.179966,-2.616416,0.09853091,0.01718158,0.03045573,0.9945195,11.24094,2.347624,3.739171,0.6590604,0.05139787,-0.7503314,-0.005768696,0.009517685,0.2341984,3.714587,0.2008393,-1.548105,0.5796,0.4008,1.915,0.9975544,0.06396347,-0.02817317,-0.0571918,0.9787282,0.1970284,0.04017649,-0.1949353,0.9799929,static,22.61555,2.820522,16.83913,11.82109
05/11/2023 13:09:27.557131,950,True,True,True,True,Eyes,2.465777,0.1916432,-2.738928,0.3841488,0.04543187,0.9221527,0.0,0.0,0.0,0.0,0.0,0.0,0.0,-2.51224,0.4868496,2.521359,2.46733,0.1784912,-2.605005,0.09821147,0.01062535,0.03178604,0.9946011,11.22644,1.599538,3.818157,0.6599761,0.05145155,-0.7495223,-0.005422574,0.008946624,0.2201465,3.705064,0.198531,-1.528744,0.5796002,0.4008,1.915001,0.9977535,0.06531592,-0.01489245,-0.0611418,0.9786883,0.1960379,0.02737947,-0.194687,0.9804832,static,22.61555,2.820522,16.83913,11.82108
05/11/2023 13:09:27.577661,951,True,True,True,True,Eyes,2.465777,0.1916432,-2.738928,0.3841488,0.04543187,0.9221527,0.0,0.0,0.0,0.0,0.0,0.0,0.0,-2.479189,0.4896932,2.543761,2.46964,0.1774635,-2.593508,0.09770457,0.003834257,0.03266782,0.9946718,11.19317,0.8183794,3.842352,0.6607991,0.05149978,-0.7487934,-0.00509722,0.008409826,0.2069377,3.697479,0.1982281,-1.510673,0.5796004,0.4008,1.915,0.9978362,0.06573676,-0.001244064,-0.06423826,0.9787733,0.1946184,0.01401124,-0.1941174,0.9808782,static,22.61555,2.820522,16.83914,11.82109
05/11/2023 13:09:27.597946,952,True,True,True,True,Eyes,2.465777,0.1916432,-2.738928,0.3841488,0.04543187,0.9221527,0.0,0.0,0.0,0.0,0.0,0.0,0.0,-2.448019,0.4766479,2.567162,2.472346,0.1753269,-2.582067,0.09551395,-0.002835227,0.03187475,0.9949136,10.96662,0.02610835,3.672501,0.6615393,0.05154315,-0.7481366,-0.004791386,0.007905236,0.1945214,3.6904,0.2033078,-1.493251,0.5796002,0.4008,1.915,0.9979519,0.06288363,0.01173058,-0.06396684,0.9797221,0.1898755,0.0004473549,-0.190237,0.9817381,static,22.61555,2.820522,16.83913,11.82109
05/11/2023 13:09:27.607762,953,True,True,True,True,Eyes,2.465777,0.1916432,-2.738928,0.3841488,0.04543187,0.9221527,0.0,0.0,0.0,0.0,0.0,0.0,0.0,-2.415867,0.4846184,2.587286,2.474914,0.1741634,-2.570951,0.0980213,-0.009544523,0.03059882,0.9946681,11.27869,359.2411,3.449115,0.662205,0.05158214,-0.7475446,-0.004503903,0.007430922,0.1828501,3.682088,0.2013692,-1.475378,0.5796003,0.4008,1.915001,0.9979452,0.05900019,0.02498593,-0.06274246,0.9789111,0.1944132,-0.01298859,-0.1955814,0.9806014,static,22.61555,2.820522,16.83914,11.82108
05/11/2023 13:09:27.627075,954,True,True,True,True,Eyes,2.465777,0.1916432,-2.738928,0.3841488,0.04543187,0.9221527,0.0,0.0,0.0,0.0,0.0,0.0,0.0,-2.38266,0.4783466,2.609803,2.477735,0.1734167,-2.558851,0.09682782,-0.01650243,0.03041707,0.9946994,11.16488,358.4265,3.349217,0.6628037,0.05161719,-0.7470115,-0.004233669,0.006985067,0.1718791,3.673297,0.1998728,-1.457048,0.5796002,0.4008,1.915,0.997605,0.0573159,0.03872035,-0.06370748,0.9793984,0.1916252,-0.02693947,-0.1936331,0.9807041,static,22.61555,2.820522,16.83913,11.82109
05/11/2023 13:09:27.647170,955,True,True,True,True,Eyes,2.465777,0.1916432,-2.738928,0.3841488,0.04543187,0.9221527,0.0,0.0,0.0,0.0,0.0,0.0,0.0,-2.347375,0.4720212,2.634527,2.480705,0.1721554,-2.547582,0.09569714,-0.02385589,0.02999774,0.9946725,11.05819,357.5639,3.218998,0.6633418,0.05164869,-0.7465315,-0.003979649,0.006565963,0.1615664,3.66313,0.2021877,-1.4379,0.5796003,0.4008,1.915001,0.9970621,0.05510998,0.05319898,-0.06424174,0.9798844,0.1889434,-0.04171618,-0.1918059,0.9805459,static,22.61555,2.820522,16.83914,11.82108
05/11/2023 13:09:27.667380,956,True,True,True,True,Eyes,2.465777,0.1916432,-2.738928,0.3841488,0.04543187,0.9221527,0.0,0.0,0.0,0.0,0.0,0.0,0.0,-2.310907,0.4836723,2.656772,2.48411,0.1712126,-2.536248,0.09838489,-0.03140119,0.02923599,0.9942231,11.389,356.685,3.038042,0.6638265,0.05167706,-0.7460986,-0.00374087,0.006172005,0.1518724,3.652315,0.2040714,-1.418267,0.5796004,0.4008,1.915001,0.9963184,0.05195539,0.06819232,-0.06431299,0.9789314,0.193797,-0.0566868,-0.1974692,0.9786687,static,22.61555,2.820522,16.83914,11.82108
05/11/2023 13:09:27.677107,957,True,True,True,True,Eyes,2.467389,0.1908249,-2.729492,0.3758162,0.04349284,0.9256731,0.0,0.0,0.0,0.0,0.0,0.0,0.0,-2.27761,0.4748877,2.679119,2.487634,0.1707812,-2.524522,0.09738483,-0.03846591,0.02835176,0.994099,11.29155,355.8506,2.856901,0.6642621,0.05170255,-0.745709,-0.003516418,0.005801685,0.14276,3.640868,0.2041871,-1.398315,0.5796002,0.4008,1.915001,0.9954331,0.04887692,0.08199989,-0.06386089,0.9794248,0.1914392,-0.07095578,-0.1958015,0.9780732,static,22.09677,2.690069,16.83913,11.82108
05/11/2023 13:09:27.697427,958,True,True,True,True,Eyes,2.469057,0.1900818,-2.719955,0.3673398,0.04146089,0.9291622,0.0,0.0,0.0,0.0,0.0,0.0,0.0,-2.247356,0.4675063,2.698281,2.490914,0.1703773,-2.513208,0.09735912,-0.04492528,0.02671676,0.9938759,11.29884,355.0803,2.592673,0.664806,0.05171172,-0.7452235,-0.003305433,0.005453584,0.1341944,3.629416,0.2070429,-1.378604,0.5796001,0.4008,1.915001,0.9945358,0.04435851,0.09450253,-0.06185405,0.9796149,0.1911252,-0.08409805,-0.1959263,0.9770059,static,21.57113,2.554946,16.83913,11.82109
05/11/2023 13:09:27.711217,959,True,True,True,True,Eyes,2.470714,0.1894716,-2.710317,0.3587718,0.03970004,0.9325806,0.0,0.0,0.0,0.0,0.0,0.0,0.0,-2.217737,0.4698559,2.714363,2.49403,0.1715201,-2.501456,0.09899834,-0.051158,0.02564042,0.993441,11.49728,354.3446,2.387124,0.6654506,0.05170826,-0.7446484,-0.003107107,0.005126369,0.1261428,3.619142,0.2101906,-1.359574,0.5796004,0.4007999,1.915,0.9934508,0.04081536,0.1067216,-0.06107359,0.9790838,0.1940746,-0.09656819,-0.1993214,0.9751644,static,21.04216,2.437615,16.83914,11.82108
05/11/2023 13:09:27.727574,960,True,True,True,True,Eyes,2.472413,0.1890011,-2.700581,0.3500266,0.03810697,0.9359643,0.0,0.0,0.0,0.0,0.0,0.0,0.0,-2.187606,0.4608574,2.732228,2.497087,0.1742391,-2.489433,0.0982661,-0.05748606,0.02511445,0.993181,11.42468,353.6005,2.256237,0.6661869,0.05169708,-0.7439905,-0.00292068,0.004818786,0.1185742,3.60868,0.2188683,-1.340621,0.5796003,0.4008,1.915001,0.9921292,0.03858853,0.1191239,-0.06118425,0.9794261,0.1923046,-0.1092523,-0.1980795,0.9740782,static,20.50451,2.33146,16.83913,11.82109
05/11/2023 13:09:27.737204,961,True,True,True,True,Eyes,2.474206,0.1886931,-2.690747,0.3411808,0.03674728,0.9392792,0.0,0.0,0.0,0.0,0.0,0.0,0.0,-2.155743,0.4489931,2.751387,2.499901,0.1771173,-2.477514,0.09669399,-0.06405714,0.02493434,0.9929377,11.25738,352.8315,2.169563,0.6670084,0.05168276,-0.7432551,-0.002745439,0.004529659,0.1114597,3.597115,0.2273977,-1.320901,0.5796005,0.4008,1.915001,0.9905499,0.0371286,0.1320315,-0.06190436,0.9800571,0.1888278,-0.1223875,-0.1952166,0.973094,static,19.96289,2.240431,16.83914,11.82108
05/11/2023 13:09:27.757422,962,True,True,True,True,Eyes,2.476025,0.188538,-2.680814,0.3320734,0.03565895,0.9425793,0.0,0.0,0.0,0.0,0.0,0.0,0.0,-2.120326,0.4481639,2.771209,2.502746,0.180611,-2.465739,0.0962693,-0.07114887,0.0259315,0.9924705,11.23181,352.0162,2.207074,0.6679088,0.05167001,-0.742447,0.002798725,0.003334082,0.1342757,3.583415,0.2383282,-1.299914,0.5796001,0.4008,1.915,0.9885308,0.03777358,0.1462191,-0.06517139,0.9801196,0.1873989,-0.1362335,-0.1947789,0.9713401,static,19.40751,2.166538,16.83913,11.82109
05/11/2023 13:09:27.776983,963,True,True,True,True,Eyes,2.521499,0.1870635,-2.430885,0.0912471,0.01884418,0.99565,0.0,0.0,0.0,0.0,0.0,0.0,0.0,-2.081754,0.4393342,2.793651,2.505364,0.1840365,-2.453667,0.093537,-0.07873797,0.02782408,0.9921074,10.95157,351.1511,2.362975,0.6688815,0.05166293,-0.7415713,0.008087488,0.00266854,0.1560175,3.57023,0.2493801,-1.279766,0.5796001,0.4008,1.915001,0.9860523,0.04047913,0.1614382,-0.06993879,0.9809533,0.1812159,-0.1510279,-0.1899791,0.9701023,static,5.236288,1.08428,16.83913,11.82108
05/11/2023 13:09:27.797200,964,True,True,True,True,Eyes,2.521595,0.187113,-2.430454,0.0906374,0.018766,0.9957072,0.0,0.0,0.0,0.0,0.0,0.0,0.0,-2.04243,0.4193183,2.81829,2.50819,0.1862842,-2.44221,0.08956119,-0.08655277,0.02845834,0.9918053,10.52012,350.2449,2.386874,0.6801826,0.05215659,-0.7311845,0.1440258,-0.001914803,0.8964425,3.558492,0.232189,-1.259904,0.5796,0.4008,1.915,0.9833975,0.04094672,0.1767845,-0.07195379,0.9823378,0.1727282,-0.1665894,-0.1825808,0.9689748,static,5.201196,1.07972,16.83913,11.82109
05/11/2023 13:09:27.807380,965,True,True,True,True,Eyes,2.521734,0.1872061,-2.429605,0.0896757,0.01868364,0.9957957,0.0,0.0,0.0,0.0,0.0,0.0,0.0,-2.002604,0.4171836,2.840321,2.510756,0.18758,-2.431626,0.09006175,-0.09432552,0.02759926,0.9910752,10.58666,349.3303,2.198907,0.6888118,0.05252037,-0.7230349,0.1353843,-0.001799915,0.842656,3.547882,0.2467859,-1.240683,0.5796002,0.4008,1.915001,0.980682,0.03771564,0.1919386,-0.07169612,0.9822543,0.1733093,-0.1819961,-0.1837226,0.9659832,static,5.145852,1.074887,16.83913,11.82109
05/11/2023 13:09:27.827270,966,True,True,True,True,Eyes,2.52193,0.1873499,-2.42836,0.08824921,0.01856852,0.9959253,0.0,0.0,0.0,0.0,0.0,0.0,0.0,-1.966302,0.4074419,2.859849,2.513064,0.1889,-2.420726,0.09006181,-0.1014871,0.02568447,0.990419,10.58017,348.4747,1.900294,0.695416,0.05278957,-0.7166654,0.1272612,-0.00169192,0.7920966,3.537285,0.2519964,-1.222954,0.5796002,0.4008,1.915001,0.9780813,0.03259654,0.2056559,-0.069157,0.9824584,0.1731845,-0.1964031,-0.1836111,0.9631785,static,5.063769,1.068127,16.83913,11.82108
05/11/2023 13:09:27.837018,967,True,True,True,True,Eyes,2.522069,0.1875393,-2.426748,0.08657429,0.018637,0.996071,0.0,0.0,0.0,0.0,0.0,0.0,0.0,-1.932815,0.3955779,2.876969,2.514803,0.1903349,-2.410133,0.08990541,-0.1080406,0.02351675,0.9897936,10.54788,347.6871,1.581154,0.7004744,0.05299016,-0.7117072,0.1196255,-0.001590405,0.7445708,3.526613,0.2611971,-1.204191,0.5796001,0.4008,1.915,0.9755484,0.02712659,0.2181043,-0.0659803,0.9827279,0.1728941,-0.2096471,-0.1830571,0.9604886,static,4.967424,1.071908,16.83913,11.82108
05/11/2023 13:09:27.857112,968,True,True,True,True,Eyes,2.52222,0.1877726,-2.424771,0.08437924,0.01900302,0.9962524,0.0,0.0,0.0,0.0,0.0,0.0,0.0,-1.897743,0.3737461,2.895249,2.515986,0.1917807,-2.399295,0.08751138,-0.1147707,0.02178143,0.9892902,10.26191,346.8853,1.339862,0.7043463,0.05314144,-0.7078643,0.112448,-0.001494981,0.6998965,3.514237,0.2870381,-1.186287,0.5796002,0.4008,1.915,0.9727065,0.02300883,0.2308953,-0.06318379,0.9837347,0.1681485,-0.2232708,-0.178148,0.9583389,static,4.841207,1.092756,16.83913,11.82109
05/11/2023 13:09:27.877781,969,True,True,True,True,Eyes,2.52222,0.1877726,-2.424771,0.08437924,0.01900302,0.9962524,0.0,0.0,0.0,0.0,0.0,0.0,0.0,-1.857415,0.3429399,2.916991,2.516592,0.1930322,-2.388712,0.08322259,-0.1222759,0.020213,0.9887943,9.760096,345.9984,1.140773,0.7073064,0.05325792,-0.7048978,0.1057011,-0.001405282,0.6579027,3.501791,0.2858552,-1.167833,0.5796001,0.4008,1.915001,0.9692801,0.01962077,0.2451758,-0.06032524,0.9853309,0.1596369,-0.2384471,-0.1695231,0.9562452,static,4.841207,1.092756,16.83913,11.82108
05/11/2023 13:09:27.897077,970,True,True,True,True,Eyes,2.52222,0.1877726,-2.424771,0.08437924,0.01900302,0.9962524,0.0,0.0,0.0,0.0,0.0,0.0,0.0,-1.814208,0.3193227,2.938586,2.516991,0.1941697,-2.378163,0.07989219,-0.1301589,0.01907264,0.9880852,9.3721,345.0719,0.9810652,0.7095305,0.05334033,-0.7026526,0.09935907,-0.001320965,0.6184285,3.487135,0.2894789,-1.147727,0.5795999,0.4007999,1.915,0.9653898,0.01689343,0.2602637,-0.05848816,0.9865069,0.1529156,-0.2541687,-0.1628455,0.9533519,static,4.841207,1.092756,16.83913,11.82108
05/11/2023 13:09:27.908116,971,True,True,True,True,Eyes,2.52222,0.1877726,-2.424771,0.08437924,0.01900302,0.9962524,0.0,0.0,0.0,0.0,0.0,0.0,0.0,-1.771275,0.2907177,2.959094,2.517051,0.194593,-2.367437,0.07535684,-0.1379207,0.01814413,0.9874058,8.848393,344.1642,0.8724129,0.7111829,0.05339679,-0.700976,0.09339752,-0.001241707,0.5813228,3.472096,0.2904254,-1.128057,0.5796,0.4008,1.915001,0.9612973,0.01504468,0.275102,-0.05661776,0.9879842,0.1438106,-0.2696329,-0.1538205,0.9505984,static,4.841207,1.092756,16.83913,11.82108
05/11/2023 13:09:27.927164,972,True,True,True,True,Eyes,2.52222,0.1877726,-2.424771,0.08437924,0.01900302,0.9962524,0.0,0.0,0.0,0.0,0.0,0.0,0.0,-1.728633,0.2818469,2.976956,2.516803,0.1951075,-2.357438,0.07425721,-0.1454608,0.01751507,0.9864179,8.719244,343.2801,0.7507542,0.7123922,0.05343356,-0.699744,0.08779367,-0.001167205,0.5464434,3.457647,0.2906126,-1.108229,0.5795997,0.4008,1.915,0.9570688,0.01295133,0.2895714,-0.05615737,0.9883582,0.1414018,-0.2843689,-0.1515928,0.9466541,static,4.841207,1.092756,16.83912,11.82109
05/11/2023 13:09:27.937767,973,True,True,True,True,Eyes,2.52222,0.1877726,-2.424771,0.08437924,0.01900302,0.9962524,0.0,0.0,0.0,0.0,0.0,0.0,0.0,-1.68594,0.2716595,2.99337,2.515825,0.1958012,-2.347071,0.07339776,-0.1528921,0.01633816,0.9853781,8.606356,342.4031,0.5652745,0.7132593,0.05345551,-0.6988584,0.08252605,-0.001097172,0.5136568,3.443713,0.3094709,-1.089679,0.5795999,0.4008,1.915,0.9527141,0.009754653,0.3037114,-0.0546424,0.9886917,0.1396531,-0.2989147,-0.149645,0.9424735,static,4.841207,1.092756,16.83912,11.82109
05/11/2023 13:09:27.962906,974,True,True,True,True,Eyes,2.52222,0.1877726,-2.424771,0.08437924,0.01900302,0.9962524,0.0,0.0,0.0,0.0,0.0,0.0,0.0,-1.643603,0.2664573,3.008792,2.514476,0.1962433,-2.337553,0.0732791,-0.1601255,0.01530504,0.9842539,8.577784,341.5483,0.3859315,0.7139218,0.05346933,-0.6981805,0.07757448,-0.001031342,0.4828374,3.43127,0.3209175,-1.072658,0.5796,0.4008,1.915,0.9482512,0.006660383,0.3174514,-0.05359579,0.9887919,0.139349,-0.3129652,-0.1491519,0.93798,static,4.841207,1.092756,16.83913,11.82109
05/11/2023 13:09:27.977413,975,True,True,True,True,Eyes,2.52222,0.1877726,-2.424771,0.08437924,0.01900302,0.9962524,0.0,0.0,0.0,0.0,0.0,0.0,0.0,-1.60059,0.2723382,3.022582,2.512758,0.1964287,-2.327987,0.07451291,-0.1673613,0.01509539,0.9829599,8.716136,340.6956,0.2744756,0.7145178,0.05348173,-0.6975697,0.07292002,-0.0009694616,0.4538671,3.418518,0.3273457,-1.054187,0.5795999,0.4008,1.915,0.9435246,0.004735163,0.3312686,-0.05461749,0.9884399,0.1414336,-0.3267693,-0.1515392,0.9328761,static,4.841207,1.092756,16.83912,11.82109
05/11/2023 13:09:27.996001,976,True,True,True,True,Eyes,2.52222,0.1877726,-2.424771,0.08437924,0.01900302,0.9962524,0.0,0.0,0.0,0.0,0.0,0.0,0.0,-1.558803,0.2828417,3.034866,2.510857,0.1965885,-2.318885,0.07593528,-0.1743093,0.01574716,0.9816324,8.891906,339.8818,0.2576855,0.7150532,0.05349285,-0.69702,0.06854481,-0.0009112939,0.4266351,3.40429,0.3497811,-1.036652,0.5795999,0.4007999,1.915,0.9387366,0.004443391,0.3446069,-0.05738831,0.9879717,0.1435913,-0.3398238,-0.1545708,0.9277002,static,4.841207,1.092756,16.83913,11.82108
05/11/2023 13:09:28.007507,977,True,True,True,True,Eyes,2.52222,0.1877726,-2.424771,0.08437924,0.01900302,0.9962524,0.0,0.0,0.0,0.0,0.0,0.0,0.0,-1.520289,0.3028021,3.043677,2.508652,0.1968372,-2.309731,0.07868242,-0.18064,0.01701491,0.9802493,9.230343,339.1405,0.2862525,0.7155352,0.05350284,-0.6965244,0.06443212,-0.0008566162,0.401037,3.39018,0.3431048,-1.017785,0.5796,0.4008,1.915,0.9341594,0.00493134,0.356822,-0.06178409,0.9870391,0.1481096,-0.3514669,-0.1604039,0.9223566,static,4.841207,1.092756,16.83913,11.82109
05/11/2023 13:09:28.027233,978,True,True,True,True,Eyes,2.52222,0.1877726,-2.424771,0.08437924,0.01900302,0.9962524,0.0,0.0,0.0,0.0,0.0,0.0,0.0,-1.483316,0.3249922,3.051023,2.506083,0.196548,-2.301197,0.08146379,-0.1866067,0.01867691,0.9788733,9.581821,338.4439,0.3580122,0.7159688,0.05351182,-0.6960779,0.06056619,-0.0008052193,0.3769748,3.377683,0.3381337,-0.9991568,0.5796003,0.4008,1.915001,0.9296582,0.00616128,0.3683716,-0.06696803,0.9860296,0.152515,-0.3622857,-0.1664559,0.9170831,static,4.841207,1.092756,16.83914,11.82108
05/11/2023 13:09:28.037460,979,True,True,True,True,Eyes,2.52222,0.1877726,-2.424771,0.08437924,0.01900302,0.9962524,0.0,0.0,0.0,0.0,0.0,0.0,0.0,-1.445328,0.3617426,3.056598,2.503309,0.1971787,-2.292856,0.08655766,-0.1926208,0.02105884,0.9772214,10.21164,337.7393,0.4548438,0.7163587,0.05351987,-0.6956761,0.05693222,-0.0007569061,0.3543563,3.366429,0.3424907,-0.9823402,0.5796003,0.4008,1.915,0.9249075,0.007812688,0.3801119,-0.07450389,0.9841286,0.1610592,-0.3728207,-0.1772847,0.91081,static,4.841207,1.092756,16.83914,11.82109
05/11/2023 13:09:28.062886,980,True,True,True,True,Eyes,2.52222,0.1877726,-2.424771,0.08437924,0.01900302,0.9962524,0.0,0.0,0.0,0.0,0.0,0.0,0.0,-1.408228,0.372025,3.063659,2.500044,0.1976734,-2.284343,0.08721407,-0.1984958,0.02291885,0.9759446,10.33078,337.0603,0.5889207,0.7167085,0.05352709,-0.6953151,0.05351629,-0.0007114917,0.3330949,3.359698,0.3140289,-0.966551,0.5796004,0.4008,1.915,0.9201483,0.0101118,0.3914396,-0.07935832,0.9837369,0.1611336,-0.3834442,-0.1793308,0.9059862,static,4.841207,1.092756,16.83914,11.82109
05/11/2023 13:09:28.079806,981,True,True,True,True,Eyes,2.52222,0.1877726,-2.424771,0.08437924,0.01900302,0.9962524,0.0,0.0,0.0,0.0,0.0,0.0,0.0,-1.370945,0.3785076,3.071011,2.496747,0.1976395,-2.276194,0.08710909,-0.2043749,0.02476342,0.9746948,10.36577,336.3824,0.7378705,0.7170244,0.0535336,-0.6949889,0.05030531,-0.0006688022,0.3131092,3.351323,0.3004317,-0.9504386,0.5796003,0.4007999,1.915001,0.9152353,0.01266773,0.4027205,-0.08387937,0.9835976,0.1596875,-0.394092,-0.1799316,0.9012858,static,4.841207,1.092756,16.83914,11.82108
05/11/2023 13:09:28.097134,982,True,True,True,True,Eyes,2.52124,0.1881736,-2.41764,0.07437255,0.01875618,0.9970541,0.0,0.0,0.0,0.0,0.0,0.0,0.0,-1.332041,0.3862056,3.078116,2.492881,0.1975611,-2.268216,0.08739491,-0.2104086,0.02639585,0.9733416,10.44188,335.6817,0.8510492,0.7173079,0.05353941,-0.6946948,0.04728699,-0.0006286741,0.2943227,3.341021,0.2809833,-0.9340855,0.5796002,0.4008,1.915,0.9100631,0.01460709,0.4142125,-0.08816162,0.9833308,0.1590223,-0.404985,-0.181238,0.8961807,static,4.265924,1.077698,16.83913,11.82108
05/11/2023 13:09:28.110630,983,True,True,True,True,Eyes,2.520233,0.1885723,-2.41043,0.06419222,0.01855367,0.9977651,0.0,0.0,0.0,0.0,0.0,0.0,0.0,-1.293539,0.381766,3.085957,2.488847,0.1973071,-2.260272,0.08585653,-0.2164013,0.02747682,0.9721338,10.30104,334.986,0.9471297,0.7176505,0.05356468,-0.6943392,0.04444977,-0.0005909537,0.2766633,3.328024,0.2617487,-0.91646,0.5796002,0.4008,1.915,0.904831,0.01626336,0.4254602,-0.09058122,0.9837474,0.155036,-0.416024,-0.1788201,0.8915982,static,3.681109,1.065306,16.83913,11.82109
05/11/2023 13:09:28.127217,984,True,True,True,True,Eyes,2.519067,0.1889734,-2.403171,0.05387695,0.01857035,0.9983749,0.0,0.0,0.0,0.0,0.0,0.0,0.0,-1.252332,0.39264,3.092487,2.484402,0.1975837,-2.252705,0.08654732,-0.2226475,0.02950701,0.9706014,10.43647,334.2604,1.091851,0.7180486,0.0536077,-0.6939242,0.04178279,-0.0005554965,0.2600635,3.313695,0.2565456,-0.8986514,0.5796002,0.4008,1.915001,0.8991148,0.01874,0.4373115,-0.09581818,0.9832777,0.1548666,-0.4270965,-0.1811452,0.8858753,static,3.08895,1.065612,16.83913,11.82108
05/11/2023 13:09:28.147390,985,True,True,True,True,Eyes,2.517691,0.1893344,-2.395915,0.04350369,0.01914527,0.9988698,0.0,0.0,0.0,0.0,0.0,0.0,0.0,-1.210292,0.3802118,3.100911,2.479617,0.197961,-2.2444,0.0837409,-0.2291337,0.03057101,0.9693041,10.15726,333.5081,1.216027,0.7184944,0.05366698,-0.693458,0.03927582,-0.0005221667,0.2444597,3.300134,0.2527198,-0.8811252,0.5795999,0.4007999,1.915,0.8931263,0.02088948,0.4493206,-0.09764094,0.9841058,0.1483311,-0.4390805,-0.1763505,0.8809704,static,2.493822,1.09805,16.83912,11.82108
05/11/2023 13:09:28.157560,986,True,True,True,True,Eyes,2.516148,0.1896401,-2.388636,0.03304191,0.01975401,0.9992587,0.0,0.0,0.0,0.0,0.0,0.0,0.0,-1.167851,0.3585567,3.110166,2.474497,0.1973744,-2.236847,0.07995989,-0.2356502,0.03037376,0.9680665,9.737132,332.7425,1.228014,0.7189796,0.05373992,-0.6929493,0.03691927,-0.0004908367,0.2297921,3.284895,0.2554476,-0.8631635,0.5796,0.4008,1.915001,0.8870928,0.02112251,0.4611074,-0.09649275,0.9853677,0.1404978,-0.4513927,-0.1691281,0.8761508,static,1.893876,1.132514,16.83913,11.82109
05/11/2023 13:09:28.177435,987,True,True,True,True,Eyes,2.514359,0.1898865,-2.381382,0.02267542,0.02047966,0.9995331,0.0,0.0,0.0,0.0,0.0,0.0,0.0,-1.12691,0.3511418,3.116249,2.469135,0.1963652,-2.229137,0.07904437,-0.2418613,0.02967544,0.9666304,9.623205,331.9984,1.112061,0.7194995,0.05382397,-0.692403,0.03470412,-0.0004613865,0.2160046,3.26939,0.259688,-0.8453943,0.5796001,0.4007999,1.915,0.8812449,0.0191348,0.4722724,-0.09560592,0.9857427,0.1384587,-0.4628898,-0.1671681,0.8705101,static,1.29959,1.173782,16.83913,11.82108
05/11/2023 13:09:28.195695,988,True,True,True,True,Eyes,2.512383,0.1900807,-2.374139,0.01226552,0.02112551,0.9997016,0.0,0.0,0.0,0.0,0.0,0.0,0.0,-1.088237,0.3446553,3.120746,2.463341,0.1953278,-2.221688,0.07805341,-0.2476306,0.02934709,0.9652594,9.509901,331.3099,1.045653,0.7200462,0.05391649,-0.6918272,0.03262187,-0.0004337034,0.2030443,3.252863,0.2604459,-0.8271438,0.5796002,0.4008,1.915,0.8756356,0.01799828,0.4826368,-0.09531193,0.9860928,0.1361491,-0.4734743,-0.165218,0.8651735,static,0.7029368,1.210584,16.83913,11.82109
05/11/2023 13:09:28.212644,989,True,True,True,True,Eyes,2.510155,0.1902284,-2.366943,0.001959538,0.02179855,0.9997604,0.0,0.0,0.0,0.0,0.0,0.0,0.0,-1.050266,0.349867,3.123244,2.457053,0.1942788,-2.214783,0.0785342,-0.2531197,0.0299992,0.9637755,9.588183,330.6571,1.049938,0.7206156,0.05401555,-0.6912264,0.03066456,-0.0004076812,0.1908617,3.235603,0.2590356,-0.80865,0.5796001,0.4008,1.915,0.870061,0.01806788,0.4926129,-0.09758208,0.9858649,0.1361919,-0.4831891,-0.1665654,0.8595256,static,0.1123,1.249066,16.83913,11.82109
05/11/2023 13:09:28.227400,990,True,True,True,True,Eyes,2.507731,0.1903406,-2.359743,-0.008367372,0.02252222,0.9997113,0.0,0.0,0.0,0.0,0.0,0.0,0.0,-1.011331,0.3568686,3.125196,2.450393,0.1934449,-2.207973,0.0792926,-0.2586908,0.03080396,0.9622073,9.702318,329.9936,1.061175,0.7212016,0.05411946,-0.6906069,0.02882468,-0.0003832203,0.17941,3.21843,0.2517796,-0.7903803,0.5795999,0.4008,1.915,0.8642603,0.01825506,0.5027134,-0.1003041,0.9855276,0.1366544,-0.4929433,-0.1685292,0.8535835,static,-0.4795423,1.290583,16.83912,11.82109
05/11/2023 13:09:28.237443,991,True,True,True,True,Eyes,2.505087,0.190391,-2.352559,-0.01858304,0.02337947,0.999554,0.0,0.0,0.0,0.0,0.0,0.0,0.0,-0.974857,0.350609,3.126892,2.443425,0.1926913,-2.200744,0.07816719,-0.2639484,0.03089078,0.9608677,9.585769,329.3679,1.05178,0.7217995,0.05422689,-0.6899736,0.0270952,-0.0003602271,0.1686454,3.200766,0.2427694,-0.7718208,0.5796,0.4008,1.915,0.858754,0.01809969,0.5120684,-0.1006281,0.9858713,0.1339095,-0.5024099,-0.1665238,0.8484422,static,-1.065082,1.339898,16.83913,11.82108
05/11/2023 13:09:28.257410,992,True,True,True,True,Eyes,2.502228,0.1903755,-2.345397,-0.02874646,0.02427171,0.999292,0.0,0.0,0.0,0.0,0.0,0.0,0.0,-0.9406297,0.341773,3.127659,2.43616,0.1912866,-2.193713,0.07645652,-0.2688251,0.03100472,0.959649,9.405028,328.7898,1.068694,0.722405,0.05433598,-0.6893309,0.02546949,-0.0003386134,0.1585266,3.18187,0.2376725,-0.7531992,0.5796001,0.4008,1.915,0.8535435,0.01840044,0.5206965,-0.1006142,0.9863862,0.1300732,-0.5112144,-0.1634125,0.8437749,static,-1.647763,1.391378,16.83913,11.82109
05/11/2023 13:09:28.277615,993,True,True,True,True,Eyes,2.499138,0.190294,-2.338262,-0.03889656,0.02521702,0.998925,0.0,0.0,0.0,0.0,0.0,0.0,0.0,-0.9093179,0.3372052,3.126551,2.428264,0.1896696,-2.187109,0.075463,-0.2731301,0.03116865,0.9585059,9.304987,328.2773,1.075808,0.7230146,0.05444495,-0.6886829,0.02394132,-0.0003182966,0.149015,3.162271,0.2316525,-0.7344287,0.5796004,0.4007999,1.915,0.8488569,0.01852824,0.528298,-0.1009731,0.9866677,0.1276373,-0.5188896,-0.1616897,0.8394105,static,-2.229881,1.446077,16.83914,11.82108
05/11/2023 13:09:28.297887,994,True,True,True,True,Eyes,2.495822,0.1901338,-2.331154,-0.04892416,0.02618359,0.9984592,0.0,0.0,0.0,0.0,0.0,0.0,0.0,-0.8807981,0.33277,3.124013,2.419791,0.1880245,-2.180655,0.07468804,-0.2769369,0.03104111,0.957478,9.219501,327.8211,1.04921,0.7236247,0.0545522,-0.6880332,0.02250484,-0.0002991988,0.1400741,3.14174,0.230836,-0.7154068,0.5796004,0.4008,1.915,0.8446847,0.0180746,0.5349589,-0.1008101,0.9869164,0.1258314,-0.5256853,-0.1602172,0.8354553,static,-2.80523,1.50218,16.83914,11.82108
05/11/2023 13:09:28.308143,995,True,True,True,True,Eyes,2.492232,0.189899,-2.324108,-0.05939009,0.02705579,0.9978682,0.0,0.0,0.0,0.0,0.0,0.0,0.0,-0.8546985,0.3294277,3.120321,2.411145,0.1859596,-2.17422,0.07384642,-0.2803505,0.03123458,0.9565431,9.136544,327.4147,1.064872,0.7242315,0.05465578,-0.6873862,0.02115455,-0.0002812469,0.1316697,3.120082,0.2335868,-0.6963633,0.5796004,0.4008,1.915,0.840856,0.01834868,0.5409478,-0.1011602,0.9871423,0.1237613,-0.5317216,-0.1587878,0.8319006,static,-3.406053,1.553114,16.83914,11.82108
05/11/2023 13:09:28.327404,996,True,True,True,True,Eyes,2.488395,0.189598,-2.317106,-0.06972845,0.02798269,0.9971734,0.0,0.0,0.0,0.0,0.0,0.0,0.0,-0.8277968,0.3318506,3.115925,2.402066,0.1839952,-2.168082,0.07353764,-0.2837755,0.03230109,0.955521,9.141083,327.0115,1.160293,0.7248319,0.05475431,-0.6867453,0.01988527,-0.0002643721,0.1237695,3.097307,0.2360124,-0.6770889,0.5796002,0.4008,1.915001,0.8368562,0.01999239,0.5470576,-0.1034651,0.9870977,0.122201,-0.5375562,-0.158866,0.8281274,static,-3.999959,1.607413,16.83913,11.82108
05/11/2023 13:09:28.337353,997,True,True,True,True,Eyes,2.488395,0.189598,-2.317106,-0.06972845,0.02798269,0.9971734,0.0,0.0,0.0,0.0,0.0,0.0,0.0,-0.800562,0.3288552,3.111669,2.392392,0.1820663,-2.162138,0.07228336,-0.287193,0.03335354,0.954559,9.041817,326.6123,1.285602,0.725422,0.05484652,-0.6861145,0.01869216,-0.0002485098,0.1163433,3.073554,0.235781,-0.6574389,0.5796002,0.4008001,1.915001,0.8328155,0.02215732,0.553107,-0.1051944,0.9873253,0.1188396,-0.5434635,-0.1571552,0.8245907,static,-3.999959,1.607413,16.83913,11.82109
05/11/2023 13:09:28.357406,998,True,True,True,True,Eyes,2.488395,0.189598,-2.317106,-0.06972845,0.02798269,0.9971734,0.0,0.0,0.0,0.0,0.0,0.0,0.0,-0.7731009,0.3282372,3.106988,2.382403,0.1798039,-2.15653,0.07139093,-0.2905772,0.0344419,0.9535629,8.984516,326.2154,1.403684,0.7259527,0.0549295,-0.6855463,0.01757063,-0.0002335992,0.1093627,3.049071,0.236122,-0.6378434,0.5796001,0.4008,1.915,0.8287573,0.0241959,0.5590849,-0.1071742,0.9874342,0.1161354,-0.5492496,-0.1561675,0.8209365,static,-3.999959,1.607413,16.83913,11.82109
05/11/2023 13:09:28.377388,999,True,True,True,True,Eyes,2.483415,0.1890807,-2.309754,-0.08118594,0.02878055,0.9962834,0.0,0.0,0.0,0.0,0.0,0.0,0.0,-0.7422198,0.329724,3.102449,2.37166,0.1777997,-2.151375,0.07125198,-0.2943653,0.0350094,0.9523899,8.993968,325.7621,1.435118,0.7264298,0.05500411,-0.6850349,0.01651639,-0.0002195832,0.102801,3.025978,0.240143,-0.6191377,0.5796,0.4008,1.915,0.8242469,0.02473699,0.56569,-0.1086334,0.987395,0.1151082,-0.555712,-0.1563305,0.8165445,static,-4.658671,1.654696,16.83913,11.82108
05/11/2023 13:09:28.397855,1000,True,True,True,True,Eyes,2.478161,0.1885228,-2.302502,-0.09256688,0.02962445,0.9952657,0.0,0.0,0.0,0.0,0.0,0.0,0.0,-0.7087271,0.3299592,3.098186,2.360485,0.1763649,-2.146376,0.0711538,-0.29851,0.03531583,0.9510952,8.999875,325.2629,1.432832,0.7268991,0.05507026,-0.6845316,0.0,0.0,0.0,3.003303,0.226169,-0.6006954,0.5796,0.4008,1.915,0.8192892,0.02469719,0.5728484,-0.1096577,0.9873799,0.1142638,-0.5627971,-0.1564323,0.8116578,static,-5.313634,1.704926,16.83913,11.82109
05/11/2023 13:09:28.408419,1001,True,True,True,True,Eyes,2.472628,0.1879306,-2.295366,-0.1043493,0.03038012,0.9940766,0.0,0.0,0.0,0.0,0.0,0.0,0.0,-0.6720486,0.3265999,3.094413,2.3488,0.1747997,-2.141563,0.06997459,-0.3030747,0.03634525,0.9496991,8.913332,324.7218,1.543989,0.7273557,0.05512773,-0.6840417,0.0,0.0,0.0,2.978823,0.2283725,-0.5815563,0.5795999,0.4008,1.915,0.8136495,0.02661905,0.5807461,-0.1114492,0.9875652,0.1108789,-0.5705732,-0.1549402,0.8064985,static,-5.992453,1.75048,16.83912,11.82109
05/11/2023 13:09:28.427731,1002,True,True,True,True,Eyes,2.46683,0.1873225,-2.288334,-0.1161363,0.03111107,0.9927459,0.0,0.0,0.0,0.0,0.0,0.0,0.0,-0.6304257,0.3286972,3.090822,2.336962,0.1733852,-2.137103,0.06932262,-0.3083108,0.03826696,0.9479845,8.918523,324.1029,1.728986,0.7277967,0.05517669,-0.6835686,0.0,0.0,0.0,2.952967,0.2295265,-0.5632737,0.5796,0.4008,1.915001,0.8069602,0.02980713,0.5898532,-0.1152988,0.9874601,0.1078373,-0.5792422,-0.1550298,0.8002777,static,-6.672416,1.794971,16.83913,11.82109
05/11/2023 13:09:28.437199,1003,True,True,True,True,Eyes,2.460728,0.1867128,-2.281431,-0.1281257,0.03177698,0.9912487,0.0,0.0,0.0,0.0,0.0,0.0,0.0,-0.5854815,0.3295319,3.087353,2.324934,0.1723711,-2.132628,0.06895296,-0.3140697,0.03947955,0.9460692,8.932295,323.4127,1.820826,0.7282182,0.05521765,-0.6831163,0.0,0.0,0.0,2.927244,0.2155281,-0.5448987,0.5796003,0.4008,1.915,0.7996032,0.03138871,0.5997077,-0.1180129,0.9873737,0.1056699,-0.5888188,-0.1552672,0.7932115,static,-7.365036,1.836132,16.83914,11.82108
05/11/2023 13:09:28.457930,1004,True,True,True,True,Eyes,2.454358,0.1861542,-2.274622,-0.1400598,0.03252139,0.9896089,0.0,0.0,0.0,0.0,0.0,0.0,0.0,-0.542662,0.3268676,3.083055,2.31251,0.1718151,-2.128223,0.06835187,-0.3194952,0.0401686,0.9442654,8.902413,322.7585,1.866791,0.7286162,0.0552516,-0.6826891,0.0,0.0,0.0,2.903112,0.2167038,-0.5272558,0.5796005,0.4008,1.915,0.7926186,0.03218345,0.6088678,-0.1195358,0.987429,0.1034173,-0.5978854,-0.154752,0.7865016,static,-8.055596,1.882226,16.83914,11.82109
05/11/2023 13:09:28.477422,1005,True,True,True,True,Eyes,2.447677,0.1856983,-2.267945,-0.1520505,0.03327256,0.9878125,0.0,0.0,0.0,0.0,0.0,0.0,0.0,-0.5016996,0.3185206,3.07832,2.299854,0.1724567,-2.123709,0.06676767,-0.3246562,0.04121076,0.9425721,8.779099,322.1417,1.99098,0.7289877,0.05528091,-0.6822901,0.0,0.0,0.0,2.881508,0.2135183,-0.5108645,0.5796002,0.4008,1.915,0.7858001,0.03433513,0.6175269,-0.1210413,0.9876875,0.09910803,-0.6065207,-0.1526253,0.7802808,static,-8.750657,1.929169,16.83913,11.82108
05/11/2023 13:09:28.497457,1006,True,True,True,True,Eyes,2.274026,0.1772252,-2.10297,-0.4434277,0.05608024,0.894554,0.0,0.0,0.0,0.0,0.0,0.0,0.0,-0.4605829,0.309153,3.07323,2.287024,0.1745457,-2.119318,0.06515193,-0.3298286,0.04250024,0.9408306,8.663404,321.524,2.144512,0.7293278,0.05530923,-0.6819242,0.0,0.0,0.0,2.860428,0.2058928,-0.4943753,0.5796002,0.4008,1.915001,0.7788138,0.03699312,0.6261635,-0.122949,0.9878979,0.09455828,-0.6150877,-0.1506294,0.7739367,static,-26.36748,3.58722,16.83913,11.82108
05/11/2023 13:09:28.507981,1007,True,True,True,True,Eyes,2.273509,0.1773055,-2.102809,-0.4438369,0.0561321,0.8943478,0.0,0.0,0.0,0.0,0.0,0.0,0.0,-0.4180932,0.286537,3.068604,2.273851,0.1769472,-2.114599,0.06175226,-0.335325,0.04278858,0.9391024,8.318722,320.8639,2.256074,0.7297285,0.05558067,-0.6814733,-0.5209544,-0.02541934,0.4949255,2.838384,0.2098367,-0.4779527,0.5796005,0.4008,1.915,0.7714526,0.03895155,0.6350935,-0.1217799,0.9887116,0.08728722,-0.6245243,-0.1446795,0.7674876,static,-26.39377,3.591354,16.83914,11.82108
05/11/2023 13:09:28.527287,1008,True,True,True,True,Eyes,2.272501,0.1775033,-2.102478,-0.444627,0.05600647,0.8939632,0.0,0.0,0.0,0.0,0.0,0.0,0.0,-0.3780148,0.2679259,3.063479,2.261494,0.1789721,-2.11026,0.0592217,-0.3405239,0.04263086,0.9374001,8.051464,320.2328,2.291622,0.7300738,0.05580349,-0.6810852,-0.4896971,-0.02389418,0.46523,2.814841,0.217604,-0.4618313,0.5796,0.4008,1.915,0.7644522,0.03959154,0.6434636,-0.1202572,0.9893507,0.08199519,-0.633365,-0.1400625,0.7610725,static,-26.4442,3.584875,16.83913,11.82109
05/11/2023 13:09:28.547271,1009,True,True,True,True,Eyes,2.271024,0.1777774,-2.101999,-0.4457344,0.05598345,0.8934129,0.0,0.0,0.0,0.0,0.0,0.0,0.0,-0.3373108,0.2760252,3.05531,2.248823,0.1820295,-2.105837,0.06110032,-0.3456282,0.0437323,0.9353585,8.310157,319.6066,2.292139,0.7303666,0.05599253,-0.6807556,-0.4603153,-0.02246053,0.4373161,2.788691,0.2223349,-0.4457643,0.5796002,0.4008,1.915001,0.7572573,0.03957477,0.6519166,-0.1240467,0.9887085,0.08407117,-0.6412284,-0.1445316,0.7536159,static,-26.51516,3.585606,16.83913,11.82109
05/11/2023 13:09:28.557427,1010,True,True,True,True,Eyes,2.269127,0.1780967,-2.101403,-0.447207,0.05590461,0.8926817,0.0,0.0,0.0,0.0,0.0,0.0,0.0,-0.3008252,0.2488742,3.049567,2.236412,0.1841074,-2.101632,0.05736003,-0.3503662,0.04291098,0.9338693,7.886009,319.0295,2.311589,0.7306088,0.05615851,-0.680481,-0.4326963,-0.0211129,0.4110772,2.75963,0.2368543,-0.4297196,0.5796002,0.4008001,1.915,0.7508043,0.03995247,0.6593153,-0.1203405,0.9897369,0.07706443,-0.6494699,-0.1372027,0.7479066,moving,-26.60951,3.583495,16.83914,11.82109
05/11/2023 13:09:28.577743,1011,True,True,True,True,Eyes,2.26685,0.1784427,-2.100659,-0.4490573,0.05564741,0.8917683,0.0,0.0,0.0,0.0,0.0,0.0,0.0,-0.2603439,0.2525595,3.042066,2.224594,0.1855103,-2.098212,0.05756994,-0.3554837,0.04518165,0.9318131,8.013797,318.4121,2.504514,0.7308029,0.05630897,-0.6802596,-0.4067346,-0.01984612,0.3864125,2.726649,0.2512721,-0.4160915,0.5756793,0.3980891,1.915,0.74318,0.04327136,0.6676909,-0.1251321,0.9892887,0.07516619,-0.6572865,-0.1394115,0.7406341,moving,-26.72792,3.570695,16.73161,11.74336
05/11/2023 13:09:28.597324,1012,True,True,True,True,Eyes,2.264211,0.1788378,-2.099805,-0.4513521,0.05536667,0.8906266,0.0,0.0,0.0,0.0,0.0,0.0,0.0,-0.2138649,0.2494778,3.034773,2.212838,0.1864351,-2.094376,0.05637842,-0.3616224,0.04778507,0.929391,8.01055,317.6731,2.781086,0.7309513,0.05644948,-0.6800883,-0.3823305,-0.01865536,0.3632278,2.694556,0.2456436,-0.4035184,0.5717117,0.3953454,1.915,0.7338918,0.04804662,0.677565,-0.1295974,0.9890761,0.07023489,-0.666789,-0.1393555,0.7321015,moving,-26.875,3.55727,16.62268,11.66465
05/11/2023 13:09:28.617330,1013,True,True,True,True,Eyes,2.261268,0.1792694,-2.098789,-0.4559034,0.05367797,0.888409,0.0,0.0,0.0,0.0,0.0,0.0,0.0,-0.1647797,0.2498542,3.02735,2.201701,0.1880023,-2.090837,0.05622089,-0.3682039,0.04986893,0.9267029,8.101317,316.8708,2.954345,0.7310561,0.0565862,-0.6799642,-0.3593906,-0.01753603,0.3414341,2.665289,0.2416503,-0.3914209,0.5679466,0.3927418,1.915,0.723878,0.05102585,0.6880386,-0.1338289,0.9887046,0.06747624,-0.6768238,-0.140924,0.7225301,moving,-27.16546,3.457627,16.51919,11.58991
05/11/2023 13:09:28.630140,1014,True,True,True,True,Eyes,2.257992,0.1797327,-2.097661,-0.4607329,0.05222939,0.8860008,0.0,0.0,0.0,0.0,0.0,0.0,0.0,-0.1170399,0.2446998,3.019238,2.190662,0.1894802,-2.086737,0.05555115,-0.3747276,0.05094594,0.9240659,8.096893,316.0681,3.041,0.7311219,0.05672848,-0.6798816,-0.3378272,-0.01648387,0.3209481,2.63786,0.238398,-0.3803364,0.564059,0.3900535,1.915,0.7139674,0.05252171,0.6982064,-0.1357879,0.9886371,0.06448416,-0.6868859,-0.1408475,0.7129866,moving,-27.47507,3.373659,16.41222,11.51271
05/11/2023 13:09:28.637337,1015,True,True,True,True,Eyes,2.254409,0.1802268,-2.096431,-0.4657148,0.05091815,0.8834688,0.0,0.0,0.0,0.0,0.0,0.0,0.0,-0.07220912,0.2276908,3.011353,2.179553,0.1906523,-2.082908,0.05303385,-0.3808956,0.05125181,0.921672,7.86288,315.3078,3.129172,0.7311494,0.05687743,-0.6798397,-0.3175576,-0.01549484,0.3016912,2.608878,0.244617,-0.3695825,0.5602231,0.3874009,1.915,0.7045836,0.054074,0.7075577,-0.1348754,0.9891214,0.05871645,-0.6966853,-0.1368028,0.704212,moving,-27.79566,3.298556,16.30656,11.43649
05/11/2023 13:09:28.657367,1016,True,True,True,True,Eyes,2.250525,0.1807207,-2.095086,-0.4709249,0.0499497,0.8807581,0.0,0.0,0.0,0.0,0.0,0.0,0.0,-0.02705276,0.2112264,3.003073,2.168797,0.1918726,-2.079255,0.05123245,-0.387175,0.05016467,0.919214,7.644845,314.5212,3.039453,0.7311392,0.05703398,-0.6798376,-0.2985041,-0.01456515,0.2835897,2.576059,0.2584226,-0.3596665,0.556396,0.3847542,1.915,0.6951581,0.05255229,0.7169334,-0.131896,0.9897175,0.05534216,-0.7066531,-0.1330322,0.6949416,moving,-28.13258,3.245891,16.20103,11.36039
05/11/2023 13:09:28.677455,1017,True,True,True,True,Eyes,2.246379,0.1811748,-2.093627,-0.4761925,0.04920552,0.8779632,0.0,0.0,0.0,0.0,0.0,0.0,0.0,0.01559019,0.1834088,2.994255,2.157848,0.1923198,-2.075127,0.04790668,-0.3932222,0.04746091,0.9169671,7.191329,313.7571,2.851966,0.7310923,0.05719798,-0.6798743,-0.2805939,-0.01369124,0.2665743,2.541273,0.2685466,-0.3502818,0.5524825,0.3820477,1.915,0.6862474,0.04936424,0.7256911,-0.1247161,0.9909048,0.05053234,-0.7165963,-0.1251831,0.6861625,moving,-28.47466,3.207791,16.09299,11.28253
05/11/2023 13:09:28.696215,1018,True,True,True,True,Eyes,2.241977,0.1816269,-2.092071,-0.4816274,0.04845006,0.8750358,0.0,0.0,0.0,0.0,0.0,0.0,0.0,0.05461562,0.1588914,2.984893,2.14723,0.1917627,-2.07134,0.04485753,-0.3986975,0.0449186,0.9148828,6.770727,313.0643,2.679403,0.7310101,0.05736796,-0.6799482,-0.2637582,-0.01286977,0.2505799,2.506559,0.2830598,-0.3415775,0.548564,0.3793381,1.915,0.6780453,0.04642133,0.7335528,-0.1179597,0.9919403,0.04626089,-0.725493,-0.1178966,0.6780562,moving,-28.82877,3.169187,15.9847,11.20455
05/11/2023 13:09:28.703487,1019,True,True,True,True,Eyes,2.125597,0.1933708,-2.050225,-0.61297,0.0318118,0.7894654,0.0,0.0,0.0,0.0,0.0,0.0,0.0,0.09261572,0.1581952,2.973839,2.13684,0.1921869,-2.067439,0.04519537,-0.4038851,0.04496146,0.9125859,6.823304,312.4111,2.629645,0.7308939,0.0575438,-0.6800582,-0.2479327,-0.01209758,0.2355451,2.472468,0.2841949,-0.3335755,0.5447748,0.3767178,1.915,0.6697106,0.04555489,0.7412237,-0.1185698,0.9918717,0.04617077,-0.7330955,-0.1188078,0.6696684,moving,-37.82708,2.307506,15.87987,11.12909
05/11/2023 13:09:28.727294,1020,True,True,True,True,Eyes,2.125185,0.1933513,-2.050065,-0.6133041,0.03202398,0.7891974,0.0,0.0,0.0,0.0,0.0,0.0,0.0,0.1286433,0.134602,2.96299,2.126105,0.1930454,-2.063102,0.04190977,-0.408979,0.0438998,0.9105233,6.443757,311.772,2.633867,0.7291299,0.05863862,-0.681856,-0.5821989,0.02385981,0.3469512,2.438085,0.2841617,-0.3258103,0.5406778,0.3738846,1.915,0.661618,0.04566316,0.7484495,-0.114224,0.9926327,0.04041145,-0.7410902,-0.1122278,0.6619595,moving,-37.85163,2.323668,15.76641,11.04746
05/11/2023 13:09:28.747274,1021,True,True,True,True,Eyes,2.124388,0.1933407,-2.049741,-0.613878,0.03185352,0.788758,0.0,0.0,0.0,0.0,0.0,0.0,0.0,0.1632288,0.1163922,2.95195,2.115958,0.1925081,-2.059093,0.03918681,-0.4138588,0.04315027,0.9084731,6.137599,311.1584,2.649792,0.7276883,0.05952862,-0.6833176,-0.5472669,0.02242822,0.3261341,2.404173,0.281159,-0.3192328,0.5366893,0.3711268,1.915,0.653718,0.04596611,0.755341,-0.1108373,0.9932049,0.03548407,-0.7485772,-0.1069165,0.6543706,moving,-37.89306,2.312599,15.65582,10.96795
05/11/2023 13:09:28.757872,1022,True,True,True,True,Eyes,2.123204,0.1933425,-2.049254,-0.6147148,0.03173839,0.7881107,0.0,0.0,0.0,0.0,0.0,0.0,0.0,0.1970295,0.1264658,2.93942,2.105799,0.1927637,-2.055104,0.04095384,-0.4184293,0.04440196,0.9062385,6.395221,310.5814,2.664888,0.726503,0.06025529,-0.6845144,-0.5144309,0.02108252,0.3065661,2.369967,0.2732251,-0.3127369,0.5332261,0.3687316,1.915,0.6458908,0.04620497,0.7620303,-0.1147501,0.9927025,0.03706973,-0.7547566,-0.1113861,0.6464794,moving,-37.95371,2.30614,15.5597,10.89887
05/11/2023 13:09:28.777133,1023,True,True,True,True,Eyes,2.121654,0.1933214,-2.048661,-0.6157478,0.03129789,0.7873214,0.0,0.0,0.0,0.0,0.0,0.0,0.0,0.226494,0.1202277,2.927079,2.095433,0.1930396,-2.050718,0.04003498,-0.4225027,0.04495628,0.9043603,6.338398,310.0692,2.738384,0.7255208,0.06085175,-0.6855028,-0.483565,0.01981757,0.2881721,2.335911,0.2645127,-0.3074078,0.5292431,0.3659777,1.915,0.6389409,0.04748357,0.7677889,-0.1151431,0.9927523,0.0344238,-0.7605897,-0.1104004,0.6397774,moving,-38.02822,2.276444,15.44905,10.8194
05/11/2023 13:09:28.797168,1024,True,True,True,True,Eyes,2.119774,0.1932898,-2.047933,-0.6170325,0.03056177,0.786344,0.0,0.0,0.0,0.0,0.0,0.0,0.0,0.2550859,0.1302675,2.914672,2.085831,0.1925968,-2.046844,0.04122152,-0.426349,0.04742498,0.9023736,6.59403,309.5886,2.910531,0.7246991,0.06134288,-0.6863279,-0.4545511,0.01862852,0.2708818,2.303983,0.2508889,-0.3021173,0.5254331,0.3633432,1.915,0.6319548,0.05044061,0.773362,-0.1207396,0.9921033,0.03395523,-0.7655423,-0.1148336,0.6330547,moving,-38.12075,2.225718,15.34309,10.74333
05/11/2023 13:09:28.807564,1025,True,True,True,True,Eyes,2.11758,0.1932469,-2.047077,-0.6185926,0.02954758,0.7851561,0.0,0.0,0.0,0.0,0.0,0.0,0.0,0.2851563,0.1514921,2.901132,2.076156,0.1923619,-2.042891,0.0442346,-0.4303413,0.05071179,0.9001544,7.081596,309.0877,3.074481,0.7239975,0.0617528,-0.6870314,-0.4272781,0.01751081,0.2546289,2.273138,0.2367128,-0.2977874,0.5216882,0.3607535,1.915,0.6244692,0.05322492,0.7792338,-0.1293688,0.9909433,0.03598918,-0.7702609,-0.1232827,0.6256992,moving,-38.23314,2.155181,15.23884,10.66852
05/11/2023 13:09:28.827415,1026,True,True,True,True,Eyes,2.115089,0.1931976,-2.046101,-0.6204041,0.0282574,0.7837731,0.0,0.0,0.0,0.0,0.0,0.0,0.0,0.3160005,0.1616619,2.887703,2.066511,0.1921058,-2.038982,0.04578887,-0.4345617,0.05259841,0.8979382,7.350896,308.5532,3.159576,0.7233443,0.06212484,-0.6876857,-0.4016414,0.01646016,0.2393511,2.241476,0.2140101,-0.2942312,0.5176613,0.3579688,1.915,0.616779,0.05466408,0.7852361,-0.1342564,0.9902736,0.03651663,-0.7756023,-0.1279457,0.6181189,moving,-38.36375,2.064792,15.12662,10.58804
05/11/2023 13:09:28.837418,1027,True,True,True,True,Eyes,2.112282,0.1931574,-2.045013,-0.6225355,0.02690041,0.7821291,0.0,0.0,0.0,0.0,0.0,0.0,0.0,0.3484324,0.1816997,2.873207,2.057013,0.1919676,-2.035088,0.04904098,-0.4389686,0.05495983,0.895478,7.821165,307.9904,3.204257,0.7227319,0.0624633,-0.6882988,-0.3775429,0.01547255,0.2249901,2.210551,0.2091514,-0.2908756,0.5140616,0.3554795,1.915,0.6085719,0.05537573,0.7915641,-0.1414855,0.9891488,0.03957896,-0.7807829,-0.1360815,0.6098031,moving,-38.51803,1.969844,15.02621,10.51606
05/11/2023 13:09:28.857386,1028,True,True,True,True,Eyes,2.109191,0.1931187,-2.043807,-0.6249272,0.02555056,0.7802649,0.0,0.0,0.0,0.0,0.0,0.0,0.0,0.382472,0.1881691,2.858365,2.047086,0.1922373,-2.030868,0.05054579,-0.4437846,0.05560691,0.8929771,8.02629,307.369,3.152122,0.7221521,0.06277297,-0.6888791,-0.3548903,0.01454419,0.2114907,2.179321,0.2064758,-0.288484,0.5100842,0.3527293,1.915,0.5999262,0.05444853,0.7982005,-0.1441743,0.9887059,0.04091749,-0.7869577,-0.1396275,0.6010007,moving,-38.69182,1.875538,14.91515,10.4365
05/11/2023 13:09:28.882357,1029,True,True,True,True,Eyes,2.105811,0.1930756,-2.042481,-0.6276649,0.02440827,0.7781009,0.0,0.0,0.0,0.0,0.0,0.0,0.0,0.4174392,0.1874054,2.843613,2.037333,0.1922589,-2.026776,0.05102754,-0.4488515,0.05527655,0.8904341,8.076507,306.7115,3.047278,0.7215997,0.06305698,-0.6894318,-0.3335969,0.01367154,0.1988012,2.147172,0.2021122,-0.2866758,0.5062283,0.3500626,1.915,0.5909537,0.05263268,0.8049867,-0.1442478,0.9886814,0.04125141,-0.7937042,-0.1404953,0.5918571,moving,-38.89182,1.796724,14.80737,10.35931
05/11/2023 13:09:28.896350,1030,True,True,True,True,Eyes,2.102152,0.1930381,-2.041032,-0.6306636,0.02345337,0.7757018,0.0,0.0,0.0,0.0,0.0,0.0,0.0,0.4529417,0.1827116,2.828164,2.027258,0.1921089,-2.022466,0.05066315,-0.4540583,0.05527581,0.8878114,8.056846,306.039,3.018632,0.7210691,0.06331845,-0.6899628,-0.3135811,0.01285125,0.1868732,2.115252,0.2047845,-0.2852648,0.5023687,0.3473938,1.915,0.5815513,0.05214092,0.8118371,-0.144157,0.9887557,0.03976176,-0.8006353,-0.1401555,0.5825285,moving,-39.11192,1.731812,14.69938,10.28202
05/11/2023 13:09:28.907820,1031,True,True,True,True,Eyes,2.098219,0.1929897,-2.039464,-0.6339546,0.02279235,0.7730343,0.0,0.0,0.0,0.0,0.0,0.0,0.0,0.4893383,0.1682736,2.812476,2.017056,0.1921797,-2.018005,0.048817,-0.4595416,0.05448735,0.8851382,7.845251,305.3303,2.985212,0.720555,0.06356075,-0.6904774,-0.2947662,0.01208017,0.1756608,2.081636,0.1989396,-0.2849056,0.4984333,0.3446719,1.914999,0.5717052,0.0515908,0.8188356,-0.1413246,0.9892961,0.03634117,-0.8081959,-0.136498,0.5728768,moving,-39.3547,1.688835,14.58916,10.20316
05/11/2023 13:09:28.927415,1032,True,True,True,True,Eyes,2.094018,0.192916,-2.037766,-0.6374487,0.02222559,0.7701721,0.0,0.0,0.0,0.0,0.0,0.0,0.0,0.5269172,0.1552168,2.795749,2.006797,0.1918785,-2.013428,0.0474062,-0.4652549,0.05288624,0.882323,7.635255,304.584,2.846122,0.7200535,0.06378594,-0.6909795,-0.2770803,0.01135536,0.1651211,2.047115,0.2071604,-0.2843797,0.4945904,0.3420149,1.915,0.5614819,0.04921355,0.8260244,-0.1374374,0.9899113,0.03444401,-0.8159958,-0.1328663,0.5625811,moving,-39.61356,1.65298,14.48143,10.12614
05/11/2023 13:09:28.947406,1033,True,True,True,True,Eyes,2.089556,0.1928045,-2.035947,-0.6411874,0.02177422,0.7670754,0.0,0.0,0.0,0.0,0.0,0.0,0.0,0.560568,0.1472732,2.778501,1.996278,0.191201,-2.008559,0.04681335,-0.4703543,0.05131325,0.8797399,7.50646,303.9129,2.673627,0.7195613,0.0639954,-0.6914727,-0.2604555,0.01067404,0.1552138,2.012696,0.2182716,-0.2850355,0.4907758,0.339377,1.915,0.5522677,0.0462469,0.832383,-0.1343223,0.9903509,0.03409633,-0.8227745,-0.1306379,0.5531508,moving,-39.89177,1.625963,14.37438,10.04964
05/11/2023 13:09:28.957556,1034,True,True,True,True,Eyes,2.084851,0.1926523,-2.034018,-0.6450925,0.0213082,0.7638073,0.0,0.0,0.0,0.0,0.0,0.0,0.0,0.5915165,0.1428932,2.761197,1.985687,0.1901682,-2.003846,0.04648013,-0.4749941,0.05072084,0.8772956,7.454443,303.304,2.591854,0.7190748,0.06419019,-0.6919606,-0.2448281,0.0100336,0.145901,1.979638,0.2174933,-0.2855081,0.4869595,0.336738,1.915,0.543616,0.04483879,0.8381355,-0.1331499,0.990534,0.03336941,-0.8287055,-0.1297378,0.5444404,moving,-40.1836,1.597986,14.26719,9.973067
05/11/2023 13:09:28.977537,1035,True,True,True,True,Eyes,2.079893,0.1924525,-2.031987,-0.6492126,0.02075505,0.7603238,0.0,0.0,0.0,0.0,0.0,0.0,0.0,0.6231636,0.142577,2.743326,1.975267,0.1890492,-1.999269,0.04656722,-0.4797327,0.05119267,0.8746814,7.50314,302.6836,2.594234,0.7185902,0.06437131,-0.6924471,-0.2301385,0.009431584,0.1371469,1.94786,0.2170905,-0.2862055,0.4831529,0.3341058,1.915,0.5344718,0.04487491,0.8439943,-0.1342342,0.9904217,0.03234538,-0.8344586,-0.1305806,0.5353761,moving,-40.4928,1.563651,14.16016,9.896657
05/11/2023 13:09:28.996490,1036,True,True,True,True,Eyes,2.074701,0.1922126,-2.02985,-0.653504,0.0201494,0.7566549,0.0,0.0,0.0,0.0,0.0,0.0,0.0,0.6576486,0.1483176,2.723706,1.964557,0.1877912,-1.994574,0.04753259,-0.4848902,0.05257704,0.8716982,7.692493,302.0064,2.635403,0.7181064,0.06453845,-0.6929333,-0.2163301,0.008865689,0.1289181,1.916324,0.2106357,-0.2876147,0.4791762,0.3313558,1.915,0.5242344,0.04556645,0.850354,-0.1377588,0.9899526,0.03187998,-0.8403575,-0.1338563,0.5252444,moving,-40.81636,1.525402,14.04824,9.816787
05/11/2023 13:09:29.012211,1037,True,True,True,True,Eyes,2.069276,0.1919207,-2.027599,-0.6579847,0.01944401,0.7527803,0.0,0.0,0.0,0.0,0.0,0.0,0.0,0.6915838,0.1521474,2.703715,1.953917,0.1865967,-1.989698,0.04830473,-0.4900508,0.0535164,0.8687077,7.838245,301.325,2.640384,0.7176196,0.06469271,-0.693423,-0.2033503,0.008333747,0.121183,1.884252,0.2033333,-0.2894834,0.4753383,0.3287017,1.915,0.5139725,0.04563667,0.8565919,-0.1403237,0.9896054,0.03147387,-0.8462515,-0.1363769,0.5150338,moving,-41.15582,1.479598,13.94013,9.73967
05/11/2023 13:09:29.028246,1038,True,True,True,True,Eyes,2.063628,0.1915791,-2.025232,-0.6626126,0.01868649,0.7487291,0.0,0.0,0.0,0.0,0.0,0.0,0.0,0.7245498,0.1576461,2.682981,1.943175,0.1851162,-1.984444,0.04923659,-0.4951186,0.05491235,0.8656894,8.026056,300.6546,2.681066,0.7171304,0.06483341,-0.6939158,-0.1911493,0.007833722,0.1139121,1.853286,0.2036694,-0.2909656,0.4713516,0.325945,1.915,0.5036845,0.04631818,0.8626452,-0.14383,0.9891208,0.03087094,-0.8518304,-0.1396234,0.5048667,moving,-41.50829,1.429669,13.82772,9.659532
05/11/2023 13:09:29.037090,1039,True,True,True,True,Eyes,2.057757,0.1911858,-2.02275,-0.6674026,0.01792907,0.7444813,0.0,0.0,0.0,0.0,0.0,0.0,0.0,0.7567224,0.1600709,2.662064,1.932309,0.1835965,-1.979219,0.04969977,-0.5001175,0.05598604,0.8627156,8.14928,299.9916,2.71494,0.716635,0.0649614,-0.6944155,-0.1796803,0.007363699,0.1070773,1.823868,0.2059944,-0.292269,0.4677285,0.3234396,1.915,0.4934962,0.04688862,0.8684832,-0.1463115,0.988791,0.02975434,-0.8573532,-0.1417527,0.494825,moving,-41.87516,1.379567,13.72547,9.586667
05/11/2023 13:09:29.057386,1040,True,True,True,True,Eyes,2.051517,0.1907101,-2.020425,-0.6738331,0.01685572,0.7386913,0.0,0.0,0.0,0.0,0.0,0.0,0.0,0.7906488,0.1587958,2.640111,1.921194,0.1819665,-1.973937,0.04955176,-0.5054697,0.05684472,0.8595427,8.201236,299.2809,2.758094,0.7161319,0.06507672,-0.6949235,-0.1688995,0.006921877,0.1006527,1.795894,0.2050636,-0.2936865,0.4637849,0.3207125,1.915,0.4825381,0.04762711,0.8745793,-0.1478148,0.9886266,0.02771714,-0.8633122,-0.1426503,0.4840899,moving,-42.37102,1.307168,13.61407,9.507316
05/11/2023 13:09:29.077404,1041,True,True,True,True,Eyes,2.045145,0.1901825,-2.017832,-0.6804208,0.01579191,0.7326515,0.0,0.0,0.0,0.0,0.0,0.0,0.0,0.8260072,0.1549164,2.617007,1.910079,0.1801198,-1.96829,0.04894174,-0.511184,0.057585,0.8561422,8.202683,298.5207,2.812485,0.7156144,0.06517778,-0.6954469,-0.1587656,0.006506565,0.09461352,1.769214,0.2031153,-0.2949544,0.459513,0.3177586,1.915,0.4707497,0.04856542,0.8809291,-0.1486384,0.9885773,0.0249291,-0.8696558,-0.1426753,0.4725912,moving,-42.88317,1.234789,13.49327,9.421328
05/11/2023 13:09:29.097804,1042,True,True,True,True,Eyes,2.038577,0.1896056,-2.015105,-0.6870924,0.01470528,0.7264212,0.0,0.0,0.0,0.0,0.0,0.0,0.0,0.8624561,0.1499287,2.592725,1.898866,0.1780657,-1.96243,0.04821597,-0.5171753,0.0578947,0.8525569,8.169214,297.7186,2.82844,0.7150837,0.06526531,-0.6959844,-0.1492396,0.006116171,0.08893671,1.744439,0.2015309,-0.2954255,0.4560118,0.3153374,1.915,0.4583559,0.04884484,0.8874257,-0.1485893,0.9886468,0.02233031,-0.8762598,-0.1420971,0.4604099,moving,-43.40625,1.159707,13.39418,9.350812
05/11/2023 13:09:29.107732,1043,True,True,True,True,Eyes,2.031825,0.1890058,-2.012206,-0.6938375,0.01355042,0.7200041,0.0,0.0,0.0,0.0,0.0,0.0,0.0,0.898188,0.1511482,2.56759,1.887709,0.1763248,-1.956418,0.04872015,-0.5230782,0.05819088,0.8488989,8.255854,296.9185,2.770087,0.7145413,0.06533919,-0.6965343,-0.1402852,0.0057492,0.08360051,1.718418,0.1971982,-0.2968745,0.4518071,0.3124298,1.915,0.4460061,0.04782746,0.8937512,-0.1497653,0.9884803,0.0218402,-0.8824109,-0.1435937,0.4480311,moving,-43.93972,1.078175,13.27507,9.266093
05/11/2023 13:09:29.127360,1044,True,True,True,True,Eyes,2.024882,0.188346,-2.009166,-0.7006556,0.01249865,0.7133902,0.0,0.0,0.0,0.0,0.0,0.0,0.0,0.932862,0.1537857,2.541712,1.876181,0.1751228,-1.950246,0.04956953,-0.5288461,0.05866625,0.8452355,8.386312,296.1319,2.708206,0.7139876,0.06540056,-0.6970962,-0.1318681,0.005404248,0.07858448,1.692214,0.1969503,-0.2984024,0.4480556,0.3098357,1.915,0.4337603,0.04674429,0.899815,-0.1516029,0.9882022,0.02174502,-0.8881828,-0.1458467,0.4357295,moving,-44.48402,1.003724,13.1687,9.190475
05/11/2023 13:09:29.137405,1045,True,True,True,True,Eyes,2.017791,0.1876409,-2.005957,-0.7075303,0.01128212,0.7065929,0.0,0.0,0.0,0.0,0.0,0.0,0.0,0.9675267,0.1470453,2.515457,1.864755,0.1730128,-1.94371,0.04864965,-0.5348429,0.05840218,0.8415257,8.299748,295.3173,2.679187,0.7134225,0.0654491,-0.6976699,-0.123956,0.005079994,0.07386941,1.665894,0.1948852,-0.3003414,0.4443202,0.3072524,1.915,0.4210645,0.04625403,0.9058506,-0.1503337,0.9884448,0.0194079,-0.8944857,-0.1443519,0.4231526,moving,-45.03798,0.9147601,13.06269,9.115142
05/11/2023 13:09:29.157419,1046,True,True,True,True,Eyes,2.010517,0.1869365,-2.002606,-0.7144748,0.009921846,0.6995909,0.0,0.0,0.0,0.0,0.0,0.0,0.0,1.003807,0.158318,2.48729,1.853809,0.1712025,-1.937365,0.05106328,-0.5410013,0.0588294,0.8374063,8.579119,294.4597,2.508485,0.7128474,0.06548499,-0.6982542,-0.1165187,0.004775194,0.06943724,1.637529,0.1901595,-0.3033835,0.4405916,0.3046741,1.915,0.4077134,0.04327761,0.9120838,-0.1537788,0.9878633,0.02186787,-0.9000677,-0.149175,0.4094203,moving,-45.60305,0.8125346,12.95679,9.039922
05/11/2023 13:09:29.177664,1047,True,True,True,True,Eyes,2.003059,0.1862262,-1.999125,-0.7213936,0.00879968,0.6924694,0.0,0.0,0.0,0.0,0.0,0.0,0.0,1.039528,0.1678682,2.457845,1.842246,0.1705777,-1.9305,0.05351966,-0.5472024,0.05872212,0.8332209,8.827097,293.5876,2.278433,0.7122613,0.06551003,-0.6988496,-0.1095276,0.004488682,0.06527101,1.607174,0.1855421,-0.3075781,0.4363999,0.3017757,1.915,0.3942426,0.03928482,0.9181665,-0.1564292,0.9873747,0.02492164,-0.9055953,-0.1534532,0.3954105,moving,-46.17197,0.7280573,12.83762,8.955325
05/11/2023 13:09:29.197384,1048,True,True,True,True,Eyes,1.995466,0.1855235,-1.995507,-0.7283744,0.007693318,0.6851362,0.0,0.0,0.0,0.0,0.0,0.0,0.0,1.073342,0.1553029,2.429752,1.830649,0.1697071,-1.923487,0.0520218,-0.5534216,0.05688068,0.8293267,8.583127,292.7284,2.130851,0.7116652,0.06552552,-0.6994553,-0.1029559,0.004219362,0.06135475,1.574765,0.1850012,-0.3127473,0.4325558,0.2991173,1.915,0.3809783,0.03676537,0.9238527,-0.1519253,0.9881167,0.02332815,-0.9120166,-0.1492441,0.3820365,moving,-46.75209,0.6433409,12.72824,8.877695
05/11/2023 13:09:29.207709,1049,True,True,True,True,Eyes,1.987723,0.1848512,-1.991727,-0.735348,0.006692504,0.6776565,0.0,0.0,0.0,0.0,0.0,0.0,0.0,1.107587,0.1551492,2.400575,1.819936,0.1692088,-1.916451,0.052818,-0.5597245,0.05561624,0.8251216,8.593437,291.8399,1.89248,0.7110592,0.06553311,-0.7000708,-0.09677855,0.0039662,0.05767346,1.539547,0.1820846,-0.3196681,0.4287978,0.2965185,1.915,0.3672308,0.03265325,0.9295565,-0.1509074,0.9882342,0.02490302,-0.9178063,-0.1494221,0.3678376,moving,-47.33803,0.565832,12.62122,8.801778
05/11/2023 13:09:29.232142,1050,True,True,True,True,Eyes,1.979845,0.1842216,-1.987813,-0.7423617,0.00586907,0.6699736,0.0,0.0,0.0,0.0,0.0,0.0,0.0,1.140333,0.1510774,2.370847,1.808533,0.1692284,-1.909102,0.0533134,-0.565936,0.05210349,0.8210722,8.425469,290.9534,1.460779,0.7104436,0.06553511,-0.7006953,-0.09097183,0.003728228,0.05421305,1.502317,0.1783801,-0.3278623,0.4247531,0.2937219,1.915,0.3540034,0.0252175,0.9349042,-0.1459054,0.9888858,0.02857381,-0.9237928,-0.1465228,0.3537483,moving,-47.93408,0.5019068,12.50593,8.720044
05/11/2023 13:09:29.237327,1051,True,True,True,True,Eyes,1.97184,0.1836757,-1.983775,-0.7493671,0.005005032,0.6621359,0.0,0.0,0.0,0.0,0.0,0.0,0.0,1.17298,0.1434291,2.34111,1.797567,0.1696195,-1.901901,0.05316381,-0.5722379,0.04829769,0.8169363,8.171607,290.0547,1.045872,0.7098191,0.06553401,-0.701328,0.0,0.0,0.0,1.466561,0.176591,-0.3355263,0.4211539,0.2912329,1.915,0.3404223,0.01806759,0.9400991,-0.139757,0.9896819,0.03158735,-0.9298284,-0.1421384,0.3394348,moving,-48.53639,0.4330859,12.40325,8.647272
05/11/2023 13:09:29.257369,1052,True,True,True,True,Eyes,1.963696,0.1832808,-1.979625,-0.7564165,0.00424085,0.6540766,0.0,0.0,0.0,0.0,0.0,0.0,0.0,1.205686,0.1441604,2.310308,1.78654,0.1710825,-1.89499,0.05438955,-0.5784495,0.04720793,0.8125327,8.22156,289.1626,0.7984987,0.7091861,0.06553349,-0.7019683,0.0,0.0,0.0,1.43134,0.1795091,-0.3431904,0.4172819,0.2885553,1.915,0.326335,0.01379275,0.9451536,-0.1396392,0.9896263,0.03377176,-0.9348831,-0.1430014,0.3248757,moving,-49.14989,0.3714846,12.2927,8.568957
05/11/2023 13:09:29.277748,1053,True,True,True,True,Eyes,1.955426,0.1830071,-1.975361,-0.7634331,0.003695373,0.6458764,0.0,0.0,0.0,0.0,0.0,0.0,0.0,1.23855,0.1339433,2.279121,1.775173,0.1743033,-1.888047,0.05381274,-0.5848311,0.04627121,0.8080445,8.110801,288.2574,0.6850021,0.7085434,0.06553927,-0.7026165,0.0,0.0,0.0,1.395858,0.1837046,-0.351428,0.4132751,0.2857846,1.915,0.3116632,0.01183566,0.950119,-0.1377211,0.9899263,0.0328445,-0.9401591,-0.1410879,0.3101536,moving,-49.76826,0.3278135,12.1782,8.487881
05/11/2023 13:09:29.297232,1054,True,True,True,True,Eyes,1.947044,0.1829078,-1.970999,-0.7704851,0.003057259,0.6374507,0.0,0.0,0.0,0.0,0.0,0.0,0.0,1.27046,0.1119561,2.24841,1.763944,0.1768478,-1.88127,0.05086999,-0.5912192,0.04463225,0.8036667,7.732017,287.365,0.6700667,0.7078914,0.06555548,-0.7032718,0.0,0.0,0.0,1.359357,0.1958614,-0.360026,0.4095657,0.2832194,1.915,0.2969358,0.01158827,0.9548271,-0.1318895,0.9908404,0.02899016,-0.9457453,-0.1345399,0.2957443,moving,-50.39779,0.2747926,12.07211,8.412789
05/11/2023 13:09:29.309270,1055,True,True,True,True,Eyes,1.938528,0.1829454,-1.966536,-0.7774828,0.002718106,0.6288983,0.0,0.0,0.0,0.0,0.0,0.0,0.0,1.3022,0.1080822,2.21627,1.752978,0.1809534,-1.874455,0.05132174,-0.597481,0.04650538,0.7988867,7.907411,286.4668,0.7507169,0.7072298,0.06558776,-0.7039341,0.0,0.0,0.0,1.324996,0.2043673,-0.3687551,0.4056916,0.2805404,1.915,0.2817075,0.01297754,0.9594126,-0.1356326,0.9904066,0.02642834,-0.9498657,-0.1375727,0.2807652,moving,-51.03094,0.2476315,11.96123,8.334336
05/11/2023 13:09:29.327245,1056,True,True,True,True,Eyes,1.929931,0.1830643,-1.962001,-0.7844545,0.002525277,0.6201813,0.0,0.0,0.0,0.0,0.0,0.0,0.0,1.330032,0.07344406,2.186231,1.741369,0.1840524,-1.86755,0.04595787,-0.6034349,0.04464427,0.7948342,7.292661,285.6458,0.8956193,0.7065579,0.06563992,-0.7046037,0.0,0.0,0.0,1.290646,0.1958382,-0.3773899,0.4017637,0.2778241,1.915,0.2677467,0.01550443,0.9633646,-0.1264347,0.9917895,0.01917794,-0.9551576,-0.1269376,0.2675086,moving,-51.67048,0.2332978,11.84871,8.254757
05/11/2023 13:09:29.347187,1057,True,True,True,True,Eyes,1.92125,0.1832094,-1.957446,-0.7916007,0.002013355,0.6110355,0.0,0.0,0.0,0.0,0.0,0.0,0.0,1.356315,0.05823991,2.156811,1.730917,0.1860838,-1.861213,0.04391935,-0.6089666,0.04464098,0.7907199,7.112938,284.8586,0.9877626,0.7058765,0.06571326,-0.7052794,0.0,0.0,0.0,1.258339,0.2096206,-0.3858141,0.3979424,0.2751818,1.915,0.2543336,0.01710619,0.9669653,-0.1240879,0.9921565,0.01508608,-0.9591229,-0.1238256,0.2544614,moving,-52.3355,0.1887883,11.73915,8.177315
05/11/2023 13:09:29.362918,1058,True,True,True,True,Eyes,1.912499,0.1833925,-1.952858,-0.7986789,0.001344311,0.6017559,0.0,0.0,0.0,0.0,0.0,0.0,0.0,1.383294,0.05665306,2.126346,1.720474,0.1870065,-1.855547,0.04426608,-0.6144582,0.04552101,0.7863902,7.213231,284.0569,0.9931233,0.7051839,0.06580708,-0.7059632,0.0,0.0,0.0,1.224677,0.205197,-0.3962749,0.3941015,0.2725257,1.915,0.2407379,0.01719523,0.9704378,-0.1259938,0.9919367,0.0136793,-0.9623777,-0.1255623,0.2409633,moving,-53.0042,0.1279975,11.62895,8.099437
05/11/2023 13:09:29.377780,1059,True,True,True,True,Eyes,1.903677,0.1836513,-1.94825,-0.8056825,0.0004360303,0.5923474,0.0,0.0,0.0,0.0,0.0,0.0,0.0,1.408917,0.06321868,2.096095,1.7101,0.1881499,-1.850085,0.04629534,-0.6196585,0.04620443,0.7821415,7.451157,283.2794,0.8611362,0.7044804,0.06592097,-0.7066546,0.0,0.0,0.0,1.187269,0.2051248,-0.4091363,0.390101,0.2697592,1.915,0.227777,0.0149022,0.9735993,-0.1296514,0.9914438,0.01515708,-0.9650431,-0.1296809,0.2277602,moving,-53.67624,0.04217575,11.51407,8.018291
05/11/2023 13:09:29.396726,1060,True,True,True,True,Eyes,1.894782,0.1839695,-1.943575,-0.813784,-0.001676086,0.5811651,0.0,0.0,0.0,0.0,0.0,0.0,0.0,1.434176,0.07395093,2.06551,1.699683,0.1903003,-1.844864,0.04934837,-0.6247648,0.04733392,0.7778132,7.811401,282.5021,0.6923661,0.7037653,0.06605607,-0.7073542,0.0,0.0,0.0,1.149507,0.2020037,-0.4233307,0.3863626,0.2671742,1.915,0.2148571,0.01197166,0.9765721,-0.1352961,0.9906484,0.0176225,-0.9672288,-0.1359128,0.2144676,moving,-54.46741,-0.1652411,11.40664,7.94244
05/11/2023 13:09:29.409547,1061,True,True,True,True,Eyes,1.885792,0.184343,-1.938951,-0.8217066,-0.003314832,0.569901,0.0,0.0,0.0,0.0,0.0,0.0,0.0,1.458746,0.0613474,2.035314,1.688594,0.1922944,-1.840076,0.04796117,-0.6299707,0.04526197,0.7738139,7.542032,281.7378,0.556028,0.7030384,0.06621293,-0.708062,0.0,0.0,0.0,1.11247,0.2013659,-0.4372268,0.3825293,0.2645234,1.915,0.2021766,0.009620409,0.9793018,-0.1304769,0.9913022,0.01719862,-0.9706185,-0.1312535,0.2016733,moving,-55.25645,-0.3332574,11.29639,7.864632
05/11/2023 13:09:29.427397,1062,True,True,True,True,Eyes,1.876708,0.1847482,-1.934346,-0.8294768,-0.004496151,0.5585229,0.0,0.0,0.0,0.0,0.0,0.0,0.0,1.483731,0.04109856,2.004638,1.677716,0.193913,-1.83559,0.04497811,-0.6353669,0.04213376,0.7697471,7.052823,280.9533,0.4450926,0.7022975,0.06639177,-0.7087802,0.0,0.0,0.0,1.076463,0.2076455,-0.4515542,0.3779771,0.2613752,1.915,0.1890675,0.007709479,0.9819338,-0.1220199,0.9924034,0.01570276,-0.9743534,-0.1227843,0.1885719,moving,-56.0459,-0.4612253,11.16536,7.772182
05/11/2023 13:09:29.437621,1063,True,True,True,True,Eyes,1.867525,0.1851784,-1.929725,-0.8370737,-0.00523417,0.5470651,0.0,0.0,0.0,0.0,0.0,0.0,0.0,1.508805,0.01710832,1.972867,1.666493,0.1949928,-1.831329,0.04106666,-0.6408417,0.03903088,0.7655796,6.482793,280.1601,0.4110377,0.7015421,0.06659165,-0.7095091,0.0,0.0,0.0,1.041905,0.2133109,-0.4654077,0.3747797,0.2591643,1.915,0.1755972,0.007128032,0.9844363,-0.1123969,0.9935803,0.01285437,-0.9780248,-0.1129048,0.175271,moving,-56.83359,-0.5481737,11.07325,7.707232
05/11/2023 13:09:29.457393,1064,True,True,True,True,Eyes,1.858245,0.1856195,-1.925141,-0.8444871,-0.005675948,0.5355457,0.0,0.0,0.0,0.0,0.0,0.0,0.0,1.532528,-0.01170582,1.940924,1.654931,0.1958671,-1.827239,0.03605624,-0.6461401,0.03576732,0.7615273,5.804647,279.3952,0.4538692,0.7007702,0.06681214,-0.7102508,0.0,0.0,0.0,1.008158,0.225114,-0.4789428,0.370984,0.2565397,1.915,0.1624475,0.007880821,0.9866859,-0.1010703,0.9948413,0.008694226,-0.9815273,-0.101137,0.162406,moving,-57.61848,-0.607223,10.96383,7.630103
05/11/2023 13:09:29.477551,1065,True,True,True,True,Eyes,1.848862,0.1860406,-1.920629,-0.8516824,-0.00618108,0.5240219,0.0,0.0,0.0,0.0,0.0,0.0,0.0,1.554215,-0.02864772,1.90998,1.643415,0.1965097,-1.823458,0.03325592,-0.6509469,0.03385339,0.7576385,5.420554,278.6848,0.4605209,0.6999798,0.06705202,-0.7110071,0.0,0.0,0.0,0.9769157,0.2348869,-0.4917821,0.3671644,0.2538983,1.915,0.1502441,0.008001574,0.9886166,-0.09459294,0.9954959,0.006318424,-0.9841133,-0.09446545,0.1503243,moving,-58.3969,-0.6757988,10.85365,7.552454
05/11/2023 13:09:29.497489,1066,True,True,True,True,Eyes,1.839407,0.1864447,-1.916191,-0.8586727,-0.006687329,0.5124807,0.0,0.0,0.0,0.0,0.0,0.0,0.0,1.574354,-0.03816231,1.879855,1.63173,0.1964957,-1.820097,0.03176644,-0.6553617,0.03212498,0.7539628,5.16409,278.0218,0.3914934,0.6991695,0.0673088,-0.7117798,0.0,0.0,0.0,0.9464378,0.2303517,-0.5041939,0.3632285,0.2511766,1.915,0.1389381,0.006805059,0.9902776,-0.09007909,0.9959178,0.005794471,-0.9861957,-0.09000838,0.1389839,moving,-59.17003,-0.7476068,10.74002,7.472415
05/11/2023 13:09:29.507583,1067,True,True,True,True,Eyes,1.829862,0.186855,-1.911858,-0.8654672,-0.007595831,0.5009081,0.0,0.0,0.0,0.0,0.0,0.0,0.0,1.594132,-0.03703257,1.850715,1.620631,0.1965061,-1.817337,0.03239057,-0.659573,0.03165093,0.750275,5.184081,277.3745,0.2741897,0.6983374,0.06758042,-0.7125704,0.0,0.0,0.0,0.9162461,0.2411526,-0.5165045,0.3592825,0.2484479,1.915,0.1279233,0.004765924,0.9917727,-0.09022169,0.9958981,0.006851461,-0.9876719,-0.09035587,0.1278286,moving,-59.93895,-0.8687736,10.62601,7.392139
05/11/2023 13:09:29.527722,1068,True,True,True,True,Eyes,1.820226,0.1872587,-1.907617,-0.8720838,-0.008429155,0.4892839,0.0,0.0,0.0,0.0,0.0,0.0,0.0,1.614655,-0.03549317,1.820248,1.609088,0.197177,-1.814837,0.03324537,-0.6639548,0.03257588,0.7463229,5.329391,276.6972,0.257651,0.6974812,0.06786588,-0.7133815,0.0,0.0,0.0,0.8875111,0.2481755,-0.5288223,0.3553772,0.2457472,1.915,0.1162058,0.004477408,0.9932151,-0.09277108,0.9956671,0.006365723,-0.9888832,-0.09288137,0.1161176,moving,-60.70533,-0.9869674,10.5131,7.312658
05/11/2023 13:09:29.537842,1069,True,True,True,True,Eyes,1.810521,0.1876267,-1.903501,-0.8785104,-0.009681891,0.4776252,0.0,0.0,0.0,0.0,0.0,0.0,0.0,1.635728,-0.04101129,1.788612,1.597355,0.1974085,-1.812707,0.03258172,-0.6685227,0.03255114,0.7422644,5.272396,275.9969,0.2738796,0.6965985,0.06816394,-0.714215,0.0,0.0,0.0,0.8596866,0.2371324,-0.5400823,0.3516905,0.2431979,1.915,0.1040359,0.004759862,0.9945621,-0.09188633,0.9957576,0.004846166,-0.9903199,-0.09189085,0.1040319,moving,-61.46812,-1.161278,10.40643,7.237607
05/11/2023 13:09:29.557540,1070,True,True,True,True,Eyes,1.800754,0.1879794,-1.899487,-0.884742,-0.01117008,0.4659473,0.0,0.0,0.0,0.0,0.0,0.0,0.0,1.656688,-0.0340351,1.757198,1.586168,0.1970497,-1.810735,0.034403,-0.6730163,0.03460187,0.7380166,5.586892,275.2884,0.2743734,0.6956876,0.06847204,-0.7150729,0.0,0.0,0.0,0.8334149,0.236876,-0.5502561,0.3477641,0.240483,1.915,0.09170377,0.00476595,0.995775,-0.09738106,0.9952383,0.004204733,-0.9910135,-0.09735521,0.0917312,moving,-62.22657,-1.373279,10.29275,7.157657
05/11/2023 13:09:29.577651,1071,True,True,True,True,Eyes,1.790928,0.1883188,-1.895576,-0.8907641,-0.01294316,0.4542817,0.0,0.0,0.0,0.0,0.0,0.0,0.0,1.675865,-0.0242286,1.727096,1.574963,0.1970975,-1.809037,0.03694014,-0.6771131,0.03702963,0.7340177,5.991213,274.6315,0.2497716,0.6947474,0.06878872,-0.7159561,0.0,0.0,0.0,0.808376,0.2258925,-0.5605938,0.3437951,0.2377381,1.914999,0.08029325,0.004335514,0.9967619,-0.1043861,0.9945284,0.004082931,-0.9912904,-0.1043759,0.08030654,moving,-62.97882,-1.632,10.17775,7.076793
05/11/2023 13:09:29.597328,1072,True,True,True,True,Eyes,1.781044,0.1886348,-1.891783,-0.8965672,-0.0148336,0.4426592,0.0,0.0,0.0,0.0,0.0,0.0,0.0,1.693724,-0.01842661,1.697841,1.563779,0.1971962,-1.807599,0.03864662,-0.6809778,0.03784057,0.7303041,6.199157,274.0117,0.151879,0.6937759,0.06911302,-0.7168664,0.0,0.0,0.0,0.7830963,0.2074763,-0.5711462,0.3401622,0.235226,1.915,0.06967488,0.002635285,0.9975663,-0.1079052,0.9941491,0.00491038,-0.9917168,-0.1079847,0.06955158,moving,-63.72321,-1.919275,10.07241,7.002758
05/11/2023 13:09:29.607624,1073,True,True,True,True,Eyes,1.771096,0.1889252,-1.888098,-0.9021538,-0.01677602,0.4310881,0.0,0.0,0.0,0.0,0.0,0.0,0.0,1.709764,-0.009440302,1.670172,1.552565,0.1970039,-1.80654,0.04096229,-0.6843994,0.03860147,0.7269317,6.453176,273.4525,0.003006188,0.6927727,0.06944312,-0.717804,0.0,0.0,0.0,0.7572211,0.195467,-0.5830461,0.3358948,0.232275,1.915,0.06021485,5.214225e-05,0.9981856,-0.1121904,0.993664,0.006715916,-0.9918607,-0.1123912,0.0598392,moving,-64.45952,-2.228571,9.94859,6.915761
05/11/2023 13:09:29.627306,1074,True,True,True,True,Eyes,1.76109,0.1891811,-1.884546,-0.9075144,-0.01863887,0.4196073,0.0,0.0,0.0,0.0,0.0,0.0,0.0,1.723451,-0.007746552,1.644466,1.541116,0.1966405,-1.805798,0.04170782,-0.6873863,0.0391418,0.7240363,6.55789,272.9727,359.962,0.6917353,0.06977803,-0.7187714,0.0,0.0,0.0,0.7315718,0.1771289,-0.5951171,0.3323817,0.2298456,1.914999,0.05193609,-0.0006585894,0.9986503,-0.1140189,0.9934568,0.006584865,-0.9921201,-0.114207,0.05152114,moving,-65.18561,-2.543395,9.846589,6.844119
05/11/2023 13:09:29.637377,1075,True,True,True,True,Eyes,1.751022,0.1894092,-1.881108,-0.9126991,-0.02029954,0.4081277,0.0,0.0,0.0,0.0,0.0,0.0,0.0,1.736624,-0.0133666,1.619271,1.529766,0.1960604,-1.805395,0.04089222,-0.690337,0.04002479,0.7212219,6.56013,272.5111,0.07351551,0.690663,0.07011573,-0.719769,0.0,0.0,0.0,0.7044382,0.1674079,-0.6083637,0.3286018,0.2272317,1.915,0.04366599,0.001274687,0.9990455,-0.1141923,0.9934517,0.003723552,-0.9924987,-0.1142459,0.04352559,moving,-65.90745,-2.847442,9.736765,6.76701
05/11/2023 13:09:29.657854,1076,True,True,True,True,Eyes,1.740879,0.1895956,-1.877815,-0.9176831,-0.0217683,0.3967163,0.0,0.0,0.0,0.0,0.0,0.0,0.0,1.750835,-0.02138833,1.592541,1.518263,0.1956321,-1.805179,0.03962334,-0.6935657,0.0408353,0.718143,6.52025,272.0069,0.2127056,0.6895546,0.07045502,-0.7207978,0.0,0.0,0.0,0.6768935,0.1623077,-0.6227112,0.3247204,0.2245478,1.915,0.03459851,0.003688383,0.9993945,-0.1136139,0.9935249,0.0002665358,-0.9929224,-0.1135544,0.03479352,moving,-66.62107,-3.140739,9.623919,6.687812
05/11/2023 13:09:29.677362,1077,True,True,True,True,Eyes,1.730665,0.1897188,-1.874677,-0.9224706,-0.02308796,0.3853765,0.0,0.0,0.0,0.0,0.0,0.0,0.0,1.764849,-0.03070747,1.56538,1.506356,0.1947827,-1.80527,0.03790804,-0.6967624,0.04036664,0.7151614,6.342562,271.5089,0.283144,0.6884078,0.07079431,-0.72186,0.0,0.0,0.0,0.648537,0.1596473,-0.6378174,0.3206194,0.2217118,1.915,0.0257855,0.004911537,0.9996554,-0.1105631,0.993867,-0.002031181,-0.9935346,-0.1104726,0.0261704,moving,-67.32651,-3.4285,9.504608,6.604097
05/11/2023 13:09:29.698413,1078,True,True,True,True,Eyes,1.72038,0.1897687,-1.8717,-0.9270456,-0.0244151,0.3741529,0.0,0.0,0.0,0.0,0.0,0.0,0.0,1.777053,-0.03524844,1.54012,1.494525,0.1933811,-1.805582,0.03712518,-0.6995019,0.0408489,0.7124959,6.318245,271.0745,0.3615045,0.6872208,0.07113118,-0.7229571,0.0,0.0,0.0,0.6193466,0.1635918,-0.6538801,0.3164412,0.2188227,1.915,0.01805699,0.006271075,0.9998174,-0.1101476,0.9939061,-0.004244687,-0.9937513,-0.1100508,0.0186377,moving,-68.02114,-3.733505,9.382963,6.518783
05/11/2023 13:09:29.707448,1079,True,True,True,True,Eyes,1.71003,0.1897492,-1.868942,-0.9314325,-0.0257557,0.3630016,0.0,0.0,0.0,0.0,0.0,0.0,0.0,1.789042,-0.03753136,1.515161,1.482557,0.1916727,-1.8064,0.03684364,-0.7021034,0.04228317,0.7098631,6.412296,270.6566,0.4782337,0.6859919,0.0714629,-0.7240907,0.0,0.0,0.0,0.5902198,0.1671948,-0.6699777,0.3131254,0.2165299,1.915,0.01052609,0.008294444,0.9999102,-0.1117666,0.9937093,-0.007066433,-0.9936788,-0.1116822,0.01138691,moving,-68.70794,-4.05845,9.286364,6.451058
05/11/2023 13:09:29.727080,1080,True,True,True,True,Eyes,1.699611,0.1896685,-1.866359,-0.9356295,-0.0271675,0.3519363,0.0,0.0,0.0,0.0,0.0,0.0,0.0,1.802079,-0.03473266,1.489275,1.470737,0.1900783,-1.807606,0.03777723,-0.7048371,0.04443335,0.7069677,6.664254,270.2051,0.5521922,0.6847184,0.07178713,-0.7252632,0.0,0.0,0.0,0.5626532,0.166997,-0.6847103,0.309085,0.2137359,1.915,0.0024607,0.009572303,0.9999512,-0.1160794,0.9931971,-0.009222005,-0.9932368,-0.1160511,0.003555131,moving,-69.38625,-4.414156,9.168587,6.368507
05/11/2023 13:09:29.737831,1081,True,True,True,True,Eyes,1.437325,0.1856267,-1.806281,-0.996428,-0.05870345,0.0607058,0.0,0.0,0.0,0.0,0.0,0.0,0.0,1.815469,-0.03448767,1.462658,1.458699,0.1885501,-1.80918,0.03819357,-0.7076584,0.0462556,0.7040039,6.848424,269.7416,0.6389658,0.683398,0.07210214,-0.7264763,0.0,0.0,0.0,0.5366088,0.1645893,-0.6982448,0.3053817,0.2111751,1.915,-0.005839582,0.01107225,0.9999217,-0.1191842,0.9928033,-0.01168948,-0.992855,-0.1192432,-0.004477964,moving,-86.51366,-44.03931,9.060568,6.29282
05/11/2023 13:09:29.757548,1082,True,True,True,True,Eyes,1.436837,0.1855288,-1.806366,-0.9964404,-0.0588037,0.06040337,0.0,0.0,0.0,0.0,0.0,0.0,0.0,1.828046,-0.03816821,1.436294,1.446507,0.1864783,-1.810799,0.03762003,-0.7104006,0.04760743,0.7011773,6.915032,269.2977,0.7683281,0.6728764,0.0734221,-0.7361019,-0.7868607,-0.01212542,0.1802337,0.5104385,0.1590166,-0.7128088,0.3015079,0.2084961,1.915,-0.01387065,0.01331191,0.9998152,-0.1202131,0.9926365,-0.01488407,-0.9926513,-0.1203973,-0.01216829,moving,-86.53103,-44.23118,8.947503,6.213616
05/11/2023 13:09:29.777605,1083,True,True,True,True,Eyes,1.435872,0.1853207,-1.806588,-0.996473,-0.05888826,0.05978063,0.0,0.0,0.0,0.0,0.0,0.0,0.0,1.840458,-0.03828875,1.410299,1.434359,0.1840488,-1.812853,0.03778882,-0.7130015,0.04924636,0.6984095,7.065825,268.8684,0.8603456,0.6644117,0.07447157,-0.7436468,-0.7396491,-0.01139789,0.1694197,0.482858,0.1486128,-0.7292605,0.2974215,0.2056704,1.915,-0.02159259,0.01490127,0.9996558,-0.1226752,0.9922936,-0.01744131,-0.992212,-0.1230096,-0.01959813,moving,-86.56682,-44.56915,8.82816,6.130053
05/11/2023 13:09:29.797713,1084,True,True,True,True,Eyes,1.434455,0.1850093,-1.806916,-0.9965087,-0.05914234,0.05892779,0.0,0.0,0.0,0.0,0.0,0.0,0.0,1.852155,-0.03611568,1.384822,1.421928,0.1812823,-1.815151,0.03839297,-0.7153872,0.05077853,0.6958225,7.243244,268.4689,0.9087818,0.6575843,0.07530577,-0.7496074,-0.6952701,-0.01071402,0.1592545,0.4555235,0.1393398,-0.7460184,0.2930362,0.2026379,1.915,-0.02871438,0.015734,0.9994639,-0.1255974,0.991895,-0.01922323,-0.9916657,-0.126082,-0.02650552,moving,-86.6158,-45.10412,8.7,6.040341
05/11/2023 13:09:29.807523,1085,True,True,True,True,Eyes,1.432595,0.1846041,-1.807355,-0.996554,-0.05950944,0.0577821,0.0,0.0,0.0,0.0,0.0,0.0,0.0,1.863349,-0.03186817,1.360522,1.409672,0.1785295,-1.817981,0.03951706,-0.7175224,0.05269852,0.6934142,7.494331,268.1042,0.9463473,0.6520579,0.07596613,-0.7543532,-0.6535539,-0.01007118,0.1496992,0.4291095,0.1294633,-0.7613423,0.2899138,0.2004788,1.915,-0.03523078,0.01637505,0.9992451,-0.1297925,0.9913225,-0.02082136,-0.9909152,-0.1304281,-0.03279965,moving,-86.68159,-45.84373,8.608693,5.976446
05/11/2023 13:09:29.827361,1086,True,True,True,True,Eyes,1.43031,0.184106,-1.807923,-0.9965978,-0.06001909,0.05648585,0.0,0.0,0.0,0.0,0.0,0.0,0.0,1.873345,-0.02729838,1.337603,1.397203,0.1758981,-1.821053,0.04073241,-0.7193277,0.05445326,0.6913347,7.738896,267.7916,0.9651562,0.6475612,0.07648432,-0.7581647,-0.6143407,-0.009466907,0.1407173,0.4026589,0.1210639,-0.7774088,0.2859431,0.1977329,1.915,-0.0407946,0.01669096,0.9990281,-0.1338907,0.9907514,-0.02202002,-0.9901561,-0.1346589,-0.03818258,moving,-86.75602,-46.73707,8.492518,5.895169
05/11/2023 13:09:29.837882,1087,True,True,True,True,Eyes,1.427605,0.1835214,-1.808602,-0.9966608,-0.06044153,0.05490119,0.0,0.0,0.0,0.0,0.0,0.0,0.0,1.882947,-0.02397525,1.315637,1.384748,0.1732042,-1.824675,0.04168946,-0.7209446,0.0562682,0.6894453,7.967866,267.5116,1.01112,0.6438745,0.0768846,-0.7612578,-0.5774802,-0.008898892,0.1322742,0.3752806,0.1151614,-0.794684,0.2822066,0.195149,1.915,-0.0458544,0.01747612,0.9987953,-0.1376993,0.9901918,-0.02364731,-0.9894122,-0.1386177,-0.04299822,moving,-86.84705,-47.75002,8.383132,5.818668
05/11/2023 13:09:29.857840,1088,True,True,True,True,Eyes,1.424493,0.182858,-1.80943,-0.996722,-0.0609258,0.05322738,0.0,0.0,0.0,0.0,0.0,0.0,0.0,1.891632,-0.0235402,1.294714,1.37199,0.1704951,-1.828575,0.04197569,-0.722338,0.05777107,0.6878434,8.11763,267.2749,1.090074,0.6408201,0.07718602,-0.7638003,-0.5428314,-0.008364959,0.1243378,0.3470746,0.1106261,-0.813362,0.2782509,0.1924139,1.915,-0.05021923,0.01883362,0.9985608,-0.1401162,0.989801,-0.02571507,-0.9888608,-0.1412059,-0.04706817,moving,-86.94318,-48.85815,8.267263,5.737663
05/11/2023 13:09:29.877462,1089,True,True,True,True,Eyes,1.420992,0.1821452,-1.810404,-0.9967923,-0.06140505,0.0513272,0.0,0.0,0.0,0.0,0.0,0.0,0.0,1.900059,-0.02497978,1.27448,1.359152,0.1679526,-1.832934,0.04189661,-0.7236016,0.05926099,0.6863919,8.237554,267.063,1.199611,0.6382533,0.07740366,-0.7659246,-0.5102615,-0.007863062,0.1168775,0.3183868,0.1069078,-0.8330488,0.2743437,0.1897117,1.915,-0.05422192,0.02071963,0.998314,-0.1419854,0.9894657,-0.0282477,-0.9883827,-0.1432776,-0.05070877,moving,-87.05231,-50.10846,8.152745,5.657614
05/11/2023 13:09:29.897393,1090,True,True,True,True,Eyes,1.417111,0.181402,-1.811546,-0.9968551,-0.06198355,0.04937333,0.0,0.0,0.0,0.0,0.0,0.0,0.0,1.908816,-0.02450896,1.25402,1.346326,0.1660183,-1.837549,0.04253844,-0.7248548,0.06151345,0.6848301,8.478591,266.8443,1.308387,0.6360025,0.07755589,-0.7677792,-0.4796458,-0.007391278,0.1098649,0.2905177,0.09916899,-0.8526056,0.2704864,0.1870442,1.915,-0.05839664,0.02258413,0.998038,-0.1459209,0.9888132,-0.03091341,-0.9875713,-0.1474398,-0.05444788,moving,-87.16451,-51.46074,8.039624,5.578568
05/11/2023 13:09:29.907734,1091,True,True,True,True,Eyes,1.412874,0.1806358,-1.812885,-0.9969231,-0.06253511,0.0472598,0.0,0.0,0.0,0.0,0.0,0.0,0.0,1.917251,-0.02338663,1.234535,1.333349,0.1645745,-1.842707,0.04328565,-0.7259007,0.06283735,0.683554,8.650311,266.6593,1.336754,0.6338478,0.07766572,-0.769548,-0.450867,-0.006947801,0.103273,0.263001,0.09046839,-0.871927,0.2665973,0.184355,1.915,-0.06176065,0.02306328,0.9978245,-0.1487476,0.9883556,-0.03205121,-0.9869447,-0.1504035,-0.05761092,moving,-87.28589,-52.92048,7.925507,5.498857
05/11/2023 13:09:29.927598,1092,True,True,True,True,Eyes,1.408282,0.1798622,-1.814404,-0.9969796,-0.06319033,0.04515058,0.0,0.0,0.0,0.0,0.0,0.0,0.0,1.924886,-0.02121887,1.216672,1.320543,0.163257,-1.848091,0.04430201,-0.7266569,0.06424587,0.6825539,8.849897,266.5195,1.352234,0.6317658,0.07773663,-0.771251,-0.423815,-0.006530933,0.09707659,0.2351009,0.08824977,-0.8919324,0.2626438,0.1816211,1.915,-0.06431537,0.02331781,0.9976573,-0.1520872,0.9878196,-0.03289239,-0.9862724,-0.1538464,-0.05998563,moving,-87.407,-54.45354,7.809436,5.417801
05/11/2023 13:09:29.947031,1093,True,True,True,True,Eyes,1.28505,0.1614979,-1.857283,-0.9968978,-0.07758839,-0.01322091,0.0,0.0,0.0,0.0,0.0,0.0,0.0,1.932225,-0.02107399,1.199444,1.307429,0.1623334,-1.853882,0.04499711,-0.727266,0.0657693,0.681714,9.033613,266.4076,1.405387,0.6297363,0.07777243,-0.7729053,-0.3983861,-0.006139077,0.091252,0.2081936,0.07356794,-0.9133077,0.258861,0.1790052,1.915,-0.06648273,0.02422196,0.9974936,-0.1551214,0.9872993,-0.03431322,-0.9856558,-0.1570139,-0.06188104,moving,89.24019,80.3298,7.698318,5.340222
05/11/2023 13:09:29.957803,1094,True,True,True,True,Eyes,1.284516,0.1615275,-1.857533,-0.9969009,-0.07753108,-0.01332219,0.0,0.0,0.0,0.0,0.0,0.0,0.0,1.939577,-0.02209374,1.18245,1.29438,0.1625291,-1.859784,0.04565522,-0.7278743,0.06706842,0.6808941,9.195722,266.2961,1.443677,0.6191956,0.07688005,-0.7814636,-0.7441797,-0.06086376,-0.04286151,0.1809699,0.06081941,-0.9347908,0.2549695,0.1763142,1.915,-0.06859806,0.02487047,0.9973345,-0.1577955,0.9868349,-0.03546201,-0.9850864,-0.1598075,-0.06377047,moving,89.23437,80.25007,7.583946,5.260396
05/11/2023 13:09:29.977737,1095,True,True,True,True,Eyes,1.283483,0.1616714,-1.858071,-0.9968908,-0.07757823,-0.01379749,0.0,0.0,0.0,0.0,0.0,0.0,0.0,1.947667,-0.02834819,1.164254,1.28104,0.1632558,-1.866007,0.04495495,-0.7287686,0.06673283,0.6800163,9.114374,266.1528,1.464525,0.6107844,0.07613878,-0.7881271,-0.6995289,-0.05721193,-0.04028982,0.153387,0.06462473,-0.9559693,0.2509798,0.1735553,1.915,-0.0711139,0.02523531,0.997149,-0.1562823,0.9870515,-0.0361254,-0.9851491,-0.1584058,-0.06624932,moving,89.20705,79.91525,7.466625,5.178534
05/11/2023 13:09:29.997592,1096,True,True,True,True,Eyes,1.281935,0.161936,-1.858845,-0.9968919,-0.07745743,-0.01438466,0.0,0.0,0.0,0.0,0.0,0.0,0.0,1.95623,-0.03381553,1.145957,1.267952,0.1661796,-1.872399,0.04555163,-0.7296525,0.06922369,0.6787788,9.372789,265.9936,1.597242,0.6040675,0.07552937,-0.7933453,-0.6575572,-0.05377921,-0.03787243,0.1273286,0.06009176,-0.9779662,0.2472337,0.1709648,1.915,-0.07436929,0.02750142,0.9968516,-0.1604488,0.9862663,-0.03917952,-0.9842386,-0.1628574,-0.06893529,moving,89.17331,79.47942,7.356409,5.101651
05/11/2023 13:09:30.007741,1097,True,True,True,True,Eyes,1.279932,0.1623149,-1.85981,-0.9968824,-0.0773942,-0.01534739,0.0,0.0,0.0,0.0,0.0,0.0,0.0,1.964445,-0.05229978,1.126709,1.254067,0.1692974,-1.878804,0.04271495,-0.7308308,0.06910448,0.677707,9.143273,265.8251,1.812698,0.5986889,0.07503588,-0.7974586,-0.6181037,-0.05055246,-0.03560008,0.1010789,0.06122556,-0.9992995,0.2434101,0.1683207,1.915,-0.07777795,0.03123036,0.9964816,-0.1561,0.9868,-0.04311091,-0.9846745,-0.1589038,-0.07187615,moving,89.11798,78.78367,7.243856,5.023159
05/11/2023 13:09:30.027536,1098,True,True,True,True,Eyes,1.277482,0.162824,-1.86098,-0.9968532,-0.07755821,-0.01638046,0.0,0.0,0.0,0.0,0.0,0.0,0.0,1.97203,-0.0612003,1.109064,1.241192,0.1723477,-1.884784,0.04230202,-0.7317164,0.07038295,0.6766447,9.221268,265.6775,1.935754,0.5943602,0.07464463,-0.8007267,-0.5810175,-0.04751932,-0.03346408,0.07532182,0.06563526,-1.021532,0.2394652,0.1655929,1.915,-0.08072504,0.03334234,0.9961786,-0.1571546,0.9865136,-0.04575383,-0.9842692,-0.1602476,-0.0743965,moving,89.05859,78.07426,7.127674,4.942158
05/11/2023 13:09:30.047438,1099,True,True,True,True,Eyes,1.277482,0.162824,-1.86098,-0.9968532,-0.07755821,-0.01638046,0.0,0.0,0.0,0.0,0.0,0.0,0.0,1.979902,-0.06385302,1.090995,1.228028,0.1760333,-1.89085,0.04377627,-0.7325067,0.07283612,0.6754352,9.546148,265.5238,1.99088,0.5908459,0.07434501,-0.8033511,-0.5461565,-0.04466816,-0.03145623,0.05037355,0.06171503,-1.044672,0.2356011,0.1629207,1.915,-0.08374202,0.03425936,0.9958985,-0.162525,0.9855571,-0.04756981,-0.9831445,-0.1658419,-0.07696448,moving,89.05859,78.07426,7.013814,4.862791
05/11/2023 13:09:30.057623,1100,True,True,True,True,Eyes,1.277482,0.162824,-1.86098,-0.9968532,-0.07755821,-0.01638046,0.0,0.0,0.0,0.0,0.0,0.0,0.0,1.986876,-0.07797136,1.074038,1.215251,0.1787151,-1.896981,0.0414233,-0.7334112,0.07139752,0.6747553,9.243386,265.3966,2.066494,0.5880683,0.07409834,-0.8054093,-0.5133871,-0.04198807,-0.02956886,0.02493866,0.06554914,-1.068589,0.2318118,0.1603003,1.915,-0.08597884,0.03559107,0.995661,-0.1571123,0.9863731,-0.04882628,-0.983831,-0.1606286,-0.07921547,moving,89.05859,78.07426,6.902102,4.784943
05/11/2023 13:09:30.077300,1101,True,True,True,True,Eyes,1.273698,0.1634677,-1.862827,-0.996731,-0.07869912,-0.01826984,0.0,0.0,0.0,0.0,0.0,0.0,0.0,1.995135,-0.08236102,1.055663,1.203596,0.1794696,-1.902871,0.04178203,-0.7344955,0.07356353,0.6733196,9.458282,265.2048,2.189546,0.5857315,0.07388598,-0.8071298,-0.4825839,-0.03946878,-0.02779473,-0.0002522953,0.07806375,-1.092651,0.2279962,0.1576619,1.915,-0.0897904,0.0376861,0.9952475,-0.1604409,0.9856853,-0.05179886,-0.982953,-0.1643295,-0.0824587,moving,88.94991,76.93041,6.789566,4.706547
05/11/2023 13:09:30.087348,1102,True,True,True,True,Eyes,1.269609,0.164128,-1.864808,-0.9965822,-0.08006438,-0.02034051,0.0,0.0,0.0,0.0,0.0,0.0,0.0,2.004883,-0.08671265,1.033583,1.192149,0.179974,-1.908339,0.04280596,-0.736172,0.07795962,0.6709256,9.917069,264.9002,2.419511,0.5834734,0.07372487,-0.8087784,-0.4536288,-0.03710066,-0.02612704,-0.02387725,0.07398388,-1.117559,0.224233,0.1550597,1.915,-0.09605356,0.04158509,0.9945073,-0.1676353,0.9841799,-0.05734414,-0.9811587,-0.1722226,-0.08756288,moving,88.83074,75.74546,6.67852,4.629203
05/11/2023 13:09:30.107408,1103,True,True,True,True,Eyes,1.265236,0.1647963,-1.866962,-0.9963682,-0.08201353,-0.02289494,0.0,0.0,0.0,0.0,0.0,0.0,0.0,2.014817,-0.09493774,1.009828,1.180747,0.1810852,-1.913452,0.04314065,-0.7381822,0.08218706,0.6681851,10.31093,264.5439,2.688065,0.5812744,0.07361091,-0.8103706,-0.4264111,-0.03487462,-0.02455942,-0.04804815,0.09541763,-1.140196,0.2202225,0.1522866,1.915,-0.1033351,0.04614102,0.9935758,-0.1735236,0.9827684,-0.06368617,-0.9793933,-0.1789899,-0.09354796,moving,88.68367,74.40237,6.560122,4.546766
05/11/2023 13:09:30.127464,1104,True,True,True,True,Eyes,1.260585,0.1654871,-1.869221,-0.9961374,-0.08399656,-0.02558827,0.0,0.0,0.0,0.0,0.0,0.0,0.0,2.024218,-0.1032554,0.9859216,1.169359,0.1820861,-1.918229,0.0430196,-0.7402443,0.08477084,0.6655838,10.53106,264.1841,2.865771,0.5791168,0.0735398,-0.8119204,-0.4008264,-0.03278214,-0.02308585,-0.06937601,0.1009579,-1.162649,0.2161567,0.1494749,1.915,-0.1102955,0.04915416,0.9926828,-0.1765342,0.9819264,-0.06823598,-0.9780955,-0.1827686,-0.09962466,moving,88.52854,73.05744,6.440032,4.463159
05/11/2023 13:09:30.147429,1105,True,True,True,True,Eyes,1.255655,0.166212,-1.87161,-0.9958825,-0.08598065,-0.02872833,0.0,0.0,0.0,0.0,0.0,0.0,0.0,2.033247,-0.1090822,0.9625025,1.158026,0.1833391,-1.922957,0.0432547,-0.7422097,0.08633758,0.6631741,10.69215,263.8371,2.934506,0.5769852,0.07350848,-0.8134395,-0.3767768,-0.03081521,-0.0217007,-0.08982582,0.09602094,-1.185803,0.2125724,0.1469963,1.915,-0.1166586,0.05030558,0.9918973,-0.1787218,0.9813497,-0.07079037,-0.9769593,-0.1855319,-0.1054922,moving,88.34764,71.52421,6.334121,4.389443
05/11/2023 13:09:30.157898,1106,True,True,True,True,Eyes,1.250459,0.1669174,-1.874089,-0.9956492,-0.08748637,-0.03207318,0.0,0.0,0.0,0.0,0.0,0.0,0.0,2.042621,-0.1205317,0.9367495,1.14632,0.1848905,-1.927717,0.04148342,-0.7446374,0.0851332,0.660717,10.46322,263.4361,2.956357,0.5748661,0.07351464,-0.8149379,-0.3541702,-0.0289663,-0.02039866,-0.1091251,0.08603925,-1.208498,0.2087494,0.1443527,1.915,-0.1234648,0.05071768,0.9910521,-0.1742781,0.982063,-0.07196912,-0.9769256,-0.1816043,-0.1124111,moving,88.15495,69.86667,6.221106,4.310802
05/11/2023 13:09:30.177683,1107,True,True,True,True,Eyes,1.11484,0.1841054,-1.939323,-0.9838166,-0.1276585,-0.1257305,0.0,0.0,0.0,0.0,0.0,0.0,0.0,2.052433,-0.1356009,0.908103,1.134723,0.1850356,-1.932274,0.03780525,-0.7475927,0.0815628,0.6580454,9.88706,262.9655,2.956875,0.5727478,0.07355393,-0.8164245,-0.33292,-0.02722832,-0.01917474,-0.1277401,0.07265029,-1.23184,0.2046191,0.1414965,1.915,-0.1310947,0.05081817,0.9900667,-0.1638699,0.9838365,-0.07219637,-0.9777327,-0.1717066,-0.1206481,moving,82.71715,45.43594,6.098953,4.22582
05/11/2023 13:09:30.196986,1108,True,True,True,True,Eyes,1.114367,0.1841116,-1.939481,-0.9838005,-0.1274411,-0.126077,0.0,0.0,0.0,0.0,0.0,0.0,0.0,2.062484,-0.1428456,0.8786151,1.123561,0.1853941,-1.936349,0.03695415,-0.750549,0.08111952,0.6547751,9.797216,262.4557,2.952582,0.5598427,0.07483239,-0.8252124,-0.719803,0.02596915,-0.2137254,-0.1476415,0.08064528,-1.254666,0.2009751,0.1389765,1.915,-0.1398083,0.05075825,0.9888768,-0.1617019,0.984108,-0.07337502,-0.976886,-0.1701616,-0.1293788,moving,82.69718,45.30829,5.991138,4.150827
05/11/2023 13:09:30.208204,1109,True,True,True,True,Eyes,1.113483,0.1840944,-1.939843,-0.9837037,-0.1274157,-0.126855,0.0,0.0,0.0,0.0,0.0,0.0,0.0,2.07128,-0.1560408,0.8486741,1.111728,0.1855026,-1.940217,0.03429465,-0.7535233,0.07966702,0.6516746,9.483282,261.9604,3.030807,0.5495265,0.07586625,-0.8320242,-0.6766148,0.024411,-0.2009019,-0.1675343,0.09557708,-1.278774,0.1971216,0.1363118,1.915,-0.1482884,0.05215031,0.9875682,-0.1555176,0.9849541,-0.07536402,-0.9766396,-0.1647598,-0.1379469,moving,82.65189,45.12634,5.877074,4.07151
05/11/2023 13:09:30.227305,1110,True,True,True,True,Eyes,1.112192,0.1840919,-1.940334,-0.9835221,-0.1277544,-0.1279178,0.0,0.0,0.0,0.0,0.0,0.0,0.0,2.079079,-0.1660535,0.8204269,1.100635,0.1850802,-1.943603,0.0326581,-0.7562525,0.07964415,0.6485926,9.370954,261.4922,3.132601,0.5412916,0.07670591,-0.8373284,-0.6360179,0.02294634,-0.1888477,-0.1875534,0.1126268,-1.304164,0.1928074,0.1333283,1.915,-0.1565221,0.05391767,0.9862016,-0.1527087,0.9851806,-0.07809857,-0.9757975,-0.1628258,-0.1459688,moving,82.58966,44.96338,5.74932,3.982686
05/11/2023 13:09:30.237691,1111,True,True,True,True,Eyes,1.110506,0.1840806,-1.940986,-0.9832618,-0.1284038,-0.1292624,0.0,0.0,0.0,0.0,0.0,0.0,0.0,2.087111,-0.1679901,0.7928181,1.08953,0.1855172,-1.947131,0.03463408,-0.7587111,0.08379185,0.6450868,9.894329,261.025,3.232637,0.5347189,0.07739194,-0.8414782,-0.5978568,0.02156956,-0.1775169,-0.2071635,0.13398,-1.328213,0.1894015,0.1309733,1.915001,-0.1653272,0.0555515,0.9846731,-0.1606605,0.9835588,-0.08246365,-0.9730648,-0.1718316,-0.1536841,moving,82.51069,44.80909,5.64842,3.912558
05/11/2023 13:09:30.262241,1112,True,True,True,True,Eyes,1.108469,0.1840558,-1.941735,-0.9829205,-0.1293716,-0.1308828,0.0,0.0,0.0,0.0,0.0,0.0,0.0,2.094637,-0.1745338,0.7630777,1.078046,0.1854607,-1.950302,0.03416098,-0.761528,0.08428133,0.6417201,9.916268,260.5235,3.267193,0.5294628,0.07795484,-0.8447436,-0.5619854,0.02027539,-0.1668659,-0.2254201,0.1448384,-1.351319,0.1855692,0.1283232,1.915001,-0.1740566,0.05614093,0.9831339,-0.1601991,0.9834594,-0.08452161,-0.9716173,-0.1722088,-0.162184,moving,82.41528,44.66731,5.534848,3.833631
05/11/2023 13:09:30.277621,1113,True,True,True,True,Eyes,1.10608,0.1840262,-1.942582,-0.9824628,-0.1309586,-0.1327278,0.0,0.0,0.0,0.0,0.0,0.0,0.0,2.102562,-0.1692448,0.734833,1.067546,0.1851765,-1.953316,0.03731717,-0.7640542,0.08709745,0.6381558,10.41186,260.0264,3.155451,0.5252416,0.07841845,-0.8473319,-0.5282663,0.01905886,-0.1568539,-0.2429158,0.1504315,-1.37338,0.1816001,0.1255787,1.915,-0.1827294,0.05413881,0.9816716,-0.1681881,0.9820429,-0.08546599,-0.9686707,-0.1807227,-0.1703427,moving,82.3061,44.61559,5.417179,3.751877
05/11/2023 13:09:30.298938,1114,True,True,True,True,Eyes,1.103355,0.1839928,-1.943488,-0.9819652,-0.1325885,-0.1347769,0.0,0.0,0.0,0.0,0.0,0.0,0.0,2.10908,-0.1644103,0.7075627,1.056483,0.1852132,-1.955872,0.04069027,-0.7663119,0.09041514,0.634772,10.96624,259.567,3.060946,0.5218254,0.07880205,-0.8494045,-0.4965703,0.01791533,-0.1474427,-0.2591121,0.1467314,-1.395419,0.1777464,0.1229138,1.915,-0.1908177,0.0524231,0.9802247,-0.1771489,0.9803388,-0.0869143,-0.9655086,-0.1902305,-0.1777793,moving,82.18486,44.53105,5.302884,3.672478
05/11/2023 13:09:30.307600,1115,True,True,True,True,Eyes,1.100318,0.1839459,-1.944494,-0.9813926,-0.13456,-0.1369754,0.0,0.0,0.0,0.0,0.0,0.0,0.0,2.114283,-0.1643963,0.6817658,1.045661,0.1851034,-1.95815,0.0418223,-0.7684984,0.09107193,0.6319549,11.11839,259.1516,2.969145,0.5188745,0.07913131,-0.8511798,-0.4667761,0.01684041,-0.1385961,-0.2755739,0.1397918,-1.419027,0.1738585,0.1202251,1.915001,-0.1977679,0.05082594,0.9789304,-0.1793874,0.9799136,-0.08711764,-0.963695,-0.1928369,-0.1846779,moving,82.05442,44.49035,5.187531,3.592356
05/11/2023 13:09:30.327047,1116,True,True,True,True,Eyes,1.09696,0.1839132,-1.945548,-0.9807827,-0.1365484,-0.1393548,0.0,0.0,0.0,0.0,0.0,0.0,0.0,2.119646,-0.1580023,0.6571684,1.034874,0.1848054,-1.96077,0.04518372,-0.7703282,0.09349929,0.629135,11.5898,258.763,2.810598,0.5160938,0.07942729,-0.8528411,-0.4387695,0.01582999,-0.1302803,-0.292225,0.1392845,-1.44387,0.1699706,0.1175366,1.915,-0.2042952,0.04803475,0.97773,-0.1872599,0.9784326,-0.08719696,-0.9608314,-0.2009036,-0.1908942,moving,81.91325,44.41724,5.072138,3.512225
05/11/2023 13:09:30.337509,1117,True,True,True,True,Eyes,1.09696,0.1839132,-1.945548,-0.9807827,-0.1365484,-0.1393548,0.0,0.0,0.0,0.0,0.0,0.0,0.0,2.124252,-0.1552649,0.6315444,1.023777,0.1851141,-1.96291,0.04688391,-0.7723989,0.09354035,0.6264601,11.72665,258.3573,2.620867,0.5134546,0.07969455,-0.8544077,-0.4124434,0.01488019,-0.1224635,-0.3075765,0.1257139,-1.469196,0.1660923,0.1148548,1.915001,-0.2106995,0.04477241,0.9765251,-0.1896247,0.9781042,-0.08575911,-0.9589829,-0.2032427,-0.1975961,moving,81.91325,44.41724,4.956986,3.432281
05/11/2023 13:09:30.357518,1118,True,True,True,True,Eyes,1.09696,0.1839132,-1.945548,-0.9807827,-0.1365484,-0.1393548,0.0,0.0,0.0,0.0,0.0,0.0,0.0,2.128319,-0.1561864,0.6059914,1.012616,0.1848295,-1.965148,0.04708066,-0.7745224,0.09247839,0.6239762,11.65438,257.9655,2.485855,0.5110754,0.07993443,-0.8558108,-0.3876968,0.01398738,-0.1151157,-0.3220425,0.109481,-1.493102,0.1622157,0.1121739,1.915,-0.2168743,0.04247858,0.975275,-0.1883387,0.9784623,-0.08449873,-0.9578592,-0.2020076,-0.204203,moving,81.91325,44.41724,4.841846,3.352352
05/11/2023 13:09:30.377569,1119,True,True,True,True,Eyes,1.09696,0.1839132,-1.945548,-0.9807827,-0.1365484,-0.1393548,0.0,0.0,0.0,0.0,0.0,0.0,0.0,2.131908,-0.1573729,0.580416,1.001292,0.1843762,-1.967257,0.04741293,-0.7765994,0.09199572,0.6214356,11.64316,257.5765,2.381447,0.5089308,0.08014975,-0.8570678,-0.364435,0.01314813,-0.1082088,-0.3361416,0.09964242,-1.515964,0.1582916,0.1094603,1.915001,-0.2231397,0.04069713,0.9739365,-0.1879805,0.9785777,-0.08395949,-0.9564894,-0.2018158,-0.2107093,moving,81.91325,44.41724,4.725256,3.271432
05/11/2023 13:09:30.387538,1120,True,True,True,True,Eyes,1.09696,0.1839132,-1.945548,-0.9807827,-0.1365484,-0.1393548,0.0,0.0,0.0,0.0,0.0,0.0,0.0,2.134346,-0.1603071,0.55598,0.9898112,0.1840003,-1.968924,0.04664586,-0.778571,0.09008295,0.6193032,11.42282,257.2278,2.276964,0.5069979,0.08034314,-0.8581946,-0.3425688,0.01235924,-0.1017162,-0.349529,0.08783561,-1.537169,0.1543415,0.1067291,1.915001,-0.2285753,0.03894311,0.972747,-0.1842116,0.9794185,-0.08249608,-0.955939,-0.1980478,-0.2166971,moving,81.91325,44.41724,4.607855,3.189975
05/11/2023 13:09:30.407748,1121,True,True,True,True,Eyes,1.09696,0.1839132,-1.945548,-0.9807827,-0.1365484,-0.1393548,0.0,0.0,0.0,0.0,0.0,0.0,0.0,2.136581,-0.1610817,0.5325408,0.97837,0.1832911,-1.970716,0.04660673,-0.7803273,0.08889541,0.6172639,11.31906,256.9046,2.162909,0.5052561,0.08051687,-0.8592049,-0.3220147,0.01161769,-0.09561327,-0.3628504,0.08136524,-1.55595,0.1507024,0.1042124,1.915,-0.2336263,0.03700683,0.9716221,-0.1824809,0.9798508,-0.08119771,-0.9550495,-0.1962723,-0.2221659,moving,81.91325,44.41724,4.499661,3.114906
05/11/2023 13:09:30.427103,1122,True,True,True,True,Eyes,1.09696,0.1839132,-1.945548,-0.9807827,-0.1365484,-0.1393548,0.0,0.0,0.0,0.0,0.0,0.0,0.0,2.138192,-0.1586406,0.5105257,0.966898,0.1820813,-1.972213,0.04707297,-0.7818292,0.08746003,0.6155307,11.22763,256.622,1.990125,0.5036868,0.08067292,-0.8601112,-0.3026938,0.01092063,-0.08987647,-0.3760515,0.07832243,-1.574996,0.1468097,0.1015206,1.915,-0.2378122,0.03406262,0.9707136,-0.1812747,0.9802698,-0.0788079,-0.9542456,-0.1947073,-0.2269455,moving,81.91325,44.41724,4.383891,3.0346
05/11/2023 13:09:30.447726,1123,True,True,True,True,Eyes,1.09696,0.1839132,-1.945548,-0.9807827,-0.1365484,-0.1393548,0.0,0.0,0.0,0.0,0.0,0.0,0.0,2.139482,-0.1556005,0.4900448,0.955493,0.180723,-1.973856,0.04823028,-0.7830554,0.08734211,0.6138971,11.30339,256.3746,1.85277,0.502273,0.08081314,-0.8609244,-0.2845322,0.01026539,-0.08448388,-0.3894752,0.07701694,-1.595511,0.1430987,0.09895446,1.915001,-0.2416087,0.03170417,0.9698559,-0.1827721,0.9800904,-0.07757054,-0.9530058,-0.1960043,-0.2310037,moving,81.91325,44.41724,4.273492,2.958033
05/11/2023 13:09:30.457918,1124,True,True,True,True,Eyes,1.09696,0.1839132,-1.945548,-0.9807827,-0.1365484,-0.1393548,0.0,0.0,0.0,0.0,0.0,0.0,0.0,2.139964,-0.1566691,0.4702754,0.9441364,0.1795961,-1.975222,0.04894837,-0.7842212,0.08836313,0.6122036,11.45073,256.1391,1.837093,0.5009995,0.08093916,-0.8616544,-0.2674603,0.009649468,-0.07941485,-0.4033124,0.07952793,-1.616272,0.1391258,0.09620712,1.915001,-0.2456218,0.03141974,0.9688565,-0.1849651,0.9795921,-0.07865974,-0.9515555,-0.1985252,-0.2347975,moving,81.91325,44.41724,4.155268,2.876047
05/11/2023 13:09:30.477550,1125,True,True,True,True,Eyes,1.09696,0.1839132,-1.945548,-0.9807827,-0.1365484,-0.1393548,0.0,0.0,0.0,0.0,0.0,0.0,0.0,2.140107,-0.1621555,0.4489644,0.9323139,0.1784453,-1.97658,0.04829885,-0.7856334,0.08876356,0.6103839,11.44533,255.8798,1.898447,0.4998526,0.08105239,-0.8623095,-0.2514127,0.0090705,-0.07464996,-0.4163665,0.07641947,-1.63509,0.135222,0.09350754,1.915001,-0.2501976,0.03246932,0.9676502,-0.1842501,0.9795765,-0.08050957,-0.9505015,-0.1984329,-0.2391052,moving,81.91325,44.41724,4.039063,2.795475
05/11/2023 13:09:30.496991,1126,True,True,True,True,Eyes,1.09696,0.1839132,-1.945548,-0.9807827,-0.1365484,-0.1393548,0.0,0.0,0.0,0.0,0.0,0.0,0.0,2.139874,-0.1661636,0.4276762,0.9206043,0.1770347,-1.977555,0.04809714,-0.7870305,0.08945497,0.6084962,11.49845,255.6144,1.939105,0.4988201,0.08115412,-0.8628975,-0.2363279,0.008526269,-0.07017096,-0.4291126,0.06920066,-1.653824,0.1314239,0.09088107,1.915001,-0.254838,0.03315819,0.966415,-0.1845738,0.9793689,-0.08227371,-0.9492049,-0.1993414,-0.2434604,moving,81.91325,44.41724,3.925976,2.717074
05/11/2023 13:09:30.508059,1127,True,True,True,True,Eyes,1.088604,0.1834557,-1.947013,-0.9794978,-0.1394431,-0.1453948,0.0,0.0,0.0,0.0,0.0,0.0,0.0,2.139245,-0.1700515,0.407583,0.9085408,0.1755489,-1.978673,0.04771404,-0.7882112,0.08980335,0.6069448,11.507,255.3937,1.976355,0.4978899,0.08124561,-0.8634259,-0.2221482,0.008014693,-0.06596071,-0.4412343,0.05664266,-1.674098,0.1275201,0.08818146,1.915,-0.2586831,0.03379386,0.9653711,-0.1842288,0.9793174,-0.08364843,-0.9482316,-0.1994876,-0.247107,moving,81.55678,43.80298,3.809711,2.63648
05/11/2023 13:09:30.527474,1128,True,True,True,True,Eyes,1.080091,0.1829822,-1.94846,-0.9782118,-0.1420951,-0.1513624,0.0,0.0,0.0,0.0,0.0,0.0,0.0,2.13803,-0.1759698,0.3878031,0.8964887,0.1742364,-1.979514,0.04662793,-0.7894065,0.08975351,0.6054812,11.42989,255.1822,2.050535,0.4967423,0.08131821,-0.8640798,-0.2088193,0.007533811,-0.06200306,-0.4535418,0.04653855,-1.695001,0.1237645,0.08558466,1.915,-0.2624366,0.03507134,0.9643116,-0.1823049,0.9795403,-0.08523934,-0.9475715,-0.1981687,-0.2506737,moving,81.20416,43.19121,3.697825,2.558945
05/11/2023 13:09:30.547508,1129,True,True,True,True,Eyes,1.071397,0.1824995,-1.949795,-0.9769309,-0.1441927,-0.1575259,0.0,0.0,0.0,0.0,0.0,0.0,0.0,2.136841,-0.1842247,0.3661976,0.8841853,0.1733526,-1.980478,0.04476098,-0.7908797,0.0890939,0.6037949,11.24344,254.9313,2.149534,0.4953933,0.08137329,-0.8648487,-0.1962902,0.007081783,-0.05828288,-0.466054,0.03983803,-1.715425,0.1199323,0.08293475,1.915,-0.2668566,0.03678779,0.963034,-0.17839,0.9801174,-0.0868722,-0.9470823,-0.194978,-0.2549883,moving,80.84015,42.4697,3.583629,2.479814
05/11/2023 13:09:30.557475,1130,True,True,True,True,Eyes,1.062539,0.1820019,-1.951099,-0.9756584,-0.1458979,-0.1637207,0.0,0.0,0.0,0.0,0.0,0.0,0.0,2.13521,-0.1981246,0.3411682,0.8718114,0.1724147,-1.981158,0.04094327,-0.7929333,0.08750269,0.6016011,10.83788,254.5988,2.3547,0.4938578,0.08141272,-0.8657228,-0.1845127,0.006656876,-0.05478591,-0.478084,0.0298859,-1.735717,0.1161068,0.08028908,1.915001,-0.2727998,0.04035284,0.9612242,-0.170214,0.9813339,-0.08950455,-0.9468937,-0.1880306,-0.2608391,moving,80.47421,41.70546,3.469605,2.4008
05/11/2023 13:09:30.577606,1131,True,True,True,True,Eyes,1.053555,0.1814698,-1.952476,-0.9743497,-0.1473212,-0.1701151,0.0,0.0,0.0,0.0,0.0,0.0,0.0,2.133154,-0.2144784,0.3130631,0.8590082,0.1714781,-1.98168,0.03642254,-0.795369,0.08580958,0.5989144,10.37724,254.197,2.613147,0.4921476,0.08143766,-0.8666939,-0.173442,0.006257463,-0.05149875,-0.4900655,0.01847848,-1.755374,0.1120849,0.07750792,1.915,-0.2799502,0.04484647,0.9589666,-0.1607239,0.9826202,-0.0928726,-0.946465,-0.1801285,-0.2678768,moving,80.09635,40.89285,3.349699,2.31773
05/11/2023 13:09:30.597311,1132,True,True,True,True,Eyes,1.0444,0.1809184,-1.953797,-0.9730293,-0.1485206,-0.17651,0.0,0.0,0.0,0.0,0.0,0.0,0.0,2.13072,-0.2263569,0.2840104,0.8460869,0.1702963,-1.981667,0.03310532,-0.7978475,0.08439633,0.596004,10.02818,253.7646,2.780872,0.4902724,0.08144788,-0.8677551,-0.1630355,0.005882015,-0.04840883,-0.5014656,0.004771188,-1.774137,0.1082961,0.07488803,1.915,-0.2873666,0.0477751,0.9566285,-0.1534271,0.9835626,-0.09520897,-0.9454526,-0.1741326,-0.2753131,moving,79.71821,40.07823,3.236715,2.239468
05/11/2023 13:09:30.607616,1133,True,True,True,True,Eyes,0.8108969,0.1668862,-1.983161,-0.9240385,-0.1777349,-0.3384719,0.0,0.0,0.0,0.0,0.0,0.0,0.0,2.128287,-0.2309333,0.2568755,0.8328217,0.1692422,-1.981586,0.03156814,-0.7999273,0.08281104,0.5935169,9.785379,253.3862,2.779975,0.4882428,0.08144429,-0.8688989,-0.1532533,0.005529094,-0.0455043,-0.5128587,-0.008771896,-1.791557,0.1043047,0.07212801,1.915001,-0.2934826,0.04779505,0.9547691,-0.1488039,0.9842916,-0.09501316,-0.9443123,-0.1699581,-0.2817603,moving,69.88241,27.7044,3.11766,2.157011
05/11/2023 13:09:30.627390,1134,True,True,True,True,Eyes,0.8103731,0.1668616,-1.983158,-0.9239403,-0.1777198,-0.3387477,0.0,0.0,0.0,0.0,0.0,0.0,0.0,2.125843,-0.2299957,0.2316723,0.8196812,0.1683243,-1.981304,0.03152668,-0.8017036,0.08133414,0.5913224,9.653922,253.0478,2.65345,0.4666246,0.08090851,-0.8807468,-0.8445671,-0.03689907,-0.1308653,-0.5241513,-0.02169485,-1.808306,0.1004751,0.0694795,1.915,-0.2986879,0.04563929,0.9532591,-0.1467395,0.9847817,-0.09312687,-0.9430023,-0.1676966,-0.2874453,moving,69.86536,27.68319,3.003407,2.077878
05/11/2023 13:09:30.647714,1135,True,True,True,True,Eyes,0.8093427,0.1667979,-1.983133,-0.9236248,-0.1778727,-0.339527,0.0,0.0,0.0,0.0,0.0,0.0,0.0,2.123566,-0.2297028,0.2036207,0.8065743,0.1677086,-1.981179,0.03196951,-0.8038669,0.08073447,0.588437,9.638055,252.6227,2.535609,0.449474,0.08043971,-0.8896641,-0.793893,-0.03468513,-0.1230134,-0.5358851,-0.0319993,-1.823999,0.09656722,0.06677726,1.915001,-0.3054398,0.04361584,0.9512121,-0.1464128,0.9849198,-0.09217545,-0.9408879,-0.1674236,-0.2944478,moving,69.81643,27.64931,2.886793,1.99713
05/11/2023 13:09:30.657903,1136,True,True,True,True,Eyes,0.8078272,0.1667045,-1.983079,-0.9231515,-0.1780844,-0.3407012,0.0,0.0,0.0,0.0,0.0,0.0,0.0,2.120844,-0.2316434,0.1698534,0.7934343,0.1667376,-1.980694,0.03179266,-0.8068423,0.08008514,0.5844494,9.578257,252.0427,2.4591,0.4359139,0.08003794,-0.8964221,-0.7462595,-0.03260402,-0.1156326,-0.5477389,-0.04103326,-1.839249,0.09276021,0.06414472,1.915001,-0.3148162,0.04230806,0.9482091,-0.1449147,0.9851512,-0.09206972,-0.9380246,-0.1663945,-0.3040105,moving,69.74275,27.59605,2.773167,1.918458
05/11/2023 13:09:30.677108,1137,True,True,True,True,Eyes,0.8058109,0.16659,-1.982929,-0.9224415,-0.1786922,-0.3423022,0.0,0.0,0.0,0.0,0.0,0.0,0.0,2.117843,-0.230404,0.1335447,0.780253,0.1659517,-1.97986,0.03303567,-0.8101245,0.08013523,0.5798148,9.680167,251.3774,2.290739,0.42522,0.0796982,-0.9015739,-0.7014839,-0.03064778,-0.1086946,-0.5590337,-0.0535414,-1.855003,0.08888913,0.06146775,1.915,-0.3254469,0.03940117,0.944739,-0.1464532,0.984974,-0.09152988,-0.9341497,-0.1681482,-0.3147862,moving,69.64098,27.56593,2.657607,1.838451
05/11/2023 13:09:30.687266,1138,True,True,True,True,Eyes,0.8033244,0.1664682,-1.982741,-0.9216366,-0.1792366,-0.3441805,0.0,0.0,0.0,0.0,0.0,0.0,0.0,2.113699,-0.2290016,0.09895062,0.7666562,0.1653191,-1.978602,0.03438079,-0.8131238,0.08023331,0.5755088,9.790849,250.7613,2.1191,0.4167995,0.07941371,-0.9055226,-0.6593949,-0.02880891,-0.1021729,-0.5706607,-0.06331712,-1.869996,0.08510815,0.05885354,1.915,-0.3352153,0.03643827,0.9414366,-0.1482616,0.9847612,-0.09090634,-0.9304028,-0.1700521,-0.3247047,moving,69.52211,27.50885,2.544716,1.760312
05/11/2023 13:09:30.707884,1139,True,True,True,True,Eyes,0.8004053,0.1664147,-1.98254,-0.9206777,-0.1800923,-0.3462939,0.0,0.0,0.0,0.0,0.0,0.0,0.0,2.108722,-0.2300827,0.06712484,0.7528757,0.1650183,-1.977397,0.03450483,-0.8157611,0.07947349,0.571863,9.737056,250.2337,2.011852,0.410169,0.07917741,-0.9085659,-0.6198311,-0.02708038,-0.09604256,-0.5818776,-0.07422207,-1.884109,0.0808838,0.05593213,1.915,-0.3435644,0.03460049,0.9384916,-0.1471913,0.9849868,-0.0901987,-0.9275227,-0.1691268,-0.3333136,moving,69.38725,27.47697,2.418562,1.672984
05/11/2023 13:09:30.727923,1140,True,True,True,True,Eyes,0.7970268,0.1664675,-1.982314,-0.9196324,-0.1807584,-0.3487155,0.0,0.0,0.0,0.0,0.0,0.0,0.0,2.103234,-0.2340566,0.03644395,0.739335,0.1667065,-1.976182,0.0357818,-0.8182852,0.08084794,0.5679726,9.959933,249.6978,1.936314,0.4049366,0.07898569,-0.9109265,-0.5826413,-0.02545555,-0.09028,-0.5934935,-0.08385962,-1.897331,0.07707527,0.05329856,1.915,-0.3522539,0.0332794,0.9353127,-0.1503983,0.9843666,-0.09166718,-0.9237413,-0.1729595,-0.3417418,moving,69.23377,27.40019,2.304807,1.594253
05/11/2023 13:09:30.737329,1141,True,True,True,True,Eyes,0.793209,0.1666228,-1.982031,-0.9184192,-0.1813756,-0.3515808,0.0,0.0,0.0,0.0,0.0,0.0,0.0,2.097672,-0.2356928,0.001558065,0.7249223,0.1691632,-1.97526,0.03555538,-0.8213038,0.0785324,0.5639402,9.735503,249.0995,1.754239,0.4007829,0.07883706,-0.9127746,-0.5476828,-0.02392822,-0.0848632,-0.6050904,-0.09164517,-1.91058,0.07331896,0.05070112,1.915001,-0.3614149,0.03017162,0.931917,-0.1469787,0.9851369,-0.0888957,-0.9207481,-0.1691001,-0.3516085,moving,69.05261,27.28857,2.192593,1.516596
05/11/2023 13:09:30.757801,1142,True,True,True,True,Eyes,0.7889712,0.1668908,-1.981735,-0.9170763,-0.1819973,-0.3547506,0.0,0.0,0.0,0.0,0.0,0.0,0.0,2.091987,-0.2351302,-0.03477597,0.7108983,0.1717312,-1.974344,0.03613369,-0.8245276,0.0764279,0.5594708,9.582367,248.4428,1.506986,0.3974507,0.07873018,-0.9142395,-0.5148218,-0.02249253,-0.07977141,-0.6179681,-0.09092367,-1.925341,0.06946622,0.04803669,1.915001,-0.3713738,0.0259319,0.9281214,-0.1451048,0.9857063,-0.08560233,-0.917075,-0.1664653,-0.3623027,moving,68.85215,27.15913,2.077481,1.436931
05/11/2023 13:09:30.777787,1143,True,True,True,True,Eyes,0.7843387,0.1672145,-1.981419,-0.9156538,-0.1823036,-0.3582507,0.0,0.0,0.0,0.0,0.0,0.0,0.0,2.085308,-0.2396834,-0.07078552,0.6965631,0.1748358,-1.973626,0.03683181,-0.8276768,0.07637122,0.5547632,9.630128,247.7815,1.381301,0.3945985,0.07866091,-0.9154801,-0.4839325,-0.02114298,-0.07498512,-0.6290303,-0.09911405,-1.940748,0.0656473,0.04539638,1.915,-0.3817627,0.02376622,0.9239549,-0.1457055,0.9856218,-0.08555549,-0.9127035,-0.1672872,-0.3728107,moving,68.63202,26.97025,1.963363,1.357981
05/11/2023 13:09:30.800739,1144,True,True,True,True,Eyes,0.779376,0.1676005,-1.981084,-0.9140382,-0.1828455,-0.3620797,0.0,0.0,0.0,0.0,0.0,0.0,0.0,2.077844,-0.2431668,-0.1099198,0.6824714,0.1764307,-1.972752,0.03456458,-0.8312987,0.07244868,0.5499992,9.118329,247.0813,1.289889,0.3918473,0.07862066,-0.9166646,-0.4548966,-0.0198744,-0.07048602,-0.6430624,-0.09090206,-1.956706,0.06179999,0.04273546,1.915001,-0.3926126,0.02222643,0.9194354,-0.1371604,0.987113,-0.08243198,-0.9094188,-0.158474,-0.3845045,moving,68.3899,26.79317,1.84838,1.27841
05/11/2023 13:09:30.807413,1145,True,True,True,True,Eyes,0.7740567,0.1680632,-1.980741,-0.9122189,-0.183567,-0.3662783,0.0,0.0,0.0,0.0,0.0,0.0,0.0,2.070378,-0.2451867,-0.1472061,0.6695607,0.1783783,-1.971832,0.03720521,-0.834714,0.07442331,0.5443616,9.482742,246.3122,1.098828,0.389174,0.07861002,-0.9178036,-0.4276028,-0.01868193,-0.06625686,-0.6546586,-0.09306477,-1.971362,0.05794537,0.04007008,1.915001,-0.4045725,0.01891496,0.9143103,-0.1431378,0.9861539,-0.08373816,-0.9032346,-0.1647505,-0.3962633,moving,68.12333,26.61857,1.733165,1.1987
05/11/2023 13:09:30.827437,1146,True,True,True,True,Eyes,0.7684371,0.1685766,-1.9804,-0.9102674,-0.1842088,-0.3707837,0.0,0.0,0.0,0.0,0.0,0.0,0.0,2.062339,-0.2470827,-0.1867011,0.6557628,0.1807198,-1.971412,0.03883238,-0.8382987,0.07468665,0.5386736,9.616658,245.523,0.8924795,0.3865559,0.07863015,-0.9189076,-0.4019466,-0.01756102,-0.06228145,-0.665289,-0.1028842,-1.986212,0.0540242,0.03735849,1.915,-0.4166456,0.0153572,0.9089394,-0.1455697,0.9858279,-0.08338348,-0.8973383,-0.1670554,-0.4085053,moving,67.83721,26.41861,1.615947,1.117604
05/11/2023 13:09:30.837365,1147,True,True,True,True,Eyes,0.76253,0.1691321,-1.980039,-0.9080998,-0.1852907,-0.375529,0.0,0.0,0.0,0.0,0.0,0.0,0.0,2.054493,-0.245166,-0.2245538,0.6429213,0.1824542,-1.970998,0.04000675,-0.8417481,0.0731945,0.5333875,9.549571,244.7742,0.623484,0.3839747,0.07868081,-0.9199848,-0.3778298,-0.01650736,-0.05854456,-0.6785564,-0.09285879,-2.000388,0.05020324,0.03471629,1.915,-0.4277947,0.01073085,0.9038124,-0.1454333,0.986084,-0.08054445,-0.8920993,-0.1659009,-0.4202808,moving,67.5333,26.2623,1.50171,1.038579
05/11/2023 13:09:30.857990,1148,True,True,True,True,Eyes,0.7563549,0.1697237,-1.979718,-0.9058086,-0.1862456,-0.3805566,0.0,0.0,0.0,0.0,0.0,0.0,0.0,2.046386,-0.2465585,-0.2593095,0.6304781,0.1841071,-1.97087,0.04308162,-0.8447829,0.0753668,0.5280207,9.952584,244.0483,0.3956389,0.3814147,0.07876144,-0.9210422,-0.35516,-0.01551692,-0.05503189,-0.6880323,-0.1019912,-2.016456,0.04619792,0.03194638,1.915,-0.4386766,0.006801244,0.8986196,-0.1523797,0.9849277,-0.08184119,-0.8856319,-0.1728331,-0.4310284,moving,67.21131,26.07727,1.381949,0.9557298
05/11/2023 13:09:30.877447,1149,True,True,True,True,Eyes,0.7499498,0.1703373,-1.979415,-0.9033613,-0.1872405,-0.3858489,0.0,0.0,0.0,0.0,0.0,0.0,0.0,2.037474,-0.2505181,-0.297473,0.6178654,0.1855554,-1.971385,0.04270991,-0.8482876,0.07427368,0.5225586,9.825482,243.2933,0.300288,0.3788615,0.078871,-0.922086,-0.3338504,-0.0145859,-0.05172997,-0.6957405,-0.1192718,-2.035614,0.04231797,0.02926364,1.915001,-0.4502169,0.005164104,0.8929045,-0.1500853,0.9853185,-0.081374,-0.8802156,-0.1706477,-0.4428321,moving,66.87142,25.88586,1.265925,0.8754841
05/11/2023 13:09:30.897330,1150,True,True,True,True,Eyes,0.7433272,0.1709663,-1.979161,-0.9007677,-0.18821,-0.3914008,0.0,0.0,0.0,0.0,0.0,0.0,0.0,2.027838,-0.2538593,-0.3358383,0.6060324,0.1867432,-1.971601,0.04314893,-0.8518822,0.07403173,0.5166764,9.829721,242.4895,0.173592,0.3763037,0.07900791,-0.9231211,-0.3138194,-0.01371075,-0.04862617,-0.7033273,-0.1339445,-2.056307,0.03821759,0.02642813,1.915001,-0.4623677,0.00298526,0.8866833,-0.1500165,0.9853149,-0.08154454,-0.8739058,-0.1707207,-0.45513,moving,66.51414,25.68116,1.143298,0.7906651
05/11/2023 13:09:30.912226,1151,True,True,True,True,Eyes,0.73647,0.1716075,-1.978913,-0.8980791,-0.1890153,-0.3971488,0.0,0.0,0.0,0.0,0.0,0.0,0.0,2.018385,-0.2557815,-0.3731761,0.5941826,0.1877566,-1.972373,0.04394062,-0.8552775,0.07374731,0.5110098,9.849282,241.7159,0.01211691,0.3737314,0.07917032,-0.9241516,-0.2949902,-0.0128881,-0.0457086,-0.7117786,-0.1425795,-2.076112,0.03479439,0.0240608,1.915,-0.4738765,0.0002083472,0.8805914,-0.150534,0.9852611,-0.08124066,-0.8676293,-0.171057,-0.4668607,moving,66.14402,25.45121,1.040915,0.7198483
05/11/2023 13:09:30.928372,1152,True,True,True,True,Eyes,0.7294366,0.1722538,-1.978735,-0.8952707,-0.1897234,-0.4031072,0.0,0.0,0.0,0.0,0.0,0.0,0.0,2.00885,-0.2580985,-0.4088888,0.5823998,0.1886651,-1.973449,0.04302757,-0.8584851,0.07182134,0.5059582,9.605037,241.0211,359.9303,0.3711353,0.07935662,-0.9251813,-0.2772908,-0.01211482,-0.04296609,-0.7202361,-0.149549,-2.09599,0.03073831,0.02125578,1.915001,-0.4843099,-0.001199857,0.8748958,-0.1465542,0.9859806,-0.0797748,-0.8625346,-0.1668554,-0.477696,moving,65.75973,25.20414,0.9195946,0.6359353
05/11/2023 13:09:30.937272,1153,True,True,True,True,Eyes,0.7222334,0.1729218,-1.978651,-0.8923438,-0.1904003,-0.4092313,0.0,0.0,0.0,0.0,0.0,0.0,0.0,1.998456,-0.2653719,-0.4447052,0.5711463,0.1894151,-1.974822,0.04180196,-0.8617651,0.07144836,0.5005086,9.49653,240.2931,359.9695,0.3685086,0.07956465,-0.9262128,-0.2606533,-0.01138793,-0.04038812,-0.7310222,-0.1433495,-2.117793,0.0267629,0.01850688,1.915,-0.4954878,-0.000525894,0.868615,-0.143568,0.9862955,-0.08129892,-0.8566682,-0.1649879,-0.4887728,moving,65.36368,24.95083,0.8006796,0.5536986
05/11/2023 13:09:30.957648,1154,True,True,True,True,Eyes,0.7148719,0.1735848,-1.978659,-0.8892978,-0.1908714,-0.415593,0.0,0.0,0.0,0.0,0.0,0.0,0.0,1.987722,-0.2709247,-0.4823346,0.5597852,0.1906024,-1.976713,-0.04063702,0.8652073,-0.07035997,-0.4947875,9.320988,239.5247,359.9598,0.3658448,0.07979318,-0.9272486,-0.2450141,-0.01070465,-0.03796484,-0.7432193,-0.1270767,-2.141834,0.0228489,0.01580019,1.915001,-0.5070682,-0.0006924354,0.8619058,-0.1399453,0.9867962,-0.08153854,-0.8504689,-0.1619653,-0.5004699,moving,64.95204,24.66813,0.6835943,0.4727223
05/11/2023 13:09:30.977766,1155,True,True,True,True,Eyes,0.707372,0.1742227,-1.978741,-0.8861288,-0.1914075,-0.422065,0.0,0.0,0.0,0.0,0.0,0.0,0.0,1.976529,-0.2740837,-0.5208046,0.5486287,0.1911076,-1.978765,-0.03921172,0.8687263,-0.06845151,-0.4889697,9.048935,238.7412,359.9311,0.3631383,0.08003984,-0.9282907,-0.2303133,-0.01006237,-0.03568694,-0.7520031,-0.1264391,-2.166116,0.0191808,0.01326373,1.915001,-0.518742,-0.001187085,0.8549298,-0.1350699,0.9875537,-0.08058456,-0.8441934,-0.1572779,-0.512446,moving,64.53144,24.39441,0.57386,0.3968371
05/11/2023 13:09:30.997862,1156,True,True,True,True,Eyes,0.6997561,0.1748553,-1.978935,-0.882777,-0.1920905,-0.4287259,0.0,0.0,0.0,0.0,0.0,0.0,0.0,1.965416,-0.2778693,-0.5571828,0.538113,0.1911598,-1.981014,-0.03942806,0.8719968,-0.0686786,-0.4830637,9.083142,237.9595,359.8602,0.3603855,0.08030158,-0.9293404,-0.2164945,-0.009458629,-0.03354573,-0.7624774,-0.1187172,-2.189976,0.01540464,0.01065218,1.915,-0.5301901,-0.002410016,0.8478756,-0.1351146,0.9874573,-0.08168249,-0.8370441,-0.1578675,-0.5238657,moving,64.0962,24.13475,0.4608887,0.3187041
05/11/2023 13:09:31.007333,1157,True,True,True,True,Eyes,0.692044,0.17547,-1.979253,-0.8792435,-0.1929924,-0.4355283,0.0,0.0,0.0,0.0,0.0,0.0,0.0,1.953942,-0.2847169,-0.5928543,0.5277078,0.1917077,-1.983734,-0.04040127,0.8751596,-0.07050401,-0.4769619,9.319767,237.1644,359.7991,0.3575839,0.08057632,-0.9303982,-0.2035048,-0.008891111,-0.03153298,-0.7710748,-0.1181547,-2.212259,0.01166514,0.008066954,1.915,-0.5417503,-0.003459671,0.8405324,-0.1379706,0.9867938,-0.08486477,-0.8291386,-0.1619442,-0.5350732,moving,63.64874,23.89921,0.3490104,0.2413576
05/11/2023 13:09:31.027501,1158,True,True,True,True,Eyes,0.6842644,0.1760447,-1.979683,-0.8754958,-0.1941507,-0.4425071,0.0,0.0,0.0,0.0,0.0,0.0,0.0,1.94219,-0.2904728,-0.629169,0.5176408,0.1919417,-1.986841,-0.04077424,0.8783929,-0.07142431,-0.4708101,9.431657,236.3608,359.7458,0.3547309,0.0808616,-0.931465,-0.1912945,-0.008357644,-0.029641,-0.7760118,-0.1378897,-2.234311,0.007680446,0.005311172,1.914999,-0.5533508,-0.004377021,0.832937,-0.1388862,0.986472,-0.08708335,-0.8212879,-0.163871,-0.5464729,moving,63.18632,23.68954,0.2297937,0.1589071
05/11/2023 13:09:31.037558,1159,True,True,True,True,Eyes,0.676405,0.1765969,-1.980221,-0.8715766,-0.1957265,-0.4494945,0.0,0.0,0.0,0.0,0.0,0.0,0.0,1.92961,-0.2996857,-0.664237,0.5082298,0.1916232,-1.989824,-0.04228513,0.8815214,-0.07473216,-0.4642704,9.8471,235.523,359.7,0.3518263,0.08115413,-0.9325405,-0.1798169,-0.007856186,-0.02786254,-0.7837046,-0.1414682,-2.257304,0.003872156,0.002677754,1.914999,-0.5653298,-0.005158621,0.8248488,-0.1439424,0.9852542,-0.09249254,-0.8122085,-0.1710195,-0.5577361,moving,62.71868,23.53009,0.1158527,0.08011693
05/11/2023 13:09:31.057618,1160,True,True,True,True,Eyes,0.6684914,0.1771249,-1.980883,-0.867483,-0.1974369,-0.4566091,0.0,0.0,0.0,0.0,0.0,0.0,0.0,1.916785,-0.3103759,-0.698719,0.4987313,0.1917181,-1.993268,-0.04346263,0.8845397,-0.07798783,-0.4578412,10.23958,234.7039,359.6811,0.348869,0.08145178,-0.9336249,-0.1690279,-0.007384814,-0.02619079,-0.7875099,-0.1607794,-2.279361,0.000173986,0.0001206771,1.915,-0.5769851,-0.005476741,0.8167366,-0.1483009,0.9840577,-0.09816872,-0.8031784,-0.1777646,-0.5685989,moving,62.23944,23.38356,0.005205568,0.003610594
05/11/2023 13:09:31.077373,1161,True,True,True,True,Eyes,0.6605695,0.1776301,-1.981737,-0.8630544,-0.1994438,-0.4640682,0.0,0.0,0.0,0.0,0.0,0.0,0.0,1.903598,-0.3224747,-0.7319469,0.4895111,0.191702,-1.996759,-0.04347753,0.8874486,-0.08066113,-0.4517063,10.51211,233.9286,359.7495,0.3458592,0.08175246,-0.9347177,-0.1588862,-0.006941725,-0.02461934,-0.7912995,-0.1817988,-2.299748,-0.00372535,-0.002575934,1.915,-0.5881424,-0.004297864,0.8087461,-0.1500384,0.9832069,-0.1038871,-0.7947184,-0.1824433,-0.5789105,moving,61.73288,23.25671,-0.1114603,-0.07707051
05/11/2023 13:09:31.097407,1162,True,True,True,True,Eyes,0.6525882,0.1781134,-1.982721,-0.8585277,-0.2013634,-0.4715751,0.0,0.0,0.0,0.0,0.0,0.0,0.0,1.890527,-0.3370777,-0.7629888,0.4802531,0.1917404,-2.000615,-0.04253148,0.8900936,-0.08329579,-0.4460787,10.73267,233.2287,359.9183,0.3427981,0.082054,-0.9358183,-0.149353,-0.006525222,-0.02314218,-0.7973585,-0.1897396,-2.318821,-0.007633328,-0.005278431,1.915,-0.5984097,-0.001401036,0.8011889,-0.1500269,0.9825058,-0.1103373,-0.7870182,-0.1862269,-0.5881512,moving,61.22073,23.12257,-0.2283839,-0.1579274
05/11/2023 13:09:31.107934,1163,True,True,True,True,Eyes,0.6446052,0.1785696,-1.983893,-0.8538069,-0.203211,-0.4792902,0.0,0.0,0.0,0.0,0.0,0.0,0.0,1.877079,-0.3502814,-0.7942791,0.4708306,0.1916779,-2.00464,-0.04006108,0.8927562,-0.08419466,-0.4407864,10.69888,232.5692,0.157095,0.3396855,0.08235478,-0.9369262,-0.1403918,-0.006133709,-0.02175365,-0.8012704,-0.2082777,-2.336907,-0.01152673,-0.007971052,1.915,-0.6082046,0.002694173,0.7937755,-0.1457533,0.9826127,-0.1150139,-0.7802837,-0.1856474,-0.597237,moving,60.69203,22.97613,-0.3448696,-0.2384883
05/11/2023 13:09:31.127546,1164,True,True,True,True,Eyes,0.6365802,0.1789794,-1.985211,-0.8490008,-0.2049163,-0.487039,0.0,0.0,0.0,0.0,0.0,0.0,0.0,1.863913,-0.362376,-0.825089,0.461858,0.1915174,-2.009047,-0.03754357,0.8953533,-0.08478655,-0.4355965,10.63405,231.9226,0.3868578,0.3365228,0.08265278,-0.9380406,-0.1319683,-0.005765686,-0.02044843,-0.8074474,-0.2151242,-2.355334,-0.01529279,-0.01057538,1.915,-0.6176924,0.006635942,0.7863919,-0.141095,0.9828034,-0.1191201,-0.7736592,-0.1845355,-0.606134,moving,60.15877,22.81838,-0.4575426,-0.3164066
05/11/2023 13:09:31.137370,1165,True,True,True,True,Eyes,0.6285572,0.1793393,-1.986712,-0.8440167,-0.2065814,-0.4949342,0.0,0.0,0.0,0.0,0.0,0.0,0.0,1.850872,-0.3706897,-0.8564646,0.4527975,0.1907856,-2.013763,-0.03536906,0.8979334,-0.08466941,-0.4304601,10.5157,231.2754,0.5463604,0.3333104,0.08294548,-0.9391611,-0.1240502,-0.005419745,-0.01922153,-0.8150193,-0.2158225,-2.373801,-0.0192011,-0.01327781,1.915,-0.6269065,0.009375493,0.7790383,-0.1364117,0.9831603,-0.121605,-0.7670596,-0.1825049,-0.6150706,moving,59.6125,22.65525,-0.5744674,-0.3972587
05/11/2023 13:09:31.157102,1166,True,True,True,True,Eyes,0.6205119,0.1796509,-1.988368,-0.8389541,-0.2081754,-0.5028113,0.0,0.0,0.0,0.0,0.0,0.0,0.0,1.839053,-0.3756727,-0.8863277,0.4441379,0.1899841,-2.018779,-0.03427604,0.9003003,-0.08448371,-0.4256139,10.44538,230.6589,0.5941257,0.33005,0.08323022,-0.9402867,-0.1166072,-0.00509456,-0.01806824,-0.8222349,-0.2186587,-2.391904,-0.02308005,-0.01596021,1.915,-0.635356,0.01019743,0.7721521,-0.1336323,0.9833753,-0.1229447,-0.760569,-0.1812981,-0.6234307,moving,59.06444,22.49068,-0.6905093,-0.47751
05/11/2023 13:09:31.177565,1167,True,True,True,True,Eyes,0.6124981,0.179902,-1.990248,-0.8337626,-0.2096694,-0.5107628,0.0,0.0,0.0,0.0,0.0,0.0,0.0,1.827087,-0.3827604,-0.9151535,0.4355193,0.189131,-2.024057,-0.0330177,0.9025336,-0.08487416,-0.4208795,10.42781,230.0652,0.6900485,0.3267427,0.08350481,-0.9414167,-0.1096108,-0.004788887,-0.01698414,-0.8311738,-0.2146537,-2.408693,-0.02707615,-0.01872338,1.915,-0.6435409,0.01184442,0.7653204,-0.1310428,0.9834124,-0.1254106,-0.7541111,-0.1809965,-0.6313139,moving,58.50838,22.31827,-0.8100501,-0.5601758
05/11/2023 13:09:31.197059,1168,True,True,True,True,Eyes,0.6044722,0.1800803,-1.99228,-0.8284885,-0.2111241,-0.5186845,0.0,0.0,0.0,0.0,0.0,0.0,0.0,1.814925,-0.388516,-0.9449425,0.4269884,0.1879824,-2.029817,-0.0307776,0.9048402,-0.08419222,-0.4162076,10.25217,229.478,0.8376172,0.3233908,0.08376636,-0.9425502,-0.1030341,-0.004501554,-0.01596509,-0.8394565,-0.214601,-2.424387,-0.03083,-0.02131929,1.915,-0.6516481,0.01438526,0.7583851,-0.1257805,0.9839289,-0.1267412,-0.7480202,-0.1779807,-0.6393659,moving,57.95091,22.14817,-0.9223374,-0.6378353
05/11/2023 13:09:31.207422,1169,True,True,True,True,Eyes,0.5964771,0.1801897,-1.994529,-0.823085,-0.2125881,-0.5266284,0.0,0.0,0.0,0.0,0.0,0.0,0.0,1.802114,-0.3967145,-0.9736047,0.418613,0.1864157,-2.035416,-0.02926323,0.9070273,-0.08498859,-0.4113661,10.26783,228.8797,0.980481,0.3199955,0.08401199,-0.9436864,0.0,0.0,0.0,-0.8478203,-0.2156056,-2.438759,-0.03486636,-0.02411044,1.915,-0.6598431,0.01683773,0.7512146,-0.1230079,0.9838412,-0.1300981,-0.7412664,-0.1782497,-0.6471096,moving,57.38797,21.98283,-1.043068,-0.7213336
05/11/2023 13:09:31.227296,1170,True,True,True,True,Eyes,0.5884885,0.1802276,-1.996949,-0.8176206,-0.2140134,-0.5345042,0.0,0.0,0.0,0.0,0.0,0.0,0.0,1.790144,-0.403375,-1.002002,0.4103603,0.1849578,-2.041747,-0.02833043,0.909116,-0.08571921,-0.4066419,10.30558,228.2929,1.060102,0.3165593,0.08423901,-0.9448245,0.0,0.0,0.0,-0.8552682,-0.2220868,-2.451694,-0.03870904,-0.02676722,1.915001,-0.6676794,0.01820274,0.7442262,-0.1212253,0.9836992,-0.1328167,-0.7345124,-0.1788981,-0.6545889,moving,56.8261,21.82097,-1.157996,-0.8008086
05/11/2023 13:09:31.247045,1171,True,True,True,True,Eyes,0.5805588,0.1801786,-1.999593,-0.812044,-0.2154982,-0.5423515,0.0,0.0,0.0,0.0,0.0,0.0,0.0,1.779224,-0.4086711,-1.028669,0.4024611,0.1832846,-2.04823,-0.02753236,0.9110048,-0.0862541,-0.4023336,10.32958,227.7574,1.120698,0.3130839,0.08444504,-0.9459634,0.0,0.0,0.0,-0.862128,-0.230876,-2.463946,-0.04274207,-0.02955642,1.915001,-0.6747389,0.01924161,0.7378052,-0.1195701,0.9836044,-0.1350014,-0.7283062,-0.1793102,-0.6613756,moving,56.26165,21.66993,-1.278607,-0.8842415
05/11/2023 13:09:31.257394,1172,True,True,True,True,Eyes,0.5726486,0.1800471,-2.00242,-0.8064179,-0.2169587,-0.5501083,0.0,0.0,0.0,0.0,0.0,0.0,0.0,1.768818,-0.4138026,-1.054604,0.3948306,0.1812534,-2.05509,-0.02680248,0.9127886,-0.08690869,-0.3981778,10.36993,227.2429,1.18135,0.3095725,0.08462696,-0.9471021,0.0,0.0,0.0,-0.8703087,-0.2346171,-2.476944,-0.04657713,-0.03220871,1.915,-0.6814721,0.02028023,0.7315632,-0.1181402,0.983457,-0.1373142,-0.7222456,-0.1800028,-0.6678027,moving,55.69965,21.52391,-1.393288,-0.9635766
05/11/2023 13:09:31.277366,1173,True,True,True,True,Eyes,0.5647959,0.1798392,-2.005484,-0.8006889,-0.2184849,-0.5578185,0.0,0.0,0.0,0.0,0.0,0.0,0.0,1.758763,-0.4184213,-1.080127,0.387316,0.1791532,-2.062253,-0.02625874,0.9144986,-0.08756536,-0.3941262,10.41958,226.7412,1.223271,0.3060272,0.08478238,-0.9482397,0.0,0.0,0.0,-0.8778853,-0.2404362,-2.489529,-0.05029899,-0.03478183,1.915,-0.6879504,0.02099644,0.7254543,-0.1170508,0.9832856,-0.1394583,-0.7162569,-0.1808553,-0.6739941,moving,55.13611,21.38916,-1.504573,-1.04054
05/11/2023 13:09:31.297364,1174,True,True,True,True,Eyes,0.5569597,0.1795607,-2.008745,-0.7949234,-0.2199056,-0.565454,0.0,0.0,0.0,0.0,0.0,0.0,0.0,1.748322,-0.4236777,-1.106539,0.3798081,0.1772098,-2.070001,-0.02565882,0.9162611,-0.08828291,-0.3898889,10.47396,226.2182,1.271523,0.3024509,0.08490916,-0.9493752,0.0,0.0,0.0,-0.8864387,-0.2449301,-2.500973,-0.05409259,-0.03740572,1.915001,-0.6946566,0.02182068,0.7190105,-0.1158614,0.9830955,-0.1417722,-0.7099496,-0.1817886,-0.6803856,moving,54.57457,21.25111,-1.61799,-1.119017
05/11/2023 13:09:31.317121,1175,True,True,True,True,Eyes,0.5491313,0.1791913,-2.012191,-0.7880119,-0.2219313,-0.5742679,0.0,0.0,0.0,0.0,0.0,0.0,0.0,1.73797,-0.4266862,-1.133416,0.3722917,0.1752308,-2.077962,-0.02457799,0.9180427,-0.0880347,-0.3858023,10.40493,225.7096,1.328344,0.2988445,0.08500592,-0.9505079,0.0,0.0,0.0,-0.8955898,-0.2465572,-2.512039,-0.05797058,-0.04008754,1.915001,-0.7011049,0.0228007,0.7126933,-0.1130553,0.9832916,-0.1426747,-0.7040385,-0.1806037,-0.6868129,moving,53.9171,21.1295,-1.733919,-1.199222
05/11/2023 13:09:31.327297,1176,True,True,True,True,Eyes,0.5413364,0.1787536,-2.015844,-0.7810841,-0.2239103,-0.5828996,0.0,0.0,0.0,0.0,0.0,0.0,0.0,1.727701,-0.4312054,-1.159894,0.3650526,0.1728077,-2.086412,-0.02315785,0.9197569,-0.08813918,-0.3817624,10.35898,225.214,1.438647,0.2952096,0.08507045,-0.9516373,0.0,0.0,0.0,-0.9052944,-0.2443127,-2.52474,-0.06197292,-0.04285467,1.915001,-0.7074426,0.02469727,0.7063394,-0.1098956,0.9833904,-0.1444516,-0.698175,-0.1798148,-0.6929781,moving,53.26713,21.01337,-1.853549,-1.281975
05/11/2023 13:09:31.337173,1177,True,True,True,True,Eyes,0.5335656,0.1782506,-2.0197,-0.7741574,-0.2258635,-0.5913256,0.0,0.0,0.0,0.0,0.0,0.0,0.0,1.717607,-0.4386319,-1.184826,0.3579926,0.1707447,-2.095012,-0.02178451,0.9213102,-0.08903586,-0.3778698,10.40021,224.7453,1.581611,0.291548,0.08510181,-0.9527627,0.0,0.0,0.0,-0.9158078,-0.2349487,-2.539813,-0.06576854,-0.04547957,1.915001,-0.7134795,0.02714735,0.7001498,-0.1074285,0.9831961,-0.1475959,-0.6923915,-0.1805227,-0.6985739,moving,52.62628,20.90492,-1.966985,-1.360468
05/11/2023 13:09:31.357643,1178,True,True,True,True,Eyes,0.5258316,0.1777043,-2.023773,-0.7672187,-0.2277677,-0.599581,0.0,0.0,0.0,0.0,0.0,0.0,0.0,1.707298,-0.4475315,-1.209758,0.3510431,0.1686858,-2.104038,-0.01990377,0.9228379,-0.09001706,-0.3739935,10.42976,224.2847,1.782742,0.2878612,0.08509926,-0.9538833,0.0,0.0,0.0,-0.9262037,-0.2239726,-2.55705,-0.06972498,-0.04821545,1.915001,-0.7194657,0.03059569,0.6938542,-0.1040675,0.9830015,-0.1512545,-0.6866874,-0.18103,-0.7040518,moving,51.99239,20.80069,-2.085212,-1.442275
05/11/2023 13:09:31.377368,1179,True,True,True,True,Eyes,0.518132,0.1771446,-2.028081,-0.7602537,-0.2296501,-0.6076801,0.0,0.0,0.0,0.0,0.0,0.0,0.0,1.696898,-0.4558904,-1.234871,0.3441248,0.167112,-2.113257,-0.018293,0.9243651,-0.09087857,-0.3700755,10.46003,223.8164,1.949018,0.2841511,0.0850632,-0.9549983,0.0,0.0,0.0,-0.9355405,-0.2166607,-2.574354,-0.0734877,-0.05081743,1.915001,-0.7254193,0.03344502,0.6874944,-0.1010827,0.9828129,-0.1544704,-0.6808447,-0.1815495,-0.7095709,moving,51.36422,20.70222,-2.197634,-1.520073
05/11/2023 13:09:31.397212,1180,True,True,True,True,Eyes,0.5104704,0.1765528,-2.03263,-0.7533095,-0.231294,-0.6156523,0.0,0.0,0.0,0.0,0.0,0.0,0.0,1.687837,-0.461301,-1.260116,0.3372416,0.16623,-2.123233,-0.0176838,0.9258341,-0.09132899,-0.3663027,10.49014,223.3549,1.991102,0.2804192,0.08499529,-0.9561068,0.0,0.0,0.0,-0.9447824,-0.2127449,-2.590137,-0.07758659,-0.05365197,1.915001,-0.7310194,0.03416358,0.6815012,-0.09965265,0.9826926,-0.1561557,-0.6750409,-0.1820662,-0.7149628,moving,50.74213,20.59067,-2.32008,-1.604818
05/11/2023 13:09:31.407725,1181,True,True,True,True,Eyes,0.5028337,0.1759268,-2.037376,-0.7462982,-0.232975,-0.6235075,0.0,0.0,0.0,0.0,0.0,0.0,0.0,1.679296,-0.4595451,-1.287252,0.3304337,0.1648358,-2.133512,-0.01641298,0.9274447,-0.08954501,-0.3627105,10.25343,222.8999,2.009987,0.2766672,0.08489618,-0.957208,0.0,0.0,0.0,-0.9536833,-0.2118027,-2.60392,-0.08118093,-0.05613714,1.915001,-0.7363438,0.03451356,0.6757272,-0.09540208,0.9834245,-0.1541898,-0.6698484,-0.1780024,-0.7208459,moving,50.12236,20.48832,-2.427436,-1.679111
05/11/2023 13:09:31.427482,1182,True,True,True,True,Eyes,0.4952529,0.1752872,-2.042363,-0.7392381,-0.2347057,-0.6312212,0.0,0.0,0.0,0.0,0.0,0.0,0.0,1.669097,-0.4682467,-1.312635,0.3243448,0.1633297,-2.143892,-0.01526622,0.9289397,-0.09075059,-0.3586119,10.34372,222.4113,2.139487,0.2728966,0.08476654,-0.9583014,0.0,0.0,0.0,-0.9606439,-0.2145327,-2.620513,-0.08503556,-0.0588028,1.915001,-0.7423291,0.03672569,0.6690285,-0.09345126,0.9830625,-0.1576543,-0.6634868,-0.1795529,-0.726324,moving,49.50663,20.39655,-2.542547,-1.758795
05/11/2023 13:09:31.437248,1183,True,True,True,True,Eyes,0.4877355,0.1746772,-2.04759,-0.7321388,-0.2364351,-0.6388045,0.0,0.0,0.0,0.0,0.0,0.0,0.0,1.656796,-0.4813259,-1.339085,0.3180344,0.1623905,-2.154595,-0.01367264,0.930522,-0.09267522,-0.3540525,10.49527,221.8776,2.341874,0.2691096,0.08460776,-0.9593858,0.0,0.0,0.0,-0.9659327,-0.2163273,-2.641627,-0.08903211,-0.06156665,1.915,-0.7489198,0.0401784,0.6614415,-0.09106915,0.9824488,-0.162791,-0.656373,-0.1821543,-0.7321163,moving,48.89471,20.31059,-2.661876,-1.841407
05/11/2023 13:09:31.457626,1184,True,True,True,True,Eyes,0.4802566,0.1741489,-2.053055,-0.7250215,-0.2381227,-0.6462517,0.0,0.0,0.0,0.0,0.0,0.0,0.0,1.64363,-0.4957996,-1.365776,0.3118157,0.1625277,-2.165418,-0.01148101,0.9321346,-0.09433205,-0.3494207,10.59606,221.3389,2.595915,0.2653092,0.08442315,-0.9604599,0.0,0.0,0.0,-0.9689625,-0.2230534,-2.664641,-0.09298986,-0.06430377,1.914999,-0.755547,0.04451944,0.6535802,-0.0873268,0.9819393,-0.1678369,-0.6492481,-0.1838837,-0.7380136,moving,48.28762,20.2272,-2.780025,-1.923213
05/11/2023 13:09:31.477558,1185,True,True,True,True,Eyes,0.4728038,0.173785,-2.058765,-0.717951,-0.239871,-0.6534587,0.0,0.0,0.0,0.0,0.0,0.0,0.0,1.630222,-0.5106559,-1.392514,0.3051954,0.163968,-2.17657,-0.008597054,0.9337018,-0.09535835,-0.3450128,10.60311,220.8289,2.90096,0.2614963,0.08421819,-0.9615231,0.0,0.0,0.0,-0.9727328,-0.2297083,-2.685374,-0.09670544,-0.06687295,1.915,-0.7617846,0.04974553,0.6459178,-0.08185387,0.9816657,-0.1721403,-0.6426386,-0.1840047,-0.7437459,moving,47.69242,20.15713,-2.89092,-1.99999
05/11/2023 13:09:31.498636,1186,True,True,True,True,Eyes,0.4653719,0.1735318,-2.064711,-0.7109382,-0.2411794,-0.6606053,0.0,0.0,0.0,0.0,0.0,0.0,0.0,1.616978,-0.5301208,-1.417689,0.298481,0.1675359,-2.188225,-0.005054477,0.9350857,-0.09671047,-0.3409346,10.621,220.3703,3.294939,0.2576717,0.08400166,-0.9625739,0.0,0.0,0.0,-0.97856,-0.2308117,-2.703768,-0.1005291,-0.06951732,1.915001,-0.7674761,0.05649116,0.6385838,-0.07539663,0.9812431,-0.1774186,-0.6366285,-0.1843116,-0.7488214,moving,47.1017,20.05656,-3.005017,-2.079008
05/11/2023 13:09:31.507936,1187,True,True,True,True,Eyes,0.4580353,0.1733918,-2.070881,-0.7039157,-0.2426679,-0.6675439,0.0,0.0,0.0,0.0,0.0,0.0,0.0,1.603379,-0.5325081,-1.448661,0.2915032,0.16986,-2.199813,0.0002063073,0.9369242,-0.09302048,-0.3369279,10.0302,219.8806,3.672186,0.2538362,0.08377897,-0.9636118,0.0,0.0,0.0,-0.9820492,-0.2389683,-2.721546,-0.1042849,-0.07211405,1.915001,-0.7729593,0.06306896,0.6313132,-0.06229579,0.9826943,-0.1744453,-0.63139,-0.1741672,-0.7556537,moving,46.51915,19.97739,-3.117067,-2.156594
05/11/2023 13:09:31.527663,1188,True,True,True,True,Eyes,0.4507363,0.1733594,-2.077271,-0.6968277,-0.2441146,-0.6744177,0.0,0.0,0.0,0.0,0.0,0.0,0.0,1.589016,-0.5505937,-1.473306,0.2856604,0.1725417,-2.210742,0.001784242,0.9383309,-0.09538231,-0.3323163,10.24249,219.3526,3.888983,0.2499939,0.08355508,-0.9646353,0.0,0.0,0.0,-0.9881566,-0.2317176,-2.74287,-0.1083125,-0.07489897,1.915002,-0.7791254,0.06674261,0.6233049,-0.06004578,0.9817981,-0.1801862,-0.6239856,-0.1778145,-0.7609362,moving,45.93629,19.89841,-3.2372,-2.239794
05/11/2023 13:09:31.547094,1189,True,True,True,True,Eyes,0.4434977,0.1733689,-2.083831,-0.6896623,-0.245533,-0.6812338,0.0,0.0,0.0,0.0,0.0,0.0,0.0,1.573586,-0.5608637,-1.502263,0.2791761,0.1750984,-2.222371,0.003175409,0.9400422,-0.09578186,-0.3273171,10.25324,218.7548,4.001729,0.2461464,0.08333424,-0.9656433,0.0,0.0,0.0,-0.9924551,-0.226317,-2.765499,-0.1120291,-0.07746913,1.915002,-0.7857068,0.06867212,0.6147755,-0.05673205,0.9816315,-0.1821567,-0.6159921,-0.1779992,-0.7673787,moving,45.35226,19.82038,-3.348032,-2.31657
05/11/2023 13:09:31.557992,1190,True,True,True,True,Eyes,0.4363345,0.1734136,-2.090525,-0.6823767,-0.2473309,-0.6878878,0.0,0.0,0.0,0.0,0.0,0.0,0.0,1.557972,-0.5640193,-1.531796,0.2732666,0.1761037,-2.232959,0.004839707,0.9418579,-0.09469376,-0.3223561,10.09355,218.1487,4.08693,0.2422963,0.08311737,-0.9666351,0.0,0.0,0.0,-0.9954106,-0.2271656,-2.787663,-0.115755,-0.08004601,1.915002,-0.7921262,0.07016686,0.6063106,-0.05193359,0.9820193,-0.1814963,-0.6081439,-0.1752559,-0.7742393,moving,44.76956,19.77611,-3.459117,-2.393539
05/11/2023 13:09:31.577369,1191,True,True,True,True,Eyes,0.4292303,0.1734995,-2.097374,-0.6750417,-0.2493223,-0.6943753,0.0,0.0,0.0,0.0,0.0,0.0,0.0,1.540236,-0.5899141,-1.553421,0.2678141,0.1770937,-2.242846,0.004805464,0.9430756,-0.1002649,-0.3170684,10.72337,217.5641,4.240126,0.2384476,0.08290507,-0.9676099,0.0,0.0,0.0,-1.000746,-0.2113741,-2.812262,-0.1196429,-0.08273393,1.915001,-0.7988893,0.07264548,0.5970753,-0.05451781,0.9798477,-0.1921621,-0.5990025,-0.1860674,-0.7788294,moving,44.19114,19.75118,-3.575003,-2.473815
05/11/2023 13:09:31.587618,1192,True,True,True,True,Eyes,0.422203,0.1736038,-2.104325,-0.6676161,-0.251397,-0.700777,0.0,0.0,0.0,0.0,0.0,0.0,0.0,1.521902,-0.6048002,-1.580018,0.2619405,0.1783155,-2.253445,0.006437585,0.9446278,-0.1020972,-0.3117903,10.88703,216.9549,4.428664,0.2346028,0.08269815,-0.968567,0.0,0.0,0.0,-0.99788,-0.2237647,-2.836553,-0.1236294,-0.08549101,1.915001,-0.805491,0.07582803,0.5877369,-0.05150354,0.9790695,-0.196902,-0.5903659,-0.1888733,-0.7847263,moving,43.6118,19.73496,-3.693798,-2.556147
05/11/2023 13:09:31.607639,1193,True,True,True,True,Eyes,0.4152369,0.1737337,-2.11137,-0.6601049,-0.2537462,-0.7070179,0.0,0.0,0.0,0.0,0.0,0.0,0.0,1.502081,-0.6187361,-1.605777,0.2566024,0.1788739,-2.262688,0.007961021,0.9462131,-0.1039695,-0.306281,11.0624,216.3186,4.602617,0.2307656,0.08249643,-0.9695055,0.0,0.0,0.0,-0.9967194,-0.2280195,-2.86218,-0.1274315,-0.08811994,1.915001,-0.8122573,0.07875343,0.5779588,-0.04862214,0.978254,-0.2016312,-0.5812695,-0.191878,-0.7907647,moving,43.03466,19.74288,-3.807066,-2.634642
05/11/2023 13:09:31.627178,1194,True,True,True,True,Eyes,0.4083497,0.1738992,-2.11851,-0.652492,-0.2560281,-0.7132347,0.0,0.0,0.0,0.0,0.0,0.0,0.0,1.48069,-0.6381806,-1.630555,0.2513228,0.1795777,-2.272227,0.009530743,0.9476926,-0.1071306,-0.3005179,11.3806,215.6692,4.824702,0.2269388,0.08230014,-0.9704252,0.0,0.0,0.0,-0.9960936,-0.2261623,-2.887163,-0.1312643,-0.09077093,1.915001,-0.8191963,0.08245374,0.5675552,-0.04632488,0.9768645,-0.208782,-0.5716393,-0.1973253,-0.796424,moving,42.45337,19.74649,-3.921222,-2.713786
05/11/2023 13:09:31.637410,1195,True,True,True,True,Eyes,0.4015356,0.1740976,-2.125737,-0.6447643,-0.2581628,-0.7194657,0.0,0.0,0.0,0.0,0.0,0.0,0.0,1.45839,-0.6483071,-1.658827,0.2462281,0.1806094,-2.281591,0.01170753,0.9494848,-0.107632,-0.2945459,11.39039,214.9696,5.011628,0.2231255,0.08210992,-0.9713252,0.0,0.0,0.0,-0.9919967,-0.2398144,-2.910062,-0.1351182,-0.09343515,1.915002,-0.8262117,0.08563735,0.5568133,-0.04117284,0.9765566,-0.2112866,-0.5618537,-0.197493,-0.8033166,moving,41.86578,19.73929,-4.035972,-2.793312
05/11/2023 13:09:31.657434,1196,True,True,True,True,Eyes,0.3947953,0.1743328,-2.133052,-0.6365882,-0.2601897,-0.7259867,0.0,0.0,0.0,0.0,0.0,0.0,0.0,1.435093,-0.6530817,-1.689152,0.2410656,0.1815833,-2.290885,0.01368145,0.9514479,-0.1069522,-0.2883075,11.28153,214.2228,5.130968,0.2193285,0.08192625,-0.972205,0.0,0.0,0.0,-0.9906986,-0.2367157,-2.935766,-0.1390781,-0.09617415,1.915002,-0.8333834,0.08770462,0.5456925,-0.03563586,0.976748,-0.2114078,-0.5515456,-0.19563,-0.8108803,moving,41.2462,19.7174,-4.153846,-2.875062
05/11/2023 13:09:31.677532,1197,True,True,True,True,Eyes,0.3881347,0.1745544,-2.140441,-0.628058,-0.2620882,-0.7327025,0.0,0.0,0.0,0.0,0.0,0.0,0.0,1.411538,-0.6474594,-1.722729,0.2356944,0.1826845,-2.300111,0.0150026,0.9536831,-0.1040397,-0.2818498,10.9519,213.418,5.099257,0.2155506,0.08174974,-0.9730644,0.0,0.0,0.0,-0.9865453,-0.2380473,-2.961908,-0.1429998,-0.09888549,1.915001,-0.8406715,0.08726262,0.5344691,-0.03003173,0.9779013,-0.2068989,-0.5407126,-0.1899849,-0.8194731,moving,40.60252,19.68217,-4.270548,-2.955974
05/11/2023 13:09:31.687503,1198,True,True,True,True,Eyes,0.38154,0.1747493,-2.147881,-0.6193718,-0.2638455,-0.739435,0.0,0.0,0.0,0.0,0.0,0.0,0.0,1.387261,-0.6360731,-1.757706,0.2306518,0.1825319,-2.309132,0.01555405,0.9560489,-0.1004324,-0.2750312,10.57258,212.5576,4.959562,0.2117943,0.08157867,-0.9739032,0.0,0.0,0.0,-0.9825258,-0.2398139,-2.987373,-0.1467242,-0.1014611,1.915001,-0.848232,0.08498497,0.5227622,-0.02550323,0.9793428,-0.2005923,-0.5290108,-0.1834809,-0.8285425,moving,39.9505,19.63744,-4.381347,-3.032823
05/11/2023 13:09:31.707561,1199,True,True,True,True,Eyes,0.3750253,0.1749396,-2.155365,-0.6104406,-0.26587,-0.7461069,0.0,0.0,0.0,0.0,0.0,0.0,0.0,1.362755,-0.6320176,-1.788669,0.2255116,0.1820652,-2.317732,0.01507068,0.9580933,-0.09915255,-0.2683261,10.48086,211.7306,4.78871,0.2080619,0.08141104,-0.9747216,0.0,0.0,0.0,-0.9811189,-0.2334053,-3.011737,-0.1506601,-0.1041837,1.915,-0.8555481,0.08208866,0.5111743,-0.0243322,0.9798833,-0.1980825,-0.5171515,-0.1819071,-0.8363399,moving,39.28893,19.61317,-4.498405,-3.114051
05/11/2023 13:09:31.727356,1200,True,True,True,True,Eyes,0.3685769,0.1751094,-2.162882,-0.6013607,-0.2678417,-0.7527456,0.0,0.0,0.0,0.0,0.0,0.0,0.0,1.336355,-0.639136,-1.816361,0.2207133,0.1821916,-2.326285,0.01499347,0.9598743,-0.1002411,-0.2614731,10.63763,210.9172,4.739429,0.2043559,0.08124606,-0.9755189,0.0,0.0,0.0,-0.9774832,-0.2318287,-3.036336,-0.1544985,-0.1068372,1.915001,-0.8628141,0.08120438,0.4989567,-0.02363701,0.9794539,-0.2002785,-0.5049686,-0.184597,-0.8431672,moving,38.621,19.58656,-4.61252,-3.193201
05/11/2023 13:09:31.738025,1201,True,True,True,True,Eyes,0.362237,0.1752698,-2.170418,-0.5920822,-0.2703075,-0.759192,0.0,0.0,0.0,0.0,0.0,0.0,0.0,1.309253,-0.6421571,-1.844758,0.2157301,0.181871,-2.334528,0.01532339,0.9616929,-0.1003248,-0.2546511,10.6704,210.1019,4.702734,0.2006781,0.08108235,-0.9762958,0.0,0.0,0.0,-0.9732454,-0.227506,-3.062667,-0.1583495,-0.1095002,1.915001,-0.8698363,0.08056841,0.4867177,-0.02162284,0.9794003,-0.2007675,-0.4928669,-0.185159,-0.8501757,moving,37.95012,19.59809,-4.726975,-3.272622
05/11/2023 13:09:31.757822,1202,True,True,True,True,Eyes,0.3559523,0.1754235,-2.177973,-0.5826878,-0.2728471,-0.7655255,0.0,0.0,0.0,0.0,0.0,0.0,0.0,1.281538,-0.6633386,-1.865787,0.2111332,0.1820027,-2.342181,0.01421847,0.9629835,-0.1051089,-0.2478159,11.26746,209.3217,4.648442,0.1970321,0.08091923,-0.9770516,0.0,0.0,0.0,-0.9687073,-0.2206596,-3.089737,-0.1622079,-0.1121686,1.915,-0.8767706,0.07947963,0.4742962,-0.02471102,0.9774998,-0.2094835,-0.4802742,-0.1953892,-0.855079,moving,37.27695,19.61699,-4.841617,-3.352195
05/11/2023 13:09:31.777454,1203,True,True,True,True,Eyes,0.3497496,0.175571,-2.185531,-0.5731739,-0.2756921,-0.7716641,0.0,0.0,0.0,0.0,0.0,0.0,0.0,1.255347,-0.6743257,-1.889033,0.2060485,0.1820289,-2.350206,0.0141609,0.9643533,-0.1071073,-0.2415579,11.52159,208.5921,4.627839,0.1934188,0.0807562,-0.9777869,0.0,0.0,0.0,-0.9609216,-0.2245257,-3.116073,-0.1666143,-0.1152157,1.915,-0.8828986,0.07905745,0.4628608,-0.02443301,0.976655,-0.2134199,-0.4689278,-0.1997372,-0.8603557,moving,36.6041,19.66026,-4.972489,-3.443043
05/11/2023 13:09:31.797792,1204,True,True,True,True,Eyes,0.3436055,0.1757127,-2.193091,-0.5635927,-0.2786604,-0.7776321,0.0,0.0,0.0,0.0,0.0,0.0,0.0,1.230831,-0.6885244,-1.908779,0.2013998,0.1821382,-2.357692,0.01426706,0.9654585,-0.1098006,-0.2358611,11.84623,207.9396,4.650102,0.1898403,0.08059297,-0.9785014,0.0,0.0,0.0,-0.9517235,-0.233888,-3.141378,-0.1700826,-0.117614,1.915001,-0.8883323,0.07934391,0.4522952,-0.02424689,0.9754806,-0.218746,-0.4585613,-0.2052858,-0.8646269,moving,35.93291,19.71488,-5.075462,-3.514532
05/11/2023 13:09:31.807395,1205,True,True,True,True,Eyes,0.3375409,0.1758515,-2.200662,-0.5539983,-0.2815547,-0.783462,0.0,0.0,0.0,0.0,0.0,0.0,0.0,1.206125,-0.7039624,-1.927775,0.1965505,0.1821956,-2.365331,0.01441442,0.9664696,-0.1127512,-0.2302519,12.19875,207.3013,4.682131,0.1862973,0.08042922,-0.9791956,0.0,0.0,0.0,-0.9421818,-0.2397526,-3.16773,-0.1739222,-0.1202695,1.915,-0.8935525,0.07978457,0.4418125,-0.02406019,0.9741588,-0.2245792,-0.4483135,-0.2113034,-0.8685424,moving,35.26473,19.76704,-5.189421,-3.593679
05/11/2023 13:09:31.827646,1206,True,True,True,True,Eyes,0.3315279,0.1759814,-2.208233,-0.5443603,-0.2844048,-0.7891678,0.0,0.0,0.0,0.0,0.0,0.0,0.0,1.18216,-0.7081844,-1.949873,0.1918618,0.1823395,-2.372967,0.01496941,0.9677253,-0.1129593,-0.2247752,12.23358,206.6545,4.680918,0.1827914,0.08026484,-0.9798695,0.0,0.0,0.0,-0.9289505,-0.256085,-3.193159,-0.1777784,-0.1229358,1.915,-0.8985042,0.07975345,0.4316594,-0.02180834,0.9740322,-0.2253567,-0.4384231,-0.2118977,-0.8734328,moving,34.59753,19.81844,-5.303833,-3.673135
05/11/2023 13:09:31.837363,1207,True,True,True,True,Eyes,0.3255443,0.1761162,-2.21581,-0.5347098,-0.2870271,-0.794796,0.0,0.0,0.0,0.0,0.0,0.0,0.0,1.157863,-0.7147079,-1.970744,0.1869815,0.182274,-2.380567,0.01541995,0.9688644,-0.1137861,-0.2193555,12.34055,206.0208,4.685501,0.1793229,0.08009947,-0.9805238,0.0,0.0,0.0,-0.9159451,-0.2712892,-3.218133,-0.1816095,-0.1255846,1.915001,-0.9032911,0.07979891,0.4215423,-0.02003954,0.9736299,-0.2272516,-0.4285606,-0.2137218,-0.877872,moving,33.93123,19.85633,-5.417455,-3.75205
05/11/2023 13:09:31.858271,1208,True,True,True,True,Eyes,0.3196135,0.1762467,-2.223403,-0.5249763,-0.2894347,-0.8003921,0.0,0.0,0.0,0.0,0.0,0.0,0.0,1.133018,-0.7149594,-1.994208,0.1821769,0.1824669,-2.388572,0.01620694,0.9701835,-0.1130105,-0.2137992,12.26021,205.3584,4.682395,0.1758909,0.07993343,-0.9811589,0.0,0.0,0.0,-0.9040416,-0.2829886,-3.242056,-0.1854812,-0.1282624,1.915001,-0.9080546,0.07977052,0.4111857,-0.0168757,0.9739319,-0.2262119,-0.4185119,-0.2123518,-0.8830372,moving,33.26083,19.88081,-5.532238,-3.831818
05/11/2023 13:09:31.877271,1209,True,True,True,True,Eyes,0.3137351,0.1763668,-2.23102,-0.5145769,-0.2917292,-0.8062907,0.0,0.0,0.0,0.0,0.0,0.0,0.0,1.106146,-0.7105243,-2.019805,0.1774013,0.1824663,-2.396508,0.01658104,0.9716914,-0.1113659,-0.2076982,12.09534,204.6187,4.603868,0.1724956,0.07976653,-0.9817749,0.0,0.0,0.0,-0.8939008,-0.2932983,-3.264217,-0.1893975,-0.1309708,1.915001,-0.913173,0.07848431,0.3999439,-0.0140377,0.9746454,-0.2233143,-0.4073302,-0.209539,-0.8889181,moving,32.54613,19.89095,-5.648301,-3.912482
05/11/2023 13:09:31.897457,1210,True,True,True,True,Eyes,0.3078982,0.1764631,-2.238662,-0.504024,-0.2938326,-0.8121713,0.0,0.0,0.0,0.0,0.0,0.0,0.0,1.075768,-0.7056825,-2.047107,0.1726537,0.1823096,-2.404759,0.01684887,0.9733226,-0.1097014,-0.2008109,11.93389,203.786,4.505515,0.1691375,0.07959834,-0.9823727,0.0,0.0,0.0,-0.8862047,-0.2958561,-3.286572,-0.1935251,-0.1338248,1.914999,-0.9187821,0.07685722,0.3872107,-0.0112597,0.9753634,-0.2203166,-0.3946041,-0.2067828,-0.8952811,moving,31.82325,19.88944,-5.770578,-3.997471
05/11/2023 13:09:31.907628,1211,True,True,True,True,Eyes,0.3021249,0.1765296,-2.246332,-0.4929468,-0.2958789,-0.8182049,0.0,0.0,0.0,0.0,0.0,0.0,0.0,1.042196,-0.7006584,-2.075182,0.1676741,0.1818046,-2.412945,0.01719669,0.9750045,-0.1080805,-0.1933631,11.77726,202.8901,4.413342,0.1658159,0.07942785,-0.9829525,0.0,0.0,0.0,-0.87867,-0.2971778,-3.308605,-0.1971713,-0.136346,1.915,-0.9246303,0.07533128,0.3733425,-0.008263875,0.9760458,-0.2174084,-0.3807771,-0.2041076,-0.9018589,moving,31.06785,19.88098,-5.878546,-4.072526
05/11/2023 13:09:31.927457,1212,True,True,True,True,Eyes,0.2963852,0.1765533,-2.25403,-0.4817063,-0.2978975,-0.8241457,0.0,0.0,0.0,0.0,0.0,0.0,0.0,1.008096,-0.6985173,-2.10168,0.1627346,0.1813267,-2.421132,0.01702638,0.9765592,-0.1072634,-0.1858415,11.72238,201.9892,4.28284,0.1625313,0.07925393,-0.983515,0.0,0.0,0.0,-0.8711063,-0.2972938,-3.331354,-0.2010655,-0.1390386,1.915001,-0.9303461,0.07312251,0.3593177,-0.006613465,0.9764093,-0.2158265,-0.366623,-0.2031697,-0.9079151,moving,30.30593,19.87301,-5.99381,-4.152672
05/11/2023 13:09:31.937837,1213,True,True,True,True,Eyes,0.2907138,0.1765472,-2.261777,-0.4701071,-0.3000784,-0.8300316,0.0,0.0,0.0,0.0,0.0,0.0,0.0,0.9741004,-0.7003462,-2.12616,0.1576508,0.1803201,-2.429514,0.01606577,0.9779272,-0.1076384,-0.1783659,11.81743,201.0968,4.090508,0.1592833,0.079075,-0.9840606,0.0,0.0,0.0,-0.863289,-0.2985735,-3.353391,-0.2048235,-0.1416376,1.915001,-0.9358552,0.06982033,0.3453991,-0.006975711,0.9763118,-0.2162561,-0.3523163,-0.2047938,-0.9131994,moving,29.52602,19.87627,-6.104998,-4.230018
05/11/2023 13:09:31.957160,1214,True,True,True,True,Eyes,0.2850687,0.1765063,-2.269555,-0.4584237,-0.3022268,-0.8357671,0.0,0.0,0.0,0.0,0.0,0.0,0.0,0.9421415,-0.7024886,-2.149079,0.1524073,0.1795988,-2.438068,0.01561752,0.9791225,-0.1078838,-0.1715712,11.88242,200.2904,3.961303,0.1560725,0.07889014,-0.9845898,0.0,0.0,0.0,-0.8555043,-0.3017606,-3.374536,-0.2085369,-0.1442052,1.915001,-0.9406391,0.06760242,0.3326086,-0.006436588,0.9762343,-0.2166219,-0.3393481,-0.2059039,-0.917849,moving,28.74506,19.8808,-6.21482,-4.306415
05/11/2023 13:09:31.977527,1215,True,True,True,True,Eyes,0.1446831,0.1747575,-2.464986,-0.1364659,-0.3420658,-0.929714,0.0,0.0,0.0,0.0,0.0,0.0,0.0,0.9088079,-0.7069036,-2.171139,0.1472574,0.1787348,-2.4466,0.01610177,0.9802254,-0.108434,-0.1647455,11.96266,199.4944,3.944413,0.1528978,0.07869841,-0.9851031,0.0,0.0,0.0,-0.8485761,-0.3004326,-3.396678,-0.2124141,-0.1468867,1.915001,-0.9451994,0.06729475,0.3194834,-0.004161295,0.9759656,-0.2178849,-0.3264673,-0.2072741,-0.9222022,moving,8.350395,20.19987,-6.329441,-4.386182
05/11/2023 13:09:31.997067,1216,True,True,True,True,Eyes,0.1444603,0.1747242,-2.465339,-0.1359841,-0.3420473,-0.9297913,0.0,0.0,0.0,0.0,0.0,0.0,0.0,0.8754408,-0.7138111,-2.191903,0.1418938,0.1780498,-2.455306,0.01626294,0.9812072,-0.1095599,-0.1580015,12.11432,198.7096,3.902071,0.1404655,0.07763703,-0.9870366,-0.4211568,-0.005246624,-0.5862937,-0.8397615,-0.3057579,-3.417685,-0.2163379,-0.1496001,1.915,-0.9495422,0.0665359,0.3065008,-0.002706625,0.9754643,-0.2201412,-0.3136279,-0.2098629,-0.9260643,moving,8.320647,20.19732,-6.445388,-4.466882
05/11/2023 13:09:32.007739,1217,True,True,True,True,Eyes,0.1440683,0.1746321,-2.466041,-0.1350202,-0.3420507,-0.9299306,0.0,0.0,0.0,0.0,0.0,0.0,0.0,0.8440635,-0.7137158,-2.213633,0.1361989,0.17721,-2.464153,0.01644218,0.9822271,-0.1092083,-0.1517668,12.09562,197.9737,3.83792,0.1300409,0.07674343,-0.9885338,-0.3958874,-0.004931827,-0.551116,-0.8308009,-0.31138,-3.438893,-0.2201296,-0.1522227,1.914999,-0.9533929,0.06544827,0.2945476,-0.0008484656,0.9756064,-0.2195253,-0.3017301,-0.2095438,-0.9300807,moving,8.261264,20.19473,-6.557384,-4.544868
05/11/2023 13:09:32.027363,1218,True,True,True,True,Eyes,0.1434673,0.1744882,-2.467072,-0.1336711,-0.3421072,-0.9301046,0.0,0.0,0.0,0.0,0.0,0.0,0.0,0.81507,-0.7118825,-2.234337,0.1304803,0.1758274,-2.472941,0.01660516,0.9831463,-0.1086232,-0.1461125,12.04809,197.3051,3.775277,0.1212826,0.07598806,-0.9897048,-0.3721341,-0.004635917,-0.5180491,-0.8224271,-0.3169066,-3.459252,-0.2242047,-0.1550403,1.914999,-0.9567508,0.06439301,0.2836925,0.0009081746,0.9758505,-0.2184374,-0.2909073,-0.2087325,-0.9337043,moving,8.17833,20.19432,-6.677688,-4.628632
05/11/2023 13:09:32.047077,1219,True,True,True,True,Eyes,0.1426813,0.1743028,-2.468434,-0.1318411,-0.3421844,-0.9303374,0.0,0.0,0.0,0.0,0.0,0.0,0.0,0.7858489,-0.7157031,-2.253035,0.1247493,0.1744527,-2.481927,0.0170291,0.9838834,-0.1091921,-0.140572,12.12687,196.6623,3.765526,0.1139016,0.07534553,-0.9906305,-0.3498061,-0.004357763,-0.4869661,-0.8143514,-0.3230549,-3.479008,-0.22789,-0.1575883,1.915,-0.959899,0.064208,0.2728941,0.002810566,0.9755742,-0.2196523,-0.2803319,-0.210077,-0.9366332,moving,8.065859,20.19386,-6.786433,-4.704358
05/11/2023 13:09:32.057650,1220,True,True,True,True,Eyes,0.141686,0.1740717,-2.47011,-0.1296174,-0.3422325,-0.9306322,0.0,0.0,0.0,0.0,0.0,0.0,0.0,0.7543766,-0.7142507,-2.273923,0.1189866,0.1733162,-2.491138,0.01799034,0.9847695,-0.1084947,-0.1346636,12.05433,195.9738,3.790645,0.1076563,0.07479434,-0.9913704,-0.3288177,-0.004096297,-0.4577481,-0.8061132,-0.3296409,-3.498736,-0.2317656,-0.1602686,1.915001,-0.9630842,0.06465324,0.2613215,0.006212112,0.9758105,-0.2185297,-0.2691289,-0.2088392,-0.9401892,moving,7.929085,20.19059,-6.900738,-4.784001
05/11/2023 13:09:32.077613,1221,True,True,True,True,Eyes,0.1405058,0.173793,-2.472097,-0.1268744,-0.3423775,-0.9309568,0.0,0.0,0.0,0.0,0.0,0.0,0.0,0.7209489,-0.7130001,-2.294837,0.1128453,0.1719825,-2.500419,0.01876479,0.9856449,-0.1079411,-0.1284563,12.00296,195.2497,3.793972,0.1023438,0.07431594,-0.9919688,-0.3090886,-0.003850519,-0.4302832,-0.7969956,-0.3364155,-3.519413,-0.2358755,-0.1631103,1.915001,-0.9662941,0.06472228,0.2491736,0.009259413,0.9759932,-0.2176042,-0.2572755,-0.2079623,-0.9436957,moving,7.760681,20.19198,-7.021895,-4.868418
05/11/2023 13:09:32.097288,1222,True,True,True,True,Eyes,0.1391222,0.1734751,-2.474386,-0.1237576,-0.3424903,-0.9313348,0.0,0.0,0.0,0.0,0.0,0.0,0.0,0.6871856,-0.7123711,-2.315162,0.1066155,0.1706011,-2.509821,0.01916032,0.9864678,-0.1076126,-0.1222039,11.98349,194.5182,3.757372,0.09777831,0.07389296,-0.9924609,-0.2905433,-0.003619488,-0.4044662,-0.7893185,-0.3389224,-3.540258,-0.2394811,-0.1656037,1.915,-0.9693983,0.06410343,0.2369766,0.01150071,0.9761049,-0.2169957,-0.2452242,-0.2076298,-0.9469716,moving,7.56923,20.19056,-7.128141,-4.942478
05/11/2023 13:09:32.107431,1223,True,True,True,True,Eyes,0.1375386,0.1731416,-2.476973,-0.1200664,-0.3427313,-0.9317292,0.0,0.0,0.0,0.0,0.0,0.0,0.0,0.6522391,-0.7106723,-2.335756,0.1002192,0.1693318,-2.519427,0.01972379,0.9872898,-0.1070235,-0.1158269,11.93239,193.773,3.735251,0.09360701,0.07349214,-0.9928928,-0.2731107,-0.003402319,-0.3801983,-0.7812284,-0.3430993,-3.561102,-0.2434454,-0.1683453,1.915,-0.9723902,0.06373859,0.2244876,0.0141538,0.9763139,-0.2158955,-0.2329312,-0.2067573,-0.9502602,moving,7.342898,20.19576,-7.244894,-5.023886
05/11/2023 13:09:32.127091,1224,True,True,True,True,Eyes,0.1357542,0.1727836,-2.479851,-0.1159648,-0.3429138,-0.9321815,0.0,0.0,0.0,0.0,0.0,0.0,0.0,0.6151066,-0.7137467,-2.355114,0.09380111,0.1686256,-2.529254,0.02019543,0.9880124,-0.1073362,-0.1090983,11.98716,192.9922,3.711853,0.08978247,0.07311014,-0.9932742,-0.2567241,-0.00319818,-0.3573864,-0.7731352,-0.3497957,-3.580678,-0.2472838,-0.1709997,1.915,-0.9753793,0.06332707,0.2112456,0.01648627,0.9761422,-0.2165056,-0.2199163,-0.2076925,-0.953153,moving,7.091252,20.19663,-7.357882,-5.102685
05/11/2023 13:09:32.137724,1225,True,True,True,True,Eyes,0.1338066,0.1723961,-2.483004,-0.111361,-0.3431177,-0.9326676,0.0,0.0,0.0,0.0,0.0,0.0,0.0,0.5748678,-0.7103189,-2.376615,0.08705005,0.1676612,-2.539219,0.02055273,0.9888853,-0.1063954,-0.1018018,11.90216,192.136,3.651072,0.08626174,0.07274354,-0.993613,-0.2413206,-0.003006289,-0.3359432,-0.7652074,-0.3563812,-3.600281,-0.2511352,-0.1736628,1.915,-0.9784281,0.06231106,0.1969672,0.01898609,0.9765152,-0.2146103,-0.205714,-0.2062411,-0.9566331,moving,6.80891,20.19799,-7.471196,-5.181723
05/11/2023 13:09:32.157751,1226,True,True,True,True,Eyes,0.1316618,0.172017,-2.486436,-0.1063804,-0.3434277,-0.9331349,0.0,0.0,0.0,0.0,0.0,0.0,0.0,0.5364814,-0.707421,-2.396405,0.08023697,0.1666089,-2.548885,0.01958096,0.9896691,-0.1057873,-0.09476601,11.86917,191.2976,3.445106,0.08300754,0.07238906,-0.993916,-0.2268414,-0.002825911,-0.3157866,-0.7568958,-0.3623805,-3.620152,-0.2549891,-0.1763274,1.915002,-0.9812719,0.05880743,0.1834311,0.01870725,0.9768512,-0.2131002,-0.1917168,-0.2056777,-0.9596568,moving,6.503828,20.20546,-7.584518,-5.260783
05/11/2023 13:09:32.177535,1227,True,True,True,True,Eyes,0.129365,0.1716293,-2.490137,-0.1008955,-0.343601,-0.9336801,0.0,0.0,0.0,0.0,0.0,0.0,0.0,0.4971508,-0.7152039,-2.413207,0.0732156,0.1664353,-2.559136,0.01872898,0.9901885,-0.107133,-0.08774293,12.05655,190.4739,3.276319,0.07998511,0.07204527,-0.9941888,-0.2132309,-0.002656357,-0.2968394,-0.7483729,-0.3671944,-3.640862,-0.2588843,-0.1790214,1.915001,-0.9839011,0.05589077,0.1697511,0.01829011,0.9763435,-0.2154504,-0.177777,-0.208877,-0.9616476,moving,6.167572,20.20398,-7.699001,-5.340702
05/11/2023 13:09:32.197691,1228,True,True,True,True,Eyes,0.1268896,0.1712249,-2.494075,-0.09502639,-0.3438402,-0.9342076,0.0,0.0,0.0,0.0,0.0,0.0,0.0,0.4570911,-0.7029619,-2.435131,0.06625534,0.1658728,-2.56925,0.01874018,0.9910816,-0.1044068,-0.08065578,11.76677,189.631,3.161293,0.0771651,0.07171018,-0.9944359,-0.200437,-0.002496975,-0.279029,-0.7415159,-0.3637918,-3.663465,-0.2627523,-0.1816961,1.915001,-0.9862871,0.05398812,0.1559597,0.02030407,0.977496,-0.2099744,-0.1637861,-0.2039283,-0.9651878,moving,5.808076,20.20642,-7.812622,-5.420022
05/11/2023 13:09:32.207376,1229,True,True,True,True,Eyes,0.124256,0.1708239,-2.498249,-0.08856494,-0.3441789,-0.9347177,0.0,0.0,0.0,0.0,0.0,0.0,0.0,0.4143857,-0.7072675,-2.451524,0.05933867,0.1650511,-2.578983,0.01785186,0.9916015,-0.1051993,-0.07308165,11.88935,188.74,2.974609,0.07451997,0.07138176,-0.9946612,-0.1884108,-0.002347157,-0.2622873,-0.7310387,-0.3715938,-3.684144,-0.2666756,-0.184409,1.915002,-0.9886805,0.05078014,0.1411797,0.02002759,0.9772288,-0.2112408,-0.1486917,-0.2060222,-0.9671842,moving,5.412643,20.21456,-7.927801,-5.500453
05/11/2023 13:09:32.227164,1230,True,True,True,True,Eyes,0.1214501,0.170481,-2.502664,-0.08173647,-0.3445615,-0.9351987,0.0,0.0,0.0,0.0,0.0,0.0,0.0,0.3677188,-0.7129228,-2.467614,0.05240103,0.1647784,-2.588957,0.01741499,0.9920835,-0.1060973,-0.0648872,12.0201,187.7824,2.83192,0.0720259,0.07105902,-0.994868,-0.1771062,-0.002206327,-0.2465501,-0.7191638,-0.3811971,-3.705161,-0.270671,-0.187172,1.915001,-0.9909728,0.04832295,0.1250517,0.02078552,0.9768801,-0.2127748,-0.1324424,-0.2082548,-0.9690661,moving,4.994965,20.22565,-8.045038,-5.582354
05/11/2023 13:09:32.247234,1231,True,True,True,True,Eyes,0.1184875,0.1702506,-2.507324,-0.07446939,-0.3450573,-0.9356227,0.0,0.0,0.0,0.0,0.0,0.0,0.0,0.3201054,-0.7179089,-2.483533,0.04530341,0.1658302,-2.599278,0.01765371,0.9925321,-0.1065365,-0.05673064,12.09181,186.8353,2.762782,0.06966089,0.0707432,-0.995059,-0.1664798,-0.002073948,-0.231757,-0.7076436,-0.3881125,-3.726182,-0.274349,-0.1897153,1.915,-0.9929399,0.04713153,0.1088524,0.02295599,0.9766766,-0.2134849,-0.1163755,-0.2094788,-0.9708631,moving,4.550772,20.24396,-8.152898,-5.65772
05/11/2023 13:09:32.257783,1232,True,True,True,True,Eyes,0.1153737,0.1701469,-2.512236,-0.06687532,-0.3454332,-0.9360574,0.0,0.0,0.0,0.0,0.0,0.0,0.0,0.2710539,-0.7248039,-2.498591,0.03836887,0.1683127,-2.609974,0.01780804,0.9929148,-0.1070825,-0.04833864,12.17662,185.8603,2.680608,0.06740591,0.07043754,-0.9952359,-0.156491,-0.001949511,-0.2178516,-0.6977513,-0.3911192,-3.747442,-0.2782379,-0.1924046,1.915,-0.9946927,0.04571618,0.09217843,0.02501128,0.9764324,-0.2143693,-0.09980615,-0.210926,-0.9723937,moving,4.086474,20.25557,-8.266881,-5.737388
05/11/2023 13:09:32.277500,1233,True,True,True,True,Eyes,0.1121103,0.1701375,-2.517373,-0.05886611,-0.3456728,-0.9365069,0.0,0.0,0.0,0.0,0.0,0.0,0.0,0.2215221,-0.7204147,-2.516428,0.03147289,0.1712236,-2.6211,0.01898463,0.9934565,-0.1052636,-0.04004513,11.98344,184.9004,2.704192,0.06524424,0.0701455,-0.9954006,-0.1471016,-0.00183254,-0.2047805,-0.6893911,-0.3928258,-3.767789,-0.2821711,-0.1951246,1.915,-0.9960722,0.04615138,0.07556941,0.02929021,0.9771183,-0.21067,-0.08356296,-0.207629,-0.9746323,moving,3.596714,20.25954,-8.382096,-5.817947
05/11/2023 13:09:32.297378,1234,True,True,True,True,Eyes,0.1087257,0.170216,-2.522711,-0.05047538,-0.3460042,-0.9368742,0.0,0.0,0.0,0.0,0.0,0.0,0.0,0.1706363,-0.7072833,-2.535237,0.02475619,0.1734087,-2.63175,0.02025528,0.9940842,-0.1019469,-0.03151851,11.61947,183.9101,2.732573,0.06315999,0.06986885,-0.9955545,-0.1382755,-0.001722588,-0.1924937,-0.6842713,-0.3760127,-3.792915,-0.2859396,-0.1977304,1.915,-0.9971927,0.04669732,0.05853416,0.03384446,0.978393,-0.2039645,-0.06679401,-0.2014108,-0.9772269,moving,3.083907,20.27008,-8.492416,-5.895097
05/11/2023 13:09:32.307818,1235,True,True,True,True,Eyes,0.105254,0.1703472,-2.528253,-0.04159892,-0.3463695,-0.9371754,0.0,0.0,0.0,0.0,0.0,0.0,0.0,0.1148256,-0.7147801,-2.547133,0.01829937,0.1756132,-2.642121,0.02122076,0.9942338,-0.1027571,-0.02213507,11.73525,182.8321,2.736559,0.06114113,0.06960906,-0.9956986,-0.1299789,-0.001619232,-0.1809441,-0.6713684,-0.3841402,-3.812508,-0.2898974,-0.2004676,1.915,-0.9981198,0.04674586,0.0396537,0.03764772,0.9779813,-0.2052687,-0.04837604,-0.2033898,-0.9779023,moving,2.541551,20.28375,-8.608215,-5.976118
05/11/2023 13:09:32.327525,1236,True,True,True,True,Eyes,0.1016902,0.1705476,-2.533949,-0.03242195,-0.3470889,-0.9372716,0.0,0.0,0.0,0.0,0.0,0.0,0.0,0.06258138,-0.7080091,-2.561857,0.01205057,0.1770123,-2.6527,0.02180863,0.9945617,-0.1009638,-0.01333902,11.55144,181.8095,2.695389,0.05917821,0.06936609,-0.9958342,-0.1221802,-0.001522079,-0.1700874,-0.6581258,-0.3853404,-3.835488,-0.2937469,-0.2031294,1.915,-0.9986931,0.04607356,0.0221292,0.04068653,0.9786614,-0.2014113,-0.03093673,-0.2002476,-0.9792569,moving,1.981177,20.32052,-8.720777,-6.054881
05/11/2023 13:09:32.337720,1237,True,True,True,True,Eyes,0.09798774,0.1708294,-2.539823,-0.02251295,-0.3481479,-0.9371693,0.0,0.0,0.0,0.0,0.0,0.0,0.0,0.009768538,-0.7341511,-2.565313,0.006127011,0.1789441,-2.6623,0.02227598,0.9941574,-0.1055183,-0.004583419,12.09888,180.8095,2.653002,0.05726214,0.06914058,-0.995962,-0.1148494,-0.001430754,-0.1598822,-0.6450014,-0.3823987,-3.858658,-0.297483,-0.2057128,1.915,-0.9989658,0.04525892,0.004412229,0.04332438,0.9767393,-0.2100079,-0.01381433,-0.2095995,-0.97769,moving,1.376111,20.37947,-8.829956,-6.131304
05/11/2023 13:09:32.357687,1238,True,True,True,True,Eyes,0.0942286,0.171165,-2.545845,-0.0123579,-0.3491587,-0.9369821,0.0,0.0,0.0,0.0,0.0,0.0,0.0,-0.04236589,-0.7458698,-2.572468,0.0005657263,0.1811086,-2.672621,0.02292138,0.9939641,-0.107207,0.004084747,12.31623,179.812,2.621795,0.0553837,0.06893358,-0.9960825,-0.1079584,-0.001344909,-0.1502893,-0.6270916,-0.4053748,-3.874232,-0.3014434,-0.2084517,1.915,-0.9989159,0.04469021,-0.01303485,0.04644188,0.9759626,-0.2129326,0.003205518,-0.2133071,-0.97698,moving,0.7556328,20.4375,-8.945621,-6.212302
05/11/2023 13:09:32.377533,1239,True,True,True,True,Eyes,0.09040533,0.1715549,-2.55201,-0.001677458,-0.3505108,-0.9365572,0.0,0.0,0.0,0.0,0.0,0.0,0.0,-0.09252091,-0.7461513,-2.581327,-0.004696187,0.1827225,-2.682376,0.02304457,0.9939329,-0.1068166,0.01251712,12.29317,178.8295,2.530299,0.05353651,0.06874488,-0.9961965,-0.1014809,-0.001264214,-0.1412719,-0.6118723,-0.4131806,-3.894036,-0.3052393,-0.2110758,1.915001,-0.9986247,0.04313543,-0.02980543,0.04848358,0.9761184,-0.2117601,0.01995927,-0.2129139,-0.9768672,moving,0.1026218,20.51859,-9.056406,-6.289883
05/11/2023 13:09:32.387485,1240,True,True,True,True,Eyes,0.08655929,0.1719889,-2.558336,0.009180773,-0.3516231,-0.9360965,0.0,0.0,0.0,0.0,0.0,0.0,0.0,-0.143475,-0.7568001,-2.586156,-0.00964123,0.1844093,-2.692105,0.02373524,0.9935989,-0.1084374,0.02096093,12.50247,177.8571,2.502097,0.05171608,0.06857446,-0.9963043,-0.09539206,-0.001188361,-0.1327956,-0.5950821,-0.4220004,-3.912545,-0.3090832,-0.2137341,1.915002,-0.9979949,0.04262072,-0.04680109,0.05171252,0.9753559,-0.2144917,0.03650593,-0.2164817,-0.9756043,moving,-0.5619107,20.58753,-9.168527,-6.368448
05/11/2023 13:09:32.407580,1241,True,True,True,True,Eyes,0.08268979,0.1724491,-2.56479,0.02037956,-0.3527288,-0.9355037,0.0,0.0,0.0,0.0,0.0,0.0,0.0,-0.1928808,-0.7427854,-2.597886,-0.01416222,0.1858614,-2.702443,0.02487105,0.9936932,-0.1053823,0.0291482,12.17424,176.9103,2.537934,0.04991911,0.06842175,-0.9964065,-0.08966853,-0.001117059,-0.1248279,-0.577033,-0.4354536,-3.929784,-0.3128808,-0.2163606,1.915,-0.9970636,0.04328498,-0.06317068,0.0555718,0.9765519,-0.2079856,0.0526868,-0.2108853,-0.97609,moving,-1.247967,20.6588,-9.279238,-6.446058
05/11/2023 13:09:32.427539,1242,True,True,True,True,Eyes,0.07882907,0.1729232,-2.571375,0.03174569,-0.3537032,-0.9348189,0.0,0.0,0.0,0.0,0.0,0.0,0.0,-0.2422718,-0.7345974,-2.606218,-0.01831,0.1869009,-2.71209,0.02563626,0.9935873,-0.1035789,0.03739944,11.99035,175.9546,2.53098,0.04814319,0.06828567,-0.9965032,-0.08428843,-0.001050036,-0.1173382,-0.5589415,-0.4386693,-3.950062,-0.3168194,-0.219084,1.915001,-0.9958884,0.04319613,-0.07962998,0.05869131,0.9772284,-0.2039118,0.06900847,-0.2077469,-0.9757455,moving,-1.944971,20.72491,-9.393975,-6.5265
05/11/2023 13:09:32.447566,1243,True,True,True,True,Eyes,0.07500926,0.1734135,-2.578078,0.04342923,-0.3546359,-0.9339954,0.0,0.0,0.0,0.0,0.0,0.0,0.0,-0.2901582,-0.7282044,-2.613467,-0.02208773,0.1876794,-2.721942,0.02569904,0.9933962,-0.102144,0.04550032,11.84574,175.0088,2.445682,0.04638682,0.06816469,-0.9965947,-0.07923112,-0.0009870338,-0.1102979,-0.5400511,-0.437719,-3.971807,-0.3206121,-0.2217067,1.915002,-0.9945389,0.0417635,-0.0956497,0.06035382,0.9778123,-0.2006002,0.08514968,-0.2052775,-0.974993,moving,-2.662241,20.79165,-9.504389,-6.60394
05/11/2023 13:09:32.457553,1244,True,True,True,True,Eyes,-0.01934269,0.1861154,-2.748639,0.3360889,-0.3606199,-0.8700561,0.0,0.0,0.0,0.0,0.0,0.0,0.0,-0.336891,-0.7206804,-2.620162,-0.02538886,0.1885615,-2.731652,0.02613098,0.9931595,-0.1005165,0.05336732,11.68008,174.0949,2.409797,0.04465044,0.06805762,-0.9966814,-0.07447726,-0.0009278118,-0.10368,-0.5201979,-0.4289218,-3.996427,-0.324542,-0.2244239,1.915002,-0.9929382,0.04117585,-0.1112577,0.06263304,0.9784272,-0.1968687,0.1007513,-0.2024469,-0.9740968,moving,-21.12076,22.51298,-9.61872,-6.684148
05/11/2023 13:09:32.477399,1245,True,True,True,True,Eyes,-0.0194456,0.1861493,-2.749026,0.3367598,-0.3606461,-0.8697857,0.0,0.0,0.0,0.0,0.0,0.0,0.0,-0.3849463,-0.7157199,-2.625266,-0.02818175,0.1894868,-2.741488,0.02716428,0.9927753,-0.09943695,0.06141472,11.5822,173.1678,2.440936,0.0375518,0.06799846,-0.9969782,-0.3530645,0.0372336,-0.609141,-0.4980628,-0.4191363,-4.02191,-0.3283894,-0.2270848,1.915002,-0.9909809,0.04172227,-0.1273443,0.06614984,0.9787488,-0.1941005,0.1165398,-0.2007737,-0.9726812,moving,-21.16519,22.52075,-9.730583,-6.762669
05/11/2023 13:09:32.487221,1246,True,True,True,True,Eyes,-0.01961978,0.1861965,-2.749781,0.3380052,-0.36065,-0.869301,0.0,0.0,0.0,0.0,0.0,0.0,0.0,-0.4332169,-0.7081315,-2.630159,-0.03065893,0.1903036,-2.75131,0.0272148,0.9923862,-0.09783752,0.06969143,11.41877,172.2019,2.360892,0.03168155,0.06794744,-0.9971855,-0.3318806,0.03499958,-0.5725926,-0.475039,-0.4186488,-4.043628,-0.3321911,-0.2297138,1.915001,-0.9888049,0.04037831,-0.1436469,0.06765205,0.9793743,-0.1903919,0.1329964,-0.1979785,-0.9711418,moving,-21.24728,22.53227,-9.841043,-6.840227
05/11/2023 13:09:32.507540,1247,True,True,True,True,Eyes,-0.01986127,0.1862345,-2.750884,0.3398014,-0.3607578,-0.8685555,0.0,0.0,0.0,0.0,0.0,0.0,0.0,-0.4799943,-0.7083439,-2.632223,-0.03266455,0.190647,-2.761037,0.02655855,0.9918093,-0.09772791,0.07783601,11.4194,171.2444,2.190678,0.02682205,0.06790356,-0.9973311,-0.3119678,0.03289961,-0.538237,-0.450886,-0.426186,-4.062073,-0.3360208,-0.2323621,1.915001,-0.9864727,0.03746853,-0.159588,0.06789554,0.9794878,-0.1897205,0.149206,-0.1979893,-0.9687819,moving,-21.36672,22.55574,-9.952244,-6.918327
05/11/2023 13:09:32.527313,1248,True,True,True,True,Eyes,-0.02013686,0.1862812,-2.75231,0.3420653,-0.361083,-0.8675312,0.0,0.0,0.0,0.0,0.0,0.0,0.0,-0.5253546,-0.7087556,-2.633507,-0.0343345,0.1904594,-2.770602,0.02609261,0.9911681,-0.09776308,0.08571635,11.43595,170.3194,2.044332,0.02279193,0.06786487,-0.997434,-0.2932497,0.03092563,-0.5059428,-0.4271923,-0.4304492,-4.080931,-0.3401015,-0.2351839,1.915001,-0.9839438,0.03496454,-0.1750204,0.06848412,0.9795231,-0.1893262,0.1648168,-0.1982724,-0.9661903,moving,-21.51919,22.59801,-10.07065,-7.001513
05/11/2023 13:09:32.537788,1249,True,True,True,True,Eyes,-0.0204377,0.1863317,-2.754052,0.3447975,-0.3616594,-0.8662086,0.0,0.0,0.0,0.0,0.0,0.0,0.0,-0.5710363,-0.7244697,-2.62959,-0.03553286,0.1907545,-2.779932,0.02652855,0.990159,-0.1006659,0.09353025,11.78927,169.4115,1.973121,0.01944206,0.06783026,-0.9975073,-0.2756547,0.02907009,-0.4755862,-0.4012641,-0.4519016,-4.092926,-0.3438221,-0.2377564,1.915002,-0.9810969,0.03370436,-0.1905607,0.07136557,0.9783252,-0.194388,0.1798786,-0.2043128,-0.9622371,moving,-21.70521,22.66151,-10.17852,-7.077324
05/11/2023 13:09:32.557732,1250,True,True,True,True,Eyes,-0.02075106,0.1863803,-2.756083,0.3479519,-0.3624567,-0.8646124,0.0,0.0,0.0,0.0,0.0,0.0,0.0,-0.6187161,-0.7341844,-2.626236,-0.03652618,0.1909581,-2.789471,0.02726802,0.9891458,-0.1025161,0.1016753,12.02577,168.4665,1.939261,0.01664919,0.06779844,-0.9975599,-0.2591154,0.02732589,-0.447051,-0.3791012,-0.4627725,-4.107406,-0.3476877,-0.2404299,1.915001,-0.9778375,0.03309739,-0.2067343,0.0747908,0.9774938,-0.1972617,0.1955526,-0.2083516,-0.9583055,moving,-21.92167,22.74406,-10.29053,-7.156088
05/11/2023 13:09:32.577363,1251,True,True,True,True,Eyes,-0.0210996,0.1864229,-2.758404,0.351418,-0.3636151,-0.8627221,0.0,0.0,0.0,0.0,0.0,0.0,0.0,-0.6637416,-0.7515262,-2.620038,-0.03723872,0.1910024,-2.798584,0.02756693,0.9879667,-0.1057654,0.109434,12.41663,167.5585,1.837901,0.01423353,0.06776728,-0.9975994,-0.2435685,0.02568633,-0.4202279,-0.3585423,-0.4760303,-4.119285,-0.3515673,-0.2431122,1.915002,-0.9745287,0.03132176,-0.2220655,0.07761907,0.9761075,-0.2029518,0.210403,-0.2150189,-0.953676,moving,-22.16285,22.85417,-10.40286,-7.235079
05/11/2023 13:09:32.587253,1252,True,True,True,True,Eyes,-0.02143238,0.1864382,-2.760998,0.3551502,-0.3648933,-0.8606516,0.0,0.0,0.0,0.0,0.0,0.0,0.0,-0.7049999,-0.7738245,-2.612725,-0.03789715,0.1909579,-2.807892,0.02777794,0.9867017,-0.1099048,0.1164871,12.90634,166.7283,1.717368,0.01204728,0.06773479,-0.9976304,-0.2289544,0.02414515,-0.3950143,-0.3383877,-0.4903015,-4.130449,-0.3555105,-0.2458397,1.915,-0.9713186,0.02921212,-0.2359818,0.08042204,0.9742987,-0.2104149,0.2237701,-0.223358,-0.9487036,moving,-22.42362,22.97565,-10.51696,-7.31538
05/11/2023 13:09:32.612969,1253,True,True,True,True,Eyes,-0.02173697,0.1864315,-2.763831,0.3590153,-0.366463,-0.8583781,0.0,0.0,0.0,0.0,0.0,0.0,0.0,-0.7415572,-0.783682,-2.609613,-0.03792552,0.1903521,-2.817173,0.0286346,0.9857055,-0.1118837,0.1226661,13.15545,166.0094,1.706723,0.01006852,0.06769951,-0.9976547,-0.2152171,0.02269644,-0.3713134,-0.3193254,-0.494225,-4.144736,-0.3594552,-0.2485675,1.915,-0.9682665,0.02900191,-0.2482327,0.08389923,0.9733242,-0.2135437,0.2354177,-0.2275937,-0.9448705,moving,-22.69704,23.11885,-10.63101,-7.39566
05/11/2023 13:09:32.627614,1254,True,True,True,True,Eyes,-0.02200035,0.1864139,-2.766918,0.3630837,-0.3681363,-0.8559473,0.0,0.0,0.0,0.0,0.0,0.0,0.0,-0.7780018,-0.8012763,-2.603093,-0.03777986,0.1899365,-2.825937,0.03076775,0.9844681,-0.11548,0.12861,13.60853,165.3314,1.820468,0.008277291,0.06766044,-0.9976738,-0.2023041,0.02133466,-0.3490346,-0.3004834,-0.5006186,-4.157754,-0.3633312,-0.2512474,1.915001,-0.9650257,0.03087597,-0.2603309,0.0902835,0.9714354,-0.2194586,0.2461187,-0.2352868,-0.9402478,moving,-22.98614,23.27217,-10.74298,-7.474493
05/11/2023 13:09:32.647321,1255,True,True,True,True,Eyes,-0.02222797,0.1863775,-2.770242,0.3674459,-0.3696608,-0.8534251,0.0,0.0,0.0,0.0,0.0,0.0,0.0,-0.8149882,-0.8071455,-2.600045,-0.03711458,0.1897047,-2.835235,0.03306422,0.9834143,-0.1168981,0.1346779,13.81718,164.6437,1.979623,0.006656642,0.067617,-0.9976889,-0.1901658,0.02005458,-0.3280925,-0.2816113,-0.5007328,-4.173119,-0.3671348,-0.2538772,1.915002,-0.9615375,0.03354446,-0.2726186,0.09651882,0.9704832,-0.2210126,0.257158,-0.2388246,-0.9363936,moving,-23.2945,23.41983,-10.85278,-7.551826
05/11/2023 13:09:32.657092,1256,True,True,True,True,Eyes,-0.02239472,0.1863247,-2.7738,0.371971,-0.3712079,-0.8507892,0.0,0.0,0.0,0.0,0.0,0.0,0.0,-0.8506128,-0.8069445,-2.598618,-0.03645737,0.1892463,-2.844358,0.03492926,0.9824903,-0.1171909,0.1405671,13.8923,163.9724,2.106917,0.005190607,0.06756841,-0.9977009,-0.1787559,0.0188513,-0.3084069,-0.2603286,-0.4978982,-4.189852,-0.3709118,-0.25649,1.915,-0.9580415,0.03568894,-0.2843984,0.1015817,0.9700925,-0.220458,0.2680249,-0.2400976,-0.9330143,moving,-23.61529,23.57213,-10.96176,-7.628644
05/11/2023 13:09:32.677065,1257,True,True,True,True,Eyes,-0.0224767,0.1862522,-2.777589,0.3771576,-0.3724271,-0.8479682,0.0,0.0,0.0,0.0,0.0,0.0,0.0,-0.8838001,-0.8080341,-2.597342,-0.03522034,0.1888243,-2.853649,0.03656577,0.9815637,-0.1176664,0.1461173,13.98571,163.337,2.2087,0.003866622,0.0675141,-0.9977105,-0.1680305,0.01772023,-0.2899025,-0.2355741,-0.4954094,-4.207288,-0.3749737,-0.2592988,1.914999,-0.9546254,0.03739707,-0.295452,0.1061694,0.9696351,-0.2203084,0.2782418,-0.2416799,-0.9296088,moving,-23.97845,23.71105,-11.07885,-7.711189
05/11/2023 13:09:32.687523,1258,True,True,True,True,Eyes,-0.02246711,0.1861316,-2.781593,0.38248,-0.3735518,-0.8450847,0.0,0.0,0.0,0.0,0.0,0.0,0.0,-0.9150643,-0.8009722,-2.599127,-0.03366729,0.188286,-2.863176,0.03776975,0.9808428,-0.1165776,0.1514284,13.89406,162.7263,2.289866,0.002672642,0.06745341,-0.9977185,-0.1579487,0.01665701,-0.2725084,-0.2088145,-0.4934965,-4.224546,-0.3791064,-0.2621563,1.915001,-0.951286,0.03878604,-0.3058611,0.1093987,0.9699662,-0.2172498,0.2882487,-0.2401274,-0.9269583,moving,-24.35121,23.84682,-11.19787,-7.79512
05/11/2023 13:09:32.707529,1259,True,True,True,True,Eyes,-0.02235494,0.1859696,-2.785801,0.3879353,-0.3746899,-0.8420888,0.0,0.0,0.0,0.0,0.0,0.0,0.0,-0.9456244,-0.7931373,-2.600693,-0.03151793,0.1870016,-2.872439,0.03868809,0.9801015,-0.1154509,0.1567654,13.79432,162.1082,2.339253,0.001600075,0.06738485,-0.9977254,-0.1484718,0.01565759,-0.2561579,-0.1815923,-0.4940959,-4.240176,-0.3826602,-0.2646137,1.915001,-0.9478557,0.03963909,-0.3162251,0.1120339,0.9703487,-0.2141774,0.2983588,-0.2384372,-0.9241915,moving,-24.73468,23.98682,-11.30015,-7.867279
05/11/2023 13:09:32.727186,1260,True,True,True,True,Eyes,-0.02215721,0.1857703,-2.790218,0.3938727,-0.3757232,-0.8388661,0.0,0.0,0.0,0.0,0.0,0.0,0.0,-0.9773305,-0.7934851,-2.598983,-0.02901374,0.186018,-2.881675,0.03969961,0.9791136,-0.1158129,0.1623207,13.86742,161.4621,2.369763,0.0006395628,0.06730725,-0.9977317,-0.1395635,0.01471814,-0.2407884,-0.1535396,-0.4997225,-4.253973,-0.386418,-0.2672123,1.915,-0.9441522,0.0401432,-0.3270562,0.1153385,0.9700226,-0.2138998,0.3086653,-0.2396761,-0.9204791,moving,-25.15146,24.12733,-11.40823,-7.94356
05/11/2023 13:09:32.737468,1261,True,True,True,True,Eyes,-0.02184196,0.1855437,-2.794838,0.399898,-0.3767415,-0.8355522,0.0,0.0,0.0,0.0,0.0,0.0,0.0,-1.009759,-0.7918359,-2.59742,-0.0263939,0.1849037,-2.891077,0.04105255,0.9780982,-0.1159108,0.1679386,13.91799,160.813,2.443061,-0.000216361,0.06721978,-0.9977378,-0.1311897,0.01383505,-0.2263411,-0.1285957,-0.5045593,-4.267097,-0.3902792,-0.2698822,1.915001,-0.9402228,0.04137506,-0.3380377,0.1192386,0.9697587,-0.2129556,0.3190039,-0.2405328,-0.9167227,moving,-25.57593,24.2701,-11.51919,-8.021896
05/11/2023 13:09:32.757619,1262,True,True,True,True,Eyes,-0.0213962,0.1852608,-2.79965,0.4062417,-0.377647,-0.832076,0.0,0.0,0.0,0.0,0.0,0.0,0.0,-1.040528,-0.7882298,-2.596922,-0.02329706,0.1838775,-2.90063,0.04234506,0.97714,-0.1156123,0.1733159,13.92295,160.1918,2.520169,-0.00097434,0.06712202,-0.997744,-0.1233183,0.01300495,-0.2127606,-0.1042354,-0.5107337,-4.279156,-0.3941581,-0.2725647,1.915,-0.9363373,0.04267921,-0.3484989,0.122829,0.9696814,-0.2112606,0.3289165,-0.2406169,-0.913191,moving,-26.02287,24.41145,-11.63057,-8.100582
05/11/2023 13:09:32.777248,1263,True,True,True,True,Eyes,-0.02083576,0.1849323,-2.80465,0.412702,-0.3786261,-0.8284439,0.0,0.0,0.0,0.0,0.0,0.0,0.0,-1.06987,-0.7834761,-2.596958,-0.01978618,0.1822549,-2.910161,0.04388474,0.976191,-0.1152555,0.178442,13.92695,159.6034,2.630578,-0.001639307,0.06701263,-0.9977505,-0.1159192,0.01222465,-0.199995,-0.07983644,-0.5189468,-4.290152,-0.3982149,-0.2753699,1.915,-0.9324653,0.04454692,-0.3585028,0.1268126,0.9695806,-0.2093611,0.3382709,-0.2406846,-0.9097494,moving,-26.48089,24.56196,-11.74697,-8.182831
05/11/2023 13:09:32.787317,1264,True,True,True,True,Eyes,-0.02012433,0.184555,-2.809827,0.4191825,-0.3796135,-0.82473,0.0,0.0,0.0,0.0,0.0,0.0,0.0,-1.098333,-0.7811809,-2.596202,-0.01601442,0.180806,-2.919571,0.04521013,0.975195,-0.1152807,0.1834701,13.97106,159.0223,2.709652,-0.002215552,0.06689101,-0.9977575,-0.108964,0.01149117,-0.1879953,-0.0581704,-0.5215396,-4.302632,-0.4019412,-0.2779469,1.915,-0.9285895,0.04587623,-0.368262,0.1304785,0.9693328,-0.208253,0.3474145,-0.2414318,-0.9060981,moving,-26.9427,24.71606,-11.8538,-8.258355
05/11/2023 13:09:32.807383,1265,True,True,True,True,Eyes,-0.01926358,0.1841246,-2.81518,0.4257252,-0.3805438,-0.8209412,0.0,0.0,0.0,0.0,0.0,0.0,0.0,-1.124479,-0.780672,-2.595768,-0.01172547,0.1792698,-2.929101,0.04611564,0.9742206,-0.1155313,0.1882034,14.03202,158.4694,2.739378,-0.002708278,0.066756,-0.9977653,-0.1024262,0.0108017,-0.1767156,-0.03872038,-0.5237813,-4.314795,-0.4056872,-0.2805373,1.915,-0.9249059,0.04636684,-0.3773589,0.1333404,0.9690517,-0.2077476,0.3560477,-0.2424641,-0.9024643,moving,-27.41044,24.86988,-11.9611,-8.334248
05/11/2023 13:09:32.827325,1266,True,True,True,True,Eyes,-0.01822948,0.1836309,-2.820697,0.4322519,-0.3814366,-0.8171074,0.0,0.0,0.0,0.0,0.0,0.0,0.0,-1.147745,-0.7799812,-2.596459,-0.00715268,0.1775373,-2.938659,0.04607723,0.973359,-0.1155547,0.1926041,14.04605,157.9433,2.669771,-0.003120251,0.06660672,-0.9977732,-0.09628063,0.0101536,-0.1661126,-0.01968962,-0.5304828,-4.325145,-0.409619,-0.2832559,1.915,-0.9215613,0.04518675,-0.3855948,0.134212,0.969048,-0.207203,0.3642971,-0.2427017,-0.8991019,moving,-27.87895,25.02379,-12.07364,-8.413856
05/11/2023 13:09:32.837712,1267,True,True,True,True,Eyes,-0.01703066,0.1830651,-2.826382,0.4388255,-0.3822666,-0.8132062,0.0,0.0,0.0,0.0,0.0,0.0,0.0,-1.168179,-0.7792213,-2.598235,-0.002000961,0.1755197,-2.948193,0.04609598,0.9725646,-0.1155842,0.1965542,14.06054,157.4713,2.613105,-0.003453122,0.06644227,-0.9977826,-0.09050379,0.009544382,-0.1561459,-4.143268e-05,-0.532287,-4.337158,-0.4133905,-0.285864,1.915,-0.9184831,0.04422553,-0.3929792,0.1350998,0.9690309,-0.2067055,0.3716673,-0.2429469,-0.8960135,moving,-28.35236,25.17697,-12.1815,-8.490205
05/11/2023 13:09:32.857659,1268,True,True,True,True,Eyes,0.01775434,0.1670132,-2.972235,0.5934699,-0.3953947,-0.7010396,0.0,0.0,0.0,0.0,0.0,0.0,0.0,-1.186507,-0.7725342,-2.602732,0.003399398,0.1731761,-2.95784,0.04641278,0.97194,-0.1146378,0.2000917,13.97011,157.0552,2.619121,-0.0037091,0.0662614,-0.9977934,-0.08507356,0.008971719,-0.1467771,0.0207276,-0.534916,-4.348783,-0.4173028,-0.2885693,1.915002,-0.9156184,0.04434474,-0.3995956,0.136097,0.9694081,-0.2042684,0.3783129,-0.2414157,-0.893643,moving,-40.24981,29.42352,-12.29329,-8.569359
05/11/2023 13:09:32.877298,1269,True,True,True,True,Eyes,0.01800484,0.1669184,-2.972616,0.5936462,-0.3955158,-0.700822,0.0,0.0,0.0,0.0,0.0,0.0,0.0,-1.203876,-0.7688594,-2.606463,0.009379659,0.1707045,-2.967303,0.04712956,0.9712406,-0.11433,0.2034678,13.96107,156.6618,2.659125,-0.002703912,0.06511614,-0.9978721,0.02438587,-0.03972243,-0.5755282,0.04217179,-0.538469,-4.359902,-0.4214081,-0.2914082,1.915001,-0.9127594,0.04502335,-0.4060091,0.1380732,0.9694149,-0.2029051,0.3844558,-0.2412625,-0.8910591,moving,-40.26698,29.43863,-12.4105,-8.652396
05/11/2023 13:09:32.887151,1270,True,True,True,True,Eyes,0.01852354,0.1667337,-2.973362,0.5939816,-0.3956532,-0.7004601,0.0,0.0,0.0,0.0,0.0,0.0,0.0,-1.221604,-0.7668939,-2.609549,0.01571517,0.1683208,-2.976845,0.04818683,0.9704614,-0.1143851,0.2068786,14.00167,156.2673,2.72911,-0.00180969,0.06414529,-0.9979371,0.02292272,-0.03733908,-0.5409965,0.06319733,-0.5405787,-4.371128,-0.4249328,-0.2938457,1.915001,-0.9097586,0.04619929,-0.4125592,0.1408546,0.9691882,-0.2020749,0.3905117,-0.2419502,-0.8882346,moving,-40.29753,29.45983,-12.51105,-8.723661
05/11/2023 13:09:32.908231,1271,True,True,True,True,Eyes,0.01935802,0.1664834,-2.974437,0.5944347,-0.395951,-0.6999073,0.0,0.0,0.0,0.0,0.0,0.0,0.0,-1.238429,-0.7620919,-2.613818,0.02264317,0.165988,-2.98638,0.04957922,0.9697348,-0.1139853,0.2101519,13.99926,155.895,2.850257,-0.001002851,0.0633156,-0.9979914,0.02154735,-0.03509874,-0.5085367,0.08603203,-0.5457185,-4.380926,-0.4288172,-0.2965319,1.915,-0.9067565,0.04824894,-0.4188858,0.1440659,0.9690984,-0.2002327,0.3962806,-0.2419094,-0.8856874,moving,-40.34141,29.49767,-12.62177,-8.802169
05/11/2023 13:09:32.927186,1272,True,True,True,True,Eyes,0.02047474,0.1661822,-2.975857,0.5950336,-0.3962456,-0.6992313,0.0,0.0,0.0,0.0,0.0,0.0,0.0,-1.256199,-0.759537,-2.617066,0.02984581,0.1642645,-2.996013,0.05163313,0.9688923,-0.1140329,0.2134907,14.06471,155.522,3.035309,-0.000253139,0.06257298,-0.9980388,0.02025451,-0.03299281,-0.4780245,0.1107646,-0.5464212,-4.392182,-0.4326712,-0.2991969,1.915001,-0.9035115,0.05136399,-0.4254746,0.1487438,0.9686611,-0.1989247,0.4019232,-0.2430175,-0.8828365,moving,-40.39721,29.53968,-12.73152,-8.880016
05/11/2023 13:09:32.937622,1273,True,True,True,True,Eyes,0.02185359,0.1658361,-2.977606,0.595831,-0.3966681,-0.6983121,0.0,0.0,0.0,0.0,0.0,0.0,0.0,-1.275235,-0.7493423,-2.621978,0.03771582,0.1627613,-3.00576,0.05412042,0.9681008,-0.1128063,0.2170864,13.9995,155.1272,3.297419,0.0004588216,0.06189176,-0.9980814,0.01903924,-0.03101324,-0.449343,0.1357597,-0.5477772,-4.402373,-0.4364816,-0.3018316,1.915002,-0.899889,0.05581061,-0.4325333,0.1537655,0.9686914,-0.1949182,0.4081127,-0.2419134,-0.8802966,moving,-40.47229,29.59824,-12.83994,-8.956947
05/11/2023 13:09:32.957687,1274,True,True,True,True,Eyes,0.02351129,0.165457,-2.979668,0.5967728,-0.3971954,-0.6972073,0.0,0.0,0.0,0.0,0.0,0.0,0.0,-1.297067,-0.7430087,-2.624223,0.04541989,0.1613515,-3.015443,0.05674641,0.9670937,-0.1123371,0.221111,14.02679,154.68,3.550414,0.001145183,0.06126399,-0.9981197,0.01789689,-0.02915245,-0.4223824,0.1604759,-0.5554883,-4.409835,-0.4403626,-0.3045156,1.915001,-0.8957797,0.06008028,-0.4404194,0.1594361,0.9683204,-0.1921865,0.4149205,-0.2423754,-0.8769808,moving,-40.56179,29.66994,-12.95027,-9.03529
05/11/2023 13:09:32.977418,1275,True,True,True,True,Eyes,0.02539773,0.1650989,-2.982054,0.5979977,-0.397783,-0.6958215,0.0,0.0,0.0,0.0,0.0,0.0,0.0,-1.318174,-0.7434982,-2.624808,0.05374948,0.1602217,-3.025132,0.05900603,0.9659647,-0.1129274,0.2251182,14.16614,154.2269,3.734436,0.001817747,0.0606826,-0.9981543,0.01682307,-0.0274033,-0.3970395,0.1846564,-0.5490232,-4.422368,-0.4443851,-0.3072968,1.915002,-0.8916804,0.06315143,-0.4482393,0.1648395,0.9675313,-0.1916011,0.4215857,-0.2447344,-0.8731387,moving,-40.67618,29.75548,-13.06452,-9.116429
05/11/2023 13:09:32.997258,1276,True,True,True,True,Eyes,0.02756514,0.164783,-2.984751,0.5993342,-0.3983695,-0.6943344,0.0,0.0,0.0,0.0,0.0,0.0,0.0,-1.338002,-0.744882,-2.625795,0.06211279,0.1603078,-3.034854,0.06139722,0.9648764,-0.1134813,0.2288363,14.30542,153.8101,3.937804,0.00248596,0.06014259,-0.9981856,0.01581369,-0.0257591,-0.3732171,0.2114929,-0.5551035,-4.428946,-0.4481788,-0.3099208,1.914999,-0.8877289,0.06654417,-0.4555323,0.1704188,0.9667047,-0.1908911,0.4276626,-0.2470907,-0.8695121,moving,-40.80004,29.84474,-13.1722,-9.192962
05/11/2023 13:09:33.007396,1277,True,True,True,True,Eyes,0.02997802,0.1645458,-2.987741,0.6008952,-0.3990361,-0.6926003,0.0,0.0,0.0,0.0,0.0,0.0,0.0,-1.359293,-0.7335383,-2.630114,0.07100222,0.1610257,-3.045042,0.06464572,0.9639124,-0.1119149,0.2327424,14.23171,153.3868,4.291306,0.003159196,0.05964092,-0.9982139,0.01486487,-0.02421356,-0.3508241,0.2402509,-0.5612484,-4.434735,-0.4520556,-0.3126014,1.915001,-0.8833039,0.07253092,-0.4631562,0.1767203,0.966592,-0.1856607,0.4342169,-0.2458439,-0.8666122,moving,-40.94469,29.94805,-13.28211,-9.271095
05/11/2023 13:09:33.027124,1278,True,True,True,True,Eyes,0.03264527,0.1643902,-2.991005,0.6026534,-0.3997229,-0.6906738,0.0,0.0,0.0,0.0,0.0,0.0,0.0,-1.385539,-0.7239664,-2.630931,0.0796079,0.1626845,-3.054971,0.06854768,0.9626465,-0.1107713,0.2373663,14.22965,152.8837,4.697814,0.003844684,0.05917604,-0.9982393,0.01397298,-0.02276074,-0.3297747,0.2679066,-0.5647293,-4.440802,-0.4559184,-0.3152727,1.914999,-0.8779168,0.07938762,-0.4721857,0.1845611,0.9660619,-0.1807253,0.4418133,-0.2458089,-0.8627739,moving,-41.10661,30.05983,-13.39154,-9.348932
05/11/2023 13:09:33.047172,1279,True,True,True,True,Eyes,0.03557068,0.1643403,-2.994502,0.6046324,-0.4005785,-0.688445,0.0,0.0,0.0,0.0,0.0,0.0,0.0,-1.414134,-0.7191229,-2.628985,0.08836985,0.1645135,-3.064898,0.07074175,0.9612403,-0.1101006,0.2426739,14.24097,152.2732,4.886385,0.004549529,0.05874642,-0.9982617,0.0131346,-0.0213951,-0.3099882,0.2966678,-0.5671095,-4.446329,-0.459821,-0.3179716,1.915,-0.8722101,0.08256257,-0.4821133,0.1894367,0.9657469,-0.1773319,0.4509585,-0.2460006,-0.8579746,moving,-41.29148,30.19341,-13.50199,-9.427529
05/11/2023 13:09:33.057495,1280,True,True,True,True,Eyes,0.03871872,0.1644035,-2.99825,0.6067886,-0.4014381,-0.686043,0.0,0.0,0.0,0.0,0.0,0.0,0.0,-1.443196,-0.7340266,-2.620807,0.09661628,0.1671445,-3.074568,0.07238819,0.9594777,-0.1126155,0.2479524,14.59599,151.6517,4.923943,0.005280242,0.05835158,-0.9982813,0.01234652,-0.02011139,-0.2913889,0.3242463,-0.5613323,-4.454989,-0.4640177,-0.3208731,1.915002,-0.8665594,0.08306317,-0.4921136,0.1947563,0.9641554,-0.1802064,0.4595055,-0.2520017,-0.851675,moving,-41.49199,30.33404,-13.62063,-9.511981
05/11/2023 13:09:33.077435,1281,True,True,True,True,Eyes,0.04202351,0.1645539,-3.002219,0.6091425,-0.4022454,-0.6834794,0.0,0.0,0.0,0.0,0.0,0.0,0.0,-1.468076,-0.7373124,-2.618208,0.1050402,0.1699191,-3.084474,0.07289328,0.9581774,-0.1127574,0.252722,14.65076,151.0798,4.903402,0.00604133,0.05799135,-0.998298,0.01160573,-0.01890471,-0.2739056,0.3522153,-0.5505121,-4.464558,-0.4676269,-0.3233687,1.915003,-0.8616365,0.08269686,-0.5007435,0.1966819,0.9639447,-0.1792397,0.4678665,-0.2529266,-0.8468349,moving,-41.70863,30.47792,-13.72258,-9.584589
05/11/2023 13:09:33.087442,1282,True,True,True,True,Eyes,0.04551375,0.1647514,-3.006368,0.6116675,-0.4030181,-0.6807637,0.0,0.0,0.0,0.0,0.0,0.0,0.0,-1.490939,-0.742144,-2.614783,0.1129457,0.1720393,-3.093284,0.07235273,0.9569639,-0.1130455,0.2573054,14.69031,150.515,4.762018,0.006834283,0.05766491,-0.9983118,0.01090939,-0.01777043,-0.2574712,0.3838088,-0.5546467,-4.466594,-0.4713059,-0.3259127,1.915002,-0.8571184,0.08030346,-0.5088222,0.1966523,0.9639716,-0.1791274,0.4761056,-0.2535944,-0.8420296,moving,-41.93976,30.62591,-13.82642,-9.658584
05/11/2023 13:09:33.112742,1283,True,True,True,True,Eyes,0.04917005,0.1649787,-3.01068,0.6142451,-0.4038416,-0.6779491,0.0,0.0,0.0,0.0,0.0,0.0,0.0,-1.513983,-0.7439641,-2.611582,0.1208428,0.1733582,-3.101827,0.07210404,0.9557379,-0.1130325,0.2618966,14.70406,149.9532,4.662228,0.007662141,0.05736994,-0.9983229,0.01025482,-0.0167042,-0.242023,0.4141897,-0.5500796,-4.472288,-0.4753793,-0.3287297,1.915002,-0.8524224,0.07861947,-0.5169092,0.1970308,0.9640493,-0.1782912,0.4843089,-0.2538264,-0.8372676,moving,-42.17765,30.78146,-13.94128,-9.740475
05/11/2023 13:09:33.128519,1284,True,True,True,True,Eyes,0.05297905,0.1652444,-3.015149,0.6169918,-0.404597,-0.6749981,0.0,0.0,0.0,0.0,0.0,0.0,0.0,-1.539639,-0.7373425,-2.608841,0.1283515,0.1742909,-3.110202,0.07295329,0.954457,-0.1119709,0.2667437,14.63513,149.3774,4.714646,0.00852643,0.05710401,-0.9983311,0.009639533,-0.01570195,-0.2275016,0.4439994,-0.5677757,-4.467104,-0.4791784,-0.3313569,1.915002,-0.8470513,0.07952648,-0.5255281,0.1989966,0.9642807,-0.1748233,0.4928535,-0.2526626,-0.8326207,moving,-42.42933,30.93866,-14.04829,-9.816809
05/11/2023 13:09:33.137180,1285,True,True,True,True,Eyes,0.05691772,0.165543,-3.019766,0.6198336,-0.4053825,-0.6719162,0.0,0.0,0.0,0.0,0.0,0.0,0.0,-1.567873,-0.727277,-2.605279,0.1357841,0.1754725,-3.118558,0.07422584,0.9530616,-0.1104507,0.2719649,14.53114,148.7622,4.82406,0.009427572,0.05686537,-0.9983367,0.009061161,-0.01475983,-0.2138515,0.4737397,-0.5749839,-4.466113,-0.4830731,-0.33405,1.915002,-0.8410514,0.08140617,-0.5347951,0.201561,0.9645823,-0.1701589,0.5020019,-0.2509062,-0.8276717,moving,-42.69112,31.10354,-14.1579,-9.895025
05/11/2023 13:09:33.157428,1286,True,True,True,True,Eyes,0.06098592,0.165855,-3.024505,0.6229199,-0.4060921,-0.6686255,0.0,0.0,0.0,0.0,0.0,0.0,0.0,-1.597083,-0.7193758,-2.599846,0.1430798,0.1765008,-3.126619,0.07452477,0.95159,-0.1091343,0.2775109,14.4222,148.093,4.813136,0.01036664,0.05665184,-0.9983395,0.008517492,-0.01387424,-0.2010204,0.5032161,-0.5745056,-4.467306,-0.4866766,-0.3365417,1.915002,-0.8348678,0.08126215,-0.5444196,0.202406,0.9650715,-0.1663394,0.5118867,-0.2490651,-0.8221551,moving,-42.97325,31.27255,-14.25922,-9.967358
05/11/2023 13:09:33.177304,1287,True,True,True,True,Eyes,0.06517327,0.1661983,-3.029363,0.6262019,-0.4068109,-0.6651135,0.0,0.0,0.0,0.0,0.0,0.0,0.0,-1.627582,-0.7185981,-2.590939,0.1501978,0.1771105,-3.134397,0.07353284,0.949947,-0.1088182,0.283465,14.38468,147.353,4.619443,0.01134293,0.05646129,-0.9983398,0.008006442,-0.01304179,-0.1889592,0.5328258,-0.5823196,-4.464561,-0.4911049,-0.3396041,1.915002,-0.828481,0.0780123,-0.5545568,0.2013969,0.965503,-0.1650551,0.5225499,-0.248431,-0.8156123,moving,-43.27401,31.45168,-14.38361,-10.05622
05/11/2023 13:09:33.187692,1288,True,True,True,True,Eyes,0.06948817,0.1665221,-3.034316,0.6297638,-0.4073169,-0.6614307,0.0,0.0,0.0,0.0,0.0,0.0,0.0,-1.656846,-0.7257023,-2.580083,0.1575838,0.1781336,-3.141981,0.0715919,0.9482348,-0.1094987,0.2893708,14.42392,146.6018,4.287247,0.01235662,0.05629213,-0.9983373,0.007526056,-0.01225928,-0.1776216,0.5607646,-0.5733123,-4.469301,-0.4944857,-0.341942,1.915002,-0.8222782,0.07240038,-0.5644614,0.1991433,0.9657692,-0.1662278,0.5331045,-0.2490942,-0.8085491,moving,-43.59509,31.62525,-14.47848,-10.12401
05/11/2023 13:09:33.207387,1289,True,True,True,True,Eyes,0.07389344,0.1668304,-3.039352,0.6333895,-0.4079714,-0.6575538,0.0,0.0,0.0,0.0,0.0,0.0,0.0,-1.68606,-0.7190434,-2.572372,0.1648876,0.1779336,-3.149297,0.06911848,0.9467309,-0.1079102,0.2954298,14.19148,145.833,3.969537,0.01340669,0.05614154,-0.9983322,0.007074493,-0.01152372,-0.1669643,0.5898889,-0.5692079,-4.470694,-0.4983216,-0.3445948,1.915,-0.815888,0.06711342,-0.5743023,0.194633,0.9671561,-0.1634845,0.5444679,-0.2451632,-0.8021535,moving,-43.92765,31.81704,-14.58603,-10.20093
05/11/2023 13:09:33.227778,1290,True,True,True,True,Eyes,0.07840541,0.1671201,-3.04447,0.6371212,-0.4087339,-0.6534625,0.0,0.0,0.0,0.0,0.0,0.0,0.0,-1.715009,-0.7235348,-2.5608,0.1718604,0.1778134,-3.156153,0.06819583,0.9449241,-0.1086071,0.3011186,14.25991,145.1189,3.755012,0.0144929,0.05600683,-0.9983246,0.006650023,-0.0108323,-0.1569465,0.6194646,-0.5659666,-4.471357,-0.5021926,-0.3472711,1.915002,-0.809354,0.06347255,-0.5838815,0.194287,0.9671077,-0.1641809,0.5542552,-0.246321,-0.7950644,moving,-44.27456,32.02554,-14.69444,-10.27846
05/11/2023 13:09:33.237352,1291,True,True,True,True,Eyes,0.08296394,0.1674099,-3.049681,0.6408299,-0.4096221,-0.6492664,0.0,0.0,0.0,0.0,0.0,0.0,0.0,-1.74572,-0.7275722,-2.548186,0.1788924,0.1776832,-3.163317,0.06940193,0.9428903,-0.109818,0.306727,14.45784,144.4372,3.760473,0.01561363,0.05588578,-0.9983144,0.006251022,-0.01018236,-0.1475297,0.648187,-0.5624106,-4.471834,-0.5061325,-0.3499959,1.915002,-0.8022041,0.06350855,-0.5936629,0.1982451,0.9662468,-0.1645178,0.5631765,-0.2496676,-0.7877174,moving,-44.62532,32.24782,-14.80467,-10.35737
05/11/2023 13:09:33.257570,1292,True,True,True,True,Eyes,0.08760332,0.1676867,-3.054941,0.6445472,-0.4106885,-0.6448983,0.0,0.0,0.0,0.0,0.0,0.0,0.0,-1.773574,-0.7253468,-2.538455,0.185585,0.1778909,-3.170072,0.07104011,0.9410985,-0.1100145,0.3117434,14.55809,143.8375,3.857715,0.01676751,0.0557767,-0.9983019,0.00587596,-0.009571421,-0.1386779,0.6773415,-0.561661,-4.470697,-0.5102947,-0.3528744,1.915001,-0.795539,0.06511888,-0.6023933,0.2023041,0.9657003,-0.1627764,0.5711316,-0.2513615,-0.781426,moving,-44.9844,32.49008,-14.92102,-10.44069
05/11/2023 13:09:33.277246,1293,True,True,True,True,Eyes,0.2058329,0.1751367,-3.187408,0.7267246,-0.4396212,-0.5278301,0.0,0.0,0.0,0.0,0.0,0.0,0.0,-1.800259,-0.7319558,-2.526347,0.1921335,0.1779029,-3.176562,0.07326399,0.9391447,-0.1118996,0.3164148,14.86506,143.278,3.962898,0.01795286,0.05567793,-0.9982868,0.005523403,-0.008997136,-0.1303572,0.7081826,-0.5576501,-4.469554,-0.5139508,-0.3554028,1.915001,-0.7890285,0.06679756,-0.610715,0.2084244,0.9642217,-0.1638163,0.5779221,-0.2565435,-0.7747206,moving,-54.00858,39.79037,-15.02311,-10.51384
05/11/2023 13:09:33.287368,1294,True,True,True,True,Eyes,0.2061103,0.1751485,-3.18766,0.7268977,-0.4396628,-0.527557,0.0,0.0,0.0,0.0,0.0,0.0,0.0,-1.825269,-0.7370808,-2.515535,0.1989101,0.1787665,-3.182969,0.07556802,0.9372948,-0.1133992,0.3207937,15.13299,142.7564,4.093183,0.02356567,0.05554568,-0.9981775,0.3598809,0.01389265,-0.5199376,0.7394068,-0.5585152,-4.465732,-0.5176484,-0.3579595,1.915001,-0.7827616,0.06890352,-0.6184951,0.2144145,0.9628602,-0.1640935,0.5842177,-0.2610604,-0.768464,moving,-54.02916,39.80762,-15.12625,-10.58777
05/11/2023 13:09:33.307559,1295,True,True,True,True,Eyes,0.2066191,0.1751777,-3.188148,0.7272528,-0.4398133,-0.5269417,0.0,0.0,0.0,0.0,0.0,0.0,0.0,-1.850903,-0.7290983,-2.507776,0.2058081,0.1790732,-3.189349,0.07753796,0.9356238,-0.1127189,0.3254081,15.15244,142.212,4.261988,0.02829125,0.05544059,-0.9980606,0.338288,0.01305909,-0.4887414,0.7697359,-0.5607171,-4.461305,-0.5215173,-0.3606344,1.915002,-0.7761948,0.07173341,-0.626399,0.218452,0.9625645,-0.1604621,0.5914391,-0.261388,-0.762808,moving,-54.07425,39.85016,-15.23406,-10.66507
05/11/2023 13:09:33.327537,1296,True,True,True,True,Eyes,0.2073759,0.1752057,-3.188852,0.7277889,-0.4400498,-0.5260033,0.0,0.0,0.0,0.0,0.0,0.0,0.0,-1.87751,-0.7311896,-2.495406,0.2122799,0.1795006,-3.195222,0.07961947,0.9336603,-0.1138143,0.3301297,15.37273,141.6447,4.373417,0.03228689,0.05535769,-0.9979439,0.3179908,0.01227554,-0.4594169,0.7984702,-0.5736547,-4.451873,-0.5253958,-0.3633168,1.915001,-0.7693507,0.07352811,-0.6345816,0.223822,0.9614141,-0.1599583,0.5983343,-0.2650973,-0.7561218,moving,-54.1428,39.91556,-15.34205,-10.74257
05/11/2023 13:09:33.347123,1297,True,True,True,True,Eyes,0.2083631,0.1752451,-3.189754,0.7285522,-0.4402918,-0.5247427,0.0,0.0,0.0,0.0,0.0,0.0,0.0,-1.907158,-0.7267126,-2.482398,0.218944,0.1795195,-3.201172,0.08157413,0.9315714,-0.1139186,0.3354742,15.48456,141.0021,4.496393,0.03568454,0.05529228,-0.9978318,0.2989113,0.01153901,-0.4318519,0.8281772,-0.5833523,-4.442991,-0.5293278,-0.3660357,1.915001,-0.7616053,0.07555076,-0.643622,0.2284177,0.9607365,-0.1575145,0.6064507,-0.2669786,-0.7489591,moving,-54.23653,39.99874,-15.4514,-10.82106
05/11/2023 13:09:33.357986,1298,True,True,True,True,Eyes,0.2095771,0.1753047,-3.190857,0.7295361,-0.4406032,-0.5231118,0.0,0.0,0.0,0.0,0.0,0.0,0.0,-1.939428,-0.7216851,-2.466938,0.2253744,0.1798653,-3.207,0.08373354,0.9292677,-0.1140336,0.3412429,15.60967,140.3072,4.633094,0.03862653,0.05523929,-0.9977251,0.2809766,0.01084667,-0.4059408,0.8566846,-0.5973653,-4.431637,-0.5332023,-0.368715,1.915002,-0.7530841,0.07779546,-0.6533087,0.233448,0.9599701,-0.1547885,0.615115,-0.2690824,-0.7410994,moving,-54.35769,40.10654,-15.55903,-10.89838
05/11/2023 13:09:33.377150,1299,True,True,True,True,Eyes,0.21098,0.1753976,-3.192196,0.7309248,-0.440609,-0.5211647,0.0,0.0,0.0,0.0,0.0,0.0,0.0,-1.974132,-0.7178457,-2.448954,0.2319795,0.1804242,-3.213021,0.08519123,0.9267634,-0.114179,0.3475853,15.71522,139.5287,4.679378,0.04130946,0.05519109,-0.9976203,0.264118,0.01019587,-0.3815843,0.8824812,-0.6143526,-4.419751,-0.537136,-0.3714351,1.915002,-0.743854,0.07853035,-0.6637126,0.2372781,0.9594112,-0.1524114,0.6248044,-0.2708563,-0.7322955,moving,-54.51034,40.21223,-15.66819,-10.97683
05/11/2023 13:09:33.402460,1300,True,True,True,True,Eyes,0.2126104,0.1755062,-3.193725,0.7325891,-0.440515,-0.5189024,0.0,0.0,0.0,0.0,0.0,0.0,0.0,-2.006607,-0.70769,-2.434283,0.238837,0.181163,-3.219187,0.08446003,0.9246175,-0.1125224,0.3539603,15.53764,138.7264,4.555941,0.04376448,0.05514787,-0.997518,0.2482709,0.009584117,-0.3586892,0.9053156,-0.6252854,-4.412431,-0.5409688,-0.3740853,1.915001,-0.7351575,0.07652954,-0.6735631,0.2358433,0.9604104,-0.1482893,0.6355484,-0.2678713,-0.7241018,moving,-54.68956,40.32913,-15.77446,-11.05324
05/11/2023 13:09:33.407407,1301,True,True,True,True,Eyes,0.2144849,0.1756083,-3.195418,0.7346958,-0.4404005,-0.5160129,0.0,0.0,0.0,0.0,0.0,0.0,0.0,-2.039269,-0.6992028,-2.418483,0.2458498,0.1817756,-3.225379,0.08375917,0.9223625,-0.1111775,0.3603769,15.39439,137.9161,4.42471,0.04602159,0.05510933,-0.9974185,0.2333747,0.00900907,-0.3371679,0.9252124,-0.6433874,-4.402034,-0.5447351,-0.3766899,1.915002,-0.7262262,0.07438102,-0.6834206,0.2346443,0.9612479,-0.1447222,0.646172,-0.2654617,-0.7155364,moving,-54.91775,40.4797,-15.87875,-11.12827
05/11/2023 13:09:33.427234,1302,True,True,True,True,Eyes,0.2165712,0.1757078,-3.19729,0.7370792,-0.4401751,-0.5127963,0.0,0.0,0.0,0.0,0.0,0.0,0.0,-2.074603,-0.6792223,-2.403018,0.2530887,0.1817473,-3.23152,0.08355741,0.9199986,-0.1082391,0.3672941,15.10211,137.0578,4.409812,0.04810733,0.05507454,-0.997322,0.2193722,0.008468525,-0.3169378,0.9464245,-0.6543682,-4.394933,-0.548821,-0.3795156,1.915002,-0.7162266,0.07423423,-0.6939085,0.2332566,0.9626049,-0.1377794,0.6577318,-0.26054,-0.7067588,moving,-55.17313,40.6422,-15.99179,-11.20965
05/11/2023 13:09:33.437397,1303,True,True,True,True,Eyes,0.2188669,0.1758003,-3.199337,0.739745,-0.4400782,-0.5090269,0.0,0.0,0.0,0.0,0.0,0.0,0.0,-2.112906,-0.6617836,-2.383566,0.2601719,0.1816033,-3.237752,0.08354244,0.9172819,-0.1058902,0.3747026,14.88439,136.1339,4.385993,0.0500451,0.05504275,-0.9972283,0.2062099,0.007960414,-0.2979215,0.9674463,-0.6609941,-4.38966,-0.5526443,-0.3821596,1.915,-0.7052374,0.07390922,-0.7051085,0.2326186,0.9636159,-0.1316552,0.6697232,-0.2568695,-0.6967705,moving,-55.4677,40.84499,-16.09745,-11.28575
05/11/2023 13:09:33.457647,1304,True,True,True,True,Eyes,0.2213667,0.1758675,-3.201564,0.7426082,-0.4399378,-0.5049632,0.0,0.0,0.0,0.0,0.0,0.0,0.0,-2.150717,-0.651791,-2.361876,0.267419,0.1815404,-3.244134,0.08349197,0.9143978,-0.1047512,0.3820117,14.79482,135.212,4.309772,0.05185583,0.05501316,-0.9971374,0.1938373,0.007482789,-0.2800463,0.9881871,-0.6680919,-4.384558,-0.5567068,-0.3849694,1.915,-0.6941924,0.07265736,-0.7161131,0.2327221,0.9641126,-0.1277788,0.6811296,-0.2553584,-0.6861886,moving,-55.78484,41.06327,-16.20959,-11.36658
05/11/2023 13:09:33.477615,1305,True,True,True,True,Eyes,0.2240279,0.1759192,-3.20401,0.7456015,-0.4400026,-0.5004759,0.0,0.0,0.0,0.0,0.0,0.0,0.0,-2.186307,-0.6403353,-2.342137,0.2747473,0.1809857,-3.250743,0.08365635,0.9116359,-0.1034662,0.3888654,14.69711,134.3491,4.272318,0.05355811,0.05498445,-0.9970491,0.182207,0.007033821,-0.2632435,1.008952,-0.6691102,-4.382751,-0.5603051,-0.3874569,1.915001,-0.6835706,0.07205945,-0.7263185,0.2329971,0.9645928,-0.1235848,0.6916962,-0.253709,-0.676157,moving,-56.129,41.32092,-16.30881,-11.43809
05/11/2023 13:09:33.487244,1306,True,True,True,True,Eyes,0.2268881,0.1759487,-3.206625,0.7487215,-0.4400993,-0.4957102,0.0,0.0,0.0,0.0,0.0,0.0,0.0,-2.219752,-0.6355926,-2.322187,0.2821384,0.1805758,-3.257548,0.08387621,0.9088846,-0.1032446,0.3952648,14.71324,133.5351,4.200773,0.05516727,0.05495567,-0.9969629,0.1712746,0.006611792,-0.2474489,1.030786,-0.6704512,-4.380356,-0.5640583,-0.3900526,1.915,-0.6734612,0.07084966,-0.7358196,0.2340855,0.9646107,-0.1213682,0.7011806,-0.2539815,-0.6662127,moving,-56.49244,41.59917,-16.4122,-11.51268
05/11/2023 13:09:33.507524,1307,True,True,True,True,Eyes,0.2299414,0.1759512,-3.209412,0.751924,-0.4402602,-0.4906946,0.0,0.0,0.0,0.0,0.0,0.0,0.0,-2.252309,-0.6336607,-2.301644,0.289704,0.1800769,-3.264295,0.08401904,0.9060927,-0.103466,0.401537,14.77198,132.7307,4.101956,0.0566983,0.05492586,-0.9968786,0.1609981,0.006215084,-0.2326019,1.05292,-0.6766546,-4.374684,-0.5678422,-0.392669,1.915001,-0.6634181,0.06916724,-0.7450456,0.2353489,0.9644712,-0.120026,0.7102731,-0.2549729,-0.6561261,moving,-56.87212,41.89904,-16.51632,-11.58782
05/11/2023 13:09:33.527536,1308,True,True,True,True,Eyes,0.2331839,0.1759122,-3.212363,0.7552472,-0.4404311,-0.4854093,0.0,0.0,0.0,0.0,0.0,0.0,0.0,-2.285109,-0.6282241,-2.28149,0.2973794,0.1794565,-3.271229,0.08407446,0.9032924,-0.1031,0.4078788,14.7643,131.9182,4.019583,0.05816454,0.05489398,-0.996796,0.1513382,0.005842179,-0.2186458,1.074914,-0.6827762,-4.369141,-0.5717337,-0.3953597,1.915002,-0.6531333,0.06778298,-0.7542036,0.2359923,0.9646037,-0.1176746,0.7195314,-0.2548434,-0.6460109,moving,-57.2705,42.2187,-16.62327,-11.66505
05/11/2023 13:09:33.537659,1309,True,True,True,True,Eyes,0.2366018,0.1758195,-3.215486,0.7585846,-0.4407591,-0.479876,0.0,0.0,0.0,0.0,0.0,0.0,0.0,-2.319077,-0.6220704,-2.259752,0.3050884,0.1784236,-3.278209,0.08439801,0.9003144,-0.1028173,0.414415,14.77876,131.0803,3.958575,0.05957736,0.05485868,-0.9967144,0.1422579,0.005491648,-0.2055271,1.096677,-0.6874642,-4.364686,-0.5756397,-0.3980609,1.915001,-0.6422746,0.06675139,-0.7635627,0.2371875,0.9646112,-0.1151842,0.7288524,-0.2550874,-0.6353778,moving,-57.68281,42.56702,-16.73051,-11.74255
05/11/2023 13:09:33.557711,1310,True,True,True,True,Eyes,0.2401916,0.1756739,-3.218774,0.762001,-0.4411654,-0.4740544,0.0,0.0,0.0,0.0,0.0,0.0,0.0,-2.353732,-0.6190611,-2.236012,0.3127605,0.177068,-3.285401,0.08480003,0.8971564,-0.1031641,0.4210424,14.86352,130.2233,3.872991,0.06094768,0.05481834,-0.9966338,0.1337225,0.005162149,-0.1931954,1.11751,-0.6929789,-4.360704,-0.5794541,-0.4006989,1.915001,-0.6310648,0.06528488,-0.7729783,0.2390306,0.9643322,-0.1136998,0.737985,-0.2565174,-0.6241612,moving,-58.11353,42.94192,-16.83512,-11.81818
05/11/2023 13:09:33.577472,1311,True,True,True,True,Eyes,0.2439741,0.1754785,-3.222199,0.7652841,-0.4418071,-0.4681311,0.0,0.0,0.0,0.0,0.0,0.0,0.0,-2.388262,-0.6180844,-2.211286,0.3204094,0.1756727,-3.292733,0.08545737,0.8939007,-0.1039577,0.4275877,15.00699,129.3724,3.791983,0.06228392,0.05477155,-0.9965538,0.1256991,0.00485242,-0.1816037,1.135199,-0.6966344,-4.357837,-0.5796001,-0.4007999,1.915,-0.6197314,0.06387869,-0.7822098,0.2416829,0.9637796,-0.1127748,0.7466739,-0.2589369,-0.6127229,moving,-58.54551,43.34293,-16.83913,-11.82108
05/11/2023 13:09:33.597315,1312,True,True,True,True,Eyes,0.2479241,0.1752321,-3.22579,0.7686626,-0.4424412,-0.4619561,0.0,0.0,0.0,0.0,0.0,0.0,0.0,-2.421742,-0.6181946,-2.187007,0.328207,0.1744019,-3.300282,0.08602854,0.8906764,-0.1048568,0.4339353,15.15603,128.5416,3.697464,0.06359467,0.05471723,-0.996474,0.1181572,0.004561275,-0.1707075,1.152739,-0.700319,-4.355338,-0.5796006,-0.4007997,1.915001,-0.6085986,0.06224506,-0.7910332,0.2442493,0.9632083,-0.1121252,0.7549505,-0.2614485,-0.6014106,static,-58.99469,43.76388,-16.83914,-11.82107
05/11/2023 13:09:33.607365,1313,True,True,True,True,Eyes,0.2520144,0.1749613,-3.229576,0.7719721,-0.4432125,-0.4556552,0.0,0.0,0.0,0.0,0.0,0.0,0.0,-2.454407,-0.615643,-2.163821,0.3361195,0.1729333,-3.307925,0.08587287,0.8875552,-0.1050547,0.4402671,15.19457,127.7081,3.560388,0.06488717,0.05465426,-0.9963942,0.1110677,0.004287598,-0.160465,1.170821,-0.7018211,-4.353901,-0.5796006,-0.4007999,1.915001,-0.5975816,0.05992955,-0.7995654,0.2449381,0.9631788,-0.1108698,0.7634799,-0.2620977,-0.5902568,static,-59.44884,44.20692,-16.83914,-11.82108
05/11/2023 13:09:33.627277,1314,True,True,True,True,Eyes,0.2562781,0.1746213,-3.233536,0.775438,-0.4438261,-0.4491264,0.0,0.0,0.0,0.0,0.0,0.0,0.0,-2.488139,-0.6175536,-2.137541,0.3441536,0.1720376,-3.315607,0.08625074,0.8841535,-0.1061451,0.4467289,15.3526,126.8509,3.429264,0.06616712,0.05458244,-0.996314,0.1044037,0.004030342,-0.1508371,1.187947,-0.7037443,-4.35344,-0.5796002,-0.4008,1.915,-0.5859884,0.05768166,-0.808264,0.2473539,0.9625881,-0.1106357,0.7716436,-0.2647585,-0.5783333,static,-59.92098,44.65992,-16.83914,-11.82109
05/11/2023 13:09:33.637360,1315,True,True,True,True,Eyes,0.3665847,0.164759,-3.336124,0.8464192,-0.4558322,-0.2753029,0.0,0.0,0.0,0.0,0.0,0.0,0.0,-2.522728,-0.6033456,-2.114943,0.3524932,0.1700092,-3.323856,0.08537573,0.880967,-0.1042584,0.4535836,15.13811,125.9557,3.316652,0.06743988,0.05450027,-0.9962331,0.09813946,0.003788522,-0.1417869,1.204014,-0.7033759,-4.35569,-0.5796006,-0.4007999,1.915,-0.5739458,0.0558466,-0.8169867,0.2450063,0.9636824,-0.1062464,0.7813821,-0.2611465,-0.5667841,static,-71.98257,58.86984,-16.83915,-11.82108
05/11/2023 13:09:33.660056,1316,True,True,True,True,Eyes,0.3669186,0.1647124,-3.336467,0.8465564,-0.4559079,-0.2747548,0.0,0.0,0.0,0.0,0.0,0.0,0.0,-2.558022,-0.6047485,-2.08562,0.3601967,0.1684008,-3.331802,0.08651362,0.8772393,-0.1057557,0.4601983,15.37723,125.0743,3.237255,0.07249261,0.05384162,-0.995914,0.4231711,-0.02602579,-0.4410428,1.219308,-0.7059503,-4.357033,-0.5796007,-0.4008,1.915,-0.5614661,0.05444912,-0.8257067,0.2491235,0.9626623,-0.1059193,0.7891095,-0.265173,-0.5540667,static,-72.01886,58.92456,-16.83915,-11.82109
05/11/2023 13:09:33.677456,1317,True,True,True,True,Eyes,0.3675594,0.1646286,-3.337144,0.8468283,-0.455928,-0.2738824,0.0,0.0,0.0,0.0,0.0,0.0,0.0,-2.593559,-0.6008625,-2.057895,0.3684832,0.1672553,-3.340473,0.08759312,0.8735496,-0.1062689,0.4668465,15.51243,124.1939,3.201385,0.07671058,0.05329017,-0.9956278,0.3977809,-0.02446424,-0.4145802,1.234387,-0.7102418,-4.357704,-0.5796002,-0.4007999,1.915,-0.548764,0.05381133,-0.834244,0.2522564,0.9620687,-0.1038773,0.7970102,-0.2674474,-0.5415229,static,-72.07768,59.00617,-16.83913,-11.82108
05/11/2023 13:09:33.687302,1318,True,True,True,True,Eyes,0.368502,0.1645178,-3.338142,0.8471987,-0.4560671,-0.2725017,0.0,0.0,0.0,0.0,0.0,0.0,0.0,-2.627247,-0.5919926,-2.033002,0.3765211,0.1662937,-3.349113,0.08771351,0.8701611,-0.1055061,0.4732805,15.46447,123.3428,3.139347,0.08024901,0.05282564,-0.9953735,0.373914,-0.02299639,-0.3897054,1.249335,-0.7136483,-4.359432,-0.5796005,-0.4007998,1.915001,-0.5366236,0.05278184,-0.8421692,0.2525177,0.9623497,-0.1005883,0.8051519,-0.2666407,-0.5297479,static,-72.16959,59.14154,-16.83913,-11.82107
05/11/2023 13:09:33.707364,1319,True,True,True,True,Eyes,0.3697704,0.1643818,-3.339418,0.8476812,-0.4561587,-0.270843,0.0,0.0,0.0,0.0,0.0,0.0,0.0,-2.660356,-0.5948552,-2.004884,0.3846531,0.1655635,-3.357907,0.08861379,0.8665106,-0.1069675,0.4794424,15.68494,122.5066,3.036527,0.08323709,0.05243129,-0.995149,0.3514792,-0.02161661,-0.3663231,1.263588,-0.7191239,-4.360311,-0.5795998,-0.4007999,1.915001,-0.524565,0.05100005,-0.8498412,0.2561391,0.9614111,-0.1004066,0.8119261,-0.2703474,-0.5173858,static,-72.28078,59.30039,-16.83912,-11.82108
05/11/2023 13:09:33.727172,1320,True,True,True,True,Eyes,0.3713109,0.1642259,-3.341005,0.8483189,-0.4562221,-0.2687307,0.0,0.0,0.0,0.0,0.0,0.0,0.0,-2.693389,-0.5852987,-1.980349,0.3930304,0.1649319,-3.367049,0.08834764,0.8631327,-0.1058577,0.4857892,15.5795,121.6609,2.955286,0.08590892,0.05207656,-0.9949406,0.3303904,-0.02031961,-0.3443437,1.279199,-0.7211023,-4.362709,-0.5796002,-0.4008,1.915,-0.5124075,0.04966235,-0.8573055,0.2553605,0.9619777,-0.09690188,0.8198964,-0.2685752,-0.5056064,static,-72.42283,59.50044,-16.83913,-11.82109
05/11/2023 13:09:33.737568,1321,True,True,True,True,Eyes,0.3731368,0.1640679,-3.342882,0.8490266,-0.4563061,-0.266343,0.0,0.0,0.0,0.0,0.0,0.0,0.0,-2.727156,-0.5787178,-1.953049,0.4010545,0.1642941,-3.376219,0.08828478,0.8595411,-0.1053754,0.4922306,15.54897,120.7936,2.857692,0.08835305,0.05174989,-0.9947436,0.310567,-0.01910043,-0.3236831,1.295285,-0.7257228,-4.362566,-0.5796006,-0.4007998,1.915001,-0.4998297,0.04803083,-0.864791,0.2555068,0.9622037,-0.09423598,0.8275788,-0.2680618,-0.4932103,static,-72.58315,59.72816,-16.83914,-11.82108
05/11/2023 13:09:33.757835,1322,True,True,True,True,Eyes,0.3752338,0.1639524,-3.345066,0.8498672,-0.4563658,-0.2635449,0.0,0.0,0.0,0.0,0.0,0.0,0.0,-2.759973,-0.5786924,-1.924944,0.4093451,0.1641625,-3.38574,0.08834188,0.8558928,-0.1059095,0.4984239,15.62606,119.9446,2.716754,0.09059982,0.051448,-0.9945571,0.291933,-0.01795441,-0.3042621,1.311837,-0.732834,-4.3606,-0.5796002,-0.4007999,1.915001,-0.4875388,0.04564668,-0.8719074,0.2567981,0.9619578,-0.09323103,0.8344823,-0.2693579,-0.4807137,static,-72.77128,59.99417,-16.83913,-11.82108
05/11/2023 13:09:33.777449,1323,True,True,True,True,Eyes,0.3775961,0.1639035,-3.347551,0.8509468,-0.4563165,-0.2601246,0.0,0.0,0.0,0.0,0.0,0.0,0.0,-2.791632,-0.5772854,-1.898485,0.4179131,0.1650625,-3.395411,0.08794369,0.8524044,-0.1058076,0.5044575,15.61128,119.1177,2.569438,0.09267594,0.05116924,-0.9943802,0.274417,-0.01687714,-0.2860064,1.327311,-0.7388952,-4.359434,-0.5796006,-0.4007998,1.915001,-0.4755771,0.04317631,-0.8786139,0.256678,0.9621414,-0.09165395,0.8413935,-0.2691094,-0.4686548,static,-73.00221,60.31457,-16.83914,-11.82107
05/11/2023 13:09:33.797536,1324,True,True,True,True,Eyes,0.3802304,0.1639812,-3.35033,0.8520916,-0.4563402,-0.2563074,0.0,0.0,0.0,0.0,0.0,0.0,0.0,-2.823192,-0.5736387,-1.872299,0.4266326,0.1665959,-3.405174,0.08733696,0.848935,-0.1051377,0.5105172,15.52651,118.2898,2.435124,0.09460546,0.0509128,-0.9942117,0.257952,-0.01586451,-0.268846,1.343661,-0.7392144,-4.361746,-0.5796002,-0.4007999,1.915001,-0.4634891,0.04093764,-0.8851566,0.255636,0.9626366,-0.08933604,0.848427,-0.2676841,-0.4566367,static,-73.25882,60.67888,-16.83913,-11.82108
05/11/2023 13:09:33.807611,1325,True,True,True,True,Eyes,0.3831604,0.1641423,-3.353353,0.8534554,-0.456173,-0.252032,0.0,0.0,0.0,0.0,0.0,0.0,0.0,-2.855952,-0.575442,-1.842317,0.4357713,0.1697244,-3.415118,0.08800752,0.8450807,-0.105728,0.5166382,15.64246,117.4441,2.350927,0.09640937,0.05067984,-0.9940503,0.2424749,-0.01491264,-0.2527152,1.360549,-0.7412503,-4.361069,-0.5796002,-0.4008,1.915,-0.4506794,0.03950063,-0.8918115,0.2579932,0.9621525,-0.08776132,0.854592,-0.2696335,-0.4438132,static,-73.54772,61.0797,-16.83914,-11.82109
05/11/2023 13:09:33.827676,1326,True,True,True,True,Eyes,0.3863078,0.1643789,-3.356621,0.8548652,-0.4560928,-0.247356,0.0,0.0,0.0,0.0,0.0,0.0,0.0,-2.888425,-0.5615637,-1.81708,0.4451813,0.1718871,-3.425259,0.08596849,0.8416446,-0.1026281,0.5231745,15.23067,116.5655,2.216969,0.0981085,0.05047003,-0.9938947,0.2279264,-0.01401788,-0.2375523,1.381563,-0.7415023,-4.357411,-0.5796006,-0.4007999,1.915001,-0.437796,0.03732505,-0.8982995,0.2520946,0.9641538,-0.08279965,0.8630083,-0.2627058,-0.4315121,static,-73.86215,61.52738,-16.83914,-11.82108
05/11/2023 13:09:33.847388,1327,True,True,True,True,Eyes,0.3897149,0.1646873,-3.360094,0.8562461,-0.4562166,-0.2422994,0.0,0.0,0.0,0.0,0.0,0.0,0.0,-2.919563,-0.5711794,-1.783804,0.453543,0.1739445,-3.434545,0.08579995,0.83767,-0.104312,0.5292131,15.40088,115.7012,1.981642,0.09971857,0.05028293,-0.993744,0.2142508,-0.01317681,-0.2232992,1.400769,-0.7500158,-4.348069,-0.5796007,-0.4007999,1.915001,-0.4251438,0.03333758,-0.9045116,0.2541506,0.9635148,-0.08394508,0.8687118,-0.2655709,-0.4181051,static,-74.19962,62.02696,-16.83915,-11.82108
05/11/2023 13:09:33.857936,1328,True,True,True,True,Eyes,0.3933322,0.1650709,-3.363788,0.8577229,-0.4562591,-0.2369366,0.0,0.0,0.0,0.0,0.0,0.0,0.0,-2.950351,-0.5786428,-1.751598,0.4626906,0.1760463,-3.444186,0.08647767,0.8336634,-0.1060007,0.5350614,15.62141,114.8648,1.829893,0.101255,0.05011809,-0.993597,0.2013957,-0.0123862,-0.2099012,1.421579,-0.7487155,-4.344092,-0.5796006,-0.4007999,1.915,-0.4124618,0.03075271,-0.9104556,0.2576204,0.9625709,-0.08419617,0.8737888,-0.2692796,-0.4049462,static,-74.55777,62.55703,-16.83915,-11.82108
05/11/2023 13:09:33.877646,1329,True,True,True,True,Eyes,0.3971515,0.1655111,-3.367682,0.8592169,-0.4563804,-0.2312211,0.0,0.0,0.0,0.0,0.0,0.0,0.0,-2.980768,-0.5736908,-1.721981,0.4713214,0.1781168,-3.453324,0.08575897,0.8299341,-0.1050195,0.5411338,15.49372,114.0218,1.706021,0.1027305,0.0499751,-0.9934527,0.189312,-0.01164303,-0.1973072,1.442656,-0.7464976,-4.339063,-0.579601,-0.4007999,1.915,-0.3996395,0.0286894,-0.9162236,0.2560078,0.9632327,-0.08150434,0.8801982,-0.2671326,-0.3922904,static,-74.93813,63.13135,-16.83916,-11.82108
05/11/2023 13:09:33.896970,1330,True,True,True,True,Eyes,0.4011707,0.1660051,-3.371769,0.86077,-0.4564558,-0.225218,0.0,0.0,0.0,0.0,0.0,0.0,0.0,-3.010176,-0.5809613,-1.688431,0.4799931,0.1799012,-3.462185,0.08568043,0.8259116,-0.1064004,0.5469987,15.63385,113.1725,1.495161,0.1041564,0.04985312,-0.9933103,0.1779533,-0.01094445,-0.1854687,1.463389,-0.7446782,-4.334135,-0.5796004,-0.4008,1.915,-0.3869021,0.02512717,-0.9217782,0.2579307,0.9626756,-0.08202042,0.8853124,-0.2694888,-0.3789423,static,-75.33743,63.738,-16.83914,-11.82109
05/11/2023 13:09:33.913032,1331,True,True,True,True,Eyes,0.4053845,0.1665529,-3.376027,0.8623012,-0.4565263,-0.219136,0.0,0.0,0.0,0.0,0.0,0.0,0.0,-3.038632,-0.5810321,-1.658061,0.4888549,0.1817577,-3.471027,0.08500062,0.8221427,-0.1062554,0.5527806,15.58618,112.3504,1.326202,0.1055421,0.04975132,-0.9931692,0.1672761,-0.01028778,-0.1743406,1.483359,-0.7421352,-4.330006,-0.5796005,-0.4007999,1.915001,-0.3744175,0.02229344,-0.9269924,0.257237,0.9629694,-0.08074077,0.8908653,-0.2686875,-0.3662872,static,-75.7413,64.35865,-16.83914,-11.82108
05/11/2023 13:09:33.927271,1332,True,True,True,True,Eyes,0.4097933,0.1671512,-3.38043,0.863883,-0.4565268,-0.2128132,0.0,0.0,0.0,0.0,0.0,0.0,0.0,-3.066507,-0.5739601,-1.629371,0.4977912,0.1835669,-3.479403,0.08530843,0.8184379,-0.1054354,0.5583596,15.53638,111.572,1.302333,0.106896,0.04966899,-0.9930285,0.1572395,-0.009670514,-0.1638802,1.503806,-0.7388005,-4.325382,-0.5796008,-0.4008,1.915,-0.3619143,0.02189757,-0.9319544,0.257381,0.9632117,-0.07731907,0.8959763,-0.2678502,-0.3542361,static,-76.16103,65.00709,-16.83915,-11.82108
05/11/2023 13:09:33.947213,1333,True,True,True,True,Eyes,0.4144048,0.1677671,-3.384896,0.8654783,-0.4564618,-0.2063731,0.0,0.0,0.0,0.0,0.0,0.0,0.0,-3.095187,-0.5614921,-1.599331,0.506887,0.1853607,-3.487409,0.08544552,0.8145747,-0.10371,0.5642795,15.39009,110.755,1.317052,0.1082269,0.04960534,-0.9928875,0.1478051,-0.009090283,-0.1540473,1.526108,-0.734359,-4.318831,-0.5796006,-0.4007997,1.915001,-0.3485753,0.02216066,-0.9370187,0.2562464,0.9638866,-0.07252876,0.9015724,-0.2653894,-0.3416657,static,-76.58828,65.67157,-16.83914,-11.82107
05/11/2023 13:09:33.957599,1334,True,True,True,True,Eyes,0.4191785,0.168389,-3.389471,0.8670614,-0.45645,-0.1996444,0.0,0.0,0.0,0.0,0.0,0.0,0.0,-3.123809,-0.5535195,-1.565787,0.5158474,0.1864246,-3.495055,0.08508024,0.8104582,-0.1026314,0.5704259,15.27314,109.8877,1.236714,0.1095423,0.04955887,-0.9927455,0.1389368,-0.008544866,-0.1448045,1.550349,-0.7308243,-4.308719,-0.5796002,-0.4008,1.914999,-0.3347513,0.02082077,-0.9420763,0.2549951,0.9644563,-0.06929296,0.9071487,-0.2634208,-0.3281622,static,-77.03342,66.37615,-16.83914,-11.82109
05/11/2023 13:09:33.977495,1335,True,True,True,True,Eyes,0.4241214,0.1689849,-3.394116,0.868601,-0.4564621,-0.1928076,0.0,0.0,0.0,0.0,0.0,0.0,0.0,-3.151912,-0.5496088,-1.529813,0.5245619,0.1871957,-3.50239,0.08572554,0.80613,-0.1028144,0.5763983,15.34245,109.0266,1.169793,0.1108474,0.04952783,-0.9926023,0.1306006,-0.008032174,-0.1361162,1.575255,-0.7279254,-4.296567,-0.5796004,-0.4008,1.915,-0.3208327,0.01968775,-0.9469315,0.256736,0.9641606,-0.0669395,0.9116762,-0.2645877,-0.3143888,static,-77.4847,67.10101,-16.83914,-11.82109
05/11/2023 13:09:33.997440,1336,True,True,True,True,Eyes,0.4292271,0.169581,-3.398839,0.8701001,-0.4565328,-0.1857515,0.0,0.0,0.0,0.0,0.0,0.0,0.0,-3.178253,-0.5387881,-1.498191,0.5334741,0.1873301,-3.509484,0.08627106,0.8021315,-0.1018604,0.5820368,15.29784,108.228,1.177907,0.1121476,0.04950975,-0.9924572,0.1227646,-0.007550243,-0.1279493,1.602424,-0.7180889,-4.28703,-0.5796005,-0.4007998,1.915001,-0.3075809,0.01982852,-0.9513152,0.2569744,0.9643636,-0.06298494,0.9161649,-0.2638367,-0.3017153,static,-77.94923,67.85985,-16.83913,-11.82107
05/11/2023 13:09:34.007484,1337,True,True,True,True,Eyes,0.4345219,0.170193,-3.403581,0.8715487,-0.4566321,-0.1785776,0.0,0.0,0.0,0.0,0.0,0.0,0.0,-3.204087,-0.5275472,-1.465941,0.5424777,0.1878031,-3.516235,0.08783136,0.7980318,-0.1013411,0.5875038,15.36395,107.4489,1.254314,0.1134472,0.04950317,-0.9923098,0.1153987,-0.007097229,-0.1202723,1.624491,-0.7182968,-4.274479,-0.5796007,-0.4008,1.915,-0.2942497,0.02110785,-0.9554953,0.259261,0.9640313,-0.05854438,0.9198917,-0.2649494,-0.2891383,static,-78.42055,68.64075,-16.83915,-11.82109
05/11/2023 13:09:34.027226,1338,True,True,True,True,Eyes,0.4400065,0.1708102,-3.408383,0.8730607,-0.4565691,-0.1712003,0.0,0.0,0.0,0.0,0.0,0.0,0.0,-3.230057,-0.5150522,-1.432262,0.5520574,0.1888485,-3.52271,0.08905551,0.7937691,-0.1003883,0.5932303,15.3688,106.6328,1.323552,0.114751,0.04950729,-0.9921597,0.1084748,-0.006671395,-0.113056,1.642877,-0.7245114,-4.26177,-0.5796004,-0.4007999,1.915001,-0.2802942,0.02227229,-0.9596559,0.2604857,0.9639826,-0.05370937,0.9238954,-0.265031,-0.2760003,static,-78.90553,69.4454,-16.83913,-11.82108
05/11/2023 13:09:34.047303,1339,True,True,True,True,Eyes,0.4456545,0.1713969,-3.413234,0.8746894,-0.4563163,-0.1633828,0.0,0.0,0.0,0.0,0.0,0.0,0.0,-3.255214,-0.4976455,-1.400809,0.5621551,0.1895527,-3.529077,0.08833093,0.7897125,-0.09760573,0.5991869,15.07092,105.7988,1.337804,0.1160645,0.04952105,-0.9920062,0.1019663,-0.006271111,-0.1062726,1.659313,-0.728262,-4.252116,-0.5796006,-0.4007998,1.915002,-0.2663454,0.02254394,-0.9636139,0.2564802,0.9653416,-0.04830745,0.9291275,-0.2600144,-0.2628963,static,-79.41968,70.30023,-16.83914,-11.82107
05/11/2023 13:09:34.057552,1340,True,True,True,True,Eyes,0.4514755,0.1719437,-3.418117,0.8762783,-0.4560786,-0.1553337,0.0,0.0,0.0,0.0,0.0,0.0,0.0,-3.279428,-0.4856367,-1.366939,0.5718699,0.1893584,-3.534985,0.08766366,0.7854981,-0.09589715,0.6050715,14.87669,104.9534,1.284769,0.1173896,0.04954245,-0.9918492,0.09584832,-0.005894844,-0.09989624,1.672639,-0.738554,-4.240524,-0.5796009,-0.4007998,1.915002,-0.2524071,0.02167,-0.9673785,0.2537685,0.9662377,-0.04456849,0.9337517,-0.2567396,-0.2493845,static,-79.94787,71.19192,-16.83914,-11.82107
05/11/2023 13:09:34.077645,1341,True,True,True,True,Eyes,0.457455,0.1724599,-3.42303,0.877761,-0.4560209,-0.1469032,0.0,0.0,0.0,0.0,0.0,0.0,0.0,-3.301674,-0.4867197,-1.331698,0.5819144,0.1889273,-3.540769,0.0872518,0.7812135,-0.09644876,0.6105657,14.90636,104.1243,1.099795,0.1187293,0.04956946,-0.9916883,0.09009742,-0.005541154,-0.09390247,1.685439,-0.747015,-4.230329,-0.5796002,-0.4007999,1.915,-0.2391937,0.01854795,-0.9707949,0.2541012,0.9661695,-0.04414827,0.9371336,-0.2572401,-0.2358148,static,-80.49896,72.1441,-16.83914,-11.82109
05/11/2023 13:09:34.097090,1342,True,True,True,True,Eyes,0.4636059,0.1729466,-3.427938,0.8791137,-0.4561076,-0.1382929,0.0,0.0,0.0,0.0,0.0,0.0,0.0,-3.321312,-0.496353,-1.297058,0.5919278,0.1886962,-3.545963,0.08750545,0.7770379,-0.09867747,0.6154816,15.13346,103.3499,0.8619605,0.120087,0.04960054,-0.9915233,0.08469158,-0.005208685,-0.08826832,1.700741,-0.7488574,-4.222752,-0.5796003,-0.4008,1.915,-0.2270504,0.01452176,-0.9737749,0.2574584,0.9652111,-0.04563628,0.9392355,-0.2610683,-0.2228904,static,-81.06009,73.13257,-16.83914,-11.82109
05/11/2023 13:09:34.107578,1343,True,True,True,True,Eyes,0.6211082,0.1840085,-3.549817,0.887719,-0.4524311,0.08521228,0.0,0.0,0.0,0.0,0.0,0.0,0.0,-3.33979,-0.506497,-1.263399,0.6022655,0.1884897,-3.550869,0.08815847,0.7729137,-0.1011843,0.6201566,15.41197,102.6022,0.6405588,0.1214646,0.04963436,-0.9913538,0.07961008,-0.004896163,-0.08297222,1.714298,-0.7561123,-4.21128,-0.579601,-0.4007998,1.915001,-0.2152677,0.0107776,-0.9764955,0.2617779,0.9639797,-0.04706931,0.9408145,-0.2657575,-0.210335,static,84.51697,-79.33369,-16.83915,-11.82108
05/11/2023 13:09:34.127219,1344,True,True,True,True,Eyes,0.6215112,0.1839823,-3.549978,0.8875314,-0.4527012,0.08573043,0.0,0.0,0.0,0.0,0.0,0.0,0.0,-3.357218,-0.519567,-1.228165,0.6122243,0.1879105,-3.555153,0.08911452,0.768688,-0.1044378,0.624716,15.77752,101.8519,0.3878766,0.1285155,0.04978694,-0.9904568,0.5473405,0.0285831,-0.443629,1.730174,-0.7605969,-4.199253,-0.5796003,-0.4007999,1.915,-0.2035771,0.006514633,-0.9790373,0.2674904,0.9623027,-0.04921758,0.9418095,-0.2719027,-0.1976453,static,84.48267,-79.27658,-16.83914,-11.82109
05/11/2023 13:09:34.137350,1345,True,True,True,True,Eyes,0.6223078,0.1839364,-3.550298,0.8872349,-0.4530743,0.08682127,0.0,0.0,0.0,0.0,0.0,0.0,0.0,-3.373996,-0.534688,-1.19227,0.6223955,0.1872976,-3.559324,0.0910917,0.764349,-0.108632,0.6290247,16.29981,101.1164,0.1544443,0.1343292,0.04991837,-0.9896784,0.5145,0.02686812,-0.4170113,1.746242,-0.7652737,-4.185508,-0.5796009,-0.4007999,1.915001,-0.1920605,0.002587216,-0.9813797,0.2759162,0.9598027,-0.05146771,0.9417979,-0.2806634,-0.185054,static,84.41106,-79.15208,-16.83915,-11.82108
05/11/2023 13:09:34.157514,1346,True,True,True,True,Eyes,0.6234903,0.1838677,-3.550742,0.8868374,-0.4535755,0.08825445,0.0,0.0,0.0,0.0,0.0,0.0,0.0,-3.390135,-0.5397365,-1.160502,0.632817,0.186826,-3.563108,0.09337371,0.7602777,-0.111307,0.6331428,16.70753,100.4355,0.0618198,0.1391393,0.05003121,-0.9890079,0.48363,0.02525603,-0.3919906,1.764517,-0.7683137,-4.169593,-0.5796004,-0.4007999,1.915001,-0.180823,0.001033411,-0.983515,0.2829264,0.9577842,-0.05101077,0.9419424,-0.2874863,-0.1734817,static,84.31687,-78.98925,-16.83914,-11.82108
05/11/2023 13:09:34.177566,1347,True,True,True,True,Eyes,0.6250475,0.1837842,-3.551374,0.8864759,-0.4539467,0.08995972,0.0,0.0,0.0,0.0,0.0,0.0,0.0,-3.405352,-0.5349351,-1.13435,0.6433191,0.1861846,-3.566623,0.09536358,0.7566497,-0.1121638,0.6370292,16.93199,99.82401,0.08446966,0.1431386,0.05012735,-0.9884322,0.4546122,0.02374067,-0.3684712,1.787484,-0.7610997,-4.15601,-0.5796009,-0.4008001,1.915,-0.1701991,0.001410371,-0.9854085,0.287217,0.9566501,-0.04823874,0.9426232,-0.2912363,-0.1632262,static,84.20545,-78.79079,-16.83916,-11.82109
05/11/2023 13:09:34.187420,1348,True,True,True,True,Eyes,0.6269912,0.1836852,-3.552103,0.8860901,-0.4543189,0.09186189,0.0,0.0,0.0,0.0,0.0,0.0,0.0,-3.419491,-0.5251732,-1.113013,0.6542068,0.1857322,-3.570019,0.09751359,0.753387,-0.1121887,0.6405568,17.09572,99.2841,0.192092,0.1464856,0.05020836,-0.9879376,0.4273355,0.02231623,-0.3463629,1.810145,-0.7549631,-4.141517,-0.5796003,-0.4007999,1.915001,-0.1603565,0.00320452,-0.987054,0.2906573,0.9558096,-0.04411701,0.9432943,-0.2939689,-0.1542017,static,84.08124,-78.56908,-16.83913,-11.82108
05/11/2023 13:09:34.207765,1349,True,True,True,True,Eyes,0.6293216,0.1835601,-3.552874,0.885883,-0.4543081,0.09389045,0.0,0.0,0.0,0.0,0.0,0.0,0.0,-3.433223,-0.5041473,-1.096969,0.6654702,0.1853314,-3.573139,0.09927971,0.7505085,-0.1100736,0.6440222,17.04358,98.79828,0.4339295,0.1493118,0.05027559,-0.9875109,0.4016954,0.02097725,-0.3255811,1.834281,-0.7460251,-4.127552,-0.5796004,-0.4008,1.915,-0.1507583,0.007240835,-0.9885443,0.2908002,0.9560547,-0.03734571,0.944832,-0.293099,-0.1462389,static,83.95008,-78.32325,-16.83914,-11.82109
05/11/2023 13:09:34.227099,1350,True,True,True,True,Eyes,0.6320255,0.1833921,-3.553714,0.8856974,-0.4542028,0.09612496,0.0,0.0,0.0,0.0,0.0,0.0,0.0,-3.446123,-0.4774794,-1.084184,0.6769531,0.1845736,-3.575873,0.09971493,0.7479327,-0.1062651,0.6475813,16.74455,98.32764,0.6898615,0.1518039,0.05033023,-0.9871281,0.3775936,0.01971862,-0.3060463,1.858214,-0.7393569,-4.11062,-0.5796003,-0.4007999,1.915001,-0.1413908,0.01152954,-0.9898867,0.2867906,0.9575293,-0.02981117,0.9475018,-0.2881052,-0.1386924,static,83.80592,-78.05056,-16.83913,-11.82108
05/11/2023 13:09:34.237763,1351,True,True,True,True,Eyes,0.6350979,0.1831753,-3.554609,0.8856189,-0.4538438,0.09851424,0.0,0.0,0.0,0.0,0.0,0.0,0.0,-3.458682,-0.4575027,-1.068401,0.6886487,0.1833627,-3.578464,0.09997162,0.7451106,-0.1035514,0.6512244,16.5303,97.81579,0.8432938,0.1541151,0.05037275,-0.9867678,0.354938,0.0185355,-0.2876835,1.880861,-0.7359995,-4.091912,-0.5796003,-0.4007999,1.915001,-0.1318252,0.01410945,-0.9911726,0.2838502,0.9585656,-0.02410657,0.9497639,-0.2845224,-0.1303682,static,83.65264,-77.75301,-16.83913,-11.82108
05/11/2023 13:09:34.257863,1352,True,True,True,True,Eyes,0.638538,0.1829044,-3.555541,0.8855413,-0.453422,0.1011186,0.0,0.0,0.0,0.0,0.0,0.0,0.0,-3.470131,-0.4424598,-1.052052,0.7005952,0.1819365,-3.580566,0.09992773,0.7422685,-0.1014829,0.6547926,16.35088,97.29822,0.9223243,0.1562726,0.05040289,-0.9864269,0.3336417,0.01742337,-0.2704225,1.902158,-0.7332417,-4.075077,-0.5796002,-0.4007999,1.915001,-0.1225226,0.01544588,-0.9923457,0.2812469,0.9594314,-0.01979127,0.9517819,-0.281519,-0.1218961,static,83.48569,-77.42807,-16.83913,-11.82108
05/11/2023 13:09:34.277396,1353,True,True,True,True,Eyes,0.6423285,0.1825654,-3.556484,0.885427,-0.4530086,0.1039343,0.0,0.0,0.0,0.0,0.0,0.0,0.0,-3.480778,-0.4314086,-1.035734,0.7128936,0.1803491,-3.582448,0.09969743,0.7394358,-0.09995129,0.6582592,16.20462,96.78255,0.9458716,0.1583019,0.05042029,-0.9861024,0.3136232,0.01637797,-0.2541972,1.921416,-0.7334791,-4.05822,-0.5796003,-0.4007999,1.915001,-0.113511,0.01585197,-0.9934104,0.2790273,0.9601403,-0.01656166,0.9535509,-0.2790686,-0.1134096,static,83.30507,-77.07819,-16.83913,-11.82108
05/11/2023 13:09:34.297246,1354,True,True,True,True,Eyes,0.6464663,0.1821658,-3.557489,0.8853258,-0.4524765,0.107067,0.0,0.0,0.0,0.0,0.0,0.0,0.0,-3.490424,-0.4243271,-1.018586,0.7251319,0.1783727,-3.583712,0.09995433,0.7365311,-0.09941901,0.661549,16.18262,96.27307,0.9365691,0.1602249,0.05042427,-0.9857915,0.2948058,0.01539529,-0.2389453,1.940067,-0.7348456,-4.040842,-0.5796003,-0.4007997,1.915002,-0.1047244,0.01569785,-0.9943775,0.27878,0.96025,-0.01420103,0.9546281,-0.2786997,-0.1049379,static,83.10442,-76.68728,-16.83913,-11.82107
05/11/2023 13:09:34.307637,1355,True,True,True,True,Eyes,0.6509503,0.181704,-3.55848,0.8851728,-0.4519787,0.1103826,0.0,0.0,0.0,0.0,0.0,0.0,0.0,-3.500543,-0.4146851,-1.00031,0.7377689,0.1764596,-3.584821,0.1007277,0.7334271,-0.09879954,0.6649642,16.19368,95.74458,0.9759273,0.1620615,0.05041436,-0.9854917,0.2771175,0.01447157,-0.2246086,1.959253,-0.7344688,-4.024039,-0.5796008,-0.4007998,1.915002,-0.09535321,0.01635657,-0.9953092,0.2791492,0.9601852,-0.01096389,0.9555017,-0.2788852,-0.09612267,static,82.89182,-76.27582,-16.83914,-11.82107
05/11/2023 13:09:34.327389,1356,True,True,True,True,Eyes,0.6557806,0.181179,-3.559481,0.8850134,-0.4514127,0.113921,0.0,0.0,0.0,0.0,0.0,0.0,0.0,-3.509865,-0.4045737,-0.983377,0.7505874,0.174506,-3.585531,0.1014535,0.7304283,-0.09805106,0.6682572,16.19054,95.23586,1.023993,0.1638293,0.05039021,-0.9852006,0.2604904,0.01360328,-0.2111321,1.978039,-0.735374,-4.00623,-0.5796008,-0.4007998,1.915001,-0.08627907,0.01716232,-0.9961232,0.2792557,0.9601864,-0.007644496,0.9563327,-0.2788326,-0.08763665,static,82.66509,-75.83627,-16.83915,-11.82108
05/11/2023 13:09:34.337530,1357,True,True,True,True,Eyes,0.6609463,0.1805755,-3.560443,0.8846642,-0.4510671,0.1179313,0.0,0.0,0.0,0.0,0.0,0.0,0.0,-3.518025,-0.3970396,-0.9689558,0.7637991,0.172426,-3.586069,0.1019656,0.7276597,-0.0975359,0.6712685,16.19089,94.7648,1.040979,0.1655445,0.0503514,-0.9849159,0.244861,0.01278708,-0.1984642,1.995964,-0.7385064,-3.987081,-0.5796002,-0.4007999,1.915001,-0.0780036,0.01744694,-0.9968005,0.279338,0.9601795,-0.005053333,0.9570193,-0.2788384,-0.079771,static,82.40688,-75.34801,-16.83913,-11.82108
05/11/2023 13:09:34.362325,1358,True,True,True,True,Eyes,0.6664453,0.1798949,-3.561356,0.8842564,-0.4507848,0.121999,0.0,0.0,0.0,0.0,0.0,0.0,0.0,-3.524618,-0.388938,-0.9584517,0.7770417,0.1699249,-3.586107,0.1020206,0.7252758,-0.096633,0.6739651,16.12226,94.35003,1.057601,0.1672209,0.05029726,-0.9846355,0.2301693,0.01201986,-0.1865563,2.01262,-0.7434984,-3.967529,-0.5796,-0.4008001,1.915,-0.07072584,0.01773166,-0.9973382,0.2782407,0.9605077,-0.002654479,0.957904,-0.2776878,-0.07286631,static,82.14461,-74.85641,-16.83914,-11.82109
05/11/2023 13:09:34.377437,1359,True,True,True,True,Eyes,0.6722711,0.1791549,-3.562198,0.8837768,-0.4505931,0.1261136,0.0,0.0,0.0,0.0,0.0,0.0,0.0,-3.530075,-0.38343,-0.9503398,0.7905591,0.1674042,-3.585886,0.1029137,0.7230673,-0.09658574,0.6762055,16.19203,93.99076,1.086124,0.1688724,0.05022717,-0.9843571,0.2163592,0.01129867,-0.1753629,2.028786,-0.7484032,-3.94856,-0.5796007,-0.4008,1.915001,-0.06431028,0.01820341,-0.9977639,0.2794506,0.96016,-0.0004944321,0.958004,-0.2788575,-0.06683505,static,81.87881,-74.36395,-16.83915,-11.82108
05/11/2023 13:09:34.387361,1360,True,True,True,True,Eyes,0.6784204,0.1783568,-3.562948,0.88311,-0.4506381,0.1305446,0.0,0.0,0.0,0.0,0.0,0.0,0.0,-3.535118,-0.3768553,-0.9423184,0.8042547,0.1652566,-3.585095,0.1042617,0.7208192,-0.09657807,0.6783965,16.30152,93.63802,1.150488,0.1705094,0.05014116,-0.9840792,0.2033776,0.01062075,-0.1648412,2.046371,-0.7497611,-3.930402,-0.5796002,-0.4008,1.915,-0.05781526,0.01927125,-0.9981412,0.2813441,0.9596043,0.002230895,0.9578637,-0.2806922,-0.06090171,static,81.59122,-73.84431,-16.83914,-11.82109
05/11/2023 13:09:34.407401,1361,True,True,True,True,Eyes,0.6848903,0.1775325,-3.563612,0.8823664,-0.4507806,0.1350054,0.0,0.0,0.0,0.0,0.0,0.0,0.0,-3.540232,-0.3666909,-0.9347496,0.8181794,0.1630895,-3.584054,0.1051935,0.7185805,-0.09574355,0.6807421,16.30904,93.27604,1.243409,0.1721428,0.05003927,-0.9838,0.191175,0.009983502,-0.1549507,2.062351,-0.7542125,-3.910303,-0.5796002,-0.4008,1.915001,-0.05104938,0.02082671,-0.9984791,0.2815334,0.959535,0.005620449,0.9581927,-0.2808182,-0.05484704,static,81.30099,-73.32745,-16.83913,-11.82108
05/11/2023 13:09:34.427132,1362,True,True,True,True,Eyes,0.6916875,0.1766886,-3.564161,0.8815427,-0.4509955,0.1395909,0.0,0.0,0.0,0.0,0.0,0.0,0.0,-3.545142,-0.3588612,-0.926352,0.8323731,0.1616619,-3.582731,0.1069055,0.7162165,-0.09563969,0.6829775,16.44086,92.91587,1.343961,0.1737815,0.04992241,-0.9835177,0.1797045,0.009384492,-0.1456537,2.083301,-0.7486991,-3.893138,-0.5796001,-0.4008,1.914999,-0.04422613,0.0224954,-0.9987682,0.2837744,0.9588485,0.009030604,0.9578706,-0.2830254,-0.04878977,static,81.00201,-72.8018,-16.83914,-11.82109
05/11/2023 13:09:34.447236,1363,True,True,True,True,Eyes,0.6987917,0.1758382,-3.564576,0.8806545,-0.4512826,0.1441932,0.0,0.0,0.0,0.0,0.0,0.0,0.0,-3.548955,-0.3482894,-0.9231932,0.8470095,0.1603629,-3.581275,0.1071733,0.7143806,-0.09409043,0.6850704,16.33633,92.60715,1.445514,0.1754344,0.04979162,-0.9832308,0.1689222,0.008821423,-0.1369144,2.096919,-0.7567992,-3.871808,-0.5796007,-0.4007998,1.915001,-0.03838498,0.02420786,-0.9989697,0.2820421,0.9593218,0.01240971,0.9586339,-0.2812752,-0.04365126,static,80.70124,-72.28036,-16.83914,-11.82108
05/11/2023 13:09:34.457797,1364,True,True,True,True,Eyes,0.7062017,0.1749733,-3.564886,0.8797686,-0.4515378,0.1487309,0.0,0.0,0.0,0.0,0.0,0.0,0.0,-3.551224,-0.3406079,-0.9229434,0.8614779,0.1593726,-3.579313,0.1075339,0.712867,-0.09293909,0.6867456,16.27234,92.35744,1.531969,0.1771084,0.04964824,-0.9829379,0.1587869,0.008292138,-0.1286996,2.111717,-0.7616928,-3.852327,-0.5796005,-0.4007999,1.915001,-0.03363418,0.02566375,-0.9991047,0.2809657,0.9595975,0.01519045,0.9591283,-0.2802033,-0.03948591,static,80.40449,-71.76877,-16.83914,-11.82108
05/11/2023 13:09:34.477360,1365,True,True,True,True,Eyes,0.7139032,0.1741769,-3.56502,0.8787446,-0.4520314,0.1532177,0.0,0.0,0.0,0.0,0.0,0.0,0.0,-3.552562,-0.3346303,-0.925045,0.8761951,0.1579337,-3.577111,0.1077788,0.71157,-0.09199762,0.6881775,16.21649,92.14243,1.597148,0.1788098,0.0494932,-0.9826377,0.1492597,0.007794609,-0.1209776,2.128205,-0.7606254,-3.835143,-0.5796002,-0.4008001,1.914999,-0.0295907,0.02676296,-0.9992037,0.2800057,0.9598404,0.01741643,0.9595421,-0.2792674,-0.03589622,static,80.10935,-71.27573,-16.83914,-11.82109
05/11/2023 13:09:34.487353,1366,True,True,True,True,Eyes,0.7219124,0.1734571,-3.565048,0.8777546,-0.4524364,0.1576333,0.0,0.0,0.0,0.0,0.0,0.0,0.0,-3.554362,-0.3318293,-0.9235551,0.8909073,0.1588981,-3.574575,0.110467,0.709838,-0.09270006,0.6894447,16.49465,91.92123,1.73341,0.1805443,0.0493297,-0.9823288,0.1403041,0.007326933,-0.1137189,2.140869,-0.7670448,-3.81589,-0.5796,-0.4008,1.915,-0.02492647,0.02900424,-0.9992685,0.2846504,0.9584075,0.02071772,0.9583074,-0.2839258,-0.03214576,static,79.81895,-70.79115,-16.83913,-11.82109
05/11/2023 13:09:34.507352,1367,True,True,True,True,Eyes,0.9288872,0.1583176,-3.563061,0.8467499,-0.4607721,0.2659017,0.0,0.0,0.0,0.0,0.0,0.0,0.0,-3.556385,-0.3202517,-0.9256091,0.9063668,0.1602356,-3.572115,0.1107398,0.7084569,-0.09045175,0.6911181,16.33368,91.69283,1.903946,0.1823166,0.04916078,-0.9820099,0.1318858,0.006887317,-0.1068958,2.157775,-0.7637345,-3.799552,-0.5796008,-0.4007999,1.915001,-0.02018548,0.03188313,-0.9992878,0.2819344,0.9591104,0.02490624,0.9592214,-0.2812309,-0.02834898,static,72.56635,-60.01168,-16.83915,-11.82108
05/11/2023 13:09:34.527379,1368,True,True,True,True,Eyes,0.9295046,0.158474,-3.562899,0.8465679,-0.4610025,0.2660817,0.0,0.0,0.0,0.0,0.0,0.0,0.0,-3.559002,-0.3118461,-0.9232762,0.9211563,0.1623947,-3.569493,0.1122515,0.7066694,-0.08941367,0.692837,16.37458,91.43124,2.075727,0.1930275,0.04828783,-0.9800041,0.7448969,-0.03894466,-0.09452111,2.173162,-0.7625343,-3.781714,-0.5796003,-0.4007999,1.915001,-0.01475303,0.03475123,-0.9992872,0.2825476,0.9588096,0.02917221,0.9591399,-0.2819158,-0.0239642,static,72.55173,-60.0073,-16.83914,-11.82108
05/11/2023 13:09:34.547350,1369,True,True,True,True,Eyes,0.9307205,0.1587777,-3.562604,0.8464222,-0.4611081,0.2663623,0.0,0.0,0.0,0.0,0.0,0.0,0.0,-3.560658,-0.3179195,-0.9212444,0.9366478,0.1664387,-3.566936,0.115202,0.704914,-0.09114433,0.6939148,16.76091,91.2178,2.150016,0.2017354,0.04756841,-0.9782841,0.7002031,-0.03660798,-0.08884984,2.187032,-0.7636672,-3.763582,-0.5796004,-0.4007999,1.915,-0.01042194,0.03592226,-0.9993004,0.2889078,0.9568424,0.03138295,0.9573002,-0.2883786,-0.02035037,static,72.53163,-59.98682,-16.83914,-11.82108
05/11/2023 13:09:34.557605,1370,True,True,True,True,Eyes,0.9324482,0.1591559,-3.562213,0.8462679,-0.4611926,0.266706,0.0,0.0,0.0,0.0,0.0,0.0,0.0,-3.561918,-0.3128833,-0.9244058,0.9522606,0.1703107,-3.564249,0.1150879,0.7037476,-0.08926398,0.6953603,16.60033,91.01716,2.263222,0.2088378,0.04698059,-0.9768209,0.6581908,-0.0344115,-0.08351886,2.20195,-0.7609332,-3.746905,-0.5796003,-0.4007999,1.915,-0.006457549,0.03784447,-0.9992629,0.286127,0.9575734,0.03441657,0.95817,-0.2856938,-0.01701194,static,72.50747,-59.95936,-16.83914,-11.82108
05/11/2023 13:09:34.577583,1371,True,True,True,True,Eyes,0.9324482,0.1591559,-3.562213,0.8462679,-0.4611926,0.266706,0.0,0.0,0.0,0.0,0.0,0.0,0.0,-3.563107,-0.3030442,-0.9277368,0.9662992,0.1724903,-3.561569,0.1158074,0.7026126,-0.0874207,0.6966217,16.51065,90.84573,2.44714,0.2146555,0.04650425,-0.9755818,0.6186994,-0.03234681,-0.07850772,2.21755,-0.7555714,-3.73079,-0.5796003,-0.4007999,1.915001,-0.002613918,0.04093711,-0.9991584,0.2845338,0.9578925,0.03850207,0.9586626,-0.2841937,-0.01415182,static,72.50747,-59.95936,-16.83914,-11.82108
05/11/2023 13:09:34.587373,1372,True,True,True,True,Eyes,0.9324482,0.1591559,-3.562213,0.8462679,-0.4611926,0.266706,0.0,0.0,0.0,0.0,0.0,0.0,0.0,-3.566636,-0.2961973,-0.9209371,0.9798904,0.1742369,-3.558962,0.1188398,0.7003834,-0.08768664,0.6983204,16.78643,90.55774,2.634151,0.2193897,0.04611044,-0.9745468,0.5815774,-0.030406,-0.07379726,2.230125,-0.7551491,-3.712951,-0.5796005,-0.4008,1.915,0.00354867,0.04400002,-0.9990252,0.2889335,0.9563763,0.04314796,0.9573426,-0.288805,-0.009319214,static,72.50747,-59.95936,-16.83914,-11.82109
05/11/2023 13:09:34.607736,1373,True,True,True,True,Eyes,0.9324482,0.1591559,-3.562213,0.8462679,-0.4611926,0.266706,0.0,0.0,0.0,0.0,0.0,0.0,0.0,-3.57119,-0.2852247,-0.9124069,0.9927941,0.1753375,-3.556804,0.1216583,0.6979982,-0.08734975,0.7002627,16.99723,90.23991,2.84697,0.2232457,0.04578454,-0.9736861,0.5466828,-0.02858164,-0.06936942,2.25055,-0.7392609,-3.697764,-0.5796005,-0.4007999,1.915001,0.01033716,0.04749898,-0.9988179,0.2921701,0.9551385,0.04844561,0.9563106,-0.2923255,-0.00400442,static,72.50747,-59.95936,-16.83914,-11.82108
05/11/2023 13:09:34.627708,1374,True,True,True,True,Eyes,0.9324482,0.1591559,-3.562213,0.8462679,-0.4611926,0.266706,0.0,0.0,0.0,0.0,0.0,0.0,0.0,-3.57558,-0.2841106,-0.9024351,1.00516,0.1771162,-3.555018,0.126474,0.6954786,-0.08962598,0.7016277,17.58625,89.96225,3.015757,0.2263905,0.04551442,-0.9729724,0.5138818,-0.02686674,-0.06520726,2.261676,-0.740123,-3.677316,-0.5796004,-0.4008001,1.915,0.0165537,0.05015177,-0.9986045,0.301688,0.951943,0.05280942,0.9532632,-0.3021411,0.0006279762,static,72.50747,-59.95936,-16.83914,-11.82109
05/11/2023 13:09:34.638157,1375,True,True,True,True,Eyes,0.9324482,0.1591559,-3.562213,0.8462679,-0.4611926,0.266706,0.0,0.0,0.0,0.0,0.0,0.0,0.0,-3.57878,-0.2836821,-0.897378,1.017717,0.1794709,-3.553234,0.1298679,0.693537,-0.09097047,0.7027555,17.98172,89.74208,3.150619,0.2290587,0.04528274,-0.9723586,0.4830489,-0.02525474,-0.06129482,2.271805,-0.7432469,-3.658212,-0.5796003,-0.4007999,1.915,0.02146171,0.05227641,-0.9984021,0.3079964,0.9497174,0.056348,0.9511455,-0.3087135,0.004281664,static,72.50747,-59.95936,-16.83914,-11.82108
05/11/2023 13:09:34.664274,1376,True,True,True,True,Eyes,0.9324482,0.1591559,-3.562213,0.8462679,-0.4611926,0.266706,0.0,0.0,0.0,0.0,0.0,0.0,0.0,-3.581178,-0.2760397,-0.8983283,1.030182,0.1816073,-3.551587,0.1291012,0.6924311,-0.08870387,0.7042754,17.73941,89.53413,3.240743,0.2314586,0.04507392,-0.9717997,0.4540659,-0.02373946,-0.05761714,2.285925,-0.7361342,-3.640849,-0.5796006,-0.4007997,1.915001,0.02534178,0.05384354,-0.9982277,0.3037313,0.950929,0.05900303,0.9524206,-0.3046882,0.007744219,static,72.50747,-59.95936,-16.83914,-11.82107
05/11/2023 13:09:34.677370,1377,True,True,True,True,Eyes,0.9324482,0.1591559,-3.562213,0.8462679,-0.4611926,0.266706,0.0,0.0,0.0,0.0,0.0,0.0,0.0,-3.583776,-0.2683343,-0.8975036,1.041919,0.182759,-3.549926,0.1278166,0.6912337,-0.08635195,0.7059762,17.44858,89.29621,3.29171,0.2336173,0.04488577,-0.9712918,0.426822,-0.02231509,-0.05416011,2.296237,-0.7365739,-3.620723,-0.5795999,-0.4008001,1.914999,0.02947876,0.0547775,-0.9980634,0.2986272,0.9524124,0.06109227,0.9539145,-0.2998498,0.01171791,static,72.50747,-59.95936,-16.83914,-11.8211
05/11/2023 13:09:34.697527,1378,True,True,True,True,Eyes,0.9324482,0.1591559,-3.562213,0.8462679,-0.4611926,0.266706,0.0,0.0,0.0,0.0,0.0,0.0,0.0,-3.586892,-0.2604237,-0.896735,1.054066,0.184228,-3.548626,0.1257231,0.6900592,-0.08346099,0.7078464,17.04791,89.03963,3.319388,0.2355593,0.04471622,-0.9708304,0.4012127,-0.02097618,-0.0509105,2.308774,-0.7316583,-3.602821,-0.5796007,-0.4007999,1.915001,0.03370526,0.05535764,-0.9978977,0.2916679,0.9544559,0.06279925,0.9559258,-0.2931713,0.01602412,static,72.50747,-59.95936,-16.83915,-11.82108
05/11/2023 13:09:34.707709,1379,True,True,True,True,Eyes,0.9324482,0.1591559,-3.562213,0.8462679,-0.4611926,0.266706,0.0,0.0,0.0,0.0,0.0,0.0,0.0,-3.591102,-0.243324,-0.8945587,1.066069,0.1853881,-3.547475,0.123458,0.68866,-0.07916048,0.7100982,16.52082,88.74419,3.445481,0.2373061,0.04456349,-0.970412,0.3771399,-0.01971761,-0.04785587,2.320193,-0.7281133,-3.586615,-0.5796005,-0.4007998,1.915001,0.03896214,0.05761771,-0.9975783,0.2824645,0.9569835,0.06630524,0.9584863,-0.2843638,0.0210112,static,72.50747,-59.95936,-16.83914,-11.82108
05/11/2023 13:09:34.727788,1380,True,True,True,True,Eyes,0.9324482,0.1591559,-3.562213,0.8462679,-0.4611926,0.266706,0.0,0.0,0.0,0.0,0.0,0.0,0.0,-3.595796,-0.2281307,-0.8908286,1.07779,0.185619,-3.546728,0.1206461,0.6871685,-0.07504135,0.7124696,15.96472,88.42126,3.511046,0.2388775,0.04442592,-0.9700327,0.3545115,-0.01853456,-0.04498452,2.332729,-0.72203,-3.569533,-0.5796003,-0.4008,1.914999,0.04433667,0.05887901,-0.9972801,0.2727377,0.9596267,0.06878123,0.9610664,-0.2750454,0.02648812,static,72.50747,-59.95936,-16.83914,-11.82109
05/11/2023 13:09:34.748000,1381,True,True,True,True,Eyes,0.9324482,0.1591559,-3.562213,0.8462679,-0.4611926,0.266706,0.0,0.0,0.0,0.0,0.0,0.0,0.0,-3.600155,-0.2275308,-0.884258,1.088956,0.1862312,-3.546024,0.1213842,0.6853623,-0.07519274,0.7140663,16.04673,88.14619,3.519663,0.2402915,0.04430198,-0.9696891,0.3332408,-0.01742248,-0.04228545,2.344857,-0.7166482,-3.549685,-0.5795999,-0.4008001,1.915,0.04924943,0.05899906,-0.9970425,0.2737695,0.9592239,0.0702842,0.9605337,-0.2764212,0.03108907,static,72.50747,-59.95936,-16.83913,-11.82109
05/11/2023 13:09:34.757521,1382,True,True,True,True,Eyes,0.9399803,0.1602148,-3.562632,0.8458164,-0.4609772,0.2685044,0.0,0.0,0.0,0.0,0.0,0.0,0.0,-3.604714,-0.2248144,-0.8795853,1.100553,0.186689,-3.545716,0.1217416,0.6837034,-0.07478071,0.7156371,16.0515,87.88555,3.546001,0.2415635,0.04419035,-0.9693781,0.3132464,-0.01637713,-0.03974832,2.353477,-0.7173364,-3.528774,-0.5796005,-0.4007999,1.915001,0.05391492,0.05943861,-0.996775,0.273502,0.9591737,0.07198999,0.9603593,-0.2765013,0.0354572,static,72.38796,-59.78057,-16.83914,-11.82108
05/11/2023 13:09:34.777334,1383,True,True,True,True,Eyes,0.9476446,0.1612429,-3.563034,0.8452293,-0.4610028,0.270303,0.0,0.0,0.0,0.0,0.0,0.0,0.0,-3.608281,-0.2300921,-0.8762357,1.111298,0.1868681,-3.545492,0.1221201,0.6823382,-0.0756322,0.7167854,16.15765,87.67276,3.475684,0.2428968,0.04411586,-0.9690482,0.2944516,-0.01539451,-0.03736342,2.363208,-0.7159266,-3.510642,-0.5796,-0.4008,1.915,0.05738889,0.05823025,-0.9966524,0.2750784,0.9587329,0.07185427,0.9597075,-0.2782812,0.03900278,static,72.26581,-59.61532,-16.83913,-11.82109
05/11/2023 13:09:34.797395,1384,True,True,True,True,Eyes,0.9554459,0.1622429,-3.563412,0.8446352,-0.4610102,0.2721414,0.0,0.0,0.0,0.0,0.0,0.0,0.0,-3.611725,-0.2429616,-0.8721943,1.122107,0.1872551,-3.545436,0.124902,0.6808206,-0.07897545,0.7173882,16.66304,87.50131,3.396622,0.2442878,0.04407391,-0.9687005,0.2767845,-0.01447084,-0.03512161,2.370706,-0.7181928,-3.492665,-0.5796001,-0.4008,1.915,0.06049233,0.05675961,-0.9965536,0.2833838,0.9563247,0.07167019,0.9570969,-0.2867427,0.04176555,static,72.14106,-59.44599,-16.83914,-11.82109
05/11/2023 13:09:34.807615,1385,True,True,True,True,Eyes,0.9633594,0.1632088,-3.563787,0.84397,-0.4611196,0.2740136,0.0,0.0,0.0,0.0,0.0,0.0,0.0,-3.61534,-0.2416396,-0.8712881,1.133106,0.1875759,-3.545293,0.1248815,0.6796347,-0.07850612,0.7185667,16.62954,87.30801,3.405868,0.2457342,0.0440604,-0.9683351,0.2601774,-0.01360259,-0.03301432,2.379373,-0.7179593,-3.473507,-0.5796006,-0.4007999,1.915001,0.06386695,0.05692385,-0.9963337,0.2825714,0.9564828,0.0727604,0.9571178,-0.2861823,0.04500256,static,72.01283,-59.27972,-16.83914,-11.82108
05/11/2023 13:09:34.827337,1386,True,True,True,True,Eyes,0.9714101,0.1641641,-3.564157,0.8433656,-0.4609629,0.2761298,0.0,0.0,0.0,0.0,0.0,0.0,0.0,-3.619896,-0.2405236,-0.8679323,1.143627,0.1877865,-3.545654,0.1262734,0.6781563,-0.07894964,0.7196708,16.78798,87.10709,3.451076,0.247233,0.04407149,-0.9679531,0.2445668,-0.01278643,-0.03103346,2.393011,-0.7083502,-3.454651,-0.5796003,-0.4008,1.915,0.067742,0.05763067,-0.9960371,0.2849017,0.955644,0.07467016,0.9561602,-0.2888309,0.04831813,static,71.87083,-59.07719,-16.83914,-11.82109
05/11/2023 13:09:34.847100,1387,True,True,True,True,Eyes,0.9795995,0.1650969,-3.56453,0.8428515,-0.4605938,0.2783071,0.0,0.0,0.0,0.0,0.0,0.0,0.0,-3.624991,-0.2360637,-0.8640759,1.15484,0.1884542,-3.545947,0.1271987,0.6765617,-0.07855077,0.7210512,16.84133,86.8754,3.524412,0.2487824,0.04410434,-0.9675545,0.2298928,-0.01201924,-0.02917145,2.40459,-0.7021261,-3.434,-0.5796005,-0.4008,1.915,0.07218821,0.05883726,-0.9956542,0.2853937,0.9553006,0.0771446,0.9556879,-0.2897224,0.05216968,static,71.72693,-58.85814,-16.83914,-11.82108
05/11/2023 13:09:34.857592,1388,True,True,True,True,Eyes,1.186821,0.1867173,-3.567401,0.8297289,-0.446763,0.3345933,0.0,0.0,0.0,0.0,0.0,0.0,0.0,-3.629983,-0.226708,-0.8630052,1.166227,0.188777,-3.546439,0.1251805,0.6753725,-0.07575369,0.7228162,16.45659,86.62832,3.561487,0.2503806,0.04415609,-0.9671397,0.2160992,-0.01129809,-0.02742116,2.413318,-0.7016785,-3.411987,-0.5796004,-0.4007998,1.915001,0.07626669,0.05957488,-0.9953061,0.2785988,0.9571825,0.078641,0.9573746,-0.2832888,0.05640367,static,68.03794,-53.16944,-16.83913,-11.82108
05/11/2023 13:09:34.877444,1389,True,True,True,True,Eyes,1.187286,0.1867074,-3.567434,0.8297279,-0.4466564,0.334738,0.0,0.0,0.0,0.0,0.0,0.0,0.0,-3.635405,-0.2246065,-0.8601534,1.177368,0.1885582,-3.547496,0.1239328,0.6740471,-0.07462699,0.724384,16.2694,86.38048,3.52105,0.2623252,0.04501243,-0.9639289,0.8247963,0.05424093,-0.03439115,2.418973,-0.7065229,-3.390107,-0.5796005,-0.4007999,1.915,0.08018275,0.05895587,-0.9950352,0.2751902,0.9581429,0.07894563,0.9580403,-0.280154,0.06060245,static,68.02933,-53.15099,-16.83914,-11.82108
05/11/2023 13:09:34.887418,1390,True,True,True,True,Eyes,1.188186,0.186674,-3.56741,0.8297089,-0.4464089,0.3351155,0.0,0.0,0.0,0.0,0.0,0.0,0.0,-3.640187,-0.2264233,-0.8588314,1.188918,0.1883189,-3.548357,0.122618,0.6728777,-0.07401761,0.725756,16.11649,86.15628,3.435897,0.2718108,0.04570785,-0.9612644,0.7753085,0.05098648,-0.03232768,2.423774,-0.7130457,-3.368818,-0.5796002,-0.4008001,1.915,0.08351374,0.05757645,-0.9948419,0.2724513,0.9589724,0.07837193,0.9585384,-0.2775911,0.06440061,static,68.00645,-53.10474,-16.83914,-11.82109
05/11/2023 13:09:34.907405,1391,True,True,True,True,Eyes,1.189515,0.1866122,-3.567429,0.8296529,-0.4461168,0.3356425,0.0,0.0,0.0,0.0,0.0,0.0,0.0,-3.645672,-0.22463,-0.8570032,1.200407,0.1879094,-3.549585,0.1209935,0.671642,-0.07273749,0.7273011,15.88482,85.91505,3.38107,0.2793419,0.04627315,-0.9590757,0.72879,0.04792729,-0.03038802,2.426573,-0.7222499,-3.346468,-0.5796003,-0.4008,1.915,0.08721245,0.05672447,-0.9945734,0.2683327,0.9601396,0.0782902,0.9593704,-0.2737044,0.06851513,static,67.97382,-53.0435,-16.83914,-11.82109
05/11/2023 13:09:34.928201,1392,True,True,True,True,Eyes,1.191273,0.1865205,-3.567573,0.8295253,-0.4456961,0.3365156,0.0,0.0,0.0,0.0,0.0,0.0,0.0,-3.651624,-0.2238393,-0.8523982,1.211951,0.187168,-3.55066,0.1203976,0.6700593,-0.07229131,0.7289025,15.80684,85.64587,3.33419,0.2853222,0.04673242,-0.9572914,0.6850626,0.04505165,-0.02856474,2.42667,-0.7363614,-3.324266,-0.5796005,-0.4007998,1.915001,0.09158875,0.05596048,-0.9942234,0.2667338,0.9605567,0.07863734,0.9594086,-0.2723953,0.07304963,static,67.91896,-52.94597,-16.83914,-11.82108
05/11/2023 13:09:34.937573,1393,True,True,True,True,Eyes,1.193443,0.1863961,-3.567772,0.8293526,-0.4452507,0.3375294,0.0,0.0,0.0,0.0,0.0,0.0,0.0,-3.658347,-0.2254211,-0.8465776,1.223742,0.1862827,-3.55229,0.1191953,0.668395,-0.071917,0.7306633,15.68337,85.34815,3.229895,0.2900751,0.0471046,-0.9558437,0.6439589,0.04234855,-0.02685085,2.428045,-0.7481891,-3.304835,-0.5796003,-0.4007999,1.915,0.09615237,0.05424484,-0.9938875,0.2644332,0.9612409,0.07804532,0.9595989,-0.2703211,0.07808143,static,67.85468,-52.83547,-16.83914,-11.82109
05/11/2023 13:09:34.957552,1394,True,True,True,True,Eyes,1.196022,0.1862331,-3.568077,0.8290986,-0.4448155,0.3387252,0.0,0.0,0.0,0.0,0.0,0.0,0.0,-3.664847,-0.2281948,-0.841454,1.235699,0.1853972,-3.553857,0.1185456,0.6667618,-0.0720087,0.7322502,15.64257,85.07026,3.132814,0.2938616,0.0474048,-0.9546715,0.6053213,0.03980764,-0.0252398,2.431973,-0.7557757,-3.288724,-0.5796,-0.4008,1.915,0.1004869,0.05262657,-0.9935455,0.2635401,0.9615234,0.07758477,0.9594003,-0.2696354,0.08275135,static,67.77771,-52.71087,-16.83913,-11.82109
05/11/2023 13:09:34.977092,1395,True,True,True,True,Eyes,1.198988,0.1860163,-3.568436,0.8287989,-0.4443373,0.3400836,0.0,0.0,0.0,0.0,0.0,0.0,0.0,-3.671795,-0.2308838,-0.8356748,1.247879,0.1842842,-3.55564,0.1176405,0.6650531,-0.07199255,0.7339497,15.57159,84.77467,3.022725,0.2968918,0.04764488,-0.9537215,0.5690021,0.03741918,-0.02372541,2.437063,-0.7621642,-3.275536,-0.5796003,-0.4007999,1.915001,0.1050428,0.05079655,-0.9931696,0.2621522,0.9619556,0.07692668,0.9592926,-0.2684422,0.08773007,static,67.69004,-52.57055,-16.83914,-11.82108
05/11/2023 13:09:34.987650,1396,True,True,True,True,Eyes,1.202331,0.1857418,-3.568899,0.8283391,-0.4439693,0.3416806,0.0,0.0,0.0,0.0,0.0,0.0,0.0,-3.679266,-0.2322845,-0.8274794,1.259994,0.1828029,-3.557341,0.1167858,0.6630841,-0.07191793,0.7358725,15.50094,84.44017,2.916675,0.2993354,0.04783408,-0.9529479,0.534862,0.03517403,-0.02230189,2.445651,-0.7633367,-3.265258,-0.5796003,-0.4007999,1.915001,0.1102944,0.04903278,-0.9926888,0.2607225,0.9623778,0.07650366,0.9590929,-0.2672542,0.09336101,static,67.5844,-52.41797,-16.83914,-11.82108
05/11/2023 13:09:35.007898,1397,True,True,True,True,Eyes,1.206051,0.1854133,-3.569435,0.8278017,-0.4436352,0.3434126,0.0,0.0,0.0,0.0,0.0,0.0,0.0,-3.687966,-0.2310649,-0.8166745,1.272182,0.1811385,-3.55952,0.1172958,0.6607405,-0.07228875,0.7378604,15.5824,84.08128,2.875741,0.3013291,0.04797956,-0.9523121,0.5027702,0.03306359,-0.02096377,2.458424,-0.7576083,-3.255782,-0.5796005,-0.4008,1.915,0.1163927,0.04832609,-0.9920269,0.2616821,0.9620321,0.07756758,0.9581102,-0.268624,0.09932744,static,67.46894,-52.25698,-16.83914,-11.82109
05/11/2023 13:09:35.027328,1398,True,True,True,True,Eyes,1.210134,0.1850243,-3.570085,0.8270958,-0.4434798,0.345309,0.0,0.0,0.0,0.0,0.0,0.0,0.0,-3.696997,-0.2251974,-0.8070762,1.284809,0.179512,-3.56187,0.1177734,0.6584308,-0.07191033,0.7398833,15.60317,83.72954,2.897159,0.3031729,0.04809761,-0.9517206,0.472604,0.03107977,-0.01970595,2.470085,-0.7538686,-3.243973,-0.5796005,-0.4007999,1.915,0.1225957,0.0486808,-0.9912621,0.2615018,0.9619167,0.07958124,0.9573855,-0.2689731,0.1051967,static,67.33967,-52.09442,-16.83914,-11.82108
05/11/2023 13:09:35.037801,1399,True,True,True,True,Eyes,1.214557,0.1845766,-3.570737,0.8266397,-0.4429767,0.3470426,0.0,0.0,0.0,0.0,0.0,0.0,0.0,-3.706063,-0.2202087,-0.7988625,1.297368,0.1776497,-3.564667,0.1185112,0.6562635,-0.07181964,0.7416975,15.66808,83.40718,2.917826,0.3049242,0.04819101,-0.9511563,0.4442478,0.02921498,-0.01852359,2.481548,-0.7506648,-3.230901,-0.5796003,-0.4007998,1.915001,0.1283201,0.0490122,-0.990521,0.262086,0.9615941,0.08153363,0.9564752,-0.2700641,0.1105465,static,67.2262,-51.92368,-16.83913,-11.82108
05/11/2023 13:09:35.058019,1400,True,True,True,True,Eyes,1.219325,0.1840666,-3.571483,0.8261062,-0.4425152,0.3488967,0.0,0.0,0.0,0.0,0.0,0.0,0.0,-3.715072,-0.216128,-0.7903175,1.310128,0.1759157,-3.567308,0.1193805,0.6540468,-0.07192084,0.7435043,15.75944,83.08073,2.931159,0.3065995,0.04826051,-0.950614,0.4175929,0.02746208,-0.01741218,2.4929,-0.7480793,-3.217208,-0.5796008,-0.4008,1.915001,0.1341004,0.0492139,-0.9897451,0.2631077,0.9611514,0.08344059,0.9554012,-0.271599,0.1159423,static,67.10378,-51.74634,-16.83915,-11.82108
05/11/2023 13:09:35.077705,1401,True,True,True,True,Eyes,1.224402,0.1834891,-3.572232,0.8257132,-0.4417696,0.3507668,0.0,0.0,0.0,0.0,0.0,0.0,0.0,-3.724935,-0.2068041,-0.7812049,1.323058,0.1738864,-3.570359,0.1200415,0.6517145,-0.07118768,0.7455138,15.76981,82.73393,2.997417,0.3082142,0.04830666,-0.9500894,0.3925373,0.02581436,-0.01636745,2.502208,-0.749304,-3.202635,-0.5796002,-0.4007998,1.915,0.1404013,0.05032277,-0.9888151,0.2626083,0.9610447,0.08619711,0.9546331,-0.2717732,0.1217167,static,66.98399,-51.55029,-16.83913,-11.82108
05/11/2023 13:09:35.097555,1402,True,True,True,True,Eyes,1.229803,0.182868,-3.573092,0.8251764,-0.4411005,0.3528659,0.0,0.0,0.0,0.0,0.0,0.0,0.0,-3.736174,-0.194246,-0.7662113,1.335722,0.1718229,-3.573532,0.1208843,0.6487734,-0.07021716,0.7480305,15.78096,82.29855,3.085894,0.3097819,0.04832989,-0.9495783,0.3689851,0.0242655,-0.0153854,2.510939,-0.7519279,-3.18762,-0.5796002,-0.4007998,1.915,0.1483251,0.05180397,-0.9875809,0.2619023,0.960913,0.08974027,0.9536283,-0.2719604,0.1289599,moving,66.84724,-51.34134,-16.83913,-11.82108
05/11/2023 13:09:35.108114,1403,True,True,True,True,Eyes,1.235512,0.1821983,-3.57395,0.8247449,-0.440136,0.3550721,0.0,0.0,0.0,0.0,0.0,0.0,0.0,-3.748989,-0.1862801,-0.7446852,1.348756,0.1701636,-3.577159,0.1216886,0.6452048,-0.06998847,0.7510023,15.84826,81.76402,3.092958,0.311314,0.04833111,-0.949077,0.346846,0.02280957,-0.01446228,2.52121,-0.7518013,-3.173906,-0.5786938,-0.398118,1.915516,0.1576246,0.05190513,-0.9861341,0.2621512,0.960587,0.092463,0.952067,-0.2730906,0.1378052,moving,66.70699,-51.10575,-16.81002,-11.74112
05/11/2023 13:09:35.127968,1404,True,True,True,True,Eyes,1.241533,0.1814974,-3.57493,0.8241846,-0.439167,0.3575642,0.0,0.0,0.0,0.0,0.0,0.0,0.0,-3.76181,-0.183946,-0.7219219,1.362175,0.1685281,-3.580824,0.1208507,0.6416429,-0.06969747,0.7542095,15.76755,81.19097,2.97534,0.3128204,0.04831114,-0.9485825,0.3260352,0.02144099,-0.01359454,2.532087,-0.7516071,-3.160976,-0.5777876,-0.3954358,1.916031,0.1668734,0.04995302,-0.9847122,0.260219,0.9610748,0.09285174,0.9510202,-0.2717353,0.1473791,moving,66.54688,-50.84795,-16.78092,-11.66114
05/11/2023 13:09:35.147819,1405,True,True,True,True,Eyes,1.247857,0.1807659,-3.576027,0.8234836,-0.4381997,0.3603551,0.0,0.0,0.0,0.0,0.0,0.0,0.0,-3.775205,-0.1854705,-0.6961222,1.375515,0.1671163,-3.584856,0.1200536,0.6378329,-0.07003035,0.7575302,15.7371,80.58138,2.801752,0.3143109,0.04827102,-0.9480917,0.3064731,0.02015453,-0.01277887,2.544423,-0.7497627,-3.149366,-0.5768864,-0.3927688,1.916544,0.1765297,0.0470481,-0.9831702,0.2592485,0.9613658,0.09255312,0.9495406,-0.2712238,0.1575125,moving,66.36589,-50.56771,-16.75197,-11.5816
05/11/2023 13:09:35.158432,1406,True,True,True,True,Eyes,1.254452,0.1800032,-3.577161,0.8228253,-0.4369338,0.3633832,0.0,0.0,0.0,0.0,0.0,0.0,0.0,-3.78916,-0.1842229,-0.6670737,1.388995,0.1656831,-3.588857,0.1194477,0.6336418,-0.07012372,0.7611262,15.7057,79.92169,2.657124,0.3157924,0.04821173,-0.9476023,0.2880847,0.01894526,-0.01201213,2.555142,-0.7522086,-3.13913,-0.5759782,-0.3900824,1.91706,0.1871614,0.04462812,-0.9813151,0.2581201,0.9616298,0.0929629,0.9478105,-0.2706962,0.1684605,moving,66.17238,-50.25084,-16.72283,-11.5015
05/11/2023 13:09:35.177789,1407,True,True,True,True,Eyes,1.261322,0.1792207,-3.578449,0.8221349,-0.4356797,0.3664389,0.0,0.0,0.0,0.0,0.0,0.0,0.0,-3.804099,-0.1846916,-0.6331608,1.402394,0.1643426,-3.593389,0.1181584,0.629041,-0.07017116,0.765129,15.61035,79.1865,2.456087,0.3172719,0.04813423,-0.947112,0.2707996,0.01780854,-0.01129141,2.565325,-0.7557433,-3.128771,-0.5750412,-0.3873106,1.917592,0.1987671,0.04127298,-0.9791775,0.2560329,0.9622293,0.09253179,0.9460122,-0.2690939,0.1806923,moving,65.97669,-49.93368,-16.69277,-11.41884
05/11/2023 13:09:35.187414,1408,True,True,True,True,Eyes,1.268472,0.1784822,-3.579878,0.8212239,-0.4346103,0.3697367,0.0,0.0,0.0,0.0,0.0,0.0,0.0,-3.818565,-0.1876379,-0.5997353,1.415639,0.163097,-3.598012,0.1178733,0.6244761,-0.07112531,0.7688153,15.66889,78.48105,2.253146,0.318754,0.04803959,-0.946619,0.2545516,0.01674003,-0.01061392,2.577047,-0.7567172,-3.118102,-0.5741888,-0.384788,1.918076,0.2099417,0.03785369,-0.9769809,0.2565826,0.9620941,0.09241354,0.9434458,-0.2700777,0.1922712,moving,65.76147,-49.61113,-16.66542,-11.34361
05/11/2023 13:09:35.207559,1409,True,True,True,True,Eyes,1.275911,0.1778674,-3.581415,0.8203223,-0.4335019,0.3730247,0.0,0.0,0.0,0.0,0.0,0.0,0.0,-3.833325,-0.1832711,-0.5682633,1.429372,0.1634533,-3.602925,0.119567,0.619903,-0.07185448,0.7721794,15.88694,77.82468,2.22082,0.3202441,0.0479304,-0.9461215,0.2392786,0.01573563,-0.009977086,2.587065,-0.7606137,-3.107218,-0.5732781,-0.3820919,1.918595,0.2211143,0.03727081,-0.9745355,0.259209,0.9610813,0.09556872,0.9401698,-0.27374,0.2028479,moving,65.54731,-49.28829,-16.6362,-11.2632
05/11/2023 13:09:35.227189,1410,True,True,True,True,Eyes,1.283638,0.1774368,-3.583074,0.8192285,-0.4325595,0.3765062,0.0,0.0,0.0,0.0,0.0,0.0,0.0,-3.847242,-0.1801886,-0.5409658,1.443709,0.1658267,-3.607574,0.1200321,0.6158168,-0.07167472,0.7753869,15.92743,77.2195,2.186297,0.3217464,0.04781117,-0.9456177,0.2249218,0.01479149,-0.009378461,2.601691,-0.7572721,-3.097971,-0.5723731,-0.3794155,1.919109,0.231265,0.03668427,-0.972199,0.2589868,0.9609101,0.09786565,0.9377859,-0.2744196,0.2127242,moving,65.31714,-48.96321,-16.60718,-11.18338
05/11/2023 13:09:35.237562,1411,True,True,True,True,Eyes,1.291621,0.1771273,-3.584755,0.8182913,-0.431275,0.3800015,0.0,0.0,0.0,0.0,0.0,0.0,0.0,-3.861177,-0.1785293,-0.5129244,1.458228,0.1698457,-3.612254,0.1216402,0.6116195,-0.07214389,0.7784089,16.11827,76.62376,2.176209,0.3232649,0.0476875,-0.9451059,0.2114265,0.013904,-0.008815753,2.616013,-0.7546953,-3.089877,-0.5714685,-0.3767383,1.919623,0.2414337,0.03648019,-0.9697315,0.26111,0.9599978,0.1011225,0.934629,-0.2776209,0.2222504,moving,65.09059,-48.61634,-16.57818,-11.10354
05/11/2023 13:09:35.257815,1412,True,True,True,True,Eyes,1.299816,0.1769406,-3.586548,0.8171499,-0.4301895,0.3836705,0.0,0.0,0.0,0.0,0.0,0.0,0.0,-3.873381,-0.1830199,-0.493556,1.472843,0.1724949,-3.616787,0.1178415,0.608656,-0.07038075,0.7814716,15.65563,76.10081,1.990711,0.3248033,0.04756292,-0.9445847,0.1987409,0.01306976,-0.008286808,2.630809,-0.7525734,-3.082454,-0.5705507,-0.3740244,1.920145,0.2491689,0.03344876,-0.9678823,0.2534509,0.9623199,0.09850423,0.9347072,-0.2698549,0.2313025,moving,64.84888,-48.27138,-16.54876,-11.0226
05/11/2023 13:09:35.277271,1413,True,True,True,True,Eyes,1.308209,0.1768631,-3.588327,0.8160309,-0.4289657,0.3874041,0.0,0.0,0.0,0.0,0.0,0.0,0.0,-3.88573,-0.192737,-0.4662859,1.48606,0.17533,-3.621374,0.1191544,0.6047992,-0.07252537,0.7840665,15.93678,75.54408,1.81169,0.3263629,0.04744049,-0.9440531,0.1868165,0.01228558,-0.007789599,2.640002,-0.7588135,-3.074794,-0.5696323,-0.3713069,1.920666,0.257916,0.03039958,-0.965689,0.2578585,0.9610846,0.09912344,0.9311221,-0.2745766,0.2400403,moving,64.60434,-47.91442,-16.51933,-10.94156
05/11/2023 13:09:35.287219,1414,True,True,True,True,Eyes,1.316773,0.1768755,-3.590182,0.8147529,-0.4278374,0.391322,0.0,0.0,0.0,0.0,0.0,0.0,0.0,-3.897654,-0.2002349,-0.4416349,1.499996,0.1780373,-3.625625,0.1189336,0.6011966,-0.07339269,0.7867852,15.98569,74.9985,1.640215,0.3279459,0.0473228,-0.9435102,0.1756075,0.01154844,-0.007322223,2.656709,-0.7518422,-3.067405,-0.5687631,-0.3687311,1.921162,0.2663523,0.0275164,-0.9634829,0.2584935,0.9609366,0.0989035,0.9285674,-0.2753973,0.2488349,moving,64.34525,-47.55237,-16.49147,-10.86473
05/11/2023 13:09:35.307377,1415,True,True,True,True,Eyes,1.325456,0.176953,-3.591987,0.8133368,-0.426963,0.3952034,0.0,0.0,0.0,0.0,0.0,0.0,0.0,-3.90828,-0.2141663,-0.4143643,1.512411,0.1801791,-3.629376,0.1185184,0.5975405,-0.07524307,0.7894537,16.08429,74.43687,1.361913,0.3295527,0.04721155,-0.9429557,0.165071,0.01085554,-0.00688289,2.669257,-0.7500754,-3.058767,-0.5678617,-0.3660644,1.921674,0.2745676,0.02283725,-0.9612966,0.2604409,0.9605837,0.09720805,0.9256259,-0.2770512,0.2577974,moving,64.08472,-47.21219,-16.4626,-10.7852
05/11/2023 13:09:35.327296,1416,True,True,True,True,Eyes,1.334295,0.1771092,-3.593838,0.8117774,-0.4261728,0.3992419,0.0,0.0,0.0,0.0,0.0,0.0,0.0,-3.918799,-0.2277581,-0.3859043,1.524935,0.182008,-3.633073,0.1201012,0.593646,-0.07829483,0.7918524,16.44911,73.87788,1.111205,0.3311836,0.04710783,-0.9423894,0.1551668,0.0102042,-0.006469917,2.677686,-0.7559424,-3.0509,-0.5669535,-0.3633792,1.92219,0.2829088,0.01859924,-0.9589666,0.266591,0.9588913,0.09724595,0.9213533,-0.2831636,0.2663203,moving,63.81149,-46.86874,-16.43353,-10.70511
05/11/2023 13:09:35.337969,1417,True,True,True,True,Eyes,1.557996,0.1833,-3.637648,0.7683136,-0.4006529,0.4991708,0.0,0.0,0.0,0.0,0.0,0.0,0.0,-3.929015,-0.2306215,-0.3590882,1.537509,0.1840736,-3.636134,0.1205671,0.5898419,-0.07904264,0.7945454,16.54913,73.32226,0.9937645,0.3328386,0.04701276,-0.9418109,0.1458568,0.00959195,-0.006081722,2.69497,-0.745846,-3.043729,-0.5660611,-0.3607365,1.922697,0.2916777,0.01662515,-0.9563722,0.267837,0.9584317,0.09834679,0.9182523,-0.2848374,0.2751003,moving,56.98835,-38.75181,-16.40495,-10.6263
05/11/2023 13:09:35.357811,1418,True,True,True,True,Eyes,1.558496,0.1833785,-3.63774,0.7681862,-0.4004944,0.499494,0.0,0.0,0.0,0.0,0.0,0.0,0.0,-3.939225,-0.2245042,-0.332051,1.550072,0.1865661,-3.638767,0.1203438,0.5859457,-0.07800648,0.7975588,16.4619,72.75099,0.9918355,0.3432518,0.04700601,-0.9380662,0.8082105,0.02758876,-0.1371458,2.70965,-0.740109,-3.037919,-0.5651253,-0.3579684,1.923229,0.3011651,0.01660039,-0.9534276,0.2654594,0.9588647,0.1005474,0.9158772,-0.2833777,0.2843699,moving,56.96706,-38.72264,-16.375,-10.54374
05/11/2023 13:09:35.382448,1419,True,True,True,True,Eyes,1.559461,0.1834776,-3.637912,0.7678664,-0.3999785,0.5003982,0.0,0.0,0.0,0.0,0.0,0.0,0.0,-3.949434,-0.2088404,-0.3055091,1.562556,0.1884859,-3.641135,0.1192912,0.5820218,-0.07514748,0.8008578,16.17342,72.1722,1.103439,0.3516092,0.04698369,-0.9349668,0.7597179,0.02593344,-0.128917,2.716915,-0.7459666,-3.028549,-0.5642203,-0.3552901,1.923744,0.3112068,0.01849532,-0.9501623,0.2592251,0.960245,0.1035957,0.9143044,-0.2785456,0.2940403,moving,56.90878,-38.63606,-16.34604,-10.46387
05/11/2023 13:09:35.397685,1420,True,True,True,True,Eyes,1.560861,0.1835977,-3.638163,0.7673598,-0.3994893,0.5015647,0.0,0.0,0.0,0.0,0.0,0.0,0.0,-3.959711,-0.1831193,-0.2772293,1.574694,0.1889972,-3.643394,0.1182918,0.5778105,-0.07109371,0.8044177,15.81126,71.56372,1.329391,0.3583229,0.04695203,-0.9324161,0.7141348,0.02437743,-0.121182,2.724147,-0.7507028,-3.018949,-0.563308,-0.3525907,1.924262,0.3221615,0.02232237,-0.9464215,0.2510785,0.9619054,0.1081546,0.9127824,-0.2724694,0.3042842,moving,56.83041,-38.53683,-16.31685,-10.38336
05/11/2023 13:09:35.407576,1421,True,True,True,True,Eyes,1.562694,0.1837809,-3.638437,0.76667,-0.3987478,0.503207,0.0,0.0,0.0,0.0,0.0,0.0,0.0,-3.969401,-0.1603637,-0.2482314,1.58653,0.1896065,-3.645606,0.1193365,0.5734879,-0.0687222,0.8075567,15.75739,70.97433,1.541016,0.3637244,0.04691544,-0.9303242,0.6712867,0.02291478,-0.1139111,2.725054,-0.7658333,-3.010642,-0.5624372,-0.3500147,1.924757,0.3327779,0.02588192,-0.9426501,0.2478703,0.9620721,0.1139193,0.9098458,-0.2715648,0.313741,moving,56.72095,-38.39377,-16.289,-10.30654
05/11/2023 13:09:35.427640,1422,True,True,True,True,Eyes,1.564949,0.184006,-3.638743,0.7659329,-0.3977135,0.5051443,0.0,0.0,0.0,0.0,0.0,0.0,0.0,-3.978479,-0.1367227,-0.2190623,1.598985,0.1912886,-3.64714,0.1196574,0.56911,-0.0656122,0.8108582,15.5888,70.36971,1.772429,0.3680814,0.04687816,-0.9286108,0.6310095,0.0215399,-0.1070764,2.729938,-0.7740452,-3.003948,-0.5615073,-0.3472618,1.925286,0.3436176,0.02979206,-0.938637,0.2426008,0.9627543,0.1193692,0.9072331,-0.2687314,0.3235918,moving,56.59455,-38.2143,-16.25926,-10.22445
05/11/2023 13:09:35.437418,1423,True,True,True,True,Eyes,1.567596,0.1842283,-3.639083,0.7649623,-0.3965619,0.5075149,0.0,0.0,0.0,0.0,0.0,0.0,0.0,-3.986666,-0.1160548,-0.1917365,1.61136,0.1924366,-3.648317,0.1167155,0.5651098,-0.06095512,0.8144403,15.01123,69.76575,1.93572,0.3716108,0.04684287,-0.9272059,0.5931489,0.0202475,-0.1006518,2.745477,-0.7630367,-2.997391,-0.5606077,-0.3446013,1.925796,0.3538706,0.03262559,-0.9347253,0.2312028,0.9653239,0.121223,0.9062676,-0.2590084,0.3340567,moving,56.43768,-38.00335,-16.23051,-10.14512
05/11/2023 13:09:35.457779,1424,True,True,True,True,Eyes,1.570616,0.184438,-3.639428,0.7637964,-0.3953716,0.5101924,0.0,0.0,0.0,0.0,0.0,0.0,0.0,-3.994237,-0.09891942,-0.1572442,1.623257,0.1925058,-3.649168,0.1150927,0.5603601,-0.05791292,0.8181664,14.66898,69.07526,2.027257,0.3744877,0.04681042,-0.9260492,0.55756,0.01903265,-0.09461273,2.760826,-0.751198,-2.989611,-0.5597181,-0.3419692,1.926302,0.3652854,0.03422189,-0.9302663,0.2237515,0.9667995,0.1234258,0.9036048,-0.2532341,0.3455005,moving,56.2583,-37.77376,-16.20207,-10.06663
05/11/2023 13:09:35.477518,1425,True,True,True,True,Eyes,1.573979,0.184649,-3.639743,0.7623074,-0.3943494,0.5132017,0.0,0.0,0.0,0.0,0.0,0.0,0.0,-4.001187,-0.08912465,-0.1194904,1.635256,0.1923928,-3.649745,0.1143391,0.5552834,-0.05655666,0.8218202,14.52145,68.34846,2.014083,0.3768542,0.0467811,-0.9250902,0.5241064,0.01789069,-0.08893596,2.778199,-0.7353674,-2.981438,-0.5587896,-0.3392201,1.926831,0.3769236,0.03402239,-0.9256193,0.21994,0.9674558,0.1251224,0.8997528,-0.2507423,0.3571741,moving,56.05072,-37.53904,-16.17239,-9.984651
05/11/2023 13:09:35.497430,1426,True,True,True,True,Eyes,1.577684,0.1848496,-3.640042,0.7605755,-0.3933946,0.5164935,0.0,0.0,0.0,0.0,0.0,0.0,0.0,-4.00753,-0.0791871,-0.07678676,1.647109,0.1926876,-3.649982,0.1154471,0.5496008,-0.05638234,0.8254889,14.63001,67.56753,2.002708,0.3788253,0.0467553,-0.9242861,0.49266,0.01681725,-0.08359981,2.796622,-0.7168597,-2.972769,-0.557874,-0.3365107,1.927353,0.38952,0.03381366,-0.920397,0.2199856,0.966986,0.1286251,0.8943603,-0.2525761,0.3692219,moving,55.82026,-37.29523,-16.14313,-9.903858
05/11/2023 13:09:35.508088,1427,True,True,True,True,Eyes,1.581678,0.1850205,-3.640298,0.7585583,-0.3927066,0.5199718,0.0,0.0,0.0,0.0,0.0,0.0,0.0,-4.013102,-0.07681388,-0.03597593,1.659079,0.1926501,-3.650003,0.1156703,0.5442064,-0.05676962,0.8289976,14.68884,66.80949,1.882322,0.3806745,0.04673497,-0.9235271,0.4631004,0.01580821,-0.07858381,2.814794,-0.6979002,-2.963136,-0.5570123,-0.3339621,1.927842,0.4012331,0.03177327,-0.9154246,0.2200208,0.9667952,0.129992,0.8891584,-0.2535695,0.3809195,moving,55.57038,-37.06178,-16.11562,-9.827878
05/11/2023 13:09:35.527731,1428,True,True,True,True,Eyes,1.585961,0.1851486,-3.64052,0.7562232,-0.3923275,0.5236465,0.0,0.0,0.0,0.0,0.0,0.0,0.0,-4.01767,-0.08318657,0.005875349,1.670326,0.1921954,-3.649889,0.1174354,0.5387707,-0.0595306,0.8321006,15.0453,66.05999,1.630036,0.3824202,0.04671873,-0.9228064,0.4353144,0.01485972,-0.07386879,2.823128,-0.6973833,-2.954898,-0.5561032,-0.3312738,1.928358,0.4123645,0.02747057,-0.9106047,0.2256123,0.9653301,0.1312893,0.8826407,-0.2595827,0.3918701,moving,55.29935,-36.84135,-16.08659,-9.747727
05/11/2023 13:09:35.537707,1429,True,True,True,True,Eyes,1.590494,0.1852444,-3.640666,0.7537313,-0.392263,0.527275,0.0,0.0,0.0,0.0,0.0,0.0,0.0,-4.02139,-0.09321672,0.04485846,1.68163,0.1913696,-3.649353,0.1201761,0.5335879,-0.0634791,0.8347528,15.56777,65.35587,1.324706,0.384079,0.04670502,-0.9221179,0.4091955,0.01396814,-0.06943666,2.833167,-0.6948096,-2.947576,-0.5551924,-0.3285765,1.928876,0.4225088,0.02227029,-0.9060853,0.2342277,0.9630562,0.1328913,0.8755705,-0.268378,0.4016835,moving,55.02517,-36.64717,-16.05751,-9.667317
05/11/2023 13:09:35.557998,1430,True,True,True,True,Eyes,1.595279,0.185309,-3.640765,0.7509845,-0.3925129,0.5309952,0.0,0.0,0.0,0.0,0.0,0.0,0.0,-4.024559,-0.0986945,0.07944369,1.692604,0.190815,-3.648534,0.1235219,0.5287943,-0.06705757,0.8370318,16.12315,64.7205,1.096083,0.3856662,0.04669275,-0.9214559,0.3846438,0.01313005,-0.06527046,2.841544,-0.6946698,-2.941255,-0.5542503,-0.3257892,1.929412,0.4317597,0.01837668,-0.9018015,0.2428939,0.9604912,0.1358641,0.8686692,-0.2777028,0.4102378,moving,54.73718,-36.4719,-16.02745,-9.584224
05/11/2023 13:09:35.577755,1431,True,True,True,True,Eyes,1.600289,0.185339,-3.640757,0.7482904,-0.392809,0.5345675,0.0,0.0,0.0,0.0,0.0,0.0,0.0,-4.027558,-0.09725589,0.1093602,1.703503,0.1901991,-3.647539,0.1271333,0.5243788,-0.06973282,0.8390478,16.64701,64.15095,0.9756382,0.3871943,0.04668094,-0.9208154,0.3615652,0.01234225,-0.06135423,2.844161,-0.7066094,-2.936532,-0.5533696,-0.3231823,1.929912,0.4403284,0.01631364,-0.8976886,0.2503503,0.957949,0.1402089,0.862227,-0.2864746,0.417728,moving,54.45855,-36.30906,-15.99935,-9.506521
05/11/2023 13:09:35.597444,1432,True,True,True,True,Eyes,1.605531,0.1853444,-3.640685,0.7454374,-0.3933054,0.5381765,0.0,0.0,0.0,0.0,0.0,0.0,0.0,-4.030438,-0.0913704,0.1336281,1.714605,0.1895047,-3.646211,0.1298795,0.5205012,-0.07108741,0.840926,17.00411,63.65202,0.9374986,0.3886746,0.04666868,-0.9201921,0.3398713,0.01160171,-0.05767298,2.854838,-0.7030035,-2.931267,-0.5525085,-0.3206349,1.930401,0.4480501,0.01564645,-0.8938715,0.2547634,0.9561557,0.144436,0.8569403,-0.2924404,0.4244195,moving,54.1722,-36.15975,-15.97188,-9.430592
05/11/2023 13:09:35.607584,1433,True,True,True,True,Eyes,1.610994,0.1853234,-3.640518,0.7427199,-0.3936048,0.5417032,0.0,0.0,0.0,0.0,0.0,0.0,0.0,-4.033184,-0.07594663,0.15554,1.725479,0.1889651,-3.644661,0.1328913,0.5167387,-0.07115634,0.8427679,17.30941,63.18764,1.044513,0.3901179,0.04665537,-0.9195819,0.319479,0.01090561,-0.0542126,2.861934,-0.7055714,-2.926678,-0.5516058,-0.3179646,1.930914,0.4558359,0.01740362,-0.8898936,0.2572767,0.9545534,0.1504546,0.8520694,-0.2975316,0.4306421,moving,53.89483,-36.00238,-15.9431,-9.351008
05/11/2023 13:09:35.627677,1434,True,True,True,True,Eyes,1.616681,0.1852717,-3.640265,0.7399514,-0.393878,0.5452816,0.0,0.0,0.0,0.0,0.0,0.0,0.0,-4.035711,-0.05470425,0.1740608,1.736503,0.1882978,-3.642712,0.1344709,0.5132997,-0.06936502,0.8447661,17.36171,62.75885,1.25194,0.3915327,0.04664045,-0.9189811,0.3003103,0.01025127,-0.05095985,2.870921,-0.704768,-2.921187,-0.5507196,-0.3153399,1.931419,0.4634238,0.02085332,-0.8858914,0.2552422,0.9542121,0.1559828,0.8485811,-0.298403,0.436882,moving,53.61292,-35.84204,-15.91483,-9.272781
05/11/2023 13:09:35.647811,1435,True,True,True,True,Eyes,1.622599,0.1851808,-3.639939,0.7373833,-0.3937222,0.5488612,0.0,0.0,0.0,0.0,0.0,0.0,0.0,-4.037856,-0.03656542,0.1911695,1.747635,0.1875091,-3.640435,0.134943,0.5100848,-0.06727665,0.8468046,17.28796,62.34297,1.423767,0.3929279,0.04662329,-0.9183863,0.2822917,0.009636196,-0.04790226,2.886776,-0.6905351,-2.914829,-0.5498093,-0.3126486,1.931935,0.4705747,0.02372437,-0.8820413,0.2516051,0.9545285,0.1599071,0.8457271,-0.2971742,0.4432078,moving,53.33835,-35.65353,-15.88582,-9.192586
05/11/2023 13:09:35.657610,1436,True,True,True,True,Eyes,1.628721,0.185033,-3.639502,0.7348137,-0.3934234,0.5525097,0.0,0.0,0.0,0.0,0.0,0.0,0.0,-4.0398,-0.01889509,0.2063276,1.758836,0.1864548,-3.637944,0.1347802,0.5070982,-0.06482643,0.8488129,17.13074,61.95055,1.59758,0.3943107,0.04660312,-0.9177945,0.2653542,0.009058025,-0.04502812,2.899447,-0.6821277,-2.908691,-0.5488842,-0.3099113,1.932461,0.477298,0.02664254,-0.8783376,0.2467446,0.9552637,0.1630596,0.8433883,-0.2945531,0.4493715,moving,53.06033,-35.45338,-15.85634,-9.111018
05/11/2023 13:09:35.677424,1437,True,True,True,True,Eyes,1.635058,0.1848316,-3.638982,0.7323784,-0.3927543,0.5562066,0.0,0.0,0.0,0.0,0.0,0.0,0.0,-4.041086,-0.001419187,0.2213248,1.769911,0.1849089,-3.634912,0.1336213,0.5041706,-0.06180221,0.8509628,16.84187,61.55297,1.769435,0.395687,0.04657882,-0.9172031,0.2494329,0.008514543,-0.04232643,2.912302,-0.6743925,-2.902809,-0.5479627,-0.3071853,1.932985,0.4839849,0.02955311,-0.874577,0.2399186,0.9566516,0.1650958,0.8415446,-0.2897313,0.4559147,moving,52.78505,-35.22707,-15.82697,-9.029797
05/11/2023 13:09:35.697442,1438,True,True,True,True,Eyes,1.64158,0.1845689,-3.638326,0.7298769,-0.3920132,0.5600048,0.0,0.0,0.0,0.0,0.0,0.0,0.0,-4.041854,0.01222032,0.2390939,1.780912,0.183332,-3.631617,0.1331112,0.5009455,-0.05983619,0.8530855,16.68201,61.1186,1.870816,0.3970633,0.04654947,-0.9166097,0.234467,0.008003671,-0.03978685,2.925898,-0.6647598,-2.896845,-0.5470804,-0.3045728,1.933487,0.4909464,0.03127214,-0.8706282,0.2354536,0.9574021,0.167161,0.8387688,-0.2870597,0.46267,moving,52.50244,-34.99269,-15.79887,-8.951965
05/11/2023 13:09:35.708298,1439,True,True,True,True,Eyes,1.648261,0.1842437,-3.637495,0.7274558,-0.3909769,0.5638661,0.0,0.0,0.0,0.0,0.0,0.0,0.0,-4.041876,0.02326137,0.2593888,1.79193,0.1815757,-3.627755,0.1322536,0.4974693,-0.05808847,0.8553708,16.50184,60.64231,1.925129,0.3984438,0.04651409,-0.9160123,0.2203989,0.007523451,-0.03739963,2.936881,-0.6602306,-2.890094,-0.5461874,-0.3019323,1.933994,0.4983,0.0322098,-0.8664061,0.2309585,0.9582695,0.1684572,0.8356764,-0.2840461,0.4700666,moving,52.21999,-34.73689,-15.77043,-8.873304
05/11/2023 13:09:35.727768,1440,True,True,True,True,Eyes,1.655111,0.1838395,-3.636508,0.7249655,-0.3898775,0.5678209,0.0,0.0,0.0,0.0,0.0,0.0,0.0,-4.041569,0.0299322,0.28017,1.802926,0.1797658,-3.623646,0.1308604,0.494012,-0.0566346,0.8576831,16.28587,60.15715,1.919074,0.3998331,0.04647183,-0.9154089,0.207175,0.007072044,-0.03515566,2.948521,-0.6539097,-2.882641,-0.5452902,-0.2992753,1.934505,0.5054895,0.03214417,-0.8622338,0.2264423,0.9593361,0.1685172,0.8325889,-0.2804299,0.4776555,moving,51.93058,-34.47429,-15.74186,-8.794162
05/11/2023 13:09:35.737817,1441,True,True,True,True,Eyes,1.662129,0.1833537,-3.635382,0.7224826,-0.3885677,0.5718688,0.0,0.0,0.0,0.0,0.0,0.0,0.0,-4.040725,0.03801239,0.2996221,1.813893,0.1774431,-3.618976,0.1298136,0.4906127,-0.05524202,0.8598813,16.10828,59.68786,1.931012,0.401235,0.04642151,-0.9147978,0.1947445,0.006647721,-0.03304632,2.95929,-0.6501845,-2.875873,-0.5443839,-0.2965949,1.93502,0.5124949,0.0323732,-0.8580797,0.2223796,0.9601936,0.1690437,0.8293951,-0.2774534,0.4848952,moving,51.63723,-34.19493,-15.71302,-8.714329
05/11/2023 13:09:35.757987,1442,True,True,True,True,Eyes,1.669294,0.1827978,-3.634081,0.7198815,-0.3873402,0.5759673,0.0,0.0,0.0,0.0,0.0,0.0,0.0,-4.039548,0.04885411,0.3189259,1.824668,0.174949,-3.614144,0.1291386,0.4871707,-0.05371311,0.8620341,15.96075,59.22276,1.980079,0.4026532,0.04636193,-0.9141775,0.1830598,0.006248858,-0.03106354,2.970445,-0.645708,-2.868661,-0.543505,-0.293994,1.935519,0.5195592,0.03322006,-0.8537883,0.2184302,0.9608762,0.1703089,0.8260426,-0.2749787,0.4919759,moving,51.33718,-33.92098,-15.68505,-8.636878
05/11/2023 13:09:35.778300,1443,True,True,True,True,Eyes,1.676602,0.1821713,-3.632587,0.717281,-0.3860649,0.5800533,0.0,0.0,0.0,0.0,0.0,0.0,0.0,-4.037691,0.062051,0.3385433,1.835432,0.1727136,-3.608708,0.1298449,0.4835402,-0.05272947,0.8640305,15.98428,58.75402,2.053705,0.4040898,0.04629243,-0.9135469,0.1720762,0.005873926,-0.02919973,2.98112,-0.6414003,-2.86029,-0.5425372,-0.2911316,1.936069,0.526817,0.03445071,-0.8492802,0.2166902,0.9607198,0.1733863,0.8218936,-0.2753735,0.4986584,moving,51.03811,-33.64646,-15.65426,-8.551637
05/11/2023 13:09:35.797444,1444,True,True,True,True,Eyes,1.684042,0.181484,-3.630906,0.7145886,-0.3848831,0.5841473,0.0,0.0,0.0,0.0,0.0,0.0,0.0,-4.035668,0.07462096,0.3562284,1.846356,0.1703962,-3.602918,0.1298475,0.4801273,-0.05132528,0.8660156,15.91347,58.30695,2.132807,0.4055483,0.04621234,-0.9129044,0.1617517,0.005521491,-0.02744774,2.989043,-0.6428932,-2.852188,-0.5416848,-0.2886071,1.936554,0.533687,0.03578966,-0.8449244,0.2135837,0.9610107,0.1756146,0.8182666,-0.2741853,0.5052348,moving,50.73539,-33.3801,-15.62715,-8.476473
05/11/2023 13:09:35.808176,1445,True,True,True,True,Eyes,1.691622,0.1807412,-3.629026,0.7118986,-0.3837986,0.5881318,0.0,0.0,0.0,0.0,0.0,0.0,0.0,-4.033316,0.0898236,0.3711432,1.857002,0.1682609,-3.59676,0.1308026,0.4769153,-0.05009367,0.8677173,15.94892,57.90411,2.254807,0.4070306,0.04612134,-0.9122491,0.1520466,0.005190201,-0.02580088,2.998256,-0.6428838,-2.844795,-0.540783,-0.2859409,1.937066,0.5400848,0.03782921,-0.84076,0.2116978,0.9607626,0.1792184,0.8145506,-0.2747802,0.5108849,moving,50.43834,-33.12735,-15.59848,-8.397104
05/11/2023 13:09:35.827529,1446,True,True,True,True,Eyes,1.699331,0.1799515,-3.626936,0.7091936,-0.3826942,0.592106,0.0,0.0,0.0,0.0,0.0,0.0,0.0,-4.030853,0.1093963,0.3836111,1.868004,0.1661738,-3.590243,0.1314465,0.4738759,-0.04793591,0.8694053,15.90195,57.52905,2.456889,0.4085386,0.04601929,-0.91158,0.1429238,0.004878789,-0.02425282,3.007135,-0.6443989,-2.838825,-0.539854,-0.2831907,1.937595,0.5462877,0.0412272,-0.8365824,0.2079301,0.9608479,0.1831293,0.8113784,-0.2739919,0.516327,moving,50.14148,-32.87568,-15.56894,-8.315236
05/11/2023 13:09:35.837673,1447,True,True,True,True,Eyes,1.707157,0.1791483,-3.624636,0.7064888,-0.3817218,0.5959547,0.0,0.0,0.0,0.0,0.0,0.0,0.0,-4.02804,0.1295036,0.3923694,1.87883,0.1642287,-3.583136,0.1313705,0.4712616,-0.04510456,0.8709881,15.74499,57.20523,2.694615,0.4100741,0.04590627,-0.9108959,0.1343484,0.004586062,-0.02279766,3.015699,-0.646653,-2.832573,-0.5389643,-0.2805573,1.938101,0.5517563,0.04524861,-0.8327771,0.2023907,0.9614148,0.1863321,0.8090754,-0.2713563,0.5213088,moving,49.85088,-32.64044,-15.54066,-8.236855
05/11/2023 13:09:35.857426,1448,True,True,True,True,Eyes,1.715112,0.1783383,-3.622104,0.7037685,-0.3806798,0.5998272,0.0,0.0,0.0,0.0,0.0,0.0,0.0,-4.024628,0.1556627,0.4035,1.88956,0.1631117,-3.57598,0.1337935,0.4681432,-0.04300303,0.8724059,15.88501,56.85487,2.994002,0.4116383,0.04578322,-0.9101963,0.1262875,0.004310898,-0.0214298,3.025207,-0.6471081,-2.826309,-0.5380586,-0.277879,1.938615,0.5579854,0.05023685,-0.8283288,0.2003012,0.9605001,0.1931813,0.8053147,-0.2737076,0.5258824,moving,49.5588,-32.40121,-15.51188,-8.157151
05/11/2023 13:09:35.877510,1449,True,True,True,True,Eyes,1.916583,0.1580581,-3.553357,0.632716,-0.3519543,0.6897816,0.0,0.0,0.0,0.0,0.0,0.0,0.0,-4.020719,0.1754357,0.414549,1.900654,0.1621339,-3.567917,0.1331666,0.4652492,-0.0397251,0.8742036,15.65199,56.48933,3.241964,0.4132339,0.04565107,-0.9094796,0.1187102,0.004052244,-0.02014401,3.033213,-0.6477573,-2.817689,-0.5371334,-0.2751391,1.939142,0.5639302,0.05445568,-0.8240251,0.193367,0.9613771,0.1958653,0.802865,-0.2697936,0.5316197,moving,42.52923,-27.0325,-15.48249,-8.075625
05/11/2023 13:09:35.887412,1450,True,True,True,True,Eyes,1.917014,0.1580203,-3.553017,0.6325899,-0.3519126,0.6899185,0.0,0.0,0.0,0.0,0.0,0.0,0.0,-4.017085,0.1905881,0.4238895,1.911261,0.1612656,-3.560063,0.1336133,0.4625657,-0.03782018,0.8756427,15.6038,56.15935,3.415215,0.422527,0.04471415,-0.9052465,0.7160005,-0.05703153,0.1873065,3.039509,-0.6490591,-2.806272,-0.536216,-0.2724236,1.939664,0.5692052,0.05737593,-0.8201912,0.1898438,0.9614343,0.1990064,0.7999781,-0.2689836,0.5363609,moving,42.51788,-27.02515,-15.45335,-7.994832
05/11/2023 13:09:35.907768,1451,True,True,True,True,Eyes,1.917867,0.157985,-3.552366,0.6323969,-0.3518361,0.6901344,0.0,0.0,0.0,0.0,0.0,0.0,0.0,-4.012981,0.2088348,0.4315387,1.922063,0.1603132,-3.551595,0.1337318,0.4599926,-0.03519707,0.8770882,15.48404,55.84579,3.646338,0.430074,0.04394186,-0.9017234,0.6730404,-0.05360964,0.1760681,3.047765,-0.6447406,-2.792787,-0.535335,-0.2698187,1.940165,0.5743359,0.06128936,-0.8163221,0.1847731,0.961754,0.2022083,0.7974943,-0.2669699,0.5410452,moving,42.50024,-27.01286,-15.42538,-7.917342
05/11/2023 13:09:35.927654,1452,True,True,True,True,Eyes,1.919126,0.1579943,-3.551384,0.6320776,-0.3517812,0.6904548,0.0,0.0,0.0,0.0,0.0,0.0,0.0,-4.008498,0.2348512,0.4385159,1.932798,0.1602815,-3.543178,0.1335533,0.4574434,-0.03107127,0.8786032,15.25453,55.54551,4.017195,0.4362252,0.04330512,-0.8987946,0.632658,-0.05039306,0.165504,3.054677,-0.641191,-2.778467,-0.5344253,-0.2671248,1.940681,0.5795602,0.06758755,-0.8121218,0.1767848,0.9623962,0.2062541,0.7955232,-0.2631075,0.5458181,moving,42.47258,-26.99848,-15.39651,-7.837224
05/11/2023 13:09:35.937451,1453,True,True,True,True,Eyes,1.920782,0.1581164,-3.550096,0.6316099,-0.3518968,0.6908239,0.0,0.0,0.0,0.0,0.0,0.0,0.0,-4.003556,0.2611775,0.4458109,1.943825,0.1613654,-3.534251,0.1346783,0.4547025,-0.02760934,0.8799688,15.19669,55.23917,4.391075,0.4412626,0.04278093,-0.8963574,0.5946985,-0.04736948,0.1555738,3.060745,-0.6379427,-2.762866,-0.5335349,-0.2644918,1.941187,0.5849667,0.07388639,-0.8076848,0.1710678,0.962199,0.2119173,0.7928113,-0.2621335,0.5502148,moving,42.4362,-26.99371,-15.36825,-7.758921
05/11/2023 13:09:35.957530,1454,True,True,True,True,Eyes,1.922808,0.1583209,-3.548491,0.6310428,-0.3519063,0.691337,0.0,0.0,0.0,0.0,0.0,0.0,0.0,-3.997863,0.2940503,0.454425,1.954763,0.1641477,-3.525313,0.1369662,0.4516603,-0.02373446,0.8812945,15.23953,54.92169,4.868831,0.4454134,0.04235202,-0.8943225,0.5590166,-0.04452731,0.1462393,3.066429,-0.6319494,-2.745251,-0.5325875,-0.261688,1.941726,0.5908793,0.08189029,-0.8025931,0.1655585,0.9613538,0.2199753,0.7895898,-0.262855,0.5544865,moving,42.38939,-26.97713,-15.33819,-7.67555
05/11/2023 13:09:35.977368,1455,True,True,True,True,Eyes,1.92514,0.1586196,-3.546592,0.6303189,-0.3522698,0.6918122,0.0,0.0,0.0,0.0,0.0,0.0,0.0,-3.992213,0.3179294,0.4648206,1.965702,0.1663022,-3.516143,0.1365993,0.4487245,-0.01951071,0.8829532,14.99481,54.5696,5.235163,0.4488613,0.04200363,-0.8926135,0.5254756,-0.04185567,0.137465,3.069931,-0.6308252,-2.729058,-0.5316998,-0.259062,1.942231,0.5965312,0.08813684,-0.7977359,0.157045,0.96192,0.2237117,0.7870752,-0.2587315,0.5599738,moving,42.33706,-26.98513,-15.31003,-7.59748
05/11/2023 13:09:35.987806,1456,True,True,True,True,Eyes,1.92781,0.1590041,-3.544412,0.6294971,-0.3525646,0.6924101,0.0,0.0,0.0,0.0,0.0,0.0,0.0,-3.986137,0.3463168,0.4765805,1.975803,0.1690161,-3.507705,0.1413414,0.4452352,-0.0180458,0.8840038,15.42411,54.22293,5.593244,0.4517539,0.04172403,-0.8911662,0.4939471,-0.03934433,0.1292171,3.072033,-0.6345891,-2.716058,-0.5308121,-0.2564344,1.942735,0.60288,0.09395515,-0.7922803,0.1577654,0.959394,0.2338233,0.7820778,-0.2659618,0.5635766,moving,42.2752,-26.9845,-15.28188,-7.519376
05/11/2023 13:09:36.008033,1457,True,True,True,True,Eyes,1.930743,0.1594487,-3.542004,0.6285688,-0.3529944,0.6930341,0.0,0.0,0.0,0.0,0.0,0.0,0.0,-3.981256,0.362599,0.4856887,1.986627,0.1714481,-3.498813,0.141273,0.4425208,-0.01508749,0.885432,15.27953,53.89519,5.849581,0.454339,0.04149097,-0.8898618,0.4643103,-0.03698367,0.1214641,3.077746,-0.6307981,-2.70384,-0.5299373,-0.2538461,1.943233,0.6078954,0.09831459,-0.787907,0.1517504,0.9596286,0.2368222,0.7793812,-0.2635284,0.5684347,moving,42.20744,-26.99186,-15.25415,-7.442452
05/11/2023 13:09:36.027800,1458,True,True,True,True,Eyes,1.933942,0.1599435,-3.539381,0.6274669,-0.3536757,0.693685,0.0,0.0,0.0,0.0,0.0,0.0,0.0,-3.975881,0.3861991,0.4952689,1.996038,0.1733988,-3.491108,0.1436975,0.4396095,-0.01284915,0.8865266,15.43117,53.58801,6.167312,0.4567441,0.04129271,-0.888639,0.4364516,-0.03476464,0.1141762,3.081614,-0.6301764,-2.69264,-0.5290238,-0.2511434,1.943751,0.6131567,0.1035593,-0.7831439,0.1491238,0.9583718,0.2434861,0.7757583,-0.2660805,0.572189,moving,42.13065,-27.01479,-15.2252,-7.362144
05/11/2023 13:09:36.047311,1459,True,True,True,True,Eyes,1.937403,0.1604471,-3.536602,0.6263293,-0.3542113,0.6944392,0.0,0.0,0.0,0.0,0.0,0.0,0.0,-3.969601,0.4175534,0.5049139,2.005693,0.175166,-3.483322,0.1478108,0.4363714,-0.01062345,0.8874789,15.76126,53.2771,6.571769,0.4589948,0.04112711,-0.8874863,0.4102646,-0.03267876,0.1073257,3.09558,-0.6089742,-2.680386,-0.5281303,-0.2484995,1.94426,0.6189342,0.1101446,-0.7776815,0.147857,0.9560782,0.2530864,0.7714005,-0.2716295,0.5754639,moving,42.04796,-27.02468,-15.19689,-7.283592
05/11/2023 13:09:36.057810,1460,True,True,True,True,Eyes,1.941068,0.160967,-3.533678,0.624968,-0.3551253,0.6951986,0.0,0.0,0.0,0.0,0.0,0.0,0.0,-3.964692,0.4316112,0.5192444,2.014927,0.1757444,-3.476185,0.1471641,0.4333597,-0.008025796,0.8890882,15.58334,52.89629,6.753706,0.4611139,0.04099115,-0.8863934,0.3856487,-0.03071804,0.1008861,3.097503,-0.610963,-2.669777,-0.5272332,-0.2458444,1.944769,0.6242698,0.1132787,-0.7729523,0.1418213,0.9565567,0.2547276,0.7682279,-0.2686398,0.5810841,moving,41.95483,-27.05911,-15.16847,-7.204724
05/11/2023 13:09:36.077675,1461,True,True,True,True,Eyes,1.944952,0.161552,-3.530559,0.6235422,-0.3559213,0.6960711,0.0,0.0,0.0,0.0,0.0,0.0,0.0,-3.958969,0.4571904,0.5316807,2.023541,0.1767448,-3.469754,0.1525506,0.4298751,-0.007739054,0.889874,16.15014,52.56508,7.019351,0.4631198,0.04088234,-0.885352,0.3625098,-0.02887496,0.09483295,3.103293,-0.605813,-2.658517,-0.526319,-0.2431383,1.945289,0.6302949,0.1173819,-0.7674307,0.144929,0.9533368,0.2648481,0.7627082,-0.2781554,0.5838713,moving,41.85406,-27.08197,-15.13952,-7.124353
05/11/2023 13:09:36.098009,1462,True,True,True,True,Eyes,1.949057,0.1622035,-3.527279,0.6220589,-0.356255,0.6972267,0.0,0.0,0.0,0.0,0.0,0.0,0.0,-3.951113,0.4918478,0.5481173,2.033076,0.1789588,-3.4624,0.1540465,0.4260862,-0.003309648,0.8914648,16.10952,52.15467,7.498342,0.4650308,0.04079964,-0.8843536,0.3407592,-0.02714246,0.08914297,3.106609,-0.6018912,-2.646049,-0.5254138,-0.2404622,1.945804,0.6368791,0.1253733,-0.7607014,0.137175,0.9525174,0.2718336,0.7586621,-0.2774744,0.5894404,moving,41.73903,-27.06522,-15.11086,-7.044889
05/11/2023 13:09:36.108015,1463,True,True,True,True,Eyes,1.953353,0.1628813,-3.523859,0.6204093,-0.356321,0.6986613,0.0,0.0,0.0,0.0,0.0,0.0,0.0,-3.943683,0.5120599,0.5735348,2.042502,0.18111,-3.45531,0.1494678,0.4221638,0.002937767,0.8941077,15.35507,51.60762,7.834913,0.4668617,0.04074215,-0.8833911,0.3203136,-0.02551391,0.08379439,3.106422,-0.6068493,-2.634873,-0.5244966,-0.2377471,1.946325,0.6435382,0.1314531,-0.7540416,0.1209464,0.9553015,0.269761,0.755798,-0.2648001,0.5988743,moving,41.60498,-27.02182,-15.08183,-6.96428
05/11/2023 13:09:36.127815,1464,True,True,True,True,Eyes,1.953353,0.1628813,-3.523859,0.6204093,-0.356321,0.6986613,0.0,0.0,0.0,0.0,0.0,0.0,0.0,-3.936798,0.5197912,0.6049012,2.051435,0.1823622,-3.448597,0.1464461,0.4175905,0.006016323,0.8967361,14.92902,50.97975,7.917594,0.4686262,0.04070805,-0.8824579,0.3010948,-0.02398308,0.07876673,3.109514,-0.6044698,-2.622927,-0.5235943,-0.2350783,1.946837,0.651164,0.1330991,-0.7471749,0.1115189,0.9570347,0.2676717,0.7506992,-0.2576223,0.6083434,moving,41.60498,-27.02182,-15.05328,-6.885065
05/11/2023 13:09:36.137547,1465,True,True,True,True,Eyes,1.958186,0.1635478,-3.52003,0.6182426,-0.355297,0.7010992,0.0,0.0,0.0,0.0,0.0,0.0,0.0,-3.931111,0.5127783,0.639285,2.060763,0.183029,-3.441659,0.1409589,0.4130299,0.008473853,0.8997028,14.27891,50.29695,7.809877,0.4702123,0.04067722,-0.8816152,0.2830291,-0.02254409,0.07404073,3.114542,-0.5967132,-2.610032,-0.5226623,-0.2323189,1.947368,0.6586691,0.1316884,-0.7408194,0.1011926,0.9601175,0.2606422,0.7455973,-0.2466423,0.6190738,moving,41.40646,-26.87459,-15.02379,-6.803172
05/11/2023 13:09:36.157398,1466,True,True,True,True,Eyes,1.963156,0.1641875,-3.516104,0.6158047,-0.3544371,0.7036753,0.0,0.0,0.0,0.0,0.0,0.0,0.0,-3.925035,0.5092058,0.671422,2.069356,0.1825596,-3.435176,0.1368898,0.4085719,0.01035271,0.9023431,13.80295,49.65755,7.725312,0.4717714,0.04066696,-0.8807823,0.2660474,-0.02119145,0.06959828,3.121565,-0.5843267,-2.596402,-0.5217856,-0.229725,1.947867,0.6659237,0.1305421,-0.7345096,0.09317529,0.962308,0.2555028,0.7401783,-0.2385835,0.6286603,moving,41.19002,-26.73413,-14.99606,-6.726206
05/11/2023 13:09:36.177272,1467,True,True,True,True,Eyes,1.968265,0.164836,-3.512078,0.612931,-0.3535767,0.706611,0.0,0.0,0.0,0.0,0.0,0.0,0.0,-3.916321,0.5234101,0.7046206,2.077718,0.1825794,-3.42896,0.1383778,0.4032364,0.01110687,0.9045047,13.96737,49.01232,7.799251,0.4733098,0.04067457,-0.8799561,0.2500845,-0.01991996,0.06542239,3.128302,-0.571945,-2.582109,-0.5208963,-0.2270941,1.948372,0.6745542,0.1316904,-0.7263845,0.09150548,0.9614564,0.2592841,0.7325322,-0.2413693,0.6365041,moving,40.93914,-26.58264,-14.96794,-6.64816
05/11/2023 13:09:36.197869,1468,True,True,True,True,Eyes,1.97349,0.16546,-3.507978,0.6097089,-0.3528345,0.7097626,0.0,0.0,0.0,0.0,0.0,0.0,0.0,-3.90498,0.5404778,0.7465798,2.086092,0.183393,-3.422419,0.1393217,0.3968651,0.01265711,0.9071534,14.04749,48.23363,7.912732,0.4748328,0.04069851,-0.8791341,0.2350795,-0.01872476,0.06149704,3.131097,-0.5689212,-2.56957,-0.5199608,-0.2243247,1.948904,0.6846758,0.1335478,-0.7165083,0.08762001,0.9608585,0.2628187,0.7235619,-0.2427261,0.6461751,moving,40.66364,-26.43271,-14.93836,-6.566021
05/11/2023 13:09:36.208919,1469,True,True,True,True,Eyes,1.978796,0.1660587,-3.503811,0.6061504,-0.3524981,0.7129703,0.0,0.0,0.0,0.0,0.0,0.0,0.0,-3.894986,0.5409463,0.7932152,2.094218,0.1834452,-3.416625,0.1398109,0.3902383,0.01178553,0.9099605,14.1964,47.38963,7.740169,0.4763454,0.04073654,-0.8783137,0.2209747,-0.01760128,0.05780722,3.135403,-0.5614891,-2.55557,-0.519075,-0.2217039,1.949408,0.6951503,0.1305679,-0.7069075,0.08767042,0.960628,0.2636432,0.7134985,-0.2452465,0.6563339,moving,40.3704,-26.30815,-14.91037,-6.488306
05/11/2023 13:09:36.227430,1470,True,True,True,True,Eyes,1.984197,0.1666244,-3.49958,0.6023145,-0.3524471,0.716239,0.0,0.0,0.0,0.0,0.0,0.0,0.0,-3.886759,0.5349048,0.8326021,2.101787,0.1835382,-3.411018,0.1438028,0.3842088,0.007503938,0.9119474,14.86338,46.65619,7.382121,0.4778506,0.04078666,-0.8774934,0.2077162,-0.0165452,0.05433879,3.144483,-0.5409878,-2.539131,-0.5181853,-0.219071,1.949914,0.7046545,0.124187,-0.6985983,0.09681424,0.9585289,0.2680474,0.7029146,-0.256515,0.6634086,moving,40.06184,-26.20089,-14.88225,-6.410248
05/11/2023 13:09:36.237538,1471,True,True,True,True,Eyes,1.989656,0.1671775,-3.49531,0.598339,-0.3525888,0.7194939,0.0,0.0,0.0,0.0,0.0,0.0,0.0,-3.87868,0.5355562,0.8653299,2.109564,0.1833684,-3.405274,0.1467018,0.378927,0.005073925,0.9137107,15.32184,46.01504,7.174387,0.4793515,0.04084682,-0.8766716,0.1952532,-0.01555249,0.05107846,3.1483,-0.5283193,-2.520794,-0.5172797,-0.2163923,1.950428,0.7127771,0.1204507,-0.6909705,0.1019063,0.9569057,0.2719312,0.693948,-0.2642406,0.6697859,moving,39.74728,-26.10722,-14.85365,-6.330853
05/11/2023 13:09:36.257649,1472,True,True,True,True,Eyes,1.995181,0.1677272,-3.490984,0.5940714,-0.3530047,0.7228187,0.0,0.0,0.0,0.0,0.0,0.0,0.0,-3.868476,0.5451411,0.8997298,2.116293,0.1836264,-3.399909,0.1501385,0.3733653,0.003610349,0.9154474,15.79473,45.36054,7.087308,0.4808505,0.04091575,-0.8758471,0.183538,-0.01461934,0.04801375,3.148975,-0.5211331,-2.501692,-0.5163797,-0.2137302,1.950939,0.7211707,0.1187231,-0.6825084,0.1055028,0.9548908,0.2775836,0.6846767,-0.2721918,0.6761136,moving,39.41615,-26.02961,-14.82524,-6.251964
05/11/2023 13:09:36.277428,1473,True,True,True,True,Eyes,2.000781,0.16829,-3.486607,0.5898045,-0.3532172,0.7262012,0.0,0.0,0.0,0.0,0.0,0.0,0.0,-3.857509,0.5534939,0.9367383,2.123521,0.1841537,-3.394253,0.1532933,0.3674474,0.002131444,0.9173217,16.24064,44.65487,6.973464,0.4823485,0.04099245,-0.8750194,0.1725257,-0.01374218,0.04513293,3.145228,-0.5216586,-2.482175,-0.5154533,-0.2109887,1.951466,0.7299557,0.1165649,-0.6734815,0.108744,0.9529933,0.2828049,0.6747884,-0.2796721,0.6829672,moving,39.08274,-25.93784,-14.79599,-6.170739
05/11/2023 13:09:36.297904,1474,True,True,True,True,Eyes,2.006445,0.1688572,-3.482171,0.5853345,-0.3533345,0.7297522,0.0,0.0,0.0,0.0,0.0,0.0,0.0,-3.846244,0.5527892,0.9778674,2.130682,0.1849386,-3.38842,0.1529935,0.3615181,0.001755659,0.9197253,16.26943,43.8915,6.811227,0.4838483,0.04107651,-0.874187,0.1621742,-0.01291765,0.04242495,3.142387,-0.520097,-2.4625,-0.5145637,-0.2083558,1.951971,0.7386031,0.1138493,-0.6644576,0.1073904,0.9531798,0.2826934,0.665532,-0.2801546,0.6917952,moving,38.73312,-25.83553,-14.76792,-6.092753
05/11/2023 13:09:36.308503,1475,True,True,True,True,Eyes,2.01216,0.1694215,-3.477658,0.5809783,-0.3530309,0.7333713,0.0,0.0,0.0,0.0,0.0,0.0,0.0,-3.835469,0.5497366,1.017029,2.137963,0.1855891,-3.38261,0.151527,0.3559453,0.001909795,0.9221383,16.14672,43.15882,6.659425,0.4853514,0.0411673,-0.8733491,0.1524438,-0.01214259,0.03987945,3.135432,-0.5273288,-2.444028,-0.5136716,-0.2057158,1.952478,0.7465987,0.1113928,-0.6558828,0.1043484,0.9540719,0.2808172,0.6570403,-0.2780981,0.7006851,moving,38.38634,-25.70527,-14.73976,-6.014572
05/11/2023 13:09:36.327825,1476,True,True,True,True,Eyes,2.017921,0.1699477,-3.473078,0.5764109,-0.3524657,0.737237,0.0,0.0,0.0,0.0,0.0,0.0,0.0,-3.823789,0.543753,1.057353,2.144957,0.1859835,-3.376329,0.1482238,0.3504135,0.002961028,0.9247872,15.78783,42.41038,6.525362,0.4868592,0.04126414,-0.8725048,0.1432971,-0.01141403,0.03748668,3.127453,-0.539651,-2.427248,-0.5127384,-0.2029551,1.953009,0.7544032,0.1093559,-0.6472381,0.09840264,0.9560418,0.2762262,0.6489936,-0.2720759,0.7104802,moving,38.02018,-25.552,-14.71032,-5.932834
05/11/2023 13:09:36.337486,1477,True,True,True,True,Eyes,2.023706,0.1704143,-3.468441,0.5718812,-0.3516995,0.7411203,0.0,0.0,0.0,0.0,0.0,0.0,0.0,-3.81007,0.5381808,1.103228,2.151909,0.1855308,-3.3702,0.1443803,0.3442124,0.004280962,0.9277143,15.3634,41.57594,6.391175,0.4883725,0.04136547,-0.8716539,0.1346993,-0.01072919,0.03523748,3.119893,-0.553522,-2.412756,-0.5118587,-0.2003515,1.953509,0.762999,0.107338,-0.6374254,0.09145192,0.9582721,0.2708343,0.6398977,-0.2649401,0.7213443,moving,37.65536,-25.38673,-14.68258,-5.855769
05/11/2023 13:09:36.357754,1478,True,True,True,True,Eyes,2.02953,0.1708221,-3.463744,0.5670176,-0.3509984,0.7451787,0.0,0.0,0.0,0.0,0.0,0.0,0.0,-3.793448,0.5410879,1.152542,2.158397,0.184527,-3.364321,0.1431947,0.3371951,0.004766786,0.9304687,15.26369,40.6819,6.274691,0.4898919,0.04146941,-0.8707959,0.1266173,-0.01008544,0.03312324,3.11384,-0.5672753,-2.400328,-0.5109533,-0.1976733,1.954024,0.7725534,0.1054398,-0.6261339,0.08769843,0.9589452,0.2696911,0.6288642,-0.2632617,0.7315894,moving,37.26805,-25.22164,-14.65403,-5.776514
05/11/2023 13:09:36.377854,1479,True,True,True,True,Eyes,2.035431,0.1712075,-3.459017,0.5604342,-0.3496989,0.7507491,0.0,0.0,0.0,0.0,0.0,0.0,0.0,-3.775344,0.5477113,1.202795,2.165278,0.1835268,-3.358246,0.1432151,0.3297855,0.004901971,0.9331169,15.30989,39.75883,6.166662,0.4914183,0.04157429,-0.8699304,0.1190203,-0.009480312,0.03113584,3.111364,-0.5764408,-2.388919,-0.5100234,-0.1949219,1.954552,0.7824351,0.1036087,-0.6140527,0.08531227,0.9589309,0.270506,0.6168607,-0.2640395,0.741462,moving,36.74134,-24.9761,-14.62472,-5.695114
05/11/2023 13:09:36.397782,1480,True,True,True,True,Eyes,2.041364,0.1715457,-3.45422,0.5535606,-0.3484417,0.756412,0.0,0.0,0.0,0.0,0.0,0.0,0.0,-3.756587,0.5508922,1.253389,2.171984,0.1829571,-3.351929,0.142894,0.3223622,0.004829568,0.9357567,15.32621,38.82788,6.021192,0.4929523,0.04167939,-0.8690571,0.1118791,-0.008911493,0.02926769,3.109905,-0.5849259,-2.378602,-0.5090551,-0.1920549,1.955103,0.7921187,0.1011658,-0.6019248,0.08308861,0.959116,0.2705417,0.6046853,-0.2643143,0.751328,moving,36.19757,-24.73319,-14.59421,-5.610315
05/11/2023 13:09:36.417628,1481,True,True,True,True,Eyes,2.047365,0.1718334,-3.449372,0.5464723,-0.3472758,0.7620811,0.0,0.0,0.0,0.0,0.0,0.0,0.0,-3.736454,0.5551873,1.305279,2.178779,0.1821611,-3.345566,0.1423901,0.3147063,0.005024188,0.9384348,15.31261,37.87107,5.894535,0.494495,0.04178362,-0.8681751,0.1051663,-0.008376803,0.02751163,3.112009,-0.5868322,-2.367694,-0.5082492,-0.1896704,1.955562,0.8018694,0.09905186,-0.5892318,0.08019236,0.9593996,0.2704099,0.5920934,-0.2640854,0.7613701,moving,35.64351,-24.49847,-14.56881,-5.539802
05/11/2023 13:09:36.427845,1482,True,True,True,True,Eyes,2.053391,0.1720595,-3.444447,0.5390658,-0.3461688,0.767838,0.0,0.0,0.0,0.0,0.0,0.0,0.0,-3.714346,0.5595497,1.359543,2.185528,0.1811288,-3.338934,0.1415558,0.306693,0.005429883,0.9412077,15.25624,36.87032,5.773419,0.4960468,0.04188574,-0.8672845,0.09885636,-0.007874195,0.02586093,3.116168,-0.5842838,-2.355892,-0.5073337,-0.186961,1.956082,0.8118198,0.09704965,-0.5757864,0.07660706,0.9598649,0.2697974,0.5788609,-0.2631362,0.7718027,moving,35.07103,-24.26756,-14.53998,-5.459706
05/11/2023 13:09:36.437220,1483,True,True,True,True,Eyes,2.20164,0.1756272,-3.317285,0.3371279,-0.3122571,0.8881668,0.0,0.0,0.0,0.0,0.0,0.0,0.0,-3.690852,0.565581,1.414297,2.192284,0.1798804,-3.332273,0.1413041,0.2984556,0.005596178,0.9438888,15.27251,35.85128,5.646173,0.4976084,0.04198454,-0.8663847,0.0,0.0,0.0,3.121841,-0.5793623,-2.343941,-0.5064151,-0.1842436,1.956604,0.8217859,0.09491031,-0.5618362,0.07378163,0.9600037,0.2700911,0.5649993,-0.2634102,0.7819148,moving,20.78563,-19.37039,-14.51105,-5.379393
05/11/2023 13:09:36.457887,1484,True,True,True,True,Eyes,2.201919,0.1755801,-3.31701,0.3365119,-0.3123152,0.8883799,0.0,0.0,0.0,0.0,0.0,0.0,0.0,-3.667148,0.5722643,1.467506,2.199386,0.1785287,-3.325637,0.1413842,0.2902758,0.005607039,0.9464244,15.32915,34.84518,5.515414,0.5039561,0.04222438,-0.8626961,0.4447446,0.010703,0.3814838,3.128741,-0.5706871,-2.330505,-0.5054813,-0.1814814,1.957134,0.8314171,0.09269411,-0.5478626,0.07146756,0.9599581,0.2708742,0.5510336,-0.2643638,0.7915009,moving,20.74633,-19.36942,-14.48167,-5.29778
05/11/2023 13:09:36.477305,1485,True,True,True,True,Eyes,2.202494,0.1754864,-3.316477,0.335543,-0.3125345,0.8886693,0.0,0.0,0.0,0.0,0.0,0.0,0.0,-3.6435,0.5800389,1.517557,2.206515,0.1773637,-3.318788,0.1419965,0.2823421,0.00544056,0.9487309,15.44783,33.87728,5.387935,0.5093043,0.04242662,-0.8595397,0.4180599,0.01006082,0.3585948,3.133029,-0.5657235,-2.316457,-0.5046234,-0.1789429,1.957622,0.8405067,0.0905064,-0.5341882,0.0698599,0.9596148,0.2725051,0.5372783,-0.2663607,0.8002399,moving,20.68549,-19.37617,-14.45467,-5.222794
05/11/2023 13:09:36.487932,1486,True,True,True,True,Eyes,2.203335,0.1753386,-3.315687,0.3340386,-0.3127493,0.8891603,0.0,0.0,0.0,0.0,0.0,0.0,0.0,-3.619716,0.5915462,1.564714,2.213851,0.1761323,-3.311863,0.1426169,0.2746364,0.005913834,0.9508945,15.54404,32.94814,5.33526,0.5138375,0.04259664,-0.856829,0.3929763,0.009457169,0.3370791,3.136591,-0.5597503,-2.300569,-0.5037154,-0.176255,1.958139,0.8490798,0.08958247,-0.5206136,0.06708873,0.9592509,0.2744756,0.5239872,-0.267979,0.8084706,moving,20.59013,-19.37859,-14.4261,-5.143416
05/11/2023 13:09:36.509534,1487,True,True,True,True,Eyes,2.204449,0.1751454,-3.314653,0.3322859,-0.3130144,0.8897236,0.0,0.0,0.0,0.0,0.0,0.0,0.0,-3.595371,0.6025723,1.611566,2.221225,0.1746857,-3.304932,0.1425393,0.2669806,0.006875612,0.9530774,15.54712,32.02363,5.313481,0.5177971,0.04274124,-0.8544347,0.3693977,0.008889738,0.3168543,3.140224,-0.5521546,-2.283796,-0.5028008,-0.1735491,1.958658,0.8573481,0.08921649,-0.5069464,0.06300452,0.9592705,0.2753734,0.5108666,-0.2680308,0.8168077,moving,20.4792,-19.38243,-14.39734,-5.063533
05/11/2023 13:09:36.527713,1488,True,True,True,True,Eyes,2.205826,0.1749133,-3.313373,0.3300402,-0.3133272,0.890449,0.0,0.0,0.0,0.0,0.0,0.0,0.0,-3.571244,0.613175,1.656783,2.228857,0.173414,-3.298002,0.1434133,0.2593696,0.007007782,0.955045,15.68194,31.10854,5.231112,0.5213835,0.04286608,-0.8522447,0.3472339,0.008356354,0.2978431,3.14356,-0.5465266,-2.267198,-0.5019227,-0.1709509,1.959157,0.8653566,0.0877796,-0.4934094,0.06100861,0.9587671,0.2775675,0.4974294,-0.2702971,0.82432,moving,20.33696,-19.38572,-14.36972,-4.986847
05/11/2023 13:09:36.537345,1489,True,True,True,True,Eyes,2.207443,0.1746367,-3.311851,0.3275794,-0.3136522,0.8912429,0.0,0.0,0.0,0.0,0.0,0.0,0.0,-3.547636,0.6221412,1.699857,2.236689,0.1722587,-3.290872,0.1439753,0.252011,0.007198933,0.9569273,15.77851,30.22199,5.147802,0.5246431,0.04297238,-0.8502366,0.3263998,0.007854973,0.2799725,3.146337,-0.5423177,-2.250926,-0.5010414,-0.1683439,1.959658,0.8728772,0.08634446,-0.4802396,0.05878903,0.9584386,0.2791762,0.4843855,-0.2719194,0.8315231,moving,20.18108,-19.38834,-14.34202,-4.909924
05/11/2023 13:09:36.557536,1490,True,True,True,True,Eyes,2.209314,0.1743336,-3.310106,0.3246674,-0.3140598,0.8921645,0.0,0.0,0.0,0.0,0.0,0.0,0.0,-3.524139,0.633693,1.740905,2.244736,0.1710026,-3.283868,0.1447109,0.2448058,0.007680379,0.9586814,15.88473,29.36213,5.104688,0.5276171,0.04306107,-0.8483898,0.3068158,0.007383674,0.2631741,3.147096,-0.5434721,-2.235219,-0.5001429,-0.1656848,1.960169,0.8800223,0.0855782,-0.4671586,0.05612605,0.9579996,0.2812237,0.4716043,-0.2737029,0.8382577,moving,19.99694,-19.39309,-14.31378,-4.831488
05/11/2023 13:09:36.577715,1491,True,True,True,True,Eyes,2.211455,0.1740161,-3.308142,0.3215618,-0.3143536,0.8931853,0.0,0.0,0.0,0.0,0.0,0.0,0.0,-3.500205,0.6461443,1.781207,2.252852,0.1700796,-3.276793,0.1457462,0.2375914,0.00811112,0.9603347,16.02615,28.50573,5.063815,0.530342,0.04313336,-0.8466854,0.2884069,0.006940654,0.2473837,3.149571,-0.5415372,-2.219122,-0.4991735,-0.1628155,1.96072,0.886969,0.08483488,-0.4539703,0.05367732,0.9573845,0.2837845,0.4586989,-0.276076,0.8446167,moving,19.79973,-19.38935,-14.28332,-4.746872
05/11/2023 13:09:36.587387,1492,True,True,True,True,Eyes,2.213855,0.1736907,-3.305965,0.3180576,-0.3146111,0.8943485,0.0,0.0,0.0,0.0,0.0,0.0,0.0,-3.476726,0.6533498,1.821594,2.261421,0.1693946,-3.269552,0.1456558,0.2304841,0.008711108,0.9620737,16.03638,27.65083,5.008375,0.5328507,0.04319066,-0.8451058,0.2711025,0.006524215,0.2325407,3.151445,-0.5434748,-2.204569,-0.4983138,-0.1602722,1.961209,0.8936024,0.08390415,-0.4409477,0.05038125,0.957417,0.2842788,0.446023,-0.2762477,0.8513229,moving,19.57694,-19.38069,-14.25631,-4.671891
05/11/2023 13:09:36.609939,1493,True,True,True,True,Eyes,2.21653,0.173342,-3.303588,0.3143604,-0.3146551,0.8956392,0.0,0.0,0.0,0.0,0.0,0.0,0.0,-3.453518,0.6588183,1.861097,2.270157,0.1688682,-3.262265,0.1451178,0.2235159,0.009473776,0.9637903,15.99129,26.81097,4.961148,0.5351729,0.04323436,-0.8436351,0.2548363,0.006132762,0.2185882,3.155204,-0.5432603,-2.190089,-0.4974113,-0.1576014,1.961723,0.8999018,0.08313374,-0.4280953,0.04661081,0.9577021,0.2839614,0.4335945,-0.2754912,0.857963,moving,19.34056,-19.35735,-14.22797,-4.59318
05/11/2023 13:09:36.627532,1494,True,True,True,True,Eyes,2.219449,0.1729904,-3.301016,0.3102721,-0.3147187,0.8970415,0.0,0.0,0.0,0.0,0.0,0.0,0.0,-3.431179,0.6547004,1.901489,2.279126,0.1678785,-3.254947,0.1433657,0.2166485,0.009638813,0.9656173,15.82477,25.96065,4.813642,0.5373345,0.04326528,-0.8422584,0.2395461,0.005764796,0.2054729,3.161112,-0.5396658,-2.175593,-0.4965127,-0.154942,1.962233,0.9059409,0.08073473,-0.4156354,0.04350511,0.9587068,0.2810491,0.4211629,-0.2726962,0.8650194,moving,19.07967,-19.33295,-14.19976,-4.514826
05/11/2023 13:09:36.637475,1495,True,True,True,True,Eyes,2.222617,0.1726403,-3.298249,0.3059481,-0.3146088,0.8985639,0.0,0.0,0.0,0.0,0.0,0.0,0.0,-3.408457,0.655267,1.940044,2.288033,0.1674571,-3.247705,0.1433906,0.2097343,0.009096506,0.9671443,15.87521,25.11809,4.636036,0.5393586,0.0432847,-0.8409627,0.2251734,0.005418909,0.1931446,3.163115,-0.5453113,-2.162695,-0.4956282,-0.1523254,1.962736,0.9118575,0.07774311,-0.4030779,0.04255259,0.9587128,0.2811745,0.4082953,-0.2735431,0.8709013,moving,18.80297,-19.29637,-14.17201,-4.437757
05/11/2023 13:09:36.657441,1496,True,True,True,True,Eyes,2.226025,0.1722769,-3.295308,0.3012218,-0.3144222,0.9002245,0.0,0.0,0.0,0.0,0.0,0.0,0.0,-3.383616,0.6515534,1.982697,2.297238,0.1673529,-3.240241,0.1417827,0.2024048,0.009320415,0.9689392,15.72287,24.21916,4.496023,0.5412659,0.04329385,-0.839736,0.211663,0.005093774,0.1815559,3.168957,-0.5383396,-2.145861,-0.4947207,-0.1496398,1.963252,0.9178909,0.07545684,-0.3895929,0.03933317,0.9596216,0.2785307,0.3948788,-0.2709847,0.8778599,moving,18.50062,-19.25282,-14.14353,-4.358677
05/11/2023 13:09:36.677371,1497,True,True,True,True,Eyes,2.229681,0.1719303,-3.292193,0.2956884,-0.3140786,0.9021767,0.0,0.0,0.0,0.0,0.0,0.0,0.0,-3.358542,0.6459868,2.025844,2.306533,0.1666429,-3.233154,0.1404553,0.194977,0.008849248,0.9706585,15.61771,23.30364,4.284479,0.5430745,0.04329345,-0.8385675,0.1989632,0.004788148,0.1706625,3.17323,-0.536616,-2.130999,-0.4938279,-0.1469974,1.963761,0.9238114,0.07195031,-0.3760262,0.03759191,0.960388,0.2761191,0.380998,-0.2692176,0.8845125,moving,18.14656,-19.19475,-14.11552,-4.280895
05/11/2023 13:09:36.687470,1498,True,True,True,True,Eyes,2.23357,0.1715967,-3.288899,0.2898386,-0.3135081,0.9042711,0.0,0.0,0.0,0.0,0.0,0.0,0.0,-3.333184,0.6449448,2.066863,2.316075,0.1664062,-3.225848,0.1401326,0.1875765,0.008335114,0.9721669,15.62486,22.4038,4.095353,0.5448009,0.04328489,-0.8374473,0.1870254,0.004500859,0.1604228,3.178792,-0.5330979,-2.115633,-0.492922,-0.1443176,1.964275,0.9294912,0.0687774,-0.3623752,0.03636492,0.9605868,0.2755915,0.3670473,-0.2693376,0.8903558,moving,17.77179,-19.12128,-14.08711,-4.202038
05/11/2023 13:09:36.710307,1499,True,True,True,True,Eyes,2.237697,0.1713061,-3.285439,0.2834078,-0.3126769,0.9065943,0.0,0.0,0.0,0.0,0.0,0.0,0.0,-3.308601,0.6324574,2.108811,2.325685,0.1663251,-3.218299,0.1367483,0.1804814,0.008790807,0.9739862,15.26054,21.52547,3.95169,0.5464597,0.04326935,-0.8363666,0.1758039,0.004230808,0.1507974,3.185639,-0.5262387,-2.100396,-0.4920173,-0.1416417,1.964789,0.9346984,0.0664853,-0.3491685,0.0322368,0.9624452,0.2695551,0.3539771,-0.2632087,0.8974527,moving,17.35962,-19.02889,-14.05875,-4.123322
05/11/2023 13:09:36.727677,1500,True,True,True,True,Eyes,2.242034,0.171114,-3.281796,0.2766452,-0.311778,0.9089894,0.0,0.0,0.0,0.0,0.0,0.0,0.0,-3.283621,0.6247379,2.149003,2.335282,0.1669897,-3.210803,0.1348397,0.1733629,0.008836326,0.9755437,15.07126,20.65641,3.799913,0.5480635,0.04324862,-0.8353176,0.1652556,0.003976959,0.1417496,3.190915,-0.5237437,-2.085695,-0.4910911,-0.1388999,1.965315,0.9397344,0.06399282,-0.3358632,0.02951194,0.9634804,0.2661477,0.3406291,-0.2600202,0.9035271,moving,16.9273,-18.93167,-14.02972,-4.042692
05/11/2023 13:09:36.737309,1501,True,True,True,True,Eyes,2.246563,0.1710033,-3.277958,0.2694363,-0.3105601,0.9115682,0.0,0.0,0.0,0.0,0.0,0.0,0.0,-3.255184,0.6205937,2.191584,2.344794,0.1691335,-3.20277,0.133253,0.1656899,0.009432106,0.9770883,14.90839,19.73483,3.713624,0.5496234,0.04322571,-0.8342931,0.1553403,0.003738342,0.1332446,3.194713,-0.5237809,-2.071839,-0.4902223,-0.1363301,1.965809,0.9449158,0.06258933,-0.3212736,0.02572533,0.9643093,0.2635255,0.326301,-0.2572742,0.909581,moving,16.46633,-18.81335,-14.0025,-3.967146
05/11/2023 13:09:36.757992,1502,True,True,True,True,Eyes,2.251276,0.1709878,-3.273968,0.2618328,-0.3094413,0.9141606,0.0,0.0,0.0,0.0,0.0,0.0,0.0,-3.225368,0.6046379,2.238028,2.354473,0.1709231,-3.194464,0.129099,0.1577656,0.01037724,0.9789463,14.44719,18.76829,3.614662,0.5511498,0.04320294,-0.8332869,0.1460199,0.003514041,0.1252499,3.200457,-0.5141495,-2.054608,-0.4893221,-0.1336653,1.966321,0.9500046,0.06105228,-0.3062088,0.02041724,0.9664515,0.2560363,0.3115675,-0.2494876,0.9168869,moving,15.98271,-18.70084,-13.97429,-3.888831
05/11/2023 13:09:36.777512,1503,True,True,True,True,Eyes,2.256203,0.1710853,-3.269807,0.2537806,-0.3083991,0.9167799,0.0,0.0,0.0,0.0,0.0,0.0,0.0,-3.191619,0.6061821,2.284569,2.36374,0.1732,-3.186829,0.1295007,0.1491121,0.009979835,0.9802528,14.53141,17.73808,3.446048,0.5526503,0.04318272,-0.8322935,0.1372587,0.003303199,0.1177349,3.198903,-0.5256374,-2.042907,-0.4884145,-0.1309797,1.966837,0.9553319,0.05818577,-0.2897503,0.01905472,0.9662599,0.2568631,0.2949199,-0.2509107,0.9219903,moving,15.47301,-18.59262,-13.94588,-3.809934
05/11/2023 13:09:36.797693,1504,True,True,True,True,Eyes,2.261291,0.171246,-3.265502,0.2453702,-0.3071673,0.919479,0.0,0.0,0.0,0.0,0.0,0.0,0.0,-3.155522,0.6096537,2.331594,2.373249,0.1759277,-3.178375,0.1293232,0.1401934,0.01058972,0.9815851,14.53162,16.68731,3.378702,0.5541338,0.04316763,-0.8313073,0.1290231,0.003105007,0.1106708,3.204134,-0.5180278,-2.026773,-0.4874991,-0.1282719,1.967357,0.9604673,0.05704993,-0.2724844,0.01547109,0.9663267,0.2568527,0.2779624,-0.2509142,0.9272426,moving,14.94165,-18.47276,-13.91722,-3.73041
05/11/2023 13:09:36.811573,1505,True,True,True,True,Eyes,2.266527,0.1714906,-3.261067,0.2366219,-0.3063463,0.9220423,0.0,0.0,0.0,0.0,0.0,0.0,0.0,-3.118919,0.5987265,2.381983,2.382321,0.1775475,-3.170645,0.1259233,0.1313175,0.01164448,0.9832413,14.15629,15.62534,3.309151,0.5556059,0.04315878,-0.8303246,0.1212818,0.002918706,0.1040306,3.205555,-0.5209478,-2.014618,-0.4865866,-0.1255695,1.967877,0.9652402,0.05597055,-0.2553011,0.01017322,0.9680154,0.2506843,0.2611663,-0.2445678,0.933798,moving,14.3931,-18.37894,-13.88865,-3.651071
05/11/2023 13:09:36.827817,1506,True,True,True,True,Eyes,2.271898,0.1718224,-3.256465,0.2275302,-0.3054393,0.924628,0.0,0.0,0.0,0.0,0.0,0.0,0.0,-3.079828,0.6182379,2.426548,2.391268,0.1798463,-3.163097,0.129446,0.122096,0.01128448,0.9839762,14.59518,14.55506,3.187952,0.5570717,0.04315767,-0.829342,0.1140049,0.002743584,0.09778874,3.205309,-0.5305458,-2.003986,-0.4856986,-0.1229443,1.968381,0.9699304,0.053817,-0.2373577,0.009402366,0.9662328,0.2574992,0.2432006,-0.251988,0.9366726,moving,13.82453,-18.28033,-13.86087,-3.57403
05/11/2023 13:09:36.847492,1507,True,True,True,True,Eyes,2.277349,0.1721981,-3.251728,0.2183292,-0.30442,0.927179,0.0,0.0,0.0,0.0,0.0,0.0,0.0,-3.041501,0.6115223,2.47376,2.40002,0.1822373,-3.154499,0.1275723,0.113195,0.01177325,0.9852785,14.40196,13.49706,3.08232,0.5585363,0.04316576,-0.8283559,0.1071646,0.002578969,0.09192142,3.207811,-0.5230953,-1.987999,-0.4847786,-0.1202214,1.968904,0.9740966,0.05208093,-0.2200533,0.00568122,0.9671734,0.2540538,0.226061,-0.2487231,0.9418244,moving,13.25044,-18.17652,-13.83209,-3.494146
05/11/2023 13:09:36.857415,1508,True,True,True,True,Eyes,2.282887,0.172626,-3.246859,0.2088531,-0.3035735,0.9296363,0.0,0.0,0.0,0.0,0.0,0.0,0.0,-3.006032,0.5946647,2.519127,2.408384,0.1836738,-3.146713,0.1252043,0.1048435,0.01079646,0.9865168,14.16814,12.48228,2.811337,0.5600019,0.04318332,-0.8273648,0.1007347,0.002424231,0.08640613,3.203703,-0.5397499,-1.979638,-0.4838136,-0.1173667,1.969452,0.9777826,0.04755547,-0.2041561,0.004951918,0.9684146,0.2492961,0.2095632,-0.2447683,0.9466635,moving,12.6619,-18.08449,-13.80192,-3.410428
05/11/2023 13:09:36.877961,1509,True,True,True,True,Eyes,2.288541,0.1731051,-3.241845,0.199271,-0.3025285,0.9320771,0.0,0.0,0.0,0.0,0.0,0.0,0.0,-2.972273,0.5960643,2.556166,2.416194,0.1853802,-3.138682,0.1269787,0.09703277,0.008953436,0.9871074,14.41513,11.54504,2.504267,0.5614718,0.04321074,-0.8263665,0.09469061,0.002278777,0.08122177,3.204264,-0.5375633,-1.965065,-0.4829516,-0.1148163,1.969942,0.9810089,0.04231819,-0.1892897,0.006966183,0.9675925,0.2524208,0.1938373,-0.2489456,0.9489222,moving,12.06773,-17.98211,-13.77497,-3.335658
05/11/2023 13:09:36.897792,1510,True,True,True,True,Eyes,2.294245,0.1736083,-3.236721,0.1894187,-0.301416,0.9344886,0.0,0.0,0.0,0.0,0.0,0.0,0.0,-2.937236,0.5771013,2.59748,2.423874,0.1869613,-3.130045,0.1232402,0.08920953,0.009191073,0.9883164,14.00229,10.60687,2.371891,0.5629492,0.0432484,-0.8253589,0.08900917,0.00214205,0.07634846,3.208011,-0.5111199,-1.942016,-0.4820326,-0.1120964,1.970465,0.9839144,0.04015576,-0.174069,0.003821016,0.9694548,0.2452404,0.1785999,-0.2419607,0.953707,moving,11.45848,-17.87692,-13.74624,-3.25595
05/11/2023 13:09:36.912061,1511,True,True,True,True,Eyes,2.299962,0.174149,-3.231457,0.1796347,-0.3004002,0.936745,0.0,0.0,0.0,0.0,0.0,0.0,0.0,-2.899117,0.5693312,2.63902,2.43095,0.1880166,-3.122271,0.1216612,0.08098405,0.009054084,0.989221,13.84128,9.629874,2.220379,0.5644351,0.04329593,-0.8243409,0.08366861,0.002013527,0.07176755,3.20561,-0.4940461,-1.91935,-0.4810871,-0.1092978,1.971003,0.9867193,0.03761821,-0.1580192,0.001792243,0.9702331,0.242166,0.1624253,-0.2392331,0.9572803,moving,10.85553,-17.78028,-13.7167,-3.173967
05/11/2023 13:09:36.927591,1512,True,True,True,True,Eyes,2.305708,0.1747324,-3.226053,0.1696352,-0.2991545,0.939005,0.0,0.0,0.0,0.0,0.0,0.0,0.0,-2.860781,0.5645,2.678137,2.437933,0.1894934,-3.113795,0.1212739,0.07280707,0.008299355,0.9899107,13.82116,8.65683,2.011891,0.5659305,0.04335338,-0.823312,0.07864849,0.001892716,0.0674615,3.203557,-0.4690236,-1.893232,-0.4802494,-0.1068195,1.971479,0.9892605,0.03409043,-0.142132,0.001227956,0.9704475,0.2413091,0.146158,-0.2388921,0.9599835,moving,10.24027,-17.67119,-13.69052,-3.101391
05/11/2023 13:09:36.947107,1513,True,True,True,True,Eyes,2.31144,0.1753398,-3.220513,0.1597354,-0.2978284,0.9411604,0.0,0.0,0.0,0.0,0.0,0.0,0.0,-2.823679,0.546744,2.716858,2.444526,0.1910374,-3.105029,0.1175318,0.06507528,0.008884748,0.9908949,13.40112,7.742562,1.938431,0.5674368,0.04342096,-0.822271,0.0,0.0,0.0,3.200111,-0.4506358,-1.869977,-0.4793158,-0.1040576,1.972009,0.9913726,0.03290452,-0.126877,-0.002310869,0.9722146,0.2340797,0.131054,-0.231767,0.963903,moving,9.632553,-17.55988,-13.66137,-3.020543
05/11/2023 13:09:36.957711,1514,True,True,True,True,Eyes,2.317166,0.1759595,-3.214835,0.1496021,-0.2963629,0.9432858,0.0,0.0,0.0,0.0,0.0,0.0,0.0,-2.785992,0.5324638,2.753977,2.450692,0.1922065,-3.09626,0.114283,0.05739713,0.009567815,0.9917427,13.03701,6.840346,1.887999,0.5689534,0.04349834,-0.8212183,0.0,0.0,0.0,3.190643,-0.4540462,-1.852223,-0.4784268,-0.1014264,1.972515,0.9932281,0.03209666,-0.1116595,-0.005858586,0.9736957,0.227777,0.1160332,-0.2255804,0.96729,moving,9.01187,-17.44175,-13.63362,-2.943547
05/11/2023 13:09:36.977502,1515,True,True,True,True,Eyes,2.322843,0.1765653,-3.209021,0.1395936,-0.2948179,0.9453021,0.0,0.0,0.0,0.0,0.0,0.0,0.0,-2.74647,0.5178803,2.791301,2.456436,0.193073,-3.087281,0.1116449,0.04948924,0.009472812,0.9924699,12.74844,5.905304,1.75398,0.5704812,0.04358501,-0.8201531,0.0,0.0,0.0,3.178126,-0.4541146,-1.831294,-0.4775031,-0.09869292,1.97304,0.9949222,0.0298534,-0.09611798,-0.007752519,0.9748914,0.222546,0.1003483,-0.2206708,0.9701725,moving,8.400211,-17.32149,-13.60479,-2.863591
05/11/2023 13:09:36.997987,1516,True,True,True,True,Eyes,2.328488,0.1771551,-3.20309,0.1293488,-0.2933219,0.9472229,0.0,0.0,0.0,0.0,0.0,0.0,0.0,-2.706333,0.4993111,2.828358,2.461748,0.1933387,-3.078242,0.1086365,0.04158953,0.008948576,0.9931709,12.41817,4.96694,1.573168,0.5720195,0.04367982,-0.8190759,0.0,0.0,0.0,3.162604,-0.4550615,-1.809723,-0.4766108,-0.09605291,1.973547,0.9963805,0.02681121,-0.08066674,-0.008738644,0.976236,0.2165336,0.08455531,-0.2150449,0.9729369,moving,7.775975,-17.20593,-13.57695,-2.786398
05/11/2023 13:09:37.013339,1517,True,True,True,True,Eyes,2.334086,0.1777493,-3.197034,0.1187664,-0.2917802,0.9490831,0.0,0.0,0.0,0.0,0.0,0.0,0.0,-2.665291,0.4970329,2.862374,2.466771,0.1935316,-3.069461,0.108457,0.03367513,0.008324908,0.9934958,12.41215,4.034812,1.39912,0.573568,0.04378167,-0.8179868,0.0,0.0,0.0,3.145104,-0.4714817,-1.794122,-0.4757285,-0.09344265,1.974048,0.9975933,0.02384613,-0.0651064,-0.009236918,0.9763356,0.2160638,0.06871798,-0.2149424,0.9742061,moving,7.132804,-17.08919,-13.54943,-2.710104
05/11/2023 13:09:37.027920,1518,True,True,True,True,Eyes,2.33963,0.1783107,-3.190864,0.1079869,-0.290289,0.9508265,0.0,0.0,0.0,0.0,0.0,0.0,0.0,-2.622648,0.5034659,2.894605,2.471349,0.1941156,-3.060269,0.1094009,0.02567071,0.008180467,0.9936326,12.53222,3.100826,1.283958,0.5751265,0.04389012,-0.8168859,0.0,0.0,0.0,3.132176,-0.4823149,-1.779311,-0.47478,-0.09063524,1.974587,0.9985482,0.02187355,-0.0492246,-0.01063996,0.9759291,0.2178285,0.0528044,-0.2169885,0.974745,moving,6.47941,-16.97752,-13.51985,-2.628081
05/11/2023 13:09:37.037271,1519,True,True,True,True,Eyes,2.345066,0.1788279,-3.184602,0.09704206,-0.2890582,0.9523803,0.0,0.0,0.0,0.0,0.0,0.0,0.0,-2.580811,0.5048448,2.926142,2.475705,0.194028,-3.051393,0.1095354,0.01788334,0.007867394,0.9937909,12.55808,2.188175,1.147946,0.5766945,0.04400384,-0.8157737,0.0,0.0,0.0,3.117507,-0.4943631,-1.765533,-0.4739228,-0.08809894,1.975075,0.9992366,0.01955481,-0.0338211,-0.01171937,0.9758802,0.217992,0.03726814,-0.2174293,0.9753644,moving,5.81803,-16.88364,-13.49312,-2.554006
05/11/2023 13:09:37.057622,1520,True,True,True,True,Eyes,2.350432,0.1793074,-3.178243,0.085953,-0.28829,0.9536775,0.0,0.0,0.0,0.0,0.0,0.0,0.0,-2.538059,0.5251359,2.954158,2.479534,0.193595,-3.04286,0.1129978,0.01009708,0.007258762,0.9935175,12.96666,1.276174,0.9822367,0.5782698,0.04412129,-0.8146513,0.0,0.0,0.0,3.102029,-0.5049579,-1.750589,-0.4730361,-0.08547586,1.975579,0.9996907,0.01670531,-0.01842279,-0.01214152,0.9743576,0.2246772,0.02170369,-0.2243841,0.9742591,moving,5.150036,-16.8197,-13.46548,-2.477427
05/11/2023 13:09:37.077709,1521,True,True,True,True,Eyes,2.35568,0.1797455,-3.171789,0.07499807,-0.2876558,0.9547929,0.0,0.0,0.0,0.0,0.0,0.0,0.0,-2.497315,0.5608216,2.976394,2.483339,0.1932571,-3.03409,0.1184214,0.002762866,0.007424545,0.9929318,13.59915,0.4270927,0.9077553,0.5798519,0.0442413,-0.8135195,0.0,0.0,0.0,3.088253,-0.501293,-1.731052,-0.4721128,-0.08274138,1.976104,0.9998745,0.0153985,-0.003728227,-0.01408977,0.9718425,0.2352097,0.007245125,-0.2351276,0.9719375,moving,4.491307,-16.76627,-13.43671,-2.397629
05/11/2023 13:09:37.097829,1522,True,True,True,True,Eyes,2.36085,0.180162,-3.165243,0.0640016,-0.2873455,0.9556864,0.0,0.0,0.0,0.0,0.0,0.0,0.0,-2.457262,0.5834678,2.999056,2.486682,0.1928043,-3.025251,0.1211667,-0.004315243,0.008206728,0.992589,13.92245,359.6117,0.9000126,0.5814393,0.04436274,-0.8123791,0.0,0.0,0.0,3.07652,-0.4929867,-1.711051,-0.4712101,-0.08007056,1.976617,0.999828,0.01524608,0.01055529,-0.01733754,0.9705026,0.2404667,-0.006577759,-0.2406083,0.9706,moving,3.831335,-16.73442,-13.4086,-2.31972
05/11/2023 13:09:37.113242,1523,True,True,True,True,Eyes,2.365902,0.180547,-3.158588,0.0531842,-0.2867685,0.9565225,0.0,0.0,0.0,0.0,0.0,0.0,0.0,-2.421492,0.6153481,3.015663,2.490092,0.1927775,-3.016418,0.1248421,-0.01058841,0.009907194,0.9920706,14.35412,358.9037,1.006266,0.5830313,0.04448505,-0.8112307,0.0,0.0,0.0,3.065679,-0.4773853,-1.688598,-0.4703115,-0.07741147,1.977128,0.9995794,0.01701352,0.02348256,-0.02230103,0.9686326,0.2474946,-0.01853522,-0.2479142,0.9686047,moving,3.182462,-16.6889,-13.38062,-2.242184
05/11/2023 13:09:37.127696,1524,True,True,True,True,Eyes,2.370852,0.1808972,-3.151837,0.04237328,-0.2862677,0.9572123,0.0,0.0,0.0,0.0,0.0,0.0,0.0,-2.388077,0.6241953,3.033469,2.492951,0.1924382,-3.007096,0.12478,-0.01639743,0.0115435,0.9919817,14.3555,358.2461,1.112524,0.5846264,0.04460751,-0.810075,0.0,0.0,0.0,3.052433,-0.4603743,-1.664657,-0.4693874,-0.0746786,1.977653,0.9991957,0.01880974,0.03541269,-0.02699403,0.9685934,0.2471804,-0.0296511,-0.2479375,0.9683222,moving,2.534679,-16.65003,-13.35185,-2.162532
05/11/2023 13:09:37.137492,1525,True,True,True,True,Eyes,2.375668,0.1812074,-3.144977,0.03180058,-0.2854068,0.9578788,0.0,0.0,0.0,0.0,0.0,0.0,0.0,-2.355213,0.6376805,3.049354,2.495547,0.1920446,-2.99793,0.1251807,-0.02201441,0.0135887,0.9917966,14.41277,357.6173,1.268615,0.5862245,0.04472942,-0.8089126,0.0,0.0,0.0,3.034292,-0.4544115,-1.643141,-0.4683827,-0.07170555,1.978224,0.9986615,0.02144291,0.04706971,-0.03246602,0.9682903,0.2477092,-0.04026554,-0.2489058,0.9676903,moving,1.901462,-16.5918,-13.32058,-2.075916
05/11/2023 13:09:37.157825,1526,True,True,True,True,Eyes,2.380367,0.181482,-3.138007,0.02125091,-0.2844912,0.958443,0.0,0.0,0.0,0.0,0.0,0.0,0.0,-2.323684,0.6432557,3.065035,2.498122,0.1914235,-2.988389,0.1246674,-0.0274458,0.01515808,0.9917031,14.365,357.0025,1.373563,0.5878235,0.04484995,-0.8077447,0.0,0.0,0.0,3.014076,-0.4538634,-1.622768,-0.4675843,-0.06934303,1.978678,0.9980339,0.02322144,0.05821562,-0.03690783,0.9684565,0.246434,-0.05065674,-0.2480981,0.9674096,moving,1.270173,-16.53228,-13.29574,-2.007117
05/11/2023 13:09:37.177711,1527,True,True,True,True,Eyes,2.385055,0.1817565,-3.13091,0.009911632,-0.2817882,0.9594254,0.0,0.0,0.0,0.0,0.0,0.0,0.0,-2.293905,0.6409555,3.080035,2.500093,0.1907598,-2.978689,0.1233699,-0.03255022,0.01613358,0.9916956,14.22563,356.4169,1.416839,0.5894232,0.04496856,-0.8065715,0.0,0.0,0.0,2.993579,-0.4512997,-1.602031,-0.4666709,-0.0666402,1.979197,0.9973604,0.02396778,0.06854061,-0.04003064,0.9690391,0.2436404,-0.06057901,-0.245741,0.9674408,moving,0.5918902,-16.36778,-13.26733,-1.928439
05/11/2023 13:09:37.187640,1528,True,True,True,True,Eyes,2.389615,0.1819869,-3.123696,-0.001371932,-0.2790173,0.9602851,0.0,0.0,0.0,0.0,0.0,0.0,0.0,-2.264241,0.6422179,3.09381,2.502054,0.1904491,-2.968897,0.1226239,-0.03761008,0.01725272,0.9915903,14.15129,355.8391,1.476882,0.5910246,0.04508552,-0.8053923,0.0,0.0,0.0,2.972282,-0.4482722,-1.581152,-0.4658089,-0.06408966,1.979687,0.9965757,0.02499146,0.07881876,-0.04343905,0.9693314,0.2418876,-0.07035638,-0.2444831,0.9670978,moving,-0.08185679,-16.20158,-13.24052,-1.854224
05/11/2023 13:09:37.212703,1529,True,True,True,True,Eyes,2.393911,0.1821497,-3.116386,-0.01287613,-0.2762421,0.9610018,0.0,0.0,0.0,0.0,0.0,0.0,0.0,-2.235876,0.631097,3.108128,2.503562,0.1895535,-2.958738,0.1198582,-0.0424259,0.01829077,0.9917155,13.8442,355.2878,1.540837,0.5926272,0.04520011,-0.8042074,0.0,0.0,0.0,2.949733,-0.4438652,-1.55946,-0.4648557,-0.06126893,1.980229,0.995731,0.0261083,0.08853345,-0.04644867,0.9705989,0.2361785,-0.07976424,-0.2392825,0.9676681,moving,-0.7676404,-16.03742,-13.21089,-1.772184
05/11/2023 13:09:37.227713,1530,True,True,True,True,Eyes,2.398068,0.1822603,-3.108961,-0.02433004,-0.2735837,0.9615404,0.0,0.0,0.0,0.0,0.0,0.0,0.0,-2.204851,0.631713,3.121244,2.504411,0.1881962,-2.948746,0.1191852,-0.04754476,0.01901113,0.9915509,13.77821,354.6975,1.555712,0.5942276,0.0453111,-0.8030193,0.0,0.0,0.0,2.925788,-0.4421971,-1.538672,-0.4639682,-0.05864197,1.980734,0.9947562,0.02636775,0.09881779,-0.04903428,0.9708669,0.2345486,-0.0897544,-0.2381642,0.9670687,moving,-1.449457,-15.88246,-13.18331,-1.695814
05/11/2023 13:09:37.237468,1531,True,True,True,True,Eyes,2.402063,0.1823165,-3.101418,-0.03590653,-0.2708921,0.9619398,0.0,0.0,0.0,0.0,0.0,0.0,0.0,-2.173218,0.6371419,3.133307,2.505332,0.1870608,-2.938495,0.1192492,-0.0527473,0.01986601,0.9912632,13.79865,354.0995,1.58164,0.5958257,0.04541776,-0.8018283,0.0,0.0,0.0,2.90203,-0.4420785,-1.51899,-0.4631316,-0.05616665,1.981209,0.9936461,0.02680474,0.1093109,-0.05196504,0.9707699,0.234319,-0.0998349,-0.2385105,0.9659947,moving,-2.137699,-15.72776,-13.15732,-1.623882
05/11/2023 13:09:37.257872,1532,True,True,True,True,Eyes,2.405898,0.182307,-3.093763,-0.04740264,-0.2682284,0.9621884,0.0,0.0,0.0,0.0,0.0,0.0,0.0,-2.142399,0.6344082,3.145329,2.505491,0.1858111,-2.928041,0.1181067,-0.05773316,0.02057276,0.9911078,13.67938,353.5245,1.600748,0.5974204,0.04551934,-0.800635,0.0,0.0,0.0,2.879035,-0.4436029,-1.50058,-0.4622086,-0.05343556,1.981734,0.9924873,0.0271423,0.1192991,-0.054417,0.9712551,0.2317375,-0.10958,-0.2364884,0.9654353,moving,-2.820421,-15.57683,-13.12865,-1.544552
05/11/2023 13:09:37.277335,1533,True,True,True,True,Eyes,2.409505,0.182216,-3.085998,-0.05883975,-0.2656626,0.9622688,0.0,0.0,0.0,0.0,0.0,0.0,0.0,-2.112643,0.6317341,3.156252,2.505551,0.184206,-2.917628,0.1171551,-0.06255409,0.02099188,0.9909194,13.58035,352.9649,1.58847,0.5990109,0.04561489,-0.7994403,0.0,0.0,0.0,2.857438,-0.4450773,-1.483043,-0.4613019,-0.05075186,1.982249,0.9912927,0.02694545,0.1288907,-0.05625958,0.9716681,0.2295563,-0.1190535,-0.2348088,0.9647233,moving,-3.499102,-15.43373,-13.10049,-1.466633
05/11/2023 13:09:37.297763,1534,True,True,True,True,Eyes,2.412936,0.1820563,-3.078117,-0.07017355,-0.2631229,0.9622068,0.0,0.0,0.0,0.0,0.0,0.0,0.0,-2.082644,0.6309768,3.165842,2.50484,0.1822141,-2.907003,0.1165873,-0.06730127,0.02127241,0.9906692,13.52456,352.412,1.559178,0.6005955,0.04570318,-0.7982455,0.0,0.0,0.0,2.836386,-0.4439829,-1.465247,-0.4604098,-0.04811227,1.982757,0.990036,0.0264549,0.1383068,-0.05784078,0.9719098,0.2281355,-0.1283864,-0.2338621,0.9637559,moving,-4.171185,-15.29407,-13.0728,-1.390029
05/11/2023 13:09:37.312797,1535,True,True,True,True,Eyes,2.416175,0.1818168,-3.07011,-0.08139579,-0.2606963,0.9619835,0.0,0.0,0.0,0.0,0.0,0.0,0.0,-2.054516,0.6276086,3.174328,2.504086,0.1803889,-2.896255,0.1157626,-0.07177367,0.02139563,0.9904493,13.43754,351.8893,1.517964,0.6021735,0.04578344,-0.7970511,0.0,0.0,0.0,2.814997,-0.4465336,-1.449033,-0.4594972,-0.04541206,1.983276,0.9887815,0.02576517,0.14713,-0.059,0.9722825,0.2262426,-0.1372228,-0.2323852,0.9628952,moving,-4.836417,-15.1629,-13.04448,-1.311701
05/11/2023 13:09:37.327745,1536,True,True,True,True,Eyes,2.419217,0.1815062,-3.061979,-0.09247776,-0.2582364,0.9616453,0.0,0.0,0.0,0.0,0.0,0.0,0.0,-2.027652,0.6275749,3.18025,2.502624,0.178238,-2.885188,0.1149294,-0.07589331,0.02225803,0.9902203,13.35532,351.4182,1.568743,0.6037444,0.04585466,-0.7958577,0.0,0.0,0.0,2.794858,-0.4476089,-1.432967,-0.4585494,-0.04260772,1.983814,0.9874896,0.02663595,0.1554184,-0.06152544,0.9725916,0.2242324,-0.145186,-0.2309893,0.9620629,moving,-5.493025,-15.03137,-13.01507,-1.230391
05/11/2023 13:09:37.337650,1537,True,True,True,True,Eyes,2.422035,0.1811171,-3.053727,-0.1034081,-0.2558688,0.9611648,0.0,0.0,0.0,0.0,0.0,0.0,0.0,-2.00141,0.6228155,3.186301,2.500985,0.1762052,-2.874035,0.113053,-0.07988259,0.02353537,0.9900929,13.15735,350.9682,1.679692,0.6053072,0.04591617,-0.7946661,0.0,0.0,0.0,2.77553,-0.4496278,-1.417956,-0.4576787,-0.0400334,1.984309,0.9861298,0.02854248,0.1635039,-0.06466634,0.9733302,0.2201058,-0.1528609,-0.227626,0.9616756,moving,-6.140618,-14.90682,-12.98807,-1.155784
05/11/2023 13:09:37.357844,1538,True,True,True,True,Eyes,2.42464,0.1806609,-3.045348,-0.1142197,-0.2535096,0.9605659,0.0,0.0,0.0,0.0,0.0,0.0,0.0,-1.973497,0.622721,3.191628,2.498624,0.1739552,-2.862792,0.1114402,-0.08396966,0.02547246,0.9898897,12.99728,350.5152,1.865222,0.6068615,0.0459672,-0.7934769,0.0,0.0,0.0,2.756122,-0.4524316,-1.403627,-0.4567872,-0.03739309,1.984817,0.9846005,0.03171466,0.1719187,-0.06914502,0.9738645,0.2163491,-0.1605641,-0.2249047,0.9610604,moving,-6.781133,-14.78423,-12.96042,-1.0793
05/11/2023 13:09:37.377511,1539,True,True,True,True,Eyes,2.426953,0.1801349,-3.036854,-0.124825,-0.2512689,0.9598347,0.0,0.0,0.0,0.0,0.0,0.0,0.0,-1.944173,0.6239564,3.197044,2.496172,0.1718955,-2.85128,0.1097548,-0.08823597,0.02787534,0.989642,12.83564,350.0468,2.104501,0.6084058,0.04600731,-0.7922912,0.0,0.0,0.0,2.737786,-0.4505616,-1.388251,-0.455891,-0.03474289,1.985326,0.9828748,0.03580457,0.1807629,-0.07454183,0.9743538,0.2123166,-0.1685251,-0.222155,0.9603366,moving,-7.409642,-14.66989,-12.93265,-1.002565
05/11/2023 13:09:37.387472,1540,True,True,True,True,Eyes,2.429054,0.1795696,-3.028229,-0.1353228,-0.2491422,0.9589661,0.0,0.0,0.0,0.0,0.0,0.0,0.0,-1.913353,0.6315078,3.20138,2.493231,0.1698458,-2.839632,0.1086955,-0.09259952,0.03089121,0.9892706,12.75483,349.5742,2.408638,0.6099385,0.04603609,-0.7911102,0.0,0.0,0.0,2.72029,-0.4467017,-1.372802,-0.45497,-0.03201669,1.985849,0.9809421,0.04098923,0.1899274,-0.08124983,0.974462,0.2093375,-0.1764965,-0.2207796,0.9592212,moving,-8.032156,-14.56364,-12.90411,-0.9236665
05/11/2023 13:09:37.413561,1541,True,True,True,True,Eyes,2.430894,0.1789718,-3.019478,-0.1456745,-0.2471329,0.9579688,0.0,0.0,0.0,0.0,0.0,0.0,0.0,-1.882236,0.6419383,3.204846,2.490267,0.1683863,-2.827747,0.1082274,-0.09699872,0.03392972,0.9888008,12.74504,349.0974,2.70928,0.611459,0.04605392,-0.7899345,0.0,0.0,0.0,2.703038,-0.438665,-1.356252,-0.454095,-0.02942824,1.986346,0.97888,0.04610363,0.1991691,-0.0880953,0.9742712,0.2074484,-0.1844806,-0.2206129,0.9577561,moving,-8.646501,-14.46554,-12.877,-0.84879
05/11/2023 13:09:37.428731,1542,True,True,True,True,Eyes,2.432515,0.178371,-3.010602,-0.15595,-0.2451953,0.9568484,0.0,0.0,0.0,0.0,0.0,0.0,0.0,-1.85126,0.6459279,3.208671,2.486708,0.1671053,-2.815727,0.1070773,-0.1013506,0.0365431,0.9883962,12.65482,348.6199,2.968765,0.6129662,0.04606132,-0.788765,0.0,0.0,0.0,2.68486,-0.4369479,-1.342208,-0.4532024,-0.02678734,1.986854,0.9767853,0.05053341,0.208175,-0.09394282,0.9743981,0.2042623,-0.1925233,-0.2190769,0.956525,moving,-9.256845,-14.37294,-12.84936,-0.7724315
05/11/2023 13:09:37.437715,1543,True,True,True,True,Eyes,2.433927,0.1777667,-3.001584,-0.1661091,-0.2432741,0.9556283,0.0,0.0,0.0,0.0,0.0,0.0,0.0,-1.818284,0.6508873,3.213215,2.483143,0.1664687,-2.803721,0.1062158,-0.1060096,0.03914356,0.9879009,12.60101,348.1059,3.22018,0.6144602,0.04605951,-0.7876019,0.0,0.0,0.0,2.665897,-0.4284642,-1.326115,-0.4522998,-0.02411556,1.987367,0.9744595,0.05482011,0.2177693,-0.09985968,0.974372,0.2015621,-0.2011386,-0.2181605,0.9549603,moving,-9.860736,-14.28241,-12.82141,-0.6952173
05/11/2023 13:09:37.463136,1544,True,True,True,True,Eyes,2.435126,0.177149,-2.992445,-0.1761988,-0.2412481,0.954334,0.0,0.0,0.0,0.0,0.0,0.0,0.0,-1.785745,0.6424576,3.219215,2.4791,0.1657373,-2.79134,0.1037432,-0.1106763,0.04093976,0.9875789,12.35519,347.5792,3.397992,0.6159407,0.04604955,-0.7864452,0.0,0.0,0.0,2.646111,-0.4215758,-1.311024,-0.4513876,-0.02141577,1.987886,0.9721494,0.05789866,0.2270976,-0.1038263,0.9751226,0.1958471,-0.2101087,-0.2139714,0.9539762,moving,-10.46073,-14.18671,-12.79318,-0.6172315
05/11/2023 13:09:37.477750,1545,True,True,True,True,Eyes,2.436123,0.1765546,-2.98318,-0.186109,-0.2392536,0.9529539,0.0,0.0,0.0,0.0,0.0,0.0,0.0,-1.755446,0.629779,3.224871,2.475279,0.1647759,-2.779182,0.1009672,-0.1151064,0.04213452,0.9873099,12.06796,347.072,3.515046,0.6174076,0.04603216,-0.7852951,0.0,0.0,0.0,2.626526,-0.4180948,-1.297373,-0.4504707,-0.01870316,1.988407,0.9699504,0.0599557,0.2357998,-0.1064436,0.9760606,0.1896719,-0.218783,-0.2090717,0.9531123,moving,-11.0506,-14.09367,-12.76481,-0.5389143
05/11/2023 13:09:37.487622,1546,True,True,True,True,Eyes,2.436912,0.1760704,-2.973778,-0.1959506,-0.237366,0.951452,0.0,0.0,0.0,0.0,0.0,0.0,0.0,-1.724271,0.6318617,3.227512,2.47111,0.1647323,-2.766889,0.1003032,-0.1195087,0.04404798,0.9867709,12.03334,346.5781,3.690725,0.6188612,0.04600889,-0.7841514,0.0,0.0,0.0,2.609019,-0.40243,-1.280661,-0.4495444,-0.01596171,1.988933,0.9675549,0.0629563,0.2446916,-0.1109047,0.975998,0.1874244,-0.227019,-0.2084808,0.9513139,moving,-11.6373,-14.00807,-12.73615,-0.4598036
05/11/2023 13:09:37.513687,1547,True,True,True,True,Eyes,2.43746,0.1756829,-2.964252,-0.2055879,-0.2354321,0.9498976,0.0,0.0,0.0,0.0,0.0,0.0,0.0,-1.692064,0.6345422,3.230042,2.466977,0.1669256,-2.754097,0.09999295,-0.1240925,0.0461615,0.9861398,12.04446,346.0654,3.882891,0.6203014,0.04598344,-0.7830143,0.0,0.0,0.0,2.5909,-0.3919333,-1.266178,-0.448682,-0.01340997,1.989424,0.9649404,0.06622662,0.2539767,-0.1158601,0.9757411,0.1857574,-0.2355134,-0.2086706,0.949205,moving,-12.21226,-13.92024,-12.70948,-0.3862039
05/11/2023 13:09:37.527691,1548,True,True,True,True,Eyes,2.437825,0.1754096,-2.954616,-0.2150961,-0.2336103,0.9482405,0.0,0.0,0.0,0.0,0.0,0.0,0.0,-1.661365,0.621374,3.234444,2.462677,0.168939,-2.741268,0.09751416,-0.1285788,0.04760626,0.9857445,11.79967,345.5533,4.02912,0.6217276,0.0459588,-0.7818837,0.0,0.0,0.0,2.570719,-0.3812149,-1.251734,-0.4477819,-0.01074648,1.989935,0.9624023,0.06877869,0.2627762,-0.1189317,0.9764493,0.1800058,-0.2442071,-0.2044904,0.9479169,moving,-12.78053,-13.83989,-12.68166,-0.309418
05/11/2023 13:09:37.537884,1549,True,True,True,True,Eyes,2.43801,0.1752882,-2.944849,-0.2243933,-0.2320756,0.9464611,0.0,0.0,0.0,0.0,0.0,0.0,0.0,-1.637172,0.6207217,3.233566,2.45871,0.1714148,-2.728908,0.09792259,-0.1321313,0.04799072,0.9852154,11.86649,345.1412,4.024613,0.6231397,0.04593809,-0.78076,0.0,0.0,0.0,2.549958,-0.3606923,-1.234655,-0.4468561,-0.00800705,1.990461,0.9604765,0.06868511,0.2697544,-0.1204397,0.9762161,0.1802675,-0.2509569,-0.2056318,0.945905,moving,-13.3378,-13.7773,-12.65305,-0.2304831
05/11/2023 13:09:37.557736,1550,True,True,True,True,Eyes,2.438031,0.1752155,-2.934977,-0.2336081,-0.2300175,0.9447324,0.0,0.0,0.0,0.0,0.0,0.0,0.0,-1.611632,0.6303987,3.230571,2.454437,0.1749816,-2.715966,0.09953259,-0.1357461,0.04943727,0.9844909,12.08718,344.7354,4.123874,0.6245384,0.04592511,-0.7796423,0.0,0.0,0.0,2.524768,-0.3574977,-1.223338,-0.4459668,-0.005375326,1.990967,0.9582579,0.07031877,0.2771229,-0.1243634,0.9752984,0.182556,-0.2574404,-0.2093997,0.9433325,moving,-13.88917,-13.68377,-12.62557,-0.15469
05/11/2023 13:09:37.577658,1551,True,True,True,True,Eyes,2.437893,0.175131,-2.925087,-0.2425027,-0.2284036,0.9428808,0.0,0.0,0.0,0.0,0.0,0.0,0.0,-1.592679,0.5769671,3.236612,2.450556,0.1759166,-2.703517,0.09224668,-0.1389978,0.04785806,0.9848248,11.2446,344.3278,4.011831,0.6259239,0.04592062,-0.7785308,0.0,0.0,0.0,2.49933,-0.3516826,-1.21118,-0.4450336,-0.002614081,1.991498,0.9567785,0.06861943,0.2826063,-0.1199078,0.9784003,0.1683893,-0.2649474,-0.194998,0.9443403,moving,-14.42349,-13.61703,-12.59674,-0.07520758
05/11/2023 13:09:37.597783,1552,True,True,True,True,Eyes,2.437621,0.1750374,-2.915151,-0.251214,-0.2272029,0.9408881,0.0,0.0,0.0,0.0,0.0,0.0,0.0,-1.571329,0.5997331,3.231582,2.447293,0.1756618,-2.692913,0.09694117,-0.1421247,0.04694118,0.9839713,11.77785,343.9539,3.796685,0.6272962,0.04592359,-0.7774252,0.0,0.0,0.0,2.473851,-0.3344957,-1.19713,-0.4441523,-5.125999e-06,1.991999,0.9551941,0.06482206,0.2887943,-0.119933,0.9767979,0.1774317,-0.2705922,-0.2041177,0.9408059,moving,-14.94907,-13.57573,-12.56953,-0.0001474389
05/11/2023 13:09:37.614021,1553,True,True,True,True,Eyes,2.437233,0.1749616,-2.905205,-0.2596863,-0.2262928,0.9388049,0.0,0.0,0.0,0.0,0.0,0.0,0.0,-1.550865,0.6281817,3.224158,2.443846,0.1754451,-2.681757,0.1014044,-0.1449724,0.04784551,0.983062,12.31266,343.6316,3.795241,0.6286548,0.04593322,-0.7763265,0.0,0.0,0.0,2.44604,-0.3433072,-1.190789,-0.4431718,0.00289458,1.992556,0.9533876,0.06466852,0.2947372,-0.1234719,0.9748559,0.1855012,-0.2753302,-0.2132463,0.9374002,moving,-15.46217,-13.55225,-12.53926,0.08323334
05/11/2023 13:09:37.627793,1554,True,True,True,True,Eyes,2.436736,0.1749546,-2.895255,-0.2680358,-0.2259331,0.936542,0.0,0.0,0.0,0.0,0.0,0.0,0.0,-1.529649,0.6483608,3.219495,2.440843,0.1759043,-2.671458,0.1038403,-0.147936,0.04985016,0.9822665,12.63544,343.3079,3.949484,0.6300001,0.04594941,-0.7752343,0.0,0.0,0.0,2.419765,-0.3312078,-1.178669,-0.4422948,0.005488753,1.993055,0.9512599,0.06720884,0.300978,-0.1286557,0.9734644,0.1892484,-0.2802721,-0.2187469,0.9346643,moving,-15.97098,-13.56299,-12.5122,0.1577888
05/11/2023 13:09:37.637560,1555,True,True,True,True,Eyes,2.43612,0.1750176,-2.885262,-0.2764024,-0.2251834,0.934288,0.0,0.0,0.0,0.0,0.0,0.0,0.0,-1.501466,0.6916125,3.213062,2.437766,0.1776912,-2.661243,0.1097241,-0.151721,0.05283791,0.9808923,13.37292,342.9012,4.147407,0.6313318,0.04597342,-0.7741486,0.0,0.0,0.0,2.394655,-0.3172821,-1.167292,-0.4413581,0.008260965,1.993587,0.9483778,0.0703617,0.3092391,-0.1369515,0.9703376,0.1992217,-0.2860487,-0.2312882,0.9298827,moving,-16.48047,-13.55105,-12.4833,0.2374191
05/11/2023 13:09:37.657788,1556,True,True,True,True,Eyes,2.435412,0.1750941,-2.875283,-0.2847367,-0.2243038,0.9319941,0.0,0.0,0.0,0.0,0.0,0.0,0.0,-1.475287,0.6700768,3.218136,2.43451,0.1794039,-2.650066,0.1061996,-0.1558025,0.05365921,0.9805958,13.00277,342.4281,4.24619,0.6326509,0.04600652,-0.7730691,0.0,0.0,0.0,2.370637,-0.3192846,-1.160375,-0.4405209,0.01073843,1.994063,0.9456926,0.07214368,0.3169557,-0.1383283,0.9716847,0.1915572,-0.2941613,-0.2249982,0.9288945,moving,-16.98862,-13.53207,-12.45748,0.3085464
05/11/2023 13:09:37.679951,1557,True,True,True,True,Eyes,2.434603,0.1752176,-2.865289,-0.293259,-0.2230599,0.929647,0.0,0.0,0.0,0.0,0.0,0.0,0.0,-1.449018,0.6556373,3.222903,2.431632,0.1797755,-2.640353,0.1038172,-0.1598703,0.05415041,0.9801691,12.75784,341.9525,4.290035,0.6339568,0.04604821,-0.771996,0.0,0.0,0.0,2.347639,-0.3002271,-1.147962,-0.4395915,0.01348847,1.994591,0.9430185,0.07295853,0.3246433,-0.1393477,0.9725794,0.1862027,-0.3021563,-0.2208309,0.927327,moving,-17.50798,-13.49251,-12.42883,0.3874582
05/11/2023 13:09:37.687678,1558,True,True,True,True,Eyes,2.433697,0.1753845,-2.85527,-0.3018604,-0.2214005,0.9272875,0.0,0.0,0.0,0.0,0.0,0.0,0.0,-1.419466,0.6550765,3.22532,2.428615,0.1810275,-2.629783,0.1030784,-0.1642749,0.0559654,0.9794164,12.7267,341.4541,4.454571,0.6352501,0.04609903,-0.770929,0.0,0.0,0.0,2.322189,-0.2900605,-1.139146,-0.4386737,0.01620448,1.995113,0.9397632,0.07576047,0.3333248,-0.1434932,0.9724854,0.1835259,-0.3102495,-0.2203007,0.9247772,moving,-18.03165,-13.42861,-12.40054,0.4653508
05/11/2023 13:09:37.713721,1559,True,True,True,True,Eyes,2.432794,0.1755415,-2.845232,-0.3107816,-0.219218,0.9248558,0.0,0.0,0.0,0.0,0.0,0.0,0.0,-1.385673,0.6153427,3.236762,2.42545,0.182166,-2.619041,0.09619091,-0.1696356,0.05709502,0.9791381,11.98989,340.83,4.642527,0.6365306,0.04615935,-0.7698685,0.0,0.0,0.0,2.296534,-0.2839277,-1.131281,-0.4377981,0.0187946,1.995611,0.9359279,0.07917302,0.3431773,-0.1444426,0.9749749,0.1689977,-0.3212092,-0.207739,0.9239422,moving,-18.57402,-13.33469,-12.37356,0.5395939
05/11/2023 13:09:37.727723,1560,True,True,True,True,Eyes,2.431817,0.175681,-2.835206,-0.3197481,-0.2172642,0.9222566,0.0,0.0,0.0,0.0,0.0,0.0,0.0,-1.347902,0.5913516,3.247189,2.422899,0.1817805,-2.609078,0.09239486,-0.1756127,0.05711802,0.9784484,11.58775,340.1212,4.644495,0.6378008,0.04622805,-0.7688124,0.0,0.0,0.0,2.272948,-0.2651126,-1.120506,-0.4368984,0.02145737,1.996122,0.9317954,0.07932263,0.3542107,-0.1442255,0.9764015,0.1607459,-0.3331011,-0.2008685,0.9212467,moving,-19.12152,-13.25598,-12.34584,0.6158789
05/11/2023 13:09:37.747511,1561,True,True,True,True,Eyes,2.430808,0.1758152,-2.825187,-0.3288065,-0.215315,0.9195248,0.0,0.0,0.0,0.0,0.0,0.0,0.0,-1.309543,0.6006153,3.251225,2.420201,0.18152,-2.599189,0.09414051,-0.1814154,0.05725666,0.9772143,11.81576,339.4377,4.555804,0.639061,0.04630394,-0.7677606,0.0,0.0,0.0,2.249179,-0.2487071,-1.11076,-0.4359998,0.02411616,1.996633,0.9276203,0.07774698,0.3653437,-0.1460611,0.9757185,0.1632164,-0.343783,-0.2047654,0.9164521,moving,-19.67619,-13.17888,-12.31817,0.6920084
05/11/2023 13:09:37.757664,1562,True,True,True,True,Eyes,2.42974,0.175934,-2.815208,-0.3378752,-0.2137328,0.9166018,0.0,0.0,0.0,0.0,0.0,0.0,0.0,-1.271692,0.6084346,3.255175,2.417662,0.1814368,-2.589508,0.0952548,-0.1871205,0.05804996,0.975983,11.98518,338.7716,4.553731,0.6403118,0.0463862,-0.7667128,0.0,0.0,0.0,2.223742,-0.2345355,-1.101931,-0.4351054,0.0267638,1.997142,0.9232322,0.07766329,0.376312,-0.1489598,0.9751135,0.1642094,-0.3541938,-0.2076588,0.9118249,moving,-20.23475,-13.12566,-12.29064,0.7677776
05/11/2023 13:09:37.777495,1563,True,True,True,True,Eyes,2.428604,0.176073,-2.805272,-0.3468558,-0.2124237,0.9135466,0.0,0.0,0.0,0.0,0.0,0.0,0.0,-1.233046,0.6310396,3.256651,2.415236,0.1812469,-2.580343,0.09868453,-0.1928112,0.05907688,0.9744718,12.42209,338.1087,4.527084,0.6415526,0.04647384,-0.7656695,0.0,0.0,0.0,2.197778,-0.2191373,-1.093245,-0.4341973,0.02945149,1.997658,0.9186675,0.07708254,0.3874381,-0.1531925,0.9735426,0.1695492,-0.3641183,-0.215112,0.9061704,moving,-20.79079,-13.09017,-12.26269,0.8446509
05/11/2023 13:09:37.797612,1564,True,True,True,True,Eyes,2.427403,0.17621,-2.795355,-0.3558718,-0.2111423,0.9103703,0.0,0.0,0.0,0.0,0.0,0.0,0.0,-1.194874,0.6571035,3.256702,2.412857,0.1819585,-2.571114,0.1030561,-0.198445,0.05978391,0.9728438,12.95834,337.4458,4.438542,0.6427837,0.04656695,-0.7646307,0.0,0.0,0.0,2.171528,-0.2149451,-1.087685,-0.4332995,0.03210673,1.998168,0.914091,0.07541886,0.3984341,-0.1572227,0.9716106,0.1767873,-0.3737898,-0.2242426,0.8999981,moving,-21.35097,-13.05775,-12.23507,0.920554
05/11/2023 13:09:37.813716,1565,True,True,True,True,Eyes,2.426164,0.1763445,-2.78548,-0.3647797,-0.2098353,0.907141,0.0,0.0,0.0,0.0,0.0,0.0,0.0,-1.15862,0.6521725,3.261249,2.410163,0.1820314,-2.561533,0.1026497,-0.2040465,0.05966122,0.9717348,12.93491,336.7767,4.357952,0.6440051,0.04666501,-0.7635963,0.0,0.0,0.0,2.144763,-0.2150524,-1.083188,-0.4323828,0.03482056,1.99869,0.9096111,0.07405914,0.4088066,-0.1578404,0.9718071,0.1751493,-0.3843098,-0.223844,0.8956561,moving,-21.90605,-13.0243,-12.20687,0.9980886
05/11/2023 13:09:37.827863,1566,True,True,True,True,Eyes,2.424862,0.1764756,-2.775625,-0.3736792,-0.208584,0.9038011,0.0,0.0,0.0,0.0,0.0,0.0,0.0,-1.124438,0.6595262,3.263064,2.407933,0.1820819,-2.552573,0.104095,-0.2092652,0.05983729,0.9704596,13.12545,336.1545,4.273596,0.6452168,0.0467675,-0.7625666,0.0,0.0,0.0,2.118684,-0.2123316,-1.078602,-0.4314166,0.03767833,1.999239,0.9052551,0.0725724,0.4186245,-0.1597063,0.9711674,0.1769964,-0.3937094,-0.2270838,0.8907445,moving,-22.46279,-12.99549,-12.17716,1.079688
05/11/2023 13:09:37.837281,1567,True,True,True,True,Eyes,2.423533,0.1765919,-2.765787,-0.382425,-0.2069635,0.9005095,0.0,0.0,0.0,0.0,0.0,0.0,0.0,-1.091322,0.6576167,3.265222,2.405165,0.1821298,-2.543054,0.1039155,-0.2143415,0.06018545,0.9693489,13.13588,335.5522,4.247948,0.6464186,0.04687395,-0.7615414,0.0,0.0,0.0,2.091982,-0.2232294,-1.077688,-0.430599,0.04009873,1.999704,0.9008709,0.0721346,0.4280518,-0.1612282,0.9711586,0.1756602,-0.403035,-0.2272611,0.8865185,moving,-23.00978,-12.94347,-12.15203,1.14876
05/11/2023 13:09:37.857645,1568,True,True,True,True,Eyes,2.422146,0.1766855,-2.755986,-0.3911867,-0.2054728,0.8970808,0.0,0.0,0.0,0.0,0.0,0.0,0.0,-1.057953,0.6425207,3.270157,2.402656,0.1817554,-2.533817,0.1016157,-0.2195866,0.06023974,0.9684148,12.90105,334.928,4.238767,0.6476117,0.04698365,-0.7605202,0.0,0.0,0.0,2.067589,-0.2420907,-1.078338,-0.4296928,0.04278016,2.000219,0.8963058,0.0720472,0.4375444,-0.161301,0.9720909,0.1703567,-0.4130592,-0.223268,0.8829119,moving,-23.5604,-12.90084,-12.12418,1.22524
05/11/2023 13:09:37.877338,1569,True,True,True,True,Eyes,2.420701,0.1767651,-2.746205,-0.3998173,-0.2037995,0.8936509,0.0,0.0,0.0,0.0,0.0,0.0,0.0,-1.021833,0.646214,3.271883,2.399912,0.1813177,-2.524778,0.102166,-0.2250315,0.06080526,0.9670707,13.00109,334.282,4.215569,0.6487958,0.04709571,-0.7595034,0.0,0.0,0.0,2.044032,-0.2509719,-1.076917,-0.4287744,0.04549801,2.000741,0.891327,0.07162485,0.4476672,-0.1635871,0.9717296,0.1702372,-0.4228183,-0.2249696,0.8778459,moving,-24.10363,-12.84675,-12.09597,1.302715
05/11/2023 13:09:37.897632,1570,True,True,True,True,Eyes,2.419199,0.1768243,-2.73645,-0.4085019,-0.2021692,0.8900864,0.0,0.0,0.0,0.0,0.0,0.0,0.0,-0.9846175,0.6403908,3.275161,2.397259,0.181032,-2.515279,0.1013322,-0.2307691,0.06107925,0.9657882,12.93945,333.5984,4.190103,0.6499715,0.04720965,-0.7584905,0.0,0.0,0.0,2.02422,-0.2640224,-1.076138,-0.4278858,0.04812679,2.001246,0.8860299,0.07121059,0.4581267,-0.1647479,0.9720023,0.1675404,-0.4333695,-0.2239212,0.8729548,moving,-24.65259,-12.79673,-12.06868,1.377607
05/11/2023 13:09:37.914019,1571,True,True,True,True,Eyes,2.417654,0.1768715,-2.726705,-0.4170119,-0.2005024,0.8865099,0.0,0.0,0.0,0.0,0.0,0.0,0.0,-0.9466052,0.636092,3.278033,2.394457,0.18059,-2.506019,0.1007992,-0.2365901,0.06123814,0.9644246,12.90899,332.902,4.14317,0.6511378,0.0473247,-0.7574823,0.0,0.0,0.0,2.005639,-0.2625433,-1.071236,-0.4269249,0.0509688,2.001792,0.88055,0.07042295,0.4686921,-0.1658153,0.9721788,0.1654497,-0.444001,-0.2234031,0.8677294,moving,-25.19217,-12.7442,-12.03918,1.458526
05/11/2023 13:09:37.927718,1572,True,True,True,True,Eyes,2.416044,0.176898,-2.716973,-0.4256255,-0.1988069,0.8827904,0.0,0.0,0.0,0.0,0.0,0.0,0.0,-0.9075357,0.6360018,3.279781,2.391633,0.1802808,-2.496532,0.1011115,-0.2425685,0.0612131,0.9629071,12.9687,332.1819,4.05039,0.6522961,0.04744058,-0.7564778,0.0,0.0,0.0,1.987788,-0.2633539,-1.066996,-0.4259556,0.05383706,2.002343,0.874827,0.06883211,0.4795205,-0.166938,0.9720588,0.1650253,-0.4547631,-0.2244188,0.861874,moving,-25.74041,-12.69144,-12.00943,1.540142
05/11/2023 13:09:37.937596,1573,True,True,True,True,Eyes,2.414376,0.1768963,-2.707259,-0.4340833,-0.1970592,0.879056,0.0,0.0,0.0,0.0,0.0,0.0,0.0,-0.8661355,0.6251624,3.283476,2.388505,0.179779,-2.486957,0.09974185,-0.2489453,0.06094313,0.9614384,12.83442,331.4133,3.971249,0.6534457,0.04755667,-0.7554777,0.0,0.0,0.0,1.970315,-0.2607715,-1.061697,-0.4251061,0.05635151,2.002826,0.8686244,0.0675256,0.4908482,-0.1668466,0.972675,0.1614483,-0.4665339,-0.2221343,0.8561556,moving,-26.28045,-12.63519,-11.98337,1.611649
05/11/2023 13:09:37.957750,1574,True,True,True,True,Eyes,2.412656,0.1768492,-2.697558,-0.4426648,-0.1954751,0.8751213,0.0,0.0,0.0,0.0,0.0,0.0,0.0,-0.823644,0.6187472,3.286354,2.385579,0.1789952,-2.477566,0.09893319,-0.2554496,0.06090073,0.9598171,12.76952,330.6299,3.901718,0.6545874,0.04767231,-0.7544815,0.0,0.0,0.0,1.953222,-0.254724,-1.055374,-0.4242796,0.05879754,2.003296,0.8620732,0.06636225,0.5024199,-0.167452,0.9730067,0.1588014,-0.4783195,-0.2210297,0.8499155,moving,-26.83177,-12.59142,-11.95802,1.681172
05/11/2023 13:09:37.977289,1575,True,True,True,True,Eyes,2.410916,0.1767744,-2.687849,-0.451178,-0.1939911,0.8710946,0.0,0.0,0.0,0.0,0.0,0.0,0.0,-0.7770554,0.6245324,3.287198,2.382624,0.1778761,-2.467993,0.09966694,-0.2624184,0.06169963,0.9578081,12.90328,329.7948,3.875617,0.6557205,0.04778629,-0.7534897,0.0,0.0,0.0,1.936483,-0.2504237,-1.049509,-0.4233688,0.06149217,2.003813,0.8546594,0.06588393,0.5149919,-0.1705017,0.9725193,0.1585414,-0.4903942,-0.2233059,0.8424062,moving,-27.38162,-12.55479,-11.93009,1.757717
05/11/2023 13:09:37.997207,1576,True,True,True,True,Eyes,2.409124,0.1766901,-2.678145,-0.4598051,-0.192712,0.8668572,0.0,0.0,0.0,0.0,0.0,0.0,0.0,-0.7301427,0.6346247,3.286699,2.379784,0.177127,-2.458353,0.1009237,-0.2693902,0.06300527,0.9556535,13.11123,328.9617,3.888472,0.6568469,0.04789815,-0.7525008,0.0,0.0,0.0,1.920072,-0.23871,-1.04142,-0.4224337,0.06425962,2.004345,0.8469185,0.0660467,0.5276048,-0.1747981,0.9716895,0.1589501,-0.50217,-0.2268421,0.8344867,moving,-27.94272,-12.53366,-11.90142,1.836282
05/11/2023 13:09:38.014836,1577,True,True,True,True,Eyes,2.407322,0.1765984,-2.668406,-0.4688732,-0.1912473,0.8623122,0.0,0.0,0.0,0.0,0.0,0.0,0.0,-0.6827856,0.6437831,3.285648,2.376789,0.1768472,-2.448619,0.1021026,-0.2764183,0.06436455,0.9534282,13.31345,328.1201,3.905931,0.6579663,0.04800787,-0.7515152,0.0,0.0,0.0,1.901806,-0.2356228,-1.035964,-0.4216031,0.06671706,2.004817,0.8389002,0.06628789,0.5402336,-0.17918,0.9708645,0.159112,-0.5139465,-0.2302782,0.8263359,moving,-28.53467,-12.5049,-11.87597,1.906007
05/11/2023 13:09:38.027862,1578,True,True,True,True,Eyes,2.405465,0.176488,-2.658652,-0.478059,-0.1897324,0.8575904,0.0,0.0,0.0,0.0,0.0,0.0,0.0,-0.6355703,0.6365378,3.286855,2.373791,0.1764525,-2.43855,0.1013031,-0.2836727,0.06428811,0.9513856,13.25175,327.2381,3.820209,0.6590804,0.04811558,-0.7505314,0.0,0.0,0.0,1.883506,-0.2351184,-1.03107,-0.4206893,0.06942022,2.005337,0.8307937,0.06485174,0.5527892,-0.1797994,0.9712095,0.156283,-0.5267389,-0.2292301,0.818535,moving,-29.13724,-12.47511,-11.84797,1.982659
05/11/2023 13:09:38.037764,1579,True,True,True,True,Eyes,2.403546,0.1763511,-2.648885,-0.4874509,-0.1879821,0.8526748,0.0,0.0,0.0,0.0,0.0,0.0,0.0,-0.5894979,0.624033,3.287981,2.370691,0.1758608,-2.428301,0.09980384,-0.2908328,0.06382079,0.9494117,13.09888,326.3641,3.716431,0.6601893,0.04822103,-0.7495493,0.0,0.0,0.0,1.865119,-0.2299774,-1.024923,-0.4198059,0.07203424,2.005839,0.8226864,0.06313194,0.5649792,-0.1792369,0.9719322,0.1523875,-0.539501,-0.2266322,0.810911,moving,-29.75542,-12.43264,-11.82092,2.056738
05/11/2023 13:09:38.057426,1580,True,True,True,True,Eyes,2.401575,0.1761774,-2.639098,-0.4969563,-0.1861896,0.8475658,0.0,0.0,0.0,0.0,0.0,0.0,0.0,-0.543612,0.609566,3.288687,2.367605,0.1750782,-2.417921,0.0976585,-0.2979546,0.06392067,0.9474176,12.89339,325.5025,3.701076,0.6612931,0.0483238,-0.748569,0.0,0.0,0.0,1.847255,-0.2255072,-1.018851,-0.4188692,0.07480651,2.006371,0.8142744,0.06292353,0.5770597,-0.1793147,0.9727539,0.1469558,-0.5520901,-0.2231377,0.8033717,moving,-30.38452,-12.3897,-11.79224,2.135254
05/11/2023 13:09:38.077635,1581,True,True,True,True,Eyes,2.399559,0.1759755,-2.629292,-0.5064936,-0.1843616,0.8423034,0.0,0.0,0.0,0.0,0.0,0.0,0.0,-0.4952239,0.5970384,3.288647,2.364453,0.1739946,-2.407487,0.0956459,-0.3054028,0.06433745,0.9452204,12.71553,324.6026,3.715036,0.6623924,0.04842325,-0.74759,0.0,0.0,0.0,1.8289,-0.2228777,-1.012989,-0.4179671,0.07747605,2.006885,0.8051796,0.06320511,0.5896533,-0.1800472,0.973425,0.1415152,-0.5650387,-0.2201106,0.795162,moving,-31.01933,-12.34608,-11.76463,2.210814
05/11/2023 13:09:38.097708,1582,True,True,True,True,Eyes,2.397494,0.1757739,-2.619442,-0.5161445,-0.1825622,0.8368189,0.0,0.0,0.0,0.0,0.0,0.0,0.0,-0.444098,0.5946158,3.286558,2.361431,0.1731,-2.397068,0.09517856,-0.3131717,0.0651361,0.9426674,12.72319,323.6593,3.714195,0.6634872,0.04851897,-0.7466123,0.0,0.0,0.0,1.811501,-0.2189586,-1.006591,-0.4170782,0.08010668,2.00739,0.7953615,0.0631889,0.6028326,-0.1824178,0.9733967,0.1386459,-0.5780344,-0.220241,0.7857291,moving,-31.66602,-12.30694,-11.73743,2.285227
05/11/2023 13:09:38.114581,1583,True,True,True,True,Eyes,2.344609,0.169986,-2.372189,-0.7351696,-0.1257755,0.6661128,2.04751,0.8393414,-0.08754061,-1.008316,0.9345731,0.3269017,0.1403868,-0.3610092,0.2111571,2.024361,2.358271,0.1728947,-2.385987,0.09404369,-0.3209352,0.06565062,0.9401311,12.6483,322.7139,3.706487,0.6645787,0.0486115,-0.7456349,0.0,0.0,0.0,1.795093,-0.2159524,-0.9994859,-0.4161067,0.08298045,2.007942,0.7853812,0.06307652,0.6157904,-0.1838042,0.9736916,0.1346876,-0.5910943,-0.218966,0.7763127,moving,-47.82132,-10.69271,-11.70772,2.366466
05/11/2023 13:09:38.127875,1584,True,True,True,True,Eyes,2.344484,0.16995,-2.37175,-0.7356061,-0.1256752,0.6656497,0.0,0.0,0.0,0.0,0.0,0.0,0.0,-0.3430719,0.5632329,3.283517,2.355261,0.1718989,-2.374786,0.0906277,-0.3289413,0.06542666,0.9377119,12.29871,321.7381,3.701704,0.6703741,0.04895072,-0.7404065,-0.1586559,-0.01736373,0.741761,1.779023,-0.2093155,-0.9915199,-0.4151537,0.08580035,2.008484,0.7750339,0.06308032,0.6287633,-0.1823251,0.9750119,0.1269222,-0.6050454,-0.2130084,0.7671684,moving,-47.85807,-10.69164,-11.67857,2.446129
05/11/2023 13:09:38.147654,1585,True,True,True,True,Eyes,2.344211,0.169901,-2.370892,-0.736287,-0.1255708,0.664916,0.0,0.0,0.0,0.0,0.0,0.0,0.0,-0.2956551,0.552291,3.279694,2.352193,0.1709591,-2.36364,0.08970319,-0.3364652,0.06426519,0.9352083,12.18262,320.7997,3.509687,0.6750514,0.04922604,-0.7361261,-0.1491365,-0.0163219,0.6972553,1.762009,-0.2050728,-0.9842068,-0.414329,0.08824149,2.008952,0.7653224,0.05983869,0.6408595,-0.1805667,0.9756467,0.1245363,-0.6178004,-0.2110283,0.7574891,moving,-47.91587,-10.69447,-11.65336,2.515051
05/11/2023 13:09:38.157801,1586,True,True,True,True,Eyes,2.343816,0.169823,-2.369609,-0.7374105,-0.1251979,0.6637403,0.0,0.0,0.0,0.0,0.0,0.0,0.0,-0.2468386,0.547203,3.273923,2.34876,0.1706206,-2.352263,0.08936264,-0.3440733,0.0641785,0.9324747,12.17047,319.8569,3.413013,0.6788464,0.04945073,-0.7326128,-0.1401883,-0.01534259,0.65542,1.744379,-0.2008395,-0.9769955,-0.4134623,0.09080604,2.009445,0.7549894,0.05819507,0.6531496,-0.1811842,0.9757909,0.1224925,-0.630209,-0.210821,0.7472557,moving,-48.00975,-10.6819,-11.62687,2.587413
05/11/2023 13:09:38.177919,1587,True,True,True,True,Eyes,2.343286,0.1697148,-2.367964,-0.7389334,-0.1249489,0.6620916,0.0,0.0,0.0,0.0,0.0,0.0,0.0,-0.1977019,0.520705,3.270833,2.345502,0.169784,-2.34059,0.08556092,-0.3519491,0.06369216,0.9299217,11.76879,318.8911,3.410061,0.6819425,0.04963453,-0.7297192,-0.131777,-0.01442203,0.6160948,1.726196,-0.199701,-0.9704102,-0.4125483,0.09351045,2.009965,0.7441503,0.05823127,0.6654693,-0.1786836,0.9772453,0.1142971,-0.6436712,-0.2039627,0.7376223,moving,-48.13934,-10.68708,-11.59896,2.663675
05/11/2023 13:09:38.197937,1588,True,True,True,True,Eyes,2.342651,0.1695972,-2.365916,-0.7408502,-0.1247339,0.6599868,0.0,0.0,0.0,0.0,0.0,0.0,0.0,-0.1454277,0.5270733,3.262336,2.342593,0.1690699,-2.329262,0.08670955,-0.3600049,0.06441045,0.9266765,11.95126,317.888,3.336799,0.684483,0.04978501,-0.7273265,-0.1238704,-0.01355671,0.5791292,1.707946,-0.2004299,-0.9642366,-0.411648,0.09617391,2.010477,0.7324956,0.05694358,0.6783861,-0.181807,0.9766655,0.1143272,-0.6560461,-0.2070795,0.7257559,moving,-48.30374,-10.70235,-11.57146,2.738735
05/11/2023 13:09:38.214818,1589,True,True,True,True,Eyes,2.341923,0.1694704,-2.363486,-0.7433366,-0.1244664,0.6572358,0.0,0.0,0.0,0.0,0.0,0.0,0.0,-0.09408092,0.5249035,3.253795,2.339476,0.1687209,-2.317314,0.08675086,-0.368072,0.06461826,0.9234836,11.99312,316.8803,3.251839,0.6865826,0.04990874,-0.7253363,-0.1164382,-0.01274331,0.5443814,1.689052,-0.1978883,-0.9574764,-0.4107419,0.09885541,2.010992,0.720695,0.05548668,0.6910282,-0.1832089,0.9765975,0.1126577,-0.6686054,-0.2077943,0.7139946,moving,-48.51785,-10.7236,-11.54379,2.814254
05/11/2023 13:09:38.227707,1590,True,True,True,True,Eyes,2.341104,0.1693407,-2.360685,-0.7461245,-0.1242684,0.6541067,0.0,0.0,0.0,0.0,0.0,0.0,0.0,-0.04595673,0.5160094,3.245731,2.336522,0.1683457,-2.305531,0.08585084,-0.3757768,0.06436689,0.9204772,11.91279,315.9154,3.162216,0.6883326,0.05001095,-0.7236688,-0.1094519,-0.01197871,0.5117185,1.669058,-0.1958219,-0.9515597,-0.4098096,0.1016139,2.011522,0.7092974,0.05397503,0.7028398,-0.183018,0.9769731,0.1096723,-0.680736,-0.2064227,0.7028429,moving,-48.75985,-10.75696,-11.51534,2.891892
05/11/2023 13:09:38.237689,1591,True,True,True,True,Eyes,2.340166,0.1692818,-2.357531,-0.7492648,-0.1241449,0.6505308,0.0,0.0,0.0,0.0,0.0,0.0,0.0,-0.0001906157,0.5169002,3.2353,2.333511,0.1681502,-2.293644,0.0864063,-0.3830835,0.06458613,0.9173928,12.00639,314.9937,3.065052,0.6898372,0.05009766,-0.7222287,-0.1028848,-0.01125999,0.4810154,1.648003,-0.1867894,-0.944356,-0.4089155,0.1042595,2.01203,0.6981514,0.05230005,0.7140374,-0.1847033,0.9767252,0.1090533,-0.6917147,-0.2080208,0.691562,moving,-49.03466,-10.80421,-11.48806,2.966304
05/11/2023 13:09:38.258015,1592,True,True,True,True,Eyes,2.339112,0.1693052,-2.354021,-0.7526854,-0.123908,0.6466154,0.0,0.0,0.0,0.0,0.0,0.0,0.0,0.04445195,0.5151213,3.22424,2.329919,0.1698096,-2.281599,0.08670791,-0.3902109,0.06512643,0.9143173,12.0862,314.0957,3.01454,0.6912227,0.05017823,-0.7208973,-0.0967117,-0.01058439,0.4521545,1.627819,-0.1761599,-0.9369668,-0.4080403,0.106849,2.012527,0.6869879,0.05142368,0.7248471,-0.1867612,0.9764806,0.107731,-0.7022591,-0.2093831,0.6804343,moving,-49.33485,-10.84783,-11.46137,3.039091
05/11/2023 13:09:38.277238,1593,True,True,True,True,Eyes,2.337968,0.1693753,-2.350186,-0.7564271,-0.1235363,0.6423059,0.0,0.0,0.0,0.0,0.0,0.0,0.0,0.08948445,0.497758,3.214733,2.326089,0.1717861,-2.269378,0.08458945,-0.3975278,0.06540436,0.9113388,11.89855,313.1834,3.043759,0.6925045,0.05025626,-0.7196606,-0.090909,-0.009949325,0.4250252,1.608044,-0.173648,-0.930932,-0.4071234,0.1095627,2.013049,0.6753879,0.05195775,0.7356301,-0.1864644,0.9771338,0.1021792,-0.7135,-0.2061794,0.6696326,moving,-49.66438,-10.8869,-11.4334,3.115319
05/11/2023 13:09:38.297733,1594,True,True,True,True,Eyes,2.336726,0.169541,-2.346047,-0.7604162,-0.1234707,0.637591,0.0,0.0,0.0,0.0,0.0,0.0,0.0,0.1376435,0.4845924,3.204363,2.322552,0.1729222,-2.257779,0.08290056,-0.4052277,0.06601799,0.9080527,11.77452,312.2197,3.086373,0.6936968,0.0503339,-0.718506,-0.08545446,-0.009352366,0.3995237,1.58778,-0.1705973,-0.9251182,-0.4062067,0.1122754,2.01357,0.6628643,0.05270841,0.746882,-0.1870828,0.9775382,0.09705152,-0.7249904,-0.2040608,0.657836,moving,-50.02096,-10.95978,-11.40546,3.191472
05/11/2023 13:09:38.314734,1595,True,True,True,True,Eyes,2.335355,0.1697867,-2.341632,-0.764692,-0.1232989,0.6324899,0.0,0.0,0.0,0.0,0.0,0.0,0.0,0.1894062,0.4994278,3.188734,2.318914,0.1754507,-2.246147,0.08543932,-0.4131604,0.0684541,0.9040535,12.1838,311.2112,3.118275,0.6948119,0.05041453,-0.7174221,-0.08032719,-0.008791223,0.3755523,1.567074,-0.1586366,-0.9179342,-0.4053314,0.1148651,2.014067,0.6492251,0.05317207,0.7587356,-0.1943727,0.9760283,0.09791839,-0.7353409,-0.2110485,0.6439972,moving,-50.40526,-11.03101,-11.37879,3.264123
05/11/2023 13:09:38.327851,1596,True,True,True,True,Eyes,2.333899,0.1700839,-2.336961,-0.7692243,-0.1231417,0.6270008,0.0,0.0,0.0,0.0,0.0,0.0,0.0,0.2436537,0.4845058,3.176241,2.31477,0.1776244,-2.234483,0.08364668,-0.4217234,0.06926632,0.9001971,12.0649,310.1313,3.174571,0.6958602,0.05050077,-0.7163991,-0.07550756,-0.00826375,0.3530191,1.55056,-0.1557372,-0.9111448,-0.404377,0.1176898,2.01461,0.634703,0.05415516,0.7708562,-0.1952582,0.9764108,0.09217452,-0.7476806,-0.2090194,0.6303052,moving,-50.81625,-11.11135,-11.34972,3.343313
05/11/2023 13:09:38.337648,1597,True,True,True,True,Eyes,2.332314,0.1704185,-2.332098,-0.7738686,-0.1231729,0.6212536,0.0,0.0,0.0,0.0,0.0,0.0,0.0,0.296016,0.478491,3.162476,2.31128,0.179145,-2.223449,0.08351953,-0.4300298,0.06926639,0.8962706,12.08048,309.0614,3.067719,0.6968508,0.05059399,-0.7154289,-0.07097711,-0.007767925,0.331838,1.534049,-0.1580554,-0.904915,-0.4035047,0.1202703,2.015106,0.6205531,0.05233109,0.7824162,-0.1959946,0.9764533,0.09013895,-0.7592759,-0.2092854,0.6161978,moving,-51.24287,-11.21432,-11.32315,3.415612
05/11/2023 13:09:38.357459,1598,True,True,True,True,Eyes,2.330629,0.1707774,-2.327016,-0.7787358,-0.1230912,0.6151578,0.0,0.0,0.0,0.0,0.0,0.0,0.0,0.3474098,0.4908549,3.144953,2.307327,0.1805061,-2.212695,0.08604085,-0.4379602,0.07038128,0.8920954,12.42502,308.0249,2.947039,0.6977909,0.05069505,-0.714505,-0.06671848,-0.007301849,0.3119277,1.516589,-0.1244068,-0.8931357,-0.4025814,0.1230022,2.015631,0.6064746,0.05020867,0.7935159,-0.2009386,0.9752869,0.09186491,-0.7692932,-0.2151617,0.6015756,moving,-51.69324,-11.31527,-11.29504,3.492097
05/11/2023 13:09:38.377613,1599,True,True,True,True,Eyes,2.32885,0.1711708,-2.321763,-0.7836689,-0.1230947,0.6088603,0.0,0.0,0.0,0.0,0.0,0.0,0.0,0.3975539,0.4755322,3.130965,2.30321,0.1814069,-2.202144,0.08444677,-0.4459925,0.06989414,0.8882985,12.26142,306.9877,2.86534,0.698687,0.05080426,-0.713621,-0.06271537,-0.006863738,0.2932121,1.502986,-0.139151,-0.889818,-0.4016794,0.1256711,2.016143,0.5924109,0.04884847,0.8041537,-0.199499,0.9759671,0.08768332,-0.7805443,-0.2123724,0.5879188,moving,-52.15509,-11.42956,-11.26759,3.566771
05/11/2023 13:09:38.397602,1600,True,True,True,True,Eyes,2.281533,0.1822664,-2.185889,-0.8944577,-0.120929,0.43049,0.0,0.0,0.0,0.0,0.0,0.0,0.0,0.4478972,0.4843163,3.113076,2.299284,0.1826676,-2.192337,0.08645961,-0.4537663,0.07074166,0.8840908,12.53739,305.9617,2.737372,0.6995452,0.05092224,-0.7127714,-0.05895245,-0.006451914,0.2756193,1.490666,-0.1553474,-0.8856325,-0.4007574,0.1283992,2.016667,0.5781834,0.04661918,0.814574,-0.203549,0.9750407,0.08867592,-0.7901088,-0.2170767,0.5732416,moving,-64.29914,-15.69059,-11.23954,3.643047
05/11/2023 13:09:38.414232,1601,True,True,True,True,Eyes,2.281354,0.1822904,-2.185507,-0.8946851,-0.1205004,0.4301375,0.0,0.0,0.0,0.0,0.0,0.0,0.0,0.4963014,0.4785389,3.096172,2.294594,0.1843089,-2.182307,0.08637024,-0.4613991,0.07089354,0.880128,12.55954,304.9607,2.647656,0.7028962,0.05189589,-0.7093964,-0.1973657,0.02722209,0.6667035,1.478255,-0.1646267,-0.8816125,-0.3998538,0.1310729,2.017181,0.5641699,0.04508848,0.8244267,-0.2044931,0.9750286,0.08661328,-0.7999344,-0.2174541,0.5593021,moving,-64.32317,-15.6499,-11.21206,3.717753
05/11/2023 13:09:38.427850,1602,True,True,True,True,Eyes,2.280995,0.1823692,-2.184784,-0.8951675,-0.1202352,0.429207,0.0,0.0,0.0,0.0,0.0,0.0,0.0,0.5414032,0.4502807,3.082671,2.289963,0.1848119,-2.172704,0.08285816,-0.4688046,0.06937899,0.8766661,12.14159,304.0021,2.576979,0.7055601,0.05268472,-0.7066885,-0.1855237,0.02558876,0.6267013,1.463935,-0.1872624,-0.8817455,-0.398948,0.1337539,2.017696,0.5508177,0.04395586,0.8334675,-0.199333,0.9766421,0.08022749,-0.8104729,-0.2103283,0.5467135,moving,-64.38362,-15.64933,-11.18452,3.792612
05/11/2023 13:09:38.448886,1603,True,True,True,True,Eyes,2.280423,0.18251,-2.183696,-0.8958549,-0.1195231,0.4279698,0.0,0.0,0.0,0.0,0.0,0.0,0.0,0.5870842,0.4546464,3.063779,2.285228,0.1862358,-2.163599,0.08397663,-0.4758545,0.0708299,0.8726359,12.3552,303.0697,2.563818,0.707684,0.05332799,-0.7045132,-0.1743923,0.02405343,0.5890992,1.445514,-0.1709733,-0.8754563,-0.3980911,0.1362893,2.018184,0.5370913,0.04369611,0.8423916,-0.2035388,0.9758621,0.07915261,-0.8185993,-0.2139715,0.5330208,moving,-64.46516,-15.60395,-11.15847,3.863357
05/11/2023 13:09:38.457972,1604,True,True,True,True,Eyes,2.27966,0.1826628,-2.182318,-0.8968202,-0.1185718,0.4262093,0.0,0.0,0.0,0.0,0.0,0.0,0.0,0.6314436,0.4168384,3.049188,2.279147,0.1877316,-2.154128,0.0789297,-0.483135,0.06966787,0.8691933,11.80189,302.1371,2.625679,0.709383,0.05385741,-0.7027622,-0.1639288,0.02261023,0.5537533,1.42775,-0.1598477,-0.8714329,-0.3971898,0.1389558,2.018696,0.5234538,0.0448423,0.8508733,-0.1973771,0.977833,0.06989237,-0.8288779,-0.2045283,0.5207012,moving,-64.58083,-15.54661,-11.13108,3.937711
05/11/2023 13:09:38.477394,1605,True,True,True,True,Eyes,2.278696,0.18283,-2.180665,-0.8979017,-0.1177165,0.4241644,0.0,0.0,0.0,0.0,0.0,0.0,0.0,0.6760428,0.3888773,3.033263,2.273755,0.1881169,-2.145599,0.07518607,-0.4903336,0.06887289,0.8655498,11.40226,301.2025,2.660012,0.7107466,0.05429669,-0.701349,-0.1540931,0.02125362,0.5205281,1.409421,-0.1560678,-0.8685498,-0.3962766,0.141659,2.019215,0.5096589,0.04549333,0.8591729,-0.1929583,0.9792072,0.06261317,-0.8384597,-0.1976959,0.50784,moving,-64.71418,-15.5107,-11.10334,4.013039
05/11/2023 13:09:38.497635,1606,True,True,True,True,Eyes,2.277517,0.1830148,-2.178761,-0.8992112,-0.1168215,0.4216302,0.0,0.0,0.0,0.0,0.0,0.0,0.0,0.7198025,0.3876392,3.013486,2.268676,0.1880157,-2.13711,0.07538013,-0.4971966,0.06953823,0.8615555,11.48063,300.286,2.623951,0.7118459,0.05466488,-0.7002046,-0.1448475,0.0199784,0.4892964,1.385801,-0.1280369,-0.864241,-0.3953885,0.1442866,2.019719,0.4959201,0.0448646,0.8672084,-0.1947796,0.9789646,0.06074,-0.8462412,-0.1990367,0.4942268,moving,-64.87864,-15.48651,-11.07638,4.086207
05/11/2023 13:09:38.507582,1607,True,True,True,True,Eyes,2.27619,0.1831871,-2.176601,-0.9009026,-0.1160028,0.4182318,0.0,0.0,0.0,0.0,0.0,0.0,0.0,0.7629073,0.3797745,2.993229,2.262202,0.1886146,-2.128976,0.07493953,-0.5039601,0.06912924,0.8576885,11.43325,299.3768,2.51731,0.7128068,0.05499589,-0.6992006,-0.1361566,0.0187797,0.4599386,1.361183,-0.111815,-0.8640499,-0.3944831,0.1469656,2.020235,0.4824907,0.04304963,0.8748426,-0.1941158,0.9792104,0.0588728,-0.8541206,-0.1982263,0.4808166,moving,-65.09756,-15.50214,-11.04889,4.160754
05/11/2023 13:09:38.527846,1608,True,True,True,True,Eyes,2.274647,0.1833695,-2.174252,-0.9027603,-0.1153813,0.4143803,0.0,0.0,0.0,0.0,0.0,0.0,0.0,0.8067083,0.3837255,2.971279,2.25595,0.1889837,-2.121673,0.07622474,-0.5106488,0.06944744,0.8535835,11.59865,298.4627,2.381831,0.7136836,0.05530345,-0.6982813,-0.1279872,0.01765291,0.4323423,1.338554,-0.1168482,-0.8666368,-0.3935778,0.1496442,2.020749,0.4688297,0.04071022,0.8823499,-0.1964065,0.9787337,0.05920186,-0.8611755,-0.2010549,0.4668552,moving,-65.34418,-15.55948,-11.02142,4.235243
05/11/2023 13:09:38.547747,1609,True,True,True,True,Eyes,2.272908,0.183536,-2.171695,-0.9049088,-0.1148096,0.4098279,0.0,0.0,0.0,0.0,0.0,0.0,0.0,0.8512414,0.3925337,2.947432,2.24916,0.1894241,-2.11458,0.07830633,-0.5173687,0.07000731,0.849292,11.85579,297.5328,2.218625,0.7144853,0.05559104,-0.6974381,-0.120308,0.01659374,0.4064018,1.316517,-0.1203373,-0.8692613,-0.3926996,0.1522431,2.021248,0.4548573,0.0378868,0.8897582,-0.1999398,0.9779342,0.06057071,-0.8678301,-0.205449,0.4523956,moving,-65.63451,-15.64974,-10.99477,4.30746
05/11/2023 13:09:38.557552,1610,True,True,True,True,Eyes,2.270967,0.1836897,-2.169003,-0.9071839,-0.1145944,0.4048277,0.0,0.0,0.0,0.0,0.0,0.0,0.0,0.896946,0.3919976,2.923742,2.242169,0.1891381,-2.107924,0.07869712,-0.5242896,0.07065809,0.8449466,11.95131,296.587,2.160659,0.7152198,0.05586061,-0.6966633,-0.1130895,0.01559811,0.3820176,1.295417,-0.1330056,-0.8737958,-0.3917835,0.1549536,2.021769,0.4402556,0.03688444,0.8971146,-0.2019248,0.9776284,0.05889911,-0.8748723,-0.2070803,0.4378543,moving,-65.95135,-15.8052,-10.96699,4.382728
05/11/2023 13:09:38.577656,1611,True,True,True,True,Eyes,2.268821,0.1838362,-2.166156,-0.9096395,-0.1144552,0.3993196,0.0,0.0,0.0,0.0,0.0,0.0,0.0,0.9441689,0.4098791,2.896638,2.235314,0.1890537,-2.101808,0.0817043,-0.5311553,0.07341063,0.8401247,12.43128,295.6287,2.145103,0.7158931,0.05611414,-0.6959509,-0.1063041,0.01466223,0.3590966,1.274862,-0.1478976,-0.8789611,-0.3908964,0.1575782,2.022273,0.4249698,0.03655282,0.9044693,-0.2101435,0.9758706,0.05929867,-0.8804774,-0.2152685,0.4223968,moving,-66.29916,-15.99366,-10.9401,4.455561
05/11/2023 13:09:38.598131,1612,True,True,True,True,Eyes,2.26647,0.1839635,-2.163208,-0.9122075,-0.1144228,0.3934271,0.0,0.0,0.0,0.0,0.0,0.0,0.0,0.9915502,0.4146688,2.869834,2.227934,0.1890178,-2.095626,0.08286769,-0.5382143,0.0750723,0.8353578,12.66547,294.6494,2.127693,0.7165107,0.05635338,-0.6952958,-0.09992589,0.01378249,0.3375508,1.252757,-0.1438122,-0.8811279,-0.38996,0.1603502,2.022806,0.4093792,0.03622332,0.9116451,-0.2146256,0.9749942,0.05763836,-0.8867607,-0.2192583,0.4069168,moving,-66.66988,-16.21634,-10.91172,4.532425
05/11/2023 13:09:38.614250,1613,True,True,True,True,Eyes,2.263899,0.1840677,-2.160175,-0.91484,-0.1143332,0.3872928,0.0,0.0,0.0,0.0,0.0,0.0,0.0,1.036113,0.4158772,2.844058,2.220618,0.1887003,-2.09007,0.08353887,-0.5448962,0.07608646,0.8308552,12.81101,293.7178,2.080132,0.7170764,0.05657947,-0.694694,-0.09393033,0.01295554,0.3172977,1.233101,-0.1473018,-0.884331,-0.3890597,0.1630142,2.023318,0.394598,0.03539366,0.9181721,-0.2174737,0.9744642,0.05589896,-0.8927473,-0.2217359,0.3922189,moving,-67.05489,-16.4472,-10.88444,4.606243
05/11/2023 13:09:38.627779,1614,True,True,True,True,Eyes,2.261115,0.1841399,-2.157072,-0.9175605,-0.1142479,0.3808284,0.0,0.0,0.0,0.0,0.0,0.0,0.0,1.078311,0.4196621,2.817547,2.212811,0.1882832,-2.084576,0.08450807,-0.551182,0.07771412,0.8264487,13.0236,292.8361,2.07609,0.717594,0.05679366,-0.6941418,-0.08829451,0.01217821,0.2982599,1.213096,-0.1449222,-0.885948,-0.3881645,0.1656632,2.023827,0.3803179,0.03529482,0.9241822,-0.2216121,0.9736378,0.05401392,-0.8979123,-0.2253524,0.3781137,moving,-67.45938,-16.69916,-10.85732,4.679594
05/11/2023 13:09:38.637310,1615,True,True,True,True,Eyes,2.18559,0.1851856,-2.079252,-0.9716093,-0.1073275,0.2108466,0.0,0.0,0.0,0.0,0.0,0.0,0.0,1.12012,0.4107956,2.792519,2.20488,0.187592,-2.079638,0.08344825,-0.557506,0.07874978,0.8222055,13.00465,291.965,2.143977,0.7180665,0.05699658,-0.6936365,-0.08299685,0.01144752,0.2803643,1.192227,-0.1344697,-0.8872651,-0.3872581,0.1683449,2.024342,0.3659712,0.03645121,0.9299119,-0.2225428,0.9736697,0.04941628,-0.9036258,-0.2250302,0.364447,moving,-77.75622,-26.97753,-10.82988,4.753797
05/11/2023 13:09:38.657854,1616,True,True,True,True,Eyes,2.185243,0.1851772,-2.079078,-0.9717372,-0.1073333,0.2102532,0.0,0.0,0.0,0.0,0.0,0.0,0.0,1.16172,0.4100586,2.765339,2.196631,0.1870115,-2.074773,0.08359075,-0.5636851,0.08085021,0.8177621,13.17128,291.1011,2.236323,0.7187776,0.05751915,-0.6928562,-0.3045914,0.01389787,0.4970012,1.171417,-0.1357695,-0.8911461,-0.3863788,0.1709478,2.024842,0.3514448,0.03799477,0.9354373,-0.2264702,0.9729517,0.04556657,-0.9084039,-0.2278628,0.3505434,moving,-77.79121,-27.04411,-10.80326,4.825768
05/11/2023 13:09:38.677506,1617,True,True,True,True,Eyes,2.18454,0.1851463,-2.078765,-0.9719847,-0.1069693,0.2092923,0.0,0.0,0.0,0.0,0.0,0.0,0.0,1.202892,0.4000365,2.738747,2.187878,0.1868141,-2.070267,0.08244052,-0.5698983,0.08213907,0.8134326,13.16414,290.2385,2.334544,0.7193201,0.05794537,-0.6922575,-0.2863159,0.013064,0.4671811,1.149388,-0.1311295,-0.8947181,-0.3854578,0.1736719,2.025365,0.3369383,0.03966378,0.9406909,-0.2275946,0.9729135,0.04049778,-0.9136046,-0.2277414,0.3368391,moving,-77.84834,-27.07157,-10.7754,4.901035
05/11/2023 13:09:38.697465,1618,True,True,True,True,Eyes,2.183498,0.1850756,-2.07831,-0.9723489,-0.1065628,0.2078029,0.0,0.0,0.0,0.0,0.0,0.0,0.0,1.241482,0.3806239,2.713535,2.178819,0.1862441,-2.065789,0.07987896,-0.5759199,0.08222422,0.8094287,12.94536,289.4095,2.417075,0.7197258,0.05829292,-0.6918064,-0.269137,0.01228016,0.4391502,1.127104,-0.1276614,-0.8991776,-0.3845618,0.1763227,2.025874,0.323111,0.04110152,0.9454681,-0.225117,0.9737171,0.03460353,-0.9191961,-0.2240218,0.3238713,moving,-77.93666,-27.14907,-10.7483,4.974223
05/11/2023 13:09:38.707717,1619,True,True,True,True,Eyes,2.182112,0.1849488,-2.077747,-0.9728009,-0.1058836,0.2060273,0.0,0.0,0.0,0.0,0.0,0.0,0.0,1.280148,0.3676039,2.686691,2.169558,0.1852154,-2.06178,0.07823844,-0.581845,0.08282061,0.80528,12.84917,288.5813,2.489127,0.7200515,0.05859132,-0.6914421,-0.2529888,0.01154335,0.4128012,1.104594,-0.1268071,-0.9044304,-0.3836281,0.1790852,2.026405,0.3091943,0.04234226,0.9500558,-0.2244328,0.974039,0.02963019,-0.9241368,-0.2223852,0.3106703,moving,-78.04215,-27.19998,-10.72006,5.05044
05/11/2023 13:09:38.727658,1620,True,True,True,True,Eyes,2.180406,0.1847759,-2.077072,-0.9733289,-0.1053057,0.2038176,0.0,0.0,0.0,0.0,0.0,0.0,0.0,1.316813,0.3536218,2.659911,2.16005,0.1837495,-2.057812,0.07648583,-0.5875612,0.08272358,0.801298,12.69648,287.7767,2.508199,0.7203313,0.05885781,-0.691128,-0.2378095,0.01085075,0.3880331,1.08011,-0.1194896,-0.9100978,-0.3827139,0.1817914,2.026925,0.2958572,0.04269226,0.9542777,-0.2224527,0.9746134,0.02536555,-0.9289689,-0.2197862,0.2978434,moving,-78.173,-27.32388,-10.69242,5.125046
05/11/2023 13:09:38.737245,1621,True,True,True,True,Eyes,2.178364,0.1845591,-2.0763,-0.9739001,-0.104684,0.2013948,0.0,0.0,0.0,0.0,0.0,0.0,0.0,1.350733,0.3519029,2.632505,2.150553,0.1824845,-2.054317,0.07661456,-0.5926679,0.08382168,0.7974014,12.79961,287.0396,2.519383,0.7205678,0.05909644,-0.6908599,-0.2235409,0.0101997,0.3647511,1.055776,-0.1150425,-0.9169815,-0.381832,0.1844004,2.027426,0.2834373,0.04286506,0.9580324,-0.224493,0.9742083,0.0228283,-0.9323446,-0.221542,0.2857499,moving,-78.31638,-27.46518,-10.66578,5.196921
05/11/2023 13:09:38.767062,1622,True,True,True,True,Eyes,2.176002,0.1842783,-2.075448,-0.9745351,-0.1040416,0.1986371,0.0,0.0,0.0,0.0,0.0,0.0,0.0,1.381199,0.3453061,2.606443,2.140489,0.1812432,-2.050842,0.07589968,-0.5973091,0.08498496,0.7938756,12.82855,286.3772,2.60195,0.7207614,0.05930811,-0.690639,-0.2101284,0.009587719,0.3428661,1.030674,-0.1181383,-0.9261593,-0.3809281,0.1870744,2.02794,0.2719988,0.04426383,0.961279,-0.2256061,0.9740336,0.01898523,-0.9354776,-0.2220344,0.2749221,moving,-78.47936,-27.64453,-10.63847,5.270533
05/11/2023 13:09:38.777451,1623,True,True,True,True,Eyes,2.173316,0.1839384,-2.074542,-0.9751915,-0.1034043,0.1957269,0.0,0.0,0.0,0.0,0.0,0.0,0.0,1.409819,0.3343723,2.581705,2.130353,0.1794279,-2.047925,0.07442813,-0.6017087,0.08555885,0.7906244,12.74735,285.7539,2.686846,0.7209126,0.05949399,-0.6904648,-0.1975207,0.009012456,0.3222941,1.006138,-0.1236982,-0.935959,-0.3800118,0.1897866,2.028461,0.2612525,0.04572169,0.9641871,-0.2248579,0.9742803,0.01472637,-0.9387152,-0.2206524,0.2648141,moving,-78.65118,-27.8479,-10.6108,5.34514
05/11/2023 13:09:38.797234,1624,True,True,True,True,Eyes,2.1703,0.1835523,-2.073573,-0.9758912,-0.1027715,0.1925469,0.0,0.0,0.0,0.0,0.0,0.0,0.0,1.436739,0.3338149,2.555869,2.119943,0.1777275,-2.045084,0.07464431,-0.6057277,0.0868649,0.787386,12.87241,285.1662,2.725982,0.7210215,0.05965525,-0.6903371,-0.1856695,0.008471709,0.3029564,0.9814856,-0.1287602,-0.9462417,-0.379144,0.1923534,2.028954,0.2510972,0.04636419,0.9668508,-0.2272207,0.9737654,0.01231482,-0.9409149,-0.2227807,0.2550446,moving,-78.83869,-28.09098,-10.5846,5.415694
05/11/2023 13:09:38.814298,1625,True,True,True,True,Eyes,2.166955,0.1831117,-2.072579,-0.9766917,-0.1020174,0.1888536,0.0,0.0,0.0,0.0,0.0,0.0,0.0,1.461991,0.3227542,2.53157,2.108955,0.1762497,-2.04247,0.07314732,-0.609588,0.0878789,0.7844293,12.82052,284.6194,2.862254,0.7210881,0.05979336,-0.6902556,-0.1745293,0.007963406,0.284779,0.9554859,-0.1238168,-0.9559337,-0.3782181,0.1950938,2.029481,0.2413596,0.0486901,0.9692136,-0.227049,0.9738536,0.007617965,-0.9435012,-0.2218977,0.2461039,moving,-79.05631,-28.37761,-10.55665,5.490965
05/11/2023 13:09:38.827606,1626,True,True,True,True,Eyes,2.163289,0.1826119,-2.071548,-0.9775183,-0.101218,0.1849671,0.0,0.0,0.0,0.0,0.0,0.0,0.0,1.48557,0.3064614,2.508355,2.097855,0.1745366,-2.039907,0.07084744,-0.6133412,0.08782074,0.7817166,12.62056,284.0914,2.960203,0.7211118,0.05990935,-0.690221,-0.1640576,0.007485602,0.2676923,0.9296468,-0.1156423,-0.9651079,-0.3772569,0.1979392,2.030027,0.2322003,0.05039455,0.9713616,-0.2242091,0.9745362,0.003037125,-0.9464742,-0.2184934,0.2375866,moving,-79.28511,-28.68843,-10.52765,5.56906
05/11/2023 13:09:38.837464,1627,True,True,True,True,Eyes,2.159294,0.1820339,-2.070519,-0.9784213,-0.1002353,0.1806783,0.0,0.0,0.0,0.0,0.0,0.0,0.0,1.507803,0.2965197,2.484839,2.086389,0.1726049,-2.037893,0.06960892,-0.6167793,0.0876137,0.7791417,12.50631,283.5948,2.974504,0.7210923,0.06000397,-0.6902333,-0.1542141,0.007036466,0.2516308,0.904137,-0.106674,-0.9744052,-0.3763986,0.2004787,2.030515,0.2238142,0.05066029,0.9733144,-0.2223936,0.9749569,0.0003937773,-0.9489195,-0.216547,0.2294757,moving,-79.53745,-29.02031,-10.50177,5.638705
05/11/2023 13:09:38.857479,1628,True,True,True,True,Eyes,2.154996,0.1813824,-2.069482,-0.9793326,-0.09930573,0.1761991,0.0,0.0,0.0,0.0,0.0,0.0,0.0,1.529194,0.2805451,2.462204,2.074583,0.1700781,-2.03636,0.06728766,-0.6201357,0.08678746,0.7767702,12.24979,283.1191,3.013416,0.7210287,0.06007719,-0.6902935,-0.1449613,0.006614278,0.2365329,0.8779246,-0.09902234,-0.9851453,-0.37549,0.2031667,2.031031,0.2157994,0.05137287,0.9750853,-0.2182828,0.9758806,-0.003105902,-0.9517264,-0.2121741,0.2218082,moving,-79.80061,-29.40559,-10.47438,5.712368
05/11/2023 13:09:38.877644,1629,True,True,True,True,Eyes,2.150365,0.180668,-2.068506,-0.9802867,-0.09837983,0.171346,0.0,0.0,0.0,0.0,0.0,0.0,0.0,1.552847,0.2747145,2.436855,2.062903,0.1676825,-2.035037,0.06657163,-0.6236554,0.08759413,0.7739182,12.25712,282.6044,3.082373,0.7209205,0.06012915,-0.6904019,-0.1362636,0.006217421,0.2223409,0.851647,-0.09763233,-0.9980969,-0.3745853,0.2058432,2.031546,0.2067626,0.05254587,0.9769791,-0.2186169,0.975791,-0.006215087,-0.9536539,-0.2122991,0.2132445,moving,-80.08533,-29.86267,-10.44711,5.785659
05/11/2023 13:09:38.897420,1630,True,True,True,True,Eyes,2.027017,0.1618099,-2.044434,-0.9961317,-0.07594708,0.04420125,0.0,0.0,0.0,0.0,0.0,0.0,0.0,1.578128,0.2676399,2.409651,2.050516,0.1656093,-2.033838,0.06581773,-0.6274781,0.08787659,0.7708548,12.22511,282.0409,3.101722,0.7207658,0.06016022,-0.6905606,-0.1280878,0.005844376,0.2090005,0.8253176,-0.09244674,-1.010421,-0.373629,0.2086742,2.03209,0.197098,0.05288182,0.9789566,-0.2180785,0.9758914,-0.008809444,-0.9558213,-0.2117531,0.2038786,moving,-87.45929,-59.80057,-10.41829,5.86312
05/11/2023 13:09:38.914354,1631,True,True,True,True,Eyes,2.026501,0.161751,-2.044438,-0.9961514,-0.07595512,0.04373849,0.0,0.0,0.0,0.0,0.0,0.0,0.0,1.602457,0.2647417,2.382558,2.038206,0.163896,-2.033075,0.06583963,-0.631089,0.08815489,0.7678674,12.26183,281.4978,3.066888,0.7188438,0.05972664,-0.6925989,-0.490445,-0.05108055,0.2686763,0.7980408,-0.07865877,-1.023046,-0.3727787,0.2111895,2.032573,0.1879109,0.05228121,0.9807936,-0.2184839,0.9757878,-0.01015493,-0.9575772,-0.2123794,0.1947837,moving,-87.4859,-60.06466,-10.39269,5.931893
05/11/2023 13:09:38.939371,1632,True,True,True,True,Eyes,2.025485,0.161654,-2.044448,-0.9961889,-0.07590123,0.04297235,0.0,0.0,0.0,0.0,0.0,0.0,0.0,1.625109,0.26096,2.355832,2.025348,0.1624524,-2.032387,0.0657689,-0.6344643,0.08827963,0.7650726,12.27808,280.9889,3.028522,0.7171963,0.05935279,-0.694337,-0.4610184,-0.04801572,0.2525557,0.7729298,-0.07165993,-1.035276,-0.371869,0.2138814,2.03309,0.1793234,0.05162464,0.9824348,-0.2185367,0.9757623,-0.01138459,-0.9592106,-0.2126565,0.1862589,moving,-87.52998,-60.48314,-10.3653,6.005437
05/11/2023 13:09:38.947621,1633,True,True,True,True,Eyes,2.023987,0.1615204,-2.044469,-0.9962531,-0.07573576,0.04175956,0.0,0.0,0.0,0.0,0.0,0.0,0.0,1.646379,0.2535014,2.330489,2.012234,0.1614181,-2.032453,0.06516372,-0.6376108,0.0877356,0.7625672,12.19654,280.5173,2.973922,0.7157605,0.05902687,-0.6958449,-0.4333572,-0.04513478,0.2374023,0.7478572,-0.06845134,-1.048446,-0.3709902,0.216482,2.03359,0.17151,0.05071038,0.9838763,-0.2169067,0.9761123,-0.01249889,-0.9610077,-0.2112657,0.1784125,moving,-87.59976,-61.12831,-10.33884,6.076432
05/11/2023 13:09:38.957631,1634,True,True,True,True,Eyes,2.022021,0.1613583,-2.044516,-0.9963368,-0.07546643,0.04022036,0.0,0.0,0.0,0.0,0.0,0.0,0.0,1.668943,0.2461292,2.30387,1.99908,0.1603825,-2.032664,0.0645457,-0.6409485,0.08774894,0.7598151,12.1558,280.0168,2.967279,0.7144397,0.05873081,-0.6972261,-0.4073558,-0.04242669,0.2231582,0.7216404,-0.05231063,-1.061338,-0.3700271,0.2193314,2.034137,0.1629702,0.05060498,0.9853324,-0.2160869,0.976268,-0.0143995,-0.9626772,-0.2105707,0.1700376,moving,-87.68832,-61.94431,-10.30986,6.154157
05/11/2023 13:09:38.977177,1635,True,True,True,True,Eyes,2.01961,0.1611877,-2.044557,-0.9964364,-0.07516479,0.03827253,0.0,0.0,0.0,0.0,0.0,0.0,0.0,1.692892,0.2323842,2.27662,1.985773,0.1595194,-2.033259,0.06289657,-0.6445892,0.08728348,0.7569216,11.98992,279.4792,2.99146,0.7132143,0.05846126,-0.6985024,-0.3829145,-0.03988109,0.2097687,0.6970291,-0.05651835,-1.07766,-0.3691447,0.2219432,2.034639,0.1537727,0.05104861,0.9867867,-0.2132184,0.9768512,-0.01730844,-0.9648274,-0.2077395,0.1610975,moving,-87.80039,-63.01564,-10.28332,6.225345
05/11/2023 13:09:38.987380,1636,True,True,True,True,Eyes,2.016749,0.161076,-2.04463,-0.9965345,-0.07497167,0.03602939,0.0,0.0,0.0,0.0,0.0,0.0,0.0,1.716653,0.2256293,2.248163,1.97245,0.1590861,-2.033759,0.06249239,-0.6481361,0.08771761,0.7538701,12.00096,278.9415,3.00329,0.7120668,0.0582158,-0.6996928,-0.3599396,-0.03748822,0.1971826,0.6722262,-0.05531982,-1.093424,-0.3682675,0.2245379,2.035137,0.1444506,0.05124822,0.9881841,-0.2132625,0.9768007,-0.01948361,-0.9662573,-0.2079282,0.1520288,moving,-87.92939,-64.33231,-10.25694,6.296013
05/11/2023 13:09:39.007745,1637,True,True,True,True,Eyes,2.013445,0.1610818,-2.044706,-0.9966487,-0.07463853,0.03347151,0.0,0.0,0.0,0.0,0.0,0.0,0.0,1.740206,0.2201939,2.219129,1.958689,0.1604196,-2.034487,0.06259721,-0.6515718,0.08912662,0.750728,12.13007,278.4148,3.063326,0.7109816,0.05799481,-0.7008138,-0.3383432,-0.03523893,0.1853516,0.6486291,-0.04973842,-1.108083,-0.3673752,0.2271795,2.035645,0.1350213,0.05224653,0.9894644,-0.2153928,0.9762761,-0.02215784,-0.9671481,-0.2101317,0.1430716,moving,-88.0765,-65.84624,-10.23012,6.367901
05/11/2023 13:09:39.027505,1638,True,True,True,True,Eyes,2.009716,0.1611728,-2.044812,-0.9967847,-0.07402971,0.03065686,0.0,0.0,0.0,0.0,0.0,0.0,0.0,1.761535,0.2039195,2.19218,1.944577,0.1631659,-2.035249,0.06110861,-0.6548985,0.08875424,0.747995,11.98572,277.9177,3.090364,0.7099443,0.05780043,-0.7018807,-0.3180426,-0.03312459,0.1742305,0.6267545,-0.04997519,-1.122071,-0.3664358,0.229959,2.036179,0.1264614,0.05273559,0.9905688,-0.2128153,0.9767768,-0.02483217,-0.9688742,-0.2076679,0.1347475,moving,-88.23838,-67.50479,-10.20189,6.443484
05/11/2023 13:09:39.037973,1639,True,True,True,True,Eyes,2.005592,0.1613743,-2.044931,-0.9969215,-0.07337897,0.02762144,0.0,0.0,0.0,0.0,0.0,0.0,0.0,1.782547,0.1767286,2.16585,1.930563,0.1652484,-2.035984,0.05760324,-0.6584422,0.08689612,0.7453758,11.55475,277.4051,3.141049,0.7089421,0.05763356,-0.7029067,-0.2989601,-0.03113712,0.1637767,0.6050746,-0.04832516,-1.135682,-0.3655497,0.2325802,2.036683,0.1178059,0.05368371,0.9915846,-0.2053973,0.9782618,-0.02856002,-0.9715627,-0.2003043,0.1262716,moving,-88.41293,-69.37257,-10.17527,6.514707
05/11/2023 13:09:39.057465,1640,True,True,True,True,Eyes,2.001074,0.1616571,-2.045075,-0.997071,-0.07250174,0.02435104,0.0,0.0,0.0,0.0,0.0,0.0,0.0,1.801613,0.162959,2.139643,1.916844,0.1680684,-2.036638,0.05646014,-0.6614313,0.08744505,0.7427479,11.51059,276.9543,3.229951,0.7079638,0.05749579,-0.7039034,-0.2810225,-0.02926889,0.1539501,0.5824149,-0.03740195,-1.149456,-0.3646775,0.2351612,2.037178,0.109724,0.05521024,0.9924276,-0.2045883,0.9783312,-0.03180649,-0.972679,-0.1995491,0.1186417,moving,-88.60097,-71.43443,-10.14908,6.584781
05/11/2023 13:09:39.077885,1641,True,True,True,True,Eyes,1.996225,0.1620226,-2.045262,-0.9972044,-0.07173936,0.02090154,0.0,0.0,0.0,0.0,0.0,0.0,0.0,1.82168,0.1383709,2.112442,1.902758,0.1702515,-2.037303,0.053364,-0.6648862,0.08581284,0.7400775,11.13367,276.4462,3.275065,0.7069999,0.05738765,-0.7048804,-0.2641611,-0.02751276,0.1447131,0.5596049,-0.02945439,-1.165867,-0.3637322,0.2379579,2.037716,0.1011249,0.05605434,0.9932933,-0.1979783,0.9795769,-0.03512456,-0.9749761,-0.1930985,0.1101572,moving,-88.79925,-73.75632,-10.1207,6.660651
05/11/2023 13:09:39.097630,1642,True,True,True,True,Eyes,1.991046,0.162427,-2.045466,-0.9973251,-0.07103588,0.01721537,0.0,0.0,0.0,0.0,0.0,0.0,0.0,1.842558,0.1332986,2.083957,1.889882,0.172612,-2.038189,0.05370367,-0.6681687,0.08639606,0.7370228,11.22229,275.9297,3.248637,0.7060415,0.05730942,-0.7058467,-0.2483114,-0.02586199,0.1360303,0.5378034,-0.03924587,-1.185314,-0.362865,0.2405244,2.038208,0.09217276,0.0555855,0.9941905,-0.1991179,0.9793033,-0.03629262,-0.9756314,-0.1946159,0.1013332,moving,-89.01109,-76.37716,-10.09468,6.730219
05/11/2023 13:09:39.107849,1643,True,True,True,True,Eyes,1.854633,0.1726721,-2.050292,-0.9952508,-0.05692506,-0.07896437,0.0,0.0,0.0,0.0,0.0,0.0,0.0,1.863398,0.1251131,2.05442,1.876692,0.1739594,-2.038705,0.05333766,-0.6715951,0.08704666,0.7338516,11.25664,275.396,3.280068,0.7050818,0.05725997,-0.7068093,-0.2334128,-0.02431027,0.1278685,0.5132112,-0.0304864,-1.205988,-0.3619039,0.2433686,2.038755,0.08276589,0.05611603,0.9949879,-0.1994013,0.9791559,-0.03863636,-0.9764165,-0.195204,0.09223033,moving,85.46359,35.78767,-10.06585,6.807252
05/11/2023 13:09:39.127718,1644,True,True,True,True,Eyes,1.85416,0.172707,-2.050299,-0.9951977,-0.05735517,-0.07932246,0.0,0.0,0.0,0.0,0.0,0.0,0.0,1.882997,0.1187974,2.025869,1.864411,0.1744801,-2.038985,0.05312465,-0.6748681,0.08813889,0.7307274,11.33841,274.8831,3.338995,0.7005513,0.05792236,-0.7112463,-0.6286483,0.007883601,0.1057189,0.4906793,-0.02635618,-1.227165,-0.3610245,0.2459696,2.039255,0.07356919,0.05710675,0.9956539,-0.2005153,0.9788187,-0.04132497,-0.9769245,-0.1966035,0.08346169,moving,85.44286,35.86932,-10.03948,6.877643
05/11/2023 13:09:39.137360,1645,True,True,True,True,Eyes,1.853221,0.1728052,-2.050283,-0.995118,-0.05787249,-0.07994328,0.0,0.0,0.0,0.0,0.0,0.0,0.0,1.902557,0.1278369,1.996045,1.852457,0.1754722,-2.039087,0.05581403,-0.6778233,0.09275911,0.7272112,11.94225,274.3896,3.471813,0.6968037,0.0584676,-0.7148738,-0.5909294,0.007410585,0.09937575,0.4697869,-0.0339947,-1.248559,-0.3601347,0.2486032,2.03976,0.06390269,0.05924682,0.9961959,-0.210575,0.9765611,-0.0445714,-0.9754868,-0.2069257,0.07488077,moving,85.40698,35.90151,-10.0128,6.94886
05/11/2023 13:09:39.157404,1646,True,True,True,True,Eyes,1.851839,0.1729664,-2.050262,-0.9950159,-0.05832688,-0.08087842,0.0,0.0,0.0,0.0,0.0,0.0,0.0,1.920673,0.1199481,1.967717,1.8402,0.1770788,-2.039017,0.05557455,-0.6809697,0.09456749,0.7240503,12.07974,273.8926,3.591422,0.6936875,0.05892152,-0.717861,-0.5554737,0.00696595,0.09341321,0.4477517,-0.02424601,-1.269495,-0.359247,0.2512294,2.040264,0.05467473,0.06125407,0.9966236,-0.2126324,0.9759369,-0.04831762,-0.9756014,-0.2092727,0.06638369,moving,85.35302,35.79791,-9.986201,7.01982
05/11/2023 13:09:39.177713,1647,True,True,True,True,Eyes,1.850024,0.1731511,-2.050228,-0.994928,-0.05835633,-0.08193171,0.0,0.0,0.0,0.0,0.0,0.0,0.0,1.937309,0.1088889,1.940496,1.828071,0.1787413,-2.038813,0.05472236,-0.6840781,0.09447983,0.7211909,12.01652,273.4046,3.599567,0.691078,0.05930486,-0.720342,-0.5221453,0.006547993,0.08780842,0.4279787,-0.02948812,-1.291866,-0.3583477,0.2538922,2.040777,0.04622154,0.06140723,0.997042,-0.2111447,0.976158,-0.05033262,-0.9763614,-0.2081937,0.05808535,moving,85.29235,35.46059,-9.959251,7.091705
05/11/2023 13:09:39.197327,1648,True,True,True,True,Eyes,1.847804,0.1733683,-2.05018,-0.994826,-0.05829471,-0.08320401,0.0,0.0,0.0,0.0,0.0,0.0,0.0,1.952195,0.09464618,1.914346,1.815892,0.1795801,-2.038389,0.05303933,-0.6871246,0.09213869,0.7187191,11.70439,272.9324,3.486824,0.6888606,0.05963476,-0.7224357,-0.4908166,0.006155113,0.08253991,0.4075627,-0.02549227,-1.313052,-0.3574282,0.2566117,2.041299,0.03874064,0.05955441,0.997473,-0.2053329,0.9773946,-0.05038074,-0.9779251,-0.2028623,0.05009335,moving,85.21909,35.016,-9.931714,7.165065
05/11/2023 13:09:39.214877,1649,True,True,True,True,Eyes,1.845187,0.1736276,-2.050086,-0.9947216,-0.05800985,-0.0846386,0.0,0.0,0.0,0.0,0.0,0.0,0.0,1.963417,0.08371168,1.89122,1.803795,0.1803622,-2.037773,0.05185175,-0.6894736,0.0905105,0.7167606,11.48666,272.5661,3.407577,0.6868168,0.05994251,-0.7243536,-0.4613676,0.005785807,0.07758752,0.3870658,-0.007090934,-1.332772,-0.356528,0.2592753,2.041811,0.03286818,0.05824788,0.997761,-0.2012495,0.9782385,-0.05047863,-0.9789885,-0.1991398,0.04387527,moving,85.13654,34.42607,-9.904765,7.23686
05/11/2023 13:09:39.227551,1650,True,True,True,True,Eyes,1.842192,0.1738959,-2.04997,-0.994615,-0.05738801,-0.0862999,0.0,0.0,0.0,0.0,0.0,0.0,0.0,1.975031,0.06737272,1.867434,1.791555,0.1816408,-2.037138,0.04981447,-0.6919399,0.09032232,0.7145486,11.31395,272.1903,3.516388,0.6849225,0.06023267,-0.7261211,-0.4336855,0.005438658,0.07293227,0.3690688,-0.01071298,-1.353856,-0.3556376,0.2619109,2.042318,0.02612228,0.06014212,0.9978481,-0.1980166,0.9787208,-0.05380549,-0.9798506,-0.1961849,0.03747553,moving,85.04102,33.62325,-9.878113,7.307839
05/11/2023 13:09:39.237512,1651,True,True,True,True,Eyes,1.838866,0.1741585,-2.049845,-0.9945119,-0.05660686,-0.08798719,0.0,0.0,0.0,0.0,0.0,0.0,0.0,1.986588,0.04433242,1.843381,1.779438,0.1820513,-2.03642,0.0462444,-0.6946852,0.08750648,0.7124723,10.80544,271.7822,3.527768,0.6831563,0.06050799,-0.7277602,-0.4076644,0.005112338,0.06855633,0.3479811,0.012721,-1.373768,-0.3547362,0.2645781,2.04283,0.01951018,0.06044127,0.9979811,-0.1889425,0.9804082,-0.05568321,-0.9817944,-0.1874746,0.03054786,moving,84.94405,32.75534,-9.851145,7.379611
05/11/2023 13:09:39.257643,1652,True,True,True,True,Eyes,1.835196,0.1744375,-2.049684,-0.9943846,-0.05589829,-0.08985758,0.0,0.0,0.0,0.0,0.0,0.0,0.0,1.99761,0.04244126,1.819563,1.76809,0.1820609,-2.035625,0.04652382,-0.6969718,0.08665667,0.7103214,10.77124,271.4076,3.399715,0.6814994,0.06077033,-0.7292902,-0.3832045,0.004805598,0.06444295,0.3285558,0.02994201,-1.395089,-0.3537662,0.2674482,2.043381,0.0134418,0.05825659,0.9982113,-0.1879598,0.9806523,-0.05470077,-0.9820848,-0.1868882,0.02413162,moving,84.83649,31.88478,-9.822134,7.456779
05/11/2023 13:09:39.277311,1653,True,True,True,True,Eyes,1.831202,0.1747122,-2.049474,-0.9942467,-0.05495618,-0.09194221,0.0,0.0,0.0,0.0,0.0,0.0,0.0,2.00812,0.04010691,1.795116,1.7561,0.1827362,-2.034531,0.04692254,-0.6992044,0.08693632,0.7080633,10.8373,271.0398,3.356014,0.679935,0.06102221,-0.730728,-0.3602122,0.004517262,0.06057637,0.3114709,0.0296737,-1.416627,-0.352912,0.2699746,2.043866,0.007110735,0.05749595,0.9983203,-0.1887297,0.9804807,-0.05512425,-0.9820033,-0.1880208,0.01782316,moving,84.71664,30.86782,-9.796598,7.524648
05/11/2023 13:09:39.287594,1654,True,True,True,True,Eyes,1.826929,0.1749682,-2.049225,-0.9940701,-0.05434629,-0.09418668,0.0,0.0,0.0,0.0,0.0,0.0,0.0,2.017033,0.03356634,1.772239,1.744277,0.1828296,-2.033334,0.04628021,-0.7013248,0.08544902,0.7061871,10.67396,270.6999,3.25346,0.678448,0.0612652,-0.7320885,-0.3385995,0.004246226,0.05694179,0.2933076,0.03510014,-1.437947,-0.352041,0.2725533,2.044362,0.001684198,0.05577109,0.9984422,-0.1856009,0.9811132,-0.05449004,-0.9826239,-0.18522,0.01200353,moving,84.58747,29.98521,-9.770561,7.593863
05/11/2023 13:09:39.317522,1655,True,True,True,True,Eyes,1.822369,0.1752052,-2.048957,-0.9938675,-0.05384057,-0.09658489,0.0,0.0,0.0,0.0,0.0,0.0,0.0,2.027861,0.04839232,1.747071,1.733214,0.1826709,-2.032097,0.04983127,-0.7033904,0.08733058,0.7036564,11.12693,270.3222,3.08465,0.677026,0.06150002,-0.733384,-0.3182835,0.003991453,0.05352528,0.276275,0.03292305,-1.460548,-0.3511397,0.2752191,2.044875,-0.004769227,0.05279977,0.9985939,-0.1930031,0.9797804,-0.05272679,-0.9811867,-0.1929832,0.00551769,moving,84.44937,29.13717,-9.743631,7.66536
05/11/2023 13:09:39.327785,1656,True,True,True,True,Eyes,1.817554,0.1754214,-2.048658,-0.9936354,-0.05361692,-0.09906518,0.0,0.0,0.0,0.0,0.0,0.0,0.0,2.03719,0.05743819,1.723286,1.72169,0.1824611,-2.031169,0.05221438,-0.7052745,0.08793168,0.7015195,11.37857,269.9838,2.907145,0.675657,0.06172735,-0.7346264,-0.2991865,0.003751965,0.05031376,0.2592441,0.0276808,-1.484055,-0.3502405,0.2778803,2.045385,-0.01028824,0.04972064,0.9987102,-0.1970225,0.9790834,-0.05077314,-0.980345,-0.1972907,-0.0002769245,moving,84.30644,28.42352,-9.716778,7.736676
05/11/2023 13:09:39.337256,1657,True,True,True,True,Eyes,1.812483,0.1756318,-2.048317,-0.9933769,-0.05354793,-0.1016615,0.0,0.0,0.0,0.0,0.0,0.0,0.0,2.044691,0.07024249,1.701562,1.710703,0.182211,-2.030099,0.05535212,-0.7067319,0.08964606,0.6995928,11.78029,269.7034,2.763222,0.6743308,0.06194769,-0.7358254,-0.2812353,0.003526847,0.04729494,0.2418063,0.02692637,-1.508961,-0.3493155,0.2806184,2.045912,-0.01501254,0.04719326,0.998773,-0.2036697,0.9777994,-0.04926354,-0.9789248,-0.2041593,-0.005067397,moving,84.15673,27.77701,-9.689154,7.809989
05/11/2023 13:09:39.357607,1658,True,True,True,True,Eyes,1.807166,0.1758327,-2.047952,-0.9931058,-0.05348975,-0.104306,0.0,0.0,0.0,0.0,0.0,0.0,0.0,2.051764,0.0822842,1.679442,1.699528,0.1821458,-2.02866,0.05847268,-0.7081808,0.09187343,0.6975816,12.22229,269.4209,2.660165,0.6730386,0.06216202,-0.7369894,-0.2643612,0.003315236,0.04445724,0.2258391,0.01243374,-1.535643,-0.3483438,0.2834926,2.046464,-0.01992158,0.04535996,0.9987721,-0.2109969,0.9762805,-0.04854706,-0.9772837,-0.211705,-0.009878309,moving,84.0042,27.14946,-9.660153,7.886878
05/11/2023 13:09:39.377567,1659,True,True,True,True,Eyes,1.668429,0.1802769,-2.038065,-0.9836779,-0.04699428,-0.1736937,0.0,0.0,0.0,0.0,0.0,0.0,0.0,2.056531,0.0820032,1.660809,1.688151,0.1822893,-2.027622,0.05903636,-0.7094232,0.09153753,0.6963149,12.24506,269.2065,2.563812,0.6717722,0.06237103,-0.7381263,-0.2484995,0.003116322,0.04178981,0.2091745,0.006346934,-1.563056,-0.34754,0.2858709,2.046921,-0.02332064,0.04371436,0.9987718,-0.2112414,0.9762712,-0.04766191,-0.9771557,-0.2120935,-0.01353304,moving,79.98618,15.13939,-9.636169,7.950448
05/11/2023 13:09:39.388040,1660,True,True,True,True,Eyes,1.667978,0.1802658,-2.038021,-0.9836427,-0.04698523,-0.1738948,0.0,0.0,0.0,0.0,0.0,0.0,0.0,2.062295,0.08326289,1.640103,1.676928,0.1819223,-2.026018,0.05988166,-0.7109676,0.09165991,0.6946495,12.32918,268.9371,2.475449,0.6663589,0.06318777,-0.742948,-0.6498001,0.01626175,0.06894336,0.1932298,0.003672048,-1.589145,-0.3466173,0.2886015,2.047446,-0.02775273,0.04219518,0.9987239,-0.2124908,0.9760253,-0.04714091,-0.9767689,-0.2135279,-0.01812131,moving,79.97446,15.11991,-9.608647,8.023374
05/11/2023 13:09:39.407882,1661,True,True,True,True,Eyes,1.667085,0.1802357,-2.037924,-0.9835646,-0.04666407,-0.1744223,0.0,0.0,0.0,0.0,0.0,0.0,0.0,2.069473,0.08349223,1.617869,1.66558,0.1816186,-2.024858,0.06051584,-0.7128027,0.09105462,0.692791,12.33678,268.6216,2.340317,0.6619413,0.06385031,-0.7468303,-0.6108121,0.01528605,0.06480676,0.1778902,-0.001828454,-1.613981,-0.3457117,0.2912818,2.047961,-0.03275711,0.03989194,0.998667,-0.2124353,0.9760937,-0.0459583,-0.9766261,-0.2136576,-0.02349957,moving,79.94389,14.97786,-9.581643,8.094894
05/11/2023 13:09:39.427570,1662,True,True,True,True,Eyes,1.66577,0.1801789,-2.037768,-0.9834424,-0.04631784,-0.1752019,0.0,0.0,0.0,0.0,0.0,0.0,0.0,2.077562,0.08074449,1.59391,1.654025,0.1810497,-2.02355,0.06046791,-0.7150014,0.0895121,0.6907275,12.21239,268.2547,2.180556,0.6583235,0.06438949,-0.7499753,-0.5741633,0.01436889,0.06091835,0.16222,0.0002673268,-1.639195,-0.3448093,0.2939521,2.048473,-0.03847862,0.03718765,0.9985673,-0.2101262,0.9766625,-0.04446888,-0.9769168,-0.2115362,-0.02976651,moving,79.89864,14.80841,-9.554748,8.166092
05/11/2023 13:09:39.437391,1663,True,True,True,True,Eyes,1.664037,0.1800876,-2.037568,-0.9832641,-0.04571931,-0.1763562,0.0,0.0,0.0,0.0,0.0,0.0,0.0,2.086612,0.07822635,1.567917,1.642492,0.1803242,-2.021913,0.06056245,-0.7174691,0.08885895,0.6882402,12.17335,267.839,2.075921,0.6553449,0.06482946,-0.7525417,-0.5397135,0.01350675,0.05726325,0.1472953,-0.004382521,-1.66472,-0.3439208,0.296581,2.048978,-0.04531541,0.03540922,0.998345,-0.2092159,0.9768725,-0.04414406,-0.976819,-0.2108701,-0.03685915,moving,79.83167,14.53365,-9.528275,8.236124
05/11/2023 13:09:39.457783,1664,True,True,True,True,Eyes,1.661905,0.1799551,-2.037298,-0.9830427,-0.04504295,-0.1777587,0.0,0.0,0.0,0.0,0.0,0.0,0.0,2.096546,0.07316276,1.540141,1.630641,0.1793407,-2.020331,0.06008852,-0.7202442,0.08766744,0.6855307,12.04436,267.3789,1.971241,0.6528743,0.06518908,-0.7546551,-0.5073307,0.01269635,0.05382746,0.1317883,-0.002459943,-1.6905,-0.3430399,0.2991874,2.049479,-0.05287447,0.03364063,0.9980345,-0.2067542,0.9774076,-0.04389889,-0.9769633,-0.208669,-0.04472448,moving,79.75024,14.21911,-9.502034,8.305496
05/11/2023 13:09:39.477378,1665,True,True,True,True,Eyes,1.659376,0.1797736,-2.036939,-0.9827712,-0.04429202,-0.1794407,0.0,0.0,0.0,0.0,0.0,0.0,0.0,2.105574,0.07015447,1.512487,1.618843,0.1781725,-2.018312,0.05991622,-0.7229538,0.0862435,0.6828691,11.91908,266.924,1.824558,0.6506745,0.06550124,-0.7565256,-0.4768909,0.01193457,0.05059781,0.1159532,0.006929323,-1.714861,-0.3421135,0.3019278,2.050005,-0.06020012,0.03115273,0.9977003,-0.2044193,0.9779442,-0.04287026,-0.9770307,-0.20653,-0.0525042,moving,79.65256,13.86537,-9.474451,8.378375
05/11/2023 13:09:39.487620,1666,True,True,True,True,Eyes,1.656467,0.1795412,-2.036506,-0.9824683,-0.04353951,-0.1812742,0.0,0.0,0.0,0.0,0.0,0.0,0.0,2.112519,0.06948379,1.486887,1.606758,0.1767318,-2.016307,0.06021225,-0.7251623,0.08575366,0.6805589,11.90717,266.5448,1.721417,0.6486397,0.06577985,-0.7582468,-0.4482774,0.01121849,0.04756194,0.1007116,0.01153286,-1.739854,-0.3411828,0.3046822,2.050534,-0.06642825,0.02939351,0.9973581,-0.2040481,0.9780415,-0.04241469,-0.9767045,-0.2063266,-0.05897186,moving,79.54599,13.50581,-9.446747,8.451557
05/11/2023 13:09:39.507601,1667,True,True,True,True,Eyes,1.653194,0.179252,-2.035987,-0.9821317,-0.04278029,-0.1832681,0.0,0.0,0.0,0.0,0.0,0.0,0.0,2.117801,0.06708609,1.463074,1.594665,0.1752577,-2.014074,0.06013031,-0.7271112,0.08533715,0.6785361,11.8705,266.2143,1.66099,0.6467473,0.06602712,-0.7598402,-0.4213808,0.01054538,0.04470822,0.08566117,0.01793075,-1.763868,-0.3402981,0.3073003,2.051037,-0.07194631,0.02836583,0.9970051,-0.2032515,0.9782038,-0.04249802,-0.9764796,-0.2057003,-0.06461267,moving,79.43004,13.13928,-9.420424,8.52106
05/11/2023 13:09:39.527593,1668,True,True,True,True,Eyes,1.64957,0.1788974,-2.035396,-0.9817562,-0.04208339,-0.1854286,0.0,0.0,0.0,0.0,0.0,0.0,0.0,2.123013,0.06530539,1.439289,1.582643,0.1735542,-2.011994,0.06012845,-0.729037,0.08499651,0.6765097,11.84625,265.8856,1.600189,0.6449769,0.06624486,-0.7613248,-0.3960979,0.00991266,0.04202573,0.07201491,0.01541718,-1.786158,-0.3393924,0.3099806,2.051553,-0.07743863,0.02733019,0.9966226,-0.2026736,0.9783204,-0.04257625,-0.9761798,-0.2052862,-0.07022067,moving,79.3043,12.78679,-9.393477,8.592149
05/11/2023 13:09:39.537658,1669,True,True,True,True,Eyes,1.645597,0.1784899,-2.034732,-0.9813404,-0.04139111,-0.1877704,0.0,0.0,0.0,0.0,0.0,0.0,0.0,2.128776,0.06421175,1.413829,1.570522,0.1716318,-2.009658,0.06035702,-0.7311519,0.08532843,0.6741611,11.89723,265.5189,1.568841,0.6433094,0.06643433,-0.7627178,-0.372332,0.009317901,0.03950419,0.05823825,0.01511687,-1.806151,-0.3385066,0.3126014,2.052056,-0.08372784,0.02678992,0.9961285,-0.2033105,0.9781522,-0.04339538,-0.9755278,-0.2061568,-0.07645189,moving,79.16791,12.43117,-9.367141,8.661603
05/11/2023 13:09:39.557598,1670,True,True,True,True,Eyes,1.641281,0.1780268,-2.033977,-0.9808858,-0.04068525,-0.1902835,0.0,0.0,0.0,0.0,0.0,0.0,0.0,2.134438,0.05839383,1.387749,1.558092,0.169957,-2.007124,0.05972954,-0.7334164,0.08569418,0.6717064,11.88456,265.1383,1.610911,0.6417286,0.06659705,-0.7640342,-0.3499921,0.008758827,0.03713394,0.04447276,0.01828872,-1.825231,-0.3375909,0.3153115,2.052576,-0.09048617,0.02750941,0.9955178,-0.2027359,0.9781778,-0.04545762,-0.975044,-0.2059404,-0.08293439,moving,79.02147,12.0689,-9.339921,8.733361
05/11/2023 13:09:39.577958,1671,True,True,True,True,Eyes,1.63662,0.1775202,-2.033087,-0.9804043,-0.03993566,-0.1929058,0.0,0.0,0.0,0.0,0.0,0.0,0.0,2.139225,0.04994918,1.361841,1.545471,0.1681609,-2.004153,0.05851838,-0.735688,0.08587974,0.6693008,11.8116,264.7642,1.689349,0.6402198,0.06673431,-0.765287,-0.3289926,0.008233298,0.0349059,0.03124061,0.01474058,-1.842914,-0.3365555,0.3183751,2.053164,-0.0972243,0.02885622,0.9948441,-0.2010613,0.9784005,-0.04802859,-0.9747419,-0.2046942,-0.08932246,moving,78.8686,11.69624,-9.309157,8.814401
05/11/2023 13:09:39.597343,1672,True,True,True,True,Eyes,1.631629,0.1769622,-2.0321,-0.9798971,-0.03913203,-0.1956282,0.0,0.0,0.0,0.0,0.0,0.0,0.0,2.143126,0.04364894,1.336318,1.532585,0.1665401,-2.001021,0.05769906,-0.7378225,0.08575688,0.6670342,11.74295,264.407,1.712697,0.6387698,0.06684788,-0.7664878,-0.309253,0.0077393,0.03281154,0.01754178,0.01644414,-1.86009,-0.3357983,0.3206154,2.053595,-0.1034725,0.0292622,0.9942018,-0.1995489,0.9786332,-0.04957221,-0.9744094,-0.2035212,-0.09542232,moving,78.70982,11.31173,-9.286663,8.87361
05/11/2023 13:09:39.615109,1673,True,True,True,True,Eyes,1.626328,0.1763535,-2.031028,-0.9793731,-0.03834694,-0.1983882,0.0,0.0,0.0,0.0,0.0,0.0,0.0,2.145415,0.04008622,1.312417,1.519606,0.1647224,-1.997626,0.05719582,-0.7396712,0.08483949,0.6651448,11.63017,264.0948,1.652698,0.6373676,0.06693882,-0.7676463,-0.2906978,0.007274942,0.03084285,0.003429621,0.02395537,-1.876181,-0.3348777,0.3233396,2.054119,-0.1086223,0.02824891,0.9936818,-0.1974733,0.9790618,-0.04941966,-0.974272,-0.2015937,-0.1007695,moving,78.54874,10.93993,-9.259324,8.945547
05/11/2023 13:09:39.637578,1674,True,True,True,True,Eyes,1.620725,0.1757072,-2.029854,-0.9788124,-0.03756985,-0.2012828,0.0,0.0,0.0,0.0,0.0,0.0,0.0,2.147225,0.0386652,1.289316,1.506796,0.1628822,-1.994352,0.057219,-0.7413323,0.08462804,0.6633179,11.61789,263.8054,1.604939,0.6360019,0.06700817,-0.7687722,-0.273256,0.006838446,0.02899228,-0.01055026,0.02862753,-1.891331,-0.3339679,0.3260319,2.054636,-0.1134709,0.02743397,0.9931626,-0.1971071,0.9791282,-0.04956621,-0.9737932,-0.2013838,-0.1056951,moving,78.3797,10.57272,-9.232316,9.016578
05/11/2023 13:09:39.637712,1675,True,True,True,True,Eyes,1.614819,0.1750408,-2.028554,-0.9782149,-0.0368127,-0.2043048,0.0,0.0,0.0,0.0,0.0,0.0,0.0,2.150079,0.03502169,1.263503,1.493894,0.1613251,-1.990669,0.05691724,-0.7434472,0.08448062,0.6609915,11.5871,263.4405,1.582413,0.6346633,0.06705728,-0.7698733,-0.2568606,0.006428139,0.02725274,-0.02494479,0.03758417,-1.906341,-0.3331037,0.3285887,2.055127,-0.1197013,0.02705201,0.9924412,-0.1963118,0.9792469,-0.05037012,-0.9732077,-0.2008574,-0.1119065,moving,78.20309,10.21425,-9.206675,9.083981
05/11/2023 13:09:39.657451,1676,True,True,True,True,Eyes,1.459581,0.1581896,-1.993151,-0.9590725,-0.0175196,-0.2826182,0.0,0.0,0.0,0.0,0.0,0.0,0.0,2.153229,0.0329946,1.236145,1.480727,0.1601293,-1.986792,0.05711427,-0.7457074,0.08464274,0.6584027,11.62152,263.0405,1.537254,0.6333445,0.0670881,-0.770956,-0.241449,0.006042451,0.02561758,-0.03857609,0.03707006,-1.923291,-0.3321962,0.3312739,2.055642,-0.1264878,0.02627697,0.9916202,-0.1966391,0.9791472,-0.05102905,-0.9722831,-0.2014458,-0.1186831,moving,73.58088,3.547247,-9.17976,9.154706
05/11/2023 13:09:39.677451,1677,True,True,True,True,Eyes,1.459037,0.1581576,-1.992951,-0.9589971,-0.01748499,-0.2828759,0.0,0.0,0.0,0.0,0.0,0.0,0.0,2.15543,0.02914863,1.208952,1.467147,0.1592565,-1.982526,0.05688183,-0.7479566,0.08420651,0.6559228,11.57122,262.6489,1.484245,0.6265661,0.06670982,-0.7765076,-0.6926758,-0.04487348,0.1302906,-0.0530201,0.03885736,-1.941793,-0.3311977,0.3342291,2.056211,-0.1330595,0.02537566,0.9907832,-0.1955562,0.9793475,-0.05134544,-0.9716239,-0.2005858,-0.1253491,moving,73.5655,3.53704,-9.150147,9.232463
05/11/2023 13:09:39.697443,1678,True,True,True,True,Eyes,1.457977,0.1580983,-1.99258,-0.958851,-0.01743358,-0.2833741,0.0,0.0,0.0,0.0,0.0,0.0,0.0,2.156784,0.02483104,1.182628,1.453578,0.1583943,-1.978121,0.05652351,-0.7500852,0.08376655,0.6535752,11.51057,262.2791,1.444441,0.6211249,0.06638501,-0.7808945,-0.6511152,-0.04218107,0.1224732,-0.06685218,0.03831921,-1.959923,-0.3303823,0.3366421,2.056674,-0.1392894,0.02470057,0.9899437,-0.1942904,0.9795766,-0.05177937,-0.9710046,-0.1995488,-0.1316455,moving,73.53574,3.520482,-9.125977,9.295897
05/11/2023 13:09:39.715323,1679,True,True,True,True,Eyes,1.456417,0.1580418,-1.991999,-0.9586154,-0.01739576,-0.2841722,0.0,0.0,0.0,0.0,0.0,0.0,0.0,2.158177,0.02269439,1.155671,1.440085,0.1576662,-1.973605,0.05666982,-0.7522694,0.08342139,0.6510915,11.49633,261.8901,1.366428,0.6167485,0.06610618,-0.7843791,-0.6120483,-0.03965021,0.1151248,-0.08118933,0.03912899,-1.976746,-0.3294543,0.3393879,2.057202,-0.1457365,0.02336798,0.9890473,-0.1938919,0.9796588,-0.05171622,-0.9701375,-0.1993052,-0.1382412,moving,73.48805,3.503022,-9.098478,9.368019
05/11/2023 13:09:39.727555,1680,True,True,True,True,Eyes,1.454368,0.1580252,-1.991256,-0.9583103,-0.0174004,-0.2851991,2.142163,-0.5984887,0.1207507,-2.602199,0.6834702,-0.6087462,-0.4028605,-0.3164285,0.3901578,2.061774,1.426632,0.1576006,-1.96912,0.0578182,-0.7547284,0.08292903,0.6482012,11.54476,261.4351,1.183423,0.6132171,0.06586792,-0.7871629,-0.5753254,-0.0372712,0.1082173,-0.09583068,0.04402942,-1.99282,-0.3285128,0.3421735,2.057737,-0.1529845,0.0202353,0.9880214,-0.1947834,0.9795597,-0.05022215,-0.9688421,-0.2001335,-0.145916,moving,73.42667,3.49137,-9.07059,9.441118
05/11/2023 13:09:39.737410,1681,True,True,True,True,Eyes,1.451824,0.1581219,-1.990346,-0.9579509,-0.01745719,-0.2864003,2.141421,-0.5995519,0.1207387,-2.60365,0.6137289,-0.6106496,-0.5004438,-0.3102067,0.3894045,2.052259,1.412812,0.1585232,-1.964435,0.0596807,-0.7569992,0.08240683,0.6454453,11.64254,260.9998,0.9373018,0.6103518,0.06566699,-0.7894034,-0.5408059,-0.03503492,0.1017243,-0.1105191,0.04777712,-2.010189,-0.3273545,0.3455999,2.058396,-0.1596772,0.01602172,0.9870393,-0.1967347,0.9792947,-0.04772253,-0.9673669,-0.2018051,-0.153219,moving,73.35482,3.488081,-9.036291,9.530935
05/11/2023 13:09:39.757655,1682,True,True,True,True,Eyes,1.448799,0.1583338,-1.989288,-0.957543,-0.0173102,-0.2877702,2.156548,-0.6161878,0.1210036,-2.609878,0.8466215,-0.5060631,0.1647185,-0.3084641,0.3907383,2.05789,1.398368,0.1613232,-1.959743,0.06117182,-0.7588989,0.08226091,0.6430891,11.74365,260.6337,0.7582007,0.6080071,0.06550366,-0.7912243,-0.5083575,-0.03293283,0.09562083,-0.1248641,0.05448985,-2.030052,-0.3267554,0.347373,2.058737,-0.1653886,0.01295575,0.9861433,-0.1986486,0.9789823,-0.04617756,-0.9660152,-0.2035333,-0.1593389,moving,73.27291,3.442358,-9.018558,9.577374
05/11/2023 13:09:39.777527,1683,True,True,True,True,Eyes,1.445334,0.1586406,-1.988089,-0.9570938,-0.01691412,-0.2892843,0.0,0.0,0.0,0.0,0.0,0.0,0.0,2.160463,0.01539937,1.047037,1.383766,0.1642557,-1.955079,0.05920683,-0.760895,0.08055126,0.6411281,11.44928,260.3121,0.7709229,0.6059744,0.06537581,-0.7927928,-0.4778561,-0.03095686,0.08988357,-0.1390337,0.05613052,-2.049518,-0.3258543,0.3500403,2.059249,-0.1708993,0.01318699,0.9852004,-0.1933877,0.9800121,-0.04666379,-0.9661236,-0.1985004,-0.1649332,moving,73.18241,3.346208,-8.991893,9.647182
05/11/2023 13:09:39.797547,1684,True,True,True,True,Eyes,1.441447,0.1590406,-1.986773,-0.9565747,-0.01660788,-0.2910136,0.0,0.0,0.0,0.0,0.0,0.0,0.0,2.159432,0.003275529,1.022861,1.369766,0.1667716,-1.950725,0.05746536,-0.7628888,0.07876121,0.6391363,11.16461,259.9857,0.7591732,0.6040729,0.06528071,-0.7942505,-0.4491847,-0.02909945,0.08449056,-0.1532447,0.05494378,-2.069144,-0.3249588,0.3526897,2.059758,-0.1764054,0.01299892,0.9842319,-0.1883577,0.9809889,-0.04671569,-0.9661278,-0.1936285,-0.1706032,moving,73.07895,3.266275,-8.965403,9.716453
05/11/2023 13:09:39.815460,1685,True,True,True,True,Eyes,1.437166,0.1595079,-1.985356,-0.9559901,-0.01612819,-0.2929552,0.0,0.0,0.0,0.0,0.0,0.0,0.0,2.160151,-0.0007607564,0.9947064,1.355678,0.1694213,-1.946569,0.0582089,-0.7651561,0.07942428,0.6362702,11.28078,259.5601,0.7006918,0.6022809,0.06521986,-0.7956152,-0.4222336,-0.02735348,0.07942113,-0.168165,0.06531125,-2.087464,-0.3240635,0.3553383,2.060267,-0.1835439,0.01199281,0.9829382,-0.1901484,0.980607,-0.04747076,-0.9644455,-0.1956171,-0.1777041,moving,72.96275,3.151148,-8.938929,9.785645
05/11/2023 13:09:39.837529,1686,True,True,True,True,Eyes,1.432536,0.1600207,-1.98384,-0.9553362,-0.01591578,-0.2950924,0.0,0.0,0.0,0.0,0.0,0.0,0.0,2.16053,-0.01144725,0.9673898,1.341889,0.1714442,-1.942628,0.05659693,-0.7675976,0.07732759,0.633728,10.97888,259.1485,0.6491378,0.6005788,0.06519353,-0.7969031,-0.3968996,-0.02571227,0.07465586,-0.1832551,0.08544526,-2.106397,-0.3231257,0.3581153,2.060801,-0.1903713,0.01112198,0.9816492,-0.1848966,0.9816345,-0.04697884,-0.9641432,-0.1904471,-0.1848186,moving,72.83468,3.087251,-8.911205,9.858121
05/11/2023 13:09:39.837529,1687,True,True,True,True,Eyes,1.427566,0.1605774,-1.982259,-0.9546402,-0.01575392,-0.2973448,0.0,0.0,0.0,0.0,0.0,0.0,0.0,2.161388,-0.006788127,0.9394779,1.328808,0.1730892,-1.938704,0.05938119,-0.7697133,0.0793092,0.6306549,11.36093,258.7082,0.5037948,0.59895,0.06520093,-0.7981274,-0.3730856,-0.02416954,0.07017651,-0.1972632,0.09175926,-2.123391,-0.3222774,0.3606253,2.061283,-0.1974968,0.008620474,0.9802657,-0.1914464,0.9803678,-0.04719261,-0.9614277,-0.1969887,-0.1919691,moving,72.69959,3.032809,-8.886139,9.923569
05/11/2023 13:09:39.857611,1688,True,True,True,True,Eyes,1.422287,0.161184,-1.980607,-0.9538981,-0.01568112,-0.2997206,0.0,0.0,0.0,0.0,0.0,0.0,0.0,2.161726,-0.006139949,0.9126077,1.315555,0.1746834,-1.935136,0.06052909,-0.7718458,0.07861595,0.6280205,11.38413,258.2987,0.3101506,0.5973793,0.06524128,-0.7993004,-0.3507005,-0.02271936,0.06596592,-0.2118957,0.1100623,-2.142135,-0.321347,0.3633777,2.061811,-0.2038528,0.005306596,0.9789871,-0.1921831,0.9803115,-0.04533174,-0.9599529,-0.1973858,-0.1988195,moving,72.55697,2.994934,-8.85866,9.995278
05/11/2023 13:09:39.877271,1689,True,True,True,True,Eyes,1.416702,0.1618513,-1.978899,-0.9530991,-0.01569917,-0.3022508,0.0,0.0,0.0,0.0,0.0,0.0,0.0,2.161346,-0.003237918,0.8881083,1.302813,0.1764866,-1.93176,0.06241428,-0.7736109,0.07874846,0.6256431,11.53342,257.9387,0.1150891,0.5958534,0.0653141,-0.8004326,-0.3296585,-0.0213562,0.06200796,-0.2246763,0.1120943,-2.161014,-0.3203799,0.3662389,2.062361,-0.2093503,0.001968133,0.9778388,-0.1951056,0.9798062,-0.04374321,-0.9581786,-0.1999395,-0.2047387,moving,72.40492,2.973321,-8.830101,10.06974
05/11/2023 13:09:39.897357,1690,True,True,True,True,Eyes,1.410833,0.1625438,-1.977157,-0.9522445,-0.01541371,-0.3049473,0.0,0.0,0.0,0.0,0.0,0.0,0.0,2.16095,-0.01210923,0.8639619,1.289863,0.1786109,-1.928893,0.06200723,-0.7754944,0.07968041,0.6232293,11.588,257.5932,0.1839924,0.5943599,0.06541936,-0.8015336,-0.309879,-0.02007483,0.05828749,-0.2374953,0.114464,-2.180609,-0.3195145,0.3687989,2.062853,-0.215481,0.00314581,0.9765031,-0.1954908,0.9796123,-0.04629397,-0.9567401,-0.2008729,-0.2104728,moving,72.24282,2.89358,-8.804559,10.13631
05/11/2023 13:09:39.915357,1691,True,True,True,True,Eyes,1.40471,0.1632551,-1.975387,-0.9513403,-0.01516086,-0.3077691,0.0,0.0,0.0,0.0,0.0,0.0,0.0,2.161024,-0.03045015,0.8384571,1.277122,0.1798541,-1.926285,0.05832613,-0.7779287,0.07750136,0.620821,11.12799,257.214,0.320105,0.5928883,0.06555552,-0.8026115,-0.2912862,-0.01887034,0.05479024,-0.2492672,0.1142235,-2.199351,-0.3186115,0.3714715,2.063366,-0.2223589,0.005481814,0.9749495,-0.1869761,0.9811832,-0.0481609,-0.9568681,-0.1930012,-0.2171498,moving,72.07304,2.82014,-8.777913,10.20574
05/11/2023 13:09:39.927532,1692,True,True,True,True,Eyes,1.398308,0.1640016,-1.973594,-0.9503791,-0.01469554,-0.310747,0.0,0.0,0.0,0.0,0.0,0.0,0.0,2.16154,-0.04121193,0.8115122,1.264774,0.1810183,-1.92356,0.05716672,-0.7803302,0.07803264,0.6178414,11.09418,256.7831,0.420725,0.5914295,0.06572086,-0.8036735,-0.273809,-0.01773812,0.05150282,-0.2599202,0.09495962,-2.217716,-0.3177063,0.3741502,2.06388,-0.2300084,0.007205756,0.9731621,-0.1856414,0.9812858,-0.0511425,-0.9553186,-0.1924223,-0.2243663,moving,71.89372,2.707559,-8.751213,10.27526
05/11/2023 13:09:39.947665,1693,True,True,True,True,Eyes,1.232192,0.1823889,-1.928238,-0.9229253,0.003231826,-0.3849656,0.0,0.0,0.0,0.0,0.0,0.0,0.0,2.161103,-0.05805086,0.7854304,1.2516,0.1825728,-1.921145,0.05406504,-0.7826732,0.07664597,0.6153252,10.74934,256.4009,0.5653476,0.5899743,0.06591462,-0.8047265,-0.2573805,-0.01667383,0.04841265,-0.2712587,0.09337859,-2.235924,-0.3168131,0.3767927,2.064387,-0.2369039,0.009693869,0.9714848,-0.1789549,0.9824048,-0.05344232,-0.9549093,-0.1865127,-0.2310007,moving,67.35828,-0.4809928,-8.72488,10.34379
05/11/2023 13:09:39.959713,1694,True,True,True,True,Eyes,1.231704,0.1824197,-1.928177,-0.9228292,0.003231442,-0.385196,0.0,0.0,0.0,0.0,0.0,0.0,0.0,2.160091,-0.07330745,0.7620561,1.239048,0.1832242,-1.919188,0.05042301,-0.7847025,0.07358094,0.6134211,10.21482,256.0892,0.6484555,0.5805658,0.06811224,-0.8113589,-0.7402839,0.03948846,0.1815753,-0.2827391,0.09985267,-2.252949,-0.3159127,0.3794566,2.0649,-0.2423442,0.01113806,0.9701265,-0.1694063,0.9840868,-0.05361719,-0.9552857,-0.1773393,-0.2366009,moving,67.34396,-0.480648,-8.698337,10.41279
05/11/2023 13:09:39.979263,1695,True,True,True,True,Eyes,1.230741,0.1824659,-1.928108,-0.9226871,0.003354053,-0.3855351,0.0,0.0,0.0,0.0,0.0,0.0,0.0,2.159877,-0.07909934,0.7382874,1.226925,0.1837353,-1.917627,0.05015895,-0.786523,0.07426178,0.6110244,10.25992,255.7469,0.6899577,0.5731201,0.06986938,-0.816487,-0.6958669,0.03711915,0.1706808,-0.2946157,0.1153674,-2.268376,-0.3149921,0.3821824,2.065424,-0.2482662,0.0118492,0.9686193,-0.1696538,0.9839386,-0.05552049,-0.9537197,-0.1781139,-0.2422684,moving,67.3229,-0.4984455,-8.671208,10.48334
05/11/2023 13:09:39.987420,1696,True,True,True,True,Eyes,1.229337,0.1825382,-1.927999,-0.9224383,0.003425744,-0.3861294,0.0,0.0,0.0,0.0,0.0,0.0,0.0,2.15998,-0.08835125,0.7126036,1.214293,0.1841515,-1.91643,0.04830965,-0.7886591,0.07264853,0.6086094,9.985169,255.377,0.7114918,0.5672232,0.07128076,-0.8204731,-0.6541148,0.034892,0.1604399,-0.3066608,0.1275237,-2.279822,-0.3139521,0.3852579,2.066015,-0.2545218,0.01222946,0.9669899,-0.1646288,0.9847768,-0.05578641,-0.9529514,-0.1733932,-0.2486338,moving,67.28599,-0.5083154,-8.640578,10.56285
05/11/2023 13:09:40.007436,1697,True,True,True,True,Eyes,1.22751,0.1826235,-1.927904,-0.9220945,0.003323151,-0.3869506,0.0,0.0,0.0,0.0,0.0,0.0,0.0,2.160529,-0.09442942,0.6863303,1.202212,0.1848655,-1.915297,0.04810894,-0.7908155,0.07344352,0.6057246,10.04619,254.9665,0.749629,0.562545,0.07242032,-0.8235884,-0.6148679,0.03279848,0.1508135,-0.3181649,0.1366511,-2.293069,-0.3131962,0.3874976,2.066446,-0.2615664,0.01288251,0.9650996,-0.1650637,0.9845832,-0.057879,-0.9509664,-0.1744421,-0.2554074,moving,67.23498,-0.4920469,-8.618314,10.6207
05/11/2023 13:09:40.030758,1698,True,True,True,True,Eyes,1.225285,0.1826907,-1.927792,-0.921643,0.003210026,-0.3880257,0.0,0.0,0.0,0.0,0.0,0.0,0.0,2.161824,-0.1009068,0.6575403,1.189912,0.1853283,-1.914624,0.04784327,-0.7932714,0.07429007,0.6024223,10.10823,254.4972,0.7916849,0.5588198,0.07334522,-0.826039,-0.5779759,0.03083058,0.1417647,-0.3297473,0.1583165,-2.306632,-0.3122509,0.3902912,2.066982,-0.269597,0.0136026,0.9628773,-0.1654134,0.984384,-0.06022066,-0.9486602,-0.1755081,-0.2631369,moving,67.16817,-0.4739808,-8.590496,10.6928
05/11/2023 13:09:40.037429,1699,True,True,True,True,Eyes,1.222701,0.1827309,-1.927698,-0.9211442,0.00263813,-0.3892126,0.0,0.0,0.0,0.0,0.0,0.0,0.0,2.163087,-0.1024246,0.6293538,1.178034,0.1849551,-1.91404,0.04822833,-0.7956285,0.07431621,0.5992717,10.14035,254.0382,0.7175418,0.5558347,0.07409932,-0.8279834,-0.5432973,0.02898074,0.1332588,-0.3403526,0.1627419,-2.318064,-0.3114015,0.3928069,2.067465,-0.2770949,0.01232753,0.9607635,-0.1658149,0.9843023,-0.06045242,-0.9464269,-0.1760599,-0.2707011,moving,67.09441,-0.3883518,-8.565502,10.75766
05/11/2023 13:09:40.057435,1700,True,True,True,True,Eyes,1.219763,0.182749,-1.92761,-0.9205517,0.001841512,-0.3906163,0.0,0.0,0.0,0.0,0.0,0.0,0.0,2.164217,-0.09728108,0.6026051,1.166504,0.1844602,-1.91355,0.05152642,-0.7975832,0.07787327,0.5959379,10.69809,253.5907,0.619376,0.5534195,0.07471668,-0.8295442,-0.5106995,0.0272419,0.1252633,-0.3514576,0.1636916,-2.329489,-0.3105438,0.3953452,2.067952,-0.2844062,0.01062207,0.958645,-0.1750085,0.9825616,-0.06280772,-0.9425949,-0.1856339,-0.2775876,moving,67.00711,-0.2701118,-8.540276,10.82305
05/11/2023 13:09:40.077239,1701,True,True,True,True,Eyes,1.219763,0.182749,-1.92761,-0.9205517,0.001841512,-0.3906163,0.0,0.0,0.0,0.0,0.0,0.0,0.0,2.16514,-0.0962058,0.5765152,1.15496,0.1839997,-1.913548,0.0534972,-0.7995088,0.08034512,0.5928479,11.06396,253.17,0.5675826,0.551394,0.07523284,-0.8308454,-0.4800575,0.02560738,0.1177475,-0.3626586,0.1729872,-2.339337,-0.3096235,0.3980667,2.068475,-0.2913394,0.009721892,0.9565707,-0.1808078,0.9813654,-0.06504185,-0.9393777,-0.1919046,-0.2841525,moving,67.00711,-0.2701118,-8.513218,10.89309
05/11/2023 13:09:40.087867,1702,True,True,True,True,Eyes,1.219763,0.182749,-1.92761,-0.9205517,0.001841512,-0.3906163,0.0,0.0,0.0,0.0,0.0,0.0,0.0,2.165876,-0.09848951,0.5508394,1.143796,0.1836709,-1.913671,0.05517237,-0.8014185,0.08389625,0.589615,11.50965,252.7468,0.6140023,0.5495683,0.07569702,-0.8320122,-0.451254,0.02407094,0.1106827,-0.372724,0.1597332,-2.350095,-0.3087181,0.4007456,2.06899,-0.2986203,0.01050067,0.9543143,-0.1873653,0.9798349,-0.06941108,-0.9357992,-0.1995329,-0.2906311,moving,67.00711,-0.2701118,-8.486605,10.96196
05/11/2023 13:09:40.108002,1703,True,True,True,True,Eyes,1.219763,0.182749,-1.92761,-0.9205517,0.001841512,-0.3906163,0.0,0.0,0.0,0.0,0.0,0.0,0.0,2.165859,-0.1070531,0.5248542,1.131973,0.183572,-1.913848,0.05529842,-0.8034046,0.08703368,0.586437,11.81221,252.3345,0.7741849,0.5479228,0.07611442,-0.8330587,-0.4241788,0.02262668,0.1040417,-0.3824354,0.1513344,-2.360394,-0.3087,0.4008001,2.069001,-0.3060675,0.01322553,0.9519181,-0.1909336,0.9787344,-0.07498842,-0.9326667,-0.2047046,-0.2970337,moving,67.00711,-0.2701118,-8.48607,10.96336
05/11/2023 13:09:40.127680,1704,True,True,True,True,Eyes,1.219763,0.182749,-1.92761,-0.9205517,0.001841512,-0.3906163,0.0,0.0,0.0,0.0,0.0,0.0,0.0,2.165665,-0.1184483,0.4991789,1.120411,0.1835303,-1.91424,0.05382844,-0.8055227,0.08795337,0.5835238,11.80124,251.9358,0.9322199,0.5464398,0.07648988,-0.8339978,-0.3987281,0.02126908,0.0977992,-0.3916896,0.1371389,-2.36865,-0.3087,0.4008002,2.069001,-0.313205,0.0159257,0.9495519,-0.1893658,0.9787334,-0.07887651,-0.9306143,-0.2045172,-0.3035285,static,67.00711,-0.2701118,-8.486067,10.96336
05/11/2023 13:09:40.137604,1705,True,True,True,True,Eyes,1.219763,0.182749,-1.92761,-0.9205517,0.001841512,-0.3906163,0.0,0.0,0.0,0.0,0.0,0.0,0.0,2.165361,-0.1253622,0.4744084,1.108908,0.1828656,-1.914797,0.05300002,-0.8074518,0.08824358,0.5808837,11.77556,251.5649,0.9908378,0.5451034,0.07682762,-0.8348409,-0.3748044,0.01999294,0.09193125,-0.4008909,0.1214188,-2.376876,-0.3086999,0.4008,2.069001,-0.3195307,0.0169286,0.9474249,-0.1881084,0.9788082,-0.08093119,-0.9287173,-0.2040786,-0.3095748,static,67.00711,-0.2701118,-8.486066,10.96336
05/11/2023 13:09:40.157452,1706,True,True,True,True,Eyes,1.219763,0.182749,-1.92761,-0.9205517,0.001841512,-0.3906163,0.0,0.0,0.0,0.0,0.0,0.0,0.0,2.164626,-0.1334697,0.4502933,1.097251,0.1820755,-1.915483,0.05175429,-0.8092898,0.08837084,0.5784134,11.70695,251.2189,1.08029,0.5438998,0.07713135,-0.8355976,-0.3523161,0.01879336,0.08641537,-0.4110516,0.1212627,-2.383045,-0.3086997,0.4008,2.069001,-0.3255188,0.0184613,0.9453552,-0.1859982,0.9790242,-0.08316448,-0.927061,-0.202906,-0.315257,static,67.00711,-0.2701118,-8.486063,10.96336
05/11/2023 13:09:40.177291,1707,True,True,True,True,Eyes,1.219763,0.182749,-1.92761,-0.9205517,0.001841512,-0.3906163,0.0,0.0,0.0,0.0,0.0,0.0,0.0,2.164461,-0.1407392,0.4255705,1.085937,0.1811558,-1.916698,0.05072323,-0.8112022,0.08858037,0.575788,11.66124,250.8517,1.153378,0.5428152,0.07740464,-0.8362774,-0.3311771,0.01766576,0.08123045,-0.4206062,0.1182981,-2.390711,-0.3087002,0.4008,2.069001,-0.3317909,0.01971344,0.9431471,-0.1843006,0.9791613,-0.08530154,-0.9251747,-0.2021248,-0.3212437,static,67.00711,-0.2701118,-8.486074,10.96336
05/11/2023 13:09:40.197529,1708,True,True,True,True,Eyes,1.219763,0.182749,-1.92761,-0.9205517,0.001841512,-0.3906163,0.0,0.0,0.0,0.0,0.0,0.0,0.0,2.164453,-0.1467969,0.398823,1.074505,0.1800066,-1.917942,0.04992619,-0.8133401,0.08866856,0.5728203,11.62076,250.4339,1.191528,0.5418382,0.07765049,-0.8368878,-0.3113065,0.01660581,0.07635662,-0.4300922,0.1184647,-2.400187,-0.3087002,0.4008001,2.069001,-0.3387685,0.02036835,0.9406493,-0.1827963,0.9792905,-0.08703791,-0.9229418,-0.2014329,-0.3280295,static,67.00711,-0.2701118,-8.486073,10.96336
05/11/2023 13:09:40.207866,1709,True,True,True,True,Eyes,1.212279,0.1825948,-1.926397,-0.9191923,0.001381184,-0.3938065,0.0,0.0,0.0,0.0,0.0,0.0,0.0,2.164302,-0.1530332,0.371479,1.062796,0.1789097,-1.919395,0.04896809,-0.8155204,0.08845579,0.5698283,11.54174,250.0101,1.224644,0.5409583,0.07787168,-0.8374364,-0.2926281,0.01560946,0.07177522,-0.439557,0.1233477,-2.411217,-0.3086999,0.4008001,2.069001,-0.3457958,0.02094026,0.9380761,-0.1806781,0.9795554,-0.08846819,-0.92075,-0.2000818,-0.3349427,static,66.80842,-0.2009507,-8.486065,10.96336
05/11/2023 13:09:40.227798,1710,True,True,True,True,Eyes,1.204616,0.1823899,-1.925317,-0.9177856,0.001037869,-0.3970748,0.0,0.0,0.0,0.0,0.0,0.0,0.0,2.164032,-0.1580219,0.3459692,1.051354,0.1775205,-1.921157,0.04803142,-0.8174601,0.08792622,0.5672046,11.43404,249.6348,1.240343,0.539957,0.07808151,-0.8380627,-0.2750704,0.01467289,0.06746871,-0.4484116,0.1246336,-2.424057,-0.3086999,0.4008,2.069001,-0.3519439,0.02121678,0.9357805,-0.1782718,0.979924,-0.08926506,-0.9188876,-0.1982396,-0.3410959,static,66.60455,-0.1497586,-8.486069,10.96336
05/11/2023 13:09:40.237673,1711,True,True,True,True,Eyes,1.196904,0.1821109,-1.924649,-0.9163039,0.0009357125,-0.4004826,0.0,0.0,0.0,0.0,0.0,0.0,0.0,2.163337,-0.1631534,0.3218546,1.039538,0.176062,-1.923175,0.04687285,-0.8191651,0.08714909,0.5649571,11.28803,249.3112,1.26665,0.5388365,0.07827904,-0.8387652,-0.2585662,0.01379252,0.06342059,-0.4572412,0.1289646,-2.438553,-0.3086998,0.4008001,2.069001,-0.3572529,0.0216778,0.9337561,-0.1752642,0.9804159,-0.08981669,-0.9174163,-0.1957413,-0.346457,static,66.39164,-0.1338692,-8.486062,10.96336
05/11/2023 13:09:40.257799,1712,True,True,True,True,Eyes,1.189028,0.1817677,-1.924111,-0.9147856,0.0009319574,-0.4039388,0.0,0.0,0.0,0.0,0.0,0.0,0.0,2.162769,-0.1691233,0.2985349,1.028168,0.1743368,-1.925558,0.04574174,-0.8207795,0.08707919,0.562713,11.21111,248.9992,1.338504,0.5375978,0.07846112,-0.8395427,-0.2430522,0.01296497,0.05961535,-0.4659818,0.1332051,-2.452116,-0.3087006,0.4008001,2.069001,-0.3625234,0.02291341,0.9316927,-0.1730889,0.9806498,-0.09146667,-0.9157602,-0.1944246,-0.3515425,static,66.17535,-0.1321912,-8.486082,10.96336
05/11/2023 13:09:40.277567,1713,True,True,True,True,Eyes,1.181107,0.1813527,-1.923975,-0.9132549,0.001158792,-0.4073871,0.0,0.0,0.0,0.0,0.0,0.0,0.0,2.162054,-0.1731623,0.275342,1.016424,0.1724243,-1.928063,0.04468397,-0.8223173,0.08630244,0.5606689,11.07196,248.7054,1.359587,0.5362443,0.07862627,-0.8403924,-0.2284691,0.01218707,0.05603843,-0.4753208,0.1327673,-2.463204,-0.3086999,0.4008001,2.069001,-0.3673077,0.02328538,0.9298082,-0.170263,0.9811105,-0.09183016,-0.9143828,-0.1920418,-0.3564048,static,65.95918,-0.1629745,-8.486068,10.96336
05/11/2023 13:09:40.288009,1714,True,True,True,True,Eyes,1.173034,0.1808873,-1.923974,-0.9117111,0.00145115,-0.4108293,0.0,0.0,0.0,0.0,0.0,0.0,0.0,2.161326,-0.175892,0.2531726,1.004759,0.1706727,-1.930724,0.04452279,-0.8236592,0.08659162,0.5586638,11.09233,248.4285,1.366841,0.5347766,0.07877195,-0.8413136,-0.2147609,0.01145585,0.05267613,-0.4849259,0.1329712,-2.472566,-0.3086995,0.4008001,2.069,-0.3718253,0.023408,0.9280077,-0.1700944,0.9810392,-0.09289744,-0.9125865,-0.1923905,-0.3607936,static,65.74303,-0.2023819,-8.486057,10.96336
05/11/2023 13:09:40.315228,1715,True,True,True,True,Eyes,0.9681496,0.1681266,-1.929636,-0.8685493,0.01709738,-0.4953078,0.0,0.0,0.0,0.0,0.0,0.0,0.0,2.160873,-0.1770582,0.2325287,0.9930903,0.1689932,-1.933909,0.04414574,-0.8247986,0.08574572,0.557141,10.98994,248.2047,1.326329,0.5331974,0.07889764,-0.8423035,-0.2018753,0.0107685,0.04951556,-0.4943996,0.132491,-2.482003,-0.3087001,0.4008001,2.069001,-0.37529,0.02272224,0.9266288,-0.1683676,0.9813976,-0.0922551,-0.9114875,-0.1906367,-0.364483,static,60.30518,-1.976991,-8.486071,10.96336
05/11/2023 13:09:40.327594,1716,True,True,True,True,Eyes,0.9676687,0.1680634,-1.929796,-0.868493,0.01726816,-0.4954006,0.0,0.0,0.0,0.0,0.0,0.0,0.0,2.160337,-0.1786345,0.2129524,0.981122,0.1675251,-1.937434,0.04325291,-0.8257855,0.08411297,0.5559969,10.77866,248.0259,1.288961,0.5173786,0.07888961,-0.8521124,-0.8044169,-0.0281598,0.02955838,-0.5034857,0.1288667,-2.492735,-0.3087004,0.4008001,2.069001,-0.3779933,0.02209784,0.9255446,-0.1649684,0.9821084,-0.09082157,-0.910992,-0.1870155,-0.3675849,static,60.29896,-1.996349,-8.486079,10.96336
05/11/2023 13:09:40.337453,1717,True,True,True,True,Eyes,0.9667966,0.1679265,-1.930279,-0.8683988,0.01753513,-0.4955563,0.0,0.0,0.0,0.0,0.0,0.0,0.0,2.159741,-0.1829557,0.1942673,0.9691183,0.1658956,-1.941387,0.04159494,-0.8266648,0.08256316,0.5550482,10.52581,247.8801,1.333655,0.5048271,0.07883921,-0.8596125,-0.7561519,-0.02647021,0.02778487,-0.5125985,0.1274276,-2.504251,-0.3087,0.4008001,2.069001,-0.3803826,0.02288292,0.9245459,-0.1604232,0.9829064,-0.09032971,-0.910809,-0.1826785,-0.3702095,static,60.28854,-2.026551,-8.486069,10.96336
05/11/2023 13:09:40.357649,1718,True,True,True,True,Eyes,0.9654717,0.1677306,-1.930926,-0.8682234,0.01792807,-0.4958495,0.0,0.0,0.0,0.0,0.0,0.0,0.0,2.159273,-0.1916493,0.1746538,0.957323,0.1641663,-1.945835,0.03921039,-0.8276875,0.08183821,0.5538039,10.30585,247.708,1.498957,0.4948772,0.07876103,-0.865386,-0.7107828,-0.024882,0.02611778,-0.5218427,0.1278836,-2.515319,-0.3087001,0.4008001,2.069001,-0.3835281,0.02573674,0.9231709,-0.1555525,0.9835302,-0.09204319,-0.9103352,-0.1789027,-0.373208,static,60.26896,-2.0707,-8.486073,10.96336
05/11/2023 13:09:40.377343,1719,True,True,True,True,Eyes,0.9637672,0.1674753,-1.931833,-0.8679844,0.01829462,-0.4962544,0.0,0.0,0.0,0.0,0.0,0.0,0.0,2.158643,-0.2007593,0.1534834,0.9451492,0.1624974,-1.950356,0.03675854,-0.8288555,0.08114345,0.5523253,10.08551,247.5041,1.670441,0.4869877,0.07866439,-0.869859,-0.6681358,-0.02338908,0.02455071,-0.5315056,0.1286576,-2.525229,-0.3087002,0.4008,2.069001,-0.3871712,0.02870012,0.9215611,-0.1505702,0.9841291,-0.09390703,-0.9096302,-0.1751177,-0.3767051,static,60.24202,-2.111276,-8.486075,10.96336
05/11/2023 13:09:40.387660,1720,True,True,True,True,Eyes,0.9616245,0.1671929,-1.932914,-0.8676957,0.0186707,-0.4967449,0.0,0.0,0.0,0.0,0.0,0.0,0.0,2.158233,-0.2090857,0.1341898,0.9333727,0.1609769,-1.955146,0.03538909,-0.8297526,0.08200503,0.5509386,10.08344,247.3291,1.841078,0.4807208,0.07855398,-0.8733479,-0.6280476,-0.02198573,0.02307767,-0.5417786,0.1313126,-2.532676,-0.3087,0.4008001,2.069001,-0.3904286,0.0316311,0.9200897,-0.1490878,0.9840456,-0.09709334,-0.9084814,-0.1750822,-0.3794837,static,60.2094,-2.152511,-8.486069,10.96336
05/11/2023 13:09:40.414994,1721,True,True,True,True,Eyes,0.9591136,0.1668901,-1.934239,-0.8673121,0.01914704,-0.4973964,0.0,0.0,0.0,0.0,0.0,0.0,0.0,2.157572,-0.2191004,0.1156101,0.9207184,0.1600136,-1.960398,0.03353899,-0.8304635,0.08256353,0.5498988,10.02153,247.2009,2.042521,0.4757207,0.07843388,-0.8760922,-0.5903648,-0.02066659,0.02169301,-0.5519549,0.1301848,-2.539491,-0.3087004,0.4008,2.069001,-0.3929726,0.03509736,0.9188799,-0.146509,0.9841168,-0.1002459,-0.9078035,-0.1740181,-0.3815889,static,60.16608,-2.204485,-8.486081,10.96336
05/11/2023 13:09:40.427815,1722,True,True,True,True,Eyes,0.9562173,0.166578,-1.935756,-0.8668338,0.01969878,-0.498208,0.0,0.0,0.0,0.0,0.0,0.0,0.0,2.15749,-0.2310003,0.09622622,0.9088262,0.1593034,-1.966226,0.0309743,-0.8313668,0.08266494,0.5486679,9.871495,247.0433,2.280884,0.4717009,0.07830647,-0.8782744,-0.5549429,-0.01942659,0.02039143,-0.5614039,0.1298824,-2.548759,-0.3086998,0.4008001,2.069001,-0.3960083,0.03920917,0.9174094,-0.1422132,0.9844142,-0.1034605,-0.9071675,-0.1714389,-0.3842601,static,60.1121,-2.264253,-8.486064,10.96336
05/11/2023 13:09:40.447151,1723,True,True,True,True,Eyes,0.9529812,0.1662512,-1.937514,-0.866053,0.02004566,-0.4995502,0.0,0.0,0.0,0.0,0.0,0.0,0.0,2.157279,-0.244961,0.07285094,0.8966798,0.1587212,-1.972294,0.02796801,-0.8327434,0.08277624,0.5467214,9.697371,246.789,2.554379,0.468429,0.0781737,-0.8800356,-0.5216463,-0.018261,0.01916794,-0.5706931,0.1276683,-2.558913,-0.3087005,0.4008001,2.069001,-0.4006267,0.04393073,0.9151874,-0.1370914,0.9847317,-0.1072813,-0.9059271,-0.1684441,-0.3884874,static,60.02312,-2.297899,-8.486081,10.96336
05/11/2023 13:09:40.457917,1724,True,True,True,True,Eyes,0.9493877,0.1659488,-1.939455,-0.8651827,0.02038739,-0.5010422,0.0,0.0,0.0,0.0,0.0,0.0,0.0,2.156974,-0.2591485,0.04653025,0.8846725,0.158134,-1.978436,0.02461421,-0.8344975,0.08238713,0.5442614,9.456388,246.4586,2.824038,0.4656131,0.07803687,-0.8815408,-0.4903475,-0.01716534,0.01801787,-0.5804468,0.1289334,-2.568308,-0.3086998,0.4008001,2.069001,-0.4063476,0.04859928,0.9124255,-0.1307613,0.985213,-0.1107106,-0.9043138,-0.1642969,-0.393984,static,59.92413,-2.330078,-8.486065,10.96336
05/11/2023 13:09:40.477369,1725,True,True,True,True,Eyes,0.9454429,0.1657313,-1.941598,-0.8641049,0.02046292,-0.5028955,0.0,0.0,0.0,0.0,0.0,0.0,0.0,2.156487,-0.2727155,0.02204657,0.8725127,0.1582301,-1.984687,0.02233553,-0.8359574,0.08323446,0.5419855,9.402674,246.1667,3.072572,0.4629083,0.07789898,-0.8829762,-0.4609267,-0.01613542,0.01693679,-0.5903038,0.1305169,-2.576845,-0.3087005,0.4008001,2.069001,-0.4115056,0.05288063,0.9098718,-0.1275668,0.9851463,-0.1149498,-0.9024354,-0.163372,-0.3986475,static,59.80127,-2.330091,-8.486082,10.96336
05/11/2023 13:09:40.492823,1726,True,True,True,True,Eyes,0.9411732,0.1656241,-1.943927,-0.8629265,0.02054502,-0.5049116,0.0,0.0,0.0,0.0,0.0,0.0,0.0,2.155267,-0.2907431,-0.001389503,0.8599014,0.1601143,-1.99114,0.01964426,-0.8372574,0.08461639,0.5398651,9.375373,245.9066,3.39733,0.4602869,0.077764,-0.8843575,-0.4332711,-0.01516729,0.01592059,-0.5998528,0.1307373,-2.585673,-0.3087006,0.4008001,2.069001,-0.4163199,0.05846827,0.9073366,-0.1242575,0.9849083,-0.1204809,-0.9006877,-0.1629019,-0.4027719,static,59.66744,-2.330099,-8.486088,10.96336
05/11/2023 13:09:40.507901,1727,True,True,True,True,Eyes,0.9365946,0.1656189,-1.946461,-0.8615745,0.02059439,-0.5072131,0.0,0.0,0.0,0.0,0.0,0.0,0.0,2.153327,-0.3151287,-0.0264473,0.8477979,0.1627926,-1.997889,0.01560114,-0.8388292,0.08625294,0.537292,9.292097,245.5954,3.864494,0.457725,0.07763662,-0.8856974,-0.4072748,-0.01425726,0.01496535,-0.6087461,0.1298853,-2.596152,-0.3086997,0.4008,2.069001,-0.4221478,0.06651266,0.9040837,-0.1188594,0.9846341,-0.1279382,-0.8987012,-0.1614677,-0.4077555,static,59.51448,-2.325105,-8.486062,10.96336
05/11/2023 13:09:40.527595,1728,True,True,True,True,Eyes,0.9317114,0.165781,-1.949142,-0.8601177,0.02039439,-0.5096877,0.0,0.0,0.0,0.0,0.0,0.0,0.0,2.150716,-0.336214,-0.05610085,0.8352805,0.165327,-2.004181,0.01159033,-0.840913,0.08654631,0.5340793,9.087125,245.1776,4.236845,0.4552014,0.07752061,-0.8870071,-0.3828383,-0.01340182,0.01406743,-0.6182298,0.1285439,-2.605272,-0.3087001,0.4008,2.069001,-0.4292499,0.07295226,0.9002346,-0.1119381,0.9847508,-0.1331755,-0.8962222,-0.1579361,-0.414538,static,59.34991,-2.291383,-8.486072,10.96336
05/11/2023 13:09:40.537692,1729,True,True,True,True,Eyes,0.9266093,0.1660357,-1.952147,-0.8585584,0.02041336,-0.5123093,0.0,0.0,0.0,0.0,0.0,0.0,0.0,2.148157,-0.3552146,-0.08275223,0.8230623,0.1695533,-2.010329,0.01083557,-0.8426518,0.09012678,0.5307521,9.40389,244.7806,4.500236,0.4526981,0.07742251,-0.8882959,-0.359868,-0.01259771,0.01322339,-0.6288803,0.1285895,-2.612346,-0.3087001,0.4008,2.069,-0.4363697,0.07740872,0.8964316,-0.1139312,0.9835195,-0.140389,-0.8925253,-0.163393,-0.420359,static,59.17511,-2.281787,-8.486073,10.96336
05/11/2023 13:09:40.557379,1730,True,True,True,True,Eyes,0.9212873,0.1663437,-1.955271,-0.856829,0.02032489,-0.5151998,0.0,0.0,0.0,0.0,0.0,0.0,0.0,2.147318,-0.3636443,-0.1140058,0.8107657,0.1724531,-2.017208,0.008128232,-0.8448588,0.08707411,0.5277934,8.958017,244.3428,4.539434,0.4501989,0.07734406,-0.8895719,-0.3382759,-0.01184185,0.01242998,-0.6398977,0.1422763,-2.61916,-0.3087003,0.4008001,2.069001,-0.4427364,0.07817986,0.8932373,-0.1056487,0.9847041,-0.1385506,-0.8904063,-0.1557107,-0.4277047,static,58.98207,-2.259176,-8.486077,10.96336
05/11/2023 13:09:40.577934,1731,True,True,True,True,Eyes,0.9157718,0.1666912,-1.958574,-0.8549837,0.01978672,-0.5182774,0.0,0.0,0.0,0.0,0.0,0.0,0.0,2.145945,-0.3687388,-0.1492805,0.8000857,0.1740642,-2.023091,0.008901162,-0.8477393,0.08804037,0.5229797,9.124533,243.6989,4.472563,0.4476928,0.07728565,-0.8908409,-0.3179794,-0.01113134,0.01168418,-0.65019,0.1553217,-2.62626,-0.3087001,0.4008001,2.069001,-0.452826,0.07699493,0.8882682,-0.1071784,0.9843394,-0.1399603,-0.8851336,-0.1585808,-0.4374823,static,58.77643,-2.186368,-8.486072,10.96336
05/11/2023 13:09:40.597526,1732,True,True,True,True,Eyes,0.9100246,0.1670483,-1.961941,-0.8530208,0.01927127,-0.521521,0.0,0.0,0.0,0.0,0.0,0.0,0.0,2.141793,-0.384046,-0.1821251,0.7887234,0.1757444,-2.028538,0.009362511,-0.8502769,0.09252929,0.5180539,9.616438,243.0974,4.651124,0.4451699,0.07724676,-0.8921076,-0.2989006,-0.01046346,0.01098313,-0.6593112,0.1540146,-2.636698,-0.3087004,0.4008,2.069,-0.463065,0.07994887,0.8827112,-0.1117918,0.9827014,-0.1476505,-0.879246,-0.1670516,-0.446117,static,58.55916,-2.116233,-8.486083,10.96336
05/11/2023 13:09:40.615289,1733,True,True,True,True,Eyes,0.9041091,0.1674197,-1.965364,-0.8510736,0.0184122,-0.5247235,0.0,0.0,0.0,0.0,0.0,0.0,0.0,2.136492,-0.4012775,-0.2108223,0.7773346,0.176359,-2.033401,0.00632637,-0.8523086,0.09363329,0.5145512,9.562267,242.6566,4.978387,0.4426216,0.07722595,-0.8933765,-0.2809666,-0.00983565,0.01032414,-0.6682634,0.1674149,-2.646883,-0.3087004,0.4008001,2.069001,-0.4703942,0.08557419,0.8782975,-0.1071423,0.9823856,-0.1530984,-0.875928,-0.1661194,-0.4529399,static,58.34438,-2.009646,-8.48608,10.96336
05/11/2023 13:09:40.627821,1734,True,True,True,True,Eyes,0.8979947,0.1678663,-1.96885,-0.8490559,0.01741698,-0.5280159,0.0,0.0,0.0,0.0,0.0,0.0,0.0,2.132096,-0.4155976,-0.2321556,0.7671248,0.1772597,-2.03778,0.006669193,-0.8536031,0.0981444,0.5115517,10.04235,242.3233,5.187272,0.4400432,0.07722208,-0.8946497,-0.2641086,-0.009245511,0.009704695,-0.6761515,0.1557897,-2.657411,-0.3087,0.4008,2.069,-0.4765409,0.08902617,0.8746333,-0.1117975,0.9806464,-0.1607294,-0.872015,-0.174376,-0.4573653,static,58.1231,-1.889257,-8.486071,10.96336
05/11/2023 13:09:40.647291,1735,True,True,True,True,Eyes,0.8917136,0.1683789,-1.972444,-0.8470485,0.01693776,-0.5312456,0.0,0.0,0.0,0.0,0.0,0.0,0.0,2.127756,-0.4292821,-0.2556493,0.7561706,0.1795642,-2.042779,0.00610014,-0.8550639,0.1005544,0.5086426,10.26298,241.9748,5.356599,0.4374288,0.07723691,-0.8959296,-0.2482621,-0.00869078,0.009122414,-0.6846863,0.1575629,-2.666876,-0.3087001,0.4008,2.069,-0.4824911,0.09186054,0.8710708,-0.1127246,0.9797032,-0.1657554,-0.8686172,-0.1781666,-0.4623431,static,57.90519,-1.826149,-8.486073,10.96336
05/11/2023 13:09:40.657766,1736,True,True,True,True,Eyes,0.8852551,0.1689077,-1.976079,-0.8449319,0.01679308,-0.5346103,0.0,0.0,0.0,0.0,0.0,0.0,0.0,2.123241,-0.4379318,-0.2856138,0.7451444,0.1817608,-2.04774,0.001911962,-0.8572452,0.09646447,0.5057881,9.632122,241.5453,5.488824,0.4347731,0.07727142,-0.8972184,-0.2333664,-0.008169333,0.008575069,-0.6932313,0.1549105,-2.674756,-0.3087004,0.4008001,2.069001,-0.4883495,0.09430313,0.8675377,-0.1008592,0.981382,-0.1634533,-0.8668,-0.1673215,-0.469746,static,57.6774,-1.799173,-8.486081,10.96336
05/11/2023 13:09:40.678041,1737,True,True,True,True,Eyes,0.8786072,0.1694549,-1.979731,-0.8427855,0.01696034,-0.5379823,0.0,0.0,0.0,0.0,0.0,0.0,0.0,2.11869,-0.4426064,-0.3158052,0.7343464,0.1826147,-2.052284,-0.0009351202,-0.859441,0.09323114,0.5026612,9.167036,241.0888,5.541579,0.4320726,0.07732443,-0.8985174,-0.2193644,-0.007679173,0.008060564,-0.701467,0.1546624,-2.684363,-0.3087003,0.4008002,2.069001,-0.4946617,0.09533471,0.8638409,-0.09211998,0.9826142,-0.1611934,-0.8641896,-0.1593132,-0.4772794,static,57.44835,-1.805699,-8.486076,10.96336
05/11/2023 13:09:40.696246,1738,True,True,True,True,Eyes,0.871788,0.1699824,-1.983409,-0.8405302,0.01747996,-0.5414826,0.0,0.0,0.0,0.0,0.0,0.0,0.0,2.114322,-0.4443679,-0.3456233,0.7233297,0.183482,-2.056795,0.002975815,0.861551,-0.09004349,-0.4996131,8.753318,240.6418,5.521667,0.4293242,0.07739501,-0.8998278,-0.2062025,-0.007218423,0.00757693,-0.7089364,0.1721005,-2.695838,-0.3087002,0.4008001,2.069001,-0.5007559,0.09510144,0.8603483,-0.08484618,0.9837666,-0.1581276,-0.8614202,-0.1521806,-0.4845579,static,57.20974,-1.848961,-8.486074,10.96336
05/11/2023 13:09:40.707870,1739,True,True,True,True,Eyes,0.8648203,0.1704882,-1.987083,-0.8382551,0.01789833,-0.5449844,0.0,0.0,0.0,0.0,0.0,0.0,0.0,2.109035,-0.4463359,-0.3764513,0.7123225,0.1834641,-2.061043,0.00595279,0.8637371,-0.08625957,-0.4964695,8.227295,240.1803,5.562493,0.4265252,0.0774806,-0.9011506,-0.1938304,-0.006785317,0.007122315,-0.7151823,0.1739714,-2.708687,-0.3087001,0.4008001,2.069001,-0.5069652,0.09593377,0.8566114,-0.07536718,0.9850477,-0.1549219,-0.8586652,-0.1431004,-0.4921545,static,56.97044,-1.881026,-8.486071,10.96336
05/11/2023 13:09:40.727629,1740,True,True,True,True,Eyes,0.8577027,0.1710068,-1.990783,-0.8358782,0.01822435,-0.5486123,0.0,0.0,0.0,0.0,0.0,0.0,0.0,2.103271,-0.4506688,-0.4040225,0.7018722,0.1834236,-2.064901,0.006765959,0.8656778,-0.08601677,-0.4931099,8.178234,239.7341,5.597394,0.4236749,0.07757881,-0.9024858,-0.1822005,-0.006378198,0.006694976,-0.7227013,0.1874333,-2.720403,-0.3086998,0.4008001,2.069001,-0.513594,0.0965457,0.8525845,-0.07311714,0.9851107,-0.1555983,-0.8549124,-0.1422529,-0.4988878,static,56.72189,-1.902609,-8.486064,10.96336
05/11/2023 13:09:40.737413,1741,True,True,True,True,Eyes,0.8504754,0.1715047,-1.994523,-0.8334643,0.01837945,-0.5522675,0.0,0.0,0.0,0.0,0.0,0.0,0.0,2.097323,-0.455422,-0.4322581,0.6910699,0.1842669,-2.069176,0.006532044,0.867674,-0.08677435,-0.4894585,8.290338,239.26,5.58354,0.4207718,0.07768898,-0.9038336,-0.1712685,-0.005995506,0.006293277,-0.7305254,0.2072926,-2.729684,-0.3087002,0.4008,2.069001,-0.5207758,0.09628025,0.848247,-0.0736095,0.9848551,-0.156978,-0.8505142,-0.1441894,-0.5058015,static,56.47087,-1.906099,-8.486074,10.96336
05/11/2023 13:09:40.758040,1742,True,True,True,True,Eyes,0.8431407,0.1719662,-1.998257,-0.8309247,0.01826176,-0.5560852,0.0,0.0,0.0,0.0,0.0,0.0,0.0,2.090611,-0.4580967,-0.46329,0.680641,0.1843942,-2.07313,0.006989069,0.8700024,-0.08624496,-0.4853957,8.237788,238.7171,5.559911,0.4178157,0.07780889,-0.9051936,-0.1609924,-0.005635776,0.00591568,-0.7376794,0.2059224,-2.740146,-0.3087001,0.4008,2.069,-0.5286847,0.09588686,0.8433852,-0.07156483,0.985026,-0.1568515,-0.8457963,-0.1432817,-0.513906,static,56.20811,-1.880909,-8.486076,10.96336
05/11/2023 13:09:40.777589,1743,True,True,True,True,Eyes,0.8356937,0.1723973,-2.001985,-0.8283426,0.01772252,-0.5599414,0.0,0.0,0.0,0.0,0.0,0.0,0.0,2.083774,-0.4597135,-0.4927061,0.6706142,0.1840267,-2.076685,0.004575631,0.8722703,-0.0886865,-0.4808933,8.645265,238.1465,5.414017,0.4148076,0.07793594,-0.9065651,-0.1513329,-0.005297629,0.005560739,-0.7447765,0.2163241,-2.751723,-0.3087004,0.4008001,2.069001,-0.5374416,0.09327985,0.8381262,-0.07731511,0.9842276,-0.159118,-0.8397494,-0.1503164,-0.5217528,static,55.94217,-1.812845,-8.48608,10.96336
05/11/2023 13:09:40.797478,1744,True,True,True,True,Eyes,0.8281448,0.172807,-2.005704,-0.8256544,0.01697304,-0.5639208,0.0,0.0,0.0,0.0,0.0,0.0,0.0,2.07701,-0.4608634,-0.5208714,0.6604175,0.1837943,-2.080323,0.001321636,0.8743713,-0.09174377,-0.4765042,9.159113,237.596,5.215545,0.4117482,0.07806809,-0.9079472,-0.1422529,-0.004979772,0.005227095,-0.7507503,0.2145889,-2.76486,-0.3087006,0.4008001,2.069001,-0.5458838,0.08974379,0.8330406,-0.08512139,0.9831626,-0.1616957,-0.8335256,-0.1591767,-0.5290535,static,55.66698,-1.723983,-8.486086,10.96336
05/11/2023 13:09:40.808212,1745,True,True,True,True,Eyes,0.820524,0.1731875,-2.009448,-0.8229533,0.01606123,-0.5678819,0.0,0.0,0.0,0.0,0.0,0.0,0.0,2.069656,-0.4635594,-0.54829,0.6503208,0.1837274,-2.083822,-0.0007102383,0.876369,-0.09390482,-0.4723971,9.512427,237.0764,5.08856,0.4086382,0.07820389,-0.9093395,-0.1337177,-0.004680985,0.004913469,-0.7559397,0.212544,-2.780431,-0.3087001,0.4008001,2.069001,-0.5536812,0.08747584,0.8281215,-0.08996557,0.9823628,-0.1639195,-0.8278548,-0.1652616,-0.5360459,static,55.39224,-1.620047,-8.486073,10.96336
05/11/2023 13:09:40.827621,1746,True,True,True,True,Eyes,0.812804,0.173544,-2.013176,-0.8201423,0.01508605,-0.5719607,0.0,0.0,0.0,0.0,0.0,0.0,0.0,2.061625,-0.4690542,-0.5748982,0.6403503,0.1835698,-2.08736,-0.002158641,0.8782715,-0.09637135,-0.4683454,9.863548,236.5731,5.035666,0.4054794,0.07834153,-0.9107407,-0.1256946,-0.004400126,0.004618661,-0.7610433,0.21139,-2.794938,-0.3087002,0.4008001,2.069001,-0.561296,0.08647841,0.8230849,-0.0940619,0.9814157,-0.1672584,-0.8222526,-0.1713024,-0.5427306,static,55.10839,-1.510884,-8.486074,10.96336
05/11/2023 13:09:40.837271,1747,True,True,True,True,Eyes,0.8049747,0.1738798,-2.01687,-0.8172842,0.01427749,-0.5760579,0.0,0.0,0.0,0.0,0.0,0.0,0.0,2.052704,-0.4744659,-0.6025376,0.6301416,0.1833709,-2.090708,-0.002346232,0.8802551,-0.09747808,-0.4643744,10.00826,236.0684,5.033442,0.4022721,0.07847981,-0.91215,-0.118153,-0.004136119,0.004341541,-0.7660728,0.1909152,-2.808986,-0.3087002,0.4008002,2.069001,-0.5687018,0.08640207,0.8179931,-0.0946632,0.980985,-0.1694321,-0.8170783,-0.1737902,-0.5497088,static,54.82214,-1.419775,-8.486074,10.96336
05/11/2023 13:09:40.857712,1748,True,True,True,True,Eyes,0.7970449,0.1741983,-2.02056,-0.8143181,0.01357929,-0.58026,0.0,0.0,0.0,0.0,0.0,0.0,0.0,2.043555,-0.4798333,-0.6300039,0.619967,0.1831565,-2.094124,-0.001995346,0.8822061,-0.09802943,-0.4605418,10.06715,235.5778,5.056011,0.3990175,0.07861783,-0.9135665,-0.1110638,-0.003887951,0.004081049,-0.7711439,0.1772791,-2.822821,-0.3087,0.4008001,2.069001,-0.5757944,0.08677269,0.8129768,-0.09381391,0.9807725,-0.1711264,-0.8121944,-0.1748022,-0.5565829,static,54.5274,-1.340596,-8.486066,10.96336
05/11/2023 13:09:40.877969,1749,True,True,True,True,Eyes,0.7889937,0.1744923,-2.024212,-0.8113312,0.01321447,-0.5844374,0.0,0.0,0.0,0.0,0.0,0.0,0.0,2.034505,-0.4812563,-0.6590834,0.6095247,0.1830351,-2.097662,-0.001446304,0.8842869,-0.09704822,-0.4567453,9.959854,235.0711,5.014745,0.395716,0.07875485,-0.9149897,-0.1043999,-0.003654674,0.003836186,-0.7752852,0.1603135,-2.837404,-0.3087003,0.4008001,2.069001,-0.5827632,0.08609472,0.8080685,-0.09121051,0.9811591,-0.1703157,-0.807507,-0.1729581,-0.5639307,static,54.23314,-1.29527,-8.486077,10.96336
05/11/2023 13:09:40.897231,1750,True,True,True,True,Eyes,0.7808357,0.1747366,-2.027859,-0.8082545,0.01302158,-0.5886893,0.0,0.0,0.0,0.0,0.0,0.0,0.0,2.025683,-0.4784175,-0.6883519,0.5989117,0.1826139,-2.100966,-0.0008704781,0.8863622,-0.09481668,-0.4531792,9.722285,234.5775,4.911937,0.3923674,0.07889002,-0.916419,0.0,0.0,0.0,-0.7797584,0.1482322,-2.852323,-0.3086998,0.4008001,2.069001,-0.5892562,0.08439476,0.8035267,-0.08748098,0.9820181,-0.1672948,-0.8031965,-0.1688728,-0.5712773,static,53.93241,-1.267154,-8.486064,10.96336
05/11/2023 13:09:40.907933,1751,True,True,True,True,Eyes,0.7725926,0.1749212,-2.031509,-0.8051431,0.01305224,-0.592937,0.0,0.0,0.0,0.0,0.0,0.0,0.0,2.016462,-0.4774081,-0.7167356,0.5881049,0.1816268,-2.104493,0.0001658008,0.8882914,-0.09297655,-0.4497709,9.499059,234.115,4.881642,0.388972,0.07902126,-0.917854,0.0,0.0,0.0,-0.7842425,0.1477442,-2.866981,-0.3087001,0.4008,2.069,-0.5954124,0.08393084,0.7990243,-0.08334173,0.9827107,-0.1653297,-0.799086,-0.1650314,-0.5781232,static,53.6307,-1.26104,-8.486074,10.96336
05/11/2023 13:09:40.927706,1752,True,True,True,True,Eyes,0.7642518,0.1750609,-2.035154,-0.8018968,0.0131013,-0.597319,0.0,0.0,0.0,0.0,0.0,0.0,0.0,2.005464,-0.4791531,-0.7464173,0.5774326,0.1804158,-2.107756,0.001265324,0.8903942,-0.09204967,-0.4457843,9.36904,233.5925,4.902586,0.3855304,0.07914623,-0.9192941,0.0,0.0,0.0,-0.7893636,0.1477074,-2.880215,-0.3087001,0.4008001,2.069001,-0.6025497,0.08432186,0.7936144,-0.07981531,0.9830505,-0.1650491,-0.7940804,-0.1627928,-0.5856066,static,53.31821,-1.256495,-8.48607,10.96336
05/11/2023 13:09:40.948825,1753,True,True,True,True,Eyes,0.755822,0.1751685,-2.03881,-0.7982293,0.01317924,-0.6022096,0.0,0.0,0.0,0.0,0.0,0.0,0.0,1.993711,-0.4806729,-0.7775965,0.5666332,0.1794686,-2.111233,0.001528754,0.8926504,-0.09171744,-0.4413175,9.345871,233.0126,4.864986,0.3820433,0.07926349,-0.9207386,0.0,0.0,0.0,-0.7948992,0.1489569,-2.892914,-0.3087003,0.4008,2.069,-0.6104733,0.0836823,0.787604,-0.07822374,0.9831712,-0.1650925,-0.7881648,-0.1623939,-0.5936539,static,52.96794,-1.253707,-8.48608,10.96336
05/11/2023 13:09:40.958062,1754,True,True,True,True,Eyes,0.7472752,0.1752357,-2.04246,-0.7944334,0.01339226,-0.6072035,0.0,0.0,0.0,0.0,0.0,0.0,0.0,1.9807,-0.4826353,-0.809716,0.5554554,0.1788813,-2.114526,0.001609767,0.8949943,-0.09157091,-0.4365749,9.352341,232.4001,4.815792,0.3785111,0.07937229,-0.9221869,0.0,0.0,0.0,-0.7996939,0.1493218,-2.90669,-0.3087004,0.4008002,2.069001,-0.6187997,0.08283657,0.7811692,-0.07707364,0.9832243,-0.1653164,-0.7817588,-0.1625053,-0.6020344,static,52.6085,-1.263491,-8.486079,10.96336
05/11/2023 13:09:40.977310,1755,True,True,True,True,Eyes,0.7386003,0.1752378,-2.046064,-0.7902995,0.01363921,-0.6125689,0.0,0.0,0.0,0.0,0.0,0.0,0.0,1.967983,-0.4803026,-0.8425765,0.543979,0.1779377,-2.11802,0.002185169,0.8973441,-0.08979145,-0.4320952,9.163903,231.8039,4.736449,0.3749333,0.07947167,-0.9236388,0.0,0.0,0.0,-0.8037491,0.1494538,-2.921899,-0.3087003,0.4008001,2.069001,-0.6265776,0.0815186,0.7750838,-0.07367521,0.9838654,-0.163036,-0.7758687,-0.1592592,-0.6104621,static,52.22039,-1.275514,-8.486075,10.96336
05/11/2023 13:09:40.987645,1756,True,True,True,True,Eyes,0.7298102,0.1751668,-2.04965,-0.7860653,0.01379275,-0.6179895,0.0,0.0,0.0,0.0,0.0,0.0,0.0,1.955016,-0.4785569,-0.8732631,0.5325988,0.1762979,-2.121073,0.002043503,0.8994972,-0.08910077,-0.4277405,9.122372,231.2357,4.641666,0.3713093,0.07955978,-0.9250942,0.0,0.0,0.0,-0.8079049,0.1510819,-2.937434,-0.3087003,0.4008001,2.069001,-0.634068,0.07990026,0.7691385,-0.07254776,0.9841137,-0.16204,-0.7698668,-0.1585436,-0.6181986,static,51.82625,-1.278557,-8.486077,10.96336
05/11/2023 13:09:41.015303,1757,True,True,True,True,Eyes,0.7209179,0.1750245,-2.053217,-0.7816175,0.01374874,-0.6236066,0.0,0.0,0.0,0.0,0.0,0.0,0.0,1.941201,-0.4810663,-0.9024222,0.5209355,0.1744867,-2.124202,0.001685962,0.9014715,-0.08994237,-0.4233874,9.249461,230.6879,4.602588,0.3676389,0.07963447,-0.9265525,0.0,0.0,0.0,-0.8126314,0.1535666,-2.951538,-0.3087,0.4008,2.069,-0.6414807,0.07920061,0.7630399,-0.07312122,0.983815,-0.1635886,-0.7636464,-0.1607333,-0.6253072,static,51.4157,-1.263004,-8.486071,10.96336
05/11/2023 13:09:41.027750,1758,True,True,True,True,Eyes,0.7119179,0.1748366,-2.056753,-0.7770711,0.01352782,-0.6292673,0.0,0.0,0.0,0.0,0.0,0.0,0.0,1.926152,-0.4866173,-0.930867,0.5092397,0.1727333,-2.127019,0.001655687,0.903392,-0.09141218,-0.4189558,9.426065,230.1415,4.627429,0.3639229,0.07969388,-0.9280133,0.0,0.0,0.0,-0.8185591,0.157332,-2.964243,-0.3086997,0.4008,2.069,-0.6489466,0.0795868,0.75666,-0.07360386,0.9832821,-0.1665494,-0.7572654,-0.1637747,-0.6322398,static,50.99966,-1.231539,-8.486064,10.96336
05/11/2023 13:09:41.037668,1759,True,True,True,True,Eyes,0.7027997,0.1746076,-2.060266,-0.772395,0.01326768,-0.6350038,0.0,0.0,0.0,0.0,0.0,0.0,0.0,1.910648,-0.4935095,-0.9585907,0.4975342,0.1714905,-2.129806,0.001193359,0.9052547,-0.09345801,-0.4144615,9.684189,229.5931,4.633471,0.3601609,0.07973755,-0.9294759,0.0,0.0,0.0,-0.8240036,0.1580434,-2.977174,-0.3087,0.4008,2.069,-0.6564404,0.07963008,0.7501633,-0.0753089,0.9825283,-0.1701958,-0.7506093,-0.1682174,-0.6389745,static,50.57559,-1.196956,-8.486072,10.96336
05/11/2023 13:09:41.057591,1760,True,True,True,True,Eyes,0.6935606,0.1743393,-2.063752,-0.7675986,0.01305284,-0.640798,0.0,0.0,0.0,0.0,0.0,0.0,0.0,1.894467,-0.497517,-0.9878483,0.4853027,0.1703192,-2.132567,0.001348086,0.9072236,-0.09410074,-0.4099861,9.766623,229.0337,4.633214,0.3563528,0.07976525,-0.9309402,0.0,0.0,0.0,-0.8302885,0.1611307,-2.989302,-0.3087007,0.4008002,2.069001,-0.6638193,0.07960603,0.7436445,-0.07471397,0.9822865,-0.1718462,-0.7441519,-0.1696354,-0.646113,static,50.14458,-1.166934,-8.486086,10.96336
05/11/2023 13:09:41.077317,1761,True,True,True,True,Eyes,0.6841935,0.1740112,-2.067201,-0.7627168,0.01299786,-0.646602,0.0,0.0,0.0,0.0,0.0,0.0,0.0,1.877108,-0.5005319,-1.01889,0.4730384,0.1691053,-2.135378,0.002361193,0.909362,-0.09378962,-0.4052885,9.710121,228.4408,4.673954,0.3524981,0.07977686,-0.9324056,0.0,0.0,0.0,-0.8367746,0.1585911,-3.000915,-0.3087003,0.4008001,2.069001,-0.6714716,0.08031807,0.7366651,-0.07172935,0.9823959,-0.1724914,-0.7375509,-0.1686635,-0.6538897,static,49.71,-1.151592,-8.486074,10.96336
05/11/2023 13:09:41.087534,1762,True,True,True,True,Eyes,0.6747053,0.173653,-2.070611,-0.7576681,0.01286553,-0.6525133,0.0,0.0,0.0,0.0,0.0,0.0,0.0,1.858435,-0.4984652,-1.052969,0.4605172,0.1672877,-2.137973,0.003069116,0.9118004,-0.09240241,-0.4000905,9.558193,227.7699,4.626227,0.3485963,0.0797714,-0.9338718,0.0,0.0,0.0,-0.8444077,0.1608956,-3.011051,-0.3086998,0.4008,2.069,-0.6798364,0.07953548,0.7290381,-0.0683418,0.9829047,-0.1709609,-0.7301725,-0.1660492,-0.6627788,static,49.26456,-1.129548,-8.486068,10.96336
05/11/2023 13:09:41.107867,1763,True,True,True,True,Eyes,0.6650894,0.1732716,-2.074006,-0.7525271,0.01287669,-0.6584355,0.0,0.0,0.0,0.0,0.0,0.0,0.0,1.837945,-0.5008525,-1.086669,0.4479708,0.1662123,-2.14043,0.002431304,0.9142563,-0.09308334,-0.3942907,9.688222,227.0422,4.529697,0.344647,0.0797493,-0.9353384,0.0,0.0,0.0,-0.853154,0.1673974,-3.020084,-0.3087,0.4008001,2.069001,-0.6890581,0.07784945,0.7205128,-0.06895811,0.9826592,-0.1721213,-0.721418,-0.1682868,-0.6717408,static,48.81519,-1.120362,-8.48607,10.96336
05/11/2023 13:09:41.127538,1764,True,True,True,True,Eyes,0.6553484,0.1728654,-2.077358,-0.7472126,0.01297504,-0.6644585,0.0,0.0,0.0,0.0,0.0,0.0,0.0,1.816467,-0.4993553,-1.122572,0.4347633,0.1652739,-2.143067,0.003415803,0.9168451,-0.09144036,-0.3886156,9.498304,226.3143,4.497107,0.3406493,0.07971121,-0.936805,0.0,0.0,0.0,-0.8622198,0.1748186,-3.028962,-0.3087002,0.4008,2.069,-0.6979327,0.07733382,0.7119759,-0.06480677,0.983254,-0.1703282,-0.7132253,-0.1650184,-0.6812334,static,48.35492,-1.118686,-8.486079,10.96336
05/11/2023 13:09:41.137477,1765,True,True,True,True,Eyes,0.645463,0.1724432,-2.080643,-0.7418116,0.01303817,-0.6704816,0.0,0.0,0.0,0.0,0.0,0.0,0.0,1.794363,-0.4978894,-1.157548,0.4218655,0.1642439,-2.145368,0.003883758,0.9193926,-0.09026688,-0.382824,9.381521,225.5764,4.432685,0.3366029,0.07965772,-0.9382712,0.0,0.0,0.0,-0.8701115,0.1802706,-3.039876,-0.3087002,0.4008002,2.069002,-0.7068614,0.07625405,0.70323,-0.06197126,0.9836736,-0.168955,-0.7046323,-0.1630078,-0.6905954,static,47.89136,-1.114032,-8.48607,10.96336
05/11/2023 13:09:41.157770,1766,True,True,True,True,Eyes,0.6354552,0.1720141,-2.08389,-0.7362069,0.01319536,-0.6766279,0.0,0.0,0.0,0.0,0.0,0.0,0.0,1.770878,-0.4994923,-1.191679,0.4088389,0.1633592,-2.147502,0.003441941,0.9218854,-0.09055327,-0.3767168,9.46042,224.8124,4.335711,0.3325071,0.07958984,-0.9397361,0.0,0.0,0.0,-0.877705,0.1857581,-3.051883,-0.3087001,0.4008,2.069001,-0.7161451,0.07457201,0.6939559,-0.06187971,0.9835765,-0.1695527,-0.6952026,-0.1643662,-0.6997691,static,47.41472,-1.117221,-8.486073,10.96336
05/11/2023 13:09:41.177695,1767,True,True,True,True,Eyes,0.6253533,0.1716039,-2.087117,-0.7305592,0.0133576,-0.6827188,0.0,0.0,0.0,0.0,0.0,0.0,0.0,1.746043,-0.497226,-1.228364,0.3957277,0.1627305,-2.149813,0.003702973,0.9246095,-0.08920396,-0.3703056,9.335499,223.9983,4.237546,0.3283614,0.0795088,-0.9411996,0.0,0.0,0.0,-0.8855051,0.1833727,-3.063244,-0.3086998,0.4008,2.069001,-0.7257201,0.07291305,0.6841155,-0.05921783,0.9840579,-0.1677001,-0.6854368,-0.1622152,-0.7098329,static,46.93876,-1.120867,-8.486065,10.96336
05/11/2023 13:09:41.197642,1768,True,True,True,True,Eyes,0.6151256,0.1712666,-2.09032,-0.7247114,0.01352865,-0.6889197,0.0,0.0,0.0,0.0,0.0,0.0,0.0,1.719843,-0.4959968,-1.264918,0.3825608,0.1628316,-2.15198,0.00299764,0.9273604,-0.08857797,-0.3635217,9.32927,223.1418,4.065542,0.3241663,0.07941674,-0.9426604,0.0,0.0,0.0,-0.8949378,0.1835695,-3.073743,-0.3087004,0.4008,2.069,-0.7356864,0.0699598,0.6737001,-0.05884024,0.9842899,-0.1664668,-0.6747622,-0.162108,-0.7200122,static,46.45036,-1.125,-8.486087,10.96336
05/11/2023 13:09:41.215235,1769,True,True,True,True,Eyes,0.6048079,0.1710722,-2.093526,-0.7188871,0.01352783,-0.6949952,0.0,0.0,0.0,0.0,0.0,0.0,0.0,1.693718,-0.4962234,-1.300211,0.3691345,0.1642208,-2.154585,0.002233608,0.9299538,-0.08803397,-0.3569752,9.331149,222.3178,3.89365,0.3199214,0.07931813,-0.9441178,0.0,0.0,0.0,-0.9028552,0.1870455,-3.085932,-0.3087,0.4008,2.069,-0.7451276,0.06700619,0.6635476,-0.05869758,0.9844901,-0.1653297,-0.6643341,-0.1621403,-0.7296376,static,45.9681,-1.115101,-8.486071,10.96336
05/11/2023 13:09:41.227636,1770,True,True,True,True,Eyes,0.5943902,0.1709608,-2.096719,-0.7128798,0.01369963,-0.7011523,0.0,0.0,0.0,0.0,0.0,0.0,0.0,1.666808,-0.5053199,-1.332199,0.3557433,0.1675678,-2.157248,0.001767949,0.9322603,-0.08921101,-0.3506125,9.502814,221.5397,3.828464,0.3156268,0.07922,-0.9455705,0.0,0.0,0.0,-0.9089565,0.1913293,-3.101591,-0.3087001,0.4008,2.069,-0.7541357,0.06585336,0.6534087,-0.05926061,0.9840766,-0.1675755,-0.6540396,-0.165096,-0.7382249,static,45.47518,-1.119345,-8.486076,10.96336
05/11/2023 13:09:41.237781,1771,True,True,True,True,Eyes,0.5838885,0.1709362,-2.099832,-0.7068487,0.01339704,-0.7072378,0.0,0.0,0.0,0.0,0.0,0.0,0.0,1.641247,-0.5004539,-1.366801,0.3427516,0.1693864,-2.160121,0.001635004,0.9347746,-0.08682629,-0.3444636,9.276533,220.754,3.652608,0.3112829,0.07912602,-0.9470173,0.0,0.0,0.0,-0.913323,0.1980745,-3.119628,-0.3087003,0.4008001,2.069001,-0.7626842,0.0628737,0.6437075,-0.05676026,0.984917,-0.1634524,-0.6442754,-0.1611996,-0.747612,static,44.98423,-1.08521,-8.486076,10.96336
05/11/2023 13:09:41.268410,1772,True,True,True,True,Eyes,0.5733179,0.1710082,-2.102933,-0.7005939,0.01294788,-0.7134427,0.0,0.0,0.0,0.0,0.0,0.0,0.0,1.615057,-0.5168509,-1.392004,0.3308741,0.1714353,-2.162025,-0.0008140471,0.9365948,-0.09147323,-0.3382637,9.898158,220.02,3.512787,0.306891,0.07903988,-0.9484568,0.0,0.0,0.0,-0.9187236,0.1987358,-3.136438,-0.3087004,0.4008,2.069,-0.7711542,0.06035927,0.6337809,-0.063409,0.983264,-0.170796,-0.633483,-0.1718974,-0.7544208,static,44.47939,-1.039715,-8.486084,10.96336
05/11/2023 13:09:41.277571,1773,True,True,True,True,Eyes,0.5626974,0.1712139,-2.105995,-0.6942865,0.01243021,-0.7195914,0.0,0.0,0.0,0.0,0.0,0.0,0.0,1.584708,-0.5302266,-1.423295,0.3184612,0.1738671,-2.164847,-0.0003822483,0.9389002,-0.09345043,-0.3312607,10.1214,219.1832,3.563947,0.3024527,0.07896512,-0.9498876,0.0,0.0,0.0,-0.9249064,0.1997723,-3.152859,-0.3087,0.4008002,2.069002,-0.7805327,0.06119513,0.6221128,-0.0626307,0.9825337,-0.175228,-0.6219699,-0.1757345,-0.7630669,static,43.97466,-0.9896277,-8.486065,10.96336
05/11/2023 13:09:41.287427,1774,True,True,True,True,Eyes,0.5520357,0.1715302,-2.109054,-0.6877329,0.01189638,-0.7258663,0.0,0.0,0.0,0.0,0.0,0.0,0.0,1.554068,-0.5411963,-1.454036,0.3067626,0.1772744,-2.16719,-0.0002991513,0.9412499,-0.09474644,-0.3241476,10.28555,218.3246,3.546266,0.2979699,0.07890663,-0.9513081,0.0,0.0,0.0,-0.9289372,0.2028247,-3.171904,-0.3087,0.4008001,2.069001,-0.7898563,0.0608605,0.6102644,-0.06198681,0.982046,-0.1781662,-0.610151,-0.1785541,-0.7719028,static,43.45476,-0.9389492,-8.486067,10.96336
05/11/2023 13:09:41.307805,1775,True,True,True,True,Eyes,0.5413999,0.1718964,-2.112138,-0.6811607,0.01177186,-0.7320393,0.0,0.0,0.0,0.0,0.0,0.0,0.0,1.522462,-0.5483343,-1.486854,0.2949224,0.1802465,-2.170214,-0.000187148,0.9437352,-0.09508096,-0.3167391,10.34536,217.4218,3.489635,0.2934449,0.07886767,-0.9527169,0.0,0.0,0.0,-0.9313591,0.2107249,-3.193139,-0.3087001,0.4008,2.069,-0.7993529,0.05987847,0.5978711,-0.06058494,0.9819192,-0.1793439,-0.5977999,-0.179581,-0.7812722,static,42.9381,-0.921289,-8.486073,10.96336
05/11/2023 13:09:41.327533,1776,True,True,True,True,Eyes,0.530768,0.1722847,-2.11521,-0.6743486,0.01158977,-0.7383222,0.0,0.0,0.0,0.0,0.0,0.0,0.0,1.492265,-0.5357665,-1.523776,0.2835958,0.1818012,-2.173089,-0.0003161543,0.9465824,-0.09078471,-0.3094184,9.907968,216.4834,3.234571,0.2888822,0.07884821,-0.9541119,0.0,0.0,0.0,-0.9345294,0.2017917,-3.213049,-0.3087003,0.4008001,2.069001,-0.8085204,0.05558237,0.5858374,-0.05677944,0.9835161,-0.1716748,-0.5857226,-0.1720661,-0.7920368,static,42.4071,-0.8993235,-8.486077,10.96336
05/11/2023 13:09:41.337436,1777,True,True,True,True,Eyes,0.5201525,0.1727121,-2.1183,-0.6674935,0.01149306,-0.744527,0.0,0.0,0.0,0.0,0.0,0.0,0.0,1.461448,-0.5359898,-1.555385,0.2728508,0.1826869,-2.175894,-0.002436899,0.9490049,-0.09099093,-0.3018356,10.03052,215.5441,2.928181,0.284285,0.07884714,-0.9554918,0.0,0.0,0.0,-0.9371568,0.2208229,-3.233403,-0.3087002,0.4008002,2.069002,-0.817779,0.05030335,0.5733305,-0.05955387,0.9834294,-0.1712306,-0.5724435,-0.1741727,-0.8012321,static,41.87729,-0.8843895,-8.486073,10.96336
05/11/2023 13:09:41.357829,1778,True,True,True,True,Eyes,0.5095538,0.1731797,-2.121409,-0.6604443,0.01158203,-0.7507857,0.0,0.0,0.0,0.0,0.0,0.0,0.0,1.431189,-0.5334368,-1.587075,0.2620866,0.1840179,-2.179245,-0.003316022,0.9513655,-0.08975337,-0.2946815,9.946634,214.6563,2.71103,0.2796569,0.0788641,-0.9568552,0.0,0.0,0.0,-0.934426,0.2167153,-3.258547,-0.3087006,0.4008,2.069001,-0.8263039,0.04658781,0.5612947,-0.05920681,0.9838666,-0.1688222,-0.5601044,-0.1727309,-0.8102146,static,41.33715,-0.8838058,-8.486086,10.96336
05/11/2023 13:09:41.377318,1779,True,True,True,True,Eyes,0.4990047,0.1736707,-2.124546,-0.6533495,0.01175685,-0.7569651,0.0,0.0,0.0,0.0,0.0,0.0,0.0,1.402008,-0.529246,-1.617624,0.2517072,0.1853957,-2.18282,-0.002728488,0.9535893,-0.08746456,-0.288115,9.693802,213.8459,2.62797,0.275001,0.07889881,-0.9582009,0.0,0.0,0.0,-0.9322952,0.199301,-3.283226,-0.3086997,0.4008,2.069001,-0.833965,0.04519597,0.549964,-0.0556034,0.984685,-0.1652383,-0.5490094,-0.1683827,-0.8186797,static,40.79803,-0.8898217,-8.486063,10.96336
05/11/2023 13:09:41.387668,1780,True,True,True,True,Eyes,0.4884914,0.1741965,-2.127731,-0.6459769,0.01215465,-0.7632601,0.0,0.0,0.0,0.0,0.0,0.0,0.0,1.370028,-0.5295072,-1.648287,0.2419019,0.1864382,-2.186533,-0.001556318,0.9558589,-0.08616681,-0.2809036,9.532149,212.9737,2.64055,0.2703217,0.07895019,-0.9595273,0.0,0.0,0.0,-0.9326931,0.1999813,-3.303026,-0.3087002,0.4008001,2.069001,-0.8421819,0.04543389,0.5372766,-0.05138437,0.9851457,-0.1638523,-0.5367402,-0.165601,-0.8273373,static,40.24254,-0.9123384,-8.486073,10.96336
05/11/2023 13:09:41.407681,1781,True,True,True,True,Eyes,0.4780155,0.1747464,-2.13096,-0.6385154,0.01265752,-0.769505,0.0,0.0,0.0,0.0,0.0,0.0,0.0,1.335652,-0.5236475,-1.682597,0.2320285,0.1877365,-2.190941,-0.0005415017,0.9584082,-0.08333174,-0.272964,9.20848,212.0028,2.581221,0.2656219,0.07901774,-0.9608333,0.0,0.0,0.0,-0.9347749,0.1820364,-3.318489,-0.3087004,0.4008002,2.069001,-0.8509808,0.04445517,0.5233122,-0.04653109,0.9861111,-0.159436,-0.5231317,-0.1600272,-0.8370931,static,39.68501,-0.9423681,-8.486081,10.96336
05/11/2023 13:09:41.427667,1782,True,True,True,True,Eyes,0.4675983,0.1753071,-2.134246,-0.6308305,0.01330318,-0.7758066,0.0,0.0,0.0,0.0,0.0,0.0,0.0,1.300787,-0.514337,-1.717158,0.222537,0.1887682,-2.195464,-0.0005077474,0.9609826,-0.08016092,-0.2647386,8.87825,210.9912,2.405431,0.2609048,0.0791005,-0.9621181,0.0,0.0,0.0,-0.937234,0.1752452,-3.334702,-0.3087001,0.4008001,2.069002,-0.8598265,0.0414675,0.5088997,-0.04341925,0.987148,-0.1537976,-0.508737,-0.1543353,-0.8469755,static,39.11555,-0.9823859,-8.486069,10.96336
05/11/2023 13:09:41.447629,1783,True,True,True,True,Eyes,0.4572078,0.1758713,-2.137589,-0.6231638,0.0138612,-0.7819685,0.0,0.0,0.0,0.0,0.0,0.0,0.0,1.26918,-0.5066975,-1.747765,0.2133308,0.1895139,-2.200185,-0.001282192,0.9631708,-0.07786389,-0.2573667,8.664739,210.0859,2.180252,0.2561738,0.07919701,-0.9633807,0.0,0.0,0.0,-0.9379364,0.199799,-3.352965,-0.3086998,0.4008001,2.069001,-0.8675216,0.0376092,0.4959757,-0.04254908,0.9878711,-0.1493325,-0.4955764,-0.1506525,-0.8553993,static,38.55193,-1.01552,-8.486065,10.96336
05/11/2023 13:09:41.457891,1784,True,True,True,True,Eyes,0.4469106,0.1764149,-2.141007,-0.6153435,0.01443043,-0.7881269,0.0,0.0,0.0,0.0,0.0,0.0,0.0,1.241024,-0.5016388,-1.774875,0.2043501,0.1900683,-2.205466,-0.001757146,0.9649781,-0.07617398,-0.2510217,8.504933,209.3128,2.019461,0.2514307,0.07930557,-0.9646204,0.0,0.0,0.0,-0.9378821,0.2173976,-3.371049,-0.3087002,0.4008001,2.069001,-0.8739702,0.03485143,0.4847286,-0.04163387,0.988389,-0.1461303,-0.4841932,-0.1478946,-0.8623713,static,37.98154,-1.048956,-8.486074,10.96336
05/11/2023 13:09:41.477399,1785,True,True,True,True,Eyes,0.4367168,0.1769644,-2.144516,-0.6071254,0.01439411,-0.7944756,0.0,0.0,0.0,0.0,0.0,0.0,0.0,1.212859,-0.5017561,-1.799751,0.1961314,0.1901011,-2.21072,-0.001668157,0.9666204,-0.07570243,-0.244768,8.462824,208.5646,1.960275,0.2466803,0.07942349,-0.9658364,0.0,0.0,0.0,-0.938372,0.2335562,-3.388313,-0.3087,0.4008,2.069,-0.8801718,0.03383412,0.4734481,-0.04028402,0.9885328,-0.1455344,-0.472943,-0.1471677,-0.8687156,static,37.38648,-1.037957,-8.486071,10.96336
05/11/2023 13:09:41.487585,1786,True,True,True,True,Eyes,0.4266271,0.1775172,-2.148117,-0.5987288,0.01424146,-0.8008252,0.0,0.0,0.0,0.0,0.0,0.0,0.0,1.182347,-0.5115286,-1.823305,0.188042,0.190877,-2.21636,-0.001912117,0.9681742,-0.07749823,-0.2379694,8.683352,207.7643,1.923587,0.241927,0.07954945,-0.9670276,0.0,0.0,0.0,-0.9379635,0.2525816,-3.40584,-0.3087002,0.4008,2.069,-0.8867339,0.03318189,0.461088,-0.04058694,0.9879808,-0.1491535,-0.4604953,-0.1509736,-0.8747293,static,36.78325,-1.018811,-8.486078,10.96336
05/11/2023 13:09:41.513320,1787,True,True,True,True,Eyes,0.4166246,0.1780473,-2.151806,-0.5900767,0.0136281,-0.8072321,0.0,0.0,0.0,0.0,0.0,0.0,0.0,1.151558,-0.5194165,-1.847087,0.1802758,0.1915281,-2.222257,-0.002230214,0.9697332,-0.07886639,-0.231069,8.858186,206.9494,1.862984,0.2371749,0.07968216,-0.9681932,0.0,0.0,0.0,-0.9377012,0.254131,-3.422657,-0.3087002,0.4008001,2.069001,-0.8932046,0.03212173,0.4485022,-0.04077258,0.9875503,-0.1519281,-0.4477987,-0.1539894,-0.8807748,static,36.16635,-0.9672046,-8.486073,10.96336
05/11/2023 13:09:41.527912,1788,True,True,True,True,Eyes,0.4067637,0.1785439,-2.155584,-0.5813045,0.01272512,-0.8135866,0.0,0.0,0.0,0.0,0.0,0.0,0.0,1.123686,-0.5228394,-1.869757,0.1727238,0.1915234,-2.228342,-0.003438542,0.9711522,-0.07960177,-0.2247561,8.983876,206.194,1.688449,0.2324272,0.07981933,-0.9693326,0.0,0.0,0.0,-0.9373838,0.2509473,-3.440451,-0.3087006,0.4008002,2.069001,-0.8989461,0.02910326,0.437092,-0.04246065,0.9873035,-0.1530652,-0.4359972,-0.1561565,-0.8862967,static,35.54566,-0.8960771,-8.486084,10.96336
05/11/2023 13:09:41.537607,1789,True,True,True,True,Eyes,0.3969882,0.1790085,-2.159448,-0.5723372,0.01150094,-0.8199378,0.0,0.0,0.0,0.0,0.0,0.0,0.0,1.096096,-0.5384848,-1.888124,0.166108,0.1912743,-2.234329,-0.004681617,0.9722611,-0.08332136,-0.2185045,9.442987,205.4633,1.586368,0.2276894,0.07995834,-0.970445,0.0,0.0,0.0,-0.9347904,0.2531424,-3.459621,-0.3087001,0.4008001,2.069002,-0.904468,0.02730868,0.425667,-0.04551569,0.9860713,-0.1599743,-0.4241067,-0.1640661,-0.8906269,static,34.916,-0.8036123,-8.486069,10.96336
05/11/2023 13:09:41.567242,1790,True,True,True,True,Eyes,0.3873672,0.1794369,-2.163417,-0.5631958,0.01008844,-0.8262619,0.0,0.0,0.0,0.0,0.0,0.0,0.0,1.067717,-0.5485996,-1.908681,0.1597271,0.1908527,-2.241005,-0.004583381,0.9734891,-0.08528078,-0.2121917,9.670677,204.727,1.585065,0.2229638,0.08009699,-0.9715302,0.0,0.0,0.0,-0.9319074,0.2387049,-3.478696,-0.3087001,0.4008001,2.069001,-0.9099075,0.02726801,0.4139144,-0.04511549,0.9854124,-0.1640947,-0.4123509,-0.1679849,-0.8954038,static,34.27908,-0.6995316,-8.486073,10.96336
05/11/2023 13:09:41.577478,1791,True,True,True,True,Eyes,0.377878,0.1798401,-2.167496,-0.5538682,0.008484093,-0.8325611,0.0,0.0,0.0,0.0,0.0,0.0,0.0,1.035853,-0.5637002,-1.928878,0.1536566,0.1904722,-2.247539,-0.004040867,0.9747314,-0.08825838,-0.2051656,10.00386,203.917,1.648921,0.2182558,0.08023296,-0.9725875,0.0,0.0,0.0,-0.9297499,0.2208054,-3.496902,-0.3087002,0.4008001,2.069001,-0.9157814,0.02833764,0.4006759,-0.04409268,0.9843883,-0.1703983,-0.3992494,-0.1737145,-0.9002351,static,33.63417,-0.5838441,-8.486075,10.96336
05/11/2023 13:09:41.597452,1792,True,True,True,True,Eyes,0.3685467,0.1801997,-2.171696,-0.5443845,0.006872037,-0.8388077,0.0,0.0,0.0,0.0,0.0,0.0,0.0,1.002181,-0.5812708,-1.948946,0.1474964,0.1904732,-2.254461,-0.002870459,0.9759341,-0.09151929,-0.1979109,10.35635,203.0889,1.78389,0.2135687,0.08036471,-0.9736165,0.0,0.0,0.0,-0.927648,0.2085284,-3.514241,-0.3087002,0.4008001,2.069001,-0.9216462,0.03062258,0.3868215,-0.0418281,0.983232,-0.1774974,-0.3857707,-0.1797698,-0.9049112,static,32.98349,-0.4693923,-8.486073,10.96336
05/11/2023 13:09:41.616025,1793,True,True,True,True,Eyes,0.3593596,0.180515,-2.176003,-0.5348998,0.005262382,-0.8448991,0.0,0.0,0.0,0.0,0.0,0.0,0.0,0.9704431,-0.5897369,-1.970124,0.1418063,0.1898227,-2.26159,-0.0008083152,0.9771773,-0.0925597,-0.1911979,10.43987,202.3217,1.970441,0.2089076,0.08048996,-0.974617,0.0,0.0,0.0,-0.9253188,0.1958007,-3.531393,-0.3087004,0.4008001,2.069002,-0.9268856,0.03381471,0.3738182,-0.03697418,0.9828641,-0.1805854,-0.373519,-0.1812035,-0.9097524,static,32.33762,-0.3568572,-8.486078,10.96336
05/11/2023 13:09:41.627850,1794,True,True,True,True,Eyes,0.3503437,0.180804,-2.180446,-0.5253357,0.003628427,-0.8508874,0.0,0.0,0.0,0.0,0.0,0.0,0.0,0.9413453,-0.601904,-1.988104,0.1362356,0.1891395,-2.268621,0.0005074059,0.9781443,-0.09471987,-0.1850988,10.66764,201.6276,2.102759,0.2042759,0.08060668,-0.9755887,0.0,0.0,0.0,-0.9227767,0.1903054,-3.548479,-0.3087002,0.4008,2.069,-0.9314765,0.03605771,0.3620106,-0.03407245,0.9820557,-0.1854872,-0.3622028,-0.1851116,-0.9135333,moving,31.69107,-0.2443241,-8.486078,10.96336
05/11/2023 13:09:41.637437,1795,True,True,True,True,Eyes,0.3414399,0.1810542,-2.185006,-0.5157457,0.002294807,-0.8567387,0.0,0.0,0.0,0.0,0.0,0.0,0.0,0.9145571,-0.6103632,-2.006416,0.1312046,0.1888306,-2.276354,0.00198125,0.9790812,-0.09588253,-0.1794514,10.78023,200.9832,2.233958,0.1996782,0.0807138,-0.9765312,0.0,0.0,0.0,-0.9217788,0.186105,-3.562105,-0.3054504,0.3987394,2.068735,-0.9355868,0.03829212,0.3510151,-0.03053291,0.9816052,-0.1884646,-0.351775,-0.1870425,-0.9172077,moving,31.0474,-0.1534686,-8.399085,10.90972
05/11/2023 13:09:41.657648,1796,True,True,True,True,Eyes,0.3327261,0.1812583,-2.189703,-0.5060509,0.0009855628,-0.8625031,0.0,0.0,0.0,0.0,0.0,0.0,0.0,0.8871014,-0.6109939,-2.027057,0.1262416,0.1880822,-2.284275,0.003929961,0.9801746,-0.09522459,-0.1737087,10.6791,200.3218,2.378781,0.195116,0.08080987,-0.977445,0.0,0.0,0.0,-0.9207758,0.1885479,-3.576052,-0.3023626,0.3967815,2.068484,-0.9396198,0.04078677,0.3397812,-0.02537857,0.9818336,-0.1880388,-0.3412781,-0.1853081,-0.9215152,moving,30.40115,-0.06547057,-8.316363,10.85871
05/11/2023 13:09:41.677310,1797,True,True,True,True,Eyes,0.3241398,0.181425,-2.194536,-0.4963578,-0.000138618,-0.868118,0.0,0.0,0.0,0.0,0.0,0.0,0.0,0.8591162,-0.6150317,-2.046468,0.1219607,0.1871946,-2.29226,0.005148412,0.9811869,-0.09558959,-0.1676568,10.71105,199.6237,2.458921,0.1905941,0.08089318,-0.9783299,0.0,0.0,0.0,-0.9205717,0.1957048,-3.588832,-0.2990702,0.3946937,2.068217,-0.9437296,0.0421556,0.328021,-0.02194938,0.9816723,-0.1893088,-0.3299896,-0.1858561,-0.9255078,moving,29.75933,0.00914879,-8.228103,10.80428
05/11/2023 13:09:41.697454,1798,True,True,True,True,Eyes,0.3157388,0.1815293,-2.199515,-0.4865624,-0.001151066,-0.873645,0.0,0.0,0.0,0.0,0.0,0.0,0.0,0.8305523,-0.6171052,-2.06673,0.1174811,0.1864025,-2.300753,0.006489838,0.9822146,-0.09545317,-0.1615584,10.68527,198.919,2.542506,0.1861143,0.08096264,-0.9791863,0.0,0.0,0.0,-0.9209149,0.2014105,-3.601386,-0.2959046,0.3926868,2.067961,-0.9477135,0.04359135,0.3161311,-0.0180937,0.9816931,-0.1896079,-0.318609,-0.185414,-0.9295751,moving,29.11491,0.07548966,-8.143181,10.75193
05/11/2023 13:09:41.707398,1799,True,True,True,True,Eyes,0.3075058,0.1815677,-2.204628,-0.4768315,-0.002123594,-0.8789922,0.0,0.0,0.0,0.0,0.0,0.0,0.0,0.8025321,-0.6155159,-2.087318,0.1134055,0.185,-2.30927,0.007945481,0.9832514,-0.09462514,-0.1555627,10.58002,198.2241,2.627616,0.1816806,0.08101609,-0.9800142,0.0,0.0,0.0,-0.9193676,0.2030891,-3.615252,-0.292562,0.3905674,2.067688,-0.9514745,0.04506509,0.3044108,-0.01381547,0.981966,-0.1885526,-0.3074181,-0.1836086,-0.9336929,moving,28.47874,0.138423,-8.053454,10.69662
05/11/2023 13:09:41.727593,1800,True,True,True,True,Eyes,0.2994631,0.1815522,-2.209901,-0.4670254,-0.003082341,-0.8842385,0.0,0.0,0.0,0.0,0.0,0.0,0.0,0.7760847,-0.6187354,-2.105489,0.1099775,0.1834216,-2.317862,0.008451216,0.9841016,-0.09515517,-0.1497273,10.64679,197.5473,2.631882,0.1772961,0.08105151,-0.9808139,0.0,0.0,0.0,-0.9165292,0.2015755,-3.630723,-0.2894757,0.3886099,2.067438,-0.9550207,0.04512836,0.2930854,-0.01186095,0.9817482,-0.1898154,-0.2963021,-0.1847539,-0.9370545,moving,27.84153,0.1997249,-7.970546,10.6455
05/11/2023 13:09:41.737499,1801,True,True,True,True,Eyes,0.2916088,0.1814783,-2.215324,-0.4573082,-0.003962824,-0.8892994,0.0,0.0,0.0,0.0,0.0,0.0,0.0,0.749971,-0.6208879,-2.12399,0.1063919,0.1821199,-2.326973,0.008851877,0.9849282,-0.09538933,-0.1440109,10.68176,196.882,2.619506,0.1729644,0.08106758,-0.9815858,0.0,0.0,0.0,-0.9131663,0.1993981,-3.646685,-0.2863936,0.3866557,2.067187,-0.9583649,0.04491113,0.281992,-0.01003728,0.981645,-0.1904528,-0.2853695,-0.1853537,-0.9403234,moving,27.21378,0.2553151,-7.887702,10.59444
05/11/2023 13:09:41.757467,1802,True,True,True,True,Eyes,0.2839509,0.1813402,-2.22091,-0.4475194,-0.004733199,-0.8942617,0.0,0.0,0.0,0.0,0.0,0.0,0.0,0.724367,-0.6215613,-2.142428,0.1035668,0.1806114,-2.336172,0.009856657,0.9857376,-0.09523069,-0.1384033,10.6621,196.2341,2.670785,0.1686893,0.08106292,-0.9823299,0.0,0.0,0.0,-0.9107457,0.2039246,-3.661705,-0.2828693,0.3844211,2.066898,-0.9614947,0.04579263,0.2709813,-0.006928326,0.9816679,-0.1904733,-0.2747359,-0.1850166,-0.9435513,moving,26.58496,0.3032555,-7.792911,10.53602
05/11/2023 13:09:41.777485,1803,True,True,True,True,Eyes,0.2765074,0.1811212,-2.226664,-0.4378524,-0.005458654,-0.8990303,0.0,0.0,0.0,0.0,0.0,0.0,0.0,0.6985202,-0.6185023,-2.161885,0.1005164,0.1789181,-2.345656,0.01100508,0.9865842,-0.09426277,-0.1328345,10.54878,195.5882,2.726095,0.1644737,0.08103605,-0.9830468,0.0,0.0,0.0,-0.9087428,0.2027251,-3.67592,-0.2798727,0.3825208,2.066655,-0.9644678,0.04675758,0.26003,-0.003327808,0.9819868,-0.1889201,-0.2641795,-0.1830726,-0.9469391,moving,25.96735,0.3478793,-7.712249,10.4863
05/11/2023 13:09:41.797697,1804,True,True,True,True,Eyes,0.2692759,0.180828,-2.232589,-0.4282115,-0.006048513,-0.9036583,0.0,0.0,0.0,0.0,0.0,0.0,0.0,0.6759621,-0.6164638,-2.179819,0.0978305,0.1767758,-2.355364,0.01190913,0.9872758,-0.09368487,-0.1279379,10.48268,195.0212,2.768055,0.1603216,0.08098491,-0.9837367,0.0,0.0,0.0,-0.9073591,0.1948117,-3.689763,-0.2767527,0.3805426,2.066402,-0.9669803,0.04748688,0.2503887,-0.0004565197,0.9821627,-0.1880329,-0.2548515,-0.1819383,-0.9497103,moving,25.35461,0.3834957,-7.628217,10.43452
05/11/2023 13:09:41.807840,1805,True,True,True,True,Eyes,0.2622384,0.1804629,-2.238686,-0.4185828,-0.006863271,-0.9081528,0.0,0.0,0.0,0.0,0.0,0.0,0.0,0.6570729,-0.6109665,-2.197667,0.09560725,0.1746777,-2.365398,0.01290245,0.9879206,-0.0923299,-0.1237809,10.32521,194.5378,2.817016,0.1562365,0.08090796,-0.9844002,0.0,0.0,0.0,-0.9056632,0.1848184,-3.703434,-0.2736515,0.3785762,2.066149,-0.9690238,0.04835054,0.2421888,0.002635833,0.9826174,-0.1856234,-0.2469539,-0.179235,-0.9523072,moving,24.74577,0.4329987,-7.544638,10.38301
05/11/2023 13:09:41.827565,1806,True,True,True,True,Eyes,0.2554259,0.1800264,-2.244957,-0.4090587,-0.007570961,-0.9124767,0.0,0.0,0.0,0.0,0.0,0.0,0.0,0.641844,-0.604924,-2.214706,0.09378738,0.1725207,-2.375765,0.01351515,0.9884705,-0.090944,-0.1203025,10.16824,194.13,2.830173,0.1522208,0.08080399,-0.9850376,0.0,0.0,0.0,-0.904055,0.1723159,-3.716675,-0.270285,0.3764414,2.065876,-0.9706893,0.04860024,0.2353726,0.004837089,0.9830931,-0.1830427,-0.2402891,-0.1765391,-0.954513,moving,24.14645,0.4753811,-7.45385,10.32707
05/11/2023 13:09:41.837347,1807,True,True,True,True,Eyes,0.2488476,0.1795243,-2.251409,-0.399621,-0.008431233,-0.9166416,0.0,0.0,0.0,0.0,0.0,0.0,0.0,0.6285324,-0.6007811,-2.230582,0.09232028,0.1703535,-2.386198,0.01418467,0.9889187,-0.08998325,-0.1172264,10.05809,193.7724,2.861336,0.1482778,0.08067191,-0.9856497,0.0,0.0,0.0,-0.9023532,0.1665821,-3.730394,-0.2673602,0.3745869,2.065638,-0.9721138,0.04915179,0.229302,0.006958137,0.9834036,-0.1812978,-0.2344075,-0.1746466,-0.9563222,moving,23.55538,0.5269895,-7.374923,10.27844
05/11/2023 13:09:41.857615,1808,True,True,True,True,Eyes,0.2425129,0.1789706,-2.258049,-0.390242,-0.009308163,-0.9206653,0.0,0.0,0.0,0.0,0.0,0.0,0.0,0.6145353,-0.5984843,-2.246397,0.09126966,0.1682677,-2.396976,0.01536612,0.9893345,-0.08932786,-0.1140263,9.976599,193.4073,2.955223,0.1444112,0.08051106,-0.9862367,0.0,0.0,0.0,-0.8996216,0.1655415,-3.744781,-0.2641747,0.372567,2.065379,-0.9735239,0.05077592,0.222875,0.01003302,0.9835688,-0.1802545,-0.2283655,-0.173246,-0.9580372,moving,22.97061,0.5792554,-7.288906,10.22543
05/11/2023 13:09:41.877204,1809,True,True,True,True,Eyes,0.236446,0.1783801,-2.264885,-0.380869,-0.0103833,-0.9245707,0.0,0.0,0.0,0.0,0.0,0.0,0.0,0.5984854,-0.6024237,-2.26141,0.09071335,0.1664903,-2.408137,0.0166522,0.9896743,-0.08993492,-0.1103604,10.04008,192.9959,3.074381,0.1406243,0.08032145,-0.9867992,0.0,0.0,0.0,-0.8952624,0.1678382,-3.760323,-0.2610031,0.370556,2.065121,-0.9750869,0.05281101,0.2154464,0.01311001,0.9832689,-0.181688,-0.2214368,-0.1743371,-0.9594648,moving,22.38879,0.6434276,-7.203214,10.17264
05/11/2023 13:09:41.897898,1810,True,True,True,True,Eyes,0.2306139,0.1777881,-2.271914,-0.3715375,-0.01147305,-0.9283471,0.0,0.0,0.0,0.0,0.0,0.0,0.0,0.5805779,-0.6056058,-2.277134,0.09013118,0.1650993,-2.419459,0.01858862,0.990045,-0.09020445,-0.1064368,10.05863,192.5593,3.260952,0.1369214,0.08010374,-0.9873376,0.0,0.0,0.0,-0.8895238,0.1607032,-3.776518,-0.2576395,0.3684231,2.064847,-0.9766517,0.0560093,0.207401,0.01760498,0.9830352,-0.18257,-0.2141081,-0.1746559,-0.961069,moving,21.81198,0.7080583,-7.112277,10.11662
05/11/2023 13:09:41.907993,1811,True,True,True,True,Eyes,0.2250038,0.1771867,-2.279133,-0.3621329,-0.01258569,-0.9320415,0.0,0.0,0.0,0.0,0.0,0.0,0.0,0.5627791,-0.6118528,-2.29227,0.08986148,0.1644944,-2.431142,0.02096096,0.990339,-0.09089965,-0.1025999,10.12183,192.14,3.504145,0.1333051,0.07986013,-0.9878521,0.0,0.0,0.0,-0.8838618,0.1652083,-3.793173,-0.2545289,0.3664508,2.064595,-0.9780679,0.0601695,0.1994067,0.02286432,0.9825957,-0.1843441,-0.207028,-0.1757417,-0.9624211,moving,21.233,0.7736385,-7.028118,10.06477
05/11/2023 13:09:41.928056,1812,True,True,True,True,Eyes,0.2196384,0.1765727,-2.28654,-0.3527724,-0.01358049,-0.9356106,0.0,0.0,0.0,0.0,0.0,0.0,0.0,0.546096,-0.6070774,-2.310017,0.08975594,0.1636338,-2.442971,0.02344597,0.9908018,-0.0893031,-0.0989299,9.922988,191.7281,3.732828,0.1297769,0.07959229,-0.9883434,0.0,0.0,0.0,-0.8776796,0.1670315,-3.809272,-0.2512968,0.3644015,2.064332,-0.9793265,0.06413011,0.1918522,0.02879113,0.9829505,-0.1816024,-0.2002274,-0.1723243,-0.9644759,moving,20.65897,0.8315961,-6.940622,10.01088
05/11/2023 13:09:41.937959,1813,True,True,True,True,Eyes,0.2144974,0.1760139,-2.294131,-0.3433819,-0.014802,-0.9390792,0.0,0.0,0.0,0.0,0.0,0.0,0.0,0.5295212,-0.6046485,-2.327027,0.09018947,0.1627041,-2.45488,0.02538563,0.9912133,-0.0883182,-0.09514011,9.802586,191.3004,3.906299,0.1263395,0.07930164,-0.988812,0.0,0.0,0.0,-0.8708063,0.1620612,-3.825557,-0.2481817,0.3624263,2.064077,-0.9806078,0.06713036,0.1841243,0.03351995,0.983111,-0.1799147,-0.1930923,-0.1702539,-0.9662966,moving,20.08535,0.9030355,-6.856248,9.958907
05/11/2023 13:09:41.957858,1814,True,True,True,True,Eyes,0.2095822,0.1755823,-2.301945,-0.3339612,-0.01588892,-0.9424529,0.0,0.0,0.0,0.0,0.0,0.0,0.0,0.509205,-0.6172528,-2.34106,0.09062731,0.1634993,-2.466964,0.02764987,0.9913984,-0.09011295,-0.09079923,10.00037,190.8287,4.145339,0.1229937,0.07899237,-0.9892585,0.0,0.0,0.0,-0.8625453,0.1646494,-3.842673,-0.2448179,0.3602933,2.063803,-0.9819821,0.07118845,0.1750532,0.03845971,0.9822303,-0.1836968,-0.1850196,-0.1736545,-0.9672704,moving,19.51194,0.9658643,-6.765078,9.902751
05/11/2023 13:09:41.977247,1815,True,True,True,True,Eyes,0.2049211,0.1752238,-2.309959,-0.324589,-0.01665957,-0.9457084,0.0,0.0,0.0,0.0,0.0,0.0,0.0,0.4866835,-0.6178842,-2.35971,0.09104048,0.1661099,-2.48012,0.0307085,0.9918393,-0.08891768,-0.08605462,9.851717,190.3,4.436841,0.1197408,0.07867126,-0.989683,0.0,0.0,0.0,-0.8531938,0.1640232,-3.860137,-0.2415744,0.3582363,2.063541,-0.983303,0.07621934,0.1652436,0.04561223,0.9823012,-0.1816693,-0.1761657,-0.1710989,-0.9693764,moving,18.94341,1.009217,-6.677104,9.848548
05/11/2023 13:09:41.997648,1816,True,True,True,True,Eyes,0.2004689,0.1749635,-2.318152,-0.3152558,-0.01745413,-0.9488462,0.0,0.0,0.0,0.0,0.0,0.0,0.0,0.464597,-0.6020631,-2.381608,0.09136724,0.167558,-2.492781,0.03305897,0.9925401,-0.08470479,-0.08121805,9.368052,189.7343,4.614827,0.1165832,0.07834215,-0.990086,0.0,0.0,0.0,-0.8448371,0.1644111,-3.877129,-0.2384132,0.3562322,2.063284,-0.9846216,0.07938382,0.1556239,0.05186559,0.9834644,-0.1735158,-0.1668249,-0.1627758,-0.9724577,moving,18.37916,1.053843,-6.591315,9.795714
05/11/2023 13:09:42.007854,1817,True,True,True,True,Eyes,0.1962534,0.1748292,-2.326554,-0.3060588,-0.01829456,-0.9518368,0.0,0.0,0.0,0.0,0.0,0.0,0.0,0.4466015,-0.6089832,-2.396507,0.09185366,0.1696711,-2.505261,0.03394705,0.9927812,-0.08524715,-0.0772415,9.440268,189.2847,4.685104,0.113521,0.0780096,-0.990468,0.0,0.0,0.0,-0.8371801,0.1600298,-3.893247,-0.2351867,0.3541862,2.063021,-0.9857629,0.08057322,0.14758,0.05423475,0.9831611,-0.1745078,-0.1591556,-0.1640193,-0.9735335,moving,17.82496,1.101105,-6.503706,9.741756
05/11/2023 13:09:42.027534,1818,True,True,True,True,Eyes,0.1922351,0.1747779,-2.335113,-0.2968715,-0.01873781,-0.9547336,0.0,0.0,0.0,0.0,0.0,0.0,0.0,0.4276172,-0.6117814,-2.413397,0.09238277,0.1726775,-2.518584,0.03653992,0.9930459,-0.08456023,-0.07331074,9.357078,188.8488,4.940191,0.1105552,0.07767879,-0.9908294,0.0,0.0,0.0,-0.8293642,0.1690696,-3.909069,-0.2318769,0.3520873,2.062751,-0.9865808,0.08496998,0.1394222,0.06017329,0.9830288,-0.1733019,-0.1517815,-0.1625868,-0.9749503,moving,17.27292,1.124355,-6.413778,9.686366
05/11/2023 13:09:42.047605,1819,True,True,True,True,Eyes,0.1884292,0.1748095,-2.343807,-0.2877988,-0.01971596,-0.9574879,0.0,0.0,0.0,0.0,0.0,0.0,0.0,0.4092139,-0.5933937,-2.434156,0.09301555,0.1745483,-2.530922,0.03910624,0.9936229,-0.07986461,-0.06932686,8.817539,188.38,5.154926,0.1076857,0.07735272,-0.9911709,0.0,0.0,0.0,-0.8214759,0.1473392,-3.922793,-0.2287561,0.3501086,2.062496,-0.9873293,0.08878722,0.1315231,0.06664018,0.9841847,-0.1641328,-0.1440159,-0.1532884,-0.9776311,moving,16.72957,1.17963,-6.328935,9.634119
05/11/2023 13:09:42.057795,1820,True,True,True,True,Eyes,0.1847942,0.1749335,-2.352653,-0.2787002,-0.02059896,-0.9601572,0.0,0.0,0.0,0.0,0.0,0.0,0.0,0.3857808,-0.6189327,-2.444178,0.09365246,0.1767524,-2.542812,0.04034051,0.9935306,-0.08421493,-0.06463553,9.330277,187.8767,5.293997,0.1049123,0.07703409,-0.9914931,0.0,0.0,0.0,-0.8098764,0.139704,-3.939853,-0.2256402,0.3481329,2.062244,-0.9883901,0.0910456,0.1216402,0.0692725,0.9825609,-0.1725551,-0.1352293,-0.1621253,-0.9774604,moving,16.18617,1.22902,-6.244172,9.581913
05/11/2023 13:09:42.077656,1821,True,True,True,True,Eyes,0.1813491,0.175096,-2.361602,-0.2698055,-0.02150058,-0.9626748,0.0,0.0,0.0,0.0,0.0,0.0,0.0,0.3632432,-0.6188153,-2.460846,0.09402899,0.1790874,-2.555333,0.0418931,0.9938338,-0.08330243,-0.060002,9.238834,187.3484,5.422079,0.1022334,0.07672566,-0.9917969,0.0,0.0,0.0,-0.7971933,0.1353913,-3.956168,-0.2223318,0.346035,2.061975,-0.9892898,0.09326618,0.1122844,0.07327293,0.9826114,-0.1706049,-0.1262436,-0.1605502,-0.9789212,moving,15.6564,1.279443,-6.154122,9.526453
05/11/2023 13:09:42.097426,1822,True,True,True,True,Eyes,0.1780644,0.1752996,-2.370637,-0.260933,-0.0226328,-0.9650916,0.0,0.0,0.0,0.0,0.0,0.0,0.0,0.3435531,-0.6129197,-2.47706,0.09445599,0.1802502,-2.566732,0.04263639,0.9941893,-0.08158155,-0.05580475,9.059286,186.8579,5.45526,0.09964889,0.07642788,-0.9920829,0.0,0.0,0.0,-0.7830982,0.134782,-3.973844,-0.2193421,0.3441395,2.061731,-0.9901359,0.09388255,0.1040043,0.07567199,0.9830531,-0.1669736,-0.1179177,-0.1574564,-0.9804606,moving,15.1294,1.343423,-6.072703,9.476315
05/11/2023 13:09:42.107732,1823,True,True,True,True,Eyes,0.1749084,0.1755859,-2.379777,-0.2521086,-0.02373973,-0.9674077,0.0,0.0,0.0,0.0,0.0,0.0,0.0,0.3228743,-0.6311728,-2.486923,0.09494486,0.1815034,-2.577878,0.04297408,0.9941379,-0.08471765,-0.05163427,9.43939,186.3991,5.479286,0.09715661,0.07614113,-0.9923521,0.0,0.0,0.0,-0.7685417,0.1515355,-3.991187,-0.2161177,0.3420947,2.061469,-0.9909744,0.09419298,0.09538183,0.07669564,0.9819523,-0.1728799,-0.1099445,-0.1640042,-0.9803138,moving,14.60653,1.405729,-5.984842,9.4222
05/11/2023 13:09:42.127802,1824,True,True,True,True,Eyes,0.1718957,0.1758963,-2.38899,-0.2432603,-0.02461824,-0.9696485,0.0,0.0,0.0,0.0,0.0,0.0,0.0,0.3013655,-0.6251894,-2.503494,0.09540474,0.1837045,-2.589655,0.04416987,0.9944692,-0.08276174,-0.04723017,9.232187,185.8876,5.562089,0.09475367,0.07586759,-0.9926053,0.0,0.0,0.0,-0.7532067,0.1474011,-4.007703,-0.2129188,0.3400663,2.06121,-0.9916366,0.09566884,0.08662675,0.08003344,0.982399,-0.1687803,-0.101249,-0.1604357,-0.9818395,moving,14.08341,1.45436,-5.897619,9.368484
05/11/2023 13:09:42.147758,1825,True,True,True,True,Eyes,0.1690343,0.1762304,-2.398272,-0.2345778,-0.02561544,-0.9717598,0.0,0.0,0.0,0.0,0.0,0.0,0.0,0.2797139,-0.6146241,-2.520023,0.09574828,0.184554,-2.600633,0.04517708,0.9948314,-0.08024069,-0.04279125,8.962358,185.3668,5.621149,0.09243844,0.07560681,-0.9928434,0.0,0.0,0.0,-0.738965,0.1508552,-4.023857,-0.2097429,0.3380527,2.060953,-0.992256,0.09675436,0.07789009,0.08301996,0.9830409,-0.1635182,-0.09239024,-0.1557855,-0.9834608,moving,13.57127,1.509958,-5.810977,9.315126
05/11/2023 13:09:42.157810,1826,True,True,True,True,Eyes,0.166306,0.1765936,-2.407624,-0.2258899,-0.02642914,-0.9737943,0.0,0.0,0.0,0.0,0.0,0.0,0.0,0.2582107,-0.6165292,-2.533216,0.09594353,0.1855263,-2.611578,0.04505771,0.9950145,-0.08025526,-0.03840717,8.989254,184.859,5.567741,0.09020852,0.07535826,-0.9930674,0.0,0.0,0.0,-0.7260557,0.1599611,-4.03899,-0.2065563,0.3360323,2.060693,-0.9929895,0.0958309,0.06919914,0.08350139,0.9830578,-0.1631714,-0.08366361,-0.1562492,-0.9841681,moving,13.05985,1.554647,-5.724,9.261569
05/11/2023 13:09:42.177553,1827,True,True,True,True,Eyes,0.1636702,0.176971,-2.417021,-0.2173051,-0.0272308,-0.9757239,0.0,0.0,0.0,0.0,0.0,0.0,0.0,0.2387895,-0.6081281,-2.548616,0.09632902,0.186542,-2.622633,0.04396935,0.9953734,-0.0782984,-0.03417791,8.793094,184.3481,5.393112,0.08806228,0.07512186,-0.9932779,0.0,0.0,0.0,-0.7098742,0.1650607,-4.055228,-0.2034085,0.3340363,2.060437,-0.9937974,0.09288398,0.06115409,0.08217968,0.9838721,-0.1588778,-0.07492501,-0.1528667,-0.9854026,moving,12.55553,1.598613,-5.638031,9.208625
05/11/2023 13:09:42.197409,1828,True,True,True,True,Eyes,0.1009957,0.1859893,-2.652847,0.003318027,-0.04342583,-0.9990512,0.0,0.0,0.0,0.0,0.0,0.0,0.0,0.2181733,-0.601903,-2.56289,0.09675823,0.1871251,-2.633232,0.04287388,0.9956729,-0.0768806,-0.02977574,8.658375,183.8214,5.220683,0.08599564,0.07489683,-0.9934759,0.0,0.0,0.0,-0.6908419,0.1765099,-4.07316,-0.2001417,0.3319647,2.060171,-0.9945506,0.08995508,0.05270146,0.08079838,0.9845024,-0.1556491,-0.06588614,-0.1505426,-0.9864057,moving,-0.1902888,2.488913,-5.548765,9.153649
05/11/2023 13:09:42.207813,1829,True,True,True,True,Eyes,0.1009827,0.1860002,-2.65326,0.003523976,-0.04357524,-0.9990439,0.0,0.0,0.0,0.0,0.0,0.0,0.0,0.1958922,-0.5952145,-2.576849,0.0972534,0.1870537,-2.64355,0.04174997,0.9959539,-0.07552498,-0.02507458,8.531033,183.2608,5.044096,0.07979082,0.07426419,-0.994041,-0.1880233,0.02705486,-0.7074759,-0.6704165,0.1883715,-4.091114,-0.1969271,0.3299263,2.059909,-0.9952565,0.08694959,0.04363993,0.07937457,0.9851059,-0.1525325,-0.05625258,-0.1483451,-0.9873345,moving,-0.2021013,2.497484,-5.460877,9.099522
05/11/2023 13:09:42.227529,1830,True,True,True,True,Eyes,0.1009848,0.1860321,-2.654078,0.00404669,-0.04368623,-0.9990371,0.0,0.0,0.0,0.0,0.0,0.0,0.0,0.1742356,-0.594947,-2.589155,0.09747252,0.1872596,-2.653955,0.04071967,0.9961117,-0.07534426,-0.02065868,8.535384,182.7411,4.886324,0.07456077,0.07372728,-0.9944869,-0.1767419,0.02543157,-0.6650273,-0.6532706,0.1958578,-4.107057,-0.1937276,0.3278977,2.059648,-0.9958305,0.08423571,0.03502073,0.07800966,0.9853303,-0.151785,-0.0472927,-0.1484202,-0.9877931,moving,-0.2320805,2.503854,-5.373352,9.045628
05/11/2023 13:09:42.237300,1831,True,True,True,True,Eyes,0.1010097,0.1860542,-2.655275,0.00468997,-0.04369155,-0.999034,0.0,0.0,0.0,0.0,0.0,0.0,0.0,0.1535147,-0.5933874,-2.601674,0.0977615,0.1877883,-2.6645,0.04095195,0.9962205,-0.07477457,-0.01662177,8.489177,182.2739,4.876688,0.07014658,0.07327087,-0.9948418,-0.1661374,0.02390568,-0.6251257,-0.639823,0.200955,-4.121411,-0.1905522,0.3258842,2.059389,-0.9960933,0.08408012,0.02699357,0.07910858,0.9854634,-0.1503453,-0.03924223,-0.1476226,-0.988265,moving,-0.2689733,2.504166,-5.286439,8.992102
05/11/2023 13:09:42.257711,1832,True,True,True,True,Eyes,0.1010397,0.1860608,-2.656822,0.005607706,-0.04378384,-0.9990252,0.0,0.0,0.0,0.0,0.0,0.0,0.0,0.1339627,-0.5819158,-2.615902,0.09801672,0.1875759,-2.674831,0.04134732,0.9964323,-0.07245524,-0.01278351,8.240952,181.8221,4.883565,0.066415,0.07288091,-0.9951265,-0.1561692,0.02247133,-0.5876182,-0.6260899,0.2007051,-4.135175,-0.1870746,0.3236791,2.059107,-0.9962541,0.08425207,0.01948414,0.08054714,0.9860813,-0.1454506,-0.03146746,-0.1433363,-0.9891738,moving,-0.321608,2.509471,-5.191201,8.933445
05/11/2023 13:09:42.277361,1833,True,True,True,True,Eyes,0.1010397,0.1860608,-2.656822,0.005607706,-0.04378384,-0.9990252,0.0,0.0,0.0,0.0,0.0,0.0,0.0,0.1137997,-0.5872045,-2.625866,0.09810229,0.1872271,-2.68482,0.04145115,0.996401,-0.07339057,-0.008989791,8.366673,181.39,4.866035,0.06325366,0.07254521,-0.995357,-0.146799,0.02112306,-0.5523611,-0.6098448,0.1918758,-4.150209,-0.1841283,0.321811,2.058867,-0.996402,0.08392347,0.01183063,0.0812844,0.9857913,-0.1469981,-0.02399912,-0.1455076,-0.989066,moving,-0.321608,2.509471,-5.110474,8.88373
05/11/2023 13:09:42.297263,1834,True,True,True,True,Eyes,0.1010397,0.1860608,-2.656822,0.005607706,-0.04378384,-0.9990252,2.082221,0.1127162,0.09489324,-4.737013,0.000598135,-0.1068186,0.9942784,-0.03083389,0.2207125,2.031907,0.09814195,0.1877277,-2.695083,0.04217738,0.9961859,-0.07620231,-0.005299968,8.706689,180.9847,4.923746,0.06057013,0.0722587,-0.9955447,-0.1379911,0.01985567,-0.5192194,-0.5929139,0.1845722,-4.165219,-0.1810299,0.3198461,2.058617,-0.9963863,0.08484076,0.004131479,0.08322528,0.9848285,-0.1522704,-0.01698753,-0.1513763,-0.9883305,moving,-0.321608,2.509471,-5.025528,8.831402
05/11/2023 13:09:42.307782,1835,True,True,True,True,Eyes,0.1010397,0.1860608,-2.656822,0.005607706,-0.04378384,-0.9990252,2.096434,0.1127959,0.09427091,-4.751213,-0.7368448,0.005439367,0.6760401,-0.01658596,0.2202158,2.036227,0.09839191,0.1883756,-2.705259,0.04285441,0.9961559,-0.07637688,-0.001856371,8.743279,180.5939,4.972068,0.05828592,0.07201356,-0.9956989,-0.1297116,0.01866433,-0.4880662,-0.5783811,0.1786817,-4.179007,-0.1777912,0.3177927,2.058353,-0.9963201,0.08566291,-0.002847702,0.08509577,0.9846601,-0.1523256,-0.01024464,-0.1520074,-0.9883262,moving,-0.321608,2.509471,-4.936696,8.776695
05/11/2023 13:09:42.327780,1836,True,True,True,True,Eyes,0.1010397,0.1860608,-2.656822,0.005607706,-0.04378384,-0.9990252,0.0,0.0,0.0,0.0,0.0,0.0,0.0,0.05461569,-0.6186594,-2.651403,0.09844381,0.188069,-2.714884,0.04279893,0.9959781,-0.07869647,0.001700389,9.027324,180.1943,4.936511,0.0562497,0.07179459,-0.9958318,-0.1219289,0.01754447,-0.4587823,-0.5632706,0.1601613,-4.192103,-0.1745103,0.3157121,2.058086,-0.9963311,0.08498595,-0.01012335,0.08552121,0.9839502,-0.1566144,-0.003349148,-0.1569055,-0.9876083,moving,-0.321608,2.509471,-4.846661,8.721237
05/11/2023 13:09:42.337379,1837,True,True,True,True,Eyes,0.1010397,0.1860608,-2.656822,0.005607706,-0.04378384,-0.9990252,0.0,0.0,0.0,0.0,0.0,0.0,0.0,0.03521355,-0.6307105,-2.658963,0.09875928,0.1876275,-2.72473,0.04253445,0.9958006,-0.08089684,0.005288444,9.297694,179.7881,4.874435,0.05441682,0.07159726,-0.9959478,-0.1146132,0.0164918,-0.4312553,-0.5470713,0.149621,-4.205986,-0.1713372,0.3137003,2.057827,-0.9963261,0.08385602,-0.01741428,0.0855673,0.9832931,-0.1606643,0.003650666,-0.1615641,-0.9868558,moving,-0.321608,2.509471,-4.759538,8.667583
05/11/2023 13:09:42.357682,1838,True,True,True,True,Eyes,0.1010397,0.1860608,-2.656822,0.005607706,-0.04378384,-0.9990252,0.0,0.0,0.0,0.0,0.0,0.0,0.0,0.01429585,-0.6487413,-2.664609,0.09907324,0.1874645,-2.734273,0.04274984,0.9954944,-0.08415668,0.009010715,9.690469,179.3754,4.864978,0.05276715,0.07141947,-0.9960494,-0.1077364,0.0155023,-0.40538,-0.5275801,0.1350914,-4.220316,-0.1681499,0.3116792,2.057567,-0.9961829,0.08359782,-0.0251356,0.08663107,0.9821802,-0.1667846,0.01074486,-0.1683254,-0.9856732,moving,-0.321608,2.509471,-4.671981,8.613649
05/11/2023 13:09:42.377930,1839,True,True,True,True,Eyes,0.09980148,0.1862427,-2.66111,0.008218067,-0.0451461,-0.9989465,0.0,0.0,0.0,0.0,0.0,0.0,0.0,-0.008249566,-0.6632971,-2.671036,0.09921774,0.1877339,-2.743971,0.04302569,0.9952219,-0.08668079,0.01298939,10.00016,178.9297,4.857324,0.05128216,0.07125926,-0.9961384,-0.1012722,0.01457216,-0.3810572,-0.5072407,0.1199299,-4.234802,-0.1647626,0.3095312,2.057293,-0.9959603,0.08338835,-0.03331365,0.08789207,0.9812705,-0.1714155,0.01839565,-0.173651,-0.9846355,moving,-0.4713465,2.587648,-4.578878,8.556295
05/11/2023 13:09:42.397771,1840,True,True,True,True,Eyes,0.09861547,0.18642,-2.665637,0.01109375,-0.04643446,-0.9988598,0.0,0.0,0.0,0.0,0.0,0.0,0.0,-0.03255981,-0.6650674,-2.680464,0.09949794,0.1879386,-2.753733,0.04346308,0.9951225,-0.08683752,0.01736031,10.04008,178.4286,4.863693,0.04989335,0.07111073,-0.9962196,-0.09519587,0.01369783,-0.3581938,-0.4880834,0.1138973,-4.248951,-0.1616434,0.3075535,2.05704,-0.9956191,0.08348714,-0.04209973,0.08951724,0.9811404,-0.1713189,0.02700282,-0.174337,-0.9843157,moving,-0.6363246,2.661619,-4.493104,8.503455
05/11/2023 13:09:42.407965,1841,True,True,True,True,Eyes,0.09777991,0.1865568,-2.670384,0.01420327,-0.04738813,-0.9987756,0.0,0.0,0.0,0.0,0.0,0.0,0.0,-0.05879618,-0.6631747,-2.690767,0.09946512,0.187979,-2.763738,0.04425775,0.9950384,-0.08635763,0.02196458,10.00898,177.9011,4.909679,0.04859264,0.0709719,-0.9962938,-0.08948413,0.01287596,-0.3367021,-0.471458,0.1028006,-4.26165,-0.1585582,0.3055972,2.056788,-0.9951179,0.08428269,-0.05135519,0.09186994,0.9811673,-0.1699141,0.03606722,-0.1738025,-0.9841202,moving,-0.81473,2.716431,-4.408226,8.451171
05/11/2023 13:09:42.427856,1842,True,True,True,True,Eyes,0.0969769,0.1866764,-2.675358,0.01757414,-0.04821526,-0.9986824,0.0,0.0,0.0,0.0,0.0,0.0,0.0,-0.08519737,-0.6560439,-2.702255,0.09960029,0.1878956,-2.773916,0.04493255,0.9950153,-0.08494396,0.02665295,9.871333,177.3584,4.943007,0.04738443,0.07083973,-0.9963614,-0.08411508,0.0121034,-0.3165,-0.4563075,0.09610526,-4.274263,-0.1551785,0.3034541,2.056514,-0.9945414,0.08488912,-0.06067368,0.09394515,0.9815312,-0.1666459,0.04540669,-0.1714362,-0.9841484,moving,-1.008148,2.76403,-4.315195,8.393852
05/11/2023 13:09:42.437558,1843,True,True,True,True,Eyes,0.09643924,0.1867449,-2.680536,0.02119439,-0.04871827,-0.9985877,0.0,0.0,0.0,0.0,0.0,0.0,0.0,-0.112298,-0.6489521,-2.71344,0.0994764,0.1875816,-2.784138,0.04537479,0.9949693,-0.08360615,0.03142319,9.742628,176.8043,4.949811,0.04626023,0.07071236,-0.9964232,-0.07906818,0.0113772,-0.29751,-0.4402226,0.09687956,-4.287543,-0.1521316,0.3015223,2.056264,-0.9939075,0.08503869,-0.07011744,0.09554739,0.9819023,-0.1635194,0.054943,-0.1692227,-0.9840452,moving,-1.215884,2.793084,-4.231288,8.342168
05/11/2023 13:09:42.458004,1844,True,True,True,True,Eyes,0.09592175,0.1867864,-2.68593,0.02508743,-0.04913968,-0.9984768,0.0,0.0,0.0,0.0,0.0,0.0,0.0,-0.1401153,-0.64342,-2.723999,0.09953336,0.1870693,-2.794439,0.0454758,0.99488,-0.08260667,0.03636075,9.652637,176.2291,4.915808,0.04522149,0.07058689,-0.9964798,-0.07432409,0.01069457,-0.2796594,-0.4224505,0.09284385,-4.300698,-0.14901,0.2995428,2.05601,-0.9932198,0.08447862,-0.07986236,0.09649319,0.9822162,-0.1610603,0.06483594,-0.1676745,-0.9837081,moving,-1.439294,2.817518,-4.145282,8.289178
05/11/2023 13:09:42.477407,1845,True,True,True,True,Eyes,0.09561075,0.1867686,-2.691508,0.02913695,-0.04942869,-0.9983525,0.0,0.0,0.0,0.0,0.0,0.0,0.0,-0.1697712,-0.6376555,-2.734294,0.09939223,0.1864602,-2.804842,0.04559331,0.9947537,-0.08160784,0.04155469,9.563965,175.6245,4.882281,0.04425995,0.07046159,-0.9965318,-0.06986464,0.01005289,-0.2628798,-0.4047229,0.09093238,-4.314218,-0.1457809,0.2974953,2.055748,-0.992389,0.08392584,-0.0901149,0.09749061,0.9825228,-0.1585702,0.07523182,-0.1661486,-0.983227,moving,-1.671705,2.834414,-4.056272,8.234332
05/11/2023 13:09:42.487973,1846,True,True,True,True,Eyes,0.0953058,0.1867086,-2.697292,0.03345678,-0.04967897,-0.9982047,0.0,0.0,0.0,0.0,0.0,0.0,0.0,-0.2000171,-0.6331516,-2.74379,0.09938335,0.1855598,-2.815131,0.04555647,0.994577,-0.08090582,0.04685787,9.509053,175.0071,4.829652,0.04337603,0.07033394,-0.9965797,-0.06567276,0.009449719,-0.247107,-0.3869675,0.09127105,-4.327546,-0.1425169,0.2954256,2.055483,-0.991458,0.08303668,-0.1005791,0.09820098,0.9827577,-0.1566648,0.08583593,-0.1652035,-0.9825173,moving,-1.919661,2.849164,-3.966255,8.17886
05/11/2023 13:09:42.515869,1847,True,True,True,True,Eyes,0.09508217,0.1865857,-2.70326,0.0379247,-0.05001777,-0.998028,0.0,0.0,0.0,0.0,0.0,0.0,0.0,-0.2313713,-0.629179,-2.753063,0.09911343,0.1844911,-2.825755,0.04553754,0.9943544,-0.08033962,0.05226313,9.470044,174.3786,4.77819,0.04256135,0.07020203,-0.9966242,-0.0617324,0.008882735,-0.2322806,-0.3693493,0.08550784,-4.340276,-0.1393917,0.293444,2.055228,-0.9903899,0.0821633,-0.1112531,0.0989585,0.9829438,-0.1550122,0.09661919,-0.164532,-0.9816284,moving,-2.176172,2.869069,-3.88003,8.125732
05/11/2023 13:09:42.532241,1848,True,True,True,True,Eyes,0.09485634,0.1864267,-2.70943,0.04266302,-0.05041132,-0.9978169,0.0,0.0,0.0,0.0,0.0,0.0,0.0,-0.2642716,-0.6289968,-2.760785,0.09903719,0.1831088,-2.836207,0.04590983,0.9940106,-0.08054388,0.05786129,9.52255,173.7344,4.766429,0.04181243,0.07006368,-0.9966655,-0.05802845,0.008349771,-0.2183438,-0.3524137,0.08118747,-4.353224,-0.1362162,0.2914304,2.054968,-0.9890888,0.08194897,-0.122425,0.1005905,0.9828099,-0.1548101,0.107634,-0.1654357,-0.9803295,moving,-2.448268,2.892216,-3.792375,8.071716
05/11/2023 13:09:42.547310,1849,True,True,True,True,Eyes,0.09468429,0.1862137,-2.715787,0.04748682,-0.05080459,-0.997579,0.0,0.0,0.0,0.0,0.0,0.0,0.0,-0.2982149,-0.631283,-2.767939,0.0986418,0.1821023,-2.847112,0.04625451,0.9936013,-0.08112798,0.06352472,9.61892,173.0834,4.748006,0.04112201,0.06991776,-0.9967046,-0.05454674,0.007848784,-0.2052432,-0.3350051,0.07848576,-4.366084,-0.1330603,0.2894292,2.054713,-0.9876503,0.08160979,-0.1337416,0.1022243,0.9825575,-0.1553411,0.1187314,-0.1670943,-0.9787657,moving,-2.725341,2.915434,-3.705221,8.017999
05/11/2023 13:09:42.557579,1850,True,True,True,True,Eyes,0.09450255,0.1859436,-2.722329,0.05256434,-0.05120966,-0.9973037,0.0,0.0,0.0,0.0,0.0,0.0,0.0,-0.3331021,-0.628443,-2.775819,0.0980767,0.1808112,-2.858103,0.046316,0.9932309,-0.08084725,0.06936175,9.614896,172.4061,4.700119,0.0404857,0.06976254,-0.9967415,-0.05127394,0.007377857,-0.1929286,-0.3180237,0.07890431,-4.37912,-0.1297695,0.2873426,2.054446,-0.9860876,0.08078953,-0.1452735,0.1032204,0.9826371,-0.1541748,0.1302954,-0.1670251,-0.9773053,moving,-3.017066,2.939448,-3.614298,7.961957
05/11/2023 13:09:42.577928,1851,True,True,True,True,Eyes,0.09516636,0.1855199,-2.728915,0.05579556,-0.05188544,-0.9970932,0.0,0.0,0.0,0.0,0.0,0.0,0.0,-0.366731,-0.6277931,-2.782822,0.09754771,0.1791942,-2.868988,0.04595614,0.9928263,-0.080992,0.07499582,9.654991,171.7493,4.602441,0.03989975,0.06959713,-0.9967767,-0.0481975,0.006935186,-0.1813529,-0.3035839,0.07715864,-4.391508,-0.1263981,0.285205,2.054173,-0.9845275,0.0791048,-0.1563598,0.103401,0.9826567,-0.1539289,0.1414715,-0.167715,-0.975632,moving,-3.20283,2.978796,-3.521105,7.904516
05/11/2023 13:09:42.587660,1852,True,True,True,True,Eyes,0.09577136,0.1850535,-2.735682,0.05931537,-0.05254666,-0.9968554,0.0,0.0,0.0,0.0,0.0,0.0,0.0,-0.3987008,-0.6236244,-2.790874,0.09673248,0.1776183,-2.880269,0.04555269,0.9924744,-0.08047851,0.08026707,9.616836,171.1319,4.508377,0.03938697,0.06941603,-0.9968097,-0.04530565,0.006519075,-0.1704717,-0.291347,0.07892368,-4.403818,-0.1233443,0.2832687,2.053924,-0.9829643,0.07750021,-0.166658,0.1033393,0.9828963,-0.1524329,0.151994,-0.1670585,-0.9741607,moving,-3.405226,3.017406,-3.436657,7.852461
05/11/2023 13:09:42.617541,1853,True,True,True,True,Eyes,0.09627342,0.1845638,-2.742644,0.06307892,-0.05324502,-0.9965872,0.0,0.0,0.0,0.0,0.0,0.0,0.0,-0.4314283,-0.6215886,-2.798004,0.09585625,0.1761298,-2.89156,0.04593886,0.9920278,-0.08037932,0.08549595,9.632745,170.5281,4.502809,0.03893967,0.06921969,-0.996841,-0.04258731,0.00612793,-0.1602434,-0.2817959,0.08055948,-4.415728,-0.1200461,0.2811772,2.053654,-0.9811602,0.07740105,-0.1770138,0.1048895,0.9828576,-0.1516219,0.1622437,-0.1673322,-0.9724594,moving,-3.621701,3.058254,-3.34541,7.796208
05/11/2023 13:09:42.627675,1854,True,True,True,True,Eyes,0.09672548,0.1840486,-2.749783,0.06716329,-0.05393044,-0.9962834,0.0,0.0,0.0,0.0,0.0,0.0,0.0,-0.4667512,-0.6221572,-2.804067,0.0949524,0.1749921,-2.903117,0.04650839,0.9914766,-0.08071325,0.09108552,9.70196,169.8851,4.510694,0.03854643,0.06900817,-0.9968709,-0.04003207,0.005760254,-0.1506288,-0.2734525,0.08052374,-4.427318,-0.1168754,0.2791666,2.053397,-0.9790808,0.07752034,-0.188126,0.1069276,0.9826447,-0.1515781,0.1731106,-0.1685231,-0.9703776,moving,-3.856693,3.09849,-3.257649,7.742098
05/11/2023 13:09:42.647575,1855,True,True,True,True,Eyes,0.09712237,0.1834725,-2.757095,0.07144873,-0.05453216,-0.9959525,0.0,0.0,0.0,0.0,0.0,0.0,0.0,-0.5037442,-0.6202089,-2.809981,0.09412611,0.1738662,-2.914673,0.04683738,0.9909092,-0.08061107,0.09699152,9.720504,169.2014,4.491446,0.03819934,0.06878151,-0.9968991,-0.03763014,0.005414639,-0.141591,-0.2641148,0.07940233,-4.439262,-0.1137117,0.2771606,2.053139,-0.9767981,0.07718599,-0.1997708,0.1084603,0.9826162,-0.1506708,0.1846683,-0.1688421,-0.9681892,moving,-4.103318,3.134031,-3.170047,7.688085
05/11/2023 13:09:42.657485,1856,True,True,True,True,Eyes,0.09745431,0.1828925,-2.764573,0.07599363,-0.05542595,-0.9955667,0.0,0.0,0.0,0.0,0.0,0.0,0.0,-0.5397089,-0.6129845,-2.816867,0.09270495,0.1718329,-2.926372,0.04578564,0.9904503,-0.07964238,0.1028063,9.623768,168.5122,4.323183,0.0378921,0.06853914,-0.9969269,-0.03537234,0.005089761,-0.1330956,-0.2524402,0.07332632,-4.451627,-0.110578,0.2751735,2.052885,-0.9746692,0.07432132,-0.210942,0.1070723,0.9831215,-0.1483495,0.1963561,-0.1671777,-0.966176,moving,-4.365038,3.186525,-3.08324,7.634553
05/11/2023 13:09:42.677370,1857,True,True,True,True,Eyes,0.09773238,0.1823273,-2.772258,0.08067108,-0.05609433,-0.9951611,0.0,0.0,0.0,0.0,0.0,0.0,0.0,-0.575933,-0.6338592,-2.817105,0.09141044,0.1711999,-2.938008,0.0454814,0.9895615,-0.08338092,0.108384,10.07168,167.8683,4.190045,0.03761814,0.06828229,-0.9969544,-0.03325,0.004784375,-0.1251098,-0.2396709,0.06909393,-4.464311,-0.1073797,0.2731457,2.052625,-0.9723687,0.07193895,-0.2220899,0.1080876,0.9819582,-0.1551622,0.2069207,-0.17488,-0.962601,moving,-4.634453,3.226182,-2.994605,7.579897
05/11/2023 13:09:42.697504,1858,True,True,True,True,Eyes,0.0979443,0.1817756,-2.78011,0.08562943,-0.05663062,-0.9947163,0.0,0.0,0.0,0.0,0.0,0.0,0.0,-0.6115366,-0.6196525,-2.82611,0.09010221,0.1709728,-2.950845,0.04551893,0.9891428,-0.0809325,0.1139065,9.815575,167.2199,4.167692,0.03737192,0.06801268,-0.9969817,-0.031255,0.004497312,-0.1176032,-0.2270706,0.06386535,-4.477082,-0.1040476,0.2710328,2.052354,-0.969907,0.07161196,-0.2327075,0.1084869,0.9827559,-0.1497378,0.2179716,-0.1704774,-0.9609508,moving,-4.920136,3.258413,-2.902224,7.522922
05/11/2023 13:09:42.717497,1859,True,True,True,True,Eyes,0.09804867,0.1812298,-2.788157,0.09077218,-0.05710293,-0.9942333,0.0,0.0,0.0,0.0,0.0,0.0,0.0,-0.6488785,-0.6105184,-2.832295,0.08865464,0.1707043,-2.962882,0.04515332,0.9885966,-0.07939269,0.1197285,9.659171,166.5346,4.087289,0.03714809,0.06773188,-0.9970089,-0.0293797,0.004227474,-0.1105471,-0.214628,0.06795473,-4.490362,-0.1008412,0.2689997,2.052093,-0.9672529,0.0702657,-0.2438961,0.108288,0.9833159,-0.1461624,0.2295567,-0.167787,-0.9587241,moving,-5.216567,3.287122,-2.813289,7.468068
05/11/2023 13:09:42.727936,1860,True,True,True,True,Eyes,0.09808492,0.1807122,-2.796382,0.0961475,-0.05745132,-0.9937077,0.0,0.0,0.0,0.0,0.0,0.0,0.0,-0.6873011,-0.6087093,-2.836628,0.08698662,0.1701789,-2.975373,0.04480518,0.987901,-0.07916754,0.1256059,9.652663,165.8453,3.992394,0.03694033,0.06744099,-0.997036,-0.02761691,0.003973825,-0.1039142,-0.201288,0.06928906,-4.503575,-0.09766033,0.2669826,2.051833,-0.9644314,0.06863834,-0.2552665,0.108414,0.98345,-0.1451638,0.241078,-0.1676749,-0.9559115,moving,-5.526526,3.308878,-2.72503,7.413622
05/11/2023 13:09:42.737357,1861,True,True,True,True,Eyes,0.09799725,0.1802757,-2.804801,0.1019354,-0.0580298,-0.993097,0.0,0.0,0.0,0.0,0.0,0.0,0.0,-0.7237011,-0.5959505,-2.84372,0.08520123,0.1703235,-2.988205,0.04506559,0.9873566,-0.07699345,0.1310275,9.430415,165.2115,4.000079,0.03674441,0.06714185,-0.9970631,-0.0259599,0.003735396,-0.09767938,-0.185959,0.06078059,-4.516613,-0.09450725,0.2649832,2.051577,-0.9616022,0.06881509,-0.2656812,0.1091681,0.9840822,-0.1402303,0.2518022,-0.1638496,-0.953808,moving,-5.86054,3.344171,-2.637504,7.359622
05/11/2023 13:09:42.757445,1862,True,True,True,True,Eyes,0.09786122,0.1799816,-2.813417,0.1079548,-0.05847136,-0.9924348,0.0,0.0,0.0,0.0,0.0,0.0,0.0,-0.7625101,-0.597214,-2.846819,0.08344419,0.1717282,-3.001001,0.04607747,0.986536,-0.07713074,0.1366549,9.484334,164.5641,4.060017,0.03655457,0.06683792,-0.9970902,0.0,0.0,0.0,-0.1684852,0.06650996,-4.5315,-0.09137669,0.2629981,2.051321,-0.9584046,0.06983356,-0.276738,0.1119948,0.9838554,-0.1395911,0.262522,-0.1647779,-0.9507527,moving,-6.208094,3.371802,-2.550571,7.305988
05/11/2023 13:09:42.777294,1863,True,True,True,True,Eyes,0.09764376,0.1798302,-2.822242,0.1143287,-0.05880516,-0.991701,0.0,0.0,0.0,0.0,0.0,0.0,0.0,-0.8015256,-0.5895786,-2.852133,0.08207931,0.174831,-3.014532,0.04654242,0.9858328,-0.07540169,0.1424164,9.318572,163.8925,4.084591,0.0363683,0.0665345,-0.9971171,0.0,0.0,0.0,-0.1504805,0.08333009,-4.546344,-0.08814114,0.2609468,2.051059,-0.955103,0.07028921,-0.2878162,0.1132429,0.9842967,-0.1354101,0.2737787,-0.1619237,-0.9480647,moving,-6.576339,3.39351,-2.460685,7.250525
05/11/2023 13:09:42.797629,1864,True,True,True,True,Eyes,0.09738918,0.1797877,-2.831241,0.1209398,-0.0589605,-0.9909073,0.0,0.0,0.0,0.0,0.0,0.0,0.0,-0.8434646,-0.5712785,-2.858449,0.08055986,0.1779846,-3.028259,0.04681402,0.9851575,-0.07188584,0.1486796,8.94918,163.1575,4.113686,0.03618221,0.06623626,-0.9971436,0.0,0.0,0.0,-0.1366846,0.08105832,-4.559529,-0.08502428,0.2589704,2.050806,-0.9514058,0.07086244,-0.2996762,0.1136143,0.9852818,-0.1277172,0.2862152,-0.1555583,-0.9454538,moving,-6.95851,3.405172,-2.374063,7.197065
05/11/2023 13:09:42.807944,1865,True,True,True,True,Eyes,0.09708957,0.1798648,-2.840414,0.1278523,-0.05935072,-0.9900158,0.0,0.0,0.0,0.0,0.0,0.0,0.0,-0.8839314,-0.560371,-2.86264,0.07933858,0.1805016,-3.041575,0.04616618,0.9844055,-0.06962661,0.1548123,8.706665,162.4315,4.022182,0.03599486,0.06594627,-0.9971694,0.0,0.0,0.0,-0.1226928,0.08489933,-4.573691,-0.08179657,0.2569237,2.050543,-0.9478037,0.06933436,-0.3112248,0.1124506,0.9860417,-0.1227874,0.2983672,-0.1513758,-0.9423707,moving,-7.358545,3.430734,-2.284329,7.141682
05/11/2023 13:09:42.827799,1866,True,True,True,True,Eyes,0.09676584,0.1800113,-2.84974,0.1350512,-0.05952023,-0.9890493,0.0,0.0,0.0,0.0,0.0,0.0,0.0,-0.928561,-0.5625584,-2.862438,0.0784064,0.1834061,-3.054908,0.04628595,0.9833229,-0.0696561,0.1614992,8.73932,161.6501,3.975749,0.0358047,0.06566766,-0.9971945,0.0,0.0,0.0,-0.1076875,0.1041404,-4.587511,-0.0785802,0.2548844,2.050282,-0.9435514,0.06852926,-0.3240598,0.1135269,0.9860113,-0.1220386,0.3111634,-0.1519391,-0.9381323,moving,-7.775448,3.443862,-2.194874,7.086466
05/11/2023 13:09:42.837309,1867,True,True,True,True,Eyes,0.09639601,0.1802178,-2.859186,0.1425038,-0.06022356,-0.9879605,0.0,0.0,0.0,0.0,0.0,0.0,0.0,-0.9747183,-0.5460074,-2.864448,0.07742058,0.1851744,-3.068057,0.04634622,0.9823443,-0.06675909,0.1685081,8.440383,160.8262,3.974222,0.03561114,0.06540147,-0.9972188,0.0,0.0,0.0,-0.09153411,0.08598241,-4.599432,-0.07539527,0.2528648,2.050023,-0.9389144,0.06855699,-0.337254,0.1135548,0.9867905,-0.1155414,0.3248779,-0.1467802,-0.9342968,moving,-8.207753,3.488289,-2.106261,7.03176
05/11/2023 13:09:42.857447,1868,True,True,True,True,Eyes,0.09601741,0.1804698,-2.868754,0.1502086,-0.06104734,-0.9867678,0.0,0.0,0.0,0.0,0.0,0.0,0.0,-1.02295,-0.5631254,-2.857584,0.07642043,0.1868284,-3.080354,0.04644539,0.9808772,-0.06956338,0.175737,8.788685,159.9823,3.867925,0.03541289,0.06514839,-0.9972425,0.0,0.0,0.0,-0.07505354,0.08968057,-4.612754,-0.07208344,0.2507648,2.049754,-0.9339185,0.06666473,-0.3512147,0.1155642,0.9860076,-0.1201419,0.3382911,-0.1527906,-0.9285548,moving,-8.655284,3.540147,-2.014084,6.974849
05/11/2023 13:09:42.877906,1869,True,True,True,True,Eyes,0.09562031,0.180763,-2.878418,0.1580123,-0.06227249,-0.9854715,0.0,0.0,0.0,0.0,0.0,0.0,0.0,-1.069207,-0.5749627,-2.852045,0.07575069,0.1881748,-3.093024,0.0453793,0.9795067,-0.07131016,0.1828176,8.99161,159.1425,3.646862,0.03521014,0.06490852,-0.9972652,0.0,0.0,0.0,-0.06011039,0.09563752,-4.624898,-0.06896004,0.2487843,2.0495,-0.9290371,0.06282514,-0.3646142,0.1149722,0.9857112,-0.1231053,0.3516702,-0.1562898,-0.9229854,moving,-9.109374,3.615744,-1.927118,6.921147
05/11/2023 13:09:42.897610,1870,True,True,True,True,Eyes,0.09523983,0.1811248,-2.888169,0.1659423,-0.06380963,-0.9840689,0.0,0.0,0.0,0.0,0.0,0.0,0.0,-1.11069,-0.5953838,-2.845144,0.07504328,0.1894675,-3.105065,0.0434738,0.9781603,-0.07429565,0.1891895,9.311139,158.3762,3.30763,0.03500275,0.06468182,-0.9972872,0.0,0.0,0.0,-0.04631596,0.08150247,-4.635692,-0.0657116,0.2467245,2.049235,-0.9246348,0.05693678,-0.3765751,0.1131606,0.9851804,-0.1288965,0.3636555,-0.1617957,-0.917375,moving,-9.571668,3.710016,-1.836641,6.865272
05/11/2023 13:09:42.907947,1871,True,True,True,True,Eyes,0.09484006,0.1815614,-2.89804,0.1739683,-0.06532106,-0.9825824,0.0,0.0,0.0,0.0,0.0,0.0,0.0,-1.149494,-0.6240112,-2.836802,0.07500169,0.1915274,-3.117027,0.04305885,0.9766958,-0.07871766,0.1949743,9.820213,157.6883,3.107484,0.03479182,0.06446923,-0.9973084,0.0,0.0,0.0,-0.03030314,0.08947155,-4.64818,-0.0626819,0.2448032,2.048987,-0.9202622,0.05341494,-0.3876401,0.1148066,0.983899,-0.1369757,0.3740822,-0.1705571,-0.9115774,moving,-10.04029,3.803367,-1.752226,6.813132
05/11/2023 13:09:42.927822,1872,True,True,True,True,Eyes,0.09447796,0.1820396,-2.907972,0.1821929,-0.06662019,-0.9810033,0.0,0.0,0.0,0.0,0.0,0.0,0.0,-1.190303,-0.6111875,-2.836483,0.07542727,0.1936468,-3.129348,0.04366251,0.9756075,-0.07644102,0.2010978,9.596804,156.9718,3.165686,0.03457705,0.06427168,-0.9973286,0.0,0.0,0.0,-0.01442323,0.09826138,-4.659791,-0.05941883,0.2427343,2.048723,-0.9153066,0.0544507,-0.3990602,0.1159392,0.9845007,-0.131592,0.3857098,-0.1667137,-0.9074329,moving,-10.52115,3.885007,-1.661276,6.756948
05/11/2023 13:09:42.947704,1873,True,True,True,True,Eyes,0.09412141,0.182534,-2.918,0.1904729,-0.06777329,-0.9793503,0.0,0.0,0.0,0.0,0.0,0.0,0.0,-1.234529,-0.5944847,-2.833983,0.07589468,0.1951105,-3.140876,0.04544118,0.9743373,-0.07393897,0.2076893,9.378649,156.2096,3.360662,0.03436022,0.06408902,-0.997348,0.0,0.0,0.0,0.0006044097,0.09675408,-4.670805,-0.05633314,0.2407777,2.048472,-0.9096005,0.0578374,-0.4114387,0.1192627,0.9849362,-0.1252077,0.3979992,-0.1629583,-0.9027963,moving,-11.006,3.958688,-1.575241,6.703792
05/11/2023 13:09:42.963378,1874,True,True,True,True,Eyes,0.09381993,0.1830124,-2.928084,0.1989233,-0.06865308,-0.9776074,0.0,0.0,0.0,0.0,0.0,0.0,0.0,-1.280379,-0.5735301,-2.831265,0.07672645,0.1958852,-3.152795,0.04711871,0.9729859,-0.07088128,0.214602,9.099911,155.4071,3.557496,0.03414179,0.06392013,-0.9973664,0.0,0.0,0.0,0.01511016,0.1033116,-4.682085,-0.05295955,0.2386385,2.048197,-0.9034516,0.06126916,-0.4242891,0.1221142,0.9855113,-0.1177094,0.4109297,-0.1581565,-0.8978435,moving,-11.50151,4.017036,-1.481148,6.645654
05/11/2023 13:09:42.977621,1875,True,True,True,True,Eyes,0.09353176,0.1834801,-2.938231,0.2073833,-0.06970206,-0.9757735,0.0,0.0,0.0,0.0,0.0,0.0,0.0,-1.321818,-0.5515015,-2.8295,0.07766831,0.1959393,-3.164332,0.04787453,0.9717677,-0.06758396,0.2209258,8.772137,154.6649,3.665509,0.03392387,0.063763,-0.997384,0.0,0.0,0.0,0.03038544,0.1072655,-4.692769,-0.04971328,0.2365801,2.047934,-0.8977998,0.06318375,-0.4358483,0.1229079,0.9862809,-0.1101984,0.4229061,-0.1525052,-0.8932486,moving,-11.99867,4.085848,-1.390573,6.589678
05/11/2023 13:09:42.997641,1876,True,True,True,True,Eyes,0.09333955,0.1839575,-2.948418,0.2159641,-0.07071249,-0.9738374,0.0,0.0,0.0,0.0,0.0,0.0,0.0,-1.361083,-0.5544134,-2.822814,0.0789457,0.1960794,-3.175456,0.04946132,0.9702787,-0.06853644,0.2267502,8.941713,153.9872,3.767027,0.03370696,0.06361599,-0.9974008,0.0,0.0,0.0,0.04699501,0.1103141,-4.703098,-0.04653101,0.2345622,2.047674,-0.8922758,0.06490122,-0.4468016,0.1270638,0.9857126,-0.1105681,0.433242,-0.1554296,-0.8877742,moving,-12.5039,4.153085,-1.301756,6.534779
05/11/2023 13:09:43.007956,1877,True,True,True,True,Eyes,0.09318998,0.1844531,-2.958667,0.2245951,-0.07170133,-0.9718106,0.0,0.0,0.0,0.0,0.0,0.0,0.0,-1.400381,-0.5490364,-2.817418,0.08098108,0.1968003,-3.1867,0.05092138,0.9688274,-0.06802692,0.2327078,8.946508,153.2918,3.889505,0.0334943,0.06347837,-0.9974169,0.0,0.0,0.0,0.06204952,0.1089121,-4.713212,-0.04344101,0.232603,2.047424,-0.8865084,0.06700728,-0.4578354,0.1303289,0.9855587,-0.1081131,0.4439793,-0.1555123,-0.8824391,moving,-13.01315,4.219704,-1.215485,6.481449
05/11/2023 13:09:43.027811,1878,True,True,True,True,Eyes,0.09237154,0.196377,-3.215249,0.4391061,-0.0939832,-0.893506,0.0,0.0,0.0,0.0,0.0,0.0,0.0,-1.442178,-0.53984,-2.810684,0.0833426,0.1975899,-3.197695,0.05144949,0.9672876,-0.0667344,0.2392787,8.842813,152.5147,3.922656,0.03328694,0.06334971,-0.9974321,0.0,0.0,0.0,0.07580937,0.1094495,-4.723403,-0.04029751,0.2306097,2.047167,-0.8801976,0.06759667,-0.4697695,0.1314691,0.9857989,-0.1044812,0.4560356,-0.1537242,-0.8765848,moving,-26.17143,6.004563,-1.127695,6.427173
05/11/2023 13:09:43.037843,1879,True,True,True,True,Eyes,0.09247226,0.1963669,-3.215682,0.4393991,-0.09408163,-0.8933517,0.0,0.0,0.0,0.0,0.0,0.0,0.0,-1.485306,-0.5375208,-2.800935,0.08601493,0.1976192,-3.208401,0.0514856,0.9655622,-0.06660295,0.2461767,8.856931,151.6931,3.866792,0.03266533,0.06303617,-0.9974729,-0.002455316,0.03577182,-0.7697453,0.08904333,0.1164875,-4.733559,-0.03716212,0.2286216,2.046912,-0.8734927,0.06663291,-0.4822561,0.1322173,0.9858266,-0.1032695,0.4685397,-0.1539677,-0.8699223,moving,-26.19048,6.011836,-1.040102,6.373007
05/11/2023 13:09:43.057645,1880,True,True,True,True,Eyes,0.09270389,0.1963532,-3.216498,0.4401452,-0.09444618,-0.8929458,0.0,0.0,0.0,0.0,0.0,0.0,0.0,-1.526871,-0.5370793,-2.790922,0.0889694,0.1973539,-3.219033,0.05094532,0.9638433,-0.06667213,0.252914,8.875769,150.8845,3.741983,0.03214754,0.06277066,-0.9975068,-0.002307998,0.03362551,-0.7235606,0.1012902,0.1099705,-4.742813,-0.03400739,0.2266213,2.046656,-0.8668781,0.06448198,-0.4943321,0.1319312,0.9859188,-0.1027534,0.4807456,-0.1542925,-0.8631787,moving,-26.23932,6.037683,-0.9519432,6.318485
05/11/2023 13:09:43.077630,1881,True,True,True,True,Eyes,0.09307724,0.1963478,-3.21769,0.4410721,-0.09506714,-0.8924224,2.04119,0.9933892,0.00229764,-5.039294,-0.9310644,-0.168439,0.3236467,0.1289012,0.1243902,2.023552,0.0922523,0.1973097,-3.229108,0.05118796,0.9618867,-0.0698273,0.25938,9.258337,150.1103,3.616163,0.03171884,0.06254385,-0.997535,-0.002169518,0.03160798,-0.680147,0.1127092,0.09649428,-4.751912,-0.03075266,0.2245574,2.046391,-0.8602039,0.06225043,-0.5061371,0.1346977,0.9850079,-0.1077776,0.4918398,-0.1608862,-0.8556926,moving,-26.30049,6.08062,-0.8609623,6.262206
05/11/2023 13:09:43.087462,1882,True,True,True,True,Eyes,0.09360072,0.1963317,-3.219215,0.4424375,-0.09588148,-0.8916591,0.0,0.0,0.0,0.0,0.0,0.0,0.0,-1.607287,-0.5689259,-2.763076,0.0960854,0.1975678,-3.239346,0.05122761,0.9599295,-0.0722863,0.2658681,9.55644,149.3294,3.483189,0.03136891,0.06234884,-0.9975579,-0.002039347,0.0297115,-0.6393382,0.1238378,0.09411324,-4.761325,-0.027572,0.2225406,2.046132,-0.8533801,0.05991255,-0.5178353,0.136787,0.9843009,-0.1115399,0.5030231,-0.1660191,-0.848178,moving,-26.39042,6.13752,-0.7720243,6.207182
05/11/2023 13:09:43.107631,1883,True,True,True,True,Eyes,0.09428312,0.1962906,-3.221041,0.4439057,-0.09698777,-0.8908092,0.0,0.0,0.0,0.0,0.0,0.0,0.0,-1.647037,-0.5834132,-2.747977,0.1001196,0.1973409,-3.248924,0.05111733,0.9578987,-0.07485411,0.2724223,9.860873,148.5359,3.325223,0.03108995,0.06217959,-0.997577,-0.001916986,0.02792881,-0.6009779,0.1346904,0.08194052,-4.769685,-0.02433152,0.2204861,2.045869,-0.8463463,0.05714661,-0.5295586,0.1387143,0.9835678,-0.1155543,0.5142533,-0.1712563,-0.840366,moving,-26.48787,6.213662,-0.6813866,6.151103
05/11/2023 13:09:43.127807,1884,True,True,True,True,Eyes,0.09513427,0.1962246,-3.223162,0.4457696,-0.09827007,-0.8897373,0.0,0.0,0.0,0.0,0.0,0.0,0.0,-1.686211,-0.6045508,-2.730793,0.104301,0.1968262,-3.258282,0.05173602,0.955717,-0.07872854,0.2788015,10.33089,147.7637,3.204325,0.03087568,0.06203038,-0.997593,-0.001801967,0.02625308,-0.5649192,0.1460509,0.0702043,-4.778194,-0.02120494,0.2185036,2.045616,-0.8391863,0.05499071,-0.5410568,0.1427892,0.9822504,-0.1216362,0.5247644,-0.1793325,-0.8321431,moving,-26.61145,6.302682,-0.593909,6.096962
05/11/2023 13:09:43.137399,1885,True,True,True,True,Eyes,0.09613889,0.1961264,-3.225557,0.4477914,-0.09953956,-0.8885802,0.0,0.0,0.0,0.0,0.0,0.0,0.0,-1.724586,-0.6155115,-2.715536,0.1091195,0.1962075,-3.267534,0.052751,0.9536033,-0.0810733,0.285106,10.6438,147.0046,3.171798,0.03072146,0.06189637,-0.9976062,-0.001693849,0.0246779,-0.5310241,0.1577596,0.05430084,-4.78598,-0.01802365,0.2164864,2.045358,-0.8318642,0.0543781,-0.5523093,0.146836,0.9812889,-0.1245443,0.5352026,-0.1847028,-0.8242837,moving,-26.74538,6.391678,-0.5048762,6.041852
05/11/2023 13:09:43.157647,1886,True,True,True,True,Eyes,0.09731036,0.1960045,-3.228208,0.4502265,-0.1010016,-0.8871837,0.0,0.0,0.0,0.0,0.0,0.0,0.0,-1.764075,-0.6224045,-2.69939,0.1140678,0.195372,-3.276412,0.0545922,0.9513808,-0.08305965,0.2915398,10.94545,146.2361,3.23738,0.03062304,0.06177322,-0.9976171,-0.001592218,0.02319722,-0.4991626,0.170386,0.04177277,-4.793901,-0.01476153,0.2144177,2.04509,-0.8240485,0.05544554,-0.5637996,0.1523063,0.9802417,-0.1262111,0.5456619,-0.1898743,-0.8162112,moving,-26.90681,6.494886,-0.4135556,5.985314
05/11/2023 13:09:43.177845,1887,True,True,True,True,Eyes,0.09863776,0.1958621,-3.231124,0.4529027,-0.1023324,-0.8856677,0.0,0.0,0.0,0.0,0.0,0.0,0.0,-1.807031,-0.6286766,-2.68041,0.119155,0.1947387,-3.285281,0.05732425,0.9488785,-0.08523916,0.2984591,11.30204,145.4143,3.385391,0.03056821,0.06165361,-0.9976264,-0.001496685,0.02180539,-0.4692129,0.1851429,0.03882007,-4.802376,-0.01147193,0.2123317,2.044822,-0.8152721,0.0579067,-0.5761753,0.1596683,0.9788964,-0.1275453,0.5566302,-0.1959811,-0.8073128,moving,-27.08378,6.590881,-0.3214396,5.928276
05/11/2023 13:09:43.197595,1888,True,True,True,True,Eyes,0.1001464,0.1956867,-3.234277,0.4559245,-0.1037604,-0.8839495,0.0,0.0,0.0,0.0,0.0,0.0,0.0,-1.847148,-0.6307629,-2.663672,0.1247842,0.1940586,-3.294197,0.0584134,0.9465694,-0.08626909,0.3052081,11.47708,144.5983,3.388528,0.03055712,0.06153607,-0.9976342,-0.001406884,0.02049707,-0.4410601,0.2006759,0.03823297,-4.81113,-0.008193426,0.210253,2.044556,-0.8068718,0.05792461,-0.5878798,0.1632447,0.978291,-0.1276629,0.5677227,-0.1989758,-0.7988114,moving,-27.28383,6.694901,-0.2296079,5.871403
05/11/2023 13:09:43.207446,1889,True,True,True,True,Eyes,0.1017955,0.1954982,-3.237672,0.4590746,-0.1049336,-0.8821789,0.0,0.0,0.0,0.0,0.0,0.0,0.0,-1.884394,-0.6352808,-2.647714,0.1305541,0.1931238,-3.303114,0.05940136,0.9443327,-0.08767247,0.3114815,11.68839,143.8355,3.370459,0.03059069,0.06141893,-0.9976406,-0.001322471,0.01926724,-0.4145965,0.21685,0.04133259,-4.82019,-0.004896224,0.2081622,2.044288,-0.7989016,0.05757258,-0.5987002,0.166806,0.9775701,-0.1285791,0.5778686,-0.2025888,-0.7905858,moving,-27.49189,6.783359,-0.1372274,5.814174
05/11/2023 13:09:43.227764,1890,True,True,True,True,Eyes,0.1036614,0.1952833,-3.241267,0.4625402,-0.1059693,-0.8802426,0.0,0.0,0.0,0.0,0.0,0.0,0.0,-1.917414,-0.6334238,-2.635197,0.1365935,0.1924979,-3.311532,0.0605805,0.9423612,-0.08801386,0.3170789,11.78848,143.1596,3.418015,0.03066845,0.06130133,-0.9976456,-0.001243122,0.01811121,-0.3897207,0.2332367,0.04398081,-4.829148,-0.001766101,0.2061774,2.044032,-0.7915823,0.05836276,-0.6082695,0.1699921,0.9771671,-0.1274641,0.5869418,-0.2042993,-0.7834294,moving,-27.72054,6.864604,-0.04950514,5.759829
05/11/2023 13:09:43.247330,1891,True,True,True,True,Eyes,0.1057186,0.195037,-3.245054,0.4661306,-0.106669,-0.8782619,0.0,0.0,0.0,0.0,0.0,0.0,0.0,-1.951478,-0.6187324,-2.624614,0.1435647,0.1916291,-3.319994,0.06158694,0.940429,-0.08629739,0.3230374,11.65996,142.444,3.517171,0.03079237,0.06118213,-0.9976491,-0.001168535,0.01702453,-0.3663375,0.2499988,0.04486183,-4.837877,0.001735017,0.2039573,2.043747,-0.7837081,0.06008173,-0.6182171,0.1715909,0.9775196,-0.1225234,0.5969579,-0.2021029,-0.7763995,moving,-27.95677,6.924922,0.04864062,5.699008
05/11/2023 13:09:43.257650,1892,True,True,True,True,Eyes,0.1079948,0.1947371,-3.249013,0.4700378,-0.1072815,-0.8761023,0.0,0.0,0.0,0.0,0.0,0.0,0.0,-1.986965,-0.6031686,-2.612382,0.1502998,0.1905648,-3.328284,0.06283083,0.9383624,-0.08459844,0.3291984,11.54489,141.7042,3.640821,0.03096338,0.06106021,-0.9976513,-0.001098423,0.01600306,-0.3443572,0.2683426,0.04596235,-4.846555,0.004532889,0.2021834,2.043521,-0.7753615,0.06221683,-0.6284455,0.1736155,0.9777908,-0.1174004,0.607184,-0.2001356,-0.7689432,moving,-28.21401,6.981291,0.1270919,5.650384
05/11/2023 13:09:43.278040,1893,True,True,True,True,Eyes,0.1104694,0.1943812,-3.253148,0.4740564,-0.1077533,-0.8738763,0.0,0.0,0.0,0.0,0.0,0.0,0.0,-2.02225,-0.5890287,-2.599228,0.1577276,0.1889649,-3.336442,0.06398725,0.936194,-0.08319919,0.3354465,11.46152,140.9497,3.743691,0.03118319,0.06093389,-0.9976521,-0.001032518,0.01504288,-0.3236958,0.2866668,0.04530658,-4.854798,0.007817939,0.2001004,2.043254,-0.7667627,0.06399121,-0.6387334,0.1756267,0.977967,-0.1128526,0.6174387,-0.1987098,-0.7611071,moving,-28.47875,7.029376,0.2192252,5.593269
05/11/2023 13:09:43.297796,1894,True,True,True,True,Eyes,0.1131671,0.1939642,-3.257416,0.4783203,-0.1083191,-0.8714796,0.0,0.0,0.0,0.0,0.0,0.0,0.0,-2.056309,-0.5831031,-2.584563,0.1652464,0.1872211,-3.34455,0.06504033,0.933944,-0.08310299,0.3414856,11.51636,140.2134,3.787777,0.03145265,0.06080161,-0.9976515,-0.0009705666,0.01414031,-0.304274,0.3053837,0.04404584,-4.863154,0.01083957,0.1981842,2.043007,-0.7583149,0.06473109,-0.6486668,0.178245,0.9777273,-0.1108064,0.6270467,-0.1996477,-0.7529632,moving,-28.76062,7.085146,0.3039909,5.540706
05/11/2023 13:09:43.307687,1895,True,True,True,True,Eyes,0.116088,0.1934848,-3.261797,0.4828544,-0.1092201,-0.8688628,0.0,0.0,0.0,0.0,0.0,0.0,0.0,-2.087611,-0.5843319,-2.569287,0.1732038,0.1853615,-3.35208,0.06579632,0.9317048,-0.08404876,0.3471782,11.67169,139.5111,3.761428,0.0317733,0.06066189,-0.9976496,-0.0009123326,0.01329189,-0.2860176,0.3248484,0.03914768,-4.870863,0.01394801,0.1962134,2.042754,-0.7502763,0.0642457,-0.6579955,0.1809653,0.9772133,-0.1109312,0.635875,-0.2023034,-0.7448063,moving,-29.06231,7.164762,0.3912118,5.48662
05/11/2023 13:09:43.332192,1896,True,True,True,True,Eyes,0.1192453,0.1929516,-3.26628,0.4876145,-0.1102247,-0.8660731,0.0,0.0,0.0,0.0,0.0,0.0,0.0,-2.118207,-0.5878865,-2.553208,0.181342,0.1834291,-3.359277,0.06669969,0.9294102,-0.08542856,0.3527751,11.87963,138.8181,3.732764,0.0321465,0.06051341,-0.9976462,-0.0008575927,0.01249437,-0.2688565,0.3436466,0.03280246,-4.878675,0.01754105,0.193935,2.042461,-0.7422023,0.06370861,-0.6671415,0.1842569,0.9765062,-0.1117364,0.6443492,-0.2058563,-0.7365038,moving,-29.38028,7.253014,0.4920551,5.424065
05/11/2023 13:09:43.337376,1897,True,True,True,True,Eyes,0.1226617,0.1923705,-3.270845,0.492624,-0.1113259,-0.8630922,0.0,0.0,0.0,0.0,0.0,0.0,0.0,-2.149536,-0.5898762,-2.536236,0.1900831,0.1816344,-3.366277,0.06777684,0.9269972,-0.08661473,0.3585811,12.0749,138.0992,3.725632,0.03257241,0.06035586,-0.9976422,-0.0008061371,0.01174471,-0.2527251,0.3639688,0.03018434,-4.886569,0.02032042,0.1921723,2.042233,-0.7336519,0.06354108,-0.6765484,0.1877747,0.9758083,-0.1119762,0.6530664,-0.2091902,-0.7278351,moving,-29.71627,7.349711,0.5700796,5.375652
05/11/2023 13:09:43.357651,1898,True,True,True,True,Eyes,0.1263191,0.1917451,-3.275497,0.4978589,-0.1123504,-0.8599499,0.0,0.0,0.0,0.0,0.0,0.0,0.0,-2.181128,-0.5836031,-2.52045,0.1992367,0.1797655,-3.373214,0.06845541,0.9246278,-0.08637594,0.3645771,12.10159,137.3573,3.730062,0.03305604,0.06018754,-0.9976367,-0.0007577689,0.01104003,-0.2375616,0.3829397,0.02543395,-4.89415,0.02351451,0.1901473,2.041975,-0.7247947,0.06361016,-0.6860222,0.1895729,0.9757061,-0.1098166,0.6623705,-0.2096457,-0.7192454,moving,-30.06824,7.443397,0.6597643,5.320002
05/11/2023 13:09:43.377472,1899,True,True,True,True,Eyes,0.130199,0.1910769,-3.280259,0.5032309,-0.113427,-0.8566755,0.0,0.0,0.0,0.0,0.0,0.0,0.0,-2.212314,-0.5725653,-2.505532,0.2085825,0.1780728,-3.380035,0.06921115,0.9222918,-0.08538137,0.370537,12.05108,136.6224,3.775251,0.03359662,0.06000876,-0.9976296,-0.0007123027,0.01037763,-0.2233079,0.4001923,0.02347873,-4.902355,0.02676091,0.1880886,2.041711,-0.7158244,0.06439184,-0.6953051,0.1909396,0.9758397,-0.1062025,0.6716678,-0.2087836,-0.7108248,moving,-30.43096,7.542305,0.7509383,5.263405
05/11/2023 13:09:43.387613,1900,True,True,True,True,Eyes,0.1343363,0.1903685,-3.285086,0.5087506,-0.1144173,-0.8532769,0.0,0.0,0.0,0.0,0.0,0.0,0.0,-2.241035,-0.5615333,-2.492329,0.2184228,0.1764387,-3.386801,0.06986594,0.9200745,-0.08430284,0.3761313,11.98686,135.931,3.818612,0.03419535,0.05981896,-0.997621,-0.0006695646,0.00975497,-0.2099095,0.4169811,0.01961481,-4.910302,0.03015578,0.1859361,2.041435,-0.707288,0.06514585,-0.7039174,0.1919816,0.9760236,-0.1025722,0.6803578,-0.2076873,-0.7028365,moving,-30.80473,7.637325,0.8463033,5.204202
05/11/2023 13:09:43.407774,1901,True,True,True,True,Eyes,0.1387194,0.1896334,-3.28999,0.5142826,-0.1153954,-0.8498219,0.0,0.0,0.0,0.0,0.0,0.0,0.0,-2.266501,-0.5526727,-2.480864,0.2286507,0.1747565,-3.393278,0.07007937,0.9180255,-0.08337355,0.3812702,11.91828,135.2906,3.814575,0.03485489,0.05961761,-0.9976104,-0.0006293907,0.009169672,-0.1973149,0.4354931,0.01440081,-4.917978,0.0331817,0.1840178,2.04119,-0.6994439,0.06509358,-0.7117171,0.192245,0.9762755,-0.09963974,0.688346,-0.2065164,-0.6953639,moving,-31.18087,7.732773,0.9313213,5.151414
05/11/2023 13:09:43.427414,1902,True,True,True,True,Eyes,0.2549419,0.1708035,-3.413504,0.6469468,-0.1376589,-0.7500066,0.0,0.0,0.0,0.0,0.0,0.0,0.0,-2.288938,-0.5497026,-2.470445,0.2393107,0.1733012,-3.399589,0.06986492,0.9161002,-0.08313722,0.385963,11.90296,134.6976,3.740253,0.03557506,0.05940535,-0.9975979,-0.0005916273,0.008619491,-0.185476,0.4547528,0.01066901,-4.925377,0.03682417,0.1817081,2.040894,-0.6923029,0.06383075,-0.7187784,0.1921823,0.9764142,-0.09839351,0.6955449,-0.2062546,-0.6882415,moving,-40.78067,10.40051,1.033685,5.087834
05/11/2023 13:09:43.437375,1903,True,True,True,True,Eyes,0.2553805,0.1707779,-3.413784,0.6470903,-0.137639,-0.7498865,0.0,0.0,0.0,0.0,0.0,0.0,0.0,-2.307644,-0.5480226,-2.462479,0.250267,0.1721196,-3.40545,0.0699155,0.9143842,-0.08308933,0.3900123,11.91656,134.1863,3.69448,0.0404245,0.0582134,-0.9974836,0.3481114,-0.04838719,-0.5448892,0.4741161,0.01055416,-4.933063,0.03955936,0.1799736,2.040672,-0.6860046,0.06304755,-0.7248606,0.192671,0.9764159,-0.09741533,0.7016237,-0.2064869,-0.6819733,moving,-40.79149,10.40067,1.110566,5.040064
05/11/2023 13:09:43.457732,1904,True,True,True,True,Eyes,0.2562683,0.1707248,-3.414277,0.6474653,-0.1375203,-0.7495845,0.0,0.0,0.0,0.0,0.0,0.0,0.0,-2.325433,-0.5389801,-2.457487,0.2619182,0.1713545,-3.411659,0.07079842,0.9127756,-0.08206531,0.3938189,11.86334,133.7177,3.785336,0.04448947,0.05721534,-0.9973685,0.3272247,-0.04548396,-0.5121959,0.4911058,-0.007899977,-4.939222,0.04291388,0.1778463,2.040397,-0.6797883,0.0646084,-0.7305567,0.1938839,0.9765057,-0.09405093,0.7073164,-0.205578,-0.6763437,moving,-40.81933,10.39599,1.204874,4.981459
05/11/2023 13:09:43.477379,1905,True,True,True,True,Eyes,0.2575888,0.1706584,-3.414977,0.6479464,-0.1373955,-0.7491916,0.0,0.0,0.0,0.0,0.0,0.0,0.0,-2.341114,-0.5252561,-2.454624,0.2735162,0.170612,-3.417305,0.07168577,0.9113516,-0.08028417,0.397308,11.72982,133.2924,3.915946,0.04791873,0.05637681,-0.9972574,0.3075912,-0.04275492,-0.4814641,0.5091029,-0.0007564798,-4.948376,0.04615074,0.1757939,2.040134,-0.6740149,0.06686682,-0.7356851,0.194457,0.9768311,-0.08937157,0.7126642,-0.2032969,-0.6714014,moving,-40.85524,10.3921,1.295891,4.924886
05/11/2023 13:09:43.487614,1906,True,True,True,True,Eyes,0.2593392,0.1706238,-3.415867,0.6485825,-0.1372758,-0.7486629,0.0,0.0,0.0,0.0,0.0,0.0,0.0,-2.354536,-0.5161268,-2.452625,0.2853742,0.1701741,-3.422747,0.07248028,0.9100266,-0.07910983,0.4004249,11.65569,132.9095,4.014357,0.05083594,0.05566958,-0.9971528,0.2891357,-0.04018963,-0.4525763,0.5280473,0.002795711,-4.955991,0.04930952,0.1737913,2.03988,-0.6688133,0.06856287,-0.7402624,0.195273,0.9769765,-0.08593825,0.7173268,-0.2020299,-0.6668034,moving,-40.90307,10.39041,1.384727,4.86966
05/11/2023 13:09:43.516431,1907,True,True,True,True,Eyes,0.2615146,0.1706943,-3.41696,0.649386,-0.1372004,-0.7479798,0.0,0.0,0.0,0.0,0.0,0.0,0.0,-2.366345,-0.509209,-2.451834,0.2973886,0.1708935,-3.428225,0.07419914,0.9087679,-0.07839463,0.4031002,11.67175,132.588,4.196127,0.05334411,0.0550715,-0.9970551,0.2717876,-0.03777825,-0.4254217,0.5466697,0.0007077456,-4.963405,0.05251297,0.1717599,2.039618,-0.6640097,0.07165781,-0.7442827,0.1980614,0.9766976,-0.08266568,0.7210155,-0.2023044,-0.6627293,moving,-40.96408,10.3941,1.474838,4.813623
05/11/2023 13:09:43.528238,1908,True,True,True,True,Eyes,0.2641217,0.1708576,-3.418228,0.6504182,-0.1367845,-0.7471588,0.0,0.0,0.0,0.0,0.0,0.0,0.0,-2.378222,-0.4970918,-2.452276,0.3101245,0.1733947,-3.433723,0.07629424,0.9075304,-0.0767158,0.4058109,11.60515,132.2692,4.462409,0.05563278,0.05454047,-0.9969593,0.2554803,-0.03551156,-0.3998964,0.5632874,0.006840616,-4.971999,0.05607811,0.1694992,2.039329,-0.6589934,0.07621446,-0.7482774,0.2007429,0.9765877,-0.07732175,0.7248655,-0.2011659,-0.6588644,moving,-41.04029,10.37442,1.575141,4.75123
05/11/2023 13:09:43.537611,1909,True,True,True,True,Eyes,0.2671371,0.1711214,-3.419647,0.6518497,-0.1366289,-0.7459386,0.0,0.0,0.0,0.0,0.0,0.0,0.0,-2.392959,-0.4647624,-2.453838,0.3230137,0.1756882,-3.43924,0.07729893,0.9062996,-0.07160815,0.40929,11.13213,131.8562,4.764347,0.05776476,0.05406504,-0.996864,0.2401515,-0.03338086,-0.3759026,0.5812213,0.004915446,-4.979376,0.05877033,0.1677922,2.039109,-0.6530132,0.08149498,-0.7529492,0.198729,0.9777943,-0.06652147,0.7308084,-0.1930722,-0.654708,moving,-41.14907,10.37946,1.650897,4.704101
05/11/2023 13:09:43.557743,1910,True,True,True,True,Eyes,0.2705527,0.1715073,-3.42124,0.6534937,-0.1364257,-0.7445361,0.0,0.0,0.0,0.0,0.0,0.0,0.0,-2.410527,-0.4471784,-2.44913,0.335584,0.1783592,-3.444477,0.07857464,0.9046346,-0.0689257,0.4131724,10.93148,131.3816,4.978444,0.05976778,0.05364224,-0.9967689,0.2257424,-0.03137801,-0.3533485,0.5998877,0.01222567,-4.98777,0.06193995,0.1657826,2.038852,-0.646229,0.08520628,-0.7583717,0.1991191,0.9781505,-0.05977541,0.7367084,-0.1896349,-0.6490755,moving,-41.27405,10.38345,1.7401,4.648593
05/11/2023 13:09:43.577748,1911,True,True,True,True,Eyes,0.2743349,0.1719516,-3.422999,0.6554978,-0.1360448,-0.7428421,0.0,0.0,0.0,0.0,0.0,0.0,0.0,-2.43025,-0.4334784,-2.44231,0.348519,0.1816483,-3.45028,0.08081815,0.9026989,-0.0671298,0.4172491,10.87334,130.8851,5.251779,0.06166527,0.05327017,-0.9966733,0.2121979,-0.02949533,-0.3321476,0.6206123,0.02679645,-4.996095,0.06519079,0.1637211,2.038587,-0.6387434,0.08988921,-0.7641513,0.2019286,0.977924,-0.05375337,0.7424501,-0.1886386,-0.6427937,moving,-41.42579,10.37819,1.831604,4.591631
05/11/2023 13:09:43.587599,1912,True,True,True,True,Eyes,0.2784318,0.1724176,-3.424888,0.6576164,-0.1358826,-0.740997,0.0,0.0,0.0,0.0,0.0,0.0,0.0,-2.444691,-0.3957532,-2.444317,0.3610831,0.1833976,-3.455981,0.08067171,0.9015123,-0.06093412,0.4207785,10.23906,130.451,5.491471,0.06347869,0.05294504,-0.9965769,0.199466,-0.02772561,-0.3122187,0.6409087,0.03614565,-5.003565,0.06835312,0.1617157,2.038328,-0.632875,0.09417355,-0.7685054,0.1967326,0.9795582,-0.04197586,0.7488427,-0.1777556,-0.6384649,moving,-41.58826,10.39134,1.920632,4.536197
05/11/2023 13:09:43.607842,1913,True,True,True,True,Eyes,0.2828685,0.1728938,-3.426876,0.659898,-0.1361409,-0.7389183,0.0,0.0,0.0,0.0,0.0,0.0,0.0,-2.46208,-0.3974451,-2.435529,0.3726661,0.1844128,-3.461028,0.08387378,0.8995393,-0.06221901,0.4241734,10.54985,130.0373,5.727609,0.06522433,0.0526627,-0.9964792,0.187498,-0.02606208,-0.2934856,0.6631348,0.03606971,-5.00957,0.07160914,0.1596512,2.038064,-0.6260843,0.0981122,-0.7735584,0.2036788,0.978188,-0.04078283,0.7526842,-0.1830909,-0.6324114,moving,-41.76675,10.4393,2.01231,4.479104
05/11/2023 13:09:43.627941,1914,True,True,True,True,Eyes,0.2875571,0.1733525,-3.428971,0.6623294,-0.1365691,-0.7366604,0.0,0.0,0.0,0.0,0.0,0.0,0.0,-2.481026,-0.3926895,-2.426448,0.3845111,0.1853259,-3.466288,0.08583698,0.8975298,-0.06212285,0.4280338,10.66093,129.5572,5.893137,0.06691856,0.05241894,-0.9963797,0.1762481,-0.02449835,-0.2758765,0.6869901,0.04666697,-5.015435,0.0749318,0.1575445,2.037795,-0.6188381,0.1009012,-0.779011,0.2072639,0.9775456,-0.03803195,0.7576813,-0.1849965,-0.6258555,moving,-41.95863,10.5028,2.105876,4.420815
05/11/2023 13:09:43.637406,1915,True,True,True,True,Eyes,0.2924966,0.1738003,-3.431137,0.6648334,-0.137737,-0.7341833,0.0,0.0,0.0,0.0,0.0,0.0,0.0,-2.501902,-0.3958537,-2.412902,0.395174,0.1853992,-3.47099,0.08781611,0.8952763,-0.06346471,0.4321357,10.92558,129.0412,5.985614,0.0685735,0.0522092,-0.9962782,0.1656733,-0.02302845,-0.2593239,0.7106131,0.03401273,-5.018458,0.07821912,0.1554601,2.037526,-0.6110945,0.1023886,-0.7849079,0.2120901,0.9765211,-0.03773996,0.7626151,-0.1895338,-0.6184623,moving,-42.16214,10.62551,2.198463,4.363127
05/11/2023 13:09:43.663652,1916,True,True,True,True,Eyes,0.2976584,0.1742774,-3.433426,0.6675212,-0.1391034,-0.7314818,0.0,0.0,0.0,0.0,0.0,0.0,0.0,-2.526052,-0.4146315,-2.392879,0.4055977,0.1858224,-3.475585,0.09177708,0.8924546,-0.06795829,0.436444,11.61945,128.5029,6.123967,0.0701999,0.0520296,-0.9961744,0.1557329,-0.02164674,-0.2437644,0.7344599,0.02626599,-5.021909,0.0811615,0.1535938,2.037286,-0.602187,0.1044938,-0.791487,0.2231337,0.9739173,-0.04118825,0.7665389,-0.2014105,-0.6097965,moving,-42.38234,10.76718,2.281346,4.311454
05/11/2023 13:09:43.677990,1917,True,True,True,True,Eyes,0.3030305,0.1747978,-3.435816,0.6703761,-0.1406334,-0.7285727,0.0,0.0,0.0,0.0,0.0,0.0,0.0,-2.552903,-0.4205074,-2.372888,0.4160193,0.1870562,-3.480901,0.09424043,0.8896039,-0.06987951,0.4414077,11.97747,127.8733,6.219705,0.07180648,0.05187776,-0.9960678,0.1463889,-0.02034794,-0.2291386,0.7547985,0.01391672,-5.025124,0.08452576,0.1514612,2.037014,-0.5925563,0.1059826,-0.7985269,0.229364,0.9724712,-0.04113327,0.772185,-0.2075271,-0.6005524,moving,-42.61786,10.92521,2.376122,4.252375
05/11/2023 13:09:43.697631,1918,True,True,True,True,Eyes,0.3086096,0.1753478,-3.438326,0.6734188,-0.1419968,-0.7254957,0.0,0.0,0.0,0.0,0.0,0.0,0.0,-2.577169,-0.4259171,-2.355018,0.4262253,0.1886991,-3.485977,0.09500597,0.8870737,-0.07101227,0.4461295,12.16667,127.2613,6.177578,0.07340094,0.05175194,-0.9959581,0.1376055,-0.01912706,-0.2153903,0.7733295,-0.004148893,-5.028161,0.08773535,0.1494258,2.036752,-0.5838849,0.1051932,-0.8049925,0.2319159,0.9718623,-0.04121631,0.7780061,-0.2107561,-0.5918517,moving,-42.86806,11.07416,2.466554,4.195973
05/11/2023 13:09:43.712305,1919,True,True,True,True,Eyes,0.3143982,0.1758749,-3.440914,0.6765952,-0.1429195,-0.7223524,0.0,0.0,0.0,0.0,0.0,0.0,0.0,-2.599108,-0.4187906,-2.342192,0.4366911,0.1898014,-3.491402,0.09397969,0.8849676,-0.06957483,0.4507322,11.99711,126.6582,6.080895,0.0749898,0.05165018,-0.9958451,0.1293492,-0.01797944,-0.2024668,0.7948524,0.004239954,-5.032995,0.09086215,0.1474432,2.036499,-0.5760165,0.1036188,-0.8108439,0.2290572,0.9726543,-0.03842359,0.7846895,-0.2078623,-0.5839996,moving,-43.12662,11.19159,2.554663,4.141008
05/11/2023 13:09:43.727566,1920,True,True,True,True,Eyes,0.3203303,0.176393,-3.443594,0.6798968,-0.1438383,-0.7190624,0.0,0.0,0.0,0.0,0.0,0.0,0.0,-2.618834,-0.3964728,-2.334157,0.4467618,0.1898529,-3.496874,0.09104405,0.8833024,-0.06521353,0.4552311,11.4258,126.0641,5.941665,0.07657881,0.05156927,-0.9957284,0.1215883,-0.01690067,-0.1903188,0.8181259,0.01196742,-5.036084,0.09403563,0.145431,2.036239,-0.5689515,0.1014644,-0.8160879,0.2202133,0.9749163,-0.03231435,0.7923387,-0.1980987,-0.5770239,moving,-43.39635,11.31191,2.6441,4.085207
05/11/2023 13:09:43.737466,1921,True,True,True,True,Eyes,0.3264468,0.1768986,-3.446355,0.6832832,-0.1445346,-0.7157051,0.0,0.0,0.0,0.0,0.0,0.0,0.0,-2.639686,-0.3965766,-2.3199,0.4560865,0.1902961,-3.501847,0.09102931,0.8811421,-0.06536423,0.4593798,11.46822,125.5205,5.877972,0.07817175,0.05150666,-0.9956079,0.114293,-0.01588663,-0.1788997,0.8430554,0.021175,-5.038915,0.09721494,0.143415,2.03598,-0.5613676,0.1003655,-0.8214578,0.2204735,0.9748824,-0.0315563,0.7976575,-0.1988244,-0.5693953,moving,-43.67239,11.41716,2.733709,4.029274
05/11/2023 13:09:43.757400,1922,True,True,True,True,Eyes,0.4822149,0.1890784,-3.517831,0.7659198,-0.1600912,-0.6226858,0.0,0.0,0.0,0.0,0.0,0.0,0.0,-2.661426,-0.3803049,-2.308311,0.465981,0.1906093,-3.507513,0.09048697,0.8790536,-0.06283058,0.4638204,11.20981,124.9439,5.898245,0.07977314,0.05145998,-0.9954833,0.1074354,-0.01493343,-0.1681657,0.8658139,0.03127339,-5.042082,0.1004127,0.1413874,2.035721,-0.5533656,0.1008016,-0.8268166,0.21737,0.9757289,-0.02652351,0.8040752,-0.1944023,-0.5618461,moving,-50.8892,14.41836,2.823846,3.972996
05/11/2023 13:09:43.777535,1923,True,True,True,True,Eyes,0.4825818,0.189117,-3.518053,0.7660518,-0.1604903,-0.6224207,0.0,0.0,0.0,0.0,0.0,0.0,0.0,-2.683571,-0.3743907,-2.293437,0.4749027,0.1906539,-3.51279,0.09082401,0.8767791,-0.06229462,0.468112,11.20202,124.3843,5.906418,0.08729466,0.05163915,-0.9948426,0.5682936,0.02250199,-0.372503,0.886128,0.02384327,-5.044165,0.1035344,0.139408,2.035467,-0.5452444,0.1009435,-0.8321773,0.2175869,0.9757408,-0.02420563,0.8095459,-0.1942688,-0.5539811,moving,-50.90598,14.45869,2.91185,3.918036
05/11/2023 13:09:43.787605,1924,True,True,True,True,Eyes,0.4833049,0.1891792,-3.518486,0.7664106,-0.1607811,-0.6219037,0.0,0.0,0.0,0.0,0.0,0.0,0.0,-2.705057,-0.3905459,-2.275935,0.4841107,0.1917034,-3.518327,0.09253706,0.8743196,-0.06547369,0.4719276,11.64408,123.8809,5.861135,0.09350885,0.05179872,-0.9942695,0.534196,0.02115187,-0.3501528,0.907961,0.02290557,-5.04633,0.1066279,0.1374463,2.035216,-0.5374428,0.1000162,-0.8373483,0.2236116,0.9743002,-0.02714828,0.8131135,-0.2018314,-0.5459954,moving,-50.94241,14.49532,2.999068,3.863548
05/11/2023 13:09:43.807786,1925,True,True,True,True,Eyes,0.4843403,0.1892296,-3.519097,0.7668743,-0.1612811,-0.6212023,0.0,0.0,0.0,0.0,0.0,0.0,0.0,-2.724249,-0.3835614,-2.264843,0.4933363,0.1923111,-3.52389,0.0918433,0.872399,-0.06421803,0.475774,11.50426,123.3726,5.806781,0.09866055,0.05194185,-0.993764,0.5021442,0.01988276,-0.3291436,0.9323887,0.0256324,-5.047282,0.1099269,0.1353547,2.034948,-0.5304077,0.09914144,-0.8419255,0.2213545,0.9748817,-0.02465418,0.8183335,-0.1994408,-0.5390302,moving,-50.99099,14.55421,3.092085,3.805428
05/11/2023 13:09:43.827764,1926,True,True,True,True,Eyes,0.4856837,0.1892917,-3.519905,0.7675046,-0.1619912,-0.6202383,0.0,0.0,0.0,0.0,0.0,0.0,0.0,-2.744488,-0.3919143,-2.248904,0.5016851,0.1921947,-3.529129,0.09304655,0.870116,-0.06619283,0.4794363,11.795,122.887,5.772324,0.1029506,0.05207009,-0.9933221,0.4720156,0.01868979,-0.309395,0.9581813,0.02332921,-5.046738,0.1131044,0.1333397,2.034689,-0.5229666,0.09845208,-0.8466482,0.225393,0.9739217,-0.0259711,0.8220122,-0.2044106,-0.5315188,moving,-51.05751,14.6373,3.181686,3.749415
05/11/2023 13:09:43.847861,1927,True,True,True,True,Eyes,0.487328,0.1893613,-3.520864,0.7682634,-0.1627102,-0.6191096,0.0,0.0,0.0,0.0,0.0,0.0,0.0,-2.765563,-0.4036391,-2.231687,0.5103924,0.1926099,-3.534698,0.09416068,0.8677133,-0.06858046,0.4832226,12.12338,122.3798,5.701475,0.1065444,0.05218529,-0.992937,0.4436946,0.01756841,-0.2908313,0.9834768,0.02039746,-5.046106,0.1163415,0.1312868,2.034424,-0.5152594,0.09712973,-0.8515126,0.2296882,0.9728609,-0.0280152,0.8256822,-0.2100175,-0.5235853,moving,-51.13619,14.72509,3.272979,3.692329
05/11/2023 13:09:43.857644,1928,True,True,True,True,Eyes,0.489246,0.1894417,-3.522006,0.769158,-0.1635097,-0.6177868,0.0,0.0,0.0,0.0,0.0,0.0,0.0,-2.784887,-0.4077071,-2.217432,0.5187922,0.1930063,-3.540117,0.09376237,0.8656389,-0.06918358,0.4869207,12.18598,121.8802,5.574718,0.1095859,0.0522889,-0.9926004,0.417073,0.0165143,-0.2733814,1.007355,0.004824415,-5.044147,0.1195012,0.1292834,2.034168,-0.508234,0.09495489,-0.8559685,0.2297025,0.9728445,-0.02846632,0.8300213,-0.2110856,-0.5162442,moving,-51.22861,14.82456,3.362089,3.636594
05/11/2023 13:09:43.877456,1929,True,True,True,True,Eyes,0.4914429,0.1895283,-3.523314,0.7701189,-0.1642419,-0.616394,0.0,0.0,0.0,0.0,0.0,0.0,0.0,-2.801746,-0.4170344,-2.205401,0.5272537,0.1933396,-3.545717,0.09348034,0.8637776,-0.07056767,0.4900713,12.32951,121.4486,5.422874,0.112371,0.05238197,-0.9922841,0.3920486,0.01552344,-0.2569785,1.031969,-0.007444188,-5.042163,0.1226154,0.1273095,2.033917,-0.5021833,0.09232608,-0.8598188,0.2306588,0.9725633,-0.03028547,0.833432,-0.2135336,-0.5097009,moving,-51.32664,14.92015,3.44992,3.581655
05/11/2023 13:09:43.897514,1930,True,True,True,True,Eyes,0.4938996,0.1896202,-3.524796,0.7712416,-0.1648579,-0.6148237,0.0,0.0,0.0,0.0,0.0,0.0,0.0,-2.81731,-0.4203384,-2.196249,0.5359125,0.1936483,-3.55144,0.09299205,0.8621176,-0.07091291,0.4930287,12.35487,121.0464,5.310872,0.1149323,0.05246548,-0.9919862,0.3685257,0.01459204,-0.2415598,1.0568,-0.02054033,-5.039052,0.1258438,0.1252613,2.033652,-0.4965505,0.09041596,-0.8632861,0.2302643,0.9726477,-0.03057501,0.8369087,-0.213966,-0.5037883,moving,-51.43861,15.01012,3.540987,3.524638
05/11/2023 13:09:43.907838,1931,True,True,True,True,Eyes,0.4966041,0.1897053,-3.526442,0.7724738,-0.1654134,-0.6131253,0.0,0.0,0.0,0.0,0.0,0.0,0.0,-2.833968,-0.4172844,-2.186766,0.5445756,0.1938427,-3.557149,0.09172919,0.8604243,-0.07003216,0.496338,12.2145,120.598,5.185398,0.1172989,0.05254029,-0.9917052,0.3464141,0.01371651,-0.2270662,1.0807,-0.03966104,-5.035147,0.1289995,0.1232608,2.033395,-0.4904689,0.0883328,-0.8669704,0.2273713,0.9733626,-0.0294574,0.8412744,-0.2115721,-0.4974885,moving,-51.56039,15.09821,3.630004,3.468922
05/11/2023 13:09:43.927863,1932,True,True,True,True,Eyes,0.4995556,0.1897797,-3.528257,0.7738652,-0.1658865,-0.6112399,0.0,0.0,0.0,0.0,0.0,0.0,0.0,-2.851497,-0.420814,-2.174691,0.5531966,0.1937631,-3.562841,0.0905483,0.8585446,-0.07024632,0.4997676,12.18831,120.1264,5.004394,0.1194965,0.05260682,-0.9914393,0.3256293,0.01289352,-0.2134423,1.105013,-0.05320861,-5.031558,0.1322766,0.1211829,2.033129,-0.4840667,0.08526583,-0.8708668,0.2256932,0.9737329,-0.03011299,0.8454241,-0.2111254,-0.4905956,moving,-51.69645,15.18396,3.722451,3.411029
05/11/2023 13:09:43.937589,1933,True,True,True,True,Eyes,0.5027359,0.1898269,-3.530249,0.7753744,-0.1662427,-0.6092273,0.0,0.0,0.0,0.0,0.0,0.0,0.0,-2.869264,-0.4211597,-2.163179,0.5620463,0.1935615,-3.568757,0.08902549,0.8566788,-0.0698507,0.5032862,12.08074,119.6435,4.823403,0.1215483,0.05266535,-0.9911867,0.3060915,0.01211991,-0.2006357,1.129832,-0.06630831,-5.027083,0.1354801,0.1191516,2.032869,-0.4775552,0.0822227,-0.8747461,0.2228423,0.9743907,-0.03006862,0.8498722,-0.2092898,-0.483648,moving,-51.84256,15.26298,3.812827,3.354415
05/11/2023 13:09:43.964305,1934,True,True,True,True,Eyes,0.5061419,0.1898503,-3.532394,0.7770268,-0.1666301,-0.6070122,0.0,0.0,0.0,0.0,0.0,0.0,0.0,-2.887403,-0.4192051,-2.151391,0.5709072,0.1928801,-3.574658,0.0877565,0.8547494,-0.06928664,0.5068547,11.97033,119.156,4.678041,0.1234742,0.05271562,-0.990946,0.287726,0.01139272,-0.1885976,1.156151,-0.08096297,-5.021098,0.1387358,0.1170871,2.032602,-0.4707942,0.07978311,-0.8786281,0.2202561,0.9749963,-0.02948586,0.8543066,-0.207405,-0.4765953,moving,-52.0031,15.35008,3.904681,3.296854
05/11/2023 13:09:43.979969,1935,True,True,True,True,Eyes,0.509782,0.1898416,-3.534685,0.778741,-0.1670141,-0.6047055,0.0,0.0,0.0,0.0,0.0,0.0,0.0,-2.907067,-0.4228612,-2.136193,0.5797004,0.1923368,-3.58052,0.08722924,0.8525276,-0.06989031,0.510591,12.01945,118.6418,4.536487,0.1252924,0.05275756,-0.9907155,0.2704625,0.01070915,-0.1772817,1.182891,-0.08952256,-5.015765,0.1418916,0.1150857,2.032345,-0.463376,0.07735996,-0.8827788,0.2201014,0.9750128,-0.03008991,0.8583928,-0.2082437,-0.4688246,moving,-52.17006,15.43966,3.993721,3.241031
05/11/2023 13:09:43.987632,1936,True,True,True,True,Eyes,0.5136351,0.1897959,-3.537121,0.7805868,-0.167446,-0.602201,0.0,0.0,0.0,0.0,0.0,0.0,0.0,-2.927262,-0.4239294,-2.120908,0.5888157,0.1915601,-3.586562,0.08620816,0.8502685,-0.06993806,0.5145099,11.98421,118.102,4.375654,0.127019,0.05279084,-0.9904938,0.2542347,0.01006661,-0.1666448,1.207709,-0.09971901,-5.011088,0.1451639,0.1130114,2.032081,-0.4556957,0.0746325,-0.8870016,0.2185678,0.9753536,-0.03022235,0.8628846,-0.2076421,-0.4607766,moving,-52.35081,15.53895,4.086045,3.183148
05/11/2023 13:09:44.007438,1937,True,True,True,True,Eyes,0.5177021,0.1897105,-3.539705,0.782488,-0.1680494,-0.5995597,0.0,0.0,0.0,0.0,0.0,0.0,0.0,-2.946899,-0.4301453,-2.104979,0.5977567,0.1906354,-3.592565,0.08548676,0.8479874,-0.07089403,0.5182504,12.05448,117.5802,4.192857,0.1286688,0.05281507,-0.9902797,0.2389806,0.009462609,-0.1566461,1.230551,-0.10551,-5.007724,0.148392,0.1109641,2.031818,-0.448217,0.07150166,-0.8910607,0.2184651,0.9753321,-0.03162738,0.8668186,-0.2088416,-0.4527811,moving,-52.53986,15.65755,4.177128,3.126001
05/11/2023 13:09:44.027622,1938,True,True,True,True,Eyes,0.5219783,0.1895827,-3.542427,0.7845122,-0.1686851,-0.5967294,0.0,0.0,0.0,0.0,0.0,0.0,0.0,-2.966644,-0.4392756,-2.088177,0.6069909,0.189617,-3.598615,0.08548227,0.8455884,-0.07259223,0.5219226,12.23938,117.0647,4.036419,0.1302546,0.05282981,-0.9900717,0.2246418,0.008894852,-0.1472473,1.256259,-0.1033309,-5.004332,0.1515371,0.1089697,2.031563,-0.4405791,0.06879058,-0.8950742,0.2203407,0.9748463,-0.03353606,0.8702529,-0.2119966,-0.4446543,moving,-52.74202,15.78468,4.265871,3.07031
05/11/2023 13:09:44.037433,1939,True,True,True,True,Eyes,0.5264513,0.1894053,-3.545285,0.7862374,-0.1694746,-0.59423,0.0,0.0,0.0,0.0,0.0,0.0,0.0,-2.9869,-0.440324,-2.072188,0.6162608,0.1884828,-3.604734,0.08549521,0.8431943,-0.07310818,0.5257083,12.30877,116.5414,3.950503,0.1317876,0.0528346,-0.9898685,0.2111633,0.008361161,-0.1384125,1.282323,-0.1017428,-5.000006,0.1546723,0.106982,2.031307,-0.432643,0.06731099,-0.8990494,0.2210453,0.9746916,-0.03339772,0.8740478,-0.2131799,-0.4365722,moving,-52.91839,15.91816,4.354339,3.014788
05/11/2023 13:09:44.057555,1940,True,True,True,True,Eyes,0.5311219,0.1891855,-3.548276,0.7880995,-0.1703284,-0.5915127,0.0,0.0,0.0,0.0,0.0,0.0,0.0,-3.008207,-0.4413551,-2.054382,0.6254871,0.1871632,-3.610861,0.08623199,0.8406047,-0.07398476,0.5295982,12.4578,116.0036,3.911514,0.1332782,0.05282882,-0.9896693,0.1984935,0.007859491,-0.1301078,1.309057,-0.1019384,-4.995022,0.1579785,0.1048855,2.031038,-0.4241799,0.06660965,-0.903125,0.2233384,0.9741806,-0.03304726,0.8776057,-0.2157204,-0.4281044,moving,-53.10973,16.06396,4.447634,2.956205
05/11/2023 13:09:44.077765,1941,True,True,True,True,Eyes,0.5359766,0.1889226,-3.551431,0.7897954,-0.1712072,-0.5889918,0.0,0.0,0.0,0.0,0.0,0.0,0.0,-3.030371,-0.4405721,-2.035727,0.6348744,0.1859461,-3.617152,0.08706044,0.8379039,-0.07463545,0.5336359,12.59111,115.4458,3.891804,0.1347342,0.05281216,-0.989473,0.1865839,0.007387921,-0.1223013,1.334802,-0.107189,-4.98957,0.1611208,0.1028932,2.030782,-0.4153069,0.06624028,-0.9072667,0.2255529,0.9737,-0.03215753,0.8812755,-0.2179918,-0.4193251,moving,-53.28618,16.20801,4.536302,2.900511
05/11/2023 13:09:44.097767,1942,True,True,True,True,Eyes,0.5410185,0.1886093,-3.554719,0.7916455,-0.1720767,-0.5862482,0.0,0.0,0.0,0.0,0.0,0.0,0.0,-3.052227,-0.4353746,-2.018373,0.6444688,0.1845852,-3.623542,0.08744723,0.8352862,-0.0744486,0.5376872,12.61568,114.8889,3.879614,0.136164,0.05278423,-0.9892789,0.1753888,0.006944646,-0.1149632,1.359382,-0.1162661,-4.983706,0.164263,0.1009008,2.030527,-0.406491,0.06602678,-0.9112659,0.226147,0.9736207,-0.03033326,0.8852247,-0.2184103,-0.4106999,moving,-53.47843,16.35812,4.62497,2.844798
05/11/2023 13:09:44.108055,1943,True,True,True,True,Eyes,0.546253,0.1882377,-3.55812,0.7933908,-0.1729475,-0.5836269,0.0,0.0,0.0,0.0,0.0,0.0,0.0,-3.075621,-0.4261016,-1.999637,0.6539185,0.1830939,-3.630209,0.08826653,0.8324942,-0.07390216,0.5419418,12.63368,114.308,3.929008,0.1375743,0.05274458,-0.9890859,0.1648655,0.006527967,-0.1080654,1.383475,-0.1272927,-4.977341,0.1674566,0.09887606,2.030268,-0.3970163,0.06686141,-0.915373,0.2270641,0.9734949,-0.0273756,0.8892807,-0.2187169,-0.4016753,moving,-53.6614,16.50626,4.715086,2.788158
05/11/2023 13:09:44.127453,1944,True,True,True,True,Eyes,0.551661,0.1878149,-3.561648,0.7953034,-0.1738807,-0.5807392,0.0,0.0,0.0,0.0,0.0,0.0,0.0,-3.099433,-0.4182052,-1.979469,0.6635672,0.1813758,-3.63682,0.08869762,0.8295896,-0.07345182,0.5463687,12.63815,113.6976,3.931448,0.1389719,0.05269256,-0.9888932,0.1549736,0.006136289,-0.1015815,1.408816,-0.1376638,-4.970078,0.1706344,0.0968608,2.030009,-0.387228,0.06690168,-0.9195535,0.2274288,0.9734751,-0.02494656,0.8934935,-0.2187929,-0.3921722,moving,-53.86267,16.66837,4.804758,2.731765
05/11/2023 13:09:44.137467,1945,True,True,True,True,Eyes,0.5572234,0.1873668,-3.565346,0.7971845,-0.1749199,-0.5778406,0.0,0.0,0.0,0.0,0.0,0.0,0.0,-3.125025,-0.4135153,-1.955454,0.6731093,0.1797472,-3.643512,0.08990158,0.8263341,-0.07387106,0.551029,12.77724,113.0488,3.949244,0.1403613,0.05262785,-0.9887004,0.1456752,0.005768112,-0.09548661,1.43572,-0.1421444,-4.962734,0.1737732,0.09487006,2.029753,-0.3765698,0.0671673,-0.9239502,0.2299877,0.9729216,-0.0230076,0.8973858,-0.2211611,-0.3818205,moving,-54.06345,16.84175,4.89333,2.676041
05/11/2023 13:09:44.157617,1946,True,True,True,True,Eyes,0.5629467,0.1868633,-3.569176,0.7992926,-0.1758702,-0.5746312,0.0,0.0,0.0,0.0,0.0,0.0,0.0,-3.152876,-0.4076366,-1.927787,0.6827639,0.1786249,-3.650353,0.09157341,0.8227121,-0.07432714,0.5560887,12.95264,112.3433,4.001801,0.141747,0.05255074,-0.9885069,0.1369347,0.005422025,-0.08975741,1.462722,-0.1436885,-4.955591,0.1770298,0.0928054,2.029488,-0.3647594,0.0680121,-0.9286147,0.233342,0.9721796,-0.02045379,0.9013891,-0.2241455,-0.3704817,moving,-54.28671,17.01712,4.985225,2.618225
05/11/2023 13:09:44.177756,1947,True,True,True,True,Eyes,0.5688138,0.1863475,-3.573136,0.8013332,-0.1770668,-0.5714127,0.0,0.0,0.0,0.0,0.0,0.0,0.0,-3.181316,-0.397606,-1.899644,0.692295,0.176777,-3.657456,0.09118713,0.8191222,-0.07339307,0.5615489,12.8646,111.579,3.93836,0.1431325,0.05246078,-0.988312,0.1287186,0.005096703,-0.08437197,1.489013,-0.1446428,-4.949171,0.1801885,0.09080261,2.029232,-0.3526953,0.06695919,-0.9333394,0.2318144,0.9725968,-0.0178237,0.9065694,-0.2226478,-0.3585524,moving,-54.50819,17.21693,5.074352,2.562122
05/11/2023 13:09:44.188245,1948,True,True,True,True,Eyes,0.5748566,0.1858217,-3.577244,0.8035909,-0.1781378,-0.5678984,0.0,0.0,0.0,0.0,0.0,0.0,0.0,-3.210214,-0.4091201,-1.865416,0.7016156,0.1760387,-3.664611,0.0930618,0.8150576,-0.07656913,0.5667078,13.31439,110.825,3.825036,0.1445208,0.05235874,-0.9881153,0.1209955,0.004790901,-0.07930965,1.514093,-0.1456469,-4.943508,0.1833749,0.08878246,2.028972,-0.3403632,0.06491678,-0.9380503,0.2384861,0.9709533,-0.01933879,0.9095477,-0.2302942,-0.3459585,moving,-54.75112,17.41555,5.16426,2.505514
05/11/2023 13:09:44.207800,1949,True,True,True,True,Eyes,0.5810201,0.1852626,-3.581489,0.805882,-0.1790835,-0.5643432,0.0,0.0,0.0,0.0,0.0,0.0,0.0,-3.237787,-0.4028147,-1.837976,0.7118249,0.1752499,-3.672366,0.09183959,0.8115451,-0.07561461,0.5720513,13.16777,110.0659,3.683342,0.1459152,0.05224538,-0.9879164,0.1137357,0.004503447,-0.07455107,1.5378,-0.1485611,-4.938528,0.1866629,0.08669721,2.028704,-0.3286458,0.06255305,-0.9423796,0.2355748,0.9716958,-0.01765542,0.9146019,-0.2278032,-0.3340796,moving,-54.99721,17.60584,5.257034,2.447061
05/11/2023 13:09:44.227586,1950,True,True,True,True,Eyes,0.5873048,0.1846811,-3.585855,0.8083326,-0.1802079,-0.5604674,0.0,0.0,0.0,0.0,0.0,0.0,0.0,-3.265089,-0.398622,-1.808459,0.7209418,0.1738713,-3.679707,0.09118451,0.8079295,-0.0753566,0.5772838,13.12312,109.3154,3.552036,0.1473177,0.0521207,-0.9877148,0.1069116,0.00423324,-0.070078,1.559501,-0.1521086,-4.934692,0.1899049,0.08464131,2.02844,-0.3168575,0.06033702,-0.9465519,0.2343456,0.9720135,-0.01648697,0.9190664,-0.2270443,-0.3221295,moving,-55.26402,17.82423,5.348507,2.389411
05/11/2023 13:09:44.237614,1951,True,True,True,True,Eyes,0.5937197,0.1841246,-3.590344,0.8108014,-0.1812572,-0.5565492,0.0,0.0,0.0,0.0,0.0,0.0,0.0,-3.294347,-0.402391,-1.77287,0.7300987,0.1727951,-3.687113,0.09255264,0.8037241,-0.07726393,0.5826594,13.41786,108.5269,3.461898,0.1487293,0.05198512,-0.9875103,0.1004969,0.003979246,-0.06587332,1.581408,-0.1523356,-4.932122,0.1928974,0.08274356,2.028196,-0.3038845,0.05873647,-0.9508967,0.2388107,0.9709286,-0.01634446,0.9222928,-0.2320511,-0.3090771,moving,-55.53357,18.03941,5.432939,2.336179
05/11/2023 13:09:44.258060,1952,True,True,True,True,Eyes,0.6002657,0.1836267,-3.594966,0.8134258,-0.1823884,-0.552334,0.0,0.0,0.0,0.0,0.0,0.0,0.0,-3.32382,-0.4005191,-1.738031,0.7395369,0.1728745,-3.69488,0.09235767,0.7996137,-0.07743658,0.5882957,13.44465,107.7076,3.335594,0.1501513,0.05184031,-0.9873026,0.09446707,0.003740491,-0.06192092,1.60216,-0.149777,-4.930428,0.196233,0.08062826,2.027923,-0.2907568,0.05658967,-0.9551222,0.2388121,0.9709473,-0.01517146,0.9265148,-0.2325059,-0.2958238,moving,-55.82264,18.27395,5.527047,2.276825
05/11/2023 13:09:44.277473,1953,True,True,True,True,Eyes,0.6069562,0.1832952,-3.599722,0.8161939,-0.1837081,-0.5477945,0.0,0.0,0.0,0.0,0.0,0.0,0.0,-3.351785,-0.4054293,-1.70397,0.7491962,0.1738021,-3.702816,0.09254622,0.795594,-0.078631,0.593534,13.59017,106.9312,3.179898,0.1515858,0.05168856,-0.9870914,0.08879905,0.003516061,-0.05820566,1.621914,-0.1489631,-4.929132,0.1993436,0.07865655,2.027673,-0.2783055,0.05391812,-0.9589782,0.2405988,0.9705048,-0.01525806,0.9298702,-0.2349753,-0.2830694,moving,-56.13218,18.53937,5.614792,2.221478
05/11/2023 13:09:44.287691,1954,True,True,True,True,Eyes,0.6138107,0.1830823,-3.604601,0.8192207,-0.1844699,-0.5429993,0.0,0.0,0.0,0.0,0.0,0.0,0.0,-3.379698,-0.4068587,-1.670337,0.759371,0.1774802,-3.710764,0.09364838,0.7915363,-0.07934265,0.5986695,13.75284,106.1758,3.142754,0.153034,0.05153498,-0.9868759,0.0,0.0,0.0,1.639887,-0.1498951,-4.928922,0.2025239,0.0766398,2.027415,-0.2656499,0.05325213,-0.9625979,0.2432522,0.9698695,-0.01347631,0.9328767,-0.237734,-0.2705995,moving,-56.46262,18.76386,5.704506,2.164849
05/11/2023 13:09:44.307715,1955,True,True,True,True,Eyes,0.7871047,0.1800458,-3.73101,0.8890179,-0.2032079,-0.4103093,0.0,0.0,0.0,0.0,0.0,0.0,0.0,-3.406611,-0.3801434,-1.644559,0.7700896,0.1799956,-3.718688,0.08989631,0.7881615,-0.07360509,0.6044027,12.9848,105.3874,3.102084,0.154498,0.05138278,-0.9866557,0.0,0.0,0.0,1.65895,-0.1458536,-4.929047,0.2057183,0.07461425,2.027155,-0.2532326,0.05273141,-0.9659674,0.2306798,0.9730018,-0.007358268,0.9395,-0.2246925,-0.2585599,moving,-65.22521,26.34717,5.794612,2.107956
05/11/2023 13:09:44.327894,1956,True,True,True,True,Eyes,0.7875096,0.1801381,-3.731305,0.8892239,-0.2033419,-0.4097961,0.0,0.0,0.0,0.0,0.0,0.0,0.0,-3.433862,-0.3770149,-1.609807,0.7793137,0.1818929,-3.726207,0.08865231,0.7841601,-0.07277695,0.6098665,12.84238,104.586,2.955276,0.1608521,0.05088339,-0.9856656,0.5198822,-0.009109542,-0.3792272,1.681974,-0.1278421,-4.92864,0.2092873,0.0723516,2.026865,-0.240407,0.05026678,-0.9693696,0.2278036,0.9736885,-0.006005414,0.9435622,-0.2222697,-0.2455326,moving,-65.25753,26.39073,5.895278,2.04438
05/11/2023 13:09:44.337385,1957,True,True,True,True,Eyes,0.7882882,0.1802994,-3.731906,0.8896154,-0.2034257,-0.4089038,0.0,0.0,0.0,0.0,0.0,0.0,0.0,-3.461853,-0.3802043,-1.571203,0.7893718,0.1842343,-3.733712,0.08949611,0.7796973,-0.07388882,0.6153074,13.02388,103.7683,2.861113,0.1661913,0.05046178,-0.9848011,0.4886893,-0.008562969,-0.3564735,1.705549,-0.1189011,-4.925034,0.212173,0.0705216,2.026629,-0.226775,0.04863109,-0.9727325,0.2304884,0.9730617,-0.005086591,0.9462815,-0.225357,-0.231875,moving,-65.31454,26.44991,5.97667,1.992945
05/11/2023 13:09:44.357583,1958,True,True,True,True,Eyes,0.7893685,0.180489,-3.732745,0.8901388,-0.2038862,-0.4075333,0.0,0.0,0.0,0.0,0.0,0.0,0.0,-3.488144,-0.3645623,-1.539069,0.7992113,0.1859456,-3.741052,0.08763696,0.7758163,-0.07087404,0.6208106,12.63753,102.9784,2.818537,0.1706981,0.05010698,-0.9840481,0.4593679,-0.008049191,-0.3350851,1.72926,-0.1142621,-4.921075,0.2153713,0.06849343,2.026369,-0.213828,0.04798162,-0.9756923,0.2239791,0.9745932,-0.001158586,0.9508475,-0.2187824,-0.2191422,moving,-65.40022,26.5785,6.066866,1.935921
05/11/2023 13:09:44.377930,1959,True,True,True,True,Eyes,0.7907753,0.1807355,-3.733855,0.8907407,-0.2046757,-0.4058188,0.0,0.0,0.0,0.0,0.0,0.0,0.0,-3.514684,-0.3775703,-1.495643,0.8074745,0.1869034,-3.747741,0.0901809,0.7710757,-0.07460016,0.6258949,13.17537,102.177,2.689539,0.1745225,0.04980881,-0.9833922,0.4318058,-0.00756624,-0.31498,1.753093,-0.09104952,-4.920323,0.2185413,0.06648375,2.026112,-0.200246,0.0456889,-0.9786797,0.2324563,0.9726045,-0.002157216,0.9517697,-0.2279323,-0.2053808,moving,-65.50613,26.7642,6.15626,1.879399
05/11/2023 13:09:44.397185,1960,True,True,True,True,Eyes,0.7924884,0.1810218,-3.73516,0.8915049,-0.205531,-0.4037027,0.0,0.0,0.0,0.0,0.0,0.0,0.0,-3.539493,-0.3877285,-1.455957,0.8168818,0.1884911,-3.754375,0.09030517,0.7666748,-0.07650495,0.6310323,13.37243,101.3755,2.469257,0.1777893,0.04955942,-0.9828194,0.4058975,-0.007112265,-0.2960812,1.771836,-0.1016697,-4.916318,0.2216853,0.06448974,2.025855,-0.1872866,0.04191521,-0.9814106,0.2350236,0.971984,-0.003337895,0.9537754,-0.2312798,-0.1918907,moving,-65.63742,26.98131,6.244917,1.823301
05/11/2023 13:09:44.407717,1961,True,True,True,True,Eyes,0.7944865,0.181358,-3.736677,0.8923426,-0.2066423,-0.4012777,0.0,0.0,0.0,0.0,0.0,0.0,0.0,-3.562076,-0.3951964,-1.419358,0.8258739,0.1897631,-3.760461,0.08994453,0.7625953,-0.07775734,0.6358554,13.47248,100.6236,2.25697,0.1807495,0.04934106,-0.9822903,0.3815436,-0.006685529,-0.2783163,1.792975,-0.1056959,-4.911642,0.2249714,0.0624061,2.025587,-0.1751956,0.03829769,-0.9837885,0.2360674,0.9717276,-0.004211332,0.9558131,-0.2329782,-0.1792832,moving,-65.78702,27.2467,6.33757,1.764662
05/11/2023 13:09:44.427814,1962,True,True,True,True,Eyes,0.7967786,0.1817281,-3.738348,0.893376,-0.2075892,-0.3984798,0.0,0.0,0.0,0.0,0.0,0.0,0.0,-3.584778,-0.4004389,-1.381152,0.8348078,0.1912952,-3.766307,0.09104125,0.7583011,-0.07944787,0.6406082,13.71747,99.87564,2.140424,0.1834545,0.04915062,-0.9817982,0.358651,-0.006284398,-0.2616174,1.813132,-0.1161207,-4.904912,0.2281189,0.06041058,2.025332,-0.162665,0.03628346,-0.9860139,0.2398633,0.970799,-0.003847258,0.9570817,-0.2371344,-0.1666181,moving,-65.9613,27.51739,6.426303,1.708483
05/11/2023 13:09:44.437952,1963,True,True,True,True,Eyes,0.7993423,0.1821196,-3.740201,0.8945184,-0.2085207,-0.3954188,0.0,0.0,0.0,0.0,0.0,0.0,0.0,-3.607097,-0.3920118,-1.345578,0.8440361,0.1925378,-3.771728,0.09041939,0.75419,-0.07821997,0.6456807,13.57686,99.11301,2.085657,0.1859363,0.048986,-0.9813395,0.3371319,-0.005907334,-0.2459203,1.831585,-0.1410422,-4.895992,0.2313679,0.05835079,2.025068,-0.1498418,0.03537657,-0.9880769,0.237397,0.9714119,-0.001221345,0.9597866,-0.2347495,-0.1539564,moving,-66.15234,27.80453,6.517891,1.650477
05/11/2023 13:09:44.458136,1964,True,True,True,True,Eyes,0.8021798,0.1825346,-3.742177,0.8958267,-0.2093074,-0.3920267,0.0,0.0,0.0,0.0,0.0,0.0,0.0,-3.629365,-0.3813321,-1.309335,0.8531952,0.1932908,-3.777136,0.0898494,0.7499961,-0.07676588,0.6507996,13.42051,98.34284,2.053548,0.1882235,0.04884491,-0.9809104,0.316904,-0.005552894,-0.2311651,1.853498,-0.1534968,-4.886502,0.2345314,0.05634485,2.024811,-0.1367742,0.03485499,-0.9899889,0.2346918,0.9720681,0.001799677,0.9623995,-0.2320961,-0.1411341,moving,-66.36512,28.09825,6.607059,1.593971
05/11/2023 13:09:44.477645,1965,True,True,True,True,Eyes,0.805294,0.1829685,-3.744241,0.8972307,-0.2098825,-0.3884923,0.0,0.0,0.0,0.0,0.0,0.0,0.0,-3.649941,-0.3705101,-1.275539,0.8625016,0.194243,-3.782156,0.08922116,0.7460163,-0.07517193,0.6556283,13.24708,97.6157,2.03418,0.1903412,0.04872544,-0.9805076,0.2978898,-0.00521972,-0.2172952,1.874827,-0.1603784,-4.878097,0.2381084,0.05407663,2.02452,-0.1243823,0.0345512,-0.9916326,0.2316905,0.9727775,0.004832854,0.9648048,-0.2291508,-0.1290015,moving,-66.58785,28.38008,6.707871,1.530055
05/11/2023 13:09:44.497685,1966,True,True,True,True,Eyes,0.808672,0.1834029,-3.746396,0.8987718,-0.2103138,-0.3846784,0.0,0.0,0.0,0.0,0.0,0.0,0.0,-3.669667,-0.3559631,-1.243473,0.8720615,0.1951403,-3.786927,0.08813566,0.7421601,-0.07274275,0.6604083,12.96669,96.90388,2.043072,0.1923134,0.04862576,-0.9801276,0.2800164,-0.004906537,-0.2042575,1.898259,-0.1551927,-4.871017,0.2410176,0.0522322,2.024282,-0.1121863,0.03474173,-0.9930798,0.2269013,0.9738812,0.008437512,0.9674348,-0.2243845,-0.117139,moving,-66.82885,28.66659,6.789855,1.478065
05/11/2023 13:09:44.507826,1967,True,True,True,True,Eyes,0.812296,0.1838323,-3.748626,0.9003226,-0.2108683,-0.380728,0.0,0.0,0.0,0.0,0.0,0.0,0.0,-3.687362,-0.3452813,-1.214275,0.8817284,0.1955338,-3.791391,0.08683629,0.7385859,-0.07076626,0.6647874,12.70841,96.24407,2.008142,0.1941604,0.04854373,-0.9797675,0.2632154,-0.004612145,-0.192002,1.922663,-0.1373266,-4.865628,0.2441102,0.05027082,2.024031,-0.1010341,0.03418309,-0.9942955,0.2223612,0.9749032,0.01092142,0.9697152,-0.2199893,-0.1060995,moving,-67.07749,28.98012,6.876996,1.422761
05/11/2023 13:09:44.527517,1968,True,True,True,True,Eyes,0.8161584,0.1842346,-3.750903,0.901962,-0.2114399,-0.3765073,0.0,0.0,0.0,0.0,0.0,0.0,0.0,-3.704569,-0.3454787,-1.180834,0.8912,0.1958776,-3.795385,0.08684342,0.7346766,-0.07118474,0.6690602,12.75617,95.56507,1.900767,0.1959003,0.04847731,-0.9794244,0.2474225,-0.004335416,-0.1804819,1.94196,-0.1403634,-4.859054,0.2475802,0.04807015,2.023749,-0.08963375,0.03234991,-0.9954492,0.2228574,0.9747819,0.01161142,0.9707217,-0.2208024,-0.09458273,moving,-67.34281,29.3178,6.974759,1.360692
05/11/2023 13:09:44.537557,1969,True,True,True,True,Eyes,0.8202304,0.1846197,-3.753215,0.9035289,-0.212368,-0.3722036,0.0,0.0,0.0,0.0,0.0,0.0,0.0,-3.7206,-0.3469271,-1.14803,0.9007089,0.1956445,-3.7989,0.08647812,0.730839,-0.07164485,0.6732482,12.77742,94.89448,1.758896,0.1975497,0.04842412,-0.9790958,0.2325771,-0.004075291,-0.169653,1.964506,-0.1323905,-4.852716,0.2504452,0.04625351,2.023515,-0.07851711,0.02993362,-0.9964633,0.2228727,0.9747771,0.01172078,0.9716804,-0.2211642,-0.08320799,moving,-67.61107,29.70776,7.05547,1.309439
05/11/2023 13:09:44.557440,1970,True,True,True,True,Eyes,0.8245311,0.1850204,-3.755546,0.9051444,-0.2134703,-0.3676193,0.0,0.0,0.0,0.0,0.0,0.0,0.0,-3.736672,-0.3521932,-1.111368,0.9097691,0.1957141,-3.802094,0.08834579,0.7266339,-0.07396983,0.6772936,13.13052,94.21654,1.65885,0.1991226,0.04838229,-0.9787791,0.2186225,-0.003830774,-0.1594738,1.984141,-0.1336481,-4.845786,0.2536491,0.04422181,2.023254,-0.06693672,0.0281915,-0.9973589,0.2285887,0.973447,0.01217409,0.9712192,-0.2271701,-0.07160366,moving,-67.89575,30.14301,7.145714,1.252101
05/11/2023 13:09:44.577774,1971,True,True,True,True,Eyes,0.8290387,0.1853969,-3.757905,0.9067451,-0.2147229,-0.3629151,0.0,0.0,0.0,0.0,0.0,0.0,0.0,-3.75264,-0.3558173,-1.073813,0.91949,0.1965406,-3.804983,0.08991724,0.7222923,-0.07579601,0.6815159,13.41802,93.51181,1.565894,0.2006321,0.04835099,-0.9784724,0.2055052,-0.003600927,-0.1499054,2.000407,-0.1498169,-4.839111,0.2568762,0.04217522,2.022993,-0.05490227,0.02658068,-0.9981381,0.2332054,0.9723397,0.0130663,0.9708765,-0.2320538,-0.05958245,moving,-68.18677,30.61117,7.236596,1.194326
05/11/2023 13:09:44.588505,1972,True,True,True,True,Eyes,0.8337368,0.1857441,-3.760261,0.908335,-0.2162873,-0.3579766,0.0,0.0,0.0,0.0,0.0,0.0,0.0,-3.767296,-0.3578418,-1.038667,0.92893,0.1963781,-3.807614,0.09037408,0.7182106,-0.07685888,0.6856377,13.5521,92.82939,1.43942,0.2020891,0.04832846,-0.9781736,0.1931749,-0.003384871,-0.1409111,2.019541,-0.1461851,-4.834164,0.2600833,0.04014231,2.022732,-0.04346732,0.02442056,-0.9987563,0.2352099,0.9718505,0.01352604,0.9709722,-0.2343294,-0.04798768,moving,-68.4905,31.14012,7.326902,1.136919
05/11/2023 13:09:44.607850,1973,True,True,True,True,Eyes,0.8386288,0.1860713,-3.762617,0.9099101,-0.21805,-0.3528707,0.0,0.0,0.0,0.0,0.0,0.0,0.0,-3.781425,-0.3627738,-1.001811,0.9381436,0.196109,-3.809965,0.09352266,0.713896,-0.07998971,0.6893532,14.07247,92.17353,1.37339,0.2035034,0.04831301,-0.9778811,0.1815844,-0.003181779,-0.1324564,2.035072,-0.1581874,-4.828022,0.2632987,0.03810367,2.02247,-0.0320917,0.02324858,-0.9992146,0.2438132,0.9697104,0.0147316,0.9692913,-0.2431489,-0.03678787,moving,-68.8033,31.71324,7.417433,1.079334
05/11/2023 13:09:44.627964,1974,True,True,True,True,Eyes,0.8437125,0.1863721,-3.764952,0.9115036,-0.2198482,-0.3476031,0.0,0.0,0.0,0.0,0.0,0.0,0.0,-3.794713,-0.3576881,-0.9696121,0.947657,0.1960122,-3.812015,0.09582571,0.7099264,-0.08106011,0.6930017,14.35376,91.55894,1.402326,0.2048842,0.04830335,-0.9775932,0.1706893,-0.002990872,-0.124509,2.050989,-0.1711615,-4.821517,0.2666025,0.03600832,2.022201,-0.02113266,0.02370885,-0.9994956,0.248408,0.9684934,0.01772133,0.968425,-0.2479082,-0.02635621,moving,-69.12559,32.31208,7.510436,1.02013
05/11/2023 13:09:44.637631,1975,True,True,True,True,Eyes,0.8489815,0.1866496,-3.767239,0.9131378,-0.2217422,-0.3420669,0.0,0.0,0.0,0.0,0.0,0.0,0.0,-3.806962,-0.348561,-0.9414318,0.9572738,0.1956985,-3.813931,0.09763487,0.7062926,-0.08121239,0.6964358,14.51967,90.99221,1.467924,0.2062392,0.04829819,-0.9773086,0.1604479,-0.00281142,-0.1170385,2.067793,-0.1750746,-4.815769,0.2697124,0.03403693,2.021948,-0.01088929,0.02479911,-0.9996333,0.251036,0.967744,0.02127341,0.9679166,-0.2507123,-0.01676344,moving,-69.46375,32.95301,7.597966,0.9644107
05/11/2023 13:09:44.657736,1976,True,True,True,True,Eyes,0.8544503,0.1869215,-3.769491,0.9147948,-0.2234778,-0.336464,0.0,0.0,0.0,0.0,0.0,0.0,0.0,-3.818133,-0.3380443,-0.9164007,0.9669518,0.1954918,-3.815624,0.09996767,0.7028988,-0.08140826,0.6995089,14.73211,90.48107,1.578602,0.2075759,0.04829647,-0.9770256,0.1508211,-0.002642735,-0.1100162,2.082515,-0.1820389,-4.811809,0.2729259,0.03199943,2.021688,-0.001387746,0.02664268,-0.9996442,0.2544259,0.9667583,0.02541303,0.9670914,-0.2543001,-0.008120194,moving,-69.80634,33.59193,7.688394,0.9068065
05/11/2023 13:09:44.678007,1977,True,True,True,True,Eyes,0.86011,0.1871636,-3.771674,0.9164957,-0.2250123,-0.3307645,0.0,0.0,0.0,0.0,0.0,0.0,0.0,-3.827816,-0.3214991,-0.8988149,0.9771584,0.1956005,-3.817107,0.1006079,0.7001733,-0.07950717,0.7023633,14.63522,90.04317,1.729408,0.2089006,0.04829769,-0.9767432,0.1417718,-0.002484171,-0.1034152,2.09746,-0.1847473,-4.809096,0.2761174,0.0299758,2.021429,0.006872122,0.0292001,-0.99955,0.2525718,0.9671133,0.02998904,0.9675539,-0.2526642,-0.0007289853,moving,-70.15542,34.22665,7.778192,0.8495779
05/11/2023 13:09:44.688146,1978,True,True,True,True,Eyes,0.8659578,0.1873637,-3.773799,0.9182309,-0.2263571,-0.3249837,0.0,0.0,0.0,0.0,0.0,0.0,0.0,-3.836574,-0.3016176,-0.8835285,0.9873506,0.1951099,-3.81811,0.100573,0.697655,-0.07675207,0.705175,14.41456,89.6258,1.898327,0.2102198,0.04830081,-0.97646,0.1332655,-0.00233512,-0.0972103,2.114319,-0.181884,-4.805607,0.2792772,0.02797255,2.021172,0.01477327,0.03208319,-0.9993761,0.2485778,0.9679884,0.03475017,0.9684994,-0.2489361,0.006325172,moving,-70.50992,34.85792,7.867081,0.7929098
05/11/2023 13:09:44.708149,1979,True,True,True,True,Eyes,0.8719944,0.1875145,-3.77582,0.9199866,-0.2275649,-0.3191218,0.0,0.0,0.0,0.0,0.0,0.0,0.0,-3.845539,-0.2846615,-0.8647206,0.9976572,0.1942616,-3.818886,0.1005451,0.6948169,-0.07454766,0.708211,14.24143,89.15819,2.01792,0.2115385,0.04830455,-0.976175,0.1252695,-0.002195013,-0.09137768,2.130813,-0.1835757,-4.801104,0.2825165,0.02591771,2.020906,0.0233442,0.03412991,-0.9991448,0.2453118,0.9686667,0.03882033,0.9691632,-0.2460082,0.01424025,moving,-70.86954,35.49257,7.958198,0.7347663
05/11/2023 13:09:44.727748,1980,True,True,True,True,Eyes,0.8782268,0.1876142,-3.777767,0.9217604,-0.2286396,-0.3131798,0.0,0.0,0.0,0.0,0.0,0.0,0.0,-3.853947,-0.2721746,-0.8448217,1.008184,0.1932579,-3.819283,0.1002386,0.6919026,-0.0728667,0.7112761,14.08895,88.67391,2.071186,0.212862,0.04830767,-0.9758871,0.1177534,-0.002063312,-0.08589502,2.148214,-0.1825711,-4.796688,0.2857184,0.02388726,2.020647,0.03192273,0.035054,-0.9988754,0.2423673,0.9692853,0.04176132,0.9696592,-0.2434279,0.02244627,moving,-71.23415,36.13164,8.04824,0.6772959
05/11/2023 13:09:44.737694,1981,True,True,True,True,Eyes,0.8846477,0.1876634,-3.779613,0.9235158,-0.229712,-0.307166,0.0,0.0,0.0,0.0,0.0,0.0,0.0,-3.861823,-0.2615997,-0.8257632,1.019069,0.1921076,-3.819502,0.09996688,0.68904,-0.07148442,0.7142271,13.96384,88.20127,2.105276,0.2141942,0.04830894,-0.9755955,0.1106882,-0.001939514,-0.08074132,2.165737,-0.1817904,-4.792053,0.2889085,0.0218645,2.020387,0.04022772,0.03565012,-0.9985543,0.2398746,0.9697932,0.04428686,0.96997,-0.2413094,0.03046101,moving,-71.60262,36.79073,8.137934,0.6200273
05/11/2023 13:09:44.758015,1982,True,True,True,True,Eyes,0.8912441,0.1876531,-3.781364,0.925261,-0.2307006,-0.3011133,0.0,0.0,0.0,0.0,0.0,0.0,0.0,-3.868986,-0.2522027,-0.807548,1.029984,0.1909761,-3.819353,0.1001902,0.6862317,-0.0705561,0.7169867,13.91639,87.75068,2.145112,0.2155396,0.04830731,-0.9752992,0.1040469,-0.001823143,-0.07589684,2.182843,-0.186348,-4.785979,0.2920014,0.01990357,2.020134,0.04821584,0.03633185,-0.998176,0.238683,0.9699675,0.04683448,0.9699,-0.2405058,0.03809601,moving,-71.97324,37.45785,8.224881,0.5644941
05/11/2023 13:09:44.777660,1983,True,True,True,True,Eyes,1.060839,0.1855747,-3.822862,0.9560218,-0.2541842,-0.1463306,0.0,0.0,0.0,0.0,0.0,0.0,0.0,-3.875206,-0.2442787,-0.7914875,1.04078,0.1896497,-3.81892,0.1002302,0.6836479,-0.06972094,0.7195266,13.86091,87.33401,2.167058,0.2169014,0.0483016,-0.9749976,0.09780407,-0.001713754,-0.07134303,2.201036,-0.1884519,-4.779762,0.2953273,0.01779466,2.019865,0.05552902,0.03671216,-0.997782,0.2373764,0.9701858,0.0489074,0.9698294,-0.2395657,0.04515888,moving,-81.29774,60.07153,8.318354,0.5047528
05/11/2023 13:09:44.797993,1984,True,True,True,True,Eyes,1.061293,0.1855166,-3.822833,0.9560477,-0.2542103,-0.1461158,0.0,0.0,0.0,0.0,0.0,0.0,0.0,-3.88041,-0.2379161,-0.7783291,1.052016,0.1878225,-3.81811,0.1004259,0.6812859,-0.06922144,0.7217842,13.84469,86.95789,2.178687,0.2231751,0.04809539,-0.9735909,0.6007203,-0.007846126,-0.1915577,2.218069,-0.1943862,-4.773455,0.298463,0.01580618,2.01961,0.06211566,0.03691166,-0.9973863,0.2367634,0.9702461,0.05065251,0.9695798,-0.2392909,0.05152816,moving,-81.31055,60.11044,8.406467,0.4484079
05/11/2023 13:09:44.808032,1985,True,True,True,True,Eyes,1.062194,0.1853854,-3.822742,0.9560705,-0.2543346,-0.1457501,0.0,0.0,0.0,0.0,0.0,0.0,0.0,-3.885322,-0.2286747,-0.7681355,1.063323,0.1862491,-3.817422,0.1014513,0.679127,-0.06871748,0.7237211,13.8972,86.63441,2.263079,0.2283981,0.0479256,-0.9723873,0.5646771,-0.007375359,-0.1800642,2.234493,-0.2042727,-4.766963,0.3016194,0.0138048,2.019353,0.06812885,0.03833206,-0.9969399,0.2372612,0.9699711,0.05350908,0.969054,-0.2401807,0.05698826,moving,-81.33217,60.18451,8.495147,0.3916822
05/11/2023 13:09:44.827724,1986,True,True,True,True,Eyes,1.06353,0.1851833,-3.822591,0.956116,-0.2544726,-0.1452095,0.0,0.0,0.0,0.0,0.0,0.0,0.0,-3.889106,-0.2188531,-0.7599721,1.074912,0.1843903,-3.815909,0.1021185,0.6771331,-0.06790327,0.7255701,13.89524,86.33067,2.347322,0.2327698,0.04778369,-0.971357,0.5307964,-0.006932837,-0.1692604,2.251683,-0.2100229,-4.760767,0.3049527,0.0116911,2.019083,0.07375999,0.0397585,-0.9964833,0.2368328,0.9699219,0.0562292,0.9687466,-0.2401474,0.06212527,moving,-81.36423,60.28966,8.588769,0.3317564
05/11/2023 13:09:44.837842,1987,True,True,True,True,Eyes,1.065293,0.1849104,-3.822372,0.9561378,-0.2547439,-0.1445893,0.0,0.0,0.0,0.0,0.0,0.0,0.0,-3.89253,-0.2116946,-0.7528851,1.086697,0.1824864,-3.814345,0.1028724,0.6752344,-0.06751692,0.7272671,13.93441,86.0445,2.404551,0.2364544,0.04766244,-0.9704726,0.4989486,-0.006516867,-0.1591048,2.268683,-0.2183815,-4.753719,0.3081192,0.009683326,2.018825,0.07899985,0.0407204,-0.9960427,0.2371317,0.9697174,0.058452,0.9682602,-0.240811,0.06695145,moving,-81.40076,60.42133,8.677691,0.274818
05/11/2023 13:09:44.858021,1988,True,True,True,True,Eyes,1.06747,0.1845766,-3.822073,0.9561793,-0.2549952,-0.1438699,0.0,0.0,0.0,0.0,0.0,0.0,0.0,-3.894523,-0.2073989,-0.7497818,1.098651,0.1805102,-3.812201,0.1032689,0.6737299,-0.06726076,0.7286287,13.95268,85.81361,2.429209,0.2396385,0.04755343,-0.9696966,0.4690117,-0.006125855,-0.1495585,2.286247,-0.225985,-4.746244,0.3112745,0.00768346,2.018569,0.08312811,0.04113445,-0.9956897,0.2371669,0.969623,0.0598582,0.9679059,-0.2411205,0.07084721,moving,-81.44328,60.56804,8.766276,0.218089
05/11/2023 13:09:44.877777,1989,True,True,True,True,Eyes,1.07005,0.1841702,-3.821674,0.9562017,-0.2553228,-0.1431379,0.0,0.0,0.0,0.0,0.0,0.0,0.0,-3.895858,-0.2036217,-0.7498767,1.110729,0.1787119,-3.809964,0.1034711,0.6725293,-0.06687356,0.729744,13.94342,85.62735,2.455054,0.2425553,0.04744621,-0.9689763,0.440871,-0.005758304,-0.140585,2.304623,-0.2299222,-4.739132,0.3143926,0.005705342,2.018315,0.0864647,0.04157348,-0.9953872,0.2367758,0.9696434,0.06106591,0.9677093,-0.2409636,0.07399634,moving,-81.48637,60.72434,8.853804,0.1619624
05/11/2023 13:09:44.897416,1990,True,True,True,True,Eyes,1.073026,0.1837081,-3.821165,0.9562416,-0.2556271,-0.1423264,0.0,0.0,0.0,0.0,0.0,0.0,0.0,-3.896298,-0.1962125,-0.7521429,1.122941,0.1765447,-3.806992,0.1036642,0.671478,-0.06595644,0.7307673,13.89158,85.4658,2.528078,0.2452419,0.04733885,-0.9683051,0.4144188,-0.005412805,-0.1321499,2.323169,-0.2335705,-4.731783,0.3177732,0.003562491,2.01804,0.08953428,0.04281883,-0.9950629,0.2356141,0.9698069,0.06293223,0.9677136,-0.2400854,0.07674222,moving,-81.53428,60.89209,8.948672,0.1011454
05/11/2023 13:09:44.908000,1991,True,True,True,True,Eyes,1.076385,0.1831901,-3.82052,0.9562753,-0.2559794,-0.1414635,0.0,0.0,0.0,0.0,0.0,0.0,0.0,-3.896803,-0.1886652,-0.7539904,1.13542,0.1747358,-3.803874,0.1043066,0.6703375,-0.06524278,0.7317863,13.89419,85.30032,2.618785,0.2477316,0.04723003,-0.9676765,0.3895536,-0.005088037,-0.1242209,2.342478,-0.2371515,-4.723355,0.3210062,0.001512166,2.017776,0.09278203,0.04435365,-0.994698,0.2353287,0.969727,0.06519085,0.9674771,-0.2401296,0.07953555,moving,-81.58516,61.07337,9.039382,0.04293872
05/11/2023 13:09:44.927668,1992,True,True,True,True,Eyes,1.080117,0.1826294,-3.819744,0.9563258,-0.2563083,-0.140524,0.0,0.0,0.0,0.0,0.0,0.0,0.0,-3.896914,-0.1800328,-0.7548475,1.147932,0.1728807,-3.800066,0.1047194,0.6690957,-0.06425087,0.7329507,13.85634,85.1143,2.712618,0.2500543,0.04711856,-0.9670843,0.3661804,-0.004782754,-0.1167676,2.361449,-0.2451267,-4.713299,0.3241141,-0.000458613,2.017524,0.09636565,0.04594921,-0.9942849,0.2343201,0.9698113,0.06752841,0.9673716,-0.2394883,0.08268966,moving,-81.64069,61.26574,9.126555,-0.01302418
05/11/2023 13:09:44.937731,1993,True,True,True,True,Eyes,1.084204,0.1820186,-3.818806,0.9563743,-0.2566685,-0.1395331,0.0,0.0,0.0,0.0,0.0,0.0,0.0,-3.896769,-0.1728814,-0.7566864,1.160627,0.171285,-3.796166,0.1053544,0.6679291,-0.06354936,0.7339843,13.85997,84.94523,2.801334,0.252236,0.04700372,-0.9665231,0.3442096,-0.004495789,-0.1097616,2.381219,-0.2536138,-4.701478,0.3271648,-0.002393167,2.017276,0.09966464,0.04745006,-0.9938891,0.234027,0.9697238,0.06976401,0.9671083,-0.2395499,0.08554257,moving,-81.69923,61.4701,9.212105,-0.06797203
05/11/2023 13:09:44.957953,1994,True,True,True,True,Eyes,1.088629,0.1813852,-3.817715,0.9564191,-0.2570823,-0.1384604,0.0,0.0,0.0,0.0,0.0,0.0,0.0,-3.896147,-0.1654831,-0.7578924,1.173226,0.1694941,-3.791644,0.1058882,0.6667039,-0.0627869,0.7350861,13.8508,84.76503,2.885985,0.254301,0.04688464,-0.9659877,0.323557,-0.004226042,-0.1031759,2.403317,-0.2544863,-4.688924,0.3303634,-0.004421284,2.017015,0.1031276,0.04888463,-0.9934661,0.2334997,0.969691,0.07195339,0.9668726,-0.2393944,0.08858731,moving,-81.76255,61.69381,9.301785,-0.1255918
05/11/2023 13:09:44.977788,1995,True,True,True,True,Eyes,1.09339,0.1807311,-3.816454,0.956401,-0.2576079,-0.1376061,0.0,0.0,0.0,0.0,0.0,0.0,0.0,-3.895559,-0.1600012,-0.7575545,1.185729,0.1683273,-3.786896,0.1072786,0.6653085,-0.06275068,0.736151,13.97176,84.57701,2.97465,0.2562691,0.04676132,-0.9654734,0.3041436,-0.00397248,-0.09698533,2.420871,-0.2730243,-4.675111,0.3335768,-0.006458919,2.016752,0.1068538,0.05035881,-0.9929987,0.2351347,0.9691073,0.0744494,0.9660714,-0.2414437,0.09171174,moving,-81.81252,61.89026,9.39186,-0.1834968
05/11/2023 13:09:44.997589,1996,True,True,True,True,Eyes,1.09847,0.1800774,-3.815034,0.9563843,-0.2581593,-0.1366854,0.0,0.0,0.0,0.0,0.0,0.0,0.0,-3.894617,-0.1530513,-0.758091,1.198575,0.1672075,-3.781749,0.1081635,0.6639746,-0.06216387,0.7372749,14.00714,84.3884,3.070497,0.2581595,0.04663371,-0.9649758,0.285895,-0.003734131,-0.09116621,2.443384,-0.2713419,-4.663336,0.3368648,-0.008543814,2.016485,0.1105469,0.05197193,-0.9925112,0.2352993,0.9688726,0.07694201,0.9656157,-0.2420429,0.09487687,moving,-81.86643,62.10051,9.483994,-0.2427598
05/11/2023 13:09:45.008025,1997,True,True,True,True,Eyes,1.103867,0.1794943,-3.81345,0.9562852,-0.2588833,-0.1360073,0.0,0.0,0.0,0.0,0.0,0.0,0.0,-3.893507,-0.1432882,-0.7599158,1.211322,0.1665644,-3.776553,0.1098872,0.662697,-0.06157053,0.7382186,14.11369,84.22914,3.235643,0.2599883,0.04650237,-0.964491,0.2687413,-0.003510083,-0.08569624,2.463789,-0.2736285,-4.650855,0.3400069,-0.01053613,2.016229,0.1140837,0.05473882,-0.9919621,0.2365489,0.9682677,0.08063636,0.9648988,-0.2438468,0.0975151,moving,-81.90542,62.2843,9.572018,-0.2994056
05/11/2023 13:09:45.027717,1998,True,True,True,True,Eyes,1.109592,0.1790646,-3.811692,0.9561955,-0.259611,-0.135249,0.0,0.0,0.0,0.0,0.0,0.0,0.0,-3.89236,-0.1324987,-0.7607782,1.224271,0.1676982,-3.770921,0.1123149,0.6612683,-0.06099031,0.7391819,14.28257,84.06409,3.45339,0.2617705,0.04636948,-0.9640152,0.2526168,-0.003299478,-0.08055447,2.48209,-0.2870806,-4.636396,0.3432564,-0.01259691,2.015965,0.1180089,0.05837469,-0.9912952,0.2387064,0.9673311,0.08538033,0.9638947,-0.2467042,0.1002193,moving,-81.94921,62.48193,9.663027,-0.3580124
05/11/2023 13:09:45.038026,1999,True,True,True,True,Eyes,1.115643,0.1787349,-3.809774,0.9561814,-0.2599787,-0.1346406,0.0,0.0,0.0,0.0,0.0,0.0,0.0,-3.891344,-0.1193748,-0.7616248,1.237894,0.1709401,-3.765007,0.1146808,0.6597773,-0.05970844,0.7402549,14.39317,83.89072,3.725001,0.2635189,0.04623918,-0.963545,0.2374598,-0.003101509,-0.0757212,2.502908,-0.2903665,-4.621831,0.3464249,-0.01460498,2.01571,0.1222577,0.06292861,-0.9905016,0.2397265,0.9665664,0.09099748,0.9631119,-0.2485745,0.1030845,moving,-81.98484,62.62077,9.751727,-0.4151337
05/11/2023 13:09:45.057718,2000,True,True,True,True,Eyes,1.121958,0.1785182,-3.807714,0.9561769,-0.2603746,-0.1339058,0.0,0.0,0.0,0.0,0.0,0.0,0.0,-3.890712,-0.09128934,-0.7623043,1.251672,0.1728906,-3.759057,0.1134697,0.6583383,-0.05434867,0.7421333,13.88529,83.64637,4.06017,0.2652459,0.04611377,-0.9630769,0.2232122,-0.002915419,-0.07117793,2.522031,-0.2970348,-4.608293,0.3495569,-0.01659172,2.015454,0.1272739,0.06873503,-0.9894832,0.2300708,0.9683418,0.0968597,0.9648155,-0.2399789,0.1074307,moving,-82.02798,62.78409,9.8394,-0.4716623
05/11/2023 13:09:45.078085,2001,True,True,True,True,Eyes,1.128564,0.1784378,-3.805531,0.9560986,-0.2609841,-0.1332777,0.0,0.0,0.0,0.0,0.0,0.0,0.0,-3.890952,-0.07191297,-0.7577257,1.2643,0.1753765,-3.753613,0.1164472,0.6562997,-0.05274778,0.7435916,14.02912,83.4052,4.398352,0.2669603,0.04599569,-0.9626088,0.2098195,-0.002740494,-0.06690726,2.540945,-0.3009981,-4.595599,0.3529854,-0.01876532,2.015175,0.1329768,0.07440288,-0.9883225,0.2312941,0.9673154,0.1039416,0.9637532,-0.242415,0.1114215,moving,-82.06425,62.9478,9.935341,-0.533523
05/11/2023 13:09:45.097863,2002,True,True,True,True,Eyes,1.135401,0.1784343,-3.803236,0.9560911,-0.2613714,-0.1325695,0.0,0.0,0.0,0.0,0.0,0.0,0.0,-3.891592,-0.06147322,-0.7513652,1.277656,0.1784578,-3.748142,0.1199117,0.6540592,-0.05265614,0.7450203,14.3328,83.1442,4.641307,0.2686715,0.04588763,-0.9621377,0.1972303,-0.002576064,-0.06289282,2.568257,-0.2740194,-4.583279,0.3558706,-0.02059457,2.014941,0.1388679,0.07839891,-0.9872028,0.2353185,0.9656971,0.1097928,0.9619465,-0.2475537,0.1156556,moving,-82.10583,63.10555,10.01605,-0.5855959
05/11/2023 13:09:45.107943,2003,True,True,True,True,Eyes,1.142417,0.1784625,-3.800835,0.9559383,-0.2621897,-0.1320544,0.0,0.0,0.0,0.0,0.0,0.0,0.0,-3.890355,-0.05557999,-0.7563672,1.290199,0.1802437,-3.743387,0.1180932,0.6533968,-0.05013739,0.746065,13.98865,83.00011,4.700203,0.2703851,0.04579058,-0.9616621,0.1853965,-0.0024215,-0.05911925,2.588819,-0.269881,-4.568799,0.3590559,-0.02261508,2.01468,0.1411178,0.07951195,-0.9867945,0.2291349,0.9670805,0.1106912,0.963111,-0.2417296,0.1182533,moving,-82.13487,63.26744,10.10515,-0.6431265
05/11/2023 13:09:45.128033,2004,True,True,True,True,Eyes,1.14962,0.1785475,-3.798355,0.9557549,-0.2631533,-0.131464,0.0,0.0,0.0,0.0,0.0,0.0,0.0,-3.889738,-0.04814988,-0.7576199,1.301627,0.1812571,-3.738888,0.1231907,0.6519469,-0.05160725,0.7464088,14.54804,82.90356,4.954015,0.272106,0.04570427,-0.9611807,0.1742727,-0.00227621,-0.0555721,2.607699,-0.276153,-4.553163,0.3623661,-0.02471371,2.014411,0.1446041,0.08358737,-0.9859527,0.2376678,0.9643215,0.1166109,0.9605227,-0.2511916,0.1195787,moving,-82.16812,63.45457,10.19769,-0.7028953
05/11/2023 13:09:45.137465,2005,True,True,True,True,Eyes,1.157,0.1787118,-3.79583,0.9555491,-0.2641631,-0.1309336,0.0,0.0,0.0,0.0,0.0,0.0,0.0,-3.890091,-0.03328583,-0.7556479,1.31333,0.1827295,-3.734527,0.1272853,0.6501511,-0.05140617,0.7473016,14.89713,82.73524,5.264962,0.2738383,0.04562908,-0.9606922,0.1638163,-0.002139637,-0.05223778,2.630198,-0.2632459,-4.539101,0.3655802,-0.02675166,2.014151,0.1493219,0.08867747,-0.9848043,0.2423411,0.9623117,0.1233974,0.9586313,-0.2570845,0.1222041,moving,-82.19767,63.63448,10.28752,-0.7609493
05/11/2023 13:09:45.157845,2006,True,True,True,True,Eyes,1.164562,0.1789427,-3.793253,0.9554071,-0.2650057,-0.1302661,0.0,0.0,0.0,0.0,0.0,0.0,0.0,-3.89082,-0.02165022,-0.7525177,1.324859,0.1847219,-3.730397,0.1289365,0.6484836,-0.05021212,0.7485473,14.96053,82.52472,5.467655,0.2755851,0.04556584,-0.9601955,0.1539873,-0.002011259,-0.04910351,2.643705,-0.2832589,-4.522192,0.3687601,-0.02876803,2.013891,0.1538954,0.09205408,-0.9837897,0.2423987,0.9617083,0.1279066,0.9578931,-0.2581536,0.1256887,moving,-82.23582,63.82314,10.37638,-0.8184031
05/11/2023 13:09:45.177669,2007,True,True,True,True,Eyes,1.172298,0.1792319,-3.79063,0.9553415,-0.2655578,-0.129621,0.0,0.0,0.0,0.0,0.0,0.0,0.0,-3.891945,-0.0106456,-0.7495944,1.336756,0.1865135,-3.726599,0.1288037,0.6469482,-0.04810795,0.7500356,14.80093,82.28835,5.60883,0.2773495,0.04551503,-0.9596897,0.1447481,-0.001890584,-0.0461573,2.660507,-0.2915978,-4.505772,0.3720198,-0.03083514,2.013626,0.1582874,0.0944933,-0.9828613,0.238824,0.9621904,0.1309681,0.9580754,-0.2554615,0.1297354,moving,-82.27328,63.98261,10.46743,-0.8773157
05/11/2023 13:09:45.187991,2008,True,True,True,True,Eyes,1.180193,0.1795493,-3.787968,0.9553787,-0.2658173,-0.1288124,0.0,0.0,0.0,0.0,0.0,0.0,0.0,-3.892741,-0.001862198,-0.7484508,1.348647,0.1881083,-3.722818,0.1261894,0.6457987,-0.04490003,0.7516678,14.34131,82.0475,5.656101,0.2791341,0.04547684,-0.959174,0.1360632,-0.001777149,-0.04338786,2.676754,-0.2969086,-4.490486,0.3752857,-0.03290553,2.01336,0.1618561,0.09548605,-0.9821839,0.2304857,0.9641204,0.1317122,0.9595203,-0.2476977,0.1340407,moving,-82.3212,64.14563,10.55863,-0.9363351
05/11/2023 13:09:45.207889,2009,True,True,True,True,Eyes,1.188235,0.1798552,-3.785281,0.9554697,-0.2658928,-0.1279793,0.0,0.0,0.0,0.0,0.0,0.0,0.0,-3.894049,0.001272738,-0.7453804,1.360308,0.1890446,-3.719279,0.1232459,0.6445473,-0.04246788,0.7533696,13.91278,81.78247,5.609934,0.2809408,0.04545068,-0.9586477,0.1278994,-0.00167052,-0.04078459,2.691545,-0.3062871,-4.474827,0.3785298,-0.03496329,2.013096,0.1655106,0.09488756,-0.9816326,0.2228636,0.9660138,0.1309543,0.9606966,-0.2404445,0.1387386,moving,-82.37099,64.2976,10.64919,-0.9950087
05/11/2023 13:09:45.227710,2010,True,True,True,True,Eyes,1.196409,0.1801834,-3.782579,0.9555871,-0.2659293,-0.1270231,0.0,0.0,0.0,0.0,0.0,0.0,0.0,-3.895521,0.004017413,-0.7418985,1.371851,0.1890033,-3.715887,0.1199748,0.643271,-0.04006745,0.755118,13.45837,81.50795,5.537144,0.2827703,0.04543503,-0.9581103,0.1202254,-0.001570289,-0.03833752,2.709977,-0.3023613,-4.458675,0.3816526,-0.03694319,2.012842,0.1691942,0.09384132,-0.981105,0.2148639,0.9680012,0.1296418,0.9618767,-0.2327387,0.1436171,moving,-82.42825,64.46819,10.73633,-1.051474
05/11/2023 13:09:45.237485,2011,True,True,True,True,Eyes,1.204728,0.180521,-3.779848,0.9557236,-0.2659014,-0.1260509,0.0,0.0,0.0,0.0,0.0,0.0,0.0,-3.897421,0.0040299,-0.7381988,1.383187,0.1898585,-3.712895,0.1195747,0.6418209,-0.03958518,0.7564397,13.39808,81.27666,5.521676,0.2846237,0.04542936,-0.9575617,0.1130119,-0.001476071,-0.03603727,2.728312,-0.2983024,-4.442269,0.3848723,-0.03898466,2.012581,0.172998,0.09360351,-0.9804643,0.2133787,0.9682698,0.130089,0.9615307,-0.2317154,0.1475357,moving,-82.4866,64.63666,10.82615,-1.109708
05/11/2023 13:09:45.257776,2012,True,True,True,True,Eyes,1.415631,0.188532,-3.711788,0.9600768,-0.2619068,-0.09827131,0.0,0.0,0.0,0.0,0.0,0.0,0.0,-3.899112,0.01272017,-0.7361975,1.395025,0.1904289,-3.709833,0.1178769,0.6404908,-0.03712498,0.7579566,13.07625,81.03722,5.580338,0.2865023,0.04543285,-0.9570012,0.1062312,-0.001387507,-0.03387503,2.746244,-0.2933422,-4.426723,0.3880225,-0.04098174,2.012325,0.1767864,0.09471989,-0.9796811,0.2072764,0.9694536,0.1311347,0.9621763,-0.2262476,0.151753,moving,-84.15569,69.43317,10.914,-1.166689
05/11/2023 13:09:45.277460,2013,True,True,True,True,Eyes,1.416074,0.1885333,-3.711705,0.959927,-0.2624611,-0.09825657,0.0,0.0,0.0,0.0,0.0,0.0,0.0,-3.901574,0.01621282,-0.731916,1.406254,0.1903085,-3.707355,0.1165645,0.6390144,-0.03579322,0.7594683,12.87348,80.78309,5.569004,0.2971341,0.04574354,-0.9537389,0.7325661,0.02272887,0.172338,2.764884,-0.2847483,-4.411701,0.3914285,-0.04314191,2.012048,0.1807588,0.09460522,-0.9789668,0.2033405,0.9702631,0.1313094,0.9622779,-0.2227989,0.1561466,moving,-84.15565,69.4758,11.00895,-1.228336
05/11/2023 13:09:45.297898,2014,True,True,True,True,Eyes,1.416952,0.1885355,-3.711539,0.9597555,-0.2631439,-0.09810536,0.0,0.0,0.0,0.0,0.0,0.0,0.0,-3.904339,0.008211106,-0.7258103,1.417266,0.190379,-3.704841,0.1186233,0.6372531,-0.03802436,0.7605202,13.23192,80.5592,5.50286,0.3057687,0.04599284,-0.9509938,0.6886122,0.02136514,0.1619977,2.782757,-0.2774387,-4.397453,0.394369,-0.04500663,2.011808,0.1849253,0.09334955,-0.9783089,0.2090227,0.9689654,0.1319686,0.9602666,-0.2288931,0.159674,moving,-84.16355,69.55353,11.0909,-1.281564
05/11/2023 13:09:45.307966,2015,True,True,True,True,Eyes,1.418221,0.1885261,-3.711339,0.9594393,-0.2643573,-0.09793574,0.0,0.0,0.0,0.0,0.0,0.0,0.0,-3.907249,0.004232615,-0.7213638,1.428575,0.1904411,-3.702687,0.1199998,0.6356396,-0.03926226,0.7615909,13.45578,80.34422,5.472478,0.3128023,0.04619355,-0.9486939,0.6472954,0.02008323,0.1522778,2.79774,-0.2812555,-4.381932,0.3975516,-0.04702485,2.011549,0.1888414,0.09274975,-0.9776177,0.2123569,0.9681171,0.1328683,0.9587719,-0.2326949,0.1631246,moving,-84.17167,69.67198,11.17956,-1.339184
05/11/2023 13:09:45.328440,2016,True,True,True,True,Eyes,1.419869,0.1885193,-3.711079,0.9590179,-0.2659733,-0.09768667,0.0,0.0,0.0,0.0,0.0,0.0,0.0,-3.910017,-0.005192816,-0.7168667,1.439075,0.1901471,-3.700685,0.1226865,0.6340542,-0.04207765,0.7623338,13.91104,80.16231,5.404578,0.3185526,0.04635527,-0.9467706,0.6084577,0.01887824,0.1431412,2.812632,-0.2850166,-4.366192,0.4007794,-0.0490712,2.011286,0.1924095,0.09142532,-0.9770465,0.2197342,0.966355,0.133697,0.9563971,-0.2404151,0.1658466,moving,-84.18385,69.83273,11.26945,-1.397621
05/11/2023 13:09:45.337435,2017,True,True,True,True,Eyes,1.421881,0.1885136,-3.710759,0.9585141,-0.2678822,-0.09741571,2.090489,3.425644,-0.3714913,-3.914406,0.02438915,0.5434043,0.8391168,0.5470231,-0.1143423,1.988385,1.449804,0.1903172,-3.698978,0.1263986,0.6324568,-0.04646606,0.7627992,14.57275,80.00109,5.275973,0.3232763,0.04648579,-0.9451617,0.5719502,0.01774555,0.1345527,2.824229,-0.299417,-4.349505,0.4038594,-0.05102419,2.011036,0.1956786,0.08899479,-0.9766216,0.2307719,0.9637286,0.134058,0.9531286,-0.2516091,0.1680435,moving,-84.19685,70.01614,11.35519,-1.453402
05/11/2023 13:09:45.357442,2018,True,True,True,True,Eyes,1.424239,0.1885108,-3.710397,0.9579616,-0.2699798,-0.0970596,0.0,0.0,0.0,0.0,0.0,0.0,0.0,-3.915814,-0.03416777,-0.7100649,1.460564,0.1904316,-3.697222,0.1279753,0.6311781,-0.04891468,0.7634422,14.90109,79.83955,5.157054,0.3271808,0.04659125,-0.943812,0.5376332,0.01668081,0.1264795,2.836957,-0.3108887,-4.331882,0.4071571,-0.05311486,2.010768,0.1984433,0.08686331,-0.9762557,0.2362375,0.9624593,0.1336557,0.9512162,-0.2571512,0.1704733,moving,-84.2146,70.22614,11.44695,-1.513128
05/11/2023 13:09:45.377574,2019,True,True,True,True,Eyes,1.426942,0.1885144,-3.710022,0.9574273,-0.272041,-0.09657478,0.0,0.0,0.0,0.0,0.0,0.0,0.0,-3.918802,-0.05008471,-0.7074804,1.471237,0.1905742,-3.695834,0.1295307,0.6299317,-0.05190092,0.7640119,15.2668,79.68047,4.988382,0.3304342,0.04667654,-0.9426737,0.5053752,0.01567996,0.1188907,2.850218,-0.3184221,-4.314876,0.4105463,-0.05526428,2.010492,0.2009847,0.08388517,-0.9759962,0.2424969,0.9610562,0.132538,0.9491051,-0.2633141,0.1728157,moving,-84.24011,70.45509,11.54124,-1.574546
05/11/2023 13:09:45.397416,2020,True,True,True,True,Eyes,1.429984,0.1885328,-3.709612,0.9569415,-0.2739636,-0.09595211,0.0,0.0,0.0,0.0,0.0,0.0,0.0,-3.921887,-0.06343901,-0.7039354,1.482066,0.1907161,-3.6943,0.1299963,0.6286307,-0.05392103,0.764864,15.46513,79.48721,4.818299,0.3332622,0.04674798,-0.9416741,0.4750527,0.01473917,0.1117573,2.859436,-0.3385301,-4.298032,0.4135974,-0.05719858,2.010244,0.2038319,0.08095485,-0.975653,0.2459239,0.960387,0.1310661,0.9476149,-0.2666518,0.1758487,moving,-84.27412,70.69788,11.62608,-1.629829
05/11/2023 13:09:45.407632,2021,True,True,True,True,Eyes,1.433357,0.1885492,-3.709176,0.9565676,-0.2755301,-0.09519279,0.0,0.0,0.0,0.0,0.0,0.0,0.0,-3.925366,-0.07184222,-0.7009821,1.493209,0.1910907,-3.693081,0.1283692,0.6274676,-0.05402504,0.7660855,15.33614,79.26637,4.658192,0.3358756,0.04681163,-0.9407419,0.4465495,0.01385481,0.1050519,2.870678,-0.3497067,-4.282535,0.4167054,-0.05916959,2.009991,0.2067313,0.07831942,-0.975258,0.2438706,0.9612053,0.1288856,0.9475174,-0.2644814,0.1796114,moving,-84.31693,70.94051,11.71247,-1.686171
05/11/2023 13:09:45.427705,2022,True,True,True,True,Eyes,1.437058,0.1885536,-3.708714,0.9562773,-0.2768432,-0.09429472,0.0,0.0,0.0,0.0,0.0,0.0,0.0,-3.928844,-0.07866934,-0.6979728,1.50445,0.1910377,-3.691788,0.1260416,0.6263087,-0.05357861,0.7674506,15.10418,79.03116,4.493777,0.3383035,0.04686814,-0.9398687,0.4197566,0.01302353,0.09874875,2.882529,-0.3571157,-4.268921,0.4201492,-0.06135347,2.009711,0.2097335,0.07564408,-0.9748282,0.2401198,0.9624857,0.126348,0.9478157,-0.2605749,0.1837018,moving,-84.3685,71.1908,11.80816,-1.748612
05/11/2023 13:09:45.437736,2023,True,True,True,True,Eyes,1.441065,0.1885219,-3.70822,0.9560545,-0.2779362,-0.09333436,0.0,0.0,0.0,0.0,0.0,0.0,0.0,-3.932264,-0.08765274,-0.6969769,1.515986,0.1907314,-3.690741,0.1226143,0.6254072,-0.05283023,0.7687916,14.75051,78.81026,4.277965,0.3405723,0.04691787,-0.9390464,0.3945712,0.01224211,0.09282383,2.893601,-0.3654124,-4.256579,0.4231809,-0.06327545,2.009464,0.2121496,0.07213683,-0.9745712,0.2345986,0.9643494,0.1224489,0.9486601,-0.2546105,0.1876632,moving,-84.4242,71.43732,11.89237,-1.803575
05/11/2023 13:09:45.457719,2024,True,True,True,True,Eyes,1.445374,0.1884502,-3.707708,0.9558727,-0.2789135,-0.09227612,0.0,0.0,0.0,0.0,0.0,0.0,0.0,-3.935312,-0.09438318,-0.6970999,1.527323,0.1898295,-3.689552,0.1199286,0.6245395,-0.05224412,0.7699598,14.47381,78.61503,4.107134,0.3427048,0.04696051,-0.9382682,0.3708969,0.01150759,0.0872544,2.907614,-0.3627443,-4.24669,0.4263521,-0.06528684,2.009207,0.2144421,0.06934848,-0.9742717,0.230252,0.9657754,0.1194233,0.9492094,-0.2499374,0.1911353,moving,-84.48598,71.69365,11.98041,-1.861105
05/11/2023 13:09:45.477645,2025,True,True,True,True,Eyes,1.449972,0.1883301,-3.707139,0.955736,-0.2797509,-0.09114842,0.0,0.0,0.0,0.0,0.0,0.0,0.0,-3.938955,-0.09604609,-0.6965196,1.53883,0.1887895,-3.688643,0.1187434,0.623439,-0.05180634,0.7710643,14.34227,78.42192,4.034631,0.3447217,0.0469957,-0.9375272,0.3486431,0.01081713,0.08201914,2.92263,-0.35636,-4.237011,0.4295374,-0.06730603,2.008947,0.2172801,0.06816653,-0.9737263,0.2279506,0.9664322,0.1185215,0.9491196,-0.2477138,0.1944478,moving,-84.55219,71.95336,12.06881,-1.91887
05/11/2023 13:09:45.487831,2026,True,True,True,True,Eyes,1.454856,0.1881628,-3.706562,0.9556238,-0.2805471,-0.08986954,0.0,0.0,0.0,0.0,0.0,0.0,0.0,-3.943163,-0.09401268,-0.692709,1.55051,0.1875877,-3.68754,0.1178164,0.6219434,-0.05106913,0.7724621,14.21385,78.17731,4.001859,0.3466411,0.04702291,-0.9368179,0.3277245,0.0101681,0.07709799,2.937486,-0.3523127,-4.225389,0.4327853,-0.06936606,2.008683,0.2211567,0.06765232,-0.972889,0.2254482,0.9670225,0.1184932,0.9488218,-0.2455416,0.1986114,moving,-84.62755,72.23783,12.15892,-1.977815
05/11/2023 13:09:45.507840,2027,True,True,True,True,Eyes,1.460026,0.1879393,-3.705994,0.955489,-0.2814602,-0.08843577,0.0,0.0,0.0,0.0,0.0,0.0,0.0,-3.948328,-0.09528598,-0.6852887,1.562256,0.1862958,-3.68682,0.1172949,0.6201015,-0.05110548,0.7740184,14.17935,77.88791,3.924473,0.3484795,0.04704166,-0.9361347,0.308061,0.009558018,0.07247211,2.952298,-0.3495242,-4.212599,0.4359089,-0.07134634,2.008429,0.225725,0.06635626,-0.9719286,0.2245826,0.9672603,0.1181956,0.9479509,-0.2449579,0.2034323,moving,-84.71203,72.5571,12.24554,-2.034489
05/11/2023 13:09:45.527954,2028,True,True,True,True,Eyes,1.465472,0.1876566,-3.705432,0.9553558,-0.2824005,-0.08686232,0.0,0.0,0.0,0.0,0.0,0.0,0.0,-3.95387,-0.09734994,-0.6761274,1.574159,0.1847448,-3.686137,0.1172713,0.6180479,-0.05159191,0.7756304,14.22267,77.5773,3.840494,0.3502508,0.04705128,-0.935473,0.2895773,0.008984537,0.06812378,2.966983,-0.3480234,-4.200121,0.4391737,-0.07341667,2.008163,0.2307102,0.06492604,-0.9708539,0.2249911,0.9671714,0.1181458,0.9466528,-0.2456909,0.2085286,moving,-84.80487,72.90285,12.33604,-2.09375
05/11/2023 13:09:45.547629,2029,True,True,True,True,Eyes,1.471184,0.1873038,-3.704861,0.95518,-0.2834978,-0.08520651,0.0,0.0,0.0,0.0,0.0,0.0,0.0,-3.959616,-0.1000845,-0.6677158,1.586205,0.1830643,-3.685765,0.1174287,0.6160554,-0.05227692,0.7771444,14.29587,77.27974,3.753196,0.3519676,0.04705108,-0.9348284,0.2722027,0.008445465,0.06403635,2.980782,-0.3490067,-4.187892,0.4423076,-0.07540368,2.007908,0.2354858,0.06343175,-0.9698057,0.2259386,0.9669552,0.1181072,0.9452505,-0.2469291,0.2133726,moving,-84.90244,73.27162,12.42287,-2.150637
05/11/2023 13:09:45.557814,2030,True,True,True,True,Eyes,1.477159,0.1868918,-3.704302,0.9550114,-0.2846037,-0.08339097,0.0,0.0,0.0,0.0,0.0,0.0,0.0,-3.965427,-0.1010288,-0.6587827,1.598336,0.1811152,-3.685286,0.117953,0.613957,-0.05295403,0.7786782,14.40165,76.97538,3.691902,0.3536412,0.04704019,-0.9341971,0.2558706,0.007938737,0.06019417,2.994207,-0.350108,-4.17661,0.4455529,-0.07746146,2.007645,0.2405054,0.06236784,-0.9686421,0.2273044,0.9665659,0.1186719,0.9436578,-0.2487178,0.2182878,moving,-85.00963,73.66903,12.51275,-2.209561
05/11/2023 13:09:45.578052,2031,True,True,True,True,Eyes,1.483404,0.1864185,-3.703776,0.9548513,-0.2857072,-0.08142748,0.0,0.0,0.0,0.0,0.0,0.0,0.0,-3.972054,-0.09916607,-0.6473889,1.610603,0.1792958,-3.6851,0.1183882,0.6115881,-0.05321683,0.7804565,14.47084,76.63084,3.655985,0.3552817,0.04701808,-0.9335755,0.2405183,0.007462413,0.05658252,3.007379,-0.3531227,-4.166345,0.4488164,-0.07953052,2.007379,0.2462561,0.06174272,-0.9672362,0.2278764,0.9663044,0.1197001,0.9420353,-0.2498872,0.2238887,moving,-85.12574,74.09228,12.6031,-2.26882
05/11/2023 13:09:45.597812,2032,True,True,True,True,Eyes,1.489905,0.1858854,-3.703279,0.954722,-0.2867475,-0.07925797,0.0,0.0,0.0,0.0,0.0,0.0,0.0,-3.979207,-0.094648,-0.6337154,1.623137,0.1773229,-3.684919,0.1181523,0.6089796,-0.05280095,0.7825574,14.43203,76.23889,3.627037,0.3568971,0.04698421,-0.9329609,0.2260872,0.007014668,0.05318757,3.019771,-0.3576146,-4.158053,0.4520316,-0.08156968,2.007117,0.2527119,0.06126517,-0.9656,0.2265442,0.9665042,0.1206126,0.9406458,-0.2492314,0.2303678,moving,-85.25437,74.54902,12.69207,-2.327232
05/11/2023 13:09:45.607967,2033,True,True,True,True,Eyes,1.496662,0.1852937,-3.702793,0.9546186,-0.2877128,-0.07697232,0.0,0.0,0.0,0.0,0.0,0.0,0.0,-3.987194,-0.08807403,-0.6175935,1.635747,0.1753507,-3.68517,0.1180582,0.6061029,-0.05222433,0.7848403,14.39588,75.81232,3.61875,0.3584962,0.0469381,-0.9323499,0.212522,0.006593788,0.04999632,3.032818,-0.3605676,-4.149623,0.455289,-0.08363477,2.006853,0.2598237,0.06113533,-0.963719,0.2250863,0.9666698,0.122007,0.9390569,-0.2486203,0.2374029,moving,-85.39013,75.02232,12.78217,-2.386397
05/11/2023 13:09:45.627747,2034,True,True,True,True,Eyes,1.503669,0.1846531,-3.702352,0.9545472,-0.2886076,-0.07446721,0.0,0.0,0.0,0.0,0.0,0.0,0.0,-3.995384,-0.08135912,-0.6004295,1.648657,0.1733712,-3.68539,0.1176809,0.60311,-0.05148872,0.7872474,14.32339,75.36422,3.602465,0.3600851,0.04687943,-0.9317403,0.1997707,0.00619816,0.04699654,3.045511,-0.3651113,-4.141661,0.4584693,-0.08565065,2.006594,0.2672146,0.06088025,-0.961712,0.2230177,0.9670002,0.1231812,0.9374751,-0.2473946,0.2448193,moving,-85.53922,75.53197,12.8701,-2.444163
05/11/2023 13:09:45.647871,2035,True,True,True,True,Eyes,1.510926,0.1839681,-3.701946,0.9544578,-0.2895578,-0.07187955,0.0,0.0,0.0,0.0,0.0,0.0,0.0,-4.004228,-0.07354739,-0.5818305,1.661624,0.1715512,-3.686103,0.117507,0.5999616,-0.05072101,0.7897249,14.268,74.89955,3.602042,0.36167,0.04680806,-0.9311299,0.1877844,0.005826271,0.04417675,3.058159,-0.369348,-4.135103,0.4617835,-0.08775295,2.006325,0.2749468,0.06088815,-0.9595295,0.2211108,0.967239,0.1247352,0.9356892,-0.2464578,0.2524763,moving,-85.69323,76.05875,12.96168,-2.504415
05/11/2023 13:09:45.657804,2036,True,True,True,True,Eyes,1.518422,0.1832602,-3.701588,0.9543685,-0.2905477,-0.06901284,0.0,0.0,0.0,0.0,0.0,0.0,0.0,-4.013288,-0.07043272,-0.5612156,1.674897,0.1698152,-3.686771,0.1178069,0.5966043,-0.05089154,0.792209,14.3225,74.41177,3.54643,0.3632558,0.04672403,-0.9305167,0.1765174,0.005476695,0.04152614,3.070988,-0.3723021,-4.129657,0.4648035,-0.08966762,2.006079,0.2829467,0.05993474,-0.9572613,0.2212017,0.9670631,0.1259312,0.9332798,-0.2473796,0.2603697,moving,-85.864,76.63834,13.0451,-2.5593
05/11/2023 13:09:45.677953,2037,True,True,True,True,Eyes,1.526174,0.1825429,-3.70131,0.9542624,-0.291515,-0.0663503,0.0,0.0,0.0,0.0,0.0,0.0,0.0,-4.023285,-0.07126608,-0.5339446,1.68805,0.1685894,-3.68769,0.1179439,0.5926633,-0.05157876,0.7950969,14.40009,73.8337,3.42007,0.364847,0.0466279,-0.9298987,0.1659263,0.005148093,0.03903458,3.084289,-0.373941,-4.12458,0.4680563,-0.09173031,2.005814,0.2921797,0.05778179,-0.9546164,0.2218222,0.9668577,0.126416,0.9302827,-0.2486913,0.269679,moving,-86.0226,77.17763,13.13492,-2.618438
05/11/2023 13:09:45.697609,2038,True,True,True,True,Eyes,1.53416,0.1818146,-3.701088,0.9541772,-0.2924529,-0.0633813,0.0,0.0,0.0,0.0,0.0,0.0,0.0,-4.033409,-0.07166123,-0.5056744,1.701627,0.1675838,-3.688579,0.1176073,0.5886095,-0.05192195,0.7981301,14.40979,73.23239,3.289071,0.3664474,0.04652046,-0.9292746,0.1559707,0.004839207,0.0366925,3.097423,-0.3768066,-4.119099,0.4711297,-0.09367954,2.005563,0.3016861,0.05556864,-0.9517866,0.2213305,0.9669452,0.1266084,0.927361,-0.2488554,0.279415,moving,-86.19971,77.77179,13.21974,-2.674333
05/11/2023 13:09:45.707727,2039,True,True,True,True,Eyes,1.542371,0.1810856,-3.700919,0.9540625,-0.2934276,-0.06053989,0.0,0.0,0.0,0.0,0.0,0.0,0.0,-4.043861,-0.06853557,-0.4761753,1.715174,0.1666004,-3.689807,0.1172862,0.5844094,-0.0518036,0.8012653,14.38899,72.61493,3.199941,0.3680602,0.04640244,-0.9286429,0.1466125,0.004548855,0.03449095,3.11109,-0.378381,-4.112313,0.4743133,-0.09569802,2.005305,0.311564,0.05406945,-0.9486857,0.2201032,0.9671206,0.1274057,0.9243823,-0.2485037,0.2894191,moving,-86.36917,78.34233,13.30756,-2.732221
05/11/2023 13:09:45.727542,2040,True,True,True,True,Eyes,1.550802,0.1804134,-3.700799,0.9539344,-0.2944777,-0.05737758,0.0,0.0,0.0,0.0,0.0,0.0,0.0,-4.054272,-0.06529719,-0.4450471,1.72872,0.1658829,-3.690997,0.117502,0.5800171,-0.05196164,0.8044088,14.43708,71.98208,3.120053,0.3696885,0.0462747,-0.9280024,0.1378157,0.004275924,0.03242149,3.124422,-0.3812232,-4.106233,0.4776771,-0.0978309,2.005032,0.3217602,0.05270957,-0.9453529,0.2199032,0.9669865,0.128762,0.9209305,-0.2493166,0.2995468,moving,-86.5579,78.97433,13.4003,-2.7934
05/11/2023 13:09:45.737748,2041,True,True,True,True,Eyes,1.55947,0.1798689,-3.700705,0.9537961,-0.2955158,-0.05425226,0.0,0.0,0.0,0.0,0.0,0.0,0.0,-4.064829,-0.0653373,-0.4107575,1.742366,0.1666083,-3.692184,0.1182269,0.5753251,-0.05272163,0.8076162,14.57387,71.31563,3.013523,0.3713341,0.04613954,-0.9273518,0.1295468,0.004019368,0.0304762,3.137871,-0.3837088,-4.098865,0.480779,-0.09979736,2.004779,0.332443,0.0508801,-0.9417499,0.2211955,0.9664857,0.1302997,0.9168174,-0.251628,0.3100469,moving,-86.74451,79.5972,13.48579,-2.849816
05/11/2023 13:09:45.757873,2042,True,True,True,True,Eyes,1.782053,0.1712644,-3.698903,0.9467375,-0.3203187,0.0329246,0.0,0.0,0.0,0.0,0.0,0.0,0.0,-4.075192,-0.06481168,-0.3754179,1.756725,0.1691693,-3.692916,0.1182407,0.5705103,-0.0527489,0.8110208,14.59465,70.62316,2.923342,0.3729998,0.04600074,-0.92669,0.121774,0.003778206,0.02864763,3.150017,-0.3899204,-4.091154,0.4839069,-0.1017814,2.004524,0.3434709,0.04935419,-0.9378657,0.220476,0.9664733,0.1316038,0.9129174,-0.2519789,0.321074,moving,88.00823,-84.13135,13.57195,-2.906745
05/11/2023 13:09:45.778638,2043,True,True,True,True,Eyes,1.782626,0.1713563,-3.698894,0.9468602,-0.3199357,0.03312042,0.0,0.0,0.0,0.0,0.0,0.0,0.0,-4.085649,-0.05832481,-0.3366053,1.771191,0.1736403,-3.693503,0.1190468,0.5652522,-0.05219375,0.8146126,14.6527,69.89036,2.935579,0.3828436,0.04539178,-0.9226969,0.7822153,-0.02226193,0.03233539,3.163335,-0.3932233,-4.083134,0.4871993,-0.1038686,2.004256,0.3555315,0.04954752,-0.9333501,0.2196183,0.9662074,0.1349487,0.9084961,-0.2529593,0.3326356,moving,87.99665,-84.08968,13.6626,-2.966643
05/11/2023 13:09:45.787357,2044,True,True,True,True,Eyes,1.783698,0.1715563,-3.698905,0.9468576,-0.3198731,0.03379045,0.0,0.0,0.0,0.0,0.0,0.0,0.0,-4.095375,-0.05328089,-0.2986715,1.785617,0.1758983,-3.693882,0.1141451,0.5603781,-0.04882469,0.8188794,13.98469,69.11706,2.833333,0.390787,0.04488661,-0.9193857,0.7352824,-0.02092622,0.03039527,3.175879,-0.3977641,-4.076066,0.4903389,-0.105859,2.004002,0.3671848,0.04796574,-0.9289105,0.2078919,0.9691741,0.1322215,0.906618,-0.2416627,0.3458944,moving,87.95616,-83.96981,13.749,-3.023769
05/11/2023 13:09:45.807845,2045,True,True,True,True,Eyes,1.785283,0.1718488,-3.698906,0.9468457,-0.3198231,0.03459001,0.0,0.0,0.0,0.0,0.0,0.0,0.0,-4.104758,-0.05547702,-0.2538185,1.798603,0.1787756,-3.694536,0.1170916,0.5545967,-0.05107197,0.8222554,14.43059,68.34183,2.715904,0.3972112,0.04447053,-0.9166489,0.6911654,-0.01967064,0.02857155,3.18816,-0.4021646,-4.068517,0.4934966,-0.1078622,2.003745,0.3796283,0.04588879,-0.9240004,0.2138656,0.9673624,0.1359096,0.90008,-0.249207,0.3574241,moving,87.90781,-83.82726,13.83585,-3.081275
05/11/2023 13:09:45.827780,2046,True,True,True,True,Eyes,1.787303,0.1722193,-3.698903,0.9468181,-0.3197658,0.0358514,0.0,0.0,0.0,0.0,0.0,0.0,0.0,-4.11312,-0.044285,-0.2147899,1.812439,0.1812709,-3.694327,0.1175236,0.5492759,-0.04991951,0.8258283,14.41526,67.6067,2.76115,0.4024235,0.04413087,-0.914389,0.6496955,-0.0184904,0.02685726,3.20185,-0.4020535,-4.060493,0.4967315,-0.1099126,2.003482,0.391608,0.0466559,-0.9189486,0.2115557,0.9673925,0.1392695,0.8954817,-0.2489478,0.3689683,moving,87.83152,-83.60285,13.92479,-3.140145
05/11/2023 13:09:45.837375,2047,True,True,True,True,Eyes,1.78971,0.1726419,-3.698876,0.9466146,-0.3202079,0.03725038,0.0,0.0,0.0,0.0,0.0,0.0,0.0,-4.120774,-0.03312618,-0.1733882,1.824827,0.1835083,-3.694357,0.1179371,0.5438504,-0.04886365,0.8294154,14.40573,66.85923,2.794666,0.4066703,0.04385678,-0.9125214,0.6107138,-0.01738098,0.02524582,3.222291,-0.3818398,-4.049293,0.4998631,-0.1118987,2.003227,0.4036783,0.04722377,-0.9136814,0.2093368,0.9674064,0.1424887,0.89063,-0.2487868,0.3806353,moving,87.74651,-83.3645,14.01084,-3.197175
05/11/2023 13:09:45.862648,2048,True,True,True,True,Eyes,1.792511,0.1731415,-3.698796,0.9463741,-0.3206917,0.03915281,0.0,0.0,0.0,0.0,0.0,0.0,0.0,-4.127486,-0.032076,-0.1266501,1.836596,0.1853005,-3.694021,0.1227636,0.537772,-0.05204271,0.8324795,15.09205,66.08097,2.694474,0.4101504,0.04363862,-0.910973,0.5740709,-0.01633812,0.02373108,3.235206,-0.3829643,-4.039505,0.5030962,-0.1139487,2.002964,0.4161857,0.04538866,-0.9081461,0.2186866,0.9644413,0.1484221,0.8825904,-0.2603706,0.3914608,moving,87.63094,-83.03929,14.09964,-3.256049
05/11/2023 13:09:45.877954,2049,True,True,True,True,Eyes,1.795667,0.1736799,-3.69865,0.9461414,-0.3210897,0.04144742,0.0,0.0,0.0,0.0,0.0,0.0,0.0,-4.133227,-0.03377104,-0.07982612,1.848811,0.187678,-3.692933,0.1230939,0.5318985,-0.05283529,0.8361461,15.19203,65.26079,2.529466,0.4130251,0.04346902,-0.9096814,0.5396267,-0.01535783,0.02230721,3.247162,-0.3896461,-4.029111,0.5063358,-0.1160035,2.0027,0.4285849,0.04259085,-0.9024971,0.219303,0.9641127,0.1496429,0.8764822,-0.262055,0.4038638,moving,87.49166,-82.64473,14.18857,-3.315072
05/11/2023 13:09:45.897809,2050,True,True,True,True,Eyes,1.799169,0.1742733,-3.698426,0.9459157,-0.3213685,0.04433849,0.0,0.0,0.0,0.0,0.0,0.0,0.0,-4.137622,-0.03258055,-0.02456498,1.860371,0.1891161,-3.691183,0.1205802,0.5252948,-0.05176994,0.8407412,14.90057,64.30165,2.350306,0.4154246,0.04334101,-0.9085942,0.5072491,-0.01443636,0.02096878,3.263634,-0.3774151,-4.022418,0.5094922,-0.1180046,2.002443,0.4427705,0.0396301,-0.8957587,0.2137306,0.9655606,0.1483645,0.8707891,-0.2571425,0.4190516,moving,87.31631,-82.14462,14.27517,-3.372558
05/11/2023 13:09:45.908185,2051,True,True,True,True,Eyes,1.803008,0.1749034,-3.69809,0.9458235,-0.3211662,0.04764774,0.0,0.0,0.0,0.0,0.0,0.0,0.0,-4.141305,-0.01795673,0.03544688,1.872089,0.1910038,-3.68928,0.1197122,0.5179246,-0.04981824,0.8455421,14.71716,63.28218,2.355838,0.4175989,0.04324154,-0.9076017,0.4768141,-0.01357018,0.01971065,3.270369,-0.3946173,-4.019055,0.5127844,-0.120092,2.002174,0.4585446,0.03975695,-0.8877817,0.2082506,0.9663743,0.1508392,0.8639263,-0.2540476,0.4348463,moving,87.11605,-81.56124,14.36545,-3.432534
05/11/2023 13:09:45.927554,2052,True,True,True,True,Eyes,1.807159,0.1755158,-3.69767,0.9458072,-0.3206145,0.05152721,0.0,0.0,0.0,0.0,0.0,0.0,0.0,-4.143944,0.001641989,0.09465766,1.88424,0.1924194,-3.686983,0.1152761,0.510674,-0.04492572,0.8508262,14.00725,62.24483,2.438926,0.4196328,0.04316573,-0.9066667,0.4482053,-0.01275597,0.01852801,3.279884,-0.4036749,-4.013057,0.515947,-0.122097,2.001918,0.4743876,0.04128908,-0.8793473,0.194185,0.9693862,0.1502751,0.8586318,-0.2420447,0.451847,moving,86.88163,-80.86984,14.45212,-3.490148
05/11/2023 13:09:45.937756,2053,True,True,True,True,Eyes,1.811613,0.1761088,-3.697176,0.9457485,-0.3201117,0.05557222,0.0,0.0,0.0,0.0,0.0,0.0,0.0,-4.145569,0.01421922,0.1501813,1.895794,0.1925195,-3.684752,0.1111754,0.5038623,-0.04129264,0.8556038,13.40635,61.27393,2.437692,0.4215477,0.04311074,-0.9057807,0.421313,-0.01199061,0.01741633,3.292047,-0.4035471,-4.00531,0.5190459,-0.1240627,2.001666,0.4888353,0.0413739,-0.8713944,0.1826945,0.9718699,0.1486325,0.8530315,-0.2318558,0.4675256,moving,86.63717,-80.15146,14.53702,-3.546639
05/11/2023 13:09:45.957897,2054,True,True,True,True,Eyes,1.816344,0.1766936,-3.696565,0.9456809,-0.319497,0.06007776,0.0,0.0,0.0,0.0,0.0,0.0,0.0,-4.146037,0.02967173,0.2041278,1.907181,0.1925941,-3.682084,0.1114893,0.4969334,-0.0400112,0.8596664,13.38263,60.35086,2.475123,0.4233617,0.04307396,-0.904936,0.3960342,-0.01127117,0.01637135,3.306797,-0.3967947,-3.996865,0.5223488,-0.1261569,2.001397,0.5029126,0.04201295,-0.8633156,0.1795981,0.9719385,0.1519214,0.8454723,-0.231453,0.4812547,moving,86.36497,-79.35054,14.62744,-3.606833
05/11/2023 13:09:45.977739,2055,True,True,True,True,Eyes,1.821316,0.1772667,-3.695838,0.945487,-0.319151,0.06478301,0.0,0.0,0.0,0.0,0.0,0.0,0.0,-4.14542,0.04020607,0.2561405,1.918501,0.192949,-3.678839,0.1099719,0.4902996,-0.03815198,0.8637457,13.14331,59.44661,2.467872,0.4250917,0.04305336,-0.9041255,0.3722721,-0.0105949,0.01538907,3.324297,-0.3809651,-3.987637,0.525533,-0.128176,2.001138,0.5163013,0.0419312,-0.8553798,0.1737456,0.9729012,0.1525638,0.8385972,-0.2273874,0.4950248,moving,86.08033,-78.52569,14.71458,-3.664875
05/11/2023 13:09:45.987640,2056,True,True,True,True,Eyes,1.826516,0.1777968,-3.694979,0.9451807,-0.3189839,0.06987648,0.0,0.0,0.0,0.0,0.0,0.0,0.0,-4.143739,0.04185611,0.3101063,1.929258,0.1932861,-3.675471,0.1100221,0.4834959,-0.03861436,0.8675459,13.19337,58.53131,2.318755,0.4267522,0.04304704,-0.9033433,0.3499358,-0.00995921,0.01446573,3.341043,-0.3676056,-3.977625,0.5286138,-0.1301293,2.000887,0.5294812,0.03939098,-0.8474067,0.1733899,0.9728082,0.1535586,0.8304129,-0.2282382,0.5082536,moving,85.77186,-77.64399,14.79884,-3.721037
05/11/2023 13:09:46.007521,2057,True,True,True,True,Eyes,1.831931,0.1782853,-3.693983,0.9446803,-0.3193076,0.07497871,0.0,0.0,0.0,0.0,0.0,0.0,0.0,-4.141128,0.03530908,0.3621904,1.939897,0.1928436,-3.671645,0.1102396,0.4769152,-0.04044571,0.8710701,13.33423,57.64068,2.042958,0.4283557,0.04305253,-0.9025837,0.3289396,-0.009361657,0.01359778,3.357793,-0.354625,-3.967422,0.5317779,-0.1321353,2.00063,0.541832,0.03468775,-0.8397708,0.1756119,0.9724228,0.1534745,0.8219359,-0.2306311,0.5207981,moving,85.46198,-76.78541,14.88533,-3.778719
05/11/2023 13:09:46.027745,2058,True,True,True,True,Eyes,1.837514,0.1787395,-3.692847,0.9440068,-0.3200017,0.08031157,0.0,0.0,0.0,0.0,0.0,0.0,0.0,-4.138117,0.0275889,0.408241,1.950461,0.1924483,-3.667438,0.1116981,0.4708882,-0.04318367,0.8740269,13.64607,56.83739,1.751817,0.4299134,0.04306768,-0.9018421,0.3092033,-0.008799958,0.01278192,3.370522,-0.3535268,-3.95983,0.5350524,-0.1342119,2.000363,0.5527989,0.02970725,-0.832785,0.180682,0.9713175,0.1545849,0.8134909,-0.2359237,0.5315756,moving,85.13726,-75.91133,14.97479,-3.838437
05/11/2023 13:09:46.037637,2059,True,True,True,True,Eyes,1.843256,0.1791382,-3.69156,0.943151,-0.3210222,0.08608707,0.0,0.0,0.0,0.0,0.0,0.0,0.0,-4.134058,0.03429848,0.453094,1.960061,0.1921772,-3.663077,0.1157831,0.46476,-0.0456249,0.8766475,14.20613,56.06467,1.63317,0.431434,0.04309073,-0.9011145,0.2906511,-0.008271961,0.012015,3.386399,-0.3431126,-3.951336,0.5381069,-0.1361485,2.000116,0.563833,0.02762878,-0.8254267,0.1876166,0.9690253,0.1605926,0.8042963,-0.2454111,0.5411848,moving,84.78472,-74.98843,15.05818,-3.894132
05/11/2023 13:09:46.057766,2060,True,True,True,True,Eyes,1.849126,0.1794892,-3.690139,0.9420925,-0.3224875,0.09199715,0.0,0.0,0.0,0.0,0.0,0.0,0.0,-4.129466,0.04946321,0.4954166,1.969703,0.1913374,-3.658419,0.1192861,0.4587672,-0.04652484,0.8792833,14.62316,55.3167,1.636422,0.4329258,0.04311962,-0.9003974,0.273212,-0.007775643,0.0112941,3.400416,-0.338182,-3.943293,0.5414399,-0.1382618,1.999844,0.5747362,0.02763205,-0.8178722,0.1912661,0.9672126,0.1670844,0.7956731,-0.2524606,0.550607,moving,84.42265,-74.07796,15.14914,-3.954926
05/11/2023 13:09:46.077634,2061,True,True,True,True,Eyes,1.855111,0.1797977,-3.68855,0.9408797,-0.3241868,0.09822531,0.0,0.0,0.0,0.0,0.0,0.0,0.0,-4.123971,0.07432938,0.5384376,1.978657,0.1906465,-3.653922,0.1260722,0.4524316,-0.04833307,0.8815188,15.42667,54.56994,1.715915,0.4343961,0.04315267,-0.8996875,0.2568193,-0.007309104,0.01061645,3.408793,-0.3524027,-3.936889,0.5446301,-0.1402852,1.999584,0.585939,0.0288651,-0.8098409,0.1992911,0.9635394,0.1785352,0.7854671,-0.2660049,0.5588228,moving,84.04006,-73.14372,15.23615,-4.013135
05/11/2023 13:09:46.097682,2062,True,True,True,True,Eyes,1.861216,0.180089,-3.686815,0.9395508,-0.3260701,0.1045109,0.0,0.0,0.0,0.0,0.0,0.0,0.0,-4.117343,0.09952307,0.5750765,1.986726,0.1891852,-3.648324,0.131423,0.446786,-0.04914063,0.8835698,16.03076,53.90472,1.824346,0.4358502,0.04318852,-0.8989822,0.2414102,-0.006870558,0.009979466,3.418702,-0.3617617,-3.931036,0.5478393,-0.1423202,1.999323,0.5959351,0.0305975,-0.8024495,0.2042742,0.9606264,0.188332,0.7766166,-0.2761534,0.5662207,moving,83.65279,-72.22849,15.32363,-4.071685
05/11/2023 13:09:46.107819,2063,True,True,True,True,Eyes,1.867408,0.1803153,-3.684922,0.9382012,-0.3277799,0.11108,0.0,0.0,0.0,0.0,0.0,0.0,0.0,-4.112004,0.1234553,0.6064302,1.995698,0.1891107,-3.643213,0.135726,0.4417178,-0.04912167,0.8854665,16.4846,53.30989,1.967059,0.4372931,0.04322655,-0.8982793,0.2269255,-0.006458324,0.009380698,3.425276,-0.3796551,-3.927017,0.5512059,-0.1444549,1.999049,0.6049448,0.03291402,-0.7955869,0.2068964,0.958331,0.1969658,0.7689185,-0.2837575,0.5729277,moving,83.2478,-71.2792,15.41534,-4.133112
05/11/2023 13:09:46.127681,2064,True,True,True,True,Eyes,1.87371,0.1805221,-3.682863,0.9368326,-0.3293755,0.1177131,0.0,0.0,0.0,0.0,0.0,0.0,0.0,-4.106738,0.1452632,0.6335497,2.004762,0.1886447,-3.637736,0.1386674,0.4371539,-0.04843454,0.8873118,16.76393,52.76758,2.111884,0.4387292,0.04326506,-0.897577,0.21331,-0.006070825,0.008817856,3.429594,-0.4043135,-3.923932,0.5541784,-0.1463396,1.998807,0.6131012,0.03528488,-0.7892161,0.207191,0.9568509,0.2037356,0.7623509,-0.288429,0.5793357,moving,82.83831,-70.33399,15.49628,-4.18735
05/11/2023 13:09:46.147499,2065,True,True,True,True,Eyes,2.034432,0.1851383,-3.627787,0.8910515,-0.3515849,0.2870809,0.0,0.0,0.0,0.0,0.0,0.0,0.0,-4.10093,0.1686054,0.6590601,2.013672,0.1883551,-3.631812,0.1396939,0.4328455,-0.04610829,0.8893844,16.76211,52.24574,2.329297,0.4401628,0.04330365,-0.896873,0.2005114,-0.005706575,0.008288785,3.437171,-0.4178889,-3.920515,0.5573954,-0.1483796,1.998546,0.6210375,0.03891582,-0.7828141,0.2029477,0.9567193,0.2085676,0.75705,-0.2883987,0.5862607,moving,72.14199,-50.76721,15.58381,-4.246065
05/11/2023 13:09:46.158026,2066,True,True,True,True,Eyes,2.034787,0.1851027,-3.627524,0.8910044,-0.3513926,0.2874621,0.0,0.0,0.0,0.0,0.0,0.0,0.0,-4.094676,0.1900844,0.6854413,2.022676,0.1878884,-3.625716,0.1393605,0.4285286,-0.04311942,0.8916741,16.58779,51.70778,2.544218,0.4471797,0.04343303,-0.8933887,0.6706479,0.008484154,0.1730213,3.444022,-0.4330719,-3.917453,0.5604839,-0.1503378,1.998295,0.6290079,0.04254301,-0.7762339,0.1963369,0.9574386,0.2115726,0.7521973,-0.2854842,0.5938838,moving,72.1189,-50.71458,15.6678,-4.30243
05/11/2023 13:09:46.178036,2067,True,True,True,True,Eyes,2.035467,0.1850238,-3.626987,0.8909933,-0.3508123,0.2882043,0.0,0.0,0.0,0.0,0.0,0.0,0.0,-4.087959,0.2053964,0.7123897,2.031506,0.1869418,-3.619273,0.1380145,0.4242744,-0.04037359,0.8940433,16.32233,51.15881,2.682827,0.4528845,0.04354465,-0.8905049,0.630409,0.007975105,0.16264,3.452858,-0.442785,-3.912928,0.5637301,-0.1523961,1.998031,0.6367226,0.04492052,-0.7697834,0.1893035,0.9586439,0.2125228,0.7474949,-0.2810407,0.6018866,moving,72.07547,-50.59573,15.75603,-4.361685
05/11/2023 13:09:46.197552,2068,True,True,True,True,Eyes,2.036454,0.1848841,-3.626189,0.8908927,-0.3502209,0.2892326,0.0,0.0,0.0,0.0,0.0,0.0,0.0,-4.081376,0.2144897,0.7382078,2.040281,0.1858067,-3.612661,0.1369768,0.4201765,-0.03875089,0.8962073,16.14587,50.62444,2.724053,0.4575393,0.04364056,-0.8881175,0.5925844,0.007496599,0.1528816,3.465672,-0.4413617,-3.907163,0.5670212,-0.1544829,1.997763,0.6439002,0.04565122,-0.7637465,0.1845665,0.9594715,0.2129548,0.7425146,-0.2780837,0.6093781,moving,72.01373,-50.44814,15.84543,-4.421766
05/11/2023 13:09:46.207974,2069,True,True,True,True,Eyes,2.037736,0.1846784,-3.625142,0.8906945,-0.3496336,0.2905506,0.0,0.0,0.0,0.0,0.0,0.0,0.0,-4.074709,0.2218635,0.7610112,2.048611,0.1841992,-3.605673,0.1366962,0.4163648,-0.03792704,0.8980625,16.08758,50.13271,2.726716,0.4613558,0.0437218,-0.8861369,0.5570294,0.007046803,0.1437087,3.479728,-0.4369424,-3.900433,0.5701718,-0.1564803,1.997507,0.6504039,0.04570924,-0.758212,0.1819526,0.9597514,0.2139404,0.7374742,-0.2771064,0.6159091,moving,71.93332,-50.27293,15.93096,-4.479278
05/11/2023 13:09:46.227909,2070,True,True,True,True,Eyes,2.039281,0.1844149,-3.623834,0.8903777,-0.3491617,0.2920849,0.0,0.0,0.0,0.0,0.0,0.0,0.0,-4.067569,0.236343,0.782303,2.056757,0.1823958,-3.598535,0.1382653,0.412475,-0.03739261,0.8996383,16.23779,49.66045,2.7929,0.4645046,0.04378889,-0.8844872,0.5236076,0.006623995,0.1350861,3.495149,-0.4292818,-3.894124,0.5733637,-0.1585044,1.997247,0.6569324,0.04678231,-0.7524967,0.1813416,0.958969,0.2179305,0.7318162,-0.2796245,0.6214942,moving,71.83813,-50.08644,16.01755,-4.537565
05/11/2023 13:09:46.237555,2071,True,True,True,True,Eyes,2.041099,0.1841065,-3.622293,0.889948,-0.3487533,0.2938771,0.0,0.0,0.0,0.0,0.0,0.0,0.0,-4.059919,0.2495829,0.8035591,2.064627,0.1807625,-3.591042,0.139862,0.4085851,-0.03703444,0.9011801,16.40022,49.18745,2.840629,0.4671241,0.04384238,-0.8831038,0.4921912,0.006226555,0.126981,3.509558,-0.4243174,-3.888696,0.5765055,-0.1604968,1.996991,0.6633734,0.04754165,-0.7467768,0.1810405,0.9581342,0.2218183,0.726058,-0.2823451,0.6269937,moving,71.72583,-49.88082,16.10275,-4.594946
05/11/2023 13:09:46.258366,2072,True,True,True,True,Eyes,2.043154,0.1837415,-3.620486,0.8894636,-0.348343,0.2958236,0.0,0.0,0.0,0.0,0.0,0.0,0.0,-4.052666,0.2594107,0.8225586,2.072445,0.1793446,-3.583407,0.1411873,0.404994,-0.0369049,0.9025986,16.54471,48.74646,2.854584,0.4694696,0.0438832,-0.8818572,0.4626597,0.005852961,0.1193621,3.522877,-0.4233767,-3.88411,0.5796957,-0.1625195,1.996732,0.6692358,0.0477394,-0.741515,0.1809806,0.9574084,0.2249784,0.720673,-0.2847634,0.6320921,moving,71.60357,-49.66106,16.18919,-4.653203
05/11/2023 13:09:46.277851,2073,True,True,True,True,Eyes,2.045434,0.183324,-3.61842,0.8889513,-0.3478425,0.2979451,0.0,0.0,0.0,0.0,0.0,0.0,0.0,-4.045744,0.2725903,0.8361608,2.080187,0.1776046,-3.575303,0.1417152,0.401978,-0.0356246,0.9039145,16.54914,48.38102,2.961791,0.4716348,0.04391159,-0.8806996,0.4349001,0.005501784,0.1122004,3.53662,-0.4223691,-3.877713,0.5829942,-0.1646112,1.996464,0.6742892,0.0495296,-0.7368045,0.1783359,0.9572954,0.2275562,0.7166104,-0.2848374,0.6366609,moving,71.47066,-49.41823,16.27851,-4.713453
05/11/2023 13:09:46.297662,2074,True,True,True,True,Eyes,2.047923,0.1828446,-3.616081,0.8884215,-0.3472724,0.3001817,0.0,0.0,0.0,0.0,0.0,0.0,0.0,-4.039056,0.2866201,0.8472178,2.087796,0.1758811,-3.567082,0.1416688,0.3992764,-0.0337395,0.9051907,16.46427,48.05443,3.111205,0.4736446,0.04392768,-0.8796195,0.4088061,0.005171677,0.1054684,3.549453,-0.4249596,-3.870127,0.5861611,-0.1666193,1.996207,0.67888,0.05204868,-0.7324021,0.1742114,0.9575832,0.2295318,0.7132828,-0.2834174,0.6410167,moving,71.33081,-49.15991,16.36422,-4.771303
05/11/2023 13:09:46.307475,2075,True,True,True,True,Eyes,2.050577,0.1822901,-3.613429,0.8877757,-0.3467759,0.3026561,0.0,0.0,0.0,0.0,0.0,0.0,0.0,-4.032376,0.2983307,0.8558021,2.095276,0.1738808,-3.558235,0.1413803,0.3968553,-0.03199644,0.906363,16.36048,47.7586,3.239058,0.4755219,0.04393138,-0.8786059,0.3842777,0.004861376,0.09914026,3.561654,-0.4304497,-3.861957,0.589289,-0.1686025,1.995951,0.6829643,0.05421425,-0.7284371,0.1702158,0.9579757,0.2308878,0.7103424,-0.2816797,0.6450351,moving,71.17499,-48.88647,16.44882,-4.828442
05/11/2023 13:09:46.327917,2076,True,True,True,True,Eyes,2.053407,0.181663,-3.610504,0.8871239,-0.3462081,0.3052069,0.0,0.0,0.0,0.0,0.0,0.0,0.0,-4.025836,0.3076386,0.8630829,2.102734,0.171564,-3.549083,0.1405369,0.3946264,-0.03021622,0.9075276,16.19638,47.47881,3.34755,0.4772862,0.04392236,-0.8776492,0.3612211,0.004569693,0.09319185,3.573606,-0.4372503,-3.854911,0.5926962,-0.170763,1.995675,0.686714,0.056075,-0.7247616,0.1657632,0.9586727,0.2312339,0.7077757,-0.2789304,0.6490389,moving,71.01469,-48.60154,16.54091,-4.890688
05/11/2023 13:09:46.337730,2077,True,True,True,True,Eyes,2.056399,0.1809731,-3.607311,0.8863279,-0.3457547,0.3080204,0.0,0.0,0.0,0.0,0.0,0.0,0.0,-4.019073,0.3180085,0.8687805,2.109764,0.1691608,-3.539653,0.1401437,0.3925312,-0.02858566,0.9085494,16.08699,47.22256,3.465384,0.4789551,0.04390031,-0.8767407,0.3395478,0.004295512,0.08760034,3.585363,-0.4449787,-3.847324,0.5957996,-0.1727304,1.995423,0.6902043,0.05807856,-0.7212799,0.1619645,0.9590852,0.2322134,0.7052555,-0.2770964,0.6525581,moving,70.83642,-48.30331,16.62473,-4.947378
05/11/2023 13:09:46.357840,2078,True,True,True,True,Eyes,2.059533,0.1802196,-3.603838,0.885523,-0.345288,0.310846,0.0,0.0,0.0,0.0,0.0,0.0,0.0,-4.012445,0.3277521,0.8727753,2.11656,0.166914,-3.530041,0.1401237,0.3906078,-0.02726036,0.9094218,16.03111,46.99143,3.572271,0.480544,0.0438652,-0.8758726,0.3191749,0.004037781,0.08234432,3.597804,-0.4512399,-3.838866,0.5991567,-0.174859,1.99515,0.6933648,0.05988448,-0.7180942,0.1590492,0.9592445,0.2335668,0.7028148,-0.2761593,0.6555818,moving,70.65735,-48.00483,16.71536,-5.00872
05/11/2023 13:09:46.377557,2079,True,True,True,True,Eyes,2.062788,0.1794349,-3.600078,0.884586,-0.3449785,0.3138432,0.0,0.0,0.0,0.0,0.0,0.0,0.0,-4.005783,0.3372035,0.8744392,2.123128,0.1646178,-3.519924,0.1403936,0.3889015,-0.02614018,0.910144,16.01498,46.79092,3.675395,0.4820666,0.04381698,-0.8750379,0.3000244,0.003795514,0.07740366,3.611766,-0.4538459,-3.828171,0.6022062,-0.1767928,1.994902,0.6961448,0.06161587,-0.7152525,0.1567812,0.9592127,0.2352248,0.7005728,-0.2758887,0.6580906,moving,70.46577,-47.70573,16.79763,-5.064454
05/11/2023 13:09:46.397526,2080,True,True,True,True,Eyes,2.066164,0.1786264,-3.596022,0.8836715,-0.3445784,0.3168447,0.0,0.0,0.0,0.0,0.0,0.0,0.0,-3.998815,0.3488857,0.8754054,2.129509,0.163081,-3.509583,0.1411036,0.3872124,-0.02487527,0.9107895,16.03923,46.60233,3.816002,0.4835351,0.0437564,-0.8742304,0.282023,0.003567783,0.07275943,3.625882,-0.456472,-3.817024,0.6055279,-0.1788988,1.994632,0.6988955,0.06396186,-0.712358,0.1545864,0.958942,0.2377673,0.6983181,-0.2762954,0.6603126,moving,70.27446,-47.40102,16.88718,-5.125154
05/11/2023 13:09:46.407749,2081,True,True,True,True,Eyes,2.069666,0.1778008,-3.591697,0.8826674,-0.3442381,0.3199973,0.0,0.0,0.0,0.0,0.0,0.0,0.0,-3.991705,0.3573315,0.875115,2.135795,0.161669,-3.498495,0.1406362,0.3857611,-0.02317544,0.9115223,15.91831,46.42925,3.950581,0.4849601,0.04368431,-0.8734443,0.2651016,0.003353716,0.06839387,3.640637,-0.4578758,-3.804742,0.6086376,-0.1808712,1.994379,0.7013025,0.06625412,-0.7097782,0.1507538,0.9593687,0.2385057,0.696741,-0.2742665,0.6628196,moving,70.07268,-47.09004,16.97096,-5.182006
05/11/2023 13:09:46.427753,2082,True,True,True,True,Eyes,2.073259,0.1769761,-3.587086,0.8816706,-0.3438636,0.3231328,0.0,0.0,0.0,0.0,0.0,0.0,0.0,-3.984282,0.3659589,0.8751652,2.141827,0.1603266,-3.487293,0.1401418,0.3842797,-0.02142467,0.9122667,15.79281,46.25257,4.089176,0.4863509,0.04360164,-0.8726748,0.2491955,0.003152493,0.06429024,3.65528,-0.4595619,-3.792511,0.6118239,-0.1828914,1.994119,0.7037402,0.06861727,-0.707136,0.1467973,0.9598025,0.2392272,0.6951261,-0.2721594,0.6653787,moving,69.87209,-46.78023,17.05675,-5.240244
05/11/2023 13:09:46.438184,2083,True,True,True,True,Eyes,2.076947,0.1761756,-3.582186,0.8805805,-0.3435625,0.3264088,0.0,0.0,0.0,0.0,0.0,0.0,0.0,-3.976076,0.3791572,0.8753203,2.14759,0.1594931,-3.475852,0.1406893,0.3826385,-0.01966521,0.9129117,15.77874,46.07398,4.276575,0.4877161,0.04350963,-0.8719171,0.2342438,0.002963344,0.06043283,3.668837,-0.4653758,-3.779622,0.6149912,-0.1848999,1.993861,0.7064021,0.07176112,-0.7041636,0.1435715,0.9596395,0.2418245,0.6930969,-0.2719232,0.6675885,moving,69.66154,-46.46666,17.14198,-5.298148
05/11/2023 13:09:46.458046,2084,True,True,True,True,Eyes,2.080719,0.1754398,-3.57699,0.8795158,-0.343138,0.3297091,0.0,0.0,0.0,0.0,0.0,0.0,0.0,-3.96682,0.3923771,0.8781688,2.153348,0.1592106,-3.463892,0.1405768,0.3807097,-0.01737902,0.9137814,15.67293,45.85372,4.484165,0.4890631,0.04340997,-0.8711672,0.2201892,0.002785543,0.05680685,3.681828,-0.4722691,-3.76393,0.6182914,-0.1869927,1.993592,0.7095163,0.07527666,-0.7006569,0.1387991,0.9598722,0.2436802,0.6908846,-0.2701457,0.6705967,moving,69.4502,-46.14338,17.23072,-5.358488
05/11/2023 13:09:46.477622,2085,True,True,True,True,Eyes,2.084574,0.1748563,-3.571491,0.8783878,-0.3428102,0.3330406,0.0,0.0,0.0,0.0,0.0,0.0,0.0,-3.957708,0.4022595,0.8808835,2.159122,0.1599781,-3.45164,0.1399867,0.3788717,-0.01507809,0.9146762,15.51617,45.63696,4.672471,0.4903978,0.04330523,-0.8704217,0.2069778,0.002618411,0.05339845,3.695812,-0.4766328,-3.746928,0.6213553,-0.1889357,1.993343,0.7124578,0.07849084,-0.6973113,0.1336571,0.9603527,0.2446597,0.6888683,-0.2675103,0.6737199,moving,69.23579,-45.82817,17.31305,-5.41451
05/11/2023 13:09:46.487583,2086,True,True,True,True,Eyes,2.088525,0.1744231,-3.565682,0.8773241,-0.3422039,0.3364504,0.0,0.0,0.0,0.0,0.0,0.0,0.0,-3.948277,0.4183728,0.8820618,2.165133,0.1630449,-3.439125,0.1406864,0.3770019,-0.01238472,0.9153817,15.47998,45.44405,4.964821,0.4917271,0.04319973,-0.8696767,0.1945591,0.002461306,0.05019454,3.710112,-0.4796595,-3.729914,0.624657,-0.1910291,1.993075,0.7154324,0.08340457,-0.6936859,0.1287515,0.9601079,0.2482253,0.6867164,-0.2669015,0.6761538,moving,69.01838,-45.48573,17.4017,-5.47487
05/11/2023 13:09:46.507808,2087,True,True,True,True,Eyes,2.092556,0.1740957,-3.559626,0.8762252,-0.3414949,0.3400156,0.0,0.0,0.0,0.0,0.0,0.0,0.0,-3.937143,0.4370539,0.887346,2.171373,0.1661123,-3.425936,0.1392345,0.3747395,-0.007809769,0.9165824,15.13493,45.18534,5.351871,0.4930559,0.04309739,-0.868929,0.1828856,0.002313628,0.04718287,3.723515,-0.4844806,-3.712327,0.6277298,-0.1929776,1.992824,0.7190187,0.09003673,-0.6891339,0.1186699,0.9611055,0.2493865,0.6847844,-0.261093,0.6803682,moving,68.79146,-45.12437,17.48417,-5.53106
05/11/2023 13:09:46.527927,2088,True,True,True,True,Eyes,2.096649,0.1739197,-3.55334,0.8749641,-0.3412144,0.3435265,0.0,0.0,0.0,0.0,0.0,0.0,0.0,-3.927028,0.4448498,0.8970021,2.177246,0.1682589,-3.413992,0.1366254,0.3723231,-0.004286922,0.9179819,14.71621,44.87358,5.569357,0.4943883,0.04300066,-0.8681765,0.1719124,0.00217481,0.04435189,3.735799,-0.4911529,-3.693997,0.6309428,-0.1950146,1.992563,0.7227144,0.09386694,-0.684743,0.1096082,0.9626302,0.2476471,0.6824,-0.2540315,0.6854181,moving,68.56415,-44.80654,17.57033,-5.589805
05/11/2023 13:09:46.547769,2089,True,True,True,True,Eyes,2.100808,0.1738493,-3.546798,0.8737013,-0.3408687,0.3470656,0.0,0.0,0.0,0.0,0.0,0.0,0.0,-3.914188,0.4720799,0.9086921,2.182815,0.171781,-3.402244,0.1432162,0.3685878,-0.004267605,0.9184845,15.44004,44.52075,5.819533,0.4957274,0.04291275,-0.8674169,0.1615977,0.002044322,0.04169078,3.749913,-0.4920516,-3.674032,0.634258,-0.197117,1.992293,0.7282497,0.09773605,-0.6783068,0.113415,0.9589418,0.2599378,0.675862,-0.2662297,0.6872643,moving,68.33524,-44.48389,17.65917,-5.650441
05/11/2023 13:09:46.567877,2090,True,True,True,True,Eyes,2.205219,0.1730698,-3.379565,0.835929,-0.3358438,0.4340872,0.0,0.0,0.0,0.0,0.0,0.0,0.0,-3.904162,0.4753091,0.9192827,2.188904,0.1742587,-3.389957,0.1408112,0.3660449,-0.001520447,0.9198812,15.08028,44.18767,5.96184,0.4970768,0.04283553,-0.8666482,0.1519018,0.001921662,0.03918933,3.763806,-0.4909467,-3.652441,0.6371843,-0.1989729,1.992055,0.7320178,0.1002892,-0.6738636,0.1058837,0.9603398,0.257946,0.6730072,-0.2601721,0.6923668,moving,62.55773,-37.72834,17.73754,-5.703968
05/11/2023 13:09:46.578118,2091,True,True,True,True,Eyes,2.205417,0.1731128,-3.379131,0.8357061,-0.336346,0.4341275,0.0,0.0,0.0,0.0,0.0,0.0,0.0,-3.893339,0.4892865,0.9315339,2.193508,0.1752023,-3.379804,0.1438399,0.3628894,-0.001375493,0.9206626,15.41772,43.84666,6.065527,0.504357,0.04288112,-0.8624294,0.4560204,-0.0005322108,0.5385384,3.784801,-0.4696468,-3.626584,0.6405919,-0.2011333,1.991778,0.7366188,0.1018632,-0.668593,0.1069287,0.9586164,0.2638577,0.6678016,-0.2658543,0.6952428,moving,62.5493,-37.76721,17.82873,-5.766284
05/11/2023 13:09:46.587682,2092,True,True,True,True,Eyes,2.205812,0.1732499,-3.378279,0.835403,-0.3367934,0.434364,0.0,0.0,0.0,0.0,0.0,0.0,0.0,-3.881293,0.5123618,0.9427552,2.198592,0.1763721,-3.369097,0.1488347,0.3594171,-0.001195835,0.9212309,15.96689,43.50475,6.257032,0.5102456,0.04291061,-0.8589572,0.4286591,-0.0005002781,0.5062261,3.792049,-0.4844101,-3.604999,0.6436033,-0.2030426,1.991534,0.741636,0.1047842,-0.6625681,0.1091907,0.9556937,0.2733626,0.6618562,-0.2750818,0.6973352,moving,62.52803,-37.78897,17.90926,-5.821357
05/11/2023 13:09:46.607805,2093,True,True,True,True,Eyes,2.206407,0.1734671,-3.377036,0.8350035,-0.3370561,0.4349281,0.0,0.0,0.0,0.0,0.0,0.0,0.0,-3.869855,0.5274084,0.9551618,2.203698,0.1787407,-3.358278,0.1496364,0.3563346,0.0009602959,0.9222981,15.98194,43.15851,6.475095,0.5150271,0.04293126,-0.8560978,0.4029396,-0.0004702614,0.4758525,3.805496,-0.4826553,-3.582541,0.6467955,-0.2050665,1.991274,0.7460495,0.1084125,-0.657006,0.1048698,0.9552161,0.276703,0.6575807,-0.2753343,0.7012693,moving,62.48635,-37.7746,17.99457,-5.879741
05/11/2023 13:09:46.627914,2094,True,True,True,True,Eyes,2.207194,0.1737233,-3.375424,0.834586,-0.3369446,0.4358147,0.0,0.0,0.0,0.0,0.0,0.0,0.0,-3.858059,0.5368882,0.9726899,2.20897,0.1808085,-3.347649,0.1479253,0.3529663,0.003949822,0.9238601,15.69619,42.73891,6.664251,0.5189285,0.04294842,-0.8537377,0.3787632,-0.0004420457,0.4473013,3.817149,-0.4815609,-3.560059,0.6501439,-0.2071897,1.991001,0.7507985,0.1117235,-0.6510143,0.09712714,0.956205,0.2761129,0.6533514,-0.2705363,0.7070658,moving,62.42677,-37.70895,18.08399,-5.940991
05/11/2023 13:09:46.637758,2095,True,True,True,True,Eyes,2.208169,0.1740138,-3.373479,0.8341049,-0.3366902,0.436931,0.0,0.0,0.0,0.0,0.0,0.0,0.0,-3.848143,0.5331882,0.9906166,2.21435,0.1819094,-3.33727,0.143502,0.3499916,0.006743995,0.9256715,15.12648,42.31572,6.718289,0.5221315,0.04296533,-0.8517818,0.3560374,-0.000415523,0.4204632,3.819108,-0.5034197,-3.535816,0.65016,-0.2072003,1.990999,0.7549209,0.1129344,-0.6460187,0.08796348,0.9587235,0.2703919,0.6498898,-0.2609506,0.7138262,moving,62.353,-37.61712,18.08443,-5.941298
05/11/2023 13:09:46.657845,2096,True,True,True,True,Eyes,2.20931,0.1743107,-3.371191,0.8335703,-0.3361405,0.4383722,0.0,0.0,0.0,0.0,0.0,0.0,0.0,-3.838279,0.5275072,1.008644,2.219364,0.1828948,-3.327008,0.140612,0.3468839,0.00810401,0.9272724,14.78242,41.88904,6.686409,0.5247819,0.04298434,-0.8501504,0.3346752,-0.0003905916,0.3952354,3.827095,-0.5061468,-3.506614,0.6501597,-0.2072003,1.990999,0.7592118,0.1125813,-0.6410326,0.08252285,0.9603252,0.2663936,0.6455907,-0.255149,0.7197996,static,62.26025,-37.48071,18.08442,-5.941299
05/11/2023 13:09:46.678018,2097,True,True,True,True,Eyes,2.210578,0.1746007,-3.368575,0.8329182,-0.3355675,0.4400474,0.0,0.0,0.0,0.0,0.0,0.0,0.0,-3.827103,0.522727,1.030421,2.224472,0.1832739,-3.316604,0.1366016,0.3433588,0.01027463,0.9291607,14.28786,41.4017,6.690375,0.5270829,0.04300794,-0.8487245,0.3145947,-0.0003671561,0.3715213,3.837698,-0.4971528,-3.469979,0.6501597,-0.2072002,1.991,0.7639984,0.1129002,-0.6352637,0.07471311,0.9624689,0.2609053,0.6408778,-0.2467938,0.7268896,static,62.15161,-37.3281,18.08442,-5.941294
05/11/2023 13:09:46.697624,2098,True,True,True,True,Eyes,2.211995,0.1748893,-3.365661,0.8320965,-0.3349948,0.4420339,0.0,0.0,0.0,0.0,0.0,0.0,0.0,-3.814001,0.5227258,1.057394,2.229338,0.1834712,-3.306708,0.1342764,0.3390064,0.01183583,0.9310771,14.0057,40.8363,6.692801,0.5292029,0.04303775,-0.8474029,0.295719,-0.0003451267,0.3492301,3.847143,-0.4891893,-3.431955,0.6501597,-0.2072001,1.991,0.7698692,0.1130812,-0.6281036,0.06900094,0.9636595,0.2580681,0.6344606,-0.2420184,0.7340891,static,62.02146,-37.15662,18.08442,-5.941293
05/11/2023 13:09:46.708052,2099,True,True,True,True,Eyes,2.213581,0.1751792,-3.362482,0.8310564,-0.3345894,0.4442917,0.0,0.0,0.0,0.0,0.0,0.0,0.0,-3.800009,0.5204828,1.087953,2.23436,0.1837304,-3.29674,0.1333063,0.3340695,0.01201805,0.9329967,13.92897,40.20755,6.596156,0.5311663,0.04307332,-0.8461717,0.2779758,-0.0003244191,0.3282762,3.861969,-0.463504,-3.390209,0.6501597,-0.2072002,1.990999,0.7765063,0.1114927,-0.6201673,0.06664153,0.96417,0.2567783,0.6265756,-0.2407189,0.741254,static,61.87057,-36.98286,18.08442,-5.941295
05/11/2023 13:09:46.730249,2100,True,True,True,True,Eyes,2.215301,0.1754338,-3.359046,0.8298544,-0.3342358,0.4467977,0.0,0.0,0.0,0.0,0.0,0.0,0.0,-3.785272,0.5210581,1.119367,2.23946,0.1839868,-3.286903,0.1326881,0.3289298,0.01236403,0.9349045,13.88462,39.56309,6.530474,0.5329951,0.0431143,-0.8450188,0.2612973,-0.000304954,0.3085797,3.874146,-0.4435772,-3.351252,0.6501596,-0.2072003,1.990999,0.7833046,0.1104085,-0.6117547,0.06417175,0.9644821,0.2562352,0.6183169,-0.2399676,0.7483981,static,61.70176,-36.79905,18.08442,-5.941298
05/11/2023 13:09:46.747767,2101,True,True,True,True,Eyes,2.21713,0.1756873,-3.355381,0.8284023,-0.3341688,0.4495341,0.0,0.0,0.0,0.0,0.0,0.0,0.0,-3.770038,0.5299461,1.148216,2.244394,0.1833993,-3.277421,0.1331442,0.3238947,0.01311199,0.9365858,13.94015,38.95567,6.55593,0.5347086,0.04315947,-0.8439333,0.2456194,-0.0002866568,0.2900649,3.880276,-0.4422995,-3.316677,0.6501595,-0.2072002,1.990999,0.7898406,0.1108104,-0.6032187,0.06168842,0.9642013,0.2578958,0.6102018,-0.2409082,0.7547297,static,61.51344,-36.62589,18.08442,-5.941297
05/11/2023 13:09:46.757626,2102,True,True,True,True,Eyes,2.219072,0.1759249,-3.351486,0.8267344,-0.3343183,0.4524836,0.0,0.0,0.0,0.0,0.0,0.0,0.0,-3.752847,0.552279,1.176936,2.248949,0.1837307,-3.268413,0.1379168,0.3183327,0.01285375,0.9378049,14.50678,38.34482,6.638293,0.5363227,0.04320852,-0.8429059,0.2308823,-0.0002694573,0.272661,3.887826,-0.4341026,-3.280989,0.6501601,-0.2072002,1.991,0.7969982,0.1119154,-0.5935224,0.06369819,0.9616275,0.2668615,0.6006134,-0.2504945,0.7592866,static,61.30748,-36.45891,18.08443,-5.941294
05/11/2023 13:09:46.777507,2103,True,True,True,True,Eyes,2.221074,0.1761324,-3.347386,0.8248351,-0.3347701,0.455605,0.0,0.0,0.0,0.0,0.0,0.0,0.0,-3.735169,0.5657685,1.209609,2.253654,0.1836335,-3.25915,0.1405155,0.3125146,0.01269713,0.9393768,14.83628,37.66755,6.634356,0.5378528,0.04326087,-0.8419276,0.2170293,-0.0002532899,0.2563013,3.890931,-0.4370917,-3.246306,0.6501601,-0.2072002,1.991,0.8043468,0.1116811,-0.5835697,0.06397152,0.9601883,0.2719301,0.5907063,-0.2560579,0.76518,static,61.08554,-36.30775,18.08442,-5.941292
05/11/2023 13:09:46.787706,2104,True,True,True,True,Eyes,2.223169,0.1763244,-3.343102,0.8226946,-0.3356696,0.4588023,0.0,0.0,0.0,0.0,0.0,0.0,0.0,-3.717909,0.5813782,1.240845,2.258045,0.1833916,-3.250869,0.1452239,0.3066995,0.01121746,0.9405954,15.44498,37.01019,6.563856,0.5393103,0.04331558,-0.8409919,0.2040076,-0.0002380925,0.2409233,3.892262,-0.4452765,-3.212521,0.65016,-0.2072001,1.991,0.8116192,0.1101823,-0.5737022,0.06797799,0.9575685,0.2800746,0.5802184,-0.266313,0.7696909,static,60.85236,-36.19,18.08442,-5.941292
05/11/2023 13:09:46.808038,2105,True,True,True,True,Eyes,2.225365,0.1765248,-3.338657,0.8204386,-0.33644,0.4622647,0.0,0.0,0.0,0.0,0.0,0.0,0.0,-3.700519,0.6016102,1.268342,2.262424,0.1833176,-3.242267,0.1510144,0.3010784,0.009702479,0.941516,16.17204,36.39508,6.528862,0.5407065,0.04337215,-0.8400921,0.1917671,-0.000223807,0.2264679,3.892092,-0.4592183,-3.182544,0.6501597,-0.2072002,1.991,0.8185153,0.1092044,-0.5640098,0.07266426,0.9542011,0.2902072,0.5698707,-0.2785224,0.7730929,static,60.60152,-36.04743,18.08442,-5.941294
05/11/2023 13:09:46.827679,2106,True,True,True,True,Eyes,2.227641,0.1767338,-3.334053,0.8179866,-0.3374196,0.4658819,0.0,0.0,0.0,0.0,0.0,0.0,0.0,-3.68338,0.6120726,1.299587,2.266881,0.1837474,-3.233935,0.1533061,0.295494,0.009306548,0.9429179,16.47578,35.73868,6.4758,0.5420513,0.04343073,-0.839222,0.1802611,-0.0002103785,0.2128798,3.889122,-0.4792553,-3.155512,0.6501598,-0.2072002,1.991,0.8251935,0.1081526,-0.5543995,0.0730514,0.9528213,0.2946101,0.5601065,-0.28361,0.7783612,static,60.33645,-35.91431,18.08442,-5.941295
05/11/2023 13:09:46.839320,2107,True,True,True,True,Eyes,2.230012,0.176975,-3.329276,0.8154825,-0.3379257,0.4698876,0.0,0.0,0.0,0.0,0.0,0.0,0.0,-3.666597,0.6182291,1.33057,2.271128,0.1842278,-3.225615,0.1556104,0.2899895,0.008208068,0.9442586,16.80482,35.08206,6.342373,0.5433533,0.04349142,-0.8383764,0.1694454,-0.0001977558,0.200107,3.887928,-0.4937529,-3.128529,0.6501597,-0.2072003,1.991,0.8316774,0.1057518,-0.5450956,0.07474963,0.951436,0.2986333,0.5502046,-0.2891123,0.7833831,static,60.0491,-35.72229,18.08442,-5.941296
05/11/2023 13:09:46.857611,2108,True,True,True,True,Eyes,2.232466,0.1772286,-3.324332,0.8128833,-0.3381699,0.474196,0.0,0.0,0.0,0.0,0.0,0.0,0.0,-3.65097,0.6130324,1.362602,2.275865,0.1852359,-3.216863,0.1543956,0.2848287,0.008121547,0.9460279,16.70825,34.42211,6.192734,0.5446203,0.04355492,-0.8375506,0.1592787,-0.0001858905,0.1881006,3.882183,-0.5198478,-3.104824,0.6501596,-0.2072003,1.991,0.8376133,0.103319,-0.536404,0.07258615,0.9521921,0.2967515,0.5414197,-0.2874985,0.7900692,static,59.74282,-35.49432,18.08442,-5.941298
05/11/2023 13:09:46.877875,2109,True,True,True,True,Eyes,2.235018,0.1774847,-3.319232,0.8102806,-0.3378261,0.4788726,0.0,0.0,0.0,0.0,0.0,0.0,0.0,-3.634145,0.6046765,1.397622,2.280344,0.1857399,-3.20804,0.1505578,0.2795778,0.009477249,0.9481977,16.2732,33.73074,6.109068,0.5458596,0.04362139,-0.8367401,0.149722,-0.000174737,0.1768146,3.878096,-0.5397847,-3.081722,0.6501596,-0.2072002,1.990999,0.8434929,0.1021578,-0.5273363,0.06621259,0.9544851,0.2908163,0.5330437,-0.2802177,0.7983372,static,59.41708,-35.20148,18.08442,-5.941297
05/11/2023 13:09:46.887685,2110,True,True,True,True,Eyes,2.237659,0.1777235,-3.313968,0.8075508,-0.3372668,0.483852,0.0,0.0,0.0,0.0,0.0,0.0,0.0,-3.616543,0.5960572,1.434077,2.285061,0.1859284,-3.199245,0.1467937,0.2740584,0.01068253,0.950384,15.85272,33.00943,6.012705,0.5470774,0.04369068,-0.8359408,0.1407387,-0.0001642528,0.1662057,3.877056,-0.5530174,-3.060584,0.6501598,-0.2072003,1.990999,0.8495558,0.1007651,-0.517785,0.06015506,0.956675,0.284876,0.5240575,-0.2731655,0.8066873,static,59.07165,-34.87825,18.08442,-5.941298
05/11/2023 13:09:46.908025,2111,True,True,True,True,Eyes,2.240399,0.1779477,-3.308559,0.8047467,-0.3363816,0.4891115,0.0,0.0,0.0,0.0,0.0,0.0,0.0,-3.59742,0.5889472,1.472024,2.289837,0.1857052,-3.190188,0.1430978,0.2682092,0.01202251,0.9525977,15.4371,32.2548,5.934744,0.5482792,0.04376216,-0.8351495,0.1322943,-0.0001543977,0.1562333,3.878286,-0.5609362,-3.03961,0.65016,-0.2072002,1.991,0.8558385,0.09966554,-0.5075501,0.0538551,0.9587569,0.2790784,0.5144317,-0.2661802,0.8151736,static,58.70947,-34.51786,18.08442,-5.941295
05/11/2023 13:09:46.927737,2112,True,True,True,True,Eyes,2.243231,0.1781253,-3.303004,0.8017842,-0.3354598,0.4945794,0.0,0.0,0.0,0.0,0.0,0.0,0.0,-3.578131,0.5841675,1.508808,2.294684,0.1854644,-3.181321,0.1401348,0.2623599,0.01319268,0.9546494,15.10785,31.51264,5.86901,0.5494702,0.04383535,-0.8343624,0.1243567,-0.0001451338,0.1468593,3.882681,-0.5587775,-3.016737,0.6501598,-0.2072002,1.991,0.8619864,0.0987203,-0.497226,0.04834277,0.9603763,0.2744817,0.5046211,-0.2606368,0.823059,static,58.3317,-34.14798,18.08442,-5.941293
05/11/2023 13:09:46.937828,2113,True,True,True,True,Eyes,2.24615,0.17827,-3.297299,0.7987077,-0.3345079,0.5001705,0.0,0.0,0.0,0.0,0.0,0.0,0.0,-3.557927,0.5871453,1.543816,2.29976,0.1845045,-3.172382,0.1388154,0.2563731,0.01423178,0.9564522,14.96584,30.77887,5.846059,0.5506548,0.04390899,-0.8335772,0.1168953,-0.0001364258,0.1380478,3.888576,-0.5512322,-2.991807,0.6501598,-0.2072002,1.990999,0.8681406,0.09840106,-0.4864659,0.04395299,0.9610555,0.2728378,0.4943683,-0.2582432,0.8300063,static,57.94419,-33.77412,18.08442,-5.941294
05/11/2023 13:09:46.958048,2114,True,True,True,True,Eyes,2.249153,0.1783754,-3.291448,0.7954445,-0.3335934,0.505948,0.0,0.0,0.0,0.0,0.0,0.0,0.0,-3.536723,0.5914707,1.579437,2.304878,0.1838667,-3.163321,0.1381303,0.2501622,0.01502945,0.9581823,14.90329,30.02555,5.815192,0.5518373,0.04398233,-0.832791,0.1098816,-0.0001282402,0.1297649,3.894515,-0.5420358,-2.965434,0.6501595,-0.2072001,1.990999,0.874386,0.09791183,-0.4752498,0.04030801,0.9613883,0.2722275,0.4835538,-0.2571883,0.8366778,static,57.54132,-33.39859,18.08441,-5.941294
05/11/2023 13:09:46.982841,2115,True,True,True,True,Eyes,2.252279,0.1784474,-3.28547,0.7920287,-0.3327628,0.5118198,0.0,0.0,0.0,0.0,0.0,0.0,0.0,-3.514497,0.596702,1.615537,2.309959,0.1830285,-3.154092,0.1376869,0.2437771,0.01574937,0.9598787,14.87118,29.25508,5.781725,0.5530213,0.04405449,-0.8320014,0.1032887,-0.0001205458,0.121979,3.899023,-0.5369798,-2.940071,0.6501595,-0.2072002,1.991,0.8806494,0.09736476,-0.4636558,0.03689483,0.9615886,0.272004,0.4723298,-0.2566467,0.8432301,static,57.1289,-33.03016,18.08441,-5.941295
05/11/2023 13:09:46.987624,2116,True,True,True,True,Eyes,2.332697,0.1789916,-3.132424,0.6899878,-0.3079151,0.6550613,0.0,0.0,0.0,0.0,0.0,0.0,0.0,-3.491737,0.6034735,1.651399,2.315182,0.1821642,-3.144881,0.1374212,0.2373228,0.01658282,0.9615188,14.85627,28.48179,5.766489,0.5542094,0.04412476,-0.8312067,0.09709135,-0.0001133131,0.1146603,3.902088,-0.5366619,-2.916685,0.6501601,-0.2072002,1.991,0.8868058,0.09711574,-0.451823,0.03333696,0.9616809,0.272137,0.4609383,-0.2563951,0.8495867,static,46.48745,-25.17612,18.08442,-5.941293
05/11/2023 13:09:47.007469,2117,True,True,True,True,Eyes,2.332932,0.1789427,-3.132048,0.689702,-0.3079984,0.6553229,0.0,0.0,0.0,0.0,0.0,0.0,0.0,-3.467673,0.6143087,1.687512,2.320778,0.1810224,-3.13545,0.1375517,0.2306186,0.01772226,0.9631099,14.87912,27.68941,5.794821,0.560035,0.0443396,-0.8272814,0.3325209,0.001526325,0.5669197,3.90334,-0.5426192,-2.895538,0.6501601,-0.2072003,1.991,0.893002,0.09758095,-0.4393467,0.02930702,0.9615309,0.273129,0.4490976,-0.2567807,0.8557892,static,46.46418,-25.17328,18.08443,-5.941298
05/11/2023 13:09:47.027622,2118,True,True,True,True,Eyes,2.333391,0.178834,-3.131302,0.6890393,-0.3081506,0.6559481,2.092325,3.775085,-0.4659172,-1.758846,-0.03569449,0.1299664,-0.9908757,0.6562132,-0.2094105,1.977445,2.326523,0.1797724,-3.126146,0.1375821,0.2237592,0.01867019,0.9647044,14.89787,26.87566,5.79604,0.5647853,0.04451634,-0.824036,0.3125696,0.001434746,0.5329046,3.903996,-0.5490025,-2.874183,0.6501598,-0.2072002,1.991,0.8991666,0.0975929,-0.4265854,0.02554806,0.9614452,0.2738072,0.4368602,-0.2570968,0.8620061,static,46.40939,-25.16315,18.08442,-5.941295
05/11/2023 13:09:47.037758,2119,True,True,True,True,Eyes,2.334037,0.1786671,-3.130184,0.6881354,-0.3083891,0.6567845,2.088927,3.771502,-0.4655353,-1.758209,-0.2745628,0.1554845,-0.9489151,0.6783941,-0.2116355,1.95601,2.332382,0.1782497,-3.116685,0.1381764,0.2168269,0.01909965,0.966193,14.99456,26.05457,5.753093,0.568679,0.04466087,-0.821346,0.2938155,0.001348661,0.5009303,3.904916,-0.5549561,-2.853631,0.6501598,-0.2072002,1.991,0.9052426,0.09682859,-0.4137149,0.02301283,0.961085,0.2752927,0.4242714,-0.2587274,0.8677867,static,46.33536,-25.15211,18.08442,-5.941295
05/11/2023 13:09:47.057607,2120,True,True,True,True,Eyes,2.334911,0.1784349,-3.128725,0.686871,-0.3087044,0.6579589,0.0,0.0,0.0,0.0,0.0,0.0,0.0,-3.393286,0.6410879,1.796825,2.338414,0.1767868,-3.107174,0.1383662,0.2100121,0.01969316,0.967658,15.04103,25.24573,5.718635,0.5718907,0.04477776,-0.8191065,0.2761865,0.001267741,0.4708745,3.908402,-0.5556563,-2.833902,0.6501597,-0.2072003,1.990999,0.9110141,0.09622961,-0.40099,0.02000465,0.9609339,0.2760539,0.4118895,-0.2595107,0.8734995,static,46.23159,-25.13527,18.08442,-5.941299
05/11/2023 13:09:47.077834,2121,True,True,True,True,Eyes,2.336026,0.1781514,-3.12694,0.6853358,-0.3091585,0.659345,0.0,0.0,0.0,0.0,0.0,0.0,0.0,-3.367591,0.6513112,1.832878,2.3448,0.1750108,-3.097677,0.1391068,0.202961,0.02010906,0.9690469,15.15548,24.41404,5.674607,0.5745617,0.04487034,-0.81723,0.2596153,0.001191677,0.442622,3.913226,-0.5529743,-2.814555,0.6501595,-0.2072002,1.991,0.9168049,0.09543975,-0.3877628,0.01749327,0.9604899,0.2777648,0.398952,-0.2614394,0.8789122,static,46.10731,-25.12129,18.08442,-5.941295
05/11/2023 13:09:47.087481,2122,True,True,True,True,Eyes,2.337361,0.1778346,-3.124826,0.6834406,-0.3096997,0.661056,0.0,0.0,0.0,0.0,0.0,0.0,0.0,-3.340915,0.6624472,1.869421,2.351373,0.1734708,-3.08808,0.1403073,0.195692,0.02030308,0.9703641,15.32846,23.55949,5.612253,0.5769143,0.04494451,-0.8155668,0.2440384,0.001120176,0.4160647,3.918334,-0.5501881,-2.795411,0.6501594,-0.2072001,1.991,0.9225848,0.09431678,-0.3740875,0.01551129,0.9598033,0.2802447,0.3854823,-0.2643521,0.884037,static,45.95383,-25.10274,18.08441,-5.941293
05/11/2023 13:09:47.108153,2123,True,True,True,True,Eyes,2.338938,0.1774651,-3.122401,0.6812938,-0.3102137,0.663028,0.0,0.0,0.0,0.0,0.0,0.0,0.0,-3.31392,0.669665,1.906578,2.358057,0.1723893,-3.078215,0.1410173,0.1883589,0.02032648,0.9717109,15.45008,22.68924,5.5146,0.5790766,0.04500396,-0.8140296,0.2293961,0.001052966,0.3911008,3.924043,-0.5459657,-2.775969,0.6501599,-0.2072001,1.991,0.9282155,0.09262665,-0.360328,0.01362079,0.959402,0.2817133,0.3717936,-0.2663987,0.8892701,static,45.77845,-25.07368,18.08442,-5.941292
05/11/2023 13:09:47.128261,2124,True,True,True,True,Eyes,2.340742,0.1770539,-3.119682,0.6788024,-0.3109083,0.6652544,0.0,0.0,0.0,0.0,0.0,0.0,0.0,-3.287351,0.6675264,1.945641,2.365106,0.1707035,-3.068374,0.1399491,0.1810159,0.02018782,0.9732625,15.37324,21.79504,5.353509,0.5810758,0.04504898,-0.8126012,0.2156323,0.0009897877,0.3676347,3.929112,-0.5435004,-2.757472,0.6501598,-0.2072003,1.990999,0.9336514,0.08996211,-0.3467014,0.01136994,0.9600134,0.2797231,0.3580025,-0.2651058,0.895295,static,45.57752,-25.04915,18.08442,-5.941298
05/11/2023 13:09:47.138140,2125,True,True,True,True,Eyes,2.342748,0.1766018,-3.116648,0.6761614,-0.3115543,0.6676373,0.0,0.0,0.0,0.0,0.0,0.0,0.0,-3.263271,0.6673574,1.979597,2.372428,0.1693668,-3.05876,0.141143,0.1741098,0.01848239,0.9743835,15.5821,20.95668,5.0725,0.5829362,0.0450801,-0.8112659,0.2026944,0.0009304005,0.3455766,3.933707,-0.5427402,-2.740049,0.6501598,-0.2072001,1.991,0.9386884,0.08516662,-0.334082,0.0131309,0.9594741,0.2814907,0.3445167,-0.2686189,0.8995289,static,45.36344,-25.0162,18.08442,-5.941291
05/11/2023 13:09:47.157943,2126,True,True,True,True,Eyes,2.34498,0.1761211,-3.113343,0.6732309,-0.3121409,0.6703195,0.0,0.0,0.0,0.0,0.0,0.0,0.0,-3.238333,0.6688188,2.012938,2.379959,0.1680218,-3.048541,0.140911,0.1672721,0.01837161,0.9756162,15.59311,20.13502,4.942694,0.5846794,0.04509783,-0.8100095,0.1905327,0.0008745764,0.324842,3.938089,-0.5433654,-2.723433,0.6501602,-0.2072003,1.991,0.943365,0.08298823,-0.3212091,0.01129366,0.9596131,0.2810962,0.3315641,-0.268804,0.9043283,static,45.12416,-24.96951,18.08443,-5.941298
05/11/2023 13:09:47.177647,2127,True,True,True,True,Eyes,2.34745,0.17562,-3.109781,0.6700979,-0.3127728,0.6731582,0.0,0.0,0.0,0.0,0.0,0.0,0.0,-3.213028,0.6685122,2.047747,2.38768,0.1668518,-3.038893,0.1397599,0.1603674,0.01878084,0.9769324,15.48869,19.3047,4.852633,0.5863246,0.0451029,-0.8088192,0.1791008,0.0008221018,0.3053515,3.942224,-0.5441306,-2.707313,0.6501598,-0.2072002,1.991,0.9478592,0.08152106,-0.3080865,0.008130622,0.960229,0.2790955,0.3185858,-0.2670482,0.909499,static,44.86947,-24.92123,18.08442,-5.941294
05/11/2023 13:09:47.197438,2128,True,True,True,True,Eyes,2.350138,0.1751069,-3.105953,0.6666738,-0.313396,0.6762611,0.0,0.0,0.0,0.0,0.0,0.0,0.0,-3.187398,0.6712022,2.081331,2.39556,0.1658888,-3.029147,0.1406031,0.153302,0.01792832,0.9779611,15.63523,18.45765,4.656382,0.5878886,0.04509613,-0.8076835,0.1683547,0.0007727757,0.2870304,3.947729,-0.540101,-2.689708,0.65016,-0.2072001,1.991,0.9523541,0.07817587,-0.2948051,0.008043071,0.9598187,0.2805057,0.3048882,-0.2695119,0.9134585,static,44.59097,-24.86417,18.08442,-5.94129
05/11/2023 13:09:47.208062,2129,True,True,True,True,Eyes,2.353025,0.1745815,-3.101876,0.6630443,-0.3140111,0.6795361,0.0,0.0,0.0,0.0,0.0,0.0,0.0,-3.1637,0.6603165,2.115239,2.403527,0.1651163,-3.019113,0.1393159,0.1465866,0.01669834,0.979196,15.5417,17.62575,4.378035,0.5893869,0.0450785,-0.8065918,0.1582534,0.0007264092,0.2698086,3.95295,-0.5358018,-2.671844,0.6501598,-0.2072001,1.990999,0.9564671,0.07354559,-0.2824213,0.008141799,0.9606245,0.2777307,0.2917267,-0.2679397,0.9182069,static,44.29623,-24.80148,18.08442,-5.941293
05/11/2023 13:09:47.227904,2130,True,True,True,True,Eyes,2.35612,0.1741039,-3.097551,0.6591797,-0.3146155,0.6830075,0.0,0.0,0.0,0.0,0.0,0.0,0.0,-3.139955,0.6540279,2.147385,2.41154,0.1643845,-3.009283,0.1387073,0.1399577,0.01567084,0.9802687,15.51879,16.81523,4.139273,0.5908327,0.04505087,-0.8055349,0.1487582,0.0006828246,0.2536201,3.957072,-0.5340871,-2.654608,0.6501599,-0.2072001,1.991,0.9603325,0.06954959,-0.270045,0.008103047,0.9610294,0.2763273,0.2787397,-0.2675544,0.9223442,static,43.98294,-24.73234,18.08442,-5.941292
05/11/2023 13:09:47.247777,2131,True,True,True,True,Eyes,2.359385,0.1737394,-3.092949,0.654793,-0.3152525,0.6869221,0.0,0.0,0.0,0.0,0.0,0.0,0.0,-3.117444,0.6497009,2.176286,2.419688,0.1650675,-2.999109,0.1380133,0.1337335,0.01538872,0.9812396,15.46991,16.06468,3.993134,0.5922375,0.04501554,-0.8045046,0.1398327,0.0006418552,0.2384029,3.961439,-0.5285932,-2.634763,0.65016,-0.2072002,1.991,0.9637571,0.06711403,-0.2582015,0.006713977,0.961431,0.2749642,0.2666968,-0.2667323,0.9261354,static,43.62824,-24.65204,18.08442,-5.941294
05/11/2023 13:09:47.257935,2132,True,True,True,True,Eyes,2.362849,0.1734805,-3.088085,0.6501946,-0.3157268,0.6910598,0.0,0.0,0.0,0.0,0.0,0.0,0.0,-3.09235,0.6494642,2.206548,2.428078,0.167516,-2.988254,0.1374795,0.127078,0.01598614,0.982189,15.4263,15.27893,3.946417,0.593612,0.04497629,-0.8034933,0.1314428,0.0006033439,0.2240987,3.966177,-0.5205885,-2.614321,0.65016,-0.2072002,1.990999,0.9671913,0.06634406,-0.2452336,0.003538401,0.9616877,0.2741246,0.2540247,-0.2659986,0.9299011,static,43.25486,-24.5544,18.08443,-5.941297
05/11/2023 13:09:47.277634,2133,True,True,True,True,Eyes,2.366485,0.1733531,-3.082989,0.6451211,-0.3163303,0.6955242,0.0,0.0,0.0,0.0,0.0,0.0,0.0,-3.06686,0.6440989,2.237948,2.436376,0.1697576,-2.977273,0.1352884,0.1204404,0.01721043,0.9833083,15.1837,14.49247,3.947232,0.5949652,0.04493634,-0.802494,0.1235562,0.0005671433,0.2106528,3.970853,-0.5130642,-2.595342,0.6501599,-0.2072003,1.990999,0.9703958,0.06643467,-0.2322033,-0.00125794,0.9628017,0.270206,0.2415168,-0.2619147,0.9343824,static,42.84692,-24.45644,18.08443,-5.9413
05/11/2023 13:09:47.298084,2134,True,True,True,True,Eyes,2.370291,0.1733713,-3.077639,0.6397907,-0.3169415,0.7001542,0.0,0.0,0.0,0.0,0.0,0.0,0.0,-3.04006,0.6421099,2.269773,2.444437,0.1725043,-2.966666,0.1345667,0.1135387,0.01770603,0.9842192,15.12143,13.67688,3.885127,0.596305,0.0448992,-0.801501,0.1161428,0.0005331147,0.1980136,3.977667,-0.4943267,-2.571043,0.6501593,-0.2072001,1.991,0.973591,0.06541024,-0.2187285,-0.004296181,0.9631566,0.2689068,0.2282591,-0.2608655,0.9380016,static,42.42062,-24.35502,18.08441,-5.941292
05/11/2023 13:09:47.307466,2135,True,True,True,True,Eyes,2.374251,0.1735079,-3.072058,0.6340261,-0.3174013,0.7051718,0.0,0.0,0.0,0.0,0.0,0.0,0.0,-3.009762,0.6472862,2.302798,2.452479,0.1763355,-2.955465,0.1353716,0.1060159,0.01819718,0.9849387,15.23669,12.80026,3.836008,0.5976391,0.04486844,-0.8005085,0.1091743,0.0005011278,0.1861328,3.983073,-0.4759464,-2.545829,0.6501594,-0.2072002,1.990999,0.976859,0.0645493,-0.2039115,-0.007143129,0.9626868,0.2705238,0.2137651,-0.2628071,0.9408703,static,41.95899,-24.23275,18.08441,-5.941296
05/11/2023 13:09:47.328403,2136,True,True,True,True,Eyes,2.37835,0.1737263,-3.066278,0.627993,-0.3178995,0.7103273,0.0,0.0,0.0,0.0,0.0,0.0,0.0,-2.97996,0.6272619,2.341587,2.460462,0.179259,-2.944595,0.1307862,0.09855174,0.0191389,0.9863145,14.72739,11.89895,3.766503,0.5989728,0.04484655,-0.7995123,0.1026238,0.0004710601,0.1749648,3.978435,-0.4934313,-2.528768,0.6501597,-0.2072003,1.990999,0.9798425,0.06353235,-0.1893998,-0.01197554,0.9650573,0.2617649,0.1994122,-0.2542202,0.9463651,static,41.47956,-24.1104,18.08442,-5.941301
05/11/2023 13:09:47.347647,2137,True,True,True,True,Eyes,2.38261,0.1739747,-3.060314,0.6215429,-0.318601,0.715666,0.0,0.0,0.0,0.0,0.0,0.0,0.0,-2.948061,0.6265337,2.376865,2.467983,0.1814606,-2.934148,0.1307048,0.09082326,0.01908592,0.9870679,14.74765,10.98573,3.641457,0.6003106,0.04483484,-0.7985089,0.09646638,0.0004427965,0.1644669,3.98285,-0.4775226,-2.503021,0.6501597,-0.2072003,1.990999,0.9827737,0.06142028,-0.1743082,-0.01393613,0.9651039,0.261496,0.1842867,-0.2545622,0.9493348,static,40.97372,-23.99772,18.08442,-5.941297
05/11/2023 13:09:47.357915,2138,True,True,True,True,Eyes,2.386972,0.174257,-3.054193,0.614851,-0.3195282,0.7210132,0.0,0.0,0.0,0.0,0.0,0.0,0.0,-2.91743,0.6124701,2.413172,2.475472,0.1823854,-2.923814,0.1294563,0.08322101,0.01749643,0.9879319,14.64775,10.05767,3.325175,0.6016573,0.0448331,-0.7974948,0.09067839,0.0004162288,0.1545989,3.979865,-0.4865116,-2.48494,0.6501597,-0.2072002,1.990999,0.9855363,0.05611752,-0.1599033,-0.01302359,0.9658698,0.2587001,0.1689634,-0.2528759,0.9526307,static,40.45621,-23.90127,18.08442,-5.941295
05/11/2023 13:09:47.377732,2139,True,True,True,True,Eyes,2.391443,0.174606,-3.047905,0.6078705,-0.3208735,0.7263151,0.0,0.0,0.0,0.0,0.0,0.0,0.0,-2.88955,0.6108469,2.442318,2.482408,0.1835675,-2.914018,0.1313759,0.07632878,0.01515374,0.9882736,14.91331,9.221221,2.966425,0.6030158,0.04484129,-0.7964678,0.08523769,0.000391255,0.145323,3.975905,-0.5012091,-2.468119,0.6501598,-0.2072002,1.990999,0.9878886,0.0500076,-0.1468858,-0.00989655,0.9650215,0.261984,0.1548491,-0.2573573,0.9538286,static,39.92677,-23.83502,18.08442,-5.941297
05/11/2023 13:09:47.387473,2140,True,True,True,True,Eyes,2.395976,0.1749866,-3.041447,0.6006826,-0.3220438,0.731757,0.0,0.0,0.0,0.0,0.0,0.0,0.0,-2.860485,0.6183815,2.468983,2.488894,0.1855431,-2.903727,0.1339324,0.06949439,0.01403152,0.9884513,15.23752,8.41169,2.753722,0.6043885,0.04486018,-0.7954255,0.08012342,0.0003677797,0.1366036,3.976263,-0.4968852,-2.446543,0.6501597,-0.2072003,1.991,0.9899473,0.04635406,-0.1336251,-0.009123845,0.9637304,0.2667216,0.1411422,-0.2628212,0.9544652,static,39.38179,-23.75414,18.08442,-5.941297
05/11/2023 13:09:47.407673,2141,True,True,True,True,Eyes,2.510471,0.1857909,-2.876309,0.3992622,-0.3437519,0.8499554,0.0,0.0,0.0,0.0,0.0,0.0,0.0,-2.829396,0.6028898,2.502497,2.495023,0.186671,-2.893349,0.1313001,0.06235692,0.01364019,0.9892856,14.95649,7.551162,2.572503,0.6057769,0.04488963,-0.7943668,0.07531602,0.0003457129,0.1284074,3.977806,-0.4833169,-2.420355,0.6501595,-0.2072002,1.991,0.9918511,0.04336301,-0.1197957,-0.01061314,0.9651485,0.2614876,0.1269595,-0.2580854,0.9577438,static,25.16155,-22.02014,18.08441,-5.941294
05/11/2023 13:09:47.428319,2142,True,True,True,True,Eyes,2.510696,0.1858365,-2.875874,0.3987359,-0.3434866,0.8503097,0.0,0.0,0.0,0.0,0.0,0.0,0.0,-2.794149,0.6037468,2.536062,2.50084,0.188358,-2.88335,0.1314189,0.05460466,0.01355166,0.9897293,14.99047,6.637248,2.443132,0.6138895,0.04549484,-0.7880796,0.4142836,0.03273795,0.6161191,3.980874,-0.4628654,-2.392083,0.6501599,-0.2072003,1.990999,0.9936693,0.04117711,-0.1045258,-0.01247277,0.9650908,0.2616182,0.1116495,-0.2586583,0.9594948,static,25.1233,-21.99647,18.08443,-5.9413
05/11/2023 13:09:47.447654,2143,True,True,True,True,Eyes,2.511119,0.1859019,-2.87504,0.3978031,-0.3429377,0.8509679,0.0,0.0,0.0,0.0,0.0,0.0,0.0,-2.758782,0.5885649,2.571694,2.506568,0.18944,-2.872652,0.1275054,0.04695674,0.01453337,0.9906192,14.55171,5.735988,2.413994,0.6203989,0.04597891,-0.7829372,0.3894266,0.03077367,0.5791519,3.981245,-0.4508904,-2.365858,0.6501599,-0.2072001,1.990999,0.9951677,0.04076853,-0.0893263,-0.01681959,0.9670624,0.2539833,0.09673862,-0.2512536,0.9630749,static,25.05474,-21.9493,18.08443,-5.941293
05/11/2023 13:09:47.462908,2144,True,True,True,True,Eyes,2.511714,0.1859915,-2.873824,0.3964047,-0.3423961,0.8518382,0.0,0.0,0.0,0.0,0.0,0.0,0.0,-2.724784,0.5703782,2.605601,2.511889,0.1899155,-2.862391,0.1231453,0.03967189,0.01536386,0.9914765,14.06204,4.875943,2.37729,0.6256425,0.04636774,-0.7787303,0.366061,0.02892725,0.5444028,3.9817,-0.434113,-2.33645,0.6501595,-0.2072003,1.991,0.9963802,0.04023662,-0.07488351,-0.02069499,0.9691983,0.2454104,0.08245146,-0.2429724,0.9665228,static,24.95501,-21.89764,18.08442,-5.941298
05/11/2023 13:09:47.477580,2145,True,True,True,True,Eyes,2.512501,0.1861039,-2.87222,0.3946266,-0.3418775,0.8528714,0.0,0.0,0.0,0.0,0.0,0.0,0.0,-2.690896,0.5692477,2.634362,2.516693,0.1906535,-2.852146,0.1225264,0.03257005,0.01563745,0.9918075,14.00619,4.044744,2.303629,0.6298851,0.04668181,-0.7752839,0.3440973,0.02719162,0.5117387,3.97879,-0.4245369,-2.306976,0.6501594,-0.2072003,1.990999,0.9973893,0.03900007,-0.06077445,-0.0230373,0.9694855,0.2440639,0.06843845,-0.2420267,0.967853,static,24.83014,-21.84361,18.08442,-5.941298
05/11/2023 13:09:47.493016,2146,True,True,True,True,Eyes,2.513409,0.1862124,-2.870271,0.3924201,-0.3413652,0.8540937,0.0,0.0,0.0,0.0,0.0,0.0,0.0,-2.657556,0.5564008,2.663372,2.521139,0.1912335,-2.841307,0.1198664,0.02564338,0.01584866,0.9923323,13.71437,3.227345,2.218205,0.6333375,0.04693735,-0.7724506,0.3234515,0.02556012,0.4810343,3.972917,-0.4228289,-2.277316,0.6501598,-0.2072003,1.990999,0.9981825,0.03760182,-0.04709405,-0.02530671,0.9707617,0.2387075,0.05469294,-0.2370818,0.9699489,static,24.67679,-21.78566,18.08442,-5.941299
05/11/2023 13:09:47.507579,2147,True,True,True,True,Eyes,2.514433,0.1863047,-2.86799,0.3898811,-0.3411033,0.8553602,0.0,0.0,0.0,0.0,0.0,0.0,0.0,-2.623174,0.5535079,2.690938,2.525083,0.1911879,-2.831248,0.1191071,0.01866922,0.01581868,0.9925799,13.64208,2.407988,2.114157,0.6361663,0.04714666,-0.7701099,0.3040444,0.02402651,0.4521723,3.966506,-0.4218461,-2.247674,0.65016,-0.2072002,1.990999,0.9988025,0.03584988,-0.03329316,-0.02695533,0.9711266,0.2370372,0.04082962,-0.2358559,0.9709299,static,24.50394,-21.74129,18.08443,-5.941296
05/11/2023 13:09:47.527906,2148,True,True,True,True,Eyes,2.515542,0.1864106,-2.865389,0.3869579,-0.3410595,0.8567041,0.0,0.0,0.0,0.0,0.0,0.0,0.0,-2.587927,0.5611315,2.716053,2.528672,0.1909491,-2.821088,0.1205053,0.01165634,0.01547952,0.9925237,13.81855,1.585575,1.979188,0.6385047,0.0473192,-0.7681615,0.2858018,0.02258492,0.4250419,3.960047,-0.4239871,-2.220379,0.6501599,-0.2072003,1.990999,0.999249,0.03353689,-0.01940766,-0.02791828,0.9704777,0.2395696,0.02686912,-0.2388479,0.9706852,static,24.30784,-21.70783,18.08443,-5.941298
05/11/2023 13:09:47.537881,2149,True,True,True,True,Eyes,2.516753,0.1865136,-2.862482,0.3837691,-0.3413086,0.8580383,0.0,0.0,0.0,0.0,0.0,0.0,0.0,-2.553655,0.5735323,2.738349,2.531908,0.1914395,-2.81095,0.1228114,0.00493885,0.01525197,0.9923006,14.09799,0.8003681,1.860138,0.6405706,0.04747192,-0.7664303,0.2686537,0.02122983,0.3995394,3.949748,-0.4414901,-2.197852,0.6501601,-0.2072002,1.990999,0.999486,0.03148216,-0.006055416,-0.02905597,0.9693695,0.2438823,0.01354788,-0.243581,0.9697859,static,24.09722,-21.69156,18.08443,-5.941296
05/11/2023 13:09:47.557876,2150,True,True,True,True,Eyes,2.518014,0.1865948,-2.859295,0.380255,-0.341793,0.859409,0.0,0.0,0.0,0.0,0.0,0.0,0.0,-2.5201,0.5869799,2.75873,2.534706,0.1915062,-2.800827,0.1249566,-0.001514438,0.01534929,0.9920423,14.35748,0.04916073,1.779058,0.6424827,0.04761362,-0.7648191,0.2525344,0.01995604,0.3755671,3.939449,-0.4525184,-2.171434,0.6501601,-0.2072002,1.991,0.9995242,0.03007581,0.006840762,-0.03083276,0.9683005,0.247878,0.0008312185,-0.247971,0.9687671,static,23.86752,-21.68806,18.08443,-5.941294
05/11/2023 13:09:47.577807,2151,True,True,True,True,Eyes,2.519324,0.1866537,-2.855849,0.37656,-0.3426433,0.8606963,0.0,0.0,0.0,0.0,0.0,0.0,0.0,-2.486811,0.6049115,2.777372,2.537236,0.191131,-2.791028,0.1278887,-0.007837319,0.01537618,0.9916384,14.70722,359.3122,1.687932,0.644261,0.0477451,-0.7633135,0.2373824,0.01875868,0.3530331,3.926856,-0.4736097,-2.149444,0.6501598,-0.2072002,1.991,0.9994043,0.02849061,0.01947645,-0.03249983,0.9668161,0.2533977,-0.01161069,-0.2538797,0.9671661,static,23.62968,-21.70751,18.08442,-5.941295
05/11/2023 13:09:47.587754,2152,True,True,True,True,Eyes,2.520653,0.1866898,-2.852156,0.3725763,-0.3437188,0.8620002,0.0,0.0,0.0,0.0,0.0,0.0,0.0,-2.452056,0.6356658,2.793582,2.539245,0.1907469,-2.781475,0.1327249,-0.01423467,0.01582028,0.9909245,15.27731,358.5737,1.63802,0.6459235,0.04786702,-0.7618995,0.2231394,0.01763315,0.3318511,3.914146,-0.4979307,-2.129867,0.6501601,-0.2072002,1.990999,0.9990941,0.02757481,0.03241045,-0.03513199,0.9642677,0.2625902,-0.02401148,-0.263491,0.964363,static,23.37511,-21.73942,18.08443,-5.941294
05/11/2023 13:09:47.607764,2153,True,True,True,True,Eyes,2.522017,0.1867181,-2.848227,0.3683627,-0.3449334,0.8633249,0.0,0.0,0.0,0.0,0.0,0.0,0.0,-2.416605,0.6628292,2.810363,2.54115,0.1902885,-2.771969,0.1362113,-0.02065219,0.01704025,0.9903181,15.69335,357.8414,1.674043,0.6474856,0.04797998,-0.7605653,0.2097511,0.01657517,0.31194,3.903425,-0.5080282,-2.10571,0.65016,-0.2072002,1.991,0.9985663,0.02812442,0.04554661,-0.03937666,0.9623123,0.269081,-0.03626231,-0.2704887,0.9620399,static,23.10693,-21.77872,18.08442,-5.941295
05/11/2023 13:09:47.627862,2154,True,True,True,True,Eyes,2.523377,0.1867384,-2.844069,0.363928,-0.3462133,0.8646923,0.0,0.0,0.0,0.0,0.0,0.0,0.0,-2.382214,0.6933101,2.824351,2.5426,0.190156,-2.762536,0.1401577,-0.02674064,0.01852416,0.9895948,16.1641,357.1514,1.740196,0.6489615,0.04808493,-0.7592997,0.197166,0.01558066,0.2932236,3.89182,-0.5197768,-2.082176,0.6501596,-0.2072002,1.991,0.9978836,0.02916701,0.0581174,-0.04415864,0.9600254,0.2764079,-0.04773219,-0.2783893,0.9592815,static,22.82504,-21.82062,18.08442,-5.941294
05/11/2023 13:09:47.643415,2155,True,True,True,True,Eyes,2.524696,0.1867451,-2.839686,0.3592461,-0.3470518,0.8663124,0.0,0.0,0.0,0.0,0.0,0.0,0.0,-2.349372,0.7112126,2.839263,2.543951,0.1899953,-2.752999,0.1417644,-0.03253806,0.02016112,0.9891602,16.36572,356.4952,1.831163,0.6503628,0.04818266,-0.7580937,0.1853361,0.01464582,0.2756302,3.883373,-0.517294,-2.05407,0.6501596,-0.2072002,1.991,0.9970696,0.03065968,0.07008697,-0.04911064,0.9589928,0.2791434,-0.05865445,-0.2817674,0.9576883,static,22.52301,-21.83144,18.08442,-5.941294
05/11/2023 13:09:47.657971,2156,True,True,True,True,Eyes,2.525982,0.1867319,-2.835096,0.354354,-0.3478154,0.8680194,0.0,0.0,0.0,0.0,0.0,0.0,0.0,-2.317592,0.7194995,2.854527,2.544671,0.1896586,-2.743341,0.1415546,-0.03803986,0.02194726,0.988956,16.35884,355.8747,1.949433,0.6516997,0.04827385,-0.7569389,0.1742159,0.01376707,0.2590924,3.87632,-0.5035241,-2.02166,0.65016,-0.2072003,1.991,0.9961426,0.03264031,0.08145294,-0.05417917,0.9589612,0.2783127,-0.069026,-0.2816522,0.9570305,static,22.20689,-21.83598,18.08442,-5.941297
05/11/2023 13:09:47.677959,2157,True,True,True,True,Eyes,2.527315,0.186718,-2.830276,0.3477462,-0.3470836,0.8709797,0.0,0.0,0.0,0.0,0.0,0.0,0.0,-2.284053,0.7255881,2.871416,2.545267,0.1891374,-2.733907,0.1409782,-0.04381385,0.02365044,0.9887601,16.31152,355.2201,2.055008,0.6529808,0.04835883,-0.7558286,0.1637629,0.01294104,0.2435468,3.868342,-0.4906537,-1.988801,0.6501599,-0.2072001,1.991,0.995042,0.0344156,0.09331115,-0.0591228,0.9591315,0.2767148,-0.07997437,-0.2808596,0.9564109,static,21.76478,-21.72718,18.08442,-5.941293
05/11/2023 13:09:47.689566,2158,True,True,True,True,Eyes,2.528591,0.1866615,-2.825261,0.340982,-0.3463173,0.873954,0.0,0.0,0.0,0.0,0.0,0.0,0.0,-2.250138,0.7214923,2.889876,2.545274,0.1884033,-2.724178,0.1391511,-0.04963268,0.02469626,0.9887183,16.11785,354.5483,2.089201,0.6542155,0.0484384,-0.754755,0.1539371,0.01216458,0.228934,3.859343,-0.4781156,-1.954992,0.6501599,-0.2072002,1.990999,0.9938534,0.03502239,0.1050185,-0.06264815,0.9600542,0.2727109,-0.09127244,-0.2776139,0.9563472,static,21.31374,-21.61669,18.08442,-5.941296
05/11/2023 13:09:47.707845,2159,True,True,True,True,Eyes,2.529844,0.1865667,-2.820048,0.3341233,-0.3455402,0.8769056,0.0,0.0,0.0,0.0,0.0,0.0,0.0,-2.216668,0.7226247,2.906432,2.545311,0.1872981,-2.714675,0.1381121,-0.05533252,0.02585995,0.9885316,16.01673,353.8932,2.137062,0.6554109,0.04851224,-0.7537124,0.1447009,0.0114347,0.215198,3.849797,-0.4682696,-1.92276,0.6501599,-0.2072001,1.991,0.9925391,0.03584256,0.116539,-0.06641092,0.9605126,0.2701945,-0.1022528,-0.2759181,0.9557267,static,20.85811,-21.50667,18.08442,-5.941293
05/11/2023 13:09:47.727885,2160,True,True,True,True,Eyes,2.531009,0.1864342,-2.814657,0.3271359,-0.344745,0.8798483,0.0,0.0,0.0,0.0,0.0,0.0,0.0,-2.18452,0.725566,2.920365,2.544635,0.1862029,-2.705045,0.1374997,-0.06067836,0.02697832,0.9882733,15.96491,353.2794,2.183908,0.6565729,0.04858012,-0.752696,0.1360189,0.01074862,0.2022861,3.83937,-0.464812,-1.892653,0.65016,-0.2072002,1.990999,0.9911807,0.03663738,0.1273526,-0.07001041,0.960732,0.2685007,-0.1125146,-0.2750486,0.9548239,static,20.39561,-21.3964,18.08443,-5.941295
05/11/2023 13:09:47.739589,2161,True,True,True,True,Eyes,2.531953,0.1862371,-2.809117,0.3201346,-0.3439579,0.8827268,0.0,0.0,0.0,0.0,0.0,0.0,0.0,-2.152225,0.7258672,2.934658,2.543801,0.1851515,-2.695546,0.1366296,-0.06604023,0.02786558,0.9880257,15.88262,352.6597,2.205686,0.6577058,0.04864189,-0.7517024,0.1278577,0.01010371,0.1901489,3.827772,-0.4637367,-1.86289,0.6501597,-0.2072003,1.990999,0.9897244,0.03701771,0.1381134,-0.0731099,0.9611117,0.2663065,-0.1228844,-0.2736675,0.9539421,static,19.93396,-21.28857,18.08442,-5.941299
05/11/2023 13:09:47.757829,2162,True,True,True,True,Eyes,2.532798,0.185995,-2.803413,0.3130092,-0.3432235,0.8855636,0.0,0.0,0.0,0.0,0.0,0.0,0.0,-2.118234,0.7309196,2.948161,2.542365,0.1835944,-2.686166,0.136344,-0.07153253,0.02896918,0.9876508,15.87057,352.0282,2.247228,0.6588117,0.04869679,-0.7507298,0.1201863,0.009497483,0.17874,3.815285,-0.4638937,-1.83303,0.65016,-0.2072003,1.990999,0.9880878,0.03771681,0.1491979,-0.07672893,0.9611422,0.2651761,-0.1333988,-0.2734651,0.9525868,static,19.46634,-21.18515,18.08442,-5.941298
05/11/2023 13:09:47.777888,2163,True,True,True,True,Eyes,2.533615,0.1856971,-2.79754,0.3057967,-0.3425365,0.8883451,0.0,0.0,0.0,0.0,0.0,0.0,0.0,-2.084494,0.7384235,2.960373,2.540949,0.1822647,-2.676667,0.1364889,-0.07696129,0.03015885,0.9871871,15.90972,351.4054,2.296517,0.6598942,0.04874457,-0.7497755,0.1129751,0.008927634,0.1680156,3.802568,-0.4644381,-1.803498,0.6501598,-0.2072003,1.990999,0.9863348,0.03853614,0.1601831,-0.08055358,0.9609225,0.264838,-0.1437177,-0.2741223,0.9508955,static,18.99509,-21.08611,18.08442,-5.941297
05/11/2023 13:09:47.787706,2164,True,True,True,True,Eyes,2.534309,0.1853434,-2.79152,0.2985278,-0.3419382,0.891044,0.0,0.0,0.0,0.0,0.0,0.0,0.0,-2.052061,0.7401556,2.972259,2.538956,0.1805138,-2.66725,0.1359929,-0.08213767,0.03084269,0.9868174,15.87067,350.804,2.295821,0.660957,0.04878461,-0.7488361,0.1061966,0.008391976,0.1579347,3.789453,-0.4660139,-1.773812,0.65016,-0.2072001,1.990999,0.9846043,0.03853193,0.1704985,-0.08321246,0.9611093,0.2633335,-0.1537209,-0.2734669,0.9495187,static,18.52247,-20.99431,18.08442,-5.941294
05/11/2023 13:09:47.812665,2165,True,True,True,True,Eyes,2.534886,0.1849311,-2.785353,0.2912865,-0.341426,0.8936332,0.0,0.0,0.0,0.0,0.0,0.0,0.0,-2.024149,0.7455522,2.979665,2.536807,0.178843,-2.657829,0.136586,-0.08657105,0.03108405,0.9863486,15.95158,350.2827,2.245381,0.662003,0.04881649,-0.7479095,0.09982479,0.007888458,0.1484586,3.77562,-0.4678678,-1.743974,0.6501597,-0.2072002,1.990999,0.9830785,0.03767063,0.1792697,-0.0849682,0.9607561,0.2640609,-0.1622872,-0.2748248,0.9476994,static,18.05377,-20.91011,18.08442,-5.941295
05/11/2023 13:09:47.828011,2166,True,True,True,True,Eyes,2.535319,0.1844708,-2.779054,0.2840435,-0.3408589,0.8961776,0.0,0.0,0.0,0.0,0.0,0.0,0.0,-1.998492,0.7530922,2.984171,2.533995,0.1770062,-2.648383,0.1370841,-0.09046387,0.03195871,0.9859021,16.02669,349.8356,2.278642,0.6630343,0.0488397,-0.7469938,0.0938353,0.00741515,0.1395511,3.76089,-0.4730594,-1.714944,0.6501596,-0.2072002,1.990999,0.9815899,0.03821401,0.1871391,-0.08781864,0.9603732,0.2645208,-0.169615,-0.2760852,0.9460484,static,17.58601,-20.82419,18.08442,-5.941296
05/11/2023 13:09:47.847785,2167,True,True,True,True,Eyes,2.535594,0.1839578,-2.772628,0.2768348,-0.3402718,0.8986532,0.0,0.0,0.0,0.0,0.0,0.0,0.0,-1.972074,0.7562973,2.990031,2.531031,0.1753455,-2.639031,0.1361934,-0.09439443,0.03366258,0.9856004,15.95127,349.398,2.422701,0.664052,0.04885406,-0.7460882,0.08820518,0.006970241,0.131178,3.746645,-0.4764398,-1.685943,0.6501598,-0.2072001,1.991,0.9799131,0.04064389,0.1952396,-0.09206749,0.9606363,0.2621095,-0.1769011,-0.2748197,0.9450821,static,17.12172,-20.73899,18.08442,-5.941291
05/11/2023 13:09:47.857854,2168,True,True,True,True,Eyes,2.535713,0.1833929,-2.766071,0.2696119,-0.3396286,0.9010893,0.0,0.0,0.0,0.0,0.0,0.0,0.0,-1.943714,0.7631263,2.99559,2.527549,0.1735255,-2.629702,0.1358145,-0.09852771,0.03551067,0.9851832,15.93828,348.9383,2.57536,0.6650574,0.04885932,-0.7451919,0.08291287,0.006552027,0.1233073,3.731558,-0.4824775,-1.657423,0.6501597,-0.2072002,1.990999,0.9780626,0.04320604,0.2037814,-0.09673199,0.9605869,0.2606067,-0.1844899,-0.2746018,0.9436934,static,16.65753,-20.65187,18.08442,-5.941295
05/11/2023 13:09:47.877491,2169,True,True,True,True,Eyes,2.535653,0.1827748,-2.759395,0.2624333,-0.338969,0.9034538,0.0,0.0,0.0,0.0,0.0,0.0,0.0,-1.916506,0.7644238,3.001321,2.523997,0.171635,-2.620163,0.1347687,-0.1025286,0.03699815,0.9848638,15.8455,348.4885,2.695498,0.6660509,0.04885522,-0.7443043,0.07793809,0.006158905,0.1159089,3.715482,-0.4904045,-1.629246,0.6501598,-0.2072001,1.991,0.976238,0.04524097,0.2119258,-0.1005115,0.9609371,0.2578708,-0.191981,-0.2730443,0.9426506,static,16.19741,-20.56571,18.08442,-5.941292
05/11/2023 13:09:47.887657,2170,True,True,True,True,Eyes,2.535414,0.1821255,-2.752607,0.255302,-0.3383148,0.9057395,0.0,0.0,0.0,0.0,0.0,0.0,0.0,-1.892211,0.7656358,3.004562,2.519831,0.169715,-2.61069,0.1338455,-0.1059728,0.03838219,0.9845721,15.76522,348.1028,2.811915,0.6670328,0.04884152,-0.7434253,0.07326181,0.005789371,0.1089544,3.698964,-0.4965766,-1.60032,0.6501597,-0.2072003,1.990999,0.9745931,0.04721209,0.2189503,-0.103948,0.9612244,0.2554261,-0.1984012,-0.271696,0.9417103,static,15.74162,-20.48183,18.08442,-5.941297
05/11/2023 13:09:47.907868,2171,True,True,True,True,Eyes,2.534979,0.1814437,-2.745708,0.2481714,-0.337658,0.9079636,0.0,0.0,0.0,0.0,0.0,0.0,0.0,-1.868202,0.7728809,3.005811,2.515413,0.1683127,-2.601305,0.1337789,-0.1092642,0.04018621,0.9841493,15.78919,347.7415,2.970347,0.6680037,0.04881861,-0.7425545,0.0688661,0.005442008,0.1024171,3.682555,-0.4975474,-1.569213,0.6501597,-0.2072003,1.990999,0.9728928,0.04986395,0.2258167,-0.108333,0.9609765,0.254535,-0.2043125,-0.2720987,0.9403291,static,15.28712,-20.39941,18.08442,-5.941298
05/11/2023 13:09:47.927674,2172,True,True,True,True,Eyes,2.534349,0.1807344,-2.738713,0.2410413,-0.3369511,0.9101445,0.0,0.0,0.0,0.0,0.0,0.0,0.0,-1.841614,0.7767982,3.008666,2.51025,0.1667891,-2.591883,0.1329527,-0.1128533,0.04220415,0.9837717,15.73068,347.3482,3.158231,0.6689633,0.04878677,-0.7416923,0.06473414,0.005115488,0.09627208,3.665937,-0.5088846,-1.54333,0.6501596,-0.2072004,1.990999,0.9709659,0.05303018,0.2332661,-0.1130468,0.9610848,0.2520643,-0.2108215,-0.2711158,0.9391755,static,14.83358,-20.31542,18.08442,-5.941301
05/11/2023 13:09:47.939260,2173,True,True,True,True,Eyes,2.533509,0.1800187,-2.731619,0.2338838,-0.3362808,0.9122575,0.0,0.0,0.0,0.0,0.0,0.0,0.0,-1.813811,0.7787786,3.012747,2.505042,0.1653655,-2.582726,0.1320071,-0.1166627,0.04394886,0.9833781,15.65713,346.9243,3.312399,0.6699116,0.04874636,-0.7408386,0.06085009,0.004808559,0.09049576,3.651101,-0.5120432,-1.515104,0.6501598,-0.2072002,1.991,0.9689167,0.05563609,0.2410502,-0.1172373,0.9612852,0.2493713,-0.2178439,-0.2698801,0.9379279,static,14.37972,-20.23514,18.08442,-5.941295
05/11/2023 13:09:47.958135,2174,True,True,True,True,Eyes,2.532455,0.1793118,-2.724418,0.2260656,-0.3357375,0.914426,0.0,0.0,0.0,0.0,0.0,0.0,0.0,-1.781762,0.7886115,3.016464,2.49926,0.1644559,-2.573381,0.1322104,-0.1209873,0.04615013,0.9827272,15.72501,346.4459,3.49706,0.670848,0.04869832,-0.7399939,0.05719909,0.004520045,0.08506601,3.636559,-0.5107989,-1.486216,0.6501601,-0.2072002,1.991,0.9664645,0.05871439,0.249998,-0.1226975,0.9607812,0.2486863,-0.2255919,-0.2710206,0.935765,static,13.8863,-20.16104,18.08443,-5.941296
05/11/2023 13:09:47.977914,2175,True,True,True,True,Eyes,2.531178,0.1785929,-2.717122,0.2177527,-0.3352301,0.9166268,0.0,0.0,0.0,0.0,0.0,0.0,0.0,-1.749637,0.7770451,3.025102,2.49338,0.1639087,-2.563681,0.1291873,-0.125512,0.04771951,0.9824869,15.41618,345.9338,3.648067,0.6717718,0.04864392,-0.739159,0.0,0.0,0.0,3.620108,-0.518757,-1.460243,0.65016,-0.2072002,1.991,0.9639392,0.06133846,0.2589572,-0.1261967,0.9620669,0.241871,-0.2342982,-0.2658284,0.9351147,static,13.3634,-20.08855,18.08442,-5.941295
05/11/2023 13:09:47.993499,2176,True,True,True,True,Eyes,2.529703,0.1779168,-2.70972,0.2094833,-0.3346101,0.9187778,0.0,0.0,0.0,0.0,0.0,0.0,0.0,-1.719041,0.7631217,3.033101,2.487376,0.1628626,-2.554133,0.1257779,-0.1297993,0.04917345,0.9823004,15.06228,345.4475,3.797469,0.6726829,0.04858368,-0.7383337,0.0,0.0,0.0,3.604524,-0.5195767,-1.432128,0.65016,-0.2072002,1.991,0.9614682,0.06395441,0.2673737,-0.129258,0.9635237,0.2343381,-0.2426339,-0.2598688,0.9346641,static,12.844,-20.01114,18.08442,-5.941295
05/11/2023 13:09:48.009252,2177,True,True,True,True,Eyes,2.527961,0.177303,-2.702216,0.2009717,-0.3339052,0.9209331,0.0,0.0,0.0,0.0,0.0,0.0,0.0,-1.690574,0.7603506,3.036515,2.481242,0.1631355,-2.544292,0.1241048,-0.1336172,0.05133427,0.9818907,14.9178,345.0272,4.014192,0.673581,0.04851963,-0.7375188,0.0,0.0,0.0,3.589201,-0.5222232,-1.405723,0.6501601,-0.2072002,1.991,0.9590225,0.0676442,0.2751366,-0.1339744,0.9639256,0.2299965,-0.2496533,-0.257433,0.9334888,static,12.31044,-19.92926,18.08443,-5.941294
05/11/2023 13:09:48.028057,2178,True,True,True,True,Eyes,2.526028,0.176743,-2.69463,0.1924921,-0.3329591,0.9230844,0.0,0.0,0.0,0.0,0.0,0.0,0.0,-1.662803,0.7411324,3.042676,2.47459,0.1640525,-2.53408,0.1197194,-0.1373882,0.05343144,0.9818029,14.46352,344.6096,4.265572,0.6744656,0.04845403,-0.7367142,0.0,0.0,0.0,3.575886,-0.5215702,-1.380019,0.6501598,-0.2072003,1.991,0.9565392,0.0720222,0.2825698,-0.1378144,0.9656247,0.2204001,-0.2569827,-0.2497635,0.9335835,static,11.77917,-19.83452,18.08442,-5.941297
05/11/2023 13:09:48.047999,2179,True,True,True,True,Eyes,2.523869,0.176255,-2.686982,0.1839055,-0.3324133,0.9250299,0.0,0.0,0.0,0.0,0.0,0.0,0.0,-1.635581,0.72374,3.048582,2.468208,0.1646914,-2.5246,0.1161033,-0.1411529,0.05483767,0.9816257,14.08853,344.1819,4.427971,0.6753366,0.0483887,-0.7359201,0.0,0.0,0.0,3.561937,-0.5182148,-1.353061,0.6501598,-0.2072002,1.990999,0.9541374,0.07488349,0.2898522,-0.1404367,0.9670258,0.2124589,-0.2643849,-0.2434209,0.9331918,static,11.24438,-19.76611,18.08442,-5.941294
05/11/2023 13:09:48.058351,2180,True,True,True,True,Eyes,2.521535,0.1759001,-2.679246,0.1753723,-0.3319534,0.9268503,0.0,0.0,0.0,0.0,0.0,0.0,0.0,-1.606134,0.7304136,3.049794,2.461799,0.1660673,-2.51523,0.1166926,-0.1450863,0.05652705,0.9808862,14.20116,343.7404,4.557554,0.6761925,0.04832587,-0.735138,0.0,0.0,0.0,3.548409,-0.508014,-1.323874,0.6501598,-0.2072003,1.990999,0.9515093,0.07703219,0.2978188,-0.1447542,0.9663751,0.2125218,-0.2714337,-0.245327,0.9306656,static,10.71445,-19.70509,18.08442,-5.941298
05/11/2023 13:09:48.077963,2181,True,True,True,True,Eyes,2.519052,0.1756818,-2.671429,0.1666774,-0.3316781,0.9285518,0.0,0.0,0.0,0.0,0.0,0.0,0.0,-1.575032,0.7409689,3.050406,2.455368,0.1688792,-2.505471,0.1176074,-0.1491966,0.05911217,0.9800076,14.36812,343.2906,4.782608,0.6770338,0.04826906,-0.734367,0.0,0.0,0.0,3.532781,-0.503918,-1.297031,0.6501599,-0.2072001,1.991,0.9484922,0.0807675,0.3063316,-0.150954,0.9653485,0.2128736,-0.2785235,-0.2481509,0.9278178,static,10.17636,-19.65669,18.08442,-5.941293
05/11/2023 13:09:48.087491,2182,True,True,True,True,Eyes,2.516422,0.1755894,-2.663549,0.1580929,-0.3315069,0.9301127,0.0,0.0,0.0,0.0,0.0,0.0,0.0,-1.546884,0.7331358,3.054005,2.44914,0.1718968,-2.495886,0.1161634,-0.153119,0.06050413,0.9794897,14.24628,342.8442,4.909648,0.677861,0.04822158,-0.7336065,0.0,0.0,0.0,3.514679,-0.5044147,-1.270821,0.6501598,-0.2072003,1.990999,0.9457877,0.0829527,0.3140136,-0.1541,0.9656907,0.209033,-0.2859002,-0.2460903,0.9261213,static,9.646474,-19.61687,18.08442,-5.941297
05/11/2023 13:09:48.107621,2183,True,True,True,True,Eyes,2.513627,0.1755472,-2.655622,0.1494698,-0.3313244,0.9316024,0.0,0.0,0.0,0.0,0.0,0.0,0.0,-1.523237,0.7387166,3.052251,2.443069,0.1748402,-2.486571,0.1173867,-0.1562836,0.06151522,0.9787807,14.41948,342.4839,4.959523,0.678674,0.04818615,-0.7328568,0.0,0.0,0.0,3.497027,-0.4855473,-1.237761,0.6501595,-0.2072003,1.990999,0.9435826,0.0837286,0.3203768,-0.157111,0.9648725,0.2105639,-0.2914926,-0.2490192,0.9235916,static,9.115067,-19.57793,18.08442,-5.941299
05/11/2023 13:09:48.127544,2184,True,True,True,True,Eyes,2.510725,0.1755333,-2.647683,0.1410383,-0.3311163,0.9329899,0.0,0.0,0.0,0.0,0.0,0.0,0.0,-1.506542,0.7158564,3.053793,2.437148,0.1760512,-2.477315,0.1138681,-0.1586652,0.06166449,0.9788039,14.03279,342.2007,5.001559,0.6794729,0.04816313,-0.7321178,0.0,0.0,0.0,3.476746,-0.4854093,-1.211533,0.6501598,-0.2072001,1.990999,0.9420457,0.08458107,0.3246473,-0.1568487,0.9664631,0.2033411,-0.2965609,-0.2424772,0.9237189,static,8.59621,-19.53967,18.08442,-5.941294
05/11/2023 13:09:48.138139,2185,True,True,True,True,Eyes,2.50769,0.1755538,-2.639741,0.13261,-0.3311857,0.9342005,0.0,0.0,0.0,0.0,0.0,0.0,0.0,-1.490659,0.7164261,3.050535,2.431743,0.1766906,-2.469109,0.1135898,-0.1606649,0.06293994,0.9784288,14.03435,341.981,5.125132,0.6802582,0.04815219,-0.7313889,0.0,0.0,0.0,3.455333,-0.4847334,-1.184693,0.6501595,-0.2072003,1.990999,0.9404507,0.0866647,0.328697,-0.1596643,0.9662719,0.2020546,-0.3000996,-0.2425035,0.9225683,static,8.079177,-19.52005,18.08441,-5.941297
05/11/2023 13:09:48.157844,2186,True,True,True,True,Eyes,2.504567,0.175616,-2.63177,0.1242565,-0.331012,0.9354097,0.0,0.0,0.0,0.0,0.0,0.0,0.0,-1.467347,0.7351078,3.046488,2.426331,0.1776075,-2.460885,0.114748,-0.1634551,0.06684811,0.9775719,14.25289,341.7056,5.517217,0.6810296,0.04815322,-0.7306706,0.0,0.0,0.0,3.435048,-0.4962706,-1.164728,0.6501596,-0.2072001,1.991,0.9376275,0.09318539,0.3349195,-0.1682099,0.9647285,0.2024954,-0.3042368,-0.2462021,0.9202307,moving,7.566668,-19.48727,18.08441,-5.94129
05/11/2023 13:09:48.177831,2187,True,True,True,True,Eyes,2.501348,0.1757333,-2.623803,0.1157629,-0.3310097,0.9364996,0.0,0.0,0.0,0.0,0.0,0.0,0.0,-1.44196,0.7259068,3.049859,2.421183,0.1785587,-2.452309,0.1116014,-0.1669556,0.06982308,0.9771366,13.97004,341.3273,5.866538,0.6817877,0.04816633,-0.7299623,0.0,0.0,0.0,3.41102,-0.5074874,-1.144935,0.6457123,-0.2072,1.991,0.9345012,0.09918839,0.3418615,-0.1737183,0.9653397,0.194785,-0.310692,-0.2414144,0.9193419,moving,7.046721,-19.46617,17.96869,-5.941289
05/11/2023 13:09:48.187891,2188,True,True,True,True,Eyes,2.498042,0.175916,-2.615789,0.1072455,-0.3307406,0.9376081,0.0,0.0,0.0,0.0,0.0,0.0,0.0,-1.413065,0.7321995,3.051639,2.416272,0.1800831,-2.444293,0.1119905,-0.1709833,0.07184589,0.9762486,14.07726,340.8774,6.035194,0.6825327,0.04819197,-0.7292641,0.0,0.0,0.0,3.386477,-0.4993293,-1.117535,0.6417078,-0.2071999,1.991,0.9312057,0.1019819,0.3499363,-0.1785759,0.9645926,0.1940923,-0.3177521,-0.2432301,0.9164457,moving,6.525249,-19.43026,17.86436,-5.941286
05/11/2023 13:09:48.207676,2189,True,True,True,True,Eyes,2.494644,0.1761217,-2.607759,0.0984566,-0.330276,0.9387354,0.0,0.0,0.0,0.0,0.0,0.0,0.0,-1.387706,0.7043585,3.058492,2.410979,0.1817777,-2.435233,0.1080937,-0.1750067,0.0713513,0.976011,13.64912,340.3866,5.992208,0.6832646,0.04823083,-0.7285759,0.0,0.0,0.0,3.358907,-0.5003583,-1.093809,0.6372226,-0.2071998,1.991,0.9285632,0.101445,0.3570422,-0.1771136,0.9664495,0.1860275,-0.3261917,-0.2359753,0.9153768,moving,5.987415,-19.38344,17.74735,-5.941282
05/11/2023 13:09:48.228151,2190,True,True,True,True,Eyes,2.491172,0.176328,-2.599719,0.08967423,-0.3296468,0.9398359,0.0,0.0,0.0,0.0,0.0,0.0,0.0,-1.364646,0.6642235,3.067137,2.40591,0.1825493,-2.426738,0.1025074,-0.1788649,0.06983259,0.9760242,13.00762,339.9003,5.869951,0.6839846,0.04828242,-0.7278967,0.0,0.0,0.0,3.332515,-0.4853783,-1.064331,0.632914,-0.2072,1.991,0.9262615,0.09964661,0.3634697,-0.1729865,0.9692313,0.1751182,-0.3348363,-0.2250806,0.9149991,moving,5.450364,-19.32828,17.63481,-5.941288
05/11/2023 13:09:48.237824,2191,True,True,True,True,Eyes,2.487594,0.1765209,-2.591671,0.08064699,-0.328933,0.9409034,0.0,0.0,0.0,0.0,0.0,0.0,0.0,-1.338873,0.6456462,3.071934,2.400752,0.1827323,-2.418516,0.09979864,-0.1828169,0.06958415,0.9755902,12.71887,339.4244,5.841618,0.6846932,0.04834565,-0.7272259,0.0,0.0,0.0,3.306641,-0.4693685,-1.035963,0.6285787,-0.2072,1.991,0.9234721,0.09928147,0.3705975,-0.172261,0.9703965,0.1692829,-0.3428199,-0.2201675,0.9132364,moving,4.89898,-19.26926,17.52143,-5.941289
05/11/2023 13:09:48.257705,2192,True,True,True,True,Eyes,2.483964,0.1767078,-2.58362,0.07159888,-0.3281983,0.9418914,0.0,0.0,0.0,0.0,0.0,0.0,0.0,-1.308271,0.6231445,3.079135,2.395796,0.1826939,-2.409925,0.09558906,-0.1875283,0.07047424,0.9750535,12.28888,338.8699,5.967429,0.6853908,0.04841922,-0.7265634,0.0,0.0,0.0,3.279952,-0.4677687,-1.013635,0.6238534,-0.2072001,1.991,0.919733,0.101581,0.3791735,-0.1732836,0.9717922,0.1599771,-0.3522272,-0.2128407,0.9113917,moving,4.34704,-19.21069,17.39769,-5.94129
05/11/2023 13:09:48.277766,2193,True,True,True,True,Eyes,2.480246,0.1768952,-2.575576,0.06249399,-0.3278767,0.9426513,0.0,0.0,0.0,0.0,0.0,0.0,0.0,-1.273694,0.6228677,3.08372,2.39105,0.1827123,-2.401892,0.0946173,-0.1925803,0.07247823,0.9740161,12.25326,338.2928,6.153295,0.6860771,0.04850195,-0.7259099,0.0,0.0,0.0,3.254061,-0.4586285,-0.9887936,0.619912,-0.2072002,1.991,0.9153196,0.1047471,0.388868,-0.1776328,0.971589,0.1564018,-0.3614373,-0.2122333,0.9079208,moving,3.79293,-19.1789,17.29435,-5.941294
05/11/2023 13:09:48.297658,2194,True,True,True,True,Eyes,2.476476,0.1770852,-2.567523,0.053389,-0.3276066,0.9433047,0.0,0.0,0.0,0.0,0.0,0.0,0.0,-1.239316,0.6336159,3.085513,2.386479,0.1831337,-2.393521,0.09575178,-0.1975505,0.07443204,0.9727617,12.45633,337.7278,6.289752,0.6867522,0.0485931,-0.7252653,0.0,0.0,0.0,3.226852,-0.4575483,-0.967737,0.6156302,-0.2071999,1.991,0.9108674,0.1069777,0.3985931,-0.1826409,0.970583,0.1568792,-0.3700851,-0.2156955,0.9036108,moving,3.239361,-19.15195,17.18195,-5.941285
05/11/2023 13:09:48.308190,2195,True,True,True,True,Eyes,2.472649,0.1772454,-2.5595,0.0441862,-0.3277801,0.9437202,0.0,0.0,0.0,0.0,0.0,0.0,0.0,-1.206733,0.6355352,3.087909,2.381591,0.1833804,-2.385307,0.09591918,-0.2023439,0.0754498,0.9716809,12.52933,337.1703,6.340625,0.6874165,0.048692,-0.724629,0.0,0.0,0.0,3.198869,-0.4651765,-0.9499581,0.6113752,-0.2072001,1.991,0.9067286,0.107809,0.4077016,-0.1854436,0.9702137,0.155872,-0.3787532,-0.2169393,0.8997129,moving,2.680705,-19.15353,17.07012,-5.941289
05/11/2023 13:09:48.327949,2196,True,True,True,True,Eyes,2.468786,0.1773827,-2.551494,0.03502221,-0.3283174,0.9439179,0.0,0.0,0.0,0.0,0.0,0.0,0.0,-1.173789,0.6526217,3.087582,2.376759,0.1829735,-2.377898,0.09881642,-0.2070231,0.07625123,0.9703415,12.90545,336.6269,6.306061,0.688071,0.04879724,-0.7240005,0.0,0.0,0.0,3.171597,-0.4752737,-0.9343141,0.6070063,-0.2071999,1.991,0.9026544,0.1070649,0.4168358,-0.188894,0.9688421,0.1601998,-0.3866964,-0.2233428,0.8947536,moving,2.124872,-19.17891,16.95516,-5.941286
05/11/2023 13:09:48.337526,2197,True,True,True,True,Eyes,2.464911,0.1775096,-2.543495,0.02569735,-0.3291879,0.9439147,0.0,0.0,0.0,0.0,0.0,0.0,0.0,-1.136502,0.6831796,3.085513,2.372122,0.1826428,-2.370325,0.1033335,-0.2121762,0.0783374,0.9685901,13.4984,336.043,6.371191,0.6887152,0.04890751,-0.7233802,0.0,0.0,0.0,3.145135,-0.48471,-0.9192489,0.6026725,-0.2071998,1.991,0.8976891,0.1079039,0.4272132,-0.1956034,0.9663709,0.1669328,-0.3948337,-0.2334182,0.8886069,moving,1.559448,-19.22609,16.84098,-5.941284
05/11/2023 13:09:48.357729,2198,True,True,True,True,Eyes,2.461006,0.1776324,-2.53552,0.0162935,-0.3303437,0.94372,0.0,0.0,0.0,0.0,0.0,0.0,0.0,-1.094753,0.7032672,3.086698,2.367277,0.1824875,-2.362937,0.1061734,-0.2180901,0.08022832,0.966813,13.90388,335.362,6.436702,0.6893514,0.04902233,-0.7227662,0.0,0.0,0.0,3.118829,-0.4976209,-0.9062515,0.5983319,-0.2071999,1.991,0.8920002,0.1088208,0.438741,-0.2014423,0.9645813,0.1703057,-0.4046685,-0.2402937,0.8823278,moving,0.989124,-19.2923,16.72649,-5.941286
05/11/2023 13:09:48.377427,2199,True,True,True,True,Eyes,2.457063,0.1777565,-2.527546,0.006632113,-0.3314354,0.9434546,0.0,0.0,0.0,0.0,0.0,0.0,0.0,-1.04971,0.7246976,3.088298,2.362768,0.1825908,-2.355558,0.109742,-0.2246033,0.08145086,0.964819,14.37994,334.5981,6.393883,0.6899788,0.04914097,-0.7221591,0.0,0.0,0.0,3.092151,-0.5172812,-0.8965858,0.5939711,-0.2071999,1.991,0.8858383,0.1078738,0.4512802,-0.2064675,0.9626449,0.1751741,-0.4155259,-0.2483507,0.8750201,moving,0.4027601,-19.35636,16.61132,-5.941286
05/11/2023 13:09:48.397649,2200,True,True,True,True,Eyes,2.453075,0.1778765,-2.519572,-0.003153014,-0.3324758,0.9431065,0.0,0.0,0.0,0.0,0.0,0.0,0.0,-1.006669,0.7294073,3.091814,2.357746,0.1827634,-2.347842,0.1111453,-0.2310375,0.08142743,0.9631398,14.57946,333.8229,6.257933,0.6905981,0.04926328,-0.7215585,0.0,0.0,0.0,3.065828,-0.5310645,-0.8854477,0.5895623,-0.2071999,1.991,0.8799825,0.1054945,0.4631432,-0.2082094,0.9620326,0.1764713,-0.4269422,-0.2517225,0.8685368,moving,-0.1915518,-19.41921,16.49474,-5.941285
05/11/2023 13:09:48.407979,2201,True,True,True,True,Eyes,2.449015,0.1779821,-2.511613,-0.01329632,-0.3329127,0.9428638,0.0,0.0,0.0,0.0,0.0,0.0,0.0,-0.9665611,0.7196033,3.097162,2.352827,0.1828013,-2.339931,0.1104113,-0.2372601,0.08061645,0.9617785,14.51518,333.061,6.088437,0.69121,0.04938891,-0.7209638,0.0,0.0,0.0,3.040728,-0.5459644,-0.8758653,0.5852512,-0.2071999,1.991,0.8744172,0.102678,0.4741853,-0.2074627,0.9626207,0.1741282,-0.4385814,-0.2506365,0.863034,moving,-0.8079347,-19.44745,16.38061,-5.941286
05/11/2023 13:09:48.427959,2202,True,True,True,True,Eyes,2.4449,0.1780633,-2.503654,-0.02355568,-0.3332284,0.9425518,0.0,0.0,0.0,0.0,0.0,0.0,0.0,-0.926713,0.7090423,3.101889,2.347527,0.1825918,-2.332175,0.1093276,-0.2433563,0.08009535,0.9604217,14.41744,332.3178,5.964482,0.6918139,0.0495172,-0.7203755,0.0,0.0,0.0,3.016477,-0.5518988,-0.8633714,0.5808334,-0.2072,1.991,0.8687248,0.1006395,0.4849627,-0.2070618,0.9632644,0.1710179,-0.4499361,-0.2489847,0.8576503,moving,-1.431604,-19.47047,16.26352,-5.941288
05/11/2023 13:09:48.437932,2203,True,True,True,True,Eyes,2.440692,0.1781018,-2.495723,-0.03403101,-0.3331465,0.9422607,0.0,0.0,0.0,0.0,0.0,0.0,0.0,-0.8849581,0.6954383,3.10725,2.342265,0.182065,-2.324314,0.1073238,-0.2497312,0.08012962,0.9590074,14.23327,331.5486,5.926655,0.6924103,0.04964739,-0.7197933,0.0,0.0,0.0,2.992878,-0.5509862,-0.8485907,0.5766362,-0.2072001,1.991,0.8624271,0.1000856,0.4961879,-0.207294,0.9641217,0.1658268,-0.4617887,-0.2458703,0.8522318,moving,-2.068415,-19.4716,16.15215,-5.941289
05/11/2023 13:09:48.457982,2204,True,True,True,True,Eyes,2.436431,0.178111,-2.487788,-0.04457611,-0.3331558,0.9418175,0.0,0.0,0.0,0.0,0.0,0.0,0.0,-0.8407847,0.6911223,3.11057,2.336847,0.1811771,-2.316579,0.1065259,-0.2562953,0.08085333,0.9573023,14.20545,330.7637,5.932599,0.6929984,0.04977817,-0.7192181,0.0,0.0,0.0,2.967604,-0.5490952,-0.8336396,0.5721519,-0.2071999,1.991,0.8555509,0.100198,0.5079302,-0.2094064,0.9642299,0.1625104,-0.4734782,-0.2453997,0.8459299,moving,-2.70978,-19.48058,16.03302,-5.941286
05/11/2023 13:09:48.477655,2205,True,True,True,True,Eyes,2.432098,0.1780838,-2.479857,-0.05522703,-0.3329859,0.9413131,0.0,0.0,0.0,0.0,0.0,0.0,0.0,-0.7961251,0.6953703,3.111359,2.331463,0.1804982,-2.308596,0.1070105,-0.2628323,0.08210294,0.9553675,14.33715,329.9861,5.961492,0.6935782,0.04990869,-0.7186499,0.0,0.0,0.0,2.940862,-0.5433629,-0.8169644,0.5678212,-0.2072001,1.991,0.8483567,0.1006253,0.5197746,-0.2131286,0.9636157,0.1613102,-0.484631,-0.2476273,0.8389359,moving,-3.357706,-19.48104,15.91783,-5.941289
05/11/2023 13:09:48.497701,2206,True,True,True,True,Eyes,2.427706,0.1780187,-2.471925,-0.0659496,-0.3329677,0.9406291,0.0,0.0,0.0,0.0,0.0,0.0,0.0,-0.7507762,0.6976596,3.111971,2.325849,0.17963,-2.300633,0.1070993,-0.2694529,0.0834413,0.9533954,14.42916,329.1982,6.009362,0.6941502,0.05003821,-0.7180884,0.0,0.0,0.0,2.914741,-0.5408773,-0.8021427,0.563459,-0.2072,1.991,0.8408653,0.1013886,0.5316633,-0.2168215,0.9631346,0.1592489,-0.4959173,-0.2491829,0.8318497,moving,-4.010571,-19.49315,15.80167,-5.941288
05/11/2023 13:09:48.508173,2207,True,True,True,True,Eyes,2.423233,0.1779141,-2.463993,-0.07673459,-0.3329512,0.9398166,0.0,0.0,0.0,0.0,0.0,0.0,0.0,-0.7040348,0.7057961,3.110924,2.320195,0.1786876,-2.29269,0.1082748,-0.2762298,0.08473281,0.9512067,14.64296,328.387,6.014648,0.6947145,0.05016582,-0.7175336,0.0,0.0,0.0,2.889402,-0.5399947,-0.7884068,0.5592089,-0.2072,1.991,0.8330349,0.1013794,0.5438521,-0.2210143,0.9621938,0.159172,-0.5071544,-0.2527949,0.8239474,moving,-4.667758,-19.50784,15.68837,-5.941288
05/11/2023 13:09:48.528209,2208,True,True,True,True,Eyes,2.418698,0.1777716,-2.456054,-0.08764467,-0.3330674,0.9388208,0.0,0.0,0.0,0.0,0.0,0.0,0.0,-0.6543355,0.7145653,3.109334,2.314253,0.1776981,-2.284595,0.1095195,-0.2834092,0.08618752,0.9488184,14.87322,327.5259,6.026739,0.6952702,0.05029053,-0.7169865,0.0,0.0,0.0,2.863441,-0.5383233,-0.7747931,0.554856,-0.2071999,1.991,0.8245019,0.1014749,0.5566862,-0.2256303,0.9611543,0.1589757,-0.5189292,-0.256681,0.8153694,moving,-5.333454,-19.53326,15.5722,-5.941286
05/11/2023 13:09:48.539053,2209,True,True,True,True,Eyes,2.414091,0.17757,-2.44812,-0.09870617,-0.3332123,0.9376709,0.0,0.0,0.0,0.0,0.0,0.0,0.0,-0.6020892,0.7211502,3.108049,2.308414,0.1766709,-2.276522,0.1103308,-0.2909909,0.08778745,0.9462795,15.06402,326.6155,6.059423,0.6958181,0.05041182,-0.7164463,0.0,0.0,0.0,2.836597,-0.5392603,-0.7623785,0.5504888,-0.2071999,1.991,0.8152353,0.1019324,0.5700887,-0.2303534,0.960241,0.1577168,-0.5313461,-0.2598982,0.8063028,moving,-6.009246,-19.56326,15.45552,-5.941285
05/11/2023 13:09:48.558296,2210,True,True,True,True,Eyes,2.409423,0.1773274,-2.440172,-0.1099174,-0.3335663,0.9362968,0.0,0.0,0.0,0.0,0.0,0.0,0.0,-0.5469058,0.7325739,3.105282,2.302604,0.1751247,-2.268456,0.1116884,-0.2989152,0.08990379,0.9434472,15.33673,325.6654,6.123212,0.6963584,0.05052847,-0.7159129,0.0,0.0,0.0,2.810257,-0.5415665,-0.7508129,0.5462229,-0.2071999,1.991,0.8051339,0.1028683,0.584104,-0.2364097,0.958886,0.1569969,-0.5439391,-0.2644914,0.7963508,moving,-6.69564,-19.60902,15.34141,-5.941285
05/11/2023 13:09:48.577945,2211,True,True,True,True,Eyes,2.404697,0.177053,-2.432203,-0.1215321,-0.333967,0.9347171,0.0,0.0,0.0,0.0,0.0,0.0,0.0,-0.4888492,0.7452097,3.101469,2.296689,0.1739404,-2.260173,0.1133751,-0.307259,0.09206413,0.9403523,15.65237,324.6592,6.168881,0.6968918,0.05063992,-0.7153859,0.0,0.0,0.0,2.78362,-0.5422232,-0.7389415,0.5418227,-0.2072001,1.991,0.7942322,0.1034744,0.5987389,-0.2428164,0.9573405,0.1566499,-0.5569877,-0.2698001,0.785476,moving,-7.408051,-19.66141,15.22358,-5.94129
05/11/2023 13:09:48.587396,2212,True,True,True,True,Eyes,2.399912,0.1767406,-2.424205,-0.133344,-0.334444,0.9329344,0.0,0.0,0.0,0.0,0.0,0.0,0.0,-0.4291641,0.7523991,3.097964,2.290756,0.1729054,-2.251712,0.1142553,-0.3159248,0.09409705,0.9371676,15.87907,323.6095,6.217916,0.6974169,0.05074555,-0.7148664,0.0,0.0,0.0,2.759606,-0.5471576,-0.7293335,0.5374014,-0.2072001,1.991,0.7826746,0.1041772,0.6136511,-0.2485616,0.956183,0.1546976,-0.5706468,-0.2736079,0.7742745,moving,-8.134172,-19.72205,15.10505,-5.941289
05/11/2023 13:09:48.612690,2213,True,True,True,True,Eyes,2.395103,0.1763985,-2.416147,-0.1457002,-0.3350616,0.9308626,0.0,0.0,0.0,0.0,0.0,0.0,0.0,-0.3687171,0.7527779,3.094859,2.284773,0.1716946,-2.243013,0.1142098,-0.3248393,0.09564238,0.9339637,15.99017,322.5209,6.237926,0.6979361,0.05084529,-0.7143525,0.0,0.0,0.0,2.737866,-0.5512931,-0.7198277,0.5331953,-0.2071999,1.991,0.770664,0.1044533,0.6286228,-0.2528527,0.9556173,0.1511989,-0.5849296,-0.2754725,0.7628711,moving,-8.895855,-19.79621,14.99217,-5.941286
05/11/2023 13:09:48.628189,2214,True,True,True,True,Eyes,2.390234,0.1760178,-2.408046,-0.1582411,-0.3356975,0.9285833,0.0,0.0,0.0,0.0,0.0,0.0,0.0,-0.3085459,0.7496561,3.091351,2.278809,0.1704765,-2.23419,0.1139899,-0.3338571,0.09636773,0.9307305,16.05344,321.4045,6.169071,0.6984493,0.0509387,-0.7138442,0.0,0.0,0.0,2.716184,-0.5493674,-0.7084173,0.5289103,-0.2072001,1.991,0.7585055,0.1032721,0.6434317,-0.2554974,0.9554392,0.1478416,-0.599492,-0.2765338,0.7510915,moving,-9.670948,-19.87572,14.87705,-5.941289
05/11/2023 13:09:48.649097,2215,True,True,True,True,Eyes,2.385289,0.1756036,-2.399912,-0.1710955,-0.3363621,0.9260599,0.0,0.0,0.0,0.0,0.0,0.0,0.0,-0.250026,0.7433114,3.087061,2.272731,0.1691861,-2.225093,0.1134431,-0.3427356,0.09662012,0.9275384,16.06192,320.2964,6.061617,0.6989581,0.05102562,-0.7133397,0.0,0.0,0.0,2.69334,-0.5495756,-0.697907,0.5245749,-0.2072002,1.991,0.7463937,0.1014757,0.6577228,-0.2569998,0.9555904,0.1442154,-0.6138793,-0.276676,0.7393259,moving,-10.46772,-19.96196,14.76045,-5.941293
05/11/2023 13:09:48.657952,2216,True,True,True,True,Eyes,2.260395,0.1646498,-2.195328,-0.4865677,-0.335321,0.806729,0.0,0.0,0.0,0.0,0.0,0.0,0.0,-0.1910836,0.7351526,3.081954,2.266538,0.1679741,-2.215852,0.1124356,-0.3516662,0.09726793,0.9242446,16.03639,319.1855,6.015478,0.6994632,0.05110591,-0.7128386,0.0,0.0,0.0,2.67052,-0.5475636,-0.6865127,0.5202951,-0.2072001,1.991,0.7337397,0.1007191,0.6719238,-0.2588783,0.9557944,0.1394244,-0.6281783,-0.2762477,0.7273782,moving,-31.09571,-22.57046,14.64523,-5.94129
05/11/2023 13:09:48.677667,2217,True,True,True,True,Eyes,2.260141,0.1645812,-2.194944,-0.4873205,-0.3352291,0.8063127,0.0,0.0,0.0,0.0,0.0,0.0,0.0,-0.1301308,0.7304602,3.075075,2.260552,0.1669709,-2.206494,0.1118834,-0.3608572,0.09842005,0.9206399,16.08361,318.042,6.002035,0.7018938,0.05123584,-0.710436,-0.3746803,-0.03286131,0.6137516,2.649153,-0.5460405,-0.6757116,0.5159074,-0.2072002,1.991,0.7201911,0.100471,0.6864623,-0.2619667,0.9555912,0.1349774,-0.6424159,-0.2770397,0.7145283,moving,-31.14799,-22.57538,14.52697,-5.941294
05/11/2023 13:09:48.688038,2218,True,True,True,True,Eyes,2.259664,0.1644747,-2.194198,-0.4886543,-0.3353408,0.8054585,0.0,0.0,0.0,0.0,0.0,0.0,0.0,-0.07015014,0.7140386,3.069447,2.254603,0.165225,-2.196756,0.109889,-0.3702474,0.09797014,0.9171932,15.90989,316.8555,5.869325,0.7038778,0.05134504,-0.7084624,-0.3521995,-0.03088963,0.5769265,2.628839,-0.5470381,-0.6663139,0.5116344,-0.2072001,1.991,0.7066374,0.09834281,0.7007084,-0.2610873,0.9566525,0.1290325,-0.657645,-0.2741253,0.7016826,moving,-31.24428,-22.60368,14.41168,-5.941291
05/11/2023 13:09:48.707681,2219,True,True,True,True,Eyes,2.258934,0.1643346,-2.193093,-0.4905146,-0.3354932,0.8042635,0.0,0.0,0.0,0.0,0.0,0.0,0.0,-0.01138794,0.7197751,3.057939,2.249,0.164278,-2.187284,0.1117465,-0.3792441,0.09788787,0.9132934,16.16243,315.6972,5.618954,0.7055061,0.05143647,-0.7068342,-0.3310675,-0.02903625,0.542311,2.606442,-0.5452401,-0.65589,0.5072412,-0.2072,1.991,0.6931837,0.0940423,0.7145995,-0.2635591,0.9558614,0.1298678,-0.670845,-0.2783614,0.6873732,moving,-31.37872,-22.64314,14.29302,-5.941288
05/11/2023 13:09:48.727925,2220,True,True,True,True,Eyes,2.258003,0.1641543,-2.191643,-0.4929227,-0.3356252,0.8027347,0.0,0.0,0.0,0.0,0.0,0.0,0.0,0.04382217,0.7123027,3.047544,2.2428,0.1633866,-2.177148,0.1114568,-0.3879094,0.09745967,0.9097282,16.16484,314.5844,5.427899,0.7068502,0.05151263,-0.7054847,-0.3112034,-0.02729408,0.5097723,2.582861,-0.5431656,-0.6457604,0.5028864,-0.2072001,1.991,0.6800558,0.09085333,0.7275093,-0.2637939,0.956158,0.1271798,-0.6840591,-0.2784019,0.6742073,moving,-31.55219,-22.68991,14.17528,-5.941292
05/11/2023 13:09:48.747336,2221,True,True,True,True,Eyes,2.256866,0.1639356,-2.189875,-0.4957413,-0.3360008,0.8008396,0.0,0.0,0.0,0.0,0.0,0.0,0.0,0.09806526,0.701665,3.03763,2.237223,0.1622483,-2.167406,0.1104596,-0.3964905,0.09719149,0.9061722,16.09684,313.4853,5.288198,0.707967,0.05157524,-0.7043593,-0.2925313,-0.02565643,0.479186,2.557495,-0.5449398,-0.6371295,0.4986892,-0.2072,1.991,0.6666983,0.08855212,0.7400486,-0.2637368,0.956705,0.1231198,-0.6971058,-0.2772617,0.661188,moving,-31.75862,-22.76101,14.06168,-5.941288
05/11/2023 13:09:48.757998,2222,True,True,True,True,Eyes,2.255535,0.1637026,-2.187774,-0.4991143,-0.3363563,0.7985921,0.0,0.0,0.0,0.0,0.0,0.0,0.0,0.1551896,0.7091565,3.022349,2.231593,0.1612153,-2.15768,0.1123552,-0.4052597,0.09779364,0.9019852,16.37657,312.3463,5.103773,0.7089023,0.0516257,-0.7034143,-0.2749794,-0.02411705,0.4504348,2.529576,-0.5343726,-0.6239648,0.494362,-0.2072002,1.991,0.6524019,0.08535075,0.7530518,-0.267483,0.9556254,0.1234219,-0.7091013,-0.2819492,0.6462818,moving,-32.00509,-22.84017,13.94445,-5.941295
05/11/2023 13:09:48.777400,2223,True,True,True,True,Eyes,2.254006,0.1634998,-2.185373,-0.5033305,-0.3370524,0.795647,0.0,0.0,0.0,0.0,0.0,0.0,0.0,0.213044,0.6973529,3.010029,2.225807,0.1606469,-2.147542,0.1114103,-0.4144886,0.09729768,0.8979533,16.30438,311.1504,4.923916,0.7096999,0.05166609,-0.7026068,-0.2584806,-0.02267002,0.4234087,2.502228,-0.5228384,-0.6107488,0.490036,-0.2072,1.991,0.6374648,0.08238094,0.7660626,-0.2670942,0.9562418,0.119425,-0.7227028,-0.2807401,0.631574,moving,-32.31766,-22.95851,13.82712,-5.941288
05/11/2023 13:09:48.797754,2224,True,True,True,True,Eyes,2.252269,0.1633829,-2.182648,-0.5080281,-0.3377878,0.7923426,0.0,0.0,0.0,0.0,0.0,0.0,0.0,0.2716528,0.6967748,2.994033,2.219968,0.1612576,-2.137583,0.1123042,-0.4236434,0.09770612,0.8935143,16.46776,309.9539,4.752303,0.7104314,0.05170052,-0.7018645,-0.2429718,-0.02130982,0.3980042,2.477667,-0.5162893,-0.5997579,0.4856249,-0.2071999,1.991,0.6219596,0.07944977,0.7790084,-0.2697574,0.9556826,0.1179056,-0.7351172,-0.2834758,0.6158281,moving,-32.66687,-23.0893,13.70737,-5.941286
05/11/2023 13:09:48.807808,2225,True,True,True,True,Eyes,2.250318,0.1633548,-2.179639,-0.5135079,-0.3385331,0.7884827,0.0,0.0,0.0,0.0,0.0,0.0,0.0,0.3315234,0.687739,2.977828,2.213463,0.1632224,-2.127038,0.1120629,-0.4331158,0.09798682,0.8889608,16.50615,308.7176,4.614786,0.7111053,0.05173295,-0.7011791,-0.2283935,-0.02003123,0.374124,2.451857,-0.4986413,-0.5849863,0.4812807,-0.2072,1.991,0.6056187,0.0771405,0.7920073,-0.2712853,0.955681,0.1143598,-0.7480845,-0.2841183,0.5997053,moving,-33.07462,-23.23615,13.58932,-5.941287
05/11/2023 13:09:48.827909,2226,True,True,True,True,Eyes,2.248184,0.1634036,-2.17635,-0.5194644,-0.3392335,0.7842687,0.0,0.0,0.0,0.0,0.0,0.0,0.0,0.3918822,0.664151,2.963717,2.206846,0.1653353,-2.116785,0.1095812,-0.4428629,0.09750125,0.88451,16.27278,307.4515,4.506398,0.7117294,0.051767,-0.7005432,-0.2146899,-0.01882936,0.3516765,2.42583,-0.4846244,-0.5724406,0.4767798,-0.2071999,1.991,0.5887318,0.07542276,0.804802,-0.2695406,0.9569709,0.107492,-0.7620648,-0.2802107,0.5837287,moving,-33.5187,-23.39078,13.46688,-5.941284
05/11/2023 13:09:48.837463,2227,True,True,True,True,Eyes,2.24584,0.1635482,-2.172824,-0.5260172,-0.3400997,0.7795115,0.0,0.0,0.0,0.0,0.0,0.0,0.0,0.4547687,0.6477755,2.946541,2.200541,0.1672248,-2.1067,0.1081299,-0.452903,0.09763508,0.8795762,16.17997,306.138,4.407779,0.7123099,0.05180552,-0.69995,-0.2018085,-0.0176996,0.3305759,2.400873,-0.4862205,-0.5656161,0.4724136,-0.2072,1.991,0.5706925,0.07381028,0.8178399,-0.2696996,0.9575507,0.1017784,-0.7756109,-0.2786553,0.5663735,moving,-34.01162,-23.57157,13.34799,-5.941288
05/11/2023 13:09:48.862647,2228,True,True,True,True,Eyes,2.24332,0.1637766,-2.169038,-0.5330347,-0.3408272,0.7744099,0.0,0.0,0.0,0.0,0.0,0.0,0.0,0.5214105,0.6380874,2.925505,2.193913,0.1697674,-2.096551,0.1076795,-0.4633551,0.09884633,0.8740346,16.25024,304.7638,4.361009,0.7128508,0.05185159,-0.6993957,-0.1896999,-0.01663762,0.3107414,2.375979,-0.4874121,-0.558937,0.4679787,-0.2072,1.991,0.5510629,0.07300257,0.8312643,-0.2725779,0.957269,0.09662927,-0.7886894,-0.279833,0.5474144,moving,-34.54005,-23.75488,13.22711,-5.941288
05/11/2023 13:09:48.878703,2229,True,True,True,True,Eyes,2.240631,0.1640742,-2.165059,-0.5404679,-0.341785,0.7688156,0.0,0.0,0.0,0.0,0.0,0.0,0.0,0.5853072,0.6133523,2.906679,2.187409,0.171974,-2.086441,0.1049874,-0.4737311,0.09867054,0.868804,16.01646,303.4,4.294677,0.7133589,0.05190776,-0.6988735,-0.1783179,-0.01563936,0.2920969,2.350453,-0.4796907,-0.5496663,0.4637513,-0.2072001,1.991,0.531686,0.07197918,0.8438774,-0.2709223,0.9584836,0.08894029,-0.8024406,-0.2759135,0.5291129,moving,-35.10674,-23.96804,13.11177,-5.94129
05/11/2023 13:09:48.897471,2230,True,True,True,True,Eyes,2.237789,0.1644228,-2.160868,-0.5482057,-0.3427921,0.7628658,0.0,0.0,0.0,0.0,0.0,0.0,0.0,0.6461171,0.6153083,2.88229,2.182047,0.1737089,-2.076575,0.1064801,-0.4834106,0.09963299,0.8631626,16.26896,302.0882,4.124965,0.7138377,0.05197572,-0.6983793,-0.1676189,-0.014701,0.2745711,2.328834,-0.4824054,-0.5441161,0.4594974,-0.2071999,1.991,0.5127751,0.06905169,0.8557416,-0.2749462,0.9574705,0.08749208,-0.8133059,-0.2801466,0.5099525,moving,-35.70153,-24.19666,12.9956,-5.941285
05/11/2023 13:09:48.907434,2231,True,True,True,True,Eyes,2.234848,0.1647906,-2.156492,-0.5562543,-0.3440299,0.7564552,0.0,0.0,0.0,0.0,0.0,0.0,0.0,0.7038263,0.6075367,2.858846,2.175681,0.1752991,-2.067161,0.1067069,-0.4927744,0.09915336,0.8578785,16.30817,300.8092,3.880824,0.7142917,0.05205652,-0.6979089,-0.1575617,-0.01381894,0.2580968,2.308072,-0.4684654,-0.5325232,0.4552614,-0.2071999,1.991,0.494684,0.0649582,0.8666418,-0.2752879,0.9575645,0.08536261,-0.8243204,-0.2808036,0.491574,moving,-36.32866,-24.45567,12.87981,-5.941286
05/11/2023 13:09:48.927718,2232,True,True,True,True,Eyes,2.231769,0.1652025,-2.151952,-0.564423,-0.3455023,0.7497031,0.0,0.0,0.0,0.0,0.0,0.0,0.0,0.7566317,0.6112779,2.833789,2.169815,0.1765437,-2.058457,0.1089062,-0.5013385,0.09835425,0.8527166,16.51999,299.6031,3.500618,0.7147229,0.05214952,-0.6974604,-0.148108,-0.01298981,0.242611,2.29134,-0.4672718,-0.5259447,0.4508611,-0.2072,1.991,0.4779722,0.05853881,0.8764222,-0.2769344,0.9569318,0.08711477,-0.8335767,-0.2843499,0.4735982,moving,-36.9747,-24.74272,12.75941,-5.941288
05/11/2023 13:09:48.947677,2233,True,True,True,True,Eyes,2.228518,0.1656547,-2.147319,-0.5728493,-0.3469076,0.7426297,0.0,0.0,0.0,0.0,0.0,0.0,0.0,0.8070284,0.6210129,2.806704,2.163541,0.1780811,-2.049857,0.1119284,-0.5094029,0.09852672,0.84751,16.86398,298.4538,3.173043,0.7151349,0.05225543,-0.6970302,-0.1392215,-0.01221042,0.2280543,2.274174,-0.4708578,-0.5210942,0.4465796,-0.2071999,1.991,0.4616023,0.05297137,0.8855041,-0.2810381,0.955529,0.08934136,-0.8413923,-0.2901005,0.4559613,moving,-37.64585,-25.03888,12.64216,-5.941285
05/11/2023 13:09:48.958066,2234,True,True,True,True,Eyes,2.225131,0.1661409,-2.142552,-0.5814551,-0.3482287,0.7352869,0.0,0.0,0.0,0.0,0.0,0.0,0.0,0.8570781,0.6048747,2.784302,2.156948,0.1795989,-2.041595,0.1107256,-0.5177332,0.09750602,0.8427246,16.71352,297.3074,2.973872,0.7155299,0.05237512,-0.6966156,-0.1308683,-0.01147779,0.2143711,2.251793,-0.4582582,-0.5110995,0.4421647,-0.2072001,1.991,0.4448897,0.04968882,0.8942059,-0.278994,0.9564648,0.08565808,-0.8510203,-0.2875865,0.4393843,moving,-38.33648,-25.34203,12.52114,-5.941291
05/11/2023 13:09:48.977779,2235,True,True,True,True,Eyes,2.221596,0.1666631,-2.137641,-0.5903953,-0.3492156,0.7276551,0.0,0.0,0.0,0.0,0.0,0.0,0.0,0.9065505,0.5905675,2.760696,2.15041,0.1808862,-2.033485,0.1097236,-0.5259691,0.09672567,0.8378313,16.59527,296.1679,2.790548,0.715908,0.05250818,-0.6962171,-0.1230162,-0.01078913,0.2015088,2.228195,-0.4594165,-0.5067074,0.4376759,-0.2072001,1.991,0.4280013,0.04665709,0.9025729,-0.2775021,0.9572097,0.08211037,-0.8601205,-0.2856092,0.4226345,moving,-39.05474,-25.63724,12.39797,-5.94129
05/11/2023 13:09:48.997476,2236,True,True,True,True,Eyes,2.217912,0.1671958,-2.132627,-0.5995157,-0.3499198,0.7198175,0.0,0.0,0.0,0.0,0.0,0.0,0.0,0.9542108,0.5700712,2.73754,2.143366,0.1822577,-2.025436,0.1078822,-0.5340843,0.09497721,0.8331236,16.33244,295.0439,2.569324,0.7162719,0.05265529,-0.6958315,-0.1156352,-0.01014178,0.1894183,2.200644,-0.4443338,-0.4965304,0.4333732,-0.2072,1.991,0.4114667,0.04301913,0.910409,-0.2734918,0.9586815,0.07830669,-0.8694236,-0.28121,0.4062308,moving,-39.78996,-25.92545,12.27981,-5.941288
05/11/2023 13:09:49.007868,2237,True,True,True,True,Eyes,2.214078,0.167735,-2.127541,-0.608772,-0.3504306,0.7117549,0.0,0.0,0.0,0.0,0.0,0.0,0.0,0.9974257,0.5363393,2.71757,2.136129,0.1829209,-2.01772,0.1038058,-0.5417389,0.09197703,0.8290257,15.76965,294.0038,2.384017,0.7166221,0.05281559,-0.6954587,-0.1086971,-0.009533271,0.1780532,2.172577,-0.4236498,-0.4852846,0.4291269,-0.2071999,1.991,0.3961183,0.0400313,0.9173265,-0.2649739,0.9615291,0.07246029,-0.8791354,-0.2717705,0.3914865,moving,-40.54074,-26.2132,12.16308,-5.941284
05/11/2023 13:09:49.027557,2238,True,True,True,True,Eyes,2.210085,0.1682789,-2.122384,-0.6180688,-0.3508031,0.7035114,0.0,0.0,0.0,0.0,0.0,0.0,0.0,1.039031,0.5178285,2.694516,2.128935,0.1836054,-2.010491,0.1019837,-0.5488654,0.09051116,0.8247145,15.51982,293.0134,2.221004,0.7169588,0.05298838,-0.6950985,-0.1021753,-0.008961275,0.16737,2.146111,-0.4145198,-0.4779353,0.4247248,-0.2071998,1.991,0.3811089,0.03734105,0.9237759,-0.2612423,0.9628141,0.06885799,-0.8868532,-0.2675717,0.3766921,moving,-41.30087,-26.50295,12.04197,-5.941283
05/11/2023 13:09:49.037588,2239,True,True,True,True,Eyes,2.205942,0.1688054,-2.117176,-0.6273609,-0.3511708,0.695052,0.0,0.0,0.0,0.0,0.0,0.0,0.0,1.079292,0.4998181,2.670757,2.121218,0.1842315,-2.003529,0.100076,-0.5557085,0.08968139,0.8204451,15.30084,292.0652,2.134853,0.717283,0.05317353,-0.6947497,-0.09604473,-0.008423598,0.1573278,2.117035,-0.3997268,-0.4691025,0.4203603,-0.2072002,1.991,0.3662906,0.03593115,0.9298065,-0.2583835,0.9638841,0.06454029,-0.8939067,-0.2638871,0.3623457,moving,-42.06973,-26.80491,11.92179,-5.941293
05/11/2023 13:09:49.057824,2240,True,True,True,True,Eyes,2.201665,0.1693111,-2.111938,-0.6365362,-0.3517307,0.6863725,0.0,0.0,0.0,0.0,0.0,0.0,0.0,1.118971,0.4865251,2.645766,2.1136,0.1843409,-1.996894,0.09876885,-0.5623901,0.08940315,0.8160695,15.17472,291.1306,2.067868,0.7175916,0.05336784,-0.694416,-0.09028205,-0.007918183,0.1478881,2.089188,-0.397562,-0.4647827,0.4161981,-0.2072002,1.991,0.351449,0.03482513,0.9355592,-0.2570116,0.9645036,0.06064557,-0.9002382,-0.2617634,0.3479242,moving,-42.84259,-27.13281,11.80708,-5.941294
05/11/2023 13:09:49.077846,2241,True,True,True,True,Eyes,2.090963,0.181528,-1.980514,-0.8308775,-0.3553347,0.4282288,0.0,0.0,0.0,0.0,0.0,0.0,0.0,1.157408,0.4940183,2.617185,2.106153,0.1843929,-1.990835,0.1008162,-0.5685749,0.09053651,0.8113949,15.4595,290.2198,1.919209,0.7178875,0.05357171,-0.6940944,-0.08486513,-0.007443092,0.1390148,2.062671,-0.4033564,-0.4627558,0.4119025,-0.2072,1.991,0.3370515,0.03227857,0.9409326,-0.2615649,0.9632785,0.06065001,-0.9044224,-0.2665572,0.3331174,moving,-62.73372,-39.68513,11.68858,-5.941288
05/11/2023 13:09:49.087737,2242,True,True,True,True,Eyes,2.09065,0.1815244,-1.980305,-0.8310468,-0.3555413,0.4277284,0.0,0.0,0.0,0.0,0.0,0.0,0.0,1.193567,0.4987153,2.589018,2.09819,0.1845364,-1.984912,0.1025283,-0.5744848,0.09107584,0.8069452,15.67098,289.343,1.736969,0.7188559,0.0548246,-0.6929935,-0.4118786,0.02965427,0.5249465,2.035174,-0.4056698,-0.4602424,0.407241,-0.2072001,1.991,0.3233448,0.02918448,0.9458312,-0.2647883,0.9623863,0.06082609,-0.9084798,-0.2701128,0.3189102,moving,-62.76574,-39.73442,11.55988,-5.941288
05/11/2023 13:09:49.107654,2243,True,True,True,True,Eyes,2.09002,0.1815116,-1.979908,-0.8314425,-0.3561959,0.4264129,0.0,0.0,0.0,0.0,0.0,0.0,0.0,1.227103,0.5068056,2.561239,2.090415,0.1844931,-1.979573,0.1046191,-0.5798617,0.09246203,0.802662,15.97261,288.5362,1.615421,0.7196327,0.05585366,-0.6921043,-0.3871659,0.02787501,0.4934497,2.009878,-0.4192845,-0.4615949,0.4031365,-0.2072,1.991,0.3104224,0.02710231,0.9502124,-0.2697607,0.9610112,0.06071711,-0.9115192,-0.2751778,0.3056305,moving,-62.84857,-39.87306,11.44646,-5.941286
05/11/2023 13:09:49.127861,2244,True,True,True,True,Eyes,2.089096,0.1814838,-1.979345,-0.8319775,-0.3570177,0.4246784,0.0,0.0,0.0,0.0,0.0,0.0,0.0,1.260527,0.5165733,2.532221,2.082251,0.1843458,-1.974377,0.106851,-0.5851145,0.09489907,0.7982596,16.3583,287.7453,1.580688,0.7202546,0.05670162,-0.691388,-0.3639359,0.02620251,0.4638427,1.984542,-0.439292,-0.4653213,0.3988069,-0.2072001,1.991,0.2972704,0.02646803,0.9544265,-0.2765483,0.9591541,0.05953598,-0.9138663,-0.2816433,0.2924478,moving,-62.95821,-40.05302,11.32673,-5.941289
05/11/2023 13:09:49.137878,2245,True,True,True,True,Eyes,2.087884,0.1814365,-1.978627,-0.8327377,-0.3581061,0.4222651,0.0,0.0,0.0,0.0,0.0,0.0,0.0,1.293397,0.5215063,2.504337,2.074324,0.1840003,-1.969738,0.1082621,-0.5903167,0.09703673,0.7939708,16.64726,286.9684,1.571249,0.7207507,0.05740337,-0.6908129,-0.3420998,0.02463036,0.4360121,1.955225,-0.4528674,-0.4684209,0.3945118,-0.2072001,1.991,0.2842201,0.02627077,0.9583992,-0.2819065,0.9577263,0.05734913,-0.9163777,-0.2864787,0.279611,moving,-63.11132,-40.29994,11.20784,-5.94129
05/11/2023 13:09:49.157768,2246,True,True,True,True,Eyes,2.086381,0.1813789,-1.977771,-0.8336047,-0.359281,0.4195479,0.0,0.0,0.0,0.0,0.0,0.0,0.0,1.324313,0.5303544,2.475788,2.066235,0.1835653,-1.96509,0.1102632,-0.5951407,0.09992239,0.7897248,17.04309,286.235,1.592966,0.7211435,0.0579863,-0.6903542,-0.3215738,0.02315254,0.4098514,1.923851,-0.4692477,-0.4736191,0.3901566,-0.2072,1.991,0.2716462,0.02657812,0.9620302,-0.2890666,0.9557151,0.05521943,-0.9179592,-0.2930909,0.2672992,moving,-63.28418,-40.5752,11.08719,-5.941288
05/11/2023 13:09:49.177940,2247,True,True,True,True,Eyes,2.084598,0.1813095,-1.976786,-0.8347262,-0.3603247,0.4164111,0.0,0.0,0.0,0.0,0.0,0.0,0.0,1.353076,0.5291573,2.449944,2.057793,0.1832886,-1.960853,0.1106181,-0.5997297,0.1021714,0.7859064,17.24279,285.559,1.674761,0.7214608,0.0584838,-0.6899807,-0.3022794,0.02176339,0.3852603,1.890284,-0.4770563,-0.4764996,0.3857335,-0.2071999,1.991,0.2597707,0.02791243,0.9652668,-0.2932763,0.9546493,0.05132049,-0.9200587,-0.2964214,0.256176,moving,-63.48725,-40.86996,10.96456,-5.941285
05/11/2023 13:09:49.197612,2248,True,True,True,True,Eyes,2.082527,0.1812258,-1.975704,-0.8359779,-0.3613207,0.4130235,0.0,0.0,0.0,0.0,0.0,0.0,0.0,1.381061,0.5224308,2.425284,2.049263,0.182943,-1.956865,0.1100471,-0.6042773,0.1040605,0.7822468,17.33336,284.9013,1.78917,0.7217342,0.05893422,-0.6896566,-0.2841426,0.02045758,0.3621447,1.856165,-0.4765017,-0.4768195,0.3814746,-0.2071998,1.991,0.2480408,0.02980394,0.968291,-0.2957999,0.9541221,0.0464053,-0.9224848,-0.2979308,0.2454772,moving,-63.70785,-41.18005,10.84639,-5.941282
05/11/2023 13:09:49.207847,2249,True,True,True,True,Eyes,2.080176,0.1811293,-1.97454,-0.8374745,-0.3621079,0.4092854,0.0,0.0,0.0,0.0,0.0,0.0,0.0,1.408895,0.5113442,2.401146,2.040356,0.1825138,-1.953356,0.1087949,-0.60885,0.1053942,0.7786896,17.32391,284.2465,1.900479,0.7219638,0.05934028,-0.6893815,-0.267094,0.01923013,0.340416,1.822164,-0.4747784,-0.4771698,0.3770556,-0.2072001,1.991,0.2363875,0.03165912,0.9711429,-0.2966182,0.9541115,0.04109645,-0.9252776,-0.2977734,0.2349308,moving,-63.9546,-41.50022,10.72368,-5.941289
05/11/2023 13:09:49.227796,2250,True,True,True,True,Eyes,2.07754,0.1810072,-1.973313,-0.839118,-0.3627849,0.4053001,0.0,0.0,0.0,0.0,0.0,0.0,0.0,1.437386,0.4971466,2.376811,2.031306,0.182093,-1.950154,0.1071245,-0.613626,0.1059809,0.7750842,17.22508,283.5617,1.969108,0.7221516,0.05970815,-0.6891528,-0.2510684,0.01807632,0.3199911,1.787123,-0.4699384,-0.4770074,0.3725858,-0.2072,1.991,0.2244624,0.03281953,0.9739299,-0.2957569,0.9545848,0.03599566,-0.9285173,-0.2961262,0.223975,moving,-64.21912,-41.83178,10.59945,-5.941289
05/11/2023 13:09:49.247632,2251,True,True,True,True,Eyes,2.074619,0.1808525,-1.972079,-0.8409529,-0.3633096,0.4010043,0.0,0.0,0.0,0.0,0.0,0.0,0.0,1.466201,0.4814041,2.351929,2.021922,0.1812606,-1.947317,0.1051391,-0.6184571,0.1065011,0.7714365,17.09452,282.8708,2.054703,0.7222982,0.06004191,-0.688969,-0.2360043,0.01699174,0.3007916,1.75277,-0.470284,-0.4788566,0.3684522,-0.2072,1.991,0.2123365,0.03426966,0.9765956,-0.2943657,0.9552066,0.03048346,-0.931806,-0.2939489,0.2129131,moving,-64.50608,-42.17656,10.48448,-5.941289
05/11/2023 13:09:49.257920,2252,True,True,True,True,Eyes,2.071423,0.1806713,-1.970813,-0.8428946,-0.363799,0.396458,0.0,0.0,0.0,0.0,0.0,0.0,0.0,1.495293,0.4681309,2.32574,2.012463,0.1803684,-1.944627,0.1035656,-0.6232999,0.1073877,0.7676192,17.0297,282.1684,2.143412,0.7224033,0.06034343,-0.6888318,-0.221844,0.01597224,0.2827441,1.719648,-0.4755466,-0.4824235,0.3641465,-0.2071999,1.991,0.1999302,0.03576095,0.9791573,-0.2939706,0.9554842,0.02512829,-0.9346707,-0.2928673,0.2015428,moving,-64.80991,-42.54021,10.36463,-5.941286
05/11/2023 13:09:49.277775,2253,True,True,True,True,Eyes,1.984748,0.1751197,-1.938061,-0.8885204,-0.3709237,0.270087,0.0,0.0,0.0,0.0,0.0,0.0,0.0,1.52426,0.457505,2.298637,2.002692,0.1796205,-1.942517,0.1025593,-0.6280795,0.1079516,0.7637699,16.99377,281.4592,2.161509,0.7224669,0.0606155,-0.6887408,-0.2085334,0.0150139,0.2657795,1.685852,-0.4795864,-0.4861842,0.3596877,-0.2072,1.991,0.1877252,0.03606967,0.9815591,-0.2937312,0.9556561,0.02105891,-0.9372734,-0.2922678,0.1899955,moving,-73.09209,-53.93987,10.24042,-5.941288
05/11/2023 13:09:49.297534,2254,True,True,True,True,Eyes,1.984346,0.1750688,-1.93801,-0.8886469,-0.3709383,0.2696507,0.0,0.0,0.0,0.0,0.0,0.0,0.0,1.552691,0.4463079,2.271215,1.992648,0.1785029,-1.940604,0.1014637,-0.632849,0.107945,0.7599707,16.90853,280.7472,2.135242,0.7215374,0.06091713,-0.6896882,-0.4560462,-0.002541886,0.3480881,1.652355,-0.4879572,-0.4918732,0.3554598,-0.2071999,1.991,0.1757002,0.03564772,0.9837982,-0.2924924,0.9561059,0.01759302,-0.9399882,-0.2908446,0.1784147,moving,-73.12012,-53.98502,10.12255,-5.941284
05/11/2023 13:09:49.307593,2255,True,True,True,True,Eyes,1.983539,0.1749656,-1.937927,-0.8888993,-0.3710216,0.2687023,0.0,0.0,0.0,0.0,0.0,0.0,0.0,1.580567,0.4404889,2.242885,1.982628,0.1771142,-1.939219,0.1012519,-0.6374089,0.1082952,0.7561283,16.92835,280.0482,2.078215,0.720741,0.06115542,-0.6904995,-0.4286834,-0.002389373,0.3272028,1.617344,-0.4968715,-0.498651,0.3511552,-0.2072,1.991,0.163964,0.03469241,0.9858562,-0.2928479,0.9560404,0.01506218,-0.9419957,-0.2911755,0.1669157,moving,-73.18064,-54.08708,10.00246,-5.941287
05/11/2023 13:09:49.327876,2256,True,True,True,True,Eyes,1.98234,0.1748031,-1.937822,-0.8892538,-0.3711099,0.2674043,0.0,0.0,0.0,0.0,0.0,0.0,0.0,1.607446,0.4351476,2.214275,1.972196,0.1758093,-1.937985,0.1011636,-0.6418228,0.1085688,0.7523578,16.95296,279.3654,2.007434,0.720049,0.06134199,-0.6912048,-0.4029624,-0.00224601,0.3075706,1.580899,-0.5044054,-0.5061857,0.3467299,-0.2072001,1.991,0.1525526,0.03350696,0.9877273,-0.2932235,0.9559574,0.01285861,-0.9437944,-0.2915864,0.1556588,moving,-73.26363,-54.22525,9.878906,-5.941289
05/11/2023 13:09:49.337704,2257,True,True,True,True,Eyes,1.980754,0.1745807,-1.937693,-0.8897178,-0.3712091,0.2657178,0.0,0.0,0.0,0.0,0.0,0.0,0.0,1.631906,0.4293356,2.187194,1.961596,0.1742105,-1.937279,0.1008903,-0.6457911,0.1088978,0.7489436,16.96412,278.7528,1.96569,0.7194138,0.06150129,-0.6918519,-0.3787847,-0.00211125,0.2891164,1.544352,-0.5149279,-0.5154039,0.3424854,-0.2072,1.991,0.1421904,0.0328085,0.9892956,-0.2934247,0.9559249,0.01047183,-0.9453487,-0.2917728,0.1455501,moving,-73.37153,-54.40427,9.760315,-5.941289
05/11/2023 13:09:49.357734,2258,True,True,True,True,Eyes,1.978787,0.1742932,-1.937572,-0.8902789,-0.3712586,0.2637623,0.0,0.0,0.0,0.0,0.0,0.0,0.0,1.655642,0.4212856,2.160456,1.950724,0.172547,-1.936777,0.1001739,-0.6496322,0.109573,0.7456119,16.96251,278.1675,1.99187,0.7188169,0.06163932,-0.6924599,-0.3560576,-0.001984575,0.2717694,1.506597,-0.5266039,-0.5262933,0.3381363,-0.2072,1.990999,0.1319437,0.0332456,0.9906995,-0.2935502,0.9559179,0.007017313,-0.9467942,-0.2917459,0.1358866,moving,-73.49706,-54.60794,9.638715,-5.94129
05/11/2023 13:09:49.377814,2259,True,True,True,True,Eyes,1.976443,0.1739361,-1.937496,-0.8908659,-0.3715168,0.2614063,0.0,0.0,0.0,0.0,0.0,0.0,0.0,1.677679,0.4115489,2.135028,1.939629,0.1706844,-1.936758,0.09913383,-0.6532274,0.1096135,0.7425977,16.88419,277.6228,1.993319,0.7182475,0.06175653,-0.6930401,-0.3346941,-0.0018655,0.2554632,1.467367,-0.5351936,-0.5373399,0.3338127,-0.2072002,1.991,0.1225576,0.03328359,0.9919031,-0.2923113,0.9563147,0.004028016,-0.9484375,-0.2904382,0.1269328,moving,-73.64676,-54.86905,9.517735,-5.941293
05/11/2023 13:09:49.387401,2260,True,True,True,True,Eyes,1.973729,0.1735085,-1.937456,-0.891517,-0.371725,0.2588782,0.0,0.0,0.0,0.0,0.0,0.0,0.0,1.697321,0.4034441,2.11067,1.928354,0.1687024,-1.936901,0.09831522,-0.656387,0.1098606,0.739879,16.84029,277.141,2.005905,0.7176952,0.06185311,-0.6936036,-0.3146125,-0.00175357,0.2401354,1.426378,-0.5403747,-0.5484365,0.3293374,-0.2072001,1.991,0.1141736,0.03350146,0.9928958,-0.2916328,0.9565295,0.001260574,-0.9496918,-0.2897049,0.1189805,moving,-73.80779,-55.14572,9.392424,-5.94129
05/11/2023 13:09:49.407906,2261,True,True,True,True,Eyes,1.970648,0.1730119,-1.937481,-0.8922213,-0.3720152,0.2560188,0.0,0.0,0.0,0.0,0.0,0.0,0.0,1.715595,0.3945712,2.087445,1.916777,0.1665741,-1.937679,0.09730591,-0.6592474,0.1100537,0.7374365,16.7753,276.7086,2.036146,0.7171513,0.06192911,-0.6941593,-0.2957357,-0.001648356,0.2257273,1.384864,-0.5444801,-0.5601225,0.325251,-0.2072,1.991,0.1065621,0.03401797,0.993724,-0.2906126,0.9568395,-0.001591406,-0.9508885,-0.2886191,0.1118488,moving,-73.98941,-55.46447,9.277924,-5.941289
05/11/2023 13:09:49.428128,2262,True,True,True,True,Eyes,1.967213,0.172442,-1.937571,-0.8929753,-0.3722426,0.2530424,0.0,0.0,0.0,0.0,0.0,0.0,0.0,1.732907,0.3849303,2.064862,1.904955,0.1644288,-1.938789,0.09614081,-0.6619296,0.1101749,0.7351651,16.69129,276.3061,2.077065,0.7166067,0.06198463,-0.6947166,-0.2779916,-0.001549455,0.2121837,1.343147,-0.5471267,-0.572018,0.3207412,-0.2071999,1.991,0.09942146,0.03471662,0.9944396,-0.2892704,0.9572368,-0.004497366,-0.9520703,-0.2872148,0.1052124,moving,-74.17886,-55.79298,9.151471,-5.941286
05/11/2023 13:09:49.438158,2263,True,True,True,True,Eyes,1.963424,0.1718123,-1.937732,-0.8937622,-0.3725859,0.2497378,0.0,0.0,0.0,0.0,0.0,0.0,0.0,1.750234,0.3738765,2.042489,1.893002,0.1620916,-1.940395,0.09465724,-0.6645297,0.1107607,0.7329205,16.61624,275.9229,2.1861,0.7160559,0.06201936,-0.6952812,-0.2613121,-0.001456487,0.1994527,1.301452,-0.5482324,-0.5840956,0.3161585,-0.2071998,1.991,0.09226482,0.03655251,0.9950634,-0.2881627,0.9575441,-0.008455104,-0.9531261,-0.28596,0.09888069,moving,-74.38841,-56.16675,9.022882,-5.941284
05/11/2023 13:09:49.458034,2264,True,True,True,True,Eyes,1.959275,0.171137,-1.937979,-0.8946031,-0.372838,0.246327,0.0,0.0,0.0,0.0,0.0,0.0,0.0,1.768366,0.3615444,2.01925,1.880754,0.1600106,-1.942257,0.09300417,-0.6672234,0.1118329,0.7305181,16.56587,275.5276,2.348861,0.7154895,0.06203381,-0.6958628,-0.2456333,-0.001369098,0.1874855,1.260465,-0.5512689,-0.5976744,0.3119776,-0.2072,1.991,0.08461284,0.03928277,0.9956393,-0.2875009,0.9576873,-0.01335256,-0.9540355,-0.2851174,0.09232648,moving,-74.60522,-56.54802,8.905488,-5.941287
05/11/2023 13:09:49.477739,2265,True,True,True,True,Eyes,1.846737,0.1531234,-1.947625,-0.9130975,-0.3776438,0.1537468,0.0,0.0,0.0,0.0,0.0,0.0,0.0,1.786372,0.3473581,1.995896,1.867974,0.1582262,-1.944485,0.09110663,-0.6699388,0.1123378,0.7281909,16.45158,275.1305,2.482144,0.7149033,0.06202872,-0.6964654,-0.2308953,-0.001286952,0.1762364,1.216823,-0.5485082,-0.6107734,0.3077865,-0.2071999,1.991,0.07712445,0.04153497,0.996156,-0.2856784,0.9581596,-0.01783288,-0.9552171,-0.2832049,0.08576318,moving,-80.44222,-67.84772,8.78773,-5.941284
05/11/2023 13:09:49.487459,2266,True,True,True,True,Eyes,1.846214,0.1530579,-1.94775,-0.9131774,-0.3775454,0.1535139,0.0,0.0,0.0,0.0,0.0,0.0,0.0,1.804379,0.333451,1.972353,1.855105,0.1564782,-1.947113,0.08927059,-0.6726153,0.1129019,0.7258599,16.34826,274.7368,2.616948,0.7117396,0.06147334,-0.6997473,-0.5546541,-0.05525048,0.1367233,1.178371,-0.5594476,-0.6287177,0.3035464,-0.2071997,1.991,0.06968356,0.04381244,0.9966066,-0.2839915,0.9585678,-0.02228327,-0.9562913,-0.281475,0.0792388,moving,-80.45726,-67.87283,8.66852,-5.94128
05/11/2023 13:09:49.507933,2267,True,True,True,True,Eyes,1.845186,0.1529284,-1.948024,-0.9133042,-0.3775355,0.152782,0.0,0.0,0.0,0.0,0.0,0.0,0.0,1.822035,0.3185154,1.949081,1.84202,0.1548244,-1.950172,0.08726367,-0.6752348,0.1131313,0.7236329,16.20495,274.3531,2.738778,0.7090824,0.06099759,-0.7024813,-0.5213749,-0.05193545,0.1285199,1.139007,-0.561839,-0.6434408,0.2992562,-0.2071999,1.991,0.06251864,0.04588409,0.9969886,-0.281578,0.9591727,-0.02648661,-0.9574996,-0.279074,0.0728861,moving,-80.50322,-67.96768,8.547825,-5.941284
05/11/2023 13:09:49.527609,2268,True,True,True,True,Eyes,1.843668,0.1527493,-1.948428,-0.9134642,-0.3775427,0.1518041,0.0,0.0,0.0,0.0,0.0,0.0,0.0,1.840984,0.3061265,1.923914,1.828913,0.1532059,-1.953454,0.08577716,-0.677986,0.1141624,0.7210716,16.17093,273.9377,2.884219,0.7068295,0.06058659,-0.7047836,-0.4900924,-0.04881933,0.1208087,1.10056,-0.5618926,-0.6582294,0.2949285,-0.2071999,1.991,0.05460387,0.04832704,0.997338,-0.2809499,0.9592185,-0.03109801,-0.9581678,-0.2785039,0.06595455,moving,-80.56453,-68.0957,8.425997,-5.941283
05/11/2023 13:09:49.537955,2269,True,True,True,True,Eyes,1.84167,0.1525725,-1.948947,-0.9136346,-0.3777177,0.1503368,0.0,0.0,0.0,0.0,0.0,0.0,0.0,1.860889,0.2954465,1.897062,1.815623,0.1518488,-1.95691,0.08471799,-0.6808714,0.1155612,0.7182497,16.20423,273.4911,3.022861,0.7047934,0.06021544,-0.7068515,-0.4606869,-0.04589017,0.1135602,1.064735,-0.5733544,-0.6777242,0.2905271,-0.2071999,1.991,0.04611944,0.05063944,0.9976516,-0.2813677,0.9589369,-0.03566724,-0.9584912,-0.2790619,0.05847391,moving,-80.65582,-68.29677,8.302016,-5.941282
05/11/2023 13:09:49.558203,2270,True,True,True,True,Eyes,1.839185,0.152437,-1.949598,-0.9138509,-0.3778527,0.1486743,0.0,0.0,0.0,0.0,0.0,0.0,0.0,1.878831,0.2873413,1.871145,1.802069,0.1517449,-1.960427,0.08435801,-0.6833783,0.1170607,0.7156639,16.30422,273.0911,3.121001,0.7029081,0.05987659,-0.708755,-0.4330457,-0.04313676,0.1067466,1.024688,-0.5728627,-0.6955785,0.2861969,-0.2072,1.991,0.0385818,0.0522553,0.9978882,-0.282849,0.9583611,-0.03924947,-0.9583882,-0.2807374,0.05175564,moving,-80.75951,-68.52177,8.179969,-5.941288
05/11/2023 13:09:49.577730,2271,True,True,True,True,Eyes,1.836217,0.1524269,-1.950361,-0.9141394,-0.3779566,0.1466223,0.0,0.0,0.0,0.0,0.0,0.0,0.0,1.896207,0.2749861,1.845704,1.787908,0.1525972,-1.964164,0.08338434,-0.6859587,0.1172793,0.7132695,16.25116,272.6875,3.159108,0.7011474,0.05956895,-0.7105227,-0.4070629,-0.04054855,0.1003418,0.9875458,-0.5787669,-0.716332,0.2818549,-0.2072001,1.991,0.03141235,0.052907,0.9981053,-0.2816999,0.9585853,-0.04194647,-0.9589883,-0.2798485,0.04501531,moving,-80.88773,-68.79703,8.057506,-5.941289
05/11/2023 13:09:49.587405,2272,True,True,True,True,Eyes,1.832765,0.1524888,-1.95125,-0.914609,-0.3776832,0.1443808,0.0,0.0,0.0,0.0,0.0,0.0,0.0,1.912235,0.2596991,1.821602,1.773331,0.1555254,-1.968103,0.08222265,-0.6883053,0.1176488,0.7110794,16.19398,272.3245,3.231071,0.6994873,0.05929458,-0.71218,-0.3826391,-0.03811564,0.09432128,0.9483466,-0.5790614,-0.7368718,0.2775828,-0.2072,1.991,0.02478909,0.05412665,0.9982263,-0.2805038,0.9587964,-0.04502287,-0.9595327,-0.2788902,0.03895042,moving,-81.02927,-69.07912,7.936946,-5.941286
05/11/2023 13:09:49.612735,2273,True,True,True,True,Eyes,1.828897,0.1526552,-1.952289,-0.915084,-0.3775282,0.1417526,0.0,0.0,0.0,0.0,0.0,0.0,0.0,1.930585,0.2233851,1.796621,1.758284,0.1572396,-1.971958,0.07687698,-0.6916705,0.1159047,0.7086947,15.62264,271.8663,3.448853,0.6979063,0.05905344,-0.7137492,-0.3596808,-0.0358287,0.08866201,0.9061933,-0.5702522,-0.7570807,0.273077,-0.2071998,1.991,0.01631601,0.05793506,0.9981872,-0.2706292,0.9613121,-0.05137116,-0.9625455,-0.2693004,0.03136369,moving,-81.19449,-69.42007,7.809713,-5.941282
05/11/2023 13:09:49.627826,2274,True,True,True,True,Eyes,1.824583,0.1529104,-1.953421,-0.9155778,-0.3773902,0.1389024,0.0,0.0,0.0,0.0,0.0,0.0,0.0,1.951411,0.2048068,1.767114,1.744414,0.1600132,-1.975868,0.07527655,-0.6949611,0.1181924,0.705261,15.6915,271.3526,3.697445,0.6963859,0.05884652,-0.7152498,-0.3381,-0.03367898,0.08334228,0.8656278,-0.5661365,-0.7802396,0.268878,-0.2071999,1.991001,0.006119319,0.06208448,0.9980521,-0.2713416,0.960728,-0.05809905,-0.9624636,-0.2704575,0.02272511,moving,-81.37344,-69.79334,7.691075,-5.941285
05/11/2023 13:09:49.637924,2275,True,True,True,True,Eyes,1.8199,0.1532262,-1.954671,-0.9161052,-0.3772734,0.1357064,0.0,0.0,0.0,0.0,0.0,0.0,0.0,1.970752,0.1893846,1.736256,1.729394,0.1624024,-1.979176,0.07421033,-0.6982188,0.119236,0.701973,15.70551,270.8313,3.798286,0.6949089,0.05867422,-0.7166989,-0.317814,-0.03165824,0.07834174,0.8259171,-0.5664107,-0.8067248,0.2645916,-0.2072001,1.991,-0.003453539,0.06377085,0.9979587,-0.2710311,0.9605512,-0.06231838,-0.9625645,-0.270693,0.01396659,moving,-81.57381,-70.21619,7.569901,-5.941289
05/11/2023 13:09:49.658175,2276,True,True,True,True,Eyes,1.814876,0.1535767,-1.955993,-0.916495,-0.377502,0.132398,0.0,0.0,0.0,0.0,0.0,0.0,0.0,1.986997,0.1769717,1.709351,1.71584,0.1642327,-1.982492,0.07338223,-0.700985,0.1191444,0.6993138,15.6447,270.385,3.796442,0.6934614,0.0585357,-0.7181109,-0.2987451,-0.02975875,0.07364124,0.7842497,-0.557236,-0.8317963,0.2602383,-0.2072001,1.991,-0.01115079,0.06375893,0.9979031,-0.2695183,0.9608393,-0.06440245,-0.9629307,-0.2696713,0.006470121,moving,-81.77985,-70.67314,7.446764,-5.941292
05/11/2023 13:09:49.682845,2277,True,True,True,True,Eyes,1.809544,0.1539465,-1.95744,-0.9168493,-0.3778811,0.1288148,0.0,0.0,0.0,0.0,0.0,0.0,0.0,2.002072,0.18109,1.681482,1.702576,0.1654932,-1.985526,0.07585805,-0.7029936,0.1229483,0.6963688,16.17154,270.0054,3.85546,0.6920323,0.05842934,-0.7194969,-0.2808204,-0.02797322,0.06922276,0.7508968,-0.5647869,-0.8604813,0.2558091,-0.2072,1.991,-0.0186325,0.06457917,0.9977387,-0.2778901,0.9582586,-0.06721332,-0.9604322,-0.278514,9.116359e-05,moving,-82.00246,-71.17642,7.321405,-5.941288
05/11/2023 13:09:49.698024,2278,True,True,True,True,Eyes,1.803957,0.1543448,-1.95894,-0.917064,-0.3786025,0.125115,0.0,0.0,0.0,0.0,0.0,0.0,0.0,2.017883,0.1719062,1.654077,1.689767,0.1664911,-1.988552,0.07570175,-0.7055553,0.1253233,0.693365,16.36904,269.5773,4.002219,0.6906106,0.05835288,-0.7208678,-0.2639712,-0.02629483,0.0650694,0.7159315,-0.5658484,-0.8881289,0.2515399,-0.2071999,1.991,-0.02702856,0.06696607,0.9973893,-0.2806132,0.9571266,-0.07186717,-0.9594404,-0.281823,-0.007078125,moving,-82.2311,-71.71307,7.200515,-5.941285
05/11/2023 13:09:49.707751,2279,True,True,True,True,Eyes,1.7981,0.1547848,-1.960475,-0.9171877,-0.3795842,0.1211714,0.0,0.0,0.0,0.0,0.0,0.0,0.0,2.03394,0.1717797,1.6256,1.677998,0.1676654,-1.991283,0.07754774,-0.7078862,0.1300687,0.6899027,16.92672,269.1476,4.17683,0.689189,0.05830475,-0.722231,-0.2481329,-0.02471714,0.06116524,0.6857026,-0.5734019,-0.9169157,0.247207,-0.2072001,1.991,-0.03604125,0.06967954,0.9969182,-0.2892594,0.954137,-0.07714684,-0.956572,-0.2911484,-0.01423283,moving,-82.47413,-72.29581,7.077749,-5.94129
05/11/2023 13:09:49.727713,2280,True,True,True,True,Eyes,1.791982,0.1552862,-1.962041,-0.9173565,-0.380444,0.1171298,0.0,0.0,0.0,0.0,0.0,0.0,0.0,2.048728,0.168794,1.597128,1.665584,0.1691968,-1.993438,0.07897117,-0.7101951,0.1344505,0.6865199,17.42173,268.7252,4.354006,0.6877608,0.05828403,-0.7235928,-0.233245,-0.02323411,0.05749532,0.6586657,-0.5846301,-0.9454957,0.242861,-0.2072,1.991,-0.04490792,0.07243603,0.9963616,-0.2967758,0.9513732,-0.08254161,-0.9538906,-0.2994028,-0.02122687,moving,-82.72374,-72.88763,6.954549,-5.941289
05/11/2023 13:09:49.738022,2281,True,True,True,True,Eyes,1.785618,0.1558291,-1.963632,-0.917688,-0.3809567,0.1127857,0.0,0.0,0.0,0.0,0.0,0.0,0.0,2.06076,0.1542113,1.573015,1.653156,0.1711523,-1.995663,0.07767567,-0.7126766,0.1339222,0.6841955,17.28814,268.3266,4.357252,0.6863204,0.05829064,-0.7249585,-0.2192503,-0.02184006,0.0540456,0.6264732,-0.5793154,-0.9712765,0.2384829,-0.2072,1.991,-0.05168613,0.07254274,0.9960252,-0.2939733,0.9520626,-0.0845958,-0.9544152,-0.2971772,-0.02788289,moving,-82.99337,-73.50813,6.830373,-5.941287
05/11/2023 13:09:49.757617,2282,True,True,True,True,Eyes,1.77901,0.1564316,-1.965253,-0.9181498,-0.3811323,0.1083472,0.0,0.0,0.0,0.0,0.0,0.0,0.0,2.071163,0.142459,1.550054,1.64089,0.1726308,-1.997587,0.07652051,-0.7150769,0.1312409,0.6823383,16.98495,267.9398,4.177269,0.6848626,0.05832378,-0.7263333,-0.2060952,-0.02052966,0.05080287,0.5956118,-0.5751723,-0.9977239,0.2341187,-0.2072001,1.991,-0.05711824,0.06966525,0.9959339,-0.2885374,0.9538409,-0.08326887,-0.9557635,-0.2921204,-0.03438069,moving,-83.26988,-74.13077,6.706528,-5.94129
05/11/2023 13:09:49.777568,2283,True,True,True,True,Eyes,1.607644,0.1718794,-2.006439,-0.9298457,-0.3677448,-0.0122745,0.0,0.0,0.0,0.0,0.0,0.0,0.0,2.081409,0.1248834,1.527713,1.628443,0.1745777,-1.999866,0.07413365,-0.7176265,0.1273394,0.6806623,16.48022,267.5515,4.003535,0.6833828,0.05838338,-0.7277209,-0.1937295,-0.01929788,0.0477547,0.563452,-0.5663965,-1.023897,0.2295214,-0.2072001,1.991,-0.06240629,0.06694974,0.9958028,-0.2797508,0.9565778,-0.08184433,-0.9580422,-0.2836843,-0.04096724,moving,89.24371,88.0883,6.575999,-5.941292
05/11/2023 13:09:49.797745,2284,True,True,True,True,Eyes,1.607177,0.1718651,-2.006513,-0.9299525,-0.367464,-0.01258881,0.0,0.0,0.0,0.0,0.0,0.0,0.0,2.091652,0.09582016,1.504425,1.615657,0.1754433,-2.001588,0.06904718,-0.7207173,0.1216403,0.678972,15.61064,267.1194,3.908787,0.6749274,0.05957386,-0.7354743,-0.696203,0.02820352,-0.07866995,0.5299453,-0.5483811,-1.04655,0.2253659,-0.2072001,1.990999,-0.06845956,0.06565376,0.9954914,-0.2647077,0.9608722,-0.08157438,-0.9618958,-0.2690987,-0.04840178,moving,89.22443,88.0379,6.457956,-5.941294
05/11/2023 13:09:49.807948,2285,True,True,True,True,Eyes,1.606256,0.1718522,-2.006619,-0.9299917,-0.3673361,-0.01340444,0.0,0.0,0.0,0.0,0.0,0.0,0.0,2.10306,0.08366604,1.478855,1.603981,0.1750082,-2.00337,0.06718456,-0.7235617,0.117993,0.6767735,15.17024,266.6671,3.711966,0.6680018,0.06054232,-0.7416918,-0.6544308,0.0265113,-0.07394975,0.5016302,-0.5403664,-1.070451,0.2211716,-0.2072001,1.991,-0.07492793,0.06248467,0.9952295,-0.2569334,0.9631278,-0.07981294,-0.9635202,-0.2616878,-0.0561107,moving,89.17422,87.91015,6.338754,-5.941291
05/11/2023 13:09:49.828311,2286,True,True,True,True,Eyes,1.604902,0.171858,-2.006793,-0.9299775,-0.3673342,-0.01440046,0.0,0.0,0.0,0.0,0.0,0.0,0.0,2.113004,0.09132844,1.453124,1.59215,0.1749669,-2.004779,0.06959868,-0.7255734,0.1172054,0.6745089,15.30589,266.2787,3.394732,0.6623174,0.06133375,-0.7467077,-0.6151649,0.02492063,-0.06951277,0.4743638,-0.5330981,-1.093977,0.2167052,-0.2072,1.991,-0.08038765,0.05711429,0.9951261,-0.2591101,0.9628378,-0.07619241,-0.9624967,-0.2639721,-0.06260143,moving,89.11286,87.75501,6.211756,-5.941288
05/11/2023 13:09:49.839496,2287,True,True,True,True,Eyes,1.603141,0.1718603,-2.007025,-0.9298793,-0.3675326,-0.01563327,0.0,0.0,0.0,0.0,0.0,0.0,0.0,2.121498,0.09465882,1.429986,1.580385,0.1754365,-2.006534,0.07136929,-0.7271992,0.117575,0.6725057,15.48544,265.9642,3.232467,0.6576343,0.06198421,-0.750782,-0.5782551,0.02342539,-0.065342,0.4491925,-0.5292717,-1.117855,0.2125875,-0.2071999,1.991,-0.08528499,0.05434034,0.9948736,-0.2619391,0.9621651,-0.07500838,-0.9613086,-0.2669934,-0.06782438,moving,89.03683,87.56435,6.094622,-5.941284
05/11/2023 13:09:49.857909,2288,True,True,True,True,Eyes,1.601013,0.1718673,-2.00731,-0.9296373,-0.3680841,-0.01698327,0.0,0.0,0.0,0.0,0.0,0.0,0.0,2.128006,0.0925204,1.409266,1.568775,0.1754156,-2.007779,0.0719997,-0.7285699,0.1185555,0.6707805,15.62523,265.7126,3.222479,0.6537548,0.06252155,-0.7541183,-0.5435597,0.02201986,-0.06142148,0.429852,-0.5391903,-1.144168,0.2082999,-0.2072001,1.991,-0.08973927,0.05413581,0.994493,-0.2639631,0.9615213,-0.07615999,-0.9603491,-0.2693439,-0.07199644,moving,88.9534,87.35826,5.9726,-5.94129
05/11/2023 13:09:49.877872,2289,True,True,True,True,Eyes,1.598508,0.1718891,-2.007642,-0.9292716,-0.3689245,-0.01868045,0.0,0.0,0.0,0.0,0.0,0.0,0.0,2.135612,0.1011391,1.386976,1.557805,0.1756112,-2.009273,0.07523219,-0.7297243,0.1219878,0.6685519,16.17834,265.4424,3.182185,0.6505166,0.06296828,-0.7568763,-0.5109462,0.02069867,-0.05773619,0.4101189,-0.5467214,-1.169951,0.2036445,-0.2072,1.991,-0.09475704,0.05331277,0.9940718,-0.2729078,0.9589182,-0.07744163,-0.9573622,-0.2786281,-0.07631487,moving,88.84838,87.10131,5.840048,-5.941289
05/11/2023 13:09:49.887911,2290,True,True,True,True,Eyes,1.595658,0.1719171,-2.008006,-0.928868,-0.3698463,-0.02044372,0.0,0.0,0.0,0.0,0.0,0.0,0.0,2.141813,0.1057502,1.365328,1.546138,0.1760681,-2.010254,0.07750081,-0.7309213,0.1237849,0.6666522,16.51619,265.1833,3.094104,0.6476552,0.06335852,-0.7592938,-0.4802894,0.01945675,-0.05427202,0.3934292,-0.5570984,-1.193996,0.1995837,-0.2071998,1.991001,-0.09913727,0.05174899,0.9937274,-0.2783369,0.9573418,-0.07762189,-0.9553537,-0.2842862,-0.08050454,moving,88.73917,86.83612,5.724373,-5.94128
05/11/2023 13:09:49.907894,2291,True,True,True,True,Eyes,1.592466,0.1719517,-2.008394,-0.9283997,-0.3709005,-0.0225158,0.0,0.0,0.0,0.0,0.0,0.0,0.0,2.146777,0.1057969,1.346492,1.534977,0.1762689,-2.011382,0.07860747,-0.7319688,0.1247576,0.6651903,16.69131,264.9741,3.045988,0.6449991,0.06371413,-0.7615218,-0.451472,0.01828935,-0.0510157,0.3780844,-0.5699748,-1.2181,0.1952465,-0.2071998,1.991001,-0.1026855,0.05089861,0.9934109,-0.2810515,0.9565129,-0.07805942,-0.9541834,-0.2872152,-0.08391489,moving,88.61073,86.52608,5.600775,-5.94128
05/11/2023 13:09:49.927690,2292,True,True,True,True,Eyes,1.588936,0.1719974,-2.008808,-0.9279457,-0.3719004,-0.02463705,0.0,0.0,0.0,0.0,0.0,0.0,0.0,2.151134,0.1070743,1.327494,1.5235,0.1765102,-2.012181,0.08011353,-0.7328836,0.1264131,0.6636892,16.95576,264.7771,3.018555,0.6425198,0.06403942,-0.7635876,-0.4243837,0.01719199,-0.04795476,0.3624628,-0.5798068,-1.24203,0.190824,-0.2071999,1.991001,-0.1061972,0.05037028,0.9930686,-0.2852258,0.9552031,-0.07895125,-0.952559,-0.2916332,-0.08707298,moving,88.47915,86.20991,5.474691,-5.941282
05/11/2023 13:09:49.937681,2293,True,True,True,True,Eyes,1.585073,0.1720414,-2.009212,-0.9275643,-0.3726785,-0.02711785,0.0,0.0,0.0,0.0,0.0,0.0,0.0,2.155209,0.1024938,1.309363,1.51187,0.1768194,-2.013168,0.0801136,-0.7340155,0.1261183,0.6624933,16.9355,264.5779,2.965785,0.6401924,0.06433842,-0.765515,-0.3989207,0.01616047,-0.04507747,0.3491528,-0.5930442,-1.264855,0.1865683,-0.2071998,1.991001,-0.109369,0.04949585,0.9927682,-0.2847143,0.9553519,-0.07899617,-0.952353,-0.291295,-0.09039374,moving,88.3254,85.83823,5.353313,-5.94128
05/11/2023 13:09:49.958111,2294,True,True,True,True,Eyes,1.580894,0.1720695,-2.009629,-0.9272243,-0.3733344,-0.02960849,0.0,0.0,0.0,0.0,0.0,0.0,0.0,2.158247,0.09545416,1.292056,1.500027,0.176768,-2.013758,0.0794226,-0.7351181,0.1253069,0.6615071,16.81653,264.3998,2.934966,0.6379941,0.06461436,-0.767325,-0.3749855,0.01519084,-0.04237282,0.3340402,-0.5996054,-1.285614,0.1821528,-0.2071999,1.991,-0.1122007,0.04901283,0.9924761,-0.2825528,0.9559805,-0.0791535,-0.9526673,-0.289308,-0.09341305,moving,88.17103,85.46547,5.22733,-5.941285
05/11/2023 13:09:49.977784,2295,True,True,True,True,Eyes,1.576402,0.1720787,-2.010052,-0.926947,-0.3737899,-0.03240719,0.0,0.0,0.0,0.0,0.0,0.0,0.0,2.161206,0.08602411,1.275119,1.488265,0.1763988,-2.014471,0.07820674,-0.7362226,0.1247194,0.6605338,16.67598,264.2316,2.968427,0.6359041,0.06486946,-0.7690364,-0.3524863,0.01427939,-0.03983045,0.3179784,-0.602633,-1.305608,0.1777633,-0.2071998,1.990999,-0.1151573,0.04960772,0.9921079,-0.279918,0.9566575,-0.08032615,-0.9530922,-0.286959,-0.09628004,moving,87.99769,85.04491,5.102036,-5.941285
05/11/2023 13:09:49.987891,2296,True,True,True,True,Eyes,1.571606,0.1720606,-2.010476,-0.9266842,-0.3741859,-0.03523316,0.0,0.0,0.0,0.0,0.0,0.0,0.0,2.164185,0.07676715,1.257094,1.476233,0.1759301,-2.01486,0.07699373,-0.7374579,0.1239642,0.6594397,16.52192,264.0402,2.985605,0.6339045,0.06510561,-0.7706656,-0.3313372,0.01342262,-0.03744063,0.3005798,-0.6025549,-1.325716,0.1734117,-0.2072,1.991,-0.1184226,0.04993452,0.991707,-0.2770531,0.9574097,-0.08129129,-0.9535291,-0.2843822,-0.09954452,moving,87.82262,84.62092,4.977775,-5.941288
05/11/2023 13:09:50.004074,2297,True,True,True,True,Eyes,1.566507,0.1720054,-2.010862,-0.9263886,-0.3745974,-0.03848455,0.0,0.0,0.0,0.0,0.0,0.0,0.0,2.167542,0.0715294,1.237921,1.464103,0.1752443,-2.015315,0.0766272,-0.7386895,0.1234814,0.6581934,16.45725,263.8305,2.949151,0.6319788,0.06532417,-0.7722271,-0.3114569,0.01261727,-0.03519419,0.2818605,-0.5997351,-1.347008,0.1690787,-0.2072001,1.991,-0.1218195,0.04934184,0.9913251,-0.2757567,0.9577613,-0.08155775,-0.9534769,-0.2832998,-0.1030676,moving,87.62115,84.13425,4.853998,-5.941292
05/11/2023 13:09:50.027886,2298,True,True,True,True,Eyes,1.561121,0.1719032,-2.011245,-0.9260923,-0.3749757,-0.04179053,0.0,0.0,0.0,0.0,0.0,0.0,0.0,2.171453,0.0674756,1.216979,1.451864,0.1742206,-2.015574,0.07648897,-0.7401242,0.1230394,0.6566788,16.41462,263.5794,2.890499,0.6301131,0.06552603,-0.7737331,-0.2927695,0.01186023,-0.03308254,0.2626428,-0.5962692,-1.36896,0.1646157,-0.2071999,1.991001,-0.1258447,0.04837202,0.99087,-0.2748173,0.9580215,-0.08167142,-0.9532254,-0.2825862,-0.1072685,moving,87.41624,83.64071,4.726458,-5.941283
05/11/2023 13:09:50.037833,2299,True,True,True,True,Eyes,1.41919,0.1680198,-2.019358,-0.912896,-0.3846833,-0.1365273,0.0,0.0,0.0,0.0,0.0,0.0,0.0,2.175804,0.06426173,1.194887,1.439576,0.1729818,-2.015863,0.07651453,-0.741686,0.1226209,0.6549898,16.38707,263.3016,2.815907,0.6282942,0.06571156,-0.7751951,-0.2752033,0.01114862,-0.03109759,0.2444799,-0.5949767,-1.391666,0.1602351,-0.2071999,1.991,-0.1302679,0.0471314,0.990358,-0.2741304,0.9582193,-0.08165997,-0.9528289,-0.2821249,-0.1119051,moving,81.49422,70.4598,4.60123,-5.941285
05/11/2023 13:09:50.062748,2300,True,True,True,True,Eyes,1.418686,0.1679695,-2.01936,-0.9128535,-0.384711,-0.1367326,0.0,0.0,0.0,0.0,0.0,0.0,0.0,2.180351,0.0610535,1.171367,1.427045,0.1714809,-2.015911,0.07674177,-0.7433342,0.1231283,0.6529965,16.45577,263.0004,2.792002,0.6202469,0.06609204,-0.7816167,-0.6844857,-0.001170654,-0.05357188,0.226751,-0.5946651,-1.415352,0.1561258,-0.2071999,1.991,-0.1354127,0.04671512,0.9896876,-0.2748943,0.9579003,-0.08282672,-0.9518912,-0.2832752,-0.1168701,moving,81.48123,70.43396,4.483718,-5.941286
05/11/2023 13:09:50.077903,2301,True,True,True,True,Eyes,1.417681,0.1678571,-2.019309,-0.9127098,-0.3847636,-0.1375417,1.99138,-0.3998719,-0.5983537,-2.293207,0.9881326,-0.1533007,-0.0096421,-0.05420205,-0.2134708,1.977568,1.414425,0.1702285,-2.015914,0.07665189,-0.7451437,0.1236099,0.6508502,16.49861,262.6761,2.789904,0.6137383,0.06638511,-0.786713,-0.6434166,-0.001100415,-0.05035757,0.2084032,-0.5932634,-1.439707,0.151778,-0.2071999,1.991001,-0.141037,0.04666972,0.9889038,-0.2751364,0.9576902,-0.08443647,-0.951004,-0.2839921,-0.1222292,moving,81.43024,70.32953,4.35934,-5.941283
05/11/2023 13:09:50.097703,2302,True,True,True,True,Eyes,1.416198,0.1676692,-2.019244,-0.912536,-0.3848155,-0.1385465,0.0,0.0,0.0,0.0,0.0,0.0,0.0,2.189918,0.0509584,1.121175,1.401523,0.1685732,-2.01561,0.07637945,-0.747205,0.1232925,0.6485754,16.45877,262.3119,2.73652,0.6084645,0.0666089,-0.7907802,-0.6048116,-0.00103439,-0.04733612,0.1919852,-0.595589,-1.464549,0.1475492,-0.2072,1.991,-0.1470324,0.04578682,0.9880714,-0.2740712,0.9579303,-0.08517392,-0.9504033,-0.2833252,-0.128298,moving,81.36695,70.19942,4.238333,-5.941287
05/11/2023 13:09:50.108273,2303,True,True,True,True,Eyes,1.414247,0.1674005,-2.019123,-0.9122828,-0.3848975,-0.1399786,0.0,0.0,0.0,0.0,0.0,0.0,0.0,2.194235,0.04654622,1.095389,1.388579,0.1665745,-2.015146,0.0762272,-0.7491847,0.1233381,0.6462968,16.45946,261.9574,2.702001,0.604176,0.06677635,-0.7940475,-0.5685229,-0.0009723264,-0.04449595,0.1757013,-0.5980155,-1.489298,0.1431916,-0.2071999,1.991,-0.1529799,0.0452095,0.9871947,-0.2736425,0.9579543,-0.08627521,-0.9495877,-0.2833368,-0.1341765,moving,81.2767,70.01481,4.113598,-5.941284
05/11/2023 13:09:50.127849,2304,True,True,True,True,Eyes,1.411847,0.1670593,-2.018967,-0.9119815,-0.3850153,-0.1416086,0.0,0.0,0.0,0.0,0.0,0.0,0.0,2.198518,0.03926796,1.068466,1.375462,0.1643479,-2.014382,0.07562525,-0.7513304,0.1240071,0.6437435,16.48159,261.5787,2.750701,0.6006684,0.06689706,-0.7966941,-0.5344115,-0.0009139869,-0.04182619,0.1599598,-0.6002185,-1.512213,0.1389331,-0.2072,1.991001,-0.1597502,0.04601848,0.9860842,-0.2732967,0.9578061,-0.08897413,-0.948572,-0.2837072,-0.140433,moving,81.17384,69.80649,3.99166,-5.941285
05/11/2023 13:09:50.139455,2305,True,True,True,True,Eyes,1.409011,0.1666497,-2.018749,-0.9115624,-0.3852515,-0.1436495,0.0,0.0,0.0,0.0,0.0,0.0,0.0,2.202647,0.03489061,1.04046,1.362238,0.1624505,-2.013292,0.07569784,-0.7535419,0.1245325,0.6410431,16.54284,261.1723,2.725243,0.5977748,0.06697847,-0.7988607,-0.5023469,-0.0008591476,-0.03931662,0.1442221,-0.6019149,-1.534463,0.1344688,-0.2071999,1.991,-0.1666674,0.04557844,0.9849593,-0.2737444,0.957523,-0.09062977,-0.947252,-0.2847321,-0.1471111,moving,81.04463,69.55092,3.863792,-5.941284
05/11/2023 13:09:50.157892,2306,True,True,True,True,Eyes,1.405754,0.1661869,-2.018486,-0.9110923,-0.3855421,-0.1458363,0.0,0.0,0.0,0.0,0.0,0.0,0.0,2.20621,0.03474113,1.012712,1.349,0.1603817,-2.012121,0.07662992,-0.7555708,0.1250802,0.6384322,16.67005,260.7784,2.627255,0.5951295,0.06703776,-0.8008283,-0.4722061,-0.0008075988,-0.03695762,0.1278114,-0.6013936,-1.555748,0.1301762,-0.2072,1.991,-0.1730645,0.04391174,0.9839312,-0.275509,0.9569656,-0.09116779,-0.9455917,-0.2868598,-0.1535187,moving,80.90594,69.28022,3.740805,-5.941287
05/11/2023 13:09:50.177653,2307,True,True,True,True,Eyes,1.402075,0.1656733,-2.018139,-0.9105846,-0.3858094,-0.1482795,0.0,0.0,0.0,0.0,0.0,0.0,0.0,2.20853,0.03464562,0.9866514,1.335669,0.1584855,-2.010761,0.07748996,-0.7573674,0.1253467,0.6361433,16.76557,260.4279,2.520062,0.5926617,0.06707768,-0.8026531,-0.4438737,-0.0007591429,-0.03474016,0.1123148,-0.6020761,-1.575297,0.1258689,-0.2072001,1.991,-0.1786341,0.04210023,0.9830145,-0.2768537,0.956567,-0.09127759,-0.944162,-0.2884564,-0.1592198,moving,80.75114,68.97655,3.617363,-5.941289
05/11/2023 13:09:50.187579,2308,True,True,True,True,Eyes,1.397999,0.1651156,-2.017733,-0.9100502,-0.3860672,-0.1508667,0.0,0.0,0.0,0.0,0.0,0.0,0.0,2.210109,0.03030364,0.9608073,1.322006,0.1566844,-2.00908,0.07734805,-0.7592636,0.1251859,0.6339278,16.74809,260.0823,2.469662,0.590344,0.06709903,-0.8043575,-0.4172413,-0.0007135943,-0.03265575,0.0967244,-0.6021891,-1.593881,0.1215395,-0.2071999,1.991,-0.1843056,0.04126253,0.9820024,-0.2761727,0.9566916,-0.09203204,-0.943271,-0.2881643,-0.164928,moving,80.5872,68.65551,3.493255,-5.941285
05/11/2023 13:09:50.207988,2309,True,True,True,True,Eyes,1.393522,0.1645266,-2.017209,-0.9094442,-0.3863489,-0.153772,0.0,0.0,0.0,0.0,0.0,0.0,0.0,2.211876,0.02387536,0.9337003,1.308398,0.1550647,-2.007189,0.07694083,-0.7613788,0.1253964,0.631394,16.74473,259.6991,2.465083,0.5881522,0.06710264,-0.8059613,-0.3922068,-0.0006707786,-0.03069641,0.08096536,-0.6016887,-1.611893,0.1171377,-0.2072,1.991,-0.1908437,0.04118683,0.9807562,-0.2755113,0.9567117,-0.09378834,-0.9421638,-0.2881083,-0.1712349,moving,80.403,68.29678,3.367035,-5.941288
05/11/2023 13:09:50.227757,2310,True,True,True,True,Eyes,1.388671,0.1639074,-2.016609,-0.9088197,-0.3866009,-0.1568008,0.0,0.0,0.0,0.0,0.0,0.0,0.0,2.213246,0.01695572,0.905714,1.29452,0.1536404,-2.004912,0.0765342,-0.7635897,0.1257267,0.6287021,16.75271,259.296,2.466448,0.5860647,0.06708993,-0.8074815,-0.3686744,-0.0006305319,-0.02885462,0.06543903,-0.6015365,-1.629575,0.1127539,-0.2072001,1.990999,-0.1977527,0.04120788,0.9793856,-0.2749707,0.9566706,-0.09577283,-0.940896,-0.2882417,-0.1778532,moving,80.211,67.9231,3.241301,-5.941293
05/11/2023 13:09:50.237832,2311,True,True,True,True,Eyes,1.383453,0.1632642,-2.015883,-0.9081308,-0.3868694,-0.1600959,0.0,0.0,0.0,0.0,0.0,0.0,0.0,2.213666,0.01099196,0.8789639,1.280705,0.1522888,-2.002403,0.0761539,-0.7656541,0.1255906,0.62626,16.72043,258.9202,2.434999,0.5840629,0.06706205,-0.808933,-0.3465539,-0.0005927,-0.02712335,0.05000957,-0.6018338,-1.647767,0.1083746,-0.2072001,1.991,-0.2039981,0.04068968,0.9781255,-0.2739198,0.9568552,-0.0969336,-0.9398687,-0.2877021,-0.184051,moving,80.00196,67.51905,3.115663,-5.94129
05/11/2023 13:09:50.257713,2312,True,True,True,True,Eyes,1.377892,0.1626166,-2.015073,-0.9074062,-0.3871439,-0.1635045,0.0,0.0,0.0,0.0,0.0,0.0,0.0,2.213467,0.007628918,0.8524456,1.266904,0.1510067,-1.999576,0.07630339,-0.7676247,0.1253488,0.6238733,16.71725,258.549,2.349285,0.5821302,0.06702036,-0.8103283,-0.3257607,-0.000557138,-0.02549594,0.03336151,-0.5998395,-1.666282,0.1041547,-0.2072001,1.991,-0.2099199,0.03925882,0.9769301,-0.2735482,0.9569309,-0.09723438,-0.9386719,-0.2876489,-0.1901396,moving,79.78555,67.10396,2.994569,-5.941288
05/11/2023 13:09:50.277741,2313,True,True,True,True,Eyes,1.371983,0.162018,-2.014146,-0.9065841,-0.3874952,-0.1671904,0.0,0.0,0.0,0.0,0.0,0.0,0.0,2.213042,0.00620684,0.8258328,1.253093,0.1502622,-1.996691,0.07697719,-0.7695584,0.1250376,0.621466,16.74573,258.1714,2.210567,0.5802512,0.06696675,-0.8116794,-0.306215,-0.0005237097,-0.02396619,0.01691349,-0.5981892,-1.685453,0.0996165,-0.2071999,1.991,-0.215709,0.03693634,0.9757588,-0.2738901,0.9568803,-0.09677003,-0.9372587,-0.2881249,-0.1962912,moving,79.55103,66.66152,2.864314,-5.941283
05/11/2023 13:09:50.297838,2314,True,True,True,True,Eyes,1.365715,0.1615679,-2.013144,-0.9056902,-0.3879392,-0.1709636,0.0,0.0,0.0,0.0,0.0,0.0,0.0,2.212575,0.001372308,0.7985802,1.239041,0.1508,-1.993804,0.07752008,-0.7715756,0.1256309,0.618772,16.8461,257.7743,2.146571,0.5784127,0.06690514,-0.8129957,-0.2878421,-0.0004922871,-0.02252822,-4.539639e-05,-0.5951684,-1.704303,0.09555246,-0.2072,1.991001,-0.2222241,0.03584862,0.9743364,-0.275099,0.956415,-0.09793305,-0.9353808,-0.289802,-0.2026765,moving,79.31029,66.21706,2.747641,-5.941285
05/11/2023 13:09:50.307785,2315,True,True,True,True,Eyes,1.199764,0.1539954,-1.985801,-0.8784732,-0.3921475,-0.2729564,0.0,0.0,0.0,0.0,0.0,0.0,0.0,2.211605,-0.009861201,0.7712431,1.224173,0.1539331,-1.990933,0.07760279,-0.7736173,0.1272203,0.6158808,17.00336,257.3752,2.195541,0.5766011,0.06684308,-0.8142866,-0.2705716,-0.0004627499,-0.02117652,-0.0156025,-0.5956346,-1.724665,0.09127335,-0.2072,1.991,-0.2293375,0.03663541,0.9726573,-0.2767748,0.9555856,-0.1012516,-0.9331667,-0.2924278,-0.2090118,moving,72.73911,55.15995,2.62477,-5.941286
05/11/2023 13:09:50.328089,2316,True,True,True,True,Eyes,1.199186,0.1541127,-1.985689,-0.8784725,-0.3919188,-0.2732866,0.0,0.0,0.0,0.0,0.0,0.0,0.0,2.21084,-0.03035551,0.7416842,1.208844,0.1570611,-1.98818,0.0746378,-0.7764655,0.125837,0.6129401,16.67324,256.9113,2.294564,0.566062,0.06687746,-0.8216451,-0.7521896,-0.02315249,0.06212103,-0.03043295,-0.5980621,-1.746549,0.08675197,-0.2071999,1.991,-0.2374674,0.03835374,0.9706382,-0.2701685,0.9571885,-0.1039192,-0.9330694,-0.2869132,-0.2169391,moving,72.71944,55.11177,2.494917,-5.941283
05/11/2023 13:09:50.347960,2317,True,True,True,True,Eyes,1.198052,0.1543315,-1.985512,-0.8782792,-0.3918131,-0.2740588,0.0,0.0,0.0,0.0,0.0,0.0,0.0,2.210111,-0.03844988,0.7123959,1.194422,0.1599588,-1.985283,0.0736897,-0.7791719,0.1227152,0.6102476,16.33007,256.4355,2.086501,0.5576957,0.06688576,-0.827346,-0.7070583,-0.02176334,0.05839377,-0.0442952,-0.6014674,-1.766978,0.08244565,-0.2071999,1.991001,-0.2443356,0.03493946,0.9690611,-0.2646072,0.9590216,-0.1012946,-0.9328896,-0.2811705,-0.2250779,moving,72.66996,55.02864,2.371215,-5.941283
05/11/2023 13:09:50.357963,2318,True,True,True,True,Eyes,1.196396,0.1546125,-1.985253,-0.878139,-0.3913364,-0.2751868,0.0,0.0,0.0,0.0,0.0,0.0,0.0,2.210844,-0.04244015,0.6783183,1.179762,0.1626614,-1.982788,0.07498659,-0.7820563,0.1228317,0.6063642,16.44297,255.8496,1.892515,0.5510526,0.06688423,-0.8317853,-0.6646348,-0.02045754,0.05489014,-0.06061419,-0.5990634,-1.787808,0.07818717,-0.2072,1.991,-0.2533993,0.03167398,0.9668432,-0.2662489,0.9585788,-0.1011842,-0.9300004,-0.2830609,-0.23447,moving,72.60031,54.88521,2.248867,-5.941286
05/11/2023 13:09:50.378112,2319,True,True,True,True,Eyes,1.194299,0.1549441,-1.984948,-0.8776697,-0.391311,-0.2767157,0.0,0.0,0.0,0.0,0.0,0.0,0.0,2.21073,-0.05287181,0.6463516,1.165623,0.1643642,-1.980453,0.07265627,-0.7853015,0.1182504,0.603357,15.86667,255.3083,1.702637,0.5457705,0.06688311,-0.8352607,-0.6247567,-0.01923009,0.05159673,-0.07715297,-0.5944207,-1.807696,0.07365946,-0.2072,1.991,-0.2613632,0.02858022,0.9648176,-0.2568085,0.9614758,-0.09804904,-0.9304511,-0.2733997,-0.2439547,moving,72.50074,54.73394,2.118761,-5.941287
05/11/2023 13:09:50.397971,2320,True,True,True,True,Eyes,1.191738,0.1553357,-1.984579,-0.8770651,-0.391381,-0.2785278,0.0,0.0,0.0,0.0,0.0,0.0,0.0,2.211186,-0.04734306,0.6139472,1.152646,0.1660343,-1.977968,0.07665901,-0.7876887,0.1205086,0.5992892,16.36339,254.7325,1.413717,0.5415579,0.0668891,-0.8379977,-0.5872713,-0.01807628,0.04850093,-0.1009425,-0.5741197,-1.829923,0.06907032,-0.2071999,1.991001,-0.2699515,0.0236722,0.9625829,-0.2652059,0.9592021,-0.09796473,-0.9256306,-0.2817284,-0.2526601,moving,72.38182,54.56229,1.986866,-5.941283
05/11/2023 13:09:50.408043,2321,True,True,True,True,Eyes,1.188771,0.15579,-1.984198,-0.8763515,-0.3914929,-0.2806093,0.0,0.0,0.0,0.0,0.0,0.0,0.0,2.211086,-0.04497543,0.5822186,1.138933,0.1679049,-1.975991,0.07908035,-0.7901541,0.1203837,0.5957439,16.52697,254.1899,1.103588,0.5381786,0.06690765,-0.8401705,-0.552035,-0.0169917,0.04559087,-0.1152311,-0.5734836,-1.853526,0.06518544,-0.2071998,1.991001,-0.2776712,0.01846436,0.9604987,-0.268407,0.9585082,-0.09602004,-0.9224188,-0.2844666,-0.2611941,moving,72.24484,54.36828,1.875196,-5.941281
05/11/2023 13:09:50.428472,2322,True,True,True,True,Eyes,1.185411,0.1562999,-1.983778,-0.8755352,-0.3916844,-0.2828806,0.0,0.0,0.0,0.0,0.0,0.0,0.0,2.209974,-0.04558174,0.5547295,1.125899,0.1699022,-1.974151,0.08016404,-0.792336,0.1190016,0.5929722,16.47809,253.7432,0.8422372,0.5354416,0.06694278,-0.8419147,-0.5189129,-0.0159722,0.04285542,-0.1311243,-0.5716944,-1.877753,0.06082804,-0.2071998,1.991,-0.2839153,0.01409558,0.9587457,-0.268163,0.9588247,-0.09350837,-0.9205872,-0.2836486,-0.2684451,moving,72.09464,54.16259,1.749928,-5.941281
05/11/2023 13:09:50.437962,2323,True,True,True,True,Eyes,1.181674,0.1568549,-1.983369,-0.8747154,-0.3917006,-0.2853832,0.0,0.0,0.0,0.0,0.0,0.0,0.0,2.209005,-0.05128428,0.5270052,1.113057,0.1717668,-1.972731,0.08094712,-0.7945059,0.1197927,0.5897948,16.60884,253.2867,0.7581792,0.5330939,0.06699882,-0.8433988,-0.4877781,-0.01501387,0.04028409,-0.1461404,-0.5681697,-1.899939,0.0564453,-0.2071998,1.991,-0.2911796,0.01268025,0.9565845,-0.2699321,0.9581946,-0.09486756,-0.917797,-0.2858363,-0.2755839,moving,71.93066,53.92386,1.623913,-5.941282
05/11/2023 13:09:50.457861,2324,True,True,True,True,Eyes,1.177589,0.1574231,-1.982931,-0.8738937,-0.3915733,-0.2880626,0.0,0.0,0.0,0.0,0.0,0.0,0.0,2.207819,-0.06677155,0.4985225,1.100034,0.173372,-1.971628,0.07806754,-0.7972984,0.1176043,0.5868474,16.21001,252.8246,0.8082455,0.5308669,0.06707947,-0.8447959,-0.4585114,-0.01411304,0.03786705,-0.1530345,-0.5842212,-1.919537,0.05199859,-0.2071999,1.991,-0.299031,0.01354528,0.9541472,-0.2625178,0.9601494,-0.09590393,-0.9174229,-0.2791589,-0.2835586,moving,71.75617,53.65978,1.496043,-5.941283
05/11/2023 13:09:50.477950,2325,True,True,True,True,Eyes,1.173167,0.1580075,-1.982508,-0.872991,-0.3914997,-0.2908859,0.0,0.0,0.0,0.0,0.0,0.0,0.0,2.20618,-0.08236186,0.4710286,1.087593,0.1741559,-1.970455,0.07549147,-0.7998839,0.1168628,0.5838066,15.96786,252.3798,0.9345954,0.5287378,0.06718355,-0.8461219,-0.4310007,-0.01326626,0.03559502,-0.1636219,-0.5897501,-1.940314,0.04756362,-0.2071998,1.991001,-0.3069422,0.01568169,0.9515992,-0.2572193,0.9612883,-0.09880845,-0.9163106,-0.2750981,-0.2910263,moving,71.57162,53.3875,1.368496,-5.941281
05/11/2023 13:09:50.498658,2326,True,True,True,True,Eyes,1.168404,0.1586151,-1.982077,-0.8721405,-0.3912266,-0.2937903,0.0,0.0,0.0,0.0,0.0,0.0,0.0,2.203812,-0.09731303,0.4455104,1.074787,0.1751429,-1.969491,0.07341598,-0.8020518,0.1169818,0.5810664,15.84108,251.9954,1.082914,0.5266857,0.06730997,-0.8473907,-0.4051407,-0.01247028,0.03345932,-0.1681598,-0.6066978,-1.960565,0.04320358,-0.2071999,1.991,-0.3139436,0.01818155,0.9492674,-0.2537152,0.9618507,-0.1023318,-0.9149141,-0.27297,-0.297354,moving,71.38332,53.0954,1.243091,-5.941283
05/11/2023 13:09:50.507806,2327,True,True,True,True,Eyes,1.163341,0.1592337,-1.981674,-0.8712869,-0.3909121,-0.296727,0.0,0.0,0.0,0.0,0.0,0.0,0.0,2.20082,-0.1118215,0.4229052,1.061842,0.1763215,-1.968848,0.07061554,-0.8039193,0.1154905,0.5791281,15.51443,251.7004,1.202967,0.5246918,0.06745817,-0.8486151,-0.3808322,-0.01172206,0.03145176,-0.1738725,-0.6212124,-1.979723,0.03901714,-0.2072001,1.991,-0.3192484,0.02022924,0.9474553,-0.247306,0.9633508,-0.1038992,-0.9148336,-0.267481,-0.3025454,moving,71.19312,52.79921,1.122668,-5.941293
05/11/2023 13:09:50.527512,2328,True,True,True,True,Eyes,1.157984,0.1598443,-1.981297,-0.8704488,-0.39047,-0.2997535,0.0,0.0,0.0,0.0,0.0,0.0,0.0,2.197921,-0.1238529,0.4021146,1.049387,0.1772008,-1.968573,0.06844108,-0.8054786,0.1144484,0.5774268,15.27255,251.4461,1.30175,0.5227399,0.06762686,-0.8498054,-0.3579823,-0.01101874,0.02956466,-0.1879668,-0.6152773,-1.999085,0.03470235,-0.2072,1.991,-0.3237883,0.02191554,0.9458756,-0.2424268,0.9644347,-0.1053321,-0.9145437,-0.263411,-0.3069597,moving,70.998,52.4875,0.9985418,-5.941287
05/11/2023 13:09:50.547598,2329,True,True,True,True,Eyes,1.152382,0.1604425,-1.981012,-0.8694677,-0.3901823,-0.3029582,0.0,0.0,0.0,0.0,0.0,0.0,0.0,2.19577,-0.1351219,0.378473,1.036987,0.1775886,-1.968762,0.06640486,-0.8073598,0.113429,0.5752344,15.04352,251.1212,1.380798,0.5208155,0.06781414,-0.8509711,-0.3365033,-0.01035762,0.02779078,-0.2039906,-0.604494,-2.018441,0.03046904,-0.2071998,1.991001,-0.3293917,0.02327131,0.9439067,-0.2377217,0.9654486,-0.1067593,-0.9137777,-0.2595527,-0.3124786,moving,70.78957,52.17234,0.8767506,-5.941281
05/11/2023 13:09:50.558358,2330,True,True,True,True,Eyes,1.146512,0.1610466,-1.980768,-0.8683656,-0.3900181,-0.3063121,0.0,0.0,0.0,0.0,0.0,0.0,0.0,2.194315,-0.1446465,0.3522301,1.024954,0.1779754,-1.969213,0.06539921,-0.8094792,0.1135192,0.5723462,14.98967,250.7126,1.427601,0.5189055,0.06801785,-0.8521209,-0.3163131,-0.009736159,0.02612333,-0.2226809,-0.5866967,-2.038535,0.02604799,-0.2072001,1.991,-0.3362862,0.02406597,0.9414526,-0.2358231,0.9656726,-0.1089209,-0.9117562,-0.2586448,-0.319067,moving,70.56993,51.85464,0.7495502,-5.941288
05/11/2023 13:09:50.577810,2331,True,True,True,True,Eyes,1.140412,0.1616251,-1.980623,-0.8671201,-0.389926,-0.3099361,0.0,0.0,0.0,0.0,0.0,0.0,0.0,2.193092,-0.1544239,0.3228118,1.012581,0.1787464,-1.969882,0.06534844,-0.811843,0.1151983,0.5686564,15.15122,250.2154,1.478871,0.5169984,0.06823698,-0.8532618,-0.2973343,-0.00915199,0.02455593,-0.2461133,-0.5580025,-2.05948,0.02167086,-0.2072,1.991001,-0.3447191,0.02491121,0.9383755,-0.2371219,0.9649178,-0.1127243,-0.9082633,-0.2613675,-0.3267186,moving,70.3315,51.52025,0.6236057,-5.941286
05/11/2023 13:09:50.597528,2332,True,True,True,True,Eyes,0.9825647,0.1754136,-1.978185,-0.8272614,-0.391556,-0.4028926,0.0,0.0,0.0,0.0,0.0,0.0,0.0,2.192097,-0.1628907,0.2917612,1.000424,0.1787906,-1.97082,0.06448924,-0.8145249,0.1149051,0.5649666,15.0733,249.6861,1.470473,0.5150841,0.06846903,-0.8544002,-0.2794943,-0.008602871,0.02308257,-0.2624508,-0.5444897,-2.081303,0.01732896,-0.2071997,1.991001,-0.353308,0.02477883,0.9351789,-0.2348912,0.9652759,-0.1143176,-0.9055383,-0.2600546,-0.3352194,moving,64.03301,44.18246,0.4986694,-5.941277
05/11/2023 13:09:50.607858,2333,True,True,True,True,Eyes,0.9821283,0.175391,-1.978319,-0.8269693,-0.391861,-0.4031957,0.0,0.0,0.0,0.0,0.0,0.0,0.0,2.191458,-0.1641575,0.2615967,0.9889033,0.1787389,-1.971798,0.06670498,-0.8167965,0.1170832,0.5609684,15.43263,249.1422,1.331025,0.5031779,0.07012349,-0.8613327,-0.7362669,0.03327887,0.02901183,-0.2715367,-0.5493603,-2.100715,0.01297972,-0.2072,1.991,-0.3617301,0.02239115,0.9320142,-0.2403288,0.963684,-0.1164275,-0.900774,-0.2661051,-0.3432122,moving,64.00806,44.18322,0.3735169,-5.941285
05/11/2023 13:09:50.628082,2334,True,True,True,True,Eyes,0.9812511,0.1753585,-1.978509,-0.8264526,-0.3923375,-0.403791,0.0,0.0,0.0,0.0,0.0,0.0,0.0,2.190769,-0.1669367,0.2303951,0.9771633,0.1783279,-1.973264,0.06841829,-0.8191817,0.1190067,0.5568642,15.73424,248.5824,1.217232,0.4936758,0.07145196,-0.8667055,-0.6920908,0.03128213,0.02727112,-0.2800243,-0.555051,-2.117665,0.008408532,-0.2071999,1.991,-0.3704424,0.02044713,0.9286304,-0.2446352,0.9623127,-0.1187768,-0.8960614,-0.2711756,-0.3514793,moving,63.96063,44.17577,0.2419741,-5.941286
05/11/2023 13:09:50.637909,2335,True,True,True,True,Eyes,0.9799651,0.1753155,-1.978812,-0.8257028,-0.3929859,-0.4046936,0.0,0.0,0.0,0.0,0.0,0.0,0.0,2.18955,-0.1736769,0.1988766,0.9656077,0.1780977,-1.974773,0.06940732,-0.8216826,0.1212676,0.5525528,16.02098,248.0063,1.189438,0.4860898,0.07252222,-0.8708943,-0.6505654,0.02940521,0.02563485,-0.2889657,-0.5598466,-2.131144,0.004223064,-0.2071998,1.991,-0.3797363,0.01995189,0.9248797,-0.2480751,0.9609536,-0.1225845,-0.8912124,-0.2759893,-0.3599593,moving,63.8896,44.15912,0.1215286,-5.941282
05/11/2023 13:09:50.657690,2336,True,True,True,True,Eyes,0.9782548,0.1752611,-1.979181,-0.8248268,-0.3936375,-0.4058452,0.0,0.0,0.0,0.0,0.0,0.0,0.0,2.188012,-0.1811418,0.1675711,0.9538833,0.1779347,-1.976546,0.07024109,-0.8241307,0.1234584,0.5483001,16.29113,247.4398,1.170585,0.4800227,0.0733867,-0.8741808,-0.6115314,0.02764089,0.02409676,-0.2917731,-0.5778162,-2.145,0.0001707971,-0.2071999,1.991,-0.3888666,0.01960889,0.9210855,-0.2511602,0.9596484,-0.1264654,-0.8863981,-0.2805181,-0.3682502,moving,63.80111,44.12519,0.004915094,-5.941285
05/11/2023 13:09:50.677691,2337,True,True,True,True,Eyes,0.9761525,0.1751654,-1.979607,-0.8238345,-0.3942511,-0.4072624,0.0,0.0,0.0,0.0,0.0,0.0,0.0,2.185988,-0.1885521,0.1377251,0.9419019,0.1776066,-1.978469,0.07006161,-0.8264852,0.1239669,0.5446521,16.33375,246.9344,1.148087,0.4751517,0.07408663,-0.876779,-0.5748395,0.02598244,0.02265095,-0.2978684,-0.5885319,-2.158777,-0.004349247,-0.2071998,1.991,-0.3968909,0.0192279,0.9176643,-0.2508474,0.9594471,-0.1285952,-0.882923,-0.281232,-0.3759726,moving,63.69452,44.06998,-0.1251597,-5.941281
05/11/2023 13:09:50.687664,2338,True,True,True,True,Eyes,0.9736677,0.1750218,-1.980109,-0.822735,-0.3949069,-0.4088469,0.0,0.0,0.0,0.0,0.0,0.0,0.0,2.183553,-0.1977825,0.1102164,0.9304169,0.1765639,-1.980484,0.06950633,-0.8285815,0.1251275,0.5412624,16.41538,246.483,1.210845,0.4712157,0.07465321,-0.8788527,-0.5403492,0.02442349,0.0212919,-0.3056866,-0.5942029,-2.170813,-0.008587539,-0.2071998,1.991001,-0.4044081,0.0202703,0.9143543,-0.2506369,0.959024,-0.1321143,-0.8795657,-0.2825989,-0.3827564,moving,63.57555,44.00639,-0.2471253,-5.941281
05/11/2023 13:09:50.707456,2339,True,True,True,True,Eyes,0.9708291,0.1748326,-1.980687,-0.8215235,-0.3955777,-0.4106306,0.0,0.0,0.0,0.0,0.0,0.0,0.0,2.180814,-0.2081851,0.0831275,0.918673,0.1752928,-1.982804,0.06872712,-0.8305818,0.1265156,0.5379631,16.50556,246.0521,1.312073,0.4680021,0.07511075,-0.8805292,-0.5079283,0.02295808,0.02001438,-0.3125812,-0.6026971,-2.181952,-0.01285581,-0.2071998,1.991001,-0.4117446,0.0219544,0.9110348,-0.2502884,0.9585408,-0.1362177,-0.8762546,-0.2841083,-0.3891791,moving,63.44227,43.93034,-0.3699514,-5.941281
05/11/2023 13:09:50.727681,2340,True,True,True,True,Eyes,0.9676312,0.1746036,-1.981349,-0.8202144,-0.3962782,-0.4125674,0.0,0.0,0.0,0.0,0.0,0.0,0.0,2.178079,-0.2182603,0.05546689,0.9073021,0.1740529,-1.985259,0.06821422,-0.8326498,0.1281362,0.5344365,16.63642,245.5931,1.397294,0.465099,0.07550459,-0.8820325,-0.4774525,0.0215806,0.01881352,-0.323391,-0.6019493,-2.193851,-0.01720098,-0.2071999,1.991001,-0.4194489,0.02336422,0.9074782,-0.2505585,0.9578559,-0.1404729,-0.8725153,-0.2862975,-0.3959174,moving,63.29762,43.84629,-0.4949867,-5.941282
05/11/2023 13:09:50.737616,2341,True,True,True,True,Eyes,0.9640938,0.1743161,-1.982102,-0.8189132,-0.3966334,-0.414805,0.0,0.0,0.0,0.0,0.0,0.0,0.0,2.175211,-0.2259432,0.02859664,0.8954061,0.1728798,-1.987906,0.06794405,-0.8345405,0.1290831,0.5312847,16.71704,245.1721,1.421304,0.4623554,0.07585123,-0.8834441,-0.4488054,0.02028576,0.01768471,-0.3357699,-0.5983799,-2.204737,-0.02155648,-0.2072,1.991001,-0.4262404,0.02375559,0.904298,-0.2505638,0.9574423,-0.1432548,-0.8692163,-0.2876454,-0.4021483,moving,63.13637,43.71712,-0.6203148,-5.941286
05/11/2023 13:09:50.757901,2342,True,True,True,True,Eyes,0.9602354,0.1739593,-1.982948,-0.8175602,-0.3969787,-0.4171368,0.0,0.0,0.0,0.0,0.0,0.0,0.0,2.172319,-0.2333904,0.00323987,0.8836564,0.1711831,-1.990804,0.067017,-0.8363053,0.1292168,0.5285879,16.67712,244.8049,1.466232,0.4597419,0.07615308,-0.884781,-0.4218771,0.01906862,0.01662363,-0.3483727,-0.5944357,-2.215112,-0.02579501,-0.2072001,1.991,-0.432207,0.02451146,0.9014411,-0.2486982,0.9576235,-0.1452805,-0.8668023,-0.2869781,-0.4077957,moving,62.96835,43.5816,-0.7422715,-5.941288
05/11/2023 13:09:50.778073,2343,True,True,True,True,Eyes,0.9560692,0.1735321,-1.983881,-0.8161609,-0.3971306,-0.4197245,0.0,0.0,0.0,0.0,0.0,0.0,0.0,2.169282,-0.2413636,-0.02107573,0.8720359,0.1691697,-1.993846,0.06605773,-0.8379241,0.1297299,0.5260132,16.67258,244.4637,1.541887,0.4572324,0.07641175,-0.8860582,-0.3965644,0.0179245,0.01562621,-0.3612577,-0.59016,-2.226193,-0.03023431,-0.2072,1.991,-0.4378934,0.02577658,0.8986575,-0.247182,0.9576131,-0.1479132,-0.8643788,-0.2869022,-0.4129609,moving,62.78474,43.41563,-0.8699975,-5.941288
05/11/2023 13:09:50.797783,2344,True,True,True,True,Eyes,0.9516131,0.17304,-1.984919,-0.8146936,-0.3973195,-0.4223879,0.0,0.0,0.0,0.0,0.0,0.0,0.0,2.166261,-0.2500471,-0.04497838,0.8605826,0.1670569,-1.997179,0.06555787,-0.8394178,0.1312812,0.5233022,16.79886,244.1214,1.636435,0.4548036,0.0766286,-0.8872886,-0.3727705,0.01684903,0.01468864,-0.3729323,-0.5889553,-2.237808,-0.0344837,-0.2072,1.991,-0.443714,0.02733859,0.8957513,-0.2474604,0.9569348,-0.1517864,-0.8613253,-0.2890127,-0.4178401,moving,62.59496,43.24832,-0.9922516,-5.941287
05/11/2023 13:09:50.807608,2345,True,True,True,True,Eyes,0.9468735,0.172499,-1.986082,-0.8131987,-0.3973334,-0.4252459,0.0,0.0,0.0,0.0,0.0,0.0,0.0,2.163137,-0.2592744,-0.06949449,0.8491474,0.1648705,-2.000745,0.06458609,-0.841026,0.1323266,0.5205705,16.84739,243.7709,1.744354,0.4524351,0.07680503,-0.8884834,-0.3504043,0.01583809,0.01380732,-0.3841881,-0.5887852,-2.250627,-0.03875765,-0.2071999,1.991,-0.4496701,0.02913355,0.8927197,-0.2464079,0.9566366,-0.1553371,-0.8585338,-0.2898235,-0.4229922,moving,62.39359,43.05653,-1.115203,-5.941285
05/11/2023 13:09:50.827874,2346,True,True,True,True,Eyes,0.9418494,0.1718908,-1.987361,-0.8116754,-0.3973327,-0.4281469,0.0,0.0,0.0,0.0,0.0,0.0,0.0,2.159982,-0.2670784,-0.09346771,0.8373294,0.1631899,-2.004455,0.06406006,-0.8424951,0.133243,0.5180199,16.91076,243.4398,1.803113,0.4501087,0.07694288,-0.8896523,-0.3293801,0.0148878,0.01297888,-0.3950742,-0.5893098,-2.264568,-0.04323852,-0.2071999,1.991,-0.4551036,0.0301045,0.8899297,-0.2459857,0.9562852,-0.1581445,-0.8557874,-0.290882,-0.4278036,moving,62.18901,42.86221,-1.244096,-5.941284
05/11/2023 13:09:50.837918,2347,True,True,True,True,Eyes,0.9365402,0.171226,-1.98874,-0.8101311,-0.3971458,-0.4312342,0.0,0.0,0.0,0.0,0.0,0.0,0.0,2.157123,-0.2728187,-0.1164594,0.8253869,0.1611201,-2.008469,0.06341214,-0.8438284,0.1333606,0.5158948,16.88759,243.153,1.831508,0.447807,0.07704302,-0.8908044,-0.3096173,0.01399453,0.01220015,-0.4047793,-0.5932165,-2.27846,-0.04751268,-0.2071997,1.991001,-0.4596628,0.03058213,0.8875668,-0.244618,0.9563877,-0.1596389,-0.85374,-0.2904949,-0.4321349,moving,61.97355,42.64357,-1.367031,-5.941277
05/11/2023 13:09:50.857806,2348,True,True,True,True,Eyes,0.9309651,0.1705026,-1.990255,-0.8086144,-0.3968453,-0.4343463,0.0,0.0,0.0,0.0,0.0,0.0,0.0,2.154598,-0.2777929,-0.1384017,0.8135238,0.1590344,-2.012835,0.06240536,-0.8450685,0.1327543,0.5141411,16.77077,242.9066,1.857508,0.4455152,0.07710675,-0.8919474,-0.2910402,0.01315486,0.01146814,-0.4147025,-0.5960534,-2.293061,-0.05185845,-0.2071998,1.991001,-0.4635289,0.03103527,0.8855381,-0.2419825,0.9569637,-0.1602026,-0.8523997,-0.2885433,-0.4360704,moving,61.75759,42.41673,-1.492013,-5.94128
05/11/2023 13:09:50.877701,2349,True,True,True,True,Eyes,0.9251466,0.1697123,-1.991898,-0.8070526,-0.3964498,-0.4375998,0.0,0.0,0.0,0.0,0.0,0.0,0.0,2.152228,-0.282604,-0.1604803,0.801538,0.1568787,-2.01758,0.06101808,-0.84633,0.1316025,0.5125263,16.57708,242.6725,1.890398,0.4432196,0.077135,-0.8930879,-0.2735778,0.01236557,0.01078005,-0.4256682,-0.5965871,-2.309006,-0.05627438,-0.2072,1.991,-0.4671874,0.03161663,0.883593,-0.2381823,0.9579151,-0.1602115,-0.8514725,-0.285305,-0.4399954,moving,61.53258,42.17546,-1.618998,-5.941285
05/11/2023 13:09:50.897694,2350,True,True,True,True,Eyes,0.9190947,0.1688825,-1.993688,-0.8054244,-0.3961627,-0.4408477,0.0,0.0,0.0,0.0,0.0,0.0,0.0,2.150142,-0.2872694,-0.1820574,0.7900313,0.154426,-2.022569,0.05992349,-0.8475135,0.1309846,0.5108552,16.45409,242.4393,1.927439,0.4409092,0.07712817,-0.8942313,-0.2571631,0.01162363,0.01013325,-0.4360571,-0.598784,-2.324396,-0.06075916,-0.2072,1.991,-0.470872,0.03225639,0.8816113,-0.2354002,0.9585044,-0.160798,-0.8502151,-0.2832469,-0.4437398,moving,61.30598,41.94408,-1.747947,-5.941287
05/11/2023 13:09:50.908059,2351,True,True,True,True,Eyes,0.9128095,0.1680007,-1.995615,-0.8036909,-0.3957896,-0.4443326,0.0,0.0,0.0,0.0,0.0,0.0,0.0,2.147685,-0.2952751,-0.2042162,0.7783295,0.1526725,-2.027889,0.05968364,-0.8486322,0.1324544,0.5086424,16.59026,242.1658,1.999899,0.4385738,0.0770878,-0.8953825,-0.2417333,0.01092622,0.009525253,-0.4461311,-0.6019622,-2.33966,-0.06501555,-0.2071998,1.991,-0.4754415,0.03344496,0.8791113,-0.2360428,0.9577874,-0.1640949,-0.8474898,-0.2855255,-0.4474774,moving,61.06333,41.69308,-1.870313,-5.941283
05/11/2023 13:09:50.928314,2352,True,True,True,True,Eyes,0.9063199,0.167099,-1.997688,-0.8018661,-0.3955917,-0.4477923,0.0,0.0,0.0,0.0,0.0,0.0,0.0,2.145409,-0.3010728,-0.2285943,0.7666786,0.1504748,-2.033529,0.0586192,-0.8500965,0.132056,0.5064198,16.49266,241.8615,2.037313,0.4362044,0.07701474,-0.8965454,-0.2272293,0.01027064,0.008953737,-0.4554631,-0.6060106,-2.355715,-0.06934667,-0.2072,1.991,-0.4802054,0.03408767,0.8764935,-0.2334155,0.95825,-0.1651489,-0.8455293,-0.2838926,-0.4522002,moving,60.81936,41.45824,-1.994809,-5.941286
05/11/2023 13:09:50.937636,2353,True,True,True,True,Eyes,0.8996059,0.1661963,-1.999923,-0.7999498,-0.3954022,-0.4513728,0.0,0.0,0.0,0.0,0.0,0.0,0.0,2.143081,-0.3084332,-0.2502275,0.7552277,0.1491297,-2.039101,0.05918543,-0.8510918,0.1341527,0.5041259,16.73983,241.5829,2.065536,0.433794,0.07691109,-0.8977231,-0.2135956,0.009654406,0.008416513,-0.4638709,-0.6122662,-2.37119,-0.07348347,-0.2071998,1.991001,-0.4847082,0.0345152,0.8739945,-0.2360041,0.9570003,-0.1686786,-0.842235,-0.2880263,-0.4557202,moving,60.56607,41.21833,-2.113702,-5.941279
05/11/2023 13:09:50.957879,2354,True,True,True,True,Eyes,0.8926919,0.1652993,-2.002326,-0.7981038,-0.3950439,-0.4549402,0.0,0.0,0.0,0.0,0.0,0.0,0.0,2.1413,-0.3151634,-0.2713652,0.7432399,0.14816,-2.045428,0.05870102,-0.8520675,0.1345064,0.5024375,16.75047,241.3626,2.102325,0.4313344,0.07677958,-0.8989187,-0.2007799,0.009075142,0.007911522,-0.4728924,-0.6173083,-2.385353,-0.07782012,-0.2071999,1.991001,-0.4882218,0.03512772,0.8720126,-0.2351966,0.9569244,-0.1702299,-0.84043,-0.2882043,-0.4589293,moving,60.31572,40.96917,-2.23832,-5.941283
05/11/2023 13:09:50.978153,2355,True,True,True,True,Eyes,0.8855819,0.1644055,-2.004875,-0.7961676,-0.3946502,-0.4586595,0.0,0.0,0.0,0.0,0.0,0.0,0.0,2.140077,-0.3188441,-0.2921045,0.7315152,0.1473598,-2.051851,0.05726654,-0.8531419,0.1325736,0.5012919,16.47654,241.1802,2.10384,0.4288198,0.07662293,-0.9001343,-0.1887331,0.008530633,0.007436831,-0.4836703,-0.6186696,-2.39912,-0.08221674,-0.2072,1.991,-0.4908537,0.03520321,0.8705304,-0.2306291,0.9582895,-0.1687937,-0.8401623,-0.2836227,-0.4622611,moving,60.05444,40.71011,-2.36464,-5.941288
05/11/2023 13:09:50.988301,2356,True,True,True,True,Eyes,0.703088,0.1431423,-2.073126,-0.7447491,-0.381506,-0.5475418,0.0,0.0,0.0,0.0,0.0,0.0,0.0,2.139204,-0.3228096,-0.3114505,0.7200674,0.1464433,-2.058508,-0.05641035,0.8539885,-0.1316087,-0.5002007,16.3329,241.0197,2.108907,0.4262452,0.0764435,-0.9013715,-0.1774091,0.008018794,0.006990621,-0.4938495,-0.6203535,-2.413551,-0.08653104,-0.2071999,1.991,-0.4932342,0.035314,0.8691795,-0.2280092,0.958994,-0.1683517,-0.8394831,-0.2812177,-0.4649567,moving,53.67656,34.86729,-2.488571,-5.941285
05/11/2023 13:09:51.010517,2357,True,True,True,True,Eyes,0.702641,0.1431588,-2.073444,-0.7446369,-0.3813402,-0.5478098,0.0,0.0,0.0,0.0,0.0,0.0,0.0,2.137796,-0.3320011,-0.3304639,0.7081984,0.1466247,-2.065565,-0.05489338,0.8548,-0.1313365,-0.4990536,16.21976,240.8717,2.222829,0.4099492,0.07494257,-0.9090239,-0.7142459,-0.05625197,-0.1981808,-0.5038552,-0.6222166,-2.428197,-0.0908972,-0.2071998,1.991001,-0.4958647,0.03724216,0.867601,-0.2249336,0.9594749,-0.1697434,-0.8387631,-0.2793224,-0.4673927,moving,53.65906,34.84246,-2.613968,-5.941278
05/11/2023 13:09:51.027938,2358,True,True,True,True,Eyes,0.7017425,0.1433,-2.074039,-0.7443752,-0.3813441,-0.5481626,0.0,0.0,0.0,0.0,0.0,0.0,0.0,2.135641,-0.3431152,-0.3533254,0.6966273,0.1470286,-2.072829,-0.05214649,0.85619,-0.1300742,-0.497293,15.93822,240.6323,2.388641,0.3967002,0.07368349,-0.9149858,-0.6713911,-0.05287685,-0.1862899,-0.5143581,-0.6226682,-2.44207,-0.09539297,-0.2071998,1.991001,-0.499961,0.04007545,0.8651204,-0.2186646,0.9607229,-0.1708724,-0.8379888,-0.2746007,-0.4715609,moving,53.63184,34.82545,-2.743061,-5.941279
05/11/2023 13:09:51.047837,2359,True,True,True,True,Eyes,0.7003723,0.14355,-2.074913,-0.7439874,-0.3811216,-0.5488433,0.0,0.0,0.0,0.0,0.0,0.0,0.0,2.132033,-0.3636161,-0.3747461,0.684839,0.150216,-2.08006,-0.05091412,0.8572956,-0.1329497,-0.4947487,16.16078,240.3539,2.640965,0.3859196,0.07263454,-0.9196681,-0.6311077,-0.04970424,-0.1751125,-0.5244068,-0.6238885,-2.455291,-0.09959126,-0.2072,1.991001,-0.5052629,0.04425644,0.8618298,-0.2188503,0.9594643,-0.177575,-0.8347538,-0.2783338,-0.4750962,moving,53.58361,34.77645,-2.863589,-5.941286
05/11/2023 13:09:51.057717,2360,True,True,True,True,Eyes,0.6986046,0.1438707,-2.076023,-0.7435625,-0.3807523,-0.5496749,0.0,0.0,0.0,0.0,0.0,0.0,0.0,2.127191,-0.3834892,-0.4022348,0.6722025,0.1529956,-2.08771,-0.04590702,0.8592986,-0.1311574,-0.4922361,15.70003,240.0236,2.99057,0.3771246,0.07176718,-0.9233773,-0.5932412,-0.04672199,-0.1646058,-0.5338236,-0.6254982,-2.468854,-0.1039172,-0.2072,1.991,-0.5111925,0.05022515,0.8579977,-0.2080165,0.9613805,-0.1802125,-0.8339135,-0.2706009,-0.4810029,moving,53.52652,34.70982,-2.987756,-5.941287
05/11/2023 13:09:51.077606,2361,True,True,True,True,Eyes,0.696472,0.1442648,-2.077373,-0.742762,-0.3808588,-0.5506824,0.0,0.0,0.0,0.0,0.0,0.0,0.0,2.123701,-0.3945227,-0.4263148,0.6608651,0.1549847,-2.094454,-0.04350052,0.8608517,-0.129856,-0.4900812,15.43893,239.7279,3.115333,0.3699189,0.07105524,-0.9263425,-0.5576468,-0.04391867,-0.1547294,-0.5422385,-0.6282467,-2.482543,-0.1082811,-0.2071999,1.991,-0.5158565,0.05238494,0.8550721,-0.2021749,0.9624903,-0.1809359,-0.8324769,-0.2662111,-0.485916,moving,53.44683,34.66822,-3.11298,-5.941286
05/11/2023 13:09:51.087839,2362,True,True,True,True,Eyes,0.6939717,0.1447585,-2.078945,-0.7418861,-0.3810454,-0.5517331,0.0,0.0,0.0,0.0,0.0,0.0,0.0,2.120957,-0.4059606,-0.4457204,0.6496969,0.1572365,-2.101213,-0.04562058,0.8615541,-0.133764,-0.4875967,15.96075,239.4488,3.090599,0.3639759,0.07047653,-0.9287377,-0.5241879,-0.04128355,-0.1454457,-0.550607,-0.6304106,-2.495551,-0.1125317,-0.2071998,1.991001,-0.5203367,0.05183658,0.8523867,-0.209055,0.960052,-0.186001,-0.8279772,-0.2749788,-0.4887135,moving,53.36219,34.63026,-3.234926,-5.94128
05/11/2023 13:09:51.107602,2363,True,True,True,True,Eyes,0.6911743,0.1453094,-2.08073,-0.7407959,-0.381462,-0.5529088,0.0,0.0,0.0,0.0,0.0,0.0,0.0,2.118096,-0.4184443,-0.4645474,0.6383312,0.1601436,-2.108108,-0.04527224,0.8623587,-0.135089,-0.4858383,16.08007,239.2406,3.172737,0.3590275,0.07001366,-0.9306968,-0.4927366,-0.03880654,-0.1367189,-0.5650814,-0.6170086,-2.512356,-0.1172251,-0.2071999,1.991001,-0.5238233,0.053181,0.8501652,-0.2093447,0.9594027,-0.1890005,-0.8257021,-0.2769804,-0.4914244,moving,53.2634,34.60251,-3.369541,-5.941282
05/11/2023 13:09:51.127446,2364,True,True,True,True,Eyes,0.6880857,0.1458786,-2.082683,-0.7396,-0.3819495,-0.5541719,0.0,0.0,0.0,0.0,0.0,0.0,0.0,2.113994,-0.4343641,-0.4833758,0.6279824,0.162076,-2.114394,-0.04461475,0.8632707,-0.1375761,-0.4835764,16.3008,238.9917,3.346512,0.3546147,0.06963226,-0.9324157,-0.4631724,-0.03647814,-0.1285158,-0.57844,-0.6028072,-2.530201,-0.1215363,-0.2071999,1.991,-0.528327,0.05602787,0.8471906,-0.2100863,0.9581647,-0.1943815,-0.8226389,-0.2806801,-0.4944536,moving,53.15629,34.5756,-3.493163,-5.941285
05/11/2023 13:09:51.138017,2365,True,True,True,True,Eyes,0.6847339,0.1464549,-2.084779,-0.7382113,-0.3826478,-0.55554,0.0,0.0,0.0,0.0,0.0,0.0,0.0,2.110067,-0.4440944,-0.5046015,0.6178459,0.1631053,-2.120351,-0.04453002,0.86445,-0.1388121,-0.4811181,16.42982,238.6855,3.381889,0.3504849,0.06931122,-0.9339998,-0.4353821,-0.03428945,-0.1208048,-0.5848435,-0.6035126,-2.550206,-0.1257229,-0.2072,1.991001,-0.5330851,0.05658205,0.8441677,-0.210558,0.9574966,-0.1971438,-0.8194425,-0.2828405,-0.4985134,moving,53.03675,34.5585,-3.613177,-5.941287
05/11/2023 13:09:51.158278,2366,True,True,True,True,Eyes,0.681131,0.1470802,-2.087027,-0.7367285,-0.3834905,-0.5569256,0.0,0.0,0.0,0.0,0.0,0.0,0.0,2.104698,-0.460389,-0.5240338,0.6081029,0.1639852,-2.125945,-0.04361485,0.8655066,-0.1414569,-0.478525,16.65483,238.3997,3.583645,0.3465979,0.06904481,-0.9354689,-0.4092592,-0.03223209,-0.1135566,-0.5996674,-0.5829135,-2.571464,-0.1301925,-0.2071999,1.991002,-0.5382234,0.05988346,0.8406723,-0.2108792,0.9561753,-0.2031222,-0.8159938,-0.2866054,-0.5020077,moving,52.91276,34.55071,-3.741269,-5.94128
05/11/2023 13:09:51.177985,2367,True,True,True,True,Eyes,0.6772848,0.1477673,-2.089432,-0.7351407,-0.3840741,-0.558619,0.0,0.0,0.0,0.0,0.0,0.0,0.0,2.096096,-0.4909589,-0.5438201,0.5984061,0.1658665,-2.131853,-0.03976028,0.8667651,-0.1453514,-0.4754055,16.84452,238.1028,4.150792,0.3429178,0.06882967,-0.9368399,-0.3847036,-0.03029816,-0.1067432,-0.5990498,-0.5968156,-2.590101,-0.1344133,-0.2071998,1.991001,-0.5448175,0.06927606,0.8356882,-0.2071273,0.9545842,-0.2141665,-0.8125713,-0.2897755,-0.5057252,moving,52.76952,34.51017,-3.862202,-5.941281
05/11/2023 13:09:51.197474,2368,True,True,True,True,Eyes,0.6731952,0.1485112,-2.091969,-0.7335572,-0.384369,-0.5604948,0.0,0.0,0.0,0.0,0.0,0.0,0.0,2.08544,-0.5191869,-0.5693407,0.58825,0.1681107,-2.137397,-0.03345394,0.8687915,-0.1457317,-0.472064,16.54724,237.7273,4.754898,0.3394127,0.06866335,-0.9381278,-0.3616214,-0.02848027,-0.1003386,-0.6034917,-0.5996308,-2.609301,-0.138644,-0.2071999,1.991,-0.5520728,0.07946038,0.8300011,-0.1957184,0.9552862,-0.2216361,-0.8104998,-0.2848057,-0.5118358,moving,52.61736,34.44105,-3.983383,-5.941286
05/11/2023 13:09:51.207818,2369,True,True,True,True,Eyes,0.6688514,0.1492943,-2.094608,-0.731797,-0.3842736,-0.562856,0.0,0.0,0.0,0.0,0.0,0.0,0.0,2.076121,-0.5370374,-0.5979731,0.578268,0.1701911,-2.143105,-0.02810708,0.8710925,-0.1437989,-0.4687535,16.07378,237.2955,5.125485,0.3360537,0.06854338,-0.939345,-0.3399241,-0.02677146,-0.09431826,-0.6107599,-0.5955296,-2.626578,-0.1432372,-0.2072,1.991,-0.5589604,0.08584477,0.8247387,-0.1837803,0.9570637,-0.2241738,-0.8085717,-0.276875,-0.5191841,moving,52.43459,34.32217,-4.114904,-5.941288
05/11/2023 13:09:51.227604,2370,True,True,True,True,Eyes,0.6642957,0.1500651,-2.097367,-0.7300224,-0.3837463,-0.565514,0.0,0.0,0.0,0.0,0.0,0.0,0.0,2.067358,-0.5453589,-0.6303599,0.568086,0.1717584,-2.148608,-0.02378798,0.8737174,-0.1400208,-0.4652381,15.47461,236.7871,5.281848,0.3328146,0.06846687,-0.9405031,-0.3195286,-0.02516517,-0.08865916,-0.615423,-0.5977404,-2.642775,-0.1474138,-0.2071999,1.991001,-0.5659758,0.08871801,0.8196347,-0.1718539,0.9596566,-0.222543,-0.8063115,-0.2668113,-0.5278959,moving,52.23674,34.16002,-4.234456,-5.941281
05/11/2023 13:09:51.238011,2371,True,True,True,True,Eyes,0.6595699,0.1507839,-2.100234,-0.7279153,-0.3832367,-0.5685675,0.0,0.0,0.0,0.0,0.0,0.0,0.0,2.059012,-0.5466319,-0.666075,0.5583868,0.1721369,-2.154197,-0.0199763,0.8766591,-0.1349481,-0.4613663,14.77594,236.2028,5.310729,0.3296738,0.06842876,-0.9416113,-0.3003569,-0.02365526,-0.08333961,-0.6267669,-0.5834326,-2.661169,-0.1518078,-0.2072,1.991,-0.5734843,0.08949622,0.8143135,-0.1595458,0.9627799,-0.2181742,-0.8035305,-0.2550398,-0.5378605,moving,52.00696,33.98151,-4.360197,-5.941286
05/11/2023 13:09:51.258039,2372,True,True,True,True,Eyes,0.6546661,0.1514986,-2.103192,-0.7255178,-0.3829761,-0.5717983,0.0,0.0,0.0,0.0,0.0,0.0,0.0,2.048157,-0.5527565,-0.7014775,0.5490654,0.1716445,-2.159079,-0.01805789,0.8795315,-0.1335755,-0.4563507,14.56329,235.5291,5.344403,0.3266134,0.06842268,-0.9426777,-0.2823355,-0.02223594,-0.07833923,-0.6355994,-0.5751899,-2.677875,-0.1560112,-0.2072,1.991001,-0.582836,0.09014963,0.8075739,-0.1536795,0.963663,-0.2184863,-0.7979255,-0.2514492,-0.5478033,moving,51.75749,33.81318,-4.480439,-5.941286
05/11/2023 13:09:51.278032,2373,True,True,True,True,Eyes,0.6495855,0.1521935,-2.106219,-0.7226791,-0.382983,-0.5753772,0.0,0.0,0.0,0.0,0.0,0.0,0.0,2.035397,-0.5674567,-0.7347765,0.5397457,0.1723161,-2.164191,-0.01821898,0.8821239,-0.1364208,-0.4504609,14.8977,234.8078,5.389083,0.323617,0.06844507,-0.9437089,-0.2653954,-0.02090179,-0.07363888,-0.6438585,-0.5705536,-2.692652,-0.1604731,-0.2071999,1.991,-0.5935064,0.09076168,0.7996955,-0.1550473,0.9621149,-0.2242662,-0.7897536,-0.257094,-0.556949,moving,51.47416,33.64856,-4.608035,-5.941284
05/11/2023 13:09:51.297708,2374,True,True,True,True,Eyes,0.6443645,0.1528606,-2.109298,-0.719547,-0.3832881,-0.5790874,0.0,0.0,0.0,0.0,0.0,0.0,0.0,2.021788,-0.5770715,-0.7710326,0.530284,0.1725577,-2.168906,-0.01792069,0.885041,-0.1373315,-0.4444339,15.01175,234.0358,5.367339,0.3206706,0.06849213,-0.9447108,-0.2494716,-0.01964768,-0.06922054,-0.6557915,-0.5591698,-2.705668,-0.1646307,-0.2072002,1.991,-0.6043149,0.0903485,0.7916065,-0.1537907,0.9616378,-0.2271589,-0.7817622,-0.2590172,-0.5672373,moving,51.17308,33.4999,-4.726888,-5.941292
05/11/2023 13:09:51.307658,2375,True,True,True,True,Eyes,0.6389843,0.1535089,-2.112398,-0.7159974,-0.3841398,-0.5829102,0.0,0.0,0.0,0.0,0.0,0.0,0.0,2.010002,-0.5853369,-0.8011723,0.5215482,0.1726044,-2.1732,-0.02033532,0.8872902,-0.1404308,-0.4388415,15.48902,233.339,5.189616,0.3177626,0.06856005,-0.9456879,-0.2345033,-0.01846882,-0.06506731,-0.666527,-0.5507846,-2.717734,-0.1689746,-0.2072001,1.991,-0.6140095,0.08716701,0.7844709,-0.1593404,0.9597314,-0.2313577,-0.773048,-0.2670537,-0.575395,moving,50.85016,33.38502,-4.851022,-5.941288
05/11/2023 13:09:51.328014,2376,True,True,True,True,Eyes,0.6334734,0.1541341,-2.115555,-0.7122861,-0.385131,-0.5867901,0.0,0.0,0.0,0.0,0.0,0.0,0.0,1.99933,-0.5949199,-0.82637,0.512696,0.172809,-2.177479,-0.02375597,0.8889458,-0.144784,-0.4338763,16.14234,232.7389,4.980936,0.3148828,0.06864591,-0.9466445,-0.2204331,-0.01736069,-0.06116328,-0.6760029,-0.5432548,-2.73237,-0.1733055,-0.2072,1.991,-0.6223741,0.08340114,0.7782639,-0.1678722,0.9569465,-0.2367959,-0.764506,-0.2780246,-0.581578,moving,50.51788,33.27831,-4.974741,-5.941289
05/11/2023 13:09:51.347320,2377,True,True,True,True,Eyes,0.6278238,0.1547417,-2.118723,-0.708358,-0.3863669,-0.5907194,0.0,0.0,0.0,0.0,0.0,0.0,0.0,1.98887,-0.6028169,-0.8520093,0.5039481,0.1729076,-2.181983,-0.02490292,0.8906972,-0.1466706,-0.4295653,16.4198,232.1991,4.88285,0.3120227,0.06874677,-0.9475838,-0.2072072,-0.01631905,-0.05749348,-0.6817486,-0.5413493,-2.749156,-0.1776502,-0.2071999,1.991001,-0.6297075,0.08164725,0.7725301,-0.1703711,0.9557352,-0.2398833,-0.75792,-0.282673,-0.5879232,moving,50.17434,33.18716,-5.098804,-5.941283
05/11/2023 13:09:51.357874,2378,True,True,True,True,Eyes,0.6220569,0.1553478,-2.121933,-0.7042903,-0.3877114,-0.5946889,0.0,0.0,0.0,0.0,0.0,0.0,0.0,1.977178,-0.6170696,-0.8745434,0.495495,0.1730668,-2.186176,-0.02613072,0.8921418,-0.1505287,-0.4251369,16.90611,231.6843,4.878401,0.3091745,0.06886034,-0.9485087,-0.1947747,-0.0153399,-0.05404387,-0.6838732,-0.546103,-2.767881,-0.1820794,-0.2071998,1.991001,-0.6371517,0.08136603,0.7664316,-0.1746152,0.9533165,-0.2463677,-0.750698,-0.2908042,-0.5931996,moving,49.82291,33.10261,-5.225233,-5.941279
05/11/2023 13:09:51.378043,2379,True,True,True,True,Eyes,0.6161646,0.1559591,-2.125181,-0.7001718,-0.3887466,-0.5988618,0.0,0.0,0.0,0.0,0.0,0.0,0.0,1.964344,-0.6298387,-0.8998027,0.4868212,0.1736734,-2.190396,-0.02601052,0.8939207,-0.1525895,-0.420649,17.13885,231.1413,4.914845,0.3063317,0.06898521,-0.9494215,-0.1830882,-0.01441951,-0.05080124,-0.687965,-0.5436028,-2.788904,-0.1864333,-0.2071998,1.991001,-0.6447557,0.0818705,0.7599915,-0.1748759,0.9520798,-0.2509232,-0.7441157,-0.2946883,-0.5995417,moving,49.4594,32.98931,-5.349463,-5.941281
05/11/2023 13:09:51.397790,2380,True,True,True,True,Eyes,0.6101662,0.156553,-2.12847,-0.6959633,-0.3896427,-0.6031697,0.0,0.0,0.0,0.0,0.0,0.0,0.0,1.951175,-0.635897,-0.9297905,0.4780425,0.1743538,-2.194774,-0.02438572,0.8962446,-0.1513471,-0.4162272,16.95306,230.5573,4.934469,0.3034882,0.06912037,-0.9503244,-0.1721029,-0.01355434,-0.04775317,-0.6857384,-0.5550231,-2.808801,-0.19076,-0.2071999,1.991001,-0.6523208,0.08227842,0.7534641,-0.1697007,0.9529988,-0.2509881,-0.7387013,-0.2915881,-0.6076983,moving,49.08555,32.86213,-5.472865,-5.941281
05/11/2023 13:09:51.407970,2381,True,True,True,True,Eyes,0.6040549,0.1571228,-2.131808,-0.6917133,-0.3902582,-0.607644,0.0,0.0,0.0,0.0,0.0,0.0,0.0,1.937345,-0.6404223,-0.9607089,0.4694127,0.1745078,-2.199001,-0.02311501,0.8986502,-0.1501171,-0.4115315,16.78796,229.9358,4.914101,0.3006398,0.06926391,-0.951219,-0.1617768,-0.01274108,-0.04488797,-0.6839815,-0.5649608,-2.829506,-0.1949723,-0.2072,1.991001,-0.660215,0.08201121,0.7465858,-0.1651004,0.9538611,-0.2507804,-0.732706,-0.2888306,-0.6162133,moving,48.70192,32.71053,-5.592957,-5.941285
05/11/2023 13:09:51.427819,2382,True,True,True,True,Eyes,0.5978514,0.1576496,-2.135191,-0.6873148,-0.3907336,-0.6123117,0.0,0.0,0.0,0.0,0.0,0.0,0.0,1.922496,-0.6418923,-0.9951017,0.4606047,0.1744296,-2.203557,-0.02162718,0.9013776,-0.1478433,-0.4064397,16.50539,229.2471,4.857604,0.2977813,0.0694138,-0.9521068,-0.1520702,-0.01197661,-0.0421947,-0.6816534,-0.5744861,-2.850527,-0.199458,-0.2071999,1.991,-0.6686782,0.08119028,0.7391061,-0.1591673,0.9553493,-0.248945,-0.7263164,-0.2841055,-0.6258985,moving,48.30295,32.54311,-5.720792,-5.941284
05/11/2023 13:09:51.437913,2383,True,True,True,True,Eyes,0.5915359,0.1581413,-2.138598,-0.6826842,-0.3911107,-0.6172315,0.0,0.0,0.0,0.0,0.0,0.0,0.0,1.905637,-0.6446139,-1.030904,0.4520838,0.1738933,-2.207969,-0.02037916,0.9042482,-0.1462535,-0.4006617,16.3097,228.4836,4.801814,0.29491,0.06956729,-0.9529889,-0.142946,-0.01125802,-0.03966302,-0.679634,-0.5834131,-2.871271,-0.2038277,-0.2071998,1.991001,-0.6781095,0.08034074,0.7305563,-0.154052,0.9563892,-0.2481687,-0.7186342,-0.2808293,-0.63616,moving,47.8825,32.36052,-5.845261,-5.941278
05/11/2023 13:09:51.457962,2384,True,True,True,True,Eyes,0.5851304,0.1585885,-2.142047,-0.67783,-0.3914511,-0.6223444,0.0,0.0,0.0,0.0,0.0,0.0,0.0,1.886526,-0.649808,-1.067767,0.4434176,0.1734613,-2.212385,-0.01978865,0.9071904,-0.1457992,-0.3941532,16.26825,227.643,4.722309,0.2920222,0.06972242,-0.9538665,-0.1343692,-0.01058254,-0.03728323,-0.6815188,-0.5851209,-2.891145,-0.207875,-0.2072001,1.991,-0.6885035,0.07903029,0.7209143,-0.1508386,0.9567021,-0.2489357,-0.7093737,-0.2801348,-0.6467718,moving,47.44364,32.16965,-5.960504,-5.94129
05/11/2023 13:09:51.478071,2385,True,True,True,True,Eyes,0.5786281,0.1589866,-2.145525,-0.6724592,-0.3918091,-0.6279206,0.0,0.0,0.0,0.0,0.0,0.0,0.0,1.866465,-0.6537766,-1.105425,0.4347316,0.1728278,-2.216803,-0.01940021,0.9101883,-0.1452031,-0.3874239,16.2218,226.7718,4.611287,0.2891158,0.06987688,-0.9547403,-0.1263071,-0.009947584,-0.03504624,-0.6830815,-0.5891001,-2.909135,-0.2121241,-0.2071998,1.991001,-0.6990529,0.07719456,0.7108912,-0.1478259,0.9570794,-0.249292,-0.6996233,-0.2793564,-0.6576379,moving,46.96164,31.96329,-6.081435,-5.941281
05/11/2023 13:09:51.497790,2386,True,True,True,True,Eyes,0.5720407,0.159334,-2.149044,-0.666852,-0.3922212,-0.6336174,0.0,0.0,0.0,0.0,0.0,0.0,0.0,1.845441,-0.6595979,-1.141744,0.4259852,0.1720167,-2.221091,-0.01935299,0.9130232,-0.1454522,-0.3806019,16.28015,225.903,4.503967,0.2861886,0.07002842,-0.9556107,-0.1187286,-0.009350729,-0.03294346,-0.6849224,-0.5937312,-2.926732,-0.2165627,-0.2071998,1.991001,-0.7095355,0.07537933,0.7006266,-0.1460582,0.9569383,-0.2508709,-0.6893669,-0.2803341,-0.667972,moving,46.46393,31.75829,-6.207701,-5.941281
05/11/2023 13:09:51.507839,2387,True,True,True,True,Eyes,0.5653512,0.1596298,-2.152586,-0.6607984,-0.3926039,-0.6396934,0.0,0.0,0.0,0.0,0.0,0.0,0.0,1.822979,-0.6679415,-1.177792,0.417232,0.1711596,-2.225582,-0.01891084,0.9158092,-0.1461261,-0.3736081,16.36634,225.0276,4.456299,0.2832384,0.07017496,-0.9564785,-0.1116049,-0.008789686,-0.03096686,-0.685312,-0.5995939,-2.944869,-0.2208801,-0.2072001,1.991,-0.7201189,0.07455032,0.6898342,-0.1438252,0.9565791,-0.2535168,-0.6787807,-0.2817778,-0.6781285,moving,45.92974,31.53901,-6.330467,-5.941291
05/11/2023 13:09:51.527839,2388,True,True,True,True,Eyes,0.5585834,0.1598727,-2.156166,-0.6545039,-0.3930437,-0.6458647,0.0,0.0,0.0,0.0,0.0,0.0,0.0,1.798909,-0.6750978,-1.215124,0.4083172,0.1701832,-2.229949,-0.01798428,0.9187183,-0.146171,-0.366425,16.36526,224.1255,4.42789,0.2802636,0.07031461,-0.9573441,-0.1049086,-0.008262305,-0.02910885,-0.6872556,-0.603556,-2.962636,-0.225297,-0.2071999,1.991,-0.7308187,0.07407642,0.6785402,-0.1401664,0.9566212,-0.2554002,-0.6680251,-0.2817597,-0.6887336,moving,45.38065,31.32278,-6.455999,-5.941287
05/11/2023 13:09:51.547433,2389,True,True,True,True,Eyes,0.5517346,0.1600655,-2.1598,-0.647822,-0.3934717,-0.6523087,0.0,0.0,0.0,0.0,0.0,0.0,0.0,1.774128,-0.6835887,-1.251353,0.3995439,0.1691686,-2.23438,-0.01747956,0.9214963,-0.1468934,-0.3591121,16.45592,223.2163,4.382696,0.2772635,0.07044555,-0.9582077,-0.0986141,-0.007766566,-0.02736231,-0.6914049,-0.6042363,-2.979547,-0.229547,-0.2072,1.991,-0.7414661,0.07328766,0.666976,-0.1377171,0.9562336,-0.2581691,-0.6567056,-0.2832777,-0.6989219,moving,44.80228,31.09833,-6.576725,-5.941288
05/11/2023 13:09:51.557852,2390,True,True,True,True,Eyes,0.5447949,0.1601971,-2.16347,-0.640943,-0.3938188,-0.6588618,0.0,0.0,0.0,0.0,0.0,0.0,0.0,1.747661,-0.6894248,-1.289988,0.3902961,0.1682141,-2.238989,-0.01650192,0.9244732,-0.146537,-0.3515736,16.412,222.2688,4.336072,0.2742364,0.07056624,-0.9590696,0.0,0.0,0.0,-0.6953425,-0.6064967,-2.995517,-0.233809,-0.2072001,1.991,-0.7522473,0.07252591,0.6548769,-0.1335482,0.9565092,-0.2593358,-0.6452043,-0.2825423,-0.7098457,moving,44.21019,30.86786,-6.697736,-5.941291
05/11/2023 13:09:51.577846,2391,True,True,True,True,Eyes,0.5377501,0.1602746,-2.167174,-0.6337703,-0.3941487,-0.6655689,0.0,0.0,0.0,0.0,0.0,0.0,0.0,1.720087,-0.6945558,-1.328585,0.3810474,0.1668603,-2.243481,-0.01465985,0.9274433,-0.1456327,-0.34413,16.27345,221.3392,4.363814,0.2711813,0.07067486,-0.9599298,0.0,0.0,0.0,-0.6972827,-0.6131606,-3.011152,-0.2383513,-0.2072001,1.991,-0.7627196,0.07304083,0.6425919,-0.1274255,0.9571524,-0.2600424,-0.6340521,-0.280222,-0.7207316,moving,43.59808,30.63394,-6.826638,-5.941288
05/11/2023 13:09:51.587447,2392,True,True,True,True,Eyes,0.530599,0.1602956,-2.170909,-0.6264548,-0.3943877,-0.6723189,0.0,0.0,0.0,0.0,0.0,0.0,0.0,1.691496,-0.7020556,-1.365355,0.3712866,0.1656467,-2.247875,-0.01270986,0.9301943,-0.1453498,-0.3368242,16.19868,220.4423,4.435668,0.2680966,0.07077011,-0.9607889,0.0,0.0,0.0,-0.700076,-0.6174493,-3.027254,-0.242537,-0.2071999,1.991001,-0.7727761,0.07426933,0.6303186,-0.1215599,0.9574238,-0.2618451,-0.6229291,-0.278969,-0.730846,moving,42.97753,30.39623,-6.94536,-5.941283
05/11/2023 13:09:51.608035,2393,True,True,True,True,Eyes,0.5233415,0.1602901,-2.174677,-0.6189054,-0.3946338,-0.6791321,0.0,0.0,0.0,0.0,0.0,0.0,0.0,1.664243,-0.7063062,-1.400711,0.361472,0.1642948,-2.252312,-0.01072134,0.9327822,-0.1443454,-0.3301013,16.04331,219.6102,4.49357,0.2649808,0.07085073,-0.9616469,0.0,0.0,0.0,-0.7030575,-0.6215415,-3.043467,-0.2472364,-0.2071999,1.991001,-0.7818363,0.07529585,0.6189204,-0.1152985,0.9580989,-0.2622073,-0.6127301,-0.2763638,-0.7403951,moving,42.34348,30.16025,-7.078579,-5.941281
05/11/2023 13:09:51.627752,2394,True,True,True,True,Eyes,0.5159643,0.1602149,-2.178474,-0.6112243,-0.3947321,-0.6859967,0.0,0.0,0.0,0.0,0.0,0.0,0.0,1.637218,-0.713443,-1.432487,0.3519175,0.1626466,-2.25637,-0.009173034,0.935036,-0.1445599,-0.3236139,16.03798,218.824,4.560019,0.2618325,0.07091691,-0.9625041,0.0,0.0,0.0,-0.7082289,-0.623103,-3.058785,-0.2512625,-0.2072,1.991,-0.7903798,0.07640897,0.6078334,-0.1107174,0.9580366,-0.2644004,-0.6025292,-0.2762745,-0.7487529,moving,41.7011,29.91673,-7.192657,-5.941287
05/11/2023 13:09:51.637614,2395,True,True,True,True,Eyes,0.5085453,0.160045,-2.182284,-0.6033061,-0.394946,-0.6928488,0.0,0.0,0.0,0.0,0.0,0.0,0.0,1.607767,-0.7147328,-1.469042,0.3415522,0.1608677,-2.260819,-0.00673351,0.9376821,-0.1427601,-0.316744,15.78288,217.9726,4.637849,0.25865,0.0709669,-0.9633605,0.0,0.0,0.0,-0.714915,-0.6216754,-3.074337,-0.2557551,-0.2072,1.990999,-0.7992561,0.07780899,0.5959328,-0.1030646,0.9591484,-0.2634615,-0.5920877,-0.2719927,-0.7585859,moving,41.0481,29.68452,-7.31988,-5.941289
05/11/2023 13:09:51.658270,2396,True,True,True,True,Eyes,0.5009901,0.159868,-2.186115,-0.5951897,-0.3952861,-0.6996414,0.0,0.0,0.0,0.0,0.0,0.0,0.0,1.579056,-0.7229731,-1.499227,0.3315947,0.1595498,-2.264592,-0.0069728,0.9397632,-0.1442171,-0.3098355,15.9847,217.1335,4.549987,0.2554351,0.07099806,-0.9642156,0.0,0.0,0.0,-0.7228913,-0.6178661,-3.090211,-0.2600695,-0.2071998,1.991001,-0.8079069,0.07626159,0.5843552,-0.1024727,0.9583056,-0.266739,-0.5803328,-0.2753807,-0.766407,moving,40.38804,29.46575,-7.441984,-5.941281
05/11/2023 13:09:51.677873,2397,True,True,True,True,Eyes,0.4933324,0.1596625,-2.189981,-0.5869401,-0.3953505,-0.7065404,0.0,0.0,0.0,0.0,0.0,0.0,0.0,1.547678,-0.73524,-1.529826,0.3206262,0.1592298,-2.268942,-0.006243277,0.941819,-0.1458793,-0.3027497,16.17453,216.2903,4.572787,0.2521853,0.07101192,-0.9650696,0.0,0.0,0.0,-0.7294496,-0.616651,-3.105882,-0.2644522,-0.2072001,1.991,-0.8166074,0.07656974,0.5720922,-0.1000899,0.9573605,-0.2710035,-0.5684492,-0.2785641,-0.7741237,moving,39.71723,29.22956,-7.565958,-5.941289
05/11/2023 13:09:51.697654,2398,True,True,True,True,Eyes,0.4855635,0.1594132,-2.193839,-0.5784936,-0.3956359,-0.7133144,0.0,0.0,0.0,0.0,0.0,0.0,0.0,1.518873,-0.7271249,-1.566055,0.3097507,0.1583409,-2.273147,-0.004323833,0.9444288,-0.1419781,-0.2964422,15.7083,215.4776,4.528694,0.2489,0.07100885,-0.9659223,0.0,0.0,0.0,-0.7323712,-0.6232482,-3.121017,-0.2686824,-0.2072002,1.990999,-0.8242069,0.07600945,0.5611647,-0.09234367,0.9596471,-0.2656128,-0.5587091,-0.2707399,-0.7839288,moving,39.04184,29.0147,-7.685552,-5.941298
05/11/2023 13:09:51.713290,2399,True,True,True,True,Eyes,0.4776909,0.1591401,-2.197716,-0.5698302,-0.3959458,-0.7200837,0.0,0.0,0.0,0.0,0.0,0.0,0.0,1.489287,-0.7391608,-1.591802,0.2991686,0.1570797,-2.276838,-0.005152197,0.9460542,-0.1447265,-0.2898432,16.0708,214.6921,4.425514,0.2455785,0.07098863,-0.9667736,0.0,0.0,0.0,-0.7372557,-0.6226147,-3.139023,-0.273114,-0.2072002,1.991,-0.8319287,0.07414747,0.5499061,-0.0936445,0.9580554,-0.2708516,-0.5469235,-0.2768249,-0.7900903,moving,38.35593,28.80467,-7.810762,-5.941295
05/11/2023 13:09:51.728245,2400,True,True,True,True,Eyes,0.4697018,0.1588481,-2.201578,-0.5610114,-0.3962452,-0.7268122,0.0,0.0,0.0,0.0,0.0,0.0,0.0,1.456188,-0.7477722,-1.621755,0.2881218,0.1563171,-2.280852,-0.004072054,0.948065,-0.145503,-0.2828163,16.15256,213.8529,4.453224,0.2422202,0.07095187,-0.9676231,0.0,0.0,0.0,-0.7382484,-0.6321994,-3.154036,-0.2775141,-0.2072002,1.990999,-0.8399967,0.07458008,0.5374416,-0.09002237,0.9576247,-0.2735893,-0.5350714,-0.2781959,-0.7976876,moving,37.66381,28.59844,-7.93501,-5.941295
05/11/2023 13:09:51.741502,2401,True,True,True,True,Eyes,0.4615974,0.1585643,-2.205441,-0.5519939,-0.3966576,-0.7334613,0.0,0.0,0.0,0.0,0.0,0.0,0.0,1.422628,-0.7527789,-1.6519,0.2771902,0.155571,-2.284355,-0.002910281,0.9501431,-0.1454123,-0.2758169,16.13672,213.0074,4.459082,0.2388244,0.07089947,-0.9684706,0.0,0.0,0.0,-0.7435588,-0.6338418,-3.169945,-0.2821763,-0.2072,1.991001,-0.8478333,0.07468399,0.5249776,-0.08574472,0.9576936,-0.2747196,-0.5232848,-0.2779304,-0.8055608,moving,36.96467,28.40462,-8.066569,-5.941285
05/11/2023 13:09:51.764828,2402,True,True,True,True,Eyes,0.453364,0.1583491,-2.20932,-0.542814,-0.3971094,-0.7400385,0.0,0.0,0.0,0.0,0.0,0.0,0.0,1.388866,-0.7643321,-1.678445,0.2658722,0.1555487,-2.28811,-0.002998491,0.9518579,-0.1473412,-0.2687905,16.38604,212.1707,4.393808,0.2353903,0.07083333,-0.9693158,0.0,0.0,0.0,-0.7530539,-0.6259607,-3.186253,-0.2860488,-0.2072002,1.991,-0.8554856,0.07349956,0.5125843,-0.08491611,0.9565631,-0.2788838,-0.5108171,-0.2821077,-0.8120847,moving,36.25983,28.21829,-8.175789,-5.941294
05/11/2023 13:09:51.777647,2403,True,True,True,True,Eyes,0.4450006,0.1582423,-2.21321,-0.5330713,-0.3975641,-0.7468452,0.0,0.0,0.0,0.0,0.0,0.0,0.0,1.352644,-0.7750418,-1.707068,0.2543902,0.1569932,-2.29239,-0.00150257,0.9537736,-0.1479934,-0.2615567,16.44473,211.3153,4.458142,0.2319165,0.07075784,-0.9701583,0.0,0.0,0.0,-0.7608467,-0.622421,-3.201794,-0.2904353,-0.2072002,1.990999,-0.8631718,0.07455106,0.4993763,-0.0802835,0.9561914,-0.2815183,-0.4984868,-0.2830903,-0.8193723,moving,35.51789,28.02747,-8.299435,-5.941295
05/11/2023 13:09:51.798105,2404,True,True,True,True,Eyes,0.4365307,0.1582226,-2.21711,-0.5230589,-0.3980215,-0.75365,0.0,0.0,0.0,0.0,0.0,0.0,0.0,1.314072,-0.7869862,-1.735808,0.2428984,0.1594744,-2.296679,0.0001755298,0.9557334,-0.1486578,-0.2539183,16.50299,210.4153,4.536114,0.2284017,0.07067864,-0.9709976,0.0,0.0,0.0,-0.7690313,-0.6192852,-3.216672,-0.2947202,-0.2071998,1.991001,-0.8710507,0.07582941,0.4853043,-0.07515837,0.9558017,-0.2842436,-0.4854087,-0.2840653,-0.8268525,moving,34.76197,27.83966,-8.420129,-5.941281
05/11/2023 13:09:51.812775,2405,True,True,True,True,Eyes,0.427982,0.1583186,-2.221026,-0.5124885,-0.3985812,-0.7605844,0.0,0.0,0.0,0.0,0.0,0.0,0.0,1.271843,-0.7930528,-1.76832,0.2316868,0.1615302,-2.300805,0.0004459698,0.9580761,-0.1485273,-0.2450097,16.52193,209.3296,4.40506,0.2248457,0.07059991,-0.9718329,0.0,0.0,0.0,-0.7770107,-0.6107459,-3.234978,-0.2990048,-0.2071997,1.991001,-0.8799401,0.07363579,0.4693433,-0.07192669,0.9558789,-0.2848194,-0.4696082,-0.2843823,-0.8358197,moving,33.97244,27.65661,-8.540746,-5.941277
05/11/2023 13:09:51.828230,2406,True,True,True,True,Eyes,0.4193391,0.1585,-2.224957,-0.501654,-0.3992301,-0.7674363,0.0,0.0,0.0,0.0,0.0,0.0,0.0,1.230274,-0.8071922,-1.795416,0.2206748,0.1644369,-2.304976,-0.001264665,0.9599463,-0.1509235,-0.2360585,16.87915,208.243,4.124506,0.2212493,0.07052655,-0.9726632,0.0,0.0,0.0,-0.7785923,-0.6161681,-3.250528,-0.3032445,-0.2072,1.991001,-0.8885497,0.06882554,0.4535887,-0.07368157,0.954441,-0.2891599,-0.4528252,-0.290354,-0.8429972,moving,33.17165,27.48402,-8.660027,-5.941286
05/11/2023 13:09:51.837512,2407,True,True,True,True,Eyes,0.4106607,0.1587623,-2.228893,-0.4904847,-0.3997961,-0.7743305,0.0,0.0,0.0,0.0,0.0,0.0,0.0,1.186263,-0.818771,-1.824016,0.2095769,0.1666764,-2.309315,-0.0009821609,0.9619299,-0.1520905,-0.2270653,17.04045,207.1672,4.029156,0.2176135,0.07046168,-0.9734879,0.0,0.0,0.0,-0.7877883,-0.6004168,-3.271944,-0.3075739,-0.2071999,1.991,-0.896881,0.06717939,0.4371405,-0.07095847,0.9537351,-0.2921547,-0.436543,-0.2930467,-0.8506199,moving,32.35143,27.30785,-8.781754,-5.941284
05/11/2023 13:09:51.857653,2408,True,True,True,True,Eyes,0.4019212,0.1591126,-2.232826,-0.4790627,-0.4005367,-0.7810693,0.0,0.0,0.0,0.0,0.0,0.0,0.0,1.143448,-0.8270205,-1.851188,0.1990297,0.1689232,-2.313048,-0.0009742092,0.9638561,-0.1526376,-0.2183625,17.13756,206.1158,3.887215,0.2139403,0.07040787,-0.9743056,0.0,0.0,0.0,-0.7937329,-0.5908164,-3.291249,-0.3120511,-0.2071998,1.991001,-0.9046335,0.06478266,0.4212375,-0.06853865,0.9534016,-0.2938159,-0.4206427,-0.2946668,-0.858039,moving,31.52255,27.14901,-8.907542,-5.941279
05/11/2023 13:09:51.877631,2409,True,True,True,True,Eyes,0.3931341,0.1595287,-2.236776,-0.4674291,-0.4009296,-0.7878867,0.0,0.0,0.0,0.0,0.0,0.0,0.0,1.102336,-0.8412122,-1.873654,0.1886294,0.1713984,-2.316981,-0.002468132,0.9653495,-0.1550578,-0.209884,17.48199,205.0901,3.626049,0.2102318,0.07036779,-0.9751154,0.0,0.0,0.0,-0.7909343,-0.6055623,-3.305269,-0.3162489,-0.2071998,1.991002,-0.9118852,0.06032309,0.4059882,-0.06985353,0.951902,-0.2983339,-0.4044574,-0.300406,-0.8638116,moving,30.67936,26.97004,-9.025411,-5.941279
05/11/2023 13:09:51.887939,2410,True,True,True,True,Eyes,0.3843204,0.1599887,-2.240734,-0.4556566,-0.4011341,-0.7946499,0.0,0.0,0.0,0.0,0.0,0.0,0.0,1.065337,-0.8329931,-1.903009,0.1784115,0.1732842,-2.321295,-0.00426095,0.9674339,-0.1523385,-0.2021052,17.24614,204.0853,3.201242,0.2064897,0.07034278,-0.9759165,0.0,0.0,0.0,-0.7943009,-0.6071653,-3.31998,-0.3206524,-0.2071999,1.991001,-0.9182705,0.05333243,0.392345,-0.06982118,0.9535497,-0.2930325,-0.3897486,-0.2964772,-0.8718928,moving,29.8302,26.78435,-9.148974,-5.941284
05/11/2023 13:09:51.907757,2411,True,True,True,True,Eyes,0.375479,0.1604991,-2.244721,-0.443803,-0.4010547,-0.80137,0.0,0.0,0.0,0.0,0.0,0.0,0.0,1.029111,-0.8264008,-1.930025,0.1687964,0.174722,-2.325507,-0.00543967,0.9693187,-0.1499697,-0.1946815,17.02894,203.1423,2.868338,0.2027168,0.07033309,-0.9767079,0.0,0.0,0.0,-0.7946565,-0.6134986,-3.333911,-0.324998,-0.2071999,1.991001,-0.9241393,0.04784708,0.3790483,-0.06893817,0.954959,-0.2886188,-0.3757852,-0.2928548,-0.8792167,moving,28.97792,26.58619,-9.270826,-5.941284
05/11/2023 13:09:51.927665,2412,True,True,True,True,Eyes,0.3666214,0.161039,-2.248744,-0.4319016,-0.4006205,-0.808062,0.0,0.0,0.0,0.0,0.0,0.0,0.0,0.9910442,-0.8217028,-1.956851,0.1592284,0.1763423,-2.330274,-0.005611573,0.9711534,-0.1476978,-0.187123,16.79657,202.2046,2.656812,0.1989151,0.07033916,-0.9774888,0.0,0.0,0.0,-0.7944989,-0.6170554,-3.350017,-0.3292876,-0.2071997,1.991002,-0.9299071,0.04437592,0.365108,-0.06617471,0.9563078,-0.2847743,-0.3617927,-0.2889745,-0.8863409,moving,28.12409,26.37127,-9.391022,-5.941275
05/11/2023 13:09:51.941509,2413,True,True,True,True,Eyes,0.3577783,0.1616037,-2.25281,-0.4200702,-0.400027,-0.8145671,0.0,0.0,0.0,0.0,0.0,0.0,0.0,0.9552888,-0.8069305,-1.985799,0.149832,0.1776288,-2.335189,-0.00478453,0.9731545,-0.1429523,-0.1803114,16.25751,201.3543,2.521775,0.1950873,0.07036045,-0.9782585,0.0,0.0,0.0,-0.7932729,-0.6247455,-3.36384,-0.3336425,-0.2071999,1.991001,-0.93493,0.04223968,0.3523095,-0.06086403,0.9590834,-0.276504,-0.3495736,-0.2799548,-0.894105,moving,27.28004,26.15527,-9.512964,-5.941281
05/11/2023 13:09:51.957888,2414,True,True,True,True,Eyes,0.3489342,0.1621906,-2.256948,-0.4082506,-0.3992085,-0.8209532,0.0,0.0,0.0,0.0,0.0,0.0,0.0,0.9207063,-0.8054193,-2.007972,0.1407525,0.1787682,-2.34021,-0.003263786,0.9745454,-0.1412462,-0.17407,16.04773,200.6143,2.553258,0.1912368,0.07039621,-0.9790159,0.0,0.0,0.0,-0.7923205,-0.6322866,-3.376899,-0.3380706,-0.2071997,1.991001,-0.939378,0.04281205,0.3402002,-0.05553488,0.9600778,-0.2741654,-0.3383563,-0.2764379,-0.8994984,moving,26.44063,25.93247,-9.636871,-5.941277
05/11/2023 13:09:51.978152,2415,True,True,True,True,Eyes,0.3401154,0.1627884,-2.261147,-0.3964406,-0.3982741,-0.8271715,0.0,0.0,0.0,0.0,0.0,0.0,0.0,0.8844523,-0.7984405,-2.033219,0.1317793,0.1797262,-2.346076,-5.997455e-06,0.9761326,-0.1379111,-0.1677673,15.61911,199.8819,2.753323,0.1873662,0.07044558,-0.9797606,0.0,0.0,0.0,-0.7959014,-0.624076,-3.394688,-0.3423476,-0.2071999,1.991,-0.9437085,0.04626224,0.327528,-0.04628566,0.9619611,-0.269237,-0.3275246,-0.269241,-0.9056696,moving,25.60712,25.71031,-9.756463,-5.941285
05/11/2023 13:09:51.997913,2416,True,True,True,True,Eyes,0.3313316,0.1633958,-2.26541,-0.3845131,-0.3974041,-0.8331984,0.0,0.0,0.0,0.0,0.0,0.0,0.0,0.8461182,-0.7923428,-2.057814,0.1231705,0.1805617,-2.351712,0.00266375,0.9776857,-0.1350593,-0.1608806,15.26205,199.0763,2.891487,0.1834787,0.0705073,-0.9804916,0.0,0.0,0.0,-0.7997349,-0.6091318,-3.416278,-0.3466871,-0.2071999,1.991,-0.9482209,0.04866547,0.3138618,-0.03824823,0.9635038,-0.2649483,-0.3153008,-0.2632341,-0.9117529,moving,24.77287,25.49937,-9.877711,-5.941285
05/11/2023 13:09:52.007913,2417,True,True,True,True,Eyes,0.3225977,0.1640044,-2.269761,-0.3720799,-0.3968602,-0.8390819,0.0,0.0,0.0,0.0,0.0,0.0,0.0,0.8073565,-0.7981762,-2.07737,0.1150735,0.1814033,-2.357589,0.003394099,0.9788136,-0.1354184,-0.1535393,15.31089,198.2152,2.866168,0.1795779,0.07058018,-0.9812083,0.0,0.0,0.0,-0.8029903,-0.5894477,-3.441264,-0.351043,-0.2072,1.991001,-0.9528282,0.04822847,0.2996535,-0.03493971,0.9633008,-0.2661409,-0.301492,-0.2640564,-0.9161751,moving,23.91427,25.31272,-9.999324,-5.941285
05/11/2023 13:09:52.027665,2418,True,True,True,True,Eyes,0.3139399,0.1645866,-2.274179,-0.359519,-0.3963709,-0.8447698,0.0,0.0,0.0,0.0,0.0,0.0,0.0,0.7709848,-0.7955342,-2.099062,0.1070897,0.1820226,-2.364054,0.003132986,0.9800769,-0.1341075,-0.1464741,15.18602,197.3598,2.69799,0.1756677,0.07066268,-0.98191,0.0,0.0,0.0,-0.8045331,-0.5669479,-3.46933,-0.355463,-0.2071996,1.991002,-0.9570711,0.0454277,0.2862715,-0.03314544,0.9640107,-0.2637892,-0.2879521,-0.2619536,-0.9211209,moving,23.05374,25.13624,-10.12264,-5.941272
05/11/2023 13:09:52.037992,2419,True,True,True,True,Eyes,0.3053992,0.1651502,-2.278683,-0.3464199,-0.3964021,-0.850211,0.0,0.0,0.0,0.0,0.0,0.0,0.0,0.7358136,-0.7993815,-2.116717,0.1001002,0.181944,-2.37019,0.001308325,0.9810402,-0.1347559,-0.1392817,15.30977,196.4813,2.383086,0.1717523,0.0707523,-0.982596,0.0,0.0,0.0,-0.7981223,-0.5610878,-3.494961,-0.3596897,-0.2071998,1.991001,-0.9611979,0.04010512,0.2729293,-0.03497104,0.9636783,-0.2647664,-0.2736346,-0.2640375,-0.924883,moving,22.16852,24.9968,-10.24047,-5.941279
05/11/2023 13:09:52.057993,2420,True,True,True,True,Eyes,0.2969633,0.1656826,-2.283264,-0.3331616,-0.3965656,-0.8554174,0.0,0.0,0.0,0.0,0.0,0.0,0.0,0.6993663,-0.8143548,-2.130321,0.09340877,0.1821221,-2.376691,-0.001328076,0.9816468,-0.1379367,-0.1316866,15.7333,195.5585,2.00771,0.1678377,0.07084704,-0.9832654,0.0,0.0,0.0,-0.7844813,-0.5719472,-3.517712,-0.3640183,-0.2071999,1.991001,-0.965314,0.03372141,0.2589058,-0.03893622,0.9619434,-0.2704604,-0.258173,-0.27116,-0.9272644,moving,21.27955,24.87211,-10.36105,-5.941281
05/11/2023 13:09:52.077731,2421,True,True,True,True,Eyes,0.2886289,0.166206,-2.28791,-0.3197412,-0.397027,-0.8603112,0.0,0.0,0.0,0.0,0.0,0.0,0.0,0.6609457,-0.8248876,-2.145488,0.08731312,0.181897,-2.383211,-0.003016988,0.9823846,-0.1399787,-0.1237641,16.00806,194.6017,1.712232,0.1639292,0.07094459,-0.9839175,0.0,0.0,0.0,-0.7716902,-0.5756842,-3.542862,-0.3684328,-0.2071998,1.991001,-0.9693469,0.02872099,0.2440124,-0.04057636,0.9607937,-0.2742791,-0.2423232,-0.2757726,-0.930177,moving,20.38797,24.77296,-10.48393,-5.941281
05/11/2023 13:09:52.087545,2422,True,True,True,True,Eyes,0.2803594,0.166725,-2.29264,-0.305885,-0.3978258,-0.8649676,0.0,0.0,0.0,0.0,0.0,0.0,0.0,0.6211129,-0.8467537,-2.155737,0.08124143,0.1822415,-2.389594,-0.004359026,0.9827262,-0.1443448,-0.1157364,16.54163,193.6496,1.485105,0.1600306,0.07104389,-0.9845519,0.0,0.0,0.0,-0.7556302,-0.5904577,-3.56338,-0.3728698,-0.2071996,1.991001,-0.9731724,0.02484445,0.2287329,-0.04197937,0.9582911,-0.2826939,-0.226216,-0.2847119,-0.9315396,moving,19.47551,24.69919,-10.60734,-5.941273
05/11/2023 13:09:52.107732,2423,True,True,True,True,Eyes,0.2722049,0.1672199,-2.297449,-0.2919764,-0.3986905,-0.8693651,0.0,0.0,0.0,0.0,0.0,0.0,0.0,0.5833798,-0.8604763,-2.168533,0.0755459,0.1826365,-2.396711,-0.005278599,0.9832276,-0.1467498,-0.1081673,16.84113,192.7454,1.279199,0.1561446,0.07114415,-0.9851685,0.0,0.0,0.0,-0.7399521,-0.6104685,-3.579825,-0.3771055,-0.2072001,1.991001,-0.9765442,0.02136694,0.2142554,-0.04212719,0.9568732,-0.2874351,-0.2111569,-0.289719,-0.9335289,moving,18.56464,24.63617,-10.72506,-5.941288
05/11/2023 13:09:52.127970,2424,True,True,True,True,Eyes,0.2641833,0.1676864,-2.302337,-0.2778299,-0.3997317,-0.873513,0.0,0.0,0.0,0.0,0.0,0.0,0.0,0.5470995,-0.8705515,-2.181271,0.07000978,0.1825569,-2.403517,-0.005751173,0.9837357,-0.1483938,-0.1010458,17.04501,191.897,1.119161,0.1522753,0.0712438,-0.9857668,0.0,0.0,0.0,-0.7295897,-0.6190642,-3.597489,-0.3814156,-0.2071998,1.991001,-0.9795135,0.01867387,0.2005116,-0.0413044,0.9558924,-0.2907982,-0.1970979,-0.2931228,-0.9355381,moving,17.64381,24.58949,-10.84475,-5.941278
05/11/2023 13:09:52.138106,2425,True,True,True,True,Eyes,0.06596349,0.1785893,-2.426416,0.09728043,-0.3976748,-0.9123548,0.0,0.0,0.0,0.0,0.0,0.0,0.0,0.510883,-0.8867658,-2.191015,0.06521335,0.1823928,-2.410474,-0.006006427,0.9839872,-0.1513758,-0.09390685,17.39946,191.0556,0.9973648,0.1484272,0.07134125,-0.9863464,0.0,0.0,0.0,-0.717058,-0.6348548,-3.611992,-0.3859476,-0.2071999,1.991001,-0.9822909,0.01660996,0.1866247,-0.04025095,0.9540986,-0.2967756,-0.1829878,-0.2990319,-0.9365337,moving,-6.086205,23.55129,-10.9705,-5.941282
05/11/2023 13:09:52.157747,2426,True,True,True,True,Eyes,0.06580089,0.178574,-2.426699,0.09782469,-0.3977647,-0.9122574,0.0,0.0,0.0,0.0,0.0,0.0,0.0,0.4735351,-0.892818,-2.204528,0.06053704,0.1820788,-2.417537,-0.006173537,0.9845488,-0.1521083,-0.08653724,17.49272,190.1772,0.8512643,0.1326145,0.07166322,-0.9885734,-0.5946594,0.03270887,-0.372237,-0.7069244,-0.6422645,-3.628607,-0.3901551,-0.2072001,1.991,-0.9849464,0.01416976,0.1722784,-0.03848236,0.9536499,-0.2984476,-0.1685222,-0.3005845,-0.9387488,moving,-6.120647,23.55828,-11.08716,-5.941293
05/11/2023 13:09:52.178024,2427,True,True,True,True,Eyes,0.06545963,0.1785395,-2.427262,0.09877145,-0.3978111,-0.9121351,0.0,0.0,0.0,0.0,0.0,0.0,0.0,0.4377827,-0.9021896,-2.215774,0.05634099,0.1817056,-2.424679,-0.006150992,0.9849128,-0.1535741,-0.07952237,17.66749,189.3472,0.7401712,0.1193789,0.07191786,-0.9902404,-0.5589798,0.03074634,-0.3499027,-0.7002259,-0.6361159,-3.649918,-0.3944736,-0.2072001,1.991,-0.9872766,0.01230877,0.1585345,-0.03654153,0.9527543,-0.3015359,-0.1547559,-0.3034925,-0.9401824,moving,-6.180249,23.56355,-11.20678,-5.941289
05/11/2023 13:09:52.187926,2428,True,True,True,True,Eyes,0.06499542,0.1784905,-2.428108,0.1001111,-0.397826,-0.9119827,0.0,0.0,0.0,0.0,0.0,0.0,0.0,0.4036042,-0.9052998,-2.228982,0.05218492,0.181215,-2.432131,-0.005219242,0.9854149,-0.1535905,-0.07307761,17.66575,188.5961,0.7313268,0.1082783,0.07211903,-0.991501,-0.525441,0.02890156,-0.3289086,-0.6918045,-0.6309123,-3.67177,-0.3989491,-0.2071998,1.991,-0.9892651,0.01216182,0.1456268,-0.03273429,0.9527654,-0.3019379,-0.1424203,-0.3034635,-0.9421394,moving,-6.264452,23.56784,-11.33066,-5.941281
05/11/2023 13:09:52.212812,2429,True,True,True,True,Eyes,0.06442036,0.1784429,-2.429234,0.1017871,-0.3977519,-0.9118294,0.0,0.0,0.0,0.0,0.0,0.0,0.0,0.3712391,-0.9059878,-2.242605,0.04866784,0.1808131,-2.439846,-0.003675304,0.9859374,-0.1530225,-0.0670676,17.59184,187.9065,0.7981511,0.09894495,0.07227695,-0.9924643,-0.4939145,0.02716746,-0.3091741,-0.6829936,-0.6218974,-3.696044,-0.4030614,-0.2071998,1.991001,-0.9909769,0.01327846,0.1333737,-0.02777294,0.9531413,-0.3012482,-0.1311241,-0.3022341,-0.9441722,moving,-6.369534,23.56746,-11.44438,-5.941278
05/11/2023 13:09:52.227888,2430,True,True,True,True,Eyes,0.06376176,0.1783735,-2.430646,0.1038772,-0.3975256,-0.9116923,0.0,0.0,0.0,0.0,0.0,0.0,0.0,0.3365246,-0.9088812,-2.255421,0.04539832,0.1808283,-2.447749,-0.001417755,0.9863872,-0.1528084,-0.0607289,17.55545,187.1924,0.9473067,0.09107192,0.07239983,-0.9932088,-0.4642797,0.02553742,-0.2906236,-0.6705347,-0.6161327,-3.720773,-0.4074017,-0.2072,1.991,-0.9926201,0.01576286,0.1202377,-0.02135668,0.9532952,-0.3012842,-0.1193711,-0.3016286,-0.9459233,moving,-6.500188,23.55867,-11.56432,-5.941287
05/11/2023 13:09:52.237794,2431,True,True,True,True,Eyes,0.06302637,0.1782575,-2.432307,0.1064228,-0.3972603,-0.9115143,0.0,0.0,0.0,0.0,0.0,0.0,0.0,0.299543,-0.9004992,-2.272903,0.04262243,0.180206,-2.456099,0.0008883067,0.9871738,-0.1502961,-0.05383487,17.25597,186.4063,1.076167,0.08440474,0.07249287,-0.9937908,-0.4364229,0.02400517,-0.2731862,-0.6542339,-0.6150524,-3.745329,-0.4117005,-0.2072001,1.991,-0.994202,0.01793617,0.1060217,-0.01442852,0.9548206,-0.2968324,-0.1065558,-0.2966411,-0.9490257,moving,-6.659352,23.54876,-11.68301,-5.94129
05/11/2023 13:09:52.257834,2432,True,True,True,True,Eyes,0.06223763,0.1781073,-2.43424,0.1094187,-0.3970869,-0.9112352,0.0,0.0,0.0,0.0,0.0,0.0,0.0,0.2602492,-0.8989934,-2.286497,0.04007436,0.1789803,-2.463807,0.002085601,0.9876665,-0.1495707,-0.04625126,17.17307,185.5249,1.076839,0.07855752,0.07256154,-0.994265,-0.4102376,0.02256486,-0.256795,-0.6367832,-0.6137906,-3.770238,-0.4160005,-0.2071997,1.991001,-0.9957132,0.01795542,0.09073775,-0.009715912,0.9552485,-0.2956449,-0.09198552,-0.2952591,-0.9509791,moving,-6.84714,23.54602,-11.80162,-5.941276
05/11/2023 13:09:52.277940,2433,True,True,True,True,Eyes,0.06143102,0.1779317,-2.436427,0.1130626,-0.3969793,-0.9108372,0.0,0.0,0.0,0.0,0.0,0.0,0.0,0.2235296,-0.9062079,-2.296636,0.03787934,0.1780187,-2.472365,0.002367652,0.9878073,-0.1507007,-0.03899218,17.31002,184.6711,0.9860685,0.07325841,0.0726095,-0.994666,-0.3856233,0.02121097,-0.2413873,-0.6180354,-0.616091,-3.793545,-0.4203403,-0.2071996,1.991002,-0.9969482,0.01642987,0.07631992,-0.007074729,0.9545674,-0.2979111,-0.07774714,-0.2975418,-0.951538,moving,-7.075956,23.5495,-11.92123,-5.94127
05/11/2023 13:09:52.287604,2434,True,True,True,True,Eyes,0.0606069,0.1777352,-2.438864,0.1170637,-0.3970074,-0.9103192,0.0,0.0,0.0,0.0,0.0,0.0,0.0,0.188354,-0.9110079,-2.306803,0.03590428,0.1772692,-2.480733,0.002673835,0.9879655,-0.1512905,-0.03206762,17.38363,183.8557,0.899788,0.06845238,0.07263741,-0.9950062,-0.3624859,0.01993831,-0.2269041,-0.5985601,-0.6197275,-3.816205,-0.424736,-0.2071999,1.991001,-0.9979292,0.01498637,0.06255435,-0.004419743,0.954208,-0.2991111,-0.06417246,-0.2987681,-0.9521658,moving,-7.327812,23.56293,-12.04228,-5.941281
05/11/2023 13:09:52.307892,2435,True,True,True,True,Eyes,0.05976532,0.1775157,-2.441549,0.121882,-0.3970052,-0.9096876,0.0,0.0,0.0,0.0,0.0,0.0,0.0,0.1545503,-0.9214797,-2.314236,0.03454619,0.1765961,-2.489241,0.003071497,0.9878842,-0.153072,-0.02538222,17.59453,183.0723,0.8318699,0.06408943,0.07264604,-0.9952962,-0.3407367,0.01874201,-0.2132898,-0.579132,-0.6207936,-3.839415,-0.4290342,-0.2072,1.991,-0.9986926,0.01383918,0.04920907,-0.001702047,0.9531191,-0.3025908,-0.05108971,-0.3022789,-0.9518494,moving,-7.631169,23.57738,-12.16054,-5.941286
05/11/2023 13:09:52.328079,2436,True,True,True,True,Eyes,0.05892657,0.1772691,-2.444486,0.1269709,-0.3970056,-0.9089912,0.0,0.0,0.0,0.0,0.0,0.0,0.0,0.1198174,-0.9244599,-2.324451,0.03327069,0.1758136,-2.498006,0.003949842,0.9880033,-0.1532539,-0.01863249,17.61886,182.2867,0.8125467,0.06012472,0.0726359,-0.9955443,-0.3202925,0.01761749,-0.2004924,-0.5580699,-0.6247318,-3.861508,-0.4334005,-0.2072002,1.991,-0.9992743,0.01351592,0.03560726,0.002093911,0.9529952,-0.3029778,-0.03802858,-0.3026835,-0.9523321,moving,-7.951814,23.5935,-12.28056,-5.941293
05/11/2023 13:09:52.338496,2437,True,True,True,True,Eyes,0.05810749,0.1769961,-2.447675,0.1325314,-0.3969283,-0.9082309,0.0,0.0,0.0,0.0,0.0,0.0,0.0,0.08722231,-0.9257669,-2.33505,0.03239786,0.1749145,-2.507083,0.004828965,0.9881217,-0.1531052,-0.01228557,17.60509,181.5485,0.7998158,0.05651866,0.07260727,-0.9957577,-0.301075,0.01656044,-0.1884629,-0.5373306,-0.6242653,-3.885236,-0.4377598,-0.2072002,1.990999,-0.9996517,0.01330518,0.0228006,0.005781239,0.9530709,-0.3026919,-0.02575796,-0.3024546,-0.9528159,moving,-8.302153,23.60699,-12.40028,-5.941295
05/11/2023 13:09:52.358150,2438,True,True,True,True,Eyes,0.05731539,0.1766835,-2.451118,0.1382167,-0.3967663,-0.9074539,0.0,0.0,0.0,0.0,0.0,0.0,0.0,0.05786996,-0.9248413,-2.346205,0.03172614,0.1739871,-2.516361,0.005764198,0.9882651,-0.152497,-0.006616028,17.53802,180.8914,0.8058761,0.05323636,0.07256041,-0.9959419,-0.2830105,0.01556682,-0.1771551,-0.5178437,-0.6216658,-3.908586,-0.4419761,-0.2071999,1.991,-0.9998463,0.01341096,0.01131873,0.009375263,0.9534229,-0.3014911,-0.01483482,-0.3013386,-0.9534021,moving,-8.660312,23.6164,-12.51596,-5.941284
05/11/2023 13:09:52.377983,2439,True,True,True,True,Eyes,0.05653813,0.1763263,-2.454804,0.1442208,-0.3964688,-0.9066493,0.0,0.0,0.0,0.0,0.0,0.0,0.0,0.03220534,-0.9193838,-2.359033,0.03150621,0.1727068,-2.525969,0.00694996,0.9885073,-0.1510037,-0.001695204,17.36831,180.3272,0.8556296,0.05024637,0.07249497,-0.9961021,-0.2660299,0.01463281,-0.1665258,-0.4987378,-0.6213197,-3.93017,-0.446495,-0.2071999,1.991001,-0.9998977,0.01425214,0.001252505,0.01322821,0.9542992,-0.29856,-0.005450382,-0.2985128,-0.95439,moving,-9.038321,23.61928,-12.63983,-5.941282
05/11/2023 13:09:52.397995,2440,True,True,True,True,Eyes,0.05580929,0.1759191,-2.458739,0.1502767,-0.396146,-0.9058064,0.0,0.0,0.0,0.0,0.0,0.0,0.0,0.008458966,-0.9149557,-2.371098,0.03160798,0.1712154,-2.535548,0.008141076,0.9886794,-0.1497957,0.002862313,17.23229,179.8068,0.9142829,0.04751986,0.07241045,-0.996242,-0.2500681,0.01375484,-0.1565343,-0.4822502,-0.6183957,-3.951026,-0.4506494,-0.2071997,1.991001,-0.9998515,0.01524031,-0.008098816,0.01695536,0.9549899,-0.2961532,0.003220823,-0.2962464,-0.9551064,moving,-9.419789,23.62171,-12.75361,-5.941277
05/11/2023 13:09:52.407663,2441,True,True,True,True,Eyes,0.05514981,0.1754577,-2.462908,0.1566091,-0.3957707,-0.9048973,0.0,0.0,0.0,0.0,0.0,0.0,0.0,-0.01390254,-0.9122069,-2.382645,0.03197804,0.1696055,-2.54549,0.009505472,0.9887721,-0.1489594,0.007118778,17.14009,179.3257,0.9999627,0.04503239,0.07230619,-0.9963651,-0.235064,0.01292955,-0.1471422,-0.4651711,-0.6206855,-3.968905,-0.4549794,-0.2071998,1.991,-0.9997181,0.01667668,-0.01690956,0.02091831,0.9554415,-0.2944384,0.01124584,-0.2947091,-0.955521,moving,-9.818824,23.6229,-12.87209,-5.941283
05/11/2023 13:09:52.427719,2442,True,True,True,True,Eyes,0.05456249,0.1749532,-2.467312,0.1629311,-0.3954293,-0.9039298,0.0,0.0,0.0,0.0,0.0,0.0,0.0,-0.03352638,-0.9073603,-2.394668,0.03262431,0.1678186,-2.555315,0.01045966,0.9889092,-0.1477478,0.01094368,17.00453,178.8883,1.045788,0.04276329,0.0721815,-0.9964741,-0.2209601,0.01215378,-0.1383137,-0.4487603,-0.6151507,-3.990346,-0.459401,-0.2071999,1.991,-0.9995415,0.0174535,-0.02473539,0.02392112,0.9561224,-0.2919894,0.01855382,-0.2924472,-0.9561015,moving,-10.21771,23.62725,-12.99296,-5.941283
05/11/2023 13:09:52.437650,2443,True,True,True,True,Eyes,0.05409346,0.1744049,-2.471948,0.1694533,-0.3951221,-0.9028643,0.0,0.0,0.0,0.0,0.0,0.0,0.0,-0.04978359,-0.9102008,-2.403981,0.03371563,0.1662811,-2.565401,0.01073003,0.9888167,-0.1480612,0.01429046,17.04469,178.4966,1.018132,0.04069328,0.07203612,-0.9965713,-0.2077025,0.01142455,-0.1300149,-0.4279744,-0.6226582,-4.006217,-0.463719,-0.2071996,1.991002,-0.9993614,0.01698835,-0.03143869,0.0254518,0.9559255,-0.2925041,0.02508388,-0.2931175,-0.9557474,moving,-10.62985,23.63571,-13.11088,-5.941273
05/11/2023 13:09:52.458034,2444,True,True,True,True,Eyes,0.05372335,0.1738201,-2.476807,0.1759793,-0.3948357,-0.9017406,0.0,0.0,0.0,0.0,0.0,0.0,0.0,-0.0657403,-0.9094712,-2.414768,0.03529748,0.1646926,-2.575692,0.01131144,0.98882,-0.147641,0.01758513,17.00041,178.1161,1.029219,0.03880706,0.07186987,-0.9966586,-0.1952404,0.01073908,-0.122214,-0.4081197,-0.629603,-4.021898,-0.4681543,-0.2072,1.991001,-0.9991257,0.01717738,-0.03811711,0.02756252,0.9561484,-0.2915829,0.03143698,-0.2923785,-0.9557859,moving,-11.04277,23.64667,-13.23189,-5.941286
05/11/2023 13:09:52.477989,2445,True,True,True,True,Eyes,0.05346759,0.1731978,-2.481881,0.182768,-0.3946402,-0.9004748,0.0,0.0,0.0,0.0,0.0,0.0,0.0,-0.08399794,-0.9099075,-2.424938,0.0371846,0.1632333,-2.585978,0.01188293,0.9887678,-0.1474468,0.02136722,16.98307,177.6779,1.030351,0.03709023,0.07168292,-0.9967374,-0.1835259,0.01009473,-0.1148811,-0.3940475,-0.6154573,-4.044079,-0.4725249,-0.2071998,1.991001,-0.9988047,0.01719787,-0.04575864,0.02979999,0.9562365,-0.2910735,0.03875023,-0.2920891,-0.955606,moving,-11.47338,23.66581,-13.35102,-5.941279
05/11/2023 13:09:52.487701,2446,True,True,True,True,Eyes,0.05332512,0.1725368,-2.487171,0.1894899,-0.3945564,-0.8991212,0.0,0.0,0.0,0.0,0.0,0.0,0.0,-0.102473,-0.9169195,-2.432551,0.03936073,0.161732,-2.596311,0.01231261,0.988499,-0.1485981,0.02523861,17.12153,177.2269,1.009728,0.03553055,0.07147542,-0.9968091,-0.1725144,0.009489047,-0.1079883,-0.3736295,-0.6279467,-4.056023,-0.4768721,-0.2072002,1.991,-0.9984232,0.01684119,-0.05355595,0.03184283,0.955534,-0.2931566,0.04623742,-0.2943996,-0.9545636,moving,-11.90094,23.69304,-13.46939,-5.941293
05/11/2023 13:09:52.507899,2447,True,True,True,True,Eyes,0.05331946,0.1718762,-2.492673,0.1963127,-0.394619,-0.8976287,0.0,0.0,0.0,0.0,0.0,0.0,0.0,-0.1192183,-0.9234071,-2.440502,0.04189452,0.1601785,-2.606823,0.01400666,0.9882281,-0.149649,0.02853766,17.25196,176.866,1.148518,0.03411672,0.07124748,-0.9968749,-0.1621635,0.008919705,-0.101509,-0.3544782,-0.6318668,-4.070892,-0.4810432,-0.2072001,1.991,-0.997979,0.01914229,-0.06059561,0.03622482,0.954818,-0.2949753,0.05221127,-0.2965741,-0.9535818,moving,-12.33644,23.73144,-13.58286,-5.94129
05/11/2023 13:09:52.527816,2448,True,True,True,True,Eyes,0.05344814,0.1712189,-2.498377,0.2030838,-0.3946216,-0.8961199,0.0,0.0,0.0,0.0,0.0,0.0,0.0,-0.136563,-0.9304224,-2.448458,0.04492019,0.1598427,-2.617578,0.01706234,0.9879414,-0.1505815,0.03171954,17.37436,176.5438,1.450624,0.03283884,0.07100064,-0.9969354,-0.1524337,0.008384522,-0.09541842,-0.3352908,-0.6324805,-4.086174,-0.4854874,-0.2072,1.991,-0.9974058,0.02416043,-0.06781263,0.04326593,0.9540681,-0.2964489,0.05753554,-0.2986138,-0.9526384,moving,-12.76901,23.76711,-13.70364,-5.941288
05/11/2023 13:09:52.537716,2449,True,True,True,True,Eyes,0.05372985,0.1706355,-2.504281,0.2100903,-0.3947452,-0.8944486,0.0,0.0,0.0,0.0,0.0,0.0,0.0,-0.1585734,-0.9223954,-2.461517,0.04822848,0.1592849,-2.62818,0.02067311,0.9880366,-0.1485869,0.03575187,17.16334,176.1289,1.812905,0.03168957,0.07073676,-0.9969913,-0.1432877,0.00788145,-0.08969332,-0.3145726,-0.6403261,-4.098239,-0.4897783,-0.2071995,1.991002,-0.9965889,0.03022705,-0.07679183,0.0514761,0.9549891,-0.2921404,0.06450481,-0.2950968,-0.9532875,moving,-13.21817,23.81321,-13.82012,-5.941266
05/11/2023 13:09:52.558056,2450,True,True,True,True,Eyes,0.05414289,0.1701324,-2.510411,0.2171195,-0.394894,-0.8927026,0.0,0.0,0.0,0.0,0.0,0.0,0.0,-0.1863449,-0.9283347,-2.469083,0.05137382,0.1603172,-2.639045,0.02449397,0.9876719,-0.1491457,0.04074345,17.25411,175.6055,2.1742,0.03066101,0.07045992,-0.997043,-0.1346904,0.007408564,-0.08431172,-0.2950803,-0.6415887,-4.112109,-0.4939721,-0.2071998,1.991001,-0.9954802,0.03623059,-0.08778865,0.06053743,0.9543112,-0.2926181,0.07317597,-0.29661,-0.9521912,moving,-13.66983,23.86258,-13.93386,-5.941277
05/11/2023 13:09:52.578093,2451,True,True,True,True,Eyes,0.06785025,0.1595655,-2.668117,0.3959469,-0.3905186,-0.8310965,0.0,0.0,0.0,0.0,0.0,0.0,0.0,-0.2139113,-0.9284648,-2.479414,0.0548797,0.161775,-2.650682,0.02771692,0.9874698,-0.148436,0.04584805,17.19914,175.0566,2.467544,0.02974705,0.07017443,-0.9970909,-0.126609,0.00696405,-0.07925301,-0.2739363,-0.6419273,-4.125873,-0.4982964,-0.2071999,1.991,-0.9942595,0.04112823,-0.0987755,0.06835023,0.9543971,-0.2906106,0.08231875,-0.2956937,-0.9517294,moving,-25.47383,25.16806,-14.05104,-5.941284
05/11/2023 13:09:52.587739,2452,True,True,True,True,Eyes,0.06800828,0.1596639,-2.66855,0.3962434,-0.3908066,-0.8308197,0.0,0.0,0.0,0.0,0.0,0.0,0.0,-0.239247,-0.9280375,-2.488914,0.05830242,0.1632938,-2.661413,0.0293498,0.9873001,-0.1476299,0.05082012,17.12715,174.4947,2.575854,0.02918403,0.06904637,-0.9971863,-0.07789041,-0.02515451,-0.5476137,-0.2461351,-0.6397429,-4.141803,-0.5026077,-0.2072,1.990999,-0.993112,0.04294898,-0.1090152,0.07295924,0.954688,-0.2885269,0.09168359,-0.2944931,-0.9512457,moving,-25.49791,25.19167,-14.16774,-5.941289
05/11/2023 13:09:52.607843,2453,True,True,True,True,Eyes,0.06825293,0.1598824,-2.669434,0.3970425,-0.3910385,-0.8303288,2.09582,0.9003825,-0.6596639,-4.409654,0.6244737,0.1124034,0.7729152,-0.6607492,-0.2082617,1.980447,0.06219603,0.1658348,-2.672379,0.03175507,0.9864448,-0.1509719,0.05591042,17.54181,173.9366,2.751229,0.02876456,0.06808503,-0.9972646,-0.07321699,-0.02364524,-0.5147569,-0.2151621,-0.6463107,-4.153427,-0.5069736,-0.2071998,1.991,-0.9917315,0.04576744,-0.1198933,0.07953104,0.9523982,-0.2942999,0.1007168,-0.3014016,-0.9481633,moving,-25.55596,25.21782,-14.28578,-5.941281
05/11/2023 13:09:52.627683,2454,True,True,True,True,Eyes,0.06863357,0.160185,-2.670691,0.398192,-0.3913369,-0.8296376,2.101759,0.9055373,-0.6623111,-4.41439,-0.530917,-0.4515404,0.7171041,-0.6440232,-0.2174779,1.98193,0.06589191,0.1688302,-2.683984,0.03477682,0.9862711,-0.1491355,0.06179515,17.36598,173.2899,3.013025,0.02843993,0.06725425,-0.9973302,-0.06882397,-0.02222653,-0.4838715,-0.1862058,-0.6487496,-4.165923,-0.5114084,-0.2071996,1.991002,-0.9899442,0.05016704,-0.1322664,0.08703044,0.9530984,-0.289878,0.1115206,-0.2984742,-0.9478801,moving,-25.63909,25.25307,-14.40556,-5.94127
05/11/2023 13:09:52.639103,2455,True,True,True,True,Eyes,0.06912431,0.1605275,-2.672309,0.3997381,-0.3915758,-0.8287809,2.099629,0.9084262,-0.6616367,-4.412442,-0.3390266,-0.4072215,0.8480753,-0.6235915,-0.2176707,1.978186,0.06946065,0.1711742,-2.694294,0.03679119,0.9857435,-0.149489,0.06789214,17.44026,172.6016,3.138632,0.02816065,0.0665147,-0.9973877,-0.06469453,-0.02089293,-0.4548392,-0.1571759,-0.6487527,-4.178024,-0.5163338,-0.2072,1.991,-0.9880742,0.0522351,-0.1448482,0.09283159,0.9525989,-0.2897198,0.1228487,-0.2997111,-0.9460874,moving,-25.74897,25.28942,-14.53846,-5.941288
05/11/2023 13:09:52.658108,2456,True,True,True,True,Eyes,0.069726,0.1609069,-2.674269,0.4015551,-0.3917113,-0.827838,0.0,0.0,0.0,0.0,0.0,0.0,0.0,-0.3598401,-0.9529919,-2.512444,0.07272308,0.1724415,-2.704631,0.03760441,0.9853048,-0.1494855,0.07358248,17.4643,171.9392,3.131195,0.02792597,0.06585807,-0.997438,-0.06081286,-0.01963936,-0.4275489,-0.1280633,-0.6553072,-4.186096,-0.5199205,-0.2072003,1.990999,-0.9863429,0.0521046,-0.156245,0.09610263,0.95248,-0.2890435,0.1337597,-0.3001116,-0.9444793,moving,-25.87639,25.32229,-14.63514,-5.941302
05/11/2023 13:09:52.677745,2457,True,True,True,True,Eyes,0.07039859,0.161319,-2.67654,0.4035776,-0.3918415,-0.8267922,0.0,0.0,0.0,0.0,0.0,0.0,0.0,-0.3837478,-0.9488392,-2.521691,0.07592107,0.1736833,-2.714877,0.03786397,0.9851426,-0.148054,0.07835978,17.31607,171.3744,3.086299,0.02773513,0.06527636,-0.9974815,-0.05716409,-0.01846099,-0.4018959,-0.1017677,-0.6425333,-4.202178,-0.5241843,-0.2072002,1.990999,-0.9848521,0.05139986,-0.1656029,0.09780577,0.9532927,-0.2857746,0.1431793,-0.2976426,-0.9438795,moving,-26.01814,25.35767,-14.74995,-5.941296
05/11/2023 13:09:52.687617,2458,True,True,True,True,Eyes,0.0711812,0.1617912,-2.679129,0.4058341,-0.391882,-0.8256677,0.0,0.0,0.0,0.0,0.0,0.0,0.0,-0.4090626,-0.9514677,-2.527335,0.0788641,0.1748296,-2.724565,0.03925717,0.9846983,-0.148083,0.0830643,17.34687,170.8395,3.165704,0.02758647,0.06476393,-0.997519,-0.05373424,-0.01735334,-0.3777822,-0.07660701,-0.6315112,-4.21659,-0.5286011,-0.2071999,1.991001,-0.9831184,0.05271212,-0.1752132,0.1019138,0.9530606,-0.2851123,0.1519599,-0.2981558,-0.9423435,moving,-26.17515,25.39016,-14.86873,-5.941284
05/11/2023 13:09:52.707708,2459,True,True,True,True,Eyes,0.07206091,0.1622906,-2.682001,0.4082775,-0.391742,-0.8245288,0.0,0.0,0.0,0.0,0.0,0.0,0.0,-0.4357212,-0.9444626,-2.536872,0.08222558,0.1767352,-2.734883,0.04095107,0.9844927,-0.146118,0.08801633,17.15231,170.2793,3.294396,0.0274792,0.06431443,-0.997551,-0.05051019,-0.01631214,-0.3551152,-0.05173596,-0.620806,-4.230581,-0.5330143,-0.2072001,1.991001,-0.9811525,0.05491053,-0.1852702,0.1063536,0.953945,-0.2804954,0.1613355,-0.2949128,-0.9418055,moving,-26.34298,25.41287,-14.9873,-5.941288
05/11/2023 13:09:52.727796,2460,True,True,True,True,Eyes,0.0730316,0.1628063,-2.685152,0.4109707,-0.3915078,-0.823301,0.0,0.0,0.0,0.0,0.0,0.0,0.0,-0.4625632,-0.9328381,-2.547087,0.08537843,0.1778416,-2.74461,0.04189091,0.9843769,-0.1434326,0.09313716,16.86913,169.6855,3.340063,0.02741225,0.06392087,-0.9975774,-0.04747957,-0.01533341,-0.3338083,-0.03093761,-0.6011916,-4.247463,-0.5376025,-0.2072001,1.991001,-0.9791413,0.05575509,-0.1953812,0.1091907,0.9553445,-0.2745802,0.1713471,-0.2901866,-0.9415053,moving,-26.52719,25.43269,-15.11044,-5.941288
05/11/2023 13:09:52.743026,2461,True,True,True,True,Eyes,0.07410426,0.1633366,-2.688564,0.4138914,-0.3911676,-0.8219987,0.0,0.0,0.0,0.0,0.0,0.0,0.0,-0.4889181,-0.9264435,-2.555327,0.08846456,0.1787262,-2.7545,0.04233084,0.9841065,-0.141772,0.09819966,16.69945,169.0906,3.320126,0.02738487,0.06357865,-0.9975995,-0.0446308,-0.0144134,-0.3137798,-0.01234996,-0.5937482,-4.258662,-0.5419098,-0.2071999,1.991001,-0.9771296,0.05547216,-0.2052805,0.11116,0.9562176,-0.2707238,0.1812752,-0.2873513,-0.9405149,moving,-26.72609,25.44855,-15.22591,-5.941282
05/11/2023 13:09:52.757920,2462,True,True,True,True,Eyes,0.07526091,0.163875,-2.692233,0.4170814,-0.3905702,-0.8206693,0.0,0.0,0.0,0.0,0.0,0.0,0.0,-0.5157736,-0.9137397,-2.56537,0.09172894,0.1795625,-2.76431,0.04264645,0.9839637,-0.1389366,0.1034087,16.39377,168.4764,3.298018,0.02739654,0.06328254,-0.9976178,-0.04195295,-0.0135486,-0.294953,0.00454485,-0.5809109,-4.272314,-0.5460132,-0.2071997,1.991002,-0.9749758,0.0551906,-0.215351,0.1126596,0.9577558,-0.2645971,0.1916504,-0.2822372,-0.9400064,moving,-26.94064,25.45055,-15.33578,-5.941274
05/11/2023 13:09:52.778017,2463,True,True,True,True,Eyes,0.07648642,0.164391,-2.696139,0.420538,-0.3898585,-0.8192425,0.0,0.0,0.0,0.0,0.0,0.0,0.0,-0.5441155,-0.8934275,-2.577501,0.09482744,0.1802366,-2.774222,0.0430225,0.9839455,-0.1347361,0.1088422,15.93289,167.8372,3.298866,0.02744612,0.06302764,-0.9976324,-0.03943577,-0.01273568,-0.2772559,0.02521432,-0.5699602,-4.284859,-0.5503812,-0.2072,1.991001,-0.972605,0.05533363,-0.2257829,0.1139935,0.9599904,-0.2557806,0.2025962,-0.2745113,-0.9399992,moving,-27.17258,25.44869,-15.45263,-5.941284
05/11/2023 13:09:52.797636,2464,True,True,True,True,Eyes,0.07777771,0.1649047,-2.700275,0.4242496,-0.3891287,-0.8176743,0.0,0.0,0.0,0.0,0.0,0.0,0.0,-0.5749302,-0.8751654,-2.587517,0.09785365,0.1801316,-2.783824,0.04316118,0.9837568,-0.1311284,0.11474,15.53943,167.14,3.262413,0.027532,0.0628084,-0.9976438,-0.03706963,-0.01197154,-0.2606205,0.05045948,-0.5706751,-4.292732,-0.5545778,-0.2071996,1.991001,-0.9699439,0.05482885,-0.2370718,0.1150116,0.9618849,-0.2480923,0.2144332,-0.2679015,-0.9392803,moving,-27.4225,25.44964,-15.56476,-5.941273
05/11/2023 13:09:52.807786,2465,True,True,True,True,Eyes,0.07917326,0.1654114,-2.704624,0.4281026,-0.3886041,-0.8159136,0.0,0.0,0.0,0.0,0.0,0.0,0.0,-0.6067132,-0.8711309,-2.592266,0.10065,0.1805782,-2.793576,0.04365739,0.9831622,-0.1301595,0.120601,15.45409,166.4529,3.238499,0.02765262,0.06262065,-0.9976522,-0.03484545,-0.01125325,-0.2449833,0.07581159,-0.5646718,-4.303423,-0.5591711,-0.2072002,1.990999,-0.9670989,0.05444986,-0.2485055,0.1172393,0.962305,-0.2454056,0.2257758,-0.2664661,-0.9370278,moving,-27.6856,25.46757,-15.68737,-5.941296
05/11/2023 13:09:52.827888,2466,True,True,True,True,Eyes,0.08061928,0.1658738,-2.709182,0.4321724,-0.3879774,-0.8140642,0.0,0.0,0.0,0.0,0.0,0.0,0.0,-0.6397239,-0.8636487,-2.597639,0.103457,0.1810805,-2.803457,0.04503697,0.9825597,-0.1286435,0.1264869,15.31901,165.7765,3.326231,0.02780798,0.06246044,-0.9976579,-0.03275472,-0.01057805,-0.2302843,0.1040325,-0.566022,-4.310526,-0.5633518,-0.2072002,1.990999,-0.9639454,0.05595958,-0.2601494,0.1210465,0.962845,-0.2414066,0.2369745,-0.264193,-0.9349037,moving,-27.96305,25.48215,-15.79882,-5.941296
05/11/2023 13:09:52.837902,2467,True,True,True,True,Eyes,0.08213001,0.1663215,-2.713915,0.4363551,-0.3878385,-0.8118963,0.0,0.0,0.0,0.0,0.0,0.0,0.0,-0.6700857,-0.8518808,-2.604354,0.1060496,0.1804485,-2.813106,0.04562091,0.982089,-0.1264685,0.1320062,15.09684,165.1316,3.338104,0.02799609,0.06232291,-0.9976612,-0.03078944,-0.009943372,-0.2164672,0.1354598,-0.5762157,-4.313815,-0.5676973,-0.2072,1.991001,-0.9609861,0.05621834,-0.2708228,0.1229968,0.9638489,-0.2363622,0.2477444,-0.2604511,-0.9331601,moving,-28.25588,25.53355,-15.91453,-5.941286
05/11/2023 13:09:52.857847,2468,True,True,True,True,Eyes,0.08368557,0.166753,-2.718858,0.4406779,-0.3878257,-0.8095642,0.0,0.0,0.0,0.0,0.0,0.0,0.0,-0.7003775,-0.8709569,-2.600107,0.108758,0.1805657,-2.822272,0.0471545,0.9808367,-0.1300275,0.1372176,15.54603,164.5338,3.380991,0.02821569,0.06220483,-0.9976622,-0.02894207,-0.009346769,-0.2034792,0.1676928,-0.5826704,-4.317932,-0.571971,-0.2071996,1.991002,-0.9578955,0.05681759,-0.2814389,0.1281859,0.9617386,-0.2421307,0.2569134,-0.2680124,-0.9285284,moving,-28.56121,25.59698,-16.02819,-5.94127
05/11/2023 13:09:52.878006,2469,True,True,True,True,Eyes,0.0852404,0.1671415,-2.723965,0.4451645,-0.3880829,-0.8069822,0.0,0.0,0.0,0.0,0.0,0.0,0.0,-0.7335681,-0.8731329,-2.601317,0.1113412,0.1806516,-2.832367,0.04960331,0.9798568,-0.1305555,0.1427428,15.665,163.9143,3.568894,0.02846487,0.06210316,-0.9976614,-0.02720555,-0.008785963,-0.1912704,0.2007143,-0.5975042,-4.317613,-0.5766412,-0.2071998,1.991002,-0.9543284,0.05993658,-0.2926869,0.13448,0.9609896,-0.2416903,0.266783,-0.2700123,-0.9251598,moving,-28.88293,25.6832,-16.15227,-5.941277
05/11/2023 13:09:52.897733,2470,True,True,True,True,Eyes,0.08681963,0.167502,-2.729238,0.4497305,-0.3887452,-0.8041266,0.0,0.0,0.0,0.0,0.0,0.0,0.0,-0.7655578,-0.8795745,-2.59969,0.1137258,0.1800051,-2.841265,0.0515877,0.978758,-0.1320238,0.1481256,15.88585,163.3031,3.688288,0.02874026,0.0620143,-0.9976588,-0.02557322,-0.008258806,-0.1797942,0.2310003,-0.6048672,-4.320243,-0.5807619,-0.2071995,1.991003,-0.9507951,0.06187154,-0.3035797,0.1400959,0.9598169,-0.2431558,0.2763365,-0.2737216,-0.9212571,moving,-29.21733,25.80088,-16.2616,-5.941266
05/11/2023 13:09:52.907745,2471,True,True,True,True,Eyes,0.08847009,0.1678339,-2.734663,0.4543701,-0.3894769,-0.8011588,0.0,0.0,0.0,0.0,0.0,0.0,0.0,-0.7958818,-0.9087262,-2.590886,0.1158495,0.1797831,-2.850641,0.05301089,0.977155,-0.1375238,0.1531188,16.55873,162.7239,3.67776,0.02903976,0.06193557,-0.9976549,-0.02403882,-0.007763277,-0.1690066,0.2590775,-0.6100343,-4.323202,-0.5849143,-0.2072001,1.991001,-0.9474893,0.06148474,-0.3138221,0.1457147,0.9565541,-0.2525302,0.2846611,-0.2849981,-0.915284,moving,-29.55935,25.92633,-16.37169,-5.941288
05/11/2023 13:09:52.927912,2472,True,True,True,True,Eyes,0.09014316,0.1681263,-2.740225,0.4590941,-0.3903959,-0.7980123,0.0,0.0,0.0,0.0,0.0,0.0,0.0,-0.8231742,-0.9179277,-2.589647,0.118353,0.1795523,-2.86011,0.05362651,0.9761334,-0.1391897,0.1578423,16.77801,162.1661,3.638116,0.02936316,0.06186457,-0.9976496,-0.02259649,-0.00729748,-0.1588662,0.2881208,-0.6204577,-4.323606,-0.5893329,-0.2071999,1.991001,-0.9444202,0.0607532,-0.3230788,0.1486333,0.9555008,-0.2548063,0.2932217,-0.2886645,-0.9114243,moving,-29.91169,26.06836,-16.48867,-5.941284
05/11/2023 13:09:52.937701,2473,True,True,True,True,Eyes,0.09186752,0.1683799,-2.745919,0.4639905,-0.391371,-0.7946959,0.0,0.0,0.0,0.0,0.0,0.0,0.0,-0.8516364,-0.9323792,-2.585267,0.1205289,0.1789379,-2.869089,0.054539,0.9748914,-0.1419778,0.162649,17.13159,161.6,3.608985,0.02970853,0.06179879,-0.9976431,-0.0212407,-0.006859632,-0.1493342,0.3177477,-0.6223938,-4.327029,-0.593702,-0.2072002,1.990999,-0.9411417,0.06015412,-0.3326168,0.1525243,0.9537356,-0.2590844,0.3016436,-0.2945672,-0.9067754,moving,-30.27892,26.21928,-16.60421,-5.941294
05/11/2023 13:09:52.957908,2474,True,True,True,True,Eyes,0.09361137,0.1686199,-2.751758,0.4690455,-0.3923793,-0.7912236,0.0,0.0,0.0,0.0,0.0,0.0,0.0,-0.8842101,-0.9456499,-2.579781,0.1229692,0.1783654,-2.878265,0.0558989,0.9734913,-0.1446483,0.1681278,17.48308,160.9592,3.618383,0.03007514,0.06173601,-0.9976357,-0.01996626,-0.006448054,-0.1403741,0.3462328,-0.6273198,-4.328915,-0.5980487,-0.2071999,1.991,-0.9372169,0.06019537,-0.3435132,0.157473,0.9519044,-0.2628315,0.3111705,-0.3004241,-0.90162,moving,-30.6599,26.37748,-16.71901,-5.941285
05/11/2023 13:09:52.977900,2475,True,True,True,True,Eyes,0.09536801,0.1688333,-2.757747,0.4742846,-0.3932101,-0.7876801,0.0,0.0,0.0,0.0,0.0,0.0,0.0,-0.9194052,-0.9477584,-2.577401,0.1251307,0.1782894,-2.88775,0.05688636,0.9723048,-0.1451637,0.1741124,17.58354,160.2541,3.612967,0.03046118,0.06167513,-0.9976274,-0.01876829,-0.006061171,-0.1319517,0.3712719,-0.6277194,-4.333085,-0.6023296,-0.2071996,1.991002,-0.9328979,0.06007213,-0.3550963,0.1611713,0.9513829,-0.2624775,0.322065,-0.302096,-0.897225,moving,-31.05334,26.52839,-16.83193,-5.941273
05/11/2023 13:09:52.987928,2476,True,True,True,True,Eyes,0.09714644,0.1690176,-2.76388,0.4797047,-0.3939582,-0.7840155,0.0,0.0,0.0,0.0,0.0,0.0,0.0,-0.9553908,-0.9472444,-2.575386,0.1273089,0.1778609,-2.89738,0.05737506,0.9711358,-0.1452076,0.1803284,17.62136,159.5122,3.553232,0.03086472,0.06161468,-0.9976184,-0.01764219,-0.0056975,-0.1240346,0.39459,-0.6264821,-4.338193,-0.6067101,-0.2072,1.991,-0.9283798,0.05906783,-0.3669094,0.163808,0.9512458,-0.2613398,0.3335842,-0.3027253,-0.892793,moving,-31.46063,26.67897,-16.94736,-5.941287
05/11/2023 13:09:53.007766,2477,True,True,True,True,Eyes,0.0989463,0.1691645,-2.770152,0.4852564,-0.3944853,-0.7803253,0.0,0.0,0.0,0.0,0.0,0.0,0.0,-0.9895269,-0.9435396,-2.57489,0.1295525,0.1773219,-2.907106,0.05710136,0.9701107,-0.1445498,0.1863606,17.56223,158.7804,3.422299,0.0312844,0.06155328,-0.9976087,-0.01658366,-0.005355651,-0.1165925,0.4186961,-0.6268689,-4.342128,-0.6110502,-0.2071999,1.991001,-0.9240184,0.05691249,-0.3780887,0.1646661,0.9516895,-0.2591757,0.3450727,-0.3017415,-0.8887502,moving,-31.876,26.8184,-17.06157,-5.941282
05/11/2023 13:09:53.027580,2478,True,True,True,True,Eyes,0.1007684,0.1692623,-2.776551,0.4909543,-0.3949798,-0.7765017,0.0,0.0,0.0,0.0,0.0,0.0,0.0,-1.02296,-0.938037,-2.574893,0.1317004,0.1765535,-2.916833,0.05678765,0.9691237,-0.143595,0.1922372,17.46697,158.0673,3.297002,0.03171892,0.06148941,-0.9975985,-0.01558864,-0.005034312,-0.109597,0.4453174,-0.6192838,-4.349355,-0.6154262,-0.2071999,1.991,-0.9196404,0.05485994,-0.388912,0.1652771,0.9523113,-0.2564892,0.3562943,-0.3001559,-0.8848511,moving,-32.30371,26.96088,-17.17659,-5.941283
05/11/2023 13:09:53.037853,2479,True,True,True,True,Eyes,0.1025999,0.1693142,-2.78308,0.4967593,-0.3954042,-0.7725838,0.0,0.0,0.0,0.0,0.0,0.0,0.0,-1.058151,-0.9340335,-2.573063,0.1340072,0.1754654,-2.926433,0.057225,0.967948,-0.1431292,0.1982829,17.44419,157.3445,3.246153,0.03216781,0.0614213,-0.9975889,-0.01465332,-0.004732253,-0.1030212,0.4761448,-0.6179377,-4.352193,-0.619858,-0.2071996,1.991001,-0.9148185,0.05402151,-0.4002362,0.1675418,0.9524787,-0.2543897,0.3674739,-0.2997767,-0.8803959,moving,-32.74038,27.10312,-17.29292,-5.941273
05/11/2023 13:09:53.057858,2480,True,True,True,True,Eyes,0.104445,0.1693168,-2.789745,0.5026854,-0.3958238,-0.7685251,0.0,0.0,0.0,0.0,0.0,0.0,0.0,-1.095208,-0.9317262,-2.569562,0.1360701,0.1744113,-2.936206,0.05794581,0.9666165,-0.143052,0.2045269,17.47296,156.6002,3.2157,0.03262637,0.0613479,-0.9975789,0.0,0.0,0.0,0.5066876,-0.6224265,-4.352777,-0.6240417,-0.2071996,1.991002,-0.9096223,0.0535068,-0.4119766,0.1705387,0.9523568,-0.2528498,0.3788195,-0.3002557,-0.8754101,moving,-33.18834,27.25043,-17.40261,-5.941273
05/11/2023 13:09:53.078059,2481,True,True,True,True,Eyes,0.106314,0.1692717,-2.796529,0.5086611,-0.3962238,-0.7643759,0.0,0.0,0.0,0.0,0.0,0.0,0.0,-1.131113,-0.9285762,-2.566685,0.1381972,0.1732302,-2.946257,0.05861361,0.9653184,-0.142818,0.2105423,17.48229,155.8823,3.186765,0.03309658,0.06126733,-0.9975687,0.0,0.0,0.0,0.5361808,-0.6247079,-4.35383,-0.6284295,-0.2071998,1.991001,-0.9044729,0.05302313,-0.4232228,0.1733001,0.9523349,-0.2510485,0.3897384,-0.300411,-0.8705501,moving,-33.64215,27.40053,-17.51752,-5.94128
05/11/2023 13:09:53.087492,2482,True,True,True,True,Eyes,0.1531806,0.1668893,-2.969542,0.6516663,-0.3988454,-0.645177,0.0,0.0,0.0,0.0,0.0,0.0,0.0,-1.166832,-0.9262472,-2.563086,0.1400481,0.1720989,-2.956282,0.05982266,0.9639575,-0.142841,0.2163419,17.53387,155.1977,3.218056,0.03357782,0.06117839,-0.9975585,0.0,0.0,0.0,0.5650331,-0.6314833,-4.35281,-0.6326811,-0.2071998,1.991001,-0.899235,0.05352802,-0.434179,0.177138,0.9520354,-0.2495009,0.3999985,-0.3012696,-0.8655854,moving,-45.2867,31.72416,-17.62872,-5.941281
05/11/2023 13:09:53.107840,2483,True,True,True,True,Eyes,0.153256,0.1668262,-2.969943,0.6519769,-0.3987821,-0.6449023,0.0,0.0,0.0,0.0,0.0,0.0,0.0,-1.202186,-0.9188904,-2.56136,0.1420239,0.1707978,-2.966619,0.06087863,0.9627122,-0.1419577,0.2220972,17.47987,154.5189,3.255146,0.03546242,0.06063374,-0.9975268,0.1405997,-0.007146969,-0.5190411,0.5936607,-0.6328995,-4.354005,-0.6370009,-0.2071998,1.991001,-0.8939334,0.0541604,-0.4449158,0.180274,0.9522836,-0.2462868,0.410347,-0.3003707,-0.8610419,moving,-45.31255,31.73101,-17.74156,-5.941281
05/11/2023 13:09:53.127802,2484,True,True,True,True,Eyes,0.1534044,0.1667055,-2.97074,0.6526048,-0.3987157,-0.6443079,2.097663,1.52235,-0.6696658,-4.322281,0.04597969,-0.6042806,0.7954438,-0.6566966,-0.2186034,1.983799,0.143769,0.1692257,-2.976817,0.06193363,0.9613399,-0.1412492,0.2281197,17.4476,153.8059,3.283126,0.03707527,0.06016772,-0.9974966,0.1321637,-0.006718151,-0.4878986,0.6211216,-0.6332832,-4.356047,-0.6414294,-0.2072001,1.991001,-0.8882514,0.0546351,-0.4560973,0.183522,0.9524258,-0.2433203,0.421105,-0.2998334,-0.8560202,moving,-45.36654,31.75038,-17.85709,-5.941288
05/11/2023 13:09:53.138101,2485,True,True,True,True,Eyes,0.1535918,0.1665302,-2.97194,0.6535283,-0.3985896,-0.6434493,0.0,0.0,0.0,0.0,0.0,0.0,0.0,-1.277842,-0.9043561,-2.553911,0.1456349,0.1677293,-2.987283,0.06316722,0.9598665,-0.140508,0.2343587,17.41828,153.0686,3.328948,0.03851666,0.059747,-0.9974675,0.1242339,-0.006315062,-0.4586247,0.6458833,-0.6321872,-4.359425,-0.6457355,-0.2071997,1.991002,-0.882172,0.05540568,-0.467657,0.1871227,0.9525349,-0.2401301,0.432155,-0.2993452,-0.8506672,moving,-45.44525,31.77646,-17.96928,-5.941275
05/11/2023 13:09:53.157927,2486,True,True,True,True,Eyes,0.1538327,0.1663006,-2.973511,0.6547701,-0.3984708,-0.6422593,0.0,0.0,0.0,0.0,0.0,0.0,0.0,-1.318069,-0.8944278,-2.549438,0.1473086,0.1661699,-2.997937,0.06427115,0.9583462,-0.1393757,0.2408659,17.34362,152.2971,3.366109,0.0398181,0.0593601,-0.9974398,0.1167798,-0.005936158,-0.4311072,0.6679993,-0.6286292,-4.365113,-0.6501522,-0.2071999,1.991001,-0.875706,0.05604634,-0.4795815,0.1903297,0.9528873,-0.2361789,0.4437501,-0.2981018,-0.8451164,moving,-45.55264,31.81631,-18.08422,-5.941284
05/11/2023 13:09:53.177967,2487,True,True,True,True,Eyes,0.1541101,0.1660328,-2.97546,0.6562918,-0.3983891,-0.6407552,0.0,0.0,0.0,0.0,0.0,0.0,0.0,-1.359133,-0.8881421,-2.542567,0.1487976,0.1646349,-3.008561,0.06517976,0.9566599,-0.1388979,0.2475095,17.33879,151.5012,3.360386,0.04099472,0.05900117,-0.9974136,0.1097731,-0.005579989,-0.4052408,0.6845632,-0.626394,-4.370537,-0.6501527,-0.2071998,1.991002,-0.8689814,0.05595263,-0.4916715,0.1934668,0.9529179,-0.2334908,0.4554582,-0.2980212,-0.8388929,static,-45.68629,31.87126,-18.08422,-5.941276
05/11/2023 13:09:53.197450,2488,True,True,True,True,Eyes,0.154435,0.1657428,-2.97778,0.6581235,-0.3983219,-0.6389155,0.0,0.0,0.0,0.0,0.0,0.0,0.0,-1.402067,-0.885288,-2.533256,0.1502481,0.1634141,-3.019542,0.06664658,0.9547365,-0.1391422,0.2543149,17.43279,150.6893,3.394319,0.04205946,0.05866549,-0.9973893,0.1031867,-0.00524519,-0.3809263,0.7000032,-0.6259702,-4.375931,-0.6501525,-0.2071999,1.991001,-0.8617643,0.05648794,-0.504154,0.1980317,0.9523954,-0.2317899,0.4670606,-0.2995867,-0.8319268,static,-45.84844,31.94083,-18.08422,-5.941282
05/11/2023 13:09:53.217420,2489,True,True,True,True,Eyes,0.1548179,0.165414,-2.980439,0.6602587,-0.3981406,-0.6368222,0.0,0.0,0.0,0.0,0.0,0.0,0.0,-1.447105,-0.8770226,-2.524382,0.1516754,0.1625967,-3.030898,0.06805343,0.9528078,-0.1384033,0.2614776,17.41751,149.836,3.443184,0.04302477,0.05834923,-0.9973668,0.09699547,-0.004930478,-0.3580708,0.7144628,-0.6238999,-4.382332,-0.6501523,-0.2072001,1.991,-0.8539964,0.05730498,-0.5171134,0.2020624,0.9524265,-0.2281546,0.4794381,-0.2993324,-0.8249479,static,-46.03514,32.01358,-18.08422,-5.941289
05/11/2023 13:09:53.227668,2490,True,True,True,True,Eyes,0.155239,0.1650815,-2.983438,0.6626406,-0.3980939,-0.6343726,0.0,0.0,0.0,0.0,0.0,0.0,0.0,-1.489231,-0.8702594,-2.515814,0.1527312,0.1612591,-3.042227,0.06729549,0.9510463,-0.1375004,0.2684698,17.31783,148.968,3.253009,0.04390156,0.0580487,-0.9973463,0.09117574,-0.004634649,-0.3365865,0.7281211,-0.6264287,-4.387248,-0.6501523,-0.2071999,1.991001,-0.8467906,0.05417285,-0.5291607,0.2018316,0.9531299,-0.2254048,0.4921481,-0.297672,-0.8180353,static,-46.24855,32.1099,-18.08421,-5.941281
05/11/2023 13:09:53.237687,2491,True,True,True,True,Eyes,0.155642,0.164742,-2.986821,0.6653064,-0.397851,-0.6317294,0.0,0.0,0.0,0.0,0.0,0.0,0.0,-1.530025,-0.8791133,-2.50199,0.1540404,0.1608428,-3.05355,0.06753284,0.9488847,-0.1394068,0.2749963,17.56001,148.154,3.095802,0.04469978,0.05776145,-0.9973277,0.0857052,-0.004356571,-0.3163913,0.7417616,-0.626715,-4.393465,-0.6501524,-0.2071998,1.991001,-0.8396329,0.05148907,-0.5407086,0.2048344,0.9520102,-0.2274193,0.5030504,-0.3017045,-0.8098858,static,-46.48291,32.20193,-18.08422,-5.941277
05/11/2023 13:09:53.257863,2492,True,True,True,True,Eyes,0.1560538,0.1644069,-2.990525,0.6682124,-0.3976481,-0.6287831,0.0,0.0,0.0,0.0,0.0,0.0,0.0,-1.571179,-0.8644179,-2.49616,0.1552547,0.1602432,-3.065428,0.0678953,0.9472572,-0.1372214,0.2815395,17.34943,147.3652,3.084591,0.04542555,0.05748543,-0.9973109,0.08056289,-0.004095176,-0.2974078,0.757537,-0.6276297,-4.398529,-0.6501526,-0.2071999,1.991001,-0.8322516,0.0513621,-0.5520139,0.2058951,0.953121,-0.2217375,0.514747,-0.2981984,-0.8038117,static,-46.74128,32.30963,-18.08422,-5.941281
05/11/2023 13:09:53.277817,2493,True,True,True,True,Eyes,0.1564722,0.1640825,-2.994563,0.6712781,-0.3974936,-0.6256073,0.0,0.0,0.0,0.0,0.0,0.0,0.0,-1.613646,-0.8631595,-2.483704,0.1558414,0.1600082,-3.076978,0.06828065,0.9451923,-0.1374207,0.2882098,17.40574,146.5434,2.995501,0.04608631,0.05721894,-0.9972961,0.07572912,-0.003849466,-0.2795634,0.7739487,-0.6333538,-4.401286,-0.6501527,-0.2071998,1.991002,-0.824546,0.0498647,-0.5635937,0.2082887,0.9529066,-0.2204197,0.5260611,-0.2991363,-0.7961015,static,-47.01688,32.43075,-18.08422,-5.941278
05/11/2023 13:09:53.297367,2494,True,True,True,True,Eyes,0.1569092,0.1638024,-2.998922,0.6745603,-0.397263,-0.6222142,0.0,0.0,0.0,0.0,0.0,0.0,0.0,-1.656222,-0.8675996,-2.469096,0.1565279,0.159924,-3.089037,0.06875292,0.9429419,-0.1386087,0.2948244,17.57415,145.7203,2.881824,0.04668742,0.05696114,-0.997283,0.07118537,-0.003618498,-0.2627896,0.7871796,-0.6405845,-4.40489,-0.6501525,-0.2071999,1.991001,-0.8167036,0.04792958,-0.575064,0.2113905,0.9521213,-0.2208598,0.536945,-0.3019399,-0.7877327,static,-47.31157,32.55688,-18.08422,-5.941281
05/11/2023 13:09:53.307789,2495,True,True,True,True,Eyes,0.1573666,0.1635941,-3.003597,0.6779957,-0.3969897,-0.6186445,0.0,0.0,0.0,0.0,0.0,0.0,0.0,-1.696257,-0.8584222,-2.46051,0.157374,0.1606809,-3.101242,0.06887889,0.9411777,-0.1371322,0.3010566,17.43385,144.9578,2.828841,0.04723619,0.05671153,-0.9972715,0.06691425,-0.003401388,-0.2470222,0.7989744,-0.6480884,-4.408769,-0.6501526,-0.2071999,1.991002,-0.8092412,0.04708546,-0.5855864,0.2122236,0.9529009,-0.2166586,0.5478044,-0.2996043,-0.7811193,static,-47.62077,32.68866,-18.08421,-5.941279
05/11/2023 13:09:53.327802,2496,True,True,True,True,Eyes,0.15786,0.1634927,-3.008586,0.6815954,-0.3967218,-0.6148492,0.0,0.0,0.0,0.0,0.0,0.0,0.0,-1.737829,-0.8512792,-2.449808,0.1582232,0.1621997,-3.11367,0.07026305,0.939187,-0.1362749,0.3072785,17.40691,144.21,2.897329,0.04773625,0.05647194,-0.9972613,0.0628994,-0.003197304,-0.2322009,0.8139262,-0.645779,-4.415718,-0.6501521,-0.2071998,1.991001,-0.801286,0.04823158,-0.5963342,0.215729,0.9529845,-0.2127946,0.5580338,-0.2991559,-0.7740182,static,-47.94722,32.8315,-18.08421,-5.941278
05/11/2023 13:09:53.338046,2497,True,True,True,True,Eyes,0.1583745,0.1634717,-3.013876,0.6853783,-0.3963236,-0.6108881,0.0,0.0,0.0,0.0,0.0,0.0,0.0,-1.779889,-0.8425326,-2.438987,0.1595552,0.1646644,-3.126331,0.07175917,0.9371598,-0.1350407,0.3136018,17.34455,143.4527,2.990707,0.04819354,0.05624418,-0.9972523,0.05912543,-0.003005466,-0.2182688,0.8317375,-0.6515223,-4.417151,-0.6501526,-0.2072001,1.991001,-0.7930092,0.0498016,-0.6071708,0.2191977,0.9532292,-0.2081019,0.5684091,-0.2981171,-0.766836,static,-48.2889,32.97415,-18.08422,-5.941289
05/11/2023 13:09:53.357919,2498,True,True,True,True,Eyes,0.1589004,0.1635256,-3.019427,0.6893411,-0.39602,-0.6066111,0.0,0.0,0.0,0.0,0.0,0.0,0.0,-1.826194,-0.8260975,-2.426795,0.1605435,0.1665395,-3.138988,0.07249081,0.9350173,-0.1324958,0.3208312,17.11474,142.5791,3.031482,0.04861356,0.05602869,-0.9972441,0.0555779,-0.002825138,-0.2051727,0.8510343,-0.651442,-4.421142,-0.6501524,-0.2072,1.991001,-0.7836248,0.05054276,-0.6191748,0.2205778,0.95438,-0.201257,0.5807559,-0.2942862,-0.7590244,static,-48.65265,33.13811,-18.08422,-5.941286
05/11/2023 13:09:53.377716,2499,True,True,True,True,Eyes,0.159457,0.1636634,-3.025229,0.6934661,-0.3958286,-0.6020169,0.0,0.0,0.0,0.0,0.0,0.0,0.0,-1.871031,-0.829034,-2.407209,0.1613165,0.1683996,-3.150925,0.07305259,0.9324266,-0.1332987,0.3278348,17.24636,141.7019,2.930889,0.04899986,0.05582623,-0.9972358,0.05224323,-0.00265563,-0.1928623,0.8714014,-0.6487769,-4.424685,-0.6501526,-0.2072001,1.991001,-0.7743756,0.04883241,-0.6308393,0.2236322,0.9537896,-0.2006842,0.5918881,-0.2964809,-0.7495118,static,-49.03786,33.32508,-18.08422,-5.941286
05/11/2023 13:09:53.387447,2500,True,True,True,True,Eyes,0.1600375,0.1638998,-3.031263,0.697777,-0.3956884,-0.5971079,0.0,0.0,0.0,0.0,0.0,0.0,0.0,-1.91589,-0.8380846,-2.384814,0.1624722,0.1705618,-3.163048,0.07349118,0.9296216,-0.1350799,0.3348973,17.47985,140.8033,2.77403,0.04935581,0.05563819,-0.9972281,0.04910864,-0.002496292,-0.1812906,0.8910209,-0.6613488,-4.421245,-0.6501524,-0.2071998,1.991002,-0.7648858,0.0461622,-0.6425099,0.2271138,0.952705,-0.2019223,0.6028012,-0.3003703,-0.7391946,static,-49.44545,33.53144,-18.08421,-5.941278
05/11/2023 13:09:53.407846,2501,True,True,True,True,Eyes,0.1606257,0.1642073,-3.037511,0.7022808,-0.3955863,-0.5918725,0.0,0.0,0.0,0.0,0.0,0.0,0.0,-1.960313,-0.843706,-2.36251,0.1635981,0.173157,-3.174803,0.07316194,0.9268939,-0.1359827,0.3420873,17.5861,139.8811,2.560766,0.04968478,0.05546598,-0.9972209,0.04616212,-0.002346514,-0.1704132,0.9135113,-0.6555303,-4.425158,-0.6501527,-0.2071997,1.991002,-0.7552471,0.04259079,-0.6540548,0.2286626,0.9523121,-0.2020275,0.6142597,-0.3021386,-0.7289699,static,-49.87628,33.75735,-18.08422,-5.941274
05/11/2023 13:09:53.427444,2502,True,True,True,True,Eyes,0.1612488,0.1645743,-3.043953,0.7069714,-0.3955001,-0.5863199,0.0,0.0,0.0,0.0,0.0,0.0,0.0,-2.003906,-0.8555533,-2.336843,0.164757,0.1751068,-3.186006,0.07209821,0.923982,-0.1378491,0.3493662,17.76524,138.9231,2.221553,0.04998931,0.05530997,-0.9972141,0.04339239,-0.002205723,-0.1601884,0.9372165,-0.6568902,-4.423752,-0.6501523,-0.2071999,1.991,-0.7454903,0.03691526,-0.6654936,0.2295545,0.9515989,-0.2043628,0.6257389,-0.3051175,-0.7178819,static,-50.32971,34.0015,-18.08422,-5.941285
05/11/2023 13:09:53.437891,2503,True,True,True,True,Eyes,0.1619212,0.1650114,-3.050564,0.7117756,-0.395433,-0.5805241,0.0,0.0,0.0,0.0,0.0,0.0,0.0,-2.043851,-0.8722943,-2.311504,0.1661828,0.1768654,-3.197245,0.06960072,0.9211907,-0.1400154,0.3563133,17.91232,137.9775,1.7135,0.05027262,0.05517014,-0.9972075,0.04078885,-0.00207338,-0.1505771,0.9603993,-0.6563105,-4.423618,-0.650152,-0.2072,1.991,-0.7363933,0.02845236,-0.6759553,0.2280098,0.9511029,-0.2083624,0.6369746,-0.3075611,-0.7068732,static,-50.79932,34.26134,-18.08421,-5.941286
05/11/2023 13:09:53.458008,2504,True,True,True,True,Eyes,0.1626752,0.1655066,-3.057323,0.716736,-0.3951689,-0.5745704,0.0,0.0,0.0,0.0,0.0,0.0,0.0,-2.081244,-0.8868581,-2.28764,0.1681077,0.1789407,-3.207976,0.06792498,0.9184953,-0.141962,0.3627665,18.06313,137.1048,1.312672,0.05053809,0.05504687,-0.9972007,0.03834152,-0.001948977,-0.1415424,0.9810296,-0.6498632,-4.427262,-0.6501523,-0.2072,1.991001,-0.7275734,0.0217794,-0.6856841,0.2277757,0.9504659,-0.2115011,0.6471131,-0.3100647,-0.6964946,static,-51.28264,34.5188,-18.08422,-5.941286
05/11/2023 13:09:53.477702,2505,True,True,True,True,Eyes,0.1635348,0.1660384,-3.06418,0.7217889,-0.3946894,-0.5685429,0.0,0.0,0.0,0.0,0.0,0.0,0.0,-2.119065,-0.8745751,-2.272625,0.1707871,0.1807729,-3.218431,0.06679913,0.9163535,-0.1394835,0.3692947,17.75632,136.283,1.167351,0.05078986,0.0549401,-0.9971938,0.03604103,-0.001832039,-0.1330499,0.9994764,-0.6505438,-4.427782,-0.6501522,-0.2071999,1.991001,-0.7183185,0.01940221,-0.6954437,0.2254442,0.9521645,-0.2062951,0.6581742,-0.3049694,-0.6883315,static,-51.77299,34.76886,-18.08421,-5.941284
05/11/2023 13:09:53.487614,2506,True,True,True,True,Eyes,0.1644762,0.166578,-3.07115,0.7269701,-0.3941001,-0.5623162,0.0,0.0,0.0,0.0,0.0,0.0,0.0,-2.15902,-0.8549844,-2.256928,0.1734824,0.1821458,-3.228439,0.06639556,0.9140958,-0.1361568,0.3761407,17.38968,135.4408,1.138168,0.05103248,0.05484918,-0.9971864,0.03387857,-0.001722116,-0.1250669,1.019307,-0.643794,-4.431445,-0.6501527,-0.2072001,1.991,-0.7082197,0.01895562,-0.7057377,0.223812,0.9541059,-0.1989725,0.6695768,-0.2988688,-0.6799591,static,-52.27781,35.02475,-18.08423,-5.941288
05/11/2023 13:09:53.507914,2507,True,True,True,True,Eyes,0.1655181,0.1671357,-3.078226,0.7321407,-0.3935142,-0.5559826,0.0,0.0,0.0,0.0,0.0,0.0,0.0,-2.202097,-0.8328606,-2.237833,0.1763621,0.1827404,-3.238254,0.0673167,0.9114596,-0.1331104,0.3833947,17.1136,134.5593,1.237784,0.05126927,0.05477253,-0.9971785,0.03184585,-0.001618789,-0.1175629,1.040497,-0.6341167,-4.435227,-0.6501525,-0.2071999,1.991001,-0.6969539,0.02064528,-0.7168186,0.2247806,0.9555001,-0.1910318,0.6809764,-0.2942672,-0.6705803,static,-52.78722,35.29015,-18.08422,-5.941281
05/11/2023 13:09:53.527678,2508,True,True,True,True,Eyes,0.1666636,0.1677215,-3.0854,0.7373909,-0.3928979,-0.5494415,0.0,0.0,0.0,0.0,0.0,0.0,0.0,-2.24629,-0.8078139,-2.217875,0.1796087,0.1837358,-3.248281,0.06947455,0.9086551,-0.1300097,0.3906617,16.8909,133.6904,1.477806,0.05150377,0.05470911,-0.99717,0.0299351,-0.001521662,-0.1105091,1.061634,-0.627584,-4.437508,-0.650152,-0.2072001,1.991,-0.6851135,0.02467715,-0.7280183,0.2278365,0.9565415,-0.181986,0.6918888,-0.2905502,-0.6609619,static,-53.30963,35.56803,-18.08421,-5.941289
05/11/2023 13:09:53.537911,2509,True,True,True,True,Eyes,0.1679399,0.1683238,-3.09267,0.7427098,-0.3921896,-0.5427426,0.0,0.0,0.0,0.0,0.0,0.0,0.0,-2.289933,-0.7836805,-2.196399,0.1832647,0.185109,-3.257954,0.0717533,0.905724,-0.1271097,0.3979429,16.69997,132.8151,1.723795,0.05173929,0.05465828,-0.9971606,0.028139,-0.001430362,-0.1038786,1.083845,-0.6167012,-4.441027,-0.6501522,-0.2072001,1.990999,-0.672986,0.0288126,-0.739094,0.2311422,0.9573892,-0.1731452,0.7026117,-0.28736,-0.6509693,static,-53.84216,35.85213,-18.08422,-5.941294
05/11/2023 13:09:53.558056,2510,True,True,True,True,Eyes,0.1693539,0.1689203,-3.099988,0.7481095,-0.3914533,-0.5358138,0.0,0.0,0.0,0.0,0.0,0.0,0.0,-2.32954,-0.7636745,-2.176358,0.1878479,0.1860655,-3.267503,0.07214256,0.9029771,-0.1241903,0.4049748,16.42224,131.9447,1.774238,0.05197964,0.0546191,-0.9971503,0.02645065,-0.00134454,-0.09764586,1.106919,-0.6012009,-4.44597,-0.6501523,-0.2071999,1.991001,-0.6615818,0.02969827,-0.7492848,0.2308741,0.9587444,-0.1658502,0.7134472,-0.2827139,-0.6411445,static,-54.38886,36.151,-18.08421,-5.941283
05/11/2023 13:09:53.577714,2511,True,True,True,True,Eyes,0.1709,0.1695011,-3.107356,0.753538,-0.3908673,-0.528586,0.0,0.0,0.0,0.0,0.0,0.0,0.0,-2.367112,-0.7559214,-2.151803,0.1925631,0.1864977,-3.27613,0.07201727,0.8999758,-0.1232647,0.4119018,16.33175,131.0553,1.676853,0.05222853,0.05459011,-0.9971389,0.0,0.0,0.0,1.131571,-0.5882102,-4.448394,-0.6501527,-0.2072001,1.991001,-0.6503012,0.02808168,-0.7591576,0.2311735,0.9592387,-0.1625424,0.7236488,-0.2811986,-0.6302857,static,-54.95141,36.48138,-18.08422,-5.941287
05/11/2023 13:09:53.587600,2512,True,True,True,True,Eyes,0.1725955,0.1700474,-3.114741,0.7590324,-0.3903545,-0.5210501,0.0,0.0,0.0,0.0,0.0,0.0,0.0,-2.406714,-0.7501773,-2.123038,0.1975349,0.1866916,-3.284578,0.07254002,0.8965786,-0.1230603,0.419215,16.34892,130.1118,1.606304,0.05248911,0.05456964,-0.9971263,0.0,0.0,0.0,1.154639,-0.5847463,-4.446785,-0.6501521,-0.2071999,1.991001,-0.6379939,0.02689817,-0.7695718,0.2332531,0.9591882,-0.1598468,0.7338647,-0.2814863,-0.6182303,static,-55.53172,36.83941,-18.08421,-5.941283
05/11/2023 13:09:53.607836,2513,True,True,True,True,Eyes,0.1744201,0.1705853,-3.122131,0.7644633,-0.390247,-0.5131308,0.0,0.0,0.0,0.0,0.0,0.0,0.0,-2.448251,-0.7438338,-2.090349,0.2028226,0.18641,-3.292551,0.07341421,0.8928125,-0.1230788,0.4270222,16.40778,129.1012,1.551655,0.05276475,0.05455567,-0.9971125,0.0,0.0,0.0,1.176904,-0.5808116,-4.445694,-0.6501526,-0.2072001,1.991,-0.6245248,0.02597543,-0.780573,0.236205,0.9589239,-0.1570737,0.74443,-0.2824717,-0.6050074,static,-56.1293,37.25377,-18.08423,-5.941292
05/11/2023 13:09:53.627564,2514,True,True,True,True,Eyes,0.1764103,0.1711159,-3.129531,0.7699193,-0.3903165,-0.5048536,0.0,0.0,0.0,0.0,0.0,0.0,0.0,-2.492527,-0.7502065,-2.047676,0.2079848,0.1868181,-3.300047,0.07621046,0.888204,-0.1261303,0.4351747,16.88122,128.0225,1.533212,0.05305787,0.05454724,-0.9970973,0.0,0.0,0.0,1.198611,-0.5743698,-4.445978,-0.650152,-0.2071999,1.991,-0.6096302,0.02560344,-0.7922727,0.2451583,0.9565663,-0.1577291,0.753823,-0.2903886,-0.5894286,static,-56.74623,37.70862,-18.08421,-5.941285
05/11/2023 13:09:53.638222,2515,True,True,True,True,Eyes,0.1785569,0.1716164,-3.136906,0.7752814,-0.3905584,-0.49639,0.0,0.0,0.0,0.0,0.0,0.0,0.0,-2.536119,-0.7474779,-2.008037,0.2139698,0.1872047,-3.30787,0.07820687,0.88376,-0.1273076,0.4434465,17.12035,126.9361,1.518413,0.05337173,0.05454351,-0.9970806,0.0,0.0,0.0,1.216491,-0.5892593,-4.437825,-0.6501523,-0.2072,1.991,-0.5944781,0.02532404,-0.8037131,0.2511404,0.955353,-0.1556576,0.7638878,-0.2943798,-0.5742962,static,-57.36975,38.19558,-18.08422,-5.941287
05/11/2023 13:09:53.662479,2516,True,True,True,True,Eyes,0.180866,0.1720956,-3.144253,0.7805988,-0.3910677,-0.4875771,0.0,0.0,0.0,0.0,0.0,0.0,0.0,-2.576292,-0.7470343,-1.969048,0.2197825,0.1870338,-3.314996,0.07948307,0.8794565,-0.1286512,0.4513178,17.33935,125.8849,1.421421,0.05370903,0.05454307,-0.9970623,0.0,0.0,0.0,1.235101,-0.595028,-4.433991,-0.6501528,-0.2071999,1.991001,-0.5799895,0.02367865,-0.8142798,0.255929,0.9542626,-0.154542,0.7733774,-0.2980305,-0.5595223,static,-58.0103,38.73182,-18.08422,-5.941281
05/11/2023 13:09:53.677866,2517,True,True,True,True,Eyes,0.1833425,0.1725573,-3.151589,0.7858613,-0.3915412,-0.4786623,0.0,0.0,0.0,0.0,0.0,0.0,0.0,-2.615907,-0.7519304,-1.926828,0.226032,0.1870536,-3.32189,0.08188161,0.8748226,-0.1314328,0.4590276,17.76614,124.8397,1.359929,0.05407235,0.05454492,-0.9970424,0.0,0.0,0.0,1.253045,-0.6040748,-4.427734,-0.6501518,-0.2071999,1.991001,-0.5651782,0.02260116,-0.8246593,0.2639263,0.9520416,-0.1547889,0.7816116,-0.3051326,-0.5440382,static,-58.65472,39.28284,-18.0842,-5.941282
05/11/2023 13:09:53.697444,2518,True,True,True,True,Eyes,0.1859902,0.1729842,-3.158885,0.7911416,-0.3920195,-0.4694846,0.0,0.0,0.0,0.0,0.0,0.0,0.0,-2.65491,-0.73838,-1.890836,0.2328662,0.1870896,-3.328631,0.08311046,0.8706346,-0.1305247,0.4669598,17.75198,123.8012,1.372874,0.05446411,0.05454829,-0.9970205,0.0,0.0,0.0,1.26843,-0.6258206,-4.416615,-0.6501527,-0.2071998,1.991001,-0.5500823,0.02281806,-0.8347986,0.2666173,0.9521119,-0.1496602,0.7914068,-0.3048972,-0.5298237,static,-59.31397,39.86187,-18.08422,-5.94128
05/11/2023 13:09:53.708010,2519,True,True,True,True,Eyes,0.1888191,0.1733841,-3.16614,0.7963138,-0.3923812,-0.4603492,0.0,0.0,0.0,0.0,0.0,0.0,0.0,-2.693442,-0.7224727,-1.854451,0.2396425,0.186684,-3.335162,0.08458357,0.8663791,-0.1294407,0.4748453,17.73516,122.7693,1.421856,0.05488659,0.05455196,-0.9969967,0.0,0.0,0.0,1.285378,-0.6326575,-4.41191,-0.6501526,-0.2071999,1.991001,-0.5347351,0.02363424,-0.8446892,0.2694915,0.9521815,-0.1439612,0.800895,-0.3046177,-0.515534,static,-59.96778,40.4428,-18.08422,-5.941282
05/11/2023 13:09:53.727891,2520,True,True,True,True,Eyes,0.264698,0.1823092,-3.346673,0.8989565,-0.3828913,-0.2127708,0.0,0.0,0.0,0.0,0.0,0.0,0.0,-2.730737,-0.7048857,-1.818541,0.2469183,0.1864522,-3.341428,0.08663234,0.8620921,-0.1283179,0.4825211,17.74899,121.7676,1.536526,0.05534134,0.05455514,-0.9969718,0.0,0.0,0.0,1.301384,-0.644269,-4.404546,-0.6501524,-0.2071998,1.991001,-0.5193365,0.0255379,-0.8541883,0.2732023,0.9520587,-0.1376398,0.8097224,-0.3048476,-0.5014158,static,-76.68391,60.93929,-18.08421,-5.941279
05/11/2023 13:09:53.737911,2521,True,True,True,True,Eyes,0.2650221,0.1822716,-3.346882,0.899062,-0.382794,-0.2124996,0.0,0.0,0.0,0.0,0.0,0.0,0.0,-2.765664,-0.6696411,-1.791994,0.2549126,0.18575,-3.347996,0.08772175,0.8584902,-0.1236701,0.4899035,17.3549,120.8467,1.76774,0.05801962,0.05451743,-0.9968219,0.2276369,0.02677506,-0.5415995,1.319215,-0.6561499,-4.395597,-0.6501521,-0.2071998,1.991002,-0.5045992,0.02944366,-0.8628517,0.2717894,0.9540212,-0.1263888,0.8194575,-0.2982896,-0.4894008,static,-76.70179,60.96412,-18.0842,-5.941277
05/11/2023 13:09:53.757743,2522,True,True,True,True,Eyes,0.2656689,0.1822066,-3.347319,0.8993031,-0.382688,-0.211669,0.0,0.0,0.0,0.0,0.0,0.0,0.0,-2.799105,-0.6478922,-1.759779,0.2627319,0.1848592,-3.353859,0.08944028,0.854469,-0.1217335,0.4970558,17.27442,119.916,1.910296,0.06028751,0.05448443,-0.9966894,0.2139787,0.02516856,-0.5091035,1.339493,-0.6593665,-4.388873,-0.6501528,-0.2071999,1.991001,-0.4898722,0.03183116,-0.8712131,0.2738646,0.9543628,-0.1191214,0.8276616,-0.2969487,-0.4762333,static,-76.75536,61.05253,-18.08422,-5.941282
05/11/2023 13:09:53.777565,2523,True,True,True,True,Eyes,0.2666436,0.1821006,-3.347944,0.899645,-0.3825281,-0.2105024,0.0,0.0,0.0,0.0,0.0,0.0,0.0,-2.831646,-0.6277686,-1.727546,0.2711563,0.1841396,-3.359954,0.09108225,0.8503981,-0.1199954,0.5041115,17.21264,118.9897,2.035639,0.06222371,0.05445401,-0.9965724,0.20114,0.02365845,-0.4785573,1.361122,-0.6603664,-4.382235,-0.650153,-0.2072,1.991001,-0.4751515,0.03393025,-0.8792498,0.2758944,0.9546102,-0.1122565,0.8355319,-0.2959189,-0.4629457,static,-76.83064,61.17634,-18.08423,-5.941285
05/11/2023 13:09:53.797641,2524,True,True,True,True,Eyes,0.2679306,0.1819378,-3.348761,0.9000783,-0.3824122,-0.2088539,0.0,0.0,0.0,0.0,0.0,0.0,0.0,-2.861411,-0.6083488,-1.697455,0.2798187,0.1830884,-3.365604,0.09201445,0.8465526,-0.1180213,0.5108359,17.08746,118.101,2.11109,0.06392949,0.05442338,-0.9964663,0.1890716,0.02223894,-0.4498439,1.383226,-0.6576375,-4.377091,-0.6501524,-0.2071998,1.991001,-0.4611604,0.03521108,-0.8866181,0.2763692,0.9552086,-0.105814,0.8431794,-0.2938311,-0.4502356,static,-76.93629,61.3589,-18.08422,-5.941281
05/11/2023 13:09:53.807949,2525,True,True,True,True,Eyes,0.2695108,0.1817146,-3.349788,0.9005545,-0.3824965,-0.2066349,0.0,0.0,0.0,0.0,0.0,0.0,0.0,-2.888849,-0.5953844,-1.667718,0.2886444,0.1815712,-3.371191,0.09338904,0.8427275,-0.1173989,0.517017,17.12384,117.2665,2.159352,0.065501,0.0543894,-0.9963664,0.1777273,0.0209046,-0.4228533,1.404743,-0.6540433,-4.372576,-0.6501523,-0.2071996,1.991002,-0.4479442,0.03600857,-0.8933365,0.2787974,0.9549919,-0.1013031,0.8494813,-0.294438,-0.4378221,static,-77.07701,61.6209,-18.0842,-5.941269
05/11/2023 13:09:53.827958,2526,True,True,True,True,Eyes,0.2714024,0.1814367,-3.350972,0.9010668,-0.382683,-0.2040402,0.0,0.0,0.0,0.0,0.0,0.0,0.0,-2.913691,-0.5836114,-1.640297,0.2977821,0.1798843,-3.376349,0.09482323,0.839096,-0.1169735,0.5227271,17.18377,116.4911,2.210016,0.06695902,0.05435029,-0.9962718,0.1670636,0.01965033,-0.3974821,1.425705,-0.6538659,-4.366378,-0.6501521,-0.2071999,1.991001,-0.4355298,0.03684114,-0.8994201,0.281422,0.9546515,-0.09717066,0.8550529,-0.2954374,-0.4261472,static,-77.24095,61.9342,-18.08421,-5.941281
05/11/2023 13:09:53.837568,2527,True,True,True,True,Eyes,0.2736016,0.1811081,-3.352313,0.9015924,-0.3829986,-0.2011047,0.0,0.0,0.0,0.0,0.0,0.0,0.0,-2.936498,-0.5744467,-1.614705,0.3071826,0.1783176,-3.381438,0.0966416,0.8355982,-0.1171116,0.5279403,17.32302,115.7759,2.272358,0.06832466,0.05430466,-0.9961818,0.1570398,0.01847131,-0.3736331,1.446357,-0.6555139,-4.35891,-0.6501523,-0.2071996,1.991002,-0.4238789,0.03785126,-0.9049278,0.2851629,0.9538905,-0.0936744,0.8596564,-0.2977584,-0.4151278,static,-77.42573,62.29696,-18.08421,-5.941271
05/11/2023 13:09:53.857847,2528,True,True,True,True,Eyes,0.2761197,0.1807043,-3.353788,0.9021981,-0.3832468,-0.1978899,0.0,0.0,0.0,0.0,0.0,0.0,0.0,-2.957826,-0.5636457,-1.590934,0.3170114,0.1767835,-3.386112,0.09835147,0.8322334,-0.1168741,0.5329682,17.41973,115.0885,2.349954,0.06961486,0.05425142,-0.9960957,0.1476174,0.01736303,-0.3512152,1.466304,-0.6566852,-4.352346,-0.6501522,-0.2071999,1.991001,-0.412544,0.03912243,-0.9100973,0.2882831,0.9533349,-0.08969663,0.8641183,-0.2993695,-0.4045709,static,-77.62855,62.69038,-18.08421,-5.941282
05/11/2023 13:09:53.877543,2529,True,True,True,True,Eyes,0.2789385,0.1802225,-3.355376,0.9028126,-0.3835782,-0.1944153,0.0,0.0,0.0,0.0,0.0,0.0,0.0,-2.977618,-0.5473385,-1.571695,0.327199,0.1745622,-3.390942,0.09892373,0.8292637,-0.1151241,0.5378494,17.29843,114.4336,2.414851,0.07084718,0.05418883,-0.9960123,0.1387604,0.01632125,-0.3301422,1.484382,-0.6597921,-4.345685,-0.6501523,-0.2071996,1.991002,-0.4018637,0.04022881,-0.9148151,0.2879066,0.953921,-0.08452438,0.8692611,-0.2973487,-0.3949284,static,-77.84728,63.12198,-18.08421,-5.941272
05/11/2023 13:09:53.887681,2530,True,True,True,True,Eyes,0.2820737,0.1796592,-3.357074,0.9034661,-0.3838849,-0.1907391,0.0,0.0,0.0,0.0,0.0,0.0,0.0,-2.99616,-0.5352806,-1.551423,0.3373258,0.172237,-3.395137,0.1008758,0.8261517,-0.1148558,0.542315,17.40893,113.8226,2.528849,0.0720352,0.05411536,-0.9959311,0.1304348,0.01534197,-0.3103337,1.502865,-0.6597661,-4.340661,-0.6501525,-0.2072,1.991001,-0.3914372,0.04210132,-0.9192413,0.2912534,0.9532644,-0.08036377,0.8728967,-0.2991895,-0.3854054,static,-78.07882,63.57882,-18.08422,-5.941286
05/11/2023 13:09:53.907797,2531,True,True,True,True,Eyes,0.2855405,0.1790077,-3.358799,0.9041375,-0.3841637,-0.186959,0.0,0.0,0.0,0.0,0.0,0.0,0.0,-3.013488,-0.5157189,-1.536207,0.348072,0.1697201,-3.399565,0.1022974,0.8234159,-0.1129643,0.54659,17.32928,113.2586,2.700482,0.07319301,0.05402946,-0.9958515,0.1226087,0.01442145,-0.2917137,1.521662,-0.6606066,-4.334205,-0.6501529,-0.2072002,1.991,-0.3815494,0.04497625,-0.9232538,0.2919569,0.9535487,-0.07420376,0.87703,-0.2978626,-0.3769571,static,-78.31695,64.04944,-18.08424,-5.941294
05/11/2023 13:09:53.928540,2532,True,True,True,True,Eyes,0.2893153,0.1782831,-3.360603,0.9047974,-0.384503,-0.183027,0.0,0.0,0.0,0.0,0.0,0.0,0.0,-3.028661,-0.4979117,-1.522804,0.3589714,0.167052,-3.403362,0.1035105,0.8208737,-0.1112295,0.5505272,17.25238,112.7359,2.84904,0.07433314,0.05392971,-0.9957726,0.1152522,0.01355617,-0.2742109,1.54083,-0.6616545,-4.327158,-0.6501523,-0.2071998,1.991001,-0.3724111,0.04746835,-0.9268531,0.2924077,0.9538271,-0.06864007,0.8807995,-0.2965813,-0.3690959,static,-78.56423,64.54512,-18.08421,-5.941278
05/11/2023 13:09:53.937437,2533,True,True,True,True,Eyes,0.2934173,0.1774998,-3.362436,0.9054722,-0.3848172,-0.1789855,0.0,0.0,0.0,0.0,0.0,0.0,0.0,-3.043359,-0.4805436,-1.509919,0.3701791,0.1646006,-3.407153,0.1057431,0.8182763,-0.1100653,0.5541912,17.29739,112.2494,3.065537,0.07546559,0.05381522,-0.9956937,0.108337,0.0127428,-0.2577582,1.560721,-0.6612278,-4.319827,-0.6501529,-0.2071999,1.991001,-0.3633807,0.0510596,-0.9302403,0.2950485,0.9534081,-0.06292391,0.8836858,-0.2973314,-0.3615152,static,-78.81844,65.056,-18.08422,-5.941281
05/11/2023 13:09:53.957568,2534,True,True,True,True,Eyes,0.2978198,0.1766809,-3.364329,0.9061254,-0.3852112,-0.1747826,0.0,0.0,0.0,0.0,0.0,0.0,0.0,-3.057697,-0.4572066,-1.498663,0.3818212,0.1624967,-3.410622,0.1078849,0.8157648,-0.1077755,0.5579184,17.23076,111.7691,3.346694,0.07660006,0.05368576,-0.9956142,0.1018368,0.01197823,-0.2422927,1.580499,-0.6625477,-4.310757,-0.6501523,-0.2071998,1.991001,-0.3541756,0.05575759,-0.9335153,0.2962774,0.9534906,-0.05545692,0.8870059,-0.2962209,-0.3542228,static,-79.0823,65.5947,-18.08421,-5.941281
05/11/2023 13:09:53.977497,2535,True,True,True,True,Eyes,0.302552,0.1758434,-3.36625,0.9068184,-0.3855497,-0.1703875,0.0,0.0,0.0,0.0,0.0,0.0,0.0,-3.072395,-0.4413661,-1.48394,0.3934858,0.1608607,-3.414057,0.1102273,0.8129662,-0.1068458,0.5617115,17.31086,111.2569,3.554463,0.07774574,0.05354157,-0.9955333,0.09572659,0.01125954,-0.2277552,1.599412,-0.6671254,-4.300105,-0.6501521,-0.2072,1.991,-0.3446598,0.05918909,-0.9368595,0.2992551,0.9528679,-0.04989209,0.8897503,-0.2975558,-0.346128,static,-79.35843,66.15774,-18.08421,-5.941286
05/11/2023 13:09:53.987791,2536,True,True,True,True,Eyes,0.307595,0.1749903,-3.368207,0.9075495,-0.3858059,-0.1658547,0.0,0.0,0.0,0.0,0.0,0.0,0.0,-3.085743,-0.4294735,-1.470092,0.4060019,0.1596162,-3.41718,0.1114469,0.8103038,-0.1058495,0.5654937,17.31265,110.7362,3.657218,0.07891111,0.05338348,-0.9954502,0.089983,0.01058396,-0.2140899,1.619597,-0.667974,-4.289894,-0.6501523,-0.2072002,1.991,-0.3355927,0.06089726,-0.9400367,0.3003261,0.952751,-0.04549541,0.8928503,-0.2975856,-0.3380253,static,-79.64349,66.73754,-18.08422,-5.941294
05/11/2023 13:09:54.007957,2537,True,True,True,True,Eyes,0.3129501,0.1741202,-3.370158,0.9082876,-0.3860556,-0.1611671,0.0,0.0,0.0,0.0,0.0,0.0,0.0,-3.097749,-0.4190609,-1.457964,0.4185416,0.1583735,-3.420096,0.1114206,0.8079118,-0.1043717,0.5691841,17.18655,110.2251,3.674268,0.08010279,0.0532124,-0.9953643,0.08458402,0.009948925,-0.2012445,1.641322,-0.6641152,-4.280197,-0.6501525,-0.2072001,1.991,-0.3272298,0.0612226,-0.9429595,0.2988494,0.953384,-0.04180852,0.896443,-0.2954839,-0.330272,static,-79.93813,67.34087,-18.08422,-5.941291
05/11/2023 13:09:54.028366,2538,True,True,True,True,Eyes,0.3185941,0.1732878,-3.372126,0.9089638,-0.3864518,-0.1563325,0.0,0.0,0.0,0.0,0.0,0.0,0.0,-3.109153,-0.4121154,-1.444935,0.4312363,0.1571483,-3.422549,0.1123082,0.8053786,-0.1039751,0.5726616,17.22399,109.733,3.710691,0.08132649,0.05302921,-0.9952749,0.07950898,0.009351989,-0.1891698,1.659062,-0.6705832,-4.26737,-0.6501521,-0.2071997,1.991002,-0.3188913,0.06181619,-0.9457734,0.2999864,0.9531521,-0.03884945,0.8990644,-0.2961079,-0.3224958,static,-80.24119,67.97505,-18.0842,-5.941275
05/11/2023 13:09:54.047496,2539,True,True,True,True,Eyes,0.3245584,0.1725529,-3.374095,0.9095987,-0.3869355,-0.1513644,0.0,0.0,0.0,0.0,0.0,0.0,0.0,-3.122391,-0.4018703,-1.428866,0.4439829,0.1570156,-3.425012,0.1149514,0.802397,-0.1039082,0.5763233,17.41254,109.2199,3.888293,0.0825882,0.05283603,-0.9951813,0.07473844,0.00879087,-0.1778196,1.678545,-0.6643497,-4.260982,-0.6501518,-0.2071998,1.991001,-0.3092755,0.06470398,-0.9487688,0.3042427,0.9519785,-0.03425281,0.9009913,-0.2992496,-0.3141095,static,-80.55211,68.63518,-18.0842,-5.941278
05/11/2023 13:09:54.058084,2540,True,True,True,True,Eyes,0.3308103,0.171932,-3.376089,0.9101783,-0.3875276,-0.14628,0.0,0.0,0.0,0.0,0.0,0.0,0.0,-3.135476,-0.3925948,-1.413463,0.4575339,0.1587111,-3.427637,0.117121,0.7994754,-0.103412,0.5800239,17.53069,108.7022,4.047661,0.08389228,0.05263686,-0.9950828,0.07025413,0.008263418,-0.1671505,1.696152,-0.6654342,-4.249924,-0.6501521,-0.2071998,1.991002,-0.2997098,0.06730793,-0.9516531,0.3072336,0.9511772,-0.02948465,0.9032062,-0.3012166,-0.3057564,static,-80.86974,69.31999,-18.0842,-5.941277
05/11/2023 13:09:54.077785,2541,True,True,True,True,Eyes,0.3373443,0.1714102,-3.378114,0.9108186,-0.3879582,-0.1410601,0.0,0.0,0.0,0.0,0.0,0.0,0.0,-3.148456,-0.3819787,-1.398545,0.470663,0.1611294,-3.430324,0.1197411,0.7965872,-0.1028331,0.5835551,17.67287,108.2116,4.258433,0.08524275,0.05243554,-0.9949786,0.06603888,0.007767613,-0.1571214,1.712767,-0.6696796,-4.237773,-0.6501524,-0.2071998,1.991002,-0.2902513,0.07075083,-0.9543316,0.3107859,0.9501749,-0.02408,0.9050782,-0.303582,-0.2977778,static,-81.19644,70.01893,-18.08421,-5.941275
05/11/2023 13:09:54.087439,2542,True,True,True,True,Eyes,0.3441305,0.1710441,-3.380157,0.9113242,-0.3886589,-0.1357658,0.0,0.0,0.0,0.0,0.0,0.0,0.0,-3.159823,-0.3679058,-1.38786,0.4840845,0.1629445,-3.432943,0.1201932,0.7942177,-0.100479,0.5870911,17.50164,107.7314,4.386197,0.08664314,0.0522351,-0.9948682,0.06207655,0.007301556,-0.1476941,1.73021,-0.6638853,-4.230839,-0.650152,-0.2072001,1.991,-0.2817553,0.07293846,-0.95671,0.3088998,0.9509151,-0.01847565,0.9084024,-0.3007331,-0.290456,static,-81.5266,70.74474,-18.08421,-5.941289
05/11/2023 13:09:54.107651,2543,True,True,True,True,Eyes,0.5206536,0.1650971,-3.431807,0.9181976,-0.3961119,-0.002928615,0.0,0.0,0.0,0.0,0.0,0.0,0.0,-3.171049,-0.3666705,-1.373794,0.4970059,0.1663983,-3.435492,0.1239486,0.7914019,-0.1018737,0.5898657,17.90696,107.3247,4.581205,0.08809513,0.05203998,-0.9947509,0.05835196,0.006863463,-0.1388325,1.745528,-0.6622361,-4.222941,-0.6501526,-0.2072002,1.991,-0.2733905,0.07600271,-0.9588959,0.3163699,0.948517,-0.01502001,0.9083875,-0.3074722,-0.2833605,static,-89.81725,89.57639,-18.08423,-5.941295
05/11/2023 13:09:54.128453,2544,True,True,True,True,Eyes,0.5211287,0.1651934,-3.431894,0.9181839,-0.3961455,-0.002642631,0.0,0.0,0.0,0.0,0.0,0.0,0.0,-3.180622,-0.3495234,-1.367956,0.5107099,0.1691702,-3.438079,0.1232486,0.7895517,-0.0980977,0.5931228,17.52425,106.8971,4.707147,0.09597746,0.05150875,-0.9940491,0.5844201,-0.01138942,-0.2854527,1.761417,-0.6587746,-4.215229,-0.650153,-0.2072001,1.991,-0.26603,0.07825424,-0.960783,0.3109902,0.9503733,-0.008703335,0.9124215,-0.3011095,-0.2771642,static,-89.8351,89.61779,-18.08424,-5.941289
05/11/2023 13:09:54.137689,2545,True,True,True,True,Eyes,0.522094,0.1653822,-3.432049,0.9180962,-0.3963521,-0.002063918,0.0,0.0,0.0,0.0,0.0,0.0,0.0,-3.189982,-0.3539294,-1.355451,0.5226361,0.1715756,-3.440336,0.1234511,0.7873141,-0.09859832,0.5959653,17.60186,106.468,4.62552,0.1025377,0.05105858,-0.993417,0.5493549,-0.01070605,-0.2683255,1.780601,-0.6499926,-4.205947,-0.650152,-0.2071999,1.991001,-0.2591702,0.07686724,-0.9627679,0.3119119,0.9500763,-0.00811054,0.9140796,-0.3024008,-0.2702074,static,-89.8712,89.70164,-18.08421,-5.941283
05/11/2023 13:09:54.158029,2546,True,True,True,True,Eyes,0.5234969,0.1656313,-3.432288,0.9180808,-0.3963912,-0.001290989,0.0,0.0,0.0,0.0,0.0,0.0,0.0,-3.198424,-0.3622688,-1.344375,0.535313,0.1740256,-3.442623,0.1248878,0.7850634,-0.1003495,0.5983382,17.87923,106.095,4.580553,0.1080249,0.05067955,-0.9928548,0.5163936,-0.01006369,-0.252226,1.796891,-0.6512677,-4.19148,-0.6501524,-0.2071999,1.991002,-0.2527891,0.07600378,-0.9645315,0.3161755,0.948666,-0.008111186,0.9144019,-0.3070116,-0.2638429,static,-89.91943,89.81339,-18.08421,-5.941279
05/11/2023 13:09:54.177873,2547,True,True,True,True,Eyes,0.5252955,0.165935,-3.43258,0.9180195,-0.396535,-0.0003399134,0.0,0.0,0.0,0.0,0.0,0.0,0.0,-3.206239,-0.3548394,-1.338712,0.5472423,0.1756847,-3.444951,0.1238361,0.7834639,-0.09817605,0.6010079,17.61911,105.7247,4.575656,0.1126429,0.05036242,-0.9923576,0.48541,-0.009459866,-0.2370924,1.812884,-0.6548886,-4.175217,-0.6501523,-0.2071999,1.991001,-0.2469083,0.07603314,-0.9660514,0.3120514,0.9500521,-0.004981793,0.9174204,-0.3026877,-0.2583021,static,-89.97879,89.95089,-18.08422,-5.941284
05/11/2023 13:09:54.187672,2548,True,True,True,True,Eyes,0.5274903,0.1662945,-3.432951,0.9179438,-0.3967097,0.0007904291,0.0,0.0,0.0,0.0,0.0,0.0,0.0,-3.214361,-0.3611918,-1.327807,0.5584779,0.1773487,-3.447071,0.1252024,0.781331,-0.099723,0.6032426,17.87179,105.3729,4.539949,0.1165601,0.05009924,-0.9919185,0.4562854,-0.008892274,-0.2228669,1.830236,-0.6534107,-4.159087,-0.6501522,-0.2072001,1.991,-0.2408456,0.07533465,-0.9676353,0.3159633,0.9487594,-0.004778557,0.917693,-0.3068881,-0.2523074,static,89.95066,-89.88584,-18.08422,-5.941289
05/11/2023 13:09:54.207682,2549,True,True,True,True,Eyes,0.5300457,0.1666943,-3.433429,0.9179541,-0.3966808,0.002113533,0.0,0.0,0.0,0.0,0.0,0.0,0.0,-3.222196,-0.3602429,-1.320377,0.57023,0.1790585,-3.449418,0.1258921,0.7794729,-0.09960384,0.6055184,17.9229,105.0371,4.559409,0.1200813,0.04987451,-0.9915097,0.4289083,-0.008358738,-0.2094949,1.847722,-0.6535542,-4.140293,-0.6501523,-0.2071999,1.991001,-0.2349975,0.07563508,-0.9690489,0.3168828,0.9484605,-0.002816947,0.9188915,-0.3077369,-0.2468534,static,89.86808,-89.69473,-18.08421,-5.941283
05/11/2023 13:09:54.228520,2550,True,True,True,True,Eyes,0.5329405,0.167129,-3.433975,0.9179688,-0.3966367,0.003573179,0.0,0.0,0.0,0.0,0.0,0.0,0.0,-3.229209,-0.349822,-1.317454,0.5816222,0.1802848,-3.451819,0.1243584,0.7781758,-0.09669805,0.6079696,17.56024,104.707,4.570143,0.123319,0.0496821,-0.9911219,0.4031738,-0.007857214,-0.1969252,1.865924,-0.6510558,-4.121984,-0.6501523,-0.2071999,1.991001,-0.2298161,0.07596645,-0.970265,0.3111244,0.9503689,0.0007161074,0.9221641,-0.3017084,-0.2420451,static,89.77698,-89.48386,-18.08421,-5.941282
05/11/2023 13:09:54.237875,2551,True,True,True,True,Eyes,0.5361837,0.1675963,-3.434619,0.9180759,-0.3963718,0.005116725,0.0,0.0,0.0,0.0,0.0,0.0,0.0,-3.235937,-0.3484479,-1.312264,0.5926947,0.1815559,-3.454055,0.1244333,0.7766305,-0.09620021,0.6100057,17.53175,104.4086,4.566145,0.1263108,0.04951971,-0.9907532,0.3789833,-0.007385781,-0.1851097,1.882349,-0.6494947,-4.105075,-0.650152,-0.2071998,1.991001,-0.2248187,0.0759121,-0.9714391,0.3106428,0.9505237,0.002386072,0.923557,-0.3012341,-0.2372771,static,89.68068,-89.26041,-18.08421,-5.941279
05/11/2023 13:09:54.257917,2552,True,True,True,True,Eyes,0.5397359,0.1680561,-3.435332,0.9182949,-0.3958397,0.006743145,0.0,0.0,0.0,0.0,0.0,0.0,0.0,-3.241669,-0.3372899,-1.313013,0.6044306,0.1826582,-3.456512,0.1219438,0.7757124,-0.09257622,0.6122335,17.03412,104.1168,4.548872,0.1290909,0.04938511,-0.9904016,0.3562444,-0.006942634,-0.1740031,1.901517,-0.6363242,-4.09401,-0.650152,-0.2072001,1.991,-0.2206002,0.07583018,-0.9724122,0.3025432,0.9531187,0.005691124,0.9272559,-0.2929412,-0.2332,static,89.57928,-89.02406,-18.08421,-5.941288
05/11/2023 13:09:54.277793,2553,True,True,True,True,Eyes,0.5435857,0.1685298,-3.436149,0.9184321,-0.3954863,0.008543944,0.0,0.0,0.0,0.0,0.0,0.0,0.0,-3.247314,-0.324431,-1.313776,0.6153997,0.1828803,-3.458923,0.1198492,0.774793,-0.08907024,0.614328,16.57531,103.844,4.564837,0.1316889,0.04927519,-0.9900649,0.3348697,-0.006526076,-0.1635629,1.920687,-0.6229169,-4.082173,-0.6501524,-0.2072001,1.991,-0.2164749,0.07628001,-0.9733037,0.2951533,0.9554054,0.009231498,0.9306037,-0.2852754,-0.2293356,static,89.46701,-88.76239,-18.08422,-5.941289
05/11/2023 13:09:54.297311,2554,True,True,True,True,Eyes,0.5477385,0.168985,-3.437038,0.9186798,-0.3948656,0.01041989,0.0,0.0,0.0,0.0,0.0,0.0,0.0,-3.254269,-0.3139608,-1.311146,0.6266137,0.1836153,-3.461442,0.1212127,0.7732679,-0.08785531,0.616154,16.57336,103.5938,4.739627,0.1341308,0.0491877,-0.9897414,0.3147775,-0.006134511,-0.1537491,1.938738,-0.614548,-4.067757,-0.6501519,-0.2072001,1.991,-0.2113235,0.07919504,-0.9742025,0.2957246,0.9551778,0.01350004,0.9316058,-0.2852428,-0.2252715,static,89.35017,-88.48841,-18.08421,-5.941289
05/11/2023 13:09:54.307758,2555,True,True,True,True,Eyes,0.5521308,0.1694263,-3.437997,0.9187311,-0.3946874,0.01244729,0.0,0.0,0.0,0.0,0.0,0.0,0.0,-3.261414,-0.2896866,-1.311512,0.638046,0.1835833,-3.4641,0.1199562,0.7720839,-0.08304904,0.6185467,16.05969,103.296,4.924517,0.1364403,0.04911974,-0.9894291,0.2958908,-0.005766441,-0.1445242,1.95538,-0.6089891,-4.053226,-0.6501521,-0.2072,1.991001,-0.2060214,0.08249316,-0.9750643,0.287972,0.9574267,0.02015538,0.9352152,-0.2766387,-0.2210062,static,89.22379,-88.19366,-18.08421,-5.941285
05/11/2023 13:09:54.328574,2556,True,True,True,True,Eyes,0.5567908,0.1698504,-3.43903,0.9186726,-0.3947492,0.01461487,0.0,0.0,0.0,0.0,0.0,0.0,0.0,-3.270842,-0.2808732,-1.301967,0.6482618,0.1837691,-3.466757,0.1232556,0.7698224,-0.08346063,0.6206576,16.34968,102.9867,5.15212,0.1386373,0.0490688,-0.9891261,0.2781374,-0.005420454,-0.1358527,1.971816,-0.6041287,-4.037634,-0.6501524,-0.2071999,1.991001,-0.1991844,0.08616894,-0.9761661,0.2933708,0.9556847,0.02449933,0.9350181,-0.2814988,-0.215637,static,89.08858,-87.8797,-18.08422,-5.941283
05/11/2023 13:09:54.338579,2557,True,True,True,True,Eyes,0.5616609,0.1702565,-3.440166,0.9184877,-0.3950807,0.01707895,0.0,0.0,0.0,0.0,0.0,0.0,0.0,-3.281281,-0.2702306,-1.291213,0.6594125,0.1838565,-3.469645,0.1268091,0.7673002,-0.08375628,0.6230207,16.65104,102.6407,5.404529,0.1407398,0.04903254,-0.988831,0.2614491,-0.005095227,-0.1277016,1.990614,-0.5947782,-4.022509,-0.6501525,-0.2071999,1.991001,-0.1915294,0.09023754,-0.9773299,0.2989651,0.9538087,0.029477,0.9348457,-0.2865418,-0.2096603,static,88.93472,-87.5247,-18.08422,-5.941281
05/11/2023 13:09:54.357875,2558,True,True,True,True,Eyes,0.5667317,0.170645,-3.441369,0.9180818,-0.3959013,0.019698,0.0,0.0,0.0,0.0,0.0,0.0,0.0,-3.291691,-0.2647289,-1.279078,0.6695217,0.1838302,-3.47265,0.1291635,0.7648783,-0.08429909,0.6254374,16.88935,102.2756,5.525832,0.1427623,0.0490088,-0.9885422,0.2457622,-0.004789514,-0.1200395,2.008244,-0.5903804,-4.003783,-0.6501523,-0.2072,1.991001,-0.1842901,0.09214114,-0.9785435,0.3030363,0.9524209,0.03261032,0.9349901,-0.2905245,-0.2034439,static,88.77087,-87.15161,-18.08421,-5.941285
05/11/2023 13:09:54.377637,2559,True,True,True,True,Eyes,0.5720054,0.1710245,-3.442677,0.9175887,-0.3968933,0.02251182,0.0,0.0,0.0,0.0,0.0,0.0,0.0,-3.302211,-0.2752126,-1.262799,0.679494,0.1839093,-3.475552,0.13411,0.7619722,-0.08891345,0.6273017,17.68322,101.9438,5.591112,0.1447183,0.04899567,-0.9882584,0.2310165,-0.004502143,-0.1128371,2.025123,-0.5899795,-3.982015,-0.6501528,-0.2071999,1.991001,-0.1770145,0.09282507,-0.9798213,0.3159273,0.9482178,0.03275571,0.9321246,-0.303754,-0.1971743,static,88.59461,-86.75365,-18.08422,-5.941281
05/11/2023 13:09:54.397818,2560,True,True,True,True,Eyes,0.5774572,0.1713995,-3.444056,0.9170045,-0.3980616,0.02548947,0.0,0.0,0.0,0.0,0.0,0.0,0.0,-3.312004,-0.2748817,-1.251678,0.6898203,0.184051,-3.478779,0.135824,0.75972,-0.08987741,0.629523,17.91297,101.5948,5.622028,0.1466196,0.04899164,-0.9879783,0.2171555,-0.004232014,-0.1060669,2.042077,-0.5915682,-3.957085,-0.6501518,-0.2072,1.991001,-0.170505,0.09321661,-0.9809377,0.3195362,0.9469478,0.03444532,0.9321076,-0.307572,-0.1912454,static,88.40779,-86.33613,-18.0842,-5.941286
05/11/2023 13:09:54.407738,2561,True,True,True,True,Eyes,0.583098,0.1717731,-3.445527,0.9163986,-0.3992332,0.02874923,0.0,0.0,0.0,0.0,0.0,0.0,0.0,-3.322749,-0.2810385,-1.23588,0.6996049,0.1843618,-3.481897,0.1377514,0.7571113,-0.09210626,0.6319205,18.27422,101.1968,5.570727,0.1484762,0.04899551,-0.9877008,0.2041261,-0.003978093,-0.09970286,2.054402,-0.6061924,-3.92582,-0.6501529,-0.2072,1.991001,-0.1634022,0.09217861,-0.9822439,0.324994,0.9450819,0.0346265,0.9314928,-0.3135653,-0.1843859,static,88.20311,-85.88117,-18.08423,-5.941283
05/11/2023 13:09:54.428679,2562,True,True,True,True,Eyes,0.5889376,0.1721516,-3.44708,0.9158908,-0.4001388,0.03214054,0.0,0.0,0.0,0.0,0.0,0.0,0.0,-3.333411,-0.2870135,-1.221304,0.709932,0.184831,-3.485315,0.1390391,0.7546274,-0.09388392,0.6343433,18.54757,100.7963,5.492028,0.1502967,0.04900628,-0.9874249,0.1918786,-0.003739408,-0.09372069,2.069336,-0.6133191,-3.896505,-0.6501527,-0.2071999,1.991001,-0.1565534,0.09073621,-0.9834929,0.3289548,0.9437078,0.03470234,0.9312786,-0.3180918,-0.1775888,static,87.9902,-85.40766,-18.08422,-5.941284
05/11/2023 13:09:54.437712,2563,True,True,True,True,Eyes,0.5949615,0.1725293,-3.44873,0.915516,-0.4006945,0.03569806,0.0,0.0,0.0,0.0,0.0,0.0,0.0,-3.342774,-0.287326,-1.212059,0.7205505,0.1852659,-3.488876,0.136415,0.7529513,-0.09244049,0.6371108,18.24188,100.3781,5.294522,0.1520898,0.04902321,-0.9871494,0.1803659,-0.003515043,-0.08809745,2.08363,-0.6194631,-3.867579,-0.6501521,-0.2072,1.991001,-0.1509617,0.08763795,-0.9846473,0.3232173,0.9456915,0.03461653,0.9342063,-0.3130292,-0.1710892,static,87.76704,-84.90894,-18.08421,-5.941287
05/11/2023 13:09:54.457830,2564,True,True,True,True,Eyes,0.6011763,0.1728854,-3.450455,0.9152425,-0.4009703,0.03942058,0.0,0.0,0.0,0.0,0.0,0.0,0.0,-3.353266,-0.2829051,-1.200973,0.7310385,0.1854184,-3.492558,0.1349505,0.7509385,-0.09099277,0.6400001,18.02287,99.94572,5.201378,0.1538631,0.04904549,-0.9868734,0.1695439,-0.00330414,-0.0828116,2.094987,-0.6324228,-3.836844,-0.6501521,-0.2072,1.991001,-0.1443766,0.0862083,-0.9857605,0.3191499,0.9470174,0.03607676,0.9366425,-0.3093967,-0.1642404,static,87.53372,-84.38512,-18.08421,-5.941286
05/11/2023 13:09:54.477764,2565,True,True,True,True,Eyes,0.6075687,0.1731973,-3.452286,0.9150718,-0.4009614,0.04328666,0.0,0.0,0.0,0.0,0.0,0.0,0.0,-3.364512,-0.2761275,-1.188181,0.7418388,0.1851938,-3.496189,0.1322893,0.7488062,-0.08860175,0.6433807,17.63282,99.44691,5.06324,0.1556223,0.04907178,-0.9865962,0.1593713,-0.003105892,-0.07784291,2.110952,-0.6320736,-3.809754,-0.6501524,-0.2072,1.991,-0.1371218,0.08410876,-0.986977,0.3121274,0.9492986,0.0375337,0.9400927,-0.3029158,-0.1564222,static,87.29169,-83.83837,-18.08422,-5.941287
05/11/2023 13:09:54.497802,2566,True,True,True,True,Eyes,0.6141354,0.1734613,-3.454205,0.914915,-0.4008667,0.04729221,0.0,0.0,0.0,0.0,0.0,0.0,0.0,-3.376339,-0.2710858,-1.174364,0.7525403,0.1843549,-3.500283,0.129482,0.7465853,-0.08652773,0.6468059,17.25951,98.93439,4.890045,0.1573736,0.04910022,-0.986317,0.149809,-0.002919538,-0.07317233,2.126045,-0.6324678,-3.782585,-0.6501524,-0.2071999,1.991001,-0.1297532,0.08140536,-0.9881991,0.3052719,0.9514948,0.03829873,0.943384,-0.2967,-0.1483103,static,87.041,-83.27164,-18.08422,-5.941285
05/11/2023 13:09:54.507507,2567,True,True,True,True,Eyes,0.6208846,0.1736758,-3.456215,0.9147466,-0.4007537,0.05133302,0.0,0.0,0.0,0.0,0.0,0.0,0.0,-3.387449,-0.2714428,-1.161203,0.7633078,0.1834428,-3.504368,0.1282633,0.7443276,-0.08618062,0.6496906,17.15491,98.48282,4.740024,0.1591218,0.04912907,-0.9860351,0.1408205,-0.002744366,-0.06878199,2.140116,-0.6343696,-3.755876,-0.6501526,-0.2071999,1.991001,-0.1229013,0.07895834,-0.9892729,0.3029213,0.9522428,0.03836969,0.9450577,-0.2949561,-0.1409501,static,86.78809,-82.70066,-18.08422,-5.941282
05/11/2023 13:09:54.528981,2568,True,True,True,True,Eyes,0.6278049,0.1738348,-3.458309,0.914579,-0.4005832,0.05548308,0.0,0.0,0.0,0.0,0.0,0.0,0.0,-3.397882,-0.2704748,-1.151304,0.7744396,0.1824622,-3.508733,0.1266301,0.7423671,-0.08530925,0.6523637,16.9705,98.0711,4.6,0.1608712,0.04915667,-0.9857498,0.1323712,-0.002579704,-0.06465507,2.158205,-0.6249608,-3.73522,-0.6501527,-0.2071999,1.991002,-0.1167732,0.07670666,-0.9901921,0.2993173,0.9533743,0.03855612,0.9469812,-0.2918793,-0.1342882,static,86.5284,-82.11437,-18.08422,-5.941281
05/11/2023 13:09:54.547589,2569,True,True,True,True,Eyes,0.6348946,0.1739329,-3.460475,0.9143532,-0.4004742,0.0598222,0.0,0.0,0.0,0.0,0.0,0.0,0.0,-3.408241,-0.2728479,-1.140149,0.7854884,0.1812678,-3.512925,0.1255725,0.7402721,-0.08534995,0.6549383,16.90878,97.66064,4.442962,0.1626257,0.0491814,-0.9854606,0.124429,-0.002424922,-0.06077577,2.172353,-0.6248047,-3.710936,-0.6501525,-0.2071998,1.991001,-0.1105748,0.07411768,-0.9911003,0.2977135,0.953894,0.03812005,0.9482299,-0.2908488,-0.1275424,static,86.25672,-81.50407,-18.08422,-5.941279
05/11/2023 13:09:54.558469,2570,True,True,True,True,Eyes,0.6421511,0.1739604,-3.462732,0.9141257,-0.4003038,0.06427269,0.0,0.0,0.0,0.0,0.0,0.0,0.0,-3.41944,-0.2730446,-1.127657,0.7966221,0.1799688,-3.517348,0.1252693,0.7379512,-0.08552066,0.657588,16.91611,97.23733,4.340597,0.1643891,0.04920169,-0.985167,0.1169632,-0.002279426,-0.05712922,2.186456,-0.6248902,-3.686773,-0.6501526,-0.2072001,1.991001,-0.1037714,0.07241052,-0.991962,0.29736,0.9539877,0.03853102,0.9491095,-0.2909713,-0.1205286,static,85.97812,-80.87846,-18.08422,-5.941285
05/11/2023 13:09:54.577881,2571,True,True,True,True,Eyes,0.6495634,0.1739137,-3.465109,0.9138209,-0.4002481,0.06879487,0.0,0.0,0.0,0.0,0.0,0.0,0.0,-3.431483,-0.2653037,-1.114764,0.8079105,0.178286,-3.521882,0.1248464,0.735503,-0.08444583,0.6605435,16.80727,96.78532,4.318828,0.1661638,0.04921579,-0.9848685,0.1099454,-0.002142661,-0.05370147,2.20115,-0.6227412,-3.663662,-0.6501526,-0.2071998,1.991001,-0.0961916,0.07208954,-0.9927489,0.2952102,0.9545646,0.04071264,0.9505779,-0.2891533,-0.1131026,static,85.69474,-80.24727,-18.08422,-5.941278
05/11/2023 13:09:54.587455,2572,True,True,True,True,Eyes,0.6571409,0.1737981,-3.467589,0.9134699,-0.4002296,0.07341056,0.0,0.0,0.0,0.0,0.0,0.0,0.0,-3.444073,-0.2603751,-1.100652,0.8191299,0.1764548,-3.526862,0.1249482,0.7329201,-0.08416805,0.6634245,16.80793,96.33138,4.282004,0.1679521,0.04922202,-0.9845648,0.1033487,-0.002014101,-0.05047938,2.213427,-0.6259403,-3.6411,-0.6501527,-0.2071999,1.991001,-0.08851214,0.07147578,-0.9935075,0.2948324,0.9546074,0.04241046,0.9514409,-0.2891643,-0.1055677,static,85.40533,-79.60628,-18.08422,-5.941281
05/11/2023 13:09:54.607778,2573,True,True,True,True,Eyes,0.8505214,0.1690813,-3.532095,0.8971354,-0.3995712,0.1883905,0.0,0.0,0.0,0.0,0.0,0.0,0.0,-3.456001,-0.2593628,-1.08797,0.8307062,0.1746908,-3.531898,0.1252313,0.7304665,-0.08455201,0.6660231,16.87823,95.90986,4.214647,0.1697564,0.04921902,-0.9842554,0.09714778,-0.001893255,-0.04745062,2.225043,-0.6300877,-3.619915,-0.6501521,-0.2071999,1.991001,-0.08146068,0.07032733,-0.9941922,0.2955817,0.9543362,0.04328904,0.951838,-0.2903387,-0.09852835,static,78.14071,-64.75698,-18.08421,-5.941284
05/11/2023 13:09:54.629381,2574,True,True,True,True,Eyes,0.8509799,0.1690005,-3.532304,0.8970741,-0.399577,0.1886695,0.0,0.0,0.0,0.0,0.0,0.0,0.0,-3.468146,-0.2532717,-1.076602,0.84224,0.1728001,-3.537235,0.1255724,0.7280886,-0.08416678,0.6686063,16.88662,95.50301,4.213602,0.1788262,0.04881121,-0.9826684,0.6714605,-0.01593006,-0.238121,2.235259,-0.6367747,-3.600207,-0.6501528,-0.2071999,1.991001,-0.0743944,0.07030684,-0.9947474,0.2954046,0.954295,0.04535525,0.9524713,-0.2904788,-0.09176309,static,78.12286,-64.72459,-18.08422,-5.941282
05/11/2023 13:09:54.637591,2575,True,True,True,True,Eyes,0.8518858,0.1688492,-3.532751,0.8969352,-0.3996593,0.1891552,0.0,0.0,0.0,0.0,0.0,0.0,0.0,-3.481039,-0.2454082,-1.062837,0.8537416,0.1707825,-3.542519,0.1260062,0.725456,-0.08364028,0.6714464,16.89193,95.05606,4.225553,0.1862805,0.04847729,-0.9812992,0.6311729,-0.01497425,-0.2238338,2.245956,-0.6422277,-3.581325,-0.6501527,-0.2071998,1.991001,-0.06656421,0.07050391,-0.9952881,0.2951438,0.9542535,0.04785809,0.9531313,-0.2905675,-0.084328,static,78.09135,-64.67223,-18.08422,-5.941279
05/11/2023 13:09:54.657789,2576,True,True,True,True,Eyes,0.8532311,0.168632,-3.533418,0.8967302,-0.3997304,0.1899749,0.0,0.0,0.0,0.0,0.0,0.0,0.0,-3.495509,-0.2416603,-1.044577,0.8654498,0.1689056,-3.548322,0.1262769,0.7224187,-0.08375432,0.6746486,16.94158,94.53696,4.162786,0.1924264,0.04820158,-0.9801262,0.5933025,-0.0140758,-0.2104037,2.259517,-0.6412665,-3.564961,-0.6501521,-0.2072002,1.990999,-0.05780703,0.0694402,-0.9959099,0.2954591,0.9540787,0.04937375,0.9536049,-0.2913965,-0.07566913,static,78.03858,-64.58025,-18.08422,-5.941294
05/11/2023 13:09:54.677917,2577,True,True,True,True,Eyes,0.8550045,0.1683719,-3.534292,0.8964761,-0.3997957,0.1910339,0.0,0.0,0.0,0.0,0.0,0.0,0.0,-3.51041,-0.2402078,-1.02492,0.8773856,0.1670972,-3.554351,0.1260459,0.7192891,-0.0839587,0.6780019,16.95975,93.98834,4.045383,0.1975156,0.04797094,-0.9791247,0.5577044,-0.01323125,-0.1977795,2.26941,-0.6483382,-3.548181,-0.6501525,-0.2072,1.991001,-0.0488518,0.06747857,-0.9965242,0.2951752,0.9541267,0.05013757,0.9541935,-0.2916999,-0.06652887,static,77.97053,-64.46018,-18.08422,-5.941286
05/11/2023 13:09:54.687570,2578,True,True,True,True,Eyes,0.8572037,0.1680975,-3.535388,0.89619,-0.3997755,0.1924132,0.0,0.0,0.0,0.0,0.0,0.0,0.0,-3.525115,-0.2415512,-1.005562,0.889451,0.1658125,-3.560522,0.1256112,0.7162317,-0.08438639,0.6812583,16.97939,93.44866,3.894299,0.2017543,0.04777491,-0.9782697,0.5242421,-0.01243738,-0.1859127,2.281814,-0.6501416,-3.534449,-0.6501602,-0.2071999,1.991001,-0.04021787,0.06495556,-0.9970774,0.2949113,0.9542016,0.05026691,0.9546779,-0.2920277,-0.05753204,moving,77.88248,-64.29834,-18.08442,-5.941284
05/11/2023 13:09:54.707622,2579,True,True,True,True,Eyes,0.8598102,0.1678301,-3.536974,0.896848,-0.3977444,0.1935536,0.0,0.0,0.0,0.0,0.0,0.0,0.0,-3.539719,-0.2485694,-0.9864924,0.9019055,0.1651633,-3.56705,0.1240212,0.7133262,-0.0849098,0.6845253,16.91352,92.90158,3.636888,0.2053117,0.04760551,-0.9775375,0.4927876,-0.01169113,-0.174758,2.293813,-0.6499149,-3.524627,-0.6469416,-0.2051592,1.991263,-0.0320879,0.06068928,-0.9976409,0.2931809,0.9548181,0.04865449,0.9555184,-0.2909281,-0.04843099,moving,77.82147,-64.05115,-17.99847,-5.882411
05/11/2023 13:09:54.729297,2580,True,True,True,True,Eyes,0.8627995,0.1675311,-3.538762,0.897401,-0.3957864,0.1949985,0.0,0.0,0.0,0.0,0.0,0.0,0.0,-3.55375,-0.2565857,-0.9694002,0.9143159,0.1641826,-3.573763,0.1216602,0.7106805,-0.08513525,0.6876656,16.75807,92.37836,3.342833,0.2083863,0.0474529,-0.9768941,0.4632203,-0.01098966,-0.1642725,2.304054,-0.6541071,-3.515454,-0.6437896,-0.203161,1.991517,-0.02462966,0.05583395,-0.9981363,0.2900123,0.9559016,0.04631522,0.956706,-0.2883311,-0.0397361,moving,77.74063,-63.77117,-17.91425,-5.824775
05/11/2023 13:09:54.737536,2581,True,True,True,True,Eyes,0.8661609,0.1672091,-3.540709,0.8978902,-0.3938117,0.1967375,0.0,0.0,0.0,0.0,0.0,0.0,0.0,-3.568544,-0.2615091,-0.9496834,0.9264811,0.1631327,-3.580476,0.1210781,0.7076346,-0.08598161,0.6907971,16.79618,91.84446,3.147628,0.2112185,0.04730396,-0.9762929,0.4354271,-0.01033028,-0.1544161,2.315838,-0.655059,-3.506916,-0.6406752,-0.2011859,1.991771,-0.0162793,0.05256639,-0.9984849,0.2901498,0.9558945,0.04559362,0.9568429,-0.2889679,-0.03081338,moving,77.64119,-63.45456,-17.83096,-5.767802
05/11/2023 13:09:54.757660,2582,True,True,True,True,Eyes,0.8698793,0.1668959,-3.542864,0.8982646,-0.3919493,0.1987372,0.0,0.0,0.0,0.0,0.0,0.0,0.0,-3.583398,-0.2706626,-0.9289315,0.9387783,0.1622921,-3.587376,0.1203407,0.7045341,-0.08737365,0.6939133,16.86559,91.29934,2.893526,0.2138411,0.04715748,-0.9757289,0.4093015,-0.009710466,-0.1451512,2.326002,-0.6593213,-3.496489,-0.6373799,-0.199097,1.992039,-0.008005135,0.04830887,-0.9988005,0.2908278,0.9557679,0.04389663,0.956742,-0.2901275,-0.02170067,moving,77.52452,-63.11279,-17.74278,-5.707549
05/11/2023 13:09:54.778908,2583,True,True,True,True,Eyes,0.8739575,0.1666429,-3.545214,0.898514,-0.3902608,0.200921,0.0,0.0,0.0,0.0,0.0,0.0,0.0,-3.59722,-0.2883968,-0.9102557,0.9510719,0.1622094,-3.594562,0.1194787,0.7017463,-0.08983933,0.6965674,17.01001,90.80566,2.549058,0.2162829,0.04701315,-0.9751976,0.3847434,-0.009127839,-0.1364421,2.338468,-0.659639,-3.48551,-0.6341791,-0.1970674,1.992299,-0.001037807,0.0425292,-0.9990947,0.2928458,0.9553075,0.04036108,0.9561592,-0.2925387,-0.01344593,moving,77.39518,-62.75888,-17.65707,-5.649013
05/11/2023 13:09:54.797627,2584,True,True,True,True,Eyes,0.8784032,0.1665028,-3.547745,0.8987066,-0.3886073,0.2032506,0.0,0.0,0.0,0.0,0.0,0.0,0.0,-3.610371,-0.3005483,-0.8957593,0.9637777,0.1634199,-3.601654,0.1197972,0.6992202,-0.09181665,0.6987916,17.20712,90.39109,2.352366,0.2185706,0.04687212,-0.9746942,0.3616588,-0.008580168,-0.1282556,2.352949,-0.6549969,-3.475002,-0.6310182,-0.1950625,1.992557,0.005321806,0.03920789,-0.9992171,0.2958507,0.9544367,0.03902651,0.9552195,-0.2958267,-0.00652035,moving,77.25642,-62.38939,-17.57235,-5.591185
05/11/2023 13:09:54.808454,2585,True,True,True,True,Eyes,0.8831897,0.1664502,-3.55039,0.898882,-0.386954,0.2056155,0.0,0.0,0.0,0.0,0.0,0.0,0.0,-3.623027,-0.3041225,-0.8862042,0.9770396,0.1659834,-3.608602,0.1194027,0.6971251,-0.09171433,0.7009623,17.17351,90.02883,2.273479,0.2207273,0.04673685,-0.9742146,0.3399592,-0.008065358,-0.1205602,2.365204,-0.6557112,-3.463997,-0.6277732,-0.1930044,1.992822,0.01121009,0.03790061,-0.9992188,0.2950538,0.954663,0.03952084,0.9554151,-0.2952663,-0.0004808453,moving,77.11551,-62.01519,-17.48532,-5.531832
05/11/2023 13:09:54.829768,2586,True,True,True,True,Eyes,0.8882967,0.1665186,-3.553205,0.8989927,-0.3853433,0.2081415,0.0,0.0,0.0,0.0,0.0,0.0,0.0,-3.63692,-0.2931672,-0.8752146,0.9899971,0.1680685,-3.615355,0.1195,0.6947387,-0.08979223,0.703559,17.03255,89.63351,2.379332,0.222774,0.04660897,-0.9737547,0.3195617,-0.007581437,-0.1133266,2.374786,-0.6615129,-3.452123,-0.6243906,-0.1908601,1.993097,0.01855091,0.03969433,-0.9990398,0.2923909,0.9553142,0.04338637,0.9561191,-0.292915,0.006115718,moving,76.96414,-61.62449,-17.39455,-5.469997
05/11/2023 13:09:54.838025,2587,True,True,True,True,Eyes,0.8937267,0.1666894,-3.556176,0.8990391,-0.3838358,0.2107103,0.0,0.0,0.0,0.0,0.0,0.0,0.0,-3.651078,-0.2866067,-0.8622444,1.002804,0.171035,-3.622307,0.1198433,0.6922204,-0.08861063,0.7061279,16.97327,89.22499,2.443378,0.224729,0.04649073,-0.973311,0.300388,-0.00712655,-0.106527,2.386104,-0.663061,-3.440521,-0.6210625,-0.1887495,1.993367,0.02595807,0.04077504,-0.9988312,0.2910568,0.9555715,0.04657321,0.9563536,-0.2919256,0.01293694,moving,76.80951,-61.235,-17.30518,-5.409139
05/11/2023 13:09:54.857657,2588,True,True,True,True,Eyes,0.8994387,0.1669295,-3.559285,0.8991008,-0.3821838,0.2134323,0.0,0.0,0.0,0.0,0.0,0.0,0.0,-3.665865,-0.281835,-0.8455052,1.015979,0.173647,-3.629119,0.1201024,0.6893204,-0.08779147,0.7090174,16.93833,88.75256,2.461606,0.2266084,0.04638371,-0.9728803,0.2823647,-0.006698957,-0.1001354,2.39636,-0.6653401,-3.429673,-0.6180302,-0.1868267,1.993614,0.03426016,0.04108671,-0.9985682,0.2900694,0.9557361,0.04927648,0.9563923,-0.2913423,0.02082566,moving,76.64606,-60.81863,-17.22369,-5.353701
05/11/2023 13:09:54.877508,2589,True,True,True,True,Eyes,0.9054018,0.1672253,-3.562517,0.8990204,-0.3807918,0.2162406,0.0,0.0,0.0,0.0,0.0,0.0,0.0,-3.678389,-0.2793786,-0.8350604,1.028456,0.1755051,-3.635574,0.1180338,0.6872728,-0.08593213,0.7115757,16.62447,88.3585,2.389416,0.2284256,0.04628842,-0.9724598,0.2654228,-0.00629702,-0.09412728,2.411471,-0.6571937,-3.420536,-0.6147418,-0.1847416,1.993881,0.0405436,0.03994844,-0.9983789,0.2845373,0.9573674,0.04986235,0.9578074,-0.2860976,0.0274483,moving,76.4756,-60.40901,-17.13527,-5.293584
05/11/2023 13:09:54.897396,2590,True,True,True,True,Eyes,0.9116215,0.1675778,-3.56585,0.8988994,-0.3793748,0.2192134,0.0,0.0,0.0,0.0,0.0,0.0,0.0,-3.690421,-0.2911413,-0.8188376,1.040454,0.1771712,-3.641501,0.1200155,0.6845723,-0.08879548,0.7134931,17.02772,87.96736,2.254189,0.2301926,0.04620496,-0.972047,0.2494975,-0.005919199,-0.08847965,2.417844,-0.6666785,-3.411177,-0.6117701,-0.1828574,1.994123,0.04695217,0.03760862,-0.998189,0.2910285,0.9554233,0.04968659,0.9555617,-0.2928343,0.03391401,moving,76.29487,-59.97947,-17.05531,-5.239264
05/11/2023 13:09:54.908053,2591,True,True,True,True,Eyes,0.91807,0.1680019,-3.569305,0.8987089,-0.3780092,0.2223313,0.0,0.0,0.0,0.0,0.0,0.0,0.0,-3.702457,-0.2963307,-0.8045185,1.052837,0.1788681,-3.647299,0.118851,0.6821727,-0.08873674,0.7159894,16.93339,87.54186,2.101778,0.2319196,0.0461335,-0.9716399,0.2345276,-0.005564047,-0.08317087,2.43609,-0.65087,-3.404521,-0.6086228,-0.180862,1.994379,0.05353259,0.03508466,-0.9979496,0.2892229,0.9560004,0.04912456,0.9557639,-0.2912596,0.0410299,moving,76.10461,-59.5375,-16.97057,-5.181745
05/11/2023 13:09:54.930243,2592,True,True,True,True,Eyes,0.9247607,0.1684876,-3.572816,0.8984853,-0.3766106,0.2255851,0.0,0.0,0.0,0.0,0.0,0.0,0.0,-3.713933,-0.3053733,-0.7891018,1.064726,0.1809714,-3.652784,0.1185958,0.6797015,-0.08976837,0.7182496,17.00134,87.13,1.933635,0.2336154,0.04607452,-0.9712363,0.220456,-0.005230204,-0.07818062,2.447022,-0.648043,-3.394976,-0.6054168,-0.1788291,1.994639,0.05989497,0.03226728,-0.9976832,0.2901717,0.9557533,0.04833142,0.9550986,-0.2923942,0.04788179,moving,75.90593,-59.07892,-16.8842,-5.12315
05/11/2023 13:09:54.937914,2593,True,True,True,True,Eyes,0.9316683,0.1689887,-3.576353,0.8983371,-0.3749562,0.2289068,0.0,0.0,0.0,0.0,0.0,0.0,0.0,-3.72547,-0.3058951,-0.7747416,1.077147,0.1830479,-3.657755,0.1184208,0.677192,-0.08952238,0.7206756,16.97375,86.71688,1.87861,0.2352884,0.0460283,-0.9708346,0.2072286,-0.004916391,-0.07348978,2.455789,-0.651861,-3.386772,-0.6021162,-0.176736,1.994908,0.06679362,0.031354,-0.997274,0.2894204,0.9559246,0.04943827,0.9548688,-0.2919337,0.05477516,moving,75.70457,-58.59637,-16.79521,-5.062817
05/11/2023 13:09:54.957768,2594,True,True,True,True,Eyes,0.9387718,0.1695211,-3.579926,0.8981122,-0.3733608,0.2323707,0.0,0.0,0.0,0.0,0.0,0.0,0.0,-3.737202,-0.284459,-0.7648559,1.089343,0.1837263,-3.662263,0.1151865,0.6750819,-0.08425357,0.723808,16.29016,86.29691,2.003314,0.2369456,0.04599386,-0.9704331,0.1947949,-0.004621408,-0.06908039,2.47101,-0.6397664,-3.380823,-0.5989463,-0.174726,1.995167,0.07433154,0.03355391,-0.9966691,0.2774875,0.9592668,0.05298978,0.9578496,-0.280502,0.06199302,moving,75.49384,-58.10287,-16.70968,-5.004889
05/11/2023 13:09:54.977523,2595,True,True,True,True,Eyes,0.9461018,0.1700846,-3.583524,0.8978998,-0.3716299,0.2359386,0.0,0.0,0.0,0.0,0.0,0.0,0.0,-3.749298,-0.2743758,-0.7480578,1.101153,0.1850053,-3.666789,0.1157621,0.6722265,-0.08304527,0.7265083,16.25153,85.85328,2.087521,0.2385927,0.04597073,-0.9700306,0.1831072,-0.004344123,-0.06493556,2.478583,-0.6437705,-3.373214,-0.5957744,-0.1727149,1.995424,0.08243006,0.03497057,-0.9959832,0.2763028,0.9594052,0.0565538,0.9575293,-0.2798547,0.06942137,moving,75.27738,-57.58955,-16.62406,-4.946934
05/11/2023 13:09:54.997432,2596,True,True,True,True,Eyes,0.953624,0.1706631,-3.587125,0.8976944,-0.3697623,0.2396258,0.0,0.0,0.0,0.0,0.0,0.0,0.0,-3.76028,-0.2631411,-0.735961,1.113886,0.1862511,-3.670852,0.1133765,0.6699057,-0.07977371,0.729389,15.79956,85.42537,2.116184,0.2402367,0.04595848,-0.9696254,0.1721207,-0.004083476,-0.06103943,2.489213,-0.6417935,-3.367348,-0.5925719,-0.1706839,1.995685,0.08972502,0.03553094,-0.9953326,0.2682752,0.9615639,0.05850936,0.9591547,-0.2722728,0.0767443,moving,75.05424,-57.0546,-16.53755,-4.88841
05/11/2023 13:09:55.007911,2597,True,True,True,True,Eyes,0.9613386,0.1712425,-3.590688,0.8974619,-0.3679466,0.2432642,0.0,0.0,0.0,0.0,0.0,0.0,0.0,-3.770696,-0.2526882,-0.7237175,1.126015,0.1871407,-3.674621,0.1117066,0.6675836,-0.07711703,0.7320566,15.45701,85.01765,2.154766,0.241881,0.04595632,-0.9692166,0.1617935,-0.003838467,-0.05737706,2.505186,-0.6269624,-3.363207,-0.5893669,-0.1686516,1.995947,0.09677033,0.03623894,-0.9946467,0.262055,0.9631492,0.060587,0.9601889,-0.2665152,0.08370765,moving,74.83395,-56.52971,-16.45092,-4.829852
05/11/2023 13:09:55.031593,2598,True,True,True,True,Eyes,0.969232,0.1718065,-3.59422,0.8972079,-0.3660258,0.2470692,0.0,0.0,0.0,0.0,0.0,0.0,0.0,-3.780324,-0.2477015,-0.7102344,1.13839,0.1877569,-3.677698,0.1108355,0.6651133,-0.07581933,0.7345688,15.28909,84.60584,2.141634,0.2435309,0.04596323,-0.9688031,0.1520859,-0.003608159,-0.05393444,2.516329,-0.6226104,-3.358734,-0.586113,-0.1665885,1.996211,0.1037516,0.03604724,-0.9939498,0.2588253,0.9639338,0.06197567,0.960336,-0.2636894,0.09067975,moving,74.60374,-55.98045,-16.36291,-4.770413
05/11/2023 13:09:55.037745,2599,True,True,True,True,Eyes,0.9772784,0.172361,-3.597657,0.8967965,-0.3645235,0.250756,0.0,0.0,0.0,0.0,0.0,0.0,0.0,-3.790144,-0.2452071,-0.693033,1.150573,0.1879129,-3.680555,0.1089188,0.6623691,-0.07441235,0.7374732,15.02416,84.12809,2.049163,0.2451894,0.04597782,-0.968384,0.1429607,-0.00339167,-0.05069837,2.534475,-0.6032234,-3.356215,-0.5828925,-0.164546,1.996472,0.11146,0.03453473,-0.9931687,0.2540432,0.965199,0.06207258,0.9607491,-0.2592263,0.09880774,moving,74.37832,-55.47589,-16.27576,-4.711577
05/11/2023 13:09:55.058057,2600,True,True,True,True,Eyes,0.9854934,0.1728919,-3.601043,0.8962742,-0.3631346,0.2546092,0.0,0.0,0.0,0.0,0.0,0.0,0.0,-3.799871,-0.247908,-0.6720593,1.162483,0.1883604,-3.683109,0.1101235,0.6591635,-0.07570089,0.7400309,15.23557,83.64771,1.968149,0.2468599,0.04599909,-0.9679585,0.1343831,-0.003188169,-0.04765647,2.551084,-0.5862795,-3.35405,-0.5797716,-0.1625676,1.996726,0.1195457,0.03313686,-0.9922757,0.2572208,0.9642844,0.06319112,0.9589298,-0.2627882,0.1067526,moving,74.14147,-54.96406,-16.19124,-4.654588
05/11/2023 13:09:55.077825,2601,True,True,True,True,Eyes,0.9938377,0.1733901,-3.604338,0.8955822,-0.3621425,0.2584284,0.0,0.0,0.0,0.0,0.0,0.0,0.0,-3.809586,-0.2466135,-0.6508853,1.174779,0.1883395,-3.685355,0.1107247,0.6558835,-0.07609336,0.74281,15.32605,83.14492,1.913258,0.2485451,0.04602573,-0.9675258,0.1263201,-0.002996879,-0.04479709,2.561387,-0.5849866,-3.351819,-0.5765282,-0.1605114,1.996989,0.1280533,0.03219913,-0.9912444,0.2582907,0.9638997,0.06467801,0.9575428,-0.2643115,0.1151138,moving,73.90402,-54.48798,-16.10336,-4.595366
05/11/2023 13:09:55.097727,2602,True,True,True,True,Eyes,1.002319,0.1738569,-3.607563,0.8946882,-0.3615337,0.2623478,0.0,0.0,0.0,0.0,0.0,0.0,0.0,-3.818355,-0.252058,-0.6288569,1.186371,0.1881699,-3.687268,0.11232,0.6525922,-0.07815281,0.7452516,15.62958,82.66106,1.791783,0.250247,0.04605635,-0.9670856,0.1187409,-0.002817066,-0.04210926,2.578379,-0.5680293,-3.349571,-0.5734264,-0.1585442,1.997242,0.1360312,0.03011129,-0.9902469,0.2630853,0.9625527,0.06540945,0.9551344,-0.2694171,0.1230153,moving,73.65738,-54.03339,-16.01925,-4.53871
05/11/2023 13:09:55.107938,2603,True,True,True,True,Eyes,1.217687,0.1847936,-3.685841,0.8714821,-0.341511,0.351979,0.0,0.0,0.0,0.0,0.0,0.0,0.0,-3.826566,-0.256758,-0.6085966,1.198192,0.1879596,-3.688892,0.1158674,0.6493282,-0.08126041,0.7472245,16.18188,82.22671,1.732322,0.251967,0.04608972,-0.9666373,0.1116164,-0.002648042,-0.0395827,2.583632,-0.5771797,-3.34478,-0.570136,-0.1564577,1.997509,0.1435392,0.02903247,-0.9892188,0.2719116,0.9599429,0.06762863,0.951557,-0.2786874,0.1298952,moving,68.00693,-44.13521,-15.92999,-4.478626
05/11/2023 13:09:55.130837,2604,True,True,True,True,Eyes,1.218153,0.184785,-3.685887,0.8712972,-0.3417529,0.3522019,0.0,0.0,0.0,0.0,0.0,0.0,0.0,-3.834721,-0.2519962,-0.590353,1.210114,0.1877664,-3.690187,0.1180865,0.6462222,-0.0821012,0.7494743,16.44632,81.79327,1.76588,0.2619212,0.04629686,-0.9639777,0.751026,0.03032087,-0.2720412,2.58943,-0.5870817,-3.338909,-0.5669944,-0.154466,1.997764,0.1513125,0.02955474,-0.988044,0.2756857,0.95863,0.07089435,0.9492638,-0.2831168,0.1369049,moving,67.9901,-44.13735,-15.84471,-4.421281
05/11/2023 13:09:55.137998,2605,True,True,True,True,Eyes,1.219094,0.1847771,-3.685996,0.8712522,-0.3416739,0.3523896,0.0,0.0,0.0,0.0,0.0,0.0,0.0,-3.843148,-0.2373179,-0.5732312,1.221788,0.1874744,-3.691448,0.1216059,0.6430575,-0.08226295,0.751613,16.7742,81.38754,1.959573,0.2699836,0.04646683,-0.9617426,0.7059644,0.02850162,-0.2557188,2.595364,-0.5937777,-3.33241,-0.5637947,-0.1524365,1.998027,0.1594199,0.03273935,-0.986668,0.280059,0.9568897,0.07700155,0.9466533,-0.2886007,0.1433783,moving,67.97847,-44.11547,-15.75778,-4.362846
05/11/2023 13:09:55.157821,2606,True,True,True,True,Eyes,1.220482,0.1847484,-3.686136,0.8711351,-0.3415635,0.3527861,0.0,0.0,0.0,0.0,0.0,0.0,0.0,-3.851071,-0.2216969,-0.5582438,1.23402,0.1874673,-3.692368,0.1236563,0.6401216,-0.0812885,0.7538871,16.88878,80.9867,2.140872,0.2765252,0.04660693,-0.9598755,0.6636066,0.02679152,-0.2403756,2.593867,-0.617696,-3.325263,-0.5605368,-0.1503711,1.998292,0.1672729,0.0357454,-0.9852625,0.2808748,0.9562027,0.08237664,0.9450552,-0.2905148,0.1499068,moving,67.95339,-44.07402,-15.66923,-4.303386
05/11/2023 13:09:55.177662,2607,True,True,True,True,Eyes,1.222302,0.1846813,-3.686294,0.871191,-0.3410732,0.3531224,0.0,0.0,0.0,0.0,0.0,0.0,0.0,-3.858062,-0.2093643,-0.5473158,1.2462,0.1870637,-3.693239,0.1240395,0.6377234,-0.07975269,0.7560177,16.8144,80.63016,2.25213,0.2818469,0.04672225,-0.9583208,0.6237902,0.02518403,-0.2259531,2.600321,-0.6230252,-3.319458,-0.5572667,-0.148297,1.998557,0.1738967,0.03761689,-0.9840453,0.2787947,0.9565074,0.08583178,0.9444754,-0.2892724,0.1558461,moving,67.93566,-44.00561,-15.58031,-4.243688
05/11/2023 13:09:55.197448,2608,True,True,True,True,Eyes,1.224532,0.1845692,-3.686449,0.8711559,-0.3406365,0.3536301,0.0,0.0,0.0,0.0,0.0,0.0,0.0,-3.864244,-0.1988156,-0.5392723,1.258388,0.1860733,-3.693854,0.1249472,0.6355772,-0.07882901,0.7577704,16.83199,80.32497,2.356681,0.2861936,0.04681624,-0.9570271,0.5863628,0.02367299,-0.2123959,2.604479,-0.631755,-3.311216,-0.5541397,-0.1463147,1.998811,0.1796552,0.03935859,-0.9829422,0.2782957,0.9563484,0.08915871,0.9435443,-0.2895664,0.1608597,moving,67.90619,-43.9278,-15.49522,-4.186633
05/11/2023 13:09:55.208148,2609,True,True,True,True,Eyes,1.227162,0.1844209,-3.686581,0.8712599,-0.3398985,0.3540837,0.0,0.0,0.0,0.0,0.0,0.0,0.0,-3.870146,-0.1855322,-0.5306659,1.270501,0.1848913,-3.694009,0.1260803,0.6333252,-0.07767936,0.7595846,16.85377,80.01117,2.49675,0.2897643,0.04689132,-0.9559483,0.551181,0.02225261,-0.1996522,2.610412,-0.6372164,-3.303481,-0.5509482,-0.1442908,1.999071,0.1857302,0.04169162,-0.9817159,0.2777078,0.9561393,0.09314476,0.9425405,-0.2899299,0.1660058,moving,67.88297,-43.82902,-15.40832,-4.12839
05/11/2023 13:09:55.231019,2610,True,True,True,True,Eyes,1.230179,0.1842223,-3.686692,0.8712811,-0.3391604,0.3547386,0.0,0.0,0.0,0.0,0.0,0.0,0.0,-3.875963,-0.1751074,-0.5210063,1.282803,0.183891,-3.694022,0.1268035,0.6310083,-0.07669684,0.76149,16.85268,79.67715,2.588349,0.2927217,0.04694954,-0.955044,0.5181102,0.02091745,-0.187673,2.625045,-0.6231225,-3.296527,-0.5477481,-0.1422619,1.999331,0.1918922,0.04322037,-0.980464,0.2768359,0.9560769,0.09632654,0.9415622,-0.2899119,0.1714987,moving,67.8465,-43.71391,-15.32114,-4.070006
05/11/2023 13:09:55.237689,2611,True,True,True,True,Eyes,1.233566,0.1839708,-3.686748,0.8714162,-0.3381523,0.3553684,0.0,0.0,0.0,0.0,0.0,0.0,0.0,-3.881489,-0.1662883,-0.5102897,1.295111,0.1824793,-3.693696,0.1269251,0.62863,-0.07566582,0.7635372,16.79544,79.31937,2.636103,0.2951978,0.04699212,-0.9542795,0.4870235,0.01966241,-0.1764127,2.637809,-0.6129819,-3.289257,-0.5445273,-0.1402191,1.999594,0.1981979,0.04403052,-0.9791726,0.2751252,0.9563294,0.09869242,0.940757,-0.2889557,0.1774286,moving,67.81409,-43.57797,-15.23334,-4.011229
05/11/2023 13:09:55.257870,2612,True,True,True,True,Eyes,1.237321,0.1836472,-3.686762,0.8715078,-0.3371062,0.356137,0.0,0.0,0.0,0.0,0.0,0.0,0.0,-3.886268,-0.1627301,-0.5029056,1.307572,0.1809817,-3.693234,0.126492,0.6266569,-0.0750087,0.7652938,16.71531,79.00882,2.616805,0.2973797,0.04702091,-0.9536003,0.4578021,0.01848266,-0.1658279,2.65298,-0.5973172,-3.279906,-0.5413413,-0.1381992,1.999853,0.2033495,0.04372683,-0.9781293,0.2733415,0.956747,0.09959763,0.9401772,-0.2876165,0.1826016,moving,67.77289,-43.42752,-15.14644,-3.95312
05/11/2023 13:09:55.277443,2613,True,True,True,True,Eyes,1.241424,0.1832473,-3.686734,0.8717017,-0.3358831,0.3568175,0.0,0.0,0.0,0.0,0.0,0.0,0.0,-3.890278,-0.155559,-0.4994276,1.320147,0.1789114,-3.692302,0.1259925,0.6250061,-0.07376952,0.766845,16.58553,78.74922,2.652483,0.2994298,0.04703694,-0.9529578,0.430334,0.0173737,-0.1558782,2.667661,-0.5825005,-3.270272,-0.5382156,-0.1362172,2.000108,0.2078508,0.04435261,-0.9771546,0.2706318,0.9573678,0.1010207,0.9399769,-0.2854463,0.1869864,moving,67.73903,-43.26897,-15.06115,-3.89611
05/11/2023 13:09:55.297666,2614,True,True,True,True,Eyes,1.245861,0.182757,-3.686647,0.8718243,-0.3347179,0.3576122,0.0,0.0,0.0,0.0,0.0,0.0,0.0,-3.894083,-0.1465472,-0.4969935,1.332609,0.1766508,-3.691247,0.1256303,0.6234347,-0.07235282,0.7683173,16.45501,78.50669,2.717203,0.3013692,0.04703947,-0.9523461,0.404514,0.01633128,-0.1465255,2.67887,-0.5766252,-3.262157,-0.535051,-0.1342111,2.000365,0.2121887,0.04546472,-0.9761706,0.2678244,0.9579642,0.1028333,0.9398117,-0.2832623,0.1910926,moving,67.69714,-43.10601,-14.97474,-3.838411
05/11/2023 13:09:55.307953,2615,True,True,True,True,Eyes,1.250621,0.182184,-3.686456,0.8720468,-0.3334361,0.3582665,0.0,0.0,0.0,0.0,0.0,0.0,0.0,-3.897427,-0.1397703,-0.4945111,1.345084,0.1739934,-3.689782,0.126061,0.6218094,-0.07180917,0.7696136,16.45964,78.27276,2.76371,0.3032175,0.04702749,-0.9517599,0.3802431,0.0153514,-0.137734,2.691544,-0.5682527,-3.255917,-0.531788,-0.1321421,2.00063,0.2163932,0.04624119,-0.9752106,0.2673025,0.9579042,0.1047333,0.9390012,-0.2833398,0.1949235,moving,67.66547,-42.94411,-14.8856,-3.778911
05/11/2023 13:09:55.331249,2616,True,True,True,True,Eyes,1.255691,0.1815222,-3.686185,0.872237,-0.3321851,0.3589646,0.0,0.0,0.0,0.0,0.0,0.0,0.0,-3.900028,-0.1378903,-0.4959302,1.357806,0.1714831,-3.688107,0.1258873,0.6206399,-0.07150613,0.7706137,16.4262,78.09212,2.752049,0.3049918,0.04700036,-0.9511941,0.3574285,0.01443032,-0.12947,2.702529,-0.5638759,-3.249355,-0.5284288,-0.130012,2.000902,0.2193859,0.04605417,-0.9745507,0.2664686,0.9580785,0.1052618,0.9385438,-0.2827801,0.1979169,moving,67.63064,-42.78111,-14.79378,-3.717664
05/11/2023 13:09:55.337919,2617,True,True,True,True,Eyes,1.261067,0.1807881,-3.685801,0.8724834,-0.3309362,0.3595191,0.0,0.0,0.0,0.0,0.0,0.0,0.0,-3.901544,-0.1357249,-0.501745,1.370327,0.1686884,-3.685914,0.1257838,0.619903,-0.07115003,0.7712565,16.39366,77.97933,2.760171,0.3067072,0.04695733,-0.9506446,0.3359828,0.0135645,-0.1217018,2.712368,-0.562533,-3.242328,-0.5253739,-0.1280746,2.001152,0.221316,0.04619773,-0.9741073,0.2656974,0.9582322,0.105811,0.9383093,-0.2822354,0.1997975,moving,67.6052,-42.62947,-14.71022,-3.661961
05/11/2023 13:09:55.357749,2618,True,True,True,True,Eyes,1.26674,0.1799861,-3.685302,0.872708,-0.3296844,0.3601234,0.0,0.0,0.0,0.0,0.0,0.0,0.0,-3.902605,-0.1310879,-0.509928,1.383134,0.1662222,-3.68332,0.1257226,0.6193427,-0.07034986,0.7717896,16.33209,77.89654,2.815642,0.3083776,0.04689813,-0.9501069,0.3158238,0.01275063,-0.1143997,2.723429,-0.5583794,-3.235007,-0.5221572,-0.1260346,2.001413,0.2229308,0.04714027,-0.9736937,0.2643214,0.9584894,0.1069215,0.9383154,-0.2812042,0.2012167,moving,67.57648,-42.47336,-14.6222,-3.603319
05/11/2023 13:09:55.377697,2619,True,True,True,True,Eyes,1.27271,0.1791196,-3.684716,0.8729402,-0.3283539,0.3607758,0.0,0.0,0.0,0.0,0.0,0.0,0.0,-3.903358,-0.1254021,-0.5164185,1.395931,0.1637859,-3.680104,0.1254947,0.6186032,-0.06932513,0.7725123,16.24003,77.78353,2.874884,0.3100151,0.0468227,-0.9495776,0.2968744,0.01198559,-0.1075357,2.732983,-0.5578027,-3.227883,-0.5189196,-0.1239818,2.001677,0.2250483,0.04815385,-0.9731569,0.2623719,0.9588902,0.108123,0.9383571,-0.279662,0.2031624,moving,67.54527,-42.30635,-14.53355,-3.544314
05/11/2023 13:09:55.397460,2620,True,True,True,True,Eyes,1.27896,0.1782121,-3.684004,0.8731073,-0.3271562,0.3614588,0.0,0.0,0.0,0.0,0.0,0.0,0.0,-3.904226,-0.1186726,-0.5214703,1.408852,0.1612671,-3.676699,0.1251474,0.6177002,-0.06811991,0.7733979,16.12494,77.64385,2.938041,0.3116309,0.04673098,-0.949053,0.2790619,0.01126646,-0.1010835,2.742169,-0.5592749,-3.221591,-0.5158318,-0.1220236,2.001927,0.2276122,0.04923955,-0.9725062,0.2599747,0.9593956,0.1094221,0.9384061,-0.2777328,0.2055691,moving,67.51087,-42.14824,-14.44897,-3.488038
05/11/2023 13:09:55.407944,2621,True,True,True,True,Eyes,1.285499,0.1772918,-3.683177,0.8732758,-0.3259798,0.3621143,0.0,0.0,0.0,0.0,0.0,0.0,0.0,-3.90478,-0.111322,-0.5273874,1.421835,0.1593969,-3.672985,0.1265406,0.6167497,-0.06774238,0.7739627,16.22652,77.53686,3.058346,0.3132342,0.04662361,-0.9485304,0.2623182,0.01059047,-0.09501852,2.751942,-0.5593919,-3.216395,-0.5127037,-0.1200407,2.002181,0.2300615,0.05122754,-0.9718269,0.2609479,0.9587969,0.1123152,0.9375383,-0.2794355,0.2072145,moving,67.47807,-41.99393,-14.36324,-3.43106
05/11/2023 13:09:55.431818,2622,True,True,True,True,Eyes,1.292292,0.1763627,-3.682208,0.8734301,-0.3248381,0.362767,0.0,0.0,0.0,0.0,0.0,0.0,0.0,-3.904885,-0.1027262,-0.5359654,1.43515,0.1580905,-3.668963,0.1270518,0.6160853,-0.0665113,0.7745148,16.18623,77.45517,3.194786,0.3148331,0.04650187,-0.9480068,0.2465791,0.009955042,-0.08931741,2.761442,-0.5595104,-3.210055,-0.5093707,-0.1179275,2.002452,0.2320304,0.05352154,-0.971235,0.2595775,0.9588682,0.1148537,0.9374334,-0.2787603,0.2085936,moving,67.44513,-41.84272,-14.27184,-3.370344
05/11/2023 13:09:55.437973,2623,True,True,True,True,Eyes,1.299342,0.1754659,-3.681066,0.8735825,-0.3237586,0.3633649,0.0,0.0,0.0,0.0,0.0,0.0,0.0,-3.904232,-0.09302554,-0.546808,1.448048,0.156956,-3.664587,0.127636,0.6156642,-0.06509429,0.7748739,16.13825,77.41306,3.358938,0.3164351,0.04636705,-0.94748,0.2317844,0.009357739,-0.08395837,2.770252,-0.5604408,-3.20143,-0.5062297,-0.1159356,2.002708,0.2334406,0.05628213,-0.9707408,0.2580415,0.9589435,0.1176511,0.9375073,-0.277956,0.2093333,moving,67.41523,-41.70108,-14.18566,-3.313121
05/11/2023 13:09:55.457567,2624,True,True,True,True,Eyes,1.306668,0.1746682,-3.679772,0.8737367,-0.3226469,0.3639823,0.0,0.0,0.0,0.0,0.0,0.0,0.0,-3.903642,-0.08534992,-0.5556049,1.461347,0.1567022,-3.659823,0.1290362,0.6149653,-0.06435059,0.7752589,16.21364,77.34695,3.518435,0.3180476,0.04622132,-0.9469471,0.2178773,0.008796275,-0.07892086,2.779562,-0.5597761,-3.192062,-0.5030031,-0.1138896,2.002971,0.2353533,0.05892887,-0.9701219,0.2584823,0.9584173,0.1209262,0.9369076,-0.2792197,0.2103346,moving,67.38431,-41.55492,-14.09708,-3.254353
05/11/2023 13:09:55.477851,2625,True,True,True,True,Eyes,1.314255,0.1739883,-3.678277,0.8739539,-0.3213968,0.3645663,0.0,0.0,0.0,0.0,0.0,0.0,0.0,-3.903114,-0.07412589,-0.5657556,1.475281,0.1582775,-3.65491,0.1291571,0.6144274,-0.06204394,0.7758532,16.06077,77.27986,3.725558,0.3196758,0.04606843,-0.9464062,0.2048047,0.008268498,-0.07418561,2.789026,-0.5583252,-3.183148,-0.4997043,-0.1117977,2.00324,0.2372591,0.06244126,-0.9694377,0.2549892,0.958938,0.1241708,0.9373841,-0.2766568,0.2115949,moving,67.35674,-41.39897,-14.00648,-3.194275
05/11/2023 13:09:55.487734,2626,True,True,True,True,Eyes,1.32208,0.1734426,-3.676637,0.8741042,-0.3202579,0.3652079,0.0,0.0,0.0,0.0,0.0,0.0,0.0,-3.90262,-0.06042817,-0.5762644,1.489483,0.1606642,-3.649904,0.1287948,0.6139202,-0.05898076,0.7765534,15.81017,77.20851,3.965288,0.321326,0.04591218,-0.9458547,0.1925164,0.007772388,-0.06973448,2.800019,-0.5527014,-3.174016,-0.4965801,-0.1098168,2.003494,0.2392465,0.06653606,-0.9686766,0.2497429,0.9598663,0.1276132,0.9382909,-0.2724511,0.2130277,moving,67.32443,-41.24816,-13.92063,-3.137394
05/11/2023 13:09:55.507934,2627,True,True,True,True,Eyes,1.330132,0.1730461,-3.674822,0.8742224,-0.319204,0.365847,0.0,0.0,0.0,0.0,0.0,0.0,0.0,-3.902917,-0.04215324,-0.5793872,1.503042,0.1633774,-3.644778,0.1308719,0.6125,-0.05677488,0.7774915,15.846,77.05929,4.294302,0.3230024,0.0457564,-0.9452911,0.1809654,0.007306044,-0.06555041,2.812187,-0.5442088,-3.165817,-0.4934821,-0.1078522,2.003746,0.2432407,0.07203409,-0.9672875,0.248602,0.9592983,0.1339543,0.9375666,-0.2730528,0.2154326,moving,67.29153,-41.10492,-13.83545,-3.080988
05/11/2023 13:09:55.532096,2628,True,True,True,True,Eyes,1.338385,0.1727914,-3.67288,0.874179,-0.3184851,0.3665767,0.0,0.0,0.0,0.0,0.0,0.0,0.0,-3.903509,-0.03648752,-0.581049,1.516807,0.1666715,-3.63976,0.1323684,0.6110994,-0.05600082,0.7783958,15.93307,76.89215,4.449438,0.3247083,0.04560495,-0.9447138,0.1701075,0.006867682,-0.06161739,2.821279,-0.5428847,-3.157519,-0.4902756,-0.1058189,2.004008,0.246843,0.07459896,-0.96618,0.2489622,0.958685,0.137626,0.9365289,-0.2745142,0.2180723,moving,67.24983,-40.9844,-13.74725,-3.022619
05/11/2023 13:09:55.547699,2629,True,True,True,True,Eyes,1.34681,0.1726112,-3.670812,0.8741433,-0.3177024,0.3673401,0.0,0.0,0.0,0.0,0.0,0.0,0.0,-3.904928,-0.03480661,-0.5758684,1.529946,0.1698977,-3.63479,0.1360279,0.6089395,-0.05718857,0.7793709,16.36056,76.66048,4.574345,0.3264465,0.04546103,-0.9441215,0.159901,0.006455621,-0.05792034,2.830059,-0.5419296,-3.148935,-0.4870746,-0.1037893,2.004268,0.2518446,0.07652325,-0.9647376,0.2548077,0.9564518,0.1423836,0.9336206,-0.2816811,0.2213785,moving,67.20646,-40.85563,-13.65916,-2.964365
05/11/2023 13:09:55.557665,2630,True,True,True,True,Eyes,1.56036,0.1691784,-3.616937,0.8688502,-0.3075971,0.3879217,0.0,0.0,0.0,0.0,0.0,0.0,0.0,-3.905563,-0.03169101,-0.5770295,1.542625,0.1715389,-3.63019,0.1360911,0.6077104,-0.0562338,0.7803878,16.30529,76.48289,4.639907,0.328218,0.04532586,-0.9435135,0.150307,0.006068284,-0.05444513,2.838421,-0.5419837,-3.142185,-0.4838745,-0.1017604,2.004527,0.2550518,0.07763959,-0.9638053,0.2531763,0.956634,0.14406,0.9331937,-0.2807554,0.2243347,moving,65.94033,-38.41217,-13.57106,-2.906142
05/11/2023 13:09:55.577454,2631,True,True,True,True,Eyes,1.560812,0.1692257,-3.616742,0.8687441,-0.3078396,0.3879672,0.0,0.0,0.0,0.0,0.0,0.0,0.0,-3.90696,-0.03242195,-0.5719142,1.554055,0.1725159,-3.625964,0.1401156,0.6056861,-0.05832127,0.781096,16.83018,76.27963,4.711667,0.3393519,0.04502642,-0.9395809,0.7819395,-0.004594065,0.1104465,2.846745,-0.5436394,-3.13839,-0.4806032,-0.09968647,2.004794,0.2594861,0.07862312,-0.9625412,0.2608411,0.9539325,0.1482387,0.9298543,-0.2895362,0.2270241,moving,65.93523,-38.43088,-13.48094,-2.846634
05/11/2023 13:09:55.597549,2632,True,True,True,True,Eyes,1.561699,0.1693458,-3.616396,0.8685037,-0.3082317,0.3881939,0.0,0.0,0.0,0.0,0.0,0.0,0.0,-3.909158,-0.02877235,-0.5632107,1.565673,0.1738567,-3.621877,0.1444985,0.6031989,-0.06000238,0.782094,17.3621,76.02208,4.836285,0.3483132,0.04476979,-0.9363081,0.7350231,-0.004318421,0.1038197,2.858531,-0.5373663,-3.136393,-0.477406,-0.09765847,2.005054,0.2651017,0.0804676,-0.960857,0.2681776,0.9510399,0.153636,0.9261759,-0.2984095,0.2305427,moving,65.91685,-38.4501,-13.39283,-2.788454
05/11/2023 13:09:55.607961,2633,True,True,True,True,Eyes,1.562989,0.1695087,-3.615889,0.8682596,-0.3083999,0.3886061,0.0,0.0,0.0,0.0,0.0,0.0,0.0,-3.9119,-0.01370078,-0.5514894,1.577041,0.1757836,-3.617918,0.1472477,0.6004374,-0.05911681,0.7837719,17.56629,75.69348,5.064332,0.3555413,0.04455248,-0.9335977,0.6909217,-0.004059316,0.09759051,2.87054,-0.5295367,-3.133428,-0.474269,-0.09566963,2.005309,0.2719603,0.08415785,-0.9586216,0.2694943,0.9496467,0.1598253,0.9238023,-0.3018091,0.2355862,moving,65.88819,-38.4357,-13.30633,-2.731406
05/11/2023 13:09:55.632678,2634,True,True,True,True,Eyes,1.564682,0.1697529,-3.615255,0.8679367,-0.3084464,0.3892901,2.052016,3.345703,-0.4631842,-2.816426,-0.9289593,-0.3495193,0.1219456,-0.3269344,-0.006771386,2.006963,1.588329,0.177046,-3.614282,0.1484232,0.5973174,-0.05708049,0.7860816,17.54988,75.27402,5.269857,0.3613876,0.04437039,-0.931359,0.6494664,-0.003815757,0.09173508,2.881369,-0.5230979,-3.130254,-0.4710175,-0.09360805,2.005573,0.2799073,0.0875717,-0.9560246,0.2670514,0.9494247,0.1651551,0.9221363,-0.3015358,0.2423648,moving,65.84264,-38.39086,-13.21664,-2.672282
05/11/2023 13:09:55.637837,2635,True,True,True,True,Eyes,1.566783,0.1700662,-3.614519,0.8677481,-0.3078103,0.3902127,2.049616,3.345334,-0.4608268,-2.814733,-0.9528875,-0.1923308,0.2345511,-0.3137472,-0.01691791,1.997856,1.599765,0.1792273,-3.610643,0.1478627,0.5942256,-0.05473404,0.7886931,17.35465,74.81172,5.373877,0.3661348,0.04422072,-0.9295101,0.6104984,-0.003586812,0.08623098,2.891713,-0.517564,-3.124586,-0.4679469,-0.0916609,2.005823,0.2878003,0.08939092,-0.9535094,0.2620643,0.9502816,0.1681879,0.9211369,-0.2982853,0.2500651,moving,65.7873,-38.26733,-13.1319,-2.616448
05/11/2023 13:09:55.663595,2636,True,True,True,True,Eyes,1.569252,0.1704041,-3.613685,0.8676022,-0.306681,0.3914244,0.0,0.0,0.0,0.0,0.0,0.0,0.0,-3.922902,0.03017718,-0.5006537,1.611551,0.1810038,-3.607057,0.1439467,0.5915362,-0.0505854,0.7917105,16.72476,74.3264,5.404449,0.3700109,0.04410072,-0.9279797,0.5738685,-0.003371603,0.08105712,2.905554,-0.5028012,-3.120995,-0.4647379,-0.0896259,2.006084,0.2950521,0.09020142,-0.9512141,0.2503973,0.953441,0.168082,0.9220876,-0.2877744,0.2587286,moving,65.71717,-38.07869,-13.04329,-2.558104
05/11/2023 13:09:55.679743,2637,True,True,True,True,Eyes,1.572071,0.1707518,-3.612773,0.8675095,-0.3052421,0.3927525,0.0,0.0,0.0,0.0,0.0,0.0,0.0,-3.92641,0.04275334,-0.4863937,1.622888,0.1818202,-3.603925,0.1387296,0.5892121,-0.04577768,0.794662,15.92816,73.86906,5.413863,0.3732,0.04400685,-0.9267063,0.5394364,-0.003169307,0.07619369,2.910482,-0.5113926,-3.117128,-0.4615171,-0.08758394,2.006347,0.301467,0.09072676,-0.9491503,0.2362379,0.957317,0.1665408,0.9237474,-0.2744318,0.2671665,moving,65.64204,-37.85388,-12.95432,-2.499571
05/11/2023 13:09:55.687428,2638,True,True,True,True,Eyes,1.575216,0.171071,-3.61178,0.8673958,-0.303553,0.3943097,0.0,0.0,0.0,0.0,0.0,0.0,0.0,-3.929644,0.05541342,-0.4735596,1.634054,0.1822645,-3.600844,0.1362671,0.5868008,-0.04254458,0.7970486,15.49494,73.469,5.484522,0.3758503,0.04393568,-0.9256378,0.5070702,-0.002979148,0.07162207,2.921386,-0.5034719,-3.111752,-0.4583601,-0.08558175,2.006603,0.3077097,0.09210305,-0.9470122,0.2277434,0.9592425,0.1672926,0.9238224,-0.2671534,0.2741924,moving,65.55392,-37.5903,-12.86708,-2.442189
05/11/2023 13:09:55.707797,2639,True,True,True,True,Eyes,1.57865,0.1713753,-3.610708,0.8671802,-0.3021176,0.3958831,0.0,0.0,0.0,0.0,0.0,0.0,0.0,-3.932971,0.07109159,-0.4599283,1.645076,0.1818424,-3.597986,0.1335352,0.5842963,-0.03886877,0.7995347,15.00799,73.05373,5.578547,0.3782155,0.04388084,-0.9246765,0.476646,-0.002800399,0.06732474,2.92998,-0.5003508,-3.106649,-0.4551344,-0.08353652,2.006866,0.3141742,0.09389438,-0.9447109,0.2182021,0.9613152,0.1681103,0.9239494,-0.2589538,0.2815324,moving,65.46246,-37.34901,-12.77789,-2.383582
05/11/2023 13:09:55.727439,2640,True,True,True,True,Eyes,1.582372,0.1717005,-3.609576,0.8667609,-0.30099,0.3976564,0.0,0.0,0.0,0.0,0.0,0.0,0.0,-3.936719,0.08095491,-0.4419177,1.655601,0.1818213,-3.59521,0.1347157,0.5811492,-0.03829213,0.8016551,15.09961,72.62996,5.657955,0.3804256,0.04383861,-0.9237714,0.4480473,-0.002632376,0.06328526,2.939985,-0.4948485,-3.101355,-0.4517124,-0.0813669,2.007144,0.3215986,0.09518566,-0.9420796,0.217974,0.9607708,0.1714841,0.9214454,-0.2604979,0.2882346,moving,65.35508,-37.12243,-12.68324,-2.321423
05/11/2023 13:09:55.737607,2641,True,True,True,True,Eyes,1.586379,0.1720172,-3.608413,0.8662131,-0.3000937,0.399523,0.0,0.0,0.0,0.0,0.0,0.0,0.0,-3.94133,0.08763993,-0.4189079,1.666345,0.182709,-3.592654,0.1377344,0.5773687,-0.03919989,0.8038272,15.46769,72.15466,5.718203,0.3825034,0.04380818,-0.9229145,0.4211645,-0.002474433,0.05948814,2.956684,-0.4706898,-3.094726,-0.4488028,-0.07952209,2.00738,0.3302175,0.09602718,-0.9390076,0.2220669,0.9589852,0.1761637,0.9174109,-0.2666948,0.2953492,moving,65.23946,-36.9113,-12.60272,-2.268578
05/11/2023 13:09:55.757928,2642,True,True,True,True,Eyes,1.590603,0.172309,-3.607228,0.8654383,-0.2996736,0.4015126,0.0,0.0,0.0,0.0,0.0,0.0,0.0,-3.945894,0.08900887,-0.3975599,1.677074,0.1827546,-3.590276,0.1376127,0.5740641,-0.03917131,0.8062127,15.47773,71.67363,5.647325,0.3844685,0.04378811,-0.9220986,0.3958946,-0.002325967,0.05591885,2.965404,-0.4667374,-3.088039,-0.4455464,-0.07745687,2.007646,0.3378321,0.09483616,-0.9364164,0.2211578,0.9590567,0.1769165,0.9148545,-0.2668638,0.3030264,moving,65.11147,-36.73625,-12.51257,-2.209429
05/11/2023 13:09:55.777716,2643,True,True,True,True,Eyes,1.59507,0.1725971,-3.606017,0.8645366,-0.2996776,0.4034473,0.0,0.0,0.0,0.0,0.0,0.0,0.0,-3.950608,0.0831632,-0.3767593,1.686635,0.1825323,-3.588608,0.1420134,0.5706485,-0.04284488,0.8076862,16.15896,71.27238,5.548531,0.386337,0.04377666,-0.9213179,0.3721409,-0.002186409,0.05256372,2.979842,-0.448713,-3.080858,-0.4423787,-0.07544841,2.007903,0.3450493,0.092869,-0.9339788,0.2312898,0.9559931,0.1805057,0.9096406,-0.2783032,0.308385,moving,64.98328,-36.60469,-12.42484,-2.151918
05/11/2023 13:09:55.797907,2644,True,True,True,True,Eyes,1.599753,0.1728975,-3.604783,0.863502,-0.299825,0.4055479,0.0,0.0,0.0,0.0,0.0,0.0,0.0,-3.954818,0.08282626,-0.3588116,1.696938,0.1827863,-3.586527,0.1457451,0.5674298,-0.04520735,0.8091589,16.68836,70.89191,5.525933,0.3881237,0.04377279,-0.9205668,0.3498124,-0.002055224,0.0494099,2.992483,-0.4347103,-3.07412,-0.4392036,-0.07343547,2.00816,0.3519594,0.09224036,-0.9314592,0.2385601,0.9534293,0.1845579,0.9051043,-0.2871659,0.3135636,moving,64.84267,-36.47583,-12.33687,-2.094289
05/11/2023 13:09:55.807444,2645,True,True,True,True,Eyes,1.604676,0.1732272,-3.603572,0.8624104,-0.3000031,0.4077335,0.0,0.0,0.0,0.0,0.0,0.0,0.0,-3.9594,0.08049822,-0.338618,1.706915,0.1834035,-3.584801,0.1470442,0.5642615,-0.04646592,0.8110659,16.91561,70.46128,5.432016,0.3898422,0.04377601,-0.9198402,0.3288237,-0.001931911,0.04644531,3.003441,-0.4263712,-3.066664,-0.4359728,-0.07138718,2.008423,0.3588997,0.09056886,-0.9289715,0.2413166,0.9524379,0.1860871,0.9016414,-0.2909628,0.3199739,moving,64.69598,-36.34498,-12.24731,-2.035658
05/11/2023 13:09:55.827792,2646,True,True,True,True,Eyes,1.609822,0.1735829,-3.602329,0.8612921,-0.2999614,0.4101209,0.0,0.0,0.0,0.0,0.0,0.0,0.0,-3.963904,0.06913859,-0.3179162,1.717104,0.1842711,-3.582735,0.1478121,0.5611698,-0.04868381,0.8129392,17.1554,70.02061,5.208507,0.3915038,0.04378621,-0.9191337,0.3090943,-0.001815996,0.04365859,3.014559,-0.4146792,-3.056572,-0.4327703,-0.06935637,2.008684,0.3654369,0.08674144,-0.9267857,0.2450493,0.9515629,0.1856848,0.8980015,-0.2949643,0.3264802,moving,64.53764,-36.18164,-12.1585,-1.977538
05/11/2023 13:09:55.838078,2647,True,True,True,True,Eyes,1.615189,0.1739385,-3.601074,0.8602932,-0.2995052,0.4125437,0.0,0.0,0.0,0.0,0.0,0.0,0.0,-3.968304,0.06085312,-0.2998481,1.727638,0.1851907,-3.580785,0.1448409,0.5586017,-0.04821367,0.8152672,16.85991,69.57566,4.987576,0.3931192,0.04380327,-0.9184432,0.2905486,-0.001707037,0.04103907,3.020228,-0.4187586,-3.046598,-0.4296266,-0.06736287,2.00894,0.3712792,0.08320272,-0.9247859,0.2404308,0.9533931,0.1823036,0.8968526,-0.2900326,0.3339706,moving,64.38049,-35.97951,-12.07129,-1.920497
05/11/2023 13:09:55.857816,2648,True,True,True,True,Eyes,1.620765,0.174286,-3.599792,0.8592575,-0.2988263,0.415186,0.0,0.0,0.0,0.0,0.0,0.0,0.0,-3.972288,0.06407332,-0.2832227,1.738162,0.1853958,-3.5788,0.1413421,0.5560566,-0.04584566,0.8177542,16.38866,69.13812,4.915644,0.3946975,0.04382642,-0.9177649,0.2731157,-0.001604614,0.03857673,3.027186,-0.4194333,-3.035582,-0.4264466,-0.0653462,2.009199,0.3773986,0.0822074,-0.9223949,0.2321693,0.9558412,0.1801805,0.8964753,-0.2821517,0.3416471,moving,64.21056,-35.74411,-11.98303,-1.862804
05/11/2023 13:09:55.878009,2649,True,True,True,True,Eyes,1.626561,0.1746138,-3.598501,0.8582687,-0.2977776,0.4179752,0.0,0.0,0.0,0.0,0.0,0.0,0.0,-3.976593,0.07011497,-0.2628443,1.748793,0.1854969,-3.576955,0.1387631,0.5529969,-0.04369599,0.820384,16.02195,68.65282,4.880685,0.3962471,0.04385477,-0.9170955,0.2567287,-0.001508338,0.03626212,3.031436,-0.4269122,-3.025083,-0.4232613,-0.06332647,2.009458,0.3845702,0.08177615,-0.9194664,0.2251661,0.9576709,0.1793506,0.8952128,-0.2760056,0.3498784,moving,64.034,-35.46717,-11.8946,-1.805034
05/11/2023 13:09:55.897521,2650,True,True,True,True,Eyes,1.632557,0.1749062,-3.59719,0.8571892,-0.2966441,0.4209856,0.0,0.0,0.0,0.0,0.0,0.0,0.0,-3.98102,0.07235318,-0.239557,1.759694,0.1852154,-3.574956,0.1356529,0.549674,-0.04187966,0.8232273,15.62777,68.1183,4.775661,0.397776,0.0438872,-0.916432,0.241325,-0.001417837,0.0340864,3.033634,-0.4430915,-3.016558,-0.4199489,-0.06122608,2.009727,0.3922094,0.0801768,-0.9163752,0.2180827,0.9596887,0.177306,0.8936509,-0.2693867,0.3589137,moving,63.84327,-35.17013,-11.8026,-1.744969
05/11/2023 13:09:55.908129,2651,True,True,True,True,Eyes,1.638766,0.1751666,-3.595875,0.8560435,-0.2954829,0.424122,0.0,0.0,0.0,0.0,0.0,0.0,0.0,-3.98558,0.0752719,-0.2151155,1.770523,0.1846249,-3.573226,0.1341055,0.5461068,-0.04094663,0.8258975,15.44048,67.58395,4.691365,0.3992898,0.04392233,-0.9157717,0.2268455,-0.001332767,0.03204121,3.038771,-0.4503167,-3.007506,-0.4166785,-0.0591526,2.009993,0.4001816,0.07883637,-0.9130387,0.2141072,0.9606782,0.1767923,0.8910741,-0.2662372,0.3675663,moving,63.64414,-34.86466,-11.71172,-1.685686
05/11/2023 13:09:55.927817,2652,True,True,True,True,Eyes,1.645173,0.1753915,-3.594532,0.8547985,-0.2942498,0.4274769,0.0,0.0,0.0,0.0,0.0,0.0,0.0,-3.989993,0.07878268,-0.1898615,1.781655,0.1840353,-3.571293,0.1328426,0.5423834,-0.04009758,0.8285925,15.28623,67.0362,4.617435,0.4007945,0.04395897,-0.9151124,0.2132348,-0.001252801,0.03011874,3.042952,-0.4607873,-2.999799,-0.4133219,-0.05702377,2.010267,0.408425,0.07765412,-0.9094828,0.2105523,0.96149,0.1766482,0.8881761,-0.2636412,0.3763463,moving,63.43079,-34.54123,-11.61841,-1.624832
05/11/2023 13:09:55.937623,2653,True,True,True,True,Eyes,1.651781,0.1755676,-3.593174,0.8534569,-0.2931381,0.4309075,0.0,0.0,0.0,0.0,0.0,0.0,0.0,-3.994333,0.08145469,-0.1640248,1.792841,0.183378,-3.569359,0.1313629,0.5386119,-0.03925453,0.8313243,15.11138,66.47921,4.529454,0.4022958,0.04399601,-0.9144516,0.2004407,-0.001177633,0.02831161,3.049919,-0.4640277,-2.991189,-0.4103823,-0.05515999,2.010506,0.4167124,0.07624079,-0.9058357,0.2067738,0.9624057,0.1761245,0.8852093,-0.2606963,0.3852819,moving,63.21094,-34.22671,-11.53667,-1.571566
05/11/2023 13:09:55.957891,2654,True,True,True,True,Eyes,1.658574,0.1756795,-3.591795,0.8519665,-0.2920409,0.4345864,0.0,0.0,0.0,0.0,0.0,0.0,0.0,-3.998525,0.08739817,-0.135182,1.804172,0.1823589,-3.567327,0.1305615,0.5344093,-0.03844349,0.8341959,15.0058,65.87955,4.477638,0.403798,0.04403209,-0.9137875,0.1884142,-0.001106975,0.02661292,3.059677,-0.4607626,-2.9837,-0.4072308,-0.05316179,2.010762,0.4258575,0.0754078,-0.9016425,0.2036854,0.9629516,0.1767386,0.8815655,-0.2589169,0.3947207,moving,62.97396,-33.90099,-11.44901,-1.514469
05/11/2023 13:09:55.977870,2655,True,True,True,True,Eyes,1.665555,0.1757216,-3.590389,0.8503063,-0.2912036,0.438383,0.0,0.0,0.0,0.0,0.0,0.0,0.0,-4.002666,0.09812129,-0.1027123,1.81548,0.1809231,-3.565504,0.1303705,0.5297255,-0.03743719,0.8372532,14.94959,65.23045,4.477921,0.4053048,0.04406561,-0.9131185,0.1771094,-0.001040556,0.02501614,3.069057,-0.4610581,-2.977775,-0.4040384,-0.05113691,2.011022,0.4359787,0.07543235,-0.8967901,0.2008099,0.963204,0.1786433,0.8772673,-0.2579691,0.4047889,moving,62.72623,-33.5948,-11.36017,-1.456622
05/11/2023 13:09:55.987719,2656,True,True,True,True,Eyes,1.672721,0.1757085,-3.588971,0.848461,-0.2904551,0.442436,0.0,0.0,0.0,0.0,0.0,0.0,0.0,-4.006723,0.1093239,-0.06728351,1.827106,0.1793838,-3.563679,0.1312041,0.5246108,-0.03704676,0.840355,15.03365,64.54194,4.477596,0.4068199,0.04409501,-0.9124431,0.1664828,-0.000978123,0.02351517,3.078175,-0.4618415,-2.971283,-0.4007357,-0.04904313,2.01129,0.4468221,0.07539725,-0.89144,0.199927,0.9628261,0.1816457,0.8719972,-0.2593863,0.415138,moving,62.4599,-33.28452,-11.26823,-1.396819
05/11/2023 13:09:56.008003,2657,True,True,True,True,Eyes,1.680092,0.1756349,-3.587563,0.8464803,-0.289846,0.4466099,0.0,0.0,0.0,0.0,0.0,0.0,0.0,-4.010572,0.1239929,-0.03009295,1.838828,0.1780559,-3.56202,0.132099,0.519257,-0.03620279,0.8435706,15.09776,63.82793,4.521226,0.4083459,0.04411919,-0.9117602,0.1564939,-0.0009194356,0.02210426,3.087478,-0.4614481,-2.963751,-0.397593,-0.04705045,2.011546,0.458123,0.07610749,-0.8856246,0.1982659,0.9624785,0.1852726,0.8664951,-0.2604668,0.425844,moving,62.18351,-32.98322,-11.18071,-1.339915
05/11/2023 13:09:56.027834,2658,True,True,True,True,Eyes,1.687646,0.1755075,-3.586147,0.8443022,-0.2892697,0.451084,0.0,0.0,0.0,0.0,0.0,0.0,0.0,-4.012642,0.1423754,0.009348154,1.849554,0.1758486,-3.559478,0.1325307,0.5136812,-0.03470575,0.8469728,15.07927,63.08146,4.59583,0.4098857,0.04413706,-0.9110681,0.1471042,-0.0008642695,0.02077801,3.097219,-0.4592068,-2.955091,-0.3943012,-0.04496334,2.011814,0.4698544,0.0773674,-0.879347,0.1949467,0.9624623,0.1888444,0.8609487,-0.2601551,0.4371346,moving,61.88582,-32.6711,-11.089,-1.280327
05/11/2023 13:09:56.043323,2659,True,True,True,True,Eyes,1.880244,0.1704797,-3.55012,0.7812641,-0.2758524,0.5599393,0.0,0.0,0.0,0.0,0.0,0.0,0.0,-4.015926,0.1572074,0.05281579,1.861626,0.1744284,-3.557961,0.1328034,0.5076546,-0.03359111,0.8506008,15.07188,62.26994,4.614948,0.4114415,0.0441478,-0.9103661,0.138278,-0.0008124133,0.01953133,3.108022,-0.4558886,-2.947575,-0.3910786,-0.04292011,2.012075,0.4823169,0.07769121,-0.8725448,0.1919817,0.9624698,0.1918199,0.8547008,-0.2600306,0.4493002,moving,54.37048,-26.22702,-10.9992,-1.222006
05/11/2023 13:09:56.059378,2660,True,True,True,True,Eyes,1.880739,0.1704109,-3.550062,0.7809412,-0.2757957,0.5604174,0.0,0.0,0.0,0.0,0.0,0.0,0.0,-4.019046,0.1690353,0.09793901,1.874087,0.1731109,-3.556505,0.132926,0.5014533,-0.03283172,0.8542818,15.07242,61.43198,4.58675,0.4197576,0.04388145,-0.9065746,0.7077752,-0.01584711,0.126441,3.119999,-0.4518665,-2.941117,-0.3878996,-0.04090428,2.012334,0.4949332,0.07721734,-0.8654933,0.1894075,0.9625055,0.1941855,0.8480366,-0.2600397,0.4617504,moving,54.3361,-26.20297,-10.91058,-1.164479
05/11/2023 13:09:56.077676,2661,True,True,True,True,Eyes,1.881689,0.170271,-3.549934,0.780496,-0.2757695,0.56105,0.0,0.0,0.0,0.0,0.0,0.0,0.0,-4.021685,0.1812035,0.1445137,1.886552,0.1713779,-3.555167,0.1324123,0.4951275,-0.03170799,0.8580854,14.98944,60.57061,4.554513,0.4265231,0.04366358,-0.9034218,0.6653087,-0.01489629,0.1188546,3.13197,-0.4482529,-2.935006,-0.3848269,-0.03895606,2.012584,0.5076868,0.0767056,-0.8581203,0.1855383,0.9629232,0.1958431,0.8413262,-0.2586411,0.4746315,moving,54.28999,-26.17522,-10.82489,-1.108893
05/11/2023 13:09:56.087808,2662,True,True,True,True,Eyes,1.883102,0.1700894,-3.549769,0.7796803,-0.2758785,0.5621296,0.0,0.0,0.0,0.0,0.0,0.0,0.0,-4.02394,0.1927227,0.1929988,1.898927,0.1696178,-3.554123,0.1328966,0.4885347,-0.03135592,0.8617942,15.05202,59.69126,4.502222,0.4320464,0.04348359,-0.9008021,0.6253902,-0.01400251,0.1117233,3.142679,-0.4493664,-2.929101,-0.3816612,-0.03694879,2.012841,0.5207012,0.07580454,-0.850367,0.1838939,0.9627106,0.1984222,0.8336986,-0.259696,0.4873446,moving,54.20936,-26.14059,-10.73657,-1.051634
05/11/2023 13:09:56.107907,2663,True,True,True,True,Eyes,1.88498,0.1698917,-3.549585,0.7786964,-0.2756612,0.5635982,0.0,0.0,0.0,0.0,0.0,0.0,0.0,-4.025743,0.2036955,0.2434537,1.911582,0.1684638,-3.553145,0.1343776,0.4816278,-0.03168083,0.8654329,15.25446,58.78753,4.435069,0.4365758,0.04333309,-0.898623,0.5878668,-0.01316236,0.1050199,3.154885,-0.448628,-2.924582,-0.3783988,-0.0348801,2.013107,0.5340621,0.07460476,-0.8421472,0.1842753,0.9618779,0.2020729,0.8251185,-0.2631064,0.4999547,moving,54.10405,-26.06369,-10.64554,-0.9926363
05/11/2023 13:09:56.127590,2664,True,True,True,True,Eyes,1.887298,0.1696879,-3.549379,0.7773741,-0.2754686,0.5655143,0.0,0.0,0.0,0.0,0.0,0.0,0.0,-4.027022,0.2149759,0.2954751,1.9245,0.1678191,-3.552262,0.1347087,0.474612,-0.03118072,0.8692669,15.29525,57.85666,4.37965,0.4403126,0.04320566,-0.8968041,0.5525948,-0.01237262,0.0987187,3.16768,-0.4484249,-2.921559,-0.37529,-0.03290872,2.01336,0.5475425,0.07366002,-0.8335295,0.1820775,0.9617627,0.2045982,0.8167284,-0.2637931,0.513194,moving,53.96534,-25.97126,-10.55875,-0.9364261
05/11/2023 13:09:56.138023,2665,True,True,True,True,Eyes,1.890002,0.1694655,-3.549099,0.7760299,-0.2747728,0.5676948,0.0,0.0,0.0,0.0,0.0,0.0,0.0,-4.028142,0.2202839,0.3482871,1.937482,0.167469,-3.551602,0.1346024,0.467612,-0.03124578,0.8730665,15.32271,56.91752,4.241064,0.4434203,0.04309614,-0.8952768,0.5194391,-0.01163026,0.09279558,3.181439,-0.4471458,-2.919158,-0.3720767,-0.03087088,2.013621,0.5607254,0.07132412,-0.8249242,0.1804427,0.9618118,0.2058119,0.8081012,-0.2642555,0.5264424,moving,53.81314,-25.82768,-10.46902,-0.8783346
05/11/2023 13:09:56.158361,2666,True,True,True,True,Eyes,1.893112,0.1692353,-3.548812,0.7743893,-0.274016,0.5702951,0.0,0.0,0.0,0.0,0.0,0.0,0.0,-4.028933,0.2197568,0.4014597,1.950487,0.1668972,-3.550987,0.1334668,0.460705,-0.03151903,0.8768947,15.25495,55.97237,4.023891,0.4460576,0.042999,-0.8939704,0.4882728,-0.01093244,0.08722784,3.195119,-0.4447971,-2.915162,-0.3688104,-0.02880009,2.013886,0.573515,0.06769988,-0.8163929,0.1782553,0.9623864,0.2050306,0.7995659,-0.2631145,0.5398751,moving,53.6304,-25.66341,-10.37779,-0.8193169
05/11/2023 13:09:56.177767,2667,True,True,True,True,Eyes,1.896609,0.1689994,-3.54851,0.7727756,-0.2728342,0.573044,0.0,0.0,0.0,0.0,0.0,0.0,0.0,-4.029581,0.2161881,0.4529876,1.963457,0.1664437,-3.550576,0.1318081,0.4540544,-0.03183,0.8805954,15.13204,55.0555,3.77986,0.4484922,0.04290435,-0.892756,0.4589764,-0.0102765,0.08199418,3.208757,-0.4418221,-2.910013,-0.3656227,-0.02677886,2.014147,0.5856429,0.06363739,-0.8080672,0.1757548,0.963227,0.2032341,0.7912855,-0.2610443,0.5529225,moving,53.44159,-25.45976,-10.28872,-0.7617248
05/11/2023 13:09:56.197680,2668,True,True,True,True,Eyes,1.900477,0.1688586,-3.548189,0.7708377,-0.2718849,0.576097,0.0,0.0,0.0,0.0,0.0,0.0,0.0,-4.029942,0.2114709,0.5014037,1.976401,0.1660245,-3.550046,0.1299118,0.4477539,-0.03206482,0.8840879,14.97641,54.18605,3.539573,0.4507521,0.04281168,-0.8916215,0.4314378,-0.009659909,0.07707453,3.220569,-0.445812,-2.906116,-0.3624475,-0.02476558,2.014405,0.5969766,0.05964083,-0.8000388,0.1730333,0.9641895,0.2009926,0.7833764,-0.2584212,0.5652787,moving,53.22685,-25.26464,-10.19997,-0.7043725
05/11/2023 13:09:56.208224,2669,True,True,True,True,Eyes,1.904715,0.1688419,-3.547817,0.7688583,-0.2706048,0.5793358,0.0,0.0,0.0,0.0,0.0,0.0,0.0,-4.029359,0.2157361,0.5485764,1.989311,0.1681982,-3.549304,0.1317845,0.4412169,-0.03314142,0.8870525,15.2508,53.34872,3.416475,0.4528622,0.04272305,-0.8905559,0.4055515,-0.009080314,0.07245006,3.234553,-0.4444827,-2.902503,-0.359147,-0.02267303,2.014673,0.6084587,0.05749475,-0.7915001,0.1750875,0.963069,0.2045545,0.77403,-0.2630447,0.575921,moving,53.00193,-25.03703,-10.10769,-0.6447768
05/11/2023 13:09:56.227631,2670,True,True,True,True,Eyes,1.909276,0.1688838,-3.547436,0.7666348,-0.2691766,0.5829366,0.0,0.0,0.0,0.0,0.0,0.0,0.0,-4.027702,0.2237355,0.5962864,2.002679,0.1711392,-3.547954,0.1312459,0.4346765,-0.03189151,0.890401,15.156,52.49442,3.403746,0.4548457,0.042641,-0.8895484,0.3812184,-0.008535495,0.06810305,3.248693,-0.4428691,-2.899783,-0.3558423,-0.0205772,2.014942,0.6200786,0.05730654,-0.782444,0.1708915,0.9635149,0.205998,0.7657014,-0.2614479,0.5876617,moving,52.75124,-24.78559,-10.01527,-0.5851016
05/11/2023 13:09:56.237738,2671,True,True,True,True,Eyes,1.914152,0.1691073,-3.547035,0.7641646,-0.2681803,0.5866275,0.0,0.0,0.0,0.0,0.0,0.0,0.0,-4.025495,0.2303342,0.6457865,2.015119,0.1725421,-3.547426,0.1289748,0.4281765,-0.02990921,0.8939441,14.84502,51.6268,3.379025,0.4567217,0.04256618,-0.8885903,0.3583453,-0.008023365,0.06401687,3.261544,-0.444635,-2.895964,-0.3527904,-0.01864203,2.01519,0.6315407,0.05697364,-0.7732466,0.1639223,0.9649419,0.2049797,0.7578166,-0.2562054,0.6000608,moving,52.48757,-24.56779,-9.929888,-0.5300141
05/11/2023 13:09:56.257631,2672,True,True,True,True,Eyes,1.919379,0.1694587,-3.546565,0.7615105,-0.2665982,0.5907852,0.0,0.0,0.0,0.0,0.0,0.0,0.0,-4.02058,0.2587329,0.6981648,2.027582,0.1771977,-3.5464,0.1362333,0.4203646,-0.03098864,0.8965346,15.68382,50.72541,3.51162,0.4585069,0.04250228,-0.8876735,0.3368446,-0.007541963,0.06017586,3.277362,-0.4370574,-2.891625,-0.3495708,-0.01660035,2.015453,0.6446667,0.0589705,-0.7621859,0.1701,0.9609604,0.2182226,0.7452992,-0.2703286,0.6094683,moving,52.19544,-24.28779,-9.83979,-0.471908
05/11/2023 13:09:56.277904,2673,True,True,True,True,Eyes,1.924877,0.1699154,-3.546097,0.7587312,-0.2647975,0.5951548,0.0,0.0,0.0,0.0,0.0,0.0,0.0,-4.015048,0.2733195,0.7529318,2.041337,0.1804916,-3.544374,0.1297023,0.4132839,-0.02451853,0.9009843,14.71349,49.76464,3.736206,0.460218,0.04245124,-0.88679,0.3166339,-0.007089445,0.05656531,3.294316,-0.4255303,-2.886868,-0.3463382,-0.01455074,2.015716,0.6571905,0.06302608,-0.7510847,0.1513893,0.9651524,0.2134532,0.7383643,-0.2539856,0.6247475,moving,51.88908,-23.98533,-9.749308,-0.4135908
05/11/2023 13:09:56.297683,2674,True,True,True,True,Eyes,1.930659,0.1704366,-3.54557,0.7556431,-0.2630422,0.5998434,0.0,0.0,0.0,0.0,0.0,0.0,0.0,-4.008576,0.2842679,0.8103184,2.053123,0.1833516,-3.54361,0.1288609,0.4057377,-0.02277496,0.9045735,14.57278,48.79646,3.753865,0.4618674,0.04241425,-0.8859339,0.2976359,-0.006664079,0.05317139,3.306536,-0.4238728,-2.880165,-0.3432187,-0.01257268,2.015969,0.6697165,0.06336418,-0.7399087,0.1457707,0.9657524,0.214647,0.7281694,-0.2516096,0.6375436,moving,51.5568,-23.67832,-9.661966,-0.357323
05/11/2023 13:09:56.317346,2675,True,True,True,True,Eyes,1.936695,0.1709741,-3.545002,0.7524934,-0.2608319,0.6047482,0.0,0.0,0.0,0.0,0.0,0.0,0.0,-4.001603,0.2896346,0.8654258,2.065829,0.1854062,-3.541701,0.1283454,0.398289,-0.02213677,0.9079667,14.51896,47.83853,3.674305,0.4634672,0.04239141,-0.8850991,0.2797778,-0.006264234,0.04998111,3.318485,-0.422317,-2.872966,-0.3400673,-0.01057413,2.016226,0.6817517,0.06203822,-0.7289485,0.142436,0.9660749,0.215433,0.7175839,-0.2507003,0.6497867,moving,51.21258,-23.33086,-9.573704,-0.300486
05/11/2023 13:09:56.332988,2676,True,True,True,True,Eyes,1.942924,0.1715258,-3.544393,0.7490214,-0.2590153,0.609818,0.0,0.0,0.0,0.0,0.0,0.0,0.0,-3.995553,0.2755726,0.9177742,2.077762,0.1861369,-3.539909,0.1219599,0.3918259,-0.02020641,0.9116963,13.78124,46.9329,3.466829,0.4650273,0.0423816,-0.884281,0.2629911,-0.00588838,0.04698224,3.325632,-0.4319664,-2.864732,-0.3367266,-0.008455977,2.016497,0.6921284,0.05872987,-0.7193812,0.1324183,0.969435,0.206546,0.7095237,-0.2382156,0.6631966,moving,50.84914,-23.01297,-9.480119,-0.2402627
05/11/2023 13:09:56.337644,2677,True,True,True,True,Eyes,1.949373,0.1721313,-3.543685,0.7452911,-0.2571047,0.6151736,0.0,0.0,0.0,0.0,0.0,0.0,0.0,-3.987939,0.2849526,0.9658624,2.088745,0.18709,-3.538345,0.1252488,0.3849681,-0.02182735,0.9141313,14.22873,46.09222,3.343186,0.466556,0.04238379,-0.8834752,0.2472116,-0.005535077,0.04416331,3.337891,-0.4268069,-2.85712,-0.3336585,-0.006510586,2.016747,0.7026463,0.05652749,-0.7092904,0.1363397,0.9676726,0.2121821,0.698355,-0.2457934,0.6722246,moving,50.46326,-22.68192,-9.394144,-0.1849651
05/11/2023 13:09:56.357772,2678,True,True,True,True,Eyes,1.955992,0.1727753,-3.542887,0.7409822,-0.2549304,0.6212535,0.0,0.0,0.0,0.0,0.0,0.0,0.0,-3.977945,0.2913261,1.018736,2.100576,0.1889297,-3.53534,0.123295,0.3777587,-0.01988765,0.9174429,13.96078,45.16892,3.347091,0.4680613,0.04239808,-0.882678,0.2323789,-0.005202973,0.04151351,3.342811,-0.4415374,-2.850897,-0.3301556,-0.004289389,2.017032,0.7138057,0.05665994,-0.6980481,0.1296431,0.9688056,0.2112067,0.68824,-0.2412577,0.6841934,moving,50.0229,-22.31072,-9.295961,-0.1218441
05/11/2023 13:09:56.378293,2679,True,True,True,True,Eyes,1.962787,0.1734345,-3.541996,0.7362015,-0.2529161,0.6277267,0.0,0.0,0.0,0.0,0.0,0.0,0.0,-3.967105,0.2872881,1.07457,2.111685,0.1903901,-3.532661,0.1191127,0.3705201,-0.01790605,0.9209813,13.45433,44.21533,3.258741,0.4695497,0.04242418,-0.8818859,0.2184362,-0.004890794,0.0390227,3.346576,-0.4568162,-2.842695,-0.3273116,-0.002486184,2.017263,0.7247884,0.05528503,-0.6867499,0.1212496,0.9709831,0.206132,0.6782185,-0.2326702,0.697054,moving,49.54723,-21.9449,-9.216223,-0.07061438
05/11/2023 13:09:56.397907,2680,True,True,True,True,Eyes,1.969747,0.1741132,-3.54098,0.7312272,-0.250657,0.6344115,0.0,0.0,0.0,0.0,0.0,0.0,0.0,-3.955384,0.2871287,1.127986,2.122709,0.1913434,-3.529497,0.1183909,0.3632077,-0.0179834,0.9239807,13.40574,43.28414,3.109618,0.4710262,0.04246126,-0.8810964,0.20533,-0.004597347,0.03668133,3.352557,-0.4608435,-2.831978,-0.3241264,-0.0004661977,2.017523,0.7355135,0.05276836,-0.675452,0.1192336,0.9713205,0.2057185,0.6669356,-0.2318453,0.7081275,moving,49.05515,-21.55906,-9.126902,-0.01323959
05/11/2023 13:09:56.407975,2681,True,True,True,True,Eyes,1.976866,0.1747877,-3.539882,0.7259282,-0.2485876,0.6412741,0.0,0.0,0.0,0.0,0.0,0.0,0.0,-3.943725,0.279059,1.178401,2.133783,0.1924097,-3.525539,0.1142074,0.3564432,-0.01646984,0.9271643,12.91581,42.39671,2.992028,0.4724966,0.0425087,-0.8803064,0.1930102,-0.004321506,0.03448045,3.359644,-0.4579367,-2.818261,-0.320819,0.001630694,2.017791,0.745354,0.05087639,-0.6647247,0.1119574,0.9733709,0.2000369,0.6572009,-0.2235191,0.7198098,moving,48.54311,-21.18865,-9.034131,0.04630402
05/11/2023 13:09:56.433003,2682,True,True,True,True,Eyes,1.984098,0.1754587,-3.538658,0.7203692,-0.2466994,0.6482342,0.0,0.0,0.0,0.0,0.0,0.0,0.0,-3.931221,0.280248,1.226326,2.143984,0.1928402,-3.521798,0.1124639,0.3497523,-0.01548091,0.9299385,12.70892,41.54927,2.930759,0.473965,0.04256533,-0.879514,0.1814296,-0.004062215,0.03241162,3.368187,-0.4476769,-2.802487,-0.3176709,0.003626823,2.018047,0.7548673,0.04987645,-0.6539785,0.1074616,0.9742244,0.1983401,0.6470143,-0.219998,0.7300503,moving,48.0171,-20.83539,-8.945808,0.1029716
05/11/2023 13:09:56.448124,2683,True,True,True,True,Eyes,1.991429,0.1761192,-3.537298,0.7145581,-0.2450259,0.6552625,0.0,0.0,0.0,0.0,0.0,0.0,0.0,-3.916623,0.2909129,1.275336,2.154077,0.1934466,-3.51761,0.1135788,0.3425929,-0.01527454,0.9324681,12.84317,40.67364,2.900548,0.4754351,0.0426302,-0.8787171,0.1705438,-0.003818482,0.03046693,3.381221,-0.4228076,-2.784758,-0.3145021,0.005635932,2.018305,0.7647936,0.04933653,-0.6423836,0.1063086,0.9737331,0.2013513,0.6354441,-0.222283,0.7394599,moving,47.47862,-20.50255,-8.85688,0.1599928
05/11/2023 13:09:56.458276,2684,True,True,True,True,Eyes,1.998829,0.176755,-3.535802,0.7085128,-0.2435929,0.6623233,0.0,0.0,0.0,0.0,0.0,0.0,0.0,-3.901623,0.2914379,1.324247,2.163862,0.1938596,-3.513025,0.1131786,0.3356005,-0.01544755,0.9350531,12.82797,39.79837,2.767438,0.4769093,0.04270225,-0.8779143,0.1603112,-0.003589374,0.02863891,3.3955,-0.3930381,-2.76789,-0.311294,0.007670626,2.018566,0.7742673,0.04707705,-0.6311053,0.1048542,0.973904,0.2012876,0.624112,-0.2220245,0.7491258,moving,46.92982,-20.19279,-8.766827,0.217725
05/11/2023 13:09:56.477884,2685,True,True,True,True,Eyes,2.006297,0.1773837,-3.534163,0.7023156,-0.2425945,0.6692538,0.0,0.0,0.0,0.0,0.0,0.0,0.0,-3.886811,0.2953011,1.368792,2.17307,0.1939337,-3.508312,0.1149201,0.3289593,-0.01682852,0.9371745,13.08946,38.98088,2.593002,0.4783899,0.04278023,-0.8771046,0.1506925,-0.003374011,0.02692058,3.406552,-0.3760727,-2.753991,-0.307989,0.009766147,2.018836,0.7830052,0.04406551,-0.6204523,0.1071506,0.9730204,0.2043285,0.6127166,-0.2264721,0.7571584,moving,46.38086,-19.92483,-8.674035,0.277167
05/11/2023 13:09:56.487738,2686,True,True,True,True,Eyes,2.013803,0.1779846,-3.532373,0.6959129,-0.2416994,0.6762298,0.0,0.0,0.0,0.0,0.0,0.0,0.0,-3.871205,0.3075769,1.410665,2.182031,0.194465,-3.503103,0.117923,0.3224035,-0.01784161,0.939059,13.47244,38.19347,2.506478,0.4798781,0.04286342,-0.8762872,0.141651,-0.00317157,0.02530534,3.417385,-0.3583533,-2.739548,-0.3048829,0.01173553,2.019088,0.7914754,0.04252891,-0.6097196,0.1095462,0.9715517,0.2099689,0.6013039,-0.2329777,0.7643004,moving,45.82184,-19.66801,-8.586811,0.333016
05/11/2023 13:09:56.507687,2687,True,True,True,True,Eyes,2.021324,0.1785448,-3.53044,0.6894021,-0.2412039,0.6830413,0.0,0.0,0.0,0.0,0.0,0.0,0.0,-3.854254,0.315087,1.454612,2.190582,0.1944076,-3.497714,0.1185729,0.3157611,-0.01781002,0.9412323,13.5596,37.38066,2.438121,0.4813762,0.04295076,-0.8754608,0.1331519,-0.002981276,0.02378702,3.422279,-0.3597312,-2.726564,-0.3017197,0.0137412,2.019345,0.7999554,0.04135467,-0.5986328,0.1084081,0.9712466,0.2119618,0.5901856,-0.2344566,0.7724707,moving,45.26554,-19.44977,-8.497962,0.389879
05/11/2023 13:09:56.527542,2688,True,True,True,True,Eyes,2.028862,0.1790797,-3.528345,0.6826854,-0.2409706,0.689836,0.0,0.0,0.0,0.0,0.0,0.0,0.0,-3.836266,0.3336321,1.496657,2.198574,0.1940953,-3.492395,0.1224134,0.3090096,-0.01874117,0.9429618,14.03087,36.58113,2.381269,0.4828834,0.04304086,-0.874626,0.1251628,-0.0028024,0.0223598,3.424114,-0.3694064,-2.713128,-0.2984534,0.01581237,2.01961,0.8083237,0.0403094,-0.5873569,0.1109983,0.9693274,0.2192799,0.5781801,-0.2424447,0.779056,moving,44.7015,-19.25511,-8.406199,0.4485833
05/11/2023 13:09:56.537780,2689,True,True,True,True,Eyes,2.036426,0.179579,-3.526108,0.6759735,-0.2406826,0.696514,0.0,0.0,0.0,0.0,0.0,0.0,0.0,-3.817707,0.3573132,1.536097,2.206646,0.1940788,-3.48643,0.1255513,0.3024336,-0.01820782,0.9446902,14.37264,35.81388,2.457739,0.4844017,0.04313302,-0.8737814,0.117653,-0.002634256,0.02101821,3.429138,-0.3671948,-2.698531,-0.2952958,0.01781431,2.019867,0.8164048,0.04154034,-0.575984,0.1103433,0.9678106,0.2262008,0.5668399,-0.2482274,0.7855416,moving,44.14258,-19.06275,-8.317469,0.5053095
05/11/2023 13:09:56.558005,2690,True,True,True,True,Eyes,2.043985,0.1800498,-3.523703,0.6690719,-0.2405972,0.7031755,0.0,0.0,0.0,0.0,0.0,0.0,0.0,-3.798123,0.3834423,1.575118,2.214297,0.1937251,-3.480392,0.1271383,0.2959464,-0.01603674,0.9465699,14.48831,35.06173,2.657585,0.4859309,0.04322621,-0.8729273,0.1105939,-0.0024762,0.01975712,3.428019,-0.3878423,-2.689226,-0.2921114,0.01983395,2.020127,0.8243171,0.04489244,-0.5643457,0.105612,0.9671574,0.2311985,0.5561901,-0.2501826,0.7925032,moving,43.57635,-18.8888,-8.22797,0.5625218
05/11/2023 13:09:56.579001,2691,True,True,True,True,Eyes,2.051531,0.1804872,-3.521107,0.6622066,-0.2403191,0.7097387,0.0,0.0,0.0,0.0,0.0,0.0,0.0,-3.777652,0.4119422,1.613239,2.221883,0.1935558,-3.473998,0.129832,0.2893774,-0.01438722,0.9482602,14.74726,34.30802,2.836463,0.4874717,0.04331977,-0.8720632,0.1039582,-0.002327628,0.01857169,3.429118,-0.403217,-2.679849,-0.2889299,0.02185088,2.020385,0.8321075,0.04785527,-0.552546,0.1024266,0.9658734,0.2379024,0.5450743,-0.2545558,0.7988087,moving,43.01574,-18.70621,-8.138538,0.6196417
05/11/2023 13:09:56.597802,2692,True,True,True,True,Eyes,2.059056,0.1808746,-3.518333,0.6551978,-0.2400135,0.7163165,0.0,0.0,0.0,0.0,0.0,0.0,0.0,-3.757236,0.430253,1.650845,2.229344,0.1932229,-3.466975,0.129832,0.2831132,-0.0120338,0.9501821,14.6872,33.57043,3.001177,0.4890244,0.04341302,-0.8711888,0.0,0.0,0.0,3.432086,-0.407595,-2.668448,-0.2856283,0.0239445,2.020654,0.8394043,0.05064571,-0.5411428,0.09638291,0.9659977,0.2399142,0.5348933,-0.2535419,0.8059811,moving,42.44842,-18.52426,-8.045707,0.6789161
05/11/2023 13:09:56.607841,2693,True,True,True,True,Eyes,2.066526,0.1812178,-3.515362,0.6483237,-0.2395473,0.7226987,0.0,0.0,0.0,0.0,0.0,0.0,0.0,-3.736393,0.4487998,1.687657,2.236475,0.1924032,-3.459972,0.1296814,0.2769327,-0.009558883,0.9520503,14.60896,32.84466,3.176764,0.490589,0.04350493,-0.8703041,0.0,0.0,0.0,3.435151,-0.4114876,-2.656516,-0.2822453,0.02608906,2.020928,0.8464339,0.05362495,-0.5297869,0.09002709,0.9661828,0.241632,0.5248285,-0.2522207,0.8129821,moving,41.89487,-18.33841,-7.950571,0.7396155
05/11/2023 13:09:56.627756,2694,True,True,True,True,Eyes,2.073968,0.1815121,-3.512194,0.6413163,-0.2390498,0.7290875,0.0,0.0,0.0,0.0,0.0,0.0,0.0,-3.715134,0.4663728,1.723276,2.243244,0.1917664,-3.452606,0.1305938,0.2707804,-0.008100474,0.9537074,14.68373,32.1232,3.275647,0.4921651,0.04359473,-0.8694093,0.0,0.0,0.0,3.44337,-0.3975778,-2.642409,-0.2792689,0.02797677,2.02117,0.8532247,0.0552735,-0.5186062,0.08617543,0.9657593,0.2447096,0.5143748,-0.2534834,0.8192465,moving,41.33534,-18.15304,-7.866855,0.7930298
05/11/2023 13:09:56.637748,2695,True,True,True,True,Eyes,2.081358,0.1817548,-3.508834,0.634401,-0.2383661,0.7353346,0.0,0.0,0.0,0.0,0.0,0.0,0.0,-3.694258,0.4784594,1.757637,2.250108,0.1908818,-3.444754,0.1301345,0.2648754,-0.006307626,0.9554403,14.59666,31.42152,3.369963,0.4937527,0.04368161,-0.8685042,0.0,0.0,0.0,3.453077,-0.3789964,-2.628099,-0.2761121,0.02997914,2.021427,0.8596025,0.05688573,-0.507787,0.08099198,0.9660504,0.24533,0.5045037,-0.2520129,0.8258121,moving,40.78558,-17.96062,-7.778048,0.849673
05/11/2023 13:09:56.657930,2696,True,True,True,True,Eyes,2.088697,0.1819412,-3.505274,0.6273371,-0.2377248,0.7415761,0.0,0.0,0.0,0.0,0.0,0.0,0.0,-3.672197,0.493705,1.791621,2.25634,0.1898871,-3.436795,0.1303547,0.2589035,-0.004607012,0.9570557,14.58991,30.71992,3.47629,0.4953517,0.0437648,-0.8675891,0.0,0.0,0.0,3.46096,-0.364084,-2.613031,-0.2727906,0.03208479,2.021698,0.8658955,0.05868023,-0.4967712,0.07631689,0.9659729,0.2471278,0.494369,-0.2518989,0.8319533,moving,40.22959,-17.77413,-7.684589,0.9092205
05/11/2023 13:09:56.677677,2697,True,True,True,True,Eyes,2.095969,0.1820731,-3.501498,0.6203494,-0.2369155,0.7476882,0.0,0.0,0.0,0.0,0.0,0.0,0.0,-3.649754,0.5061092,1.825457,2.262551,0.1887245,-3.428467,0.1305958,0.252904,-0.003391545,0.9586307,14.60192,30.01004,3.528309,0.4969621,0.04384349,-0.8666637,0.0,0.0,0.0,3.468404,-0.34826,-2.596257,-0.2694565,0.03419882,2.021969,0.8720561,0.05955394,-0.4857689,0.07255889,0.9658664,0.2486709,0.4839972,-0.2521018,0.8379686,moving,39.68215,-17.58154,-7.590763,0.9689868
05/11/2023 13:09:56.687782,2698,True,True,True,True,Eyes,2.103163,0.1821336,-3.497518,0.6132344,-0.2361224,0.7537836,0.0,0.0,0.0,0.0,0.0,0.0,0.0,-3.62701,0.5114231,1.859539,2.268417,0.1875537,-3.419612,0.1300374,0.2469635,-0.002593511,0.9602566,14.53785,29.2938,3.509144,0.4985835,0.04391702,-0.8657282,0.0,0.0,0.0,3.473545,-0.3401079,-2.580239,-0.266486,0.03608249,2.022211,0.8780047,0.05924809,-0.4749711,0.06920984,0.9661672,0.2484575,0.4736221,-0.2510194,0.8441986,moving,39.12979,-17.39314,-7.507157,1.022225
05/11/2023 13:09:56.707924,2699,True,True,True,True,Eyes,2.110397,0.1821324,-3.493389,0.606132,-0.2353783,0.7597374,0.0,0.0,0.0,0.0,0.0,0.0,0.0,-3.604965,0.5170069,1.890747,2.273823,0.1859459,-3.410739,0.1297684,0.2413501,-0.002027889,0.9617204,14.51188,28.61866,3.478529,0.5002151,0.04398435,-0.8647831,0.0,0.0,0.0,3.478422,-0.3330124,-2.563911,-0.2633454,0.03807403,2.022467,0.8834921,0.05873872,-0.464749,0.06653977,0.9663121,0.2486231,0.4636964,-0.2505808,0.8498206,moving,38.58348,-17.21379,-7.418744,1.078497
05/11/2023 13:09:56.727889,2700,True,True,True,True,Eyes,2.117542,0.1820635,-3.489033,0.5989723,-0.234596,0.7656349,0.0,0.0,0.0,0.0,0.0,0.0,0.0,-3.585285,0.5189078,1.917401,2.279285,0.1841731,-3.401603,0.1297491,0.2363034,-0.002231497,0.9629751,14.53344,28.00538,3.377107,0.5018582,0.04404473,-0.8638275,0.0,0.0,0.0,3.48334,-0.3250957,-2.547421,-0.2600222,0.04018094,2.022736,0.8883115,0.05702255,-0.4556876,0.06561806,0.9663205,0.2488357,0.4545294,-0.2509449,0.8546517,moving,38.03682,-17.03544,-7.325183,1.138011
05/11/2023 13:09:56.737826,2701,True,True,True,True,Eyes,2.117542,0.1820635,-3.489033,0.5989723,-0.234596,0.7656349,0.0,0.0,0.0,0.0,0.0,0.0,0.0,-3.566237,0.5218338,1.940668,2.284379,0.1824145,-3.391886,0.1289012,0.2316898,-0.001423559,0.9642108,14.43227,27.45008,3.373336,0.5035126,0.04409742,-0.8628615,0.0,0.0,0.0,3.486697,-0.320262,-2.529658,-0.2569922,0.04210249,2.022983,0.8926356,0.05698494,-0.4471625,0.06247539,0.9667649,0.2479161,0.4464285,-0.2492354,0.8594086,moving,38.03682,-17.03544,-7.239861,1.192272
05/11/2023 13:09:56.758123,2702,True,True,True,True,Eyes,2.117542,0.1820635,-3.489033,0.5989723,-0.234596,0.7656349,0.0,0.0,0.0,0.0,0.0,0.0,0.0,-3.550352,0.5217954,1.959261,2.289897,0.1804564,-3.382274,0.1272141,0.2277824,-0.0002719724,0.9653661,14.22558,26.97667,3.396527,0.5050001,0.04414472,-0.8619893,0.0,0.0,0.0,3.488651,-0.3176136,-2.511074,-0.2537411,0.04416379,2.023247,0.8962302,0.05742913,-0.4398559,0.05847934,0.967633,0.2454924,0.4397175,-0.2457402,0.8638636,moving,38.03682,-17.03544,-7.148303,1.250464
05/11/2023 13:09:56.777783,2703,True,True,True,True,Eyes,2.117542,0.1820635,-3.489033,0.5989723,-0.234596,0.7656349,0.0,0.0,0.0,0.0,0.0,0.0,0.0,-3.535938,0.5236555,1.973342,2.294969,0.1783569,-3.372308,0.1261191,0.2243704,0.0007154951,0.9663081,14.0884,26.56772,3.426928,0.5063373,0.04418716,-0.8612024,0.0,0.0,0.0,3.488901,-0.3198853,-2.491929,-0.2505178,0.04620728,2.023509,0.8993148,0.05797755,-0.4334414,0.055212,0.968187,0.2440608,0.4338023,-0.2434187,0.8675038,moving,38.03682,-17.03544,-7.057516,1.308135
05/11/2023 13:09:56.797975,2704,True,True,True,True,Eyes,2.117542,0.1820635,-3.489033,0.5989723,-0.234596,0.7656349,0.0,0.0,0.0,0.0,0.0,0.0,0.0,-3.521457,0.5265363,1.985062,2.299123,0.1758311,-3.361769,0.1250561,0.2212239,0.001830579,0.9671699,13.95094,26.19326,3.477759,0.5075394,0.04422526,-0.8604925,0.0,0.0,0.0,3.488621,-0.3215205,-2.472181,-0.2474009,0.04818366,2.023763,0.9021133,0.05887174,-0.4274643,0.05178982,0.9687152,0.2427108,0.42838,-0.241091,0.870842,moving,38.03682,-17.03544,-6.969712,1.363895
05/11/2023 13:09:56.808010,2705,True,True,True,True,Eyes,2.117542,0.1820635,-3.489033,0.5989723,-0.234596,0.7656349,0.0,0.0,0.0,0.0,0.0,0.0,0.0,-3.508199,0.5309482,1.994039,2.303515,0.1735767,-3.351008,0.1240774,0.2183731,0.003224181,0.9679399,13.81519,25.85925,3.567954,0.5086204,0.04425947,-0.8598523,0.0,0.0,0.0,3.487179,-0.3212803,-2.450483,-0.2442072,0.05020928,2.024022,0.9046056,0.06043198,-0.421944,0.04794874,0.9691888,0.2416071,0.4235442,-0.2387909,0.8738359,moving,38.03682,-17.03544,-6.879733,1.421027
05/11/2023 13:09:56.827910,2706,True,True,True,True,Eyes,2.117542,0.1820635,-3.489033,0.5989723,-0.234596,0.7656349,0.0,0.0,0.0,0.0,0.0,0.0,0.0,-3.494964,0.5334197,2.001631,2.30714,0.1713379,-3.339699,0.1228931,0.2157253,0.004527884,0.9686792,13.65851,25.54663,3.646061,0.5095924,0.0442902,-0.8592749,0.0,0.0,0.0,3.485631,-0.3203325,-2.428206,-0.2409154,0.05229631,2.024291,0.9068842,0.06179444,-0.4168243,0.04425018,0.9697535,0.2400416,0.4190501,-0.2361345,0.8767198,moving,38.03682,-17.03544,-6.786978,1.479872
05/11/2023 13:09:56.838551,2707,True,True,True,True,Eyes,2.117542,0.1820635,-3.489033,0.5989723,-0.234596,0.7656349,0.0,0.0,0.0,0.0,0.0,0.0,0.0,-3.483843,0.5308671,2.006494,2.310797,0.1697323,-3.328123,0.1217412,0.2134924,0.005118467,0.9693162,13.52243,25.27515,3.650463,0.5104665,0.0443178,-0.8587544,0.0,0.0,0.0,3.483541,-0.3194932,-2.4053,-0.2378253,0.05425587,2.024542,0.9087896,0.06190448,-0.4126371,0.04205883,0.9703057,0.238197,0.4151296,-0.233826,0.8792001,moving,38.03682,-17.03544,-6.699894,1.535107
05/11/2023 13:09:56.862771,2708,True,True,True,True,Eyes,2.117542,0.1820635,-3.489033,0.5989723,-0.234596,0.7656349,0.0,0.0,0.0,0.0,0.0,0.0,0.0,-3.471177,0.5345973,2.01081,2.313801,0.1678367,-3.316078,0.1209958,0.2111706,0.006355663,0.9699106,13.41637,25.00561,3.738908,0.5112529,0.0443426,-0.8582852,0.0,0.0,0.0,3.481342,-0.3161725,-2.381716,-0.2347068,0.05623339,2.024796,0.9107332,0.06343034,-0.4080951,0.03877264,0.9706392,0.2373944,0.4111712,-0.2320259,0.881534,moving,38.03682,-17.03544,-6.612001,1.59083
05/11/2023 13:09:56.881467,2709,True,True,True,True,Eyes,2.117542,0.1820635,-3.489033,0.5989723,-0.234596,0.7656349,0.0,0.0,0.0,0.0,0.0,0.0,0.0,-3.457058,0.5531776,2.013318,2.31668,0.1666919,-3.303923,0.1213131,0.2087851,0.00926338,0.9703639,13.38938,24.76055,4.045701,0.5119601,0.04436489,-0.8578624,0.0,0.0,0.0,3.477397,-0.3177265,-2.358811,-0.2314852,0.05827588,2.025058,0.9126459,0.06863446,-0.4029476,0.03267905,0.9703947,0.2393038,0.4074426,-0.2315676,0.8833838,moving,38.03682,-17.03544,-6.521198,1.648368
05/11/2023 13:09:56.887673,2710,True,True,True,True,Eyes,2.117542,0.1820635,-3.489033,0.5989723,-0.234596,0.7656349,0.0,0.0,0.0,0.0,0.0,0.0,0.0,-3.440615,0.5671296,2.019612,2.319099,0.1655042,-3.291305,0.1212798,0.2059209,0.01167539,0.9709539,13.33863,24.44857,4.280191,0.5125965,0.04438493,-0.8574812,0.0,0.0,0.0,3.471918,-0.3234222,-2.336155,-0.2282659,0.06031775,2.025321,0.9149205,0.07262061,-0.3970474,0.02727556,0.9703098,0.2403226,0.4027114,-0.2307058,0.8857756,moving,38.03682,-17.03544,-6.430447,1.705869
05/11/2023 13:09:56.913845,2711,True,True,True,True,Eyes,2.117542,0.1820635,-3.489033,0.5989723,-0.234596,0.7656349,0.0,0.0,0.0,0.0,0.0,0.0,0.0,-3.423805,0.5830886,2.026142,2.321624,0.1649451,-3.278801,0.1215421,0.2029694,0.01426291,0.9715078,13.31876,24.13174,4.541515,0.5131689,0.04440294,-0.8571378,0.0,0.0,0.0,3.467023,-0.3230819,-2.31244,-0.2249913,0.06239364,2.025587,0.9172,0.07705171,-0.3909056,0.02162562,0.9700482,0.2419481,0.3978398,-0.2303684,0.8880619,moving,38.03682,-17.03544,-6.338124,1.764309
05/11/2023 13:09:56.927998,2712,True,True,True,True,Eyes,2.127108,0.1815185,-3.479714,0.5889407,-0.2324094,0.774038,0.0,0.0,0.0,0.0,0.0,0.0,0.0,-3.40788,0.5935322,2.031621,2.323771,0.1642897,-3.265961,0.1211585,0.200269,0.01654259,0.9720799,13.23382,23.8344,4.754776,0.5136839,0.04441914,-0.8568284,0.0,0.0,0.0,3.461824,-0.3217351,-2.288884,-0.2218013,0.06441647,2.025846,0.9192374,0.08069002,-0.3853463,0.01636713,0.9700939,0.2421774,0.3933634,-0.2289256,0.8904259,moving,37.26635,-16.71269,-6.248188,1.821239
05/11/2023 13:09:56.938603,2713,True,True,True,True,Eyes,2.135899,0.1810676,-3.470008,0.5790364,-0.2301653,0.7821386,0.0,0.0,0.0,0.0,0.0,0.0,0.0,-3.392529,0.6109635,2.033912,2.325882,0.1666711,-3.252971,0.1236399,0.1976649,0.01790806,0.9722763,13.49407,23.56792,4.938016,0.514421,0.04442374,-0.8563859,0.0,0.0,0.0,3.456914,-0.3170992,-2.26501,-0.2186701,0.06640184,2.026101,0.9212158,0.08370173,-0.3799416,0.01405541,0.9687849,0.247504,0.3887982,-0.2333448,0.8912835,moving,36.51345,-16.39794,-6.159894,1.877095
05/11/2023 13:09:56.957768,2714,True,True,True,True,Eyes,2.144421,0.1807103,-3.460149,0.5692755,-0.2274368,0.790062,0.0,0.0,0.0,0.0,0.0,0.0,0.0,-3.376189,0.6131322,2.040679,2.327873,0.1697726,-3.239002,0.1229477,0.194833,0.01973386,0.9729001,13.38788,23.24627,5.089836,0.5153487,0.04442095,-0.855828,0.0,0.0,0.0,3.452816,-0.3102459,-2.242209,-0.2153509,0.06850642,2.026371,0.9233015,0.08630668,-0.3742535,0.009510401,0.9689888,0.2469214,0.3839585,-0.2315421,0.893848,moving,35.77446,-16.05964,-6.066294,1.936287
05/11/2023 13:09:56.977701,2715,True,True,True,True,Eyes,2.152425,0.180462,-3.450057,0.5596513,-0.2250576,0.7975836,0.0,0.0,0.0,0.0,0.0,0.0,0.0,-3.362151,0.5824921,2.054083,2.32999,0.171533,-3.225575,0.1159709,0.1921372,0.0214903,0.9742548,12.5747,22.87295,5.080945,0.5164444,0.04441402,-0.8551676,0.0,0.0,0.0,3.449554,-0.3023579,-2.220515,-0.2121732,0.07052124,2.026629,0.925243,0.08643869,-0.3693966,0.002690596,0.9721778,0.2342286,0.3793657,-0.2177122,0.8992681,moving,35.05671,-15.7577,-5.976676,1.992935
05/11/2023 13:09:56.997942,2716,True,True,True,True,Eyes,2.160197,0.1803368,-3.439808,0.5501412,-0.2224745,0.8048911,0.0,0.0,0.0,0.0,0.0,0.0,0.0,-3.347104,0.5888275,2.058275,2.331612,0.1744991,-3.212391,0.1173505,0.1895093,0.02208529,0.9745908,12.73057,22.58239,5.148197,0.5176844,0.04440653,-0.854418,0.0,0.0,0.0,3.443834,-0.3070261,-2.201811,-0.2088467,0.07263076,2.0269,0.927197,0.08752623,-0.3642046,0.00142975,0.9714822,0.2371081,0.3745714,-0.2203666,0.9006302,moving,34.35252,-15.45097,-5.882856,2.052226
05/11/2023 13:09:57.008155,2717,True,True,True,True,Eyes,2.167617,0.1802729,-3.429441,0.5407568,-0.2199758,0.8119068,0.0,0.0,0.0,0.0,0.0,0.0,0.0,-3.330164,0.5869974,2.067435,2.333904,0.1773713,-3.19848,0.1149238,0.1864646,0.02478575,0.975402,12.41262,22.22814,5.358872,0.5190518,0.04440178,-0.8535883,0.0,0.0,0.0,3.440142,-0.2986886,-2.180401,-0.2056185,0.07467748,2.027162,0.9292333,0.09121057,-0.358059,-0.005493724,0.9723564,0.2334371,0.3694528,-0.2149504,0.904047,moving,33.66493,-15.15961,-5.7918,2.109733
05/11/2023 13:09:57.028021,2718,True,True,True,True,Eyes,2.347382,0.1795438,-3.16842,0.2858364,-0.1559579,0.9455024,0.0,0.0,0.0,0.0,0.0,0.0,0.0,-3.313684,0.5834813,2.077513,2.335469,0.1794454,-3.185968,0.112985,0.183456,0.02655938,0.9761521,12.17136,21.87221,5.477405,0.520529,0.04440127,-0.8526883,0.0,0.0,0.0,3.436221,-0.2844508,-2.158568,-0.2024818,0.07666622,2.027418,0.9312769,0.09330755,-0.3521603,-0.01039644,0.973058,0.2303261,0.3641635,-0.2108362,0.9071566,moving,16.82068,-9.366433,-5.703319,2.165592
05/11/2023 13:09:57.047776,2719,True,True,True,True,Eyes,2.347439,0.1795696,-3.167929,0.2856146,-0.1560821,0.9455489,0.0,0.0,0.0,0.0,0.0,0.0,0.0,-3.296888,0.5979958,2.08401,2.337178,0.179956,-3.174174,0.1166844,0.1802572,0.02591198,0.9763303,12.62115,21.52417,5.448916,0.5366796,0.04469292,-0.8426013,0.5392942,-0.002187386,0.783062,3.42362,-0.307153,-2.141458,-0.1994103,0.07861429,2.027668,0.9336718,0.09266369,-0.345934,-0.008530888,0.9714267,0.2371867,0.3580281,-0.2185034,0.9077842,moving,16.80758,-9.373311,-5.616673,2.220291
05/11/2023 13:09:57.057777,2720,True,True,True,True,Eyes,2.347555,0.1796423,-3.166996,0.2851602,-0.1563694,0.9456385,0.0,0.0,0.0,0.0,0.0,0.0,0.0,-3.279871,0.5979705,2.09416,2.338902,0.1808051,-3.161879,0.1157888,0.1770577,0.02709942,0.9769899,12.5125,21.1501,5.522701,0.5491517,0.04490703,-0.834515,0.5069366,-0.002056143,0.7360783,3.421929,-0.2691207,-2.112835,-0.1962327,0.08062927,2.027926,0.9358324,0.09395432,-0.3396915,-0.01194915,0.9717171,0.2358453,0.3522427,-0.2166526,0.9104871,moving,16.78085,-9.389382,-5.52703,2.276851
05/11/2023 13:09:57.077606,2721,True,True,True,True,Eyes,2.347757,0.1797777,-3.165605,0.2845001,-0.1566643,0.9457886,0.0,0.0,0.0,0.0,0.0,0.0,0.0,-3.261114,0.6213747,2.101408,2.34046,0.1818621,-3.150565,0.1180011,0.1737762,0.02949539,0.9772449,12.73139,20.81435,5.805212,0.5588022,0.04506687,-0.8280753,0.4765204,-0.001932774,0.6919135,3.412814,-0.2593186,-2.090023,-0.1929641,0.08270152,2.028191,0.9378637,0.09865998,-0.3326828,-0.01663689,0.9704115,0.2408831,0.3466047,-0.2203807,0.9117551,moving,16.74167,-9.405308,-5.434817,2.334999
05/11/2023 13:09:57.097811,2722,True,True,True,True,Eyes,2.348026,0.1799727,-3.163798,0.2835835,-0.1566004,0.9460744,0.0,0.0,0.0,0.0,0.0,0.0,0.0,-3.242088,0.630915,2.111817,2.342369,0.183223,-3.138263,0.116982,0.1703585,0.03258271,0.9778709,12.57311,20.4368,6.092052,0.5662761,0.04518934,-0.8229756,0.4479292,-0.001816808,0.6503987,3.404085,-0.2530633,-2.067043,-0.189794,0.08471164,2.028449,0.9398326,0.1035812,-0.3255542,-0.02386561,0.9705071,0.2398882,0.3408006,-0.2176852,0.9145864,moving,16.68597,-9.398752,-5.345379,2.391384
05/11/2023 13:09:57.107866,2723,True,True,True,True,Eyes,2.348355,0.1802022,-3.161571,0.2824706,-0.1563058,0.946456,0.0,0.0,0.0,0.0,0.0,0.0,0.0,-3.222701,0.6207543,2.129352,2.344445,0.1849343,-3.126444,0.1116961,0.1665991,0.0362346,0.9790076,11.92489,19.97875,6.347055,0.5720635,0.04528664,-0.8189579,0.4210534,-0.001707799,0.6113748,3.399641,-0.2239068,-2.042406,-0.1864477,0.08683354,2.028722,0.9418636,0.1081648,-0.3181091,-0.03373096,0.9724221,0.2307759,0.3342982,-0.2066293,0.9195374,moving,16.61778,-9.377668,-5.250964,2.450883
05/11/2023 13:09:57.128017,2724,True,True,True,True,Eyes,2.348741,0.1804224,-3.158963,0.2810334,-0.1555967,0.9470005,0.0,0.0,0.0,0.0,0.0,0.0,0.0,-3.202728,0.6043361,2.148679,2.346494,0.1859509,-3.114305,0.1070485,0.1624858,0.03806005,0.9801482,11.38954,19.465,6.407228,0.576542,0.04536721,-0.8158067,0.3957902,-0.001605332,0.5746923,3.389076,-0.2359705,-2.025597,-0.1832194,0.08888066,2.028985,0.9442996,0.1093967,-0.3103717,-0.03982124,0.9741841,0.2222153,0.3266688,-0.1974784,0.924278,moving,16.52887,-9.330604,-5.159874,2.508266
05/11/2023 13:09:57.137851,2725,True,True,True,True,Eyes,2.349181,0.1806382,-3.156,0.2793813,-0.1552011,0.947554,0.0,0.0,0.0,0.0,0.0,0.0,0.0,-3.181496,0.5767887,2.172802,2.348316,0.1858634,-3.102666,0.1014492,0.1578682,0.03857877,0.9814773,10.7754,18.86977,6.297661,0.5800045,0.04543619,-0.8133449,0.3720428,-0.001509012,0.5402108,3.380705,-0.2225874,-2.002221,-0.1797434,0.09108467,2.029267,0.9471786,0.1077596,-0.3020605,-0.04369714,0.9764395,0.2113209,0.3177157,-0.1869595,0.9295713,moving,16.42787,-9.301957,-5.061793,2.570024
05/11/2023 13:09:57.158129,2726,True,True,True,True,Eyes,2.349677,0.1808558,-3.152689,0.277373,-0.1547709,0.9482142,0.0,0.0,0.0,0.0,0.0,0.0,0.0,-3.156903,0.5753667,2.194768,2.350189,0.1860417,-3.091292,0.1015513,0.1527319,0.03833537,0.9822886,10.82414,18.26521,6.214972,0.5826805,0.04549743,-0.8114265,0.3497202,-0.001418471,0.5077981,3.371028,-0.2015139,-1.977271,-0.1770729,0.09277819,2.029485,0.9504067,0.106333,-0.2922677,-0.04429253,0.9764355,0.2112154,0.3078397,-0.1877953,0.9327205,moving,16.30533,-9.270269,-4.986439,2.617463
05/11/2023 13:09:57.178189,2727,True,True,True,True,Eyes,2.35023,0.1810574,-3.149062,0.2751665,-0.1546477,0.948877,0.0,0.0,0.0,0.0,0.0,0.0,0.0,-3.129402,0.5805672,2.218444,2.352086,0.1862719,-3.079725,0.100762,0.1472278,0.04014497,0.9831375,10.73722,17.63087,6.346522,0.5847507,0.04555395,-0.8099328,0.328737,-0.001333363,0.4773302,3.35986,-0.1963124,-1.955246,-0.1738455,0.09482451,2.029746,0.9534247,0.108606,-0.2814002,-0.04926612,0.9764708,0.2099467,0.2975806,-0.1863049,0.936342,moving,16.17172,-9.256661,-4.895373,2.674766
05/11/2023 13:09:57.197644,2728,True,True,True,True,Eyes,2.350829,0.1812586,-3.145151,0.2725972,-0.1549718,0.9495654,0.0,0.0,0.0,0.0,0.0,0.0,0.0,-3.100767,0.5875338,2.243693,2.354277,0.1861617,-3.068686,0.1008249,0.1413872,0.04136499,0.9839376,10.76107,16.95996,6.42366,0.5863576,0.04560752,-0.8087672,0.3090128,-0.001253361,0.4486904,3.351615,-0.1757002,-1.931545,-0.1705794,0.09689534,2.030012,0.9565972,0.1099118,-0.2698911,-0.05289043,0.9762466,0.2101077,0.2865736,-0.1867138,0.939688,moving,16.01749,-9.26912,-4.803211,2.732734
05/11/2023 13:09:57.208098,2729,True,True,True,True,Eyes,2.351458,0.1814394,-3.140954,0.2699957,-0.1557511,0.950181,0.0,0.0,0.0,0.0,0.0,0.0,0.0,-3.070786,0.6130765,2.265346,2.356033,0.1864556,-3.058058,0.1060526,0.1354341,0.04097647,0.9842416,11.40036,16.30986,6.406947,0.5876136,0.0456598,-0.8078521,0.290472,-0.001178159,0.421769,3.342033,-0.1656761,-1.910595,-0.1672051,0.09903501,2.030287,0.9599571,0.1093877,-0.2579083,-0.05193521,0.9741475,0.219862,0.275291,-0.1976635,0.9408209,moving,15.8626,-9.308984,-4.707992,2.792607
05/11/2023 13:09:57.227751,2730,True,True,True,True,Eyes,2.352125,0.1815932,-3.136537,0.2670854,-0.1570205,0.9507944,0.0,0.0,0.0,0.0,0.0,0.0,0.0,-3.04257,0.6279163,2.287078,2.358301,0.1863631,-3.047281,0.1088595,0.1297034,0.04094376,0.9847083,11.75742,15.66542,6.384923,0.5887238,0.04571353,-0.8070403,0.2730437,-0.00110747,0.3964629,3.329547,-0.1676967,-1.890325,-0.1641669,0.1009613,2.030534,0.9630013,0.1088742,-0.2465257,-0.05239645,0.9729464,0.2250108,0.2643542,-0.2037686,0.9426533,moving,15.69046,-9.377563,-4.62226,2.846492
05/11/2023 13:09:57.237744,2731,True,True,True,True,Eyes,2.352701,0.1817073,-3.131874,0.2642385,-0.1588486,0.951286,0.0,0.0,0.0,0.0,0.0,0.0,0.0,-3.015122,0.6549484,2.30465,2.359925,0.1859998,-3.037678,0.1150513,0.1242595,0.03971823,0.9847564,12.51671,15.07307,6.281801,0.5897873,0.04576946,-0.8062602,0.2566611,-0.001041021,0.3726751,3.317519,-0.1642677,-1.86941,-0.160915,0.1030236,2.030798,0.9659641,0.106818,-0.2355915,-0.04963313,0.9703713,0.2364657,0.25387,-0.2167242,0.9426455,moving,15.52368,-9.479959,-4.530498,2.90416
05/11/2023 13:09:57.262870,2732,True,True,True,True,Eyes,2.353326,0.1818315,-3.12701,0.2610697,-0.1609993,0.9517993,0.0,0.0,0.0,0.0,0.0,0.0,0.0,-2.987173,0.6855972,2.321212,2.361842,0.1858253,-3.027943,0.1220482,0.1186929,0.03836138,0.9846546,13.37033,14.47039,6.167171,0.5908101,0.04582665,-0.8055079,0.2412614,-0.0009785602,0.3503146,3.305365,-0.1707278,-1.851191,-0.1576403,0.1051001,2.031065,0.9688808,0.1045179,-0.2243791,-0.04657291,0.9672654,0.249457,0.2431069,-0.2312441,0.9420325,moving,15.33847,-9.60085,-4.438093,2.962202
05/11/2023 13:09:57.278705,2733,True,True,True,True,Eyes,2.353929,0.1819752,-3.121948,0.2583509,-0.1607564,0.9525819,0.0,0.0,0.0,0.0,0.0,0.0,0.0,-2.959131,0.7044138,2.340839,2.363743,0.1862874,-3.01831,0.1266552,0.1130101,0.03727008,0.9847832,13.94746,13.83168,6.034779,0.5917998,0.0458854,-0.8047776,0.2267857,-0.0009198466,0.3292957,3.292885,-0.1813382,-1.833861,-0.1545391,0.1070667,2.031317,0.9716793,0.1020325,-0.2131401,-0.04477926,0.9651388,0.2578796,0.2320218,-0.241032,0.9423743,moving,15.17424,-9.578903,-4.350584,3.017155
05/11/2023 13:09:57.288026,2734,True,True,True,True,Eyes,2.354574,0.1821314,-3.116695,0.2553261,-0.1605202,0.9534369,0.0,0.0,0.0,0.0,0.0,0.0,0.0,-2.931559,0.7204085,2.360005,2.365473,0.1869664,-3.008693,0.1304513,0.1074805,0.03650193,0.9849357,14.42579,13.20577,5.92346,0.5927624,0.04594631,-0.8040653,0.2131786,-0.0008646558,0.309538,3.280296,-0.1822484,-1.814634,-0.1514007,0.1090564,2.031573,0.9742311,0.09994604,-0.2021993,-0.04386215,0.9633001,0.2648188,0.2212462,-0.2491258,0.9428608,moving,14.99178,-9.556669,-4.262025,3.072734
05/11/2023 13:09:57.307965,2735,True,True,True,True,Eyes,2.355438,0.1823412,-3.111276,0.2521001,-0.1595793,0.9544527,0.0,0.0,0.0,0.0,0.0,0.0,0.0,-2.905861,0.7157289,2.382402,2.367228,0.1874259,-2.998872,0.1300836,0.1021882,0.03605121,0.9855639,14.42091,12.57183,5.78664,0.5937034,0.04600961,-0.8033672,0.2003879,-0.0008127764,0.2909657,3.265759,-0.1968874,-1.798029,-0.1483266,0.1110056,2.031823,0.9765158,0.09764756,-0.1920467,-0.04447551,0.9635571,0.2637794,0.2108054,-0.2490434,0.9452717,moving,14.79566,-9.491749,-4.175287,3.12716
05/11/2023 13:09:57.327923,2736,True,True,True,True,Eyes,2.35633,0.1825406,-3.105674,0.248616,-0.1584435,0.9555551,0.0,0.0,0.0,0.0,0.0,0.0,0.0,-2.883558,0.6965737,2.404708,2.369408,0.1880187,-2.988862,0.127411,0.09736047,0.0352919,0.9864289,14.1518,11.96796,5.588962,0.5946301,0.04607642,-0.8026777,0.1883646,-0.0007640098,0.2735078,3.252517,-0.2069622,-1.780991,-0.1451106,0.1130449,2.032084,0.9785509,0.09443548,-0.1830852,-0.04481629,0.9650418,0.2582359,0.2010715,-0.2444918,0.9485747,moving,14.58386,-9.414725,-4.084543,3.184082
05/11/2023 13:09:57.338271,2737,True,True,True,True,Eyes,2.357218,0.1827058,-3.099881,0.24509,-0.1567088,0.9567515,0.0,0.0,0.0,0.0,0.0,0.0,0.0,-2.860342,0.6769525,2.427242,2.371083,0.1879287,-2.97892,0.1241909,0.09250853,0.03488893,0.9873204,13.81439,11.3637,5.428706,0.5955474,0.04614634,-0.8019933,0.1770627,-0.0007181693,0.2570973,3.239794,-0.20984,-1.763043,-0.1419601,0.1150423,2.032341,0.9804499,0.09187053,-0.1740054,-0.04591567,0.9667187,0.2516874,0.1913369,-0.2387773,0.9520376,moving,14.36842,-9.302026,-3.995652,3.239816
05/11/2023 13:09:57.357961,2738,True,True,True,True,Eyes,2.358137,0.1828216,-3.093928,0.2412809,-0.1549914,0.9579985,0.0,0.0,0.0,0.0,0.0,0.0,0.0,-2.835915,0.6585919,2.45046,2.373121,0.1872903,-2.96886,0.1206427,0.0874315,0.03496161,0.98822,13.43426,10.73913,5.320849,0.5964592,0.04621841,-0.8013112,0.166439,-0.0006750791,0.2416715,3.226393,-0.2173759,-1.745838,-0.1386936,0.1171138,2.032606,0.9822668,0.09019548,-0.1643674,-0.04800359,0.968446,0.2445565,0.1812388,-0.2323296,0.9556021,moving,14.13647,-9.190065,-3.903489,3.297597
05/11/2023 13:09:57.377719,2739,True,True,True,True,Eyes,2.359073,0.1828974,-3.08781,0.2374509,-0.1532269,0.9592385,0.0,0.0,0.0,0.0,0.0,0.0,0.0,-2.809056,0.6544591,2.472277,2.374898,0.1862149,-2.959129,0.1197088,0.08205025,0.0349285,0.9887962,13.35616,10.10005,5.231775,0.597368,0.04629126,-0.8006297,0.1564526,-0.0006345744,0.2271712,3.214503,-0.2139353,-1.726632,-0.1354483,0.1191715,2.03287,0.9840955,0.0887186,-0.1538994,-0.04943004,0.9688995,0.242467,0.1706244,-0.2310034,0.9578751,moving,13.90357,-9.075642,-3.811933,3.35497
05/11/2023 13:09:57.387920,2740,True,True,True,True,Eyes,2.360045,0.1829413,-3.081534,0.2333517,-0.1515603,0.9605085,0.0,0.0,0.0,0.0,0.0,0.0,0.0,-2.781627,0.6582062,2.492372,2.377028,0.1854618,-2.949228,0.1204532,0.07656197,0.03471037,0.9891534,13.47249,9.459335,5.139274,0.5982769,0.04636396,-0.7999465,0.1470655,-0.0005964999,0.2135409,3.20234,-0.2104872,-1.707674,-0.132408,0.1210994,2.033118,0.9858669,0.08711202,-0.1431011,-0.05022348,0.9685724,0.2436084,0.159825,-0.2329785,0.9592586,moving,13.65523,-8.96687,-3.726161,3.408706
05/11/2023 13:09:57.407852,2741,True,True,True,True,Eyes,2.361013,0.1829399,-3.0751,0.2293113,-0.1498831,0.961744,0.0,0.0,0.0,0.0,0.0,0.0,0.0,-2.754613,0.6580881,2.512255,2.378954,0.1847496,-2.939191,0.1205172,0.07118461,0.03448705,0.9895549,13.50951,8.826348,5.039475,0.5991884,0.04643583,-0.7992597,0.1382415,-0.00056071,0.2007284,3.189731,-0.2117533,-1.689692,-0.1289965,0.1232628,2.033395,0.9874868,0.08541159,-0.1325696,-0.05109572,0.9685725,0.2434266,0.1491947,-0.2336068,0.9608167,moving,13.4108,-8.858014,-3.629921,3.468979
05/11/2023 13:09:57.427975,2742,True,True,True,True,Eyes,2.362018,0.1828957,-3.068524,0.2250074,-0.1483458,0.962998,0.0,0.0,0.0,0.0,0.0,0.0,0.0,-2.727718,0.6615853,2.530899,2.381098,0.1838397,-2.929192,0.1211304,0.06584366,0.03434552,0.9898547,13.60814,8.202794,4.954816,0.6001043,0.04650595,-0.7985682,0.129947,-0.0005270674,0.1886847,3.177961,-0.2078435,-1.670678,-0.1259503,0.125194,2.033643,0.98897,0.08394548,-0.1220308,-0.0520428,0.9682956,0.2443259,0.1386719,-0.2352802,0.9619841,moving,13.15139,-8.757337,-3.543993,3.522765
05/11/2023 13:09:57.437588,2743,True,True,True,True,Eyes,2.363031,0.1828011,-3.061797,0.2207415,-0.1468897,0.9642078,0.0,0.0,0.0,0.0,0.0,0.0,0.0,-2.700027,0.6665561,2.549484,2.383093,0.1827849,-2.919207,0.1217838,0.06042623,0.03441774,0.9901177,13.70961,7.573396,4.893474,0.6010267,0.0465735,-0.7978704,0.1221502,-0.0004954434,0.1773636,3.165226,-0.206782,-1.652254,-0.1227845,0.1272014,2.0339,0.9903282,0.0828731,-0.1112751,-0.05343736,0.9679682,0.24532,0.1280412,-0.2370011,0.9630347,moving,12.89483,-8.661975,-3.454695,3.578654
05/11/2023 13:09:57.457801,2744,True,True,True,True,Eyes,2.36409,0.1826587,-3.054938,0.2162262,-0.1456433,0.9654192,0.0,0.0,0.0,0.0,0.0,0.0,0.0,-2.671992,0.6735947,2.567449,2.385339,0.1816325,-2.908991,0.1227603,0.05493818,0.03453462,0.9903126,13.84804,6.938399,4.838075,0.601957,0.04663759,-0.797165,0.1148212,-0.0004657168,0.1667218,3.152181,-0.2063867,-1.633681,-0.1195746,0.1292372,2.034162,0.9915783,0.08188859,-0.100333,-0.05491168,0.9674745,0.2469366,0.1172909,-0.2393475,0.9638234,moving,12.62427,-8.578961,-3.36416,3.635309
05/11/2023 13:09:57.477901,2745,True,True,True,True,Eyes,2.365169,0.1824656,-3.047935,0.2117499,-0.1444975,0.9665829,0.0,0.0,0.0,0.0,0.0,0.0,0.0,-2.644125,0.6862553,2.583607,2.38761,0.1803772,-2.898992,0.1244259,0.04956616,0.03500012,0.9903719,14.06285,6.326275,4.829097,0.6028974,0.04669744,-0.7964505,0.1079319,-0.0004377738,0.1567185,3.138947,-0.2031446,-1.614287,-0.1162963,0.1313159,2.034428,0.9926363,0.08166089,-0.08946805,-0.05699163,0.9665864,0.2499254,0.1068877,-0.2429861,0.9641228,moving,12.35662,-8.502359,-3.271703,3.693138
05/11/2023 13:09:57.488144,2746,True,True,True,True,Eyes,2.366302,0.1822352,-3.040794,0.2070173,-0.1434783,0.9677591,0.0,0.0,0.0,0.0,0.0,0.0,0.0,-2.61592,0.6978177,2.599829,2.390149,0.1790987,-2.888634,0.1254106,0.04414634,0.03600549,0.990468,14.19669,5.711614,4.875631,0.6038489,0.04675227,-0.7957262,0.101456,-0.0004115073,0.1473154,3.126224,-0.2017184,-1.595898,-0.1131272,0.1333251,2.034686,0.9935094,0.08239739,-0.07842012,-0.06025172,0.9659516,0.2516095,0.096482,-0.2452514,0.9646465,moving,12.0744,-8.433143,-3.182331,3.749011
05/11/2023 13:09:57.508189,2747,True,True,True,True,Eyes,2.367471,0.1819716,-3.033509,0.2022733,-0.1424107,0.9689194,0.0,0.0,0.0,0.0,0.0,0.0,0.0,-2.58708,0.7076605,2.616615,2.392667,0.1779921,-2.878178,0.1261881,0.03860791,0.03693372,0.9905665,14.30854,5.080523,4.908731,0.6048136,0.04680175,-0.7949904,0.09536865,-0.0003868169,0.1384765,3.115402,-0.2019984,-1.578645,-0.1099879,0.1353158,2.034941,0.9942906,0.08291433,-0.06716622,-0.06342689,0.965425,0.2528472,0.0858086,-0.2471434,0.965172,moving,11.79181,-8.361405,-3.093806,3.80435
05/11/2023 13:09:57.528013,2748,True,True,True,True,Eyes,2.368699,0.1816782,-3.026083,0.1972765,-0.1413451,0.9701049,0.0,0.0,0.0,0.0,0.0,0.0,0.0,-2.55864,0.7094527,2.63468,2.395356,0.1769959,-2.86748,0.1259837,0.03301832,0.03736215,0.9907784,14.3105,4.429846,4.875567,0.6057925,0.0468456,-0.7942421,0.08964653,-0.0003636079,0.1301679,3.106211,-0.1981334,-1.561015,-0.1067855,0.1373463,2.035202,0.9950277,0.08235476,-0.05601363,-0.06571569,0.9654644,0.252111,0.07484172,-0.2471765,0.9660758,moving,11.49469,-8.28971,-3.003512,3.860771
05/11/2023 13:09:57.547538,2749,True,True,True,True,Eyes,2.369969,0.1813493,-3.018509,0.1923104,-0.1401571,0.9712737,0.0,0.0,0.0,0.0,0.0,0.0,0.0,-2.530601,0.7063808,2.653198,2.398089,0.1759752,-2.856672,0.1251853,0.02744196,0.0374745,0.9910456,14.24519,3.772683,4.802589,0.6067867,0.04688372,-0.7934805,0.08426774,-0.0003417914,0.1223578,3.100216,-0.1908387,-1.544129,-0.10361,0.1393601,2.03546,0.9956852,0.08114854,-0.04500996,-0.06740722,0.9658486,0.2501854,0.06377498,-0.2460719,0.9671512,moving,11.19961,-8.211236,-2.913983,3.91671
05/11/2023 13:09:57.558101,2750,True,True,True,True,Eyes,2.371306,0.1809838,-3.010799,0.18709,-0.1389995,0.972459,0.0,0.0,0.0,0.0,0.0,0.0,0.0,-2.502751,0.7031878,2.671029,2.400966,0.1748403,-2.845598,0.1244065,0.02188465,0.03753624,0.9912797,14.18185,3.117546,4.725007,0.6077979,0.04691585,-0.7927043,0.07921167,-0.0003212839,0.1150164,3.095632,-0.1860674,-1.528296,-0.1003511,0.1414265,2.035725,0.9962242,0.07986301,-0.03404812,-0.06897264,0.9662281,0.2482862,0.05272713,-0.2450003,0.9680882,moving,10.89,-8.134534,-2.822112,3.974085
05/11/2023 13:09:57.577935,2751,True,True,True,True,Eyes,2.372694,0.1806023,-3.002952,0.1818548,-0.1379296,0.9736038,0.0,0.0,0.0,0.0,0.0,0.0,0.0,-2.473975,0.7026529,2.688873,2.404011,0.173591,-2.834592,0.1239064,0.01617829,0.03779266,0.991442,14.15047,2.449688,4.670083,0.6088272,0.04694171,-0.7919126,0.07445897,-0.0003020069,0.1081154,3.091139,-0.1817432,-1.512411,-0.09709674,0.1434897,2.03599,0.9966199,0.07894764,-0.02271417,-0.07092927,0.9664378,0.2469149,0.04144518,-0.2444693,0.9687709,moving,10.58008,-8.063381,-2.730378,4.03135
05/11/2023 13:09:57.597967,2752,True,True,True,True,Eyes,2.374158,0.1801855,-2.994966,0.1763704,-0.1368735,0.9747611,0.0,0.0,0.0,0.0,0.0,0.0,0.0,-2.4446,0.7093852,2.705018,2.407181,0.1728986,-2.823474,0.1249833,0.01038444,0.03786459,0.9913818,14.30159,1.77737,4.597557,0.6098761,0.04696158,-0.7911038,0.06999143,-0.0002838864,0.1016285,3.087909,-0.1773585,-1.496864,-0.0939849,0.1454627,2.036243,0.9969168,0.07767229,-0.011125,-0.07248076,0.9658908,0.2485987,0.03005477,-0.2470259,0.9685426,moving,10.25597,-7.993068,-2.64267,4.086085
05/11/2023 13:09:57.607975,2753,True,True,True,True,Eyes,2.375688,0.1797638,-2.986852,0.1708712,-0.1359709,0.9758662,0.0,0.0,0.0,0.0,0.0,0.0,0.0,-2.41638,0.703431,2.723005,2.410589,0.171625,-2.812129,0.1243023,0.004612666,0.0372116,0.9915357,14.25022,1.087672,4.434484,0.6109451,0.04697521,-0.7902778,0.06579195,-0.0002668533,0.09553076,3.084992,-0.1719533,-1.481062,-0.09051639,0.1476622,2.036525,0.997188,0.07493998,0.0001037291,-0.07264652,0.9663285,0.2468437,0.01839822,-0.2461571,0.9690554,moving,9.931635,-7.932153,-2.544921,4.147085
05/11/2023 13:09:57.627830,2754,True,True,True,True,Eyes,2.377295,0.1793418,-2.97859,0.1651964,-0.1350759,0.976967,0.0,0.0,0.0,0.0,0.0,0.0,0.0,-2.391525,0.7063941,2.735639,2.414027,0.1711184,-2.800946,0.1258834,-0.0005488749,0.03599892,0.9913915,14.45615,0.471881,4.219013,0.6120359,0.04698312,-0.7894328,0.06184443,-0.000250842,0.08979891,3.083062,-0.1668215,-1.465654,-0.08753181,0.1495548,2.036768,0.9974076,0.07123987,0.01015163,-0.07151623,0.9657149,0.2495599,0.007975031,-0.2496389,0.9683062,moving,9.597425,-7.871835,-2.46082,4.199551
05/11/2023 13:09:57.637682,2755,True,True,True,True,Eyes,2.37892,0.1789053,-2.970196,0.1595343,-0.1340414,0.9780499,0.0,0.0,0.0,0.0,0.0,0.0,0.0,-2.367729,0.7013689,2.748638,2.417567,0.1706756,-2.789142,0.1252852,-0.005502157,0.0356923,0.9914632,14.40794,359.8836,4.108764,0.6131487,0.04698595,-0.7885687,0.05813377,-0.0002357915,0.08441098,3.080565,-0.1629389,-1.449991,-0.08420473,0.1516642,2.037039,0.9973916,0.06939653,0.01985381,-0.07215388,0.9660593,0.2480386,-0.00196694,-0.2488242,0.9685466,moving,9.264194,-7.803748,-2.367079,4.258003
05/11/2023 13:09:57.657718,2756,True,True,True,True,Eyes,2.380625,0.1784578,-2.961678,0.1536941,-0.1330528,0.9791195,0.0,0.0,0.0,0.0,0.0,0.0,0.0,-2.344633,0.6879106,2.763125,2.421149,0.1700201,-2.777502,0.122871,-0.01036047,0.03568152,0.9917269,14.14924,359.3039,4.034736,0.6142845,0.04698392,-0.7876844,0.0,0.0,0.0,3.07781,-0.1615293,-1.434777,-0.08105314,0.1536627,2.037295,0.9972389,0.06822663,0.02931795,-0.07331865,0.967259,0.2429696,-0.01178105,-0.2444484,0.9695907,moving,8.921024,-7.738538,-2.278293,4.313358
05/11/2023 13:09:57.678034,2757,True,True,True,True,Eyes,2.382413,0.1780112,-2.953017,0.147557,-0.1319517,0.980212,0.0,0.0,0.0,0.0,0.0,0.0,0.0,-2.319868,0.6884328,2.775563,2.424893,0.1693079,-2.765991,0.1227033,-0.01542571,0.03596181,0.9916717,14.15065,358.7136,3.994032,0.6154429,0.04697725,-0.7867799,0.0,0.0,0.0,3.072642,-0.1591709,-1.418156,-0.07787526,0.1556776,2.037554,0.9969376,0.06753905,0.03941974,-0.07511019,0.9673013,0.2422533,-0.02176921,-0.2444722,0.9694119,moving,8.560786,-7.666811,-2.188778,4.369148
05/11/2023 13:09:57.697689,2758,True,True,True,True,Eyes,2.384286,0.1775557,-2.944225,0.1412281,-0.1307411,0.981306,0.0,0.0,0.0,0.0,0.0,0.0,0.0,-2.294245,0.6777527,2.790823,2.428855,0.1689916,-2.753852,0.1202996,-0.02072212,0.03659005,0.9918468,13.89562,358.093,3.993058,0.616626,0.04696647,-0.7858536,0.0,0.0,0.0,3.067205,-0.1573155,-1.401739,-0.07473797,0.1576672,2.037809,0.9964635,0.06759772,0.04990986,-0.07756917,0.9683784,0.237121,-0.03230279,-0.2401539,0.9701972,moving,8.189689,-7.588924,-2.100419,4.424216
05/11/2023 13:09:57.708158,2759,True,True,True,True,Eyes,2.386254,0.1771065,-2.935308,0.1341892,-0.1296201,0.9824418,0.0,0.0,0.0,0.0,0.0,0.0,0.0,-2.26812,0.6677862,2.806213,2.432859,0.1682858,-2.741899,0.118133,-0.02612312,0.03700049,0.9919643,13.6683,357.4586,3.967689,0.6178343,0.04695179,-0.7849048,0.0,0.0,0.0,3.06235,-0.1531113,-1.384974,-0.07151276,0.1597122,2.038071,0.9958971,0.06723434,0.06056836,-0.07957834,0.9693512,0.2324342,-0.04308445,-0.2363005,0.9707243,moving,7.777752,-7.516004,-2.009596,4.480792
05/11/2023 13:09:57.728010,2760,True,True,True,True,Eyes,2.388289,0.1767227,-2.926265,0.1269655,-0.12857,0.9835393,0.0,0.0,0.0,0.0,0.0,0.0,0.0,-2.2425,0.6527311,2.82213,2.436867,0.1678169,-2.729982,0.1158426,-0.03154134,0.03652,0.9920949,13.42412,356.8102,3.840838,0.6190689,0.04693379,-0.7839325,0.0,0.0,0.0,3.057753,-0.1579675,-1.370258,-0.0682826,0.1617606,2.038333,0.9953429,0.06515493,0.07104514,-0.07977024,0.9704936,0.2275498,-0.05412286,-0.2321573,0.9711713,moving,7.355656,-7.447574,-1.918647,4.53744
05/11/2023 13:09:57.737883,2761,True,True,True,True,Eyes,2.390399,0.1764457,-2.917069,0.1192086,-0.1276854,0.9846247,0.0,0.0,0.0,0.0,0.0,0.0,0.0,-2.213465,0.6526889,2.836701,2.440648,0.1690027,-2.7179,0.1159203,-0.03736582,0.03676828,0.9918742,13.45635,356.1324,3.789465,0.6203297,0.04691456,-0.7829364,0.0,0.0,0.0,3.052169,-0.1490882,-1.352023,-0.0649851,0.1638513,2.038602,0.9945038,0.06427611,0.08264876,-0.08160193,0.9704212,0.227209,-0.0656,-0.2327045,0.9703326,moving,6.903206,-7.388841,-1.825816,4.595233
05/11/2023 13:09:57.758000,2762,True,True,True,True,Eyes,2.392566,0.1762429,-2.907745,0.111169,-0.1265166,0.9857155,0.0,0.0,0.0,0.0,0.0,0.0,0.0,-2.180017,0.6514693,2.853763,2.444243,0.1712546,-2.705033,0.1150419,-0.04384162,0.03813967,0.9916595,13.38593,355.3907,3.863897,0.6216175,0.04689711,-0.7819153,0.0,0.0,0.0,3.046626,-0.1165128,-1.330395,-0.06190974,0.1658016,2.038852,0.9932465,0.06555591,0.09572724,-0.0857304,0.9706214,0.2248205,-0.07817661,-0.2315089,0.9696866,moving,6.434627,-7.313926,-1.739251,4.649122
05/11/2023 13:09:57.777754,2763,True,True,True,True,Eyes,2.394786,0.1761952,-2.898302,0.1026577,-0.1259651,0.9867088,0.0,0.0,0.0,0.0,0.0,0.0,0.0,-2.142941,0.6290054,2.878244,2.447911,0.17276,-2.692585,0.1106817,-0.05110807,0.0389002,0.9917783,12.91584,354.5388,3.873653,0.6229321,0.04688328,-0.7808692,0.0,0.0,0.0,3.041107,-0.1170205,-1.314714,-0.05881608,0.1677629,2.039104,0.9917495,0.06584729,0.1099868,-0.08847418,0.9724727,0.2155671,-0.09276468,-0.2235196,0.970275,moving,5.939713,-7.275134,-1.652186,4.703296
05/11/2023 13:09:57.797875,2764,True,True,True,True,Eyes,2.397041,0.1762342,-2.888698,0.09378886,-0.1249137,0.9877248,0.0,0.0,0.0,0.0,0.0,0.0,0.0,-2.099463,0.6508327,2.896976,2.451278,0.1764893,-2.680277,0.1146221,-0.05913035,0.0396593,0.9908545,13.40529,353.6204,3.833628,0.6242739,0.04687688,-0.7797973,0.0,0.0,0.0,3.034898,-0.1008509,-1.295272,-0.05545056,0.169897,2.039377,0.9898614,0.06503789,0.1262708,-0.09214847,0.9705778,0.2224575,-0.1080875,-0.2318378,0.9667307,moving,5.424226,-7.207713,-1.557485,4.762218
05/11/2023 13:09:57.808059,2765,True,True,True,True,Eyes,2.399326,0.1763218,-2.879034,0.08458974,-0.1240926,0.9886585,0.0,0.0,0.0,0.0,0.0,0.0,0.0,-2.055154,0.6124901,2.927333,2.454499,0.178489,-2.666769,0.107644,-0.06762262,0.04030076,0.9910681,12.63948,352.6186,3.83857,0.6256427,0.04687961,-0.7786993,0.0,0.0,0.0,3.027701,-0.08822533,-1.277686,-0.05233711,0.1718713,2.039631,0.987606,0.06532325,0.1427135,-0.09443992,0.9735772,0.2079146,-0.1253609,-0.2188156,0.9676799,moving,4.890324,-7.154132,-1.469892,4.8167
05/11/2023 13:09:57.827812,2766,True,True,True,True,Eyes,2.401627,0.1764794,-2.86928,0.07501192,-0.1236642,0.9894849,0.0,0.0,0.0,0.0,0.0,0.0,0.0,-2.00583,0.6060336,2.955369,2.457686,0.1797422,-2.655618,0.1070811,-0.07674375,0.03976006,0.9904864,12.60493,351.5436,3.66182,0.6270373,0.04689187,-0.777576,0.0,0.0,0.0,3.020225,-0.1013386,-1.264157,-0.04906452,0.1739464,2.039897,0.9850591,0.062328,0.1605424,-0.09519921,0.9739056,0.206022,-0.1435122,-0.2182273,0.9652881,moving,4.335247,-7.123794,-1.377838,4.873945
05/11/2023 13:09:57.838062,2767,True,True,True,True,Eyes,2.40394,0.1766617,-2.859441,0.06528454,-0.1230828,0.9902467,0.0,0.0,0.0,0.0,0.0,0.0,0.0,-1.9529,0.6232268,2.978866,2.460522,0.1816474,-2.643616,0.1112428,-0.08627765,0.03869756,0.9892845,13.10752,350.4195,3.376959,0.6284564,0.04691466,-0.7764282,0.0,0.0,0.0,3.012391,-0.09459683,-1.247245,-0.04598796,0.1758969,2.040147,0.9821174,0.05737025,0.1793159,-0.09576131,0.9722551,0.2134241,-0.1620966,-0.2267791,0.9603624,moving,3.771912,-7.085247,-1.291314,4.927728
05/11/2023 13:09:57.857875,2768,True,True,True,True,Eyes,2.406262,0.1768726,-2.849577,0.05546625,-0.1229973,0.9908558,0.0,0.0,0.0,0.0,0.0,0.0,0.0,-1.910873,0.5872341,3.00526,2.463543,0.1823732,-2.631646,0.1064817,-0.09433683,0.03681077,0.9891447,12.56792,349.4452,3.097005,0.6298993,0.04694767,-0.775256,0.0,0.0,0.0,3.004641,-0.09932432,-1.233125,-0.04273075,0.1779625,2.040412,0.9794911,0.05273207,0.1944649,-0.09291264,0.9746132,0.2037064,-0.1787862,-0.2175968,0.9595244,moving,3.203966,-7.076067,-1.199725,4.98466
05/11/2023 13:09:57.877759,2769,True,True,True,True,Eyes,2.408552,0.1771404,-2.839642,0.04582555,-0.1232159,0.9913213,0.0,0.0,0.0,0.0,0.0,0.0,0.0,-1.877906,0.6108414,3.01432,2.466181,0.1833607,-2.62109,0.1123856,-0.1004899,0.03482857,0.9879566,13.24197,348.7003,2.722218,0.6313645,0.0469907,-0.7740606,0.0,0.0,0.0,2.996377,-0.0904168,-1.215844,-0.03953719,0.1799878,2.040672,0.9773775,0.04623101,0.2063878,-0.09140547,0.9723129,0.2150643,-0.1907309,-0.229064,0.9545425,moving,2.646713,-7.08522,-1.109944,5.040461
05/11/2023 13:09:57.897851,2770,True,True,True,True,Eyes,2.410803,0.1774585,-2.829679,0.03603918,-0.1231579,0.9917325,0.0,0.0,0.0,0.0,0.0,0.0,0.0,-1.846701,0.617763,3.023444,2.467777,0.1850557,-2.609403,0.1145372,-0.1062179,0.03414528,0.9871339,13.49619,348.0175,2.539237,0.6328501,0.04704436,-0.7728432,0.0,0.0,0.0,2.986349,-0.06372429,-1.196165,-0.03634989,0.1820088,2.040931,0.9751037,0.04308012,0.2175244,-0.09174373,0.9714307,0.2188734,-0.2018808,-0.2333807,0.951198,moving,2.081191,-7.07901,-1.020355,5.096116
05/11/2023 13:09:57.907992,2771,True,True,True,True,Eyes,2.413062,0.1778087,-2.819684,0.02622921,-0.123219,0.9920328,0.0,0.0,0.0,0.0,0.0,0.0,0.0,-1.810811,0.5960786,3.041487,2.469172,0.186517,-2.598729,0.1109564,-0.1127029,0.03422061,0.9868211,13.10297,347.2567,2.502667,0.6343542,0.04710903,-0.7716051,0.0,0.0,0.0,2.974703,-0.04144463,-1.176497,-0.03309977,0.1840695,2.041196,0.972254,0.04252902,0.2300292,-0.09254945,0.9730352,0.2112746,-0.2148412,-0.2267017,0.9499735,moving,1.51454,-7.080368,-0.9290197,5.15284
05/11/2023 13:09:57.927970,2772,True,True,True,True,Eyes,2.415257,0.1782119,-2.809625,0.0162344,-0.1228969,0.9922867,0.0,0.0,0.0,0.0,0.0,0.0,0.0,-1.768576,0.5989221,3.057865,2.470459,0.1875706,-2.588195,0.1108932,-0.1199987,0.0352247,0.9859322,13.12758,346.4114,2.521482,0.635875,0.0471845,-0.7703478,0.0,0.0,0.0,2.960604,-0.01721007,-1.156643,-0.02975339,0.1861913,2.041468,0.9687191,0.04284425,0.2444335,-0.0960724,0.9729238,0.2102125,-0.2288088,-0.2271202,0.946606,moving,0.9373093,-7.060253,-0.8349986,5.211222
05/11/2023 13:09:57.937592,2773,True,True,True,True,Eyes,2.417409,0.1786496,-2.799517,0.006259156,-0.1222842,0.9924754,0.0,0.0,0.0,0.0,0.0,0.0,0.0,-1.728804,0.5701692,3.07699,2.471243,0.1891601,-2.576606,0.1058114,-0.12702,0.03575524,0.9855921,12.57146,345.5948,2.560299,0.6374115,0.04727129,-0.7690715,0.0,0.0,0.0,2.944916,-0.01659265,-1.139395,-0.02679068,0.1880694,2.041709,0.9651749,0.04359981,0.2579464,-0.09736048,0.975051,0.1994905,-0.2428132,-0.217657,0.9453397,moving,0.3613374,-7.024087,-0.7517743,5.262876
05/11/2023 13:09:57.957828,2774,True,True,True,True,Eyes,2.419469,0.1790882,-2.789392,-0.003882122,-0.1215398,0.992579,0.0,0.0,0.0,0.0,0.0,0.0,0.0,-1.690537,0.5423928,3.094353,2.471678,0.1902938,-2.565488,0.1004174,-0.1336819,0.03688435,0.9852335,11.9894,344.828,2.685489,0.6389625,0.04736934,-0.7677774,0.0,0.0,0.0,2.927936,-0.01105036,-1.121199,-0.02353066,0.1901368,2.041974,0.9615374,0.04583141,0.2708234,-0.09952736,0.9771118,0.1880077,-0.256008,-0.2077308,0.944091,moving,-0.2240911,-6.98103,-0.6602179,5.319713
05/11/2023 13:09:57.977948,2775,True,True,True,True,Eyes,2.421445,0.1795355,-2.779246,-0.01394145,-0.1209428,0.9925615,0.0,0.0,0.0,0.0,0.0,0.0,0.0,-1.649047,0.5334678,3.109506,2.471628,0.1907201,-2.554926,0.09806499,-0.1406485,0.03820828,0.9844498,11.7609,344.0257,2.789372,0.6405253,0.04747767,-0.7664674,0.0,0.0,0.0,2.909924,-0.009778701,-1.103761,-0.02032185,0.1921715,2.042235,0.9575162,0.04764288,0.2844167,-0.1028137,0.9778467,0.1823323,-0.2694291,-0.203828,0.9412025,moving,-0.8047199,-6.947199,-0.5701193,5.375624
05/11/2023 13:09:57.997674,2776,True,True,True,True,Eyes,2.423306,0.1799729,-2.769096,-0.02423637,-0.120349,0.9924358,0.0,0.0,0.0,0.0,0.0,0.0,0.0,-1.603544,0.529713,3.124993,2.471253,0.1913639,-2.544369,0.09717116,-0.1481956,0.03882729,0.9834065,11.69054,343.1455,2.78412,0.6420977,0.04759559,-0.7651433,0.0,0.0,0.0,2.891876,-0.02990079,-1.089327,-0.01703292,0.194257,2.042503,0.953061,0.04756535,0.2990187,-0.1051667,0.9781004,0.1796094,-0.2839271,-0.2026256,0.9371917,moving,-1.398948,-6.914289,-0.4777922,5.432909
05/11/2023 13:09:58.008131,2777,True,True,True,True,Eyes,2.425061,0.1804172,-2.758937,-0.03446968,-0.1200755,0.9921662,0.0,0.0,0.0,0.0,0.0,0.0,0.0,-1.554625,0.5280291,3.141029,2.470496,0.1915602,-2.534107,0.09652543,-0.1561699,0.03949987,0.9822085,11.65122,342.2147,2.776704,0.6436774,0.04772205,-0.7638069,0.0,0.0,0.0,2.874519,-0.04055822,-1.074082,-0.01403123,0.1961608,2.042747,0.9481015,0.04744548,0.3144083,-0.107743,0.9782452,0.1772788,-0.2991573,-0.2019536,0.9325876,moving,-1.989761,-6.90058,-0.3935474,5.485177
05/11/2023 13:09:58.034986,2778,True,True,True,True,Eyes,2.426683,0.1808671,-2.748779,-0.04493904,-0.1199452,0.9917629,0.0,0.0,0.0,0.0,0.0,0.0,0.0,-1.504259,0.5330687,3.155616,2.469515,0.1922115,-2.523771,0.09727435,-0.164293,0.03998415,0.9807889,11.76801,341.2617,2.720664,0.6452625,0.04785654,-0.7624599,0.0,0.0,0.0,2.858411,-0.06551487,-1.062431,-0.01069805,0.1982742,2.043018,0.9428182,0.04646903,0.3300525,-0.110395,0.9778779,0.177673,-0.3144948,-0.2039495,0.927091,moving,-2.594428,-6.895941,-0.3000206,5.543177
05/11/2023 13:09:58.047796,2779,True,True,True,True,Eyes,2.428161,0.1812995,-2.738633,-0.05522919,-0.1200734,0.9912276,0.0,0.0,0.0,0.0,0.0,0.0,0.0,-1.453124,0.5411133,3.168948,2.468008,0.1929159,-2.513628,0.09846689,-0.1724014,0.04061408,0.9792511,11.9379,340.3096,2.670888,0.6468505,0.04799855,-0.7611042,0.0,0.0,0.0,2.841759,-0.09387189,-1.051461,-0.007732511,0.2001548,2.043259,0.9372565,0.04559109,0.3456469,-0.1134944,0.9773096,0.1788438,-0.3296503,-0.2068515,0.921164,moving,-3.189107,-6.906933,-0.2168291,5.594764
05/11/2023 13:09:58.057607,2780,True,True,True,True,Eyes,2.429501,0.1817024,-2.728523,-0.06566683,-0.1205149,0.9905373,0.0,0.0,0.0,0.0,0.0,0.0,0.0,-1.404835,0.5470439,3.180547,2.466472,0.192923,-2.503596,0.0991798,-0.1800495,0.04126991,0.9777741,12.05275,339.411,2.636817,0.648439,0.04814703,-0.7597418,0.0,0.0,0.0,2.824521,-0.1115253,-1.039442,-0.004434764,0.2022457,2.043527,0.9317579,0.04499074,0.3602818,-0.1164198,0.9769203,0.1790897,-0.3439092,-0.2088122,0.915491,moving,-3.792825,-6.936868,-0.1243403,5.652097
05/11/2023 13:09:58.077619,2781,True,True,True,True,Eyes,2.430681,0.1820786,-2.71844,-0.0758302,-0.1212654,0.9897194,0.0,0.0,0.0,0.0,0.0,0.0,0.0,-1.357778,0.5726408,3.187732,2.464633,0.1926876,-2.494306,0.1027297,-0.1872661,0.04270548,0.9759888,12.50476,338.5657,2.635113,0.6500256,0.04830065,-0.7583752,0.0,0.0,0.0,2.807492,-0.1255388,-1.02734,-0.001233399,0.2042755,2.043788,0.9262153,0.04488458,0.3743134,-0.1218357,0.9752457,0.1845315,-0.356765,-0.2165207,0.908756,moving,-4.381321,-6.985351,-0.03457724,5.707724
05/11/2023 13:09:58.097660,2782,True,True,True,True,Eyes,2.431705,0.1824445,-2.708395,-0.08611788,-0.1221661,0.9887665,0.0,0.0,0.0,0.0,0.0,0.0,0.0,-1.31242,0.5928767,3.193776,2.46243,0.1925502,-2.484656,0.1053876,-0.1941992,0.04418502,0.9742833,12.85687,337.7537,2.655264,0.6516083,0.04845838,-0.7570057,0.0,0.0,0.0,2.790812,-0.122693,-1.012653,0.001907974,0.2062672,2.044044,0.9206687,0.04516505,0.3877233,-0.1270299,0.9738823,0.1881934,-0.3690971,-0.2225162,0.9023602,moving,-4.977688,-7.043432,0.05348166,5.762288
05/11/2023 13:09:58.107837,2783,True,True,True,True,Eyes,2.432606,0.1827768,-2.698365,-0.09624815,-0.1230849,0.9877178,0.0,0.0,0.0,0.0,0.0,0.0,0.0,-1.267539,0.6070335,3.200117,2.459845,0.1927071,-2.475464,0.1072134,-0.2010124,0.04543781,0.9726433,13.11038,336.9529,2.665166,0.6531843,0.04861962,-0.7556359,0.0,0.0,0.0,2.776078,-0.1103308,-0.9968355,0.00506261,0.2082677,2.0443,0.9150589,0.04528713,0.4007697,-0.131492,0.9728814,0.1902936,-0.3812835,-0.2268278,0.8961986,moving,-5.565615,-7.103321,0.1418899,5.817066
05/11/2023 13:09:58.128036,2784,True,True,True,True,Eyes,2.433337,0.1830859,-2.688375,-0.1065273,-0.1239955,0.9865481,0.0,0.0,0.0,0.0,0.0,0.0,0.0,-1.222009,0.6160005,3.206692,2.457043,0.1922171,-2.466096,0.1077139,-0.2078819,0.04723693,0.971057,13.22832,336.1539,2.764783,0.6547527,0.04878327,-0.7542668,0.0,0.0,0.0,2.760959,-0.09604569,-0.9809155,0.008501083,0.210448,2.04458,0.9091076,0.04695595,0.4139064,-0.136523,0.9723328,0.1895533,-0.3935542,-0.2288321,0.8903657,moving,-6.162911,-7.163727,0.2382266,5.876741
05/11/2023 13:09:58.138087,2785,True,True,True,True,Eyes,2.433932,0.1833658,-2.678395,-0.117038,-0.124207,0.9853297,0.0,0.0,0.0,0.0,0.0,0.0,0.0,-1.174315,0.6226712,3.213786,2.453816,0.1919749,-2.457048,0.1073843,-0.2149455,0.04982714,0.9694248,13.27483,335.3425,2.970893,0.6563112,0.04894861,-0.7529003,0.0,0.0,0.0,2.744877,-0.08105958,-0.9647767,0.01155341,0.2123836,2.044828,0.9026314,0.05044377,0.4274482,-0.1427709,0.9719718,0.1867818,-0.4060456,-0.2296223,0.8845341,moving,-6.773888,-7.184597,0.3237213,5.929695
05/11/2023 13:09:58.158001,2786,True,True,True,True,Eyes,2.434354,0.1836032,-2.668461,-0.1276902,-0.1243469,0.9839884,0.0,0.0,0.0,0.0,0.0,0.0,0.0,-1.124673,0.6234031,3.221632,2.45047,0.1914548,-2.447647,0.1061663,-0.2223389,0.05222266,0.967764,13.22114,334.4899,3.172099,0.657859,0.04911482,-0.7515374,0.0,0.0,0.0,2.727757,-0.07715783,-0.9504731,0.01474899,0.2144094,2.045088,0.8956764,0.0538686,0.4414316,-0.1482882,0.972003,0.1822656,-0.4192545,-0.2287101,0.8785883,moving,-7.39384,-7.202306,0.4132048,5.98509
05/11/2023 13:09:58.177869,2787,True,True,True,True,Eyes,2.434619,0.1838006,-2.658547,-0.1383361,-0.1238608,0.9826096,0.0,0.0,0.0,0.0,0.0,0.0,0.0,-1.077252,0.6198341,3.228985,2.446861,0.1906551,-2.438756,0.1048087,-0.2294154,0.05364489,0.9661813,13.12888,333.662,3.271272,0.6593943,0.0492808,-0.7501799,0.0,0.0,0.0,2.7107,-0.07989593,-0.9370563,0.01789621,0.2164055,2.045344,0.8889816,0.05557192,0.4545585,-0.1517508,0.9722748,0.1779144,-0.4320687,-0.2271423,0.8727674,moving,-8.013686,-7.184408,0.5013096,6.039651
05/11/2023 13:09:58.187877,2788,True,True,True,True,Eyes,2.434689,0.1839551,-2.648674,-0.1490297,-0.1232822,0.9811175,0.0,0.0,0.0,0.0,0.0,0.0,0.0,-1.035071,0.6220806,3.232473,2.443017,0.1898133,-2.429584,0.1046702,-0.2356842,0.05477783,0.9646225,13.16494,332.9229,3.31712,0.6609161,0.04944567,-0.7488287,0.0,0.0,0.0,2.693786,-0.07976925,-0.9233671,0.02106237,0.2184128,2.045602,0.8829047,0.05634161,0.4661598,-0.1550181,0.972087,0.176114,-0.4432253,-0.2277551,0.8669943,moving,-8.637087,-7.161956,0.5899206,6.094491
05/11/2023 13:09:58.208345,2789,True,True,True,True,Eyes,2.434589,0.184061,-2.638824,-0.1596632,-0.1221663,0.9795831,0.0,0.0,0.0,0.0,0.0,0.0,0.0,-0.9948721,0.6142724,3.236413,2.438502,0.1889098,-2.420639,0.1027985,-0.241614,0.05596793,0.9632876,13.00842,332.2291,3.421613,0.6624228,0.04960856,-0.7474855,0.0,0.0,0.0,2.677355,-0.08199967,-0.910203,0.02429441,0.2204622,2.045864,0.8769805,0.05815129,0.4769945,-0.1575015,0.9726002,0.1710037,-0.4539808,-0.2250943,0.8621102,moving,-9.257291,-7.108797,0.6803489,6.150455
05/11/2023 13:09:58.227763,2790,True,True,True,True,Eyes,2.434287,0.1841044,-2.629021,-0.1703799,-0.1210557,0.9779142,0.0,0.0,0.0,0.0,0.0,0.0,0.0,-0.9528097,0.6083695,3.239913,2.433818,0.187722,-2.411698,0.1009614,-0.2477584,0.05761032,0.9618232,12.87124,331.5135,3.575327,0.6639127,0.04976842,-0.7461517,0.0,0.0,0.0,2.660421,-0.08450471,-0.8971956,0.02749541,0.2224923,2.046125,0.8705937,0.06079383,0.4882324,-0.1608499,0.9729757,0.165667,-0.4649667,-0.2227608,0.8568451,moving,-9.883314,-7.056727,0.7698828,6.205868
05/11/2023 13:09:58.237877,2791,True,True,True,True,Eyes,2.433753,0.1840776,-2.619277,-0.1809585,-0.1196791,0.9761818,0.0,0.0,0.0,0.0,0.0,0.0,0.0,-0.9081821,0.6072206,3.242609,2.428782,0.1862503,-2.402988,0.09985199,-0.2541831,0.05937432,0.9601538,12.82244,330.7624,3.719582,0.6653846,0.04992404,-0.7448291,0.0,0.0,0.0,2.643402,-0.08848059,-0.8842841,0.03062463,0.2244762,2.04638,0.8637313,0.06325556,0.499967,-0.1647783,0.9730086,0.1615626,-0.4762524,-0.2219304,0.8508411,moving,-10.50192,-6.989535,0.857383,6.259993
05/11/2023 13:09:58.257837,2792,True,True,True,True,Eyes,2.433018,0.1839876,-2.609574,-0.1915589,-0.1183697,0.9743171,0.0,0.0,0.0,0.0,0.0,0.0,0.0,-0.8663571,0.6048687,3.24403,2.424263,0.1840002,-2.393588,0.09859541,-0.2603391,0.06087551,0.9585388,12.75083,330.0396,3.842805,0.6668365,0.05007411,-0.7435194,0.0,0.0,0.0,2.627047,-0.09522158,-0.8721954,0.03383534,0.226512,2.04664,0.8570354,0.06536658,0.5110944,-0.1680395,0.9731462,0.1573185,-0.4870862,-0.2207116,0.845005,moving,-11.12296,-6.926915,0.9471354,6.315509
05/11/2023 13:09:58.278045,2793,True,True,True,True,Eyes,2.432091,0.183807,-2.599898,-0.201955,-0.116904,0.9723927,0.0,0.0,0.0,0.0,0.0,0.0,0.0,-0.8265992,0.6061202,3.243565,2.418838,0.1823976,-2.384809,0.0982817,-0.2660389,0.06205314,0.9569292,12.77449,329.3644,3.907987,0.6682668,0.05021756,-0.7422245,0.0,0.0,0.0,2.610741,-0.09904046,-0.8594863,0.0371169,0.2285928,2.046908,0.8507454,0.06646743,0.5213581,-0.1710544,0.9729803,0.1550801,-0.4969634,-0.2211143,0.8391281,moving,-11.73289,-6.855373,1.038839,6.372225
05/11/2023 13:09:58.297939,2794,True,True,True,True,Eyes,2.430944,0.1835597,-2.590264,-0.2123385,-0.1154523,0.9703521,0.0,0.0,0.0,0.0,0.0,0.0,0.0,-0.7896467,0.6073726,3.241706,2.412834,0.1806288,-2.37628,0.09811801,-0.2712632,0.06296539,0.9554185,12.80584,328.7422,3.944845,0.6696745,0.05035266,-0.7409455,0.0,0.0,0.0,2.593785,-0.1019644,-0.8467053,0.04031166,0.2306187,2.047167,0.8449032,0.06708498,0.5306959,-0.1735482,0.9728165,0.1533271,-0.5059837,-0.2216479,0.8335782,moving,-12.34326,-6.785144,1.12809,6.427419
05/11/2023 13:09:58.308523,2795,True,True,True,True,Eyes,2.429579,0.1832447,-2.580671,-0.2225284,-0.1138417,0.9682568,0.0,0.0,0.0,0.0,0.0,0.0,0.0,-0.7533135,0.6031625,3.239985,2.406503,0.1787692,-2.36761,0.09722144,-0.2764387,0.06354,0.9539876,12.7458,328.1231,3.967239,0.6710593,0.05047864,-0.7396829,0.0,0.0,0.0,2.576552,-0.1009149,-0.8333024,0.04346581,0.2326184,2.047424,0.8390887,0.06748123,0.539793,-0.1749843,0.9730213,0.1503663,-0.5150831,-0.2206259,0.8282593,moving,-12.94317,-6.705701,1.216179,6.481875
05/11/2023 13:09:58.328255,2796,True,True,True,True,Eyes,2.427978,0.1828641,-2.571126,-0.2326981,-0.1122391,0.9660507,0.0,0.0,0.0,0.0,0.0,0.0,0.0,-0.7171638,0.5971254,3.238024,2.399789,0.176755,-2.359121,0.09630203,-0.2815892,0.06357478,0.952571,12.66634,327.5001,3.930829,0.6724193,0.05059464,-0.7384388,0.0,0.0,0.0,2.559416,-0.09742024,-0.8196295,0.04675727,0.2347052,2.047692,0.8333316,0.06688379,0.5487121,-0.1753542,0.9733683,0.1476651,-0.5242226,-0.219273,0.822867,moving,-13.54316,-6.627108,1.308072,6.538674
05/11/2023 13:09:58.347836,2797,True,True,True,True,Eyes,2.42613,0.1824136,-2.561633,-0.2426548,-0.110467,0.9638027,0.0,0.0,0.0,0.0,0.0,0.0,0.0,-0.6814892,0.591427,3.235232,2.392585,0.1747864,-2.350729,0.09531876,-0.2865949,0.06387025,0.9511563,12.58783,326.8971,3.928541,0.6737535,0.05070002,-0.7372145,0.0,0.0,0.0,2.542341,-0.09421334,-0.8059327,0.04990634,0.2367025,2.047948,0.8275679,0.06686547,0.5573692,-0.1761369,0.9736699,0.1447163,-0.533017,-0.2179358,0.8175554,moving,-14.13155,-6.538467,1.395962,6.59301
05/11/2023 13:09:58.358196,2798,True,True,True,True,Eyes,2.424036,0.1818956,-2.55219,-0.2525596,-0.1086912,0.9614571,0.0,0.0,0.0,0.0,0.0,0.0,0.0,-0.6480204,0.5814415,3.232164,2.385097,0.1726036,-2.342309,0.0934849,-0.2912777,0.06433194,0.9498839,12.42002,326.3372,3.978336,0.6750606,0.05079405,-0.7360113,0.0,0.0,0.0,2.525025,-0.09212828,-0.7925779,0.05324449,0.2388192,2.048219,0.8220374,0.06775559,0.5653881,-0.1766759,0.9742439,0.1401227,-0.5413319,-0.2150765,0.8128358,moving,-14.71818,-6.449811,1.489097,6.650569
05/11/2023 13:09:58.377667,2799,True,True,True,True,Eyes,2.421705,0.1813319,-2.542784,-0.2622349,-0.1068982,0.959065,0.0,0.0,0.0,0.0,0.0,0.0,0.0,-0.6153309,0.5750796,3.227752,2.377144,0.1704492,-2.334065,0.09225041,-0.2957624,0.06486768,0.9485815,12.32079,325.7997,4.020359,0.6763387,0.05087611,-0.7348313,0.0,0.0,0.0,2.507478,-0.09617034,-0.7802067,0.05635746,0.2407928,2.048473,0.8166336,0.06849613,0.5730775,-0.1776329,0.9745641,0.1366432,-0.5491412,-0.2133849,0.8080291,moving,-15.29246,-6.359985,1.57592,6.704208
05/11/2023 13:09:58.397875,2800,True,True,True,True,Eyes,2.419104,0.1807377,-2.533427,-0.2718386,-0.1050803,0.9565886,0.0,0.0,0.0,0.0,0.0,0.0,0.0,-0.5846179,0.5712113,3.221984,2.36887,0.168685,-2.325777,0.09162107,-0.2999378,0.06521668,0.9473066,12.28112,325.2955,4.025804,0.6775873,0.05094627,-0.7336754,0.0,0.0,0.0,2.490101,-0.09352724,-0.7668313,0.05963016,0.2428684,2.048739,0.8115683,0.06859915,0.5802165,-0.1785216,0.9747047,0.1344646,-0.5563155,-0.2127084,0.8032859,moving,-15.86383,-6.268748,1.667168,6.760595
05/11/2023 13:09:58.408119,2801,True,True,True,True,Eyes,2.416237,0.1801188,-2.524113,-0.2811903,-0.1031335,0.9540941,0.0,0.0,0.0,0.0,0.0,0.0,0.0,-0.5541965,0.5611912,3.216518,2.35988,0.1673398,-2.317547,0.09024861,-0.3040704,0.06514573,0.946125,12.14525,324.7937,4.011339,0.6788052,0.05100508,-0.7325445,0.0,0.0,0.0,2.475595,-0.0993626,-0.7551131,0.06290833,0.244947,2.049006,0.8065946,0.06838816,0.5871357,-0.1781559,0.9752225,0.1311551,-0.5636184,-0.2103907,0.7987928,moving,-16.42128,-6.169472,1.758536,6.817034
05/11/2023 13:09:58.427833,2802,True,True,True,True,Eyes,2.41309,0.1794676,-2.514851,-0.2904663,-0.1011296,0.9515263,0.0,0.0,0.0,0.0,0.0,0.0,0.0,-0.525703,0.5488075,3.210674,2.35055,0.1660358,-2.309399,0.08864158,-0.3079295,0.06475724,0.9450548,11.97141,324.3223,3.974649,0.6799908,0.05105314,-0.7314408,0.0,0.0,0.0,2.461538,-0.09612875,-0.7417907,0.06598933,0.2469006,2.049256,0.8019719,0.06780756,0.5935009,-0.176989,0.9758984,0.127661,-0.5705401,-0.2074236,0.7946442,moving,-16.97552,-6.066707,1.844378,6.870055
05/11/2023 13:09:58.438180,2803,True,True,True,True,Eyes,2.409642,0.1787984,-2.505664,-0.2995566,-0.09906232,0.9489218,0.0,0.0,0.0,0.0,0.0,0.0,0.0,-0.4964076,0.5365555,3.204387,2.340755,0.1645759,-2.301345,0.08673424,-0.3118195,0.0649564,0.9439421,11.78581,323.8539,4.014869,0.6811435,0.05109082,-0.7303648,0.0,0.0,0.0,2.447656,-0.08554664,-0.7278247,0.06909037,0.2488667,2.049509,0.7970986,0.06853931,0.5999469,-0.176721,0.9765157,0.1232349,-0.5774111,-0.2042535,0.7904916,moving,-17.51992,-5.959783,1.93075,6.923387
05/11/2023 13:09:58.457753,2804,True,True,True,True,Eyes,2.405918,0.1781095,-2.496524,-0.3086026,-0.09691414,0.946241,0.0,0.0,0.0,0.0,0.0,0.0,0.0,-0.4657251,0.5235324,3.198179,2.330888,0.1634876,-2.293375,0.08456965,-0.3158984,0.06553057,0.9427418,11.58706,323.3662,4.105019,0.6822609,0.05111881,-0.7293191,0.0,0.0,0.0,2.433504,-0.08422375,-0.715288,0.07229938,0.2509012,2.04977,0.7918279,0.07012597,0.606705,-0.1769876,0.9771074,0.1180527,-0.5845373,-0.2008567,0.7861124,moving,-18.06297,-5.847851,2.020097,6.97855
05/11/2023 13:09:58.477704,2805,True,True,True,True,Eyes,2.401915,0.1774451,-2.48745,-0.317483,-0.09487687,0.9435056,0.0,0.0,0.0,0.0,0.0,0.0,0.0,-0.4346391,0.5092379,3.191574,2.320622,0.1622908,-2.285335,0.08217732,-0.3200253,0.06612063,0.9415194,11.3653,322.8727,4.20633,0.6833421,0.05113775,-0.7283048,0.0,0.0,0.0,2.418275,-0.07327469,-0.7011675,0.07552966,0.25295,2.050032,0.7864238,0.07191008,0.6134872,-0.1771054,0.9777499,0.1124225,-0.5917527,-0.1970636,0.7816615,moving,-18.59772,-5.742236,2.110003,7.034076
05/11/2023 13:09:58.488181,2806,True,True,True,True,Eyes,2.397635,0.1768687,-2.47841,-0.3263031,-0.09287864,0.9406912,0.0,0.0,0.0,0.0,0.0,0.0,0.0,-0.405007,0.5071673,3.18279,2.3104,0.1622673,-2.277526,0.08178883,-0.3238227,0.06731548,0.9401692,11.38421,322.4189,4.305988,0.6843861,0.05114939,-0.7273231,0.0,0.0,0.0,2.402661,-0.06372686,-0.6875893,0.07875268,0.2549934,2.050294,0.781215,0.07360572,0.6199076,-0.1795461,0.9775584,0.1101941,-0.597885,-0.1973873,0.7768989,moving,-19.13043,-5.638793,2.199674,7.089425
05/11/2023 13:09:58.508121,2807,True,True,True,True,Eyes,2.3931,0.176431,-2.469406,-0.3350013,-0.09098758,0.9378141,0.0,0.0,0.0,0.0,0.0,0.0,0.0,-0.3748777,0.4998149,3.173933,2.299525,0.163794,-2.269264,0.08081844,-0.3277274,0.06846242,0.9388164,11.33946,321.9524,4.420689,0.6853919,0.05115723,-0.7263748,0.0,0.0,0.0,2.386894,-0.05349726,-0.6742528,0.08188996,0.2569831,2.05055,0.7758152,0.07557442,0.6264178,-0.1815201,0.9775626,0.1068733,-0.6042857,-0.1966214,0.7721262,moving,-19.65749,-5.541545,2.286927,7.143294
05/11/2023 13:09:58.527992,2808,True,True,True,True,Eyes,2.388309,0.1761005,-2.46043,-0.3436873,-0.08895069,0.934862,0.0,0.0,0.0,0.0,0.0,0.0,0.0,-0.3433188,0.4957396,3.164758,2.288671,0.1666621,-2.261311,0.08004374,-0.3317397,0.07087482,0.9372931,11.36584,321.4834,4.666108,0.686359,0.05116587,-0.7254605,0.0,0.0,0.0,2.369615,-0.05140021,-0.6620448,0.0851048,0.2590214,2.050811,0.7698511,0.07975359,0.6332208,-0.1859683,0.9771395,0.1030249,-0.6105285,-0.1970729,0.7670835,moving,-20.18516,-5.435244,2.376303,7.198451
05/11/2023 13:09:58.538094,2809,True,True,True,True,Eyes,2.383293,0.1759122,-2.451499,-0.3522269,-0.08730921,0.9318333,0.0,0.0,0.0,0.0,0.0,0.0,0.0,-0.3118305,0.473565,3.15776,2.277824,0.168854,-2.252988,0.07676606,-0.3360395,0.07179327,0.9359649,11.06669,320.9698,4.839682,0.6872876,0.05117859,-0.7245799,0.0,0.0,0.0,2.349191,-0.04444119,-0.649005,0.08826769,0.261027,2.051069,0.7638464,0.08279912,0.6400648,-0.1859848,0.9779053,0.09544991,-0.6180196,-0.1919514,0.7623689,moving,-20.70627,-5.352768,2.464202,7.252698
05/11/2023 13:09:58.557892,2810,True,True,True,True,Eyes,2.378045,0.1758098,-2.442583,-0.3606808,-0.0853314,0.9287776,0.0,0.0,0.0,0.0,0.0,0.0,0.0,-0.2794049,0.4857962,3.146012,2.267381,0.172126,-2.245175,0.07908322,-0.3401525,0.07390717,0.9341199,11.42154,320.4761,4.93228,0.6881775,0.05119934,-0.7237333,0.0,0.0,0.0,2.325099,-0.02388614,-0.635452,0.09151053,0.2630829,2.051332,0.7576681,0.08427561,0.647176,-0.191877,0.9765671,0.09746699,-0.6237967,-0.1980258,0.7560843,moving,-21.22315,-5.249311,2.554288,7.308277
05/11/2023 13:09:58.578266,2811,True,True,True,True,Eyes,2.372645,0.1757495,-2.433733,-0.3688871,-0.08359802,0.9257072,0.0,0.0,0.0,0.0,0.0,0.0,0.0,-0.2572575,0.4486253,3.139668,2.256627,0.1739933,-2.236588,0.07401361,-0.3434063,0.07289555,0.933424,10.84996,320.0761,4.979722,0.6890289,0.05123008,-0.7229205,0.0,0.0,0.0,2.298968,-0.03558926,-0.6259593,0.09484109,0.2651948,2.051603,0.7535167,0.08525144,0.6518779,-0.1869184,0.9784165,0.08810658,-0.6302968,-0.1882377,0.7531883,moving,-21.7269,-5.160224,2.646774,7.365341
05/11/2023 13:09:58.598000,2812,True,True,True,True,Eyes,2.367066,0.1757321,-2.424943,-0.3770114,-0.08209246,0.9225634,0.0,0.0,0.0,0.0,0.0,0.0,0.0,-0.2339989,0.4508461,3.129536,2.247259,0.1749079,-2.229628,0.07431657,-0.3463491,0.07457514,0.9321791,10.96509,319.7266,5.116668,0.6898431,0.05127126,-0.7221406,0.0,0.0,0.0,2.268701,-0.004041873,-0.6117328,0.09786244,0.2671109,2.05185,0.7489618,0.08755583,0.656803,-0.1905137,0.9778312,0.08689464,-0.6346343,-0.1902108,0.7490388,moving,-22.22769,-5.084958,2.730638,7.417086
05/11/2023 13:09:58.607768,2813,True,True,True,True,Eyes,2.223693,0.1756128,-2.207327,-0.5687308,-0.04625198,0.8212223,0.0,0.0,0.0,0.0,0.0,0.0,0.0,-0.2066967,0.4601379,3.117848,2.237444,0.1759509,-2.222231,0.07554296,-0.3497831,0.07713611,0.9305887,11.21906,319.3218,5.306526,0.6906199,0.05132323,-0.7213941,0.0,0.0,0.0,2.237186,0.0003843829,-0.6030379,0.1011419,0.2691904,2.052116,0.7434037,0.09071667,0.6626624,-0.1964113,0.9766866,0.08663703,-0.6393541,-0.1945606,0.7438902,moving,-34.70422,-3.223545,2.821634,7.473218
05/11/2023 13:09:58.632904,2814,True,True,True,True,Eyes,2.223358,0.175634,-2.207072,-0.5690384,-0.04671136,0.8209832,0.0,0.0,0.0,0.0,0.0,0.0,0.0,-0.1763592,0.4580745,3.108538,2.228315,0.1763085,-2.215281,0.07506092,-0.3538643,0.07888423,0.9289366,11.26122,318.8322,5.466764,0.6933284,0.05212129,-0.7187338,-0.4301183,-0.0003579408,0.6528468,2.204319,-0.014125,-0.5960068,0.1043161,0.2712029,2.052374,0.7371146,0.09343413,0.6692774,-0.1996796,0.9762863,0.08362506,-0.6455929,-0.1952823,0.7382918,moving,-34.72653,-3.256438,2.909671,7.527515
05/11/2023 13:09:58.637984,2815,True,True,True,True,Eyes,2.222684,0.1757441,-2.206528,-0.5696621,-0.04728801,0.8205175,0.0,0.0,0.0,0.0,0.0,0.0,0.0,-0.1404297,0.4901257,3.094969,2.219987,0.1769028,-2.208877,0.07962381,-0.3583629,0.08289882,0.9264793,11.94399,318.2999,5.66293,0.6955289,0.0527552,-0.7165582,-0.4043112,-0.0003364643,0.613676,2.176472,0.007682294,-0.5855322,0.1075019,0.273223,2.052633,0.7294077,0.09653962,0.6772329,-0.2106765,0.9735757,0.0881239,-0.6508301,-0.2069553,0.7304722,moving,-34.77116,-3.298418,2.997994,7.581988
05/11/2023 13:09:58.649958,2816,True,True,True,True,Eyes,2.221677,0.1759112,-2.205737,-0.5706294,-0.04756758,0.8198288,0.0,0.0,0.0,0.0,0.0,0.0,0.0,-0.1054573,0.4929971,3.084369,2.210841,0.1791057,-2.201727,0.08037776,-0.3631348,0.08478861,0.9243828,12.13284,317.7205,5.77522,0.6973233,0.05326358,-0.7147744,-0.3800525,-0.0003162765,0.5768554,2.15766,-0.01414088,-0.5794757,0.1106917,0.2752456,2.052893,0.7218881,0.09837833,0.6849813,-0.2151302,0.9727006,0.08702025,-0.6577208,-0.210179,0.7233451,moving,-34.83926,-3.320656,3.086392,7.636502
05/11/2023 13:09:58.677854,2817,True,True,True,True,Eyes,2.220369,0.1761041,-2.204717,-0.5718877,-0.04758077,0.8189508,0.0,0.0,0.0,0.0,0.0,0.0,0.0,-0.07196856,0.4645298,3.078651,2.201936,0.180619,-2.194974,0.07680459,-0.368198,0.08368581,0.9227828,11.73432,317.0853,5.73793,0.6987902,0.05367561,-0.7133096,-0.3572493,-0.0002972999,0.5422441,2.138903,-0.01985064,-0.5709853,0.113892,0.2772751,2.053153,0.7148539,0.09788907,0.6923885,-0.2110063,0.9741955,0.08012202,-0.6666787,-0.2033738,0.7170626,moving,-34.92727,-3.325128,3.175042,7.691172
05/11/2023 13:09:58.697636,2818,True,True,True,True,Eyes,2.218754,0.1763189,-2.203469,-0.573532,-0.04721837,0.8178211,0.0,0.0,0.0,0.0,0.0,0.0,0.0,-0.03573358,0.4411904,3.072022,2.193298,0.1813368,-2.188563,0.07396533,-0.3736246,0.08263712,0.9209262,11.41908,316.4026,5.675393,0.6999917,0.05401345,-0.7121051,-0.3358144,-0.0002794619,0.5097094,2.115965,-0.002273537,-0.5621179,0.1170439,0.2792737,2.053409,0.7071517,0.09693485,0.7003858,-0.2074759,0.9754004,0.07448267,-0.6759366,-0.1979837,0.7098677,moving,-35.0417,-3.304406,3.262317,7.744986
05/11/2023 13:09:58.708075,2819,True,True,True,True,Eyes,2.216852,0.176537,-2.202016,-0.5754831,-0.04659869,0.8164849,0.0,0.0,0.0,0.0,0.0,0.0,0.0,0.002831101,0.4053652,3.06608,2.184448,0.1819916,-2.181798,0.06910599,-0.3795758,0.0811871,0.9189969,10.87399,315.6542,5.654447,0.7009764,0.0542943,-0.7111143,-0.3156655,-0.0002626942,0.4791268,2.090078,2.112985e-05,-0.5556242,0.1203101,0.2813447,2.053675,0.6986618,0.09675945,0.7088789,-0.2016833,0.977266,0.06538308,-0.6864368,-0.1886497,0.7022933,moving,-35.17734,-3.266459,3.352718,7.800718
05/11/2023 13:09:58.728065,2820,True,True,True,True,Eyes,2.214706,0.176724,-2.200352,-0.5778019,-0.04585371,0.8148879,0.0,0.0,0.0,0.0,0.0,0.0,0.0,0.04486203,0.3771951,3.058615,2.175996,0.1822493,-2.175142,0.06496921,-0.3859463,0.08107553,0.9166523,10.46821,314.861,5.748029,0.7017837,0.05453147,-0.7102994,-0.2967256,-0.0002469325,0.4503792,2.064152,0.023804,-0.546543,0.1235237,0.2833822,2.053937,0.6889445,0.09848688,0.7180918,-0.1987854,0.9784116,0.05652677,-0.6970221,-0.1816899,0.693649,moving,-35.33881,-3.220635,3.441622,7.855519
05/11/2023 13:09:58.738027,2821,True,True,True,True,Eyes,2.21236,0.1769154,-2.198489,-0.5805269,-0.04526118,0.8129821,0.0,0.0,0.0,0.0,0.0,0.0,0.0,0.08583021,0.3604728,3.049258,2.168082,0.1816565,-2.168342,0.06245566,-0.3921111,0.08151216,0.9141685,10.2599,314.0928,5.835829,0.7024453,0.05473421,-0.7096296,-0.278922,-0.0002321166,0.4233565,2.039188,0.04822991,-0.5381822,0.1266764,0.2853814,2.054193,0.6792093,0.1000526,0.727093,-0.1980108,0.9789101,0.05026635,-0.7067294,-0.1781136,0.6846964,moving,-35.52953,-3.18654,3.528802,7.909264
05/11/2023 13:09:58.763078,2822,True,True,True,True,Eyes,2.209788,0.1771227,-2.19644,-0.5834803,-0.04489203,0.8108856,0.0,0.0,0.0,0.0,0.0,0.0,0.0,0.1244947,0.3724361,3.036756,2.160536,0.1819076,-2.162196,0.0647255,-0.3975891,0.08290023,0.9115158,10.59801,313.408,5.819275,0.7030213,0.05492395,-0.7090442,-0.2621867,-0.0002181896,0.3979551,2.012786,0.05910456,-0.5319936,0.1297366,0.2873214,2.054442,0.6701009,0.09966141,0.735549,-0.2025981,0.9778763,0.05207618,-0.7140859,-0.1839171,0.675467,moving,-35.73726,-3.168759,3.613391,7.961391
05/11/2023 13:09:58.778078,2823,True,True,True,True,Eyes,2.207015,0.1773321,-2.194226,-0.5866072,-0.04451361,0.8086473,0.0,0.0,0.0,0.0,0.0,0.0,0.0,0.1591591,0.3813527,3.023735,2.152602,0.1825455,-2.155624,0.0665767,-0.4025338,0.08418122,0.9090918,10.88394,312.788,5.812883,0.703531,0.05510735,-0.7085242,-0.2464555,-0.0002050982,0.3740778,1.984136,0.06436729,-0.5269979,0.1329384,0.289352,2.054703,0.6617602,0.09945815,0.7430893,-0.2066556,0.9769621,0.05327707,-0.7206713,-0.1888202,0.6670681,moving,-35.9578,-3.150781,3.701852,8.015924
05/11/2023 13:09:58.797689,2824,True,True,True,True,Eyes,2.204057,0.1775347,-2.191859,-0.5899155,-0.04440977,0.8062428,0.0,0.0,0.0,0.0,0.0,0.0,0.0,0.1919185,0.3827184,3.011885,2.144999,0.1828096,-2.149493,0.06718,-0.407297,0.08504678,0.9068424,11.01827,312.1885,5.819371,0.7039798,0.05528537,-0.7080643,-0.2316682,-0.0001927923,0.3516331,1.9534,0.06804119,-0.5232257,0.1361182,0.2913681,2.05496,0.6537523,0.09952363,0.7501353,-0.2089725,0.9765078,0.05256475,-0.7272816,-0.191122,0.6591919,moving,-36.19236,-3.152802,3.789671,8.070045
05/11/2023 13:09:58.807666,2825,True,True,True,True,Eyes,2.200925,0.1777361,-2.189326,-0.5933209,-0.04431501,0.8037453,0.0,0.0,0.0,0.0,0.0,0.0,0.0,0.2242378,0.3968204,2.998262,2.137702,0.1829093,-2.143385,0.069695,-0.4118616,0.08674119,0.9044273,11.3919,311.614,5.82511,0.7043728,0.0554585,-0.7076598,-0.2177681,-0.0001812248,0.3305351,1.922192,0.06648555,-0.5202397,0.1394023,0.2934505,2.055228,0.645692,0.09949282,0.7570887,-0.2143116,0.9752372,0.05461739,-0.7329069,-0.1975188,0.6510253,moving,-36.43457,-3.155844,3.880322,8.125911
05/11/2023 13:09:58.827974,2826,True,True,True,True,Eyes,2.197632,0.1779281,-2.186649,-0.5968569,-0.04439371,0.8011187,0.0,0.0,0.0,0.0,0.0,0.0,0.0,0.2537857,0.3999339,2.985659,2.130162,0.1830537,-2.137152,0.07053512,-0.4161721,0.08776717,0.9022875,11.55675,311.0692,5.839113,0.704717,0.05562836,-0.7073036,-0.204702,-0.0001703513,0.310703,1.890559,0.06302999,-0.5180362,0.1426305,0.2954977,2.055491,0.6381955,0.09967294,0.763395,-0.2170919,0.9746434,0.05423341,-0.7386323,-0.2003384,0.6436512,moving,-36.68719,-3.171782,3.96939,8.180799
05/11/2023 13:09:58.838082,2827,True,True,True,True,Eyes,2.194176,0.178131,-2.183828,-0.6004364,-0.04449102,0.7984339,0.0,0.0,0.0,0.0,0.0,0.0,0.0,0.2811886,0.4076092,2.972698,2.123101,0.183057,-2.130981,0.07199407,-0.4201453,0.08918797,0.900189,11.80377,310.5674,5.868062,0.7050173,0.05579557,-0.7069911,-0.1924199,-0.0001601302,0.2920609,1.860765,0.06091224,-0.515721,0.1458831,0.2975602,2.055756,0.6310468,0.1000761,0.7692626,-0.221068,0.9737247,0.05467273,-0.7435784,-0.2045604,0.6365895,moving,-36.94381,-3.189387,4.05909,8.236072
05/11/2023 13:09:58.858107,2828,True,True,True,True,Eyes,2.103683,0.1833713,-2.110072,-0.688941,-0.04705964,0.7232881,0.0,0.0,0.0,0.0,0.0,0.0,0.0,0.3063501,0.4146519,2.959512,2.115664,0.183535,-2.1248,0.07361641,-0.4238033,0.09010722,0.8982497,12.04192,310.0995,5.838112,0.7052761,0.05596061,-0.7067189,-0.1808747,-0.0001505224,0.2745372,1.832717,0.04639455,-0.5147915,0.1491023,0.2996012,2.056017,0.624543,0.09947977,0.7746289,-0.2242753,0.9729226,0.05587635,-0.7480954,-0.2086273,0.6299428,moving,-43.60678,-3.722616,4.147827,8.290743
05/11/2023 13:09:58.878107,2829,True,True,True,True,Eyes,2.103378,0.1833783,-2.109832,-0.6891581,-0.04683076,0.7230961,0.0,0.0,0.0,0.0,0.0,0.0,0.0,0.3318082,0.4105814,2.947628,2.10819,0.1839127,-2.1187,0.07363101,-0.4276954,0.08999924,0.8964126,12.06329,309.5971,5.773199,0.7052815,0.05672125,-0.706653,-0.4415025,0.01557916,0.4793344,1.805187,0.03548192,-0.5134668,0.1520784,0.3014883,2.056259,0.6179535,0.09836961,0.7800366,-0.2243362,0.9729573,0.05502298,-0.7535296,-0.208992,0.6233102,moving,-43.62339,-3.705542,4.229824,8.341263
05/11/2023 13:09:58.887857,2830,True,True,True,True,Eyes,2.102768,0.1833885,-2.109354,-0.6896666,-0.04653047,0.7226306,0.0,0.0,0.0,0.0,0.0,0.0,0.0,0.3601323,0.4043749,2.935439,2.100584,0.1840654,-2.112744,0.07332181,-0.4320455,0.08971591,0.8943778,12.04486,309.0343,5.699407,0.7052645,0.05733681,-0.7066203,-0.4150124,0.01464441,0.4505743,1.777971,0.02860192,-0.5123771,0.1553593,0.3035688,2.056526,0.6105754,0.09712311,0.78598,-0.2238365,0.97315,0.05363207,-0.7596675,-0.2086775,0.6159211,moving,-43.66292,-3.684212,4.320176,8.396931
05/11/2023 13:09:58.907961,2831,True,True,True,True,Eyes,2.101848,0.1833871,-2.108656,-0.6904106,-0.04591825,0.7219589,0.0,0.0,0.0,0.0,0.0,0.0,0.0,0.3895894,0.392544,2.92316,2.092743,0.1841379,-2.106479,0.07214825,-0.4366874,0.08906029,0.8922819,11.91944,308.433,5.626031,0.7052306,0.05783714,-0.7066134,-0.3901116,0.01376574,0.4235398,1.749981,0.02612153,-0.5112718,0.1585205,0.3055733,2.056784,0.6027448,0.0959213,0.7921475,-0.2219462,0.9737258,0.05097014,-0.7664454,-0.2065362,0.6081975,moving,-43.72039,-3.639242,4.407188,8.450537
05/11/2023 13:09:58.932744,2832,True,True,True,True,Eyes,2.100641,0.1833638,-2.107731,-0.6914666,-0.04523639,0.7209908,0.0,0.0,0.0,0.0,0.0,0.0,0.0,0.4206499,0.3766265,2.91061,2.084749,0.1838624,-2.10011,0.07017835,-0.4416336,0.08847132,0.8900605,11.71653,307.795,5.597279,0.7051828,0.05824543,-0.7066266,-0.3667049,0.0129398,0.3981274,1.720686,0.02682535,-0.5108885,0.1618055,0.3076561,2.05705,0.5942653,0.09550339,0.7985787,-0.2194759,0.9744956,0.04678215,-0.7737436,-0.2030697,0.6000696,moving,-43.80254,-3.590145,4.497566,8.506208
05/11/2023 13:09:58.938026,2833,True,True,True,True,Eyes,2.099147,0.1833235,-2.106591,-0.6927543,-0.04440917,0.719805,0.0,0.0,0.0,0.0,0.0,0.0,0.0,0.4537863,0.3639559,2.896836,2.076749,0.1832935,-2.093695,0.06864282,-0.4468731,0.0882136,0.8875874,11.57752,307.1183,5.579301,0.7051247,0.05857984,-0.7066563,-0.3447026,0.01216341,0.3742398,1.689703,0.03074646,-0.5109158,0.1648763,0.3096034,2.0573,0.5850457,0.09524527,0.8053881,-0.2179438,0.975013,0.04301243,-0.7811671,-0.2006935,0.5911853,moving,-43.90291,-3.530452,4.582011,8.558228
05/11/2023 13:09:58.949689,2834,True,True,True,True,Eyes,2.09737,0.1832566,-2.105235,-0.6943403,-0.04357513,0.7183264,0.0,0.0,0.0,0.0,0.0,0.0,0.0,0.4888986,0.355445,2.881576,2.0685,0.1828239,-2.087277,0.0679218,-0.4523828,0.08787695,0.8848808,11.5202,306.4006,5.508991,0.7050639,0.05887456,-0.7066922,-0.3240205,0.01143361,0.3517854,1.660052,0.03569064,-0.5110797,0.1681712,0.3116925,2.057569,0.5752549,0.09406792,0.8125472,-0.2169745,0.9753285,0.04069734,-0.7886722,-0.1997134,0.5814729,moving,-44.02725,-3.471424,4.672567,8.614008
05/11/2023 13:09:58.977555,2835,True,True,True,True,Eyes,2.095304,0.1831544,-2.103687,-0.6961088,-0.04272481,0.716664,0.0,0.0,0.0,0.0,0.0,0.0,0.0,0.5235447,0.3468592,2.8656,2.060031,0.1821159,-2.080668,0.0674032,-0.4579037,0.08673172,0.8821898,11.44074,305.6723,5.34486,0.705002,0.05914215,-0.7067316,-0.3045793,0.01074759,0.3306783,1.633628,0.03577089,-0.5103031,0.1713992,0.3137395,2.057831,0.5656036,0.0912993,0.819608,-0.214756,0.9758688,0.03949526,-0.7962239,-0.1983543,0.571562,moving,-44.16643,-3.411721,4.761243,8.668632
05/11/2023 13:09:58.991500,2836,True,True,True,True,Eyes,2.092957,0.1830159,-2.101936,-0.6981603,-0.04191547,0.7147134,0.0,0.0,0.0,0.0,0.0,0.0,0.0,0.5575118,0.3423942,2.848628,2.051398,0.1813159,-2.074035,0.06747413,-0.4632771,0.08596646,0.8794496,11.43948,304.9615,5.191532,0.7049372,0.05938483,-0.7067757,-0.2863045,0.01010274,0.3108376,1.607468,0.04283934,-0.5091329,0.1744841,0.3156955,2.058082,0.5559682,0.08868789,0.8264586,-0.2137247,0.976114,0.03902759,-0.8032566,-0.1983328,0.5616432,moving,-44.32876,-3.356355,4.845945,8.720802
05/11/2023 13:09:59.012825,2837,True,True,True,True,Eyes,2.090346,0.1828395,-2.099987,-0.7004282,-0.04116915,0.7125345,0.0,0.0,0.0,0.0,0.0,0.0,0.0,0.5928732,0.3373046,2.830676,2.042423,0.180309,-2.067365,0.0672766,-0.4688555,0.08566906,0.8765326,11.43599,304.2263,5.098119,0.7048687,0.05960459,-0.7068254,-0.2691262,0.009496571,0.2921873,1.580345,0.04914669,-0.5086276,0.1776876,0.3177269,2.058343,0.5456706,0.08709741,0.8334612,-0.2132694,0.9762694,0.03760743,-0.8104072,-0.1982731,0.5512967,moving,-44.5091,-3.306786,4.93386,8.774949
05/11/2023 13:09:59.028241,2838,True,True,True,True,Eyes,2.08747,0.182617,-2.097839,-0.7029932,-0.04049096,0.7100431,0.0,0.0,0.0,0.0,0.0,0.0,0.0,0.6303962,0.3337376,2.811579,2.033428,0.1791205,-2.060788,0.06724494,-0.4747574,0.08571544,0.873348,11.4694,303.4476,5.026608,0.7047957,0.05980313,-0.7068815,-0.2529787,0.008926777,0.2746561,1.552024,0.05204974,-0.5092453,0.1810367,0.3198504,2.058615,0.5345168,0.08586872,0.8407845,-0.2135688,0.976262,0.03606839,-0.8177288,-0.1988445,0.5401672,moving,-44.71414,-3.263818,5.025718,8.831526
05/11/2023 13:09:59.038074,2839,True,True,True,True,Eyes,2.084338,0.182343,-2.095495,-0.7057115,-0.03982866,0.7073789,0.0,0.0,0.0,0.0,0.0,0.0,0.0,0.668859,0.3304565,2.791236,2.024315,0.1777988,-2.053804,0.06719102,-0.4808715,0.08603957,0.8699686,11.51685,302.6398,4.981334,0.7047175,0.0599817,-0.7069443,-0.2377999,0.008391171,0.2581767,1.525107,0.05475354,-0.5091387,0.1840743,0.3217767,2.058862,0.5227197,0.08508293,0.8482483,-0.2143239,0.9761652,0.0341602,-0.825124,-0.1996561,0.528496,moving,-44.9324,-3.222611,5.108994,8.882818
05/11/2023 13:09:59.058017,2840,True,True,True,True,Eyes,2.080957,0.182015,-2.092957,-0.7086865,-0.0393308,0.7044263,0.0,0.0,0.0,0.0,0.0,0.0,0.0,0.7077994,0.3275757,2.769949,2.015095,0.1763006,-2.046757,0.0672044,-0.4871017,0.08635116,0.8664635,11.57111,301.8127,4.928678,0.7046335,0.06014123,-0.7070145,-0.2235319,0.007887701,0.2426861,1.499541,0.054673,-0.5090135,0.1873839,0.323875,2.059132,0.5105509,0.08416951,0.8557181,-0.215111,0.9760541,0.03233676,-0.8325054,-0.2005839,0.5164311,moving,-45.17274,-3.195724,5.199676,8.93866
05/11/2023 13:09:59.078184,2841,True,True,True,True,Eyes,2.077327,0.181632,-2.090225,-0.7117183,-0.03890023,0.7013871,0.0,0.0,0.0,0.0,0.0,0.0,0.0,0.744689,0.3318986,2.747447,2.005811,0.1747126,-2.039456,0.06850499,-0.4930143,0.08664448,0.8629814,11.75171,301.0168,4.804308,0.7045436,0.06028246,-0.7070922,-0.21012,0.007414438,0.2281249,1.475317,0.05403455,-0.5084671,0.1906368,0.3259379,2.059396,0.4988594,0.08199728,0.8627953,-0.217093,0.9755996,0.03280312,-0.839053,-0.203671,0.5044881,moving,-45.41888,-3.174478,5.288756,8.993528
05/11/2023 13:09:59.088340,2842,True,True,True,True,Eyes,1.980597,0.1705874,-2.017165,-0.7883704,-0.02939104,0.6144985,0.0,0.0,0.0,0.0,0.0,0.0,0.0,0.7791234,0.3342807,2.725013,1.996291,0.1730333,-2.032081,0.06942708,-0.4986007,0.08696125,0.8596598,11.89303,300.2632,4.70598,0.7044472,0.060406,-0.7071778,-0.1975128,0.006969572,0.2144375,1.450842,0.05653138,-0.507758,0.193802,0.3279446,2.059654,0.4876702,0.0802814,0.8693289,-0.218747,0.9752352,0.03264945,-0.845179,-0.2060852,0.4931544,moving,-52.06522,-2.738331,5.375389,9.046875
05/11/2023 13:09:59.108151,2843,True,True,True,True,Eyes,1.980214,0.1705267,-2.016842,-0.7885071,-0.0293139,0.6143266,0.0,0.0,0.0,0.0,0.0,0.0,0.0,0.8121418,0.3318024,2.702875,1.986779,0.1711905,-2.024501,0.06936346,-0.5040737,0.08756627,0.8564056,11.95165,299.5301,4.693747,0.7038221,0.06043066,-0.7077981,-0.4758517,-0.02658242,0.420752,1.42634,0.05953037,-0.5071607,0.1971471,0.3300657,2.059926,0.4764835,0.08005589,0.8755311,-0.2199131,0.9750417,0.03052677,-0.8512354,-0.2070862,0.4821966,moving,-52.07781,-2.731918,5.466894,9.103229
05/11/2023 13:09:59.128046,2844,True,True,True,True,Eyes,1.979448,0.1704072,-2.016207,-0.788974,-0.02918807,0.6137329,0.0,0.0,0.0,0.0,0.0,0.0,0.0,0.8458301,0.3275715,2.679983,1.977094,0.1696149,-2.016772,0.06901363,-0.5097163,0.08836367,0.8530055,11.99456,298.7744,4.714404,0.7032989,0.06043719,-0.7083176,-0.4473006,-0.02498748,0.3955069,1.40171,0.06247869,-0.5067579,0.2002473,0.3320316,2.060178,0.4647625,0.08039466,0.8817781,-0.2211041,0.974858,0.02765721,-0.8573849,-0.2078188,0.470853,moving,-52.1211,-2.722836,5.551656,9.155431
05/11/2023 13:09:59.137894,2845,True,True,True,True,Eyes,1.978304,0.1702461,-2.015265,-0.7897481,-0.02903038,0.612744,0.0,0.0,0.0,0.0,0.0,0.0,0.0,0.8792597,0.3178357,2.656781,1.967229,0.1680739,-2.008572,0.06785012,-0.5155223,0.08849409,0.8495893,11.91913,297.9944,4.714033,0.702857,0.06042941,-0.7087571,-0.4204625,-0.02348823,0.3717765,1.377972,0.06872831,-0.5056367,0.2034999,0.3340941,2.060442,0.4528111,0.08041076,0.8879732,-0.2203238,0.9751303,0.02404813,-0.8639558,-0.2065308,0.4592662,moving,-52.19309,-2.712512,5.640532,9.210169
05/11/2023 13:09:59.158224,2846,True,True,True,True,Eyes,1.976802,0.1700239,-2.014004,-0.7911249,-0.02851737,0.6109895,0.0,0.0,0.0,0.0,0.0,0.0,0.0,0.9114107,0.3091377,2.632979,1.957096,0.1669064,-2.000183,0.06700509,-0.521194,0.08834875,0.8462044,11.8584,297.2258,4.669869,0.7024806,0.06041068,-0.709132,-0.3952348,-0.02207893,0.3494699,1.35462,0.07245898,-0.5045729,0.2067009,0.336124,2.060703,0.4411027,0.07967689,0.8939129,-0.2193675,0.9754096,0.02130634,-0.8702335,-0.2054937,0.4477344,moving,-52.32092,-2.672288,5.727953,9.264009
05/11/2023 13:09:59.177961,2847,True,True,True,True,Eyes,1.974964,0.1697564,-2.012428,-0.7929409,-0.02794312,0.6086575,0.0,0.0,0.0,0.0,0.0,0.0,0.0,0.9420047,0.2932735,2.609752,1.946956,0.1651211,-1.991554,0.06510668,-0.5268876,0.08643147,0.8430186,11.58676,296.4475,4.515172,0.702155,0.06038362,-0.7094567,-0.3715207,-0.0207542,0.3285017,1.332207,0.07419741,-0.5030881,0.209749,0.3380566,2.060951,0.4298382,0.07711886,0.8996065,-0.2143344,0.9765815,0.01869295,-0.8770974,-0.2008516,0.4363013,moving,-52.49034,-2.628571,5.811152,9.31524
05/11/2023 13:09:59.188453,2848,True,True,True,True,Eyes,1.972776,0.1694531,-2.010564,-0.7949771,-0.02738452,0.6060211,0.0,0.0,0.0,0.0,0.0,0.0,0.0,0.9710137,0.2910194,2.585155,1.936858,0.163689,-1.983021,0.06563875,-0.5322006,0.08490945,0.8397885,11.57339,295.7043,4.258458,0.7018561,0.06035488,-0.7097539,-0.3492294,-0.01950894,0.3087916,1.309279,0.07986034,-0.5014787,0.212886,0.3400456,2.061205,0.4191059,0.07274598,0.9050184,-0.2124779,0.9769639,0.01986763,-0.8827251,-0.200623,0.4249083,moving,-52.68127,-2.587287,5.89673,9.367945
05/11/2023 13:09:59.207783,2849,True,True,True,True,Eyes,1.97025,0.1691279,-2.008426,-0.7973022,-0.02658475,0.6029944,0.0,0.0,0.0,0.0,0.0,0.0,0.0,0.9995676,0.2858667,2.560027,1.926349,0.1625354,-1.974172,0.06551374,-0.5374967,0.08419646,0.8364906,11.54362,294.9704,4.122338,0.7015808,0.06032439,-0.7100279,-0.3282757,-0.01833841,0.2902641,1.287261,0.08703548,-0.4992245,0.2162562,0.3421827,2.06148,0.4080166,0.07043225,0.9102538,-0.2112859,0.9772378,0.0190926,-0.8881897,-0.2001139,0.4136106,moving,-52.90002,-2.524415,5.988617,9.424532
05/11/2023 13:09:59.227890,2850,True,True,True,True,Eyes,1.967406,0.1688092,-2.006011,-0.799845,-0.02589202,0.5996479,0.0,0.0,0.0,0.0,0.0,0.0,0.0,1.029428,0.2711398,2.534889,1.915891,0.1616639,-1.96523,0.06373433,-0.5431993,0.08317387,0.8330395,11.33507,294.1883,4.054919,0.7013255,0.06029246,-0.7102824,-0.3085791,-0.0172381,0.2728482,1.26431,0.09455156,-0.4975599,0.2193429,0.3441398,2.061731,0.3960333,0.06933334,0.9156148,-0.2078151,0.9780401,0.01582643,-0.8944107,-0.1965464,0.401745,moving,-53.14092,-2.472422,6.072725,9.476327
05/11/2023 13:09:59.237771,2851,True,True,True,True,Eyes,1.964228,0.168538,-2.003295,-0.8025711,-0.02507873,0.596029,0.0,0.0,0.0,0.0,0.0,0.0,0.0,1.060076,0.2706387,2.507281,1.905529,0.1615272,-1.956102,0.06462827,-0.5489506,0.08268782,0.8292403,11.41814,293.3787,3.87138,0.7010872,0.06026035,-0.71052,-0.2900644,-0.01620382,0.2564773,1.240488,0.1031333,-0.4965776,0.2224839,0.3461314,2.061987,0.383632,0.06618068,0.9211117,-0.2080915,0.9779718,0.01640167,-0.8997358,-0.1979677,0.388953,moving,-53.40059,-2.409377,6.158265,9.529004
05/11/2023 13:09:59.257937,2852,True,True,True,True,Eyes,1.960726,0.1683091,-2.000309,-0.8054371,-0.02403487,0.5921937,0.0,0.0,0.0,0.0,0.0,0.0,0.0,1.086663,0.2586316,2.481125,1.894258,0.1623358,-1.946572,0.06385627,-0.5543144,0.08043687,0.8259468,11.22477,292.6235,3.628728,0.7008635,0.06023071,-0.710743,-0.2726605,-0.01523159,0.2410887,1.216081,0.1125155,-0.4957879,0.2256473,0.3481377,2.062244,0.3725311,0.06208025,0.925941,-0.203666,0.9789045,0.01630912,-0.9053954,-0.1946584,0.377316,moving,-53.675,-2.32414,6.244369,9.582046
05/11/2023 13:09:59.277813,2853,True,True,True,True,Eyes,1.956918,0.1681627,-1.997057,-0.8083737,-0.02302579,0.588219,0.0,0.0,0.0,0.0,0.0,0.0,0.0,1.108677,0.2374976,2.457447,1.883036,0.1630722,-1.937058,0.06138318,-0.5591007,0.07747675,0.8231865,10.81825,291.9577,3.438832,0.7006517,0.06020568,-0.7109538,-0.2563009,-0.01431769,0.2266234,1.193152,0.1142908,-0.4947371,0.228822,0.3501505,2.062502,0.3628075,0.05891686,0.9299998,-0.1961944,0.9804589,0.014425,-0.9109766,-0.1876942,0.3672771,moving,-53.95822,-2.241694,6.330726,9.635221
05/11/2023 13:09:59.297685,2854,True,True,True,True,Eyes,1.952783,0.1681167,-1.993564,-0.8114356,-0.02196931,0.5840289,0.0,0.0,0.0,0.0,0.0,0.0,0.0,1.128991,0.2315497,2.432944,1.871845,0.1648619,-1.927814,0.06138393,-0.5633131,0.07740734,0.8203161,10.83128,291.3652,3.376065,0.7004495,0.06018861,-0.7111544,-0.2409228,-0.01345863,0.213026,1.169073,0.1199869,-0.49361,0.2319685,0.3521456,2.062758,0.353373,0.05784023,0.9336927,-0.1961537,0.9804802,0.01349931,-0.9146864,-0.1879176,0.3578208,moving,-54.25563,-2.154269,6.41627,9.687905
05/11/2023 13:09:59.307896,2855,True,True,True,True,Eyes,1.948346,0.1681605,-1.989878,-0.8145943,-0.02097692,0.5796517,0.0,0.0,0.0,0.0,0.0,0.0,0.0,1.150766,0.2167877,2.407604,1.859924,0.1672001,-1.918474,0.05983131,-0.5678787,0.07753558,0.8172652,10.71114,290.7344,3.429637,0.7002541,0.06018315,-0.7113473,-0.2264674,-0.01265111,0.2002444,1.144352,0.1249681,-0.4933593,0.2352234,0.3542094,2.063023,0.3430043,0.05878041,0.9374928,-0.1946881,0.9808169,0.009734497,-0.9189367,-0.1858577,0.3478683,moving,-54.56498,-2.072563,6.504705,9.742371
05/11/2023 13:09:59.328089,2856,True,True,True,True,Eyes,1.943633,0.1682935,-1.985981,-0.8178786,-0.02028696,0.5750329,0.0,0.0,0.0,0.0,0.0,0.0,0.0,1.175624,0.207425,2.380509,1.848601,0.1694435,-1.909425,0.05916704,-0.572924,0.07850517,0.8136919,10.73358,290.0297,3.498901,0.7000626,0.06019215,-0.711535,-0.2128794,-0.01189205,0.1882297,1.118553,0.1409295,-0.4933771,0.2384479,0.356254,2.063285,0.3311903,0.05996161,0.9416569,-0.1955545,0.9806724,0.0063325,-0.9230773,-0.1862424,0.3365149,moving,-54.88977,-2.020537,6.592264,9.796302
05/11/2023 13:09:59.347715,2857,True,True,True,True,Eyes,1.938648,0.1685007,-1.981915,-0.8212511,-0.01976135,0.5702246,0.0,0.0,0.0,0.0,0.0,0.0,0.0,1.200512,0.2146058,2.35152,1.83736,0.1717791,-1.900402,0.06154617,-0.5778115,0.08044088,0.8098614,11.1073,289.3228,3.456874,0.699873,0.06021816,-0.7117193,-0.2001066,-0.01117852,0.176936,1.094487,0.1337396,-0.493655,0.2416424,0.3582799,2.063545,0.3193265,0.05916776,0.945796,-0.2014161,0.9794827,0.006728424,-0.9259927,-0.192647,0.3246921,moving,-55.22634,-1.984812,6.678951,9.849702
05/11/2023 13:09:59.357977,2858,True,True,True,True,Eyes,1.933422,0.1687542,-1.977684,-0.8247177,-0.01943512,0.5652106,0.0,0.0,0.0,0.0,0.0,0.0,0.0,1.224452,0.2137419,2.323451,1.826092,0.1738244,-1.89171,0.06260318,-0.5827104,0.08075482,0.8062309,11.24815,288.614,3.346619,0.699683,0.06026288,-0.7119024,-0.1881002,-0.01050781,0.1663198,1.072976,0.1589292,-0.4907821,0.2448668,0.3603242,2.063807,0.3078544,0.057255,0.9497092,-0.2031731,0.979119,0.006831878,-0.9294872,-0.1950586,0.3130589,moving,-55.57567,-1.969376,6.766401,9.90356
05/11/2023 13:09:59.378035,2859,True,True,True,True,Eyes,1.797538,0.175367,-1.869128,-0.9018396,-0.02404422,0.4314016,0.0,0.0,0.0,0.0,0.0,0.0,0.0,1.247639,0.2193176,2.295265,1.815185,0.1752083,-1.88344,0.06480497,-0.5874338,0.08079065,0.8026175,11.4753,287.9142,3.132373,0.6994909,0.06032684,-0.7120857,-0.1768142,-0.009877343,0.1563406,1.054049,0.1582907,-0.4891994,0.2479953,0.362308,2.064062,0.2967889,0.05355072,0.9534404,-0.2058252,0.9785463,0.009108879,-0.9324979,-0.1989455,0.3014438,moving,-64.43553,-3.190086,6.851197,9.955793
05/11/2023 13:09:59.397752,2860,True,True,True,True,Eyes,1.797124,0.1754013,-1.868847,-0.9019947,-0.02444413,0.4310545,0.0,0.0,0.0,0.0,0.0,0.0,0.0,1.269218,0.2471179,2.266253,1.804883,0.1758869,-1.875991,0.07111704,-0.5915779,0.08102073,0.7990079,12.09342,287.2497,2.657109,0.6982008,0.06151738,-0.7132494,-0.5738586,0.01055363,0.4726272,1.032825,0.1529869,-0.4885333,0.2512546,0.3643746,2.064327,0.2869424,0.04532985,0.9568747,-0.213615,0.976756,0.01778602,-0.933827,-0.2095063,0.2899558,moving,-64.45731,-3.245638,6.939484,10.01018
05/11/2023 13:09:59.408045,2861,True,True,True,True,Eyes,1.796306,0.1755065,-1.86831,-0.9022824,-0.02495145,0.4304228,0.0,0.0,0.0,0.0,0.0,0.0,0.0,1.28878,0.2689984,2.238601,1.794579,0.1768913,-1.868915,0.07634222,-0.5954196,0.08142295,0.7956241,12.61749,286.631,2.270044,0.6971703,0.06246328,-0.714175,-0.539427,0.009920413,0.4442696,1.009907,0.1547155,-0.4899656,0.2545906,0.36649,2.064598,0.2776918,0.03865281,0.9598923,-0.2204754,0.9750844,0.02451778,-0.9350283,-0.218441,0.2792948,moving,-64.49709,-3.317703,7.029793,10.06581
05/11/2023 13:09:59.427942,2862,True,True,True,True,Eyes,1.795076,0.1756849,-1.867547,-0.9027456,-0.02527884,0.4294313,0.0,0.0,0.0,0.0,0.0,0.0,0.0,1.307604,0.2806597,2.212361,1.784068,0.1787335,-1.862336,0.07972,-0.5991672,0.08223768,0.7923892,12.99622,286.0435,2.046584,0.6963425,0.06322011,-0.7149161,-0.5070614,0.009325188,0.4176134,0.9864675,0.1331815,-0.4935585,0.2577104,0.3684682,2.064853,0.2684715,0.03479728,0.962659,-0.2258597,0.9737633,0.0277903,-0.936435,-0.2248867,0.269287,moving,-64.55981,-3.368877,7.114192,10.1178
05/11/2023 13:09:59.437665,2863,True,True,True,True,Eyes,1.79345,0.1759154,-1.866586,-0.9034993,-0.02498359,0.4278607,0.0,0.0,0.0,0.0,0.0,0.0,0.0,1.327694,0.2637826,2.188352,1.773034,0.1806317,-1.85606,0.07779364,-0.6035194,0.08124086,0.7893748,12.76058,285.4261,2.0189,0.6956709,0.06383213,-0.7155156,-0.4766377,0.008765676,0.3925566,0.9611647,0.1310456,-0.4970565,0.2608135,0.3704357,2.065104,0.2583286,0.03435903,0.965446,-0.2221589,0.9746962,0.0247558,-0.9401659,-0.2208775,0.259425,moving,-64.65966,-3.341813,7.198092,10.16949
05/11/2023 13:09:59.458106,2864,True,True,True,True,Eyes,1.791432,0.1761838,-1.865443,-0.9044369,-0.02430757,0.4259142,0.0,0.0,0.0,0.0,0.0,0.0,0.0,1.349065,0.2352149,2.164669,1.761989,0.1819824,-1.850235,0.07351729,-0.6082425,0.07963783,0.7863169,12.26855,284.7794,2.100094,0.6951181,0.06433386,-0.7160079,-0.4480394,0.008239736,0.3690032,0.9351831,0.1493321,-0.5012711,0.2640945,0.3725162,2.065372,0.2473977,0.03580847,0.9682522,-0.2146738,0.9765061,0.01873754,-0.9448332,-0.212494,0.2492725,moving,-64.78349,-3.266413,7.286743,10.22411
05/11/2023 13:09:59.478132,2865,True,True,True,True,Eyes,1.789025,0.1764748,-1.864201,-0.9069457,-0.02274167,0.4206332,0.0,0.0,0.0,0.0,0.0,0.0,0.0,1.371367,0.2040201,2.139802,1.750673,0.1830657,-1.844629,0.06866278,-0.6131855,0.07787749,0.7830863,11.71505,284.1023,2.21027,0.6946551,0.0647509,-0.7164198,-0.4211571,0.007745352,0.346863,0.9083581,0.1636008,-0.5071502,0.2672712,0.3745304,2.06563,0.2358775,0.03776354,0.9710487,-0.2061756,0.9784411,0.01203109,-0.9496596,-0.2030445,0.2385781,moving,-65.11855,-3.094701,7.372522,10.27696
05/11/2023 13:09:59.497544,2866,True,True,True,True,Eyes,1.786262,0.1767546,-1.862832,-0.9095276,-0.0211651,0.4151042,0.0,0.0,0.0,0.0,0.0,0.0,0.0,1.393777,0.1782246,2.113786,1.739249,0.1834938,-1.839514,0.06470685,-0.6180701,0.07597975,0.7797626,11.235,283.4179,2.249891,0.6942565,0.06510348,-0.7167745,-0.3958876,0.007280631,0.3260512,0.879412,0.1864934,-0.5145147,0.2705591,0.3766156,2.065898,0.2244331,0.0385056,0.9737285,-0.1984791,0.9800802,0.006990347,-0.9540629,-0.1948336,0.227605,moving,-65.46826,-2.918838,7.461246,10.33163
05/11/2023 13:09:59.507944,2867,True,True,True,True,Eyes,1.783154,0.1770221,-1.861384,-0.9121524,-0.01992026,0.4093668,0.0,0.0,0.0,0.0,0.0,0.0,0.0,1.417436,0.1677911,2.085598,1.728021,0.1834917,-1.835014,0.06352621,-0.6228989,0.07580178,0.7760254,11.12964,282.7126,2.249179,0.6938826,0.0654252,-0.7171074,-0.3721344,0.006843793,0.3064882,0.8491605,0.2042628,-0.5239866,0.2737336,0.3786281,2.066156,0.2125021,0.03850741,0.9764016,-0.196789,0.980437,0.004162201,-0.9571399,-0.1930296,0.2159228,moving,-65.82983,-2.785881,7.54685,10.38437
05/11/2023 13:09:59.527752,2868,True,True,True,True,Eyes,1.779727,0.1772763,-1.859851,-0.9148774,-0.01874209,0.4032966,0.0,0.0,0.0,0.0,0.0,0.0,0.0,1.443148,0.163196,2.055392,1.716805,0.1836592,-1.831064,0.0634316,-0.6279367,0.07739677,0.7718042,11.25139,281.9659,2.326178,0.6935101,0.06573393,-0.7174396,-0.3498063,0.006433165,0.2880989,0.8203224,0.2138176,-0.5331214,0.2767648,0.3805503,2.066402,0.1994104,0.03980824,0.9791071,-0.1991324,0.9799724,0.0007129999,-0.9594696,-0.1951141,0.2033439,moving,-66.21114,-2.660748,7.628543,10.43472
05/11/2023 13:09:59.547854,2869,True,True,True,True,Eyes,1.775987,0.1775334,-1.858269,-0.917625,-0.01794463,0.3970421,0.0,0.0,0.0,0.0,0.0,0.0,0.0,1.471391,0.1524637,2.023476,1.705773,0.1835896,-1.827381,0.06212209,-0.6335551,0.07922822,0.7671193,11.28567,281.1416,2.503714,0.6931344,0.06603076,-0.7177755,-0.3288179,0.006047175,0.2708129,0.7948285,0.2037899,-0.5404293,0.2799078,0.3825433,2.066658,0.1846618,0.04283945,0.9818682,-0.2002705,0.9797274,-0.005080775,-0.9621809,-0.1957009,0.1894977,moving,-66.60261,-2.587766,7.713197,10.48689
05/11/2023 13:09:59.558000,2870,True,True,True,True,Eyes,1.771934,0.1777815,-1.856625,-0.9204485,-0.01728571,0.3904813,0.0,0.0,0.0,0.0,0.0,0.0,0.0,1.500311,0.1506004,1.989614,1.694695,0.1840871,-1.823815,0.06269047,-0.6391978,0.08223856,0.7620584,11.57679,280.2897,2.644367,0.6927506,0.06631753,-0.7181197,-0.3090889,0.005684345,0.2545642,0.7709846,0.1962517,-0.545853,0.2832671,0.3846734,2.066931,0.1693261,0.04519797,0.9845231,-0.2054844,0.9786134,-0.009585817,-0.9639008,-0.200681,0.1749923,moving,-67.01192,-2.534698,7.803614,10.54261
05/11/2023 13:09:59.578121,2871,True,True,True,True,Eyes,1.767612,0.1779968,-1.854911,-0.9232437,-0.01693531,0.3838414,0.0,0.0,0.0,0.0,0.0,0.0,0.0,1.527762,0.1459353,1.956073,1.683209,0.1841383,-1.820569,0.06272174,-0.6446664,0.08405464,0.7572359,11.73379,279.4611,2.717992,0.6923537,0.06659589,-0.7184768,-0.2905435,0.005343284,0.2392903,0.7480327,0.1938458,-0.551608,0.2864581,0.3866968,2.067191,0.1546803,0.0464292,0.9868731,-0.2081676,0.9780016,-0.01338408,-0.9657849,-0.2033647,0.1609427,moving,-67.42475,-2.526285,7.889439,10.59551
05/11/2023 13:09:59.598120,2872,True,True,True,True,Eyes,1.76302,0.1781898,-1.853177,-0.9260806,-0.01697293,0.3769438,0.0,0.0,0.0,0.0,0.0,0.0,0.0,1.553796,0.1492426,1.923147,1.672371,0.1836074,-1.817832,0.06422152,-0.6497468,0.08620734,0.7525113,12.04505,278.6691,2.712855,0.6919414,0.06686586,-0.7188489,-0.2731109,0.005022687,0.2249329,0.7262142,0.1825307,-0.5568185,0.289748,0.388783,2.067459,0.1407949,0.04628852,0.9889563,-0.2131994,0.9768878,-0.01537105,-0.9668108,-0.2086807,0.1474095,moving,-67.85213,-2.578158,7.977866,10.65003
05/11/2023 13:09:59.608200,2873,True,True,True,True,Eyes,1.758156,0.17838,-1.851426,-0.9288542,-0.01711516,0.37005,0.0,0.0,0.0,0.0,0.0,0.0,0.0,1.579697,0.1591556,1.88916,1.661351,0.1833521,-1.815487,0.06714136,-0.6546311,0.08969195,0.7475998,12.58102,277.8855,2.713304,0.6915087,0.06712876,-0.7192409,-0.2567243,0.004721326,0.2114369,0.7049598,0.1788567,-0.5614982,0.2928703,0.3907623,2.067712,0.1268269,0.04620173,0.9908482,-0.222013,0.9748948,-0.01704054,-0.9667601,-0.21782,0.1339003,moving,-68.27796,-2.648098,8.061735,10.70171
05/11/2023 13:09:59.627789,2874,True,True,True,True,Eyes,1.753036,0.1785404,-1.849679,-0.9316641,-0.01733155,0.3629073,0.0,0.0,0.0,0.0,0.0,0.0,0.0,1.605353,0.1562782,1.855533,1.649999,0.1835036,-1.813399,0.0676879,-0.6597841,0.0910125,0.742846,12.74783,277.0794,2.697201,0.691053,0.06738509,-0.7196547,-0.2413208,0.004438046,0.1987507,0.6853994,0.1721293,-0.5653045,0.2960661,0.3927892,2.067972,0.1128033,0.04589771,0.9925567,-0.2245353,0.9742702,-0.01953385,-0.9679149,-0.2206605,0.1202065,moving,-68.7178,-2.734227,8.147518,10.75461
05/11/2023 13:09:59.647950,2875,True,True,True,True,Eyes,1.747661,0.1786731,-1.847917,-0.9343736,-0.01745001,0.3558673,0.0,0.0,0.0,0.0,0.0,0.0,0.0,1.630106,0.153125,1.822204,1.638784,0.1829706,-1.811637,0.06805809,-0.6648236,0.09178666,0.7382094,12.85745,276.2866,2.64687,0.6905699,0.06763563,-0.7200949,-0.2268416,0.004171764,0.1868257,0.6668795,0.1660996,-0.5678584,0.299489,0.3949595,2.068251,0.09916952,0.04502229,0.9940516,-0.2260088,0.9738866,-0.02156164,-0.9690644,-0.2225261,0.1067553,moving,-69.15007,-2.807259,8.239335,10.81121
05/11/2023 13:09:59.658415,2876,True,True,True,True,Eyes,1.742034,0.1787641,-1.846178,-0.9370929,-0.01747364,0.3486425,0.0,0.0,0.0,0.0,0.0,0.0,0.0,1.652833,0.1479067,1.789974,1.627267,0.1823941,-1.810104,0.06798782,-0.6695077,0.09279313,0.7338437,12.94622,275.5511,2.655595,0.6900588,0.06787942,-0.7205618,-0.2132311,0.003921458,0.1756161,0.6473993,0.1674775,-0.571623,0.3024587,0.3968424,2.068493,0.08629753,0.04515456,0.9952457,-0.2272281,0.9735342,-0.02446658,-0.9700105,-0.2240363,0.09427396,moving,-69.59244,-2.869211,8.318936,10.86029
05/11/2023 13:09:59.677680,2877,True,True,True,True,Eyes,1.736165,0.178798,-1.844483,-0.9396788,-0.01733496,0.3416186,0.0,0.0,0.0,0.0,0.0,0.0,0.0,1.67318,0.1348534,1.759936,1.615667,0.1814571,-1.808807,0.06619578,-0.6739107,0.09295572,0.7299465,12.82221,274.8787,2.732563,0.6895148,0.06811687,-0.7210602,-0.2004372,0.00368617,0.1650791,0.6263738,0.1702273,-0.5769012,0.3056812,0.3988858,2.068755,0.07440733,0.04648531,0.996144,-0.2249255,0.9739547,-0.02864893,-0.9715309,-0.2219264,0.0829251,moving,-70.02135,-2.904903,8.40526,10.91352
05/11/2023 13:09:59.688257,2878,True,True,True,True,Eyes,1.583476,0.1785549,-1.803194,-0.987339,-0.01455016,0.1579555,0.0,0.0,0.0,0.0,0.0,0.0,0.0,1.691336,0.1262111,1.731121,1.604073,0.1801306,-1.807714,0.06518009,-0.6778176,0.09336568,0.7263592,12.78294,274.2711,2.778505,0.6889359,0.06834625,-0.7215915,-0.188411,0.003465,0.1551744,0.6040788,0.1766948,-0.5831535,0.3086999,0.4007999,2.069,0.06369225,0.04727361,0.9968492,-0.2239944,0.9740688,-0.03188151,-0.9725069,-0.2212581,0.07262963,moving,-80.91078,-5.26298,8.486072,10.96336
05/11/2023 13:09:59.707686,2879,True,True,True,True,Eyes,1.582983,0.1785327,-1.803159,-0.9873431,-0.01437218,0.1579462,0.0,0.0,0.0,0.0,0.0,0.0,0.0,1.70742,0.1213282,1.703726,1.592263,0.1790801,-1.807018,0.06496164,-0.6811956,0.09406461,0.7231213,12.83259,273.7344,2.794553,0.684522,0.06924612,-0.7256948,-0.6351747,0.002527584,0.2697316,0.579357,0.1837709,-0.5932946,0.3087,0.4008,2.069,0.05424874,0.04753708,0.9973954,-0.2245434,0.9738637,-0.0342025,-0.972953,-0.2221031,0.06350498,static,-80.91135,-5.199264,8.486073,10.96336
05/11/2023 13:09:59.727902,2880,True,True,True,True,Eyes,1.582015,0.1784455,-1.803128,-0.987399,-0.0139414,0.1576353,0.0,0.0,0.0,0.0,0.0,0.0,0.0,1.721117,0.108723,1.678606,1.579951,0.1784616,-1.806569,0.0631654,-0.6842455,0.09384392,0.7204247,12.67593,273.2692,2.865532,0.6809253,0.06996309,-0.7290022,-0.5970642,0.002375929,0.2535477,0.5537663,0.188246,-0.6046703,0.3087001,0.4007999,2.069,0.04600281,0.04877366,0.99775,-0.2216562,0.974407,-0.03741276,-0.9740393,-0.2194364,0.05563642,static,-80.92944,-5.05414,8.486075,10.96336
05/11/2023 13:09:59.747546,2881,True,True,True,True,Eyes,1.580592,0.1782802,-1.803142,-0.9874609,-0.0134489,0.1572897,0.0,0.0,0.0,0.0,0.0,0.0,0.0,1.733491,0.09144203,1.655023,1.567635,0.176751,-1.806581,0.06006385,-0.6871232,0.09235235,0.71814,12.30897,272.8459,2.939424,0.6779769,0.07053353,-0.7316903,-0.5612403,0.002233373,0.2383348,0.5273551,0.1895673,-0.6170648,0.3087,0.4007999,2.069,0.03866553,0.0501013,0.9979954,-0.2151864,0.9757267,-0.04064635,-0.9758073,-0.2131834,0.04850806,static,-80.94956,-4.887134,8.486075,10.96336
05/11/2023 13:09:59.757650,2882,True,True,True,True,Eyes,1.578725,0.1780476,-1.803209,-0.9875696,-0.01297977,0.1566457,0.0,0.0,0.0,0.0,0.0,0.0,0.0,1.747587,0.0854433,1.629727,1.555303,0.1746865,-1.807729,0.05931938,-0.689905,0.09247366,0.7155146,12.26795,272.4062,2.961377,0.6755395,0.07098505,-0.7338979,-0.5275659,0.002099371,0.2240347,0.5011712,0.1910331,-0.6292642,0.3087001,0.4007999,2.069,0.03095941,0.05048303,0.9982451,-0.214182,0.9758596,-0.04270832,-0.9763031,-0.2124838,0.04102461,static,-80.98698,-4.736747,8.486076,10.96336
05/11/2023 13:09:59.777580,2883,True,True,True,True,Eyes,1.576437,0.1777382,-1.803322,-0.9876845,-0.01257677,0.155952,0.0,0.0,0.0,0.0,0.0,0.0,0.0,1.761949,0.0812747,1.603631,1.542816,0.1728402,-1.809018,0.05902676,-0.6927302,0.09268608,0.7127763,12.27234,271.9518,2.953595,0.6735019,0.07133952,-0.735734,-0.495912,0.001973408,0.2105927,0.4754269,0.1895698,-0.6412257,0.3087,0.4008,2.069,0.02306829,0.05034965,0.9984652,-0.2139081,0.9758503,-0.04426714,-0.9765815,-0.2125586,0.03328139,static,-81.02728,-4.610646,8.486073,10.96336
05/11/2023 13:09:59.787975,2884,True,True,True,True,Eyes,1.573737,0.1773577,-1.803504,-0.9878372,-0.0122661,0.155007,2.167429,-0.567331,0.1507718,-1.467537,0.2615262,0.96109,-0.08893882,0.3081578,0.4141047,2.062052,1.530467,0.1707057,-1.810098,0.05879476,-0.6953137,0.09324586,0.7102023,12.30893,271.5345,2.973713,0.6717733,0.07161386,-0.7372862,-0.4661572,0.001855004,0.1979571,0.4486614,0.1882577,-0.6543693,0.3087,0.4007999,2.069,0.01568822,0.05068524,0.9985915,-0.2142084,0.9756968,-0.04615789,-0.976662,-0.2131826,0.02616411,static,-81.08212,-4.524532,8.486074,10.96336
05/11/2023 13:09:59.808136,2885,True,True,True,True,Eyes,1.570634,0.1769149,-1.803723,-0.9880104,-0.01199062,0.153921,0.0,0.0,0.0,0.0,0.0,0.0,0.0,1.787732,0.0752068,1.553594,1.517889,0.1686336,-1.811869,0.05885056,-0.6977137,0.09449935,0.7076737,12.42497,271.1421,3.030407,0.6701784,0.07184336,-0.7387139,-0.4381878,0.001743703,0.1860797,0.4209541,0.1855047,-0.6691755,0.3086999,0.4008,2.069,0.008530972,0.05162774,0.99863,-0.2158711,0.975213,-0.04857299,-0.9763846,-0.215161,0.0194645,static,-81.14513,-4.454407,8.486072,10.96336
05/11/2023 13:09:59.828043,2886,True,True,True,True,Eyes,1.567143,0.1764146,-1.804028,-0.9882123,-0.01169021,0.1526427,0.0,0.0,0.0,0.0,0.0,0.0,0.0,1.799737,0.07010812,1.529301,1.505173,0.1666714,-1.813671,0.05833108,-0.7000498,0.09502213,0.7053359,12.43468,270.766,3.074469,0.668664,0.07203718,-0.7400661,-0.4118965,0.001639081,0.1749149,0.3925965,0.1822224,-0.6848003,0.3087001,0.4008,2.069,0.001802226,0.05237572,0.9986259,-0.2157143,0.9751365,-0.05075445,-0.9764549,-0.2153264,0.01305562,static,-81.21929,-4.379476,8.486074,10.96336
05/11/2023 13:09:59.837821,2887,True,True,True,True,Eyes,1.563266,0.1758489,-1.804401,-0.988434,-0.01132777,0.151228,0.0,0.0,0.0,0.0,0.0,0.0,0.0,1.81096,0.06471989,1.506134,1.492373,0.1647816,-1.816005,0.05768856,-0.7021695,0.0949285,0.7032913,12.38359,270.4259,3.081781,0.6672114,0.07219709,-0.7413605,-0.3871827,0.001540736,0.16442,0.3640319,0.178478,-0.7011406,0.3087,0.4008,2.069,-0.004106876,0.05251048,0.998612,-0.2145391,0.9753212,-0.05216807,-0.9767068,-0.2144555,0.00726005,static,-81.30134,-4.283755,8.486073,10.96336
05/11/2023 13:09:59.858023,2888,True,True,True,True,Eyes,1.559023,0.1752202,-1.804884,-0.9886783,-0.0108939,0.1496547,0.0,0.0,0.0,0.0,0.0,0.0,0.0,1.820989,0.05705335,1.483995,1.479289,0.1625909,-1.818451,0.05647248,-0.7040684,0.09487129,0.701497,12.2878,270.1288,3.143631,0.6658038,0.07232435,-0.7426124,-0.3639518,0.001448292,0.1545548,0.3367979,0.1696502,-0.7161775,0.3087,0.4008,2.069,-0.009425746,0.05358288,0.998519,-0.2126248,0.9756206,-0.0543612,-0.9770885,-0.2128223,0.00219713,static,-81.39257,-4.163422,8.486073,10.96336
05/11/2023 13:09:59.877753,2889,True,True,True,True,Eyes,1.554432,0.1745462,-1.805465,-0.9889407,-0.01050212,0.1479389,0.0,0.0,0.0,0.0,0.0,0.0,0.0,1.831336,0.04807032,1.462046,1.466288,0.1604222,-1.821521,0.05497588,-0.7059572,0.09486865,0.6997157,12.17401,269.8361,3.233742,0.6644261,0.07242008,-0.743836,-0.3421147,0.001361395,0.1452815,0.3104861,0.1623001,-0.7302966,0.3087001,0.4007999,2.069,-0.01475143,0.05514092,0.9983698,-0.2103834,0.9759552,-0.05701145,-0.9775078,-0.2108814,-0.002796002,static,-81.49203,-4.060591,8.486076,10.96336
05/11/2023 13:09:59.894510,2890,True,True,True,True,Eyes,1.549492,0.173842,-1.806169,-0.9892186,-0.01011772,0.1460962,0.0,0.0,0.0,0.0,0.0,0.0,0.0,1.842175,0.04345986,1.439414,1.453389,0.1586238,-1.824803,0.05458329,-0.7078279,0.09559756,0.6977547,12.21055,269.5311,3.292624,0.6630647,0.07248596,-0.7450434,-0.3215878,0.001279711,0.1365646,0.2845224,0.158239,-0.7443252,0.3087001,0.4008,2.069,-0.02031844,0.05613614,0.9982165,-0.2106784,0.9757635,-0.05916176,-0.9773443,-0.2115047,-0.007999379,static,-81.59881,-3.961628,8.486078,10.96336
05/11/2023 13:09:59.908108,2891,True,True,True,True,Eyes,1.41776,0.1554925,-1.826815,-0.9952967,0.0007944092,0.09687076,0.0,0.0,0.0,0.0,0.0,0.0,0.0,1.85234,0.03859466,1.417391,1.440113,0.1571896,-1.82839,0.05415221,-0.7095336,0.09581029,0.6960246,12.20111,269.2531,3.315456,0.6617067,0.07252409,-0.7462459,-0.3022925,0.001202928,0.1283707,0.2580186,0.1551787,-0.7592877,0.3086998,0.4008,2.069,-0.02523492,0.05652701,0.9980823,-0.2102182,0.9757758,-0.06057871,-0.9773289,-0.2113438,-0.01274061,static,-84.44099,0.4698557,8.486066,10.96336
05/11/2023 13:09:59.928009,2892,True,True,True,True,Eyes,1.417243,0.1554452,-1.826976,-0.99531,0.0007593542,0.09673406,0.0,0.0,0.0,0.0,0.0,0.0,0.0,1.861365,0.03222427,1.396913,1.426959,0.1557155,-1.832109,0.05331018,-0.7110085,0.09576006,0.6945899,12.13582,269.0183,3.355321,0.6544972,0.07186617,-0.7526402,-0.6793509,-0.05391752,0.05873163,0.2311817,0.1564166,-0.7745942,0.3087002,0.4008,2.069,-0.02940618,0.05721995,0.9979284,-0.2088359,0.9759761,-0.06211502,-0.9775085,-0.2102298,-0.01675015,static,-84.44886,0.4497578,8.486079,10.96336
05/11/2023 13:09:59.938416,2893,True,True,True,True,Eyes,1.41621,0.1554022,-1.827275,-0.9953386,0.0006118208,0.09644023,0.0,0.0,0.0,0.0,0.0,0.0,0.0,1.869696,0.02953967,1.377701,1.414036,0.1545399,-1.836114,0.05336256,-0.7121608,0.09627583,0.6933329,12.18822,268.8252,3.372249,0.6486401,0.07130564,-0.7577468,-0.6385898,-0.05068247,0.05520774,0.2048286,0.1572804,-0.7893304,0.3087002,0.4008,2.069,-0.03288398,0.05749695,0.997804,-0.2095078,0.9757668,-0.06313172,-0.9772539,-0.2111238,-0.020041,static,-84.46578,0.3634819,8.486078,10.96336
05/11/2023 13:09:59.958067,2894,True,True,True,True,Eyes,1.414665,0.1554163,-1.827748,-0.9953741,0.0005709991,0.0960734,0.0,0.0,0.0,0.0,0.0,0.0,0.0,1.876807,0.02839442,1.360023,1.40069,0.1545503,-1.840396,0.05398615,-0.71292,0.09683003,0.6924266,12.28807,268.69,3.351369,0.6438623,0.07082808,-0.7618552,-0.6002744,-0.04764152,0.05189527,0.1790273,0.1647795,-0.8036457,0.3087002,0.4008,2.069,-0.03526176,0.05711976,0.9977444,-0.211071,0.9754189,-0.06330121,-0.9768345,-0.212827,-0.02233861,static,-84.48689,0.3405257,8.486079,10.96336
05/11/2023 13:09:59.978039,2895,True,True,True,True,Eyes,1.412624,0.1555141,-1.828407,-0.995426,0.0008668139,0.09553137,0.0,0.0,0.0,0.0,0.0,0.0,0.0,1.882945,0.01617819,1.34386,1.386851,0.1559019,-1.845005,0.05238394,-0.7136284,0.09674554,0.6918315,12.15532,268.5921,3.465828,0.6399388,0.07042342,-0.7651912,-0.5642579,-0.04478303,0.04878156,0.1547175,0.1626237,-0.8165433,0.3087001,0.4008,2.069,-0.03725025,0.05909787,0.9975569,-0.2086285,0.9757924,-0.06559901,-0.9772853,-0.2105624,-0.02401909,static,-84.5181,0.519865,8.486075,10.96336
05/11/2023 13:09:59.997857,2896,True,True,True,True,Eyes,1.410115,0.1557368,-1.829222,-0.9954969,0.001233754,0.09478671,2.153309,-0.7334973,0.1583934,-1.625117,0.7722769,0.6347912,-0.02506985,0.3084691,0.4078018,2.05574,1.372945,0.1579435,-1.849673,0.0478458,-0.71475,0.09590039,0.6911197,11.72555,268.46,3.757236,0.6366853,0.0700843,-0.7679316,-0.5304024,-0.04209605,0.04585466,0.129956,0.1619191,-0.8297645,0.3087,0.4007999,2.069,-0.04012875,0.06416172,0.9971324,-0.2009529,0.9770278,-0.07095524,-0.9787787,-0.2032239,-0.02631341,static,-84.56095,0.7457256,8.486073,10.96336
05/11/2023 13:10:00.007889,2897,True,True,True,True,Eyes,1.407137,0.156127,-1.830155,-0.9955928,0.001625988,0.09376802,0.0,0.0,0.0,0.0,0.0,0.0,0.0,1.898398,-0.03093697,1.306325,1.35921,0.1611166,-1.85417,0.04502843,-0.7164392,0.09750777,0.6893328,11.642,268.2082,4.093182,0.6339509,0.06980647,-0.7702157,-0.4985783,-0.03957029,0.04310338,0.1043181,0.1684111,-0.845026,0.3086998,0.4008,2.069,-0.0455857,0.06991034,0.9965112,-0.1989508,0.9769293,-0.07763765,-0.9789487,-0.2017959,-0.03062529,static,-84.61958,0.99344,8.48607,10.96336
05/11/2023 13:10:00.028249,2898,True,True,True,True,Eyes,1.40374,0.1566253,-1.831208,-0.9957014,0.00212183,0.09259665,0.0,0.0,0.0,0.0,0.0,0.0,0.0,1.907675,-0.04954045,1.284001,1.34506,0.1654332,-1.858435,0.04292834,-0.7182897,0.09816612,0.6874452,11.5396,267.9198,4.290296,0.6314007,0.06957676,-0.7723284,-0.4686636,-0.03719607,0.04051718,0.07899952,0.1643331,-0.8604373,0.3087,0.4008,2.069,-0.05115305,0.07329769,0.9959976,-0.1966376,0.9770412,-0.08200166,-0.9791412,-0.2000452,-0.03556555,static,-84.68698,1.312689,8.486072,10.96336
05/11/2023 13:10:00.043866,2899,True,True,True,True,Eyes,1.399968,0.1571851,-1.832395,-0.9958193,0.002418013,0.09131311,0.0,0.0,0.0,0.0,0.0,0.0,0.0,1.915861,-0.06395127,1.263019,1.331634,0.1684907,-1.862309,0.04121048,-0.7199512,0.09772829,0.6858726,11.37616,267.6583,4.37113,0.6289865,0.06939468,-0.7743123,-0.4405438,-0.03496431,0.03808615,0.05436619,0.1710967,-0.8735306,0.3087,0.4008,2.069,-0.05576116,0.07471924,0.9956444,-0.1933974,0.9775017,-0.08418891,-0.9795347,-0.1972495,-0.04005613,static,-84.76083,1.516864,8.486073,10.96336
05/11/2023 13:10:00.062458,2900,True,True,True,True,Eyes,1.395859,0.1577717,-1.833683,-0.9959464,0.002514242,0.08991345,0.0,0.0,0.0,0.0,0.0,0.0,0.0,1.923644,-0.06920205,1.24349,1.31886,0.1705783,-1.866272,0.04142749,-0.7212294,0.09828996,0.684435,11.44856,267.4401,4.376322,0.626682,0.06925856,-0.7761908,-0.4141111,-0.03286645,0.03580098,0.03158943,0.1858884,-0.8842899,0.3086999,0.4007999,2.069,-0.05966517,0.07478873,0.9954128,-0.1943036,0.9772457,-0.08507036,-0.9791252,-0.198488,-0.04377577,static,-84.84136,1.601739,8.486072,10.96336
05/11/2023 13:10:00.083074,2901,True,True,True,True,Eyes,1.391456,0.1583633,-1.835087,-0.9960858,0.002253592,0.08836425,0.0,0.0,0.0,0.0,0.0,0.0,0.0,1.931969,-0.06907617,1.223329,1.306712,0.1718508,-1.869968,0.04289831,-0.7225623,0.100014,0.6826864,11.71858,267.1976,4.367311,0.6244656,0.06916542,-0.7779833,-0.3892645,-0.03089446,0.03365292,0.00982726,0.1868921,-0.8938413,0.3087,0.4007998,2.069,-0.06419802,0.07456297,0.9951478,-0.1985498,0.9763139,-0.08596043,-0.9779861,-0.2031048,-0.047873,static,-84.93048,1.460923,8.486074,10.96336
05/11/2023 13:10:00.097595,2902,True,True,True,True,Eyes,1.386777,0.1589846,-1.836562,-0.9962427,0.001605499,0.08658959,0.0,0.0,0.0,0.0,0.0,0.0,0.0,1.941804,-0.07076752,1.200879,1.295203,0.172676,-1.873593,0.04430111,-0.7243437,0.103441,0.680194,12.1294,266.8765,4.490232,0.6223177,0.0691115,-0.7797073,-0.3659086,-0.02904079,0.03163375,-0.01350125,0.1939174,-0.9054291,0.3086999,0.4007998,2.069,-0.07074757,0.07654136,0.9945534,-0.2048983,0.9746748,-0.08958691,-0.9762233,-0.2101203,-0.05327263,static,-85.03255,1.062227,8.486072,10.96336
05/11/2023 13:10:00.108041,2903,True,True,True,True,Eyes,1.262813,0.176079,-1.874511,-0.9991516,-0.01972112,0.03615506,0.0,0.0,0.0,0.0,0.0,0.0,0.0,1.952327,-0.07126236,1.176511,1.28397,0.1740884,-1.876686,0.04649045,-0.7264037,0.1082068,0.6771024,12.7185,266.4943,4.644866,0.6202224,0.06909453,-0.7813765,-0.3439541,-0.02729835,0.02973572,-0.03738508,0.1956715,-0.9199479,0.3087,0.4008,2.069,-0.0787419,0.07899249,0.9937604,-0.2140758,0.9722599,-0.09424604,-0.9736381,-0.2201612,-0.05964724,static,-87.92761,-28.61068,8.486073,10.96336
05/11/2023 13:10:00.127778,2904,True,True,True,True,Eyes,1.262344,0.1761606,-1.874627,-0.9991616,-0.01964053,0.03592169,0.0,0.0,0.0,0.0,0.0,0.0,0.0,1.962269,-0.07604086,1.151751,1.27234,0.176261,-1.8796,0.04739696,-0.7286613,0.1103033,0.6742696,12.98313,266.0934,4.690079,0.6106176,0.07034239,-0.7887948,-0.6952087,0.02562268,-0.08589604,-0.0606705,0.1840341,-0.9339505,0.3087001,0.4008,2.069,-0.08622816,0.07967567,0.9930843,-0.217821,0.9711734,-0.09683087,-0.9721721,-0.2246642,-0.06638757,static,-87.941,-28.66806,8.486074,10.96336
05/11/2023 13:10:00.137596,2905,True,True,True,True,Eyes,1.261437,0.1763069,-1.874856,-0.999185,-0.019135,0.03554245,0.0,0.0,0.0,0.0,0.0,0.0,0.0,1.970501,-0.08367123,1.129042,1.260638,0.1782891,-1.882449,0.0468537,-0.7307523,0.1091688,0.6722262,12.85845,265.7419,4.606341,0.6028691,0.07135667,-0.7946422,-0.6534961,0.02408531,-0.08074228,-0.08341433,0.1803537,-0.9480777,0.3087,0.4008,2.069,-0.09183336,0.07829533,0.9926916,-0.2152491,0.9717739,-0.09655809,-0.9722317,-0.2225432,-0.07238821,static,-87.96277,-28.2967,8.486073,10.96336
05/11/2023 13:10:00.157964,2906,True,True,True,True,Eyes,1.2601,0.1764592,-1.875176,-0.9992234,-0.0181115,0.0349957,0.0,0.0,0.0,0.0,0.0,0.0,0.0,1.976899,-0.09320892,1.108402,1.249184,0.1799601,-1.884815,0.04501526,-0.7326805,0.1051787,0.6708878,12.38766,265.4375,4.413511,0.5966104,0.07218872,-0.7992771,-0.6142864,0.0226402,-0.07589774,-0.1050283,0.1723225,-0.9617753,0.3086998,0.4007999,2.069,-0.09576646,0.07516256,0.9925621,-0.2070898,0.9738221,-0.09372433,-0.9736235,-0.2145251,-0.07769416,static,-87.99416,-27.36315,8.486071,10.96336
05/11/2023 13:10:00.177731,2907,True,True,True,True,Eyes,1.258385,0.1766125,-1.875582,-0.9992668,-0.01695037,0.03432997,0.0,0.0,0.0,0.0,0.0,0.0,0.0,1.982653,-0.108513,1.087695,1.237567,0.1801708,-1.887256,0.04103159,-0.734692,0.09941001,0.6698224,11.59773,265.1447,4.266861,0.5915398,0.07287645,-0.8029749,-0.5774292,0.02128178,-0.07134388,-0.1242425,0.1478954,-0.9735571,0.3086998,0.4008,2.069,-0.09930912,0.07288294,0.9923841,-0.1934652,0.9768681,-0.0911037,-0.9760682,-0.2010392,-0.0829116,static,-88.03237,-26.27778,8.486067,10.96336
05/11/2023 13:10:00.188574,2908,True,True,True,True,Eyes,1.256284,0.1767786,-1.876056,-0.9993164,-0.01564678,0.03349419,0.0,0.0,0.0,0.0,0.0,0.0,0.0,1.988073,-0.1158581,1.068335,1.226759,0.1803224,-1.889377,0.03954811,-0.7363105,0.09704109,0.6684803,11.29024,264.8847,4.181243,0.587411,0.07344946,-0.8059481,-0.5427834,0.02000488,-0.06706324,-0.1426368,0.1276827,-0.9849091,0.3087,0.4007999,2.068999,-0.1031401,0.07150073,0.9920936,-0.1879795,0.978038,-0.09003047,-0.9767424,-0.195779,-0.08743433,static,-88.08033,-25.03959,8.486074,10.96336
05/11/2023 13:10:00.207940,2909,True,True,True,True,Eyes,1.253823,0.1769466,-1.876548,-0.9993693,-0.01430325,0.03250586,0.0,0.0,0.0,0.0,0.0,0.0,0.0,1.993229,-0.127529,1.047979,1.215401,0.1807178,-1.891461,0.03740119,-0.7380193,0.09573673,0.6669056,11.02266,264.6134,4.235238,0.584022,0.07393185,-0.8083635,-0.5102164,0.01880459,-0.06303944,-0.1610638,0.1144691,-0.9968703,0.3087,0.4008,2.069,-0.1076763,0.07248911,0.9915398,-0.1829003,0.9788713,-0.09142499,-0.9772172,-0.1911972,-0.09214287,static,-88.13703,-23.75048,8.486073,10.96336
05/11/2023 13:10:00.228111,2910,True,True,True,True,Eyes,1.251033,0.1771295,-1.877078,-0.9994189,-0.01318819,0.03143027,0.0,0.0,0.0,0.0,0.0,0.0,0.0,1.997334,-0.1391681,1.028721,1.204408,0.1808148,-1.893062,0.03499571,-0.7395978,0.09399697,0.6655338,10.69737,264.3665,4.281002,0.5810403,0.0743596,-0.8104704,-0.4796034,0.01767631,-0.05925708,-0.181464,0.1249009,-1.011355,0.3087002,0.4008,2.069,-0.1116803,0.07335082,0.9910335,-0.1768818,0.9798797,-0.09245822,-0.9778755,-0.1856215,-0.09645886,static,-88.19872,-22.763,8.486079,10.96336
05/11/2023 13:10:00.238405,2911,True,True,True,True,Eyes,1.247907,0.1773128,-1.87764,-0.9994653,-0.01235106,0.03027397,0.0,0.0,0.0,0.0,0.0,0.0,0.0,2.000713,-0.1395836,1.012178,1.193723,0.1813923,-1.894457,0.03616377,-0.740524,0.09584562,0.6641762,10.95221,264.1911,4.308394,0.5782556,0.0747558,-0.8124233,-0.4508272,0.01661573,-0.05570165,-0.2025398,0.14477,-1.02808,0.3087,0.4008,2.069,-0.1151242,0.07375651,0.9906091,-0.180877,0.9790116,-0.09391373,-0.9767445,-0.1899902,-0.09936702,static,-88.26503,-22.19429,8.486074,10.96336
05/11/2023 13:10:00.262847,2912,True,True,True,True,Eyes,1.244499,0.1774793,-1.87822,-0.9995095,-0.0116571,0.02906514,0.0,0.0,0.0,0.0,0.0,0.0,0.0,2.002689,-0.1473732,0.996527,1.182565,0.1815882,-1.895815,0.0350634,-0.7413647,0.09598711,0.6632763,10.88488,264.0555,4.400215,0.5756378,0.07512434,-0.8142463,-0.4237776,0.01561879,-0.05235955,-0.2239922,0.1667834,-1.046426,0.3086998,0.4007999,2.069,-0.1176703,0.0753424,0.9901904,-0.1793215,0.9791141,-0.09580947,-0.9767279,-0.1888364,-0.1017021,static,-88.33434,-21.85415,8.486071,10.96336
05/11/2023 13:10:00.278102,2913,True,True,True,True,Eyes,1.24082,0.1776332,-1.878844,-0.999548,-0.01149208,0.02778269,0.0,0.0,0.0,0.0,0.0,0.0,0.0,2.004453,-0.150433,0.9821913,1.172388,0.1813693,-1.89678,0.03533622,-0.7420393,0.09764133,0.6622655,11.05267,263.9324,4.493173,0.5731617,0.07546781,-0.8159593,-0.398351,0.01468166,-0.04921798,-0.2449755,0.185086,-1.065207,0.3087001,0.4008,2.069,-0.120312,0.07688724,0.9897543,-0.1817707,0.9784351,-0.09810347,-0.9759532,-0.1917113,-0.1037417,static,-88.40786,-22.47203,8.486074,10.96336
05/11/2023 13:10:00.287751,2914,True,True,True,True,Eyes,1.23687,0.1777875,-1.879467,-0.9995855,-0.01140663,0.02643223,0.0,0.0,0.0,0.0,0.0,0.0,0.0,2.006728,-0.1485599,0.9672003,1.162101,0.1813993,-1.897661,0.03742513,-0.7426767,0.1012453,0.6608936,11.52837,263.7931,4.579712,0.5708044,0.07578865,-0.8175805,-0.3744499,0.01380076,-0.0462649,-0.2655752,0.1889599,-1.085186,0.3087,0.4007999,2.069,-0.1236382,0.07823515,0.9892386,-0.1894142,0.9766975,-0.1009169,-0.9740821,-0.199853,-0.1059382,static,-88.48528,-23.34225,8.486073,10.96336
05/11/2023 13:10:00.308348,2915,True,True,True,True,Eyes,1.232662,0.17795,-1.88005,-0.9996208,-0.01163725,0.02495775,0.0,0.0,0.0,0.0,0.0,0.0,0.0,2.008394,-0.1527652,0.9515653,1.151641,0.1815763,-1.898213,0.03746771,-0.7435575,0.1024421,0.6597152,11.64102,263.6361,4.652651,0.5685457,0.07608972,-0.8191249,-0.3519829,0.01297272,-0.04348901,-0.2865915,0.1850299,-1.107809,0.3087002,0.4008,2.069,-0.1267441,0.07944641,0.9887488,-0.190884,0.9762036,-0.1029071,-0.9733957,-0.2017792,-0.1085629,static,-88.56979,-24.99861,8.48608,10.96336
05/11/2023 13:10:00.328055,2916,True,True,True,True,Eyes,1.228192,0.1781205,-1.880622,-0.9996546,-0.01185395,0.02345531,0.0,0.0,0.0,0.0,0.0,0.0,0.0,2.009966,-0.151971,0.9366665,1.141361,0.1819334,-1.898578,0.03893838,-0.7442516,0.1043838,0.6585421,11.92674,263.4945,4.661967,0.5663687,0.07637398,-0.8206052,-0.330864,0.01219435,-0.04087967,-0.308242,0.1845836,-1.134243,0.3087003,0.4008,2.069,-0.1296127,0.07952239,0.9883709,-0.1954422,0.9751756,-0.1040905,-0.9721128,-0.2066608,-0.1108531,static,-88.65589,-26.81133,8.48608,10.96336
05/11/2023 13:10:00.337710,2917,True,True,True,True,Eyes,1.110163,0.1823312,-1.894709,-0.9997212,-0.01371743,-0.01921784,0.0,0.0,0.0,0.0,0.0,0.0,0.0,2.011179,-0.1528864,0.921387,1.130586,0.1823041,-1.89887,0.03928185,-0.7450386,0.1038351,0.6577181,11.91117,263.3535,4.575518,0.5642572,0.07664406,-0.8220333,-0.3110121,0.01146269,-0.03842689,-0.3297033,0.175059,-1.161675,0.3086998,0.4008,2.069,-0.1317281,0.0780554,0.9882082,-0.1951214,0.9753504,-0.1030495,-0.9718928,-0.206395,-0.1132508,static,88.89873,35.51872,8.48607,10.96336
05/11/2023 13:10:00.358095,2918,True,True,True,True,Eyes,1.109725,0.1823304,-1.894711,-0.9997208,-0.01357164,-0.01934451,0.0,0.0,0.0,0.0,0.0,0.0,0.0,2.012518,-0.1560061,0.9051731,1.119839,0.1824358,-1.899101,0.03868627,-0.7460508,0.1020812,0.6568798,11.72064,263.1858,4.47436,0.5557673,0.07751841,-0.8277155,-0.6464362,0.02340702,-0.07838324,-0.3506834,0.1696925,-1.188295,0.3087,0.4008,2.069,-0.1340246,0.0763864,0.9880298,-0.1918341,0.9761655,-0.1014911,-0.9722332,-0.2031401,-0.1161767,static,88.89147,35.05257,8.486073,10.96336
05/11/2023 13:10:00.378118,2919,True,True,True,True,Eyes,1.108849,0.1823184,-1.894688,-0.9997184,-0.013176,-0.01973705,0.0,0.0,0.0,0.0,0.0,0.0,0.0,2.013781,-0.1609699,0.8878725,1.108885,0.1823882,-1.899119,0.0376455,-0.7472259,0.1004206,0.6558598,11.50504,262.9937,4.416818,0.5489022,0.07822008,-0.8322183,-0.60765,0.02200259,-0.07368024,-0.3699474,0.157673,-1.213712,0.3087,0.4008,2.069,-0.1368615,0.07546431,0.9877116,-0.1879831,0.976997,-0.1006934,-0.97259,-0.1994541,-0.1195272,static,88.86898,33.72615,8.486073,10.96336
05/11/2023 13:10:00.388041,2920,True,True,True,True,Eyes,1.107556,0.182294,-1.894651,-0.9997147,-0.01265323,-0.02025479,0.0,0.0,0.0,0.0,0.0,0.0,0.0,2.014932,-0.1681727,0.869391,1.097549,0.1821921,-1.899017,0.03571893,-0.7485805,0.09778298,0.6548206,11.13818,262.7809,4.35957,0.5433393,0.0787854,-0.8358077,-0.571191,0.02068244,-0.06925943,-0.3887072,0.1376827,-1.239403,0.3087,0.4008,2.069,-0.1398685,0.07458363,0.9873572,-0.1815376,0.9783253,-0.09961789,-0.9733863,-0.1931759,-0.1232971,static,88.83932,31.99315,8.486073,10.96336
05/11/2023 13:10:00.408098,2921,True,True,True,True,Eyes,1.105849,0.1822491,-1.894594,-0.9997073,-0.01200084,-0.02100826,0.0,0.0,0.0,0.0,0.0,0.0,0.0,2.016205,-0.1721109,0.8502378,1.086333,0.1816643,-1.898549,0.03463556,-0.7499946,0.09567115,0.6535712,10.88156,262.5468,4.269125,0.5388136,0.07924267,-0.8386894,-0.5369195,0.01944149,-0.06510386,-0.4077886,0.131613,-1.266119,0.3086999,0.4007999,2.069,-0.1432898,0.07310286,0.9869773,-0.1770088,0.9792948,-0.09823208,-0.9737227,-0.1887793,-0.1273831,static,88.79614,29.7369,8.486072,10.96336
05/11/2023 13:10:00.428013,2922,True,True,True,True,Eyes,1.103742,0.1821736,-1.89452,-0.999698,-0.01119754,-0.02187645,0.0,0.0,0.0,0.0,0.0,0.0,0.0,2.017371,-0.1731876,0.8312988,1.074723,0.1810991,-1.89816,0.03408419,-0.7512736,0.09321538,0.6524854,10.63428,262.3316,4.109396,0.5351071,0.07961392,-0.841024,-0.5047044,0.018275,-0.06119763,-0.426181,0.1267962,-1.292539,0.3087001,0.4008001,2.069,-0.1462024,0.0704302,0.9867443,-0.1728564,0.9802983,-0.09558162,-0.9740357,-0.1845393,-0.1311476,static,88.74639,27.1058,8.486076,10.96336
05/11/2023 13:10:00.438427,2923,True,True,True,True,Eyes,1.10125,0.1820516,-1.894425,-0.9996812,-0.01043966,-0.02299036,0.0,0.0,0.0,0.0,0.0,0.0,0.0,2.018472,-0.1750413,0.811595,1.063061,0.1802595,-1.897621,0.03326101,-0.7526687,0.09075965,0.6512651,10.36669,262.0981,3.972578,0.5317994,0.07993814,-0.8430889,-0.4744221,0.0171785,-0.05752577,-0.4441178,0.1229947,-1.317625,0.3087001,0.4008,2.069,-0.1494949,0.06814812,0.9864111,-0.1682862,0.9813128,-0.09330042,-0.9743361,-0.1799474,-0.1352329,static,88.68256,24.42226,8.486074,10.96336
05/11/2023 13:10:00.457699,2924,True,True,True,True,Eyes,1.09838,0.1818935,-1.894299,-0.9996594,-0.009682922,-0.02423677,0.0,0.0,0.0,0.0,0.0,0.0,0.0,2.019289,-0.1773212,0.7917454,1.051355,0.1790318,-1.896953,0.03257476,-0.7540541,0.08933669,0.6498927,10.19911,261.8622,3.903018,0.5287341,0.08022866,-0.844987,-0.4459568,0.01614779,-0.05407422,-0.4616104,0.1270023,-1.341208,0.3086999,0.4008,2.069,-0.153157,0.06699227,0.9859287,-0.1652448,0.9819157,-0.0923892,-0.9742882,-0.1770696,-0.1393171,static,88.61113,21.77738,8.486069,10.96336
05/11/2023 13:10:00.477773,2925,True,True,True,True,Eyes,1.095143,0.1816847,-1.894142,-0.9996288,-0.009070904,-0.02568917,0.0,0.0,0.0,0.0,0.0,0.0,0.0,2.020041,-0.1791676,0.7709489,1.039446,0.1780031,-1.89602,0.03239173,-0.7555423,0.08886714,0.6482354,10.1532,261.6005,3.860144,0.5258762,0.08048817,-0.8467441,-0.4191993,0.01517893,-0.05082977,-0.4781593,0.1273476,-1.362494,0.3086999,0.4007998,2.069,-0.1574832,0.06626702,0.9852959,-0.1641603,0.9821068,-0.09229084,-0.9737816,-0.1762807,-0.143787,static,88.5279,19.44824,8.486072,10.96336
05/11/2023 13:10:00.497820,2926,True,True,True,True,Eyes,1.091549,0.1814221,-1.89394,-0.9995931,-0.00845151,-0.02724623,0.0,0.0,0.0,0.0,0.0,0.0,0.0,2.02041,-0.1807353,0.7501731,1.027379,0.1766402,-1.894933,0.0320901,-0.7569994,0.08814411,0.6466472,10.07587,261.3455,3.809341,0.5231934,0.08071839,-0.8483825,-0.3940474,0.01426819,-0.04777998,-0.4940266,0.124548,-1.381439,0.3087002,0.4008,2.069,-0.1616351,0.0654119,0.9846802,-0.1625806,0.9824017,-0.09194811,-0.973366,-0.174952,-0.1481559,static,88.43866,17.23337,8.486079,10.96336
05/11/2023 13:10:00.507927,2927,True,True,True,True,Eyes,1.087589,0.1811177,-1.893668,-0.9995483,-0.007965256,-0.02898108,0.0,0.0,0.0,0.0,0.0,0.0,0.0,2.020165,-0.1824119,0.7299671,1.015263,0.1750234,-1.893622,0.03178997,-0.7583528,0.08774015,0.6451295,10.0259,261.1076,3.784235,0.5206578,0.0809207,-0.8499218,-0.3704045,0.0134121,-0.04491318,-0.5099748,0.1300464,-1.398447,0.3086999,0.4008,2.069,-0.1655946,0.06499148,0.98405,-0.1614235,0.9825822,-0.09205868,-0.972893,-0.1740933,-0.1522191,static,88.33923,15.3679,8.48607,10.96336
05/11/2023 13:10:00.527676,2928,True,True,True,True,Eyes,1.08329,0.1807685,-1.893329,-0.999498,-0.007386171,-0.03080902,0.0,0.0,0.0,0.0,0.0,0.0,0.0,2.019375,-0.1849925,0.7095966,1.002641,0.1737136,-1.892132,0.03136364,-0.7596704,0.08739673,0.6436449,9.971573,260.8766,3.77552,0.5182433,0.081097,-0.8513794,-0.3481803,0.01260737,-0.04221839,-0.5256212,0.1422121,-1.414428,0.3086999,0.4008,2.069,-0.1694747,0.06485286,0.9833983,-0.160157,0.9827563,-0.09241132,-0.972434,-0.1731595,-0.1561657,static,88.23444,13.48168,8.48607,10.96336
05/11/2023 13:10:00.548156,2929,True,True,True,True,Eyes,1.078652,0.180361,-1.892937,-0.9994372,-0.006870398,-0.03283308,0.0,0.0,0.0,0.0,0.0,0.0,0.0,2.01791,-0.1889564,0.6893179,0.9902133,0.1723267,-1.890134,0.03028518,-0.7610401,0.08640579,0.6422109,9.811977,260.6435,3.775557,0.5159279,0.08124875,-0.8527701,-0.3272895,0.01185093,-0.03968529,-0.5409548,0.1417661,-1.431808,0.3087001,0.4008,2.069,-0.1732961,0.06488501,0.9827301,-0.157078,0.9832337,-0.09261761,-0.9722629,-0.1704155,-0.1601986,static,88.11842,11.81874,8.486076,10.96336
05/11/2023 13:10:00.558185,2930,True,True,True,True,Eyes,1.073687,0.1799089,-1.892471,-0.9993678,-0.006352247,-0.03497892,0.0,0.0,0.0,0.0,0.0,0.0,0.0,2.016529,-0.1926671,0.6683965,0.9774407,0.1705337,-1.888331,0.02923501,-0.7624387,0.08558182,0.6407093,9.669467,260.4038,3.785669,0.5136911,0.08137655,-0.8541073,-0.3076521,0.01113988,-0.03730417,-0.5563439,0.1397201,-1.449674,0.3087003,0.4008,2.069,-0.1772739,0.06508633,0.982007,-0.1542459,0.9836421,-0.09303948,-0.9719992,-0.1679641,-0.1643348,static,87.99541,10.29287,8.486081,10.96336
05/11/2023 13:10:00.579634,2931,True,True,True,True,Eyes,1.06839,0.1794262,-1.891918,-0.9992839,-0.005919608,-0.0373713,0.0,0.0,0.0,0.0,0.0,0.0,0.0,2.015004,-0.1961855,0.6461267,0.9646693,0.1690013,-1.886017,0.02865483,-0.7640537,0.08561417,0.6388046,9.638853,260.1179,3.814881,0.5115147,0.08148164,-0.8554023,-0.289193,0.01047148,-0.03506592,-0.5712581,0.1363367,-1.4662,0.3087,0.4007999,2.069,-0.1822156,0.06559379,0.9810684,-0.1531691,0.9836982,-0.09421799,-0.9712554,-0.1674373,-0.1691982,static,87.85825,9.000861,8.486074,10.96336
05/11/2023 13:10:00.587825,2932,True,True,True,True,Eyes,0.9278702,0.1670786,-1.876183,-0.9947723,0.006091429,-0.1019362,0.0,0.0,0.0,0.0,0.0,0.0,0.0,2.014171,-0.2006623,0.6208503,0.9515586,0.167734,-1.883881,0.02780428,-0.7661044,0.08526043,0.6364289,9.55694,259.7557,3.833095,0.5093828,0.08156577,-0.8566655,-0.2718414,0.009843194,-0.03296197,-0.5861381,0.1302684,-1.482788,0.3087,0.4007999,2.069,-0.1883706,0.06592244,0.9798832,-0.1511264,0.9839151,-0.09524588,-0.9704008,-0.1660277,-0.175378,static,84.14922,-3.419773,8.486074,10.96336
05/11/2023 13:10:00.608217,2933,True,True,True,True,Eyes,0.9273198,0.1670306,-1.876063,-0.9947381,0.006078549,-0.1022702,0.0,0.0,0.0,0.0,0.0,0.0,0.0,2.01334,-0.2044213,0.5934782,0.9382031,0.1669599,-1.88134,0.02714791,-0.768462,0.08457112,0.6337011,9.461606,259.3354,3.805183,0.499375,0.08139192,-0.862554,-0.6770892,-0.02778996,0.01622084,-0.601014,0.1281641,-1.498726,0.3087001,0.4008,2.069,-0.1953721,0.06546135,0.9785421,-0.1489099,0.9842214,-0.09557205,-0.9693584,-0.1643867,-0.1825416,static,84.12997,-3.401439,8.486073,10.96336
05/11/2023 13:10:00.627819,2934,True,True,True,True,Eyes,0.9262594,0.1669217,-1.875836,-0.9946728,0.00606236,-0.1029043,0.0,0.0,0.0,0.0,0.0,0.0,0.0,2.012802,-0.2058398,0.5643604,0.9246221,0.1657147,-1.878791,0.02670628,-0.771034,0.08321893,0.6307678,9.324174,258.8743,3.707045,0.4913173,0.08122509,-0.8671846,-0.6364639,-0.02612256,0.01524759,-0.6156878,0.1281918,-1.513621,0.3087001,0.4007999,2.069,-0.2028375,0.06380077,0.9771319,-0.1461665,0.9847227,-0.09463833,-0.968242,-0.1620202,-0.1904132,static,84.09345,-3.371547,8.486078,10.96336
05/11/2023 13:10:00.638985,2935,True,True,True,True,Eyes,0.9246991,0.1667938,-1.875516,-0.9945722,0.0057801,-0.1038882,0.0,0.0,0.0,0.0,0.0,0.0,0.0,2.01224,-0.2030157,0.5351088,0.9113673,0.164163,-1.875933,0.02747469,-0.7736336,0.08232475,0.6276615,9.315339,258.394,3.534321,0.4848163,0.08106697,-0.8708506,-0.598276,-0.0245552,0.01433273,-0.6304365,0.1298313,-1.52745,0.3087003,0.4008,2.069,-0.2105727,0.06083346,0.9756837,-0.1458548,0.9849356,-0.09288878,-0.9666364,-0.161868,-0.1985276,static,84.03679,-3.184523,8.486081,10.96336
05/11/2023 13:10:00.658230,2936,True,True,True,True,Eyes,0.9226457,0.1666421,-1.875093,-0.9944332,0.005646744,-0.1052177,0.0,0.0,0.0,0.0,0.0,0.0,0.0,2.011676,-0.2002694,0.5044572,0.897834,0.1636745,-1.873107,0.02941522,-0.7763939,0.08329085,0.6240273,9.557934,257.8646,3.387941,0.4795499,0.0809194,-0.8737754,-0.5623795,-0.02308189,0.01347277,-0.6450503,0.1322934,-1.54196,0.3086998,0.4008,2.069,-0.2194498,0.05827591,0.973882,-0.1496271,0.9843948,-0.09262119,-0.9640819,-0.1660448,-0.2073055,static,83.9602,-3.071961,8.486068,10.96336
05/11/2023 13:10:00.678083,2937,True,True,True,True,Eyes,0.9201391,0.1664512,-1.874557,-0.9942595,0.00538028,-0.1068607,0.0,0.0,0.0,0.0,0.0,0.0,0.0,2.010448,-0.2016524,0.472316,0.8839126,0.1630016,-1.870234,0.02900381,-0.7793932,0.08160114,0.6205211,9.392318,257.3184,3.257383,0.4752553,0.08078287,-0.8761313,-0.5286367,-0.02169698,0.0126644,-0.6594486,0.1294357,-1.556916,0.3087002,0.4008,2.069,-0.2282249,0.05605969,0.9719932,-0.1464812,0.9850001,-0.09120377,-0.9625262,-0.1631937,-0.21659,static,83.86554,-2.882326,8.486078,10.96336
05/11/2023 13:10:00.689643,2938,True,True,True,True,Eyes,0.9171748,0.1662582,-1.873919,-0.9940453,0.005030637,-0.1088515,0.0,0.0,0.0,0.0,0.0,0.0,0.0,2.009567,-0.1994592,0.4377604,0.8707197,0.1618553,-1.86693,0.03006457,-0.7828197,0.08118816,0.6161964,9.448599,256.6706,3.079077,0.4716883,0.08065633,-0.8780685,-0.4969185,-0.02039516,0.01190454,-0.6740257,0.1284602,-1.570922,0.3087003,0.4008,2.069,-0.2387962,0.05298543,0.9696231,-0.147126,0.9850092,-0.09006,-0.9598595,-0.1641627,-0.2274209,static,83.75081,-2.646076,8.48608,10.96336
05/11/2023 13:10:00.708280,2939,True,True,True,True,Eyes,0.9137723,0.1661257,-1.873179,-0.9938009,0.004515783,-0.1110821,0.0,0.0,0.0,0.0,0.0,0.0,0.0,2.008055,-0.1967344,0.4034517,0.8568242,0.1616587,-1.863728,0.03168111,-0.7860934,0.08103626,0.6119532,9.565723,256.0398,2.869905,0.468371,0.08053955,-0.8798531,-0.4671034,-0.01917145,0.01119027,-0.6882847,0.129585,-1.5836,0.3087,0.4008,2.069,-0.2490195,0.04937217,0.9672393,-0.1489894,0.9848589,-0.08862945,-0.95697,-0.1661789,-0.237893,static,83.62224,-2.327945,8.486073,10.96336
05/11/2023 13:10:00.728097,2940,True,True,True,True,Eyes,0.9099507,0.1661,-1.872353,-0.9935177,0.003904518,-0.1136104,2.184536,-1.260425,0.1746296,-2.120539,0.24956,0.03626213,-0.9676802,0.2937799,0.3540747,2.068931,0.8430239,0.1630411,-1.860699,0.03334865,-0.7890635,0.08171649,0.6079386,9.759149,255.4574,2.717696,0.4652644,0.08043569,-0.8815092,-0.4390772,-0.01802116,0.01051885,-0.7020242,0.1265614,-1.59486,0.3087001,0.4008,2.069,-0.2585975,0.04672882,0.9648545,-0.1519856,0.9844206,-0.08841113,-0.9539539,-0.1695068,-0.2474665,static,83.47647,-1.968345,8.486075,10.96336
05/11/2023 13:10:00.738542,2941,True,True,True,True,Eyes,0.9057227,0.1661693,-1.871437,-0.9932124,0.00344687,-0.116264,0.0,0.0,0.0,0.0,0.0,0.0,0.0,2.002462,-0.2015002,0.3399825,0.8291968,0.1656123,-1.8577,0.03426196,-0.791983,0.08265094,0.6039518,9.921658,254.8871,2.651241,0.4623327,0.08034963,-0.8830582,-0.4127326,-0.01693989,0.00988772,-0.7158629,0.122792,-1.603982,0.3087003,0.4007998,2.069,-0.2681366,0.04556458,0.9623027,-0.1541041,0.9839899,-0.08953113,-0.9509755,-0.1723014,-0.256822,static,83.32343,-1.698146,8.486083,10.96336
05/11/2023 13:10:00.762880,2942,True,True,True,True,Eyes,0.9011201,0.1663754,-1.870453,-0.9928614,0.002814475,-0.1192401,2.190987,-1.274226,0.1725419,-2.131706,0.7694861,0.05561458,0.6362376,0.3146923,0.3457069,2.055362,0.8153547,0.1679296,-1.854786,0.03307327,-0.7950343,0.08217908,0.6000612,9.808887,254.318,2.677784,0.4595447,0.08028524,-0.8845181,-0.3879686,-0.0159235,0.009294456,-0.7302698,0.1295894,-1.613047,0.3086999,0.4008,2.069,-0.2776659,0.04603618,0.9595742,-0.1512137,0.9843055,-0.09097842,-0.9487026,-0.1703624,-0.2663468,static,83.15173,-1.352126,8.486072,10.96336
05/11/2023 13:10:00.778352,2943,True,True,True,True,Eyes,0.8961257,0.1666941,-1.869398,-0.9924785,0.002597162,-0.1223921,0.0,0.0,0.0,0.0,0.0,0.0,0.0,1.994215,-0.221747,0.2764127,0.8018215,0.1714522,-1.852068,0.03345953,-0.7980814,0.08484941,0.5956066,10.09559,253.713,2.775147,0.4568723,0.08024783,-0.8859048,-0.3646905,-0.01496809,0.008736788,-0.7450774,0.1488726,-1.624739,0.3087001,0.4007999,2.069,-0.2882665,0.04766688,0.956363,-0.1544806,0.983362,-0.09557601,-0.945007,-0.1752909,-0.2761067,static,82.9698,-1.215635,8.486079,10.96336
05/11/2023 13:10:00.797846,2944,True,True,True,True,Eyes,0.8908128,0.1670956,-1.868282,-0.9920484,0.002442908,-0.1258324,0.0,0.0,0.0,0.0,0.0,0.0,0.0,1.989415,-0.2351033,0.2412345,0.7875841,0.174356,-1.849472,0.03005211,-0.8016203,0.08217127,0.5913966,9.630042,253.0763,2.849425,0.4542896,0.08024108,-0.8872326,-0.3428091,-0.01407,0.008212581,-0.760046,0.1567355,-1.641028,0.3087,0.4007999,2.069,-0.2986943,0.04901083,0.9530898,-0.1453723,0.9846895,-0.09619484,-0.943212,-0.1672857,-0.2869963,static,82.77115,-1.1122,8.486075,10.96336
05/11/2023 13:10:00.813496,2945,True,True,True,True,Eyes,0.8851659,0.1675544,-1.867102,-0.9915999,0.002289455,-0.1293231,0.0,0.0,0.0,0.0,0.0,0.0,0.0,1.984725,-0.2429521,0.2094245,0.7746848,0.1767326,-1.846794,0.02921562,-0.8047469,0.08178227,0.5872315,9.551885,252.4753,2.84976,0.451776,0.08026674,-0.8885128,-0.3222405,-0.0132258,0.007719826,-0.775386,0.1657649,-1.657422,0.3087003,0.4008,2.069,-0.3086115,0.0490279,0.949924,-0.1430726,0.9849162,-0.09731538,-0.9403667,-0.1659407,-0.2969419,static,82.5695,-1.014223,8.48608,10.96336
05/11/2023 13:10:00.829497,2946,True,True,True,True,Eyes,0.8792371,0.1680479,-1.865895,-0.9911125,0.002163528,-0.1330087,0.0,0.0,0.0,0.0,0.0,0.0,0.0,1.980119,-0.2464143,0.1789529,0.761254,0.178524,-1.844515,0.0293492,-0.807532,0.08122226,0.5834671,9.522083,251.928,2.75367,0.4493116,0.08032522,-0.8897562,-0.3029061,-0.01243225,0.007256637,-0.7897506,0.17523,-1.671573,0.3086999,0.4008,2.069,-0.3174097,0.0473802,0.9471042,-0.1421819,0.9850832,-0.09693054,-0.937569,-0.1654277,-0.3059384,static,82.35649,-0.9318942,8.486072,10.96336
05/11/2023 13:10:00.837675,2947,True,True,True,True,Eyes,0.7246677,0.1819038,-1.83549,-0.9744255,-0.008016328,-0.2245679,0.0,0.0,0.0,0.0,0.0,0.0,0.0,1.97578,-0.2479323,0.1504371,0.7486082,0.1798599,-1.842564,0.02968557,-0.8100985,0.08038425,0.5799981,9.478263,251.4198,2.623565,0.4468802,0.08041558,-0.8909717,-0.2847317,-0.01168632,0.006821238,-0.8032451,0.1746739,-1.683656,0.3087001,0.4007999,2.069,-0.3254423,0.04514894,0.9444836,-0.1413419,0.9853143,-0.09580316,-0.9349386,-0.1646734,-0.3142815,static,77.0221,2.044401,8.486078,10.96336
05/11/2023 13:10:00.858303,2948,True,True,True,True,Eyes,0.7241584,0.1819786,-1.835445,-0.97434,-0.007827893,-0.2249455,0.0,0.0,0.0,0.0,0.0,0.0,0.0,1.971211,-0.2510146,0.1236641,0.7362939,0.1819568,-1.840852,0.03189171,-0.8124425,0.08295684,0.5762275,9.877901,250.9128,2.547207,0.4331758,0.08224859,-0.8975484,-0.7313561,0.0305828,0.09762817,-0.8161377,0.1659511,-1.696267,0.3087001,0.4008,2.069,-0.3338895,0.04378368,0.9415949,-0.1474244,0.9842022,-0.09804158,-0.9310124,-0.1715491,-0.3221601,static,76.99992,1.993036,8.486073,10.96336
05/11/2023 13:10:00.877766,2949,True,True,True,True,Eyes,0.7231901,0.1821034,-1.835364,-0.9742051,-0.007572715,-0.2255371,0.0,0.0,0.0,0.0,0.0,0.0,0.0,1.966467,-0.2570957,0.09270906,0.7236108,0.1838612,-1.839638,0.03038875,-0.8153779,0.08097748,0.5724316,9.604459,250.3519,2.508349,0.4222746,0.08371175,-0.902594,-0.6874748,0.02874783,0.09177048,-0.8285661,0.152215,-1.712702,0.3087003,0.4008,2.069001,-0.342797,0.04315151,0.9384179,-0.1422648,0.9850384,-0.09726353,-0.9285747,-0.1668455,-0.3315293,static,76.96516,1.923062,8.486077,10.96336
05/11/2023 13:10:00.897893,2950,True,True,True,True,Eyes,0.7217596,0.1822792,-1.835272,-0.9739891,-0.007268936,-0.2264781,0.0,0.0,0.0,0.0,0.0,0.0,0.0,1.961816,-0.2608585,0.06215882,0.7116289,0.1851775,-1.838457,0.02986951,-0.8183028,0.07982024,0.5684339,9.473531,249.7731,2.43232,0.4136005,0.08488849,-0.9064922,-0.6462263,0.02702296,0.08626425,-0.8405963,0.1326416,-1.731096,0.3086999,0.4008,2.069,-0.3519816,0.04186045,0.9350706,-0.1396297,0.9854731,-0.09667654,-0.9255338,-0.1645919,-0.3410233,static,76.90984,1.838308,8.486072,10.96336
05/11/2023 13:10:00.912372,2951,True,True,True,True,Eyes,0.7199055,0.1824986,-1.835193,-0.9737238,-0.00668477,-0.2276344,0.0,0.0,0.0,0.0,0.0,0.0,0.0,1.957207,-0.2647408,0.03174615,0.6991558,0.186497,-1.837976,0.02950017,-0.8210977,0.07895397,0.5645304,9.379059,249.2134,2.364136,0.4066858,0.08584327,-0.9095258,-0.6074527,0.02540158,0.08108839,-0.8530053,0.125273,-1.749201,0.3086999,0.4008,2.069,-0.3608703,0.04069879,0.9317276,-0.1375889,0.985792,-0.09635035,-0.9224108,-0.1629653,-0.3501434,static,76.84187,1.682079,8.486071,10.96336
05/11/2023 13:10:00.928344,2952,True,True,True,True,Eyes,0.7176488,0.1827459,-1.83513,-0.9733823,-0.00593285,-0.2291107,0.0,0.0,0.0,0.0,0.0,0.0,0.0,1.952376,-0.2694886,0.002136707,0.6869998,0.1877224,-1.837714,0.02727532,-0.8238046,0.07591567,0.5611052,8.956699,248.7016,2.335518,0.4011527,0.08662595,-0.9119057,-0.5710055,0.02387749,0.07622309,-0.86553,0.1315039,-1.764477,0.3087003,0.4007999,2.069,-0.368834,0.04025429,0.9286231,-0.1301324,0.9869857,-0.09447069,-0.9203407,-0.155688,-0.3587955,static,76.75504,1.48335,8.486082,10.96336
05/11/2023 13:10:00.937799,2953,True,True,True,True,Eyes,0.7150044,0.1830015,-1.835091,-0.9729684,-0.005188136,-0.2308799,0.0,0.0,0.0,0.0,0.0,0.0,0.0,1.947355,-0.2762432,-0.02759933,0.6751228,0.1885868,-1.837908,0.02525125,-0.8265342,0.07433467,0.5573849,8.6866,248.1697,2.384262,0.396696,0.08727501,-0.9137915,-0.5367452,0.02244484,0.07164971,-0.8778076,0.1496183,-1.776725,0.3086998,0.4008,2.069,-0.377369,0.04112401,0.9251494,-0.1246081,0.9876735,-0.09473099,-0.9176413,-0.1510296,-0.367593,static,76.65094,1.287285,8.486068,10.96336
05/11/2023 13:10:00.958027,2954,True,True,True,True,Eyes,0.7120024,0.1832519,-1.835085,-0.9724644,-0.004473326,-0.2330082,0.0,0.0,0.0,0.0,0.0,0.0,0.0,1.942446,-0.2809429,-0.05979133,0.6632677,0.1889927,-1.838467,0.02366544,-0.8295629,0.07266869,0.5531588,8.438515,247.5671,2.383095,0.3930686,0.08781987,-0.9153055,-0.5045405,0.02109815,0.06735072,-0.890116,0.1782484,-1.788965,0.3087002,0.4008001,2.069,-0.3869106,0.04113068,0.9211994,-0.1196586,0.9883184,-0.09438498,-0.9143204,-0.146748,-0.3774693,static,76.52562,1.099838,8.486077,10.96336
05/11/2023 13:10:00.977670,2955,True,True,True,True,Eyes,0.7086491,0.1835219,-1.835094,-0.9718896,-0.004117781,-0.2354009,0.0,0.0,0.0,0.0,0.0,0.0,0.0,1.937608,-0.2830622,-0.09238076,0.6517318,0.1891289,-1.839146,0.02377621,-0.8326629,0.07236733,0.5485163,8.429852,246.9197,2.305563,0.3898001,0.08831276,-0.9166549,-0.4742681,0.01983226,0.06330968,-0.9013025,0.1893255,-1.800103,0.3087001,0.4007999,2.069,-0.3971289,0.03979419,0.9168996,-0.1189845,0.9883954,-0.09443189,-0.9100171,-0.1465984,-0.3877855,static,76.38462,1.002151,8.486078,10.96336
05/11/2023 13:10:00.988388,2956,True,True,True,True,Eyes,0.7049662,0.1838197,-1.835171,-0.9712443,-0.003784318,-0.2380548,0.0,0.0,0.0,0.0,0.0,0.0,0.0,1.932825,-0.2852311,-0.1221948,0.6403021,0.189883,-1.840124,0.02526743,-0.8353788,0.07372299,0.5441221,8.665777,246.3232,2.203671,0.3867075,0.08877498,-0.9179193,-0.445812,0.01864232,0.0595111,-0.9130073,0.1998397,-1.812659,0.3087003,0.4008,2.069,-0.4065855,0.03801287,0.9128218,-0.1224444,0.9878529,-0.09567612,-0.9053705,-0.1506704,-0.3969923,static,76.22813,0.9107448,8.486081,10.96336
05/11/2023 13:10:01.013080,2957,True,True,True,True,Eyes,0.7009946,0.1841078,-1.83533,-0.9705569,-0.003564158,-0.2408455,0.0,0.0,0.0,0.0,0.0,0.0,0.0,1.928527,-0.2854812,-0.1516266,0.6287552,0.1908695,-1.841722,0.02597526,-0.837961,0.07309657,0.5401887,8.659799,245.771,2.054381,0.3837581,0.08921137,-0.9191141,-0.4190633,0.01752378,0.05594043,-0.9241863,0.212143,-1.823761,0.3086998,0.4008,2.069,-0.4150432,0.03543937,0.9091114,-0.1225044,0.9879643,-0.09444106,-0.9015166,-0.1505672,-0.4057064,static,76.06346,0.847831,8.486068,10.96336
05/11/2023 13:10:01.027885,2958,True,True,True,True,Eyes,0.6967474,0.1843684,-1.835582,-0.9697958,-0.003524809,-0.2438929,0.0,0.0,0.0,0.0,0.0,0.0,0.0,1.92478,-0.2831554,-0.1798136,0.6178377,0.1909728,-1.843663,0.0269422,-0.8403888,0.07213968,0.5364854,8.636138,245.2471,1.861768,0.380923,0.08962429,-0.9202525,-0.3939195,0.01647236,0.052584,-0.9351959,0.203459,-1.831886,0.3087001,0.4007999,2.069,-0.4229151,0.03211991,0.9055998,-0.1226876,0.98814,-0.09234257,-0.8978254,-0.150159,-0.4139585,static,75.8835,0.8279972,8.486076,10.96336
05/11/2023 13:10:01.037937,2959,True,True,True,True,Eyes,0.6922507,0.1846006,-1.835942,-0.9689711,-0.003694725,-0.2471469,0.0,0.0,0.0,0.0,0.0,0.0,0.0,1.920335,-0.2855183,-0.2082176,0.6070191,0.1906244,-1.84601,0.02824594,-0.8428609,0.07368696,0.5323137,8.875455,244.6882,1.788381,0.3781775,0.09001478,-0.9213461,-0.3702843,0.01548401,0.04942896,-0.9464813,0.2065729,-1.838965,0.3086999,0.4007999,2.069,-0.4316885,0.03083438,0.9014956,-0.126064,0.9875448,-0.09414432,-0.8931702,-0.1542871,-0.4224246,static,75.69116,0.8564801,8.486073,10.96336
05/11/2023 13:10:01.057911,2960,True,True,True,True,Eyes,0.68751,0.1848211,-1.836404,-0.9680756,-0.004087354,-0.2506252,0.0,0.0,0.0,0.0,0.0,0.0,0.0,1.915292,-0.2906428,-0.2368257,0.5964118,0.1902427,-1.848513,0.02874116,-0.8453852,0.07531916,0.5280389,9.073436,244.1214,1.795964,0.3754996,0.09038363,-0.9224046,-0.3480672,0.01455497,0.04646323,-0.956853,0.2006105,-1.845204,0.3087,0.4008,2.069,-0.4406981,0.03094818,0.8971218,-0.1281376,0.9870019,-0.0969945,-0.8884628,-0.1577003,-0.4310042,static,75.48537,0.9343328,8.486072,10.96336
05/11/2023 13:10:01.078152,2961,True,True,True,True,Eyes,0.6825316,0.1850144,-1.836962,-0.9671347,-0.004570059,-0.2542236,0.0,0.0,0.0,0.0,0.0,0.0,0.0,1.910221,-0.2974536,-0.2634759,0.5858479,0.1902318,-1.851334,0.02971821,-0.847634,0.07805127,0.5239671,9.407817,243.5949,1.824636,0.3728697,0.09073241,-0.9234366,-0.3271832,0.01368168,0.04367543,-0.9673587,0.1835149,-1.851917,0.3087001,0.4007999,2.069,-0.4491507,0.03141227,0.8929037,-0.1321729,0.9860497,-0.1011751,-0.8836255,-0.1634606,-0.4387332,static,75.27225,1.029869,8.486078,10.96336
05/11/2023 13:10:01.087915,2962,True,True,True,True,Eyes,0.6773437,0.1851851,-1.837651,-0.9661396,-0.00513465,-0.2579689,0.0,0.0,0.0,0.0,0.0,0.0,0.0,1.905523,-0.3033116,-0.2889454,0.5754194,0.1897883,-1.854556,0.02990831,-0.8496907,0.07961766,0.520377,9.580197,243.1252,1.861861,0.3702706,0.09106176,-0.9244496,-0.3075522,0.01286077,0.0410549,-0.977947,0.1798826,-1.858848,0.3087002,0.4008,2.069,-0.4566265,0.03203677,0.8890815,-0.133688,0.9855331,-0.1041736,-0.8795565,-0.166428,-0.4457377,static,75.05022,1.140273,8.486079,10.96336
05/11/2023 13:10:01.108286,2963,True,True,True,True,Eyes,0.6719581,0.1853288,-1.838482,-0.9651058,-0.005542872,-0.2618017,0.0,0.0,0.0,0.0,0.0,0.0,0.0,1.901106,-0.3106456,-0.3129487,0.5652362,0.1894303,-1.858297,0.02969161,-0.8515512,0.08126706,0.5170828,9.736204,242.7001,1.946423,0.3676874,0.09137221,-0.9254495,-0.2890991,0.01208913,0.03859161,-0.9882852,0.1697511,-1.864542,0.3087005,0.4008,2.069001,-0.4634877,0.03347576,0.885471,-0.1346115,0.9850281,-0.1077001,-0.8758191,-0.1691122,-0.4520421,static,74.82276,1.212886,8.486083,10.96336
05/11/2023 13:10:01.127989,2964,True,True,True,True,Eyes,0.6663744,0.1854402,-1.839458,-0.9640074,-0.005848079,-0.265811,0.0,0.0,0.0,0.0,0.0,0.0,0.0,1.896206,-0.3197711,-0.3379579,0.5550793,0.1889401,-1.862324,0.02854636,-0.8535398,0.08255523,0.5136535,9.802597,242.2583,2.09825,0.3651068,0.09166399,-0.9264417,-0.2717531,0.01136378,0.03627611,-0.999129,0.170289,-1.869429,0.3087001,0.4008,2.069001,-0.4706908,0.03607864,0.8815606,-0.1335405,0.9847395,-0.1116024,-0.872134,-0.1702542,-0.4586898,static,74.58458,1.260355,8.486073,10.96336
05/11/2023 13:10:01.138418,2965,True,True,True,True,Eyes,0.6606165,0.1855003,-1.84059,-0.9628698,-0.005975597,-0.2698998,0.0,0.0,0.0,0.0,0.0,0.0,0.0,1.89097,-0.3283395,-0.3649349,0.5447778,0.1882316,-1.866691,0.02648738,-0.8557389,0.08263586,0.5100791,9.697756,241.7879,2.265723,0.3625174,0.09193695,-0.927431,-0.255448,0.01068195,0.03409955,-1.009972,0.1769666,-1.875143,0.3086999,0.4008,2.069,-0.4782355,0.03896909,0.8773668,-0.1296342,0.9849395,-0.1144081,-0.8686115,-0.1684508,-0.4659812,static,74.34141,1.268324,8.48607,10.96336
05/11/2023 13:10:01.162938,2966,True,True,True,True,Eyes,0.6546881,0.1854995,-1.841883,-0.961661,-0.006125343,-0.2741729,0.0,0.0,0.0,0.0,0.0,0.0,0.0,1.885678,-0.3365287,-0.3925164,0.5348354,0.1870393,-1.871382,0.02452712,-0.8580169,0.08288033,0.5062968,9.61701,241.2924,2.431848,0.359909,0.09218995,-0.9284213,-0.2401211,0.01004104,0.03205357,-1.020996,0.1845939,-1.881871,0.3087004,0.4007999,2.069,-0.4861244,0.04183472,0.872888,-0.1260134,0.9850586,-0.1173895,-0.8647568,-0.1670614,-0.4735892,static,74.08697,1.279842,8.486083,10.96336
05/11/2023 13:10:01.178038,2967,True,True,True,True,Eyes,0.6486058,0.1854501,-1.843325,-0.9604048,-0.006205462,-0.2785395,0.0,0.0,0.0,0.0,0.0,0.0,0.0,1.880368,-0.3446194,-0.4199767,0.5248495,0.1855665,-1.876438,0.02334858,-0.8602341,0.0840358,0.5023845,9.673928,240.7885,2.573711,0.3572726,0.0924214,-0.929416,-0.2257138,0.009438574,0.03013036,-1.032325,0.197648,-1.889249,0.3087002,0.4007999,2.069,-0.4941295,0.04426609,0.8682609,-0.1246071,0.9847857,-0.121121,-0.8604124,-0.1680409,-0.4810958,static,73.82663,1.276257,8.486079,10.96336
05/11/2023 13:10:01.187912,2968,True,True,True,True,Eyes,0.6423706,0.1853496,-1.844933,-0.9590815,-0.006332523,-0.2830597,0.0,0.0,0.0,0.0,0.0,0.0,0.0,1.875223,-0.3517775,-0.4467764,0.5152577,0.1843399,-1.88158,-0.02279765,0.862391,-0.08542246,-0.4984629,9.791464,240.2843,2.666159,0.3546017,0.09263049,-0.9304175,-0.212171,0.008872259,0.02832253,-1.043478,0.206148,-1.896796,0.3087003,0.4007998,2.069,-0.5020303,0.04583888,0.8636346,-0.1244808,0.9843665,-0.1246076,-0.8558449,-0.1700627,-0.4884758,static,73.55677,1.28159,8.486081,10.96336
05/11/2023 13:10:01.208343,2969,True,True,True,True,Eyes,0.635999,0.1851975,-1.846716,-0.9577243,-0.006350368,-0.2876175,0.0,0.0,0.0,0.0,0.0,0.0,0.0,1.87022,-0.3574953,-0.4736838,0.5053858,0.1830164,-1.887059,-0.02233702,0.8644857,-0.08637046,-0.4946775,9.871047,239.7936,2.724563,0.3518897,0.0928163,-0.9314281,-0.1994407,0.008339924,0.02662318,-1.054971,0.2139325,-1.903205,0.3087008,0.4007999,2.069,-0.5095906,0.04683096,0.8591416,-0.1240711,0.9840825,-0.1272328,-0.8514246,-0.1714313,-0.4956688,moving,73.28429,1.26484,8.486095,10.96336
05/11/2023 13:10:01.228104,2970,True,True,True,True,Eyes,0.6294975,0.184985,-1.848692,-0.9563197,-0.006283466,-0.2922553,0.0,0.0,0.0,0.0,0.0,0.0,0.0,1.865987,-0.3608527,-0.500185,0.4958045,0.1816227,-1.893013,-0.02184451,0.8665004,-0.08645131,-0.4911476,9.862131,239.3269,2.738065,0.3491313,0.09297787,-0.9324495,-0.1874743,0.007839528,0.02502579,-1.06599,0.2196819,-1.910059,0.3087002,0.3981361,2.069,-0.5165936,0.04706415,0.8549362,-0.1227772,0.984098,-0.1283624,-0.8473822,-0.1712779,-0.5026003,moving,73.00663,1.231665,8.486079,10.89224
05/11/2023 13:10:01.247619,2971,True,True,True,True,Eyes,0.6228698,0.1846998,-1.850852,-0.9549046,-0.005999791,-0.2968524,0.0,0.0,0.0,0.0,0.0,0.0,0.0,1.862643,-0.3625622,-0.5253837,0.4862111,0.1799406,-1.89951,-0.02093691,0.8682792,-0.08567151,-0.4881736,9.742197,238.9265,2.750043,0.3463217,0.09311384,-0.9334831,-0.1762258,0.007369156,0.02352424,-1.077057,0.2215584,-1.91737,0.3087005,0.3953527,2.069,-0.5224965,0.04728699,0.8513293,-0.1200033,0.9844441,-0.1283319,-0.8441544,-0.1692153,-0.5086941,moving,72.73103,1.157868,8.486085,10.81789
05/11/2023 13:10:01.257866,2972,True,True,True,True,Eyes,0.616128,0.1843282,-1.853204,-0.9534558,-0.005625868,-0.3014802,0.0,0.0,0.0,0.0,0.0,0.0,0.0,1.859884,-0.3644201,-0.5484755,0.4767425,0.1778458,-1.906274,-0.01933539,0.8697603,-0.08451142,-0.4857995,9.543455,238.6058,2.817637,0.3434573,0.09322231,-0.93453,-0.1656523,0.006927006,0.02211279,-1.088426,0.2196285,-1.925618,0.3087004,0.3929244,2.069001,-0.5272501,0.04847689,0.8483261,-0.1157455,0.9849679,-0.1282231,-0.8417899,-0.1657956,-0.5137134,moving,72.45318,1.069062,8.486078,10.753
05/11/2023 13:10:01.278283,2973,True,True,True,True,Eyes,0.6092743,0.1838859,-1.855744,-0.9519939,-0.00521984,-0.3060725,0.0,0.0,0.0,0.0,0.0,0.0,0.0,1.856627,-0.3692439,-0.5708876,0.4672824,0.1753555,-1.913169,-0.01738663,0.8711475,-0.08426154,-0.4834252,9.417002,238.2993,2.973538,0.3405353,0.09330087,-0.9355909,-0.1557132,0.006511386,0.02078602,-1.099857,0.2182183,-1.933378,0.3086997,0.3902287,2.069,-0.5319958,0.05117565,0.8451993,-0.1117609,0.9851954,-0.1299982,-0.8393391,-0.1636187,-0.5184003,moving,72.17705,0.9770424,8.486063,10.68093
05/11/2023 13:10:01.297790,2974,True,True,True,True,Eyes,0.6023268,0.1833716,-1.858495,-0.9505059,-0.004728653,-0.3106708,0.0,0.0,0.0,0.0,0.0,0.0,0.0,1.85369,-0.3745335,-0.5927594,0.4579447,0.1731556,-1.920445,-0.0159581,0.8724553,-0.08458622,-0.4810534,9.378096,237.998,3.110439,0.3375528,0.09334814,-0.9366663,-0.1463704,0.006120703,0.01953886,-1.111341,0.2157477,-1.94047,0.3086996,0.3876115,2.068999,-0.5366662,0.05353553,0.8420948,-0.1092264,0.985181,-0.132242,-0.8366955,-0.1629488,-0.5228657,moving,71.90013,0.8720193,8.486065,10.61094
05/11/2023 13:10:01.307823,2975,True,True,True,True,Eyes,0.5953168,0.1827867,-1.861491,-0.9490061,-0.004218279,-0.3152295,0.0,0.0,0.0,0.0,0.0,0.0,0.0,1.851493,-0.3783196,-0.614351,0.4487648,0.1708716,-1.92821,-0.0142404,0.8736888,-0.08416772,-0.4789374,9.248302,237.7231,3.237379,0.3345088,0.09336267,-0.9377562,-0.1375881,0.00575346,0.01836653,-1.123276,0.2136741,-1.947227,0.3086996,0.3848434,2.068999,-0.5408323,0.05573878,0.8392816,-0.1055055,0.9854261,-0.1334322,-0.8344872,-0.1607133,-0.5270696,moving,71.62516,0.7666641,8.486068,10.53687
05/11/2023 13:10:01.328220,2976,True,True,True,True,Eyes,0.5882242,0.1821508,-1.864721,-0.947475,-0.003660393,-0.319809,0.0,0.0,0.0,0.0,0.0,0.0,0.0,1.849475,-0.3847153,-0.6345158,0.4398438,0.1686031,-1.936307,-0.01224814,0.8747489,-0.08444137,-0.4770054,9.172933,237.4833,3.433834,0.3314022,0.09334304,-0.9388605,-0.1293329,0.005408253,0.01726454,-1.134934,0.2155856,-1.953617,0.3086996,0.382227,2.068999,-0.5446318,0.05912989,0.8365884,-0.1019861,0.9854393,-0.1360451,-0.8324513,-0.1594149,-0.5306712,moving,71.3485,0.6557535,8.486065,10.46682
05/11/2023 13:10:01.338756,2977,True,True,True,True,Eyes,0.5810511,0.1814635,-1.86818,-0.9458905,-0.00301318,-0.324472,0.0,0.0,0.0,0.0,0.0,0.0,0.0,1.846949,-0.3936637,-0.6562068,0.430785,0.166693,-1.945106,-0.009826452,0.8759472,-0.08503264,-0.474752,9.108148,237.2081,3.688677,0.3282324,0.09328907,-0.9399788,-0.1215729,0.005083757,0.01622866,-1.146899,0.2164803,-1.96051,0.3087001,0.3795813,2.069,-0.549028,0.06352391,0.8333865,-0.09795371,0.9853458,-0.1396379,-0.8300442,-0.1582984,-0.5347601,moving,71.06632,0.5320569,8.486073,10.39594
05/11/2023 13:10:01.357995,2978,True,True,True,True,Eyes,0.5738112,0.1807578,-1.87187,-0.9442379,-0.002429874,-0.3292551,0.0,0.0,0.0,0.0,0.0,0.0,0.0,1.843266,-0.4008387,-0.6824443,0.4218732,0.1646647,-1.954211,-0.006935658,0.8776858,-0.08457565,-0.4716634,8.917046,236.8128,3.924101,0.3249982,0.09320056,-0.9411107,-0.1142785,0.004778732,0.01525494,-1.15883,0.2135269,-1.968738,0.3086999,0.376848,2.069001,-0.5549707,0.06760783,0.8291179,-0.09195714,0.9855977,-0.1419191,-0.8267715,-0.1550043,-0.5407609,moving,70.77637,0.4228302,8.486066,10.3227
05/11/2023 13:10:01.378151,2979,True,True,True,True,Eyes,0.5665028,0.1800407,-1.875812,-0.9425162,-0.001825046,-0.3341554,0.0,0.0,0.0,0.0,0.0,0.0,0.0,1.838964,-0.4091628,-0.7091038,0.4130528,0.1635055,-1.963334,-0.005812366,0.8795218,-0.08574589,-0.4680337,8.990545,236.3588,4.066309,0.3216999,0.09307898,-0.9422553,-0.1074218,0.004492008,0.01433965,-1.170871,0.2125508,-1.979869,0.3087005,0.3739935,2.069001,-0.5618217,0.07003972,0.8242884,-0.09048813,0.9852278,-0.14539,-0.8222948,-0.1562715,-0.5471845,moving,70.47878,0.3129275,8.486083,10.24617
05/11/2023 13:10:01.398059,2980,True,True,True,True,Eyes,0.5591365,0.1793,-1.879986,-0.9407343,-0.001211724,-0.3391425,0.0,0.0,0.0,0.0,0.0,0.0,0.0,1.835068,-0.4132695,-0.7379055,0.4040557,0.162492,-1.973096,-0.004568556,0.8815235,-0.08531749,-0.4643453,8.897163,235.8779,4.131503,0.3183371,0.09292596,-0.9434118,-0.1009765,0.004222488,0.01347927,-1.18304,0.2127499,-1.992453,0.3087002,0.3715608,2.069,-0.5687253,0.07117896,0.819442,-0.08728812,0.9854001,-0.1461759,-0.817883,-0.1546615,-0.5542089,moving,70.17535,0.2047115,8.486078,10.18092
05/11/2023 13:10:01.413084,2981,True,True,True,True,Eyes,0.5517193,0.1785503,-1.884394,-0.9389049,-0.0008112177,-0.3441756,0.0,0.0,0.0,0.0,0.0,0.0,0.0,1.831819,-0.4154284,-0.7650712,0.3953195,0.1611779,-1.98273,-0.004019997,0.883338,-0.08499239,-0.4609491,8.850689,235.4337,4.135242,0.3149106,0.09274243,-0.9445792,0.0,0.0,0.0,-1.195191,0.2133451,-2.006017,0.3087005,0.368789,2.069,-0.5750197,0.07125232,0.8150311,-0.08545638,0.9855202,-0.146448,-0.8136644,-0.1538601,-0.5606046,moving,69.86852,0.1350452,8.486086,10.10655
05/11/2023 13:10:01.428834,2982,True,True,True,True,Eyes,0.5442511,0.1778466,-1.889048,-0.9370354,-0.0003974393,-0.3492341,0.0,0.0,0.0,0.0,0.0,0.0,0.0,1.828985,-0.4215726,-0.7893679,0.3867202,0.1602271,-1.992683,-0.00435277,0.88482,-0.08658653,-0.4577962,9.04513,235.042,4.156236,0.3114215,0.09252992,-0.9457561,0.0,0.0,0.0,-1.207016,0.2086981,-2.019507,0.3087003,0.366177,2.069001,-0.5808073,0.07157513,0.8108882,-0.0869808,0.9849676,-0.1492416,-0.8093807,-0.1572123,-0.5658508,moving,69.55952,0.06520435,8.486079,10.03643
05/11/2023 13:10:01.438359,2983,True,True,True,True,Eyes,0.5367336,0.1772291,-1.893948,-0.9351247,8.793622e-05,-0.3543188,0.0,0.0,0.0,0.0,0.0,0.0,0.0,1.827009,-0.425225,-0.8140197,0.3780454,0.1606228,-2.003169,-0.003891348,0.8862773,-0.08628871,-0.4550294,9.003385,234.681,4.158955,0.3078704,0.09229257,-0.9469411,0.0,0.0,0.0,-1.218995,0.1960073,-2.035058,0.3087007,0.3635634,2.069001,-0.5858664,0.07163017,0.807236,-0.08542544,0.9850783,-0.1494101,-0.8058929,-0.1564928,-0.5710052,moving,69.2483,-0.01421989,8.486088,9.966228
05/11/2023 13:10:01.458047,2984,True,True,True,True,Eyes,0.5291569,0.1767923,-1.899105,-0.9331673,0.0005828574,-0.359442,0.0,0.0,0.0,0.0,0.0,0.0,0.0,1.824477,-0.4292952,-0.8398616,0.3693551,0.1620401,-2.013877,-0.00274202,0.8878542,-0.08525632,-0.4521491,8.851264,234.3005,4.191981,0.3042586,0.09203612,-0.9481327,0.0,0.0,0.0,-1.230863,0.1980763,-2.051213,0.3087,0.3608294,2.069001,-0.5911075,0.0722281,0.8033525,-0.08196616,0.9854476,-0.1489108,-0.8024174,-0.15387,-0.5765854,moving,68.93407,-0.09290856,8.48607,9.892769
05/11/2023 13:10:01.478020,2985,True,True,True,True,Eyes,0.5215232,0.176484,-1.904533,-0.9311808,0.001474494,-0.3645549,0.0,0.0,0.0,0.0,0.0,0.0,0.0,1.821191,-0.4402187,-0.8648477,0.3603712,0.165917,-2.025116,-0.001462551,0.8893157,-0.08551371,-0.4492249,8.824673,233.9325,4.307982,0.3005861,0.09177044,-0.9493291,0.0,0.0,0.0,-1.241639,0.1913409,-2.070396,0.3086999,0.3581506,2.069,-0.5963899,0.07422844,0.7992557,-0.07943112,0.9853705,-0.1507833,-0.7987554,-0.1534114,-0.581769,moving,68.61978,-0.2317397,8.486071,9.820764
05/11/2023 13:10:01.498132,2986,True,True,True,True,Eyes,0.5138596,0.1762898,-1.910167,-0.9291407,0.002414677,-0.3697183,0.0,0.0,0.0,0.0,0.0,0.0,0.0,1.817143,-0.4429133,-0.895,0.3511019,0.1686103,-2.036542,0.002519087,0.8912038,-0.08152632,-0.4462095,8.225247,233.5146,4.476405,0.2968534,0.0915017,-0.9505287,0.0,0.0,0.0,-1.252974,0.1831241,-2.088843,0.3086999,0.3554299,2.069,-0.6017817,0.07724569,0.7949166,-0.0682656,0.9866942,-0.1475612,-0.7957381,-0.1430651,-0.5885012,moving,68.30169,-0.3742006,8.48607,9.747595
05/11/2023 13:10:01.508160,2987,True,True,True,True,Eyes,0.5061551,0.1762384,-1.91604,-0.9270414,0.003086889,-0.3749463,0.0,0.0,0.0,0.0,0.0,0.0,0.0,1.812779,-0.4512764,-0.9204488,0.342747,0.1709554,-2.047032,0.004296241,0.8927501,-0.08121227,-0.4431518,8.117103,233.1263,4.61476,0.2930635,0.091235,-0.9517298,0.0,0.0,0.0,-1.264161,0.1740853,-2.10605,0.308701,0.3528256,2.069001,-0.6071963,0.07964967,0.7905499,-0.06430779,0.9867722,-0.1488123,-0.7919455,-0.1411968,-0.5940423,moving,67.9789,-0.4716988,8.486096,9.677527
05/11/2023 13:10:01.528163,2988,True,True,True,True,Eyes,0.4984318,0.1762677,-1.922113,-0.9248719,0.003952399,-0.3802583,0.0,0.0,0.0,0.0,0.0,0.0,0.0,1.807741,-0.4630665,-0.9463358,0.3337933,0.1743744,-2.058174,0.005119758,0.8942992,-0.08228064,-0.4398099,8.202006,232.7142,4.72512,0.2892178,0.09097615,-0.9529302,0.0,0.0,0.0,-1.275105,0.1677251,-2.123351,0.3087005,0.3501446,2.069,-0.6130823,0.08153289,0.7858008,-0.0632185,0.9864074,-0.1516705,-0.7874858,-0.1426636,-0.5995945,moving,67.65014,-0.5955101,8.486086,9.605367
05/11/2023 13:10:01.538720,2989,True,True,True,True,Eyes,0.4907123,0.1763255,-1.928344,-0.9226366,0.004256256,-0.3856469,0.0,0.0,0.0,0.0,0.0,0.0,0.0,1.80251,-0.4664295,-0.9752624,0.3256082,0.1764379,-2.068956,0.007314077,0.896174,-0.08025631,-0.4363229,7.901162,232.2531,4.815164,0.2853197,0.09072746,-0.9541283,0.0,0.0,0.0,-1.285773,0.1717061,-2.141252,0.3087006,0.3474986,2.069,-0.6191379,0.08314469,0.7808686,-0.05692595,0.9870108,-0.1502298,-0.7832165,-0.1374646,-0.6063627,moving,67.31588,-0.6323287,8.486088,9.534118
05/11/2023 13:10:01.557874,2990,True,True,True,True,Eyes,0.4829857,0.1764212,-1.934719,-0.920333,0.004239684,-0.3911127,0.0,0.0,0.0,0.0,0.0,0.0,0.0,1.795867,-0.4819463,-0.9985292,0.3180107,0.1772657,-2.078922,0.006128944,0.897679,-0.0846641,-0.432397,8.435855,231.7991,4.88418,0.2813736,0.09048847,-0.9553221,0.0,0.0,0.0,-1.295635,0.1624461,-2.161047,0.3087004,0.3446911,2.069001,-0.6259908,0.08422066,0.7752694,-0.06221335,0.9855888,-0.1573026,-0.7773451,-0.1467021,-0.6117299,moving,66.97603,-0.6210653,8.486078,9.458484
05/11/2023 13:10:01.577892,2991,True,True,True,True,Eyes,0.4752813,0.1765579,-1.941232,-0.9179956,0.003844067,-0.3965717,0.0,0.0,0.0,0.0,0.0,0.0,0.0,1.788652,-0.4952048,-1.022664,0.3101271,0.178339,-2.088626,0.004962526,0.8992522,-0.08823574,-0.4284104,8.884339,231.3285,4.907871,0.2773837,0.0902594,-0.9565098,0.0,0.0,0.0,-1.305841,0.180104,-2.181945,0.3086998,0.3419683,2.069001,-0.6328801,0.08452734,0.7696221,-0.06667709,0.9843796,-0.1629444,-0.7713737,-0.1544403,-0.6173582,moving,66.63578,-0.5553648,8.486065,9.385104
05/11/2023 13:10:01.588397,2992,True,True,True,True,Eyes,0.4675892,0.1767287,-1.94786,-0.9155954,0.003374112,-0.4020865,0.0,0.0,0.0,0.0,0.0,0.0,0.0,1.782154,-0.5069492,-1.045366,0.3027158,0.179579,-2.098088,0.004072329,0.9006875,-0.09109978,-0.4247898,9.244342,230.8982,4.924748,0.2733551,0.09004053,-0.9576896,0.0,0.0,0.0,-1.314754,0.1827635,-2.200949,0.3087,0.3393462,2.069002,-0.6390741,0.08473232,0.7644637,-0.07006073,0.9833685,-0.1675646,-0.7659476,-0.1606451,-0.6225089,moving,66.29118,-0.4807867,8.486065,9.314405
05/11/2023 13:10:01.608004,2993,True,True,True,True,Eyes,0.4599316,0.1769486,-1.954638,-0.9131268,0.003004408,-0.4076645,0.0,0.0,0.0,0.0,0.0,0.0,0.0,1.775035,-0.5158021,-1.069636,0.2953232,0.180581,-2.107392,0.004349585,0.902251,-0.09236569,-0.4211801,9.381662,230.4562,4.980415,0.2692924,0.08983187,-0.9588594,0.0,0.0,0.0,-1.324428,0.1825146,-2.217763,0.3087,0.3366563,2.069001,-0.6451767,0.08565401,0.7592168,-0.06995635,0.9828994,-0.170338,-0.7608238,-0.1630102,-0.6281517,moving,65.94168,-0.422251,8.486069,9.241854
05/11/2023 13:10:01.627872,2994,True,True,True,True,Eyes,0.4522752,0.1772399,-1.96153,-0.9105616,0.002897021,-0.4133635,0.0,0.0,0.0,0.0,0.0,0.0,0.0,1.767073,-0.5206239,-1.097343,0.2879164,0.1820623,-2.117007,0.005209476,0.9041411,-0.09190103,-0.4172001,9.313493,229.9483,5.005573,0.2652003,0.08963402,-0.9600177,0.0,0.0,0.0,-1.333463,0.1822566,-2.233256,0.3087001,0.3340749,2.069001,-0.6518338,0.08610246,0.753458,-0.06726205,0.9830542,-0.1705298,-0.7553731,-0.1618362,-0.6349965,moving,65.5836,-0.4015459,8.486072,9.172199
05/11/2023 13:10:01.638820,2995,True,True,True,True,Eyes,0.4446027,0.1775398,-1.968526,-0.907915,0.003309038,-0.4191412,0.0,0.0,0.0,0.0,0.0,0.0,0.0,1.758336,-0.5178487,-1.128988,0.2802884,0.1840151,-2.126523,0.006595424,0.9063946,-0.08881535,-0.4129376,8.949072,229.3743,4.954103,0.261082,0.08944878,-0.9611631,0.0,0.0,0.0,-1.341901,0.1667137,-2.249223,0.3086998,0.3314117,2.069001,-0.6588784,0.08530649,0.7473971,-0.06139426,0.9841367,-0.1664505,-0.7497402,-0.1555565,-0.6431891,moving,65.21947,-0.4523296,8.486064,9.100307
05/11/2023 13:10:01.657985,2996,True,True,True,True,Eyes,0.4369416,0.1778243,-1.975598,-0.905208,0.003847042,-0.4249515,0.0,0.0,0.0,0.0,0.0,0.0,0.0,1.750833,-0.501871,-1.163482,0.2723808,0.1843779,-2.136069,0.008681266,0.9087853,-0.08212296,-0.4090109,8.173017,228.8052,4.807507,0.2569402,0.08927476,-0.9622948,0.0,0.0,0.0,-1.350206,0.1758444,-2.267862,0.3087,0.3287848,2.069,-0.6652696,0.08295719,0.7419803,-0.05139957,0.986361,-0.1563658,-0.7448321,-0.1421628,-0.6519319,moving,64.85221,-0.5186786,8.486073,9.029372
05/11/2023 13:10:01.678341,2997,True,True,True,True,Eyes,0.4292802,0.1781139,-1.982771,-0.9024435,0.004358097,-0.4307862,0.0,0.0,0.0,0.0,0.0,0.0,0.0,1.743828,-0.496951,-1.190325,0.2649889,0.1842716,-2.144899,0.008952713,0.910522,-0.07996978,-0.4055544,7.953357,228.3442,4.700994,0.2527786,0.08910961,-0.9634117,0.0,0.0,0.0,-1.357494,0.1789421,-2.286906,0.3087004,0.3261206,2.069001,-0.6708909,0.08116747,0.7371004,-0.0485609,0.9870493,-0.1528901,-0.7399642,-0.1383668,-0.6582609,moving,64.48228,-0.5796193,8.486081,8.957394
05/11/2023 13:10:01.697770,2998,True,True,True,True,Eyes,0.4216287,0.1783811,-1.990011,-0.8995975,0.005067261,-0.4366907,0.0,0.0,0.0,0.0,0.0,0.0,0.0,1.735281,-0.4980158,-1.217407,0.2572311,0.1846645,-2.154305,0.01039896,0.912204,-0.07863074,-0.4019863,7.76406,227.8869,4.758112,0.2485999,0.08895212,-0.9645129,0.0,0.0,0.0,-1.365208,0.1806767,-2.305957,0.3087003,0.3233859,2.069,-0.6765978,0.08218889,0.7317516,-0.04424501,0.9874182,-0.151815,-0.7350223,-0.135094,-0.6644485,moving,64.10671,-0.6648175,8.486081,8.883488
05/11/2023 13:10:01.707970,2999,True,True,True,True,Eyes,0.4140015,0.1786371,-1.997307,-0.8966982,0.005278036,-0.4426109,0.0,0.0,0.0,0.0,0.0,0.0,0.0,1.72504,-0.4976385,-1.245703,0.249809,0.1843286,-2.163054,0.01275331,0.9140365,-0.07662348,-0.3981253,7.46488,227.3913,4.878685,0.2444077,0.08880003,-0.9655978,0.0,0.0,0.0,-1.37279,0.1946573,-2.323703,0.3086995,0.3208018,2.069,-0.6826675,0.08432547,0.7258477,-0.03769752,0.9879324,-0.1502281,-0.7297565,-0.1299185,-0.6712504,moving,63.72902,-0.683207,8.486062,8.813623
05/11/2023 13:10:01.727775,3000,True,True,True,True,Eyes,0.4063854,0.1789004,-2.004661,-0.8937263,0.005287825,-0.4485815,0.0,0.0,0.0,0.0,0.0,0.0,0.0,1.713512,-0.5117385,-1.269151,0.2427357,0.184398,-2.171593,0.01228904,0.9155885,-0.08011895,-0.3938627,7.876113,226.8938,4.958286,0.2402056,0.08865184,-0.9666652,0.0,0.0,0.0,-1.379603,0.2029415,-2.342994,0.3087004,0.3180605,2.069,-0.6894427,0.08561513,0.7192631,-0.04060831,0.9868598,-0.1563924,-0.7232015,-0.1370316,-0.6769066,moving,63.34689,-0.6753646,8.486086,8.739478
05/11/2023 13:10:01.739230,3001,True,True,True,True,Eyes,0.3988053,0.1791283,-2.01207,-0.8906928,0.004943443,-0.4545788,0.0,0.0,0.0,0.0,0.0,0.0,0.0,1.702273,-0.5230819,-1.292922,0.2353787,0.1848752,-2.180232,0.01210575,0.9171079,-0.08255182,-0.3898102,8.162433,226.4133,5.016897,0.2359965,0.08850718,-0.9677147,0.0,0.0,0.0,-1.385646,0.2098203,-2.364849,0.3087002,0.3154369,2.069,-0.6958031,0.08656365,0.7129971,-0.04215452,0.9860773,-0.1608558,-0.7169946,-0.14198,-0.6824666,moving,62.9618,-0.6230542,8.486077,8.668483
05/11/2023 13:10:01.757704,3002,True,True,True,True,Eyes,0.3912709,0.1793367,-2.019496,-0.8875998,0.004065399,-0.4605976,0.0,0.0,0.0,0.0,0.0,0.0,0.0,1.69208,-0.5337592,-1.314592,0.2283923,0.1843532,-2.188615,0.01250419,0.9183947,-0.08474485,-0.3862812,8.395086,226.0004,5.128869,0.2317843,0.0883636,-0.9687452,0.0,0.0,0.0,-1.390904,0.2072613,-2.387965,0.3086995,0.31279,2.069,-0.7012613,0.08843824,0.7073979,-0.0425031,0.985324,-0.1653187,-0.7116366,-0.1459982,-0.6872106,moving,62.57408,-0.5056999,8.48606,8.596836
05/11/2023 13:10:01.778024,3003,True,True,True,True,Eyes,0.3837687,0.1795366,-2.026963,-0.8844045,0.002889,-0.4667123,0.0,0.0,0.0,0.0,0.0,0.0,0.0,1.678787,-0.5623382,-1.331402,0.2219457,0.184193,-2.196359,0.01197662,0.9193956,-0.09209825,-0.3822125,9.218169,225.5809,5.3727,0.2275732,0.08821986,-0.9697562,0.0,0.0,0.0,-1.396395,0.1962345,-2.409384,0.3087001,0.310121,2.069001,-0.7075405,0.09242471,0.7006029,-0.04837972,0.9827489,-0.1785047,-0.705015,-0.1601942,-0.6908631,moving,62.17878,-0.3546626,8.486073,8.524561
05/11/2023 13:10:01.797821,3004,True,True,True,True,Eyes,0.3763063,0.1797298,-2.034437,-0.8810887,0.001459833,-0.4729487,0.0,0.0,0.0,0.0,0.0,0.0,0.0,1.663184,-0.5796303,-1.355916,0.2151269,0.1842696,-2.204637,0.01270924,0.9210534,-0.09556842,-0.377314,9.581856,225.0197,5.55965,0.2233665,0.0880753,-0.9707469,0.0,0.0,0.0,-1.402271,0.1940381,-2.429522,0.3087003,0.3074525,2.069001,-0.7149453,0.09553037,0.6926233,-0.04870682,0.9814103,-0.185638,-0.6974818,-0.1664565,-0.6970018,moving,61.7741,-0.1768521,8.486076,8.452271
05/11/2023 13:10:01.808593,3005,True,True,True,True,Eyes,0.368861,0.1799338,-2.041932,-0.87766,-8.293688e-05,-0.4792838,0.0,0.0,0.0,0.0,0.0,0.0,0.0,1.646778,-0.5927924,-1.381265,0.2086016,0.1843716,-2.212164,0.01165523,0.9229198,-0.09887901,-0.3718955,10.01149,224.38,5.53932,0.2191673,0.08792952,-0.9717168,0.0,0.0,0.0,-1.407702,0.191305,-2.448723,0.3087,0.3047096,2.069001,-0.7231159,0.095059,0.6841545,-0.05203164,0.9801741,-0.1911839,-0.6887643,-0.1738458,-0.7038335,moving,61.36137,0.009914656,8.486071,8.377943
05/11/2023 13:10:01.828009,3006,True,True,True,True,Eyes,0.3614323,0.1801412,-2.049456,-0.8741221,-0.001357956,-0.4857042,0.0,0.0,0.0,0.0,0.0,0.0,0.0,1.631452,-0.6020167,-1.407047,0.2016337,0.184907,-2.220133,0.01020854,0.9247463,-0.1011826,-0.3667455,10.34929,223.7578,5.430414,0.2149777,0.08778301,-0.9726655,0.0,0.0,0.0,-1.412282,0.1791535,-2.470145,0.3087005,0.3019918,2.069,-0.7307872,0.09309712,0.6762272,-0.05533589,0.9793158,-0.1946243,-0.6803589,-0.1796486,-0.7105199,moving,60.94135,0.16019,8.48609,8.304268
05/11/2023 13:10:01.843660,3007,True,True,True,True,Eyes,0.3540366,0.1803399,-2.057009,-0.8703989,-0.002804981,-0.4923392,0.0,0.0,0.0,0.0,0.0,0.0,0.0,1.617399,-0.6007975,-1.435418,0.1946961,0.1852532,-2.228259,0.01036672,0.9267077,-0.09998223,-0.3620894,10.24172,223.1629,5.342107,0.2107993,0.08763579,-0.9735929,0.0,0.0,0.0,-1.41622,0.1689826,-2.492356,0.3087002,0.2993592,2.069,-0.7375674,0.09161887,0.6690291,-0.05319117,0.9797922,-0.192816,-0.6731752,-0.1778013,-0.7177894,moving,60.50543,0.326425,8.486078,8.232868
05/11/2023 13:10:01.859615,3008,True,True,True,True,Eyes,0.3466633,0.1805228,-2.0646,-0.8665386,-0.004072927,-0.4990935,0.0,0.0,0.0,0.0,0.0,0.0,0.0,1.602728,-0.59419,-1.466081,0.1879793,0.1851721,-2.236419,0.01047158,0.928885,-0.09755005,-0.3571372,10.00569,222.5163,5.192825,0.2066344,0.08748733,-0.9744987,0.0,0.0,0.0,-1.420244,0.154301,-2.513453,0.3087003,0.2967115,2.069001,-0.7446868,0.08913129,0.6614357,-0.0502237,0.9807487,-0.1887051,-0.6655217,-0.173746,-0.7258741,moving,60.05968,0.4675604,8.486075,8.161036
05/11/2023 13:10:01.877910,3009,True,True,True,True,Eyes,0.3393117,0.1806648,-2.072224,-0.8624816,-0.005344809,-0.5060602,0.0,0.0,0.0,0.0,0.0,0.0,0.0,1.585657,-0.5899726,-1.497918,0.1811237,0.1849553,-2.244798,0.01084928,0.9311573,-0.09564351,-0.3516828,9.816153,221.8191,5.093243,0.2024844,0.08733677,-0.9753829,0.0,0.0,0.0,-1.424643,0.1450515,-2.532951,0.3086995,0.2939657,2.069,-0.7524032,0.08747713,0.6528687,-0.04706758,0.9814692,-0.1857493,-0.6570193,-0.1704873,-0.7343432,moving,59.59777,0.6051131,8.48606,8.08652
05/11/2023 13:10:01.898056,3010,True,True,True,True,Eyes,0.3319863,0.1807636,-2.079864,-0.858277,-0.006683269,-0.5131434,0.0,0.0,0.0,0.0,0.0,0.0,0.0,1.566511,-0.5865011,-1.530511,0.1742591,0.1841055,-2.253029,0.01172647,0.9334921,-0.0938856,-0.3458911,9.623362,221.0885,5.053217,0.1983506,0.08718221,-0.9762458,0.0,0.0,0.0,-1.429123,0.136797,-2.551599,0.3087001,0.291287,2.069,-0.760444,0.0868415,0.6435712,-0.04305525,0.982096,-0.1833951,-0.647975,-0.1671708,-0.74309,moving,59.1258,0.7461881,8.486076,8.013795
05/11/2023 13:10:01.908176,3011,True,True,True,True,Eyes,0.32467,0.1808363,-2.087527,-0.853933,-0.008320531,-0.5203165,0.0,0.0,0.0,0.0,0.0,0.0,0.0,1.546023,-0.5924166,-1.559566,0.1675337,0.1831991,-2.26092,0.01153833,0.9355724,-0.09503531,-0.339911,9.786704,220.364,5.018069,0.194235,0.08702193,-0.9770873,0.0,0.0,0.0,-1.433223,0.1321301,-2.571437,0.3086998,0.2887146,2.069002,-0.7686549,0.08619698,0.6338297,-0.04301722,0.9816703,-0.1856688,-0.6382159,-0.1699808,-0.7508578,moving,58.64531,0.9161553,8.486061,7.943926
05/11/2023 13:10:01.928392,3012,True,True,True,True,Eyes,0.3173761,0.1808759,-2.095213,-0.8494645,-0.009973483,-0.5275515,0.0,0.0,0.0,0.0,0.0,0.0,0.0,1.5263,-0.5987313,-1.587492,0.1606308,0.1826704,-2.269147,0.01084683,0.9375054,-0.09639519,-0.3341764,9.990947,219.6693,4.937508,0.1901377,0.08685514,-0.9779077,0.0,0.0,0.0,-1.437086,0.1334199,-2.592684,0.3087001,0.2859906,2.069001,-0.776417,0.08476391,0.6244932,-0.04408808,0.9811807,-0.1879915,-0.6286756,-0.1734925,-0.7580682,moving,58.15807,1.083061,8.486071,7.86992
05/11/2023 13:10:01.945435,3013,True,True,True,True,Eyes,0.3100924,0.1808867,-2.102917,-0.8449036,-0.01177661,-0.534789,0.0,0.0,0.0,0.0,0.0,0.0,0.0,1.507221,-0.6023108,-1.615027,0.1538462,0.1819448,-2.277286,0.0104828,0.9393713,-0.09697758,-0.3287356,10.09634,219.0051,4.862634,0.1860603,0.08668087,-0.9787071,0.0,0.0,0.0,-1.440116,0.1333931,-2.615036,0.3087,0.283323,2.069002,-0.783646,0.08345445,0.6155764,-0.04406547,0.9809709,-0.189088,-0.6196429,-0.1753037,-0.7650566,moving,57.66789,1.261509,8.486067,7.797418
05/11/2023 13:10:01.958333,3014,True,True,True,True,Eyes,0.3028282,0.1808638,-2.110656,-0.8401958,-0.01354905,-0.542114,0.0,0.0,0.0,0.0,0.0,0.0,0.0,1.487316,-0.6083472,-1.641953,0.1471363,0.1812764,-2.285541,0.01032869,0.9411703,-0.09804331,-0.3232324,10.24594,218.3418,4.828059,0.1820031,0.08649844,-0.9794858,0.0,0.0,0.0,-1.442841,0.1278414,-2.637774,0.3087006,0.2805551,2.069001,-0.7908281,0.08282366,0.6064081,-0.04393943,0.9805616,-0.191228,-0.6104588,-0.1778738,-0.7718166,moving,57.16895,1.431695,8.486084,7.722167
05/11/2023 13:10:01.978329,3015,True,True,True,True,Eyes,0.2955929,0.1808033,-2.118437,-0.8353755,-0.0153245,-0.549466,0.0,0.0,0.0,0.0,0.0,0.0,0.0,1.465048,-0.6135775,-1.670866,0.1403087,0.1804537,-2.293988,0.01102123,0.9431174,-0.09856443,-0.3173222,10.30692,217.6307,4.859284,0.1779669,0.08630699,-0.9802441,0.0,0.0,0.0,-1.445053,0.1201644,-2.660259,0.3087,0.2778782,2.069002,-0.7983708,0.08334199,0.5963715,-0.04176474,0.9803272,-0.1929102,-0.6007167,-0.1789211,-0.7791837,moving,56.66519,1.597554,8.486067,7.649362
05/11/2023 13:10:01.997810,3016,True,True,True,True,Eyes,0.288366,0.180719,-2.126254,-0.8303869,-0.0170607,-0.5569259,0.0,0.0,0.0,0.0,0.0,0.0,0.0,1.440844,-0.6168423,-1.701256,0.1333877,0.1794842,-2.302344,0.01198366,0.9451933,-0.09854204,-0.3110554,10.30147,216.8734,4.895195,0.1739529,0.08610554,-0.9809821,0.0,0.0,0.0,-1.447675,0.1136608,-2.682404,0.3087002,0.2752607,2.069001,-0.806202,0.08395783,0.5856533,-0.03865032,0.9802917,-0.1937377,-0.5903768,-0.1788274,-0.7870681,moving,56.15094,1.754633,8.486074,7.57815
05/11/2023 13:10:02.008197,3017,True,True,True,True,Eyes,0.2811478,0.1805976,-2.134122,-0.8253115,-0.01869779,-0.5643681,0.0,0.0,0.0,0.0,0.0,0.0,0.0,1.415362,-0.6226535,-1.731207,0.1263232,0.1788321,-2.310862,0.01301406,0.9472112,-0.09904062,-0.3046516,10.35201,216.108,4.956903,0.1699612,0.08589391,-0.9817001,0.0,0.0,0.0,-1.450371,0.1100421,-2.703966,0.3086995,0.2725996,2.069,-0.8140363,0.0849999,0.5745611,-0.03569166,0.9800432,-0.1955543,-0.5797168,-0.1796953,-0.7947569,moving,55.63473,1.897543,8.486062,7.505733
05/11/2023 13:10:02.027925,3018,True,True,True,True,Eyes,0.2739284,0.1804353,-2.142023,-0.8200593,-0.02018102,-0.5719227,0.0,0.0,0.0,0.0,0.0,0.0,0.0,1.389346,-0.6226138,-1.763059,0.1189447,0.1779397,-2.31959,0.01469567,0.9493225,-0.09796917,-0.2982832,10.20914,215.336,5.033379,0.165992,0.08567128,-0.9823985,0.0,0.0,0.0,-1.454023,0.110093,-2.723824,0.3086999,0.2698591,2.069,-0.8216224,0.08634699,0.5634545,-0.03054325,0.9803722,-0.1947756,-0.5692134,-0.1772417,-0.8028583,moving,55.10746,2.020917,8.486071,7.431124
05/11/2023 13:10:02.040674,3019,True,True,True,True,Eyes,0.2666988,0.1802316,-2.149966,-0.8147146,-0.02164447,-0.5794581,0.0,0.0,0.0,0.0,0.0,0.0,0.0,1.362336,-0.6221554,-1.794699,0.1116487,0.176767,-2.328147,0.01618435,0.9514244,-0.0969956,-0.2917559,10.08589,214.5462,5.092632,0.1620448,0.08543681,-0.9830776,0.0,0.0,0.0,-1.458615,0.1129978,-2.741535,0.3087004,0.2672353,2.069,-0.8292331,0.08739445,0.5520278,-0.02580171,0.9806599,-0.1940117,-0.558307,-0.1751242,-0.8109407,moving,54.57801,2.139172,8.486084,7.359667
05/11/2023 13:10:02.058313,3020,True,True,True,True,Eyes,0.2594598,0.1800072,-2.157953,-0.8091848,-0.02304759,-0.587102,0.0,0.0,0.0,0.0,0.0,0.0,0.0,1.335022,-0.6234134,-1.825405,0.1041873,0.1755694,-2.336953,0.01694226,0.9534284,-0.09672494,-0.2851867,10.06569,213.7548,5.097066,0.158119,0.08518978,-0.9837381,0.0,0.0,0.0,-1.463097,0.1131979,-2.759209,0.3087,0.2644873,2.069,-0.8367631,0.08747581,0.5405328,-0.02286287,0.9807145,-0.194104,-0.5470878,-0.1747772,-0.8186258,moving,54.03733,2.24808,8.486073,7.284803
05/11/2023 13:10:02.077860,3021,True,True,True,True,Eyes,0.2522018,0.1797661,-2.165988,-0.8035482,-0.02443353,-0.5947379,0.0,0.0,0.0,0.0,0.0,0.0,0.0,1.306216,-0.6254292,-1.85623,0.09666751,0.1748468,-2.345855,0.0176579,0.9554417,-0.09655518,-0.2783819,10.05971,212.9375,5.098421,0.1542141,0.08493044,-0.9843802,0.0,0.0,0.0,-1.467451,0.1105339,-2.77693,0.3087003,0.2618736,2.069001,-0.8443833,0.08750061,0.5285453,-0.02001623,0.9807306,-0.194337,-0.5353652,-0.1746744,-0.8263612,moving,53.49339,2.352552,8.486079,7.213575
05/11/2023 13:10:02.089647,3022,True,True,True,True,Eyes,0.2449202,0.1795103,-2.17407,-0.7977183,-0.02573979,-0.6024806,0.0,0.0,0.0,0.0,0.0,0.0,0.0,1.276626,-0.6219368,-1.888682,0.08889815,0.1741836,-2.354879,0.01862298,0.9575524,-0.09504211,-0.2715026,9.898495,212.1005,5.082617,0.150329,0.0846592,-0.9850044,0.0,0.0,0.0,-1.472097,0.1110355,-2.794223,0.3087006,0.2592514,2.069,-0.8518791,0.08727332,0.5164161,-0.01594341,0.9812404,-0.192128,-0.5234959,-0.1719032,-0.8345068,moving,52.9379,2.446361,8.486088,7.142096
05/11/2023 13:10:02.108167,3023,True,True,True,True,Eyes,0.2376368,0.1792195,-2.182217,-0.7917776,-0.0270556,-0.6102101,0.0,0.0,0.0,0.0,0.0,0.0,0.0,1.245851,-0.6221099,-1.919815,0.08099289,0.1735726,-2.36393,0.01925328,0.9595501,-0.09450795,-0.264502,9.856733,211.2588,5.062747,0.1464629,0.08437659,-0.9856108,0.0,0.0,0.0,-1.476786,0.1098001,-2.810907,0.3086999,0.2565079,2.069,-0.8593361,0.08694405,0.5039666,-0.01304611,0.9813951,-0.1915553,-0.511245,-0.1711851,-0.842214,moving,52.37915,2.538727,8.48607,7.067284
05/11/2023 13:10:02.127883,3024,True,True,True,True,Eyes,0.2303208,0.178889,-2.190394,-0.7856507,-0.02835482,-0.6180202,0.0,0.0,0.0,0.0,0.0,0.0,0.0,1.212724,-0.6186526,-1.952654,0.07282431,0.1725385,-2.373018,0.02009035,0.9616712,-0.09320818,-0.2570939,9.726254,210.3639,5.038757,0.1426156,0.08408202,-0.9862,0.0,0.0,0.0,-1.480928,0.1089165,-2.829705,0.3087001,0.2538533,2.069001,-0.8669981,0.08656712,0.4907344,-0.00928588,0.9818173,-0.1896014,-0.4982247,-0.168941,-0.8504299,moving,51.81018,2.626893,8.486073,6.994869
05/11/2023 13:10:02.143313,3025,True,True,True,True,Eyes,0.2229634,0.1785491,-2.198599,-0.7794161,-0.03008623,-0.6257837,0.0,0.0,0.0,0.0,0.0,0.0,0.0,1.181896,-0.6166455,-1.982212,0.0646558,0.1712794,-2.381759,0.01921047,0.9635529,-0.09284822,-0.250152,9.748126,209.5216,4.858533,0.1387859,0.08377499,-0.9867724,0.0,0.0,0.0,-1.483129,0.1123303,-2.852735,0.3087003,0.2511155,2.069,-0.8741097,0.08347294,0.4785021,-0.009431734,0.9820203,-0.1885394,-0.4856367,-0.1693172,-0.8576062,moving,51.23945,2.752529,8.486081,6.920169
05/11/2023 13:10:02.159439,3026,True,True,True,True,Eyes,0.2155648,0.1781977,-2.206848,-0.7730358,-0.0317288,-0.6335684,0.0,0.0,0.0,0.0,0.0,0.0,0.0,1.151109,-0.6265627,-2.007486,0.05649698,0.170803,-2.390662,0.01738881,0.9650964,-0.09523401,-0.243346,10.09943,208.7155,4.655886,0.1349724,0.08345641,-0.9873283,0.0,0.0,0.0,-1.484199,0.1066627,-2.877135,0.3086998,0.2485332,2.069001,-0.8809609,0.07991339,0.4663927,-0.01278588,0.9812562,-0.192283,-0.4730167,-0.175357,-0.8634266,moving,50.66248,2.86695,8.486065,6.849684
05/11/2023 13:10:02.177913,3027,True,True,True,True,Eyes,0.208132,0.1778173,-2.215106,-0.7663836,-0.0339794,-0.6414838,0.0,0.0,0.0,0.0,0.0,0.0,0.0,1.122735,-0.6225215,-2.035284,0.04804976,0.1701893,-2.399827,0.01656678,0.9667354,-0.09422298,-0.2372136,10.03895,207.966,4.469386,0.1311738,0.08312695,-0.9878679,0.0,0.0,0.0,-1.485163,0.1066475,-2.902717,0.3087007,0.2457655,2.069002,-0.8869109,0.07673332,0.4555236,-0.01267055,0.9816951,-0.1900371,-0.4617674,-0.1743177,-0.8697038,moving,50.06976,3.032124,8.486085,6.774113
05/11/2023 13:10:02.187969,3028,True,True,True,True,Eyes,0.2006673,0.177432,-2.22339,-0.7595816,-0.03630608,-0.649398,0.0,0.0,0.0,0.0,0.0,0.0,0.0,1.09354,-0.6287825,-2.05889,0.0400097,0.1691873,-2.408319,0.01552182,0.9680949,-0.09566087,-0.2310847,10.25584,207.2392,4.328259,0.1273894,0.08278655,-0.9883916,0.0,0.0,0.0,-1.486437,0.1044262,-2.926624,0.3087005,0.2431095,2.069001,-0.8927178,0.07426471,0.4444543,-0.01415834,0.9812161,-0.1923913,-0.4503936,-0.1780439,-0.8748978,moving,49.47149,3.199921,8.486082,6.701575
05/11/2023 13:10:02.208001,3029,True,True,True,True,Eyes,0.1931868,0.1771014,-2.231714,-0.7525113,-0.03897317,-0.6574252,0.0,0.0,0.0,0.0,0.0,0.0,0.0,1.062373,-0.6366543,-2.082774,0.03171379,0.1687329,-2.417113,0.01481213,0.969455,-0.09720758,-0.2246961,10.4758,206.486,4.222567,0.1236185,0.08243623,-0.9888996,0.0,0.0,0.0,-1.488081,0.09368628,-2.948963,0.3086997,0.2402479,2.069,-0.8985845,0.0724037,0.4327858,-0.01496494,0.9806626,-0.1951332,-0.4385452,-0.1818203,-0.8801246,moving,48.85819,3.392611,8.486065,6.623402
05/11/2023 13:10:02.228053,3030,True,True,True,True,Eyes,0.1856717,0.1769032,-2.240091,-0.7452847,-0.04162838,-0.6654456,0.0,0.0,0.0,0.0,0.0,0.0,0.0,1.030359,-0.6439081,-2.10696,0.02346608,0.1698301,-2.426137,0.01441343,0.970839,-0.09818105,-0.2182304,10.62295,205.7218,4.133098,0.1198612,0.0820794,-0.9893916,0.0,0.0,0.0,-1.490523,0.09325839,-2.970923,0.3086997,0.2378563,2.069,-0.9043358,0.07083841,0.4209028,-0.01486594,0.9803054,-0.1969269,-0.4265633,-0.1843451,-0.8854723,moving,48.23915,3.579596,8.486063,6.558044
05/11/2023 13:10:02.241330,3031,True,True,True,True,Eyes,0.1781475,0.1768543,-2.248554,-0.7377753,-0.04407252,-0.6736062,0.0,0.0,0.0,0.0,0.0,0.0,0.0,0.997291,-0.6526577,-2.131153,0.01504929,0.1728366,-2.435624,0.01427316,0.9722074,-0.0989837,-0.2116865,10.74408,204.95,4.06585,0.1161168,0.08172257,-0.9898676,0.0,0.0,0.0,-1.492601,0.09775976,-2.993861,0.3087,0.2352028,2.069001,-0.90997,0.06965996,0.4087808,-0.01415408,0.979997,-0.1985082,-0.414432,-0.1864225,-0.890782,moving,47.60319,3.743397,8.486067,6.485507
05/11/2023 13:10:02.258121,3032,True,True,True,True,Eyes,0.1706039,0.1768976,-2.257069,-0.7300526,-0.04598806,-0.6818417,0.0,0.0,0.0,0.0,0.0,0.0,0.0,0.9622699,-0.6454101,-2.161121,0.006689794,0.1763804,-2.445773,0.01585862,0.973962,-0.09582396,-0.204852,10.37911,204.1272,4.08968,0.1123856,0.08137217,-0.9903271,0.0,0.0,0.0,-1.494824,0.1004783,-3.017117,0.3086998,0.232456,2.069002,-0.9155684,0.07015084,0.3959968,-0.008368071,0.9811326,-0.1931551,-0.4020754,-0.1801604,-0.8977069,moving,46.95568,3.858574,8.486062,6.410401
05/11/2023 13:10:02.277926,3033,True,True,True,True,Eyes,0.163071,0.1770484,-2.265639,-0.7220168,-0.04815949,-0.6901973,0.0,0.0,0.0,0.0,0.0,0.0,0.0,0.9244126,-0.6256571,-2.194292,-0.001410395,0.1785381,-2.455407,0.01776157,0.9759902,-0.09032626,-0.1974059,9.747274,203.2181,4.092235,0.1086675,0.08103148,-0.9907698,0.0,0.0,0.0,-1.496743,0.1232642,-3.04268,0.3087009,0.2298685,2.069001,-0.9214312,0.0703321,0.3821237,-0.0009916443,0.9830514,-0.1833275,-0.3885411,-0.1693026,-0.9057445,moving,46.29075,3.991425,8.486093,6.33963
05/11/2023 13:10:02.298209,3034,True,True,True,True,Eyes,0.1555255,0.1772817,-2.274272,-0.7137396,-0.04994879,-0.6986278,0.0,0.0,0.0,0.0,0.0,0.0,0.0,0.8806379,-0.6371776,-2.219778,-0.009214923,0.181355,-2.464946,0.01833717,0.9775362,-0.0917031,-0.1888848,9.925002,202.2289,4.103831,0.1049641,0.08070414,-0.9911957,0.0,0.0,0.0,-1.497846,0.1276689,-3.065883,0.3087007,0.2272681,2.069001,-0.9279727,0.07049312,0.3659202,0.001207862,0.9825085,-0.1862134,-0.3726465,-0.172359,-0.9118263,moving,45.61302,4.089436,8.486086,6.268486
05/11/2023 13:10:02.308378,3035,True,True,True,True,Eyes,0.1480032,0.1775535,-2.282915,-0.7052063,-0.05207925,-0.7070869,0.0,0.0,0.0,0.0,0.0,0.0,0.0,0.8385639,-0.6237112,-2.251042,-0.01717155,0.1835002,-2.474961,0.01976358,0.9794095,-0.08779368,-0.180717,9.487285,201.2489,4.095654,0.1012755,0.08039222,-0.9916048,0.0,0.0,0.0,-1.498969,0.1258701,-3.090217,0.3087,0.2245499,2.069001,-0.9339016,0.0704449,0.3505216,0.006981668,0.9838033,-0.1791152,-0.3574621,-0.1648287,-0.9192674,moving,44.92371,4.212415,8.486069,6.194101
05/11/2023 13:10:02.328412,3036,True,True,True,True,Eyes,0.1405097,0.1778673,-2.291585,-0.6964491,-0.05438736,-0.7155423,0.0,0.0,0.0,0.0,0.0,0.0,0.0,0.7960912,-0.6337637,-2.27337,-0.02421048,0.1847705,-2.483727,0.01959583,0.9807514,-0.08938751,-0.17249,9.704899,200.2921,4.030066,0.09760348,0.08009581,-0.9919969,0.0,0.0,0.0,-1.498625,0.1366825,-3.115799,0.3086999,0.2218742,2.069001,-0.9397265,0.06927418,0.3348364,0.007600355,0.9832518,-0.182094,-0.3418429,-0.1685737,-0.9245142,moving,44.22529,4.346614,8.486065,6.120856
05/11/2023 13:10:02.342081,3037,True,True,True,True,Eyes,0.1330774,0.1782431,-2.300286,-0.6875239,-0.05702958,-0.7239189,0.0,0.0,0.0,0.0,0.0,0.0,0.0,0.7541831,-0.6480148,-2.293801,-0.03112481,0.1861622,-2.492912,0.0183843,0.9819416,-0.09196695,-0.1643011,10.05371,199.3376,3.86234,0.09395017,0.07981512,-0.9923722,0.0,0.0,0.0,-1.497199,0.1158043,-3.139751,0.3087003,0.2192258,2.069002,-0.9453346,0.06632517,0.3192867,0.005884089,0.9824082,-0.1866535,-0.3260497,-0.1745712,-0.9290946,moving,43.52292,4.5044,8.486073,6.048337
05/11/2023 13:10:02.358214,3038,True,True,True,True,Eyes,0.1257036,0.1786777,-2.309018,-0.6783631,-0.05961221,-0.7323045,0.0,0.0,0.0,0.0,0.0,0.0,0.0,0.7135598,-0.6583966,-2.314044,-0.0374991,0.1881539,-2.502127,0.01758274,0.9830992,-0.09351999,-0.1564002,10.27535,198.4132,3.719076,0.09031861,0.07955113,-0.9927304,0.0,0.0,0.0,-1.495654,0.09806375,-3.163643,0.3087001,0.2165509,2.069001,-0.95046,0.06382425,0.3042251,0.005318071,0.9818897,-0.1893787,-0.3108025,-0.178379,-0.9335863,moving,42.81018,4.653821,8.486073,5.975079
05/11/2023 13:10:02.378272,3039,True,True,True,True,Eyes,0.1184024,0.1791403,-2.317786,-0.6690079,-0.06208881,-0.7406574,0.0,0.0,0.0,0.0,0.0,0.0,0.0,0.6703269,-0.6653465,-2.335292,-0.04356724,0.1899348,-2.5115,0.0179882,0.9843013,-0.09422193,-0.1481541,10.37882,197.4548,3.691471,0.08671136,0.07930455,-0.9930717,0.0,0.0,0.0,-1.4943,0.08372115,-3.185915,0.3086998,0.213918,2.069001,-0.9554538,0.06333034,0.2882667,0.007492893,0.9815973,-0.1908156,-0.2950463,-0.1801555,-0.9383455,moving,42.09031,4.791863,8.486064,5.902946
05/11/2023 13:10:02.397789,3040,True,True,True,True,Eyes,0.1111708,0.1796248,-2.32659,-0.6594024,-0.06438058,-0.7490285,0.0,0.0,0.0,0.0,0.0,0.0,0.0,0.6245711,-0.6553775,-2.361104,-0.04933566,0.1913135,-2.520988,0.01888284,0.985827,-0.09148225,-0.1393549,10.08497,196.4143,3.652892,0.0831313,0.07907466,-0.9933961,0.0,0.0,0.0,-1.492766,0.07739111,-3.208651,0.3086999,0.2112492,2.069,-0.9604475,0.06272742,0.2713047,0.01173342,0.9825489,-0.1856342,-0.2782145,-0.1751085,-0.9444227,moving,41.35887,4.912619,8.486072,5.829816
05/11/2023 13:10:02.413206,3041,True,True,True,True,Eyes,0.1040188,0.1801234,-2.335443,-0.6496479,-0.06641709,-0.7573285,0.0,0.0,0.0,0.0,0.0,0.0,0.0,0.5792726,-0.6504723,-2.384315,-0.05502435,0.1923035,-2.530538,0.01925688,0.9871436,-0.08996871,-0.1307,9.938459,195.396,3.581825,0.07958104,0.07886057,-0.9937038,0.0,0.0,0.0,-1.490193,0.07873558,-3.233772,0.3086998,0.2084652,2.069,-0.9650936,0.06153643,0.2545743,0.01450079,0.9830696,-0.1826578,-0.2615044,-0.1725903,-0.9496465,moving,40.6235,5.01197,8.48607,5.753505
05/11/2023 13:10:02.429140,3042,True,True,True,True,Eyes,-0.07235563,0.1923304,-2.557562,-0.3674719,-0.1071152,-0.9238456,0.0,0.0,0.0,0.0,0.0,0.0,0.0,0.5362712,-0.6340848,-2.409321,-0.06043776,0.1929537,-2.540392,0.02052645,0.9884995,-0.08612432,-0.1225975,9.510868,194.4383,3.586647,0.0760633,0.07866111,-0.9939952,0.0,0.0,0.0,-1.486953,0.09101364,-3.260811,0.3087006,0.2057751,2.069001,-0.9690973,0.06169802,0.2388396,0.0194635,0.9843225,-0.1753007,-0.2459109,-0.1652347,-0.9551052,moving,21.69085,6.613626,8.486086,5.679746
05/11/2023 13:10:02.448143,3043,True,True,True,True,Eyes,-0.07253237,0.1923508,-2.55796,-0.3671075,-0.1072967,-0.9239694,0.0,0.0,0.0,0.0,0.0,0.0,0.0,0.4946657,-0.6237237,-2.431053,-0.06528382,0.1931483,-2.549937,0.02183699,0.9896148,-0.08366356,-0.1148311,9.24023,193.5307,3.626699,0.06004249,0.07820862,-0.995127,-0.5291233,0.03662118,-0.6663566,-1.48449,0.1162597,-3.287638,0.3087006,0.2031791,2.069002,-0.972674,0.06243477,0.2236231,0.02400606,0.9850471,-0.1706045,-0.2309309,-0.1605743,-0.9596286,moving,21.6687,6.623848,8.486081,5.60855
05/11/2023 13:10:02.460623,3044,True,True,True,True,Eyes,-0.07286079,0.1923848,-2.558746,-0.3661569,-0.10743,-0.9243311,0.0,0.0,0.0,0.0,0.0,0.0,0.0,0.4521829,-0.6248716,-2.449525,-0.06969064,0.193693,-2.55983,0.02234561,0.9905074,-0.08355137,-0.1068423,9.249941,192.6049,3.608525,0.04682362,0.07781147,-0.9958677,-0.4973759,0.03442391,-0.6263751,-1.482836,0.1209059,-3.309947,0.3086998,0.2004551,2.069,-0.9761711,0.0621206,0.2079221,0.02641334,0.9850397,-0.1702914,-0.2153901,-0.1607416,-0.963208,moving,21.61009,6.629436,8.486067,5.533829
05/11/2023 13:10:02.478032,3045,True,True,True,True,Eyes,-0.07329119,0.1924195,-2.559904,-0.3648338,-0.1078174,-0.924809,0.0,0.0,0.0,0.0,0.0,0.0,0.0,0.409682,-0.6221777,-2.468197,-0.07378496,0.1940459,-2.569793,0.02268169,0.991401,-0.08273766,-0.09881381,9.181931,191.6699,3.561536,0.03591916,0.07746526,-0.9963477,-0.4675333,0.03235848,-0.5887926,-1.481146,0.125792,-3.333179,0.3087003,0.1977535,2.069,-0.979443,0.06132454,0.1921749,0.02862204,0.9852801,-0.1685349,-0.1996815,-0.1595699,-0.9667808,moving,21.52905,6.649722,8.486081,5.459702
05/11/2023 13:10:02.498069,3046,True,True,True,True,Eyes,-0.07383009,0.1924351,-2.56141,-0.362966,-0.1083487,-0.9254816,0.0,0.0,0.0,0.0,0.0,0.0,0.0,0.3680459,-0.6253791,-2.484314,-0.0774477,0.1942158,-2.579662,0.02268646,0.9921169,-0.08317018,-0.09095135,9.259276,190.7588,3.493662,0.02692217,0.07716407,-0.9966546,-0.4394813,0.03041697,-0.5534651,-1.478149,0.1342224,-3.357098,0.3087007,0.1950173,2.069001,-0.9824266,0.06014412,0.176695,0.02988636,0.9851361,-0.1691558,-0.1842424,-0.1609023,-0.9696212,moving,21.41469,6.677379,8.486089,5.384604
05/11/2023 13:10:02.508035,3047,True,True,True,True,Eyes,-0.07441946,0.19246,-2.563259,-0.3607873,-0.1092997,-0.9262215,0.0,0.0,0.0,0.0,0.0,0.0,0.0,0.3254604,-0.6341041,-2.498231,-0.08072138,0.1938144,-2.589418,0.02258328,0.9926825,-0.08482127,-0.08292761,9.477228,189.8346,3.423695,0.01949285,0.07690104,-0.9968479,-0.4131125,0.02859195,-0.5202572,-1.474215,0.1172141,-3.380172,0.3087003,0.1924339,2.069003,-0.9852263,0.0589041,0.1608105,0.03076801,0.9845906,-0.1721467,-0.1684726,-0.1646556,-0.971857,moving,21.2822,6.730122,8.486072,5.313681
05/11/2023 13:10:02.527873,3048,True,True,True,True,Eyes,-0.07508376,0.192485,-2.565448,-0.3580798,-0.1104062,-0.9271404,0.0,0.0,0.0,0.0,0.0,0.0,0.0,0.281405,-0.6511089,-2.509558,-0.08353802,0.1942353,-2.59929,0.0221633,0.9930798,-0.08795065,-0.07460649,9.867888,188.8798,3.325097,0.01335045,0.07667062,-0.9969669,-0.3883257,0.02687643,-0.4890417,-1.470875,0.1049071,-3.402669,0.3087004,0.1897076,2.069001,-0.9878853,0.05714322,0.1442818,0.03089646,0.9835469,-0.177991,-0.1520789,-0.171377,-0.973397,moving,21.11754,6.790946,8.486081,5.238826
05/11/2023 13:10:02.542547,3049,True,True,True,True,Eyes,-0.07578512,0.1924899,-2.567944,-0.3551065,-0.1117571,-0.9281216,0.0,0.0,0.0,0.0,0.0,0.0,0.0,0.2376168,-0.6624213,-2.521872,-0.08614042,0.1943102,-2.609583,0.02192488,0.9934894,-0.08998276,-0.06634241,10.13015,187.9273,3.232198,0.008261213,0.07646724,-0.9970376,-0.3650262,0.02526385,-0.4596992,-1.468416,0.09394321,-3.423013,0.3087001,0.1871055,2.069002,-0.9902359,0.05550361,0.1278753,0.03162492,0.9828448,-0.1817029,-0.1357667,-0.1758847,-0.9750036,moving,20.93724,6.866053,8.486071,5.167358
05/11/2023 13:10:02.557918,3050,True,True,True,True,Eyes,-0.07652307,0.1924516,-2.570726,-0.3516712,-0.1134915,-0.9292185,0.0,0.0,0.0,0.0,0.0,0.0,0.0,0.1954413,-0.6736192,-2.532643,-0.08834767,0.1939511,-2.619315,0.02164648,0.993803,-0.0920771,-0.05838755,10.39802,187.0099,3.134201,0.004033127,0.07628524,-0.9970777,-0.3431246,0.02374802,-0.4321173,-1.464071,0.06252601,-3.4424,0.3087004,0.1844251,2.069001,-0.992245,0.05377698,0.1120651,0.03227235,0.9821065,-0.1855407,-0.1200377,-0.1804852,-0.9762257,moving,20.7296,6.963417,8.486078,5.093725
05/11/2023 13:10:02.578118,3051,True,True,True,True,Eyes,-0.07729366,0.1923851,-2.573781,-0.3480146,-0.1153947,-0.9303601,0.0,0.0,0.0,0.0,0.0,0.0,0.0,0.1526242,-0.7006891,-2.538156,-0.0900991,0.192977,-2.628904,0.02195396,0.9937243,-0.09737706,-0.05047736,11.02957,186.1173,3.122398,0.0005071012,0.07611867,-0.9970984,-0.3225371,0.02232314,-0.4061902,-1.457518,0.0477137,-3.466657,0.3087004,0.1817307,2.069,-0.9939402,0.05346304,0.09604551,0.03380169,0.9800715,-0.1957482,-0.1045968,-0.1913155,-0.9759396,moving,20.50904,7.070417,8.486082,5.019693
05/11/2023 13:10:02.588072,3052,True,True,True,True,Eyes,-0.07807449,0.1922954,-2.577096,-0.3439351,-0.1175933,-0.931601,0.0,0.0,0.0,0.0,0.0,0.0,0.0,0.1094259,-0.7206395,-2.544761,-0.09153117,0.1923245,-2.638511,0.02306172,0.9936862,-0.1012038,-0.04258753,11.48815,185.2287,3.185307,-0.002537436,0.07596063,-0.9971073,-0.3031849,0.02098375,-0.3818188,-1.44899,0.02944703,-3.491412,0.3087003,0.1789657,2.069001,-0.9953088,0.05445224,0.07996941,0.03721218,0.978452,-0.2030938,-0.08930513,-0.1991653,-0.9758881,moving,20.2635,7.194232,8.486079,4.9437
05/11/2023 13:10:02.608095,3053,True,True,True,True,Eyes,-0.07889149,0.1922029,-2.580675,-0.3390844,-0.1196391,-0.9331175,0.0,0.0,0.0,0.0,0.0,0.0,0.0,0.06603108,-0.7450288,-2.549125,-0.09269041,0.1917605,-2.648037,0.024615,0.9934651,-0.1058864,-0.03477732,12.04483,184.3579,3.298617,-0.005303677,0.07580481,-0.9971083,-0.2849938,0.01972472,-0.3589097,-1.441381,0.01463389,-3.515766,0.3087,0.1763282,2.069002,-0.9963694,0.05627317,0.0638873,0.04154339,0.9763643,-0.212101,-0.07431287,-0.2086769,-0.9751573,moving,19.97058,7.306279,8.486065,4.871193
05/11/2023 13:10:02.627996,3054,True,True,True,True,Eyes,-0.07969742,0.1920949,-2.584514,-0.3338905,-0.121574,-0.9347389,0.0,0.0,0.0,0.0,0.0,0.0,0.0,0.02381473,-0.7590947,-2.556056,-0.09371364,0.1915923,-2.657954,0.02653733,0.9933717,-0.1084762,-0.02723012,12.36092,183.5131,3.441069,-0.007820629,0.07565025,-0.9971035,-0.2678942,0.01854124,-0.3373751,-1.435027,0.01579904,-3.540318,0.3087,0.173643,2.069,-0.9971088,0.0586305,0.04834191,0.04681522,0.9750574,-0.2169596,-0.05985658,-0.2140691,-0.9749831,moving,19.65682,7.410404,8.486073,4.797364
05/11/2023 13:10:02.648713,3055,True,True,True,True,Eyes,-0.08046262,0.1919571,-2.588602,-0.328173,-0.123166,-0.9365536,0.0,0.0,0.0,0.0,0.0,0.0,0.0,-0.01577181,-0.7573022,-2.567033,-0.09437715,0.191102,-2.667955,0.02848625,0.9935337,-0.1080569,-0.02007904,12.33179,182.7021,3.576593,-0.01011245,0.07549562,-0.9970946,-0.2518205,0.01742876,-0.3171326,-1.427455,0.02086028,-3.566325,0.3086999,0.1709446,2.069,-0.9975709,0.06094346,0.03374214,0.05226474,0.9750245,-0.2158604,-0.04605468,-0.2135724,-0.9758413,moving,19.31071,7.491961,8.486073,4.723156
05/11/2023 13:10:02.658014,3056,True,True,True,True,Eyes,-0.08118877,0.1917755,-2.592934,-0.3221515,-0.1246185,-0.9384502,0.0,0.0,0.0,0.0,0.0,0.0,0.0,-0.0534282,-0.7544405,-2.577698,-0.09477463,0.1902632,-2.677943,0.02997123,0.9936643,-0.107512,-0.01320456,12.2906,181.9171,3.661729,-0.01219967,0.07533916,-0.997083,-0.2367113,0.01638304,-0.2981046,-1.418438,0.02440468,-3.593876,0.3086998,0.1683023,2.069001,-0.9978549,0.06240197,0.01979726,0.05672337,0.9750857,-0.2144532,-0.03268633,-0.2128702,-0.9765338,moving,18.94634,7.564157,8.486066,4.650471
05/11/2023 13:10:02.677943,3057,True,True,True,True,Eyes,-0.08189228,0.1915494,-2.597494,-0.3156785,-0.125852,-0.940483,0.0,0.0,0.0,0.0,0.0,0.0,0.0,-0.09100371,-0.7478758,-2.589003,-0.09468647,0.1890078,-2.688093,0.03128712,0.9938168,-0.1063506,-0.006248208,12.18067,181.1181,3.725658,-0.01410064,0.07517885,-0.99707,-0.2225086,0.01540005,-0.2802184,-1.408281,0.02768911,-3.622186,0.3087002,0.1656173,2.069001,-0.9979644,0.06351633,0.005764341,0.06085833,0.9754213,-0.2117769,-0.01907395,-0.210995,-0.9773013,moving,18.55463,7.621833,8.486073,4.576596
05/11/2023 13:10:02.688219,3058,True,True,True,True,Eyes,-0.08253691,0.1912778,-2.602275,-0.3088985,-0.1270989,-0.9425644,0.0,0.0,0.0,0.0,0.0,0.0,0.0,-0.1289016,-0.7463808,-2.598088,-0.09428888,0.1877207,-2.698078,0.03238326,0.9938175,-0.1061964,0.0007834905,12.18861,180.3119,3.765912,-0.01583344,0.07501278,-0.9970565,-0.2091581,0.01447605,-0.2634053,-1.397234,0.01818224,-3.649056,0.3087006,0.1630534,2.069002,-0.9979016,0.06419968,-0.008435263,0.0645325,0.9753473,-0.2110289,-0.005320678,-0.2111305,-0.9774437,moving,18.14508,7.679657,8.486082,4.50604
05/11/2023 13:10:02.708087,3059,True,True,True,True,Eyes,-0.08310574,0.190975,-2.60727,-0.3017574,-0.128165,-0.9447308,0.0,0.0,0.0,0.0,0.0,0.0,0.0,-0.1692637,-0.7482526,-2.605503,-0.09365216,0.1863669,-2.708076,0.03378985,0.993678,-0.1067487,0.008196521,12.28071,179.4678,3.837914,-0.01741138,0.07483938,-0.9970433,-0.1966086,0.01360749,-0.2476009,-1.386845,0.007132731,-3.674939,0.3087003,0.160268,2.069001,-0.9975823,0.06540252,-0.02350344,0.06890239,0.9749259,-0.2115936,0.009075359,-0.2127015,-0.9770752,moving,17.71405,7.725748,8.486078,4.429375
05/11/2023 13:10:02.728044,3060,True,True,True,True,Eyes,-0.08359847,0.190622,-2.612475,-0.2943335,-0.1292059,-0.9469286,0.0,0.0,0.0,0.0,0.0,0.0,0.0,-0.2091121,-0.7449971,-2.613914,-0.09287725,0.185236,-2.718153,0.03483038,0.9936038,-0.1062813,0.01558326,12.2565,178.6183,3.866958,-0.01884713,0.07465768,-0.9970307,-0.1848121,0.01279104,-0.2327449,-1.377052,-0.0003664419,-3.699966,0.3087001,0.1576294,2.069,-0.9970881,0.06590276,-0.03837081,0.07252759,0.9749823,-0.2101175,0.02356354,-0.2122885,-0.976923,moving,17.26679,7.769873,8.486075,4.356735
05/11/2023 13:10:02.743905,3061,True,True,True,True,Eyes,-0.08400527,0.1902284,-2.617882,-0.2866505,-0.1301657,-0.9491514,0.0,0.0,0.0,0.0,0.0,0.0,0.0,-0.2478246,-0.7430213,-2.62157,-0.09167653,0.1836826,-2.728366,0.03525288,0.9934663,-0.1061046,0.02288977,12.26517,177.7714,3.825061,-0.02015191,0.07446612,-0.9970195,-0.1737234,0.01202358,-0.2187802,-1.366842,-0.009201437,-3.72487,0.3087001,0.154988,2.069,-0.9964666,0.06518765,-0.05296141,0.0749025,0.9749981,-0.2092087,0.03799945,-0.2124364,-0.9764358,moving,16.80469,7.808777,8.486078,4.284005
05/11/2023 13:10:02.757916,3062,True,True,True,True,Eyes,-0.08431596,0.1897782,-2.623493,-0.2787819,-0.1310225,-0.9513747,0.0,0.0,0.0,0.0,0.0,0.0,0.0,-0.2829215,-0.7430379,-2.628468,-0.09021184,0.1823201,-2.738543,0.0351319,0.9932812,-0.1062154,0.02960777,12.30314,176.987,3.726552,-0.02133473,0.07426384,-0.9970101,-0.1633,0.01130216,-0.2056534,-1.355393,-0.0146769,-3.751405,0.3087,0.1523263,2.069001,-0.9957781,0.06350209,-0.06628079,0.0760813,0.974968,-0.2089232,0.05135459,-0.2130839,-0.9756832,moving,16.3322,7.841396,8.486068,4.210698
05/11/2023 13:10:02.778170,3063,True,True,True,True,Eyes,-0.09000961,0.1770412,-2.768471,-0.07342649,-0.1468654,-0.9864275,0.0,0.0,0.0,0.0,0.0,0.0,0.0,-0.3153131,-0.7359451,-2.637519,-0.08832995,0.1804991,-2.749029,0.03548067,0.9931858,-0.1050734,0.03581523,12.19598,176.2642,3.692685,-0.02240468,0.07404921,-0.9970025,-0.153502,0.01062403,-0.1933142,-1.342757,-0.01800749,-3.778967,0.3087007,0.1495316,2.069002,-0.9949167,0.06295133,-0.07859849,0.07800423,0.9754015,-0.2061732,0.0636862,-0.2112562,-0.9753537,moving,4.257063,8.468342,8.486085,4.133715
05/11/2023 13:10:02.797805,3064,True,True,True,True,Eyes,-0.08990645,0.176957,-2.768888,-0.07298421,-0.1468423,-0.9864637,0.0,0.0,0.0,0.0,0.0,0.0,0.0,-0.3460583,-0.7303831,-2.645667,-0.08620249,0.1784916,-2.759253,0.03656463,0.9930009,-0.1043187,0.04159254,12.13517,175.6018,3.749882,-0.02391203,0.07278238,-0.9970608,-0.1613728,-0.02822438,-0.6166494,-1.329651,-0.02263091,-3.806598,0.3087,0.1470213,2.069001,-0.9938662,0.06393965,-0.0902316,0.08129517,0.9755613,-0.2041354,0.0749741,-0.2102187,-0.9747753,moving,4.231359,8.466724,8.48607,4.064553
05/11/2023 13:10:02.813063,3065,True,True,True,True,Eyes,-0.08973249,0.1768089,-2.769714,-0.07222418,-0.1468283,-0.9865217,0.0,0.0,0.0,0.0,0.0,0.0,0.0,-0.3757732,-0.7263514,-2.653341,-0.08372708,0.1763774,-2.769637,0.03777927,0.9927518,-0.1038815,0.04717423,12.1119,174.9647,3.82415,-0.02509562,0.0717188,-0.9971088,-0.1516904,-0.02653092,-0.5796505,-1.316798,-0.02074704,-3.834853,0.3087004,0.1442015,2.069001,-0.9926946,0.06520981,-0.1015137,0.08481193,0.9755627,-0.2026927,0.08581546,-0.2098215,-0.9739664,moving,4.187208,8.465437,8.486081,3.986852
05/11/2023 13:10:02.828291,3066,True,True,True,True,Eyes,-0.08943741,0.1765891,-2.770936,-0.07113673,-0.1467482,-0.9866127,0.0,0.0,0.0,0.0,0.0,0.0,0.0,-0.4021902,-0.7226325,-2.661267,-0.0811833,0.1745936,-2.780149,0.03857016,0.9925215,-0.1033893,0.05219233,12.07889,174.3879,3.856643,-0.02601507,0.07082079,-0.9971494,-0.142589,-0.02493906,-0.5448714,-1.303127,-0.01969101,-3.863051,0.3087005,0.1416344,2.068999,-0.9915764,0.06577116,-0.1115795,0.08735568,0.975646,-0.2012061,0.09562853,-0.2092583,-0.9731731,moving,4.124002,8.460116,8.48609,3.916101
05/11/2023 13:10:02.843820,3067,True,True,True,True,Eyes,-0.08904901,0.1763172,-2.772552,-0.06980723,-0.1465953,-0.9867304,0.0,0.0,0.0,0.0,0.0,0.0,0.0,-0.4251209,-0.7161598,-2.670421,-0.07806665,0.1726356,-2.790853,0.03929311,0.9923522,-0.1023826,0.05666746,11.98481,173.8721,3.891131,-0.02671864,0.07005517,-0.9971849,-0.1340337,-0.02344272,-0.5121791,-1.289225,-0.02268621,-3.890815,0.3086998,0.1390361,2.069001,-0.99049,0.06638168,-0.120514,0.08958872,0.9759477,-0.1987458,0.1044223,-0.2076524,-0.9726135,moving,4.046705,8.450434,8.486066,3.844476
05/11/2023 13:10:02.857953,3068,True,True,True,True,Eyes,-0.08851934,0.1759869,-2.774534,-0.06819866,-0.146355,-0.9868785,0.0,0.0,0.0,0.0,0.0,0.0,0.0,-0.4461684,-0.7068188,-2.68063,-0.0746889,0.1709784,-2.801719,0.03979837,0.9922494,-0.1007628,0.06086176,11.81826,173.3847,3.908279,-0.0272502,0.06939362,-0.9972168,-0.1259916,-0.02203616,-0.4814484,-1.274393,-0.02584338,-3.918928,0.3087001,0.1363267,2.069,-0.9894239,0.06671461,-0.1288005,0.09124501,0.9765259,-0.1951192,0.1127597,-0.2048079,-0.9722854,moving,3.953164,8.435534,8.486074,3.769776
05/11/2023 13:10:02.877694,3069,True,True,True,True,Eyes,-0.08783412,0.1756096,-2.77688,-0.06587941,-0.1465474,-0.9870075,0.0,0.0,0.0,0.0,0.0,0.0,0.0,-0.4666156,-0.6987407,-2.690289,-0.07084955,0.1692265,-2.812465,0.04034709,0.9921021,-0.0994079,0.06498935,11.6826,172.9065,3.931061,-0.02770736,0.06878186,-0.9972466,-0.1184321,-0.02071399,-0.4525615,-1.25932,-0.02345307,-3.947723,0.3086999,0.133596,2.069,-0.9882972,0.06713596,-0.1369738,0.09297778,0.9769804,-0.1920013,0.1209305,-0.2024899,-0.9717891,moving,3.818635,8.445375,8.486071,3.694478
05/11/2023 13:10:02.898160,3070,True,True,True,True,Eyes,-0.08699152,0.1752093,-2.779576,-0.06334282,-0.1466855,-0.9871529,0.0,0.0,0.0,0.0,0.0,0.0,0.0,-0.4867881,-0.6927304,-2.699608,-0.06651305,0.1676881,-2.823504,0.0411046,0.9918946,-0.09841006,0.06907362,11.58978,172.4367,3.977343,-0.02809134,0.06821281,-0.9972749,-0.1113262,-0.01947115,-0.4254078,-1.243759,-0.02521365,-3.975989,0.3086998,0.1309935,2.069001,-0.9870785,0.06794777,-0.1451177,0.09513792,0.9772517,-0.1895463,0.1289373,-0.2009033,-0.9710886,moving,3.671476,8.451995,8.486062,3.622699
05/11/2023 13:10:02.907815,3071,True,True,True,True,Eyes,-0.08597724,0.1747751,-2.782617,-0.06033184,-0.1472721,-0.9872543,0.0,0.0,0.0,0.0,0.0,0.0,0.0,-0.5058454,-0.6886778,-2.708563,-0.06196964,0.1667238,-2.834577,0.04179786,0.9916618,-0.09765858,0.07295875,11.52454,171.99,4.017494,-0.02840406,0.06767979,-0.9973024,-0.1046466,-0.01830288,-0.3998833,-1.226838,-0.02419647,-4.005415,0.3087002,0.1284155,2.069,-0.9858602,0.06864858,-0.1528646,0.09714878,0.9774315,-0.1875895,0.136537,-0.1997876,-0.97028,moving,3.497039,8.484444,8.48608,3.55159
05/11/2023 13:10:02.927837,3072,True,True,True,True,Eyes,-0.08479155,0.1743089,-2.785967,-0.05718879,-0.1478644,-0.9873527,0.0,0.0,0.0,0.0,0.0,0.0,0.0,-0.5220754,-0.6815772,-2.718859,-0.05690726,0.1654583,-2.845819,0.04247442,0.9914976,-0.09637982,0.07641697,11.39736,171.5914,4.065365,-0.02864535,0.06717879,-0.9973293,-0.09836783,-0.01720471,-0.3758903,-1.21115,-0.0298063,-4.032136,0.3086998,0.125724,2.068999,-0.9847129,0.06949647,-0.1597218,0.09895667,0.9778137,-0.1846292,0.1433471,-0.1976122,-0.9697429,moving,3.314945,8.517231,8.486073,3.477336
05/11/2023 13:10:02.943991,3073,True,True,True,True,Eyes,-0.08337966,0.1738733,-2.789622,-0.05373104,-0.1489322,-0.9873865,0.0,0.0,0.0,0.0,0.0,0.0,0.0,-0.5370594,-0.6828161,-2.726723,-0.05167072,0.164229,-2.85658,0.04311855,0.9911945,-0.09661054,0.07962874,11.44263,171.2249,4.100904,-0.02881679,0.0667032,-0.9973563,-0.09246577,-0.01617242,-0.3533369,-1.1957,-0.04662088,-4.056772,0.3087001,0.1230265,2.069,-0.9836002,0.07009178,-0.1661865,0.1008637,0.9776144,-0.1846527,0.1495237,-0.1983866,-0.9686514,moving,3.114817,8.577536,8.486075,3.402903
05/11/2023 13:10:02.964426,3074,True,True,True,True,Eyes,-0.08177234,0.1734881,-2.79359,-0.05014083,-0.1498599,-0.987435,0.0,0.0,0.0,0.0,0.0,0.0,0.0,-0.5521225,-0.6963492,-2.731861,-0.0457994,0.1646862,-2.86768,0.04392331,0.9906858,-0.09875339,0.082826,11.70912,170.8664,4.138723,-0.02891679,0.06625172,-0.9973835,-0.08691782,-0.01520208,-0.3321367,-1.182662,-0.04861403,-4.081502,0.3087001,0.1203763,2.069003,-0.982421,0.07066969,-0.1727842,0.1033871,0.976637,-0.1883912,0.1554339,-0.2029431,-0.9667751,moving,2.906918,8.629745,8.486062,3.32976
05/11/2023 13:10:02.977960,3075,True,True,True,True,Eyes,-0.07997449,0.1732503,-2.797865,-0.04626281,-0.1509329,-0.9874609,0.0,0.0,0.0,0.0,0.0,0.0,0.0,-0.5675212,-0.6906624,-2.742122,-0.03956853,0.1654817,-2.879127,0.04479375,0.9904948,-0.09737738,0.08620583,11.5736,170.4788,4.211602,-0.02894538,0.06582218,-0.9974102,-0.08170275,-0.01428995,-0.3122085,-1.169104,-0.06076887,-4.103926,0.3086997,0.1177025,2.069002,-0.9811244,0.07194695,-0.1794966,0.1055249,0.9770223,-0.1851806,0.162049,-0.2006265,-0.9661726,moving,2.682361,8.690369,8.486055,3.255962
05/11/2023 13:10:02.987959,3076,True,True,True,True,Eyes,-0.07797645,0.1731611,-2.802473,-0.04225888,-0.1515974,-0.9875385,0.0,0.0,0.0,0.0,0.0,0.0,0.0,-0.5826132,-0.6860111,-2.752438,-0.03336551,0.1688207,-2.890736,0.04654789,0.9902867,-0.09583955,0.08933306,11.42785,170.1304,4.392387,-0.02890262,0.06541785,-0.9974374,-0.07680058,-0.01343256,-0.293476,-1.154751,-0.07229436,-4.126937,0.3086998,0.1150324,2.069,-0.9797059,0.07506822,-0.1858529,0.1093148,0.9772962,-0.1815007,0.1680084,-0.1981338,-0.9656687,moving,2.450314,8.727368,8.486065,3.182259
05/11/2023 13:10:03.007907,3077,True,True,True,True,Eyes,-0.07581316,0.1731591,-2.807345,-0.03800238,-0.1519999,-0.9876496,0.0,0.0,0.0,0.0,0.0,0.0,0.0,-0.6004725,-0.6625075,-2.767694,-0.02663485,0.1721863,-2.903317,0.05000398,0.9902388,-0.0911465,0.09284026,10.94101,169.7474,4.797116,-0.02878841,0.06504079,-0.9974648,-0.07219255,-0.0126266,-0.2758674,-1.139932,-0.07958185,-4.15037,0.3087002,0.1123431,2.069002,-0.9777609,0.08210762,-0.1929834,0.1159559,0.9783839,-0.1712288,0.1747527,-0.1897983,-0.9661463,moving,2.203517,8.749211,8.486073,3.108006
05/11/2023 13:10:03.027793,3078,True,True,True,True,Eyes,-0.07348265,0.1732771,-2.812465,-0.03363599,-0.1527791,-0.9876878,0.0,0.0,0.0,0.0,0.0,0.0,0.0,-0.6193211,-0.6282852,-2.783313,-0.02079981,0.1741666,-2.914509,0.05314435,0.9902772,-0.08489597,0.09653798,10.27669,169.3304,5.181598,-0.028604,0.06469084,-0.9974924,-0.067861,-0.01186901,-0.2593154,-1.12487,-0.08395243,-4.174221,0.3087,0.1096077,2.069001,-0.9757124,0.08886389,-0.2002222,0.1216466,0.9799367,-0.1578802,0.1821752,-0.178402,-0.9669464,moving,1.95047,8.793032,8.486071,3.032476
05/11/2023 13:10:03.043848,3079,True,True,True,True,Eyes,-0.07099794,0.1734867,-2.81783,-0.02906885,-0.1535377,-0.9877151,0.0,0.0,0.0,0.0,0.0,0.0,0.0,-0.643252,-0.6569305,-2.78301,-0.01453008,0.1772324,-2.925551,0.05695948,0.9892348,-0.08969002,0.1006278,10.88932,168.9109,5.5306,-0.02835052,0.06436905,-0.9975199,-0.06378934,-0.01115687,-0.2437564,-1.108735,-0.06979556,-4.201539,0.3087003,0.1069379,2.068999,-0.9732595,0.09464198,-0.2093065,0.1307432,0.9774226,-0.1659856,0.1888717,-0.1889124,-0.9636596,moving,1.685751,8.835761,8.486084,2.958747
05/11/2023 13:10:03.058047,3080,True,True,True,True,Eyes,-0.06838683,0.173737,-2.82336,-0.02439047,-0.1544951,-0.9876925,0.0,0.0,0.0,0.0,0.0,0.0,0.0,-0.6641853,-0.6417581,-2.793644,-0.008698564,0.1796561,-2.93685,0.05895593,0.9889671,-0.08667213,0.1046729,10.58966,168.4498,5.749107,-0.0280295,0.06407531,-0.9975473,-0.05996198,-0.01048745,-0.2291311,-1.089851,-0.04754177,-4.230545,0.3087006,0.1042629,2.069002,-0.9711356,0.09846647,-0.2172558,0.1347554,0.9780244,-0.1590896,0.1968164,-0.1837739,-0.9630631,moving,1.414597,8.890182,8.486083,2.884859
05/11/2023 13:10:03.077607,3081,True,True,True,True,Eyes,-0.06562862,0.1740324,-2.829072,-0.01960249,-0.1560594,-0.9875531,0.0,0.0,0.0,0.0,0.0,0.0,0.0,-0.6855047,-0.6577799,-2.794806,-0.003128521,0.1809276,-2.946316,0.06032193,0.9882208,-0.08931617,0.1086453,10.93152,168.011,5.83476,-0.02764413,0.06380842,-0.9975755,-0.05636426,-0.009858207,-0.2153832,-1.066564,-0.05370729,-4.257469,0.3087001,0.101564,2.069002,-0.9691153,0.0998152,-0.2255065,0.1386303,0.9767678,-0.1634208,0.2039556,-0.1896355,-0.960438,moving,1.137146,8.979981,8.486067,2.810303
05/11/2023 13:10:03.097834,3082,True,True,True,True,Eyes,-0.06275969,0.1743717,-2.834963,-0.01465344,-0.1574524,-0.9874179,0.0,0.0,0.0,0.0,0.0,0.0,0.0,-0.709224,-0.6852971,-2.793121,0.002630256,0.1824975,-2.956492,0.06246739,0.987187,-0.09400569,0.1127945,11.51909,167.5674,5.982612,-0.02719508,0.06356627,-0.9976037,-0.0529824,-0.009266715,-0.2024602,-1.044366,-0.03845575,-4.286439,0.3087001,0.09893075,2.069001,-0.9667505,0.1021273,-0.234443,0.1445406,0.9745215,-0.1715104,0.2109539,-0.1996943,-0.9568806,moving,0.8502161,9.060038,8.486073,2.737554
05/11/2023 13:10:03.108076,3083,True,True,True,True,Eyes,-0.0597803,0.1747602,-2.841001,-0.009568848,-0.1590972,-0.9872166,0.0,0.0,0.0,0.0,0.0,0.0,0.0,-0.7339098,-0.675774,-2.799959,0.008067746,0.1838516,-2.966681,0.06476005,0.9866734,-0.0923193,0.1172988,11.38324,167.0607,6.215359,-0.02668505,0.06334755,-0.9976317,-0.04980346,-0.008710711,-0.1903126,-1.020847,-0.04811719,-4.310685,0.3087001,0.09611627,2.069001,-0.9640944,0.1061362,-0.2434284,0.1494519,0.9745665,-0.1669854,0.219514,-0.1973706,-0.9554363,moving,0.5553365,9.154921,8.486072,2.659786
05/11/2023 13:10:03.128140,3084,True,True,True,True,Eyes,0.01692532,0.1854873,-2.996189,0.12284,-0.1911058,-0.9738526,0.0,0.0,0.0,0.0,0.0,0.0,0.0,-0.762538,-0.6772978,-2.802323,0.01320001,0.1855173,-2.976343,0.06738221,0.9858626,-0.0926373,0.122283,11.48636,166.5088,6.456882,-0.02611659,0.06315139,-0.9976594,-0.04681525,-0.008188069,-0.1788938,-0.9969964,-0.06267282,-4.334102,0.3087006,0.09352347,2.069,-0.9610133,0.1102032,-0.2535926,0.1555151,0.973756,-0.1661759,0.2286242,-0.1991347,-0.9529306,moving,-7.189216,11.10247,8.48609,2.588136
05/11/2023 13:10:03.148412,3085,True,True,True,True,Eyes,0.01713615,0.1855517,-2.996589,0.1232466,-0.1909738,-0.9738272,0.0,0.0,0.0,0.0,0.0,0.0,0.0,-0.7896264,-0.6577348,-2.810496,0.01829876,0.1868579,-2.986597,0.06873013,0.985449,-0.08918927,0.1273259,11.14457,165.9202,6.598714,-0.02222934,0.06296159,-0.9977658,0.1861105,0.02448454,-0.6337266,-0.9734738,-0.07202137,-4.357006,0.3087005,0.09083346,2.069002,-0.9581288,0.1127479,-0.2632063,0.1581723,0.9746429,-0.1582807,0.2386863,-0.1932852,-0.951667,moving,-7.212951,11.09527,8.48608,2.513789
05/11/2023 13:10:03.159406,3086,True,True,True,True,Eyes,0.01754585,0.185644,-2.997377,0.1240592,-0.1905792,-0.9738013,0.0,0.0,0.0,0.0,0.0,0.0,0.0,-0.8152278,-0.6349153,-2.819236,0.02325939,0.1884585,-2.996622,0.06872586,0.9851649,-0.08498527,0.132304,10.69812,165.3209,6.599144,-0.01894221,0.06280857,-0.9978434,0.1749439,0.02301547,-0.595703,-0.9483069,-0.07675064,-4.380766,0.3087004,0.08812824,2.069002,-0.955545,0.1129248,-0.2723638,0.1579004,0.9761086,-0.1492637,0.2490011,-0.1856344,-0.9505465,moving,-7.260195,11.0732,8.486077,2.439015
05/11/2023 13:10:03.177912,3087,True,True,True,True,Eyes,0.01815674,0.1857374,-2.998526,0.1250954,-0.1900728,-0.9737676,0.0,0.0,0.0,0.0,0.0,0.0,0.0,-0.8402769,-0.6142443,-2.827302,0.02834032,0.1891649,-3.006727,0.06808993,0.9848481,-0.08123431,0.1372554,10.29395,164.7203,6.525537,-0.01614916,0.06268597,-0.9979005,0.1644473,0.02163454,-0.5599608,-0.9204487,-0.06761504,-4.40712,0.3087001,0.08549947,2.069003,-0.9530498,0.1118168,-0.2814139,0.1564162,0.9775295,-0.1413155,0.259289,-0.1786984,-0.9491242,moving,-7.320429,11.04487,8.486065,2.366344
05/11/2023 13:10:03.187789,3088,True,True,True,True,Eyes,0.01892521,0.1858325,-3.000013,0.1264525,-0.1895642,-0.9736916,0.0,0.0,0.0,0.0,0.0,0.0,0.0,-0.8643361,-0.5890208,-2.836104,0.03304168,0.1893463,-3.016715,0.06700426,0.9846018,-0.07675285,0.1420522,9.79818,164.1314,6.417332,-0.01376117,0.0625876,-0.9979427,0.1545804,0.02033647,-0.5263632,-0.892801,-0.06437975,-4.431897,0.3087005,0.08281201,2.069002,-0.9506633,0.1101392,-0.2900152,0.1537508,0.9792389,-0.1321058,0.2694441,-0.1701782,-0.9478604,moving,-7.399538,11.01688,8.486081,2.292046
05/11/2023 13:10:03.207795,3089,True,True,True,True,Eyes,0.01987316,0.1859259,-3.001825,0.1279557,-0.1893225,-0.9735421,0.0,0.0,0.0,0.0,0.0,0.0,0.0,-0.8890872,-0.5853422,-2.839514,0.03750479,0.189477,-3.026323,0.06707705,0.9839813,-0.07614353,0.1465735,9.759392,163.6012,6.389942,-0.01170458,0.0625083,-0.997974,0.1453056,0.01911628,-0.4947814,-0.866827,-0.05092562,-4.456834,0.3087006,0.08020249,2.069001,-0.948034,0.1096839,-0.2986662,0.1543264,0.9794056,-0.1301842,0.2782363,-0.1695111,-0.945437,moving,-7.487646,11.00483,8.486086,2.219895
05/11/2023 13:10:03.227728,3090,True,True,True,True,Eyes,0.02095448,0.1860039,-3.003931,0.1297606,-0.1891847,-0.97333,0.0,0.0,0.0,0.0,0.0,0.0,0.0,-0.9157591,-0.57863,-2.843008,0.0419351,0.1896652,-3.03618,0.06741008,0.9833145,-0.07507487,0.1513685,9.674574,163.0395,6.397604,-0.009873792,0.06244021,-0.9979982,0.1365873,0.0179693,-0.4650945,-0.8414831,-0.04341156,-4.479608,0.3087004,0.07755446,2.069001,-0.9450871,0.1098427,-0.3078073,0.1552985,0.9796393,-0.1272369,0.2875641,-0.168052,-0.9429029,moving,-7.593677,10.99935,8.486081,2.146671
05/11/2023 13:10:03.244355,3091,True,True,True,True,Eyes,0.0221753,0.1860877,-3.006312,0.1316965,-0.1897166,-0.9729664,0.0,0.0,0.0,0.0,0.0,0.0,0.0,-0.9418395,-0.5830704,-2.843444,0.0461328,0.1893953,-3.045357,0.0673869,0.982526,-0.07593311,0.1560003,9.801613,162.5001,6.33481,-0.008190324,0.06237701,-0.9980175,0.128392,0.01689114,-0.4371888,-0.8147016,-0.04604037,-4.501258,0.3086999,0.07478344,2.069002,-0.9422463,0.1087276,-0.3167824,0.15611,0.9793863,-0.1281877,0.2963148,-0.1702372,-0.9397965,moving,-7.708459,11.03354,8.486062,2.070037
05/11/2023 13:10:03.258007,3092,True,True,True,True,Eyes,0.02351501,0.1861631,-3.008967,0.1338562,-0.1903969,-0.9725387,0.0,0.0,0.0,0.0,0.0,0.0,0.0,-0.9677421,-0.6113411,-2.83872,0.05025126,0.1898122,-3.054512,0.06787055,0.9814142,-0.0807647,0.1603023,10.38647,162.0166,6.264165,-0.006635126,0.06231789,-0.9980329,0.1206885,0.01587768,-0.4109575,-0.787216,-0.04611611,-4.522895,0.3087001,0.07211912,2.069003,-0.9393936,0.1073247,-0.325609,0.1591118,0.9777413,-0.1367676,0.3036828,-0.1802869,-0.9355605,moving,-7.836718,11.07688,8.486064,1.996348
05/11/2023 13:10:03.278098,3093,True,True,True,True,Eyes,0.02496511,0.1862137,-3.01185,0.1360963,-0.1915463,-0.9720019,0.0,0.0,0.0,0.0,0.0,0.0,0.0,-0.9918779,-0.6211322,-2.838302,0.05437436,0.1897248,-3.063761,0.06876548,0.9805265,-0.08259387,0.1643695,10.63646,161.5538,6.291322,-0.005191907,0.06226164,-0.998045,0.1134472,0.01492502,-0.3863001,-0.7598451,-0.05171642,-4.543009,0.3087001,0.06944045,2.069001,-0.936508,0.1077009,-0.3336965,0.1620046,0.9768991,-0.1393651,0.3109781,-0.1845769,-0.932322,moving,-7.970538,11.14808,8.486072,1.922257
05/11/2023 13:10:03.298058,3094,True,True,True,True,Eyes,0.02650244,0.1862479,-3.014968,0.1385202,-0.1930606,-0.9713597,0.0,0.0,0.0,0.0,0.0,0.0,0.0,-1.016487,-0.6422391,-2.834097,0.05827122,0.1893224,-3.072226,0.07065497,0.9793875,-0.08656547,0.1682689,11.14779,161.127,6.39406,-0.003846069,0.06220672,-0.9980546,0.1066404,0.01402951,-0.363122,-0.7313697,-0.0627239,-4.562078,0.3087002,0.06698254,2.069,-0.9333872,0.1092646,-0.3418335,0.1675297,0.9750286,-0.1457842,0.3173684,-0.1933404,-0.9283843,moving,-8.11591,11.24121,8.486079,1.854266
05/11/2023 13:10:03.307762,3095,True,True,True,True,Eyes,0.02809159,0.1862762,-3.018311,0.1411313,-0.1948346,-0.9706294,0.0,0.0,0.0,0.0,0.0,0.0,0.0,-1.043453,-0.6683632,-2.827826,0.0618387,0.189053,-3.080997,0.07262904,0.9780808,-0.0914053,0.1724187,11.76211,160.6735,6.483975,-0.002584332,0.06215195,-0.9980622,0.1002419,0.01318774,-0.3413347,-0.701165,-0.07951873,-4.580142,0.3087004,0.06424159,2.068999,-0.9299936,0.1105542,-0.3505561,0.1735941,0.9727402,-0.1537583,0.3240013,-0.2038487,-0.9238337,moving,-8.272933,11.35016,8.486089,1.778439
05/11/2023 13:10:03.327804,3096,True,True,True,True,Eyes,0.02976451,0.1862977,-3.021858,0.1438877,-0.1968991,-0.9698077,0.0,0.0,0.0,0.0,0.0,0.0,0.0,-1.068205,-0.6886028,-2.823126,0.06526924,0.18905,-3.089542,0.07328895,0.976979,-0.09497517,0.1764108,12.20648,160.2188,6.44397,-0.001397585,0.06209673,-0.9980681,0.09422742,0.01239648,-0.3208546,-0.6707794,-0.09191906,-4.598582,0.3086999,0.06159896,2.069,-0.9270163,0.1096942,-0.3586204,0.1767128,0.9712169,-0.1597195,0.3307779,-0.2114354,-0.9197182,moving,-8.439253,11.47671,8.486071,1.705325
05/11/2023 13:10:03.344219,3097,True,True,True,True,Eyes,0.03151354,0.1863321,-3.025632,0.1468029,-0.1989584,-0.9689502,0.0,0.0,0.0,0.0,0.0,0.0,0.0,-1.089307,-0.7148707,-2.817927,0.06889441,0.1889896,-3.098044,0.07286272,0.975936,-0.09932036,0.1799321,12.71381,159.8063,6.266499,-0.0002748924,0.06204044,-0.9980726,0.08857378,0.01165269,-0.3016033,-0.6411113,-0.1050435,-4.615457,0.3087001,0.05888185,2.069,-0.9246311,0.1064769,-0.3656779,0.1779605,0.969653,-0.1676399,0.3367309,-0.2200813,-0.91552,moving,-8.615203,11.60349,8.486074,1.630145
05/11/2023 13:10:03.358147,3098,True,True,True,True,Eyes,0.03334811,0.1863663,-3.029591,0.1498957,-0.2009567,-0.968064,0.0,0.0,0.0,0.0,0.0,0.0,0.0,-1.108354,-0.726871,-2.817437,0.07304457,0.1892299,-3.107023,0.07183918,0.9751967,-0.1010525,0.1833557,12.91094,159.3906,6.069258,0.0007911124,0.06198324,-0.998076,0.08325935,0.01095353,-0.2835071,-0.6114399,-0.1312728,-4.629476,0.3087004,0.05619812,2.069001,-0.9224398,0.1030575,-0.3721348,0.1771717,0.9692551,-0.1707478,0.3430966,-0.2234363,-0.9123384,moving,-8.801821,11.72726,8.486079,1.555883
05/11/2023 13:10:03.377937,3099,True,True,True,True,Eyes,0.0352371,0.1864027,-3.033756,0.1532744,-0.2026427,-0.9671829,0.0,0.0,0.0,0.0,0.0,0.0,0.0,-1.128992,-0.7277448,-2.818412,0.07686175,0.1892668,-3.115437,0.07127736,0.9745381,-0.1010744,0.1870267,12.92429,158.9476,5.954925,0.001810168,0.06192479,-0.9980783,0.07826379,0.01029632,-0.2664967,-0.5815631,-0.1505504,-4.643811,0.3087001,0.05354244,2.069,-0.9198812,0.1011178,-0.3789379,0.1767322,0.969407,-0.1703402,0.3501206,-0.2236633,-0.90961,moving,-9.005069,11.83335,8.486077,1.482393
05/11/2023 13:10:03.387652,3100,True,True,True,True,Eyes,0.03722072,0.1864285,-3.038112,0.1569465,-0.2041686,-0.9662727,0.0,0.0,0.0,0.0,0.0,0.0,0.0,-1.155103,-0.724136,-2.818473,0.08105135,0.189203,-3.124109,0.07130362,0.9737055,-0.1005373,0.1915877,12.89171,158.4052,5.907832,0.002787948,0.06186491,-0.9980798,0.07356796,0.009678537,-0.2505069,-0.5519105,-0.1729718,-4.656701,0.3087,0.05085054,2.069001,-0.9164201,0.100334,-0.3874374,0.1773808,0.9696161,-0.1684655,0.3587627,-0.2231092,-0.906373,moving,-9.225677,11.93082,8.486071,1.407895
05/11/2023 13:10:03.407829,3101,True,True,True,True,Eyes,0.03924482,0.1864383,-3.042663,0.1609862,-0.2054492,-0.9653362,0.0,0.0,0.0,0.0,0.0,0.0,0.0,-1.185252,-0.7138495,-2.818602,0.0851986,0.1889535,-3.133043,0.07115229,0.9728255,-0.09894805,0.1968683,12.74038,157.7735,5.853723,0.003731476,0.06180304,-0.9980806,0.06915388,0.009097825,-0.2354765,-0.5231092,-0.186243,-4.670724,0.3087003,0.04817641,2.069002,-0.9123605,0.09947804,-0.3971179,0.177397,0.9702932,-0.1645031,0.3689563,-0.2205337,-0.9029043,moving,-9.467912,12.0148,8.486072,1.333883
05/11/2023 13:10:03.427876,3102,True,True,True,True,Eyes,0.04135806,0.1864275,-3.047395,0.1652959,-0.2066568,-0.9643496,0.0,0.0,0.0,0.0,0.0,0.0,0.0,-1.216639,-0.7069496,-2.816808,0.08900464,0.1884428,-3.141809,0.07072067,0.9718387,-0.09795094,0.2023208,12.6504,157.1182,5.753965,0.004645947,0.06173844,-0.9980807,0.06500465,0.008551955,-0.2213479,-0.49524,-0.1876674,-4.686363,0.3087003,0.04543382,2.069003,-0.9081298,0.09782313,-0.4071007,0.1770932,0.9708084,-0.1617685,0.3793921,-0.2190015,-0.8989438,moving,-9.726357,12.09535,8.486069,1.257972
05/11/2023 13:10:03.444395,3103,True,True,True,True,Eyes,0.04353763,0.1863908,-3.0523,0.1698519,-0.2077498,-0.9633225,0.0,0.0,0.0,0.0,0.0,0.0,0.0,-1.247434,-0.7023221,-2.814742,0.09314388,0.1879373,-3.150892,0.07017995,0.9708126,-0.09728709,0.2076848,12.59427,156.4721,5.636465,0.005535055,0.06167049,-0.9980804,0.06110437,0.008038837,-0.208067,-0.4680128,-0.1891689,-4.701458,0.3087003,0.04279923,2.069001,-0.9038838,0.09585304,-0.4169012,0.1766732,0.97122,-0.1597444,0.3895908,-0.2180457,-0.8948047,moving,-9.999549,12.17,8.486075,1.185048
05/11/2023 13:10:03.457779,3104,True,True,True,True,Eyes,0.04580752,0.1863222,-3.057369,0.1746617,-0.2088822,-0.962217,0.0,0.0,0.0,0.0,0.0,0.0,0.0,-1.278488,-0.6997484,-2.811461,0.09719148,0.1872461,-3.159745,0.06952953,0.9697195,-0.09698518,0.2130811,12.57561,155.8204,5.49826,0.006405526,0.06159822,-0.9980797,0.05743811,0.007556507,-0.195583,-0.4397987,-0.1890905,-4.716783,0.3087003,0.03982165,2.069,-0.8995242,0.09351687,-0.4267445,0.1761797,0.9715191,-0.158466,0.3997712,-0.2177277,-0.8903806,moving,-10.28831,12.24798,8.486078,1.102625
05/11/2023 13:10:03.478089,3105,True,True,True,True,Eyes,0.04817114,0.1862152,-3.062593,0.1797008,-0.209951,-0.9610558,0.0,0.0,0.0,0.0,0.0,0.0,0.0,-1.310918,-0.7025413,-2.806051,0.1015117,0.186436,-3.168742,0.06912399,0.9684411,-0.09764633,0.2186528,12.67131,155.1502,5.36269,0.007259659,0.0615209,-0.9980786,0.05399182,0.007103117,-0.183848,-0.4109281,-0.1926898,-4.730933,0.3087002,0.03752527,2.069001,-0.8948258,0.09118375,-0.4370041,0.1765863,0.9713742,-0.1589011,0.4100052,-0.2193577,-0.8853126,moving,-10.59102,12.32316,8.486073,1.039054
05/11/2023 13:10:03.487891,3106,True,True,True,True,Eyes,0.05062626,0.1860822,-3.067979,0.1849849,-0.2110537,-0.9598109,0.0,0.0,0.0,0.0,0.0,0.0,0.0,-1.344888,-0.7036507,-2.799994,0.1057665,0.1855215,-3.177768,0.06896649,0.9670824,-0.09811889,0.2244284,12.75216,154.4573,5.256286,0.008102675,0.06143744,-0.9980772,0.05075231,0.00667693,-0.1728171,-0.3804339,-0.1996351,-4.744256,0.3087001,0.03475949,2.069002,-0.8897513,0.08935122,-0.4476153,0.1774339,0.9712326,-0.158822,0.4205477,-0.2207342,-0.8800093,moving,-10.90889,12.40145,8.48607,0.9624858
05/11/2023 13:10:03.507807,3107,True,True,True,True,Eyes,0.05313223,0.1859197,-3.073539,0.1905101,-0.2121058,-0.9584972,0.0,0.0,0.0,0.0,0.0,0.0,0.0,-1.380017,-0.7052268,-2.793223,0.1102323,0.1847501,-3.187099,0.0692143,0.9656148,-0.09873503,0.2303233,12.85964,153.7537,5.189814,0.008939316,0.06134724,-0.9980756,0.04770717,0.006276314,-0.1624481,-0.3495908,-0.2022591,-4.758017,0.3087002,0.03219122,2.069001,-0.8843212,0.08818676,-0.4584748,0.1791507,0.9709215,-0.1587967,0.4311394,-0.2225633,-0.8744052,moving,-11.24156,12.47789,8.486075,0.8913829
05/11/2023 13:10:03.527621,3108,True,True,True,True,Eyes,0.05572112,0.1857193,-3.079263,0.1962706,-0.2131183,-0.9571093,0.0,0.0,0.0,0.0,0.0,0.0,0.0,-1.415897,-0.7030696,-2.786574,0.1145785,0.1838035,-3.196427,0.06956659,0.9641327,-0.09880822,0.2363169,12.90928,153.0384,5.146933,0.009770853,0.0612498,-0.9980738,0.04484474,0.005899735,-0.1527012,-0.3184662,-0.2071026,-4.771103,0.3087002,0.02935639,2.069,-0.8786299,0.08744273,-0.4694293,0.180843,0.9707949,-0.157649,0.4419343,-0.223408,-0.8687829,moving,-11.58876,12.55318,8.486079,0.8128973
05/11/2023 13:10:03.544556,3109,True,True,True,True,Eyes,0.05832976,0.1854865,-3.08518,0.202136,-0.2141054,-0.9556673,0.0,0.0,0.0,0.0,0.0,0.0,0.0,-1.451136,-0.697332,-2.781054,0.1190285,0.1826912,-3.206054,0.07002867,0.9626919,-0.09833233,0.24218,12.89979,152.3394,5.132636,0.01059998,0.06114434,-0.9980718,0.04215406,0.005545751,-0.1435391,-0.2893196,-0.2128522,-4.783285,0.3087,0.02676532,2.069,-0.8728898,0.0872038,-0.4800616,0.1824603,0.9708535,-0.1554084,0.4525173,-0.2232465,-0.8633593,moving,-11.94277,12.62789,8.486073,0.7411572
05/11/2023 13:10:03.557823,3110,True,True,True,True,Eyes,0.06102342,0.1852247,-3.091261,0.2082032,-0.2150299,-0.9541559,0.0,0.0,0.0,0.0,0.0,0.0,0.0,-1.485697,-0.6903978,-2.775865,0.1234108,0.1814853,-3.215774,0.07059444,0.9612626,-0.09769754,0.2478829,12.87497,151.66,5.136886,0.01142654,0.06103043,-0.9980697,0.03962481,0.005213005,-0.1349268,-0.2618146,-0.2136565,-4.796266,0.3086999,0.02409288,2.068999,-0.8671411,0.08728448,-0.4903549,0.1841547,0.9709432,-0.1528277,0.4627673,-0.2228243,-0.8580186,moving,-12.30938,12.70009,8.486075,0.6671624
05/11/2023 13:10:03.578102,3111,True,True,True,True,Eyes,0.06377196,0.1849354,-3.097527,0.2144098,-0.215828,-0.9525999,0.0,0.0,0.0,0.0,0.0,0.0,0.0,-1.519564,-0.6830363,-2.771122,0.1280112,0.1805204,-3.225795,0.07103022,0.9598497,-0.09691347,0.253478,12.8297,150.9914,5.132497,0.01225328,0.06090768,-0.9980674,0.03724733,0.004900225,-0.1268312,-0.2361516,-0.2158812,-4.808277,0.3087,0.0213533,2.069,-0.8614074,0.08722582,-0.5003691,0.1854875,0.9711249,-0.1500356,0.4728339,-0.2220539,-0.8527136,moving,-12.68467,12.76583,8.486073,0.5913056
05/11/2023 13:10:03.587993,3112,True,True,True,True,Eyes,0.1345361,0.1767225,-3.258263,0.3720294,-0.2306676,-0.8991032,0.0,0.0,0.0,0.0,0.0,0.0,0.0,-1.553834,-0.6707909,-2.767151,0.1326355,0.1794317,-3.235999,0.07130273,0.9584684,-0.09533121,0.2591646,12.69154,150.3099,5.132285,0.0130822,0.06077573,-0.9980649,0.03501249,0.004606212,-0.1192213,-0.2110298,-0.2193245,-4.81991,0.3087,0.01874664,2.069,-0.8554995,0.08726988,-0.510397,0.1860958,0.9716558,-0.1457856,0.4832075,-0.2197022,-0.8474916,moving,-22.47871,14.38907,8.486073,0.5191273
05/11/2023 13:10:03.607670,3113,True,True,True,True,Eyes,0.1347053,0.1766744,-3.258698,0.3723912,-0.2306713,-0.8989525,0.0,0.0,0.0,0.0,0.0,0.0,0.0,-1.589707,-0.6600928,-2.76158,0.137286,0.1781473,-3.246325,0.07166179,0.9569457,-0.09408918,0.265079,12.59561,149.6006,5.130404,0.01659347,0.05994507,-0.9980629,0.2452041,-0.02030884,-0.5942756,-0.188026,-0.2224057,-4.831316,0.3086998,0.01604331,2.068999,-0.8491957,0.08727074,-0.5208176,0.187035,0.9720237,-0.1420844,0.4938472,-0.2180685,-0.8417611,moving,-22.50179,14.3916,8.486073,0.4442705
05/11/2023 13:10:03.627669,3114,True,True,True,True,Eyes,0.1350568,0.1765882,-3.259546,0.3731917,-0.2306917,-0.8986152,0.0,0.0,0.0,0.0,0.0,0.0,0.0,-1.626828,-0.6532973,-2.754091,0.1418424,0.1768611,-3.256835,0.07180864,0.9552887,-0.09345797,0.2711692,12.56243,148.8657,5.084911,0.01952872,0.05924932,-0.9980513,0.2304919,-0.01909031,-0.5586191,-0.1665794,-0.2234135,-4.843058,0.3087001,0.01341414,2.069,-0.8426218,0.08651013,-0.5315119,0.1878818,0.9722183,-0.1396141,0.5046676,-0.2175033,-0.8354659,moving,-22.55294,14.398,8.486073,0.3714659
05/11/2023 13:10:03.644648,3115,True,True,True,True,Eyes,0.135616,0.1764742,-3.26078,0.3742765,-0.2308199,-0.898131,0.0,0.0,0.0,0.0,0.0,0.0,0.0,-1.663137,-0.6505269,-2.745961,0.1464179,0.1758753,-3.267588,0.07156933,0.9536113,-0.0933199,0.2771188,12.57094,148.1415,4.982962,0.0219925,0.05866338,-0.9980347,0.2166624,-0.01794489,-0.525102,-0.145853,-0.2217794,-4.855216,0.3087002,0.01064515,2.069001,-0.8361662,0.08477726,-0.5418849,0.1882201,0.9723385,-0.1383154,0.5151696,-0.2176482,-0.8289934,moving,-22.62287,14.41311,8.486073,0.2947881
05/11/2023 13:10:03.658058,3116,True,True,True,True,Eyes,0.1363477,0.1763201,-3.262419,0.3757795,-0.2308367,-0.8974989,0.0,0.0,0.0,0.0,0.0,0.0,0.0,-1.698904,-0.6511343,-2.737148,0.151059,0.17521,-3.278522,0.07156378,0.9518751,-0.09372027,0.282894,12.64502,147.4388,4.892255,0.02407321,0.05816649,-0.9980158,0.2036626,-0.0168682,-0.4935958,-0.1249805,-0.2211064,-4.866933,0.3087002,0.008079886,2.069001,-0.8296994,0.08321373,-0.5519736,0.1892654,0.9721903,-0.13793,0.5251457,-0.2189099,-0.8223752,moving,-22.71889,14.42384,8.486073,0.223751
05/11/2023 13:10:03.677965,3117,True,True,True,True,Eyes,0.1372464,0.1761258,-3.264422,0.3775688,-0.2309887,-0.8967085,0.0,0.0,0.0,0.0,0.0,0.0,0.0,-1.733735,-0.6405747,-2.731589,0.1557831,0.1740827,-3.28986,0.07052228,0.9503709,-0.09210759,0.2886832,12.46188,146.7257,4.750446,0.02584346,0.05774089,-0.9979963,0.1914429,-0.01585611,-0.4639801,-0.1039314,-0.2216486,-4.878525,0.3087002,0.00548175,2.069002,-0.8233775,0.08086482,-0.5617036,0.1872245,0.9730856,-0.1343556,0.5357211,-0.21579,-0.8163566,moving,-22.83405,14.44514,8.48607,0.1518028
05/11/2023 13:10:03.687682,3118,True,True,True,True,Eyes,0.138304,0.1759064,-3.266805,0.3797109,-0.2312147,-0.8957452,0.0,0.0,0.0,0.0,0.0,0.0,0.0,-1.768236,-0.6429926,-2.722225,0.1602543,0.1730044,-3.300756,0.06994938,0.9486415,-0.09269956,0.2942675,12.53553,146.037,4.592328,0.02745393,0.05735026,-0.9979758,0.1799563,-0.01490474,-0.4361413,-0.08354037,-0.2227357,-4.889796,0.3087002,0.002771974,2.069001,-0.8170277,0.07815683,-0.5712772,0.1872707,0.9730278,-0.1347096,0.5453401,-0.2170449,-0.8096272,moving,-22.97233,14.47357,8.486073,0.07676277
05/11/2023 13:10:03.708244,3119,True,True,True,True,Eyes,0.1395122,0.1756671,-3.269541,0.382206,-0.2314993,-0.8946098,0.0,0.0,0.0,0.0,0.0,0.0,0.0,-1.804264,-0.6447965,-2.71236,0.164985,0.1722081,-3.312273,0.07004365,0.9467841,-0.09332688,0.299973,12.63523,145.3391,4.504849,0.02893236,0.05698794,-0.9979549,0.1691589,-0.01401046,-0.4099728,-0.06429762,-0.2218955,-4.901535,0.3087004,5.400181e-05,2.069003,-0.8102201,0.07664136,-0.5810933,0.1886235,0.9727679,-0.1346984,0.5549455,-0.2187432,-0.8026125,moving,-23.13373,14.50825,8.486073,0.001495443
05/11/2023 13:10:03.727991,3120,True,True,True,True,Eyes,0.1408598,0.1754024,-3.272609,0.3853765,-0.2323065,-0.893039,0.0,0.0,0.0,0.0,0.0,0.0,0.0,-1.841444,-0.6449237,-2.701225,0.1696644,0.1715147,-3.323441,0.07028645,0.9448349,-0.09374741,0.3058727,12.71779,144.618,4.437222,0.0302964,0.05664989,-0.9979337,0.1590094,-0.01316983,-0.3853745,-0.04620267,-0.2271073,-4.911549,0.3087004,-0.002568841,2.069002,-0.8030034,0.07546864,-0.5911767,0.1901677,0.9725425,-0.1341542,0.5648201,-0.2201491,-0.7953066,moving,-23.34183,14.58121,8.486073,-0.07113751
05/11/2023 13:10:03.744713,3121,True,True,True,True,Eyes,0.1423569,0.175146,-3.276001,0.3890845,-0.2334487,-0.8911312,0.0,0.0,0.0,0.0,0.0,0.0,0.0,-1.88353,-0.6529006,-2.68432,0.1739677,0.1707641,-3.334683,0.07050028,0.9424641,-0.09551764,0.3125183,12.9505,143.7983,4.306744,0.03156082,0.05633249,-0.9979125,0.1494688,-0.01237964,-0.362252,-0.02801987,-0.2384876,-4.920294,0.3087001,-0.005222082,2.069001,-0.7947239,0.07318592,-0.6025425,0.19259,0.9718121,-0.1359786,0.5756065,-0.2241091,-0.7864173,moving,-23.58698,14.67983,8.486073,-0.1446121
05/11/2023 13:10:03.757836,3122,True,True,True,True,Eyes,0.1440009,0.1749466,-3.279731,0.3931358,-0.2346403,-0.8890378,0.0,0.0,0.0,0.0,0.0,0.0,0.0,-1.925953,-0.6595293,-2.667119,0.1785317,0.1708341,-3.346152,0.07030363,0.9400715,-0.09682891,0.3192918,13.11739,142.9567,4.14221,0.03273959,0.05603344,-0.9978914,0.1405007,-0.01163686,-0.3405169,-0.007983889,-0.235013,-4.932107,0.3087001,-0.007787287,2.069,-0.7862207,0.07034753,-0.6139291,0.1940142,0.9713631,-0.1371575,0.5866994,-0.2269469,-0.7773542,moving,-23.85519,14.78472,8.486073,-0.2156484
05/11/2023 13:10:03.777821,3123,True,True,True,True,Eyes,0.1457984,0.1748515,-3.28378,0.397591,-0.2359834,-0.8866979,0.0,0.0,0.0,0.0,0.0,0.0,0.0,-1.968372,-0.6627827,-2.650569,0.1835396,0.1720324,-3.357975,0.0705189,0.9376699,-0.09753214,0.3260211,13.23157,142.1248,4.044086,0.03384615,0.05575188,-0.9978703,0.1320706,-0.01093865,-0.3200859,0.01065827,-0.2282313,-4.944169,0.3087,-0.01052547,2.069001,-0.7774748,0.06865183,-0.6251562,0.195842,0.9710292,-0.1369246,0.5976447,-0.2288872,-0.7683957,moving,-24.15123,14.9031,8.48607,-0.2914738
05/11/2023 13:10:03.787773,3124,True,True,True,True,Eyes,0.1477409,0.1748481,-3.288148,0.4024065,-0.2372442,-0.8841856,0.0,0.0,0.0,0.0,0.0,0.0,0.0,-2.011633,-0.6634679,-2.633528,0.1886261,0.1745037,-3.36991,0.07071918,0.9352266,-0.09764637,0.3328893,13.28095,141.2757,3.963128,0.03489091,0.05548896,-0.997849,0.1241464,-0.01028233,-0.3008807,0.03155953,-0.208103,-4.959582,0.3087001,-0.01322916,2.069,-0.7683673,0.06726605,-0.6364649,0.1972878,0.970928,-0.1355596,0.6088431,-0.2297263,-0.7593,moving,-24.47101,15.01979,8.486076,-0.3663436
05/11/2023 13:10:03.808036,3125,True,True,True,True,Eyes,0.1498345,0.174931,-3.292783,0.4075468,-0.2385206,-0.8814837,0.0,0.0,0.0,0.0,0.0,0.0,0.0,-2.056185,-0.6580421,-2.616354,0.1938767,0.1767027,-3.381923,0.07058237,0.9327433,-0.09676317,0.3400663,13.2097,140.3869,3.878944,0.03588367,0.05524516,-0.9978274,0.1166976,-0.00966539,-0.2828279,0.05297869,-0.1831399,-4.974413,0.3087004,-0.01594472,2.069002,-0.7587463,0.06585869,-0.6480487,0.1974823,0.97131,-0.132505,0.6207296,-0.2285158,-0.7499839,moving,-24.81308,15.14107,8.486074,-0.4415399
05/11/2023 13:10:03.829296,3126,True,True,True,True,Eyes,0.1520614,0.175087,-3.297694,0.4130313,-0.2397963,-0.87858,0.0,0.0,0.0,0.0,0.0,0.0,0.0,-2.102922,-0.6560326,-2.595132,0.1988331,0.1789436,-3.393496,0.07061405,0.9299837,-0.09653971,0.3475977,13.21768,139.4502,3.782755,0.03683442,0.05502056,-0.9978051,0.1096958,-0.009085467,-0.2658582,0.07336384,-0.2026262,-4.980884,0.3087001,-0.01863551,2.069001,-0.7483789,0.06422586,-0.6601546,0.1984538,0.9713875,-0.1304701,0.6328864,-0.2286513,-0.7397119,moving,-25.1788,15.26626,8.486072,-0.5160496
05/11/2023 13:10:03.844710,3127,True,True,True,True,Eyes,0.1544235,0.1753096,-3.302847,0.4187871,-0.241117,-0.8754884,0.0,0.0,0.0,0.0,0.0,0.0,0.0,-2.149146,-0.6562544,-2.572824,0.2040906,0.1808717,-3.405077,0.07047667,0.9271409,-0.09666063,0.3551052,13.25523,138.5099,3.654061,0.03775062,0.05481509,-0.9977822,0.103114,-0.008540339,-0.2499067,0.09585711,-0.1909904,-4.99311,0.3087003,-0.02128235,2.069001,-0.7378668,0.06203422,-0.6720896,0.199333,0.9713795,-0.1291828,0.6448404,-0.2292893,-0.7291141,moving,-25.56397,15.39801,8.486075,-0.5893402
05/11/2023 13:10:03.858129,3128,True,True,True,True,Eyes,0.1569093,0.1755957,-3.30823,0.4247818,-0.2425857,-0.8721884,0.0,0.0,0.0,0.0,0.0,0.0,0.0,-2.193107,-0.6544313,-2.551584,0.2092319,0.1827488,-3.416343,0.06998505,0.9244245,-0.09632764,0.3623017,13.22683,137.6045,3.509636,0.03863853,0.0546286,-0.9977585,0.09692718,-0.008027919,-0.2349123,0.1163704,-0.2040027,-4.999164,0.3087002,-0.02394351,2.069001,-0.7276792,0.05959245,-0.6833242,0.1991911,0.9716461,-0.1273838,0.6563581,-0.2288066,-0.7189169,moving,-25.96746,15.54308,8.486073,-0.6630257
05/11/2023 13:10:03.877760,3129,True,True,True,True,Eyes,0.1595573,0.1759226,-3.313799,0.4309655,-0.2440021,-0.868753,0.0,0.0,0.0,0.0,0.0,0.0,0.0,-2.237015,-0.6623697,-2.526547,0.2145379,0.1846056,-3.427289,0.07125487,0.9213817,-0.09814083,0.3692518,13.50159,136.7329,3.468544,0.03950567,0.05446041,-0.9977337,0.09111155,-0.007546244,-0.2208176,0.1367822,-0.2252751,-5.004053,0.3087002,-0.02681473,2.069001,-0.7171516,0.05882851,-0.6944298,0.2037832,0.9705822,-0.1282283,0.6664578,-0.2334723,-0.7080429,moving,-26.3848,15.68818,8.486073,-0.7425247
05/11/2023 13:10:03.897509,3130,True,True,True,True,Eyes,0.1623215,0.1762977,-3.319554,0.4373772,-0.245489,-0.8651221,0.0,0.0,0.0,0.0,0.0,0.0,0.0,-2.281259,-0.6503009,-2.505452,0.2200871,0.1859995,-3.438211,0.07150797,0.9185847,-0.096555,0.376518,13.36985,135.8289,3.456864,0.04035731,0.05430986,-0.9977079,0.08564486,-0.007093469,-0.2075685,0.1602561,-0.2202411,-5.013742,0.3087001,-0.02924106,2.069,-0.7062414,0.05866288,-0.7055362,0.2040816,0.9711275,-0.1235398,0.6779184,-0.231236,-0.6978225,moving,-26.81965,15.84194,8.486076,-0.8097041
05/11/2023 13:10:03.908283,3131,True,True,True,True,Eyes,0.1652526,0.1767347,-3.325472,0.4438513,-0.2470671,-0.8613675,0.0,0.0,0.0,0.0,0.0,0.0,0.0,-2.323734,-0.6535428,-2.480162,0.2255032,0.1875613,-3.448481,0.07222431,0.9155614,-0.0975228,0.3834326,13.53047,134.9547,3.38845,0.04119838,0.05417623,-0.9976808,0.08050616,-0.006667861,-0.1951144,0.1845616,-0.2237628,-5.020902,0.3087003,-0.03213331,2.069002,-0.6955265,0.05746473,-0.7161992,0.2070384,0.9705459,-0.1231899,0.6880251,-0.2339625,-0.6869378,moving,-27.26145,16.00455,8.486073,-0.8897794
05/11/2023 13:10:03.927857,3132,True,True,True,True,Eyes,0.168325,0.1772025,-3.331551,0.4505787,-0.2483595,-0.8574942,0.0,0.0,0.0,0.0,0.0,0.0,0.0,-2.364215,-0.6533601,-2.457201,0.2317341,0.189582,-3.458986,0.07266463,0.9126751,-0.09773771,0.3901171,13.59758,134.1086,3.325362,0.0420341,0.05405945,-0.9976522,0.07567579,-0.006267789,-0.1834075,0.2108877,-0.2120036,-5.031365,0.3087001,-0.03463793,2.069001,-0.6850569,0.05638008,-0.7263044,0.2088967,0.9703344,-0.1217101,0.6978962,-0.235101,-0.6765119,moving,-27.72012,16.15282,8.486073,-0.9591207
05/11/2023 13:10:03.944793,3133,True,True,True,True,Eyes,0.2489093,0.1888468,-3.486119,0.6114314,-0.2767821,-0.7413119,0.0,0.0,0.0,0.0,0.0,0.0,0.0,-2.402006,-0.6353783,-2.439989,0.2380611,0.1907376,-3.468981,0.07137116,0.9102571,-0.09463249,0.3967153,13.23278,133.2769,3.22998,0.04286966,0.05395835,-0.9976221,0.07113525,-0.005891722,-0.1724031,0.2375823,-0.1971314,-5.041821,0.3087005,-0.03726187,2.069003,-0.6750464,0.05484788,-0.7357338,0.2050165,0.9719017,-0.1156517,0.7087178,-0.2289079,-0.6673235,moving,-39.51569,20.47402,8.486076,-1.031762
05/11/2023 13:10:03.960418,3134,True,True,True,True,Eyes,0.2491862,0.188866,-3.486493,0.6118647,-0.2767759,-0.7409565,0.0,0.0,0.0,0.0,0.0,0.0,0.0,-2.440615,-0.6339413,-2.415935,0.2442421,0.1912402,-3.478361,0.07125802,0.9073504,-0.09470073,0.4033229,13.25783,132.4314,3.116774,0.04680955,0.05393814,-0.9974462,0.3086201,0.02939469,-0.625765,0.2643537,-0.1850981,-5.051692,0.3087004,-0.03995144,2.069002,-0.6645058,0.05292204,-0.7454067,0.2057019,0.9719082,-0.1143735,0.718414,-0.2293335,-0.6567248,moving,-39.5491,20.4826,8.486077,-1.106217
05/11/2023 13:10:03.978972,3135,True,True,True,True,Eyes,0.2497192,0.1889065,-3.487224,0.6125973,-0.2767484,-0.7403612,0.0,0.0,0.0,0.0,0.0,0.0,0.0,-2.478392,-0.6289933,-2.392948,0.2510509,0.1917199,-3.487761,0.07132375,0.9044654,-0.09426771,0.4098401,13.23741,131.6003,3.047447,0.05005432,0.05392526,-0.9972892,0.2901029,0.02763101,-0.588219,0.2904549,-0.1707696,-5.061698,0.3087001,-0.04290786,2.069001,-0.653888,0.05175037,-0.7548195,0.2062891,0.972053,-0.1120611,0.7279254,-0.2289864,-0.6462894,moving,-39.60539,20.49583,8.486073,-1.188055
05/11/2023 13:10:03.998164,3136,True,True,True,True,Eyes,0.2505284,0.1889808,-3.48827,0.6137365,-0.2767444,-0.7394187,0.0,0.0,0.0,0.0,0.0,0.0,0.0,-2.516571,-0.6171045,-2.369737,0.2581126,0.1919454,-3.496589,0.07185575,0.9015114,-0.09300012,0.4164914,13.15205,130.7604,3.066398,0.05273618,0.05391819,-0.9971515,0.2726968,0.02597315,-0.5529259,0.3135224,-0.171775,-5.06873,0.3087003,-0.04532644,2.069001,-0.6427435,0.05209005,-0.7643085,0.207025,0.9723755,-0.1078267,0.7375782,-0.2275359,-0.6357719,moving,-39.69354,20.51952,8.486077,-1.255001
05/11/2023 13:10:04.013945,3137,True,True,True,True,Eyes,0.2516208,0.1890675,-3.489611,0.6152182,-0.2767314,-0.7381912,0.0,0.0,0.0,0.0,0.0,0.0,0.0,-2.555267,-0.6101928,-2.343693,0.2654276,0.1928372,-3.505279,0.0728395,0.8983309,-0.09261698,0.4232239,13.18266,129.9047,3.089319,0.05496443,0.05391606,-0.9970313,0.256335,0.02441476,-0.5197504,0.3377043,-0.1711378,-5.075962,0.3087004,-0.04798871,2.069002,-0.6311522,0.05247249,-0.7738824,0.2092634,0.972233,-0.1047465,0.7468978,-0.2280562,-0.6246075,moving,-39.80826,20.5499,8.486075,-1.328688
05/11/2023 13:10:04.029934,3138,True,True,True,True,Eyes,0.2529918,0.1891579,-3.491219,0.6171305,-0.2766825,-0.7366116,0.0,0.0,0.0,0.0,0.0,0.0,0.0,-2.593285,-0.6013619,-2.317639,0.2732391,0.1934959,-3.513703,0.07333096,0.8951386,-0.09178466,0.4300294,13.14339,129.0353,3.081166,0.05683139,0.0539176,-0.9969266,0.2409549,0.02294988,-0.4885653,0.3604102,-0.1789899,-5.081078,0.3087003,-0.05077508,2.069002,-0.6193949,0.05234254,-0.7833331,0.2102229,0.9723964,-0.101251,0.7564105,-0.2273889,-0.6133009,moving,-39.95615,20.58694,8.486075,-1.405806
05/11/2023 13:10:04.045828,3139,True,True,True,True,Eyes,0.2546228,0.1892262,-3.493075,0.6193068,-0.2768316,-0.7347267,0.0,0.0,0.0,0.0,0.0,0.0,0.0,-2.632659,-0.5928607,-2.288537,0.2811615,0.1936689,-3.52182,0.07316157,0.8917241,-0.09087361,0.4372846,13.06482,128.0988,3.001376,0.05841172,0.05392154,-0.9968351,0.2264976,0.02157288,-0.4592514,0.3800829,-0.2022863,-5.083399,0.3087004,-0.05340457,2.069002,-0.6068594,0.05100461,-0.7931712,0.2099551,0.9727787,-0.0980835,0.7665774,-0.2260532,-0.6010486,moving,-40.1278,20.64549,8.486078,-1.478577
05/11/2023 13:10:04.058311,3140,True,True,True,True,Eyes,0.2565278,0.18929,-3.495142,0.6218126,-0.2772227,-0.7324594,0.0,0.0,0.0,0.0,0.0,0.0,0.0,-2.671204,-0.5931855,-2.256017,0.2892341,0.1931944,-3.529282,0.0731114,0.8880838,-0.09150343,0.44451,13.15128,127.1508,2.855443,0.05983028,0.05392485,-0.9967507,0.2129077,0.02027851,-0.4316963,0.3996069,-0.2136776,-5.087935,0.3087002,-0.05605504,2.069001,-0.5941312,0.04850971,-0.8029041,0.2112065,0.9725636,-0.09752791,0.7761444,-0.2275229,-0.5880759,moving,-40.32919,20.73075,8.486075,-1.551924
05/11/2023 13:10:04.077979,3141,True,True,True,True,Eyes,0.2587078,0.1893515,-3.497403,0.624508,-0.2779092,-0.7299016,0.0,0.0,0.0,0.0,0.0,0.0,0.0,-2.709349,-0.6025296,-2.22013,0.2975883,0.1932129,-3.536482,0.07430301,0.884157,-0.0939965,0.451564,13.49264,126.2149,2.740931,0.06115656,0.0539262,-0.9966701,0.2001332,0.0190618,-0.4057945,0.4168816,-0.23452,-5.089973,0.3087002,-0.05902484,2.069002,-0.5811379,0.0465002,-0.8124753,0.2162819,0.9712874,-0.09911019,0.7845384,-0.2333204,-0.5745092,moving,-40.55048,20.84427,8.486072,-1.634101
05/11/2023 13:10:04.097918,3142,True,True,True,True,Eyes,0.2611501,0.1893961,-3.49983,0.6274989,-0.2788076,-0.7269879,0.0,0.0,0.0,0.0,0.0,0.0,0.0,-2.747691,-0.6079831,-2.18336,0.3063714,0.1932688,-3.543344,0.07578804,0.8800998,-0.09604353,0.4587551,13.80346,125.2617,2.672544,0.06240763,0.05392542,-0.9965926,0.1881253,0.01791809,-0.3814469,0.4344608,-0.258248,-5.091195,0.3087,-0.06133801,2.069001,-0.5676001,0.04528116,-0.8220584,0.221523,0.9700636,-0.09951948,0.7929426,-0.2385921,-0.560639,moving,-40.79909,20.98235,8.486071,-1.698105
05/11/2023 13:10:04.107856,3143,True,True,True,True,Eyes,0.2638542,0.1894205,-3.502391,0.6309242,-0.2802749,-0.7234505,0.0,0.0,0.0,0.0,0.0,0.0,0.0,-2.784614,-0.6136216,-2.146414,0.3149861,0.1929613,-3.549823,0.07739147,0.8760402,-0.09824793,0.4657377,14.13613,124.3293,2.605396,0.06359731,0.05392196,-0.9965175,0.1768377,0.01684301,-0.3585601,0.4521605,-0.2767519,-5.092915,0.3087001,-0.06404829,2.069,-0.5541983,0.04408053,-0.831217,0.2271116,0.9687158,-0.10005,0.8008028,-0.2442265,-0.5468718,moving,-41.09182,21.17707,8.486074,-1.773091
05/11/2023 13:10:04.127874,3144,True,True,True,True,Eyes,0.2668194,0.1894256,-3.505081,0.634571,-0.2819063,-0.719617,0.0,0.0,0.0,0.0,0.0,0.0,0.0,-2.820926,-0.6247993,-2.106541,0.3238384,0.1926173,-3.555776,0.08036461,0.8716999,-0.1019742,0.4725274,14.69839,123.4122,2.591574,0.06473905,0.0539153,-0.9964445,0.1662275,0.01583243,-0.3370464,0.4682773,-0.2982191,-5.093949,0.3087001,-0.06675556,2.069001,-0.5405189,0.04373641,-0.8401944,0.2364789,0.9662855,-0.1018329,0.807414,-0.2537308,-0.5326384,moving,-41.40642,21.39251,8.486073,-1.847986
05/11/2023 13:10:04.144893,3145,True,True,True,True,Eyes,0.2700312,0.1893991,-3.507895,0.6384827,-0.2836973,-0.7154409,0.0,0.0,0.0,0.0,0.0,0.0,0.0,-2.855685,-0.6233174,-2.071174,0.332959,0.1922037,-3.56166,0.08297199,0.8676457,-0.1035659,0.4791458,15.02429,122.532,2.654751,0.06584475,0.05390498,-0.9963725,0.1562538,0.01488248,-0.3168237,0.4858492,-0.3085653,-5.097671,0.3087002,-0.06945443,2.069001,-0.5270699,0.04473424,-0.8486437,0.2432269,0.9647796,-0.1002057,0.8142713,-0.2592284,-0.5193869,moving,-41.74676,21.63005,8.486073,-1.922643
05/11/2023 13:10:04.158309,3146,True,True,True,True,Eyes,0.2735032,0.1893538,-3.510809,0.6425776,-0.2855924,-0.711007,0.0,0.0,0.0,0.0,0.0,0.0,0.0,-2.889256,-0.6167175,-2.037066,0.3422573,0.1914431,-3.56707,0.0858252,0.8636398,-0.1045443,0.4856242,15.30367,121.6749,2.775498,0.06692428,0.05389028,-0.9963014,0.1468786,0.01398953,-0.2978142,0.5045598,-0.3121274,-5.102125,0.3087001,-0.07205421,2.069,-0.5136066,0.04670561,-0.8567538,0.2497826,0.963409,-0.09721974,0.8208637,-0.2639349,-0.5064796,moving,-42.10592,21.884,8.486074,-1.994554
05/11/2023 13:10:04.177943,3147,True,True,True,True,Eyes,0.2772439,0.1892891,-3.513804,0.6469088,-0.2873278,-0.7063652,0.0,0.0,0.0,0.0,0.0,0.0,0.0,-2.922757,-0.6070765,-2.002954,0.3518621,0.1909703,-3.572479,0.0890298,0.8595592,-0.1052033,0.4921014,15.57386,120.8203,2.946211,0.06798761,0.05387093,-0.9962304,0.1380659,0.01315016,-0.2799454,0.5271414,-0.3140899,-5.106374,0.3087002,-0.07492974,2.069001,-0.4998195,0.04951133,-0.8647131,0.2565942,0.9620119,-0.09323363,0.8272481,-0.2684804,-0.4935366,moving,-42.48431,22.13499,8.486075,-2.074085
05/11/2023 13:10:04.188314,3148,True,True,True,True,Eyes,0.2812355,0.1891821,-3.516874,0.6514379,-0.2889951,-0.7015058,0.0,0.0,0.0,0.0,0.0,0.0,0.0,-2.954316,-0.5866097,-1.973396,0.3618799,0.1904403,-3.577592,0.09086499,0.8558396,-0.1035165,0.4985644,15.53287,119.9792,3.112428,0.06904351,0.05384671,-0.9961592,0.1297819,0.01236115,-0.2631487,0.5531916,-0.3117318,-5.111009,0.3087001,-0.07740939,2.069001,-0.4863541,0.05231238,-0.8721943,0.258751,0.9620557,-0.08658303,0.8345702,-0.2677912,-0.4814356,moving,-42.88065,22.3899,8.486073,-2.142659
05/11/2023 13:10:04.212841,3149,True,True,True,True,Eyes,0.2854636,0.1890499,-3.520047,0.6560699,-0.2905828,-0.6965155,0.0,0.0,0.0,0.0,0.0,0.0,0.0,-2.984872,-0.569153,-1.942982,0.3717737,0.1893084,-3.58253,0.09248698,0.852074,-0.1023133,0.5049238,15.5307,119.1402,3.23022,0.0700992,0.05381678,-0.9960871,0.121995,0.01161948,-0.2473597,0.5794543,-0.3121673,-5.114449,0.3086998,-0.08003032,2.068999,-0.4729962,0.05429067,-0.8793902,0.2609323,0.9619563,-0.08095921,0.8415396,-0.2677547,-0.4691678,moving,-43.28723,22.64565,8.486073,-2.215136
05/11/2023 13:10:04.227859,3150,True,True,True,True,Eyes,0.2899529,0.1888847,-3.523271,0.6608791,-0.2920233,-0.6913474,0.0,0.0,0.0,0.0,0.0,0.0,0.0,-3.013035,-0.5579395,-1.912862,0.3821844,0.1884778,-3.587078,0.09393883,0.8483565,-0.1019237,0.5109583,15.60078,118.33,3.287272,0.0711608,0.05378082,-0.9960136,0.1146753,0.01092231,-0.2325182,0.6055622,-0.313958,-5.117724,0.3086999,-0.08272985,2.069,-0.4601946,0.05522972,-0.8860987,0.2635448,0.9615741,-0.07693769,0.8478003,-0.2689329,-0.4570668,moving,-43.70924,22.89907,8.486072,-2.289777
05/11/2023 13:10:04.248752,3151,True,True,True,True,Eyes,0.2946891,0.1886764,-3.526549,0.6657594,-0.2933037,-0.686103,0.0,0.0,0.0,0.0,0.0,0.0,0.0,-3.039358,-0.5405521,-1.88656,0.3928124,0.1874946,-3.591594,0.09435444,0.8449618,-0.1000398,0.5168452,15.46162,117.5462,3.333398,0.0722349,0.05373842,-0.9959387,0.1077948,0.01026697,-0.2185671,0.6315845,-0.3173582,-5.120142,0.3087006,-0.08542717,2.069001,-0.4479367,0.0560416,-0.8923073,0.262862,0.9621785,-0.07152631,0.8545505,-0.2665929,-0.4457263,moving,-44.13785,23.14633,8.486082,-2.364347
05/11/2023 13:10:04.258587,3152,True,True,True,True,Eyes,0.4196791,0.1821111,-3.609017,0.779767,-0.3182868,-0.5391262,0.0,0.0,0.0,0.0,0.0,0.0,0.0,-3.064244,-0.5245636,-1.860287,0.4036872,0.186179,-3.595524,0.09492434,0.8415577,-0.09848613,0.5225616,15.36524,116.7799,3.379282,0.0733267,0.05368891,-0.9958615,0.1013271,0.009650954,-0.205453,0.6580325,-0.3247906,-5.121366,0.3086998,-0.0880442,2.069001,-0.4358379,0.0568385,-0.8982289,0.2626988,0.9625797,-0.06655591,0.860834,-0.2649711,-0.4344601,moving,-55.34025,30.55655,8.486066,-2.436693
05/11/2023 13:10:04.277926,3153,True,True,True,True,Eyes,0.4201286,0.182035,-3.609169,0.7799344,-0.3183059,-0.5388726,0.0,0.0,0.0,0.0,0.0,0.0,0.0,-3.088512,-0.509883,-1.833824,0.4146928,0.1845748,-3.599411,0.09561075,0.8381152,-0.09723333,0.5281734,15.30657,116.0222,3.420883,0.07873579,0.05323096,-0.995473,0.4702176,-0.01062415,-0.4405285,0.6851127,-0.3317279,-5.122276,0.3087005,-0.09074327,2.069002,-0.4237825,0.05755352,-0.9039335,0.2629777,0.9628085,-0.06198731,0.8667472,-0.2639835,-0.4231568,moving,-55.35861,30.56986,8.486078,-2.511296
05/11/2023 13:10:04.287855,3154,True,True,True,True,Eyes,0.4210119,0.1818938,-3.609465,0.7803167,-0.3184318,-0.5382445,0.0,0.0,0.0,0.0,0.0,0.0,0.0,-3.111509,-0.4976052,-1.807345,0.4259826,0.1826468,-3.602884,0.09633981,0.8346617,-0.09641124,0.5336325,15.29338,115.2776,3.442828,0.08322122,0.05284775,-0.9951286,0.4420046,-0.009986697,-0.4140968,0.71246,-0.3396122,-5.122875,0.3087002,-0.09383032,2.069001,-0.4119103,0.05792595,-0.9093816,0.2637186,0.962847,-0.05812142,0.8722286,-0.2637616,-0.4118828,moving,-55.40298,30.60906,8.486075,-2.596616
05/11/2023 13:10:04.307964,3155,True,True,True,True,Eyes,0.4223288,0.1816808,-3.609874,0.7807555,-0.3186696,-0.5374669,0.0,0.0,0.0,0.0,0.0,0.0,0.0,-3.133169,-0.4910121,-1.781644,0.4373466,0.180985,-3.606669,0.09800997,0.8312285,-0.09686163,0.5385826,15.46212,114.5921,3.485847,0.08696043,0.05252418,-0.9948259,0.4154843,-0.009387495,-0.389251,0.7403398,-0.3446668,-5.123712,0.3087003,-0.0960373,2.069002,-0.4006458,0.05860136,-0.9143572,0.2672733,0.9620237,-0.05545535,0.8763837,-0.2666012,-0.4010934,moving,-55.45674,30.66413,8.486073,-2.657603
05/11/2023 13:10:04.327639,3156,True,True,True,True,Eyes,0.4240709,0.1814115,-3.610387,0.7813715,-0.3189282,-0.5364173,0.0,0.0,0.0,0.0,0.0,0.0,0.0,-3.151062,-0.4817606,-1.761139,0.4490827,0.1790413,-3.609592,0.09944186,0.8282297,-0.0967114,0.5429493,15.55613,113.9915,3.553056,0.09010057,0.05224739,-0.994561,0.3905552,-0.008824245,-0.3658959,0.7678002,-0.3482001,-5.125187,0.3087005,-0.09879318,2.069002,-0.390635,0.05970262,-0.9186077,0.2697401,0.9615164,-0.05221472,0.8801391,-0.2681823,-0.3917061,moving,-55.53011,30.7337,8.486079,-2.733751
05/11/2023 13:10:04.345388,3157,True,True,True,True,Eyes,0.426246,0.1810768,-3.610948,0.7820294,-0.3192602,-0.5352597,0.0,0.0,0.0,0.0,0.0,0.0,0.0,-3.167328,-0.4723091,-1.743586,0.4609311,0.1774224,-3.612645,0.1006361,0.8254849,-0.09629645,0.5469681,15.60906,113.4392,3.619684,0.09276353,0.05200693,-0.9943288,0.3671219,-0.00829479,-0.3439422,0.794516,-0.3510509,-5.12689,0.3087003,-0.1014038,2.069001,-0.3813967,0.06080506,-0.9224095,0.2714894,0.9611987,-0.04889301,0.883646,-0.269072,-0.3831059,moving,-55.61033,30.81432,8.486076,-2.805878
05/11/2023 13:10:04.357888,3158,True,True,True,True,Eyes,0.4288402,0.1806864,-3.611583,0.7828864,-0.3194599,-0.533886,0.0,0.0,0.0,0.0,0.0,0.0,0.0,-3.181521,-0.4616234,-1.728306,0.4732229,0.1755564,-3.614893,0.1015118,0.8229311,-0.09551166,0.5507789,15.60597,112.9169,3.682684,0.095198,0.05178156,-0.9941104,0.3450946,-0.007797102,-0.3233056,0.8210855,-0.353043,-5.12891,0.3086998,-0.1040653,2.069001,-0.3726761,0.06186282,-0.9258974,0.2722861,0.9611458,-0.04537788,0.8871151,-0.2690202,-0.3750404,moving,-55.70814,30.89493,8.486066,-2.8794
05/11/2023 13:10:04.377905,3159,True,True,True,True,Eyes,0.43186,0.1802305,-3.612223,0.7838148,-0.3196312,-0.5324192,0.0,0.0,0.0,0.0,0.0,0.0,0.0,-3.19479,-0.4474438,-1.715879,0.4857817,0.1738004,-3.617311,0.1013278,0.8206441,-0.09357662,0.5545444,15.42447,112.4066,3.718787,0.09745711,0.05156657,-0.9939027,0.3243889,-0.007329276,-0.3039073,0.8484082,-0.3520492,-5.131438,0.3087006,-0.1068866,2.069002,-0.3644266,0.06252342,-0.9291309,0.2700929,0.9619522,-0.04120461,0.8912032,-0.2659678,-0.367448,moving,-55.81304,30.97797,8.486081,-2.957324
05/11/2023 13:10:04.387636,3160,True,True,True,True,Eyes,0.4352887,0.1797295,-3.612907,0.7848735,-0.3197211,-0.5308032,0.0,0.0,0.0,0.0,0.0,0.0,0.0,-3.205438,-0.4378598,-1.705475,0.4986107,0.1718281,-3.618986,0.101001,0.8185682,-0.09224547,0.5578851,15.29045,111.9465,3.710695,0.0995697,0.05135909,-0.993704,0.3049256,-0.00688952,-0.2856729,0.8764342,-0.3525068,-5.133152,0.3087006,-0.109473,2.069003,-0.3571262,0.06242764,-0.9319677,0.2682771,0.9625791,-0.03832451,0.8947002,-0.2637123,-0.3605101,moving,-55.92985,31.06201,8.486078,-3.028754
05/11/2023 13:10:04.413344,3161,True,True,True,True,Eyes,0.4391247,0.1791819,-3.613575,0.7859718,-0.3198238,-0.5291135,0.0,0.0,0.0,0.0,0.0,0.0,0.0,-3.214089,-0.4302775,-1.698632,0.511789,0.1702276,-3.620767,0.100683,0.8167869,-0.09107817,0.5607377,15.17075,111.5528,3.702849,0.1015616,0.05115704,-0.9935128,0.2866301,-0.006476148,-0.2685325,0.9048405,-0.3553327,-5.133857,0.3087001,-0.1119963,2.069002,-0.3508722,0.06233124,-0.9343465,0.2666151,0.9631354,-0.03586936,0.8976664,-0.2616965,-0.3545559,moving,-56.0517,31.15095,8.486071,-3.098432
05/11/2023 13:10:04.427658,3162,True,True,True,True,Eyes,0.4433451,0.1786053,-3.614245,0.787114,-0.3199675,-0.5273257,0.0,0.0,0.0,0.0,0.0,0.0,0.0,-3.220123,-0.4246382,-1.694465,0.5251177,0.1685979,-3.621676,0.1001996,0.8152754,-0.09006193,0.5631831,15.05297,111.2135,3.677402,0.1034559,0.05095858,-0.9933274,0.2694322,-0.00608758,-0.2524206,0.932575,-0.3598779,-5.13418,0.3087001,-0.1147844,2.069002,-0.3455702,0.06193791,-0.9363468,0.2648233,0.9636977,-0.03398907,0.9002501,-0.259712,-0.3494279,moving,-56.17995,31.24829,8.486068,-3.17541
05/11/2023 13:10:04.447840,3163,True,True,True,True,Eyes,0.4479528,0.1780042,-3.614889,0.788469,-0.3204472,-0.525005,0.0,0.0,0.0,0.0,0.0,0.0,0.0,-3.224378,-0.4275476,-1.691325,0.5385262,0.1673385,-3.622426,0.1002495,0.8138768,-0.09052614,0.5651192,15.10923,110.9308,3.614599,0.1052725,0.05076255,-0.9931466,0.2532663,-0.005722325,-0.2372753,0.9592317,-0.3661951,-5.134214,0.3087005,-0.1174339,2.069003,-0.3411809,0.06086541,-0.9380252,0.2654977,0.9635101,-0.0340484,0.9017245,-0.2606601,-0.3448908,moving,-56.34219,31.39863,8.486076,-3.248548
05/11/2023 13:10:04.458269,3164,True,True,True,True,Eyes,0.4529269,0.1773918,-3.615504,0.7898722,-0.3208705,-0.522632,0.0,0.0,0.0,0.0,0.0,0.0,0.0,-3.227574,-0.4282133,-1.689721,0.5523579,0.1661724,-3.622574,0.1007011,0.8125523,-0.09079298,0.5668993,15.17232,110.6752,3.606367,0.1070299,0.05056801,-0.9929687,0.2380703,-0.005378985,-0.2230388,0.9875162,-0.3643533,-5.136155,0.3086999,-0.1201635,2.069002,-0.336969,0.06070889,-0.9395565,0.2665908,0.9632319,-0.0333733,0.9029847,-0.2617229,-0.3407637,moving,-56.50873,31.54789,8.486064,-3.323891
05/11/2023 13:10:04.479260,3165,True,True,True,True,Eyes,0.4582587,0.1768231,-3.616094,0.7913982,-0.3216864,-0.5198142,0.0,0.0,0.0,0.0,0.0,0.0,0.0,-3.230905,-0.4243799,-1.688666,0.5660854,0.1652811,-3.622521,0.1006972,0.81129,-0.09010119,0.568815,15.11472,110.4094,3.616007,0.1087436,0.05037453,-0.9927923,0.2237861,-0.005056246,-0.2096565,1.013342,-0.3714642,-5.135681,0.3087004,-0.1228427,2.069002,-0.3326193,0.06088752,-0.9410937,0.2658911,0.9634837,-0.03164018,0.904802,-0.2607526,-0.3366628,moving,-56.70189,31.75125,8.486076,-3.39783
05/11/2023 13:10:04.497782,3166,True,True,True,True,Eyes,0.4639784,0.1763577,-3.616657,0.7929235,-0.3224717,-0.5169955,0.0,0.0,0.0,0.0,0.0,0.0,0.0,-3.234191,-0.4312088,-1.684555,0.5801355,0.1657649,-3.622101,0.1021944,0.8097319,-0.09161477,0.5705239,15.36549,110.1533,3.624842,0.1104278,0.05018317,-0.9926161,0.2103589,-0.004752872,-0.1970771,1.039387,-0.3787647,-5.135363,0.3087003,-0.1254688,2.069001,-0.3281178,0.06096334,-0.9426678,0.270037,0.962326,-0.03175806,0.9052177,-0.2649755,-0.3322187,moving,-56.89517,31.95351,8.486076,-3.470293
05/11/2023 13:10:04.507836,3167,True,True,True,True,Eyes,0.4700717,0.1760364,-3.617171,0.7945825,-0.3233607,-0.5138837,0.0,0.0,0.0,0.0,0.0,0.0,0.0,-3.236363,-0.4285213,-1.686371,0.5951358,0.1677728,-3.622043,0.1031649,0.8086007,-0.09104855,0.572042,15.38319,109.9487,3.726849,0.112096,0.0499965,-0.9924386,0.1977374,-0.004467699,-0.1852525,1.06603,-0.3852562,-5.134242,0.3087003,-0.1280968,2.069,-0.3242496,0.06267117,-0.9438932,0.2710056,0.9621344,-0.02921452,0.9063212,-0.2652732,-0.3289559,moving,-57.10787,32.1801,8.486081,-3.542798
05/11/2023 13:10:04.527757,3168,True,True,True,True,Eyes,0.4765012,0.1757902,-3.617651,0.7963407,-0.3239324,-0.5107929,0.0,0.0,0.0,0.0,0.0,0.0,0.0,-3.239006,-0.4143163,-1.689398,0.6101102,0.1709029,-3.621524,0.1052722,0.8074419,-0.08911666,0.5735972,15.34798,109.7641,4.02975,0.1137597,0.04981801,-0.9922582,0.1858732,-0.004199637,-0.1741373,1.094379,-0.3974186,-5.130002,0.3086996,-0.13078,2.068999,-0.3198083,0.06776819,-0.9450557,0.2722364,0.961952,-0.02314542,0.9075297,-0.2646807,-0.3260892,moving,-57.32287,32.38188,8.486065,-3.616815
05/11/2023 13:10:04.545392,3169,True,True,True,True,Eyes,0.4832642,0.1757186,-3.618021,0.7980353,-0.325052,-0.5074258,0.0,0.0,0.0,0.0,0.0,0.0,0.0,-3.243103,-0.3881841,-1.69248,0.6245491,0.1723749,-3.621204,0.1054408,0.8063378,-0.08470909,0.575783,14.95322,109.5059,4.303205,0.1154287,0.04964891,-0.992074,0.1747208,-0.003947659,-0.1636891,1.123797,-0.4067199,-5.125701,0.3086998,-0.1335412,2.069001,-0.3147125,0.07249363,-0.9464146,0.2675898,0.9634133,-0.01518633,0.9106874,-0.2580302,-0.3225968,moving,-57.55001,32.64323,8.486066,-3.692966
05/11/2023 13:10:04.558153,3170,True,True,True,True,Eyes,0.4903648,0.1757537,-3.618381,0.7998375,-0.3258189,-0.5040853,0.0,0.0,0.0,0.0,0.0,0.0,0.0,-3.250072,-0.3959285,-1.681675,0.6387837,0.1767535,-3.620562,0.1113901,0.803892,-0.08808821,0.5775729,15.68204,109.2425,4.60733,0.1171115,0.04949311,-0.9918845,0.1642375,-0.003710799,-0.1538677,1.153384,-0.4126092,-5.122122,0.3087009,-0.1362125,2.069002,-0.3080036,0.07733644,-0.9482366,0.2808459,0.9596654,-0.01295504,0.908988,-0.2702985,-0.3173,moving,-57.77945,32.87687,8.486089,-3.766625
05/11/2023 13:10:04.578551,3171,True,True,True,True,Eyes,0.4976736,0.1757992,-3.618688,0.8017089,-0.3266767,-0.5005449,0.0,0.0,0.0,0.0,0.0,0.0,0.0,-3.254359,-0.3711151,-1.685495,0.6539341,0.179271,-3.620732,0.1111197,0.8028228,-0.08348215,0.579792,15.24193,108.9766,4.85244,0.1188153,0.04935217,-0.9916889,0.1543833,-0.003488151,-0.1446357,1.183735,-0.4148462,-5.118557,0.3086999,-0.1388476,2.069002,-0.3029875,0.08161434,-0.9494935,0.2752234,0.9613663,-0.005190102,0.9123874,-0.2628954,-0.3137441,moving,-58.02151,33.13016,8.486064,-3.839276
05/11/2023 13:10:04.588097,3172,True,True,True,True,Eyes,0.6860575,0.1779674,-3.625735,0.8385288,-0.3609007,-0.4081914,0.0,0.0,0.0,0.0,0.0,0.0,0.0,-3.25892,-0.3651124,-1.681659,0.6660896,0.1796311,-3.620207,0.1128606,0.8012925,-0.08322603,0.5816067,15.34662,108.7272,5.000665,0.1205441,0.04922486,-0.9914865,0.1451203,-0.003278862,-0.1359575,1.216006,-0.4131692,-5.114949,0.3087003,-0.1414614,2.069003,-0.2979926,0.08405916,-0.95086,0.2776784,0.9606718,-0.002095777,0.9132884,-0.2646578,-0.3096144,moving,-64.04343,41.48137,8.486072,-3.911329
05/11/2023 13:10:04.608220,3173,True,True,True,True,Eyes,0.6866015,0.1780361,-3.625722,0.838723,-0.3608765,-0.4078136,0.0,0.0,0.0,0.0,0.0,0.0,0.0,-3.265441,-0.3825823,-1.669784,0.6790798,0.1808406,-3.619917,0.119295,0.7987853,-0.08879299,0.5829465,16.31621,108.5033,5.204592,0.1300574,0.04909284,-0.9902901,0.7015647,0.003422583,-0.1489388,1.248645,-0.4143281,-5.108944,0.3087001,-0.1441427,2.069002,-0.2918844,0.08705904,-0.9524832,0.2941053,0.9557691,-0.002767891,0.910113,-0.2809382,-0.3045786,moving,-64.06951,41.50579,8.486069,-3.985228
05/11/2023 13:10:04.627664,3174,True,True,True,True,Eyes,0.6876081,0.1781452,-3.625705,0.8389884,-0.3609198,-0.407229,0.0,0.0,0.0,0.0,0.0,0.0,0.0,-3.273545,-0.3630144,-1.664219,0.6925327,0.182584,-3.620023,0.1207512,0.7968846,-0.08618883,0.5856326,16.18841,108.1536,5.467283,0.1378283,0.04898205,-0.9892439,0.6594708,0.003217228,-0.1400024,1.281204,-0.4170752,-5.102112,0.3087004,-0.1469016,2.069001,-0.284907,0.0914996,-0.954178,0.2933995,0.9559813,0.004066617,0.9125484,-0.2787968,-0.2992118,moving,-64.10894,41.55,8.486081,-4.061255
05/11/2023 13:10:04.645170,3175,True,True,True,True,Eyes,0.6890941,0.1782974,-3.625677,0.8394109,-0.3610181,-0.4062701,0.0,0.0,0.0,0.0,0.0,0.0,0.0,-3.283228,-0.3515832,-1.652559,0.7046121,0.1836713,-3.619935,0.1231979,0.7945178,-0.08555517,0.5884252,16.31606,107.7679,5.685627,0.1441959,0.04889098,-0.9883403,0.6199026,0.003024195,-0.1316023,1.312817,-0.4175494,-5.095675,0.3086993,-0.1495333,2.069,-0.2771564,0.09508026,-0.9561089,0.2964515,0.9550052,0.009035298,0.9139481,-0.2809357,-0.2928726,moving,-64.17328,41.6248,8.486055,-4.133763
05/11/2023 13:10:04.658158,3176,True,True,True,True,Eyes,0.6910411,0.178521,-3.625672,0.8400899,-0.3608047,-0.4050542,0.0,0.0,0.0,0.0,0.0,0.0,0.0,-3.294808,-0.3418849,-1.638161,0.7173782,0.1849456,-3.620412,0.1251319,0.7918786,-0.08496519,0.5916513,16.41742,107.3131,5.84221,0.1494372,0.04881812,-0.987565,0.5827084,0.002842743,-0.1237061,1.341034,-0.4280332,-5.087081,0.3087001,-0.1522231,2.069,-0.2685815,0.09763908,-0.9582957,0.2987181,0.9542458,0.01350469,0.9157683,-0.2826332,-0.2854594,moving,-64.25869,41.69327,8.486074,-4.207855
05/11/2023 13:10:04.678041,3177,True,True,True,True,Eyes,0.6934059,0.1787674,-3.625699,0.8410468,-0.3603874,-0.4034367,0.0,0.0,0.0,0.0,0.0,0.0,0.0,-3.306845,-0.3239523,-1.624716,0.7303186,0.1868123,-3.620995,0.1229949,0.7895856,-0.08105352,0.595699,15.9342,106.7514,5.82932,0.1537784,0.04876278,-0.9869011,0.5477459,0.002672179,-0.1162838,1.373065,-0.4247746,-5.080665,0.3087003,-0.1549296,2.069,-0.26003,0.09766302,-0.9606489,0.290797,0.9566052,0.01853851,0.9207722,-0.2745333,-0.2771461,moving,-64.37371,41.77421,8.486084,-4.282396
05/11/2023 13:10:04.688360,3178,True,True,True,True,Eyes,0.6961714,0.1789957,-3.625745,0.8422149,-0.3597607,-0.4015548,0.0,0.0,0.0,0.0,0.0,0.0,0.0,-3.319179,-0.315099,-1.608259,0.7427154,0.1875071,-3.621594,0.1198401,0.7871901,-0.07824365,0.5998735,15.48363,106.1501,5.645402,0.1574035,0.048723,-0.9863314,0.5148811,0.002511848,-0.1093067,1.40171,-0.4316225,-5.071444,0.3087,-0.1574937,2.069,-0.2515804,0.09480131,-0.9631824,0.2825465,0.9590325,0.0205926,0.9256755,-0.2669631,-0.2680596,moving,-64.50893,41.85778,8.486072,-4.352999
05/11/2023 13:10:04.708046,3179,True,True,True,True,Eyes,0.699318,0.1792249,-3.62581,0.8434703,-0.3592307,-0.3993886,0.0,0.0,0.0,0.0,0.0,0.0,0.0,-3.330841,-0.3090467,-1.59225,0.7550349,0.1872542,-3.622172,0.1168782,0.7848159,-0.07606606,0.6038358,15.10247,105.573,5.443816,0.1605048,0.04869541,-0.9858328,0.4839883,0.002361137,-0.1027483,1.43071,-0.4350238,-5.063385,0.3087001,-0.1603428,2.069001,-0.243444,0.091593,-0.9655806,0.2753186,0.9611068,0.02175482,0.9300187,-0.2605462,-0.2591929,moving,-64.66215,41.96985,8.486073,-4.431435
05/11/2023 13:10:04.728251,3180,True,True,True,True,Eyes,0.7028328,0.1794445,-3.625917,0.8449086,-0.3585324,-0.3969685,0.0,0.0,0.0,0.0,0.0,0.0,0.0,-3.344635,-0.302874,-1.571932,0.7672552,0.1875273,-3.622904,0.1165992,0.7818392,-0.07520989,0.6078453,15.03165,104.986,5.400208,0.1633768,0.0486756,-0.9853619,0.454949,0.002219469,-0.09658344,1.462606,-0.4243001,-5.05795,0.3087001,-0.1629372,2.069001,-0.2338579,0.0908917,-0.9680132,0.2737556,0.9614962,0.0241445,0.9329356,-0.2593527,-0.2497355,moving,-64.83417,42.08759,8.486073,-4.502843
05/11/2023 13:10:04.748028,3181,True,True,True,True,Eyes,0.7066797,0.1796582,-3.626051,0.8463033,-0.3580905,-0.394388,0.0,0.0,0.0,0.0,0.0,0.0,0.0,-3.359206,-0.2843143,-1.552988,0.7795466,0.187469,-3.62409,0.115793,0.7788925,-0.0722683,0.6121242,14.73435,104.3786,5.453121,0.1660517,0.04866244,-0.9849154,0.427652,0.002086301,-0.09078843,1.491467,-0.427752,-5.048305,0.3086997,-0.1654869,2.069,-0.2237923,0.09190626,-0.970294,0.2688549,0.9627385,0.02918091,0.9368215,-0.2543378,-0.240163,moving,-65.01389,42.23835,8.486064,-4.57301
05/11/2023 13:10:04.758565,3182,True,True,True,True,Eyes,0.7108653,0.1798986,-3.626224,0.8476881,-0.3579095,-0.3915683,0.0,0.0,0.0,0.0,0.0,0.0,0.0,-3.373829,-0.2794904,-1.530798,0.7912527,0.1876187,-3.625313,0.1164776,0.7756968,-0.07216229,0.6160522,14.80112,103.7955,5.447946,0.168558,0.04865503,-0.98449,0.4019929,0.001961123,-0.08534113,1.520568,-0.4296113,-5.039093,0.3086997,-0.1682353,2.069,-0.2138257,0.09179112,-0.9725498,0.2696141,0.9624512,0.03156039,0.9389286,-0.2554646,-0.230545,moving,-65.20661,42.42859,8.486066,-4.648629
05/11/2023 13:10:04.778404,3183,True,True,True,True,Eyes,0.7153613,0.1801079,-3.626444,0.8490049,-0.3579792,-0.3886408,0.0,0.0,0.0,0.0,0.0,0.0,0.0,-3.387474,-0.2856433,-1.508749,0.803549,0.1885545,-3.62652,0.1185532,0.7724543,-0.07425691,0.6194721,15.16508,103.266,5.419235,0.1709214,0.0486534,-0.9840824,0.3778733,0.001843455,-0.08022065,1.550358,-0.4289672,-5.029511,0.3086997,-0.1709433,2.069,-0.2043993,0.09115372,-0.9746343,0.275154,0.9608621,0.03216067,0.9394208,-0.2616009,-0.2214808,moving,-65.40357,42.64835,8.486065,-4.723118
05/11/2023 13:10:04.798278,3184,True,True,True,True,Eyes,0.7201014,0.1802998,-3.626708,0.8501897,-0.3585092,-0.3855497,0.0,0.0,0.0,0.0,0.0,0.0,0.0,-3.398773,-0.2775979,-1.494313,0.8154818,0.1880217,-3.627855,0.11813,0.7699836,-0.07304255,0.6227642,15.04736,102.7822,5.40347,0.1731636,0.04865604,-0.9836903,0.3552009,0.001732848,-0.07540742,1.579605,-0.4315436,-5.018312,0.3087003,-0.1735495,2.069002,-0.19642,0.09093972,-0.9762935,0.2728928,0.9614202,0.03465109,0.9417794,-0.2596174,-0.2136589,moving,-65.60634,42.91868,8.486075,-4.794791
05/11/2023 13:10:04.807985,3185,True,True,True,True,Eyes,0.7251285,0.1804773,-3.626997,0.8512076,-0.3594054,-0.382457,0.0,0.0,0.0,0.0,0.0,0.0,0.0,-3.410754,-0.2882904,-1.474035,0.8260902,0.1878995,-3.629241,0.1226077,0.766873,-0.07718312,0.6252329,15.76521,102.3754,5.457767,0.1753033,0.04866194,-0.9833109,0.3338889,0.001628877,-0.07088297,1.609968,-0.4323189,-5.006581,0.3087009,-0.1763736,2.069002,-0.1881027,0.09153421,-0.9778749,0.2845639,0.9580203,0.03493746,0.9400218,-0.271696,-0.2062535,moving,-65.80509,43.22024,8.48609,-4.872442
05/11/2023 13:10:04.827989,3186,True,True,True,True,Eyes,0.7303854,0.1806455,-3.627337,0.8522232,-0.3604448,-0.3792033,0.0,0.0,0.0,0.0,0.0,0.0,0.0,-3.422488,-0.2880325,-1.458115,0.8378389,0.1879226,-3.631142,0.1254982,0.7640727,-0.07876592,0.6278848,16.13864,101.9631,5.547877,0.1773578,0.04867028,-0.9829419,0.3138555,0.001531144,-0.06662999,1.642274,-0.4324939,-4.992677,0.3087002,-0.1790785,2.069001,-0.1800219,0.09286761,-0.979269,0.2906913,0.9560922,0.03723105,0.939729,-0.2779626,-0.1991134,moving,-66.01296,43.54721,8.486073,-4.946799
05/11/2023 13:10:04.848712,3187,True,True,True,True,Eyes,0.7358758,0.1808182,-3.627737,0.8530985,-0.361871,-0.3758621,0.0,0.0,0.0,0.0,0.0,0.0,0.0,-3.434724,-0.286948,-1.439686,0.8486034,0.1879053,-3.632757,0.1275682,0.7611844,-0.07990163,0.6308253,16.41462,101.5066,5.587532,0.1793412,0.04868046,-0.9825814,0.2950242,0.001439276,-0.06263219,1.673305,-0.4392349,-4.976154,0.3087007,-0.1816426,2.069002,-0.1715716,0.09339786,-0.9807345,0.2950137,0.9546841,0.03930675,0.9399628,-0.2825862,-0.1913504,moving,-66.22245,43.91352,8.486085,-5.01727
05/11/2023 13:10:04.857813,3188,True,True,True,True,Eyes,0.7416167,0.1810075,-3.62819,0.8540192,-0.3632652,-0.3724106,0.0,0.0,0.0,0.0,0.0,0.0,0.0,-3.44559,-0.3049425,-1.421738,0.859712,0.1883197,-3.634811,0.1301578,0.7584379,-0.08405404,0.6330606,16.99541,101.1137,5.460911,0.1812663,0.04869227,-0.9822275,0.2773227,0.001352919,-0.05887426,1.701544,-0.4541633,-4.957689,0.3087008,-0.184282,2.069,-0.1645862,0.09101055,-0.982155,0.3038557,0.9519877,0.037296,0.9383938,-0.292295,-0.1843381,moving,-66.43952,44.28778,8.486096,-5.089798
05/11/2023 13:10:04.877809,3189,True,True,True,True,Eyes,0.747573,0.1811965,-3.628748,0.8550217,-0.3644526,-0.368934,0.0,0.0,0.0,0.0,0.0,0.0,0.0,-3.45376,-0.313667,-1.411623,0.8714811,0.1889627,-3.636529,0.1291891,0.7565846,-0.08477397,0.6353765,17.00438,100.7409,5.265455,0.1831453,0.04870588,-0.9818782,0.2606834,0.001271744,-0.0553418,1.730315,-0.4678504,-4.938459,0.3086991,-0.1870503,2.069,-0.1592138,0.08775828,-0.9833358,0.3032118,0.9522471,0.03589012,0.9395283,-0.2924448,-0.1782202,moving,-66.66025,44.64989,8.486051,-5.165849
05/11/2023 13:10:04.897816,3190,True,True,True,True,Eyes,0.7537585,0.1813897,-3.629356,0.8560981,-0.3655112,-0.3653734,0.0,0.0,0.0,0.0,0.0,0.0,0.0,-3.461247,-0.3192122,-1.404524,0.8827429,0.1890377,-3.638659,0.127281,0.7550839,-0.08456711,0.6375709,16.85866,100.3965,5.05833,0.1849871,0.04872087,-0.9815322,0.2450424,0.001195439,-0.05202129,1.757704,-0.4824147,-4.918928,0.3087003,-0.1896106,2.069002,-0.1546063,0.08438064,-0.9843662,0.3000507,0.9532959,0.03459083,0.9413112,-0.2900119,-0.172704,moving,-66.88773,45.01081,8.486075,-5.236161
05/11/2023 13:10:04.907955,3191,True,True,True,True,Eyes,0.7601779,0.1815534,-3.630008,0.857327,-0.3662133,-0.361771,0.0,0.0,0.0,0.0,0.0,0.0,0.0,-3.469423,-0.3207821,-1.396456,0.8943722,0.1892648,-3.640626,0.125784,0.7533875,-0.08397394,0.6399485,16.70956,100.0312,4.914407,0.1868014,0.04873711,-0.9811876,0.2303398,0.001123713,-0.04890002,1.782052,-0.5046409,-4.897594,0.3087007,-0.1922725,2.069002,-0.1492887,0.08205011,-0.9853836,0.2970061,0.9542536,0.03446069,0.9431334,-0.2875203,-0.1668286,moving,-67.12144,45.34962,8.486083,-5.309253
05/11/2023 13:10:04.928010,3192,True,True,True,True,Eyes,0.7667984,0.1816669,-3.63072,0.8586285,-0.3668001,-0.3580709,0.0,0.0,0.0,0.0,0.0,0.0,0.0,-3.478675,-0.312622,-1.388927,0.9062775,0.1887339,-3.642947,0.1231768,0.7516861,-0.08147749,0.6427729,16.31037,99.62131,4.807625,0.1885962,0.04875355,-0.9808435,0.2165194,0.00105629,-0.04596601,1.807567,-0.5183992,-4.878714,0.3086998,-0.1949345,2.069,-0.1433411,0.0804375,-0.9863992,0.2899235,0.9563778,0.03585838,0.9462545,-0.2808403,-0.160409,moving,-67.36256,45.68994,8.48607,-5.382336
05/11/2023 13:10:04.945410,3193,True,True,True,True,Eyes,0.7736217,0.1817388,-3.631538,0.8599463,-0.3674411,-0.3542309,0.0,0.0,0.0,0.0,0.0,0.0,0.0,-3.48786,-0.3109054,-1.37944,0.9176978,0.1876218,-3.645176,0.121794,0.7497981,-0.08069633,0.645335,16.15327,99.22976,4.687179,0.1903786,0.04876868,-0.9804984,0.2035283,0.0009929129,-0.04320805,1.832726,-0.5305549,-4.860249,0.3087006,-0.1975636,2.069001,-0.1374179,0.07848941,-0.9873984,0.2867941,0.9573087,0.03618394,0.9480852,-0.2782077,-0.1540617,moving,-67.61215,46.04868,8.486086,-5.454492
05/11/2023 13:10:04.960885,3194,True,True,True,True,Eyes,0.780651,0.1817687,-3.632414,0.8612829,-0.3680438,-0.3503362,0.0,0.0,0.0,0.0,0.0,0.0,0.0,-3.496949,-0.3154262,-1.36975,0.9294863,0.1866283,-3.647681,0.1213259,0.7478425,-0.08128066,0.6476151,16.18353,98.86357,4.550152,0.192154,0.0487813,-0.9801514,0.1913166,0.0009333381,-0.04061557,1.857744,-0.5419414,-4.841867,0.3087,-0.2003196,2.069,-0.1317498,0.07618813,-0.988351,0.2867424,0.957347,0.03557465,0.9489052,-0.2787151,-0.1479767,moving,-67.86543,46.41202,8.486073,-5.530113
05/11/2023 13:10:04.977876,3195,True,True,True,True,Eyes,0.7878758,0.1817577,-3.633364,0.8625909,-0.3687411,-0.3463626,0.0,0.0,0.0,0.0,0.0,0.0,0.0,-3.504957,-0.3172229,-1.363134,0.9414413,0.1856517,-3.650028,0.120675,0.7461478,-0.08129074,0.6496869,16.14754,98.53737,4.445668,0.1939274,0.04879041,-0.9798016,0.1798376,0.0008773378,-0.03817863,1.885948,-0.54274,-4.825355,0.3087006,-0.2029709,2.068999,-0.1266893,0.07445569,-0.9891443,0.2857098,0.9576587,0.0354921,0.9499052,-0.2781117,-0.1425978,moving,-68.12269,46.79243,8.486094,-5.602848
05/11/2023 13:10:04.987987,3196,True,True,True,True,Eyes,0.9734496,0.1801839,-3.658715,0.8908753,-0.3835037,-0.243446,0.0,0.0,0.0,0.0,0.0,0.0,0.0,-3.513596,-0.3163471,-1.355539,0.953389,0.1846616,-3.652378,0.1208003,0.7442786,-0.08132811,0.6517996,16.17289,98.20613,4.406939,0.1957045,0.0487951,-0.9794479,0.1690473,0.0008246975,-0.03588792,1.913234,-0.5457802,-4.808053,0.3086996,-0.2056891,2.068999,-0.1211293,0.07379887,-0.9898897,0.2858374,0.9575861,0.03641368,0.9505919,-0.2785367,-0.1370862,moving,-74.71615,57.59285,8.486067,-5.677392
05/11/2023 13:10:05.007941,3197,True,True,True,True,Eyes,0.973946,0.1801203,-3.658786,0.8908917,-0.3836258,-0.2431936,0.0,0.0,0.0,0.0,0.0,0.0,0.0,-3.523522,-0.3111224,-1.346391,0.9655445,0.1833517,-3.65498,0.1211266,0.7421793,-0.0809114,0.6541802,16.1754,97.83976,4.415084,0.2048237,0.04860506,-0.977591,0.7156261,-0.003946187,-0.1097878,1.93931,-0.5512427,-4.790257,0.3087003,-0.2083537,2.069,-0.1147533,0.07393406,-0.9906389,0.2856566,0.9575633,0.03837575,0.9514368,-0.2785788,-0.1310033,moving,-74.73152,57.62798,8.486081,-5.750449
05/11/2023 13:10:05.027662,3198,True,True,True,True,Eyes,0.974914,0.179986,-3.658972,0.8909492,-0.3837994,-0.2427087,0.0,0.0,0.0,0.0,0.0,0.0,0.0,-3.534221,-0.302671,-1.336169,0.9778507,0.1818876,-3.65765,0.1218985,0.7398974,-0.08029627,0.6566926,16.19586,97.45599,4.474832,0.2122439,0.04844822,-0.9760146,0.6726885,-0.003709416,-0.1032005,1.967112,-0.549894,-4.774159,0.3087007,-0.2110915,2.069002,-0.1077915,0.07492484,-0.9913462,0.2858447,0.9573866,0.04127765,0.9521943,-0.2789217,-0.124615,moving,-74.76149,57.69138,8.486085,-5.825489
05/11/2023 13:10:05.045319,3199,True,True,True,True,Eyes,0.9763393,0.1797912,-3.659275,0.8910215,-0.3841304,-0.2419181,0.0,0.0,0.0,0.0,0.0,0.0,0.0,-3.546067,-0.2918841,-1.324184,0.9901204,0.180066,-3.660667,0.1234994,0.7373571,-0.07986353,0.6592984,16.29732,97.0555,4.590548,0.2182983,0.04831684,-0.9746849,0.6323273,-0.003486851,-0.09700849,1.994061,-0.5502418,-4.757481,0.3087007,-0.2137393,2.069002,-0.1001474,0.07681857,-0.9920029,0.2874342,0.9567394,0.04507006,0.9525504,-0.2806219,-0.1178953,moving,-74.81001,57.79805,8.486083,-5.898048
05/11/2023 13:10:05.062732,3200,True,True,True,True,Eyes,0.9782153,0.17954,-3.659695,0.8911492,-0.3844916,-0.240872,0.0,0.0,0.0,0.0,0.0,0.0,0.0,-3.558413,-0.2846992,-1.310077,1.002528,0.1784512,-3.663707,0.1247624,0.7346649,-0.07980546,0.6620673,16.40725,96.62041,4.642598,0.2232576,0.04820439,-0.9735665,0.5943877,-0.00327764,-0.09118798,2.02024,-0.552279,-4.740548,0.3086999,-0.2164901,2.069,-0.09220253,0.07764395,-0.9927085,0.2889903,0.9561308,0.04794171,0.9528816,-0.2824627,-0.110596,moving,-74.87475,57.93414,8.48607,-5.973413
05/11/2023 13:10:05.078294,3201,True,True,True,True,Eyes,0.9805238,0.1792443,-3.660245,0.891311,-0.3849618,-0.2395188,0.0,0.0,0.0,0.0,0.0,0.0,0.0,-3.571123,-0.2798497,-1.295242,1.015202,0.1768585,-3.66701,0.1253794,0.731948,-0.07977105,0.6649579,16.47044,96.16199,4.632703,0.2273426,0.04810529,-0.9726256,0.5587244,-0.003080982,-0.08571669,2.045648,-0.5562937,-4.723052,0.3086997,-0.2192452,2.069,-0.08422232,0.07745367,-0.9934324,0.2896312,0.9558332,0.04996759,0.9534258,-0.2835206,-0.1029355,moving,-74.95846,58.1106,8.486063,-6.048873
05/11/2023 13:10:05.088438,3202,True,True,True,True,Eyes,0.9832611,0.1789024,-3.660923,0.8915677,-0.3853747,-0.2378937,0.0,0.0,0.0,0.0,0.0,0.0,0.0,-3.58473,-0.2737991,-1.278279,1.027899,0.1754829,-3.670405,0.1261793,0.7290048,-0.07967614,0.6680439,16.54421,95.67178,4.638231,0.2307326,0.04801505,-0.9718314,0.525201,-0.002896123,-0.08057369,2.067631,-0.5658764,-4.706494,0.3086997,-0.2217757,2.069002,-0.07559267,0.07751629,-0.9941213,0.2904249,0.955461,0.05241799,0.9539075,-0.2847552,-0.09473851,moving,-75.06004,58.31276,8.486057,-6.118157
05/11/2023 13:10:05.108120,3203,True,True,True,True,Eyes,0.9864082,0.1785248,-3.661718,0.8918635,-0.3858656,-0.2359818,0.0,0.0,0.0,0.0,0.0,0.0,0.0,-3.599127,-0.2650881,-1.260805,1.040897,0.1740227,-3.674216,0.1260599,0.726027,-0.07874461,0.6714113,16.47623,95.1461,4.623978,0.2335785,0.04792969,-0.9711555,0.4936889,-0.002722356,-0.07573927,2.088984,-0.5731207,-4.691892,0.3086994,-0.2243569,2.069001,-0.0666317,0.07730577,-0.9947785,0.2887858,0.9558164,0.05493473,0.9550724,-0.2836175,-0.08601252,moving,-75.17951,58.55152,8.486055,-6.188819
05/11/2023 13:10:05.128117,3204,True,True,True,True,Eyes,0.9899569,0.1780921,-3.662649,0.8922453,-0.3863047,-0.2338097,0.0,0.0,0.0,0.0,0.0,0.0,0.0,-3.613471,-0.2618867,-1.242239,1.05384,0.1728168,-3.678107,0.1261102,0.7229948,-0.07869216,0.6746721,16.49634,94.62114,4.556449,0.2362109,0.0478407,-0.970523,0.4640676,-0.002559014,-0.07119492,2.109838,-0.5786794,-4.678941,0.3087,-0.2269689,2.069,-0.05782771,0.07617125,-0.9954164,0.2885368,0.9558074,0.05637806,0.955721,-0.2839541,-0.07725027,moving,-75.31601,58.81572,8.486073,-6.260303
05/11/2023 13:10:05.145562,3205,True,True,True,True,Eyes,0.9938834,0.1776263,-3.663753,0.8926371,-0.386857,-0.2313886,0.0,0.0,0.0,0.0,0.0,0.0,0.0,-3.62811,-0.2564818,-1.224234,1.066996,0.1710522,-3.682387,0.1256223,0.7200045,-0.07810725,0.6780207,16.42883,94.0878,4.483508,0.2386602,0.04774678,-0.9699283,0.4362235,-0.002405473,-0.06692322,2.131085,-0.5826901,-4.666254,0.3086997,-0.2296641,2.069001,-0.04901421,0.07498052,-0.9959798,0.2868138,0.9562366,0.05787385,0.9567317,-0.2828241,-0.06837472,moving,-75.4677,59.11533,8.486062,-6.334041
05/11/2023 13:10:05.157913,3206,True,True,True,True,Eyes,0.9981883,0.1771548,-3.664994,0.8930477,-0.3875056,-0.2287031,0.0,0.0,0.0,0.0,0.0,0.0,0.0,-3.642217,-0.2567878,-1.206256,1.079985,0.1696318,-3.686678,0.1254693,0.7170675,-0.07847601,0.6811118,16.46696,93.57854,4.367984,0.2409528,0.04764729,-0.9693662,0.4100501,-0.002261145,-0.06290783,2.154428,-0.5806924,-4.65481,0.3087004,-0.2323465,2.069001,-0.04068843,0.07303797,-0.9964988,0.2868417,0.956198,0.05837198,0.9571135,-0.2834623,-0.05985657,moving,-75.63567,59.45119,8.486081,-6.407408
05/11/2023 13:10:05.178303,3207,True,True,True,True,Eyes,1.002857,0.1766644,-3.66637,0.8935198,-0.3881119,-0.2258129,0.0,0.0,0.0,0.0,0.0,0.0,0.0,-3.657842,-0.2603139,-1.184164,1.093351,0.1690556,-3.691317,0.1260004,0.7136994,-0.07963482,0.6844089,16.62714,93.02025,4.240255,0.2431129,0.04754237,-0.9688318,0.3854471,-0.002125476,-0.05913336,2.17645,-0.5807451,-4.643573,0.3087001,-0.2350184,2.069,-0.03141678,0.07084729,-0.9969923,0.2888584,0.9555644,0.05880099,0.9568563,-0.2861422,-0.05048558,moving,-75.81702,59.80812,8.486073,-6.480469
05/11/2023 13:10:05.188474,3208,True,True,True,True,Eyes,1.007861,0.1761487,-3.667889,0.8940076,-0.3887881,-0.2226978,0.0,0.0,0.0,0.0,0.0,0.0,0.0,-3.673132,-0.2564572,-1.165311,1.106708,0.1682102,-3.696285,0.1245238,0.7107177,-0.07863668,0.6878884,16.44495,92.46511,4.11458,0.2451619,0.04743184,-0.9683208,0.3623203,-0.001997947,-0.05558536,2.197385,-0.5808725,-4.634252,0.3087,-0.2376526,2.069,-0.02260659,0.06881606,-0.9973732,0.2851891,0.9566202,0.05954008,0.9582047,-0.283094,-0.04125153,moving,-76.01227,60.19592,8.486073,-6.552477
05/11/2023 13:10:05.208148,3209,True,True,True,True,Eyes,1.013195,0.1756242,-3.66955,0.8944772,-0.3895844,-0.2193954,0.0,0.0,0.0,0.0,0.0,0.0,0.0,-3.688129,-0.2602803,-1.145213,1.119724,0.1671107,-3.70133,0.1247013,0.7075943,-0.0796877,0.6909486,16.56468,91.94192,3.969692,0.2471178,0.04731538,-0.9678292,0.3405811,-0.001878071,-0.05225024,2.217406,-0.5812541,-4.625524,0.3087004,-0.2403536,2.069001,-0.01407929,0.06635567,-0.9976967,0.286596,0.9561989,0.05955133,0.9579481,-0.2850975,-0.03247986,moving,-76.21869,60.61386,8.486081,-6.626289
05/11/2023 13:10:05.228397,3210,True,True,True,True,Eyes,1.018838,0.1750909,-3.671358,0.8950189,-0.3902938,-0.2158982,0.0,0.0,0.0,0.0,0.0,0.0,0.0,-3.702978,-0.260653,-1.126765,1.13298,0.1664205,-3.706514,0.1247649,0.7045896,-0.08007833,0.693956,16.61907,91.43671,3.870055,0.2489971,0.0471931,-0.9673534,0.3201462,-0.001765386,-0.04911522,2.234324,-0.5874307,-4.617296,0.3087003,-0.2431237,2.069002,-0.005717957,0.06467449,-0.9978902,0.2869578,0.9560423,0.06031802,0.9579263,-0.2860074,-0.02402547,moving,-76.43808,61.05001,8.486073,-6.701962
05/11/2023 13:10:05.248374,3211,True,True,True,True,Eyes,1.02478,0.1745881,-3.673299,0.8954992,-0.3911519,-0.2123236,0.0,0.0,0.0,0.0,0.0,0.0,0.0,-3.717687,-0.2592866,-1.109409,1.146006,0.1656654,-3.711932,0.1236764,0.7017814,-0.07959565,0.6970451,16.50706,90.93142,3.745,0.2508134,0.04706513,-0.9668903,0.3009374,-0.001659463,-0.04616831,2.251101,-0.5932919,-4.609455,0.3087001,-0.2457354,2.069001,0.002335092,0.06262404,-0.9980346,0.284551,0.9567373,0.06069855,0.9586582,-0.2841335,-0.01558558,moving,-76.66144,61.50618,8.486071,-6.773294
05/11/2023 13:10:05.261452,3212,True,True,True,True,Eyes,1.031042,0.1742076,-3.67537,0.895972,-0.3920897,-0.2085661,0.0,0.0,0.0,0.0,0.0,0.0,0.0,-3.732207,-0.2667256,-1.089939,1.159131,0.1659547,-3.71717,0.124004,0.6987649,-0.0810231,0.699847,16.66646,90.43653,3.584359,0.2525796,0.04693262,-0.9664368,0.2828812,-0.001559895,-0.04339821,2.269372,-0.5948306,-4.601729,0.3086991,-0.2484841,2.069001,0.01032574,0.05989172,-0.9981515,0.2867068,0.9561166,0.06033545,0.9579627,-0.2867998,-0.007298754,moving,-76.89594,61.98994,8.486044,-6.848342
05/11/2023 13:10:05.277844,3213,True,True,True,True,Eyes,1.037613,0.1739317,-3.677558,0.8965068,-0.3929049,-0.2046978,0.0,0.0,0.0,0.0,0.0,0.0,0.0,-3.747567,-0.2706684,-1.069474,1.173061,0.1685337,-3.722474,0.1248755,0.695551,-0.08191501,0.7027836,16.82641,89.92639,3.508555,0.2543073,0.04679899,-0.9659902,0.2659083,-0.001466302,-0.04079432,2.283914,-0.6053641,-4.592487,0.3087005,-0.2511767,2.069001,0.0189972,0.05857749,-0.9981021,0.2888516,0.9553921,0.06156871,0.9571854,-0.289473,0.001229579,moving,-77.13824,62.48113,8.486082,-6.921836
05/11/2023 13:10:05.287923,3214,True,True,True,True,Eyes,1.044444,0.1737769,-3.67986,0.8970273,-0.3938103,-0.2006375,0.0,0.0,0.0,0.0,0.0,0.0,0.0,-3.7623,-0.2593842,-1.053683,1.187006,0.1707455,-3.727505,0.123969,0.6927557,-0.07961657,0.7059622,16.57944,89.43549,3.55016,0.2560065,0.04666687,-0.9655476,0.2499538,-0.001378324,-0.03834666,2.301456,-0.6058565,-4.586619,0.3086998,-0.2537335,2.069,0.02750159,0.05934794,-0.9978586,0.2841731,0.9565858,0.06472527,0.9583786,-0.2853445,0.009442559,moving,-77.3922,63.00219,8.486067,-6.991604
05/11/2023 13:10:05.307662,3215,True,True,True,True,Eyes,1.051565,0.1737586,-3.68224,0.8975289,-0.3947967,-0.1964113,0.0,0.0,0.0,0.0,0.0,0.0,0.0,-3.778929,-0.2546718,-1.028498,1.200058,0.1735234,-3.732656,0.125776,0.6890346,-0.07987016,0.7092479,16.76694,88.87354,3.594691,0.2576851,0.0465391,-0.9651072,0.2349566,-0.001295624,-0.03604586,2.319246,-0.6025029,-4.582006,0.3087007,-0.2564595,2.069,0.03770412,0.06003252,-0.9974841,0.2866234,0.9556023,0.06834605,0.9573011,-0.2884793,0.01882344,moving,-77.65623,63.54966,8.486093,-7.065963
05/11/2023 13:10:05.327931,3216,True,True,True,True,Eyes,1.058934,0.1738169,-3.684715,0.8982377,-0.3953877,-0.1919312,0.0,0.0,0.0,0.0,0.0,0.0,0.0,-3.796237,-0.2483397,-0.999948,1.214127,0.1768145,-3.737327,0.1269013,0.684944,-0.07951066,0.71304,16.8515,88.23392,3.62146,0.2593517,0.04641859,-0.9646665,0.2208592,-0.001217887,-0.03388311,2.342263,-0.5887849,-4.576879,0.3086994,-0.2591557,2.069,0.04905961,0.06045203,-0.9969648,0.2872291,0.9551482,0.07205071,0.9566048,-0.2898921,0.02949566,moving,-77.93869,64.10689,8.486059,-7.139487
05/11/2023 13:10:05.345945,3217,True,True,True,True,Eyes,1.066501,0.1739412,-3.687281,0.8987867,-0.3963665,-0.1872857,0.0,0.0,0.0,0.0,0.0,0.0,0.0,-3.812659,-0.2336169,-0.9753735,1.227402,0.1786297,-3.742175,0.1234297,0.6815292,-0.07558437,0.7173354,16.26659,87.57809,3.571672,0.2610123,0.04630643,-0.9642239,0.2076077,-0.001144813,-0.03185012,2.350901,-0.609766,-4.566387,0.3086999,-0.2617012,2.068999,0.05961012,0.05980324,-0.9964287,0.2766806,0.9581043,0.07405516,0.9591113,-0.2801069,0.0405663,moving,-78.22936,64.70897,8.486073,-7.20888
05/11/2023 13:10:05.358420,3218,True,True,True,True,Eyes,1.074285,0.1741175,-3.68991,0.8993279,-0.3973965,-0.1824431,0.0,0.0,0.0,0.0,0.0,0.0,0.0,-3.82834,-0.2427459,-0.9441941,1.239719,0.1803779,-3.746622,0.1259471,0.6773857,-0.07851012,0.7205014,16.72948,86.97297,3.441954,0.2626708,0.04620334,-0.9637784,0.1951512,-0.001076125,-0.02993912,2.375354,-0.5936784,-4.561604,0.3086998,-0.2644291,2.069,0.0699697,0.0574962,-0.9958908,0.2837628,0.955947,0.07512684,0.9563383,-0.2878534,0.05057202,moving,-78.53226,65.34034,8.486067,-7.283219
05/11/2023 13:10:05.378341,3219,True,True,True,True,Eyes,1.082231,0.1743223,-3.692575,0.8997303,-0.398698,-0.1775535,0.0,0.0,0.0,0.0,0.0,0.0,0.0,-3.843066,-0.2464066,-0.9172673,1.252698,0.1818218,-3.750858,0.1262433,0.673684,-0.07937374,0.723818,16.84,86.38037,3.30578,0.2643321,0.04610962,-0.9633286,0.1834421,-0.001011557,-0.02814277,2.389518,-0.5986185,-4.553769,0.3086994,-0.2671273,2.069,0.07969953,0.05519195,-0.99529,0.2850005,0.9555248,0.0758088,0.9552083,-0.2897,0.06042511,moving,-78.83665,65.995,8.486054,-7.356723
05/11/2023 13:10:05.388009,3220,True,True,True,True,Eyes,1.09033,0.1745728,-3.695276,0.9000042,-0.400287,-0.1725191,0.0,0.0,0.0,0.0,0.0,0.0,0.0,-3.855709,-0.2572042,-0.8926334,1.264558,0.1827731,-3.754587,0.1266881,0.6703582,-0.08137413,0.7266006,17.04981,85.85283,3.093865,0.2659988,0.04602496,-0.9628737,0.1724356,-0.0009508639,-0.0264542,2.392624,-0.631496,-4.543374,0.3086994,-0.2698875,2.069001,0.08799646,0.05159984,-0.9947835,0.2881058,0.9546567,0.07500369,0.953547,-0.2932029,0.06914015,moving,-79.14877,66.68452,8.486055,-7.431895
05/11/2023 13:10:05.408023,3221,True,True,True,True,Eyes,1.098598,0.1748846,-3.698013,0.9002525,-0.4018841,-0.1674356,0.0,0.0,0.0,0.0,0.0,0.0,0.0,-3.868826,-0.2690283,-0.8645144,1.276349,0.1841969,-3.758269,0.1293308,0.6665763,-0.08476146,0.7292222,17.55504,85.31347,2.933767,0.2676735,0.04594953,-0.9624132,0.1620895,-0.000893812,-0.02486695,2.4127,-0.6264821,-4.534755,0.3087,-0.2724753,2.069,0.09698303,0.04879787,-0.9940889,0.2960376,0.9521781,0.07562187,0.9502399,-0.3016218,0.07789911,moving,-79.46409,67.38209,8.486074,-7.50235
05/11/2023 13:10:05.428457,3222,True,True,True,True,Eyes,1.309057,0.1839732,-3.766709,0.9003423,-0.4337143,-0.03571532,0.0,0.0,0.0,0.0,0.0,0.0,0.0,-3.88086,-0.2707654,-0.8425763,1.288635,0.1859639,-3.761536,0.1289401,0.6634501,-0.0848162,0.7321305,17.53838,84.80014,2.819165,0.269358,0.04588391,-0.9619462,0.1523641,-0.0008401833,-0.02337493,2.42843,-0.6310455,-4.523527,0.308701,-0.2751947,2.069,0.1052806,0.04689761,-0.9933362,0.2952836,0.9523613,0.07625934,0.9495914,-0.3013445,0.0864171,moving,-87.72835,85.29245,8.4861,-7.576357
05/11/2023 13:10:05.445920,3223,True,True,True,True,Eyes,1.309551,0.1840335,-3.766838,0.900458,-0.4334921,-0.03549623,0.0,0.0,0.0,0.0,0.0,0.0,0.0,-3.892453,-0.2678983,-0.8224015,1.300631,0.1875438,-3.764637,0.1274797,0.6605384,-0.08360119,0.7351524,17.33017,84.29607,2.731438,0.2792233,0.04595215,-0.9591258,0.7745963,0.02647604,-0.2280605,2.446208,-0.6347709,-4.510605,0.3087007,-0.2778001,2.069001,0.1133998,0.04549123,-0.9925076,0.2913297,0.9535196,0.07699038,0.9498777,-0.2978776,0.09487595,moving,-87.74256,85.31882,8.48609,-7.64724
05/11/2023 13:10:05.458091,3224,True,True,True,True,Eyes,1.31052,0.1841321,-3.767053,0.9007868,-0.4328521,-0.0349591,0.0,0.0,0.0,0.0,0.0,0.0,0.0,-3.90327,-0.2599297,-0.8050189,1.312878,0.1889429,-3.767199,0.1251961,0.6578582,-0.0811436,0.7382172,16.95411,83.81254,2.691617,0.2871657,0.04600169,-0.9567754,0.7281206,0.02488748,-0.2143769,2.473553,-0.619387,-4.496164,0.3087006,-0.2805113,2.069,0.1212768,0.04491939,-0.9916018,0.2845257,0.9554833,0.07808185,0.9509665,-0.2916058,0.1030972,moving,-87.7775,85.38255,8.486088,-7.720982
05/11/2023 13:10:05.478035,3225,True,True,True,True,Eyes,1.31192,0.1842334,-3.767351,0.9011442,-0.4321662,-0.03422542,0.0,0.0,0.0,0.0,0.0,0.0,0.0,-3.913463,-0.2477408,-0.790607,1.325182,0.1898621,-3.769544,0.1208384,0.6555262,-0.07690638,0.7414643,16.26157,83.3382,2.649628,0.2935674,0.04603843,-0.9548289,0.6844333,0.02339423,-0.2015143,2.500246,-0.6072143,-4.479376,0.3086994,-0.2832437,2.069,0.1287418,0.04437882,-0.9906848,0.2724721,0.958967,0.07836642,0.9535118,-0.280023,0.1113672,moving,-87.82496,85.47191,8.486056,-7.795269
05/11/2023 13:10:05.487876,3226,True,True,True,True,Eyes,1.313735,0.1843161,-3.767697,0.9015169,-0.4314682,-0.03320265,0.0,0.0,0.0,0.0,0.0,0.0,0.0,-3.923387,-0.2430899,-0.7721739,1.336844,0.1899044,-3.771617,0.1186101,0.6527878,-0.07515945,0.7444131,15.9451,82.85474,2.560475,0.2987369,0.04606587,-0.9532228,0.6433674,0.02199058,-0.1894234,2.525361,-0.5983891,-4.462738,0.3086999,-0.28597,2.069001,0.1364383,0.04295505,-0.9897169,0.2667537,0.9605654,0.07846341,0.9540582,-0.274716,0.1195995,moving,-87.89076,85.59961,8.486065,-7.869361
05/11/2023 13:10:05.508041,3227,True,True,True,True,Eyes,1.31594,0.1844153,-3.768116,0.9017237,-0.4311258,-0.03201509,2.145442,3.250536,-0.74054,-3.836803,-0.5969421,0.5286916,0.6034445,0.2987842,-0.3948382,2.059457,1.348578,0.1895351,-3.773175,0.1178789,0.6498225,-0.07481033,0.7471538,15.86515,82.37283,2.467401,0.3029239,0.04608605,-0.9518995,0.6047653,0.02067114,-0.178058,2.546323,-0.5984256,-4.445398,0.3087003,-0.2885196,2.069001,0.1442683,0.04141106,-0.9886717,0.2649903,0.961016,0.07892042,0.9533975,-0.2733741,0.1276706,moving,-87.96661,85.75305,8.486076,-7.938632
05/11/2023 13:10:05.527767,3228,True,True,True,True,Eyes,1.318532,0.1845404,-3.768555,0.9018896,-0.4308839,-0.03056266,2.15259,3.25993,-0.7429762,-3.834344,-0.5249712,0.8296956,-0.1897642,0.3108141,-0.3911969,2.057681,1.360064,0.1900953,-3.774545,0.1195383,0.6464794,-0.07573062,0.7496933,16.09022,81.88985,2.446162,0.3063308,0.04610117,-0.9508079,0.5684794,0.01943088,-0.1673745,2.57044,-0.5907927,-4.429017,0.3087006,-0.2912606,2.069002,0.1526586,0.04100867,-0.9874279,0.2681077,0.9599509,0.08131761,0.951217,-0.2771508,0.13555,moving,-88.05914,85.94279,8.486081,-8.01307
05/11/2023 13:10:05.546054,3229,True,True,True,True,Eyes,1.321479,0.1846575,-3.769008,0.9019413,-0.4308912,-0.02888942,2.150498,3.261102,-0.7419732,-3.831135,-0.4459099,0.8947509,0.02419371,0.3215158,-0.390274,2.046143,1.37189,0.1908567,-3.775522,0.1211448,0.6429127,-0.07560236,0.7525101,16.23257,81.37585,2.506424,0.3091222,0.04611318,-0.9499035,0.5343706,0.01826502,-0.157332,2.588654,-0.5954479,-4.411812,0.3087001,-0.2938809,2.069001,0.1618952,0.04198803,-0.9859143,0.2695542,0.9592164,0.08511401,0.9492789,-0.2795368,0.1439745,moving,-88.16543,86.16431,8.486073,-8.084213
05/11/2023 13:10:05.558116,3230,True,True,True,True,Eyes,1.324757,0.1847534,-3.769464,0.9018713,-0.4311627,-0.02696259,0.0,0.0,0.0,0.0,0.0,0.0,0.0,-3.961858,-0.2231321,-0.6816082,1.383372,0.19081,-3.776317,0.1216344,0.6394527,-0.07499027,0.755435,16.24105,80.8538,2.522674,0.311432,0.04612279,-0.9491482,0.5023084,0.01716912,-0.1478921,2.602472,-0.6096548,-4.395175,0.308699,-0.2967085,2.069,0.1709536,0.0422583,-0.9843725,0.2688594,0.9591631,0.08786826,0.9478869,-0.2796791,0.1526108,moving,-88.28758,86.42168,8.486046,-8.160958
05/11/2023 13:10:05.577792,3231,True,True,True,True,Eyes,1.328354,0.1848358,-3.769898,0.9016228,-0.4318036,-0.02493906,0.0,0.0,0.0,0.0,0.0,0.0,0.0,-3.971378,-0.2184453,-0.6531608,1.394561,0.1904532,-3.776917,0.1248511,0.6354265,-0.0766364,0.7581374,16.66062,80.30761,2.540545,0.3134159,0.04613054,-0.9484946,0.4721699,0.01613897,-0.1390186,2.621724,-0.6087653,-4.381667,0.3087001,-0.299257,2.069,0.1807202,0.04246551,-0.9826173,0.2748691,0.9570782,0.09191491,0.9443448,-0.2867021,0.1612909,moving,-88.41559,86.69453,8.486074,-8.230096
05/11/2023 13:10:05.588007,3232,True,True,True,True,Eyes,1.332249,0.1848983,-3.770319,0.90128,-0.4326409,-0.02272,0.0,0.0,0.0,0.0,0.0,0.0,0.0,-3.980171,-0.2132643,-0.6271281,1.40589,0.1903153,-3.777273,0.1273156,0.6316515,-0.07770455,0.7607691,16.97053,79.78532,2.55323,0.3152772,0.04613762,-0.9478772,0.4438397,0.01517064,-0.1306775,2.627012,-0.6352274,-4.368398,0.3087003,-0.3019191,2.069,0.1899571,0.04260773,-0.9808674,0.2790685,0.9555055,0.09555113,0.9412954,-0.2918799,0.1696145,moving,-88.55596,86.9939,8.486082,-8.302296
05/11/2023 13:10:05.613101,3233,True,True,True,True,Eyes,1.336422,0.1849243,-3.77068,0.9007945,-0.4337625,-0.02047736,0.0,0.0,0.0,0.0,0.0,0.0,0.0,-3.988183,-0.2079647,-0.6033683,1.416952,0.1899474,-3.777443,0.1301226,0.6280797,-0.07895605,0.7631187,17.32427,79.30463,2.578609,0.3170351,0.04614351,-0.9472904,0.4172093,0.0142604,-0.1228368,2.637996,-0.6498236,-4.356751,0.3086996,-0.3046879,2.069001,0.1985638,0.04294905,-0.9791465,0.2839604,0.9536681,0.09941656,0.9380506,-0.2977793,0.1771681,moving,-88.69775,87.29715,8.48606,-8.377353
05/11/2023 13:10:05.627664,3234,True,True,True,True,Eyes,1.340871,0.1849331,-3.771015,0.9002493,-0.4349984,-0.01810067,0.0,0.0,0.0,0.0,0.0,0.0,0.0,-3.995894,-0.1956982,-0.5817957,1.428027,0.1892419,-3.777417,0.1335148,0.6245792,-0.07957418,0.7653384,17.6841,78.85558,2.705917,0.3187067,0.04614739,-0.9467291,0.3921767,0.01340477,-0.1154666,2.649751,-0.6613509,-4.343494,0.3087001,-0.3073451,2.069,0.2071377,0.04497876,-0.9772772,0.2885834,0.9516835,0.1049672,0.9347799,-0.3037687,0.1841494,moving,-88.84815,87.61725,8.486078,-8.449366
05/11/2023 13:10:05.646811,3235,True,True,True,True,Eyes,1.345597,0.1849315,-3.771349,0.8996544,-0.4363246,-0.01558621,0.0,0.0,0.0,0.0,0.0,0.0,0.0,-4.003098,-0.1800833,-0.5625329,1.439099,0.1888645,-3.777168,0.136596,0.621274,-0.07944711,0.767495,17.96225,78.43424,2.878866,0.3203066,0.04614899,-0.9461889,0.3686461,0.01260049,-0.1085386,2.656225,-0.6835254,-4.330963,0.3087006,-0.3100687,2.069,0.2154138,0.04777657,-0.9753535,0.2916776,0.9500594,0.1109567,0.9319448,-0.3083903,0.1907206,moving,-89.00747,87.95418,8.486088,-8.523145
05/11/2023 13:10:05.658349,3236,True,True,True,True,Eyes,1.350587,0.1849185,-3.771638,0.8990825,-0.4375878,-0.0129436,0.0,0.0,0.0,0.0,0.0,0.0,0.0,-4.009845,-0.1671906,-0.5437994,1.450305,0.1886073,-3.776713,0.138947,0.6180791,-0.07925057,0.7696698,18.17092,78.01228,3.00247,0.3218485,0.04614814,-0.9456656,0.3465274,0.01184446,-0.1020263,2.671396,-0.6867988,-4.320045,0.3086999,-0.3127175,2.068999,0.2233953,0.04976691,-0.9734567,0.2937539,0.9488262,0.1159203,0.9294102,-0.3118528,0.197344,moving,-89.1752,88.30572,8.486074,-8.594879
05/11/2023 13:10:05.678058,3237,True,True,True,True,Eyes,1.355833,0.1848812,-3.771869,0.8986015,-0.4386469,-0.01020935,0.0,0.0,0.0,0.0,0.0,0.0,0.0,-4.015491,-0.1584691,-0.5295825,1.461615,0.1883148,-3.775971,0.1393726,0.6154951,-0.07840355,0.7717475,18.15779,77.63455,3.049583,0.3233439,0.04614479,-0.9451555,0.3257357,0.01113379,-0.09590473,2.688035,-0.6853552,-4.310758,0.3086998,-0.3151244,2.069,0.2300373,0.05055089,-0.971868,0.2925818,0.9488564,0.1186069,0.9281588,-0.3116349,0.2034821,moving,-89.34908,88.6667,8.48607,-8.660028
05/11/2023 13:10:05.697942,3238,True,True,True,True,Eyes,1.361317,0.1847928,-3.772035,0.8982059,-0.4395136,-0.007347083,0.0,0.0,0.0,0.0,0.0,0.0,0.0,-4.02051,-0.1472077,-0.518755,1.472993,0.1876906,-3.774962,0.1389284,0.6132575,-0.07664595,0.7737828,17.99947,77.29124,3.121177,0.3248038,0.04613853,-0.9446551,0.3061916,0.01046576,-0.09015045,2.705253,-0.6835089,-4.300933,0.3086996,-0.3177592,2.069001,0.2360816,0.05178316,-0.9703525,0.2890124,0.9496486,0.1209935,0.9277593,-0.3090082,0.2092286,moving,-89.53135,89.0423,8.48606,-8.731319
05/11/2023 13:10:05.708166,3239,True,True,True,True,Eyes,1.367023,0.1846385,-3.772151,0.8978204,-0.4403405,-0.004337096,0.0,0.0,0.0,0.0,0.0,0.0,0.0,-4.025488,-0.1304788,-0.5060954,1.484162,0.1863343,-3.773627,0.138278,0.6107929,-0.07413877,0.7760894,17.77013,76.91328,3.241196,0.3262372,0.04612838,-0.9441615,0.2878201,0.009837817,-0.08474142,2.726908,-0.6740156,-4.290828,0.3087004,-0.3205028,2.069001,0.2428711,0.0538418,-0.9685632,0.283995,0.9507653,0.1240653,0.9275561,-0.305199,0.2156225,moving,-89.72322,89.43568,8.486081,-8.805532
05/11/2023 13:10:05.728263,3240,True,True,True,True,Eyes,1.372935,0.1844191,-3.772194,0.8973959,-0.4412247,-0.001174712,0.0,0.0,0.0,0.0,0.0,0.0,0.0,-4.030746,-0.1149077,-0.4887631,1.495074,0.1845675,-3.772227,0.1389646,0.6077958,-0.07276003,0.7784466,17.7461,76.48707,3.349393,0.327652,0.04611305,-0.9436722,0.2705509,0.009247548,-0.07965694,2.744175,-0.6731561,-4.280435,0.3087006,-0.3231933,2.069,0.2505806,0.0556446,-0.9664952,0.2822038,0.9507896,0.1279066,0.926051,-0.3047995,0.2225464,moving,-89.925,89.84746,8.48609,-8.878281
05/11/2023 13:10:05.746484,3241,True,True,True,True,Eyes,1.379048,0.184148,-3.772151,0.8969356,-0.442156,0.002137303,0.0,0.0,0.0,0.0,0.0,0.0,0.0,-4.035927,-0.1045274,-0.4676771,1.505889,0.1828019,-3.770575,0.1404576,0.6044251,-0.07268374,0.7808068,17.89082,76.02106,3.39094,0.3290551,0.04609145,-0.9431849,0.2543178,0.008692695,-0.07487752,2.758652,-0.6785098,-4.270544,0.3087004,-0.325896,2.069001,0.2587747,0.05628833,-0.9642963,0.2832961,0.9499775,0.1314768,0.9234604,-0.3072042,0.2298839,moving,89.86347,-89.72305,8.486081,-8.951324
05/11/2023 13:10:05.758236,3242,True,True,True,True,Eyes,1.385358,0.1838159,-3.77202,0.8964647,-0.4430801,0.00556953,0.0,0.0,0.0,0.0,0.0,0.0,0.0,-4.04061,-0.1002852,-0.447927,1.516917,0.181343,-3.768727,0.1412386,0.6012864,-0.07297349,0.7830591,17.99609,75.56955,3.349281,0.3304525,0.04606294,-0.9426976,0.2390587,0.008171133,-0.07038487,2.773831,-0.6813706,-4.26207,0.3086991,-0.3285025,2.069001,0.2662592,0.05556453,-0.9622987,0.2841347,0.9494531,0.1334403,0.9210721,-0.3089521,0.2370128,moving,89.64404,-89.27983,8.486047,-9.021746
05/11/2023 13:10:05.778188,3243,True,True,True,True,Eyes,1.391866,0.1834267,-3.771812,0.8959953,-0.44397,0.009112167,0.0,0.0,0.0,0.0,0.0,0.0,0.0,-4.044558,-0.09555107,-0.4315732,1.527909,0.1795566,-3.766575,0.1415748,0.5984944,-0.07289337,0.7851418,18.03302,75.16108,3.315918,0.3318503,0.0460267,-0.9422083,0.2247152,0.007680865,-0.06616178,2.788116,-0.6859562,-4.253646,0.3087003,-0.3311523,2.069001,0.2729821,0.05500012,-0.9604456,0.2839266,0.9492863,0.13506,0.9191662,-0.309565,0.2435221,moving,89.41733,-88.82421,8.486077,-9.093304
05/11/2023 13:10:05.797969,3244,True,True,True,True,Eyes,1.398553,0.1829739,-3.7715,0.8955628,-0.4447533,0.01272752,0.0,0.0,0.0,0.0,0.0,0.0,0.0,-4.047746,-0.09309655,-0.4192462,1.539046,0.1777902,-3.764095,0.1409083,0.5961788,-0.07243114,0.7870638,17.94907,74.79984,3.253839,0.3332523,0.04598211,-0.9417154,0.2112323,0.007220013,-0.06219207,2.803288,-0.6898502,-4.244646,0.3086998,-0.3338114,2.069,0.2786492,0.05399722,-0.9588737,0.2820289,0.9497972,0.1354438,0.9180491,-0.3081714,0.2494315,moving,89.18578,-88.36081,8.486065,-9.165092
05/11/2023 13:10:05.808142,3245,True,True,True,True,Eyes,1.405414,0.1824519,-3.771057,0.8951324,-0.445502,0.01631179,0.0,0.0,0.0,0.0,0.0,0.0,0.0,-4.050216,-0.09274751,-0.4102657,1.550007,0.1758003,-3.761349,0.1397653,0.5942552,-0.07193568,0.788766,17.81716,74.48552,3.169108,0.3346627,0.04592848,-0.9412177,0.1985584,0.006786812,-0.05846055,2.818475,-0.6942457,-4.235397,0.3087,-0.3365137,2.069,0.2833722,0.05263166,-0.9575647,0.2795933,0.9505818,0.1349879,0.9173483,-0.3059804,0.254653,moving,88.95603,-87.90309,8.486073,-9.238013
05/11/2023 13:10:05.828032,3246,True,True,True,True,Eyes,1.412451,0.1818615,-3.770497,0.8947837,-0.4460555,0.01991341,0.0,0.0,0.0,0.0,0.0,0.0,0.0,-4.051991,-0.09024578,-0.4063141,1.561135,0.1735452,-3.758271,0.1383219,0.5927913,-0.07087396,0.7902168,17.61596,74.23629,3.126345,0.336086,0.04586506,-0.9407135,0.1866449,0.006379603,-0.05495292,2.832497,-0.7014759,-4.226118,0.3087004,-0.3393286,2.069001,0.2871506,0.05198046,-0.9564741,0.2760036,0.9516878,0.1345816,0.9172604,-0.3026355,0.258931,moving,88.7251,-87.44382,8.486081,-9.313933
05/11/2023 13:10:05.847951,3247,True,True,True,True,Eyes,1.419651,0.1812034,-3.769816,0.8944327,-0.4465887,0.02342613,0.0,0.0,0.0,0.0,0.0,0.0,0.0,-4.053373,-0.08616054,-0.4049029,1.572349,0.1712779,-3.754941,0.1365117,0.5915701,-0.06931414,0.7915838,17.34528,74.01774,3.109438,0.3375249,0.04579121,-0.9402018,0.1754462,0.005996827,-0.05165574,2.846772,-0.7088975,-4.215371,0.3087006,-0.3419005,2.069001,0.2904807,0.05177663,-0.955479,0.2712484,0.9531202,0.1341126,0.9176302,-0.2981293,0.2628187,moving,88.4997,-86.99726,8.486088,-9.383279
05/11/2023 13:10:05.858112,3248,True,True,True,True,Eyes,1.427015,0.1804882,-3.769005,0.8941118,-0.4470345,0.02691374,0.0,0.0,0.0,0.0,0.0,0.0,0.0,-4.054532,-0.07906491,-0.4040761,1.583496,0.1690875,-3.751361,0.1359418,0.5902752,-0.06805036,0.7927575,17.20998,73.81934,3.156087,0.3389824,0.04570636,-0.9396815,0.1649194,0.005637018,-0.04855639,2.862026,-0.7152427,-4.203876,0.3087003,-0.3446282,2.069001,0.2938889,0.05259122,-0.9543917,0.2683809,0.953778,0.1352008,0.9173882,-0.2958745,0.2661902,moving,88.27586,-86.55466,8.486075,-9.456788
05/11/2023 13:10:05.878330,3249,True,True,True,True,Eyes,1.434535,0.1797154,-3.76806,0.8937539,-0.4475333,0.03029599,0.0,0.0,0.0,0.0,0.0,0.0,0.0,-4.055504,-0.06877005,-0.4036272,1.594772,0.1669794,-3.747475,0.1359558,0.5889165,-0.06666028,0.7938828,17.12041,73.62772,3.256709,0.3404613,0.04561026,-0.9391514,0.1550242,0.005298797,-0.04564301,2.877324,-0.721611,-4.191512,0.3087003,-0.3473344,2.069002,0.2974676,0.05429235,-0.9531871,0.2659742,0.9541448,0.1373513,0.9169356,-0.2943807,0.2693868,moving,88.05856,-86.12724,8.486075,-9.52969
05/11/2023 13:10:05.897773,3250,True,True,True,True,Eyes,1.442193,0.1789005,-3.766975,0.8933498,-0.448099,0.03366644,0.0,0.0,0.0,0.0,0.0,0.0,0.0,-4.056445,-0.05964059,-0.4016509,1.606034,0.1648162,-3.74341,0.1356372,0.5874403,-0.06527831,0.7951448,17.0015,73.41064,3.329875,0.3419635,0.04550267,-0.9386107,0.1457228,0.004980869,-0.04290443,2.895311,-0.7234088,-4.178488,0.3087,-0.3499533,2.069001,0.3013054,0.0555461,-0.9519085,0.2631689,0.9546826,0.1390082,0.9164917,-0.2923966,0.2730329,moving,87.8418,-85.70335,8.48607,-9.600217
05/11/2023 13:10:05.908159,3251,True,True,True,True,Eyes,1.450015,0.1780817,-3.765776,0.8928404,-0.4488526,0.03697677,0.0,0.0,0.0,0.0,0.0,0.0,0.0,-4.057223,-0.05357903,-0.3969452,1.617,0.1630103,-3.739015,0.137094,0.5856108,-0.06539132,0.7962345,17.15188,73.17788,3.385885,0.3434904,0.04538385,-0.9380587,0.1369794,0.004682017,-0.04033016,2.911629,-0.7282171,-4.165104,0.3087001,-0.3526303,2.069001,0.3055679,0.05643385,-0.9504966,0.2647011,0.9538584,0.1417302,0.9146374,-0.2949057,0.2765304,moving,87.62846,-85.29057,8.486073,-9.67227
05/11/2023 13:10:05.928048,3252,True,True,True,True,Eyes,1.649002,0.1571606,-3.731986,0.8782443,-0.4627558,0.1205984,0.0,0.0,0.0,0.0,0.0,0.0,0.0,-4.057829,-0.04343808,-0.3931217,1.628466,0.1620308,-3.734201,0.1385415,0.583775,-0.06477229,0.7973816,17.25145,72.94935,3.509349,0.3450437,0.04525485,-0.9374946,0.1287607,0.004401096,-0.03791035,2.929428,-0.7307505,-4.151877,0.3086997,-0.3553368,2.069,0.3100225,0.05845762,-0.9489303,0.2650506,0.9532216,0.145316,0.9130358,-0.2965658,0.2800259,moving,82.18118,-75.3931,8.486062,-9.745091
05/11/2023 13:10:05.946629,3253,True,True,True,True,Eyes,1.649462,0.1571385,-3.7318,0.8781326,-0.4629193,0.1207843,0.0,0.0,0.0,0.0,0.0,0.0,0.0,-4.058501,-0.028382,-0.3866167,1.639693,0.1607283,-3.729246,0.1384325,0.5817533,-0.06264754,0.7990462,17.1047,72.66375,3.656308,0.3537103,0.0443071,-0.9343047,0.7179964,-0.05862639,0.06573316,2.945028,-0.7365428,-4.139032,0.3087,-0.3579152,2.069,0.3152766,0.06095061,-0.9470406,0.2611837,0.9538234,0.1483371,0.9123507,-0.2941188,0.2847989,moving,82.1683,-75.3765,8.486071,-9.814433
05/11/2023 13:10:05.958014,3254,True,True,True,True,Eyes,1.650381,0.1571179,-3.731404,0.8780688,-0.4629465,0.1211433,0.0,0.0,0.0,0.0,0.0,0.0,0.0,-4.059163,-0.02159321,-0.3788409,1.650996,0.1601437,-3.724159,0.1392475,0.5796203,-0.06215565,0.8004919,17.15672,72.37571,3.715048,0.3607762,0.04352479,-0.9316359,0.6749166,-0.05510881,0.06178917,2.959225,-0.7456805,-4.124748,0.3087004,-0.360602,2.069,0.3203539,0.06191116,-0.9452727,0.2609315,0.9534936,0.1508796,0.9106527,-0.2949863,0.2893009,moving,82.14474,-75.33572,8.486084,-9.886662
05/11/2023 13:10:05.978239,3255,True,True,True,True,Eyes,1.651734,0.1571444,-3.730767,0.8780107,-0.4629133,0.1216896,0.0,0.0,0.0,0.0,0.0,0.0,0.0,-4.059551,-0.01550359,-0.3741012,1.662934,0.1601236,-3.718758,0.1381626,0.5778907,-0.06048301,0.8020568,16.9498,72.1062,3.75613,0.3665584,0.04287865,-0.929406,0.6344216,-0.05180228,0.05808182,2.978611,-0.7439235,-4.111162,0.3087004,-0.3634211,2.069,0.3247682,0.06266418,-0.9437154,0.2567074,0.9545058,0.1517234,0.9102894,-0.2915337,0.2939068,moving,82.10925,-75.27145,8.486083,-9.962409
05/11/2023 13:10:05.988185,3256,True,True,True,True,Eyes,1.653532,0.1572813,-3.729912,0.8780214,-0.462704,0.1224066,0.0,0.0,0.0,0.0,0.0,0.0,0.0,-4.059661,-0.003760338,-0.3700247,1.674858,0.1612977,-3.713033,0.1369951,0.5761788,-0.0577843,0.8036862,16.66589,71.84494,3.889701,0.3713133,0.04234565,-0.9275411,0.5963563,-0.04869414,0.05459692,2.992465,-0.7522852,-4.098319,0.3087004,-0.3660463,2.069,0.3293579,0.06498643,-0.9419662,0.2507482,0.9557866,0.1536139,0.9103017,-0.2867903,0.2985007,moving,82.06345,-75.18208,8.486081,-10.03292
05/11/2023 13:10:06.008050,3257,True,True,True,True,Eyes,1.655763,0.1575011,-3.728826,0.8781344,-0.4622286,0.1233892,0.0,0.0,0.0,0.0,0.0,0.0,0.0,-4.060063,0.01327354,-0.3623877,1.687309,0.164028,-3.70698,0.1364563,0.5739653,-0.05455694,0.8055848,16.40838,71.53116,4.109361,0.3752491,0.04190833,-0.9259757,0.5605749,-0.04577249,0.0513211,3.007368,-0.7578425,-4.086509,0.3086995,-0.3686849,2.069,0.3351747,0.06874184,-0.9396448,0.2445428,0.9568064,0.1572266,0.9098663,-0.2824818,0.303887,moving,82.00157,-75.05375,8.486056,-10.10375
05/11/2023 13:10:06.027985,3258,True,True,True,True,Eyes,1.658385,0.1577994,-3.727561,0.8783032,-0.4615833,0.1245969,0.0,0.0,0.0,0.0,0.0,0.0,0.0,-4.060745,0.04366511,-0.3503222,1.70003,0.1661874,-3.700887,0.1340873,0.5712674,-0.04854355,0.8082806,15.7966,71.12115,4.453996,0.3785351,0.04155188,-0.9246534,0.5269404,-0.04302614,0.04824184,3.024514,-0.7581873,-4.074813,0.3086996,-0.3713792,2.069001,0.3425942,0.0747258,-0.9365069,0.2316731,0.9593282,0.1612976,0.9104706,-0.2722231,0.3113483,moving,81.92584,-74.89397,8.486059,-10.17605
05/11/2023 13:10:06.046180,3259,True,True,True,True,Eyes,1.661386,0.1582126,-3.726093,0.8782549,-0.4613163,0.1259191,0.0,0.0,0.0,0.0,0.0,0.0,0.0,-4.061916,0.06812811,-0.333822,1.711999,0.168309,-3.695399,0.1337864,0.5681068,-0.04468989,0.8107766,15.52858,70.68349,4.735525,0.3813156,0.04126326,-0.9235231,0.495324,-0.04044457,0.04534733,3.037103,-0.7665735,-4.062968,0.3087002,-0.3740421,2.069001,0.3505148,0.07954288,-0.9331732,0.2244769,0.9602081,0.1661645,0.9092577,-0.267719,0.3187116,moving,81.84087,-74.73269,8.486075,-10.24748
05/11/2023 13:10:06.058217,3260,True,True,True,True,Eyes,1.66476,0.1586999,-3.724467,0.8783138,-0.4607736,0.1274855,0.0,0.0,0.0,0.0,0.0,0.0,0.0,-4.063432,0.08773267,-0.3129537,1.724351,0.1716056,-3.689754,0.1379756,0.564158,-0.04407724,0.8128626,15.90502,70.2249,5.012164,0.3838903,0.04101348,-0.9224669,0.4656045,-0.0380179,0.04262649,3.050495,-0.77232,-4.051245,0.3087002,-0.3768263,2.069,0.3595659,0.08402254,-0.929329,0.2273375,0.9580399,0.1745773,0.9050028,-0.2740434,0.325377,moving,81.74131,-74.53445,8.486078,-10.32212
05/11/2023 13:10:06.078063,3261,True,True,True,True,Eyes,1.668423,0.159226,-3.722693,0.8781055,-0.4607329,0.129057,0.0,0.0,0.0,0.0,0.0,0.0,0.0,-4.064673,0.1017721,-0.2982066,1.736647,0.1737969,-3.684387,0.1355593,0.5614203,-0.04039468,0.8153521,15.45099,69.79728,5.139285,0.3862893,0.04080052,-0.9214743,0.4376683,-0.03573683,0.04006889,3.070557,-0.7642739,-4.040565,0.3086996,-0.379435,2.069001,0.3663509,0.08633976,-0.9264623,0.2180833,0.9599839,0.1757004,0.9045588,-0.266414,0.3328617,moving,81.63898,-74.35178,8.486059,-10.39202
05/11/2023 13:10:06.098070,3262,True,True,True,True,Eyes,1.672397,0.1598089,-3.720791,0.8777826,-0.4608603,0.1307884,0.0,0.0,0.0,0.0,0.0,0.0,0.0,-4.066114,0.1075392,-0.2804172,1.747442,0.1753871,-3.679561,0.139162,0.5581057,-0.04160839,0.8169582,15.89188,69.40575,5.210824,0.3885377,0.04062169,-0.9205365,0.4114082,-0.03359262,0.03766476,3.08287,-0.7698262,-4.027741,0.3087007,-0.381977,2.069,0.3735736,0.08734955,-0.9234787,0.2233188,0.9578054,0.1809353,0.9003175,-0.2738228,0.3383039,moving,81.52536,-74.15649,8.486091,-10.46012
05/11/2023 13:10:06.108135,3263,True,True,True,True,Eyes,1.67665,0.1604481,-3.71875,0.8773492,-0.4611334,0.1327193,0.0,0.0,0.0,0.0,0.0,0.0,0.0,-4.067675,0.1222276,-0.259491,1.758897,0.1773676,-3.674653,0.1422619,0.5543419,-0.04127277,0.8190014,16.18764,68.95058,5.384496,0.3906583,0.04047499,-0.919645,0.3867237,-0.03157706,0.03540488,3.098012,-0.7716823,-4.011775,0.3086995,-0.3846226,2.069,0.3820033,0.09011857,-0.9197567,0.2253284,0.9561163,0.187267,0.8962705,-0.2787839,0.3449332,moving,81.39791,-73.9436,8.486062,-10.53095
05/11/2023 13:10:06.127986,3264,True,True,True,True,Eyes,1.68117,0.1611441,-3.716622,0.8768232,-0.4615026,0.1348936,0.0,0.0,0.0,0.0,0.0,0.0,0.0,-4.06927,0.1432586,-0.2342627,1.77012,0.1794393,-3.66999,0.1427065,0.5503207,-0.03855187,0.8217638,16.07968,68.41018,5.596552,0.392671,0.0403586,-0.9187925,0.3635202,-0.02968244,0.03328058,3.123029,-0.7535865,-3.994528,0.3087007,-0.3873652,2.069,0.3913217,0.09370766,-0.9154705,0.2204298,0.9562972,0.1921103,0.8934641,-0.2769739,0.3535639,moving,81.25399,-73.70677,8.486092,-10.60435
05/11/2023 13:10:06.148738,3265,True,True,True,True,Eyes,1.685956,0.1618651,-3.714379,0.8763083,-0.4617803,0.1372686,0.0,0.0,0.0,0.0,0.0,0.0,0.0,-4.071407,0.1612438,-0.2031193,1.781076,0.1815177,-3.665847,0.1450788,0.5455924,-0.03754764,0.8245431,16.27327,67.80908,5.762858,0.3945927,0.04027088,-0.9179727,0.341709,-0.02790149,0.03128375,3.129298,-0.7703186,-3.978724,0.3087002,-0.3900601,2.069001,0.4018383,0.0963885,-0.9106236,0.2202271,0.9550846,0.1982761,0.8888341,-0.2802189,0.3625622,moving,81.0973,-73.44492,8.486075,-10.67642
05/11/2023 13:10:06.168259,3266,True,True,True,True,Eyes,1.690974,0.1625894,-3.71207,0.8757661,-0.4619901,0.1399958,0.0,0.0,0.0,0.0,0.0,0.0,0.0,-4.073723,0.1702956,-0.1722691,1.792549,0.182895,-3.661586,0.1426772,0.5413497,-0.03502272,0.8278631,15.91157,67.16773,5.758328,0.3964395,0.04020957,-0.9171794,0.3212065,-0.0262274,0.02940673,3.141676,-0.7758715,-3.962863,0.3087001,-0.3928119,2.069001,0.4114279,0.09648853,-0.9063208,0.2124646,0.9568332,0.1983154,0.8863329,-0.2741535,0.3731674,moving,80.91781,-73.14174,8.486072,-10.74999
05/11/2023 13:10:06.178087,3267,True,True,True,True,Eyes,1.696212,0.1633218,-3.709669,0.8751279,-0.462314,0.142888,0.0,0.0,0.0,0.0,0.0,0.0,0.0,-4.076596,0.1648073,-0.1401656,1.803194,0.1839174,-3.657883,0.1405311,0.5372002,-0.03479381,0.8309371,15.71946,66.53257,5.553976,0.3982244,0.04017207,-0.9164076,0.3019341,-0.02465376,0.02764232,3.150663,-0.7855117,-3.948291,0.3087005,-0.3955104,2.069001,0.4204107,0.09316369,-0.9025383,0.2088096,0.9580808,0.1961625,0.8829799,-0.2709274,0.383334,moving,80.72676,-72.82512,8.486083,-10.82211
05/11/2023 13:10:06.197838,3268,True,True,True,True,Eyes,1.701676,0.1640459,-3.707217,0.8745314,-0.4624271,0.146137,0.0,0.0,0.0,0.0,0.0,0.0,0.0,-4.079267,0.1538618,-0.1085067,1.814001,0.1847088,-3.653922,0.139311,0.5330336,-0.03590947,0.8337734,15.69935,65.91058,5.282631,0.399958,0.04015621,-0.915653,0.283818,-0.02317453,0.02598378,3.154492,-0.8038246,-3.934073,0.3087002,-0.398066,2.069001,0.4291713,0.08863412,-0.8988638,0.2083956,0.9586059,0.1940257,0.8788534,-0.2705895,0.3929352,moving,80.51335,-72.46234,8.486074,-10.89037
05/11/2023 13:10:06.213010,3269,True,True,True,True,Eyes,1.707323,0.1647343,-3.704718,0.8738343,-0.4626772,0.1494778,0.0,0.0,0.0,0.0,0.0,0.0,0.0,-4.081833,0.1495307,-0.07578969,1.82486,0.1851846,-3.65035,0.1358582,0.5288559,-0.0347845,0.8370448,15.32125,65.25474,5.083986,0.4016514,0.04015956,-0.9149113,0.266789,-0.02178406,0.02442476,3.167506,-0.8046958,-3.919942,0.3086999,-0.4007462,2.069,0.438203,0.08546641,-0.8948036,0.2019311,0.9606652,0.1906468,0.8759006,-0.2642307,0.403708,moving,80.29296,-72.09584,8.486069,-10.96192
05/11/2023 13:10:06.228717,3270,True,True,True,True,Eyes,1.713161,0.1653952,-3.702185,0.8730555,-0.4629813,0.153044,0.0,0.0,0.0,0.0,0.0,0.0,0.0,-4.084129,0.146896,-0.04468608,1.835153,0.1850781,-3.647142,0.1350671,0.5246512,-0.03510245,0.8398011,15.28925,64.64981,4.922317,0.4033124,0.0401793,-0.9141794,0.2507816,-0.02047701,0.02295927,3.18417,-0.7968925,-3.905583,0.3087005,-0.4008001,2.069001,0.4470179,0.08276811,-0.8906878,0.2006844,0.9610493,0.190026,0.871723,-0.2636922,0.412996,moving,80.05724,-71.70808,8.486083,-10.96336
05/11/2023 13:10:06.247844,3271,True,True,True,True,Eyes,1.719179,0.166018,-3.699633,0.8722102,-0.4633704,0.1566437,0.0,0.0,0.0,0.0,0.0,0.0,0.0,-4.086291,0.1424341,-0.01548386,1.845601,0.1850899,-3.643872,0.1348707,0.5205916,-0.0359892,0.8423178,15.3479,64.0759,4.746506,0.4049484,0.04021307,-0.9134544,0.2357347,-0.01924839,0.02158171,3.203829,-0.7834806,-3.891294,0.3087003,-0.4008,2.069,0.4553784,0.0797964,-0.8867148,0.2010538,0.9610294,0.1897366,0.8672993,-0.2646793,0.4215887,static,79.81856,-71.32202,8.486079,-10.96336
05/11/2023 13:10:06.261921,3272,True,True,True,True,Eyes,1.725357,0.1666398,-3.697068,0.8711897,-0.4640351,0.1603125,0.0,0.0,0.0,0.0,0.0,0.0,0.0,-4.088561,0.1356258,0.007415533,1.855953,0.184819,-3.640887,0.1340035,0.5172729,-0.03671967,0.8444664,15.32602,63.59199,4.556427,0.4065659,0.04025847,-0.9127336,0.2215907,-0.01809349,0.02028681,3.228534,-0.7601598,-3.87636,0.3087007,-0.4008,2.069001,0.4621606,0.07661574,-0.8834805,0.2006499,0.9613895,0.1883347,0.8637982,-0.2643111,0.4289434,static,79.57333,-70.94125,8.486091,-10.96336
05/11/2023 13:10:06.277842,3273,True,True,True,True,Eyes,1.731712,0.1672552,-3.694484,0.8701196,-0.464657,0.1642738,0.0,0.0,0.0,0.0,0.0,0.0,0.0,-4.090379,0.1394385,0.03133905,1.866006,0.185479,-3.638027,0.137442,0.5134348,-0.0385113,0.8461746,15.792,63.12464,4.527635,0.4081692,0.04031424,-0.9120153,0.2082952,-0.01700788,0.0190696,3.245994,-0.7502176,-3.861139,0.3087001,-0.4008,2.069,0.4698032,0.07596041,-0.8794972,0.2063096,0.9592532,0.1930538,0.8583248,-0.2721459,0.4349889,static,79.30872,-70.52958,8.486076,-10.96336
05/11/2023 13:10:06.297774,3274,True,True,True,True,Eyes,1.73821,0.1678507,-3.691902,0.8689662,-0.4653561,0.1683493,0.0,0.0,0.0,0.0,0.0,0.0,0.0,-4.091644,0.1523902,0.05611396,1.876553,0.1859392,-3.634817,0.1382045,0.5095352,-0.03737244,0.8484555,15.81939,62.61498,4.615593,0.4097641,0.04037911,-0.9112969,0.1957975,-0.01598741,0.01792543,3.259485,-0.7484677,-3.845859,0.3087003,-0.4008,2.069,0.4779543,0.07742245,-0.874966,0.2042578,0.9590056,0.1964356,0.8543059,-0.272606,0.4425467,static,79.03562,-70.11168,8.486081,-10.96336
05/11/2023 13:10:06.307980,3275,True,True,True,True,Eyes,1.744856,0.1684292,-3.689323,0.8676997,-0.4660391,0.1729302,0.0,0.0,0.0,0.0,0.0,0.0,0.0,-4.093118,0.1635262,0.08245409,1.886485,0.1860802,-3.632314,0.1398187,0.5055026,-0.03712872,0.8506111,15.98586,62.09995,4.665517,0.4113536,0.04045162,-0.9105773,0.1840497,-0.01502816,0.0168499,3.267801,-0.7554187,-3.831504,0.3087005,-0.4008,2.069,0.4861773,0.07819325,-0.8703547,0.2045216,0.9581443,0.2003254,0.8495895,-0.2754,0.4498358,static,78.72879,-69.64194,8.486086,-10.96336
05/11/2023 13:10:06.328162,3276,True,True,True,True,Eyes,1.751651,0.1689949,-3.68675,0.8664109,-0.4666935,0.1775657,0.0,0.0,0.0,0.0,0.0,0.0,0.0,-4.0951,0.170172,0.1053827,1.896858,0.186324,-3.63003,0.1429469,0.501718,-0.03840708,0.8522735,16.39148,61.64089,4.66184,0.4129414,0.04053051,-0.9098548,0.1730067,-0.01412647,0.01583891,3.277889,-0.7589976,-3.816105,0.3087007,-0.4008001,2.069,0.493608,0.07797135,-0.8661822,0.2089047,0.9561821,0.2051207,0.8442215,-0.2821987,0.4556905,static,78.41795,-69.16938,8.486093,-10.96336
05/11/2023 13:10:06.348104,3277,True,True,True,True,Eyes,1.924693,0.1828318,-3.62241,0.8278338,-0.4737748,0.3003811,0.0,0.0,0.0,0.0,0.0,0.0,0.0,-4.096933,0.1787914,0.1240973,1.907242,0.1865808,-3.627649,0.1432796,0.4985702,-0.03755456,0.854101,16.39141,61.22562,4.706645,0.4145305,0.04061474,-0.9091281,0.1626263,-0.01327888,0.01488857,3.289565,-0.7592337,-3.799659,0.3087005,-0.4008001,2.069,0.5000348,0.07871913,-0.8624202,0.2070207,0.9561212,0.2073033,0.840897,-0.2821977,0.4617974,static,70.05659,-57.62462,8.486084,-10.96336
05/11/2023 13:10:06.358274,3278,True,True,True,True,Eyes,1.925117,0.1828373,-3.622307,0.8277162,-0.4737957,0.3006715,0.0,0.0,0.0,0.0,0.0,0.0,0.0,-4.098487,0.1855538,0.1455637,1.917361,0.1868623,-3.625193,0.1447153,0.4950809,-0.03772419,0.8558792,16.56308,60.78027,4.710693,0.4224065,0.04110676,-0.9054735,0.6719938,0.02902865,0.207017,3.294031,-0.7732213,-3.783381,0.3087003,-0.4008,2.069,0.5069435,0.07871687,-0.8583776,0.2078663,0.9552687,0.2103646,0.8365405,-0.2850707,0.4679047,static,70.03622,-57.60072,8.486081,-10.96336
05/11/2023 13:10:06.377959,3279,True,True,True,True,Eyes,1.925933,0.182844,-3.622085,0.8275345,-0.4735846,0.3015034,0.0,0.0,0.0,0.0,0.0,0.0,0.0,-4.100085,0.1912998,0.1706903,1.927968,0.187025,-3.62276,0.1450515,0.491264,-0.03743018,0.858032,16.60033,60.27032,4.685673,0.428819,0.04152121,-0.9024353,0.6316742,0.02728694,0.194596,3.30022,-0.7833978,-3.767431,0.3087004,-0.4008,2.069,0.5145173,0.07828457,-0.8538991,0.2067498,0.9551181,0.2121415,0.8321819,-0.2856939,0.4752395,static,69.98132,-57.51749,8.486081,-10.96336
05/11/2023 13:10:06.397534,3280,True,True,True,True,Eyes,1.927144,0.1828483,-3.621778,0.8272397,-0.4733793,0.3026329,0.0,0.0,0.0,0.0,0.0,0.0,0.0,-4.101527,0.1970608,0.1954056,1.938576,0.187063,-3.620287,0.1445345,0.4875534,-0.036597,0.8602685,16.52078,59.76202,4.664882,0.4340585,0.04187171,-0.8999106,0.5937737,0.02564972,0.1829202,3.305264,-0.79513,-3.752991,0.3087003,-0.4008002,2.069,0.5219046,0.07797011,-0.8494328,0.2039031,0.9555408,0.212991,0.8282747,-0.284363,0.4828028,static,69.90574,-57.40909,8.486081,-10.96337
05/11/2023 13:10:06.407903,3281,True,True,True,True,Eyes,1.928745,0.1828401,-3.62138,0.8269364,-0.4728618,0.3042664,0.0,0.0,0.0,0.0,0.0,0.0,0.0,-4.102791,0.2042446,0.2242,1.949312,0.1870104,-3.618022,0.1445247,0.4833446,-0.03598303,0.8626679,16.50733,59.197,4.644022,0.4383594,0.04216913,-0.8978096,0.5581473,0.02411074,0.171945,3.310366,-0.8068054,-3.740169,0.3087004,-0.4008001,2.069,0.5301666,0.07762767,-0.8443325,0.2017933,0.9556356,0.2145693,0.8235307,-0.2841381,0.4909813,static,69.79921,-57.24045,8.486082,-10.96336
05/11/2023 13:10:06.429091,3282,True,True,True,True,Eyes,1.930721,0.1828104,-3.620903,0.8264996,-0.4723603,0.3062255,0.0,0.0,0.0,0.0,0.0,0.0,0.0,-4.103833,0.2090449,0.2557985,1.96031,0.1867103,-3.615646,0.1433169,0.4789301,-0.03502062,0.8653671,16.35502,58.58282,4.582773,0.441911,0.042422,-0.8960549,0.5246584,0.02266409,0.1616283,3.316886,-0.8152304,-3.72813,0.3087001,-0.4008001,2.069,0.5387992,0.07666615,-0.8389386,0.1978889,0.9564676,0.2144985,0.8188623,-0.2815882,0.5001726,static,69.66988,-57.04515,8.486076,-10.96336
05/11/2023 13:10:06.438188,3283,True,True,True,True,Eyes,1.933049,0.1827704,-3.620319,0.8259047,-0.4718443,0.3086169,0.0,0.0,0.0,0.0,0.0,0.0,0.0,-4.10463,0.2119027,0.2899832,1.971339,0.186159,-3.613329,0.1428086,0.4741943,-0.03487263,0.8680608,16.32025,57.93491,4.475883,0.4448671,0.04263708,-0.8945808,0.4931789,0.02130425,0.1519306,3.324481,-0.8215427,-3.715376,0.3087001,-0.4008,2.069001,0.5478474,0.07489495,-0.8332191,0.1959812,0.9567792,0.2148603,0.8132986,-0.2810059,0.509491,static,69.51073,-56.8127,8.486073,-10.96336
05/11/2023 13:10:06.457962,3284,True,True,True,True,Eyes,1.935747,0.1827058,-3.619657,0.8251888,-0.4712848,0.3113745,0.0,0.0,0.0,0.0,0.0,0.0,0.0,-4.105027,0.2141624,0.3282897,1.982646,0.1859372,-3.611016,0.1426059,0.4689742,-0.03504031,0.8709184,16.33555,57.22745,4.346137,0.4474515,0.04282398,-0.893282,0.4635882,0.02002599,0.1428148,3.335721,-0.8211545,-3.70252,0.3087005,-0.4008001,2.069001,0.5576707,0.07272242,-0.8268704,0.1947914,0.9568714,0.2155301,0.8068827,-0.2812622,0.5194536,static,69.32664,-56.54754,8.486084,-10.96336
05/11/2023 13:10:06.478161,3285,True,True,True,True,Eyes,1.938774,0.1826059,-3.618901,0.8243359,-0.4707098,0.3144877,0.0,0.0,0.0,0.0,0.0,0.0,0.0,-4.105344,0.2114656,0.3670878,1.994269,0.1852594,-3.608586,0.1408938,0.4638335,-0.03499095,0.8739468,16.18426,56.50351,4.152519,0.4498328,0.04298963,-0.8920773,0.4357729,0.01882443,0.1342459,3.34957,-0.8162813,-3.690111,0.3087005,-0.4008002,2.069001,0.5672683,0.06954206,-0.8205916,0.191863,0.9578491,0.2138074,0.8008716,-0.2787273,0.5300149,static,69.11794,-56.25257,8.486083,-10.96336
05/11/2023 13:10:06.488352,3286,True,True,True,True,Eyes,1.942154,0.1824652,-3.618075,0.8233327,-0.4701391,0.3179504,0.0,0.0,0.0,0.0,0.0,0.0,0.0,-4.105175,0.2107118,0.4079595,2.005783,0.1843809,-3.606401,0.1404238,0.4583526,-0.03555257,0.8768867,16.19234,55.75655,3.963325,0.4520389,0.04313528,-0.8909543,0.4096265,0.01769497,0.1261912,3.364425,-0.8095682,-3.676225,0.3087004,-0.4008,2.069,0.5772979,0.06637608,-0.8138313,0.1910784,0.9580343,0.2136803,0.7938616,-0.2788627,0.5403882,static,68.88469,-55.9299,8.486083,-10.96336
05/11/2023 13:10:06.508549,3287,True,True,True,True,Eyes,1.945862,0.1822824,-3.617172,0.8222335,-0.4695264,0.3216786,0.0,0.0,0.0,0.0,0.0,0.0,0.0,-4.104131,0.2148547,0.4510534,2.017706,0.1832474,-3.603995,0.1396242,0.4525303,-0.03525663,0.8800448,16.12062,54.96941,3.838584,0.4540953,0.04326187,-0.8899018,0.385049,0.01663327,0.1186197,3.37532,-0.8099618,-3.661401,0.3087001,-0.4008001,2.069,0.5879467,0.06431349,-0.806339,0.1884231,0.9585241,0.2138416,0.7866482,-0.2776604,0.5514429,static,68.6333,-55.58445,8.486077,-10.96336
05/11/2023 13:10:06.528130,3288,True,True,True,True,Eyes,1.949907,0.1820527,-3.616221,0.8209528,-0.4689455,0.3257709,0.0,0.0,0.0,0.0,0.0,0.0,0.0,-4.102459,0.2212451,0.4975737,2.029745,0.1820877,-3.6019,0.1387729,0.4463073,-0.03466976,0.8833742,16.02898,54.1347,3.735518,0.4560238,0.04337018,-0.8889098,0.361946,0.01563527,0.1115025,3.382867,-0.8161784,-3.64532,0.3087004,-0.4008,2.069,0.5992156,0.06261797,-0.7981351,0.1851235,0.9590802,0.2142301,0.7788902,-0.2761236,0.5631037,static,68.35581,-55.21275,8.486084,-10.96336
05/11/2023 13:10:06.546283,3289,True,True,True,True,Eyes,1.954293,0.181777,-3.615226,0.8195866,-0.4683241,0.3300761,0.0,0.0,0.0,0.0,0.0,0.0,0.0,-4.099693,0.23209,0.5476942,2.04199,0.1807253,-3.599852,0.1385875,0.4395491,-0.0339823,0.8868119,16.00229,53.24701,3.671835,0.4578448,0.04346085,-0.8879689,0.3402292,0.01469716,0.1048124,3.390928,-0.8212671,-3.628892,0.3087,-0.4008,2.069,0.6112835,0.06156018,-0.7890138,0.1821038,0.9592775,0.2159283,0.7701757,-0.2756758,0.5751802,static,68.06364,-54.82372,8.486071,-10.96336
05/11/2023 13:10:06.558956,3290,True,True,True,True,Eyes,1.959004,0.1814605,-3.614188,0.8180067,-0.4677627,0.3347583,0.0,0.0,0.0,0.0,0.0,0.0,0.0,-4.096407,0.239405,0.600611,2.054636,0.1793112,-3.597904,0.1375485,0.4325493,-0.03327237,0.8904352,15.88693,52.31549,3.561025,0.4595755,0.04353437,-0.8870708,0.3198155,0.01381533,0.09852361,3.400135,-0.824429,-3.61335,0.3087007,-0.4008001,2.069,0.6235883,0.05973919,-0.7794672,0.1782467,0.9599468,0.2161721,0.7611609,-0.2737398,0.5879632,static,67.74383,-54.41028,8.486091,-10.96336
05/11/2023 13:10:06.578030,3291,True,True,True,True,Eyes,1.964038,0.1811022,-3.613106,0.8163172,-0.4671913,0.3396447,0.0,0.0,0.0,0.0,0.0,0.0,0.0,-4.092251,0.2452297,0.6552553,2.067255,0.1780092,-3.59594,0.1372496,0.4253006,-0.03330046,0.8939649,15.88563,51.3611,3.409808,0.461232,0.04359138,-0.8862078,0.3006265,0.01298641,0.09261219,3.411472,-0.8238264,-3.598312,0.3087005,-0.4008001,2.069,0.6360209,0.05720583,-0.7695485,0.1762836,0.9601072,0.2170673,0.7512667,-0.2737181,0.6005638,static,67.40929,-53.98312,8.486089,-10.96337
05/11/2023 13:10:06.598138,3292,True,True,True,True,Eyes,1.969387,0.1806994,-3.611994,0.8144044,-0.4666567,0.3449304,0.0,0.0,0.0,0.0,0.0,0.0,0.0,-4.087322,0.251861,0.7121748,2.080346,0.1766337,-3.594133,0.1363545,0.4177834,-0.03283957,0.8976558,15.79751,50.37059,3.275319,0.4628276,0.0436324,-0.8853735,0.282589,0.01220722,0.08705546,3.423417,-0.8220192,-3.584175,0.3087007,-0.4008001,2.069,0.6487572,0.05497602,-0.7590071,0.1728905,0.960658,0.2173591,0.7410958,-0.2722385,0.6137289,static,67.04555,-53.52996,8.486091,-10.96336
05/11/2023 13:10:06.608369,3293,True,True,True,True,Eyes,1.975039,0.1802571,-3.610852,0.8123166,-0.4662525,0.3503575,0.0,0.0,0.0,0.0,0.0,0.0,0.0,-4.080991,0.2597281,0.7722423,2.093388,0.1751517,-3.592402,0.1358258,0.4098535,-0.03252679,0.9013953,15.75521,49.33584,3.138829,0.4643753,0.04365783,-0.8845615,0.2656336,0.01147479,0.08183213,3.436969,-0.8179979,-3.571747,0.3087003,-0.4008,2.069001,0.6619242,0.05269836,-0.7477161,0.1699764,0.9609867,0.218203,0.7300442,-0.2715279,0.6271428,static,66.66915,-53.07759,8.486077,-10.96336
05/11/2023 13:10:06.627689,3294,True,True,True,True,Eyes,1.980994,0.179771,-3.609691,0.8099756,-0.4659048,0.3561912,0.0,0.0,0.0,0.0,0.0,0.0,0.0,-4.073636,0.2690753,0.8346394,2.106743,0.1737884,-3.590956,0.1364945,0.4015176,-0.03288897,0.9050257,15.87103,48.26535,2.984387,0.4658854,0.04366816,-0.8837666,0.2496956,0.0107863,0.07692221,3.451881,-0.8115789,-3.559878,0.3087001,-0.4008001,2.069,0.6754039,0.05007914,-0.7357457,0.1691406,0.9605751,0.220651,0.7177891,-0.273473,0.6403058,static,66.26224,-52.60154,8.486076,-10.96336
05/11/2023 13:10:06.645993,3295,True,True,True,True,Eyes,1.987237,0.1792394,-3.608529,0.8074555,-0.4656828,0.3621534,0.0,0.0,0.0,0.0,0.0,0.0,0.0,-4.064902,0.2758884,0.8996004,2.120133,0.1722393,-3.589455,0.136086,0.3929675,-0.03292225,0.9088309,15.85674,47.15718,2.807292,0.467368,0.04366371,-0.8829836,0.2347139,0.01013912,0.07230688,3.464729,-0.8091164,-3.549423,0.3087004,-0.4008,2.069,0.6889854,0.04711322,-0.7232423,0.1667962,0.9607934,0.2214835,0.7053213,-0.273233,0.6541144,static,65.8432,-52.12842,8.486083,-10.96336
05/11/2023 13:10:06.658008,3296,True,True,True,True,Eyes,1.993745,0.1786857,-3.607358,0.8046015,-0.4656471,0.3684961,0.0,0.0,0.0,0.0,0.0,0.0,0.0,-4.054978,0.2836898,0.9662825,2.133467,0.1706391,-3.588346,0.1370808,0.3840955,-0.03390326,0.9124309,16.0334,46.02301,2.590275,0.4688302,0.04364473,-0.8822091,0.220631,0.009530776,0.06796847,3.477138,-0.8077555,-3.539413,0.3087002,-0.4008,2.069,0.7026424,0.04343547,-0.7102162,0.167173,0.9601188,0.2241093,0.6916263,-0.2761977,0.667359,static,65.39289,-51.64319,8.486077,-10.96336
05/11/2023 13:10:06.678191,3297,True,True,True,True,Eyes,2.000549,0.1781544,-3.606185,0.8015388,-0.4657711,0.3749573,0.0,0.0,0.0,0.0,0.0,0.0,0.0,-4.042665,0.2904009,1.03716,2.146539,0.1695694,-3.587031,0.1381125,0.3747315,-0.03510503,0.9161163,16.22225,44.82682,2.339156,0.4702797,0.043612,-0.8814388,0.2073932,0.008958929,0.06389036,3.48979,-0.8056421,-3.528073,0.3087006,-0.4008,2.069,0.7166879,0.03918959,-0.6962921,0.1678308,0.9593852,0.2267442,0.6768983,-0.279364,0.6810025,static,64.92995,-51.16508,8.48609,-10.96336
05/11/2023 13:10:06.688112,3298,True,True,True,True,Eyes,2.007637,0.1778504,-3.604976,0.7980173,-0.4663838,0.3816471,0.0,0.0,0.0,0.0,0.0,0.0,0.0,-4.02952,0.2957699,1.10728,2.16014,0.1695725,-3.585474,0.139624,0.3653431,-0.03672061,0.9196093,16.477,43.63236,2.060852,0.4717228,0.04356733,-0.8806695,0.1949496,0.008421393,0.06005694,3.497622,-0.8120351,-3.517098,0.3087005,-0.4008001,2.069,0.7303521,0.03448412,-0.6821999,0.1695586,0.9583135,0.2299679,0.6616915,-0.2836303,0.6940592,static,64.44081,-50.70615,8.486085,-10.96336
05/11/2023 13:10:06.707667,3299,True,True,True,True,Eyes,2.015057,0.1776437,-3.60374,0.7945716,-0.4665025,0.3886276,0.0,0.0,0.0,0.0,0.0,0.0,0.0,-4.01199,0.3260315,1.181774,2.17428,0.1748237,-3.583419,0.1459555,0.3546679,-0.03771861,0.9227595,17.22464,42.35738,2.035219,0.473166,0.04351726,-0.8798975,0.1832526,0.00791611,0.05645352,3.507009,-0.815569,-3.506005,0.3087004,-0.4007999,2.069,0.745576,0.03392105,-0.6655567,0.1731419,0.9545486,0.2426085,0.6435358,-0.2961189,0.7058154,static,63.93659,-50.20345,8.486083,-10.96336
05/11/2023 13:10:06.727863,3300,True,True,True,True,Eyes,2.022681,0.1774525,-3.602499,0.7908691,-0.4665312,0.3960742,0.0,0.0,0.0,0.0,0.0,0.0,0.0,-3.995082,0.3292667,1.255358,2.188867,0.176779,-3.580871,0.1405432,0.3452522,-0.03403029,0.9273028,16.50807,41.13674,2.028226,0.4746142,0.04346459,-0.8791198,0.1722575,0.007441143,0.05306631,3.519991,-0.8112806,-3.491802,0.3087003,-0.4008,2.069,0.7592856,0.03393295,-0.6498722,0.1601585,0.9581791,0.2371541,0.6307413,-0.2841503,0.7220969,static,63.39789,-49.66951,8.48608,-10.96336
05/11/2023 13:10:06.747731,3301,True,True,True,True,Eyes,2.030503,0.1773621,-3.601271,0.7865254,-0.4672066,0.4038513,0.0,0.0,0.0,0.0,0.0,0.0,0.0,-3.976816,0.3207013,1.332039,2.201571,0.1769216,-3.579669,0.1376422,0.3355812,-0.03441661,0.9312655,16.2281,39.87385,1.687703,0.4760709,0.04340984,-0.8783345,0.161922,0.006994674,0.04988233,3.529448,-0.8132313,-3.477874,0.3087005,-0.4008,2.069001,0.7724016,0.02827826,-0.6345047,0.1564823,0.9597402,0.2332637,0.6155559,-0.279462,0.7368798,static,62.82121,-49.16002,8.486085,-10.96336
05/11/2023 13:10:06.763168,3302,True,True,True,True,Eyes,2.038519,0.1772923,-3.600001,0.7820119,-0.4676372,0.4120349,0.0,0.0,0.0,0.0,0.0,0.0,0.0,-3.956478,0.3259477,1.406155,2.2138,0.1793687,-3.578288,0.1474299,0.3250048,-0.04267346,0.933175,17.63149,38.5552,0.9732209,0.4775383,0.04335553,-0.8775402,0.1522067,0.006574994,0.04688939,3.543691,-0.8062812,-3.462801,0.3087005,-0.4008,2.069,0.7851017,0.01618721,-0.6191553,0.1754744,0.9528868,0.2474175,0.5939899,-0.3028938,0.7452726,static,62.21566,-48.61673,8.486087,-10.96336
05/11/2023 13:10:06.777858,3303,True,True,True,True,Eyes,2.046657,0.1772425,-3.59879,0.7769501,-0.468477,0.4205686,0.0,0.0,0.0,0.0,0.0,0.0,0.0,-3.939839,0.2974964,1.472264,2.226553,0.1797153,-3.57611,0.1421997,0.316873,-0.04392592,0.9367185,17.11197,37.44987,0.4691731,0.4790195,0.04330203,-0.8767353,0.1430743,0.006180494,0.04407603,3.559445,-0.7950895,-3.447788,0.3087002,-0.4008,2.069001,0.7953241,0.007826046,-0.606134,0.1724109,0.9556996,0.2385643,0.581149,-0.29424,0.7587416,static,61.573,-48.08454,8.486075,-10.96336
05/11/2023 13:10:06.788034,3304,True,True,True,True,Eyes,2.252694,0.1776143,-3.567462,0.6152369,-0.48983,0.6176975,0.0,0.0,0.0,0.0,0.0,0.0,0.0,-3.924192,0.294935,1.528281,2.236932,0.1802127,-3.575691,0.1483264,0.3089706,-0.05053139,0.9380742,18.02957,36.43026,359.8104,0.480514,0.04324963,-0.8759196,0.1344898,0.005809664,0.04143146,3.575279,-0.7826943,-3.431323,0.3087004,-0.4008,2.069,0.8039675,-0.003147377,-0.5946649,0.1864614,0.9508917,0.2470569,0.5646844,-0.3095078,0.7650729,static,44.88565,-38.41418,8.486083,-10.96336
05/11/2023 13:10:06.812981,3305,True,True,True,True,Eyes,2.253178,0.1776684,-3.56739,0.6148001,-0.4893798,0.6184887,0.0,0.0,0.0,0.0,0.0,0.0,0.0,-3.907612,0.301741,1.57951,2.247813,0.1819102,-3.573455,0.1550404,0.3012191,-0.05599507,0.9391987,18.96321,35.44491,359.2864,0.4888351,0.0431196,-0.8713096,0.7445337,0.006576704,0.1329316,3.596698,-0.7584731,-3.410456,0.3087002,-0.4008,2.069,0.8122632,-0.01177872,-0.5831722,0.1985833,0.945654,0.2574939,0.5484462,-0.3249611,0.770459,static,44.82864,-38.35284,8.486079,-10.96336
05/11/2023 13:10:06.827999,3306,True,True,True,True,Eyes,2.254022,0.1778062,-3.567239,0.6139229,-0.4890838,0.6195931,0.0,0.0,0.0,0.0,0.0,0.0,0.0,-3.890177,0.2801756,1.635222,2.258651,0.1831781,-3.570836,0.1519547,0.2940933,-0.05768137,0.9418555,18.67298,34.49012,358.834,0.4955608,0.04300528,-0.8675077,0.6998617,0.006182102,0.1249557,3.611486,-0.7458981,-3.390654,0.3087006,-0.4008001,2.069,0.820364,-0.01927731,-0.5715166,0.1980327,0.9471653,0.2523113,0.5364568,-0.3201662,0.7808378,static,44.73663,-38.28626,8.48609,-10.96337
05/11/2023 13:10:06.853476,3307,True,True,True,True,Eyes,2.25525,0.1780385,-3.566934,0.6129388,-0.4882025,0.6212603,0.0,0.0,0.0,0.0,0.0,0.0,0.0,-3.874284,0.2690368,1.683313,2.268261,0.1853619,-3.568842,0.1524881,0.2875721,-0.0605809,0.9435993,18.82133,33.63116,358.3881,0.5010105,0.04290734,-0.8643766,0.65787,0.005811176,0.1174584,3.616683,-0.7534349,-3.373404,0.3087007,-0.4008001,2.069,0.8272645,-0.02662555,-0.5611814,0.2020309,0.9461547,0.2529326,0.52423,-0.3226181,0.7880994,static,44.61369,-38.16118,8.486093,-10.96337
05/11/2023 13:10:06.858175,3308,True,True,True,True,Eyes,2.256813,0.1782911,-3.566486,0.6120071,-0.4865015,0.6235091,0.0,0.0,0.0,0.0,0.0,0.0,0.0,-3.857081,0.2554082,1.730618,2.278789,0.1877445,-3.565,0.1492372,0.281185,-0.06047382,0.9460477,18.44412,32.80696,358.1578,0.5054418,0.0428264,-0.861797,0.6183978,0.005462505,0.1104109,3.633865,-0.735522,-3.352116,0.3087004,-0.4007999,2.069,0.8345559,-0.03049574,-0.5500787,0.1983487,0.9481424,0.2483623,0.5139789,-0.3163796,0.7973266,static,44.46663,-37.96362,8.486082,-10.96336
05/11/2023 13:10:06.878229,3309,True,True,True,True,Eyes,2.258677,0.1785544,-3.565925,0.6108553,-0.4846137,0.6261033,0.0,0.0,0.0,0.0,0.0,0.0,0.0,-3.842547,0.236117,1.770253,2.288364,0.188287,-3.561271,0.1384278,0.2762911,-0.05465219,0.949481,17.04178,32.20405,358.3644,0.5090612,0.04276111,-0.8596672,0.5812939,0.005134755,0.1037862,3.636015,-0.748076,-3.337207,0.3087006,-0.4008001,2.069,0.8413526,-0.02728968,-0.5397971,0.1802752,0.9557018,0.2326693,0.5095356,-0.2930689,0.8090019,static,44.29375,-37.74043,8.486088,-10.96336
05/11/2023 13:10:06.893787,3310,True,True,True,True,Eyes,2.260824,0.1788213,-3.565218,0.6093961,-0.4826941,0.6290014,0.0,0.0,0.0,0.0,0.0,0.0,0.0,-3.823024,0.2491774,1.815123,2.297319,0.1887171,-3.557947,0.1377984,0.2696127,-0.0528899,0.9515898,16.90434,31.40334,358.4216,0.5120353,0.04270989,-0.8579016,0.5464162,0.00482667,0.09755905,3.640894,-0.7548282,-3.319972,0.3087005,-0.4008001,2.069001,0.8490233,-0.02635461,-0.5276977,0.1749634,0.9564285,0.2337355,0.4985452,-0.2907746,0.8166412,static,44.09301,-37.50254,8.486084,-10.96336
05/11/2023 13:10:06.908040,3311,True,True,True,True,Eyes,2.26318,0.1790891,-3.564371,0.6075715,-0.4808374,0.6321805,0.0,0.0,0.0,0.0,0.0,0.0,0.0,-3.800107,0.2683751,1.863365,2.306356,0.1890423,-3.553864,0.1370967,0.2622896,-0.05017014,0.9538825,16.73028,30.54,358.5763,0.5144987,0.04267118,-0.8564286,0.5136312,0.00453707,0.09170551,3.651151,-0.7479762,-3.29807,0.3087007,-0.4008,2.069,0.8573743,-0.02379473,-0.5141432,0.1676309,0.9573749,0.2352301,0.4866306,-0.2878666,0.8248173,static,43.86283,-37.25667,8.48609,-10.96336
05/11/2023 13:10:06.927771,3312,True,True,True,True,Eyes,2.265758,0.1793618,-3.563389,0.60527,-0.4793406,0.6355161,0.0,0.0,0.0,0.0,0.0,0.0,0.0,-3.774683,0.285023,1.914937,2.314524,0.1892943,-3.550155,0.1377358,0.2545459,-0.04915589,0.9559388,16.75972,29.61095,358.5721,0.516617,0.04264306,-0.8551537,0.4828134,0.004264846,0.08620318,3.655855,-0.7512981,-3.276284,0.3087004,-0.4008,2.069,0.8655801,-0.02385991,-0.5002016,0.1641002,0.9572251,0.238309,0.4731196,-0.2883587,0.8324705,static,43.6036,-37.02557,8.486081,-10.96336
05/11/2023 13:10:06.947941,3313,True,True,True,True,Eyes,2.268541,0.1796426,-3.562258,0.6025683,-0.4780213,0.6390675,0.0,0.0,0.0,0.0,0.0,0.0,0.0,-3.747515,0.3073092,1.966277,2.322565,0.1897472,-3.546017,0.1414048,0.246446,-0.05000653,0.9574803,17.18347,28.63192,358.4367,0.5185755,0.04262347,-0.8539686,0.4538445,0.004008955,0.08103099,3.668224,-0.7380415,-3.248768,0.3087002,-0.4008,2.069001,0.8735275,-0.02606321,-0.4860767,0.1654578,0.955008,0.2461369,0.457792,-0.2954325,0.8385381,static,43.31621,-36.79642,8.486076,-10.96336
05/11/2023 13:10:06.958285,3314,True,True,True,True,Eyes,2.2715,0.1799159,-3.560987,0.599472,-0.4768713,0.6428273,0.0,0.0,0.0,0.0,0.0,0.0,0.0,-3.719867,0.3181737,2.017203,2.330335,0.1902092,-3.541343,0.1422304,0.2386608,-0.05006278,0.9593254,17.2647,27.68426,358.31,0.5203954,0.04261179,-0.8528612,0.4266139,0.003768418,0.07616913,3.67617,-0.7318707,-3.222,0.3087001,-0.4008001,2.069,0.8810695,-0.02816333,-0.4721476,0.1639426,0.9545285,0.2489945,0.4436658,-0.2967866,0.845623,static,43.00123,-36.56929,8.486073,-10.96336
05/11/2023 13:10:06.977981,3315,True,True,True,True,Eyes,2.274642,0.1801874,-3.559576,0.5959492,-0.4759417,0.6467798,0.0,0.0,0.0,0.0,0.0,0.0,0.0,-3.690422,0.3314613,2.068939,2.337604,0.1903242,-3.536802,0.1435239,0.2306677,-0.05027897,0.9610752,17.40175,26.71285,358.1725,0.5220953,0.04260711,-0.8518219,0.401017,0.003542312,0.07159898,3.68131,-0.7319888,-3.196183,0.3087005,-0.4008001,2.069,0.8885289,-0.0304311,-0.4578104,0.1628564,0.9537458,0.2526791,0.4289455,-0.29907,0.8523867,static,42.65777,-36.34799,8.486084,-10.96336
05/11/2023 13:10:06.988142,3316,True,True,True,True,Eyes,2.277935,0.1804536,-3.558,0.5921261,-0.4750201,0.6509551,0.0,0.0,0.0,0.0,0.0,0.0,0.0,-3.659609,0.3453801,2.120241,2.344653,0.1905538,-3.531817,0.1450049,0.2225969,-0.05056598,0.9627396,17.56067,25.73277,358.028,0.5236919,0.04260871,-0.8508413,0.376956,0.003329774,0.06730304,3.691438,-0.7201599,-3.167715,0.3087004,-0.4008001,2.069,0.8957875,-0.03280846,-0.4432703,0.161919,0.9528334,0.2566922,0.413941,-0.3017156,0.8588484,static,42.29049,-36.11927,8.486088,-10.96337
05/11/2023 13:10:07.008219,3317,True,True,True,True,Eyes,2.281524,0.1807042,-3.556342,0.5860868,-0.4746948,0.6566333,0.0,0.0,0.0,0.0,0.0,0.0,0.0,-3.629985,0.3505498,2.168436,2.35163,0.1906836,-3.526368,0.1443521,0.2151137,-0.05015463,0.9645585,17.4606,24.82478,357.9184,0.5251999,0.04261591,-0.8499109,0.3543386,0.003129987,0.06326485,3.696307,-0.7201391,-3.143771,0.3087003,-0.4008002,2.069,0.9024212,-0.0346499,-0.4294594,0.1588584,0.953294,0.2568942,0.4004997,-0.30005,0.8657771,static,41.75093,-35.86401,8.486078,-10.96336
05/11/2023 13:10:07.028495,3318,True,True,True,True,Eyes,2.285219,0.1809305,-3.554511,0.5798264,-0.4743592,0.6624083,0.0,0.0,0.0,0.0,0.0,0.0,0.0,-3.599243,0.363194,2.215093,2.358034,0.1906456,-3.520856,0.1442989,0.2076135,-0.04910574,0.9662625,17.41263,23.93092,357.899,0.5266339,0.0426277,-0.8490224,0.3330783,0.002942188,0.05946896,3.700036,-0.7230791,-3.12138,0.3087003,-0.4008001,2.069,0.9089705,-0.0349813,-0.41539,0.1548148,0.9535329,0.2584712,0.3870465,-0.2992512,0.872149,static,41.19666,-35.60694,8.48608,-10.96336
05/11/2023 13:10:07.044119,3319,True,True,True,True,Eyes,2.288838,0.181145,-3.552439,0.5734078,-0.4740272,0.6682077,0.0,0.0,0.0,0.0,0.0,0.0,0.0,-3.56792,0.372375,2.261244,2.364341,0.1902876,-3.515056,0.1439211,0.200159,-0.04833127,0.9679294,17.33504,23.03809,357.8418,0.5280059,0.04264316,-0.8481691,0.3130936,0.002765657,0.05590082,3.7054,-0.7237144,-3.101619,0.3087004,-0.4008,2.069,0.9152009,-0.03594829,-0.4013913,0.1511767,0.9539016,0.259263,0.3735678,-0.2979588,0.8784462,static,40.63382,-35.35193,8.486081,-10.96336
05/11/2023 13:10:07.058294,3320,True,True,True,True,Eyes,2.292541,0.1813395,-3.550187,0.5668236,-0.4736733,0.6740509,0.0,0.0,0.0,0.0,0.0,0.0,0.0,-3.537212,0.3776294,2.304967,2.370213,0.1901813,-3.509027,0.1439023,0.1930135,-0.04845172,0.9693763,17.31919,22.17089,357.6956,0.5293227,0.04266186,-0.847347,0.294308,0.002599717,0.05254677,3.70422,-0.7386107,-3.086912,0.3087004,-0.4008002,2.069001,0.9207965,-0.03838571,-0.3881501,0.1494861,0.9538891,0.2602873,0.3602609,-0.2976947,0.8840758,static,40.06119,-35.09672,8.486081,-10.96336
05/11/2023 13:10:07.078276,3321,True,True,True,True,Eyes,2.296296,0.1815142,-3.547746,0.5602241,-0.4731515,0.6799093,0.0,0.0,0.0,0.0,0.0,0.0,0.0,-3.508842,0.380897,2.343534,2.376004,0.1898897,-3.502535,0.1432964,0.1865343,-0.04819697,0.9707463,17.22889,21.38953,357.5929,0.5305936,0.04268315,-0.8465508,0.2766495,0.002443734,0.04939397,3.70979,-0.7385517,-3.068021,0.3087003,-0.4008001,2.069,0.9257641,-0.04011467,-0.3759677,0.1470334,0.9542864,0.2602281,0.3483419,-0.2961897,0.8893422,static,39.48746,-34.83421,8.486081,-10.96336
05/11/2023 13:10:07.088017,3322,True,True,True,True,Eyes,2.300104,0.1816661,-3.545122,0.5534896,-0.4725952,0.6857864,0.0,0.0,0.0,0.0,0.0,0.0,0.0,-3.480868,0.3834695,2.379675,2.381226,0.1895651,-3.495736,0.1420273,0.1803835,-0.0473211,0.9721373,17.05035,20.65737,357.5561,0.5318255,0.0427064,-0.8457761,0.2600506,0.00229711,0.04643033,3.712396,-0.7436086,-3.050573,0.3087003,-0.4008001,2.069,0.930445,-0.04076644,-0.3641567,0.1432439,0.9551779,0.2590682,0.3372732,-0.293212,0.8945801,static,38.90656,-34.57184,8.486081,-10.96336
05/11/2023 13:10:07.108016,3323,True,True,True,True,Eyes,2.303933,0.1817824,-3.542301,0.5467752,-0.4719521,0.691591,0.0,0.0,0.0,0.0,0.0,0.0,0.0,-3.451909,0.3910721,2.415253,2.386385,0.1891572,-3.488759,0.1414102,0.1740961,-0.04625988,0.9734238,16.94248,19.91586,357.5541,0.5330258,0.04273103,-0.8450189,0.2444475,0.002159283,0.04364451,3.7122,-0.7567134,-3.03681,0.3087007,-0.4008002,2.069,0.9351012,-0.040823,-0.3520217,0.1392989,0.9557263,0.2591968,0.3258553,-0.2914115,0.8993874,static,38.33007,-34.31021,8.486093,-10.96337
05/11/2023 13:10:07.128318,3324,True,True,True,True,Eyes,2.307788,0.1818595,-3.539286,0.5399658,-0.4712667,0.6973841,0.0,0.0,0.0,0.0,0.0,0.0,0.0,-3.42247,0.3983992,2.449794,2.391131,0.188401,-3.481452,0.1403958,0.1678993,-0.04485234,0.9747241,16.78348,19.19107,357.588,0.5342003,0.04275622,-0.8442757,0.2297807,0.002029727,0.04102584,3.718445,-0.756199,-3.021507,0.3087005,-0.4008001,2.069,0.9395962,-0.04029259,-0.3399052,0.134582,0.9565546,0.258633,0.3147169,-0.2887556,0.9041976,static,37.74966,-34.04939,8.486085,-10.96336
05/11/2023 13:10:07.147904,3325,True,True,True,True,Eyes,2.311704,0.1818862,-3.536087,0.5331566,-0.4705879,0.7030584,0.0,0.0,0.0,0.0,0.0,0.0,0.0,-3.395195,0.4053002,2.479927,2.39566,0.1875161,-3.473803,0.1396768,0.1622287,-0.04370768,0.9758391,16.66561,18.52726,357.6079,0.5353529,0.0427811,-0.8435441,0.2159938,0.001907943,0.03856429,3.721344,-0.761521,-3.006393,0.3087003,-0.4008001,2.069,0.943543,-0.03998413,-0.3288282,0.1306225,0.9571601,0.2584229,0.3044084,-0.2867855,0.9083444,static,37.17447,-33.79614,8.48608,-10.96336
05/11/2023 13:10:07.163051,3326,True,True,True,True,Eyes,2.315625,0.1818754,-3.532687,0.5263101,-0.4698867,0.7086636,0.0,0.0,0.0,0.0,0.0,0.0,0.0,-3.370507,0.4106614,2.505806,2.400125,0.1863558,-3.465934,0.1390218,0.1571192,-0.04280829,0.9768081,16.56167,17.9278,357.6116,0.53649,0.04280468,-0.84282,0.2030342,0.001793466,0.03625043,3.725718,-0.7627207,-2.988114,0.3087003,-0.4008002,2.069001,0.9469621,-0.03994498,-0.3188531,0.1273169,0.9576808,0.2581432,0.295048,-0.2850472,0.911973,static,36.60052,-33.54678,8.486079,-10.96336
05/11/2023 13:10:07.178006,3327,True,True,True,True,Eyes,2.319561,0.1818109,-3.529081,0.5195126,-0.4691827,0.7141248,0.0,0.0,0.0,0.0,0.0,0.0,0.0,-3.347605,0.417234,2.527884,2.404233,0.1854351,-3.457747,0.1386298,0.1524627,-0.04182858,0.9776437,16.48808,17.38542,357.6382,0.5376155,0.04282635,-0.8421016,0.1908522,0.001685858,0.03407541,3.731664,-0.7601956,-2.968955,0.3087002,-0.4008,2.069,0.950011,-0.03951513,-0.3097058,0.1240586,0.9580643,0.2583066,0.2865111,-0.2838158,0.9150738,static,36.0352,-33.30507,8.48608,-10.96336
05/11/2023 13:10:07.188011,3328,True,True,True,True,Eyes,2.323476,0.1817027,-3.525258,0.5127124,-0.4684106,0.7195259,0.0,0.0,0.0,0.0,0.0,0.0,0.0,-3.324914,0.4272035,2.547453,2.407797,0.1840945,-3.449014,0.1381126,0.1480231,-0.04012955,0.9784701,16.38906,16.88111,357.7513,0.5387326,0.0428452,-0.8413864,0.179401,0.001584707,0.03203088,3.735981,-0.7599265,-2.948827,0.3087005,-0.4008,2.069,0.9529576,-0.03764341,-0.3007572,0.1194189,0.9586291,0.2583979,0.2785876,-0.2821583,0.9180281,static,35.47252,-33.06408,8.486085,-10.96336
05/11/2023 13:10:07.213036,3329,True,True,True,True,Eyes,2.327333,0.1815412,-3.521202,0.5060121,-0.4676217,0.7247633,0.0,0.0,0.0,0.0,0.0,0.0,0.0,-3.30162,0.4366961,2.567201,2.411301,0.1829065,-3.440072,0.1373068,0.1435312,-0.03816674,0.9793309,16.25387,16.37458,357.8904,0.5398439,0.04286065,-0.840673,0.168637,0.001489624,0.03010903,3.74155,-0.7555812,-2.925741,0.3087009,-0.4008,2.069,0.9558842,-0.0353401,-0.2916101,0.1141713,0.9593803,0.2579814,0.2706479,-0.2798938,0.9210913,static,34.92181,-32.83035,8.486095,-10.96336
05/11/2023 13:10:07.228701,3330,True,True,True,True,Eyes,2.331156,0.1813234,-3.516923,0.4993433,-0.466749,0.7299326,0.0,0.0,0.0,0.0,0.0,0.0,0.0,-3.278673,0.4510858,2.5844,2.414503,0.1814565,-3.430677,0.1370229,0.1391976,-0.03587798,0.9800825,16.17521,15.89403,358.0799,0.5409517,0.04287203,-0.83996,0.1585187,0.001400247,0.02830249,3.744625,-0.7555994,-2.902523,0.3087005,-0.4008,2.069,0.9586736,-0.03218024,-0.2826824,0.1084733,0.959875,0.2585992,0.263018,-0.2785757,0.9236975,static,34.37584,-32.59652,8.486085,-10.96336
05/11/2023 13:10:07.246549,3331,True,True,True,True,Eyes,2.334928,0.1810321,-3.51242,0.4926942,-0.4659215,0.7349623,0.0,0.0,0.0,0.0,0.0,0.0,0.0,-3.256747,0.4619792,2.60023,2.417572,0.1798527,-3.421114,0.1360767,0.1351331,-0.033451,0.9808687,16.02086,15.44635,358.2802,0.5420586,0.04287861,-0.8392457,0.1490076,0.001316232,0.02660434,3.746167,-0.7570589,-2.877906,0.3087003,-0.4007999,2.069,0.9612402,-0.02884515,-0.2741995,0.102399,0.9607283,0.2579059,0.2559919,-0.2759873,0.9264444,static,33.83658,-32.37222,8.486078,-10.96336
05/11/2023 13:10:07.257698,3332,True,True,True,True,Eyes,2.338635,0.180669,-3.50769,0.4860368,-0.4651062,0.7398949,0.0,0.0,0.0,0.0,0.0,0.0,0.0,-3.234942,0.4696721,2.615117,2.419957,0.1777881,-3.411228,0.1350911,0.1312191,-0.03157615,0.9815982,15.87248,15.0078,358.4191,0.543166,0.04287934,-0.8385294,0.1400672,0.001237258,0.02500807,3.749489,-0.7538658,-2.850996,0.3087003,-0.4008,2.069,0.963569,-0.02653711,-0.2661402,0.09744325,0.9615067,0.2569236,0.2490775,-0.2734972,0.9290639,static,33.3009,-32.15393,8.486081,-10.96336
05/11/2023 13:10:07.277934,3333,True,True,True,True,Eyes,2.342287,0.1802514,-3.502724,0.4793286,-0.4644203,0.7446864,0.0,0.0,0.0,0.0,0.0,0.0,0.0,-3.212117,0.4804796,2.62993,2.422146,0.1756963,-3.401092,0.135172,0.1271172,-0.03030585,0.9821666,15.85642,14.54029,358.5009,0.5442756,0.04287332,-0.8378099,0.1316631,0.001163023,0.02350759,3.74991,-0.756076,-2.825211,0.3087003,-0.4008,2.069001,0.9658455,-0.02516541,-0.2578936,0.09389616,0.9616202,0.257818,0.2415076,-0.2732276,0.9311395,static,32.76797,-31.94954,8.486079,-10.96336
05/11/2023 13:10:07.298041,3334,True,True,True,True,Eyes,2.34586,0.1797723,-3.497513,0.4726614,-0.4636357,0.7494219,0.0,0.0,0.0,0.0,0.0,0.0,0.0,-3.188401,0.4929044,2.644163,2.423956,0.1739734,-3.390372,0.1351319,0.1229859,-0.02852332,0.9827514,15.82012,14.07745,358.6407,0.5453885,0.04286015,-0.8370865,0.1237633,0.001093241,0.02209713,3.751261,-0.7555549,-2.797684,0.3087003,-0.4008,2.069,0.9681218,-0.02282403,-0.2494378,0.08930128,0.9618516,0.2585862,0.2340202,-0.2726181,0.9332278,static,32.23969,-31.74333,8.486081,-10.96336
05/11/2023 13:10:07.313054,3335,True,True,True,True,Eyes,2.349317,0.1792276,-3.492053,0.4659607,-0.462885,0.7540677,0.0,0.0,0.0,0.0,0.0,0.0,0.0,-3.16429,0.5054726,2.658001,2.425683,0.171978,-3.379303,0.1340826,0.1189037,-0.02562457,0.9834772,15.65404,13.63589,358.8982,0.5465057,0.04283934,-0.8363585,0.1163375,0.001027647,0.02077131,3.752049,-0.7542811,-2.769086,0.3087001,-0.4008001,2.069,0.9704106,-0.01851651,-0.2407498,0.08228821,0.9627304,0.2576407,0.2270065,-0.2698282,0.9357675,static,31.71314,-31.54371,8.486078,-10.96337
05/11/2023 13:10:07.327890,3336,True,True,True,True,Eyes,2.352674,0.1786325,-3.486352,0.459244,-0.4622121,0.7585875,0.0,0.0,0.0,0.0,0.0,0.0,0.0,-3.137963,0.522272,2.672595,2.426848,0.169851,-3.368071,0.133956,0.1145046,-0.02301578,0.9840808,15.59988,13.15467,359.1302,0.5476285,0.04281033,-0.8356254,0.1093573,0.000965988,0.01952503,3.7512,-0.7551228,-2.739917,0.3087004,-0.4008001,2.069,0.9727179,-0.01462163,-0.2315297,0.07597591,0.9630522,0.2583762,0.2191973,-0.2689178,0.937889,static,31.19044,-31.35421,8.486082,-10.96336
05/11/2023 13:10:07.348403,3337,True,True,True,True,Eyes,2.355904,0.1779932,-3.480398,0.4524921,-0.4616566,0.7629706,0.0,0.0,0.0,0.0,0.0,0.0,0.0,-3.111447,0.5440171,2.685631,2.427881,0.1680514,-3.356609,0.1351553,0.1100753,-0.02087455,0.9844698,15.70641,12.66654,359.3247,0.5487569,0.042773,-0.8348867,0.1027958,0.0009080287,0.01835353,3.750538,-0.7533617,-2.708671,0.3087,-0.4008001,2.069,0.9748954,-0.01134619,-0.2223743,0.07085525,0.9625946,0.2615171,0.2110891,-0.2707081,0.9392329,static,30.67075,-31.17721,8.486073,-10.96336
05/11/2023 13:10:07.362477,3338,True,True,True,True,Eyes,2.359021,0.1773296,-3.474203,0.4457499,-0.461147,0.7672356,0.0,0.0,0.0,0.0,0.0,0.0,0.0,-3.083905,0.5690873,2.697769,2.428485,0.1663818,-3.344707,0.136491,0.1056089,-0.01821964,0.9848274,15.82432,12.18314,359.5797,0.549891,0.0427274,-0.8341426,0.0,0.0,0.0,3.747312,-0.7554651,-2.677933,0.3087002,-0.4008,2.069,0.9770297,-0.00705707,-0.2129866,0.06471572,0.9620765,0.2649919,0.2030394,-0.2726886,0.9404339,static,30.15581,-31.00798,8.486078,-10.96336
05/11/2023 13:10:07.378136,3339,True,True,True,True,Eyes,2.362044,0.1766581,-3.467754,0.4389549,-0.4606174,0.7714598,0.0,0.0,0.0,0.0,0.0,0.0,0.0,-3.055261,0.5966128,2.709937,2.428933,0.1651307,-3.332767,0.1375997,0.1010624,-0.01476944,0.9852079,15.90921,11.70307,359.9232,0.5510312,0.04267399,-0.8333926,0.0,0.0,0.0,3.74465,-0.7546884,-2.645751,0.3087001,-0.4008001,2.069,0.9791365,-0.001289638,-0.2031995,0.05691423,0.9616964,0.2681433,0.1950704,-0.2741138,0.9417055,static,29.63956,-30.84026,8.486075,-10.96337
05/11/2023 13:10:07.388044,3340,True,True,True,True,Eyes,2.364952,0.175983,-3.461049,0.432186,-0.4600043,0.7756361,0.0,0.0,0.0,0.0,0.0,0.0,0.0,-3.026295,0.6202614,2.721798,2.429168,0.1642506,-3.320172,0.1380229,0.09657202,-0.01112252,0.9856469,15.91625,11.23118,0.2819655,0.5521787,0.04261359,-0.8326358,0.0,0.0,0.0,3.740059,-0.7555351,-2.613119,0.3087002,-0.4008001,2.069,0.9811003,0.004732544,-0.1934422,0.04858406,0.961652,0.2699354,0.1873015,-0.274232,0.943247,static,29.12665,-30.67079,8.486076,-10.96336
05/11/2023 13:10:07.408138,3341,True,True,True,True,Eyes,2.367696,0.1752967,-3.454087,0.4253839,-0.4593348,0.7797821,0.0,0.0,0.0,0.0,0.0,0.0,0.0,-2.99785,0.6339113,2.734645,2.429373,0.1634534,-3.307365,0.1371959,0.09217972,-0.00784314,0.9862144,15.78659,10.76074,0.5849059,0.553333,0.04254711,-0.8318725,0.0,0.0,0.0,3.732554,-0.7615664,-2.581725,0.3087003,-0.4008,2.069,0.9828828,0.009823316,-0.18397,0.04076338,0.9622316,0.2691631,0.1796658,-0.272055,0.9453604,static,28.61319,-30.50043,8.48608,-10.96336
05/11/2023 13:10:07.428498,3342,True,True,True,True,Eyes,2.370304,0.1746112,-3.446884,0.4186513,-0.4586057,0.7838443,0.0,0.0,0.0,0.0,0.0,0.0,0.0,-2.971896,0.6445308,2.744626,2.429137,0.1625144,-3.294456,0.1365234,0.08826119,-0.005217146,0.9866834,15.68401,10.33643,0.8215316,0.5544943,0.04247513,-0.8311026,0.0,0.0,0.0,3.725281,-0.763622,-2.548128,0.3087001,-0.4008,2.069,0.9843655,0.0138041,-0.1755962,0.03439477,0.9626683,0.2684898,0.1727472,-0.2703317,0.9471427,static,28.10668,-30.33073,8.486075,-10.96336
05/11/2023 13:10:07.446786,3343,True,True,True,True,Eyes,2.372768,0.1739711,-3.43943,0.4119066,-0.4579113,0.7878135,0.0,0.0,0.0,0.0,0.0,0.0,0.0,-2.946744,0.6582001,2.752389,2.428554,0.16182,-3.281481,0.1359753,0.08460297,-0.002050636,0.9870912,15.5921,9.952053,1.127876,0.5556626,0.04239845,-0.8303258,0.0,0.0,0.0,3.714345,-0.7722213,-2.516647,0.3087005,-0.4008,2.069,0.9856763,0.0189595,-0.1675793,0.02705616,0.963013,0.268093,0.166464,-0.268787,0.9487062,static,27.60272,-30.16701,8.486085,-10.96336
05/11/2023 13:10:07.458042,3344,True,True,True,True,Eyes,2.375109,0.1734363,-3.43172,0.4051791,-0.457174,0.7917209,0.0,0.0,0.0,0.0,0.0,0.0,0.0,-2.91702,0.6765915,2.76302,2.427798,0.16226,-3.268109,0.1357114,0.08025897,0.001845738,0.9874906,15.5293,9.499312,1.512378,0.5568372,0.04231891,-0.8295426,0.0,0.0,0.0,3.701017,-0.7808587,-2.483862,0.3087003,-0.4008,2.069,0.9871102,0.02542941,-0.158009,0.01813881,0.963158,0.2683236,0.1590109,-0.2677311,0.9502819,static,27.10201,-30.004,8.486078,-10.96336
05/11/2023 13:10:07.477946,3345,True,True,True,True,Eyes,2.377293,0.1729968,-3.423747,0.3984987,-0.4563194,0.7955949,0.0,0.0,0.0,0.0,0.0,0.0,0.0,-2.885102,0.6947542,2.775331,2.427253,0.1642261,-3.254294,0.1354261,0.07554338,0.006024734,0.987885,15.46564,9.007108,1.924383,0.558019,0.04223952,-0.8287521,0.0,0.0,0.0,3.686681,-0.7907056,-2.452231,0.3087003,-0.4008,2.069,0.9885138,0.03236457,-0.1476245,0.008557595,0.9632469,0.268481,0.1508881,-0.2666605,0.951906,static,26.60544,-29.83675,8.48608,-10.96336
05/11/2023 13:10:07.488081,3346,True,True,True,True,Eyes,2.379361,0.1726307,-3.415564,0.3919136,-0.4553775,0.7993966,0.0,0.0,0.0,0.0,0.0,0.0,0.0,-2.857857,0.6962756,2.786348,2.426793,0.166079,-3.240211,0.1328252,0.07156993,0.009832466,0.9885033,15.14062,8.585686,2.282933,0.5592074,0.04216285,-0.8279547,0.0,0.0,0.0,3.66652,-0.809958,-2.425782,0.3087003,-0.4008,2.069,0.9895622,0.03845143,-0.1388822,-0.000426264,0.9645216,0.2640038,0.1441062,-0.2611889,0.9544704,static,26.11695,-29.66807,8.486078,-10.96336
05/11/2023 13:10:07.508182,3347,True,True,True,True,Eyes,2.38125,0.1723628,-3.407158,0.38541,-0.454675,0.8029507,0.0,0.0,0.0,0.0,0.0,0.0,0.0,-2.834271,0.7059057,2.79224,2.426144,0.1674413,-3.22704,0.1317938,0.06824171,0.0133625,0.9888352,15.00011,8.242724,2.635451,0.5604029,0.04209056,-0.8271496,0.0,0.0,0.0,3.664071,-0.784691,-2.382519,0.3087003,-0.4008,2.069,0.990329,0.04441428,-0.1314374,-0.008438945,0.9649037,0.2624685,0.1384818,-0.2588209,0.9559469,static,25.64064,-29.52094,8.486081,-10.96336
05/11/2023 13:10:07.527910,3348,True,True,True,True,Eyes,2.38304,0.1722204,-3.398544,0.3790144,-0.4538907,0.8064312,0.0,0.0,0.0,0.0,0.0,0.0,0.0,-2.808996,0.7384807,2.793188,2.425397,0.16968,-3.213467,0.1344234,0.06477363,0.01727446,0.988654,15.28132,7.90819,3.064568,0.5616039,0.04202488,-0.826338,0.0,0.0,0.0,3.650879,-0.7772197,-2.344428,0.3087003,-0.4008,2.069,0.9910119,0.0515711,-0.1234332,-0.01674273,0.9632639,0.2680344,0.1327216,-0.2635586,0.9554694,static,25.17304,-29.3725,8.486081,-10.96336
05/11/2023 13:10:07.546574,3349,True,True,True,True,Eyes,2.384739,0.1722023,-3.389755,0.3726475,-0.4533144,0.809716,0.0,0.0,0.0,0.0,0.0,0.0,0.0,-2.786944,0.7471452,2.797084,2.424846,0.1725304,-3.199893,0.1335425,0.06170679,0.02084058,0.9889005,15.16196,7.597446,3.427209,0.5628111,0.04196834,-0.825519,0.0,0.0,0.0,3.614797,-0.8242387,-2.326617,0.3087004,-0.4008,2.069,0.9915159,0.05769948,-0.1164775,-0.02473758,0.9634642,0.2666924,0.1276099,-0.2615484,0.9567174,static,24.71284,-29.24201,8.486082,-10.96336
05/11/2023 13:10:07.558033,3350,True,True,True,True,Eyes,2.386349,0.1722537,-3.380796,0.3663793,-0.4525451,0.8130001,0.0,0.0,0.0,0.0,0.0,0.0,0.0,-2.76293,0.772634,2.798779,2.424245,0.1755035,-3.186871,0.1352378,0.05841013,0.02467912,0.9887821,15.34072,7.278894,3.841117,0.5640247,0.04192323,-0.8246926,0.0,0.0,0.0,3.605365,-0.8096959,-2.289004,0.3087006,-0.4008001,2.069,0.9919584,0.06460305,-0.1088347,-0.03300602,0.9622033,0.2703245,0.1221849,-0.2645585,0.956598,static,24.25876,-29.10189,8.486088,-10.96336
05/11/2023 13:10:07.577912,3351,True,True,True,True,Eyes,2.387839,0.1723223,-3.371715,0.3601072,-0.451764,0.8162305,0.0,0.0,0.0,0.0,0.0,0.0,0.0,-2.740201,0.7740486,2.805593,2.423749,0.1771819,-3.173839,0.1328024,0.05519074,0.02844145,0.9891959,15.04608,6.943322,4.21189,0.5652441,0.04189029,-0.823859,0.0,0.0,0.0,3.578716,-0.842248,-2.275349,0.3087003,-0.4007999,2.069,0.9922901,0.07092725,-0.1016347,-0.0416094,0.9631093,0.2658746,0.1167431,-0.2595958,0.958635,static,23.80627,-28.96348,8.48608,-10.96336
05/11/2023 13:10:07.598429,3352,True,True,True,True,Eyes,2.389249,0.1724184,-3.362539,0.3537972,-0.4512368,0.8192759,0.0,0.0,0.0,0.0,0.0,0.0,0.0,-2.71574,0.7764795,2.814885,2.423288,0.1777137,-3.161935,0.1312496,0.05153223,0.03108344,0.989521,14.86515,6.543513,4.452988,0.5664692,0.04186888,-0.8230184,0.0,0.0,0.0,3.553702,-0.8730887,-2.262604,0.3087002,-0.4008001,2.069,0.9927564,0.07504261,-0.09382506,-0.04798826,0.9636147,0.2629521,0.1101438,-0.2565449,0.960236,static,23.35668,-28.84488,8.486078,-10.96336
05/11/2023 13:10:07.608080,3353,True,True,True,True,Eyes,2.390577,0.1725582,-3.353245,0.3473532,-0.4508244,0.822255,0.0,0.0,0.0,0.0,0.0,0.0,0.0,-2.683017,0.8110174,2.823295,2.422834,0.1785312,-3.150449,0.1346853,0.04669804,0.03413426,0.9891988,15.26436,6.044265,4.763311,0.567699,0.04185867,-0.8221711,0.0,0.0,0.0,3.542455,-0.8648205,-2.232835,0.3087001,-0.4008,2.069,0.9933082,0.08011021,-0.08319253,-0.05495204,0.9613894,0.2696491,0.1015821,-0.2632731,0.9593584,static,22.90113,-28.73499,8.486075,-10.96336
05/11/2023 13:10:07.627856,3354,True,True,True,True,Eyes,2.391842,0.1727592,-3.343867,0.3407718,-0.4505531,0.8251524,0.0,0.0,0.0,0.0,0.0,0.0,0.0,-2.648258,0.8253807,2.838387,2.422716,0.1797729,-3.138327,0.1349993,0.04132767,0.03698273,0.9892925,15.31056,5.458913,5.016065,0.5689334,0.04185974,-0.8213172,0.0,0.0,0.0,3.527296,-0.8695734,-2.212877,0.3087004,-0.4008002,2.069,0.9938486,0.08433188,-0.07178503,-0.06201506,0.960815,0.2701644,0.0917556,-0.2640508,0.9601344,static,22.43967,-28.63561,8.486084,-10.96337
05/11/2023 13:10:07.647781,3355,True,True,True,True,Eyes,2.393053,0.1730256,-3.334379,0.3340195,-0.4502904,0.8280517,0.0,0.0,0.0,0.0,0.0,0.0,0.0,-2.612416,0.838161,2.855201,2.422548,0.1814708,-3.126936,0.1364959,0.03558782,0.03816301,0.9892654,15.50634,4.811799,5.073928,0.5701725,0.0418726,-0.8204569,0.0,0.0,0.0,3.520341,-0.8562745,-2.184684,0.3087004,-0.4007999,2.069001,0.9945541,0.08522187,-0.05999339,-0.0657915,0.9598249,0.2727776,0.08082977,-0.267345,0.9602047,static,21.96816,-28.53713,8.486081,-10.96335
05/11/2023 13:10:07.658003,3356,True,True,True,True,Eyes,2.394211,0.1733093,-3.324798,0.3271372,-0.4496549,0.8311388,0.0,0.0,0.0,0.0,0.0,0.0,0.0,-2.580549,0.8253272,2.874695,2.422543,0.1832686,-3.114798,0.1349462,0.03017697,0.03795912,0.9896657,15.3558,4.161365,4.95431,0.5714157,0.0418978,-0.8195903,0.0,0.0,0.0,3.530065,-0.8095424,-2.147335,0.3087004,-0.4008,2.069,0.9952968,0.0832782,-0.04948534,-0.06698913,0.9606972,0.2693943,0.0699751,-0.2648123,0.9617577,static,21.48466,-28.41386,8.486082,-10.96336
05/11/2023 13:10:07.678025,3357,True,True,True,True,Eyes,2.395276,0.1736014,-3.315147,0.3199094,-0.4486496,0.8344887,0.0,0.0,0.0,0.0,0.0,0.0,0.0,-2.552394,0.7842336,2.898519,2.422536,0.1838734,-3.103008,0.1289713,0.02515496,0.03718903,0.9906314,14.6939,3.522509,4.754151,0.5726642,0.04193469,-0.8187166,0.0,0.0,0.0,3.520777,-0.804368,-2.124898,0.3087004,-0.4008,2.069,0.9959684,0.08016977,-0.04024596,-0.0671927,0.9639668,0.2573969,0.05943122,-0.2536549,0.9654673,static,20.97481,-28.26399,8.486082,-10.96336
05/11/2023 13:10:07.688234,3358,True,True,True,True,Eyes,2.396294,0.1738838,-3.305415,0.3125942,-0.4474124,0.8379183,0.0,0.0,0.0,0.0,0.0,0.0,0.0,-2.524316,0.7746066,2.913693,2.422596,0.1844096,-3.091734,0.1274417,0.02045925,0.03739215,0.9909297,14.53916,2.965506,4.700368,0.5739163,0.04198244,-0.8178369,0.0,0.0,0.0,3.51068,-0.7976151,-2.100314,0.3087005,-0.4008,2.069,0.9963665,0.07932073,-0.03101672,-0.06889126,0.9647208,0.2541016,0.050078,-0.2510416,0.96668,static,20.45856,-28.1003,8.486085,-10.96336
05/11/2023 13:10:07.708016,3359,True,True,True,True,Eyes,2.397283,0.174148,-3.295644,0.3049618,-0.4459355,0.8415104,0.0,0.0,0.0,0.0,0.0,0.0,0.0,-2.4923,0.7558207,2.933753,2.422576,0.1844008,-3.080072,0.1234105,0.01516925,0.03866778,0.991486,14.09595,2.341435,4.756309,0.5751722,0.04203988,-0.8169511,0.0,0.0,0.0,3.494842,-0.7983414,-2.0777,0.3087006,-0.4008,2.069,0.9965494,0.08042121,-0.02053617,-0.07293302,0.9665493,0.2458927,0.03962421,-0.2435465,0.9690794,static,19.92042,-27.92013,8.48609,-10.96336
05/11/2023 13:10:07.728093,3360,True,True,True,True,Eyes,2.398246,0.1744107,-3.285825,0.2972534,-0.4447481,0.8448903,0.0,0.0,0.0,0.0,0.0,0.0,0.0,-2.459214,0.7517918,2.951665,2.422932,0.1841798,-3.069321,0.1221314,0.009699343,0.0394976,0.9916803,13.97299,1.705711,4.770694,0.5764317,0.04210567,-0.8160595,0.0,0.0,0.0,3.473079,-0.8123158,-2.059786,0.3087003,-0.4008,2.069,0.9966917,0.08070717,-0.009589498,-0.07596879,0.9670477,0.2429968,0.02888509,-0.2414645,0.9699797,static,19.38314,-27.76221,8.48608,-10.96336
05/11/2023 13:10:07.748076,3361,True,True,True,True,Eyes,2.399259,0.1746849,-3.275951,0.2894051,-0.4436012,0.8482115,0.0,0.0,0.0,0.0,0.0,0.0,0.0,-2.426481,0.7734721,2.962076,2.423336,0.184558,-3.058324,0.1252077,0.004468999,0.04039183,0.991298,14.35181,1.122278,4.807915,0.5776947,0.04217902,-0.8151622,0.0,0.0,0.0,3.454557,-0.8151113,-2.037298,0.3087,-0.4008,2.069,0.996697,0.08119978,0.001254517,-0.07896157,0.9653831,0.2485972,0.01897495,-0.2478752,0.9686061,moving,18.83936,-27.60886,8.486073,-10.96336
05/11/2023 13:10:07.761970,3362,True,True,True,True,Eyes,2.400243,0.1749563,-3.266053,0.2815793,-0.4426576,0.8513327,0.0,0.0,0.0,0.0,0.0,0.0,0.0,-2.397567,0.7762895,2.973976,2.424113,0.1849464,-3.047122,0.1250871,-0.0003030251,0.04141562,0.9912811,14.36026,0.5772732,4.857565,0.5789632,0.04225956,-0.8142574,0.0,0.0,0.0,3.431376,-0.8179046,-2.013977,0.3053645,-0.3986799,2.068736,0.9965693,0.08203322,0.01096189,-0.08218484,0.9652759,0.2479679,0.009760357,-0.2480181,0.9687063,moving,18.30169,-27.47256,8.396753,-10.90812
05/11/2023 13:10:07.777874,3363,True,True,True,True,Eyes,2.401217,0.1752228,-3.256119,0.2737941,-0.4418646,0.8542789,0.0,0.0,0.0,0.0,0.0,0.0,0.0,-2.372506,0.7916735,2.979586,2.424496,0.1850936,-3.036613,0.1272434,-0.004309127,0.04219706,0.9909643,14.62852,0.1301682,4.893279,0.5802367,0.04234656,-0.8133458,0.0,0.0,0.0,3.407358,-0.8214104,-1.991078,0.302195,-0.3966652,2.068484,0.9964017,0.08253493,0.01927898,-0.08472816,0.964057,0.2518237,0.002198216,-0.252551,0.9675812,moving,17.77052,-27.34967,8.311821,-10.85561
05/11/2023 13:10:07.788247,3364,True,True,True,True,Eyes,2.402169,0.1754688,-3.246161,0.2660113,-0.4411576,0.8570986,0.0,0.0,0.0,0.0,0.0,0.0,0.0,-2.347446,0.8090256,2.984383,2.425269,0.1852779,-3.025773,0.1298161,-0.008375128,0.04289312,0.9905746,14.9457,359.6765,4.91642,0.581515,0.04243931,-0.8124276,0.0,0.0,0.0,3.387234,-0.8165683,-1.965621,0.2991751,-0.3947459,2.068244,0.9961801,0.08280322,0.02772881,-0.08715212,0.9626159,0.2564666,-0.005455941,-0.2579035,0.9661552,moving,17.24239,-27.23535,8.230841,-10.80554
05/11/2023 13:10:07.813124,3365,True,True,True,True,Eyes,2.403147,0.1756959,-3.236187,0.2582225,-0.4405827,0.859772,0.0,0.0,0.0,0.0,0.0,0.0,0.0,-2.321944,0.815205,2.992368,2.425786,0.1850437,-3.015223,0.1304642,-0.01254872,0.04357581,0.9904155,15.04165,359.1998,4.932851,0.5827981,0.04253684,-0.8115026,0.0,0.0,0.0,3.366657,-0.8130038,-1.941697,0.2959502,-0.392696,2.067989,0.9958873,0.083042,0.03622705,-0.08959063,0.9621605,0.2573338,-0.01348672,-0.2595211,0.9656433,moving,16.71703,-27.13248,8.144308,-10.75203
05/11/2023 13:10:07.827640,3366,True,True,True,True,Eyes,2.404128,0.1759175,-3.226177,0.2504468,-0.44016,0.862285,0.0,0.0,0.0,0.0,0.0,0.0,0.0,-2.29626,0.8329111,2.997548,2.426613,0.1847687,-3.004872,0.1331144,-0.01673266,0.04414055,0.989976,15.36916,358.7296,4.934542,0.5840865,0.04263823,-0.8105704,0.0,0.0,0.0,3.345585,-0.8089406,-1.917418,0.2926778,-0.3906156,2.067729,0.9955432,0.08294144,0.04488135,-0.09185087,0.9606644,0.2620828,-0.02137838,-0.2650372,0.9640011,moving,16.1957,-27.04239,8.056441,-10.6977
05/11/2023 13:10:07.846169,3367,True,True,True,True,Eyes,2.405161,0.1761347,-3.216136,0.2427432,-0.4396466,0.8647466,0.0,0.0,0.0,0.0,0.0,0.0,0.0,-2.272827,0.8428535,3.00268,2.427765,0.1848862,-2.993994,0.1347811,-0.02069462,0.04443631,0.9896623,15.58185,358.2758,4.905833,0.5853807,0.04274305,-0.8096306,0.0,0.0,0.0,3.323562,-0.8071152,-1.894758,0.2895439,-0.3886243,2.06748,0.9951943,0.08237537,0.05293972,-0.09353235,0.9597189,0.2649363,-0.02898303,-0.2686146,0.9628116,moving,15.67997,-26.94928,7.972238,-10.64567
05/11/2023 13:10:07.857766,3368,True,True,True,True,Eyes,2.406195,0.1763436,-3.20606,0.2350643,-0.4391942,0.8670947,0.0,0.0,0.0,0.0,0.0,0.0,0.0,-2.252382,0.8444811,3.007742,2.428753,0.1848501,-2.983266,0.1352204,-0.02422809,0.04452667,0.989518,15.6502,357.863,4.859236,0.5866812,0.04285085,-0.808683,0.0,0.0,0.0,3.3043,-0.8027657,-1.872293,0.2862843,-0.3865522,2.067222,0.9948608,0.08156762,0.05999009,-0.09467214,0.9594657,0.2654483,-0.03590643,-0.2697636,0.9622569,moving,15.16799,-26.86278,7.884597,-10.59149
05/11/2023 13:10:07.877766,3369,True,True,True,True,Eyes,2.407215,0.1765371,-3.195939,0.2274144,-0.4384181,0.8695242,0.0,0.0,0.0,0.0,0.0,0.0,0.0,-2.231381,0.8461515,3.013039,2.429907,0.1848717,-2.972341,0.1356599,-0.02788366,0.04463855,0.9893566,15.7191,357.436,4.812727,0.5879879,0.04296115,-0.8077276,0.0,0.0,0.0,3.286608,-0.7952673,-1.849336,0.2830081,-0.3844699,2.066962,0.9944599,0.0807615,0.06728509,-0.09589228,0.9592076,0.2659427,-0.04306244,-0.2709214,0.9616378,moving,14.65678,-26.75746,7.796449,-10.53701
05/11/2023 13:10:07.888141,3370,True,True,True,True,Eyes,2.408241,0.1767037,-3.185771,0.2197109,-0.4375614,0.871933,0.0,0.0,0.0,0.0,0.0,0.0,0.0,-2.210164,0.834376,3.021805,2.430988,0.1846768,-2.961167,0.1339589,-0.03168036,0.04457024,0.9894771,15.54068,356.9803,4.746059,0.5893018,0.04307349,-0.8067637,0.0,0.0,0.0,3.268171,-0.7900021,-1.827593,0.2797643,-0.3824077,2.066705,0.9940197,0.07971473,0.07463512,-0.09669019,0.960137,0.2622744,-0.05075281,-0.2679224,0.9621028,moving,14.14304,-26.64883,7.709116,-10.48302
05/11/2023 13:10:07.913299,3371,True,True,True,True,Eyes,2.40931,0.1768297,-3.175552,0.2119262,-0.4365013,0.8743877,0.0,0.0,0.0,0.0,0.0,0.0,0.0,-2.184939,0.8217915,3.0335,2.432232,0.1841721,-2.949873,0.1321291,-0.03617018,0.04437815,0.9895779,15.34998,356.4412,4.655736,0.590622,0.043187,-0.8057914,0.0,0.0,0.0,3.250256,-0.7833747,-1.80541,0.2766905,-0.3804538,2.066461,0.9934446,0.07827301,0.0833137,-0.09738953,0.961145,0.2582937,-0.05985912,-0.2647144,0.9624673,moving,13.62411,-26.52873,7.626307,-10.43184
05/11/2023 13:10:07.927922,3372,True,True,True,True,Eyes,2.41039,0.1769072,-3.165283,0.2040707,-0.435512,0.8767465,0.0,0.0,0.0,0.0,0.0,0.0,0.0,-2.157225,0.8158491,3.044888,2.43352,0.1831988,-2.938535,0.1314949,-0.04104462,0.04394921,0.9894913,15.29767,355.8581,4.529867,0.5919507,0.04330064,-0.8048098,0.0,0.0,0.0,3.233215,-0.7781586,-1.784682,0.2734498,-0.3783941,2.066204,0.9927676,0.07618043,0.09278478,-0.09776904,0.9615551,0.2566183,-0.06966838,-0.2638338,0.9620489,moving,13.10281,-26.41527,7.538944,-10.37786
05/11/2023 13:10:07.946269,3373,True,True,True,True,Eyes,2.41149,0.1769444,-3.154963,0.1961486,-0.4345706,0.8790189,0.0,0.0,0.0,0.0,0.0,0.0,0.0,-2.129061,0.8159746,3.054717,2.434935,0.1821214,-2.927103,0.1315978,-0.04593716,0.04386253,0.9892665,15.33132,355.2809,4.441959,0.5932873,0.04341322,-0.8038189,0.0,0.0,0.0,3.217724,-0.7737995,-1.765189,0.2703008,-0.3763924,2.065954,0.9919317,0.074693,0.1024326,-0.09887392,0.9615162,0.2563407,-0.07934376,-0.2644004,0.9611436,moving,12.57918,-26.30694,7.454,-10.32537
05/11/2023 13:10:07.959606,3374,True,True,True,True,Eyes,2.412603,0.1769422,-3.14459,0.1881458,-0.4337647,0.8811636,0.0,0.0,0.0,0.0,0.0,0.0,0.0,-2.100178,0.8215346,3.063241,2.4363,0.1811523,-2.915603,0.1324999,-0.05088749,0.04394614,0.9888999,15.45794,354.7018,4.369454,0.5946328,0.0435239,-0.8028182,0.0,0.0,0.0,3.203387,-0.7700582,-1.746901,0.2671022,-0.3743595,2.0657,0.9909584,0.07343148,0.112291,-0.1004018,0.9610251,0.2575856,-0.08899955,-0.2665309,0.9597085,moving,12.05279,-26.20934,7.367665,-10.27202
05/11/2023 13:10:07.977840,3375,True,True,True,True,Eyes,2.41375,0.1769123,-3.134155,0.1800751,-0.4329892,0.883229,0.0,0.0,0.0,0.0,0.0,0.0,0.0,-2.07068,0.8265992,3.072038,2.437818,0.1802299,-2.903955,0.1335363,-0.05599698,0.04374665,0.9884931,15.59875,354.0991,4.259086,0.5959876,0.04363195,-0.8018071,0.0,0.0,0.0,3.190172,-0.7655015,-1.72843,0.2638379,-0.3722845,2.065441,0.9899011,0.07153128,0.1223888,-0.1014418,0.9605085,0.2591,-0.09902171,-0.2688988,0.9580648,moving,11.52368,-26.11568,7.279497,-10.21754
05/11/2023 13:10:07.988001,3376,True,True,True,True,Eyes,2.414919,0.1768322,-3.12365,0.17193,-0.4322031,0.8852347,0.0,0.0,0.0,0.0,0.0,0.0,0.0,-2.040576,0.8277262,3.081892,2.439347,0.1794819,-2.892147,0.1340142,-0.06124362,0.04344868,0.9881304,15.67432,353.4764,4.136527,0.5973522,0.04373697,-0.8007852,0.0,0.0,0.0,3.177209,-0.7596241,-1.709411,0.2607507,-0.3703224,2.065196,0.9887229,0.06945088,0.1326788,-0.102281,0.9603048,0.2595251,-0.1093879,-0.270169,0.9565788,moving,10.99113,-26.02328,7.19606,-10.166
05/11/2023 13:10:08.013001,3377,True,True,True,True,Eyes,2.416144,0.1766933,-3.113077,0.1637954,-0.4313576,0.8871875,0.0,0.0,0.0,0.0,0.0,0.0,0.0,-2.010509,0.8251221,3.092282,2.441115,0.1781863,-2.879998,0.133155,-0.06646,0.04400959,0.9878846,15.6008,352.8675,4.123286,0.5987273,0.04383807,-0.7997521,0.0,0.0,0.0,3.164587,-0.7555928,-1.691344,0.2575621,-0.3682959,2.064943,0.9872925,0.06925384,0.1430298,-0.1046518,0.9606658,0.2572338,-0.1195894,-0.2689332,0.9557056,moving,10.46034,-25.92939,7.109831,-10.11273
05/11/2023 13:10:08.028146,3378,True,True,True,True,Eyes,2.417397,0.176498,-3.102441,0.1556156,-0.430576,0.8890377,0.0,0.0,0.0,0.0,0.0,0.0,0.0,-1.980566,0.8279585,3.101044,2.443023,0.1765778,-2.867942,0.1327918,-0.07159185,0.04507074,0.987527,15.58837,352.2778,4.167748,0.6001139,0.04393418,-0.7987069,0.0,0.0,0.0,3.152997,-0.7491062,-1.672455,0.2542346,-0.3661807,2.064679,0.9856864,0.07000352,0.1533678,-0.1080308,0.9606699,0.2558176,-0.1294277,-0.2687244,0.9544819,moving,9.928374,-25.84169,7.019788,-10.0571
05/11/2023 13:10:08.046497,3379,True,True,True,True,Eyes,2.418703,0.1762508,-3.091731,0.1469068,-0.4297995,0.8908933,0.0,0.0,0.0,0.0,0.0,0.0,0.0,-1.950037,0.8357036,3.108605,2.445031,0.1750324,-2.85581,0.1329706,-0.07676104,0.04654112,0.9870464,15.64293,351.6912,4.255906,0.6015124,0.0440244,-0.7976492,0.0,0.0,0.0,3.140669,-0.7436926,-1.653654,0.2511486,-0.3642188,2.064435,0.9838833,0.07146257,0.1639106,-0.1122904,0.9603055,0.2553512,-0.1391562,-0.2696414,0.9528531,moving,9.363713,-25.75436,6.936227,-10.00547
05/11/2023 13:10:08.063472,3380,True,True,True,True,Eyes,2.420043,0.1759538,-3.080954,0.1381237,-0.4290971,0.8926352,0.0,0.0,0.0,0.0,0.0,0.0,0.0,-1.919071,0.8404763,3.116837,2.447141,0.173477,-2.843468,0.1327133,-0.08204409,0.04794612,0.9865888,15.64845,351.0888,4.337584,0.602924,0.04410805,-0.796578,0.0,0.0,0.0,3.126087,-0.7427864,-1.636357,0.2478991,-0.3621534,2.064177,0.9819399,0.07282951,0.1746137,-0.1163829,0.9601767,0.2539995,-0.1491613,-0.2697343,0.9513119,moving,8.79602,-25.67398,6.848187,-9.951088
05/11/2023 13:10:08.078147,3381,True,True,True,True,Eyes,2.421429,0.1756382,-3.070092,0.1288708,-0.4283039,0.8943982,0.0,0.0,0.0,0.0,0.0,0.0,0.0,-1.885157,0.8474189,3.126099,2.449395,0.1719906,-2.831133,0.1329666,-0.08781648,0.04914536,0.9859984,15.71434,350.426,4.382664,0.6043492,0.04418454,-0.7954931,0.0,0.0,0.0,3.11162,-0.7406028,-1.618393,0.2446184,-0.3600681,2.063917,0.979746,0.07356116,0.1862432,-0.1202678,0.9598092,0.2535782,-0.1601044,-0.2708413,0.9492163,moving,8.199124,-25.58854,6.759248,-9.896149
05/11/2023 13:10:08.088062,3382,True,True,True,True,Eyes,2.422854,0.1752748,-3.059148,0.1194389,-0.4274393,0.8961194,0.0,0.0,0.0,0.0,0.0,0.0,0.0,-1.847409,0.8522856,3.137493,2.451681,0.1711766,-2.818357,0.1331051,-0.0942328,0.05017335,0.9853355,15.76916,349.6835,4.397478,0.6057886,0.04425414,-0.7943937,0.0,0.0,0.0,3.098988,-0.7340367,-1.59857,0.2414481,-0.3580535,2.063665,0.9772056,0.07378943,0.1990585,-0.1239609,0.9595313,0.2528504,-0.1723452,-0.2717623,0.9468064,moving,7.591899,-25.50064,6.673247,-9.84304
05/11/2023 13:10:08.113632,3383,True,True,True,True,Eyes,2.424356,0.1748644,-3.048131,0.1096069,-0.4265428,0.8978015,0.0,0.0,0.0,0.0,0.0,0.0,0.0,-1.806771,0.8426255,3.154048,2.454168,0.1696413,-2.805484,0.13114,-0.1012803,0.05055884,0.98488,15.57833,348.8522,4.347758,0.6072427,0.04431634,-0.7932791,0.0,0.0,0.0,3.083786,-0.7313482,-1.579951,0.23819,-0.3559825,2.063406,0.9743723,0.07302495,0.2127584,-0.1261526,0.9604922,0.2480731,-0.1862373,-0.2685556,0.9450892,moving,6.960432,-25.41225,6.584812,-9.788415
05/11/2023 13:10:08.127994,3384,True,True,True,True,Eyes,2.425902,0.1744219,-3.037033,0.09959028,-0.4258189,0.8993109,0.0,0.0,0.0,0.0,0.0,0.0,0.0,-1.764997,0.8422036,3.168686,2.456852,0.1680171,-2.79298,0.1312172,-0.1085314,0.05019159,0.9841158,15.61432,347.9876,4.186337,0.608713,0.0443707,-0.7921485,0.0,0.0,0.0,3.067443,-0.7338644,-1.563661,0.2350341,-0.3539764,2.063156,0.9714035,0.07030632,0.2267868,-0.127271,0.9605257,0.247371,-0.2004428,-0.2691604,0.9420061,moving,6.319224,-25.33731,6.499101,-9.735472
05/11/2023 13:10:08.147832,3385,True,True,True,True,Eyes,2.427492,0.1739486,-3.025865,0.08926313,-0.425012,0.9007757,0.0,0.0,0.0,0.0,0.0,0.0,0.0,-1.72019,0.8509699,3.181603,2.45963,0.1668578,-2.779962,0.1325267,-0.1161536,0.05036583,0.9830607,15.79903,347.0874,4.066687,0.6101997,0.04441716,-0.7910013,0.0,0.0,0.0,3.050852,-0.7362345,-1.547254,0.2316076,-0.3517984,2.062884,0.9679433,0.06823841,0.2417218,-0.1298122,0.9597999,0.2488631,-0.2150225,-0.2722639,0.9378901,moving,5.659297,-25.25929,6.405981,-9.677955
05/11/2023 13:10:08.158081,3386,True,True,True,True,Eyes,2.429137,0.1734495,-3.014642,0.07874944,-0.4244216,0.9020337,0.0,0.0,0.0,0.0,0.0,0.0,0.0,-1.674075,0.8466417,3.198382,2.462641,0.1656516,-2.767117,0.1316631,-0.1240721,0.05048476,0.9822026,15.73374,346.1486,3.961706,0.611703,0.04445574,-0.789837,0.0,0.0,0.0,3.035073,-0.7369566,-1.53059,0.2284554,-0.3497944,2.062635,0.9641148,0.06650107,0.257022,-0.131844,0.9602323,0.2461123,-0.230434,-0.2711673,0.9345418,moving,4.989392,-25.19775,6.320264,-9.625002
05/11/2023 13:10:08.178106,3387,True,True,True,True,Eyes,2.430815,0.1729157,-3.003363,0.06803536,-0.4238935,0.9031531,0.0,0.0,0.0,0.0,0.0,0.0,0.0,-1.627694,0.8584173,3.210711,2.465742,0.1645686,-2.754626,0.1336029,-0.1319385,0.05044121,0.980917,15.98687,345.2125,3.79951,0.6132237,0.04448655,-0.7886553,0.0,0.0,0.0,3.019704,-0.7347746,-1.512328,0.2254079,-0.3478576,2.062393,0.9600959,0.06370254,0.2723196,-0.134212,0.9592119,0.2487964,-0.2453632,-0.275417,0.929485,moving,4.308008,-25.14294,6.23735,-9.573799
05/11/2023 13:10:08.197870,3388,True,True,True,True,Eyes,2.432551,0.1723607,-2.992046,0.05713866,-0.423553,0.9040675,0.0,0.0,0.0,0.0,0.0,0.0,0.0,-1.580136,0.859669,3.225533,2.468839,0.1632548,-2.741916,0.1341191,-0.1400907,0.04985366,0.9797456,16.06771,344.2316,3.586409,0.6147613,0.04450944,-0.787456,0.0,0.0,0.0,3.004142,-0.7281193,-1.491853,0.2221726,-0.345801,2.062136,0.9557784,0.06011013,0.2878792,-0.1352655,0.9590534,0.2488371,-0.2611339,-0.2767732,0.9247733,moving,3.616384,-25.10296,6.149274,-9.519398
05/11/2023 13:10:08.208104,3389,True,True,True,True,Eyes,2.43434,0.1718922,-2.980662,0.04622662,-0.4235494,0.9046928,0.0,0.0,0.0,0.0,0.0,0.0,0.0,-1.534938,0.8669353,3.237509,2.472132,0.1622442,-2.729709,0.135905,-0.1478891,0.04890715,0.9784002,16.28436,343.2836,3.314895,0.616316,0.04452462,-0.786239,0.0,0.0,0.0,2.989085,-0.7228132,-1.472319,0.2190121,-0.3437924,2.061885,0.9514738,0.05550379,0.3026828,-0.1358993,0.9582759,0.2514733,-0.276096,-0.2804046,0.9193173,moving,2.925069,-25.08755,6.063186,-9.466238
05/11/2023 13:10:08.228343,3390,True,True,True,True,Eyes,2.436159,0.1715661,-2.969193,0.03512671,-0.4235133,0.9052086,0.0,0.0,0.0,0.0,0.0,0.0,0.0,-1.485806,0.8991242,3.243123,2.475054,0.1639059,-2.716824,0.1407109,-0.1558591,0.05032324,0.9764097,16.88608,342.3454,3.259691,0.6178879,0.04453507,-0.7850036,0.0,0.0,0.0,2.975081,-0.7172615,-1.453351,0.2156747,-0.3416712,2.06162,0.9463511,0.05441003,0.3185268,-0.1421344,0.955336,0.2590964,-0.2902027,-0.2904697,0.9118167,moving,2.222253,-25.07314,5.972226,-9.410068
05/11/2023 13:10:08.247049,3391,True,True,True,True,Eyes,2.437986,0.1713401,-2.957683,0.02392774,-0.4232402,0.9057015,0.0,0.0,0.0,0.0,0.0,0.0,0.0,-1.432424,0.8968072,3.258685,2.477754,0.1669755,-2.703328,0.1394223,-0.164508,0.05268402,0.9750502,16.81135,341.3502,3.405709,0.6194773,0.04454498,-0.7837493,0.0,0.0,0.0,2.959198,-0.7113811,-1.433946,0.2125204,-0.3396662,2.06137,0.9403231,0.05686697,0.3354978,-0.1486113,0.9555716,0.2545536,-0.3061165,-0.2892214,0.9069971,moving,1.513346,-25.04699,5.886209,-9.356941
05/11/2023 13:10:08.258202,3392,True,True,True,True,Eyes,2.439847,0.1712372,-2.946134,0.01253557,-0.4232947,0.9059054,0.0,0.0,0.0,0.0,0.0,0.0,0.0,-1.376303,0.8895411,3.276661,2.480668,0.1691633,-2.690664,0.1377901,-0.1736593,0.05406728,0.9736186,16.68373,340.2777,3.436847,0.6210834,0.04455703,-0.7824765,0.0,0.0,0.0,2.942409,-0.7039196,-1.413885,0.2094518,-0.3377155,2.061127,0.9338384,0.05742476,0.3530557,-0.1531389,0.9561812,0.2495315,-0.3232559,-0.2870886,0.9017127,moving,0.7927865,-25.04487,5.802481,-9.305227
05/11/2023 13:10:08.278170,3393,True,True,True,True,Eyes,2.441725,0.1712152,-2.934536,0.0005892277,-0.4230684,0.9060975,0.0,0.0,0.0,0.0,0.0,0.0,0.0,-1.31787,0.9138222,3.286029,2.483499,0.1720795,-2.678145,0.1412241,-0.1828838,0.05589708,0.9713315,17.14531,339.1892,3.415809,0.6227063,0.04457421,-0.7811847,0.0,0.0,0.0,2.928041,-0.6880519,-1.39044,0.2062727,-0.3356947,2.060875,0.926858,0.05693398,0.3710697,-0.1602444,0.9538625,0.2539054,-0.3394936,-0.2947961,0.8932186,moving,0.03725896,-25.02847,5.71569,-9.251623
05/11/2023 13:10:08.298098,3394,True,True,True,True,Eyes,2.44364,0.1712618,-2.922957,-0.01153166,-0.4230961,0.9060115,0.0,0.0,0.0,0.0,0.0,0.0,0.0,-1.261539,0.8960916,3.304688,2.486134,0.173931,-2.665391,0.1383122,-0.1921074,0.05659792,0.9699284,16.86105,338.0967,3.393608,0.6243444,0.04459814,-0.7798747,0.0,0.0,0.0,2.915422,-0.6788189,-1.371462,0.203068,-0.3336577,2.060621,0.9197828,0.05665027,0.3883173,-0.1629335,0.9553328,0.2465601,-0.3570045,-0.2900516,0.887929,moving,-0.7292181,-25.03199,5.628157,-9.197561
05/11/2023 13:10:08.313914,3395,True,True,True,True,Eyes,2.445536,0.1713845,-2.911376,-0.02423863,-0.4232956,0.9056673,0.0,0.0,0.0,0.0,0.0,0.0,0.0,-1.205206,0.9118754,3.314713,2.489076,0.1756823,-2.654242,0.1409138,-0.2010878,0.05720108,0.9676957,17.20121,337.0125,3.242633,0.6259977,0.04462992,-0.7785464,0.0,0.0,0.0,2.902523,-0.6825082,-1.358417,0.199914,-0.3316532,2.06037,0.9125835,0.05403442,0.4053044,-0.1673786,0.9537427,0.2497184,-0.3730627,-0.2957282,0.8794141,moving,-1.533057,-25.0507,5.541956,-9.144333
05/11/2023 13:10:08.328454,3396,True,True,True,True,Eyes,2.447431,0.1715485,-2.899802,-0.03713899,-0.4233252,0.9052163,0.0,0.0,0.0,0.0,0.0,0.0,0.0,-1.151144,0.9273362,3.321878,2.491286,0.1777067,-2.642323,0.1440799,-0.2097634,0.05696363,0.9653991,17.583,335.9433,2.978878,0.6276646,0.04467079,-0.7772008,0.0,0.0,0.0,2.89086,-0.6724721,-1.339748,0.1966387,-0.3295711,2.06011,0.9055089,0.0495399,0.4214254,-0.1704306,0.9519922,0.2542914,-0.3885961,-0.3020869,0.8704806,moving,-2.349399,-25.06318,5.452396,-9.089016
05/11/2023 13:10:08.348074,3397,True,True,True,True,Eyes,2.449306,0.1717666,-2.888261,-0.05032935,-0.4232997,0.9045907,0.0,0.0,0.0,0.0,0.0,0.0,0.0,-1.10197,0.9021887,3.337995,2.493316,0.1788325,-2.630947,0.1415694,-0.2180732,0.05483304,0.9640516,17.27005,334.9088,2.639697,0.6293437,0.04472094,-0.775839,0.0,0.0,0.0,2.878714,-0.672161,-1.326029,0.1935293,-0.3275948,2.059863,0.8988748,0.04397877,0.435993,-0.1674688,0.9539029,0.2490453,-0.4049423,-0.2968757,0.8648043,moving,-3.184522,-25.07706,5.367325,-9.036478
05/11/2023 13:10:08.358063,3398,True,True,True,True,Eyes,2.451135,0.1720414,-2.876715,-0.06363592,-0.4230194,0.9038833,0.0,0.0,0.0,0.0,0.0,0.0,0.0,-1.056802,0.9057714,3.34444,2.495048,0.1803609,-2.620065,0.1434555,-0.225521,0.05331666,0.9621426,17.46345,333.9663,2.276552,0.6310336,0.04478087,-0.7744616,0.0,0.0,0.0,2.866527,-0.6574941,-1.305313,0.1902556,-0.3255143,2.059604,0.8925953,0.037892,0.4492638,-0.1673009,0.9531557,0.2520013,-0.4186695,-0.3000973,0.8571216,moving,-4.027139,-25.0797,5.277712,-8.981139
05/11/2023 13:10:08.377999,3399,True,True,True,True,Eyes,2.45288,0.1723632,-2.8652,-0.07715354,-0.4222299,0.9031994,0.0,0.0,0.0,0.0,0.0,0.0,0.0,-1.010735,0.8754289,3.358361,2.495908,0.1819458,-2.608427,0.1397808,-0.2331512,0.05191061,0.9609408,17.02855,333.0343,2.072939,0.6327326,0.04485117,-0.77307,0.0,0.0,0.0,2.851318,-0.648265,-1.28708,0.1870371,-0.3234684,2.059349,0.8858917,0.03458593,0.4626012,-0.1649462,0.9555333,0.2444361,-0.4335767,-0.2928482,0.8522037,moving,-4.882495,-25.05527,5.189561,-8.926692
05/11/2023 13:10:08.397766,3400,True,True,True,True,Eyes,2.454561,0.1727391,-2.853702,-0.09075123,-0.4212414,0.9023968,0.0,0.0,0.0,0.0,0.0,0.0,0.0,-0.9649128,0.8323268,3.374684,2.496614,0.1833114,-2.597236,0.1340118,-0.2407327,0.0504617,0.9599699,16.35513,332.1221,1.932731,0.6344385,0.04493213,-0.771666,0.0,0.0,0.0,2.832107,-0.657782,-1.276979,0.183678,-0.3213336,2.059082,0.8790027,0.03236139,0.4757173,-0.1614055,0.958989,0.232999,-0.4486674,-0.2815901,0.8481772,moving,-5.74275,-25.0233,5.09751,-8.869847
05/11/2023 13:10:08.412955,3401,True,True,True,True,Eyes,2.456105,0.1731421,-2.842236,-0.1043993,-0.4198904,0.9015502,0.0,0.0,0.0,0.0,0.0,0.0,0.0,-0.9171849,0.8066891,3.385978,2.496896,0.1849328,-2.586142,0.1306439,-0.2483508,0.04987337,0.9585233,15.97528,331.2054,1.831059,0.6361499,0.04502421,-0.7702504,0.0,0.0,0.0,2.810848,-0.6554586,-1.260803,0.1805304,-0.3193327,2.058833,0.8716691,0.03071857,0.4891313,-0.1605006,0.9608897,0.2256781,-0.4630687,-0.2752225,0.8425081,moving,-6.605418,-24.97341,5.011211,-8.816537
05/11/2023 13:10:08.428713,3402,True,True,True,True,Eyes,2.457568,0.1735388,-2.830814,-0.118117,-0.4183475,0.9005741,0.0,0.0,0.0,0.0,0.0,0.0,0.0,-0.8690336,0.7591181,3.400759,2.49661,0.1859297,-2.574686,0.1236972,-0.256065,0.04922924,0.9574478,15.19346,330.2988,1.836054,0.6378638,0.04512712,-0.7688255,0.0,0.0,0.0,2.786262,-0.6583601,-1.247482,0.1774068,-0.317347,2.058585,0.8640145,0.03091981,0.5025166,-0.1576179,0.964551,0.2116555,-0.4781585,-0.262079,0.8382595,moving,-7.472118,-24.91648,4.925524,-8.763607
05/11/2023 13:10:08.438126,3403,True,True,True,True,Eyes,2.45889,0.1739389,-2.81947,-0.1318052,-0.4171725,0.8992189,0.0,0.0,0.0,0.0,0.0,0.0,0.0,-0.8206497,0.7336818,3.410252,2.496266,0.1861203,-2.564291,0.1201745,-0.2636289,0.04860758,0.955874,14.79563,329.3899,1.752169,0.6395789,0.04523974,-0.7673928,0.0,0.0,0.0,2.761233,-0.6502934,-1.228767,0.1743484,-0.3154032,2.058342,0.8562742,0.02956252,0.5156748,-0.1562884,0.9663908,0.2041146,-0.4923092,-0.255372,0.8321159,moving,-8.33889,-24.88789,4.841585,-8.711764
05/11/2023 13:10:08.458312,3404,True,True,True,True,Eyes,2.460093,0.1743418,-2.808168,-0.145535,-0.4159417,0.8976704,0.0,0.0,0.0,0.0,0.0,0.0,0.0,-0.7709183,0.7376424,3.41275,2.495483,0.1866846,-2.554018,0.1214015,-0.2711848,0.04809279,0.9536287,14.92936,328.4526,1.534851,0.6412917,0.04536124,-0.7659548,0.0,0.0,0.0,2.736187,-0.6264331,-1.203518,0.1709776,-0.3132606,2.058074,0.8482917,0.02588084,0.5288963,-0.1575698,0.9658975,0.2054598,-0.5055422,-0.2576279,0.8234409,moving,-9.208965,-24.86097,4.749026,-8.654591
05/11/2023 13:10:08.477675,3405,True,True,True,True,Eyes,2.461079,0.1747072,-2.797027,-0.1607574,-0.4160887,0.8950013,0.0,0.0,0.0,0.0,0.0,0.0,0.0,-0.7234131,0.7226443,3.417506,2.493934,0.1871272,-2.543652,0.1201425,-0.2785008,0.04652631,0.9517553,14.75035,327.5451,1.282462,0.6430004,0.04549091,-0.7645134,0.0,0.0,0.0,2.714293,-0.6191472,-1.186771,0.1678132,-0.3112492,2.057824,0.8405452,0.02164372,0.5413089,-0.1554829,0.9668022,0.2027774,-0.5189497,-0.2546079,0.8160061,moving,-10.18271,-24.93385,4.662089,-8.600888
05/11/2023 13:10:08.497902,3406,True,True,True,True,Eyes,2.461931,0.1750655,-2.785958,-0.1758577,-0.4164749,0.891977,0.0,0.0,0.0,0.0,0.0,0.0,0.0,-0.6766741,0.7314131,3.417188,2.492401,0.1870384,-2.53436,0.1226071,-0.2855488,0.04490301,0.9494278,14.97854,326.6406,0.9041562,0.6447003,0.04562702,-0.7630722,0.0,0.0,0.0,2.690836,-0.602417,-1.165551,0.1647407,-0.3092963,2.05758,0.8328912,0.0152437,0.5532268,-0.155285,0.9659024,0.2071692,-0.5312051,-0.2584572,0.8068588,moving,-11.15311,-25.02844,4.577636,-8.548719
05/11/2023 13:10:08.508065,3407,True,True,True,True,Eyes,2.462633,0.1754122,-2.774967,-0.1907315,-0.4170039,0.8886671,0.0,0.0,0.0,0.0,0.0,0.0,0.0,-0.6277425,0.751309,3.413546,2.490141,0.1872645,-2.524867,0.1262129,-0.2926927,0.04462233,0.9467893,15.37381,325.7279,0.6306418,0.64639,0.04576886,-0.7616329,0.0,0.0,0.0,2.666769,-0.5967239,-1.149974,0.1616004,-0.3073001,2.057331,0.8246797,0.0106127,0.5655006,-0.1583791,0.9641583,0.2128728,-0.5429729,-0.2651154,0.7968025,moving,-12.11342,-25.13815,4.491279,-8.495367
05/11/2023 13:10:08.528192,3408,True,True,True,True,Eyes,2.463202,0.1757396,-2.764068,-0.2054048,-0.4177647,0.8850319,0.0,0.0,0.0,0.0,0.0,0.0,0.0,-0.5803641,0.763301,3.410448,2.487606,0.187398,-2.515414,0.1280295,-0.299538,0.04534706,0.944367,15.60359,324.8766,0.5323733,0.6480671,0.04591564,-0.7601975,0.0,0.0,0.0,2.644247,-0.6071223,-1.141508,0.158301,-0.3052031,2.057069,0.8164412,0.008949091,0.5773592,-0.162348,0.9631041,0.2146474,-0.5541361,-0.2689801,0.7877708,moving,-13.06631,-25.26888,4.400501,-8.43929
05/11/2023 13:10:08.548338,3409,True,True,True,True,Eyes,2.463678,0.1760546,-2.753195,-0.2199233,-0.4184474,0.8812125,0.0,0.0,0.0,0.0,0.0,0.0,0.0,-0.5317895,0.7880751,3.404358,2.485054,0.1872878,-2.50658,0.1310607,-0.306326,0.04765416,0.9416564,16.02302,324.0393,0.5635232,0.6497304,0.04606645,-0.7587672,0.0,0.0,0.0,2.623814,-0.6051731,-1.128158,0.155235,-0.3032542,2.056826,0.8077869,0.009453103,0.5893988,-0.1700423,0.9611043,0.2176328,-0.5644165,-0.2760236,0.777975,moving,-14.013,-25.4009,4.316108,-8.387149
05/11/2023 13:10:08.557931,3410,True,True,True,True,Eyes,2.463995,0.1763481,-2.74241,-0.2342729,-0.4190708,0.8772092,0.0,0.0,0.0,0.0,0.0,0.0,0.0,-0.4853251,0.7981479,3.399872,2.48198,0.1872251,-2.497285,0.1319737,-0.3128761,0.04962809,0.9392703,16.19891,323.244,0.6351726,0.6513798,0.04622065,-0.7573423,0.0,0.0,0.0,2.605826,-0.612036,-1.119624,0.1518447,-0.3010989,2.056557,0.7992911,0.01064552,0.6008497,-0.1758112,0.9602399,0.2168631,-0.5746512,-0.2789729,0.769383,moving,-14.95279,-25.53529,4.222737,-8.329452
05/11/2023 13:10:08.577928,3411,True,True,True,True,Eyes,2.46419,0.1766198,-2.731663,-0.2484281,-0.4195437,0.8730787,0.0,0.0,0.0,0.0,0.0,0.0,0.0,-0.4409608,0.7962163,3.39743,2.478555,0.1870418,-2.488517,0.1312732,-0.319157,0.05097532,0.9371808,16.17617,322.4871,0.7011516,0.6530129,0.04637738,-0.755925,0.0,0.0,0.0,2.588229,-0.6206466,-1.111646,0.1486807,-0.2990883,2.056306,0.7910807,0.01175263,0.6115989,-0.1793397,0.9603377,0.2135152,-0.5848322,-0.2785918,0.7618123,moving,-15.88331,-25.66585,4.13556,-8.275599
05/11/2023 13:10:08.588657,3412,True,True,True,True,Eyes,2.464197,0.1768622,-2.721002,-0.2624325,-0.4199168,0.8687917,0.0,0.0,0.0,0.0,0.0,0.0,0.0,-0.3978611,0.8039746,3.39153,2.474723,0.1867355,-2.479519,0.1317131,-0.3251322,0.05324698,0.9349362,16.31461,321.768,0.8308513,0.6546301,0.04653598,-0.7545152,0.0,0.0,0.0,2.569646,-0.6223269,-1.100986,0.1455694,-0.2971106,2.056059,0.7829077,0.0139167,0.6219822,-0.1852134,0.9596328,0.2116621,-0.5939289,-0.2809113,0.7538815,moving,-16.80779,-25.79607,4.049796,-8.222602
05/11/2023 13:10:08.613114,3413,True,True,True,True,Eyes,2.460622,0.1819811,-2.455968,-0.5897779,-0.3974213,0.7030066,0.0,0.0,0.0,0.0,0.0,0.0,0.0,-0.3519169,0.7971866,3.388619,2.470283,0.18626,-2.470851,0.1301476,-0.3315218,0.05484365,0.9328167,16.21076,321.0059,0.9562035,0.656229,0.04669559,-0.7531151,0.0,0.0,0.0,2.551531,-0.6317728,-1.094019,0.142398,-0.2950945,2.055807,0.7741709,0.01602462,0.6327737,-0.1886117,0.9601076,0.2064439,-0.6042226,-0.2791714,0.7463098,moving,-39.99452,-29.4802,3.962332,-8.16855
05/11/2023 13:10:08.628086,3414,True,True,True,True,Eyes,2.46041,0.1819614,-2.455632,-0.5901614,-0.3974276,0.7026811,0.0,0.0,0.0,0.0,0.0,0.0,0.0,-0.3052906,0.7912928,3.38503,2.465829,0.1854836,-2.462327,0.1286553,-0.3379884,0.05654519,0.930599,16.12156,320.2329,1.089935,0.6644673,0.04760657,-0.7457991,-0.01072598,0.01535667,0.7951012,2.534058,-0.6370182,-1.085154,0.1391308,-0.293018,2.055548,0.7651329,0.01827377,0.643613,-0.1922098,0.960501,0.2012297,-0.6145136,-0.2776762,0.7384233,moving,-40.02593,-29.49196,3.872187,-8.112845
05/11/2023 13:10:08.638028,3415,True,True,True,True,Eyes,2.459978,0.1819203,-2.454955,-0.5909438,-0.3970841,0.7022177,0.0,0.0,0.0,0.0,0.0,0.0,0.0,-0.2569747,0.7902061,3.379322,2.460618,0.1849925,-2.453856,0.1280079,-0.3445875,0.05830302,0.9281566,16.12916,319.4332,1.193481,0.6710662,0.0483367,-0.7398196,-0.01008242,0.01443527,0.7473952,2.517814,-0.6377366,-1.074634,0.1360061,-0.291032,2.055301,0.7557204,0.0200088,0.6545888,-0.1964485,0.9604295,0.1974417,-0.6247357,-0.2778037,0.7297468,moving,-40.08193,-29.48693,3.785935,-8.059541
05/11/2023 13:10:08.658078,3416,True,True,True,True,Eyes,2.459319,0.1818409,-2.45398,-0.5921291,-0.3966358,0.7014721,0.0,0.0,0.0,0.0,0.0,0.0,0.0,-0.208225,0.7688855,3.377042,2.454987,0.1843668,-2.444995,0.1246105,-0.3514245,0.05903796,0.9260063,15.79969,318.6157,1.295622,0.6763755,0.04892375,-0.73493,-0.009477471,0.01356916,0.7025514,2.501202,-0.6383715,-1.064052,0.1328125,-0.289002,2.055047,0.7460306,0.02175668,0.6655561,-0.1969214,0.9619734,0.1892854,-0.6361291,-0.272275,0.7219461,moving,-40.1685,-29.48527,3.69774,-8.00503
05/11/2023 13:10:08.678403,3417,True,True,True,True,Eyes,2.458436,0.181709,-2.45271,-0.5936254,-0.3960475,0.7005394,0.0,0.0,0.0,0.0,0.0,0.0,0.0,-0.1594102,0.7555746,3.372363,2.448974,0.1833418,-2.436812,0.1224849,-0.3581621,0.05969465,0.9236633,15.60657,317.7949,1.340804,0.6806632,0.0493964,-0.7309289,-0.008908823,0.01275501,0.6603984,2.483297,-0.6310508,-1.049836,0.1296235,-0.2869748,2.054794,0.7363129,0.02253663,0.6762658,-0.1980144,0.962868,0.1835088,-0.647019,-0.2690303,0.7134347,moving,-40.27739,-29.48149,3.609632,-7.950565
05/11/2023 13:10:08.697675,3418,True,True,True,True,Eyes,2.457316,0.1815212,-2.451179,-0.5954608,-0.3955107,0.6992838,0.0,0.0,0.0,0.0,0.0,0.0,0.0,-0.1112875,0.7466685,3.365568,2.443165,0.1815544,-2.427948,0.1209499,-0.3648814,0.06041993,0.9211853,15.48147,316.9693,1.370589,0.6841381,0.04977664,-0.7276517,-0.008374293,0.01198971,0.6207744,2.462582,-0.6236622,-1.035511,0.1264121,-0.2849339,2.05454,0.726422,0.02305115,0.6868622,-0.1995806,0.9634411,0.1787423,-0.6576312,-0.2669267,0.7044654,moving,-40.41537,-29.49224,3.520867,-7.895701
05/11/2023 13:10:08.708035,3419,True,True,True,True,Eyes,2.455963,0.1812716,-2.44939,-0.5974413,-0.3951006,0.6978248,0.0,0.0,0.0,0.0,0.0,0.0,0.0,-0.06228912,0.7463616,3.356286,2.436457,0.1800285,-2.420094,0.1208319,-0.3715135,0.06119612,0.9184947,15.51183,316.1385,1.346054,0.6869634,0.05008166,-0.7249638,-0.007871835,0.01127033,0.583528,2.440412,-0.6214448,-1.023377,0.1232411,-0.2829182,2.054288,0.7164655,0.02263526,0.6972552,-0.202198,0.9633094,0.1764965,-0.6676775,-0.2674372,0.6947547,moving,-40.56841,-29.51805,3.43318,-7.841494
05/11/2023 13:10:08.728061,3420,True,True,True,True,Eyes,2.45436,0.1809696,-2.447372,-0.5996907,-0.3947285,0.6961038,0.0,0.0,0.0,0.0,0.0,0.0,0.0,-0.01572263,0.7556698,3.343927,2.429575,0.1787205,-2.412127,0.1221475,-0.3777518,0.06237549,0.9156926,15.71331,315.3449,1.306617,0.6892686,0.05032481,-0.7227556,-0.007399525,0.01059411,0.5485163,2.418748,-0.6220447,-1.012588,0.1199875,-0.2808502,2.05403,0.7068257,0.02195063,0.707047,-0.2065164,0.9623785,0.1765743,-0.676571,-0.2708241,0.6847671,moving,-40.74477,-29.55558,3.34317,-7.785848
05/11/2023 13:10:08.737805,3421,True,True,True,True,Eyes,2.452507,0.180599,-2.445147,-0.6022646,-0.394299,0.6941222,0.0,0.0,0.0,0.0,0.0,0.0,0.0,0.02838099,0.7544267,3.333066,2.422046,0.1771676,-2.404495,0.1218545,-0.3836472,0.06333185,0.9132118,15.73283,314.6071,1.319954,0.6911557,0.05051692,-0.7209378,-0.006955554,0.00995846,0.5156053,2.397295,-0.625645,-1.003281,0.11684,-0.2788494,2.05378,0.6976078,0.02217253,0.7161368,-0.209169,0.9622812,0.1739637,-0.6852677,-0.271152,0.6759326,moving,-40.94699,-29.59892,3.256061,-7.731981
05/11/2023 13:10:08.759906,3422,True,True,True,True,Eyes,2.450396,0.1801671,-2.442719,-0.605067,-0.3939103,0.6919022,0.0,0.0,0.0,0.0,0.0,0.0,0.0,0.07276189,0.7537521,3.321529,2.414442,0.1751626,-2.397035,0.1212578,-0.3894981,0.06513575,0.910684,15.75923,313.8866,1.439483,0.6927769,0.05067418,-0.719369,-0.006538221,0.009360952,0.4846689,2.375113,-0.629751,-0.9943564,0.113703,-0.2768556,2.053531,0.6880971,0.02417682,0.7252158,-0.2130955,0.9621078,0.1701145,-0.6936229,-0.2715955,0.6671755,moving,-41.16962,-29.65351,3.169202,-7.678277
05/11/2023 13:10:08.778039,3423,True,True,True,True,Eyes,2.448015,0.1796753,-2.440107,-0.6082405,-0.3932309,0.689502,0.0,0.0,0.0,0.0,0.0,0.0,0.0,0.1186414,0.752133,3.309178,2.406229,0.1732636,-2.389661,0.1204588,-0.3954823,0.06724738,0.9080536,15.78072,313.1527,1.598838,0.6942376,0.05080784,-0.7179499,-0.006145928,0.008799295,0.4555888,2.352055,-0.6314592,-0.9846894,0.1104517,-0.2747892,2.053273,0.678143,0.02684974,0.7344393,-0.2174071,0.9619349,0.1655758,-0.7020372,-0.2719564,0.6581669,moving,-41.41696,-29.69661,3.079143,-7.62259
05/11/2023 13:10:08.797806,3424,True,True,True,True,Eyes,2.44537,0.179118,-2.437313,-0.6115849,-0.392564,0.6869187,0.0,0.0,0.0,0.0,0.0,0.0,0.0,0.1619672,0.744728,3.297367,2.397851,0.1713387,-2.382108,0.119053,-0.401241,0.06862483,0.9056063,15.70596,312.4434,1.711768,0.695554,0.05091912,-0.7166669,-0.005777172,0.008271337,0.4282535,2.330081,-0.6285663,-0.9727343,0.1073023,-0.2727873,2.053023,0.6685926,0.02875624,0.7430727,-0.219832,0.962234,0.1605601,-0.7103928,-0.2707005,0.6496641,moving,-41.67966,-29.74734,2.991871,-7.568614
05/11/2023 13:10:08.812863,3425,True,True,True,True,Eyes,2.44245,0.1784845,-2.434355,-0.6151528,-0.3917045,0.6842182,0.0,0.0,0.0,0.0,0.0,0.0,0.0,0.2013106,0.739647,3.284489,2.388908,0.1692058,-2.37486,0.1180693,-0.4064057,0.06985001,0.9033357,15.66946,311.8021,1.799078,0.6967392,0.05100881,-0.7155083,-0.005430541,0.007775057,0.4025583,2.309179,-0.6278571,-0.9619089,0.1040828,-0.2707406,2.052768,0.6599108,0.03022789,0.7507357,-0.222164,0.9623612,0.1565375,-0.7177471,-0.2700873,0.6417881,moving,-41.95742,-29.79049,2.902618,-7.513405
05/11/2023 13:10:08.828177,3426,True,True,True,True,Eyes,2.439261,0.1777742,-2.431249,-0.6188326,-0.3908757,0.6813681,0.0,0.0,0.0,0.0,0.0,0.0,0.0,0.238665,0.7322825,3.271608,2.379649,0.1667226,-2.367719,0.1166426,-0.4112866,0.07118338,0.9012052,15.59236,311.2021,1.924972,0.6978051,0.05107731,-0.7144639,-0.005104709,0.007308553,0.3784048,2.288772,-0.6292043,-0.9521493,0.1008167,-0.2686644,2.052509,0.6515526,0.0323546,0.7579132,-0.2242487,0.9626548,0.1516843,-0.7247011,-0.2687913,0.6344758,moving,-42.24638,-29.8413,2.812036,-7.457367
05/11/2023 13:10:08.847493,3427,True,True,True,True,Eyes,2.435815,0.1769926,-2.427979,-0.6226799,-0.3899702,0.6783752,0.0,0.0,0.0,0.0,0.0,0.0,0.0,0.2753739,0.7281353,3.25765,2.370036,0.1641713,-2.360991,0.1155882,-0.4159749,0.07293602,0.8990465,15.57607,310.6262,2.081202,0.698763,0.05112502,-0.7135237,-0.004798426,0.00687004,0.3557005,2.267943,-0.6290082,-0.9418097,0.0976502,-0.2666517,2.052258,0.6432905,0.03498214,0.7648225,-0.2273093,0.9626394,0.1471593,-0.7311003,-0.2685175,0.6272086,moving,-42.54879,-29.89284,2.724184,-7.403018
05/11/2023 13:10:08.863617,3428,True,True,True,True,Eyes,2.432086,0.1761566,-2.424574,-0.626608,-0.3891123,0.6752437,0.0,0.0,0.0,0.0,0.0,0.0,0.0,0.3130027,0.7258116,3.242459,2.360114,0.1616184,-2.354156,0.1148581,-0.4207827,0.0747337,0.8967522,15.59833,310.0299,2.22385,0.6996222,0.05115234,-0.7126793,-0.00451052,0.006457838,0.3343585,2.245156,-0.6307765,-0.9328543,0.0943865,-0.2645777,2.051999,0.6347135,0.03737462,0.7718433,-0.2306958,0.962445,0.1431052,-0.7375081,-0.2688918,0.619499,moving,-42.86049,-29.9529,2.633597,-7.346984
05/11/2023 13:10:08.877998,3429,True,True,True,True,Eyes,2.428071,0.1752807,-2.421044,-0.6305938,-0.3881775,0.6720638,0.0,0.0,0.0,0.0,0.0,0.0,0.0,0.3487595,0.7219062,3.227076,2.349659,0.159482,-2.347439,0.1139289,-0.4252982,0.07665084,0.8945761,15.60685,309.4736,2.394094,0.7003904,0.05116014,-0.7119238,-0.004239889,0.006070368,0.3142969,2.219672,-0.6315718,-0.9239892,0.09113528,-0.2625108,2.051741,0.6264923,0.0402325,0.7783885,-0.2340475,0.9622897,0.1386372,-0.7434576,-0.269035,0.6122834,moving,-43.17661,-30.01031,2.543321,-7.291117
05/11/2023 13:10:08.897833,3430,True,True,True,True,Eyes,2.423758,0.1743719,-2.417393,-0.634658,-0.3871973,0.6687955,0.0,0.0,0.0,0.0,0.0,0.0,0.0,0.3842041,0.7148688,3.211841,2.338946,0.1576411,-2.340737,0.1125217,-0.429776,0.07871649,0.8924323,15.57484,308.9274,2.604927,0.7010747,0.05114962,-0.7112507,-0.003985496,0.005706145,0.2954391,2.190686,-0.6250833,-0.9125484,0.08797377,-0.2605016,2.05149,0.6181927,0.04378004,0.7848065,-0.2372165,0.9622852,0.1331751,-0.7493772,-0.2684969,0.605263,moving,-43.49976,-30.06858,2.455503,-7.23678
05/11/2023 13:10:08.907942,3431,True,True,True,True,Eyes,2.30813,0.1511509,-2.323826,-0.7327962,-0.3558643,0.5799744,0.0,0.0,0.0,0.0,0.0,0.0,0.0,0.41668,0.7020153,3.197385,2.327516,0.1559242,-2.33411,0.1104867,-0.433914,0.08001518,0.8905667,15.44011,308.4222,2.773073,0.701681,0.05112206,-0.7106546,-0.003746366,0.005363777,0.2777128,2.161045,-0.6264549,-0.9054002,0.08487332,-0.2585306,2.051244,0.6106324,0.04663427,0.79054,-0.2384011,0.9627805,0.127352,-0.7551776,-0.2662309,0.5990226,moving,-51.64001,-31.5327,2.369348,-7.183455
05/11/2023 13:10:08.928254,3432,True,True,True,True,Eyes,2.307642,0.1510994,-2.323574,-0.7330311,-0.3556785,0.5797914,0.0,0.0,0.0,0.0,0.0,0.0,0.0,0.4475514,0.6880134,3.182955,2.31584,0.1545258,-2.327632,0.1083854,-0.4378496,0.08113202,0.8887957,15.29045,307.9407,2.930006,0.7022384,0.05049837,-0.7101483,-0.3504056,-0.06462105,0.5417514,2.130899,-0.632125,-0.9004599,0.08160284,-0.2564517,2.050985,0.6034105,0.04930655,0.7959048,-0.2391326,0.9633404,0.1216178,-0.7607306,-0.2637123,0.5930806,moving,-51.65774,-31.52743,2.278434,-7.127177
05/11/2023 13:10:08.938048,3433,True,True,True,True,Eyes,2.306688,0.1509831,-2.323086,-0.7334859,-0.355359,0.5794122,0.0,0.0,0.0,0.0,0.0,0.0,0.0,0.477198,0.6661832,3.169749,2.303694,0.1531999,-2.321281,0.1051505,-0.4416749,0.0818991,0.8872199,15.00651,307.48,3.112225,0.7026265,0.04997747,-0.7098013,-0.3293813,-0.06074379,0.5092463,2.099209,-0.6295221,-0.8930881,0.07839641,-0.2544138,2.05073,0.5964316,0.05244033,0.8009491,-0.2382097,0.9644718,0.1142377,-0.7665021,-0.2589288,0.5877333,moving,-51.69327,-31.52119,2.189268,-7.071986
05/11/2023 13:10:08.958070,3434,True,True,True,True,Eyes,2.305284,0.1508632,-2.322358,-0.7345346,-0.3550495,0.5782723,0.0,0.0,0.0,0.0,0.0,0.0,0.0,0.5069867,0.6486952,3.155311,2.291566,0.1515023,-2.315081,0.1026112,-0.4455222,0.08252833,0.8855338,14.78946,307.0063,3.245105,0.7028821,0.04953834,-0.7095789,-0.3096184,-0.05709916,0.4786915,2.068667,-0.6374454,-0.8910584,0.07516563,-0.2523602,2.050474,0.5893983,0.05473208,0.8059863,-0.2375944,0.9653201,0.108195,-0.7721131,-0.2552678,0.581962,moving,-51.78793,-31.54922,2.099391,-7.016341
05/11/2023 13:10:08.977759,3435,True,True,True,True,Eyes,2.303429,0.150841,-2.321361,-0.7360463,-0.3547777,0.5765143,0.0,0.0,0.0,0.0,0.0,0.0,0.0,0.537717,0.6461072,3.13719,2.279086,0.1512352,-2.308993,0.1024933,-0.4493164,0.08398426,0.8834911,14.86692,306.5228,3.33906,0.7030326,0.04916616,-0.7094546,-0.2910413,-0.05367322,0.44997,2.036101,-0.639942,-0.8875,0.07196596,-0.2503266,2.05022,0.5821228,0.05629484,0.8111497,-0.2405025,0.9648836,0.1056328,-0.7767184,-0.2565748,0.5752198,moving,-51.92989,-31.60748,2.010347,-6.961212
05/11/2023 13:10:08.997685,3436,True,True,True,True,Eyes,2.301093,0.1509635,-2.320142,-0.7377404,-0.3543412,0.5746142,0.0,0.0,0.0,0.0,0.0,0.0,0.0,0.5667886,0.6400955,3.118883,2.265733,0.1534483,-2.302457,0.1021215,-0.4528721,0.08587734,0.8815345,14.94135,306.0765,3.495676,0.7031,0.04885363,-0.7094088,-0.2735788,-0.05045282,0.4229718,2.005362,-0.6467175,-0.8867546,0.06881049,-0.2483208,2.04997,0.5750639,0.05891171,0.8159846,-0.2439036,0.9643926,0.1022643,-0.7809049,-0.2578301,0.5689561,moving,-52.08554,-31.66044,1.922502,-6.906807
05/11/2023 13:10:09.008084,3437,True,True,True,True,Eyes,2.298331,0.1512125,-2.318688,-0.739984,-0.3534972,0.572244,0.0,0.0,0.0,0.0,0.0,0.0,0.0,0.5977812,0.6125931,3.103908,2.251909,0.1569999,-2.29589,0.09882898,-0.4569527,0.08667579,0.8797242,14.66091,305.5771,3.685168,0.7031336,0.04858317,-0.7093937,-0.2571641,-0.04742565,0.3975935,1.977301,-0.6631824,-0.8907753,0.06559518,-0.2462769,2.049715,0.5673631,0.06218124,0.8211167,-0.2428219,0.9654403,0.094671,-0.7868524,-0.2530979,0.5628542,moving,-52.28452,-31.70522,1.83296,-6.851346
05/11/2023 13:10:09.027969,3438,True,True,True,True,Eyes,2.295143,0.1515937,-2.317044,-0.7423488,-0.3527995,0.5696058,0.0,0.0,0.0,0.0,0.0,0.0,0.0,0.6323835,0.5762523,3.089739,2.238469,0.1600881,-2.289561,0.09463802,-0.4618335,0.08544961,0.8777539,14.18566,304.9582,3.701715,0.703143,0.04835155,-0.7094001,-0.2417342,-0.04458011,0.3737379,1.945272,-0.6555722,-0.8857315,0.06231827,-0.2441945,2.049455,0.5588164,0.06259345,0.8269258,-0.2374215,0.967484,0.0872108,-0.7945787,-0.2450648,0.555507,moving,-52.5009,-31.77303,1.74167,-6.794812
05/11/2023 13:10:09.038118,3439,True,True,True,True,Eyes,2.291617,0.1520299,-2.31515,-0.7450755,-0.3519319,0.5665742,0.0,0.0,0.0,0.0,0.0,0.0,0.0,0.6709032,0.5724883,3.068099,2.225083,0.163666,-2.283266,0.09500617,-0.4668007,0.0872808,0.8749018,14.34309,304.313,3.789227,0.7031269,0.04815957,-0.7094291,-0.2272302,-0.0419053,0.3513136,1.910577,-0.6473131,-0.882418,0.05915278,-0.2421823,2.049204,0.5489584,0.06402636,0.8333939,-0.2414221,0.9667118,0.08475666,-0.8002251,-0.2477276,0.5461419,moving,-52.74973,-31.8468,1.653454,-6.740157
05/11/2023 13:10:09.058085,3440,True,True,True,True,Eyes,2.287806,0.1524902,-2.313148,-0.7477193,-0.3515236,0.5633356,0.0,0.0,0.0,0.0,0.0,0.0,0.0,0.7021397,0.5326086,3.054579,2.212539,0.1650764,-2.276959,0.08990601,-0.4713918,0.08594935,0.8731091,13.77013,303.7366,3.856481,0.7030863,0.04800559,-0.7094798,-0.2135963,-0.03939098,0.3302348,1.878213,-0.6578124,-0.8882041,0.05592942,-0.2401332,2.048948,0.540805,0.06532439,0.8386077,-0.2348482,0.9690592,0.07596385,-0.8076981,-0.2380271,0.5394133,moving,-53.00544,-31.96432,1.563595,-6.684474
05/11/2023 13:10:09.078287,3441,True,True,True,True,Eyes,2.283709,0.1529978,-2.310992,-0.7503858,-0.3515763,0.5597457,0.0,0.0,0.0,0.0,0.0,0.0,0.0,0.7314825,0.5580285,3.032001,2.201912,0.166203,-2.272324,0.09394997,-0.4747511,0.08982411,0.8704691,14.40943,303.2871,3.976898,0.7030206,0.04788697,-0.7095529,-0.2007806,-0.03702753,0.3104207,1.842052,-0.6447828,-0.8845213,0.05274618,-0.23811,2.048696,0.5330861,0.06717251,0.8433902,-0.2455839,0.9662101,0.07827289,-0.8096343,-0.2488493,0.5315697,moving,-53.27913,-32.13293,1.474824,-6.629468
05/11/2023 13:10:09.098029,3442,True,True,True,True,Eyes,2.279335,0.1535541,-2.308731,-0.7531922,-0.3515713,0.5559667,0.0,0.0,0.0,0.0,0.0,0.0,0.0,0.7662408,0.5720835,3.008729,2.190354,0.1678164,-2.267385,0.09605519,-0.4788389,0.09482324,0.867465,14.91934,302.7666,4.304199,0.7029303,0.04780213,-0.7096482,-0.1887337,-0.03480588,0.2917955,1.809687,-0.6526241,-0.8916598,0.04962593,-0.2361267,2.048448,0.5234438,0.07252176,0.8489684,-0.2565016,0.9635639,0.07583889,-0.8125353,-0.2574591,0.5229734,moving,-53.56722,-32.30764,1.387783,-6.575523
05/11/2023 13:10:09.116202,3443,True,True,True,True,Eyes,2.164347,0.1691322,-2.248569,-0.8211188,-0.3527585,0.4486928,0.0,0.0,0.0,0.0,0.0,0.0,0.0,0.8073578,0.5501007,2.990573,2.179446,0.1694925,-2.262578,0.0927658,-0.4843535,0.09816582,0.8643839,14.80111,302.0879,4.737068,0.7028149,0.04774963,-0.709766,-0.1774097,-0.03271752,0.2742878,1.777114,-0.6614698,-0.8994353,0.04623449,-0.2339712,2.048179,0.5115302,0.07984301,0.8555477,-0.2595688,0.9635159,0.0652766,-0.819122,-0.2554644,0.5135923,moving,-61.34601,-38.17413,1.293144,-6.516865
05/11/2023 13:10:09.128406,3444,True,True,True,True,Eyes,2.163894,0.1692315,-2.248352,-0.8214473,-0.3525418,0.4482619,0.0,0.0,0.0,0.0,0.0,0.0,0.0,0.8547918,0.5425826,2.967433,2.168894,0.1715541,-2.257696,0.09173638,-0.4906061,0.1028237,0.8604171,14.9962,301.2968,5.163294,0.7015814,0.04861203,-0.7109272,-0.5117315,0.01597998,0.4383146,1.741642,-0.6485552,-0.8988596,0.04312909,-0.2319972,2.047933,0.4974659,0.08692962,0.863117,-0.2669553,0.9620234,0.05697126,-0.8253863,-0.2587549,0.5017803,moving,-61.37881,-38.18377,1.20646,-6.463119
05/11/2023 13:10:09.137891,3445,True,True,True,True,Eyes,2.163077,0.1693796,-2.247879,-0.8221352,-0.3520243,0.4474066,0.0,0.0,0.0,0.0,0.0,0.0,0.0,0.900039,0.5083995,2.947854,2.157717,0.173962,-2.252195,0.08733872,-0.4972276,0.1038274,0.8569461,14.6516,300.4477,5.402758,0.7005286,0.04932289,-0.711916,-0.4810276,0.01502118,0.4120157,1.711866,-0.6518233,-0.9049652,0.03993493,-0.2299668,2.047679,0.4839692,0.09109444,0.8703308,-0.2648033,0.9631837,0.04643751,-0.8340582,-0.2529408,0.4902733,moving,-61.44493,-38.19604,1.117271,-6.407813
05/11/2023 13:10:09.158025,3446,True,True,True,True,Eyes,2.161883,0.1695385,-2.247223,-0.8230871,-0.3514063,0.4461403,0.0,0.0,0.0,0.0,0.0,0.0,0.0,0.9419242,0.4700298,2.929817,2.147431,0.1749447,-2.2472,0.08230174,-0.5035961,0.1033486,0.8537777,14.15978,299.6204,5.538357,0.6996232,0.04991429,-0.7127647,-0.4521659,0.01411991,0.3872947,1.67822,-0.6340963,-0.9023681,0.03661805,-0.2278584,2.047417,0.4714199,0.09357978,0.8769298,-0.2593671,0.965091,0.03644284,-0.8429068,-0.2446267,0.4792347,moving,-61.54084,-38.22604,1.024626,-6.350356
05/11/2023 13:10:09.178388,3447,True,True,True,True,Eyes,2.160343,0.1697337,-2.246374,-0.8242435,-0.3507669,0.4445055,0.0,0.0,0.0,0.0,0.0,0.0,0.0,0.9823275,0.4500891,2.908334,2.137362,0.1753355,-2.242074,0.08016818,-0.5096278,0.1030139,0.8504356,13.96643,298.813,5.529017,0.6988379,0.05041017,-0.7134999,-0.425036,0.01327272,0.3640571,1.644056,-0.6087027,-0.8975512,0.03353775,-0.2259005,2.047172,0.4593352,0.09350148,0.8833281,-0.2569252,0.9659224,0.03135823,-0.8502944,-0.2413532,0.467705,moving,-61.66251,-38.27757,0.9385627,-6.296974
05/11/2023 13:10:09.188323,3448,True,True,True,True,Eyes,2.158452,0.1699551,-2.245358,-0.825677,-0.3499298,0.4425004,0.0,0.0,0.0,0.0,0.0,0.0,0.0,1.02098,0.4348249,2.886239,2.127233,0.1762699,-2.237333,0.07889782,-0.515361,0.1025531,0.8471488,13.84996,298.0357,5.462927,0.6981506,0.05083044,-0.7141427,-0.3995338,0.01247635,0.3422136,1.611447,-0.5926294,-0.8972625,0.03037947,-0.2238931,2.046922,0.4477718,0.09243377,0.8893574,-0.2550772,0.966516,0.02797264,-0.8569926,-0.2393801,0.4563563,moving,-61.81206,-38.33699,0.8502953,-6.242219
05/11/2023 13:10:09.218184,3449,True,True,True,True,Eyes,2.156262,0.1701636,-2.244162,-0.8272392,-0.3491486,0.4401937,0.0,0.0,0.0,0.0,0.0,0.0,0.0,1.060146,0.4063642,2.864838,2.117081,0.1770627,-2.232254,0.0755346,-0.5214396,0.1015379,0.8438515,13.49566,297.2208,5.464079,0.6975368,0.05119627,-0.7147161,-0.3755618,0.01172777,0.3216808,1.576456,-0.5636297,-0.8923352,0.02720726,-0.2218768,2.04667,0.4355817,0.09259239,0.8953743,-0.2501393,0.9679691,0.0215882,-0.8646958,-0.2333717,0.4447906,moving,-61.98149,-38.42041,0.7616124,-6.187198
05/11/2023 13:10:09.228040,3450,True,True,True,True,Eyes,2.15378,0.1703731,-2.242814,-0.8288573,-0.3486501,0.437537,0.0,0.0,0.0,0.0,0.0,0.0,0.0,1.097998,0.3902332,2.841936,2.107519,0.176839,-2.22746,0.07387996,-0.5271936,0.1011159,0.8404667,13.34433,296.4386,5.42979,0.6969666,0.05153625,-0.715248,-0.3530281,0.01102411,0.30238,1.543674,-0.5481967,-0.893948,0.02396584,-0.2198167,2.046413,0.423685,0.0920711,0.9011182,-0.2478672,0.9686346,0.01757193,-0.8712364,-0.2308026,0.4332173,moving,-62.17133,-38.54948,0.6709685,-6.130954
05/11/2023 13:10:09.238023,3451,True,True,True,True,Eyes,2.151014,0.1705931,-2.24131,-0.8304593,-0.3483681,0.4347149,0.0,0.0,0.0,0.0,0.0,0.0,0.0,1.132309,0.4006038,2.816058,2.098149,0.1771347,-2.222427,0.07623751,-0.5320581,0.1029401,0.836962,13.71875,295.76,5.386064,0.6964332,0.05185343,-0.7157447,-0.3318464,0.01036266,0.2842372,1.513072,-0.5503328,-0.9028502,0.02085072,-0.2178366,2.046165,0.4126351,0.09118833,0.9063207,-0.2534394,0.9671824,0.01807558,-0.8749291,-0.237156,0.4222041,moving,-62.3696,-38.7077,0.5838319,-6.076869
05/11/2023 13:10:09.258091,3452,True,True,True,True,Eyes,2.147989,0.1708204,-2.239667,-0.8321191,-0.3482797,0.4316007,0.0,0.0,0.0,0.0,0.0,0.0,0.0,1.165109,0.4018913,2.791364,2.08849,0.1775983,-2.217516,0.07720137,-0.5368299,0.1043918,0.8336403,13.93362,295.0993,5.389516,0.6959302,0.05215123,-0.7162122,-0.3119356,0.009740901,0.2671829,1.480693,-0.5420987,-0.9083305,0.01775575,-0.2158693,2.04592,0.4018321,0.09116238,0.9111643,-0.2569384,0.9662846,0.01663507,-0.8789275,-0.2407976,0.4117073,moving,-62.58529,-38.90175,0.4972354,-6.023112
05/11/2023 13:10:09.277717,3453,True,True,True,True,Eyes,2.144719,0.1710483,-2.237922,-0.833752,-0.3483756,0.4283596,0.0,0.0,0.0,0.0,0.0,0.0,0.0,1.195592,0.4073523,2.766822,2.079376,0.1780527,-2.212503,0.07888754,-0.541317,0.105599,0.8304228,14.20222,294.4667,5.325517,0.6954517,0.0524328,-0.7166562,-0.2932195,0.009156447,0.251152,1.450987,-0.5479494,-0.9200845,0.01447237,-0.2137822,2.04566,0.3916496,0.08997727,0.9157045,-0.2607899,0.9652512,0.01669494,-0.8823828,-0.245345,0.4015054,moving,-62.80711,-39.12072,0.405342,-5.966055
05/11/2023 13:10:09.288304,3454,True,True,True,True,Eyes,2.141213,0.1712674,-2.23605,-0.8354718,-0.3485248,0.4248732,0.0,0.0,0.0,0.0,0.0,0.0,0.0,1.223723,0.4162391,2.742795,2.07049,0.1784175,-2.207922,0.08110141,-0.5453995,0.1068665,0.8273702,14.52318,293.8824,5.237709,0.6949949,0.05269902,-0.7170797,-0.2756263,0.00860706,0.2360829,1.42237,-0.559041,-0.9337847,0.01126873,-0.2117462,2.045405,0.3822377,0.08837102,0.9198287,-0.2653017,0.9640042,0.01763184,-0.8851606,-0.2507717,0.3919237,moving,-63.04472,-39.36213,0.315656,-5.910367
05/11/2023 13:10:09.308377,3455,True,True,True,True,Eyes,2.137483,0.1714767,-2.23409,-0.8375077,-0.3486052,0.4207793,0.0,0.0,0.0,0.0,0.0,0.0,0.0,1.250969,0.4143139,2.719882,2.061423,0.1784573,-2.202957,0.08170182,-0.5496588,0.106773,0.8244997,14.60203,293.2762,5.113629,0.6945533,0.05295294,-0.7174887,-0.2590888,0.008090636,0.2219179,1.395006,-0.5646507,-0.9446253,0.00813508,-0.2097541,2.045157,0.3729494,0.08625233,0.9238342,-0.2658848,0.9638487,0.01734879,-0.88894,-0.2521037,0.3823999,moving,-63.32421,-39.64091,0.2279059,-5.855859
05/11/2023 13:10:09.328185,3456,True,True,True,True,Eyes,2.038614,0.1766583,-2.182279,-0.884116,-0.349923,0.3096656,0.0,0.0,0.0,0.0,0.0,0.0,0.0,1.278778,0.4224017,2.695223,2.052579,0.1785319,-2.198401,0.08378629,-0.553771,0.1080017,0.8213729,14.9073,292.6819,5.023814,0.6941242,0.0531952,-0.7178859,-0.2435434,0.007605197,0.2086028,1.370027,-0.5766342,-0.9580884,0.004752874,-0.2076044,2.044888,0.3633468,0.08462248,0.927803,-0.2702161,0.9626309,0.01802316,-0.8916067,-0.257256,0.3726352,moving,-70.69697,-48.49267,0.1331707,-5.79701
05/11/2023 13:10:09.337703,3457,True,True,True,True,Eyes,2.038108,0.1766379,-2.182471,-0.8852668,-0.3483385,0.3081607,0.0,0.0,0.0,0.0,0.0,0.0,0.0,1.307393,0.4200551,2.670819,2.043348,0.1787193,-2.193578,0.08432926,-0.5582502,0.1083319,0.8182356,15.00807,292.0424,4.937214,0.6925165,0.05397714,-0.7193786,-0.5255381,0.02269367,0.3515203,1.344563,-0.5806621,-0.9677333,0.001728833,-0.2056821,2.044649,0.3532417,0.08312836,0.9318315,-0.2714357,0.9623055,0.0170498,-0.8952892,-0.258955,0.3624905,moving,-70.80704,-48.50213,0.04844587,-5.744363
05/11/2023 13:10:09.358062,3458,True,True,True,True,Eyes,2.037244,0.1766284,-2.182463,-0.8865358,-0.3468034,0.306238,0.0,0.0,0.0,0.0,0.0,0.0,0.0,1.338422,0.4142498,2.645579,2.034214,0.1788458,-2.189075,0.08445378,-0.5632131,0.1077917,0.8148864,15.01428,291.3297,4.783557,0.6911777,0.05461168,-0.7206172,-0.4940058,0.02133205,0.3304291,1.318013,-0.577901,-0.9756238,-0.001788735,-0.2034463,2.04437,0.342344,0.08054499,0.936116,-0.2708068,0.962497,0.01622108,-0.8997024,-0.2590598,0.3513172,moving,-70.94344,-48.55452,-0.05013131,-5.683102
05/11/2023 13:10:09.378069,3459,True,True,True,True,Eyes,2.036042,0.1766211,-2.1822,-0.8879908,-0.3451634,0.3038656,0.0,0.0,0.0,0.0,0.0,0.0,0.0,1.37043,0.4070807,2.618885,2.024782,0.1790912,-2.184155,0.08442571,-0.5684429,0.1071058,0.8113405,14.99668,290.5767,4.620755,0.6900544,0.05512862,-0.7216538,-0.4643655,0.02005213,0.3106033,1.294345,-0.5810364,-0.9840511,-0.00465709,-0.2016232,2.044142,0.3308019,0.07781619,0.9404864,-0.269781,0.9628013,0.01522886,-0.9043164,-0.2587631,0.3394898,moving,-71.10933,-48.64083,-0.1305345,-5.633127
05/11/2023 13:10:09.398123,3460,True,True,True,True,Eyes,2.034502,0.1765886,-2.18175,-0.8895783,-0.3434929,0.301103,0.0,0.0,0.0,0.0,0.0,0.0,0.0,1.402445,0.3869956,2.593269,2.015038,0.1789316,-2.179281,0.08224697,-0.5739127,0.1055954,0.8079043,14.72029,289.8063,4.519784,0.6891031,0.0555521,-0.7225296,-0.4365035,0.018849,0.2919671,1.266875,-0.5760831,-0.9916571,-0.007865548,-0.1995839,2.043888,0.3189476,0.07621684,0.9447029,-0.2650272,0.9641701,0.01169024,-0.9099633,-0.2541005,0.3277192,moving,-71.30016,-48.76247,-0.2204918,-5.577203
05/11/2023 13:10:09.408457,3461,True,True,True,True,Eyes,2.032621,0.1765343,-2.181131,-0.8912629,-0.3418304,0.2979973,0.0,0.0,0.0,0.0,0.0,0.0,0.0,1.434577,0.373389,2.565826,2.005463,0.1782705,-2.174219,0.08099768,-0.5793697,0.1046446,0.8042511,14.5687,289.0276,4.412678,0.6882777,0.0559063,-0.7232887,-0.4103133,0.01771806,0.2744491,1.239521,-0.5719544,-1.000116,-0.01103193,-0.1975712,2.043636,0.3067608,0.07446581,0.9488692,-0.2621762,0.9649778,0.00902919,-0.9149653,-0.2515407,0.3155405,moving,-71.51244,-48.91908,-0.3092902,-5.521983
05/11/2023 13:10:09.428212,3462,True,True,True,True,Eyes,2.030414,0.1764506,-2.180329,-0.8930405,-0.3401659,0.29456,0.0,0.0,0.0,0.0,0.0,0.0,0.0,1.466123,0.3665074,2.536802,1.995504,0.1777951,-2.16923,0.08084466,-0.5846308,0.1043659,0.8004867,14.56399,288.265,4.299342,0.687511,0.05622659,-0.7239928,-0.3856945,0.01665498,0.2579822,1.211607,-0.5706812,-1.010694,-0.01434618,-0.1954646,2.043374,0.2946293,0.07255841,0.952853,-0.2616155,0.9651438,0.007399165,-0.9191033,-0.2514611,0.3033421,moving,-71.74541,-49.10971,-0.4022574,-5.464163
05/11/2023 13:10:09.438114,3463,True,True,True,True,Eyes,2.027886,0.176334,-2.179384,-0.8948099,-0.338653,0.2909111,0.0,0.0,0.0,0.0,0.0,0.0,0.0,1.494634,0.3561935,2.509088,1.98554,0.1769912,-2.163939,0.08007073,-0.5896065,0.1034597,0.7970253,14.45607,287.5447,4.175086,0.6867941,0.05651616,-0.7246503,-0.3625528,0.01565568,0.2425032,1.180391,-0.5584486,-1.018197,-0.0174346,-0.1935015,2.043128,0.2833207,0.07049952,0.9564306,-0.2593403,0.9657695,0.005635807,-0.9232942,-0.2496378,0.2919059,moving,-71.99017,-49.33662,-0.4889094,-5.410256
05/11/2023 13:10:09.458198,3464,True,True,True,True,Eyes,2.02505,0.1761803,-2.178266,-0.8966037,-0.3372627,0.2869769,0.0,0.0,0.0,0.0,0.0,0.0,0.0,1.521492,0.35316,2.480852,1.97554,0.1761299,-2.15882,0.08042973,-0.5942104,0.1032328,0.7935919,14.49768,286.8656,4.043297,0.686119,0.05677764,-0.7252692,-0.3407997,0.01471634,0.227953,1.149833,-0.5510147,-1.028507,-0.02073556,-0.1914033,2.042867,0.272514,0.06826509,0.959727,-0.2594338,0.9657481,0.004972706,-0.926515,-0.2503408,0.2808902,moving,-72.25163,-49.60553,-0.5815452,-5.352615
05/11/2023 13:10:09.478167,3465,True,True,True,True,Eyes,2.0219,0.1759832,-2.17704,-0.8983755,-0.3359907,0.2828987,0.0,0.0,0.0,0.0,0.0,0.0,0.0,1.54744,0.3504867,2.452142,1.965327,0.1750975,-2.153425,0.08075617,-0.5986911,0.1037271,0.7901192,14.58494,286.2058,3.982723,0.6854783,0.0570134,-0.7258562,-0.3203517,0.01383336,0.2142759,1.120285,-0.5466709,-1.039288,-0.02393645,-0.1893688,2.042613,0.2616194,0.06721751,0.9628277,-0.2606095,0.9654382,0.003413042,-0.9293213,-0.251815,0.270095,moving,-72.52077,-49.90316,-0.6713924,-5.296699
05/11/2023 13:10:09.498117,3466,True,True,True,True,Eyes,1.935813,0.1701228,-2.141922,-0.9364198,-0.3054025,0.1727636,2.006459,0.05692542,-0.4426548,-1.795278,0.9753505,-0.147293,-0.1643049,-0.176327,-0.09775107,2.016708,1.95512,0.1740614,-2.147808,0.08091609,-0.6031547,0.1043694,0.7866156,14.66705,285.5482,3.946809,0.6848655,0.05722492,-0.7264178,-0.3011306,0.01300336,0.2014193,1.091112,-0.5471385,-1.053257,-0.0273186,-0.1872189,2.042344,0.2506229,0.06658743,0.965792,-0.2618071,0.9651192,0.001397864,-0.9320114,-0.2532015,0.259314,moving,-79.54683,-60.50352,-0.7663482,-5.237588
05/11/2023 13:10:09.507886,3467,True,True,True,True,Eyes,1.935399,0.1700762,-2.141634,-0.9364706,-0.3054439,0.1724146,0.0,0.0,0.0,0.0,0.0,0.0,0.0,1.595719,0.3477104,2.394253,1.944628,0.1729466,-2.142004,0.08184321,-0.6072807,0.1047838,0.7832831,14.80197,284.926,3.839942,0.6828842,0.05747182,-0.7282614,-0.5413237,-0.00535801,0.2946899,1.064804,-0.5533516,-1.067902,-0.0302946,-0.1853273,2.042108,0.2404611,0.0647471,0.968497,-0.2635543,0.9646441,0.0009464928,-0.9341936,-0.2554791,0.2490237,moving,-79.56805,-60.55648,-0.8499184,-5.185555
05/11/2023 13:10:09.528255,3468,True,True,True,True,Eyes,1.934568,0.1699782,-2.141121,-0.9365824,-0.3054766,0.1717486,0.0,0.0,0.0,0.0,0.0,0.0,0.0,1.615267,0.3471357,2.366981,1.933981,0.1716993,-2.135984,0.08248227,-0.6109653,0.1049373,0.7803245,14.88928,284.3692,3.73666,0.6812623,0.05766052,-0.7297639,-0.5088443,-0.005036529,0.2770085,1.03782,-0.553622,-1.080197,-0.03347123,-0.1833081,2.041857,0.2314191,0.06298263,0.9708133,-0.2645579,0.9643697,0.0004997755,-0.9361914,-0.2569519,0.2398361,moving,-79.60867,-60.65393,-0.9391396,-5.129989
05/11/2023 13:10:09.547670,3469,True,True,True,True,Eyes,1.933344,0.1698099,-2.140361,-0.9367458,-0.3054866,0.1708367,0.0,0.0,0.0,0.0,0.0,0.0,0.0,1.632423,0.3417387,2.341558,1.923154,0.1703688,-2.130009,0.08224453,-0.6143587,0.1048975,0.7776862,14.88088,283.865,3.684043,0.6799278,0.05780269,-0.7309963,-0.4783137,-0.004734337,0.260388,1.011758,-0.5546371,-1.092341,-0.03664219,-0.1812926,2.041605,0.2231197,0.06209941,0.9728112,-0.26421,0.9644647,-0.0009685622,-0.9383021,-0.2568103,0.2315983,moving,-79.66442,-60.78486,-1.028219,-5.074502
05/11/2023 13:10:09.562961,3470,True,True,True,True,Eyes,1.931729,0.1695692,-2.139375,-0.9369547,-0.3055344,0.1696017,0.0,0.0,0.0,0.0,0.0,0.0,0.0,1.650469,0.3349786,2.315168,1.912407,0.1684722,-2.123812,0.08166215,-0.6179554,0.1053429,0.7748325,14.87692,283.3357,3.697024,0.6788218,0.05790692,-0.7320151,-0.4496148,-0.004450277,0.2447647,0.9849545,-0.5553013,-1.105165,-0.04000473,-0.1791554,2.041338,0.214068,0.06231906,0.9748288,-0.2641733,0.9644683,-0.003645456,-0.9404188,-0.2567434,0.2229249,moving,-79.73978,-60.9654,-1.122699,-5.015637
05/11/2023 13:10:09.578264,3471,True,True,True,True,Eyes,1.929736,0.1692628,-2.138175,-0.9372157,-0.305571,0.1680869,0.0,0.0,0.0,0.0,0.0,0.0,0.0,1.668757,0.3302639,2.287449,1.90143,0.1665006,-2.117331,0.08143852,-0.6216261,0.106109,0.7718093,14.9295,282.7895,3.711248,0.6778466,0.05798933,-0.7329118,-0.4226379,-0.00418326,0.2300788,0.9578083,-0.5527608,-1.116743,-0.04336596,-0.1770187,2.041071,0.2046436,0.06254321,0.9768364,-0.2650405,0.9642173,-0.006210257,-0.942271,-0.2576303,0.2138974,moving,-79.83227,-61.18592,-1.217161,-4.956764
05/11/2023 13:10:09.588178,3472,True,True,True,True,Eyes,1.927364,0.1689198,-2.136744,-0.937506,-0.3056604,0.1662957,0.0,0.0,0.0,0.0,0.0,0.0,0.0,1.686366,0.3275224,2.259171,1.890434,0.1646761,-2.110473,0.08157711,-0.6252341,0.1072931,0.7687104,15.04544,282.247,3.737156,0.6769509,0.05805738,-0.733734,-0.3972796,-0.003932265,0.2162741,0.9323462,-0.5518669,-1.127358,-0.04645389,-0.175056,2.040827,0.195141,0.0629451,0.9787533,-0.2669643,0.9636667,-0.008748297,-0.9437426,-0.259585,0.204855,moving,-79.94144,-61.45143,-1.303958,-4.902659
05/11/2023 13:10:09.613136,3473,True,True,True,True,Eyes,1.924632,0.1685311,-2.135067,-0.9378756,-0.3056802,0.1641617,0.0,0.0,0.0,0.0,0.0,0.0,0.0,1.701901,0.3235653,2.231718,1.878979,0.1634648,-2.103436,0.08162423,-0.6286039,0.1080624,0.7658442,15.12227,281.7379,3.735787,0.6761235,0.0581121,-0.7344922,-0.3734429,-0.003696329,0.2032976,0.9072896,-0.549931,-1.136905,-0.04965639,-0.1730203,2.040572,0.1863592,0.06289935,0.9804663,-0.2681366,0.96332,-0.01083407,-0.9451843,-0.2608798,0.1963892,moving,-80.07177,-61.76253,-1.393991,-4.846523
05/11/2023 13:10:09.628928,3474,True,True,True,True,Eyes,1.921557,0.1680574,-2.133171,-0.9383391,-0.3055633,0.1617116,0.0,0.0,0.0,0.0,0.0,0.0,0.0,1.717138,0.3147191,2.204681,1.867547,0.1619313,-2.096251,0.08077743,-0.6321094,0.1082138,0.7630221,15.07456,281.2166,3.742045,0.6753554,0.05815409,-0.7351953,-0.3510363,-0.003474549,0.1910998,0.883269,-0.5501748,-1.146828,-0.05279368,-0.1710265,2.040323,0.1774549,0.06301872,0.9821093,-0.2672594,0.9635296,-0.01353601,-0.9471444,-0.2600759,0.1878255,moving,-80.2218,-62.1111,-1.482206,-4.791515
05/11/2023 13:10:09.637743,3475,True,True,True,True,Eyes,1.918169,0.1675378,-2.131043,-0.9388824,-0.3056199,0.1584186,0.0,0.0,0.0,0.0,0.0,0.0,0.0,1.734455,0.304738,2.175772,1.856276,0.1593853,-2.089023,0.07965983,-0.6362118,0.1065573,0.759957,14.87209,280.5993,3.59464,0.6746383,0.05818246,-0.7358512,-0.3299741,-0.003266076,0.1796338,0.8590838,-0.5517535,-1.157645,-0.05586714,-0.1690727,2.04008,0.1677604,0.06059689,0.9839637,-0.263319,0.9645997,-0.01450993,-0.9500103,-0.2566621,0.1777779,moving,-80.42263,-62.59996,-1.56864,-4.737592
05/11/2023 13:10:09.662798,3476,True,True,True,True,Eyes,1.914435,0.1669931,-2.128686,-0.9394851,-0.3056202,0.1548037,0.0,0.0,0.0,0.0,0.0,0.0,0.0,1.75416,0.3163392,2.141402,1.845296,0.1577899,-2.081523,0.08253898,-0.6402906,0.1083008,0.755967,15.27674,279.9348,3.449688,0.6739641,0.05819777,-0.7364674,-0.3101757,-0.003070112,0.1688558,0.8350359,-0.5522619,-1.167818,-0.05933172,-0.1668707,2.039805,0.1565977,0.05804583,0.9859553,-0.2694415,0.9629165,-0.01389452,-0.9501992,-0.2634815,0.1664305,moving,-80.64317,-63.13673,-1.66609,-4.676793
05/11/2023 13:10:09.678052,3477,True,True,True,True,Eyes,1.910399,0.1664346,-2.126095,-0.9402307,-0.305495,0.1504627,0.0,0.0,0.0,0.0,0.0,0.0,0.0,1.773226,0.306745,2.108766,1.833296,0.1566304,-2.073599,0.08179801,-0.6448237,0.1077427,0.7522653,15.18982,279.2438,3.362963,0.673327,0.05820123,-0.7370498,-0.2915651,-0.002885905,0.1587244,0.811226,-0.551518,-1.17706,-0.06221175,-0.16504,2.039576,0.1451878,0.05661163,0.9877832,-0.2675928,0.9634011,-0.01588252,-0.9525307,-0.2620178,0.155023,moving,-80.9082,-63.77879,-1.747111,-4.626225
05/11/2023 13:10:09.688124,3478,True,True,True,True,Eyes,1.906049,0.1658601,-2.123283,-0.9409974,-0.3053703,0.1458523,0.0,0.0,0.0,0.0,0.0,0.0,0.0,1.790935,0.3026436,2.076291,1.822009,0.1557183,-2.065444,0.08204892,-0.6492525,0.1064371,0.7486056,15.1326,278.5477,3.136519,0.6727206,0.05819429,-0.7376038,-0.2740712,-0.002712751,0.149201,0.7863892,-0.5470011,-1.184973,-0.06540328,-0.1630115,2.039324,0.1342848,0.05281799,0.9895341,-0.2658998,0.9638782,-0.01536461,-0.9546019,-0.2610537,0.1434785,moving,-81.1894,-64.46972,-1.836907,-4.570168
05/11/2023 13:10:09.707896,3479,True,True,True,True,Eyes,1.901406,0.1652657,-2.120239,-0.9418725,-0.3051136,0.1406479,0.0,0.0,0.0,0.0,0.0,0.0,0.0,1.806718,0.3026917,2.043755,1.810155,0.1547603,-2.057225,0.08302572,-0.6533511,0.1051773,0.7451019,15.13894,277.8882,2.864852,0.6721395,0.05817814,-0.7381347,-0.257627,-0.002549985,0.1402489,0.7614737,-0.5414231,-1.19279,-0.06901032,-0.160719,2.039037,0.1241402,0.04824574,0.9910911,-0.2652255,0.9640889,-0.01371017,-0.9561614,-0.2611607,0.1324781,moving,-81.5069,-65.25176,-1.938411,-4.506793
05/11/2023 13:10:09.728196,3480,True,True,True,True,Eyes,1.896483,0.1646843,-2.116984,-0.9427159,-0.3049712,0.1352009,0.0,0.0,0.0,0.0,0.0,0.0,0.0,1.821381,0.2909812,2.013412,1.798452,0.1536339,-2.048876,0.08177432,-0.6574902,0.1037482,0.7417924,14.93636,277.2562,2.75181,0.6715801,0.05815376,-0.7386457,-0.2421693,-0.002396986,0.131834,0.7359276,-0.5317308,-1.198722,-0.07187104,-0.1589006,2.03881,0.1138859,0.04638754,0.9924103,-0.2614508,0.9650986,-0.01510764,-0.9584746,-0.2577459,0.1220392,moving,-81.8385,-66.09116,-2.018924,-4.456503
05/11/2023 13:10:09.747695,3481,True,True,True,True,Eyes,1.76596,0.1531861,-2.029639,-0.9539117,-0.2997391,-0.01445797,0.0,0.0,0.0,0.0,0.0,0.0,0.0,1.837772,0.2857695,1.980234,1.786892,0.1531222,-2.04058,0.0818682,-0.6617127,0.1048049,0.7378685,15.04143,276.5922,2.749035,0.6710379,0.05812305,-0.7391407,-0.2276392,-0.002253167,0.1239239,0.710638,-0.5244481,-1.206146,-0.07500607,-0.1569076,2.038562,0.1023045,0.04631809,0.9936742,-0.263011,0.9646271,-0.01788561,-0.9593535,-0.2595175,0.1108679,moving,89.13166,87.23847,-2.107169,-4.401364
05/11/2023 13:10:09.758075,3482,True,True,True,True,Eyes,1.765443,0.1533386,-2.029295,-0.9539072,-0.2997309,-0.01491582,2.022052,-0.1634068,-0.4527329,-2.059455,0.7985108,-0.5919411,-0.1094821,-0.2295737,-0.07100252,2.017036,1.774408,0.1557879,-2.031949,0.08205423,-0.6662208,0.1065947,0.7335221,15.21302,275.8787,2.794575,0.668478,0.05801276,-0.7414654,-0.6055501,-0.0366127,0.3785253,0.687607,-0.5255723,-1.216327,-0.07822114,-0.1548642,2.038306,0.08957484,0.0470467,0.9948685,-0.2657116,0.9638094,-0.02165406,-0.9598823,-0.2624084,0.09883393,moving,89.10416,87.15108,-2.197679,-4.344807
05/11/2023 13:10:09.778284,3483,True,True,True,True,Eyes,1.764446,0.1535568,-2.028645,-0.9539942,-0.2994002,-0.01595728,0.0,0.0,0.0,0.0,0.0,0.0,0.0,1.870959,0.2608597,1.911403,1.76151,0.1595983,-2.023267,0.0809366,-0.6706758,0.1073505,0.7294649,15.19326,275.1894,2.854094,0.6664444,0.05791557,-0.7433014,-0.5692171,-0.03441594,0.3558138,0.6646093,-0.5241629,-1.225025,-0.08149946,-0.1527804,2.038046,0.07733981,0.04805234,0.9958462,-0.2651812,0.9638503,-0.02591385,-0.9610917,-0.2620755,0.08728655,moving,89.04172,86.94917,-2.289982,-4.287109
05/11/2023 13:10:09.797750,3484,True,True,True,True,Eyes,1.76304,0.1538436,-2.027719,-0.9539367,-0.299501,-0.01743398,0.0,0.0,0.0,0.0,0.0,0.0,0.0,1.884799,0.2403234,1.880422,1.749046,0.1613081,-2.015199,0.07850177,-0.6751029,0.1047711,0.7260142,14.80021,274.5173,2.735211,0.6648238,0.05783491,-0.7447575,-0.535064,-0.03235098,0.334465,0.6369931,-0.5095441,-1.232758,-0.08473516,-0.1507237,2.03779,0.06651832,0.04613707,0.996718,-0.2581241,0.965721,-0.02747573,-0.9638191,-0.2554493,0.07614719,moving,88.95299,86.66856,-2.381095,-4.230139
05/11/2023 13:10:09.810138,3485,True,True,True,True,Eyes,1.761218,0.1541978,-2.026484,-0.9538608,-0.2996193,-0.01944072,0.0,0.0,0.0,0.0,0.0,0.0,0.0,1.90053,0.2552876,1.84381,1.737804,0.1633427,-2.00753,0.08298039,-0.6789585,0.1079761,0.7214366,15.44735,273.8226,2.563768,0.6635271,0.05777347,-0.7459178,-0.5029602,-0.03040992,0.3143971,0.6056707,-0.4886188,-1.243351,-0.08790094,-0.1487115,2.037539,0.05471306,0.04311537,0.9975709,-0.2684764,0.9629108,-0.0268924,-0.9617314,-0.2663528,0.06425922,moving,88.83241,86.28758,-2.470251,-4.174378
05/11/2023 13:10:09.829194,3486,True,True,True,True,Eyes,1.759058,0.1546079,-2.025018,-0.9536771,-0.3000385,-0.02183926,0.0,0.0,0.0,0.0,0.0,0.0,0.0,1.913958,0.2553095,1.810058,1.726008,0.1652683,-1.999577,0.0845582,-0.6829094,0.1085506,0.717427,15.63982,273.1532,2.396297,0.6624837,0.05773347,-0.7468477,-0.4727826,-0.02858533,0.2955332,0.5802044,-0.4886596,-1.258965,-0.09108979,-0.1466845,2.037286,0.04370293,0.04026304,0.998233,-0.2712454,0.9621333,-0.02693177,-0.9615175,-0.2695891,0.05296924,moving,88.68816,85.83688,-2.560066,-4.118187
05/11/2023 13:10:09.847530,3487,True,True,True,True,Eyes,1.756553,0.1550566,-2.023351,-0.9534222,-0.3006265,-0.0246912,0.0,0.0,0.0,0.0,0.0,0.0,0.0,1.928175,0.2686885,1.775244,1.715718,0.1671048,-1.992469,0.08869049,-0.6866721,0.11017,0.7130765,16.1282,272.4599,2.106878,0.6616372,0.05771607,-0.7475991,-0.4444156,-0.02687021,0.2778012,0.5502335,-0.4661478,-1.268187,-0.09425312,-0.1446739,2.037035,0.03268811,0.03531676,0.9988415,-0.2789219,0.9599932,-0.02481515,-0.9597574,-0.2777876,0.041231,moving,88.51652,85.3047,-2.649173,-4.062429
05/11/2023 13:10:09.858048,3488,True,True,True,True,Eyes,1.753718,0.1555504,-2.021501,-0.9531309,-0.3012784,-0.02779849,0.0,0.0,0.0,0.0,0.0,0.0,0.0,1.939195,0.2891147,1.741477,1.704938,0.168565,-1.985341,0.09405585,-0.6898772,0.1107558,0.7091942,16.63199,271.8209,1.633933,0.6609234,0.05772192,-0.7482298,-0.4177507,-0.025258,0.2611332,0.5358551,-0.4849342,-1.283107,-0.09759462,-0.1425498,2.036769,0.02360542,0.02732071,0.9993481,-0.2868686,0.9577733,-0.019408,-0.9576792,-0.2862234,0.0304461,moving,88.32941,84.72833,-2.743309,-4.003499
05/11/2023 13:10:09.878142,3489,True,True,True,True,Eyes,1.750563,0.1560985,-2.019522,-0.9528999,-0.3016804,-0.0311573,0.0,0.0,0.0,0.0,0.0,0.0,0.0,1.947581,0.2981514,1.712806,1.694174,0.1701782,-1.979011,0.09710846,-0.692754,0.1097203,0.7061327,16.80775,271.2764,1.221665,0.6602535,0.05775252,-0.7488186,-0.3926857,-0.02374252,0.2454652,0.518898,-0.499211,-1.298567,-0.100791,-0.1405182,2.036516,0.0161068,0.02040966,0.9996619,-0.2894987,0.9570628,-0.01487547,-0.9570429,-0.2891613,0.02132379,moving,88.12725,84.10345,-2.833363,-3.947114
05/11/2023 13:10:09.888247,3490,True,True,True,True,Eyes,1.747091,0.1567127,-2.017409,-0.9527359,-0.3018022,-0.03478045,0.0,0.0,0.0,0.0,0.0,0.0,0.0,1.95732,0.2894492,1.685596,1.683358,0.1720073,-1.973026,0.09683038,-0.6960717,0.1089704,0.7030176,16.72923,270.7309,1.101762,0.6596187,0.05780814,-0.7493737,-0.3691245,-0.02231797,0.2307373,0.4943072,-0.4924863,-1.314698,-0.1038979,-0.1385435,2.03627,0.007219513,0.01841439,0.9998044,-0.2880179,0.9574987,-0.01555542,-0.9575979,-0.2878492,0.01221635,moving,87.90929,83.42609,-2.920906,-3.892287
05/11/2023 13:10:09.907923,3491,True,True,True,True,Eyes,1.743317,0.1573752,-2.015161,-0.9526803,-0.3014889,-0.0387913,0.0,0.0,0.0,0.0,0.0,0.0,0.0,1.969276,0.2669753,1.658073,1.672325,0.1741489,-1.96762,0.09388851,-0.7000827,0.1068695,0.6997488,16.32178,270.1277,1.080917,0.6590106,0.05788954,-0.7499021,-0.346977,-0.02097889,0.216893,0.4714639,-0.495824,-1.336416,-0.1072562,-0.1364088,2.036003,-0.003073436,0.0181042,0.9998315,-0.281023,0.9595277,-0.01823824,-0.9596962,-0.2810317,0.00213866,moving,87.66831,82.66827,-3.015543,-3.832994
05/11/2023 13:10:09.927869,3492,True,True,True,True,Eyes,1.739264,0.1580371,-2.01281,-0.9527167,-0.300793,-0.04306173,0.0,0.0,0.0,0.0,0.0,0.0,0.0,1.98263,0.2425703,1.628383,1.661332,0.1758416,-1.962231,0.09049027,-0.7044827,0.104776,0.6960876,15.87884,269.4658,1.094277,0.6584233,0.05799658,-0.7504096,-0.3261584,-0.01972016,0.2038794,0.4418938,-0.4804379,-1.356517,-0.1104816,-0.1343586,2.035748,-0.01454756,0.01836888,0.9997256,-0.2733641,0.961667,-0.02164743,-0.9618008,-0.273604,-0.008968488,moving,87.41206,81.85285,-3.106438,-3.776024
05/11/2023 13:10:09.938025,3493,True,True,True,True,Eyes,1.734954,0.1587103,-2.01039,-0.9527422,-0.2999976,-0.04778776,0.0,0.0,0.0,0.0,0.0,0.0,0.0,1.994954,0.2156024,1.600154,1.650629,0.1764002,-1.957326,0.08616341,-0.7087803,0.1015536,0.6927434,15.26814,268.8366,1.102346,0.6578503,0.05812734,-0.7509019,-0.3065889,-0.01853695,0.1916467,0.4125739,-0.4614726,-1.376007,-0.1134263,-0.1324869,2.035514,-0.02536541,0.01855934,0.9995061,-0.262843,0.9645255,-0.02458018,-0.9645053,-0.2633367,-0.01958739,moving,87.12856,80.94918,-3.189433,-3.723999
05/11/2023 13:10:09.958223,3494,True,True,True,True,Eyes,1.730369,0.1594052,-2.007912,-0.9527914,-0.2990053,-0.05276733,0.0,0.0,0.0,0.0,0.0,0.0,0.0,2.007786,0.2004909,1.569365,1.640116,0.1773016,-1.952663,0.08444939,-0.7128164,0.1011396,0.6888629,15.10186,268.191,1.124592,0.6572847,0.05828075,-0.7513852,-0.2881936,-0.01742473,0.1801479,0.3867061,-0.4527624,-1.397334,-0.1166834,-0.1304167,2.035255,-0.0366727,0.01894874,0.9991476,-0.2597364,0.9652781,-0.02783977,-0.964983,-0.2605359,-0.03047767,moving,86.83009,79.99171,-3.281238,-3.666431
05/11/2023 13:10:09.978219,3495,True,True,True,True,Eyes,1.725538,0.1600991,-2.005422,-0.9528133,-0.2979356,-0.05814862,0.0,0.0,0.0,0.0,0.0,0.0,0.0,2.021033,0.1802785,1.538073,1.628965,0.1784619,-1.948684,0.08166073,-0.7170569,0.09942339,0.6850371,14.74193,267.53,1.132067,0.6567215,0.05845579,-0.7518638,-0.2709019,-0.01637924,0.169339,0.3623313,-0.4460464,-1.418837,-0.1198609,-0.1283971,2.035003,-0.04811145,0.01910663,0.9986593,-0.2533282,0.966893,-0.03070319,-0.9661832,-0.2544658,-0.04167834,moving,86.50767,78.95631,-3.370805,-3.610253
05/11/2023 13:10:09.987944,3496,True,True,True,True,Eyes,1.720489,0.1607508,-2.002906,-0.9527645,-0.2969346,-0.06379378,0.0,0.0,0.0,0.0,0.0,0.0,0.0,2.034894,0.1648977,1.505141,1.618199,0.1791046,-1.944939,0.07963977,-0.7214447,0.09721007,0.6809738,14.40229,266.8247,1.034298,0.6561555,0.05865066,-0.7523428,-0.2546478,-0.01539649,0.1591787,0.3356031,-0.4314557,-1.440205,-0.1231433,-0.1263106,2.034743,-0.0598644,0.01748363,0.9980534,-0.2473064,0.9684154,-0.03179817,-0.9670863,-0.2487286,-0.0536498,moving,86.1694,77.87482,-3.463335,-3.552189
05/11/2023 13:10:10.008372,3497,True,True,True,True,Eyes,1.588906,0.1762874,-1.939422,-0.9367236,-0.2783892,-0.2122457,0.0,0.0,0.0,0.0,0.0,0.0,0.0,2.0489,0.1653244,1.470424,1.607902,0.178748,-1.941692,0.08073261,-0.7254933,0.09676218,0.6765936,14.45662,266.1086,0.816292,0.6555817,0.05886254,-0.7528262,-0.2393689,-0.0144727,0.149628,0.3123823,-0.4248537,-1.46192,-0.1261294,-0.1244128,2.034506,-0.07140681,0.01379541,0.9973519,-0.2480793,0.9682387,-0.03115428,-0.9661044,-0.2496469,-0.0657165,moving,77.23331,52.67788,-3.547517,-3.499359
05/11/2023 13:10:10.028051,3498,True,True,True,True,Eyes,1.588495,0.1763009,-1.939326,-0.9365624,-0.2785962,-0.2126852,0.0,0.0,0.0,0.0,0.0,0.0,0.0,2.061812,0.1719265,1.435914,1.597477,0.1786902,-1.938713,0.08326871,-0.729139,0.09756547,0.6722379,14.72798,265.4243,0.5773544,0.6519253,0.06050528,-0.755865,-0.6197543,0.03300557,0.3311011,0.2958825,-0.4353592,-1.483149,-0.129508,-0.1222651,2.034238,-0.08232526,0.009745509,0.996558,-0.2526033,0.9670946,-0.0303248,-0.9640614,-0.2542303,-0.07715456,moving,77.20562,52.64126,-3.64277,-3.439545
05/11/2023 13:10:10.048275,3499,True,True,True,True,Eyes,1.587694,0.1763022,-1.939197,-0.936237,-0.2790022,-0.2135839,0.0,0.0,0.0,0.0,0.0,0.0,0.0,2.074713,0.1763555,1.401623,1.587177,0.1790769,-1.936203,0.08561236,-0.7327102,0.09928182,0.6677944,15.06012,264.7483,0.4237397,0.6490003,0.06183727,-0.7582706,-0.5825691,0.03102523,0.311235,0.2783725,-0.4405017,-1.50295,-0.1326234,-0.120285,2.033991,-0.09344238,0.007141582,0.9955991,-0.2580578,0.9656273,-0.03114669,-0.9616001,-0.2598325,-0.0883875,moving,77.14903,52.56495,-3.730605,-3.384384
05/11/2023 13:10:10.058041,3500,True,True,True,True,Eyes,1.586532,0.1763025,-1.939,-0.9357246,-0.2797081,-0.2149022,0.0,0.0,0.0,0.0,0.0,0.0,0.0,2.087851,0.1751917,1.367219,1.576869,0.1788567,-1.934062,0.08666077,-0.7364843,0.100268,0.6633454,15.22817,264.0609,0.3192361,0.6466497,0.06292104,-0.7601873,-0.5476149,0.02916372,0.2925609,0.2625062,-0.4473012,-1.522254,-0.1357794,-0.1182787,2.033741,-0.1049258,0.005376045,0.9944655,-0.2606732,0.9648725,-0.0327196,-0.9597083,-0.2626637,-0.09983864,moving,77.06552,52.46461,-3.819591,-3.32847
05/11/2023 13:10:10.078375,3501,True,True,True,True,Eyes,1.585005,0.1762911,-1.938779,-0.9350898,-0.2805454,-0.2165671,0.0,0.0,0.0,0.0,0.0,0.0,0.0,2.101566,0.1782283,1.331248,1.566984,0.1789022,-1.932128,0.08903258,-0.7401636,0.1036572,0.6583969,15.70498,263.3466,0.2796015,0.6447493,0.06380642,-0.761726,-0.5147581,0.0274139,0.2750072,0.2482986,-0.455927,-1.540731,-0.138867,-0.1163164,2.033496,-0.1171736,0.004697789,0.9931005,-0.2682925,0.9626567,-0.03620898,-0.956185,-0.270684,-0.1115377,moving,76.96018,52.33365,-3.906652,-3.273764
05/11/2023 13:10:10.098209,3502,True,True,True,True,Eyes,1.583121,0.1762819,-1.938507,-0.9343593,-0.2814529,-0.2185338,0.0,0.0,0.0,0.0,0.0,0.0,0.0,2.113862,0.1697474,1.297683,1.556548,0.1786717,-1.930398,0.08885895,-0.7438244,0.1058707,0.6539273,15.88533,262.6923,0.3736604,0.6431985,0.06453249,-0.7629749,-0.4838726,0.02576906,0.2585068,0.2313704,-0.4565063,-1.558725,-0.1421196,-0.114249,2.033238,-0.1289667,0.006272521,0.9916292,-0.2706544,0.961791,-0.04128381,-0.953999,-0.273713,-0.1223413,moving,76.83594,52.17249,-3.998366,-3.216105
05/11/2023 13:10:10.113701,3503,True,True,True,True,Eyes,1.580885,0.176275,-1.938208,-0.9336137,-0.2821973,-0.2207493,0.0,0.0,0.0,0.0,0.0,0.0,0.0,2.124355,0.1574804,1.266822,1.546056,0.1787391,-1.928805,0.08793861,-0.7471529,0.1081048,0.649879,16.01211,262.1103,0.5426197,0.6419165,0.06513114,-0.764003,-0.4548402,0.02422292,0.2429964,0.217467,-0.464772,-1.577711,-0.1453417,-0.1122007,2.032983,-0.1398482,0.009102948,0.9901311,-0.2719173,0.9611603,-0.04724273,-0.9521047,-0.2758406,-0.1319412,moving,76.69695,51.96564,-4.089224,-3.158959
05/11/2023 13:10:10.127749,3504,True,True,True,True,Eyes,1.578299,0.1762725,-1.93788,-0.9328569,-0.2827186,-0.2232674,0.0,0.0,0.0,0.0,0.0,0.0,0.0,2.134755,0.1376628,1.236304,1.535293,0.1788007,-1.927558,0.08541381,-0.7506489,0.1098289,0.6458858,15.97519,261.5339,0.8130731,0.6407812,0.06564897,-0.7649111,-0.4275498,0.02276954,0.2284166,0.2009068,-0.4660361,-1.597014,-0.1485272,-0.110176,2.03273,-0.1510724,0.01364232,0.9884287,-0.2701055,0.9612842,-0.0545508,-0.9509051,-0.275221,-0.1415386,moving,76.54018,51.70129,-4.179054,-3.102454
05/11/2023 13:10:10.140239,3505,True,True,True,True,Eyes,1.575369,0.1762533,-1.937556,-0.9321354,-0.2829243,-0.2260035,0.0,0.0,0.0,0.0,0.0,0.0,0.0,2.144969,0.1133853,1.205382,1.524273,0.1788634,-1.926472,0.08157554,-0.7544616,0.1093203,0.6420141,15.6465,260.934,1.028178,0.6397029,0.0661201,-0.7657726,-0.4018968,0.02140337,0.2147116,0.1829286,-0.4639871,-1.618832,-0.15174,-0.1081339,2.032475,-0.1623265,0.0172792,0.9865857,-0.2634616,0.9627889,-0.06021072,-0.9509143,-0.2697013,-0.1517337,moving,76.37119,51.3817,-4.269652,-3.045441
05/11/2023 13:10:10.158424,3506,True,True,True,True,Eyes,1.572106,0.1762008,-1.937229,-0.9313863,-0.2829453,-0.2290447,0.0,0.0,0.0,0.0,0.0,0.0,0.0,2.155547,0.09522596,1.172438,1.513038,0.1783991,-1.925864,0.07869548,-0.7583608,0.1077671,0.6380299,15.29999,260.2946,1.078678,0.6386678,0.06654912,-0.766599,-0.377783,0.02011917,0.2018289,0.1643526,-0.4609461,-1.641635,-0.1550058,-0.1060582,2.032216,-0.1734497,0.01815817,0.9846754,-0.2568764,0.9643865,-0.06303259,-0.9507523,-0.2638729,-0.1626082,moving,76.18409,51.00978,-4.361749,-2.987468
05/11/2023 13:10:10.178056,3507,True,True,True,True,Eyes,1.568525,0.1761025,-1.936956,-0.9306244,-0.2827832,-0.2323184,0.0,0.0,0.0,0.0,0.0,0.0,0.0,2.165421,0.08099393,1.139329,1.501747,0.1775055,-1.925337,0.07652541,-0.7620831,0.1064028,0.6340755,15.02387,259.666,1.085534,0.6376635,0.0669396,-0.7674006,-0.355116,0.01891202,0.1897192,0.1431266,-0.4497313,-1.664068,-0.158232,-0.1040077,2.031959,-0.1841844,0.01829745,0.9827216,-0.2515723,0.9656446,-0.06512982,-0.9501515,-0.2592214,-0.1732535,moving,75.98333,50.59544,-4.45273,-2.93018
05/11/2023 13:10:10.198313,3508,True,True,True,True,Eyes,1.564631,0.1759515,-1.936707,-0.9298084,-0.2825629,-0.2358273,0.0,0.0,0.0,0.0,0.0,0.0,0.0,2.17455,0.06806704,1.107045,1.49031,0.1763235,-1.925288,0.07457811,-0.765541,0.1053812,0.6303015,14.79495,259.0757,1.105787,0.6366782,0.06729403,-0.7681874,-0.3338091,0.0177773,0.178336,0.1237629,-0.443245,-1.68717,-0.1613683,-0.102014,2.031711,-0.1943161,0.01865862,0.9807615,-0.247029,0.9666659,-0.06733377,-0.9493251,-0.2553606,-0.1832296,moving,75.76818,50.1516,-4.541176,-2.874459
05/11/2023 13:10:10.213158,3509,True,True,True,True,Eyes,1.560429,0.1757415,-1.936491,-0.9289535,-0.2823113,-0.2394701,0.0,0.0,0.0,0.0,0.0,0.0,0.0,2.183032,0.05881169,1.075233,1.478864,0.1748879,-1.92551,0.07345071,-0.7687258,0.1050458,0.6266029,14.68778,258.5111,1.108706,0.6357019,0.06761441,-0.7689674,-0.3137805,0.01671066,0.1676358,0.1059532,-0.4413261,-1.710808,-0.1648303,-0.09981334,2.031436,-0.2039477,0.0187171,0.9788029,-0.2445709,0.9671407,-0.06945394,-0.9479402,-0.2535516,-0.1926684,moving,75.54473,49.69378,-4.638806,-2.81293
05/11/2023 13:10:10.227741,3510,True,True,True,True,Eyes,1.555934,0.1754657,-1.936328,-0.9280202,-0.2821063,-0.2432994,0.0,0.0,0.0,0.0,0.0,0.0,0.0,2.190825,0.04989955,1.04386,1.467173,0.1732838,-1.925934,0.07238854,-0.771751,0.104929,0.6230172,14.60517,257.9706,1.125834,0.634725,0.0679024,-0.7697486,-0.2949537,0.01570802,0.1575777,0.08791539,-0.4363505,-1.732279,-0.1680242,-0.09778334,2.031183,-0.2132193,0.01901335,0.9768195,-0.242477,0.9674996,-0.07175958,-0.9464368,-0.2521568,-0.2016792,moving,75.30936,49.22425,-4.728873,-2.756153
05/11/2023 13:10:10.247370,3511,True,True,True,True,Eyes,1.551161,0.1751212,-1.936231,-0.9270061,-0.2820345,-0.2472169,0.0,0.0,0.0,0.0,0.0,0.0,0.0,2.198576,0.04399681,1.012901,1.455639,0.1714429,-1.927009,0.07208917,-0.7745439,0.105635,0.6194564,14.65215,257.4497,1.137137,0.6337395,0.06815893,-0.7705375,-0.2772565,0.01476554,0.148123,0.07211354,-0.436577,-1.752942,-0.1710044,-0.09588902,2.030946,-0.222154,0.0192001,0.9748225,-0.242545,0.9672889,-0.0743257,-0.9443619,-0.2529501,-0.2102302,moving,75.0677,48.76386,-4.812915,-2.703153
05/11/2023 13:10:10.263267,3512,True,True,True,True,Eyes,1.546106,0.1747206,-1.936208,-0.9259292,-0.2820134,-0.2512438,0.0,0.0,0.0,0.0,0.0,0.0,0.0,2.205472,0.04064734,0.9826536,1.444018,0.1695309,-1.928065,0.07244264,-0.7770872,0.1068866,0.6160058,14.79554,256.9555,1.131778,0.6327381,0.06838468,-0.77134,-0.2606211,0.01387961,0.1392356,0.05706909,-0.4386195,-1.772929,-0.1741381,-0.09389705,2.030698,-0.2305783,0.01909705,0.9728665,-0.244274,0.9666546,-0.07687027,-0.941894,-0.2553706,-0.2182246,moving,74.81876,48.30237,-4.901285,-2.647403
05/11/2023 13:10:10.278339,3513,True,True,True,True,Eyes,1.540779,0.1742441,-1.936251,-0.9247958,-0.2820301,-0.255366,0.0,0.0,0.0,0.0,0.0,0.0,0.0,2.21131,0.03888839,0.9548564,1.432155,0.167788,-1.929749,0.07291483,-0.7792435,0.1073057,0.6131465,14.87134,256.5337,1.064243,0.6317141,0.06858077,-0.7721614,-0.2449838,0.01304683,0.1308815,0.04228504,-0.4404456,-1.79281,-0.1774648,-0.09178244,2.030434,-0.2374696,0.01795139,0.9712293,-0.245225,0.9663379,-0.0778195,-0.9399325,-0.2566494,-0.2250737,moving,74.56345,47.84053,-4.995095,-2.5882
05/11/2023 13:10:10.287914,3514,True,True,True,True,Eyes,1.535201,0.1736912,-1.936384,-0.9236164,-0.2820679,-0.259558,0.0,0.0,0.0,0.0,0.0,0.0,0.0,2.216433,0.03575331,0.9285634,1.420338,0.1655172,-1.931664,0.07298994,-0.7811984,0.1078809,0.6105435,14.93244,256.1561,1.049208,0.6306608,0.06874751,-0.7730071,-0.2302848,0.01226402,0.1230286,0.02823037,-0.443949,-1.811579,-0.1807458,-0.08969721,2.030174,-0.2438187,0.01769276,0.9696596,-0.2457713,0.9660683,-0.0794258,-0.9381628,-0.2576799,-0.2311971,moving,74.30338,47.37983,-5.087612,-2.529799
05/11/2023 13:10:10.307915,3515,True,True,True,True,Eyes,1.529359,0.1730621,-1.93657,-0.9223824,-0.2821329,-0.2638406,0.0,0.0,0.0,0.0,0.0,0.0,0.0,2.221646,0.03005224,0.9024527,1.408718,0.1631389,-1.933891,0.07250161,-0.7831998,0.1084892,0.607924,14.95667,255.7804,1.087712,0.6295734,0.06888489,-0.7738808,-0.2164677,0.01152818,0.1156469,0.0142263,-0.446045,-1.827709,-0.1838977,-0.08769372,2.029924,-0.2503438,0.01833991,0.9679831,-0.2454729,0.9659472,-0.08178655,-0.9365206,-0.2580884,-0.2373169,moving,74.03722,46.91892,-5.176489,-2.473668
05/11/2023 13:10:10.327825,3516,True,True,True,True,Eyes,1.377096,0.1555387,-1.943861,-0.8848492,-0.2834382,-0.3697359,0.0,0.0,0.0,0.0,0.0,0.0,0.0,2.22652,0.02527557,0.8765895,1.396776,0.1606601,-1.9364,0.07235657,-0.7850286,0.1096464,0.6053696,15.05559,255.4249,1.136245,0.6284472,0.06899309,-0.7747859,-0.2034797,0.01083649,0.1087081,-0.0003959015,-0.4451171,-1.841848,-0.1870776,-0.08567248,2.029671,-0.2565844,0.01914926,0.9663321,-0.2463572,0.9654844,-0.08454622,-0.9345974,-0.2597561,-0.2430107,moving,67.3223,37.47364,-5.266151,-2.417022
05/11/2023 13:10:10.338189,3517,True,True,True,True,Eyes,1.37662,0.1554532,-1.944014,-0.8847042,-0.2830725,-0.3703625,0.0,0.0,0.0,0.0,0.0,0.0,0.0,2.230748,0.01957379,0.8521888,1.384698,0.1582489,-1.939179,0.07198473,-0.7866533,0.110739,0.6031017,15.13265,255.1127,1.206141,0.6215548,0.06856441,-0.7803639,-0.6480579,-0.04238406,0.08031379,-0.01470792,-0.4451381,-1.856507,-0.1901972,-0.08368968,2.029424,-0.2621731,0.02031967,0.9648069,-0.2468278,0.9651101,-0.08739813,-0.9329209,-0.2610546,-0.2480105,moving,67.28442,37.39112,-5.354108,-2.361433
05/11/2023 13:10:10.359765,3518,True,True,True,True,Eyes,1.375668,0.1553047,-1.944307,-0.8844863,-0.2827077,-0.3711608,0.0,0.0,0.0,0.0,0.0,0.0,0.0,2.234883,0.01292948,0.828521,1.372603,0.1561156,-1.942397,0.07163152,-0.788132,0.1123823,0.6009054,15.2619,254.8232,1.315734,0.6158959,0.06818992,-0.7848704,-0.6091744,-0.03984102,0.07549497,-0.0285671,-0.4470411,-1.871817,-0.1935081,-0.08158501,2.029161,-0.2675636,0.02215206,0.9632857,-0.2479724,0.9644783,-0.09105663,-0.9310853,-0.2632317,-0.2525662,moving,67.2354,37.29599,-5.447458,-2.302409
05/11/2023 13:10:10.377945,3519,True,True,True,True,Eyes,1.374181,0.1551279,-1.944523,-0.8841513,-0.2808247,-0.3733819,0.0,0.0,0.0,0.0,0.0,0.0,0.0,2.239424,0.004548475,0.8037062,1.360212,0.1544527,-1.946008,0.07066263,-0.7898661,0.1127286,0.5986741,15.22967,254.5055,1.386529,0.6112262,0.06785999,-0.7885408,-0.572624,-0.03745056,0.07096527,-0.04147949,-0.4510424,-1.886671,-0.1967046,-0.07955351,2.028907,-0.2731926,0.02334733,0.9616762,-0.2466034,0.9645981,-0.09347323,-0.9298134,-0.2626888,-0.2577635,moving,67.10541,36.94723,-5.537576,-2.245419
05/11/2023 13:10:10.388030,3520,True,True,True,True,Eyes,1.372243,0.1548949,-1.944893,-0.8837599,-0.2789324,-0.3757195,0.0,0.0,0.0,0.0,0.0,0.0,0.0,2.244073,-0.0051395,0.7785208,1.347609,0.1528766,-1.950017,0.06916579,-0.7917076,0.1122129,0.5965095,15.08168,254.1835,1.445311,0.607347,0.06756813,-0.7915576,-0.5382665,-0.03520352,0.06670735,-0.05497142,-0.4529578,-1.9003,-0.2000137,-0.07745016,2.028646,-0.2787853,0.02435399,0.9600446,-0.2433903,0.9652487,-0.09516357,-0.9289994,-0.2601957,-0.2631696,moving,66.96783,36.59002,-5.630862,-2.186391
05/11/2023 13:10:10.414095,3521,True,True,True,True,Eyes,1.369933,0.1546024,-1.945634,-0.8833232,-0.2770941,-0.3780992,0.0,0.0,0.0,0.0,0.0,0.0,0.0,2.248465,-0.01469569,0.753145,1.334852,0.1512732,-1.954054,0.06769942,-0.7935307,0.111757,0.5943368,14.9418,253.8623,1.506384,0.6040922,0.06730683,-0.7940665,-0.5059705,-0.03309131,0.06270491,-0.06949538,-0.4511654,-1.913668,-0.2030574,-0.07551536,2.028405,-0.284361,0.02539948,0.9583806,-0.2402857,0.9658543,-0.09689274,-0.9281171,-0.2578377,-0.2685483,moving,66.82706,36.23623,-5.716659,-2.132077
05/11/2023 13:10:10.428147,3522,True,True,True,True,Eyes,1.367219,0.1542766,-1.946535,-0.8828165,-0.2753851,-0.3805235,0.0,0.0,0.0,0.0,0.0,0.0,0.0,2.25265,-0.01825491,0.7294414,1.322117,0.1497791,-1.958679,0.06735023,-0.7949909,0.1108012,0.5926017,14.83259,253.5901,1.436655,0.6011695,0.0670637,-0.796302,-0.4756123,-0.03110583,0.05894261,-0.0857503,-0.4445211,-1.930385,-0.2062954,-0.07345746,2.028147,-0.2885748,0.02423629,0.9571506,-0.2384076,0.966374,-0.09634815,-0.9273006,-0.2559956,-0.2730931,moving,66.68233,35.89328,-5.807934,-2.074289
05/11/2023 13:10:10.448148,3523,True,True,True,True,Eyes,1.364118,0.1539223,-1.947626,-0.8822345,-0.2737526,-0.3830429,0.0,0.0,0.0,0.0,0.0,0.0,0.0,2.256534,-0.01605366,0.7070878,1.309665,0.1486648,-1.963378,0.06868894,-0.7960577,0.1109555,0.5909846,14.94206,253.349,1.291994,0.5984408,0.06683296,-0.7983742,-0.4470756,-0.02923949,0.05540606,-0.09514,-0.4575207,-1.949469,-0.2093854,-0.0714934,2.027901,-0.2920379,0.02178524,0.9561586,-0.2405067,0.9659414,-0.0954657,-0.9256729,-0.2578421,-0.2768521,moving,66.53079,35.55259,-5.895028,-2.019119
05/11/2023 13:10:10.458481,3524,True,True,True,True,Eyes,1.360636,0.1535849,-1.948882,-0.8815955,-0.2722587,-0.3855703,0.0,0.0,0.0,0.0,0.0,0.0,0.0,2.260436,-0.01826823,0.6860471,1.297194,0.1476374,-1.968769,0.06895427,-0.7970591,0.1108572,0.5896211,14.95338,253.146,1.233986,0.5958729,0.06661248,-0.8003109,-0.420251,-0.02748512,0.05208169,-0.1103879,-0.4535784,-1.968192,-0.212625,-0.06943405,2.027645,-0.2951846,0.02080619,0.9552137,-0.2406487,0.965912,-0.09540559,-0.9246375,-0.2580332,-0.2801154,moving,66.37759,35.22666,-5.986332,-1.961253
05/11/2023 13:10:10.478059,3525,True,True,True,True,Eyes,1.356775,0.1533304,-1.95036,-0.8808683,-0.2708717,-0.3882003,0.0,0.0,0.0,0.0,0.0,0.0,0.0,2.263736,-0.02789146,0.6656919,1.284545,0.1477256,-1.973966,0.06833775,-0.7980276,0.1122475,0.5881179,15.04244,252.9576,1.362243,0.5934362,0.06640221,-0.8021368,-0.395036,-0.02583601,0.04895679,-0.1244084,-0.4498896,-1.987114,-0.2158509,-0.06738374,2.027389,-0.2988948,0.02295876,0.95401,-0.2411004,0.9654609,-0.09877193,-0.923327,-0.2595345,-0.2830358,moving,66.21683,34.9059,-6.077243,-1.903623
05/11/2023 13:10:10.498290,3526,True,True,True,True,Eyes,1.35252,0.1532369,-1.952,-0.880141,-0.2695181,-0.3907837,0.0,0.0,0.0,0.0,0.0,0.0,0.0,2.266839,-0.04419667,0.6455922,1.271218,0.1495042,-1.979635,0.0664816,-0.7990773,0.1132399,0.5867134,15.00991,252.7833,1.579934,0.5911031,0.06620477,-0.803874,-0.3713338,-0.02428585,0.04601939,-0.1379686,-0.4482321,-2.004854,-0.2190279,-0.06536414,2.027137,-0.3026956,0.02663083,0.9527153,-0.2391266,0.9655138,-0.1029636,-0.9226018,-0.2589861,-0.2858887,moving,66.05872,34.59348,-6.166766,-1.846838
05/11/2023 13:10:10.507812,3527,True,True,True,True,Eyes,1.347894,0.1532295,-1.953824,-0.8794559,-0.2678246,-0.3934808,0.0,0.0,0.0,0.0,0.0,0.0,0.0,2.26845,-0.06517389,0.6288183,1.257467,0.1532788,-1.985147,0.06391951,-0.7997822,0.114213,0.5858483,14.92683,252.6917,1.872898,0.5888488,0.06602589,-0.8055415,-0.3490538,-0.0228287,0.04325822,-0.1529873,-0.4402937,-2.020967,-0.2220948,-0.06341491,2.026893,-0.3053924,0.03157957,0.951703,-0.2360663,0.9657394,-0.1077967,-0.9225012,-0.2575853,-0.2874747,moving,65.89559,34.24136,-6.253182,-1.792014
05/11/2023 13:10:10.527738,3528,True,True,True,True,Eyes,1.34296,0.1533543,-1.95579,-0.8786489,-0.2665474,-0.3961424,0.0,0.0,0.0,0.0,0.0,0.0,0.0,2.270102,-0.09094147,0.6114755,1.24389,0.1552534,-1.991023,0.05837716,-0.8009456,0.1113602,0.5853863,14.28429,252.597,2.180035,0.586651,0.06586751,-0.8071564,-0.3281105,-0.02145897,0.04066273,-0.1643157,-0.4423516,-2.038868,-0.2254982,-0.06125161,2.026624,-0.3078299,0.03686355,0.9507268,-0.2238913,0.968382,-0.1100405,-0.9247233,-0.2467332,-0.2898435,moving,65.73158,33.93493,-6.349064,-1.73115
05/11/2023 13:10:10.548131,3529,True,True,True,True,Eyes,1.337688,0.1536061,-1.957921,-0.8776926,-0.2653018,-0.3990873,0.0,0.0,0.0,0.0,0.0,0.0,0.0,2.272533,-0.1063575,0.5929248,1.231481,0.1586421,-1.996388,0.05853506,-0.801582,0.1162818,0.5835398,14.75781,252.4295,2.48152,0.5844926,0.06573331,-0.8087318,-0.3084239,-0.02017144,0.03822297,-0.1753997,-0.443845,-2.057809,-0.2285918,-0.0592853,2.026379,-0.3121099,0.04186882,0.949123,-0.2295514,0.9661043,-0.1181037,-0.9218967,-0.2547338,-0.2919197,moving,65.54868,33.61482,-6.436215,-1.675812
05/11/2023 13:10:10.558241,3530,True,True,True,True,Eyes,1.332164,0.1539239,-1.960173,-0.8766325,-0.2641612,-0.402162,0.0,0.0,0.0,0.0,0.0,0.0,0.0,2.276929,-0.1223385,0.5659206,1.218073,0.1619307,-2.002428,0.05701831,-0.8035031,0.116579,0.5809829,14.69044,252.0734,2.597151,0.5823561,0.06562632,-0.8102803,-0.2899185,-0.01896115,0.03592959,-0.1885214,-0.4377372,-2.075727,-0.2317607,-0.05727101,2.026127,-0.3184158,0.04383203,0.9469373,-0.2270896,0.9663165,-0.1210899,-0.9203488,-0.2535965,-0.2977366,moving,65.35634,33.29902,-6.525478,-1.619106
05/11/2023 13:10:10.578323,3531,True,True,True,True,Eyes,1.326398,0.1542734,-1.962514,-0.8753442,-0.2634649,-0.4054119,0.0,0.0,0.0,0.0,0.0,0.0,0.0,2.281958,-0.1262005,0.5380826,1.20649,0.1636925,-2.00758,0.05789565,-0.8054854,0.1168881,0.5780819,14.78782,251.6548,2.482143,0.5802293,0.06554671,-0.811811,-0.2725234,-0.01782348,0.03377381,-0.2048905,-0.4204188,-2.093545,-0.2349012,-0.05527499,2.025877,-0.324939,0.04187355,0.9448076,-0.2284099,0.9659705,-0.1213664,-0.9177383,-0.2552401,-0.3043171,moving,65.14899,33.01862,-6.613931,-1.562897
05/11/2023 13:10:10.587998,3532,True,True,True,True,Eyes,1.176585,0.1632697,-2.02282,-0.8375856,-0.2493274,-0.486093,2.016859,-0.5127068,-0.3395885,-3.003201,0.8041933,0.5697582,0.1692595,-0.3897111,0.04735437,1.999627,1.19475,0.1649083,-2.011889,0.06137986,-0.8066945,0.1217986,0.5750145,15.49161,251.2949,2.440948,0.5781022,0.06549326,-0.8133315,-0.256172,-0.01675407,0.03174739,-0.2090246,-0.43776,-2.113386,-0.2380324,-0.05328411,2.025629,-0.3311818,0.04104238,0.942674,-0.2391016,0.9627952,-0.12592,-0.91277,-0.2670972,-0.3090468,moving,59.87125,27.15425,-6.702111,-1.506816
05/11/2023 13:10:10.608369,3533,True,True,True,True,Eyes,1.17616,0.1632989,-2.022972,-0.8373706,-0.2495889,-0.486329,2.030784,-0.5243584,-0.3435622,-3.010601,0.2517468,0.618122,0.7446803,-0.3821468,0.05100825,2.00398,1.183254,0.165696,-2.015971,0.06147142,-0.8081133,0.1238176,0.5725762,15.6947,250.9861,2.52652,0.5668293,0.06613514,-0.8211761,-0.6902384,0.01124009,-0.1510757,-0.2180909,-0.4396713,-2.131897,-0.2414047,-0.05114111,2.025362,-0.3367558,0.04243828,0.9406353,-0.2411418,0.961781,-0.1297232,-0.9101903,-0.2705114,-0.3136517,moving,59.85279,27.16735,-6.797071,-1.446432
05/11/2023 13:10:10.628172,3534,True,True,True,True,Eyes,1.175309,0.1633793,-2.023258,-0.8369902,-0.250089,-0.4867266,0.0,0.0,0.0,0.0,0.0,0.0,0.0,2.289321,-0.1487237,0.4686763,1.172606,0.1664936,-2.019911,0.0616856,-0.8092029,0.1283955,0.5700002,16.14789,250.7155,2.777073,0.5576544,0.06664736,-0.827393,-0.648824,0.01056569,-0.1420111,-0.2222083,-0.4511534,-2.152198,-0.2447261,-0.04902983,2.025098,-0.3425893,0.04653861,0.9383318,-0.2462033,0.959419,-0.1374744,-0.9066511,-0.2781176,-0.3172286,moving,59.82114,27.19493,-6.890583,-1.386922
05/11/2023 13:10:10.638734,3535,True,True,True,True,Eyes,1.174032,0.163549,-2.023662,-0.836512,-0.2503431,-0.4874177,0.0,0.0,0.0,0.0,0.0,0.0,0.0,2.290078,-0.1681512,0.4456301,1.161456,0.1678742,-2.023402,0.06047123,-0.810717,0.1324291,0.5670484,16.45758,250.3918,3.116403,0.5501767,0.06706087,-0.8323507,-0.6098946,0.009931748,-0.1334905,-0.2265537,-0.4629195,-2.170307,-0.2476916,-0.04714485,2.024864,-0.3495989,0.05213737,0.9354479,-0.2482376,0.9576115,-0.1461449,-0.9034153,-0.2833053,-0.3218375,moving,59.77155,27.18553,-6.974062,-1.333775
05/11/2023 13:10:10.659300,3536,True,True,True,True,Eyes,1.172346,0.163774,-2.024169,-0.8359934,-0.2503222,-0.4883175,0.0,0.0,0.0,0.0,0.0,0.0,0.0,2.290442,-0.1937819,0.4204588,1.1501,0.1701245,-2.027015,0.05656926,-0.8128861,0.1331168,0.5641772,16.275,250.022,3.477997,0.5440637,0.0674013,-0.8363319,-0.5733009,0.009335843,-0.125481,-0.2344529,-0.463517,-2.186037,-0.250954,-0.04507121,2.024605,-0.3570079,0.05823422,0.9322844,-0.2421717,0.9581596,-0.1525874,-0.902163,-0.2802478,-0.3279679,moving,59.7101,27.14067,-7.065894,-1.275293
05/11/2023 13:10:10.678208,3537,True,True,True,True,Eyes,1.170277,0.1640399,-2.024791,-0.8354667,-0.249793,-0.4894882,0.0,0.0,0.0,0.0,0.0,0.0,0.0,2.289993,-0.215239,0.3951328,1.138565,0.1716249,-2.02996,0.05223622,-0.8151463,0.1312964,0.5617556,15.82734,249.6618,3.715924,0.5390407,0.06768747,-0.8395551,-0.5389028,0.008775692,-0.1179522,-0.2445943,-0.4565906,-2.201727,-0.2541507,-0.04303941,2.024351,-0.3634044,0.06235258,0.9295427,-0.2326732,0.9600653,-0.1553635,-0.902109,-0.2727394,-0.3343842,moving,59.63457,27.03588,-7.155862,-1.217973
05/11/2023 13:10:10.687971,3538,True,True,True,True,Eyes,1.167836,0.1643053,-2.025497,-0.834956,-0.2488012,-0.490863,0.0,0.0,0.0,0.0,0.0,0.0,0.0,2.289788,-0.2307657,0.3697999,1.127135,0.1727929,-2.032939,0.04835293,-0.8173699,0.1278326,0.559667,15.25386,249.3101,3.806183,0.5348817,0.06793357,-0.8421912,-0.5065687,0.008249151,-0.110875,-0.2578716,-0.4387332,-2.219782,-0.2572826,-0.04104873,2.024102,-0.3688696,0.06404294,0.9272722,-0.2221319,0.9626417,-0.15485,-0.9025478,-0.2630962,-0.3408633,moving,59.54912,26.87885,-7.24399,-1.161797
05/11/2023 13:10:10.708146,3539,True,True,True,True,Eyes,1.165069,0.1645405,-2.026297,-0.8343619,-0.2475065,-0.492525,0.0,0.0,0.0,0.0,0.0,0.0,0.0,2.289333,-0.2431782,0.3439627,1.115765,0.1729393,-2.035597,0.04413399,-0.8196568,0.1228708,0.5577794,14.51644,248.9593,3.833333,0.5312628,0.06815603,-0.8444607,-0.4761746,0.007754202,-0.1042225,-0.2707492,-0.4202186,-2.23991,-0.2604451,-0.03903857,2.023852,-0.3738688,0.06472011,0.9252207,-0.209419,0.96591,-0.1521897,-0.9035296,-0.2506577,-0.3475699,moving,59.44659,26.68071,-7.332964,-1.105055
05/11/2023 13:10:10.728028,3540,True,True,True,True,Eyes,1.161977,0.1647551,-2.027149,-0.8336221,-0.2462662,-0.4943958,0.0,0.0,0.0,0.0,0.0,0.0,0.0,2.288922,-0.2548935,0.316515,1.104909,0.1724075,-2.03808,0.04095198,-0.8219993,0.1201161,0.5551689,14.06019,248.5509,3.903953,0.5278957,0.0683675,-0.8465526,-0.4476041,0.00728895,-0.09796919,-0.2847314,-0.3970383,-2.259624,-0.2636996,-0.03696957,2.023594,-0.3802211,0.0660444,0.9225346,-0.2006944,0.9677901,-0.1520001,-0.9028587,-0.2429411,-0.3547195,moving,59.32911,26.4786,-7.424519,-1.046635
05/11/2023 13:10:10.747045,3541,True,True,True,True,Eyes,1.158584,0.1649287,-2.028031,-0.8326415,-0.245193,-0.4965769,0.0,0.0,0.0,0.0,0.0,0.0,0.0,2.288145,-0.2651237,0.2873771,1.093933,0.1721322,-2.040138,0.03981281,-0.8243206,0.1205554,0.5517038,14.04491,248.0783,3.983041,0.5247452,0.06856871,-0.8484929,-0.4207478,0.006851613,-0.09209104,-0.2935081,-0.3886488,-2.28,-0.266871,-0.03495387,2.023342,-0.3880762,0.0673847,0.9191607,-0.1986587,0.9677627,-0.1548229,-0.8999621,-0.2426824,-0.362179,moving,59.18869,26.27862,-7.513723,-0.9897044
05/11/2023 13:10:10.758122,3542,True,True,True,True,Eyes,1.154924,0.165085,-2.028928,-0.8314382,-0.2444817,-0.498938,0.0,0.0,0.0,0.0,0.0,0.0,0.0,2.287549,-0.2724186,0.2554059,1.083338,0.1713137,-2.0419,0.0394767,-0.8269525,0.1212881,0.5476136,14.113,247.5202,3.99386,0.5217801,0.06875944,-0.850304,-0.395503,0.006440516,-0.08656558,-0.3043747,-0.3733363,-2.301698,-0.2700687,-0.03292157,2.023088,-0.3971224,0.06754733,0.9152768,-0.1981287,0.9674616,-0.1573631,-0.8961245,-0.243835,-0.3708175,moving,59.03244,26.10504,-7.603649,-0.9322881
05/11/2023 13:10:10.778324,3543,True,True,True,True,Eyes,1.150986,0.1652564,-2.029875,-0.8300101,-0.2442448,-0.5014257,0.0,0.0,0.0,0.0,0.0,0.0,0.0,2.28687,-0.2725567,0.2265098,1.073184,0.1711168,-2.043124,0.04226377,-0.8290216,0.1244646,0.5435492,14.6144,246.9977,3.865307,0.5189735,0.06894045,-0.8520052,-0.3717728,0.006054085,-0.08137164,-0.3140624,-0.3585975,-2.325422,-0.2734702,-0.03075979,2.022818,-0.4055365,0.06523015,0.9117486,-0.2053805,0.9654446,-0.1604229,-0.8907073,-0.2523126,-0.378126,moving,58.86299,25.97075,-7.69929,-0.8711957
05/11/2023 13:10:10.788192,3544,True,True,True,True,Eyes,1.146762,0.1654267,-2.030826,-0.8285061,-0.2439191,-0.5040647,0.0,0.0,0.0,0.0,0.0,0.0,0.0,2.28511,-0.2761443,0.1991434,1.06213,0.1717892,-2.044507,0.0446609,-0.8308246,0.1279919,0.5397724,15.12294,246.5267,3.799017,0.5163001,0.06911371,-0.853614,-0.3494664,0.00569084,-0.07648934,-0.3192225,-0.3578806,-2.349534,-0.2765547,-0.02879884,2.022573,-0.4133027,0.06396224,0.9083447,-0.2123837,0.9632469,-0.1644642,-0.8854799,-0.2608911,-0.3845279,moving,58.68359,25.82254,-7.786002,-0.8157631
05/11/2023 13:10:10.813660,3545,True,True,True,True,Eyes,1.142288,0.1655682,-2.031733,-0.8268467,-0.2438467,-0.5068167,0.0,0.0,0.0,0.0,0.0,0.0,0.0,2.282322,-0.2822702,0.172205,1.051004,0.1719122,-2.045522,0.04376149,-0.8329181,0.1269355,0.5368611,14.9776,246.1028,3.762648,0.5137376,0.06928042,-0.8551453,-0.3284984,0.005349389,-0.07189998,-0.3223715,-0.3640657,-2.372708,-0.2797377,-0.02677548,2.022321,-0.4197304,0.06339398,0.9054323,-0.2091929,0.9639446,-0.1644661,-0.8832128,-0.2584414,-0.3913352,moving,58.49373,25.69379,-7.875466,-0.7585503
05/11/2023 13:10:10.828092,3546,True,True,True,True,Eyes,1.137574,0.1657046,-2.032626,-0.8250484,-0.2440353,-0.5096487,0.0,0.0,0.0,0.0,0.0,0.0,0.0,2.279716,-0.2809343,0.1495883,1.040733,0.1713363,-2.045953,0.04583405,-0.8343067,0.128471,0.53416,15.26797,245.7426,3.611576,0.5112673,0.06944053,-0.8566117,-0.3087885,0.005028426,-0.06758598,-0.3244197,-0.3722099,-2.395889,-0.282976,-0.02471748,2.022064,-0.4251447,0.06076882,0.903083,-0.2137274,0.9627889,-0.165403,-0.8795296,-0.2633338,-0.3963367,moving,58.29556,25.58652,-7.966471,-0.700342
05/11/2023 13:10:10.847119,3547,True,True,True,True,Eyes,1.132621,0.1658472,-2.033495,-0.8231824,-0.2441686,-0.5125939,0.0,0.0,0.0,0.0,0.0,0.0,0.0,2.276833,-0.2808968,0.126168,1.030207,0.1714035,-2.04648,0.04837972,-0.8357087,0.1309673,0.5311289,15.6817,245.3533,3.469128,0.5088726,0.0695949,-0.8580239,-0.2902612,0.00472672,-0.06353083,-0.3275401,-0.3756684,-2.419695,-0.2861053,-0.022728,2.021815,-0.4311231,0.05825839,0.9004105,-0.2199838,0.9610139,-0.1675093,-0.8750659,-0.2702928,-0.4014993,moving,58.08957,25.4703,-8.054396,-0.6440567
05/11/2023 13:10:10.858167,3548,True,True,True,True,Eyes,1.127434,0.165996,-2.034336,-0.8212096,-0.2443916,-0.5156427,0.0,0.0,0.0,0.0,0.0,0.0,0.0,2.273465,-0.282069,0.1012025,1.019492,0.1716847,-2.046853,0.0492058,-0.8374879,0.1307933,0.5282859,15.72766,244.9462,3.32177,0.5065385,0.0697448,-0.8593917,-0.2728455,0.004443117,-0.05971897,-0.3265492,-0.389522,-2.444266,-0.2894025,-0.02063261,2.021554,-0.4369859,0.05577403,0.8977377,-0.2206111,0.9609438,-0.1670862,-0.8719946,-0.2710651,-0.4076145,moving,57.87503,25.35886,-8.147018,-0.5847581
05/11/2023 13:10:10.878004,3549,True,True,True,True,Eyes,1.122014,0.1661607,-2.035154,-0.8192182,-0.2443007,-0.5188438,0.0,0.0,0.0,0.0,0.0,0.0,0.0,2.269538,-0.2837429,0.07615495,1.008647,0.171995,-2.046988,0.05048772,-0.8392105,0.1315627,0.5252315,15.89367,244.5269,3.186547,0.5042514,0.0698914,-0.8607237,-0.2564748,0.00417653,-0.05613584,-0.3290015,-0.3943139,-2.467063,-0.2925931,-0.01860471,2.021302,-0.4431659,0.05346207,0.8948442,-0.2229413,0.9602846,-0.167782,-0.868275,-0.273853,-0.4136464,moving,57.65228,25.21368,-8.236625,-0.527354
05/11/2023 13:10:10.897993,3550,True,True,True,True,Eyes,1.116362,0.1663262,-2.035945,-0.8172135,-0.2439675,-0.5221512,0.0,0.0,0.0,0.0,0.0,0.0,0.0,2.265107,-0.2872216,0.05058098,0.9975538,0.1724605,-2.04717,0.05022093,-0.841143,0.1304146,0.5224447,15.77557,244.1173,3.084554,0.5019988,0.07003612,-0.8620276,-0.2410863,0.003925938,-0.05276769,-0.3323221,-0.3973793,-2.487536,-0.2957736,-0.01658276,2.021049,-0.449059,0.05178283,0.8920005,-0.2207548,0.9609398,-0.1669193,-0.8658023,-0.2718699,-0.4200874,moving,57.42382,25.04365,-8.325935,-0.4701028
05/11/2023 13:10:10.908734,3551,True,True,True,True,Eyes,1.110492,0.16648,-2.036726,-0.8152,-0.2434168,-0.5255446,0.0,0.0,0.0,0.0,0.0,0.0,0.0,2.260195,-0.2909532,0.02531981,0.9862926,0.1725897,-2.047246,0.04872837,-0.8431457,0.127598,0.5200475,15.41744,243.739,3.005429,0.4997701,0.07017957,-0.8633099,-0.2266211,0.003690382,-0.04960163,-0.337194,-0.3954263,-2.508303,-0.2989776,-0.01454632,2.020795,-0.4543521,0.0505438,0.8893871,-0.2148843,0.9626886,-0.1644853,-0.8645165,-0.2658496,-0.4265386,moving,57.19086,24.85218,-8.415887,-0.4124261
05/11/2023 13:10:10.928225,3552,True,True,True,True,Eyes,1.104397,0.1666089,-2.037455,-0.8131531,-0.242626,-0.5290696,0.0,0.0,0.0,0.0,0.0,0.0,0.0,2.25482,-0.2954254,-0.0004372597,0.9749011,0.1724913,-2.047267,0.04750326,-0.8451349,0.1256617,0.5173972,15.16255,243.3438,2.954033,0.4975551,0.07032178,-0.8645768,-0.2130239,0.003468959,-0.04662553,-0.3447319,-0.3832702,-2.530554,-0.3023022,-0.01243293,2.020531,-0.4600874,0.04974075,0.8864794,-0.2103274,0.9639051,-0.1632461,-0.8626021,-0.2615583,-0.4330188,moving,56.95038,24.63571,-8.509206,-0.3525537
05/11/2023 13:10:10.938037,3553,True,True,True,True,Eyes,1.098087,0.1667026,-2.038147,-0.8110358,-0.2416454,-0.5327557,0.0,0.0,0.0,0.0,0.0,0.0,0.0,2.248567,-0.2996946,-0.02803946,0.9633713,0.1719623,-2.046705,0.04559765,-0.8473991,0.1227608,0.5145535,14.77238,242.9106,2.907979,0.4953455,0.07046223,-0.8658332,-0.2002424,0.003260821,-0.043828,-0.3521013,-0.3703991,-2.554336,-0.3052983,-0.01052899,2.020293,-0.466311,0.04905516,0.8832597,-0.2036128,0.9657013,-0.1611298,-0.8608693,-0.2549796,-0.4403289,moving,56.69976,24.39792,-8.593281,-0.2986008
05/11/2023 13:10:10.958110,3554,True,True,True,True,Eyes,1.09156,0.166761,-2.038784,-0.8088749,-0.2406374,-0.536484,0.0,0.0,0.0,0.0,0.0,0.0,0.0,2.242415,-0.3010065,-0.05409074,0.9517251,0.1711855,-2.046185,0.04493865,-0.849346,0.1208429,0.5118484,14.55317,242.5078,2.805162,0.4931337,0.07060003,-0.8670837,-0.1882279,0.003065172,-0.04119832,-0.3586336,-0.3599473,-2.577984,-0.3085511,-0.008461304,2.020036,-0.4719833,0.04736953,0.880334,-0.2000434,0.966755,-0.1592712,-0.8586119,-0.2512784,-0.4468163,moving,56.44579,24.1584,-8.684538,-0.2399928
05/11/2023 13:10:10.978210,3555,True,True,True,True,Eyes,1.084827,0.1667816,-2.039392,-0.8065888,-0.2396712,-0.5403447,0.0,0.0,0.0,0.0,0.0,0.0,0.0,2.235864,-0.3023852,-0.07734561,0.9399406,0.1703765,-2.04548,0.04482531,-0.8509042,0.1199736,0.5094694,14.46842,242.1666,2.720687,0.4909128,0.07073439,-0.868332,-0.1769342,0.002881262,-0.03872642,-0.3649509,-0.3514666,-2.600713,-0.3117714,-0.006414458,2.019781,-0.4768631,0.0459617,0.8777751,-0.1985299,0.967194,-0.1584979,-0.8562636,-0.2498464,-0.4520944,moving,56.18134,23.91979,-8.774867,-0.1819604
05/11/2023 13:10:10.988397,3556,True,True,True,True,Eyes,1.077889,0.1667511,-2.039944,-0.8042324,-0.2386622,-0.544289,0.0,0.0,0.0,0.0,0.0,0.0,0.0,2.228767,-0.3069602,-0.1019402,0.9280308,0.1695191,-2.045003,0.04366947,-0.8526633,0.1187952,0.5068984,14.29158,241.8029,2.718638,0.4886768,0.07086438,-0.8695818,-0.1663181,0.002708386,-0.03640283,-0.3702249,-0.3473403,-2.62253,-0.3149024,-0.004424043,2.019531,-0.4822944,0.04596348,0.8748029,-0.1949049,0.9679614,-0.1583127,-0.854052,-0.2468566,-0.4578837,moving,55.91062,23.6767,-8.862675,-0.1255136
05/11/2023 13:10:11.008120,3557,True,True,True,True,Eyes,1.070754,0.1666522,-2.040452,-0.8017443,-0.2378373,-0.548306,0.0,0.0,0.0,0.0,0.0,0.0,0.0,2.220845,-0.3122065,-0.1285686,0.9161111,0.1682431,-2.04416,0.04254901,-0.8546489,0.1180601,0.5038121,14.16253,241.3779,2.732929,0.4864206,0.07098866,-0.8708358,-0.1563391,0.002545883,-0.03421866,-0.3755247,-0.3441793,-2.643856,-0.3182196,-0.002315745,2.019269,-0.4887261,0.0462313,0.8712118,-0.1916892,0.9685028,-0.1589265,-0.8511184,-0.2446733,-0.4644705,moving,55.63212,23.44964,-8.955675,-0.06570812
05/11/2023 13:10:11.028104,3558,True,True,True,True,Eyes,1.063423,0.1664872,-2.040895,-0.7991684,-0.2370306,-0.5524005,0.0,0.0,0.0,0.0,0.0,0.0,0.0,2.212364,-0.317159,-0.1555519,0.9039201,0.1665776,-2.043164,-0.04177557,0.8566128,-0.1178754,-0.5005745,14.1092,240.9407,2.744623,0.4841394,0.07110525,-0.8720966,-0.1469587,0.00239313,-0.03216554,-0.3795834,-0.3457742,-2.66467,-0.3213165,-0.0003472194,2.019023,-0.4953602,0.04643984,0.8674456,-0.1895818,0.9687204,-0.1601236,-0.8477483,-0.2437707,-0.4710613,moving,55.34703,23.22378,-9.042483,-0.009853384
05/11/2023 13:10:11.048008,3559,True,True,True,True,Eyes,1.055904,0.1662585,-2.041281,-0.7964097,-0.2364277,-0.5566269,0.0,0.0,0.0,0.0,0.0,0.0,0.0,2.203168,-0.3239715,-0.1825166,0.8917882,0.1648243,-2.042,-0.04067454,0.8585993,-0.1180165,-0.4972173,14.06993,240.4971,2.807637,0.4818292,0.07121249,-0.8733664,-0.1381412,0.002249542,-0.03023561,-0.3830501,-0.3506393,-2.684338,-0.3244041,0.001615241,2.018778,-0.5022413,0.0475134,0.8634214,-0.1872059,0.9688354,-0.1622095,-0.8442203,-0.2431059,-0.4776944,moving,55.04952,23.0134,-9.129004,0.04584283
05/11/2023 13:10:11.058140,3560,True,True,True,True,Eyes,0.8629054,0.1589901,-2.049068,-0.7180082,-0.2189692,-0.6606942,0.0,0.0,0.0,0.0,0.0,0.0,0.0,2.193084,-0.3327588,-0.2105784,0.8795162,0.1631395,-2.040716,-0.03935257,0.8607101,-0.1185575,-0.4935319,14.05958,240.0192,2.912071,0.4794864,0.07130894,-0.8746468,-0.1298527,0.002114569,-0.02842147,-0.3882079,-0.3525724,-2.702605,-0.3276805,0.003697932,2.018518,-0.5097556,0.04928147,0.8589069,-0.1847661,0.968791,-0.1652437,-0.8402447,-0.2429307,-0.4847411,moving,47.38047,18.33638,-9.220794,0.1049659
05/11/2023 13:10:11.078234,3561,True,True,True,True,Eyes,0.862419,0.1589082,-2.049007,-0.7177067,-0.2190088,-0.6610085,0.0,0.0,0.0,0.0,0.0,0.0,0.0,2.18179,-0.3425214,-0.2413735,0.8668776,0.1613585,-2.039185,-0.03740743,0.8631481,-0.1185732,-0.4894043,13.96371,239.4789,3.04108,0.4662686,0.07134906,-0.8817608,-0.7010564,-0.01981759,-0.05007644,-0.3938508,-0.3548449,-2.719611,-0.3309143,0.005753413,2.018262,-0.5181682,0.05148418,0.8537277,-0.1806368,0.9690821,-0.1680778,-0.8359855,-0.2413072,-0.4928476,moving,47.3549,18.33134,-9.311366,0.1633313
05/11/2023 13:10:11.088714,3562,True,True,True,True,Eyes,0.8614517,0.1587477,-2.048857,-0.7171363,-0.2191371,-0.6615849,0.0,0.0,0.0,0.0,0.0,0.0,0.0,2.170084,-0.3490722,-0.2726123,0.8543569,0.1593513,-2.037183,-0.03629923,0.8656186,-0.1186299,-0.4850915,13.92157,238.9093,3.085803,0.4554557,0.07136882,-0.8873927,-0.658993,-0.01862854,-0.04707185,-0.399468,-0.3563335,-2.736783,-0.3340451,0.007743537,2.018013,-0.5267372,0.05225016,0.8484209,-0.1779353,0.9692186,-0.1701596,-0.8311961,-0.2405934,-0.5012263,moving,47.30732,18.32645,-9.399037,0.2198548
05/11/2023 13:10:11.108351,3563,True,True,True,True,Eyes,0.8600244,0.1585243,-2.048608,-0.7162852,-0.2194491,-0.6624029,0.0,0.0,0.0,0.0,0.0,0.0,0.0,2.158088,-0.3533862,-0.3028927,0.8417425,0.1573217,-2.034869,-0.03657656,0.8678997,-0.1197247,-0.4807061,14.06268,238.338,3.050143,0.4465913,0.07137304,-0.8918864,-0.6194534,-0.01751082,-0.04424754,-0.4048868,-0.3604634,-2.753486,-0.3372768,0.009797394,2.017755,-0.5351675,0.05161522,0.8431675,-0.1785944,0.9686564,-0.1726529,-0.8256511,-0.2429832,-0.5091752,moving,47.23811,18.32965,-9.489515,0.2782027
05/11/2023 13:10:11.132183,3564,True,True,True,True,Eyes,0.8581557,0.1582508,-2.048266,-0.7151576,-0.2198536,-0.6634862,0.0,0.0,0.0,0.0,0.0,0.0,0.0,2.14524,-0.3605088,-0.3321326,0.8292533,0.1556099,-2.032353,-0.03671048,0.8700911,-0.1215807,-0.476248,14.27281,237.7732,3.071146,0.4392987,0.07136475,-0.8955015,-0.5822862,-0.01646017,-0.04159269,-0.411137,-0.3639606,-2.769017,-0.3404249,0.01179864,2.017506,-0.5436806,0.05192221,0.8376848,-0.179688,0.967741,-0.176606,-0.8198317,-0.2465391,-0.5168122,moving,47.14643,18.33319,-9.577618,0.3350693
05/11/2023 13:10:11.142072,3565,True,True,True,True,Eyes,0.8558838,0.1579486,-2.047844,-0.7137083,-0.2201857,-0.664935,0.0,0.0,0.0,0.0,0.0,0.0,0.0,2.131273,-0.3687721,-0.3635561,0.8166744,0.1541589,-2.029721,-0.03636479,0.8725669,-0.1230388,-0.4713449,14.41834,237.1476,3.108916,0.433268,0.07134591,-0.8984364,-0.547349,-0.01547256,-0.03909713,-0.4171208,-0.3691637,-2.784149,-0.3436194,0.01382877,2.017254,-0.5530232,0.052526,0.8315086,-0.1794488,0.9670781,-0.1804384,-0.8136114,-0.2489999,-0.525391,moving,47.02615,18.32171,-9.666989,0.3927705
05/11/2023 13:10:11.158274,3566,True,True,True,True,Eyes,0.8532038,0.1576031,-2.047311,-0.7119466,-0.2204667,-0.6667282,0.0,0.0,0.0,0.0,0.0,0.0,0.0,2.115871,-0.3733397,-0.400883,0.8040537,0.1532282,-2.026577,-0.0365533,0.8757367,-0.1233769,-0.4653252,14.484,236.3504,3.007466,0.4282447,0.07131831,-0.9008438,-0.5145081,-0.01454421,-0.0367513,-0.4243802,-0.3681717,-2.800952,-0.346844,0.01587841,2.016999,-0.5642731,0.05079859,0.8240241,-0.1788428,0.9668841,-0.182073,-0.8059849,-0.2501096,-0.5365016,moving,46.87854,18.29748,-9.757179,0.4510399
05/11/2023 13:10:11.178177,3567,True,True,True,True,Eyes,0.8501272,0.1572294,-2.046652,-0.7097626,-0.2203841,-0.6690799,0.0,0.0,0.0,0.0,0.0,0.0,0.0,2.100485,-0.3724114,-0.4388506,0.7914296,0.1518114,-2.023341,-0.03732745,0.878957,-0.1225923,-0.4593611,14.46569,235.5382,2.782742,0.4238353,0.07128192,-0.9029297,-0.4836376,-0.01367156,-0.03454622,-0.4326521,-0.362905,-2.818855,-0.3503744,0.01812258,2.016717,-0.5751881,0.0470098,0.8166693,-0.1782467,0.9671556,-0.1812131,-0.798365,-0.2498002,-0.547917,moving,46.69002,18.23105,-9.855905,0.514856
05/11/2023 13:10:11.197964,3568,True,True,True,True,Eyes,0.8466759,0.1569111,-2.045888,-0.7073004,-0.2205769,-0.671619,0.0,0.0,0.0,0.0,0.0,0.0,0.0,2.085656,-0.3693225,-0.4726923,0.7789425,0.1506828,-2.019984,-0.03909038,0.8816858,-0.122258,-0.4540432,14.54165,234.8124,2.492174,0.419753,0.07123702,-0.9048383,-0.4546193,-0.01285126,-0.03247345,-0.4410509,-0.3584213,-2.835954,-0.3531443,0.01988313,2.016497,-0.5846336,0.04208998,0.8102051,-0.1799517,0.9670498,-0.1800888,-0.7910886,-0.2510838,-0.5577957,moving,46.48228,18.18151,-9.933341,0.5649314
05/11/2023 13:10:11.207813,3569,True,True,True,True,Eyes,0.84283,0.1567521,-2.045038,-0.704503,-0.2205691,-0.6745553,0.0,0.0,0.0,0.0,0.0,0.0,0.0,2.068786,-0.3816266,-0.5017099,0.7663616,0.1517529,-2.016653,-0.03988399,0.8839201,-0.1255844,-0.4486906,14.93981,234.1542,2.502587,0.4159532,0.07118789,-0.9065952,-0.4273421,-0.01208019,-0.03052504,-0.4499061,-0.35373,-2.852646,-0.3565025,0.0220177,2.016231,-0.5941721,0.04218851,0.8032306,-0.1832055,0.9652757,-0.1862219,-0.7831956,-0.2578042,-0.5658107,moving,46.24404,18.10694,-10.02719,0.625658
05/11/2023 13:10:11.227950,3570,True,True,True,True,Eyes,0.8386225,0.1567609,-2.04411,-0.7014465,-0.2205236,-0.6777478,0.0,0.0,0.0,0.0,0.0,0.0,0.0,2.049594,-0.4032969,-0.5322132,0.7529948,0.1554363,-2.013846,-0.03759744,0.8864861,-0.1276857,-0.4431989,15.05282,233.4904,2.76124,0.4123946,0.071143,-0.908223,-0.4017016,-0.01135538,-0.02869354,-0.457185,-0.3556746,-2.867845,-0.3598141,0.02412246,2.015969,-0.6043223,0.04652107,0.7953805,-0.1798395,0.9645656,-0.1930568,-0.7761779,-0.2597094,-0.5745422,moving,45.98442,18.0237,-10.11971,0.685551
05/11/2023 13:10:11.238202,3571,True,True,True,True,Eyes,0.8340301,0.1569141,-2.043068,-0.698132,-0.2201211,-0.6812917,0.0,0.0,0.0,0.0,0.0,0.0,0.0,2.028534,-0.4252992,-0.5669539,0.7399622,0.1594882,-2.011041,-0.03381135,0.889654,-0.12804,-0.4370106,14.91433,232.7238,3.069828,0.4090404,0.07111024,-0.909741,-0.3775995,-0.01067405,-0.02697193,-0.4657615,-0.3548074,-2.882596,-0.3629559,0.0261197,2.015719,-0.6157572,0.05174886,0.7862348,-0.1720705,0.9649251,-0.1982708,-0.768918,-0.2573745,-0.5852551,moving,45.69944,17.90532,-10.20745,0.7423974
05/11/2023 13:10:11.263198,3572,True,True,True,True,Eyes,0.8291246,0.1571736,-2.041943,-0.6945899,-0.2198431,-0.6849918,0.0,0.0,0.0,0.0,0.0,0.0,0.0,2.009004,-0.4399486,-0.5979385,0.7267345,0.1629938,-2.008101,-0.03171179,0.892304,-0.1281189,-0.4317101,14.83419,232.054,3.203936,0.4058576,0.07109585,-0.9111665,-0.3549436,-0.01003361,-0.02535361,-0.4737045,-0.3564988,-2.896649,-0.3662927,0.02824079,2.015455,-0.6252417,0.05402733,0.7785589,-0.1672135,0.9651598,-0.2012614,-0.7623075,-0.2560226,-0.594424,moving,45.39862,17.79365,-10.30062,0.8027825
05/11/2023 13:10:11.278299,3573,True,True,True,True,Eyes,0.8239433,0.157521,-2.040748,-0.6909156,-0.2192403,-0.68889,0.0,0.0,0.0,0.0,0.0,0.0,0.0,1.988305,-0.4591898,-0.6270928,0.7142001,0.1658255,-2.004963,-0.02944483,0.894785,-0.1299641,-0.4261484,14.93218,231.3847,3.445783,0.4028177,0.07110349,-0.9125139,-0.333647,-0.009431594,-0.02383239,-0.4833983,-0.3529944,-2.910929,-0.3695251,0.03029534,2.015199,-0.6350613,0.0580744,0.7702758,-0.1634616,0.9644847,-0.2074841,-0.7549688,-0.2576755,-0.603014,moving,45.08411,17.65375,-10.39084,0.861287
05/11/2023 13:10:11.288109,3574,True,True,True,True,Eyes,0.8185186,0.1579302,-2.039492,-0.6870346,-0.218858,-0.6928814,0.0,0.0,0.0,0.0,0.0,0.0,0.0,1.969482,-0.4673844,-0.6567993,0.7021201,0.1682534,-2.001851,-0.02846514,0.8973329,-0.1295648,-0.4209472,14.8619,230.7122,3.439911,0.3998969,0.07113557,-0.9137952,-0.3136281,-0.008865698,-0.02240245,-0.4951938,-0.3464697,-2.922303,-0.372427,0.03213993,2.014969,-0.6439866,0.05799448,0.7628357,-0.1601653,0.9648054,-0.2085609,-0.7480834,-0.2564902,-0.6120331,moving,44.75724,17.52958,-10.47181,0.9138238
05/11/2023 13:10:11.314000,3575,True,True,True,True,Eyes,0.8128605,0.1583994,-2.03821,-0.682994,-0.2183495,-0.6970242,0.0,0.0,0.0,0.0,0.0,0.0,0.0,1.954181,-0.4672253,-0.682251,0.690724,0.1701735,-1.999132,-0.03207926,0.8992289,-0.1312622,-0.4160873,15.23419,230.071,3.06202,0.3970739,0.07119302,-0.915021,-0.2948104,-0.008333757,-0.0210583,-0.51113,-0.3224589,-2.936085,-0.3758587,0.03432089,2.014696,-0.6516846,0.05153981,0.7567369,-0.1669262,0.9634823,-0.2093739,-0.7398938,-0.262765,-0.6192833,moving,44.41751,17.39366,-10.56754,0.9759548
05/11/2023 13:10:11.328383,3576,True,True,True,True,Eyes,0.8069935,0.1589157,-2.036903,-0.6788282,-0.2177916,-0.7012554,0.0,0.0,0.0,0.0,0.0,0.0,0.0,1.940246,-0.4637235,-0.7070949,0.6793114,0.1720286,-1.997128,-0.03559395,0.9010248,-0.1316699,-0.411765,15.46136,229.4781,2.633964,0.3943298,0.07127647,-0.9162004,-0.2771218,-0.007833731,-0.01979481,-0.5157213,-0.3353971,-2.948265,-0.3788139,0.03619952,2.014461,-0.6583652,0.04429206,0.7513943,-0.1725762,0.9627922,-0.207963,-0.7326477,-0.2665884,-0.6262252,moving,44.06899,17.25343,-10.64995,1.029485
05/11/2023 13:10:11.347357,3577,True,True,True,True,Eyes,0.8009181,0.1594678,-2.035579,-0.6744962,-0.2170185,-0.7056612,0.0,0.0,0.0,0.0,0.0,0.0,0.0,1.925677,-0.4607872,-0.7328746,0.6683347,0.1736351,-1.995205,-0.03719928,0.9030523,-0.1304246,-0.4075563,15.41937,228.8952,2.326034,0.3916485,0.07138587,-0.9173412,-0.2604945,-0.007363707,-0.01860712,-0.5227523,-0.328684,-2.96847,-0.3819801,0.03821197,2.01421,-0.6650279,0.03912494,0.7457926,-0.1734965,0.9632113,-0.2052389,-0.7263858,-0.2658821,-0.6337743,moving,43.70644,17.09471,-10.7382,1.086839
05/11/2023 13:10:11.358062,3578,True,True,True,True,Eyes,0.7946536,0.1600681,-2.034262,-0.6699721,-0.2161597,-0.7102199,0.0,0.0,0.0,0.0,0.0,0.0,0.0,1.908451,-0.4646176,-0.7616882,0.6574813,0.1749428,-1.993825,-0.03727453,0.905433,-0.1298941,-0.4024043,15.38001,228.2212,2.201645,0.3890148,0.07152066,-0.9184507,-0.2448648,-0.006921885,-0.01749069,-0.5258086,-0.3275598,-2.989338,-0.3852516,0.04029149,2.01395,-0.6733626,0.03704073,0.7383836,-0.1720391,0.9634762,-0.205222,-0.7190166,-0.2652197,-0.6423964,moving,43.32967,16.92794,-10.82937,1.146118
05/11/2023 13:10:11.378410,3579,True,True,True,True,Eyes,0.7882125,0.1606803,-2.032972,-0.6653325,-0.2149954,-0.7149193,0.0,0.0,0.0,0.0,0.0,0.0,0.0,1.889472,-0.4700072,-0.7929413,0.6465586,0.1766685,-1.992616,-0.03618536,0.9081315,-0.1285765,-0.3968071,15.20337,227.4936,2.156847,0.3864155,0.07168081,-0.919535,-0.2301729,-0.006506572,-0.01644125,-0.524762,-0.3481329,-3.005735,-0.3884577,0.04232925,2.013695,-0.6824696,0.03631801,0.7300112,-0.1677623,0.9643174,-0.2048116,-0.7114009,-0.262246,-0.6520244,moving,42.94248,16.73744,-10.91868,1.204219
05/11/2023 13:10:11.398299,3580,True,True,True,True,Eyes,0.7816141,0.1613097,-2.031702,-0.6605473,-0.2138136,-0.7196951,0.0,0.0,0.0,0.0,0.0,0.0,0.0,1.870172,-0.4742413,-0.8247354,0.6356004,0.1774805,-1.99177,-0.0338571,0.9108933,-0.126098,-0.3914416,14.84647,226.7958,2.196045,0.3838391,0.07186455,-0.9205991,-0.2163626,-0.006116178,-0.01545477,-0.5281348,-0.3528436,-3.021777,-0.3917816,0.04444198,2.013433,-0.6912545,0.0370396,0.7216617,-0.1604004,0.965906,-0.2032175,-0.7045844,-0.2562298,-0.6617458,moving,42.5462,16.54612,-11.01124,1.26447
05/11/2023 13:10:11.408369,3581,True,True,True,True,Eyes,0.7748458,0.1619739,-2.030482,-0.6555913,-0.2123608,-0.7246399,0.0,0.0,0.0,0.0,0.0,0.0,0.0,1.851684,-0.4822892,-0.851614,0.6251172,0.1785121,-1.990965,-0.03213646,0.9131182,-0.1255832,-0.386538,14.7255,226.1815,2.27527,0.3812755,0.07207052,-0.9216476,-0.2033808,-0.005749207,-0.01452749,-0.5288525,-0.3673847,-3.035244,-0.3946638,0.04627416,2.013203,-0.6991118,0.03839654,0.7139812,-0.1557741,0.9663922,-0.2045006,-0.697838,-0.2541884,-0.669635,moving,42.13606,16.3336,-11.09148,1.316731
05/11/2023 13:10:11.428103,3582,True,True,True,True,Eyes,0.7679374,0.1626682,-2.029325,-0.6504793,-0.2106747,-0.7297211,0.0,0.0,0.0,0.0,0.0,0.0,0.0,1.83242,-0.4897861,-0.88153,0.6144541,0.1799043,-1.991188,-0.02924089,0.9156361,-0.1236765,-0.3813919,14.40591,225.5317,2.413702,0.3787151,0.07229827,-0.9226849,-0.191178,-0.005404254,-0.01365584,-0.5299335,-0.3768027,-3.050634,-0.3980119,0.04840216,2.012938,-0.7073706,0.04079041,0.7056651,-0.1478865,0.9676982,-0.2041809,-0.6911995,-0.2487898,-0.6784889,moving,41.71407,16.10374,-11.18464,1.377442
05/11/2023 13:10:11.438115,3583,True,True,True,True,Eyes,0.7608961,0.1633653,-2.02825,-0.6451711,-0.2088248,-0.7349465,0.0,0.0,0.0,0.0,0.0,0.0,0.0,1.812852,-0.4917981,-0.9140847,0.604067,0.1812574,-1.991506,-0.02665668,0.9184241,-0.1203318,-0.3759083,13.94983,224.8182,2.45097,0.3761503,0.07254699,-0.9237139,-0.1797073,-0.005079999,-0.01283649,-0.5346679,-0.3690044,-3.068781,-0.4011421,0.05039179,2.012691,-0.715965,0.04150322,0.6969019,-0.1394318,0.9696193,-0.2009904,-0.6840713,-0.2410723,-0.6884266,moving,41.27821,15.86176,-11.27172,1.434216
05/11/2023 13:10:11.458331,3584,True,True,True,True,Eyes,0.7537276,0.1640524,-2.027237,-0.6392875,-0.2071067,-0.7405527,0.0,0.0,0.0,0.0,0.0,0.0,0.0,1.793106,-0.4905484,-0.9482405,0.5937072,0.1819609,-1.992342,-0.02562792,0.921258,-0.1174793,-0.3698996,13.6162,224.0319,2.340556,0.3735734,0.07281478,-0.9247381,-0.1689249,-0.004775199,-0.0120663,-0.542119,-0.3521041,-3.086922,-0.4043798,0.05244958,2.012434,-0.7250351,0.03969124,0.6875673,-0.1341309,0.9710836,-0.197498,-0.6755243,-0.235417,-0.6987459,moving,40.80264,15.62445,-11.36175,1.492948
05/11/2023 13:10:11.478280,3585,True,True,True,True,Eyes,0.7464593,0.1647283,-2.02632,-0.6329966,-0.2058013,-0.7462984,0.0,0.0,0.0,0.0,0.0,0.0,0.0,1.773829,-0.4889784,-0.9803922,0.5837569,0.1822964,-1.993172,-0.02610122,0.9238424,-0.1159759,-0.3638455,13.49029,223.2451,2.13155,0.3709783,0.0730993,-0.9257597,-0.1587894,-0.004488687,-0.01134232,-0.5506333,-0.330108,-3.105456,-0.4078443,0.05465162,2.012159,-0.7338702,0.03616777,0.6783261,-0.1326214,0.9717367,-0.1952932,-0.6662176,-0.2332805,-0.7083319,moving,40.304,15.41687,-11.45805,1.55581
05/11/2023 13:10:11.498070,3586,True,True,True,True,Eyes,0.7391099,0.165391,-2.025499,-0.6265231,-0.2046226,-0.7520627,0.0,0.0,0.0,0.0,0.0,0.0,0.0,1.75493,-0.4926156,-1.009054,0.5738767,0.1827039,-1.994473,-0.02745467,0.9259961,-0.1168339,-0.3579491,13.65235,222.5001,1.934034,0.3683606,0.07339821,-0.9267808,-0.149262,-0.004219366,-0.01066178,-0.5603215,-0.3033492,-3.123564,-0.4107987,0.05652983,2.011923,-0.7422373,0.03279531,0.6693342,-0.134487,0.9711922,-0.1967206,-0.6565036,-0.2360301,-0.7164446,moving,39.79676,15.22069,-11.54014,1.609439
05/11/2023 13:10:11.508464,3587,True,True,True,True,Eyes,0.7317184,0.1660236,-2.024805,-0.6197302,-0.2037344,-0.7579095,0.0,0.0,0.0,0.0,0.0,0.0,0.0,1.736737,-0.4945177,-1.036838,0.5644555,0.1830537,-1.995926,-0.02933818,0.9280564,-0.1175723,-0.3521753,13.82114,221.764,1.673428,0.3657168,0.07370934,-0.9278026,-0.1403063,-0.003966204,-0.01002207,-0.5656919,-0.2869837,-3.142473,-0.4139833,0.05855374,2.011672,-0.7502234,0.02835715,0.6605758,-0.1372671,0.9706321,-0.1975631,-0.6467784,-0.2388918,-0.7242984,moving,39.2723,15.04606,-11.6286,1.667238
05/11/2023 13:10:11.528169,3588,True,True,True,True,Eyes,0.7242712,0.1666243,-2.024218,-0.6127719,-0.2031034,-0.7637144,0.0,0.0,0.0,0.0,0.0,0.0,0.0,1.719331,-0.4974397,-1.062702,0.5553236,0.1830409,-1.997746,-0.03189347,0.9298677,-0.1192296,-0.3465734,14.11343,221.0528,1.378459,0.3630446,0.07402973,-0.9288259,-0.1318879,-0.003728232,-0.009420751,-0.5663444,-0.2853796,-3.161646,-0.4173609,0.06070091,2.011404,-0.7577395,0.02333019,0.6521401,-0.141957,0.9695343,-0.1996286,-0.6369296,-0.2438423,-0.7313425,moving,38.74207,14.89262,-11.72238,1.728569
05/11/2023 13:10:11.538069,3589,True,True,True,True,Eyes,0.7167736,0.1671921,-2.023737,-0.6055662,-0.2027049,-0.7695456,0.0,0.0,0.0,0.0,0.0,0.0,0.0,1.701628,-0.5044501,-1.086701,0.5464104,0.1829102,-1.999726,-0.03410345,0.9314862,-0.1218807,-0.3410506,14.49659,220.3665,1.160074,0.3603417,0.07435682,-0.9298519,-0.1239746,-0.003504538,-0.008855506,-0.5643894,-0.2869072,-3.182266,-0.4203532,0.06260274,2.011167,-0.7650428,0.01960116,0.6436809,-0.1466687,0.9679641,-0.2037984,-0.6270547,-0.2503224,-0.7376592,moving,38.1997,14.75699,-11.80542,1.782903
05/11/2023 13:10:11.558380,3590,True,True,True,True,Eyes,0.7092344,0.1677352,-2.023368,-0.598239,-0.2025552,-0.7752944,0.0,0.0,0.0,0.0,0.0,0.0,0.0,1.683042,-0.5148931,-1.11004,0.5376616,0.182755,-2.001863,-0.03489785,0.9330854,-0.1244933,-0.3356118,14.81803,219.7074,1.092797,0.3576066,0.07468805,-0.9308805,-0.1165362,-0.003294265,-0.008324175,-0.5594267,-0.3014345,-3.200137,-0.4236459,0.0646956,2.010906,-0.7722939,0.01843748,0.634998,-0.1486882,0.9665671,-0.2089015,-0.6176198,-0.25575,-0.7437325,moving,37.65479,14.64194,-11.89677,1.842705
05/11/2023 13:10:11.577879,3591,True,True,True,True,Eyes,0.7017202,0.1682588,-2.02316,-0.5909124,-0.2024705,-0.780915,0.0,0.0,0.0,0.0,0.0,0.0,0.0,1.663774,-0.5306436,-1.131426,0.5290016,0.1826733,-2.004154,-0.03414659,0.9345387,-0.1275896,-0.3304431,15.13189,219.1077,1.216818,0.354838,0.07502167,-0.9319127,-0.109544,-0.003096609,-0.007824725,-0.5559862,-0.3157467,-3.216443,-0.4269342,0.0667856,2.010645,-0.7792831,0.02049959,0.6263372,-0.1481448,0.9651098,-0.2159078,-0.6089101,-0.2610418,-0.7490568,moving,37.11452,14.53521,-11.98796,1.902437
05/11/2023 13:10:11.587773,3592,True,True,True,True,Eyes,0.6941631,0.1687739,-2.023102,-0.5835152,-0.2024098,-0.7864733,0.0,0.0,0.0,0.0,0.0,0.0,0.0,1.644819,-0.5439555,-1.153216,0.5205194,0.1828785,-2.006698,-0.03313489,0.9360488,-0.1296661,-0.3254253,15.32616,218.5196,1.328585,0.3520367,0.07535587,-0.9329475,-0.1029713,-0.002910813,-0.007355241,-0.5584823,-0.3086292,-3.23296,-0.4300573,0.068771,2.010397,-0.7860011,0.02236153,0.6178208,-0.146425,0.9641775,-0.2211818,-0.6006349,-0.2643135,-0.7545705,moving,36.57316,14.43265,-12.07453,1.959191
05/11/2023 13:10:11.614047,3593,True,True,True,True,Eyes,0.6865598,0.1692749,-2.023197,-0.576092,-0.2020851,-0.7920098,0.0,0.0,0.0,0.0,0.0,0.0,0.0,1.626159,-0.5551738,-1.176529,0.5118235,0.1833045,-2.010291,-0.03103364,0.9376758,-0.1302371,-0.3206857,15.31613,217.9638,1.505,0.3492012,0.07568978,-0.9339856,0.0,0.0,0.0,-0.5581635,-0.3161299,-3.245677,-0.4333111,0.07083908,2.010138,-0.7923952,0.02533136,0.6094819,-0.1417293,0.9641504,-0.2243363,-0.593315,-0.2641445,-0.760398,moving,36.03139,14.31388,-12.1647,2.01832
05/11/2023 13:10:11.630162,3594,True,True,True,True,Eyes,0.6789331,0.1697384,-2.023434,-0.5686056,-0.2016459,-0.7975127,0.0,0.0,0.0,0.0,0.0,0.0,0.0,1.607546,-0.5617275,-1.201455,0.5030285,0.1834729,-2.014084,-0.02843529,0.9394578,-0.1291756,-0.316108,15.11084,217.4164,1.676183,0.3463299,0.07602224,-0.9350271,0.0,0.0,0.0,-0.5564348,-0.3272845,-3.258638,-0.4364545,0.07283717,2.009888,-0.7985345,0.02823935,0.6012865,-0.1350944,0.9650102,-0.2247328,-0.5865939,-0.2606872,-0.7667789,moving,35.48787,14.18948,-12.25177,2.075457
05/11/2023 13:10:11.637827,3595,True,True,True,True,Eyes,0.6712983,0.1701465,-2.023836,-0.5610484,-0.2010761,-0.8029901,0.0,0.0,0.0,0.0,0.0,0.0,0.0,1.588824,-0.5653362,-1.227026,0.4947285,0.1830186,-2.017748,-0.02630419,0.9413022,-0.1278002,-0.3113283,14.89068,216.8354,1.782165,0.343422,0.07635121,-0.9360722,0.0,0.0,0.0,-0.5572898,-0.3256254,-3.273224,-0.439665,0.07487816,2.009635,-0.8047656,0.03005523,0.5928314,-0.129096,0.9659504,-0.2242187,-0.5793847,-0.2569757,-0.7734836,moving,34.94196,14.05831,-12.34064,2.133829
05/11/2023 13:10:11.657739,3596,True,True,True,True,Eyes,0.6636558,0.1705091,-2.024384,-0.5533479,-0.2005612,-0.8084437,0.0,0.0,0.0,0.0,0.0,0.0,0.0,1.568461,-0.5697749,-1.25411,0.4863944,0.1821198,-2.02182,-0.02457904,0.943226,-0.1270335,-0.305914,14.75466,216.1792,1.858121,0.340478,0.07667381,-0.9371207,0.0,0.0,0.0,-0.5569158,-0.328073,-3.287405,-0.4429103,0.07694064,2.009378,-0.8116252,0.03135544,0.5833366,-0.1240898,0.9665167,-0.2246044,-0.5708472,-0.2546806,-0.7805585,moving,34.39011,13.93282,-12.43046,2.192829
05/11/2023 13:10:11.678537,3597,True,True,True,True,Eyes,0.6559935,0.1708437,-2.025091,-0.5455634,-0.2000049,-0.8138541,0.0,0.0,0.0,0.0,0.0,0.0,0.0,1.547467,-0.5765389,-1.280213,0.4784244,0.1814007,-2.025883,-0.02380483,0.945036,-0.1275359,-0.3001247,14.79378,215.4805,1.870612,0.3374977,0.07698809,-0.9381724,0.0,0.0,0.0,-0.5590402,-0.3209499,-3.302326,-0.4461471,0.07899761,2.009121,-0.8187171,0.03156047,0.5733292,-0.1215462,0.9663358,-0.2267632,-0.5611853,-0.2553408,-0.7873195,moving,33.83575,13.80685,-12.52,2.251681
05/11/2023 13:10:11.697811,3598,True,True,True,True,Eyes,0.6483241,0.17114,-2.025965,-0.5376447,-0.1994038,-0.8192534,0.0,0.0,0.0,0.0,0.0,0.0,0.0,1.52563,-0.5830203,-1.307446,0.4702368,0.1810783,-2.030508,-0.02331512,0.9468977,-0.1279622,-0.2940527,14.83557,214.7437,1.843735,0.3344814,0.07729291,-0.939227,0.0,0.0,0.0,-0.5636762,-0.3062001,-3.317027,-0.4492956,0.08099879,2.00887,-0.8259792,0.03110117,0.5628424,-0.1194093,0.9661642,-0.2286224,-0.5509087,-0.2560459,-0.7943177,moving,33.27536,13.67962,-12.60706,2.308948
05/11/2023 13:10:11.708170,3599,True,True,True,True,Eyes,0.6406438,0.1713891,-2.027009,-0.5293394,-0.1986976,-0.8248146,0.0,0.0,0.0,0.0,0.0,0.0,0.0,1.50457,-0.5852612,-1.335227,0.4622548,0.1804349,-2.035401,-0.0226865,0.9487994,-0.1271927,-0.288248,14.74037,214.03,1.794027,0.3314289,0.07758681,-0.9402843,0.0,0.0,0.0,-0.5670202,-0.2953632,-3.331698,-0.452474,0.08301911,2.008618,-0.8327968,0.03027622,0.5527502,-0.116376,0.9666147,-0.2282821,-0.541208,-0.2544394,-0.8014702,moving,32.69104,13.54446,-12.6949,2.366771
05/11/2023 13:10:11.728234,3600,True,True,True,True,Eyes,0.6329618,0.1715826,-2.028231,-0.5209638,-0.1979322,-0.8303129,0.0,0.0,0.0,0.0,0.0,0.0,0.0,1.484322,-0.5868221,-1.362024,0.4542746,0.1795319,-2.040609,-0.0220501,0.9505686,-0.1263444,-0.2827905,14.63551,213.3598,1.749413,0.3283401,0.07786804,-0.9413441,0.0,0.0,0.0,-0.5703987,-0.2803444,-3.347233,-0.4556782,0.08505599,2.008365,-0.8390868,0.0295377,0.5431953,-0.1133782,0.9671018,-0.2277268,-0.5320517,-0.252669,-0.8081335,moving,32.10542,13.40808,-12.78342,2.425077
05/11/2023 13:10:11.747836,3601,True,True,True,True,Eyes,0.6252692,0.1717242,-2.029628,-0.5122852,-0.1970905,-0.8358942,0.0,0.0,0.0,0.0,0.0,0.0,0.0,1.464956,-0.5879478,-1.387796,0.4464321,0.1783691,-2.046128,-0.02117468,0.9522157,-0.125361,-0.2777079,14.50723,212.7388,1.734424,0.3252157,0.07813451,-0.9424061,0.0,0.0,0.0,-0.573329,-0.2709912,-3.361213,-0.4588102,0.08704661,2.008115,-0.8448601,0.02930178,0.5341846,-0.1099532,0.9676725,-0.2269807,-0.5235668,-0.2505022,-0.8143261,moving,31.50242,13.26711,-12.86992,2.48207
05/11/2023 13:10:11.757862,3602,True,True,True,True,Eyes,0.6175853,0.1718063,-2.031212,-0.5035863,-0.1961882,-0.8413745,0.0,0.0,0.0,0.0,0.0,0.0,0.0,1.445952,-0.5883516,-1.413087,0.4385222,0.1772396,-2.051837,-0.02036695,0.9537926,-0.1242441,-0.2728158,14.36624,212.1403,1.711909,0.3220561,0.07838456,-0.9434698,0.0,0.0,0.0,-0.57669,-0.2663601,-3.372878,-0.4620043,0.0890771,2.007862,-0.8503135,0.02893983,0.5254803,-0.1066432,0.9682972,-0.2258934,-0.5153584,-0.2481191,-0.82027,moving,30.9017,13.12546,-12.95808,2.540214
05/11/2023 13:10:11.778562,3603,True,True,True,True,Eyes,0.6099389,0.1718207,-2.03301,-0.4947905,-0.1952754,-0.846788,0.0,0.0,0.0,0.0,0.0,0.0,0.0,1.428336,-0.5885413,-1.437068,0.4309401,0.175874,-2.057924,-0.01955801,0.9552198,-0.123191,-0.2683215,14.23176,211.5923,1.699377,0.3188617,0.07861631,-0.9445349,0.0,0.0,0.0,-0.579944,-0.259236,-3.385682,-0.4652492,0.09113969,2.007605,-0.855242,0.02874523,0.5174308,-0.103474,0.968883,-0.2248534,-0.5077933,-0.2458447,-0.8256549,moving,30.29836,12.9858,-13.0476,2.599284
05/11/2023 13:10:11.788297,3604,True,True,True,True,Eyes,0.6023142,0.1717606,-2.035004,-0.4859981,-0.1942936,-0.8520891,0.0,0.0,0.0,0.0,0.0,0.0,0.0,1.411137,-0.5886335,-1.460705,0.4233237,0.1742956,-2.06443,-0.01861918,0.9565731,-0.1221232,-0.2640213,14.0915,211.0706,1.705408,0.3156343,0.07882749,-0.9456008,0.0,0.0,0.0,-0.5812846,-0.2542995,-3.399475,-0.4684845,0.09319621,2.00735,-0.8598922,0.02886504,0.509659,-0.1001075,0.9694785,-0.2238077,-0.5005637,-0.2434712,-0.8307575,moving,29.69873,12.84499,-13.13681,2.65819
05/11/2023 13:10:11.807982,3605,True,True,True,True,Eyes,0.5947039,0.1716229,-2.037197,-0.4771614,-0.1933,-0.8572935,0.0,0.0,0.0,0.0,0.0,0.0,0.0,1.394631,-0.5874676,-1.484083,0.4161211,0.1724227,-2.071166,-0.0178727,0.9578888,-0.1209282,-0.2598192,13.94314,210.5582,1.688582,0.3123752,0.07901583,-0.9466667,0.0,0.0,0.0,-0.5819904,-0.2523456,-3.41304,-0.471687,0.09523165,2.007095,-0.8643491,0.02859882,0.5020785,-0.09707907,0.9701139,-0.2223842,-0.4934332,-0.2409589,-0.8357408,moving,29.0999,12.70639,-13.22508,2.716504
05/11/2023 13:10:11.828298,3606,True,True,True,True,Eyes,0.5871214,0.1714059,-2.039603,-0.4683715,-0.192243,-0.8623635,0.0,0.0,0.0,0.0,0.0,0.0,0.0,1.378596,-0.5876604,-1.506321,0.4088137,0.1703935,-2.078151,-0.01739015,0.9590569,-0.1203151,-0.2557961,13.86734,210.0705,1.664245,0.3090855,0.07917914,-0.9477322,0.0,0.0,0.0,-0.5821103,-0.2513568,-3.426497,-0.474926,0.09729016,2.006838,-0.8685316,0.02819598,0.4948307,-0.09490857,0.9704437,-0.2218814,-0.4864615,-0.2396747,-0.840185,moving,28.50751,12.56721,-13.31432,2.775488
05/11/2023 13:10:11.843845,3607,True,True,True,True,Eyes,0.579607,0.1711053,-2.042236,-0.4596533,-0.1911448,-0.8672845,0.0,0.0,0.0,0.0,0.0,0.0,0.0,1.364015,-0.5863714,-1.528253,0.4018137,0.1682511,-2.085704,-0.0165235,0.9601704,-0.1191615,-0.2521912,13.71927,209.6343,1.673588,0.3057662,0.07931531,-0.9487969,0.0,0.0,0.0,-0.5811973,-0.2517458,-3.440332,-0.4779787,0.09923089,2.006596,-0.8722534,0.02837222,0.488231,-0.0918337,0.971055,-0.2204965,-0.4803551,-0.2371648,-0.8444004,moving,27.92321,12.42898,-13.39838,2.831105
05/11/2023 13:10:11.858052,3608,True,True,True,True,Eyes,0.572143,0.1707149,-2.045083,-0.4509658,-0.190146,-0.8720518,0.0,0.0,0.0,0.0,0.0,0.0,0.0,1.349879,-0.5845041,-1.549839,0.3950492,0.165956,-2.093374,-0.0159064,0.9612411,-0.1180499,-0.2486498,13.58332,209.2037,1.658128,0.3024205,0.07942215,-0.9498597,0.0,0.0,0.0,-0.5792899,-0.2493439,-3.45595,-0.4813181,0.1013533,2.00633,-0.8758405,0.02812641,0.4817804,-0.08928598,0.9716224,-0.2190387,-0.4742693,-0.2348592,-0.848475,moving,27.34493,12.3005,-13.4903,2.89194
05/11/2023 13:10:11.879823,3609,True,True,True,True,Eyes,0.5647532,0.1702631,-2.048169,-0.4422757,-0.1893494,-0.8766636,0.0,0.0,0.0,0.0,0.0,0.0,0.0,1.335321,-0.58959,-1.569347,0.3887038,0.1634259,-2.101368,-0.01530691,0.9620929,-0.1188866,-0.2449678,13.66586,208.7737,1.698055,0.2990502,0.07949746,-0.9509199,0.0,0.0,0.0,-0.5762587,-0.2483976,-3.471365,-0.4845372,0.1033992,2.006074,-0.8795132,0.02879344,0.4750031,-0.08770011,0.9712633,-0.2212605,-0.467724,-0.2362593,-0.8517138,moving,26.77089,12.18801,-13.57886,2.95059
05/11/2023 13:10:11.888837,3610,True,True,True,True,Eyes,0.5574149,0.1697629,-2.051487,-0.433576,-0.1886013,-0.8811592,0.0,0.0,0.0,0.0,0.0,0.0,0.0,1.318858,-0.5983903,-1.589356,0.3821533,0.1615834,-2.109824,-0.01374176,0.9629713,-0.1200286,-0.2410199,13.75627,208.327,1.85211,0.2956581,0.0795405,-0.9519765,0.0,0.0,0.0,-0.57227,-0.2532196,-3.485451,-0.4875407,0.1053085,2.005836,-0.883441,0.03139272,0.4674894,-0.08432441,0.9708086,-0.2245441,-0.4608918,-0.2377923,-0.855005,moving,26.19958,12.08117,-13.66145,3.005329
05/11/2023 13:10:11.908115,3611,True,True,True,True,Eyes,0.5501072,0.1692271,-2.055031,-0.4247713,-0.187874,-0.8855917,0.0,0.0,0.0,0.0,0.0,0.0,0.0,1.300906,-0.6054032,-1.611558,0.37594,0.1599507,-2.118744,-0.01152185,0.9640424,-0.1203001,-0.2366802,13.7333,207.8343,2.048892,0.2922461,0.07955125,-0.9530285,0.0,0.0,0.0,-0.5674632,-0.2604389,-3.498915,-0.4907516,0.1073494,2.005582,-0.8876994,0.03473018,0.4591116,-0.07916038,0.9707903,-0.2264947,-0.4535673,-0.2374027,-0.8590207,moving,25.62456,11.97745,-13.7497,3.063852
05/11/2023 13:10:11.928223,3612,True,True,True,True,Eyes,0.5428575,0.1686551,-2.058816,-0.4159045,-0.1871174,-0.8899497,0.0,0.0,0.0,0.0,0.0,0.0,0.0,1.281632,-0.6105273,-1.635467,0.3696832,0.158548,-2.127974,-0.009648688,0.9652365,-0.120156,-0.2319223,13.67613,207.2838,2.188655,0.2888146,0.07953037,-0.9540757,0.0,0.0,0.0,-0.5613446,-0.2653292,-3.513767,-0.4939542,0.109385,2.005329,-0.8922379,0.03710718,0.4500385,-0.07436024,0.9709389,-0.2274824,-0.445401,-0.2364334,-0.8635492,moving,25.04832,11.87383,-13.83767,3.122229
05/11/2023 13:10:11.938028,3613,True,True,True,True,Eyes,0.5356571,0.1680538,-2.062833,-0.4069037,-0.1864219,-0.8942462,0.0,0.0,0.0,0.0,0.0,0.0,0.0,1.260932,-0.6138523,-1.661208,0.3636984,0.157114,-2.137619,-0.007486616,0.9665706,-0.1194139,-0.2267721,13.5468,206.6852,2.339609,0.2853659,0.07947835,-0.9551172,0.0,0.0,0.0,-0.5514638,-0.2658563,-3.532147,-0.4970325,0.1113419,2.005084,-0.8970369,0.03968681,0.4401705,-0.06863219,0.9713685,-0.2274485,-0.4365945,-0.2342395,-0.8686296,moving,24.46669,11.77569,-13.9222,3.178358
05/11/2023 13:10:11.957886,3614,True,True,True,True,Eyes,0.5285065,0.1674477,-2.067095,-0.3978401,-0.1856919,-0.8984664,0.0,0.0,0.0,0.0,0.0,0.0,0.0,1.238382,-0.6196547,-1.686843,0.3576359,0.155831,-2.147281,-0.004988749,0.9678794,-0.1191635,-0.221325,13.46669,206.0606,2.539546,0.2819013,0.07939601,-0.9561524,0.0,0.0,0.0,-0.5415375,-0.2627473,-3.551061,-0.5004236,0.113497,2.004815,-0.9019807,0.04309068,0.4296207,-0.0624047,0.9715503,-0.2284634,-0.4272427,-0.23288,-0.8736306,moving,23.88372,11.67728,-14.01526,3.240182
05/11/2023 13:10:11.977944,3615,True,True,True,True,Eyes,0.5214214,0.1668881,-2.071612,-0.3887889,-0.1850001,-0.902562,0.0,0.0,0.0,0.0,0.0,0.0,0.0,1.216793,-0.6229759,-1.712816,0.3515547,0.1551169,-2.157491,-0.002893101,0.9691734,-0.1183301,-0.2160848,13.33329,205.4515,2.681971,0.278422,0.0792852,-0.9571804,0.0,0.0,0.0,-0.5332921,-0.2622086,-3.566807,-0.5034456,0.1154178,2.004575,-0.9065981,0.04553086,0.419532,-0.05674653,0.9719792,-0.2281145,-0.4181627,-0.2306151,-0.8786108,moving,23.30451,11.5836,-14.09815,3.295291
05/11/2023 13:10:11.988126,3616,True,True,True,True,Eyes,0.5143643,0.1664196,-2.076396,-0.3797017,-0.184221,-0.9065811,0.0,0.0,0.0,0.0,0.0,0.0,0.0,1.195301,-0.6312488,-1.736598,0.3451504,0.1557612,-2.167856,-0.0004290601,0.9702592,-0.1183283,-0.2111764,13.28526,204.8949,2.894382,0.2749303,0.07914995,-0.9582003,0.0,0.0,0.0,-0.5239069,-0.2729816,-3.579528,-0.506627,0.1174402,2.004323,-0.9108087,0.04914368,0.4098933,-0.05080888,0.9719965,-0.2294369,-0.4096902,-0.2297994,-0.882806,moving,22.72531,11.48635,-14.18537,3.353324
05/11/2023 13:10:12.013956,3617,True,True,True,True,Eyes,0.507351,0.1660522,-2.08142,-0.3701891,-0.1829967,-0.9107536,0.0,0.0,0.0,0.0,0.0,0.0,0.0,1.172274,-0.636739,-1.76305,0.3386448,0.1575053,-2.17911,0.003688607,0.971523,-0.1166907,-0.2061863,13.01548,204.3354,3.252997,0.2714258,0.0789959,-0.9592116,0.0,0.0,0.0,-0.5158786,-0.2734877,-3.593881,-0.5098749,0.1195049,2.004064,-0.9149472,0.05528717,0.3997686,-0.04095291,0.9727393,-0.2282564,-0.4014903,-0.2252143,-0.8877409,moving,22.12,11.3611,-14.27437,3.412579
05/11/2023 13:10:12.029849,3618,True,True,True,True,Eyes,0.5003568,0.1658077,-2.086682,-0.3606468,-0.181904,-0.9147922,0.0,0.0,0.0,0.0,0.0,0.0,0.0,1.149459,-0.6392973,-1.789135,0.3321388,0.1595739,-2.189789,0.006922552,0.9727838,-0.1147071,-0.2012118,12.73163,203.7638,3.504801,0.26791,0.07882875,-0.9602133,0.0,0.0,0.0,-0.5057645,-0.2654933,-3.611311,-0.5131149,0.1215643,2.003807,-0.9189321,0.05962913,0.389883,-0.03269254,0.9735888,-0.2259562,-0.3930593,-0.2203846,-0.8927125,moving,21.51629,11.24642,-14.3631,3.471688
05/11/2023 13:10:12.038041,3619,True,True,True,True,Eyes,0.4933832,0.1657041,-2.092181,-0.3508466,-0.1807467,-0.9188239,0.0,0.0,0.0,0.0,0.0,0.0,0.0,1.126771,-0.6522384,-1.811326,0.3254829,0.162324,-2.200827,0.008985704,0.9736638,-0.1156393,-0.1962799,12.80656,203.21,3.698023,0.2643828,0.0786546,-0.9612047,0.0,0.0,0.0,-0.4984801,-0.2586098,-3.625852,-0.5162367,0.1235483,2.00356,-0.9227873,0.06289343,0.3801431,-0.02789721,0.9730936,-0.2287149,-0.3842994,-0.2216601,-0.8962039,moving,20.89902,11.12885,-14.44855,3.528641
05/11/2023 13:10:12.057920,3620,True,True,True,True,Eyes,0.4864449,0.165672,-2.097881,-0.3411007,-0.1794904,-0.9227316,0.0,0.0,0.0,0.0,0.0,0.0,0.0,1.106054,-0.6623201,-1.833115,0.3188577,0.1655458,-2.212071,0.01148779,0.9744942,-0.1156275,-0.1919883,12.76458,202.73,3.926701,0.2608447,0.07847979,-0.9621851,0.0,0.0,0.0,-0.4888908,-0.2594247,-3.639145,-0.5194306,0.1255786,2.003307,-0.9260172,0.06678779,0.3715263,-0.02200866,0.9729966,-0.2297676,-0.3768395,-0.2209455,-0.8995416,moving,20.28754,11.00775,-14.53592,3.586929
05/11/2023 13:10:12.077964,3621,True,True,True,True,Eyes,0.479596,0.165636,-2.103738,-0.3312326,-0.1784301,-0.9265245,0.0,0.0,0.0,0.0,0.0,0.0,0.0,1.087764,-0.6615395,-1.856058,0.3126689,0.1672134,-2.222632,0.01314719,0.9754673,-0.1137099,-0.1880447,12.52679,202.2638,4.018739,0.257297,0.0783069,-0.9631539,0.0,0.0,0.0,-0.4801175,-0.2526169,-3.653203,-0.5227727,0.1277028,2.003043,-0.9289326,0.06841438,0.3638731,-0.01711579,0.9737944,-0.226785,-0.3698529,-0.216896,-0.9034185,moving,19.67197,10.90058,-14.62729,3.64792
05/11/2023 13:10:12.088379,3622,True,True,True,True,Eyes,0.4728,0.1656107,-2.109732,-0.3213758,-0.1778014,-0.9301099,0.0,0.0,0.0,0.0,0.0,0.0,0.0,1.069476,-0.6744684,-1.872313,0.3069724,0.1672675,-2.232047,0.01273138,0.9759492,-0.1163344,-0.1839218,12.84944,201.7931,3.978417,0.2537442,0.07813489,-0.96411,0.0,0.0,0.0,-0.4700303,-0.2582137,-3.664589,-0.5259464,0.1297201,2.002789,-0.9320213,0.06764324,0.3560345,-0.01794251,0.9726084,-0.2317561,-0.3619589,-0.2223898,-0.9052781,moving,19.06129,10.8222,-14.71403,3.705854
05/11/2023 13:10:12.108343,3623,True,True,True,True,Eyes,0.4660771,0.1656162,-2.115853,-0.3114112,-0.1773082,-0.9335871,0.0,0.0,0.0,0.0,0.0,0.0,0.0,1.048252,-0.6985663,-1.885731,0.3013296,0.1676056,-2.24141,0.01317361,0.9761775,-0.1212784,-0.1794316,13.41785,201.311,4.082052,0.2501887,0.07796361,-0.9650525,0.0,0.0,0.0,-0.4622054,-0.2584073,-3.676166,-0.5291498,0.1317561,2.002535,-0.9352617,0.0692419,0.3471188,-0.01780277,0.9702361,-0.2415059,-0.3535095,-0.2320509,-0.9061919,moving,18.44685,10.75362,-14.80153,3.764329
05/11/2023 13:10:12.128169,3624,True,True,True,True,Eyes,0.4594013,0.1656895,-2.122087,-0.3013895,-0.1771369,-0.9369028,0.0,0.0,0.0,0.0,0.0,0.0,0.0,1.024104,-0.7172295,-1.901954,0.2956993,0.1684726,-2.250514,0.01488231,0.9766627,-0.1243378,-0.1744955,13.74955,200.7758,4.278269,0.2466339,0.07779386,-0.9659808,0.0,0.0,0.0,-0.4552618,-0.2506793,-3.688704,-0.5323771,0.1338074,2.002278,-0.9386597,0.07246276,0.3371456,-0.01432277,0.9686372,-0.2480659,-0.3445474,-0.2376783,-0.9081829,moving,17.83231,10.70633,-14.88963,3.823253
05/11/2023 13:10:12.138019,3625,True,True,True,True,Eyes,0.4527689,0.1658405,-2.128447,-0.2911413,-0.1768075,-0.9401999,0.0,0.0,0.0,0.0,0.0,0.0,0.0,0.9967616,-0.73931,-1.918025,0.2900176,0.1702761,-2.259607,0.01671336,0.9771425,-0.1279483,-0.1689455,14.14638,200.1759,4.489061,0.2430819,0.07762812,-0.9668941,0.0,0.0,0.0,-0.4446636,-0.2449183,-3.703358,-0.5356997,0.1359195,2.002014,-0.9423565,0.07589523,0.3258907,-0.01056988,0.9666998,-0.2556947,-0.3344445,-0.2444001,-0.9101737,moving,17.20561,10.65027,-14.98029,3.88393
05/11/2023 13:10:12.157743,3626,True,True,True,True,Eyes,0.4461789,0.1660354,-2.134915,-0.2808374,-0.1762268,-0.9434376,0.0,0.0,0.0,0.0,0.0,0.0,0.0,0.9686694,-0.7443684,-1.940865,0.2842855,0.1722626,-2.269111,0.01850225,0.9781811,-0.1274213,-0.1630439,14.07837,199.4942,4.597485,0.2395342,0.07746901,-0.9677918,0.0,0.0,0.0,-0.432892,-0.2348596,-3.719426,-0.5388441,0.137918,2.001766,-0.9461488,0.07774763,0.3142578,-0.005353428,0.966843,-0.2553155,-0.3236881,-0.2432488,-0.9143611,moving,16.57693,10.58048,-15.06601,3.941346
05/11/2023 13:10:12.177853,3627,True,True,True,True,Eyes,0.439631,0.1662395,-2.141466,-0.2705397,-0.1753879,-0.9465978,0.0,0.0,0.0,0.0,0.0,0.0,0.0,0.9434002,-0.7344311,-1.966914,0.2785768,0.1734389,-2.278258,0.0189851,0.979528,-0.1239781,-0.157461,13.70372,198.8056,4.500628,0.2359926,0.07731744,-0.9686736,0.0,0.0,0.0,-0.4223953,-0.2202658,-3.735872,-0.5420396,0.1399493,2.001514,-0.9496912,0.07623629,0.3037675,-0.001850554,0.968538,-0.2488588,-0.3131824,-0.2369011,-0.9196709,moving,15.95005,10.49686,-15.15308,3.999712
05/11/2023 13:10:12.197943,3628,True,True,True,True,Eyes,0.4331295,0.1664491,-2.148111,-0.2602164,-0.174374,-0.9496742,0.0,0.0,0.0,0.0,0.0,0.0,0.0,0.9194779,-0.7295439,-1.989351,0.2731941,0.1737257,-2.287001,0.01887629,0.9805888,-0.1221872,-0.1521832,13.52594,198.1627,4.377439,0.2324588,0.07717267,-0.9695392,0.0,0.0,0.0,-0.4123566,-0.213895,-3.749424,-0.5452634,0.1419982,2.00126,-0.9529683,0.07420946,0.2938454,-0.0001699336,0.9694279,-0.2453762,-0.3030711,-0.2338856,-0.9238214,moving,15.32329,10.40445,-15.24087,4.058587
05/11/2023 13:10:12.208338,3629,True,True,True,True,Eyes,0.4266731,0.1666765,-2.154825,-0.2497723,-0.173208,-0.9526871,0.0,0.0,0.0,0.0,0.0,0.0,0.0,0.8954022,-0.7211791,-2.012857,0.2676803,0.174006,-2.295976,0.01906645,0.9817071,-0.1195191,-0.1469788,13.24178,197.5264,4.275427,0.2289348,0.07703389,-0.9703885,0.0,0.0,0.0,-0.401963,-0.2009087,-3.765299,-0.5484786,0.144042,2.001005,-0.9560673,0.07256889,0.2840226,0.002301804,0.9707033,-0.2402702,-0.2931379,-0.2290607,-0.9282247,moving,14.69097,10.30439,-15.32839,4.117326
05/11/2023 13:10:12.228405,3630,True,True,True,True,Eyes,0.4202598,0.1668857,-2.161613,-0.2392648,-0.171954,-0.9556066,0.0,0.0,0.0,0.0,0.0,0.0,0.0,0.8682659,-0.7227752,-2.033286,0.2625332,0.174572,-2.304591,0.01998448,0.9825838,-0.1189654,-0.1413401,13.18745,196.8678,4.294131,0.2254223,0.07690097,-0.971221,0.0,0.0,0.0,-0.389921,-0.1822808,-3.782759,-0.551755,0.1461246,2.000744,-0.9592474,0.07290202,0.2730021,0.005643683,0.9708957,-0.2394361,-0.2825119,-0.2281377,-0.9317407,moving,14.05674,10.20077,-15.41752,4.177187
05/11/2023 13:10:12.238021,3631,True,True,True,True,Eyes,0.4139088,0.167092,-2.168437,-0.2287345,-0.1709155,-0.9583675,0.0,0.0,0.0,0.0,0.0,0.0,0.0,0.8400512,-0.7178211,-2.055838,0.2570221,0.1743132,-2.313218,0.0210145,0.983604,-0.117083,-0.1355482,12.98111,196.1823,4.301065,0.2219226,0.07677218,-0.9720368,0.0,0.0,0.0,-0.3753563,-0.16729,-3.800816,-0.5547048,0.1479995,2.00051,-0.9623703,0.07308066,0.2617306,0.009599103,0.9716999,-0.2360236,-0.2715723,-0.2246297,-0.9358367,moving,13.42371,10.11183,-15.49772,4.231085
05/11/2023 13:10:12.258024,3632,True,True,True,True,Eyes,0.4076044,0.1673231,-2.17532,-0.2181815,-0.1701816,-0.9609553,0.0,0.0,0.0,0.0,0.0,0.0,0.0,0.8129293,-0.7308521,-2.070325,0.2519173,0.1744588,-2.321066,0.02041049,0.9840568,-0.1197317,-0.1299236,13.3172,195.533,4.200785,0.2184384,0.07664675,-0.9728357,0.0,0.0,0.0,-0.3593288,-0.15872,-3.817745,-0.5578863,0.1500218,2.000256,-0.9654066,0.0712821,0.2508169,0.009058204,0.9704955,-0.2409491,-0.260592,-0.2303419,-0.9375684,moving,12.79194,10.04275,-15.58418,4.289228
05/11/2023 13:10:12.278014,3633,True,True,True,True,Eyes,0.40137,0.1675642,-2.182258,-0.2076147,-0.1693618,-0.9634379,0.0,0.0,0.0,0.0,0.0,0.0,0.0,0.7859666,-0.748659,-2.083178,0.2466094,0.1753391,-2.329442,0.02037206,0.9843298,-0.1231242,-0.1245811,13.72804,194.9297,4.178564,0.2149711,0.0765252,-0.9736173,0.0,0.0,0.0,-0.3431056,-0.1600686,-3.832847,-0.5611094,0.1520703,2.0,-0.9681294,0.07078354,0.2402412,0.009427755,0.9688508,-0.2474656,-0.2502744,-0.2373137,-0.9386402,moving,12.16091,9.970101,-15.67171,4.348127
05/11/2023 13:10:12.298251,3634,True,True,True,True,Eyes,0.3951979,0.1677939,-2.189202,-0.1969946,-0.1688928,-0.9657475,0.0,0.0,0.0,0.0,0.0,0.0,0.0,0.7600397,-0.7483625,-2.101612,0.2416444,0.175799,-2.337772,0.02067883,0.985066,-0.1223817,-0.1193328,13.66076,194.3092,4.127989,0.2115231,0.07640732,-0.9743813,0.0,0.0,0.0,-0.326814,-0.161162,-3.847471,-0.5641953,0.154032,1.999755,-0.9706645,0.06994834,0.23004,0.01153173,0.9691902,-0.2460434,-0.2401628,-0.2361727,-0.9415652,moving,11.52911,9.919741,-15.75547,4.404536
05/11/2023 13:10:12.308204,3635,True,True,True,True,Eyes,0.3890568,0.1680268,-2.196178,-0.1863759,-0.1685348,-0.9679154,0.0,0.0,0.0,0.0,0.0,0.0,0.0,0.7314433,-0.7680812,-2.112087,0.2368333,0.1758076,-2.344967,0.01992839,0.9852323,-0.1265928,-0.1135539,14.17715,193.6498,4.022896,0.2080966,0.07629213,-0.9751279,0.0,0.0,0.0,-0.3103946,-0.1664141,-3.861283,-0.5674511,0.1561015,1.999497,-0.9734167,0.06801841,0.2187084,0.01051798,0.9671543,-0.2539725,-0.2287996,-0.2449207,-0.9421595,moving,10.89913,9.877398,-15.84378,4.464048
05/11/2023 13:10:12.328235,3636,True,True,True,True,Eyes,0.3829642,0.1682568,-2.203174,-0.1757182,-0.1682766,-0.9699516,0.0,0.0,0.0,0.0,0.0,0.0,0.0,0.7027196,-0.7796935,-2.125952,0.2319242,0.1760596,-2.353003,0.01981022,0.9856054,-0.1286973,-0.107827,14.44303,192.9883,3.955655,0.204692,0.07617934,-0.975857,0.0,0.0,0.0,-0.2938477,-0.1756631,-3.874029,-0.5706483,0.1581334,1.999244,-0.9759617,0.06680421,0.2074507,0.01129604,0.9660891,-0.2579616,-0.2176488,-0.2494173,-0.9436206,moving,10.26844,9.842259,-15.93044,4.522488
05/11/2023 13:10:12.338007,3637,True,True,True,True,Eyes,0.3769261,0.1684924,-2.210188,-0.1651011,-0.1680449,-0.9718552,0.0,0.0,0.0,0.0,0.0,0.0,0.0,0.6736504,-0.7869059,-2.140538,0.2268731,0.1762335,-2.360593,0.02019685,0.9860607,-0.129739,-0.102197,14.58009,192.3373,3.931066,0.2013104,0.07606845,-0.9765689,0.0,0.0,0.0,-0.2775676,-0.1842355,-3.886449,-0.5738784,0.1601869,1.998987,-0.9782959,0.0663485,0.1963042,0.01331277,0.9655197,-0.2599892,-0.2067855,-0.251733,-0.9454473,moving,9.641497,9.810098,-16.01796,4.581551
05/11/2023 13:10:12.357905,3638,True,True,True,True,Eyes,0.370937,0.1687387,-2.217236,-0.1544004,-0.1677353,-0.973666,0.0,0.0,0.0,0.0,0.0,0.0,0.0,0.6441824,-0.798914,-2.153011,0.2220878,0.1766215,-2.368159,0.02022612,0.9863541,-0.1318861,-0.09644983,14.84892,191.675,3.876062,0.1979534,0.07595941,-0.9772633,0.0,0.0,0.0,-0.2623552,-0.1943344,-3.897807,-0.5771024,0.1622359,1.998733,-0.9805766,0.065341,0.1849323,0.01445945,0.9643939,-0.2640744,-0.1956024,-0.2562711,-0.9466069,moving,9.010728,9.774511,-16.10523,4.64049
05/11/2023 13:10:12.377835,3639,True,True,True,True,Eyes,0.364982,0.1689735,-2.224306,-0.1436471,-0.1672026,-0.9754019,0.0,0.0,0.0,0.0,0.0,0.0,0.0,0.6127148,-0.7965398,-2.171343,0.2171462,0.1770913,-2.376154,0.02052614,0.9870899,-0.1307131,-0.0902577,14.73483,190.9407,3.801403,0.1946221,0.07585236,-0.9779406,0.0,0.0,0.0,-0.2478081,-0.1999677,-3.909513,-0.5802529,0.1642385,1.998483,-0.9828646,0.06411801,0.1728188,0.01692656,0.9649855,-0.2617565,-0.183551,-0.2543459,-0.9495354,moving,8.377713,9.727058,-16.19048,4.698101
05/11/2023 13:10:12.388164,3640,True,True,True,True,Eyes,0.3590668,0.1691965,-2.231413,-0.1327807,-0.1666463,-0.9770354,0.0,0.0,0.0,0.0,0.0,0.0,0.0,0.5796288,-0.7932405,-2.18963,0.2123011,0.1769645,-2.383964,0.02092718,0.987815,-0.1294811,-0.08377555,14.61367,190.1743,3.735272,0.1913162,0.07574644,-0.9786009,0.0,0.0,0.0,-0.2349575,-0.1989532,-3.92268,-0.5835042,0.1663052,1.998224,-0.9850878,0.06303906,0.1600901,0.01964968,0.9655934,-0.2593131,-0.1709288,-0.2523003,-0.9524329,moving,7.739174,9.679407,-16.2784,4.757563
05/11/2023 13:10:12.412986,3641,True,True,True,True,Eyes,0.3531652,0.1694065,-2.238555,-0.1218539,-0.1658106,-0.9786002,0.0,0.0,0.0,0.0,0.0,0.0,0.0,0.5450966,-0.7924966,-2.207043,0.2072065,0.1768865,-2.392069,0.02130355,0.9884359,-0.1288215,-0.07710922,14.55908,189.3905,3.671581,0.1880363,0.07564087,-0.9792445,0.0,0.0,0.0,-0.2231992,-0.1914855,-3.9367,-0.5867139,0.1683454,1.997969,-0.9872009,0.06198104,0.1469463,0.02224774,0.9659023,-0.257949,-0.1579237,-0.2513782,-0.9549187,moving,7.097857,9.616667,-16.36514,4.816266
05/11/2023 13:10:12.428330,3642,True,True,True,True,Eyes,0.3472924,0.1695911,-2.24573,-0.1108189,-0.1649721,-0.9800528,0.0,0.0,0.0,0.0,0.0,0.0,0.0,0.509568,-0.7867037,-2.225914,0.2021297,0.1766724,-2.400247,0.0219843,0.9891562,-0.1270535,-0.07031395,14.37457,188.5902,3.631668,0.1847818,0.07553492,-0.979872,0.0,0.0,0.0,-0.2099751,-0.1835017,-3.950865,-0.5899073,0.170375,1.997716,-0.9891452,0.06135909,0.1335166,0.02562455,0.9667482,-0.2544432,-0.1446894,-0.2482599,-0.9578266,moving,6.451286,9.555012,-16.45139,4.87467
05/11/2023 13:10:12.438382,3643,True,True,True,True,Eyes,0.341395,0.1697569,-2.252937,-0.09972454,-0.164027,-0.9814021,0.0,0.0,0.0,0.0,0.0,0.0,0.0,0.4741076,-0.7859027,-2.242202,0.1968172,0.17623,-2.408339,0.02224224,0.9896707,-0.1265342,-0.06361115,14.337,187.8029,3.55781,0.1815527,0.07542738,-0.9804837,0.0,0.0,0.0,-0.1938776,-0.1785661,-3.96565,-0.5930907,0.1723984,1.997464,-0.9909177,0.06012294,0.1202794,0.027927,0.9669888,-0.2532841,-0.131537,-0.2476246,-0.9598854,moving,5.802158,9.488448,-16.53731,4.932897
05/11/2023 13:10:12.458055,3644,True,True,True,True,Eyes,0.3355208,0.1698914,-2.26019,-0.08856801,-0.1630458,-0.9826351,0.0,0.0,0.0,0.0,0.0,0.0,0.0,0.4392901,-0.7870166,-2.25717,0.1915079,0.175801,-2.416527,0.02231675,0.9900752,-0.1264678,-0.05708755,14.35193,187.037,3.469586,0.1783465,0.07531751,-0.9810805,0.0,0.0,0.0,-0.1753301,-0.1787829,-3.979799,-0.5963647,0.1744794,1.997204,-0.9924861,0.05862999,0.1073973,0.02975104,0.9670157,-0.2529733,-0.1186866,-0.2478772,-0.961494,moving,5.150333,9.42109,-16.62562,4.992788
05/11/2023 13:10:12.477720,3645,True,True,True,True,Eyes,0.3296373,0.1699934,-2.267475,-0.07744876,-0.162111,-0.9837285,0.0,0.0,0.0,0.0,0.0,0.0,0.0,0.4057811,-0.7839558,-2.273028,0.1860734,0.1751592,-2.424993,0.02237923,0.9905297,-0.1255392,-0.05089191,14.26593,186.3053,3.37838,0.1751634,0.07520403,-0.9816625,0.0,0.0,0.0,-0.1557954,-0.1783734,-3.994498,-0.5995069,0.1764769,1.996955,-0.9938186,0.05711245,0.09520095,0.03155672,0.9674782,-0.2509785,-0.1064388,-0.2464228,-0.9633,moving,4.501601,9.357804,-16.71031,5.050279
05/11/2023 13:10:12.488169,3646,True,True,True,True,Eyes,0.3237676,0.1700508,-2.274803,-0.0662545,-0.1612463,-0.9846878,0.0,0.0,0.0,0.0,0.0,0.0,0.0,0.3715312,-0.7840923,-2.287073,0.1806841,0.1744071,-2.433203,0.02238788,0.9908548,-0.1253627,-0.04460767,14.26666,185.5667,3.285897,0.1720017,0.07508581,-0.9822304,0.0,0.0,0.0,-0.1370889,-0.1732041,-4.009696,-0.6028676,0.1786129,1.996688,-0.995018,0.05555054,0.08278624,0.03318198,0.967566,-0.2504298,-0.09401266,-0.2464352,-0.9645888,moving,3.849332,9.299856,-16.80084,5.111763
05/11/2023 13:10:12.507909,3647,True,True,True,True,Eyes,0.3179016,0.170074,-2.282173,-0.05500353,-0.1604313,-0.9855133,0.0,0.0,0.0,0.0,0.0,0.0,0.0,0.335074,-0.7863244,-2.300396,0.1750276,0.1734038,-2.441659,0.02333358,0.9910732,-0.1255883,-0.03817155,14.30911,184.8261,3.303565,0.1688613,0.07496129,-0.9827846,0.0,0.0,0.0,-0.1199823,-0.1681873,-4.024257,-0.6059278,0.1805582,1.996445,-0.995997,0.05583838,0.06980076,0.03666278,0.9673663,-0.2507157,-0.08152246,-0.247153,-0.9655411,moving,3.194481,9.24605,-16.88322,5.167765
05/11/2023 13:10:12.527940,3648,True,True,True,True,Eyes,0.3120273,0.1700593,-2.289593,-0.04369979,-0.1596451,-0.9862068,0.0,0.0,0.0,0.0,0.0,0.0,0.0,0.2977749,-0.7868237,-2.313857,0.1691576,0.1726227,-2.450159,0.02451209,0.9912967,-0.1254005,-0.0316993,14.30385,184.083,3.345501,0.1657413,0.0748295,-0.9833257,0.0,0.0,0.0,-0.1041548,-0.1628396,-4.038512,-0.6091301,0.1825933,1.996193,-0.9967887,0.05654773,0.05669916,0.04064729,0.9673477,-0.2501723,-0.06899448,-0.2470642,-0.9665399,moving,2.537172,9.195153,-16.96935,5.226344
05/11/2023 13:10:12.538019,3649,True,True,True,True,Eyes,0.3061223,0.1700119,-2.297067,-0.03200966,-0.15903,-0.9867547,0.0,0.0,0.0,0.0,0.0,0.0,0.0,0.2618279,-0.7871085,-2.326789,0.1629743,0.1716939,-2.458862,0.02490238,0.9914806,-0.1252897,-0.02546944,14.31048,183.3573,3.299096,0.1626412,0.07468949,-0.9838539,0.0,0.0,0.0,-0.08914672,-0.1569586,-4.052496,-0.6122952,0.184605,1.995941,-0.9974625,0.05576257,0.04426488,0.04299834,0.9673647,-0.2497132,-0.05674493,-0.2471762,-0.9673077,moving,1.857985,9.155332,-17.05445,5.284266
05/11/2023 13:10:12.557793,3650,True,True,True,True,Eyes,0.3002024,0.1699277,-2.304596,-0.02035626,-0.1583246,-0.9871773,0.0,0.0,0.0,0.0,0.0,0.0,0.0,0.2292616,-0.7833286,-2.340358,0.1566778,0.170816,-2.467735,0.02487005,0.9917279,-0.1243419,-0.01990665,14.21946,182.7003,3.209938,0.1595583,0.07454053,-0.9843698,0.0,0.0,0.0,-0.07519367,-0.1514863,-4.066242,-0.615709,0.1867751,1.995669,-0.9979705,0.05427912,0.03329918,0.04437819,0.9678411,-0.2476169,-0.04566874,-0.2456366,-0.9682857,moving,1.18131,9.111567,-17.14618,5.346752
05/11/2023 13:10:12.578156,3651,True,True,True,True,Eyes,0.2942343,0.169792,-2.312179,-0.008489533,-0.157665,-0.9874561,0.0,0.0,0.0,0.0,0.0,0.0,0.0,0.1969823,-0.7763783,-2.354502,0.1503093,0.1698251,-2.476654,0.02570275,0.9920034,-0.1226987,-0.01461758,14.04498,182.0858,3.225365,0.1564916,0.07438188,-0.984874,0.0,0.0,0.0,-0.06227172,-0.1463902,-4.079786,-0.618841,0.1887659,1.995421,-0.9982514,0.05458155,0.02269399,0.04740731,0.9685688,-0.2441864,-0.03530876,-0.2426836,-0.9694626,moving,0.4925813,9.071722,-17.23026,5.404072
05/11/2023 13:10:12.588241,3652,True,True,True,True,Eyes,0.2882355,0.1695998,-2.319805,0.003401455,-0.1569952,-0.9875935,0.0,0.0,0.0,0.0,0.0,0.0,0.0,0.1617457,-0.7647694,-2.369867,0.1438078,0.1683683,-2.485613,0.02711632,0.9923416,-0.1201834,-0.008877355,13.77116,181.424,3.302471,0.153439,0.07421225,-0.985367,0.0,0.0,0.0,-0.04926536,-0.1410533,-4.093322,-0.6219898,0.1907675,1.99517,-0.9983718,0.05595112,0.01110087,0.05168347,0.9696413,-0.2390074,-0.0241366,-0.2380445,-0.9709542,moving,-0.1973365,9.032582,-17.31475,5.461711
05/11/2023 13:10:12.608045,3653,True,True,True,True,Eyes,0.2821868,0.1693803,-2.32748,0.01550229,-0.1565864,-0.9875426,0.0,0.0,0.0,0.0,0.0,0.0,0.0,0.1240987,-0.7617267,-2.381774,0.1369615,0.1668113,-2.494371,0.02764113,0.9924335,-0.1196023,-0.002645609,13.72419,180.6997,3.274968,0.1503991,0.07403031,-0.9858492,0.0,0.0,0.0,-0.03698744,-0.1382982,-4.10636,-0.6251312,0.1927641,1.994921,-0.9984582,0.05549681,-0.001360701,0.05423113,0.9698625,-0.2375409,-0.01186307,-0.2372484,-0.9713768,moving,-0.8993466,9.009905,-17.39898,5.51921
05/11/2023 13:10:12.628016,3654,True,True,True,True,Eyes,0.2760976,0.1691475,-2.335206,0.02758799,-0.156164,-0.9873458,0.0,0.0,0.0,0.0,0.0,0.0,0.0,0.08724678,-0.7681388,-2.390256,0.129787,0.1659391,-2.503316,0.02747008,0.9922799,-0.120891,0.003382528,13.89251,179.9958,3.171009,0.14737,0.07383612,-0.9863211,0.0,0.0,0.0,-0.02604938,-0.1334024,-4.119797,-0.6284608,0.1948805,1.994657,-0.998468,0.05369818,-0.0133546,0.05533385,0.9692615,-0.2397295,7.106015e-05,-0.2401012,-0.9707479,moving,-1.600517,8.987758,-17.48819,5.580162
05/11/2023 13:10:12.638161,3655,True,True,True,True,Eyes,0.2699593,0.1688822,-2.342978,0.03976524,-0.1557147,-0.9870013,0.0,0.0,0.0,0.0,0.0,0.0,0.0,0.05095513,-0.7672085,-2.400629,0.1226233,0.1653749,-2.512336,0.02746901,0.99228,-0.1205828,0.009260757,13.87548,179.3063,3.086984,0.1443501,0.07363031,-0.986783,0.0,0.0,0.0,-0.01536869,-0.1290199,-4.132909,-0.6314439,0.1967764,1.994421,-0.9983197,0.05228053,-0.02500311,0.05674729,0.9694105,-0.2387952,0.01175394,-0.2398127,-0.9707484,moving,-2.307139,8.965398,-17.56806,5.634763
05/11/2023 13:10:12.657806,3656,True,True,True,True,Eyes,0.2637767,0.1686109,-2.350789,0.05196241,-0.1553424,-0.9864931,0.0,0.0,0.0,0.0,0.0,0.0,0.0,0.01457661,-0.7596303,-2.412457,0.1153101,0.1642776,-2.521292,0.02642518,0.9924174,-0.1190588,0.01531395,13.7167,178.5783,2.879512,0.1413379,0.07341269,-0.9872352,0.0,0.0,0.0,-0.003278155,-0.1328935,-4.145272,-0.6346396,0.1988078,1.994169,-0.9981343,0.04880308,-0.03668797,0.05609613,0.9702534,-0.2355026,0.02410337,-0.2371213,-0.9711809,moving,-3.015204,8.948844,-17.65355,5.693265
05/11/2023 13:10:12.677983,3657,True,True,True,True,Eyes,0.2575284,0.1683355,-2.358656,0.0643069,-0.1548734,-0.9858392,0.0,0.0,0.0,0.0,0.0,0.0,0.0,-0.02482055,-0.7652544,-2.419501,0.1079571,0.1638642,-2.530159,0.02586415,0.9921842,-0.1201173,0.0217609,13.856,177.8179,2.721303,0.1383324,0.07318422,-0.9876778,0.0,0.0,0.0,0.00976317,-0.1375771,-4.157931,-0.6378748,0.2008643,1.993911,-0.9977153,0.04609629,-0.04939511,0.05655172,0.9698058,-0.2372313,0.03696819,-0.2394826,-0.9701969,moving,-3.732152,8.928085,-17.74006,5.752503
05/11/2023 13:10:12.698228,3658,True,True,True,True,Eyes,0.2512185,0.1680438,-2.366553,0.0767169,-0.1543071,-0.98504,0.0,0.0,0.0,0.0,0.0,0.0,0.0,-0.06798431,-0.7518236,-2.432201,0.1001993,0.1634439,-2.53943,0.02653699,0.9923313,-0.1172679,0.02868383,13.54798,177.0104,2.708491,0.1353314,0.0729458,-0.988111,0.0,0.0,0.0,0.02465134,-0.138677,-4.171585,-0.6410156,0.2028607,1.99366,-0.9969463,0.0459396,-0.0631516,0.05939436,0.9710881,-0.2312148,0.05070385,-0.2342596,-0.9708512,moving,-4.453321,8.903062,-17.824,5.810015
05/11/2023 13:10:12.707931,3659,True,True,True,True,Eyes,0.2448572,0.167751,-2.374483,0.08922616,-0.1538803,-0.9840525,0.0,0.0,0.0,0.0,0.0,0.0,0.0,-0.1122678,-0.7441154,-2.441685,0.0922958,0.1627299,-2.548164,0.02674624,0.9922754,-0.1157206,0.03581845,13.38949,176.1752,2.63888,0.1323334,0.07269778,-0.9885353,0.0,0.0,0.0,0.04137086,-0.1377277,-4.185908,-0.6442108,0.2048916,1.993408,-0.9960033,0.0447894,-0.07727373,0.06136914,0.9717867,-0.2277374,0.06489336,-0.2315695,-0.9706515,moving,-5.180964,8.8876,-17.90931,5.868516
05/11/2023 13:10:12.728065,3660,True,True,True,True,Eyes,0.2384332,0.1675104,-2.382469,0.1017543,-0.1534173,-0.9829085,0.0,0.0,0.0,0.0,0.0,0.0,0.0,-0.1564648,-0.7461189,-2.447588,0.08424339,0.1624509,-2.557025,0.02683304,0.9919534,-0.1160748,0.04283879,13.44904,175.3551,2.551068,0.1293375,0.07244117,-0.9889506,0.0,0.0,0.0,0.06004016,-0.1344591,-4.200963,-0.6474024,0.2069203,1.993155,-0.9948897,0.04328924,-0.09121744,0.06317925,0.9716133,-0.2279825,0.07875889,-0.2325805,-0.9693829,moving,-5.910415,8.871432,-17.99446,5.926953
05/11/2023 13:10:12.737901,3661,True,True,True,True,Eyes,0.2319241,0.1673847,-2.390512,0.114371,-0.1530728,-0.9815742,0.0,0.0,0.0,0.0,0.0,0.0,0.0,-0.2002425,-0.7424498,-2.455186,0.07620877,0.163456,-2.566464,0.02796166,0.9917305,-0.1150367,0.04955235,13.35254,174.583,2.595489,0.1263426,0.07217897,-0.9893568,0.0,0.0,0.0,0.07995567,-0.1333136,-4.21558,-0.6505811,0.2089407,1.992902,-0.9935257,0.04406019,-0.1047184,0.06686154,0.9719694,-0.2253997,0.09185191,-0.230942,-0.9686225,moving,-6.646015,8.863667,-18.07923,5.985164
05/11/2023 13:10:12.762968,3662,True,True,True,True,Eyes,0.2253614,0.1673816,-2.398625,0.1270338,-0.1527507,-0.9800661,0.0,0.0,0.0,0.0,0.0,0.0,0.0,-0.2464148,-0.7453139,-2.459965,0.06793731,0.1660976,-2.575934,0.02970817,0.9913041,-0.1150702,0.05650276,13.38518,173.7929,2.704083,0.1233464,0.0719165,-0.989754,0.0,0.0,0.0,0.09618367,-0.1309941,-4.229094,-0.6506114,0.20896,1.9929,-0.9918499,0.04589611,-0.1188599,0.07190323,0.9717526,-0.2247819,0.1051858,-0.2314963,-0.9671329,moving,-7.385365,8.85871,-18.08003,5.98572
05/11/2023 13:10:12.779072,3663,True,True,True,True,Eyes,0.218752,0.1674692,-2.406792,0.1397541,-0.152296,-0.9784042,0.0,0.0,0.0,0.0,0.0,0.0,0.0,-0.2946918,-0.7440647,-2.465428,0.05997926,0.1690522,-2.585852,0.03216888,0.9908773,-0.1142913,0.0637584,13.33236,172.9754,2.896897,0.1203482,0.07165871,-0.9901417,0.0,0.0,0.0,0.1106444,-0.131071,-4.241824,-0.6506114,0.2089599,1.9929,-0.9898002,0.04917677,-0.1337067,0.07832488,0.9718053,-0.2223952,0.1190002,-0.2305993,-0.9657449,static,-8.129072,8.847518,-18.08003,5.985717
05/11/2023 13:10:12.797838,3664,True,True,True,True,Eyes,0.2120992,0.1676565,-2.414982,0.1525145,-0.152201,-0.9765112,0.0,0.0,0.0,0.0,0.0,0.0,0.0,-0.3398423,-0.7348915,-2.472423,0.05202385,0.1712958,-2.595454,0.03228575,0.9906545,-0.1120037,0.07082789,13.09036,172.1459,2.830726,0.1173481,0.07140883,-0.9905198,0.0,0.0,0.0,0.1252323,-0.124031,-4.256079,-0.6506112,0.2089599,1.992899,-0.9878822,0.04810207,-0.1475642,0.07983401,0.9728256,-0.2173405,0.1330997,-0.2264874,-0.9648772,static,-8.876916,8.858959,-18.08003,5.985719
05/11/2023 13:10:12.807901,3665,True,True,True,True,Eyes,0.2054282,0.1679246,-2.423216,0.1653055,-0.152027,-0.9744547,0.0,0.0,0.0,0.0,0.0,0.0,0.0,-0.3884962,-0.7578744,-2.467657,0.04422079,0.1739496,-2.604308,0.03349399,0.9895702,-0.1162007,0.07827209,13.60464,171.2934,2.83657,0.1143459,0.07117013,-0.9908881,0.0,0.0,0.0,0.1398474,-0.1149849,-4.269753,-0.6506115,0.2089601,1.9929,-0.9855031,0.04809876,-0.1626955,0.08447983,0.9707511,-0.2247341,0.1471274,-0.2352207,-0.9607418,static,-9.627937,8.867368,-18.08003,5.985719
05/11/2023 13:10:12.828074,3666,True,True,True,True,Eyes,0.1987319,0.1682577,-2.431454,0.1781295,-0.1519792,-0.9721996,0.0,0.0,0.0,0.0,0.0,0.0,0.0,-0.4343368,-0.7515999,-2.472004,0.03666274,0.176165,-2.613805,0.0340769,0.9891503,-0.1145822,0.08538939,13.44417,170.4647,2.819758,0.1113428,0.07094468,-0.9912462,0.0,0.0,0.0,0.1541592,-0.1170038,-4.281989,-0.6506118,0.2089601,1.9929,-0.9830948,0.04784613,-0.1767351,0.08698255,0.9714193,-0.2208584,0.1611167,-0.2324977,-0.9591592,static,-10.38275,8.884861,-18.08004,5.98572
05/11/2023 13:10:12.848062,3667,True,True,True,True,Eyes,0.1920242,0.168619,-2.439692,0.1908896,-0.1521569,-0.9697471,0.0,0.0,0.0,0.0,0.0,0.0,0.0,-0.480347,-0.7639922,-2.468787,0.0291754,0.1784179,-2.622335,0.03337371,0.988274,-0.1166276,0.09272926,13.69241,169.5934,2.61543,0.1083396,0.07073381,-0.991594,0.0,0.0,0.0,0.1657327,-0.114912,-4.294499,-0.6506115,0.20896,1.9929,-0.980575,0.04433517,-0.1910684,0.08759431,0.9705684,-0.2243305,0.1754992,-0.2367094,-0.9555986,static,-11.13599,8.917219,-18.08003,5.985719
05/11/2023 13:10:12.862994,3668,True,True,True,True,Eyes,0.1853268,0.1690343,-2.447938,0.2036183,-0.1523532,-0.9671236,0.0,0.0,0.0,0.0,0.0,0.0,0.0,-0.5240777,-0.7859632,-2.461897,0.02213899,0.1794812,-2.630709,0.03167583,0.9871463,-0.120682,0.09987311,14.15753,168.7278,2.271538,0.1053378,0.07053719,-0.9919313,0.0,0.0,0.0,0.1763867,-0.1060657,-4.307184,-0.6506115,0.2089601,1.9929,-0.9780439,0.03843158,-0.2048241,0.08664311,0.968865,-0.2319344,0.1895333,-0.2445887,-0.9509223,static,-11.88942,8.952365,-18.08003,5.985721
05/11/2023 13:10:12.877935,3669,True,True,True,True,Eyes,0.1786957,0.1694987,-2.456194,0.2162406,-0.1526157,-0.9643384,0.0,0.0,0.0,0.0,0.0,0.0,0.0,-0.5650383,-0.7902312,-2.460602,0.01568419,0.1808404,-2.639194,0.03139456,0.9864092,-0.121251,0.1063461,14.23406,167.9601,2.13714,0.1023393,0.07035554,-0.992258,0.0,0.0,0.0,0.1882589,-0.1167063,-4.316244,-0.6506113,0.2089601,1.9929,-0.97541,0.03614661,-0.2174148,0.08772491,0.9686252,-0.2325288,0.2021884,-0.2458836,-0.9479775,static,-12.63878,8.993014,-18.08003,5.985721
05/11/2023 13:10:12.887782,3670,True,True,True,True,Eyes,0.1721095,0.1699953,-2.464477,0.2289057,-0.1526517,-0.961405,0.0,0.0,0.0,0.0,0.0,0.0,0.0,-0.6102138,-0.7940645,-2.458126,0.009782296,0.1825487,-2.647992,0.03279352,0.9855011,-0.1218812,0.1133895,14.33938,167.1484,2.188409,0.09934825,0.07018927,-0.9925737,0.0,0.0,0.0,0.2015925,-0.1371575,-4.323664,-0.6506115,0.2089601,1.992901,-0.9721349,0.03699602,-0.2314848,0.09227619,0.9681392,-0.2327912,0.2154971,-0.2476649,-0.9445756,static,-13.39248,9.0221,-18.08003,5.985719
05/11/2023 13:10:12.908107,3671,True,True,True,True,Eyes,0.1655677,0.1705091,-2.472761,0.2414897,-0.1525372,-0.9583398,0.0,0.0,0.0,0.0,0.0,0.0,0.0,-0.6563835,-0.7779284,-2.461284,0.00417462,0.1837753,-2.657093,0.03364867,0.9849891,-0.1186275,0.1207966,13.99415,166.2894,2.2224,0.09636742,0.07003801,-0.9928783,0.0,0.0,0.0,0.2167607,-0.149935,-4.331618,-0.6506114,0.20896,1.9929,-0.9685519,0.03762754,-0.24595,0.09494673,0.9695906,-0.2255643,0.2299833,-0.2418229,-0.9426715,static,-14.14337,9.043798,-18.08003,5.98572
05/11/2023 13:10:12.928120,3672,True,True,True,True,Eyes,0.1590849,0.1710303,-2.481075,0.2540573,-0.1523158,-0.9551203,0.0,0.0,0.0,0.0,0.0,0.0,0.0,-0.7021155,-0.7703687,-2.460233,-0.00144596,0.1846777,-2.665534,0.03436999,0.9842104,-0.1171775,0.1281333,13.85482,165.4348,2.220963,0.0933992,0.06990086,-0.9931716,0.0,0.0,0.0,0.2344025,-0.1641655,-4.33895,-0.6506116,0.2089601,1.992901,-0.9648013,0.03762591,-0.260275,0.09768327,0.9701763,-0.2218468,0.2441654,-0.2394625,-0.9397028,static,-14.89548,9.060828,-18.08003,5.98572
05/11/2023 13:10:12.938348,3673,True,True,True,True,Eyes,0.1526661,0.1715701,-2.489405,0.2665091,-0.1519239,-0.9517835,0.0,0.0,0.0,0.0,0.0,0.0,0.0,-0.745299,-0.75883,-2.461121,-0.006594677,0.1853629,-2.674696,0.0358467,0.9835063,-0.1150667,0.1348713,13.65099,164.6618,2.327995,0.09044643,0.06977659,-0.9934536,0.0,0.0,0.0,0.253664,-0.1610598,-4.349152,-0.6506115,0.2089601,1.9929,-0.9610498,0.03947254,-0.273543,0.1015493,0.9709493,-0.2166682,0.2570439,-0.236007,-0.9371391,static,-15.64279,9.069059,-18.08003,5.985721
05/11/2023 13:10:12.957929,3674,True,True,True,True,Eyes,0.146336,0.1721352,-2.497761,0.2789685,-0.1514174,-0.9482876,0.0,0.0,0.0,0.0,0.0,0.0,0.0,-0.7871208,-0.7418349,-2.46293,-0.01137862,0.1863161,-2.683478,0.03787873,0.9828812,-0.1119723,0.1413229,13.34519,163.9308,2.52184,0.08751196,0.06966452,-0.9937242,0.0,0.0,0.0,0.2719288,-0.1458957,-4.360706,-0.6506114,0.20896,1.9929,-0.9571863,0.04281208,-0.2862899,0.1061091,0.9720548,-0.2094047,0.2693245,-0.2308172,-0.9349804,static,-16.39289,9.072097,-18.08003,5.985719
05/11/2023 13:10:12.978144,3675,True,True,True,True,Eyes,0.1400928,0.1727083,-2.506143,0.2913592,-0.150733,-0.9446636,0.0,0.0,0.0,0.0,0.0,0.0,0.0,-0.8313236,-0.7282308,-2.462541,-0.01566285,0.187473,-2.692608,0.03943357,0.9820589,-0.1094936,0.1483793,13.10643,163.1203,2.6458,0.08459888,0.06956432,-0.9939834,0.0,0.0,0.0,0.2891802,-0.1380947,-4.370538,-0.6506119,0.2089603,1.992902,-0.952857,0.04495902,-0.3000699,0.1099453,0.9729123,-0.203356,0.282799,-0.2267605,-0.9319894,static,-17.14114,9.065842,-18.08003,5.985722
05/11/2023 13:10:12.988015,3676,True,True,True,True,Eyes,0.1339595,0.1732725,-2.514543,0.30378,-0.1499578,-0.9408668,0.0,0.0,0.0,0.0,0.0,0.0,0.0,-0.8754838,-0.7123684,-2.46181,-0.01957304,0.1881582,-2.701604,0.03924811,0.9812524,-0.1064241,0.1558117,12.77297,162.2434,2.577647,0.08170991,0.06947493,-0.9942313,0.0,0.0,0.0,0.3059951,-0.126865,-4.38083,-0.6506112,0.2089601,1.992899,-0.9483647,0.04386033,-0.3141352,0.1101888,0.9742669,-0.1966272,0.2974274,-0.2210885,-0.9287933,static,-17.89384,9.05578,-18.08003,5.985723
05/11/2023 13:10:13.007977,3677,True,True,True,True,Eyes,0.1279436,0.1738131,-2.522957,0.3161206,-0.1492131,-0.9369115,0.0,0.0,0.0,0.0,0.0,0.0,0.0,-0.9182433,-0.7082984,-2.457352,-0.02315592,0.1884653,-2.710605,0.03791809,0.9802041,-0.1055037,0.1631911,12.66241,161.3555,2.343765,0.07884896,0.06939483,-0.9944679,0.0,0.0,0.0,0.3247919,-0.1246361,-4.389108,-0.6506119,0.2089603,1.992902,-0.943862,0.0399004,-0.3279222,0.1087695,0.9748623,-0.1944545,0.3119202,-0.2192061,-0.9244756,static,-18.64476,9.048964,-18.08003,5.985722
05/11/2023 13:10:13.028168,3678,True,True,True,True,Eyes,0.1220657,0.174339,-2.531376,0.3284387,-0.1485134,-0.9327763,0.0,0.0,0.0,0.0,0.0,0.0,0.0,-0.9572721,-0.7092478,-2.451893,-0.02615418,0.1883885,-2.719377,0.03584465,0.9791186,-0.1054351,0.1700741,12.63031,160.5151,2.016085,0.07601958,0.06932206,-0.9946932,0.0,0.0,0.0,0.3439406,-0.117852,-4.397851,-0.6506116,0.2089601,1.9929,-0.9395797,0.03432874,-0.3406041,0.1060559,0.9751971,-0.1942745,0.325487,-0.2186595,-0.9199163,static,-19.39761,9.046499,-18.08003,5.985719
05/11/2023 13:10:13.038433,3679,True,True,True,True,Eyes,0.1163443,0.1748758,-2.539797,0.3406369,-0.1480846,-0.9284598,0.0,0.0,0.0,0.0,0.0,0.0,0.0,-0.9955291,-0.7187179,-2.443562,-0.02880196,0.188538,-2.728049,0.03365054,0.9778297,-0.1069096,0.176882,12.76679,159.677,1.644483,0.07322544,0.06925521,-0.9949074,0.0,0.0,0.0,0.3625808,-0.1281718,-4.403078,-0.6506114,0.2089599,1.9929,-0.9351609,0.02798822,-0.353116,0.1036298,0.9748759,-0.1971744,0.3387257,-0.2209831,-0.9145663,static,-20.14727,9.062057,-18.08003,5.985716
05/11/2023 13:10:13.057914,3680,True,True,True,True,Eyes,0.1107835,0.1753909,-2.54823,0.3528285,-0.1476543,-0.9239644,0.0,0.0,0.0,0.0,0.0,0.0,0.0,-1.035243,-0.7356589,-2.43166,-0.03074433,0.1893643,-2.73662,0.03224332,0.9762431,-0.1098406,0.18397,13.08086,158.8079,1.325961,0.07047051,0.06919407,-0.9951106,0.0,0.0,0.0,0.3796837,-0.1412048,-4.408072,-0.6506118,0.2089601,1.992901,-0.930231,0.02253987,-0.3662821,0.1033694,0.9737909,-0.2025987,0.3521156,-0.2263259,-0.9081804,static,-20.90005,9.079395,-18.08003,5.98572
05/11/2023 13:10:13.078180,3681,True,True,True,True,Eyes,0.1053832,0.1758659,-2.55665,0.3648525,-0.1475473,-0.9193,0.0,0.0,0.0,0.0,0.0,0.0,0.0,-1.075129,-0.7382745,-2.423554,-0.03253106,0.1893366,-2.745479,0.03130277,0.974875,-0.110237,0.1910155,13.11423,157.9559,1.113054,0.06775877,0.06913712,-0.9953029,0.0,0.0,0.0,0.3969589,-0.1378568,-4.415297,-0.6506118,0.2089602,1.992901,-0.9250666,0.01891862,-0.3793338,0.1031465,0.9737359,-0.2029759,0.3655309,-0.2268932,-0.902722,static,-21.64718,9.118187,-18.08003,5.985721
05/11/2023 13:10:13.088160,3682,True,True,True,True,Eyes,0.1001464,0.176311,-2.565075,0.3768229,-0.1476738,-0.9144381,0.0,0.0,0.0,0.0,0.0,0.0,0.0,-1.115585,-0.749519,-2.411106,-0.03406541,0.1889094,-2.753705,0.03200308,0.9731753,-0.1127561,0.1979696,13.42275,157.1252,1.039412,0.06509368,0.06908237,-0.9954845,0.0,0.0,0.0,0.4163725,-0.1544517,-4.417961,-0.6506113,0.20896,1.9929,-0.9195679,0.01764465,-0.3925353,0.1069338,0.9725238,-0.2067916,0.3781012,-0.2321341,-0.8961885,static,-22.39565,9.173573,-18.08003,5.98572
05/11/2023 13:10:13.108048,3683,True,True,True,True,Eyes,0.09510867,0.1767383,-2.573497,0.3885389,-0.1478922,-0.9094864,0.0,0.0,0.0,0.0,0.0,0.0,0.0,-1.155669,-0.7586769,-2.399269,-0.03544115,0.1886922,-2.762389,0.03400317,0.9714589,-0.1151216,0.2045934,13.74407,156.3489,1.11837,0.06247848,0.06902842,-0.9956558,0.0,0.0,0.0,0.4355041,-0.1625936,-4.422418,-0.6506113,0.2089601,1.9929,-0.9139705,0.01895913,-0.4053372,0.1131716,0.9711816,-0.2097581,0.3896792,-0.2375854,-0.8897771,static,-23.13251,9.236065,-18.08003,5.98572
05/11/2023 13:10:13.127945,3684,True,True,True,True,Eyes,0.0902481,0.1771383,-2.581924,0.4001577,-0.1481623,-0.9043902,0.0,0.0,0.0,0.0,0.0,0.0,0.0,-1.192705,-0.7574265,-2.391577,-0.03626025,0.1887581,-2.771089,0.03566344,0.9700546,-0.1153413,0.2107574,13.81616,155.6315,1.213953,0.05991673,0.06897447,-0.995817,0.0,0.0,0.0,0.4540426,-0.1668571,-4.42682,-0.6506117,0.2089602,1.992901,-0.9086192,0.02057291,-0.4171193,0.117809,0.970849,-0.208742,0.4006655,-0.2388074,-0.8845556,static,-23.86754,9.303871,-18.08003,5.985721
05/11/2023 13:10:13.137942,3685,True,True,True,True,Eyes,0.08559541,0.1775162,-2.590366,0.4114997,-0.1482658,-0.8992693,0.0,0.0,0.0,0.0,0.0,0.0,0.0,-1.22744,-0.7574449,-2.38407,-0.03692121,0.1885222,-2.779788,0.03683293,0.9686797,-0.1157417,0.21658,13.89763,154.9466,1.252813,0.05741182,0.06891943,-0.9959683,0.0,0.0,0.0,0.4732674,-0.175093,-4.430151,-0.6506112,0.2089601,1.992899,-0.903473,0.02122392,-0.4281195,0.1214933,0.9704944,-0.2082788,0.4110671,-0.2401879,-0.8793939,static,-24.58852,9.362338,-18.08003,5.985723
05/11/2023 13:10:13.158183,3686,True,True,True,True,Eyes,0.08114978,0.1778574,-2.598823,0.4227438,-0.1483269,-0.8940285,0.0,0.0,0.0,0.0,0.0,0.0,0.0,-1.259709,-0.7491552,-2.380311,-0.03677381,0.1883765,-2.788754,0.03784401,0.9675545,-0.1144594,0.2220473,13.7861,154.3094,1.3217,0.05496684,0.06886254,-0.9961103,0.0,0.0,0.0,0.4943473,-0.1698671,-4.435618,-0.6506115,0.2089602,1.992901,-0.8985255,0.02240147,-0.4383489,0.1240631,0.9709337,-0.2046851,0.4210225,-0.2382978,-0.8751879,static,-25.30725,9.420051,-18.08003,5.985723
05/11/2023 13:10:13.179200,3687,True,True,True,True,Eyes,0.07689222,0.1781685,-2.607315,0.4339575,-0.1482144,-0.8886582,0.0,0.0,0.0,0.0,0.0,0.0,0.0,-1.293483,-0.7379659,-2.376144,-0.03629662,0.1878467,-2.797704,0.0398068,0.9663385,-0.1129789,0.2276863,13.6788,153.6641,1.503051,0.05258514,0.06880253,-0.9962429,0.0,0.0,0.0,0.5166724,-0.1650884,-4.44041,-0.6506118,0.20896,1.992901,-0.8931486,0.0254862,-0.4490386,0.1283812,0.9713024,-0.2002248,0.4310493,-0.2364786,-0.8707894,static,-26.0276,9.468888,-18.08003,5.985717
05/11/2023 13:10:13.187988,3688,True,True,True,True,Eyes,0.07284564,0.1784437,-2.615834,0.4451041,-0.1480009,-0.8831638,0.0,0.0,0.0,0.0,0.0,0.0,0.0,-1.329372,-0.7259524,-2.370826,-0.03571919,0.1872362,-2.806906,0.04185379,0.9649896,-0.1114367,0.2337202,13.57009,152.9715,1.691086,0.0502688,0.0687385,-0.9963669,0.0,0.0,0.0,0.5394133,-0.1625756,-4.444632,-0.6506118,0.2089602,1.992901,-0.8872461,0.0286869,-0.4604033,0.132867,0.9716602,-0.1955065,0.4417471,-0.2346347,-0.8659133,static,-26.74756,9.51325,-18.08003,5.985722
05/11/2023 13:10:13.213096,3689,True,True,True,True,Eyes,0.06901801,0.1786554,-2.624379,0.4561476,-0.1477445,-0.8775539,0.0,0.0,0.0,0.0,0.0,0.0,0.0,-1.363745,-0.7139553,-2.365896,-0.03475513,0.1866341,-2.816195,0.04267313,0.9636912,-0.1095799,0.2397304,13.39497,152.2665,1.750024,0.04802033,0.06866945,-0.9964826,0.0,0.0,0.0,0.5626819,-0.1559939,-4.449135,-0.6506112,0.20896,1.9929,-0.8814169,0.02970815,-0.4714044,0.1347867,0.9723425,-0.1907424,0.4527,-0.2316625,-0.8610435,static,-27.46516,9.556663,-18.08003,5.985721
05/11/2023 13:10:13.228869,3690,True,True,True,True,Eyes,0.06901801,0.1786554,-2.624379,0.4561476,-0.1477445,-0.8775539,0.0,0.0,0.0,0.0,0.0,0.0,0.0,-1.395168,-0.7073916,-2.360536,-0.03336742,0.1854949,-2.82551,0.04317433,0.962368,-0.1087404,0.2452742,13.32508,151.6081,1.75238,0.04584198,0.06859344,-0.9965904,0.0,0.0,0.0,0.5852152,-0.1543157,-4.452476,-0.6506115,0.2089602,1.992901,-0.8759533,0.02975675,-0.4814776,0.1364416,0.972623,-0.1881175,0.4626985,-0.2304757,-0.8560323,static,-27.46516,9.556663,-18.08003,5.985723
05/11/2023 13:10:13.238024,3691,True,True,True,True,Eyes,0.06901801,0.1786554,-2.624379,0.4561476,-0.1477445,-0.8775539,0.0,0.0,0.0,0.0,0.0,0.0,0.0,-1.423182,-0.7023925,-2.356554,-0.03151956,0.1844279,-2.834985,0.04423985,0.961131,-0.1082892,0.2500871,13.31402,151.0423,1.818295,0.04388128,0.06852476,-0.9966834,0.0,0.0,0.0,0.6069168,-0.1542712,-4.455423,-0.6506115,0.2089599,1.9929,-0.8709987,0.03087709,-0.4903144,0.139204,0.9726326,-0.1860326,0.4711516,-0.2302878,-0.8514599,static,-27.46516,9.556663,-18.08004,5.985718
05/11/2023 13:10:13.257895,3692,True,True,True,True,Eyes,0.06901801,0.1786554,-2.624379,0.4561476,-0.1477445,-0.8775539,0.0,0.0,0.0,0.0,0.0,0.0,0.0,-1.448483,-0.6943361,-2.354812,-0.02919533,0.183373,-2.844445,0.04485603,0.9600746,-0.107101,0.2545079,13.20774,150.5212,1.860901,0.04211656,0.06846272,-0.9967638,0.0,0.0,0.0,0.6271352,-0.1509305,-4.459136,-0.6506116,0.2089601,1.9929,-0.8664275,0.03161418,-0.4983013,0.1406464,0.9730346,-0.1828174,0.4790848,-0.2284823,-0.8475104,static,-27.46516,9.556663,-18.08003,5.985721
05/11/2023 13:10:13.278217,3693,True,True,True,True,Eyes,0.06901801,0.1786554,-2.624379,0.4561476,-0.1477445,-0.8775539,0.0,0.0,0.0,0.0,0.0,0.0,0.0,-1.472822,-0.6856768,-2.353586,-0.02667124,0.1817223,-2.853944,0.04513689,0.9590529,-0.1058086,0.2588143,13.08029,150.0099,1.871328,0.04052821,0.0684067,-0.9968335,0.0,0.0,0.0,0.64763,-0.1506727,-4.461723,-0.6506115,0.2089601,1.9929,-0.8619556,0.03180775,-0.5059849,0.1413469,0.9735343,-0.1795879,0.4868814,-0.2263162,-0.8436394,static,-27.46516,9.556663,-18.08003,5.985721
05/11/2023 13:10:13.288587,3694,True,True,True,True,Eyes,0.06901801,0.1786554,-2.624379,0.4561476,-0.1477445,-0.8775539,0.0,0.0,0.0,0.0,0.0,0.0,0.0,-1.496167,-0.6807575,-2.351382,-0.02385666,0.1796744,-2.863231,0.04622997,0.9579368,-0.1055259,0.2628388,13.08971,149.537,1.94735,0.03909845,0.06835613,-0.9968941,0.0,0.0,0.0,0.6682295,-0.1533356,-4.463688,-0.6506114,0.20896,1.992899,-0.8575572,0.03309819,-0.5133228,0.1440434,0.9734542,-0.1778722,0.493809,-0.2264763,-0.8395602,static,-27.46516,9.556663,-18.08003,5.985719
05/11/2023 13:10:13.308286,3695,True,True,True,True,Eyes,0.06901801,0.1786554,-2.624379,0.4561476,-0.1477445,-0.8775539,0.0,0.0,0.0,0.0,0.0,0.0,0.0,-1.519162,-0.674227,-2.350109,-0.02031871,0.1778032,-2.872876,0.04760165,0.95683,-0.1049735,0.2668168,13.07848,149.0738,2.06367,0.03781169,0.0683105,-0.9969468,0.0,0.0,0.0,0.6886743,-0.1544051,-4.465541,-0.6506114,0.2089599,1.9929,-0.8530859,0.03507599,-0.5205904,0.1471107,0.9734293,-0.1754817,0.5006028,-0.2262854,-0.835579,static,-27.46516,9.556663,-18.08003,5.985717
05/11/2023 13:10:13.328080,3696,True,True,True,True,Eyes,0.06901801,0.1786554,-2.624379,0.4561476,-0.1477445,-0.8775539,0.0,0.0,0.0,0.0,0.0,0.0,0.0,-1.53962,-0.6646261,-2.351042,-0.01658881,0.1757168,-2.882431,0.04824689,0.9559235,-0.1036486,0.2704432,12.95915,148.6479,2.127542,0.03665373,0.06826934,-0.9969929,0.0,0.0,0.0,0.7078327,-0.1550427,-4.467588,-0.6506114,0.2089601,1.9929,-0.8490654,0.03617856,-0.5270475,0.1483028,0.9738584,-0.1720641,0.5070446,-0.2242563,-0.8322349,static,-27.46516,9.556663,-18.08003,5.985722
05/11/2023 13:10:13.347753,3697,True,True,True,True,Eyes,0.06901801,0.1786554,-2.624379,0.4561476,-0.1477445,-0.8775539,0.0,0.0,0.0,0.0,0.0,0.0,0.0,-1.559826,-0.6586104,-2.350817,-0.012243,0.173497,-2.891871,0.0491195,0.9549031,-0.1030875,0.2740807,12.93248,148.2191,2.193296,0.03561191,0.06823223,-0.9970332,0.0,0.0,0.0,0.7242288,-0.1517876,-4.470838,-0.6506114,0.2089599,1.9929,-0.844934,0.03730014,-0.5335682,0.1503173,0.9739205,-0.1699517,0.5133138,-0.2238026,-0.8285054,static,-27.46516,9.556663,-18.08003,5.985717
05/11/2023 13:10:13.358057,3698,True,True,True,True,Eyes,0.06901801,0.1786554,-2.624379,0.4561476,-0.1477445,-0.8775539,0.0,0.0,0.0,0.0,0.0,0.0,0.0,-1.578437,-0.6472236,-2.352996,-0.007601585,0.1710884,-2.901313,0.04959724,0.9540671,-0.1014268,0.2775049,12.77147,147.8165,2.253338,0.03467395,0.06819876,-0.9970686,0.0,0.0,0.0,0.7393224,-0.1469381,-4.474486,-0.6506112,0.2089601,1.9929,-0.8410626,0.03834531,-0.5395774,0.1509311,0.9745054,-0.1660091,0.5194555,-0.221063,-0.8254076,static,-27.46516,9.556663,-18.08003,5.985722
05/11/2023 13:10:13.377968,3699,True,True,True,True,Eyes,0.06901801,0.1786554,-2.624379,0.4561476,-0.1477445,-0.8775539,0.0,0.0,0.0,0.0,0.0,0.0,0.0,-1.596955,-0.6379399,-2.354708,-0.002403595,0.1688367,-2.910906,0.0505398,0.9531486,-0.1002649,0.2808923,12.68127,147.4208,2.350768,0.03383003,0.0681686,-0.9970996,0.0,0.0,0.0,0.7560578,-0.1398168,-4.477794,-0.6506113,0.2089602,1.9929,-0.8370906,0.04001658,-0.5455989,0.1526711,0.9747854,-0.1627422,0.5253294,-0.2195272,-0.8220931,static,-27.46516,9.556663,-18.08003,5.985724
05/11/2023 13:10:13.388227,3700,True,True,True,True,Eyes,0.06593581,0.1781463,-2.637508,0.4707062,-0.1472759,-0.8699112,0.0,0.0,0.0,0.0,0.0,0.0,0.0,-1.615775,-0.6271468,-2.3566,0.003459547,0.1668531,-2.920573,0.05168124,0.952197,-0.09884398,0.2843938,12.57008,147.0142,2.478045,0.03307064,0.06814141,-0.9971269,0.0,0.0,0.0,0.7742599,-0.1394453,-4.478979,-0.6506116,0.2089601,1.9929,-0.8328984,0.0422002,-0.5518147,0.1546427,0.9751179,-0.1588423,0.5313812,-0.2176335,-0.8187001,static,-28.41768,9.609058,-18.08003,5.985721
05/11/2023 13:10:13.408605,3701,True,True,True,True,Eyes,0.06325611,0.1776025,-2.650501,0.4848689,-0.1467925,-0.8621799,0.0,0.0,0.0,0.0,0.0,0.0,0.0,-1.635957,-0.6148989,-2.357463,0.009625155,0.1651808,-2.929968,0.05257657,0.9511642,-0.09707225,0.2882695,12.4141,146.5602,2.585294,0.03225712,0.06806436,-0.9971588,0.0,0.0,0.0,0.7911057,-0.1449582,-4.479325,-0.6506113,0.2089599,1.9929,-0.8282728,0.04405196,-0.5585907,0.1559838,0.9756254,-0.1543508,0.5381758,-0.2149757,-0.8149554,static,-29.35233,9.66238,-18.08003,5.985718
05/11/2023 13:10:13.428658,3702,True,True,True,True,Eyes,0.06133182,0.1770046,-2.663105,0.4985875,-0.1462745,-0.8544086,0.0,0.0,0.0,0.0,0.0,0.0,0.0,-1.655962,-0.6093103,-2.3568,0.01641559,0.1637751,-2.939538,0.05331513,0.949993,-0.09641904,0.2921887,12.37745,146.0935,2.637833,0.03141252,0.06794205,-0.9971942,0.0,0.0,0.0,0.8074237,-0.143994,-4.480571,-0.6506118,0.20896,1.9929,-0.8235663,0.04495287,-0.5654355,0.1576431,0.9757217,-0.1520387,0.5448731,-0.214351,-0.8106581,static,-30.26557,9.714841,-18.08004,5.985717
05/11/2023 13:10:13.438018,3703,True,True,True,True,Eyes,0.05978524,0.1763898,-2.675586,0.5119378,-0.1458424,-0.8465517,0.0,0.0,0.0,0.0,0.0,0.0,0.0,-1.67676,-0.6054306,-2.35497,0.02346888,0.1626008,-2.949061,0.05461437,0.9486954,-0.09622946,0.2961999,12.41192,145.619,2.736004,0.03056936,0.06777836,-0.9972315,0.0,0.0,0.0,0.8244651,-0.1372891,-4.4821,-0.6506113,0.2089599,1.992899,-0.8185661,0.04661848,-0.5725179,0.1606311,0.9755144,-0.1502314,0.5514959,-0.2149384,-0.8060113,static,-31.16274,9.774859,-18.08003,5.985718
05/11/2023 13:10:13.458308,3704,True,True,True,True,Eyes,0.05872741,0.1757918,-2.687856,0.5248705,-0.1457347,-0.8386133,0.0,0.0,0.0,0.0,0.0,0.0,0.0,-1.698012,-0.6007308,-2.352762,0.03083954,0.1615437,-2.958473,0.05664406,0.9473199,-0.09611438,0.3002309,12.48093,145.1489,2.912324,0.02974222,0.06757755,-0.9972702,0.0,0.0,0.0,0.842573,-0.1407407,-4.481099,-0.6506117,0.2089601,1.992901,-0.8133057,0.04960706,-0.5797179,0.1650331,0.975107,-0.1480895,0.5579407,-0.2161147,-0.8012469,static,-32.04158,9.858439,-18.08003,5.985721
05/11/2023 13:10:13.477992,3705,True,True,True,True,Eyes,0.05816407,0.1752816,-2.699952,0.5373464,-0.1457909,-0.8306646,0.0,0.0,0.0,0.0,0.0,0.0,0.0,-1.720594,-0.6016057,-2.348176,0.03825859,0.1616422,-2.967946,0.06002417,0.9457043,-0.09726191,0.3042709,12.73777,144.6865,3.193798,0.02894791,0.06734474,-0.9973093,0.0,0.0,0.0,0.8622826,-0.1303822,-4.481466,-0.6506118,0.2089602,1.992901,-0.8076331,0.0543423,-0.5871766,0.1727182,0.9738744,-0.1474348,0.5638244,-0.2204892,-0.795919,static,-32.89832,9.954662,-18.08003,5.98572
05/11/2023 13:10:13.488096,3706,True,True,True,True,Eyes,0.05303104,0.1663768,-3.000223,0.8046806,-0.1378788,-0.5774759,2.079239,1.726154,-0.120306,-4.200933,-0.9464809,-0.2986735,-0.1223446,-0.6383864,0.2022909,1.987253,0.04627329,0.1635109,-2.978198,0.06383393,0.9442846,-0.09689754,0.3079983,12.84528,144.2734,3.579221,0.02820244,0.06708734,-0.997348,0.0,0.0,0.0,0.8824565,-0.1248408,-4.479889,-0.6506112,0.2089601,1.9929,-0.8021245,0.06086622,-0.5940468,0.1802433,0.9730722,-0.1436762,0.5693053,-0.2223191,-0.7914957,static,-54.33504,13.4286,-18.08003,5.985721
05/11/2023 13:10:13.508227,3707,True,True,True,True,Eyes,0.05348746,0.1664812,-3.000552,0.8048356,-0.1375142,-0.5773469,0.0,0.0,0.0,0.0,0.0,0.0,0.0,-1.763169,-0.5753654,-2.349464,0.05455624,0.1667509,-2.988145,0.06829844,0.9430563,-0.09405749,0.3116624,12.70757,143.8841,4.126146,0.02680512,0.06507897,-0.9975197,-0.0153991,-0.02671431,-0.9008124,0.9016904,-0.1261947,-4.477201,-0.6506114,0.20896,1.992899,-0.7964039,0.07019018,-0.6006783,0.1874469,0.972977,-0.1348309,0.5749825,-0.2199751,-0.7880396,static,-54.34632,13.39725,-18.08003,5.98572
05/11/2023 13:10:13.527814,3708,True,True,True,True,Eyes,0.05426734,0.1667243,-3.001244,0.805261,-0.137402,-0.5767801,0.0,0.0,0.0,0.0,0.0,0.0,0.0,-1.787004,-0.5433326,-2.352345,0.06337271,0.1695127,-2.998228,0.06948586,0.9419286,-0.08819234,0.3164875,12.12966,143.3235,4.404211,0.02563216,0.06344725,-0.9976556,-0.01447515,-0.02511145,-0.8467637,0.919631,-0.1223515,-4.4758,-0.6506118,0.2089601,1.992901,-0.7900147,0.07507789,-0.6084735,0.186725,0.9747877,-0.122159,0.583961,-0.2101246,-0.7841155,static,-54.38731,13.39939,-18.08003,5.98572
05/11/2023 13:10:13.538245,3709,True,True,True,True,Eyes,0.05543808,0.1670337,-3.002268,0.805925,-0.1369923,-0.5759497,0.0,0.0,0.0,0.0,0.0,0.0,0.0,-1.819956,-0.5457649,-2.339025,0.07178119,0.173108,-3.00766,0.07291517,0.939486,-0.08932162,0.3226006,12.40836,142.6042,4.661777,0.02465972,0.0621293,-0.997763,-0.01360664,-0.02360476,-0.7959579,0.9378957,-0.1220544,-4.472971,-0.6506116,0.20896,1.9929,-0.7812244,0.07937516,-0.6191834,0.194636,0.9734101,-0.1207878,0.5931317,-0.2148778,-0.775901,static,-54.44872,13.37945,-18.08003,5.985719
05/11/2023 13:10:13.558233,3710,True,True,True,True,Eyes,0.05685356,0.1673515,-3.003583,0.8067971,-0.1368306,-0.574766,0.0,0.0,0.0,0.0,0.0,0.0,0.0,-1.849683,-0.519129,-2.335483,0.08060797,0.175131,-3.017968,0.07382964,0.9377798,-0.08465653,0.3285602,11.96378,141.8925,4.857722,0.02387033,0.06107056,-0.9978476,-0.01279025,-0.02218848,-0.7482004,0.9574769,-0.1194356,-4.469965,-0.6506116,0.20896,1.9929,-0.773195,0.08284234,-0.6287345,0.1941014,0.9747649,-0.1102634,0.6037338,-0.2072933,-0.7697632,static,-54.53375,13.39075,-18.08004,5.985718
05/11/2023 13:10:13.577695,3711,True,True,True,True,Eyes,0.05856099,0.1676819,-3.005146,0.8077057,-0.1372287,-0.5733933,0.0,0.0,0.0,0.0,0.0,0.0,0.0,-1.877677,-0.5255058,-2.322786,0.08779958,0.1756944,-3.026315,0.07596027,0.9355752,-0.08660042,0.3338108,12.28386,141.2605,4.950346,0.02324589,0.06022466,-0.9979138,-0.01202283,-0.02085717,-0.7033084,0.9766876,-0.108085,-4.467766,-0.6506115,0.2089601,1.9929,-0.765601,0.08431676,-0.6377665,0.1999494,0.9734608,-0.1113297,0.6114537,-0.2127551,-0.7621417,static,-54.62891,13.45929,-18.08003,5.985722
05/11/2023 13:10:13.588200,3712,True,True,True,True,Eyes,0.06048126,0.1680452,-3.006975,0.8087782,-0.1378123,-0.5717392,0.0,0.0,0.0,0.0,0.0,0.0,0.0,-1.904006,-0.5503199,-2.307218,0.0951972,0.176636,-3.034977,0.08020124,0.9330611,-0.09242243,0.3382648,13.10463,140.7355,5.133047,0.02277292,0.05955325,-0.997965,-0.01130146,-0.01960574,-0.6611099,0.9962633,-0.1232671,-4.460079,-0.6506112,0.20896,1.9929,-0.7582895,0.08713881,-0.646068,0.2121918,0.9700517,-0.118213,0.6164185,-0.22673,-0.7540702,static,-54.74286,13.55209,-18.08003,5.98572
05/11/2023 13:10:13.608600,3713,True,True,True,True,Eyes,0.06263448,0.1684564,-3.009022,0.8099267,-0.1384501,-0.5699564,0.0,0.0,0.0,0.0,0.0,0.0,0.0,-1.929092,-0.5518682,-2.297281,0.1021531,0.1778216,-3.043254,0.08279491,0.9310619,-0.09353405,0.3428123,13.35231,140.1951,5.310141,0.02243747,0.05902472,-0.998004,-0.01062337,-0.01842939,-0.6214433,1.015541,-0.1153209,-4.456477,-0.6506113,0.20896,1.9929,-0.7512497,0.09004512,-0.6538472,0.2183036,0.9687927,-0.1174058,0.6228706,-0.2309382,-0.7474625,static,-54.86543,13.65347,-18.08003,5.985718
05/11/2023 13:10:13.628329,3714,True,True,True,True,Eyes,0.06499336,0.1689227,-3.01133,0.8112257,-0.1389489,-0.5679842,0.0,0.0,0.0,0.0,0.0,0.0,0.0,-1.952448,-0.5625929,-2.286169,0.1089292,0.1795677,-3.051397,0.08445159,0.9290968,-0.09584059,0.3470762,13.6926,139.6738,5.338736,0.02222866,0.05861369,-0.9980329,-0.009985971,-0.01732363,-0.5841568,1.035205,-0.1193551,-4.449313,-0.6506113,0.20896,1.9929,-0.7448121,0.0903994,-0.6611224,0.2234553,0.967365,-0.1194681,0.6287469,-0.2367126,-0.7407054,static,-55.002,13.74657,-18.08003,5.985721
05/11/2023 13:10:13.637820,3715,True,True,True,True,Eyes,0.06758088,0.1694177,-3.013849,0.8125747,-0.1389014,-0.5660642,0.0,0.0,0.0,0.0,0.0,0.0,0.0,-1.971779,-0.5558615,-2.283266,0.1161658,0.1813329,-3.060036,0.08410035,0.9278337,-0.09424097,0.3509565,13.52744,139.1912,5.30623,0.02213643,0.05829911,-0.9980529,-0.009386813,-0.01628421,-0.5491074,1.054291,-0.1305094,-4.441006,-0.6506114,0.2089598,1.992899,-0.7395133,0.08991331,-0.6671099,0.2222112,0.9680915,-0.1158487,0.6354071,-0.233911,-0.7358963,static,-55.13776,13.78689,-18.08004,5.985717
05/11/2023 13:10:13.658380,3716,True,True,True,True,Eyes,0.07034595,0.1699371,-3.016591,0.8140618,-0.1385727,-0.5640045,0.0,0.0,0.0,0.0,0.0,0.0,0.0,-1.987717,-0.5341241,-2.286489,0.1232247,0.1825491,-3.068522,0.08208071,0.9271438,-0.08944882,0.3544945,12.9475,138.7447,5.226841,0.02215358,0.05806404,-0.9980661,-0.008823604,-0.01530716,-0.5161609,1.071569,-0.1302945,-4.435555,-0.6506116,0.2089603,1.992901,-0.7351933,0.088783,-0.6720186,0.2156194,0.9705234,-0.1076695,0.6426505,-0.2240581,-0.7326655,static,-55.28471,13.80382,-18.08003,5.985723
05/11/2023 13:10:13.678196,3717,True,True,True,True,Eyes,0.07331623,0.1704618,-3.01953,0.8156217,-0.1377389,-0.5619512,0.0,0.0,0.0,0.0,0.0,0.0,0.0,-2.003925,-0.517727,-2.287506,0.1302017,0.1835908,-3.076651,0.08076469,0.9262642,-0.08590894,0.3579544,12.53106,138.311,5.178921,0.02226586,0.05788061,-0.9980741,-0.008294188,-0.01438873,-0.4851913,1.09101,-0.1327903,-4.428474,-0.6506114,0.2089601,1.9929,-0.7306914,0.08811593,-0.6769974,0.2111218,0.9721935,-0.1013286,0.6492438,-0.2169689,-0.7289767,static,-55.43374,13.77215,-18.08003,5.985721
05/11/2023 13:10:13.688390,3718,True,True,True,True,Eyes,0.07644299,0.1709475,-3.022665,0.8173329,-0.1366175,-0.5597345,0.0,0.0,0.0,0.0,0.0,0.0,0.0,-2.020371,-0.4913571,-2.29053,0.1373955,0.1842262,-3.08497,0.07867654,0.9255113,-0.08043886,0.3616194,11.8761,137.8501,5.127276,0.02246277,0.05772723,-0.9980784,-0.007796537,-0.01352541,-0.4560798,1.112499,-0.1200286,-4.422858,-0.6506115,0.20896,1.9929,-0.726083,0.08745553,-0.6820228,0.2038085,0.9746792,-0.09199224,0.6567082,-0.205796,-0.7255223,static,-55.59547,13.71632,-18.08003,5.985719
05/11/2023 13:10:13.708180,3719,True,True,True,True,Eyes,0.07982337,0.1714155,-3.025875,0.8190621,-0.1357053,-0.5574238,0.0,0.0,0.0,0.0,0.0,0.0,0.0,-2.038324,-0.4710728,-2.289917,0.144229,0.183702,-3.09287,0.07708515,0.9244691,-0.07647935,0.3654667,11.40539,137.3663,5.069808,0.02274065,0.05759921,-0.9980792,-0.007328745,-0.01271388,-0.428715,1.133274,-0.1142989,-4.415286,-0.6506115,0.20896,1.9929,-0.7209842,0.08662437,-0.687516,0.198427,0.9764176,-0.08506145,0.6639344,-0.1977497,-0.7211701,static,-55.76222,13.68254,-18.08003,5.985718
05/11/2023 13:10:13.728205,3720,True,True,True,True,Eyes,0.0833459,0.1718801,-3.029277,0.8209502,-0.1347246,-0.5548786,0.0,0.0,0.0,0.0,0.0,0.0,0.0,-2.058863,-0.4697105,-2.282793,0.1509169,0.1841886,-3.100643,0.07786783,0.9228526,-0.07654261,0.3693521,11.46658,136.8873,5.103443,0.02309947,0.05749325,-0.9980766,-0.00688902,-0.01195105,-0.4029921,1.152158,-0.107767,-4.409626,-0.6506116,0.2089601,1.992901,-0.7150313,0.0871787,-0.6936355,0.2002634,0.9761556,-0.08375379,0.6697947,-0.1987964,-0.7154405,static,-55.94532,13.64734,-18.08003,5.98572
05/11/2023 13:10:13.738012,3721,True,True,True,True,Eyes,0.08701079,0.1723026,-3.032809,0.8229471,-0.1340532,-0.5520759,0.0,0.0,0.0,0.0,0.0,0.0,0.0,-2.083239,-0.4501497,-2.276165,0.1578277,0.184558,-3.108773,0.07914086,0.9210969,-0.07372683,0.3740077,11.24576,136.3236,5.302753,0.02353542,0.05740664,-0.9980707,-0.006475679,-0.01123399,-0.3788126,1.170287,-0.09841278,-4.404294,-0.6506115,0.2089601,1.992901,-0.70771,0.09064401,-0.7006642,0.2009416,0.9766022,-0.07662052,0.677325,-0.1950177,-0.7093654,static,-56.14423,13.64823,-18.08003,5.985721
05/11/2023 13:10:13.758108,3722,True,True,True,True,Eyes,0.09077952,0.1727166,-3.036504,0.8250304,-0.1338272,-0.5490128,0.0,0.0,0.0,0.0,0.0,0.0,0.0,-2.109515,-0.4441484,-2.263926,0.1640629,0.1841472,-3.116384,0.08031305,0.91899,-0.07344998,0.3789623,11.2956,135.713,5.379977,0.0240449,0.05733588,-0.9980629,-0.006087138,-0.01055995,-0.3560838,1.190841,-0.09038912,-4.397233,-0.650611,0.2089599,1.992899,-0.6998751,0.09194423,-0.7083231,0.2032833,0.9763098,-0.07412835,0.6847271,-0.1958708,-0.7019855,static,-56.3584,13.69924,-18.08003,5.985718
05/11/2023 13:10:13.777957,3723,True,True,True,True,Eyes,0.09468163,0.17313,-3.040337,0.8271877,-0.1339387,-0.5457296,0.0,0.0,0.0,0.0,0.0,0.0,0.0,-2.135443,-0.4665561,-2.246152,0.1703258,0.1844484,-3.124092,0.08244503,0.9165067,-0.07831445,0.3835171,11.93428,135.1443,5.339931,0.02462282,0.05727879,-0.9980522,-0.005721909,-0.009926351,-0.3347188,1.213212,-0.07740214,-4.389303,-0.6506118,0.20896,1.9929,-0.6922352,0.09105298,-0.7159051,0.2111927,0.9741393,-0.08031328,0.6900786,-0.2067896,-0.6935632,static,-56.58553,13.78957,-18.08004,5.98572
05/11/2023 13:10:13.788246,3724,True,True,True,True,Eyes,0.09867075,0.1735196,-3.044302,0.8294369,-0.1342866,-0.5422191,0.0,0.0,0.0,0.0,0.0,0.0,0.0,-2.161249,-0.4721722,-2.231779,0.1768687,0.1850188,-3.131974,0.08436063,0.9142087,-0.08015315,0.3881772,12.24234,134.5673,5.403,0.02526703,0.05723358,-0.9980389,-0.005378595,-0.00933077,-0.3146357,1.235285,-0.07064291,-4.380276,-0.6506114,0.2089601,1.992901,-0.6844038,0.09201918,-0.7232733,0.2164737,0.9729175,-0.08105967,0.6962262,-0.2120471,-0.6857883,static,-56.82657,13.91005,-18.08002,5.985719
05/11/2023 13:10:13.809130,3725,True,True,True,True,Eyes,0.102751,0.1738865,-3.048389,0.8317043,-0.1350503,-0.5385437,0.0,0.0,0.0,0.0,0.0,0.0,0.0,-2.186023,-0.482025,-2.2162,0.1829518,0.1848878,-3.139256,0.0858338,0.9119129,-0.08269964,0.3926938,12.60583,133.9993,5.385542,0.02597439,0.05719796,-0.998023,-0.005055879,-0.008770924,-0.2957576,1.255971,-0.06593531,-4.371672,-0.6506113,0.2089599,1.992899,-0.6768485,0.09159461,-0.7304018,0.2214971,0.9715866,-0.08341693,0.7020081,-0.2182425,-0.6779049,static,-57.07621,14.07773,-18.08004,5.985719
05/11/2023 13:10:13.828405,3726,True,True,True,True,Eyes,0.1069202,0.1742432,-3.052602,0.834079,-0.1359374,-0.5346338,0.0,0.0,0.0,0.0,0.0,0.0,0.0,-2.21227,-0.5032483,-2.196263,0.1890408,0.1848416,-3.146596,0.08777869,0.9092628,-0.08742731,0.397357,13.22336,133.4047,5.313396,0.0267395,0.05717007,-0.9980046,-0.004752527,-0.008244668,-0.2780121,1.276325,-0.06635857,-4.362148,-0.6506116,0.20896,1.9929,-0.6688045,0.09014807,-0.7379524,0.2291075,0.9693027,-0.08922984,0.7072552,-0.2287477,-0.6689277,static,-57.34066,14.26588,-18.08004,5.985719
05/11/2023 13:10:13.838125,3727,True,True,True,True,Eyes,0.1111796,0.1745826,-3.056925,0.8364851,-0.1368582,-0.5306247,0.0,0.0,0.0,0.0,0.0,0.0,0.0,-2.238379,-0.506743,-2.180078,0.1953518,0.1849877,-3.153964,0.08898406,0.9068676,-0.08878563,0.4022312,13.45125,132.7881,5.307818,0.02755964,0.05714851,-0.9979836,-0.004467375,-0.007749988,-0.2613314,1.297806,-0.072862,-4.35056,-0.6506115,0.2089601,1.9929,-0.6605834,0.08996883,-0.7453419,0.2328182,0.9683979,-0.08944927,0.7137399,-0.232618,-0.6606541,static,-57.61098,14.46248,-18.08003,5.985721
05/11/2023 13:10:13.858521,3728,True,True,True,True,Eyes,0.1155263,0.1749163,-3.061372,0.8390027,-0.1378162,-0.5263849,0.0,0.0,0.0,0.0,0.0,0.0,0.0,-2.264884,-0.5112591,-2.16296,0.2015017,0.1850097,-3.161431,0.08996598,0.9044113,-0.09028219,0.4071802,13.68414,132.1565,5.268117,0.02843263,0.05713186,-0.9979602,-0.004199333,-0.007284989,-0.2456515,1.319348,-0.07167555,-4.340128,-0.6506118,0.20896,1.9929,-0.652221,0.08921024,-0.7527613,0.2362547,0.9675105,-0.09003974,0.7202719,-0.2365692,-0.6521069,static,-57.89611,14.67165,-18.08004,5.985717
05/11/2023 13:10:13.878385,3729,True,True,True,True,Eyes,0.119953,0.1752385,-3.065956,0.8416063,-0.1384839,-0.5220357,0.0,0.0,0.0,0.0,0.0,0.0,0.0,-2.291,-0.5138232,-2.146479,0.2079564,0.185211,-3.168993,0.09023151,0.902023,-0.09112489,0.4122007,13.81457,131.5095,5.179109,0.02935412,0.05711921,-0.9979344,-0.003947373,-0.00684789,-0.2309124,1.340078,-0.08197177,-4.327541,-0.6506116,0.2089601,1.9929,-0.643898,0.08765829,-0.7600735,0.2379052,0.9671091,-0.0900065,0.7271841,-0.2387804,-0.6435739,static,-58.1893,14.85704,-18.08003,5.98572
05/11/2023 13:10:13.898232,3730,True,True,True,True,Eyes,0.1244635,0.1755384,-3.070658,0.8443277,-0.1390691,-0.5174655,0.0,0.0,0.0,0.0,0.0,0.0,0.0,-2.31653,-0.5040912,-2.13353,0.2144455,0.1852059,-3.176803,0.08971641,0.8999029,-0.08955319,0.4172603,13.65344,130.8618,5.121066,0.03032102,0.05710949,-0.9979061,-0.00371053,-0.006437016,-0.2170577,1.359438,-0.09418848,-4.31574,-0.6506112,0.20896,1.992899,-0.6356899,0.08673812,-0.7670563,0.2362061,0.9678624,-0.08630815,0.7349187,-0.2360485,-0.6357484,static,-58.49701,15.04283,-18.08003,5.985719
05/11/2023 13:10:13.907963,3731,True,True,True,True,Eyes,0.1290543,0.1758137,-3.075492,0.8471286,-0.1393325,-0.5127958,0.0,0.0,0.0,0.0,0.0,0.0,0.0,-2.343148,-0.4937948,-2.118928,0.2209758,0.1849583,-3.184493,0.08996489,0.8975797,-0.08826876,0.4224522,13.56028,130.2016,5.129965,0.03133246,0.05710146,-0.9978754,-0.003487899,-0.006050795,-0.2040342,1.378001,-0.09767734,-4.306156,-0.6506113,0.2089603,1.992901,-0.6268811,0.08692265,-0.7742511,0.2360799,0.9682299,-0.08244475,0.7424868,-0.2344682,-0.6274858,static,-58.81205,15.20093,-18.08002,5.985724
05/11/2023 13:10:13.928245,3732,True,True,True,True,Eyes,0.133726,0.176056,-3.080444,0.8500448,-0.1395153,-0.5078969,0.0,0.0,0.0,0.0,0.0,0.0,0.0,-2.370443,-0.482471,-2.103771,0.2275949,0.1845845,-3.192453,0.08958723,0.8952155,-0.08659837,0.4278602,13.39777,129.5081,5.089398,0.03238541,0.05709388,-0.9978424,-0.003278624,-0.005687748,-0.1917921,1.395491,-0.1011622,-4.297314,-0.6506114,0.2089599,1.992899,-0.6178197,0.08629573,-0.7815702,0.2345037,0.9689497,-0.07838675,0.7505378,-0.23171,-0.6188729,static,-59.14193,15.35985,-18.08004,5.985718
05/11/2023 13:10:13.938054,3733,True,True,True,True,Eyes,0.138493,0.1762571,-3.085505,0.8529406,-0.139587,-0.5029989,0.0,0.0,0.0,0.0,0.0,0.0,0.0,-2.397758,-0.4744136,-2.087322,0.2342184,0.1840118,-3.200391,0.08926009,0.8927507,-0.08555196,0.433255,13.30283,128.8114,5.025133,0.03347663,0.05708542,-0.997807,-0.003081907,-0.005346483,-0.1802846,1.412797,-0.09821543,-4.290492,-0.6506112,0.2089599,1.992899,-0.6086459,0.08524239,-0.7888501,0.2335056,0.969427,-0.07540838,0.7583045,-0.2300979,-0.6099423,static,-59.47115,15.50984,-18.08003,5.98572
05/11/2023 13:10:13.958027,3734,True,True,True,True,Eyes,0.1433385,0.1764141,-3.090688,0.8559009,-0.1396182,-0.4979362,0.0,0.0,0.0,0.0,0.0,0.0,0.0,-2.424169,-0.4694338,-2.071293,0.2408752,0.1832857,-3.208676,0.08901685,0.8903169,-0.08505967,0.4383796,13.26802,128.1457,4.946836,0.03460535,0.05707461,-0.9977691,-0.002896993,-0.005025694,-0.1694675,1.430661,-0.09704974,-4.282789,-0.6506115,0.2089598,1.992899,-0.5997985,0.08392955,-0.7957369,0.2330832,0.9696817,-0.07341377,0.7654499,-0.2295064,-0.6011762,static,-59.8105,15.66316,-18.08004,5.985717
05/11/2023 13:10:13.978175,3735,True,True,True,True,Eyes,0.1482464,0.1765229,-3.096008,0.8587812,-0.1396833,-0.4929337,0.0,0.0,0.0,0.0,0.0,0.0,0.0,-2.447618,-0.4664458,-2.057905,0.2476184,0.182365,-3.216956,0.08851323,0.8881474,-0.08474813,0.4429194,13.23503,127.5511,4.841176,0.03577033,0.05706005,-0.9977289,-0.002723173,-0.004724152,-0.1592995,1.449655,-0.09599321,-4.273894,-0.6506115,0.2089599,1.992899,-0.5919757,0.08215237,-0.8017581,0.2322987,0.9699664,-0.0721292,0.7717527,-0.2289461,-0.5932804,static,-60.14452,15.82122,-18.08004,5.985719
05/11/2023 13:10:13.998126,3736,True,True,True,True,Eyes,0.2729408,0.1781348,-3.232023,0.9226168,-0.1408616,-0.3590769,0.0,0.0,0.0,0.0,0.0,0.0,0.0,-2.470336,-0.4654936,-2.044636,0.2543237,0.1813095,-3.225248,0.08889282,0.8859493,-0.08515562,0.4471472,13.31965,126.9992,4.795742,0.03696844,0.05704031,-0.9976864,-0.002559783,-0.004440703,-0.1497415,1.469056,-0.09119383,-4.265325,-0.6506119,0.2089602,1.992901,-0.5843149,0.08135485,-0.8074388,0.2336632,0.9696932,-0.07139075,0.7771599,-0.2303834,-0.5856159,static,-68.73431,21.41948,-18.08003,5.985721
05/11/2023 13:10:14.008077,3737,True,True,True,True,Eyes,0.2732121,0.1780952,-3.232376,0.9226758,-0.1408748,-0.35892,2.051983,2.166527,-0.1109775,-3.968874,-0.06115062,0.6210371,0.781392,-0.524469,0.2169539,1.983255,0.2612461,0.1803199,-3.233696,0.08964033,0.8837468,-0.08510856,0.4513456,13.37635,126.4561,4.812065,0.04286804,0.05671469,-0.9974689,0.371677,0.0006613149,-0.5488026,1.48716,-0.08994072,-4.257551,-0.6506115,0.2089601,1.9929,-0.5765035,0.08161194,-0.8130088,0.2352654,0.9694423,-0.06951128,0.7824921,-0.2313464,-0.5780874,static,-68.74401,21.42983,-18.08003,5.985721
05/11/2023 13:10:14.028430,3738,True,True,True,True,Eyes,0.2737539,0.1780059,-3.233067,0.9228799,-0.1408295,-0.3584128,2.053297,2.168701,-0.1111589,-3.968995,-0.6880282,0.6313436,0.3578026,-0.5094126,0.2153493,1.979505,0.2681758,0.1793425,-3.242404,0.09016869,0.8815312,-0.08448419,0.4556692,13.36332,125.8971,4.833519,0.04782034,0.05645218,-0.9972586,0.3493764,0.000621636,-0.5158744,1.503208,-0.09136037,-4.251729,-0.6506118,0.20896,1.9929,-0.5684701,0.08197936,-0.818609,0.2359667,0.9694641,-0.06677672,0.7881377,-0.2311251,-0.5704557,static,-68.77566,21.45112,-18.08004,5.985718
05/11/2023 13:10:14.038335,3739,True,True,True,True,Eyes,0.2745359,0.1778618,-3.234117,0.923166,-0.1407573,-0.3577039,2.052399,2.169241,-0.1110283,-3.968267,-0.6520908,0.6400892,0.4062799,-0.4945647,0.2110943,1.973748,0.2752255,0.1780508,-3.251347,0.09047412,0.8793764,-0.08315259,0.4599971,13.26649,125.339,4.869531,0.05199455,0.05623867,-0.9970618,0.3284138,0.0005843379,-0.4849219,1.51867,-0.08921251,-4.247449,-0.6506117,0.2089602,1.9929,-0.5604345,0.0826217,-0.8240673,0.2356215,0.9698002,-0.06300922,0.7939748,-0.2294805,-0.5629768,static,-68.81989,21.47975,-18.08003,5.985723
05/11/2023 13:10:14.058223,3740,True,True,True,True,Eyes,0.2755732,0.1776672,-3.235485,0.9235878,-0.1406704,-0.3566474,0.0,0.0,0.0,0.0,0.0,0.0,0.0,-2.563167,-0.4317185,-1.996231,0.2822108,0.1765136,-3.26042,0.0909402,0.877176,-0.08204658,0.464285,13.20189,124.7846,4.911558,0.05553056,0.05606214,-0.9968811,0.3087089,0.0005492776,-0.4558266,1.533968,-0.08656801,-4.24356,-0.6506112,0.20896,1.9929,-0.5523388,0.08335515,-0.8294418,0.2357271,0.9699965,-0.05949423,0.7995964,-0.2283829,-0.5554157,static,-68.88572,21.52548,-18.08002,5.98572
05/11/2023 13:10:14.077934,3741,True,True,True,True,Eyes,0.2768586,0.1774209,-3.237168,0.9240883,-0.1405744,-0.3553866,0.0,0.0,0.0,0.0,0.0,0.0,0.0,-2.587448,-0.4222724,-1.982735,0.2893887,0.1751063,-3.269561,0.0914496,0.8748189,-0.08118016,0.4687628,13.16595,124.2024,4.94273,0.05854532,0.05591269,-0.996717,0.2901864,0.0005163209,-0.428477,1.548291,-0.08979116,-4.239584,-0.6506118,0.20896,1.9929,-0.5437967,0.08389519,-0.8350129,0.2361121,0.9700935,-0.05629954,0.8053174,-0.2277722,-0.5473422,static,-68.96422,21.58145,-18.08004,5.985718
05/11/2023 13:10:14.089813,3742,True,True,True,True,Eyes,0.2783799,0.1771359,-3.239162,0.9247215,-0.1405175,-0.3537582,0.0,0.0,0.0,0.0,0.0,0.0,0.0,-2.612834,-0.4124247,-1.96793,0.2965605,0.1736175,-3.278971,0.09175091,0.872342,-0.08020768,0.4734638,13.10984,123.5879,4.955195,0.06120148,0.05577588,-0.996565,0.2727752,0.0004853417,-0.4027684,1.5631,-0.09257395,-4.236068,-0.6506116,0.2089601,1.992901,-0.5348278,0.08412548,-0.840763,0.2360272,0.970297,-0.05305559,0.8113265,-0.2268185,-0.5387977,static,-69.06532,21.66363,-18.08003,5.98572
05/11/2023 13:10:14.108293,3743,True,True,True,True,Eyes,0.280144,0.1768243,-3.241448,0.9254314,-0.140535,-0.3518903,0.0,0.0,0.0,0.0,0.0,0.0,0.0,-2.639562,-0.4059976,-1.950556,0.3037641,0.1724127,-3.288584,0.0924771,0.8696203,-0.08000129,0.4783393,13.15654,122.9467,4.966707,0.06363315,0.05564019,-0.9964204,0.2564087,0.0004562212,-0.3786023,1.577301,-0.09124417,-4.234043,-0.6506112,0.20896,1.992899,-0.5252793,0.08430441,-0.8467436,0.2373755,0.9700956,-0.05067064,0.8171504,-0.2276123,-0.5295829,static,-69.18096,21.77037,-18.08003,5.985721
05/11/2023 13:10:14.128322,3744,True,True,True,True,Eyes,0.2821335,0.1765086,-3.244042,0.9262776,-0.1405834,-0.3496372,0.0,0.0,0.0,0.0,0.0,0.0,0.0,-2.667251,-0.398665,-1.932036,0.3110859,0.1715139,-3.298443,0.09318687,0.866776,-0.07962038,0.4834007,13.18637,122.2795,4.982837,0.06586908,0.05550427,-0.9962826,0.2410242,0.0004288479,-0.3558862,1.591874,-0.09327651,-4.231366,-0.6506111,0.2089599,1.992899,-0.51528,0.08456717,-0.8528394,0.2385214,0.9699537,-0.04793285,0.8231612,-0.2281192,-0.5199687,static,-69.32024,21.90426,-18.08003,5.985719
05/11/2023 13:10:14.147859,3745,True,True,True,True,Eyes,0.2843496,0.1761667,-3.246936,0.9272097,-0.1405643,-0.3471654,0.0,0.0,0.0,0.0,0.0,0.0,0.0,-2.696219,-0.3937185,-1.911197,0.318514,0.1711034,-3.308558,0.09369543,0.8637397,-0.07951744,0.4887247,13.2351,121.5711,4.958162,0.06793492,0.05536752,-0.9961515,0.2265627,0.000403117,-0.334533,1.606365,-0.09078313,-4.229902,-0.6506117,0.2089602,1.992901,-0.5047387,0.08413269,-0.8591628,0.2395812,0.9697963,-0.04578219,0.8293611,-0.2289473,-0.5096504,static,-69.47313,22.0426,-18.08003,5.985721
05/11/2023 13:10:14.161582,3746,True,True,True,True,Eyes,0.2867684,0.1758208,-3.250131,0.92825,-0.1405602,-0.3443761,0.0,0.0,0.0,0.0,0.0,0.0,0.0,-2.725141,-0.3861935,-1.890943,0.3260352,0.1701181,-3.319031,0.09271258,0.8608124,-0.07839343,0.4942277,13.09735,120.8318,4.837001,0.06985351,0.05522879,-0.9960266,0.212969,0.00037893,-0.314461,1.621048,-0.09100303,-4.228288,-0.6506115,0.20896,1.9929,-0.494287,0.08212787,-0.8654108,0.2371047,0.9705177,-0.04332181,0.8363386,-0.2266063,-0.4991871,static,-69.6454,22.20328,-18.08004,5.985718
05/11/2023 13:10:14.178208,3747,True,True,True,True,Eyes,0.2893752,0.1754752,-3.253666,0.9293354,-0.1405923,-0.3414228,0.0,0.0,0.0,0.0,0.0,0.0,0.0,-2.751492,-0.3889816,-1.871871,0.3333477,0.1696612,-3.329565,0.09215247,0.8580597,-0.07902202,0.4989962,13.15456,120.1793,4.670059,0.0716457,0.05508762,-0.9959071,0.2001908,0.0003561942,-0.2955933,1.636656,-0.09056406,-4.226336,-0.6506113,0.2089599,1.9929,-0.4850218,0.07928128,-0.870901,0.237008,0.9705269,-0.04364376,0.8417727,-0.2275786,-0.489517,static,-69.82748,22.38106,-18.08003,5.985717
05/11/2023 13:10:14.188161,3748,True,True,True,True,Eyes,0.2921726,0.1751218,-3.257497,0.9305311,-0.1404722,-0.3382003,0.0,0.0,0.0,0.0,0.0,0.0,0.0,-2.778665,-0.3821602,-1.853827,0.3410047,0.1694231,-3.340465,0.09256615,0.8552402,-0.07846805,0.5038239,13.14947,119.5336,4.668967,0.07332786,0.05494381,-0.9957927,0.1881794,0.0003348226,-0.2778577,1.653633,-0.08803836,-4.22292,-0.6506108,0.2089601,1.9929,-0.4751861,0.07926442,-0.8763079,0.2374007,0.9705486,-0.040944,0.847254,-0.2274922,-0.4800087,static,-70.02639,22.55566,-18.08001,5.985719
05/11/2023 13:10:14.213929,3749,True,True,True,True,Eyes,0.2951661,0.1747718,-3.261585,0.9317054,-0.1404559,-0.3349585,0.0,0.0,0.0,0.0,0.0,0.0,0.0,-2.804072,-0.3706404,-1.83911,0.3483919,0.1688432,-3.351511,0.09169224,0.852795,-0.07653388,0.5084052,12.9305,118.9205,4.623807,0.07491638,0.05479688,-0.9956825,0.1768886,0.0003147332,-0.2611862,1.671056,-0.08876493,-4.218989,-0.6506113,0.2089598,1.992898,-0.4662337,0.07856893,-0.881166,0.2342098,0.9714702,-0.03730182,0.8530958,-0.223769,-0.4713337,static,-70.22592,22.74944,-18.08004,5.985718
05/11/2023 13:10:14.228188,3750,True,True,True,True,Eyes,0.2983398,0.1744267,-3.265971,0.9329559,-0.1403095,-0.3315217,0.0,0.0,0.0,0.0,0.0,0.0,0.0,-2.828779,-0.3694642,-1.823337,0.3556206,0.1685109,-3.362765,0.09249775,0.8502268,-0.07705545,0.5124659,13.05187,118.3696,4.610884,0.07642558,0.05464687,-0.9955761,0.1662753,0.0002958492,-0.2455151,1.688679,-0.09223699,-4.214265,-0.6506121,0.20896,1.9929,-0.457646,0.07831153,-0.8856792,0.2362647,0.9710132,-0.03622535,0.8571694,-0.2258331,-0.4628826,static,-70.43755,22.93947,-18.08004,5.985719
05/11/2023 13:10:14.238097,3751,True,True,True,True,Eyes,0.3016804,0.1741298,-3.270637,0.9341893,-0.1403002,-0.3280339,0.0,0.0,0.0,0.0,0.0,0.0,0.0,-2.851849,-0.3516616,-1.813826,0.3631413,0.1682687,-3.374387,0.09270102,0.8481311,-0.07444701,0.5162731,12.82651,117.8725,4.728382,0.07786763,0.0544938,-0.9954727,0.1562988,0.0002780983,-0.2307842,1.706391,-0.09766784,-4.209051,-0.6506112,0.20896,1.992899,-0.4497373,0.08037528,-0.889537,0.2341152,0.9717283,-0.03056355,0.8619317,-0.2219997,-0.4558395,static,-70.65164,23.15641,-18.08003,5.985721
05/11/2023 13:10:14.258257,3752,True,True,True,True,Eyes,0.305204,0.1739547,-3.27557,0.935445,-0.1405297,-0.3243366,0.0,0.0,0.0,0.0,0.0,0.0,0.0,-2.874324,-0.3484507,-1.801873,0.3705169,0.1691839,-3.385852,0.09460125,0.8458366,-0.0748871,0.5196182,13.00273,117.425,4.839935,0.07925361,0.054339,-0.9953719,0.1469209,0.0002614124,-0.2169371,1.72345,-0.1096256,-4.202917,-0.6506119,0.2089602,1.992901,-0.4420953,0.082209,-0.8931929,0.2378598,0.9708851,-0.02837146,0.8648553,-0.2249976,-0.4487779,static,-70.8776,23.42629,-18.08004,5.985721
05/11/2023 13:10:14.278266,3753,True,True,True,True,Eyes,0.3088827,0.1738294,-3.280775,0.936749,-0.1405703,-0.320533,0.0,0.0,0.0,0.0,0.0,0.0,0.0,-2.898514,-0.3529253,-1.785625,0.3784743,0.1719922,-3.397289,0.09698506,0.8431544,-0.07659026,0.5232767,13.33563,116.9261,4.916385,0.08059353,0.05418591,-0.9952726,0.1381056,0.0002457276,-0.2039209,1.740378,-0.1158161,-4.1991,-0.6506121,0.2089601,1.992901,-0.4335508,0.08339096,-0.8972622,0.2437025,0.9694557,-0.0276548,0.8675498,-0.2306549,-0.4406309,moving,-71.11029,23.67994,-18.08004,5.985719
05/11/2023 13:10:14.288165,3754,True,True,True,True,Eyes,0.3126879,0.1738023,-3.286193,0.9380573,-0.1411133,-0.3164419,0.0,0.0,0.0,0.0,0.0,0.0,0.0,-2.924453,-0.3414263,-1.768797,0.3861386,0.1729784,-3.408609,0.09635253,0.840529,-0.07458529,0.5278866,13.1269,116.3034,4.902603,0.08189505,0.05403554,-0.9951746,0.1298193,0.000230984,-0.1916856,1.75429,-0.1136851,-4.19861,-0.6462584,0.2089601,1.9929,-0.4241038,0.08322903,-0.9017809,0.2407193,0.9703065,-0.02365576,0.8730349,-0.2271086,-0.4315454,moving,-71.35882,24.03389,-17.96686,5.98572
05/11/2023 13:10:14.308516,3755,True,True,True,True,Eyes,0.3166693,0.1738932,-3.291843,0.9394377,-0.1416766,-0.3120646,0.0,0.0,0.0,0.0,0.0,0.0,0.0,-2.952173,-0.3661763,-1.739897,0.3930352,0.1754088,-3.419269,0.09941338,0.8369109,-0.08025868,0.5322179,13.89586,115.6763,4.784667,0.08316521,0.05389021,-0.9950771,0.1220301,0.0002171249,-0.1801845,1.773401,-0.09375728,-4.195745,-0.6420561,0.2089601,1.992901,-0.4137226,0.08097007,-0.9067955,0.2518305,0.9673511,-0.02851959,0.8748803,-0.2401579,-0.4206057,moving,-71.62443,24.41794,-17.85747,5.985719
05/11/2023 13:10:14.328431,3756,True,True,True,True,Eyes,0.3207923,0.1740828,-3.297681,0.9409442,-0.1420015,-0.3073426,0.0,0.0,0.0,0.0,0.0,0.0,0.0,-2.983698,-0.3614696,-1.710972,0.4013922,0.1783088,-3.430398,0.1005169,0.8331048,-0.08016491,0.5379651,13.98812,114.8859,4.802008,0.0844116,0.0537526,-0.9949796,0.1147083,0.0002040974,-0.1693734,1.792598,-0.1023261,-4.184413,-0.6375805,0.20896,1.9929,-0.4009798,0.08123033,-0.9124784,0.2537341,0.9669399,-0.02542237,0.8802467,-0.2417207,-0.4083343,moving,-71.9113,24.79835,-17.74083,5.985721
05/11/2023 13:10:14.338285,3757,True,True,True,True,Eyes,0.325048,0.1743506,-3.303696,0.9424569,-0.1425585,-0.3024103,0.0,0.0,0.0,0.0,0.0,0.0,0.0,-3.013551,-0.3534975,-1.683228,0.4089426,0.1808051,-3.440898,0.0985586,0.8296875,-0.07805959,0.5438858,13.69417,114.0656,4.642334,0.08563971,0.05362463,-0.9948816,0.1078258,0.0001918516,-0.159211,1.814069,-0.08676688,-4.176847,-0.6333724,0.2089601,1.992901,-0.388949,0.07863466,-0.9178972,0.2484567,0.9683858,-0.02232088,0.8871234,-0.2367394,-0.39619,moving,-72.20989,25.23955,-17.631,5.98572
05/11/2023 13:10:14.358991,3758,True,True,True,True,Eyes,0.3294561,0.1746589,-3.309873,0.9440845,-0.1428027,-0.2971729,0.0,0.0,0.0,0.0,0.0,0.0,0.0,-3.045587,-0.3717655,-1.644193,0.4165182,0.182966,-3.451118,0.1003043,0.8251794,-0.08233066,0.5497635,14.25053,113.2093,4.438835,0.08685417,0.05350741,-0.9947826,0.1013563,0.0001803405,-0.1496584,1.829674,-0.09792222,-4.167326,-0.6289524,0.2089602,1.992902,-0.3753984,0.07501325,-0.9238231,0.2560628,0.9663215,-0.02558785,0.8907907,-0.2461623,-0.3819637,moving,-72.52737,25.66603,-17.5155,5.985718
05/11/2023 13:10:14.378321,3759,True,True,True,True,Eyes,0.3339624,0.1750169,-3.316153,0.9456501,-0.143261,-0.2919286,0.0,0.0,0.0,0.0,0.0,0.0,0.0,-3.072837,-0.3696869,-1.617383,0.4246072,0.1841523,-3.461317,0.09680977,0.8219454,-0.08050755,0.555475,13.88042,112.3993,4.117467,0.08806016,0.05340078,-0.9946823,0.09527488,0.0001695201,-0.1406789,1.841701,-0.126948,-4.158866,-0.6247008,0.20896,1.992901,-0.3641511,0.06970482,-0.9287277,0.2485845,0.9682928,-0.02479481,0.8975521,-0.2398964,-0.3699324,moving,-72.84419,26.13902,-17.40428,5.985718
05/11/2023 13:10:14.388482,3760,True,True,True,True,Eyes,0.3386212,0.1754264,-3.322545,0.9472384,-0.1438013,-0.2864619,0.0,0.0,0.0,0.0,0.0,0.0,0.0,-3.096391,-0.3984371,-1.586898,0.4314243,0.1857492,-3.470447,0.09730999,0.818485,-0.08569907,0.5597042,14.43115,111.7442,3.75129,0.08926098,0.05330499,-0.9945805,0.08955839,0.0001593489,-0.1322381,1.85511,-0.1358337,-4.151805,-0.6203286,0.2089602,1.992901,-0.354524,0.06336126,-0.9328979,0.2552258,0.9663728,-0.03135719,0.8995403,-0.2492165,-0.3587739,moving,-73.17374,26.65623,-17.28975,5.985722
05/11/2023 13:10:14.408387,3761,True,True,True,True,Eyes,0.3434168,0.1758722,-3.328983,0.9488521,-0.143875,-0.2810333,0.0,0.0,0.0,0.0,0.0,0.0,0.0,-3.120102,-0.4015932,-1.562109,0.4397881,0.187409,-3.479649,0.09796472,0.8152268,-0.08671277,0.5641714,14.59109,111.0998,3.666428,0.09045999,0.05322032,-0.9944767,0.08418489,0.0001497879,-0.1243038,1.867452,-0.1457219,-4.145265,-0.6159945,0.20896,1.9929,-0.3442273,0.06188518,-0.9368447,0.2575686,0.9657677,-0.03084336,0.9028655,-0.2519189,-0.3483833,moving,-73.50164,27.11018,-17.17609,5.985717
05/11/2023 13:10:14.428109,3762,True,True,True,True,Eyes,0.3483329,0.1763308,-3.335495,0.9505141,-0.1440112,-0.2752883,0.0,0.0,0.0,0.0,0.0,0.0,0.0,-3.145053,-0.3789123,-1.538961,0.4476046,0.1887269,-3.488174,0.0967929,0.8121122,-0.08266052,0.569449,14.15208,110.3872,3.729472,0.091662,0.05314657,-0.9943707,0.07913379,0.0001408007,-0.1168456,1.881176,-0.1375255,-4.142818,-0.6115835,0.2089598,1.9929,-0.3327181,0.06307148,-0.940915,0.2513553,0.9675968,-0.02402199,0.9089112,-0.2444965,-0.3377903,moving,-73.8479,27.61535,-17.06027,5.985715
05/11/2023 13:10:14.438042,3763,True,True,True,True,Eyes,0.3534091,0.1768351,-3.342076,0.9521834,-0.1438174,-0.2695616,0.0,0.0,0.0,0.0,0.0,0.0,0.0,-3.172629,-0.3653833,-1.506845,0.4554822,0.1895176,-3.49661,0.09847659,0.8080555,-0.08188033,0.5750167,14.21606,109.6078,3.843813,0.09286833,0.05308294,-0.9942621,0.07438576,0.0001323526,-0.1098349,1.895499,-0.1150933,-4.143036,-0.6072962,0.2089602,1.992902,-0.3193161,0.06498399,-0.9454175,0.2533142,0.967196,-0.01907633,0.9131643,-0.2455791,-0.3253027,moving,-74.19327,28.08097,-16.94753,5.98572
05/11/2023 13:10:14.458341,3764,True,True,True,True,Eyes,0.3586243,0.1773349,-3.348706,0.953945,-0.1432375,-0.2635751,0.0,0.0,0.0,0.0,0.0,0.0,0.0,-3.198829,-0.3390643,-1.480294,0.4643672,0.191085,-3.505224,0.0981157,0.8044674,-0.07769267,0.5806631,13.82438,108.841,3.994048,0.09408326,0.05302958,-0.9941508,0.06992262,0.0001244115,-0.1032448,1.908763,-0.09878597,-4.142412,-0.6029439,0.2089601,1.992901,-0.3064076,0.06763521,-0.9494947,0.2480882,0.9686743,-0.0110581,0.9190032,-0.2389467,-0.3135887,moving,-74.55452,28.52146,-16.83297,5.98572
05/11/2023 13:10:14.477817,3765,True,True,True,True,Eyes,0.3639694,0.1778229,-3.355338,0.9556238,-0.1426969,-0.257722,0.0,0.0,0.0,0.0,0.0,0.0,0.0,-3.222855,-0.3047603,-1.457056,0.4729722,0.1914075,-3.513167,0.09669157,0.8012195,-0.07176958,0.5861292,13.20018,108.1084,4.170892,0.09530951,0.05298521,-0.9940363,0.06572726,0.0001169468,-0.09705009,1.923314,-0.07457982,-4.14188,-0.5985221,0.20896,1.9929,-0.2942068,0.07080983,-0.953115,0.2390748,0.9709997,-0.001658872,0.925357,-0.2283538,-0.3026035,moving,-74.90699,28.97267,-16.71644,5.985717
05/11/2023 13:10:14.498207,3766,True,True,True,True,Eyes,0.3694579,0.1783145,-3.361982,0.9573293,-0.1422714,-0.2515543,0.0,0.0,0.0,0.0,0.0,0.0,0.0,-3.246217,-0.2892654,-1.428421,0.4813462,0.1915721,-3.520453,0.09740701,0.7975148,-0.07016336,0.5912354,13.12602,107.3882,4.26349,0.09654829,0.05294856,-0.9939187,0.06178363,0.00010993,-0.09122708,1.937234,-0.05783056,-4.139364,-0.594169,0.2089602,1.992901,-0.2819054,0.07240091,-0.9567067,0.2383332,0.971178,0.003268315,0.9293692,-0.2270936,-0.2910358,moving,-75.2774,29.49117,-16.60157,5.985721
05/11/2023 13:10:14.508205,3767,True,True,True,True,Eyes,0.3750767,0.1787868,-3.368593,0.9589661,-0.1420085,-0.2453928,0.0,0.0,0.0,0.0,0.0,0.0,0.0,-3.270928,-0.2837634,-1.393341,0.4903548,0.1920853,-3.527541,0.0984808,0.7932211,-0.07042519,0.5967765,13.25395,106.5827,4.252561,0.09780222,0.05291888,-0.9937977,0.05807661,0.0001033342,-0.08575346,1.949487,-0.05945312,-4.134681,-0.5900286,0.2089601,1.9929,-0.2683187,0.0721779,-0.9606224,0.2402903,0.9706836,0.005816568,0.9328802,-0.2292675,-0.2777962,moving,-75.64642,30.05792,-16.49219,5.985719
05/11/2023 13:10:14.528080,3768,True,True,True,True,Eyes,0.3808179,0.1792622,-3.375191,0.9606025,-0.1420107,-0.2389055,0.0,0.0,0.0,0.0,0.0,0.0,0.0,-3.29555,-0.2791867,-1.355621,0.4990446,0.1923187,-3.534157,0.09842803,0.7887965,-0.07030497,0.6026356,13.27029,105.7245,4.156333,0.09907293,0.05289494,-0.9936731,0.0,0.0,0.0,1.96405,-0.05309762,-4.128211,-0.5855399,0.20896,1.9929,-0.2542851,0.0705428,-0.9645533,0.2400159,0.9707383,0.007719814,0.9368734,-0.229545,-0.2637758,moving,-76.03368,30.72819,-16.37347,5.985718
05/11/2023 13:10:14.538222,3769,True,True,True,True,Eyes,0.3866879,0.1797416,-3.381807,0.9621693,-0.1422392,-0.2323749,0.0,0.0,0.0,0.0,0.0,0.0,0.0,-3.319612,-0.2874729,-1.314813,0.5078362,0.1929017,-3.540633,0.09990564,0.7840781,-0.07312685,0.6081885,13.6622,104.8793,3.996162,0.1003624,0.05287619,-0.9935446,0.0,0.0,0.0,1.978048,-0.05565141,-4.119034,-0.5814108,0.20896,1.9929,-0.2402519,0.06771784,-0.9683458,0.2456174,0.9693427,0.006848576,0.9391227,-0.2361972,-0.2495191,moving,-76.42242,31.47125,-16.26413,5.985717
05/11/2023 13:10:14.557799,3770,True,True,True,True,Eyes,0.3926706,0.1801928,-3.388375,0.9637471,-0.142602,-0.2255134,0.0,0.0,0.0,0.0,0.0,0.0,0.0,-3.343481,-0.2878742,-1.273993,0.5171307,0.1933957,-3.546825,0.1001865,0.7793335,-0.07401075,0.6141047,13.7926,103.9909,3.852849,0.1016709,0.05286219,-0.9934123,0.0,0.0,0.0,1.989052,-0.07663324,-4.110085,-0.5768819,0.2089602,1.992901,-0.2256763,0.06525669,-0.9720144,0.2470581,0.9689702,0.007691907,0.9423549,-0.2384081,-0.2347958,moving,-76.82996,32.30696,-16.14406,5.985719
05/11/2023 13:10:14.578027,3771,True,True,True,True,Eyes,0.3987675,0.1806167,-3.394869,0.9652559,-0.1435301,-0.2183583,0.0,0.0,0.0,0.0,0.0,0.0,0.0,-3.366007,-0.2944535,-1.231513,0.5259159,0.1931746,-3.552384,0.1005005,0.7745206,-0.07606208,0.6198645,14.02922,103.1045,3.627539,0.1030002,0.05285165,-0.9932759,0.0,0.0,0.0,2.001475,-0.08695558,-4.101504,-0.5725594,0.2089602,1.992902,-0.2113353,0.06138301,-0.9754842,0.2499757,0.9682285,0.006770059,0.9449071,-0.2424166,-0.219965,moving,-77.2532,33.3175,-16.02933,5.98572
05/11/2023 13:10:14.588534,3772,True,True,True,True,Eyes,0.4049855,0.1810129,-3.401306,0.9667464,-0.1445787,-0.2109463,0.0,0.0,0.0,0.0,0.0,0.0,0.0,-3.387437,-0.3103695,-1.187107,0.5347949,0.193029,-3.557669,0.1020974,0.7695071,-0.080413,0.6252751,14.56242,102.236,3.350644,0.1043505,0.05284353,-0.9931355,0.0,0.0,0.0,2.012937,-0.09908041,-4.092579,-0.5683236,0.20896,1.992901,-0.1972148,0.05656883,-0.978727,0.2576898,0.9662198,0.003921133,0.9458872,-0.2514346,-0.2051301,moving,-77.69087,34.42602,-15.91677,5.985717
05/11/2023 13:10:14.607907,3773,True,True,True,True,Eyes,0.4113178,0.1813777,-3.407637,0.9681531,-0.145795,-0.2035275,0.0,0.0,0.0,0.0,0.0,0.0,0.0,-3.406995,-0.3160624,-1.148758,0.5440196,0.1927676,-3.562869,0.1027508,0.7650021,-0.08245427,0.6304091,14.81539,101.4294,3.157475,0.105723,0.0528368,-0.9929907,0.0,0.0,0.0,2.023597,-0.119326,-4.082158,-0.5639798,0.2089601,1.9929,-0.1840537,0.05324927,-0.9814728,0.261169,0.9652871,0.003394668,0.9475839,-0.2557054,-0.1915718,moving,-78.12801,35.61555,-15.80122,5.98572
05/11/2023 13:10:14.628281,3774,True,True,True,True,Eyes,0.4177708,0.1817183,-3.41389,0.9695293,-0.1470891,-0.1959026,0.0,0.0,0.0,0.0,0.0,0.0,0.0,-3.425293,-0.3167387,-1.112604,0.553053,0.192476,-3.567622,0.1039809,0.7606429,-0.08400828,0.6352583,15.06473,100.6694,3.054276,0.107118,0.05283055,-0.9928415,0.0,0.0,0.0,2.035868,-0.1265585,-4.072414,-0.5592844,0.2089599,1.992899,-0.17127,0.05145078,-0.9838799,0.2649186,0.9642611,0.004308882,0.9489389,-0.2599101,-0.1787793,moving,-78.57664,36.90024,-15.67617,5.985717
05/11/2023 13:10:14.638006,3775,True,True,True,True,Eyes,0.4243565,0.1820215,-3.420028,0.9708676,-0.1481509,-0.1883276,0.0,0.0,0.0,0.0,0.0,0.0,0.0,-3.442835,-0.3104022,-1.078947,0.5625138,0.1922606,-3.572142,0.105478,0.7564027,-0.08453354,0.6399871,15.24173,99.93978,3.05185,0.108537,0.05282411,-0.9926877,0.0,0.0,0.0,2.048268,-0.1337877,-4.062063,-0.5549796,0.20896,1.992899,-0.1585821,0.05136694,-0.9860088,0.2677684,0.9634569,0.007126282,0.9503432,-0.2628919,-0.1665415,moving,-79.02218,38.19093,-15.56138,5.985721
05/11/2023 13:10:14.658464,3776,True,True,True,True,Eyes,0.4310602,0.1822838,-3.426081,0.9721874,-0.1491418,-0.1805776,0.0,0.0,0.0,0.0,0.0,0.0,0.0,-3.459454,-0.2955519,-1.04891,0.5722573,0.1917213,-3.576472,0.1052893,0.7525132,-0.08261474,0.6448357,15.07753,99.22083,3.082179,0.1099805,0.05281657,-0.9925292,0.0,0.0,0.0,2.061548,-0.1368515,-4.051713,-0.5508228,0.2089601,1.9929,-0.1462023,0.05191723,-0.9878914,0.2650089,0.964178,0.0114512,0.9530976,-0.2601259,-0.1547236,moving,-79.47759,39.55382,-15.4504,5.985721
05/11/2023 13:10:14.678223,3777,True,True,True,True,Eyes,0.6019081,0.1877023,-3.575267,0.9857053,-0.1677285,0.01588387,0.0,0.0,0.0,0.0,0.0,0.0,0.0,-3.475111,-0.2847177,-1.018905,0.581902,0.190993,-3.580578,0.1055223,0.7486323,-0.08163168,0.6494236,15.02744,98.52495,3.084455,0.1114492,0.05280696,-0.9923659,0.0,0.0,0.0,2.075768,-0.130365,-4.042696,-0.5464079,0.2089601,1.992901,-0.134228,0.05196775,-0.9895869,0.2640219,0.9644026,0.01483318,0.955131,-0.2592816,-0.1431704,moving,89.0768,-84.59023,-15.33241,5.985719
05/11/2023 13:10:14.688393,3778,True,True,True,True,Eyes,0.6023039,0.1876597,-3.575398,0.9857103,-0.1676551,0.01634643,0.0,0.0,0.0,0.0,0.0,0.0,0.0,-3.489727,-0.2753728,-0.9905577,0.5919728,0.1901152,-3.584501,0.1056645,0.7448799,-0.0808069,0.6538038,14.98407,97.85514,3.070949,0.1184849,0.05266709,-0.9915579,0.5125437,0.01625544,-0.4475598,2.089731,-0.1270974,-4.032653,-0.5419223,0.2089603,1.992902,-0.1227515,0.05175095,-0.9910874,0.2630784,0.9646105,0.01778478,0.9569337,-0.2585505,-0.132022,moving,89.04993,-84.43124,-15.21239,5.985721
05/11/2023 13:10:14.707919,3779,True,True,True,True,Eyes,0.6030873,0.1875808,-3.575643,0.9857191,-0.1675367,0.01701052,0.0,0.0,0.0,0.0,0.0,0.0,0.0,-3.503649,-0.2643774,-0.9620981,0.6019722,0.1890339,-3.587894,0.1054708,0.7411298,-0.07953454,0.6582378,14.87674,97.17984,3.062222,0.1243627,0.05254832,-0.9908442,0.4817911,0.01528011,-0.4207062,2.10437,-0.1210954,-4.022158,-0.5374155,0.2089603,1.992902,-0.111198,0.05162979,-0.9924563,0.2610403,0.9651003,0.0209589,0.9589019,-0.2567405,-0.1207947,moving,89.01134,-84.20245,-15.09167,5.985721
05/11/2023 13:10:14.728512,3780,True,True,True,True,Eyes,0.604255,0.1874529,-3.575985,0.9857374,-0.1673127,0.01811564,0.0,0.0,0.0,0.0,0.0,0.0,0.0,-3.517024,-0.2569157,-0.9331295,0.6121359,0.1881004,-3.591114,0.1057355,0.7373098,-0.07910447,0.6625232,14.87751,96.51211,3.030931,0.1292944,0.05244609,-0.9902181,0.4528836,0.0143633,-0.3954639,2.119025,-0.1174663,-4.010753,-0.533624,0.2089602,1.992902,-0.09976645,0.05110253,-0.9936978,0.2607367,0.965125,0.02345541,0.9602413,-0.2567534,-0.1096114,moving,88.94715,-83.82043,-14.99001,5.985719
05/11/2023 13:10:14.737814,3781,True,True,True,True,Eyes,0.6057903,0.1872649,-3.576473,0.9857725,-0.1669531,0.01947477,0.0,0.0,0.0,0.0,0.0,0.0,0.0,-3.529872,-0.2463911,-0.9045439,0.6226324,0.1867697,-3.593933,0.1050771,0.7335228,-0.07763026,0.6669907,14.71777,95.827,2.998621,0.1334555,0.05235606,-0.9896706,0.4257106,0.01350151,-0.371736,2.132519,-0.115897,-4.000919,-0.529299,0.20896,1.9929,-0.08816441,0.05059553,-0.9948201,0.2577101,0.9658647,0.0262837,0.9621915,-0.2540579,-0.09819398,moving,88.86822,-83.34662,-14.87393,5.985717
05/11/2023 13:10:14.758208,3782,True,True,True,True,Eyes,0.6076876,0.1870107,-3.57703,0.9857991,-0.1665835,0.02121391,0.0,0.0,0.0,0.0,0.0,0.0,0.0,-3.542011,-0.2364354,-0.8771462,0.6331849,0.1850263,-3.596661,0.1043319,0.7298397,-0.07622231,0.6712967,14.55655,95.16307,2.958485,0.1369911,0.05227404,-0.9891917,0.400168,0.01269142,-0.3494319,2.144902,-0.1143378,-3.993547,-0.5248823,0.20896,1.9929,-0.07695156,0.04995562,-0.9957828,0.2546267,0.96661,0.02881525,0.9639731,-0.2513355,-0.08710212,moving,88.76722,-82.74262,-14.75526,5.985719
05/11/2023 13:10:14.778234,3783,True,True,True,True,Eyes,0.6099436,0.1866932,-3.577661,0.9858053,-0.1662426,0.02348106,0.0,0.0,0.0,0.0,0.0,0.0,0.0,-3.553222,-0.2276575,-0.8505988,0.6438634,0.183175,-3.598975,0.1044125,0.7261732,-0.07552977,0.6753265,14.52014,94.53003,2.938613,0.1400248,0.05219625,-0.988771,0.3761579,0.01192993,-0.328466,2.156101,-0.1175416,-3.986949,-0.520523,0.20896,1.9929,-0.06606442,0.04962854,-0.9965805,0.2536575,0.9667866,0.03132962,0.9650355,-0.2507204,-0.07645884,moving,88.63552,-81.9604,-14.63799,5.985718
05/11/2023 13:10:14.788101,3784,True,True,True,True,Eyes,0.6125451,0.1862975,-3.578331,0.9858052,-0.1658646,0.0260247,0.0,0.0,0.0,0.0,0.0,0.0,0.0,-3.563378,-0.2185747,-0.8276103,0.6548213,0.1813205,-3.601209,0.1038203,0.7228568,-0.07426281,0.6791058,14.38123,93.9425,2.913157,0.1428117,0.05211576,-0.9883766,0.3535884,0.01121414,-0.308758,2.167445,-0.1202863,-3.98059,-0.5162324,0.2089599,1.9929,-0.05607361,0.04922975,-0.9972124,0.250959,0.9674128,0.03364714,0.9663724,-0.2483726,-0.06660096,moving,88.48778,-81.08281,-14.52246,5.985718
05/11/2023 13:10:14.808330,3785,True,True,True,True,Eyes,0.6154792,0.1858231,-3.579047,0.9857723,-0.1655874,0.02887726,0.0,0.0,0.0,0.0,0.0,0.0,0.0,-3.572131,-0.2115781,-0.8070951,0.6657891,0.1790341,-3.60291,0.1035085,0.7197641,-0.07352713,0.6825096,14.30807,93.40486,2.87714,0.1453858,0.05203065,-0.9880058,0.3323731,0.01054129,-0.2902325,2.179028,-0.1206333,-3.974367,-0.5116618,0.2089599,1.992899,-0.0469332,0.04863747,-0.9977132,0.2493694,0.9677595,0.03544673,0.9672705,-0.2471355,-0.0575487,moving,88.32206,-80.10751,-14.39925,5.985718
05/11/2023 13:10:14.828334,3786,True,True,True,True,Eyes,0.6187471,0.1852785,-3.579773,0.9857184,-0.165345,0.03194442,0.0,0.0,0.0,0.0,0.0,0.0,0.0,-3.580189,-0.2057186,-0.7879179,0.6767921,0.1766633,-3.60439,0.1039231,0.7167509,-0.07343643,0.6856206,14.34587,92.90284,2.856152,0.1477767,0.05193914,-0.9876557,0.3124307,0.00990881,-0.2728186,2.191092,-0.1185469,-3.968403,-0.50732,0.2089599,1.992899,-0.03824928,0.04827485,-0.9981017,0.2496729,0.9676142,0.03723236,0.9675747,-0.2477748,-0.04906337,moving,88.14385,-79.06526,-14.28209,5.985719
05/11/2023 13:10:14.837817,3787,True,True,True,True,Eyes,0.6223447,0.1846798,-3.580502,0.9856325,-0.1651906,0.03522325,0.0,0.0,0.0,0.0,0.0,0.0,0.0,-3.587582,-0.1960341,-0.7707496,0.6881402,0.1744438,-3.605449,0.1046687,0.7138441,-0.07286987,0.6885935,14.37007,92.42915,2.904077,0.1500123,0.05183988,-0.9873238,0.2936849,0.009314282,-0.2564495,2.202857,-0.1178749,-3.962461,-0.5030843,0.20896,1.9929,-0.02976688,0.04907884,-0.9983512,0.2497897,0.9674689,0.04011296,0.9678426,-0.2481839,-0.04105794,moving,87.95331,-77.9632,-14.16766,5.985721
05/11/2023 13:10:14.858211,3788,True,True,True,True,Eyes,0.6262733,0.1840284,-3.581218,0.9855424,-0.1649617,0.03865054,0.0,0.0,0.0,0.0,0.0,0.0,0.0,-3.59437,-0.1878944,-0.7552943,0.699712,0.1725577,-3.606369,0.1050877,0.7111158,-0.07224286,0.691413,14.36298,91.97926,2.932457,0.1521168,0.05173214,-0.9870074,0.2760638,0.008755425,-0.2410625,2.214821,-0.1179465,-3.955725,-0.4986735,0.2089599,1.992899,-0.02180937,0.04955966,-0.9985331,0.2493583,0.9674751,0.04257185,0.9681658,-0.248064,-0.03345816,moving,87.75416,-76.81346,-14.04838,5.985719
05/11/2023 13:10:14.877932,3789,True,True,True,True,Eyes,0.6305239,0.1833433,-3.581863,0.9854383,-0.1647353,0.0421132,0.0,0.0,0.0,0.0,0.0,0.0,0.0,-3.599864,-0.1833721,-0.7431419,0.7116387,0.1706187,-3.60685,0.1043997,0.708773,-0.07139535,0.694006,14.24769,91.56772,2.89154,0.1541121,0.05161531,-0.9867041,0.2594999,0.008230099,-0.2265988,2.227138,-0.1172388,-3.94824,-0.4942984,0.2089601,1.9929,-0.01491295,0.04889379,-0.9986928,0.247089,0.9680068,0.04370187,0.9688781,-0.2461143,-0.0265169,moving,87.55293,-75.65994,-13.92994,5.985722
05/11/2023 13:10:14.897578,3790,True,True,True,True,Eyes,0.6351033,0.1826315,-3.582465,0.9853364,-0.1644069,0.04563446,0.0,0.0,0.0,0.0,0.0,0.0,0.0,-3.604085,-0.1831386,-0.7350552,0.7236437,0.1691837,-3.607075,0.1035726,0.7068644,-0.07097877,0.696116,14.15476,91.22733,2.814084,0.1560182,0.0514894,-0.986411,0.2439299,0.007736294,-0.2130028,2.239361,-0.1198113,-3.939499,-0.4902064,0.2089602,1.992901,-0.009390417,0.04760469,-0.9988222,0.2452425,0.9684695,0.0438524,0.9694164,-0.2445419,-0.02076911,moving,87.34833,-74.48693,-13.81906,5.985721
05/11/2023 13:10:14.908197,3791,True,True,True,True,Eyes,0.639989,0.1818921,-3.583018,0.9852247,-0.1640315,0.04925447,0.0,0.0,0.0,0.0,0.0,0.0,0.0,-3.607231,-0.1778009,-0.7310834,0.7361579,0.1678096,-3.606677,0.1027892,0.7052625,-0.06965847,0.6979878,13.98963,90.94016,2.820357,0.1578528,0.05135459,-0.9861261,0.2292941,0.007272116,-0.2002227,2.251828,-0.1215225,-3.930231,-0.4859936,0.2089602,1.992901,-0.004495004,0.0477452,-0.9988495,0.2422282,0.9691641,0.04523619,0.9702089,-0.2417462,-0.01592155,moving,87.13799,-73.28632,-13.7048,5.985721
05/11/2023 13:10:14.928290,3792,True,True,True,True,Eyes,0.6451749,0.1811468,-3.583511,0.9850746,-0.1637698,0.05298512,0.0,0.0,0.0,0.0,0.0,0.0,0.0,-3.611323,-0.1641195,-0.7232184,0.7484271,0.166395,-3.606079,0.1027114,0.7031893,-0.06755183,0.7002943,13.81925,90.59296,2.941963,0.1596314,0.05121107,-0.9858472,0.2155365,0.006835789,-0.1882093,2.264403,-0.1230203,-3.920188,-0.4814213,0.2089601,1.992901,0.001923305,0.04983875,-0.9987556,0.2390634,0.9697742,0.04885294,0.9710021,-0.2388598,-0.01004947,moving,86.92114,-72.07183,-13.58066,5.985718
05/11/2023 13:10:14.938214,3793,True,True,True,True,Eyes,0.6506693,0.1804292,-3.583976,0.9848997,-0.1635441,0.0567973,0.0,0.0,0.0,0.0,0.0,0.0,0.0,-3.615504,-0.1549426,-0.7126386,0.7608903,0.1655479,-3.605186,0.1043954,0.7007525,-0.06729703,0.7025091,13.94524,90.23051,3.056971,0.1613675,0.05105957,-0.9855723,0.2026043,0.006425641,-0.1769167,2.27817,-0.1178736,-3.909983,-0.4771506,0.2089603,1.992902,0.008834455,0.05175712,-0.9986207,0.2408642,0.9691454,0.05236031,0.9705186,-0.2409945,-0.003904507,moving,86.69952,-70.84838,-13.46458,5.985721
05/11/2023 13:10:14.958411,3794,True,True,True,True,Eyes,0.6564611,0.1797463,-3.584372,0.9847258,-0.1632086,0.06064618,0.0,0.0,0.0,0.0,0.0,0.0,0.0,-3.618998,-0.1466797,-0.7063973,0.77382,0.1654474,-3.60437,0.104546,0.6988121,-0.06595967,0.7045434,13.8571,89.91361,3.139491,0.163074,0.05090161,-0.9852996,0.190448,0.006040103,-0.1663017,2.289671,-0.1185486,-3.902645,-0.4726137,0.2089602,1.992902,0.0146221,0.05317313,-0.9984784,0.2390589,0.9694389,0.05512754,0.9708951,-0.2395012,0.001463691,moving,86.47578,-69.61559,-13.34115,5.985719
05/11/2023 13:10:14.977897,3795,True,True,True,True,Eyes,0.6625535,0.1791495,-3.584708,0.9845392,-0.1628459,0.06452728,0.0,0.0,0.0,0.0,0.0,0.0,0.0,-3.621598,-0.132536,-0.7041469,0.7867888,0.1655965,-3.603179,0.1045157,0.697225,-0.06343414,0.7063496,13.65677,89.65169,3.311343,0.1647614,0.05073885,-0.9850273,0.1790211,0.005677697,-0.1563236,2.301691,-0.118269,-3.895153,-0.4684173,0.2089602,1.992901,0.01970666,0.0561286,-0.998229,0.2353553,0.9701051,0.05919354,0.9717095,-0.236105,0.005907379,moving,86.25017,-68.38418,-13.22688,5.985721
05/11/2023 13:10:14.998173,3796,True,True,True,True,Eyes,0.6689382,0.1786805,-3.584972,0.9843417,-0.1624075,0.06852135,0.0,0.0,0.0,0.0,0.0,0.0,0.0,-3.624149,-0.116225,-0.7014685,0.8001111,0.1669728,-3.601661,0.104757,0.6955407,-0.06054673,0.7082255,13.45069,89.38151,3.534821,0.1664403,0.05057409,-0.9847534,0.1682799,0.005337035,-0.1469442,2.313904,-0.1105814,-3.889569,-0.4642237,0.2089602,1.992902,0.02511458,0.05996395,-0.9978846,0.2314869,0.9707201,0.06415765,0.9725139,-0.2326085,0.01049833,moving,86.01799,-67.12464,-13.11257,5.985719
05/11/2023 13:10:15.008248,3797,True,True,True,True,Eyes,0.6755948,0.1782848,-3.585137,0.9841388,-0.1618742,0.0725783,0.0,0.0,0.0,0.0,0.0,0.0,0.0,-3.628167,-0.09424326,-0.6926334,0.8135589,0.1695235,-3.600221,0.1057263,0.6931553,-0.05716412,0.7106969,13.26916,89.01596,3.847922,0.1681192,0.05041108,-0.9844765,0.1581831,0.005016813,-0.1381276,2.323679,-0.1146584,-3.885559,-0.4598216,0.2089602,1.992902,0.03253598,0.06531681,-0.9973342,0.2278223,0.9711084,0.07103153,0.9731591,-0.229526,0.01671533,moving,85.78218,-65.85034,-12.99247,5.98572
05/11/2023 13:10:15.028106,3798,True,True,True,True,Eyes,0.6824824,0.1780104,-3.585273,0.9838693,-0.1616051,0.07671358,0.0,0.0,0.0,0.0,0.0,0.0,0.0,-3.632617,-0.07100931,-0.6816196,0.8268523,0.171099,-3.598971,0.1052485,0.6906389,-0.05283773,0.7135468,12.89606,88.59615,4.116442,0.1698058,0.05025169,-0.9841951,0.1486921,0.004715804,-0.1298399,2.334642,-0.1077095,-3.884072,-0.455456,0.2089601,1.9929,0.04045222,0.06997305,-0.9967284,0.2207818,0.9722618,0.07721587,0.974484,-0.223183,0.02388135,moving,85.5416,-64.60641,-12.87325,5.98572
05/11/2023 13:10:15.038259,3799,True,True,True,True,Eyes,0.689626,0.17786,-3.585367,0.9835776,-0.1613768,0.08082471,0.0,0.0,0.0,0.0,0.0,0.0,0.0,-3.637364,-0.06281105,-0.6704309,0.8393632,0.1738178,-3.598485,0.1085958,0.6880427,-0.05328604,0.7155172,13.22234,88.25709,4.311324,0.1715051,0.05009888,-0.9839082,0.1397706,0.004432856,-0.1220495,2.34321,-0.1134204,-3.88325,-0.4510787,0.2089599,1.9929,0.04751559,0.07318289,-0.9961861,0.2256912,0.9707351,0.08207811,0.9730396,-0.2287304,0.02960834,moving,85.30232,-63.39624,-12.7536,5.985716
05/11/2023 13:10:15.063066,3800,True,True,True,True,Eyes,0.6969867,0.1778506,-3.585418,0.98326,-0.1611975,0.0849408,0.0,0.0,0.0,0.0,0.0,0.0,0.0,-3.641181,-0.05103683,-0.6651063,0.852715,0.1766985,-3.597892,0.109174,0.6861081,-0.05118708,0.7174376,13.11409,87.95972,4.497067,0.1732226,0.04995535,-0.9836145,0.1313843,0.004166884,-0.1147265,2.352016,-0.1223552,-3.880372,-0.4467245,0.20896,1.9929,0.05327136,0.07636321,-0.995656,0.2232573,0.9709218,0.0864113,0.9733028,-0.2268908,0.0346737,moving,85.06265,-62.21363,-12.63446,5.98572
05/11/2023 13:10:15.078422,3801,True,True,True,True,Eyes,0.7045713,0.1779721,-3.585431,0.9829144,-0.1611232,0.08898614,0.0,0.0,0.0,0.0,0.0,0.0,0.0,-3.644086,-0.03882694,-0.6622174,0.8653397,0.180118,-3.596962,0.1108511,0.6844037,-0.04961684,0.7189172,13.13825,87.72791,4.735382,0.1749625,0.04982399,-0.9833132,0.1235013,0.003916871,-0.107843,2.363929,-0.1136905,-3.874641,-0.4423885,0.20896,1.992899,0.05825938,0.08039305,-0.9950593,0.2230746,0.9705003,0.09146967,0.973059,-0.2273015,0.03860711,moving,84.82695,-61.08874,-12.51571,5.985721
05/11/2023 13:10:15.087822,3802,True,True,True,True,Eyes,0.8990387,0.1823285,-3.585256,0.9703956,-0.1472221,0.1914629,0.0,0.0,0.0,0.0,0.0,0.0,0.0,-3.647745,-0.02048168,-0.6579185,0.8783761,0.1834785,-3.596402,0.1128006,0.6824421,-0.04728153,0.7206343,13.12697,87.46357,5.055285,0.1767281,0.04970715,-0.9830033,0.1160912,0.003681859,-0.1013724,2.370465,-0.1365384,-3.86617,-0.4381179,0.2089601,1.9929,0.06407472,0.0858144,-0.9942487,0.2221051,0.970081,0.09804216,0.9729152,-0.2271098,0.04309788,moving,78.83868,-37.55787,-12.39864,5.985721
05/11/2023 13:10:15.107966,3803,True,True,True,True,Eyes,0.8994736,0.1823373,-3.585256,0.9703336,-0.1476157,0.1914742,0.0,0.0,0.0,0.0,0.0,0.0,0.0,-3.651274,-0.002879381,-0.6534152,0.8908498,0.1848386,-3.595968,0.109498,0.6808785,-0.04197526,0.7229474,12.44385,87.13377,5.194962,0.1859988,0.04969639,-0.981292,0.6925278,0.0165301,-0.09476504,2.382556,-0.136593,-3.853751,-0.4336857,0.2089603,1.992901,0.06928515,0.08841792,-0.993671,0.2098015,0.9724965,0.1011625,0.9752861,-0.2154827,0.04882936,moving,78.83734,-37.63018,-12.27703,5.985724
05/11/2023 13:10:15.128049,3804,True,True,True,True,Eyes,0.9003584,0.182374,-3.585253,0.9701998,-0.1482571,0.1916566,0.0,0.0,0.0,0.0,0.0,0.0,0.0,-3.655334,0.0008308887,-0.6463614,0.9018034,0.1851511,-3.59607,0.1124838,0.6788499,-0.04324729,0.7243204,12.80687,86.88311,5.299807,0.193613,0.04967701,-0.9798191,0.6509762,0.01553829,-0.08907913,2.39573,-0.1223857,-3.841203,-0.4291613,0.2089601,1.9929,0.07458502,0.0900694,-0.9931388,0.215369,0.9709542,0.1042317,0.9736804,-0.2216654,0.05302044,moving,78.82547,-37.72395,-12.15278,5.985721
05/11/2023 13:10:15.138215,3805,True,True,True,True,Eyes,0.9016455,0.1824637,-3.585268,0.9700341,-0.1490083,0.1919122,0.0,0.0,0.0,0.0,0.0,0.0,0.0,-3.659252,0.01319975,-0.6406469,0.9135562,0.1859535,-3.596048,0.1162497,0.676737,-0.04352728,0.725685,13.15783,86.64262,5.54949,0.1998893,0.04965303,-0.9785591,0.6119176,0.014606,-0.08373439,2.404818,-0.1375674,-3.825074,-0.4249792,0.2089601,1.9929,0.08026498,0.09416668,-0.9923156,0.220515,0.9691828,0.1098082,0.9720756,-0.2276343,0.05702627,moving,78.80908,-37.82719,-12.03782,5.985722
05/11/2023 13:10:15.158923,3806,True,True,True,True,Eyes,0.9033403,0.1826355,-3.585287,0.9698061,-0.1499096,0.1923626,0.0,0.0,0.0,0.0,0.0,0.0,0.0,-3.663555,0.0241679,-0.6332047,0.9245574,0.1873566,-3.596283,0.1182744,0.6746739,-0.0428523,0.727317,13.28934,86.36794,5.735429,0.2050866,0.04962806,-0.9774844,0.5752026,0.01372964,-0.07871033,2.41845,-0.1209215,-3.813101,-0.4206134,0.2089601,1.9929,0.0859575,0.09725894,-0.9915403,0.2219277,0.9683497,0.1142233,0.971267,-0.2298687,0.0616525,moving,78.78091,-37.92955,-11.91771,5.985721
05/11/2023 13:10:15.178342,3807,True,True,True,True,Eyes,0.9054508,0.1828823,-3.585328,0.9696269,-0.1503185,0.1929455,0.0,0.0,0.0,0.0,0.0,0.0,0.0,-3.668455,0.02192065,-0.6234069,0.9361078,0.1895396,-3.596451,0.1200783,0.6724613,-0.04405285,0.7289969,13.55161,86.06264,5.742207,0.2094171,0.04960562,-0.976567,0.5406904,0.01290586,-0.07398771,2.425031,-0.1353569,-3.803654,-0.4162793,0.20896,1.9929,0.09171032,0.0972672,-0.9910238,0.2257248,0.9672812,0.1158257,0.9698647,-0.2343211,0.06675406,moving,78.74575,-37.92117,-11.79837,5.985718
05/11/2023 13:10:15.187779,3808,True,True,True,True,Eyes,0.9079361,0.183137,-3.585387,0.9694771,-0.1502549,0.1937464,0.0,0.0,0.0,0.0,0.0,0.0,0.0,-3.673157,0.02484021,-0.6157393,0.9481919,0.1914324,-3.596682,0.11618,0.6708124,-0.04071482,0.7313381,12.97687,85.70223,5.672472,0.2130548,0.04958832,-0.9757807,0.508249,0.01213151,-0.06954844,2.434736,-0.138327,-3.794453,-0.4119512,0.2089601,1.992901,0.09670594,0.09631734,-0.9906417,0.2154225,0.969689,0.1153096,0.9717207,-0.2245577,0.07302576,moving,78.69854,-37.79443,-11.67908,5.98572
05/11/2023 13:10:15.208328,3809,True,True,True,True,Eyes,0.9107827,0.1834168,-3.585496,0.9693297,-0.1501146,0.1945902,0.0,0.0,0.0,0.0,0.0,0.0,0.0,-3.677874,0.02759558,-0.6084406,0.9597043,0.1917611,-3.597209,0.1115364,0.6692734,-0.03717981,0.7336556,12.32317,85.3462,5.565104,0.2162786,0.04957743,-0.9750718,0.4777541,0.01140362,-0.06537554,2.447127,-0.1220517,-3.782818,-0.4076444,0.2089601,1.9929,0.1013813,0.09474234,-0.9903262,0.203851,0.9723547,0.1138916,0.9737386,-0.2134255,0.07926527,moving,78.6489,-37.64802,-11.56029,5.985721
05/11/2023 13:10:15.228187,3810,True,True,True,True,Eyes,0.9139851,0.1836953,-3.585621,0.9691821,-0.1496813,0.1956567,0.0,0.0,0.0,0.0,0.0,0.0,0.0,-3.682503,0.02419022,-0.601547,0.971166,0.1924976,-3.597645,0.1102111,0.6675828,-0.03671236,0.7354177,12.18796,85.0481,5.468597,0.2192499,0.04957374,-0.9744083,0.4490888,0.0107194,-0.061453,2.457031,-0.1239977,-3.767636,-0.4032683,0.2089601,1.9929,0.1059709,0.09315217,-0.9899964,0.2011479,0.9730114,0.1130852,0.973812,-0.2111194,0.08437356,moving,78.58663,-37.41671,-11.43948,5.985719
05/11/2023 13:10:15.238306,3811,True,True,True,True,Eyes,0.9174888,0.1839654,-3.585778,0.9689968,-0.1493992,0.1967865,0.0,0.0,0.0,0.0,0.0,0.0,0.0,-3.687693,0.03046021,-0.59198,0.9829512,0.1926755,-3.598212,0.1074487,0.6655978,-0.0339131,0.7377563,11.75264,84.67445,5.450592,0.222003,0.0495764,-0.9737846,0.4221435,0.01007624,-0.05776582,2.469965,-0.1096885,-3.753577,-0.3990636,0.2089602,1.992901,0.111659,0.09299607,-0.9893857,0.1930745,0.9746093,0.113397,0.97481,-0.2036869,0.09086875,moving,78.52033,-37.20557,-11.3233,5.985722
05/11/2023 13:10:15.258331,3812,True,True,True,True,Eyes,0.921299,0.1842563,-3.585961,0.9687227,-0.1494373,0.1981031,0.0,0.0,0.0,0.0,0.0,0.0,0.0,-3.693135,0.02917019,-0.5803285,0.9937254,0.1927314,-3.598922,0.1074275,0.6633766,-0.03416555,0.7397457,11.78661,84.3261,5.391651,0.2245675,0.04958447,-0.973196,0.3968149,0.009471661,-0.05429987,2.483253,-0.08874069,-3.7402,-0.3948881,0.2089602,1.992901,0.1175285,0.09198207,-0.9888004,0.1930773,0.9745841,0.1136087,0.9741192,-0.2042672,0.09678172,moving,78.44241,-37.02875,-11.20783,5.985721
05/11/2023 13:10:15.277953,3813,True,True,True,True,Eyes,0.9254181,0.1845538,-3.58617,0.9684385,-0.1494401,0.1994856,0.0,0.0,0.0,0.0,0.0,0.0,0.0,-3.699309,0.0225662,-0.5661592,1.004966,0.1935834,-3.599792,0.1100965,0.6607286,-0.0369235,0.7415883,12.24459,83.97156,5.32676,0.2269699,0.04959787,-0.9726377,0.373006,0.008903362,-0.05104188,2.49337,-0.08633725,-3.726189,-0.3904917,0.2089601,1.992901,0.1241488,0.09072373,-0.9881073,0.2002519,0.9730309,0.1144997,0.9718468,-0.2120854,0.102633,moving,78.36063,-36.83788,-11.08616,5.985718
05/11/2023 13:10:15.288162,3814,True,True,True,True,Eyes,0.9297945,0.1848353,-3.586417,0.9680902,-0.1496665,0.2010008,0.0,0.0,0.0,0.0,0.0,0.0,0.0,-3.704817,0.02153504,-0.5560048,1.016546,0.1940148,-3.600592,0.1086768,0.6586749,-0.03612942,0.743661,12.07737,83.61934,5.247231,0.2292344,0.04961615,-0.9721057,0.3506256,0.00836916,-0.04797937,2.503319,-0.08986065,-3.708987,-0.386165,0.2089601,1.992901,0.1296842,0.0894293,-0.9875143,0.1969014,0.973768,0.1140423,0.9718086,-0.2092325,0.1086735,moving,78.27055,-36.67161,-10.96632,5.985719
05/11/2023 13:10:15.307942,3815,True,True,True,True,Eyes,0.9344448,0.1851081,-3.5867,0.9676892,-0.1501869,0.2025378,0.0,0.0,0.0,0.0,0.0,0.0,0.0,-3.710429,0.01216877,-0.5458777,1.027154,0.1939452,-3.601771,0.1102239,0.6565894,-0.03867945,0.7451476,12.419,83.3271,5.116823,0.2313805,0.04963825,-0.9715959,0.3295881,0.00786701,-0.0451006,2.513378,-0.08922894,-3.689962,-0.3817939,0.20896,1.9929,0.1347886,0.08709984,-0.9870389,0.2023875,0.9727092,0.1134731,0.9699852,-0.2150591,0.1134822,moving,78.17862,-36.55787,-10.84515,5.985719
05/11/2023 13:10:15.328177,3816,True,True,True,True,Eyes,0.9393425,0.1853786,-3.587011,0.9672549,-0.15074,0.2041946,0.0,0.0,0.0,0.0,0.0,0.0,0.0,-3.716023,0.002069235,-0.5363743,1.03843,0.1940413,-3.602852,0.1116432,0.6545171,-0.04121,0.7466224,12.74756,83.03427,4.976453,0.2334273,0.04966344,-0.9711049,0.3098128,0.007394989,-0.04239457,2.521442,-0.1008278,-3.670885,-0.3775344,0.2089601,1.992901,0.1398181,0.08460821,-0.9865559,0.2076814,0.9716751,0.1127654,0.9681526,-0.220656,0.1182862,moving,78.07947,-36.43539,-10.72697,5.985717
05/11/2023 13:10:15.338515,3817,True,True,True,True,Eyes,0.9444872,0.18565,-3.587363,0.9667836,-0.151508,0.2058516,0.0,0.0,0.0,0.0,0.0,0.0,0.0,-3.721186,-0.007712603,-0.5284624,1.049312,0.194251,-3.603855,0.1114274,0.6527553,-0.04258051,0.7481187,12.84482,82.75307,4.810335,0.2353904,0.04969124,-0.9706295,0.291224,0.00695129,-0.03985089,2.531001,-0.1036064,-3.650376,-0.3732111,0.2089602,1.992901,0.144195,0.08175913,-0.986166,0.2091802,0.9715417,0.1111326,0.9671875,-0.2223112,0.1229891,moving,77.97985,-36.35328,-10.60694,5.98572
05/11/2023 13:10:15.358994,3818,True,True,True,True,Eyes,0.9498915,0.1859192,-3.587747,0.9663046,-0.1521715,0.2076037,0.0,0.0,0.0,0.0,0.0,0.0,0.0,-3.726219,-0.01987118,-0.5215063,1.060384,0.1945589,-3.604831,0.1125149,0.6510068,-0.04513039,0.749329,13.14297,82.50272,4.64502,0.237284,0.04972128,-0.9701668,0.2737506,0.006534213,-0.03745984,2.539179,-0.1102493,-3.629661,-0.3687156,0.20896,1.9929,0.1483069,0.07886083,-0.9857921,0.2141309,0.9706073,0.1098609,0.9654808,-0.2273816,0.1270613,moving,77.87473,-36.24106,-10.48203,5.98572
05/11/2023 13:10:15.377971,3819,True,True,True,True,Eyes,0.9555385,0.186176,-3.588159,0.9658538,-0.1526595,0.209336,0.0,0.0,0.0,0.0,0.0,0.0,0.0,-3.731234,-0.02580142,-0.5175636,1.072053,0.1947451,-3.606025,0.1113017,0.649603,-0.04516088,0.7507253,13.04918,82.25669,4.521471,0.2391218,0.04975314,-0.9697139,0.2573256,0.00614216,-0.03521225,2.545584,-0.1267728,-3.608912,-0.3644948,0.2089601,1.992901,0.1519529,0.07679695,-0.9853997,0.2124106,0.9711449,0.1084407,0.9652938,-0.2257872,0.1312558,moving,77.77105,-36.10163,-10.36465,5.985721
05/11/2023 13:10:15.388447,3820,True,True,True,True,Eyes,0.9614352,0.1864113,-3.588605,0.9653977,-0.1530207,0.2111679,0.0,0.0,0.0,0.0,0.0,0.0,0.0,-3.736154,-0.02891549,-0.5132582,1.083546,0.1946749,-3.607097,0.1098475,0.6481627,-0.04464259,0.752214,12.89288,82.0016,4.426628,0.2409144,0.04978618,-0.9692683,0.241886,0.00577363,-0.03309951,2.553295,-0.1342914,-3.590607,-0.3600061,0.2089603,1.992902,0.1557845,0.07523653,-0.9849216,0.2095596,0.9718812,0.1073863,0.9653062,-0.2231289,0.1356375,moving,77.66164,-35.92857,-10.23972,5.985723
05/11/2023 13:10:15.408207,3821,True,True,True,True,Eyes,0.9675737,0.1866069,-3.589075,0.96508,-0.1526571,0.2128765,0.0,0.0,0.0,0.0,0.0,0.0,0.0,-3.741373,-0.03186715,-0.5093303,1.095469,0.1943589,-3.60839,0.1084619,0.6467093,-0.04417371,0.7536922,12.74597,81.74706,4.333509,0.2426727,0.04981957,-0.9688279,0.2273729,0.005427212,-0.03111354,2.560463,-0.1423053,-3.573095,-0.3556501,0.2089602,1.992901,0.1596317,0.07369991,-0.9844217,0.2068734,0.9725694,0.1063587,0.965257,-0.2206289,0.1400063,moving,77.56094,-35.64491,-10.1184,5.985721
05/11/2023 13:10:15.428184,3822,True,True,True,True,Eyes,0.9739437,0.1867588,-3.589577,0.9647239,-0.1522745,0.2147561,0.0,0.0,0.0,0.0,0.0,0.0,0.0,-3.746787,-0.02908251,-0.5030916,1.10746,0.193543,-3.609492,0.1064709,0.6449887,-0.04253683,0.7555423,12.46,81.44191,4.291498,0.2444058,0.0498521,-0.9683905,0.2137305,0.00510158,-0.02924673,2.568123,-0.1483803,-3.556123,-0.3513461,0.2089603,1.992901,0.1643604,0.07306825,-0.9836904,0.2016218,0.9737092,0.1060149,0.9655746,-0.215758,0.1453071,moving,77.45008,-35.33886,-9.998433,5.985723
05/11/2023 13:10:15.438292,3823,True,True,True,True,Eyes,0.980549,0.1868714,-3.590127,0.9643782,-0.1517304,0.2166851,0.0,0.0,0.0,0.0,0.0,0.0,0.0,-3.753063,-0.03067976,-0.4918463,1.119437,0.1926293,-3.610829,0.1058302,0.6427211,-0.04256457,0.7575606,12.41903,81.08046,4.201386,0.2461216,0.04988254,-0.9679542,0.2009066,0.004795485,-0.02749193,2.57781,-0.1432297,-3.539525,-0.3471057,0.20896,1.9929,0.170196,0.07154804,-0.9828094,0.200529,0.9739764,0.1056312,0.9647909,-0.2150598,0.1514194,moving,77.33659,-35.00104,-9.880159,5.985719
05/11/2023 13:10:15.458495,3824,True,True,True,True,Eyes,0.987384,0.1869362,-3.590713,0.963991,-0.1511669,0.218792,0.0,0.0,0.0,0.0,0.0,0.0,0.0,-3.759786,-0.03873605,-0.476274,1.131655,0.191719,-3.612053,0.1051475,0.6400487,-0.04364253,0.7598534,12.45425,80.65467,4.009424,0.2478269,0.04990989,-0.9675176,0.1888523,0.004507755,-0.02584241,2.58656,-0.1420199,-3.523618,-0.3427537,0.20896,1.9929,0.176866,0.06827522,-0.981864,0.2009229,0.9740787,0.1039267,0.9635085,-0.2156601,0.1585633,moving,77.21252,-34.64122,-9.758679,5.985718
05/11/2023 13:10:15.478003,3825,True,True,True,True,Eyes,0.9944455,0.1869407,-3.59134,0.9636176,-0.1504711,0.2209063,0.0,0.0,0.0,0.0,0.0,0.0,0.0,-3.766469,-0.05077821,-0.4629114,1.144052,0.1905981,-3.613582,0.1036305,0.637667,-0.04479437,0.7619941,12.41902,80.25619,3.751452,0.2495286,0.04993306,-0.9670789,0.1775211,0.00423729,-0.02429187,2.595567,-0.1411014,-3.508435,-0.3384736,0.2089603,1.992901,0.1827484,0.06389746,-0.9810811,0.2004296,0.9745083,0.1008039,0.9625129,-0.2150595,0.1652829,moving,77.08823,-34.26086,-9.639115,5.985724
05/11/2023 13:10:15.488188,3826,True,True,True,True,Eyes,1.00172,0.1868709,-3.592005,0.9631869,-0.1498923,0.2231663,0.0,0.0,0.0,0.0,0.0,0.0,0.0,-3.772457,-0.06040725,-0.4528844,1.156506,0.1890924,-3.61482,0.1028695,0.6355417,-0.04604973,0.7637958,12.45516,79.91373,3.546956,0.2512317,0.0499507,-0.966637,0.1668698,0.003983052,-0.02283436,2.604663,-0.1382047,-3.4927,-0.3340663,0.2089601,1.992901,0.1879324,0.0604105,-0.9803223,0.2011008,0.9745946,0.09860948,0.9613739,-0.2156755,0.1710093,moving,76.95499,-33.88776,-9.515917,5.985721
05/11/2023 13:10:15.508196,3827,True,True,True,True,Eyes,1.009203,0.1867208,-3.592693,0.9627346,-0.1493501,0.2254697,0.0,0.0,0.0,0.0,0.0,0.0,0.0,-3.779066,-0.06139016,-0.4416299,1.168957,0.1872481,-3.616438,0.1035252,0.6331385,-0.04695007,0.765646,12.59036,79.56072,3.47746,0.252941,0.04996125,-0.9661906,0.1568577,0.003744069,-0.02146429,2.613189,-0.1387652,-3.476924,-0.3298123,0.2089601,1.992901,0.1938626,0.05919732,-0.979241,0.2029858,0.9741565,0.09907551,0.9597989,-0.2179791,0.1768363,moving,76.81905,-33.52031,-9.396916,5.985719
05/11/2023 13:10:15.528080,3828,True,True,True,True,Eyes,1.01689,0.1864993,-3.593435,0.9622136,-0.1489972,0.2279143,0.0,0.0,0.0,0.0,0.0,0.0,0.0,-3.785893,-0.05813542,-0.4287405,1.181533,0.1852277,-3.617991,0.1046782,0.6304866,-0.04756676,0.7676371,12.74957,79.18224,3.466164,0.2546603,0.04996315,-0.9657388,0.1474462,0.003519425,-0.02017644,2.622728,-0.1341807,-3.460384,-0.3254328,0.2089604,1.992901,0.2004482,0.05896839,-0.9779282,0.2050244,0.9735597,0.1007293,0.9580113,-0.2206901,0.1830583,moving,76.67425,-33.17433,-9.274314,5.985725
05/11/2023 13:10:15.538086,3829,True,True,True,True,Eyes,1.024784,0.1862171,-3.594214,0.9617025,-0.1487036,0.2302509,0.0,0.0,0.0,0.0,0.0,0.0,0.0,-3.79313,-0.05537081,-0.4167366,1.19419,0.1833302,-3.620066,0.1064208,0.6278978,-0.04861175,0.7694516,12.99217,78.82543,3.461608,0.2563931,0.04995524,-0.9652805,0.1385994,0.00330826,-0.01896585,2.632205,-0.1299194,-3.444453,-0.3211265,0.2089602,1.992901,0.2067626,0.05883403,-0.9766206,0.2084516,0.9726231,0.1027249,0.9559273,-0.2248178,0.188838,moving,76.53569,-32.85572,-9.153682,5.985721
05/11/2023 13:10:15.558217,3830,True,True,True,True,Eyes,1.032888,0.1858747,-3.595055,0.9611584,-0.1484218,0.232692,0.0,0.0,0.0,0.0,0.0,0.0,0.0,-3.799917,-0.04868081,-0.409229,1.207161,0.1816507,-3.622012,0.1080141,0.6257067,-0.04883212,0.7709991,13.15974,78.52907,3.525106,0.2581428,0.04993674,-0.9648151,0.1302835,0.003109764,-0.0178279,2.641009,-0.1301825,-3.429202,-0.3166841,0.2089603,1.992901,0.2122131,0.05987123,-0.9753877,0.2104693,0.9718967,0.1054483,0.9542894,-0.2276667,0.1936482,moving,76.3908,-32.53162,-9.029153,5.985722
05/11/2023 13:10:15.577783,3831,True,True,True,True,Eyes,1.041187,0.1854732,-3.595928,0.9606251,-0.1480961,0.2350893,0.0,0.0,0.0,0.0,0.0,0.0,0.0,-3.807016,-0.03624547,-0.4033947,1.220327,0.179881,-3.624343,0.1087589,0.6236714,-0.0476059,0.7726184,13.14635,78.24361,3.656143,0.2599118,0.04990696,-0.9643415,0.1224665,0.002923178,-0.01675822,2.650664,-0.1268911,-3.415358,-0.31242,0.2089601,1.992901,0.2175355,0.0620972,-0.974075,0.209222,0.9718103,0.1086773,0.9533647,-0.2274391,0.1984112,moving,76.24855,-32.20915,-8.909541,5.985719
05/11/2023 13:10:15.588241,3832,True,True,True,True,Eyes,1.049688,0.1850148,-3.596875,0.960049,-0.1477901,0.2376213,0.0,0.0,0.0,0.0,0.0,0.0,0.0,-3.814251,-0.02537814,-0.3952496,1.233484,0.1781029,-3.626593,0.1095083,0.6214152,-0.04667265,0.7743853,13.15637,77.92495,3.75758,0.2617031,0.04986533,-0.9638591,0.1151185,0.002747788,-0.01575273,2.660031,-0.1262437,-3.402812,-0.3080847,0.2089601,1.992901,0.2233296,0.06381503,-0.9726517,0.2083855,0.9716592,0.1115971,0.9522075,-0.2276094,0.2037022,moving,76.09814,-31.87982,-8.787853,5.98572
05/11/2023 13:10:15.608231,3833,True,True,True,True,Eyes,1.058385,0.1845183,-3.597886,0.9594666,-0.1474478,0.2401727,0.0,0.0,0.0,0.0,0.0,0.0,0.0,-3.822137,-0.01457489,-0.3859808,1.24691,0.1762926,-3.629334,0.1101515,0.619037,-0.04571398,0.7762539,13.15631,77.58671,3.851306,0.2635175,0.04981137,-0.9633673,0.1082114,0.00258292,-0.01480757,2.66886,-0.1295957,-3.391263,-0.3037023,0.20896,1.992901,0.2294068,0.06540442,-0.9711307,0.207347,0.9715537,0.1144138,0.9509888,-0.2276083,0.2093196,moving,75.94656,-31.54676,-8.664759,5.985717
05/11/2023 13:10:15.628305,3834,True,True,True,True,Eyes,1.28062,0.1715338,-3.625055,0.9413317,-0.1390765,0.3074937,0.0,0.0,0.0,0.0,0.0,0.0,0.0,-3.83002,-0.005001307,-0.3758385,1.260346,0.1748744,-3.63198,0.1109959,0.6165725,-0.04503303,0.7781326,13.19532,77.23998,3.933693,0.2653572,0.04974515,-0.9628656,0.1017187,0.002427945,-0.01391911,2.678061,-0.1326915,-3.380034,-0.2993507,0.2089599,1.992901,0.2356208,0.06679071,-0.9695472,0.2069574,0.9713039,0.1172068,0.9495533,-0.2282713,0.2150366,moving,71.90995,-24.33679,-8.542451,5.985714
05/11/2023 13:10:15.637815,3835,True,True,True,True,Eyes,1.281169,0.1714707,-3.625195,0.9412821,-0.1389019,0.3077243,0.0,0.0,0.0,0.0,0.0,0.0,0.0,-3.83855,0.002638787,-0.3624933,1.273936,0.1738127,-3.634934,0.1114165,0.613826,-0.04438598,0.7802781,13.20067,76.84285,3.976439,0.2758483,0.04896089,-0.959953,0.7623222,-0.03667114,-0.09459093,2.687709,-0.1342651,-3.369597,-0.2949881,0.2089599,1.9929,0.242495,0.06751385,-0.9678007,0.2060475,0.9712325,0.1193811,0.9480193,-0.2283622,0.221608,moving,71.89638,-24.29367,-8.419756,5.985716
05/11/2023 13:10:15.658474,3836,True,True,True,True,Eyes,1.282236,0.1713719,-3.625455,0.9411067,-0.1389074,0.3082578,0.0,0.0,0.0,0.0,0.0,0.0,0.0,-3.847788,0.002540141,-0.3444788,1.28763,0.1720856,-3.638205,0.1097316,0.610803,-0.0437565,0.7829204,13.01907,76.36008,3.856741,0.2843714,0.04831688,-0.9574955,0.7165829,-0.03447087,-0.08891547,2.698484,-0.1318024,-3.360216,-0.2907274,0.2089602,1.992901,0.2500102,0.06553306,-0.966023,0.2025645,0.9720887,0.118369,0.9468172,-0.2252754,0.2297574,moving,71.86388,-24.25732,-8.299849,5.985722
05/11/2023 13:10:15.678123,3837,True,True,True,True,Eyes,1.283836,0.171252,-3.625855,0.9408685,-0.1387367,0.309061,0.0,0.0,0.0,0.0,0.0,0.0,0.0,-3.857136,0.002611041,-0.3236284,1.301219,0.1711616,-3.641397,0.1112986,0.6072992,-0.04512907,0.7853432,13.27522,75.86992,3.787992,0.291313,0.04778704,-0.9554332,0.6735879,-0.03240262,-0.08358055,2.709529,-0.1294264,-3.353239,-0.2864006,0.2089601,1.9929,0.2583021,0.06429944,-0.9639221,0.2060667,0.971152,0.1200014,0.9438309,-0.2296288,0.2376006,moving,71.81544,-24.1752,-8.17801,5.98572
05/11/2023 13:10:15.688197,3838,True,True,True,True,Eyes,1.28591,0.1711087,-3.626397,0.9405335,-0.1385692,0.3101538,0.0,0.0,0.0,0.0,0.0,0.0,0.0,-3.866795,0.005218059,-0.3027775,1.315538,0.1704746,-3.644737,0.1099185,0.6039021,-0.04416176,0.7882068,13.09791,75.34354,3.71706,0.2969869,0.04734981,-0.9537066,0.6331726,-0.03045846,-0.07856572,2.721572,-0.1249202,-3.347149,-0.2821298,0.2089603,1.992901,0.266704,0.06314285,-0.9617078,0.2023772,0.9719353,0.1199383,0.942291,-0.2266158,0.2464404,moving,71.74932,-24.07394,-8.05767,5.985723
05/11/2023 13:10:15.707919,3839,True,True,True,True,Eyes,1.288463,0.170946,-3.627063,0.9401574,-0.1384547,0.3113428,0.0,0.0,0.0,0.0,0.0,0.0,0.0,-3.876789,-0.002022654,-0.2812109,1.329068,0.1697462,-3.648746,0.1091229,0.6005812,-0.04511069,0.7907966,13.10718,74.83474,3.515882,0.3016461,0.04698722,-0.9522611,0.5951823,-0.02863096,-0.07385177,2.732959,-0.1208216,-3.338612,-0.2776313,0.2089601,1.992901,0.2745344,0.05972755,-0.9597204,0.2024211,0.9721144,0.1184027,0.94003,-0.2267732,0.2547887,moving,71.67718,-23.97479,-7.930841,5.985717
05/11/2023 13:10:15.728292,3840,True,True,True,True,Eyes,1.291479,0.1708305,-3.627857,0.9397125,-0.1383133,0.3127458,0.0,0.0,0.0,0.0,0.0,0.0,0.0,-3.886287,-0.004882693,-0.2652442,1.343208,0.1691015,-3.652506,0.109321,0.5976693,-0.04590987,0.7929267,13.19376,74.40858,3.407567,0.3054974,0.04668443,-0.9510475,0.5594714,-0.0269131,-0.06942067,2.742954,-0.1263621,-3.329114,-0.2732891,0.2089599,1.9929,0.2813675,0.05786926,-0.9578537,0.2034819,0.9718824,0.1184892,0.9377781,-0.2282449,0.2616807,moving,71.59204,-23.85763,-7.808345,5.985716
05/11/2023 13:10:15.738247,3841,True,True,True,True,Eyes,1.294953,0.1708129,-3.628754,0.9392436,-0.1381487,0.3142234,0.0,0.0,0.0,0.0,0.0,0.0,0.0,-3.895845,0.003266186,-0.2517276,1.357403,0.1701199,-3.656432,0.1095071,0.5949354,-0.04473301,0.7950215,13.14095,74.0183,3.483608,0.3087086,0.04643084,-0.9500224,0.5259031,-0.02529831,-0.06525543,2.754736,-0.1235868,-3.321291,-0.2690521,0.2089599,1.9929,0.2881019,0.05917183,-0.9557699,0.2014266,0.9720143,0.1208944,0.9361756,-0.2273474,0.2681204,moving,71.50237,-23.73274,-7.688748,5.985717
05/11/2023 13:10:15.758167,3842,True,True,True,True,Eyes,1.298873,0.1709286,-3.629761,0.9386986,-0.1379048,0.3159545,0.0,0.0,0.0,0.0,0.0,0.0,0.0,-3.90536,0.01191911,-0.2360334,1.371981,0.1724667,-3.660001,0.109692,0.5919496,-0.04331182,0.7973002,13.07297,73.5937,3.578552,0.3114263,0.04621847,-0.9491453,0.4943489,-0.02378041,-0.0613401,2.767271,-0.117085,-3.314739,-0.264767,0.20896,1.9929,0.2954395,0.06079926,-0.9534249,0.1989294,0.9721835,0.1236381,0.9344211,-0.2261918,0.2751267,moving,71.39739,-23.57985,-7.567722,5.98572
05/11/2023 13:10:15.778187,3843,True,True,True,True,Eyes,1.303239,0.1711382,-3.630903,0.9381288,-0.1373406,0.3178866,0.0,0.0,0.0,0.0,0.0,0.0,0.0,-3.915086,0.02685207,-0.2183216,1.386648,0.1757856,-3.663685,0.1098619,0.5887122,-0.04082521,0.799801,12.93256,73.13881,3.76802,0.3139526,0.04602749,-0.9483219,0.464688,-0.02235359,-0.05765969,2.780068,-0.109359,-3.307592,-0.2602908,0.20896,1.9929,0.3035026,0.06404999,-0.9506754,0.1946581,0.9725273,0.1276667,0.9327348,-0.2238039,0.2826967,moving,71.28096,-23.36642,-7.441225,5.985719
05/11/2023 13:10:15.797820,3844,True,True,True,True,Eyes,1.307979,0.1714334,-3.632151,0.9374443,-0.1369703,0.3200584,0.0,0.0,0.0,0.0,0.0,0.0,0.0,-3.924801,0.03420803,-0.2012937,1.40153,0.1780945,-3.66739,0.1068978,0.5857778,-0.03757608,0.8025119,12.45049,72.66969,3.812398,0.3163157,0.04585795,-0.9475446,0.4368067,-0.02101237,-0.05420011,2.792249,-0.101687,-3.296904,-0.2558452,0.2089601,1.992901,0.310905,0.06492615,-0.9482207,0.1855471,0.9743218,0.127551,0.9321535,-0.2155959,0.2908747,moving,71.14928,-23.16871,-7.315521,5.98572
05/11/2023 13:10:15.807886,3845,True,True,True,True,Eyes,1.313127,0.1718288,-3.633486,0.9367336,-0.1365935,0.3222923,0.0,0.0,0.0,0.0,0.0,0.0,0.0,-3.934559,0.03627279,-0.1782825,1.415351,0.1804845,-3.671248,0.1087606,0.5820964,-0.03839867,0.8048978,12.69645,72.17228,3.808879,0.31854,0.04570963,-0.9468063,0.4105983,-0.01975163,-0.05094811,2.804855,-0.08813164,-3.284356,-0.2517104,0.2089601,1.992901,0.3193787,0.06480423,-0.9454087,0.1884322,0.9733934,0.1303788,0.9287037,-0.2197857,0.2986699,moving,71.01373,-22.96814,-7.198542,5.98572
05/11/2023 13:10:15.828401,3846,True,True,True,True,Eyes,1.318573,0.1722738,-3.634893,0.9359317,-0.1362709,0.3247493,0.0,0.0,0.0,0.0,0.0,0.0,0.0,-3.944009,0.03341952,-0.1588955,1.430279,0.1832317,-3.674547,0.1078986,0.5788819,-0.03803696,0.8073456,12.6069,71.69473,3.730989,0.3206478,0.04558279,-0.9461007,0.3859624,-0.01856653,-0.04789122,2.813944,-0.09727201,-3.275977,-0.2472945,0.20896,1.992901,0.326898,0.06350317,-0.9429237,0.1863391,0.9738222,0.1301852,0.9265072,-0.2182608,0.3065074,moving,70.86427,-22.76383,-7.073544,5.985717
05/11/2023 13:10:15.837906,3847,True,True,True,True,Eyes,1.324314,0.1727358,-3.636348,0.9350842,-0.1361927,0.3272144,0.0,0.0,0.0,0.0,0.0,0.0,0.0,-3.95263,0.02138969,-0.1351054,1.442956,0.184852,-3.677731,0.107388,0.5754822,-0.03955595,0.8097676,12.6765,71.18972,3.498647,0.3226566,0.04547639,-0.9454226,0.3628047,-0.01745254,-0.04501775,2.826111,-0.0911535,-3.268674,-0.2431164,0.20896,1.9929,0.334511,0.05953749,-0.9405094,0.187662,0.9738063,0.1283911,0.923518,-0.219446,0.3145759,moving,70.71351,-22.59799,-6.955216,5.985718
05/11/2023 13:10:15.858622,3848,True,True,True,True,Eyes,1.330329,0.173248,-3.637849,0.9341421,-0.1364191,0.3298005,0.0,0.0,0.0,0.0,0.0,0.0,0.0,-3.960802,-0.005573988,-0.1116815,1.4559,0.1857101,-3.680532,0.1068854,0.5722162,-0.04342069,0.8119476,12.90074,70.69273,3.046941,0.3245828,0.04538863,-0.9447673,0.3410364,-0.01640538,-0.04231668,2.837261,-0.08925835,-3.263472,-0.2386158,0.20896,1.9929,0.3413665,0.05181241,-0.9385013,0.1928337,0.9733803,0.1238786,0.9199371,-0.2232627,0.3222883,moving,70.55433,-22.472,-6.827688,5.985718
05/11/2023 13:10:15.878212,3849,True,True,True,True,Eyes,1.33661,0.1738197,-3.639368,0.9331763,-0.1367818,0.3323742,0.0,0.0,0.0,0.0,0.0,0.0,0.0,-3.96838,-0.03093866,-0.0935657,1.468554,0.1874545,-3.6832,0.108341,0.5694187,-0.04811278,0.8134555,13.35913,70.29527,2.657307,0.3264407,0.04531877,-0.9441303,0.3205742,-0.01542106,-0.03977768,2.848699,-0.08652505,-3.257094,-0.234279,0.20896,1.992901,0.346895,0.04510762,-0.9368186,0.201658,0.9718947,0.1214686,0.9159683,-0.2310538,0.3280492,moving,70.39536,-22.3686,-6.704734,5.985717
05/11/2023 13:10:15.888395,3850,True,True,True,True,Eyes,1.343132,0.1744597,-3.640902,0.9321364,-0.1370801,0.3351577,0.0,0.0,0.0,0.0,0.0,0.0,0.0,-3.975433,-0.03197801,-0.0755496,1.481302,0.1894741,-3.685192,0.109764,0.5663742,-0.0490765,0.8153304,13.56682,69.88282,2.612427,0.328242,0.04526644,-0.9435081,0.3013397,-0.0144958,-0.03739102,2.862406,-0.06171531,-3.249027,-0.2299445,0.2089601,1.992901,0.3536234,0.04430787,-0.934338,0.2043621,0.9710867,0.1233965,0.9127907,-0.2345791,0.3343441,moving,70.22351,-22.24465,-6.581786,5.985718
05/11/2023 13:10:15.908324,3851,True,True,True,True,Eyes,1.349906,0.1751466,-3.642474,0.9310886,-0.1372025,0.3380079,0.0,0.0,0.0,0.0,0.0,0.0,0.0,-3.982375,-0.02520004,-0.05377102,1.493696,0.1917503,-3.687132,0.1096534,0.5629855,-0.04788331,0.8177596,13.48881,69.40562,2.66139,0.329998,0.04523149,-0.942897,0.2832594,-0.01362605,-0.03514756,2.870429,-0.07403393,-3.244584,-0.225589,0.20896,1.9929,0.3615091,0.04515247,-0.9312746,0.2017806,0.9713666,0.1254251,0.9102724,-0.2332555,0.342047,moving,70.04787,-22.09297,-6.458182,5.985718
05/11/2023 13:10:15.928158,3852,True,True,True,True,Eyes,1.356908,0.1758731,-3.644034,0.930002,-0.1370046,0.3410659,0.0,0.0,0.0,0.0,0.0,0.0,0.0,-3.988876,-0.01865748,-0.02837586,1.506198,0.193444,-3.688663,0.1087069,0.5592372,-0.04631029,0.8205438,13.30852,68.86565,2.684983,0.3317184,0.04521322,-0.942294,0.2662638,-0.01280849,-0.0330387,2.879124,-0.08601498,-3.239883,-0.2212721,0.2089599,1.992901,0.3702183,0.04558662,-0.9278256,0.1975851,0.9720764,0.1266006,0.9076886,-0.2301944,0.3508732,moving,69.86016,-21.8851,-6.335611,5.985713
05/11/2023 13:10:15.938056,3853,True,True,True,True,Eyes,1.364142,0.176612,-3.645585,0.9289627,-0.1364596,0.3441032,0.0,0.0,0.0,0.0,0.0,0.0,0.0,-3.995034,-0.01602885,-0.008141518,1.518738,0.1950485,-3.689988,0.1055286,0.5561584,-0.04374016,0.823188,12.8496,68.38751,2.667153,0.3334112,0.04521088,-0.9416965,0.250288,-0.01203998,-0.03105638,2.887913,-0.08951265,-3.234332,-0.2170518,0.20896,1.992901,0.3775492,0.04536846,-0.9248775,0.189394,0.973901,0.1250868,0.9064141,-0.2223926,0.3591031,moving,69.67454,-21.63158,-6.215727,5.985716
05/11/2023 13:10:15.958092,3854,True,True,True,True,Eyes,1.371569,0.1773614,-3.647085,0.9278709,-0.135727,0.3473237,0.0,0.0,0.0,0.0,0.0,0.0,0.0,-4.000479,-0.01146358,0.007890463,1.531263,0.1959441,-3.690646,0.1021798,0.5534593,-0.0407851,0.8255778,12.34868,67.96556,2.685058,0.3350846,0.04522306,-0.9411018,0.2352707,-0.01131758,-0.029193,2.896621,-0.09599486,-3.228522,-0.2126005,0.2089601,1.9929,0.3840387,0.04576214,-0.9221821,0.1804472,0.9757917,0.1235689,0.9055126,-0.2138605,0.3664841,moving,69.47796,-21.34454,-6.089222,5.985719
05/11/2023 13:10:15.978309,3855,True,True,True,True,Eyes,1.379182,0.178092,-3.648524,0.92677,-0.1348673,0.3505826,0.0,0.0,0.0,0.0,0.0,0.0,0.0,-4.005397,-0.0076105,0.02747369,1.543374,0.1968966,-3.690968,0.1001544,0.5503581,-0.03887198,0.8279881,12.04268,67.50706,2.688315,0.3367447,0.04524853,-0.9405079,0.2211545,-0.01063852,-0.02744142,2.909609,-0.07352141,-3.220742,-0.2082606,0.2089601,1.9929,0.3911899,0.04587054,-0.9191663,0.1746127,0.9769161,0.1230663,0.9035934,-0.2086404,0.3741501,moving,69.27916,-21.04147,-5.965826,5.985719
05/11/2023 13:10:15.988069,3856,True,True,True,True,Eyes,1.386945,0.1788122,-3.649896,0.9255414,-0.1341143,0.3540996,0.0,0.0,0.0,0.0,0.0,0.0,0.0,-4.009593,-0.003961325,0.05314779,1.555416,0.1971163,-3.690732,0.09802593,0.5466015,-0.03711094,0.8308073,11.73884,66.95698,2.663496,0.3383969,0.04528543,-0.939913,0.2078852,-0.01000021,-0.02579493,2.922189,-0.04971375,-3.213468,-0.2039478,0.2089601,1.992901,0.3996993,0.04549813,-0.9155165,0.1688263,0.9780274,0.1223115,0.9009652,-0.2034511,0.3832357,moving,69.06383,-20.74405,-5.843144,5.985719
05/11/2023 13:10:16.008063,3857,True,True,True,True,Eyes,1.394866,0.1795339,-3.651167,0.924235,-0.1336847,0.3576566,0.0,0.0,0.0,0.0,0.0,0.0,0.0,-4.01337,0.005049706,0.0849576,1.56688,0.1976043,-3.690558,0.09911615,0.542074,-0.03678532,0.8336539,11.83757,66.34704,2.701141,0.340046,0.04533233,-0.9393153,0.1954121,-0.009400199,-0.02424724,2.932755,-0.04351582,-3.208255,-0.1996088,0.20896,1.9929,0.4096055,0.0461241,-0.9110961,0.168789,0.9776457,0.1253764,0.896512,-0.2051378,0.3926637,moving,68.84477,-20.49471,-5.719666,5.985717
05/11/2023 13:10:16.028211,3858,True,True,True,True,Eyes,1.402927,0.1802406,-3.652355,0.9227997,-0.1332621,0.3614997,0.0,0.0,0.0,0.0,0.0,0.0,0.0,-4.016528,0.01980728,0.1212904,1.578872,0.1984576,-3.689902,0.1010169,0.5369094,-0.03616423,0.8367893,11.99894,65.66628,2.809834,0.341696,0.04538826,-0.9387136,0.1836874,-0.008836187,-0.0227924,2.944208,-0.02774358,-3.200371,-0.1951246,0.20896,1.9929,0.4208411,0.04795016,-0.9058663,0.1689975,0.9769755,0.1302259,0.8912535,-0.2078935,0.4030479,moving,68.60762,-20.23575,-5.591998,5.985719
05/11/2023 13:10:16.038208,3859,True,True,True,True,Eyes,1.411135,0.1809167,-3.653506,0.9212788,-0.1333167,0.3653383,0.0,0.0,0.0,0.0,0.0,0.0,0.0,-4.019145,0.02440268,0.1570933,1.590397,0.1987972,-3.689162,0.1009083,0.53201,-0.03576835,0.8399427,11.98014,64.99015,2.770441,0.34335,0.04545192,-0.9381068,0.1726661,-0.008306016,-0.02142486,2.95296,-0.02826061,-3.19357,-0.1908742,0.2089601,1.9929,0.431372,0.04728174,-0.9009343,0.1674552,0.9770763,0.1314562,0.886497,-0.2075726,0.4135658,moving,68.36892,-20.04768,-5.470935,5.98572
05/11/2023 13:10:16.055207,3860,True,True,True,True,Eyes,1.419463,0.1815589,-3.654547,0.9196273,-0.1335421,0.3693945,0.0,0.0,0.0,0.0,0.0,0.0,0.0,-4.021127,0.0241729,0.1925588,1.601606,0.1987239,-3.688156,0.1034718,0.5270733,-0.03801047,0.8426403,12.38312,64.33876,2.641604,0.3450117,0.04552174,-0.9374935,0.1623061,-0.007807655,-0.02013937,2.960426,-0.04269542,-3.186847,-0.1867027,0.20896,1.9929,0.441498,0.04501613,-0.8961323,0.1731327,0.9756976,0.1343104,0.8804002,-0.2144476,0.4229747,moving,68.11574,-19.87574,-5.352072,5.985718
05/11/2023 13:10:16.078186,3861,True,True,True,True,Eyes,1.427893,0.1821613,-3.655515,0.9179492,-0.1339649,0.3733935,0.0,0.0,0.0,0.0,0.0,0.0,0.0,-4.022577,0.02277049,0.2248938,1.612873,0.1985843,-3.686655,0.1048869,0.5224903,-0.03960145,0.8452423,12.63225,63.72232,2.50562,0.3466825,0.04559623,-0.9368733,0.1525678,-0.007339196,-0.01893101,2.970772,-0.0357848,-3.180208,-0.1822541,0.2089601,1.9929,0.4508713,0.04265916,-0.891569,0.1765504,0.9748609,0.135927,0.8749543,-0.2186925,0.4320054,moving,67.86502,-19.7368,-5.225261,5.98572
05/11/2023 13:10:16.088257,3862,True,True,True,True,Eyes,1.436409,0.182722,-3.656364,0.916119,-0.1346493,0.3776181,0.0,0.0,0.0,0.0,0.0,0.0,0.0,-4.023243,0.0270068,0.2588799,1.623407,0.1982461,-3.685035,0.1070301,0.5176916,-0.04093313,0.8478588,12.93669,63.0915,2.434916,0.3483642,0.04567393,-0.9362456,0.1434137,-0.006898844,-0.01779515,2.978547,-0.04688595,-3.176285,-0.1779222,0.20896,1.9929,0.4606398,0.04140616,-0.8866208,0.1802282,0.9737381,0.1391114,0.8690965,-0.2238743,0.4410799,moving,67.59888,-19.62498,-5.101729,5.985719
05/11/2023 13:10:16.108158,3863,True,True,True,True,Eyes,1.445014,0.1832437,-3.657078,0.914316,-0.135407,0.3816953,0.0,0.0,0.0,0.0,0.0,0.0,0.0,-4.023306,0.03596371,0.2938082,1.634056,0.1978686,-3.683112,0.1101181,0.5126554,-0.04225774,0.8504545,13.33405,62.44581,2.416616,0.350058,0.04575349,-0.9356097,0.1348089,-0.006484914,-0.01672744,2.986976,-0.05735648,-3.172222,-0.173668,0.20896,1.9929,0.4707974,0.04102872,-0.8812868,0.1847818,0.9721766,0.1439736,0.8626735,-0.2306282,0.4501169,moving,67.34115,-19.53222,-4.980366,5.985717
05/11/2023 13:10:16.128037,3864,True,True,True,True,Eyes,1.453703,0.183717,-3.657667,0.912402,-0.136247,0.3859524,0.0,0.0,0.0,0.0,0.0,0.0,0.0,-4.023207,0.04672867,0.3261495,1.645088,0.1975361,-3.680954,0.1116466,0.50789,-0.0421632,0.8531149,13.49281,61.82289,2.444138,0.3517653,0.04583383,-0.9349653,0.1267204,-0.006095819,-0.01572379,2.996117,-0.05962224,-3.168561,-0.1693088,0.20896,1.9929,0.4805401,0.04146827,-0.8759917,0.1853485,0.9715146,0.1476662,0.8571622,-0.2333233,0.4591656,moving,67.0713,-19.44379,-4.855959,5.985716
05/11/2023 13:10:16.138509,3865,True,True,True,True,Eyes,1.462474,0.1841403,-3.658127,0.9105803,-0.1369012,0.390002,0.0,0.0,0.0,0.0,0.0,0.0,0.0,-4.022928,0.05778193,0.3544106,1.655842,0.1968742,-3.67863,0.1131931,0.5035537,-0.04202636,0.8554852,13.65029,61.26081,2.482558,0.3534876,0.04591371,-0.9343115,0.1191171,-0.00573007,-0.01478036,3.004764,-0.06878383,-3.165999,-0.1650001,0.2089601,1.9929,0.4893351,0.04209176,-0.8710796,0.1859035,0.9708422,0.151345,0.8520511,-0.2359952,0.4672421,moving,66.81452,-19.34244,-4.732948,5.985719
05/11/2023 13:10:16.158157,3866,True,True,True,True,Eyes,1.471315,0.1845087,-3.658442,0.9086849,-0.1374313,0.3942137,0.0,0.0,0.0,0.0,0.0,0.0,0.0,-4.022334,0.06979936,0.3790989,1.666564,0.1961077,-3.675848,0.1140238,0.4995939,-0.0411825,0.8577346,13.695,60.74464,2.553401,0.3552258,0.04599199,-0.933648,0.1119701,-0.005386265,-0.01389354,3.015772,-0.06462751,-3.163556,-0.1605743,0.20896,1.9929,0.4974199,0.04328392,-0.8664294,0.1845785,0.9706052,0.1544553,0.8476462,-0.2367534,0.474809,moving,66.54742,-19.21965,-4.606553,5.985717
05/11/2023 13:10:16.178034,3867,True,True,True,True,Eyes,1.48025,0.1848057,-3.658649,0.9068846,-0.1377054,0.3982431,0.0,0.0,0.0,0.0,0.0,0.0,0.0,-4.021362,0.07781044,0.4031006,1.677106,0.1951376,-3.672755,0.1132511,0.4958286,-0.03980663,0.8600835,13.5495,60.23299,2.584173,0.3569806,0.04606755,-0.9329748,0.1052519,-0.00506309,-0.01305993,3.026755,-0.05866907,-3.160465,-0.1562356,0.2089601,1.9929,0.5051389,0.04383216,-0.8619243,0.1807803,0.9711792,0.1553362,0.8438917,-0.2342853,0.4826564,moving,66.29213,-19.07447,-4.482597,5.985721
05/11/2023 13:10:16.188315,3868,True,True,True,True,Eyes,1.705073,0.1902387,-3.659834,0.8540682,-0.141848,0.5004466,0.0,0.0,0.0,0.0,0.0,0.0,0.0,-4.020087,0.08578354,0.4264811,1.687743,0.193624,-3.669384,0.1125971,0.4920842,-0.03858367,0.8623726,13.4251,59.72667,2.608495,0.3587529,0.04613889,-0.9322912,0.0,0.0,0.0,3.038095,-0.05330589,-3.157525,-0.1519894,0.2089601,1.9929,0.512729,0.04426747,-0.8574086,0.1773615,0.9716665,0.1562285,0.8400309,-0.2321741,0.4903502,moving,59.63156,-15.825,-4.361245,5.98572
05/11/2023 13:10:16.213056,3869,True,True,True,True,Eyes,1.705508,0.1901672,-3.659703,0.8540982,-0.1416865,0.500441,0.0,0.0,0.0,0.0,0.0,0.0,0.0,-4.018174,0.09643012,0.4502512,1.698175,0.1919155,-3.665667,0.1123061,0.4882382,-0.03724826,0.8646522,13.33142,59.21529,2.665433,0.3669747,0.04625573,-0.9290798,0.6744701,0.01629885,-0.003553391,3.049618,-0.04376271,-3.152524,-0.1476408,0.2089601,1.9929,0.520472,0.04525066,-0.8526789,0.1740778,0.9719998,0.1578394,0.835946,-0.2305834,0.4980215,moving,59.63272,-15.80805,-4.236926,5.985721
05/11/2023 13:10:16.227893,3870,True,True,True,True,Eyes,1.706342,0.1900283,-3.659402,0.8539491,-0.1415188,0.500743,0.0,0.0,0.0,0.0,0.0,0.0,0.0,-4.015893,0.1097799,0.47411,1.708687,0.1897776,-3.661775,0.1124009,0.4843,-0.03584324,0.8669111,13.27358,58.70007,2.751728,0.3738174,0.04635197,-0.926343,0.6340019,0.01532091,-0.003340187,3.059704,-0.04268517,-3.146279,-0.1431747,0.2089601,1.992901,0.5283375,0.04672571,-0.8477477,0.1710173,0.9721625,0.1601654,0.8316325,-0.2296009,0.505639,moving,59.61328,-15.78123,-4.109204,5.985718
05/11/2023 13:10:16.238026,3871,True,True,True,True,Eyes,1.707565,0.1897978,-3.658938,0.8538095,-0.1412643,0.5010526,0.0,0.0,0.0,0.0,0.0,0.0,0.0,-4.013203,0.1210742,0.4974905,1.719127,0.1880205,-3.657485,0.1126787,0.4804046,-0.03481111,0.8690818,13.25591,58.19207,2.812206,0.3795392,0.04642982,-0.9240096,0.5959617,0.01440166,-0.003139776,3.069247,-0.04401109,-3.137939,-0.1389161,0.2089601,1.992901,0.5359992,0.04775531,-0.8428668,0.1687701,0.9721833,0.1624072,0.8271769,-0.2293008,0.5130298,moving,59.59373,-15.74501,-3.987379,5.985719
05/11/2023 13:10:16.257816,3872,True,True,True,True,Eyes,1.709155,0.1894834,-3.658301,0.8535132,-0.1410129,0.5016278,0.0,0.0,0.0,0.0,0.0,0.0,0.0,-4.010449,0.1320817,0.5195016,1.729671,0.1859001,-3.653041,0.1131204,0.4766174,-0.0339702,0.8711405,13.26582,57.701,2.864739,0.384351,0.04649018,-0.9220153,0.560204,0.01353756,-0.002951389,3.079522,-0.04296335,-3.13104,-0.1346324,0.2089601,1.992901,0.5433637,0.04864467,-0.8380869,0.167016,0.9720996,0.164706,0.8227159,-0.2294691,0.5200793,moving,59.55635,-15.70123,-3.864802,5.98572
05/11/2023 13:10:16.278186,3873,True,True,True,True,Eyes,1.711113,0.1890972,-3.657517,0.8531951,-0.1407816,0.5022337,0.0,0.0,0.0,0.0,0.0,0.0,0.0,-4.007594,0.1421052,0.5393521,1.740097,0.1835701,-3.648324,0.1133676,0.4730697,-0.03312785,0.8730724,13.25585,57.23985,2.910053,0.388426,0.04653372,-0.9203038,0.5265918,0.01272531,-0.002774306,3.089971,-0.04494493,-3.125718,-0.1302551,0.20896,1.9929,0.5502153,0.0494155,-0.8335594,0.1651075,0.9721007,0.1666127,0.8185369,-0.2292998,0.5267058,moving,59.51679,-15.65877,-3.739509,5.985719
05/11/2023 13:10:16.288341,3874,True,True,True,True,Eyes,1.713411,0.1886317,-3.656551,0.8527533,-0.1404936,0.5030639,0.0,0.0,0.0,0.0,0.0,0.0,0.0,-4.004594,0.1507263,0.5569086,1.750352,0.1814148,-3.643212,0.1137477,0.4697655,-0.03252639,0.874828,13.27228,56.81224,2.942314,0.3919387,0.04656123,-0.9188119,0.4949963,0.01196179,-0.002607848,3.099747,-0.05105608,-3.120025,-0.1259077,0.20896,1.9929,0.5565249,0.04995945,-0.8293276,0.1637795,0.972007,0.1684598,0.8145284,-0.2295789,0.5327637,moving,59.46242,-15.60377,-3.615035,5.985719
05/11/2023 13:10:16.308544,3875,True,True,True,True,Eyes,1.716037,0.1880882,-3.655416,0.8523568,-0.1401471,0.503832,0.0,0.0,0.0,0.0,0.0,0.0,0.0,-4.001796,0.158278,0.5725064,1.760858,0.1790277,-3.637928,0.113279,0.4666954,-0.03145802,0.8765692,13.17678,56.40672,2.977919,0.3951519,0.0465739,-0.9174339,0.4652965,0.01124408,-0.002451377,3.10923,-0.05831862,-3.113253,-0.1215554,0.2089599,1.9929,0.5624115,0.05058327,-0.8253088,0.1608838,0.9723566,0.1692311,0.8110547,-0.2279563,0.5387265,moving,59.41248,-15.54456,-3.490389,5.985715
05/11/2023 13:10:16.328010,3876,True,True,True,True,Eyes,1.718974,0.1874766,-3.654088,0.8518747,-0.1397943,0.5047445,0.0,0.0,0.0,0.0,0.0,0.0,0.0,-3.9993,0.1648844,0.5831085,1.771044,0.1765679,-3.632331,0.1129467,0.464179,-0.03055835,0.877979,13.10279,56.07607,3.013104,0.3981047,0.04657138,-0.9161566,0.4373787,0.01056944,-0.002304294,3.118564,-0.06837072,-3.107714,-0.1172934,0.20896,1.9929,0.567208,0.05119583,-0.8219817,0.1585142,0.9726185,0.1699606,0.808176,-0.2266988,0.5435617,moving,59.35282,-15.48063,-3.368293,5.98572
05/11/2023 13:10:16.337895,3877,True,True,True,True,Eyes,1.722225,0.1868047,-3.652586,0.8514655,-0.1392779,0.505577,0.0,0.0,0.0,0.0,0.0,0.0,0.0,-3.996961,0.1756739,0.5901362,1.781461,0.1743149,-3.626406,0.113239,0.461931,-0.02938148,0.8791664,13.07676,55.79388,3.116395,0.4008319,0.04655366,-0.9149676,0.411136,0.00993527,-0.002166037,3.128959,-0.07574522,-3.103817,-0.1130213,0.20896,1.9929,0.5715129,0.05295476,-0.8188827,0.1562796,0.9726273,0.1719673,0.8055742,-0.2262562,0.5475934,moving,59.29931,-15.40198,-3.245879,5.985721
05/11/2023 13:10:16.358154,3878,True,True,True,True,Eyes,1.725763,0.1860781,-3.650879,0.8509876,-0.1386934,0.5065416,0.0,0.0,0.0,0.0,0.0,0.0,0.0,-3.994419,0.1871219,0.5952951,1.791745,0.1720871,-3.620057,0.1126732,0.4599199,-0.0274319,0.8803557,12.92162,55.53609,3.254973,0.4033651,0.04652083,-0.9138554,0.3864678,0.009339154,-0.002036074,3.140406,-0.07704981,-3.100542,-0.10849,0.20896,1.9929,0.5754423,0.05534161,-0.8159678,0.1519409,0.9731045,0.173152,0.8036045,-0.2236179,0.5515569,moving,59.23721,-15.31255,-3.116008,5.985719
05/11/2023 13:10:16.378055,3879,True,True,True,True,Eyes,1.729555,0.1853065,-3.648943,0.8505145,-0.1380759,0.5075039,0.0,0.0,0.0,0.0,0.0,0.0,0.0,-3.991726,0.2008917,0.5997505,1.802171,0.1700247,-3.613475,0.1124879,0.457911,-0.02536789,0.8814877,12.79985,55.28606,3.427273,0.4057312,0.04647319,-0.9128098,0.3632797,0.008778805,-0.00191391,3.1514,-0.07911481,-3.095917,-0.1042505,0.2089599,1.9929,0.5793479,0.05829597,-0.8129929,0.1477419,0.9734059,0.175081,0.8015786,-0.2215459,0.555328,moving,59.17538,-15.21999,-2.994468,5.985718
05/11/2023 13:10:16.388641,3880,True,True,True,True,Eyes,1.73361,0.1845177,-3.646797,0.8499481,-0.1374463,0.5086224,0.0,0.0,0.0,0.0,0.0,0.0,0.0,-3.988102,0.2165386,0.6067951,1.81239,0.168184,-3.606523,0.1127702,0.455561,-0.0233658,0.8827237,12.73129,54.9986,3.614689,0.4079549,0.04641125,-0.9118212,0.3414829,0.008252077,-0.001799075,3.162582,-0.0808155,-3.091414,-0.09973806,0.2089599,1.9929,0.5838366,0.06149634,-0.8095389,0.1439985,0.9734738,0.1778008,0.798999,-0.220379,0.5594941,moving,59.10303,-15.12199,-2.865075,5.985718
05/11/2023 13:10:16.408548,3881,True,True,True,True,Eyes,1.7379,0.1837071,-3.644423,0.8493454,-0.1368036,0.5098011,0.0,0.0,0.0,0.0,0.0,0.0,0.0,-3.984437,0.2270151,0.6154356,1.822794,0.1669733,-3.599385,0.112913,0.4530722,-0.02197498,0.8840212,12.68245,54.68607,3.729715,0.410058,0.04633613,-0.9108813,0.320994,0.007756952,-0.001691131,3.173476,-0.08345626,-3.086438,-0.09540927,0.20896,1.9929,0.5884854,0.06346273,-0.8060134,0.1411681,0.9735355,0.1797224,0.7960883,-0.2195474,0.5639525,moving,59.02663,-15.02126,-2.74092,5.985719
05/11/2023 13:10:16.428151,3882,True,True,True,True,Eyes,1.742424,0.182882,-3.641838,0.8486721,-0.136224,0.511076,0.0,0.0,0.0,0.0,0.0,0.0,0.0,-3.980772,0.2306096,0.6239328,1.832962,0.1656539,-3.591912,0.1128046,0.45068,-0.02146072,0.8852695,12.65435,54.37526,3.74212,0.4120598,0.04624874,-0.909982,0.3017343,0.007291535,-0.001589663,3.18421,-0.08449151,-3.080188,-0.09109151,0.2089601,1.9929,0.5928539,0.06368054,-0.8027883,0.1396746,0.9736291,0.1803812,0.7931049,-0.2190689,0.5683253,moving,58.94337,-14.92483,-2.617055,5.98572
05/11/2023 13:10:16.437984,3883,True,True,True,True,Eyes,1.747162,0.1820764,-3.639017,0.8479999,-0.1356367,0.5123464,0.0,0.0,0.0,0.0,0.0,0.0,0.0,-3.977635,0.2356229,0.6279358,1.843126,0.164487,-3.584303,0.1134172,0.4487137,-0.02115951,0.8861968,12.70957,54.13044,3.778263,0.4139768,0.04615008,-0.9091165,0.2836303,0.006854043,-0.001494283,3.195136,-0.07943479,-3.07161,-0.0869301,0.2089601,1.992901,0.5964165,0.06428076,-0.8000971,0.1392867,0.9733776,0.1820309,0.7904978,-0.2200091,0.571585,moving,58.86038,-14.82811,-2.497652,5.98572
05/11/2023 13:10:16.458596,3884,True,True,True,True,Eyes,1.752121,0.1813361,-3.635979,0.8472737,-0.1349348,0.5137314,0.0,0.0,0.0,0.0,0.0,0.0,0.0,-3.974206,0.2466546,0.6295162,1.853332,0.1641772,-3.576262,0.1137444,0.4469511,-0.01955236,0.8870821,12.6667,53.91909,3.936924,0.4158248,0.04604186,-0.9082782,0.2666125,0.0064428,-0.001404626,3.203912,-0.08884268,-3.06322,-0.08256602,0.2089601,1.992901,0.599705,0.06698724,-0.7974126,0.1363654,0.9733598,0.1843233,0.7885166,-0.2192791,0.574594,moving,58.77012,-14.71668,-2.372411,5.985718
05/11/2023 13:10:16.477998,3885,True,True,True,True,Eyes,1.757302,0.1807146,-3.632722,0.8465006,-0.1341337,0.5152135,0.0,0.0,0.0,0.0,0.0,0.0,0.0,-3.970015,0.2647104,0.6325853,1.863598,0.1649754,-3.568058,0.1134924,0.4449854,-0.0163035,0.8881675,12.48067,53.68605,4.231598,0.4176167,0.04592679,-0.9074615,0.2506157,0.006056232,-0.001320349,3.214875,-0.08298746,-3.05338,-0.07815576,0.20896,1.9929,0.6034443,0.07204449,-0.7941439,0.1299654,0.9737073,0.187091,0.7867426,-0.2161103,0.5782148,moving,58.67366,-14.59277,-2.245823,5.985717
05/11/2023 13:10:16.488402,3886,True,True,True,True,Eyes,1.762688,0.180201,-3.629259,0.8456542,-0.1332855,0.516821,0.0,0.0,0.0,0.0,0.0,0.0,0.0,-3.965552,0.2842116,0.6367067,1.874196,0.1671733,-3.559665,0.1133325,0.4428541,-0.01269984,0.8893114,12.28791,53.43605,4.566453,0.4193652,0.04580858,-0.9066608,0.2355788,0.005692858,-0.001241128,3.224474,-0.08346882,-3.045349,-0.07386237,0.2089599,1.992899,0.607438,0.07779133,-0.790549,0.1229678,0.9739888,0.1903275,0.7847918,-0.2128242,0.582072,moving,58.56884,-14.46119,-2.122569,5.985717
05/11/2023 13:10:16.507938,3887,True,True,True,True,Eyes,1.768268,0.1797858,-3.625633,0.8447539,-0.1324613,0.5185024,0.0,0.0,0.0,0.0,0.0,0.0,0.0,-3.96036,0.3086005,0.6421623,1.884521,0.1692354,-3.551337,0.1140983,0.4404773,-0.009065738,0.8904377,12.19159,53.17005,4.951772,0.4210803,0.04569032,-0.9058715,0.2214441,0.005351286,-0.00116666,3.235062,-0.0867068,-3.039643,-0.06953084,0.2089601,1.9929,0.6117951,0.08437046,-0.7865039,0.1166604,0.9737988,0.1952083,0.7823664,-0.2111814,0.5859227,moving,58.45877,-14.33078,-1.998198,5.985721
05/11/2023 13:10:16.528300,3888,True,True,True,True,Eyes,1.774012,0.1795188,-3.621842,0.8437471,-0.1321039,0.52023,0.0,0.0,0.0,0.0,0.0,0.0,0.0,-3.95716,0.3141661,0.6473395,1.894682,0.1711473,-3.543693,0.1140264,0.4384409,-0.00773241,0.8914638,12.12711,52.91555,5.058275,0.422771,0.04557451,-0.9050895,0.2081574,0.005030209,-0.00109666,3.246414,-0.08370663,-3.034518,-0.06519884,0.20896,1.9929,0.6154196,0.08620133,-0.7834718,0.113774,0.9738764,0.1965204,0.779945,-0.2100812,0.5895352,moving,58.34322,-14.24817,-1.873795,5.985719
05/11/2023 13:10:16.538226,3889,True,True,True,True,Eyes,1.779948,0.1794164,-3.617889,0.8427175,-0.1317282,0.5219913,0.0,0.0,0.0,0.0,0.0,0.0,0.0,-3.953352,0.3235087,0.6530371,1.904391,0.17448,-3.535953,0.1191751,0.4359644,-0.009393161,0.8919889,12.75578,52.66809,5.126812,0.4244448,0.04546463,-0.9043114,0.195668,0.004728396,-0.001030861,3.257773,-0.07886446,-3.027828,-0.06087303,0.2089601,1.9929,0.6196935,0.08715497,-0.7799897,0.1206694,0.9714182,0.2044155,0.775512,-0.2207958,0.5914646,moving,58.22533,-14.16328,-1.749552,5.985719
05/11/2023 13:10:16.557862,3890,True,True,True,True,Eyes,1.786016,0.179417,-3.613802,0.8416332,-0.1313873,0.5238233,0.0,0.0,0.0,0.0,0.0,0.0,0.0,-3.950536,0.3239515,0.6563094,1.914617,0.1782401,-3.527732,0.118306,0.4342319,-0.007938159,0.8929632,12.60215,52.44098,5.20698,0.426108,0.04536424,-0.9035339,0.1839279,0.004444693,-0.0009690092,3.269032,-0.07063104,-3.019935,-0.05647242,0.2089598,1.9929,0.6227593,0.0885675,-0.7773845,0.1169214,0.9718813,0.2043918,0.773628,-0.2181798,0.5948927,moving,58.10232,-14.08066,-1.623145,5.985714
05/11/2023 13:10:16.578428,3891,True,True,True,True,Eyes,1.792234,0.1794675,-3.609623,0.8405201,-0.1310714,0.5256865,0.0,0.0,0.0,0.0,0.0,0.0,0.0,-3.947343,0.3298876,0.661406,1.923878,0.1807718,-3.520485,0.1189893,0.4322479,-0.007008996,0.8938423,12.63707,52.20395,5.31197,0.4277663,0.04527497,-0.9027545,0.1728922,0.004178011,-0.0009108686,3.28177,-0.05135936,-3.011586,-0.05216873,0.20896,1.992899,0.6262253,0.0903359,-0.7743909,0.1153956,0.9715849,0.2066561,0.7710549,-0.2187746,0.5980066,moving,57.9769,-14.00032,-1.499507,5.98572
05/11/2023 13:10:16.588504,3892,True,True,True,True,Eyes,1.798562,0.1795474,-3.60536,0.839369,-0.130857,0.5275756,0.0,0.0,0.0,0.0,0.0,0.0,0.0,-3.944371,0.3355362,0.6669703,1.933255,0.1819032,-3.513535,0.1187903,0.4302673,-0.005713452,0.8948332,12.56291,51.95554,5.408421,0.4294234,0.04519697,-0.9019714,0.1625187,0.00392733,-0.0008562165,3.290251,-0.05722827,-3.003529,-0.04786927,0.2089599,1.992899,0.6296748,0.09199797,-0.7713923,0.1124483,0.9717125,0.2076783,0.7686775,-0.2175116,0.6015179,moving,57.84907,-13.93021,-1.375975,5.985718
05/11/2023 13:10:16.608159,3893,True,True,True,True,Eyes,1.804991,0.1796747,-3.601008,0.8381985,-0.1308855,0.5294264,0.0,0.0,0.0,0.0,0.0,0.0,0.0,-3.94201,0.3472407,0.6682351,1.942213,0.1827054,-3.507277,0.1204451,0.4286456,-0.004827978,0.8953952,12.69911,51.78275,5.56547,0.4310828,0.04512984,-0.9011828,0.1527676,0.003691691,-0.0008048436,3.301506,-0.05099843,-2.995699,-0.04327524,0.2089601,1.992901,0.6324792,0.09461067,-0.7687775,0.1119025,0.9709393,0.2115531,0.7664515,-0.219831,0.6035118,moving,57.7225,-13.8863,-1.243965,5.985718
05/11/2023 13:10:16.628557,3894,True,True,True,True,Eyes,1.968446,0.184051,-3.490336,0.8073881,-0.1284347,0.5758725,0.0,0.0,0.0,0.0,0.0,0.0,0.0,-3.939234,0.3668139,0.6684878,1.951314,0.184047,-3.50107,0.1238336,0.4269054,-0.003885438,0.8957691,13.01287,51.62717,5.818229,0.4327468,0.04507369,-0.9003876,0.1436015,0.003470189,-0.000756553,3.309546,-0.05132761,-2.987143,-0.03917032,0.2089601,1.992901,0.6354734,0.09876953,-0.7657796,0.1126914,0.9693003,0.2185352,0.763855,-0.22517,0.6048341,moving,54.5015,-12.5727,-1.126,5.985718
05/11/2023 13:10:16.637834,3895,True,True,True,True,Eyes,1.9688,0.1841102,-3.490095,0.8073261,-0.1283665,0.5759745,0.0,0.0,0.0,0.0,0.0,0.0,0.0,-3.937833,0.3706139,0.6694083,1.960499,0.1853388,-3.494865,0.1229276,0.4255963,-0.00228544,0.896522,12.84767,51.45616,5.918787,0.4411744,0.04523286,-0.8962803,0.6253523,0.01639072,0.3313055,3.317704,-0.05762845,-2.979827,-0.03466284,0.2089602,1.992901,0.6377252,0.1005371,-0.7636747,0.1087329,0.9697672,0.2184691,0.7625509,-0.2223599,0.6075132,moving,54.49462,-12.56409,-0.9964542,5.985721
05/11/2023 13:10:16.657934,3896,True,True,True,True,Eyes,1.969503,0.184214,-3.489613,0.807228,-0.128013,0.5761907,0.0,0.0,0.0,0.0,0.0,0.0,0.0,-3.936757,0.3702844,0.670867,1.969357,0.1867932,-3.488835,0.1225778,0.4242701,-0.001706268,0.8971993,12.79135,51.28394,5.941876,0.448038,0.04535541,-0.892863,0.5878311,0.01540728,0.3114272,3.325576,-0.07129732,-2.975559,-0.03041077,0.2089601,1.992901,0.639984,0.1009505,-0.7617279,0.1070739,0.9699435,0.2185056,0.7608913,-0.2214012,0.6099392,moving,54.48116,-12.52602,-0.8742399,5.985719
05/11/2023 13:10:16.678146,3897,True,True,True,True,Eyes,1.970551,0.1843551,-3.488919,0.807081,-0.1273139,0.5765513,0.0,0.0,0.0,0.0,0.0,0.0,0.0,-3.936016,0.3681223,0.6710728,1.978435,0.1879002,-3.482609,0.1195576,0.4232739,0.0004645768,0.8980786,12.37745,51.12086,5.996861,0.4536495,0.0454511,-0.8900201,0.5525613,0.01448284,0.2927416,3.333901,-0.07625379,-2.96877,-0.02603149,0.2089601,1.992901,0.641678,0.1020457,-0.7601553,0.1003768,0.9714115,0.2151375,0.7603775,-0.2143509,0.6130905,moving,54.45927,-12.45221,-0.7483613,5.985719
05/11/2023 13:10:16.688246,3898,True,True,True,True,Eyes,1.971917,0.1845121,-3.488012,0.8068494,-0.1264235,0.5770711,0.0,0.0,0.0,0.0,0.0,0.0,0.0,-3.934525,0.3687342,0.6748928,1.987501,0.1887681,-3.476512,0.1154015,0.4219157,0.003758334,0.8992528,11.79314,50.90181,6.106933,0.4582595,0.04552731,-0.8876514,0.5194076,0.01361387,0.2751771,3.342057,-0.07111284,-2.958942,-0.02181435,0.20896,1.9929,0.6439461,0.1041388,-0.7579503,0.09062005,0.9733367,0.2107217,0.7596852,-0.2043789,0.6173393,moving,54.42707,-12.35701,-0.6271363,5.985717
05/11/2023 13:10:16.712958,3899,True,True,True,True,Eyes,1.973605,0.1846589,-3.486925,0.8064877,-0.125461,0.5777866,0.0,0.0,0.0,0.0,0.0,0.0,0.0,-3.932298,0.3708962,0.6823946,1.996486,0.1892553,-3.470507,0.1132064,0.419974,0.005775519,0.9004292,11.47951,50.63185,6.179385,0.4620697,0.04558934,-0.8856707,0.4882432,0.01279704,0.2586664,3.349975,-0.06297867,-2.946806,-0.01740289,0.20896,1.9929,0.647177,0.1054884,-0.7550061,0.08468658,0.9743019,0.2087198,0.7576213,-0.1990175,0.6216123,moving,54.38131,-12.25106,-0.5003194,5.985717
05/11/2023 13:10:16.728438,3900,True,True,True,True,Eyes,1.97557,0.1848132,-3.485656,0.8060099,-0.1246228,0.5786339,0.0,0.0,0.0,0.0,0.0,0.0,0.0,-3.929611,0.3752422,0.6922544,2.005513,0.1890291,-3.464686,0.1112027,0.4177206,0.007842562,0.9017106,11.18592,50.32626,6.264572,0.4652436,0.04564062,-0.884005,0.4589486,0.01202922,0.2431464,3.359761,-0.04524568,-2.936079,-0.01309872,0.20896,1.9929,0.650896,0.1070467,-0.7515819,0.07875983,0.9751449,0.2070972,0.7550703,-0.1939932,0.626287,moving,54.32546,-12.15437,-0.3765821,5.985719
05/11/2023 13:10:16.738016,3901,True,True,True,True,Eyes,1.977827,0.1849841,-3.484231,0.8053569,-0.1241429,0.5796455,0.0,0.0,0.0,0.0,0.0,0.0,0.0,-3.926301,0.3869941,0.7017376,2.01417,0.1893773,-3.459088,0.1126741,0.415237,0.008661618,0.9026671,11.31607,50.04012,6.394596,0.4679956,0.0456864,-0.8825487,0.4314117,0.01130746,0.2285576,3.370207,-0.02675714,-2.926396,-0.008743823,0.20896,1.9929,0.6550065,0.10921,-0.7476896,0.07793581,0.9744591,0.2106077,0.7515934,-0.1962212,0.6297656,moving,54.25602,-12.08844,-0.2513829,5.985719
05/11/2023 13:10:16.758183,3902,True,True,True,True,Eyes,1.98033,0.18515,-3.482639,0.8045607,-0.1237627,0.5808313,0.0,0.0,0.0,0.0,0.0,0.0,0.0,-3.922354,0.4006327,0.7134635,2.022934,0.1898973,-3.453415,0.1149611,0.4123943,0.009186881,0.9036762,11.54854,49.72039,6.530082,0.4705271,0.0457317,-0.8811994,0.405527,0.01062902,0.2148442,3.378887,-0.01497097,-2.915507,-0.004462123,0.20896,1.9929,0.6596931,0.1114226,-0.7432294,0.0782147,0.973399,0.2153525,0.7474539,-0.200198,0.6334298,moving,54.1736,-12.02861,-0.1282856,5.985718
05/11/2023 13:10:16.778219,3903,True,True,True,True,Eyes,1.983055,0.1852886,-3.48092,0.8036119,-0.1241038,0.5820705,0.0,0.0,0.0,0.0,0.0,0.0,0.0,-3.918542,0.4020079,0.7305931,2.031408,0.1899623,-3.447847,0.1156572,0.4091978,0.00882225,0.9050429,11.6615,49.32139,6.485621,0.4728671,0.04577652,-0.8799435,0.3811953,0.009991274,0.2019535,3.386219,-0.003973745,-2.901404,-2.163649e-05,0.20896,1.992901,0.6649587,0.1106223,-0.7386425,0.07868429,0.9730912,0.2165695,0.7427239,-0.2021293,0.6383612,moving,54.08352,-12.03586,-0.0006220478,5.985718
05/11/2023 13:10:16.788214,3904,True,True,True,True,Eyes,1.985999,0.1854252,-3.479046,0.8024898,-0.1247701,0.5834745,0.0,0.0,0.0,0.0,0.0,0.0,0.0,-3.914606,0.4026511,0.7499269,2.039312,0.1895768,-3.442953,0.1211455,0.4054729,0.004808311,0.9060313,12.45213,48.90626,6.288335,0.4750407,0.04582029,-0.8787698,0.3583236,0.009391798,0.1898363,3.390522,-0.006733179,-2.885629,0.004181147,0.2089601,1.992901,0.6711372,0.1069554,-0.7335771,0.08952949,0.9706013,0.2234225,0.7359072,-0.2156239,0.641831,moving,53.97984,-12.07033,0.1202076,5.985719
05/11/2023 13:10:16.813038,3905,True,True,True,True,Eyes,1.989145,0.1855581,-3.477032,0.8012596,-0.1255393,0.5849982,0.0,0.0,0.0,0.0,0.0,0.0,0.0,-3.909804,0.4049932,0.7704992,2.047538,0.1897483,-3.437417,0.1245182,0.401662,0.002624439,0.9072795,12.93452,48.45928,6.172302,0.4770707,0.04586311,-0.8776672,0.3368242,0.00882829,0.1784461,3.393957,-0.0112955,-2.867187,0.008534312,0.2089601,1.992901,0.6773214,0.1047906,-0.7281858,0.09526623,0.9689767,0.2280538,0.729493,-0.2238373,0.6463257,moving,53.86689,-12.11185,0.2453595,5.985719
05/11/2023 13:10:16.828280,3906,True,True,True,True,Eyes,1.992488,0.1856934,-3.474881,0.7998528,-0.1265007,0.5867137,0.0,0.0,0.0,0.0,0.0,0.0,0.0,-3.904737,0.405127,0.7939819,2.055641,0.1898822,-3.43217,0.1264142,0.3976774,0.001087773,0.9087746,13.23224,47.96997,6.045449,0.4789772,0.04590503,-0.876626,0.3166147,0.008298593,0.1677394,3.397629,-0.01009722,-2.849068,0.01284301,0.2089601,1.992901,0.683703,0.1025212,-0.7225232,0.09856705,0.9680365,0.2306291,0.7230732,-0.2288988,0.6517442,moving,53.73894,-12.16723,0.3692308,5.985718
05/11/2023 13:10:16.838273,3907,True,True,True,True,Eyes,1.996026,0.1858348,-3.472578,0.7983462,-0.1272633,0.5885978,0.0,0.0,0.0,0.0,0.0,0.0,0.0,-3.899075,0.4069689,0.8182592,2.063729,0.190131,-3.426781,0.1285138,0.3935425,-0.0003385234,0.9102793,13.54643,47.4663,5.935674,0.4807777,0.04594627,-0.8756377,0.2976178,0.007800677,0.157675,3.399935,-0.02399199,-2.832573,0.01721734,0.20896,1.9929,0.6902483,0.100535,-0.7165542,0.1017676,0.9669682,0.2337004,0.7163802,-0.2342333,0.6572169,moving,53.59971,-12.20036,0.4949852,5.985717
05/11/2023 13:10:16.858277,3908,True,True,True,True,Eyes,1.999756,0.1859713,-3.470142,0.7966706,-0.1278956,0.5907272,0.0,0.0,0.0,0.0,0.0,0.0,0.0,-3.892915,0.406006,0.8459153,2.07229,0.1904712,-3.421189,0.1277741,0.389213,-0.0001833168,0.9122429,13.48936,46.90406,5.85092,0.4824884,0.0459871,-0.8746941,0.2797607,0.007332636,0.1482145,3.403147,-0.03262451,-2.816462,0.02148336,0.2089601,1.992901,0.6970264,0.09912825,-0.7101604,0.09979715,0.9673475,0.2329794,0.7100667,-0.2332648,0.6643741,moving,53.44326,-12.21629,0.6176215,5.985719
05/11/2023 13:10:16.878388,3909,True,True,True,True,Eyes,2.00368,0.1860941,-3.46757,0.794953,-0.1282261,0.5929652,0.0,0.0,0.0,0.0,0.0,0.0,0.0,-3.88653,0.4020383,0.8747827,2.080644,0.19047,-3.415647,0.1261624,0.384849,7.525668e-05,0.9143162,13.33516,46.32492,5.735671,0.4841235,0.04602746,-0.873788,0.2629751,0.006892678,0.1393216,3.405024,-0.04336793,-2.799909,0.02590829,0.20896,1.9929,0.7037824,0.0972446,-0.7037285,0.09696937,0.9681661,0.2307627,0.7037664,-0.2306468,0.6719485,moving,53.28029,-12.20208,0.7448203,5.98572
05/11/2023 13:10:16.888059,3910,True,True,True,True,Eyes,2.007793,0.186187,-3.464871,0.7930843,-0.1284123,0.5954222,0.0,0.0,0.0,0.0,0.0,0.0,0.0,-3.880258,0.3978823,0.9028021,2.089353,0.1902594,-3.41001,0.1244798,0.3805335,0.0003494524,0.916351,13.17161,45.75286,5.621418,0.4856954,0.04606709,-0.8729131,0.2471966,0.006479117,0.1309623,3.406123,-0.05736376,-2.782633,0.03023195,0.2089602,1.9929,0.7103882,0.09537793,-0.6973175,0.09409704,0.9690093,0.2284003,0.6974915,-0.2278684,0.6793981,moving,53.10196,-12.17035,0.8691004,5.985722
05/11/2023 13:10:16.909026,3911,True,True,True,True,Eyes,2.012079,0.1862487,-3.462051,0.7911752,-0.1284766,0.5979427,0.0,0.0,0.0,0.0,0.0,0.0,0.0,-3.874098,0.392708,0.9296551,2.098035,0.1896087,-3.404322,0.1224781,0.3763662,0.0006609155,0.9183394,12.97086,45.19666,5.500408,0.4872158,0.04610536,-0.8720634,0.2323648,0.00609037,0.1231046,3.408714,-0.06300882,-2.765389,0.03466153,0.20896,1.9929,0.7166962,0.09340712,-0.6911018,0.09097934,0.9699973,0.2254504,0.6914257,-0.2244554,0.6866953,moving,52.91928,-12.12646,0.9964169,5.985719
05/11/2023 13:10:16.928369,3912,True,True,True,True,Eyes,2.016527,0.1862821,-3.459104,0.7890863,-0.1285739,0.6006759,0.0,0.0,0.0,0.0,0.0,0.0,0.0,-3.867016,0.3917016,0.9571018,2.106431,0.1890135,-3.398603,0.1221709,0.3719542,0.0003716141,0.9201763,12.97707,44.63284,5.391913,0.4886943,0.04614163,-0.8712338,0.2184229,0.005724948,0.1157183,3.411812,-0.06893287,-2.749788,0.03897458,0.20896,1.9929,0.7232998,0.09156786,-0.6844361,0.09020006,0.9701483,0.2251139,0.6846176,-0.2245611,0.6934486,moving,52.72054,-12.08177,1.120375,5.985717
05/11/2023 13:10:16.938466,3913,True,True,True,True,Eyes,2.021135,0.186284,-3.456025,0.7869436,-0.1285888,0.6034771,0.0,0.0,0.0,0.0,0.0,0.0,0.0,-3.858934,0.3919569,0.9864975,2.114826,0.18838,-3.392669,0.1221536,0.3672382,3.025304e-05,0.9220709,13.01736,44.03595,5.286882,0.4901393,0.04617544,-0.87042,0.2053175,0.005381451,0.1087752,3.415893,-0.071031,-2.734751,0.04319322,0.20896,1.9929,0.7302722,0.08977472,-0.6772318,0.08966314,0.970157,0.2252908,0.6772467,-0.2252463,0.7004293,moving,52.51678,-12.02868,1.241609,5.985718
05/11/2023 13:10:16.958316,3914,True,True,True,True,Eyes,2.025903,0.1862502,-3.452825,0.7846006,-0.1286516,0.606507,0.0,0.0,0.0,0.0,0.0,0.0,0.0,-3.850235,0.3915845,1.018133,2.123475,0.1875808,-3.386724,0.1217169,0.362251,-0.0001572987,0.9240992,13.00705,43.40121,5.175571,0.4915593,0.04620629,-0.8696172,0.1929985,0.005058564,0.1022487,3.420747,-0.066743,-2.719486,0.04765546,0.20896,1.9929,0.7375484,0.08789344,-0.66955,0.08847488,0.9703699,0.224843,0.6694735,-0.225071,0.7079184,moving,52.29549,-11.97601,1.369831,5.985718
05/11/2023 13:10:16.977879,3915,True,True,True,True,Eyes,2.030828,0.186171,-3.449507,0.7822358,-0.1287791,0.609527,0.0,0.0,0.0,0.0,0.0,0.0,0.0,-3.840604,0.3944495,1.050809,2.132123,0.1867022,-3.380713,0.1219221,0.3570236,-0.000350481,0.9261043,13.06612,42.74761,5.089144,0.4929602,0.04623361,-0.8688223,0.1814186,0.00475505,0.09611379,3.42556,-0.0637348,-2.704097,0.05199122,0.2089602,1.9929,0.745068,0.08640896,-0.6613676,0.08770728,0.9702698,0.2255749,0.6611966,-0.2260754,0.7153383,moving,52.07388,-11.92984,1.494406,5.985723
05/11/2023 13:10:16.988262,3916,True,True,True,True,Eyes,2.035903,0.1860392,-3.446081,0.7796663,-0.128998,0.6127642,0.0,0.0,0.0,0.0,0.0,0.0,0.0,-3.83049,0.3998737,1.083775,2.140987,0.1855889,-3.374738,0.1225525,0.3516577,-0.0005108255,0.9280719,13.1696,42.08476,5.022525,0.4943485,0.04625663,-0.8680319,0.1705334,0.004469747,0.09034696,3.429752,-0.06196254,-2.688089,0.05618924,0.20896,1.9929,0.7526731,0.08524489,-0.6528526,0.08714122,0.9699612,0.2271157,0.6526022,-0.2278343,0.7226354,moving,51.83508,-11.88821,1.61501,5.985719
05/11/2023 13:10:17.013332,3917,True,True,True,True,Eyes,2.041144,0.1858549,-3.442541,0.7770344,-0.1292728,0.6160407,0.0,0.0,0.0,0.0,0.0,0.0,0.0,-3.819959,0.4065734,1.116615,2.149727,0.1842196,-3.368821,0.123419,0.3462615,-0.0006968827,0.929984,13.29931,41.42251,4.96194,0.4957294,0.0462745,-0.8672431,0.1603014,0.004201562,0.08492614,3.433784,-0.06182084,-2.671966,0.06056917,0.20896,1.9929,0.7602049,0.08417434,-0.6442074,0.08676671,0.9695345,0.2290728,0.6438634,-0.230038,0.7297414,moving,51.59227,-11.85125,1.740825,5.985717
05/11/2023 13:10:17.028179,3918,True,True,True,True,Eyes,2.046522,0.1856301,-3.438903,0.7741994,-0.1295987,0.6195316,0.0,0.0,0.0,0.0,0.0,0.0,0.0,-3.808549,0.4181791,1.149856,2.158993,0.1828231,-3.36265,0.1247627,0.3406266,-0.0004906374,0.9318839,13.46568,40.7431,4.959828,0.4971077,0.04628643,-0.8664532,0.1506833,0.003949468,0.07983057,3.437757,-0.06269778,-2.655986,0.06508058,0.2089601,1.9929,0.7679466,0.08408051,-0.6349711,0.08590937,0.9688681,0.2321944,0.6347263,-0.2328629,0.7368156,moving,51.33243,-11.81522,1.870399,5.985721
05/11/2023 13:10:17.048072,3919,True,True,True,True,Eyes,2.052054,0.1853614,-3.435165,0.7712826,-0.1298706,0.6231025,0.0,0.0,0.0,0.0,0.0,0.0,0.0,-3.796648,0.4312563,1.182909,2.167754,0.1816381,-3.356731,0.1256116,0.3350744,0.0003483916,0.933781,13.55354,40.07488,5.005945,0.4984875,0.04629201,-0.8656598,0.1416423,0.0037125,0.07504074,3.441826,-0.06490706,-2.640254,0.06931895,0.2089599,1.9929,0.7754501,0.08482906,-0.6256845,0.08352778,0.9684432,0.2348208,0.6258596,-0.2343538,0.7438938,moving,51.06601,-11.77336,1.992113,5.985717
05/11/2023 13:10:17.058200,3920,True,True,True,True,Eyes,2.057741,0.1850414,-3.431331,0.7681414,-0.1301199,0.6269192,0.0,0.0,0.0,0.0,0.0,0.0,0.0,-3.783335,0.4439968,1.220177,2.177068,0.18032,-3.350739,0.1257611,0.3289845,0.001588591,0.9359226,13.5539,39.33553,5.058694,0.4998727,0.04629078,-0.8648608,0.1331438,0.00348975,0.07053829,3.44633,-0.06663664,-2.625147,0.07355356,0.20896,1.9929,0.7835333,0.0857205,-0.6154085,0.0797733,0.9683633,0.2364505,0.6162076,-0.23436,0.7519067,moving,50.78037,-11.72551,2.113702,5.985717
05/11/2023 13:10:17.078159,3921,True,True,True,True,Eyes,2.063577,0.1846766,-3.427402,0.7649514,-0.1302968,0.630771,0.0,0.0,0.0,0.0,0.0,0.0,0.0,-3.769733,0.4541678,1.258044,2.186537,0.1787673,-3.344687,0.1256136,0.3228274,0.002615558,0.9380816,13.53167,38.58287,5.075362,0.5012663,0.04628213,-0.8640542,0.1251552,0.003280365,0.06630599,3.451211,-0.06910963,-2.610883,0.07791603,0.2089601,1.992901,0.7915512,0.08601024,-0.6050197,0.07619581,0.9684288,0.2373604,0.606334,-0.2339829,0.7600074,moving,50.49136,-11.67129,2.238941,5.985719
05/11/2023 13:10:17.088160,3922,True,True,True,True,Eyes,2.069565,0.1842836,-3.423384,0.7615196,-0.1304945,0.6348693,0.0,0.0,0.0,0.0,0.0,0.0,0.0,-3.755614,0.4645315,1.296802,2.196231,0.1773356,-3.338748,0.1257012,0.316503,0.003494983,0.9402197,13.54218,37.81316,5.083367,0.5026715,0.04626568,-0.8632383,0.1176459,0.003083543,0.06232763,3.457079,-0.06792307,-2.596808,0.08223712,0.2089601,1.9929,0.7996273,0.08614174,-0.594286,0.07299753,0.968374,0.2385859,0.5960433,-0.2341612,0.7680501,moving,50.18246,-11.61512,2.362972,5.985719
05/11/2023 13:10:17.108331,3923,True,True,True,True,Eyes,2.075736,0.1838495,-3.4193,0.7579824,-0.1306508,0.6390564,0.0,0.0,0.0,0.0,0.0,0.0,0.0,-3.740612,0.4742167,1.336783,2.205942,0.1762703,-3.332686,0.1259117,0.3099844,0.004212585,0.9423578,13.57371,37.02124,5.075709,0.50409,0.04624151,-0.862412,0.1105871,0.00289853,0.05858798,3.463885,-0.06754965,-2.584713,0.08657247,0.20896,1.9929,0.8077838,0.0860009,-0.5831717,0.07012186,0.968257,0.2399195,0.5852934,-0.2346962,0.7761117,moving,49.8657,-11.55451,2.487391,5.98572
05/11/2023 13:10:17.128085,3924,True,True,True,True,Eyes,2.082049,0.1833601,-3.415151,0.7541705,-0.1308092,0.6435183,0.0,0.0,0.0,0.0,0.0,0.0,0.0,-3.723662,0.485505,1.380599,2.215905,0.1747315,-3.326659,0.1257335,0.3029346,0.005361082,0.9446657,13.5506,36.16544,5.093322,0.5055249,0.0462093,-0.8615735,0.1039519,0.002724618,0.0550727,3.471528,-0.06853448,-2.573653,0.09095359,0.2089601,1.9929,0.8164037,0.08630694,-0.5709957,0.06604923,0.9683247,0.2408004,0.5736921,-0.2343041,0.7848434,moving,49.52655,-11.49008,2.613098,5.985719
05/11/2023 13:10:17.138035,3925,True,True,True,True,Eyes,2.088539,0.1828637,-3.410954,0.7502304,-0.1312387,0.6480206,0.0,0.0,0.0,0.0,0.0,0.0,0.0,-3.706531,0.48812,1.427093,2.225706,0.17292,-3.321078,0.1252481,0.2957001,0.005279407,0.9470199,13.53873,35.27041,4.960797,0.5069782,0.04616842,-0.8607213,0.09771477,0.002561141,0.05176834,3.479901,-0.06494097,-2.562528,0.09540993,0.2089601,1.992901,0.8250671,0.08407114,-0.5587453,0.06407234,0.9685701,0.2403471,0.5613902,-0.2341026,0.7937487,moving,49.18079,-11.44883,2.740937,5.985718
05/11/2023 13:10:17.161330,3926,True,True,True,True,Eyes,2.254848,0.1701099,-3.303985,0.6360276,-0.1358908,0.7596068,0.0,0.0,0.0,0.0,0.0,0.0,0.0,-3.688639,0.4991712,1.471543,2.235878,0.1722292,-3.315397,0.1280358,0.2882682,0.00408817,0.9489425,13.92433,34.38438,4.821164,0.5084514,0.04611949,-0.8598545,0.09185189,0.002407473,0.04866224,3.488209,-0.06228536,-2.551147,0.09959477,0.20896,1.9929,0.8337694,0.0815762,-0.5460531,0.06605844,0.9671803,0.2453542,0.5481468,-0.2406403,0.8010164,moving,39.93983,-10.14271,2.860965,5.985719
05/11/2023 13:10:17.178257,3927,True,True,True,True,Eyes,2.255267,0.1700726,-3.303782,0.6357571,-0.1358668,0.7598376,0.0,0.0,0.0,0.0,0.0,0.0,0.0,-3.670478,0.499846,1.518341,2.246507,0.1713509,-3.309299,0.1257833,0.2809926,0.005298554,0.9514167,13.67221,33.48004,4.768275,0.5161886,0.04563577,-0.855258,0.5852666,-0.03599842,0.3666492,3.495487,-0.0612005,-2.538494,0.1039359,0.2089601,1.992901,0.8420302,0.08077059,-0.5333492,0.06060606,0.968301,0.2423223,0.536015,-0.2363669,0.8104435,moving,39.91927,-10.13793,2.985446,5.985721
05/11/2023 13:10:17.190496,3928,True,True,True,True,Eyes,2.256086,0.1699975,-3.303361,0.6349989,-0.1359438,0.7604575,0.0,0.0,0.0,0.0,0.0,0.0,0.0,-3.651475,0.5051265,1.565556,2.256744,0.1703979,-3.304159,0.1262578,0.2734471,0.004960535,0.9535518,13.77288,32.56255,4.636513,0.5225108,0.04523349,-0.8514317,0.5501506,-0.03383851,0.3446502,3.502511,-0.06026387,-2.525167,0.1082337,0.2089601,1.9929,0.8504041,0.07850991,-0.5202394,0.05958941,0.9680687,0.2434996,0.5227445,-0.2380738,0.8185713,moving,39.86263,-10.13546,3.108659,5.98572
05/11/2023 13:10:17.208476,3929,True,True,True,True,Eyes,2.257301,0.1698905,-3.302747,0.6340227,-0.1358994,0.7612796,0.0,0.0,0.0,0.0,0.0,0.0,0.0,-3.631642,0.5067352,1.613785,2.267238,0.1694534,-3.29861,0.1267347,0.2657121,0.004008719,0.9556774,13.89272,31.61583,4.431803,0.5277004,0.0448976,-0.8482429,0.5171416,-0.0318082,0.3239712,3.509554,-0.06030097,-2.512094,0.1127198,0.2089601,1.992901,0.8587621,0.07501198,-0.5068539,0.0596878,0.9678445,0.2443654,0.5088861,-0.2401047,0.8266708,moving,39.78882,-10.1215,3.237237,5.985717
05/11/2023 13:10:17.228161,3930,True,True,True,True,Eyes,2.25888,0.169812,-3.301938,0.632633,-0.1361505,0.76239,0.0,0.0,0.0,0.0,0.0,0.0,0.0,-3.613685,0.5009844,1.659325,2.277817,0.1685629,-3.293356,0.1255857,0.2585613,0.003275982,0.957791,13.82019,30.72438,4.205953,0.5319842,0.04461557,-0.8455778,0.4861131,-0.02989971,0.3045329,3.517431,-0.06304755,-2.500813,0.11706,0.20896,1.992901,0.8662707,0.07121858,-0.4944724,0.05866776,0.968435,0.2422638,0.496118,-0.2388756,0.8347486,moving,39.68596,-10.12536,3.361606,5.985718
05/11/2023 13:10:17.238256,3931,True,True,True,True,Eyes,2.260812,0.1698453,-3.300908,0.6309935,-0.1364345,0.7636968,0.0,0.0,0.0,0.0,0.0,0.0,0.0,-3.595505,0.5105864,1.699082,2.288195,0.1692435,-3.287971,0.1285637,0.2515877,0.001865605,0.9592556,14.22393,29.89647,4.038596,0.5355448,0.04437846,-0.8433397,0.4569463,-0.02810573,0.2862609,3.525993,-0.06130686,-2.489346,0.1212783,0.20896,1.992901,0.8734003,0.0682693,-0.4821942,0.06111093,0.9669358,0.2475897,0.4831536,-0.2457122,0.84035,moving,39.56473,-10.12904,3.482449,5.985717
05/11/2023 13:10:17.258141,3932,True,True,True,True,Eyes,2.263088,0.1699739,-3.299672,0.6289591,-0.1365597,0.7653509,0.0,0.0,0.0,0.0,0.0,0.0,0.0,-3.575546,0.524548,1.739776,2.299068,0.17202,-3.28195,0.130162,0.2444361,0.00266987,0.9608859,14.40867,29.05989,4.071232,0.5385305,0.04418099,-0.8414466,0.4295295,-0.02641939,0.2690853,3.534455,-0.05319522,-2.476393,0.1256117,0.20896,1.9929,0.8804877,0.06876347,-0.4690553,0.05850171,0.9661014,0.2514469,0.4704454,-0.2488365,0.8466177,moving,39.41309,-10.11668,3.606558,5.985717
05/11/2023 13:10:17.278139,3933,True,True,True,True,Eyes,2.265711,0.1702129,-3.298274,0.6266886,-0.1366432,0.7671962,0.0,0.0,0.0,0.0,0.0,0.0,0.0,-3.553951,0.5334439,1.783722,2.309697,0.1743915,-3.275925,0.128697,0.2371603,0.005186089,0.9628941,14.20449,28.1968,4.201891,0.541212,0.04400915,-0.8397334,0.4037578,-0.02483422,0.2529402,3.54291,-0.04332118,-2.462708,0.1300673,0.2089601,1.9929,0.8874562,0.07103093,-0.4553856,0.05105631,0.9668204,0.250303,0.4580553,-0.2453832,0.8543842,moving,39.24387,-10.09889,3.734132,5.98572
05/11/2023 13:10:17.288284,3934,True,True,True,True,Eyes,2.268649,0.1705768,-3.296675,0.6239812,-0.1367704,0.7693772,0.0,0.0,0.0,0.0,0.0,0.0,0.0,-3.530876,0.54578,1.829126,2.320184,0.1772148,-3.270475,0.1298239,0.2294432,0.00604251,0.9646062,14.34057,27.29036,4.21634,0.5436823,0.04385981,-0.8381438,0.3795323,-0.02334417,0.2377638,3.550232,-0.03681322,-2.448478,0.134286,0.20896,1.9929,0.8946387,0.0712317,-0.4410757,0.04791713,0.9662185,0.2532307,0.4442135,-0.2476851,0.8610032,moving,39.04278,-10.08004,3.85489,5.985717
05/11/2023 13:10:17.308395,3935,True,True,True,True,Eyes,2.271891,0.1710073,-3.294907,0.6210428,-0.1364326,0.7718108,0.0,0.0,0.0,0.0,0.0,0.0,0.0,-3.504777,0.5588579,1.877342,2.330804,0.1805834,-3.26419,0.1304629,0.2212187,0.007512212,0.9664292,14.40904,26.3271,4.277548,0.5459711,0.04373387,-0.8366613,0.3567604,-0.02194352,0.2234979,3.558126,-0.03207187,-2.436359,0.1386346,0.20896,1.9929,0.9020117,0.07224172,-0.4256243,0.04320165,0.965846,0.2554901,0.4295446,-0.2488427,0.8680834,moving,38.82213,-10.02459,3.979328,5.985717
05/11/2023 13:10:17.328185,3936,True,True,True,True,Eyes,2.275387,0.1714767,-3.292997,0.6177178,-0.1363775,0.7744843,0.0,0.0,0.0,0.0,0.0,0.0,0.0,-3.480963,0.548604,1.92719,2.341234,0.1824741,-3.258445,0.1256471,0.2136066,0.009734661,0.9687572,13.8443,25.38939,4.28453,0.5481038,0.04363065,-0.8352712,0.3353547,-0.02062691,0.2100881,3.563773,-0.05008863,-2.426087,0.1430526,0.20896,1.9929,0.908555,0.07253911,-0.4114194,0.03481703,0.9682361,0.2476018,0.4163119,-0.2392842,0.8771701,moving,38.57537,-9.986727,4.105714,5.985719
05/11/2023 13:10:17.338276,3937,True,True,True,True,Eyes,2.279127,0.1719858,-3.290916,0.6141971,-0.1363211,0.7772892,0.0,0.0,0.0,0.0,0.0,0.0,0.0,-3.456654,0.5576156,1.971026,2.350937,0.1839494,-3.253243,0.1282633,0.2059263,0.008489097,0.9700882,14.20294,24.4801,4.099048,0.5501027,0.04354885,-0.8339604,0.3152335,-0.0193893,0.1974828,3.572536,-0.04044131,-2.41396,0.1472872,0.20896,1.9929,0.9150446,0.06929591,-0.3973556,0.03635522,0.9669529,0.2523497,0.4017109,-0.2453571,0.8822858,moving,38.31503,-9.947379,4.226815,5.985717
05/11/2023 13:10:17.358334,3938,True,True,True,True,Eyes,2.283086,0.1725267,-3.288688,0.6103556,-0.1362696,0.7803184,0.0,0.0,0.0,0.0,0.0,0.0,0.0,-3.43306,0.5560862,2.014237,2.360799,0.1854263,-3.247234,0.1282251,0.1985705,0.007908957,0.9716304,14.24294,23.59095,3.921806,0.5519872,0.04348735,-0.8327175,0.2963195,-0.01822594,0.1856338,3.579737,-0.03848174,-2.403149,0.151879,0.2089599,1.9929,0.9210144,0.06629261,-0.383846,0.03555428,0.9669915,0.2523158,0.3879025,-0.2460338,0.8882562,moving,38.03209,-9.905857,4.35809,5.985717
05/11/2023 13:10:17.378234,3939,True,True,True,True,Eyes,2.287244,0.1731131,-3.286309,0.6063831,-0.1363696,0.7833918,0.0,0.0,0.0,0.0,0.0,0.0,0.0,-3.410265,0.5514306,2.055745,2.370078,0.1867408,-3.241594,0.1275856,0.1915879,0.007346468,0.9731198,14.21121,22.74192,3.73721,0.5537743,0.04344492,-0.8315322,0.2785403,-0.01713238,0.1744958,3.586874,-0.03417537,-2.391706,0.1559931,0.20896,1.9929,0.9264802,0.06318569,-0.3710013,0.03458972,0.9673359,0.2511271,0.3747506,-0.2454971,0.894032,moving,37.7416,-9.874863,4.475669,5.985719
05/11/2023 13:10:17.388400,3940,True,True,True,True,Eyes,2.291596,0.1737341,-3.28375,0.6021239,-0.1361696,0.786705,0.0,0.0,0.0,0.0,0.0,0.0,0.0,-3.387041,0.5554242,2.093958,2.379111,0.1884491,-3.235664,0.1288654,0.1847086,0.006580064,0.974286,14.39898,21.92183,3.576807,0.5554793,0.04342081,-0.8303955,0.2618279,-0.01610444,0.164026,3.594523,-0.03733034,-2.383663,0.1604257,0.20896,1.9929,0.9316789,0.06042681,-0.3582221,0.03478335,0.9667009,0.2535343,0.3616139,-0.2486727,0.898553,moving,37.42952,-9.819948,4.602308,5.985718
05/11/2023 13:10:17.413327,3941,True,True,True,True,Eyes,2.296126,0.1743836,-3.281044,0.5977926,-0.135805,0.790064,0.0,0.0,0.0,0.0,0.0,0.0,0.0,-3.363686,0.5397347,2.135387,2.388222,0.1898351,-3.228922,0.1247801,0.1779754,0.007431792,0.9760633,13.9421,21.0933,3.480681,0.5571157,0.04341409,-0.8292989,0.2461182,-0.01513817,0.1541845,3.601864,-0.0458737,-2.376219,0.1647837,0.2089601,1.992901,0.936539,0.05892339,-0.3455759,0.0299078,0.9687494,0.2462319,0.3492852,-0.2409412,0.9055093,moving,37.11255,-9.75332,4.72677,5.985719
05/11/2023 13:10:17.428370,3942,True,True,True,True,Eyes,2.300819,0.1750406,-3.278156,0.5932195,-0.1351421,0.7936166,0.0,0.0,0.0,0.0,0.0,0.0,0.0,-3.340163,0.5367288,2.173173,2.396894,0.1911013,-3.222705,0.1226482,0.1714329,0.00865502,0.9774934,13.69823,20.31286,3.479924,0.558695,0.04342377,-0.8282353,0.2313511,-0.01422988,0.1449334,3.610753,-0.03815811,-2.367644,0.1691087,0.20896,1.992901,0.9410717,0.05897232,-0.333026,0.02513142,0.969765,0.2427431,0.337272,-0.2368081,0.9111364,moving,36.7777,-9.663993,4.850245,5.985715
05/11/2023 13:10:17.437907,3943,True,True,True,True,Eyes,2.305664,0.1757029,-3.275101,0.5886186,-0.134258,0.7971843,0.0,0.0,0.0,0.0,0.0,0.0,0.0,-3.317468,0.5276029,2.208989,2.405601,0.1918619,-3.215566,0.1187409,0.1652257,0.01052889,0.9790251,13.23946,19.56782,3.525254,0.5602278,0.04344843,-0.8271979,0.21747,-0.01337609,0.1362374,3.619011,-0.0342649,-2.359624,0.1732844,0.2089601,1.9929,0.9451793,0.05985419,-0.3210198,0.01862201,0.9715794,0.23598,0.3260207,-0.2290214,0.9172021,moving,36.44112,-9.559772,4.969417,5.985721
05/11/2023 13:10:17.458215,3944,True,True,True,True,Eyes,2.310627,0.1763748,-3.271861,0.5838276,-0.133238,0.8008701,0.0,0.0,0.0,0.0,0.0,0.0,0.0,-3.297892,0.5125881,2.240389,2.413849,0.1925431,-3.208495,0.1143817,0.1597684,0.01191953,0.9804331,12.73714,18.90402,3.522099,0.5617234,0.04348679,-0.8261811,0.2044218,-0.01257352,0.1280632,3.628783,-0.01816153,-2.350894,0.1776851,0.2089601,1.9929,0.948664,0.05992176,-0.3105577,0.01317658,0.9735495,0.228096,0.3160112,-0.2204785,0.9227818,moving,36.09174,-9.445593,5.094965,5.985721
05/11/2023 13:10:17.478240,3945,True,True,True,True,Eyes,2.315701,0.1770377,-3.26844,0.5789673,-0.1321622,0.8045682,0.0,0.0,0.0,0.0,0.0,0.0,0.0,-3.27749,0.5062045,2.26928,2.421696,0.193404,-3.200906,0.1121061,0.1542991,0.01289062,0.981559,12.48003,18.25206,3.517372,0.5631894,0.04353777,-0.8251798,0.1921565,-0.01181911,0.1203794,3.637656,0.003810056,-2.340183,0.1820678,0.20896,1.992901,0.9520512,0.05990153,-0.300017,0.009289913,0.9745321,0.2240554,0.3057975,-0.2160994,0.9272481,moving,35.73879,-9.328371,5.219949,5.985716
05/11/2023 13:10:17.498104,3946,True,True,True,True,Eyes,2.320847,0.1776686,-3.264848,0.573877,-0.1311305,0.808375,0.0,0.0,0.0,0.0,0.0,0.0,0.0,-3.256111,0.4872676,2.300919,2.429117,0.1938833,-3.193073,0.1081941,0.1486526,0.01320293,0.9828643,12.04939,17.56064,3.40706,0.5646326,0.04359998,-0.8241895,0.1806271,-0.01110996,0.1131566,3.644681,0.01588666,-2.328816,0.1864021,0.2089601,1.992901,0.9554562,0.05812003,-0.2893536,0.006213277,0.9762395,0.2166055,0.2950675,-0.2087549,0.932393,moving,35.37149,-9.213972,5.343503,5.985721
05/11/2023 13:10:17.508265,3947,True,True,True,True,Eyes,2.326046,0.1782585,-3.261085,0.568676,-0.1305873,0.8121296,0.0,0.0,0.0,0.0,0.0,0.0,0.0,-3.231977,0.4797638,2.333075,2.436024,0.1937599,-3.185487,0.1075269,0.1425366,0.0122188,0.9838556,12.01095,16.82413,3.205671,0.5660586,0.04367161,-0.823207,0.1697895,-0.01044337,0.1063672,3.650867,0.02659841,-2.316598,0.1906846,0.2089601,1.9929,0.9590681,0.05469611,-0.2778431,0.00660997,0.9765773,0.2150652,0.2830985,-0.2080987,0.9362426,moving,35.00079,-9.134748,5.465533,5.98572
05/11/2023 13:10:17.528389,3948,True,True,True,True,Eyes,2.33128,0.1788219,-3.257151,0.5632403,-0.1303224,0.8159512,0.0,0.0,0.0,0.0,0.0,0.0,0.0,-3.205825,0.4784135,2.365254,2.442457,0.1933267,-3.17768,0.1086608,0.1361445,0.01046923,0.9846563,12.18896,16.05871,2.944134,0.5674723,0.04375082,-0.822229,0.1596021,-0.009816765,0.09998517,3.656157,0.02326786,-2.305961,0.1951899,0.2089601,1.9929,0.9627101,0.05020434,-0.2658359,0.008969963,0.9761664,0.2168378,0.2703862,-0.2111365,0.939315,moving,34.61681,-9.074545,5.593858,5.985721
05/11/2023 13:10:17.538100,3949,True,True,True,True,Eyes,2.336527,0.1793556,-3.253049,0.557689,-0.1306403,0.8197049,0.0,0.0,0.0,0.0,0.0,0.0,0.0,-3.179574,0.4832144,2.395202,2.448586,0.1933333,-3.169736,0.111095,0.1298659,0.008587545,0.9852508,12.51425,15.31248,2.687625,0.5688767,0.04383629,-0.8212534,0.150026,-0.009227759,0.09398606,3.660358,0.01653101,-2.294181,0.1993036,0.2089599,1.9929,0.9661222,0.04577668,-0.2539929,0.01193314,0.9751683,0.2211434,0.257809,-0.2166824,0.9415855,moving,34.22955,-9.055345,5.71098,5.985718
05/11/2023 13:10:17.557849,3950,True,True,True,True,Eyes,2.34177,0.1798511,-3.248785,0.5519064,-0.1313009,0.8235043,0.0,0.0,0.0,0.0,0.0,0.0,0.0,-3.152581,0.497931,2.422844,2.454241,0.1932933,-3.16168,0.1150913,0.1236245,0.006874867,0.9856083,13.01289,14.58038,2.471091,0.570275,0.0439268,-0.8202782,0.1410244,-0.008674094,0.0883469,3.663484,0.01301114,-2.280873,0.203712,0.20896,1.992899,0.9693394,0.04200808,-0.2421083,0.01490437,0.9734135,0.2285697,0.2452732,-0.2251701,0.9429419,moving,33.8297,-9.059079,5.836442,5.985719
05/11/2023 13:10:17.578478,3951,True,True,True,True,Eyes,2.347022,0.1803061,-3.244374,0.5459654,-0.1324383,0.8272737,0.0,0.0,0.0,0.0,0.0,0.0,0.0,-3.12433,0.5120938,2.451069,2.459482,0.1929695,-3.153589,0.1188878,0.117251,0.005163022,0.9859469,13.48692,13.82905,2.243113,0.5716701,0.04402106,-0.8193016,0.132563,-0.008153648,0.08304609,3.664198,-0.01507767,-2.269738,0.2079893,0.2089599,1.9929,0.9724511,0.03806036,-0.2299789,0.0176985,0.9716781,0.2356449,0.2324342,-0.2332234,0.9442357,moving,33.42311,-9.095305,5.958113,5.985717
05/11/2023 13:10:17.588209,3952,True,True,True,True,Eyes,2.352235,0.1807222,-3.239801,0.5397822,-0.1338744,0.8310913,0.0,0.0,0.0,0.0,0.0,0.0,0.0,-3.094374,0.5355434,2.478236,2.464149,0.1925548,-3.145553,0.1239691,0.1107324,0.003739781,0.9860811,14.1026,13.06903,2.058085,0.5730635,0.04411776,-0.8183223,0.1246092,-0.007664429,0.07806332,3.665177,-0.03159256,-2.256434,0.2124919,0.2089599,1.9929,0.9754487,0.03483026,-0.2174551,0.02007936,0.9692354,0.2453155,0.2193095,-0.243659,0.9447399,moving,33.00316,-9.150754,6.086137,5.985716
05/11/2023 13:10:17.608020,3953,True,True,True,True,Eyes,2.357387,0.1811005,-3.235072,0.5334739,-0.1353712,0.8349133,0.0,0.0,0.0,0.0,0.0,0.0,0.0,-3.062252,0.5587167,2.506587,2.46855,0.1921198,-3.137177,0.1279816,0.10397,0.003300942,0.9863063,14.58238,12.28603,1.961419,0.5744569,0.04421589,-0.8173395,0.1171326,-0.007204563,0.07337952,3.665503,-0.04177877,-2.241787,0.216838,0.2089601,1.992901,0.9783587,0.03312397,-0.2042476,0.02010101,0.9672196,0.2531445,0.2059375,-0.2517717,0.945622,moving,32.57684,-9.209682,6.209652,5.985719
05/11/2023 13:10:17.628354,3954,True,True,True,True,Eyes,2.362486,0.1814516,-3.230181,0.5269229,-0.1369708,0.8388035,0.0,0.0,0.0,0.0,0.0,0.0,0.0,-3.027947,0.5844883,2.535667,2.472511,0.1916842,-3.128841,0.1310685,0.09703614,0.004242531,0.9866039,14.93968,11.49732,2.005242,0.5758511,0.04431453,-0.8163524,0.1101047,-0.00677229,0.06897675,3.665653,-0.05233262,-2.226995,0.2216366,0.20896,1.9929,0.981132,0.03380816,-0.1903603,0.01706537,0.965606,0.2594488,0.1925846,-0.2578021,0.9468101,moving,32.13638,-9.274152,6.345965,5.985719
05/11/2023 13:10:17.638291,3955,True,True,True,True,Eyes,2.367533,0.181775,-3.225127,0.5202903,-0.1381864,0.8427352,0.0,0.0,0.0,0.0,0.0,0.0,0.0,-2.992319,0.610993,2.564676,2.476417,0.1914048,-3.120188,0.1333548,0.09002247,0.006184988,0.9869521,15.19565,10.71029,2.150852,0.5772465,0.0444131,-0.815361,0.1034984,-0.006365952,0.06483815,3.665372,-0.04991794,-2.208572,0.2254379,0.2089599,1.9929,0.9837154,0.03621843,-0.1760461,0.01180129,0.9643565,0.2643432,0.1793453,-0.2621161,0.9482248,moving,31.69047,-9.312134,6.453896,5.985717
05/11/2023 13:10:17.658360,3956,True,True,True,True,Eyes,2.372514,0.1820673,-3.219903,0.513443,-0.1392746,0.8467461,0.0,0.0,0.0,0.0,0.0,0.0,0.0,-2.955943,0.6254643,2.595725,2.479979,0.1910201,-3.111239,0.1330831,0.08302103,0.008617948,0.9875839,15.15496,9.919555,2.322765,0.5786445,0.04451112,-0.8143641,0.0972885,-0.005983995,0.06094786,3.665204,-0.0445268,-2.190049,0.2298456,0.20896,1.9929,0.9860665,0.03911929,-0.1616867,0.005075497,0.9644293,0.2642924,0.1662743,-0.2614305,0.9507927,moving,31.23144,-9.340499,6.578984,5.98572
05/11/2023 13:10:17.678165,3957,True,True,True,True,Eyes,2.377424,0.1823122,-3.214508,0.5066671,-0.139876,0.8507192,0.0,0.0,0.0,0.0,0.0,0.0,0.0,-2.921355,0.6330058,2.62521,2.483463,0.1905374,-3.102071,0.1321836,0.0763685,0.01050767,0.9882231,15.04922,9.159034,2.430744,0.5800453,0.04460804,-0.8133615,0.09145119,-0.005624955,0.05729099,3.665367,-0.03904489,-2.171572,0.2341271,0.2089599,1.9929,0.9881149,0.04095717,-0.1481604,-0.0005785315,0.9648342,0.2628586,0.1537161,-0.2596488,0.9533907,moving,30.77697,-9.337083,6.70043,5.985716
05/11/2023 13:10:17.688227,3958,True,True,True,True,Eyes,2.382241,0.1825043,-3.20895,0.4997004,-0.1403774,0.8547477,0.0,0.0,0.0,0.0,0.0,0.0,0.0,-2.888632,0.6330551,2.652819,2.486402,0.1895672,-3.092615,0.1303552,0.07015918,0.01200952,0.988909,14.84077,8.440936,2.492855,0.58145,0.04470301,-0.8123529,0.08596412,-0.005287458,0.05385353,3.665935,-0.03273839,-2.153538,0.2385196,0.20896,1.9929,0.9898669,0.04204387,-0.1356311,-0.005461426,0.9657266,0.2595039,0.1418931,-0.2561336,0.9561704,moving,30.3113,-9.326576,6.824963,5.985719
05/11/2023 13:10:17.707943,3959,True,True,True,True,Eyes,2.386983,0.1826512,-3.203225,0.4927524,-0.1406148,0.8587332,0.0,0.0,0.0,0.0,0.0,0.0,0.0,-2.855045,0.6361643,2.679848,2.489056,0.1884712,-3.083285,0.1293193,0.06386259,0.01322137,0.9894562,14.72753,7.712784,2.52935,0.5828583,0.04479511,-0.8113379,0.0,0.0,0.0,3.665308,-0.03355476,-2.135805,0.24285,0.2089601,1.9929,0.9914935,0.04268125,-0.1229589,-0.009646596,0.9662035,0.2576002,0.129798,-0.2542228,0.9583962,moving,29.84777,-9.299472,6.94767,5.98572
05/11/2023 13:10:17.727918,3960,True,True,True,True,Eyes,2.391601,0.1827409,-3.197331,0.4856079,-0.1407921,0.8627645,0.0,0.0,0.0,0.0,0.0,0.0,0.0,-2.820625,0.6385416,2.706522,2.491389,0.1874705,-3.073558,0.1287045,0.0574699,0.013886,0.9899189,14.66802,6.967658,2.505188,0.5842704,0.04488367,-0.8103167,0.0,0.0,0.0,3.663842,-0.03558832,-2.117185,0.2472982,0.20896,1.9929,0.9930087,0.04228531,-0.1102067,-0.01269876,0.9664847,0.2564102,0.1173555,-0.2532181,0.9602647,moving,29.37303,-9.26824,7.073652,5.985718
05/11/2023 13:10:17.738211,3961,True,True,True,True,Eyes,2.396122,0.1827745,-3.191274,0.478517,-0.1408169,0.8667133,0.0,0.0,0.0,0.0,0.0,0.0,0.0,-2.785575,0.6376172,2.733277,2.493112,0.1861797,-3.063743,0.1277631,0.0510755,0.01425198,0.9903862,14.57303,6.217026,2.444596,0.585686,0.04496785,-0.8092895,0.0,0.0,0.0,3.661725,-0.03608063,-2.09739,0.2516013,0.2089599,1.9929,0.9943763,0.04128106,-0.09752717,-0.0151788,0.966947,0.2545255,0.1048107,-0.2516137,0.9621358,moving,28.90332,-9.22834,7.195458,5.985716
05/11/2023 13:10:17.758411,3962,True,True,True,True,Eyes,2.400501,0.1827453,-3.185043,0.4712414,-0.1407907,0.8706949,0.0,0.0,0.0,0.0,0.0,0.0,0.0,-2.749925,0.6426176,2.758379,2.494755,0.1848232,-3.053808,0.1275291,0.04467461,0.01497426,0.9907151,14.55753,5.474442,2.431628,0.5871053,0.0450469,-0.8082559,0.0,0.0,0.0,3.658676,-0.03899969,-2.077101,0.2557163,0.20896,1.9929,0.9955599,0.04106508,-0.08470031,-0.01827583,0.9670241,0.2540279,0.09233892,-0.251352,0.963481,moving,28.42333,-9.185178,7.311875,5.985718
05/11/2023 13:10:17.778315,3963,True,True,True,True,Eyes,2.404758,0.1826568,-3.178647,0.4640957,-0.1407353,0.8745335,0.0,0.0,0.0,0.0,0.0,0.0,0.0,-2.714419,0.6436361,2.782741,2.495866,0.1832763,-3.043526,0.126681,0.03841224,0.01563357,0.9910762,14.4716,4.745192,2.410265,0.5885276,0.04512001,-0.8072168,0.0,0.0,0.0,3.65556,-0.04360422,-2.056966,0.2601299,0.20896,1.9929,0.9965602,0.04072032,-0.07217795,-0.02125591,0.967415,0.2523022,0.08009985,-0.2499001,0.9649528,moving,27.95391,-9.142006,7.436677,5.985718
05/11/2023 13:10:17.788407,3964,True,True,True,True,Eyes,2.408859,0.1825062,-3.172072,0.4568598,-0.1406532,0.8783484,0.0,0.0,0.0,0.0,0.0,0.0,0.0,-2.68216,0.6465383,2.802882,2.496902,0.1817471,-3.033248,0.1266856,0.03272286,0.01577634,0.9912775,14.48513,4.079082,2.342192,0.5899528,0.04518651,-0.8061721,0.0,0.0,0.0,3.652396,-0.04933095,-2.037307,0.2649069,0.2089601,1.9929,0.9973606,0.0395685,-0.06087761,-0.02298643,0.9674037,0.2521938,0.06887215,-0.2501288,0.9657599,moving,27.48052,-9.097751,7.571673,5.98572
05/11/2023 13:10:17.808571,3965,True,True,True,True,Eyes,2.412798,0.1822999,-3.165329,0.4498938,-0.1403838,0.8819796,0.0,0.0,0.0,0.0,0.0,0.0,0.0,-2.653889,0.6449134,2.818802,2.497356,0.1801093,-3.022493,0.126069,0.02783061,0.01584228,0.9915046,14.4251,3.503489,2.2743,0.5913804,0.04524577,-0.8051222,0.0,0.0,0.0,3.648456,-0.05617835,-2.016527,0.2689841,0.2089601,1.9929,0.997949,0.03843254,-0.05119392,-0.02439823,0.9677112,0.2508778,0.0591828,-0.2491142,0.9666641,moving,27.02592,-9.043847,7.686826,5.98572
05/11/2023 13:10:17.828258,3966,True,True,True,True,Eyes,2.416556,0.1820226,-3.158408,0.4429293,-0.1399674,0.8855636,0.0,0.0,0.0,0.0,0.0,0.0,0.0,-2.630567,0.6362386,2.831274,2.497626,0.1785398,-3.011773,0.1243673,0.0238098,0.01587938,0.9918234,14.23766,3.026731,2.212584,0.5928091,0.04529735,-0.8040679,0.0,0.0,0.0,3.644414,-0.05985598,-1.996157,0.2732999,0.20896,1.9929,0.9983618,0.03742141,-0.04328048,-0.02557677,0.9685612,0.2474569,0.05117998,-0.2459446,0.9679317,moving,26.57269,-8.981564,7.80865,5.985719
05/11/2023 13:10:17.837848,3967,True,True,True,True,Eyes,2.420152,0.181674,-3.15132,0.4362067,-0.139389,0.888985,0.0,0.0,0.0,0.0,0.0,0.0,0.0,-2.60934,0.62774,2.840433,2.497133,0.1765214,-3.000657,0.1222949,0.02032408,0.01637388,0.9921506,14.00487,2.61888,2.212708,0.5942388,0.04534053,-0.8030093,0.0,0.0,0.0,3.63913,-0.06060798,-1.973569,0.2774005,0.2089602,1.992901,0.9986376,0.03746178,-0.03632421,-0.02751965,0.9695517,0.2433355,0.04433398,-0.2420044,0.9692618,moving,26.13624,-8.911175,7.924331,5.985721
05/11/2023 13:10:17.858475,3968,True,True,True,True,Eyes,2.423554,0.1812564,-3.144056,0.429481,-0.1387309,0.8923563,0.0,0.0,0.0,0.0,0.0,0.0,0.0,-2.58734,0.6224608,2.849364,2.496509,0.1743533,-2.9896,0.1201391,0.01678708,0.01756892,0.9924597,13.76125,2.215144,2.295668,0.5956684,0.0453746,-0.8019475,0.0,0.0,0.0,3.633991,-0.0609246,-1.951049,0.2819403,0.20896,1.9929,0.9988191,0.03890646,-0.02909958,-0.03083931,0.9705158,0.2390564,0.03754244,-0.2378766,0.9705696,moving,25.70099,-8.836798,8.052331,5.985718
05/11/2023 13:10:17.878085,3969,True,True,True,True,Eyes,2.426788,0.1807841,-3.136619,0.4229122,-0.1380792,0.8955889,0.0,0.0,0.0,0.0,0.0,0.0,0.0,-2.565033,0.6248444,2.855908,2.495306,0.1722374,-2.978224,0.1190428,0.01334555,0.01910623,0.9926156,13.63982,1.830557,2.424372,0.5970973,0.045399,-0.8008828,0.0,0.0,0.0,3.628184,-0.06232002,-1.928324,0.2861878,0.2089601,1.9929,0.9989137,0.04110767,-0.02194508,-0.0347529,0.9709275,0.2368375,0.03104291,-0.2358176,0.9713014,moving,25.27747,-8.764681,8.172016,5.985719
05/11/2023 13:10:17.898134,3970,True,True,True,True,Eyes,2.429826,0.1802671,-3.129011,0.4163632,-0.1373407,0.8987654,0.0,0.0,0.0,0.0,0.0,0.0,0.0,-2.542552,0.6314586,2.861026,2.49372,0.1702636,-2.966674,0.1181678,0.01000348,0.0212926,0.9927151,13.54375,1.467246,2.631719,0.5985253,0.04541358,-0.7998152,0.0,0.0,0.0,3.621663,-0.06414802,-1.905233,0.2904698,0.2089601,1.9929,0.9988931,0.04463915,-0.01482902,-0.0399108,0.971166,0.2350398,0.02489342,-0.2341878,0.9718726,moving,24.85646,-8.688181,8.2926,5.98572
05/11/2023 13:10:17.914314,3971,True,True,True,True,Eyes,2.432629,0.1797106,-3.121232,0.4099727,-0.1366618,0.9018015,0.0,0.0,0.0,0.0,0.0,0.0,0.0,-2.521742,0.6375484,2.864549,2.492122,0.1686147,-2.955028,0.1171581,0.006958447,0.02364522,0.9928075,13.43263,1.140358,2.862951,0.5999513,0.04541846,-0.7987458,0.0,0.0,0.0,3.613735,-0.06442441,-1.880586,0.2948508,0.20896,1.9929,0.998785,0.04858078,-0.008276337,-0.04531983,0.9714298,0.23296,0.01935725,-0.2323018,0.9724511,moving,24.44727,-8.617212,8.415894,5.985718
05/11/2023 13:10:17.928443,3972,True,True,True,True,Eyes,2.435227,0.1791325,-3.113287,0.4035766,-0.1358697,0.9048012,0.0,0.0,0.0,0.0,0.0,0.0,0.0,-2.499575,0.6499693,2.866969,2.489836,0.1671211,-2.943235,0.1168936,0.00386298,0.02645982,0.9927844,13.40872,0.8161761,3.14933,0.6013743,0.04541389,-0.7976753,0.0,0.0,0.0,3.604837,-0.06606758,-1.856229,0.2993075,0.20896,1.9929,0.9985699,0.05344091,-0.001484244,-0.05163468,0.9712715,0.2323048,0.01385618,-0.2318959,0.9726419,moving,24.03873,-8.540025,8.541236,5.985718
05/11/2023 13:10:17.938435,3973,True,True,True,True,Eyes,2.437638,0.1785404,-3.105183,0.3972411,-0.1351409,0.9077094,0.0,0.0,0.0,0.0,0.0,0.0,0.0,-2.476556,0.6549211,2.871619,2.487571,0.1659567,-2.931365,0.1155559,0.0005675433,0.02910067,0.9928745,13.26363,0.4622511,3.411406,0.6027932,0.04540053,-0.7966043,0.0,0.0,0.0,3.595086,-0.08048694,-1.833478,0.3034439,0.20896,1.9929,0.9983057,0.05791778,0.00559851,-0.05765545,0.9716,0.2294981,0.007852507,-0.229432,0.973293,moving,23.63564,-8.468065,8.657501,5.985718
05/11/2023 13:10:17.958173,3974,True,True,True,True,Eyes,2.439835,0.1779288,-3.096918,0.3909266,-0.1343476,0.9105641,0.0,0.0,0.0,0.0,0.0,0.0,0.0,-2.454224,0.6581993,2.875737,2.485059,0.1649303,-2.919518,0.1144271,-0.002626206,0.03121551,0.9929377,13.14416,0.1134666,3.614362,0.6042077,0.04537917,-0.7955332,0.0,0.0,0.0,3.586676,-0.07249739,-1.807761,0.307923,0.20896,1.9929,0.9980373,0.06138909,0.01235912,-0.06259113,0.971864,0.2270739,0.001928481,-0.2274019,0.9737991,moving,23.23499,-8.393053,8.783316,5.985719
05/11/2023 13:10:17.978316,3975,True,True,True,True,Eyes,2.441829,0.1773485,-3.088509,0.3844001,-0.1338562,0.9134107,0.0,0.0,0.0,0.0,0.0,0.0,0.0,-2.433603,0.6599017,2.878075,2.482166,0.1638073,-2.907445,0.1134597,-0.005517673,0.03285479,0.992984,13.04344,359.794,3.76655,0.6056169,0.04535035,-0.7944626,0.0,0.0,0.0,3.576415,-0.07726593,-1.784332,0.3121362,0.20896,1.9929,0.9977803,0.06399649,0.01841331,-0.06650063,0.972095,0.2249647,-0.003502535,-0.2256899,0.9741929,moving,22.82332,-8.337093,8.901585,5.985719
05/11/2023 13:10:17.997891,3976,True,True,True,True,Eyes,2.443604,0.1768675,-3.07993,0.3779127,-0.1334123,0.9161786,0.0,0.0,0.0,0.0,0.0,0.0,0.0,-2.414164,0.6700981,2.877635,2.479182,0.1639847,-2.895646,0.1144728,-0.008185536,0.03416834,0.9928049,13.17098,359.5039,3.884951,0.6070204,0.04531584,-0.7933927,0.0,0.0,0.0,3.565714,-0.08306526,-1.760522,0.316554,0.2089599,1.9929,0.9975311,0.06597095,0.02407597,-0.06971904,0.971457,0.226739,-0.008430587,-0.2278578,0.973658,moving,22.41556,-8.285076,9.025512,5.985717
05/11/2023 13:10:18.008446,3977,True,True,True,True,Eyes,2.445168,0.1764909,-3.071202,0.3712869,-0.1329427,0.9189518,0.0,0.0,0.0,0.0,0.0,0.0,0.0,-2.39336,0.6803302,2.877131,2.475782,0.165862,-2.883037,0.1151651,-0.01096431,0.03626511,0.9926237,13.26331,359.2104,4.092886,0.6084173,0.04527901,-0.7923241,0.0,0.0,0.0,3.55671,-0.08227953,-1.7378,0.3208232,0.2089601,1.9929,0.9971293,0.06946979,0.03011982,-0.07452061,0.9708436,0.227836,-0.01341392,-0.2294265,0.9732336,moving,22.00034,-8.231742,9.145189,5.98572
05/11/2023 13:10:18.028394,3978,True,True,True,True,Eyes,2.446536,0.1762152,-3.062346,0.3646538,-0.1324363,0.9216768,0.0,0.0,0.0,0.0,0.0,0.0,0.0,-2.369847,0.682729,2.881023,2.472406,0.1679451,-2.870817,0.1136903,-0.01417871,0.03933734,0.992636,13.11002,358.8702,4.408963,0.609807,0.04524299,-0.7912571,0.0,0.0,0.0,3.54791,-0.09618138,-1.718331,0.3252437,0.2089601,1.9929,0.9965031,0.07487135,0.03709313,-0.08131927,0.9710542,0.2245906,-0.01920404,-0.2268216,0.973747,moving,21.58582,-8.176896,9.269025,5.98572
05/11/2023 13:10:18.038283,3979,True,True,True,True,Eyes,2.447702,0.1760922,-3.053358,0.3579364,-0.1323231,0.9243225,0.0,0.0,0.0,0.0,0.0,0.0,0.0,-2.346196,0.6834518,2.885747,2.469169,0.1700566,-2.858944,0.1131198,-0.01758525,0.04098076,0.9925802,13.06182,358.4919,4.555803,0.611189,0.04521048,-0.7901919,0.0,0.0,0.0,3.538898,-0.09935723,-1.696701,0.3294247,0.2089601,1.9929,0.9960226,0.07737491,0.044181,-0.08533186,0.971049,0.2231195,-0.02563807,-0.2260022,0.9737893,moving,21.16849,-8.146932,9.38607,5.985721
05/11/2023 13:10:18.058192,3980,True,True,True,True,Eyes,2.448698,0.1760778,-3.044223,0.3512996,-0.1317505,0.9269468,0.0,0.0,0.0,0.0,0.0,0.0,0.0,-2.323408,0.7109736,2.883121,2.466045,0.1736936,-2.846848,0.1168385,-0.02061971,0.04344894,0.9919859,13.50887,358.1874,4.801201,0.6125627,0.04518529,-0.789129,0.0,0.0,0.0,3.529605,-0.088884,-1.673003,0.3339667,0.20896,1.9929,0.995374,0.08138311,0.05106194,-0.09101981,0.968922,0.2300124,-0.03075591,-0.233596,0.9718472,moving,20.75599,-8.089482,9.513134,5.98572
05/11/2023 13:10:18.078294,3981,True,True,True,True,Eyes,2.44954,0.1761148,-3.035038,0.3446907,-0.1313396,0.9294828,0.0,0.0,0.0,0.0,0.0,0.0,0.0,-2.308607,0.6862208,2.886115,2.462986,0.1761395,-2.834237,0.1112893,-0.02268712,0.0459489,0.9924661,12.8845,357.9539,5.070478,0.6139283,0.04516971,-0.7880679,0.0,0.0,0.0,3.518039,-0.09040494,-1.65084,0.3382026,0.20896,1.9929,0.9947479,0.08615577,0.05525963,-0.0962551,0.9710068,0.2188167,-0.03480515,-0.2229865,0.9742,moving,20.34686,-8.042875,9.631549,5.985718
05/11/2023 13:10:18.088177,3982,True,True,True,True,Eyes,2.450238,0.1761836,-3.025764,0.3381704,-0.1309987,0.9319228,0.0,0.0,0.0,0.0,0.0,0.0,0.0,-2.291402,0.6986178,2.884382,2.460166,0.1774021,-2.823891,0.1122713,-0.0249468,0.04805009,0.9922017,13.01398,357.7227,5.285299,0.6152848,0.04516425,-0.7870097,0.0,0.0,0.0,3.504869,-0.08876455,-1.626604,0.342566,0.20896,1.9929,0.9941377,0.08974914,0.0602938,-0.1009524,0.9701728,0.2203941,-0.03871522,-0.2251888,0.9735457,moving,19.94451,-8.001535,9.753437,5.985718
05/11/2023 13:10:18.108068,3983,True,True,True,True,Eyes,2.450815,0.1762714,-3.016444,0.3317203,-0.1307402,0.9342744,0.0,0.0,0.0,0.0,0.0,0.0,0.0,-2.274994,0.7105265,2.881052,2.457433,0.178219,-2.812502,0.1132407,-0.02710576,0.05004553,0.9919361,13.14217,357.5022,5.488742,0.6166323,0.04516893,-0.785954,0.0,0.0,0.0,3.493318,-0.0669119,-1.601298,0.3468593,0.2089601,1.9929,0.9935215,0.09314498,0.06510875,-0.1054229,0.969344,0.221942,-0.04243999,-0.2273681,0.9728837,moving,19.54774,-7.966106,9.873284,5.985721
05/11/2023 13:10:18.128002,3984,True,True,True,True,Eyes,2.451273,0.1763895,-3.007085,0.3253382,-0.1307292,0.9365174,0.0,0.0,0.0,0.0,0.0,0.0,0.0,-2.25791,0.7156731,2.881027,2.45491,0.1787136,-2.802166,0.1128879,-0.02945805,0.0520903,0.9918041,13.12018,357.2531,5.696967,0.6179709,0.04518336,-0.7849011,0.0,0.0,0.0,3.480578,-0.07862327,-1.581804,0.3513208,0.20896,1.9929,0.9928377,0.09667581,0.07019395,-0.1099776,0.9690858,0.2208565,-0.04667249,-0.2269944,0.9727771,moving,19.15679,-7.946616,9.997735,5.985719
05/11/2023 13:10:18.138063,3985,True,True,True,True,Eyes,2.451614,0.1765675,-2.99767,0.3189581,-0.1307302,0.9387094,0.0,0.0,0.0,0.0,0.0,0.0,0.0,-2.238666,0.7439175,2.876988,2.452581,0.1795799,-2.791898,0.1162664,-0.03196468,0.05462703,0.9911996,13.53143,357.0129,5.95454,0.6192998,0.0452075,-0.7838516,0.0,0.0,0.0,3.468885,-0.07925167,-1.560839,0.3557016,0.20896,1.9929,0.9919883,0.1008597,0.07606932,-0.1157254,0.966996,0.2269941,-0.05066416,-0.2339787,0.9709207,moving,18.76692,-7.92835,10.11984,5.985719
05/11/2023 13:10:18.158504,3986,True,True,True,True,Eyes,2.451847,0.1767842,-2.988211,0.3125329,-0.1305034,0.9408997,0.0,0.0,0.0,0.0,0.0,0.0,0.0,-2.21727,0.7501439,2.8795,2.450016,0.1811419,-2.781211,0.1158918,-0.03499826,0.05717915,0.9909969,13.51495,356.6916,6.212326,0.62062,0.04524209,-0.7828049,0.0,0.0,0.0,3.457645,-0.0776313,-1.540949,0.3599634,0.20896,1.9929,0.9910114,0.1052167,0.08261953,-0.1214407,0.9665993,0.2256944,-0.05611315,-0.2336991,0.9706885,moving,18.37462,-7.896582,10.23854,5.985719
05/11/2023 13:10:18.177889,3987,True,True,True,True,Eyes,2.451975,0.1770097,-2.978717,0.3060109,-0.1301618,0.9430882,0.0,0.0,0.0,0.0,0.0,0.0,0.0,-2.194515,0.7359827,2.888637,2.44772,0.1822197,-2.770785,0.1129073,-0.03863028,0.05839285,0.9911357,13.19844,356.2668,6.311338,0.6219308,0.04528723,-0.7817611,0.0,0.0,0.0,3.44642,-0.08311732,-1.522448,0.3642675,0.2089601,1.9929,0.9901959,0.1070272,0.08976164,-0.1244737,0.9676844,0.2193014,-0.06338973,-0.2283243,0.9715193,moving,17.97708,-7.858121,10.35832,5.98572
05/11/2023 13:10:18.188142,3988,True,True,True,True,Eyes,2.452009,0.1772836,-2.969177,0.2994449,-0.1296768,0.9452602,0.0,0.0,0.0,0.0,0.0,0.0,0.0,-2.171081,0.7181377,2.899121,2.445503,0.1826558,-2.760501,0.1104729,-0.04257824,0.05798585,0.9912722,12.94146,355.7868,6.217499,0.6232328,0.04534226,-0.7807204,0.0,0.0,0.0,3.435795,-0.06618617,-1.500268,0.3686267,0.20896,1.9929,0.9896495,0.105552,0.09722498,-0.124367,0.9688667,0.2140796,-0.07160152,-0.2239553,0.9719656,moving,17.57745,-7.811437,10.47955,5.985717
05/11/2023 13:10:18.213008,3989,True,True,True,True,Eyes,2.451913,0.1775706,-2.959586,0.2928158,-0.1288427,0.9474484,0.0,0.0,0.0,0.0,0.0,0.0,0.0,-2.148895,0.7022243,2.907765,2.443359,0.1840589,-2.749924,0.1081794,-0.04628034,0.05804913,0.9913555,12.7009,355.3432,6.183738,0.6245254,0.04540756,-0.779683,0.0,0.0,0.0,3.425296,-0.05619588,-1.48039,0.3729807,0.2089601,1.9929,0.9889769,0.1050815,0.10432,-0.1251078,0.969855,0.2091154,-0.07920109,-0.2198616,0.9723107,moving,17.17414,-7.744099,10.60054,5.98572
05/11/2023 13:10:18.228205,3990,True,True,True,True,Eyes,2.451753,0.1778355,-2.949979,0.2860646,-0.1278083,0.9496484,0.0,0.0,0.0,0.0,0.0,0.0,0.0,-2.12275,0.670864,2.922354,2.441201,0.1846634,-2.739108,0.1019087,-0.05067447,0.05948602,0.99172,12.01446,354.8154,6.31933,0.6258093,0.04548268,-0.7786486,0.0,0.0,0.0,3.415942,-0.0389438,-1.45952,0.3774131,0.20896,1.9929,0.987787,0.1076586,0.112634,-0.1283153,0.9721521,0.1961009,-0.08838546,-0.2081586,0.9740934,moving,16.76399,-7.665084,10.72361,5.985719
05/11/2023 13:10:18.237900,3991,True,True,True,True,Eyes,2.451548,0.1780894,-2.940351,0.2796399,-0.1269038,0.9516811,0.0,0.0,0.0,0.0,0.0,0.0,0.0,-2.094679,0.6540254,2.935754,2.439596,0.1843372,-2.72919,0.0986429,-0.05539881,0.06013016,0.9917586,11.67279,354.2556,6.3515,0.6270847,0.04556616,-0.7776169,0.0,0.0,0.0,3.408299,-0.0205553,-1.440299,0.3815024,0.2089599,1.9929,0.9866306,0.1083398,0.1217473,-0.1301986,0.9733078,0.1889976,-0.09802166,-0.2023222,0.9744011,moving,16.37478,-7.595412,10.83707,5.985716
05/11/2023 13:10:18.258354,3992,True,True,True,True,Eyes,2.451287,0.1783516,-2.930705,0.2731382,-0.126184,0.953663,0.0,0.0,0.0,0.0,0.0,0.0,0.0,-2.067337,0.6636191,2.94224,2.437859,0.1843136,-2.719177,0.1006991,-0.05979516,0.06003247,0.9913024,11.9364,353.7531,6.2774,0.6283522,0.045657,-0.7765878,0.0,0.0,0.0,3.400441,-0.01050725,-1.421946,0.3858826,0.20896,1.9929,0.9856413,0.106978,0.1306406,-0.1310633,0.9725116,0.1924672,-0.1064597,-0.2068258,0.9725685,moving,15.98222,-7.537315,10.9585,5.985718
05/11/2023 13:10:18.278058,3993,True,True,True,True,Eyes,2.450953,0.1786022,-2.921064,0.2670036,-0.1256171,0.9554734,0.0,0.0,0.0,0.0,0.0,0.0,0.0,-2.040591,0.6735198,2.948203,2.436344,0.1848072,-2.709173,0.1023529,-0.0640749,0.06062337,0.9908295,12.15736,353.2699,6.284967,0.6296123,0.04575477,-0.7755607,0.0,0.0,0.0,3.391316,0.004531637,-1.402563,0.3902428,0.20896,1.9929,0.9844384,0.1070184,0.1393846,-0.1332514,0.9716974,0.1950596,-0.1145647,-0.2105974,0.9708366,moving,15.61283,-7.489779,11.07927,5.985719
05/11/2023 13:10:18.298003,3994,True,True,True,True,Eyes,2.450572,0.1788508,-2.911427,0.2608048,-0.1254182,0.9572101,0.0,0.0,0.0,0.0,0.0,0.0,0.0,-2.014737,0.684786,2.953235,2.434634,0.1848677,-2.699643,0.1041655,-0.0681477,0.06122455,0.9903319,12.39566,352.8112,6.293608,0.6308652,0.0458586,-0.7745357,0.0,0.0,0.0,3.380117,0.004693054,-1.384368,0.3946798,0.20896,1.9929,0.9832149,0.107068,0.1477326,-0.1354625,0.9708022,0.1979721,-0.1222227,-0.2146614,0.9690108,moving,15.24105,-7.46464,11.20207,5.985717
05/11/2023 13:10:18.308626,3995,True,True,True,True,Eyes,2.450155,0.1790947,-2.901786,0.2548663,-0.1253335,0.9588194,0.0,0.0,0.0,0.0,0.0,0.0,0.0,-1.988719,0.7056025,2.956155,2.433197,0.1851585,-2.690167,0.1082238,-0.0722645,0.06115865,0.9896086,12.88751,352.3487,6.207445,0.6321108,0.04596791,-0.773513,0.0,0.0,0.0,3.367302,-0.003436163,-1.366477,0.3989972,0.20896,1.9929,0.9820749,0.1054048,0.1562648,-0.1366877,0.9690945,0.2053592,-0.1297895,-0.2230376,0.9661309,moving,14.88573,-7.447277,11.32146,5.985718
05/11/2023 13:10:18.328341,3996,True,True,True,True,Eyes,2.449698,0.1793314,-2.892153,0.2488485,-0.125411,0.9603888,0.0,0.0,0.0,0.0,0.0,0.0,0.0,-1.96293,0.7128012,2.961583,2.431572,0.1852857,-2.680537,0.109844,-0.07644358,0.06111312,0.9891187,13.09939,351.8665,6.135712,0.6333497,0.04608212,-0.7724921,0.0,0.0,0.0,3.354625,-0.01625446,-1.349508,0.4034252,0.2089601,1.9929,0.9808431,0.1041025,0.1646494,-0.13769,0.968399,0.207954,-0.1377977,-0.2266409,0.9641814,moving,14.52656,-7.439792,11.44381,5.985721
05/11/2023 13:10:18.338020,3997,True,True,True,True,Eyes,2.449192,0.1795701,-2.882517,0.2430568,-0.1253689,0.9618763,0.0,0.0,0.0,0.0,0.0,0.0,0.0,-1.93756,0.7226539,2.966333,2.430233,0.1853901,-2.67116,0.1115884,-0.08053325,0.06149346,0.9885753,13.32837,351.4003,6.112248,0.6345823,0.0462006,-0.7714727,0.0,0.0,0.0,3.341199,-0.03492405,-1.333396,0.4075342,0.20896,1.9929,0.979466,0.1036087,0.1729503,-0.139555,0.9675332,0.2107226,-0.1455024,-0.2305316,0.9621248,moving,14.18123,-7.425949,11.55725,5.985718
05/11/2023 13:10:18.364009,3998,True,True,True,True,Eyes,2.448645,0.1798113,-2.872866,0.2370934,-0.1251857,0.9633874,0.0,0.0,0.0,0.0,0.0,0.0,0.0,-1.909868,0.7260071,2.973403,2.428496,0.1856736,-2.66153,0.1120543,-0.08498873,0.06210263,0.9881114,13.41486,350.8883,6.11879,0.635809,0.04632312,-0.7704548,0.0,0.0,0.0,3.327068,-0.05309794,-1.317337,0.4120203,0.20896,1.9929,0.9778404,0.1036819,0.1818744,-0.1417753,0.9671742,0.2108881,-0.1540389,-0.2320002,0.9604416,moving,13.82595,-7.403717,11.68099,5.985717
05/11/2023 13:10:18.378215,3999,True,True,True,True,Eyes,2.448084,0.1800444,-2.863186,0.2312291,-0.1248035,0.9648612,0.0,0.0,0.0,0.0,0.0,0.0,0.0,-1.88074,0.7118919,2.985355,2.427111,0.1859462,-2.65158,0.1098016,-0.08995032,0.06222257,0.9879174,13.18781,350.299,6.083817,0.6370296,0.04644937,-0.7694383,0.0,0.0,0.0,3.3115,-0.07600147,-1.302049,0.416315,0.2089601,1.9929,0.9760746,0.1031882,0.1913912,-0.1426949,0.9681439,0.2057559,-0.1640627,-0.2281437,0.9597052,moving,13.47678,-7.370208,11.79935,5.985721
05/11/2023 13:10:18.398292,4000,True,True,True,True,Eyes,2.447488,0.1802618,-2.853469,0.2251991,-0.1242929,0.9663523,0.0,0.0,0.0,0.0,0.0,0.0,0.0,-1.850698,0.6999511,2.996692,2.425576,0.1858792,-2.641441,0.1081312,-0.09504691,0.06202139,0.9876372,13.02515,349.6923,6.006806,0.6382458,0.0465789,-0.768422,0.0,0.0,0.0,3.294792,-0.09358942,-1.285684,0.4207337,0.20896,1.9929,0.9742389,0.1019542,0.2011566,-0.1430643,0.968922,0.201799,-0.1743308,-0.2253787,0.9585475,moving,13.1181,-7.329186,11.92103,5.985718
05/11/2023 13:10:18.408523,4001,True,True,True,True,Eyes,2.446857,0.1804531,-2.843717,0.2192822,-0.123546,0.9678077,0.0,0.0,0.0,0.0,0.0,0.0,0.0,-1.82244,0.6835218,3.007436,2.424247,0.1856991,-2.630913,0.105796,-0.09995025,0.0616433,0.9874296,12.78274,349.1039,5.920274,0.6394582,0.04671109,-0.7674052,0.0,0.0,0.0,3.276898,-0.1059468,-1.26864,0.4250384,0.2089599,1.9929,0.9724201,0.1005882,0.2104309,-0.1428855,0.9700146,0.1966097,-0.1843444,-0.2212547,0.9576343,moving,12.76632,-7.27478,12.03945,5.985717
05/11/2023 13:10:18.428182,4002,True,True,True,True,Eyes,2.446191,0.1806025,-2.833932,0.2132064,-0.1227629,0.9692637,0.0,0.0,0.0,0.0,0.0,0.0,0.0,-1.794761,0.666219,3.017445,2.422574,0.1851996,-2.620462,0.1032105,-0.1047009,0.0613314,0.9872304,12.51106,348.5339,5.848808,0.6406674,0.04684509,-0.7663879,0.0,0.0,0.0,3.258606,-0.113906,-1.25081,0.4292973,0.2089598,1.9929,0.9705523,0.09948397,0.2193879,-0.1427089,0.9711721,0.1909422,-0.1940677,-0.216628,0.9567706,moving,12.40564,-7.218412,12.15651,5.985713
05/11/2023 13:10:18.438413,4003,True,True,True,True,Eyes,2.445488,0.1807014,-2.824108,0.2072421,-0.1220127,0.9706511,0.0,0.0,0.0,0.0,0.0,0.0,0.0,-1.765673,0.6589334,3.025925,2.421158,0.1843316,-2.609987,0.1019716,-0.1095939,0.06148955,0.9868182,12.39984,347.9582,5.81817,0.6418744,0.04697975,-0.765369,0.0,0.0,0.0,3.239979,-0.1114951,-1.231287,0.4336136,0.2089599,1.9929,0.9684165,0.09900708,0.2288388,-0.1437089,0.9716417,0.1877771,-0.2037581,-0.2147326,0.955182,moving,12.05216,-7.164608,12.27505,5.985714
05/11/2023 13:10:18.458495,4004,True,True,True,True,Eyes,2.444757,0.1807499,-2.814242,0.2010936,-0.1213826,0.9720224,0.0,0.0,0.0,0.0,0.0,0.0,0.0,-1.733948,0.6576277,3.03418,2.419775,0.1832307,-2.59931,0.1015154,-0.1148473,0.06196855,0.9862376,12.38446,347.3468,5.812331,0.643079,0.04711369,-0.7643489,0.0,0.0,0.0,3.22243,-0.1073676,-1.212018,0.4379519,0.2089601,1.9929,0.96594,0.0989139,0.2391149,-0.145549,0.9717091,0.1860028,-0.2139519,-0.2144704,0.9530094,moving,11.68855,-7.118039,12.39408,5.98572
05/11/2023 13:10:18.478453,4005,True,True,True,True,Eyes,2.444006,0.1807464,-2.804325,0.195047,-0.1208863,0.9733155,0.0,0.0,0.0,0.0,0.0,0.0,0.0,-1.701266,0.6641541,3.040906,2.418469,0.1820904,-2.588506,0.1023095,-0.1201895,0.06262825,0.985477,12.5154,346.7308,5.81117,0.6442823,0.04724581,-0.7633266,0.0,0.0,0.0,3.205869,-0.1004868,-1.192829,0.4423117,0.2089599,1.9929,0.9632644,0.09884433,0.249703,-0.1480305,0.971221,0.1865929,-0.2240732,-0.2167019,0.9501745,moving,11.33166,-7.079907,12.5136,5.985718
05/11/2023 13:10:18.498374,4006,True,True,True,True,Eyes,2.443225,0.1806812,-2.794358,0.1888213,-0.1205241,0.9745873,0.0,0.0,0.0,0.0,0.0,0.0,0.0,-1.668545,0.6713714,3.047022,2.417194,0.1808543,-2.577516,0.1032887,-0.1255521,0.06319779,0.9846695,12.66673,346.111,5.795566,0.6454852,0.04737497,-0.7623017,0.0,0.0,0.0,3.188554,-0.09720844,-1.174387,0.4466385,0.20896,1.9929,0.9604855,0.09852167,0.2603099,-0.1503941,0.970675,0.1875412,-0.2341995,-0.2192797,0.9471362,moving,10.96492,-7.049791,12.6321,5.985718
05/11/2023 13:10:18.508258,4007,True,True,True,True,Eyes,2.44242,0.1805468,-2.784344,0.1826743,-0.1203308,0.975782,0.0,0.0,0.0,0.0,0.0,0.0,0.0,-1.63607,0.678317,3.052523,2.415788,0.1793413,-2.566426,0.104332,-0.1308788,0.06356689,0.9838419,12.8225,345.4922,5.754739,0.6466883,0.04749993,-0.7612737,0.0,0.0,0.0,3.170459,-0.09614075,-1.15597,0.4509984,0.2089598,1.9929,0.95766,0.09776985,0.2707922,-0.1523892,0.9701482,0.1886532,-0.244264,-0.2219314,0.9439712,moving,10.6035,-7.03007,12.7514,5.985713
05/11/2023 13:10:18.528348,4008,True,True,True,True,Eyes,2.441593,0.1803468,-2.774282,0.1763196,-0.1202733,0.9769574,0.0,0.0,0.0,0.0,0.0,0.0,0.0,-1.602313,0.6921688,3.057041,2.41467,0.1776212,-2.555352,0.1062421,-0.1363578,0.06437477,0.9828404,13.08486,344.8624,5.748794,0.6478925,0.04761935,-0.7602416,0.0,0.0,0.0,3.151576,-0.09441205,-1.137523,0.4553198,0.2089599,1.9929,0.9545249,0.09756637,0.2817146,-0.1555141,0.9691371,0.1912819,-0.2543573,-0.226394,0.9402384,moving,10.23051,-7.01837,12.86953,5.985717
05/11/2023 13:10:18.538040,4009,True,True,True,True,Eyes,2.440791,0.1800947,-2.764149,0.1699875,-0.120274,0.978079,0.0,0.0,0.0,0.0,0.0,0.0,0.0,-1.566877,0.7027563,3.062611,2.413413,0.1758738,-2.544221,0.1074938,-0.1421018,0.06531288,0.9818281,13.27605,344.2004,5.761325,0.6490982,0.04773209,-0.7592053,0.0,0.0,0.0,3.132484,-0.09515467,-1.11953,0.4595669,0.20896,1.9929,0.9510826,0.09770195,0.2930804,-0.1588022,0.9683586,0.1925187,-0.2649975,-0.229643,0.9365044,moving,9.85937,-7.010445,12.98553,5.985718
05/11/2023 13:10:18.558292,4010,True,True,True,True,Eyes,2.439976,0.1797951,-2.753941,0.1634099,-0.1202879,0.9791976,0.0,0.0,0.0,0.0,0.0,0.0,0.0,-1.531559,0.7153267,3.067293,2.412774,0.1745581,-2.532529,0.1088731,-0.1478914,0.06669433,0.9807276,13.49006,343.5381,5.820548,0.6503071,0.04783748,-0.7581635,0.0,0.0,0.0,3.113411,-0.09370631,-1.101237,0.4639516,0.2089601,1.9929,0.94736,0.09861516,0.3046048,-0.1630207,0.967397,0.1938227,-0.27556,-0.2332768,0.9325496,moving,9.474292,-7.003318,13.10516,5.985721
05/11/2023 13:10:18.578005,4011,True,True,True,True,Eyes,2.43919,0.1794575,-2.743639,0.1567801,-0.1201636,0.9802963,0.0,0.0,0.0,0.0,0.0,0.0,0.0,-1.493446,0.7207928,3.074151,2.411794,0.1731005,-2.520637,0.1087231,-0.1541018,0.0684805,0.9796645,13.54036,342.8274,5.943343,0.6515204,0.04793507,-0.7571149,0.0,0.0,0.0,3.096398,-0.09605668,-1.084394,0.4682804,0.2089601,1.9929,0.9431261,0.100667,0.3168269,-0.1676847,0.9669794,0.1919184,-0.2870452,-0.2341303,0.9288639,moving,9.086441,-6.988391,13.22316,5.98572
05/11/2023 13:10:18.598051,4012,True,True,True,True,Eyes,2.438395,0.1790698,-2.733267,0.1498998,-0.1200623,0.9813843,0.0,0.0,0.0,0.0,0.0,0.0,0.0,-1.455874,0.7187797,3.08216,2.411148,0.1715056,-2.508561,0.1076407,-0.1604033,0.0696973,0.9786861,13.47684,342.0956,6.014309,0.652739,0.04802462,-0.7560588,0.0,0.0,0.0,3.081866,-0.09597286,-1.0678,0.4726321,0.20896,1.9929,0.9388261,0.1018917,0.3289734,-0.1709554,0.9671115,0.1883335,-0.2989644,-0.2330522,0.9253685,moving,8.684422,-6.97489,13.34167,5.98572
05/11/2023 13:10:18.608010,4013,True,True,True,True,Eyes,2.437607,0.1786556,-2.722803,0.1429841,-0.1198854,0.9824373,0.0,0.0,0.0,0.0,0.0,0.0,0.0,-1.417241,0.7214248,3.089086,2.410288,0.1699119,-2.496621,0.1074187,-0.1667943,0.07088707,0.9775561,13.51281,341.3538,6.06658,0.6539643,0.04810571,-0.754994,0.0,0.0,0.0,3.070492,-0.09136277,-1.051718,0.4769949,0.2089601,1.9929,0.9343094,0.1027585,0.3413309,-0.1744258,0.9668725,0.1863685,-0.3108725,-0.2336627,0.9212817,moving,8.280696,-6.957324,13.46036,5.985721
05/11/2023 13:10:18.628344,4014,True,True,True,True,Eyes,2.436829,0.1782077,-2.712249,0.1357969,-0.1196996,0.9834791,0.0,0.0,0.0,0.0,0.0,0.0,0.0,-1.378639,0.7232535,3.09549,2.409606,0.1688217,-2.484168,0.1074097,-0.1732796,0.07171758,0.9763677,13.56788,340.5955,6.071733,0.6551968,0.04817847,-0.7539202,0.0,0.0,0.0,3.060486,-0.08513732,-1.035654,0.4814063,0.2089599,1.9929,0.9296615,0.1028216,0.3537757,-0.1772693,0.9666395,0.1848884,-0.322963,-0.2345972,0.9168746,moving,7.861581,-6.939358,13.58025,5.985717
05/11/2023 13:10:18.648404,4015,True,True,True,True,Eyes,2.436055,0.1777288,-2.701612,0.1285593,-0.1194719,0.9844791,0.0,0.0,0.0,0.0,0.0,0.0,0.0,-1.339617,0.7177505,3.103468,2.409233,0.167573,-2.471592,0.1065577,-0.1800156,0.07184346,0.9752325,13.51518,339.7958,6.007714,0.6564383,0.04824294,-0.7528352,0.0,0.0,0.0,3.050107,-0.07801141,-1.019535,0.4857976,0.20896,1.9929,0.9248658,0.1017641,0.366425,-0.1784923,0.9669679,0.1819713,-0.3358032,-0.233703,0.9124797,moving,7.439931,-6.919322,13.69948,5.985719
05/11/2023 13:10:18.658492,4016,True,True,True,True,Eyes,2.435289,0.1772341,-2.690884,0.1210331,-0.1193322,0.9854496,0.0,0.0,0.0,0.0,0.0,0.0,0.0,-1.301275,0.7109251,3.110985,2.408782,0.1663732,-2.459075,0.1059489,-0.186711,0.0712706,0.9740812,13.47492,338.9913,5.859735,0.6576889,0.04829912,-0.7517393,0.0,0.0,0.0,3.039463,-0.07469213,-1.003783,0.490086,0.20896,1.9929,0.920119,0.09928303,0.3788455,-0.1784104,0.9673907,0.1797917,-0.3486413,-0.2330197,0.9078276,moving,7.002008,-6.904567,13.8158,5.985719
05/11/2023 13:10:18.677951,4017,True,True,True,True,Eyes,2.434564,0.1767309,-2.680048,0.1134231,-0.1191089,0.9863814,0.0,0.0,0.0,0.0,0.0,0.0,0.0,-1.259179,0.7116891,3.117668,2.40838,0.1655298,-2.446261,0.1062643,-0.193881,0.07142769,0.9726336,13.55682,338.1397,5.77038,0.6589499,0.04834748,-0.7506311,0.0,0.0,0.0,3.028754,-0.07144877,-0.9880452,0.4943116,0.20896,1.9929,0.9146165,0.09774064,0.3923309,-0.1801512,0.9672119,0.1790156,-0.36197,-0.2344095,0.902236,moving,6.559581,-6.885325,13.9303,5.985718
05/11/2023 13:10:18.688191,4018,True,True,True,True,Eyes,2.433856,0.176204,-2.669133,0.1054834,-0.1189954,0.9872757,0.0,0.0,0.0,0.0,0.0,0.0,0.0,-1.215536,0.7003198,3.127167,2.408137,0.164735,-2.433288,0.104738,-0.2014656,0.07114803,0.9712772,13.42233,337.2305,5.664473,0.6602229,0.04838863,-0.749509,0.0,0.0,0.0,3.019307,-0.06712311,-0.9724784,0.4986846,0.20896,1.9929,0.9086992,0.09600674,0.4062617,-0.1804111,0.9679358,0.1747915,-0.3764541,-0.232127,0.8968832,moving,6.098511,-6.872654,14.04868,5.985719
05/11/2023 13:10:18.708202,4019,True,True,True,True,Eyes,2.433154,0.1756896,-2.658127,0.09742525,-0.1190595,0.9880958,0.0,0.0,0.0,0.0,0.0,0.0,0.0,-1.169816,0.6985174,3.135038,2.408024,0.1636978,-2.420637,0.105154,-0.2093273,0.07038408,0.969624,13.49652,336.2815,5.456794,0.6615082,0.04842264,-0.7483726,0.0,0.0,0.0,3.008997,-0.06518354,-0.9570611,0.5030565,0.20896,1.9929,0.9024564,0.09246898,0.4207398,-0.1805154,0.9679775,0.1744532,-0.3911352,-0.2333864,0.8902495,moving,5.631105,-6.870667,14.1669,5.98572
05/11/2023 13:10:18.728245,4020,True,True,True,True,Eyes,2.432445,0.1752238,-2.647022,0.08903644,-0.1191098,0.9888808,0.0,0.0,0.0,0.0,0.0,0.0,0.0,-1.125533,0.698321,3.14097,2.407753,0.1635774,-2.407517,0.1061702,-0.2169886,0.06938225,0.9678998,13.62903,335.351,5.209126,0.6628063,0.04845065,-0.7472213,0.0,0.0,0.0,2.998194,-0.0588374,-0.9408901,0.5078828,0.20896,1.9929,0.8962041,0.08823469,0.4347791,-0.1803856,0.967828,0.1754139,-0.4053137,-0.2356345,0.8832877,moving,5.144901,-6.868136,14.29727,5.985719
05/11/2023 13:10:18.738563,4021,True,True,True,True,Eyes,2.431713,0.1748774,-2.635824,0.08055703,-0.1192171,0.9895948,0.0,0.0,0.0,0.0,0.0,0.0,0.0,-1.079392,0.6871335,3.148961,2.407097,0.1643019,-2.394177,0.105194,-0.2249532,0.06871697,0.966234,13.54449,334.3877,5.043431,0.6641179,0.04847467,-0.7460542,0.0,0.0,0.0,2.986567,-0.05376248,-0.9250595,0.511748,0.20896,1.9929,0.8893481,0.08546589,0.4491721,-0.1801208,0.9684244,0.1723678,-0.4202577,-0.2342002,0.8766606,moving,4.653848,-6.869351,14.40157,5.985717
05/11/2023 13:10:18.758353,4022,True,True,True,True,Eyes,2.430948,0.174635,-2.624516,0.07169595,-0.1191481,0.9902846,0.0,0.0,0.0,0.0,0.0,0.0,0.0,-1.031419,0.6891437,3.153927,2.406266,0.1668861,-2.380763,0.106067,-0.232969,0.06932865,0.9641934,13.70017,333.4312,4.976071,0.6654428,0.04849851,-0.7448712,0.0,0.0,0.0,2.97623,-0.04981341,-0.9094641,0.5160862,0.2089599,1.9929,0.881838,0.08427178,0.4639612,-0.1831131,0.9678867,0.1722354,-0.4345473,-0.2368411,0.8689505,moving,4.140952,-6.860679,14.51852,5.985716
05/11/2023 13:10:18.778233,4023,True,True,True,True,Eyes,2.430145,0.1744588,-2.613156,0.06194825,-0.1189352,0.9909676,0.0,0.0,0.0,0.0,0.0,0.0,0.0,-0.9797332,0.6718994,3.162841,2.404955,0.1690796,-2.366959,0.1031783,-0.2416034,0.07052734,0.9622931,13.45342,332.41,5.065964,0.6667806,0.04852521,-0.7436721,0.0,0.0,0.0,2.966954,-0.05278438,-0.8953336,0.5204256,0.2089601,1.9929,0.8733073,0.08587949,0.4795403,-0.1855924,0.9687603,0.1644962,-0.4504327,-0.2326548,0.8619642,moving,3.57707,-6.843861,14.63537,5.985721
05/11/2023 13:10:18.788221,4024,True,True,True,True,Eyes,2.429311,0.1744228,-2.601719,0.05184488,-0.1190828,0.9915298,0.0,0.0,0.0,0.0,0.0,0.0,0.0,-0.927003,0.6613829,3.170786,2.404039,0.1704798,-2.354183,0.1009314,-0.2502616,0.07237794,0.960179,13.30009,331.3914,5.216042,0.6681312,0.04855644,-0.7424569,0.0,0.0,0.0,2.956803,-0.0520345,-0.8800631,0.5248324,0.20896,1.9929,0.8642611,0.08847305,0.4952023,-0.1895101,0.9691486,0.1575976,-0.4659815,-0.2300512,0.854364,moving,2.993143,-6.848423,14.75391,5.985719
05/11/2023 13:10:18.817922,4025,True,True,True,True,Eyes,2.428425,0.1745265,-2.590212,0.04101009,-0.1189175,0.9920568,0.0,0.0,0.0,0.0,0.0,0.0,0.0,-0.8658279,0.6907171,3.171266,2.402699,0.1738496,-2.341044,0.1047022,-0.2596291,0.07654944,0.956959,13.89482,330.3055,5.44668,0.6694939,0.04859577,-0.7412259,0.0,0.0,0.0,2.944507,-0.04155308,-0.8636761,0.5292158,0.20896,1.9929,0.8534657,0.09214187,0.5129387,-0.2008768,0.9663553,0.1606424,-0.4808791,-0.2401403,0.8432602,moving,2.367171,-6.83541,14.8717,5.985718
05/11/2023 13:10:18.828201,4026,True,True,True,True,Eyes,2.427512,0.1746847,-2.578676,0.02980774,-0.1185764,0.9924974,0.0,0.0,0.0,0.0,0.0,0.0,0.0,-0.806564,0.6680207,3.18096,2.400934,0.1771602,-2.327967,0.1002018,-0.2691877,0.07943054,0.954562,13.53628,329.188,5.767268,0.6708682,0.04864651,-0.739979,0.0,0.0,0.0,2.931683,-0.0361486,-0.8480828,0.53356,0.20896,1.9929,0.8424575,0.09769658,0.5298308,-0.2055889,0.9673008,0.1485341,-0.4979945,-0.234061,0.8349952,moving,1.72025,-6.812989,14.98831,5.985718
05/11/2023 13:10:18.837882,4027,True,True,True,True,Eyes,2.426569,0.174889,-2.567119,0.01816506,-0.1185466,0.9927823,0.0,0.0,0.0,0.0,0.0,0.0,0.0,-0.7481616,0.6492249,3.189407,2.399703,0.1784516,-2.315844,0.09697127,-0.2787058,0.08073388,0.9520514,13.27619,328.0507,5.877945,0.6722531,0.04870911,-0.7387169,0.0,0.0,0.0,2.920895,-0.04561836,-0.8345369,0.5376492,0.20896,1.9929,0.8316103,0.09967269,0.5463421,-0.2077785,0.9681572,0.1396412,-0.5150267,-0.2296452,0.8258393,moving,1.048231,-6.809357,15.09795,5.985717
05/11/2023 13:10:18.858170,4028,True,True,True,True,Eyes,2.425565,0.1751212,-2.555544,0.006241417,-0.1185602,0.9929273,0.0,0.0,0.0,0.0,0.0,0.0,0.0,-0.6877574,0.6624138,3.190588,2.398005,0.1797518,-2.304107,0.09933268,-0.2881323,0.08209047,0.9488804,13.6397,326.9143,5.820143,0.6736478,0.04878382,-0.7374405,0.0,0.0,0.0,2.912703,-0.01864892,-0.8170767,0.5420401,0.20896,1.9929,0.8204818,0.09854617,0.5631147,-0.21303,0.9667884,0.1412038,-0.5304977,-0.2358155,0.8142256,moving,0.3601494,-6.80915,15.21556,5.985717
05/11/2023 13:10:18.877905,4029,True,True,True,True,Eyes,2.424498,0.1753694,-2.543989,-0.005946159,-0.118804,0.9928999,0.0,0.0,0.0,0.0,0.0,0.0,0.0,-0.6317918,0.6541859,3.193641,2.395736,0.1808053,-2.292209,0.09895226,-0.2971872,0.0816505,0.9461615,13.63764,325.8015,5.651113,0.675051,0.04887037,-0.7361504,0.0,0.0,0.0,2.905079,-0.01961355,-0.8047157,0.5463667,0.2089599,1.9929,0.8100259,0.09569442,0.5785332,-0.2133238,0.9670833,0.1387186,-0.5462152,-0.2357806,0.8037764,moving,-0.343122,-6.823206,15.33131,5.985716
05/11/2023 13:10:18.898065,4030,True,True,True,True,Eyes,2.423343,0.1756442,-2.532459,-0.01838424,-0.1192639,0.9926924,0.0,0.0,0.0,0.0,0.0,0.0,0.0,-0.5758116,0.6563129,3.194269,2.393469,0.1814894,-2.281234,0.1000992,-0.306042,0.08154847,0.9432225,13.81254,324.7103,5.469975,0.6764615,0.04896815,-0.7348479,0.0,0.0,0.0,2.898067,-0.02104355,-0.7914028,0.5508108,0.20896,1.9929,0.7993763,0.09256756,0.5936572,-0.2151058,0.96666,0.1389171,-0.5610054,-0.2387461,0.792637,moving,-1.060972,-6.850785,15.45008,5.985717
05/11/2023 13:10:18.908483,4031,True,True,True,True,Eyes,2.422075,0.1759319,-2.520967,-0.03107834,-0.1197568,0.9923167,0.0,0.0,0.0,0.0,0.0,0.0,0.0,-0.5168817,0.6629471,3.193062,2.390487,0.182487,-2.270371,0.1020145,-0.3151783,0.08163895,0.9399952,14.07831,323.5794,5.27501,0.6778771,0.04907695,-0.7335351,0.0,0.0,0.0,2.889926,-0.01750986,-0.778412,0.5549851,0.2089599,1.9929,0.7879955,0.08917491,0.6091888,-0.2177859,0.9658563,0.1403246,-0.5758753,-0.2432479,0.7805114,moving,-1.793859,-6.881404,15.56152,5.985715
05/11/2023 13:10:18.928168,4032,True,True,True,True,Eyes,2.420708,0.1762162,-2.509511,-0.044052,-0.1202057,0.9917711,0.0,0.0,0.0,0.0,0.0,0.0,0.0,-0.4564382,0.6519608,3.19444,2.387189,0.1831587,-2.259561,0.101093,-0.3246804,0.08125291,0.9368891,14.01573,322.4022,5.121121,0.6792954,0.04919616,-0.7322137,0.0,0.0,0.0,2.882286,-0.02823818,-0.7669693,0.5593372,0.20896,1.9929,0.7759612,0.08660408,0.6248072,-0.2178957,0.9663563,0.1366633,-0.5919508,-0.2421882,0.7687256,moving,-2.543264,-6.910718,15.67757,5.985717
05/11/2023 13:10:18.938427,4033,True,True,True,True,Eyes,2.419232,0.1765168,-2.498084,-0.05720079,-0.1205486,0.9910581,0.0,0.0,0.0,0.0,0.0,0.0,0.0,-0.3955556,0.6406991,3.194863,2.383735,0.1833697,-2.249066,0.09984193,-0.3341625,0.08127458,0.9336817,13.93134,321.2302,5.026682,0.6807147,0.04932482,-0.7308858,0.0,0.0,0.0,2.871405,-0.02331009,-0.7529956,0.5636597,0.20896,1.9929,0.7634597,0.08504232,0.6402321,-0.218496,0.9668521,0.1321233,-0.6077736,-0.240759,0.756734,moving,-3.303269,-6.935174,15.7927,5.985719
05/11/2023 13:10:18.958381,4034,True,True,True,True,Eyes,2.417618,0.1768305,-2.486701,-0.07060373,-0.1207515,0.9901688,0.0,0.0,0.0,0.0,0.0,0.0,0.0,-0.3345377,0.6305276,3.19354,2.37973,0.1840293,-2.238571,0.09883791,-0.3435874,0.08139424,0.9303514,13.8771,320.0617,4.936002,0.6821333,0.04946261,-0.7295527,0.0,0.0,0.0,2.857919,-0.009797513,-0.7378246,0.568108,0.20896,1.9929,0.7506453,0.08353158,0.6554037,-0.2193694,0.9672121,0.1279759,-0.6232244,-0.23984,0.7443576,moving,-4.078558,-6.952913,15.91105,5.985719
05/11/2023 13:10:18.978194,4035,True,True,True,True,Eyes,2.415851,0.1771166,-2.475396,-0.0841428,-0.1208644,0.9890965,0.0,0.0,0.0,0.0,0.0,0.0,0.0,-0.2751431,0.6082855,3.192949,2.375084,0.1846547,-2.228344,0.09640049,-0.3528906,0.08022543,0.9272213,13.61466,318.8965,4.76505,0.6835487,0.04960916,-0.7282166,0.0,0.0,0.0,2.843473,-0.0007734671,-0.7230677,0.572579,0.2089601,1.9929,0.7380642,0.0807358,0.6698828,-0.2168111,0.9685416,0.1221476,-0.6389477,-0.2353907,0.7323504,moving,-4.862466,-6.966821,16.02986,5.985721
05/11/2023 13:10:18.997779,4036,True,True,True,True,Eyes,2.41394,0.1773779,-2.46418,-0.09781799,-0.1211718,0.9878001,0.0,0.0,0.0,0.0,0.0,0.0,0.0,-0.2174642,0.5899911,3.1905,2.370351,0.1843571,-2.218585,0.09486315,-0.3619236,0.0782221,0.9240637,13.41131,317.7493,4.475094,0.6849589,0.04976303,-0.7268799,0.0,0.0,0.0,2.829931,0.009180807,-0.7083257,0.5769143,0.20896,1.9929,0.7257853,0.07589799,0.6837216,-0.2132308,0.9697645,0.1186983,-0.65404,-0.23194,0.7200246,moving,-5.65534,-6.993441,16.14493,5.98572
05/11/2023 13:10:19.012946,4037,True,True,True,True,Eyes,2.411872,0.1776076,-2.453064,-0.1115232,-0.1215873,0.9862956,0.0,0.0,0.0,0.0,0.0,0.0,0.0,-0.1617677,0.5938613,3.183012,2.365244,0.1841189,-2.209553,0.09667826,-0.3703234,0.07712306,0.9206336,13.59937,316.6707,4.153593,0.686361,0.04992287,-0.7255451,0.0,0.0,0.0,2.812374,0.03553925,-0.6913943,0.5812275,0.20896,1.9929,0.7138252,0.0703997,0.6967765,-0.2136086,0.9694107,0.1208895,-0.666952,-0.2351314,0.7070278,moving,-6.451192,-7.027779,16.25928,5.985721
05/11/2023 13:10:19.028450,4038,True,True,True,True,Eyes,2.409647,0.1778201,-2.44207,-0.1253623,-0.1222541,0.9845497,0.0,0.0,0.0,0.0,0.0,0.0,0.0,-0.1057137,0.5992197,3.174172,2.359724,0.1836651,-2.200813,0.09816753,-0.3786151,0.07719801,0.9170902,13.79883,315.6148,3.971399,0.6877527,0.05008734,-0.7242147,0.0,0.0,0.0,2.79484,0.04795863,-0.6765146,0.5856274,0.20896,1.9929,0.7013822,0.06725966,0.709605,-0.2159305,0.9688072,0.1216003,-0.6792917,-0.2385136,0.6940275,moving,-7.256398,-7.078332,16.37579,5.985719
05/11/2023 13:10:19.038432,4039,True,True,True,True,Eyes,2.407252,0.1780315,-2.431203,-0.1392362,-0.1231842,0.9825675,0.0,0.0,0.0,0.0,0.0,0.0,0.0,-0.04624271,0.6131729,3.163101,2.354004,0.1835406,-2.192785,0.1006677,-0.3871601,0.07846794,0.9131352,14.15853,314.5273,3.86479,0.6891313,0.05025562,-0.7228914,0.0,0.0,0.0,2.779749,0.03845388,-0.6636605,0.5899109,0.20896,1.9929,0.6878997,0.06535467,0.7228574,-0.2212527,0.9674177,0.1230871,-0.6912606,-0.2446057,0.6799462,moving,-8.065481,-7.145873,16.48908,5.985719
05/11/2023 13:10:19.058203,4040,True,True,True,True,Eyes,2.404688,0.1782152,-2.420461,-0.1532459,-0.1241934,0.9803529,0.0,0.0,0.0,0.0,0.0,0.0,0.0,0.01629126,0.6323091,3.149612,2.348003,0.1838272,-2.184771,0.103724,-0.3959991,0.08079576,0.9087894,14.62648,313.4026,3.834261,0.6904941,0.05042739,-0.7215779,0.0,0.0,0.0,2.765059,0.03173546,-0.6508219,0.5941201,0.2089601,1.9929,0.6733135,0.06470344,0.7365204,-0.2290019,0.9654268,0.1245364,-0.7029986,-0.2525167,0.6648521,moving,-8.88441,-7.219903,16.60028,5.985722
05/11/2023 13:10:19.079041,4041,True,True,True,True,Eyes,2.401949,0.1783772,-2.409889,-0.1671572,-0.1253492,0.9779295,0.0,0.0,0.0,0.0,0.0,0.0,0.0,0.07568777,0.634618,3.138167,2.341636,0.1833752,-2.17708,0.1042635,-0.4045454,0.08207051,0.9048406,14.77869,312.3157,3.804836,0.6918384,0.05060163,-0.7202767,0.0,0.0,0.0,2.751231,0.02401085,-0.6387113,0.5985265,0.20896,1.9929,0.6592149,0.06416286,0.7492121,-0.23288,0.9647871,0.1222811,-0.7149843,-0.2550861,0.6509443,moving,-9.69981,-7.304241,16.71656,5.985719
05/11/2023 13:10:19.088274,4042,True,True,True,True,Eyes,2.399024,0.1785266,-2.399457,-0.1811391,-0.1266144,0.975273,0.0,0.0,0.0,0.0,0.0,0.0,0.0,0.1332799,0.6569645,3.1221,2.335386,0.1831465,-2.170094,0.1076302,-0.4124959,0.08491463,0.9005846,15.30244,311.294,3.813533,0.693162,0.05077757,-0.7189906,0.0,0.0,0.0,2.738057,0.006716117,-0.6276434,0.602887,0.20896,1.9929,0.6452734,0.06415156,0.7612535,-0.2417396,0.9624104,0.1238064,-0.724696,-0.2639141,0.6365258,moving,-10.52175,-7.397026,16.83148,5.985718
05/11/2023 13:10:19.108328,4043,True,True,True,True,Eyes,2.395939,0.1786676,-2.389144,-0.1950919,-0.1275724,0.9724528,0.0,0.0,0.0,0.0,0.0,0.0,0.0,0.1898612,0.6641145,3.10738,2.328218,0.1830142,-2.163056,0.1085352,-0.4203543,0.08767541,0.8965687,15.5648,310.298,3.926623,0.694463,0.05095488,-0.7177216,0.0,0.0,0.0,2.723809,-0.0008128881,-0.6155811,0.6072595,0.2089601,1.9929,0.6312307,0.06596759,0.7727847,-0.2484605,0.9610663,0.1209091,-0.7347212,-0.268328,0.6230448,moving,-11.344,-7.473736,16.94658,5.985721
05/11/2023 13:10:19.128174,4044,True,True,True,True,Eyes,2.392666,0.1787991,-2.378985,-0.2091245,-0.1284501,0.969416,0.0,0.0,0.0,0.0,0.0,0.0,0.0,0.2452214,0.6540887,3.095479,2.32111,0.1828395,-2.156148,0.1068167,-0.4282494,0.08973082,0.8928276,15.52104,309.3079,4.091049,0.6957392,0.05113322,-0.7164719,0.0,0.0,0.0,2.710208,-0.008486576,-0.6039211,0.6116686,0.2089601,1.9929,0.6171017,0.06873996,0.7838752,-0.2517167,0.9610772,0.1138835,-0.7455362,-0.2675921,0.6103854,moving,-12.17342,-7.547867,17.0625,5.98572
05/11/2023 13:10:19.138282,4045,True,True,True,True,Eyes,2.389195,0.1789146,-2.368965,-0.2231177,-0.1288334,0.9662403,0.0,0.0,0.0,0.0,0.0,0.0,0.0,0.3006052,0.6450599,3.082325,2.313572,0.1827069,-2.149698,0.1052238,-0.4360489,0.09207646,0.8889945,15.50881,308.3278,4.281919,0.6969886,0.05131238,-0.7152436,0.0,0.0,0.0,2.694163,-0.01071858,-0.5913773,0.6159254,0.20896,1.9929,0.6027666,0.07194547,0.7946673,-0.2554764,0.9608997,0.1067871,-0.7559128,-0.2673865,0.5975787,moving,-13.00245,-7.594726,17.17428,5.985719
05/11/2023 13:10:19.158606,4046,True,True,True,True,Eyes,2.385524,0.1789993,-2.359104,-0.2371454,-0.1289972,0.9628717,0.0,0.0,0.0,0.0,0.0,0.0,0.0,0.3529019,0.6174684,3.071784,2.305607,0.1823303,-2.143034,0.101051,-0.4437252,0.09286249,0.8855921,15.1526,307.3652,4.44448,0.6982093,0.05149191,-0.7140391,0.0,0.0,0.0,2.675734,-0.002416417,-0.5772796,0.6202411,0.2089601,1.9929,0.5889691,0.07479887,0.8046867,-0.2541543,0.9623305,0.09656902,-0.7671513,-0.2613907,0.5857934,moving,-13.83599,-7.630556,17.28747,5.985722
05/11/2023 13:10:19.178115,4047,True,True,True,True,Eyes,2.288789,0.1806529,-2.116095,-0.5678474,-0.1190983,0.8144721,0.0,0.0,0.0,0.0,0.0,0.0,0.0,0.4019548,0.594377,3.059872,2.297359,0.1816145,-2.137013,0.09772269,-0.4508699,0.09328291,0.8823066,14.86602,306.4572,4.538941,0.6993996,0.05167107,-0.7128603,0.0,0.0,0.0,2.65678,0.002869815,-0.5633391,0.6246131,0.20896,1.9929,0.5760292,0.07648779,0.8138427,-0.2527287,0.9634972,0.08832587,-0.7773793,-0.2565597,0.5743332,moving,-34.88409,-8.319266,17.40199,5.98572
05/11/2023 13:10:19.188016,4048,True,True,True,True,Eyes,2.288418,0.1806187,-2.11588,-0.5683748,-0.118931,0.8141288,0.0,0.0,0.0,0.0,0.0,0.0,0.0,0.4488767,0.5798277,3.045387,2.288828,0.1811654,-2.13085,0.09576698,-0.4576262,0.09411174,0.8789482,14.74304,305.5895,4.613624,0.7047266,0.05266506,-0.7075213,-0.290205,0.00496088,0.729028,2.638632,0.01072175,-0.5490057,0.6289691,0.2089601,1.9929,0.5634425,0.07778774,0.822485,-0.2530896,0.9639433,0.08221243,-0.7864339,-0.2544844,0.5628139,moving,-34.92038,-8.311197,17.51595,5.985721
05/11/2023 13:10:19.208524,4049,True,True,True,True,Eyes,2.28769,0.180539,-2.115467,-0.5694023,-0.1187169,0.8134416,0.0,0.0,0.0,0.0,0.0,0.0,0.0,0.4969081,0.5596572,3.031077,2.279777,0.1802586,-2.125485,0.09295008,-0.464523,0.09454022,0.8755803,14.51318,304.7031,4.692657,0.709007,0.05346287,-0.7031714,-0.2727927,0.004663227,0.6852863,2.62078,0.01943461,-0.534847,0.6334367,0.20896,1.9929,0.550561,0.07920017,0.8310294,-0.25191,0.9648449,0.07493828,-0.7958792,-0.2506027,0.5511572,moving,-34.9917,-8.303349,17.63269,5.985717
05/11/2023 13:10:19.228477,4050,True,True,True,True,Eyes,2.286598,0.1804108,-2.114879,-0.5712491,-0.1186831,0.8121508,0.0,0.0,0.0,0.0,0.0,0.0,0.0,0.5456333,0.547783,3.014318,2.270723,0.1790767,-2.120294,0.0915609,-0.471467,0.09487677,0.8719715,14.4266,303.7941,4.686285,0.7124593,0.05410448,-0.6996241,-0.2564251,0.004383433,0.6441691,2.602681,0.0225685,-0.5212213,0.6377646,0.20896,1.9929,0.5374346,0.07912377,0.8395854,-0.2517955,0.96523,0.07021445,-0.8048373,-0.2491395,0.538671,moving,-35.12172,-8.314028,17.74563,5.985719
05/11/2023 13:10:19.238396,4051,True,True,True,True,Eyes,2.285143,0.180231,-2.114138,-0.573711,-0.1188095,0.8103949,0.0,0.0,0.0,0.0,0.0,0.0,0.0,0.5949306,0.5420906,2.995348,2.261104,0.1777802,-2.11559,0.09124225,-0.4783694,0.09522295,0.8681994,14.45008,302.8777,4.623041,0.7152502,0.05462068,-0.6967302,-0.2410396,0.004120427,0.6055189,2.583173,0.02237009,-0.5076631,0.6420656,0.20896,1.9929,0.5241907,0.07805002,0.8480167,-0.25264,0.9652148,0.06732941,-0.8132633,-0.2495364,0.5256752,moving,-35.2962,-8.340537,17.85773,5.98572
05/11/2023 13:10:19.258130,4052,True,True,True,True,Eyes,2.283337,0.1799865,-2.11327,-0.5765591,-0.1189924,0.8083442,0.0,0.0,0.0,0.0,0.0,0.0,0.0,0.6424744,0.53383,2.976188,2.251331,0.176401,-2.110884,0.09045552,-0.4850644,0.09562776,0.8645148,14.42849,301.9899,4.595271,0.7175093,0.0550354,-0.6943709,-0.2265773,0.003873202,0.5691878,2.563515,0.01705204,-0.4945367,0.6462748,0.20896,1.9929,0.5111359,0.07758972,0.8559907,-0.2530967,0.9653463,0.06362905,-0.8213905,-0.2491715,0.5130608,moving,-35.49872,-8.37409,17.96729,5.985718
05/11/2023 13:10:19.278228,4053,True,True,True,True,Eyes,2.281179,0.1796805,-2.112288,-0.5798634,-0.1193961,0.8059174,0.0,0.0,0.0,0.0,0.0,0.0,0.0,0.6908023,0.531226,2.955307,2.241316,0.1746147,-2.106955,0.09034561,-0.4916766,0.09682461,0.8606492,14.52039,301.1103,4.610993,0.7193375,0.05536701,-0.6924504,-0.2129826,0.00364081,0.5350366,2.543934,0.01078353,-0.4814193,0.6506115,0.20896,1.9929,0.4977584,0.0778224,0.8638174,-0.2555057,0.9649253,0.06029898,-0.8288267,-0.2507245,0.5001838,moving,-35.73529,-8.427032,18.08004,5.98572
05/11/2023 13:10:19.298009,4054,True,True,True,True,Eyes,2.278673,0.179314,-2.111206,-0.583436,-0.119914,0.8032578,0.0,0.0,0.0,0.0,0.0,0.0,0.0,0.7364268,0.5303291,2.933693,2.231078,0.1728947,-2.102981,0.0906537,-0.4979411,0.09768579,0.8569096,14.63424,300.2666,4.572568,0.7208145,0.05563011,-0.6908917,-0.2002037,0.003422361,0.5029344,2.520216,0.003386565,-0.4695843,0.6506114,0.2089601,1.9929,0.4850244,0.07713535,0.871092,-0.2576962,0.9644788,0.05808051,-0.8356698,-0.2526476,0.4876732,static,-35.9923,-8.490674,18.08003,5.985721
05/11/2023 13:10:19.314210,4055,True,True,True,True,Eyes,2.275815,0.1788955,-2.110039,-0.5872924,-0.1205195,0.8003516,0.0,0.0,0.0,0.0,0.0,0.0,0.0,0.7784967,0.5331743,2.91149,2.220386,0.1711111,-2.099456,0.09147872,-0.5035732,0.09891845,0.8533822,14.8185,299.5031,4.550438,0.7220039,0.05583638,-0.6896318,-0.1881914,0.003217019,0.4727583,2.49629,-0.007570595,-0.4582941,0.6506118,0.2089601,1.9929,0.4732584,0.076698,0.8775785,-0.2609629,0.9636936,0.05650723,-0.8413827,-0.255758,0.4760914,static,-36.27096,-8.563442,18.08004,5.98572
05/11/2023 13:10:19.328643,4056,True,True,True,True,Eyes,2.272609,0.1784228,-2.108808,-0.5913545,-0.121064,0.7972724,0.0,0.0,0.0,0.0,0.0,0.0,0.0,0.8164835,0.5299139,2.890657,2.209407,0.1694863,-2.095984,0.0913351,-0.5086982,0.09993246,0.8502339,14.89114,298.8131,4.570404,0.72302,0.05600806,-0.6885524,-0.1769,0.003023998,0.4443928,2.470901,-0.01586748,-0.4469512,0.6506115,0.20896,1.9929,0.4624793,0.07700792,0.8832796,-0.2628559,0.9633428,0.05364145,-0.8467702,-0.2569833,0.4657681,static,-36.56514,-8.634278,18.08003,5.985719
05/11/2023 13:10:19.338271,4057,True,True,True,True,Eyes,2.269051,0.1778921,-2.107525,-0.5956525,-0.1214831,0.7940025,0.0,0.0,0.0,0.0,0.0,0.0,0.0,0.8531531,0.5204353,2.870883,2.198006,0.1676967,-2.093165,0.09017846,-0.5136366,0.1006806,0.8472948,14.84719,298.1541,4.626945,0.7239055,0.05615321,-0.6876096,-0.166286,0.002842558,0.4177293,2.445909,-0.02403166,-0.43537,0.6506114,0.2089601,1.9929,0.4520815,0.07797439,0.8885618,-0.2632503,0.9634625,0.04938898,-0.852245,-0.256242,0.4560904,static,-36.87685,-8.698847,18.08003,5.985721
05/11/2023 13:10:19.358735,4058,True,True,True,True,Eyes,2.265148,0.1773036,-2.106204,-0.6001166,-0.1218529,0.790577,0.0,0.0,0.0,0.0,0.0,0.0,0.0,0.8881928,0.5084492,2.851249,2.186327,0.1657726,-2.090341,0.08862662,-0.5183972,0.1012347,0.8444886,14.75273,297.5196,4.691576,0.7246688,0.05627308,-0.6867953,-0.1563088,0.002672005,0.3926655,2.418311,-0.02594254,-0.42327,0.6506113,0.2089601,1.9929,0.4420317,0.07909562,0.8935053,-0.2628708,0.9637936,0.0447287,-0.857617,-0.2546479,0.4468193,static,-37.20166,-8.762136,18.08003,5.985721
05/11/2023 13:10:19.378323,4059,True,True,True,True,Eyes,2.260902,0.1766603,-2.104854,-0.6047502,-0.1221781,0.7869878,0.0,0.0,0.0,0.0,0.0,0.0,0.0,0.9236846,0.4993519,2.830533,2.174297,0.1637767,-2.088079,0.08745499,-0.5230921,0.1022869,0.8415841,14.72692,296.8921,4.784731,0.7253181,0.05636891,-0.6861016,-0.1469303,0.002511684,0.3691056,2.39043,-0.02456459,-0.4110055,0.6506116,0.20896,1.9929,0.4318242,0.08067208,0.898343,-0.2636601,0.963778,0.04019049,-0.8625609,-0.2542124,0.4374527,static,-37.53999,-8.824595,18.08004,5.985719
05/11/2023 13:10:19.398244,4060,True,True,True,True,Eyes,2.256319,0.1759747,-2.103495,-0.6095083,-0.1225157,0.7832558,0.0,0.0,0.0,0.0,0.0,0.0,0.0,0.9577653,0.4917589,2.809327,2.162054,0.1618089,-2.085857,0.08649915,-0.5275617,0.1035779,0.8387303,14.73722,296.2933,4.892484,0.7258599,0.05644175,-0.6855226,-0.1381145,0.002360983,0.3469592,2.362175,-0.02686094,-0.3995814,0.6506114,0.20896,1.9929,0.4219008,0.08248057,0.9028825,-0.2650151,0.9635791,0.03581145,-0.8670449,-0.2543863,0.4283933,static,-37.88908,-8.890086,18.08003,5.985721
05/11/2023 13:10:19.408705,4061,True,True,True,True,Eyes,2.251404,0.1752681,-2.102118,-0.6143941,-0.1228537,0.7793759,0.0,0.0,0.0,0.0,0.0,0.0,0.0,0.9921852,0.4864494,2.787288,2.149516,0.1601054,-2.084222,0.08602459,-0.5320034,0.1048348,0.8358123,14.79407,295.6909,4.967109,0.7263003,0.05649303,-0.6850516,-0.1298276,0.002219324,0.3261417,2.333779,-0.0298212,-0.3881237,0.6506113,0.2089601,1.9929,0.4119642,0.08371363,0.9073465,-0.2667751,0.9632189,0.03225589,-0.871273,-0.2553457,0.4191444,static,-38.24926,-8.957878,18.08003,5.985721
05/11/2023 13:10:19.428277,4062,True,True,True,True,Eyes,2.246152,0.1745495,-2.100757,-0.619346,-0.1232126,0.7753897,0.0,0.0,0.0,0.0,0.0,0.0,0.0,1.023516,0.484643,2.765097,2.136634,0.1588709,-2.082734,0.08629439,-0.5359741,0.105814,0.8331197,14.90483,295.1421,4.975305,0.7266448,0.05652466,-0.6846836,-0.1220379,0.002086165,0.3065732,2.304442,-0.02990724,-0.3766865,0.6506114,0.20896,1.9929,0.4030702,0.0838084,0.9113235,-0.2688146,0.9627134,0.03035994,-0.8747988,-0.2572143,0.4105701,static,-38.61627,-9.029046,18.08003,5.98572
05/11/2023 13:10:19.438264,4063,True,True,True,True,Eyes,2.240555,0.1738149,-2.099457,-0.6243498,-0.1235031,0.7713199,0.0,0.0,0.0,0.0,0.0,0.0,0.0,1.054005,0.4797388,2.743415,2.123411,0.1578732,-2.081731,0.08621266,-0.5398535,0.1062192,0.8305678,14.94529,294.6034,4.949555,0.7268979,0.05653865,-0.6844128,-0.1147157,0.001960995,0.2881788,2.275335,-0.03127109,-0.3658149,0.6506115,0.20896,1.9929,0.3945514,0.08336005,0.9150847,-0.2695289,0.9625697,0.02852535,-0.8784551,-0.2578965,0.4022512,static,-38.98866,-9.096937,18.08004,5.985718
05/11/2023 13:10:19.458687,4064,True,True,True,True,Eyes,2.234631,0.1730835,-2.098194,-0.6293859,-0.1237737,0.7671723,0.0,0.0,0.0,0.0,0.0,0.0,0.0,1.082804,0.4731889,2.722304,2.110039,0.1568732,-2.08097,0.08592263,-0.5435277,0.1062141,0.8281991,14.93854,294.0909,4.900008,0.7270624,0.05653659,-0.684238,-0.1078327,0.001843335,0.2708881,2.244426,-0.03592503,-0.3555332,0.6506119,0.2089599,1.9929,0.3865924,0.08253022,0.9185505,-0.2693355,0.9626718,0.02686143,-0.8820457,-0.2577827,0.3943899,static,-39.36535,-9.16498,18.08005,5.985717
05/11/2023 13:10:19.478011,4065,True,True,True,True,Eyes,2.228374,0.1724014,-2.096982,-0.6344745,-0.1239232,0.7629451,0.0,0.0,0.0,0.0,0.0,0.0,0.0,1.110411,0.4653196,2.701568,2.09638,0.1562207,-2.080574,0.08546551,-0.5470082,0.1061486,0.8259602,14.91054,293.6056,4.858795,0.7271413,0.05652051,-0.6841554,-0.1013628,0.001732735,0.2546348,2.211413,-0.03314792,-0.3450464,0.6506113,0.20896,1.9929,0.379029,0.08184838,0.9217581,-0.2688497,0.9628562,0.0250539,-0.8854699,-0.2573105,0.3869553,static,-39.74733,-9.225833,18.08003,5.98572
05/11/2023 13:10:19.498225,4066,True,True,True,True,Eyes,2.221785,0.1718246,-2.095795,-0.6395785,-0.123934,0.7586697,0.0,0.0,0.0,0.0,0.0,0.0,0.0,1.136506,0.4562885,2.681186,2.082375,0.1566328,-2.080332,0.08493148,-0.5502445,0.1063027,0.8238433,14.8877,293.156,4.848692,0.7271369,0.05649376,-0.6841624,-0.095281,0.001628771,0.2393567,2.177959,-0.03898795,-0.3362667,0.6506114,0.20896,1.9929,0.3718617,0.08168729,0.9246871,-0.2686196,0.9629728,0.02295554,-0.8885734,-0.2569253,0.3800355,static,-40.13177,-9.277722,18.08003,5.98572
05/11/2023 13:10:19.513251,4067,True,True,True,True,Eyes,2.214855,0.1713574,-2.094662,-0.6447439,-0.1235962,0.7543404,0.0,0.0,0.0,0.0,0.0,0.0,0.0,1.160599,0.4372721,2.66236,2.067876,0.1585543,-2.079689,0.08306061,-0.5534133,0.1056844,0.8219888,14.68614,292.7238,4.851416,0.7270514,0.05646119,-0.6842559,-0.08956414,0.001531044,0.2249953,2.14539,-0.04637473,-0.3276865,0.6506114,0.20896,1.9929,0.365129,0.081809,0.9273555,-0.2656764,0.9638635,0.01957554,-0.8922427,-0.253524,0.3736693,static,-40.52091,-9.305044,18.08003,5.98572
05/11/2023 13:10:19.528331,4068,True,True,True,True,Eyes,2.207612,0.1710186,-2.09356,-0.6499653,-0.1229682,0.7499493,0.0,0.0,0.0,0.0,0.0,0.0,0.0,1.184194,0.4079078,2.645066,2.053018,0.1607861,-2.079506,0.07925062,-0.5564859,0.1059463,0.820255,14.35486,292.3305,5.069328,0.7268863,0.0564273,-0.6844338,-0.08419029,0.001439182,0.2114956,2.110548,-0.04446869,-0.3188258,0.6506113,0.2089601,1.9929,0.3581977,0.08560232,0.9297132,-0.2620097,0.9649894,0.01209614,-0.8961279,-0.2479267,0.3680856,static,-40.91479,-9.311851,18.08003,5.985721
05/11/2023 13:10:19.538075,4069,True,True,True,True,Eyes,2.200059,0.1708247,-2.092511,-0.6552186,-0.122356,0.7454646,0.0,0.0,0.0,0.0,0.0,0.0,0.0,1.209743,0.3745999,2.62689,2.03836,0.1634292,-2.079117,0.07486009,-0.5599967,0.1061411,0.8182507,13.96835,291.8772,5.312936,0.7266435,0.05639677,-0.6846935,-0.07913887,0.001352831,0.1988058,2.075727,-0.04803666,-0.3111831,0.6506116,0.20896,1.9929,0.3502758,0.08985729,0.9323265,-0.2575429,0.9662601,0.003631284,-0.9005436,-0.241386,0.3615996,static,-41.31353,-9.32107,18.08003,5.985719
05/11/2023 13:10:19.558346,4070,True,True,True,True,Eyes,2.192209,0.1707306,-2.091475,-0.660504,-0.1214357,0.7409371,0.0,0.0,0.0,0.0,0.0,0.0,0.0,1.238648,0.3608323,2.603878,2.02365,0.1667227,-2.078863,0.07371427,-0.5636663,0.1083532,0.8155404,14.02729,291.3808,5.538251,0.7263254,0.05637446,-0.685033,-0.07439054,0.001271661,0.1868775,2.03669,-0.03627178,-0.302783,0.6506115,0.20896,1.9929,0.3410798,0.09363235,0.9353597,-0.2598333,0.9656516,-0.001916177,-0.9034109,-0.242384,0.3536931,static,-41.71523,-9.307723,18.08003,5.985718
05/11/2023 13:10:19.578510,4071,True,True,True,True,Eyes,2.184139,0.1706743,-2.090486,-0.6656991,-0.120822,0.7363741,0.0,0.0,0.0,0.0,0.0,0.0,0.0,1.26095,0.3274858,2.585526,2.008769,0.1689391,-2.078099,0.06952171,-0.5669646,0.1066929,0.8138393,13.54101,290.9388,5.597551,0.7259331,0.05636311,-0.6854498,-0.0699271,0.001195361,0.1756648,1.998083,-0.02791442,-0.296406,0.6506114,0.20896,1.9929,0.3343354,0.09482897,0.9376712,-0.2524944,0.9675667,-0.007823167,-0.9080013,-0.2341412,0.3474357,static,-42.11431,-9.317895,18.08003,5.98572
05/11/2023 13:10:19.588600,4072,True,True,True,True,Eyes,2.175858,0.1706271,-2.089523,-0.6708087,-0.120401,0.7317918,0.0,0.0,0.0,0.0,0.0,0.0,0.0,1.282408,0.3279779,2.564549,1.99559,0.1698327,-2.077939,0.07034177,-0.569464,0.1087216,0.8117527,13.77008,290.5872,5.695896,0.7254697,0.05636315,-0.6859404,-0.06573148,0.00112364,0.1651249,1.957654,-0.04284782,-0.2932197,0.6506114,0.2089599,1.9929,0.3277806,0.09639593,0.9398233,-0.2566243,0.9664633,-0.009625865,-0.9092326,-0.2380264,0.3415255,static,-42.51043,-9.343117,18.08003,5.985717
05/11/2023 13:10:19.608318,4073,True,True,True,True,Eyes,2.167422,0.1705657,-2.088607,-0.675799,-0.1204573,0.7271765,0.0,0.0,0.0,0.0,0.0,0.0,0.0,1.303085,0.3283753,2.543237,1.982049,0.1702968,-2.077594,0.07099377,-0.5718099,0.1115053,0.8096666,14.03309,290.2625,5.879193,0.7249371,0.05637404,-0.6865025,-0.06178759,0.001056221,0.1552174,1.913634,-0.02361026,-0.2881539,0.6506116,0.20896,1.9929,0.3212,0.09937433,0.941783,-0.2617541,0.9650529,-0.01255711,-0.9101183,-0.2424822,0.3359867,static,-42.90274,-9.405678,18.08003,5.985719
05/11/2023 13:10:19.628406,4074,True,True,True,True,Eyes,2.158847,0.1705361,-2.087706,-0.6806932,-0.1210947,0.7224907,0.0,0.0,0.0,0.0,0.0,0.0,0.0,1.325989,0.3420997,2.52015,1.970357,0.1697147,-2.077336,0.07334953,-0.574152,0.1175976,0.8069326,14.67963,289.9422,6.264652,0.7243385,0.05639441,-0.6871325,-0.05808033,0.0009928481,0.1459044,1.870944,-0.01205398,-0.2853933,0.6506113,0.20896,1.9929,0.3130405,0.1055592,0.9438555,-0.2740143,0.9615813,-0.01666156,-0.9093525,-0.2534141,0.3299387,static,-43.2938,-9.514749,18.08003,5.985719
05/11/2023 13:10:19.638075,4075,True,True,True,True,Eyes,2.150111,0.1705801,-2.086776,-0.6855392,-0.1217702,0.7177799,0.0,0.0,0.0,0.0,0.0,0.0,0.0,1.352393,0.3673578,2.492751,1.958527,0.170536,-2.076732,0.0777691,-0.5766421,0.126641,0.8033665,15.72421,289.5983,6.788934,0.7236775,0.05642456,-0.6878263,-0.05459552,0.0009332772,0.1371501,1.830077,-0.02406948,-0.285562,0.6506113,0.20896,1.9929,0.3028919,0.1137884,0.9462075,-0.2931681,0.9558281,-0.02109883,-0.9068124,-0.2710072,0.3228717,static,-43.68388,-9.628468,18.08003,5.985719
05/11/2023 13:10:19.658591,4076,True,True,True,True,Eyes,2.141238,0.1706708,-2.085835,-0.6903557,-0.1223125,0.7130559,0.0,0.0,0.0,0.0,0.0,0.0,0.0,1.374246,0.360584,2.470846,1.945863,0.1722628,-2.075474,0.07732652,-0.5793111,0.1313998,0.8007206,16.02618,289.2476,7.222502,0.7229569,0.05646627,-0.6885803,-0.05131979,0.0008772805,0.1289211,1.78962,-0.02474023,-0.2849755,0.6506115,0.2089601,1.9929,0.2942655,0.1208367,0.948054,-0.3000211,0.9535095,-0.02840879,-0.9074113,-0.2760765,0.3168385,static,-44.07332,-9.733383,18.08003,5.985719
05/11/2023 13:10:19.678194,4077,True,True,True,True,Eyes,2.132248,0.1707664,-2.084886,-0.6951274,-0.1227831,0.7083235,0.0,0.0,0.0,0.0,0.0,0.0,0.0,1.391344,0.3431776,2.453236,1.933784,0.173435,-2.074218,0.07532595,-0.5818244,0.1322082,0.798954,15.91482,288.907,7.384663,0.7221807,0.05652013,-0.6893901,-0.0482406,0.0008246437,0.1211859,1.750576,-0.0320889,-0.2863197,0.6506116,0.2089601,1.9929,0.2880028,0.1236036,0.9496191,-0.2989095,0.9536939,-0.03347999,-0.9097843,-0.2742079,0.3116129,static,-44.46128,-9.834112,18.08004,5.98572
05/11/2023 13:10:19.688182,4078,True,True,True,True,Eyes,2.123134,0.1709101,-2.083915,-0.6999202,-0.1230618,0.7035393,0.0,0.0,0.0,0.0,0.0,0.0,0.0,1.407705,0.3327749,2.43506,1.922038,0.1736443,-2.073043,0.0745585,-0.5842799,0.1315683,0.7973381,15.82154,288.5523,7.325933,0.7213508,0.05658539,-0.6902531,-0.04534616,0.0007751651,0.1139147,1.709996,-0.04243816,-0.2892225,0.6506113,0.20896,1.9929,0.2826137,0.1226828,0.9513562,-0.2969349,0.9542616,-0.03484877,-0.9121181,-0.2726421,0.3061161,static,-44.85225,-9.921693,18.08003,5.985719
05/11/2023 13:10:19.708475,4079,True,True,True,True,Eyes,2.113902,0.1710733,-2.082905,-0.7048479,-0.1228887,0.6986328,0.0,0.0,0.0,0.0,0.0,0.0,0.0,1.424787,0.3182166,2.416464,1.909957,0.1748699,-2.071729,0.07329848,-0.5869879,0.1305473,0.7956318,15.65812,288.1625,7.260133,0.7204708,0.05666271,-0.6911653,-0.04262539,0.0007286552,0.1070798,1.666808,-0.04122274,-0.2925043,0.6506113,0.20896,1.9929,0.2768052,0.1216845,0.9531903,-0.2937858,0.9551694,-0.03662217,-0.9149146,-0.2698966,0.3001451,static,-45.25373,-9.976206,18.08003,5.98572
05/11/2023 13:10:19.728049,4080,True,True,True,True,Eyes,2.104583,0.1712047,-2.081864,-0.7098141,-0.1224518,0.6936638,0.0,0.0,0.0,0.0,0.0,0.0,0.0,1.443948,0.2827905,2.398615,1.897867,0.1753064,-2.070188,0.06840257,-0.5905834,0.1277473,0.7938595,15.0401,287.6655,7.259334,0.7195425,0.05675188,-0.6921244,-0.04006787,0.0006849359,0.100655,1.623562,-0.03907593,-0.2968197,0.6506115,0.20896,1.9929,0.2697839,0.122032,0.9551569,-0.2836217,0.9580034,-0.04228683,-0.920204,-0.259495,0.2930648,static,-45.6593,-10.01123,18.08004,5.985719
05/11/2023 13:10:19.738278,4081,True,True,True,True,Eyes,2.095182,0.1713425,-2.080788,-0.71474,-0.1221959,0.6886326,0.0,0.0,0.0,0.0,0.0,0.0,0.0,1.463024,0.2584413,2.379168,1.88656,0.1746206,-2.068349,0.06516406,-0.5940517,0.1254386,0.7919101,14.61023,287.1731,7.198215,0.7185694,0.05685088,-0.6931265,-0.0376638,0.0006438397,0.09461574,1.580245,-0.03749263,-0.3019858,0.6506113,0.20896,1.9929,0.2627355,0.1212506,0.9572191,-0.2760938,0.9600376,-0.04582593,-0.9245227,-0.2522422,0.2857125,static,-46.06577,-10.06223,18.08003,5.98572
05/11/2023 13:10:19.758549,4082,True,True,True,True,Eyes,2.085678,0.1714773,-2.07966,-0.7196278,-0.1218212,0.6835901,0.0,0.0,0.0,0.0,0.0,0.0,0.0,1.481336,0.2632134,2.356694,1.875231,0.1749247,-2.066533,0.06688996,-0.5966229,0.1271105,0.789563,14.91002,286.7897,7.187689,0.7175543,0.05695913,-0.6941684,0.0,0.0,0.0,1.536613,-0.02954139,-0.3074859,0.6506116,0.20896,1.9929,0.2557681,0.1209074,0.9591475,-0.2805397,0.9587373,-0.04604643,-0.9251379,-0.2573018,0.2791337,static,-46.47116,-10.10449,18.08003,5.985718
05/11/2023 13:10:19.778348,4083,True,True,True,True,Eyes,2.076136,0.1715927,-2.078501,-0.7244073,-0.1217187,0.6785416,0.0,0.0,0.0,0.0,0.0,0.0,0.0,1.495953,0.2476598,2.337512,1.863322,0.1749579,-2.06412,0.06509385,-0.5992026,0.126432,0.7878669,14.71951,286.4224,7.199667,0.7164997,0.05707591,-0.6952474,0.0,0.0,0.0,1.494562,-0.02585398,-0.314007,0.6506116,0.20896,1.9929,0.2499424,0.1212144,0.9606436,-0.277232,0.9595554,-0.04894621,-0.9277238,-0.2540873,0.2734381,static,-46.87246,-10.16971,18.08004,5.985719
05/11/2023 13:10:19.788104,4084,True,True,True,True,Eyes,2.066531,0.1716976,-2.077293,-0.729014,-0.1219992,0.673539,0.0,0.0,0.0,0.0,0.0,0.0,0.0,1.509812,0.2565228,2.317526,1.852923,0.1746797,-2.062142,0.0673576,-0.6010915,0.1279888,0.7859842,15.05522,286.1314,7.151371,0.7154077,0.05719992,-0.6963608,0.0,0.0,0.0,1.455863,-0.03610352,-0.321926,0.6506115,0.2089601,1.9929,0.2446159,0.1202181,0.9621387,-0.2821704,0.9581637,-0.04798191,-0.9276546,-0.2597499,0.268304,static,-47.26503,-10.26676,18.08003,5.98572
05/11/2023 13:10:19.808200,4085,True,True,True,True,Eyes,2.056871,0.1717846,-2.076055,-0.733551,-0.1223473,0.6685314,0.0,0.0,0.0,0.0,0.0,0.0,0.0,1.521464,0.2754545,2.296663,1.841829,0.1746308,-2.059747,0.07145027,-0.6024389,0.1301756,0.7842299,15.59957,285.9035,7.042324,0.7142814,0.05733025,-0.6975053,0.0,0.0,0.0,1.41717,-0.04546668,-0.330599,0.6506115,0.2089601,1.9929,0.2402436,0.1180864,0.9635032,-0.290264,0.9558983,-0.04477879,-0.9262989,-0.2689125,0.2639247,static,-47.65511,-10.37088,18.08003,5.985721
05/11/2023 13:10:19.828400,4086,True,True,True,True,Eyes,2.047184,0.1718629,-2.074765,-0.7379189,-0.1229823,0.6635895,0.0,0.0,0.0,0.0,0.0,0.0,0.0,1.531171,0.2744201,2.27943,1.831012,0.1743915,-2.057322,0.07198711,-0.6039633,0.1307109,0.7829183,15.70052,285.6746,7.02365,0.7131227,0.05746587,-0.6986788,0.0,0.0,0.0,1.377713,-0.05926197,-0.3417011,0.6506116,0.20896,1.9929,0.236286,0.1177167,0.9645268,-0.291627,0.955465,-0.04516912,-0.9268888,-0.2706092,0.2600924,static,-48.03585,-10.49944,18.08004,5.98572
05/11/2023 13:10:19.838091,4087,True,True,True,True,Eyes,2.037438,0.171949,-2.073436,-0.7422716,-0.1236399,0.658594,0.0,0.0,0.0,0.0,0.0,0.0,0.0,1.540534,0.2863724,2.261031,1.820705,0.1743219,-2.054789,0.07471237,-0.6050245,0.1338493,0.7813118,16.18332,285.5048,7.102808,0.7119339,0.05760617,-0.6998787,0.0,0.0,0.0,1.337211,-0.07558082,-0.3545752,0.6506114,0.20896,1.9929,0.2320595,0.1187505,0.9654258,-0.2995617,0.9530049,-0.04521695,-0.9254249,-0.2787115,0.2567269,static,-48.41838,-10.63256,18.08003,5.985717
05/11/2023 13:10:19.858364,4088,True,True,True,True,Eyes,1.792593,0.1741708,-2.038741,-0.8399644,-0.1362401,0.5252603,0.0,0.0,0.0,0.0,0.0,0.0,0.0,1.551349,0.2854912,2.242303,1.809647,0.1748625,-2.052001,0.07544406,-0.6067326,0.1352827,0.7796682,16.36787,285.2498,7.14876,0.7107165,0.05775114,-0.701103,0.0,0.0,0.0,1.296974,-0.08163881,-0.3668154,0.6506114,0.20896,1.9929,0.2271482,0.1194024,0.9665129,-0.3024999,0.9520136,-0.04651816,-0.9256877,-0.2818035,0.2523673,static,-57.98076,-14.54074,18.08003,5.985721
05/11/2023 13:10:19.878223,4089,True,True,True,True,Eyes,1.792148,0.1741807,-2.038641,-0.8402039,-0.1360441,0.524928,2.081266,0.04345977,-0.1089633,-0.946126,0.7726029,-0.1460549,-0.6178616,0.6439532,0.203837,1.98047,1.798776,0.1750097,-2.049173,0.07463099,-0.6089644,0.1344835,0.7781431,16.25654,284.9206,7.084361,0.7031686,0.05871945,-0.7085934,-0.7345326,0.006665424,0.1040847,1.260447,-0.09996483,-0.3804103,0.6506115,0.2089601,1.9929,0.2221531,0.1183996,0.9677962,-0.30019,0.9526888,-0.04764412,-0.9276496,-0.2799385,0.2471852,static,-58.0044,-14.52951,18.08003,5.98572
05/11/2023 13:10:19.898552,4090,True,True,True,True,Eyes,1.791254,0.1741903,-2.038417,-0.8406127,-0.1356323,0.5243798,2.102924,0.02350962,-0.111034,-0.9356866,0.6504377,-0.4560051,0.6074457,0.6607637,0.1990866,1.987927,1.787817,0.1751399,-2.046283,0.0740533,-0.6114303,0.133494,0.7764332,16.15516,284.5521,6.981044,0.6969817,0.05949983,-0.7146152,-0.6904606,0.006265498,0.09783965,1.22276,-0.1079929,-0.3933426,0.6506115,0.20896,1.9929,0.2166646,0.1167415,0.969241,-0.2978552,0.953391,-0.04824971,-0.9296982,-0.2782395,0.2413381,static,-58.04381,-14.50189,18.08003,5.985718
05/11/2023 13:10:19.913142,4091,True,True,True,True,Eyes,1.789948,0.174171,-2.038065,-0.841296,-0.1349928,0.5234481,0.0,0.0,0.0,0.0,0.0,0.0,0.0,1.588556,0.2478873,2.185132,1.776236,0.1751068,-2.043057,0.0717047,-0.6143388,0.1308478,0.7748067,15.77642,284.1279,6.843042,0.6918984,0.06013225,-0.7194855,-0.649033,0.005889568,0.09196927,1.184226,-0.1048951,-0.4059155,0.6506116,0.20896,1.9929,0.2109337,0.1146615,0.9707522,-0.2908654,0.9554746,-0.04965512,-0.9332227,-0.2718843,0.2348928,static,-58.11043,-14.461,18.08004,5.985719
05/11/2023 13:10:19.928195,4092,True,True,True,True,Eyes,1.788238,0.1741113,-2.037589,-0.8421274,-0.1343331,0.5222796,0.0,0.0,0.0,0.0,0.0,0.0,0.0,1.603388,0.2312186,2.163942,1.765052,0.1742952,-2.039894,0.06960835,-0.6175264,0.1285309,0.7728491,15.44635,283.6601,6.714572,0.6877088,0.06064672,-0.7234482,-0.610091,0.005536194,0.08645111,1.145896,-0.1025693,-0.419449,0.6506115,0.2089599,1.9929,0.2042821,0.1127001,0.9724029,-0.28464,0.957269,-0.05114898,-0.9366157,-0.266336,0.2276319,static,-58.19319,-14.42414,18.08003,5.985717
05/11/2023 13:10:19.938004,4093,True,True,True,True,Eyes,1.786125,0.1740223,-2.037009,-0.8431705,-0.13363,0.5207748,0.0,0.0,0.0,0.0,0.0,0.0,0.0,1.619397,0.2231654,2.140175,1.753728,0.1732705,-2.036422,0.06903882,-0.6207565,0.1273559,0.7705034,15.33744,283.1739,6.582062,0.684241,0.06106632,-0.7266938,-0.5734856,0.005204023,0.08126405,1.106833,-0.08884156,-0.4318889,0.6506116,0.2089601,1.9929,0.1968836,0.1105437,0.974175,-0.2819689,0.9580283,-0.05172472,-0.9390051,-0.2645033,0.21979,static,-58.29891,-14.39151,18.08003,5.985721
05/11/2023 13:10:19.958495,4094,True,True,True,True,Eyes,1.783628,0.1738938,-2.036298,-0.8443438,-0.132876,0.5190642,0.0,0.0,0.0,0.0,0.0,0.0,0.0,1.6349,0.2137845,2.116308,1.742153,0.17251,-2.032856,0.06825566,-0.6239656,0.1261986,0.7681679,15.2096,282.6921,6.468154,0.6813535,0.06140962,-0.729373,-0.5390764,0.004891782,0.0763882,1.070081,-0.07858699,-0.4444721,0.6506115,0.2089601,1.9929,0.1894816,0.1087051,0.9758483,-0.2790618,0.9588301,-0.05262358,-0.9413932,-0.2623508,0.2120161,static,-58.41868,-14.35888,18.08003,5.985721
05/11/2023 13:10:19.978536,4095,True,True,True,True,Eyes,1.780761,0.1737258,-2.035465,-0.8456915,-0.132177,0.5170446,0.0,0.0,0.0,0.0,0.0,0.0,0.0,1.649266,0.2031555,2.092706,1.730516,0.1714182,-2.028965,0.06713163,-0.6270604,0.1253527,0.7658821,15.07227,282.2317,6.411066,0.6789311,0.06169099,-0.7316048,-0.5067319,0.004598275,0.07180491,1.03524,-0.07396137,-0.4569207,0.6506114,0.20896,1.9929,0.1821641,0.1078196,0.9773389,-0.2762019,0.9595601,-0.05437754,-0.9436784,-0.2600372,0.2045773,static,-58.55893,-14.33995,18.08003,5.985719
05/11/2023 13:10:19.998264,4096,True,True,True,True,Eyes,1.777536,0.1735022,-2.034495,-0.8471422,-0.1314213,0.5148578,0.0,0.0,0.0,0.0,0.0,0.0,0.0,1.662606,0.192248,2.069517,1.718891,0.1703027,-2.024975,0.06590289,-0.6300074,0.1248102,0.7636558,14.9465,281.795,6.393306,0.6767733,0.06193471,-0.7335807,-0.476328,0.004322378,0.06749661,0.9992315,-0.06602502,-0.4707477,0.6506115,0.2089599,1.992899,0.1750263,0.1075855,0.9786682,-0.2736627,0.9601584,-0.05660848,-0.9457668,-0.257917,0.1974951,static,-58.71051,-14.3194,18.08004,5.985717
05/11/2023 13:10:20.008515,4097,True,True,True,True,Eyes,1.773963,0.1732121,-2.033397,-0.8487232,-0.1307546,0.5124179,0.0,0.0,0.0,0.0,0.0,0.0,0.0,1.674818,0.1814313,2.046449,1.707159,0.168729,-2.020649,0.06457349,-0.6328359,0.124347,0.761503,14.81675,281.3766,6.393438,0.6747776,0.06215225,-0.7353985,-0.4477483,0.004063036,0.06344681,0.9638087,-0.06426005,-0.4858606,0.6506115,0.2089601,1.9929,0.1681131,0.1076524,0.9798719,-0.2711101,0.9607362,-0.05903671,-0.9477538,-0.2557283,0.190698,static,-58.87846,-14.31479,18.08003,5.985721
05/11/2023 13:10:20.028164,4098,True,True,True,True,Eyes,1.770058,0.1728601,-2.03216,-0.8503684,-0.1301472,0.5098386,0.0,0.0,0.0,0.0,0.0,0.0,0.0,1.6856,0.1736456,2.023724,1.695364,0.1669006,-2.016121,0.06372046,-0.6353934,0.1241999,0.7594664,14.75099,280.9945,6.39291,0.6729239,0.06234454,-0.7370789,-0.4208834,0.003819254,0.05964001,0.9286042,-0.06704933,-0.5021734,0.6506115,0.20896,1.9929,0.1616992,0.1076762,0.9809481,-0.2696264,0.9610282,-0.0610445,-0.9492918,-0.2546187,0.1844298,static,-59.05519,-14.32015,18.08003,5.98572
05/11/2023 13:10:20.038368,4099,True,True,True,True,Eyes,1.765817,0.1724546,-2.030819,-0.8520915,-0.129647,0.5070815,0.0,0.0,0.0,0.0,0.0,0.0,0.0,1.696755,0.1693394,2.000011,1.68355,0.1650674,-2.011495,0.06353514,-0.6379488,0.1248473,0.7572304,14.80403,280.6075,6.414503,0.6711935,0.0625127,-0.7386408,-0.3956304,0.003590099,0.0560616,0.8940457,-0.06797329,-0.5181922,0.6506116,0.2089601,1.9929,0.1548688,0.108012,0.9820129,-0.2701406,0.9607529,-0.06307088,-0.9502841,-0.2555138,0.1779691,static,-59.24303,-14.34175,18.08003,5.985723
05/11/2023 13:10:20.059177,4100,True,True,True,True,Eyes,1.761255,0.1719924,-2.029328,-0.8539246,-0.129098,0.5041295,0.0,0.0,0.0,0.0,0.0,0.0,0.0,1.708882,0.1601136,1.975239,1.671443,0.1635176,-2.006744,0.06252243,-0.6408538,0.1252449,0.7547922,14.76827,280.1735,6.468318,0.6695697,0.06265786,-0.7401007,-0.3718926,0.003374693,0.05269791,0.8600037,-0.07279123,-0.5355298,0.6506115,0.2089601,1.9929,0.1472403,0.1089323,0.983084,-0.2692032,0.9608093,-0.06614448,-0.9517615,-0.2549102,0.1707947,static,-59.44377,-14.36369,18.08003,5.985722
05/11/2023 13:10:20.078367,4101,True,True,True,True,Eyes,1.75638,0.1714683,-2.027698,-0.8558642,-0.1286082,0.5009557,0.0,0.0,0.0,0.0,0.0,0.0,0.0,1.722298,0.1485223,1.948629,1.659247,0.1616747,-2.001571,0.06105653,-0.6441967,0.1253747,0.7520398,14.67678,279.6744,6.523801,0.668038,0.06278099,-0.7414732,-0.349579,0.003172211,0.04953603,0.8273854,-0.07888393,-0.5522183,0.6506112,0.2089601,1.9929,0.1385837,0.1099087,0.984233,-0.2672383,0.9611066,-0.06969804,-0.9536132,-0.2533658,0.1625655,static,-59.65864,-14.39835,18.08003,5.985721
05/11/2023 13:10:20.097984,4102,True,True,True,True,Eyes,1.751206,0.1708798,-2.025899,-0.8578854,-0.1281348,0.4976084,0.0,0.0,0.0,0.0,0.0,0.0,0.0,1.735553,0.1394623,1.921192,1.647015,0.1597312,-1.996096,0.06005015,-0.6476175,0.1249713,0.7492447,14.58712,279.1546,6.496125,0.6665849,0.06288278,-0.7427711,-0.3286043,0.002981878,0.04656387,0.7969713,-0.08731483,-0.5678825,0.6506116,0.2089601,1.9929,0.1299475,0.1094892,0.9854572,-0.2650473,0.9615523,-0.07188273,-0.955439,-0.2518518,0.153971,static,-59.88453,-14.44004,18.08004,5.98572
05/11/2023 13:10:20.108567,4103,True,True,True,True,Eyes,1.74574,0.1702498,-2.023918,-0.859996,-0.1277079,0.4940624,0.0,0.0,0.0,0.0,0.0,0.0,0.0,1.747509,0.1329926,1.893845,1.634731,0.1575962,-1.990211,0.05948187,-0.6508255,0.1251414,0.7464769,14.57779,278.6632,6.490878,0.6651998,0.06296369,-0.744005,-0.308888,0.002802966,0.04377004,0.7678465,-0.09125333,-0.5818745,0.6506113,0.2089601,1.9929,0.1215315,0.1094058,0.9865398,-0.264255,0.961603,-0.07408679,-0.9567652,-0.2516942,0.1457761,static,-60.1229,-14.4929,18.08003,5.985722
05/11/2023 13:10:20.128264,4104,True,True,True,True,Eyes,1.739995,0.1695743,-2.021765,-0.8621992,-0.1273163,0.4903091,0.0,0.0,0.0,0.0,0.0,0.0,0.0,1.759373,0.1245236,1.866078,1.622305,0.1559123,-1.984179,0.05863937,-0.6540909,0.1259002,0.7435561,14.59019,278.1655,6.557452,0.6638725,0.06302503,-0.7451845,-0.2903547,0.002634788,0.04114383,0.7386873,-0.09091171,-0.5957938,0.6506115,0.2089601,1.9929,0.1126284,0.1105168,0.9874721,-0.2639387,0.9614211,-0.07749704,-0.9579413,-0.2519037,0.137453,static,-60.37429,-14.55625,18.08003,5.985721
05/11/2023 13:10:20.138188,4105,True,True,True,True,Eyes,1.733978,0.1688762,-2.019441,-0.8644625,-0.1270952,0.4863655,0.0,0.0,0.0,0.0,0.0,0.0,0.0,1.772585,0.1177981,1.836123,1.609913,0.1541461,-1.977803,0.05817218,-0.6577505,0.1263118,0.7402875,14.61316,277.5989,6.556458,0.662594,0.0630678,-0.7463179,-0.2729334,0.0024767,0.0386752,0.7098441,-0.08886043,-0.6092032,0.6506115,0.20896,1.9929,0.1028191,0.1104885,0.9885446,-0.2635396,0.9613227,-0.08003505,-0.9591534,-0.2522916,0.1279605,static,-60.63694,-14.64484,18.08003,5.985718
05/11/2023 13:10:20.158911,4106,True,True,True,True,Eyes,1.727705,0.1681456,-2.016932,-0.8668035,-0.1269101,0.4822298,0.0,0.0,0.0,0.0,0.0,0.0,0.0,1.786542,0.1189947,1.804164,1.597486,0.152965,-1.971177,0.05941125,-0.6615371,0.1265649,0.7367635,14.77352,276.9903,6.406404,0.6613569,0.06309365,-0.7474122,-0.2565574,0.002328098,0.03635469,0.6811548,-0.08896591,-0.623409,0.6506114,0.20896,1.9929,0.09270018,0.1078913,0.9898314,-0.2651023,0.9609032,-0.07991067,-0.9597539,-0.2549988,0.1176782,static,-60.91145,-14.7444,18.08003,5.985719
05/11/2023 13:10:20.180266,4107,True,True,True,True,Eyes,1.721199,0.1673813,-2.014236,-0.8691449,-0.126854,0.4780117,0.0,0.0,0.0,0.0,0.0,0.0,0.0,1.798429,0.1188209,1.7734,1.585115,0.1514766,-1.964148,0.06017481,-0.6652609,0.1246972,0.7336604,14.72667,276.3885,6.107963,0.6601544,0.06310375,-0.7484736,-0.241164,0.002188412,0.03417341,0.6532363,-0.09014525,-0.6372032,0.6506115,0.2089602,1.9929,0.08375713,0.1029069,0.9911584,-0.2630347,0.9616592,-0.07761659,-0.9611439,-0.2542081,0.1076139,static,-61.19012,-14.86248,18.08003,5.985723
05/11/2023 13:10:20.188224,4108,True,True,True,True,Eyes,1.714465,0.1665932,-2.011369,-0.8715099,-0.1269468,0.4736615,0.0,0.0,0.0,0.0,0.0,0.0,0.0,1.807401,0.1241338,1.745102,1.573097,0.1499339,-1.957134,0.06190403,-0.6683273,0.1230925,0.7309958,14.77568,275.8773,5.770304,0.6589811,0.06309904,-0.7495072,-0.2266941,0.002057108,0.03212301,0.6254396,-0.09303373,-0.6518392,0.6506117,0.2089602,1.9929,0.07637364,0.09721594,0.9923288,-0.2627046,0.9620323,-0.07402904,-0.961849,-0.2550354,0.09901299,static,-61.47613,-15.00334,18.08003,5.985722
05/11/2023 13:10:20.208224,4109,True,True,True,True,Eyes,1.707512,0.1658424,-2.00834,-0.8739085,-0.1271533,0.4691651,0.0,0.0,0.0,0.0,0.0,0.0,0.0,1.816266,0.1292543,1.71631,1.560906,0.1486222,-1.95006,0.06373192,-0.6713462,0.1227052,0.728132,14.92567,275.3721,5.530188,0.6578317,0.0630807,-0.7505177,-0.2130925,0.001933681,0.03019563,0.5993181,-0.09803607,-0.6652474,0.6506115,0.20896,1.9929,0.06847557,0.09311874,0.9932976,-0.2642635,0.9617634,-0.07194478,-0.9620166,-0.2575658,0.09046516,static,-61.7705,-15.16405,18.08004,5.985721
05/11/2023 13:10:20.228298,4110,True,True,True,True,Eyes,1.700329,0.1652152,-2.00516,-0.876359,-0.1276109,0.4644463,0.0,0.0,0.0,0.0,0.0,0.0,0.0,1.826794,0.1297237,1.686216,1.548772,0.1488028,-1.94332,0.0650984,-0.6746775,0.1237961,0.7247393,15.15337,274.8224,5.445486,0.6567019,0.06305207,-0.751509,-0.2003069,0.00181766,0.02838389,0.5731175,-0.1007152,-0.6787598,0.6506113,0.2089599,1.9929,0.05896949,0.09159897,0.9940485,-0.2672807,0.9608734,-0.07268619,-0.9618128,-0.2614037,0.08114488,static,-62.07764,-15.36342,18.08003,5.985717
05/11/2023 13:10:20.247993,4111,True,True,True,True,Eyes,1.692891,0.1647592,-2.001855,-0.8789026,-0.1279378,0.4595238,0.0,0.0,0.0,0.0,0.0,0.0,0.0,1.839658,0.129168,1.652648,1.536135,0.1512011,-1.936414,0.06696102,-0.6785164,0.126201,0.7205588,15.53087,274.1821,5.419714,0.655586,0.06301939,-0.7524854,-0.1882885,0.001708601,0.02668086,0.547451,-0.1020069,-0.6917582,0.6506113,0.2089601,1.9929,0.04737732,0.09100214,0.9947231,-0.2727388,0.9591791,-0.07476019,-0.960921,-0.2677576,0.07026315,static,-62.39772,-15.55794,18.08003,5.98572
05/11/2023 13:10:20.258415,4112,True,True,True,True,Eyes,1.685231,0.1644623,-1.998412,-0.8815256,-0.1281932,0.4543997,0.0,0.0,0.0,0.0,0.0,0.0,0.0,1.852626,0.1158672,1.61877,1.522709,0.1549022,-1.929618,0.06640501,-0.6829022,0.1262034,0.716455,15.51683,273.4789,5.367959,0.6544791,0.06299014,-0.7534507,-0.1769912,0.001606085,0.02508,0.5221492,-0.1021235,-0.7044696,0.6506115,0.20896,1.9929,0.03543472,0.0901418,0.9952984,-0.2715343,0.9593262,-0.07721667,-0.9617763,-0.2675214,0.05847003,static,-62.73027,-15.75459,18.08003,5.985718
05/11/2023 13:10:20.278326,4113,True,True,True,True,Eyes,1.677367,0.1642826,-1.994834,-0.8842052,-0.1283596,0.4491157,0.0,0.0,0.0,0.0,0.0,0.0,0.0,1.863018,0.1037051,1.587431,1.509761,0.158421,-1.922771,0.0657886,-0.6869379,0.1247268,0.7129036,15.37652,272.8283,5.20374,0.6533768,0.06297062,-0.7544084,-0.1663717,0.00150972,0.0235752,0.4973434,-0.1010241,-0.7165507,0.6506116,0.2089601,1.992901,0.02511931,0.087451,0.9958521,-0.2682217,0.9602302,-0.07755724,-0.9630297,-0.2651609,0.04757657,static,-63.07255,-15.95021,18.08003,5.985721
05/11/2023 13:10:20.298286,4114,True,True,True,True,Eyes,1.669339,0.1641943,-1.99115,-0.8869526,-0.1284705,0.4436331,0.0,0.0,0.0,0.0,0.0,0.0,0.0,1.874222,0.09443326,1.55486,1.497117,0.1610024,-1.916229,0.06570299,-0.6910125,0.1245203,0.7089991,15.38222,272.1618,5.103371,0.6522756,0.0629649,-0.7553613,-0.1563894,0.001419136,0.02216069,0.4717669,-0.09205893,-0.7275652,0.6506115,0.2089601,1.9929,0.01399294,0.08576643,0.9962171,-0.2673728,0.9603556,-0.07892347,-0.9634916,-0.2652569,0.0363698,static,-63.42685,-16.15034,18.08003,5.985721
05/11/2023 13:10:20.308060,4115,True,True,True,True,Eyes,1.66117,0.1641772,-1.987406,-0.8896558,-0.1287842,0.4380949,0.0,0.0,0.0,0.0,0.0,0.0,0.0,1.884748,0.08561824,1.52336,1.485205,0.163112,-1.909919,0.06538533,-0.6950955,0.1227605,0.7053346,15.24206,271.4927,4.891896,0.6511728,0.06297563,-0.7563112,-0.147006,0.001333988,0.02083105,0.4454225,-0.075969,-0.7385383,0.6506114,0.20896,1.9929,0.003544129,0.0822763,0.9966033,-0.2640725,0.9613093,-0.07842343,-0.9644963,-0.2628976,0.02513392,static,-63.78289,-16.38144,18.08003,5.985719
05/11/2023 13:10:20.328364,4116,True,True,True,True,Eyes,1.652856,0.1642415,-1.983585,-0.8923411,-0.1293217,0.4324386,0.0,0.0,0.0,0.0,0.0,0.0,0.0,1.895767,0.09584966,1.490337,1.473707,0.1649451,-1.903996,0.06920216,-0.6986972,0.123189,0.7013259,15.61727,270.8369,4.531393,0.6500657,0.06300431,-0.7572606,-0.1381857,0.001253949,0.01958119,0.4177445,-0.05725691,-0.7511443,0.6506116,0.2089601,1.9929,-0.006706467,0.07608855,0.9970786,-0.269494,0.960071,-0.07507709,-0.9629788,-0.2692102,0.01406671,static,-64.14465,-16.64941,18.08003,5.985721
05/11/2023 13:10:20.338252,4117,True,True,True,True,Eyes,1.644402,0.164383,-1.979734,-0.8949771,-0.1298322,0.4268015,0.0,0.0,0.0,0.0,0.0,0.0,0.0,1.903981,0.1036407,1.46041,1.461971,0.1670383,-1.898268,0.07239922,-0.7018044,0.1227077,0.6979769,15.86071,270.2655,4.153668,0.6489518,0.06305275,-0.7582114,-0.1298945,0.001178712,0.01840632,0.3908585,-0.05362357,-0.7658325,0.6506118,0.20896,1.9929,-0.01517325,0.06967417,0.9974545,-0.2729145,0.9594023,-0.07116771,-0.9619187,-0.2732996,0.004457831,static,-64.5042,-16.91966,18.08004,5.985719
05/11/2023 13:10:20.358439,4118,True,True,True,True,Eyes,1.635815,0.1645866,-1.975845,-0.8975918,-0.1301896,0.4211647,0.0,0.0,0.0,0.0,0.0,0.0,0.0,1.908417,0.1032991,1.436006,1.450162,0.1690961,-1.892954,0.07354797,-0.7042792,0.1207455,0.6957028,15.80785,269.8311,3.838306,0.6478283,0.06312238,-0.7591658,-0.1221009,0.001107989,0.01730194,0.3639748,-0.03380121,-0.7772693,0.6506115,0.20896,1.9929,-0.02117705,0.06440934,0.997699,-0.2716025,0.9600225,-0.06774201,-0.9621766,-0.2724121,-0.002836741,static,-64.86327,-17.17732,18.08003,5.985718
05/11/2023 13:10:20.378055,4119,True,True,True,True,Eyes,1.627106,0.1648641,-1.97192,-0.9001964,-0.130298,0.4155346,0.0,0.0,0.0,0.0,0.0,0.0,0.0,1.911248,0.09627916,1.414614,1.438439,0.1707702,-1.888121,0.07298747,-0.7065127,0.1178684,0.6939884,15.53672,269.4663,3.598173,0.6466923,0.06321393,-0.760126,-0.1147748,0.00104151,0.01626382,0.343214,-0.03986153,-0.787864,0.6506115,0.20896,1.9929,-0.02610606,0.06046543,0.997829,-0.2667317,0.9615598,-0.06524608,-0.9634172,-0.2678559,-0.008974588,static,-65.22174,-17.40971,18.08003,5.985719
05/11/2023 13:10:20.387993,4120,True,True,True,True,Eyes,1.618269,0.1651761,-1.967996,-0.9028174,-0.130037,0.4098918,0.0,0.0,0.0,0.0,0.0,0.0,0.0,1.914498,0.08608093,1.393577,1.426837,0.1727037,-1.883899,0.0717034,-0.7088321,0.1145168,0.6923161,15.16676,269.0995,3.380478,0.6455424,0.06332851,-0.7610933,-0.1078883,0.0009790193,0.01528799,0.3225544,-0.04663438,-0.7978951,0.6506115,0.20896,1.9929,-0.03111415,0.05691235,0.9978942,-0.260215,0.9634891,-0.06306358,-0.9650492,-0.2616293,-0.01516864,static,-65.58128,-17.60148,18.08003,5.985719
05/11/2023 13:10:20.408427,4121,True,True,True,True,Eyes,1.609324,0.165492,-1.964102,-0.9054524,-0.1295059,0.4042081,0.0,0.0,0.0,0.0,0.0,0.0,0.0,1.917817,0.06813422,1.372538,1.414975,0.173766,-1.87994,0.06845558,-0.7113534,0.1105075,0.6907086,14.58319,268.7318,3.273622,0.6443757,0.06346557,-0.76207,-0.101415,0.0009202782,0.01437071,0.3045179,-0.06570421,-0.8091995,0.6506119,0.2089601,1.9929,-0.03647112,0.05526468,0.9978054,-0.2500491,0.9662038,-0.06265402,-0.967546,-0.2517855,-0.02141965,static,-65.94327,-17.76515,18.08004,5.985719
05/11/2023 13:10:20.428301,4122,True,True,True,True,Eyes,1.600265,0.1658153,-1.960237,-0.9081057,-0.1287881,0.3984442,0.0,0.0,0.0,0.0,0.0,0.0,0.0,1.921756,0.04744673,1.351237,1.403477,0.1740879,-1.876482,0.06463028,-0.7138925,0.1080615,0.6888419,14.08309,268.3671,3.345121,0.64319,0.06362331,-0.7630579,0.0,0.0,0.0,0.2871447,-0.09579242,-0.8220767,0.6506113,0.2089599,1.9929,-0.04263971,0.05659642,0.9974862,-0.2411527,0.9682912,-0.06524853,-0.96955,-0.2433287,-0.02763922,static,-66.30986,-17.91226,18.08003,5.985717
05/11/2023 13:10:20.438435,4123,True,True,True,True,Eyes,1.591098,0.1661514,-1.956454,-0.9115003,-0.1288023,0.3906113,0.0,0.0,0.0,0.0,0.0,0.0,0.0,1.927692,0.02705111,1.326596,1.39175,0.1745248,-1.873275,0.06132579,-0.7167693,0.1080781,0.6861488,13.83292,267.9321,3.566482,0.641982,0.06380038,-0.7640596,0.0,0.0,0.0,0.2662429,-0.100067,-0.8331684,0.6506116,0.2089601,1.9929,-0.05087813,0.06040246,0.9968767,-0.2362282,0.9691165,-0.07077692,-0.9703648,-0.2390914,-0.03503808,static,-66.80309,-18.24973,18.08003,5.985719
05/11/2023 13:10:20.458610,4124,True,True,True,True,Eyes,1.581833,0.166491,-1.952724,-0.9148691,-0.1287377,0.3826762,0.0,0.0,0.0,0.0,0.0,0.0,0.0,1.936334,0.007930666,1.297876,1.380018,0.1753497,-1.870491,0.05836765,-0.7203311,0.1074808,0.6827622,13.56486,267.3723,3.696895,0.6407492,0.06399555,-0.7650775,0.0,0.0,0.0,0.2455923,-0.09333196,-0.8423674,0.6506114,0.2089601,1.9929,-0.06085823,0.06267961,0.9961766,-0.2308557,0.9700822,-0.07514112,-0.971083,-0.234546,-0.04456754,static,-67.30117,-18.59367,18.08003,5.98572
05/11/2023 13:10:20.478268,4125,True,True,True,True,Eyes,1.572485,0.1668019,-1.94914,-0.9181632,-0.1288604,0.3746616,0.0,0.0,0.0,0.0,0.0,0.0,0.0,1.946098,-0.002965242,1.267049,1.368454,0.1757562,-1.867929,0.05713412,-0.7240247,0.1069582,0.6790316,13.44269,266.761,3.685756,0.6394895,0.06420738,-0.766113,0.0,0.0,0.0,0.2261017,-0.09048274,-0.8513028,0.6506118,0.2089601,1.9929,-0.07130355,0.06252301,0.9954932,-0.227989,0.9705912,-0.07728903,-0.9710493,-0.2324725,-0.05495198,static,-67.80181,-18.98005,18.08004,5.98572
05/11/2023 13:10:20.498107,4126,True,True,True,True,Eyes,1.563044,0.1671274,-1.945622,-0.9213728,-0.129112,0.3666091,0.0,0.0,0.0,0.0,0.0,0.0,0.0,1.955291,-0.008298382,1.236552,1.356964,0.1756683,-1.865498,0.05699185,-0.7274854,0.1065471,0.6753997,13.41529,266.1705,3.595579,0.6381996,0.06443317,-0.7671689,0.0,0.0,0.0,0.2053269,-0.08424539,-0.861066,0.6506114,0.20896,1.9929,-0.08117484,0.0610023,0.9948314,-0.2268453,0.9707993,-0.07803844,-0.9705422,-0.2320075,-0.06496637,static,-68.30267,-19.40119,18.08003,5.985717
05/11/2023 13:10:20.508421,4127,True,True,True,True,Eyes,1.553514,0.1674551,-1.942235,-0.9244987,-0.1295596,0.358492,0.0,0.0,0.0,0.0,0.0,0.0,0.0,1.963299,-0.01053397,1.20783,1.345317,0.1763734,-1.863471,0.05794614,-0.7304289,0.1076621,0.6719561,13.60067,265.6473,3.541386,0.6368777,0.06467231,-0.7682467,0.0,0.0,0.0,0.1802515,-0.06226113,-0.8735395,0.6506115,0.2089601,1.9929,-0.09023473,0.06003737,0.9941093,-0.2293395,0.9701022,-0.07940451,-0.969155,-0.2351536,-0.07376807,static,-68.80524,-19.86994,18.08003,5.985722
05/11/2023 13:10:20.528299,4128,True,True,True,True,Eyes,1.543908,0.1677588,-1.938934,-0.9275635,-0.1300344,0.35031,0.0,0.0,0.0,0.0,0.0,0.0,0.0,1.972094,-0.01673678,1.177757,1.333569,0.1769102,-1.861945,0.05782915,-0.7337165,0.1076338,0.6683793,13.6063,265.0794,3.481382,0.6355203,0.06492373,-0.7693487,0.0,0.0,0.0,0.1573251,-0.04857636,-0.885751,0.6506114,0.20896,1.9929,-0.09984986,0.05901999,0.9932506,-0.2287408,0.9701415,-0.08064175,-0.9683531,-0.235249,-0.08336814,static,-69.31011,-20.36484,18.08003,5.985719
05/11/2023 13:10:20.538243,4129,True,True,True,True,Eyes,1.302376,0.1745539,-1.858804,-0.9790147,-0.1507732,0.1371047,0.0,0.0,0.0,0.0,0.0,0.0,0.0,1.981201,-0.01646236,1.147125,1.322163,0.1766454,-1.860646,0.05878397,-0.7370051,0.1066951,0.664819,13.61703,264.4933,3.256994,0.6341267,0.06518532,-0.7704757,0.0,0.0,0.0,0.1393075,-0.05885047,-0.8958367,0.6506113,0.20896,1.9929,-0.1091205,0.05521768,0.9924938,-0.228514,0.9703212,-0.07910822,-0.967406,-0.235431,-0.09326398,static,-82.02795,-47.71837,18.08003,5.98572
05/11/2023 13:10:20.558560,4130,True,True,True,True,Eyes,1.301914,0.174543,-1.858774,-0.9790443,-0.150902,0.1367508,0.0,0.0,0.0,0.0,0.0,0.0,0.0,1.990429,-0.009159654,1.116674,1.31116,0.1762452,-1.859744,0.06195164,-0.7399179,0.1088853,0.6609294,14.06506,263.9265,3.087881,0.6245477,0.06704273,-0.7781029,-0.7245984,0.02038546,0.2403921,0.1191462,-0.05204056,-0.9044078,0.6506115,0.2089601,1.9929,-0.1186689,0.05225267,0.9915582,-0.2356092,0.968612,-0.07924097,-0.9645756,-0.2430236,-0.1026329,static,-82.04848,-47.8164,18.08003,5.985721
05/11/2023 13:10:20.578020,4131,True,True,True,True,Eyes,1.301019,0.1745267,-1.858671,-0.9790942,-0.1511649,0.1361015,0.0,0.0,0.0,0.0,0.0,0.0,0.0,1.998125,-0.01206018,1.087623,1.299626,0.176001,-1.858916,0.0627018,-0.7427954,0.1102051,0.6574028,14.25042,263.4028,3.060591,0.6167704,0.06852679,-0.7841536,-0.6811225,0.01916233,0.2259686,0.1043878,-0.06454264,-0.9114864,0.6506116,0.2089601,1.9929,-0.1277802,0.05174907,0.9904515,-0.2380475,0.9678466,-0.08127901,-0.9628113,-0.2461604,-0.1113529,static,-82.08617,-48.00167,18.08004,5.985722
05/11/2023 13:10:20.598292,4132,True,True,True,True,Eyes,1.299698,0.1744989,-1.858565,-0.9791741,-0.1514585,0.1351977,0.0,0.0,0.0,0.0,0.0,0.0,0.0,2.004515,-0.01711375,1.061384,1.288525,0.1757704,-1.858418,0.06292459,-0.745306,0.1116206,0.6542938,14.4021,262.9499,3.093478,0.6104364,0.06971771,-0.7889901,-0.6402552,0.01801259,0.2124104,0.09145959,-0.08471207,-0.9162623,0.6506115,0.20896,1.9929,-0.1358803,0.05226925,0.9893456,-0.2398615,0.9671627,-0.08404072,-0.9612509,-0.2487254,-0.118881,static,-82.13869,-48.24666,18.08004,5.985719
05/11/2023 13:10:20.608188,4133,True,True,True,True,Eyes,1.297959,0.1744631,-1.858445,-0.9792969,-0.1516516,0.1340871,0.0,0.0,0.0,0.0,0.0,0.0,0.0,2.009781,-0.02637221,1.036568,1.277003,0.1754721,-1.858188,0.06220667,-0.7475956,0.1131831,0.651476,14.49424,262.5498,3.224681,0.6052548,0.07067685,-0.792887,-0.6018398,0.01693184,0.1996658,0.07660711,-0.08866367,-0.9208902,0.6506118,0.2089601,1.992901,-0.1434188,0.0544613,0.9881626,-0.240483,0.9666398,-0.08817805,-0.9599996,-0.2502827,-0.1255373,static,-82.20345,-48.51758,18.08003,5.985721
05/11/2023 13:10:20.629026,4134,True,True,True,True,Eyes,1.295817,0.1744093,-1.858341,-0.9794737,-0.1517026,0.1327312,0.0,0.0,0.0,0.0,0.0,0.0,0.0,2.014579,-0.04038644,1.012089,1.265331,0.1751654,-1.858154,0.06006714,-0.7500002,0.1133843,0.6488725,14.36087,262.1557,3.375703,0.6009912,0.07145216,-0.7960544,-0.5657294,0.01591592,0.1876859,0.06480955,-0.1047219,-0.9244893,0.6506118,0.2089601,1.9929,-0.1507127,0.05704313,0.9869304,-0.2372446,0.9670719,-0.09212462,-0.9596878,-0.2480283,-0.1322169,static,-82.2827,-48.81591,18.08004,5.985721
05/11/2023 13:10:20.638606,4135,True,True,True,True,Eyes,1.293294,0.1743211,-1.858297,-0.9797041,-0.1515757,0.1311669,0.0,0.0,0.0,0.0,0.0,0.0,0.0,2.019615,-0.05282308,0.9868152,1.253538,0.1746469,-1.85838,0.05806755,-0.7524872,0.1128926,0.6462557,14.17908,261.7442,3.460693,0.5974547,0.07208081,-0.7986555,-0.5317857,0.01496097,0.1764247,0.04941867,-0.1101262,-0.9299547,0.6506116,0.2089602,1.9929,-0.1579635,0.05852479,0.9857092,-0.2333051,0.9677668,-0.09484746,-0.9594876,-0.2449534,-0.1392178,static,-82.37435,-49.12853,18.08003,5.985723
05/11/2023 13:10:20.658513,4136,True,True,True,True,Eyes,1.290394,0.1741966,-1.858308,-0.9799938,-0.1512738,0.1293384,0.0,0.0,0.0,0.0,0.0,0.0,0.0,2.025433,-0.06439996,0.9605041,1.241821,0.1737245,-1.859245,0.05610327,-0.7551035,0.1121038,0.6435091,13.97544,261.3075,3.518377,0.5944897,0.07259135,-0.8008189,-0.4998785,0.01406331,0.1658392,0.03187103,-0.1067737,-0.9368542,0.6506113,0.20896,1.9929,-0.1654972,0.05955212,0.9844106,-0.2290072,0.9685703,-0.09709408,-0.9592531,-0.2415059,-0.1466578,static,-82.48163,-49.46973,18.08003,5.985719
05/11/2023 13:10:20.678238,4137,True,True,True,True,Eyes,1.287129,0.1740223,-1.858366,-0.9803267,-0.1508788,0.1272607,0.0,0.0,0.0,0.0,0.0,0.0,0.0,2.031768,-0.07612549,0.9327831,1.229923,0.1726496,-1.860495,0.05393862,-0.7579103,0.1107827,0.6406168,13.71159,260.8388,3.551322,0.5919358,0.07301251,-0.8026703,-0.4698858,0.01321951,0.1558889,0.01374595,-0.1041895,-0.9448029,0.6506115,0.2089602,1.9929,-0.1734014,0.0601773,0.983011,-0.2236998,0.9696356,-0.09881878,-0.9591091,-0.2370347,-0.1546746,static,-82.60354,-49.85361,18.08003,5.985723
05/11/2023 13:10:20.688224,4138,True,True,True,True,Eyes,1.283515,0.1737868,-1.858496,-0.9806994,-0.1504277,0.124901,0.0,0.0,0.0,0.0,0.0,0.0,0.0,2.038043,-0.08836739,0.9041975,1.21795,0.171226,-1.861795,0.05168579,-0.7607887,0.1099111,0.6375334,13.48208,260.3541,3.625971,0.5895355,0.07338964,-0.8044005,-0.4416927,0.01242634,0.1465355,-0.007126637,-0.09247521,-0.9537323,0.6506116,0.2089601,1.9929,-0.1817597,0.06150012,0.981418,-0.218788,0.9704962,-0.1013355,-0.9586946,-0.2331411,-0.1629416,static,-82.74194,-50.29697,18.08003,5.985721
05/11/2023 13:10:20.708527,4139,True,True,True,True,Eyes,1.27955,0.1735027,-1.858689,-0.981075,-0.1500687,0.1223572,0.0,0.0,0.0,0.0,0.0,0.0,0.0,2.045117,-0.0983569,0.873982,1.205993,0.169542,-1.863561,0.05018499,-0.7637771,0.109933,0.6340669,13.38951,259.8313,3.698303,0.5872623,0.07372501,-0.806031,-0.4151911,0.01168076,0.1377434,-0.02809946,-0.08313088,-0.9642785,0.6506115,0.2089601,1.9929,-0.1908813,0.06274947,0.9796055,-0.21607,0.9707924,-0.1042873,-0.9575375,-0.2315699,-0.1717478,static,-82.89092,-50.80821,18.08003,5.985719
05/11/2023 13:10:20.728289,4140,True,True,True,True,Eyes,1.275256,0.1731592,-1.858973,-0.9814806,-0.1496374,0.1196012,0.0,0.0,0.0,0.0,0.0,0.0,0.0,2.051253,-0.1078094,0.8446789,1.193641,0.1680678,-1.8654,0.04879895,-0.7665317,0.1098807,0.6308519,13.29848,259.347,3.760363,0.5850922,0.07402116,-0.8075806,-0.3902797,0.01097992,0.1294788,-0.04844046,-0.0817475,-0.9754012,0.6506116,0.2089601,1.9929,-0.1992892,0.06382503,0.9778602,-0.2134488,0.9710898,-0.1068842,-0.9564118,-0.2300239,-0.1799043,static,-83.05231,-51.36559,18.08003,5.985721
05/11/2023 13:10:20.738261,4141,True,True,True,True,Eyes,1.270649,0.17275,-1.859344,-0.9818695,-0.1493618,0.1167189,0.0,0.0,0.0,0.0,0.0,0.0,0.0,2.057342,-0.1145292,0.8163695,1.181494,0.1662767,-1.867794,0.04770322,-0.7691057,0.1090935,0.6279328,13.16274,258.8919,3.746717,0.583003,0.07427984,-0.8090664,-0.3668629,0.01032112,0.1217101,-0.06898333,-0.07924703,-0.9864269,0.6506118,0.2089599,1.9929,-0.2068498,0.06362914,0.9763016,-0.2103844,0.971646,-0.1079,-0.9554852,-0.2277177,-0.1875982,static,-83.22083,-51.99411,18.08004,5.985717
05/11/2023 13:10:20.758434,4142,True,True,True,True,Eyes,1.147755,0.1608309,-1.871398,-0.9890543,-0.1416638,0.04126757,0.0,0.0,0.0,0.0,0.0,0.0,0.0,2.062645,-0.1174179,0.7900772,1.169392,0.1642958,-1.870306,0.04748984,-0.7712623,0.1086193,0.6253808,13.11736,258.4979,3.685507,0.5809755,0.07450228,-0.8105031,-0.3448511,0.009701853,0.1144075,-0.08933806,-0.07615156,-0.9967576,0.6506116,0.2089601,1.9929,-0.2132872,0.06260263,0.9749818,-0.2091111,0.9718931,-0.1081495,-0.9543485,-0.2269464,-0.1942015,static,-87.61076,-73.75883,18.08003,5.98572
05/11/2023 13:10:20.778204,4143,True,True,True,True,Eyes,1.147263,0.1607545,-1.871542,-0.9890465,-0.1417708,0.04108564,0.0,0.0,0.0,0.0,0.0,0.0,0.0,2.067385,-0.1228986,0.7652161,1.157091,0.1621909,-1.873386,0.04677577,-0.7731621,0.1086909,0.623072,13.0829,258.1551,3.715133,0.5719462,0.07442445,-0.8169069,-0.6928407,-0.02663746,0.07138219,-0.1092379,-0.07306892,-1.006483,0.6506116,0.2089601,1.9929,-0.2191866,0.063114,0.9736395,-0.207775,0.9719967,-0.109782,-0.9533031,-0.2263607,-0.1999351,static,-87.62127,-73.83825,18.08003,5.98572
05/11/2023 13:10:20.788634,4144,True,True,True,True,Eyes,1.146292,0.1606115,-1.871834,-0.989054,-0.1418398,0.04066577,0.0,0.0,0.0,0.0,0.0,0.0,0.0,2.072433,-0.1302062,0.7400446,1.144825,0.1602951,-1.87704,0.04573605,-0.7751129,0.1089031,0.6206839,13.03814,257.8056,3.78363,0.564672,0.07433047,-0.8219604,-0.6512703,-0.02503921,0.06709926,-0.1288945,-0.07011659,-1.015428,0.6506114,0.2089599,1.9929,-0.2253197,0.06428763,0.9721617,-0.20609,0.9720967,-0.1120492,-0.9522385,-0.2255997,-0.2057835,static,-87.64556,-74.0023,18.08003,5.985717
05/11/2023 13:10:20.808556,4145,True,True,True,True,Eyes,1.144858,0.1603976,-1.872276,-0.9890639,-0.1419354,0.04008492,0.0,0.0,0.0,0.0,0.0,0.0,0.0,2.077399,-0.1367557,0.7146649,1.132405,0.1585427,-1.880839,0.04488258,-0.7770463,0.1090187,0.6183037,12.9986,257.4556,3.828639,0.5587944,0.0742254,-0.825977,-0.6121941,-0.02353686,0.0630733,-0.1476177,-0.0696573,-1.023111,0.6506113,0.2089599,1.9929,-0.2313721,0.0650616,0.9706873,-0.204565,0.9722009,-0.113923,-0.9511151,-0.2249272,-0.2116308,moving,-87.67918,-74.22944,18.08003,5.985716
05/11/2023 13:10:20.828389,4146,True,True,True,True,Eyes,1.142974,0.1601178,-1.87288,-0.9890879,-0.1419745,0.0393494,0.0,0.0,0.0,0.0,0.0,0.0,0.0,2.082115,-0.1434598,0.6903763,1.119925,0.156606,-1.885111,0.04384906,-0.7787902,0.1089516,0.616192,12.92878,257.1432,3.881188,0.5540215,0.07411169,-0.8291962,-0.5754624,-0.02212465,0.0592889,-0.1661461,-0.07545146,-1.034026,0.6474476,0.206949,1.993151,-0.2367692,0.06597175,0.9693234,-0.2025686,0.9724136,-0.115662,-0.9502137,-0.2237397,-0.2168737,moving,-87.72177,-74.50886,17.99567,5.927781
05/11/2023 13:10:20.838061,4147,True,True,True,True,Eyes,1.140661,0.1597803,-1.873656,-0.9890991,-0.1421201,0.03853235,0.0,0.0,0.0,0.0,0.0,0.0,0.0,2.086185,-0.1483839,0.6679139,1.107253,0.1547296,-1.889535,0.04309988,-0.7802043,0.1086145,0.6145133,12.85321,256.8891,3.895622,0.5501148,0.07399046,-0.831804,-0.5409347,-0.02079717,0.05573156,-0.1861039,-0.07750086,-1.046414,0.6443253,0.2049643,1.993399,-0.2410315,0.0662367,0.9682543,-0.2007435,0.9726906,-0.1165121,-0.9495292,-0.2224539,-0.2211525,moving,-87.76906,-74.83035,17.91236,5.870607
05/11/2023 13:10:20.863153,4148,True,True,True,True,Eyes,1.137933,0.159394,-1.874613,-0.9891171,-0.1422406,0.03761528,0.0,0.0,0.0,0.0,0.0,0.0,0.0,2.090194,-0.1517201,0.6477404,1.094708,0.1530039,-1.89465,0.04294841,-0.7812112,0.1088961,0.6131935,12.87431,256.6997,3.908229,0.5468801,0.07386226,-0.8339456,-0.5084786,-0.01954934,0.05238767,-0.2073164,-0.07810031,-1.060792,0.6409162,0.2027976,1.993668,-0.2442986,0.06644517,0.9674211,-0.2006523,0.9725941,-0.1174703,-0.9487134,-0.2228131,-0.2242709,moving,-87.82214,-75.18731,17.82134,5.808195
05/11/2023 13:10:20.878335,4149,True,True,True,True,Eyes,1.134811,0.1589855,-1.875752,-0.9891264,-0.1424556,0.03654146,0.0,0.0,0.0,0.0,0.0,0.0,0.0,2.094156,-0.15606,0.6274252,1.082056,0.1514393,-1.899928,0.04249714,-0.7822469,0.1089149,0.6118998,12.85031,256.51,3.928959,0.5439753,0.07372935,-0.8358551,-0.4779699,-0.01837638,0.04924441,-0.2283927,-0.07945792,-1.074933,0.6378731,0.2008633,1.993911,-0.2475454,0.06680342,0.9665706,-0.1997765,0.9726631,-0.1183886,-0.9480562,-0.2224046,-0.2274325,moving,-87.88428,-75.61318,17.74002,5.752477
05/11/2023 13:10:20.888201,4150,True,True,True,True,Eyes,1.131313,0.1585493,-1.877084,-0.9891488,-0.142595,0.03537316,0.0,0.0,0.0,0.0,0.0,0.0,0.0,2.098567,-0.1603775,0.6073852,1.069565,0.150475,-1.905783,0.04223544,-0.7832433,0.1090294,0.6106218,12.84843,256.3242,3.939929,0.5412313,0.07359291,-0.8376467,-0.4492917,-0.01727379,0.04628974,-0.2486295,-0.08380122,-1.088247,0.6345256,0.1987354,1.994177,-0.2507146,0.06699017,0.9657404,-0.1993126,0.9726575,-0.1192133,-0.9473208,-0.2223728,-0.2305076,moving,-87.95191,-76.06802,17.65051,5.691183
05/11/2023 13:10:20.908218,4151,True,True,True,True,Eyes,1.127474,0.1580863,-1.878664,-0.9891647,-0.1427875,0.03413161,0.0,0.0,0.0,0.0,0.0,0.0,0.0,2.102833,-0.1667255,0.5870199,1.057083,0.1493548,-1.911691,0.04126761,-0.784335,0.1087263,0.6093392,12.75882,256.1319,3.98428,0.5386164,0.07345223,-0.8393428,-0.4223342,-0.01623737,0.04351236,-0.2690521,-0.08751436,-1.10175,0.6314508,0.1967812,1.994421,-0.2540057,0.06776714,0.9648259,-0.1972377,0.9729512,-0.1202637,-0.9468784,-0.2208476,-0.2337688,moving,-88.02377,-76.55641,17.56823,5.634896
05/11/2023 13:10:20.928250,4152,True,True,True,True,Eyes,1.123286,0.1576592,-1.880432,-0.9891655,-0.1430676,0.03291472,0.0,0.0,0.0,0.0,0.0,0.0,0.0,2.107188,-0.1685296,0.5684831,1.044713,0.148388,-1.917908,0.04141925,-0.7850838,0.1084627,0.608411,12.75041,255.9886,3.935714,0.5361017,0.07330643,-0.840964,-0.3969941,-0.01526312,0.04090161,-0.2900147,-0.09253088,-1.117179,0.628161,0.19469,1.994682,-0.2562412,0.06694461,0.964292,-0.1970149,0.9730406,-0.1199047,-0.9463221,-0.2207044,-0.236144,moving,-88.09418,-77.04375,17.48015,5.57467
05/11/2023 13:10:20.938553,4153,True,True,True,True,Eyes,1.118742,0.157334,-1.88241,-0.9891839,-0.1432422,0.0315746,0.0,0.0,0.0,0.0,0.0,0.0,0.0,2.110481,-0.1708227,0.5537608,1.03215,0.1488461,-1.924181,0.04220305,-0.7852218,0.1093716,0.6080163,12.89013,255.9465,3.924782,0.533662,0.07315776,-0.8425272,-0.3731745,-0.01434734,0.03844751,-0.3102997,-0.1030593,-1.133042,0.6251371,0.192768,1.994921,-0.2570704,0.06672193,0.9640867,-0.1992769,0.9725135,-0.1204416,-0.9456234,-0.2230822,-0.2367083,moving,-88.17175,-77.56919,17.39913,5.519321
05/11/2023 13:10:20.958466,4154,True,True,True,True,Eyes,1.113857,0.1571835,-1.884589,-0.9892138,-0.1433299,0.0302078,0.0,0.0,0.0,0.0,0.0,0.0,0.0,2.113174,-0.1833941,0.5394666,1.019059,0.1509634,-1.931034,0.04033023,-0.7854659,0.1090834,0.6078798,12.7322,255.9278,4.071954,0.5312734,0.07301114,-0.8440482,-0.350784,-0.0134865,0.03614066,-0.3306131,-0.1083425,-1.147871,0.6218663,0.1906888,1.995181,-0.2577114,0.06926315,0.9637361,-0.1959752,0.9729486,-0.1223307,-0.9461387,-0.2203945,-0.2371661,moving,-88.25089,-78.09868,17.31143,5.459444
05/11/2023 13:10:20.978375,4155,True,True,True,True,Eyes,0.9832038,0.1564495,-1.943129,-0.99098,-0.1333219,-0.01356924,0.0,0.0,0.0,0.0,0.0,0.0,0.0,2.115669,-0.2052539,0.5231993,1.00598,0.1549812,-1.938017,0.03757904,-0.7860615,0.1108454,0.6069667,12.70205,255.8421,4.437615,0.5289147,0.07287426,-0.84554,-0.3297369,-0.01267731,0.03397222,-0.3485197,-0.1173601,-1.159636,0.6186334,0.1886342,1.995437,-0.2603586,0.07548001,0.962557,-0.1936378,0.9726022,-0.1286441,-0.9458951,-0.219881,-0.2386096,moving,89.21552,84.18857,17.22469,5.400279
05/11/2023 13:10:20.998543,4156,True,True,True,True,Eyes,0.9827294,0.1565336,-1.943364,-0.9909707,-0.1333729,-0.01373671,0.0,0.0,0.0,0.0,0.0,0.0,0.0,2.119144,-0.2291973,0.4995797,0.9927831,0.1576704,-1.94484,0.03172306,-0.7878982,0.1072995,0.6055552,11.97602,255.5817,4.688682,0.5166125,0.07280573,-0.8531181,-0.7019134,-0.01411854,-0.1436843,-0.3661499,-0.1286779,-1.171703,0.6153622,0.1865546,1.995697,-0.2645935,0.07996248,0.9610394,-0.1799406,0.9749609,-0.1306621,-0.9474239,-0.2075023,-0.2435798,moving,89.20583,84.11957,17.13686,5.340401
05/11/2023 13:10:21.008284,4157,True,True,True,True,Eyes,0.9817699,0.1566899,-1.943826,-0.9909292,-0.1336382,-0.01414333,0.0,0.0,0.0,0.0,0.0,0.0,0.0,2.122729,-0.2399951,0.4788985,0.980928,0.1597802,-1.950684,0.03118405,-0.789122,0.1087685,0.6037248,12.08229,255.3463,4.817183,0.5067043,0.07272936,-0.8590465,-0.6597986,-0.01327143,-0.1350632,-0.3841857,-0.1394235,-1.186059,0.6123669,0.1846509,1.995934,-0.269088,0.08211641,0.9596086,-0.1805485,0.9743939,-0.13401,-0.9460412,-0.2093164,-0.2473718,moving,89.18229,83.95871,17.05639,5.285587
05/11/2023 13:10:21.028367,4158,True,True,True,True,Eyes,0.9803968,0.1569418,-1.944488,-0.9908536,-0.1341549,-0.01454704,0.0,0.0,0.0,0.0,0.0,0.0,0.0,2.124912,-0.2489103,0.4630299,0.9683071,0.161688,-1.956487,0.03060555,-0.7895553,0.109502,0.6030549,12.11236,255.2661,4.913322,0.4987166,0.07265601,-0.8637143,-0.6202106,-0.01247514,-0.1269594,-0.4029911,-0.1526833,-1.203839,0.6091842,0.1826279,1.996188,-0.2707761,0.08374189,0.958993,-0.180401,0.9741452,-0.1360021,-0.9455875,-0.2098294,-0.2486682,moving,89.15889,83.81133,16.97082,5.227344
05/11/2023 13:10:21.048350,4159,True,True,True,True,Eyes,0.9786212,0.1572742,-1.945321,-0.9907162,-0.1350963,-0.01518296,0.0,0.0,0.0,0.0,0.0,0.0,0.0,2.126433,-0.2581627,0.4513299,0.9570311,0.1641123,-1.961943,0.0315112,-0.7894922,0.1134743,0.6023561,12.54087,255.2467,5.110299,0.4922609,0.07259403,-0.867415,-0.582998,-0.01172663,-0.1193419,-0.424969,-0.1515062,-1.223945,0.6057201,0.1804259,1.996462,-0.2723487,0.08694817,0.9582623,-0.1864596,0.9722613,-0.1412122,-0.9439594,-0.2171361,-0.2485817,moving,89.12199,83.58765,16.87763,5.163954
05/11/2023 13:10:21.058033,4160,True,True,True,True,Eyes,0.9764985,0.157606,-1.946317,-0.9905731,-0.1360637,-0.0158616,0.0,0.0,0.0,0.0,0.0,0.0,0.0,2.128497,-0.2639841,0.4380958,0.9456847,0.1664057,-1.967258,0.03304434,-0.7896167,0.1168181,0.6014707,12.95781,255.1859,5.200943,0.4870182,0.07254873,-0.8703731,-0.5480181,-0.01102303,-0.1121814,-0.4458571,-0.1469571,-1.241479,0.6026374,0.1784667,1.996706,-0.274282,0.08834063,0.957583,-0.1927101,0.9705232,-0.1447327,-0.9421422,-0.2242335,-0.2491729,moving,89.08263,83.35077,16.79464,5.107555
05/11/2023 13:10:21.078731,4161,True,True,True,True,Eyes,0.9740729,0.1579529,-1.947454,-0.9903589,-0.1375138,-0.01670752,0.0,0.0,0.0,0.0,0.0,0.0,0.0,2.13157,-0.2628426,0.4231274,0.9351979,0.1669198,-1.97212,0.03420771,-0.7901266,0.1166554,0.6007675,13.02915,255.074,5.070652,0.4827283,0.07252019,-0.872762,-0.515137,-0.01036165,-0.1054505,-0.4657318,-0.147772,-1.260245,0.5995535,0.1765065,1.996951,-0.2758168,0.0861087,0.9573457,-0.1942224,0.9704427,-0.1432433,-0.9413836,-0.2254468,-0.2509402,moving,89.0335,83.07269,16.71157,5.051135
05/11/2023 13:10:21.098090,4162,True,True,True,True,Eyes,0.9713098,0.1583863,-1.948735,-0.9901388,-0.1389826,-0.01758086,0.0,0.0,0.0,0.0,0.0,0.0,0.0,2.133635,-0.2622962,0.4124711,0.9254469,0.1677411,-1.976547,0.03768265,-0.7899475,0.1214569,0.5998428,13.71523,255.0345,5.089097,0.4791085,0.07250868,-0.8747554,-0.4842288,-0.009739952,-0.09912345,-0.4850617,-0.1450769,-1.278966,0.5964705,0.1745468,1.997195,-0.2775373,0.08617543,0.9568421,-0.2052447,0.9676564,-0.1466818,-0.9385348,-0.2370964,-0.2508738,moving,88.98277,82.79056,16.62847,4.99473
05/11/2023 13:10:21.108003,4163,True,True,True,True,Eyes,0.968227,0.1588892,-1.950135,-0.9900018,-0.1397833,-0.01889857,0.0,0.0,0.0,0.0,0.0,0.0,0.0,2.133689,-0.280668,0.3993669,0.9145855,0.170254,-1.981273,0.03610583,-0.7903216,0.1247375,0.5987729,13.91038,254.9637,5.456924,0.4757203,0.07251765,-0.8766018,-0.4551751,-0.009155555,-0.09317604,-0.5002588,-0.1620601,-1.297363,0.5932182,0.1724795,1.997454,-0.280335,0.09230847,0.9554537,-0.2064493,0.9662738,-0.1539271,-0.9374387,-0.2404039,-0.2518234,moving,88.90639,82.30035,16.54075,4.935229
05/11/2023 13:10:21.128107,4164,True,True,True,True,Eyes,0.9648665,0.1594339,-1.951644,-0.9898933,-0.1403455,-0.02035719,0.0,0.0,0.0,0.0,0.0,0.0,0.0,2.133533,-0.3053246,0.3802068,0.9039286,0.1722417,-1.985697,0.0297287,-0.7918859,0.1218857,0.5976427,13.2131,254.7581,5.813233,0.4725278,0.07254848,-0.8783244,-0.4278646,-0.008606222,-0.08758548,-0.5151312,-0.1742971,-1.312974,0.5900218,0.1704478,1.997707,-0.2838787,0.09860468,0.9537766,-0.1927716,0.9685202,-0.1575048,-0.9392827,-0.2285733,-0.2559341,moving,88.82188,81.74678,16.45448,4.876762
05/11/2023 13:10:21.138054,4165,True,True,True,True,Eyes,0.9611963,0.1600164,-1.953233,-0.9898382,-0.1404506,-0.02222381,0.0,0.0,0.0,0.0,0.0,0.0,0.0,2.134848,-0.3181257,0.3601279,0.8939187,0.1737372,-1.989773,0.02710906,-0.7934151,0.1206809,0.5959815,12.93309,254.4984,5.938109,0.4694995,0.07260104,-0.8799425,-0.4021927,-0.008089848,-0.08233035,-0.5304048,-0.1756515,-1.3245,0.586884,0.1684533,1.997956,-0.2881428,0.1008297,0.9522644,-0.1868646,0.9694024,-0.1591871,-0.9391782,-0.2238131,-0.2604848,moving,88.71381,81.00851,16.36974,4.819369
05/11/2023 13:10:21.158313,4166,True,True,True,True,Eyes,0.9572611,0.160598,-1.954914,-0.9898425,-0.1400953,-0.02418909,0.0,0.0,0.0,0.0,0.0,0.0,0.0,2.136403,-0.3270546,0.3393581,0.8830652,0.1750139,-1.993969,0.02403663,-0.794927,0.1169091,0.5948493,12.38413,254.2592,5.927785,0.4666068,0.07267522,-0.8814737,-0.3780611,-0.007604457,-0.07739053,-0.5462935,-0.1691694,-1.334526,0.5836521,0.1663991,1.998213,-0.2911533,0.1008719,0.9513436,-0.1773013,0.971509,-0.1572721,-0.9401032,-0.2144648,-0.2649733,moving,88.60012,80.2038,16.2824,4.760263
05/11/2023 13:10:21.178088,4167,True,True,True,True,Eyes,0.9530982,0.161165,-1.956647,-0.9898075,-0.1399146,-0.02655255,0.0,0.0,0.0,0.0,0.0,0.0,0.0,2.137157,-0.3383965,0.319392,0.8727922,0.1754653,-1.997851,0.01980331,-0.7963844,0.1128195,0.5938447,11.72506,254.0393,6.00618,0.4638249,0.07276898,-0.882933,-0.3553775,-0.007148189,-0.0727471,-0.5626169,-0.158722,-1.345304,0.5804996,0.1643952,1.998462,-0.2939126,0.1024524,0.9503258,-0.1655366,0.9737592,-0.1561752,-0.9413889,-0.2032155,-0.2692404,moving,88.46336,79.25438,16.19716,4.702611
05/11/2023 13:10:21.188367,4168,True,True,True,True,Eyes,0.9486822,0.1617514,-1.958473,-0.989767,-0.1396982,-0.02908123,0.0,0.0,0.0,0.0,0.0,0.0,0.0,2.138229,-0.3461574,0.3002732,0.8633792,0.1755814,-2.001439,0.01914639,-0.7976972,0.1137678,0.5919201,11.78096,253.7841,6.106545,0.4611335,0.0728799,-0.8843325,-0.3340548,-0.006719298,-0.06838227,-0.5805202,-0.1407433,-1.356948,0.5772411,0.1623243,1.99872,-0.2985278,0.1041369,0.9487025,-0.165229,0.9733806,-0.1588382,-0.9399894,-0.2041708,-0.2733747,moving,88.31702,78.24059,16.109,4.643035
05/11/2023 13:10:21.208084,4169,True,True,True,True,Eyes,0.9440578,0.1623146,-1.96036,-0.9896868,-0.1396234,-0.03201973,0.0,0.0,0.0,0.0,0.0,0.0,0.0,2.139787,-0.3546278,0.2757246,0.8529096,0.1766177,-2.005449,0.01814846,-0.7996392,0.1136926,0.5893404,11.72516,253.4136,6.155088,0.4585126,0.07300725,-0.8856838,-0.3140115,-0.00631614,-0.06427933,-0.5977436,-0.1247184,-1.369724,0.5739043,0.1602029,1.998985,-0.3046973,0.1049828,0.9466459,-0.1630316,0.9734892,-0.1604348,-0.9383925,-0.2032172,-0.2795042,moving,88.14693,77.08374,16.01866,4.582013
05/11/2023 13:10:21.228231,4170,True,True,True,True,Eyes,0.9392387,0.1628608,-1.962301,-0.9895369,-0.1399523,-0.03507528,0.0,0.0,0.0,0.0,0.0,0.0,0.0,2.141452,-0.3591714,0.2499163,0.8432993,0.1766358,-2.008713,0.01783365,-0.8018371,0.1134826,0.5863964,11.70685,252.9858,6.125813,0.4559464,0.07314847,-0.8869959,-0.2951708,-0.005937172,-0.06042257,-0.6146483,-0.1156818,-1.385545,0.5707592,0.1582038,1.999235,-0.3116423,0.1044922,0.9444364,-0.161691,0.9736074,-0.161074,-0.9363411,-0.2029044,-0.2865218,moving,87.96993,75.93015,15.93345,4.524513
05/11/2023 13:10:21.238322,4171,True,True,True,True,Eyes,0.9342285,0.1633938,-1.964287,-0.9893152,-0.1406574,-0.03835066,0.0,0.0,0.0,0.0,0.0,0.0,0.0,2.143585,-0.3571181,0.2275901,0.8338171,0.1768725,-2.011903,0.02133049,-0.803467,0.1167569,0.5833985,12.26942,252.6112,5.989032,0.4534211,0.07330152,-0.8882769,-0.2774606,-0.005580941,-0.05679722,-0.6322415,-0.1065681,-1.405973,0.5675336,0.1561538,1.999491,-0.3183829,0.1019549,0.9424638,-0.1705083,0.9718256,-0.1627323,-0.9325019,-0.212509,-0.2920286,moving,87.78005,74.74885,15.84601,4.465552
05/11/2023 13:10:21.258198,4172,True,True,True,True,Eyes,0.8048991,0.1759952,-2.015123,-0.9793265,-0.1621316,-0.1209665,0.0,0.0,0.0,0.0,0.0,0.0,0.0,2.145634,-0.3531706,0.2071981,0.8242805,0.1771583,-2.015088,0.02407319,-0.8048322,0.117903,0.5811751,12.57784,252.3042,5.780162,0.4509246,0.07346473,-0.8895333,-0.260813,-0.005246085,-0.05338939,-0.6487787,-0.1042298,-1.427902,0.5643747,0.1541458,1.999742,-0.323312,0.09829485,0.9411737,-0.1757944,0.9710388,-0.1618028,-0.9298205,-0.2177657,-0.2966688,moving,82.95849,53.27335,15.76033,4.407807
05/11/2023 13:10:21.278159,4173,True,True,True,True,Eyes,0.8045252,0.1760052,-2.015219,-0.9792374,-0.1623796,-0.1213542,0.0,0.0,0.0,0.0,0.0,0.0,0.0,2.146617,-0.3542113,0.1888754,0.8152037,0.1770178,-2.01822,0.02568654,-0.8059862,0.1196573,0.5791447,12.86395,252.0441,5.721549,0.4395512,0.07446054,-0.8951256,-0.6331524,0.0328729,-0.2026946,-0.6641485,-0.1065673,-1.449197,0.5609956,0.1519982,2.00001,-0.3278631,0.0971918,0.9397125,-0.1800038,0.9700446,-0.1631318,-0.9274182,-0.2226367,-0.300547,moving,82.93551,53.22744,15.66862,4.346052
05/11/2023 13:10:21.298262,4174,True,True,True,True,Eyes,0.8037807,0.1760377,-2.015438,-0.979125,-0.1625957,-0.1219704,0.0,0.0,0.0,0.0,0.0,0.0,0.0,2.146674,-0.3598936,0.1695595,0.8060862,0.1772471,-2.021211,0.02673743,-0.8072958,0.1222687,0.5767228,13.1943,251.7509,5.768747,0.4302924,0.07527728,-0.899545,-0.5951632,0.03090052,-0.190533,-0.6780012,-0.1149073,-1.468262,0.5579666,0.1500732,2.00025,-0.3333521,0.09786022,0.9377099,-0.1842003,0.968671,-0.1665738,-0.9246333,-0.2282541,-0.3048826,moving,82.8992,53.12479,15.58636,4.290704
05/11/2023 13:10:21.308434,4175,True,True,True,True,Eyes,0.8026883,0.1760745,-2.015777,-0.9789926,-0.1626511,-0.1229559,0.0,0.0,0.0,0.0,0.0,0.0,0.0,2.146638,-0.3665116,0.1466768,0.7964702,0.1778095,-2.024331,0.02609549,-0.8090971,0.1222164,0.5742337,13.16403,251.3963,5.784224,0.4227418,0.07595161,-0.9030615,-0.5594534,0.02904649,-0.179101,-0.6928897,-0.1173071,-1.489588,0.5548215,0.1480738,2.000499,-0.3391497,0.098134,0.9356,-0.1825891,0.9687644,-0.1678001,-0.9228429,-0.2277397,-0.310638,moving,82.84146,52.91259,15.5009,4.233222
05/11/2023 13:10:21.328210,4176,True,True,True,True,Eyes,0.8012478,0.1761131,-2.016222,-0.9788589,-0.162565,-0.124128,0.0,0.0,0.0,0.0,0.0,0.0,0.0,2.14648,-0.3708169,0.1234586,0.7869046,0.1780015,-2.027122,0.02544021,-0.8109465,0.1213392,0.571835,13.05548,251.0367,5.744816,0.416563,0.07651161,-0.9058812,-0.5258862,0.0273037,-0.1683549,-0.7069198,-0.1223163,-1.511436,0.5514958,0.1459596,2.000763,-0.3447148,0.0975107,0.9336291,-0.1800333,0.9692592,-0.1677039,-0.9212815,-0.2258943,-0.3165629,moving,82.77296,52.63613,15.41048,4.172448
05/11/2023 13:10:21.344344,4177,True,True,True,True,Eyes,0.7994741,0.1761327,-2.01677,-0.9787248,-0.1622255,-0.1256214,0.0,0.0,0.0,0.0,0.0,0.0,0.0,2.14649,-0.3729757,0.1009042,0.777128,0.1780584,-2.030044,0.02460478,-0.8126699,0.1193996,0.5698298,12.83276,250.7114,5.655399,0.4114778,0.07697945,-0.9081629,-0.4943331,0.02566548,-0.1582536,-0.7179865,-0.1418517,-1.53266,0.5484984,0.1440547,2.001001,-0.3493773,0.09608372,0.9320427,-0.176066,0.9702767,-0.1660238,-0.9202915,-0.2221059,-0.3220756,moving,82.68596,52.24715,15.32894,4.117695
05/11/2023 13:10:21.358383,4178,True,True,True,True,Eyes,0.7973762,0.1761184,-2.017415,-0.9785746,-0.1617998,-0.1273285,0.0,0.0,0.0,0.0,0.0,0.0,0.0,2.146143,-0.3757925,0.07745457,0.7673517,0.1775884,-2.032925,0.02300421,-0.8145106,0.1168322,0.5677971,12.50035,250.3742,5.595871,0.4071016,0.07738178,-0.9100989,-0.4646731,0.02412555,-0.1487584,-0.730696,-0.1509402,-1.553192,0.545321,0.1420351,2.001253,-0.3541544,0.09519962,0.9303287,-0.1701483,0.9716421,-0.1641987,-0.9195783,-0.2164456,-0.3279133,moving,82.58654,51.79898,15.24245,4.059649
05/11/2023 13:10:21.378323,4179,True,True,True,True,Eyes,0.7949713,0.1760713,-2.018157,-0.9783619,-0.161428,-0.1294179,0.0,0.0,0.0,0.0,0.0,0.0,0.0,2.145259,-0.3803037,0.05228615,0.7574934,0.1767379,-2.035796,0.02188515,-0.8165303,0.1158274,0.5651402,12.35038,249.9815,5.591338,0.4030632,0.07774264,-0.9118638,-0.4367927,0.02267802,-0.1398329,-0.7426383,-0.1584142,-1.571916,0.541977,0.1399093,2.001518,-0.3602754,0.09517764,0.927978,-0.1666572,0.9722101,-0.1644168,-0.9178384,-0.2138895,-0.3344013,moving,82.46465,51.28061,15.15138,3.998561
05/11/2023 13:10:21.388040,4180,True,True,True,True,Eyes,0.7922601,0.1759971,-2.018985,-0.978113,-0.1610215,-0.131784,0.0,0.0,0.0,0.0,0.0,0.0,0.0,2.143896,-0.3860565,0.0253067,0.747689,0.1759282,-2.038622,0.02135614,-0.8187719,0.116127,0.561846,12.3663,249.5247,5.611819,0.3993163,0.07806502,-0.9134834,-0.4105851,0.02131734,-0.1314429,-0.7551337,-0.1628922,-1.589207,0.5388151,0.1378998,2.00177,-0.3677459,0.09551933,0.9250076,-0.1654626,0.9721169,-0.1661653,-0.9150875,-0.2141607,-0.3416871,moving,82.32658,50.70225,15.06521,3.940819
05/11/2023 13:10:21.408240,4181,True,True,True,True,Eyes,0.78925,0.1758796,-2.019889,-0.9777934,-0.1607325,-0.1344813,0.0,0.0,0.0,0.0,0.0,0.0,0.0,2.141847,-0.3932088,-0.004498243,0.737651,0.175189,-2.041402,0.02018357,-0.8213643,0.1159354,0.558133,12.29708,249.0033,5.653893,0.3958189,0.07835181,-0.9149797,-0.38595,0.0200383,-0.1235563,-0.768949,-0.1594312,-1.606735,0.5356387,0.1358809,2.002021,-0.3761606,0.0962586,0.921541,-0.1625709,0.9723032,-0.1679202,-0.912181,-0.2129806,-0.3500934,moving,82.16893,50.08153,14.97861,3.882817
05/11/2023 13:10:21.428358,4182,True,True,True,True,Eyes,0.7859359,0.1757163,-2.02086,-0.9774268,-0.160478,-0.1374178,0.0,0.0,0.0,0.0,0.0,0.0,0.0,2.139415,-0.3983816,-0.03466892,0.7274593,0.1740628,-2.043896,0.01949725,-0.8239614,0.1158136,0.5543419,12.26703,248.4716,5.653959,0.3925342,0.07860491,-0.9163721,-0.362793,0.018836,-0.116143,-0.7829288,-0.1551918,-1.625089,0.5323411,0.1337843,2.002282,-0.3846501,0.09627073,0.9180287,-0.1605307,0.9724141,-0.1692356,-0.9089966,-0.2124682,-0.3585848,moving,81.99716,49.42645,14.88865,3.822588
05/11/2023 13:10:21.438580,4183,True,True,True,True,Eyes,0.7823299,0.1755033,-2.021885,-0.976982,-0.1603448,-0.1406974,0.0,0.0,0.0,0.0,0.0,0.0,0.0,2.136685,-0.4022898,-0.06435204,0.7168694,0.172804,-2.046372,0.01930211,-0.8264207,0.1159467,0.5506474,12.29228,247.9577,5.626069,0.3894283,0.07882584,-0.9176773,-0.3410254,0.01770584,-0.1091744,-0.79691,-0.1506336,-1.644638,0.5293498,0.1318835,2.00252,-0.3928297,0.09578815,0.9146088,-0.1595948,0.9723676,-0.1703842,-0.9056567,-0.2128988,-0.3666876,moving,81.80505,48.73409,14.80699,3.767988
05/11/2023 13:10:21.463296,4184,True,True,True,True,Eyes,0.7784408,0.1752466,-2.022966,-0.9764796,-0.1602575,-0.1442395,0.0,0.0,0.0,0.0,0.0,0.0,0.0,2.133348,-0.4072385,-0.09449077,0.7063686,0.1714233,-2.048805,0.01897522,-0.82894,0.1163446,0.5467748,12.3355,247.4267,5.625923,0.3864714,0.07901585,-0.9189101,-0.3205639,0.01664349,-0.1026239,-0.8112097,-0.1445899,-1.666003,0.5260326,0.1297749,2.002783,-0.4013549,0.09576993,0.9109022,-0.1586872,0.9722078,-0.172135,-0.9020715,-0.2136357,-0.3750029,moving,81.59739,48.01126,14.71639,3.707428
05/11/2023 13:10:21.478371,4185,True,True,True,True,Eyes,0.774281,0.1749341,-2.02412,-0.9759067,-0.1602718,-0.1480514,0.0,0.0,0.0,0.0,0.0,0.0,0.0,2.129009,-0.4139447,-0.1264858,0.6957095,0.1701218,-2.051115,0.01843058,-0.83168,0.1170296,0.5424693,12.39549,246.8445,5.659248,0.3836364,0.07917628,-0.9200836,-0.3013301,0.01564488,-0.09646649,-0.825328,-0.13964,-1.688003,0.5228298,0.127739,2.003037,-0.410775,0.09631325,0.9066355,-0.1576266,0.9719288,-0.1746663,-0.8980078,-0.2146584,-0.3840625,moving,81.37364,47.26974,14.62887,3.648962
05/11/2023 13:10:21.488190,4186,True,True,True,True,Eyes,0.7698405,0.1745786,-2.025315,-0.9752705,-0.1603409,-0.1521128,0.0,0.0,0.0,0.0,0.0,0.0,0.0,2.124206,-0.4188725,-0.1597729,0.6847831,0.1686073,-2.05326,0.01807909,-0.8345385,0.1173231,0.5380095,12.43165,246.2334,5.64549,0.3809,0.07930766,-0.9212085,-0.2832503,0.01470619,-0.0906785,-0.8386061,-0.1396528,-1.71161,0.5197257,0.1257661,2.003284,-0.420438,0.0960665,0.9022213,-0.1564173,0.9718168,-0.1763679,-0.8937369,-0.2152748,-0.3935623,moving,81.13501,46.50846,14.54399,3.592312
05/11/2023 13:10:21.507903,4187,True,True,True,True,Eyes,0.7651387,0.1741673,-2.026572,-0.9745768,-0.1604783,-0.1563546,0.0,0.0,0.0,0.0,0.0,0.0,0.0,2.118652,-0.4246748,-0.1925919,0.6736188,0.1672337,-2.055334,0.01779266,-0.8373033,0.1179924,0.5335584,12.5081,245.6331,5.650076,0.3782396,0.07941121,-0.9222951,-0.2662553,0.01382381,-0.08523779,-0.851895,-0.1397207,-1.734046,0.5164549,0.1236873,2.003543,-0.4299979,0.09611593,0.897699,-0.1557073,0.9715225,-0.178604,-0.8893014,-0.2165777,-0.4027867,moving,80.88552,45.74569,14.45452,3.532631
05/11/2023 13:10:21.528101,4188,True,True,True,True,Eyes,0.7601659,0.1737113,-2.02785,-0.9738182,-0.1606602,-0.1608304,0.0,0.0,0.0,0.0,0.0,0.0,0.0,2.112005,-0.4319217,-0.2252443,0.6622598,0.1656227,-2.057144,0.01699268,-0.8400311,0.1186659,0.529129,12.55336,245.041,5.705011,0.375637,0.07948727,-0.9233516,-0.2502799,0.01299439,-0.08012352,-0.8648802,-0.1391197,-1.755682,0.513315,0.1216912,2.003793,-0.4394675,0.09703035,0.8930023,-0.1541279,0.9712594,-0.1813834,-0.8849365,-0.2173487,-0.4118818,moving,80.622,44.96967,14.36857,3.47533
05/11/2023 13:10:21.538230,4189,True,True,True,True,Eyes,0.7549342,0.1732122,-2.02915,-0.9729861,-0.1609448,-0.1655137,0.0,0.0,0.0,0.0,0.0,0.0,0.0,2.104597,-0.4396581,-0.2580602,0.650786,0.1640999,-2.058828,0.01628453,-0.8427631,0.1196003,0.5245771,12.63119,244.439,5.765806,0.3730747,0.07953682,-0.9243855,-0.2352631,0.01221472,-0.07531611,-0.8769997,-0.1422601,-1.775048,0.5101528,0.1196814,2.004043,-0.4491076,0.09803114,0.8880836,-0.1529271,0.9708611,-0.1845044,-0.8802931,-0.2186744,-0.4210295,moving,80.34589,44.19819,14.28198,3.417644
05/11/2023 13:10:21.558526,4190,True,True,True,True,Eyes,0.7494338,0.172708,-2.030459,-0.9720658,-0.1613743,-0.17043,0.0,0.0,0.0,0.0,0.0,0.0,0.0,2.096397,-0.4468367,-0.2915034,0.639173,0.1626436,-2.060224,0.01627181,-0.8455522,0.1211079,0.5197209,12.81006,243.8046,5.789736,0.3705379,0.07956076,-0.9254032,-0.2211473,0.01148184,-0.07079715,-0.8891536,-0.1452022,-1.793505,0.5068839,0.1176038,2.004302,-0.4592512,0.09836728,0.8828436,-0.1534019,0.9701362,-0.1878925,-0.8749609,-0.2217197,-0.4304465,moving,80.05554,43.43665,14.19241,3.358021
05/11/2023 13:10:21.578420,4191,True,True,True,True,Eyes,0.743652,0.1721899,-2.031735,-0.9710912,-0.1617605,-0.175543,0.0,0.0,0.0,0.0,0.0,0.0,0.0,2.087912,-0.4524525,-0.3252411,0.627216,0.1620532,-2.061603,0.01697295,-0.8483423,0.1225224,0.5147967,13.02387,243.1561,5.73461,0.3680128,0.07956171,-0.9264101,-0.2078785,0.01079293,-0.06654932,-0.9013031,-0.1471942,-1.812816,0.5037019,0.1155809,2.004555,-0.4693927,0.09735049,0.8776067,-0.154946,0.9694004,-0.1904065,-0.8692884,-0.225357,-0.4399453,moving,79.75336,42.66015,14.10518,3.299971
05/11/2023 13:10:21.588419,4192,True,True,True,True,Eyes,0.7376138,0.1716525,-2.033006,-0.9700532,-0.1621311,-0.1808598,0.0,0.0,0.0,0.0,0.0,0.0,0.0,2.078568,-0.4564586,-0.3603423,0.6150315,0.1611136,-2.062626,0.01672165,-0.8512968,0.1223572,0.5099438,13.02516,242.4931,5.673764,0.3654871,0.07954175,-0.9274112,-0.1954058,0.01014535,-0.06255636,-0.9134154,-0.1494712,-1.832265,0.5004563,0.1135181,2.004812,-0.4793552,0.09632043,0.8723191,-0.1532608,0.9694982,-0.1912704,-0.864135,-0.2253788,-0.4499719,moving,79.43885,41.87453,14.01616,3.240788
05/11/2023 13:10:21.608043,4193,True,True,True,True,Eyes,0.7313138,0.1711239,-2.034257,-0.9689441,-0.1625909,-0.1863105,0.0,0.0,0.0,0.0,0.0,0.0,0.0,2.070037,-0.4553482,-0.3940294,0.6028398,0.1601226,-2.063637,0.01725058,-0.8540527,0.1213537,0.5055392,12.98679,241.8705,5.490433,0.36295,0.07950238,-0.9284104,-0.1836814,0.009536631,-0.05880297,-0.9256261,-0.1508104,-1.850872,0.4972317,0.1114684,2.005067,-0.4882655,0.09323224,0.8677011,-0.1521639,0.9699514,-0.1898432,-0.8593273,-0.2247265,-0.4594072,moving,79.11589,41.1108,13.92767,3.18199
05/11/2023 13:10:21.628242,4194,True,True,True,True,Eyes,0.7247527,0.1706085,-2.035504,-0.9677984,-0.1628512,-0.1919525,0.0,0.0,0.0,0.0,0.0,0.0,0.0,2.060708,-0.4558358,-0.4261158,0.5903325,0.1597478,-2.064428,0.01825602,-0.856594,0.1212685,0.5012062,13.06497,241.2745,5.318051,0.3603919,0.07944626,-0.9294112,-0.1726606,0.008964433,-0.0552748,-0.937888,-0.1522281,-1.867464,0.4939818,0.1094024,2.005324,-0.4969184,0.09028508,0.8630881,-0.1528371,0.9699214,-0.1894557,-0.8542326,-0.2260558,-0.4681729,moving,78.78159,40.31105,13.83844,3.122731
05/11/2023 13:10:21.638267,4195,True,True,True,True,Eyes,0.7179435,0.1700882,-2.036724,-0.9666036,-0.1630516,-0.1977159,0.0,0.0,0.0,0.0,0.0,0.0,0.0,2.05072,-0.4558501,-0.460258,0.577512,0.1595135,-2.06546,-0.01716904,0.8593781,-0.1186947,-0.4970775,12.77224,240.6746,5.205988,0.3578037,0.07937594,-0.9304166,-0.1623009,0.008426568,-0.05195831,-0.9494603,-0.1568102,-1.882239,0.490809,0.1073858,2.005577,-0.5052383,0.08849154,0.8584308,-0.1475103,0.9712335,-0.1869386,-0.8502793,-0.2210759,-0.4776509,moving,78.43979,39.51158,13.75128,3.064894
05/11/2023 13:10:21.659155,4196,True,True,True,True,Eyes,0.7108881,0.1695751,-2.037925,-0.965346,-0.1631874,-0.2036593,0.0,0.0,0.0,0.0,0.0,0.0,0.0,2.040203,-0.4545613,-0.4935248,0.564798,0.1589449,-2.066002,-0.01743071,0.862056,-0.1173049,-0.4927427,12.67523,240.0628,5.030538,0.3551781,0.07929292,-0.9314291,-0.1525629,0.007920973,-0.04884081,-0.9613438,-0.1596062,-1.897264,0.48763,0.1053652,2.00583,-0.5138016,0.08554972,0.8536329,-0.1456547,0.9718714,-0.185069,-0.8454541,-0.2194244,-0.4868883,moving,78.08699,38.70439,13.6639,3.006954
05/11/2023 13:10:21.678361,4197,True,True,True,True,Eyes,0.7035765,0.1690959,-2.039084,-0.9640281,-0.163282,-0.209735,0.0,0.0,0.0,0.0,0.0,0.0,0.0,2.029199,-0.4527406,-0.5274284,0.5518329,0.1585993,-2.066671,-0.0176955,0.864779,-0.1156624,-0.4883302,12.55211,239.4384,4.840039,0.3525085,0.07919908,-0.9324507,-0.1434091,0.007445714,-0.04591036,-0.9728813,-0.1626818,-1.912706,0.4844065,0.1033163,2.006085,-0.5224409,0.08235753,0.8486887,-0.1435683,0.9726181,-0.1827624,-0.8405018,-0.2173274,-0.4963115,moving,77.72594,37.90132,13.57527,2.948211
05/11/2023 13:10:21.688024,4198,True,True,True,True,Eyes,0.6960289,0.1687125,-2.040238,-0.9626309,-0.1634253,-0.2159493,0.0,0.0,0.0,0.0,0.0,0.0,0.0,2.017827,-0.4514294,-0.559629,0.5386725,0.1588853,-2.067168,-0.01779542,0.867303,-0.1139099,-0.4842453,12.40518,238.8597,4.666284,0.3497886,0.0790974,-0.9334831,-0.1348046,0.006998972,-0.04315574,-0.9848733,-0.1626077,-1.928637,0.4811781,0.1012643,2.006342,-0.5303797,0.07945269,0.844029,-0.1411888,0.9734157,-0.1803542,-0.8359206,-0.2148236,-0.5050622,moving,77.35603,37.11756,13.48645,2.889386
05/11/2023 13:10:21.707902,4199,True,True,True,True,Eyes,0.5012585,0.1622939,-2.069269,-0.9134207,-0.1632624,-0.3728378,0.0,0.0,0.0,0.0,0.0,0.0,0.0,2.005146,-0.4573039,-0.5910203,0.5254614,0.1608194,-2.068107,-0.01802492,0.8697457,-0.1141277,-0.4797841,12.46366,238.2671,4.591184,0.3470127,0.07899328,-0.9345273,-0.1267163,0.006579033,-0.0405664,-0.996199,-0.1659248,-1.942742,0.4779762,0.09922891,2.006596,-0.5389651,0.07815914,0.8386945,-0.1408675,0.9732999,-0.181228,-0.8304659,-0.2158203,-0.5135645,moving,67.79582,23.64819,13.39832,2.831049
05/11/2023 13:10:21.728057,4200,True,True,True,True,Eyes,0.5007269,0.1623691,-2.069315,-0.9132756,-0.163108,-0.3732605,0.0,0.0,0.0,0.0,0.0,0.0,0.0,1.991785,-0.4620127,-0.6243536,0.5117943,0.1635895,-2.069247,-0.01694595,0.8723957,-0.1124029,-0.4753992,12.25317,237.6623,4.537266,0.3307094,0.0787122,-0.9404439,-0.7034247,-0.01307169,-0.1252255,-1.006974,-0.1726867,-1.953254,0.4747162,0.09715697,2.006854,-0.547417,0.07730536,0.8332819,-0.1364397,0.9741569,-0.1800074,-0.8256628,-0.2122318,-0.5227225,moving,67.76991,23.60445,13.30855,2.771672
05/11/2023 13:10:21.738535,4201,True,True,True,True,Eyes,0.49969,0.1625797,-2.069414,-0.9128937,-0.1633897,-0.3740707,0.0,0.0,0.0,0.0,0.0,0.0,0.0,1.97768,-0.4654696,-0.658833,0.498507,0.1654383,-2.07028,-0.01571993,0.8751968,-0.1104798,-0.4707205,12.01587,237.0191,4.485551,0.3173712,0.07845344,-0.94505,-0.6612192,-0.01228739,-0.117712,-1.02012,-0.1661369,-1.964211,0.4715823,0.09516496,2.007102,-0.5563505,0.07649416,0.8274196,-0.1315263,0.9750942,-0.1785838,-0.8204726,-0.2081825,-0.5324331,moving,67.71796,23.59514,13.22221,2.714596
05/11/2023 13:10:21.759723,4202,True,True,True,True,Eyes,0.4981445,0.1628807,-2.069577,-0.9123853,-0.1632452,-0.3753717,0.0,0.0,0.0,0.0,0.0,0.0,0.0,1.961257,-0.482926,-0.6890934,0.4852335,0.1689697,-2.071375,-0.01604716,0.8775564,-0.1140291,-0.4654403,12.41974,236.38,4.580031,0.3064358,0.07822741,-0.948671,-0.621546,-0.01155015,-0.1106493,-1.032732,-0.1605058,-1.978179,0.4683251,0.09309485,2.00736,-0.5662156,0.07798284,0.8205598,-0.134312,0.9734797,-0.1851958,-0.8132405,-0.2150718,-0.5407255,moving,67.63686,23.50371,13.13243,2.65529
05/11/2023 13:10:21.778489,4203,True,True,True,True,Eyes,0.4961867,0.1632473,-2.069802,-0.9116269,-0.163345,-0.3771667,0.0,0.0,0.0,0.0,0.0,0.0,0.0,1.943307,-0.4901602,-0.7294741,0.4714888,0.1713333,-2.072962,-0.01166732,0.880998,-0.1102826,-0.4599394,11.83243,235.6266,4.740614,0.297436,0.07803869,-0.9515466,-0.5842533,-0.01085714,-0.1040103,-1.048732,-0.1329427,-1.998751,0.4651229,0.09105916,2.007614,-0.5766394,0.08088889,0.8129848,-0.1220044,0.9754032,-0.183585,-0.807838,-0.2050501,-0.5525872,moving,67.52369,23.41668,13.04412,2.596979
05/11/2023 13:10:21.788136,4204,True,True,True,True,Eyes,0.4937966,0.1636587,-2.070092,-0.9106579,-0.163559,-0.3794083,0.0,0.0,0.0,0.0,0.0,0.0,0.0,1.925822,-0.4971597,-0.7652171,0.4591109,0.1733873,-2.073805,-0.01177846,0.8840487,-0.1107147,-0.45394,11.91426,234.8468,4.671611,0.2899896,0.07788854,-0.9538546,-0.549198,-0.01020571,-0.0977697,-1.059007,-0.1357375,-2.015934,0.4620415,0.08910051,2.00786,-0.5875996,0.07969017,0.8052182,-0.1213411,0.975207,-0.1850609,-0.800002,-0.2064478,-0.5633616,moving,67.38188,23.32037,12.9591,2.540883
05/11/2023 13:10:21.813083,4205,True,True,True,True,Eyes,0.4910169,0.1640888,-2.070436,-0.9094453,-0.1639081,-0.3821563,0.0,0.0,0.0,0.0,0.0,0.0,0.0,1.908206,-0.5009481,-0.8033752,0.4463189,0.1749092,-2.075528,-0.01297558,0.887262,-0.1110955,-0.4474993,12.04939,234.0022,4.480863,0.2837804,0.07777616,-0.9557295,-0.5162461,-0.009593366,-0.09190352,-1.070428,-0.136576,-2.027833,0.4586432,0.08694071,2.008129,-0.5991521,0.07640483,0.7969812,-0.1224558,0.9749788,-0.1855285,-0.7912151,-0.2087548,-0.5748044,moving,67.20746,23.21465,12.8653,2.479038
05/11/2023 13:10:21.828544,4206,True,True,True,True,Eyes,0.4878807,0.1645549,-2.070836,-0.9080055,-0.1646679,-0.3852406,0.0,0.0,0.0,0.0,0.0,0.0,0.0,1.890919,-0.4971293,-0.8431299,0.4341955,0.1757891,-2.077054,-0.01355413,0.8906886,-0.1088044,-0.4411935,11.87526,233.1403,4.211263,0.2784465,0.07769794,-0.9573036,-0.4852714,-0.009017764,-0.0863893,-1.078718,-0.1497212,-2.036614,0.4555923,0.08500116,2.008371,-0.6103289,0.07186259,0.7888815,-0.1201526,0.9759558,-0.1818617,-0.7829826,-0.2057817,-0.5870196,moving,67.00989,23.14388,12.78105,2.423508
05/11/2023 13:10:21.847931,4207,True,True,True,True,Eyes,0.4843679,0.1650736,-2.071295,-0.9063627,-0.1655066,-0.3887341,0.0,0.0,0.0,0.0,0.0,0.0,0.0,1.872609,-0.5086913,-0.8748853,0.4224679,0.1772247,-2.078693,-0.01629241,0.893275,-0.1129082,-0.4347943,12.46738,232.3515,4.05676,0.2734965,0.07764891,-0.9587334,-0.4561551,-0.008476698,-0.08120594,-1.086833,-0.1634292,-2.04646,0.4525027,0.08303738,2.008616,-0.6213769,0.06907645,0.7804608,-0.1272908,0.9739726,-0.1875484,-0.7731026,-0.2158837,-0.5964113,moving,66.78577,23.06226,12.6957,2.367294
05/11/2023 13:10:21.863581,4208,True,True,True,True,Eyes,0.4805426,0.1656087,-2.071819,-0.9045771,-0.1662089,-0.3925748,0.0,0.0,0.0,0.0,0.0,0.0,0.0,1.853163,-0.5169476,-0.9104986,0.4102488,0.1789508,-2.080896,-0.01496047,0.8962235,-0.1125838,-0.4288177,12.39388,231.5844,4.094633,0.2688758,0.07762903,-0.9600412,-0.4287858,-0.007968096,-0.07633358,-1.095505,-0.1688322,-2.057884,0.4490844,0.08086516,2.008887,-0.6317833,0.06973997,0.7720016,-0.1233717,0.9742022,-0.1889698,-0.7652644,-0.2146311,-0.6068807,moving,66.53978,22.9469,12.60122,2.305124
05/11/2023 13:10:21.879459,4209,True,True,True,True,Eyes,0.4764172,0.1661701,-2.072417,-0.9025882,-0.167096,-0.3967537,0.0,0.0,0.0,0.0,0.0,0.0,0.0,1.833446,-0.5233938,-0.945605,0.3989071,0.1798537,-2.082826,-0.01318318,0.8991798,-0.1117192,-0.4228718,12.24315,230.8195,4.153277,0.2645376,0.0776364,-0.961245,-0.4030586,-0.00749001,-0.07175357,-1.100224,-0.1937145,-2.065266,0.4461606,0.07900666,2.009119,-0.6420111,0.07077769,0.7634212,-0.1181939,0.97469,-0.1897617,-0.75753,-0.2120609,-0.6173963,moving,66.27099,22.83878,12.52037,2.251941
05/11/2023 13:10:21.898091,4210,True,True,True,True,Eyes,0.4720033,0.1667581,-2.073122,-0.9004633,-0.1676827,-0.4013084,0.0,0.0,0.0,0.0,0.0,0.0,0.0,1.813436,-0.5312518,-0.9801028,0.3877167,0.1810474,-2.085252,-0.01307323,0.9020541,-0.1124436,-0.4165142,12.34225,230.0143,4.114004,0.2604402,0.07766967,-0.9623605,-0.3788751,-0.00704061,-0.06744836,-1.10914,-0.1975553,-2.075916,0.4429418,0.07696051,2.009375,-0.6526903,0.07008318,0.7543766,-0.1172542,0.9743711,-0.19197,-0.7484967,-0.2137508,-0.627745,moving,65.97896,22.67712,12.43133,2.193398
05/11/2023 13:10:21.913231,4211,True,True,True,True,Eyes,0.4673396,0.1673481,-2.073922,-0.8981662,-0.16826,-0.4061848,0.0,0.0,0.0,0.0,0.0,0.0,0.0,1.794343,-0.5264859,-1.019523,0.3763615,0.1822229,-2.088403,-0.01191823,0.9053592,-0.1086103,-0.4103494,11.91403,229.1776,3.959023,0.2565458,0.07772749,-0.9634014,-0.3561426,-0.006618173,-0.06340145,-1.122929,-0.1712404,-2.09249,0.4396562,0.07487173,2.009635,-0.6629428,0.06755573,0.7456161,-0.1107168,0.9761235,-0.1868813,-0.7404382,-0.2064438,-0.6396344,moving,65.66572,22.50154,12.34041,2.133646
05/11/2023 13:10:21.928729,4212,True,True,True,True,Eyes,0.4624377,0.1679449,-2.074845,-0.8957032,-0.168725,-0.4113971,0.0,0.0,0.0,0.0,0.0,0.0,0.0,1.774953,-0.5259693,-1.055639,0.3657964,0.1828416,-2.091467,-0.01146274,0.9083607,-0.1068355,-0.4041483,11.73325,228.365,3.837596,0.2528225,0.07780743,-0.9643787,-0.334774,-0.006221083,-0.05959737,-1.133127,-0.1614196,-2.109214,0.4365453,0.07289482,2.009882,-0.6730659,0.06553017,0.7366741,-0.1071794,0.9769096,-0.184825,-0.7317756,-0.2033556,-0.650501,moving,65.33065,22.29985,12.25427,2.077105
05/11/2023 13:10:21.948388,4213,True,True,True,True,Eyes,0.4573439,0.168558,-2.075906,-0.8930336,-0.1692716,-0.416939,0.0,0.0,0.0,0.0,0.0,0.0,0.0,1.753858,-0.5279601,-1.093068,0.3551517,0.1835852,-2.095165,-0.01061531,0.9114601,-0.1054728,-0.3974965,11.57834,227.5078,3.775026,0.2492417,0.07790744,-0.9653022,-0.3146876,-0.005847818,-0.05602152,-1.145413,-0.1435139,-2.125461,0.433374,0.07087927,2.010134,-0.683768,0.06449924,0.7268437,-0.103201,0.9775257,-0.1838293,-0.7223651,-0.2007075,-0.6617444,moving,64.97311,22.09649,12.16644,2.019468
05/11/2023 13:10:21.960510,4214,True,True,True,True,Eyes,0.4520451,0.1691635,-2.077096,-0.8901948,-0.1697524,-0.4227734,0.0,0.0,0.0,0.0,0.0,0.0,0.0,1.731995,-0.5283098,-1.131292,0.3450006,0.1846547,-2.098957,-0.010028,0.9146714,-0.1037566,-0.3905255,11.39891,226.6069,3.666916,0.2457789,0.07802596,-0.9661802,-0.2958063,-0.005496948,-0.05266023,-1.157581,-0.1219958,-2.14111,0.4301337,0.06881911,2.010391,-0.6947783,0.06269453,0.716486,-0.09938385,0.978268,-0.181974,-0.7123241,-0.1976388,-0.6734486,moving,64.59592,21.8765,12.07665,1.960567
05/11/2023 13:10:21.978272,4215,True,True,True,True,Eyes,0.4465771,0.1697493,-2.078417,-0.8871831,-0.1704147,-0.4287949,0.0,0.0,0.0,0.0,0.0,0.0,0.0,1.710836,-0.5283799,-1.167564,0.3347408,0.1850511,-2.103105,-0.009990905,0.9176084,-0.1025718,-0.3838934,11.29803,225.7548,3.532331,0.2424123,0.07816048,-0.9670196,-0.278058,-0.005167132,-0.04950062,-1.165115,-0.125413,-2.156611,0.4270053,0.06683111,2.010638,-0.7050524,0.06041781,0.7065771,-0.09708877,0.9787584,-0.1805707,-0.702478,-0.1959124,-0.68421,moving,64.20451,21.67421,11.98994,1.90374
05/11/2023 13:10:21.988342,4216,True,True,True,True,Eyes,0.4409621,0.1703208,-2.079872,-0.8840052,-0.1712619,-0.4349762,0.0,0.0,0.0,0.0,0.0,0.0,0.0,1.691805,-0.5280997,-1.199967,0.3251204,0.1852207,-2.107368,-0.01066818,0.9201477,-0.1018996,-0.37793,11.27913,224.99,3.354835,0.2391235,0.07830814,-0.9678261,-0.2613745,-0.004857104,-0.04653058,-1.173772,-0.1245017,-2.176754,0.4237468,0.0647601,2.010896,-0.7141105,0.05738922,0.6976769,-0.09665444,0.9790053,-0.1794617,-0.6933286,-0.195589,-0.693571,moving,63.80043,21.4909,11.89958,1.84455
05/11/2023 13:10:22.008352,4217,True,True,True,True,Eyes,0.4352318,0.1708612,-2.081473,-0.880419,-0.1727326,-0.4416173,0.0,0.0,0.0,0.0,0.0,0.0,0.0,1.672325,-0.5369511,-1.228675,0.3159398,0.1855258,-2.111964,-0.01168422,0.9223313,-0.1039807,-0.3719634,11.56628,224.2578,3.265172,0.2358968,0.07846658,-0.9686048,-0.245692,-0.004565678,-0.04373875,-1.181046,-0.1263786,-2.197825,0.4206046,0.06276245,2.011146,-0.7230137,0.05580056,0.6885767,-0.09890743,0.978103,-0.183117,-0.683717,-0.2005014,-0.7016628,moving,63.3617,21.36228,11.8124,1.787467
05/11/2023 13:10:22.028563,4218,True,True,True,True,Eyes,0.4293986,0.1713642,-2.083202,-0.8766267,-0.1745235,-0.4484052,0.0,0.0,0.0,0.0,0.0,0.0,0.0,1.651708,-0.5439981,-1.259167,0.3072252,0.1854295,-2.116791,-0.01224018,0.9247052,-0.1053176,-0.3656211,11.75493,223.4747,3.183866,0.2327195,0.07863279,-0.9693596,-0.2309505,-0.004291737,-0.04111442,-1.185031,-0.1490665,-2.215867,0.4173065,0.06066596,2.011408,-0.7323427,0.05437557,0.6787617,-0.0996498,0.9775168,-0.1858249,-0.6736053,-0.203726,-0.7104588,moving,62.9097,21.26646,11.72087,1.727571
05/11/2023 13:10:22.038492,4219,True,True,True,True,Eyes,0.4234616,0.1718335,-2.085068,-0.8724985,-0.1768922,-0.4554729,0.0,0.0,0.0,0.0,0.0,0.0,0.0,1.630411,-0.5558802,-1.287222,0.2988661,0.1851294,-2.121459,-0.01454457,0.9268688,-0.1090445,-0.3589041,12.27359,222.6587,3.010067,0.2295808,0.07880383,-0.970094,-0.2170935,-0.004034233,-0.03864755,-1.190408,-0.1632518,-2.2316,0.4141374,0.05865176,2.011661,-0.7419528,0.0513112,0.6684859,-0.1052348,0.9757955,-0.1916996,-0.6621419,-0.21258,-0.7185944,moving,62.43396,21.22469,11.63287,1.670036
05/11/2023 13:10:22.060913,4220,True,True,True,True,Eyes,0.4174595,0.1722715,-2.087073,-0.8682078,-0.179438,-0.4626201,0.0,0.0,0.0,0.0,0.0,0.0,0.0,1.609634,-0.5687349,-1.314035,0.2904663,0.1849228,-2.126617,-0.01650344,0.9288468,-0.1127288,-0.3525107,12.77076,221.8861,2.869206,0.2264711,0.07897715,-0.9708105,-0.2040678,-0.003792179,-0.0363287,-1.195612,-0.1760315,-2.24595,0.4109578,0.0566309,2.011912,-0.7509279,0.0488179,0.6585776,-0.1101346,0.9740397,-0.1977804,-0.6511359,-0.2210509,-0.7260571,moving,61.9493,21.19994,11.54456,1.612325
05/11/2023 13:10:22.078301,4221,True,True,True,True,Eyes,0.4113983,0.1726732,-2.089221,-0.8637041,-0.1820793,-0.4699599,0.0,0.0,0.0,0.0,0.0,0.0,0.0,1.588889,-0.5824647,-1.339778,0.28285,0.1846712,-2.131837,-0.01716156,0.9307553,-0.1159029,-0.3463624,13.15833,221.1518,2.845667,0.2233834,0.07915054,-0.9715114,-0.1918238,-0.003564648,-0.03414898,-1.200406,-0.189261,-2.261436,0.4077399,0.05458585,2.012167,-0.7594775,0.04834239,0.6487353,-0.1122352,0.972544,-0.2038662,-0.640779,-0.2276427,-0.7331995,moving,61.44844,21.17816,11.45515,1.553933
05/11/2023 13:10:22.088054,4222,True,True,True,True,Eyes,0.4052889,0.1730568,-2.091525,-0.8590583,-0.1847292,-0.4773824,0.0,0.0,0.0,0.0,0.0,0.0,0.0,1.566896,-0.5969323,-1.366178,0.2752994,0.1842807,-2.137331,-0.01681369,0.9327151,-0.1186983,-0.3401039,13.46552,220.4112,2.910181,0.2203119,0.07932173,-0.9721987,-0.1803143,-0.003350769,-0.03210004,-1.207476,-0.1898843,-2.27979,0.404547,0.0525561,2.012421,-0.7680934,0.04937474,0.6384315,-0.1121043,0.971256,-0.2099866,-0.6304485,-0.2328601,-0.7404802,moving,60.93889,21.15459,11.36639,1.495988
05/11/2023 13:10:22.108114,4223,True,True,True,True,Eyes,0.3991315,0.1734098,-2.093988,-0.854257,-0.1872015,-0.4849748,0.0,0.0,0.0,0.0,0.0,0.0,0.0,1.544626,-0.6098615,-1.393344,0.2679865,0.1842486,-2.143232,-0.01569109,0.9347385,-0.1205342,-0.3339001,13.63964,219.6757,3.017633,0.2172513,0.07948951,-0.9728735,-0.1694955,-0.003149723,-0.03017404,-1.214759,-0.1885868,-2.298071,0.4012907,0.05048625,2.012678,-0.776529,0.05115865,0.6280012,-0.1098269,0.9704505,-0.2148574,-0.620436,-0.2358145,-0.7479643,moving,60.41576,21.10672,11.27585,1.436913
05/11/2023 13:10:22.128154,4224,True,True,True,True,Eyes,0.3929506,0.1737264,-2.096611,-0.8493357,-0.1895405,-0.4926493,0.0,0.0,0.0,0.0,0.0,0.0,0.0,1.52154,-0.6185466,-1.422649,0.260615,0.1838756,-2.149392,-0.0137445,0.9369352,-0.1208702,-0.3276493,13.62121,218.9264,3.152716,0.2141975,0.07965215,-0.9735371,-0.1593257,-0.00296074,-0.02836359,-1.222942,-0.1838165,-2.315429,0.398018,0.04840628,2.012938,-0.7849143,0.05345066,0.6172948,-0.1049615,0.970403,-0.2174884,-0.6106496,-0.2355019,-0.7560728,moving,59.88452,21.04359,11.18481,1.377559
05/11/2023 13:10:22.138932,4225,True,True,True,True,Eyes,0.3867275,0.1740057,-2.099392,-0.8442887,-0.1916578,-0.5004436,0.0,0.0,0.0,0.0,0.0,0.0,0.0,1.500103,-0.6238726,-1.451112,0.2538249,0.1833055,-2.155742,-0.01233503,0.9390346,-0.1206987,-0.3217045,13.56904,218.2044,3.213527,0.2111475,0.07980781,-0.9741905,-0.1497662,-0.002783095,-0.02666178,-1.23164,-0.1755384,-2.33341,0.3947851,0.04635121,2.013195,-0.792708,0.05449256,0.6071609,-0.1008246,0.9705594,-0.218744,-0.6012057,-0.2346169,-0.763876,moving,59.34309,20.95564,11.09485,1.318928
05/11/2023 13:10:22.161652,4226,True,True,True,True,Eyes,0.380504,0.1742417,-2.10235,-0.8391387,-0.1935947,-0.5082985,0.0,0.0,0.0,0.0,0.0,0.0,0.0,1.479025,-0.629377,-1.47895,0.2469905,0.1826386,-2.162536,-0.01105685,0.9410171,-0.120685,-0.3159113,13.53971,217.5033,3.269182,0.2080977,0.07995483,-0.9748344,-0.1407802,-0.00261611,-0.02506207,-1.239051,-0.1734498,-2.352869,0.3917392,0.04441461,2.013436,-0.8001558,0.05544215,0.5972247,-0.0970609,0.9706257,-0.2201473,-0.5918871,-0.2341193,-0.7712705,moving,58.7951,20.85024,11.01006,1.263689
05/11/2023 13:10:22.178213,4227,True,True,True,True,Eyes,0.3742755,0.1744165,-2.105475,-0.8338749,-0.1953344,-0.5162336,0.0,0.0,0.0,0.0,0.0,0.0,0.0,1.458258,-0.6322871,-1.507287,0.2407149,0.1818077,-2.169612,-0.009285396,0.9430386,-0.1198279,-0.3102155,13.40104,216.8112,3.349281,0.2050472,0.08009133,-0.9754694,-0.1323334,-0.002459143,-0.02355835,-1.244914,-0.1770052,-2.374305,0.3885501,0.04238761,2.013689,-0.8073607,0.05683195,0.5873155,-0.09185789,0.9711101,-0.2202437,-0.5828649,-0.2317656,-0.7788156,moving,58.23926,20.72583,10.92125,1.205883
05/11/2023 13:10:22.193874,4228,True,True,True,True,Eyes,0.3680677,0.1745403,-2.108779,-0.8284729,-0.1970429,-0.5242202,0.0,0.0,0.0,0.0,0.0,0.0,0.0,1.435899,-0.6370041,-1.53574,0.2345868,0.1804697,-2.176804,-0.007436335,0.9450573,-0.1195605,-0.304166,13.3269,216.0855,3.457078,0.2019952,0.0802148,-0.9760958,-0.1243934,-0.002311595,-0.02214485,-1.250953,-0.1773951,-2.39811,0.3853737,0.04036894,2.013941,-0.8148557,0.05867693,0.5766868,-0.08678798,0.9713001,-0.2214592,-0.5731304,-0.2305067,-0.786377,moving,57.67622,20.60014,10.83277,1.148325
05/11/2023 13:10:22.208276,4229,True,True,True,True,Eyes,0.3618516,0.1746163,-2.112255,-0.8229467,-0.1986669,-0.5322502,0.0,0.0,0.0,0.0,0.0,0.0,0.0,1.413128,-0.6446997,-1.563021,0.2288259,0.1793718,-2.184278,-0.00615961,0.9469603,-0.1202895,-0.2979242,13.38475,215.3434,3.536478,0.1989414,0.08032344,-0.9767139,-0.1169298,-0.002172899,-0.02081616,-1.256585,-0.1798354,-2.421815,0.3821523,0.03832162,2.014198,-0.8224064,0.0600085,0.5657266,-0.08334012,0.970985,-0.2241486,-0.5627629,-0.2314889,-0.7935431,moving,57.10677,20.46852,10.743,1.089964
05/11/2023 13:10:22.227948,4230,True,True,True,True,Eyes,0.3556735,0.1746283,-2.115917,-0.8173043,-0.2002224,-0.5403006,0.0,0.0,0.0,0.0,0.0,0.0,0.0,1.390949,-0.6498546,-1.590621,0.2229873,0.178249,-2.192175,-0.004964604,0.9488348,-0.1204105,-0.291872,13.37936,214.6178,3.5871,0.195885,0.08041582,-0.9773239,-0.109914,-0.002042525,-0.01956719,-1.262187,-0.1844865,-2.444637,0.3789517,0.0362872,2.014451,-0.8295721,0.06086773,0.5550721,-0.07971009,0.9709533,-0.2256013,-0.5526809,-0.2313974,-0.800624,moving,56.53225,20.3335,10.65378,1.031983
05/11/2023 13:10:22.238661,4231,True,True,True,True,Eyes,0.3495391,0.1745825,-2.119777,-0.8115985,-0.2017463,-0.5482758,0.0,0.0,0.0,0.0,0.0,0.0,0.0,1.369827,-0.654114,-1.617114,0.2176792,0.1767197,-2.200166,-0.003860605,0.9505948,-0.1204882,-0.2860723,13.37243,213.923,3.630026,0.1928268,0.08048983,-0.9779257,-0.1033192,-0.001919974,-0.01839316,-1.26724,-0.1897756,-2.468031,0.3756515,0.03418964,2.014713,-0.8362957,0.06159693,0.5448078,-0.07627641,0.9709354,-0.2268621,-0.5429472,-0.2312798,-0.8072907,moving,55.95898,20.20185,10.56176,0.9722152
05/11/2023 13:10:22.261940,4232,True,True,True,True,Eyes,0.3434517,0.1744796,-2.123844,-0.8058157,-0.2031747,-0.5562204,0.0,0.0,0.0,0.0,0.0,0.0,0.0,1.350149,-0.6585104,-1.642306,0.2124201,0.1753221,-2.208585,-0.003199178,0.9521834,-0.1207728,-0.2806256,13.40255,213.2697,3.636059,0.1897684,0.08054382,-0.9785194,0.0,0.0,0.0,-1.271852,-0.1952108,-2.492845,0.3725505,0.0322182,2.014959,-0.8424784,0.06169145,0.5351867,-0.07387627,0.9708074,-0.2282001,-0.5336412,-0.2317912,-0.8133267,moving,55.38433,20.0661,10.47525,0.9160531
05/11/2023 13:10:22.278560,4233,True,True,True,True,Eyes,0.3374432,0.1743241,-2.128137,-0.8000215,-0.2043702,-0.5640909,0.0,0.0,0.0,0.0,0.0,0.0,0.0,1.331619,-0.661983,-1.667084,0.2074244,0.1738354,-2.217511,-0.001881445,0.9536804,-0.1205872,-0.2755886,13.35832,212.6699,3.70531,0.186711,0.08057633,-0.9791047,0.0,0.0,0.0,-1.276256,-0.2004668,-2.518533,0.3692606,0.03012735,2.01522,-0.8480949,0.06287632,0.5261007,-0.07005352,0.9709103,-0.2289663,-0.5251932,-0.2310403,-0.8190194,moving,54.81254,19.91546,10.38346,0.8565028
05/11/2023 13:10:22.288209,4234,True,True,True,True,Eyes,0.3314834,0.1741166,-2.132645,-0.7942024,-0.2053213,-0.5719141,0.0,0.0,0.0,0.0,0.0,0.0,0.0,1.314134,-0.6628435,-1.691945,0.2025863,0.1724205,-2.226705,8.075175e-05,0.9551463,-0.1195063,-0.2709501,13.19396,212.1168,3.823017,0.1836573,0.08058617,-0.9796813,0.0,0.0,0.0,-1.280538,-0.2067725,-2.54352,0.3660918,0.02811302,2.015471,-0.8531723,0.06491473,0.5175747,-0.06460621,0.9714364,-0.2283357,-0.5176132,-0.2282482,-0.8246089,moving,54.24191,19.7485,10.29501,0.7991449
05/11/2023 13:10:22.308128,4235,True,True,True,True,Eyes,0.3255727,0.1738334,-2.137368,-0.7883697,-0.2060369,-0.5796741,0.0,0.0,0.0,0.0,0.0,0.0,0.0,1.297829,-0.6606691,-1.717118,0.1977608,0.1709115,-2.236295,0.00242628,0.9565805,-0.1175855,-0.2666863,12.92443,211.6051,3.962844,0.1806083,0.08057238,-0.980249,0.0,0.0,0.0,-1.285051,-0.2119135,-2.568009,0.3629437,0.02611185,2.015719,-0.857745,0.06735871,0.5096432,-0.05807498,0.9723355,-0.226254,-0.5107844,-0.2236658,-0.8301041,moving,53.67363,19.56704,10.20712,0.7421742
05/11/2023 13:10:22.328311,4236,True,True,True,True,Eyes,0.3197396,0.1734729,-2.142308,-0.7825111,-0.2066737,-0.5873349,0.0,0.0,0.0,0.0,0.0,0.0,0.0,1.282832,-0.6548975,-1.742488,0.1930911,0.1687831,-2.246116,0.004385171,0.95799,-0.1151332,-0.2626415,12.60858,211.1102,4.047388,0.1775652,0.08053306,-0.9808081,0.0,0.0,0.0,-1.289121,-0.2180788,-2.592549,0.359772,0.02409597,2.015972,-0.8620005,0.06887938,0.502206,-0.05207559,0.9734502,-0.2228962,-0.5042256,-0.2182893,-0.8355277,moving,53.10895,19.38615,10.11853,0.684797
05/11/2023 13:10:22.338492,4237,True,True,True,True,Eyes,0.313999,0.1730486,-2.14749,-0.7766105,-0.2073163,-0.5948916,0.0,0.0,0.0,0.0,0.0,0.0,0.0,1.269028,-0.6556703,-1.764542,0.1890841,0.1665528,-2.256203,0.005429367,0.9591027,-0.1147045,-0.2587187,12.54565,210.6432,4.098629,0.1745302,0.08046639,-0.9813581,0.0,0.0,0.0,-1.292112,-0.2278772,-2.617408,0.3566245,0.02209506,2.016223,-0.8660703,0.069767,0.49503,-0.04893772,0.9736269,-0.2228361,-0.4975211,-0.2172174,-0.839815,moving,52.54752,19.21316,10.03059,0.6278587
05/11/2023 13:10:22.363003,4238,True,True,True,True,Eyes,0.3083529,0.1725737,-2.152908,-0.7706873,-0.2078996,-0.6023445,0.0,0.0,0.0,0.0,0.0,0.0,0.0,1.255751,-0.657357,-1.786387,0.1851717,0.1646121,-2.266897,0.006596281,0.9601465,-0.114377,-0.2549377,12.49029,210.1965,4.169401,0.1715063,0.08037132,-0.981899,0.0,0.0,0.0,-1.294588,-0.2386654,-2.642551,0.3532264,0.01993537,2.016492,-0.8699269,0.07098482,0.4880462,-0.04565123,0.9737488,-0.2230006,-0.491064,-0.2162741,-0.8438496,moving,51.98996,19.04215,9.935625,0.5664169
05/11/2023 13:10:22.378580,4239,True,True,True,True,Eyes,0.3028029,0.1720559,-2.158563,-0.764727,-0.208473,-0.6096979,0.0,0.0,0.0,0.0,0.0,0.0,0.0,1.242247,-0.6602848,-1.808115,0.1817534,0.1629085,-2.277906,0.007850236,0.9611751,-0.1142645,-0.2510467,12.45746,209.7405,4.255803,0.1684959,0.08024755,-0.9824301,0.0,0.0,0.0,-1.298253,-0.242327,-2.668172,0.3500545,0.01791942,2.016742,-0.8738279,0.07246234,0.4808058,-0.04228053,0.9737641,-0.2235979,-0.4843937,-0.2157148,-0.8478385,moving,51.43551,18.87701,9.846966,0.5090787
05/11/2023 13:10:22.388030,4240,True,True,True,True,Eyes,0.2976051,0.1714722,-2.164595,-0.7575215,-0.2100322,-0.6181,0.0,0.0,0.0,0.0,0.0,0.0,0.0,1.227057,-0.6671536,-1.829586,0.1784688,0.1613562,-2.289161,0.009467295,0.9621652,-0.1149267,-0.2468611,12.50253,209.2624,4.403552,0.165502,0.0800952,-0.9829513,0.0,0.0,0.0,-1.302142,-0.2454766,-2.692387,0.346755,0.01582175,2.017004,-0.8779399,0.07496008,0.4728662,-0.03852367,0.9734045,-0.2258312,-0.4772184,-0.2164828,-0.8517029,moving,50.78726,18.76791,9.754696,0.4494295
05/11/2023 13:10:22.414165,4241,True,True,True,True,Eyes,0.2924307,0.170867,-2.170823,-0.7502107,-0.2116776,-0.6263996,0.0,0.0,0.0,0.0,0.0,0.0,0.0,1.211304,-0.6729385,-1.852218,0.1754751,0.1600828,-2.300955,0.01112847,0.963228,-0.1152286,-0.2424675,12.5086,208.7564,4.542395,0.1625371,0.07991273,-0.9834608,0.0,0.0,0.0,-1.30579,-0.2517528,-2.714817,0.3437228,0.01389451,2.017246,-0.8821718,0.07731687,0.4645383,-0.03443985,0.9731971,-0.2273794,-0.4696676,-0.2165862,-0.8558642,moving,50.1393,18.67152,9.669877,0.3946392
05/11/2023 13:10:22.430227,4242,True,True,True,True,Eyes,0.2873701,0.1702431,-2.177289,-0.7428786,-0.2133424,-0.6345206,0.0,0.0,0.0,0.0,0.0,0.0,0.0,1.195902,-0.680122,-1.873913,0.1726893,0.1587754,-2.312847,0.01262341,0.9641957,-0.1159378,-0.2381716,12.56578,208.2655,4.676042,0.1595995,0.07970162,-0.983959,0.0,0.0,0.0,-1.311723,-0.2448509,-2.739019,0.3405274,0.0118635,2.017498,-0.88623,0.07956906,0.456361,-0.03088331,0.9727981,-0.2295866,-0.4622151,-0.2175604,-0.8596655,moving,49.49812,18.58398,9.58048,0.3369126
05/11/2023 13:10:22.438552,4243,True,True,True,True,Eyes,0.282388,0.1696456,-2.183983,-0.7354537,-0.2150257,-0.6425511,0.0,0.0,0.0,0.0,0.0,0.0,0.0,1.179362,-0.6928477,-1.894331,0.1702952,0.1577248,-2.324984,0.01474515,0.9650333,-0.1176756,-0.2337642,12.72243,207.7811,4.909198,0.1566916,0.07946321,-0.9844455,0.0,0.0,0.0,-1.315803,-0.2454762,-2.762382,0.3372046,0.009751454,2.017761,-0.8902736,0.08347581,0.4477102,-0.02655757,0.9718701,-0.2340156,-0.4546508,-0.220228,-0.8630133,moving,48.85695,18.5025,9.48749,0.2768973
05/11/2023 13:10:22.463832,4244,True,True,True,True,Eyes,0.2775126,0.1691154,-2.190925,-0.7279945,-0.216666,-0.6504459,0.0,0.0,0.0,0.0,0.0,0.0,0.0,1.161298,-0.7061656,-1.915619,0.1679195,0.1576733,-2.337483,0.01762715,0.9659135,-0.119058,-0.2291844,12.82182,207.2821,5.214895,0.1538135,0.07920075,-0.9849204,0.0,0.0,0.0,-1.319986,-0.2448687,-2.786086,0.3341267,0.007795483,2.018006,-0.8943274,0.08862507,0.4385473,-0.02051987,0.9710289,-0.2380792,-0.4469419,-0.2219197,-0.8665993,moving,48.21996,18.42311,9.401328,0.2213304
05/11/2023 13:10:22.478833,4245,True,True,True,True,Eyes,0.2727394,0.1687416,-2.19813,-0.7204521,-0.2183117,-0.6582468,0.0,0.0,0.0,0.0,0.0,0.0,0.0,1.141271,-0.7200817,-1.937958,0.1655378,0.1587642,-2.350337,0.02079137,0.966863,-0.1202219,-0.2242552,12.89417,206.7433,5.541139,0.150967,0.07891899,-0.9853833,0.0,0.0,0.0,-1.324714,-0.2428462,-2.808309,0.3308389,0.005705357,2.018267,-0.8985547,0.09412556,0.428649,-0.01371595,0.9702289,-0.2418013,-0.4386473,-0.223151,-0.8705128,moving,47.58336,18.34843,9.309262,0.1619667
05/11/2023 13:10:22.498266,4246,True,True,True,True,Eyes,0.1555345,0.1620641,-2.385073,-0.5057736,-0.2373061,-0.8293846,0.0,0.0,0.0,0.0,0.0,0.0,0.0,1.121838,-0.7384901,-1.958617,0.1630393,0.1621444,-2.363725,0.02382497,0.9676431,-0.1219442,-0.2196107,13.0342,206.2452,5.871887,0.1481533,0.07862613,-0.9858336,0.0,0.0,0.0,-1.328069,-0.2454922,-2.830469,0.3278419,0.003800735,2.018507,-0.9024072,0.09966866,0.419199,-0.007452382,0.969124,-0.2464614,-0.4308203,-0.2255325,-0.8738016,moving,31.37559,15.96705,9.225311,0.1078846
05/11/2023 13:10:22.508148,4247,True,True,True,True,Eyes,0.1554424,0.1621698,-2.385578,-0.5053793,-0.2373145,-0.8296226,0.0,0.0,0.0,0.0,0.0,0.0,0.0,1.101404,-0.726602,-1.991242,0.1603279,0.1643245,-2.377682,0.02867765,0.9693008,-0.1164663,-0.2146376,12.32585,205.6423,6.204761,0.1379791,0.07728616,-0.9874148,-0.3516149,-0.02003257,-0.5608313,-1.332945,-0.2380772,-2.85434,0.3245873,0.001731724,2.018764,-0.9062169,0.1055906,0.4094168,0.005598433,0.9712263,-0.2380924,-0.4227767,-0.2134712,-0.8807328,moving,31.34842,15.96324,9.134135,0.04914908
05/11/2023 13:10:22.528319,4248,True,True,True,True,Eyes,0.1552595,0.162355,-2.386601,-0.504623,-0.2373552,-0.8300712,0.0,0.0,0.0,0.0,0.0,0.0,0.0,1.08208,-0.7333463,-2.014502,0.1583403,0.1668738,-2.390395,0.0309435,0.9703348,-0.116072,-0.2098102,12.25557,205.0886,6.38989,0.1293818,0.07615776,-0.9886657,-0.330518,-0.01883062,-0.5271814,-1.336807,-0.2305943,-2.879293,0.3213905,-0.0003004372,2.019017,-0.9100447,0.1087573,0.3999889,0.01134494,0.9711396,-0.2382418,-0.4143557,-0.2122728,-0.8850142,moving,31.29656,15.95765,9.044551,-0.008525822
05/11/2023 13:10:22.538565,4249,True,True,True,True,Eyes,0.1549861,0.162577,-2.388066,-0.5034839,-0.2373604,-0.8307611,0.0,0.0,0.0,0.0,0.0,0.0,0.0,1.057606,-0.7450913,-2.038999,0.1558945,0.1689683,-2.40382,0.03335187,0.9713959,-0.1168562,-0.2040157,12.32277,204.4366,6.611078,0.1220988,0.07520928,-0.9896641,-0.3106869,-0.01770078,-0.4955506,-1.336801,-0.24274,-2.901681,0.3182431,-0.002300829,2.019267,-0.9145308,0.1124767,0.3885652,0.01711475,0.9704645,-0.2406359,-0.4041547,-0.2134187,-0.8894448,moving,31.21802,15.94541,8.956335,-0.06528495
05/11/2023 13:10:22.564154,4250,True,True,True,True,Eyes,0.1546468,0.1628242,-2.389927,-0.5020132,-0.2378927,-0.8314985,0.0,0.0,0.0,0.0,0.0,0.0,0.0,1.036036,-0.7408234,-2.065675,0.153671,0.1700014,-2.415924,0.03506011,0.9727191,-0.1145881,-0.1986405,12.06349,203.79,6.678569,0.1159095,0.07441233,-0.9904682,-0.2920457,-0.01663873,-0.4658175,-1.341027,-0.2215948,-2.932086,0.3149303,-0.004406273,2.01953,-0.9186257,0.113731,0.3784079,0.02268358,0.9712807,-0.2368529,-0.3944778,-0.2089954,-0.8948232,moving,31.12127,15.96589,8.863453,-0.1250095
05/11/2023 13:10:22.580208,4251,True,True,True,True,Eyes,0.1542538,0.1631198,-2.392196,-0.5002232,-0.238716,-0.832341,0.0,0.0,0.0,0.0,0.0,0.0,0.0,1.013815,-0.7722291,-2.078409,0.1516677,0.1709686,-2.427285,0.03421364,0.9730392,-0.1209968,-0.1933494,12.84057,203.2296,6.677438,0.1106295,0.07374246,-0.9911219,-0.274523,-0.01564041,-0.4378685,-1.339124,-0.2250169,-2.959456,0.3117506,-0.006427452,2.019783,-0.9228908,0.1133717,0.3679935,0.01979311,0.9683784,-0.2486996,-0.3845525,-0.2222389,-0.8959516,moving,31.00517,16.00293,8.774282,-0.1823289
05/11/2023 13:10:22.598195,4252,True,True,True,True,Eyes,0.1537914,0.1634513,-2.394819,-0.4981482,-0.2394567,-0.833372,0.0,0.0,0.0,0.0,0.0,0.0,0.0,0.9916689,-0.7848535,-2.098189,0.1495563,0.1725277,-2.439194,0.0346528,0.9738474,-0.1227062,-0.1880523,13.05941,202.6266,6.699422,0.1059958,0.07316434,-0.9916711,-0.2580516,-0.01470198,-0.4115964,-1.3358,-0.2314535,-2.98917,0.3085571,-0.00845772,2.020035,-0.9268709,0.1136435,0.3577642,0.0213427,0.9674847,-0.2520274,-0.3747727,-0.2259612,-0.899159,moving,30.86888,16.03119,8.684711,-0.2398913
05/11/2023 13:10:22.608368,4253,True,True,True,True,Eyes,0.1532782,0.1638171,-2.397784,-0.4957891,-0.240364,-0.8345168,0.0,0.0,0.0,0.0,0.0,0.0,0.0,0.969834,-0.7854641,-2.120879,0.1473503,0.1737087,-2.450259,0.03539344,0.9749227,-0.1218238,-0.1828443,12.97904,202.0067,6.692376,0.1017974,0.07264914,-0.9921487,-0.2425685,-0.01381986,-0.3869006,-1.332757,-0.2282514,-3.020211,0.3053474,-0.01049758,2.020288,-0.9306306,0.1135613,0.3478946,0.02446215,0.9678125,-0.2504805,-0.3651417,-0.2245946,-0.903454,moving,30.71469,16.06787,8.594664,-0.2977109
05/11/2023 13:10:22.628094,4254,True,True,True,True,Eyes,0.1526819,0.1642177,-2.401088,-0.4931708,-0.2408912,-0.835915,0.0,0.0,0.0,0.0,0.0,0.0,0.0,0.9465094,-0.7945592,-2.140622,0.1451782,0.1749693,-2.461255,0.03608105,0.9757582,-0.1228153,-0.1775117,13.11265,201.3947,6.72289,0.09798834,0.07219131,-0.9925655,-0.2280144,-0.01299067,-0.3636865,-1.325687,-0.2504041,-3.045696,0.3020164,-0.01261486,2.020553,-0.9343757,0.1140151,0.3375544,0.02681048,0.9672291,-0.2524856,-0.3552797,-0.2268664,-0.9068121,moving,30.53964,16.07575,8.501187,-0.3577085
05/11/2023 13:10:22.638858,4255,True,True,True,True,Eyes,0.1520241,0.1646282,-2.404683,-0.490341,-0.2413312,-0.8374514,0.0,0.0,0.0,0.0,0.0,0.0,0.0,0.9237845,-0.7790271,-2.16911,0.1425063,0.1761254,-2.472643,0.03778436,0.9771998,-0.1182455,-0.1722527,12.59641,200.7389,6.742527,0.09452581,0.0717858,-0.9929307,-0.2143335,-0.01221123,-0.3418653,-1.323191,-0.2482003,-3.073822,0.2988282,-0.01464117,2.020807,-0.937803,0.1145819,0.327715,0.03310952,0.9691807,-0.2441158,-0.3455863,-0.218082,-0.9126942,moving,30.34965,16.07557,8.411694,-0.4151126
05/11/2023 13:10:22.662994,4256,True,True,True,True,Eyes,0.1512911,0.1650363,-2.408563,-0.4873073,-0.2416888,-0.8391174,0.0,0.0,0.0,0.0,0.0,0.0,0.0,0.9025869,-0.7708058,-2.192666,0.1400737,0.1767585,-2.483088,0.0390234,0.9783033,-0.11559,-0.1674482,12.30381,200.1553,6.763368,0.09137189,0.07142708,-0.9932517,-0.2014735,-0.01147856,-0.3213534,-1.319893,-0.2441068,-3.10181,0.2955673,-0.01671429,2.021065,-0.9408765,0.1150641,0.3186088,0.03764275,0.9702323,-0.2392329,-0.3366516,-0.2130953,-0.9172,moving,30.14536,16.06785,8.320148,-0.4738277
05/11/2023 13:10:22.678353,4257,True,True,True,True,Eyes,0.1505228,0.1654304,-2.4127,-0.4840771,-0.2420581,-0.8408788,0.0,0.0,0.0,0.0,0.0,0.0,0.0,0.8811786,-0.7701087,-2.213525,0.1374637,0.1770962,-2.493788,0.04020913,0.9791521,-0.1146494,-0.1627885,12.20601,199.6088,6.820167,0.08849236,0.07110972,-0.9935351,-0.1893851,-0.01078984,-0.3020722,-1.313987,-0.2486551,-3.129841,0.2925566,-0.01862796,2.021304,-0.9437665,0.1160689,0.3095694,0.0414145,0.9704775,-0.2376096,-0.3280092,-0.2114273,-0.9207111,moving,29.92817,16.05916,8.235602,-0.5280122
05/11/2023 13:10:22.688034,4258,True,True,True,True,Eyes,0.1496919,0.1658175,-2.41706,-0.4805981,-0.2425295,-0.8427366,0.0,0.0,0.0,0.0,0.0,0.0,0.0,0.8586577,-0.7664158,-2.234832,0.1353066,0.1772102,-2.503887,0.04163397,0.9800704,-0.1131277,-0.1578954,12.04023,199.0317,6.890505,0.08585791,0.07082838,-0.9937864,-0.178022,-0.01014245,-0.2839479,-1.310001,-0.235753,-3.161867,0.2893329,-0.02067703,2.02156,-0.9466715,0.1173331,0.3000773,0.04588376,0.9709375,-0.2348937,-0.3189171,-0.2085985,-0.9245425,moving,29.69536,16.05519,8.145061,-0.5860153
05/11/2023 13:10:22.708562,4259,True,True,True,True,Eyes,0.1488252,0.1662117,-2.42166,-0.4768165,-0.2432208,-0.8446832,0.0,0.0,0.0,0.0,0.0,0.0,0.0,0.8318765,-0.7758148,-2.252425,0.1328831,0.1774539,-2.513598,0.04270767,0.9807397,-0.114484,-0.1523792,12.21276,198.41,6.973355,0.08344104,0.0705786,-0.9940099,-0.1673407,-0.009533906,-0.266911,-1.303851,-0.2317599,-3.191692,0.2861068,-0.0227273,2.021816,-0.9499136,0.1186602,0.2891098,0.04888025,0.9701389,-0.2375736,-0.3086672,-0.2115426,-0.9273483,moving,29.44436,16.0634,8.054434,-0.6440364
05/11/2023 13:10:22.727989,4260,True,True,True,True,Eyes,0.1478886,0.1665942,-2.426459,-0.4727426,-0.2438483,-0.8467895,0.0,0.0,0.0,0.0,0.0,0.0,0.0,0.801311,-0.7815583,-2.272696,0.1304753,0.1781318,-2.523752,0.04425304,0.9815728,-0.1148918,-0.146138,12.27566,197.6986,7.081082,0.08121856,0.07035694,-0.9942098,-0.1573002,-0.008961872,-0.2508963,-1.296413,-0.2282128,-3.223074,0.2829128,-0.02475722,2.022071,-0.9533706,0.1204553,0.2767215,0.05329504,0.9696831,-0.2384835,-0.2970588,-0.2126153,-0.930887,moving,29.17359,16.06471,7.964688,-0.7014657
05/11/2023 13:10:22.738210,4261,True,True,True,True,Eyes,0.1469115,0.1669502,-2.431427,-0.4683644,-0.244914,-0.8489122,0.0,0.0,0.0,0.0,0.0,0.0,0.0,0.7694691,-0.7809688,-2.294238,0.1277542,0.1782252,-2.533266,0.04571104,0.9825277,-0.114179,-0.1396888,12.21598,196.9499,7.154413,0.07916736,0.07015955,-0.9943891,-0.1478622,-0.00842416,-0.2358425,-1.287197,-0.2237356,-3.255628,0.2796734,-0.02681693,2.022326,-0.956795,0.1217238,0.2640578,0.05792565,0.9697474,-0.2371386,-0.2849347,-0.2115974,-0.9349004,moving,28.88653,16.09303,7.87366,-0.7597227
05/11/2023 13:10:22.763090,4262,True,True,True,True,Eyes,0.1458699,0.1673169,-2.436568,-0.463712,-0.2462628,-0.8510733,0.0,0.0,0.0,0.0,0.0,0.0,0.0,0.7373043,-0.7982823,-2.30851,0.1251087,0.1781159,-2.542186,0.04591312,0.9830116,-0.1175161,-0.1333056,12.63846,196.2392,7.158628,0.07726906,0.06998257,-0.9945509,-0.1389905,-0.007918711,-0.221692,-1.278202,-0.2227331,-3.286417,0.2764706,-0.02885228,2.02258,-0.9602435,0.1215974,0.2512908,0.05893515,0.9681638,-0.2432803,-0.272873,-0.2187984,-0.9368395,moving,28.58401,16.13809,7.783638,-0.8172739
05/11/2023 13:10:22.778372,4263,True,True,True,True,Eyes,0.1447824,0.1676709,-2.441864,-0.4587142,-0.247781,-0.8533381,0.0,0.0,0.0,0.0,0.0,0.0,0.0,0.7040179,-0.8190865,-2.321708,0.1224057,0.1788129,-2.551453,0.04636067,0.9833787,-0.1213417,-0.1268598,13.11387,195.5296,7.194205,0.07550517,0.06982388,-0.9946975,-0.130651,-0.007443588,-0.2083905,-1.269451,-0.2250533,-3.314219,0.2731633,-0.03095473,2.022843,-0.9635149,0.121967,0.2382515,0.0603934,0.9662538,-0.2504123,-0.2607535,-0.2268871,-0.9383658,moving,28.26037,16.19154,7.690658,-0.8767052
05/11/2023 13:10:22.788055,4264,True,True,True,True,Eyes,0.1436527,0.1680226,-2.44729,-0.4534098,-0.2496112,-0.8556365,0.0,0.0,0.0,0.0,0.0,0.0,0.0,0.6708947,-0.8273146,-2.338291,0.11969,0.1792319,-2.56041,0.04654827,0.9840304,-0.1226719,-0.1202881,13.31046,194.7739,7.149876,0.07386056,0.0696808,-0.994831,-0.122812,-0.006996973,-0.195887,-1.259367,-0.2371612,-3.33943,0.2701778,-0.03285201,2.023081,-0.9667282,0.1211217,0.2253139,0.06209788,0.9655697,-0.2526241,-0.2481545,-0.2302273,-0.9409649,moving,27.91953,16.26332,7.606713,-0.9303218
05/11/2023 13:10:22.808426,4265,True,True,True,True,Eyes,0.142474,0.1683821,-2.452863,-0.4477963,-0.2514538,-0.8580498,0.0,0.0,0.0,0.0,0.0,0.0,0.0,0.6362765,-0.8475049,-2.350013,0.1174222,0.1796036,-2.568973,0.04548617,0.9843963,-0.1266921,-0.1133318,13.83463,193.9847,6.996161,0.07232133,0.06955128,-0.9949532,-0.1154433,-0.006577155,-0.1841338,-1.247743,-0.246363,-3.366592,0.266974,-0.03488809,2.023334,-0.970174,0.1182693,0.2116013,0.06083636,0.9637603,-0.2597405,-0.2346523,-0.2391204,-0.9422103,moving,27.55901,16.33337,7.516618,-0.9878459
05/11/2023 13:10:22.828187,4266,True,True,True,True,Eyes,0.1412376,0.1687374,-2.458559,-0.4418851,-0.2533219,-0.8605612,0.0,0.0,0.0,0.0,0.0,0.0,0.0,0.6016769,-0.8509064,-2.367676,0.1148974,0.1799347,-2.578054,0.0445907,0.9851615,-0.1271931,-0.1062578,13.95356,193.145,6.798724,0.07087494,0.06943393,-0.9950654,-0.1085167,-0.006182525,-0.1730858,-1.232857,-0.2675401,-3.392191,0.2637727,-0.03692344,2.023587,-0.9734422,0.1148886,0.1980189,0.06082756,0.9636672,-0.2600878,-0.2207054,-0.2411353,-0.9450627,moving,27.17981,16.40275,7.426579,-1.045333
05/11/2023 13:10:22.848265,4267,True,True,True,True,Eyes,0.1399598,0.1690951,-2.464389,-0.4356894,-0.2551152,-0.8631865,0.0,0.0,0.0,0.0,0.0,0.0,0.0,0.5671931,-0.8535548,-2.384466,0.1121484,0.1802029,-2.586675,0.04347739,0.9858857,-0.1275989,-0.09928648,14.06145,192.3132,6.574552,0.0695102,0.0693271,-0.9951692,-0.1020057,-0.005811574,-0.1627006,-1.218732,-0.2876551,-3.416713,0.2606009,-0.03893921,2.023839,-0.9765042,0.1110651,0.1846749,0.06038978,0.9636565,-0.2602292,-0.2068656,-0.2429623,-0.9477218,moving,26.78215,16.46507,7.337349,-1.10225
05/11/2023 13:10:22.863619,4268,True,True,True,True,Eyes,0.1386242,0.1694598,-2.470361,-0.4292153,-0.2566835,-0.8659607,0.0,0.0,0.0,0.0,0.0,0.0,0.0,0.5318964,-0.856155,-2.401331,0.1094804,0.1806761,-2.595703,0.04265108,0.986568,-0.127886,-0.09224753,14.15037,191.4763,6.380023,0.06821728,0.06922945,-0.9952654,-0.09588532,-0.005462879,-0.1529386,-1.204954,-0.303578,-3.440625,0.2572932,-0.04104209,2.024103,-0.9793427,0.1077507,0.171108,0.06056206,0.9636521,-0.2602053,-0.1929259,-0.2444675,-0.9502713,moving,26.36541,16.5106,7.244283,-1.161609
05/11/2023 13:10:22.878348,4269,True,True,True,True,Eyes,0.137257,0.1698114,-2.476472,-0.4223842,-0.2580298,-0.8689144,0.0,0.0,0.0,0.0,0.0,0.0,0.0,0.4966747,-0.8442888,-2.423014,0.1066307,0.1811666,-2.605055,0.04236974,0.9875589,-0.1251594,-0.08524936,13.8854,190.6245,6.210768,0.06698612,0.06913996,-0.9953552,-0.0901322,-0.005135106,-0.1437623,-1.191324,-0.3163753,-3.465038,0.254134,-0.04304996,2.024354,-0.9818748,0.1050247,0.1577716,0.06234571,0.9650799,-0.2544286,-0.1789834,-0.2399806,-0.9541354,moving,25.92465,16.53913,7.155385,-1.21827
05/11/2023 13:10:22.898443,4270,True,True,True,True,Eyes,0.1358285,0.1701441,-2.482717,-0.4153137,-0.2592015,-0.8719684,0.0,0.0,0.0,0.0,0.0,0.0,0.0,0.4611586,-0.8351433,-2.443085,0.1038703,0.1812329,-2.614415,0.04232454,0.9883965,-0.1230663,-0.07833122,13.68867,189.7932,6.082265,0.06580904,0.06905689,-0.9954395,-0.08472427,-0.004827,-0.1351366,-1.177957,-0.3241838,-3.490361,0.2508079,-0.04516435,2.024615,-0.9841456,0.1029467,0.1444271,0.06438696,0.9661266,-0.2499073,-0.165262,-0.236646,-0.9574378,moving,25.4682,16.55512,7.061785,-1.27792
05/11/2023 13:10:22.908007,4271,True,True,True,True,Eyes,0.1343506,0.170455,-2.489096,-0.4077677,-0.2601712,-0.8752351,0.0,0.0,0.0,0.0,0.0,0.0,0.0,0.4245037,-0.8259517,-2.462783,0.1008463,0.1810791,-2.623878,0.04289796,0.9891529,-0.1209715,-0.07143119,13.48496,188.9743,6.029672,0.06467881,0.06897856,-0.995519,-0.07964081,-0.00453738,-0.1270284,-1.165422,-0.3254189,-3.517124,0.2478012,-0.04707611,2.024854,-0.986115,0.1021476,0.1309339,0.06758299,0.9670513,-0.2454472,-0.1516916,-0.2331902,-0.9605273,moving,24.98058,16.55504,6.977152,-1.331837
05/11/2023 13:10:22.928541,4272,True,True,True,True,Eyes,0.1328128,0.1707453,-2.49561,-0.3999878,-0.26103,-0.878563,0.0,0.0,0.0,0.0,0.0,0.0,0.0,0.3867222,-0.816932,-2.482026,0.09793966,0.1808462,-2.633455,0.04348909,0.9898555,-0.1189635,-0.06436255,13.29208,188.1381,5.981128,0.06358891,0.0689033,-0.9955944,-0.07486236,-0.004265137,-0.1194067,-1.152587,-0.3261885,-3.543446,0.2445506,-0.04914132,2.025113,-0.9879326,0.1014094,0.117072,0.07078226,0.9679128,-0.2411115,-0.1377665,-0.2299152,-0.9634106,moving,24.47859,16.54722,6.88564,-1.390065
05/11/2023 13:10:22.946038,4273,True,True,True,True,Eyes,0.1312214,0.1709949,-2.502262,-0.3918393,-0.2618623,-0.8819808,0.0,0.0,0.0,0.0,0.0,0.0,0.0,0.3489221,-0.8098416,-2.500132,0.09483795,0.1806191,-2.643223,0.04352741,0.9904718,-0.1174158,-0.05731187,13.1561,187.3014,5.875711,0.06253254,0.0688296,-0.9956664,-0.07037062,-0.004009229,-0.1122423,-1.139985,-0.3277987,-3.569211,0.2413954,-0.05114672,2.025363,-0.9896417,0.09968397,0.10331,0.07276669,0.9686378,-0.2375834,-0.1237532,-0.2276049,-0.965858,moving,23.95423,16.53628,6.796805,-1.446589
05/11/2023 13:10:22.963568,4274,True,True,True,True,Eyes,0.1295658,0.1711955,-2.509041,-0.3834701,-0.2626833,-0.8854085,0.0,0.0,0.0,0.0,0.0,0.0,0.0,0.3100021,-0.8007915,-2.518448,0.09150432,0.1799167,-2.653149,0.04349367,0.9910759,-0.1156067,-0.0501204,12.99053,186.4465,5.760376,0.0615046,0.06875539,-0.9957355,-0.06614839,-0.003768675,-0.1055077,-1.127312,-0.3258177,-3.595623,0.238124,-0.05322647,2.025624,-0.9911928,0.09779955,0.08928993,0.07462253,0.9694868,-0.2335098,-0.1094026,-0.2247901,-0.9682463,moving,23.41742,16.52459,6.704683,-1.505191
05/11/2023 13:10:22.978300,4275,True,True,True,True,Eyes,0.08682478,0.1751807,-2.681678,-0.158171,-0.2810191,-0.9465782,0.0,0.0,0.0,0.0,0.0,0.0,0.0,0.2710765,-0.798759,-2.533742,0.08817901,0.1789386,-2.662997,0.04320152,0.9914618,-0.1152662,-0.04302197,12.99387,185.6109,5.629487,0.06050017,0.06867851,-0.9958023,-0.06217948,-0.003542555,-0.09917726,-1.113108,-0.3264233,-3.622209,0.234888,-0.05528316,2.025881,-0.9925656,0.09558327,0.07534993,0.07574736,0.9696947,-0.2322812,-0.09526861,-0.2248468,-0.9697257,moving,9.486345,16.53504,6.61355,-1.563125
05/11/2023 13:10:22.988326,4276,True,True,True,True,Eyes,0.08668829,0.1751351,-2.68208,-0.1576057,-0.2810978,-0.9466491,0.0,0.0,0.0,0.0,0.0,0.0,0.0,0.2312059,-0.8045576,-2.54617,0.08491438,0.1781736,-2.672975,0.04305327,0.9916188,-0.116403,-0.03590151,13.16543,184.785,5.524612,0.05691624,0.0682155,-0.9960454,-0.1866717,0.008625677,-0.6111361,-1.096438,-0.3320207,-3.648612,0.2308049,-0.05787843,2.026204,-0.9937149,0.09374294,0.06117816,0.07702676,0.9691935,-0.2339462,-0.08122427,-0.2277635,-0.9703228,moving,9.452361,16.53825,6.498554,-1.636207
05/11/2023 13:10:23.014070,4277,True,True,True,True,Eyes,0.08640627,0.1750534,-2.682875,-0.156427,-0.2813393,-0.9467729,0.0,0.0,0.0,0.0,0.0,0.0,0.0,0.1878565,-0.8080245,-2.559033,0.08137262,0.177051,-2.683072,0.04408688,0.9917328,-0.1171071,-0.0284299,13.2836,183.9307,5.548626,0.05393913,0.06783301,-0.9962372,-0.1754714,0.008108136,-0.574468,-1.081993,-0.3341888,-3.674207,0.2287496,-0.05918473,2.026365,-0.9944962,0.09410351,0.04606394,0.08078614,0.9686846,-0.2347847,-0.06671549,-0.2297711,-0.9709553,moving,9.381723,16.54964,6.440665,-1.672982
05/11/2023 13:10:23.030146,4278,True,True,True,True,Eyes,0.08598113,0.1749191,-2.68405,-0.1546846,-0.2815964,-0.9469827,0.0,0.0,0.0,0.0,0.0,0.0,0.0,0.1424679,-0.8090142,-2.572215,0.07768493,0.1761063,-2.693333,0.04526527,0.9918461,-0.1173253,-0.02067143,13.34805,183.0416,5.582023,0.05145648,0.06751421,-0.9963902,-0.1649431,0.007621648,-0.5399999,-1.066566,-0.3375912,-3.6995,0.2254798,-0.06126294,2.026625,-0.9950476,0.09464292,0.03038424,0.08494179,0.9683716,-0.2346086,-0.05162727,-0.2308658,-0.971615,moving,9.27703,16.56046,6.348548,-1.731469
05/11/2023 13:10:23.038314,4279,True,True,True,True,Eyes,0.08539645,0.1747398,-2.685589,-0.152407,-0.2819701,-0.9472407,0.0,0.0,0.0,0.0,0.0,0.0,0.0,0.09605171,-0.8073544,-2.585464,0.07368625,0.1747127,-2.703649,0.04587401,0.9919693,-0.1171793,-0.01271238,13.37422,182.1189,5.544024,0.04937392,0.06724422,-0.9965138,-0.1550465,0.007164349,-0.5075999,-1.051794,-0.3422287,-3.723695,0.2222775,-0.0632984,2.02688,-0.995468,0.09399048,0.01446961,0.08803196,0.9683292,-0.2336429,-0.03597154,-0.2313102,-0.9722149,moving,9.14031,16.57697,6.258326,-1.788736
05/11/2023 13:10:23.063882,4280,True,True,True,True,Eyes,0.08467177,0.1745124,-2.687495,-0.1496031,-0.2822807,-0.9475951,0.0,0.0,0.0,0.0,0.0,0.0,0.0,0.04978572,-0.8064382,-2.597637,0.06957155,0.173414,-2.713968,0.04637722,0.9920149,-0.1171838,-0.004860105,13.41752,181.2083,5.495455,0.04760883,0.06701035,-0.9966154,-0.1457437,0.006734489,-0.4771439,-1.038476,-0.344137,-3.747535,0.2191271,-0.06530121,2.02713,-0.9956514,0.09315284,-0.001226724,0.09087474,0.9682342,-0.232947,-0.02051191,-0.2320454,-0.9724889,moving,8.971611,16.58836,6.169557,-1.845067
05/11/2023 13:10:23.078477,4281,True,True,True,True,Eyes,0.08378691,0.1742164,-2.689746,-0.1462319,-0.2826647,-0.9480068,0.0,0.0,0.0,0.0,0.0,0.0,0.0,0.002197012,-0.7993426,-2.611319,0.0653477,0.1720195,-2.724716,0.04712364,0.992121,-0.1160408,0.003163218,13.32952,180.2744,5.47083,0.04599116,0.0667868,-0.9967064,-0.1369991,0.006330419,-0.4485152,-1.026584,-0.3418051,-3.771422,0.2158066,-0.06741145,2.027393,-0.995539,0.09277058,-0.01721311,0.09423883,0.9686278,-0.2299548,-0.004659937,-0.230551,-0.9730493,moving,8.768872,16.60287,6.07599,-1.904401
05/11/2023 13:10:23.098544,4282,True,True,True,True,Eyes,0.08276426,0.1738647,-2.692325,-0.1423213,-0.2831925,-0.9484444,0.0,0.0,0.0,0.0,0.0,0.0,0.0,-0.04763725,-0.7914553,-2.62402,0.06098065,0.1700789,-2.735233,0.04734362,0.9921781,-0.1149198,0.01161464,13.24653,179.2839,5.380648,0.04450022,0.0665693,-0.9967887,-0.1287792,0.005950594,-0.4216043,-1.016324,-0.3357531,-3.795354,0.2126833,-0.06939664,2.027641,-0.9952477,0.0912771,-0.03392902,0.0966161,0.9691041,-0.226942,0.01216615,-0.2291415,-0.9733174,moving,8.533994,16.6249,5.987971,-1.960201
05/11/2023 13:10:23.113273,4283,True,True,True,True,Eyes,0.08160431,0.1735061,-2.695241,-0.1378843,-0.2838854,-0.9488925,0.0,0.0,0.0,0.0,0.0,0.0,0.0,-0.1009863,-0.7970695,-2.631559,0.05649923,0.168416,-2.745735,0.04785204,0.9918439,-0.1163513,0.0204565,13.45975,178.2651,5.319507,0.04311679,0.06635429,-0.9968639,-0.1210524,0.005593559,-0.3963081,-1.006289,-0.3289821,-3.819347,0.2094944,-0.07142398,2.027893,-0.9945837,0.09016322,-0.05171458,0.09968378,0.9683451,-0.2288468,0.02944401,-0.2327623,-0.972088,moving,8.267825,16.6559,5.8981,-2.017169
05/11/2023 13:10:23.128529,4284,True,True,True,True,Eyes,0.08029948,0.1731165,-2.698484,-0.1328888,-0.2844113,-0.9494476,0.0,0.0,0.0,0.0,0.0,0.0,0.0,-0.1554608,-0.8013177,-2.638963,0.05190586,0.1676175,-2.75674,0.04871288,0.9914575,-0.117377,0.02935588,13.6275,177.2413,5.295968,0.04182551,0.06614064,-0.9969331,-0.1137893,0.005257945,-0.3725296,-0.99496,-0.3311839,-3.841016,0.2062099,-0.07351184,2.028153,-0.9935307,0.08970208,-0.06964575,0.1034849,0.9676994,-0.2298886,0.04677467,-0.2356086,-0.9707218,moving,7.967608,16.67582,5.805525,-2.075817
05/11/2023 13:10:23.138092,4285,True,True,True,True,Eyes,0.07882534,0.1726996,-2.702017,-0.1268139,-0.2851839,-0.9500465,0.0,0.0,0.0,0.0,0.0,0.0,0.0,-0.2121904,-0.786121,-2.651054,0.04691476,0.1666868,-2.767871,0.04882431,0.9914263,-0.1148185,0.03882014,13.38298,176.1239,5.183763,0.04061165,0.06592639,-0.9969975,-0.1069619,0.004942468,-0.3501778,-0.9841717,-0.3331408,-3.862589,0.2031388,-0.07546392,2.028398,-0.9922186,0.08789685,-0.08818648,0.1057259,0.9688658,-0.2238774,0.06576274,-0.2314589,-0.9706196,moving,7.603,16.70865,5.718955,-2.130633
05/11/2023 13:10:23.158246,4286,True,True,True,True,Eyes,0.07721013,0.1722823,-2.705871,-0.120229,-0.2859888,-0.9506605,0.0,0.0,0.0,0.0,0.0,0.0,0.0,-0.2678445,-0.7851459,-2.657117,0.04175231,0.1655677,-2.778364,0.04782506,0.9910528,-0.1149572,0.04808385,13.44174,175.027,4.939145,0.03946099,0.06570997,-0.9970579,-0.1005442,0.00464592,-0.3291671,-0.9723347,-0.3356891,-3.884422,0.1999232,-0.07750764,2.028654,-0.9908015,0.08373914,-0.1063029,0.1058495,0.9689952,-0.2232581,0.08431159,-0.2324565,-0.9689457,moving,7.20787,16.74295,5.628309,-2.188004
05/11/2023 13:10:23.178572,4287,True,True,True,True,Eyes,0.07548262,0.1718479,-2.710015,-0.1128316,-0.2867661,-0.9513329,0.0,0.0,0.0,0.0,0.0,0.0,0.0,-0.3254998,-0.7844655,-2.662914,0.03658275,0.1651444,-2.789952,0.04695975,0.9905823,-0.1149957,0.0575989,13.48761,173.9012,4.706447,0.03836207,0.06549098,-0.9971151,-0.09451154,0.004367165,-0.3094171,-0.9593301,-0.3406121,-3.906236,0.1966313,-0.07959989,2.028914,-0.9889544,0.07978773,-0.1249132,0.1062822,0.9691415,-0.2224157,0.1033126,-0.233235,-0.9669169,moving,6.763896,16.77471,5.535507,-2.246719
05/11/2023 13:10:23.188438,4288,True,True,True,True,Eyes,0.07360666,0.1713893,-2.714435,-0.1050082,-0.2876254,-0.951969,0.0,0.0,0.0,0.0,0.0,0.0,0.0,-0.3827024,-0.7706865,-2.670981,0.03127309,0.1643544,-2.801172,0.04601996,0.9902972,-0.1126836,0.06705373,13.25893,172.7737,4.480368,0.03730468,0.06526828,-0.9971699,-0.08884085,0.004105135,-0.2908521,-0.9454642,-0.3438338,-3.929193,0.1935205,-0.0815773,2.029161,-0.9867722,0.07603517,-0.1431776,0.1062586,0.9703691,-0.2170088,0.1224349,-0.2293521,-0.9656128,moving,6.294641,16.81153,5.447806,-2.302192
05/11/2023 13:10:23.208135,4289,True,True,True,True,Eyes,0.07160518,0.1709664,-2.719133,-0.09665772,-0.2887154,-0.9525234,0.0,0.0,0.0,0.0,0.0,0.0,0.0,-0.4386955,-0.7735403,-2.673105,0.02567523,0.1633272,-2.812289,0.04480228,0.9896084,-0.1134606,0.07612424,13.37858,171.6964,4.20877,0.03628025,0.06504104,-0.9972225,-0.0835104,0.003858827,-0.2734009,-0.9314278,-0.3489339,-3.951413,0.1903263,-0.08360726,2.029415,-0.984396,0.07139922,-0.160833,0.1059476,0.9702389,-0.2177421,0.1404998,-0.2313842,-0.9626639,moving,5.79428,16.86236,5.357747,-2.359121
05/11/2023 13:10:23.228411,4290,True,True,True,True,Eyes,0.06947018,0.1706261,-2.724132,-0.08798993,-0.2896803,-0.9530703,0.0,0.0,0.0,0.0,0.0,0.0,0.0,-0.4935905,-0.7796726,-2.673853,0.02022211,0.1638388,-2.823784,0.04488318,0.9887726,-0.1146248,0.0847084,13.54917,170.6929,4.090045,0.03528006,0.06481031,-0.9972734,-0.07849977,0.003627298,-0.2569969,-0.9167526,-0.3569275,-3.972819,0.1870561,-0.08568653,2.029673,-0.9816203,0.06933914,-0.1778041,0.1081779,0.9696933,-0.2190719,0.1572252,-0.2342798,-0.9593715,moving,5.274743,16.90635,5.265546,-2.417416
05/11/2023 13:10:23.238117,4291,True,True,True,True,Eyes,0.06722248,0.1704398,-2.729403,-0.07897887,-0.2908476,-0.9535041,0.0,0.0,0.0,0.0,0.0,0.0,0.0,-0.5481194,-0.7710253,-2.678771,0.01474459,0.1654561,-2.836042,0.04572824,0.9881747,-0.1129319,0.09309187,13.39758,169.7169,4.088026,0.03429679,0.06457885,-0.9973227,-0.07378978,0.00340966,-0.2415771,-0.9019472,-0.3617087,-3.995109,0.1838334,-0.08773497,2.029928,-0.9784857,0.06934891,-0.1943104,0.1114011,0.9703106,-0.2146791,0.1736537,-0.2317068,-0.9571606,moving,4.735009,16.96329,5.174678,-2.474826
05/11/2023 13:10:23.263751,4292,True,True,True,True,Eyes,0.06486178,0.1703267,-2.734969,-0.06966418,-0.291644,-0.9539868,0.0,0.0,0.0,0.0,0.0,0.0,0.0,-0.6029317,-0.7798602,-2.677272,0.009511456,0.1690331,-2.847952,0.04761895,0.9871327,-0.1142443,0.1012407,13.60285,168.7874,4.182049,0.03332517,0.06435194,-0.9973703,-0.06936239,0.00320508,-0.2270824,-0.8860809,-0.3643607,-4.018498,0.1806421,-0.08976352,2.030181,-0.9749655,0.0708801,-0.2107563,0.1171448,0.9693614,-0.2159066,0.1889956,-0.2351905,-0.953397,moving,4.176569,16.99895,5.084693,-2.531658
05/11/2023 13:10:23.278518,4293,True,True,True,True,Eyes,0.06238825,0.1702936,-2.740741,-0.06010937,-0.292825,-0.9542748,0.0,0.0,0.0,0.0,0.0,0.0,0.0,-0.657284,-0.7530431,-2.685749,0.004300062,0.1706048,-2.860632,0.04869049,0.9867426,-0.1093525,0.1095922,13.08979,167.8123,4.246383,0.03235947,0.06413107,-0.9974163,-0.06520065,0.003012775,-0.2134575,-0.871049,-0.3671512,-4.040956,0.1773211,-0.091874,2.030447,-0.9712377,0.07212158,-0.2269275,0.1200583,0.9713426,-0.2051334,0.2056298,-0.2264778,-0.9520633,moving,3.604275,17.05895,4.991041,-2.590763
05/11/2023 13:10:23.288717,4294,True,True,True,True,Eyes,0.05982426,0.1703351,-2.746757,-0.05034481,-0.2941959,-0.9544183,0.0,0.0,0.0,0.0,0.0,0.0,0.0,-0.7107554,-0.7716904,-2.678421,-0.0008467846,0.1725551,-2.871383,0.05024728,0.9853639,-0.1128188,0.1174947,13.5411,166.9084,4.277424,0.0313956,0.06391823,-0.9974608,-0.06128861,0.002832009,-0.20065,-0.8564868,-0.3420215,-4.072553,0.1740808,-0.09393358,2.030704,-0.9673403,0.07251249,-0.2428878,0.125535,0.9694943,-0.2105276,0.2202124,-0.2341428,-0.9469337,moving,3.019509,17.13172,4.899667,-2.648424
05/11/2023 13:10:23.308229,4295,True,True,True,True,Eyes,0.05721082,0.1704596,-2.75295,-0.0402577,-0.295757,-0.9544145,0.0,0.0,0.0,0.0,0.0,0.0,0.0,-0.767101,-0.7832285,-2.672521,-0.005703274,0.1744417,-2.883366,0.05275365,0.983943,-0.1151535,0.1257498,13.87925,165.9725,4.42208,0.03042966,0.06371469,-0.9975038,-0.05761129,0.002662088,-0.188611,-0.8398432,-0.3388163,-4.096591,0.1709348,-0.09593308,2.030954,-0.9628083,0.07485211,-0.2596107,0.1327742,0.9679134,-0.2133414,0.2353116,-0.2398765,-0.9418533,moving,2.415334,17.21733,4.810947,-2.704383
05/11/2023 13:10:23.328670,4296,True,True,True,True,Eyes,-0.00991863,0.175078,-2.912415,0.218838,-0.3335906,-0.9169663,0.0,0.0,0.0,0.0,0.0,0.0,0.0,-0.8248219,-0.7894903,-2.665224,-0.01037621,0.1766667,-2.894084,0.05392474,0.9825629,-0.116413,0.1345751,14.08021,164.9475,4.413166,0.02946075,0.06352227,-0.9975452,-0.05415462,0.002502363,-0.1772944,-0.8202401,-0.3406188,-4.121668,0.1678927,-0.09786674,2.031195,-0.9579634,0.0746363,-0.2770121,0.1373015,0.9670803,-0.2142523,0.2519019,-0.24328,-0.9366753,moving,-13.42281,19.99129,4.725161,-2.758483
05/11/2023 13:10:23.348142,4297,True,True,True,True,Eyes,-0.01006377,0.1751313,-2.912839,0.2195721,-0.3337506,-0.9167326,0.0,0.0,0.0,0.0,0.0,0.0,0.0,-0.8813213,-0.8152617,-2.651395,-0.01491125,0.1783768,-2.905035,0.0541703,0.9807496,-0.1211522,0.1432405,14.66451,163.9272,4.24126,0.02495167,0.06306555,-0.9976972,-0.2522937,0.0162074,-0.645052,-0.8012204,-0.332886,-4.147737,0.1646621,-0.09992018,2.031452,-0.9530956,0.0715472,-0.2940918,0.1409628,0.9647754,-0.2221213,0.2678404,-0.2531588,-0.9296087,moving,-13.46951,20.00481,4.634058,-2.815915
05/11/2023 13:10:23.363763,4298,True,True,True,True,Eyes,-0.01034949,0.1752574,-2.913655,0.2208679,-0.3341587,-0.9162725,0.0,0.0,0.0,0.0,0.0,0.0,0.0,-0.9348317,-0.823119,-2.642678,-0.01918832,0.1797746,-2.915903,0.05365892,0.9793392,-0.1225572,0.1516415,14.85205,162.9219,4.030013,0.02122959,0.06268457,-0.9978073,-0.237156,0.01523495,-0.6063488,-0.7806788,-0.3609629,-4.162814,0.1614846,-0.1019396,2.031703,-0.9482514,0.06793106,-0.3101695,0.1422701,0.9642009,-0.2237763,0.2838643,-0.256324,-0.9239694,moving,-13.55263,20.03658,4.544453,-2.872378
05/11/2023 13:10:23.378226,4299,True,True,True,True,Eyes,-0.01072608,0.1754305,-2.914852,0.2228604,-0.3344705,-0.9156761,0.0,0.0,0.0,0.0,0.0,0.0,0.0,-0.9880552,-0.8382554,-2.630114,-0.02296181,0.1816979,-2.92624,0.05445966,0.9776311,-0.1254295,0.1598096,15.22759,161.96,3.945589,0.01815026,0.06236845,-0.9978878,-0.2229267,0.01432085,-0.5699679,-0.7607706,-0.3693243,-4.183449,0.1581455,-0.1040623,2.031966,-0.9429901,0.06639322,-0.3261314,0.1465726,0.9626032,-0.2278412,0.298808,-0.2626539,-0.9174567,moving,-13.67889,20.06581,4.45029,-2.931705
05/11/2023 13:10:23.398716,4300,True,True,True,True,Eyes,-0.0112206,0.1756435,-2.916394,0.2254997,-0.3347081,-0.9149429,0.0,0.0,0.0,0.0,0.0,0.0,0.0,-1.046351,-0.830161,-2.622147,-0.02625447,0.1830464,-2.936916,0.05623187,0.9761279,-0.124478,0.168872,15.18906,160.9066,4.024856,0.01559549,0.0621073,-0.9979474,-0.2095511,0.0134616,-0.5357698,-0.7416221,-0.3676914,-4.205758,0.1550944,-0.1060018,2.032208,-0.9366407,0.06773729,-0.3436805,0.1518207,0.9626864,-0.2240209,0.315682,-0.2620049,-0.9119752,moving,-13.84536,20.09374,4.364248,-2.985893
05/11/2023 13:10:23.410689,4301,True,True,True,True,Eyes,-0.01181336,0.1758923,-2.918279,0.2286822,-0.3350678,-0.9140207,0.0,0.0,0.0,0.0,0.0,0.0,0.0,-1.106032,-0.8176357,-2.612935,-0.0295973,0.184218,-2.946939,0.05724502,0.9745994,-0.1227254,0.1783748,15.0486,159.7886,4.0259,0.01346576,0.06189264,-0.9979917,-0.196978,0.01265391,-0.5036236,-0.7215623,-0.373452,-4.225815,0.1516982,-0.1081608,2.032478,-0.9298111,0.06779971,-0.3617387,0.1553641,0.963323,-0.218794,0.333637,-0.2596383,-0.906242,moving,-14.04669,20.13226,4.268475,-3.046191
05/11/2023 13:10:23.428572,4302,True,True,True,True,Eyes,-0.01248056,0.1761688,-2.920501,0.2329137,-0.3352328,-0.9128911,0.0,0.0,0.0,0.0,0.0,0.0,0.0,-1.16371,-0.8213689,-2.598303,-0.03280803,0.1853208,-2.95713,0.05852121,0.9726712,-0.1239665,0.187399,15.25354,158.726,4.004904,0.01167991,0.06171735,-0.998025,-0.1851594,0.01189467,-0.4734062,-0.703085,-0.356795,-4.252288,0.1487189,-0.110054,2.032716,-0.922914,0.0673814,-0.3790646,0.1603062,0.9624152,-0.2192236,0.3500459,-0.2630909,-0.8990281,moving,-14.313,20.1643,4.184456,-3.099044
05/11/2023 13:10:23.438529,4303,True,True,True,True,Eyes,-0.01322478,0.1764481,-2.92303,0.23798,-0.335301,-0.9115584,0.0,0.0,0.0,0.0,0.0,0.0,0.0,-1.214743,-0.7996361,-2.593702,-0.03541132,0.186197,-2.967556,0.05922765,0.9714696,-0.120473,0.1955126,14.90583,157.7698,4.033201,0.01008583,0.0615675,-0.9980516,-0.1740498,0.01118099,-0.4450018,-0.6854784,-0.3484523,-4.274544,0.1455359,-0.1120772,2.032967,-0.9165339,0.06796775,-0.3941397,0.1621837,0.9639567,-0.2109121,0.3655984,-0.2572311,-0.8945222,moving,-14.6316,20.19517,4.0947,-3.155514
05/11/2023 13:10:23.463511,4304,True,True,True,True,Eyes,-0.01399423,0.1767592,-2.925849,0.2434306,-0.3353441,-0.9101021,0.0,0.0,0.0,0.0,0.0,0.0,0.0,-1.262272,-0.7870947,-2.585955,-0.03738584,0.1864477,-2.977221,0.05981397,0.9700878,-0.1187124,0.2031242,14.7512,156.8685,4.02171,0.008626158,0.06143684,-0.9980734,-0.1636068,0.01051013,-0.4183017,-0.6684875,-0.3470221,-4.294624,0.142312,-0.114127,2.033222,-0.9103258,0.06782288,-0.4082979,0.1642763,0.9646593,-0.2060235,0.3798952,-0.2546222,-0.8892959,moving,-14.97471,20.22726,4.003794,-3.212703
05/11/2023 13:10:23.478452,4305,True,True,True,True,Eyes,-0.01473484,0.1770856,-2.928957,0.2495848,-0.3350955,-0.9085255,0.0,0.0,0.0,0.0,0.0,0.0,0.0,-1.311088,-0.7794083,-2.575491,-0.0388681,0.1875122,-2.987124,0.06051096,0.9684847,-0.1177377,0.2109827,14.68992,155.9367,4.00299,0.007286248,0.06132389,-0.9980911,-0.1537904,0.009879525,-0.3932036,-0.6502304,-0.3434295,-4.314891,0.1391161,-0.1161586,2.033476,-0.9036494,0.06752665,-0.4229158,0.1668891,0.9649525,-0.2025207,0.3944182,-0.2535878,-0.8832483,moving,-15.36102,20.24571,3.913675,-3.269362
05/11/2023 13:10:23.488312,4306,True,True,True,True,Eyes,-0.01547522,0.1773922,-2.932309,0.2561076,-0.3348194,-0.9068103,0.0,0.0,0.0,0.0,0.0,0.0,0.0,-1.358355,-0.7543685,-2.570533,-0.03951158,0.1881738,-2.997477,0.06006225,0.9672594,-0.1134366,0.2189386,14.22587,154.9833,3.934996,0.006055841,0.06122688,-0.9981053,-0.144563,0.009286753,-0.3696114,-0.6297769,-0.3512775,-4.332193,0.1359479,-0.1181718,2.033728,-0.896917,0.06652024,-0.4371673,0.1658628,0.9670494,-0.1931453,0.4099143,-0.2457451,-0.8783962,moving,-15.77111,20.26554,3.824342,-3.325487
05/11/2023 13:10:23.508429,4307,True,True,True,True,Eyes,-0.01619696,0.1776873,-2.935909,0.2630412,-0.3348029,-0.9048294,0.0,0.0,0.0,0.0,0.0,0.0,0.0,-1.406081,-0.746889,-2.557916,-0.0403544,0.1879806,-3.006804,0.05959538,0.965551,-0.1124684,0.2269593,14.1369,154.0144,3.78617,0.004923806,0.06114301,-0.9981166,-0.1358892,0.008729547,-0.3474347,-0.606661,-0.3549289,-4.351768,0.132703,-0.1202344,2.033985,-0.8898759,0.06403323,-0.4516867,0.1661363,0.9675984,-0.1901366,0.4248764,-0.2442395,-0.8716809,moving,-16.20958,20.30537,3.73285,-3.382972
05/11/2023 13:10:23.528134,4308,True,True,True,True,Eyes,-0.01687668,0.1779619,-2.939726,0.2702844,-0.3348423,-0.9026777,0.0,0.0,0.0,0.0,0.0,0.0,0.0,-1.452914,-0.7528312,-2.541201,-0.04049206,0.1879965,-3.016361,0.05922705,0.9635243,-0.1138417,0.2348478,14.31171,153.0546,3.589373,0.003881419,0.06107012,-0.9981256,-0.1277359,0.008205774,-0.3265886,-0.5829879,-0.3549134,-4.371858,0.1296442,-0.1221786,2.034226,-0.8826777,0.06066248,-0.466048,0.1676043,0.9670645,-0.1915597,0.439078,-0.247197,-0.8637736,moving,-16.66902,20.352,3.646612,-3.437139
05/11/2023 13:10:23.538224,4309,True,True,True,True,Eyes,-0.0175245,0.1782417,-2.943748,0.2778398,-0.3353453,-0.9001936,0.0,0.0,0.0,0.0,0.0,0.0,0.0,-1.497545,-0.7548078,-2.525523,-0.0402659,0.1877704,-3.025519,0.0581051,0.9616175,-0.1143259,0.2425808,14.36309,152.1033,3.330715,0.002921162,0.06100595,-0.9981328,-0.1200717,0.007713428,-0.3069933,-0.5588388,-0.3718618,-4.386164,0.1265056,-0.1241736,2.034477,-0.8755568,0.05628323,-0.4798258,0.1672163,0.9671068,-0.1916851,0.4532541,-0.2480659,-0.8561684,moving,-17.15256,20.43166,3.558123,-3.492697
05/11/2023 13:10:23.557996,4310,True,True,True,True,Eyes,-0.01809209,0.1785122,-2.947966,0.2856287,-0.3360092,-0.8975043,0.0,0.0,0.0,0.0,0.0,0.0,0.0,-1.542165,-0.7780911,-2.5021,-0.03978148,0.1882069,-3.034336,0.05800632,0.9591424,-0.118767,0.2501517,14.88321,151.1667,3.075572,0.002034636,0.0609493,-0.9981384,-0.1128674,0.007250622,-0.2885737,-0.534505,-0.3898183,-4.399808,0.1232158,-0.1262642,2.03474,-0.8681192,0.05185311,-0.4936407,0.1706922,0.9650593,-0.1988082,0.4660836,-0.2568497,-0.8466374,moving,-17.65355,20.52498,3.465374,-3.550892
05/11/2023 13:10:23.578644,4311,True,True,True,True,Eyes,-0.0186085,0.1787584,-2.952365,0.2936687,-0.3367851,-0.8946142,0.0,0.0,0.0,0.0,0.0,0.0,0.0,-1.586418,-0.7865449,-2.482713,-0.03851605,0.1882804,-3.043403,0.05817864,0.9568726,-0.1206995,0.2577634,15.12825,150.2343,2.916383,0.001219155,0.06089883,-0.9981428,-0.1060954,0.006815584,-0.2712593,-0.5092419,-0.3986652,-4.415822,0.1199602,-0.1283336,2.034997,-0.8603467,0.04911527,-0.5073376,0.1735629,0.9640938,-0.2009953,0.4792491,-0.2609806,-0.8379794,moving,-18.17309,20.62927,3.373601,-3.60848
05/11/2023 13:10:23.588027,4312,True,True,True,True,Eyes,-0.01903443,0.1789821,-2.956925,0.3018161,-0.3378874,-0.8914814,0.0,0.0,0.0,0.0,0.0,0.0,0.0,-1.62935,-0.7921751,-2.463506,-0.0373689,0.1879347,-3.051961,0.05849906,0.954634,-0.1222616,0.2651496,15.3344,149.3297,2.784801,0.0004680869,0.06085267,-0.9981463,-0.09972963,0.006406649,-0.2549837,-0.4813382,-0.4189205,-4.428041,0.1167333,-0.1303848,2.035253,-0.8525473,0.04685514,-0.5205458,0.1765256,0.9632599,-0.2024082,0.491937,-0.2644522,-0.8294958,moving,-18.70382,20.7576,3.282643,-3.665541
05/11/2023 13:10:23.613140,4313,True,True,True,True,Eyes,-0.01935482,0.1792055,-2.961658,0.310125,-0.338911,-0.8882352,0.0,0.0,0.0,0.0,0.0,0.0,0.0,-1.671564,-0.808079,-2.440479,-0.03569507,0.1876955,-3.060482,0.06059439,0.9520229,-0.1261724,0.2721426,15.85588,148.4816,2.782679,-0.000221082,0.06080934,-0.998149,-0.09374586,0.00602225,-0.2396847,-0.4529263,-0.4254587,-4.444812,0.1135375,-0.1324163,2.035506,-0.8445336,0.04670068,-0.5334626,0.1840483,0.9608177,-0.2072574,0.5028812,-0.2732187,-0.820038,moving,-19.24652,20.88462,3.192564,-3.722032
05/11/2023 13:10:23.629267,4314,True,True,True,True,Eyes,-0.0195557,0.1794088,-2.966535,0.3185467,-0.3398964,-0.8848721,0.0,0.0,0.0,0.0,0.0,0.0,0.0,-1.71158,-0.8007866,-2.426305,-0.03344481,0.1879007,-3.069412,0.06182867,0.9500418,-0.1255814,0.2789753,15.84956,147.6641,2.824976,-0.0008507365,0.06076822,-0.9981512,-0.08812111,0.005660915,-0.2253036,-0.4247775,-0.4317735,-4.460652,0.1102648,-0.1344964,2.035768,-0.8367,0.04741144,-0.5456054,0.1875478,0.960813,-0.2041178,0.5145473,-0.2731124,-0.8128043,moving,-19.79846,21.01274,3.100324,-3.779849
05/11/2023 13:10:23.638060,4315,True,True,True,True,Eyes,-0.0196537,0.1795952,-2.971589,0.3270912,-0.3407229,-0.8814303,0.0,0.0,0.0,0.0,0.0,0.0,0.0,-1.749097,-0.7929923,-2.412668,-0.03085615,0.1876222,-3.077822,0.06296056,0.9481202,-0.1249489,0.2854679,15.83569,146.8854,2.862893,-0.001422932,0.06072813,-0.998153,-0.08283384,0.005321261,-0.2117854,-0.3965029,-0.4370474,-4.476624,0.1071306,-0.1364884,2.036015,-0.8290881,0.04805057,-0.5570493,0.1907261,0.9608475,-0.2009866,0.525582,-0.2728795,-0.8057916,moving,-20.35946,21.13435,3.011998,-3.8352
05/11/2023 13:10:23.663637,4316,True,True,True,True,Eyes,-0.01820888,0.1833264,-3.101337,0.5352768,-0.3475442,-0.7698648,0.0,0.0,0.0,0.0,0.0,0.0,0.0,-1.787309,-0.7806188,-2.399797,-0.0276862,0.1873026,-3.086586,0.06463356,0.9461626,-0.1237032,0.2920555,15.77378,146.1049,2.98129,-0.001940429,0.06068803,-0.9981547,-0.07786381,0.005001985,-0.1990783,-0.3681908,-0.4305223,-4.496314,0.103586,-0.1387416,2.036295,-0.8210523,0.05005129,-0.5686549,0.1945641,0.96104,-0.1963335,0.5366733,-0.2718399,-0.7988022,moving,-34.81038,24.2961,2.912117,-3.897783
05/11/2023 13:10:23.679343,4317,True,True,True,True,Eyes,-0.01805237,0.1832935,-3.101673,0.535758,-0.347345,-0.7696199,0.0,0.0,0.0,0.0,0.0,0.0,0.0,-1.826686,-0.7570042,-2.388566,-0.02398373,0.1865271,-3.095111,0.06640458,0.9442666,-0.1206445,0.2989921,15.51853,145.2922,3.168868,-0.002449398,0.06048792,-0.9981657,-0.06885752,0.01589557,-0.5763779,-0.3407021,-0.4262622,-4.514593,0.100547,-0.1406734,2.036535,-0.8123886,0.05326373,-0.5806792,0.1975507,0.9620706,-0.1881322,0.5486338,-0.26755,-0.7920974,moving,-34.84306,24.29062,2.826489,-3.951424
05/11/2023 13:10:23.698336,4318,True,True,True,True,Eyes,-0.01771689,0.1832212,-3.102333,0.5366927,-0.3470961,-0.7690808,0.0,0.0,0.0,0.0,0.0,0.0,0.0,-1.86746,-0.7437268,-2.372061,-0.02020437,0.18569,-3.103598,0.06796455,0.9419816,-0.1194294,0.3062488,15.46375,144.4236,3.265006,-0.002847602,0.06032104,-0.9981739,-0.06472607,0.01494184,-0.5417952,-0.3138868,-0.4218393,-4.532489,0.09748605,-0.1426187,2.036779,-0.8031851,0.05489249,-0.5931953,0.2011929,0.9622349,-0.1833724,0.5607274,-0.2666287,-0.7838968,moving,-34.90874,24.29027,2.740247,-4.005407
05/11/2023 13:10:23.708426,4319,True,True,True,True,Eyes,-0.01726622,0.1831224,-3.103365,0.5383476,-0.3470376,-0.7679496,0.0,0.0,0.0,0.0,0.0,0.0,0.0,-1.906527,-0.7296229,-2.356332,-0.0156808,0.1845385,-3.112104,0.06908271,0.9397354,-0.1179545,0.313388,15.36644,143.563,3.32391,-0.003149324,0.06017996,-0.9981811,-0.06084251,0.01404533,-0.5092875,-0.2860138,-0.4180026,-4.550042,0.09421244,-0.1446996,2.03704,-0.7940313,0.05590789,-0.6053008,0.2037699,0.9626287,-0.1783925,0.5727063,-0.2649913,-0.7757496,moving,-35.0312,24.31828,2.648024,-4.063137
05/11/2023 13:10:23.728125,4320,True,True,True,True,Eyes,-0.0166153,0.18297,-3.104683,0.540381,-0.3469765,-0.7665479,0.0,0.0,0.0,0.0,0.0,0.0,0.0,-1.944453,-0.7144611,-2.341361,-0.01083715,0.1836249,-3.120814,0.07012057,0.9375235,-0.1162133,0.3203552,15.23819,142.7224,3.388045,-0.003389788,0.06005239,-0.9981878,-0.05719196,0.01320261,-0.4787302,-0.258101,-0.4160825,-4.566693,0.09108794,-0.1466852,2.037288,-0.7849116,0.05702029,-0.6169789,0.2059384,0.9631552,-0.1729784,0.5843831,-0.2628324,-0.7677343,moving,-35.18208,24.35379,2.560011,-4.118204
05/11/2023 13:10:23.738420,4321,True,True,True,True,Eyes,-0.01579103,0.1827625,-3.106303,0.5429092,-0.3471321,-0.7646888,0.0,0.0,0.0,0.0,0.0,0.0,0.0,-1.98145,-0.7038551,-2.324378,-0.005474396,0.182307,-3.129061,0.07130825,0.9351482,-0.115415,0.3272502,15.22033,141.8847,3.435824,-0.003585043,0.05993021,-0.9981943,-0.05376044,0.01241045,-0.4500064,-0.2295811,-0.4137187,-4.583416,0.08784693,-0.1487457,2.037544,-0.7756451,0.05782836,-0.6285148,0.2089067,0.9631891,-0.169189,0.5955947,-0.2625315,-0.7591735,moving,-35.37376,24.41577,2.468728,-4.175326
05/11/2023 13:10:23.758487,4322,True,True,True,True,Eyes,-0.01475718,0.1825035,-3.108188,0.5457255,-0.3473547,-0.7625802,0.0,0.0,0.0,0.0,0.0,0.0,0.0,-2.017561,-0.6937047,-2.307464,6.360933e-05,0.1807359,-3.137435,0.0722786,0.932766,-0.1146581,0.3340316,15.19975,141.056,3.459924,-0.003734009,0.05981056,-0.998201,-0.05053481,0.01166582,-0.423006,-0.2014652,-0.4173207,-4.597699,0.08471876,-0.1507342,2.037792,-0.7663976,0.05823919,-0.6397212,0.2114369,0.9632586,-0.1656117,0.6065719,-0.262185,-0.7505531,moving,-35.58866,24.48923,2.380633,-4.230428
05/11/2023 13:10:23.778190,4323,True,True,True,True,Eyes,-0.01349653,0.1821879,-3.110321,0.5488824,-0.347677,-0.7601637,0.0,0.0,0.0,0.0,0.0,0.0,0.0,-2.05131,-0.6889647,-2.290269,0.006025709,0.1792545,-3.145744,0.0734881,0.9303503,-0.1148844,0.340367,15.29514,140.2774,3.47902,-0.003834571,0.05969104,-0.9982077,-0.04750272,0.01096588,-0.3976257,-0.1733274,-0.4264934,-4.609809,0.08144353,-0.152816,2.038051,-0.7574999,0.05853363,-0.6502062,0.214945,0.9628021,-0.1637396,0.6164357,-0.2637913,-0.7419041,moving,-35.83147,24.57799,2.288406,-4.288096
05/11/2023 13:10:23.788247,4324,True,True,True,True,Eyes,-0.0120088,0.1818137,-3.112694,0.5522865,-0.3479208,-0.7575821,0.0,0.0,0.0,0.0,0.0,0.0,0.0,-2.08308,-0.6784543,-2.275708,0.01270176,0.1775987,-3.153833,0.07490785,0.9280849,-0.1141762,0.3464267,15.29747,139.5403,3.562417,-0.003884294,0.05956938,-0.9982149,-0.04465256,0.01030792,-0.3737681,-0.1450252,-0.4338614,-4.622216,0.0783381,-0.1547899,2.038296,-0.748755,0.05993432,-0.660132,0.218149,0.9627053,-0.1600301,0.6259212,-0.2638305,-0.733905,moving,-36.0925,24.66703,2.200973,-4.342754
05/11/2023 13:10:23.808124,4325,True,True,True,True,Eyes,-0.01026438,0.1813694,-3.115273,0.5558387,-0.3482239,-0.75484,0.0,0.0,0.0,0.0,0.0,0.0,0.0,-2.112405,-0.6649588,-2.263864,0.01954112,0.1758013,-3.161995,0.07558519,0.9260583,-0.1126417,0.3521575,15.18053,138.8391,3.603443,-0.003881006,0.0594435,-0.9982225,-0.0419734,0.009689447,-0.351342,-0.1155404,-0.4393606,-4.63494,0.07502453,-0.156896,2.03856,-0.7405441,0.06065736,-0.6692649,0.2193278,0.9631975,-0.1553897,0.6352086,-0.2618613,-0.7265941,moving,-36.36668,24.76489,2.107688,-4.401043
05/11/2023 13:10:23.828203,4326,True,True,True,True,Eyes,-0.008277189,0.1808692,-3.118063,0.559551,-0.3485036,-0.7519627,0.0,0.0,0.0,0.0,0.0,0.0,0.0,-2.138915,-0.6557818,-2.252621,0.02697878,0.1737434,-3.169921,0.07685804,0.9240398,-0.112077,0.3573263,15.19197,138.208,3.680163,-0.003821832,0.05931121,-0.9982306,-0.039455,0.009108081,-0.3302615,-0.0852026,-0.4439853,-4.647646,0.07188817,-0.1588894,2.03881,-0.7328215,0.06194369,-0.6775954,0.2221359,0.9630632,-0.1522004,0.6431394,-0.2620539,-0.7195134,moving,-36.6537,24.86577,2.019405,-4.456193
05/11/2023 13:10:23.838574,4327,True,True,True,True,Eyes,-0.006040323,0.1803086,-3.121053,0.5634214,-0.3488103,-0.7489243,0.0,0.0,0.0,0.0,0.0,0.0,0.0,-2.164431,-0.6441515,-2.242694,0.03471464,0.1718936,-3.177831,0.07822008,0.9220983,-0.1110695,0.362326,15.16005,137.6009,3.78804,-0.003704662,0.05917102,-0.9982393,-0.0370877,0.008561595,-0.3104458,-0.05529368,-0.4491336,-4.659534,0.06871685,-0.1609052,2.039062,-0.7252032,0.06376647,-0.6855761,0.2247399,0.9630904,-0.1481516,0.6508246,-0.2615162,-0.7127671,moving,-36.95443,24.97368,1.930151,-4.511941
05/11/2023 13:10:23.863955,4328,True,True,True,True,Eyes,-0.003545415,0.1796881,-3.124221,0.567421,-0.3490842,-0.7457706,0.0,0.0,0.0,0.0,0.0,0.0,0.0,-2.187981,-0.6344305,-2.233357,0.04308722,0.1698652,-3.185425,0.07896486,0.9202294,-0.1101498,0.3671643,15.11233,137.0047,3.827568,-0.003527408,0.05902147,-0.9982488,-0.03486244,0.008047899,-0.2918191,-0.02475799,-0.4498784,-4.672732,0.06554133,-0.1629234,2.039315,-0.7179102,0.0644454,-0.6931466,0.2262177,0.9632632,-0.14474,0.6583548,-0.2607124,-0.7061151,moving,-37.26576,25.0836,1.840789,-4.567728
05/11/2023 13:10:23.878120,4329,True,True,True,True,Eyes,-0.0007668349,0.1790222,-3.127551,0.5715288,-0.3493849,-0.7424857,0.0,0.0,0.0,0.0,0.0,0.0,0.0,-2.209757,-0.6263892,-2.224888,0.05170056,0.1677978,-3.192912,0.07944014,0.9184465,-0.1093854,0.3717262,15.06942,136.4379,3.836001,-0.003287961,0.05886128,-0.9982588,-0.03277069,0.007565025,-0.2743099,0.00799001,-0.4515798,-4.68504,0.06215064,-0.1650787,2.039584,-0.7110178,0.06460022,-0.7002003,0.2272458,0.9634482,-0.1418692,0.6654419,-0.2599891,-0.6997091,moving,-37.5873,25.19985,1.745389,-4.627287
05/11/2023 13:10:23.888411,4330,True,True,True,True,Eyes,0.002285287,0.1783131,-3.131029,0.5757282,-0.3496435,-0.7391119,0.0,0.0,0.0,0.0,0.0,0.0,0.0,-2.229501,-0.6187068,-2.217925,0.06117655,0.1660483,-3.200212,0.08002467,0.916749,-0.1086155,0.3759921,15.02993,135.909,3.861908,-0.002983644,0.05868983,-0.9982694,-0.03080445,0.007111124,-0.2578513,0.041061,-0.4627263,-4.693468,0.05917501,-0.1669701,2.03982,-0.704452,0.06504791,-0.7067646,0.2284022,0.9635974,-0.138969,0.6719968,-0.2593236,-0.6936652,moving,-37.91666,25.31691,1.66168,-4.679532
05/11/2023 13:10:23.908337,4331,True,True,True,True,Eyes,0.005631388,0.1775681,-3.13463,0.5799667,-0.3500267,-0.7356085,0.0,0.0,0.0,0.0,0.0,0.0,0.0,-2.249073,-0.6091735,-2.211158,0.07072508,0.1642911,-3.20728,0.08079419,0.9150513,-0.1076118,0.3802282,14.97402,135.3869,3.919133,-0.002612409,0.05850666,-0.9982806,-0.02895618,0.006684456,-0.2423802,0.07423046,-0.4715677,-4.702127,0.05597158,-0.1690066,2.040072,-0.6977979,0.06602754,-0.7132452,0.2296957,0.963784,-0.1355002,0.6784676,-0.2583811,-0.6876927,moving,-38.25287,25.44664,1.571577,-4.735764
05/11/2023 13:10:23.928408,4332,True,True,True,True,Eyes,0.009259233,0.1768091,-3.138339,0.58423,-0.3504876,-0.7320066,0.0,0.0,0.0,0.0,0.0,0.0,0.0,-2.266441,-0.6046376,-2.204585,0.08098255,0.1627125,-3.213953,0.08193505,0.913349,-0.1075377,0.3840784,15.03315,134.9105,3.981898,-0.002172791,0.05831214,-0.9982933,-0.02721881,0.006283389,-0.2278374,0.110701,-0.4666829,-4.714604,0.05271449,-0.1710766,2.040331,-0.6915412,0.06706472,-0.7192174,0.2322764,0.9634446,-0.1335,0.683973,-0.2593779,-0.6818391,moving,-38.59411,25.58528,1.479978,-4.792893
05/11/2023 13:10:23.938462,4333,True,True,True,True,Eyes,0.01316898,0.1760454,-3.142159,0.58877,-0.3513037,-0.7279668,0.0,0.0,0.0,0.0,0.0,0.0,0.0,-2.284771,-0.6004059,-2.196346,0.09131735,0.1616342,-3.22027,0.08389009,0.9114684,-0.1078045,0.3880286,15.16646,134.4274,4.115276,-0.001660542,0.05810574,-0.9983066,-0.02558568,0.005906385,-0.2141672,0.146311,-0.4722966,-4.722213,0.04962566,-0.1730401,2.040575,-0.6847925,0.06926385,-0.725439,0.2365888,0.9626813,-0.1314173,0.6892641,-0.2616243,-0.675624,moving,-38.96548,25.76112,1.393128,-4.847068
05/11/2023 13:10:23.963979,4334,True,True,True,True,Eyes,0.01736834,0.1752989,-3.14607,0.5933734,-0.3520742,-0.7238451,0.0,0.0,0.0,0.0,0.0,0.0,0.0,-2.303636,-0.5890624,-2.189004,0.1024135,0.1607089,-3.226321,0.08594564,0.9095841,-0.1068835,0.3922322,15.18048,133.9209,4.308383,-0.001076134,0.05788917,-0.9983202,-0.02405054,0.005552002,-0.2013171,0.1829838,-0.4768756,-4.730108,0.04634187,-0.1751274,2.040836,-0.6775348,0.07250325,-0.7319087,0.2401959,0.9623785,-0.1270178,0.6951641,-0.2618604,-0.6694598,moving,-39.34325,25.93803,1.300809,-4.904626
05/11/2023 13:10:23.978239,4335,True,True,True,True,Eyes,0.02185874,0.1746269,-3.150088,0.5982274,-0.3529582,-0.7194057,0.0,0.0,0.0,0.0,0.0,0.0,0.0,-2.323916,-0.576709,-2.180381,0.1134896,0.1603637,-3.232436,0.08768275,0.9076021,-0.1056182,0.3967557,15.14697,133.3708,4.477345,-0.0004172507,0.05766364,-0.9983339,-0.02260751,0.005218882,-0.1892381,0.2197309,-0.4723696,-4.739815,0.04319203,-0.1771293,2.041087,-0.6697934,0.0753528,-0.7387143,0.2429713,0.9623131,-0.1221414,0.7016708,-0.2612959,-0.6628595,moving,-39.74548,26.13371,1.212272,-4.959807
05/11/2023 13:10:23.998107,4336,True,True,True,True,Eyes,0.1418114,0.1612103,-3.252974,0.7133716,-0.3636819,-0.5990294,0.0,0.0,0.0,0.0,0.0,0.0,0.0,-2.343448,-0.5638664,-2.172723,0.1253219,0.1614191,-3.23862,0.08915913,0.9056821,-0.1039031,0.4012415,15.05553,132.8242,4.640067,0.000316823,0.05743251,-0.9983475,-0.02125106,0.004905749,-0.1778838,0.2540611,-0.4799277,-4.744851,0.04006971,-0.1791137,2.041335,-0.6621119,0.07811915,-0.7453223,0.2448802,0.9625096,-0.1166578,0.7082666,-0.2597551,-0.6564188,moving,-49.97929,31.26272,1.124524,-5.014484
05/11/2023 13:10:24.008533,4337,True,True,True,True,Eyes,0.1422748,0.1613276,-3.253268,0.7137822,-0.3635876,-0.5985975,0.0,0.0,0.0,0.0,0.0,0.0,0.0,-2.360866,-0.5404288,-2.170388,0.137422,0.1640638,-3.245079,0.09009349,0.9041921,-0.09982963,0.4054058,14.68941,132.3277,4.861691,0.005225164,0.05652996,-0.9983855,0.3398819,-0.03563845,-0.475868,0.2854766,-0.4876062,-4.749282,0.03681168,-0.1811848,2.041593,-0.6550586,0.08198062,-0.7511175,0.2438667,0.9638344,-0.1074815,0.7151415,-0.2535792,-0.6513603,moving,-50.01587,31.27446,1.03298,-5.071528
05/11/2023 13:10:24.028396,4338,True,True,True,True,Eyes,0.1432019,0.1615469,-3.253797,0.714509,-0.3632617,-0.597928,0.0,0.0,0.0,0.0,0.0,0.0,0.0,-2.382782,-0.5035833,-2.165646,0.1499067,0.1667481,-3.251306,0.09266926,0.9022747,-0.09430337,0.4103898,14.2549,131.7496,5.317661,0.009387855,0.05576939,-0.9983979,0.319489,-0.03350015,-0.4473159,0.3160166,-0.4830997,-4.757616,0.03361478,-0.183217,2.041846,-0.6459854,0.08982397,-0.7580467,0.2446285,0.9650386,-0.09411403,0.7230906,-0.2462361,-0.6453743,moving,-50.07614,31.28011,0.9431716,-5.127477
05/11/2023 13:10:24.038697,4339,True,True,True,True,Eyes,0.1445935,0.1618863,-3.25451,0.7154514,-0.3633901,-0.5967219,0.0,0.0,0.0,0.0,0.0,0.0,0.0,-2.405581,-0.4787098,-2.156389,0.1618431,0.1693467,-3.257472,0.09335909,0.9001867,-0.09013119,0.4157215,13.8802,131.0941,5.505649,0.01294436,0.05513031,-0.9983938,0.3003196,-0.03149014,-0.4204769,0.3441497,-0.4887035,-4.761283,0.0303655,-0.1852824,2.042103,-0.6369196,0.09314229,-0.7652831,0.2430202,0.9663209,-0.08464704,0.7316249,-0.2398926,-0.6381041,moving,-50.17022,31.34046,0.8519094,-5.184319
05/11/2023 13:10:24.063867,4340,True,True,True,True,Eyes,0.1463878,0.1622756,-3.255442,0.7167427,-0.3631451,-0.5953197,0.0,0.0,0.0,0.0,0.0,0.0,0.0,-2.432857,-0.4786467,-2.135815,0.17373,0.1727091,-3.263371,0.09642475,0.8970857,-0.0911782,0.4214571,14.17398,130.3792,5.691153,0.01608404,0.0545829,-0.9983784,0.2823005,-0.02960073,-0.3952483,0.3753662,-0.4719093,-4.772833,0.02719852,-0.1872953,2.042354,-0.6261526,0.09614715,-0.7737499,0.2498579,0.9647776,-0.08231153,0.7385826,-0.2448671,-0.6281211,moving,-50.2873,31.38319,0.7629769,-5.23969
05/11/2023 13:10:24.078043,4341,True,True,True,True,Eyes,0.1485136,0.1626777,-3.256523,0.7181686,-0.363371,-0.5934606,0.0,0.0,0.0,0.0,0.0,0.0,0.0,-2.455651,-0.4470286,-2.127147,0.185067,0.1742008,-3.269589,0.0958304,0.895099,-0.08557005,0.4269565,13.5927,129.692,5.815418,0.01896315,0.05410021,-0.9983543,0.2653624,-0.02782468,-0.3715334,0.4019576,-0.4875038,-4.771574,0.02402171,-0.1893147,2.042605,-0.6170493,0.09848602,-0.7807372,0.2446248,0.9669886,-0.07135651,0.7479364,-0.2350182,-0.6207718,moving,-50.43128,31.47879,0.6737863,-5.295214
05/11/2023 13:10:24.088449,4342,True,True,True,True,Eyes,0.1509624,0.1630912,-3.257767,0.7196721,-0.3639752,-0.5912648,0.0,0.0,0.0,0.0,0.0,0.0,0.0,-2.479585,-0.4558088,-2.106044,0.1948828,0.1750129,-3.274585,0.09719498,0.8922573,-0.0878343,0.4321057,13.93014,129.0249,5.767616,0.02161757,0.05367599,-0.9983233,0.2494407,-0.0261552,-0.3492414,0.4295638,-0.499252,-4.772019,0.02080852,-0.1913569,2.042861,-0.6076759,0.09753844,-0.7881731,0.2493533,0.9656765,-0.07274459,0.7540249,-0.2407386,-0.6111398,moving,-50.59432,31.61593,0.5835927,-5.351338
05/11/2023 13:10:24.108022,4343,True,True,True,True,Eyes,0.1537262,0.1635147,-3.25913,0.7212294,-0.3649154,-0.5887826,0.0,0.0,0.0,0.0,0.0,0.0,0.0,-2.502344,-0.4746873,-2.08397,0.2050226,0.175788,-3.279793,0.0994017,0.8892841,-0.0921301,0.4368126,14.51891,128.4077,5.709372,0.02407973,0.05330449,-0.9982868,0.2344743,-0.02458589,-0.3282869,0.4609228,-0.5061368,-4.771241,0.01754594,-0.1934306,2.04312,-0.5986282,0.09630551,-0.7952169,0.2572799,0.9632627,-0.07701983,0.7585852,-0.2506995,-0.6014137,moving,-50.77319,31.78978,0.4920335,-5.408308
05/11/2023 13:10:24.128111,4344,True,True,True,True,Eyes,0.1567555,0.1639622,-3.260617,0.72285,-0.3661816,-0.5860025,0.0,0.0,0.0,0.0,0.0,0.0,0.0,-2.524066,-0.4707546,-2.06727,0.2149244,0.1765721,-3.284623,0.1016721,0.8866686,-0.09260604,0.4414814,14.71401,127.8172,5.846979,0.02637797,0.0529806,-0.9982461,0.2204058,-0.02311074,-0.3085897,0.4912442,-0.5265411,-4.765341,0.01425141,-0.1955247,2.043382,-0.589514,0.09853118,-0.8017263,0.2620666,0.9621738,-0.07444904,0.7640646,-0.2539944,-0.5930367,moving,-50.96889,32.00047,0.3995986,-5.465811
05/11/2023 13:10:24.138054,4345,True,True,True,True,Eyes,0.1600222,0.1644588,-3.262267,0.7246562,-0.3675096,-0.5829323,0.0,0.0,0.0,0.0,0.0,0.0,0.0,-2.55059,-0.4693132,-2.042191,0.2242615,0.1779263,-3.288518,0.1068372,0.8831707,-0.09489968,0.4467544,15.2532,127.1634,6.183414,0.02853678,0.05270009,-0.9982016,0.2071815,-0.02172409,-0.2900743,0.522378,-0.5338236,-4.763362,0.0110091,-0.1975856,2.04364,-0.5779927,0.1039172,-0.8093984,0.2735046,0.9591597,-0.07216531,0.7688431,-0.2630852,-0.5828093,moving,-51.1859,32.22938,0.3086497,-5.522376
05/11/2023 13:10:24.158100,4346,True,True,True,True,Eyes,0.1635471,0.1650161,-3.264031,0.7268198,-0.3685157,-0.579594,0.0,0.0,0.0,0.0,0.0,0.0,0.0,-2.581365,-0.4518363,-2.016427,0.23365,0.1794894,-3.293444,0.1099298,0.8796012,-0.09371988,0.4532482,15.33862,126.3472,6.45582,0.03057673,0.05245991,-0.9981539,0.1947506,-0.02042065,-0.2726699,0.551021,-0.5466737,-4.758546,0.007953227,-0.199528,2.043881,-0.5649632,0.108432,-0.8179604,0.2783454,0.9582641,-0.06522128,0.77675,-0.2645232,-0.5715653,moving,-51.42979,32.44889,0.2229503,-5.575666
05/11/2023 13:10:24.178087,4347,True,True,True,True,Eyes,0.1673032,0.1655676,-3.265928,0.7292435,-0.3692735,-0.5760565,0.0,0.0,0.0,0.0,0.0,0.0,0.0,-2.611486,-0.4234981,-1.993439,0.2432358,0.1811641,-3.298639,0.109469,0.8764734,-0.08912365,0.4602911,14.89238,125.4404,6.526666,0.03251749,0.05225765,-0.9981033,0.1830655,-0.01919541,-0.2563097,0.5840918,-0.5463295,-4.757546,0.004634082,-0.2016378,2.044146,-0.5522975,0.1098476,-0.8263783,0.2739389,0.9601471,-0.05545385,0.7873533,-0.2570042,-0.5603784,moving,-51.69348,32.66137,0.1298894,-5.633523
05/11/2023 13:10:24.188475,4348,True,True,True,True,Eyes,0.1712811,0.1661245,-3.267939,0.7318859,-0.3699211,-0.5722772,0.0,0.0,0.0,0.0,0.0,0.0,0.0,-2.638599,-0.4071869,-1.970668,0.2524478,0.1815139,-3.303765,0.1074537,0.8735715,-0.08598882,0.4668328,14.51068,124.5724,6.372543,0.03437549,0.05208915,-0.9980498,0.1720816,-0.01804369,-0.2409311,0.6192623,-0.5424855,-4.755742,0.001726806,-0.2034855,2.044376,-0.5410419,0.1074521,-0.8341029,0.2680217,0.9621193,-0.04990892,0.7971438,-0.2505605,-0.5493463,moving,-51.97739,32.8787,0.04839553,-5.684172
05/11/2023 13:10:24.208661,4349,True,True,True,True,Eyes,0.1754855,0.166666,-3.27004,0.7346554,-0.3704544,-0.5683705,0.0,0.0,0.0,0.0,0.0,0.0,0.0,-2.661969,-0.4020281,-1.949532,0.2616435,0.1821888,-3.308584,0.1062457,0.870831,-0.08491006,0.4723939,14.37482,123.8277,6.212126,0.03616569,0.05195096,-0.9979937,0.1617567,-0.01696106,-0.2264752,0.6514674,-0.5506188,-4.749617,-0.00164777,-0.2056303,2.044643,-0.5311121,0.104822,-0.8407928,0.265266,0.9630042,-0.04750503,0.8047076,-0.2482642,-0.539269,moving,-52.27246,33.09564,-0.04617444,-5.742941
05/11/2023 13:10:24.228580,4350,True,True,True,True,Eyes,0.1798584,0.1671762,-3.27224,0.7376066,-0.3709696,-0.5641969,0.0,0.0,0.0,0.0,0.0,0.0,0.0,-2.687686,-0.3787276,-1.928399,0.2708386,0.1824041,-3.313487,0.106582,0.8678232,-0.08164361,0.4783908,14.10384,123.0516,6.326574,0.03790125,0.05183943,-0.9979352,0.1520513,-0.0159434,-0.2128867,0.6828113,-0.5401969,-4.751134,-0.004667401,-0.2075499,2.044883,-0.5195651,0.1068735,-0.8477205,0.2631037,0.9639492,-0.03972873,0.8129136,-0.2436801,-0.5289531,moving,-52.58755,33.32564,-0.1307761,-5.795515
05/11/2023 13:10:24.238367,4351,True,True,True,True,Eyes,0.1843946,0.167691,-3.27453,0.7404924,-0.3718878,-0.559795,0.0,0.0,0.0,0.0,0.0,0.0,0.0,-2.715431,-0.3632045,-1.901469,0.2791584,0.1821532,-3.318125,0.1078148,0.8643323,-0.08030412,0.4846206,14.08242,122.2368,6.425124,0.03959247,0.05175077,-0.9978742,0.1429282,-0.0149868,-0.2001135,0.7123466,-0.5370528,-4.749526,-0.007942736,-0.2096319,2.045142,-0.5070377,0.1085416,-0.8550623,0.2642097,0.9638544,-0.03432028,0.8204304,-0.2433175,-0.5173883,moving,-52.91157,33.59722,-0.222519,-5.852513
05/11/2023 13:10:24.263895,4352,True,True,True,True,Eyes,0.1890922,0.1682035,-3.276923,0.7434817,-0.3728375,-0.5551821,0.0,0.0,0.0,0.0,0.0,0.0,0.0,-2.741779,-0.3746336,-1.87097,0.287412,0.1829206,-3.322975,0.1103724,0.86059,-0.08392088,0.4900616,14.63269,121.503,6.391922,0.04124823,0.05168265,-0.9978107,0.1343525,-0.01408759,-0.1881067,0.7428447,-0.5363669,-4.746006,-0.01141697,-0.2118401,2.045417,-0.4953156,0.1077179,-0.8620092,0.2722235,0.9615505,-0.03626444,0.8249589,-0.2526215,-0.5055942,moving,-53.2501,33.88369,-0.3198065,-5.912937
05/11/2023 13:10:24.279621,4353,True,True,True,True,Eyes,0.1939229,0.1687075,-3.279384,0.7464122,-0.3739791,-0.5504621,0.0,0.0,0.0,0.0,0.0,0.0,0.0,-2.764739,-0.3710648,-1.847917,0.2959099,0.183394,-3.327924,0.11103,0.8575448,-0.08405402,0.4952011,14.72171,120.813,6.362413,0.04287696,0.05163274,-0.9977446,0.1262914,-0.01324233,-0.1768203,0.776415,-0.5221182,-4.746842,-0.01430178,-0.2136738,2.045647,-0.4848962,0.107179,-0.8679793,0.2736736,0.9612146,-0.03419585,0.8306492,-0.2541245,-0.4954213,moving,-53.59206,34.19184,-0.4005668,-5.963088
05/11/2023 13:10:24.288309,4354,True,True,True,True,Eyes,0.1988929,0.1691983,-3.281919,0.749357,-0.3752944,-0.545544,0.0,0.0,0.0,0.0,0.0,0.0,0.0,-2.785268,-0.3756216,-1.825424,0.3037087,0.1838034,-3.332411,0.1123071,0.8546221,-0.08581675,0.4996436,15.00532,120.2079,6.312654,0.044485,0.05159882,-0.997676,0.1187139,-0.01244779,-0.1662111,0.8086488,-0.5215576,-4.741251,-0.01751518,-0.2157162,2.045902,-0.4754866,0.1062046,-0.8732886,0.2777158,0.9600452,-0.03445473,0.8347373,-0.2589088,-0.4859833,moving,-53.94478,34.52514,-0.4905032,-6.018923
05/11/2023 13:10:24.314107,4355,True,True,True,True,Eyes,0.3265923,0.181099,-3.346409,0.8162581,-0.4035084,-0.413405,0.0,0.0,0.0,0.0,0.0,0.0,0.0,-2.80549,-0.3832067,-1.802187,0.3119723,0.1840274,-3.33681,0.1134973,0.8516192,-0.08807797,0.5040888,15.33387,119.5942,6.221519,0.0460779,0.05157876,-0.9976048,0.1115911,-0.01170093,-0.1562384,0.8397903,-0.5297037,-4.732363,-0.02080345,-0.2178063,2.046164,-0.466026,0.1045148,-0.8785766,0.2821113,0.9587213,-0.03559231,0.8385901,-0.2644432,-0.4762737,moving,-63.13945,44.30592,-0.582509,-6.076037
05/11/2023 13:10:24.328256,4356,True,True,True,True,Eyes,0.3269121,0.1811165,-3.346568,0.8163972,-0.4036872,-0.4129554,0.0,0.0,0.0,0.0,0.0,0.0,0.0,-2.826774,-0.3808911,-1.778801,0.320016,0.1842738,-3.341182,0.1137763,0.8486249,-0.088294,0.5090137,15.40762,118.9207,6.146389,0.05208213,0.05181535,-0.9972971,0.4879936,0.02470303,-0.3403343,0.8714188,-0.5337351,-4.724017,-0.02385747,-0.2197475,2.046406,-0.4559201,0.103221,-0.8840148,0.2829925,0.9585183,-0.03402964,0.8438318,-0.2656843,-0.4662185,moving,-63.1685,44.34977,-0.6679372,-6.12906
05/11/2023 13:10:24.338636,4357,True,True,True,True,Eyes,0.3275846,0.1811547,-3.346843,0.8169205,-0.4039555,-0.4116562,0.0,0.0,0.0,0.0,0.0,0.0,0.0,-2.849315,-0.3854561,-1.750805,0.3279616,0.1847553,-3.345264,0.1148543,0.8452067,-0.09011296,0.5141147,15.68954,118.2127,6.0515,0.05710926,0.05202281,-0.9970111,0.458714,0.02322085,-0.3199143,0.8997389,-0.5528893,-4.709683,-0.02702415,-0.2217603,2.046657,-0.4449894,0.1014944,-0.8897661,0.286808,0.9573763,-0.03423158,0.8483667,-0.2704247,-0.4551317,moving,-63.25591,44.45905,-0.756492,-6.184012
05/11/2023 13:10:24.363963,4358,True,True,True,True,Eyes,0.3285661,0.1811932,-3.347276,0.8176834,-0.4041365,-0.4099605,0.0,0.0,0.0,0.0,0.0,0.0,0.0,-2.872216,-0.3840265,-1.723761,0.3364009,0.1854983,-3.349758,0.1142938,0.8419155,-0.09007004,0.519618,15.69051,117.4481,5.893137,0.06134058,0.05220574,-0.9967502,0.4311912,0.0218276,-0.3007194,0.9296835,-0.5632176,-4.698315,-0.03029871,-0.2238417,2.046917,-0.4338685,0.09884748,-0.8955376,0.2860555,0.9576486,-0.03288445,0.8543598,-0.2704409,-0.4437693,moving,-63.37226,44.59011,-0.8480371,-6.240814
05/11/2023 13:10:24.378508,4359,True,True,True,True,Eyes,0.3298444,0.1812329,-3.347867,0.8187507,-0.404453,-0.4075108,0.0,0.0,0.0,0.0,0.0,0.0,0.0,-2.895375,-0.3764215,-1.696599,0.3447421,0.1855253,-3.354111,0.1133882,0.8385899,-0.08895686,0.525354,15.56519,116.656,5.76142,0.06496565,0.05236776,-0.9965119,0.4053197,0.02051794,-0.2826762,0.9584029,-0.5725965,-4.686918,-0.03350735,-0.2258813,2.047171,-0.4222927,0.09670477,-0.9012865,0.2836401,0.9584596,-0.0300587,0.8609399,-0.2683345,-0.4321799,moving,-63.53943,44.78423,-0.9377124,-6.296446
05/11/2023 13:10:24.388339,4360,True,True,True,True,Eyes,0.3314223,0.1812765,-3.348614,0.8200487,-0.4046717,-0.4046739,0.0,0.0,0.0,0.0,0.0,0.0,0.0,-2.919638,-0.3709178,-1.666495,0.3531313,0.1856059,-3.358559,0.1135899,0.8348994,-0.08880422,0.5311818,15.60233,115.848,5.680269,0.06826353,0.05251308,-0.9962838,0.3810005,0.01928687,-0.2657157,0.9829798,-0.5924074,-4.67262,-0.03672087,-0.2279237,2.047426,-0.4098864,0.09532994,-0.9071413,0.2840147,0.9584223,-0.02761138,0.8667923,-0.268959,-0.4199194,moving,-63.7348,44.99984,-1.027498,-6.35213
05/11/2023 13:10:24.415450,4361,True,True,True,True,Eyes,0.3332843,0.1813005,-3.349486,0.8216296,-0.40488,-0.4012443,0.0,0.0,0.0,0.0,0.0,0.0,0.0,-2.944552,-0.3605852,-1.6359,0.3618496,0.1858657,-3.363196,0.1128721,0.831165,-0.08736292,0.5373942,15.45846,114.9882,5.580959,0.07127519,0.0526433,-0.9960659,0.3581405,0.01812965,-0.2497727,1.010481,-0.5942066,-4.665036,-0.03995246,-0.2299779,2.047682,-0.396935,0.09373397,-0.9130482,0.2815273,0.9592552,-0.02391239,0.8736049,-0.2665396,-0.4071506,moving,-63.97135,45.25841,-1.11776,-6.408113
05/11/2023 13:10:24.430072,4362,True,True,True,True,Eyes,0.3354249,0.181313,-3.350511,0.8233703,-0.4050635,-0.397473,0.0,0.0,0.0,0.0,0.0,0.0,0.0,-2.968066,-0.3502973,-1.606172,0.3703126,0.185448,-3.367549,0.1120912,0.8275262,-0.08597227,0.5433643,15.31356,114.1583,5.47884,0.07403733,0.05275919,-0.9958584,0.3366521,0.01704188,-0.2347864,1.037093,-0.5962777,-4.657308,-0.04323876,-0.232067,2.047941,-0.3843816,0.09208819,-0.9185699,0.2789452,0.9600887,-0.02047595,0.8800229,-0.2641013,-0.394728,moving,-64.23158,45.5419,-1.209522,-6.465021
05/11/2023 13:10:24.438253,4363,True,True,True,True,Eyes,0.3378513,0.1812963,-3.351672,0.8253043,-0.4052347,-0.3932654,0.0,0.0,0.0,0.0,0.0,0.0,0.0,-2.991134,-0.344409,-1.576443,0.3790829,0.1850391,-3.372348,0.1116068,0.8238443,-0.0854388,0.5491128,15.26869,113.3496,5.356795,0.07658286,0.05286163,-0.9956605,0.316453,0.01601936,-0.2206992,1.064049,-0.5967306,-4.650368,-0.04636163,-0.2340518,2.04819,-0.3720383,0.09006219,-0.9238379,0.2777244,0.9604883,-0.01820707,0.8856957,-0.263346,-0.3823508,moving,-64.52175,45.85878,-1.296692,-6.519056
05/11/2023 13:10:24.464301,4364,True,True,True,True,Eyes,0.3405464,0.1812546,-3.352978,0.8273365,-0.4054374,-0.3887606,0.0,0.0,0.0,0.0,0.0,0.0,0.0,-3.012911,-0.3400916,-1.54852,0.3881268,0.184369,-3.377362,0.11066,0.820336,-0.08489923,0.5546128,15.19107,112.5696,5.195159,0.07894145,0.05295088,-0.9954715,0.2974658,0.0150582,-0.2074572,1.093489,-0.5913078,-4.644481,-0.04956567,-0.2360882,2.048445,-0.360318,0.08738443,-0.9287275,0.2757292,0.9610929,-0.01654485,0.8911477,-0.2620387,-0.3703936,moving,-64.83144,46.20293,-1.3861,-6.57447
05/11/2023 13:10:24.478150,4365,True,True,True,True,Eyes,0.3435115,0.1811777,-3.354404,0.8294289,-0.4057888,-0.3839052,0.0,0.0,0.0,0.0,0.0,0.0,0.0,-3.03353,-0.3419384,-1.520466,0.3972396,0.1837306,-3.382232,0.1100267,0.8168281,-0.0855225,0.5597962,15.24217,111.8207,4.994369,0.08113894,0.0530273,-0.9952908,0.2796178,0.01415471,-0.1950098,1.12304,-0.5925882,-4.634591,-0.05278111,-0.2381319,2.0487,-0.3490444,0.08399541,-0.9333341,0.2754961,0.9611601,-0.01652931,0.895695,-0.2628994,-0.358628,moving,-65.16271,46.58735,-1.475798,-6.63006
05/11/2023 13:10:24.488419,4366,True,True,True,True,Eyes,0.3467298,0.1810584,-3.355969,0.8315797,-0.4061788,-0.3788061,0.0,0.0,0.0,0.0,0.0,0.0,0.0,-3.053812,-0.3411987,-1.493308,0.4064445,0.1829106,-3.387255,0.1100898,0.8133065,-0.08609356,0.5648017,15.33123,111.0993,4.866889,0.08319914,0.05309093,-0.9951172,0.2628407,0.01330543,-0.1833092,1.153293,-0.5927492,-4.624838,-0.05599892,-0.2401775,2.048955,-0.3377588,0.08182194,-0.9376697,0.2763251,0.9609362,-0.01568305,0.8997576,-0.2643987,-0.3471741,moving,-65.50951,46.99712,-1.565531,-6.685673
05/11/2023 13:10:24.508373,4367,True,True,True,True,Eyes,0.3501874,0.1808959,-3.35769,0.8337531,-0.4068029,-0.373319,0.0,0.0,0.0,0.0,0.0,0.0,0.0,-3.07383,-0.3369548,-1.466749,0.4157256,0.1817805,-3.392263,0.1104154,0.8097764,-0.08626282,0.5697627,15.39835,110.3873,4.791101,0.08514263,0.05314158,-0.9949501,0.2470703,0.0125071,-0.1723107,1.183309,-0.5916741,-4.615604,-0.05925393,-0.2422463,2.049214,-0.3263581,0.08052485,-0.9418101,0.2771222,0.9607344,-0.01388608,0.9037112,-0.2655283,-0.3358587,moving,-65.8792,47.4577,-1.656272,-6.741889
05/11/2023 13:10:24.528186,4368,True,True,True,True,Eyes,0.353893,0.1807016,-3.359549,0.8359551,-0.4074962,-0.3675946,0.0,0.0,0.0,0.0,0.0,0.0,0.0,-3.094292,-0.3367541,-1.437926,0.4250684,0.1805996,-3.397407,0.1111415,0.806016,-0.08738276,0.5747612,15.58237,109.6572,4.687367,0.08698778,0.053179,-0.9947885,0.2322461,0.01175667,-0.161972,1.21249,-0.5945451,-4.604475,-0.06231302,-0.2441906,2.049457,-0.3145947,0.07871527,-0.945957,0.2796121,0.9600236,-0.0131041,0.9071096,-0.2686234,-0.3240282,moving,-66.26347,47.94698,-1.741522,-6.7947
05/11/2023 13:10:24.538577,4369,True,True,True,True,Eyes,0.3578439,0.1804733,-3.361573,0.8382244,-0.4082955,-0.3614895,0.0,0.0,0.0,0.0,0.0,0.0,0.0,-3.114772,-0.3328892,-1.409549,0.4347165,0.1796604,-3.402674,0.1119393,0.8022315,-0.08788629,0.5798019,15.7128,108.9251,4.629093,0.08875097,0.05320336,-0.9946315,0.2183113,0.01105127,-0.1522537,1.241456,-0.5976077,-4.593216,-0.06543624,-0.2461759,2.049705,-0.3025987,0.07768922,-0.9499466,0.2815158,0.9594911,-0.01120503,0.9105948,-0.2708156,-0.3122115,moving,-66.67158,48.47953,-1.828531,-6.848598
05/11/2023 13:10:24.564434,4370,True,True,True,True,Eyes,0.3620378,0.1801991,-3.363743,0.8405431,-0.4090542,-0.3551928,0.0,0.0,0.0,0.0,0.0,0.0,0.0,-3.135362,-0.3218158,-1.382918,0.4446612,0.178598,-3.408358,0.1123906,0.798538,-0.08698609,0.5849262,15.6883,108.1931,4.631296,0.09044708,0.05321468,-0.9944781,0.2052126,0.0103882,-0.1431185,1.268396,-0.6045665,-4.58128,-0.06873059,-0.2482699,2.049966,-0.2904591,0.07773545,-0.9537245,0.2812572,0.9596035,-0.007442977,0.9146188,-0.2704038,-0.3005893,moving,-67.09228,49.03134,-1.920275,-6.905419
05/11/2023 13:10:24.578586,4371,True,True,True,True,Eyes,0.3664604,0.179877,-3.366091,0.8429565,-0.4099644,-0.3483582,0.0,0.0,0.0,0.0,0.0,0.0,0.0,-3.155244,-0.3124755,-1.356966,0.4546673,0.1772155,-3.414152,0.112538,0.7949277,-0.08623546,0.5899058,15.65686,107.4751,4.59728,0.09208919,0.05321267,-0.9943275,0.1928999,0.009764905,-0.1345314,1.295188,-0.608545,-4.571006,-0.07186395,-0.2502612,2.050214,-0.278693,0.07717761,-0.9572743,0.2806607,0.9597973,-0.004328232,0.9184552,-0.2698756,-0.2891495,moving,-67.54677,49.64452,-2.007505,-6.959432
05/11/2023 13:10:24.598687,4372,True,True,True,True,Eyes,0.3711134,0.179497,-3.368587,0.8453881,-0.4108321,-0.3413737,0.0,0.0,0.0,0.0,0.0,0.0,0.0,-3.174798,-0.3076895,-1.330487,0.4647685,0.1756854,-3.420136,0.1125816,0.7912904,-0.08621038,0.5947714,15.68542,106.7603,4.504845,0.09368912,0.05319694,-0.9941789,0.1813259,0.009179011,-0.1264595,1.322246,-0.6086767,-4.562435,-0.07502961,-0.2522738,2.050466,-0.2671452,0.07561852,-0.9606851,0.2807204,0.9597863,-0.002514256,0.9218622,-0.2703555,-0.2776299,moving,-68.01079,50.2757,-2.095604,-7.013992
05/11/2023 13:10:24.608701,4373,True,True,True,True,Eyes,0.3759845,0.1790697,-3.371259,0.8478438,-0.4118183,-0.3340156,0.0,0.0,0.0,0.0,0.0,0.0,0.0,-3.193467,-0.3009727,-1.306222,0.4749215,0.173912,-3.426257,0.1124913,0.7878432,-0.08577253,0.5994098,15.6647,106.0806,4.433163,0.09525622,0.05316694,-0.9940315,0.1704463,0.008628271,-0.1188719,1.346808,-0.6135172,-4.553621,-0.07837552,-0.2544007,2.05073,-0.2561075,0.07442521,-0.9637792,0.2800768,0.9599776,-0.0002938172,0.9251845,-0.2700073,-0.2667022,moving,-68.4976,50.95535,-2.188685,-7.071629
05/11/2023 13:10:24.628320,4374,True,True,True,True,Eyes,0.3810827,0.1786224,-3.374079,0.8502327,-0.4129001,-0.3265237,0.0,0.0,0.0,0.0,0.0,0.0,0.0,-3.21224,-0.2947284,-1.281518,0.4851879,0.1723122,-3.43257,0.1134405,0.784259,-0.08598991,0.6038833,15.77654,105.4191,4.41485,0.09680003,0.05312241,-0.9938848,0.1602196,0.008110574,-0.1117396,1.371063,-0.6166325,-4.545797,-0.08156037,-0.2564248,2.050982,-0.2449126,0.07407767,-0.9667113,0.2817892,0.959474,0.002132913,0.9276923,-0.2718863,-0.2558616,moving,-68.9912,51.66286,-2.277253,-7.126448
05/11/2023 13:10:24.638194,4375,True,True,True,True,Eyes,0.5138091,0.1659683,-3.448959,0.8951171,-0.4284382,-0.1233131,0.0,0.0,0.0,0.0,0.0,0.0,0.0,-3.231419,-0.2892847,-1.25553,0.4957146,0.1714116,-3.439039,0.1150423,0.780487,-0.08663628,0.608358,15.97458,104.7512,4.424501,0.09832862,0.05306398,-0.9937379,0.1506064,0.00762394,-0.1050352,1.395901,-0.6193326,-4.537685,-0.08474433,-0.2584485,2.051236,-0.2333315,0.07416634,-0.9695647,0.2849899,0.9585189,0.004736857,0.9296973,-0.2752108,-0.2447894,moving,-82.1562,73.94312,-2.36576,-7.181226
05/11/2023 13:10:24.664817,4376,True,True,True,True,Eyes,0.5142008,0.1658942,-3.449229,0.8950955,-0.4286117,-0.1228669,0.0,0.0,0.0,0.0,0.0,0.0,0.0,-3.250851,-0.2784028,-1.230277,0.5061464,0.1694435,-3.4459,0.1143874,0.7769085,-0.08524293,0.6132392,15.82771,104.0364,4.36286,0.1045277,0.05238675,-0.9931409,0.5397492,-0.03079592,-0.3233735,1.420189,-0.6222164,-4.529817,-0.08795422,-0.2604888,2.051489,-0.2217063,0.07318851,-0.9723629,0.2822857,0.9592983,0.007841795,0.93336,-0.2727456,-0.2333425,moving,-82.18404,74.00439,-2.454959,-7.236434
05/11/2023 13:10:24.678558,4377,True,True,True,True,Eyes,0.5149953,0.1657802,-3.449823,0.8950521,-0.4290091,-0.1217901,0.0,0.0,0.0,0.0,0.0,0.0,0.0,-3.268913,-0.2849467,-1.20359,0.5159222,0.1676367,-3.452729,0.1151918,0.7732682,-0.08758725,0.6173458,16.12198,103.3872,4.178902,0.1096595,0.05181871,-0.9926172,0.5073643,-0.02894816,-0.3039711,1.444166,-0.6248811,-4.522561,-0.09110844,-0.2624942,2.051739,-0.2112303,0.07000513,-0.9749263,0.2862916,0.9581186,0.006769529,0.934569,-0.2776833,-0.2224256,moving,-82.25133,74.15144,-2.542576,-7.29067
05/11/2023 13:10:24.698247,4378,True,True,True,True,Eyes,0.5161722,0.1656273,-3.450685,0.8951218,-0.4292765,-0.1203274,0.0,0.0,0.0,0.0,0.0,0.0,0.0,-3.28787,-0.287493,-1.176182,0.5266395,0.1665511,-3.459922,0.1164711,0.7694073,-0.08944089,0.6216488,16.40596,102.7129,4.066433,0.1139275,0.05133932,-0.9921614,0.4769224,-0.02721127,-0.2857328,1.467971,-0.6270661,-4.515326,-0.09428865,-0.2645154,2.051992,-0.1999744,0.06802584,-0.9774367,0.2904291,0.9568696,0.007175338,0.9357676,-0.2824412,-0.2111062,moving,-82.34387,74.34167,-2.63088,-7.345301
05/11/2023 13:10:24.708197,4379,True,True,True,True,Eyes,0.5177042,0.1654557,-3.451786,0.8951907,-0.4296919,-0.1183148,0.0,0.0,0.0,0.0,0.0,0.0,0.0,-3.306759,-0.2783706,-1.151353,0.5369352,0.1654394,-3.467288,0.1154692,0.76593,-0.08797538,0.6263216,16.22485,102.0203,3.98221,0.1174991,0.05093146,-0.9917658,0.4483071,-0.0255786,-0.2685888,1.4902,-0.6329761,-4.507514,-0.0975427,-0.2665837,2.052251,-0.1887767,0.06668089,-0.9797538,0.2870844,0.9578544,0.009875744,0.9391199,-0.2794077,-0.1999636,moving,-82.47102,74.60522,-2.721198,-7.401175
05/11/2023 13:10:24.728393,4380,True,True,True,True,Eyes,0.5195994,0.1652798,-3.453149,0.8953724,-0.4299744,-0.1158892,0.0,0.0,0.0,0.0,0.0,0.0,0.0,-3.326602,-0.2823541,-1.119545,0.5468752,0.164871,-3.474641,0.1164465,0.7617632,-0.08993622,0.6309268,16.49661,101.2881,3.822583,0.1205703,0.0505755,-0.9914154,0.4214087,-0.02404388,-0.2524735,1.511532,-0.6409948,-4.498528,-0.1008478,-0.2686839,2.052512,-0.1767433,0.06392294,-0.9821791,0.2908956,0.9567034,0.009918193,0.9402881,-0.2839586,-0.1876859,moving,-82.62514,74.91575,-2.812899,-7.457892
05/11/2023 13:10:24.748157,4381,True,True,True,True,Eyes,0.5218289,0.1650929,-3.45473,0.8957027,-0.4300427,-0.1130486,0.0,0.0,0.0,0.0,0.0,0.0,0.0,-3.346503,-0.2799321,-1.089718,0.5574337,0.1645728,-3.4824,0.1147176,0.7579041,-0.08910239,0.635989,16.31873,100.516,3.617512,0.1233808,0.05024755,-0.9910862,0.3961241,-0.02260125,-0.2373251,1.53483,-0.6448303,-4.490108,-0.1039393,-0.2706495,2.052758,-0.1647157,0.06055366,-0.9844804,0.2872262,0.9578013,0.01085614,0.943594,-0.2809804,-0.1751576,moving,-82.80661,75.27146,-2.898637,-7.510939
05/11/2023 13:10:24.764498,4382,True,True,True,True,Eyes,0.5243911,0.1649621,-3.456554,0.8960352,-0.4301726,-0.1098751,0.0,0.0,0.0,0.0,0.0,0.0,0.0,-3.364946,-0.2818711,-1.062297,0.5674895,0.1641707,-3.490242,0.1122517,0.7544098,-0.08848109,0.6406532,16.10096,99.79614,3.341225,0.1259654,0.04994421,-0.9907764,0.3723567,-0.02124517,-0.2230856,1.559542,-0.6465681,-4.480834,-0.1071514,-0.2726908,2.053013,-0.1539259,0.05599619,-0.9864942,0.282739,0.9591413,0.01032683,0.9467656,-0.2773308,-0.1634691,moving,-83.00909,75.67181,-2.987685,-7.566007
05/11/2023 13:10:24.778384,4383,True,True,True,True,Eyes,0.5273103,0.164982,-3.458624,0.8964364,-0.430242,-0.1062712,0.0,0.0,0.0,0.0,0.0,0.0,0.0,-3.382444,-0.2917529,-1.035148,0.5780151,0.1654079,-3.498017,0.1117263,0.750837,-0.09004596,0.6447113,16.21737,99.13706,3.084599,0.1283549,0.04966431,-0.9904837,0.3500153,-0.01997046,-0.2097005,1.585445,-0.6450649,-4.472027,-0.1104808,-0.2748071,2.053276,-0.143729,0.05166926,-0.9882671,0.2838838,0.9588179,0.008842792,0.9480252,-0.2792821,-0.152478,moving,-83.23923,76.12547,-3.079949,-7.623073
05/11/2023 13:10:24.788232,4384,True,True,True,True,Eyes,0.5305796,0.1651052,-3.460911,0.8970422,-0.4299223,-0.1023823,0.0,0.0,0.0,0.0,0.0,0.0,0.0,-3.400731,-0.2874999,-1.009219,0.5895116,0.1689817,-3.50572,0.1109236,0.7472481,-0.08868185,0.6491931,16.05479,98.4592,3.020113,0.1305778,0.04940944,-0.9902059,0.3290144,-0.01877224,-0.1971184,1.613003,-0.6328964,-4.467439,-0.1137913,-0.2769117,2.053538,-0.1324886,0.05063162,-0.9898905,0.2809182,0.959663,0.01148698,0.9505428,-0.2765564,-0.1413677,moving,-83.48882,76.605,-3.171648,-7.67979
05/11/2023 13:10:24.813264,4385,True,True,True,True,Eyes,0.534147,0.16533,-3.463415,0.8976622,-0.4296314,-0.09807909,0.0,0.0,0.0,0.0,0.0,0.0,0.0,-3.41995,-0.2651151,-0.9837224,0.6011094,0.1714933,-3.513304,0.1082902,0.7436624,-0.08336082,0.6544391,15.40994,97.72109,3.089224,0.1326591,0.04917976,-0.9899406,0.3092735,-0.0176459,-0.1852913,1.642213,-0.6185289,-4.461984,-0.116794,-0.2788202,2.053777,-0.1199655,0.05195358,-0.9914178,0.2701719,0.9626484,0.01775411,0.9553091,-0.2657233,-0.129521,moving,-83.76456,77.14051,-3.254786,-7.731194
05/11/2023 13:10:24.828371,4386,True,True,True,True,Eyes,0.5380363,0.1656562,-3.466113,0.8982766,-0.4293888,-0.09340417,0.0,0.0,0.0,0.0,0.0,0.0,0.0,-3.44003,-0.255008,-0.949733,0.6118157,0.1740862,-3.520823,0.1076177,0.7392913,-0.08146427,0.65972,15.21529,96.92037,3.067368,0.1346209,0.04897526,-0.9896858,0.2907171,-0.01658715,-0.1741738,1.672828,-0.6060144,-4.452509,-0.1200534,-0.2808915,2.054036,-0.1063759,0.05163439,-0.9929845,0.2666088,0.963564,0.02154343,0.9579165,-0.2624467,-0.1162663,moving,-84.06364,77.72774,-3.344994,-7.786955
05/11/2023 13:10:24.838611,4387,True,True,True,True,Eyes,0.542219,0.1660688,-3.468971,0.8989431,-0.42907,-0.08831956,0.0,0.0,0.0,0.0,0.0,0.0,0.0,-3.460967,-0.2467266,-0.9108949,0.6233914,0.1768505,-3.528314,0.1084079,0.7342792,-0.08085319,0.6652403,15.2465,96.05894,3.067548,0.1364829,0.04879601,-0.9894396,0.2732741,-0.01559192,-0.1637234,1.697404,-0.6150293,-4.435166,-0.1231148,-0.2828381,2.05428,-0.09140655,0.05162978,-0.9944744,0.2667769,0.963421,0.02549698,0.9594139,-0.2629722,-0.1018365,moving,-84.3888,78.36872,-3.429686,-7.839332
05/11/2023 13:10:24.864773,4388,True,True,True,True,Eyes,0.5466514,0.1665378,-3.471987,0.899448,-0.4290861,-0.08293621,0.0,0.0,0.0,0.0,0.0,0.0,0.0,-3.479739,-0.2365769,-0.8782487,0.6345195,0.1793192,-3.535689,0.106476,0.7300812,-0.07810494,0.6704805,14.88181,95.26659,3.009266,0.1382623,0.04864169,-0.9892001,0.2568776,-0.0146564,-0.1539,1.72996,-0.5965281,-4.426072,-0.1262719,-0.2848444,2.054529,-0.07823768,0.05073656,-0.995643,0.260208,0.965125,0.0287343,0.9623778,-0.256826,-0.08871114,moving,-84.73177,79.06045,-3.516991,-7.893296
05/11/2023 13:10:24.878425,4389,True,True,True,True,Eyes,0.55133,0.1670357,-3.475184,0.8998669,-0.4292836,-0.07716823,0.0,0.0,0.0,0.0,0.0,0.0,0.0,-3.497979,-0.2395564,-0.8400068,0.6449486,0.1812174,-3.542606,0.1095043,0.7251573,-0.08093893,0.674985,15.37969,94.50232,2.945776,0.1399736,0.0485111,-0.9889658,0.241465,-0.01377702,-0.144666,1.751394,-0.6093299,-4.407411,-0.129495,-0.2868933,2.054785,-0.0648083,0.0495505,-0.9966669,0.2680808,0.9629154,0.03044057,0.9612142,-0.2652144,-0.07568846,moving,-85.09859,79.80932,-3.60608,-7.948373
05/11/2023 13:10:24.898558,4390,True,True,True,True,Eyes,0.5562204,0.1675747,-3.478504,0.9001352,-0.4297611,-0.07114744,0.0,0.0,0.0,0.0,0.0,0.0,0.0,-3.514959,-0.2403421,-0.8050485,0.6555729,0.1823622,-3.549334,0.1094235,0.7207226,-0.08145158,0.67967,15.4354,93.73718,2.795221,0.1416293,0.04840241,-0.9887354,0.2269771,-0.0129504,-0.135986,1.769032,-0.6304824,-4.387968,-0.1326693,-0.2889107,2.055037,-0.05215066,0.04700752,-0.9975323,0.2684483,0.9627843,0.03133569,0.9618815,-0.2661516,-0.06282894,moving,-85.48069,80.59988,-3.693782,-8.002572
05/11/2023 13:10:24.908254,4391,True,True,True,True,Eyes,0.5613583,0.1681888,-3.481922,0.9002202,-0.4305773,-0.06485951,0.0,0.0,0.0,0.0,0.0,0.0,0.0,-3.530487,-0.2524014,-0.769136,0.6655447,0.1839605,-3.555674,0.1112728,0.7162254,-0.08504632,0.6836715,15.9008,93.02312,2.56887,0.1432399,0.04831438,-0.9885076,0.2133585,-0.01217337,-0.1278269,1.789146,-0.6387838,-4.372898,-0.1358658,-0.2909422,2.05529,-0.04042351,0.0431053,-0.9982525,0.2756803,0.960771,0.0303234,0.9603992,-0.2739727,-0.05072102,moving,-85.87905,81.43372,-3.782058,-8.057126
05/11/2023 13:10:24.928304,4392,True,True,True,True,Eyes,0.5667266,0.168833,-3.48543,0.9004295,-0.4310653,-0.05839069,0.0,0.0,0.0,0.0,0.0,0.0,0.0,-3.545512,-0.2559641,-0.737005,0.6766162,0.1864546,-3.56185,0.1131625,0.7119347,-0.08703197,0.6875818,16.2327,92.34668,2.474017,0.1448162,0.04824684,-0.9882813,0.2005569,-0.01144297,-0.1201573,1.804894,-0.6583077,-4.352819,-0.13905,-0.2929663,2.055543,-0.02885112,0.04144548,-0.9987242,0.2808118,0.9592394,0.03169486,0.9593291,-0.2795391,-0.03931352,moving,-86.2897,82.28586,-3.869955,-8.111451
05/11/2023 13:10:24.938688,4393,True,True,True,True,Eyes,0.5722824,0.1694945,-3.488974,0.900521,-0.4317169,-0.05179173,0.0,0.0,0.0,0.0,0.0,0.0,0.0,-3.559385,-0.2486447,-0.7103543,0.687463,0.1877567,-3.567603,0.1101466,0.7084342,-0.08402785,0.6920463,15.75411,91.66847,2.367722,0.1463668,0.04819841,-0.9880551,0.1885235,-0.01075639,-0.1129478,1.828693,-0.6623465,-4.332962,-0.1421378,-0.2949294,2.055788,-0.01787945,0.03976091,-0.9990492,0.2723655,0.9616141,0.03339666,0.9620277,-0.2715095,-0.02802267,moving,-86.70837,83.1591,-3.955154,-8.164115
05/11/2023 13:10:24.964847,4394,True,True,True,True,Eyes,0.5780559,0.1701536,-3.492586,0.9006117,-0.4322792,-0.04509173,0.0,0.0,0.0,0.0,0.0,0.0,0.0,-3.572988,-0.2498882,-0.6790047,0.6975093,0.1889179,-3.573167,0.1108743,0.7043579,-0.08507693,0.6959518,15.91289,91.00254,2.250964,0.1478994,0.04816753,-0.9878284,0.1772121,-0.01011101,-0.106171,1.860972,-0.6483161,-4.314255,-0.1453054,-0.2969423,2.056039,-0.006716303,0.03777154,-0.9992639,0.2746093,0.9609376,0.03447716,0.9615325,-0.2741756,-0.01682633,moving,-87.13371,84.04492,-4.042514,-8.218086
05/11/2023 13:10:24.978355,4395,True,True,True,True,Eyes,0.5840049,0.1708054,-3.496221,0.9007302,-0.4326863,-0.03831039,0.0,0.0,0.0,0.0,0.0,0.0,0.0,-3.585702,-0.2392718,-0.6548958,0.7084879,0.1895039,-3.578481,0.1108192,0.7008414,-0.08355734,0.6996847,15.79509,90.41199,2.287441,0.1494205,0.04815222,-0.9876002,0.1665794,-0.009504348,-0.09980071,1.891865,-0.6373902,-4.294514,-0.1486001,-0.2990368,2.0563,0.003679076,0.03840572,-0.9992554,0.2722609,0.9614745,0.03795605,0.9622164,-0.2721978,-0.006918983,moving,-87.56453,84.94018,-4.133338,-8.274217
05/11/2023 13:10:24.988583,4396,True,True,True,True,Eyes,0.5901352,0.1714634,-3.499892,0.9007481,-0.4331979,-0.0315022,0.0,0.0,0.0,0.0,0.0,0.0,0.0,-3.596807,-0.2296658,-0.6355155,0.7186489,0.1899956,-3.583446,0.1100654,0.6979237,-0.08164863,0.7029379,15.58736,89.90624,2.311365,0.1509364,0.04815058,-0.9873697,0.1565846,-0.008934087,-0.09381267,1.91732,-0.6342123,-4.275699,-0.1517838,-0.3010603,2.056553,0.01247212,0.03884671,-0.9991673,0.2684224,0.9624382,0.04076931,0.9632205,-0.2687073,0.001576324,moving,-87.99699,85.84077,-4.221059,-8.328413
05/11/2023 13:10:25.008084,4397,True,True,True,True,Eyes,0.5964749,0.1721341,-3.503559,0.9008559,-0.4334179,-0.02464614,0.0,0.0,0.0,0.0,0.0,0.0,0.0,-3.607828,-0.2205434,-0.6143684,0.7291121,0.1906885,-3.588111,0.1120253,0.6946245,-0.08167248,0.7058873,15.76056,89.41095,2.401583,0.1524517,0.04816132,-0.9871364,0.1471896,-0.008398042,-0.08818391,1.943671,-0.6276132,-4.257923,-0.1550968,-0.3031659,2.056816,0.02165271,0.04032791,-0.9989519,0.2709342,0.9615598,0.04469103,0.9623544,-0.2716179,0.009894179,moving,-88.43286,86.74541,-4.312301,-8.384781
05/11/2023 13:10:25.028222,4398,True,True,True,True,Eyes,0.602968,0.1727783,-3.507241,0.9009342,-0.4335913,-0.01777603,0.0,0.0,0.0,0.0,0.0,0.0,0.0,-3.617144,-0.2018001,-0.6040249,0.7404683,0.1916445,-3.592253,0.1104817,0.6924635,-0.07741442,0.7087278,15.29663,89.01532,2.571559,0.1539715,0.04818345,-0.9868994,0.1383582,-0.007894159,-0.08289287,1.966496,-0.6297733,-4.236538,-0.158372,-0.3052477,2.057075,0.02900269,0.04327758,-0.998642,0.2627406,0.9636016,0.0493896,0.9644305,-0.2638162,0.01657625,moving,-88.86966,87.65235,-4.402458,-8.440485
05/11/2023 13:10:25.038183,4399,True,True,True,True,Eyes,0.6096318,0.1734009,-3.510924,0.900878,-0.4339395,-0.0107445,0.0,0.0,0.0,0.0,0.0,0.0,0.0,-3.626725,-0.1933476,-0.5860243,0.7506715,0.1917783,-3.596339,0.1106438,0.6896177,-0.07634429,0.7115877,15.23403,88.55264,2.610908,0.1554991,0.04821501,-0.9866583,0.1300567,-0.00742051,-0.0779193,1.980958,-0.6495901,-4.212826,-0.1614566,-0.3072081,2.05732,0.03719803,0.04395247,-0.9983409,0.2612551,0.963859,0.05216871,0.9645528,-0.2627622,0.02437086,moving,-89.31668,88.58163,-4.487324,-8.492906
05/11/2023 13:10:25.058801,4400,True,True,True,True,Eyes,0.6164555,0.1740182,-3.514596,0.900777,-0.4342662,-0.003677964,0.0,0.0,0.0,0.0,0.0,0.0,0.0,-3.635767,-0.1931101,-0.5655332,0.7614478,0.1919159,-3.5999,0.1116702,0.6864807,-0.07725377,0.7143571,15.40327,88.06528,2.553104,0.1570385,0.04825437,-0.9864126,0.1222533,-0.006975279,-0.07324414,2.00026,-0.6544186,-4.193756,-0.1647049,-0.309274,2.057578,0.04555237,0.04294527,-0.9980384,0.2636923,0.9631233,0.05347829,0.9635307,-0.2656112,0.03254817,moving,-89.76605,89.51476,-4.576651,-8.548122
05/11/2023 13:10:25.078485,4401,True,True,True,True,Eyes,0.6234314,0.1746159,-3.518242,0.9005211,-0.4347982,0.003520322,0.0,0.0,0.0,0.0,0.0,0.0,0.0,-3.644156,-0.1973233,-0.5465605,0.7721127,0.1924068,-3.603382,0.1111415,0.6836555,-0.07772744,0.7170923,15.40707,87.59079,2.407063,0.1585917,0.04830052,-0.9861618,0.1149181,-0.006556762,-0.06884949,2.014825,-0.665663,-4.175155,-0.1678712,-0.3112856,2.057827,0.05314719,0.0404895,-0.9977655,0.2634405,0.963212,0.05311981,0.9632106,-0.265675,0.04052546,moving,89.77602,-89.53612,-4.663687,-8.601866
05/11/2023 13:10:25.088127,4402,True,True,True,True,Eyes,0.6305523,0.1751813,-3.521838,0.900204,-0.4353357,0.01075618,0.0,0.0,0.0,0.0,0.0,0.0,0.0,-3.65185,-0.2015829,-0.5269544,0.7827601,0.1925834,-3.606178,0.1123483,0.6806423,-0.07947069,0.7195752,15.65643,87.13026,2.295532,0.1601617,0.04835222,-0.9859055,0.108023,-0.006163357,-0.06471852,2.029275,-0.6786562,-4.155367,-0.1713053,-0.3134683,2.058101,0.06082096,0.03856779,-0.9974034,0.2673083,0.9621246,0.05350392,0.9616898,-0.2698683,0.0482078,moving,89.31543,-88.58464,-4.758026,-8.660133
05/11/2023 13:10:25.108660,4403,True,True,True,True,Eyes,0.8115103,0.188155,-3.610349,0.8715566,-0.4494172,0.195993,2.101088,2.642727,-0.7561099,-3.19855,-0.6822891,0.5722741,0.4549548,-0.3159054,-0.3949349,2.057225,0.7933686,0.1923848,-3.608642,0.1118339,0.6777758,-0.08077039,0.7222115,15.7252,86.65129,2.079616,0.1617502,0.04840799,-0.9856433,0.1015416,-0.005793555,-0.06083541,2.047131,-0.6828854,-4.13599,-0.1743126,-0.3153803,2.05834,0.06819234,0.03493004,-0.9970605,0.2682632,0.9619386,0.05204705,0.9609291,-0.2710239,0.05622642,moving,77.32632,-66.43776,-4.840601,-8.711152
05/11/2023 13:10:25.128571,4404,True,True,True,True,Eyes,0.8119259,0.1881318,-3.610422,0.8713602,-0.4496683,0.1962903,0.0,0.0,0.0,0.0,0.0,0.0,0.0,-3.665524,-0.2228698,-0.4829266,0.803465,0.1918763,-3.61062,0.1138232,0.6743444,-0.08468674,0.7246602,16.21141,86.14203,1.836542,0.1699248,0.048705,-0.9842523,0.6383232,0.03347497,-0.3227168,2.062369,-0.6938654,-4.113355,-0.1775468,-0.3174357,2.058597,0.07617573,0.03077392,-0.9966196,0.2762503,0.9597449,0.05075028,0.9580623,-0.2791824,0.0646079,moving,77.30495,-66.41766,-4.929363,-8.765969
05/11/2023 13:10:25.148091,4405,True,True,True,True,Eyes,0.8127359,0.1880984,-3.610528,0.8710189,-0.4500168,0.1970052,0.0,0.0,0.0,0.0,0.0,0.0,0.0,-3.672295,-0.2263033,-0.4608197,0.8138866,0.1913557,-3.612518,0.1162494,0.6709867,-0.08733323,0.7270735,16.63314,85.65896,1.734901,0.1766365,0.04895499,-0.9830576,0.6000239,0.03146647,-0.3033538,2.082438,-0.6951139,-4.091032,-0.180759,-0.3194772,2.058852,0.08429938,0.02900834,-0.9960182,0.282999,0.957718,0.0518449,0.9554085,-0.2862427,0.07252569,moving,77.25539,-66.3575,-5.017476,-8.820384
05/11/2023 13:10:25.165379,4406,True,True,True,True,Eyes,0.8139417,0.1880694,-3.610686,0.8705403,-0.4505304,0.1979446,0.0,0.0,0.0,0.0,0.0,0.0,0.0,-3.678879,-0.2220504,-0.4404829,0.8242733,0.1911817,-3.61407,0.1187724,0.6677254,-0.08870522,0.729498,16.96275,85.19793,1.749051,0.182164,0.04916579,-0.9820378,0.5640224,0.02957848,-0.2851526,2.104011,-0.6929796,-4.068515,-0.1840004,-0.3215381,2.059109,0.09254836,0.02919408,-0.9952801,0.2880352,0.956049,0.05482693,0.9531373,-0.2917498,0.08007184,moving,77.18982,-66.28128,-5.106346,-8.87529
05/11/2023 13:10:25.178369,4407,True,True,True,True,Eyes,0.8155459,0.1880502,-3.610865,0.8700641,-0.4509149,0.1991586,0.0,0.0,0.0,0.0,0.0,0.0,0.0,-3.68547,-0.2132899,-0.4213972,0.8350027,0.1912948,-3.615512,0.1213484,0.6645031,-0.08930479,0.7319392,17.23706,84.74828,1.832494,0.186736,0.04934401,-0.9811698,0.5301811,0.02780377,-0.2680434,2.122989,-0.6962101,-4.044614,-0.1871552,-0.3235438,2.059359,0.1009206,0.03054141,-0.9944257,0.2920041,0.9545985,0.05895266,0.9510777,-0.2963259,0.08742041,moving,77.10705,-66.17007,-5.192796,-8.928697
05/11/2023 13:10:25.188066,4408,True,True,True,True,Eyes,0.8175427,0.1880242,-3.611065,0.8696316,-0.4511297,0.2005566,0.0,0.0,0.0,0.0,0.0,0.0,0.0,-3.691297,-0.2018197,-0.4065437,0.8462037,0.1915106,-3.616482,0.1215391,0.6618011,-0.0876486,0.7345511,17.13147,84.32518,1.925226,0.1905408,0.04949519,-0.9804304,0.4983702,0.02613555,-0.2519608,2.145007,-0.6931836,-4.020271,-0.1902533,-0.3255129,2.059605,0.108674,0.03210466,-0.9935589,0.2896341,0.955092,0.06254144,0.9509479,-0.2945652,0.09449501,moving,77.01337,-66.03174,-5.277645,-8.981099
05/11/2023 13:10:25.213883,4409,True,True,True,True,Eyes,0.8199114,0.1879698,-3.611198,0.8693237,-0.450989,0.2022005,0.0,0.0,0.0,0.0,0.0,0.0,0.0,-3.696596,-0.1894795,-0.3947949,0.8576111,0.1912848,-3.61725,0.1206487,0.6594484,-0.08507616,0.7371118,16.86214,83.93323,2.018147,0.1937327,0.0496234,-0.9797981,0.468468,0.02456741,-0.2368432,2.166049,-0.6909063,-3.996158,-0.1935291,-0.3275943,2.059865,0.1157797,0.03370191,-0.9927031,0.2845445,0.9564119,0.06565651,0.9516457,-0.2900699,0.1011434,moving,76.9061,-65.85096,-5.367317,-9.036457
05/11/2023 13:10:25.228079,4410,True,True,True,True,Eyes,0.8226472,0.1878684,-3.611323,0.8690618,-0.4506878,0.2039903,0.0,0.0,0.0,0.0,0.0,0.0,0.0,-3.701108,-0.1779363,-0.3852654,0.8691073,0.1905809,-3.617544,0.1193279,0.6573314,-0.08234844,0.7395235,16.54403,83.57003,2.097134,0.1964791,0.0497323,-0.9792456,0.4403599,0.02309337,-0.2226326,2.185365,-0.6918072,-3.972287,-0.1967295,-0.3296289,2.060118,0.1222684,0.03507875,-0.991877,0.2786732,0.9579592,0.0682312,0.9525712,-0.284752,0.1073526,moving,76.7904,-65.64754,-5.45488,-9.090551
05/11/2023 13:10:25.238447,4411,True,True,True,True,Eyes,0.8257329,0.187708,-3.611376,0.8687732,-0.4503578,0.2059391,0.0,0.0,0.0,0.0,0.0,0.0,0.0,-3.705223,-0.1660306,-0.3765209,0.8806522,0.189314,-3.617543,0.1182144,0.6552523,-0.07978053,0.7418254,16.25673,83.21985,2.182153,0.1990193,0.04982633,-0.9787278,0.4139383,0.02170777,-0.2092746,2.204796,-0.6917164,-3.949396,-0.1998718,-0.3316265,2.060367,0.1285589,0.03655412,-0.9910281,0.273287,0.9593208,0.07083619,0.9533032,-0.2799417,0.1133395,moving,76.66441,-65.42638,-5.540806,-9.143626
05/11/2023 13:10:25.258570,4412,True,True,True,True,Eyes,0.8291621,0.187493,-3.611401,0.86844,-0.450053,0.2080004,0.0,0.0,0.0,0.0,0.0,0.0,0.0,-3.708885,-0.1543263,-0.3682365,0.8923148,0.1877882,-3.617147,0.1181115,0.6531247,-0.07798859,0.7439057,16.11702,82.88725,2.281869,0.201384,0.04990545,-0.97824,0.389102,0.0204053,-0.1967181,2.221884,-0.6957565,-3.926188,-0.2030616,-0.3336543,2.060619,0.134692,0.0382507,-0.990149,0.2703153,0.9599349,0.07385504,0.9533036,-0.2776001,0.1189557,moving,76.53079,-65.1951,-5.627984,-9.197475
05/11/2023 13:10:25.278465,4413,True,True,True,True,Eyes,0.832927,0.1872142,-3.611367,0.8680007,-0.4498476,0.2102661,0.0,0.0,0.0,0.0,0.0,0.0,0.0,-3.712549,-0.1407831,-0.3585649,0.904016,0.1862718,-3.616554,0.1190917,0.6507511,-0.07669481,0.7459613,16.11069,82.54328,2.420548,0.2035988,0.04996963,-0.9777782,0.3657559,0.01918098,-0.1849151,2.237652,-0.7014741,-3.904014,-0.2063191,-0.3357245,2.060878,0.141282,0.04057532,-0.9891376,0.2694207,0.9598702,0.07785707,0.9526027,-0.277494,0.1246805,moving,76.38287,-64.94785,-5.71696,-9.252415
05/11/2023 13:10:25.298423,4414,True,True,True,True,Eyes,0.8370221,0.1868696,-3.611288,0.8675089,-0.4496672,0.2126682,0.0,0.0,0.0,0.0,0.0,0.0,0.0,-3.716122,-0.1243603,-0.3468819,0.9159423,0.1845182,-3.615571,0.1208626,0.6480487,-0.0755723,0.7481405,16.1882,82.16894,2.600469,0.2056886,0.05001867,-0.9773381,0.3438105,0.01803012,-0.1738202,2.253167,-0.7068607,-3.882515,-0.2094974,-0.3377445,2.061132,0.1486435,0.04357225,-0.9879305,0.2697271,0.9593621,0.08289531,0.951395,-0.2787934,0.1308504,moving,76.22569,-64.68839,-5.803723,-9.305989
05/11/2023 13:10:25.308478,4415,True,True,True,True,Eyes,0.8414318,0.1864547,-3.611131,0.8668805,-0.4496526,0.2152459,0.0,0.0,0.0,0.0,0.0,0.0,0.0,-3.71935,-0.1131299,-0.3345597,0.9279785,0.1825467,-3.614391,0.1216444,0.6453812,-0.0746412,0.7504097,16.19518,81.77573,2.685304,0.2076744,0.0500523,-0.9769164,0.3231819,0.01694831,-0.1633909,2.266871,-0.7160539,-3.859726,-0.2126679,-0.3397599,2.061384,0.1558238,0.04499106,-0.9867598,0.269037,0.9592627,0.08622225,0.9504411,-0.2789103,0.1373717,moving,76.0555,-64.41985,-5.890225,-9.359415
05/11/2023 13:10:25.328365,4416,True,True,True,True,Eyes,0.8461668,0.1859669,-3.610903,0.8662186,-0.4496617,0.2178752,0.0,0.0,0.0,0.0,0.0,0.0,0.0,-3.721679,-0.1144179,-0.3242466,0.9400627,0.1804945,-3.61287,0.1221135,0.6430461,-0.07548234,0.7522517,16.3078,81.42168,2.596889,0.2095749,0.0500702,-0.9765096,0.303791,0.01593142,-0.1535875,2.281142,-0.7234126,-3.837407,-0.2159119,-0.3418214,2.061641,0.1615884,0.04348585,-0.9858999,0.2706127,0.9587814,0.086643,0.9490301,-0.2807975,0.1431601,moving,75.88158,-64.14837,-5.978688,-9.41404
05/11/2023 13:10:25.338516,4417,True,True,True,True,Eyes,0.8512043,0.1853927,-3.610569,0.8654972,-0.4497452,0.2205534,0.0,0.0,0.0,0.0,0.0,0.0,0.0,-3.723175,-0.1163654,-0.3213215,0.952645,0.1783127,-3.611023,0.122172,0.6414416,-0.07597132,0.7535615,16.35516,81.17233,2.522709,0.2114078,0.05007199,-0.9761143,0.2855635,0.01497553,-0.1443722,2.297424,-0.7258863,-3.816684,-0.219031,-0.3438044,2.061886,0.165562,0.04223427,-0.9852946,0.2712305,0.9586048,0.08666586,0.9481684,-0.2815905,0.1472533,moving,75.70367,-63.87684,-6.063704,-9.466561
05/11/2023 13:10:25.358097,4418,True,True,True,True,Eyes,0.8565292,0.1847327,-3.610148,0.864711,-0.4499325,0.2232389,0.0,0.0,0.0,0.0,0.0,0.0,0.0,-3.724146,-0.1119058,-0.3214436,0.9650633,0.175706,-3.608724,0.1222431,0.6400837,-0.0754272,0.7547586,16.32512,80.96543,2.546152,0.213188,0.05005702,-0.9757277,0.2684297,0.014077,-0.1357099,2.31354,-0.7284686,-3.796084,-0.2223395,-0.3459074,2.062149,0.1692074,0.04263302,-0.984658,0.2703503,0.9587347,0.08796869,0.9477762,-0.2810875,0.1506991,moving,75.52425,-63.61119,-6.15382,-9.522215
05/11/2023 13:10:25.378302,4419,True,True,True,True,Eyes,0.8621442,0.1840016,-3.609629,0.8638486,-0.4502192,0.2259832,0.0,0.0,0.0,0.0,0.0,0.0,0.0,-3.725185,-0.1042939,-0.3194566,0.9773237,0.1730157,-3.606222,0.1238931,0.6383633,-0.07554661,0.7559335,16.48488,80.74091,2.627688,0.2149284,0.0500247,-0.9753475,0.2523239,0.01323238,-0.1275673,2.328589,-0.7328629,-3.775224,-0.2254861,-0.347907,2.0624,0.1735701,0.04396123,-0.9838398,0.2723941,0.9578864,0.09085757,0.946401,-0.2837623,0.1542856,moving,75.33993,-63.34608,-6.239472,-9.5751
05/11/2023 13:10:25.388052,4420,True,True,True,True,Eyes,0.8680567,0.1832268,-3.609009,0.8629785,-0.4505239,0.2286839,0.0,0.0,0.0,0.0,0.0,0.0,0.0,-3.726053,-0.09344363,-0.3197882,0.9899566,0.1706153,-3.603518,0.1255428,0.6368075,-0.07502699,0.7570246,16.59672,80.54492,2.769118,0.2166409,0.04997491,-0.9749711,0.2371845,0.01243844,-0.1199133,2.34382,-0.7360033,-3.755828,-0.2287256,-0.3499663,2.062657,0.1776945,0.04629869,-0.982996,0.2734878,0.9572198,0.09452257,0.9453196,-0.2856335,0.1574305,moving,75.1581,-63.08786,-6.32761,-9.629538
05/11/2023 13:10:25.408270,4421,True,True,True,True,Eyes,0.8742543,0.1824085,-3.608262,0.8621039,-0.4508168,0.2313893,0.0,0.0,0.0,0.0,0.0,0.0,0.0,-3.726431,-0.08355457,-0.3237777,1.003031,0.1688101,-3.60049,0.1266154,0.6356407,-0.07406025,0.7579213,16.62344,80.39635,2.913268,0.2183364,0.04990826,-0.9745962,0.2229534,0.01169213,-0.1127185,2.356563,-0.7435668,-3.73682,-0.2320471,-0.3520778,2.062921,0.180952,0.04870006,-0.9822855,0.2732274,0.9569673,0.09777751,0.9447769,-0.2860804,0.1598589,moving,74.97587,-62.83009,-6.417923,-9.685327
05/11/2023 13:10:25.428443,4422,True,True,True,True,Eyes,0.8807293,0.1815444,-3.607394,0.8612993,-0.4509632,0.2340849,0.0,0.0,0.0,0.0,0.0,0.0,0.0,-3.72623,-0.07583797,-0.328779,1.016124,0.1669576,-3.596978,0.1266557,0.634672,-0.07270431,0.758857,16.5298,80.2531,3.015104,0.220025,0.04982534,-0.9742206,0.2095762,0.0109906,-0.1059554,2.36782,-0.7533036,-3.717622,-0.2353005,-0.3541455,2.063177,0.1838108,0.05042537,-0.9816675,0.2711141,0.9573448,0.09994037,0.9448339,-0.284514,0.1622993,moving,74.79536,-62.56718,-6.506337,-9.739934
05/11/2023 13:10:25.443472,4423,True,True,True,True,Eyes,0.8874551,0.1806427,-3.606347,0.8604525,-0.4511961,0.2367352,0.0,0.0,0.0,0.0,0.0,0.0,0.0,-3.725544,-0.07723314,-0.3347695,1.029256,0.1649595,-3.593206,0.1250896,0.6340152,-0.07170555,0.7597604,16.31995,80.11497,2.96605,0.2217151,0.04972663,-0.9738425,0.1970017,0.01033117,-0.09959806,2.38438,-0.7523412,-3.698466,-0.2382942,-0.3560486,2.063416,0.1857661,0.04965933,-0.9813384,0.2675754,0.9584219,0.09915137,0.9454599,-0.281001,0.1647546,moving,74.6169,-62.31475,-6.587638,-9.790154
05/11/2023 13:10:25.458377,4424,True,True,True,True,Eyes,0.8944366,0.1797066,-3.605166,0.8596223,-0.4514167,0.2393166,0.0,0.0,0.0,0.0,0.0,0.0,0.0,-3.724529,-0.08296102,-0.3409662,1.042272,0.1632574,-3.589189,0.1259727,0.6332316,-0.07303654,0.760141,16.4998,80.01215,2.899647,0.2234137,0.04961281,-0.97346,0.1851816,0.009711296,-0.09362217,2.393059,-0.7654098,-3.678715,-0.2415064,-0.3580905,2.06367,0.1873669,0.04850363,-0.9810916,0.2705759,0.9575931,0.09901589,0.9442893,-0.284012,0.1662974,moving,74.44294,-62.0699,-6.674826,-9.844011
05/11/2023 13:10:25.478685,4425,True,True,True,True,Eyes,0.901648,0.1787667,-3.603841,0.8587429,-0.4517583,0.2418163,0.0,0.0,0.0,0.0,0.0,0.0,0.0,-3.72294,-0.08519241,-0.3507679,1.055395,0.1614961,-3.584779,0.1259282,0.6328409,-0.0730854,0.760469,16.50099,79.95069,2.88309,0.2251272,0.0494846,-0.9730717,0.1740707,0.009128618,-0.08800484,2.402341,-0.777646,-3.658999,-0.2447369,-0.3601439,2.063927,0.1883419,0.04822665,-0.9809187,0.2705434,0.9576012,0.09902611,0.9441047,-0.2840318,0.167309,moving,74.27313,-61.84084,-6.762459,-9.898142
05/11/2023 13:10:25.498079,4426,True,True,True,True,Eyes,0.9091024,0.1778761,-3.602377,0.8578613,-0.4521523,0.2441972,0.0,0.0,0.0,0.0,0.0,0.0,0.0,-3.720898,-0.08970386,-0.3625636,1.068171,0.1604998,-3.5802,0.127121,0.6326229,-0.07416885,0.760347,16.68765,79.94398,2.875386,0.2268605,0.04934343,-0.9726763,0.1636264,0.008580901,-0.08272455,2.418277,-0.7747639,-3.640695,-0.2479503,-0.3621866,2.064181,0.1885746,0.04805122,-0.9808826,0.2736274,0.9566785,0.09947037,0.943169,-0.287154,0.1672571,moving,74.11057,-61.62753,-6.849575,-9.95196
05/11/2023 13:10:25.508380,4427,True,True,True,True,Eyes,0.9168083,0.1771004,-3.600763,0.8569906,-0.4525209,0.2465601,0.0,0.0,0.0,0.0,0.0,0.0,0.0,-3.718991,-0.08579189,-0.3747633,1.081467,0.1608194,-3.575369,0.1284688,0.6323178,-0.07376923,0.7604132,16.77834,79.9341,3.01007,0.2286185,0.04919199,-0.9722722,0.1538088,0.008066047,-0.07776108,2.426482,-0.7858797,-3.619001,-0.2511958,-0.364249,2.06444,0.1894647,0.05027597,-0.9805997,0.2746563,0.9561077,0.1020875,0.9426915,-0.2886699,0.16734,moving,73.94923,-61.41585,-6.937501,-10.00626
05/11/2023 13:10:25.528295,4428,True,True,True,True,Eyes,1.115234,0.1602804,-3.55718,0.8344544,-0.4605231,0.3026622,0.0,0.0,0.0,0.0,0.0,0.0,0.0,-3.717139,-0.07795754,-0.3888574,1.095263,0.1628393,-3.570475,0.1288371,0.6322311,-0.0717621,0.7606149,16.66237,79.93848,3.215897,0.2304064,0.04903449,-0.9718581,0.1445803,0.007582084,-0.07309541,2.442357,-0.781741,-3.597653,-0.2543157,-0.3662324,2.064685,0.190268,0.053743,-0.9802601,0.2720763,0.9565024,0.1052504,0.9432777,-0.2867313,0.1673696,moving,70.06395,-56.68653,-7.021985,-10.05846
05/11/2023 13:10:25.538131,4429,True,True,True,True,Eyes,1.115771,0.1603865,-3.557008,0.8343822,-0.46061,0.302729,0.0,0.0,0.0,0.0,0.0,0.0,0.0,-3.715636,-0.06774279,-0.3994453,1.108758,0.1646579,-3.565619,0.1299075,0.6317244,-0.06996845,0.7610208,16.62618,79.89626,3.448506,0.2407512,0.04819993,-0.969389,0.7311819,-0.04333275,0.06203906,2.458014,-0.7760828,-3.577642,-0.2574324,-0.3682137,2.064932,0.1920574,0.05763661,-0.9796897,0.2706264,0.9564569,0.1093231,0.943332,-0.2861262,0.1680966,moving,70.05832,-56.68569,-7.106328,-10.11058
05/11/2023 13:10:25.558258,4430,True,True,True,True,Eyes,1.116817,0.160623,-3.556649,0.834188,-0.4609019,0.3028196,0.0,0.0,0.0,0.0,0.0,0.0,0.0,-3.713779,-0.07228255,-0.4110191,1.122092,0.167291,-3.560792,0.1307477,0.6315225,-0.07020906,0.7610225,16.71918,79.88689,3.488677,0.2491595,0.04750929,-0.9672962,0.687311,-0.04073278,0.05831672,2.468225,-0.7799722,-3.558408,-0.260843,-0.3703815,2.065202,0.1925003,0.05827888,-0.9795647,0.2720015,0.9559515,0.1103267,0.9428461,-0.287681,0.168169,moving,70.04854,-56.69448,-7.198562,-10.16756
05/11/2023 13:10:25.581419,4431,True,True,True,True,Eyes,1.118354,0.1609798,-3.556146,0.8340292,-0.4609993,0.3031088,0.0,0.0,0.0,0.0,0.0,0.0,0.0,-3.712913,-0.07096824,-0.4149487,1.135404,0.1707153,-3.555932,0.1336754,0.6303096,-0.0709359,0.7614518,17.03753,79.77757,3.627047,0.2560167,0.04694177,-0.9655318,0.6460723,-0.03828882,0.05481771,2.483181,-0.7729951,-3.540614,-0.264042,-0.3724149,2.065456,0.1953557,0.06048527,-0.9788656,0.2765424,0.9541979,0.1141516,0.9409361,-0.292998,0.1696812,moving,70.02749,-56.67492,-7.285015,-10.22097
05/11/2023 13:10:25.588097,4432,True,True,True,True,Eyes,1.120317,0.1614054,-3.555483,0.8337221,-0.4612986,0.303498,0.0,0.0,0.0,0.0,0.0,0.0,0.0,-3.711736,-0.07421145,-0.4208934,1.148528,0.1738358,-3.551099,0.1317511,0.6297752,-0.06922585,0.7623862,16.74327,79.64966,3.615883,0.2616344,0.04647987,-0.964047,0.607308,-0.03599149,0.05152865,2.505389,-0.7515783,-3.522815,-0.2669758,-0.3742792,2.06569,0.1971821,0.06039347,-0.9785049,0.2715008,0.9556988,0.113697,0.9420227,-0.2880839,0.1720498,moving,69.99709,-56.65825,-7.364254,-10.26992
05/11/2023 13:10:25.613642,4433,True,True,True,True,Eyes,1.122701,0.1618986,-3.554687,0.8332985,-0.4617037,0.304045,0.0,0.0,0.0,0.0,0.0,0.0,0.0,-3.711588,-0.08141702,-0.4173825,1.160767,0.1759538,-3.546602,0.133908,0.6280377,-0.07119166,0.7632621,17.08775,79.43393,3.570213,0.266264,0.04610782,-0.9627966,0.5708695,-0.033832,0.04843693,2.51923,-0.7446865,-3.500821,-0.2702053,-0.3763318,2.065947,0.2010008,0.05952275,-0.9777809,0.2768743,0.9540008,0.1149917,0.9396484,-0.2938358,0.1752746,moving,69.95453,-56.63396,-7.451422,-10.32377
05/11/2023 13:10:25.628219,4434,True,True,True,True,Eyes,1.125463,0.1624209,-3.553775,0.8328297,-0.46213,0.304681,0.0,0.0,0.0,0.0,0.0,0.0,0.0,-3.711707,-0.08541843,-0.4151673,1.173224,0.1780538,-3.542354,0.1352964,0.6264444,-0.07212004,0.764239,17.28686,79.22398,3.559311,0.2701094,0.04581252,-0.9617389,0.5366173,-0.03180208,0.04553072,2.529785,-0.7451674,-3.476449,-0.2734392,-0.3783873,2.066204,0.2047323,0.05927744,-0.9770216,0.2797452,0.9529871,0.1164391,0.9379913,-0.2971559,0.1785246,moving,69.90555,-56.60325,-7.538657,-10.37768
05/11/2023 13:10:25.648403,4435,True,True,True,True,Eyes,1.128591,0.1629902,-3.552777,0.8322646,-0.4626696,0.3054056,0.0,0.0,0.0,0.0,0.0,0.0,0.0,-3.711994,-0.08897078,-0.4145722,1.18508,0.1791002,-3.538672,0.1356432,0.62515,-0.07245047,0.7652053,17.34801,79.0338,3.526716,0.2733358,0.04558209,-0.9608378,0.5044203,-0.02989395,0.04279887,2.545886,-0.7326095,-3.454478,-0.276667,-0.3804388,2.06646,0.2078768,0.05871575,-0.9763911,0.2804737,0.9527037,0.117005,0.9370814,-0.2981746,0.1815767,moving,69.84902,-56.57143,-7.62567,-10.43145
05/11/2023 13:10:25.665817,4436,True,True,True,True,Eyes,1.132081,0.1635888,-3.551679,0.8317305,-0.4631251,0.3061689,0.0,0.0,0.0,0.0,0.0,0.0,0.0,-3.712431,-0.09036002,-0.4161055,1.196952,0.1807926,-3.53526,0.1376896,0.6239265,-0.07337514,0.7657503,17.6038,78.89949,3.575443,0.2762608,0.04539395,-0.9600098,0.4741551,-0.02810031,0.04023094,2.547107,-0.7490463,-3.431762,-0.2798454,-0.3824589,2.066712,0.2106636,0.05944234,-0.9757498,0.2841905,0.9513153,0.1193104,0.9353378,-0.3024331,0.1835146,moving,69.7908,-56.53158,-7.711298,-10.48436
05/11/2023 13:10:25.678442,4437,True,True,True,True,Eyes,1.135891,0.1641946,-3.550487,0.8311903,-0.463528,0.3070254,0.0,0.0,0.0,0.0,0.0,0.0,0.0,-3.712816,-0.08449566,-0.4201283,1.209174,0.182263,-3.53176,0.1376268,0.6230116,-0.07177784,0.7666574,17.48536,78.76501,3.692632,0.2789849,0.04524039,-0.959229,0.4457058,-0.0264143,0.03781708,2.555292,-0.7512683,-3.408879,-0.2830676,-0.3845073,2.066967,0.213409,0.06142812,-0.9750299,0.2815442,0.9518137,0.1215883,0.9355158,-0.300462,0.1858309,moving,69.72676,-56.48084,-7.79805,-10.53799
05/11/2023 13:10:25.688370,4438,True,True,True,True,Eyes,1.140023,0.1648346,-3.549227,0.8306192,-0.463928,0.3079652,0.0,0.0,0.0,0.0,0.0,0.0,0.0,-3.713627,-0.07735738,-0.4213545,1.220734,0.183037,-3.528577,0.1374996,0.6218532,-0.07014158,0.7677712,17.35985,78.59198,3.802925,0.2815371,0.04511815,-0.9584887,0.4189634,-0.02482944,0.03554806,2.555914,-0.766092,-3.386518,-0.2862275,-0.3865159,2.067218,0.2167575,0.0633037,-0.9741708,0.2787144,0.9523481,0.1239009,0.935593,-0.2983719,0.188785,moving,69.65694,-56.42296,-7.883068,-10.59054
05/11/2023 13:10:25.708357,4439,True,True,True,True,Eyes,1.144487,0.1654877,-3.547929,0.8301588,-0.4640466,0.3090262,0.0,0.0,0.0,0.0,0.0,0.0,0.0,-3.715297,-0.07334602,-0.4187787,1.232639,0.184507,-3.525726,0.1380802,0.6202599,-0.06942752,0.7690197,17.36748,78.36861,3.875602,0.2839429,0.04502504,-0.9577831,0.3938256,-0.02333967,0.03341517,2.559246,-0.776169,-3.36642,-0.2893932,-0.3885276,2.067469,0.2209149,0.06450899,-0.9731573,0.2780735,0.9522274,0.1262466,0.934811,-0.298499,0.192423,moving,69.58224,-56.33885,-7.968182,-10.64314
05/11/2023 13:10:25.728077,4440,True,True,True,True,Eyes,1.149235,0.1661194,-3.546592,0.8297825,-0.4639787,0.3101368,0.0,0.0,0.0,0.0,0.0,0.0,0.0,-3.716603,-0.07142755,-0.421968,1.244952,0.1853523,-3.523072,0.1348716,0.6195497,-0.06660859,0.7704098,16.87876,78.18476,3.864123,0.286226,0.04495841,-0.9571064,0.3701961,-0.02193929,0.03141026,2.575526,-0.7608359,-3.3463,-0.2925674,-0.3905457,2.06772,0.223443,0.06448746,-0.9725815,0.2697511,0.9547459,0.1252781,0.9366471,-0.2903474,0.1959358,moving,69.50644,-56.24009,-8.053479,-10.69588
05/11/2023 13:10:25.738517,4441,True,True,True,True,Eyes,1.154266,0.1667269,-3.545223,0.8293396,-0.4639932,0.3112977,0.0,0.0,0.0,0.0,0.0,0.0,0.0,-3.717743,-0.07227984,-0.4274948,1.256525,0.1854284,-3.520845,0.1328239,0.6190822,-0.0650553,0.7712736,16.58493,78.06551,3.835363,0.2884054,0.04491502,-0.956454,0.3479843,-0.02062294,0.02952565,2.580113,-0.7664941,-3.325938,-0.2957796,-0.3925871,2.067975,0.2250103,0.06410695,-0.9722452,0.2648087,0.9562512,0.124338,0.9376816,-0.2854363,0.1981903,moving,69.42607,-56.14194,-8.139729,-10.74919
05/11/2023 13:10:25.758456,4442,True,True,True,True,Eyes,1.159561,0.1673269,-3.543832,0.8289074,-0.4639502,0.3125103,0.0,0.0,0.0,0.0,0.0,0.0,0.0,-3.718914,-0.07049599,-0.4317527,1.268279,0.1854066,-3.518351,0.1321152,0.6183186,-0.06397675,0.7720975,16.44697,77.93581,3.861306,0.2904991,0.04489184,-0.9558214,0.3271053,-0.01938556,0.02775411,2.590042,-0.7642979,-3.309109,-0.2988806,-0.3945583,2.068222,0.2271781,0.06458602,-0.9717091,0.2621712,0.9569051,0.1248956,0.9379,-0.2831277,0.2004553,moving,69.34281,-56.03635,-8.22294,-10.80064
05/11/2023 13:10:25.778407,4443,True,True,True,True,Eyes,1.165108,0.16791,-3.542439,0.8283417,-0.464126,0.3137469,0.0,0.0,0.0,0.0,0.0,0.0,0.0,-3.721321,-0.0607878,-0.4317405,1.279927,0.1858211,-3.516474,0.1321659,0.6169919,-0.06218626,0.7732955,16.32846,77.74471,3.998264,0.292522,0.04488656,-0.9552044,0.3074789,-0.01822243,0.02608886,2.600789,-0.7594744,-3.294199,-0.3024155,-0.3968053,2.068501,0.2309077,0.06691388,-0.970672,0.2592673,0.95733,0.1276698,0.9377964,-0.2811435,0.2037063,moving,69.25507,-55.9415,-8.317733,-10.85926
05/11/2023 13:10:25.788189,4444,True,True,True,True,Eyes,1.17089,0.1684559,-3.541062,0.827688,-0.4644409,0.3150035,0.0,0.0,0.0,0.0,0.0,0.0,0.0,-3.724227,-0.05277342,-0.4287074,1.291529,0.1860168,-3.514797,0.1339784,0.615236,-0.06186197,0.7744078,16.47682,77.52953,4.128907,0.2944875,0.04489687,-0.9545999,0.2890302,-0.01712908,0.02452353,2.605336,-0.7669132,-3.280377,-0.3054044,-0.3987052,2.068739,0.2353156,0.0690439,-0.9694634,0.2606695,0.9564458,0.1313885,0.9363108,-0.2836273,0.2070689,moving,69.16405,-55.85322,-8.397821,-10.90878
05/11/2023 13:10:25.813170,4445,True,True,True,True,Eyes,1.176877,0.1689616,-3.539682,0.8267628,-0.4653031,0.3161587,0.0,0.0,0.0,0.0,0.0,0.0,0.0,-3.727217,-0.05518287,-0.4290206,1.302973,0.1857025,-3.513834,0.1356237,0.6139837,-0.063063,0.7750182,16.71798,77.3793,4.118963,0.2964062,0.0449201,-0.9540047,0.2716884,-0.01610134,0.02305212,2.621642,-0.7536142,-3.269684,-0.3084806,-0.4006605,2.068983,0.2380942,0.06879159,-0.9688028,0.2642915,0.9552585,0.1327824,0.9345914,-0.287661,0.2092605,moving,69.07287,-55.80514,-8.480199,-10.95973
05/11/2023 13:10:25.829252,4446,True,True,True,True,Eyes,1.183066,0.1694324,-3.538329,0.8257548,-0.466368,0.3172223,0.0,0.0,0.0,0.0,0.0,0.0,0.0,-3.72923,-0.06388515,-0.4350429,1.314081,0.1853637,-3.512738,0.1388489,0.6133049,-0.06607192,0.774734,17.2287,77.35076,4.078817,0.2982884,0.0449538,-0.9534163,0.2553871,-0.01513526,0.02166899,2.630137,-0.7517595,-3.258637,-0.3086997,-0.4008,2.069,0.2389832,0.06793716,-0.9686443,0.2726898,0.9527109,0.1340975,0.9319482,-0.2961865,0.2091561,moving,68.9852,-55.77656,-8.486065,-10.96336
05/11/2023 13:10:25.838113,4447,True,True,True,True,Eyes,1.189448,0.1698726,-3.536999,0.8246352,-0.4676244,0.3182833,0.0,0.0,0.0,0.0,0.0,0.0,0.0,-3.731352,-0.06510487,-0.4442482,1.325119,0.1850542,-3.512036,0.1417786,0.6129065,-0.06764799,0.7743825,17.60816,77.36512,4.152774,0.3001421,0.04499586,-0.9528323,0.2400638,-0.01422714,0.02036885,2.635243,-0.7569106,-3.245898,-0.3086998,-0.4008,2.069,0.2395386,0.06902328,-0.9684303,0.2785649,0.9506451,0.136658,0.930066,-0.3025056,0.2084888,static,68.89498,-55.75928,-8.486067,-10.96336
05/11/2023 13:10:25.858680,4448,True,True,True,True,Eyes,1.196022,0.1702979,-3.535714,0.8234802,-0.4689493,0.3193225,0.0,0.0,0.0,0.0,0.0,0.0,0.0,-3.733789,-0.06258348,-0.4512398,1.33619,0.1848247,-3.51129,0.1440991,0.6122748,-0.06830149,0.7743965,17.86759,77.33286,4.258301,0.3019745,0.04504454,-0.952251,0.22566,-0.01337351,0.01914672,2.643002,-0.7558291,-3.232815,-0.3087002,-0.4007998,2.069,0.2409089,0.07067161,-0.9679712,0.2822413,0.9491407,0.1395411,0.9286025,-0.3068182,0.20871,static,68.80511,-55.7478,-8.486079,-10.96335
05/11/2023 13:10:25.880915,4449,True,True,True,True,Eyes,1.202799,0.1707085,-3.53446,0.8223554,-0.4701247,0.3204909,0.0,0.0,0.0,0.0,0.0,0.0,0.0,-3.736991,-0.06413037,-0.4562125,1.347433,0.184919,-3.511065,0.1455804,0.6115531,-0.069066,0.7746217,18.06011,77.26273,4.286435,0.3037916,0.04509861,-0.9516702,0.2121204,-0.0125711,0.01799792,2.646584,-0.7632995,-3.219982,-0.3086994,-0.4008,2.069,0.2424652,0.07106019,-0.9675541,0.2850603,0.9480725,0.1410644,0.9273354,-0.3100145,0.2096182,static,68.70798,-55.71717,-8.486056,-10.96336
05/11/2023 13:10:25.898148,4450,True,True,True,True,Eyes,1.209778,0.1711159,-3.533255,0.8213204,-0.4711197,0.3216816,0.0,0.0,0.0,0.0,0.0,0.0,0.0,-3.740164,-0.06645036,-0.4612563,1.359093,0.1849793,-3.510648,0.1448293,0.6109943,-0.06858882,0.7752458,17.96111,77.15865,4.258238,0.3055999,0.04515704,-0.9510883,0.1993932,-0.01181684,0.01691804,2.65296,-0.7646915,-3.205378,-0.3087,-0.4008,2.069,0.2439632,0.0706333,-0.9672087,0.2833261,0.9486402,0.1407418,0.9274741,-0.3083713,0.211421,static,68.6115,-55.67465,-8.486073,-10.96336
05/11/2023 13:10:25.913123,4451,True,True,True,True,Eyes,1.216957,0.1714971,-3.532061,0.820381,-0.4718605,0.3229901,0.0,0.0,0.0,0.0,0.0,0.0,0.0,-3.743477,-0.07163337,-0.4684863,1.370927,0.185277,-3.510622,0.1431025,0.6107764,-0.06788127,0.7758002,17.75566,77.07951,4.183897,0.3074043,0.04521913,-0.9505038,0.1874296,-0.01110782,0.01590296,2.651459,-0.7799177,-3.189631,-0.3086998,-0.4007998,2.069001,0.2446885,0.06948259,-0.9671089,0.2801318,0.9498277,0.1391172,0.928253,-0.3049583,0.2129477,static,68.51007,-55.60823,-8.486066,-10.96335
05/11/2023 13:10:25.928545,4452,True,True,True,True,Eyes,1.224324,0.1718304,-3.530924,0.8195516,-0.4723316,0.324404,0.0,0.0,0.0,0.0,0.0,0.0,0.0,-3.747208,-0.06873566,-0.4730213,1.383083,0.1850521,-3.510395,0.1408734,0.6101674,-0.06579023,0.7768669,17.40751,76.93514,4.188456,0.3092099,0.04528372,-0.9499149,0.1761838,-0.01044136,0.01494878,2.651178,-0.7936887,-3.175771,-0.3086998,-0.4008,2.069,0.2467346,0.06969225,-0.966574,0.2741332,0.9516526,0.1385937,0.9295016,-0.2991658,0.2157007,static,68.4048,-55.51818,-8.486066,-10.96336
05/11/2023 13:10:25.938515,4453,True,True,True,True,Eyes,1.23187,0.1721091,-3.529869,0.8186216,-0.4728299,0.3260222,0.0,0.0,0.0,0.0,0.0,0.0,0.0,-3.75193,-0.06423935,-0.4725561,1.394965,0.1841821,-3.510636,0.1382639,0.6090696,-0.06347416,0.7783884,17.01166,76.70919,4.174522,0.3110203,0.04534912,-0.9493205,0.1656128,-0.009814874,0.01405185,2.6523,-0.8046454,-3.163134,-0.3086996,-0.4008,2.069,0.2500104,0.06960959,-0.9657378,0.2672398,0.9537082,0.1379257,0.9306331,-0.2925664,0.2198346,static,68.28471,-55.41325,-8.486062,-10.96336
05/11/2023 13:10:25.965438,4454,True,True,True,True,Eyes,1.239608,0.1723479,-3.528876,0.817654,-0.4733388,0.3277077,0.0,0.0,0.0,0.0,0.0,0.0,0.0,-3.757599,-0.06528941,-0.4669216,1.406733,0.1829789,-3.511332,0.1381976,0.6073129,-0.06369873,0.7797531,17.03106,76.44225,4.109476,0.3128378,0.04541358,-0.9487199,0.155676,-0.009225982,0.01320874,2.654593,-0.8138345,-3.151289,-0.3086995,-0.4008,2.069,0.2542271,0.06851974,-0.9647143,0.2671969,0.9536878,0.1381499,0.9295023,-0.2928901,0.224145,static,68.15957,-55.3039,-8.486061,-10.96336
05/11/2023 13:10:25.978596,4455,True,True,True,True,Eyes,1.247522,0.17254,-3.527952,0.8166015,-0.4738702,0.3295588,0.0,0.0,0.0,0.0,0.0,0.0,0.0,-3.763022,-0.06736296,-0.4638672,1.419115,0.182265,-3.511828,0.1384283,0.6057587,-0.0641046,0.7808871,17.08905,76.2132,4.054968,0.3146664,0.045476,-0.948112,0.1463355,-0.008672424,0.01241622,2.664082,-0.8106564,-3.139328,-0.3086997,-0.4008,2.069,0.257894,0.06759144,-0.9638062,0.2678252,0.9534563,0.13853,0.9283106,-0.2938577,0.227788,static,68.0223,-55.18285,-8.486065,-10.96336
05/11/2023 13:10:25.988776,4456,True,True,True,True,Eyes,1.255615,0.1726831,-3.527097,0.8155136,-0.4744033,0.33148,0.0,0.0,0.0,0.0,0.0,0.0,0.0,-3.768673,-0.07022676,-0.4617276,1.431353,0.1815195,-3.512734,0.1379951,0.6043873,-0.06422874,0.7820154,17.06561,75.99526,3.979822,0.3165076,0.04553514,-0.9474961,0.1375553,-0.008152078,0.01167125,2.67678,-0.8026034,-3.127852,-0.3086998,-0.4007998,2.069,0.2611813,0.06634919,-0.9630067,0.2672606,0.9536641,0.1381904,0.9275538,-0.2934665,0.2313467,static,67.87984,-55.05684,-8.486068,-10.96336
05/11/2023 13:10:26.013432,4457,True,True,True,True,Eyes,1.263893,0.1727716,-3.526311,0.8144183,-0.4748677,0.3335017,0.0,0.0,0.0,0.0,0.0,0.0,0.0,-3.77457,-0.072584,-0.4575973,1.443758,0.1804895,-3.51355,0.1380898,0.602738,-0.06467217,0.7832341,17.11401,75.74862,3.909216,0.3183641,0.04558987,-0.9468713,0.129302,-0.007662953,0.01097097,2.690541,-0.7933499,-3.116586,-0.3087,-0.4007999,2.069,0.2650488,0.06515702,-0.9620311,0.2677708,0.9534974,0.1383525,0.9263088,-0.294274,0.2352762,static,67.73106,-54.91947,-8.486073,-10.96336
05/11/2023 13:10:26.028316,4458,True,True,True,True,Eyes,1.263893,0.1727716,-3.526311,0.8144183,-0.4748677,0.3335017,0.0,0.0,0.0,0.0,0.0,0.0,0.0,-3.781022,-0.07200494,-0.4515529,1.456523,0.1792529,-3.514488,0.137473,0.6008731,-0.06432447,0.7848025,17.04245,75.45543,3.852853,0.3202374,0.04563898,-0.946237,0.1215439,-0.007203176,0.01031271,2.703817,-0.7856653,-3.105505,-0.3087003,-0.4008,2.069,0.2696277,0.06424364,-0.9608193,0.2661717,0.9539271,0.1384766,0.9254477,-0.29308,0.2401053,static,67.73106,-54.91947,-8.486081,-10.96336
05/11/2023 13:10:26.038770,4459,True,True,True,True,Eyes,1.263893,0.1727716,-3.526311,0.8144183,-0.4748677,0.3335017,0.0,0.0,0.0,0.0,0.0,0.0,0.0,-3.788013,-0.06938019,-0.4455352,1.469133,0.1777415,-3.516022,0.1372577,0.5989836,-0.06395908,0.7863132,17.00624,75.17011,3.828254,0.3219222,0.04568303,-0.9456631,0.1142513,-0.006770986,0.00969395,2.714778,-0.7831164,-3.09497,-0.3086997,-0.4008,2.069,0.2742559,0.06384648,-0.9595351,0.2650139,0.9541391,0.1392342,0.9244196,-0.2924759,0.2447581,static,67.73106,-54.91947,-8.486065,-10.96336
05/11/2023 13:10:26.058488,4460,True,True,True,True,Eyes,1.263893,0.1727716,-3.526311,0.8144183,-0.4748677,0.3335017,0.0,0.0,0.0,0.0,0.0,0.0,0.0,-3.794983,-0.06400579,-0.4407117,1.48205,0.1761508,-3.517488,0.1373866,0.5971277,-0.06336246,0.7877492,16.98512,74.9009,3.851889,0.3234377,0.04572254,-0.9451439,0.1073962,-0.006364726,0.009112313,2.723354,-0.7851048,-3.084449,-0.3086994,-0.4007999,2.069,0.2788475,0.06424729,-0.9581839,0.2639022,0.9542202,0.1407815,0.9233633,-0.2921234,0.249127,static,67.73106,-54.91947,-8.486056,-10.96336
05/11/2023 13:10:26.081405,4461,True,True,True,True,Eyes,1.263893,0.1727716,-3.526311,0.8144183,-0.4748677,0.3335017,0.0,0.0,0.0,0.0,0.0,0.0,0.0,-3.802635,-0.05616164,-0.4335258,1.494968,0.1742438,-3.519352,0.1367037,0.5950657,-0.06203073,0.7895324,16.83932,74.58456,3.878757,0.324801,0.04575802,-0.9446746,0.1009524,-0.005982843,0.008565575,2.730386,-0.7902686,-3.073092,-0.3087001,-0.4008001,2.069,0.2840981,0.06474483,-0.9566067,0.2606459,0.9549286,0.1420393,0.9226875,-0.2896887,0.254418,static,67.73106,-54.91947,-8.486076,-10.96336
05/11/2023 13:10:26.088084,4462,True,True,True,True,Eyes,1.263893,0.1727716,-3.526311,0.8144183,-0.4748677,0.3335017,0.0,0.0,0.0,0.0,0.0,0.0,0.0,-3.810726,-0.05226511,-0.4228621,1.507934,0.1720642,-3.521321,0.1365057,0.5926469,-0.06169733,0.7914098,16.80967,74.22327,3.842083,0.3260272,0.04578986,-0.9442506,0.0,0.0,0.0,2.738508,-0.7928799,-3.060114,-0.3087,-0.4007998,2.069001,0.2899263,0.06414362,-0.954897,0.2594551,0.9551193,0.1429344,0.9212089,-0.2891933,0.2602718,static,67.73106,-54.91947,-8.486071,-10.96335
05/11/2023 13:10:26.113793,4463,True,True,True,True,Eyes,1.263893,0.1727716,-3.526311,0.8144183,-0.4748677,0.3335017,0.0,0.0,0.0,0.0,0.0,0.0,0.0,-3.819791,-0.04432809,-0.4088106,1.521176,0.1700695,-3.523776,0.1368934,0.5897744,-0.06115725,0.7935278,16.82176,73.81248,3.858458,0.3271306,0.04581844,-0.9438675,0.0,0.0,0.0,2.745262,-0.7981791,-3.047051,-0.3086998,-0.4007999,2.069,0.2968519,0.06441247,-0.9527487,0.2585323,0.95504,0.1451194,0.9192606,-0.2893953,0.2668527,static,67.73106,-54.91947,-8.486067,-10.96336
05/11/2023 13:10:26.129877,4464,True,True,True,True,Eyes,1.263893,0.1727716,-3.526311,0.8144183,-0.4748677,0.3335017,0.0,0.0,0.0,0.0,0.0,0.0,0.0,-3.829348,-0.03547317,-0.3926218,1.534815,0.1684485,-3.52637,0.1365815,0.5866978,-0.06005997,0.7959423,16.73204,73.35819,3.871215,0.3281224,0.0458441,-0.9435219,0.0,0.0,0.0,2.754587,-0.8015446,-3.036932,-0.3086995,-0.4008001,2.069,0.3043569,0.06465562,-0.9503613,0.2558727,0.9554766,0.1469479,0.917549,-0.2878961,0.2742623,static,67.73106,-54.91947,-8.486062,-10.96337
05/11/2023 13:10:26.138067,4465,True,True,True,True,Eyes,1.580025,0.16374,-3.55698,0.7807997,-0.4903709,0.3871538,0.0,0.0,0.0,0.0,0.0,0.0,0.0,-3.839421,-0.03156084,-0.3741424,1.548612,0.1670793,-3.529308,0.1363481,0.5834385,-0.05976271,0.7983965,16.70568,72.87576,3.811754,0.3290153,0.04586716,-0.9432097,0.0,0.0,0.0,2.765422,-0.8032858,-3.028222,-0.3086996,-0.4008,2.069,0.3120559,0.0636728,-0.9479277,0.2545302,0.9556752,0.147984,0.9153336,-0.2874554,0.2820174,static,63.62583,-51.70848,-8.486062,-10.96336
05/11/2023 13:10:26.165663,4466,True,True,True,True,Eyes,1.580579,0.1636692,-3.557117,0.780651,-0.490364,0.3874626,0.0,0.0,0.0,0.0,0.0,0.0,0.0,-3.849707,-0.02929097,-0.3549411,1.562806,0.1650963,-3.532346,0.1343188,0.5802184,-0.05874976,0.8011576,16.46302,72.36011,3.690795,0.3450071,0.04503108,-0.937519,0.9483955,-0.02709483,-0.09200692,2.772671,-0.8115803,-3.01971,-0.3086999,-0.4008001,2.069,0.3197901,0.06173293,-0.9454751,0.2500042,0.9570138,0.1470457,0.9139103,-0.2833965,0.2906101,static,63.60329,-51.68587,-8.486072,-10.96337
05/11/2023 13:10:26.178701,4467,True,True,True,True,Eyes,1.581693,0.1635396,-3.557389,0.780342,-0.4903653,0.3880827,0.0,0.0,0.0,0.0,0.0,0.0,0.0,-3.860417,-0.03003895,-0.3328874,1.576439,0.163397,-3.535912,0.1339223,0.576692,-0.0591835,0.8037341,16.47143,71.83363,3.546996,0.3575945,0.04436576,-0.9328223,0.8914918,-0.02546914,-0.0864865,2.781355,-0.8183066,-3.012228,-0.3086999,-0.4007999,2.069,0.3278473,0.0593283,-0.9428661,0.2495995,0.9571242,0.1470146,0.9111621,-0.2835372,0.2989823,static,63.55775,-51.64136,-8.486071,-10.96336
05/11/2023 13:10:26.188844,4468,True,True,True,True,Eyes,1.581693,0.1635396,-3.557389,0.780342,-0.4903653,0.3880827,0.0,0.0,0.0,0.0,0.0,0.0,0.0,-3.871704,-0.02549863,-0.3078189,1.590767,0.1618954,-3.539597,0.1339939,0.5726978,-0.05913515,0.8065768,16.49226,71.25561,3.472761,0.3674907,0.04383828,-0.9289932,0.8380023,-0.02394099,-0.08129732,2.792406,-0.8216762,-3.0057,-0.3086997,-0.4007997,2.069,0.3370406,0.05808191,-0.9396969,0.2488701,0.9570974,0.1484195,0.908002,-0.2838858,0.3081258,static,63.55775,-51.64136,-8.486064,-10.96335
05/11/2023 13:10:26.208452,4469,True,True,True,True,Eyes,1.581693,0.1635396,-3.557389,0.780342,-0.4903653,0.3880827,0.0,0.0,0.0,0.0,0.0,0.0,0.0,-3.883522,-0.02386624,-0.2792339,1.604847,0.160707,-3.543857,0.1332878,0.568484,-0.05909559,0.8096717,16.44104,70.62906,3.338155,0.3752304,0.04342638,-0.9259135,0.7877221,-0.02250453,-0.07641948,2.80558,-0.8209719,-2.998196,-0.3087,-0.4007998,2.069001,0.3466674,0.05584792,-0.9363241,0.24724,0.9574841,0.1486489,0.9048172,-0.2830285,0.3181207,static,63.55775,-51.64136,-8.486069,-10.96335
05/11/2023 13:10:26.228584,4470,True,True,True,True,Eyes,1.581693,0.1635396,-3.557389,0.780342,-0.4903653,0.3880827,0.0,0.0,0.0,0.0,0.0,0.0,0.0,-3.895534,-0.01941347,-0.2498822,1.619337,0.1602769,-3.548248,0.1347046,0.5639826,-0.05981098,0.8125276,16.64059,70.00889,3.275608,0.3812556,0.04310792,-0.9234638,0.7404588,-0.02115426,-0.07183431,2.820823,-0.8158969,-2.98913,-0.3087001,-0.4008,2.069,0.3566928,0.05474601,-0.9326163,0.2491383,0.9565546,0.1514378,0.9003891,-0.2863671,0.3275568,static,63.55775,-51.64136,-8.486075,-10.96336
05/11/2023 13:10:26.248383,4471,True,True,True,True,Eyes,1.581693,0.1635396,-3.557389,0.780342,-0.4903653,0.3880827,0.0,0.0,0.0,0.0,0.0,0.0,0.0,-3.907988,-0.008023143,-0.2194135,1.634581,0.1608779,-3.552863,0.1341788,0.5593905,-0.05819763,0.8158992,16.50286,69.34834,3.297439,0.3859185,0.04286455,-0.9215362,0.6960313,-0.019885,-0.06752425,2.829719,-0.82314,-2.981942,-0.3086998,-0.4008,2.069,0.3673908,0.05514992,-0.9284302,0.2450835,0.9572182,0.1538424,0.8971946,-0.2840632,0.3381568,static,63.55775,-51.64136,-8.486068,-10.96336
05/11/2023 13:10:26.258221,4472,True,True,True,True,Eyes,1.585674,0.1635896,-3.558151,0.7793464,-0.4899282,0.3906271,0.0,0.0,0.0,0.0,0.0,0.0,0.0,-3.92033,-0.005370915,-0.1887026,1.649904,0.1640923,-3.557459,0.1357639,0.5547652,-0.05877716,0.8187484,16.71002,68.71954,3.255272,0.3895006,0.04268115,-0.9200364,0.6542694,-0.0186919,-0.0634728,2.842173,-0.82486,-2.975496,-0.3087001,-0.4008,2.069,0.3775618,0.05438674,-0.9243857,0.2468816,0.9562268,0.1570979,0.8924665,-0.287528,0.3476077,static,63.37887,-51.43412,-8.486077,-10.96336
05/11/2023 13:10:26.278204,4473,True,True,True,True,Eyes,1.59004,0.1637054,-3.558957,0.7785158,-0.4889678,0.3934763,0.0,0.0,0.0,0.0,0.0,0.0,0.0,-3.932683,-0.006019175,-0.1606989,1.666128,0.1671121,-3.562015,0.1344746,0.5505967,-0.05804824,0.8218212,16.5559,68.10032,3.149998,0.3923044,0.04254423,-0.9188507,0.6150132,-0.01757039,-0.05966443,2.851705,-0.8318919,-2.971214,-0.3086995,-0.4008,2.069,0.3869473,0.05267203,-0.9205961,0.2434932,0.957094,0.1571059,0.8893721,-0.2849506,0.3575196,static,63.18712,-51.17608,-8.48606,-10.96336
05/11/2023 13:10:26.288089,4474,True,True,True,True,Eyes,1.594814,0.1639037,-3.559909,0.7773424,-0.488419,0.3964666,0.0,0.0,0.0,0.0,0.0,0.0,0.0,-3.944066,-0.02641201,-0.1385696,1.680837,0.1690934,-3.566756,0.1313671,0.5475477,-0.05915514,0.8242784,16.3406,67.58768,2.767862,0.3945113,0.04244524,-0.9179099,0.5781124,-0.01651617,-0.05608457,2.863325,-0.8351668,-2.967348,-0.3086996,-0.4007999,2.069001,0.3933843,0.04633893,-0.9182056,0.2413802,0.9584867,0.1517857,0.8871214,-0.2813467,0.3658683,static,62.97713,-50.93256,-8.48606,-10.96336
05/11/2023 13:10:26.308094,4475,True,True,True,True,Eyes,1.59992,0.164201,-3.560827,0.7761124,-0.4877196,0.3997237,0.0,0.0,0.0,0.0,0.0,0.0,0.0,-3.955328,-0.03941667,-0.1094036,1.695347,0.1714373,-3.571352,0.135059,0.5432258,-0.06344185,0.8262202,16.98394,67.02347,2.511047,0.3962662,0.04237767,-0.9171568,0.5434257,-0.0155252,-0.05271949,2.879121,-0.8303645,-2.963765,-0.3087,-0.4008001,2.069,0.4017618,0.04190124,-0.914785,0.251569,0.9554684,0.1542505,0.8805115,-0.2921035,0.3733296,static,62.75003,-50.66275,-8.486073,-10.96336
05/11/2023 13:10:26.328527,4476,True,True,True,True,Eyes,1.605378,0.1645795,-3.561879,0.7746325,-0.4871557,0.4032664,0.0,0.0,0.0,0.0,0.0,0.0,0.0,-3.966103,-0.05027807,-0.07621765,1.710094,0.1744219,-3.575397,0.1339486,0.538768,-0.06443845,0.8292374,16.95288,66.35934,2.244669,0.3976862,0.04233703,-0.9165438,0.5108202,-0.01459368,-0.04955632,2.892757,-0.8284776,-2.959214,-0.3086995,-0.4008,2.069,0.4111535,0.03746485,-0.910796,0.251204,0.9558109,0.1527156,0.8762703,-0.2915851,0.3835737,static,62.49894,-50.38212,-8.486062,-10.96336
05/11/2023 13:10:26.338184,4477,True,True,True,True,Eyes,1.611157,0.1650255,-3.562994,0.7730061,-0.4866249,0.4070109,0.0,0.0,0.0,0.0,0.0,0.0,0.0,-3.976296,-0.07659394,-0.03822207,1.723936,0.1768828,-3.579807,0.1336425,0.5340411,-0.06839437,0.8320228,17.18381,65.65166,1.735271,0.3989745,0.04231247,-0.9159849,0.4801709,-0.01371806,-0.04658294,2.904398,-0.8290572,-2.954678,-0.3086995,-0.4008002,2.069,0.4202447,0.02892982,-0.9069496,0.2565525,0.9549237,0.1493365,0.870388,-0.2954381,0.3938796,static,62.23185,-50.09104,-8.486062,-10.96337
05/11/2023 13:10:26.358280,4478,True,True,True,True,Eyes,1.617261,0.165557,-3.564201,0.7712965,-0.4860401,0.410934,0.0,0.0,0.0,0.0,0.0,0.0,0.0,-3.985324,-0.1094412,-0.006077051,1.737965,0.1791534,-3.583602,0.1333762,0.5299739,-0.07320946,0.8342534,17.46585,65.0303,1.154606,0.4002464,0.04229806,-0.9154305,0.4513607,-0.01289498,-0.04378797,2.911056,-0.8366117,-2.948438,-0.3086998,-0.4007999,2.069,0.427536,0.01922128,-0.9037941,0.2635223,0.9537023,0.1449408,0.8647364,-0.3001373,0.4026768,static,61.95205,-49.78637,-8.486068,-10.96336
05/11/2023 13:10:26.378098,4479,True,True,True,True,Eyes,1.623629,0.1661351,-3.565447,0.7695854,-0.4852839,0.4150153,0.0,0.0,0.0,0.0,0.0,0.0,0.0,-3.993939,-0.1324288,0.01734209,1.751834,0.1817927,-3.587119,0.1312917,0.5268253,-0.0751766,0.8364007,17.38763,64.52685,0.7553173,0.4015083,0.04229475,-0.9148778,0.424279,-0.01212128,-0.04116069,2.927885,-0.8238972,-2.938633,-0.3086998,-0.4008,2.069,0.4336073,0.01258001,-0.9010141,0.264091,0.954222,0.140415,0.8615338,-0.2988347,0.4104353,static,61.66329,-49.46291,-8.486068,-10.96336
05/11/2023 13:10:26.388046,4480,True,True,True,True,Eyes,1.630252,0.1667518,-3.566757,0.7677811,-0.4845161,0.4192329,0.0,0.0,0.0,0.0,0.0,0.0,0.0,-4.002121,-0.1420925,0.04016495,1.764931,0.1835262,-3.59028,0.1290774,0.5236132,-0.07523008,0.8387544,17.17621,64.03226,0.5381894,0.4027665,0.04230242,-0.9143243,0.3988223,-0.011394,-0.03869105,2.93188,-0.8327308,-2.928207,-0.3086998,-0.4007999,2.069,0.4403395,0.008974114,-0.8977866,0.2613723,0.9553589,0.1377455,0.8589446,-0.2953113,0.4183367,static,61.36406,-49.13164,-8.486069,-10.96336
05/11/2023 13:10:26.408340,4481,True,True,True,True,Eyes,1.637096,0.167405,-3.568079,0.7657894,-0.4839084,0.4235554,0.0,0.0,0.0,0.0,0.0,0.0,0.0,-4.010014,-0.1451095,0.06588662,1.77765,0.1850842,-3.593231,0.1283585,0.5199554,-0.07534216,0.8411266,17.11441,63.50662,0.4038766,0.4040261,0.04232077,-0.9137677,0.374893,-0.01071036,-0.03636958,2.938605,-0.8370179,-2.918048,-0.3087004,-0.4008,2.069,0.4479399,0.00673681,-0.8940383,0.260226,0.9556953,0.1375824,0.855355,-0.2942806,0.4263409,static,61.05318,-48.80499,-8.486082,-10.96336
05/11/2023 13:10:26.428396,4482,True,True,True,True,Eyes,1.644167,0.168063,-3.569443,0.7638087,-0.4831601,0.4279633,0.0,0.0,0.0,0.0,0.0,0.0,0.0,-4.018099,-0.1299664,0.09166121,1.79027,0.1866268,-3.595902,0.1291036,0.515986,-0.07373488,0.843596,17.09248,62.98364,0.5290912,0.4052908,0.04234949,-0.9132061,0.3523994,-0.01006774,-0.03418741,2.947316,-0.8377924,-2.908474,-0.3086997,-0.4008002,2.069,0.4566434,0.008826381,-0.8896061,0.2576361,0.9557909,0.1417302,0.8515285,-0.2939148,0.4341816,static,60.73802,-48.4668,-8.486066,-10.96337
05/11/2023 13:10:26.448500,4483,True,True,True,True,Eyes,1.651436,0.1687246,-3.570842,0.7616903,-0.4825097,0.4324491,0.0,0.0,0.0,0.0,0.0,0.0,0.0,-4.026074,-0.1049102,0.1139286,1.802734,0.1873176,-3.598377,0.1282686,0.5123371,-0.06972815,0.8462837,16.77127,62.49946,0.8027291,0.4065638,0.0423875,-0.9126383,0.3312554,-0.009463676,-0.03213616,2.953231,-0.8445786,-2.902174,-0.3087,-0.4007999,2.069001,0.4652973,0.01341389,-0.8850529,0.2494531,0.9573703,0.1456545,0.8492771,-0.2885518,0.4421157,static,60.41429,-48.13173,-8.48607,-10.96335
05/11/2023 13:10:26.463303,4484,True,True,True,True,Eyes,1.658914,0.1694168,-3.572237,0.7594941,-0.4818169,0.4370598,0.0,0.0,0.0,0.0,0.0,0.0,0.0,-4.033221,-0.08264589,0.1400524,1.814697,0.1880362,-3.600671,0.1291393,0.5082691,-0.06730935,0.8487963,16.71722,61.97687,1.017733,0.4078484,0.04243381,-0.9120628,0.3113801,-0.008895855,-0.030208,2.966034,-0.8398426,-2.895017,-0.3087,-0.4007998,2.069001,0.4742639,0.01701117,-0.8802184,0.2455389,0.957585,0.1508033,0.8454493,-0.2876484,0.4499711,static,60.08122,-47.78859,-8.486071,-10.96335
05/11/2023 13:10:26.478312,4485,True,True,True,True,Eyes,1.666559,0.1701132,-3.573566,0.7573217,-0.4808985,0.441815,0.0,0.0,0.0,0.0,0.0,0.0,0.0,-4.039347,-0.06528836,0.1701694,1.827156,0.1894226,-3.602105,0.1290071,0.5038204,-0.06493328,0.8516489,16.56883,61.38443,1.159298,0.4091472,0.04248824,-0.9114784,0.2926973,-0.008362104,-0.02839551,2.977854,-0.8355375,-2.886914,-0.3087001,-0.4008002,2.069,0.4838973,0.01939209,-0.8749099,0.2405935,0.9582817,0.154308,0.8414024,-0.2851669,0.4590443,static,59.74109,-47.42544,-8.486079,-10.96337
05/11/2023 13:10:26.488028,4486,True,True,True,True,Eyes,1.674353,0.1707849,-3.574871,0.7550443,-0.4798782,0.4467942,0.0,0.0,0.0,0.0,0.0,0.0,0.0,-4.044429,-0.05509144,0.2034794,1.839358,0.1901951,-3.603115,0.1250712,0.4993179,-0.06128045,0.8551512,15.96835,60.72878,1.197502,0.4104622,0.04255002,-0.910884,0.2751355,-0.007860378,-0.02669178,2.987115,-0.8346542,-2.877789,-0.3086998,-0.4008001,2.069,0.4938527,0.02009242,-0.8693134,0.2297086,0.9612039,0.1527127,0.8386558,-0.2751063,0.4700777,static,59.38526,-47.0447,-8.48607,-10.96337
05/11/2023 13:10:26.508096,4487,True,True,True,True,Eyes,1.682273,0.171432,-3.576108,0.7524044,-0.4791632,0.4519848,0.0,0.0,0.0,0.0,0.0,0.0,0.0,-4.048258,-0.04767507,0.2431695,1.850709,0.190245,-3.603953,0.1234358,0.494099,-0.05975173,0.8585218,15.72326,60.00215,1.153795,0.4117954,0.04261775,-0.910279,0.2586273,-0.007388756,-0.02509028,3.005781,-0.817946,-2.867657,-0.3086998,-0.4007998,2.069,0.5045919,0.01938271,-0.8631405,0.2245754,0.9623866,0.1528981,0.8336384,-0.2709912,0.4812596,static,59.0059,-46.67188,-8.486067,-10.96335
05/11/2023 13:10:26.528011,4488,True,True,True,True,Eyes,1.690322,0.1720521,-3.577294,0.7495103,-0.4785377,0.4574231,0.0,0.0,0.0,0.0,0.0,0.0,0.0,-4.050553,-0.04264194,0.2945009,1.862093,0.1904069,-3.604426,0.1250192,0.4874745,-0.06089801,0.8619919,15.95627,59.1193,1.007162,0.4131473,0.04269014,-0.9096628,0.2431097,-0.00694543,-0.02358486,3.020992,-0.8081946,-2.860492,-0.3086996,-0.4008,2.069,0.51732,0.01690017,-0.8556251,0.2268745,0.9613233,0.1561586,0.8251714,-0.2749035,0.4934775,static,58.60446,-46.29234,-8.486062,-10.96336
05/11/2023 13:10:26.538675,4489,True,True,True,True,Eyes,1.698402,0.1726412,-3.578338,0.7462227,-0.4783731,0.4629372,0.0,0.0,0.0,0.0,0.0,0.0,0.0,-4.05168,-0.03620958,0.3471845,1.873204,0.1904027,-3.604554,0.1255803,0.4807282,-0.06123001,0.8656679,16.039,58.21286,0.8782009,0.4145187,0.042766,-0.9090351,0.2285231,-0.006528704,-0.02216977,3.033586,-0.8038499,-2.8537,-0.3086997,-0.4008001,2.069,0.5303026,0.01473028,-0.8476805,0.2267497,0.9609609,0.1585517,0.8169233,-0.2762917,0.50626,static,58.18561,-45.93947,-8.486065,-10.96336
05/11/2023 13:10:26.558596,4490,True,True,True,True,Eyes,1.706586,0.173219,-3.579317,0.7426248,-0.4784636,0.4685947,0.0,0.0,0.0,0.0,0.0,0.0,0.0,-4.051985,-0.03229392,0.3999224,1.883743,0.1904685,-3.604829,0.128711,0.4739158,-0.06368833,0.8687814,16.49964,57.32269,0.6772901,0.415909,0.0428443,-0.9083962,0.2148117,-0.006136982,-0.02083958,3.045032,-0.8002189,-2.846529,-0.3086997,-0.4007999,2.069,0.5426952,0.0113339,-0.8398533,0.2326588,0.9587545,0.1632777,0.8070638,-0.2840093,0.5176745,static,57.74816,-45.59703,-8.486064,-10.96336
05/11/2023 13:10:26.578210,4491,True,True,True,True,Eyes,1.714821,0.1737775,-3.580177,0.7388709,-0.4786746,0.4742787,0.0,0.0,0.0,0.0,0.0,0.0,0.0,-4.051345,-0.02355421,0.4503025,1.894451,0.1908357,-3.604353,0.1316692,0.4672291,-0.06526142,0.8718379,16.89223,56.45706,0.5535723,0.4173189,0.04292448,-0.9077455,0.201923,-0.005768763,-0.01958921,3.051638,-0.8054655,-2.839758,-0.3086998,-0.4008,2.069,0.5548757,0.009244649,-0.8318819,0.2368342,0.9568083,0.1686044,0.7975102,-0.2905725,0.5287203,static,57.30374,-45.2643,-8.486068,-10.96336
05/11/2023 13:10:26.588062,4492,True,True,True,True,Eyes,1.723127,0.1743134,-3.580961,0.734845,-0.4790691,0.4800994,0.0,0.0,0.0,0.0,0.0,0.0,0.0,-4.049942,-0.01612949,0.4995311,1.904867,0.1910305,-3.603722,0.1325998,0.4607888,-0.06566741,0.8750879,17.01311,55.60442,0.4356968,0.4187485,0.04300596,-0.9070831,0.1898076,-0.005422637,-0.01841385,3.057215,-0.8135717,-2.835025,-0.3086997,-0.4007998,2.069,0.5667229,0.007271509,-0.8238764,0.2371305,0.9562102,0.1715553,0.7890465,-0.2925906,0.5401819,static,56.84204,-44.93845,-8.486064,-10.96336
05/11/2023 13:10:26.608484,4493,True,True,True,True,Eyes,1.731491,0.1748312,-3.581638,0.7307722,-0.4794306,0.48592,0.0,0.0,0.0,0.0,0.0,0.0,0.0,-4.047465,-0.006866395,0.5493397,1.914934,0.191069,-3.60282,0.1348883,0.4541751,-0.06680678,0.8781043,17.31206,54.74553,0.3120253,0.420197,0.04308802,-0.9064091,0.1784192,-0.005097279,-0.01730902,3.059214,-0.8302649,-2.834721,-0.3086998,-0.4008,2.069,0.5785237,0.005199147,-0.8156491,0.2398524,0.954684,0.176208,0.7796034,-0.2975759,0.5510603,static,56.37846,-44.61485,-8.486066,-10.96336
05/11/2023 13:10:26.628328,4494,True,True,True,True,Eyes,1.739924,0.1753323,-3.582217,0.7265669,-0.4797609,0.4918639,0.0,0.0,0.0,0.0,0.0,0.0,0.0,-4.044708,0.003876328,0.5961165,1.925261,0.191214,-3.601644,0.1359554,0.4478819,-0.06680124,0.8811672,17.42379,53.92421,0.2436796,0.4216643,0.04317019,-0.9057235,0.167714,-0.004791442,-0.01627048,3.063832,-0.8431557,-2.836491,-0.3087,-0.4007997,2.069,0.5898787,0.00405785,-0.8074818,0.2395101,0.9541074,0.1797608,0.7711538,-0.299437,0.5618358,static,55.90318,-44.28634,-8.486073,-10.96335
05/11/2023 13:10:26.638268,4495,True,True,True,True,Eyes,1.748434,0.1758104,-3.582716,0.7224395,-0.4799052,0.4977673,0.0,0.0,0.0,0.0,0.0,0.0,0.0,-4.041506,0.0183633,0.6388634,1.935381,0.1913047,-3.599994,0.136063,0.442003,-0.06547898,0.8842131,17.3676,53.16049,0.2692918,0.4231507,0.04325209,-0.905026,0.1576512,-0.004503956,-0.01529425,3.069977,-0.852214,-2.836584,-0.3087002,-0.4007999,2.069,0.6006918,0.004485731,-0.799468,0.2360752,0.9543987,0.1827336,0.763831,-0.2985011,0.5722405,static,55.43281,-43.95332,-8.48608,-10.96336
05/11/2023 13:10:26.658852,4496,True,True,True,True,Eyes,1.757003,0.1762543,-3.583094,0.7182405,-0.4799287,0.5037847,0.0,0.0,0.0,0.0,0.0,0.0,0.0,-4.037847,0.03116709,0.6802909,1.945418,0.191216,-3.59816,0.1357618,0.4362902,-0.06410445,0.8871925,17.2673,52.41566,0.2830294,0.4246564,0.04333319,-0.9043167,0.1481921,-0.004233718,-0.01437659,3.07699,-0.8584246,-2.83522,-0.3086997,-0.4008,2.069,0.611083,0.004717165,-0.7915525,0.2322091,0.9549187,0.1849575,0.7567408,-0.2968301,0.5824392,static,54.9536,-43.6108,-8.486066,-10.96336
05/11/2023 13:10:26.678332,4497,True,True,True,True,Eyes,1.765612,0.1766452,-3.583359,0.7141423,-0.47962,0.5098681,0.0,0.0,0.0,0.0,0.0,0.0,0.0,-4.03384,0.04315758,0.7180864,1.955416,0.1908084,-3.595737,0.1346329,0.4309798,-0.0622,0.8900908,17.05473,51.72012,0.3188879,0.4261811,0.04341277,-0.9035953,0.1393006,-0.003979695,-0.013514,3.089168,-0.8550604,-2.83105,-0.3086997,-0.4008,2.069,0.6207752,0.005320877,-0.7839706,0.2267754,0.9560102,0.1860572,0.7504739,-0.293285,0.5922607,static,54.47473,-43.24905,-8.486066,-10.96336
05/11/2023 13:10:26.689462,4498,True,True,True,True,Eyes,1.774262,0.1769829,-3.583501,0.7099217,-0.4793326,0.5159956,0.0,0.0,0.0,0.0,0.0,0.0,0.0,-4.029439,0.0662142,0.7548487,1.965077,0.1899184,-3.593462,0.1347838,0.4255731,-0.05962048,0.8928418,16.94341,51.04328,0.4945883,0.4277242,0.04348971,-0.9028622,0.1309426,-0.003740914,-0.01270316,3.10367,-0.847822,-2.827245,-0.3087003,-0.4007999,2.069,0.6306659,0.008257413,-0.7760105,0.221184,0.9565575,0.1899355,0.743867,-0.291427,0.6014417,static,53.98905,-42.89046,-8.486081,-10.96336
05/11/2023 13:10:26.708390,4499,True,True,True,True,Eyes,1.782954,0.1772782,-3.583523,0.7055961,-0.4789143,0.5222789,0.0,0.0,0.0,0.0,0.0,0.0,0.0,-4.024007,0.09082228,0.7922623,1.974745,0.1889721,-3.590715,0.1356116,0.4199802,-0.05731582,0.8955117,16.91942,50.35185,0.6740181,0.4292849,0.04356301,-0.9021176,0.123086,-0.003516459,-0.01194097,3.120182,-0.8368585,-2.821277,-0.3087003,-0.4007998,2.069001,0.6406631,0.01125437,-0.7677395,0.2165623,0.9566488,0.1947405,0.7366489,-0.2910265,0.6104524,static,53.49133,-42.5199,-8.486077,-10.96335
05/11/2023 13:10:26.728515,4500,True,True,True,True,Eyes,1.791683,0.1775177,-3.5834,0.7011904,-0.4784623,0.5285885,0.0,0.0,0.0,0.0,0.0,0.0,0.0,-4.018612,0.1061943,0.8280165,1.984419,0.188248,-3.587865,0.1358952,0.4147106,-0.05591929,0.8980093,16.88496,49.68518,0.7354475,0.4308635,0.04363206,-0.9013614,0.1157008,-0.003305471,-0.01122451,3.136157,-0.8248726,-2.812955,-0.3087002,-0.4007999,2.069001,0.6497765,0.01228226,-0.7600261,0.2131464,0.9568111,0.1976897,0.7296295,-0.290451,0.6190953,static,52.98939,-42.15044,-8.486074,-10.96335
05/11/2023 13:10:26.738440,4501,True,True,True,True,Eyes,1.800443,0.1776908,-3.583135,0.6967882,-0.4778489,0.5349268,0.0,0.0,0.0,0.0,0.0,0.0,0.0,-4.0133,0.1174995,0.8595414,1.994095,0.1871328,-3.584378,0.1355482,0.4099424,-0.05461534,0.9003283,16.78936,49.07493,0.7654887,0.4324603,0.04369602,-0.9005933,0.1087588,-0.003107143,-0.01055104,3.144301,-0.8264009,-2.805139,-0.3086998,-0.4008002,2.069,0.6579288,0.01279039,-0.7529715,0.2094773,0.9572877,0.1992974,0.7233594,-0.288854,0.6271479,static,52.48642,-41.77435,-8.486068,-10.96337
05/11/2023 13:10:26.758347,4502,True,True,True,True,Eyes,1.809226,0.1777933,-3.582711,0.6923615,-0.4771751,0.5412387,0.0,0.0,0.0,0.0,0.0,0.0,0.0,-4.008514,0.128718,0.8867486,2.003638,0.1857035,-3.580785,0.1351755,0.405649,-0.05325291,0.9024084,16.68866,48.52851,0.8108737,0.434075,0.04375385,-0.8998134,0.1022333,-0.002920714,-0.009917977,3.152833,-0.8287373,-2.798531,-0.3086998,-0.4007999,2.069,0.665226,0.01355586,-0.7465191,0.2057793,0.9577834,0.200763,0.7177251,-0.2871709,0.6343529,static,51.98425,-41.40053,-8.486067,-10.96336
05/11/2023 13:10:26.778371,4503,True,True,True,True,Eyes,1.818021,0.1778208,-3.582122,0.6879444,-0.47637,0.5475437,0.0,0.0,0.0,0.0,0.0,0.0,0.0,-4.00382,0.1386648,0.9101998,2.012985,0.1840909,-3.576628,0.1344521,0.4017819,-0.0517526,0.9043316,16.54481,48.03529,0.8629854,0.435707,0.04380453,-0.8990217,0.0,0.0,0.0,3.162717,-0.8283733,-2.792185,-0.3086997,-0.4008,2.069,0.6717861,0.01443779,-0.7406046,0.2016438,0.9584886,0.2015921,0.7127716,-0.2847651,0.640988,static,51.48327,-41.02369,-8.486065,-10.96336
05/11/2023 13:10:26.798188,4504,True,True,True,True,Eyes,1.826833,0.177769,-3.581358,0.6835155,-0.4755102,0.553802,0.0,0.0,0.0,0.0,0.0,0.0,0.0,-3.998839,0.1506503,0.9332254,2.022273,0.1823139,-3.572323,0.1340795,0.3978949,-0.05021879,0.9061901,16.43734,47.54649,0.9369352,0.4373561,0.04384704,-0.8982186,0.0,0.0,0.0,3.171148,-0.830639,-2.785236,-0.3086997,-0.4007999,2.069,0.6783155,0.01568357,-0.7346034,0.1977146,0.9590015,0.2030395,0.7076702,-0.2829666,0.6474047,static,50.98471,-40.65033,-8.486064,-10.96336
05/11/2023 13:10:26.813144,4505,True,True,True,True,Eyes,1.835671,0.1776415,-3.580436,0.6791036,-0.4746527,0.5599314,0.0,0.0,0.0,0.0,0.0,0.0,0.0,-3.993942,0.1597933,0.9534545,2.031508,0.1803372,-3.56744,0.1333224,0.3943381,-0.04877986,0.9079335,16.29406,47.09462,0.989195,0.4390224,0.04388039,-0.8974037,0.0,0.0,0.0,3.181358,-0.8292955,-2.776607,-0.3087,-0.4007999,2.069,0.684236,0.01657043,-0.7290725,0.1937259,0.9596913,0.2036242,0.7030586,-0.2805672,0.6534453,static,50.49389,-40.28788,-8.486075,-10.96336
05/11/2023 13:10:26.828575,4506,True,True,True,True,Eyes,2.056689,0.1723071,-3.552705,0.5575109,-0.4445387,0.7011185,0.0,0.0,0.0,0.0,0.0,0.0,0.0,-3.989402,0.1728002,0.9701155,2.040587,0.1783628,-3.562373,0.1333758,0.3910751,-0.04729225,0.9094144,16.23498,46.69408,1.09233,0.4407053,0.04390376,-0.8965773,0.0,0.0,0.0,3.190876,-0.8295196,-2.769215,-0.3087001,-0.4008,2.069,0.6896474,0.01830341,-0.723914,0.1903364,0.9599487,0.2055981,0.6986835,-0.2795774,0.6585423,static,38.4908,-32.37642,-8.486073,-10.96336
05/11/2023 13:10:26.848079,4507,True,True,True,True,Eyes,2.05704,0.1722116,-3.552477,0.5573953,-0.4445044,0.7012321,0.0,0.0,0.0,0.0,0.0,0.0,0.0,-3.984749,0.1856667,0.9848225,2.049535,0.1760711,-3.556822,0.1331613,0.3880167,-0.04562029,0.9108402,16.13969,46.319,1.206862,0.44847,0.04363879,-0.8927317,0.663056,-0.01600313,0.08319497,3.200636,-0.830537,-2.762678,-0.3086997,-0.4008,2.069,0.6947237,0.02023203,-0.7189921,0.1864432,0.9603738,0.2071744,0.6946926,-0.2779801,0.6634223,static,38.48048,-32.37022,-8.486065,-10.96336
05/11/2023 13:10:26.858296,4508,True,True,True,True,Eyes,2.057718,0.1720169,-3.552009,0.5570996,-0.4444836,0.7014802,0.0,0.0,0.0,0.0,0.0,0.0,0.0,-3.979987,0.1962979,0.9992206,2.05828,0.1736648,-3.55114,0.1332838,0.3849992,-0.04455351,0.9121547,16.10848,45.94713,1.273294,0.4549308,0.04341887,-0.8894674,0.6232727,-0.01504294,0.07820328,3.211841,-0.8278443,-2.754586,-0.3086998,-0.4008002,2.069,0.6995812,0.0213489,-0.7142342,0.1839077,0.9605008,0.2088447,0.6904812,-0.2774569,0.668022,static,38.45581,-32.35985,-8.486068,-10.96336
05/11/2023 13:10:26.878556,4509,True,True,True,True,Eyes,2.058728,0.1717398,-3.551322,0.5566507,-0.4444934,0.7018302,0.0,0.0,0.0,0.0,0.0,0.0,0.0,-3.974493,0.2078441,1.013924,2.066824,0.1710888,-3.544969,0.1337288,0.3818794,-0.04361977,0.9134451,16.11838,45.56579,1.338927,0.4603326,0.04323366,-0.8866928,0.5858763,-0.01414037,0.07351108,3.220426,-0.8288897,-2.74533,-0.3087,-0.4007999,2.069,0.7045308,0.02244802,-0.7093183,0.1818251,0.9604279,0.2109928,0.6859854,-0.2776228,0.6725695,static,38.4194,-32.3475,-8.486072,-10.96336
05/11/2023 13:10:26.898574,4510,True,True,True,True,Eyes,2.060026,0.1713918,-3.550383,0.5560309,-0.4445988,0.7022545,0.0,0.0,0.0,0.0,0.0,0.0,0.0,-3.969152,0.2188448,1.026788,2.07526,0.168779,-3.538525,0.1340835,0.37897,-0.04261666,0.9146515,16.11584,45.21152,1.411717,0.4648749,0.04307469,-0.8843277,0.5507237,-0.01329195,0.06910042,3.227869,-0.8313535,-2.735708,-0.3086995,-0.4007999,2.069,0.7091311,0.02366846,-0.7046793,0.179586,0.960411,0.2129785,0.6818225,-0.2775802,0.6768067,static,38.37147,-32.33798,-8.48606,-10.96336
05/11/2023 13:10:26.907990,4511,True,True,True,True,Eyes,2.061648,0.1709991,-3.549233,0.5552633,-0.4446004,0.7028607,0.0,0.0,0.0,0.0,0.0,0.0,0.0,-3.96285,0.239135,1.03905,2.083518,0.1667395,-3.531593,0.1358347,0.3758741,-0.0412113,0.9157342,16.24573,44.8595,1.589824,0.4687206,0.04293511,-0.8823021,0.5176803,-0.01249443,0.06495439,3.236715,-0.8301227,-2.724441,-0.3086998,-0.4008,2.069,0.7140406,0.02663629,-0.6995974,0.1775907,0.9597011,0.2177965,0.6772058,-0.2797575,0.6805353,static,38.30891,-32.31574,-8.486066,-10.96336
05/11/2023 13:10:26.928369,4512,True,True,True,True,Eyes,2.063532,0.1705708,-3.547824,0.5543808,-0.4446081,0.7035521,0.0,0.0,0.0,0.0,0.0,0.0,0.0,-3.956325,0.2597114,1.050789,2.091795,0.1651616,-3.524376,0.136821,0.3728634,-0.03908788,0.9169106,16.26344,44.51731,1.811769,0.4720643,0.04280681,-0.8805239,0.4866195,-0.01174476,0.06105713,3.24409,-0.8303564,-2.712501,-0.3086996,-0.4008,2.069,0.7188901,0.0303509,-0.6944608,0.1737113,0.9595042,0.2217564,0.6730686,-0.2800542,0.6845058,static,38.23719,-32.29074,-8.486064,-10.96336
05/11/2023 13:10:26.938306,4513,True,True,True,True,Eyes,2.063532,0.1705708,-3.547824,0.5543808,-0.4446081,0.7035521,0.0,0.0,0.0,0.0,0.0,0.0,0.0,-3.949677,0.2778234,1.061812,2.099977,0.1638638,-3.516792,0.1374416,0.3699709,-0.03699189,0.9180757,16.24441,44.18517,2.016112,0.475118,0.04268075,-0.878886,0.4574223,-0.01104008,0.0573937,3.254765,-0.8238791,-2.698142,-0.3087001,-0.4008,2.069,0.7235064,0.03377603,-0.6894909,0.1696215,0.9594828,0.2249917,0.669154,-0.2797354,0.6884628,static,38.23719,-32.29074,-8.486077,-10.96336
05/11/2023 13:10:26.958269,4514,True,True,True,True,Eyes,2.063532,0.1705708,-3.547824,0.5543808,-0.4446081,0.7035521,0.0,0.0,0.0,0.0,0.0,0.0,0.0,-3.943172,0.2929715,1.071995,2.108171,0.1630133,-3.508938,0.1372329,0.36726,-0.03461605,0.9192871,16.12531,43.86797,2.21663,0.4778614,0.04256685,-0.8774029,0.429977,-0.01037767,0.05395008,3.260388,-0.8251714,-2.685179,-0.3086999,-0.4008,2.069,0.7278436,0.03715611,-0.6847358,0.1644445,0.9599378,0.2268866,0.6657339,-0.277739,0.6925744,static,38.23719,-32.29074,-8.486071,-10.96336
05/11/2023 13:10:26.978586,4515,True,True,True,True,Eyes,2.063532,0.1705708,-3.547824,0.5543808,-0.4446081,0.7035521,0.0,0.0,0.0,0.0,0.0,0.0,0.0,-3.936736,0.3020055,1.081507,2.116416,0.161862,-3.500476,0.1334623,0.3649282,-0.03045334,0.920917,15.54778,43.56911,2.458038,0.4803265,0.042464,-0.8760608,0.4041784,-0.009755013,0.05071307,3.265631,-0.8269988,-2.671487,-0.3086995,-0.4007999,2.069,0.7318,0.04131831,-0.6802658,0.1534983,0.9625208,0.2235888,0.6640083,-0.2680419,0.6980305,static,38.23719,-32.29074,-8.486059,-10.96336
05/11/2023 13:10:26.988281,4516,True,True,True,True,Eyes,2.063532,0.1705708,-3.547824,0.5543808,-0.4446081,0.7035521,0.0,0.0,0.0,0.0,0.0,0.0,0.0,-3.930897,0.3148831,1.088132,2.12445,0.1618798,-3.492226,0.1315306,0.3627887,-0.02688703,0.9221504,15.19415,43.3142,2.723068,0.4825419,0.04237113,-0.8748469,0.3799276,-0.009169712,0.04767029,3.270804,-0.8258789,-2.6562,-0.3086998,-0.4008,2.069,0.735323,0.04584786,-0.6761643,0.1450234,0.9639536,0.2230734,0.6620184,-0.2620906,0.7021682,static,38.23719,-32.29074,-8.486067,-10.96336
05/11/2023 13:10:27.008260,4517,True,True,True,True,Eyes,2.063532,0.1705708,-3.547824,0.5543808,-0.4446081,0.7035521,0.0,0.0,0.0,0.0,0.0,0.0,0.0,-3.921712,0.3513964,1.09809,2.132814,0.1633258,-3.483322,0.1326356,0.3596439,-0.02186571,0.9233559,15.10967,42.99493,3.267277,0.484533,0.04228733,-0.8737499,0.357132,-0.008619529,0.04481007,3.272276,-0.832504,-2.643331,-0.3087,-0.4007999,2.069,0.7403563,0.05502349,-0.6699589,0.1357828,0.9638594,0.2292119,0.6583582,-0.2606674,0.7061281,static,38.23719,-32.29074,-8.486073,-10.96336
05/11/2023 13:10:27.028229,4518,True,True,True,True,Eyes,2.063532,0.1705708,-3.547824,0.5543808,-0.4446081,0.7035521,0.0,0.0,0.0,0.0,0.0,0.0,0.0,-3.911536,0.3822336,1.113468,2.141019,0.1644832,-3.474911,0.1320829,0.3561091,-0.01658483,0.9249137,14.8413,42.60519,3.760191,0.4863228,0.04221172,-0.8727586,0.3357041,-0.008102357,0.04212147,3.279234,-0.8275267,-2.62827,-0.3086996,-0.4008001,2.069,0.7458225,0.06339275,-0.6631214,0.1247509,0.9645581,0.2325185,0.6543591,-0.2561426,0.7114809,static,38.23719,-32.29074,-8.486062,-10.96336
05/11/2023 13:10:27.038262,4519,True,True,True,True,Eyes,2.063532,0.1705708,-3.547824,0.5543808,-0.4446081,0.7035521,0.0,0.0,0.0,0.0,0.0,0.0,0.0,-3.901622,0.4229576,1.124837,2.149194,0.1682332,-3.46691,0.1400277,0.3522356,-0.01586196,0.925241,15.6817,42.25188,4.12727,0.4879321,0.04214352,-0.8718632,0.3155618,-0.007616216,0.03959418,3.280914,-0.8308479,-2.615866,-0.3086999,-0.4007999,2.069,0.7513569,0.06929322,-0.6562479,0.1279977,0.9602813,0.2479444,0.6473634,-0.270293,0.7126446,static,38.23719,-32.29074,-8.486072,-10.96336
05/11/2023 13:10:27.058970,4520,True,True,True,True,Eyes,2.063532,0.1705708,-3.547824,0.5543808,-0.4446081,0.7035521,0.0,0.0,0.0,0.0,0.0,0.0,0.0,-3.893824,0.440512,1.135631,2.158413,0.1727314,-3.457888,0.1410843,0.3491741,-0.01322436,0.9262816,15.70014,41.91754,4.410164,0.4893789,0.04208202,-0.8710549,0.2966281,-0.007159243,0.03721853,3.289196,-0.8223138,-2.601088,-0.3086998,-0.4008,2.069,0.7558051,0.07402699,-0.6505987,0.1230249,0.9598407,0.2521323,0.6431357,-0.2706027,0.7163453,static,38.23719,-32.29074,-8.486068,-10.96336
05/11/2023 13:10:27.078337,4521,True,True,True,True,Eyes,2.063532,0.1705708,-3.547824,0.5543808,-0.4446081,0.7035521,0.0,0.0,0.0,0.0,0.0,0.0,0.0,-3.892676,0.4152375,1.141103,2.16636,0.1734921,-3.450254,0.134251,0.3481933,-0.01159214,0.9276873,14.90153,41.70463,4.271799,0.4906796,0.04202658,-0.8703256,0.2788304,-0.006729688,0.03498542,3.298108,-0.8114792,-2.587161,-0.3086998,-0.4008,2.069,0.7572541,0.07198284,-0.6491415,0.1149984,0.9636846,0.2410133,0.6429164,-0.2571585,0.7214761,static,38.23719,-32.29074,-8.486067,-10.96336
05/11/2023 13:10:27.088026,4522,True,True,True,True,Eyes,2.063532,0.1705708,-3.547824,0.5543808,-0.4446081,0.7035521,0.0,0.0,0.0,0.0,0.0,0.0,0.0,-3.892659,0.4139206,1.134911,2.173198,0.1729876,-3.443754,0.1391033,0.3474005,-0.01528503,0.9272161,15.57965,41.63548,4.066223,0.4918496,0.04197659,-0.8696673,0.2621006,-0.006325907,0.03288629,3.292273,-0.8288114,-2.578363,-0.3086998,-0.4007999,2.069,0.7581586,0.06830405,-0.6484829,0.1249942,0.9608333,0.2473376,0.6399782,-0.2685777,0.7199264,static,38.23719,-32.29074,-8.48607,-10.96336
05/11/2023 13:10:27.108788,4523,True,True,True,True,Eyes,2.063532,0.1705708,-3.547824,0.5543808,-0.4446081,0.7035521,0.0,0.0,0.0,0.0,0.0,0.0,0.0,-3.888812,0.4369681,1.131724,2.180228,0.1727722,-3.436764,0.1443412,0.3457981,-0.01551902,0.9270105,16.16142,41.51614,4.242428,0.4929018,0.04193154,-0.8690736,0.2463745,-0.005946353,0.03091311,3.295491,-0.8235221,-2.561828,-0.3086997,-0.4008,2.069,0.7603657,0.07105323,-0.645597,0.1285984,0.9578496,0.2568787,0.6366369,-0.2783445,0.7191786,static,38.23719,-32.29074,-8.486065,-10.96336
05/11/2023 13:10:27.128413,4524,True,True,True,True,Eyes,2.063532,0.1705708,-3.547824,0.5543808,-0.4446081,0.7035521,0.0,0.0,0.0,0.0,0.0,0.0,0.0,-3.880397,0.482569,1.136579,2.186663,0.1734555,-3.430828,0.1496638,0.3430122,-0.0124077,0.9272484,16.6224,41.29843,4.768918,0.4938481,0.04189094,-0.8685381,0.2315921,-0.005589571,0.02905832,3.292213,-0.8260427,-2.544749,-0.3086999,-0.4008,2.069,0.7643774,0.07966301,-0.639829,0.1256831,0.9548935,0.2690391,0.632401,-0.286063,0.7198867,static,38.23719,-32.29074,-8.486071,-10.96336
05/11/2023 13:10:27.138213,4525,True,True,True,True,Eyes,2.063532,0.1705708,-3.547824,0.5543808,-0.4446081,0.7035521,0.0,0.0,0.0,0.0,0.0,0.0,0.0,-3.869289,0.5227851,1.151446,2.193626,0.1755858,-3.424573,0.1559978,0.3388967,-0.01087676,0.9277368,17.26683,40.91483,5.140039,0.4946996,0.04185434,-0.8680552,0.2176965,-0.005254197,0.02731482,3.289504,-0.8300081,-2.529555,-0.3086998,-0.4008001,2.069,0.7700615,0.08555274,-0.6322073,0.1259159,0.9510928,0.2820777,0.6254203,-0.2968221,0.7216275,static,38.23719,-32.29074,-8.486071,-10.96337
05/11/2023 13:10:27.158321,4526,True,True,True,True,Eyes,2.070422,0.1708925,-3.542798,0.5511104,-0.4443799,0.7062605,0.0,0.0,0.0,0.0,0.0,0.0,0.0,-3.860307,0.5314263,1.171241,2.200962,0.1777573,-3.417654,0.1536351,0.335488,-0.007572589,0.9294014,16.89738,40.48974,5.337698,0.4954649,0.0418214,-0.8676201,0.2046348,-0.004938945,0.02567594,3.294645,-0.822832,-2.516063,-0.3086998,-0.4008,2.069,0.7747809,0.08900952,-0.6259328,0.1171614,0.9526778,0.2804964,0.6212791,-0.2906584,0.7276882,static,37.96569,-32.17815,-8.486068,-10.96336
05/11/2023 13:10:27.178600,4527,True,True,True,True,Eyes,2.077319,0.1712505,-3.537712,0.5478122,-0.4439836,0.70907,0.0,0.0,0.0,0.0,0.0,0.0,0.0,-3.85207,0.536402,1.19096,2.207807,0.1786863,-3.411483,0.1499252,0.332353,-0.003987699,0.9311543,16.37111,40.07967,5.516203,0.4963323,0.04180049,-0.8671252,0.1923567,-0.004642609,0.02413538,3.301396,-0.8131512,-2.502803,-0.3086998,-0.4008,2.069,0.7790512,0.09222987,-0.6201394,0.1070825,0.955013,0.2765563,0.617748,-0.2818577,0.7341278,static,37.6889,-32.0527,-8.486066,-10.96336
05/11/2023 13:10:27.188489,4528,True,True,True,True,Eyes,2.084208,0.1716381,-3.532575,0.5445104,-0.4430395,0.7121969,0.0,0.0,0.0,0.0,0.0,0.0,0.0,-3.843291,0.5424453,1.211478,2.214769,0.1797999,-3.405185,0.1477957,0.3289052,-0.001430676,0.9327248,16.06017,39.64543,5.646631,0.497293,0.04179132,-0.8665752,0.1808153,-0.004364052,0.02268726,3.304802,-0.8089048,-2.490286,-0.3086994,-0.4008,2.069,0.7836387,0.09455272,-0.6139791,0.09989043,0.9563087,0.2747644,0.6131333,-0.2766466,0.7399556,static,37.39973,-31.88469,-8.486059,-10.96336
05/11/2023 13:10:27.207987,4529,True,True,True,True,Eyes,2.091089,0.1720124,-3.5274,0.5410549,-0.4419788,0.7154819,0.0,0.0,0.0,0.0,0.0,0.0,0.0,-3.832482,0.5396266,1.240733,2.22144,0.1806505,-3.398691,0.1431401,0.3247631,0.001536086,0.9348996,15.46475,39.08773,5.707264,0.4983368,0.04179348,-0.8659752,0.1699664,-0.004102209,0.02132602,3.307856,-0.8072887,-2.479765,-0.3086997,-0.4007999,2.069001,0.789053,0.09584542,-0.6068022,0.09010108,0.9590171,0.2686409,0.6076818,-0.2666455,0.7480797,static,37.09695,-31.70511,-8.486063,-10.96336
05/11/2023 13:10:27.228486,4530,True,True,True,True,Eyes,2.097785,0.1723722,-3.522074,0.5373296,-0.4409304,0.7189279,0.0,0.0,0.0,0.0,0.0,0.0,0.0,-3.818829,0.5464748,1.27528,2.227966,0.180625,-3.392929,0.1410932,0.3196035,0.003741737,0.9369805,15.18944,38.44035,5.78053,0.4994558,0.04180553,-0.8653297,0.1597684,-0.003856076,0.02004646,3.316271,-0.797551,-2.468802,-0.3086999,-0.4007999,2.069,0.7956792,0.09719963,-0.5978686,0.08317588,0.9601574,0.2667949,0.5999803,-0.2620114,0.7558926,static,36.77458,-31.52148,-8.486069,-10.96336
05/11/2023 13:10:27.238361,4531,True,True,True,True,Eyes,2.104484,0.1727469,-3.516713,0.5333484,-0.4400086,0.7224486,0.0,0.0,0.0,0.0,0.0,0.0,0.0,-3.802782,0.5641693,1.310866,2.234271,0.181265,-3.387179,0.1430459,0.3137572,0.004583281,0.9386551,15.4065,37.75852,5.856319,0.5006411,0.04182635,-0.8646435,0.1501823,-0.003624712,0.01884367,3.319114,-0.7961597,-2.4584,-0.3087001,-0.4007998,2.069,0.8030708,0.09836762,-0.5877084,0.08115914,0.9590337,0.2714176,0.5903309,-0.2656654,0.7621885,static,36.43663,-31.34358,-8.486073,-10.96335
05/11/2023 13:10:27.258398,4532,True,True,True,True,Eyes,2.268486,0.1817912,-3.380283,0.4230215,-0.4149459,0.8055264,0.0,0.0,0.0,0.0,0.0,0.0,0.0,-3.786506,0.576188,1.348524,2.240938,0.1820114,-3.381302,0.1439924,0.3077665,0.005312092,0.9404881,15.52011,37.04173,5.87487,0.5018861,0.04185544,-0.86392,0.1411713,-0.003407229,0.01771305,3.322209,-0.7906532,-2.444104,-0.3086998,-0.4007999,2.069,0.8105032,0.09862399,-0.5773716,0.07864015,0.9584759,0.2741161,0.5804311,-0.2675765,0.769092,static,27.70617,-27.25408,-8.486067,-10.96336
05/11/2023 13:10:27.278348,4533,True,True,True,True,Eyes,2.268617,0.1818019,-3.379959,0.4226659,-0.4150797,0.805644,0.0,0.0,0.0,0.0,0.0,0.0,0.0,-3.770694,0.5858618,1.384349,2.247001,0.1825939,-3.375713,0.1454577,0.3020184,0.005250154,0.9421249,15.71826,36.35396,5.828542,0.5107536,0.04227058,-0.858687,0.624709,0.02392998,0.4259411,3.330017,-0.7704529,-2.423374,-0.3087,-0.4008001,2.069,0.8175146,0.09775438,-0.5675507,0.07796918,0.957629,0.2772498,0.5706055,-0.2709073,0.7752539,static,27.6829,-27.25819,-8.486073,-10.96337
05/11/2023 13:10:27.298514,4534,True,True,True,True,Eyes,2.268986,0.1818405,-3.379401,0.421912,-0.4151536,0.8060011,0.0,0.0,0.0,0.0,0.0,0.0,0.0,-3.754261,0.597567,1.41991,2.253387,0.1834135,-3.369913,0.1475762,0.2961277,0.005013682,0.9436656,15.99513,35.65753,5.783305,0.5178658,0.04260799,-0.8543998,0.5872265,0.02249418,0.4003846,3.32973,-0.7621439,-2.403057,-0.3087001,-0.4007999,2.069,0.8245665,0.09686525,-0.5574111,0.07794029,0.9563923,0.2814945,0.5603707,-0.2755557,0.7810594,static,27.63041,-27.25201,-8.486074,-10.96336
05/11/2023 13:10:27.308732,4535,True,True,True,True,Eyes,2.269596,0.1818923,-3.378625,0.4207664,-0.4151984,0.8065766,0.0,0.0,0.0,0.0,0.0,0.0,0.0,-3.736729,0.6004519,1.460056,2.259469,0.1841232,-3.363978,0.1467086,0.2900848,0.005707502,0.9456718,15.91226,34.90739,5.723746,0.5235837,0.0428841,-0.8508941,0.5519928,0.02114453,0.3763615,3.318745,-0.7688839,-2.381878,-0.3086998,-0.4007999,2.069,0.8316365,0.09591069,-0.5469753,0.07432101,0.9568881,0.2807876,0.5503246,-0.274165,0.7886548,static,27.54967,-27.23788,-8.48607,-10.96336
05/11/2023 13:10:27.328326,4536,True,True,True,True,Eyes,2.270307,0.1819335,-3.377553,0.4194273,-0.4151658,0.8072907,0.0,0.0,0.0,0.0,0.0,0.0,0.0,-3.719012,0.604315,1.49979,2.265822,0.1845064,-3.358217,0.1461817,0.2839962,0.006237827,0.9475961,15.87261,34.1567,5.659237,0.5281932,0.04311148,-0.8480288,0.5188733,0.01987586,0.3537798,3.308833,-0.7709451,-2.358971,-0.3086995,-0.4007999,2.069,0.8386145,0.09485194,-0.5364036,0.07120818,0.957184,0.2805854,0.5400509,-0.2734993,0.7959542,static,27.4541,-27.21542,-8.486061,-10.96336
05/11/2023 13:10:27.338669,4537,True,True,True,True,Eyes,2.271226,0.181976,-3.376257,0.4179501,-0.4151159,0.808082,0.0,0.0,0.0,0.0,0.0,0.0,0.0,-3.699987,0.6097481,1.539951,2.272033,0.1847283,-3.352147,0.1453843,0.2777916,0.00722703,0.9495489,15.7883,33.39584,5.635685,0.5319217,0.04329969,-0.8456855,0.4877409,0.01868331,0.332553,3.292778,-0.7849143,-2.339939,-0.3087003,-0.4007998,2.069,0.8455592,0.0944979,-0.525452,0.06704823,0.9576223,0.2801142,0.5296547,-0.2720838,0.8033905,moving,27.34857,-27.1898,-8.48608,-10.96335
05/11/2023 13:10:27.358470,4538,True,True,True,True,Eyes,2.272357,0.1820213,-3.374755,0.416094,-0.4149927,0.8091024,0.0,0.0,0.0,0.0,0.0,0.0,0.0,-3.680686,0.6135279,1.580601,2.278604,0.1848913,-3.346034,0.1438557,0.2715551,0.008563006,0.9515724,15.61236,32.62682,5.626516,0.5349523,0.04345646,-0.8437637,0.4584764,0.01756231,0.3125998,3.279642,-0.7940989,-2.321547,-0.3076398,-0.3980462,2.069145,0.852369,0.09442611,-0.514345,0.06183284,0.9584645,0.2784288,0.5192723,-0.2691275,0.8111267,moving,27.21523,-27.15352,-8.456768,-10.8891
05/11/2023 13:10:27.378403,4539,True,True,True,True,Eyes,2.273708,0.182055,-3.373053,0.4140925,-0.4147666,0.8102444,0.0,0.0,0.0,0.0,0.0,0.0,0.0,-3.659827,0.6171113,1.622853,2.284813,0.1849931,-3.339793,0.142648,0.2650447,0.009581349,0.9535782,15.48422,31.82699,5.590936,0.5374318,0.043588,-0.8421797,0.4309678,0.01650857,0.2938438,3.270131,-0.7946718,-2.301157,-0.3065937,-0.3953307,2.069286,0.859319,0.0938893,-0.5027481,0.05734305,0.9591196,0.2771309,0.5082152,-0.266973,0.8188057,moving,27.07026,-27.10805,-8.427857,-10.81585
05/11/2023 13:10:27.388337,4540,True,True,True,True,Eyes,2.275257,0.1820686,-3.371156,0.4116998,-0.4145332,0.8115822,0.0,0.0,0.0,0.0,0.0,0.0,0.0,-3.639064,0.6160668,1.665429,2.291328,0.1847516,-3.333416,0.1411157,0.2585076,0.01009056,0.9555932,15.33614,31.01429,5.488729,0.5395429,0.04370144,-0.8408229,0.4051098,0.01551806,0.2762132,3.257329,-0.8011585,-2.282402,-0.3055492,-0.3926187,2.069429,0.866144,0.09224393,-0.4912084,0.05367403,0.959969,0.2749154,0.4969042,-0.2644815,0.8265203,moving,26.89779,-27.05666,-8.398985,-10.74266
05/11/2023 13:10:27.408102,4541,True,True,True,True,Eyes,2.276999,0.1820599,-3.369061,0.4091704,-0.4145194,0.8128673,0.0,0.0,0.0,0.0,0.0,0.0,0.0,-3.616948,0.619477,1.707665,2.297643,0.1842951,-3.327019,0.1405807,0.2517986,0.01044852,0.9574579,15.30387,30.19505,5.401959,0.5414885,0.04380449,-0.8395659,0.3808032,0.01458697,0.2596404,3.248139,-0.8018742,-2.263078,-0.3045593,-0.3900485,2.069564,0.8729766,0.09080405,-0.4792353,0.05078798,0.9602558,0.2744619,0.4851107,-0.2639382,0.8336691,moving,26.71917,-27.01918,-8.371621,-10.67327
05/11/2023 13:10:27.428208,4542,True,True,True,True,Eyes,2.278931,0.182028,-3.366779,0.4062395,-0.4145451,0.8143229,0.0,0.0,0.0,0.0,0.0,0.0,0.0,-3.593112,0.6283463,1.750515,2.304285,0.183842,-3.320549,0.1410404,0.2447365,0.0108249,0.9592156,15.38346,29.34871,5.344234,0.5432909,0.04389768,-0.8383957,0.357955,0.01371176,0.244062,3.242508,-0.7975734,-2.243749,-0.3035291,-0.3873721,2.069704,0.8799738,0.08980229,-0.4664567,0.04826863,0.9599809,0.2758748,0.4725636,-0.2652778,0.8404233,moving,26.51313,-26.97915,-8.343145,-10.601
05/11/2023 13:10:27.438776,4543,True,True,True,True,Eyes,2.281064,0.1819661,-3.364319,0.4031639,-0.4148172,0.8157117,0.0,0.0,0.0,0.0,0.0,0.0,0.0,-3.568997,0.6343162,1.79323,2.310834,0.1832795,-3.313945,0.1411948,0.2377039,0.01098136,0.9609581,15.43494,28.49992,5.251725,0.5449705,0.04398156,-0.8373005,0.3364777,0.01288905,0.2294183,3.237574,-0.7919526,-2.224312,-0.3024963,-0.3846921,2.069845,0.8867525,0.08823038,-0.453746,0.04601988,0.9598868,0.2765852,0.459948,-0.2661439,0.8471217,moving,26.3008,-26.95489,-8.314598,-10.52861
05/11/2023 13:10:27.458411,4544,True,True,True,True,Eyes,2.28339,0.1818842,-3.361679,0.3997105,-0.4151633,0.8172337,0.0,0.0,0.0,0.0,0.0,0.0,0.0,-3.544925,0.643993,1.833813,2.317725,0.1825689,-3.307402,0.1424242,0.2307121,0.01080009,0.9624816,15.61535,27.66665,5.153427,0.5465448,0.04405636,-0.8362699,0.316289,0.01211571,0.2156532,3.235131,-0.7830645,-2.204505,-0.3014506,-0.3819759,2.069987,0.8933106,0.08650772,-0.4410358,0.0449282,0.9591975,0.2791448,0.4471886,-0.2691779,0.8529746,moving,26.06334,-26.93105,-8.285694,-10.45521
05/11/2023 13:10:27.482682,4545,True,True,True,True,Eyes,2.28583,0.1817734,-3.358836,0.3959665,-0.4153082,0.8189808,0.0,0.0,0.0,0.0,0.0,0.0,0.0,-3.521268,0.6502135,1.873411,2.32475,0.1820498,-3.300631,0.1431549,0.2238797,0.01053755,0.9639884,15.74051,26.8455,5.031531,0.5480297,0.04412254,-0.835294,0.2973117,0.01138876,0.202714,3.231598,-0.7787085,-2.187312,-0.3004336,-0.3793353,2.070124,0.8995337,0.08441509,-0.4286178,0.04378278,0.9587913,0.2807176,0.4346518,-0.271281,0.8587691,moving,25.80316,-26.88974,-8.257587,-10.38384
05/11/2023 13:10:27.498288,4546,True,True,True,True,Eyes,2.288459,0.1816277,-3.355819,0.3919164,-0.4154714,0.8208441,0.0,0.0,0.0,0.0,0.0,0.0,0.0,-3.497503,0.6555329,1.912178,2.331671,0.1816504,-3.293781,0.1435944,0.2171554,0.01041687,0.9654614,15.82771,26.03652,4.917951,0.5494393,0.04418042,-0.8343645,0.279473,0.01070544,0.1905511,3.226403,-0.7772555,-2.170402,-0.2994131,-0.3766862,2.070264,0.90547,0.08247876,-0.4163187,0.04225043,0.9585443,0.2817939,0.4223019,-0.2727455,0.8644484,moving,25.52239,-26.84632,-8.229376,-10.3122
05/11/2023 13:10:27.508470,4547,True,True,True,True,Eyes,2.291212,0.1814485,-3.352597,0.3877125,-0.4152946,0.8229274,0.0,0.0,0.0,0.0,0.0,0.0,0.0,-3.473829,0.6643056,1.948609,2.338882,0.1806736,-3.286769,0.1436341,0.2106395,0.01118624,0.9668894,15.84549,25.26211,4.898241,0.5507858,0.04422998,-0.8334735,0.2627046,0.01006311,0.1791181,3.221416,-0.7746807,-2.153243,-0.2984058,-0.3740693,2.070401,0.9110118,0.08214176,-0.4041167,0.03887834,0.9584882,0.2824692,0.4105437,-0.2730441,0.8700004,moving,25.22691,-26.77803,-8.20153,-10.24142
05/11/2023 13:10:27.528346,4548,True,True,True,True,Eyes,2.294166,0.1812368,-3.349209,0.3833057,-0.4149995,0.8251376,0.0,0.0,0.0,0.0,0.0,0.0,0.0,-3.450947,0.6692896,1.984116,2.346456,0.1797609,-3.279562,0.1426843,0.2043366,0.01227264,0.9683682,15.74321,24.50729,4.892079,0.552081,0.04427139,-0.8326141,0.2469423,0.009459325,0.168371,3.218413,-0.7702408,-2.135947,-0.2973576,-0.3713468,2.070543,0.9161919,0.08208012,-0.3922439,0.03454237,0.9589812,0.2813574,0.3992484,-0.2713264,0.8757755,moving,24.91654,-26.69992,-8.172556,-10.16776
05/11/2023 13:10:27.538275,4549,True,True,True,True,Eyes,2.29729,0.1809838,-3.345643,0.3787526,-0.4143462,0.8275649,0.0,0.0,0.0,0.0,0.0,0.0,0.0,-3.431293,0.6697108,2.015013,2.354263,0.1787363,-3.272317,0.1407905,0.1988025,0.0135511,0.9697795,15.52646,23.83809,4.897752,0.5533346,0.04430466,-0.8317797,0.2321258,0.008891766,0.1582687,3.216797,-0.7661236,-2.120039,-0.2963527,-0.3687375,2.07068,0.9205878,0.08226214,-0.3817733,0.02969584,0.9599888,0.2784594,0.3894048,-0.2676835,0.8813112,moving,24.59221,-26.59627,-8.144778,-10.09714
05/11/2023 13:10:27.559061,4550,True,True,True,True,Eyes,2.300603,0.1806831,-3.341908,0.3739155,-0.4136206,0.8301236,0.0,0.0,0.0,0.0,0.0,0.0,0.0,-3.409437,0.6718662,2.048151,2.362131,0.1775368,-3.264875,0.1389888,0.192842,0.01498836,0.9712207,15.31923,23.12284,4.92014,0.5545552,0.04432964,-0.830965,0.2181982,0.00835826,0.1487726,3.216841,-0.7606574,-2.104339,-0.2952905,-0.3659785,2.070825,0.9251747,0.08271976,-0.3704177,0.02449175,0.9609149,0.2757584,0.3787507,-0.2641969,0.8869882,moving,24.2484,-26.48542,-8.115414,-10.02244
05/11/2023 13:10:27.578419,4551,True,True,True,True,Eyes,2.304105,0.1803339,-3.338019,0.3687685,-0.4127183,0.8328706,0.0,0.0,0.0,0.0,0.0,0.0,0.0,-3.383712,0.674989,2.08628,2.370047,0.1760657,-3.257232,0.1373515,0.186056,0.01632468,0.9727545,15.13795,22.31085,4.924842,0.5557522,0.04434604,-0.8301643,0.2051063,0.007856764,0.1398463,3.216408,-0.7567115,-2.089172,-0.2942547,-0.3632906,2.070966,0.9302334,0.08286992,-0.3574892,0.01935031,0.9617361,0.273293,0.3664581,-0.2611438,0.8930355,moving,23.88223,-26.36012,-8.086782,-9.949641
05/11/2023 13:10:27.588034,4552,True,True,True,True,Eyes,2.30781,0.1799418,-3.333974,0.3632445,-0.4118701,0.8357132,0.0,0.0,0.0,0.0,0.0,0.0,0.0,-3.354608,0.6808315,2.128264,2.378014,0.1745215,-3.249773,0.1365269,0.1785426,0.01728532,0.9742609,15.06135,21.41729,4.897012,0.5569327,0.04435353,-0.8293723,0.1928,0.007385358,0.1314555,3.217073,-0.7517775,-2.07373,-0.2932621,-0.3607121,2.071101,0.9356475,0.08243254,-0.3431743,0.0150709,0.9621233,0.2721979,0.3526139,-0.2598532,0.8989659,moving,23.49228,-26.23577,-8.059346,-9.879788
05/11/2023 13:10:27.614293,4553,True,True,True,True,Eyes,2.311749,0.1795144,-3.329785,0.3574512,-0.4109228,0.8386722,0.0,0.0,0.0,0.0,0.0,0.0,0.0,-3.321725,0.6930517,2.173366,2.386675,0.1730959,-3.242148,0.1363412,0.1702687,0.01870539,0.9757407,15.0521,20.44839,4.926572,0.5581039,0.04435196,-0.8285847,0.181232,0.006942237,0.1235682,3.218074,-0.7496986,-2.060437,-0.2922088,-0.3579775,2.071244,0.9413174,0.08293249,-0.3271756,0.009926038,0.9621224,0.2724371,0.3373768,-0.2596973,0.9048393,moving,23.08423,-26.10339,-8.03023,-9.805684
05/11/2023 13:10:27.629967,4554,True,True,True,True,Eyes,2.315881,0.1790505,-3.325451,0.3512621,-0.4100851,0.8416918,0.0,0.0,0.0,0.0,0.0,0.0,0.0,-3.288347,0.7029311,2.218571,2.395486,0.1717051,-3.234433,0.1354737,0.1619978,0.02040628,0.9772344,14.96137,19.47847,4.974708,0.5592721,0.04434135,-0.8277972,0.1703581,0.006525703,0.1161541,3.219963,-0.746876,-2.046873,-0.29119,-0.355333,2.071382,0.9466807,0.08377631,-0.3110906,0.004009441,0.9624609,0.2713907,0.3221486,-0.2581676,0.9108072,moving,22.65218,-25.97605,-8.002068,-9.733997
05/11/2023 13:10:27.638156,4555,True,True,True,True,Eyes,2.320256,0.178534,-3.320982,0.3448024,-0.4092036,0.8447862,0.0,0.0,0.0,0.0,0.0,0.0,0.0,-3.252744,0.7162142,2.264739,2.404367,0.1703759,-3.226816,0.1359171,0.1533033,0.02142069,0.978553,15.03662,18.46331,4.965701,0.5604424,0.04432168,-0.8270063,0.1601366,0.006134161,0.1091848,3.22083,-0.7459176,-2.033729,-0.2901204,-0.3525546,2.071527,0.9520785,0.08359561,-0.2942079,-0.0002494949,0.9621354,0.2725718,0.3058536,-0.2594364,0.9160493,moving,22.203,-25.84495,-7.972501,-9.658663
05/11/2023 13:10:27.658070,4556,True,True,True,True,Eyes,2.324827,0.1779908,-3.316393,0.3379072,-0.4085757,0.8478706,0.0,0.0,0.0,0.0,0.0,0.0,0.0,-3.217378,0.7205809,2.311742,2.413461,0.1684823,-3.218964,0.1353762,0.1446115,0.02175613,0.9799427,15.01248,17.42972,4.857837,0.5616205,0.04429255,-0.8262083,0.1505284,0.005766111,0.1026337,3.220682,-0.7465508,-2.020394,-0.2890795,-0.3498521,2.071669,0.9572284,0.0817934,-0.2775314,-0.003485627,0.9623999,0.271614,0.2893124,-0.2590293,0.9215217,moving,21.72908,-25.72869,-7.943725,-9.585358
05/11/2023 13:10:27.682927,4557,True,True,True,True,Eyes,2.329587,0.1774282,-3.311656,0.3307235,-0.407965,0.8509914,0.0,0.0,0.0,0.0,0.0,0.0,0.0,-3.181389,0.7317341,2.357212,2.422845,0.1673834,-3.211685,0.1376538,0.135699,0.02058916,0.9809248,15.33536,16.37528,4.624343,0.5628101,0.04425419,-0.8254004,0.1414967,0.005420144,0.09647571,3.221233,-0.7466053,-2.007268,-0.2880656,-0.3472196,2.071808,0.9623238,0.07775181,-0.2605526,-0.003033866,0.961255,0.275644,0.2718894,-0.2644682,0.9252744,moving,21.23778,-25.61305,-7.915695,-9.513931
05/11/2023 13:10:27.688088,4558,True,True,True,True,Eyes,2.334544,0.1768447,-3.306806,0.3231281,-0.4073128,0.8542157,0.0,0.0,0.0,0.0,0.0,0.0,0.0,-3.145232,0.7400992,2.401608,2.432441,0.1664016,-3.203669,0.1383877,0.1269747,0.02052357,0.9819904,15.46079,15.34511,4.48995,0.5640149,0.04420706,-0.8245801,0.1330069,0.005094936,0.09068717,3.220511,-0.7512049,-1.99579,-0.2870342,-0.3445405,2.071948,0.9669124,0.07545136,-0.2436954,-0.005164426,0.9608553,0.2770027,0.2550563,-0.2665788,0.9294525,moving,20.72036,-25.49305,-7.887182,-9.44122
05/11/2023 13:10:27.708099,4559,True,True,True,True,Eyes,2.339634,0.1762267,-3.301836,0.3153769,-0.4067077,0.8573951,0.0,0.0,0.0,0.0,0.0,0.0,0.0,-3.106762,0.7344277,2.452903,2.442215,0.165332,-3.1963,0.1368159,0.1177109,0.02016534,0.9833713,15.3274,14.22713,4.273647,0.5652379,0.04415148,-0.8237452,0.1250265,0.00478924,0.08524594,3.221441,-0.751877,-1.983212,-0.28602,-0.341907,2.072086,0.9714749,0.07186948,-0.2259891,-0.007450595,0.9617495,0.273829,0.2370248,-0.2643343,0.9348511,moving,20.19511,-25.37745,-7.859149,-9.36973
05/11/2023 13:10:27.728215,4560,True,True,True,True,Eyes,2.344917,0.1756656,-3.296742,0.3072425,-0.4062327,0.8605679,0.0,0.0,0.0,0.0,0.0,0.0,0.0,-3.06799,0.7355823,2.501112,2.452097,0.1640608,-3.188967,0.1373827,0.1084396,0.01881781,0.9843845,15.44978,13.11233,3.976619,0.5664803,0.04408747,-0.8228948,0.1175249,0.004501885,0.08013118,3.222857,-0.750974,-1.969968,-0.2850099,-0.339284,2.072223,0.9757735,0.06684341,-0.2083221,-0.007252459,0.9615437,0.2745561,0.2186631,-0.2663937,0.9387337,moving,19.64773,-25.26974,-7.831225,-9.298505
05/11/2023 13:10:27.738226,4561,True,True,True,True,Eyes,2.350356,0.1752168,-3.291498,0.2989673,-0.4056414,0.8637555,0.0,0.0,0.0,0.0,0.0,0.0,0.0,-3.029888,0.7391089,2.545952,2.462111,0.1649165,-3.181066,0.1382172,0.09948445,0.01804405,0.9852276,15.59053,12.04596,3.753527,0.5677453,0.04401721,-0.8220263,0.1104734,0.004231772,0.07532331,3.225762,-0.746248,-1.955594,-0.2839836,-0.3366194,2.072363,0.9795545,0.06305593,-0.1910416,-0.008054054,0.9611408,0.2759411,0.2010176,-0.2687607,0.9419976,moving,19.09201,-25.15593,-7.802855,-9.226128
05/11/2023 13:10:27.758269,4562,True,True,True,True,Eyes,2.355975,0.1749232,-3.286098,0.2903365,-0.4046564,0.8671551,0.0,0.0,0.0,0.0,0.0,0.0,0.0,-2.990426,0.7429858,2.590481,2.472268,0.1671949,-3.172571,0.1379823,0.09053326,0.01873426,0.9861104,15.58927,10.99587,3.686512,0.5690348,0.04394412,-0.8211381,0.103845,0.003977865,0.07080391,3.234248,-0.7267798,-1.935989,-0.2829551,-0.3339491,2.072503,0.9829055,0.06193207,-0.1733816,-0.01196412,0.9612198,0.2755237,0.1837216,-0.2687394,0.9455292,moving,18.51132,-25.01603,-7.774424,-9.153577
05/11/2023 13:10:27.778370,4563,True,True,True,True,Eyes,2.361716,0.1747473,-3.280564,0.2815031,-0.4035633,0.8705703,0.0,0.0,0.0,0.0,0.0,0.0,0.0,-2.948409,0.7131131,2.645326,2.482325,0.1705352,-3.163602,0.1316966,0.08110878,0.01985407,0.9877669,14.88919,9.858237,3.594272,0.5703505,0.04387233,-0.8202287,0.0976143,0.003739194,0.06655568,3.241266,-0.7135219,-1.920153,-0.2818941,-0.3311945,2.072647,0.9860544,0.06058589,-0.1550037,-0.01785888,0.9645236,0.2633918,0.1654626,-0.2569505,0.9521548,moving,17.91887,-24.87065,-7.745091,-9.078711
05/11/2023 13:10:27.798397,4564,True,True,True,True,Eyes,2.367621,0.1746835,-3.274891,0.2723016,-0.4025388,0.8739647,0.0,0.0,0.0,0.0,0.0,0.0,0.0,-2.905767,0.6981859,2.695697,2.492408,0.1732248,-3.155253,0.1296838,0.07156563,0.01905556,0.9887859,14.69844,8.709455,3.333542,0.5716933,0.04380461,-0.8192968,0.09175745,0.003514842,0.06256234,3.244827,-0.7092454,-1.906803,-0.2809291,-0.3286868,2.072778,0.9890305,0.05624553,-0.1365838,-0.01912192,0.965638,0.2591864,0.1464685,-0.2537315,0.956121,moving,17.30549,-24.73029,-7.718418,-9.010545
05/11/2023 13:10:27.808162,4565,True,True,True,True,Eyes,2.373611,0.1746957,-3.269106,0.2630176,-0.4014381,0.877308,0.0,0.0,0.0,0.0,0.0,0.0,0.0,-2.859984,0.7031278,2.742034,2.502416,0.1758538,-3.146369,0.1294225,0.06188072,0.02006922,0.9894534,14.6925,7.583222,3.303019,0.5730652,0.04374332,-0.8183412,0.086252,0.003303951,0.0588086,3.248041,-0.6986504,-1.890266,-0.2798872,-0.3259812,2.072919,0.991536,0.05573263,-0.1172613,-0.0236976,0.9656941,0.2585989,0.127651,-0.2536313,0.9588411,moving,16.68877,-24.58785,-7.689617,-8.936975
05/11/2023 13:10:27.828408,4566,True,True,True,True,Eyes,2.379722,0.1747659,-3.263255,0.2533649,-0.4008402,0.8804166,0.0,0.0,0.0,0.0,0.0,0.0,0.0,-2.816146,0.6979821,2.788163,2.512305,0.1777831,-3.138221,0.1278455,0.05257007,0.02055189,0.9901867,14.53793,6.487171,3.206398,0.5744649,0.04368975,-0.817362,0.0,0.0,0.0,3.240313,-0.7218897,-1.886718,-0.2788578,-0.3233078,2.07306,0.993628,0.05414211,-0.09885344,-0.02725874,0.9664664,0.2553425,0.1093633,-0.2510209,0.9617838,moving,16.05468,-24.47905,-7.661159,-8.864262
05/11/2023 13:10:27.838201,4567,True,True,True,True,Eyes,2.385893,0.1748689,-3.257315,0.2436318,-0.4004443,0.883339,0.0,0.0,0.0,0.0,0.0,0.0,0.0,-2.773129,0.7226779,2.824836,2.5215,0.1793723,-3.130825,0.1335783,0.04350227,0.01839662,0.9899122,15.23989,5.41448,2.854229,0.5758925,0.04364451,-0.8163592,0.0,0.0,0.0,3.242305,-0.716666,-1.872851,-0.2778516,-0.320695,2.073197,0.9955382,0.048044,-0.08121207,-0.02480016,0.9636368,0.2660621,0.09104163,-0.2628609,0.9605289,moving,15.41927,-24.38622,-7.633344,-8.793178
05/11/2023 13:10:27.858212,4568,True,True,True,True,Eyes,2.392154,0.1750055,-3.251318,0.2335965,-0.4003532,0.8860869,0.0,0.0,0.0,0.0,0.0,0.0,0.0,-2.730943,0.7331481,2.862417,2.530602,0.1804265,-3.122897,0.1366334,0.03465196,0.01644654,0.989879,15.62626,4.353061,2.501323,0.5773473,0.04360758,-0.8153329,0.0,0.0,0.0,3.253179,-0.6860107,-1.851339,-0.2767937,-0.3179475,2.073341,0.9970576,0.0420294,-0.06410819,-0.02309094,0.9621216,0.2716408,0.07309678,-0.2693612,0.9602611,moving,14.7687,-24.31448,-7.604099,-8.718409
05/11/2023 13:10:27.878350,4569,True,True,True,True,Eyes,2.398451,0.1751823,-3.245255,0.2229224,-0.4004198,0.8888023,0.0,0.0,0.0,0.0,0.0,0.0,0.0,-2.691018,0.7443851,2.896761,2.539161,0.1814512,-3.11555,0.1401989,0.02631012,0.01402569,0.9896744,16.0672,3.341463,2.095627,0.5788283,0.04357896,-0.8142837,0.0,0.0,0.0,3.251755,-0.7055465,-1.850147,-0.2757169,-0.3151525,2.073488,0.9982221,0.03513904,-0.04814414,-0.02038443,0.9602951,0.2782406,0.05600968,-0.2767645,0.9593041,moving,14.08003,-24.25233,-7.574332,-8.642326
05/11/2023 13:10:27.888167,4570,True,True,True,True,Eyes,2.404799,0.1753887,-3.239124,0.2120568,-0.4005298,0.8914078,0.0,0.0,0.0,0.0,0.0,0.0,0.0,-2.6524,0.7577138,2.927847,2.547351,0.1827128,-3.107936,0.1443984,0.018295,0.01130696,0.9892858,16.57612,2.359794,1.65346,0.5803338,0.04355881,-0.8132125,0.0,0.0,0.0,3.251456,-0.722964,-1.848375,-0.2745796,-0.3121988,2.073642,0.9990749,0.02765517,-0.03293255,-0.0170881,0.9580425,0.2861163,0.03946338,-0.2852889,0.9576288,moving,13.38136,-24.19547,-7.542893,-8.561905
05/11/2023 13:10:27.908263,4571,True,True,True,True,Eyes,2.411129,0.175637,-3.232928,0.2009498,-0.4004353,0.8940194,0.0,0.0,0.0,0.0,0.0,0.0,0.0,-2.616459,0.7526286,2.959874,2.555029,0.1836494,-3.100203,0.1449124,0.01090225,0.009304374,0.9893407,16.65049,1.451504,1.290074,0.5818632,0.04354704,-0.8121197,0.0,0.0,0.0,3.249928,-0.7375589,-1.846216,-0.2737187,-0.3099645,2.073759,0.9995892,0.02157013,-0.01887543,-0.01525065,0.9578276,0.2869384,0.02426871,-0.2865327,0.957763,moving,12.66791,-24.12782,-7.519095,-8.501057
05/11/2023 13:10:27.928113,4572,True,True,True,True,Eyes,2.417481,0.1759363,-3.226653,0.1897765,-0.4002446,0.8965429,0.0,0.0,0.0,0.0,0.0,0.0,0.0,-2.582163,0.7583997,2.986748,2.562385,0.1849512,-3.09247,0.1462707,0.004024067,0.008543153,0.9891995,16.81684,0.6261274,1.082191,0.583414,0.04354389,-0.8110064,0.0,0.0,0.0,3.242001,-0.7555927,-1.842274,-0.2726924,-0.3072988,2.0739,0.9998217,0.01807897,-0.005461984,-0.01572456,0.9570638,0.2894506,0.01046044,-0.2893131,0.9571774,moving,11.95171,-24.05747,-7.490722,-8.42844
05/11/2023 13:10:27.938535,4573,True,True,True,True,Eyes,2.42382,0.1762653,-3.220294,0.1783827,-0.3992979,0.8993002,0.0,0.0,0.0,0.0,0.0,0.0,0.0,-2.54521,0.760925,3.015348,2.56936,0.1864463,-3.084323,0.1446975,-0.00290949,0.01070184,0.9894138,16.64217,359.8409,1.216145,0.5849859,0.04354979,-0.8098731,0.0,0.0,0.0,3.243335,-0.7395025,-1.823807,-0.2716751,-0.3046587,2.074038,0.999754,0.0203351,0.008854437,-0.02201909,0.9578962,0.2862691,-0.002660321,-0.2863937,0.9581084,moving,11.2194,-23.94168,-7.462599,-8.356505
05/11/2023 13:10:27.958420,4574,True,True,True,True,Eyes,2.430162,0.1766214,-3.213862,0.1668656,-0.3981827,0.9020014,0.0,0.0,0.0,0.0,0.0,0.0,0.0,-2.504155,0.7393702,3.052093,2.576041,0.1873485,-3.075979,0.1383869,-0.01038144,0.01370399,0.9902291,15.92352,359.0009,1.446023,0.5865765,0.04356464,-0.8087211,0.0,0.0,0.0,3.245962,-0.719254,-1.804446,-0.2706286,-0.3019401,2.07418,0.9994089,0.02426687,0.0243529,-0.03001349,0.9613225,0.2737848,-0.01676709,-0.2743539,0.9614826,moving,10.48093,-23.81875,-7.433671,-8.282418
05/11/2023 13:10:27.978784,4575,True,True,True,True,Eyes,2.436449,0.1769863,-3.207337,0.1552388,-0.396591,0.9047743,0.0,0.0,0.0,0.0,0.0,0.0,0.0,-2.462788,0.7291743,3.085407,2.582564,0.1883063,-3.067842,0.1353269,-0.0179555,0.01508036,0.9905235,15.58279,358.1266,1.488124,0.5881848,0.04358825,-0.8075508,0.0,0.0,0.0,3.24543,-0.7057623,-1.786982,-0.269609,-0.2992932,2.074318,0.9989004,0.02501518,0.03965224,-0.03473463,0.9629184,0.2675475,-0.03148913,-0.2686306,0.9627284,moving,9.735863,-23.66935,-7.405489,-8.210264
05/11/2023 13:10:27.988387,4576,True,True,True,True,Eyes,2.442699,0.17734,-3.20075,0.1435505,-0.3949793,0.9074055,0.0,0.0,0.0,0.0,0.0,0.0,0.0,-2.425883,0.7092038,3.115328,2.588379,0.1888034,-3.059051,0.1315235,-0.02477106,0.01550439,0.9908823,15.15415,357.3271,1.437261,0.5898094,0.04362009,-0.8063632,0.0,0.0,0.0,3.243481,-0.682515,-1.763527,-0.268507,-0.2964313,2.074469,0.998292,0.02421009,0.0531688,-0.03724201,0.9649224,0.2598806,-0.04501203,-0.2614168,0.9641759,moving,8.989629,-23.52273,-7.375025,-8.13223
05/11/2023 13:10:28.008533,4577,True,True,True,True,Eyes,2.448875,0.1776949,-3.194108,0.1317811,-0.3935647,0.9098026,0.0,0.0,0.0,0.0,0.0,0.0,0.0,-2.390266,0.7037747,3.140604,2.593833,0.1888659,-3.050971,0.1304082,-0.0312916,0.01545658,0.9908459,15.03424,356.5582,1.333116,0.5914482,0.0436591,-0.8051597,0.0,0.0,0.0,3.235342,-0.671205,-1.74322,-0.2675583,-0.2939677,2.074597,0.9975639,0.02246882,0.06604165,-0.03879155,0.9655096,0.2574615,-0.05797899,-0.2593962,0.9640291,moving,8.241735,-23.39247,-7.348803,-8.065043
05/11/2023 13:10:28.028669,4578,True,True,True,True,Eyes,2.454981,0.1780633,-3.187397,0.1199092,-0.3922945,0.9119905,0.0,0.0,0.0,0.0,0.0,0.0,0.0,-2.35147,0.7163451,3.163126,2.598557,0.1892694,-3.04296,0.132767,-0.03817735,0.01472092,0.9903024,15.31247,355.7365,1.129887,0.5930993,0.04370467,-0.8039418,0.0,0.0,0.0,3.221397,-0.6754365,-1.728253,-0.2665039,-0.2912297,2.074741,0.9966516,0.01901894,0.07952314,-0.03929371,0.9643124,0.2618349,-0.07170533,-0.2640829,0.9618309,moving,7.490326,-23.27505,-7.319656,-7.990355
05/11/2023 13:10:28.038459,4579,True,True,True,True,Eyes,2.460994,0.1784367,-3.180624,0.108024,-0.391138,0.9139704,0.0,0.0,0.0,0.0,0.0,0.0,0.0,-2.311985,0.7200639,3.186947,2.602943,0.1900257,-3.034628,0.1340849,-0.04513639,0.01355695,0.9898486,15.46629,354.8973,0.8759751,0.5947612,0.04375659,-0.8027104,0.0,0.0,0.0,3.207388,-0.6759691,-1.711351,-0.2654883,-0.2885917,2.074879,0.9955578,0.01473444,0.09299194,-0.03894287,0.9636749,0.2642237,-0.08572081,-0.2666714,0.9599679,moving,6.740634,-23.16874,-7.291582,-7.918379
05/11/2023 13:10:28.063209,4580,True,True,True,True,Eyes,2.466908,0.1787884,-3.173807,0.09604383,-0.3902162,0.9157003,0.0,0.0,0.0,0.0,0.0,0.0,0.0,-2.27008,0.7261221,3.211021,2.606953,0.1905238,-3.02633,0.1352701,-0.05232142,0.01294816,0.9893417,15.60546,354.0389,0.6820702,0.5964316,0.04381444,-0.801467,0.0,0.0,0.0,3.192512,-0.6792342,-1.696227,-0.2644722,-0.2859536,2.075017,0.9941896,0.01146527,0.1070305,-0.03977536,0.9630687,0.2663018,-0.1000245,-0.2690117,0.957929,moving,5.987614,-23.08078,-7.263496,-7.846385
05/11/2023 13:10:28.080335,4581,True,True,True,True,Eyes,2.472708,0.179124,-3.166947,0.08413732,-0.3895367,0.9171597,0.0,0.0,0.0,0.0,0.0,0.0,0.0,-2.228431,0.7413452,3.232218,2.61075,0.1903501,-3.018358,0.1379049,-0.05939109,0.01220825,0.9885878,15.90912,353.1886,0.4621623,0.5981086,0.04387717,-0.8002127,0.0,0.0,0.0,3.176956,-0.6848172,-1.681984,-0.2634283,-0.2832432,2.07516,0.9926473,0.007757216,0.1207938,-0.04051849,0.9616664,0.271212,-0.1140595,-0.2741122,0.9549099,moving,5.241463,-23.01194,-7.23464,-7.7724
05/11/2023 13:10:28.088770,4582,True,True,True,True,Eyes,2.478399,0.1794424,-3.160037,0.07225537,-0.3890477,0.9183796,0.0,0.0,0.0,0.0,0.0,0.0,0.0,-2.189719,0.7597486,3.249567,2.613999,0.1903422,-3.010406,0.1409877,-0.0658884,0.01163077,0.987748,16.26339,352.4049,0.2624691,0.5997903,0.04394401,-0.7989494,0.0,0.0,0.0,3.162493,-0.6784723,-1.662535,-0.2623911,-0.2805498,2.075301,0.9910469,0.004397624,0.1334419,-0.04155544,0.9599744,0.276988,-0.1268827,-0.2800533,0.9515624,moving,4.498594,-22.95868,-7.205971,-7.698864
05/11/2023 13:10:28.108481,4583,True,True,True,True,Eyes,2.483947,0.1797529,-3.153075,0.06058347,-0.3884742,0.9194658,0.0,0.0,0.0,0.0,0.0,0.0,0.0,-2.154229,0.7788554,3.263728,2.617184,0.1902864,-3.002228,0.1432267,-0.07176078,0.01238572,0.9870072,16.52952,351.717,0.2326958,0.6014748,0.04401422,-0.7976781,0.0,0.0,0.0,3.147755,-0.6737614,-1.644018,-0.2613087,-0.2777402,2.075449,0.9893939,0.003893453,0.1452047,-0.04500571,0.9586654,0.280954,-0.1381089,-0.2845093,0.948673,moving,3.769762,-22.90405,-7.17605,-7.622139
05/11/2023 13:10:28.128164,4584,True,True,True,True,Eyes,2.48937,0.1800511,-3.146057,0.04898758,-0.387919,0.9203907,0.0,0.0,0.0,0.0,0.0,0.0,0.0,-2.121457,0.7925828,3.276356,2.619805,0.1904324,-2.993933,0.1442296,-0.07707684,0.01377808,0.9864417,16.65883,351.1077,0.2959815,0.6031603,0.0440874,-0.7964004,0.0,0.0,0.0,3.132829,-0.6680704,-1.624932,-0.2603026,-0.275127,2.075585,0.9877386,0.004949011,0.156038,-0.04941607,0.958016,0.2824243,-0.1480892,-0.2866722,0.946514,moving,3.046679,-22.85407,-7.148241,-7.550765
05/11/2023 13:10:28.148192,4585,True,True,True,True,Eyes,2.494687,0.1803365,-3.138965,0.03758347,-0.387089,0.921276,0.0,0.0,0.0,0.0,0.0,0.0,0.0,-2.088656,0.8005975,3.289791,2.622289,0.1904365,-2.985548,0.1440838,-0.08234048,0.01549514,0.986012,16.65981,350.5126,0.4084152,0.604845,0.04416306,-0.7951173,0.0,0.0,0.0,3.118623,-0.6593724,-1.604862,-0.259277,-0.2724637,2.075724,0.9859599,0.006828923,0.1668426,-0.05428464,0.9579995,0.281585,-0.1579122,-0.2866885,0.9449198,moving,2.336087,-22.7905,-7.119894,-7.478005
05/11/2023 13:10:28.158202,4586,True,True,True,True,Eyes,2.499856,0.1806042,-3.131807,0.02622647,-0.3861495,0.9220632,0.0,0.0,0.0,0.0,0.0,0.0,0.0,-2.055512,0.8004674,3.304275,2.624139,0.1903345,-2.976874,0.1424611,-0.08754095,0.01749694,0.9857664,16.49491,349.9331,0.5708744,0.6065282,0.04424076,-0.7938298,0.0,0.0,0.0,3.102396,-0.6522496,-1.585002,-0.2582611,-0.2698261,2.075862,0.9840609,0.009553424,0.1775751,-0.05943815,0.9587973,0.2778033,-0.1676046,-0.2839302,0.9440828,moving,1.629239,-22.72338,-7.091812,-7.405936
05/11/2023 13:10:28.178480,4587,True,True,True,True,Eyes,2.504908,0.180846,-3.124567,0.01491373,-0.3849593,0.9228131,0.0,0.0,0.0,0.0,0.0,0.0,0.0,-2.021427,0.7948,3.320087,2.625842,0.1901449,-2.968106,0.1404376,-0.09291656,0.01885046,0.9855397,16.27911,349.3226,0.6600416,0.6082086,0.04432002,-0.7925388,0.0,0.0,0.0,3.085815,-0.6443747,-1.564631,-0.2571831,-0.2670261,2.07601,0.9820224,0.0110578,0.1884405,-0.06325372,0.9598438,0.2733107,-0.1778513,-0.2803168,0.9432876,moving,0.9258854,-22.64387,-7.062015,-7.329408
05/11/2023 13:10:28.188350,4588,True,True,True,True,Eyes,2.509787,0.1810582,-3.117256,0.003605413,-0.3837198,0.9234425,0.0,0.0,0.0,0.0,0.0,0.0,0.0,-1.985099,0.7888294,3.336149,2.62675,0.1896487,-2.95922,0.1386465,-0.09853663,0.01977398,0.9852292,16.08684,348.6753,0.6941372,0.6098857,0.04440017,-0.7912443,0.0,0.0,0.0,3.067695,-0.6409494,-1.546017,-0.2562174,-0.2645192,2.076141,0.979799,0.0116403,0.1996455,-0.06628732,0.9607723,0.2693002,-0.1886792,-0.277094,0.9421354,moving,0.2236998,-22.56444,-7.035324,-7.260881
05/11/2023 13:10:28.209992,4589,True,True,True,True,Eyes,2.514474,0.1812352,-3.109872,-0.008151198,-0.3822992,0.9240026,0.0,0.0,0.0,0.0,0.0,0.0,0.0,-1.945677,0.7878194,3.352234,2.627595,0.1891231,-2.950215,0.1371158,-0.1045195,0.02141143,0.9847926,15.93443,347.996,0.8049679,0.6115583,0.04448058,-0.7899478,0.0,0.0,0.0,3.048289,-0.6411665,-1.528788,-0.2551624,-0.2617786,2.076284,0.9772344,0.01350907,0.2117318,-0.07083419,0.9614816,0.2655855,-0.1999884,-0.2745371,0.9405499,moving,-0.5054284,-22.47696,-7.006164,-7.185955
05/11/2023 13:10:28.230431,4590,True,True,True,True,Eyes,2.518972,0.1813658,-3.102421,-0.01994252,-0.3808804,0.9244092,0.0,0.0,0.0,0.0,0.0,0.0,0.0,-1.902595,0.7874176,3.369098,2.627767,0.1884083,-2.941097,0.1354532,-0.1108985,0.02334271,0.9842811,15.77291,347.2744,0.9471951,0.6132243,0.04456052,-0.7886507,0.0,0.0,0.0,3.028612,-0.6404628,-1.511311,-0.2541249,-0.2590854,2.076425,0.9743133,0.01590847,0.2246342,-0.07599466,0.9622151,0.2614706,-0.2119868,-0.2718253,0.938708,moving,-1.235865,-22.39292,-6.977491,-7.112307
05/11/2023 13:10:28.238091,4591,True,True,True,True,Eyes,2.523273,0.1814607,-3.094889,-0.03205438,-0.3794797,0.9246446,0.0,0.0,0.0,0.0,0.0,0.0,0.0,-1.858034,0.7877715,3.385944,2.627858,0.1874098,-2.932018,0.1345231,-0.1175352,0.0243629,0.9836136,15.68596,346.5054,0.970389,0.6148822,0.04463907,-0.7873542,0.0,0.0,0.0,3.008703,-0.644302,-1.496106,-0.2531192,-0.2564741,2.076562,0.9711839,0.01630496,0.2377731,-0.07954977,0.9626199,0.2589106,-0.2246636,-0.2703645,0.936178,moving,-1.98546,-22.31354,-6.949694,-7.040888
05/11/2023 13:10:28.258280,4592,True,True,True,True,Eyes,2.527364,0.1815186,-3.087276,-0.0441375,-0.3780752,0.9247221,0.0,0.0,0.0,0.0,0.0,0.0,0.0,-1.815369,0.7921758,3.399381,2.6272,0.1866384,-2.92265,0.1348235,-0.1238399,0.02467282,0.9827908,15.73078,345.7604,0.8990683,0.6165309,0.04471565,-0.7860596,0.0,0.0,0.0,2.989504,-0.6459714,-1.480425,-0.2521016,-0.2538306,2.076701,0.9681099,0.01510337,0.2500704,-0.08188951,0.9624277,0.2588957,-0.2367645,-0.2711176,0.9329726,moving,-2.732686,-22.23734,-6.921568,-6.968573
05/11/2023 13:10:28.278138,4593,True,True,True,True,Eyes,2.531237,0.1815221,-3.07958,-0.05632331,-0.3766126,0.924657,0.0,0.0,0.0,0.0,0.0,0.0,0.0,-1.774372,0.7914146,3.412264,2.626357,0.1857973,-2.913075,0.133925,-0.1298351,0.02558993,0.9821162,15.6467,345.065,0.9215994,0.6181694,0.04478978,-0.7847675,0.0,0.0,0.0,2.97083,-0.6461211,-1.464685,-0.2510201,-0.2510232,2.076847,0.964976,0.01548822,0.2618806,-0.0850409,0.9628185,0.2564149,-0.248172,-0.2697048,0.9304138,moving,-3.485731,-22.16105,-6.891678,-6.891764
05/11/2023 13:10:28.288677,4594,True,True,True,True,Eyes,2.534883,0.1814619,-3.071814,-0.06845678,-0.3751832,0.9244194,0.0,0.0,0.0,0.0,0.0,0.0,0.0,-1.734999,0.7884667,3.423678,2.624752,0.1844735,-2.903467,0.1324981,-0.135472,0.02674993,0.9815173,15.5064,344.4175,0.9877685,0.6197962,0.04486055,-0.7834793,0.0,0.0,0.0,2.954117,-0.6451504,-1.44894,-0.2500463,-0.2484931,2.07698,0.9618636,0.01661147,0.2730248,-0.08841058,0.9634574,0.2528506,-0.2588475,-0.267346,0.9281832,moving,-4.235241,-22.09018,-6.864766,-6.822529
05/11/2023 13:10:28.308337,4595,True,True,True,True,Eyes,2.53828,0.1813396,-3.063972,-0.08048072,-0.3738807,0.9239784,0.0,0.0,0.0,0.0,0.0,0.0,0.0,-1.694074,0.7916368,3.434044,2.623062,0.1828776,-2.894018,0.1320432,-0.1412976,0.0278321,0.9807268,15.47761,343.7427,1.027179,0.6214104,0.04492692,-0.7821958,0.0,0.0,0.0,2.939141,-0.6399058,-1.431944,-0.2489817,-0.245731,2.077125,0.9585207,0.01727658,0.2844988,-0.09190615,0.96358,0.2511313,-0.2697987,-0.2668618,0.9251992,moving,-4.978035,-22.03034,-6.835342,-6.746929
05/11/2023 13:10:28.328356,4596,True,True,True,True,Eyes,2.541442,0.181161,-3.056038,-0.09235436,-0.3725094,0.9234216,0.0,0.0,0.0,0.0,0.0,0.0,0.0,-1.65656,0.796168,3.441288,2.620824,0.1812901,-2.884259,0.1318918,-0.146574,0.02888782,0.979942,15.48351,343.1313,1.067427,0.62301,0.044988,-0.7809187,0.0,0.0,0.0,2.927652,-0.6311108,-1.414632,-0.2479794,-0.2431272,2.077261,0.9553631,0.01795295,0.2948881,-0.09528058,0.9635401,0.2500242,-0.2796479,-0.2669609,0.9222413,moving,-5.711343,-21.96921,-6.807643,-6.675651
05/11/2023 13:10:28.338055,4597,True,True,True,True,Eyes,2.544329,0.180913,-3.048025,-0.1040346,-0.3709859,0.9227926,0.0,0.0,0.0,0.0,0.0,0.0,0.0,-1.625131,0.7907991,3.447103,2.618393,0.1797341,-2.874134,0.1302257,-0.1510009,0.0300244,0.9794584,15.31756,342.6273,1.157718,0.6245944,0.04504314,-0.7796488,0.0,0.0,0.0,2.91458,-0.6228077,-1.39708,-0.2469569,-0.2404724,2.077401,0.9525945,0.01948688,0.3036182,-0.0981437,0.9642797,0.2460339,-0.2879784,-0.2641687,0.92048,moving,-6.432305,-21.90137,-6.779382,-6.602966
05/11/2023 13:10:28.358097,4598,True,True,True,True,Eyes,2.546954,0.1805902,-3.039925,-0.1155284,-0.3693368,0.9220865,0.0,0.0,0.0,0.0,0.0,0.0,0.0,-1.597786,0.778811,3.451734,2.615156,0.1777872,-2.864137,0.1276285,-0.154778,0.03099903,0.9791802,15.04268,342.2014,1.257819,0.6261626,0.04509148,-0.7783871,0.0,0.0,0.0,2.898012,-0.6155384,-1.378985,-0.2459224,-0.2377859,2.077541,0.9501657,0.02119911,0.3110238,-0.1002154,0.9655001,0.2403466,-0.2951984,-0.2595385,0.9195095,moving,-7.141387,-21.82831,-6.750793,-6.529402
05/11/2023 13:10:28.378316,4599,True,True,True,True,Eyes,2.549319,0.1801885,-3.031737,-0.126793,-0.367619,0.9212925,0.0,0.0,0.0,0.0,0.0,0.0,0.0,-1.570561,0.7677292,3.455422,2.61156,0.1756274,-2.853931,0.1251159,-0.1585,0.03204776,0.9788753,14.77981,341.7823,1.367753,0.6277128,0.04513203,-0.7771352,0.0,0.0,0.0,2.878,-0.6116586,-1.361945,-0.2448511,-0.2350039,2.077687,0.9477013,0.02307975,0.3183228,-0.1024033,0.9666379,0.2347867,-0.3022841,-0.255105,0.9184475,moving,-7.836112,-21.75325,-6.72119,-6.453209
05/11/2023 13:10:28.388212,4600,True,True,True,True,Eyes,2.551413,0.1797127,-3.023465,-0.1378617,-0.3659182,0.9203793,0.0,0.0,0.0,0.0,0.0,0.0,0.0,-1.541823,0.7607605,3.458221,2.60732,0.1732725,-2.843788,0.123129,-0.162331,0.03324858,0.9784594,14.58097,341.3504,1.485526,0.6292443,0.04516384,-0.7758938,0.0,0.0,0.0,2.855869,-0.6102526,-1.345569,-0.2438184,-0.2323215,2.077827,0.9450863,0.02508946,0.3258563,-0.1050401,0.9674675,0.2301589,-0.3094809,-0.251748,0.9169758,moving,-8.518883,-21.68145,-6.692651,-6.379734
05/11/2023 13:10:28.418792,4601,True,True,True,True,Eyes,2.553237,0.1791827,-3.015107,-0.1486494,-0.3644247,0.9192921,0.0,0.0,0.0,0.0,0.0,0.0,0.0,-1.513838,0.7626982,3.45835,2.603004,0.1710063,-2.8335,0.1222797,-0.1659981,0.03490463,0.9778926,14.52137,340.9403,1.637888,0.6307565,0.04518617,-0.7746637,0.0,0.0,0.0,2.834084,-0.6062621,-1.328628,-0.2428417,-0.2297868,2.07796,0.9424527,0.02766955,0.3331929,-0.1088624,0.9676586,0.2275647,-0.3161204,-0.2507411,0.9149846,moving,-9.185218,-21.62431,-6.66566,-6.310294
05/11/2023 13:10:28.428364,4602,True,True,True,True,Eyes,2.554771,0.1786129,-3.006668,-0.1592106,-0.362958,0.9181032,0.0,0.0,0.0,0.0,0.0,0.0,0.0,-1.487452,0.7701043,3.4559,2.598013,0.1691544,-2.823213,0.1222301,-0.1693205,0.03681402,0.9772589,14.55846,340.5721,1.809436,0.6322488,0.04519885,-0.7734455,0.0,0.0,0.0,2.809808,-0.6074528,-1.313927,-0.241799,-0.2270781,2.078103,0.9399506,0.03056153,0.3399394,-0.1133458,0.967409,0.2264342,-0.3219403,-0.2513677,0.9127807,moving,-9.83797,-21.57061,-6.636845,-6.236074
05/11/2023 13:10:28.438557,4603,True,True,True,True,Eyes,2.556026,0.1780178,-2.998142,-0.1694862,-0.3616343,0.9167851,0.0,0.0,0.0,0.0,0.0,0.0,0.0,-1.463013,0.7723584,3.453242,2.592623,0.1676491,-2.812832,0.1216601,-0.1723724,0.03841738,0.9767348,14.53098,340.2331,1.959866,0.6337195,0.04520208,-0.7722409,0.0,0.0,0.0,2.785021,-0.6055349,-1.297955,-0.2407819,-0.2244364,2.078241,0.9376237,0.03310548,0.346072,-0.1169889,0.9674459,0.224415,-0.3273765,-0.2509034,0.9109731,moving,-10.47402,-21.52721,-6.608739,-6.163682
05/11/2023 13:10:28.458455,4604,True,True,True,True,Eyes,2.556978,0.1774039,-2.989537,-0.179571,-0.3602638,0.9154038,0.0,0.0,0.0,0.0,0.0,0.0,0.0,-1.438204,0.775705,3.449864,2.586565,0.1663962,-2.802445,0.1208532,-0.1753281,0.04076761,0.9762135,14.49245,339.9166,2.203051,0.635168,0.04519642,-0.7710503,0.0,0.0,0.0,2.757906,-0.614048,-1.287262,-0.2397334,-0.2217156,2.078383,0.935196,0.03721785,0.3521691,-0.1219737,0.967465,0.2216616,-0.3324616,-0.2502525,0.9093091,moving,-11.09855,-21.48248,-6.579768,-6.089112
05/11/2023 13:10:28.478217,4605,True,True,True,True,Eyes,2.557631,0.1767665,-2.980862,-0.1895577,-0.3588338,0.9139508,0.0,0.0,0.0,0.0,0.0,0.0,0.0,-1.408064,0.7750345,3.449241,2.580348,0.1652618,-2.791967,0.1187269,-0.1789378,0.04423263,0.9756683,14.32998,339.5408,2.592405,0.6365937,0.04518253,-0.7698745,0.0,0.0,0.0,2.732937,-0.6160905,-1.274266,-0.2386741,-0.2189637,2.078527,0.9320495,0.04382329,0.3596711,-0.1288022,0.9678948,0.2158464,-0.3386647,-0.2475059,0.9077703,moving,-11.71728,-21.43588,-6.550498,-6.013679
05/11/2023 13:10:28.488559,4606,True,True,True,True,Eyes,2.557996,0.1761364,-2.97212,-0.1993837,-0.3574341,0.9124072,0.0,0.0,0.0,0.0,0.0,0.0,0.0,-1.374915,0.7712017,3.450267,2.573945,0.1640287,-2.781616,0.1164468,-0.1830078,0.0471566,0.975051,14.14302,339.1015,2.916533,0.637995,0.04516087,-0.7687147,0.0,0.0,0.0,2.705664,-0.6092073,-1.258572,-0.2376364,-0.2162695,2.078669,0.9285688,0.04933884,0.3678663,-0.1345815,0.9684328,0.2098231,-0.3459013,-0.2443432,0.9058966,moving,-12.32678,-21.39268,-6.521822,-5.939815
05/11/2023 13:10:28.513148,4607,True,True,True,True,Eyes,2.558036,0.1755434,-2.963316,-0.2090591,-0.3559609,0.9108162,0.0,0.0,0.0,0.0,0.0,0.0,0.0,-1.344473,0.7727994,3.4487,2.567444,0.163559,-2.771252,0.115561,-0.1867285,0.04947534,0.9743359,14.1031,338.6914,3.147645,0.6393716,0.04513267,-0.7675717,0.0,0.0,0.0,2.677259,-0.6110996,-1.246919,-0.2366784,-0.2137825,2.078799,0.9253693,0.05325412,0.3753074,-0.1395682,0.9683957,0.2067136,-0.3524377,-0.2436674,0.9035563,moving,-12.92715,-21.34632,-6.495354,-5.871626
05/11/2023 13:10:28.528479,4608,True,True,True,True,Eyes,2.557785,0.1751254,-2.95444,-0.2185105,-0.3547318,0.9090756,0.0,0.0,0.0,0.0,0.0,0.0,0.0,-1.316593,0.7642627,3.447856,2.560848,0.1639177,-2.760509,0.113143,-0.1901467,0.05195598,0.9738293,13.89377,338.3219,3.435107,0.6407222,0.04509975,-0.7664466,0.0,0.0,0.0,2.650909,-0.6115204,-1.235929,-0.2356233,-0.2110423,2.078942,0.9222896,0.05816496,0.3820978,-0.14422,0.9689985,0.2006054,-0.358584,-0.2401224,0.9020858,moving,-13.51554,-21.31631,-6.466201,-5.796484
05/11/2023 13:10:28.538287,4609,True,True,True,True,Eyes,2.557288,0.1748528,-2.945452,-0.2278804,-0.3533811,0.9072994,0.0,0.0,0.0,0.0,0.0,0.0,0.0,-1.285576,0.7841595,3.441463,2.553681,0.1677294,-2.749883,0.1145549,-0.1936145,0.05643868,0.9727309,14.1651,337.9667,3.869975,0.6420462,0.04506731,-0.7653397,0.0,0.0,0.0,2.626099,-0.6064847,-1.223508,-0.2346457,-0.2085038,2.079076,0.9186562,0.06544031,0.3896002,-0.1541582,0.9673837,0.2010075,-0.3637388,-0.2447169,0.8987812,moving,-14.09896,-21.28026,-6.439188,-5.726863
05/11/2023 13:10:28.558345,4610,True,True,True,True,Eyes,2.556545,0.1747479,-2.936419,-0.2370952,-0.3521933,0.9053981,0.0,0.0,0.0,0.0,0.0,0.0,0.0,-1.247759,0.7641861,3.445714,2.546518,0.1707947,-2.738595,0.1102061,-0.1983933,0.059909,0.9720626,13.77004,337.4482,4.29518,0.6433437,0.04503927,-0.7642511,0.0,0.0,0.0,2.599681,-0.5763861,-1.201865,-0.2336099,-0.2058138,2.079216,0.914102,0.07274228,0.398906,-0.1601989,0.968531,0.1904834,-0.3724967,-0.2380256,0.8969895,moving,-14.67445,-21.25567,-6.410569,-5.653078
05/11/2023 13:10:28.578211,4611,True,True,True,True,Eyes,2.55555,0.1747652,-2.927308,-0.2461411,-0.3509941,0.9034476,0.0,0.0,0.0,0.0,0.0,0.0,0.0,-1.21598,0.7729958,3.442395,2.539927,0.1747269,-2.728453,0.1108833,-0.2022366,0.06283497,0.9710082,13.93095,337.0273,4.560748,0.6446151,0.04501972,-0.7631802,0.0,0.0,0.0,2.570832,-0.5635939,-1.188016,-0.2325718,-0.2031186,2.079357,0.9103042,0.07717719,0.4066815,-0.1668759,0.9675133,0.1899222,-0.3788121,-0.2407523,0.8936105,moving,-15.24014,-21.23141,-6.38189,-5.579144
05/11/2023 13:10:28.598300,4612,True,True,True,True,Eyes,2.554353,0.1748263,-2.918185,-0.2550855,-0.349459,0.9015597,0.0,0.0,0.0,0.0,0.0,0.0,0.0,-1.187074,0.7683214,3.439962,2.53317,0.1776691,-2.717405,0.1091966,-0.205781,0.0659847,0.9702455,13.83059,336.6468,4.909542,0.64586,0.0450112,-0.7621274,0.0,0.0,0.0,2.543035,-0.5580414,-1.177144,-0.2315406,-0.2004414,2.079498,0.9066004,0.08310153,0.4137268,-0.1729839,0.9674442,0.1847383,-0.3849056,-0.2390519,0.8914605,moving,-15.79823,-21.18713,-6.353399,-5.505693
05/11/2023 13:10:28.608497,4613,True,True,True,True,Eyes,2.552975,0.1748911,-2.909084,-0.2637836,-0.3484229,0.8994552,0.0,0.0,0.0,0.0,0.0,0.0,0.0,-1.164199,0.7327344,3.443784,2.527177,0.1786854,-2.708018,0.1037337,-0.2089355,0.06665315,0.9701251,13.24538,336.2805,5.067318,0.6470788,0.04501393,-0.7610928,0.0,0.0,0.0,2.516143,-0.5477203,-1.16573,-0.2304541,-0.1976184,2.079646,0.9038066,0.08597644,0.4192154,-0.1726711,0.9695933,0.173417,-0.3915586,-0.2291218,0.8911706,moving,-16.34485,-21.17492,-6.323381,-5.428235
05/11/2023 13:10:28.628341,4614,True,True,True,True,Eyes,2.551431,0.1749795,-2.899978,-0.2722991,-0.3476552,0.8972118,0.0,0.0,0.0,0.0,0.0,0.0,0.0,-1.138987,0.7588016,3.435705,2.521705,0.1789331,-2.699282,0.1072791,-0.2119211,0.06842387,0.9689679,13.70371,335.9451,5.145464,0.6482714,0.04502705,-0.7600764,0.0,0.0,0.0,2.487251,-0.5662831,-1.166391,-0.2294568,-0.1950299,2.079782,0.9008152,0.08713166,0.4253703,-0.1780705,0.9676187,0.1788992,-0.3960085,-0.236901,0.8871613,moving,-16.88277,-21.18055,-6.295828,-5.357201
05/11/2023 13:10:28.648244,4615,True,True,True,True,Eyes,2.549735,0.1751219,-2.890873,-0.28061,-0.3469817,0.8949088,0.0,0.0,0.0,0.0,0.0,0.0,0.0,-1.11025,0.7805582,3.429013,2.516243,0.1796318,-2.690038,0.1094886,-0.215341,0.07148847,0.9677448,14.04612,335.5752,5.395009,0.6494381,0.04505028,-0.7590783,0.0,0.0,0.0,2.459291,-0.5745825,-1.163264,-0.2284626,-0.1924475,2.079917,0.8970352,0.09121044,0.4324447,-0.18552,0.9658033,0.1811252,-0.401136,-0.2427028,0.8832809,moving,-17.40948,-21.19273,-6.268365,-5.28633
05/11/2023 13:10:28.658888,4616,True,True,True,True,Eyes,2.547897,0.1753136,-2.88177,-0.2888049,-0.346399,0.8925242,0.0,0.0,0.0,0.0,0.0,0.0,0.0,-1.082338,0.7828597,3.426549,2.511129,0.1810862,-2.680859,0.108862,-0.2188564,0.07432657,0.9668126,14.06557,335.1917,5.683821,0.6505797,0.04508416,-0.7580981,0.0,0.0,0.0,2.432519,-0.5844244,-1.161983,-0.2274165,-0.1897312,2.080059,0.8931549,0.0960694,0.439369,-0.19137,0.9652492,0.1779647,-0.4070036,-0.2430321,0.8805018,moving,-17.93066,-21.21181,-6.239465,-5.211775
05/11/2023 13:10:28.678487,4617,True,True,True,True,Eyes,2.545928,0.1755506,-2.872643,-0.297035,-0.3455007,0.8901683,0.0,0.0,0.0,0.0,0.0,0.0,0.0,-1.054505,0.7867326,3.423484,2.505925,0.1824747,-2.671743,0.1091334,-0.2224437,0.07608424,0.9658261,14.16155,334.7845,5.825601,0.6516967,0.04512907,-0.7571354,0.0,0.0,0.0,2.406471,-0.5961909,-1.161934,-0.2263771,-0.1870325,2.0802,0.88946,0.0984162,0.4462905,-0.1955203,0.9646022,0.1769589,-0.4130771,-0.2446567,0.8772174,moving,-18.45303,-21.21271,-6.210754,-5.137696
05/11/2023 13:10:28.689514,4618,True,True,True,True,Eyes,2.543829,0.1758026,-2.863526,-0.3053257,-0.3443835,0.8877929,0.0,0.0,0.0,0.0,0.0,0.0,0.0,-1.025906,0.7576653,3.427383,2.500363,0.1836511,-2.662322,0.1052381,-0.2265656,0.07594265,0.9653112,13.74417,334.2878,5.84549,0.6527908,0.04518528,-0.756189,0.0,0.0,0.0,2.383103,-0.593804,-1.156349,-0.2253165,-0.184278,2.080345,0.8858014,0.09892987,0.4533967,-0.1943032,0.9663153,0.1687631,-0.4214284,-0.2375871,0.875186,moving,-18.97889,-21.20176,-6.181456,-5.062076
05/11/2023 13:10:28.708331,4619,True,True,True,True,Eyes,2.541567,0.1760666,-2.854425,-0.3136159,-0.3430952,0.8853987,0.0,0.0,0.0,0.0,0.0,0.0,0.0,-0.9908035,0.7305989,3.433017,2.495266,0.1842009,-2.653448,0.1014021,-0.2315836,0.07606365,0.9645212,13.34649,333.6866,5.885054,0.6538617,0.04525216,-0.7552592,0.0,0.0,0.0,2.36274,-0.5948652,-1.152433,-0.224304,-0.1816499,2.080482,0.8811668,0.09976386,0.4621605,-0.1936962,0.9678638,0.1603788,-0.4313085,-0.2308392,0.8721732,moving,-19.50459,-21.18153,-6.153487,-4.989922
05/11/2023 13:10:28.728453,4620,True,True,True,True,Eyes,2.539188,0.1763659,-2.845311,-0.3220301,-0.3416155,0.8829471,0.0,0.0,0.0,0.0,0.0,0.0,0.0,-0.9528699,0.7053148,3.43816,2.489988,0.1847977,-2.644274,0.09791613,-0.2369908,0.07613163,0.9635621,12.99003,333.0377,5.908433,0.6549098,0.04532916,-0.7543459,0.0,0.0,0.0,2.344519,-0.5854838,-1.144099,-0.2233038,-0.179052,2.080619,0.8760788,0.1003047,0.4716195,-0.1931255,0.9692328,0.1526115,-0.4418015,-0.2247815,0.8684956,moving,-20.03802,-21.15164,-6.125859,-4.91859
05/11/2023 13:10:28.738259,4621,True,True,True,True,Eyes,2.536658,0.1766574,-2.836199,-0.3307073,-0.3395974,0.8805148,0.0,0.0,0.0,0.0,0.0,0.0,0.0,-0.9095361,0.6789322,3.444333,2.484903,0.1858796,-2.634833,0.0937757,-0.2431227,0.0772381,0.9623574,12.59442,332.3134,6.061987,0.6559359,0.04541636,-0.7534485,0.0,0.0,0.0,2.324315,-0.5584351,-1.129058,-0.2222618,-0.1763458,2.08076,0.8698513,0.1030633,0.4824279,-0.1942593,0.9704808,0.1429348,-0.4534557,-0.2180481,0.864195,moving,-20.58538,-21.09066,-6.097078,-4.844277
05/11/2023 13:10:28.758399,4622,True,True,True,True,Eyes,2.53405,0.1769289,-2.827094,-0.3395019,-0.3376873,0.8778985,0.0,0.0,0.0,0.0,0.0,0.0,0.0,-0.8640944,0.6458255,3.451332,2.479769,0.1860059,-2.625183,0.08864933,-0.2496464,0.07799467,0.9611114,12.08402,331.5359,6.203235,0.6569407,0.04551275,-0.7525668,0.0,0.0,0.0,2.302088,-0.5434359,-1.119732,-0.221225,-0.1736538,2.080901,0.8631871,0.1056612,0.4937042,-0.1941851,0.9721163,0.1314616,-0.4660475,-0.2093459,0.859636,moving,-21.14254,-21.03944,-6.06844,-4.770351
05/11/2023 13:10:28.778260,4623,True,True,True,True,Eyes,2.531337,0.1771966,-2.818009,-0.3484339,-0.3357237,0.8751477,0.0,0.0,0.0,0.0,0.0,0.0,0.0,-0.8172271,0.6420724,3.453506,2.475418,0.1858045,-2.616219,0.08865976,-0.2562486,0.077784,0.9593884,12.12132,330.739,6.095127,0.6579251,0.04561699,-0.7517,0.0,0.0,0.0,2.281297,-0.5254142,-1.108664,-0.2201489,-0.1708604,2.081048,0.8565726,0.1038122,0.5054764,-0.194688,0.9721782,0.1302542,-0.4778911,-0.2099823,0.8529522,moving,-21.70962,-20.98779,-6.03872,-4.693631
05/11/2023 13:10:28.788265,4624,True,True,True,True,Eyes,2.528541,0.1774384,-2.808927,-0.3573723,-0.3339657,0.872211,0.0,0.0,0.0,0.0,0.0,0.0,0.0,-0.7735388,0.6586227,3.450377,2.470921,0.1860633,-2.60714,0.09156997,-0.2621835,0.07830954,0.9574667,12.49846,330.0291,5.993506,0.6588897,0.04572835,-0.7508479,0.0,0.0,0.0,2.261095,-0.5183258,-1.102429,-0.2191317,-0.1682183,2.081186,0.850255,0.1019413,0.5164055,-0.1979738,0.9709651,0.1342874,-0.4877222,-0.2164133,0.8457495,moving,-22.28046,-20.95162,-6.010626,-4.621063
05/11/2023 13:10:28.808862,4625,True,True,True,True,Eyes,2.52569,0.1776491,-2.799887,-0.3662024,-0.3325463,0.869085,0.0,0.0,0.0,0.0,0.0,0.0,0.0,-0.7311474,0.6662042,3.447897,2.46619,0.1857091,-2.598042,0.09261137,-0.2679365,0.07951237,0.9556731,12.68677,329.3469,6.021928,0.6598354,0.04584556,-0.7500098,0.0,0.0,0.0,2.238394,-0.5243095,-1.10182,-0.2181632,-0.1657027,2.081318,0.8437756,0.1023478,0.5268468,-0.2016036,0.9702018,0.1344039,-0.4973919,-0.2196209,0.8392663,moving,-22.84888,-20.93882,-5.983878,-4.551962
05/11/2023 13:10:28.828402,4626,True,True,True,True,Eyes,2.522774,0.1778475,-2.790859,-0.3749532,-0.3316562,0.8656872,0.0,0.0,0.0,0.0,0.0,0.0,0.0,-0.6891886,0.7041305,3.439997,2.46235,0.1853399,-2.589758,0.09839421,-0.2734185,0.08083481,0.953429,13.40467,328.6933,5.920294,0.6607631,0.04596731,-0.7491852,0.0,0.0,0.0,2.214713,-0.5253074,-1.09975,-0.2171177,-0.1629888,2.08146,0.8374161,0.1003349,0.5372776,-0.207946,0.9675686,0.1434203,-0.5054628,-0.2318272,0.8311218,moving,-23.41878,-20.9625,-5.955004,-4.477411
05/11/2023 13:10:28.838080,4627,True,True,True,True,Eyes,2.5198,0.1780465,-2.781839,-0.3835721,-0.3307523,0.8622502,0.0,0.0,0.0,0.0,0.0,0.0,0.0,-0.6490502,0.7416494,3.430092,2.457911,0.1853491,-2.580922,0.1044405,-0.2786704,0.08173732,0.9511857,14.13693,328.0564,5.757835,0.6616741,0.04609297,-0.748373,0.0,0.0,0.0,2.190293,-0.5263034,-1.098118,-0.2160804,-0.1602947,2.081601,0.8313237,0.09728577,0.5472079,-0.2137036,0.9648224,0.153129,-0.5130612,-0.2442401,0.82287,moving,-23.98189,-20.98641,-5.926355,-4.403398
05/11/2023 13:10:28.858640,4628,True,True,True,True,Eyes,2.516783,0.1782424,-2.772834,-0.392118,-0.3301305,0.8586369,0.0,0.0,0.0,0.0,0.0,0.0,0.0,-0.6139022,0.7559999,3.423658,2.4535,0.1855726,-2.57211,0.1074007,-0.283547,0.08150562,0.9494331,14.48704,327.4513,5.563241,0.6625691,0.0462222,-0.7475728,0.0,0.0,0.0,2.16625,-0.5334553,-1.09918,-0.215021,-0.157545,2.081745,0.8259159,0.09386195,0.5559251,-0.2156745,0.9636438,0.1577182,-0.5209101,-0.2501609,0.8161325,moving,-24.545,-21.03086,-5.897101,-4.327853
05/11/2023 13:10:28.878257,4629,True,True,True,True,Eyes,2.513695,0.1784348,-2.763829,-0.4004814,-0.329169,0.8551388,0.0,0.0,0.0,0.0,0.0,0.0,0.0,-0.5804731,0.7732723,3.416241,2.449503,0.1857511,-2.563402,0.1106446,-0.2881879,0.0815874,0.9476545,14.87616,326.8751,5.394425,0.6634488,0.04635464,-0.7467839,0.0,0.0,0.0,2.144153,-0.542456,-1.100873,-0.2140508,-0.1550252,2.081877,0.8205825,0.09086047,0.5642595,-0.2184062,0.9622025,0.1626806,-0.5281507,-0.2567306,0.809411,moving,-25.09479,-21.05324,-5.87031,-4.258623
05/11/2023 13:10:28.888292,4630,True,True,True,True,Eyes,2.510561,0.178611,-2.754822,-0.4088472,-0.3281619,0.8515596,0.0,0.0,0.0,0.0,0.0,0.0,0.0,-0.5485339,0.7677713,3.412614,2.444932,0.1858444,-2.554226,0.1106545,-0.2928608,0.08088617,0.9462799,14.88009,326.2916,5.24024,0.6643151,0.04649017,-0.7460049,0.0,0.0,0.0,2.12577,-0.5488471,-1.100768,-0.2129792,-0.1522424,2.082023,0.81538,0.08826919,0.5721573,-0.2178946,0.9624261,0.1620434,-0.5363556,-0.2567969,0.8039762,moving,-25.64639,-21.07495,-5.840718,-4.182158
05/11/2023 13:10:28.908446,4631,True,True,True,True,Eyes,2.507375,0.1787717,-2.745793,-0.4171064,-0.3266752,0.8481188,0.0,0.0,0.0,0.0,0.0,0.0,0.0,-0.5166209,0.7557914,3.41046,2.440755,0.1856121,-2.545117,0.1095098,-0.2976191,0.08027832,0.9449794,14.75899,325.702,5.134324,0.6651679,0.04662798,-0.745236,0.0,0.0,0.0,2.109509,-0.5507755,-1.098439,-0.2119381,-0.1495383,2.082165,0.8099565,0.08653831,0.5800703,-0.2169071,0.963126,0.1591842,-0.5449053,-0.2547536,0.798861,moving,-26.18805,-21.0655,-5.811971,-4.107854
05/11/2023 13:10:28.928135,4632,True,True,True,True,Eyes,2.504133,0.1789097,-2.736748,-0.4254025,-0.3250882,0.8446008,0.0,0.0,0.0,0.0,0.0,0.0,0.0,-0.4840153,0.7446639,3.407378,2.43616,0.1853055,-2.535707,0.1083877,-0.3024293,0.07991711,0.9436113,14.64861,325.1087,5.055843,0.6660091,0.04676768,-0.7444756,0.0,0.0,0.0,2.093502,-0.5486469,-1.09447,-0.2108978,-0.1468371,2.082306,0.8042995,0.08526209,0.5880755,-0.2163806,0.9637308,0.1562132,-0.5534273,-0.2528903,0.7935772,moving,-26.73315,-21.05179,-5.783245,-4.033626
05/11/2023 13:10:28.938265,4633,True,True,True,True,Eyes,2.50083,0.1790097,-2.72768,-0.4336258,-0.3231675,0.8411489,0.0,0.0,0.0,0.0,0.0,0.0,0.0,-0.4510862,0.7258165,3.405676,2.431658,0.1848651,-2.52622,0.106302,-0.3074256,0.07894439,0.9423148,14.41119,324.4877,4.941075,0.6668391,0.04690852,-0.7437235,0.0,0.0,0.0,2.077117,-0.541288,-1.08824,-0.2099183,-0.144295,2.08244,0.7985145,0.08342101,0.5961673,-0.2141408,0.9649353,0.1518008,-0.5625995,-0.2488789,0.7883788,moving,-27.27184,-21.01666,-5.7562,-3.963764
05/11/2023 13:10:28.958190,4634,True,True,True,True,Eyes,2.497473,0.1790688,-2.71859,-0.441882,-0.3212594,0.8375756,0.0,0.0,0.0,0.0,0.0,0.0,0.0,-0.416949,0.7130131,3.402196,2.426881,0.1839684,-2.51666,0.1048826,-0.3124815,0.07846454,0.9408499,14.26428,323.863,4.859385,0.6676589,0.04704958,-0.7429786,0.0,0.0,0.0,2.059314,-0.5317667,-1.081656,-0.2088425,-0.1415005,2.082586,0.7923973,0.08209895,0.6044553,-0.2131944,0.9656859,0.1483201,-0.571537,-0.2463949,0.78271,moving,-27.8149,-20.98475,-5.726499,-3.886966
05/11/2023 13:10:28.979461,4635,True,True,True,True,Eyes,2.494097,0.1790811,-2.709443,-0.4500778,-0.319185,0.833997,0.0,0.0,0.0,0.0,0.0,0.0,0.0,-0.3810583,0.7033285,3.397967,2.422312,0.1830339,-2.506982,0.1038112,-0.3177724,0.0782915,0.9392095,14.16758,323.211,4.797323,0.6684692,0.04718979,-0.7422408,0.0,0.0,0.0,2.039331,-0.5233845,-1.075936,-0.2078626,-0.1389555,2.082719,0.7857823,0.08108752,0.6131647,-0.2130409,0.9661873,0.1452432,-0.5806546,-0.2447587,0.7764879,moving,-28.35412,-20.94271,-5.699443,-3.817019
05/11/2023 13:10:28.988650,4636,True,True,True,True,Eyes,2.490673,0.179036,-2.700264,-0.4582475,-0.3172689,0.8302709,0.0,0.0,0.0,0.0,0.0,0.0,0.0,-0.3460332,0.6960084,3.392595,2.417667,0.1817536,-2.497143,0.1031485,-0.322961,0.07794606,0.9375401,14.10848,322.5671,4.703694,0.6692724,0.04732823,-0.7415078,0.0,0.0,0.0,2.018611,-0.5164158,-1.071123,-0.2067884,-0.1361664,2.082866,0.7792413,0.07952926,0.6216576,-0.2127809,0.9665695,0.1430645,-0.5894975,-0.2437586,0.7701132,moving,-28.89542,-20.9132,-5.669785,-3.740363
05/11/2023 13:10:29.013194,4637,True,True,True,True,Eyes,2.48718,0.1789336,-2.691058,-0.4662347,-0.3153478,0.8265476,0.0,0.0,0.0,0.0,0.0,0.0,0.0,-0.3125446,0.6996462,3.384491,2.413189,0.1803505,-2.487158,0.1038977,-0.3278442,0.07828726,0.9357322,14.22751,321.9622,4.638442,0.6700687,0.04746355,-0.7407796,0.0,0.0,0.0,1.995812,-0.5097156,-1.066967,-0.2058347,-0.1336901,2.082995,0.7727786,0.07838727,0.6298165,-0.2146363,0.9661527,0.1431088,-0.597281,-0.2457729,0.7634469,moving,-29.42625,-20.88306,-5.643458,-3.6723
05/11/2023 13:10:29.028310,4638,True,True,True,True,Eyes,2.483637,0.1787808,-2.681816,-0.4741852,-0.3135992,0.822681,0.0,0.0,0.0,0.0,0.0,0.0,0.0,-0.2808748,0.7037691,3.375509,2.408531,0.1789169,-2.476935,0.1046019,-0.3324674,0.0789111,0.9339685,14.35094,321.3918,4.608965,0.6708581,0.04759457,-0.7400563,0.0,0.0,0.0,1.971432,-0.505054,-1.064367,-0.204724,-0.1308063,2.083147,0.7664769,0.07784747,0.6375365,-0.2169544,0.965663,0.142919,-0.6045196,-0.2478605,0.7570477,moving,-29.95872,-20.86644,-5.612795,-3.593037
05/11/2023 13:10:29.038071,4639,True,True,True,True,Eyes,2.480061,0.1785726,-2.672512,-0.4819928,-0.3118723,0.8187909,0.0,0.0,0.0,0.0,0.0,0.0,0.0,-0.2487081,0.709053,3.366052,2.403837,0.1775765,-2.466769,0.1056075,-0.3371762,0.07934391,0.9321288,14.50031,320.8055,4.543986,0.671642,0.04772057,-0.7393369,0.0,0.0,0.0,1.947206,-0.5047094,-1.06317,-0.20375,-0.1282765,2.083279,0.7600335,0.07670083,0.6453418,-0.2191341,0.9651032,0.1433737,-0.6118245,-0.2503853,0.7503186,moving,-30.48379,-20.85152,-5.585908,-3.523501
05/11/2023 13:10:29.058067,4640,True,True,True,True,Eyes,2.389602,0.1719262,-2.438549,-0.6654547,-0.2649063,0.69785,0.0,0.0,0.0,0.0,0.0,0.0,0.0,-0.2131708,0.7157058,3.355952,2.399072,0.1759755,-2.456334,0.1064945,-0.3423013,0.08052009,0.9300566,14.6679,320.1753,4.55751,0.6724216,0.04784067,-0.7386201,0.0,0.0,0.0,1.924383,-0.500144,-1.059911,-0.2027045,-0.1255616,2.083421,0.7526928,0.07687012,0.653869,-0.2226828,0.9643509,0.1429675,-0.6195692,-0.253216,0.7429776,moving,-43.63877,-20.78693,-5.557047,-3.448874
05/11/2023 13:10:29.078591,4641,True,True,True,True,Eyes,2.389445,0.1718751,-2.438076,-0.6656792,-0.2649047,0.6976365,0.0,0.0,0.0,0.0,0.0,0.0,0.0,-0.1768264,0.7191623,3.346152,2.394516,0.1743427,-2.445627,0.106855,-0.3476174,0.0817598,0.9279329,14.78252,319.5229,4.594145,0.6764734,0.04818341,-0.7348889,-0.271378,-0.01993927,0.7018883,1.902287,-0.4943828,-1.055708,-0.2017057,-0.1229685,2.083557,0.7449549,0.07744595,0.662604,-0.2260245,0.9637948,0.1414662,-0.6276584,-0.2551507,0.7354884,moving,-43.65719,-20.79264,-5.529478,-3.377595
05/11/2023 13:10:29.088877,4642,True,True,True,True,Eyes,2.389101,0.1717679,-2.437169,-0.6662191,-0.2648727,0.6971331,0.0,0.0,0.0,0.0,0.0,0.0,0.0,-0.1418682,0.7248339,3.335075,2.389811,0.1729538,-2.43457,0.1076607,-0.3527672,0.08294793,0.9257885,14.9434,318.8865,4.608298,0.679754,0.04846505,-0.7318368,-0.2550954,-0.01874292,0.659775,1.879605,-0.4924964,-1.053456,-0.2006494,-0.120226,2.083701,0.7373499,0.07762618,0.6710361,-0.2295428,0.9630576,0.1408194,-0.6353151,-0.2578647,0.7279289,moving,-43.70104,-20.80407,-5.500323,-3.302207
05/11/2023 13:10:29.108633,4643,True,True,True,True,Eyes,2.388609,0.1715968,-2.43582,-0.6670039,-0.2646447,0.6964689,0.0,0.0,0.0,0.0,0.0,0.0,0.0,-0.1072105,0.7182133,3.326035,2.385087,0.1714914,-2.423176,0.106749,-0.3580732,0.08353277,0.9238023,14.89519,318.2312,4.622812,0.6824248,0.04869634,-0.7293316,-0.2397896,-0.01761834,0.6201885,1.858535,-0.4920074,-1.050774,-0.1996776,-0.117702,2.083833,0.7296116,0.07788757,0.6794118,-0.2307834,0.9632539,0.1374083,-0.6437437,-0.2570517,0.7207764,moving,-43.76202,-20.80582,-5.4735,-3.232826
05/11/2023 13:10:29.128337,4644,True,True,True,True,Eyes,2.387953,0.1713667,-2.434068,-0.668081,-0.2645289,0.6954799,0.0,0.0,0.0,0.0,0.0,0.0,0.0,-0.07204449,0.7132111,3.316421,2.380535,0.1696776,-2.411799,0.1061417,-0.3634946,0.0839005,0.9217193,14.87199,317.5555,4.599357,0.6846128,0.04888541,-0.7272654,-0.2254023,-0.01656124,0.5829772,1.840339,-0.4854771,-1.044449,-0.1986078,-0.1149241,2.083979,0.7216648,0.07750156,0.6878906,-0.2318293,0.9633893,0.1346709,-0.6522692,-0.2566604,0.7132112,moving,-43.84888,-20.82454,-5.443974,-3.156464
05/11/2023 13:10:29.138748,4645,True,True,True,True,Eyes,2.387132,0.1710928,-2.43191,-0.6694611,-0.2643532,0.6942183,0.0,0.0,0.0,0.0,0.0,0.0,0.0,-0.03463137,0.7177671,3.304398,2.376038,0.1680571,-2.400341,0.1069034,-0.3691368,0.08482426,0.9193012,15.02119,316.8485,4.574741,0.6864172,0.04903867,-0.7255522,-0.2118781,-0.01556757,0.5479986,1.823444,-0.4756913,-1.036202,-0.1975796,-0.1122538,2.084119,0.7130857,0.0770341,0.6968318,-0.234882,0.9627531,0.1339293,-0.6605597,-0.2591763,0.7046193,moving,-43.95993,-20.84646,-5.415595,-3.083058
05/11/2023 13:10:29.158352,4646,True,True,True,True,Eyes,2.386159,0.1707999,-2.429361,-0.6711664,-0.2642308,0.6926166,0.0,0.0,0.0,0.0,0.0,0.0,0.0,0.003920436,0.7157499,3.292925,2.371353,0.166696,-2.388422,0.1068147,-0.3750657,0.08541836,0.9168534,15.06661,316.1044,4.544353,0.6879174,0.0491617,-0.7241217,-0.1991654,-0.01463351,0.5151187,1.80646,-0.4665844,-1.027963,-0.1965684,-0.1096285,2.084256,0.7040589,0.07650718,0.7060084,-0.2367572,0.9625887,0.1317918,-0.6695126,-0.2599418,0.6958327,moving,-44.0989,-20.88168,-5.387691,-3.01089
05/11/2023 13:10:29.178236,4647,True,True,True,True,Eyes,2.385047,0.1704648,-2.426413,-0.6734063,-0.2639124,0.6905608,0.0,0.0,0.0,0.0,0.0,0.0,0.0,0.04577112,0.7137061,3.281098,2.366859,0.1659585,-2.376448,0.1068149,-0.381493,0.08608971,0.9141347,15.12772,315.2949,4.509329,0.6891765,0.04925959,-0.7229168,-0.1872155,-0.0137555,0.4842116,1.788671,-0.4598588,-1.020784,-0.195542,-0.1069626,2.084396,0.6941032,0.07589693,0.7158633,-0.2388934,0.9623583,0.1296011,-0.6790807,-0.2609716,0.6861073,moving,-44.27943,-20.91541,-5.359365,-2.937605
05/11/2023 13:10:29.198183,4648,True,True,True,True,Eyes,2.383811,0.1701044,-2.423086,-0.675929,-0.2636332,0.6881988,0.0,0.0,0.0,0.0,0.0,0.0,0.0,0.08737886,0.6980152,3.271364,2.362435,0.1645396,-2.364004,0.1051244,-0.3882154,0.08521643,0.9115787,14.94092,314.4387,4.377152,0.6902782,0.04933808,-0.7218596,-0.1759826,-0.01293017,0.4551589,1.772069,-0.4579945,-1.014735,-0.1945217,-0.1043135,2.084535,0.6840539,0.07374116,0.7256945,-0.2369848,0.963374,0.1254936,-0.6898612,-0.2578229,0.6764753,moving,-44.48466,-20.96069,-5.331207,-2.864784
05/11/2023 13:10:29.213395,4649,True,True,True,True,Eyes,2.382423,0.1697025,-2.419406,-0.6787974,-0.263215,0.6855305,0.0,0.0,0.0,0.0,0.0,0.0,0.0,0.1253632,0.6951447,3.258696,2.358328,0.1635851,-2.351505,0.1054653,-0.3943859,0.08457704,0.9089464,14.97732,313.6395,4.188923,0.6912994,0.04940285,-0.7208772,-0.1654236,-0.01215436,0.4278494,1.756545,-0.4590013,-1.009109,-0.1934505,-0.1015313,2.08468,0.6746131,0.07056388,0.7347912,-0.2369401,0.9634476,0.1250127,-0.6991114,-0.2584367,0.6666738,moving,-44.71724,-21.0047,-5.30165,-2.788305
05/11/2023 13:10:29.232394,4650,True,True,True,True,Eyes,2.380932,0.1692659,-2.415378,-0.6818945,-0.2627654,0.682623,0.0,0.0,0.0,0.0,0.0,0.0,0.0,0.1605395,0.6827758,3.247326,2.354035,0.1622437,-2.338649,0.1042638,-0.4003003,0.0837288,0.9065751,14.83754,312.8802,4.053996,0.6922514,0.04945458,-0.7199594,-0.1554982,-0.0114251,0.4021784,1.741377,-0.4569051,-1.002165,-0.1922041,-0.09829521,2.08485,0.6654984,0.06833926,0.7432643,-0.2352865,0.9642372,0.1220125,-0.7083448,-0.2560792,0.6577775,moving,-44.96941,-21.05346,-5.267258,-2.699347
05/11/2023 13:10:29.247952,4651,True,True,True,True,Eyes,2.379338,0.168797,-2.411011,-0.6852055,-0.2623976,0.6794416,0.0,0.0,0.0,0.0,0.0,0.0,0.0,0.1934931,0.6744441,3.235435,2.35017,0.1609668,-2.326186,0.1036568,-0.4058976,0.08295128,0.9042242,14.76158,312.1564,3.905622,0.6931447,0.04949401,-0.7190968,-0.1461683,-0.01073959,0.3780477,1.72615,-0.4555013,-0.9952747,-0.1913726,-0.09613571,2.084963,0.6567325,0.06586506,0.7512418,-0.2341612,0.9647487,0.1201185,-0.7168479,-0.2547973,0.6490049,moving,-45.242,-21.11636,-5.244315,-2.639985
05/11/2023 13:10:29.263282,4652,True,True,True,True,Eyes,2.377637,0.168351,-2.406311,-0.6886982,-0.2621068,0.6760139,0.0,0.0,0.0,0.0,0.0,0.0,0.0,0.2277797,0.6818739,3.219636,2.346171,0.1597588,-2.313624,0.1052709,-0.4114991,0.08318757,0.90148,14.96699,311.4234,3.759615,0.693989,0.04952187,-0.7182801,-0.1373982,-0.01009522,0.3553648,1.708808,-0.4497008,-0.987841,-0.190376,-0.0935488,2.085099,0.6474966,0.06334609,0.7594309,-0.2366216,0.9639957,0.1213361,-0.724402,-0.2582625,0.6391731,moving,-45.53252,-21.19251,-5.216818,-2.568876
05/11/2023 13:10:29.279359,4653,True,True,True,True,Eyes,2.375806,0.1679763,-2.40131,-0.6923138,-0.2618198,0.6724225,0.0,0.0,0.0,0.0,0.0,0.0,0.0,0.261572,0.6808405,3.205082,2.342012,0.1598759,-2.300856,0.105661,-0.4171125,0.08358096,0.8988143,15.05016,310.6981,3.687141,0.6947927,0.04954046,-0.7175013,-0.1291543,-0.009489505,0.3340429,1.689079,-0.4427765,-0.9813036,-0.1893238,-0.09081647,2.085242,0.6380628,0.06210252,0.7674759,-0.2383926,0.9637,0.1202139,-0.7321508,-0.2596645,0.6297059,moving,-45.83504,-21.27435,-5.187791,-2.49377
05/11/2023 13:10:29.298314,4654,True,True,True,True,Eyes,2.373851,0.1677187,-2.396006,-0.6960697,-0.2616985,0.6685812,0.0,0.0,0.0,0.0,0.0,0.0,0.0,0.2950785,0.6826482,3.18942,2.337555,0.1612797,-2.288079,0.1064521,-0.4225964,0.08475325,0.8960453,15.21279,309.9921,3.678699,0.6955623,0.04955322,-0.7167544,-0.1214051,-0.008920134,0.3140003,1.670536,-0.4399761,-0.9758853,-0.1882984,-0.08815399,2.085381,0.6284584,0.06191298,0.7753753,-0.2418581,0.9629697,0.119139,-0.7392867,-0.2624047,0.6201605,moving,-46.15397,-21.37655,-5.159501,-2.420587
05/11/2023 13:10:29.308098,4655,True,True,True,True,Eyes,2.371773,0.1675374,-2.390438,-0.7000463,-0.2614345,0.6645203,0.0,0.0,0.0,0.0,0.0,0.0,0.0,0.3316061,0.6843837,3.172925,2.332687,0.1638598,-2.275416,0.1068701,-0.4283214,0.08756202,0.893002,15.41923,309.2736,3.856482,0.6963036,0.04956463,-0.7160335,-0.1141208,-0.008384926,0.2951603,1.652622,-0.4306004,-0.9678993,-0.1872749,-0.08549547,2.085521,0.6177474,0.06483664,0.7836992,-0.2479356,0.9618234,0.115861,-0.7462681,-0.2658797,0.6102392,moving,-46.49134,-21.47559,-5.131264,-2.347514
05/11/2023 13:10:29.328363,4656,True,True,True,True,Eyes,2.369598,0.1674879,-2.384626,-0.7041993,-0.2616942,0.6600147,0.0,0.0,0.0,0.0,0.0,0.0,0.0,0.374773,0.66776,3.159481,2.328037,0.1654939,-2.26308,0.1044705,-0.4351963,0.08954147,0.8897598,15.29825,308.4184,4.067039,0.6970223,0.04957749,-0.715333,-0.1072735,-0.00788183,0.2774507,1.636724,-0.4349407,-0.9645255,-0.1862313,-0.0827865,2.085662,0.6051731,0.06841048,0.7931492,-0.2502711,0.9621364,0.107971,-0.7557314,-0.2638435,0.5993803,moving,-46.85506,-21.6282,-5.102479,-2.273057
05/11/2023 13:10:29.338430,4657,True,True,True,True,Eyes,2.36729,0.1675864,-2.378545,-0.7086719,-0.261754,0.6551862,0.0,0.0,0.0,0.0,0.0,0.0,0.0,0.4305429,0.6944341,3.135052,2.323647,0.1687174,-2.251301,0.1083759,-0.4431379,0.09505767,0.8847868,16.02319,307.3991,4.305666,0.6977218,0.04959591,-0.7146494,-0.1008371,-0.007408921,0.2608037,1.613098,-0.4167758,-0.9568027,-0.1852146,-0.08014563,2.085801,0.5891856,0.07216061,0.8047691,-0.2642625,0.9584374,0.1075318,-0.7635612,-0.2760264,0.5837669,moving,-47.24579,-21.77725,-5.074431,-2.200473
05/11/2023 13:10:29.358555,4658,True,True,True,True,Eyes,2.364897,0.1677524,-2.372253,-0.713503,-0.2617386,0.649928,0.0,0.0,0.0,0.0,0.0,0.0,0.0,0.488018,0.6734176,3.118325,2.318163,0.1722867,-2.238759,0.1060234,-0.4521309,0.09646577,0.8803585,15.89692,306.2484,4.411412,0.6984071,0.0496242,-0.7139778,-0.09478687,-0.006964386,0.2451555,1.595012,-0.416633,-0.9540502,-0.184183,-0.07746655,2.085941,0.572544,0.07397598,0.8165299,-0.2657219,0.9589068,0.09944696,-0.7756192,-0.2739076,0.5686734,moving,-47.6697,-21.9356,-5.045977,-2.126842
05/11/2023 13:10:29.378432,4659,True,True,True,True,Eyes,2.362423,0.1679673,-2.365772,-0.7184075,-0.2619402,0.6444206,0.0,0.0,0.0,0.0,0.0,0.0,0.0,0.5443984,0.6578793,3.100949,2.313877,0.1740595,-2.227271,0.1053906,-0.4612866,0.09445913,0.8758909,15.76943,305.0164,4.066261,0.6990817,0.04966373,-0.7133147,-0.08909966,-0.006546522,0.2304461,1.577124,-0.4085453,-0.9473199,-0.1831353,-0.07474676,2.086084,0.5565842,0.06824125,0.8279837,-0.2627023,0.9599406,0.09747586,-0.7881632,-0.2717668,0.552215,moving,-48.10749,-22.12046,-5.01708,-2.052095
05/11/2023 13:10:29.398275,4660,True,True,True,True,Eyes,2.359849,0.168236,-2.359126,-0.7234741,-0.2622503,0.6386001,0.0,0.0,0.0,0.0,0.0,0.0,0.0,0.591792,0.6789896,3.076522,2.309481,0.1754785,-2.216243,0.1106055,-0.4688542,0.0926725,0.8714094,16.24022,303.9284,3.451161,0.6997476,0.04971515,-0.7126579,-0.08375368,-0.006153731,0.2166194,1.558155,-0.384847,-0.9376746,-0.1821038,-0.07206762,2.086224,0.5431753,0.05779567,0.8376279,-0.265227,0.9583564,0.1058656,-0.7966275,-0.2796651,0.5358846,moving,-48.56563,-22.32621,-4.988631,-1.978469
05/11/2023 13:10:29.408237,4661,True,True,True,True,Eyes,2.357162,0.1685593,-2.352375,-0.7285805,-0.2623244,0.6327372,0.0,0.0,0.0,0.0,0.0,0.0,0.0,0.6329145,0.6836228,3.055937,2.304584,0.1770749,-2.205496,0.1131505,-0.4756687,0.09057369,0.8676018,16.40978,302.9586,2.959056,0.7004068,0.04977919,-0.7120056,-0.07872846,-0.005784507,0.2036222,1.544734,-0.3982317,-0.9377705,-0.1810656,-0.06937262,2.086365,0.5310715,0.04951952,0.8458788,-0.264808,0.9579868,0.1101729,-0.8048849,-0.2825052,0.5218726,moving,-49.02726,-22.51824,-4.959998,-1.90441
05/11/2023 13:10:29.428137,4662,True,True,True,True,Eyes,2.354347,0.1689689,-2.3455,-0.7338859,-0.262337,0.6265707,0.0,0.0,0.0,0.0,0.0,0.0,0.0,0.674738,0.6775879,3.037479,2.299729,0.1785553,-2.195459,0.1135952,-0.4825209,0.08933505,0.8638803,16.40811,302.0142,2.672346,0.7010601,0.04985652,-0.7113569,-0.07400475,-0.005437437,0.1914049,1.530151,-0.4075739,-0.9369909,-0.1800227,-0.06666428,2.086507,0.5183857,0.04472549,0.8539767,-0.2639736,0.9582308,0.1100532,-0.8133845,-0.2824773,0.5085394,moving,-49.51025,-22.71842,-4.931237,-1.829988
05/11/2023 13:10:29.448124,4663,True,True,True,True,Eyes,2.280571,0.1808979,-2.170514,-0.8553472,-0.2418041,0.4581616,0.0,0.0,0.0,0.0,0.0,0.0,0.0,0.7209632,0.663214,3.018551,2.293965,0.1810229,-2.185462,0.1127116,-0.489956,0.08861173,0.8598762,16.30007,301.0099,2.50458,0.701709,0.04994886,-0.7107103,-0.06956447,-0.005111191,0.1799206,1.514221,-0.405091,-0.9336305,-0.179029,-0.06408399,2.086643,0.5041822,0.04194275,0.8625782,-0.2628377,0.9588881,0.1070044,-0.822628,-0.2806678,0.4944784,moving,-61.82454,-27.82376,-4.903835,-1.759088
05/11/2023 13:10:29.458500,4664,True,True,True,True,Eyes,2.280323,0.1809193,-2.170126,-0.8558018,-0.2411499,0.4576572,0.0,0.0,0.0,0.0,0.0,0.0,0.0,0.7688471,0.6142877,3.005197,2.287844,0.1831356,-2.175296,0.1065577,-0.498058,0.08609352,0.8562545,15.55957,299.9651,2.456617,0.7053154,0.05116474,-0.7070444,-0.2867208,0.03098254,0.694083,1.497606,-0.4048349,-0.9314917,-0.1780031,-0.06142017,2.086782,0.4890523,0.04129209,0.8712766,-0.2535798,0.9624668,0.09672188,-0.8345809,-0.2682402,0.4811673,moving,-61.86346,-27.78576,-4.875544,-1.685898
05/11/2023 13:10:29.478257,4665,True,True,True,True,Eyes,2.279806,0.1809789,-2.169407,-0.8566009,-0.240287,0.4566146,0.0,0.0,0.0,0.0,0.0,0.0,0.0,0.8137515,0.5575814,2.992698,2.28168,0.1837949,-2.165521,0.09890506,-0.5057999,0.0832159,0.8529123,14.64894,298.9809,2.482093,0.7081727,0.05213505,-0.7041113,-0.2695175,0.02912359,0.652438,1.475546,-0.3862857,-0.9259656,-0.1769096,-0.05858073,2.086931,0.4744831,0.04189938,0.8792669,-0.2420041,0.9665858,0.08453348,-0.846345,-0.2528959,0.4687684,moving,-61.93998,-27.75496,-4.845391,-1.607886
05/11/2023 13:10:29.488101,4666,True,True,True,True,Eyes,2.279031,0.181055,-2.168358,-0.8577574,-0.2390887,0.4550701,0.0,0.0,0.0,0.0,0.0,0.0,0.0,0.8582652,0.5192006,2.975383,2.275225,0.184441,-2.15602,0.09372149,-0.5131789,0.08228184,0.8491722,14.10041,298.0268,2.573679,0.7104422,0.05291284,-0.701763,-0.2533465,0.02737617,0.6132917,1.450919,-0.3694391,-0.9234909,-0.1759596,-0.05611363,2.08706,0.4597543,0.04355113,0.8869777,-0.2359347,0.968892,0.07472078,-0.8561314,-0.243622,0.4557275,moving,-62.05249,-27.71693,-4.8192,-1.540109
05/11/2023 13:10:29.508097,4667,True,True,True,True,Eyes,2.278002,0.1811339,-2.167046,-0.8591181,-0.2379953,0.4530721,0.0,0.0,0.0,0.0,0.0,0.0,0.0,0.9032412,0.4810837,2.956636,2.268358,0.1848305,-2.146945,0.08862061,-0.5206094,0.08103347,0.8453081,13.54429,297.0569,2.636675,0.7122494,0.0535392,-0.6998812,-0.2381457,0.0257336,0.5764942,1.424918,-0.3537933,-0.9222384,-0.1749628,-0.05352536,2.087195,0.4447989,0.04472307,0.8945132,-0.22927,0.9711599,0.06544989,-0.8657883,-0.2341971,0.4422245,moving,-62.19423,-27.7126,-4.791715,-1.469007
05/11/2023 13:10:29.528229,4668,True,True,True,True,Eyes,2.27673,0.1812073,-2.165465,-0.860706,-0.2370511,0.4505464,0.0,0.0,0.0,0.0,0.0,0.0,0.0,0.9488404,0.4657292,2.933356,2.261708,0.1850224,-2.138275,0.08703095,-0.5279068,0.08064486,0.8409734,13.38701,296.0669,2.577686,0.713691,0.05404603,-0.6983721,-0.2238569,0.02418959,0.5419045,1.396975,-0.3364958,-0.9221315,-0.1739175,-0.05081058,2.087338,0.4296216,0.04375189,0.9019484,-0.2275288,0.971844,0.06123552,-0.873874,-0.2315274,0.42748,moving,-62.36968,-27.75071,-4.762897,-1.394435
05/11/2023 13:10:29.543107,4669,True,True,True,True,Eyes,2.275223,0.1812697,-2.163628,-0.8624117,-0.2364562,0.4475875,0.0,0.0,0.0,0.0,0.0,0.0,0.0,0.9944865,0.4669722,2.906514,2.25465,0.1849858,-2.130076,0.08793136,-0.5349793,0.0812466,0.8363398,13.53336,295.0811,2.465101,0.7148429,0.05445822,-0.6971609,-0.2104255,0.02273821,0.5093902,1.367018,-0.3160659,-0.9223972,-0.1728895,-0.04814149,2.087478,0.4143921,0.04181658,0.9091373,-0.2299825,0.9713342,0.0601505,-0.8805608,-0.2340115,0.4121303,moving,-62.57091,-27.84707,-4.734558,-1.321123
05/11/2023 13:10:29.558646,4670,True,True,True,True,Eyes,2.273486,0.1813206,-2.161582,-0.8642474,-0.2362769,0.4441279,0.0,0.0,0.0,0.0,0.0,0.0,0.0,1.038027,0.4693357,2.879409,2.247416,0.1848127,-2.122201,0.08914169,-0.5417803,0.08126534,0.8318196,13.67154,294.119,2.277047,0.7157667,0.05479599,-0.6961859,-0.1978,0.02137392,0.4788268,1.339408,-0.3145774,-0.9283655,-0.1718503,-0.04544309,2.087619,0.3997401,0.03860579,0.9158152,-0.2317866,0.9708994,0.0602437,-0.8868388,-0.2363555,0.3970557,moving,-62.80183,-28.01306,-4.705908,-1.247012
05/11/2023 13:10:29.578346,4671,True,True,True,True,Eyes,2.271508,0.1813513,-2.159372,-0.86616,-0.2366661,0.4401771,0.0,0.0,0.0,0.0,0.0,0.0,0.0,1.082306,0.4925071,2.848154,2.240208,0.1846708,-2.115016,0.09332149,-0.5483264,0.08354844,0.8268306,14.23773,293.1625,2.117828,0.716545,0.05508691,-0.6953617,-0.185932,0.02009149,0.4500972,1.315906,-0.3246443,-0.9353548,-0.1708006,-0.04271683,2.087762,0.3847156,0.03581956,0.9223398,-0.2405021,0.9686216,0.06269849,-0.8911524,-0.2459458,0.3812585,moving,-63.06061,-28.26519,-4.676974,-1.172142
05/11/2023 13:10:29.598168,4672,True,True,True,True,Eyes,2.269321,0.181362,-2.156997,-0.8681647,-0.2375074,0.4357526,0.0,0.0,0.0,0.0,0.0,0.0,0.0,1.126403,0.5080667,2.81703,2.232718,0.1843493,-2.107975,0.09646089,-0.5549769,0.0849738,0.8218731,14.64766,292.1892,1.931441,0.7172499,0.05535513,-0.6946133,-0.1747761,0.018886,0.4230914,1.292502,-0.3291291,-0.9405861,-0.1697963,-0.04010892,2.087899,0.3695602,0.03260823,0.9286345,-0.2467425,0.9669495,0.06424022,-0.895848,-0.2528742,0.3653919,moving,-63.34684,-28.59264,-4.649291,-1.100527
05/11/2023 13:10:29.608243,4673,True,True,True,True,Eyes,2.266899,0.1813453,-2.15447,-0.8702204,-0.2388147,0.4309107,0.0,0.0,0.0,0.0,0.0,0.0,0.0,1.170633,0.5356748,2.783122,2.225522,0.1839785,-2.101499,0.1013029,-0.5614139,0.08800023,0.8165832,15.32261,291.2213,1.780925,0.717888,0.05560269,-0.693934,-0.1642895,0.01775284,0.3977059,1.273377,-0.3519181,-0.9504021,-0.1687818,-0.03747493,2.088037,0.3541408,0.02997329,0.9347116,-0.2574647,0.9639874,0.06663541,-0.8990529,-0.2642536,0.3491044,moving,-63.65657,-28.99563,-4.621328,-1.028203
05/11/2023 13:10:29.628246,4674,True,True,True,True,Eyes,2.264267,0.1813005,-2.151807,-0.8723562,-0.2403125,0.4257281,0.0,0.0,0.0,0.0,0.0,0.0,0.0,1.212198,0.5567167,2.749559,2.217598,0.1834374,-2.094764,0.1051266,-0.5675561,0.09089268,0.8115214,15.89042,290.2986,1.679712,0.718465,0.05583131,-0.6933184,-0.1544321,0.01668767,0.3738436,1.254533,-0.374518,-0.9597297,-0.1677342,-0.03475454,2.088179,0.3392373,0.02819221,0.9402783,-0.2668532,0.9613738,0.06745166,-0.9020573,-0.2737984,0.333657,moving,-63.98665,-29.44361,-4.592457,-0.9535124
05/11/2023 13:10:29.638067,4675,True,True,True,True,Eyes,2.261418,0.1812316,-2.149035,-0.874513,-0.241962,0.4203351,0.0,0.0,0.0,0.0,0.0,0.0,0.0,1.249619,0.5661687,2.719869,2.209939,0.1827667,-2.08867,0.1071142,-0.5732096,0.09304363,0.8070318,16.23372,289.4631,1.634155,0.7189856,0.05604232,-0.6927614,-0.1451662,0.01568641,0.3514129,1.234908,-0.3833991,-0.9654968,-0.1667025,-0.03207496,2.08832,0.3255475,0.02738053,0.9451291,-0.2729761,0.9597389,0.06622218,-0.9052639,-0.2795562,0.3199148,moving,-64.32871,-29.92648,-4.564023,-0.8799492
05/11/2023 13:10:29.658086,4676,True,True,True,True,Eyes,2.258347,0.1811569,-2.146157,-0.8767301,-0.2436487,0.4147043,0.0,0.0,0.0,0.0,0.0,0.0,0.0,1.283281,0.5794982,2.690161,2.202003,0.1822278,-2.082683,0.109561,-0.5781748,0.09639808,0.8027564,16.70065,288.7209,1.679811,0.7194554,0.05623766,-0.6922577,-0.1364563,0.01474522,0.3303281,1.216953,-0.393796,-0.971259,-0.1656854,-0.02943423,2.088458,0.3128427,0.02807754,0.9493899,-0.2814591,0.9574076,0.06443169,-0.907144,-0.2873714,0.3074207,moving,-64.68526,-30.43526,-4.535995,-0.8074598
05/11/2023 13:10:29.678542,4677,True,True,True,True,Eyes,2.176123,0.1790961,-2.071872,-0.9249811,-0.2726798,0.2646804,0.0,0.0,0.0,0.0,0.0,0.0,0.0,1.31602,0.5747113,2.664063,2.1936,0.1820412,-2.077117,0.1092442,-0.5831922,0.09869172,0.7988822,16.83753,288.0085,1.812054,0.7198776,0.05641913,-0.6918038,-0.1282689,0.01386051,0.3105085,1.19628,-0.3907074,-0.973552,-0.1646232,-0.02667639,2.088602,0.3002936,0.03026543,0.9533666,-0.2851068,0.9566513,0.05943389,-0.9102407,-0.2896589,0.2959051,moving,-74.03169,-45.85286,-4.506725,-0.7317628
05/11/2023 13:10:29.688432,4678,True,True,True,True,Eyes,2.175765,0.1790737,-2.071671,-0.9251374,-0.2726016,0.2642142,0.0,0.0,0.0,0.0,0.0,0.0,0.0,1.34839,0.558901,2.639884,2.185141,0.1817785,-2.071624,0.1072416,-0.5883643,0.1000388,0.7951849,16.75455,287.2939,1.969255,0.7204524,0.05687073,-0.6911682,-0.367243,0.006846744,0.5147309,1.175287,-0.3838302,-0.9752418,-0.1636144,-0.02405655,2.088739,0.2876394,0.03290445,0.9571735,-0.2852929,0.956983,0.05283524,-0.9142601,-0.2882722,0.2846534,moving,-74.06095,-45.89513,-4.478927,-0.6598611
05/11/2023 13:10:29.708560,4679,True,True,True,True,Eyes,2.175055,0.1790263,-2.071276,-0.9255229,-0.2720938,0.2633864,0.0,0.0,0.0,0.0,0.0,0.0,0.0,1.380969,0.5422426,2.61492,2.176176,0.1812044,-2.066478,0.1051686,-0.5936007,0.1009016,0.7914523,16.63432,286.564,2.085109,0.7208729,0.0572263,-0.6907004,-0.3452084,0.006435939,0.4838471,1.153972,-0.3775073,-0.9770088,-0.1626181,-0.02147016,2.088875,0.274914,0.03486135,0.9608366,-0.284574,0.9575168,0.04668127,-0.91839,-0.2862625,0.2731554,moving,-74.11464,-45.9316,-4.451476,-0.5888845
05/11/2023 13:10:29.728295,4680,True,True,True,True,Eyes,2.174,0.1789354,-2.070719,-0.9260515,-0.2715215,0.2621157,0.0,0.0,0.0,0.0,0.0,0.0,0.0,1.413191,0.5219203,2.590039,2.167055,0.1805183,-2.061333,0.1026842,-0.5989859,0.1004643,0.7877684,16.38774,285.8078,2.107009,0.7211719,0.05750597,-0.6903649,-0.3244959,0.006049783,0.4548163,1.131377,-0.3666008,-0.978444,-0.1615638,-0.0187321,2.089019,0.2622457,0.0352723,0.9643564,-0.2812979,0.9587258,0.04142945,-0.9230921,-0.2821361,0.2613438,moving,-74.19601,-46.00978,-4.422426,-0.513754
05/11/2023 13:10:29.738311,4681,True,True,True,True,Eyes,2.172604,0.1787962,-2.070034,-0.9267789,-0.2706617,0.2604288,0.0,0.0,0.0,0.0,0.0,0.0,0.0,1.444992,0.5077536,2.56367,2.157718,0.1793638,-2.056769,0.1010905,-0.6041711,0.1004869,0.784003,16.2562,285.0646,2.113941,0.7213743,0.05772533,-0.6901342,-0.3050261,0.005686796,0.4275273,1.109064,-0.3595149,-0.9808893,-0.1605491,-0.01609728,2.089156,0.2497595,0.03541212,0.9676602,-0.2797158,0.9593662,0.03708791,-0.9270271,-0.2799329,0.2495161,moving,-74.30441,-46.10382,-4.394474,-0.4414643
05/11/2023 13:10:29.758443,4682,True,True,True,True,Eyes,2.17088,0.178592,-2.069234,-0.9276175,-0.2697909,0.2583381,0.0,0.0,0.0,0.0,0.0,0.0,0.0,1.475879,0.4980116,2.53647,2.148199,0.1780706,-2.052668,0.1002302,-0.6091624,0.1004581,0.7802458,16.18853,284.3336,2.067782,0.7215077,0.05790039,-0.6899797,-0.2867246,0.005345588,0.4018756,1.086662,-0.3542756,-0.9844436,-0.1595317,-0.01345533,2.089295,0.2376587,0.03465112,0.9707305,-0.2788769,0.9597242,0.03401775,-0.9304547,-0.2787989,0.2377502,moving,-74.43768,-46.24231,-4.366446,-0.3689872
05/11/2023 13:10:29.778212,4683,True,True,True,True,Eyes,2.168834,0.178334,-2.068335,-0.9287422,-0.2687455,0.2553699,0.0,0.0,0.0,0.0,0.0,0.0,0.0,1.506416,0.4892463,2.508855,2.138597,0.1762882,-2.048982,0.09948566,-0.614101,0.1001994,0.776494,16.11493,283.6039,1.99354,0.7216139,0.05805472,-0.6898554,-0.2695211,0.005024853,0.3777631,1.064739,-0.3504921,-0.9880748,-0.1584632,-0.01068108,2.089441,0.2256802,0.03341996,0.9736282,-0.2777969,0.9601254,0.03143497,-0.9337546,-0.2775651,0.2259652,moving,-74.62571,-46.46189,-4.337011,-0.2928896
05/11/2023 13:10:29.788231,4684,True,True,True,True,Eyes,2.166459,0.1780218,-2.067345,-0.9299318,-0.2677441,0.2520714,0.0,0.0,0.0,0.0,0.0,0.0,0.0,1.536342,0.488459,2.479352,2.128848,0.1747715,-2.045382,0.1000132,-0.6188065,0.1010297,0.7725729,16.23458,282.888,1.929541,0.7216922,0.05818921,-0.6897621,-0.2533498,0.004723362,0.3550973,1.045177,-0.3533431,-0.9921982,-0.1574548,-0.008062437,2.089578,0.213743,0.03232788,0.9763549,-0.2798832,0.9595807,0.02949941,-0.9359376,-0.2795706,0.2141517,moving,-74.8336,-46.72697,-4.309235,-0.2210692
05/11/2023 13:10:29.808315,4685,True,True,True,True,Eyes,2.163778,0.1776535,-2.066215,-0.9313391,-0.2664925,0.2481713,0.0,0.0,0.0,0.0,0.0,0.0,0.0,1.565055,0.4812475,2.451014,2.118534,0.1731535,-2.04213,0.09948783,-0.6233966,0.1014449,0.7688875,16.22861,282.2032,1.907438,0.7217417,0.05830463,-0.6897006,-0.2381488,0.00443996,0.3337915,1.026529,-0.356419,-0.9954145,-0.1564237,-0.005385101,2.089718,0.2021714,0.03195866,0.9788286,-0.2800401,0.9596222,0.02650912,-0.9384584,-0.2794707,0.2029579,moving,-75.07925,-47.03878,-4.280833,-0.1476481
05/11/2023 13:10:29.828100,4686,True,True,True,True,Eyes,2.160783,0.17723,-2.065027,-0.9327572,-0.2653288,0.2440589,0.0,0.0,0.0,0.0,0.0,0.0,0.0,1.590022,0.4715392,2.424995,2.108263,0.1713205,-2.038872,0.09846172,-0.6274975,0.10166,0.7656484,16.16217,281.5984,1.915393,0.7217627,0.05840163,-0.6896705,-0.2238599,0.004173562,0.313764,1.007703,-0.3601511,-0.9993466,-0.1553637,-0.002632156,2.089862,0.1918244,0.0321027,0.9809039,-0.2792406,0.9599411,0.02319127,-0.9408655,-0.2783569,0.1931044,moving,-75.3371,-47.39104,-4.251639,-0.07216329
05/11/2023 13:10:29.838200,4687,True,True,True,True,Eyes,2.157459,0.1767498,-2.063767,-0.9343002,-0.2639653,0.2395941,0.0,0.0,0.0,0.0,0.0,0.0,0.0,1.613148,0.4669635,2.398992,2.097728,0.1695806,-2.036233,0.09824844,-0.631151,0.1024582,0.7625602,16.21091,281.0468,1.924177,0.721754,0.05848075,-0.6896729,-0.2104283,0.003923149,0.2949381,0.9879934,-0.3651304,-1.004444,-0.1543579,-2.002716e-05,2.089999,0.1823014,0.03224191,0.9827139,-0.2802803,0.9596991,0.02050747,-0.9424486,-0.2791739,0.1839913,moving,-75.61689,-47.77084,-4.223938,-0.0005490298
05/11/2023 13:10:29.858619,4688,True,True,True,True,Eyes,2.153828,0.1762029,-2.062485,-0.9358417,-0.2626258,0.2350063,0.0,0.0,0.0,0.0,0.0,0.0,0.0,1.633624,0.4559636,2.375137,2.086391,0.1676772,-2.033903,0.0969689,-0.6344875,0.102471,0.7599489,16.10604,280.5584,1.950153,0.7217146,0.05854241,-0.6897091,-0.1978026,0.00368776,0.2772419,0.9677995,-0.3683077,-1.009589,-0.1533412,0.002620071,2.090137,0.1738508,0.03269437,0.984229,-0.2787966,0.9601935,0.01734968,-0.9444831,-0.2774159,0.1760454,moving,-75.90351,-48.17677,-4.195941,0.07182253
05/11/2023 13:10:29.878268,4689,True,True,True,True,Eyes,2.149894,0.1755956,-2.061167,-0.9374406,-0.2612397,0.2301281,0.0,0.0,0.0,0.0,0.0,0.0,0.0,1.652936,0.4466663,2.352041,2.075381,0.1655246,-2.032044,0.0958451,-0.6375488,0.1030028,0.7574533,16.05352,280.1098,2.017258,0.721643,0.0585866,-0.6897803,-0.1859344,0.003466494,0.2606073,0.9483038,-0.3727755,-1.014455,-0.1523094,0.005298361,2.090278,0.1658439,0.03382784,0.9855716,-0.2782516,0.9604082,0.01385771,-0.9460824,-0.2765351,0.1686905,moving,-76.20746,-48.62291,-4.167528,0.145231
05/11/2023 13:10:29.898188,4690,True,True,True,True,Eyes,2.043868,0.1590578,-2.028243,-0.9687041,-0.2253933,0.1039722,0.0,0.0,0.0,0.0,0.0,0.0,0.0,1.671675,0.4376043,2.328982,2.064086,0.1633722,-2.030519,0.09468048,-0.6404041,0.1044153,0.7549938,16.06348,279.6955,2.170719,0.7215381,0.05861349,-0.6898877,-0.1747784,0.003258504,0.2449709,0.9271798,-0.369904,-1.018114,-0.1512588,0.008026898,2.090421,0.1579601,0.03639825,0.9867744,-0.2789333,0.9602661,0.009230412,-0.9472302,-0.2767023,0.1618364,moving,-83.87383,-65.23647,-4.138598,0.220006
05/11/2023 13:10:29.908437,4691,True,True,True,True,Eyes,2.043404,0.1589992,-2.028187,-0.9687577,-0.2253536,0.1035576,0.0,0.0,0.0,0.0,0.0,0.0,0.0,1.690507,0.425053,2.306025,2.05248,0.1614051,-2.029163,0.09295892,-0.6432966,0.10591,0.7525368,16.03193,279.2842,2.373443,0.7201141,0.05823735,-0.6914058,-0.4823688,-0.04655067,0.3290459,0.9060304,-0.36822,-1.022687,-0.1502289,0.0107014,2.090561,0.1499053,0.03980196,0.9878991,-0.2790026,0.9602835,0.003646982,-0.948518,-0.276173,0.1550564,moving,-83.89841,-65.31962,-4.110241,0.2932897
05/11/2023 13:10:29.927983,4692,True,True,True,True,Eyes,2.042466,0.1589073,-2.0281,-0.9688282,-0.2253624,0.1028774,0.0,0.0,0.0,0.0,0.0,0.0,0.0,1.709782,0.4188906,2.281477,2.040847,0.1598693,-2.028139,0.09241369,-0.6461304,0.1079387,0.749883,16.14587,278.8603,2.533509,0.7188947,0.05791176,-0.6927009,-0.4534266,-0.04375763,0.3093031,0.8854725,-0.372273,-1.029302,-0.1491414,0.01352488,2.090709,0.1417297,0.04246014,0.9889944,-0.2813053,0.9596179,-0.0008859461,-0.9490944,-0.2780838,0.1479507,moving,-83.93863,-65.46343,-4.080302,0.3706434
05/11/2023 13:10:29.938785,4693,True,True,True,True,Eyes,2.041072,0.1587947,-2.027972,-0.9689661,-0.2252474,0.1018248,0.0,0.0,0.0,0.0,0.0,0.0,0.0,1.727698,0.4124982,2.257161,2.028526,0.1589868,-2.027233,0.09203714,-0.6488302,0.1090972,0.7474266,16.20967,278.4496,2.605479,0.717838,0.05762824,-0.6938196,-0.426221,-0.04113217,0.290745,0.8633892,-0.3726846,-1.036039,-0.1481678,0.01605292,2.090841,0.1342344,0.04365141,0.9899879,-0.2825173,0.9592539,-0.003989118,-0.9498239,-0.2791532,0.1410972,moving,-84.00104,-65.6743,-4.053498,0.4398929
05/11/2023 13:10:29.958329,4694,True,True,True,True,Eyes,2.039222,0.1586745,-2.027852,-0.9691369,-0.2250817,0.1005579,0.0,0.0,0.0,0.0,0.0,0.0,0.0,1.744051,0.4022425,2.23473,2.016141,0.1582674,-2.026735,0.0910262,-0.6513394,0.1096484,0.7452842,16.17174,278.0769,2.677188,0.7168909,0.05737651,-0.6948192,-0.4006478,-0.03866424,0.2733003,0.8403112,-0.3727987,-1.04468,-0.1471086,0.01880352,2.090986,0.1274686,0.04486056,0.9908276,-0.2820163,0.9593829,-0.007155849,-0.9509042,-0.2785174,0.1349426,moving,-84.07617,-65.92673,-4.024341,0.5152276
05/11/2023 13:10:29.978475,4695,True,True,True,True,Eyes,2.036932,0.1585393,-2.027714,-0.9694006,-0.2246751,0.09891176,0.0,0.0,0.0,0.0,0.0,0.0,0.0,1.760885,0.3886407,2.212336,2.003366,0.1579521,-2.026761,0.0895258,-0.6539127,0.1100719,0.743147,16.08223,277.7014,2.774755,0.7160076,0.05714837,-0.6957482,-0.3766089,-0.03634439,0.2569022,0.8148326,-0.3646586,-1.052713,-0.1460698,0.02150105,2.091126,0.1205646,0.04651517,0.9916151,-0.2806834,0.9597386,-0.01089324,-0.9521981,-0.2770166,0.1287666,moving,-84.17405,-66.23882,-3.995745,0.5890968
05/11/2023 13:10:29.988064,4696,True,True,True,True,Eyes,2.034218,0.1583889,-2.02759,-0.9697019,-0.2241922,0.09703757,0.0,0.0,0.0,0.0,0.0,0.0,0.0,1.779319,0.3671461,2.189568,1.990474,0.1573186,-2.02688,0.0866358,-0.6568908,0.1101316,0.7408508,15.84627,277.2845,2.941226,0.7151752,0.05694165,-0.6966208,-0.3540124,-0.03416373,0.2414881,0.7927258,-0.3638621,-1.060884,-0.1450576,0.02412996,2.091264,0.1127312,0.04936163,0.9923987,-0.2770026,0.9607305,-0.01632043,-0.9542333,-0.2730573,0.1219777,moving,-84.28546,-66.59549,-3.967884,0.6610754
05/11/2023 13:10:30.008269,4697,True,True,True,True,Eyes,2.031084,0.1582525,-2.027461,-0.970055,-0.2235777,0.09490193,0.0,0.0,0.0,0.0,0.0,0.0,0.0,1.798032,0.3480667,2.16572,1.977611,0.1567747,-2.02704,0.08416184,-0.659871,0.1107958,0.7383843,15.69458,276.859,3.128919,0.7143803,0.05675409,-0.6974512,-0.3327716,-0.03211391,0.2269988,0.7704434,-0.3573467,-1.066762,-0.1440386,0.02677554,2.091403,0.1045891,0.05254782,0.9931263,-0.2746916,0.9612821,-0.02193429,-0.9558272,-0.2705095,0.1149741,moving,-84.41245,-67.00026,-3.939839,0.7334986
05/11/2023 13:10:30.028464,4698,True,True,True,True,Eyes,2.027541,0.1581682,-2.027355,-0.9704292,-0.2229064,0.09262769,0.0,0.0,0.0,0.0,0.0,0.0,0.0,1.814498,0.3315572,2.14251,1.964387,0.1568992,-2.027128,0.0822476,-0.6625324,0.1110572,0.7361742,15.56047,276.4712,3.245035,0.7136129,0.05658507,-0.6982499,-0.3128053,-0.03018707,0.2133789,0.750037,-0.3529434,-1.072654,-0.143002,0.02946736,2.091544,0.09743407,0.0545315,0.9937469,-0.2724983,0.9618033,-0.02606091,-0.9572102,-0.2682551,0.1085722,moving,-84.54763,-67.43491,-3.911313,0.8071758
05/11/2023 13:10:30.038143,4699,True,True,True,True,Eyes,2.023586,0.1581609,-2.027303,-0.9708155,-0.2221868,0.09027798,0.0,0.0,0.0,0.0,0.0,0.0,0.0,1.828526,0.315648,2.121171,1.951057,0.1580398,-2.027537,0.08056052,-0.6647691,0.1111546,0.7343275,15.43232,276.1449,3.338754,0.7128623,0.05643493,-0.6990284,-0.294037,-0.02837585,0.2005762,0.7314186,-0.3584446,-1.080589,-0.1419683,0.03215089,2.091685,0.0914536,0.05613949,0.9942257,-0.270356,0.9623093,-0.02946868,-0.958407,-0.2660998,0.1031843,moving,-84.68723,-67.88733,-3.882864,0.8806134
05/11/2023 13:10:30.058521,4700,True,True,True,True,Eyes,2.019245,0.1582184,-2.027282,-0.9712349,-0.2213353,0.08782674,0.0,0.0,0.0,0.0,0.0,0.0,0.0,1.840995,0.3025948,2.100173,1.937253,0.1599117,-2.02806,0.079477,-0.6666681,0.1116912,0.7326406,15.38942,275.8622,3.430336,0.7121179,0.05630488,-0.6997973,-0.2763948,-0.0266733,0.1885416,0.7122483,-0.3583969,-1.08756,-0.1409022,0.03491893,2.091829,0.08615746,0.05768949,0.99461,-0.2696286,0.9624169,-0.03246577,-0.9591025,-0.2653781,0.09847416,moving,-84.83292,-68.35661,-3.853528,0.9563505
05/11/2023 13:10:30.078478,4701,True,True,True,True,Eyes,2.014541,0.1583834,-2.027289,-0.9716199,-0.2206161,0.08534265,0.0,0.0,0.0,0.0,0.0,0.0,0.0,1.853016,0.2833336,2.080511,1.923699,0.161482,-2.028739,0.0772371,-0.6686934,0.1109221,0.7311498,15.14659,275.5746,3.498673,0.711372,0.05619576,-0.7005642,-0.2598111,-0.0250729,0.1772291,0.6939994,-0.3602905,-1.094775,-0.1399398,0.03741972,2.091961,0.08109113,0.05890546,0.9949646,-0.2654972,0.9634614,-0.03540192,-0.9606953,-0.2612895,0.09376736,moving,-84.98029,-68.85165,-3.827046,1.024763
05/11/2023 13:10:30.098111,4702,True,True,True,True,Eyes,2.009467,0.1586533,-2.027314,-0.9720343,-0.2197741,0.08275725,0.0,0.0,0.0,0.0,0.0,0.0,0.0,1.863712,0.2713571,2.060933,1.910287,0.1642215,-2.029369,0.0764151,-0.6702326,0.1124178,0.7295967,15.20044,275.3453,3.660314,0.7106183,0.05610976,-0.7013356,-0.2442224,-0.02356852,0.1665953,0.6756654,-0.362808,-1.102941,-0.1389007,0.04011714,2.092102,0.07630116,0.06160757,0.9951797,-0.2664711,0.963046,-0.03918776,-0.9608181,-0.2621965,0.08989814,moving,-85.13367,-69.36584,-3.798457,1.098542
05/11/2023 13:10:30.108578,4703,True,True,True,True,Eyes,1.874354,0.1679724,-2.028256,-0.9801812,-0.1975201,0.01518712,0.0,0.0,0.0,0.0,0.0,0.0,0.0,1.875812,0.2411752,2.041341,1.896352,0.1669616,-2.029749,0.07239899,-0.6723635,0.1134877,0.7278779,14.95174,275.0695,4.027276,0.7098492,0.0560486,-0.702119,-0.2295691,-0.02215441,0.1565996,0.6527173,-0.3547572,-1.113748,-0.1378574,0.04282632,2.092244,0.07009584,0.06785359,0.9952298,-0.2625673,0.9637578,-0.04721479,-0.9623643,-0.2580053,0.08537154,moving,-89.11232,-85.60324,-3.769754,1.172629
05/11/2023 13:10:30.128420,4704,True,True,True,True,Eyes,1.873825,0.1680426,-2.028257,-0.980189,-0.1974959,0.01499532,0.0,0.0,0.0,0.0,0.0,0.0,0.0,1.88654,0.2144807,2.022452,1.883057,0.1697655,-2.029932,0.06896461,-0.6743484,0.1140278,0.7262892,14.71229,274.8037,4.306035,0.7057232,0.0566687,-0.7062165,-0.6211325,0.007132053,0.1443755,0.6333412,-0.3750784,-1.135048,-0.1368189,0.04552282,2.092386,0.06450412,0.07262203,0.9952715,-0.2586467,0.9644831,-0.05361244,-0.9638159,-0.2539655,0.08099661,moving,-89.12354,-85.65802,-3.741184,1.246354
05/11/2023 13:10:30.138093,4705,True,True,True,True,Eyes,1.87281,0.1681317,-2.028311,-0.9802262,-0.1973355,0.01467278,0.0,0.0,0.0,0.0,0.0,0.0,0.0,1.897126,0.1984852,2.001924,1.869837,0.1715103,-2.029896,0.06727122,-0.676193,0.1151072,0.7245607,14.66419,274.534,4.495497,0.7023072,0.05717752,-0.7095729,-0.5838646,0.00670413,0.135713,0.6046106,-0.3647259,-1.15489,-0.1357991,0.04817088,2.092524,0.05902687,0.07582758,0.9953724,-0.2577808,0.9644498,-0.05818513,-0.9643988,-0.2531534,0.07647538,moving,-89.14242,-85.74763,-3.713131,1.318743
05/11/2023 13:10:30.158487,4706,True,True,True,True,Eyes,1.871361,0.1682369,-2.028354,-0.9802176,-0.1974103,0.01423931,0.0,0.0,0.0,0.0,0.0,0.0,0.0,1.90539,0.1810412,1.983733,1.857249,0.1721631,-2.029646,0.06502649,-0.6779016,0.1139847,0.7233456,14.39551,274.2892,4.544019,0.6994612,0.05759845,-0.7123446,-0.5488327,0.006301882,0.1275702,0.5761467,-0.3550209,-1.17829,-0.1347595,0.05087046,2.092665,0.05491415,0.07673756,0.9955381,-0.2530637,0.9655581,-0.06046757,-0.9658899,-0.248614,0.07244226,moving,-89.16775,-85.87437,-3.684538,1.392525
05/11/2023 13:10:30.178294,4707,True,True,True,True,Eyes,1.869494,0.168361,-2.028362,-0.980149,-0.1977943,0.01361632,0.0,0.0,0.0,0.0,0.0,0.0,0.0,1.912712,0.1836174,1.965046,1.845387,0.1727031,-2.029361,0.06636219,-0.6788689,0.1166258,0.7218944,14.72383,274.1188,4.642507,0.6970718,0.05795014,-0.7146545,-0.5159028,0.005923769,0.119916,0.5554594,-0.3662695,-1.201111,-0.1337492,0.05349368,2.092803,0.05107109,0.07828055,0.9956224,-0.2584854,0.963989,-0.06253422,-0.9646642,-0.2541602,0.06946635,moving,-89.20409,-86.06193,-3.656749,1.464206
05/11/2023 13:10:30.188679,4708,True,True,True,True,Eyes,1.867242,0.1685411,-2.028345,-0.9800528,-0.1983223,0.01283536,0.0,0.0,0.0,0.0,0.0,0.0,0.0,1.920691,0.1775625,1.946068,1.833436,0.1732984,-2.028852,0.06620803,-0.6800707,0.1201088,0.7202043,14.99481,273.9322,4.926494,0.6950364,0.05824926,-0.71661,-0.4849486,0.005568343,0.112721,0.5346485,-0.3669598,-1.219324,-0.1327208,0.05616455,2.092943,0.04615537,0.08295342,0.9954841,-0.263058,0.9623808,-0.06799829,-0.9636754,-0.2587315,0.06624061,moving,-89.24966,-86.297,-3.628465,1.537175
05/11/2023 13:10:30.208270,4709,True,True,True,True,Eyes,1.864607,0.1687711,-2.028332,-0.9799612,-0.1988368,0.01183051,0.0,0.0,0.0,0.0,0.0,0.0,0.0,1.930188,0.1668512,1.926135,1.821934,0.1748545,-2.028163,0.06543908,-0.6816992,0.1234457,0.718168,15.20647,273.6842,5.2376,0.6931563,0.05852807,-0.7184061,-0.4558517,0.005234242,0.1059578,0.5134428,-0.3621456,-1.237002,-0.1316682,0.05889753,2.093086,0.0400948,0.08808991,0.9953053,-0.266529,0.9609578,-0.07431312,-0.9629926,-0.2622981,0.06200797,moving,-89.30833,-86.59499,-3.599519,1.611825
05/11/2023 13:10:30.228384,4710,True,True,True,True,Eyes,1.861611,0.1690445,-2.028281,-0.9799258,-0.1990805,0.01059887,0.0,0.0,0.0,0.0,0.0,0.0,0.0,1.941029,0.1524377,1.904457,1.810141,0.176383,-2.027329,0.06403523,-0.6838632,0.1248342,0.7159938,15.2147,273.3544,5.421988,0.6914093,0.058791,-0.7200662,-0.4285006,0.004920188,0.09960031,0.4899678,-0.3529037,-1.256498,-0.1306332,0.06158606,2.093227,0.03349511,0.09117841,0.9952711,-0.2663438,0.9606318,-0.07904145,-0.9632959,-0.2624368,0.05646127,moving,-89.38032,-86.9525,-3.571058,1.685246
05/11/2023 13:10:30.238380,4711,True,True,True,True,Eyes,1.85827,0.1693686,-2.028199,-0.9799244,-0.1991637,0.009056807,0.0,0.0,0.0,0.0,0.0,0.0,0.0,1.951901,0.1322694,1.882706,1.798485,0.1776415,-2.026299,0.06142835,-0.6865039,0.1227428,0.7140541,14.84785,272.9578,5.398948,0.6897759,0.05904188,-0.7216105,-0.4027905,0.004624977,0.09362429,0.4610932,-0.321987,-1.274786,-0.1296406,0.06416246,2.093362,0.02729325,0.09094836,0.9954817,-0.2596316,0.9623216,-0.08080044,-0.9653221,-0.2562531,0.04987793,moving,-89.47047,-87.39632,-3.543765,1.755591
05/11/2023 13:10:30.258296,4712,True,True,True,True,Eyes,1.854583,0.1697056,-2.028076,-0.9800191,-0.1987717,0.007239974,0.0,0.0,0.0,0.0,0.0,0.0,0.0,1.963314,0.1170947,1.8598,1.786846,0.1791406,-2.025404,0.05980918,-0.6890775,0.1217659,0.7118766,14.65308,272.5587,5.393505,0.688239,0.05928437,-0.7230567,-0.3786231,0.004347478,0.08800683,0.4326597,-0.2864534,-1.291599,-0.128621,0.06681088,2.093501,0.02069065,0.09093828,0.9956415,-0.2557909,0.9631919,-0.0826588,-0.9665107,-0.2529658,0.04319023,moving,-89.57673,-87.91401,-3.515733,1.827887
05/11/2023 13:10:30.278267,4713,True,True,True,True,Eyes,1.850607,0.1700522,-2.027921,-0.9801131,-0.1983747,0.005071783,0.0,0.0,0.0,0.0,0.0,0.0,0.0,1.97583,0.08489479,1.835419,1.774898,0.1796806,-2.024186,0.05478668,-0.6924849,0.1180057,0.7096041,13.95666,272.0625,5.415812,0.6867829,0.05952046,-0.7244206,-0.3559057,0.004086629,0.08272642,0.4076993,-0.2634812,-1.309703,-0.1274454,0.06986332,2.093661,0.01307909,0.09159674,0.9957103,-0.2433525,0.9661462,-0.08568054,-0.9698497,-0.2411879,0.03492658,moving,-89.70352,-88.53545,-3.483412,1.911192
05/11/2023 13:10:30.288408,4714,True,True,True,True,Eyes,1.846319,0.1704183,-2.027712,-0.9801971,-0.1980072,0.002641487,0.0,0.0,0.0,0.0,0.0,0.0,0.0,1.990199,0.07481572,1.808321,1.763951,0.1802596,-2.022992,0.05395072,-0.6956955,0.1168502,0.7067131,13.81806,271.5457,5.323419,0.6853947,0.05975159,-0.7257151,-0.3345514,0.003841432,0.07776283,0.3827481,-0.2411008,-1.329508,-0.1265581,0.0721675,2.093782,0.004707827,0.09009253,0.9959224,-0.2402256,0.9668707,-0.0863289,-0.9707058,-0.2388396,0.02619436,moving,-89.8456,-89.23569,-3.459019,1.974063
05/11/2023 13:10:30.308483,4715,True,True,True,True,Eyes,1.84176,0.1707727,-2.027464,-0.980275,-0.197638,-4.897117e-05,0.0,0.0,0.0,0.0,0.0,0.0,0.0,2.0042,0.06818931,1.779771,1.752186,0.1810936,-2.021411,0.05389262,-0.6988122,0.1168664,0.7036331,13.83795,271.0336,5.267461,0.6840621,0.05997965,-0.7269526,-0.3144783,0.003610946,0.07309707,0.3609344,-0.2326142,-1.351837,-0.125559,0.07476109,2.093918,-0.003992294,0.08914055,0.9960111,-0.2397838,0.9668756,-0.08749411,-0.9708182,-0.2391766,0.01751443,moving,89.99714,89.9858,-3.431557,2.044816
05/11/2023 13:10:30.328406,4716,True,True,True,True,Eyes,1.836973,0.1711124,-2.027158,-0.9802753,-0.197615,-0.00293839,0.0,0.0,0.0,0.0,0.0,0.0,0.0,2.017265,0.05829711,1.752539,1.741087,0.1811842,-2.019885,0.05289898,-0.701996,0.1148252,0.7008697,13.6131,270.5192,5.11706,0.6827747,0.06020505,-0.7281433,-0.2956096,0.003394289,0.06871124,0.3412867,-0.2349873,-1.375585,-0.1245086,0.0774889,2.09406,-0.01196651,0.08668526,0.9961639,-0.2352248,0.9680338,-0.08706305,-0.9718674,-0.2353642,0.008806582,moving,89.82825,89.14812,-3.402685,2.119214
05/11/2023 13:10:30.338499,4717,True,True,True,True,Eyes,1.831938,0.1714409,-2.026808,-0.9802074,-0.1978837,-0.00595572,0.0,0.0,0.0,0.0,0.0,0.0,0.0,2.030013,0.07565999,1.724748,1.730817,0.1812422,-2.018132,0.05720289,-0.7044395,0.1164286,0.6978088,14.1149,270.0582,4.844252,0.6815245,0.06042801,-0.7292951,-0.277873,0.003190632,0.06458857,0.3222498,-0.2370372,-1.398913,-0.1234541,0.08022743,2.094204,-0.01958138,0.08189789,0.9964484,-0.2430818,0.9663444,-0.08420047,-0.9698082,-0.2438672,0.0009855324,moving,89.65188,88.27608,-3.373702,2.193887
05/11/2023 13:10:30.358492,4718,True,True,True,True,Eyes,1.700515,0.1794679,-2.016482,-0.9749956,-0.2055894,-0.08436024,0.0,0.0,0.0,0.0,0.0,0.0,0.0,2.040759,0.08158556,1.698624,1.719771,0.1813756,-2.016474,0.05929049,-0.7068153,0.1167175,0.695179,14.32551,269.633,4.645032,0.6803036,0.06064883,-0.7304159,-0.2612006,0.002999194,0.06071325,0.3068041,-0.2545908,-1.424286,-0.1224568,0.08281728,2.094339,-0.02642174,0.07846425,0.9965668,-0.2460939,0.9657233,-0.08256042,-0.9688858,-0.2474304,-0.006206458,moving,85.05487,67.69001,-3.346295,2.264489
05/11/2023 13:10:30.388142,4719,True,True,True,True,Eyes,1.700078,0.179469,-2.016426,-0.9749463,-0.2058065,-0.0844003,0.0,0.0,0.0,0.0,0.0,0.0,0.0,2.048897,0.0843211,1.675535,1.709178,0.1815328,-2.014513,0.060665,-0.7088493,0.1166249,0.6930014,14.44325,269.2725,4.479727,0.6753292,0.06163138,-0.7349358,-0.6397994,0.02690043,0.08804676,0.2904194,-0.2666163,-1.449953,-0.1214398,0.08545814,2.094477,-0.03213741,0.07563783,0.9966174,-0.2476472,0.9654368,-0.08125716,-0.9683171,-0.2494209,-0.01229513,moving,85.05229,67.70169,-3.318349,2.336467
05/11/2023 13:10:30.398159,4720,True,True,True,True,Eyes,1.699221,0.1794702,-2.016292,-0.9748929,-0.2059467,-0.0846745,0.0,0.0,0.0,0.0,0.0,0.0,0.0,2.055861,0.08823207,1.653368,1.698215,0.1816427,-2.012722,0.0622774,-0.7105867,0.1169452,0.6910224,14.61185,268.9564,4.333418,0.6712644,0.06243049,-0.7385831,-0.6014114,0.0252864,0.08276395,0.2770123,-0.2881562,-1.476922,-0.1203992,0.08815966,2.094619,-0.0372191,0.0731165,0.9966287,-0.2501304,0.9648907,-0.08012921,-0.9674965,-0.2522695,-0.01762371,moving,85.03602,67.65011,-3.289756,2.410079
05/11/2023 13:10:30.408627,4721,True,True,True,True,Eyes,1.697967,0.179459,-2.016032,-0.9748489,-0.2059998,-0.08505082,0.0,0.0,0.0,0.0,0.0,0.0,0.0,2.06284,0.08487439,1.630989,1.687281,0.1816273,-2.010654,0.06235333,-0.7126782,0.115635,0.6890795,14.52213,268.6033,4.175633,0.6679307,0.06308325,-0.7415442,-0.5653267,0.02376922,0.07779812,0.2632744,-0.3061595,-1.501953,-0.1193755,0.090818,2.094759,-0.04256323,0.07048769,0.9966043,-0.2482391,0.9654812,-0.07888829,-0.9677633,-0.2507539,-0.02359624,moving,85.01385,67.56581,-3.261626,2.482497
05/11/2023 13:10:30.428540,4722,True,True,True,True,Eyes,1.696321,0.1794265,-2.015692,-0.9747998,-0.2060149,-0.08557617,0.0,0.0,0.0,0.0,0.0,0.0,0.0,2.068201,0.08395065,1.610482,1.676518,0.1811989,-2.008635,0.06270581,-0.7144294,0.1139891,0.6875064,14.424,268.3029,3.975151,0.6651828,0.06361882,-0.7439645,-0.5314071,0.02234307,0.07313024,0.2494559,-0.3163921,-1.524144,-0.1183476,0.09348725,2.094898,-0.04680578,0.06713869,0.9966451,-0.2463342,0.9661489,-0.07665298,-0.9680541,-0.2490956,-0.02868281,moving,84.98296,67.44257,-3.233389,2.555195
05/11/2023 13:10:30.438470,4723,True,True,True,True,Eyes,1.694291,0.1793656,-2.015288,-0.9747661,-0.2058912,-0.086254,0.0,0.0,0.0,0.0,0.0,0.0,0.0,2.071887,0.08496092,1.591218,1.665483,0.1806446,-2.006349,0.06339557,-0.7158422,0.1127378,0.6861786,14.38323,268.0537,3.785626,0.6629017,0.06406008,-0.7459601,-0.4995226,0.02100248,0.06874242,0.2377435,-0.3310988,-1.54383,-0.1173356,0.09611504,2.095036,-0.05027976,0.06395413,0.9966855,-0.2454791,0.9665424,-0.07440361,-0.9680971,-0.2484064,-0.03289812,moving,84.94324,67.26973,-3.205587,2.626746
05/11/2023 13:10:30.458118,4724,True,True,True,True,Eyes,1.6919,0.179272,-2.014796,-0.9748591,-0.205172,-0.08691497,0.0,0.0,0.0,0.0,0.0,0.0,0.0,2.075865,0.07985114,1.571884,1.654229,0.1798709,-2.00439,0.0628091,-0.7174329,0.1108669,0.6848749,14.18845,267.7945,3.65106,0.660837,0.06445307,-0.7477561,-0.4695513,0.01974233,0.06461788,0.2233931,-0.3338538,-1.562152,-0.116304,0.09879407,2.095177,-0.05400277,0.06173733,0.9966305,-0.2419826,0.9675271,-0.07304641,-0.9687766,-0.2451119,-0.03730983,moving,84.90518,67.04151,-3.177248,2.699673
05/11/2023 13:10:30.478390,4725,True,True,True,True,Eyes,1.689147,0.1791375,-2.014213,-0.9750241,-0.2040845,-0.0876216,0.0,0.0,0.0,0.0,0.0,0.0,0.0,2.080611,0.07699847,1.550952,1.643169,0.1789291,-2.002075,0.06267564,-0.719225,0.1093289,0.6832528,14.0584,267.4933,3.501341,0.658931,0.06480785,-0.7494056,-0.4413782,0.01855779,0.06074081,0.207365,-0.3289072,-1.58015,-0.1152638,0.1014951,2.095318,-0.05847503,0.05924269,0.9965295,-0.2395543,0.9682379,-0.0716175,-0.9691204,-0.2429107,-0.04242601,moving,84.86485,66.76423,-3.148676,2.773183
05/11/2023 13:10:30.488175,4726,True,True,True,True,Eyes,1.686047,0.1789598,-2.013552,-0.9751722,-0.2029867,-0.08851981,0.0,0.0,0.0,0.0,0.0,0.0,0.0,2.086216,0.07702138,1.528117,1.63177,0.1777463,-1.999775,0.06313733,-0.7211578,0.1081631,0.681356,14.00716,267.1579,3.328317,0.6571626,0.06512747,-0.7509291,-0.4148955,0.01744433,0.05709636,0.1906685,-0.3228377,-1.598968,-0.1142147,0.104219,2.095461,-0.06353577,0.05633114,0.9963886,-0.2384591,0.9686289,-0.0699673,-0.9690721,-0.2420433,-0.04810992,moving,84.81327,66.43861,-3.119865,2.847294
05/11/2023 13:10:30.508059,4727,True,True,True,True,Eyes,1.682609,0.1787308,-2.012848,-0.9753461,-0.2017078,-0.08952037,0.0,0.0,0.0,0.0,0.0,0.0,0.0,2.091254,0.0772202,1.505382,1.620347,0.1765193,-1.997197,0.06358461,-0.7230736,0.1068051,0.6794956,13.93771,266.8249,3.141848,0.6555121,0.06541463,-0.7523454,-0.3900017,0.01639767,0.05367058,0.1728765,-0.3122619,-1.618394,-0.1131949,0.1068677,2.095601,-0.06848551,0.05319448,0.996233,-0.2370999,0.9690993,-0.06804495,-0.9690683,-0.2408668,-0.05375677,moving,84.75591,66.06778,-3.091856,2.91934
05/11/2023 13:10:30.528430,4728,True,True,True,True,Eyes,1.678844,0.1784464,-2.012064,-0.9754807,-0.2005353,-0.09068122,0.0,0.0,0.0,0.0,0.0,0.0,0.0,2.09573,0.08083566,1.483054,1.608765,0.1750917,-1.994814,0.06473279,-0.7247454,0.1061437,0.6777076,13.98064,266.5206,2.955866,0.6539615,0.0656713,-0.7536713,-0.3666016,0.01541381,0.05045034,0.1562204,-0.3060398,-1.638259,-0.1121067,0.1096925,2.095748,-0.0730446,0.0500392,0.9960728,-0.2376983,0.9690863,-0.06611451,-0.9685888,-0.2415941,-0.05889232,moving,84.68902,65.66772,-3.061974,2.996156
05/11/2023 13:10:30.538190,4729,True,True,True,True,Eyes,1.674759,0.1781116,-2.01118,-0.9756094,-0.1993026,-0.09200501,0.0,0.0,0.0,0.0,0.0,0.0,0.0,2.099797,0.08494999,1.460477,1.597163,0.1734881,-1.992067,0.06600906,-0.7264037,0.1059135,0.6758424,14.0693,266.2146,2.792836,0.6524946,0.06589922,-0.7549218,-0.3446055,0.01448898,0.04742332,0.1403539,-0.3023434,-1.658407,-0.111107,0.1122886,2.095884,-0.07775981,0.04726325,0.9958512,-0.2390601,0.9688503,-0.0646485,-0.9678862,-0.2430954,-0.06403886,moving,84.61264,65.22031,-3.034524,3.066734
05/11/2023 13:10:30.569189,4730,True,True,True,True,Eyes,1.670362,0.1777187,-2.010211,-0.9757044,-0.198162,-0.09344916,0.0,0.0,0.0,0.0,0.0,0.0,0.0,2.103588,0.08683208,1.438018,1.585404,0.1719047,-1.989337,0.06687377,-0.7280648,0.1057822,0.673988,14.13319,265.9138,2.672458,0.6510981,0.06610008,-0.7561089,-0.3239292,0.01361964,0.04457792,0.1246672,-0.2988791,-1.678951,-0.1101113,0.114875,2.09602,-0.08253615,0.04521496,0.9955618,-0.2399687,0.968676,-0.06388829,-0.9672656,-0.2441768,-0.06910065,moving,84.52912,64.75239,-3.007184,3.137029
05/11/2023 13:10:30.578297,4731,True,True,True,True,Eyes,1.665664,0.1772691,-2.009135,-0.9757864,-0.1969726,-0.09509275,0.0,0.0,0.0,0.0,0.0,0.0,0.0,2.105922,0.08754852,1.416898,1.573552,0.1701294,-1.986243,0.06747915,-0.7295073,0.1059286,0.6723428,14.19895,265.6537,2.600621,0.6497598,0.06627503,-0.7572441,-0.3044934,0.01280246,0.04190325,0.1107402,-0.3019155,-1.699491,-0.1090544,0.1176184,2.096164,-0.08680336,0.04398762,0.9952539,-0.2408937,0.9684514,-0.06381312,-0.966662,-0.2452896,-0.07346851,moving,84.43397,64.23007,-2.978169,3.211571
05/11/2023 13:10:30.588450,4732,True,True,True,True,Eyes,1.660672,0.1767628,-2.007967,-0.9758424,-0.195852,-0.09681697,0.0,0.0,0.0,0.0,0.0,0.0,0.0,2.10701,0.08525814,1.397198,1.561646,0.1683039,-1.982891,0.06747306,-0.7307871,0.1062598,0.6708997,14.23159,265.4316,2.599504,0.6484687,0.06642523,-0.7583368,-0.2862238,0.01203431,0.03938905,0.09568514,-0.3006066,-1.719169,-0.10798,0.1204094,2.096309,-0.09068193,0.04396244,0.9949092,-0.2411962,0.9683125,-0.06477126,-0.9662305,-0.2458419,-0.0772049,moving,84.33401,63.6951,-2.948675,3.287388
05/11/2023 13:10:30.608219,4733,True,True,True,True,Eyes,1.655387,0.1762145,-2.006675,-0.9758806,-0.1947007,-0.09873533,0.0,0.0,0.0,0.0,0.0,0.0,0.0,2.107634,0.0790493,1.37795,1.549595,0.1664419,-1.979436,0.06676041,-0.73204,0.1071491,0.6694621,14.25643,265.225,2.703922,0.6472152,0.06655163,-0.7593958,-0.2690504,0.01131225,0.03702571,0.08095278,-0.2977145,-1.736174,-0.1070275,0.1228815,2.096438,-0.09472691,0.045722,0.9944528,-0.2412071,0.9681242,-0.06748776,-0.9658395,-0.246262,-0.08067889,moving,84.22272,63.10982,-2.92253,3.354521
05/11/2023 13:10:30.628283,4734,True,True,True,True,Eyes,1.516349,0.161645,-1.971713,-0.9747285,-0.1663822,-0.1490685,0.0,0.0,0.0,0.0,0.0,0.0,0.0,2.107901,0.07366906,1.358193,1.53731,0.1648459,-1.975567,0.06622951,-0.7333448,0.1077254,0.6679927,14.26939,265.0062,2.766781,0.645991,0.06665573,-0.7604284,-0.2529074,0.01063352,0.03480417,0.06726862,-0.298549,-1.752028,-0.1059568,0.1256626,2.096584,-0.09879892,0.04678139,0.9940072,-0.2410577,0.9680178,-0.06951803,-0.9654689,-0.2464814,-0.0843621,moving,81.30493,48.14156,-2.893141,3.430024
05/11/2023 13:10:30.638174,4735,True,True,True,True,Eyes,1.515853,0.1615865,-1.971559,-0.9747019,-0.1663073,-0.1493254,0.0,0.0,0.0,0.0,0.0,0.0,0.0,2.108762,0.07056557,1.337115,1.525123,0.1634333,-1.971554,0.06609491,-0.7348725,0.1075312,0.6663566,14.24857,264.7426,2.73008,0.6405377,0.06648502,-0.7650424,-0.6548475,-0.03371292,0.1376032,0.05207886,-0.2943023,-1.765877,-0.1049718,0.1282196,2.096719,-0.1032008,0.0461656,0.9935886,-0.2404509,0.968137,-0.06995788,-0.9651597,-0.246129,-0.08881195,moving,81.28995,48.0797,-2.86611,3.499423
05/11/2023 13:10:30.658190,4736,True,True,True,True,Eyes,1.514879,0.1614707,-1.97124,-0.9746524,-0.1662153,-0.1497508,0.0,0.0,0.0,0.0,0.0,0.0,0.0,2.109117,0.07165368,1.315831,1.512713,0.1619543,-1.967329,0.06664863,-0.7363482,0.1064825,0.6648391,14.20769,264.477,2.567979,0.6361377,0.0663267,-0.7687187,-0.6155567,-0.03169014,0.129347,0.03787895,-0.2919808,-1.778888,-0.1038805,0.1310543,2.096866,-0.1070942,0.04343423,0.9932998,-0.2397406,0.9684389,-0.06819513,-0.9649122,-0.2454376,-0.09330123,moving,81.26508,47.98289,-2.836163,3.576338
05/11/2023 13:10:30.678143,4737,True,True,True,True,Eyes,1.513448,0.1613117,-1.970762,-0.9746786,-0.1656062,-0.1502537,0.0,0.0,0.0,0.0,0.0,0.0,0.0,2.109488,0.07406296,1.293999,1.50023,0.1604599,-1.963012,0.067482,-0.7378612,0.1054473,0.6632405,14.1892,264.1992,2.381728,0.6325771,0.06617967,-0.771664,-0.5786232,-0.02978873,0.1215862,0.0242344,-0.2923588,-1.791468,-0.1029128,0.1335662,2.096998,-0.1111164,0.04028919,0.9929905,-0.2394586,0.968654,-0.06609739,-0.9645274,-0.2451246,-0.0979858,moving,81.23643,47.78271,-2.809608,3.644475
05/11/2023 13:10:30.698411,4738,True,True,True,True,Eyes,1.511569,0.1611198,-1.970115,-0.974664,-0.1650171,-0.1509945,0.0,0.0,0.0,0.0,0.0,0.0,0.0,2.11034,0.07082386,1.271239,1.487851,0.1592058,-1.958455,0.06743859,-0.7396137,0.1055326,0.6612765,14.19944,263.892,2.353815,0.6296831,0.06604297,-0.774039,-0.5439059,-0.02800141,0.114291,0.0100232,-0.2909968,-1.804143,-0.1018842,0.1362374,2.097139,-0.116331,0.03981551,0.9924123,-0.2393295,0.9686298,-0.06691565,-0.9639443,-0.2452978,-0.1031526,moving,81.19376,47.54074,-2.781383,3.716908
05/11/2023 13:10:30.708350,4739,True,True,True,True,Eyes,1.509262,0.1609116,-1.969241,-0.9746549,-0.1641132,-0.1520353,0.0,0.0,0.0,0.0,0.0,0.0,0.0,2.112254,0.06422846,1.245931,1.4752,0.1582242,-1.953672,0.06687859,-0.741801,0.1058413,0.6588295,14.19067,263.5158,2.378925,0.6273154,0.06591588,-0.7759699,-0.5112715,-0.02632133,0.1074335,-0.003092773,-0.2941458,-1.817639,-0.1007804,0.1391035,2.097289,-0.122942,0.04024153,0.9915977,-0.2386839,0.9686498,-0.06890318,-0.9632836,-0.2451495,-0.1094828,moving,81.13395,47.18782,-2.751101,3.794605
05/11/2023 13:10:30.728142,4740,True,True,True,True,Eyes,1.506556,0.160671,-1.968194,-0.9745896,-0.163266,-0.15336,0.0,0.0,0.0,0.0,0.0,0.0,0.0,2.115474,0.05920252,1.217951,1.462805,0.1574694,-1.948729,0.06671981,-0.7444106,0.1059818,0.6558729,14.2,263.0565,2.346243,0.625306,0.06579822,-0.7776001,-0.4805952,-0.02474205,0.1009875,-0.0170669,-0.295005,-1.830662,-0.09980409,0.1416378,2.097422,-0.1307586,0.03968738,0.9906197,-0.2383551,0.9686326,-0.0702686,-0.9623353,-0.2453075,-0.1171973,moving,81.05735,46.79197,-2.724318,3.86329
05/11/2023 13:10:30.738115,4741,True,True,True,True,Eyes,1.503462,0.1604461,-1.966972,-0.9744886,-0.1623406,-0.1549761,0.0,0.0,0.0,0.0,0.0,0.0,0.0,2.118593,0.05602406,1.189105,1.450529,0.1564586,-1.943459,0.06689949,-0.7471198,0.1060808,0.6527507,14.23193,262.5711,2.277799,0.6234466,0.06568883,-0.7791011,-0.4517595,-0.02325752,0.09492826,-0.03173002,-0.2919151,-1.842583,-0.09877227,0.1443178,2.097562,-0.138882,0.03852481,0.9895593,-0.2384525,0.9685426,-0.07117276,-0.9611723,-0.2458475,-0.1253269,moving,80.96374,46.32951,-2.696014,3.935897
05/11/2023 13:10:30.758409,4742,True,True,True,True,Eyes,1.49998,0.1602808,-1.965592,-0.9743212,-0.1614907,-0.1569036,0.0,0.0,0.0,0.0,0.0,0.0,0.0,2.121468,0.05341266,1.16002,1.438147,0.1565665,-1.93813,0.06771711,-0.7497388,0.1074621,0.6494291,14.42378,262.0836,2.250913,0.6217159,0.06558852,-0.7804913,-0.4246539,-0.02186207,0.08923256,-0.04707062,-0.2867328,-1.855216,-0.09778842,0.1468734,2.097696,-0.1473126,0.03803777,0.9883584,-0.2411183,0.9677325,-0.07318207,-0.9592502,-0.2490919,-0.1333875,moving,80.85169,45.8254,-2.669029,4.005116
05/11/2023 13:10:30.778121,4743,True,True,True,True,Eyes,1.496111,0.1602644,-1.964026,-0.9741028,-0.1605688,-0.1591898,0.0,0.0,0.0,0.0,0.0,0.0,0.0,2.125073,0.04366675,1.129017,1.425367,0.1578408,-1.932856,0.06725211,-0.7528282,0.1083227,0.6457501,14.47472,261.5342,2.287104,0.6200946,0.06549978,-0.7817875,-0.3991747,-0.02055035,0.08387861,-0.06371756,-0.276498,-1.86941,-0.09671296,0.1496655,2.097842,-0.1569682,0.03864015,0.9868476,-0.2411573,0.9674867,-0.07624061,-0.9577079,-0.2499528,-0.1425463,moving,80.71866,45.24709,-2.639534,4.080715
05/11/2023 13:10:30.798245,4744,True,True,True,True,Eyes,1.491849,0.1603604,-1.962319,-0.9738679,-0.1593464,-0.1618334,0.0,0.0,0.0,0.0,0.0,0.0,0.0,2.129262,0.02861649,1.096519,1.412408,0.1613138,-1.927696,0.06651078,-0.7561573,0.1106168,0.6415343,14.63292,260.938,2.448974,0.6185654,0.06542848,-0.7830039,-0.3752242,-0.01931733,0.07884589,-0.0795405,-0.2693734,-1.884208,-0.0956984,0.1523007,2.09798,-0.1680198,0.04134369,0.9849162,-0.2425141,0.9666805,-0.08194944,-0.9554873,-0.2526252,-0.1523951,moving,80.56504,44.55635,-2.611711,4.152046
05/11/2023 13:10:30.808350,4745,True,True,True,True,Eyes,1.487252,0.1605794,-1.960492,-0.9736415,-0.1578564,-0.1646316,0.0,0.0,0.0,0.0,0.0,0.0,0.0,2.132927,0.003774554,1.063019,1.398731,0.1640272,-1.922511,0.06245251,-0.7601154,0.1082177,0.6376623,14.13238,260.3023,2.545616,0.6171117,0.06537838,-0.7841544,-0.3527108,-0.01815829,0.07411513,-0.09538776,-0.2621122,-1.897473,-0.09469752,0.1548998,2.098116,-0.1789733,0.04307051,0.9829108,-0.232955,0.9687772,-0.08486875,-0.955877,-0.2441632,-0.1633517,moving,80.40272,43.79644,-2.584265,4.222373
05/11/2023 13:10:30.828620,4746,True,True,True,True,Eyes,1.48231,0.1608686,-1.958545,-0.9733741,-0.1562134,-0.1677507,0.0,0.0,0.0,0.0,0.0,0.0,0.0,2.136341,-0.01341724,1.030268,1.386056,0.1671403,-1.91742,0.06056342,-0.7637049,0.1081319,0.6335571,13.99885,259.6799,2.629232,0.6157194,0.06535317,-0.7852502,-0.3315481,-0.01706879,0.06966823,-0.1111106,-0.2538733,-1.90878,-0.09364524,0.157632,2.09826,-0.1898752,0.04451026,0.980799,-0.2295206,0.9692792,-0.08842091,-0.9546036,-0.2419025,-0.1738261,moving,80.22173,42.96039,-2.555413,4.296282
05/11/2023 13:10:30.838414,4747,True,True,True,True,Eyes,1.477081,0.1612072,-1.956491,-0.9730753,-0.154513,-0.1710268,0.0,0.0,0.0,0.0,0.0,0.0,0.0,2.138986,-0.03433457,0.997304,1.372881,0.1690589,-1.912503,0.05733265,-0.7673633,0.1070391,0.6296105,13.6783,259.0679,2.760544,0.6143752,0.06535409,-0.7863022,-0.3116552,-0.01604466,0.06548813,-0.1265204,-0.2480489,-1.918754,-0.09262744,0.1602756,2.098398,-0.2006074,0.046796,0.9785537,-0.2227759,0.9705111,-0.09208132,-0.9540063,-0.2364703,-0.1842667,moving,80.03157,42.09604,-2.527508,4.36777
05/11/2023 13:10:30.858107,4748,True,True,True,True,Eyes,1.471581,0.1615855,-1.954338,-0.9726624,-0.153145,-0.1745691,0.0,0.0,0.0,0.0,0.0,0.0,0.0,2.142473,-0.04546985,0.9644434,1.360866,0.1704895,-1.908241,0.05623076,-0.7708481,0.1066165,0.6255114,13.57489,258.4435,2.753014,0.6130687,0.0653813,-0.7873191,-0.2929559,-0.01508198,0.06155884,-0.1430433,-0.2352599,-1.928875,-0.09160348,0.1629332,2.098538,-0.2111475,0.04668887,0.9763387,-0.2200704,0.970942,-0.09402421,-0.9523581,-0.2347161,-0.1947371,moving,79.82513,41.25965,-2.499437,4.439613
05/11/2023 13:10:30.878277,4749,True,True,True,True,Eyes,1.465813,0.1620113,-1.952119,-0.9722075,-0.1518064,-0.1782338,0.0,0.0,0.0,0.0,0.0,0.0,0.0,2.145226,-0.04683599,0.9319773,1.348888,0.1718826,-1.903607,0.05806811,-0.7738522,0.1092278,0.6211686,13.95693,257.8391,2.706485,0.6117911,0.06543453,-0.788308,-0.2753785,-0.01417706,0.05786531,-0.1572222,-0.2320631,-1.937302,-0.09054457,0.1656834,2.098681,-0.2215557,0.04582546,0.9740706,-0.22557,0.9693947,-0.09691211,-0.9487,-0.2411925,-0.2044381,moving,79.61139,40.42192,-2.470411,4.513934
05/11/2023 13:10:30.898021,4750,True,True,True,True,Eyes,1.315696,0.1743349,-1.895516,-0.9538192,-0.1232423,-0.2739349,0.0,0.0,0.0,0.0,0.0,0.0,0.0,2.147944,-0.05198742,0.9003611,1.336757,0.1734039,-1.900008,0.05846707,-0.7769114,0.109449,0.617261,14.01898,257.2563,2.615242,0.6105325,0.06551383,-0.7892766,-0.2588558,-0.01332644,0.05439339,-0.1739508,-0.2183886,-1.947615,-0.08952478,0.1683315,2.098819,-0.2311409,0.0442697,0.9719126,-0.2259646,0.9692051,-0.09788544,-0.9463159,-0.2422432,-0.2140195,moving,73.97604,24.2228,-2.442461,4.585475
05/11/2023 13:10:30.908379,4751,True,True,True,True,Eyes,1.315214,0.1744042,-1.895391,-0.9537862,-0.1230083,-0.2741548,0.0,0.0,0.0,0.0,0.0,0.0,0.0,2.15002,-0.05230662,0.8707719,1.325069,0.1755568,-1.896559,0.06031206,-0.7795521,0.1106563,0.6135278,14.27233,256.7165,2.46897,0.6035239,0.06706611,-0.7945191,-0.6936767,0.02444404,0.2209404,-0.1898972,-0.2047766,-1.957163,-0.08848865,0.1710217,2.098961,-0.2398924,0.0417487,0.9699014,-0.2298142,0.9682353,-0.09851848,-0.9432058,-0.246531,-0.2226778,moving,73.96331,24.16492,-2.414064,4.658125
05/11/2023 13:10:30.928369,4752,True,True,True,True,Eyes,1.314293,0.174505,-1.89516,-0.9536718,-0.1225783,-0.2747446,0.0,0.0,0.0,0.0,0.0,0.0,0.0,2.151184,-0.06204307,0.8414788,1.313004,0.1772333,-1.893181,0.05921155,-0.7824755,0.1093336,0.6101412,14.08473,256.1887,2.408156,0.5979599,0.06831001,-0.7986095,-0.652056,0.0229774,0.207684,-0.2044925,-0.1989246,-1.966503,-0.087431,0.1737678,2.099105,-0.2484436,0.04075469,0.9677888,-0.226081,0.9690803,-0.09884692,-0.9418935,-0.2433565,-0.231548,moving,73.92876,24.04421,-2.38508,4.732262
05/11/2023 13:10:30.938070,4753,True,True,True,True,Eyes,1.312952,0.174674,-1.89485,-0.9534994,-0.1220846,-0.2755615,0.0,0.0,0.0,0.0,0.0,0.0,0.0,2.152983,-0.07415897,0.8112142,1.301534,0.1780448,-1.890295,0.05720854,-0.7856596,0.1075072,0.6065547,13.78789,255.6278,2.391504,0.5935363,0.06931295,-0.8018166,-0.6129327,0.02159876,0.195223,-0.2197487,-0.1861343,-1.974301,-0.08645272,0.1763093,2.099238,-0.2576376,0.0405251,0.9653916,-0.2203109,0.9703388,-0.09952791,-0.9407903,-0.2383283,-0.2410676,moving,73.8807,23.89522,-2.358274,4.80085
05/11/2023 13:10:30.958638,4754,True,True,True,True,Eyes,1.311176,0.1748964,-1.894468,-0.9532692,-0.1212028,-0.2767448,0.0,0.0,0.0,0.0,0.0,0.0,0.0,2.154696,-0.08353944,0.780405,1.289981,0.1798527,-1.887413,0.05677167,-0.7886878,0.1080381,0.6025584,13.81768,255.0505,2.399082,0.5900095,0.07012898,-0.8043446,-0.5761567,0.02030283,0.1835096,-0.23044,-0.1950055,-1.97976,-0.0854152,0.1790023,2.099379,-0.267401,0.04064824,0.9627276,-0.2197487,0.9702095,-0.1020001,-0.9381936,-0.2388331,-0.2505026,moving,73.81139,23.65144,-2.329847,4.873503
05/11/2023 13:10:30.978259,4755,True,True,True,True,Eyes,1.309025,0.1751518,-1.89403,-0.9529997,-0.1200976,-0.2781513,0.0,0.0,0.0,0.0,0.0,0.0,0.0,2.156139,-0.1008358,0.748641,1.277758,0.1812611,-1.885218,0.05307181,-0.7921396,0.1042913,0.5990171,13.22693,254.4722,2.405848,0.5871829,0.07080032,-0.8063517,-0.5415874,0.01908466,0.172499,-0.2415127,-0.2020462,-1.986128,-0.08437555,0.1817024,2.099521,-0.2767237,0.04086403,0.9600803,-0.2090252,0.9726135,-0.1016448,-0.9379406,-0.2288084,-0.2606035,moving,73.7291,23.35328,-2.301365,4.946321
05/11/2023 13:10:30.998092,4756,True,True,True,True,Eyes,1.306484,0.1754363,-1.893548,-0.9526402,-0.1188951,-0.2798937,0.0,0.0,0.0,0.0,0.0,0.0,0.0,2.157473,-0.1115558,0.7179081,1.266486,0.1822636,-1.882903,0.05137084,-0.7952759,0.1027125,0.5952708,12.97516,253.9017,2.386408,0.5848991,0.07135957,-0.8079605,-0.5090921,0.01793958,0.1621491,-0.2525,-0.20607,-1.99463,-0.08335479,0.1843524,2.099659,-0.2860272,0.0405755,0.9573619,-0.2039915,0.9736224,-0.1022104,-0.9362562,-0.2245287,-0.2702054,moving,73.62677,23.01514,-2.273403,5.017766
05/11/2023 13:10:31.008693,4757,True,True,True,True,Eyes,1.303589,0.1757437,-1.893029,-0.9522313,-0.1175706,-0.2818379,0.0,0.0,0.0,0.0,0.0,0.0,0.0,2.159277,-0.1195528,0.685549,1.254588,0.1832156,-1.881273,0.05032242,-0.7984481,0.1011626,0.5913665,12.77154,253.3091,2.308803,0.5830312,0.0718326,-0.8092677,-0.4785466,0.01686321,0.1524201,-0.2651668,-0.2024952,-2.005481,-0.08231377,0.187056,2.099801,-0.2955066,0.03928863,0.9545325,-0.200008,0.9744676,-0.1020281,-0.9341695,-0.2210641,-0.2801035,moving,73.5125,22.6438,-2.244888,5.090628
05/11/2023 13:10:31.028357,4758,True,True,True,True,Eyes,1.300353,0.1760712,-1.892491,-0.951708,-0.1163186,-0.2841161,0.0,0.0,0.0,0.0,0.0,0.0,0.0,2.161051,-0.1257784,0.6535552,1.243235,0.1840406,-1.879784,0.04935309,-0.8016158,0.09892772,0.5875286,12.50922,252.7165,2.179137,0.5812912,0.07227477,-0.8104792,-0.4498338,0.01585141,0.1432749,-0.2802117,-0.1849607,-2.017704,-0.08115634,0.190061,2.099958,-0.304749,0.03712131,0.9517092,-0.1953702,0.9755552,-0.1006113,-0.9321796,-0.2165967,-0.2900471,moving,73.37791,22.26444,-2.213188,5.17158
05/11/2023 13:10:31.038293,4759,True,True,True,True,Eyes,1.2968,0.1764048,-1.891979,-0.9511129,-0.1151385,-0.2865789,0.0,0.0,0.0,0.0,0.0,0.0,0.0,2.163052,-0.1323691,0.6203039,1.231796,0.1848545,-1.878723,0.04921121,-0.8047825,0.0991921,0.5831504,12.5359,252.0899,2.141646,0.5796385,0.07269422,-0.8116245,-0.4228437,0.01490033,0.1346784,-0.2938015,-0.1740167,-2.030488,-0.08022842,0.1924727,2.100085,-0.3150278,0.03647919,0.9483813,-0.1948965,0.9754784,-0.1022611,-0.9288558,-0.2170512,-0.3001931,moving,73.23197,21.88873,-2.187776,5.236527
05/11/2023 13:10:31.063556,4760,True,True,True,True,Eyes,1.292946,0.1767304,-1.891456,-0.9504063,-0.1140803,-0.289333,0.0,0.0,0.0,0.0,0.0,0.0,0.0,2.164694,-0.1407656,0.5870161,1.220365,0.1853689,-1.877937,0.04797978,-0.8080308,0.09789404,0.5789654,12.34279,251.4715,2.101145,0.5780547,0.07309406,-0.8127174,-0.3974731,0.01400631,0.1265977,-0.310502,-0.1456786,-2.046439,-0.07923529,0.1950495,2.10022,-0.3249941,0.03581624,0.9450377,-0.1908928,0.9762294,-0.1026455,-0.9262499,-0.2137601,-0.3104317,moving,73.06814,21.51869,-2.160581,5.305897
05/11/2023 13:10:31.078459,4761,True,True,True,True,Eyes,1.288819,0.1770357,-1.890977,-0.9496067,-0.1133341,-0.2922369,0.0,0.0,0.0,0.0,0.0,0.0,0.0,2.165735,-0.1464894,0.5551436,1.209251,0.1855186,-1.877058,0.04808576,-0.8109535,0.09882479,0.5746963,12.44803,250.8758,2.089171,0.576524,0.07347663,-0.8137695,-0.3736247,0.01316593,0.1190019,-0.3227528,-0.1372427,-2.062925,-0.0781984,0.1977433,2.100361,-0.3348239,0.03559785,0.9416081,-0.1915791,0.9758428,-0.1050152,-0.9225999,-0.215554,-0.3199157,moving,72.89451,21.19708,-2.13219,5.378389
05/11/2023 13:10:31.088523,4762,True,True,True,True,Eyes,1.284411,0.1773231,-1.890505,-0.9487079,-0.1126949,-0.2953867,0.0,0.0,0.0,0.0,0.0,0.0,0.0,2.166611,-0.1534906,0.5236905,1.198233,0.1854367,-1.876663,0.04809359,-0.813782,0.1003939,0.5704095,12.60707,250.2912,2.129122,0.5750316,0.07384324,-0.8147915,-0.3512072,0.01237597,0.1118617,-0.3347664,-0.1344042,-2.07902,-0.07717059,0.2004108,2.100502,-0.3446406,0.03625589,0.9380345,-0.1928067,0.9752162,-0.1085315,-0.9187214,-0.2182637,-0.3291086,moving,72.70567,20.88268,-2.10405,5.450143
05/11/2023 13:10:31.108418,4763,True,True,True,True,Eyes,1.279762,0.177583,-1.890109,-0.9477612,-0.1122868,-0.2985638,0.0,0.0,0.0,0.0,0.0,0.0,0.0,2.166579,-0.1618805,0.4934757,1.187046,0.1853136,-1.876264,0.04764747,-0.8164479,0.1017219,0.566388,12.71344,249.7448,2.198711,0.573566,0.07419511,-0.8157919,-0.3301348,0.01163342,0.10515,-0.3473074,-0.1232714,-2.094925,-0.07615376,0.2030521,2.10064,-0.3538692,0.03742473,0.9345461,-0.1930314,0.9747648,-0.1121273,-0.9151589,-0.2200751,-0.337715,moving,72.51453,20.61077,-2.076215,5.521173
05/11/2023 13:10:31.128371,4764,True,True,True,True,Eyes,1.274845,0.1778242,-1.889732,-0.9467365,-0.1119343,-0.3019282,0.0,0.0,0.0,0.0,0.0,0.0,0.0,2.166191,-0.1709284,0.4650087,1.176075,0.185061,-1.876281,0.0472646,-0.818855,0.1037349,0.562567,12.88922,249.2405,2.31114,0.5721147,0.07453301,-0.8167797,-0.3103267,0.01093541,0.09884103,-0.3551547,-0.1381525,-2.10816,-0.07501964,0.2059969,2.100794,-0.362569,0.03930996,0.9311275,-0.1941214,0.9740103,-0.1167087,-0.9115156,-0.2230667,-0.345515,moving,72.31175,20.34134,-2.045171,5.600331
05/11/2023 13:10:31.148375,4765,True,True,True,True,Eyes,1.269662,0.1780488,-1.88934,-0.9456814,-0.111591,-0.3053429,0.0,0.0,0.0,0.0,0.0,0.0,0.0,2.164814,-0.1825231,0.4375179,1.16468,0.1848647,-1.8763,0.04597248,-0.8211551,0.1050488,0.5590667,12.93973,248.7762,2.467386,0.5706674,0.07485803,-0.8177619,-0.2917071,0.01027929,0.09291057,-0.3651255,-0.1429582,-2.120542,-0.07407251,0.2084554,2.100922,-0.3706621,0.04195748,0.9278197,-0.1929596,0.9737025,-0.1211193,-0.9085023,-0.2239261,-0.3528185,moving,72.1057,20.07541,-2.019249,5.666393
05/11/2023 13:10:31.158538,4766,True,True,True,True,Eyes,1.264219,0.1782468,-1.888986,-0.9445594,-0.1112208,-0.3089296,0.0,0.0,0.0,0.0,0.0,0.0,0.0,2.163308,-0.1961672,0.4107492,1.153593,0.1846293,-1.876761,0.04407336,-0.8234103,0.106198,0.5556753,12.93644,248.3296,2.672425,0.5692162,0.07517117,-0.818744,-0.2742047,0.009662529,0.08733593,-0.375236,-0.144268,-2.130316,-0.07306582,0.211069,2.101059,-0.3785653,0.04544228,0.9244586,-0.1906041,0.973559,-0.1259081,-0.9057366,-0.22387,-0.3598941,moving,71.88904,19.79988,-1.991699,5.736596
05/11/2023 13:10:31.178611,4767,True,True,True,True,Eyes,1.258532,0.1784006,-1.88865,-0.9434195,-0.1106811,-0.3125851,0.0,0.0,0.0,0.0,0.0,0.0,0.0,2.161476,-0.2080649,0.3830211,1.141876,0.1841819,-1.877278,0.0422644,-0.8257029,0.1066312,0.5523207,12.87228,247.8763,2.821857,0.5677518,0.07547303,-0.8197325,-0.2577524,0.009082776,0.08209577,-0.3854873,-0.1474024,-2.138657,-0.07201564,0.2137958,2.101202,-0.386311,0.04799358,0.9211192,-0.1875849,0.9736869,-0.1294044,-0.9030923,-0.2227784,-0.3671431,moving,71.66831,19.4982,-1.962961,5.809811
05/11/2023 13:10:31.188730,4768,True,True,True,True,Eyes,1.252618,0.178499,-1.888361,-0.9422182,-0.1101636,-0.3163681,0.0,0.0,0.0,0.0,0.0,0.0,0.0,2.159821,-0.2171751,0.3574524,1.130714,0.1831956,-1.878214,0.04070034,-0.8277284,0.1065596,0.5494127,12.77526,247.4764,2.921895,0.5662673,0.0757632,-0.8207319,-0.2422872,0.00853781,0.07717002,-0.397249,-0.1406357,-2.147855,-0.07072617,0.2171466,2.101378,-0.3929785,0.04971271,0.9182031,-0.184468,0.9739771,-0.1316822,-0.900855,-0.2211273,-0.3735817,moving,71.43952,19.19879,-1.927679,5.899739
05/11/2023 13:10:31.208414,4769,True,True,True,True,Eyes,1.099787,0.1795827,-1.883376,-0.9074455,-0.08613716,-0.4112456,0.0,0.0,0.0,0.0,0.0,0.0,0.0,2.157524,-0.2275217,0.3317642,1.119352,0.1819612,-1.879011,0.03918115,-0.8297147,0.1074127,0.5463524,12.77114,247.0728,3.077119,0.5647565,0.07604078,-0.8217467,-0.22775,0.008025542,0.07253982,-0.408625,-0.1349754,-2.155348,-0.06985168,0.2194165,2.101497,-0.3999279,0.05235206,0.9150504,-0.1823887,0.9738547,-0.1354304,-0.8982162,-0.2210572,-0.3799232,moving,65.62043,11.82983,-1.903754,5.960632
05/11/2023 13:10:31.228258,4770,True,True,True,True,Eyes,1.099336,0.179523,-1.883433,-0.9073117,-0.08619822,-0.4115279,0.0,0.0,0.0,0.0,0.0,0.0,0.0,2.155827,-0.2365091,0.3058426,1.108248,0.1806908,-1.88048,0.03777336,-0.8317199,0.1077837,0.5433211,12.72888,246.6651,3.190529,0.5558427,0.07695887,-0.8277173,-0.6725776,0.01079494,0.08314236,-0.4201598,-0.1311687,-2.160611,-0.0688265,0.2220785,2.101636,-0.4067508,0.05428863,0.9119247,-0.1799561,0.9739117,-0.1382456,-0.8956394,-0.2203379,-0.3863697,moving,65.60246,11.83009,-1.875709,6.032022
05/11/2023 13:10:31.248374,4771,True,True,True,True,Eyes,1.098469,0.1794018,-1.883592,-0.9071477,-0.08601095,-0.4119285,0.0,0.0,0.0,0.0,0.0,0.0,0.0,2.154406,-0.2402805,0.278455,1.096944,0.1792133,-1.881843,0.03785209,-0.8337863,0.1085123,0.5399931,12.81666,246.2145,3.178813,0.5486083,0.07768682,-0.8324623,-0.6322229,0.01014724,0.07815381,-0.4325353,-0.1223802,-2.166903,-0.06793387,0.2243954,2.101758,-0.4139492,0.0540707,0.9086927,-0.1803129,0.9735846,-0.1400725,-0.892263,-0.2218319,-0.393265,moving,65.57758,11.79395,-1.851293,6.094132
05/11/2023 13:10:31.258418,4772,True,True,True,True,Eyes,1.097185,0.1792075,-1.883819,-0.9068934,-0.08581994,-0.412528,0.0,0.0,0.0,0.0,0.0,0.0,0.0,2.153548,-0.2398835,0.2527547,1.085799,0.1776679,-1.883791,0.03865807,-0.8355879,0.1086508,0.5371161,12.89131,245.8121,3.064449,0.5427179,0.07826244,-0.8362606,-0.5942895,0.009538406,0.07346458,-0.4442906,-0.1157994,-2.174201,-0.06692415,0.2270197,2.101895,-0.4200241,0.0521118,0.9060158,-0.1813207,0.9734011,-0.1400469,-0.8892149,-0.2231024,-0.3994029,moving,65.54015,11.75186,-1.823677,6.164456
05/11/2023 13:10:31.279359,4773,True,True,True,True,Eyes,1.09552,0.1789329,-1.884145,-0.9065911,-0.08546198,-0.4132663,0.0,0.0,0.0,0.0,0.0,0.0,0.0,2.151951,-0.2403684,0.2286413,1.074501,0.1757184,-1.885608,0.03883518,-0.8372089,0.1082854,0.5346467,12.87597,245.462,2.984853,0.5378973,0.07871448,-0.839327,-0.5586322,0.008966101,0.0690567,-0.4558696,-0.1121658,-2.1826,-0.06585659,0.2297913,2.102041,-0.425289,0.05076259,0.9036327,-0.1808152,0.9735321,-0.1397889,-0.8868115,-0.2228412,-0.4048539,moving,65.4943,11.68387,-1.79448,6.238697
05/11/2023 13:10:31.288393,4774,True,True,True,True,Eyes,1.093466,0.1785786,-1.884564,-0.9062015,-0.08507947,-0.4141983,0.0,0.0,0.0,0.0,0.0,0.0,0.0,2.150646,-0.2430785,0.2051866,1.063596,0.1735222,-1.888152,0.03862704,-0.8387555,0.108438,0.5322016,12.88651,245.1276,2.976847,0.5339232,0.07906464,-0.8418278,-0.5251142,0.008428135,0.0649133,-0.4674582,-0.1080841,-2.190633,-0.06486224,0.2323717,2.102176,-0.4305391,0.05062444,0.9011512,-0.180219,0.9734983,-0.1407911,-0.8843966,-0.2230206,-0.4100057,moving,65.43624,11.60754,-1.76729,6.307792
05/11/2023 13:10:31.308898,4775,True,True,True,True,Eyes,1.091026,0.1781508,-1.885054,-0.9057457,-0.08448669,-0.4153152,0.0,0.0,0.0,0.0,0.0,0.0,0.0,2.148936,-0.246515,0.1805212,1.052181,0.1712458,-1.890733,0.0380192,-0.8404199,0.1081513,0.529672,12.83009,244.7771,2.978582,0.5305859,0.0793325,-0.8439101,-0.4936074,0.007922447,0.0610185,-0.4787136,-0.1082534,-2.197754,-0.06384234,0.2350216,2.102314,-0.4360045,0.0506653,0.8985174,-0.1784737,0.9737157,-0.1415097,-0.8820701,-0.2220605,-0.415502,moving,65.36694,11.49866,-1.739403,6.378717
05/11/2023 13:10:31.328726,4776,True,True,True,True,Eyes,1.088228,0.1776392,-1.885651,-0.9052356,-0.0837979,-0.416565,0.0,0.0,0.0,0.0,0.0,0.0,0.0,2.147601,-0.2495087,0.1566541,1.040959,0.1689434,-1.893898,0.03717429,-0.841994,0.107278,0.5274048,12.7012,244.4548,2.970682,0.5274844,0.07955632,-0.8458312,-0.4639909,0.0074471,0.05735739,-0.4897401,-0.1102054,-2.204597,-0.0627802,0.2377787,2.10246,-0.4409246,0.05055678,0.8961192,-0.1757589,0.9742191,-0.141443,-0.8801672,-0.2198666,-0.4206714,moving,65.28939,11.37405,-1.710364,6.452476
05/11/2023 13:10:31.338333,4777,True,True,True,True,Eyes,1.085093,0.1770555,-1.88638,-0.9047021,-0.08299758,-0.4178821,0.0,0.0,0.0,0.0,0.0,0.0,0.0,2.146059,-0.2505047,0.133976,1.029546,0.1663944,-1.897003,0.0364529,-0.8433931,0.1058963,0.5254952,12.52914,244.1729,2.924659,0.5245822,0.07973715,-0.8476171,-0.4361515,0.007000274,0.05391595,-0.5009948,-0.1113043,-2.211444,-0.06172343,0.2405227,2.102603,-0.4450518,0.04980772,0.8941185,-0.1727842,0.9749144,-0.1403127,-0.8786777,-0.216936,-0.4252813,moving,65.20777,11.2336,-1.681476,6.52586
05/11/2023 13:10:31.358526,4778,True,True,True,True,Eyes,1.081614,0.1764156,-1.887243,-0.904144,-0.08214878,-0.4192556,0.0,0.0,0.0,0.0,0.0,0.0,0.0,2.14525,-0.2488868,0.1141634,1.018314,0.1640623,-1.900841,0.03687496,-0.8443435,0.1053785,0.524042,12.50937,243.9617,2.828506,0.5218453,0.07987633,-0.8492917,-0.4099824,0.006580258,0.05068099,-0.5123604,-0.1129292,-2.216696,-0.06074615,0.2430608,2.102735,-0.4480411,0.04817522,0.8927144,-0.1727157,0.9750713,-0.1393032,-0.877171,-0.2165993,-0.4285513,moving,65.12263,11.08607,-1.654764,6.593709
05/11/2023 13:10:31.378415,4779,True,True,True,True,Eyes,1.077822,0.1757072,-1.888259,-0.9035683,-0.08104952,-0.4207083,0.0,0.0,0.0,0.0,0.0,0.0,0.0,2.143781,-0.2513747,0.0952177,1.006567,0.162055,-1.904892,0.03613131,-0.8451949,0.1046149,0.5228727,12.39347,243.7933,2.83601,0.5192438,0.07997575,-0.8508754,-0.3853834,0.006185442,0.04764013,-0.524089,-0.113295,-2.220555,-0.05969551,0.2457896,2.102879,-0.4505973,0.04832452,0.8914185,-0.1704765,0.9755005,-0.1390557,-0.876299,-0.214624,-0.4313197,moving,65.03296,10.90445,-1.626049,6.666622
05/11/2023 13:10:31.388633,4780,True,True,True,True,Eyes,1.073718,0.1749653,-1.889419,-0.9029412,-0.08012005,-0.4222297,0.0,0.0,0.0,0.0,0.0,0.0,0.0,2.14259,-0.2566501,0.07578111,0.9952633,0.1596375,-1.909521,0.03418469,-0.8461818,0.1032627,0.5216749,12.14724,243.6193,2.925,0.5167509,0.08003637,-0.8523861,-0.3622604,0.005814316,0.04478172,-0.5359499,-0.1136126,-2.224221,-0.05867445,0.2484408,2.103018,-0.4533734,0.04988619,0.8899236,-0.165592,0.9763364,-0.1390914,-0.8758036,-0.2104246,-0.4343843,moving,64.93846,10.7444,-1.598145,6.737432
05/11/2023 13:10:31.408281,4781,True,True,True,True,Eyes,1.06931,0.174216,-1.890766,-0.9022658,-0.07902927,-0.4238759,0.0,0.0,0.0,0.0,0.0,0.0,0.0,2.140687,-0.2657401,0.05708003,0.9836527,0.1581154,-1.914118,0.03350279,-0.8469425,0.1054507,0.5200442,12.32563,243.4374,3.105633,0.5143419,0.08006068,-0.8538398,-0.3405248,0.005465457,0.04209482,-0.5480548,-0.113174,-2.227755,-0.05765143,0.2510965,2.103156,-0.4568628,0.05292823,0.887961,-0.166428,0.9755154,-0.1437756,-0.8738294,-0.2134673,-0.436868,moving,64.83631,10.56121,-1.570191,6.808336
05/11/2023 13:10:31.428384,4782,True,True,True,True,Eyes,1.064614,0.1734706,-1.892263,-0.9015382,-0.07792444,-0.4256251,0.0,0.0,0.0,0.0,0.0,0.0,0.0,2.138804,-0.2799816,0.03672028,0.971823,0.157142,-1.919658,0.0303161,-0.848,0.1054044,0.5185237,12.13438,243.2497,3.394834,0.5119945,0.08005193,-0.8552502,-0.3200933,0.005137529,0.03956913,-0.560123,-0.1110224,-2.232314,-0.05656016,0.2539307,2.103305,-0.4604282,0.05789332,0.8858072,-0.1607255,0.9759417,-0.1473267,-0.8730254,-0.2102052,-0.4400461,moving,64.72754,10.37494,-1.540375,6.883969
05/11/2023 13:10:31.438740,4783,True,True,True,True,Eyes,1.059638,0.1727427,-1.893941,-0.9007503,-0.07684512,-0.4274854,0.0,0.0,0.0,0.0,0.0,0.0,0.0,2.13664,-0.2926311,0.01553464,0.9602124,0.1564711,-1.924737,0.027949,-0.8491544,0.1058949,0.5166642,12.04751,243.0199,3.632324,0.5096892,0.0800136,-0.8566296,-0.3008877,0.004829277,0.03719498,-0.5724725,-0.1082907,-2.236265,-0.05555996,0.256528,2.103442,-0.4645539,0.06195821,0.8833748,-0.1568903,0.9760103,-0.1509618,-0.8715361,-0.2087228,-0.4436888,moving,64.61154,10.1907,-1.513049,6.953246
05/11/2023 13:10:31.458413,4784,True,True,True,True,Eyes,1.054385,0.1720299,-1.895777,-0.8999387,-0.07559808,-0.4294128,0.0,0.0,0.0,0.0,0.0,0.0,0.0,2.135478,-0.3011609,-0.005892515,0.9484251,0.1561385,-1.930572,0.02685069,-0.8502254,0.1064345,0.5148472,12.04235,242.7888,3.748411,0.5074089,0.07994937,-0.8579883,-0.2828344,0.00453952,0.03496328,-0.5847304,-0.1063299,-2.240423,-0.05454189,0.2591709,2.103581,-0.4684228,0.06393678,0.8811879,-0.1552533,0.9759014,-0.1533387,-0.8697565,-0.2086347,-0.447208,moving,64.49149,9.984605,-1.485239,7.023712
05/11/2023 13:10:31.478219,4785,True,True,True,True,Eyes,1.048909,0.1713668,-1.897839,-0.899098,-0.07437138,-0.4313834,0.0,0.0,0.0,0.0,0.0,0.0,0.0,2.134084,-0.3081703,-0.02715445,0.9365171,0.1557396,-1.936157,0.02463048,-0.8513452,0.1046199,0.5134778,11.73759,242.5859,3.836003,0.5051373,0.07986246,-0.8593356,-0.2658644,0.004267149,0.03286549,-0.5964718,-0.1052973,-2.246076,-0.05349833,0.2618806,2.103722,-0.4714678,0.06550195,0.8794474,-0.1493781,0.976896,-0.1528409,-0.86914,-0.2034298,-0.4507905,moving,64.36851,9.781754,-1.456736,7.095929
05/11/2023 13:10:31.498406,4786,True,True,True,True,Eyes,1.04316,0.1708042,-1.900066,-0.8981978,-0.07305121,-0.4334794,0.0,0.0,0.0,0.0,0.0,0.0,0.0,2.132703,-0.3192618,-0.04670334,0.9249663,0.1563683,-1.942297,0.02320249,-0.8522165,0.105463,0.5119242,11.74232,242.3986,4.007884,0.5028613,0.07975703,-0.8606793,-0.2499125,0.00401112,0.03089356,-0.6081129,-0.1033798,-2.254264,-0.05246627,0.2645623,2.103863,-0.4747908,0.06843107,0.8774346,-0.1475252,0.9766784,-0.1559988,-0.8676465,-0.2035105,-0.4536225,moving,64.23757,9.565771,-1.42855,7.167366
05/11/2023 13:10:31.508291,4787,True,True,True,True,Eyes,1.037191,0.1703438,-1.902501,-0.8972351,-0.07160807,-0.435708,0.0,0.0,0.0,0.0,0.0,0.0,0.0,2.12983,-0.3363605,-0.07058048,0.9126346,0.1581876,-1.948428,0.01985076,-0.8536241,0.1052437,0.5097604,11.53201,242.123,4.296647,0.5005679,0.07963945,-0.8620261,-0.2349178,0.003770453,0.02903995,-0.6189193,-0.1018534,-2.265046,-0.05143893,0.2672282,2.104002,-0.4795006,0.07340795,0.8744658,-0.1411883,0.9770594,-0.1594388,-0.866109,-0.1999153,-0.4581363,moving,64.09824,9.333055,-1.400496,7.238352
05/11/2023 13:10:31.528317,4788,True,True,True,True,Eyes,1.030986,0.1700134,-1.905062,-0.8962157,-0.07028688,-0.4380149,0.0,0.0,0.0,0.0,0.0,0.0,0.0,2.126982,-0.3525741,-0.09486222,0.9007794,0.1597588,-1.954593,0.01653713,-0.8550987,0.1048799,0.5074772,11.31189,241.8289,4.572188,0.4982462,0.07951523,-0.8633815,-0.2208227,0.003544226,0.02729755,-0.6292717,-0.1013711,-2.276258,-0.05041042,0.2699008,2.104142,-0.4843869,0.07816651,0.8713549,-0.13473,0.9774535,-0.1625808,-0.8644172,-0.1961497,-0.4629343,moving,63.95347,9.116357,-1.372413,7.309482
05/11/2023 13:10:31.538713,4789,True,True,True,True,Eyes,0.87051,0.1653282,-1.973225,-0.8682854,-0.04127377,-0.494345,0.0,0.0,0.0,0.0,0.0,0.0,0.0,2.124486,-0.3628404,-0.1165383,0.8888664,0.1625675,-1.960144,0.01610636,-0.8562207,0.105944,0.5053738,11.40262,241.5661,4.651922,0.4958877,0.07939096,-0.8647497,-0.2075733,0.003331572,0.0256597,-0.6388224,-0.1057253,-2.287578,-0.04939336,0.2725403,2.10428,-0.4886758,0.07950141,0.8688358,-0.1346638,0.977033,-0.1651433,-0.8620102,-0.1977023,-0.4667463,moving,60.34564,4.77266,-1.344646,7.379703
05/11/2023 13:10:31.558372,4790,True,True,True,True,Eyes,0.8700302,0.1654294,-1.97346,-0.8682273,-0.04095046,-0.4944738,0.0,0.0,0.0,0.0,0.0,0.0,0.0,2.122505,-0.3741405,-0.134567,0.8769417,0.1663971,-1.966317,0.01626801,-0.8568735,0.1079568,0.5038339,11.61904,241.3926,4.737911,0.4824355,0.07915117,-0.8723477,-0.6765478,-0.01092381,-0.1803697,-0.648815,-0.1038101,-2.301556,-0.0483802,0.2751704,2.104418,-0.4917734,0.08090537,0.8669561,-0.1366639,0.9761614,-0.1686179,-0.8599312,-0.2014034,-0.4689933,moving,60.33758,4.734218,-1.316988,7.449641
05/11/2023 13:10:31.578543,4791,True,True,True,True,Eyes,0.8691308,0.1655942,-1.973901,-0.8681308,-0.04057525,-0.4946742,0.0,0.0,0.0,0.0,0.0,0.0,0.0,2.120096,-0.3835607,-0.1555302,0.8649289,0.1688589,-1.972181,0.0131517,-0.8579541,0.1050248,0.5027046,11.15335,241.2093,4.854407,0.4714405,0.07892082,-0.8783592,-0.6359549,-0.01026838,-0.1695475,-0.6579128,-0.1036747,-2.317812,-0.04733261,0.2778927,2.10456,-0.4942306,0.08302577,0.8653572,-0.12816,0.9775937,-0.1669901,-0.8598322,-0.1934357,-0.4725161,moving,60.32484,4.689143,-1.288394,7.521999
05/11/2023 13:10:31.593966,4792,True,True,True,True,Eyes,0.8678147,0.165811,-1.97453,-0.8679473,-0.04029187,-0.4950193,0.0,0.0,0.0,0.0,0.0,0.0,0.0,2.118159,-0.3903979,-0.1748106,0.8540306,0.1705083,-1.977657,0.01244177,-0.8588752,0.1049201,0.501169,11.11024,241.0054,4.898679,0.4624378,0.07870901,-0.883151,-0.5977976,-0.00965228,-0.1593747,-0.6701544,-0.08010887,-2.335657,-0.04632586,0.280507,2.104697,-0.4973496,0.08379352,0.863494,-0.1265372,0.9776739,-0.1677556,-0.8582724,-0.1926973,-0.4756427,moving,60.30244,4.653305,-1.260917,7.591452
05/11/2023 13:10:31.613678,4793,True,True,True,True,Eyes,0.8661106,0.1660652,-1.97534,-0.8676986,-0.03989007,-0.4954875,0.0,0.0,0.0,0.0,0.0,0.0,0.0,2.114483,-0.402847,-0.1945531,0.8426821,0.1720013,-1.982795,-0.01132854,0.8598175,-0.106545,-0.4992332,11.21725,240.7807,5.082671,0.4550403,0.07852084,-0.8870019,-0.5619298,-0.009073144,-0.1498122,-0.6796635,-0.06945387,-2.35273,-0.04525408,0.2832899,2.104844,-0.5012761,0.08690063,0.8609129,-0.1258625,0.9770397,-0.1719073,-0.8560849,-0.1945297,-0.4788291,moving,60.27206,4.602768,-1.231668,7.665346
05/11/2023 13:10:31.628420,4794,True,True,True,True,Eyes,0.8640479,0.1663426,-1.976291,-0.8673822,-0.03964233,-0.4960609,0.0,0.0,0.0,0.0,0.0,0.0,0.0,2.110518,-0.4149603,-0.2146473,0.8315348,0.1731426,-1.987743,-0.008442907,0.8608521,-0.1057981,-0.4976639,10.98526,240.5755,5.305252,0.4489277,0.0783585,-0.8901255,-0.528214,-0.008528755,-0.1408235,-0.6902254,-0.05295348,-2.369907,-0.04410928,0.2862633,2.105,-0.504519,0.09076762,0.8586164,-0.11984,0.977471,-0.1737496,-0.8550434,-0.1905565,-0.4822751,moving,60.23451,4.569038,-1.20043,7.744262
05/11/2023 13:10:31.638500,4795,True,True,True,True,Eyes,0.8616616,0.1666522,-1.977437,-0.8669993,-0.03944667,-0.4967454,0.0,0.0,0.0,0.0,0.0,0.0,0.0,2.106227,-0.4273325,-0.2314239,0.8208337,0.1740168,-1.992062,-0.007594127,0.8615305,-0.108149,-0.4959953,11.17934,240.399,5.510005,0.4438368,0.07822235,-0.8926867,-0.4965211,-0.00801703,-0.1323741,-0.6983535,-0.04541757,-2.387507,-0.04320782,0.2886027,2.105123,-0.5078619,0.0941976,0.8562728,-0.1203679,0.9764923,-0.1788139,-0.8529876,-0.1938805,-0.4845848,moving,60.18954,4.540344,-1.175836,7.806326
05/11/2023 13:10:31.663740,4796,True,True,True,True,Eyes,0.8589461,0.1670038,-1.978713,-0.866524,-0.03917097,-0.497596,0.0,0.0,0.0,0.0,0.0,0.0,0.0,2.101829,-0.4395962,-0.2508349,0.8099731,0.1752693,-1.996765,-0.006132859,0.8624978,-0.1093784,-0.4940612,11.22938,240.1717,5.704803,0.4393301,0.07811209,-0.8949229,-0.4667299,-0.007536008,-0.1244316,-0.7047369,-0.0554489,-2.403312,-0.04217261,0.2912897,2.105264,-0.511732,0.09750013,0.853595,-0.1186584,0.9759975,-0.1826173,-0.8509118,-0.1947373,-0.48788,moving,60.13367,4.501066,-1.147595,7.877576
05/11/2023 13:10:31.678480,4797,True,True,True,True,Eyes,0.8559018,0.1673796,-1.980097,-0.8659309,-0.03888513,-0.4986497,0.0,0.0,0.0,0.0,0.0,0.0,0.0,2.097609,-0.4470339,-0.273458,0.7993128,0.176614,-2.001122,-0.00474333,0.8638829,-0.1087463,-0.4917909,11.10185,239.8658,5.776545,0.4351393,0.07802744,-0.8969755,-0.4387261,-0.007083848,-0.1169657,-0.7125611,-0.05345748,-2.419349,-0.04111576,0.294034,2.105407,-0.5162384,0.09876552,0.8507309,-0.1151562,0.9763035,-0.1832227,-0.8486677,-0.1925536,-0.4926319,moving,60.06434,4.458951,-1.118767,7.950315
05/11/2023 13:10:31.689340,4798,True,True,True,True,Eyes,0.8525545,0.1677687,-1.981586,-0.8652549,-0.03849842,-0.4998518,0.0,0.0,0.0,0.0,0.0,0.0,0.0,2.09422,-0.4487074,-0.2971125,0.7885939,0.1774784,-2.005491,-0.004537228,0.8653581,-0.1076131,-0.4894429,10.993,239.5335,5.69947,0.4312196,0.07796733,-0.8988717,-0.4124025,-0.006658817,-0.1099478,-0.7193962,-0.05809596,-2.433577,-0.04015744,0.2965226,2.105536,-0.5208501,0.09748824,0.8480632,-0.1131935,0.9767977,-0.1818062,-0.8461101,-0.1906891,-0.4977301,moving,59.98527,4.404208,-1.09263,8.016245
05/11/2023 13:10:31.708435,4799,True,True,True,True,Eyes,0.8489075,0.1681686,-1.983167,-0.8645028,-0.03807279,-0.501184,0.0,0.0,0.0,0.0,0.0,0.0,0.0,2.090569,-0.4490943,-0.3206031,0.7779352,0.1781562,-2.009485,-0.004250552,0.8668322,-0.1060263,-0.4871779,10.8335,239.2057,5.605543,0.4275315,0.07793017,-0.9006349,-0.3876584,-0.006259288,-0.1033509,-0.728255,-0.04680742,-2.448178,-0.03911203,0.2992363,2.105679,-0.5252793,0.0959383,0.8455044,-0.1106764,0.9774807,-0.1796724,-0.8437017,-0.1879555,-0.5028323,moving,59.89756,4.34417,-1.064121,8.088099
05/11/2023 13:10:31.728546,4800,True,True,True,True,Eyes,0.8449839,0.1685604,-1.984836,-0.863667,-0.03757938,-0.50266,0.0,0.0,0.0,0.0,0.0,0.0,0.0,2.086001,-0.4535853,-0.3429654,0.7672102,0.1787599,-2.013505,-0.003603563,0.868163,-0.1056135,-0.4848978,10.77042,238.8996,5.617735,0.4240392,0.07791441,-0.9022858,-0.3643989,-0.00588373,-0.09714986,-0.7363321,-0.03234369,-2.464733,-0.03805298,0.3019884,2.105824,-0.5297223,0.0961665,0.8427018,-0.1086804,0.9776656,-0.1798847,-0.8411794,-0.1868741,-0.5074399,moving,59.80031,4.275538,-1.035242,8.160933
05/11/2023 13:10:31.738785,4801,True,True,True,True,Eyes,0.8407978,0.1689618,-1.986559,-0.8627436,-0.03730501,-0.5042637,0.0,0.0,0.0,0.0,0.0,0.0,0.0,2.081063,-0.4570895,-0.366082,0.7566083,0.1789374,-2.017249,-0.002725403,0.8695961,-0.1047331,-0.4825208,10.64837,238.5746,5.62515,0.4207114,0.07791775,-0.903842,-0.342535,-0.005530707,-0.09132086,-0.7428311,-0.02913927,-2.481707,-0.03706276,0.30456,2.105958,-0.5343323,0.09633182,0.8397672,-0.1058118,0.9780471,-0.1795209,-0.8386254,-0.1847811,-0.5124091,moving,59.69421,4.230987,-1.008245,8.228966
05/11/2023 13:10:31.758334,4802,True,True,True,True,Eyes,0.8363597,0.1693766,-1.988358,-0.8617336,-0.03718325,-0.5059966,0.0,0.0,0.0,0.0,0.0,0.0,0.0,2.076393,-0.4603693,-0.3863602,0.746376,0.1795394,-2.02072,-0.00418599,0.8707592,-0.1064989,-0.4800196,10.92293,238.2639,5.549467,0.4175211,0.07793897,-0.9053182,-0.3219829,-0.005198864,-0.08584161,-0.7518799,-0.003296763,-2.499901,-0.0360381,0.3072213,2.106097,-0.5391273,0.0949531,0.8368545,-0.1095331,0.977281,-0.181451,-0.8350714,-0.1894884,-0.5164783,moving,59.57921,4.202837,-0.9803108,8.299334
05/11/2023 13:10:31.778358,4803,True,True,True,True,Eyes,0.8316737,0.1697922,-1.990208,-0.8606407,-0.0370434,-0.5078634,0.0,0.0,0.0,0.0,0.0,0.0,0.0,2.070965,-0.4653206,-0.4079959,0.7358468,0.1803048,-2.024327,-0.004971263,0.8720456,-0.1079216,-0.4773521,11.12622,237.93,5.518687,0.4144436,0.07797706,-0.906728,-0.3026639,-0.004886932,-0.08069111,-0.758721,0.009725742,-2.517191,-0.03497946,0.3099691,2.10624,-0.5442207,0.09436283,0.8336183,-0.1117035,0.9766564,-0.183479,-0.8314723,-0.1929711,-0.520976,moving,59.45518,4.171749,-0.9514543,8.371954
05/11/2023 13:10:31.788681,4804,True,True,True,True,Eyes,0.8267751,0.1701794,-1.992105,-0.8594591,-0.03715934,-0.5098521,0.0,0.0,0.0,0.0,0.0,0.0,0.0,2.065826,-0.4665555,-0.4305773,0.7254342,0.180686,-2.027759,-0.005535728,0.8734502,-0.1078553,-0.4747858,11.16698,237.5855,5.4246,0.4114571,0.07803056,-0.9080825,-0.2845041,-0.004593716,-0.07584964,-0.7655836,0.02078076,-2.535612,-0.03399557,0.312524,2.106374,-0.5490959,0.09274589,0.8305974,-0.1120866,0.9766732,-0.1831558,-0.8282092,-0.1936689,-0.5258917,moving,59.32255,4.168495,-0.924638,8.439441
05/11/2023 13:10:31.808601,4805,True,True,True,True,Eyes,0.8216487,0.1705582,-1.994023,-0.8581893,-0.03743534,-0.5119665,0.0,0.0,0.0,0.0,0.0,0.0,0.0,2.06014,-0.4692689,-0.4516006,0.7153863,0.1804443,-2.030762,-0.00751338,0.8747157,-0.1101744,-0.4718873,11.52723,237.2288,5.319275,0.4085435,0.0780968,-0.9093913,-0.2674338,-0.004318093,-0.07129867,-0.7719836,0.03413954,-2.553835,-0.03292876,0.315294,2.10652,-0.5545321,0.09083567,0.82719,-0.117124,0.9756103,-0.1856517,-0.8238789,-0.1998336,-0.5303681,moving,59.18114,4.182064,-0.8955649,8.512568
05/11/2023 13:10:31.828397,4806,True,True,True,True,Eyes,0.816328,0.1709283,-1.995987,-0.8568249,-0.03791471,-0.5142117,0.0,0.0,0.0,0.0,0.0,0.0,0.0,2.054013,-0.4731345,-0.4730735,0.7052234,0.180577,-2.033882,-0.009277189,0.8760183,-0.1124406,-0.4688955,11.87049,236.8605,5.229243,0.4056861,0.07817434,-0.910663,-0.2513878,-0.004059008,-0.06702074,-0.7769313,0.03666627,-2.573882,-0.0318768,0.3180271,2.106664,-0.560102,0.08919181,0.8236083,-0.1216998,0.9745421,-0.1883,-0.8194358,-0.2057001,-0.5349885,moving,59.03051,4.216997,-0.8668998,8.584686
05/11/2023 13:10:31.838523,4807,True,True,True,True,Eyes,0.8108225,0.171288,-1.998013,-0.8554037,-0.03835565,-0.5165398,0.0,0.0,0.0,0.0,0.0,0.0,0.0,2.048105,-0.4738815,-0.4956326,0.6951928,0.1807812,-2.036903,-0.01157358,0.8774526,-0.1140878,-0.4657545,12.18062,236.4577,5.045284,0.4028709,0.07826177,-0.9119045,-0.2363045,-0.003815467,-0.0629995,-0.7822112,0.04686988,-2.594056,-0.03089422,0.3205769,2.106797,-0.565878,0.08596323,0.8199956,-0.1265843,0.9737001,-0.1894323,-0.814714,-0.2109941,-0.5401138,moving,58.87411,4.246704,-0.840129,8.651938
05/11/2023 13:10:31.864439,4808,True,True,True,True,Eyes,0.8051233,0.1716326,-2.000088,-0.8538852,-0.03874708,-0.5190172,0.0,0.0,0.0,0.0,0.0,0.0,0.0,2.042131,-0.472864,-0.5192924,0.6849391,0.1809631,-2.040018,-0.01377644,0.8789784,-0.1149309,-0.4625992,12.40318,236.0393,4.823,0.4000854,0.07835763,-0.9131218,-0.2221263,-0.003586539,-0.05921953,-0.7865384,0.04574094,-2.613167,-0.02986366,0.3232532,2.106937,-0.5716244,0.08211551,0.8163962,-0.1305523,0.9732022,-0.1892976,-0.8100627,-0.2147895,-0.5455858,moving,58.7075,4.26948,-0.812054,8.72249
05/11/2023 13:10:31.880278,4809,True,True,True,True,Eyes,0.7992275,0.1719629,-2.002197,-0.8522784,-0.03876911,-0.52165,0.0,0.0,0.0,0.0,0.0,0.0,0.0,2.035302,-0.472021,-0.5451357,0.6745391,0.1809338,-2.043205,-0.01431807,0.8807502,-0.1140402,-0.4594227,12.35908,235.6016,4.672008,0.3973175,0.07846048,-0.9143208,-0.2087987,-0.003371347,-0.05566636,-0.7905132,0.04240908,-2.632525,-0.02880764,0.3259956,2.107082,-0.5774519,0.07956399,0.8125389,-0.1300066,0.9735797,-0.1877257,-0.8060076,-0.2140379,-0.5518516,moving,58.53065,4.250418,-0.7832887,8.794744
05/11/2023 13:10:31.888873,4810,True,True,True,True,Eyes,0.7931461,0.1722647,-2.004354,-0.8505448,-0.03866435,-0.5244794,0.0,0.0,0.0,0.0,0.0,0.0,0.0,2.026963,-0.4736204,-0.5729797,0.664055,0.1808531,-2.046344,-0.01389747,0.8827528,-0.112945,-0.4558486,12.244,235.1172,4.603583,0.3945572,0.07856904,-0.9155059,-0.1962708,-0.003169066,-0.05232638,-0.7950183,0.04092182,-2.650712,-0.02776998,0.3286894,2.107223,-0.584018,0.07843561,0.8079425,-0.1275077,0.9741006,-0.1867348,-0.8016639,-0.2120754,-0.5588911,moving,58.34038,4.216189,-0.7550272,8.865683
05/11/2023 13:10:31.908698,4811,True,True,True,True,Eyes,0.786882,0.1725233,-2.006556,-0.848727,-0.03825043,-0.527446,0.0,0.0,0.0,0.0,0.0,0.0,0.0,2.017978,-0.4742019,-0.6027575,0.6534634,0.1804433,-2.049596,-0.01322402,0.8849447,-0.1113303,-0.4519995,12.06357,234.5917,4.530035,0.3917953,0.07868151,-0.9166816,-0.1844945,-0.002978922,-0.0491868,-0.7994259,0.03662338,-2.667991,-0.02676249,0.3313067,2.107359,-0.591043,0.07723746,0.8029336,-0.1240475,0.9748614,-0.1850878,-0.7970447,-0.2089968,-0.5666038,moving,58.14089,4.147833,-0.7275907,8.934576
05/11/2023 13:10:31.928788,4812,True,True,True,True,Eyes,0.7804371,0.1727255,-2.008796,-0.846788,-0.03779192,-0.5305862,0.0,0.0,0.0,0.0,0.0,0.0,0.0,2.008583,-0.4737493,-0.6325066,0.6426766,0.179638,-2.052707,-0.01269111,0.8871057,-0.1096953,-0.4481622,11.88793,234.0683,4.443002,0.3890236,0.07879555,-0.9178516,-0.1734248,-0.002800187,-0.04623559,-0.8049547,0.03721391,-2.684156,-0.02567136,0.3341392,2.107508,-0.5979792,0.07580584,0.7979187,-0.1208392,0.9756117,-0.1832473,-0.7923501,-0.2059979,-0.5742352,moving,57.92929,4.074111,-0.6978803,9.009089
05/11/2023 13:10:31.938768,4813,True,True,True,True,Eyes,0.7737952,0.1728792,-2.01105,-0.8447738,-0.03728207,-0.5338233,0.0,0.0,0.0,0.0,0.0,0.0,0.0,1.99862,-0.4748013,-0.6614327,0.6318328,0.1784698,-2.055808,-0.01228238,0.8891562,-0.108858,-0.4442975,11.80009,233.5548,4.387731,0.3862352,0.07890844,-0.9190187,-0.1630193,-0.002632176,-0.04346145,-0.8102034,0.03945772,-2.700504,-0.02468884,0.3366907,2.107642,-0.6048974,0.07488872,0.7927738,-0.1185725,0.9759982,-0.1826694,-0.7874258,-0.2044975,-0.581499,moving,57.71069,3.995034,-0.6711299,9.076173
05/11/2023 13:10:31.963407,4814,True,True,True,True,Eyes,0.7669757,0.1729822,-2.013338,-0.8426532,-0.0367987,-0.5371978,0.0,0.0,0.0,0.0,0.0,0.0,0.0,1.988276,-0.4766083,-0.6892393,0.6207602,0.1773964,-2.058794,-0.01237055,0.8910638,-0.1087658,-0.4404798,11.81384,233.0566,4.322416,0.3834229,0.07901826,-0.920186,-0.1532382,-0.002474245,-0.04085376,-0.8162006,0.04400176,-2.716824,-0.02362365,0.3394549,2.107786,-0.6116493,0.07377239,0.7876822,-0.1178642,0.9760339,-0.1829366,-0.7823003,-0.2047325,-0.5882954,moving,57.48218,3.918709,-0.6421327,9.14882
05/11/2023 13:10:31.979197,4815,True,True,True,True,Eyes,0.7599621,0.1730314,-2.015631,-0.8404929,-0.03625022,-0.5406085,0.0,0.0,0.0,0.0,0.0,0.0,0.0,1.977791,-0.4786086,-0.7162988,0.6096203,0.1762823,-2.061818,-0.01236309,0.8928782,-0.1086811,-0.4368115,11.8224,232.5796,4.269513,0.3805814,0.07912301,-0.921356,-0.1440439,-0.00232579,-0.03840254,-0.8224595,0.04919213,-2.731492,-0.02258891,0.3421434,2.107927,-0.618086,0.07286888,0.7827262,-0.1170238,0.9760711,-0.1832773,-0.7773517,-0.2048787,-0.5947685,moving,57.25071,3.836197,-0.613968,9.219431
05/11/2023 13:10:31.998478,4816,True,True,True,True,Eyes,0.752779,0.1730128,-2.01795,-0.8382248,-0.03573361,-0.5441529,0.0,0.0,0.0,0.0,0.0,0.0,0.0,1.966701,-0.4814938,-0.742923,0.5983414,0.1749618,-2.064717,-0.01189292,0.8946401,-0.1085401,-0.4332401,11.80103,232.1191,4.263264,0.3777053,0.07922087,-0.9225304,-0.1354013,-0.002186243,-0.03609839,-0.8284052,0.05060066,-2.746347,-0.02157122,0.3447866,2.108067,-0.6243237,0.07276808,0.7777694,-0.1153276,0.9761552,-0.1839037,-0.772606,-0.2045137,-0.6010446,moving,57.00946,3.757124,-0.5862703,9.288816
05/11/2023 13:10:32.008563,4817,True,True,True,True,Eyes,0.7454466,0.1729129,-2.020313,-0.8359076,-0.0351634,-0.5477427,0.0,0.0,0.0,0.0,0.0,0.0,0.0,1.95496,-0.4849249,-0.769841,0.5870382,0.1733207,-2.067612,-0.01145919,0.8964249,-0.1087098,-0.4295035,11.81451,231.6427,4.26757,0.3747903,0.07930949,-0.9237109,-0.1272772,-0.002055068,-0.03393248,-0.8340238,0.05321459,-2.761841,-0.02063495,0.3472172,2.108193,-0.6307911,0.07283788,0.7725268,-0.1139271,0.9761018,-0.1850569,-0.7675439,-0.2047439,-0.6074179,moving,56.76449,3.673172,-0.5607919,9.352592
05/11/2023 13:10:32.028424,4818,True,True,True,True,Eyes,0.737942,0.1727471,-2.022689,-0.8334717,-0.03469195,-0.551472,0.0,0.0,0.0,0.0,0.0,0.0,0.0,1.942235,-0.4892677,-0.7969518,0.5755344,0.171349,-2.070312,-0.01076108,0.8982225,-0.1090432,-0.4256645,11.8325,231.1587,4.306718,0.3718334,0.07938597,-0.9248986,-0.1196406,-0.001931764,-0.03189654,-0.8392572,0.05120648,-2.777783,-0.01956594,0.3499931,2.108339,-0.6373881,0.07349996,0.7670298,-0.1121633,0.9759876,-0.1867289,-0.762336,-0.2050513,-0.6138389,moving,56.50912,3.599614,-0.5317047,9.425387
05/11/2023 13:10:32.038309,4819,True,True,True,True,Eyes,0.7302609,0.1725243,-2.025074,-0.8309554,-0.03417047,-0.5552887,0.0,0.0,0.0,0.0,0.0,0.0,0.0,1.928182,-0.497799,-0.8234518,0.563839,0.1696205,-2.07294,-0.009761822,0.8999529,-0.110369,-0.4216729,11.93995,230.674,4.426413,0.3688309,0.0794486,-0.9260947,-0.1124621,-0.001815858,-0.02998274,-0.8452101,0.0494781,-2.792128,-0.01857716,0.3525614,2.108473,-0.6441931,0.07550889,0.7611263,-0.1106496,0.9754468,-0.1904212,-0.7568167,-0.2068864,-0.620021,moving,56.24705,3.521336,-0.5048038,9.492702
05/11/2023 13:10:32.058467,4820,True,True,True,True,Eyes,0.722406,0.1722494,-2.02746,-0.8283073,-0.03366938,-0.5592616,0.0,0.0,0.0,0.0,0.0,0.0,0.0,1.913003,-0.5045934,-0.851964,0.5517981,0.1680358,-2.075408,-0.008358661,0.9018894,-0.1107274,-0.4174508,11.9294,230.1494,4.53552,0.3657794,0.07949622,-0.9273,-0.1057144,-0.001706907,-0.02818378,-0.8522889,0.05096914,-2.804766,-0.01747102,0.3554335,2.108623,-0.6513301,0.0773693,0.7548401,-0.1075236,0.9753392,-0.192749,-0.751138,-0.2067063,-0.6269487,moving,55.97332,3.445235,-0.4747138,9.567943
05/11/2023 13:10:32.078528,4821,True,True,True,True,Eyes,0.7143821,0.1719386,-2.02986,-0.8255733,-0.03315287,-0.5633202,0.0,0.0,0.0,0.0,0.0,0.0,0.0,1.897442,-0.5099986,-0.8808272,0.5397048,0.1665304,-2.077794,-0.007342664,0.9038632,-0.1109785,-0.4131119,11.92818,229.6062,4.5972,0.3626766,0.07952804,-0.9285153,-0.09937152,-0.001604492,-0.02649275,-0.85883,0.05097158,-2.817998,-0.01645601,0.3580689,2.108761,-0.6585696,0.07841957,0.7484229,-0.1049666,0.9752597,-0.1945521,-0.7451634,-0.2066855,-0.6340449,moving,55.69279,3.368122,-0.4471065,9.636943
05/11/2023 13:10:32.089055,4822,True,True,True,True,Eyes,0.7061853,0.1716046,-2.032268,-0.8226696,-0.0326261,-0.5675829,0.0,0.0,0.0,0.0,0.0,0.0,0.0,1.880887,-0.515035,-0.9108016,0.5273324,0.165383,-2.080174,-0.006720797,0.9059418,-0.111318,-0.4084516,11.95747,229.0211,4.617627,0.3595193,0.07954404,-0.9297409,0.0,0.0,0.0,-0.8656522,0.05336325,-2.831906,-0.01544893,0.3606837,2.1089,-0.6662444,0.07875874,0.741563,-0.1031133,0.9751263,-0.196205,-0.7385704,-0.2071855,-0.6415513,moving,55.39712,3.289886,-0.4197178,9.705358
05/11/2023 13:10:32.108304,4823,True,True,True,True,Eyes,0.6978496,0.1712144,-2.034701,-0.8196686,-0.03192687,-0.5719476,0.0,0.0,0.0,0.0,0.0,0.0,0.0,1.862546,-0.5206622,-0.9432678,0.5149024,0.1644664,-2.082726,-0.005450852,0.9082814,-0.1111982,-0.4032744,11.91117,228.3704,4.677126,0.3563056,0.07954479,-0.9309772,0.0,0.0,0.0,-0.8728456,0.05847682,-2.84543,-0.01442695,0.363337,2.109038,-0.6746804,0.07978498,0.7337855,-0.09958861,0.9752105,-0.1976022,-0.731361,-0.206395,-0.6500098,moving,55.09347,3.195011,-0.3919276,9.774749
05/11/2023 13:10:32.128406,4824,True,True,True,True,Eyes,0.6893495,0.1708068,-2.03712,-0.8164649,-0.03143078,-0.5765389,0.0,0.0,0.0,0.0,0.0,0.0,0.0,1.843252,-0.5194882,-0.9785652,0.5022873,0.1628025,-2.084764,-0.004668065,0.9109228,-0.1096396,-0.3977146,11.73934,227.647,4.610839,0.3530341,0.07952917,-0.9322239,0.0,0.0,0.0,-0.8810317,0.06502993,-2.857327,-0.01338595,0.3660416,2.109179,-0.6836026,0.07870604,0.7255982,-0.09571502,0.9759147,-0.1960333,-0.723551,-0.2034595,-0.6596045,moving,54.77254,3.120466,-0.3636241,9.845447
05/11/2023 13:10:32.138227,4825,True,True,True,True,Eyes,0.6806974,0.1703926,-2.039558,-0.8131182,-0.03087322,-0.5812793,0.0,0.0,0.0,0.0,0.0,0.0,0.0,1.822351,-0.5257856,-1.011617,0.4897279,0.1620136,-2.086792,-0.005513664,0.9133533,-0.1113476,-0.3916084,11.98864,226.8905,4.522894,0.3497036,0.07949815,-0.9334811,0.0,0.0,0.0,-0.89007,0.06612131,-2.867183,-0.01235253,0.3687232,2.10932,-0.693225,0.07713746,0.7165815,-0.09728115,0.9751427,-0.199081,-0.7141259,-0.2077177,-0.6684891,moving,54.4399,3.040268,-0.3355297,9.915496
05/11/2023 13:10:32.158122,4826,True,True,True,True,Eyes,0.6718939,0.1699693,-2.041966,-0.8095587,-0.03039858,-0.5862514,0.0,0.0,0.0,0.0,0.0,0.0,0.0,1.799946,-0.527123,-1.048242,0.4765415,0.1615173,-2.08885,-0.00513619,0.9161194,-0.1104944,-0.3853441,11.91208,226.0893,4.439882,0.3463125,0.07945292,-0.9347484,0.0,0.0,0.0,-0.9001646,0.07106879,-2.876482,-0.01132149,0.3714011,2.109461,-0.7029674,0.07574599,0.7071773,-0.09456744,0.9755293,-0.1984937,-0.7049073,-0.2064105,-0.678602,moving,54.08939,2.968269,-0.3075037,9.985412
05/11/2023 13:10:32.178921,4827,True,True,True,True,Eyes,0.6629549,0.1695223,-2.044358,-0.8058968,-0.0300109,-0.591295,0.0,0.0,0.0,0.0,0.0,0.0,0.0,1.777649,-0.5265172,-1.083525,0.4639708,0.1608709,-2.090487,-0.006486424,0.9188116,-0.1104281,-0.3788784,11.99583,225.2605,4.207,0.3428601,0.07939462,-0.9360251,0.0,0.0,0.0,-0.9096239,0.08047105,-2.88708,-0.01027769,0.3741113,2.109602,-0.7128183,0.07175807,0.6976684,-0.09559727,0.975527,-0.1980102,-0.6948032,-0.2078404,-0.6885137,moving,53.73211,2.905527,-0.2791349,10.05613
05/11/2023 13:10:32.188807,4828,True,True,True,True,Eyes,0.6538615,0.1691168,-2.046727,-0.802038,-0.0297577,-0.5965313,0.0,0.0,0.0,0.0,0.0,0.0,0.0,1.754794,-0.5268536,-1.117418,0.4511608,0.1599186,-2.091979,-0.008565056,0.92134,-0.1112253,-0.3724087,12.20042,224.438,3.934122,0.3393464,0.07932355,-0.9373108,0.0,0.0,0.0,-0.9183805,0.07481463,-2.898183,-0.00925225,0.3767748,2.109741,-0.7224771,0.06705986,0.6881354,-0.09862518,0.9751112,-0.1985732,-0.6843249,-0.211332,-0.6978817,moving,53.35926,2.855807,-0.2512685,10.1256
05/11/2023 13:10:32.208864,4829,True,True,True,True,Eyes,0.6446433,0.1687918,-2.049117,-0.7980877,-0.02943715,-0.6018218,0.0,0.0,0.0,0.0,0.0,0.0,0.0,1.730997,-0.5326127,-1.149589,0.4382294,0.1605248,-2.093746,-0.009357652,0.9237036,-0.1122295,-0.3661811,12.36782,223.6624,3.809959,0.3357709,0.07924296,-0.9386044,0.0,0.0,0.0,-0.9273077,0.08334963,-2.911311,-0.008272707,0.3793187,2.109874,-0.7316474,0.06490527,0.678586,-0.09948006,0.9746339,-0.2004804,-0.6743852,-0.2141868,-0.7066317,moving,52.98079,2.8003,-0.2246526,10.19191
05/11/2023 13:10:32.228708,4830,True,True,True,True,Eyes,0.6352744,0.1686119,-2.051503,-0.7939743,-0.02919463,-0.6072499,0.0,0.0,0.0,0.0,0.0,0.0,0.0,1.706533,-0.5381294,-1.182032,0.4249102,0.1622364,-2.095751,-0.008944806,0.9260855,-0.1120191,-0.3601911,12.35231,222.9135,3.764117,0.3321329,0.07915744,-0.939905,0.0,0.0,0.0,-0.9354069,0.08869951,-2.924948,-0.007143199,0.3822522,2.110029,-0.7403649,0.06412927,0.6691393,-0.09726389,0.9747434,-0.2010349,-0.6651313,-0.2139222,-0.7154284,moving,52.5904,2.752478,-0.1939659,10.26832
05/11/2023 13:10:32.238824,4831,True,True,True,True,Eyes,0.6257432,0.1685317,-2.053891,-0.7895767,-0.02866165,-0.6129822,0.0,0.0,0.0,0.0,0.0,0.0,0.0,1.682634,-0.5487835,-1.210878,0.4117947,0.1655547,-2.098014,-0.008470871,0.92813,-0.1128558,-0.3546362,12.44474,222.2354,3.77675,0.3284315,0.0790742,-0.9412118,0.0,0.0,0.0,-0.9437291,0.09094479,-2.938699,-0.00619036,0.3847255,2.110158,-0.7483233,0.06432138,0.6602088,-0.09576965,0.9743837,-0.2034816,-0.6563849,-0.2154979,-0.7229938,moving,52.17628,2.67707,-0.1680824,10.33272
05/11/2023 13:10:32.258469,4832,True,True,True,True,Eyes,0.616096,0.1685635,-2.056252,-0.7849979,-0.02825778,-0.6188536,0.0,0.0,0.0,0.0,0.0,0.0,0.0,1.657282,-0.5518364,-1.244158,0.3983637,0.1677938,-2.10052,-0.005595735,0.9305717,-0.1102892,-0.3490579,12.07375,221.5352,3.904079,0.3246653,0.07899764,-0.942524,0.0,0.0,0.0,-0.9530794,0.1045961,-2.951201,-0.005144358,0.3874429,2.110301,-0.7562548,0.06658021,0.6508812,-0.08740914,0.97561,-0.2013576,-0.6484126,-0.2091706,-0.73199,moving,51.7495,2.614395,-0.1396718,10.40342
05/11/2023 13:10:32.278484,4833,True,True,True,True,Eyes,0.6063511,0.1686973,-2.058645,-0.7801102,-0.02788688,-0.6250202,0.0,0.0,0.0,0.0,0.0,0.0,0.0,1.630046,-0.5684819,-1.271652,0.3857962,0.1705603,-2.102235,-0.003711159,0.9325636,-0.1122054,-0.3431057,12.22926,220.8395,4.111745,0.3208351,0.07893229,-0.94384,0.0,0.0,0.0,-0.9617386,0.1075812,-2.964113,-0.00412488,0.3900893,2.11044,-0.7645297,0.07007483,0.6407685,-0.08391841,0.9747924,-0.2067307,-0.6391028,-0.211824,-0.7393771,moving,51.29848,2.554704,-0.1119851,10.47224
05/11/2023 13:10:32.288657,4834,True,True,True,True,Eyes,0.5965155,0.168892,-2.061018,-0.7750226,-0.02741657,-0.6313385,0.0,0.0,0.0,0.0,0.0,0.0,0.0,1.600828,-0.5826892,-1.302701,0.372823,0.173238,-2.104803,-0.001266803,0.9348289,-0.1130643,-0.3366151,12.25391,220.0709,4.328184,0.316942,0.07888157,-0.9451587,0.0,0.0,0.0,-0.9693446,0.1198231,-2.980683,-0.003077149,0.3928104,2.110582,-0.7733774,0.0737498,0.6296416,-0.07848678,0.9744297,-0.2105387,-0.6290687,-0.2122444,-0.7478135,moving,50.83352,2.48657,-0.08353505,10.54296
05/11/2023 13:10:32.310590,4835,True,True,True,True,Eyes,0.5866099,0.1691401,-2.063375,-0.7696832,-0.02736207,-0.6378393,0.0,0.0,0.0,0.0,0.0,0.0,0.0,1.572773,-0.5857679,-1.334896,0.3606552,0.17487,-2.106665,0.0001998871,0.9372832,-0.1117927,-0.3301554,12.089,219.2703,4.351513,0.3129875,0.07884682,-0.9464785,0.0,0.0,0.0,-0.9760756,0.1322021,-2.997792,-0.002027094,0.3955376,2.110724,-0.7819946,0.0741926,0.6188535,-0.07344319,0.9750047,-0.2096947,-0.6189428,-0.2094308,-0.7569996,moving,50.35134,2.456372,-0.05502563,10.6138
05/11/2023 13:10:32.328370,4836,True,True,True,True,Eyes,0.5766281,0.1694386,-2.065749,-0.7641342,-0.02734729,-0.6444774,0.0,0.0,0.0,0.0,0.0,0.0,0.0,1.544241,-0.6034909,-1.360216,0.3488118,0.1764719,-2.108614,-0.0003066082,0.9390974,-0.1157719,-0.323563,12.57049,218.5038,4.368391,0.3089741,0.07882886,-0.9477977,0.0,0.0,0.0,-0.9838016,0.1340788,-3.012033,-0.001055539,0.3980586,2.110856,-0.7906139,0.07434311,0.6077854,-0.07549485,0.9731936,-0.2172437,-0.6076434,-0.2176405,-0.7638079,moving,49.85543,2.42979,-0.02865089,10.67924
05/11/2023 13:10:32.338559,4837,True,True,True,True,Eyes,0.5666224,0.1697911,-2.068141,-0.758405,-0.02736817,-0.6512087,0.0,0.0,0.0,0.0,0.0,0.0,0.0,1.514674,-0.6116165,-1.390944,0.3368359,0.1779898,-2.111373,0.0005607179,0.9413704,-0.116256,-0.3167117,12.62239,217.6754,4.389994,0.3049034,0.07882819,-0.949115,0.0,0.0,0.0,-0.9931479,0.1324798,-3.023944,-5.960464e-08,0.4007998,2.110999,-0.7993871,0.07469492,0.5961556,-0.07258355,0.9729685,-0.219235,-0.5964164,-0.2185246,-0.7723568,moving,49.34878,2.406538,-1.617762e-06,10.75037
05/11/2023 13:10:32.358285,4838,True,True,True,True,Eyes,0.5565671,0.1701895,-2.070565,-0.7524538,-0.02734539,-0.6580771,0.0,0.0,0.0,0.0,0.0,0.0,0.0,1.48531,-0.6187613,-1.4204,0.3255391,0.1796953,-2.113831,0.000938401,0.9435892,-0.1167435,-0.3098542,12.69343,216.843,4.357229,0.300779,0.07884535,-0.9504287,0.0,0.0,0.0,-1.001544,0.1523355,-3.036592,0.0,0.4007999,2.111001,-0.8079791,0.07411788,0.584531,-0.070576,0.9727401,-0.2208974,-0.5849692,-0.2197343,-0.7807229,static,48.82788,2.37947,0.0,10.75037
05/11/2023 13:10:32.378414,4839,True,True,True,True,Eyes,0.5464948,0.1706125,-2.073037,-0.7463197,-0.02711814,-0.6650349,0.0,0.0,0.0,0.0,0.0,0.0,0.0,1.454734,-0.6227332,-1.452331,0.3141182,0.1811841,-2.117029,0.001783726,0.9459825,-0.1161392,-0.3026976,12.62984,215.967,4.330642,0.296603,0.07888044,-0.9517373,0.0,0.0,0.0,-1.008499,0.1555759,-3.048975,-1.192093e-07,0.4007999,2.111,-0.8167422,0.07368485,0.5722789,-0.06693535,0.973017,-0.2208111,-0.5731075,-0.2186514,-0.7897719,static,48.29622,2.335057,-3.235523e-06,10.75037
05/11/2023 13:10:32.388685,4840,True,True,True,True,Eyes,0.536406,0.171059,-2.075536,-0.7399671,-0.02688996,-0.6721054,0.0,0.0,0.0,0.0,0.0,0.0,0.0,1.424615,-0.6194218,-1.485786,0.3029745,0.1821839,-2.120327,0.003502215,0.948498,-0.1133267,-0.2957981,12.29284,215.1071,4.325151,0.2923782,0.07893245,-0.9530393,0.0,0.0,0.0,-1.014959,0.1529466,-3.062504,5.960464e-08,0.4008,2.111001,-0.8249827,0.07368733,0.5603339,-0.06039995,0.9742897,-0.2170522,-0.5619215,-0.2129084,-0.7993214,static,47.75142,2.291099,1.617761e-06,10.75037
05/11/2023 13:10:32.408622,4841,True,True,True,True,Eyes,0.5263458,0.1715158,-2.078116,-0.7334864,-0.02647644,-0.6791883,0.0,0.0,0.0,0.0,0.0,0.0,0.0,1.392802,-0.6264259,-1.515259,0.2923096,0.18321,-2.123512,0.005162321,0.9506758,-0.1134052,-0.2886664,12.27727,214.2566,4.419023,0.2881081,0.07900052,-0.9543332,0.0,0.0,0.0,-1.021494,0.162648,-3.075464,2.384186e-07,0.4008,2.111001,-0.8332903,0.07528792,0.5476854,-0.05565715,0.9742252,-0.2186035,-0.5500271,-0.2126428,-0.8076223,static,47.20116,2.232401,6.471043e-06,10.75037
05/11/2023 13:10:32.428247,4842,True,True,True,True,Eyes,0.5162918,0.1719843,-2.080738,-0.7267973,-0.02601836,-0.686359,0.0,0.0,0.0,0.0,0.0,0.0,0.0,1.361548,-0.6239978,-1.547821,0.2816622,0.1839929,-2.127381,0.007332671,0.9530668,-0.1108252,-0.2816521,11.95346,213.3963,4.479294,0.2837967,0.07908299,-0.9556174,0.0,0.0,0.0,-1.028067,0.156113,-3.08669,-1.788139e-07,0.4008,2.111,-0.8412368,0.07640533,0.5352412,-0.04845123,0.975328,-0.2153781,-0.5384918,-0.2071171,-0.8167799,static,46.6391,2.170917,-4.853285e-06,10.75037
05/11/2023 13:10:32.438521,4843,True,True,True,True,Eyes,0.5062428,0.1724631,-2.083421,-0.7199963,-0.02562021,-0.6935049,0.0,0.0,0.0,0.0,0.0,0.0,0.0,1.330437,-0.6261497,-1.57708,0.2715724,0.1847304,-2.131063,0.008455371,0.9552003,-0.1100546,-0.2746074,11.86489,212.5452,4.489071,0.2794474,0.07917861,-0.9568904,0.0,0.0,0.0,-1.03386,0.1553584,-3.099873,2.384186e-07,0.4008,2.111001,-0.8490388,0.07659675,0.5227489,-0.04429046,0.975633,-0.2148921,-0.5264712,-0.2056045,-0.8249577,static,46.07369,2.115721,6.471043e-06,10.75037
05/11/2023 13:10:32.458126,4844,True,True,True,True,Eyes,0.4962117,0.1729484,-2.086182,-0.7130215,-0.02506261,-0.7006941,0.0,0.0,0.0,0.0,0.0,0.0,0.0,1.299209,-0.628221,-1.606173,0.2615379,0.1854401,-2.135323,0.009495309,0.957273,-0.1093259,-0.2675564,11.78433,211.6951,4.492686,0.275063,0.07928612,-0.958151,0.0,0.0,0.0,-1.03838,0.1614357,-3.114503,1.788139e-07,0.4007999,2.111,-0.8566471,0.07668087,0.5101727,-0.04032248,0.9759154,-0.2143905,-0.514325,-0.2042284,-0.8329232,static,45.4996,2.048497,4.853285e-06,10.75037
05/11/2023 13:10:32.478492,4845,True,True,True,True,Eyes,0.4861964,0.1734319,-2.088996,-0.7059609,-0.02472006,-0.7078192,0.0,0.0,0.0,0.0,0.0,0.0,0.0,1.271063,-0.6210654,-1.635878,0.2517681,0.1860142,-2.139961,0.009418892,0.9593737,-0.1067401,-0.2609982,11.53056,210.8743,4.319051,0.2706464,0.07940415,-0.9593981,0.0,0.0,0.0,-1.042913,0.1664341,-3.129067,2.384186e-07,0.4007998,2.111,-0.8635824,0.07379039,0.4987787,-0.03764545,0.9770357,-0.2097238,-0.5028002,-0.1998906,-0.8409729,static,44.92469,2.000199,6.471046e-06,10.75037
05/11/2023 13:10:32.488685,4846,True,True,True,True,Eyes,0.4762375,0.1739136,-2.091897,-0.6987355,-0.02448919,-0.7149609,0.0,0.0,0.0,0.0,0.0,0.0,0.0,1.242339,-0.6230087,-1.661598,0.2426027,0.1863789,-2.144495,0.008131459,0.9611706,-0.1070917,-0.2541972,11.63831,210.0456,4.102861,0.2662007,0.07953112,-0.9606307,0.0,0.0,0.0,-1.047478,0.1731562,-3.142976,4.172325e-07,0.4008,2.111001,-0.8706351,0.07007627,0.4869122,-0.0388134,0.9769304,-0.2100008,-0.4903955,-0.2017328,-0.8478301,static,44.34243,1.961756,1.132433e-05,10.75037
05/11/2023 13:10:32.508419,4847,True,True,True,True,Eyes,0.46629,0.1743965,-2.094857,-0.6914457,-0.0245201,-0.7220122,0.0,0.0,0.0,0.0,0.0,0.0,0.0,1.214663,-0.6249168,-1.686445,0.2338327,0.1867965,-2.149524,0.006328193,0.9628662,-0.1075829,-0.2475371,11.77348,209.2306,3.833336,0.2617301,0.0796655,-0.9618472,0.0,0.0,0.0,-1.052079,0.1761169,-3.156808,3.576279e-07,0.4007999,2.111,-0.8773707,0.06544794,0.4753286,-0.04107513,0.9767717,-0.2103088,-0.4780518,-0.204043,-0.8543026,static,43.76115,1.945062,9.706569e-06,10.75037
05/11/2023 13:10:32.528508,4848,True,True,True,True,Eyes,0.4564264,0.174858,-2.097907,-0.6840142,-0.02475687,-0.7290484,0.0,0.0,0.0,0.0,0.0,0.0,0.0,1.187245,-0.6281548,-1.710005,0.2253588,0.1871907,-2.154627,0.004273559,0.9644467,-0.1084837,-0.2409472,11.95797,208.4257,3.546774,0.2572369,0.07980616,-0.963047,0.0,0.0,0.0,-1.05614,0.1808656,-3.170897,1.788139e-07,0.4007999,2.111,-0.8838525,0.06052092,0.4638343,-0.04403444,0.9764261,-0.2113129,-0.4656887,-0.2071941,-0.8603516,static,43.1746,1.944891,4.853286e-06,10.75037
05/11/2023 13:10:32.538134,4849,True,True,True,True,Eyes,0.4564264,0.174858,-2.097907,-0.6840142,-0.02475687,-0.7290484,0.0,0.0,0.0,0.0,0.0,0.0,0.0,1.160805,-0.6343535,-1.731313,0.2173631,0.1871472,-2.159873,0.001974888,0.9658157,-0.1102998,-0.234585,12.24732,207.654,3.25949,0.2527256,0.07995088,-0.9642286,0.0,0.0,0.0,-1.060361,0.1712234,-3.183732,0.0,0.4007999,2.111,-0.889932,0.05556411,0.452696,-0.0479346,0.9756601,-0.2139851,-0.4535673,-0.212132,-0.8656076,static,43.1746,1.944891,0.0,10.75037
05/11/2023 13:10:32.558348,4850,True,True,True,True,Eyes,0.4564264,0.174858,-2.097907,-0.6840142,-0.02475687,-0.7290484,0.0,0.0,0.0,0.0,0.0,0.0,0.0,1.134524,-0.6435061,-1.751041,0.2095848,0.1870244,-2.165291,0.0001583084,0.9670222,-0.1126603,-0.2284199,12.58089,206.9157,3.040829,0.2486608,0.08007964,-0.9652743,0.0,0.0,0.0,-1.064162,0.1643866,-3.197646,0.0,0.4008,2.111001,-0.8956487,0.05177388,0.4417386,-0.05116152,0.9746153,-0.2179623,-0.44181,-0.2178177,-0.8702641,static,43.1746,1.944891,0.0,10.75037
05/11/2023 13:10:32.578568,4851,True,True,True,True,Eyes,0.4460343,0.1752715,-2.101476,-0.6755335,-0.02569247,-0.7368815,0.0,0.0,0.0,0.0,0.0,0.0,0.0,1.108422,-0.6548616,-1.769375,0.2021718,0.1866887,-2.170807,-0.0006054841,0.9680911,-0.1152301,-0.2225338,12.9074,206.2247,2.946985,0.2449988,0.08019432,-0.9662007,0.0,0.0,0.0,-1.06784,0.1633013,-3.211325,1.192093e-07,0.4007999,2.111001,-0.9009568,0.05011287,0.4310055,-0.05245752,0.9734433,-0.222837,-0.4307264,-0.223376,-0.8744016,static,42.51293,1.996894,3.235522e-06,10.75037
05/11/2023 13:10:32.598300,4852,True,True,True,True,Eyes,0.435785,0.1756655,-2.105147,-0.6669636,-0.02669465,-0.744612,0.0,0.0,0.0,0.0,0.0,0.0,0.0,1.081429,-0.6677617,-1.787307,0.1948649,0.1864598,-2.176493,-0.000357659,0.9691108,-0.1177888,-0.2166793,13.20618,205.5497,2.964622,0.2412085,0.08031206,-0.9671441,0.0,0.0,0.0,-1.070765,0.1496202,-3.224778,3.576279e-07,0.4008,2.111001,-0.9061002,0.05035158,0.4200568,-0.05173802,0.9722513,-0.2281459,-0.4198882,-0.2284559,-0.8783519,static,41.85143,2.053198,9.706564e-06,10.75037
05/11/2023 13:10:32.613374,4853,True,True,True,True,Eyes,0.4256687,0.1760363,-2.108925,-0.6581539,-0.02758336,-0.7523779,0.0,0.0,0.0,0.0,0.0,0.0,0.0,1.055228,-0.6769019,-1.806134,0.1879174,0.1864161,-2.182604,0.0005106248,0.9701833,-0.119142,-0.2110672,13.35382,204.9011,3.021455,0.237308,0.0804309,-0.9680988,0.0,0.0,0.0,-1.073383,0.1369404,-3.238713,2.384186e-07,0.4007999,2.111001,-0.910901,0.05128474,0.409426,-0.04930314,0.9716098,-0.2313948,-0.4096693,-0.2309637,-0.8825118,static,41.1783,2.099613,6.471044e-06,10.75037
05/11/2023 13:10:32.628502,4854,True,True,True,True,Eyes,0.4157089,0.1763795,-2.112816,-0.6492654,-0.02841727,-0.7600309,0.0,0.0,0.0,0.0,0.0,0.0,0.0,1.029257,-0.6837078,-1.825523,0.180972,0.186257,-2.189044,0.002039133,0.9712663,-0.1197363,-0.205672,13.40029,204.2807,3.135827,0.2333134,0.08054889,-0.9690594,0.0,0.0,0.0,-1.075404,0.1256315,-3.253008,-1.192093e-07,0.4008,2.111001,-0.91539,0.05321389,0.3990363,-0.04529173,0.9713181,-0.2334304,-0.4000129,-0.2317529,-0.8867247,static,40.506,2.14127,-3.235522e-06,10.75037
05/11/2023 13:10:32.638213,4855,True,True,True,True,Eyes,0.4058877,0.1766774,-2.116819,-0.6401458,-0.02903455,-0.7677046,0.0,0.0,0.0,0.0,0.0,0.0,0.0,1.003105,-0.6887801,-1.845346,0.1746478,0.1859509,-2.195645,0.004168258,0.9723854,-0.1197812,-0.2002542,13.37229,203.6612,3.304503,0.2292405,0.08066407,-0.9700215,0.0,0.0,0.0,-1.077429,0.1176018,-3.267621,-1.192093e-07,0.4008,2.111001,-0.9197617,0.05607967,0.3884499,-0.03986705,0.9712702,-0.2346163,-0.3904471,-0.2312775,-0.8911014,static,39.82283,2.165891,-3.235522e-06,10.75037
05/11/2023 13:10:32.658589,4856,True,True,True,True,Eyes,0.3962269,0.176935,-2.12094,-0.6308917,-0.0296655,-0.7753035,0.0,0.0,0.0,0.0,0.0,0.0,0.0,0.9743133,-0.6923333,-1.866817,0.1683242,0.1851546,-2.202498,0.006798438,0.9736189,-0.119438,-0.1943058,13.29308,202.9822,3.514174,0.2251024,0.08077388,-0.970981,0.0,0.0,0.0,-1.07905,0.1193105,-3.283405,-1.192093e-07,0.4008001,2.111001,-0.9243982,0.05965316,0.3767357,-0.03317681,0.9713767,-0.235216,-0.3799836,-0.2299321,-0.8959598,static,39.13646,2.191244,-3.235521e-06,10.75037
05/11/2023 13:10:32.678437,4857,True,True,True,True,Eyes,0.3867399,0.177161,-2.125197,-0.6214636,-0.03015811,-0.7828624,0.0,0.0,0.0,0.0,0.0,0.0,0.0,0.9438689,-0.6993024,-1.887408,0.1623762,0.184469,-2.209486,0.008844591,0.9747861,-0.1201076,-0.1878508,13.34627,202.2456,3.675119,0.2209122,0.08087622,-0.9719344,0.0,0.0,0.0,-1.079363,0.1235814,-3.301006,0.0,0.4008,2.111001,-0.9292679,0.06236781,0.3641041,-0.02788147,0.9709918,-0.2374815,-0.3683533,-0.2308356,-0.9005727,static,38.44378,2.206107,0.0,10.75037
05/11/2023 13:10:32.698261,4858,True,True,True,True,Eyes,0.3774133,0.1773471,-2.129591,-0.6119274,-0.03055944,-0.7903233,0.0,0.0,0.0,0.0,0.0,0.0,0.0,0.9136769,-0.7032522,-1.908691,0.1563282,0.1840043,-2.216793,0.01039514,0.9759863,-0.1201449,-0.1814054,13.34112,201.4991,3.764327,0.2166822,0.08096953,-0.9728783,0.0,0.0,0.0,-1.078816,0.1299753,-3.31988,0.0,0.4007999,2.111,-0.9339682,0.06388091,0.3516005,-0.02329886,0.9709142,-0.2382911,-0.3565962,-0.2307482,-0.9053147,static,37.74972,2.214353,0.0,10.75037
05/11/2023 13:10:32.710737,4859,True,True,True,True,Eyes,0.368216,0.1774893,-2.134108,-0.602232,-0.03089593,-0.797723,0.0,0.0,0.0,0.0,0.0,0.0,0.0,0.8854501,-0.7026207,-1.930547,0.1507232,0.1832209,-2.224505,0.01164127,0.9772008,-0.1192513,-0.1752777,13.23727,200.7791,3.80253,0.2124232,0.08105207,-0.9738103,0.0,0.0,0.0,-1.078407,0.1358014,-3.338363,1.192093e-07,0.4007999,2.111,-0.9382846,0.0645559,0.3397865,-0.01905248,0.9712872,-0.2371459,-0.3453394,-0.2289841,-0.9101139,static,37.05057,2.217966,3.235524e-06,10.75037
05/11/2023 13:10:32.728676,4860,True,True,True,True,Eyes,0.3591946,0.1775805,-2.138776,-0.5924643,-0.03121639,-0.8049916,0.0,0.0,0.0,0.0,0.0,0.0,0.0,0.8579925,-0.7039188,-1.950873,0.1453824,0.182225,-2.232311,0.01212211,0.9782812,-0.1190959,-0.1692192,13.23326,200.065,3.771109,0.2081439,0.08112217,-0.9747281,0.0,0.0,0.0,-1.077947,0.1379556,-3.356567,0.0,0.4007998,2.111,-0.942436,0.06402429,0.3282005,-0.01658897,0.9713385,-0.2371212,-0.3339753,-0.2289161,-0.9143622,static,36.35263,2.220733,0.0,10.75037
05/11/2023 13:10:32.738536,4861,True,True,True,True,Eyes,0.3503147,0.177628,-2.143595,-0.5826191,-0.03141531,-0.812138,0.0,0.0,0.0,0.0,0.0,0.0,0.0,0.8328716,-0.703285,-1.970944,0.1404637,0.181079,-2.240622,0.01152938,0.979313,-0.1187638,-0.1634263,13.22911,199.3678,3.616263,0.2038534,0.08117791,-0.9756298,0.0,0.0,0.0,-1.077916,0.1364004,-3.374007,2.384186e-07,0.4008,2.111001,-0.9463177,0.06139999,0.3173524,-0.01623648,0.9715244,-0.2363822,-0.3228295,-0.2288454,-0.9183739,static,35.65525,2.215225,6.471042e-06,10.75036
05/11/2023 13:10:32.758089,4862,True,True,True,True,Eyes,0.341616,0.177609,-2.148577,-0.5727391,-0.03145466,-0.8191341,0.0,0.0,0.0,0.0,0.0,0.0,0.0,0.8085333,-0.6990278,-1.991941,0.1355511,0.1799936,-2.249315,0.01200448,0.9803657,-0.1173026,-0.1580477,13.0737,198.725,3.567785,0.1995594,0.0812179,-0.9765139,0.0,0.0,0.0,-1.078272,0.1349926,-3.390832,2.384186e-07,0.4008,2.111001,-0.9497538,0.06061636,0.3070728,-0.01354126,0.972192,-0.2337934,-0.3127055,-0.2262043,-0.9225222,static,34.96127,2.199072,6.471043e-06,10.75037
05/11/2023 13:10:32.778247,4863,True,True,True,True,Eyes,0.3330204,0.1775232,-2.153702,-0.5628762,-0.03141828,-0.8259438,0.0,0.0,0.0,0.0,0.0,0.0,0.0,0.7849679,-0.6934299,-2.012821,0.1310998,0.1783514,-2.2582,0.01344344,0.9813675,-0.115468,-0.1529856,12.85707,198.1301,3.629414,0.1952696,0.08123984,-0.9773788,0.0,0.0,0.0,-1.078853,0.1344764,-3.407231,4.768372e-07,0.4008,2.111001,-0.9528298,0.06171577,0.2971655,-0.008943952,0.9729728,-0.2307463,-0.3033746,-0.2225197,-0.9265255,static,34.27422,2.178438,1.294209e-05,10.75037
05/11/2023 13:10:32.788862,4864,True,True,True,True,Eyes,0.3246163,0.1773532,-2.159,-0.5530579,-0.03134841,-0.8325528,0.0,0.0,0.0,0.0,0.0,0.0,0.0,0.7630577,-0.6889746,-2.032538,0.1268183,0.1764753,-2.267361,0.01447087,0.9822417,-0.1140773,-0.1482511,12.69801,197.5731,3.658681,0.1909887,0.08124182,-0.9782242,0.0,0.0,0.0,-1.078909,0.1323278,-3.424042,2.384186e-07,0.4007999,2.111,-0.9556246,0.06225193,0.2879351,-0.005396387,0.973554,-0.2283936,-0.2945383,-0.2198123,-0.9300162,static,33.59576,2.15636,6.471046e-06,10.75037
05/11/2023 13:10:32.808288,4865,True,True,True,True,Eyes,0.3163878,0.1771136,-2.164469,-0.5434318,-0.03127137,-0.8388707,0.0,0.0,0.0,0.0,0.0,0.0,0.0,0.74541,-0.6865042,-2.049954,0.1229374,0.17427,-2.276785,0.01427986,0.9829074,-0.1134986,-0.1442482,12.65016,197.0941,3.573476,0.1867244,0.08122115,-0.9790489,0.0,0.0,0.0,-1.078712,0.1296614,-3.440966,3.576279e-07,0.4008,2.111001,-0.9579774,0.06081551,0.2803238,-0.004672379,0.9738283,-0.2272369,-0.2868068,-0.2189975,-0.9326214,static,32.93571,2.13488,9.706566e-06,10.75037
05/11/2023 13:10:32.828414,4866,True,True,True,True,Eyes,0.308367,0.1767943,-2.170123,-0.5339384,-0.0311124,-0.8449508,0.0,0.0,0.0,0.0,0.0,0.0,0.0,0.7315801,-0.6858973,-2.065489,0.119261,0.1723265,-2.286479,0.01419969,0.9833827,-0.1132717,-0.1411615,12.6368,196.7275,3.519822,0.1824828,0.08117614,-0.979852,0.0,0.0,0.0,-1.07815,0.1238423,-3.458126,0.0,0.4007998,2.111,-0.9597438,0.05990668,0.2744147,-0.004051762,0.9739357,-0.2267878,-0.2808484,-0.21877,-0.9344862,static,32.28947,2.108767,0.0,10.75037
05/11/2023 13:10:32.838318,4867,True,True,True,True,Eyes,0.3005553,0.1764061,-2.175961,-0.5245796,-0.03094946,-0.8507987,0.0,0.0,0.0,0.0,0.0,0.0,0.0,0.7203211,-0.6820563,-2.081503,0.1161803,0.170077,-2.296582,0.01475293,0.9838527,-0.1122343,-0.1386353,12.51843,196.4291,3.53243,0.1782712,0.08110482,-0.9806329,0.0,0.0,0.0,-1.07695,0.1225945,-3.476151,0.0,0.4008,2.111001,-0.9611255,0.06014871,0.2694819,-0.002089856,0.9743716,-0.2249347,-0.276105,-0.2167536,-0.9363678,static,31.65687,2.083327,0.0,10.75037
05/11/2023 13:10:32.858223,4868,True,True,True,True,Eyes,0.2929589,0.1759574,-2.181994,-0.5153354,-0.03078181,-0.8564356,0.0,0.0,0.0,0.0,0.0,0.0,0.0,0.7087698,-0.6800647,-2.097074,0.1133942,0.168016,-2.306832,0.01552663,0.9842789,-0.1115449,-0.1360573,12.43651,196.1301,3.576539,0.174096,0.08100589,-0.9813909,0.0,0.0,0.0,-1.075406,0.1211014,-3.494239,-3.576279e-07,0.4008001,2.111001,-0.9624946,0.06091808,0.2643729,0.0002120727,0.9746333,-0.2238077,-0.2713005,-0.2153576,-0.9380922,static,31.03621,2.058426,-9.706564e-06,10.75037
05/11/2023 13:10:32.878236,4869,True,True,True,True,Eyes,0.2855547,0.1754808,-2.188215,-0.5061103,-0.03071524,-0.8619217,0.0,0.0,0.0,0.0,0.0,0.0,0.0,0.6964604,-0.6814525,-2.112219,0.1109114,0.1661187,-2.317543,0.01668352,0.9846354,-0.1115063,-0.1333464,12.42355,195.8251,3.674782,0.1699637,0.08087864,-0.9821256,0.0,0.0,0.0,-1.073118,0.1188448,-3.513129,-1.192093e-07,0.4008,2.111001,-0.963881,0.06259228,0.2588745,0.003116455,0.974576,-0.2240354,-0.2663158,-0.2151367,-0.9395705,static,30.42096,2.040915,-3.235522e-06,10.75037
05/11/2023 13:10:32.888644,4870,True,True,True,True,Eyes,0.2783597,0.1749748,-2.194638,-0.4970167,-0.0306319,-0.8672001,0.0,0.0,0.0,0.0,0.0,0.0,0.0,0.6839076,-0.6859465,-2.12654,0.1085581,0.1649252,-2.328398,0.01860814,0.9849064,-0.1118783,-0.1307535,12.44563,195.5466,3.870272,0.1658785,0.0807239,-0.9828365,0.0,0.0,0.0,-1.068916,0.1196309,-3.534096,0.0,0.4008001,2.111001,-0.9651148,0.06591152,0.2533962,0.007397609,0.974274,-0.2252455,-0.2617235,-0.2155132,-0.9407739,static,29.81823,2.023004,0.0,10.75037
05/11/2023 13:10:32.908371,4871,True,True,True,True,Eyes,0.2713489,0.1744615,-2.201234,-0.487925,-0.03070021,-0.8723456,0.0,0.0,0.0,0.0,0.0,0.0,0.0,0.6723939,-0.6888883,-2.141351,0.1063391,0.1637165,-2.339648,0.02073044,0.9851764,-0.1118597,-0.1283952,12.4202,195.2954,4.085096,0.1618458,0.08054239,-0.9835235,0.0,0.0,0.0,-1.063491,0.1244459,-3.555759,1.192093e-07,0.4007999,2.111,-0.9661702,0.06957078,0.248346,0.01212179,0.9741153,-0.2257265,-0.2576216,-0.2150797,-0.9420044,static,29.21939,2.015563,3.235523e-06,10.75037
05/11/2023 13:10:32.928511,4872,True,True,True,True,Eyes,0.2645482,0.173955,-2.208024,-0.4789602,-0.03083466,-0.8772949,0.0,0.0,0.0,0.0,0.0,0.0,0.0,0.6598707,-0.698852,-2.153767,0.1042757,0.1629978,-2.350552,0.02245769,0.9852927,-0.113405,-0.1258301,12.58117,195.0272,4.277392,0.1578689,0.08033586,-0.9841865,0.0,0.0,0.0,-1.056782,0.1143586,-3.577764,3.576279e-07,0.4007999,2.111,-0.9673249,0.07279433,0.2428653,0.01571528,0.9732699,-0.229126,-0.2530526,-0.2178226,-0.9426122,static,28.63239,2.012971,9.706568e-06,10.75037
05/11/2023 13:10:32.938308,4873,True,True,True,True,Eyes,0.2579342,0.1734954,-2.215003,-0.4700142,-0.03096326,-0.8821157,0.0,0.0,0.0,0.0,0.0,0.0,0.0,0.6484762,-0.7060698,-2.167213,0.1024722,0.1626719,-2.361971,0.02355558,0.9854777,-0.1143291,-0.1233199,12.6813,194.7532,4.386896,0.1539523,0.08010647,-0.9848255,0.0,0.0,0.0,-1.049421,0.1167767,-3.600935,4.768372e-07,0.4008,2.111001,-0.968475,0.0746251,0.2376718,0.0182289,0.972748,-0.2311473,-0.2484442,-0.2195278,-0.9434423,static,28.04985,2.010321,1.294209e-05,10.75037
05/11/2023 13:10:32.958298,4874,True,True,True,True,Eyes,0.2515263,0.1730859,-2.222189,-0.4611759,-0.03096526,-0.8867683,0.0,0.0,0.0,0.0,0.0,0.0,0.0,0.6382874,-0.7116293,-2.181049,0.100734,0.1632975,-2.373601,0.02438677,0.9856983,-0.1147107,-0.1210196,12.723,194.4964,4.45922,0.1500986,0.07985801,-0.9854404,0.0,0.0,0.0,-1.041074,0.1131109,-3.623302,-2.384186e-07,0.4008,2.111001,-0.9695194,0.0758405,0.2329828,0.02031149,0.9724935,-0.2320429,-0.2441725,-0.2202378,-0.9443916,static,27.4773,1.999912,-6.471044e-06,10.75037
05/11/2023 13:10:32.978201,4875,True,True,True,True,Eyes,0.2452794,0.1727834,-2.229554,-0.4522539,-0.03085453,-0.8913555,0.0,0.0,0.0,0.0,0.0,0.0,0.0,0.6262417,-0.7104247,-2.198087,0.09922142,0.1640671,-2.385729,0.02648035,0.9861165,-0.113347,-0.1184298,12.549,194.2077,4.646506,0.1463113,0.07959392,-0.9860311,0.0,0.0,0.0,-1.032978,0.1046212,-3.644795,1.192093e-07,0.4008,2.111001,-0.9705466,0.07907274,0.2275681,0.02537811,0.9729025,-0.2298188,-0.239574,-0.2172745,-0.9462539,static,26.90222,1.982518,3.235522e-06,10.75037
05/11/2023 13:10:32.989193,4876,True,True,True,True,Eyes,0.2392142,0.1725698,-2.237116,-0.4433294,-0.03063564,-0.8958351,0.0,0.0,0.0,0.0,0.0,0.0,0.0,0.6107256,-0.7154977,-2.213678,0.09756134,0.1662364,-2.397527,0.02909736,0.986445,-0.1130305,-0.1153418,12.4909,193.8754,4.905008,0.1425917,0.07932002,-0.986598,0.0,0.0,0.0,-1.02527,0.09900963,-3.665798,1.192093e-07,0.4007998,2.110999,-0.9716995,0.08348018,0.2209789,0.0313316,0.9727549,-0.2297091,-0.2341344,-0.2162846,-0.947841,static,26.32981,1.95863,3.235524e-06,10.75037
05/11/2023 13:10:33.013233,4877,True,True,True,True,Eyes,0.2332686,0.1724762,-2.244834,-0.434341,-0.0304656,-0.9002331,0.0,0.0,0.0,0.0,0.0,0.0,0.0,0.5902972,-0.7160873,-2.232357,0.09578042,0.1681259,-2.409815,0.03207058,0.9869675,-0.1117617,-0.1112473,12.32607,193.4216,5.178109,0.1389418,0.07904059,-0.987141,0.0,0.0,0.0,-1.018166,0.1013235,-3.686595,0.0,0.4008,2.111001,-0.973191,0.08817163,0.2124265,0.03843884,0.9729615,-0.227746,-0.2267635,-0.2134749,-0.9502667,static,25.7562,1.938259,0.0,10.75037
05/11/2023 13:10:33.028535,4878,True,True,True,True,Eyes,0.2274981,0.1725083,-2.25273,-0.4254146,-0.03043937,-0.9044865,0.0,0.0,0.0,0.0,0.0,0.0,0.0,0.5744576,-0.7231243,-2.247,0.09407437,0.1707514,-2.421551,0.03285465,0.9872763,-0.1121076,-0.1078791,12.37293,193.0393,5.231446,0.1353608,0.07876103,-0.9876607,0.0,0.0,0.0,-1.012218,0.1011716,-3.705809,1.192093e-07,0.4008,2.111001,-0.9745654,0.08906136,0.2056464,0.0406851,0.9727049,-0.2284511,-0.2203794,-0.2142738,-0.951588,static,25.1894,1.92749,3.235521e-06,10.75036
05/11/2023 13:10:33.038354,4879,True,True,True,True,Eyes,0.2218879,0.1726207,-2.260767,-0.4164672,-0.03001561,-0.908655,0.0,0.0,0.0,0.0,0.0,0.0,0.0,0.5573841,-0.7370809,-2.260016,0.09244795,0.1738288,-2.433695,0.03400568,0.9874188,-0.1137837,-0.1044084,12.56831,192.6609,5.344718,0.1318503,0.07848632,-0.9881573,0.0,0.0,0.0,-1.005469,0.1172592,-3.726455,3.576279e-07,0.4008,2.111001,-0.975885,0.09091563,0.198451,0.04339574,0.9717938,-0.2318053,-0.2139282,-0.2176034,-0.9523044,static,24.62358,1.891964,9.706564e-06,10.75037
05/11/2023 13:10:33.058099,4880,True,True,True,True,Eyes,0.2164495,0.1727685,-2.268899,-0.4075407,-0.02967565,-0.9127048,0.0,0.0,0.0,0.0,0.0,0.0,0.0,0.5417358,-0.7186312,-2.282081,0.0909522,0.1757265,-2.445127,0.03527907,0.9883004,-0.1087814,-0.1009183,11.99913,192.2265,5.378617,0.1284115,0.07821905,-0.9886312,0.0,0.0,0.0,-0.9969845,0.1140965,-3.745917,2.384186e-07,0.4008,2.111001,-0.9771421,0.09168871,0.1917997,0.04777659,0.973844,-0.222138,-0.2071505,-0.2078968,-0.9559645,static,24.06171,1.862257,6.471043e-06,10.75037
