Time,Frame,EyeTrackingEnabled,EyeCalibrationValid,EyeTrackingEnabledAndValid,EyeTrackingDataValid,GazeInputSource,EyeGazeOrigin.x,EyeGazeOrigin.y,EyeGazeOrigin.z,EyeGazeDirection.x,EyeGazeDirection.y,EyeGazeDirection.z,EyeHitInfo.distance,EyeHitPosition.x,EyeHitPosition.y,EyeHitPosition.z,EyeHitNormal.x,EyeHitNormal.y,EyeHitNormal.z,LocalEyeHitPosition.x,LocalEyeHitPosition.y,LocalEyeHitPosition.z,HeadGazeOrigin.x,HeadGazeOrigin.y,HeadGazeOrigin.z,HeadRotation.x,HeadRotation.y,HeadRotation.z,HeadRotation.w,HeadEulerAngles.x,HeadEulerAngles.y,HeadEulerAngles.z,HeadMovementDirection.x,HeadMovementDirection.y,HeadMovementDirection.z,HeadVelocity.x,HeadVelocity.y,HeadVelocity.z,transform.position.x,transform.position.y,transform.position.z,localTransform.position.x,localTransform.position.y,localTransform.position.z,localXAxis.x,localXAxis.y,localXAxis.z,localYAxis.x,localYAxis.y,localYAxis.z,localZAxis.x,localZAxis.y,localZAxis.z,Movement,GazeAngleX,GazeAngleY,TargetAngleX,TargetAngleY,CalibratedGazeAngleX,CalibratedGazeAngleY,euclideanError,recalibratedEuclideanError,cosineError
05/18/2023 18:40:22.468874,220,True,True,True,True,Eyes,2.406749,0.03280514,-2.089751,0.9186664,0.1027921,-0.3814262,0.0,0.0,0.0,0.0,0.0,0.0,0.0,0.1948365,-0.306217,-3.225093,2.428923,0.03184972,-2.152273,-0.01360982,0.9217517,-0.05367076,0.3838076,5.077038,134.6181,356.1842,0.7548816,0.009996201,-0.6557822,0.2789697,0.009191368,-0.2312751,4.199561,0.2511888,-2.227039,-0.5796002,0.4008001,1.915002,-0.705013,-0.06628823,-0.7060895,0.01610874,0.9938685,-0.1093893,0.7090113,-0.08849511,-0.6996223,moving,-67.45199,-15.08256,-16.83912,11.82108,-55.98749316558639,-13.232188587000994,57.31900605284865,46.47861216091134,126.77754240934685
05/18/2023 18:40:22.488467,221,True,True,True,True,Eyes,2.408502,0.03269529,-2.092913,0.9164137,0.1029174,-0.3867738,0.0,0.0,0.0,0.0,0.0,0.0,0.0,0.2351295,-0.2937495,-3.232543,2.433377,0.03105789,-2.160698,-0.01460405,0.9243608,-0.05224926,0.3776427,4.908464,135.3916,356.1751,0.7548977,0.01002574,-0.6557634,0.2622315,0.008639886,-0.2173986,4.203397,0.2497877,-2.243277,-0.5755825,0.3980213,1.915002,-0.7143457,-0.06646192,-0.6966301,0.01246428,0.9941134,-0.1076246,0.6996822,-0.08556411,-0.7093123,moving,-67.11775,-14.90067,-16.72894,11.7414,-55.67955029293024,-13.054281205110534,56.99852688535906,46.17332399359174,127.00579067668039
05/18/2023 18:40:22.498370,222,True,True,True,True,Eyes,2.410373,0.03252761,-2.096282,0.9138614,0.1026169,-0.392845,0.0,0.0,0.0,0.0,0.0,0.0,0.0,0.277316,-0.2892017,-3.23877,2.437829,0.02939108,-2.169401,-0.01488638,0.9269776,-0.052006,0.3711957,4.89703,136.1911,356.1899,0.7548867,0.01004779,-0.6557758,0.2464976,0.008121493,-0.2043547,4.207468,0.2475036,-2.257714,-0.5717947,0.3954026,1.915001,-0.7239842,-0.06620749,-0.6866318,0.01101012,0.9941475,-0.1074683,0.6897285,-0.08536528,-0.7190182,moving,-66.7384,-14.63939,-16.62495,11.66628,-55.33109911606911,-12.801029212425266,56.59811079047957,45.79099474232688,127.28921361835835
05/18/2023 18:40:22.518368,223,True,True,True,True,Eyes,2.412349,0.03230621,-2.099871,0.9111574,0.1022878,-0.3991608,0.0,0.0,0.0,0.0,0.0,0.0,0.0,0.3201572,-0.2916788,-3.243531,2.442234,0.02787035,-2.177792,-0.01479056,0.9295071,-0.0527674,0.3647103,5.008687,136.9868,356.202,0.75485,0.01006122,-0.6558181,0.2317078,0.007634204,-0.1920934,4.211646,0.2436503,-2.273066,-0.5679287,0.392729,1.915001,-0.7335355,-0.06598549,-0.6764407,0.01099376,0.9939937,-0.1088839,0.6795624,-0.0873068,-0.7284042,moving,-66.34269,-14.37316,-16.51869,11.58954,-54.967499233384025,-12.542769310544449,56.1826731945891,45.39470546357744,127.58692404771641
05/18/2023 18:40:22.538476,224,True,True,True,True,Eyes,2.414428,0.03202616,-2.103666,0.9082135,0.1016428,-0.4059764,0.0,0.0,0.0,0.0,0.0,0.0,0.0,0.3627127,-0.2915497,-3.248268,2.446713,0.02637042,-2.186482,-0.01489114,0.931991,-0.05317268,0.3582509,5.074063,137.7791,356.2092,0.754788,0.01006516,-0.6558896,0.2178053,0.007176151,-0.1805678,4.215268,0.2419324,-2.289508,-0.5639915,0.3900062,1.915003,-0.7428693,-0.06585515,-0.6661898,0.01034151,0.9939018,-0.1097824,0.669357,-0.08844339,-0.737658,moving,-65.9151,-14.05599,-16.41034,11.51133,-54.57517229247166,-12.236097899672387,55.71722457768333,44.94991385712131,127.91900603364095
05/18/2023 18:40:22.549307,225,True,True,True,True,Eyes,2.416601,0.03169776,-2.107672,0.9051028,0.1009612,-0.4130324,0.0,0.0,0.0,0.0,0.0,0.0,0.0,0.4056399,-0.2908213,-3.252384,2.451057,0.02472204,-2.195182,-0.01483525,0.9344602,-0.05342551,0.3517246,5.12979,138.5795,356.2404,0.7547016,0.01005869,-0.6559892,0.204737,0.006745582,-0.1697337,4.218827,0.2392974,-2.305839,-0.5601872,0.387376,1.915,-0.7521397,-0.06530803,-0.65576,0.009856241,0.9938513,-0.1102839,0.6589303,-0.08941215,-0.7468713,moving,-65.471,-13.73597,-16.30556,11.43577,-54.167516575967085,-11.92638082141534,55.2345633188242,44.48952513528296,128.27009612379277
05/18/2023 18:40:22.573481,226,True,True,True,True,Eyes,2.418864,0.03135504,-2.111892,0.9017286,0.1000873,-0.4205568,0.0,0.0,0.0,0.0,0.0,0.0,0.0,0.4514664,-0.2923835,-3.255547,2.455502,0.02324736,-2.204056,-0.01496,0.9369922,-0.05415535,0.3448031,5.230906,139.4218,356.2356,0.7545912,0.01004129,-0.6561164,0.1924527,0.006340847,-0.1595497,4.222239,0.2355167,-2.323466,-0.5560526,0.384517,1.914999,-0.7617741,-0.06538068,-0.6445354,0.009311059,0.9936868,-0.1118028,0.6477759,-0.09116976,-0.7563561,moving,-64.99614,-13.38665,-16.19155,11.35357,-53.73176205001826,-11.588533695202967,54.71714987749727,43.995541168643236,128.64680001275744
05/18/2023 18:40:22.588866,227,True,True,True,True,Eyes,2.421228,0.03097544,-2.11632,0.8981625,0.09933563,-0.4282949,0.0,0.0,0.0,0.0,0.0,0.0,0.0,0.4989089,-0.2947007,-3.258016,2.460189,0.02260697,-2.213005,-0.01546919,0.9395133,-0.05509219,0.3376987,5.340353,140.281,356.1833,0.7544574,0.01001358,-0.6562706,0.1809056,0.005960396,-0.1499767,4.226186,0.228363,-2.341851,-0.5522422,0.381882,1.915,-0.7714406,-0.06627614,-0.6328403,0.008142092,0.9934511,-0.1139675,0.6362491,-0.09307183,-0.7658489,moving,-64.50555,-13.0579,-16.08635,11.27776,-53.28095603341189,-11.269580723223129,54.1908043516204,43.495072038908454,129.0428107322827
05/18/2023 18:40:22.598648,228,True,True,True,True,Eyes,2.48259,0.02101523,-2.231806,0.7797265,0.07573704,-0.6215227,0.0,0.0,0.0,0.0,0.0,0.0,0.0,0.546573,-0.2833857,-3.261209,2.464937,0.02132699,-2.222199,-0.01608258,0.9421318,-0.05385823,0.3304973,5.212658,141.1658,356.2055,0.7543005,0.009975413,-0.6564512,0.1700512,0.005602773,-0.1409781,4.229239,0.2380205,-2.361621,-0.5483785,0.3792102,1.915,-0.7810256,-0.06590382,-0.6210116,0.005296167,0.9936813,-0.1121136,0.6244763,-0.09085259,-0.7757415,moving,-51.44153,-6.947652,-15.97957,11.20086,-41.22560424805811,-5.251092630770111,39.83615311316774,30.13351938654406,141.59779543048248
05/18/2023 18:40:22.618247,229,True,True,True,True,Eyes,2.482781,0.02100281,-2.232184,0.7793518,0.07569348,-0.6219978,0.0,0.0,0.0,0.0,0.0,0.0,0.0,0.5947083,-0.2839758,-3.262367,2.469494,0.02052714,-2.231263,-0.01554621,0.9446495,-0.05397223,0.323238,5.27404,142.0499,356.2998,0.7530883,0.009554042,-0.6578479,0.3439364,-0.02461404,-0.4789765,4.22855,0.2795877,-2.376882,-0.5443969,0.3764566,1.915,-0.7905511,-0.06426318,-0.609015,0.005520322,0.9936907,-0.1120199,0.6123713,-0.09191942,-0.7852085,moving,-51.40676,-6.938443,-15.86941,11.12156,-41.19338345168717,-5.241676682521724,39.86310265624728,30.150607723725585,141.55545829913288
05/18/2023 18:40:22.638414,230,True,True,True,True,Eyes,2.483142,0.02095415,-2.232943,0.7784473,0.07568,-0.6231312,0.0,0.0,0.0,0.0,0.0,0.0,0.0,0.6431472,-0.2840065,-3.263144,2.474272,0.02024376,-2.240528,-0.01483113,0.9471365,-0.05379212,0.3159414,5.30891,142.9394,356.4252,0.7520611,0.009197843,-0.6590272,0.3233002,-0.0231372,-0.4502379,4.231966,0.26748,-2.394331,-0.5407047,0.3739031,1.915001,-0.7999223,-0.06208453,-0.5968837,0.005896098,0.9937729,-0.1112685,0.6000748,-0.09252542,-0.794575,moving,-51.32344,-6.924724,-15.76714,11.04798,-41.11601192172639,-5.226927753093555,39.84053913743658,30.123710430088014,141.562150448635
05/18/2023 18:40:22.648537,231,True,True,True,True,Eyes,2.48367,0.02084358,-2.234046,0.7772182,0.07559327,-0.6246739,0.0,0.0,0.0,0.0,0.0,0.0,0.0,0.6907839,-0.2750706,-3.2643,2.479084,0.01937658,-2.249948,-0.01402098,0.949623,-0.0520937,0.3087165,5.179815,143.8288,356.6156,0.751185,0.008894813,-0.6600298,0.3039022,-0.02174897,-0.4232236,4.23716,0.2422078,-2.419772,-0.5368191,0.3712161,1.915001,-0.8089951,-0.05879366,-0.5848678,0.005535078,0.9941793,-0.1075958,0.5877894,-0.09028172,-0.8039607,moving,-51.2101,-6.899948,-15.65941,10.97052,-41.01088095726168,-5.201141822811885,39.78951100497622,30.070246520577015,141.59418839048908
05/18/2023 18:40:22.668572,232,True,True,True,True,Eyes,2.484351,0.02077937,-2.235479,0.7755151,0.07513014,-0.6268427,0.0,0.0,0.0,0.0,0.0,0.0,0.0,0.7378212,-0.2768899,-3.263638,2.483629,0.01782677,-2.259125,-0.01237807,0.9519477,-0.05187437,0.3015819,5.238247,144.6986,356.8423,0.7504181,0.008629415,-0.660905,0.2856681,-0.02044403,-0.3978302,4.237645,0.2789288,-2.435902,-0.5329064,0.3685108,1.915,-0.8177904,-0.0548553,-0.5728962,0.007722192,0.9943116,-0.1062294,0.5754647,-0.09129737,-0.812715,moving,-51.05166,-6.834575,-15.55082,10.8925,-40.86450646323927,-5.136323158368641,39.68071104152778,29.961740506877067,141.67539885217883
05/18/2023 18:40:22.688586,233,True,True,True,True,Eyes,2.485212,0.02083771,-2.237248,0.7735251,0.07467668,-0.6293507,0.0,0.0,0.0,0.0,0.0,0.0,0.0,0.7853498,-0.3051196,-3.259762,2.488222,0.01900586,-2.268107,-0.009990098,0.9540076,-0.055294,0.29447,5.717185,145.5441,357.0259,0.7497151,0.008388372,-0.6617056,0.268528,-0.01921739,-0.3739603,4.236954,0.2961692,-2.4545,-0.5290321,0.365832,1.915,-0.8263754,-0.0516261,-0.5607483,0.01350358,0.9936856,-0.1113853,0.5629578,-0.09961821,-0.8204601,moving,-50.86772,-6.766888,-15.44318,10.81519,-40.69441632009386,-5.068754733198368,39.5477875615019,29.83160464977584,141.7803968905578
05/18/2023 18:40:22.708573,234,True,True,True,True,Eyes,2.486214,0.02092782,-2.239359,0.7711573,0.07464175,-0.6322539,0.0,0.0,0.0,0.0,0.0,0.0,0.0,0.8302361,-0.3068043,-3.259212,2.493409,0.02201767,-2.277785,-0.009729046,0.9560724,-0.05501404,0.2877577,5.715882,146.354,357.1044,0.7490667,0.00817274,-0.6624424,0.2524163,-0.01806434,-0.3515227,4.239762,0.2754741,-2.479258,-0.5253241,0.3632679,1.915001,-0.8342019,-0.05026477,-0.5491639,0.01305808,0.9937576,-0.110794,0.5513048,-0.09959558,-0.8283381,moving,-50.65247,-6.732981,-15.34005,10.74115,-40.49450421908666,-5.032088824894867,39.39939416363608,29.69076674805313,141.90791832517215
05/18/2023 18:40:22.718522,235,True,True,True,True,Eyes,2.487357,0.02092565,-2.241775,0.7685643,0.07485915,-0.6353778,0.0,0.0,0.0,0.0,0.0,0.0,0.0,0.8651401,-0.2715849,-3.263899,2.498299,0.02282575,-2.287627,-0.0103505,0.957987,-0.04919752,0.2823715,5.072474,147.0323,357.2601,0.748465,0.007981048,-0.6631247,0.2372713,-0.01698048,-0.3304313,4.241344,0.2610983,-2.505303,-0.5212625,0.3604585,1.915002,-0.8403185,-0.04761525,-0.5399979,0.007952671,0.994945,-0.1001065,0.5420349,-0.08841579,-0.835692,moving,-50.41921,-6.719516,-15.22697,10.65999,-40.27741865509997,-5.014145062010372,39.249725922885574,29.550016713429162,142.03956965143752
05/18/2023 18:40:22.738268,236,True,True,True,True,Eyes,2.488628,0.02095859,-2.244454,0.7655725,0.07469067,-0.6389993,0.0,0.0,0.0,0.0,0.0,0.0,0.0,0.9022045,-0.2472228,-3.266016,2.502864,0.02057678,-2.297215,-0.01006476,0.9598503,-0.0452646,0.2766539,4.664762,147.7393,357.4487,0.7479028,0.007808051,-0.663761,0.2230351,-0.01596165,-0.3106055,4.240729,0.2606018,-2.53322,-0.5175307,0.3578784,1.915002,-0.846723,-0.04436656,-0.5301815,0.005723936,0.9956996,-0.09246337,0.5320038,-0.08132555,-0.8428278,moving,-50.14931,-6.666876,-15.12297,10.58542,-40.02694501918549,-4.958693283627505,39.044669432167254,29.356897477943065,142.21979347581794
05/18/2023 18:40:22.748774,237,True,True,True,True,Eyes,2.490073,0.02121538,-2.247459,0.7623705,0.07457082,-0.6428301,0.0,0.0,0.0,0.0,0.0,0.0,0.0,0.9423635,-0.2716857,-3.262226,2.506932,0.02155392,-2.306252,-0.008417175,0.9614435,-0.04840118,0.2705791,5.078179,148.4555,357.5616,0.747373,0.007652639,-0.6643593,0.2096529,-0.01500395,-0.2919692,4.239263,0.2584289,-2.561723,-0.5135087,0.3550971,1.915001,-0.8534326,-0.04237797,-0.5194781,0.01000741,0.995173,-0.09762502,0.5211077,-0.08851498,-0.8488889,moving,-49.86245,-6.616961,-15.01077,10.50499,-39.76061631309294,-4.905403937132374,38.830410825393045,29.15536200803081,142.4089505624593
05/18/2023 18:40:22.768567,238,True,True,True,True,Eyes,2.491636,0.02178917,-2.25076,0.7588018,0.07477993,-0.6470146,0.0,0.0,0.0,0.0,0.0,0.0,0.0,0.9814143,-0.2720836,-3.2626,2.512559,0.02716649,-2.31691,-0.009336849,0.9630604,-0.0481212,0.2647865,5.03376,149.1436,357.4991,0.7468714,0.007520038,-0.6649247,0.1970738,-0.01410372,-0.274451,4.237066,0.2595462,-2.591143,-0.5098101,0.3525389,1.915001,-0.859602,-0.04346758,-0.5091122,0.007499788,0.9951943,-0.09763177,0.5109094,-0.08774269,-0.855145,moving,-49.54646,-6.592815,-14.90749,10.43098,-39.46665065426429,-4.875568429344893,38.596215343773345,28.938603920400926,142.62376343480264
05/18/2023 18:40:22.788485,239,True,True,True,True,Eyes,2.493344,0.02236254,-2.254397,0.7550147,0.07607193,-0.6512801,0.0,0.0,0.0,0.0,0.0,0.0,0.0,1.014707,-0.242489,-3.26558,2.517133,0.03535402,-2.327066,-0.01094215,0.9646855,-0.04263921,0.2596997,4.392213,149.7702,357.5134,0.7463918,0.007417139,-0.6654643,0.1852493,-0.0132575,-0.2579839,4.235734,0.2524121,-2.61621,-0.5059373,0.3498614,1.915001,-0.8648726,-0.04325825,-0.5001239,0.001035305,0.9961244,-0.0879502,0.5019902,-0.07658351,-0.8614759,moving,-49.21875,-6.662172,-14.79922,10.35347,-39.15997010851095,-4.932986796511497,38.395782556070714,28.759727176051737,142.82178101738867
05/18/2023 18:40:22.798392,240,True,True,True,True,Eyes,2.495117,0.02272798,-2.258284,0.7509099,0.07758019,-0.655832,0.0,0.0,0.0,0.0,0.0,0.0,0.0,1.047606,-0.1504607,-3.273,2.52233,0.03568314,-2.338637,-0.01442201,0.9665367,-0.02894385,0.2544818,2.786264,150.439,357.555,0.745929,0.007340842,-0.6659839,0.1741344,-0.01246205,-0.2425049,4.235052,0.2366029,-2.642946,-0.5020342,0.3471618,1.915002,-0.870062,-0.04261016,-0.4910972,-0.01314743,0.9979085,-0.06329087,0.4927669,-0.04861031,-0.8688025,moving,-48.86659,-6.746326,-14.69,10.27529,-38.8302238625304,-5.003695954059933,38.180816063562034,28.56917604547676,143.0366275596636
05/18/2023 18:40:22.818477,241,True,True,True,True,Eyes,2.49697,0.02303487,-2.262388,0.7466153,0.0781958,-0.6606444,0.0,0.0,0.0,0.0,0.0,0.0,0.0,1.074563,-0.09936392,-3.27583,2.525921,0.03090727,-2.348271,-0.0143589,0.9678849,-0.02097351,0.2501057,1.915033,150.9862,357.8046,0.7454785,0.007282216,-0.6664888,0.1636863,-0.01171432,-0.2279546,4.233164,0.2402944,-2.667968,-0.4980806,0.3444277,1.915002,-0.8744823,-0.03828672,-0.4835447,-0.01730434,0.9987078,-0.04778238,0.4847493,-0.03341741,-0.8740148,moving,-48.49591,-6.750289,-14.57926,10.19607,-38.48476037291731,-4.998919462591443,37.91461763725676,28.325971348707792,143.28738457447201
05/18/2023 18:40:22.838607,242,True,True,True,True,Eyes,2.498924,0.02344581,-2.26675,0.7419499,0.07799629,-0.6659032,0.0,0.0,0.0,0.0,0.0,0.0,0.0,1.120447,-0.1663633,-3.26722,2.529731,0.02999093,-2.357406,-0.01204001,0.9693702,-0.03131649,0.243302,3.144585,151.76,357.7856,0.745037,0.007237691,-0.6669829,0.1538651,-0.01101146,-0.2142773,4.230529,0.2484014,-2.691014,-0.4943642,0.3418582,1.915001,-0.8813185,-0.03858117,-0.4709453,-0.008103722,0.9977486,-0.06657324,0.4724535,-0.05485581,-0.879647,moving,-48.09189,-6.680534,-14.47507,10.12159,-38.109646616790286,-4.9243770083921365,37.5819365895875,28.017393438229664,143.5915501687818
05/18/2023 18:40:22.848968,243,True,True,True,True,Eyes,2.500952,0.02391724,-2.271357,0.737115,0.07818726,-0.6712288,0.0,0.0,0.0,0.0,0.0,0.0,0.0,1.15995,-0.1951588,-3.262883,2.534323,0.03298815,-2.367718,-0.01310462,0.9706233,-0.03655359,0.2374504,3.711702,152.427,357.5419,0.744601,0.007208879,-0.6674698,0.1446332,-0.01035077,-0.2014207,4.227994,0.2416856,-2.717524,-0.4902607,0.3390207,1.915001,-0.8868914,-0.04279863,-0.4599918,-0.008079968,0.9969842,-0.07718291,0.4619079,-0.06473613,-0.8845625,moving,-47.6785,-6.644086,-14.35991,10.03929,-37.725162951145,-4.880796599905799,37.262091652851105,27.722626672443557,143.88803028290806
05/18/2023 18:40:22.868362,244,True,True,True,True,Eyes,2.502859,0.0243486,-2.276245,0.7319598,0.07600966,-0.6770948,0.0,0.0,0.0,0.0,0.0,0.0,0.0,1.194517,-0.1630112,-3.262741,2.538193,0.03481999,-2.378085,-0.01499093,0.9720556,-0.03201052,0.2320748,3.16858,153.0745,357.4742,0.7441674,0.007195926,-0.6679533,0.1359552,-0.009729728,-0.1893354,4.225131,0.2326996,-2.745181,-0.4865705,0.3364684,1.915001,-0.8918332,-0.04400169,-0.4502193,-0.01428636,0.9975012,-0.06919003,0.4521388,-0.05527397,-0.8902332,moving,-47.22982,-6.405124,-14.25625,9.965235,-37.31168401816261,-4.646847884076599,36.81365198311328,27.295897200439736,144.2784044943709
05/18/2023 18:40:22.888489,245,True,True,True,True,Eyes,2.504831,0.02476829,-2.281345,0.7265823,0.07374392,-0.6831105,0.0,0.0,0.0,0.0,0.0,0.0,0.0,1.235114,-0.1719877,-3.256705,2.541555,0.03491609,-2.387571,-0.0145238,0.9734808,-0.03335913,0.2258572,3.347309,153.8031,357.5114,0.7437316,0.007196034,-0.6684387,0.1277979,-0.009145944,-0.1779753,4.221169,0.2285459,-2.773069,-0.4827698,0.333841,1.915002,-0.8975552,-0.04334608,-0.4387662,-0.01320848,0.9973525,-0.07150954,0.4407043,-0.05838833,-0.8957514,moving,-46.76632,-6.161398,-14.14937,9.888955,-36.884487730846175,-4.408100617087741,36.35215617713906,26.856868349707796,144.68221241258706
05/18/2023 18:40:22.898362,246,True,True,True,True,Eyes,2.555843,0.03500982,-2.413394,0.5662347,0.01754199,-0.8240573,0.0,0.0,0.0,0.0,0.0,0.0,0.0,1.281368,-0.183025,-3.248441,2.545138,0.03508972,-2.397667,-0.01520186,0.9749882,-0.03584862,0.2188192,3.626439,154.6187,357.3966,0.7432905,0.00720746,-0.668929,0.1201301,-0.008597188,-0.1672968,4.216843,0.220264,-2.801313,-0.4787905,0.3310891,1.915,-0.9037741,-0.04533199,-0.4256024,-0.01395453,0.9969676,-0.07655686,0.4277822,-0.06325103,-0.901666,moving,-34.49414,-1.219491,-14.03738,9.809038,-25.54452276973424,0.4986504970907415,23.240212598025888,14.801947512992196,157.07044136790523
05/18/2023 18:40:22.918312,247,True,True,True,True,Eyes,2.555967,0.03502488,-2.413785,0.5657381,0.01748567,-0.8243996,0.0,0.0,0.0,0.0,0.0,0.0,0.0,1.327712,-0.178063,-3.239912,2.548463,0.03525918,-2.407414,-0.01658189,0.9765244,-0.03607473,0.2117163,3.636965,155.4476,357.2627,0.7413431,0.007522126,-0.671083,0.2659584,0.02264323,-0.5534077,4.212833,0.2063212,-2.82918,-0.4749637,0.3284429,1.915001,-0.9098027,-0.04766046,-0.4122959,-0.01711003,0.9968473,-0.07747702,0.4146887,-0.0634344,-0.9077499,moving,-34.45957,-1.215072,-13.92957,9.732143,-25.512396393674784,0.503578253896011,23.266336545666682,14.80973580247273,157.03804991150832
05/18/2023 18:40:22.938482,248,True,True,True,True,Eyes,2.556257,0.03506835,-2.414553,0.5645899,0.01750572,-0.8251859,0.0,0.0,0.0,0.0,0.0,0.0,0.0,1.375651,-0.1787518,-3.229592,2.551672,0.03564312,-2.41709,-0.01752852,0.9780402,-0.03697856,0.2043597,3.736545,156.3033,357.1624,0.7397104,0.007790797,-0.6728792,0.2500009,0.02128464,-0.5202032,4.207916,0.1967406,-2.857744,-0.4711661,0.3258167,1.915001,-0.91586,-0.04940106,-0.3984477,-0.01917335,0.9966507,-0.07949729,0.4010403,-0.06516878,-0.9137396,moving,-34.37983,-1.215306,-13.82248,9.655796,-25.438092793970988,0.505184714697994,23.254795155341704,14.787026322900724,157.04383164846445
05/18/2023 18:40:22.949472,249,True,True,True,True,Eyes,2.556652,0.03510354,-2.415685,0.5629839,0.01762518,-0.8262799,0.0,0.0,0.0,0.0,0.0,0.0,0.0,1.426942,-0.1679358,-3.218115,2.555067,0.03632818,-2.427125,-0.01904913,0.9796555,-0.03627551,0.1964602,3.64591,157.2263,357.0376,0.7383355,0.008021552,-0.6743849,0.2350008,0.02000756,-0.4889911,4.20228,0.1891195,-2.886341,-0.4672815,0.3231302,1.915002,-0.9220813,-0.05157655,-0.3835447,-0.02306977,0.9966425,-0.07855978,0.3863087,-0.0635902,-0.9201752,moving,-34.26847,-1.221977,-13.71283,9.577658,-25.334203175032115,0.5014897900557629,23.21995805213319,14.745614393729358,157.0733675775208
05/18/2023 18:40:22.968917,250,True,True,True,True,Eyes,2.557159,0.03514871,-2.417121,0.5608276,0.01737806,-0.8277503,0.0,0.0,0.0,0.0,0.0,0.0,0.0,1.474434,-0.1557996,-3.207043,2.558071,0.03614063,-2.436867,-0.01988348,0.9811406,-0.03500808,0.1890563,3.507403,158.0948,356.9991,0.7371697,0.008220238,-0.6756567,0.2209008,0.01880711,-0.4596516,4.195435,0.1857098,-2.916551,-0.4634433,0.3204764,1.915,-0.9277248,-0.05225397,-0.3695894,-0.02577998,0.9967582,-0.07621389,0.3723737,-0.0611775,-0.9260643,moving,-34.1189,-1.20271,-13.60441,9.500444,-25.195208555838438,0.5229485134203178,23.138751165692064,14.660901622123552,157.14711034704277
05/18/2023 18:40:22.988480,251,True,True,True,True,Eyes,2.557761,0.0352262,-2.418874,0.5582815,0.01682703,-0.8294809,0.0,0.0,0.0,0.0,0.0,0.0,0.0,1.526469,-0.1790929,-3.190478,2.561051,0.03649683,-2.445611,-0.0186202,0.982545,-0.03836304,0.181072,3.936086,159.0167,357.0994,0.7361297,0.008397123,-0.6767874,0.2076467,0.01767868,-0.4320725,4.187254,0.1829034,-2.947881,-0.4594674,0.3177265,1.915,-0.9337327,-0.05048332,-0.3543942,-0.02269743,0.9963632,-0.08213001,0.3572515,-0.06864362,-0.9314828,moving,-33.9425,-1.162155,-13.49198,9.420391,-25.031623199867283,0.5649477938993068,23.02637722509809,14.545866751648667,157.25012897367816
05/18/2023 18:40:22.998366,252,True,True,True,True,Eyes,2.558453,0.03531164,-2.420925,0.5553526,0.01615151,-0.8314582,0.0,0.0,0.0,0.0,0.0,0.0,0.0,1.573123,-0.2060075,-3.175632,2.564005,0.03743377,-2.454845,-0.01640336,0.9837627,-0.04150614,0.1738371,4.356461,159.8557,357.3153,0.7351757,0.008558013,-0.6778215,0.1951879,0.01661796,-0.4061481,4.17809,0.1809367,-2.981072,-0.4556867,0.3151121,1.915002,-0.9390234,-0.04670465,-0.3406673,-0.01784341,0.9960163,-0.08736742,0.3433907,-0.07596136,-0.936116,moving,-33.73999,-1.112861,-13.38496,9.344242,-24.84387713004065,0.6157248316992918,22.88401733641864,14.404644867210688,157.38281295464864
05/18/2023 18:40:23.018388,253,True,True,True,True,Eyes,2.559218,0.03538971,-2.423248,0.5521373,0.01524631,-0.8336138,0.0,0.0,0.0,0.0,0.0,0.0,0.0,1.612717,-0.217641,-3.164253,2.56667,0.03775526,-2.464041,-0.01448392,0.9848468,-0.04223195,0.1675813,4.492554,160.5899,357.5461,0.7342964,0.008704701,-0.6787723,0.1834767,0.01562088,-0.3817793,4.167611,0.1828182,-3.014708,-0.4515965,0.3122839,1.915,-0.9434134,-0.04268346,-0.3288605,-0.01437432,0.9960133,-0.08803847,0.3313072,-0.07832953,-0.9402659,moving,-33.51817,-1.04779,-13.2691,9.261843,-24.63844144097692,0.6817117758979567,22.722529974885916,14.243615293327954,157.53311620151348
05/18/2023 18:40:23.038615,254,True,True,True,True,Eyes,2.560059,0.03548124,-2.425833,0.548606,0.0140096,-0.8359635,0.0,0.0,0.0,0.0,0.0,0.0,0.0,1.651175,-0.23727,-3.151907,2.56926,0.03771605,-2.472787,-0.01352867,0.9857384,-0.0451233,0.1615575,4.852347,161.284,357.6273,0.7334811,0.008838371,-0.6796515,0.1724681,0.01468363,-0.3588725,4.156558,0.1836688,-3.049369,-0.4480235,0.3098132,1.914999,-0.9474323,-0.04125147,-0.3172858,-0.01209144,0.9955617,-0.09333085,0.3197277,-0.08458821,-0.9437262,moving,-33.27513,-0.9601088,-13.16779,9.189825,-24.41366760517934,0.7693484740061047,22.52390459090036,14.048992420650261,157.7197204020018
05/18/2023 18:40:23.048744,255,True,True,True,True,Eyes,2.560981,0.03560038,-2.428677,0.5448623,0.01271125,-0.8384292,0.0,0.0,0.0,0.0,0.0,0.0,0.0,1.689352,-0.2596788,-3.139106,2.572106,0.03819697,-2.481559,-0.01376674,0.9864829,-0.04930991,0.1556619,5.336267,161.9519,357.5529,0.7327214,0.008960568,-0.6804688,0.16212,0.01380261,-0.3373401,4.144656,0.183268,-3.084469,-0.4441411,0.3071283,1.915001,-0.9511598,-0.04251266,-0.3057579,-0.01180996,0.994758,-0.1015727,0.3084733,-0.09300086,-0.946676,moving,-33.01826,-0.8685827,-13.0576,9.111516,-24.176081224452304,0.8609007483742177,22.316592878334756,13.845334115464976,157.91462368520448
05/18/2023 18:40:23.068677,256,True,True,True,True,Eyes,2.561962,0.03569975,-2.431765,0.5410652,0.01197944,-0.8408954,0.0,0.0,0.0,0.0,0.0,0.0,0.0,1.722342,-0.2655091,-3.130191,2.575035,0.03899889,-2.490525,-0.01447064,0.9871885,-0.05084657,0.150546,5.510796,162.5368,357.4734,0.7320095,0.009073148,-0.6812332,0.1523928,0.01297446,-0.3170998,4.131957,0.1882491,-3.119689,-0.4402146,0.3044131,1.915001,-0.9542533,-0.04387999,-0.295763,-0.013261,0.9944105,-0.1047473,0.2987061,-0.0960333,-0.9495014,moving,-32.75882,-0.8161833,-12.94607,9.0323,-23.935349254643533,0.915887854984288,22.125498545182634,13.661639895865257,158.0965589062673
05/18/2023 18:40:23.088781,257,True,True,True,True,Eyes,2.563007,0.03578006,-2.435091,0.5371464,0.01125298,-0.8434139,0.0,0.0,0.0,0.0,0.0,0.0,0.0,1.750712,-0.2599352,-3.12423,2.577885,0.03857312,-2.499277,-0.01473149,0.9878853,-0.05022614,0.1460921,5.447351,163.0558,357.4793,0.7313377,0.009176469,-0.6819529,0.1432492,0.01219599,-0.2980738,4.11874,0.1916455,-3.154546,-0.4364066,0.3017802,1.914999,-0.9568802,-0.04378133,-0.2871647,-0.01443075,0.9945206,-0.1035396,0.2901244,-0.09493103,-0.9522689,moving,-32.49191,-0.764405,-12.83782,8.955458,-23.68764506399689,0.970464600802464,21.926216966610287,13.47140762892146,158.28709961749885
05/18/2023 18:40:23.108520,258,True,True,True,True,Eyes,2.56409,0.03586584,-2.43865,0.5330777,0.01080792,-0.8459972,0.0,0.0,0.0,0.0,0.0,0.0,0.0,1.775208,-0.2616441,-3.119656,2.580534,0.0382069,-2.508276,-0.01423032,0.9884588,-0.05025686,0.1422013,5.468961,163.5103,357.5573,0.7306999,0.009270848,-0.682635,0.1346543,0.01146423,-0.2801893,4.106299,0.1860475,-3.188467,-0.4325482,0.2991123,1.914999,-0.9591528,-0.04242536,-0.2796899,-0.01383899,0.9945434,-0.1034008,0.2825506,-0.09530652,-0.9545065,moving,-32.21575,-0.7319342,-12.72803,8.877554,-23.4309514643088,1.0071805908599127,21.728172823878662,13.28515357346167,158.4779175178468
05/18/2023 18:40:23.118388,259,True,True,True,True,Eyes,2.565224,0.03594618,-2.442448,0.528916,0.01054746,-0.8486087,0.0,0.0,0.0,0.0,0.0,0.0,0.0,1.798277,-0.2636437,-3.115606,2.58309,0.03840274,-2.517236,-0.0136937,0.9889907,-0.05019817,0.1385284,5.479933,163.9399,357.6398,0.7300899,0.009357275,-0.6832861,0.126575,0.01077637,-0.263378,4.093641,0.1853753,-3.221826,-0.4286245,0.2963984,1.915,-0.9612448,-0.04099363,-0.2726318,-0.01317813,0.9945853,-0.103085,0.2753814,-0.09549712,-0.9565802,moving,-31.93423,-0.7120994,-12.61627,8.798266,-23.169021073804306,1.0321915358384932,21.53208370323497,13.102384050568025,158.66775432467458
05/18/2023 18:40:23.138364,260,True,True,True,True,Eyes,2.566411,0.0359927,-2.44646,0.5245085,0.01061194,-0.851339,0.0,0.0,0.0,0.0,0.0,0.0,0.0,1.819927,-0.2507691,-3.113755,2.585487,0.03832133,-2.526712,-0.01357033,0.9895942,-0.04787191,0.1350096,5.225931,164.3578,357.7104,0.7295018,0.009436429,-0.6839129,0.1189805,0.01012979,-0.2475753,4.080436,0.187514,-3.254673,-0.4248722,0.2938031,1.915001,-0.9631767,-0.03978457,-0.2659102,-0.0139319,0.9950483,-0.09841178,0.2685087,-0.09108327,-0.9589615,moving,-31.63715,-0.7141551,-12.50932,8.722416,-22.89217224906816,1.0370683991175955,21.32891827154521,12.917747039339666,158.86646059271007
05/18/2023 18:40:23.148552,261,True,True,True,True,Eyes,2.567632,0.03601357,-2.450679,0.5200176,0.0106711,-0.8540889,0.0,0.0,0.0,0.0,0.0,0.0,0.0,1.840941,-0.2403564,-3.111559,2.587786,0.03750776,-2.53586,-0.01312941,0.9901559,-0.04586136,0.1315897,5.012002,164.7639,357.8098,0.7289325,0.009507838,-0.6845187,0.1118417,0.009522004,-0.2327208,4.066625,0.1831742,-3.288567,-0.4209493,0.2910912,1.915,-0.9650236,-0.03807008,-0.2593844,-0.01393055,0.9954488,-0.09427518,0.2617929,-0.08736439,-0.9611618,moving,-31.33542,-0.7158237,-12.39741,8.643129,-22.61099813681414,1.0424140547301333,21.12435131313947,12.731388388849004,159.06642711004076
05/18/2023 18:40:23.168861,262,True,True,True,True,Eyes,2.568876,0.0360218,-2.455107,0.5152296,0.01083124,-0.8569838,0.0,0.0,0.0,0.0,0.0,0.0,0.0,1.863203,-0.2404962,-3.107477,2.589869,0.03691864,-2.544993,-0.01267618,0.9906443,-0.04566514,0.1279768,5.004345,165.1855,357.8828,0.7283767,0.009571644,-0.6851091,0.1051312,0.008950684,-0.2187575,4.052816,0.1749901,-3.321874,-0.4172232,0.2885145,1.915001,-0.9669228,-0.03680331,-0.2524012,-0.01342701,0.995508,-0.09372032,0.2547166,-0.08723131,-0.9630735,moving,-31.01482,-0.7241111,-12.29102,8.56776,-22.312114546622983,1.0419962669214429,20.902620768195916,12.53233640142481,159.28425822922094
05/18/2023 18:40:23.188667,263,True,True,True,True,Eyes,2.570144,0.03599209,-2.459733,0.510368,0.01107474,-0.8598849,0.0,0.0,0.0,0.0,0.0,0.0,0.0,1.884327,-0.2351137,-3.104463,2.591849,0.03659964,-2.554336,-0.01270011,0.991122,-0.0448151,0.1245303,4.914631,165.5874,357.9099,0.7278314,0.009628123,-0.6856877,0.09882329,0.008413644,-0.2056321,4.038586,0.1683484,-3.355083,-0.4133934,0.2858664,1.915002,-0.968662,-0.03633639,-0.2457111,-0.01401304,0.9956606,-0.09199754,0.2479877,-0.08567134,-0.9649678,moving,-30.69043,-0.7378902,-12.18158,8.490269,-22.009594158482933,1.0365248144928283,20.681790312810072,12.334835413669813,159.50148919989365
05/18/2023 18:40:23.198615,264,True,True,True,True,Eyes,2.571401,0.03592155,-2.464544,0.50525,0.0111531,-0.8629009,0.0,0.0,0.0,0.0,0.0,0.0,0.0,1.9063,-0.2269782,-3.10093,2.593759,0.03564293,-2.563671,-0.01265151,0.9916248,-0.04354504,0.1209306,4.778321,166.0085,357.9514,0.7272919,0.009677006,-0.6862592,0.0928939,0.007908825,-0.1932941,4.023572,0.1615457,-3.388235,-0.4093303,0.283056,1.915002,-0.9704317,-0.03562295,-0.2387337,-0.01455924,0.9958875,-0.0894206,0.2409374,-0.08330078,-0.9669595,moving,-30.35004,-0.7405139,-12.06537,8.407998,-21.69237959915374,1.0418615080542846,20.445645673182874,12.121851370156811,159.7330865958005
05/18/2023 18:40:23.224334,265,True,True,True,True,Eyes,2.572675,0.0358273,-2.469531,0.5000792,0.01115991,-0.8659078,0.0,0.0,0.0,0.0,0.0,0.0,0.0,1.928038,-0.2300177,-3.096129,2.595417,0.03459018,-2.572716,-0.01241738,0.9920308,-0.04410767,0.117369,4.852879,166.4199,357.9875,0.726756,0.009717806,-0.6868262,0.08732026,0.007434295,-0.1816965,4.007546,0.1538469,-3.42244,-0.4055539,0.2804449,1.915002,-0.9721408,-0.03499057,-0.2317718,-0.01428309,0.9958006,-0.09042714,0.2339626,-0.08459749,-0.9685583,moving,-30.0073,-0.7383931,-11.95728,8.33153,-21.37306644697801,1.0516930235134312,20.200661549570935,11.90180914060194,159.97358422102772
05/18/2023 18:40:23.238757,266,True,True,True,True,Eyes,2.573919,0.03570041,-2.4747,0.4946652,0.01105155,-0.8690134,0.0,0.0,0.0,0.0,0.0,0.0,0.0,1.949429,-0.2338519,-3.09154,2.597171,0.0339423,-2.581886,-0.01239691,0.9924008,-0.04490305,0.1138887,4.95078,166.82,357.9963,0.7262214,0.009750611,-0.6873908,0.08208104,0.006988238,-0.1707947,3.990728,0.1469324,-3.457071,-0.4016655,0.2777562,1.915,-0.9737512,-0.0348333,-0.2249332,-0.0143775,0.9956601,-0.0919474,0.2271598,-0.08629993,-0.9700261,moving,-29.64967,-0.7286112,-11.84589,8.252765,-21.040026319988108,1.0690364827781829,19.940905213513414,11.667823193709719,160.22833547582752
05/18/2023 18:40:23.258677,267,True,True,True,True,Eyes,2.575165,0.03552575,-2.480037,0.4892589,0.01099588,-0.8720692,0.0,0.0,0.0,0.0,0.0,0.0,0.0,1.968449,-0.2310823,-3.088725,2.598688,0.03298238,-2.591165,-0.01223096,0.9927806,-0.04446041,0.1107274,4.908818,167.1877,358.0368,0.7256848,0.009775337,-0.687957,0.07715618,0.006568943,-0.160547,3.972929,0.1468789,-3.491566,-0.3977633,0.2750584,1.914999,-0.97518,-0.03413129,-0.2187685,-0.01443934,0.9957473,-0.09098747,0.2209437,-0.08557026,-0.9715257,moving,-29.29383,-0.7224016,-11.73402,8.173701,-20.708585493969792,1.082995161757863,19.68470392730931,11.43769798036451,160.47981746881294
05/18/2023 18:40:23.273419,268,True,True,True,True,Eyes,2.576383,0.03529955,-2.485534,0.4836194,0.01078719,-0.8752119,0.0,0.0,0.0,0.0,0.0,0.0,0.0,1.98449,-0.2265143,-3.087775,2.600032,0.03165221,-2.600519,-0.01203375,0.9931148,-0.0437195,0.1080131,4.832172,167.5047,358.0822,0.7251435,0.00979145,-0.6885275,0.07252681,0.006174807,-0.1509142,3.955142,0.1405349,-3.525521,-0.3939691,0.2724346,1.915,-0.9763766,-0.03334633,-0.2134866,-0.01445722,0.9958876,-0.08943657,0.215591,-0.08423737,-0.9728434,moving,-28.9239,-0.7061479,-11.62515,8.096768,-20.36420884305958,1.106678044070501,19.409741881461812,11.190733088338954,160.74963715293822
05/18/2023 18:40:23.288802,269,True,True,True,True,Eyes,2.57759,0.03505341,-2.491205,0.4780045,0.01055543,-0.878294,0.0,0.0,0.0,0.0,0.0,0.0,0.0,2.000348,-0.2271765,-3.086218,2.601225,0.03021558,-2.609685,-0.01201666,0.9933874,-0.0440587,0.1053385,4.876201,167.8128,358.093,0.7245964,0.009798327,-0.6891031,0.0681752,0.005804318,-0.1418593,3.937048,0.1353479,-3.559316,-0.3900906,0.2697515,1.915001,-0.9775191,-0.03315655,-0.208225,-0.01459224,0.9958289,-0.09006634,0.2103427,-0.08500307,-0.9739255,moving,-28.55689,-0.6885536,-11.51377,8.018064,-20.02257868183814,1.131548928595095,19.1382634888077,10.946411056269131,161.01592488652187
05/18/2023 18:40:23.298381,270,True,True,True,True,Eyes,2.606571,0.02814256,-2.637416,0.3253939,0.004637871,-0.9455673,1.905261,3.226531,0.03697891,-4.438968,0.2209277,0.1306519,0.9664993,-0.241584,0.1633048,1.901366,2.602221,0.02949661,-2.619517,-0.01256365,0.9936271,-0.04453544,0.1027819,4.928965,168.104,358.0373,0.7240407,0.009796339,-0.689687,0.06408469,0.005456059,-0.1333478,3.918587,0.1346763,-3.592408,-0.3861679,0.2670394,1.915001,-0.9785562,-0.03412203,-0.2031347,-0.01581229,0.9957175,-0.09108585,0.2053728,-0.08592059,-0.9749051,moving,-18.98965,-0.2810253,-11.40104,7.938482,-11.115960780358888,1.7320335977683576,11.18692549304112,6.212992188232244,168.95291034490674
05/18/2023 18:40:23.318432,271,True,True,True,True,Eyes,2.606605,0.02807443,-2.637789,0.3252299,0.00468736,-0.9456234,0.0,0.0,0.0,0.0,0.0,0.0,0.0,2.028376,-0.2180116,-3.086979,2.603208,0.02846881,-2.629406,-0.01362831,0.9938675,-0.04399653,0.1005296,4.859541,168.3607,357.9332,0.721641,0.009545611,-0.6922009,0.1471832,-0.01560388,-0.5639803,3.900283,0.1267851,-3.624566,-0.3822467,0.2643281,1.915001,-0.9794164,-0.03593536,-0.198627,-0.01824355,0.9957572,-0.09019352,0.2010254,-0.08471333,-0.9759164,moving,-18.97972,-0.2840071,-11.28825,7.858892,-11.106651104209176,1.72946985354666,11.201139072151584,6.1321117087333885,168.9343006610681
05/18/2023 18:40:23.341629,272,True,True,True,True,Eyes,2.606622,0.02795656,-2.63855,0.3246529,0.004610083,-0.9458219,0.0,0.0,0.0,0.0,0.0,0.0,0.0,2.040525,-0.2092763,-3.088256,2.604094,0.02675403,-2.638721,-0.01462343,0.9940838,-0.04354177,0.09842637,4.80068,168.6001,357.835,0.7196178,0.009332176,-0.6943069,0.1383522,-0.01466764,-0.5301415,3.882603,0.1078606,-3.656199,-0.3784986,0.261736,1.915001,-0.9801968,-0.03764515,-0.1944146,-0.02050252,0.9957805,-0.089447,0.1969616,-0.08368967,-0.9768328,moving,-18.94476,-0.2792663,-11.18037,7.782774,-11.0741675151964,1.7347077550594303,11.192955189355672,6.048998617206651,168.93812485052536
05/18/2023 18:40:23.350686,273,True,True,True,True,Eyes,2.606661,0.02780954,-2.639671,0.3239482,0.004568277,-0.9460638,0.0,0.0,0.0,0.0,0.0,0.0,0.0,2.052154,-0.2078064,-3.089767,2.604956,0.02544443,-2.648532,-0.01558021,0.9942357,-0.04424125,0.09641374,4.874194,168.8256,357.7273,0.7179023,0.009148228,-0.696083,0.1300511,-0.01378758,-0.498333,3.865002,0.1075177,-3.687052,-0.3745643,0.259015,1.915001,-0.9809236,-0.03951172,-0.1903374,-0.02244987,0.9955999,-0.09097674,0.1930945,-0.08496816,-0.9774945,moving,-18.90207,-0.2766631,-11.06704,7.702844,-11.034440340146082,1.7381217492606773,11.183033070676773,5.964811335347277,168.94369655411424
05/18/2023 18:40:23.374109,274,True,True,True,True,Eyes,2.606668,0.0276344,-2.641157,0.3232636,0.004677965,-0.9462975,0.0,0.0,0.0,0.0,0.0,0.0,0.0,2.062978,-0.2019033,-3.091799,2.605514,0.02459192,-2.658299,-0.0163637,0.9944225,-0.04394988,0.0944709,4.836791,169.047,357.6505,0.7163899,0.008983224,-0.6976416,0.122248,-0.01296033,-0.4684331,3.849906,0.1262641,-3.713426,-0.3707771,0.2563962,1.915001,-0.9816151,-0.04084882,-0.1864496,-0.02424088,0.9956013,-0.09050128,0.1893263,-0.08431771,-0.9782875,moving,-18.86062,-0.283236,-10.95786,7.625882,-10.995692442021229,1.7329181953717838,11.18068706097814,5.893085244278039,168.94232894710285
05/18/2023 18:40:23.388844,275,True,True,True,True,Eyes,2.606678,0.02742709,-2.642984,0.3224168,0.004912241,-0.9465851,0.0,0.0,0.0,0.0,0.0,0.0,0.0,2.074188,-0.1922311,-3.093862,2.605866,0.02370457,-2.668349,-0.01652861,0.9946769,-0.04251565,0.09239815,4.676184,169.2901,357.6574,0.7150061,0.008829724,-0.6990618,0.1149132,-0.01218271,-0.4403271,3.833747,0.133724,-3.740177,-0.3668772,0.2536997,1.915001,-0.9823791,-0.04073797,-0.1824071,-0.0250245,0.9958384,-0.08763309,0.185218,-0.08152423,-0.9793103,moving,-18.80938,-0.2973301,-10.84535,7.546609,-10.947678191726691,1.720898650044135,11.178244694289386,5.826608974386813,168.94135965532863
05/18/2023 18:40:23.399121,276,True,True,True,True,Eyes,2.606645,0.02716298,-2.645149,0.3214465,0.005291027,-0.9469129,0.0,0.0,0.0,0.0,0.0,0.0,0.0,2.087612,-0.1820216,-3.09419,2.605989,0.02269642,-2.678352,-0.01636095,0.9949791,-0.04076487,0.08992983,4.483828,169.5811,357.7069,0.7137341,0.008685701,-0.7003621,0.1080184,-0.01145175,-0.4139074,3.817171,0.1172449,-3.767806,-0.3630105,0.2510254,1.915002,-0.9832901,-0.03988956,-0.1776227,-0.02522565,0.996141,-0.08406305,0.1802905,-0.07817771,-0.9805019,moving,-18.7507,-0.320146,-10.73371,7.46796,-10.892564199174492,1.7008855096486213,11.177062392567018,5.769261896799016,168.93961639619414
05/18/2023 18:40:23.423605,277,True,True,True,True,Eyes,2.606606,0.02692281,-2.647619,0.3203078,0.005648097,-0.9472967,0.0,0.0,0.0,0.0,0.0,0.0,0.0,2.102151,-0.1692045,-3.093834,2.606015,0.02104244,-2.688442,-0.01548594,0.9953373,-0.03811331,0.08724272,4.196032,169.9026,357.8464,0.7125584,0.008548664,-0.70156,0.1015373,-0.01076464,-0.389073,3.801587,0.1219533,-3.795889,-0.3592044,0.2483941,1.915001,-0.984298,-0.03747768,-0.1724914,-0.02417724,0.9966151,-0.07857326,0.1748523,-0.07316912,-0.9818724,moving,-18.68185,-0.3416124,-10.62375,7.39055,-10.828000035778333,1.6823683724467489,11.167780038574085,5.711834693883564,168.94606325081153
05/18/2023 18:40:23.438655,278,True,True,True,True,Eyes,2.60655,0.02687989,-2.650395,0.3189354,0.005808474,-0.9477587,0.0,0.0,0.0,0.0,0.0,0.0,0.0,2.117443,-0.1726523,-3.091598,2.605868,0.02137278,-2.698212,-0.01462849,0.9955951,-0.03794736,0.08447807,4.19142,170.2252,357.9579,0.7114651,0.008418494,-0.7026703,0.09544503,-0.01011876,-0.3657286,3.785954,0.1487796,-3.820724,-0.3552611,0.2456672,1.915,-0.9852989,-0.03553955,-0.1671017,-0.02271667,0.996692,-0.07803198,0.1693221,-0.07308882,-0.982847,moving,-18.59888,-0.351141,-10.50974,7.310304,-10.75050843972314,1.6753486968970663,11.141450777507615,5.640096693278813,168.96904467028844
05/18/2023 18:40:23.448291,279,True,True,True,True,Eyes,2.606481,0.02688428,-2.653517,0.3174181,0.006693096,-0.9482621,0.0,0.0,0.0,0.0,0.0,0.0,0.0,2.134699,-0.1828326,-3.087962,2.605834,0.02610762,-2.708287,-0.01525202,0.9957784,-0.03939894,0.08148934,4.357502,170.5628,357.8851,0.7104419,0.00829979,-0.7037061,0.08971833,-0.009511638,-0.3437849,3.768573,0.2000979,-3.845176,-0.3514566,0.2430362,1.915,-0.9862537,-0.03679645,-0.1610888,-0.02395408,0.9964302,-0.08095097,0.1634925,-0.07597946,-0.9836144,moving,-18.50728,-0.4044028,-10.39966,7.232846,-10.664136334710792,1.6275907353730363,11.138270570313034,5.611491273560919,168.9708019477733
05/18/2023 18:40:23.468308,280,True,True,True,True,Eyes,2.606355,0.02671496,-2.656919,0.3156868,0.008173392,-0.9488282,0.0,0.0,0.0,0.0,0.0,0.0,0.0,2.146604,-0.1243204,-3.092332,2.60547,0.02709449,-2.719684,-0.01669325,0.9962665,-0.03031487,0.0790913,3.311407,170.8587,357.8153,0.7094772,0.008192617,-0.70468,0.08433523,-0.00894094,-0.3231578,3.754104,0.2203456,-3.865374,-0.3476893,0.2404315,1.915001,-0.9869319,-0.03805713,-0.1565799,-0.02846657,0.9976046,-0.06304395,0.1586041,-0.05776279,-0.9856512,moving,-18.40292,-0.4935448,-10.29058,7.156136,-10.565186243012588,1.546539727592225,11.150232132896996,5.616313642249041,168.9588951430047
05/18/2023 18:40:23.488417,281,True,True,True,True,Eyes,2.606216,0.02668883,-2.660506,0.313665,0.008449473,-0.9494962,0.0,0.0,0.0,0.0,0.0,0.0,0.0,2.15723,-0.06683937,-3.094856,2.604711,0.02261682,-2.729689,-0.01672502,0.9966778,-0.02124101,0.07682858,2.279309,171.1424,357.9007,0.7085615,0.008091215,-0.7056019,0.07927512,-0.008404483,-0.3037683,3.73553,0.175395,-3.895857,-0.3437762,0.2377249,1.915002,-0.9876355,-0.03660274,-0.1524362,-0.03007508,0.9985382,-0.04491079,0.1538572,-0.03977096,-0.9872925,moving,-18.28091,-0.5098561,-10.17719,7.076395,-10.451188280913408,1.5340649454898274,11.100517266805687,5.549098799901677,169.00574638967265
05/18/2023 18:40:23.508358,282,True,True,True,True,Eyes,2.606075,0.02676051,-2.664438,0.3112637,0.00884044,-0.9502825,0.0,0.0,0.0,0.0,0.0,0.0,0.0,2.187386,-0.1453702,-3.077795,2.604341,0.02630036,-2.73776,-0.01920094,0.9965605,-0.03622457,0.07201671,3.9815,171.6465,357.5015,0.7076868,0.007998774,-0.7064802,0.07451861,-0.007900214,-0.2855422,3.718432,0.1579017,-3.923446,-0.339901,0.2350449,1.915001,-0.9888898,-0.04348735,-0.1421469,-0.03305225,0.9966382,-0.07496551,0.1449291,-0.06943436,-0.9870027,moving,-18.13614,-0.533005,-10.06483,6.997414,-10.31585206748923,1.515710969306261,11.038716203964164,5.487447511829474,169.065075186543
05/18/2023 18:40:23.518730,283,True,True,True,True,Eyes,2.605893,0.02680676,-2.668605,0.3085905,0.01008116,-0.9511415,0.0,0.0,0.0,0.0,0.0,0.0,0.0,2.215326,-0.1068487,-3.070401,2.604511,0.02869894,-2.749936,-0.02311585,0.9969413,-0.03252823,0.06720024,3.540306,172.1979,357.102,0.7068449,0.007916995,-0.7073236,0.07004749,-0.007426201,-0.2684097,3.700327,0.1754817,-3.947707,-0.335945,0.2323097,1.915001,-0.9898996,-0.05046209,-0.1324855,-0.04171847,0.9968151,-0.06796424,0.1354932,-0.06175068,-0.988852,moving,-17.97525,-0.6072561,-9.950045,6.916784,-10.164514978401124,1.4498925263446898,11.000686102168038,5.471096759915739,169.10251144488896
05/18/2023 18:40:23.538885,284,True,True,True,True,Eyes,2.60572,0.02690758,-2.672936,0.3055298,0.01041304,-0.9521255,0.0,0.0,0.0,0.0,0.0,0.0,0.0,2.239662,-0.04130168,-3.062196,2.603439,0.0279404,-2.759739,-0.02291837,0.9975469,-0.02135449,0.06260321,2.277229,172.7628,357.2237,0.706028,0.007844042,-0.7081397,0.06584464,-0.006980629,-0.2523051,3.680728,0.1666885,-3.973563,-0.3323023,0.2297904,1.914999,-0.9911112,-0.048398,-0.1239205,-0.04305056,0.9980375,-0.04547373,0.1258781,-0.03973468,-0.9912496,moving,-17.79104,-0.6265976,-9.844285,6.842494,-9.992502944872198,1.436005316540383,10.90588118215193,5.408519986425033,169.19501366240968
05/18/2023 18:40:23.558466,285,True,True,True,True,Eyes,2.605556,0.02711188,-2.677539,0.3022694,0.01092005,-0.95316,0.0,0.0,0.0,0.0,0.0,0.0,0.0,2.280231,-0.09468828,-3.03861,2.603567,0.02950703,-2.768059,-0.02180814,0.9977539,-0.02954214,0.05602476,3.239394,173.4963,357.3116,0.705232,0.007780491,-0.7089331,0.06189396,-0.006561791,-0.2371668,3.657943,0.1552309,-4.001987,-0.3283672,0.2270699,1.915,-0.9927711,-0.04682849,-0.1105093,-0.04020812,0.9973033,-0.06139515,0.1130864,-0.05650797,-0.9919769,moving,-17.59504,-0.6563908,-9.729947,6.762238,-9.809304780718604,1.412604847697087,10.811833386194891,5.3502217263940555,169.28691616550043
05/18/2023 18:40:23.568448,286,True,True,True,True,Eyes,2.605376,0.02733238,-2.682352,0.2988849,0.01183981,-0.9542157,0.0,0.0,0.0,0.0,0.0,0.0,0.0,2.304141,-0.08292205,-3.031187,2.603662,0.0321512,-2.779198,-0.02165988,0.998053,-0.02701619,0.05187794,2.962356,173.9807,357.3577,0.7044517,0.007728161,-0.709709,0.05818032,-0.006168084,-0.2229368,3.634049,0.1529896,-4.029325,-0.3245725,0.2244457,1.915001,-0.9936792,-0.04603851,-0.1023835,-0.04043233,0.997602,-0.05617451,0.1047242,-0.05167982,-0.9931577,moving,-17.3919,-0.7108839,-9.619615,6.684794,-9.61897974130535,1.3662478377546152,10.728674928516261,5.318546200183723,169.36895593167574
05/18/2023 18:40:23.588510,287,True,True,True,True,Eyes,2.605175,0.02753692,-2.687328,0.2952719,0.01235957,-0.9553334,0.0,0.0,0.0,0.0,0.0,0.0,0.0,2.323303,-0.03487041,-3.02601,2.603033,0.0326445,-2.789058,-0.022162,0.9984039,-0.0191571,0.04828481,2.069566,174.4147,357.3558,0.7036822,0.007686296,-0.7104725,0.0546895,-0.005797999,-0.2095606,3.609083,0.1476754,-4.056767,-0.3206498,0.2217328,1.915001,-0.9943548,-0.04610325,-0.09556638,-0.04240326,0.9982837,-0.04039322,0.09726461,-0.03611287,-0.9946031,moving,-17.17519,-0.7412193,-9.505486,6.604712,-9.416474274206148,1.3428139655870075,10.620125522419013,5.26265085407422,169.47543880415378
05/18/2023 18:40:23.608566,288,True,True,True,True,Eyes,2.604974,0.02776218,-2.692513,0.2914601,0.01247251,-0.9565017,0.0,0.0,0.0,0.0,0.0,0.0,0.0,2.351582,-0.06091027,-3.011367,2.602383,0.0323944,-2.797951,-0.02187579,0.9985378,-0.0235563,0.04346056,2.587339,174.9564,357.376,0.7029207,0.007653426,-0.7112262,0.05140813,-0.005450119,-0.196987,3.581683,0.1490426,-4.085047,-0.3165504,0.2188981,1.915001,-0.9952654,-0.04573514,-0.08576339,-0.04164006,0.9979331,-0.04894518,0.08782464,-0.04514225,-0.9951126,moving,-16.94675,-0.7470782,-9.386137,6.521008,-9.203508949524046,1.3425595162518065,10.487513811499818,5.181667849607365,169.60504571814315
05/18/2023 18:40:23.618683,289,True,True,True,True,Eyes,2.604743,0.02796134,-2.697856,0.2875096,0.01265005,-0.9576942,0.0,0.0,0.0,0.0,0.0,0.0,0.0,2.379195,-0.07460018,-2.998762,2.602215,0.03302562,-2.808218,-0.02144398,0.998692,-0.02554537,0.03875262,2.829379,175.4922,357.4285,0.7021636,0.007629161,-0.7119738,0.04832365,-0.005123112,-0.1851677,3.555822,0.1509657,-4.111145,-0.3128423,0.2163342,1.915001,-0.9960768,-0.04481176,-0.07630827,-0.04085197,0.9977752,-0.05268594,0.07849945,-0.0493619,-0.9956914,moving,-16.7103,-0.7567677,-9.278111,6.445273,-8.983006650748377,1.3389028605784603,10.349242657130882,5.114890280125585,169.7408197437665
05/18/2023 18:40:23.638528,290,True,True,True,True,Eyes,2.604527,0.02813352,-2.703302,0.2834204,0.01220125,-0.9589182,0.0,0.0,0.0,0.0,0.0,0.0,0.0,2.400175,-0.07468937,-2.989781,2.601306,0.03286953,-2.817327,-0.02001058,0.9988896,-0.02442799,0.03496766,2.716968,175.9335,357.6082,0.7014078,0.007611895,-0.7127187,0.04542423,-0.004815725,-0.1740577,3.528875,0.1335544,-4.137438,-0.3090148,0.2136873,1.915002,-0.9967539,-0.0416851,-0.06888003,-0.03826834,0.9980057,-0.05020116,0.07083528,-0.04740226,-0.9963611,moving,-16.46571,-0.7289906,-9.166532,6.367063,-8.755638853578667,1.3705026439232029,10.179979183169138,5.013426828995743,169.90632692117336
05/18/2023 18:40:23.648478,291,True,True,True,True,Eyes,2.604266,0.02833423,-2.70889,0.2791742,0.01138908,-0.960173,0.0,0.0,0.0,0.0,0.0,0.0,0.0,2.423042,-0.1137603,-2.976784,2.600343,0.03250935,-2.825328,-0.01853111,0.9988967,-0.03003219,0.03099151,3.373776,176.3801,357.7678,0.7006514,0.007600181,-0.7134624,0.04269877,-0.004526782,-0.1636142,3.504267,0.1163066,-4.162024,-0.3050315,0.2109329,1.915002,-0.9973924,-0.0388828,-0.06080156,-0.03515983,0.9975094,-0.06114671,0.06302768,-0.05884948,-0.9962754,moving,-16.21201,-0.6795812,-9.05034,6.285654,-8.52019784070758,1.42255959643962,9.990196123210946,4.891905343217458,170.0916839221706
05/18/2023 18:40:23.668627,292,True,True,True,True,Eyes,2.604025,0.02855615,-2.714588,0.2747464,0.01048544,-0.9614595,0.0,0.0,0.0,0.0,0.0,0.0,0.0,2.446993,-0.1412364,-2.963476,2.599085,0.03347819,-2.834352,-0.01861638,0.9988637,-0.03476741,0.0267638,3.925499,176.8535,357.7567,0.699893,0.007594214,-0.7142065,0.04013685,-0.004255175,-0.1537974,3.482397,0.10815,-4.183904,-0.3013186,0.2083652,1.915001,-0.9978744,-0.03905145,-0.05217228,-0.03532942,0.9968893,-0.07045228,0.05476126,-0.0684593,-0.99615,moving,-15.9478,-0.624829,-8.941974,6.209745,-8.275066498450274,1.4798582086763354,9.78738983098926,4.77667192450574,170.29025937505926
05/18/2023 18:40:23.688643,293,True,True,True,True,Eyes,2.603735,0.02883328,-2.720404,0.2701382,0.009486468,-0.9627749,0.0,0.0,0.0,0.0,0.0,0.0,0.0,2.469844,-0.1448113,-2.951174,2.59777,0.03424646,-2.8427,-0.01909059,0.9989215,-0.03576007,0.02264574,4.047207,177.3219,357.7156,0.6991309,0.00759395,-0.7149525,0.03772864,-0.003999865,-0.1445695,3.460815,0.09273802,-4.204856,-0.2973974,0.205653,1.914999,-0.9982455,-0.03975963,-0.04387726,-0.03652037,0.9967135,-0.07230763,0.04660798,-0.07057834,-0.9964167,moving,-15.67321,-0.5645317,-8.827461,6.129539,-8.020369839216237,1.5425848646337554,9.574699050497593,4.657418209885041,170.49857148188957
05/18/2023 18:40:23.708640,294,True,True,True,True,Eyes,2.603448,0.02916205,-2.726347,0.2653087,0.008661871,-0.9641246,0.0,0.0,0.0,0.0,0.0,0.0,0.0,2.495597,-0.1497101,-2.936417,2.596405,0.0358792,-2.851378,-0.0202611,0.9989294,-0.0374717,0.01804844,4.251339,177.8406,357.5959,0.698364,0.007600265,-0.7157015,0.03546492,-0.003759873,-0.1358953,3.439619,0.07448663,-4.225314,-0.2935196,0.202972,1.915,-0.9985278,-0.04183143,-0.03453979,-0.0391262,0.9963707,-0.07559453,0.03757666,-0.07413182,-0.9965405,moving,-15.38589,-0.5147418,-8.71413,6.050224,-7.753610119248616,1.5957676438264083,9.360083196893585,4.556838802324915,170.7093242310367
05/18/2023 18:40:23.718868,295,True,True,True,True,Eyes,2.603101,0.0295199,-2.732409,0.2603264,0.008075275,-0.9654869,0.0,0.0,0.0,0.0,0.0,0.0,0.0,2.521121,-0.1383837,-2.92293,2.595352,0.03744686,-2.860326,-0.02177053,0.9989984,-0.03669629,0.01348456,4.170916,178.3602,357.4435,0.6975915,0.007613828,-0.7164543,0.03333702,-0.00353428,-0.1277416,3.420838,0.06700997,-4.244124,-0.289689,0.2003231,1.915001,-0.9986883,-0.04448711,-0.02534431,-0.04250778,0.9963588,-0.07390618,0.02853991,-0.07273192,-0.9969431,moving,-15.08994,-0.4792073,-8.602115,5.971837,-7.478535649361421,1.6358044214425778,9.149199188518496,4.47924202064286,170.916915666576
05/18/2023 18:40:23.738886,296,True,True,True,True,Eyes,2.602746,0.02987242,-2.738569,0.2550595,0.007623912,-0.9668953,0.0,0.0,0.0,0.0,0.0,0.0,0.0,2.544188,-0.1203671,-2.910955,2.593624,0.0384581,-2.869263,-0.0224125,0.999126,-0.03407979,0.009161051,3.881282,178.8609,357.3913,0.6968108,0.007634672,-0.7172133,0.0313368,-0.003322224,-0.1200771,3.404098,0.06584319,-4.261265,-0.2857993,0.1976334,1.915002,-0.9988278,-0.04541023,-0.01677846,-0.04416141,0.9966725,-0.06851064,0.01983371,-0.06768935,-0.9975095,moving,-14.77755,-0.4517645,-8.488305,5.89222,-7.18798762664065,1.6686434379380244,8.93312610491228,4.4192108172228455,171.12999470372654
05/18/2023 18:40:23.753411,297,True,True,True,True,Eyes,2.602315,0.03020363,-2.744823,0.2495826,0.007105854,-0.9683274,0.0,0.0,0.0,0.0,0.0,0.0,0.0,2.570888,-0.1167449,-2.894366,2.591864,0.03868157,-2.877706,-0.02267745,0.9991626,-0.03379652,0.004241652,3.861452,179.4252,357.3802,0.696022,0.007661884,-0.7179787,0.02945659,-0.00312289,-0.1128725,3.389354,0.06156505,-4.277457,-0.2819512,0.1949722,1.915002,-0.9989358,-0.04560361,-0.006943361,-0.0450302,0.9966871,-0.06772881,0.01000904,-0.06734406,-0.9976797,moving,-14.45319,-0.4204447,-8.375649,5.813427,-6.886360761883857,1.7053854963451034,8.706185213900627,4.369666400532456,171.35399327212497
05/18/2023 18:40:23.768790,298,True,True,True,True,Eyes,2.601841,0.03052763,-2.751148,0.2420561,0.006764877,-0.9702387,0.0,0.0,0.0,0.0,0.0,0.0,0.0,2.599942,-0.1221609,-2.874625,2.589694,0.03852104,-2.886191,-0.02240153,0.9991466,-0.0346868,-0.001152703,3.977574,180.043,357.4327,0.6952238,0.007694229,-0.7187513,0.0276892,-0.002935517,-0.1061001,3.375284,0.05823241,-4.293083,-0.2781528,0.1923458,1.915001,-0.9989936,-0.04468485,0.003857512,-0.04484478,0.99659,-0.06926274,-0.0007493626,-0.06936602,-0.997591,moving,-14.00825,-0.3994817,-8.264383,5.735643,-6.472182645008047,1.735193662408702,8.404270533379984,4.3835575751971065,171.65351627425787
05/18/2023 18:40:23.788505,299,True,True,True,True,Eyes,2.601283,0.03084636,-2.757558,0.2343685,0.006274639,-0.9721276,0.0,0.0,0.0,0.0,0.0,0.0,0.0,2.629932,-0.1337795,-2.85281,2.587403,0.03866261,-2.894274,-0.02175183,0.9990821,-0.03628208,-0.006740666,4.174298,180.6831,357.5304,0.6944149,0.00773102,-0.7195325,0.02602785,-0.002759386,-0.09973414,3.361111,0.06345527,-4.308878,-0.2741671,0.1895897,1.915001,-0.9989628,-0.0429746,0.01504736,-0.04395286,0.9964209,-0.07220431,-0.01189055,-0.07279079,-0.9972762,moving,-13.55467,-0.3698129,-8.147562,5.653995,-6.050121148327493,1.7733485674968472,8.09463269949702,4.411198800820944,171.9605476568649
05/18/2023 18:40:23.808597,300,True,True,True,True,Eyes,2.584811,0.03796271,-2.919717,0.0327497,-0.01074855,-0.9994057,0.0,0.0,0.0,0.0,0.0,0.0,0.0,2.661153,-0.1444302,-2.829529,2.584922,0.03889219,-2.902669,-0.02161102,0.9989583,-0.03817055,-0.01259357,4.40499,181.3512,357.5733,0.6935949,0.007771619,-0.7203225,0.0,0.0,0.0,3.347355,0.06655452,-4.323997,-0.2702923,0.1869102,1.915,-0.9987489,-0.0422156,0.0268107,-0.04413841,0.9961519,-0.07571724,-0.02351109,-0.07680588,-0.9967689,moving,-1.876863,0.6161891,-8.033933,5.574595,4.811951166217222,2.963622845884197,7.90539689415116,13.108543610998074,172.1367753703403
05/18/2023 18:40:23.824305,301,True,True,True,True,Eyes,2.584693,0.03795259,-2.920041,0.03225,-0.01102368,-0.999419,0.0,0.0,0.0,0.0,0.0,0.0,0.0,2.692911,-0.1493854,-2.805332,2.582396,0.0384204,-2.910965,-0.02162192,0.9988188,-0.03934298,-0.01859996,4.553926,182.0383,357.6008,0.6905721,0.007968612,-0.7232189,-0.04941487,0.02134905,-0.4864755,3.332671,0.06299458,-4.339322,-0.2663012,0.1841503,1.915,-0.9983734,-0.04172921,0.03885731,-0.04465632,0.9959692,-0.07778869,-0.03545463,-0.07939735,-0.9962126,moving,-1.848221,0.6319516,-7.916816,5.49279,4.83833631433225,2.9790328178705883,7.775319622043814,13.000495595650289,172.2649857674367
05/18/2023 18:40:23.839112,302,True,True,True,True,Eyes,2.584436,0.03794172,-2.920666,0.03124525,-0.01157677,-0.9994447,0.0,0.0,0.0,0.0,0.0,0.0,0.0,2.72616,-0.1649902,-2.777983,2.579553,0.0382274,-2.919041,-0.02193745,0.9985386,-0.04264882,-0.02491379,4.948832,182.7549,357.602,0.6878357,0.008145484,-0.7258199,-0.04644998,0.02006811,-0.4572869,3.318578,0.06288777,-4.354431,-0.2626061,0.1815947,1.915001,-0.9977963,-0.04168569,0.05162597,-0.04593585,0.9953997,-0.08407989,-0.04788354,-0.08626607,-0.9951209,moving,-1.790633,0.6636391,-7.808327,5.417015,4.891386748944599,3.010011827199268,7.668586800991224,12.92580340168476,172.36996938361892
05/18/2023 18:40:23.848541,303,True,True,True,True,Eyes,2.584061,0.03793523,-2.921592,0.02978563,-0.01224043,-0.9994814,0.0,0.0,0.0,0.0,0.0,0.0,0.0,2.759305,-0.1753875,-2.750165,2.576744,0.03826479,-2.926919,-0.02274456,0.9982171,-0.04548889,-0.03124424,5.292305,183.4723,357.55,0.6853532,0.008304218,-0.7281627,-0.04366298,0.01886402,-0.4298497,3.303516,0.06343215,-4.369651,-0.2586124,0.1788333,1.915002,-0.997013,-0.04256549,0.06444632,-0.04825054,0.9948269,-0.08939431,-0.06030782,-0.09223685,-0.9939091,moving,-1.706971,0.7016541,-7.691007,5.335117,4.968610637030926,3.047510518688396,7.568200928554448,12.864643878831757,172.46849473000492
05/18/2023 18:40:23.868669,304,True,True,True,True,Eyes,2.583595,0.03794673,-2.922812,0.02784553,-0.01298517,-0.9995279,0.0,0.0,0.0,0.0,0.0,0.0,0.0,2.791133,-0.1796754,-2.723387,2.573634,0.03839164,-2.935041,-0.0233039,0.9979197,-0.04701126,-0.03745982,5.48429,184.1809,357.5248,0.6830952,0.008446734,-0.7302797,-0.0410432,0.01773218,-0.4040587,3.288717,0.05701572,-4.38437,-0.2548789,0.1762516,1.915002,-0.9961078,-0.04298877,0.07695488,-0.0500329,0.9944938,-0.092081,-0.07257269,-0.09557284,-0.9927737,moving,-1.595772,0.7443048,-7.581275,5.258535,5.071403624096105,3.089978799054134,7.496967417669697,12.837169172419566,172.53800277490132
05/18/2023 18:40:23.888548,305,True,True,True,True,Eyes,2.583009,0.03796874,-2.924324,0.02547624,-0.01368786,-0.9995817,0.0,0.0,0.0,0.0,0.0,0.0,0.0,2.823859,-0.1818024,-2.695209,2.570479,0.03884812,-2.943212,-0.02399073,0.9975825,-0.04824449,-0.04389044,5.644833,184.9145,357.4872,0.6810359,0.008575066,-0.7321991,-0.03858061,0.01666825,-0.3798152,3.274107,0.05024409,-4.398985,-0.2510097,0.173576,1.915,-0.9949965,-0.0436305,0.08988348,-0.05210039,0.9941939,-0.09414978,-0.0852538,-0.09836163,-0.9914925,moving,-1.459976,0.7845358,-7.467504,5.179148,5.197161727151135,3.1307452537083336,7.4433197606426145,12.82925219143703,172.58991264970825
05/18/2023 18:40:23.898657,306,True,True,True,True,Eyes,2.582305,0.03798056,-2.926108,0.02267664,-0.01428218,-0.9996408,0.0,0.0,0.0,0.0,0.0,0.0,0.0,2.855374,-0.1744494,-2.668454,2.567125,0.03911746,-2.951707,-0.0248013,0.9972792,-0.04794326,-0.0502063,5.630692,185.6376,357.4283,0.6791508,0.008690896,-0.7339467,-0.03626577,0.01566816,-0.3570263,3.260248,0.04766018,-4.413134,-0.2470516,0.1708393,1.915001,-0.9937285,-0.04465353,0.1025175,-0.05428175,0.9941728,-0.09313526,-0.09776129,-0.098116,-0.9903616,moving,-1.29952,0.8185467,-7.351045,5.097921,5.346016587520456,3.1662540133908426,7.4117473800127245,12.843158112568855,172.61977236339106
05/18/2023 18:40:23.918793,307,True,True,True,True,Eyes,2.581484,0.03796623,-2.928156,0.01948199,-0.01491606,-0.9996989,0.0,0.0,0.0,0.0,0.0,0.0,0.0,2.886399,-0.1635966,-2.641696,2.563881,0.03886059,-2.960003,-0.02565788,0.9969595,-0.04716415,-0.05647258,5.562954,186.3558,357.3606,0.6774181,0.008795184,-0.735545,-0.03408983,0.01472807,-0.3356047,3.247819,0.04586109,-4.426651,-0.2431025,0.1681083,1.915001,-0.9923052,-0.04583276,0.115022,-0.05648668,0.9942344,-0.09114353,-0.1101815,-0.09693941,-0.9891729,moving,-1.116431,0.8548212,-7.234795,5.016847,5.515916688048019,3.204399723155829,7.399786266937825,12.87888247027141,172.6300772523993
05/18/2023 18:40:23.938604,308,True,True,True,True,Eyes,2.580532,0.03795101,-2.930449,0.01589951,-0.01561181,-0.9997517,0.0,0.0,0.0,0.0,0.0,0.0,0.0,2.917469,-0.1594017,-2.613632,2.560354,0.03822974,-2.968369,-0.02665356,0.9965245,-0.04778828,-0.06280991,5.658131,187.0789,357.2861,0.6758182,0.008888403,-0.7370141,-0.03204444,0.01384438,-0.3154684,3.235401,0.04005655,-4.439848,-0.2391596,0.165382,1.915,-0.9906892,-0.04711869,0.1277306,-0.05912499,0.9940117,-0.09189616,-0.1226357,-0.09859259,-0.9875426,moving,-0.9111245,0.89464,-7.118669,4.935893,5.70645029939238,3.2463716523428703,7.407113778624522,12.935925456952667,172.6211484596041
05/18/2023 18:40:23.958821,309,True,True,True,True,Eyes,2.579463,0.03791653,-2.932992,0.01197073,-0.01631201,-0.9997953,0.0,0.0,0.0,0.0,0.0,0.0,0.0,2.947772,-0.1596408,-2.585447,2.55691,0.03821727,-2.976597,-0.02774131,0.9960161,-0.04919897,-0.06900623,5.844824,187.7839,357.2072,0.6743335,0.008971605,-0.7383718,-0.03012177,0.01301372,-0.2965403,3.223209,0.03501608,-4.453482,-0.2353178,0.1627249,1.915002,-0.9889373,-0.0484715,0.1401923,-0.06205165,0.9936198,-0.09417729,-0.134733,-0.1018346,-0.9856355,moving,-0.6859803,0.9347177,-7.005456,4.856969,5.915463057955799,3.2890400670870976,7.437730055819597,13.015703993288675,172.58903397737598
05/18/2023 18:40:23.968576,310,True,True,True,True,Eyes,2.578279,0.03782813,-2.935765,0.007769799,-0.01746466,-0.9998173,0.0,0.0,0.0,0.0,0.0,0.0,0.0,2.976948,-0.1553029,-2.558253,2.553149,0.03772691,-2.985129,-0.02837283,0.9955447,-0.04942049,-0.0751226,5.892567,188.485,357.1725,0.672948,0.009045281,-0.7396339,-0.02831446,0.0122329,-0.2787479,3.212119,0.03406768,-4.466723,-0.2316386,0.1601806,1.915002,-0.9871033,-0.04906765,0.1523802,-0.06391803,0.9935052,-0.09413772,-0.1467714,-0.1026635,-0.9838286,moving,-0.4452491,1.000732,-6.896992,4.781384,6.138501476525116,3.356342909509469,7.477855039568794,13.113154932590222,172.5475097259609
05/18/2023 18:40:23.988691,311,True,True,True,True,Eyes,2.576974,0.03767763,-2.938752,0.003247786,-0.0187772,-0.9998184,0.0,0.0,0.0,0.0,0.0,0.0,0.0,3.004882,-0.1581739,-2.531063,2.54926,0.03639229,-2.993419,-0.028194,0.9950399,-0.05028001,-0.08107111,6.006004,189.1708,357.2361,0.6716473,0.009109,-0.7408145,-0.0266156,0.01149892,-0.262023,3.201262,0.03187039,-4.479169,-0.2277248,0.1574739,1.915002,-0.9852652,-0.04795581,0.1641732,-0.06426083,0.993354,-0.09548981,-0.1585028,-0.1046327,-0.9817988,moving,-0.1861175,1.075923,-6.781552,4.700955,6.378508656658792,3.432656715848316,7.525995830773111,13.22103539911004,172.49795718582678
05/18/2023 18:40:24.008154,312,True,True,True,True,Eyes,2.575545,0.03750161,-2.941949,-0.001678324,-0.02074621,-0.9997833,0.0,0.0,0.0,0.0,0.0,0.0,0.0,3.03375,-0.1668306,-2.501364,2.545144,0.03479733,-3.001553,-0.02841735,0.9943872,-0.05266838,-0.08725067,6.298275,189.8788,357.271,0.6704189,0.009162136,-0.7419258,-0.02501866,0.01080899,-0.2463016,3.190961,0.02578236,-4.491894,-0.2239788,0.1548837,1.915001,-0.9831597,-0.047325,0.1765153,-0.0657064,0.992837,-0.09978664,-0.1705285,-0.1097044,-0.9792269,moving,0.09618161,1.188757,-6.671014,4.623971,6.639380089014601,3.544736103778804,7.589178588608868,13.354075736122526,172.433475726751
05/18/2023 18:40:24.023433,313,True,True,True,True,Eyes,2.573986,0.03730033,-2.945359,-0.006971121,-0.02271594,-0.9997176,0.0,0.0,0.0,0.0,0.0,0.0,0.0,3.064792,-0.1770194,-2.468302,2.541003,0.03409994,-3.009807,-0.02895002,0.9936104,-0.0555473,-0.09388813,6.650974,190.638,357.2821,0.6692513,0.009205087,-0.7429786,-0.02351754,0.01016045,-0.2315235,3.180396,0.02361451,-4.504464,-0.2200564,0.1521715,1.915002,-0.9806938,-0.04709961,0.1897926,-0.06796052,0.9921528,-0.1049486,-0.1833602,-0.1158209,-0.9761989,moving,0.3995222,1.301671,-6.555211,4.543339,6.919855744766781,3.657372078628968,7.673117052763254,13.50416088328643,172.34828966949783
05/18/2023 18:40:24.039034,314,True,True,True,True,Eyes,2.572299,0.03706935,-2.948961,-0.01274226,-0.02484675,-0.9996101,0.0,0.0,0.0,0.0,0.0,0.0,0.0,3.097022,-0.1766535,-2.433532,2.536446,0.03331023,-3.018304,-0.02923806,0.9928645,-0.0563172,-0.1009636,6.761381,191.4536,357.3053,0.6681342,0.009238209,-0.743983,-0.02210649,0.009550821,-0.2176321,3.169229,0.0252922,-4.51739,-0.2162228,0.1495203,1.915001,-0.9779031,-0.04668689,0.2037795,-0.06943083,0.9919471,-0.1059267,-0.1971931,-0.1177346,-0.9732695,moving,0.7303228,1.423876,-6.441984,4.464509,7.225739414898904,3.779333408587792,7.790213981272609,13.684886880688593,172.2300791293613
05/18/2023 18:40:24.048754,315,True,True,True,True,Eyes,2.570488,0.03680462,-2.95275,-0.01887066,-0.02694154,-0.9994589,0.0,0.0,0.0,0.0,0.0,0.0,0.0,3.12947,-0.1678194,-2.397991,2.53196,0.03238638,-3.026589,-0.02969408,0.9921215,-0.05576045,-0.1081851,6.722872,192.2875,357.2958,0.6670585,0.009261712,-0.7449473,-0.0207801,0.008977772,-0.2045742,3.156022,0.02749058,-4.53068,-0.2120178,0.1466131,1.915002,-0.9748285,-0.04685538,0.2179769,-0.07098517,0.992018,-0.1042174,-0.2113539,-0.1170672,-0.9703735,moving,1.081666,1.544098,-6.317723,4.378038,7.5508020630288915,3.899908862136753,7.9235202717555415,13.876764568743477,172.0956773844894
05/18/2023 18:40:24.068298,316,True,True,True,True,Eyes,2.568529,0.03652076,-2.956715,-0.02548203,-0.02911459,-0.9992512,0.0,0.0,0.0,0.0,0.0,0.0,0.0,3.162276,-0.1618534,-2.360581,2.527289,0.03132134,-3.034857,-0.0304651,0.9912456,-0.05610712,-0.1155685,6.79247,193.1376,357.2623,0.6660155,0.009275704,-0.7458797,-0.01953329,0.008439105,-0.1922997,3.142443,0.0323137,-4.544111,-0.2083407,0.1440698,1.915002,-0.9714317,-0.04742837,0.2325321,-0.07336522,0.9918477,-0.1041903,-0.2256948,-0.1182735,-0.966992,moving,1.46079,1.668921,-6.209017,4.302382,7.901661640944115,4.025427005440289,8.109319099392378,14.1133963232458,171.90905459487433
05/18/2023 18:40:24.088657,317,True,True,True,True,Eyes,2.566443,0.03620394,-2.960864,-0.0324531,-0.03106538,-0.9989904,0.0,0.0,0.0,0.0,0.0,0.0,0.0,3.195554,-0.1529216,-2.321684,2.52252,0.03060301,-3.043208,-0.0313567,0.9903089,-0.05599987,-0.1231629,6.813522,194.0127,357.2112,0.664998,0.009280637,-0.746787,-0.0183613,0.007932759,-0.1807618,3.128547,0.02973083,-4.55721,-0.2046506,0.1415182,1.915001,-0.9676954,-0.04831143,0.2474506,-0.07589985,0.9917616,-0.1031904,-0.2404267,-0.1186383,-0.9633899,moving,1.860651,1.78114,-6.099884,4.226463,8.272085178216004,4.139622083526713,8.327648050953762,14.372231538782165,171.6900151939653
05/18/2023 18:40:24.108371,318,True,True,True,True,Eyes,2.564209,0.03585694,-2.965168,-0.03992555,-0.03293316,-0.9986598,0.0,0.0,0.0,0.0,0.0,0.0,0.0,3.228685,-0.1366418,-2.28232,2.517503,0.02977944,-3.051779,-0.03181741,0.9894042,-0.05409702,-0.1309221,6.625476,194.9126,357.1843,0.6639991,0.009276571,-0.7476754,-0.01725962,0.007456793,-0.169916,3.113524,0.02627218,-4.570816,-0.2006853,0.1387762,1.915001,-0.9636942,-0.04879557,0.2625122,-0.07712555,0.9921223,-0.09871643,-0.2556273,-0.1153788,-0.9598659,moving,2.289417,1.888779,-5.982557,4.144862,8.669529346171402,4.250191840492218,8.574115952071386,14.652464934984849,171.4428913497509
05/18/2023 18:40:24.118731,319,True,True,True,True,Eyes,2.56184,0.0355333,-2.969673,-0.04781199,-0.03458983,-0.9982573,0.0,0.0,0.0,0.0,0.0,0.0,0.0,3.263266,-0.1206247,-2.239258,2.512551,0.0290259,-3.060061,-0.03225816,0.9883724,-0.05224273,-0.1391043,6.444751,195.8625,357.1601,0.6630129,0.009263635,-0.7485502,-0.01622404,0.007009386,-0.1597211,3.099642,0.0598001,-4.58496,-0.1968937,0.1361543,1.915001,-0.9592187,-0.04923179,0.2783442,-0.07830054,0.9924603,-0.09429606,-0.2716032,-0.1122451,-0.9558412,moving,2.742112,1.984517,-5.870325,4.06682,9.089498181589637,4.350169640278942,8.86059009675868,14.962506362340264,171.1559157346714
05/18/2023 18:40:24.138575,320,True,True,True,True,Eyes,2.499216,0.02630331,-3.08622,-0.2567172,-0.06926857,-0.9640011,0.0,0.0,0.0,0.0,0.0,0.0,0.0,3.300334,-0.09819259,-2.192214,2.507125,0.02860785,-3.06939,-0.03344034,0.9871563,-0.04996471,-0.1480122,6.231455,196.8937,357.0459,0.6620342,0.009243312,-0.7494162,-0.0152506,0.006588823,-0.1501378,3.085999,0.08682489,-4.596921,-0.1930535,0.1334983,1.915,-0.9539482,-0.05123091,0.2955641,-0.08081246,0.9927706,-0.08874679,-0.2888807,-0.1085451,-0.9511917,moving,14.91201,4.109941,-5.756607,3.987747,20.388216097862184,6.618249495255154,20.6689782056667,26.276820930166792,159.38151748633462
05/18/2023 18:40:24.148423,321,True,True,True,True,Eyes,2.498997,0.02625007,-3.086558,-0.2574048,-0.06913182,-0.9638275,0.0,0.0,0.0,0.0,0.0,0.0,0.0,3.336043,-0.07095434,-2.144773,2.501907,0.02711233,-3.077985,-0.03382714,0.9859686,-0.04608829,-0.1568355,5.825197,197.9231,356.9895,0.6586286,0.008969681,-0.7524141,-0.2022068,-0.02149648,-0.4907702,3.064636,0.03194232,-4.610786,-0.1891822,0.1308215,1.915,-0.9485168,-0.05224845,0.3123879,-0.08116157,0.9934632,-0.08027263,-0.3061518,-0.1014938,-0.9465571,moving,14.95274,4.102591,-5.641923,3.908039,20.426308038333996,6.6123020647184845,20.59558191856382,26.208122942919065,159.45407681786853
05/18/2023 18:40:24.173966,322,True,True,True,True,Eyes,2.49855,0.02617082,-3.087208,-0.2587712,-0.06917641,-0.9634584,0.0,0.0,0.0,0.0,0.0,0.0,0.0,3.370801,-0.05592361,-2.096325,2.496578,0.02575141,-3.086492,-0.03388987,0.9846319,-0.04409825,-0.1655507,5.627588,198.9406,356.9969,0.6557329,0.008734226,-0.7549419,-0.1900744,-0.02020669,-0.4613239,3.042044,0.04751126,-4.627748,-0.1852799,0.1281233,1.914999,-0.942889,-0.05213708,0.3290021,-0.08133908,0.9938136,-0.0756201,-0.3230241,-0.09806208,-0.9412969,moving,15.03402,4.106796,-5.526276,3.827678,20.50196136290743,6.618098845010207,20.562190507471232,26.177386972578407,159.48694587263498
05/18/2023 18:40:24.189653,323,True,True,True,True,Eyes,2.497904,0.02620306,-3.088162,-0.2607355,-0.06923616,-0.9629244,0.0,0.0,0.0,0.0,0.0,0.0,0.0,3.404211,-0.04901998,-2.048134,2.491374,0.02508622,-3.094887,-0.03426818,0.98317,-0.04385785,-0.1740095,5.633536,199.9257,356.9979,0.653104,0.00852018,-0.7572197,-0.1786699,-0.01899429,-0.4336445,3.018861,0.0858052,-4.641209,-0.1813775,0.1254245,1.915,-0.9370931,-0.05211952,0.3451675,-0.08264624,0.9938043,-0.07431346,-0.3391559,-0.09816541,-0.9355947,moving,15.15093,4.112602,-5.410577,3.747283,20.610782821740145,6.626209899082164,20.564752079293587,26.18013344241643,159.4840192110474
05/18/2023 18:40:24.208781,324,True,True,True,True,Eyes,2.497037,0.02629755,-3.08944,-0.2632953,-0.06911232,-0.9622365,0.0,0.0,0.0,0.0,0.0,0.0,0.0,3.436617,-0.04489172,-1.999748,2.486073,0.02779803,-3.103226,-0.03484432,0.9816414,-0.04372979,-0.1823565,5.656378,200.8981,356.9781,0.65071,0.0083282,-0.75928,-0.1679497,-0.01785463,-0.4076258,2.991373,0.05199172,-4.655616,-0.1774632,0.122718,1.914999,-0.931064,-0.05246041,0.3610649,-0.08435807,0.9937472,-0.07314576,-0.3549699,-0.09856211,-0.9296675,moving,15.30317,4.108196,-5.294487,3.666646,20.752719608253585,6.625570964785338,20.60238918893022,26.214732671539476,159.44595110865157
05/18/2023 18:40:24.218894,325,True,True,True,True,Eyes,2.495964,0.02626295,-3.09102,-0.2663057,-0.06830626,-0.9614652,0.0,0.0,0.0,0.0,0.0,0.0,0.0,3.466731,-0.01993674,-1.955148,2.480483,0.02934428,-3.112485,-0.03440249,0.9803351,-0.03855377,-0.1904553,5.088565,201.8535,356.9633,0.6485217,0.008157673,-0.7611519,-0.1578727,-0.01678336,-0.3831683,2.971992,0.06103769,-4.670056,-0.1737393,0.1201428,1.915,-0.9250866,-0.05276639,0.3760728,-0.08213747,0.9946602,-0.06248696,-0.3707674,-0.0886955,-0.9244808,moving,15.48162,4.063689,-5.183996,3.589902,20.919847657571857,6.5879960749047575,20.67104638814458,26.275449031004847,159.37622879441915
05/18/2023 18:40:24.238660,326,True,True,True,True,Eyes,2.494705,0.02619963,-3.092821,-0.2697755,-0.06815224,-0.9605085,0.0,0.0,0.0,0.0,0.0,0.0,0.0,3.489857,0.01425758,-1.920408,2.47459,0.02605858,-3.121376,-0.03197188,0.9793936,-0.02999121,-0.1971461,4.091683,202.6581,357.0806,0.6465125,0.008003184,-0.7628608,-0.1484004,-0.01577635,-0.3601782,2.953053,0.08845415,-4.682247,-0.1696918,0.1173439,1.915,-0.9202226,-0.05080082,0.3880849,-0.0744514,0.9961567,-0.04614013,-0.3842494,-0.07135265,-0.9204682,moving,15.68832,4.058582,-5.063863,3.506481,21.11254193448215,6.587947735800046,20.75952588041668,26.357154864245565,159.28744676648242
05/18/2023 18:40:24.248553,327,True,True,True,True,Eyes,2.493247,0.02631013,-3.094931,-0.2736602,-0.06830298,-0.9593982,0.0,0.0,0.0,0.0,0.0,0.0,0.0,3.516412,-0.002745688,-1.8767,2.469335,0.0254415,-3.128722,-0.0324995,0.9777519,-0.03443124,-0.2043515,4.623806,203.495,357.1545,0.6446597,0.007862405,-0.7644286,-0.1394963,-0.01482977,-0.3385675,2.930785,0.06792832,-4.694984,-0.1657764,0.1146365,1.915,-0.9143685,-0.04948074,0.4018481,-0.07762504,0.9955165,-0.05404778,-0.3973721,-0.08061305,-0.9141098,moving,15.92035,4.072221,-4.947607,3.425774,21.32847808540245,6.606026210489008,20.877967407716152,26.46784183755127,159.16917526825594
05/18/2023 18:40:24.269668,328,True,True,True,True,Eyes,2.491613,0.02659881,-3.097345,-0.2780026,-0.06798868,-0.9581712,0.0,0.0,0.0,0.0,0.0,0.0,0.0,3.542898,-0.005500734,-1.834439,2.463199,0.02979376,-3.138324,-0.03504815,0.975992,-0.03756317,-0.211661,5.057725,204.3387,356.9781,0.6429417,0.00773834,-0.7658755,-0.1311266,-0.01393999,-0.3182535,2.909459,0.05763045,-4.708503,-0.1621331,0.1121168,1.915,-0.9079426,-0.05251211,0.4157918,-0.08431473,0.9947213,-0.05848606,-0.4105257,-0.08815936,-0.9075774,moving,16.17949,4.058717,-4.839394,3.350651,21.570195390306964,6.599318488897161,21.03080697609609,26.60864995105974,159.0161113553616
05/18/2023 18:40:24.288592,329,True,True,True,True,Eyes,2.489809,0.02720755,-3.100009,-0.2826782,-0.06762317,-0.9568282,0.0,0.0,0.0,0.0,0.0,0.0,0.0,3.564299,0.03463599,-1.800488,2.45702,0.03424563,-3.147866,-0.03412597,0.9749162,-0.02795466,-0.2181568,3.979326,205.118,356.8773,0.6413389,0.007633776,-0.7672193,-0.123259,-0.01310359,-0.2991582,2.890324,0.05776855,-4.719957,-0.1580644,0.1093034,1.915,-0.9024862,-0.05434292,0.4272772,-0.07873692,0.9961079,-0.03961727,-0.4234613,-0.06939653,-0.9032525,moving,16.45886,4.042617,-4.718505,3.266755,21.83081216794844,6.590643944404538,21.191572621829394,26.75657825281582,158.8550879806876
05/18/2023 18:40:24.298613,330,True,True,True,True,Eyes,2.487801,0.02778824,-3.102985,-0.2878194,-0.0664587,-0.955376,0.0,0.0,0.0,0.0,0.0,0.0,0.0,3.586878,0.03512735,-1.761762,2.451321,0.04281716,-3.155934,-0.03525944,0.9733882,-0.02786534,-0.2247122,4.01939,205.8854,356.775,0.6398344,0.007554799,-0.7684752,-0.1158634,-0.01231737,-0.2812088,2.871128,0.03220268,-4.730339,-0.1542397,0.1066584,1.915,-0.8965223,-0.05611889,0.4394296,-0.08116563,0.9959605,-0.03840113,-0.4354995,-0.07009405,-0.8974559,moving,16.76561,3.979249,-4.604831,3.18787,22.117847930096623,6.5383516586229575,21.385088946649766,26.931901094163386,158.66047309502324
05/18/2023 18:40:24.318457,331,True,True,True,True,Eyes,2.485616,0.02813876,-3.106156,-0.2931727,-0.06470947,-0.9538671,0.0,0.0,0.0,0.0,0.0,0.0,0.0,3.604888,0.09710315,-1.731959,2.444076,0.04220188,-3.166866,-0.03261259,0.972378,-0.01261839,-0.2307775,2.269058,206.6369,356.6954,0.6384117,0.007498118,-0.769658,-0.1089116,-0.01157833,-0.2643362,2.850468,0.01201354,-4.741459,-0.150512,0.104081,1.915,-0.8913565,-0.05759946,0.449629,-0.06924762,0.9975544,-0.009487176,-0.4479829,-0.03959219,-0.8931652,moving,17.0849,3.880947,-4.494,3.110986,22.417238530020835,6.453646967449771,21.592632195995026,27.11804088725788,158.45116969229485
05/18/2023 18:40:24.338815,332,True,True,True,True,Eyes,2.48331,0.0285125,-3.109517,-0.2990543,-0.06464781,-0.9520437,0.0,0.0,0.0,0.0,0.0,0.0,0.0,3.619757,0.1226689,-1.70456,2.437753,0.03688676,-3.174777,-0.02959209,0.9713328,-0.004974604,-0.2358226,1.353507,207.2554,356.8382,0.637058,0.007455712,-0.7707793,-0.1023769,-0.01088363,-0.2484761,2.829587,0.005901307,-4.751736,-0.1465194,0.1013198,1.915001,-0.8870242,-0.05514128,0.4584188,-0.05983378,0.9981992,0.004292973,-0.45783,-0.02362096,-0.8887262,moving,17.43845,3.884663,-4.375257,3.028611,22.746593468334687,6.46521912173128,21.83049788961656,27.338709702710112,158.21362069235812
05/18/2023 18:40:24.348718,333,True,True,True,True,Eyes,2.480822,0.02898719,-3.11315,-0.3052214,-0.06464814,-0.9500845,0.0,0.0,0.0,0.0,0.0,0.0,0.0,3.647765,0.09378736,-1.652635,2.43228,0.03811625,-3.182568,-0.03570804,0.968945,-0.01846855,-0.2439868,3.050413,208.1752,356.5446,0.6357624,0.007426716,-0.7718486,-0.0962343,-0.01023061,-0.2335675,2.806908,-0.001857162,-4.762281,-0.1426128,0.09861826,1.915001,-0.8783911,-0.0601861,0.4741385,-0.07821043,0.9967678,-0.01836544,-0.4715006,-0.0532146,-0.880259,moving,17.80998,3.892669,-4.259036,2.948,23.09261924236803,6.481218488164889,22.089225127374135,27.578917262693054,157.9553844939695
05/18/2023 18:40:24.374448,334,True,True,True,True,Eyes,2.478145,0.02942466,-3.116966,-0.3118841,-0.06432615,-0.9479401,0.0,0.0,0.0,0.0,0.0,0.0,0.0,3.669401,0.116258,-1.612658,2.425505,0.04103022,-3.192793,-0.0392921,0.9670357,-0.01818318,-0.2509333,3.146372,208.9879,356.1601,0.6345131,0.007412304,-0.772876,-0.09046024,-0.009616775,-0.2195534,2.784668,6.599724e-05,-4.773053,-0.1389275,0.09607018,1.915001,-0.8709772,-0.06686819,0.4867519,-0.08511926,0.996251,-0.01544817,-0.4838941,-0.05488697,-0.8734037,moving,18.21185,3.882076,-4.149366,2.871959,23.467271795557053,6.480503095206216,22.384019240349687,27.85139625975757,157.66080649588088
05/18/2023 18:40:24.388995,335,True,True,True,True,Eyes,2.475337,0.029779,-3.120914,-0.3189138,-0.06459638,-0.9455799,0.0,0.0,0.0,0.0,0.0,0.0,0.0,3.687208,0.14934,-1.574789,2.418504,0.04048764,-3.201089,-0.03748148,0.9655439,-0.009540481,-0.2573496,2.161435,209.7755,356.1286,0.6332999,0.007410069,-0.7738704,-0.08503263,-0.009039769,-0.2063802,2.762244,0.007945493,-4.783622,-0.1349167,0.09329633,1.915,-0.8647326,-0.06746956,0.49768,-0.07729051,0.9970082,0.0008681827,-0.4962497,-0.0377152,-0.8673602,moving,18.6376,3.908035,-4.029977,2.789171,23.863473414962694,6.514548379556509,22.6951735772482,28.141126712910655,157.350697903216
05/18/2023 18:40:24.398349,336,True,True,True,True,Eyes,2.472394,0.03015127,-3.125043,-0.3265406,-0.06573088,-0.9428948,0.0,0.0,0.0,0.0,0.0,0.0,0.0,3.714405,0.1368964,-1.516578,2.412676,0.03897306,-3.208275,-0.03999199,0.9629728,-0.01601671,-0.2661344,2.988402,210.7955,356.067,0.6321162,0.007416699,-0.7748375,-0.07993067,-0.008497383,-0.1939974,2.737795,0.005966067,-4.793489,-0.1309821,0.09057522,1.915001,-0.8551463,-0.0684972,0.5138415,-0.08554758,0.9962882,-0.009560832,-0.5112792,-0.0521338,-0.857832,moving,19.10184,3.98774,-3.912818,2.707943,24.29450721837059,6.599783013321919,23.05021395167891,28.474543274023187,156.99808322753256
05/18/2023 18:40:24.424068,337,True,True,True,True,Eyes,2.469276,0.03055506,-3.129324,-0.3345279,-0.06678372,-0.9400164,0.0,0.0,0.0,0.0,0.0,0.0,0.0,3.740782,0.1288589,-1.457714,2.405877,0.03995331,-3.216384,-0.04380238,0.9601579,-0.0229246,-0.2750504,3.90591,211.83,355.8901,0.6309549,0.007431739,-0.7757833,-0.07513483,-0.007987539,-0.1823576,2.711236,-0.001084432,-4.803153,-0.1270451,0.08785311,1.915001,-0.8448577,-0.07150355,0.530192,-0.09672524,0.9951116,-0.01992676,-0.5261753,-0.06811818,-0.8476439,moving,19.58935,4.063766,-3.795558,2.626676,24.747293852212728,6.682106692037306,23.42902366375014,28.82951456329575,156.62184008813432
05/18/2023 18:40:24.438723,338,True,True,True,True,Eyes,2.466017,0.03093693,-3.133746,-0.3430524,-0.06792403,-0.9368571,0.0,0.0,0.0,0.0,0.0,0.0,0.0,3.764952,0.1405135,-1.39918,2.398728,0.04110406,-3.224395,-0.04457985,0.9575655,-0.02181541,-0.2839103,3.84702,212.8884,355.8048,0.629809,0.00745513,-0.7767137,-0.07062674,-0.007508287,-0.1714161,2.684295,-0.01029475,-4.812085,-0.1235457,0.08543342,1.914999,-0.8348153,-0.07298902,0.5456704,-0.0977635,0.9950734,-0.01646601,-0.5417804,-0.06709272,-0.8378382,moving,20.1114,4.146804,-3.691308,2.55443,25.232129142389248,6.771784582324777,23.855912539434325,29.229288321866438,156.19795194565364
05/18/2023 18:40:24.458192,339,True,True,True,True,Eyes,2.380482,0.04048835,-3.247409,-0.5553092,-0.09743767,-0.8259162,0.0,0.0,0.0,0.0,0.0,0.0,0.0,3.789267,0.1478106,-1.336782,2.391734,0.04099018,-3.23192,-0.04485311,0.9547896,-0.02122531,-0.2931119,3.831667,213.9912,355.7923,0.6286731,0.007485477,-0.777633,-0.06638913,-0.00705779,-0.1611311,2.655634,-0.02080423,-4.820944,-0.1195333,0.0826587,1.915,-0.8241473,-0.07320777,0.5616243,-0.09809334,0.9950754,-0.01423746,-0.5578163,-0.06682536,-0.8272699,moving,33.91512,6.728384,-3.571739,2.47157,38.04443377416559,9.50424611021154,37.72777575098321,42.2062124531489,142.4836018353774
05/18/2023 18:40:24.468919,340,True,True,True,True,Eyes,2.380202,0.04051358,-3.24772,-0.5560755,-0.09742717,-0.8254017,0.0,0.0,0.0,0.0,0.0,0.0,0.0,3.813824,0.1508348,-1.270672,2.384582,0.04141026,-3.239545,-0.04592538,0.9517112,-0.02254933,-0.3027016,4.055587,215.1374,355.7592,0.6243318,0.007774015,-0.7811199,-0.3190088,0.02201995,-0.4924514,2.626407,-0.0291369,-4.829429,-0.1156661,0.07998438,1.915,-0.8125255,-0.07376396,0.5782402,-0.1010668,0.9947648,-0.01511753,-0.5740979,-0.07072426,-0.8157268,moving,33.96826,6.731821,-3.456469,2.3917,38.09388191253159,9.508679803858342,37.67554898097813,42.15546302062216,142.53703404456726
05/18/2023 18:40:24.488703,341,True,True,True,True,Eyes,2.379643,0.0405524,-3.248295,-0.5574456,-0.09748964,-0.8244697,0.0,0.0,0.0,0.0,0.0,0.0,0.0,3.836192,0.1572418,-1.206574,2.377319,0.04206945,-3.247074,-0.04631648,0.9487058,-0.02216166,-0.3119632,4.068432,216.2536,355.7424,0.6206974,0.008020203,-0.7840086,-0.2998682,0.02069875,-0.4629043,2.59575,-0.0454382,-4.836959,-0.1116881,0.07723355,1.915002,-0.8010677,-0.07405419,0.5939755,-0.1017087,0.9947273,-0.01315171,-0.5898698,-0.07094788,-0.8043758,moving,34.06366,6.743641,-3.337866,2.309533,38.18254563603589,9.521927749029938,37.663449933381564,42.14217863900369,142.55113766834782
05/18/2023 18:40:24.498359,342,True,True,True,True,Eyes,2.378847,0.04060114,-3.249142,-0.5594532,-0.09774625,-0.8230783,0.0,0.0,0.0,0.0,0.0,0.0,0.0,3.857423,0.159336,-1.141784,2.370233,0.04245088,-3.254068,-0.04660212,0.9456092,-0.02261461,-0.3211544,4.169203,217.3636,355.7675,0.61764,0.008231367,-0.7864172,-0.2818761,0.01945683,-0.4351301,2.565293,-0.05950174,-4.843888,-0.1079635,0.07465777,1.915,-0.7893763,-0.07360921,0.609481,-0.1026603,0.9946336,-0.0128362,-0.6052654,-0.07270211,-0.792697,moving,34.20428,6.772552,-3.226794,2.232589,38.31301584512737,9.552208711403818,37.705391721010464,42.17976570215761,142.5125229442703
05/18/2023 18:40:24.523838,343,True,True,True,True,Eyes,2.377793,0.04067051,-3.250226,-0.5619794,-0.09826241,-0.821294,0.0,0.0,0.0,0.0,0.0,0.0,0.0,3.87792,0.1567284,-1.07583,2.36319,0.04280175,-3.260942,-0.04780852,0.9422939,-0.02544801,-0.3303766,4.562623,218.4742,355.784,0.6149784,0.008416886,-0.7884984,-0.2649635,0.01828942,-0.4090222,2.534732,-0.06857918,-4.85084,-0.1040815,0.07197323,1.915001,-0.7771311,-0.07328451,0.625057,-0.1069142,0.9941335,-0.01636937,-0.6201906,-0.07954863,-0.7804072,moving,34.38231,6.822631,-3.111001,2.152386,38.47793719004744,9.60316011522217,37.78305914166752,42.25108063341873,142.4398915403927
05/18/2023 18:40:24.539674,344,True,True,True,True,Eyes,2.376507,0.04072536,-3.251541,-0.5649847,-0.09889306,-0.8191534,0.0,0.0,0.0,0.0,0.0,0.0,0.0,3.89666,0.1562564,-1.011434,2.356105,0.04342466,-3.26776,-0.04922429,0.938957,-0.02811183,-0.3393323,4.944941,219.5565,355.7772,0.6125478,0.008585432,-0.7903863,-0.2490657,0.01719205,-0.3844809,2.503392,-0.07619071,-4.857465,-0.1002887,0.06935085,1.915002,-0.7648612,-0.07336047,0.6400045,-0.1115175,0.9935734,-0.01938482,-0.6344693,-0.08619839,-0.7681267,moving,34.59472,6.883772,-2.997841,2.074032,38.67468037806682,9.66525301385106,37.89900053307899,42.358301128427826,142.3300061145895
05/18/2023 18:40:24.549085,345,True,True,True,True,Eyes,2.374989,0.0407551,-3.253059,-0.5684136,-0.09988678,-0.8166569,0.0,0.0,0.0,0.0,0.0,0.0,0.0,3.913691,0.1568646,-0.9486389,2.349037,0.04320218,-3.274395,-0.05059969,0.9356191,-0.0307139,-0.3480133,5.318481,220.6102,355.7779,0.6103195,0.008738357,-0.7921066,-0.2341218,0.01616053,-0.361412,2.471932,-0.07831742,-4.864315,-0.09623536,0.06654795,1.915002,-0.7526526,-0.0733064,0.6543239,-0.1160618,0.9929927,-0.02225429,-0.6481075,-0.09269176,-0.7558867,moving,34.83888,6.973314,-2.876888,1.990276,38.90046207921161,9.754657128135522,38.043525382635984,42.492735778529834,142.19392688557076
05/18/2023 18:40:24.573632,346,True,True,True,True,Eyes,2.373267,0.04077862,-3.254775,-0.5722191,-0.1011339,-0.813841,0.0,0.0,0.0,0.0,0.0,0.0,0.0,3.929239,0.1575029,-0.8873177,2.342108,0.04248015,-3.280822,-0.05274015,0.9321954,-0.0346266,-0.3564141,5.863118,221.63,355.7544,0.608268,0.008876599,-0.7936815,-0.2200745,0.0151909,-0.3397273,2.440613,-0.07928574,-4.870656,-0.09203237,0.06364144,1.915,-0.7403748,-0.07364545,0.6681476,-0.1230111,0.9920389,-0.02696284,-0.6608428,-0.1021522,-0.7435399,moving,35.11141,7.083682,-2.751442,1.903417,39.15227830550363,9.86420460618962,38.21558199274386,42.653205210778,142.0322641081774
05/18/2023 18:40:24.588623,347,True,True,True,True,Eyes,2.371315,0.04078158,-3.256682,-0.5764017,-0.102567,-0.8107041,0.0,0.0,0.0,0.0,0.0,0.0,0.0,3.94361,0.1648434,-0.8260894,2.335433,0.04244933,-3.287189,-0.05605919,0.9286147,-0.03877757,-0.3647305,6.483198,222.6387,355.6232,0.6063709,0.009001458,-0.7951304,-0.20687,0.01427945,-0.3193437,2.409707,-0.08546235,-4.876471,-0.08865009,0.0613028,1.915001,-0.727658,-0.07582804,0.6817359,-0.1324015,0.9907073,-0.03112586,-0.6730405,-0.1129118,-0.7309359,moving,35.41241,7.210524,-2.65047,1.83352,39.43030576035208,9.989824108294268,38.44079871582296,42.86393571873695,141.8188551987199
05/18/2023 18:40:24.598586,348,True,True,True,True,Eyes,2.36916,0.04076501,-3.25877,-0.5809529,-0.1039174,-0.8072762,0.0,0.0,0.0,0.0,0.0,0.0,0.0,3.956147,0.1780043,-0.766613,2.328109,0.04223324,-3.293722,-0.05863936,0.9251269,-0.04057723,-0.372901,6.823517,223.6373,355.4808,0.604607,0.009113779,-0.7964712,-0.1944578,0.01342268,-0.3001831,2.37904,-0.09448132,-4.881483,-0.0847165,0.05858218,1.915002,-0.7150126,-0.07823512,0.6947204,-0.1387603,0.9898298,-0.03134481,-0.6852027,-0.1188115,-0.7185967,moving,35.74052,7.335115,-2.533019,1.7522,39.73363662410322,10.113957224254264,38.678582283761976,43.08583481289303,141.59342297613108
05/18/2023 18:40:24.623600,349,True,True,True,True,Eyes,2.366784,0.04073571,-3.261036,-0.5858228,-0.1053041,-0.8035687,0.0,0.0,0.0,0.0,0.0,0.0,0.0,3.967968,0.1841823,-0.7083344,2.321105,0.04177888,-3.300176,-0.05981107,0.9217607,-0.0418794,-0.3808226,7.051442,224.6164,355.471,0.6029582,0.009214327,-0.7977189,-0.1827903,0.01261732,-0.2821721,2.34845,-0.09925558,-4.886776,-0.08099321,0.05600781,1.915001,-0.7027935,-0.07836576,0.7070643,-0.1421602,0.9893376,-0.03165075,-0.697045,-0.1227604,-0.7064404,moving,36.09304,7.465815,-2.421829,1.675245,40.05959467448122,10.244367404425734,38.94773209074004,43.33706515435493,141.3375530120818
05/18/2023 18:40:24.638751,350,True,True,True,True,Eyes,2.36421,0.04069243,-3.263476,-0.5910183,-0.1064212,-0.7996074,0.0,0.0,0.0,0.0,0.0,0.0,0.0,3.978372,0.1891243,-0.6527462,2.313601,0.041464,-3.306783,-0.06036323,0.9185161,-0.04243045,-0.3884381,7.171566,225.5643,355.4953,0.6014079,0.009303942,-0.7988873,-0.1718229,0.01186028,-0.2652418,2.318021,-0.1075112,-4.891253,-0.07684028,0.05313627,1.915,-0.6909444,-0.07792599,0.7186958,-0.1438524,0.9891119,-0.03105135,-0.7084508,-0.1248408,-0.6946312,moving,36.46943,7.58105,-2.297787,1.589401,40.4080908209022,10.36084824413359,39.22750274570496,43.59736559943095,141.07054528040808
05/18/2023 18:40:24.648426,351,True,True,True,True,Eyes,2.36142,0.04064021,-3.266067,-0.5964779,-0.1074687,-0.7954022,0.0,0.0,0.0,0.0,0.0,0.0,0.0,3.987599,0.1913631,-0.6001954,2.306174,0.04108378,-3.313258,-0.06014518,0.915456,-0.04235268,-0.3956378,7.188577,226.4673,355.5715,0.5999404,0.009383419,-0.7999891,-0.1615135,0.01114866,-0.2493273,2.28702,-0.1217255,-4.894691,-0.07298315,0.05046865,1.915001,-0.6797066,-0.07660788,0.7294725,-0.1436332,0.9891776,-0.02995262,-0.7192832,-0.1251354,-0.683354,moving,36.8665,7.694773,-2.18256,1.509645,40.77588493035154,10.476387225933433,39.53586846472434,43.88428485210148,140.77518960286184
05/18/2023 18:40:24.668426,352,True,True,True,True,Eyes,2.358413,0.0405792,-3.268795,-0.6022296,-0.1081591,-0.7909621,0.0,0.0,0.0,0.0,0.0,0.0,0.0,3.995988,0.187261,-0.5481129,2.298366,0.04082102,-3.319527,-0.05893265,0.9124481,-0.04210061,-0.4027321,7.140181,227.3653,355.7441,0.598543,0.009453503,-0.8010342,-0.1518227,0.01047974,-0.2343676,2.254493,-0.1369506,-4.897388,-0.06921372,0.04786216,1.915001,-0.6686679,-0.07363544,0.7399064,-0.1414565,0.989509,-0.0293611,-0.7299819,-0.1242974,-0.6720693,moving,37.28524,7.786546,-2.069936,1.431712,41.164291712984266,10.571876308532648,39.86494441434143,44.18982970690372,140.45770825646684
05/18/2023 18:40:24.690973,353,True,True,True,True,Eyes,2.355195,0.04050977,-3.271657,-0.60818,-0.1087047,-0.7863207,0.0,0.0,0.0,0.0,0.0,0.0,0.0,4.003276,0.1818546,-0.4999046,2.290503,0.04050109,-3.32583,-0.05668692,0.90971,-0.04038327,-0.4093696,6.88552,228.2119,355.9525,0.5972034,0.009514959,-0.8020328,-0.1427134,0.009850957,-0.2203056,2.219717,-0.1441743,-4.900256,-0.06548667,0.04528457,1.914999,-0.6584063,-0.07007396,0.7493936,-0.1362007,0.9903116,-0.02706233,-0.7402369,-0.1198859,-0.6615716,moving,37.72017,7.870951,-1.958564,1.354638,41.567925216906985,10.66083931605618,40.21025076963243,44.51023080691097,140.12371275251675
05/18/2023 18:40:24.710601,354,True,True,True,True,Eyes,2.351757,0.0404206,-3.27462,-0.6145018,-0.1092114,-0.7813197,0.0,0.0,0.0,0.0,0.0,0.0,0.0,4.00945,0.1788782,-0.4530292,2.282347,0.04021132,-3.331998,-0.05510925,0.9069207,-0.03911185,-0.4158461,6.706109,229.0371,356.1069,0.5959112,0.009568417,-0.8029928,-0.1341506,0.0092599,-0.2070872,2.184219,-0.1466725,-4.902713,-0.06157449,0.04257953,1.914999,-0.6480697,-0.06743041,0.7585897,-0.1324885,0.9908665,-0.02510877,-0.749968,-0.1167766,-0.6510844,moving,38.18477,7.957142,-1.841642,1.273747,41.99916997251648,10.752153321349509,40.58055478082784,44.85372872796801,139.76541540322668
05/18/2023 18:40:24.718787,355,True,True,True,True,Eyes,2.348119,0.04029848,-3.277702,-0.6209421,-0.1096365,-0.7761513,0.0,0.0,0.0,0.0,0.0,0.0,0.0,4.014499,0.1780501,-0.4098969,2.274207,0.03962528,-3.338012,-0.05408839,0.9042348,-0.038239,-0.421867,6.59153,229.8044,356.2163,0.5946569,0.00961421,-0.8039215,-0.1261015,0.008704306,-0.194662,2.148136,-0.1529187,-4.904196,-0.05762136,0.0398456,1.915,-0.6382056,-0.06555367,0.7670702,-0.1300807,0.9912245,-0.02351787,-0.758797,-0.1147903,-0.6411323,moving,38.66075,8.04021,-1.72348,1.191987,42.441078176583154,10.840804609075104,40.96076404256431,45.2062814240012,139.397311881043
05/18/2023 18:40:24.738627,356,True,True,True,True,Eyes,2.344297,0.04013902,-3.280889,-0.6274499,-0.1100374,-0.7708427,0.0,0.0,0.0,0.0,0.0,0.0,0.0,4.018902,0.1771411,-0.3679633,2.265887,0.03870317,-3.34404,-0.05313122,0.9015551,-0.03753309,-0.427746,6.495759,230.5557,356.3246,0.5934316,0.009652308,-0.8048261,-0.1185354,0.008182047,-0.1829823,2.111359,-0.1570793,-4.905258,-0.05381936,0.03721662,1.915001,-0.6284209,-0.06369219,0.7752616,-0.1279107,0.9915367,-0.02222297,-0.7672849,-0.1131296,-0.6312492,moving,39.14487,8.124055,-1.609822,1.113361,42.8905560521092,10.93036954640968,41.353291892865066,45.570355534940944,139.01721799754407
05/18/2023 18:40:24.748664,357,True,True,True,True,Eyes,2.344297,0.04013902,-3.280889,-0.6274499,-0.1100374,-0.7708427,0.0,0.0,0.0,0.0,0.0,0.0,0.0,4.022301,0.1786204,-0.3303995,2.25773,0.03764743,-3.349807,-0.0528286,0.8990288,-0.037317,-0.4330864,6.480025,231.238,356.384,0.5922289,0.009682535,-0.8057111,-0.1114233,0.007691124,-0.1720034,2.073617,-0.154329,-4.906507,-0.05013525,0.03466888,1.915001,-0.619291,-0.06266591,0.7826571,-0.1273119,0.9916332,-0.02133943,-0.7747715,-0.1128568,-0.6220877,moving,39.14487,8.124055,-1.499677,1.03716,42.8905560521092,10.93036954640968,41.2577663183095,45.47931821773211,139.11501917643463
05/18/2023 18:40:24.768582,358,True,True,True,True,Eyes,2.339964,0.03989853,-3.284422,-0.6347851,-0.1113438,-0.7646244,0.0,0.0,0.0,0.0,0.0,0.0,0.0,4.024787,0.188852,-0.2936544,2.24936,0.03677367,-3.355568,-0.0536637,0.8964339,-0.03683949,-0.4383713,6.493908,231.9095,356.3119,0.5911456,0.009709717,-0.8065059,-0.1047379,0.007229656,-0.1616832,2.034264,-0.1519268,-4.906377,-0.04622054,0.03196211,1.915,-0.6099018,-0.06391317,0.7898957,-0.1285107,0.9915261,-0.01899908,-0.7819879,-0.1130976,-0.6129471,moving,39.69919,8.28512,-1.382625,0.9562005,43.40396191658959,11.093822283319565,41.7304275646884,45.91960085909795,138.6630498291538
05/18/2023 18:40:24.788562,359,True,True,True,True,Eyes,2.335461,0.03958993,-3.288043,-0.6420788,-0.1125538,-0.7583314,0.0,0.0,0.0,0.0,0.0,0.0,0.0,4.0266,0.1993441,-0.2605844,2.240945,0.03544948,-3.361259,-0.05445987,0.8940137,-0.03628566,-0.4432344,6.497321,232.5289,356.2369,0.590058,0.009728136,-0.8073019,-0.09845363,0.006795877,-0.1519822,1.991783,-0.148151,-4.905971,-0.04216194,0.02915578,1.914999,-0.6011544,-0.06520963,0.7964677,-0.1295419,0.9914349,-0.01660278,-0.7885632,-0.1131567,-0.6044529,moving,40.25457,8.442379,-1.26126,0.8722582,43.918428501672985,11.253736733556078,42.20036575096823,46.35708521521697,138.2142255511604
05/18/2023 18:40:24.808480,360,True,True,True,True,Eyes,2.330847,0.03921279,-3.291812,-0.6500753,-0.1154439,-0.7510492,0.0,0.0,0.0,0.0,0.0,0.0,0.0,4.027858,0.211612,-0.2304778,2.232424,0.03346612,-3.367,-0.05509216,0.8917515,-0.03512007,-0.4477843,6.429211,233.1096,356.1452,0.5889625,0.009736988,-0.8081014,-0.09254642,0.006388125,-0.1428632,1.949914,-0.1388445,-4.904778,-0.03842258,0.02656993,1.915,-0.5929084,-0.0668046,0.8024944,-0.1297095,0.9914628,-0.01329794,-0.794755,-0.1119756,-0.5965119,moving,40.87803,8.73855,-1.149429,0.794907,44.49366369243463,11.545236387992317,42.77158839823616,46.892019496717246,137.67929416479228
05/18/2023 18:40:24.818476,361,True,True,True,True,Eyes,2.211426,0.02870774,-3.387663,-0.8223116,-0.182309,-0.5390428,0.0,0.0,0.0,0.0,0.0,0.0,0.0,4.028746,0.2220277,-0.1985917,2.223795,0.03176989,-3.372425,-0.05585369,0.889346,-0.03458779,-0.4524907,6.434516,233.7123,356.0735,0.5878564,0.009735511,-0.8089064,-0.08699363,0.006004837,-0.1342915,1.90847,-0.136617,-4.902185,-0.03438103,0.02377512,1.915001,-0.5842654,-0.0680452,0.8087054,-0.1306478,0.9913681,-0.01097447,-0.8009779,-0.1120676,-0.588112,moving,56.7543,18.68599,-1.028551,0.7113022,59.09573137118233,21.219855673966507,60.51402540895515,63.52582227916621,121.76371033229972
05/18/2023 18:40:24.838645,362,True,True,True,True,Eyes,2.211092,0.02867603,-3.387927,-0.8225686,-0.1823279,-0.5386441,0.0,0.0,0.0,0.0,0.0,0.0,0.0,4.029343,0.2324568,-0.1678753,2.215187,0.03034943,-3.377846,-0.0571009,0.8869246,-0.03482478,-0.4570466,6.544188,234.2963,355.9911,0.5829045,0.009423741,-0.8124858,-0.440037,-0.02587058,-0.4137861,1.868887,-0.140217,-4.898719,-0.03068066,0.02121611,1.915003,-0.575696,-0.0694553,0.8147087,-0.1331215,0.9910534,-0.009578366,-0.8067546,-0.1139695,-0.5797915,moving,56.78194,18.70066,-0.9178691,0.6347479,59.12120385670448,21.234220087679887,60.461931412926006,63.474629072657685,121.82897318064558
05/18/2023 18:40:24.848649,363,True,True,True,True,Eyes,2.210403,0.02860929,-3.388397,-0.8230609,-0.182218,-0.5379288,0.0,0.0,0.0,0.0,0.0,0.0,0.0,4.029665,0.2398082,-0.1383553,2.206158,0.02951126,-3.383319,-0.05739108,0.8846363,-0.0339699,-0.4614878,6.492467,234.8695,355.9492,0.5787801,0.009161657,-0.815432,-0.4136348,-0.02431835,-0.3889589,1.8296,-0.1412054,-4.894528,-0.02669239,0.01845828,1.915002,-0.5674706,-0.07018708,0.8203968,-0.1328938,0.9911047,-0.007131444,-0.8125985,-0.1130726,-0.5717502,moving,56.83253,18.71329,-0.7985698,0.5522443,59.16809955032748,21.247200383698758,60.42488928475623,63.43723386369968,121.87966726710917
05/18/2023 18:40:24.868786,364,True,True,True,True,Eyes,2.209296,0.02849009,-3.388962,-0.8238543,-0.1820538,-0.5367686,0.0,0.0,0.0,0.0,0.0,0.0,0.0,4.030023,0.2435105,-0.1069713,2.19711,0.0285768,-3.388761,-0.05667921,0.8823189,-0.03229113,-0.4661097,6.304917,235.4708,355.9664,0.5753294,0.008939756,-0.8178727,-0.3888167,-0.02285925,-0.3656214,1.790403,-0.1235006,-4.892494,-0.02296412,0.01588,1.915,-0.5590587,-0.06991586,0.8261752,-0.1301207,0.9914895,-0.004144682,-0.8188543,-0.1098196,-0.5633984,moving,56.91442,18.7352,-0.6870414,0.4751104,59.24398144579922,21.26958364758171,60.4264778686936,63.436090807899724,121.89354539740938
05/18/2023 18:40:24.888556,365,True,True,True,True,Eyes,2.207855,0.02835231,-3.389699,-0.8248497,-0.1818181,-0.5353179,0.0,0.0,0.0,0.0,0.0,0.0,0.0,4.030276,0.2391371,-0.07609034,2.187607,0.02727655,-3.394073,-0.0550055,0.8800489,-0.03099586,-0.4706672,6.104047,236.0694,356.0995,0.5724237,0.008749688,-0.819911,-0.3654877,-0.02148769,-0.3436841,1.755253,-0.09653336,-4.892049,-0.01899266,0.01313403,1.915,-0.5508937,-0.06763759,0.8318303,-0.1259925,0.9920273,-0.002777178,-0.8250105,-0.1063343,-0.5550234,moving,57.0169,18.7598,-0.5682316,0.3929568,59.33899679746852,21.29495621679422,60.4432652205579,63.44895266185348,121.89375090988885
05/18/2023 18:40:24.908576,366,True,True,True,True,Eyes,2.206044,0.02820457,-3.390548,-0.8261264,-0.1813989,-0.5334881,0.0,0.0,0.0,0.0,0.0,0.0,0.0,4.030385,0.2289081,-0.04588079,2.178242,0.02669095,-3.398977,-0.05318323,0.8777996,-0.03072117,-0.4750744,5.996405,236.6516,356.3,0.5697843,0.008575957,-0.8217493,-0.3435585,-0.02019843,-0.323063,1.721331,-0.1178181,-4.885859,-0.01506251,0.01041583,1.915,-0.5429521,-0.06417875,0.837308,-0.1225581,0.9924555,-0.003402086,-0.8307726,-0.1044661,-0.5467213,moving,57.14682,18.77928,-0.4506529,0.3116329,59.45967810508535,21.316164467057234,60.48572454618009,63.48573152678006,121.86723020332751
05/18/2023 18:40:24.923750,367,True,True,True,True,Eyes,2.203905,0.02802708,-3.391551,-0.8276101,-0.180786,-0.5313924,0.0,0.0,0.0,0.0,0.0,0.0,0.0,4.030084,0.2183207,-0.01529884,2.168469,0.0263198,-3.403898,-0.05105816,0.8755167,-0.02991925,-0.4795505,5.817465,237.2442,356.5015,0.5673636,0.008415932,-0.8234242,-0.3229449,-0.01898652,-0.3036793,1.686738,-0.130583,-4.881541,-0.01141101,0.007890873,1.915,-0.5348489,-0.06070894,0.842764,-0.1181001,0.9929959,-0.003419675,-0.8366536,-0.1013595,-0.5382724,moving,57.29627,18.78891,-0.3414073,0.2360894,59.59874587242904,21.328599863537967,60.550053647826935,63.543024479392805,121.8159250208768
05/18/2023 18:40:24.938771,368,True,True,True,True,Eyes,2.201443,0.0277935,-3.39266,-0.8292997,-0.1799733,-0.5290289,0.0,0.0,0.0,0.0,0.0,0.0,0.0,4.029417,0.2055883,0.01568699,2.158516,0.02539365,-3.408647,-0.04814913,0.8732434,-0.02836466,-0.4840693,5.517717,237.8451,356.7384,0.5651329,0.008267525,-0.8249581,-0.3035682,-0.01784733,-0.2854585,1.652587,-0.09295669,-4.881077,-0.007659495,0.005296461,1.915002,-0.5267172,-0.0566309,0.848152,-0.1115527,0.9937542,-0.002923477,-0.842689,-0.09615353,-0.5297447,moving,57.46529,18.78807,-0.2291666,0.1584668,59.756249269667386,21.331682979588724,60.62765406774976,63.61253964781269,121.74929618966212
05/18/2023 18:40:24.949465,369,True,True,True,True,Eyes,2.198701,0.02752993,-3.393891,-0.8311039,-0.1792137,-0.5264491,0.0,0.0,0.0,0.0,0.0,0.0,0.0,4.028478,0.19125,0.0455575,2.148827,0.02379489,-3.4131,-0.04548961,0.870981,-0.0278254,-0.4884145,5.33083,238.4247,357.0028,0.5630671,0.008128201,-0.8263708,-0.2853541,-0.01677649,-0.268331,1.620144,-0.08892712,-4.876118,-0.003337443,0.002307929,1.915001,-0.5187642,-0.05206051,0.853331,-0.1064218,0.9943129,-0.004035214,-0.8482679,-0.09290635,-0.5213543,moving,57.64846,18.79959,-0.09985436,0.06905194,59.926699949413184,21.346659438517243,60.70997337702011,63.68613509329867,121.68275136617945
05/18/2023 18:40:24.968797,370,True,True,True,True,Eyes,2.195684,0.02739172,-3.395242,-0.832955,-0.1787645,-0.5236691,0.0,0.0,0.0,0.0,0.0,0.0,0.0,4.027282,0.1779623,0.07080746,2.139385,0.02282473,-3.417336,-0.04398987,0.8688842,-0.02892853,-0.4922078,5.369329,238.9321,357.2386,0.5611444,0.007996356,-0.8276789,-0.2682329,-0.0157699,-0.2522311,1.585596,-0.034143,-4.876957,0.000703156,-0.0004865285,1.915,-0.5115931,-0.04796651,0.8578882,-0.1049219,0.9944561,-0.006966771,-0.8527979,-0.09357537,-0.5137896,moving,57.84291,18.84833,0.02103805,-0.01455667,60.10694660917288,21.39673339419983,60.82086294461351,63.78683053416737,121.59620229295284
05/18/2023 18:40:24.988801,371,True,True,True,True,Eyes,2.192368,0.02750282,-3.396719,-0.8348608,-0.1783715,-0.52076,0.0,0.0,0.0,0.0,0.0,0.0,0.0,4.026074,0.1639831,0.09053612,2.12983,0.02576403,-3.421626,-0.04434233,0.8669468,-0.03256183,-0.4953551,5.76158,239.3561,357.4293,0.5593442,0.007874324,-0.8288977,-0.2521389,-0.01482371,-0.2370972,1.557582,-0.01136751,-4.874843,0.004051328,-0.002801769,1.915002,-0.5053144,-0.04462554,0.8617809,-0.1091442,0.993947,-0.01252836,-0.8560055,-0.1003892,-0.5071262,moving,58.04538,18.90744,0.1212133,-0.08382729,60.29446701261727,21.456697646451307,60.95799636774172,63.91255492390277,121.48420763511807
05/18/2023 18:40:25.008220,372,True,True,True,True,Eyes,2.188734,0.0274145,-3.398372,-0.8370348,-0.1765942,-0.517868,0.0,0.0,0.0,0.0,0.0,0.0,0.0,4.024226,0.1594798,0.1076035,2.119379,0.03186706,-3.426166,0.04467344,-0.8652058,0.0328159,0.4983437,5.814637,239.7519,357.4308,0.5576479,0.00776731,-0.8300408,-0.2370106,-0.01393428,-0.2228714,1.522916,-0.06964485,-4.864461,0.007812619,-0.005402356,1.915002,-0.4993159,-0.04459627,0.8652717,-0.1100106,0.9938548,-0.01225955,-0.8594078,-0.1013105,-0.5011536,moving,58.25519,18.8295,0.2337479,-0.1616351,60.49145694827997,21.388546188877573,61.050396851700356,63.9953264960079,121.38446911798972
05/18/2023 18:40:25.023997,373,True,True,True,True,Eyes,2.184963,0.0274165,-3.400062,-0.839063,-0.1757277,-0.5148719,0.0,0.0,0.0,0.0,0.0,0.0,0.0,4.022366,0.1530284,0.1107993,2.107663,0.02665772,-3.431058,0.03468456,-0.8650579,0.01722108,0.5001753,3.697639,239.9936,357.5429,0.5560383,0.007668904,-0.8311208,-0.2227899,-0.01309823,-0.2094991,1.489398,-0.0728717,-4.859574,0.01163471,-0.008045487,1.915002,-0.4972435,-0.04278119,0.8665558,-0.07723542,0.9970008,0.004902256,-0.8641666,-0.06449118,-0.4990564,moving,58.46559,18.84497,0.3480996,-0.2407151,60.687203834949926,21.407843368569857,61.17112117764766,64.10512915237938,121.27975913129424
05/18/2023 18:40:25.039811,374,True,True,True,True,Eyes,2.180883,0.02774476,-3.401893,-0.8410634,-0.1758923,-0.511541,0.0,0.0,0.0,0.0,0.0,0.0,0.0,4.020177,0.1643713,0.1209688,2.100617,0.02900579,-3.433663,0.04117112,-0.8634859,0.02566539,0.5020343,4.914095,240.2359,357.3922,0.5545037,0.007580477,-0.8321463,-0.2094225,-0.01231233,-0.1969292,1.455581,-0.04349644,-4.854362,0.01553595,-0.01074342,1.915,-0.492533,-0.04533155,0.8691124,-0.09687117,0.9952925,-0.002984758,-0.8648856,-0.08566203,-0.4946058,moving,58.69172,18.97543,0.4648172,-0.321434,60.89540044772465,21.535135445213022,61.341186570811814,64.2616916955475,121.15482410679871
05/18/2023 18:40:25.048849,375,True,True,True,True,Eyes,2.176505,0.02809468,-3.403849,-0.8432441,-0.1743293,-0.5084769,0.0,0.0,0.0,0.0,0.0,0.0,0.0,4.016135,0.2120921,0.1499028,2.089381,0.03731924,-3.43946,0.0518146,-0.8601058,0.03095699,0.5065324,6.07004,240.8126,356.6694,0.5530295,0.007509102,-0.8331274,-0.1968572,-0.01157359,-0.1851134,1.418106,-0.07558449,-4.840908,0.01943523,-0.01343993,1.915,-0.4814805,-0.05777064,0.8745509,-0.1204935,0.9927138,-0.0007610111,-0.8681348,-0.1057441,-0.4849333,moving,58.90999,18.92408,0.5814716,-0.402109,61.099762798746205,21.492066862397092,61.44686843121348,64.35696159942461,121.04908191503246
05/18/2023 18:40:25.068368,376,True,True,True,True,Eyes,2.17193,0.02833718,-3.405862,-0.845566,-0.1728403,-0.5051181,0.0,0.0,0.0,0.0,0.0,0.0,0.0,4.015318,0.2034607,0.1374359,2.077932,0.03794216,-3.444389,0.04073425,-0.8611608,0.01219167,0.5065516,3.569886,240.8262,356.6797,0.5516038,0.00745366,-0.8340725,-0.1850457,-0.01087918,-0.1740066,1.379884,-0.1084268,-4.82678,0.02360833,-0.0163254,1.915001,-0.4834926,-0.05780604,0.8734379,-0.08250888,0.9963841,0.02027002,-0.8714514,-0.06226596,-0.486514,moving,59.14706,18.88982,0.7063123,-0.4884352,61.32131436774767,21.46542552588992,61.56977965147661,64.4682129149306,120.93138136702181
05/18/2023 18:40:25.088343,377,True,True,True,True,Eyes,2.167186,0.02857739,-3.407975,-0.847746,-0.1723517,-0.5016189,0.0,0.0,0.0,0.0,0.0,0.0,0.0,4.012897,0.2086221,0.1552458,2.068868,0.03559043,-3.448113,0.04023692,-0.8594551,0.01057491,0.5095156,3.392746,241.2226,356.6469,0.5502169,0.007409879,-0.8349885,-0.173943,-0.01022643,-0.1635662,1.340302,-0.108128,-4.81367,0.02726251,-0.01885242,1.915002,-0.4775497,-0.05838749,0.8766627,-0.0799398,0.9965383,0.02282537,-0.8749607,-0.05918,-0.480564,moving,59.38681,18.96226,0.8156238,-0.5640355,61.54331520980393,21.538720592681653,61.74026294751579,64.62495130254993,120.79142237943788
05/18/2023 18:40:25.108501,378,True,True,True,True,Eyes,2.16217,0.02893678,-3.410182,-0.8500234,-0.1718722,-0.4979157,0.0,0.0,0.0,0.0,0.0,0.0,0.0,4.010865,0.2246422,0.1688151,2.060052,0.03584385,-3.452667,0.04754303,-0.8573918,0.01988249,0.5120779,4.748703,241.5497,356.4813,0.5488612,0.007376558,-0.8358806,-0.1635064,-0.009612842,-0.1537522,1.3,-0.1106518,-4.798374,0.03109264,-0.02150106,1.915001,-0.4710318,-0.06116322,0.8799933,-0.1018888,0.9946886,0.01459729,-0.8762121,-0.08278562,-0.4747619,moving,59.63964,19.04383,0.930193,-0.6432729,61.77732833604191,21.620861110225704,61.92238034540498,64.79248059634612,120.64304892598133
05/18/2023 18:40:25.118756,379,True,True,True,True,Eyes,2.15697,0.02927834,-3.412465,-0.8523681,-0.1710081,-0.4941911,0.0,0.0,0.0,0.0,0.0,0.0,0.0,4.008731,0.2339508,0.1775784,2.048869,0.03904381,-3.45786,0.04733919,-0.856135,0.01616984,0.5143254,4.38067,241.8492,356.2953,0.5475277,0.00735561,-0.8367549,-0.153696,-0.009036071,-0.1445271,1.259258,-0.1206166,-4.78111,0.03491122,-0.02414108,1.915001,-0.4664569,-0.06442434,0.8821948,-0.09769059,0.9949951,0.02100836,-0.879133,-0.07638263,-0.470416,moving,59.89544,19.08748,1.044409,-0.7222497,62.01483659835176,21.66757513197825,62.09564590653698,64.95149957878205,120.49410412039055
05/18/2023 18:40:25.139997,380,True,True,True,True,Eyes,2.151561,0.02955868,-3.414768,-0.8547691,-0.1707334,-0.4901223,0.0,0.0,0.0,0.0,0.0,0.0,0.0,4.00693,0.2325009,0.1895404,2.039282,0.03886798,-3.461978,0.04468715,-0.8549245,0.01166962,0.5166923,3.79187,242.1727,356.3024,0.5462098,0.007345363,-0.8376159,-0.1444743,-0.008493907,-0.1358555,1.219249,-0.1234798,-4.763959,0.03895986,-0.02694088,1.915002,-0.4620641,-0.06434906,0.8845088,-0.08846748,0.9957337,0.02622572,-0.8824229,-0.06613231,-0.4657855,moving,60.17016,19.20571,1.165496,-0.806003,62.26854250146272,21.784531861522662,62.30585069596005,65.1453341160331,120.32841965821096
05/18/2023 18:40:25.148674,381,True,True,True,True,Eyes,2.145984,0.02981999,-3.417142,-0.857144,-0.170768,-0.485945,0.0,0.0,0.0,0.0,0.0,0.0,0.0,4.004487,0.2368794,0.2066636,2.029554,0.03781394,-3.466153,0.04693535,-0.8529459,0.01500581,0.5196685,4.265596,242.5667,356.2933,0.5449016,0.00734325,-0.8384676,-0.1358058,-0.007984272,-0.1277042,1.180332,-0.129436,-4.745557,0.04289734,-0.02966388,1.915001,-0.4554835,-0.06447053,0.8879067,-0.09566271,0.9951438,0.02318336,-0.8850895,-0.07437992,-0.459439,moving,60.44958,19.3622,1.283251,-0.8874561,62.52589339664066,21.93740892895805,62.53561432899263,65.35775173086174,120.15321756381398
05/18/2023 18:40:25.169108,382,True,True,True,True,Eyes,2.140204,0.0300754,-3.419497,-0.8595985,-0.1711553,-0.4814523,0.0,0.0,0.0,0.0,0.0,0.0,0.0,4.001892,0.2431365,0.2243514,2.019937,0.03768351,-3.470305,0.04928557,-0.8509155,0.01781764,0.5226821,4.694564,242.9674,356.2462,0.5435992,0.007347996,-0.8393126,-0.1276575,-0.007505216,-0.1200419,1.142688,-0.1450582,-4.725706,0.04669696,-0.03229154,1.915,-0.4487491,-0.06524979,0.8912727,-0.1025016,0.994507,0.02119876,-0.8877601,-0.08184397,-0.4529723,moving,60.74726,19.57019,1.396871,-0.9660542,62.79926993421374,22.13890988200358,62.80291394747026,65.6055939696228,119.95422675418466
05/18/2023 18:40:25.188662,383,True,True,True,True,Eyes,2.134269,0.03032551,-3.421893,-0.8620426,-0.1717118,-0.4768621,0.0,0.0,0.0,0.0,0.0,0.0,0.0,3.999385,0.2396474,0.2418423,2.010132,0.03791882,-3.474036,0.05001478,-0.8489994,0.02008268,0.525638,4.972621,243.366,356.3275,0.5422973,0.007358797,-0.8401543,-0.119998,-0.007054903,-0.1128394,1.106428,-0.1599776,-4.705784,0.05040878,-0.0348584,1.915,-0.4424067,-0.0638126,0.8945416,-0.1060375,0.9941904,0.01847898,-0.8905239,-0.0866797,-0.4466029,moving,61.04964,19.80328,1.507856,-1.04283,63.07654403999364,22.364012938109948,63.08553197076772,65.86792575522175,119.74720256129176
05/18/2023 18:40:25.208562,384,True,True,True,True,Eyes,2.128158,0.03059449,-3.424303,-0.8645695,-0.1724452,-0.4719982,0.0,0.0,0.0,0.0,0.0,0.0,0.0,3.996871,0.2320491,0.2599287,2.000465,0.03807791,-3.47751,0.05029536,-0.8470702,0.02263243,0.5286117,5.250824,243.7704,356.4719,0.5409932,0.007374924,-0.8409945,-0.1127981,-0.006631609,-0.106069,1.07133,-0.1756492,-4.685482,0.05440569,-0.03762213,1.914999,-0.4360801,-0.06127986,0.897819,-0.1091349,0.9939163,0.01483092,-0.8932658,-0.09151595,-0.4401148,moving,61.36835,20.06985,1.627352,-1.12549,63.368391330402936,22.62082832601982,63.389504492081365,66.15015927145623,119.52998970117666
05/18/2023 18:40:25.218790,385,True,True,True,True,Eyes,2.121879,0.0308674,-3.426744,-0.8670959,-0.1732115,-0.4670573,0.0,0.0,0.0,0.0,0.0,0.0,0.0,3.994314,0.2229084,0.2761288,1.990465,0.03886347,-3.480951,0.05032825,-0.8452587,0.02494322,0.5313971,5.489051,244.1517,356.6267,0.5396836,0.007396327,-0.8418352,-0.1060302,-0.006233712,-0.09970488,1.038363,-0.1974601,-4.664633,0.05834049,-0.04034354,1.914999,-0.4301685,-0.05857127,0.9008465,-0.1115903,0.9936898,0.01132163,-0.8958251,-0.09565553,-0.43399,moving,61.69107,20.34766,1.744977,-1.206879,63.66375928076046,22.888256560686514,63.703471000151715,66.4417877304643,119.3069779874244
05/18/2023 18:40:25.240748,386,True,True,True,True,Eyes,2.115424,0.03113408,-3.429166,-0.8696953,-0.1740042,-0.4619012,0.0,0.0,0.0,0.0,0.0,0.0,0.0,3.990977,0.2188735,0.2941232,1.980132,0.03924114,-3.484229,0.05026119,-0.8433313,0.02584206,0.5344141,5.58414,244.5638,356.7079,0.5383654,0.007422594,-0.8426786,-0.09966844,-0.005859689,-0.09372259,1.007011,-0.2210877,-4.643204,0.0621767,-0.04299578,1.914999,-0.423751,-0.05715295,0.9039739,-0.1123944,0.993612,0.01013373,-0.8987784,-0.09730741,-0.4274677,moving,62.02692,20.64205,1.859642,-1.286196,63.971043117922086,23.171504859564735,64.03865484662994,66.75331662297661,119.0684073449534
05/18/2023 18:40:25.249041,387,True,True,True,True,Eyes,2.108832,0.03140277,-3.431612,-0.8722757,-0.1749505,-0.4566482,0.0,0.0,0.0,0.0,0.0,0.0,0.0,3.987161,0.2184007,0.3137536,1.969922,0.03941353,-3.487325,0.05061548,-0.8412623,0.02666749,0.5375918,5.698265,244.9976,356.7456,0.5370359,0.007453114,-0.8435262,-0.09368833,-0.005508108,-0.08809923,0.9751154,-0.235597,-4.622583,0.06595671,-0.04560992,1.915,-0.4168667,-0.05648934,0.9072109,-0.1138342,0.9934538,0.009552236,-0.9018118,-0.09928963,-0.4205681,moving,62.36733,20.96277,1.97261,-1.364366,64.28207046885602,23.47950338085429,64.38962032688883,67.07970415656945,118.82276921780115
05/18/2023 18:40:25.273879,388,True,True,True,True,Eyes,2.102085,0.03167099,-3.434036,-0.8748744,-0.1760543,-0.4512202,0.0,0.0,0.0,0.0,0.0,0.0,0.0,3.982718,0.2275094,0.3355751,1.960027,0.03977488,-3.490433,0.05257509,-0.8389189,0.02796021,0.5409891,5.957907,245.4592,356.6592,0.5356941,0.007487509,-0.8443787,-0.08806703,-0.005177622,-0.08281328,0.9441105,-0.2464786,-4.602178,0.06973219,-0.04822078,1.915,-0.4091336,-0.05796013,0.910632,-0.1184648,0.9929082,0.009972391,-0.9047518,-0.1037978,-0.4130982,moving,62.71739,21.31442,2.085428,-1.442435,64.60149574161206,23.816674416245515,64.76194303339322,67.42611759826966,118.5663451767448
05/18/2023 18:40:25.289631,389,True,True,True,True,Eyes,1.930232,0.03823369,-3.495037,-0.9288796,-0.2057872,-0.3079517,0.0,0.0,0.0,0.0,0.0,0.0,0.0,3.977825,0.2417082,0.3572354,1.950027,0.04014656,-3.493553,0.05549841,-0.8364676,0.02972401,0.544388,6.324061,245.9208,356.5112,0.5343376,0.007525417,-0.8452374,-0.08278301,-0.004866964,-0.07784448,0.9133852,-0.2536826,-4.582526,0.07359976,-0.05089515,1.915,-0.4011233,-0.06048246,0.9140252,-0.1252081,0.9920728,0.01069899,-0.9074266,-0.1101517,-0.4055164,moving,71.65807,33.75262,2.200982,-1.522397,72.69340438576177,35.663957998398125,77.9013087039623,79.6994768607645,109.74373403344165
05/18/2023 18:40:25.298767,390,True,True,True,True,Eyes,1.929806,0.03820873,-3.495082,-0.9289725,-0.2058994,-0.3075963,0.0,0.0,0.0,0.0,0.0,0.0,0.0,3.972872,0.2515398,0.3793931,1.940076,0.04032364,-3.496483,0.05765701,-0.8340256,0.03127959,0.5478127,6.623607,246.3894,356.427,0.5278452,0.007775176,-0.8493047,-0.5933774,0.01511315,-0.2561777,0.883764,-0.2575029,-4.563739,0.07750338,-0.05359492,1.915001,-0.3931543,-0.06190414,0.9173865,-0.1304456,0.9913945,0.01099452,-0.9101726,-0.1153464,-0.3978461,moving,71.67954,33.79765,2.317594,-1.603112,72.71254517742128,35.70659921731054,77.873573843041,79.67097151654819,109.81722486596587
05/18/2023 18:40:25.318410,391,True,True,True,True,Eyes,1.928996,0.03817393,-3.495227,-0.9291183,-0.2062453,-0.3069239,0.0,0.0,0.0,0.0,0.0,0.0,0.0,3.968263,0.2521522,0.4011054,1.930024,0.03979003,-3.499285,0.0588869,-0.8316374,0.03374294,0.5511562,6.95187,246.8546,356.4913,0.5224563,0.007984754,-0.8526284,-0.5577747,0.01420636,-0.2408071,0.8538797,-0.2590385,-4.544521,0.08158135,-0.05641467,1.915001,-0.3855186,-0.06074983,0.9206982,-0.1351403,0.9907875,0.008787972,-0.9127501,-0.1210355,-0.3901767,moving,71.7196,33.90013,2.439395,-1.687408,72.74790489796018,35.8034412912294,77.88594010309863,79.67967334677797,109.87528086067407
05/18/2023 18:40:25.340538,392,True,True,True,True,Eyes,1.927779,0.03814336,-3.495377,-0.9293898,-0.2065639,-0.3058857,0.0,0.0,0.0,0.0,0.0,0.0,0.0,3.963553,0.249661,0.4231606,1.919957,0.03955775,-3.501907,0.05994078,-0.8292119,0.03665081,0.5545012,7.311116,247.3249,356.6036,0.5179674,0.008160843,-0.8553612,-0.5243083,0.01335398,-0.2263586,0.8248612,-0.2534185,-4.527276,0.08522832,-0.05893664,1.915001,-0.3778712,-0.05876138,0.9239916,-0.140053,0.9901277,0.00569189,-0.9152041,-0.127257,-0.3823704,moving,71.78232,34.03106,2.548303,-1.762796,72.8038324282362,35.92743234858339,77.93939464292126,79.72698870652347,109.90085156557619
05/18/2023 18:40:25.349025,393,True,True,True,True,Eyes,1.926189,0.03812066,-3.495614,-0.9297377,-0.2069252,-0.3045812,0.0,0.0,0.0,0.0,0.0,0.0,0.0,3.958774,0.2448941,0.4443598,1.909706,0.03970747,-3.504392,0.06057563,-0.8268644,0.03926755,0.5577491,7.614654,247.7851,356.7396,0.5142097,0.008309278,-0.8576238,-0.4928498,0.01255274,-0.2127771,0.7964707,-0.2506199,-4.509538,0.08929265,-0.06174697,1.914999,-0.3704933,-0.05637279,0.927123,-0.1439785,0.9895774,0.002634119,-0.9176083,-0.1325099,-0.3747482,moving,71.86125,34.19125,2.669656,-1.846797,72.87430232435021,36.07918291830956,78.014213524428,79.79393660104206,109.92037639372057
05/18/2023 18:40:25.368729,394,True,True,True,True,Eyes,1.924226,0.03810677,-3.495892,-0.930225,-0.2070514,-0.3030035,0.0,0.0,0.0,0.0,0.0,0.0,0.0,3.953684,0.2409004,0.4651957,1.899117,0.03987038,-3.506824,0.06043206,-0.8246218,0.04016506,0.5610114,7.703579,248.2442,356.8415,0.5110434,0.008434941,-0.8595131,-0.4632788,0.01179958,-0.2000105,0.7701951,-0.2499436,-4.493032,0.09287006,-0.06422113,1.915,-0.3632285,-0.05460108,0.930099,-0.1447333,0.9894695,0.001564195,-0.9203899,-0.1340481,-0.3673061,moving,71.95794,34.34597,2.776447,-1.920742,72.96142538832767,36.2262199515592,78.11116036137211,79.88192472332979,109.91225489727786
05/18/2023 18:40:25.388624,395,True,True,True,True,Eyes,1.921912,0.03808068,-3.496249,-0.9307874,-0.2071588,-0.3011977,0.0,0.0,0.0,0.0,0.0,0.0,0.0,3.948363,0.2424016,0.4841199,1.888553,0.04007564,-3.509197,0.06035956,-0.8225347,0.03965731,0.5641106,7.662524,248.6748,356.8446,0.5081824,0.00854678,-0.8612067,-0.4354821,0.0110916,-0.1880099,0.7441,-0.2507097,-4.476105,0.09710974,-0.06715269,1.915001,-0.356272,-0.05455346,0.9327883,-0.1440379,0.9895681,0.002859922,-0.9232135,-0.133338,-0.3604132,moving,72.0687,34.51955,2.902984,-2.008349,73.0612964407919,36.39123273076973,78.2188191878838,79.97947662768144,109.90655163428848
05/18/2023 18:40:25.408552,396,True,True,True,True,Eyes,1.91924,0.03802571,-3.496622,-0.9314758,-0.2071235,-0.2990866,0.0,0.0,0.0,0.0,0.0,0.0,0.0,3.942356,0.2491831,0.504324,1.877755,0.03976405,-3.51156,0.0608209,-0.8202771,0.03889539,0.567392,7.633077,249.1291,356.7817,0.505555,0.008646907,-0.8627506,-0.4093531,0.01042611,-0.1767293,0.7205521,-0.2538266,-4.460814,0.1006871,-0.06962612,1.915001,-0.3487347,-0.05564212,0.9355685,-0.1439178,0.9895759,0.005208581,-0.9261059,-0.1328286,-0.3531073,moving,72.19875,34.70338,3.009731,-2.082258,73.17894455529138,36.56628148709613,78.36008877770243,80.10885179213166,109.8669744150205
05/18/2023 18:40:25.418792,397,True,True,True,True,Eyes,1.916231,0.03793482,-3.497061,-0.932243,-0.2070488,-0.2967388,0.0,0.0,0.0,0.0,0.0,0.0,0.0,3.936017,0.253554,0.5263109,1.866878,0.03902619,-3.513796,0.06075423,-0.817921,0.03790576,0.5708566,7.548867,249.6111,356.7555,0.5031319,0.008735817,-0.8641651,-0.3847919,0.009800538,-0.1661255,0.6973519,-0.2582127,-4.445365,0.1046,-0.07233198,1.915002,-0.3408635,-0.05610683,0.938437,-0.1426618,0.9897441,0.00735606,-0.9292253,-0.1313717,-0.345372,moving,72.3434,34.90531,3.126467,-2.163104,73.30984908130496,36.75860673528768,78.51783956784524,80.25339050116105,109.8215489803844
05/18/2023 18:40:25.440657,398,True,True,True,True,Eyes,1.912896,0.03780942,-3.497534,-0.9330114,-0.2073474,-0.2941033,0.0,0.0,0.0,0.0,0.0,0.0,0.0,3.929369,0.256206,0.5489335,1.855723,0.03806321,-3.515928,0.06056472,-0.8154839,0.03720959,0.5743983,7.484859,250.1071,356.7602,0.5008858,0.008813768,-0.8654682,-0.3617044,0.009212506,-0.156158,0.6753996,-0.2626203,-4.431218,0.1083836,-0.07494882,1.915,-0.3327972,-0.05603287,0.9413324,-0.1415254,0.9898947,0.008888901,-0.932318,-0.1302642,-0.3373642,moving,72.50414,35.18444,3.239323,-2.241285,73.45426406230933,37.02356231842161,78.72928150198702,80.44790975110872,109.75475025253081
05/18/2023 18:40:25.448832,399,True,True,True,True,Eyes,1.909254,0.03763747,-3.498066,-0.9338543,-0.207601,-0.2912354,0.0,0.0,0.0,0.0,0.0,0.0,0.0,3.922572,0.2609622,0.5716734,1.844745,0.0371217,-3.518098,0.06072798,-0.8129934,0.03661973,0.5779385,7.454411,250.6038,356.7383,0.4987928,0.008881031,-0.8666755,-0.3400021,0.008659756,-0.1467885,0.653892,-0.2655624,-4.41806,0.1124324,-0.0777481,1.915,-0.3245987,-0.05641498,0.944168,-0.1410708,0.9899423,0.01065088,-0.9352727,-0.1297373,-0.3292924,moving,72.67919,35.48238,3.360061,-2.324905,73.61165161554042,37.30645234004868,78.95905549327364,80.65934830277342,109.68068732665975
05/18/2023 18:40:25.468886,400,True,True,True,True,Eyes,1.905312,0.03741634,-3.49865,-0.9347183,-0.2081701,-0.2880396,0.0,0.0,0.0,0.0,0.0,0.0,0.0,3.915272,0.2655108,0.5958872,1.83363,0.03582841,-3.520149,0.06072398,-0.810382,0.03587105,0.5816416,7.398966,251.1249,356.7228,0.4968316,0.008937525,-0.8678007,-0.319602,0.00814017,-0.1379812,0.6324688,-0.2704964,-4.403708,0.1163196,-0.08043609,1.915002,-0.3160114,-0.05669104,0.9470602,-0.1401474,0.9900518,0.01250068,-0.9383473,-0.1287777,-0.3208127,moving,72.87298,35.85616,3.475946,-2.405189,73.78504490867257,37.66076035417784,79.2456885596747,80.92372758963249,109.58221142100606
05/18/2023 18:40:25.488904,401,True,True,True,True,Eyes,1.90109,0.03711802,-3.499294,-0.9356351,-0.2087715,-0.2846076,0.0,0.0,0.0,0.0,0.0,0.0,0.0,3.907569,0.2718891,0.6208038,1.82245,0.03455231,-3.5222,0.06109548,-0.8076492,0.0353558,0.5854232,7.391215,251.6588,356.6881,0.4949826,0.008983126,-0.8688561,-0.3004259,0.00765176,-0.1297023,0.6121194,-0.278623,-4.389428,0.120195,-0.08311613,1.915002,-0.3070945,-0.05729121,0.9499533,-0.1400836,0.9900346,0.01442325,-0.9413128,-0.1286436,-0.3120597,moving,73.08094,36.26159,3.591455,-2.485228,73.97103389216656,38.04501830505473,79.56195341173034,81.21567576882617,109.4693410852015
05/18/2023 18:40:25.508417,402,True,True,True,True,Eyes,1.896598,0.03676016,-3.499987,-0.9365575,-0.2097456,-0.2808323,0.0,0.0,0.0,0.0,0.0,0.0,0.0,3.899462,0.2816021,0.646245,1.811427,0.03269272,-3.524259,0.06193469,-0.8048085,0.03500855,0.5892554,7.431516,252.2014,356.6217,0.4932291,0.009016999,-0.8698525,-0.2824003,0.007192654,-0.1219202,0.5912324,-0.2804375,-4.376178,0.1236387,-0.0854974,1.915,-0.2978847,-0.05843318,0.9528118,-0.1409491,0.989877,0.01664034,-0.9441389,-0.1293411,-0.3031053,moving,73.30833,36.755,3.694076,-2.556339,74.17343853529137,38.512073522677845,79.94701829305104,81.57177851753556,109.32445921430195
05/18/2023 18:40:25.518886,403,True,True,True,True,Eyes,1.891837,0.03636542,-3.500732,-0.9375218,-0.2107281,-0.2768511,0.0,0.0,0.0,0.0,0.0,0.0,0.0,3.891096,0.2897317,0.672585,1.800318,0.03054465,-3.52631,0.06289547,-0.8018314,0.0354472,0.5931731,7.554033,252.7615,356.5989,0.4915556,0.009038839,-0.870799,-0.2654563,0.006761095,-0.1146049,0.5691779,-0.2780893,-4.361934,0.1275395,-0.08819509,1.915001,-0.2883799,-0.05881047,0.9557084,-0.1429158,0.9895753,0.01777046,-0.9467906,-0.1314611,-0.2937786,moving,73.54808,37.27695,3.810284,-2.636886,74.38681205967191,39.00612616838266,80.35219035703079,81.94624320500436,109.17836426433102
05/18/2023 18:40:25.541477,404,True,True,True,True,Eyes,1.886807,0.035943,-3.501526,-0.9385191,-0.2118323,-0.272597,0.0,0.0,0.0,0.0,0.0,0.0,0.0,3.882955,0.2954208,0.6974258,1.789027,0.02927635,-3.52839,0.0634681,-0.7989845,0.03552214,0.5969371,7.616174,253.301,356.5868,0.4899484,0.009048939,-0.8717041,-0.2495289,0.00635543,-0.1077287,0.5467899,-0.275353,-4.347419,0.1313624,-0.09083843,1.915001,-0.2792761,-0.05901108,0.958396,-0.143829,0.9894199,0.01900965,-0.9493779,-0.1325362,-0.2848088,moving,73.80383,37.8504,3.924143,-2.7158,74.61410543280005,39.54875096136387,80.8009111189841,82.36117444959369,109.01385125207895
05/18/2023 18:40:25.549361,405,True,True,True,True,Eyes,1.881522,0.0354859,-3.502374,-0.9395739,-0.2127882,-0.2681828,0.0,0.0,0.0,0.0,0.0,0.0,0.0,3.874765,0.3009951,0.721755,1.777458,0.02819894,-3.530605,0.06340763,-0.7962298,0.03427737,0.6006852,7.513592,253.8356,356.5423,0.4883956,0.009047789,-0.872575,-0.2345572,0.005974104,-0.1012649,0.5252693,-0.2749794,-4.332254,0.1354048,-0.09363402,1.915002,-0.2703137,-0.05979427,0.9609139,-0.1421539,0.9896091,0.02159073,-0.9522201,-0.1307614,-0.2760048,moving,74.06966,38.43005,4.044506,-2.799248,74.85067202346512,40.09740994017504,81.26116665601424,82.78669222392503,108.84577788510028
05/18/2023 18:40:25.568455,406,True,True,True,True,Eyes,1.87599,0.03500409,-3.503288,-0.9406513,-0.2138435,-0.263526,0.0,0.0,0.0,0.0,0.0,0.0,0.0,3.86676,0.30604,0.7447686,1.765958,0.02689703,-3.532822,0.06303929,-0.7935987,0.03259054,0.6042889,7.349154,254.3499,356.493,0.4868855,0.009035652,-0.8734187,-0.2204838,0.005615658,-0.09518903,0.5030738,-0.2720164,-4.316823,0.1394655,-0.09644137,1.915001,-0.2617222,-0.0606676,0.9632348,-0.139444,0.9899278,0.02446028,-0.955017,-0.1279155,-0.2675458,moving,74.34964,39.05831,4.165376,-2.883038,75.09949016069017,40.69189356981171,81.76128414646384,83.24916343769227,108.66354745777446
05/18/2023 18:40:25.588620,407,True,True,True,True,Eyes,1.870215,0.03447913,-3.504253,-0.9417824,-0.2147321,-0.2587198,0.0,0.0,0.0,0.0,0.0,0.0,0.0,3.85851,0.3109801,0.7686372,1.754326,0.02582984,-3.535149,0.06307708,-0.7908066,0.0316969,0.6079817,7.286543,254.8817,356.4615,0.4854089,0.00901301,-0.8742405,-0.2072548,0.005278718,-0.0894777,0.4803213,-0.2653648,-4.301239,0.1433471,-0.09912571,1.914999,-0.2527595,-0.06122128,0.9655904,-0.1383058,0.9900331,0.02656718,-0.9575931,-0.1268317,-0.2587075,moving,74.63904,39.69197,4.280887,-2.963145,75.35698190333837,41.29164744698839,82.27836003005062,83.72752188638084,108.46905900772987
05/18/2023 18:40:25.598934,408,True,True,True,True,Eyes,1.864225,0.03393344,-3.505296,-0.9429264,-0.2157225,-0.2536801,0.0,0.0,0.0,0.0,0.0,0.0,0.0,3.850965,0.3087937,0.7910266,1.742666,0.02423172,-3.537448,0.06187188,-0.7882338,0.03043474,0.6115007,7.102731,255.3913,356.5152,0.4839563,0.008979827,-0.8750458,-0.1948195,0.004961995,-0.08410903,0.4588359,-0.2630448,-4.285417,0.147266,-0.1018365,1.915,-0.2444774,-0.06031726,0.967777,-0.1347607,0.9904912,0.02769001,-0.9602449,-0.1236488,-0.2502811,moving,74.94198,40.37691,4.397464,-3.044026,75.62610557006396,41.93971122655622,82.83662487565722,84.24402646350958,108.26147250005974
05/18/2023 18:40:25.619066,409,True,True,True,True,Eyes,1.858004,0.03339309,-3.50638,-0.9440762,-0.2166982,-0.2485196,0.0,0.0,0.0,0.0,0.0,0.0,0.0,3.843891,0.3047332,0.8113194,1.731234,0.02317131,-3.539617,0.06137004,-0.7857177,0.03097361,0.6147538,7.130399,255.8699,356.6284,0.4825206,0.008936635,-0.8758387,-0.1831303,0.004664275,-0.07906249,0.4400271,-0.2673793,-4.271063,0.1508982,-0.1043476,1.915001,-0.2366232,-0.05835676,0.9698474,-0.1345213,0.9905487,0.0267819,-0.962244,-0.1241279,-0.242237,moving,75.25198,41.087,4.505481,-3.118938,75.9013248157182,42.61147793862951,83.4220119346018,84.78583287364987,108.04025823216978
05/18/2023 18:40:25.641655,410,True,True,True,True,Eyes,1.851568,0.03285297,-3.507541,-0.9452621,-0.2176249,-0.2431442,0.0,0.0,0.0,0.0,0.0,0.0,0.0,3.836551,0.303026,0.8307738,1.719399,0.02275091,-3.541792,0.06123041,-0.7831932,0.03137078,0.6179603,7.170055,256.3419,356.6986,0.4810944,0.008884554,-0.8766235,-0.1721425,0.004384419,-0.07431874,0.4240482,-0.2797718,-4.258045,0.1547799,-0.1070313,1.915001,-0.2287516,-0.05713869,0.9718063,-0.1346823,0.9905335,0.02653715,-0.964123,-0.1248147,-0.2342817,moving,75.57485,41.82995,4.620884,-3.19899,76.18790523131725,43.31429743012046,84.03612752056556,85.35411200100916,107.81281414340724
05/18/2023 18:40:25.648961,411,True,True,True,True,Eyes,1.844933,0.03231816,-3.508745,-0.9464492,-0.2184626,-0.2377141,0.0,0.0,0.0,0.0,0.0,0.0,0.0,3.829412,0.301966,0.8489795,1.707556,0.02219568,-3.544024,0.06025838,-0.7808769,0.02987644,0.6210536,6.979085,256.7917,356.708,0.4796721,0.008824486,-0.8774031,-0.1618139,0.004121354,-0.06985962,0.4064173,-0.2783348,-4.247157,0.1587632,-0.1097866,1.915002,-0.2213227,-0.05699902,0.9735335,-0.1312185,0.9909527,0.02818772,-0.9663321,-0.121507,-0.2267997,moving,75.90099,42.58345,4.739268,-3.28116,76.47733004218391,44.027066962601815,84.66140282594769,85.9326357323763,107.58522878672923
05/18/2023 18:40:25.673795,412,True,True,True,True,Eyes,1.838106,0.03200288,-3.510029,-0.9475445,-0.2197427,-0.232105,0.0,0.0,0.0,0.0,0.0,0.0,0.0,3.822784,0.3041676,0.8644681,1.696093,0.02178107,-3.546307,0.06007425,-0.7787042,0.02898191,0.6238357,6.897273,257.1981,356.6854,0.4782488,0.008757369,-0.8781804,-0.1521051,0.003874073,-0.06566804,0.3806373,-0.2158655,-4.246444,0.1625503,-0.1124056,1.915002,-0.2144402,-0.05740023,0.975049,-0.12972,0.9911023,0.02981625,-0.9680848,-0.1200896,-0.2199781,moving,76.23618,43.43281,4.851783,-3.359257,76.77334753157592,44.829772096103966,85.35355686312141,86.573055680707,107.34073974188202
05/18/2023 18:40:25.688953,413,True,True,True,True,Eyes,1.831022,0.03182954,-3.51137,-0.9487149,-0.2205224,-0.2265172,0.0,0.0,0.0,0.0,0.0,0.0,0.0,3.815763,0.3167167,0.8776808,1.684402,0.02684009,-3.548626,0.06378452,-0.7762718,0.03149897,0.6263718,7.400784,257.5771,356.5562,0.4768194,0.008689422,-0.878958,-0.1429788,0.003641628,-0.06172796,0.373559,-0.2570903,-4.235888,0.1663786,-0.1150527,1.915001,-0.2071801,-0.05956811,0.9764877,-0.1384884,0.9898787,0.03100213,-0.9684511,-0.1288092,-0.2133326,moving,76.57134,44.23172,4.965487,-3.438181,77.07030534046662,45.5852535225116,86.02219274819383,87.19175396959665,107.10107452284429
05/18/2023 18:40:25.708811,414,True,True,True,True,Eyes,1.823747,0.03142918,-3.512767,-0.9501298,-0.220178,-0.2208505,0.0,0.0,0.0,0.0,0.0,0.0,0.0,3.809675,0.3185328,0.8891993,1.671099,0.03001233,-3.551378,0.06160402,-0.7746022,0.02541297,0.6289281,6.710855,257.9339,356.3358,0.4753783,0.008624308,-0.8797389,-0.1344001,0.003423131,-0.05802428,0.3590562,-0.2920014,-4.218992,0.1704024,-0.1178349,1.915001,-0.2013087,-0.06347135,0.9774691,-0.1274031,0.9911183,0.03811911,-0.971207,-0.1168589,-0.2076072,moving,76.9144,44.91263,5.084955,-3.521118,77.37688884991617,46.230463546561225,86.63311788418751,87.7572992186108,106.86721504914314
05/18/2023 18:40:25.723897,415,True,True,True,True,Eyes,1.816407,0.03114914,-3.51415,-0.9512186,-0.2211431,-0.2151253,0.0,0.0,0.0,0.0,0.0,0.0,0.0,3.807539,0.286424,0.8940787,1.659145,0.0238485,-3.55323,0.0511276,-0.7742766,0.01476474,0.6306059,5.010985,258.1693,356.5151,0.4739227,0.008556033,-0.8805245,-0.1263361,0.003217743,-0.05454282,0.3348825,-0.2112779,-4.226484,0.1740469,-0.1203549,1.915001,-0.1994443,-0.06055232,0.9780365,-0.09779526,0.9943359,0.04161873,-0.975017,-0.08734671,-0.2042364,moving,77.2565,45.79027,5.193122,-3.596224,77.67880207997128,47.05979797154316,87.362212874806,88.43193076393509,106.61498030695223
05/18/2023 18:40:25.741759,416,True,True,True,True,Eyes,1.808819,0.03108593,-3.515639,-0.9522195,-0.222531,-0.2091843,0.0,0.0,0.0,0.0,0.0,0.0,0.0,3.79931,0.3198853,0.9055982,1.650117,0.02674417,-3.554375,0.06220755,-0.7713677,0.02703768,0.6327648,6.91735,258.5095,356.4336,0.472452,0.008487925,-0.8813152,-0.1187559,0.003024678,-0.05127025,0.3181427,-0.2108144,-4.215135,0.1780257,-0.1231068,1.915001,-0.1914781,-0.0617528,0.9795524,-0.1301868,0.9907984,0.03701351,-0.9728246,-0.1204375,-0.1977556,moving,77.61002,46.77076,5.311164,-3.678226,77.98938211949694,47.985665146325545,88.16022213752035,89.16995591231695,106.35617675946264
05/18/2023 18:40:25.748923,417,True,True,True,True,Eyes,1.801031,0.03105282,-3.517112,-0.9534747,-0.2225336,-0.2033833,0.0,0.0,0.0,0.0,0.0,0.0,0.0,3.791015,0.3454851,0.9156108,1.636227,0.0320454,-3.556858,0.06701137,-0.7689009,0.0277912,0.6352389,7.346746,258.8731,356.0835,0.4709618,0.008425472,-0.882113,-0.1116305,0.002843197,-0.04819404,0.3092858,-0.2588488,-4.2037,0.1817864,-0.1257071,1.915,-0.1839618,-0.06774209,0.9805962,-0.1383583,0.9894743,0.0423991,-0.973147,-0.1278738,-0.1913982,moving,77.95885,47.57444,5.422702,-3.755702,78.2989856353996,48.74592441308109,88.86099394232583,89.81855873106596,106.10776249158526
05/18/2023 18:40:25.774482,418,True,True,True,True,Eyes,1.604761,0.03482821,-3.554507,-0.9685667,-0.2441488,-0.04764402,0.0,0.0,0.0,0.0,0.0,0.0,0.0,3.787623,0.3195254,0.921051,1.623711,0.03246067,-3.557952,0.0567506,-0.7686716,0.01385519,0.6369706,5.37058,259.1066,355.9917,0.4694496,0.008368875,-0.8829193,-0.1049327,0.002672606,-0.0453024,0.2912877,-0.2468984,-4.197656,0.1856136,-0.1283538,1.915001,-0.182096,-0.06959445,0.980815,-0.1048959,0.9931748,0.05099675,-0.9776698,-0.09359712,-0.1881532,moving,87.18388,78.95789,5.536164,-3.834542,86.2922314557665,78.33315520871139,116.27956107799548,115.20882299330545,97.14028370064722
05/18/2023 18:40:25.789126,419,True,True,True,True,Eyes,1.604188,0.03496605,-3.554588,-0.968596,-0.2440925,-0.0473368,0.0,0.0,0.0,0.0,0.0,0.0,0.0,3.776293,0.3541559,0.9423742,1.614094,0.03722318,-3.5591,0.06548227,-0.7651566,0.02044866,0.6401793,6.611331,259.5891,355.7262,0.4612404,0.008489605,-0.8872342,-0.6874467,0.0138384,-0.15477,0.2734436,-0.2305081,-4.189715,0.1895758,-0.131093,1.915,-0.1717653,-0.07402678,0.9823528,-0.12639,0.9905879,0.05254795,-0.9769967,-0.1151337,-0.1795049,moving,87.2021,79.02488,5.653586,-3.916122,86.30792253230997,78.39627737749842,116.31581985427519,115.24084819519472,97.2158140684006
05/18/2023 18:40:25.808452,420,True,True,True,True,Eyes,1.603167,0.03498001,-3.554749,-0.9689849,-0.2427021,-0.04651823,0.0,0.0,0.0,0.0,0.0,0.0,0.0,3.765271,0.3745448,0.9619718,1.599725,0.04069044,-3.561202,0.06730755,-0.7621667,0.01716901,0.6436434,6.477637,260.0985,355.3531,0.4545042,0.00858373,-0.8907028,-0.6461999,0.0130081,-0.1454838,0.2592691,-0.2502627,-4.177263,0.193509,-0.1338133,1.914999,-0.1623857,-0.0804977,0.9834383,-0.1247006,0.9903499,0.06047283,-0.9788158,-0.1128154,-0.1708567,moving,87.2515,79.14982,5.770104,-3.997128,86.35155388917254,78.51435664305912,116.41577580303934,115.3321948297309,97.26870946860281
05/18/2023 18:40:25.818829,421,True,True,True,True,Eyes,1.601797,0.03489036,-3.554933,-0.9692124,-0.2420253,-0.04528994,0.0,0.0,0.0,0.0,0.0,0.0,0.0,3.759775,0.3464007,0.9778128,1.587879,0.03739932,-3.562198,0.05611118,-0.7610331,0.00308724,0.6462746,4.429101,260.4951,355.3161,0.448961,0.00865439,-0.8935091,-0.6074279,0.01222761,-0.1367547,0.2451982,-0.2678562,-4.1645,0.1976318,-0.1366638,1.915,-0.1583616,-0.08141451,0.9840191,-0.08939532,0.993684,0.06782747,-0.9833262,-0.07722543,-0.1646394,moving,87.3246,79.40088,5.892178,-4.081989,86.41484754100554,78.75103134490797,116.62173369169764,115.52146800257482,97.29894159487024
05/18/2023 18:40:25.842430,422,True,True,True,True,Eyes,1.599995,0.03496175,-3.555161,-0.9692057,-0.2423842,-0.04347675,0.0,0.0,0.0,0.0,0.0,0.0,0.0,3.747242,0.3628343,1.006545,1.578036,0.03496107,-3.563029,0.06123834,-0.7571437,0.009748895,0.6502987,5.417306,261.0992,355.3877,0.4443826,0.008704192,-0.8957944,-0.5709822,0.01149396,-0.1285495,0.2305133,-0.2792477,-4.151856,0.201216,-0.139143,1.915001,-0.1467234,-0.08005307,0.9859332,-0.1054118,0.9923096,0.06488379,-0.9835451,-0.09440904,-0.1540335,moving,87.43154,79.83092,5.998262,-4.155779,86.50623707925308,79.15601248601334,116.98352180859442,115.85503291601361,97.27741887139457
05/18/2023 18:40:25.848905,423,True,True,True,True,Eyes,1.597733,0.03512411,-3.555411,-0.9694295,-0.2418639,-0.04133141,0.0,0.0,0.0,0.0,0.0,0.0,0.0,3.733349,0.3897125,1.033117,1.565735,0.03909785,-3.564273,0.06896089,-0.7528902,0.01682335,0.6543072,6.636819,261.7111,355.2748,0.4405796,0.008741712,-0.8976706,-0.5367233,0.01080432,-0.1208365,0.2158461,-0.2908199,-4.138159,0.2052472,-0.1419306,1.915001,-0.1342532,-0.08182468,0.9875631,-0.1258552,0.9899227,0.06491095,-0.9829225,-0.1155755,-0.1431984,moving,87.55869,80.30257,6.117532,-4.238738,86.61565902170129,79.60040475736726,117.38779738427597,116.22801001605492,97.25239721861824
05/18/2023 18:40:25.868688,424,True,True,True,True,Eyes,1.595141,0.03519493,-3.555689,-0.9697129,-0.2411794,-0.03859522,0.0,0.0,0.0,0.0,0.0,0.0,0.0,3.72312,0.3613075,1.062822,1.552466,0.04125042,-3.565095,0.06122709,-0.7500539,0.008419818,0.6584828,5.351446,262.3431,355.3475,0.4373957,0.008772414,-0.899226,-0.5045199,0.01015606,-0.1135863,0.2012242,-0.3000842,-4.125506,0.2088819,-0.1444443,1.915,-0.1253032,-0.08075862,0.9888262,-0.1029358,0.9923607,0.06800334,-0.9867641,-0.09326461,-0.132659,moving,87.72079,80.90822,6.225023,-4.313529,86.75507440040214,80.17102597634553,117.91652361538348,116.71644789018623,97.18546490806237
05/18/2023 18:40:25.888838,425,True,True,True,True,Eyes,1.592218,0.03520202,-3.555976,-0.9698322,-0.2411838,-0.03543789,0.0,0.0,0.0,0.0,0.0,0.0,0.0,3.711319,0.3391028,1.095693,1.541807,0.03902506,-3.565211,0.05726359,-0.7465518,0.007499768,0.6628162,4.997276,263.0098,355.6501,0.4346043,0.008798627,-0.9005781,-0.4742487,0.009546696,-0.1067711,0.1853255,-0.3055016,-4.111926,0.212832,-0.1471752,1.915,-0.1147915,-0.07555853,0.990512,-0.0954424,0.9933293,0.06471252,-0.9887941,-0.08710839,-0.1212373,moving,87.90733,81.64117,6.341794,-4.394765,86.91481893432329,80.86136409505829,118.55428619114335,117.30566864112035,97.09792935655783
05/18/2023 18:40:25.908579,426,True,True,True,True,Eyes,1.588946,0.03522331,-3.556284,-0.9698552,-0.2415896,-0.03186419,0.0,0.0,0.0,0.0,0.0,0.0,0.0,3.69514,0.355159,1.131308,1.530879,0.03764086,-3.565816,0.06237522,-0.7417864,0.01421254,0.667578,5.99064,263.7498,355.7582,0.4320244,0.008822557,-0.9018184,-0.4457937,0.008973895,-0.1003648,0.1696757,-0.3118356,-4.097554,0.2166983,-0.1498492,1.915001,-0.1008979,-0.07356223,0.9921735,-0.1115141,0.9918147,0.06219531,-0.9886274,-0.104366,-0.1082753,moving,88.11826,82.4864,6.456034,-4.474289,87.09513430970091,81.65735870691074,119.293254573047,117.98866570762374,96.98225187864247
05/18/2023 18:40:25.918915,427,True,True,True,True,Eyes,1.585359,0.03528511,-3.556578,-0.9698612,-0.2420502,-0.02794566,0.0,0.0,0.0,0.0,0.0,0.0,0.0,3.680218,0.3619114,1.162883,1.519127,0.03806511,-3.566241,0.06443092,-0.7376112,0.01663146,0.671939,6.38002,264.431,355.8049,0.4296272,0.00884484,-0.9029627,-0.4190461,0.008435461,-0.09434295,0.1553066,-0.3231047,-4.082327,0.2204062,-0.1524128,1.915001,-0.08869381,-0.07269929,0.9934025,-0.1174006,0.9911441,0.06205218,-0.9891162,-0.1111224,-0.09644318,moving,88.34953,83.41414,6.565544,-4.550518,87.29281823692637,82.5310513008365,120.10995555367239,118.74381043919848,96.8428212497477
05/18/2023 18:40:25.942738,428,True,True,True,True,Eyes,1.58145,0.03538482,-3.556874,-0.9698459,-0.2425651,-0.02368805,0.0,0.0,0.0,0.0,0.0,0.0,0.0,3.665728,0.3542554,1.196134,1.50795,0.0391065,-3.56628,0.0640748,-0.7335615,0.01812011,0.6763533,6.503207,265.125,355.9892,0.4273882,0.008866725,-0.9040244,-0.3939034,0.007929333,-0.08868238,0.1417674,-0.3382043,-4.0668,0.2242568,-0.1550761,1.915,-0.07688137,-0.0694944,0.9946153,-0.1185168,0.9911321,0.06008999,-0.9899712,-0.1132588,-0.08443579,moving,88.60085,84.42238,6.679223,-4.629694,87.5076390808992,83.48055380532239,121.0017555824237,119.568593763004,96.68698004242128
05/18/2023 18:40:25.958760,429,True,True,True,True,Eyes,1.577244,0.03549256,-3.557148,-0.9698132,-0.2430972,-0.01913693,0.0,0.0,0.0,0.0,0.0,0.0,0.0,3.650513,0.3467638,1.230017,1.49624,0.04012772,-3.566382,0.06370464,-0.7293606,0.01955541,0.6808761,6.619536,265.8405,356.1731,0.4252852,0.008889258,-0.9050154,-0.3702692,0.007453573,-0.08336143,0.1279161,-0.3512512,-4.050606,0.2283533,-0.1579092,1.915001,-0.06469873,-0.0662977,0.9957001,-0.1195569,0.9911187,0.05822406,-0.9907169,-0.1152758,-0.07205047,moving,88.86955,85.49888,6.800097,-4.713892,87.7373439423019,84.49434801424145,121.95794089620894,120.45309472586277,96.51994654385636
05/18/2023 18:40:25.968611,430,True,True,True,True,Eyes,1.572753,0.03557691,-3.5574,-0.9697338,-0.2437409,-0.0143779,0.0,0.0,0.0,0.0,0.0,0.0,0.0,3.635426,0.3427526,1.261164,1.484859,0.04043131,-3.566215,0.06342956,-0.7253975,0.02031053,0.6851006,6.683093,266.5107,356.2942,0.4232983,0.008912627,-0.9059463,-0.348053,0.007006359,-0.07835975,0.1143488,-0.3650344,-4.034288,0.2319932,-0.1604257,1.915001,-0.0532281,-0.0641938,0.996517,-0.1198528,0.9911283,0.05744485,-0.9913638,-0.1163777,-0.06044966,moving,89.15056,86.62412,6.90745,-4.788667,87.97758340374627,85.55404643543145,122.96433128992925,121.38439933112369,96.32961810837176
05/18/2023 18:40:25.988786,431,True,True,True,True,Eyes,1.567996,0.03564129,-3.557626,-0.9695938,-0.2445398,-0.009393861,0.0,0.0,0.0,0.0,0.0,0.0,0.0,3.620455,0.3416702,1.290318,1.47351,0.03988843,-3.566024,0.06364276,-0.7215162,0.02148487,0.6891316,6.818227,267.1556,356.4069,0.4214104,0.008936177,-0.9068258,-0.3271699,0.006585978,-0.07365816,0.1010928,-0.3793979,-4.017254,0.2357378,-0.1630155,1.915,-0.04209438,-0.06222675,0.997174,-0.1214504,0.990976,0.05671311,-0.9917046,-0.1187198,-0.04927199,moving,89.44492,87.80009,7.017842,-4.865604,88.22928830951258,86.66153558948491,124.0207806463083,122.36223393317034,96.12776901497047
05/18/2023 18:40:26.008629,432,True,True,True,True,Eyes,1.562985,0.0356809,-3.557807,-0.9693643,-0.2455887,-0.004352021,0.0,0.0,0.0,0.0,0.0,0.0,0.0,3.605689,0.3459745,1.316597,1.462316,0.03950998,-3.565696,0.06493339,-0.7177587,0.02329728,0.6928661,7.08975,267.7599,356.4799,0.419606,0.008959415,-0.9076619,-0.3075397,0.006190819,-0.06923867,0.08755016,-0.3915737,-4.000259,0.2396789,-0.1657409,1.915,-0.03144062,-0.06092922,0.9976467,-0.1254968,0.9904818,0.05653663,-0.9915957,-0.1234239,-0.03878779,moving,89.74277,88.98479,7.133967,-4.946553,88.48407753005142,87.77727623533573,125.08921428674999,123.35132342749827,95.92535092313771
05/18/2023 18:40:26.020375,433,True,True,True,True,Eyes,1.557721,0.03568932,-3.557976,-0.9690759,-0.2467619,0.0007879019,0.0,0.0,0.0,0.0,0.0,0.0,0.0,3.592859,0.355357,1.336322,1.451177,0.03913225,-3.565561,0.06719044,-0.7144814,0.02559427,0.6959503,7.475121,268.2663,356.5082,0.4178713,0.008981779,-0.9084615,-0.2890873,0.00581937,-0.06508435,0.07246618,-0.3968182,-3.983898,0.2436099,-0.168459,1.915001,-0.02227746,-0.06038796,0.9979265,-0.1316373,0.9896607,0.05694916,-0.9910477,-0.1300957,-0.02999642,moving,-89.95341,-89.81705,7.249737,-5.02726,-75.51921821374764,-83.70149428478652,128.98744231493123,114.19428657981467,95.71603221576719
05/18/2023 18:40:26.042916,434,True,True,True,True,Eyes,1.552228,0.03567037,-3.558098,-0.968706,-0.2481392,0.005960488,0.0,0.0,0.0,0.0,0.0,0.0,0.0,3.580319,0.3634574,1.354603,1.439665,0.03856381,-3.565335,0.06868671,-0.7113863,0.02660378,0.6989306,7.693029,268.7524,356.4978,0.4161946,0.009002575,-0.9092307,-0.271742,0.005470207,-0.06117929,0.05703053,-0.3982537,-3.968859,0.2476648,-0.1712628,1.915,-0.01355644,-0.06053718,0.9980739,-0.1349139,0.9891487,0.05816336,-0.9907646,-0.1338656,-0.02157672,moving,-89.64746,-88.62398,7.369094,-5.110494,-75.25704232272446,-82.57773358308401,128.010601490295,113.26187183798608,95.50603629548272
05/18/2023 18:40:26.048572,435,True,True,True,True,Eyes,1.546503,0.0356159,-3.558186,-0.9682716,-0.2496474,0.01124299,0.0,0.0,0.0,0.0,0.0,0.0,0.0,3.56854,0.3755903,1.369481,1.428678,0.03773616,-3.564896,0.07108243,-0.7085181,0.02840703,0.7015287,8.047066,269.184,356.4755,0.4145651,0.009021291,-0.9099746,-0.2554375,0.005141995,-0.05750854,0.04161725,-0.4006031,-3.953492,0.2513707,-0.1738256,1.915,-0.005609564,-0.06086968,0.9981299,-0.1405831,0.9882807,0.05947893,-0.990053,-0.1399865,-0.01410112,moving,-89.33475,-87.4214,7.478122,-5.186554,-74.98875020882787,-81.44491642110826,127.02480892145479,112.32151553044609,95.28046109213994
05/18/2023 18:40:26.068467,436,True,True,True,True,Eyes,1.540554,0.03553292,-3.558209,-0.9678076,-0.2511524,0.01646302,0.0,0.0,0.0,0.0,0.0,0.0,0.0,3.556526,0.3871133,1.384187,1.417367,0.03696649,-3.564324,0.07324706,-0.7056409,0.029849,0.7041412,8.353374,269.6185,356.4457,0.4129738,0.009037242,-0.9106978,-0.2401113,0.004833475,-0.05405802,0.02560642,-0.40151,-3.937022,0.2551689,-0.1764522,1.915001,0.002360067,-0.06133641,0.9981144,-0.145408,0.9874879,0.0610272,-0.989369,-0.1452779,-0.006588217,moving,-89.02546,-86.24963,7.589809,-5.264488,-74.72305341084204,-80.34101682509056,126.06785247914127,111.40867335486438,95.06024462929878
05/18/2023 18:40:26.088772,437,True,True,True,True,Eyes,1.534386,0.03542032,-3.558201,-0.9673055,-0.2526843,0.02169547,0.0,0.0,0.0,0.0,0.0,0.0,0.0,3.547428,0.3965957,1.391613,1.405994,0.03625839,-3.563704,0.0747982,-0.7035585,0.03037114,0.706037,8.531689,269.9317,356.3845,0.4114119,0.009050013,-0.9114043,-0.2257046,0.004543466,-0.05081454,0.009447023,-0.4033221,-3.919609,0.2591695,-0.1792185,1.915,0.00816594,-0.06236354,0.9980202,-0.1481361,0.9869657,0.06288487,-0.9889333,-0.1483563,-0.001178787,moving,-88.71514,-85.09262,7.707384,-5.346549,-74.45611360825745,-79.25090954177305,125.12689149206744,110.51106209927815,94.84342564313505
05/18/2023 18:40:26.098564,438,True,True,True,True,Eyes,1.528005,0.03529644,-3.558148,-0.9667743,-0.254208,0.02693591,0.0,0.0,0.0,0.0,0.0,0.0,0.0,3.53758,0.4052142,1.400778,1.394536,0.0354577,-3.562985,0.07602596,-0.7013298,0.03048389,0.7081153,8.651777,270.2731,356.3193,0.4098719,0.009059178,-0.9120978,-0.2121623,0.004270859,-0.04776567,-0.005996503,-0.4061392,-3.902392,0.2629172,-0.1818102,1.915001,0.01441425,-0.06346634,0.9978799,-0.1498108,0.9865816,0.06491176,-0.9886097,-0.1504288,0.004712927,moving,-88.40406,-83.9515,7.817465,-5.423405,-74.18816069042238,-78.17565847305596,124.19840408658499,109.62578633827647,94.62000726801075
05/18/2023 18:40:26.118839,439,True,True,True,True,Eyes,1.521415,0.03515087,-3.558031,-0.9661493,-0.2559016,0.03270922,0.0,0.0,0.0,0.0,0.0,0.0,0.0,3.527764,0.4114012,1.409564,1.382996,0.03507779,-3.561928,0.07687815,-0.6991786,0.03036728,0.7101526,8.722836,270.6074,356.2659,0.4083476,0.009064832,-0.9127813,-0.1994326,0.004014607,-0.04489973,-0.02175459,-0.4085461,-3.884161,0.2667724,-0.1844768,1.915001,0.02045396,-0.06437231,0.9977164,-0.1506339,0.9863352,0.06672612,-0.988378,-0.1516547,0.01047783,moving,-88.06098,-82.71597,7.930648,-5.502467,-73.89220320966346,-77.01130365972462,123.1921981767571,108.66688870353242,94.3670561949057
05/18/2023 18:40:26.143446,440,True,True,True,True,Eyes,1.514621,0.0349623,-3.557817,-0.9654649,-0.2576102,0.03891387,0.0,0.0,0.0,0.0,0.0,0.0,0.0,3.518202,0.416424,1.418194,1.371301,0.03444935,-3.561007,0.07727873,-0.697087,0.02966036,0.7121924,8.709596,270.9388,356.201,0.4068329,0.009066793,-0.9134574,-0.1874666,0.003773731,-0.04220574,-0.03707091,-0.4126323,-3.865347,0.2706958,-0.187189,1.915001,0.02637979,-0.06549226,0.9975043,-0.1499878,0.9862966,0.06872293,-0.9883358,-0.1514263,0.01619525,moving,-87.69189,-81.41,8.045763,-5.582856,-73.57336240151623,-75.78041901612569,122.12884167609691,107.65398034773898,94.09055288228497
05/18/2023 18:40:26.148593,441,True,True,True,True,Eyes,1.507637,0.03471766,-3.557567,-0.9647461,-0.2592973,0.04505479,0.0,0.0,0.0,0.0,0.0,0.0,0.0,3.509307,0.4216589,1.424597,1.359464,0.03328024,-3.559952,0.07754145,-0.6952131,0.02868466,0.7140331,8.662756,271.2365,356.1225,0.405323,0.009064355,-0.9141283,-0.1762186,0.003547307,-0.0396734,-0.05164596,-0.4190523,-3.846167,0.2746599,-0.1899303,1.915001,0.03171186,-0.06685206,0.9972588,-0.1487793,0.9863291,0.07085042,-0.9883618,-0.1506182,0.02133216,moving,-87.32616,-80.14285,8.162011,-5.664086,-73.25690726960025,-74.5859482139121,121.09945122870266,106.67363002741273,93.81828411175483
05/18/2023 18:40:26.174580,442,True,True,True,True,Eyes,1.500464,0.03443206,-3.557262,-0.9639423,-0.2610668,0.05156872,0.0,0.0,0.0,0.0,0.0,0.0,0.0,3.500627,0.4285135,1.430156,1.347874,0.03170579,-3.558875,0.07834256,-0.6933394,0.02854101,0.7157713,8.727076,271.5239,356.068,0.4038134,0.009056523,-0.9147963,-0.1656455,0.003334468,-0.03729299,-0.06558172,-0.4281791,-3.82613,0.2785254,-0.1926033,1.915001,0.03693195,-0.06777827,0.9970167,-0.1494936,0.9860957,0.07257348,-0.9880727,-0.1517279,0.02628598,moving,-86.93773,-78.82617,8.275302,-5.743271,-72.92025163971199,-73.34459587194651,120.02762843977725,105.65347630486087,93.52137577731806
05/18/2023 18:40:26.190240,443,True,True,True,True,Eyes,1.493106,0.03409663,-3.556911,-0.963112,-0.2627796,0.05798466,0.0,0.0,0.0,0.0,0.0,0.0,0.0,3.492529,0.433663,1.434108,1.336114,0.03046261,-3.557577,0.07913493,-0.6915995,0.02878556,0.7173557,8.821227,271.7893,356.0448,0.4023001,0.009042793,-0.9154629,-0.1557068,0.0031344,-0.03505541,-0.07979029,-0.4343173,-3.80698,0.2822726,-0.1951946,1.915002,0.04172282,-0.0681604,0.9968017,-0.1507584,0.9858181,0.07371963,-0.9876899,-0.153352,0.03085538,moving,-86.55463,-77.55657,8.385059,-5.820015,-72.58765873541087,-72.14743412874193,118.99444470514052,104.67047122153565,93.2272813697513
05/18/2023 18:40:26.208804,444,True,True,True,True,Eyes,1.485576,0.03370721,-3.556472,-0.9622,-0.2645465,0.06470172,0.0,0.0,0.0,0.0,0.0,0.0,0.0,3.484803,0.4373248,1.437223,1.324257,0.02893769,-3.556153,0.07949195,-0.6899952,0.02858173,0.7188678,8.843201,272.0401,356.0187,0.4007795,0.009022481,-0.9161299,-0.1463644,0.002946336,-0.03295209,-0.09531186,-0.4353407,-3.788205,0.2864211,-0.1980633,1.915001,0.04617933,-0.06860518,0.9965746,-0.1507911,0.9857282,0.07484588,-0.9874865,-0.1537309,0.03517521,moving,-86.15302,-76.25661,8.506506,-5.904949,-72.23840151292757,-70.92143057941927,117.93973913827178,103.66717400526645,92.92414533960816
05/18/2023 18:40:26.219046,445,True,True,True,True,Eyes,1.477875,0.03327799,-3.555984,-0.9612414,-0.2663272,0.07130718,0.0,0.0,0.0,0.0,0.0,0.0,0.0,3.476337,0.4436944,1.441021,1.312501,0.02725078,-3.554564,0.08030129,-0.6882495,0.02858803,0.7204491,8.920127,272.3048,355.975,0.3992487,0.008994855,-0.9167983,-0.1375825,0.002769556,-0.03097496,-0.1108726,-0.4343407,-3.770527,0.2902253,-0.2006936,1.915001,0.05099063,-0.0693422,0.996289,-0.1517271,0.9854689,0.0763546,-0.9871064,-0.1550574,0.03972855,moving,-85.75743,-75.01104,8.617799,-5.982803,-71.89370963657845,-69.74647584882904,116.92553763883495,102.70301357852333,92.6188668372486
05/18/2023 18:40:26.239447,446,True,True,True,True,Eyes,1.470017,0.03282113,-3.555411,-0.9601919,-0.2681967,0.07811584,0.0,0.0,0.0,0.0,0.0,0.0,0.0,3.467997,0.4518538,1.4437,1.300612,0.02589235,-3.552911,0.08150179,-0.6865413,0.02875849,0.721936,9.042436,272.5557,355.913,0.3977056,0.008959629,-0.9174691,-0.1293276,0.002603383,-0.02911647,-0.1256134,-0.436117,-3.752362,0.2937149,-0.2031068,1.915001,0.05566803,-0.0703851,0.9959654,-0.1534323,0.9850608,0.07819034,-0.98659,-0.1571659,0.04403701,moving,-85.34898,-73.7611,8.719834,-6.054208,-71.5371191074826,-68.56713623570852,115.9015314465959,101.7302546870866,92.29355288176917
05/18/2023 18:40:26.248775,447,True,True,True,True,Eyes,1.461987,0.03228295,-3.554776,-0.9591461,-0.2698982,0.08481582,0.0,0.0,0.0,0.0,0.0,0.0,0.0,3.460056,0.4575834,1.446117,1.288892,0.02486345,-3.551163,0.08238547,-0.6849204,0.02888605,0.7233686,9.134897,272.7979,355.8724,0.3961476,0.008916841,-0.9181433,-0.1215679,0.00244718,-0.02736948,-0.141234,-0.4343812,-3.734376,0.2976518,-0.2058292,1.915,0.06009905,-0.07106446,0.9956596,-0.1546455,0.9847565,0.07962083,-0.9861404,-0.1587594,0.04819313,moving,-84.94656,-72.55461,8.834888,-6.134748,-71.18531321050268,-67.4286054355215,114.91978966686177,100.79766644667608,91.98531867935448
05/18/2023 18:40:26.268720,448,True,True,True,True,Eyes,1.453831,0.03172177,-3.554045,-0.9580118,-0.2716711,0.0916959,0.0,0.0,0.0,0.0,0.0,0.0,0.0,3.452212,0.4569824,1.449124,1.276703,0.02235574,-3.549097,0.08163758,-0.6834266,0.0278407,0.7249058,8.998769,273.0485,355.8648,0.394573,0.008865146,-0.9188216,-0.1142738,0.002300349,-0.02572731,-0.1547558,-0.4386345,-3.716694,0.3014815,-0.2084777,1.915,0.06430595,-0.07122281,0.9953855,-0.1519503,0.9851204,0.08030495,-0.986294,-0.1564132,0.05252679,moving,-84.5326,-71.34915,8.946734,-6.213073,-70.82273495268363,-66.29077456649313,113.93460585806879,99.86239734006874,91.66312382675449
05/18/2023 18:40:26.288722,449,True,True,True,True,Eyes,1.445492,0.03118684,-3.553256,-0.9568498,-0.2733859,0.09848191,0.0,0.0,0.0,0.0,0.0,0.0,0.0,3.445174,0.4620309,1.449275,1.265361,0.02130049,-3.547041,0.08282431,-0.6819997,0.02884733,0.7260747,9.184899,273.2539,355.8708,0.3929809,0.008804834,-0.9195042,-0.1074174,0.002162328,-0.02418367,-0.1683158,-0.4429123,-3.69925,0.3054064,-0.2111918,1.915,0.06808858,-0.07108167,0.9951439,-0.1548629,0.984616,0.08092552,-0.9855869,-0.159621,0.05603319,moving,-84.12363,-70.18944,9.06129,-6.293315,-70.46392814594948,-65.19588158459455,112.9873625916723,98.96349160884255,91.34826911823158
05/18/2023 18:40:26.298804,450,True,True,True,True,Eyes,1.437002,0.03062915,-3.552384,-0.9557472,-0.2746488,0.1054294,0.0,0.0,0.0,0.0,0.0,0.0,0.0,3.434978,0.4697236,1.454566,1.252553,0.02141754,-3.544873,0.08364625,-0.679994,0.02780516,0.7279,9.18292,273.5556,355.743,0.3913691,0.008737447,-0.920192,-0.1009724,0.002032588,-0.02273265,-0.1833575,-0.4400603,-3.683272,0.3092872,-0.2138761,1.914999,0.07367027,-0.07327913,0.9945869,-0.1542366,0.9844604,0.08395754,-0.9852837,-0.1595869,0.06122313,moving,-83.7051,-68.99971,9.174488,-6.372653,-70.0967898110609,-64.07266994180438,112.02127537004294,98.04706747722193,91.02650883536383
05/18/2023 18:40:26.318300,451,True,True,True,True,Eyes,1.428387,0.03004933,-3.551452,-0.9546257,-0.2758323,0.1122785,0.0,0.0,0.0,0.0,0.0,0.0,0.0,3.428937,0.4554365,1.457135,1.240388,0.02024953,-3.542499,0.07995426,-0.6790454,0.02413009,0.7293302,8.591981,273.7697,355.7436,0.3897364,0.008663098,-0.9208854,0.0,0.0,0.0,-0.1968682,-0.4408905,-3.66855,0.3132919,-0.2166446,1.915,0.07663017,-0.07338752,0.9943551,-0.1437827,0.9860501,0.08385523,-0.9866379,-0.1493969,0.06500935,moving,-83.29196,-67.85104,9.291219,-6.45445,-69.73388564793457,-62.98801533414984,111.09089205409299,97.16486594447397,90.71325668030724
05/18/2023 18:40:26.343769,452,True,True,True,True,Eyes,1.41964,0.0295294,-3.550453,-0.9533852,-0.2771966,0.119242,0.0,0.0,0.0,0.0,0.0,0.0,0.0,3.420354,0.4550128,1.461806,1.228722,0.01913111,-3.540143,0.07971952,-0.6773238,0.0238042,0.7309657,8.556855,274.045,355.7553,0.3880822,0.008581895,-0.9215845,0.0,0.0,0.0,-0.2055094,-0.4557671,-3.654325,0.3170863,-0.2192686,1.915,0.08133167,-0.07319176,0.9939961,-0.1427919,0.9861563,0.08429816,-0.9864055,-0.1487908,0.06975456,moving,-82.8709,-66.724,9.40175,-6.531953,-69.36318675092828,-61.92342587383536,110.16952600457492,96.29190271518458,90.38648148515102
05/18/2023 18:40:26.349134,453,True,True,True,True,Eyes,1.197283,0.01860449,-3.523849,-0.9090804,-0.300434,0.2886386,0.0,0.0,0.0,0.0,0.0,0.0,0.0,3.411329,0.4654153,1.463516,1.216706,0.0201045,-3.537637,0.08209667,-0.6754878,0.02506298,0.732358,8.865054,274.2924,355.6932,0.3864053,0.008496063,-0.9222897,0.0,0.0,0.0,-0.2251047,-0.4341657,-3.64362,0.3210211,-0.2219893,1.915,0.08617619,-0.07420046,0.993513,-0.1476208,0.9852639,0.08638886,-0.9852827,-0.1541078,0.07395273,moving,-72.38503,-46.14711,9.516297,-6.612288,-59.98772446456793,-42.42266065722892,90.94410104527182,78.18690292879445,80.35021213311569
05/18/2023 18:40:26.373504,454,True,True,True,True,Eyes,1.196817,0.01877111,-3.523752,-0.9089158,-0.3005347,0.2890518,0.0,0.0,0.0,0.0,0.0,0.0,0.0,3.403159,0.4588338,1.468029,1.204251,0.02162409,-3.535031,0.08038931,-0.6739915,0.02252633,0.7340065,8.532921,274.5555,355.6334,0.3780344,0.0080382,-0.9257564,-0.6670704,-0.03277473,0.07981396,-0.2508326,-0.3864524,-3.635982,0.3248448,-0.2246342,1.915,0.09045608,-0.07529445,0.99305,-0.1414324,0.9860602,0.08764743,-0.9858065,-0.1483777,0.07854606,moving,-72.35839,-46.11576,9.62754,-6.690362,-59.963503880645874,-42.3927060547472,90.97282410381301,78.21490113400081,80.40877955771282
05/18/2023 18:40:26.391431,455,True,True,True,True,Eyes,1.195868,0.01898094,-3.523553,-0.908765,-0.3003872,0.2896786,0.0,0.0,0.0,0.0,0.0,0.0,0.0,3.393803,0.4599912,1.473479,1.192556,0.02579895,-3.53239,0.08110797,-0.6721026,0.02209392,0.7356707,8.571082,274.8381,355.5619,0.3710656,0.007663405,-0.9285749,-0.6270462,-0.03080824,0.07502512,-0.2461914,-0.4494174,-3.61949,0.3287228,-0.2273159,1.915,0.09557994,-0.07651804,0.9924763,-0.1415335,0.9858667,0.08963875,-0.9853084,-0.1490363,0.08339921,moving,-72.31976,-46.03969,9.740279,-6.769492,-59.92896970743688,-42.32061743082322,90.9725148143148,78.21564252025819,80.45814506252414
05/18/2023 18:40:26.398604,456,True,True,True,True,Eyes,1.194532,0.0191074,-3.523238,-0.9085328,-0.3003306,0.2904647,0.0,0.0,0.0,0.0,0.0,0.0,0.0,3.383437,0.4516993,1.483516,1.179985,0.02700025,-3.529788,0.07893463,-0.6700268,0.01928897,0.7378762,8.183057,275.1975,355.5203,0.3652391,0.007358205,-0.9308844,-0.5894234,-0.02895975,0.07052361,-0.2567205,-0.4630025,-3.606911,0.3326836,-0.2300543,1.915,0.1013841,-0.07731088,0.9918389,-0.1342424,0.9867945,0.09063972,-0.9857485,-0.1423362,0.08966678,moving,-72.27053,-45.95671,9.855354,-6.850273,-59.88469142462678,-42.241818131056185,90.96138871860096,78.20636420773309,80.4988479724946
05/18/2023 18:40:26.425636,457,True,True,True,True,Eyes,1.192841,0.0193984,-3.522854,-0.907934,-0.3012009,0.2914343,0.0,0.0,0.0,0.0,0.0,0.0,0.0,3.376848,0.430517,1.490131,1.169225,0.02506639,-3.527212,0.07484456,-0.6686848,0.01747954,0.7395631,7.705489,275.4731,355.7036,0.3603436,0.007108271,-0.9327924,-0.554058,-0.02722216,0.0662922,-0.285376,-0.4011821,-3.600237,0.3363424,-0.2325842,1.915,0.1051104,-0.07424039,0.9916855,-0.1259493,0.9881855,0.08732796,-0.9864526,-0.1340811,0.09451811,moving,-72.20409,-45.94416,9.961582,-6.924877,-59.82302568704074,-42.22854986279548,90.95989281571121,78.20639863615679,80.51238383389878
05/18/2023 18:40:26.440703,458,True,True,True,True,Eyes,1.190696,0.0198198,-3.522382,-0.9071523,-0.3023322,0.2926942,0.0,0.0,0.0,0.0,0.0,0.0,0.0,3.361283,0.472257,1.499829,1.158857,0.02952258,-3.525183,0.08473095,-0.6649801,0.02435246,0.7416396,9.094742,275.8851,355.5527,0.356205,0.006908358,-0.934382,-0.5208145,-0.02558883,0.06231466,-0.285556,-0.4414753,-3.581023,0.3401943,-0.2352482,1.915001,0.1144169,-0.07656729,0.9904779,-0.1488103,0.9844553,0.09329185,-0.9822242,-0.1580674,0.1012443,moving,-72.11762,-45.92798,10.07334,-7.003409,-59.74276632398639,-42.21142523540689,90.94215817350961,78.19138769375338,80.50977576040351
05/18/2023 18:40:26.448509,459,True,True,True,True,Eyes,1.188187,0.02016535,-3.521824,-0.9066336,-0.3024436,0.2941827,0.0,0.0,0.0,0.0,0.0,0.0,0.0,3.34899,0.4739068,1.511283,1.145659,0.03311288,-3.522878,0.08474318,-0.6623486,0.02240365,0.7440504,8.962296,276.2902,355.4174,0.3526302,0.006750983,-0.9357381,-0.4895657,-0.0240535,0.05857578,-0.3009169,-0.4387525,-3.564321,0.3441642,-0.2379937,1.915,0.1215847,-0.07892016,0.9894387,-0.145598,0.9846333,0.09642833,-0.9818444,-0.1557844,0.1082257,moving,-72.02289,-45.79326,10.18845,-7.084322,-59.6570856692104,-42.08315379419694,90.86851107882998,78.12372930088165,80.50636309835784
05/18/2023 18:40:26.474162,460,True,True,True,True,Eyes,1.185391,0.02041923,-3.5212,-0.9057927,-0.3032663,0.2959209,0.0,0.0,0.0,0.0,0.0,0.0,0.0,3.343124,0.4236324,1.524621,1.134447,0.03139544,-3.520292,0.07401503,-0.6612367,0.01529634,0.7463605,7.510782,276.6364,355.6586,0.349353,0.006618759,-0.9369676,-0.4601917,-0.02261029,0.05506124,-0.3287915,-0.3779781,-3.551327,0.348042,-0.2406752,1.915,0.1250642,-0.07504974,0.9893062,-0.1207161,0.9885756,0.09025478,-0.9847776,-0.1307128,0.1145757,moving,-71.90788,-45.70235,10.3008,-7.163315,-59.55166794475376,-41.9954258222898,90.793855992978,78.05538560733096,80.47829070207334
05/18/2023 18:40:26.488904,461,True,True,True,True,Eyes,1.18226,0.02075837,-3.520521,-0.9047338,-0.30463,0.2977537,0.0,0.0,0.0,0.0,0.0,0.0,0.0,3.330022,0.4386097,1.537366,1.124559,0.02955916,-3.518439,0.07786554,-0.6580594,0.019573,0.7486734,8.183975,277.0677,355.7605,0.346338,0.006506753,-0.9380869,-0.4325802,-0.02125368,0.05175756,-0.3314318,-0.4154487,-3.526874,0.351867,-0.2433196,1.915001,0.1331496,-0.07317273,0.9883911,-0.1317879,0.9871077,0.09083132,-0.9822948,-0.1423521,0.1217897,moving,-71.78329,-45.65401,10.41153,-7.241187,-59.43650685756131,-41.94732559077258,90.7277984173634,77.9952838877913,80.43728669176674
05/18/2023 18:40:26.508400,462,True,True,True,True,Eyes,1.178764,0.02117812,-3.519756,-0.9036804,-0.3056872,0.2998618,0.0,0.0,0.0,0.0,0.0,0.0,0.0,3.316619,0.472664,1.543499,1.113245,0.03206492,-3.516449,0.08467392,-0.6550623,0.02253732,0.7504771,9.010668,277.4141,355.5224,0.3435521,0.006415281,-0.9391114,-0.4066254,-0.01997845,0.04865211,-0.3333641,-0.4548968,-3.503102,0.3557923,-0.2460342,1.915001,0.1407708,-0.07710589,0.9870352,-0.1447609,0.9846448,0.09756497,-0.9794019,-0.1566184,0.1274473,moving,-71.64297,-45.55116,10.5251,-7.321102,-59.307735268813005,-41.847841924502575,90.6263155060839,77.90199388652009,80.38478863112344
05/18/2023 18:40:26.518553,463,True,True,True,True,Eyes,1.174995,0.0215329,-3.518935,-0.9026893,-0.3063485,0.3021633,0.0,0.0,0.0,0.0,0.0,0.0,0.0,3.304593,0.4609005,1.558553,1.100868,0.03440386,-3.51408,0.08098978,-0.6526371,0.01715303,0.7531343,8.30148,277.8419,355.3699,0.3409642,0.006344503,-0.9400545,-0.3822279,-0.01877975,0.04573298,-0.3566444,-0.413078,-3.480566,0.359493,-0.2485936,1.915001,0.1475413,-0.07987679,0.9858251,-0.1315509,0.9862928,0.09960295,-0.9802683,-0.1443818,0.1350111,moving,-71.49271,-45.39407,10.6321,-7.396422,-59.17074292798847,-41.69736010408563,90.48925721359416,77.77526107734865,80.31970212886044
05/18/2023 18:40:26.544340,464,True,True,True,True,Eyes,1.170981,0.02187296,-3.518031,-0.9014672,-0.3074977,0.3046342,0.0,0.0,0.0,0.0,0.0,0.0,0.0,3.294872,0.4417269,1.572491,1.090482,0.03314162,-3.511949,0.07693622,-0.6504446,0.0147036,0.7555041,7.780538,278.2403,355.4924,0.3385489,0.006290642,-0.9409274,-0.3592942,-0.01765296,0.042989,-0.3694688,-0.4049265,-3.453613,0.3634816,-0.2513515,1.915001,0.1534113,-0.07786824,0.9850896,-0.1223028,0.9877293,0.09712351,-0.9805647,-0.135379,0.1420053,moving,-71.32827,-45.26803,10.74733,-7.477555,-59.01994219585096,-41.5756175802889,90.35775625858372,77.65404137183883,80.24496318345501
05/18/2023 18:40:26.558613,465,True,True,True,True,Eyes,1.166688,0.02224962,-3.517079,-0.9001696,-0.3087263,0.307218,0.0,0.0,0.0,0.0,0.0,0.0,0.0,3.28276,0.4570172,1.582158,1.080249,0.03327109,-3.510066,0.08080062,-0.6475323,0.01818367,0.757524,8.393213,278.6242,355.5305,0.3362839,0.006251649,-0.9417396,-0.3377366,-0.01659378,0.04040967,-0.3710782,-0.4411394,-3.424551,0.367283,-0.2539801,1.915,0.1607427,-0.07709289,0.9839808,-0.1321911,0.9862812,0.09886779,-0.9781039,-0.1459658,0.1483465,moving,-71.15579,-45.14031,10.85707,-7.554857,-58.86168229998648,-41.45211845560855,90.21516215467778,77.52244034121188,80.15800260448655
05/18/2023 18:40:26.573628,466,True,True,True,True,Eyes,1.162143,0.02262234,-3.51605,-0.8988673,-0.3096837,0.3100542,0.0,0.0,0.0,0.0,0.0,0.0,0.0,3.27211,0.4615839,1.590728,1.069157,0.03455154,-3.507975,0.08211567,-0.6450566,0.01901199,0.759472,8.583854,278.9786,355.5302,0.3341477,0.006227061,-0.9424999,-0.3174724,-0.01559816,0.03798509,-0.3778191,-0.4562045,-3.398021,0.3712906,-0.2567514,1.915001,0.1670811,-0.07706035,0.9829271,-0.1348167,0.9857911,0.1002015,-0.9766824,-0.1492567,0.1543181,moving,-70.9687,-44.96575,10.97267,-7.636324,-58.69070827358877,-41.28444093315531,90.0437347235574,77.36395831158339,80.06285394292864
05/18/2023 18:40:26.588721,467,True,True,True,True,Eyes,1.157385,0.02296522,-3.514978,-0.8974897,-0.3106712,0.3130424,0.0,0.0,0.0,0.0,0.0,0.0,0.0,3.262845,0.4402217,1.603261,1.058409,0.03477627,-3.505562,0.07824384,-0.6429315,0.0172004,0.7617225,8.124094,279.3617,355.6895,0.3321223,0.006215372,-0.9432155,-0.298424,-0.01466227,0.03570598,-0.3859422,-0.4609545,-3.370459,0.3751228,-0.2594017,1.915,0.1726866,-0.07440699,0.9821623,-0.1268147,0.9871641,0.09708282,-0.976779,-0.1413175,0.1610341,moving,-70.77135,-44.78218,11.08313,-7.714206,-58.51034724310736,-41.108094842731376,89.85650000158628,77.19069818849678,79.95392087894139
05/18/2023 18:40:26.608513,468,True,True,True,True,Eyes,1.152429,0.02332441,-3.513832,-0.8958934,-0.3120605,0.3162172,0.0,0.0,0.0,0.0,0.0,0.0,0.0,3.251918,0.436076,1.615489,1.048445,0.03438351,-3.503501,0.07831555,-0.6402712,0.01883657,0.7639141,8.266275,279.7646,355.8563,0.330191,0.006214518,-0.9438934,-0.2805186,-0.01378253,0.03356362,-0.3941694,-0.4655058,-3.342251,0.3789971,-0.2620814,1.915,0.1793961,-0.07150734,0.9811747,-0.1290654,0.9870238,0.09553168,-0.9752739,-0.1437737,0.167839,moving,-70.55885,-44.62093,11.19473,-7.792923,-58.31544155963415,-40.95229424766174,89.66576795192493,77.01433536550212,79.82943962524817
05/18/2023 18:40:26.623619,469,True,True,True,True,Eyes,1.147277,0.02369857,-3.512644,-0.8942255,-0.3134778,0.319519,0.0,0.0,0.0,0.0,0.0,0.0,0.0,3.239208,0.4495639,1.626171,1.038373,0.03525312,-3.501364,0.08186693,-0.6372396,0.02199659,0.7659893,8.827064,280.1682,355.9007,0.3283408,0.006223893,-0.9445386,-0.2636875,-0.01295558,0.0315498,-0.4022279,-0.4699812,-3.314932,0.383619,-0.2652768,1.915,0.1868837,-0.0706394,0.979839,-0.138036,0.9856279,0.0973842,-0.9726359,-0.1534526,0.1744469,moving,-70.33749,-44.45319,11.32774,-7.886748,-58.11240498037441,-40.79021594584157,89.47801110603804,76.84121249536892,79.71241255027797
05/18/2023 18:40:26.638788,470,True,True,True,True,Eyes,1.141964,0.024069,-3.511395,-0.8924481,-0.3149352,0.3230358,0.0,0.0,0.0,0.0,0.0,0.0,0.0,3.227437,0.449339,1.638644,1.028432,0.03598497,-3.499206,0.08244752,-0.6344656,0.02309218,0.7681944,8.97328,280.5771,355.9861,0.3265587,0.006242913,-0.945156,-0.2478662,-0.01217825,0.02965682,-0.4093987,-0.4766353,-3.289787,0.3868576,-0.2675164,1.915,0.1938403,-0.06914166,0.9785937,-0.1400988,0.9853383,0.09736905,-0.9709781,-0.1559738,0.1813116,moving,-70.10147,-44.27253,11.42086,-7.952482,-57.89595666530671,-40.615708445473416,89.247051353819,76.62706724415347,79.55139619068272
05/18/2023 18:40:26.648537,471,True,True,True,True,Eyes,1.136506,0.0244267,-3.51012,-0.8905324,-0.316627,0.3266489,0.0,0.0,0.0,0.0,0.0,0.0,0.0,3.21532,0.4452791,1.652637,1.018993,0.03628653,-3.496869,0.08223829,-0.6316648,0.02387696,0.7704976,9.026614,281.0016,356.1042,0.3248343,0.006270551,-0.9457499,-0.2329942,-0.01144755,0.02787741,-0.4149833,-0.4880476,-3.265734,0.3904235,-0.2699822,1.915,0.2008591,-0.06709977,0.9773195,-0.1406883,0.9853335,0.09656433,-0.9694651,-0.1568933,0.188473,moving,-69.85687,-44.10744,11.52334,-8.024833,-57.67121495793029,-40.45557860436763,89.02074537747114,76.4175352669873,79.38806305532829
05/18/2023 18:40:26.668757,472,True,True,True,True,Eyes,1.130903,0.02478297,-3.508798,-0.8884593,-0.3185459,0.3304067,0.0,0.0,0.0,0.0,0.0,0.0,0.0,3.202292,0.4579783,1.664913,1.009949,0.03638944,-3.495002,0.08521904,-0.6285689,0.02634788,0.7726218,9.486032,281.4191,356.1388,0.3231584,0.006305624,-0.9463237,-0.2190146,-0.0107607,0.02620476,-0.4195813,-0.5035456,-3.245191,0.3941526,-0.2725607,1.915001,0.2084138,-0.06641819,0.975783,-0.147846,0.984087,0.09856127,-0.9668016,-0.1648071,0.1952776,moving,-69.60048,-43.95293,11.63041,-8.10046,-57.43528465750376,-40.30508211573008,88.7910868009453,76.20503831204675,79.21584972643176
05/18/2023 18:40:26.688808,473,True,True,True,True,Eyes,1.125156,0.02516644,-3.507438,-0.886315,-0.3205131,0.3342413,0.0,0.0,0.0,0.0,0.0,0.0,0.0,3.189756,0.4692029,1.675909,1.000589,0.03679748,-3.492969,0.08783789,-0.6256241,0.02834526,0.7746453,9.87815,281.8174,356.1592,0.3215229,0.00634738,-0.9468803,-0.2058737,-0.01011506,0.02463248,-0.4259117,-0.5141395,-3.2254,0.3980298,-0.2752417,1.915001,0.2155819,-0.06599196,0.9742532,-0.1538221,0.9829621,0.1006195,-0.9642941,-0.1715534,0.2017579,moving,-69.33787,-43.79886,11.74166,-8.179068,-57.19355032091603,-40.154855088085135,88.5587927150329,75.99022425214628,79.04062100800422
05/18/2023 18:40:26.708506,474,True,True,True,True,Eyes,1.119272,0.02555583,-3.506,-0.8841387,-0.3224064,0.3381611,0.0,0.0,0.0,0.0,0.0,0.0,0.0,3.177901,0.4728544,1.687187,0.9912511,0.03784797,-3.490736,0.08905332,-0.6228822,0.02948043,0.7766712,10.08191,282.2067,356.2061,0.3199201,0.006395929,-0.9474227,-0.1935213,-0.009508152,0.02315453,-0.4303896,-0.5300136,-3.206573,0.4026397,-0.2784301,1.915,0.2222974,-0.06514624,0.9728,-0.1567326,0.9824008,0.1016046,-0.9622988,-0.175056,0.2081745,moving,-69.0694,-43.63375,11.87381,-8.272513,-56.94656771670068,-39.99416006872376,88.33017789676566,75.77933281457433,78.87572297666479
05/18/2023 18:40:26.718879,475,True,True,True,True,Eyes,1.113259,0.02592602,-3.504531,-0.8819324,-0.3242409,0.3421446,0.0,0.0,0.0,0.0,0.0,0.0,0.0,3.16644,0.4748429,1.697663,0.98172,0.03843752,-3.488355,0.08936574,-0.6203689,0.02919551,0.7786551,10.1016,282.5732,356.1903,0.3183437,0.006450785,-0.9479532,-0.18191,-0.008937662,0.02176525,-0.4354526,-0.5436754,-3.188466,0.4063917,-0.2810243,1.915,0.22858,-0.06541298,0.9713252,-0.1563459,0.9823228,0.1029462,-0.9608888,-0.1753942,0.2143123,moving,-68.7963,-43.46101,11.98127,-8.348509,-56.69541747123066,-39.82621709915695,88.0789619692461,75.54689609240621,78.68844796856247
05/18/2023 18:40:26.738758,476,True,True,True,True,Eyes,1.107135,0.02626638,-3.503032,-0.8796505,-0.3260899,0.3462374,0.0,0.0,0.0,0.0,0.0,0.0,0.0,3.152415,0.4845114,1.711129,0.972467,0.03838652,-3.486154,0.09019361,-0.617429,0.02770986,0.7809474,10.08394,282.9891,356.034,0.3167878,0.006510835,-0.9484738,-0.1709954,-0.008401402,0.02045934,-0.4425144,-0.5529091,-3.175022,0.4095598,-0.283215,1.915,0.2360272,-0.06809642,0.9693576,-0.1546562,0.9821945,0.1066552,-0.9593606,-0.1750907,0.2212931,moving,-68.51501,-43.28354,12.07195,-8.41266,-56.436726834751774,-39.6536591846983,87.80795176984827,75.29567604920467,78.48098906955268
05/18/2023 18:40:26.748538,477,True,True,True,True,Eyes,1.100889,0.02658357,-3.501505,-0.8773164,-0.3278824,0.3504412,0.0,0.0,0.0,0.0,0.0,0.0,0.0,3.137522,0.4950711,1.72608,0.9634976,0.0380617,-3.484066,0.09156989,-0.6141917,0.02735184,0.7833487,10.19861,283.4407,355.943,0.3152482,0.006574752,-0.9489862,-0.1607357,-0.007897318,0.01923178,-0.4498573,-0.5609415,-3.15992,0.4134759,-0.2859229,1.915,0.2440407,-0.06963088,0.967262,-0.155335,0.9817337,0.1098638,-0.9572435,-0.1770609,0.2287669,moving,-68.22592,-43.09524,12.18394,-8.491925,-56.17097627199959,-39.47078543354831,87.53933398312341,75.04721428749598,78.2822808005333
05/18/2023 18:40:26.773876,478,True,True,True,True,Eyes,1.094543,0.02686723,-3.499954,-0.8749054,-0.3296319,0.3548005,0.0,0.0,0.0,0.0,0.0,0.0,0.0,3.122767,0.4980325,1.742326,0.9541826,0.03782629,-3.481883,0.09183864,-0.6109174,0.0270506,0.7858841,10.21838,283.9164,355.9391,0.3137191,0.006641593,-0.9494923,-0.1510915,-0.007423479,0.01807787,-0.4577439,-0.5668344,-3.144763,0.4173085,-0.2885734,1.915001,0.2520962,-0.06969441,0.9651893,-0.1547289,0.9816678,0.1112977,-0.9552522,-0.1774004,0.236691,moving,-67.92596,-42.89402,12.29345,-8.569484,-55.895345370751045,-39.27556924857817,87.25438391486927,74.78352415744467,78.0717623746215
05/18/2023 18:40:26.789071,479,True,True,True,True,Eyes,1.088094,0.02712526,-3.498377,-0.8724059,-0.3313872,0.3592916,0.0,0.0,0.0,0.0,0.0,0.0,0.0,3.107377,0.49995,1.760271,0.9452709,0.03730872,-3.479851,0.09189996,-0.6074845,0.02678668,0.7885426,10.22296,284.4176,355.9555,0.3121981,0.006710122,-0.9499931,-0.1420261,-0.00697807,0.0169932,-0.4665505,-0.5704728,-3.129756,0.4213101,-0.2913404,1.915,0.2604902,-0.06941073,0.9629783,-0.1539005,0.9816738,0.1123891,-0.9531314,-0.1774791,0.245034,moving,-67.61617,-42.68642,12.40771,-8.650418,-55.61067764842955,-39.07415611455047,86.96131785109057,74.51244794767372,77.85551790225657
05/18/2023 18:40:26.808842,480,True,True,True,True,Eyes,1.081539,0.02736692,-3.496752,-0.8697678,-0.3332272,0.3639555,0.0,0.0,0.0,0.0,0.0,0.0,0.0,3.090107,0.5062234,1.779551,0.9361835,0.03696594,-3.477645,0.09279018,-0.6036702,0.02690842,0.7913586,10.3318,284.9591,355.9524,0.3106805,0.006779547,-0.95049,-0.1335045,-0.006559386,0.01597361,-0.4760069,-0.5736556,-3.115816,0.4252872,-0.2940911,1.915,0.2697165,-0.0694409,0.9604328,-0.1546177,0.9813319,0.114373,-0.9504455,-0.1793482,0.2539446,moving,-67.29307,-42.47633,12.52116,-8.730838,-55.31365589586033,-38.87010754394475,86.65488757603325,74.22895537637467,77.62577508938811
05/18/2023 18:40:26.818908,481,True,True,True,True,Eyes,1.074888,0.0275797,-3.495108,-0.8670458,-0.3350153,0.3687769,0.0,0.0,0.0,0.0,0.0,0.0,0.0,3.070903,0.5140675,1.800887,0.9267595,0.03685313,-3.475294,0.09377014,-0.599504,0.02662565,0.7944137,10.42271,285.5469,355.9111,0.3091643,0.006849321,-0.9509838,-0.1254942,-0.006165823,0.01501519,-0.4840685,-0.5805943,-3.102182,0.4291745,-0.296779,1.915,0.2797721,-0.07012758,0.9575018,-0.1547347,0.9809965,0.1170602,-0.947515,-0.1809089,0.2636043,moving,-66.9587,-42.25357,12.63195,-8.809392,-55.00637629977551,-38.653941391312,86.3318284847378,73.92996897744085,77.38387378454786
05/18/2023 18:40:26.838691,482,True,True,True,True,Eyes,1.068185,0.02777019,-3.493426,-0.863984,-0.3370642,0.374058,0.0,0.0,0.0,0.0,0.0,0.0,0.0,3.049914,0.5205879,1.824935,0.9186971,0.03631776,-3.47247,0.09422013,-0.5951931,0.02576981,0.7976239,10.42687,286.1607,355.8572,0.3076459,0.00691868,-0.9514755,-0.1179646,-0.005795874,0.01411428,-0.4921109,-0.5878695,-3.088984,0.4329621,-0.2993983,1.915,0.2901623,-0.07104912,0.9543364,-0.1532676,0.980917,0.1196284,-0.9446243,-0.1809805,0.2737356,moving,-66.59002,-42.02206,12.7398,-8.885903,-54.66729571072952,-38.42879946180347,85.9722352969902,73.59687006597693,77.10640874286098
05/18/2023 18:40:26.849186,483,True,True,True,True,Eyes,1.061435,0.02793115,-3.491701,-0.8608431,-0.3390251,0.3794881,0.0,0.0,0.0,0.0,0.0,0.0,0.0,3.028023,0.524693,1.850428,0.9106138,0.03597705,-3.469553,0.09441876,-0.5906838,0.02513861,0.8009657,10.42511,286.8058,355.8442,0.3061245,0.006987058,-0.9519656,-0.1108867,-0.005448121,0.01326742,-0.5010589,-0.5931845,-3.076071,0.4368266,-0.3020699,1.915001,0.3009214,-0.07127295,0.950982,-0.1518136,0.9809063,0.1215544,-0.9414877,-0.1809503,0.2843555,moving,-66.21053,-41.7768,12.84975,-8.963907,-54.31840661916731,-38.19053956211139,85.59914614473587,73.25132977999553,76.82095215496113
05/18/2023 18:40:26.873642,484,True,True,True,True,Eyes,1.054571,0.02806979,-3.489981,-0.8574548,-0.3410949,0.3852604,0.0,0.0,0.0,0.0,0.0,0.0,0.0,3.008346,0.5248746,1.874188,0.9014765,0.03548253,-3.467607,0.09422983,-0.5863196,0.02502387,0.8041915,10.42228,287.4362,355.904,0.3045998,0.00705374,-0.952454,-0.1042335,-0.005121234,0.01247138,-0.5091086,-0.6005133,-3.062752,0.4406327,-0.3047023,1.915001,0.3112063,-0.07024962,0.9477425,-0.1507456,0.9809891,0.1222137,-0.9383105,-0.1809016,0.2947002,moving,-65.80529,-41.52046,12.95795,-9.040742,-53.945737180053534,-37.94131888613644,85.1973007592208,72.87898670150364,76.50971895047692
05/18/2023 18:40:26.891795,485,True,True,True,True,Eyes,1.047619,0.02816808,-3.488243,-0.8539957,-0.3430209,0.3911878,0.0,0.0,0.0,0.0,0.0,0.0,0.0,2.987879,0.5205756,1.89926,0.8919283,0.03504416,-3.465378,0.09322047,-0.5818345,0.02451842,0.807575,10.31713,288.0941,355.9855,0.3030682,0.007118328,-0.9529421,0.0,0.0,0.0,-0.5167655,-0.6093175,-3.0497,0.4447204,-0.3075297,1.915,0.321735,-0.06887684,0.9443212,-0.1480787,0.9814176,0.1220337,-0.9351788,-0.1790964,0.3055572,moving,-65.38902,-41.24655,13.07405,-9.123228,-53.56312756583573,-37.67539954567232,84.78420354134715,72.49648221751329,76.1948317485295
05/18/2023 18:40:26.908581,486,True,True,True,True,Eyes,1.040574,0.02822577,-3.4865,-0.8503255,-0.3450896,0.3973158,0.0,0.0,0.0,0.0,0.0,0.0,0.0,2.967653,0.5152292,1.92401,0.8826703,0.03413112,-3.46323,0.09217738,-0.5773667,0.02451263,0.8108947,10.24152,288.749,356.1143,0.301528,0.007179936,-0.9534301,0.0,0.0,0.0,-0.524633,-0.6165286,-3.036914,0.4486065,-0.3102166,1.915,0.3320936,-0.06668597,0.9408863,-0.1461946,0.9818049,0.1211867,-0.9318482,-0.1777978,0.316302,moving,-64.9556,-40.97602,13.18432,-9.201582,-53.16447327446187,-37.41225139104628,84.35319797033331,72.09718605097007,75.8592042387053
05/18/2023 18:40:26.918961,487,True,True,True,True,Eyes,1.033452,0.02823043,-3.484749,-0.8465673,-0.3470953,0.4035452,0.0,0.0,0.0,0.0,0.0,0.0,0.0,2.946647,0.5147222,1.948089,0.8733097,0.03319771,-3.461061,0.09199702,-0.5727555,0.02485205,0.8141685,10.26903,289.4083,356.2173,0.2999774,0.007237755,-0.9539186,0.0,0.0,0.0,-0.5354377,-0.6175116,-3.023405,0.4523078,-0.3127753,1.915,0.342667,-0.06491608,0.9372115,-0.1458511,0.9818379,0.1213338,-0.9280663,-0.1782704,0.3269753,moving,-64.5136,-40.69933,13.28926,-9.276161,-52.75794264849343,-37.1431408316356,83.90888257021518,71.68543466163781,75.5122627494815
05/18/2023 18:40:26.938918,488,True,True,True,True,Eyes,1.026231,0.02819345,-3.483014,-0.8426131,-0.3492757,0.4098898,0.0,0.0,0.0,0.0,0.0,0.0,0.0,2.925387,0.5189497,1.971323,0.8641513,0.03192928,-3.459123,0.09222978,-0.5681751,0.02454127,0.8173547,10.2915,290.0511,356.2303,0.2984149,0.007290718,-0.9544081,0.0,0.0,0.0,-0.5421239,-0.6274048,-3.011296,0.4561859,-0.3154576,1.915,0.3531496,-0.06468748,0.933328,-0.1449232,0.9817828,0.1228814,-0.9242742,-0.1786563,0.3373415,moving,-64.05936,-40.43502,13.39911,-9.354316,-52.33976958739117,-36.88533818775888,83.46151649638603,71.27101424919101,75.1568969561743
05/18/2023 18:40:26.959504,489,True,True,True,True,Eyes,1.018897,0.02811942,-3.48129,-0.8385717,-0.3513643,0.4163422,0.0,0.0,0.0,0.0,0.0,0.0,0.0,2.902717,0.5242582,1.99541,0.8546937,0.03089392,-3.456995,0.09264889,-0.5633458,0.02420472,0.8206534,10.33111,290.7231,356.2315,0.2968391,0.007338158,-0.954899,0.0,0.0,0.0,-0.5512857,-0.6311738,-2.996675,0.460162,-0.3182071,1.915,0.3641112,-0.06465934,0.9291083,-0.1441141,0.9816607,0.124794,-0.9201381,-0.1793365,0.3481154,moving,-63.59608,-40.16208,13.51163,-9.434384,-51.91333898483602,-36.61925059916539,83.0047603629606,70.84803129714454,74.79576879751919
05/18/2023 18:40:26.968832,490,True,True,True,True,Eyes,1.011467,0.02801914,-3.479576,-0.8343948,-0.3534463,0.4229198,0.0,0.0,0.0,0.0,0.0,0.0,0.0,2.881566,0.5252676,2.018825,0.8444737,0.02991822,-3.455568,0.09248887,-0.5586067,0.02400336,0.8239103,10.32444,291.39,356.2831,0.2952476,0.007379618,-0.955392,0.0,0.0,0.0,-0.56734,-0.616251,-2.983571,0.463958,-0.3208323,1.915,0.3747648,-0.06377656,0.9249237,-0.142883,0.9817393,0.1255882,-0.9160435,-0.1792219,0.3588087,moving,-63.12145,-39.88647,13.61896,-9.510803,-51.47638407023933,-36.35040395791258,82.53345789837591,70.41141952270827,74.42067853046287
05/18/2023 18:40:26.989001,491,True,True,True,True,Eyes,1.003962,0.0279067,-3.477843,-0.8301465,-0.3554001,0.42959,0.0,0.0,0.0,0.0,0.0,0.0,0.0,2.859194,0.5210552,2.043801,0.8348682,0.02915766,-3.453369,0.09133371,-0.5538467,0.0231694,0.8272698,10.18225,292.0702,356.3397,0.2936392,0.007414964,-0.9558874,0.0,0.0,0.0,-0.5760076,-0.6190457,-2.96885,0.4677901,-0.3234823,1.915,0.3854341,-0.06283505,0.9205935,-0.1395044,0.9822426,0.1254506,-0.9121288,-0.1767798,0.3698241,moving,-62.63902,-39.60098,13.7272,-9.587908,-51.03235099628934,-36.072130714245695,82.0523250613021,69.96580234670913,74.03988377685478
05/18/2023 18:40:27.008443,492,True,True,True,True,Eyes,0.9963745,0.02776328,-3.476075,-0.8258198,-0.3572899,0.4363088,0.0,0.0,0.0,0.0,0.0,0.0,0.0,2.836935,0.5199791,2.067467,0.8253963,0.02873693,-3.451216,0.0907739,-0.5491297,0.02249527,0.8304883,10.10653,292.7325,356.3701,0.292013,0.007444479,-0.9563851,0.0,0.0,0.0,-0.5813408,-0.6312673,-2.95571,0.4715357,-0.3260721,1.915001,0.3959012,-0.06232914,0.9161755,-0.1370574,0.9825081,0.1260677,-0.9080075,-0.175479,0.3804335,moving,-62.15098,-39.31378,13.83291,-9.663222,-50.58312352844853,-35.79212841876809,81.56412893695037,69.51363266424038,73.65265867054825
05/18/2023 18:40:27.018924,493,True,True,True,True,Eyes,0.9887192,0.02761942,-3.47429,-0.8214192,-0.3590426,0.443124,0.0,0.0,0.0,0.0,0.0,0.0,0.0,2.813656,0.5127893,2.093,0.8155789,0.02783617,-3.448814,0.08904104,-0.5442483,0.02132766,0.8339128,9.887839,293.4306,356.4296,0.2903691,0.007467882,-0.9568852,0.0,0.0,0.0,-0.5940199,-0.6226837,-2.941077,0.4756745,-0.3289341,1.915,0.4066779,-0.06135004,0.9115093,-0.1324917,0.9832336,0.1252898,-0.9039131,-0.17172,0.3917311,moving,-61.65485,-39.01624,13.9496,-9.746423,-50.12655651744452,-35.502262305289264,81.07252954617853,69.05879446071971,73.2667059908378
05/18/2023 18:40:27.038857,494,True,True,True,True,Eyes,0.9809698,0.02748073,-3.472516,-0.8169114,-0.3607453,0.4500206,0.0,0.0,0.0,0.0,0.0,0.0,0.0,2.79101,0.5088614,2.116887,0.80612,0.02765458,-3.446635,0.0881703,-0.5394477,0.02085941,0.8371304,9.795097,294.1042,356.4974,0.2887069,0.007485778,-0.9573879,0.0,0.0,0.0,-0.6015657,-0.6231258,-2.926588,0.4794167,-0.3315218,1.914999,0.4171223,-0.06020242,0.9068544,-0.1300506,0.9835818,0.1251149,-0.8994976,-0.1701252,0.4024445,moving,-61.15049,-38.71634,14.05502,-9.821614,-49.66236635801116,-35.20999873670861,80.5653394765713,68.58917847470697,72.86554854950653
05/18/2023 18:40:27.058768,495,True,True,True,True,Eyes,0.9731539,0.02729806,-3.470718,-0.8123927,-0.3621767,0.4569969,0.0,0.0,0.0,0.0,0.0,0.0,0.0,2.768103,0.5039752,2.140623,0.7963194,0.02762452,-3.444382,0.08693232,-0.534651,0.01966869,0.8403596,9.621608,294.7764,356.5169,0.2870251,0.007498854,-0.9578934,0.0,0.0,0.0,-0.6138746,-0.6126744,-2.909084,0.4832235,-0.334155,1.915,0.4275231,-0.05989934,0.9020178,-0.1260144,0.9841118,0.125077,-0.8951783,-0.1671406,0.4131823,moving,-60.64085,-38.39734,14.16215,-9.898086,-49.19362304915784,-34.899736003575576,80.04808734477368,68.11047262761936,72.46212585192106
05/18/2023 18:40:27.068353,496,True,True,True,True,Eyes,0.9652895,0.02707781,-3.468932,-0.8077224,-0.3637607,0.4639641,0.0,0.0,0.0,0.0,0.0,0.0,0.0,2.74732,0.4924901,2.162679,0.786764,0.02633278,-3.442064,0.08443082,-0.5302971,0.01817702,0.8434017,9.305387,295.4014,356.5791,0.285324,0.00750637,-0.9584014,0.0,0.0,0.0,-0.626212,-0.6007028,-2.892593,0.4870811,-0.3368222,1.915,0.4369093,-0.05888578,0.8975761,-0.1202079,0.9850821,0.1231397,-0.8914373,-0.1616966,0.423313,moving,-60.12649,-38.09743,14.2706,-9.975508,-48.72011541064484,-34.607234143953775,79.53470624477205,67.63543568851749,72.05497371845998
05/18/2023 18:40:27.089104,497,True,True,True,True,Eyes,0.957379,0.02692494,-3.467137,-0.8028989,-0.3655905,0.4708472,0.0,0.0,0.0,0.0,0.0,0.0,0.0,2.7263,0.5018349,2.180764,0.7777689,0.02525429,-3.440162,0.08576369,-0.5258473,0.01854333,0.846041,9.475226,295.9915,356.5812,0.2836031,0.007507829,-0.9589121,0.0,0.0,0.0,-0.6154171,-0.644959,-2.876732,0.490913,-0.3394715,1.915001,0.4462817,-0.05882036,0.8929573,-0.121574,0.9846015,0.1256173,-0.886596,-0.1646211,0.4322586,moving,-59.61119,-37.82764,14.37823,-10.05237,-48.24515382645754,-34.342904171617306,79.03100591229558,67.16932523271565,71.64575699612352
05/18/2023 18:40:27.108632,498,True,True,True,True,Eyes,0.9493679,0.02686328,-3.465347,-0.7980174,-0.3673496,0.4777264,0.0,0.0,0.0,0.0,0.0,0.0,0.0,2.70491,0.5256485,2.195368,0.7685893,0.02676873,-3.438174,0.08979589,-0.5213807,0.01921968,0.8483688,9.927483,296.5443,356.4481,0.2818632,0.007505698,-0.959425,0.0,0.0,0.0,-0.6245865,-0.6411977,-2.859007,0.4948419,-0.3421887,1.915,0.4555856,-0.06102493,0.8880978,-0.1262464,0.9831346,0.1323185,-0.8811943,-0.1724016,0.4401978,moving,-59.09351,-37.55862,14.48848,-10.13118,-47.76795985817945,-34.079240461561525,78.52753477165638,66.70362736527693,71.23684516726216
05/18/2023 18:40:27.118750,499,True,True,True,True,Eyes,0.9413082,0.0268441,-3.463548,-0.7931865,-0.3688588,0.4845598,0.0,0.0,0.0,0.0,0.0,0.0,0.0,2.683699,0.5302346,2.212965,0.7584111,0.02889659,-3.43578,0.08976836,-0.5171396,0.01622792,0.8510258,9.763087,297.1045,356.2052,0.2801026,0.007502868,-0.9599404,0.0,0.0,0.0,-0.6474046,-0.5972583,-2.838645,0.4986926,-0.3448517,1.915,0.4646068,-0.06522475,0.8831118,-0.1204663,0.9833566,0.1360062,-0.8772847,-0.1695746,0.4490167,moving,-58.57912,-37.27928,14.59642,-10.20837,-47.294029472489584,-33.805992177340386,78.02239308377884,66.23651189737646,70.83063181527888
05/18/2023 18:40:27.144025,500,True,True,True,True,Eyes,0.933172,0.026713,-3.461784,-0.7883455,-0.370122,0.4914478,0.0,0.0,0.0,0.0,0.0,0.0,0.0,2.665941,0.5270783,2.228875,0.7490805,0.02996281,-3.433791,0.08826406,-0.5135536,0.01274219,0.8534108,9.423964,297.5935,355.9946,0.2783222,0.007500594,-0.9604582,0.0,0.0,0.0,-0.643819,-0.62287,-2.820045,0.5025675,-0.347531,1.915,0.4722009,-0.06890799,0.8787935,-0.1124053,0.9840942,0.1375634,-0.8742948,-0.1637386,0.4569446,moving,-58.06094,-36.98434,14.70494,-10.286,-46.81686709585449,-33.51805496552285,77.50919075135542,65.76215573002915,70.42247391317734
05/18/2023 18:40:27.148674,501,True,True,True,True,Eyes,0.9250283,0.02660494,-3.460017,-0.7833998,-0.3715917,0.4982011,0.0,0.0,0.0,0.0,0.0,0.0,0.0,2.64667,0.521763,2.246836,0.739606,0.02710563,-3.431854,0.0858654,-0.5096532,0.00930901,0.8560339,9.003577,298.1364,355.8436,0.2765208,0.007495691,-0.9609784,0.0,0.0,0.0,-0.6403114,-0.6517707,-2.806645,0.5064803,-0.3502368,1.915,0.480334,-0.0715855,0.8741595,-0.1034608,0.9850809,0.1375187,-0.8709622,-0.1564961,0.4657615,moving,-57.54578,-36.71804,14.81441,-10.36435,-46.341968976483166,-33.2569949641397,77.00983101820313,65.30065759982348,70.01739027624515
05/18/2023 18:40:27.174031,502,True,True,True,True,Eyes,0.9167779,0.02664514,-3.458258,-0.7783535,-0.3730107,0.5050038,0.0,0.0,0.0,0.0,0.0,0.0,0.0,2.627944,0.5440235,2.257928,0.7311568,0.02762574,-3.430006,0.08937325,-0.5058172,0.009439488,0.8579466,9.37551,298.6017,355.6861,0.2747003,0.007489058,-0.9615005,0.0,0.0,0.0,-0.654632,-0.6308983,-2.787604,0.5103112,-0.352886,1.915,0.4881199,-0.07421589,0.8696155,-0.1066102,0.9838467,0.1438057,-0.8662409,-0.1629043,0.4723229,moving,-57.02408,-36.45068,14.92149,-10.44103,-45.86099744455212,-32.99479304384541,76.50272502171018,64.83195976819661,69.60503130223383
05/18/2023 18:40:27.189812,503,True,True,True,True,Eyes,0.9084617,0.02694137,-3.456456,-0.773423,-0.3739556,0.511834,0.0,0.0,0.0,0.0,0.0,0.0,0.0,2.604197,0.5566518,2.275067,0.7208836,0.03123904,-3.427387,0.0908739,-0.501174,0.006532334,0.860537,9.378072,299.1863,355.3582,0.2728588,0.007485008,-0.9620247,0.0,0.0,0.0,-0.664911,-0.6174113,-2.76795,0.514266,-0.3556209,1.915,0.4975638,-0.07984464,0.8637449,-0.1023299,0.9833985,0.149853,-0.8613704,-0.1629484,0.481133,moving,-56.5043,-36.15257,15.03191,-10.52015,-45.382405081465,-32.70385196874124,75.98980389644719,64.35841902813077,69.19863749790609
05/18/2023 18:40:27.208757,504,True,True,True,True,Eyes,0.9000272,0.02734035,-3.454634,-0.7686716,-0.3738328,0.5190309,0.0,0.0,0.0,0.0,0.0,0.0,0.0,2.584929,0.5328065,2.295372,0.7109221,0.03762257,-3.424565,0.08643024,-0.4973187,0.001041553,0.8632514,8.64188,299.7383,355.1162,0.2709967,0.00749046,-0.9625509,0.0,0.0,0.0,-0.6622019,-0.6394816,-2.751688,0.5180069,-0.3582076,1.915,0.5053462,-0.08416849,0.8588021,-0.08776499,0.9850574,0.1481861,-0.858442,-0.150258,0.4904079,moving,-55.97156,-35.76338,15.13626,-10.59494,-44.89348508930741,-32.327360033188945,75.43058025221602,63.84252795735911,68.77938159939669
05/18/2023 18:40:27.224564,505,True,True,True,True,Eyes,0.8915569,0.02758426,-3.452775,-0.7641644,-0.3728285,0.526357,0.0,0.0,0.0,0.0,0.0,0.0,0.0,2.564163,0.4942803,2.319224,0.7001862,0.04029448,-3.421426,0.07876584,-0.4931163,-0.005886661,0.8663704,7.508611,300.3712,354.9146,0.2691123,0.007507365,-0.9630793,0.0,0.0,0.0,-0.6653602,-0.6471889,-2.73572,0.5218003,-0.3608307,1.915,0.5136034,-0.08788149,0.8535154,-0.06748138,0.9875225,0.1422864,-0.85537,-0.1306752,0.5012646,moving,-55.4409,-35.31066,15.24196,-10.67076,-44.40772248595351,-31.891449342972045,74.85446793471716,63.31194418801239,68.36564649605268
05/18/2023 18:40:27.238915,506,True,True,True,True,Eyes,0.8830763,0.02780681,-3.450933,-0.759376,-0.3722125,0.5336722,0.0,0.0,0.0,0.0,0.0,0.0,0.0,2.550164,0.4407029,2.33852,0.6908345,0.03663021,-3.418718,0.06804099,-0.4900406,-0.0123976,0.8689517,6.09043,300.8878,354.9093,0.2672065,0.007530267,-0.9636096,0.0,0.0,0.0,-0.6751948,-0.6339588,-2.715988,0.5258776,-0.3636508,1.915,0.5194129,-0.08823153,0.8499562,-0.04513987,0.9904335,0.1303993,-0.8533303,-0.106098,0.5104613,moving,-54.90133,-34.89405,15.35546,-10.75222,-43.91296478876529,-31.489134938415354,74.28892580225533,62.79144701394133,67.94794882084412
05/18/2023 18:40:27.247087,507,True,True,True,True,Eyes,0.8745424,0.02811776,-3.449035,-0.7544759,-0.3718584,0.540821,0.0,0.0,0.0,0.0,0.0,0.0,0.0,2.527023,0.4668002,2.353252,0.6822942,0.03638525,-3.416825,0.07207749,-0.4854669,-0.01218566,0.8711936,6.531845,301.4423,354.7322,0.2652806,0.007557974,-0.9641414,0.0,0.0,0.0,-0.6769075,-0.640347,-2.697371,0.5296815,-0.3662806,1.915,0.5283468,-0.09121463,0.8441147,-0.04875033,0.9893127,0.1374184,-0.8476279,-0.1137554,0.5182534,moving,-54.36641,-34.51168,15.46124,-10.82814,-43.421882650006495,-31.118976862049323,73.73473246343342,62.28113834523265,67.52831059227331
05/18/2023 18:40:27.274173,508,True,True,True,True,Eyes,0.8659356,0.02844278,-3.447092,-0.7495955,-0.3709359,0.5481907,0.0,0.0,0.0,0.0,0.0,0.0,0.0,2.505637,0.4892117,2.364059,0.6723856,0.03889491,-3.413606,0.07555962,-0.481335,-0.01340205,0.8731712,6.837347,301.9363,354.4432,0.2633352,0.007592516,-0.9646744,0.0,0.0,0.0,-0.6736029,-0.6599017,-2.680496,0.5334837,-0.36891,1.915,0.536274,-0.09614354,0.8385504,-0.0493344,0.9882222,0.1448547,-0.842601,-0.1190512,0.5252147,moving,-53.82142,-34.08444,15.56686,-10.90401,-42.92227879370145,-30.706588313519475,73.1578139117299,61.75047744505255,67.10075588127191
05/18/2023 18:40:27.290216,509,True,True,True,True,Eyes,0.8573413,0.02872472,-3.445105,-0.744615,-0.370044,0.5555322,0.0,0.0,0.0,0.0,0.0,0.0,0.0,2.488471,0.449998,2.381779,0.6624884,0.03938141,-3.4099,0.06779759,-0.4777826,-0.01963731,0.8756379,5.737302,302.4759,354.2796,0.2613697,0.007633636,-0.9652084,0.0,0.0,0.0,-0.6747602,-0.6660271,-2.662287,0.5373944,-0.3716142,1.915,0.5426763,-0.09917534,0.8340663,-0.03039466,0.9900358,0.137497,-0.8393918,-0.09996754,0.5342547,moving,-53.27462,-33.66787,15.67538,-10.982,-42.42078365266667,-30.304145833524142,72.58616395468836,61.22507289313263,66.67341387198778
05/18/2023 18:40:27.308805,510,True,True,True,True,Eyes,0.8487299,0.02901519,-3.443052,-0.7392642,-0.3696774,0.562874,0.0,0.0,0.0,0.0,0.0,0.0,0.0,2.463268,0.4532773,2.40064,0.6540958,0.03863601,-3.406889,0.06781188,-0.4729262,-0.0211125,0.878235,5.689663,303.105,354.1615,0.2593862,0.007679497,-0.9657429,0.0,0.0,0.0,-0.6761855,-0.6692111,-2.643186,0.5411681,-0.3742232,1.915001,0.5517902,-0.1012235,0.8278172,-0.02705655,0.9899116,0.1390788,-0.8335439,-0.0991402,0.5434847,moving,-52.71444,-33.29562,15.77998,-11.05721,-41.90597084666088,-29.942882163402523,72.014112856193,60.698744123308614,66.22939095098737
05/18/2023 18:40:27.318519,511,True,True,True,True,Eyes,0.840096,0.02932985,-3.44092,-0.733834,-0.3691124,0.5703013,0.0,0.0,0.0,0.0,0.0,0.0,0.0,2.433498,0.4760227,2.419119,0.6448238,0.03922543,-3.403426,0.0714827,-0.4673246,-0.02107207,0.8809394,6.099121,303.7896,353.9999,0.2573856,0.007729896,-0.9662777,0.0,0.0,0.0,-0.6721627,-0.686312,-2.626362,0.5450287,-0.3768935,1.915,0.5623273,-0.1039377,0.8203567,-0.02968482,0.9888924,0.1456388,-0.8263818,-0.1062488,0.5529959,moving,-52.14733,-32.9119,15.8869,-11.13415,-41.38492103509749,-29.570723510466717,71.43477337232477,60.16617594199484,65.7810541237882
05/18/2023 18:40:27.338708,512,True,True,True,True,Eyes,0.8314353,0.0296212,-3.438749,-0.7281648,-0.3684798,0.5779262,0.0,0.0,0.0,0.0,0.0,0.0,0.0,2.404191,0.4608602,2.443214,0.6355402,0.04007681,-3.399456,0.06869195,-0.4616496,-0.02347973,0.8840869,5.726532,304.5519,353.946,0.2553694,0.007785092,-0.966812,0.0,0.0,0.0,-0.6692774,-0.7011403,-2.609923,0.5490157,-0.3796508,1.915,0.5726567,-0.1049395,0.813051,-0.02190699,0.9894602,0.1431381,-0.8195025,-0.09978053,0.5643221,moving,-51.56185,-32.52116,15.99719,-11.21355,-40.84688939475946,-29.191573338580277,70.83952378181053,59.619281154675576,65.31820321354098
05/18/2023 18:40:27.348994,513,True,True,True,True,Eyes,0.8227906,0.02987813,-3.436504,-0.7222931,-0.3679015,0.5856117,0.0,0.0,0.0,0.0,0.0,0.0,0.0,2.37571,0.439736,2.467107,0.6267855,0.03968433,-3.395519,0.06535443,-0.4560348,-0.02413365,0.8872309,5.391314,305.3156,354.0945,0.2533376,0.007843988,-0.9673459,0.0,0.0,0.0,-0.6687121,-0.7090241,-2.593052,0.552917,-0.3823484,1.915,0.5828996,-0.102432,0.8060619,-0.01678355,0.9902927,0.1379805,-0.8123708,-0.09395735,0.5755221,moving,-50.96599,-32.13846,16.10499,-11.29119,-40.29903170248139,-28.819711266741432,70.23620878587695,59.06490262425393,64.84372568462506
05/18/2023 18:40:27.368858,514,True,True,True,True,Eyes,0.8141756,0.03013292,-3.434166,-0.7161585,-0.3675914,0.5932904,0.0,0.0,0.0,0.0,0.0,0.0,0.0,2.342891,0.4363571,2.49141,0.6183913,0.03920351,-3.391567,0.06518339,-0.4497875,-0.02319022,0.890452,5.464213,306.1261,354.2382,0.2512927,0.007905253,-0.9678786,0.0,0.0,0.0,-0.6709594,-0.7119837,-2.576882,0.5566552,-0.3849334,1.915001,0.5943068,-0.09993687,0.7980051,-0.01733779,0.9904267,0.1369467,-0.8040515,-0.09522399,0.5868847,moving,-50.36048,-31.78156,16.20817,-11.36554,-39.741687285614326,-28.471778007694063,69.62901001352024,58.50649458869064,64.35626755118403
05/18/2023 18:40:27.388326,515,True,True,True,True,Eyes,0.8055781,0.03039782,-3.431739,-0.7098011,-0.3674314,0.6009797,0.0,0.0,0.0,0.0,0.0,0.0,0.0,2.309468,0.4418858,2.513802,0.6100315,0.03947572,-3.38739,0.06670545,-0.4435163,-0.02145763,0.893523,5.74908,306.9207,354.3755,0.2492363,0.007968635,-0.9684097,0.0,0.0,0.0,-0.6724941,-0.7157233,-2.560448,0.5604363,-0.3875479,1.915001,0.6056658,-0.09751567,0.7897212,-0.02082413,0.9901798,0.1382393,-0.7954466,-0.1001721,0.5976874,moving,-49.74583,-31.44109,16.31243,-11.4407,-39.17551118112655,-28.139014578820916,69.01962992062256,57.94605531262178,63.86075414215863
05/18/2023 18:40:27.398681,516,True,True,True,True,Eyes,0.7970226,0.03066853,-3.429229,-0.7032169,-0.3674948,0.6086326,0.0,0.0,0.0,0.0,0.0,0.0,0.0,2.275405,0.445665,2.536024,0.6017082,0.03990983,-3.382877,0.06789976,-0.4371885,-0.01999458,0.8965802,5.985246,307.7232,354.5058,0.2471699,0.008034251,-0.9689386,0.0,0.0,0.0,-0.6712343,-0.7235278,-2.542863,0.5644782,-0.390343,1.915,0.6169327,-0.09522347,0.7812339,-0.02351651,0.9899797,0.139238,-0.7866644,-0.1042724,0.6085116,moving,-49.12389,-31.12374,16.42376,-11.52102,-38.60209875888572,-27.82772541368186,68.41608766891673,57.39123429236769,63.363145911750685
05/18/2023 18:40:27.418991,517,True,True,True,True,Eyes,0.7884951,0.03093222,-3.426636,-0.6964123,-0.3677648,0.6162459,0.0,0.0,0.0,0.0,0.0,0.0,0.0,2.241078,0.4526673,2.557685,0.5938609,0.0403695,-3.378578,0.06959467,-0.430867,-0.01843925,0.8995391,6.275916,308.5174,354.6231,0.2450957,0.00810207,-0.9694648,0.0,0.0,0.0,-0.671092,-0.727202,-2.523939,0.5681897,-0.3929097,1.915,0.6280273,-0.09314574,0.7725968,-0.02679844,0.9896331,0.141096,-0.7777298,-0.1093165,0.6190205,moving,-48.49482,-30.82801,16.52588,-11.59474,-38.0216278907016,-27.53651012104581,67.80567899064872,56.829311553796096,62.85190339052324
05/18/2023 18:40:27.439659,518,True,True,True,True,Eyes,0.7800031,0.03117764,-3.42396,-0.6894948,-0.368082,0.6237888,0.0,0.0,0.0,0.0,0.0,0.0,0.0,2.207342,0.4632892,2.577198,0.585857,0.04049981,-3.374029,0.07183176,-0.4246934,-0.01671057,0.9023284,6.628885,309.2855,354.7338,0.2430151,0.008171706,-0.9699878,0.0,0.0,0.0,-0.6700565,-0.7306536,-2.504134,0.5721222,-0.3956289,1.915,0.6387125,-0.09116979,0.7640252,-0.0308561,0.9891219,0.1438254,-0.7688265,-0.1154379,0.6289514,moving,-47.86422,-30.54378,16.63395,-11.67278,-37.439510702621824,-27.256024216950827,67.20214709627142,56.27412063002956,62.3436078883427
05/18/2023 18:40:27.448528,519,True,True,True,True,Eyes,0.771552,0.03138538,-3.421206,-0.6823825,-0.3685895,0.6312653,0.0,0.0,0.0,0.0,0.0,0.0,0.0,2.174158,0.4694499,2.596386,0.5780519,0.0403367,-3.369391,0.07318211,-0.4186517,-0.01553738,0.9050601,6.860877,310.0426,354.8338,0.2409292,0.008242501,-0.9705073,0.0,0.0,0.0,-0.6669275,-0.7374575,-2.483572,0.5761317,-0.3984019,1.915001,0.6489788,-0.08940014,0.7555358,-0.03315111,0.9888059,0.1454779,-0.760084,-0.1194589,0.6387503,moving,-47.22839,-30.28023,16.74402,-11.75233,-36.8521234672429,-26.994775808271672,66.60144382532633,55.72143886135194,61.831700624864
05/18/2023 18:40:27.468587,520,True,True,True,True,Eyes,0.7631385,0.03157998,-3.418379,-0.6752055,-0.3692188,0.6385726,0.0,0.0,0.0,0.0,0.0,0.0,0.0,2.142492,0.4802263,2.613034,0.5704446,0.03967179,-3.364797,0.07538223,-0.4128762,-0.01349668,0.907562,7.220209,310.759,354.9837,0.2388399,0.008313292,-0.971023,0.0,0.0,0.0,-0.6635587,-0.7434167,-2.462441,0.5795999,-0.4007998,1.915,0.6587022,-0.08674519,0.7473866,-0.03774889,0.9882707,0.147973,-0.7514562,-0.1256832,0.6477016,moving,-46.5972,-30.03624,16.83912,-11.82108,-36.26868422169025,-26.751942489178763,65.99968749144196,55.16674291563846,61.31327405823546
05/18/2023 18:40:27.488966,521,True,True,True,True,Eyes,0.7547743,0.03177042,-3.415472,-0.6678944,-0.3700334,0.6457494,0.0,0.0,0.0,0.0,0.0,0.0,0.0,2.112078,0.495544,2.627182,0.562963,0.03959083,-3.360064,0.07827969,-0.4073914,-0.01174534,0.9098167,7.635498,311.4278,355.0714,0.2367481,0.008383737,-0.9715346,0.0,0.0,0.0,-0.6606512,-0.7445915,-2.443079,0.5796005,-0.4007999,1.915001,0.6677885,-0.08515317,0.7394643,-0.04240873,0.9874687,0.1520102,-0.743142,-0.1328704,0.655809,static,-45.96578,-29.81398,16.83913,-11.82108,-35.68461361199028,-26.529443968727243,65.33147151655243,54.54429038547155,60.72564502284307
05/18/2023 18:40:27.508372,522,True,True,True,True,Eyes,0.7464078,0.03195904,-3.412518,-0.6620936,-0.3693897,0.6520609,0.0,0.0,0.0,0.0,0.0,0.0,0.0,2.083498,0.5097778,2.639539,0.555663,0.03972413,-3.355244,0.08085664,-0.4022857,-0.0107069,0.9118738,7.981171,312.0473,355.1005,0.2346558,0.008453767,-0.9720414,0.0,0.0,0.0,-0.6570747,-0.7449998,-2.422543,0.5795999,-0.4007999,1.915001,0.6761034,-0.0845816,0.731936,-0.04552825,0.9866951,0.1560766,-0.7353988,-0.1388476,0.6632569,static,-45.43741,-29.53136,16.83912,-11.82108,-35.19772007434069,-26.25280544106827,64.74581227013296,54.00099465869945,60.23546689738058
05/18/2023 18:40:27.518870,523,True,True,True,True,Eyes,0.7380824,0.0321197,-3.409463,-0.6561803,-0.3688641,0.658306,0.0,0.0,0.0,0.0,0.0,0.0,0.0,2.055732,0.5212859,2.650941,0.5483059,0.03963051,-3.350082,0.08282563,-0.3973779,-0.01031932,0.9138514,8.231859,312.644,355.0913,0.2325618,0.00852342,-0.972544,0.0,0.0,0.0,-0.6545944,-0.7448412,-2.402928,0.5796001,-0.4008,1.915001,0.6839686,-0.08468681,0.7245792,-0.0469655,0.9860669,0.159582,-0.7279981,-0.1431793,0.6704614,static,-44.90734,-29.26292,16.83913,-11.82108,-34.70897037991,-25.98940098682672,64.1626397527915,53.4597790152843,59.74337104851289
05/18/2023 18:40:27.544358,524,True,True,True,True,Eyes,0.7298414,0.03225466,-3.40628,-0.6501597,-0.3684067,0.6645065,0.0,0.0,0.0,0.0,0.0,0.0,0.0,2.02813,0.529436,2.662183,0.5408759,0.03914216,-3.34466,0.08400956,-0.3925595,-0.01081315,0.915818,8.359593,313.2322,355.0271,0.2304675,0.008591966,-0.9730418,0.0,0.0,0.0,-0.6531122,-0.7411986,-2.381819,0.5795996,-0.4007999,1.915,0.6915602,-0.08576325,0.7172092,-0.04615175,0.985651,0.1623645,-0.7208429,-0.1453853,0.6776788,static,-44.37476,-29.00427,16.83912,-11.82108,-34.21769405336901,-25.735102864220508,63.57987986171805,52.91878960772204,59.24865097324745
05/18/2023 18:40:27.548679,525,True,True,True,True,Eyes,0.7216431,0.0323647,-3.403002,-0.6440203,-0.3680805,0.6706375,0.0,0.0,0.0,0.0,0.0,0.0,0.0,1.999029,0.5427672,2.673338,0.533646,0.03872926,-3.339337,0.08582142,-0.387587,-0.0120462,0.9177505,8.521898,313.8257,354.8578,0.2283756,0.008658807,-0.9735343,0.0,0.0,0.0,-0.6507434,-0.7385103,-2.360746,0.5796,-0.4007999,1.915001,0.6992624,-0.08863735,0.7093487,-0.04441573,0.9849792,0.1668632,-0.7134839,-0.1481874,0.684822,static,-43.84011,-28.76025,16.83912,-11.82108,-33.724208179497566,-25.49445156083314,62.99924153259148,52.379492613313595,58.75177131070373
05/18/2023 18:40:27.574630,526,True,True,True,True,Eyes,0.713487,0.0324476,-3.399644,-0.6377726,-0.3676498,0.6768159,0.0,0.0,0.0,0.0,0.0,0.0,0.0,1.968389,0.5545067,2.685267,0.5263693,0.03827558,-3.333791,0.08737179,-0.3823728,-0.01340318,0.9197705,8.654393,314.4501,354.691,0.2262866,0.00872344,-0.9740214,0.0,0.0,0.0,-0.6468707,-0.7393361,-2.340327,0.5795999,-0.4007999,1.915001,0.7072228,-0.09147288,0.7010483,-0.04216149,0.984373,0.170974,-0.7057325,-0.150474,0.6923144,static,-43.29882,-28.51103,16.83912,-11.82108,-33.22463517419971,-25.24878085985118,62.410946623537924,51.83322035648428,58.24856796041586
05/18/2023 18:40:27.588310,527,True,True,True,True,Eyes,0.7053884,0.03249325,-3.396195,-0.6313739,-0.3673172,0.6829678,0.0,0.0,0.0,0.0,0.0,0.0,0.0,1.938885,0.5561592,2.698167,0.519424,0.03766435,-3.328284,0.08760042,-0.3772295,-0.01374161,0.9218651,8.693233,315.0873,354.6932,0.2242014,0.008785325,-0.9745029,0.0,0.0,0.0,-0.6430635,-0.7411891,-2.321408,0.5796003,-0.4007999,1.915001,0.7150182,-0.09142675,0.6931018,-0.04075508,0.9842747,0.171879,-0.6979169,-0.151144,0.7000481,static,-42.75203,-28.27248,16.83913,-11.82108,-32.719732663570625,-25.01297175198269,61.82034383684387,51.284567625189965,57.74010010562178
05/18/2023 18:40:27.608846,528,True,True,True,True,Eyes,0.697347,0.03250392,-3.392652,-0.6248106,-0.3669156,0.6891913,0.0,0.0,0.0,0.0,0.0,0.0,0.0,1.908889,0.5592334,2.710645,0.5125804,0.03682864,-3.322664,0.08831894,-0.3719391,-0.01280539,0.9239575,8.840261,315.7441,354.8113,0.2221211,0.00884369,-0.9749787,0.0,0.0,0.0,-0.6385714,-0.7434615,-2.301861,0.5795998,-0.4008,1.915,0.7229947,-0.08936181,0.6850498,-0.04203527,0.9840716,0.1727315,-0.6895736,-0.1536803,0.7077222,static,-42.19498,-28.0302,16.83912,-11.82109,-32.20534181131845,-24.773436346652858,61.21895302765395,50.72595499589461,57.221910617150044
05/18/2023 18:40:27.618988,529,True,True,True,True,Eyes,0.6893718,0.03249301,-3.389008,-0.6181362,-0.3665642,0.6953691,0.0,0.0,0.0,0.0,0.0,0.0,0.0,1.880263,0.5634085,2.721346,0.5058712,0.0359826,-3.316827,0.08935604,-0.3668735,-0.01122662,0.9259014,9.046284,316.3726,354.9836,0.2200462,0.008897912,-0.9754485,0.0,0.0,0.0,-0.6352688,-0.7437378,-2.2827,0.5795996,-0.4008,1.915,0.7305556,-0.08635422,0.6773711,-0.04477524,0.9837789,0.1737073,-0.6813837,-0.1572323,0.7148386,static,-41.63493,-27.79598,16.83912,-11.82109,-31.688000964474934,-24.541376712934348,60.61692530898115,50.16659409567323,56.70078574117533
05/18/2023 18:40:27.639007,530,True,True,True,True,Eyes,0.6814816,0.03245273,-3.385237,-0.6114044,-0.3660115,0.7015841,0.0,0.0,0.0,0.0,0.0,0.0,0.0,1.854041,0.5614651,2.731163,0.4993935,0.0354455,-3.310787,0.08948169,-0.3622132,-0.009695332,0.9277396,9.149313,316.9609,355.1884,0.2179784,0.008947792,-0.9759122,0.0,0.0,0.0,-0.632548,-0.7394778,-2.26186,0.5795999,-0.4008,1.915,0.7374153,-0.08281238,0.6703439,-0.04683341,0.983798,0.1730549,-0.6738141,-0.1590078,0.7215893,static,-41.07094,-27.55074,16.83912,-11.82109,-31.16720045898279,-24.29891176291166,60.008307244298265,49.60143989802656,56.17574167650407
05/18/2023 18:40:27.648344,531,True,True,True,True,Eyes,0.673659,0.03236583,-3.381368,-0.6045969,-0.3655065,0.70772,0.0,0.0,0.0,0.0,0.0,0.0,0.0,1.827552,0.5563518,2.741224,0.4928688,0.03469279,-3.304491,0.08890922,-0.357564,-0.008929114,0.929604,9.143941,317.5497,355.3416,0.2159192,0.00899295,-0.9763695,0.0,0.0,0.0,-0.6290417,-0.7372205,-2.242198,0.5796003,-0.4008,1.915001,0.7441365,-0.08018255,0.6631981,-0.04698039,0.9840308,0.1716862,-0.6663736,-0.1589153,0.7284862,static,-40.50687,-27.31438,16.83913,-11.82108,-30.646154980806344,-24.064756981845637,59.40207118350337,49.03835147865565,55.65045664725728
05/18/2023 18:40:27.668610,532,True,True,True,True,Eyes,0.6658157,0.03222778,-3.377496,-0.5966207,-0.3669353,0.7137241,0.0,0.0,0.0,0.0,0.0,0.0,0.0,1.80226,0.5567902,2.749242,0.4865723,0.0334849,-3.298274,0.08909873,-0.3531767,-0.008267902,0.9312676,9.21325,318.0953,355.4483,0.2138692,0.009032529,-0.9768203,0.0,0.0,0.0,-0.6266019,-0.7306462,-2.220555,0.5795998,-0.4008,1.915,0.7503957,-0.07833445,0.6563308,-0.04753594,0.9839861,0.1717896,-0.6592774,-0.1601094,0.7346552,static,-39.89314,-27.20832,16.83912,-11.82109,-30.076337137542367,-23.951430832416733,58.78193746194915,48.45828398875854,55.08076089149468
05/18/2023 18:40:27.688989,533,True,True,True,True,Eyes,0.6580416,0.03204986,-3.373513,-0.588661,-0.3682631,0.7196252,0.0,0.0,0.0,0.0,0.0,0.0,0.0,1.779709,0.5605018,2.754664,0.4804894,0.03222381,-3.29208,0.08981136,-0.3492782,-0.007507645,0.9326748,9.339557,318.5745,355.5394,0.2118268,0.009065586,-0.9772649,0.0,0.0,0.0,-0.6225301,-0.7272481,-2.200487,0.5796,-0.4008,1.915001,0.7558967,-0.07674269,0.6501775,-0.04873393,0.9837551,0.1727741,-0.6528745,-0.1622851,0.7398773,static,-39.28353,-27.10077,16.83913,-11.82109,-29.510386771879723,-23.83680430866697,58.16546730129484,47.881678075588205,54.51562062790896
05/18/2023 18:40:27.708427,534,True,True,True,True,Eyes,0.6504765,0.03181034,-3.369317,-0.5808597,-0.3692824,0.7254189,0.0,0.0,0.0,0.0,0.0,0.0,0.0,1.75775,0.5565186,2.76061,0.4743131,0.03108003,-3.285487,0.08923224,-0.345496,-0.007318012,0.9341395,9.302915,319.0493,355.6221,0.2097925,0.009091637,-0.9777035,0.0,0.0,0.0,-0.6196487,-0.7215994,-2.180459,0.5795998,-0.4008,1.915,0.7611579,-0.07533085,0.644177,-0.04798668,0.9839681,0.1717674,-0.646789,-0.161654,0.7453402,static,-38.68507,-26.97887,16.83912,-11.82109,-28.955101024861293,-23.70900092485888,57.55600724237654,47.31208202384701,53.96110670524102
05/18/2023 18:40:27.718730,535,True,True,True,True,Eyes,0.6429833,0.03153757,-3.365018,-0.5731196,-0.3702198,0.7310754,0.0,0.0,0.0,0.0,0.0,0.0,0.0,1.737487,0.5482163,2.766177,0.4684025,0.02948581,-3.278852,0.08779096,-0.3420482,-0.007694545,0.9355409,9.148871,319.4874,355.675,0.2077725,0.009109606,-0.9781345,0.0,0.0,0.0,-0.618927,-0.7122674,-2.160539,0.5795998,-0.4007999,1.915001,0.7658876,-0.07445459,0.638649,-0.04566035,0.9844671,0.1695278,-0.6413511,-0.1590002,0.7505916,static,-38.09433,-26.85785,16.83912,-11.82108,-28.40699163027022,-23.58219798728756,56.95426569569131,46.749700683210506,53.41422689227148
05/18/2023 18:40:27.738945,536,True,True,True,True,Eyes,0.6356354,0.03122366,-3.360544,-0.5655288,-0.3709109,0.7366154,0.0,0.0,0.0,0.0,0.0,0.0,0.0,1.719239,0.5454453,2.769114,0.4625669,0.02840576,-3.27208,0.08734857,-0.3389646,-0.00782879,0.9367027,9.110087,319.8706,355.7087,0.2057669,0.009119342,-0.9785582,0.0,0.0,0.0,-0.6126712,-0.7187157,-2.145177,0.5795999,-0.4007999,1.915,0.7700834,-0.07388265,0.6336505,-0.04454965,0.9846179,0.1689466,-0.6363858,-0.1583319,0.7549464,static,-37.51488,-26.72681,16.83912,-11.82108,-27.869594197258078,-23.446274430919544,56.360785150962016,46.195392310584275,52.877839637516466
05/18/2023 18:40:27.758789,537,True,True,True,True,Eyes,0.6283595,0.03086803,-3.355962,-0.5580578,-0.3714031,0.7420452,0.0,0.0,0.0,0.0,0.0,0.0,0.0,1.702258,0.5372216,2.771815,0.4566984,0.02717005,-3.264956,0.08585899,-0.3361517,-0.008831813,0.9378446,8.92301,320.2249,355.6873,0.2037784,0.009120477,-0.9789743,0.0,0.0,0.0,-0.6042413,-0.7327907,-2.133487,0.5795997,-0.4008,1.915,0.7738481,-0.07428902,0.6289994,-0.04115754,0.9851004,0.1669824,-0.6320325,-0.1551071,0.7592606,static,-36.94513,-26.58855,16.83912,-11.82109,-27.34137347653055,-23.30381475680434,55.77475614392321,45.64831838819789,52.35038259454139
05/18/2023 18:40:27.768763,538,True,True,True,True,Eyes,0.6211959,0.03048636,-3.351249,-0.5506982,-0.3717601,0.7473459,0.0,0.0,0.0,0.0,0.0,0.0,0.0,1.686323,0.5256039,2.774378,0.4510888,0.02578308,-3.257756,0.08377805,-0.3335362,-0.01001145,0.9389541,8.664545,320.5594,355.6672,0.2018073,0.009112645,-0.9793826,0.0,0.0,0.0,-0.6040207,-0.7277724,-2.118572,0.5795999,-0.4007999,1.915,0.7773067,-0.07468662,0.6246728,-0.03708544,0.9857621,0.1640059,-0.6280278,-0.1506491,0.7634697,static,-36.38546,-26.44761,16.83912,-11.82108,-26.82259640465621,-23.15907726811699,55.19774720056336,45.10981779449407,51.83224201180633
05/18/2023 18:40:27.788653,539,True,True,True,True,Eyes,0.6141043,0.03010133,-3.34642,-0.543475,-0.3720149,0.7524891,0.0,0.0,0.0,0.0,0.0,0.0,0.0,1.671687,0.5235022,2.774282,0.4457045,0.02481283,-3.250534,0.08343047,-0.3311521,-0.01033197,0.9398251,8.625603,320.8528,355.6683,0.1998553,0.009095972,-0.979783,0.0,0.0,0.0,-0.6064549,-0.7179605,-2.104529,0.5795997,-0.4008,1.915,0.7804632,-0.07467683,0.6207259,-0.03583585,0.9858652,0.163663,-0.6241739,-0.1499772,0.7667553,static,-35.83818,-26.30683,16.83912,-11.82108,-26.315360856324787,-23.014773190315584,54.632727264456605,44.58259733593165,51.32554345546591
05/18/2023 18:40:27.798985,540,True,True,True,True,Eyes,0.6070687,0.0297004,-3.341489,-0.5363594,-0.3721507,0.7575106,0.0,0.0,0.0,0.0,0.0,0.0,0.0,1.658384,0.5181459,2.773509,0.4402928,0.02434155,-3.242933,0.08249911,-0.329053,-0.01143562,0.9406314,8.49231,321.1116,355.6042,0.1979223,0.009071235,-0.9801755,0.0,0.0,0.0,-0.6084185,-0.7088958,-2.088375,0.5795999,-0.4007999,1.915,0.7831868,-0.07580655,0.6171482,-0.03277975,0.9861262,0.1627283,-0.6209219,-0.1476766,0.7698361,static,-35.3006,-26.16402,16.83913,-11.82108,-25.817202410083027,-22.868791022029036,54.076532547090146,44.06375623463984,50.82766884116703
05/18/2023 18:40:27.818773,541,True,True,True,True,Eyes,0.6001174,0.0292718,-3.336454,-0.5293425,-0.3722619,0.7623763,0.0,0.0,0.0,0.0,0.0,0.0,0.0,1.644408,0.5120226,2.773045,0.43514,0.0235334,-3.235138,0.08130727,-0.326913,-0.01297985,0.941461,8.314617,321.3748,355.502,0.1960077,0.009038753,-0.9805604,0.0,0.0,0.0,-0.6020514,-0.7216772,-2.079115,0.5795999,-0.4007999,1.915001,0.7859188,-0.07760084,0.6134409,-0.02872075,0.9864413,0.1615818,-0.6176624,-0.1446086,0.773034,static,-34.77349,-26.02587,16.83912,-11.82108,-25.328710127329792,-22.72741047230373,53.531650170307664,43.55541231601927,50.33956877760397
05/18/2023 18:40:27.838668,542,True,True,True,True,Eyes,0.5932357,0.02888595,-3.331327,-0.5223569,-0.3724963,0.7670657,0.0,0.0,0.0,0.0,0.0,0.0,0.0,1.628362,0.5128399,2.772762,0.4301547,0.02245271,-3.227576,0.08124221,-0.3244297,-0.01412947,0.9423087,8.276043,321.6707,355.4012,0.1941121,0.008998472,-0.9809378,0.0,0.0,0.0,-0.5992392,-0.7212311,-2.065451,0.5796,-0.4007998,1.915001,0.7890915,-0.07934341,0.6091298,-0.02608611,0.9864001,0.1622785,-0.6137214,-0.1439424,0.7762902,static,-34.2541,-25.90177,16.83913,-11.82108,-24.847141428936943,-22.599357964006167,52.997962061847254,43.057130669801786,49.859256101695415
05/18/2023 18:40:27.858785,543,True,True,True,True,Eyes,0.586425,0.02857218,-3.326084,-0.5154693,-0.3727691,0.7715793,0.0,0.0,0.0,0.0,0.0,0.0,0.0,1.612212,0.5189906,2.771456,0.4252425,0.02311707,-3.219966,0.08229746,-0.3219597,-0.01529393,0.9430457,8.35885,321.9529,355.2552,0.1922354,0.008952413,-0.9813077,0.0,0.0,0.0,-0.6049201,-0.6937166,-2.047065,0.5796002,-0.4007999,1.915001,0.7922161,-0.08183869,0.6047282,-0.02414717,0.9859865,0.1650686,-0.6097628,-0.1453725,0.7791382,static,-33.74571,-25.78634,16.83913,-11.82108,-24.375655767805668,-22.479672712282,52.47718099034284,42.5706960771424,49.389509780217544
05/18/2023 18:40:27.868721,544,True,True,True,True,Eyes,0.5796841,0.02835073,-3.320758,-0.5085676,-0.3730779,0.7759973,0.0,0.0,0.0,0.0,0.0,0.0,0.0,1.594416,0.5243567,2.770611,0.4200775,0.02457759,-3.211904,0.08316503,-0.3192829,-0.01751657,0.9438407,8.383816,322.2542,355.0031,0.1903777,0.008903275,-0.9816703,0.0,0.0,0.0,-0.6131169,-0.6566836,-2.023835,0.5796002,-0.4007999,1.915001,0.7955032,-0.08617205,0.5997909,-0.02004065,0.9855536,0.1681746,-0.6056179,-0.1458036,0.782284,static,-33.23975,-25.67695,16.83913,-11.82108,-23.906318376725658,-22.36569674864431,51.96036331196405,42.087771452004986,48.922408832330674
05/18/2023 18:40:27.888898,545,True,True,True,True,Eyes,0.5730136,0.02815179,-3.31533,-0.5017432,-0.3733067,0.7803178,0.0,0.0,0.0,0.0,0.0,0.0,0.0,1.577606,0.5272169,2.770201,0.4153599,0.02658702,-3.204307,0.08371419,-0.3167541,-0.01976504,0.9445994,8.373846,322.5402,354.7589,0.1885387,0.008854083,-0.9820257,0.0,0.0,0.0,-0.6241497,-0.6146522,-2.000814,0.5796,-0.4007999,1.915001,0.7985523,-0.09037372,0.5951023,-0.01569353,0.9852026,0.1706741,-0.6017208,-0.1456314,0.7853175,static,-32.74096,-25.56661,16.83912,-11.82108,-23.44367998883753,-22.250995694027168,51.45020823852222,41.61114173301669,48.4618515748813
05/18/2023 18:40:27.908514,546,True,True,True,True,Eyes,0.5664425,0.0279954,-3.309839,-0.4948671,-0.3736292,0.784543,0.0,0.0,0.0,0.0,0.0,0.0,0.0,1.556726,0.5237392,2.772781,0.4103132,0.02694243,-3.196393,0.08294439,-0.3135005,-0.02238867,0.9456937,8.212347,322.926,354.5297,0.1867184,0.008805517,-0.9823738,0.0,0.0,0.0,-0.615145,-0.6308408,-1.990198,0.5796,-0.4007998,1.915001,0.8024325,-0.09435185,0.5892367,-0.009660552,0.985238,0.1709177,-0.5966648,-0.1428423,0.7896754,static,-32.24254,-25.46556,16.83913,-11.82108,-22.981208054446952,-22.144998885040643,50.94293046595671,41.13687669130138,48.00233827367742
05/18/2023 18:40:27.918763,547,True,True,True,True,Eyes,0.5599418,0.02792469,-3.304262,-0.487967,-0.3741534,0.7886047,0.0,0.0,0.0,0.0,0.0,0.0,0.0,1.537426,0.5296224,2.773748,0.406028,0.02784527,-3.189392,0.08393914,-0.3105102,-0.02398085,0.9465531,8.280132,323.2668,354.3441,0.1849175,0.008758773,-0.9827148,0.0,0.0,0.0,-0.6105981,-0.6408924,-1.979853,0.5795998,-0.4007999,1.915001,0.8060167,-0.09752619,0.5838028,-0.00672961,0.9847583,0.1737983,-0.5918545,-0.1440131,0.7930753,static,-31.74809,-25.38199,16.83912,-11.82108,-22.522099746774032,-22.055454872235643,50.44417960094306,40.66998953748676,47.54778672205054
05/18/2023 18:40:27.938706,548,True,True,True,True,Eyes,0.5535256,0.02789529,-3.298578,-0.4810956,-0.3743812,0.7927079,0.0,0.0,0.0,0.0,0.0,0.0,0.0,1.51182,0.5455456,2.775244,0.4011226,0.02990291,-3.18173,0.08680382,-0.3064865,-0.02537958,0.9475692,8.56598,323.7122,354.1198,0.1831358,0.008716228,-0.9830487,0.0,0.0,0.0,-0.6182299,-0.6063447,-1.958486,0.5795996,-0.4008,1.915,0.8108438,-0.1013062,0.5764281,-0.005110593,0.9836419,0.1800622,-0.5852403,-0.1489483,0.7970622,static,-31.25363,-25.2805,16.83912,-11.82109,-22.063326054897097,-21.94913686392275,49.94064797447666,40.199224399632314,47.092067286020004
05/18/2023 18:40:27.958206,549,True,True,True,True,Eyes,0.5471905,0.02786716,-3.292821,-0.4742321,-0.3743876,0.7968299,0.0,0.0,0.0,0.0,0.0,0.0,0.0,1.490834,0.5232924,2.781021,0.396262,0.03084313,-3.173724,0.08330395,-0.3029821,-0.02722294,0.9489582,8.140892,324.1638,354.0773,0.1813735,0.008678716,-0.9833757,0.0,0.0,0.0,-0.6114793,-0.6066431,-1.942055,0.5795999,-0.4007999,1.915,0.8149215,-0.1021461,0.570499,0.001187654,0.9846388,0.1746,-0.5795701,-0.1416078,0.8025246,static,-30.75893,-25.16631,16.83912,-11.82108,-21.604572486406557,-21.830925703040798,49.43348589322222,39.72548933604313,46.63517147034798
05/18/2023 18:40:27.973873,550,True,True,True,True,Eyes,0.5409268,0.0278429,-3.286985,-0.4672945,-0.3741835,0.8010134,0.0,0.0,0.0,0.0,0.0,0.0,0.0,1.468377,0.5040467,2.787307,0.3917857,0.03079166,-3.166201,0.0803482,-0.2991645,-0.02782823,0.9504054,7.820861,324.6543,354.1503,0.1796313,0.008645795,-0.9836959,0.0,0.0,0.0,-0.5998753,-0.6208314,-1.927332,0.5795999,-0.4008,1.915001,0.8194524,-0.1009708,0.5641831,0.00482155,0.9855395,0.1693772,-0.573127,-0.1360763,0.8080896,static,-30.2584,-25.03905,16.83912,-11.82108,-21.14063756451445,-21.700347083989385,48.9171863568552,39.243622447170814,46.171817646394196
05/18/2023 18:40:27.989743,551,True,True,True,True,Eyes,0.5347262,0.02787586,-3.281064,-0.4603482,-0.3737628,0.8052211,0.0,0.0,0.0,0.0,0.0,0.0,0.0,1.443331,0.4917743,2.793125,0.3871463,0.03081993,-3.158443,0.07857876,-0.2949399,-0.02818712,0.9518622,7.640976,325.1811,354.2085,0.1779087,0.008617136,-0.984009,0.0,0.0,0.0,-0.5931153,-0.6084014,-1.904905,0.5795999,-0.4007999,1.915,0.8244318,-0.1000125,0.5570545,0.007308491,0.9860617,0.1662193,-0.5659142,-0.1329653,0.8136716,static,-29.75678,-24.89951,16.83912,-11.82108,-20.675922703032526,-21.558248988415237,48.39652082613894,38.758107395992766,45.70625172512585
05/18/2023 18:40:27.998421,552,True,True,True,True,Eyes,0.5285985,0.02798097,-3.275058,-0.4533799,-0.3730343,0.8095012,0.0,0.0,0.0,0.0,0.0,0.0,0.0,1.418529,0.4705034,2.799843,0.382367,0.0321767,-3.150472,0.07543277,-0.2907076,-0.02933683,0.9533826,7.283312,325.7169,354.2258,0.1762047,0.008594044,-0.9843158,0.0,0.0,0.0,-0.5843297,-0.5965229,-1.881504,0.5795997,-0.4008,1.915,0.829257,-0.09979619,0.5498852,0.01208069,0.9868985,0.1608895,-0.558737,-0.1267757,0.819598,static,-29.25202,-24.74119,16.83912,-11.82109,-20.20864253205705,-21.398500251000318,47.86775710757295,38.26569607034029,45.23583784321417
05/18/2023 18:40:28.024623,553,True,True,True,True,Eyes,0.5225413,0.02812927,-3.268969,-0.4464044,-0.371991,0.8138463,0.0,0.0,0.0,0.0,0.0,0.0,0.0,1.394897,0.4427727,2.806758,0.3776708,0.03396069,-3.142593,0.07126646,-0.2866156,-0.03071323,0.9548975,6.805459,326.2431,354.2485,0.1745202,0.008578176,-0.984616,0.0,0.0,0.0,-0.5699586,-0.5980368,-1.860047,0.5796,-0.4007999,1.915001,0.8338163,-0.09950812,0.5429994,0.01780381,0.9879555,0.1537101,-0.5517547,-0.1184985,0.8255452,static,-28.74529,-24.56409,16.83912,-11.82108,-19.73988721909581,-21.221127656634224,47.33204769401172,37.76750806025807,44.76146841793606
05/18/2023 18:40:28.038972,554,True,True,True,True,Eyes,0.5165363,0.02829259,-3.262825,-0.4393795,-0.3708986,0.8181564,0.0,0.0,0.0,0.0,0.0,0.0,0.0,1.370887,0.411264,2.813734,0.3732075,0.03505767,-3.134494,0.06649756,-0.2824341,-0.03142055,0.9564632,6.283984,326.7875,354.3611,0.1728548,0.008570147,-0.9849098,0.0,0.0,0.0,-0.5538588,-0.605738,-1.840502,0.5796001,-0.4008,1.915,0.8384874,-0.09766756,0.5360969,0.02254284,0.9891816,0.1449534,-0.5444546,-0.1094565,0.8316181,static,-28.2374,-24.38643,16.83913,-11.82109,-19.270061804218614,-21.04320432610368,46.79509938184233,37.2682321206356,44.28544926640749
05/18/2023 18:40:28.059012,555,True,True,True,True,Eyes,0.5106246,0.02844989,-3.256621,-0.4322584,-0.369914,0.8223845,0.0,0.0,0.0,0.0,0.0,0.0,0.0,1.347564,0.3907905,2.818627,0.3690474,0.03547002,-3.126636,0.06365166,-0.2783958,-0.03053158,0.9578685,6.023716,327.3026,354.5802,0.1712071,0.008569662,-0.9851975,0.0,0.0,0.0,-0.5377549,-0.611747,-1.82058,0.5796,-0.4007999,1.915,0.8431272,-0.0939312,0.5294464,0.02304977,0.9900326,0.1389396,-0.5372199,-0.1049401,0.8368884,static,-27.72713,-24.21853,16.83913,-11.82108,-18.797831462735672,-20.874362222224867,46.25849432147678,36.76893989893861,43.80768415250981
05/18/2023 18:40:28.068950,556,True,True,True,True,Eyes,0.5047728,0.02861864,-3.250363,-0.4251494,-0.3691597,0.8264195,0.0,0.0,0.0,0.0,0.0,0.0,0.0,1.322417,0.3915906,2.821395,0.3652641,0.03546868,-3.11893,0.0643703,-0.2741897,-0.02842913,0.9590976,6.193401,327.8107,354.8157,0.1695783,0.008575826,-0.9854792,0.0,0.0,0.0,-0.5207468,-0.6196038,-1.801908,0.5796,-0.4008,1.915,0.8480236,-0.08983196,0.5222893,0.01923328,0.9900964,0.1390647,-0.5296093,-0.1078848,0.841353,static,-27.22344,-24.07021,16.83913,-11.82109,-18.3313563554,-20.72399834120592,45.733478063441666,36.27981377305142,43.337376372624554
05/18/2023 18:40:28.088871,557,True,True,True,True,Eyes,0.4990139,0.02877704,-3.24404,-0.41797,-0.3685129,0.8303609,0.0,0.0,0.0,0.0,0.0,0.0,0.0,1.297118,0.3930132,2.823682,0.3614531,0.0358894,-3.110984,0.06504525,-0.2700261,-0.02761106,0.9602566,6.315826,328.3069,354.9116,0.167968,0.008588358,-0.9857548,0.0,0.0,0.0,-0.5038814,-0.6298458,-1.784404,0.5795998,-0.4007999,1.915,0.8526471,-0.08815524,0.5149966,0.01789958,0.9900135,0.1398317,-0.5221806,-0.1100089,0.84571,static,-26.71883,-23.93158,16.83912,-11.82108,-17.863838044915674,-20.58268358819235,45.21016720221792,35.79191241752531,42.866864044739
05/18/2023 18:40:28.098991,558,True,True,True,True,Eyes,0.4933155,0.0289345,-3.237689,-0.4107721,-0.3680978,0.8341285,0.0,0.0,0.0,0.0,0.0,0.0,0.0,1.270998,0.3965639,2.825869,0.3578182,0.03586929,-3.103049,0.06598222,-0.2657558,-0.02687299,0.9614041,6.464517,328.8128,354.9919,0.1663764,0.008606347,-0.9860245,0.0,0.0,0.0,-0.4880745,-0.6365568,-1.766583,0.5795998,-0.4007999,1.915001,0.8573034,-0.08674193,0.5074512,0.0166013,0.9898484,0.1411545,-0.5145437,-0.1125879,0.8500404,static,-26.21825,-23.81169,16.83912,-11.82108,-17.399715084353147,-20.45900241040685,44.69576981649382,35.31163450623237,42.40170695386229
05/18/2023 18:40:28.118776,559,True,True,True,True,Eyes,0.4877099,0.0290928,-3.231276,-0.403501,-0.367792,0.8378043,0.0,0.0,0.0,0.0,0.0,0.0,0.0,1.243879,0.4034927,2.828187,0.3545054,0.03598594,-3.095435,0.06744495,-0.2613576,-0.02641046,0.9625206,6.662989,329.3274,355.0273,0.1648029,0.008629259,-0.9862885,0.0,0.0,0.0,-0.4716807,-0.6473878,-1.75057,0.5796,-0.4007999,1.915001,0.8619894,-0.08609574,0.4995617,0.01558672,0.9895073,0.1436395,-0.5066867,-0.1160292,0.8542867,static,-25.71627,-23.70124,16.83913,-11.82108,-16.93410647061259,-20.34412536293373,44.18257881547432,34.83208009807256,41.936146119885464
05/18/2023 18:40:28.138731,560,True,True,True,True,Eyes,0.4821899,0.02922366,-3.22481,-0.3962835,-0.3675331,0.8413553,0.0,0.0,0.0,0.0,0.0,0.0,0.0,1.215229,0.4086523,2.830813,0.3510303,0.03612531,-3.087516,0.06852703,-0.2567146,-0.02668412,0.9636855,6.798421,329.8695,354.9959,0.1632486,0.008656654,-0.9865468,0.0,0.0,0.0,-0.4561067,-0.6599883,-1.736522,0.5796,-0.4007999,1.915001,0.8667712,-0.08661396,0.4911271,0.01624641,0.989184,0.1457774,-0.4984415,-0.1183766,0.8588033,static,-25.22072,-23.59737,16.83912,-11.82108,-16.474362831259498,-20.23555463530315,43.677352792834185,34.35973692764224,41.47697984901174
05/18/2023 18:40:28.148683,561,True,True,True,True,Eyes,0.4767667,0.02935863,-3.21829,-0.3889932,-0.3674654,0.8447801,0.0,0.0,0.0,0.0,0.0,0.0,0.0,1.188096,0.408123,2.833427,0.347599,0.03560525,-3.079667,0.06860248,-0.2522676,-0.02674517,0.9648522,6.827965,330.3978,355.0182,0.1617132,0.008687294,-0.9867994,0.0,0.0,0.0,-0.4425088,-0.67066,-1.723433,0.5795998,-0.4008,1.915,0.8712915,-0.08622261,0.4831322,0.0169979,0.9891568,0.1458764,-0.4904713,-0.1188886,0.8633095,static,-24.7245,-23.50825,16.83912,-11.82109,-16.013711815391012,-20.14077510151641,43.175504818936396,33.889905849364084,41.018872867217986
05/18/2023 18:40:28.168394,562,True,True,True,True,Eyes,0.4714337,0.02948871,-3.2117,-0.3817671,-0.3673682,0.8481123,0.0,0.0,0.0,0.0,0.0,0.0,0.0,1.16028,0.4201727,2.834308,0.3444029,0.0358792,-3.071839,0.0708997,-0.2477977,-0.02663665,0.9658468,7.108894,330.9099,354.9939,0.1601979,0.008721001,-0.9870462,0.0,0.0,0.0,-0.4305589,-0.6788579,-1.710142,0.5796,-0.4007998,1.915001,0.8757736,-0.0865914,0.4748921,0.01631629,0.9885274,0.1501575,-0.4824463,-0.1237555,0.867139,static,-24.23429,-23.42033,16.83912,-11.82108,-15.558637688538672,-20.047256398366144,42.6798267286853,33.42580861224307,40.56629255436728
05/18/2023 18:40:28.188460,563,True,True,True,True,Eyes,0.4662016,0.02959263,-3.205054,-0.37447,-0.3672697,0.8514019,0.0,0.0,0.0,0.0,0.0,0.0,0.0,1.132538,0.4203498,2.836185,0.341042,0.03591284,-3.063606,0.07111318,-0.2432957,-0.02733155,0.9669555,7.136136,331.4384,354.9432,0.1587024,0.008757378,-0.9872874,0.0,0.0,0.0,-0.4202127,-0.6840279,-1.696286,0.5796,-0.4007999,1.915,0.8801204,-0.08745985,0.466625,0.01825372,0.9883918,0.1508259,-0.4743996,-0.1242273,0.8715002,static,-23.74122,-23.33394,16.83913,-11.82108,-15.100869342923216,-19.955104356245712,42.18187705048342,32.95945858557045,40.111284893076736
05/18/2023 18:40:28.199031,564,True,True,True,True,Eyes,0.4610627,0.02968805,-3.198364,-0.3671434,-0.3673736,0.8545421,0.0,0.0,0.0,0.0,0.0,0.0,0.0,1.103444,0.4179391,2.839009,0.3381304,0.0353862,-3.055593,0.07086676,-0.2385614,-0.02763931,0.9681438,7.124806,332.0004,354.9509,0.1572278,0.008795379,-0.9875229,0.0,0.0,0.0,-0.4095818,-0.6912034,-1.683643,0.5796,-0.4007999,1.915,0.884649,-0.0873298,0.4580061,0.0197055,0.9884279,0.1504058,-0.465841,-0.1240311,0.8761327,static,-23.25018,-23.2632,16.83913,-11.82108,-14.644692118520004,-19.877647751726016,41.69022530966341,32.49829748046443,39.6602015943604
05/18/2023 18:40:28.223794,565,True,True,True,True,Eyes,0.4560256,0.02979656,-3.191622,-0.3596962,-0.3677085,0.85756,0.0,0.0,0.0,0.0,0.0,0.0,0.0,1.072038,0.4368622,2.839419,0.335206,0.03533546,-3.047753,0.07432768,-0.233511,-0.02719733,0.9691277,7.548437,332.5717,354.9404,0.1557738,0.008834623,-0.987753,0.0,0.0,0.0,-0.3983042,-0.6974365,-1.670207,0.5795999,-0.4008,1.915001,0.8894659,-0.08742801,0.4485609,0.01800269,0.9874715,0.1567678,-0.4566469,-0.1313643,0.879896,static,-22.7552,-23.20891,16.83912,-11.82108,-14.18452801156532,-19.815498742055937,41.19942776752245,32.037126384381544,39.20798309964
05/18/2023 18:40:28.238635,566,True,True,True,True,Eyes,0.4510858,0.02989344,-3.184822,-0.3522085,-0.3680753,0.8605055,0.0,0.0,0.0,0.0,0.0,0.0,0.0,1.040056,0.4523037,2.839967,0.3325015,0.03580815,-3.039715,0.07729448,-0.2283753,-0.02694218,0.9701261,7.912746,333.1555,354.9272,0.1543421,0.008875397,-0.9879774,0.0,0.0,0.0,-0.3863281,-0.6992646,-1.654859,0.5795997,-0.4007999,1.915,0.8942376,-0.08757891,0.4389407,0.01697031,0.9865994,0.1622766,-0.4472707,-0.1376649,0.8837405,static,-22.25949,-23.15849,16.83912,-11.82108,-13.72360943881703,-19.75695548008089,40.70919023316725,31.576233948741926,38.755939884927805
05/18/2023 18:40:28.248912,567,True,True,True,True,Eyes,0.4462531,0.02998616,-3.177983,-0.3445753,-0.3687039,0.8633223,0.0,0.0,0.0,0.0,0.0,0.0,0.0,1.008041,0.4604765,2.841087,0.3298123,0.03565352,-3.031487,0.07900044,-0.2231667,-0.02641129,0.9712148,8.144177,333.7609,354.9834,0.1529327,0.008917236,-0.9881962,0.0,0.0,0.0,-0.3720581,-0.7036788,-1.639552,0.5795999,-0.4007997,1.915001,0.8989981,-0.0865626,0.4293126,0.01604153,0.9861228,0.165241,-0.4376586,-0.1416645,0.8879111,static,-21.75828,-23.12615,16.83912,-11.82108,-13.257219142713469,-19.71520983858188,40.21894944506756,31.11441652516749,38.30200805077634
05/18/2023 18:40:28.268891,568,True,True,True,True,Eyes,0.4414812,0.03007372,-3.171103,-0.336854,-0.369436,0.8660523,0.0,0.0,0.0,0.0,0.0,0.0,0.0,0.9735322,0.4793494,2.8414,0.3274321,0.0357049,-3.023674,0.08249575,-0.2176235,-0.02613593,0.972189,8.570563,334.3875,354.9685,0.1515459,0.008959939,-0.9884093,0.0,0.0,0.0,-0.3576031,-0.7094667,-1.624928,0.5795998,-0.4008,1.915001,0.9039139,-0.08672416,0.4188302,0.0149121,0.9850227,0.1717785,-0.4274546,-0.1490273,0.8916689,static,-21.25372,-23.10187,16.83912,-11.82108,-12.787552733533348,-19.680931956120386,39.728084301784556,30.651541723574326,37.84683909517075
05/18/2023 18:40:28.288614,569,True,True,True,True,Eyes,0.4368082,0.03014593,-3.164176,-0.3289559,-0.3702804,0.8687235,0.0,0.0,0.0,0.0,0.0,0.0,0.0,0.934882,0.4969241,2.842255,0.3248571,0.03568232,-3.015384,0.08575654,-0.2113834,-0.02629981,0.9732786,8.963854,335.0944,354.9209,0.1501813,0.009003283,-0.9886173,0.0,0.0,0.0,-0.3447841,-0.7113589,-1.609772,0.5795999,-0.4008,1.915,0.9092508,-0.0874491,0.4069591,0.01493908,0.9839083,0.1780487,-0.4159806,-0.1558113,0.8959258,static,-20.73997,-23.0854,16.83912,-11.82109,-12.309173489587629,-19.653754128158734,39.231016874460444,30.18233988112388,37.38536317249139
05/18/2023 18:40:28.308773,570,True,True,True,True,Eyes,0.4322086,0.03020482,-3.157206,-0.3210067,-0.3710843,0.8713502,0.0,0.0,0.0,0.0,0.0,0.0,0.0,0.8976058,0.5046349,2.844038,0.3224327,0.0354095,-3.007273,0.08739673,-0.2052532,-0.02584299,0.9744563,9.190638,335.8078,354.988,0.1488392,0.009046755,-0.9888198,0.0,0.0,0.0,-0.3331059,-0.7105033,-1.593861,0.5795997,-0.4007999,1.915001,0.9144065,-0.08624265,0.3955034,0.0144888,0.9833879,0.1809373,-0.4045377,-0.1597199,0.9004658,static,-20.22388,-23.06783,16.83912,-11.82108,-11.828635022613687,-19.62549309072845,38.731839028924256,29.711092906982167,36.92231170971806
05/18/2023 18:40:28.318773,571,True,True,True,True,Eyes,0.4277022,0.0302519,-3.150181,-0.3128784,-0.3719579,0.8739305,0.0,0.0,0.0,0.0,0.0,0.0,0.0,0.8594764,0.5163592,2.844777,0.3199458,0.03515762,-2.99908,0.0897647,-0.1989482,-0.02496922,0.9755709,9.509346,336.5387,355.0888,0.1475195,0.009089942,-0.9890171,0.0,0.0,0.0,-0.3219625,-0.712909,-1.579853,0.5795999,-0.4007998,1.915001,0.9195923,-0.08443554,0.3836935,0.01300143,0.9826376,0.1850788,-0.3926589,-0.1652085,0.9047238,static,-19.69802,-23.05533,16.83912,-11.82108,-11.33889588399702,-19.60175409095575,38.225266152665306,29.232507050686888,36.45221916568165
05/18/2023 18:40:28.338661,572,True,True,True,True,Eyes,0.4232846,0.03028616,-3.143098,-0.3047159,-0.3725964,0.8765387,0.0,0.0,0.0,0.0,0.0,0.0,0.0,0.8221344,0.5207853,2.845914,0.3175487,0.03501397,-2.9907,0.09091635,-0.1927364,-0.02422129,0.9767293,9.68694,337.2683,355.2072,0.1462219,0.009132561,-0.9892094,0.0,0.0,0.0,-0.3121154,-0.7173212,-1.567619,0.5795999,-0.4007999,1.915,0.9245321,-0.08236106,0.3720983,0.01226952,0.9822951,0.186938,-0.3809068,-0.1682647,0.9091738,static,-19.16926,-23.02923,16.83912,-11.82108,-10.846715641723163,-19.565218610579837,37.71241250101749,28.74851610084218,35.97783898375951
05/18/2023 18:40:28.358632,573,True,True,True,True,Eyes,0.3149248,0.03089091,-2.964469,-0.08944131,-0.379346,0.9209217,0.0,0.0,0.0,0.0,0.0,0.0,0.0,0.7850536,0.516894,2.847889,0.31518,0.03471797,-2.982183,0.09064155,-0.1865018,-0.02345411,0.9779832,9.703137,338.0128,355.3631,0.1449467,0.009174289,-0.9893967,0.0,0.0,0.0,-0.3038882,-0.7165236,-1.55364,0.5795999,-0.4007999,1.915001,0.9293339,-0.07968507,0.3605394,0.01206581,0.9824681,0.1860403,-0.3690431,-0.1685434,0.9140024,static,-5.547255,-22.38774,16.83912,-11.82108,1.833508527334165,-18.65291133755429,24.754880108702306,16.487640676985578,24.024754762634668
05/18/2023 18:40:28.368854,574,True,True,True,True,Eyes,0.3148373,0.03086101,-2.964125,-0.08914636,-0.3791028,0.9210504,0.0,0.0,0.0,0.0,0.0,0.0,0.0,0.747158,0.5135586,2.849366,0.3127232,0.03441264,-2.973532,0.09042797,-0.180133,-0.02307209,0.9792052,9.717065,338.7682,355.475,0.1401925,0.009318223,-0.9900802,-0.3250795,0.001814268,0.5358875,-0.297576,-0.7127278,-1.539254,0.5796,-0.4007999,1.915,0.9340396,-0.07776274,0.3486015,0.01260649,0.9825809,0.1854072,-0.356947,-0.168783,0.9187497,static,-5.528307,-22.37198,16.83913,-11.82108,1.8508611731569824,-18.63772563105962,24.73102765270722,16.465565890219455,24.00268237242522
05/18/2023 18:40:28.388843,575,True,True,True,True,Eyes,0.314657,0.03078588,-2.963446,-0.088385,-0.3787863,0.921254,0.0,0.0,0.0,0.0,0.0,0.0,0.0,0.7106715,0.5085689,2.850381,0.3103933,0.03363186,-2.964944,0.08983751,-0.1739978,-0.02279779,0.9803746,9.684071,339.4972,355.5803,0.1362094,0.009437858,-0.9906348,-0.3055747,0.001705412,0.5037342,-0.2919165,-0.7122571,-1.526808,0.5795999,-0.4008,1.915,0.9384101,-0.0759638,0.3370698,0.0134377,0.982819,0.1840824,-0.3452622,-0.1682153,0.9233081,static,-5.480177,-22.35069,16.83912,-11.82109,1.8952985107935396,-18.616695579523903,24.678401381252577,16.416395947153724,23.95401836939863
05/18/2023 18:40:28.398461,576,True,True,True,True,Eyes,0.3143875,0.0306815,-2.96244,-0.08733961,-0.3783413,0.9215366,0.0,0.0,0.0,0.0,0.0,0.0,0.0,0.6741297,0.5002289,2.85135,0.3078679,0.03244755,-2.956187,0.08859637,-0.1678056,-0.02274664,0.9815674,9.572331,340.235,355.6736,0.1328584,0.009536083,-0.9910889,-0.2872403,0.001603088,0.4735102,-0.2886259,-0.7077462,-1.51333,0.5795999,-0.4008,1.915,0.9426478,-0.07438866,0.3253945,0.01492077,0.9832665,0.1815607,-0.3334556,-0.1662926,0.9279839,static,-5.414096,-22.32084,16.83912,-11.82109,1.956297710007239,-18.587242105667837,24.60590117035253,16.348676204284512,23.886943308558187
05/18/2023 18:40:28.418836,577,True,True,True,True,Eyes,0.3140304,0.03055358,-2.96111,-0.08588116,-0.3778193,0.9218878,0.0,0.0,0.0,0.0,0.0,0.0,0.0,0.6376253,0.4993836,2.850435,0.3054055,0.03160618,-2.947314,0.08869285,-0.1616515,-0.02265932,0.9825931,9.611817,340.9572,355.7421,0.1300267,0.009615652,-0.9914636,-0.2700059,0.001506902,0.4450996,-0.286194,-0.7010918,-1.499384,0.5796,-0.4008,1.915001,0.9467106,-0.07320444,0.3136558,0.01585511,0.9832402,0.1816238,-0.3216947,-0.1669721,0.9320047,static,-5.322196,-22.2854,16.83912,-11.82108,2.041246916712139,-18.55196511399364,24.50767063419647,16.256748205187794,23.796038594215375
05/18/2023 18:40:28.438700,578,True,True,True,True,Eyes,0.3136113,0.03039341,-2.959457,-0.08418836,-0.3770432,0.9223615,0.0,0.0,0.0,0.0,0.0,0.0,0.0,0.6024783,0.489419,2.850078,0.3028389,0.03088859,-2.938161,0.08723756,-0.1556693,-0.02291295,0.9836828,9.467869,341.6669,355.8001,0.1275731,0.009680372,-0.9917817,-0.2538055,0.001416488,0.4183936,-0.2828696,-0.700811,-1.48802,0.5795997,-0.4008,1.915001,0.9504842,-0.07223856,0.3022607,0.01791772,0.9837292,0.1787619,-0.3102562,-0.1644945,0.9363133,static,-5.21521,-22.23378,16.83912,-11.82108,2.139942223756396,-18.501197693699364,24.388886670754367,16.145891108863864,23.686023432145053
05/18/2023 18:40:28.449147,579,True,True,True,True,Eyes,0.3131183,0.03019834,-2.9575,-0.08210725,-0.3762042,0.9228915,0.0,0.0,0.0,0.0,0.0,0.0,0.0,0.5671903,0.4741597,2.850109,0.3003971,0.02989707,-2.928911,0.08481493,-0.14965,-0.02344789,0.9848155,9.208995,342.3842,355.8422,0.1253562,0.009733771,-0.9920638,-0.2385772,0.001331499,0.39329,-0.2816999,-0.6976361,-1.476219,0.5795999,-0.4007998,1.915,0.9541101,-0.07156881,0.2907779,0.02079858,0.9845132,0.1740721,-0.2987328,-0.1600361,0.9408226,static,-5.084071,-22.1776,16.83912,-11.82108,2.2610549827993864,-18.445609012602063,24.246315392918596,16.012631397885073,23.553938251531847
05/18/2023 18:40:28.468990,580,True,True,True,True,Eyes,0.312557,0.02997532,-2.95524,-0.07943232,-0.3756935,0.9233335,0.0,0.0,0.0,0.0,0.0,0.0,0.0,0.5312189,0.4642287,2.848863,0.2980205,0.02884234,-2.919602,0.0832909,-0.1435395,-0.02413191,0.9858381,9.049919,343.103,355.8486,0.1233507,0.009775922,-0.9923148,-0.2242625,0.001251609,0.3696926,-0.280654,-0.6937352,-1.463989,0.5795998,-0.4007999,1.915,0.9576281,-0.07149137,0.2789934,0.02366923,0.9849606,0.1711505,-0.2870333,-0.1572949,0.944918,static,-4.916923,-22.14083,16.83912,-11.82108,2.4160922739843205,-18.40736443535631,24.07950678648442,15.855688930123277,23.39942176151429
05/18/2023 18:40:28.489093,581,True,True,True,True,Eyes,0.3119259,0.02974135,-2.952689,-0.07639769,-0.3751355,0.9238164,0.0,0.0,0.0,0.0,0.0,0.0,0.0,0.4937581,0.4590546,2.846415,0.2955241,0.02793508,-2.910067,0.08261769,-0.1371742,-0.0250384,0.9867779,8.985318,343.8428,355.8151,0.1215347,0.009807109,-0.9925385,-0.2108068,0.001176512,0.347511,-0.2773094,-0.6945336,-1.452969,0.5796,-0.4007999,1.915,0.9611126,-0.07208071,0.2665837,0.02674866,0.9850948,0.1699198,-0.2748582,-0.1561814,0.9487152,static,-4.727484,-22.10067,16.83913,-11.82108,2.5918345223039982,-18.365436386415347,23.891186868657154,15.678457479649976,23.224894346942527
05/18/2023 18:40:28.508396,582,True,True,True,True,Eyes,0.3112384,0.02949207,-2.949849,-0.07286357,-0.3748182,0.9242306,0.0,0.0,0.0,0.0,0.0,0.0,0.0,0.4568911,0.4501183,2.843988,0.2931059,0.02742286,-2.900511,0.08137093,-0.1308604,-0.02588806,0.9877167,8.856915,344.5802,355.7958,0.1198879,0.009828159,-0.9927386,-0.1981584,0.001105922,0.3266604,-0.273607,-0.6978883,-1.443575,0.5795999,-0.4007999,1.915001,0.9644108,-0.07243659,0.2542928,0.02984367,0.9854171,0.1675183,-0.262719,-0.1539674,0.9525087,static,-4.507704,-22.07483,16.83912,-11.82108,2.7961223559155783,-18.33621777558164,23.681771132022117,15.48072359634948,23.03084482811451
05/18/2023 18:40:28.518946,583,True,True,True,True,Eyes,0.3104804,0.02923431,-2.946729,-0.06895322,-0.3744498,0.9246799,0.0,0.0,0.0,0.0,0.0,0.0,0.0,0.4176346,0.4397619,2.841445,0.2906576,0.02679653,-2.890747,0.07987437,-0.1241072,-0.02695342,0.9886814,8.699398,345.3676,355.7578,0.1183925,0.009839657,-0.9929179,-0.1862689,0.001039566,0.3070607,-0.2705753,-0.6995915,-1.433596,0.5795999,-0.4008,1.915001,0.9677418,-0.07312264,0.2410991,0.03347072,0.9857872,0.1646308,-0.2497107,-0.1512504,0.956435,static,-4.264644,-22.04552,16.83912,-11.82109,3.0220351289072123,-18.30321816892194,23.45011351342667,15.262038524827295,22.816085329157573
05/18/2023 18:40:28.538833,584,True,True,True,True,Eyes,0.3096716,0.02893821,-2.943327,-0.06459613,-0.3741616,0.925111,0.0,0.0,0.0,0.0,0.0,0.0,0.0,0.3766945,0.4301699,2.83831,0.2880851,0.02632287,-2.880845,0.07855405,-0.1170159,-0.02811324,0.9896192,8.563059,346.1914,355.7067,0.1170322,0.009842358,-0.9930791,-0.1750927,0.0009771924,0.2886371,-0.267805,-0.6995469,-1.423908,0.5795996,-0.4007999,1.915001,0.9710338,-0.07402696,0.2271855,0.03725866,0.9860778,0.1620566,-0.2360192,-0.1488978,0.9602731,static,-3.99421,-22.0209,16.83912,-11.82108,3.27354410834995,-18.27398189663926,23.19620587340309,15.022143394328507,22.580639711726974
05/18/2023 18:40:28.558603,585,True,True,True,True,Eyes,0.3088066,0.02861172,-2.939676,-0.059833,-0.373815,0.9255713,0.0,0.0,0.0,0.0,0.0,0.0,0.0,0.3336466,0.4157059,2.83531,0.2855513,0.02508977,-2.870705,0.07628413,-0.1094786,-0.02889448,0.9906363,8.326451,347.0751,355.7138,0.1157929,0.009835929,-0.9932244,-0.1645872,0.0009185609,0.2713189,-0.2633384,-0.6961701,-1.411147,0.5795999,-0.4007999,1.915001,0.9743591,-0.0739508,0.2124986,0.04054488,0.9866917,0.1574663,-0.2213153,-0.144813,0.9643904,static,-3.698704,-21.99255,16.83912,-11.82108,3.5483427637110547,-18.240680234771524,22.918573616520643,14.75994670447475,22.323074407213866
05/18/2023 18:40:28.568642,586,True,True,True,True,Eyes,0.3078721,0.02826503,-2.935775,-0.05461407,-0.3736549,0.9259586,0.0,0.0,0.0,0.0,0.0,0.0,0.0,0.2907115,0.4066676,2.831302,0.2831989,0.02400893,-2.861011,0.07498139,-0.1019105,-0.0288758,0.9915434,8.21043,347.9617,355.7966,0.1146613,0.009820319,-0.9933558,-0.1547119,0.0008634473,0.2550398,-0.2575092,-0.699157,-1.401939,0.5796,-0.4008,1.915,0.9775609,-0.072546,0.1977671,0.04198043,0.987088,0.1545801,-0.2064277,-0.1428091,0.9679841,static,-3.375458,-21.9757,16.83913,-11.82109,3.8492093546766575,-18.217507934131685,22.62179639776302,14.479371559562903,22.047778134269752
05/18/2023 18:40:28.588496,587,True,True,True,True,Eyes,0.3068878,0.02790147,-2.931626,-0.04898216,-0.3734564,0.9263536,0.0,0.0,0.0,0.0,0.0,0.0,0.0,0.2451816,0.4039666,2.825637,0.2807344,0.02311799,-2.850997,0.07484066,-0.09387505,-0.02889192,0.9923466,8.227922,348.8943,355.8633,0.1136246,0.009795811,-0.9934753,-0.1454292,0.0008116404,0.2397374,-0.2475996,-0.7082938,-1.393427,0.5795998,-0.4008,1.915001,0.9807055,-0.07139292,0.1819886,0.04329025,0.9871283,0.1539602,-0.1906377,-0.1431113,0.9711727,static,-3.02677,-21.95667,16.83912,-11.82108,4.173740124097358,-18.191712629397657,22.30210237040894,14.17733428750503,21.751065691666017
05/18/2023 18:40:28.598617,588,True,True,True,True,Eyes,0.3059002,0.02751627,-2.927247,-0.04298536,-0.3733866,0.9266794,0.0,0.0,0.0,0.0,0.0,0.0,0.0,0.1997137,0.3963506,2.819792,0.2784084,0.02232881,-2.84081,0.07385715,-0.08578579,-0.02873908,0.9931566,8.150434,349.8384,355.9591,0.1126739,0.009762813,-0.9935839,-0.1367035,0.000762942,0.2253531,-0.2417627,-0.6941829,-1.376207,0.5795999,-0.4007999,1.915001,0.9836297,-0.06975659,0.1661523,0.04441301,0.9874384,0.1516342,-0.1746426,-0.1417726,0.9743719,static,-2.655844,-21.94597,16.83912,-11.82108,4.519151405625548,-18.17320540917407,21.967408105495654,13.861137160429791,21.44044927940419
05/18/2023 18:40:28.623919,589,True,True,True,True,Eyes,0.2794481,0.01839091,-2.81211,0.1178835,-0.3696072,0.92168,0.0,0.0,0.0,0.0,0.0,0.0,0.0,0.1532756,0.3957801,2.812632,0.2761747,0.02151351,-2.830954,0.07410064,-0.07750016,-0.02826035,0.9938331,8.216096,350.8004,356.0802,0.1118002,0.009721451,-0.9936829,-0.1285013,0.0007171654,0.2118319,-0.2327306,-0.6833214,-1.359595,0.5795999,-0.4008,1.915,0.9863902,-0.06765776,0.1498562,0.04468652,0.9874209,0.1516677,-0.1582327,-0.142907,0.9770057,static,7.288601,-21.85151,16.83912,-11.82108,13.783245147222578,-17.8571285849899,13.84997975284661,6.7655194653622885,13.81845804009194
05/18/2023 18:40:28.638884,590,True,True,True,True,Eyes,0.2793755,0.01840558,-2.811702,0.1184328,-0.3695824,0.9216195,0.0,0.0,0.0,0.0,0.0,0.0,0.0,0.1058157,0.398399,2.803954,0.2732689,0.02164187,-2.820804,0.07509383,-0.06889692,-0.02804873,0.9943981,8.365155,351.7928,356.1674,0.1102153,0.009353247,-0.9938635,-0.2001474,-0.02670196,0.5445319,-0.2216681,-0.6769893,-1.344013,0.5796,-0.4008,1.915001,0.988933,-0.06613068,0.1328094,0.04543574,0.9871484,0.1532113,-0.1412345,-0.1454814,0.9792283,static,7.322668,-21.85148,16.83913,-11.82108,13.814987081260002,-17.856320605758754,13.826495331697183,6.750523650974387,13.795796148879065
05/18/2023 18:40:28.649196,591,True,True,True,True,Eyes,0.279209,0.01850313,-2.810908,0.1195919,-0.3696806,0.9214304,0.0,0.0,0.0,0.0,0.0,0.0,0.0,0.05945516,0.3877481,2.796272,0.2711218,0.02199927,-2.810522,0.07376677,-0.06047892,-0.02775453,0.9950531,8.247334,352.7757,356.2831,0.1089296,0.009045131,-0.9940081,-0.1881385,-0.02509984,0.51186,-0.2118194,-0.6639896,-1.326713,0.5795997,-0.4008,1.915,0.991144,-0.06415712,0.1162647,0.04631178,0.9875763,0.1501608,-0.1244542,-0.1434465,0.9818015,static,7.395044,-21.8608,16.83912,-11.82109,13.882603533050066,-17.863387553344623,13.783553546813536,6.726837989910307,13.754628067918373
05/18/2023 18:40:28.669051,592,True,True,True,True,Eyes,0.279007,0.01850158,-2.809704,0.1212599,-0.36872,0.9215974,0.0,0.0,0.0,0.0,0.0,0.0,0.0,0.0133189,0.3909045,2.785971,0.2685558,0.02410781,-2.800342,0.07522781,-0.05206272,-0.02796293,0.9954137,8.444651,353.7402,356.3192,0.1078813,0.008789321,-0.9941247,-0.1768502,-0.02359385,0.4811484,-0.2027955,-0.6466116,-1.308558,0.5795999,-0.4008,1.915,0.9930151,-0.0635025,0.0994407,0.04783624,0.9871177,0.1526772,-0.1078551,-0.1468539,0.9832606,static,7.495678,-21.80575,16.83913,-11.82109,13.975314424455629,-17.80955494605958,13.674557784144392,6.638008139563775,13.647779658623884
05/18/2023 18:40:28.688981,593,True,True,True,True,Eyes,0.27874,0.01837445,-2.808187,0.1234547,-0.3677545,0.9216917,0.0,0.0,0.0,0.0,0.0,0.0,0.0,-0.02971959,0.3499439,2.77995,0.2664765,0.02162221,-2.789263,0.06799556,-0.04404429,-0.02866408,0.9963008,7.640851,354.6936,356.3495,0.1069752,0.008565751,-0.9942245,-0.1662392,-0.02217822,0.4522794,-0.1924712,-0.6276236,-1.289321,0.5795999,-0.4007999,1.915001,0.9944769,-0.06310572,0.08386466,0.05112646,0.9891099,0.138013,-0.09166078,-0.1329631,0.9868734,static,7.628999,-21.75197,16.83912,-11.82108,14.098506361830207,-17.756162798882993,13.544331102964849,6.5372907953768635,13.520357810960009
05/18/2023 18:40:28.709084,594,True,True,True,True,Eyes,0.2784233,0.01824288,-2.806345,0.1260135,-0.3671319,0.9215935,0.0,0.0,0.0,0.0,0.0,0.0,0.0,-0.07113208,0.3467979,2.770222,0.2645116,0.01845671,-2.780135,0.06729271,-0.03639223,-0.02818452,0.996671,7.590151,355.5833,356.4673,0.1061554,0.008360328,-0.9943142,-0.1562648,-0.02084753,0.4251427,-0.1802911,-0.6167378,-1.272814,0.5795999,-0.4008,1.915001,0.9957625,-0.06107924,0.06874894,0.05128351,0.9893546,0.1361888,-0.07633539,-0.132086,0.9882945,static,7.786021,-21.72067,16.83912,-11.82108,14.24421356350903,-17.723270154208954,13.414935097565735,6.447432669720824,13.394187389925937
05/18/2023 18:40:28.718956,595,True,True,True,True,Eyes,0.2780407,0.01840861,-2.804161,0.1290199,-0.366793,0.9213125,0.0,0.0,0.0,0.0,0.0,0.0,0.0,-0.120386,0.385902,2.753223,0.2624036,0.01837522,-2.770281,0.07500529,-0.02761505,-0.03001905,0.9963487,8.499736,356.5491,356.292,0.1054128,0.008171225,-0.9943948,-0.146889,-0.01959668,0.3996341,-0.1651323,-0.6200281,-1.260757,0.5795999,-0.4008,1.915,0.9966725,-0.06396142,0.05052525,0.05567632,0.9869461,0.1511208,-0.0595316,-0.1478049,0.9872233,static,7.971813,-21.70849,16.83912,-11.82109,14.417094669400388,-17.70761588584238,13.281182635302063,6.365327462649394,13.26406267740535
05/18/2023 18:40:28.743613,596,True,True,True,True,Eyes,0.277582,0.01880432,-2.801554,0.1323563,-0.3653224,0.9214236,0.0,0.0,0.0,0.0,0.0,0.0,0.0,-0.1635967,0.3901275,2.739656,0.2603222,0.02575055,-2.759755,0.07781378,-0.01964948,-0.03210162,0.9962572,8.846251,357.4392,356.1108,0.1047388,0.00800746,-0.9944673,-0.1380756,-0.01842088,0.3756561,-0.1515029,-0.6226697,-1.249001,0.5795997,-0.4008,1.915,0.9971668,-0.06702095,0.03415596,0.06090495,0.985829,0.1563066,-0.04414776,-0.1537835,0.9871178,static,8.174239,-21.62714,16.83912,-11.82108,14.60414722909313,-17.62683519843739,13.085831095798271,6.221084849998264,13.072152001928924
05/18/2023 18:40:28.748429,597,True,True,True,True,Eyes,0.2771072,0.01901204,-2.798629,0.136117,-0.3627542,0.9218901,0.0,0.0,0.0,0.0,0.0,0.0,0.0,-0.2077562,0.3380714,2.731158,0.258672,0.03359892,-2.747478,0.07066612,-0.01125049,-0.03574943,0.9967958,8.052183,358.4095,355.7801,0.1041254,0.007874792,-0.9945328,-0.1297911,-0.01731562,0.3531167,-0.137294,-0.6267433,-1.237677,0.5795997,-0.4008,1.915,0.9971908,-0.07285982,0.01737634,0.0696797,0.9874566,0.1416838,-0.02748143,-0.140075,0.9897594,static,8.399035,-21.47912,16.83912,-11.82109,14.81076384046624,-17.483136867559047,12.826245681731075,6.014399674144857,12.81593189892198
05/18/2023 18:40:28.774554,598,True,True,True,True,Eyes,0.2765863,0.01900547,-2.795502,0.1401948,-0.3606214,0.9221159,0.0,0.0,0.0,0.0,0.0,0.0,0.0,-0.2371347,0.224546,2.72909,0.2574432,0.02691229,-2.736346,0.04907723,-0.004968698,-0.03483599,0.998175,5.602661,359.2321,355.9648,0.1035658,0.007763284,-0.9945921,-0.1220036,-0.01627669,0.3319297,-0.1224381,-0.6327056,-1.2275,0.5795997,-0.4008,1.915,0.9975235,-0.07003251,0.006499953,0.06905711,0.9927558,0.09832149,-0.01333857,-0.09762914,0.9951335,static,8.644817,-21.35949,16.83912,-11.82109,15.03747939741558,-17.365532167103552,12.574882751573037,5.829815417767246,12.567901618300876
05/18/2023 18:40:28.790458,599,True,True,True,True,Eyes,0.2760223,0.01912844,-2.792134,0.1445843,-0.3598001,0.9217588,0.0,0.0,0.0,0.0,0.0,0.0,0.0,-0.2815268,0.2636149,2.71306,0.2562907,0.02180141,-2.728238,0.05558405,0.003171467,-0.03277944,0.9979109,6.381252,0.1548361,356.2459,0.1030558,0.007663645,-0.9946458,-0.1146834,-0.01530008,0.3120139,-0.1076165,-0.6372322,-1.216677,0.5795998,-0.4008,1.915001,0.9978309,-0.06506933,-0.009973709,0.06577448,0.9916719,0.1107279,0.002685654,-0.1111438,0.9938007,static,8.914607,-21.32273,16.83912,-11.82109,15.28815531927576,-17.32494715992949,12.372512637971683,5.718210828376404,12.368760559030619
05/18/2023 18:40:28.798639,600,True,True,True,True,Eyes,0.2754335,0.01941612,-2.788392,0.1490693,-0.3583926,0.9215927,0.0,0.0,0.0,0.0,0.0,0.0,0.0,-0.3225821,0.3448774,2.689741,0.2545902,0.02530365,-2.718869,0.07186674,0.01051248,-0.03415339,0.996774,8.278673,0.9292147,356.1424,0.1025887,0.007579188,-0.9946947,-0.1078024,-0.01438208,0.2932931,-0.09346613,-0.6384951,-1.204873,0.5795999,-0.4008,1.915,0.997446,-0.06657542,-0.02586612,0.06959741,0.9873374,0.1425517,0.01604816,-0.1439878,0.9894493,static,9.188119,-21.25026,16.83912,-11.82109,15.54161390640374,-17.250851096292358,12.142778231973976,5.58263626127741,12.141597020930776
05/18/2023 18:40:28.818864,601,True,True,True,True,Eyes,0.2748733,0.01969116,-2.784413,0.1539678,-0.356317,0.9215921,0.0,0.0,0.0,0.0,0.0,0.0,0.0,-0.3563662,0.2945097,2.678578,0.253834,0.02941907,-2.706144,0.06407212,0.01721149,-0.03606459,0.9971449,7.412956,1.716471,355.9685,0.1021596,0.0075142,-0.9947385,-0.1013342,-0.01351915,0.2756955,-0.07842323,-0.6475027,-1.196203,0.5795999,-0.4008,1.915,0.9968062,-0.06971768,-0.03894617,0.0741288,0.9891882,0.1265369,0.02970324,-0.1290198,0.991197,static,9.484648,-21.1381,16.83912,-11.82109,15.8157572179983,-17.139076830840793,11.869917174895706,5.415556787310273,11.870787789395472
05/18/2023 18:40:28.838760,602,True,True,True,True,Eyes,0.2639462,0.02508263,-2.67991,0.3395666,-0.2946581,0.8932363,0.0,0.0,0.0,0.0,0.0,0.0,0.0,-0.3910497,0.2398782,2.669377,0.2538381,0.02921128,-2.696433,0.05417014,0.02415905,-0.03444148,0.9976451,6.300864,2.564453,356.1867,0.1017675,0.007466534,-0.9947784,-0.09525419,-0.01270801,0.2591538,-0.06463183,-0.6488215,-1.184678,0.5795999,-0.4007999,1.915,0.9964603,-0.06610335,-0.05193572,0.07133814,0.9917587,0.106421,0.04447292,-0.1097493,0.9929639,static,20.81446,-18.25653,16.83912,-11.82108,26.317198142452845,-14.182449183072803,7.564280852671986,9.767805776795948,6.970077654417057
05/18/2023 18:40:28.848565,603,True,True,True,True,Eyes,0.2639425,0.0250705,-2.679521,0.3401939,-0.2951295,0.8928419,0.0,0.0,0.0,0.0,0.0,0.0,0.0,-0.4322121,0.2524529,2.652187,0.2537225,0.02778162,-2.686911,0.05648004,0.03198988,-0.0321519,0.997373,6.5875,3.473091,356.5072,0.1012688,0.007668792,-0.9948279,-0.12232,0.004228899,0.557114,-0.04911076,-0.6489115,-1.172621,0.5795999,-0.4007999,1.915,0.9958858,-0.0605213,-0.06744356,0.06774846,0.9915525,0.1106063,0.06017981,-0.1147204,0.9915733,static,20.85802,-18.29134,16.83912,-11.82108,26.358454015795232,-14.214035377019918,7.616811779058217,9.815495684920078,7.01683859894024
05/18/2023 18:40:28.868811,604,True,True,True,True,Eyes,0.2639743,0.02509073,-2.678782,0.3413435,-0.2956233,0.8922396,2.011162,0.9504714,-0.5694557,-0.8843434,-0.4006384,-0.3750078,-0.8359773,0.5750946,-0.3227637,1.902804,0.2535227,0.02747008,-2.676971,0.06277134,0.04094024,-0.03245099,0.9966598,7.341351,4.483604,356.558,0.1008865,0.007841238,-0.9948647,-0.1149808,0.003975165,0.5236872,-0.03095418,-0.6626789,-1.165599,0.5795999,-0.4007999,1.915,0.9945416,-0.05954545,-0.08568097,0.06982495,0.9900134,0.1224662,0.077533,-0.1277804,0.9887673,static,20.93532,-18.33144,16.83912,-11.82108,26.43124924058113,-14.249800789721746,7.691790543794078,9.894828348305904,7.0830092859006735
05/18/2023 18:40:28.888717,605,True,True,True,True,Eyes,0.2640317,0.02513753,-2.67769,0.3430489,-0.2961687,0.8914043,0.0,0.0,0.0,0.0,0.0,0.0,0.0,-0.5193329,0.2870947,2.613265,0.2537839,0.02831668,-2.667598,0.0642094,0.04852046,-0.03215098,0.9962376,7.530595,5.356484,356.6559,0.1005983,0.007990042,-0.9948925,-0.108082,0.003736655,0.4922659,-0.01252368,-0.6740099,-1.157982,0.5796,-0.4008,1.915001,0.9932242,-0.05782908,-0.1008046,0.07029095,0.9896869,0.1248157,0.09254701,-0.1310556,0.9870459,static,21.04877,-18.37905,16.83912,-11.82108,26.537871983352247,-14.291768248984848,7.7928251387670695,10.008500909639313,7.1718611995916755
05/18/2023 18:40:28.898787,606,True,True,True,True,Eyes,0.2641612,0.02520198,-2.676266,0.345213,-0.2966227,0.8904173,0.0,0.0,0.0,0.0,0.0,0.0,0.0,-0.5624146,0.2882803,2.594251,0.2543321,0.02909984,-2.657824,0.06513184,0.0568359,-0.03189153,0.9957463,7.662337,6.316253,356.7545,0.1003509,0.008125243,-0.9949163,-0.101597,0.003512456,0.46273,0.006325591,-0.6810437,-1.148536,0.5795998,-0.4008,1.915,0.9915052,-0.05610808,-0.1173426,0.07091539,0.9894816,0.1260844,0.1090339,-0.1333347,0.985055,static,21.19121,-18.42435,16.83912,-11.82109,26.671462319198618,-14.330909794857806,7.908459394578694,10.147617990669739,7.273198063990572
05/18/2023 18:40:28.919064,607,True,True,True,True,Eyes,0.2643199,0.02529693,-2.674533,0.3478621,-0.297195,0.8891947,0.0,0.0,0.0,0.0,0.0,0.0,0.0,-0.6055313,0.286613,2.574764,0.2548768,0.0295931,-2.648092,0.065519,0.06524314,-0.03196981,0.9952028,7.734392,7.28615,356.8133,0.1001381,0.008249807,-0.9949366,-0.09550121,0.003301708,0.4349662,0.02678785,-0.6947448,-1.142223,0.5796,-0.4008,1.915001,0.9894425,-0.05508356,-0.1340495,0.07218222,0.9893704,0.1262378,0.125671,-0.134581,0.9829012,static,21.36595,-18.48114,16.83913,-11.82108,26.83536925670144,-14.380066949207617,8.052856543860694,10.318585827691402,7.399988892113988
05/18/2023 18:40:28.945272,608,True,True,True,True,Eyes,0.2644596,0.0254285,-2.672489,0.3509242,-0.2977616,0.8878008,0.0,0.0,0.0,0.0,0.0,0.0,0.0,-0.646761,0.2913523,2.554573,0.2556413,0.03043576,-2.638702,0.06719637,0.07328922,-0.03207235,0.9945274,7.952863,8.212206,356.8777,0.09995881,0.008366044,-0.9949538,-0.08977114,0.003103606,0.4088682,0.04926807,-0.7077323,-1.135175,0.5795999,-0.4007999,1.915,0.9872001,-0.05394412,-0.1500866,0.07364319,0.988912,0.1289561,0.141466,-0.1383584,0.9802267,static,21.56758,-18.54106,16.83912,-11.82108,27.024391484742,-14.431538301892523,8.216840339936027,10.514478007196463,7.5440743272754895
05/18/2023 18:40:28.948964,609,True,True,True,True,Eyes,0.2646393,0.02555612,-2.670153,0.3544032,-0.2982982,0.8862373,0.0,0.0,0.0,0.0,0.0,0.0,0.0,-0.6871427,0.2965306,2.533719,0.2564524,0.03143688,-2.629272,0.0690524,0.08123453,-0.03242087,0.9937714,8.193231,9.125555,356.9178,0.09981002,0.008476263,-0.9949678,-0.08438487,0.00291739,0.3843361,0.07192561,-0.7145822,-1.126166,0.5796,-0.4007999,1.915,0.9846997,-0.05321898,-0.1659346,0.07565674,0.9883613,0.1319772,0.1569796,-0.142512,0.9772655,static,21.7963,-18.6027,16.83913,-11.82108,27.23868829501116,-14.483999463424258,8.400232391624648,10.73508047478076,7.705449133975364
05/18/2023 18:40:28.968883,610,True,True,True,True,Eyes,0.2648062,0.02566722,-2.667538,0.358237,-0.2987616,0.8845382,0.0,0.0,0.0,0.0,0.0,0.0,0.0,-0.7240528,0.2935419,2.513958,0.2574994,0.03144907,-2.619754,0.06896891,0.088631,-0.03188606,0.9931623,8.201035,9.987023,357.04,0.09969126,0.00858103,-0.994979,-0.07932178,0.002742346,0.3612759,0.0957884,-0.7239966,-1.118325,0.5795999,-0.4008,1.915001,0.9822557,-0.05111049,-0.1804482,0.07556162,0.9884531,0.1313425,0.1716516,-0.1426468,0.9747757,static,22.0479,-18.66291,16.83912,-11.82108,27.47427649096032,-14.5345982999631,8.598954985188605,10.975870587404447,7.880655531123711
05/18/2023 18:40:28.988670,611,True,True,True,True,Eyes,0.2650205,0.02578558,-2.664662,0.3623876,-0.2993671,0.8826407,0.0,0.0,0.0,0.0,0.0,0.0,0.0,-0.7593284,0.3008188,2.493178,0.2585969,0.03112949,-2.610587,0.07073902,0.09572434,-0.03105145,0.9924055,8.415368,10.81402,357.2137,0.09960011,0.008680383,-0.9949874,-0.07456248,0.002577805,0.3395994,0.1190534,-0.7286534,-1.108889,0.5796,-0.4008,1.915,0.9797453,-0.04808838,-0.1943878,0.07517416,0.9880636,0.1344588,0.1856016,-0.1463484,0.9716657,moving,22.32168,-18.73551,16.83913,-11.82109,27.73076907895125,-14.596286855300477,8.824259653868987,11.239640537481957,8.079922953766411
05/18/2023 18:40:28.999058,612,True,True,True,True,Eyes,0.2652925,0.02592325,-2.66153,0.3667621,-0.2998423,0.8806704,0.0,0.0,0.0,0.0,0.0,0.0,0.0,-0.7932746,0.3073305,2.472152,0.259868,0.03144792,-2.601298,0.07271843,0.1025463,-0.03134453,0.9915714,8.663992,11.60129,357.2607,0.09953655,0.008775236,-0.994993,-0.07008873,0.002423137,0.3192234,0.1423013,-0.7253246,-1.096958,0.5796,-0.3980757,1.915,0.9770036,-0.04724667,-0.2079225,0.07707468,0.9874591,0.1377825,0.1988052,-0.1506395,0.9683926,moving,22.60967,-18.8022,16.83913,-11.74298,28.00038864849253,-14.652118126900504,9.1176597271449,11.534157067594297,8.342677152464576
05/18/2023 18:40:29.018899,613,True,True,True,True,Eyes,0.2656168,0.02606817,-2.658132,0.3714022,-0.3002707,0.8785771,0.0,0.0,0.0,0.0,0.0,0.0,0.0,-0.8250356,0.303998,2.452337,0.2613115,0.0320434,-2.591861,0.07291749,0.1090043,-0.03207598,0.9908442,8.713434,12.34528,357.2359,0.09950095,0.008866862,-0.9949959,-0.06588341,0.002277749,0.30007,0.165554,-0.7224334,-1.085395,0.5796,-0.3954436,1.915,0.9741784,-0.04766794,-0.2206904,0.07946125,0.9873084,0.1375069,0.2113348,-0.1514926,0.9656022,moving,22.91531,-18.86886,16.83913,-11.66747,28.286453331579352,-14.707517254767303,9.422312949828191,11.844116631008799,8.615536652761774
05/18/2023 18:40:29.038651,614,True,True,True,True,Eyes,0.2659753,0.02618838,-2.654485,0.3762797,-0.3004408,0.8764411,0.0,0.0,0.0,0.0,0.0,0.0,0.0,-0.8563083,0.2950845,2.43234,0.2628207,0.03236027,-2.581956,0.07200399,0.1154691,-0.03290913,0.9901512,8.637918,13.09073,357.1857,0.09949347,0.008955965,-0.994996,-0.0619304,0.002141084,0.2820658,0.187842,-0.7184703,-1.07373,0.5796001,-0.3926879,1.915,0.9711677,-0.04854156,-0.2334029,0.08179851,0.9874648,0.1349897,0.2239246,-0.1501897,0.9629646,moving,23.23514,-18.92152,16.83913,-11.58837,28.58547109180374,-14.749487024860256,9.730572071702673,12.164258706960256,8.892104940185861
05/18/2023 18:40:29.049449,615,True,True,True,True,Eyes,0.2766247,0.02819856,-2.55762,0.5000224,-0.2999049,0.8124253,0.0,0.0,0.0,0.0,0.0,0.0,0.0,-0.88493,0.2837712,2.41332,0.2643115,0.03184856,-2.572327,0.07037606,0.1214822,-0.03354898,0.989527,8.477976,13.78633,357.1431,0.09951357,0.009041976,-0.9949933,-0.05821458,0.002012619,0.2651418,0.2098367,-0.7128055,-1.061347,0.5796001,-0.3902167,1.915,0.9682331,-0.04929637,-0.2451418,0.08349411,0.9878434,0.1311268,0.2356977,-0.1474292,0.9605786,moving,31.611,-20.26151,16.83913,-11.5174,36.41553992694728,-15.812016880643842,17.16588485889964,20.041945009888412,15.67918161641679
05/18/2023 18:40:29.068508,616,True,True,True,True,Eyes,0.2767311,0.02819297,-2.557237,0.500489,-0.2996879,0.8122179,0.0,0.0,0.0,0.0,0.0,0.0,0.0,-0.9127996,0.2756403,2.393955,0.2662918,0.03095346,-2.562876,0.06916045,0.1273176,-0.03361329,0.9888768,8.357052,14.46603,357.1689,0.1003529,0.009248816,-0.9949073,-0.02277355,0.007922412,0.5398282,0.2319291,-0.7116204,-1.051116,0.5796,-0.3875408,1.915,0.9653208,-0.04886812,-0.2564523,0.0840895,0.988174,0.1282232,0.2471534,-0.1453415,0.9580141,moving,31.64139,-20.25279,16.83913,-11.44051,36.44368896865526,-15.803158925677206,17.226815721601017,20.084109091622505,15.733352277186055
05/18/2023 18:40:29.088660,617,True,True,True,True,Eyes,0.2769319,0.02817266,-2.55647,0.501368,-0.2993001,0.8118187,0.0,0.0,0.0,0.0,0.0,0.0,0.0,-0.9409279,0.2713426,2.373271,0.2685775,0.03078041,-2.553097,0.06876119,0.1332377,-0.03324005,0.9881371,8.322722,15.1589,357.2561,0.101082,0.009422488,-0.9948319,-0.02140714,0.007447067,0.5074385,0.2527035,-0.7045609,-1.038724,0.5796,-0.3848347,1.915,0.9622856,-0.04736828,-0.2678854,0.08401461,0.988334,0.1270333,0.258743,-0.1447486,0.9550393,moving,31.6989,-20.23785,16.83913,-11.3627,36.49698815544148,-15.7878579662797,17.30840986270547,20.149774447521384,15.808015101970733
05/18/2023 18:40:29.109033,618,True,True,True,True,Eyes,0.2772162,0.02812746,-2.555345,0.5027262,-0.2986314,0.8112248,0.0,0.0,0.0,0.0,0.0,0.0,0.0,-0.968555,0.2599035,2.352754,0.2709732,0.0303513,-2.542981,0.06667013,0.1392014,-0.03208782,0.9874961,8.082931,15.86423,357.4058,0.1017428,0.009575769,-0.9947632,-0.02012271,0.007000243,0.4769922,0.2733763,-0.6943504,-1.025234,0.5796,-0.3822163,1.915,0.9591867,-0.04481203,-0.2792003,0.08193433,0.9890509,0.1227396,0.2706432,-0.1406063,0.9523562,moving,31.78702,-20.20988,16.83913,-11.28738,36.57855865209277,-15.759659699930108,17.408343450831268,20.239721569860286,15.902227673365754
05/18/2023 18:40:29.118797,619,True,True,True,True,Eyes,0.2776127,0.0280497,-2.553886,0.5044388,-0.2978706,0.810441,0.0,0.0,0.0,0.0,0.0,0.0,0.0,-0.9948491,0.2499782,2.332593,0.2735243,0.02962809,-2.533281,0.06460787,0.1449222,-0.03030628,0.9868663,7.83396,16.54566,357.6228,0.1023517,0.009712104,-0.9946996,-0.01891535,0.006580228,0.4483726,0.2944093,-0.6876514,-1.013339,0.5795998,-0.3795457,1.915,0.9561582,-0.04109026,-0.2899536,0.07854271,0.9898147,0.1187345,0.2821216,-0.1363028,0.9496467,moving,31.89917,-20.18047,16.83912,-11.21052,36.682491874662695,-15.729563421198574,17.528979120445094,20.351441246231985,16.01625606215103
05/18/2023 18:40:29.138521,620,True,True,True,True,Eyes,0.2780871,0.02794062,-2.55209,0.5065213,-0.2970769,0.8094328,0.0,0.0,0.0,0.0,0.0,0.0,0.0,-1.020822,0.2457335,2.311699,0.2765496,0.02871853,-2.52371,0.06364644,0.1505048,-0.02860199,0.9861438,7.708807,17.20983,357.8456,0.102922,0.009832595,-0.9946396,-0.01778043,0.006185415,0.4214703,0.3161546,-0.6840418,-1.002779,0.5795999,-0.3767268,1.915,0.9530604,-0.03725316,-0.3004797,0.07556953,0.9902621,0.1169196,0.293198,-0.1341385,0.9465949,moving,32.03723,-20.15407,16.83913,-11.12935,36.81062495288579,-15.70169145167905,17.675627702811575,20.48821409991327,16.15430441936587
05/18/2023 18:40:29.148995,621,True,True,True,True,Eyes,0.2786864,0.02779499,-2.549977,0.5088797,-0.2961944,0.8082762,0.0,0.0,0.0,0.0,0.0,0.0,0.0,-1.045004,0.2452324,2.29057,0.2795588,0.02781581,-2.513952,0.06343266,0.1557696,-0.02695662,0.985386,7.666649,17.83667,358.0708,0.1034613,0.009937605,-0.9945827,-0.0167136,0.00581429,0.3961821,0.3378087,-0.677995,-0.9917271,0.5796,-0.3740406,1.915,0.9500183,-0.03336358,-0.3104062,0.0728871,0.9904993,0.1166133,0.3035665,-0.1334094,0.9434243,moving,32.19396,-20.12546,16.83913,-11.05195,36.956111706976685,-15.671323428839624,17.83534098493774,20.640532063730916,16.3054140853711
05/18/2023 18:40:29.174091,622,True,True,True,True,Eyes,0.2793873,0.02760418,-2.547564,0.5115777,-0.2952621,0.806913,0.0,0.0,0.0,0.0,0.0,0.0,0.0,-1.067233,0.2423334,2.270228,0.2830949,0.02674377,-2.504154,0.06258015,0.1605975,-0.02504363,0.9847158,7.544211,18.41428,358.3109,0.1039789,0.01002734,-0.9945279,-0.01571078,0.005465432,0.3724111,0.3609311,-0.6714261,-0.9805892,0.5795999,-0.371476,1.915,0.9471626,-0.02922131,-0.3194202,0.06942215,0.9909131,0.1152034,0.3131512,-0.1312912,0.9405844,moving,32.37444,-20.09836,16.83913,-10.97802,37.123756910709616,-15.641825110117182,18.014617911898657,20.81386958284883,16.475223882326798
05/18/2023 18:40:29.188674,623,True,True,True,True,Eyes,0.2802169,0.02733773,-2.544878,0.5144495,-0.2943782,0.8054087,0.0,0.0,0.0,0.0,0.0,0.0,0.0,-1.087287,0.2400927,2.250825,0.2866113,0.02541855,-2.494646,0.06182847,0.1649804,-0.02337948,0.9840794,7.43507,18.93803,358.5198,0.1044816,0.01010159,-0.9944746,-0.01476814,0.005137506,0.3500665,0.385179,-0.6653715,-0.9700087,0.5795999,-0.3687833,1.915,0.9444697,-0.02561355,-0.3275987,0.0664155,0.9912613,0.1139739,0.3218166,-0.1294025,0.9379174,moving,32.56814,-20.07744,16.83913,-10.90036,37.30383868649713,-15.61780884801788,18.210451749105513,21.001395793062333,16.659667452507286
05/18/2023 18:40:29.208410,624,True,True,True,True,Eyes,0.2811739,0.02700576,-2.541927,0.5175195,-0.2936946,0.8036896,0.0,0.0,0.0,0.0,0.0,0.0,0.0,-1.106702,0.2434435,2.231102,0.290485,0.02332766,-2.485347,0.06233405,0.1691205,-0.02266197,0.9833612,7.484558,19.42798,358.6427,0.1049771,0.01015907,-0.994422,-0.01388205,0.004829255,0.3290625,0.4116324,-0.6561963,-0.9583625,0.5795999,-0.3659778,1.915,0.9417694,-0.02348587,-0.3354383,0.06565372,0.9912018,0.1149286,0.3297878,-0.130259,0.9350255,moving,32.77869,-20.07397,16.83913,-10.8194,37.4999556508217,-15.6097406673412,18.431403605762092,21.2088915382873,16.865103431193692
05/18/2023 18:40:29.219023,625,True,True,True,True,Eyes,0.2822692,0.02663593,-2.538722,0.520672,-0.2931495,0.8018504,0.0,0.0,0.0,0.0,0.0,0.0,0.0,-1.124632,0.2514588,2.211186,0.2944618,0.02157228,-2.475924,0.06407589,0.172926,-0.0225873,0.9825888,7.685325,19.87625,358.7148,0.105473,0.01019906,-0.9943691,-0.01304913,0.0045395,0.3093187,0.4392286,-0.6502209,-0.9488695,0.5796,-0.3633949,1.915,0.9391727,-0.02222727,-0.342725,0.06654884,0.9907682,0.1181086,0.3369358,-0.1337324,0.9319817,moving,32.9972,-20.08197,16.83913,-10.74483,37.70370962171782,-15.612226591695688,18.66187047175336,21.424804138471217,17.078268454949033
05/18/2023 18:40:29.238837,626,True,True,True,True,Eyes,0.2835048,0.02621534,-2.535269,0.5239552,-0.2926301,0.7998991,0.0,0.0,0.0,0.0,0.0,0.0,0.0,-1.141433,0.2554749,2.192157,0.2988459,0.02031875,-2.46657,0.06532989,0.1764071,-0.02330136,0.9818705,7.846063,20.2806,358.6865,0.1059747,0.01022183,-0.9943156,-0.01226618,0.00426713,0.2907596,0.4684694,-0.6482806,-0.9412392,0.5795999,-0.3606027,1.915,0.9366751,-0.02270853,-0.3494624,0.06880715,0.9903781,0.1200699,0.3433732,-0.136512,0.9292251,moving,33.22586,-20.09422,16.83913,-10.66417,37.91700259772797,-15.61845830475523,18.906368321160993,21.652290545175266,17.303725371750023
05/18/2023 18:40:29.248688,627,True,True,True,True,Eyes,0.284885,0.02576291,-2.531565,0.5272735,-0.2921683,0.797885,0.0,0.0,0.0,0.0,0.0,0.0,0.0,-1.156375,0.2521736,2.1746,0.3033509,0.01852995,-2.457095,0.06493118,0.1795171,-0.02404282,0.9813152,7.820388,20.63918,358.6191,0.1064896,0.01022722,-0.9942605,-0.01153021,0.004011102,0.273314,0.4981801,-0.643089,-0.9328689,0.5795999,-0.3579893,1.915,0.9343912,-0.02387464,-0.3554479,0.07049967,0.9904118,0.1188037,0.3492034,-0.1360681,0.9271151,moving,33.45828,-20.11164,16.83913,-10.58863,38.13389824437733,-15.629443246419378,19.15421275288024,21.883257361896973,17.53189379268625
05/18/2023 18:40:29.268876,628,True,True,True,True,Eyes,0.3236355,0.01407303,-2.433121,0.6097908,-0.2783579,0.7420729,0.0,0.0,0.0,0.0,0.0,0.0,0.0,-1.17041,0.2502798,2.156871,0.3081785,0.01732723,-2.447308,0.06500857,0.1824063,-0.02492517,0.9807552,7.851613,20.97168,358.5438,0.1070225,0.01021576,-0.9942034,-0.01083839,0.003770436,0.2569152,0.528986,-0.6423687,-0.9270451,0.5796,-0.3554724,1.915,0.9322134,-0.02517503,-0.3610325,0.07260691,0.9903053,0.1184219,0.3545511,-0.136608,0.9250036,moving,39.4113,-20.5615,16.83913,-10.51585,43.68936046519905,-15.914245546094628,24.706637618895044,27.38754371071633,22.79170817547649
05/18/2023 18:40:29.288871,629,True,True,True,True,Eyes,0.3238432,0.01407197,-2.432737,0.6099084,-0.2782892,0.7420019,0.0,0.0,0.0,0.0,0.0,0.0,0.0,-1.183145,0.2436586,2.140178,0.3131812,0.01648726,-2.437459,0.06425082,0.1850033,-0.0261302,0.9802872,7.795449,21.26653,358.412,0.1097462,0.009729006,-0.9939114,0.1060633,-0.03152543,0.5368315,0.5599633,-0.6434929,-0.9226497,0.5796,-0.3527419,1.915,0.930182,-0.02745698,-0.3660705,0.07500342,0.9903781,0.1163002,0.359355,-0.1356369,0.9232912,moving,39.41941,-20.55865,16.83913,-10.43686,43.696862397145566,-15.91139218048112,24.745094012399708,27.41000350441068,22.821772587999646
05/18/2023 18:40:29.308620,630,True,True,True,True,Eyes,0.3242442,0.01410664,-2.431952,0.6102918,-0.2779785,0.7418032,0.0,0.0,0.0,0.0,0.0,0.0,0.0,-1.194023,0.2313908,2.125239,0.3183572,0.01646318,-2.427809,0.06248773,0.1871703,-0.02752265,0.9799516,7.629848,21.50867,358.2337,0.1120384,0.009318446,-0.9936596,0.09969952,-0.0296339,0.5046216,0.5910478,-0.6355879,-0.9155486,0.5796,-0.3500505,1.915,0.9284196,-0.03055005,-0.3702753,0.07733342,0.9906756,0.112167,0.363396,-0.1327727,0.9221252,moving,39.44461,-20.54266,16.83913,-10.35896,43.72003603655721,-15.8958480582264,24.7934562278114,27.445222511678566,22.864430731823735
05/18/2023 18:40:29.318864,631,True,True,True,True,Eyes,0.3248578,0.01415939,-2.430796,0.6107451,-0.2773526,0.7416643,0.0,0.0,0.0,0.0,0.0,0.0,0.0,-1.203353,0.2125576,2.111141,0.3239147,0.01733682,-2.417629,0.05954666,0.1890002,-0.0290957,0.979738,7.335458,21.70968,358.0064,0.1140521,0.008961751,-0.9934338,0.09371755,-0.02785587,0.4743443,0.6209505,-0.6367673,-0.9127898,0.5796,-0.3473181,1.915,0.9268647,-0.03450366,-0.3738065,0.07952099,0.9912153,0.1056821,0.3668763,-0.1276784,0.9214662,moving,39.47075,-20.50377,16.83913,-10.27983,43.74364602385185,-15.858847190225552,24.833831217675616,27.476870551184195,22.904177249665434
05/18/2023 18:40:29.339016,632,True,True,True,True,Eyes,0.3256747,0.01421165,-2.429282,0.6114073,-0.276448,0.7414565,0.0,0.0,0.0,0.0,0.0,0.0,0.0,-1.210186,0.1815897,2.099483,0.3296202,0.01777758,-2.407569,0.0538118,0.1903083,-0.0306524,0.9797692,6.725521,21.85004,357.7158,0.1158949,0.008643084,-0.9932233,0.0880945,-0.02618451,0.4458837,0.6497223,-0.6105108,-0.8983634,0.5796,-0.3446862,1.915,0.9256864,-0.03958289,-0.3762153,0.08054622,0.9923295,0.09377947,0.3696175,-0.1171131,0.9217741,moving,39.5091,-20.44769,16.83913,-10.20357,43.778302964661336,-15.805476337626173,24.877088542980665,27.515457376454357,22.950750680500732
05/18/2023 18:40:29.358898,633,True,True,True,True,Eyes,0.3266829,0.01429693,-2.427446,0.612049,-0.2756178,0.741236,0.0,0.0,0.0,0.0,0.0,0.0,0.0,-1.216589,0.153094,2.087482,0.3354869,0.01777911,-2.397549,0.04872744,0.1914785,-0.03294563,0.9797328,6.205598,21.97347,357.3539,0.117594,0.008358734,-0.993026,0.08280882,-0.02461344,0.4191307,0.6779383,-0.6081702,-0.8942695,0.5796,-0.3419206,1.915,0.9245011,-0.04589531,-0.3784061,0.08321633,0.9930805,0.08286298,0.3719848,-0.1080965,0.9219232,moving,39.54697,-20.39692,16.83913,-10.1234,43.81261457058336,-15.757086825291235,24.923707803133947,27.555531153018233,22.999051573352162
05/18/2023 18:40:29.368741,634,True,True,True,True,Eyes,0.3279006,0.01448533,-2.425307,0.6128783,-0.2749258,0.7408077,0.0,0.0,0.0,0.0,0.0,0.0,0.0,-1.223054,0.1359251,2.074788,0.3410886,0.01870625,-2.387968,0.04694574,0.1925924,-0.03711514,0.9794524,6.099672,22.08078,356.851,0.119173,0.008106705,-0.9928398,0.07784029,-0.02313664,0.3939828,0.7071791,-0.6366467,-0.9017447,0.5795999,-0.3393333,1.915,0.9230613,-0.05462224,-0.3807549,0.0907878,0.9928371,0.07766604,0.3737853,-0.1062584,0.9214085,moving,39.60133,-20.36071,16.83913,-10.04837,43.86257046193754,-15.721948491608412,24.98923978666818,27.612602689719857,23.06312516979819
05/18/2023 18:40:29.388908,635,True,True,True,True,Eyes,0.3293256,0.01469927,-2.422853,0.6137934,-0.2741618,0.740333,0.0,0.0,0.0,0.0,0.0,0.0,0.0,-1.230914,0.1178509,2.061127,0.3469263,0.02143647,-2.378333,0.04545092,0.1940508,-0.04145332,0.9790609,6.032152,22.22852,356.3372,0.1206547,0.007887992,-0.9926626,0.07316987,-0.02174844,0.3703439,0.7332411,-0.6393437,-0.9022287,0.5795999,-0.3365224,1.915,0.9212518,-0.06353107,-0.3837433,0.09881023,0.9924316,0.07291034,0.3762069,-0.1050865,0.920557,moving,39.66137,-20.32072,16.83913,-9.966809,43.917746241957886,-15.683141908911775,25.06108759837691,27.675402788482288,23.13350896875037
05/18/2023 18:40:29.398604,636,True,True,True,True,Eyes,0.3309,0.01488569,-2.420145,0.6150574,-0.2734359,0.739552,0.0,0.0,0.0,0.0,0.0,0.0,0.0,-1.242811,0.09562034,2.0446,0.3533117,0.02227634,-2.368288,0.04221196,0.1965134,-0.04442316,0.9785843,5.743514,22.50606,355.9453,0.1220585,0.00770044,-0.9924924,0.06877968,-0.02044353,0.3481232,0.7607516,-0.6065745,-0.8893242,0.5796,-0.3338884,1.915,0.9188181,-0.07035319,-0.3883603,0.1035341,0.9924895,0.06515644,0.3808596,-0.1000754,0.9192013,moving,39.74901,-20.29096,16.83913,-9.890341,43.99883513543959,-15.65327912664928,25.160196286944203,27.764384360104433,23.22874537807082
05/18/2023 18:40:29.418722,637,True,True,True,True,Eyes,0.3326472,0.01517628,-2.417183,0.6164349,-0.2732204,0.738484,0.0,0.0,0.0,0.0,0.0,0.0,0.0,-1.254935,0.08697189,2.02866,0.3591214,0.02178216,-2.359756,0.04093566,0.1989855,-0.04539556,0.9780943,5.632303,22.79324,355.8216,0.1234,0.007539865,-0.9923277,0.0646529,-0.01921692,0.3272358,0.7871905,-0.5294698,-0.8594645,0.5795999,-0.331231,1.915,0.916688,-0.07251107,-0.3929697,0.1050935,0.992527,0.06201176,0.3855366,-0.09814399,0.9174581,moving,39.85277,-20.3032,16.83913,-9.813162,44.09575020864754,-15.662360823545429,25.291669049136395,27.8771675762768,23.346264007438638
05/18/2023 18:40:29.438688,638,True,True,True,True,Eyes,0.334575,0.01551265,-2.413955,0.6182493,-0.2727511,0.7371395,0.0,0.0,0.0,0.0,0.0,0.0,0.0,-1.275624,0.09693962,2.005609,0.3649976,0.02469864,-2.350585,0.04580322,0.2033743,-0.04919628,0.976791,6.285967,23.27705,355.5294,0.1246936,0.007407948,-0.9921671,0.06077372,-0.01806391,0.3076017,0.8181539,-0.5547532,-0.867291,0.5795999,-0.3287379,1.915,0.9124372,-0.07747855,-0.4018151,0.1147394,0.9909636,0.06946981,0.3928017,-0.1094908,0.9130819,moving,39.98703,-20.30512,16.83913,-9.740721,44.22088610959928,-15.661084389507344,25.444681185685955,28.014483224028893,23.48747931619064
05/18/2023 18:40:29.448852,639,True,True,True,True,Eyes,0.3366681,0.01582713,-2.410502,0.6202945,-0.2719475,0.7357168,0.0,0.0,0.0,0.0,0.0,0.0,0.0,-1.292168,0.07098348,1.985837,0.3712505,0.02609469,-2.340893,0.04124209,0.2072401,-0.05030783,0.9761249,5.817862,23.73506,355.3229,0.1259537,0.007303735,-0.9920086,0.0571273,-0.01698007,0.2891456,0.8407518,-0.610916,-0.8855409,0.5796,-0.3260241,1.915,0.9090413,-0.08111943,-0.408734,0.1153075,0.9915364,0.05966327,0.4004348,-0.1013665,0.9107013,moving,40.13477,-20.28613,16.83913,-9.661833,44.35818091138098,-15.63992684245182,25.603955353691138,28.160890771641768,23.63872768700879
05/18/2023 18:40:29.468964,640,True,True,True,True,Eyes,0.3389116,0.0161369,-2.406845,0.6222317,-0.2708422,0.7344878,0.0,0.0,0.0,0.0,0.0,0.0,0.0,-1.309965,0.04815674,1.96542,0.3772597,0.02580608,-2.331997,0.03621674,0.2114556,-0.04948393,0.9754621,5.254707,24.24727,355.3214,0.1271913,0.007223682,-0.9918513,0.05369966,-0.01596127,0.2717968,0.8644919,-0.5779572,-0.8714958,0.5796001,-0.3233913,1.915,0.9056758,-0.08122292,-0.4161181,0.1118558,0.9924794,0.04972881,0.4089495,-0.09158343,0.9079497,moving,40.27008,-20.24144,16.83913,-9.58526,44.48340059530536,-15.59499772894209,25.74031060602999,28.28997427211864,23.77358655446991
05/18/2023 18:40:29.488642,641,True,True,True,True,Eyes,0.3413081,0.01649936,-2.402964,0.6243665,-0.2697554,0.7330747,0.0,0.0,0.0,0.0,0.0,0.0,0.0,-1.330694,0.04743159,1.942156,0.3830006,0.02601369,-2.323274,0.03706675,0.2162236,-0.05050231,0.9743321,5.397808,24.80071,355.2534,0.1284161,0.00716527,-0.9916939,0.05047768,-0.01500359,0.255489,0.8936704,-0.5373783,-0.8591433,0.5796,-0.3207495,1.915,0.9013937,-0.08238263,-0.4250912,0.1144415,0.9921511,0.05039106,0.4176033,-0.09407023,0.9037467,moving,40.42135,-20.20251,16.83913,-9.508393,44.623601832199576,-15.555094809894928,25.893729714702918,28.434828604584172,23.92384339977677
05/18/2023 18:40:29.499147,642,True,True,True,True,Eyes,0.4042933,0.02589574,-2.300934,0.6765718,-0.2323592,0.6987559,0.0,0.0,0.0,0.0,0.0,0.0,0.0,-1.350829,0.03375334,1.918481,0.3890315,0.02764724,-2.313944,0.03552423,0.2210832,-0.05207181,0.9732158,5.288451,25.36907,355.0657,0.1296376,0.007128574,-0.9915352,0.04744902,-0.01410338,0.2401597,0.9246359,-0.5423361,-0.8623146,0.5796001,-0.3180366,1.915,0.8968215,-0.08564658,-0.4340229,0.1170618,0.9920531,0.04612108,0.4266236,-0.09216988,0.8997205,moving,44.0759,-18.39366,16.83913,-9.42942,47.99407454603234,-13.778282082420835,28.674016788906638,31.457005119341346,27.05856506990791
05/18/2023 18:40:29.518828,643,True,True,True,True,Eyes,0.4045305,0.02593402,-2.300589,0.6768489,-0.2324,0.6984738,0.0,0.0,0.0,0.0,0.0,0.0,0.0,-1.369195,0.016534,1.896285,0.3949418,0.02824811,-2.30523,0.03206209,0.2256066,-0.05167793,0.9723184,4.914374,25.91361,355.0466,0.1347806,0.007575322,-0.9908459,0.2335576,0.01493198,0.5318388,0.9564165,-0.5639271,-0.8717604,0.5796,-0.3153343,1.915,0.8928621,-0.08602796,-0.4420366,0.1149616,0.9926028,0.03903137,0.435409,-0.08566689,0.8961474,moving,44.09919,-18.4036,16.83913,-9.350721,48.01596617740217,-13.787053101514624,28.723953234056083,31.490890056451274,27.09698976386894
05/18/2023 18:40:29.544059,644,True,True,True,True,Eyes,0.4049685,0.02597062,-2.299897,0.6772376,-0.2321255,0.6981884,0.0,0.0,0.0,0.0,0.0,0.0,0.0,-1.389406,0.01448075,1.872097,0.4008298,0.02921207,-2.296495,0.03242824,0.2304908,-0.05180752,0.9711531,4.983444,26.48795,355.0663,0.1390398,0.007954794,-0.9902543,0.2195442,0.01403606,0.4999284,0.984708,-0.5655935,-0.8748541,0.5795998,-0.3126453,1.915,0.88838,-0.08567725,-0.4510437,0.1155749,0.9925288,0.03910325,0.4443236,-0.08686788,0.8916448,moving,44.12733,-18.39033,16.83913,-9.272375,48.04193141627677,-13.77398769178107,28.771217607567895,31.525851821170633,27.138027803301195
05/18/2023 18:40:29.549054,645,True,True,True,True,Eyes,0.4056196,0.02599953,-2.298908,0.6778579,-0.2318798,0.6976678,0.0,0.0,0.0,0.0,0.0,0.0,0.0,-1.407922,0.006100692,1.848807,0.4067558,0.02911436,-2.287809,0.03070209,0.2350836,-0.05116013,0.9701421,4.796938,27.0379,355.1166,0.1425935,0.008278819,-0.9897462,0.2063715,0.01319389,0.4699327,1.015827,-0.5654691,-0.8785374,0.5796003,-0.3099731,1.915,0.8842368,-0.08483008,-0.4592704,0.1137003,0.99288,0.03551696,0.4529875,-0.08362458,0.8875862,moving,44.1749,-18.38496,16.83914,-9.194483,48.08615251237236,-13.76787215477803,28.839359255453804,31.57992525813505,27.19801838850451
05/18/2023 18:40:29.568826,646,True,True,True,True,Eyes,0.406413,0.02604875,-2.297589,0.678521,-0.2316914,0.6970857,0.0,0.0,0.0,0.0,0.0,0.0,0.0,-1.425327,0.005654179,1.826492,0.4124797,0.0289593,-2.279623,0.03095908,0.2393365,-0.05091798,0.9691062,4.840279,27.54087,355.1717,0.1457155,0.008565028,-0.9892889,0.1939892,0.01240226,0.4417368,1.046834,-0.5641255,-0.8823283,0.5795999,-0.3073365,1.915,0.8802508,-0.08387057,-0.4670377,0.1135091,0.9928977,0.03563221,0.4607323,-0.08437832,0.8835192,moving,44.2268,-18.38534,16.83913,-9.117595,48.134518518129696,-13.767039698257978,28.91324204259918,31.63887922324119,27.2625043700334
05/18/2023 18:40:29.588908,647,True,True,True,True,Eyes,0.4074076,0.02608284,-2.296003,0.6794147,-0.2315583,0.6962588,0.0,0.0,0.0,0.0,0.0,0.0,0.0,-1.444187,0.008240193,1.80244,0.4183464,0.02943051,-2.271267,0.03293631,0.243984,-0.05246359,0.9677988,5.12633,28.07856,355.0768,0.1485671,0.008825229,-0.9888625,0.1823499,0.01165812,0.4152325,1.076296,-0.5670439,-0.887843,0.5796002,-0.3046353,1.915,0.8754387,-0.08547653,-0.4757109,0.1176203,0.9923255,0.03815089,0.468799,-0.08935201,0.878774,moving,44.29849,-18.39584,16.83914,-9.038788,48.201518425093326,-13.775226873064472,29.00983151542256,31.71801749285468,27.34696767144253
05/18/2023 18:40:29.608953,648,True,True,True,True,Eyes,0.4085538,0.02610444,-2.294166,0.6802878,-0.2315445,0.6954104,0.0,0.0,0.0,0.0,0.0,0.0,0.0,-1.462401,0.006851189,1.778829,0.4241226,0.02892809,-2.263224,0.03321112,0.2485783,-0.05282563,0.9665999,5.190436,28.62055,355.0685,0.1511854,0.009061467,-0.9884635,0.1714089,0.01095864,0.3903186,1.104962,-0.5706701,-0.8938233,0.5795999,-0.3018641,1.915,0.8708366,-0.08561139,-0.4840602,0.1186336,0.992213,0.03794111,0.4770426,-0.09046633,0.8742117,moving,44.37019,-18.41574,16.83913,-8.957907,48.26870806125642,-13.792212558104673,29.11030521618571,31.799196331632857,27.432882162577958
05/18/2023 18:40:29.618527,649,True,True,True,True,Eyes,0.4098827,0.02612042,-2.292115,0.6813692,-0.2319703,0.6942088,0.0,0.0,0.0,0.0,0.0,0.0,0.0,-1.481788,0.01523464,1.754475,0.4297031,0.02863288,-2.255803,0.03589301,0.2534035,-0.05315149,0.9652323,5.521988,29.18518,355.1349,0.1536025,0.009275743,-0.9880887,0.1611243,0.01030112,0.3668995,1.132915,-0.5671524,-0.8969529,0.5796001,-0.2992648,1.915,0.8659232,-0.08441623,-0.4930019,0.1207979,0.9917732,0.04235264,0.4853709,-0.09622772,0.8689967,moving,44.46522,-18.47709,16.83914,-8.882007,48.35843136194797,-13.847462843438262,29.244929713427062,31.908015915949758,27.54369674887459
05/18/2023 18:40:29.638767,650,True,True,True,True,Eyes,0.4114074,0.02616785,-2.289871,0.6825336,-0.2324992,0.6928867,0.0,0.0,0.0,0.0,0.0,0.0,0.0,-1.503239,0.03187317,1.727834,0.4353678,0.02879132,-2.248506,0.0413725,0.2587157,-0.05470939,0.9635151,6.202022,29.7974,355.1519,0.1558475,0.009470069,-0.9877353,0.1514569,0.009683051,0.3448855,1.159592,-0.5699963,-0.9023866,0.5795999,-0.2965363,1.915,0.8601461,-0.08401923,-0.5030799,0.1268341,0.9905904,0.05141772,0.494026,-0.1080344,0.862709,moving,44.56873,-18.54926,16.83913,-8.802297,48.45626371283818,-13.91264690595478,29.392754275218394,32.027469777938755,27.664544068231592
05/18/2023 18:40:29.648614,651,True,True,True,True,Eyes,0.4131103,0.02623276,-2.287431,0.683981,-0.2330858,0.6912605,0.0,0.0,0.0,0.0,0.0,0.0,0.0,-1.52435,0.04031385,1.701268,0.4413385,0.02964932,-2.24141,0.0446874,0.2640668,-0.05539648,0.9618748,6.61655,30.42568,355.2088,0.157948,0.009647935,-0.9873999,0.1423695,0.009102068,0.3241924,1.184201,-0.574604,-0.9078294,0.5795999,-0.2938786,1.915,0.8544,-0.08296803,-0.5129495,0.1301699,0.9898686,0.05671062,0.5030473,-0.1152241,0.8565435,moving,44.69672,-18.63357,16.83913,-8.724626,48.57713872192276,-13.988634024193026,29.567422813008847,32.171586502869474,27.80926503864362
05/18/2023 18:40:29.673911,652,True,True,True,True,Eyes,0.4149581,0.02629052,-2.284808,0.6856379,-0.2335943,0.689445,0.0,0.0,0.0,0.0,0.0,0.0,0.0,-1.546267,0.04147653,1.673308,0.4472503,0.03014851,-2.234207,0.04576485,0.2699067,-0.05520473,0.9602127,6.758703,31.12285,355.3033,0.1599273,0.009811803,-0.9870797,0.1338273,0.008555944,0.3047408,1.207505,-0.5732954,-0.910701,0.5796,-0.2912992,1.915,0.8482056,-0.08131208,-0.5233886,0.130721,0.989716,0.05808773,0.5132827,-0.1176882,0.8501118,moving,44.84137,-18.71715,16.83913,-8.649212,48.71352296022216,-14.06355643757847,29.75716418930816,32.3309766674531,27.969153716670714
05/18/2023 18:40:29.688480,653,True,True,True,True,Eyes,0.4169716,0.02637563,-2.28202,0.6875746,-0.2342975,0.6872743,0.0,0.0,0.0,0.0,0.0,0.0,0.0,-1.569219,0.04856546,1.644078,0.4531031,0.03002021,-2.227464,0.04820501,0.2760202,-0.0550427,0.9583629,7.052662,31.85297,355.4406,0.1618053,0.009962853,-0.9867721,0.1257977,0.008042587,0.2864564,1.230918,-0.5683656,-0.9121168,0.5796001,-0.2885957,1.915,0.8415663,-0.07889067,-0.5343617,0.1321129,0.9892932,0.06200999,0.5237483,-0.1227816,0.8429783,moving,45.01252,-18.82467,16.83914,-8.570138,48.87505850030567,-14.160280888447758,29.981573793972593,32.51999033935112,28.157159583047367
05/18/2023 18:40:29.708738,654,True,True,True,True,Eyes,0.4191241,0.02647302,-2.279048,0.6897741,-0.2347039,0.6849276,0.0,0.0,0.0,0.0,0.0,0.0,0.0,-1.592838,0.0569129,1.6132,0.4590206,0.03080679,-2.220616,0.05128426,0.2824528,-0.05493811,0.9563327,7.419002,32.62348,355.5982,0.1636001,0.01010359,-0.9864746,0.1182498,0.007560032,0.269269,1.25299,-0.5614723,-0.9123918,0.5796001,-0.2858972,1.915,0.8344045,-0.07610746,-0.5458725,0.134049,0.9887034,0.06705478,0.5346027,-0.1291244,0.8351808,moving,45.202,-18.91504,16.83913,-8.491177,49.05334417626882,-14.240532690585397,30.217698695957456,32.72324381615285,28.360558636182773
05/18/2023 18:40:29.718985,655,True,True,True,True,Eyes,0.4214445,0.02659397,-2.275944,0.6923081,-0.2351319,0.6822187,0.0,0.0,0.0,0.0,0.0,0.0,0.0,-1.617222,0.0584371,1.581114,0.4653942,0.03112559,-2.213861,0.0519873,0.2892651,-0.05369131,0.954327,7.486227,33.45097,355.8123,0.1653282,0.01023573,-0.9861851,0.1111548,0.00710643,0.2531129,1.275269,-0.5556346,-0.9132417,0.5796,-0.2832854,1.915,0.8268858,-0.07240192,-0.5576897,0.1325544,0.9888291,0.06816373,0.5465246,-0.1302878,0.827246,moving,45.42056,-19.01691,16.83913,-8.414722,49.2589463557514,-14.330883177239762,30.484496571736987,32.955203771418624,28.591699463796523
05/18/2023 18:40:29.738826,656,True,True,True,True,Eyes,0.4239053,0.0267341,-2.27268,0.6951898,-0.23526,0.6792377,0.0,0.0,0.0,0.0,0.0,0.0,0.0,-1.642773,0.06134216,1.547265,0.4716491,0.03182298,-2.207494,0.05312727,0.2965511,-0.05239149,0.9520977,7.598949,34.33831,356.0516,0.1670039,0.01036114,-0.9859015,0.1044855,0.006680044,0.2379261,1.298247,-0.551072,-0.9150934,0.5796002,-0.2804762,1.915,0.8186252,-0.06825374,-0.5702581,0.1312735,0.9888653,0.07009119,0.5591244,-0.1322382,0.8184698,moving,45.66496,-19.10398,16.83914,-8.332456,49.48834134492183,-14.40678877301264,30.772611653140135,33.20945448360362,28.846592821665663
05/18/2023 18:40:29.748701,657,True,True,True,True,Eyes,0.4265366,0.0268638,-2.269292,0.6984419,-0.2352202,0.6759071,0.0,0.0,0.0,0.0,0.0,0.0,0.0,-1.669553,0.06152378,1.5109,0.4782076,0.03235675,-2.200973,0.05371539,0.3043906,-0.05132391,0.9496456,7.658375,35.29358,356.2524,0.1686402,0.01048145,-0.9856216,0.09821638,0.006279241,0.2236505,1.322434,-0.5396891,-0.9151464,0.5796002,-0.2778485,1.915,0.8094245,-0.06477812,-0.5836402,0.13018,0.988961,0.07077616,0.5726126,-0.1332662,0.808922,moving,45.93937,-19.18824,16.83914,-8.255469,49.74564473325233,-14.47937708642532,31.08615234781141,33.48992513619324,29.127795385202578
05/18/2023 18:40:29.773778,658,True,True,True,True,Eyes,0.4293076,0.02697689,-2.265777,0.7020076,-0.2349171,0.6723089,0.0,0.0,0.0,0.0,0.0,0.0,0.0,-1.696051,0.0554087,1.473877,0.4848097,0.03220551,-2.194515,0.0520778,0.3124408,-0.04954574,0.9472138,7.44751,36.27971,356.4546,0.1702497,0.01059679,-0.9853438,0.0923234,0.005902487,0.2102315,1.346357,-0.5276641,-0.9154472,0.5796001,-0.2752601,1.915,0.799852,-0.06131836,-0.5970569,0.1264033,0.9896663,0.0676974,0.586736,-0.1296178,0.7993374,moving,46.23796,-19.26036,16.83913,-8.17961,50.02524525050757,-14.540048367425744,31.417737441314898,33.79013793469616,29.429816933902206
05/18/2023 18:40:29.790950,659,True,True,True,True,Eyes,0.5025641,0.02976169,-2.175262,0.792628,-0.2256201,0.5664242,1.977054,2.069633,-0.4163014,-1.055411,-0.6004975,0.0359448,-0.7988183,0.5797778,-0.1698001,1.900059,0.4914959,0.03185908,-2.188475,0.05216315,0.3207608,-0.04851342,0.9444778,7.449729,37.2977,356.6365,0.1718414,0.01070695,-0.9850662,0.086784,0.005548337,0.1976176,1.369829,-0.519545,-0.9169931,0.5796001,-0.2724494,1.915,0.7895179,-0.05817588,-0.6109641,0.1251035,0.9898509,0.06741146,0.6008417,-0.1296563,0.788783,moving,54.44982,-21.71856,16.83913,-8.097199,57.723965767865394,-16.65301759285702,40.001318450376374,41.7704659724931,37.33201266442292
05/18/2023 18:40:29.798939,660,True,True,True,True,Eyes,0.5028446,0.02977126,-2.17501,0.7929547,-0.2253635,0.566069,0.0,0.0,0.0,0.0,0.0,0.0,0.0,-1.749842,0.05215751,1.395223,0.4981207,0.03193502,-2.18224,0.05229333,0.329184,-0.0479974,0.9415941,7.47411,38.32816,356.7645,0.1777702,0.0109987,-0.9840103,0.3013465,0.01356982,0.4573038,1.39186,-0.5141548,-0.9186591,0.5796,-0.2697167,1.915,0.7786683,-0.0559599,-0.6249353,0.1248164,0.9899234,0.06687824,0.6148955,-0.1300781,0.7778066,moving,54.47798,-21.7085,16.83913,-8.017048,57.7500112506997,-16.642956401083136,40.05170267530214,41.81036355322361,37.37340745290072
05/18/2023 18:40:29.818638,661,True,True,True,True,Eyes,0.5033968,0.02977069,-2.174528,0.7936899,-0.2250619,0.5651578,0.0,0.0,0.0,0.0,0.0,0.0,0.0,-1.775615,0.04440899,1.35521,0.5051602,0.03212609,-2.176042,0.05085061,0.3375701,-0.04722951,0.9387385,7.316913,39.35628,356.8593,0.1827024,0.01124156,-0.9831038,0.2832657,0.01275563,0.4298656,1.413211,-0.5062983,-0.9188433,0.5796,-0.26711,1.915,0.7676315,-0.05434103,-0.6385835,0.1230036,0.9903672,0.06358432,0.6289769,-0.1273574,0.7669212,moving,54.54671,-21.71385,16.83913,-7.940557,57.814154284558974,-16.646390753552225,40.14430457138657,41.889666463994274,37.45335829776756
05/18/2023 18:40:29.838626,662,True,True,True,True,Eyes,0.5042194,0.0297737,-2.173833,0.7947204,-0.2247537,0.5638309,0.0,0.0,0.0,0.0,0.0,0.0,0.0,-1.800899,0.0387966,1.314245,0.5121018,0.03187331,-2.169958,0.05009324,0.3460248,-0.04686908,0.9357141,7.249,40.39434,356.9348,0.1870005,0.01145211,-0.9822928,0.2662698,0.01199029,0.4040737,1.432734,-0.4994881,-0.918564,0.5796,-0.2645671,1.915,0.7561402,-0.05304511,-0.6522563,0.1223791,0.9905879,0.06131016,0.6428649,-0.1261816,0.7555149,moving,54.64541,-21.73317,16.83913,-7.865915,57.90649050066529,-16.66221542482835,40.269288157023894,41.99884521811807,37.56208414148835
05/18/2023 18:40:29.848959,663,True,True,True,True,Eyes,0.5052998,0.02978434,-2.172925,0.7961184,-0.2244299,0.5619847,0.0,0.0,0.0,0.0,0.0,0.0,0.0,-1.825685,0.03435612,1.27248,0.5191945,0.03194337,-2.164007,0.05013565,0.3544955,-0.0471089,0.9325236,7.290788,41.43558,356.9767,0.1909079,0.01164187,-0.9815387,0.2502936,0.01127088,0.3798292,1.450688,-0.499252,-0.9192842,0.5796001,-0.2618249,1.915,0.7442275,-0.05231458,-0.6658745,0.123406,0.9905344,0.06010556,0.6564271,-0.1269051,0.7436388,moving,54.78151,-21.76941,16.83913,-7.78539,58.03399954708827,-16.69302162585591,40.437322060502474,42.14692370960862,37.70822436667377
05/18/2023 18:40:29.868921,664,True,True,True,True,Eyes,0.5066463,0.02979052,-2.171824,0.7978098,-0.224334,0.5596194,0.0,0.0,0.0,0.0,0.0,0.0,0.0,-1.849378,0.02441826,1.230381,0.5263357,0.03212627,-2.157909,0.04899892,0.3629709,-0.04776527,0.9292846,7.223648,42.47631,356.9257,0.194477,0.01181336,-0.9808357,0.235276,0.01059462,0.3570395,1.466783,-0.5042977,-0.9204463,0.5796001,-0.2592833,1.915,0.7319412,-0.0532047,-0.6792873,0.1243454,0.9906352,0.05639307,0.6699255,-0.1257427,0.7317025,moving,54.95247,-21.84432,16.83913,-7.710728,58.19473217696066,-16.75922628979636,40.64954008076922,42.33392437182597,37.888235765022934
05/18/2023 18:40:29.888985,665,True,True,True,True,Eyes,0.5082357,0.02977905,-2.170533,0.7998394,-0.2242376,0.5567535,0.0,0.0,0.0,0.0,0.0,0.0,0.0,-1.872483,0.01155299,1.187178,0.5335922,0.03206836,-2.151737,0.0470717,0.3715927,-0.04853465,0.9259307,7.079156,43.53676,356.8289,0.1977556,0.01196833,-0.9801781,0.2211594,0.009958945,0.3356171,1.481656,-0.5082641,-0.9204464,0.5795998,-0.2564682,1.915,0.7191266,-0.05489644,-0.6927072,0.1248624,0.9908573,0.05110001,0.6835688,-0.1232405,0.7194063,moving,55.15893,-21.93756,16.83913,-7.628003,58.38889434138771,-16.841775791192163,40.90440677453041,42.5590945142465,38.10436447477693
05/18/2023 18:40:29.899032,666,True,True,True,True,Eyes,0.5100731,0.02975059,-2.169075,0.8021033,-0.2243279,0.5534503,0.0,0.0,0.0,0.0,0.0,0.0,0.0,-1.89504,0.002605133,1.143116,0.5408922,0.03162717,-2.145771,0.04611809,0.3802292,-0.0493037,0.9224252,7.0407,44.60485,356.7719,0.2007855,0.01210775,-0.9795602,0.2078899,0.009361409,0.3154801,1.495751,-0.5073134,-0.9178482,0.5795999,-0.2538695,1.915,0.7059899,-0.05588705,-0.7060134,0.1260288,0.9908845,0.04758755,0.6969182,-0.1225744,0.7065979,moving,55.39437,-22.064,16.83913,-7.551607,58.61069631455679,-16.954738249376096,41.19606876928973,42.81684983349907,38.348360508978296
05/18/2023 18:40:29.918916,667,True,True,True,True,Eyes,0.5121392,0.02968328,-2.167443,0.804675,-0.2244096,0.5496712,0.0,0.0,0.0,0.0,0.0,0.0,0.0,-1.916344,-0.004419535,1.098931,0.5481396,0.03111085,-2.139771,0.04514201,0.3887416,-0.04937118,0.9189152,6.96994,45.66526,356.7867,0.203604,0.01223248,-0.9789767,0.1954165,0.008799724,0.2965513,1.509209,-0.5077301,-0.9149396,0.5796001,-0.2512979,1.915,0.692885,-0.05563869,-0.7188983,0.125833,0.9910493,0.04457809,0.7099835,-0.1213486,0.6936845,moving,55.66312,-22.2083,16.83913,-7.475982,58.86387823175359,-17.083655743876154,41.525213944942216,43.109011339986026,38.62458482176116
05/18/2023 18:40:29.938741,668,True,True,True,True,Eyes,0.514418,0.02958052,-2.165655,0.8074653,-0.2246843,0.545451,0.0,0.0,0.0,0.0,0.0,0.0,0.0,-1.937021,-0.007181317,1.053962,0.5555909,0.03011044,-2.133858,0.0449554,0.3972191,-0.04907405,0.9153075,6.966115,46.72884,356.8745,0.206244,0.01234234,-0.9784225,0.1836915,0.008271741,0.2787582,1.521838,-0.5053159,-0.9104354,0.5796001,-0.2485359,1.915,0.6796175,-0.0541214,-0.7315675,0.12555,0.9911415,0.04330972,0.7227429,-0.1212823,0.680392,moving,55.96058,-22.38794,16.83913,-7.394728,59.14448945298703,-17.244995493506728,41.89611266190986,43.43697973087073,38.93079999585841
05/18/2023 18:40:29.949085,669,True,True,True,True,Eyes,0.5169188,0.02943698,-2.16371,0.8105454,-0.2249146,0.5407674,0.0,0.0,0.0,0.0,0.0,0.0,0.0,-1.956898,-0.006405205,1.008798,0.5629023,0.02915449,-2.128252,0.04561847,0.4056354,-0.048563,0.9116034,7.040426,47.79204,357.0237,0.2087341,0.01243727,-0.9778931,0.17267,0.007775436,0.2620327,1.53336,-0.4990691,-0.9041278,0.5796001,-0.2458581,1.915,0.6662031,-0.05153146,-0.7439879,0.1255493,0.9911212,0.04377416,0.7351264,-0.1225696,0.6667578,moving,56.29018,-22.58328,16.83913,-7.315923,59.4553489944743,-17.42029522640738,42.30221667794666,43.79772208088892,39.267607018914646
05/18/2023 18:40:29.974030,670,True,True,True,True,Eyes,0.5196577,0.02923312,-2.161645,0.8138784,-0.2250971,0.5356615,0.0,0.0,0.0,0.0,0.0,0.0,0.0,-1.976252,-0.007043123,0.9619901,0.5706246,0.02802753,-2.122416,0.04548602,0.4142373,-0.04760655,0.9077842,7.008916,48.88359,357.1847,0.2111008,0.012517,-0.9773839,0.1623098,0.00730891,0.2463108,1.544353,-0.4882485,-0.895384,0.5796,-0.2432195,1.915,0.6522822,-0.04874893,-0.7564068,0.1241169,0.9913293,0.04314215,0.7477452,-0.1220238,0.6526771,moving,56.64872,-22.79325,16.83913,-7.238244,59.793454665287314,-17.608626641788817,42.74063251319681,44.18844694700217,39.632116466863664
05/18/2023 18:40:29.988827,671,True,True,True,True,Eyes,0.5225999,0.02897179,-2.159446,0.8174656,-0.2252363,0.530112,0.0,0.0,0.0,0.0,0.0,0.0,0.0,-1.99475,-0.007595018,0.9145664,0.5784168,0.02635381,-2.116662,0.04469701,0.4228679,-0.04606405,0.9039155,6.878405,49.98427,357.3747,0.2133679,0.01258039,-0.9768907,0.1525712,0.006870375,0.2315321,1.554594,-0.4680988,-0.8829809,0.5796,-0.2405074,1.915,0.6381218,-0.04547416,-0.7685914,0.1210779,0.9917606,0.04184662,0.7603558,-0.1197626,0.6383699,moving,57.0373,-23.01988,16.83913,-7.158374,60.15987037044988,-17.81186471052127,43.21435229107266,44.61147173724589,40.02606200149959
05/18/2023 18:40:29.999679,672,True,True,True,True,Eyes,0.5257475,0.02865621,-2.157111,0.8213175,-0.2253202,0.5240881,0.0,0.0,0.0,0.0,0.0,0.0,0.0,-2.012344,-0.007175751,0.8668094,0.5861496,0.02470498,-2.111103,0.04459651,0.431466,-0.04503761,0.8999,6.841848,51.08477,357.5424,0.2155555,0.01262651,-0.9764097,0.1434169,0.006458153,0.2176402,1.563885,-0.4520368,-0.8710997,0.5796002,-0.237856,1.915,0.6236175,-0.04257493,-0.7805695,0.1195424,0.9919655,0.04140039,0.7725353,-0.1191292,0.6236965,moving,57.45779,-23.26423,16.83914,-7.080263,60.556358858719015,-18.030958820813712,43.72408393185144,45.0678706364204,40.45039345166574
05/18/2023 18:40:30.023790,673,True,True,True,True,Eyes,0.5290896,0.0283038,-2.154655,0.8254032,-0.2253521,0.5176156,0.0,0.0,0.0,0.0,0.0,0.0,0.0,-2.029309,-0.01043612,0.8173835,0.5941395,0.0230718,-2.105418,0.04372286,0.4403108,-0.04439795,0.8956804,6.743297,52.21735,357.6321,0.217682,0.01265469,-0.9759375,0.1348119,0.006070664,0.2045818,1.570541,-0.4499415,-0.8624224,0.5795999,-0.2351885,1.915,0.6083105,-0.04102946,-0.792638,0.118036,0.9922343,0.03922563,0.7848731,-0.1174212,0.6084294,moving,57.90792,-23.52666,16.83913,-7.001654,60.98081192815384,-18.266297912919857,44.268739934226,45.55634188487028,40.90341633926389
05/18/2023 18:40:30.038894,674,True,True,True,True,Eyes,0.5326305,0.0279196,-2.152078,0.8299347,-0.2250305,0.5104604,0.0,0.0,0.0,0.0,0.0,0.0,0.0,-2.045648,-0.01494198,0.7665272,0.6020605,0.02182169,-2.099884,0.04280855,0.4494012,-0.04402885,0.891217,6.65419,53.38537,357.6919,0.2197635,0.01266509,-0.9754708,0.1267232,0.005706424,0.1923069,1.578366,-0.4471765,-0.8548214,0.5796002,-0.2323078,1.915,0.5922002,-0.04000209,-0.8047974,0.1169549,0.9924577,0.03673017,0.7972581,-0.1158766,0.5924121,moving,58.40595,-23.78972,16.83914,-6.916728,61.44990873312224,-18.501130129798412,44.86086883474465,46.09033585975475,41.40254172863137
05/18/2023 18:40:30.048974,675,True,True,True,True,Eyes,0.5363608,0.02753324,-2.149384,0.8346606,-0.2246412,0.5028698,0.0,0.0,0.0,0.0,0.0,0.0,0.0,-2.061372,-0.01955652,0.7133887,0.6102597,0.02064535,-2.094211,0.04179229,0.4588046,-0.04355795,0.8864844,6.549732,54.59977,357.7573,0.2218143,0.01265807,-0.9750065,0.1191198,0.005364039,0.1807685,1.591421,-0.438141,-0.8480788,0.5796,-0.2297215,1.915,0.575202,-0.03887789,-0.8170869,0.1155759,0.9927122,0.03412725,0.8098055,-0.1140656,0.5755035,moving,58.93171,-24.0712,16.83913,-6.840458,61.94519696961742,-18.752569306518268,45.482785325076165,46.65249911040663,41.926619418431876
05/18/2023 18:40:30.068777,676,True,True,True,True,Eyes,0.5402913,0.02716314,-2.146618,0.8396786,-0.2239546,0.4947568,0.0,0.0,0.0,0.0,0.0,0.0,0.0,-2.075599,-0.02482685,0.6605775,0.6184493,0.02018601,-2.088589,0.04055611,0.4680481,-0.04290476,0.8817288,6.412281,55.79962,357.826,0.2238469,0.01263528,-0.9745421,0.1119726,0.005042196,0.1699224,1.604877,-0.4335178,-0.8446668,0.5796001,-0.2270233,1.915,0.5581805,-0.03769628,-0.8288629,0.1136251,0.9930288,0.031356,0.8219027,-0.1116819,0.5585724,moving,59.49249,-24.35416,16.83913,-6.760862,62.4731440951978,-19.00459210139593,46.13928102827788,47.247985874918946,42.48411754229244
05/18/2023 18:40:30.088705,677,True,True,True,True,Eyes,0.5444021,0.02677483,-2.143738,0.8448409,-0.2230748,0.4862935,0.0,0.0,0.0,0.0,0.0,0.0,0.0,-2.088588,-0.03040776,0.6071174,0.6265321,0.02018051,-2.08297,0.03954816,0.4773378,-0.04248626,0.8768007,6.310261,57.0117,357.8812,0.2258729,0.01259903,-0.9740751,0.1052543,0.004739664,0.159727,1.620299,-0.452386,-0.8505229,0.5795999,-0.2245321,1.915,0.5406871,-0.03674829,-0.8404208,0.1122596,0.9932618,0.02879111,0.8336998,-0.1099123,0.541169,moving,60.07512,-24.64209,16.83913,-6.687348,63.021545719725566,-19.260766782061204,46.81584765404407,47.86341381032745,43.060938169102165
05/18/2023 18:40:30.099203,678,True,True,True,True,Eyes,0.5486775,0.02635422,-2.140756,0.8501595,-0.2218718,0.4774954,0.0,0.0,0.0,0.0,0.0,0.0,0.0,-2.099309,-0.0341833,0.5567589,0.6349079,0.01930279,-2.077202,0.0371432,0.485813,-0.04052878,0.8723323,5.979996,58.12378,358.0052,0.2279018,0.01254984,-0.973603,0.09893901,0.004455285,0.1501434,1.639383,-0.4350069,-0.8470376,0.5796,-0.2218456,1.915,0.5246863,-0.03461983,-0.8505914,0.1067984,0.9939556,0.0254236,0.8445699,-0.1041812,0.5252123,moving,60.67909,-24.92229,16.83913,-6.608047,63.58968289448877,-19.509217365746046,47.511615311044196,48.497983388450244,43.65849177556485
05/18/2023 18:40:30.118765,679,True,True,True,True,Eyes,0.5531136,0.02590815,-2.137675,0.8554686,-0.2207633,0.468441,0.0,0.0,0.0,0.0,0.0,0.0,0.0,-2.108023,-0.03662102,0.5102798,0.6430767,0.01806951,-2.07162,0.03573922,0.4934216,-0.03939546,0.8681623,5.792844,59.12705,358.0915,0.2299422,0.01248754,-0.9731239,0.09300267,0.004187968,0.1411348,1.66081,-0.4141906,-0.8453557,0.5795999,-0.2191861,1.915,0.5099663,-0.0331343,-0.859556,0.1036723,0.9943414,0.02317775,0.8539242,-0.100932,0.5105156,moving,61.29559,-25.2332,16.83913,-6.529518,64.1700845193255,-19.786126767345696,48.23074285234184,49.152384801969944,44.268832242702196
05/18/2023 18:40:30.139179,680,True,True,True,True,Eyes,0.5576815,0.02556233,-2.134481,0.8607701,-0.2197008,0.4591365,0.0,0.0,0.0,0.0,0.0,0.0,0.0,-2.115219,-0.0409655,0.4660927,0.6513315,0.01702049,-2.066046,0.03564471,0.5004686,-0.04010339,0.8640905,5.839461,60.05878,358.0628,0.2320005,0.01241229,-0.9726362,0.08742251,0.003936689,0.1326667,1.680392,-0.4165908,-0.8498868,0.5795999,-0.2164096,1.915,0.4958457,-0.03362779,-0.8677593,0.104984,0.9942423,0.02145954,0.8620415,-0.1017415,0.4965212,moving,61.92445,-25.57152,16.83913,-6.447505,64.7625288578665,-20.08840995961336,48.97360543417877,49.82696505113837,44.892389526467795
05/18/2023 18:40:30.148903,681,True,True,True,True,Eyes,0.5624299,0.02539529,-2.131177,0.8660122,-0.2186703,0.4496734,0.0,0.0,0.0,0.0,0.0,0.0,0.0,-2.121101,-0.04659422,0.4246223,0.659378,0.01916753,-2.060679,0.0374302,0.5069863,-0.04194082,0.8601191,6.13755,60.9277,358.0291,0.2340823,0.01232993,-0.9721383,0.08217716,0.003700488,0.1247067,1.70079,-0.4105619,-0.8523978,0.5796003,-0.2137618,1.915,0.4824116,-0.03419499,-0.875277,0.1101014,0.9936799,0.02186202,0.8689975,-0.1069157,0.4831277,moving,62.55958,-25.93305,16.83914,-6.369271,65.36126083906231,-20.41227500979184,49.73027330062083,50.51338607081883,45.521734952572125
05/18/2023 18:40:30.174672,682,True,True,True,True,Eyes,0.5673605,0.02514547,-2.127747,0.8713654,-0.2166933,0.4401892,0.0,0.0,0.0,0.0,0.0,0.0,0.0,-2.125333,-0.06362903,0.3843513,0.6684197,0.02328424,-2.054626,0.03555706,0.5131511,-0.04340995,0.8564622,6.053569,61.74064,357.8177,0.2361945,0.01224928,-0.9716283,0.07724653,0.003478459,0.1172243,1.721995,-0.3951163,-0.8535486,0.5796,-0.2110114,1.915,0.4695831,-0.03786567,-0.882076,0.1108503,0.9937025,0.01635483,0.8759019,-0.1054583,0.4708233,moving,63.19838,-26.20978,16.83913,-6.287982,65.96178486321844,-20.656680182714894,50.458478931843594,51.180999484934176,46.15196588404155
05/18/2023 18:40:30.190394,683,True,True,True,True,Eyes,0.5723941,0.02473557,-2.124272,0.8765692,-0.2149327,0.4306164,0.0,0.0,0.0,0.0,0.0,0.0,0.0,-2.127985,-0.08280603,0.3491976,0.6779193,0.02079597,-2.048684,0.02466364,0.5181599,-0.0399503,0.8539942,4.791298,62.39176,357.5456,0.2383433,0.01216643,-0.9711046,0.07261174,0.003269751,0.1101908,1.742518,-0.3937353,-0.8585732,0.5796,-0.2084945,1.915,0.4598286,-0.04267524,-0.8869817,0.09379406,0.9955913,0.000723912,0.8830404,-0.08352648,0.4618041,moving,63.83733,-26.52507,16.83913,-6.213571,66.56318872356061,-20.937175472973355,51.19949018170983,51.858138653644964,46.78238625290505
05/18/2023 18:40:30.198548,684,True,True,True,True,Eyes,0.5775295,0.02441195,-2.120676,0.8815526,-0.2141013,0.4207442,0.0,0.0,0.0,0.0,0.0,0.0,0.0,-2.130967,-0.08731873,0.3154304,0.6853957,0.01657028,-2.044039,0.02481954,0.5231396,-0.04216668,0.8508412,4.953838,63.05659,357.3659,0.2405302,0.01207432,-0.9705663,0.06825504,0.003073566,0.1035794,1.763342,-0.3844328,-0.8615807,0.5796,-0.2057032,1.915,0.4490938,-0.04578614,-0.8923106,0.09772247,0.9952119,-0.001883144,0.8881244,-0.08635309,0.4514179,moving,64.48596,-26.96987,16.83913,-6.131021,67.17609773805964,-21.33867519122469,52.004596303535536,52.58405715673079,47.42751262646412
05/18/2023 18:40:30.219084,685,True,True,True,True,Eyes,0.5828474,0.02437827,-2.116981,0.8864541,-0.2132454,0.4107621,0.0,0.0,0.0,0.0,0.0,0.0,0.0,-2.133237,-0.09996504,0.2759347,0.6934639,0.01848377,-2.038529,0.03314175,0.5291204,-0.05153201,0.846332,6.351698,63.85969,356.9919,0.2427575,0.0119778,-0.9700128,0.06415974,0.002889152,0.09736462,1.781924,-0.3828717,-0.8656154,0.5796002,-0.2030775,1.915,0.4347521,-0.05215442,-0.8990387,0.1222983,0.9924921,0.001564572,0.8922073,-0.1106311,0.4378664,moving,65.1381,-27.4359,16.83914,-6.053346,67.79268471643829,-21.759966600813605,52.82048042799796,53.319430322050316,48.07527382359007
05/18/2023 18:40:30.239029,686,True,True,True,True,Eyes,0.5883516,0.02472347,-2.11321,0.8914539,-0.2116197,0.4006584,0.0,0.0,0.0,0.0,0.0,0.0,0.0,-2.134199,-0.1195705,0.237229,0.7031076,0.02538462,-2.032332,0.03073082,0.534786,-0.05255849,0.8427913,6.200869,64.61955,356.7868,0.2450304,0.0118905,-0.9694422,0.06031015,0.002715803,0.09152274,1.799931,-0.3900706,-0.871782,0.5795999,-0.2003877,1.915,0.422483,-0.05572285,-0.9046565,0.1214605,0.9925864,-0.004415752,0.8981957,-0.1080144,0.426119,moving,65.79877,-27.84212,16.83913,-5.973753,68.41607175185425,-22.12507841450858,53.62156118742058,54.04670418369206,48.72949959105028
05/18/2023 18:40:30.249166,687,True,True,True,True,Eyes,0.594075,0.02486967,-2.109364,0.8966702,-0.2084098,0.3905737,0.0,0.0,0.0,0.0,0.0,0.0,0.0,-2.134442,-0.1439986,0.199582,0.7129194,0.03463558,-2.026563,0.02263122,0.5402254,-0.04994659,0.8397319,5.277132,65.35112,356.5783,0.2473532,0.01182877,-0.968853,0.05669154,0.002552855,0.08603138,1.818948,-0.3900527,-0.8771687,0.5796003,-0.1976565,1.915,0.4113238,-0.05943158,-0.9095497,0.1083354,0.9939863,-0.01595652,0.9050283,-0.09197316,0.4152887,moving,66.46291,-28.08434,16.83914,-5.89291,69.03954441371963,-22.33660087192139,54.35971039711119,54.72912561376429,49.38304468559325
05/18/2023 18:40:30.268647,688,True,True,True,True,Eyes,0.5998957,0.02477668,-2.105491,0.9018677,-0.2053035,0.3801119,0.0,0.0,0.0,0.0,0.0,0.0,0.0,-2.136043,-0.1436763,0.158349,0.723795,0.02964026,-2.020802,0.005005438,0.5455495,-0.03719891,0.8372378,2.80685,66.09711,356.7384,0.2497321,0.011781,-0.9682431,0.0,0.0,0.0,1.837509,-0.3980738,-0.885681,0.5796001,-0.1951081,1.915,0.401984,-0.05682724,-0.9138817,0.06775009,0.9971824,-0.0322062,0.9131368,-0.04896918,0.4047014,moving,67.14594,-28.37407,16.83913,-5.817456,69.68153000204418,-22.592161953502444,55.13234955560207,55.44104975379263,50.05542181407131
05/18/2023 18:40:30.289038,689,True,True,True,True,Eyes,0.6057892,0.02476822,-2.101577,0.9067069,-0.2035859,0.3693715,0.0,0.0,0.0,0.0,0.0,0.0,0.0,-2.138504,-0.126744,0.1164322,0.7320204,0.02378333,-2.016531,0.007645883,0.5518789,-0.03556427,0.8331307,2.980402,66.96634,357.083,0.2521657,0.01173489,-0.9676126,0.0,0.0,0.0,1.855581,-0.4172571,-0.8978894,0.5796,-0.1922741,1.915,0.3883297,-0.05082016,-0.9201182,0.06769857,0.9973534,-0.0265143,0.9190304,-0.05199438,0.3907425,moving,67.83515,-28.86216,16.83913,-5.733525,70.33308097815546,-23.033253673013213,55.9957838841785,56.22173426187755,50.73985539052487
05/18/2023 18:40:30.309032,690,True,True,True,True,Eyes,0.6118675,0.02494477,-2.097539,0.9114472,-0.201674,0.3585967,0.0,0.0,0.0,0.0,0.0,0.0,0.0,-2.138159,-0.1275202,0.07653189,0.7396492,0.02609326,-2.011487,0.0215527,0.5580745,-0.04483072,0.8282985,4.918689,67.81695,357.1113,0.2546526,0.01169412,-0.9669616,0.0,0.0,0.0,1.87518,-0.4269526,-0.9091976,0.5796,-0.1897824,1.915,0.373086,-0.05021041,-0.926437,0.09832245,0.9950514,-0.01433363,0.9225721,-0.0857419,0.3761766,moving,68.52351,-29.35331,16.83913,-5.659707,70.9838986819415,-23.47722912204064,56.85650322615707,57.00105323755308,51.421639949789565
05/18/2023 18:40:30.319027,691,True,True,True,True,Eyes,0.6180856,0.02513523,-2.093489,0.9161555,-0.1990312,0.3479164,0.0,0.0,0.0,0.0,0.0,0.0,0.0,-2.136209,-0.142909,0.04196107,0.75045,0.03061325,-2.005358,0.01775998,0.5624805,-0.04470579,0.82541,4.566195,68.42198,356.9049,0.2571974,0.01166665,-0.9662882,0.0,0.0,0.0,1.89736,-0.4274454,-0.9204621,0.5796,-0.1870156,1.915,0.3632342,-0.05382193,-0.9301419,0.0937805,0.995372,-0.02097375,0.926966,-0.07961079,0.3666005,moving,69.20538,-29.77241,16.83913,-5.57772,71.62728638207129,-23.853911747420675,57.68541551604358,57.75604959253002,52.09738443155404
05/18/2023 18:40:30.338860,692,True,True,True,True,Eyes,0.624432,0.02529653,-2.089417,0.9207093,-0.1965958,0.3371122,0.0,0.0,0.0,0.0,0.0,0.0,0.0,-2.135713,-0.1446355,0.01133049,0.7599515,0.030958,-2.000958,0.00904694,0.5662354,-0.03860754,0.8232893,3.360513,68.94837,356.938,0.2598003,0.01165179,-0.9655918,0.0,0.0,0.0,1.919501,-0.4331852,-0.9343069,0.5796,-0.1843273,1.915,0.3557739,-0.05332495,-0.9330496,0.07381573,0.9968553,-0.02882541,0.9316525,-0.0586184,0.3585913,moving,69.8901,-30.24972,16.83913,-5.498036,72.27444682642428,-24.285015787850305,58.54102218766561,58.53225573301558,52.77664644995239
05/18/2023 18:40:30.349262,693,True,True,True,True,Eyes,0.6309425,0.02550455,-2.085315,0.9251097,-0.1942408,0.3262551,0.0,0.0,0.0,0.0,0.0,0.0,0.0,-2.13505,-0.1419057,-0.02358043,0.7694163,0.03042621,-1.996549,0.01148504,0.5709751,-0.03927292,0.819947,3.65118,69.60941,357.0541,0.2624615,0.01164693,-0.9648719,0.0,0.0,0.0,1.942059,-0.4401528,-0.9498119,0.5796,-0.1816262,1.915,0.3448902,-0.05128808,-0.9372408,0.07751877,0.9966515,-0.02601347,0.9354365,-0.06368198,0.3477111,moving,70.57397,-30.76809,16.83913,-5.417952,72.9216033216521,-24.754572928886667,59.414329302321036,59.322413326004174,53.45591176240665
05/18/2023 18:40:30.368974,694,True,True,True,True,Eyes,0.6376038,0.0257196,-2.081225,0.9294125,-0.1915537,0.3154355,0.0,0.0,0.0,0.0,0.0,0.0,0.0,-2.13288,-0.1515478,-0.06042266,0.7798066,0.03173978,-1.991655,0.009946796,0.5758702,-0.04018005,0.8164926,3.584467,70.29309,356.8894,0.2651828,0.01165322,-0.9641274,0.0,0.0,0.0,1.967522,-0.4373589,-0.9651246,0.5795997,-0.179019,1.915,0.3335182,-0.0541573,-0.9411868,0.07706955,0.9965733,-0.03003401,0.9395881,-0.06251996,0.3365491,moving,71.25318,-31.26895,16.83912,-5.340633,73.56408171773724,-25.207846759836197,60.27576252637613,60.10347298166538,54.130162846272164
05/18/2023 18:40:30.388743,695,True,True,True,True,Eyes,0.6444029,0.02592168,-2.077135,0.933551,-0.1889861,0.3045761,0.0,0.0,0.0,0.0,0.0,0.0,0.0,-2.131012,-0.1572664,-0.09247196,0.7898809,0.03202891,-1.98735,0.004963118,0.5798165,-0.03811429,0.81384,2.996615,70.85106,356.7691,0.267965,0.01166984,-0.9633577,0.0,0.0,0.0,1.993699,-0.4353426,-0.9830046,0.5795996,-0.1763331,1.915,0.3247204,-0.05628247,-0.9441339,0.06779326,0.9970453,-0.03612022,0.9433772,-0.05227695,0.3275765,moving,71.9308,-31.81914,16.83912,-5.260958,74.20602538080234,-25.70733165065529,61.159056862966125,60.9016915071506,54.8040761606112
05/18/2023 18:40:30.399196,696,True,True,True,True,Eyes,0.6513402,0.02612052,-2.073016,0.9375603,-0.1864248,0.2936435,0.0,0.0,0.0,0.0,0.0,0.0,0.0,-2.128589,-0.1635532,-0.1277605,0.7999411,0.03191487,-1.983189,0.004039188,0.5844719,-0.03898982,0.8104666,2.987849,71.50731,356.6429,0.2708076,0.01169514,-0.9625623,0.0,0.0,0.0,2.021307,-0.432052,-1.00245,0.5795998,-0.1735747,1.915,0.3137447,-0.05847833,-0.9477049,0.06792149,0.996927,-0.03902966,0.9470751,-0.05212417,0.3167525,moving,72.60947,-32.41015,16.83913,-5.179111,74.84973084598177,-26.245001496592344,62.063357214503974,61.71710907784195,55.47994759620977
05/18/2023 18:40:30.418889,697,True,True,True,True,Eyes,0.8279583,0.03159561,-1.970477,0.993244,-0.1157984,0.007559764,0.0,0.0,0.0,0.0,0.0,0.0,0.0,-2.125713,-0.1701835,-0.1618626,0.8103135,0.03199398,-1.978936,0.002335158,0.5888073,-0.03944261,0.8073072,2.878523,72.12218,356.5021,0.2737113,0.01172811,-0.9617402,0.0,0.0,0.0,2.050396,-0.420725,-1.02141,0.5796001,-0.1709386,1.915,0.3035006,-0.06093469,-0.9508809,0.06643452,0.9968777,-0.04267781,0.9505125,-0.05021857,0.3066011,moving,89.56393,-86.26481,16.83913,-5.100873,91.68095606725572,-76.2667667974286,108.97926960839833,103.27576370605179,72.31697327560359
05/18/2023 18:40:30.438675,698,True,True,True,True,Eyes,0.8283688,0.0316298,-1.970328,0.9932357,-0.1159044,0.007005799,0.0,0.0,0.0,0.0,0.0,0.0,0.0,-2.122762,-0.1752102,-0.1963301,0.8203837,0.03268068,-1.975162,0.001069886,0.5932887,-0.03958318,0.8040154,2.790773,72.76051,356.4192,0.2875025,0.01211231,-0.9577031,0.5298543,0.01642527,0.3076161,2.078645,-0.4168424,-1.043423,0.5796005,-0.1684,1.915001,0.2928833,-0.06238147,-0.9541111,0.06492048,0.9968641,-0.04524809,0.9539418,-0.04868892,0.2960147,moving,89.59587,-86.54099,16.83914,-5.02551,91.71601735269896,-76.52455003777389,109.26259762573513,103.53095908188196,72.35520242799929
05/18/2023 18:40:30.448864,699,True,True,True,True,Eyes,0.8291703,0.031661,-1.97005,0.9932276,-0.1160304,0.006002069,0.0,0.0,0.0,0.0,0.0,0.0,0.0,-2.119398,-0.1773641,-0.2321674,0.8305935,0.03351416,-1.971345,0.001985012,0.5980438,-0.04020257,0.8004521,2.938476,73.43791,356.4415,0.2990353,0.0124307,-0.9541609,0.498063,0.01543975,0.2891591,2.106287,-0.4135735,-1.066031,0.5796002,-0.1656436,1.915,0.2814548,-0.0619862,-0.9575703,0.06673469,0.9967597,-0.04490798,0.9572511,-0.0512636,0.2846794,moving,89.65377,-87.03883,16.83913,-4.943664,91.77952156945835,-76.9892207318579,109.73417006063862,103.95491586927047,72.41975709495908
05/18/2023 18:40:30.473885,700,True,True,True,True,Eyes,0.8303483,0.03167516,-1.969683,0.993197,-0.1163592,0.004504275,0.0,0.0,0.0,0.0,0.0,0.0,0.0,-2.116286,-0.1740034,-0.2675707,0.8407277,0.03349094,-1.96789,0.003053981,0.6027115,-0.03962674,0.7969689,3.017148,74.10718,356.5852,0.3087355,0.01269566,-0.9510629,0.4681793,0.01451337,0.2718096,2.13452,-0.4046875,-1.087875,0.5795999,-0.1629983,1.915,0.2703371,-0.05948121,-0.9609267,0.0668439,0.9968408,-0.04289913,0.9604426,-0.05263484,0.273459,moving,89.74016,-87.78318,16.83913,-4.865097,91.87430302728606,-77.68398145683923,110.40819110670996,104.56035159071176,72.5117762074104
05/18/2023 18:40:30.491254,701,True,True,True,True,Eyes,0.8318763,0.03167139,-1.969205,0.9931322,-0.1169693,0.002576733,0.0,0.0,0.0,0.0,0.0,0.0,0.0,-2.112551,-0.1725737,-0.3032093,0.8507295,0.03320524,-1.964624,0.005687466,0.6074942,-0.04049772,0.7932707,3.338088,74.7945,356.7072,0.3169497,0.01291647,-0.9483541,0.4400885,0.01364256,0.255501,2.161815,-0.3994178,-1.11103,0.5795998,-0.1604182,1.915,0.2586214,-0.0573411,-0.9642754,0.0711615,0.9966552,-0.04018086,0.9633541,-0.05822765,0.2618368,moving,89.85134,-88.73803,16.83912,-4.788446,91.99622305821391,-78.57521025778134,111.25788476823317,105.3236759695387,72.6275252886432
05/18/2023 18:40:30.509012,702,True,True,True,True,Eyes,0.8337572,0.03164501,-1.968648,0.9930394,-0.1177824,0.000224793,0.0,0.0,0.0,0.0,0.0,0.0,0.0,-2.107988,-0.1745842,-0.3385879,0.860628,0.03284183,-1.961371,0.008925224,0.6122621,-0.04257314,0.7894574,3.797135,75.48335,356.766,0.3242569,0.01310987,-0.945878,0.4136832,0.01282401,0.240171,2.188133,-0.3977051,-1.135365,0.5795999,-0.1577973,1.915,0.2466455,-0.05629021,-0.9674696,0.07814851,0.9962157,-0.03803966,0.9659497,-0.066224,0.2501111,moving,89.98703,-89.89066,16.83913,-4.710569,92.14477663610884,-79.65100716578894,112.2776165456779,106.24033926792087,72.76727908341321
05/18/2023 18:40:30.523948,703,True,True,True,True,Eyes,0.8359585,0.03159201,-1.967993,0.9929201,-0.1187579,-0.00248369,0.0,0.0,0.0,0.0,0.0,0.0,0.0,-2.102959,-0.1777638,-0.373939,0.8708213,0.03235155,-1.958185,0.01140355,0.6169462,-0.0444926,0.7856639,4.175849,76.16483,356.7903,0.330903,0.01328196,-0.943571,0.3888622,0.01205457,0.2257607,2.214186,-0.3931907,-1.159162,0.5795997,-0.1551351,1.915,0.2347958,-0.0558417,-0.9704393,0.08398321,0.9957807,-0.03698036,0.9684098,-0.07281779,0.2384949,moving,-89.85668,88.8019,16.83912,-4.631444,-78.85727112454316,83.49450216874902,141.8230711438105,130.09220446436748,72.92733938186159
05/18/2023 18:40:30.539854,704,True,True,True,True,Eyes,0.8384806,0.03150446,-1.967254,0.9927859,-0.1197743,-0.00549984,0.0,0.0,0.0,0.0,0.0,0.0,0.0,-2.097742,-0.1801,-0.4074405,0.8806865,0.03170547,-1.955083,0.01341583,0.6213201,-0.04593744,0.7820942,4.477556,76.80538,356.8269,0.3369709,0.0134337,-0.941419,0.3655305,0.01133129,0.2122151,2.240407,-0.3867277,-1.183353,0.5795998,-0.1523656,1.915,0.2237022,-0.05518376,-0.9730942,0.08852585,0.9954195,-0.03609884,0.970629,-0.07806859,0.2275627,moving,-89.68259,87.37092,16.83913,-4.549114,-78.66759539754135,82.15903871131916,140.6988609844428,128.99549737402006,73.1054413384374
05/18/2023 18:40:30.549246,705,True,True,True,True,Eyes,0.8413095,0.03139807,-1.966419,0.9926293,-0.1208692,-0.008806514,0.0,0.0,0.0,0.0,0.0,0.0,0.0,-2.091887,-0.1840648,-0.4407324,0.8907862,0.03082713,-1.951836,0.0147653,0.6255929,-0.04747995,0.7785634,4.726399,77.43362,356.81,0.3425348,0.01356557,-0.9394069,0.3435987,0.01065142,0.1994822,2.265819,-0.3838024,-1.208964,0.5796,-0.1496719,1.915,0.2127581,-0.05545817,-0.9755297,0.09240645,0.9950553,-0.03641481,0.9727256,-0.0823977,0.2168307,moving,-89.49169,85.8328,16.83913,-4.469018,-78.46020035800713,80.72367318061056,139.501475318283,127.82705894011431,73.30000945807643
05/18/2023 18:40:30.573827,706,True,True,True,True,Eyes,0.8444282,0.03128142,-1.965459,0.9924795,-0.1217839,-0.01237357,0.0,0.0,0.0,0.0,0.0,0.0,0.0,-2.08578,-0.1888358,-0.4728302,0.9009594,0.03029235,-1.948604,0.01537241,0.6296204,-0.0487462,0.7752198,4.888515,78.02773,356.7653,0.3476605,0.01367873,-0.9375204,0.3229827,0.01001233,0.1875132,2.290869,-0.3791051,-1.234587,0.5795998,-0.1469001,1.915,0.2024037,-0.05622046,-0.9776872,0.0949356,0.994775,-0.03754921,0.9746898,-0.08521719,0.2066835,moving,-89.28571,84.19851,16.83913,-4.386582,-78.2369085071169,79.19863428742762,138.23820090580628,126.59360757962003,73.51039666641402
05/18/2023 18:40:30.589480,707,True,True,True,True,Eyes,0.8478514,0.03114934,-1.964416,0.992327,-0.1225797,-0.0161618,0.0,0.0,0.0,0.0,0.0,0.0,0.0,-2.079844,-0.1907115,-0.5035231,0.9111652,0.0299321,-1.94539,0.01563543,0.6333552,-0.04904351,0.7721475,4.949037,78.58163,356.7816,0.3524068,0.01377463,-0.9357453,0.3036038,0.009411592,0.1762624,2.315436,-0.3765089,-1.261172,0.5795999,-0.1442729,1.915,0.192912,-0.05593207,-0.9796207,0.09554319,0.9947006,-0.0379782,0.9765535,-0.08626963,0.1972336,moving,-89.06692,82.48904,16.83913,-4.308431,-78.00023781129369,77.60351746185272,136.93024647096178,125.31589279761393,73.73348890354283
05/18/2023 18:40:30.608889,708,True,True,True,True,Eyes,0.8515421,0.03097499,-1.963296,0.9921819,-0.1231731,-0.02008855,0.0,0.0,0.0,0.0,0.0,0.0,0.0,-2.074111,-0.1899858,-0.5339568,0.9218664,0.02941278,-1.942276,0.01484615,0.6369142,-0.04820936,0.7692828,4.833025,79.11073,356.8208,0.3568259,0.01385429,-0.934068,0.2853875,0.008846897,0.1656867,2.339021,-0.3757892,-1.288825,0.5796,-0.1416126,1.915,0.1840324,-0.0552618,-0.9813656,0.09308471,0.9949109,-0.03856867,0.9785028,-0.08425222,0.1882399,moving,-88.8401,80.73707,16.83913,-4.229278,-77.75526933523086,75.96880293415815,135.6000735466246,124.01545295290786,73.96523642142145
05/18/2023 18:40:30.624716,709,True,True,True,True,Eyes,0.8555017,0.0307711,-1.962119,0.9920117,-0.1238037,-0.02419826,0.0,0.0,0.0,0.0,0.0,0.0,0.0,-2.06891,-0.1856161,-0.5619814,0.9319675,0.0282216,-1.939408,0.0154462,0.6401399,-0.04730009,0.7666452,4.832374,79.59492,356.9655,0.3609634,0.01391737,-0.9324759,0.2682643,0.008316083,0.1557455,2.363387,-0.3715404,-1.316942,0.5795999,-0.1388414,1.915,0.175967,-0.05274931,-0.9829817,0.09230023,0.9950482,-0.03687383,0.9800593,-0.08424086,0.1799645,moving,-88.60265,78.94059,16.83912,-4.146803,-77.49954190710787,74.29266879379732,134.24411248270573,122.68876829487503,74.20791074714045
05/18/2023 18:40:30.640770,710,True,True,True,True,Eyes,0.8597258,0.03057237,-1.96086,0.9918828,-0.1239311,-0.02845429,0.0,0.0,0.0,0.0,0.0,0.0,0.0,-2.063755,-0.181183,-0.5898051,0.9423615,0.02733587,-1.936746,0.0173587,0.6433042,-0.0468767,0.7639772,4.981566,80.07448,357.1639,0.3648596,0.01396415,-0.9309576,0.2521684,0.007817117,0.1464008,2.387862,-0.3644328,-1.345358,0.5795999,-0.1362065,1.915,0.1679245,-0.0492916,-0.9845668,0.09395929,0.9950025,-0.03378866,0.981312,-0.08683524,0.1717167,moving,-88.3568,77.06913,16.83913,-4.068375,-77.23454856550907,72.54654296983077,132.85133949716098,121.3247816992498,74.45967460806364
05/18/2023 18:40:30.658794,711,True,True,True,True,Eyes,0.8642126,0.03035795,-1.959557,0.9917446,-0.1239521,-0.03283987,0.0,0.0,0.0,0.0,0.0,0.0,0.0,-2.05877,-0.1760364,-0.6168301,0.9529991,0.02722159,-1.93418,0.01845388,0.6462641,-0.04569932,0.7615208,5.001032,80.52419,357.3678,0.3685507,0.0139965,-0.929502,0.2370383,0.00734809,0.1376167,2.411052,-0.3604677,-1.374666,0.5795999,-0.133436,1.915,0.1605087,-0.0457498,-0.9859737,0.09345412,0.995142,-0.03096163,0.9826004,-0.08717369,0.1640045,moving,-88.10345,75.16098,16.83913,-3.98589,-76.96186278991274,70.76624568005093,131.4426571849995,119.94377031385167,74.71957949695673
05/18/2023 18:40:30.669094,712,True,True,True,True,Eyes,0.8689427,0.03011875,-1.958186,0.991618,-0.1236801,-0.03737659,0.0,0.0,0.0,0.0,0.0,0.0,0.0,-2.0541,-0.1675741,-0.6432579,0.9637592,0.02662836,-1.931748,0.01919218,0.6490611,-0.04365367,0.7592404,4.922647,80.95078,357.62,0.3720686,0.01401511,-0.9280991,0.2228161,0.006907205,0.1293597,2.434294,-0.3554771,-1.404824,0.5795995,-0.1309234,1.914999,0.1536283,-0.04137346,-0.9872623,0.09120104,0.995452,-0.02752483,0.983911,-0.08581075,0.1567029,moving,-87.8414,73.18498,16.83912,-3.911075,-76.679768414774,68.9226375118456,130.0069727515929,118.534940707764,74.98792989738136
05/18/2023 18:40:30.689240,713,True,True,True,True,Eyes,0.8739126,0.02985906,-1.956782,0.9914648,-0.123434,-0.04197,0.0,0.0,0.0,0.0,0.0,0.0,0.0,-2.049954,-0.1585262,-0.6675314,0.9744018,0.02577281,-1.929487,0.02029549,0.6514831,-0.04170762,0.7572439,4.880677,81.32307,357.8879,0.3754413,0.01402019,-0.9267398,0.2094471,0.006492773,0.1215981,2.45705,-0.3505538,-1.436586,0.5796003,-0.1282538,1.915,0.1476606,-0.03672132,-0.9883561,0.08961,0.9956971,-0.02360633,0.9849702,-0.08508088,0.1503158,moving,-87.57604,71.22095,16.83914,-3.831562,-76.39481962734004,67.09030947158882,128.59008271224707,117.14300269681087,75.26001593095407
05/18/2023 18:40:30.709032,714,True,True,True,True,Eyes,0.8791132,0.02955589,-1.9553,0.9913076,-0.1230265,-0.04662471,0.0,0.0,0.0,0.0,0.0,0.0,0.0,-2.045693,-0.1543478,-0.6904465,0.9851044,0.02504154,-1.927262,0.02164388,0.6536778,-0.04105876,0.7553484,4.955139,81.6618,358.0597,0.3786934,0.0140121,-0.9254159,0.1968803,0.006103206,0.1143022,2.479916,-0.3449385,-1.469989,0.5795999,-0.1255295,1.915,0.1420392,-0.03373108,-0.9892862,0.09032357,0.9956914,-0.02098104,0.9857316,-0.08637574,0.1444739,moving,-87.30716,69.24424,16.83913,-3.750409,-76.10634765607543,65.24619307742043,127.17967016546827,115.75574679015256,75.53612864207741
05/18/2023 18:40:30.719098,715,True,True,True,True,Eyes,0.8845418,0.02919447,-1.953805,0.9911259,-0.1226429,-0.05126379,0.0,0.0,0.0,0.0,0.0,0.0,0.0,-2.042303,-0.1503253,-0.7108762,0.9959702,0.0236851,-1.925208,0.02243786,0.6553771,-0.04039118,0.7538872,4.978053,81.9241,358.1886,0.381847,0.01399013,-0.9241194,0.1850674,0.005737014,0.1074441,2.501951,-0.3375715,-1.503185,0.5796005,-0.1228945,1.915001,0.1376988,-0.03149026,-0.9899735,0.09031132,0.9957302,-0.01911167,0.9863483,-0.08677415,0.1399547,moving,-87.03915,67.31545,16.83914,-3.6719,-75.81960603712919,63.44691161529957,125.81694239388669,114.41406421337928,75.81105044151248
05/18/2023 18:40:30.738890,716,True,True,True,True,Eyes,0.8901927,0.02880471,-1.952297,0.9909209,-0.1222687,-0.05591148,0.0,0.0,0.0,0.0,0.0,0.0,0.0,-2.039217,-0.1462722,-0.7305845,1.006846,0.02194308,-1.923365,0.02343031,0.6569431,-0.03988994,0.7525195,5.02983,82.16745,358.3173,0.384921,0.01395292,-0.9228438,0.1739634,0.005392793,0.1009975,2.522954,-0.3310061,-1.5372,0.5796001,-0.1202153,1.915,0.1336692,-0.02925115,-0.9905941,0.09082066,0.9957196,-0.01714731,0.9868557,-0.08767437,0.1357536,moving,-86.77058,65.42615,16.83914,-3.592066,-75.53310054895317,61.68460703814806,124.4929243704278,113.10912813280348,76.08665289728917
05/18/2023 18:40:30.748688,717,True,True,True,True,Eyes,0.8960801,0.02836041,-1.950789,0.9907112,-0.1217845,-0.06049707,0.0,0.0,0.0,0.0,0.0,0.0,0.0,-2.036427,-0.1443119,-0.7492688,1.017837,0.02088012,-1.921675,0.02511488,0.6583248,-0.04000084,0.7512509,5.186747,82.38603,358.4445,0.3879319,0.01390062,-0.921583,0.1635256,0.005069226,0.09493762,2.543805,-0.3171847,-1.567413,0.5795999,-0.1176258,1.915,0.1300169,-0.02703383,-0.9911433,0.09316882,0.9955384,-0.01493193,0.9871249,-0.09040223,0.1319555,moving,-86.50562,63.58388,16.83913,-3.514884,-75.25086137343433,59.9662415939253,123.21680681989042,111.84998800997221,76.35861749997446
05/18/2023 18:40:30.768902,718,True,True,True,True,Eyes,0.9021701,0.02788437,-1.949283,0.9904884,-0.1212537,-0.06503999,0.0,0.0,0.0,0.0,0.0,0.0,0.0,-2.034408,-0.1374431,-0.7675908,1.02938,0.01911455,-1.920134,0.02485945,0.6594934,-0.03833033,0.7503209,5.04064,82.56499,358.5774,0.3908946,0.01383217,-0.9203312,0.1537141,0.004765072,0.08924136,2.561997,-0.3087524,-1.594847,0.5796,-0.1149831,1.915,0.1271986,-0.02473081,-0.991569,0.09030937,0.9958256,-0.01325207,0.9877574,-0.08786232,0.1289011,moving,-86.2431,61.79107,16.83913,-3.436108,-74.97184498136423,58.294116635198506,121.98578151414443,110.63397200019872,76.6283985331789
05/18/2023 18:40:30.788685,719,True,True,True,True,Eyes,0.9084861,0.02740553,-1.947793,0.9902509,-0.1207175,-0.06950203,0.0,0.0,0.0,0.0,0.0,0.0,0.0,-2.03308,-0.1327128,-0.7834779,1.040348,0.01786414,-1.918911,0.02582979,0.6603482,-0.03755276,0.7495752,5.066881,82.70127,358.7239,0.3938215,0.01374766,-0.9190838,0.1444912,0.004479168,0.08388688,2.577737,-0.3090228,-1.620573,0.5796,-0.1123646,1.915,0.1250599,-0.02218392,-0.9919013,0.09041053,0.9958452,-0.01087306,0.9880213,-0.08831853,0.1265459,moving,-85.98521,60.06921,16.83913,-3.358039,-74.69850439415573,56.68829744153621,120.81333044057513,109.47465930766025,76.89350886354832
05/18/2023 18:40:30.799429,720,True,True,True,True,Eyes,0.9150181,0.02690888,-1.946328,0.990014,-0.1200165,-0.07394908,0.0,0.0,0.0,0.0,0.0,0.0,0.0,-2.031507,-0.131528,-0.800455,1.052072,0.01731861,-1.917783,0.02592439,0.661296,-0.03712606,0.7487571,5.044232,82.84735,358.7742,0.396724,0.01364852,-0.9178361,0.1358217,0.004210418,0.07885367,2.591053,-0.314251,-1.645195,0.5796,-0.1095479,1.915,0.1226185,-0.02130942,-0.9922251,0.08988419,0.9958991,-0.01028049,0.9883752,-0.08792477,0.124031,moving,-85.72823,58.36038,16.83913,-3.274047,-74.42626179609564,55.09465396532156,119.66146384274232,108.33409893507202,77.15861755273373
05/18/2023 18:40:30.818998,721,True,True,True,True,Eyes,0.9217618,0.02638169,-1.944892,0.9897745,-0.1192144,-0.07832253,0.0,0.0,0.0,0.0,0.0,0.0,0.0,-2.03088,-0.1254508,-0.8164947,1.063775,0.01632267,-1.917026,0.02439636,0.6620457,-0.03506161,0.7482454,4.757215,82.95648,358.8405,0.3996117,0.01353534,-0.9165843,0.1276724,0.003957793,0.07412245,2.606102,-0.306751,-1.665997,0.5795999,-0.1068083,1.915,0.1209324,-0.02016637,-0.992456,0.08477238,0.996351,-0.009915845,0.9890345,-0.08293369,0.1222007,moving,-85.47552,56.69553,16.83912,-3.192339,-74.158841939196,53.54207960256276,118.55312063244375,107.23536418205602,77.41938703278178
05/18/2023 18:40:30.838917,722,True,True,True,True,Eyes,0.928714,0.02583553,-1.943461,0.989535,-0.1182207,-0.08273035,0.0,0.0,0.0,0.0,0.0,0.0,0.0,-2.029541,-0.1206431,-0.8340106,1.07558,0.01504208,-1.916264,0.0236232,0.6630561,-0.033653,0.7474397,4.585203,83.10898,358.909,0.4024931,0.01340806,-0.9153245,0.1200121,0.003720325,0.0696751,2.625683,-0.2676609,-1.6785,0.5796002,-0.1042286,1.915,0.1184484,-0.01898017,-0.9927789,0.08163419,0.9966189,-0.009313808,0.9895989,-0.0799415,0.1195973,moving,-85.22089,55.01583,16.83914,-3.11539,-73.88934807763351,51.97564905868702,117.45419729532573,106.14462366704716,77.68182309300336
05/18/2023 18:40:30.849298,723,True,True,True,True,Eyes,0.9358672,0.02531442,-1.942057,0.9892983,-0.1171021,-0.08703989,0.0,0.0,0.0,0.0,0.0,0.0,0.0,-2.028628,-0.1180403,-0.850242,1.087561,0.01397566,-1.915514,0.02188644,0.6638123,-0.03242367,0.7468756,4.343704,83.21824,358.8866,0.4053756,0.01326719,-0.9140536,0.1128114,0.003497106,0.0654946,2.636528,-0.2763669,-1.696566,0.5796001,-0.1015195,1.915,0.1166042,-0.01937593,-0.9929895,0.07748985,0.9969394,-0.01035357,0.9901509,-0.07573934,0.1177488,moving,-84.97198,53.37725,16.83914,-3.034568,-73.62597312836031,50.4475773701259,116.39500575935173,105.09175308614044,77.93913705546316
05/18/2023 18:40:30.868988,724,True,True,True,True,Eyes,0.9432946,0.02480389,-1.940691,0.9890626,-0.1158091,-0.09134227,0.0,0.0,0.0,0.0,0.0,0.0,0.0,-2.027579,-0.1166642,-0.8676519,1.100838,0.01261748,-1.91455,0.01944751,0.6645456,-0.03133006,0.7463373,4.052432,83.32182,358.7984,0.4082657,0.01311522,-0.9127687,0.1060427,0.003287279,0.06156492,2.641926,-0.3217776,-1.721252,0.5795999,-0.09891674,1.915,0.1147952,-0.02091807,-0.993169,0.0726131,0.9972804,-0.01261171,0.9907317,-0.07066932,0.1160019,moving,-84.72356,51.73604,16.83913,-2.956908,-73.3630042681239,48.9170326890676,115.35293043944226,104.05446049611498,78.19584499617801
05/18/2023 18:40:30.889351,725,True,True,True,True,Eyes,0.9509449,0.02436998,-1.939345,0.9888428,-0.1142937,-0.09553482,0.0,0.0,0.0,0.0,0.0,0.0,0.0,-2.026985,-0.1185853,-0.8854167,1.114822,0.01226327,-1.914083,0.01622898,0.6652423,-0.03055309,0.7458258,3.718722,83.41827,358.6229,0.4111709,0.0129537,-0.9114659,0.09968012,0.003090043,0.05787103,2.656335,-0.3092805,-1.740228,0.5796001,-0.0962339,1.915001,0.1130385,-0.02398217,-0.9933013,0.06716697,0.9976063,-0.01644244,0.9913179,-0.06485838,0.1143788,moving,-84.48163,50.10872,16.83913,-2.876846,-73.10634916319327,47.399340973167234,114.3388237271923,103.04311815185575,78.44662771777541
05/18/2023 18:40:30.899410,726,True,True,True,True,Eyes,0.9588034,0.02390039,-1.93805,0.9886451,-0.1123328,-0.09981146,0.0,0.0,0.0,0.0,0.0,0.0,0.0,-2.025602,-0.1212702,-0.9014275,1.12648,0.01496531,-1.913416,0.01226101,0.6660426,-0.02907009,0.7452462,3.26756,83.53149,358.4505,0.4140969,0.01278711,-0.9101428,0.09369931,0.00290464,0.05439876,2.674327,-0.2688379,-1.756969,0.5796002,-0.09346035,1.915,0.1110843,-0.02699604,-0.9934444,0.05966145,0.9980092,-0.0204489,0.9920186,-0.05699877,0.1124737,moving,-84.23508,48.37785,16.83913,-2.794066,-72.84340188853722,45.78482848702077,113.28972113230377,101.99443864995577,78.70280096434314
05/18/2023 18:40:30.919217,727,True,True,True,True,Eyes,0.9667491,0.02343004,-1.936798,0.9884216,-0.1105039,-0.1039793,0.0,0.0,0.0,0.0,0.0,0.0,0.0,-2.024055,-0.1113567,-0.9207689,1.139255,0.01347587,-1.912833,0.006256667,0.667138,-0.02499855,0.7444884,2.445611,83.69185,358.3439,0.4170473,0.01261426,-0.908797,0.08807735,0.002730362,0.05113484,2.699292,-0.1875921,-1.772561,0.5796002,-0.09077506,1.915,0.108604,-0.02887414,-0.9936657,0.04557038,0.9986718,-0.02403893,0.9930401,-0.04267099,0.1097755,moving,-83.99473,46.74241,16.83914,-2.71391,-72.58806313077343,44.25949998709262,112.30938040573147,101.01349368083507,78.95224595365978
05/18/2023 18:40:30.939022,728,True,True,True,True,Eyes,0.9748453,0.02303427,-1.935605,0.9881002,-0.1093046,-0.1082148,0.0,0.0,0.0,0.0,0.0,0.0,0.0,-2.02358,-0.1103481,-0.9338348,1.149286,0.01301175,-1.912609,0.007434904,0.6677108,-0.02511654,0.7439599,2.556453,83.7814,358.4259,0.4200208,0.01243574,-0.907429,0.0,0.0,0.0,2.711069,-0.1931973,-1.799222,0.5796002,-0.08818937,1.915,0.1070631,-0.02744267,-0.9938735,0.04730012,0.9986278,-0.02247863,0.9931265,-0.04460371,0.1082142,moving,-83.74998,45.28705,16.83914,-2.636716,-72.3320808220265,42.90283359418749,111.42198351311627,100.12670572895163,79.20476077141252
05/18/2023 18:40:30.948989,729,True,True,True,True,Eyes,0.9830185,0.02288241,-1.934452,0.9877413,-0.1083551,-0.1123672,0.0,0.0,0.0,0.0,0.0,0.0,0.0,-2.01888,-0.1259457,-0.9549081,1.160937,0.01446863,-1.911964,0.01042401,0.6695472,-0.02915457,0.742124,3.124887,84.06792,358.3177,0.4230185,0.01225554,-0.9060379,0.0,0.0,0.0,2.714211,-0.2522562,-1.826846,0.5795996,-0.08547486,1.915,0.1017131,-0.02931388,-0.9943818,0.05723134,0.9980827,-0.02356891,0.9931663,-0.05451253,0.1031957,moving,-83.50983,43.95866,16.83912,-2.555666,-72.08282154106682,41.66491039441431,110.60512777144095,99.31047811830904,79.45270365379095
05/18/2023 18:40:30.968975,730,True,True,True,True,Eyes,0.9913604,0.02297772,-1.933347,0.9874074,-0.1071892,-0.1163493,0.0,0.0,0.0,0.0,0.0,0.0,0.0,-2.017417,-0.1357766,-0.9684695,1.170952,0.02022584,-1.911753,0.0128841,0.6703142,-0.03067862,0.7413312,3.453094,84.19116,358.3803,0.4260387,0.01208504,-0.9046239,0.0,0.0,0.0,2.728356,-0.2354437,-1.840692,0.5795999,-0.0827902,1.915,0.09947563,-0.02821324,-0.9946401,0.06275882,0.9977856,-0.02202585,0.993059,-0.06023139,0.101026,moving,-83.27965,42.65346,16.83913,-2.475497,-71.84329705718017,40.44846562747858,109.81982001713648,98.52430886028716,79.69084852071285
05/18/2023 18:40:30.989246,731,True,True,True,True,Eyes,0.9998186,0.02303511,-1.932294,0.9871829,-0.1050041,-0.1201831,0.0,0.0,0.0,0.0,0.0,0.0,0.0,-2.013061,-0.1355481,-0.991623,1.18328,0.02621088,-1.911351,0.01150567,0.6723182,-0.02861085,0.7396197,3.181025,84.49921,358.459,0.4290826,0.01193463,-0.9031861,0.0,0.0,0.0,2.744359,-0.1920532,-1.852742,0.5795998,-0.08010174,1.915,0.09433931,-0.02685136,-0.9951779,0.05779325,0.9980981,-0.02145156,0.9938612,-0.05549084,0.09571167,moving,-83.05877,41.14375,16.83912,-2.395205,-71.60851290502318,39.04037921601988,108.97352444031588,97.67236766775245,79.920974317092
05/18/2023 18:40:31.008709,732,True,True,True,True,Eyes,1.008339,0.02309671,-1.931287,0.9869269,-0.1031296,-0.1238527,0.0,0.0,0.0,0.0,0.0,0.0,0.0,-2.015636,-0.09400429,-1.004892,1.194505,0.02516288,-1.911532,0.004583218,0.6724217,-0.01716276,0.7399551,1.711334,84.50845,358.8973,0.4321498,0.01180049,-0.9017244,0.0,0.0,0.0,2.754666,-0.1985195,-1.87189,0.5796001,-0.07752776,1.915,0.09510885,-0.01923563,-0.9952811,0.03156305,0.9993688,-0.01629848,0.9949664,-0.02986398,0.09565599,moving,-82.84715,39.78344,16.83914,-2.318324,-71.38522430795784,37.77192460530004,108.21236041171913,96.90596726093821,80.14100601514842
05/18/2023 18:40:31.018863,733,True,True,True,True,Eyes,1.016896,0.02327497,-1.930287,0.986594,-0.1018841,-0.1274833,0.0,0.0,0.0,0.0,0.0,0.0,0.0,-2.013354,-0.1012939,-1.019946,1.204479,0.02535225,-1.911212,0.005808627,0.6734003,-0.01904966,0.7390098,1.962269,84.66083,358.8343,0.4352377,0.01168112,-0.9002395,0.0,0.0,0.0,2.766653,-0.1940065,-1.890426,0.5795999,-0.07488769,1.914999,0.09233832,-0.02033271,-0.9955201,0.03597883,0.9992068,-0.01707083,0.9950775,-0.03424135,0.0929966,moving,-82.63729,38.63168,16.83913,-2.23946,-71.16757826186816,36.69864002753925,107.54537749673855,96.2359409620139,80.35859612864841
05/18/2023 18:40:31.038897,734,True,True,True,True,Eyes,1.025558,0.02349438,-1.929326,0.9862865,-0.1005385,-0.1308853,0.0,0.0,0.0,0.0,0.0,0.0,0.0,-2.008517,-0.1384078,-1.034682,1.213926,0.02839224,-1.910351,0.006199245,0.6745377,-0.02687083,0.7377253,2.601977,84.83559,358.2054,0.4383439,0.01158036,-0.8987325,0.0,0.0,0.0,2.779766,-0.1726249,-1.904655,0.5796,-0.07213525,1.914999,0.08855375,-0.03128332,-0.99558,0.04800983,0.9984791,-0.02710409,0.9949138,-0.04539745,0.08992096,moving,-82.44073,37.52938,16.83914,-2.157229,-70.96327398994063,35.67134731655557,106.91828431627484,95.60473360978729,80.56328402051406
05/18/2023 18:40:31.048794,735,True,True,True,True,Eyes,1.034272,0.02367298,-1.928383,0.9859611,-0.09922951,-0.1342922,0.0,0.0,0.0,0.0,0.0,0.0,0.0,-2.005527,-0.1502962,-1.050798,1.225061,0.02951653,-1.909779,0.0005262707,0.6753827,-0.02769165,0.7369471,2.188119,84.96411,357.6999,0.4414682,0.01149816,-0.897203,0.0,0.0,0.0,2.790719,-0.1710339,-1.923187,0.5795999,-0.0694504,1.915,0.08618259,-0.04010369,-0.9954719,0.04152543,0.9984658,-0.03662925,0.9954136,-0.03818059,0.08771569,moving,-82.2438,36.46097,16.83913,-2.077008,-70.75927540532403,34.67578533880291,106.31369980258133,94.99604437954382,80.76800449312788
05/18/2023 18:40:31.068666,736,True,True,True,True,Eyes,1.043034,0.0238362,-1.927428,0.985611,-0.09825635,-0.1375381,0.0,0.0,0.0,0.0,0.0,0.0,0.0,-2.001537,-0.1541406,-1.068287,1.234995,0.0286962,-1.909218,-0.0009419356,0.6767441,-0.0282692,0.7356749,2.113325,85.17628,357.5414,0.4446085,0.01143073,-0.8956518,0.0,0.0,0.0,2.802029,-0.1659022,-1.940082,0.5796003,-0.0666178,1.915001,0.08243679,-0.04286878,-0.9956738,0.04031899,0.9984,-0.03964794,0.9957803,-0.03687611,0.0840333,moving,-82.0559,35.54177,16.83913,-1.992365,-70.56655442274993,33.81968258033931,105.77825035846983,94.45769646410946,80.96365177302411
05/18/2023 18:40:31.088703,737,True,True,True,True,Eyes,1.051847,0.02401446,-1.926487,0.9852473,-0.09735601,-0.1407471,0.0,0.0,0.0,0.0,0.0,0.0,0.0,-1.997157,-0.1644383,-1.08453,1.244942,0.0285625,-1.908188,0.00179398,0.6780072,-0.03123388,0.7343894,2.578525,85.37189,357.5076,0.4477636,0.01137586,-0.8940793,0.0,0.0,0.0,2.812773,-0.1606658,-1.958394,0.5796005,-0.06415197,1.915001,0.07866139,-0.04344299,-0.9959545,0.04830832,0.9980425,-0.03971864,0.9957303,-0.04498856,0.08060605,moving,-81.87004,34.67195,16.83914,-1.918675,-70.37668198136704,33.00975458171239,105.2728647570827,93.9499590044091,81.15613260350008
05/18/2023 18:40:31.108741,738,True,True,True,True,Eyes,1.060712,0.02419837,-1.925583,0.9849077,-0.09630203,-0.1438147,0.0,0.0,0.0,0.0,0.0,0.0,0.0,-1.995025,-0.162932,-1.099018,1.254948,0.02912178,-1.907556,0.003074896,0.6788534,-0.03096986,0.733614,2.668631,85.50442,357.6324,0.4509318,0.01133293,-0.8924861,0.0,0.0,0.0,2.822756,-0.161893,-1.978429,0.5796001,-0.06150946,1.915,0.07639782,-0.04126504,-0.9962232,0.04961466,0.9980628,-0.03753642,0.9958423,-0.04655957,0.07829718,moving,-81.69247,33.80729,16.83913,-1.839698,-70.19463292366228,32.20446674573107,104.78160120952602,93.45523549746547,81.3409185224454
05/18/2023 18:40:31.118801,739,True,True,True,True,Eyes,1.06962,0.02442571,-1.924705,0.9845518,-0.09525871,-0.1469133,0.0,0.0,0.0,0.0,0.0,0.0,0.0,-1.993525,-0.1503654,-1.114431,1.26506,0.02944655,-1.907212,0.004284326,0.679795,-0.02823663,0.7328461,2.560239,85.65299,357.96,0.4541114,0.01130094,-0.8908729,0.0,0.0,0.0,2.832721,-0.1605593,-1.99864,0.5795999,-0.05896551,1.915,0.07416318,-0.03556128,-0.996612,0.04721113,0.9983687,-0.03211073,0.9961281,-0.04466974,0.07572107,moving,-81.51304,32.95941,16.83913,-1.763659,-70.01117283292126,31.41492817630079,104.30168198302297,92.97200519073212,81.52720090827631
05/18/2023 18:40:31.139072,740,True,True,True,True,Eyes,1.078578,0.02468349,-1.923839,0.9842135,-0.09406134,-0.1499207,0.0,0.0,0.0,0.0,0.0,0.0,0.0,-1.99028,-0.1439138,-1.131821,1.274981,0.03073283,-1.906941,0.005971403,0.6811762,-0.02677654,0.7316054,2.591598,85.87111,358.2192,0.4573002,0.0112807,-0.8892405,0.0,0.0,0.0,2.841452,-0.1675329,-2.019843,0.5796002,-0.05618512,1.915001,0.07056424,-0.03104456,-0.9970241,0.04731487,0.9984947,-0.02774165,0.9963845,-0.0452165,0.07192684,moving,-81.33897,32.10446,16.83913,-1.680546,-69.83257132133923,30.618649124930947,103.82854111481119,92.49444207980174,81.70878145263323
05/18/2023 18:40:31.148589,741,True,True,True,True,Eyes,1.087565,0.02493275,-1.922993,0.9838654,-0.09281369,-0.1529524,0.0,0.0,0.0,0.0,0.0,0.0,0.0,-1.986579,-0.1375411,-1.14962,1.285148,0.03169715,-1.906418,0.00530693,0.6825339,-0.02485719,0.7304121,2.389023,86.08374,358.3329,0.460497,0.01127237,-0.8875893,0.0,0.0,0.0,2.849199,-0.1798671,-2.041119,0.5796002,-0.05346644,1.915,0.06705955,-0.02906766,-0.9973257,0.0435563,0.998708,-0.02617925,0.9967979,-0.04168423,0.06823897,moving,-81.16349,31.24997,16.83914,-1.599272,-69.65266484679448,29.822832929384436,103.36144439243999,92.0227199329015,81.89153596744345
05/18/2023 18:40:31.168768,742,True,True,True,True,Eyes,1.096568,0.02518298,-1.922153,0.9835041,-0.09175445,-0.1558871,0.0,0.0,0.0,0.0,0.0,0.0,0.0,-1.982656,-0.1343799,-1.166814,1.294821,0.0317222,-1.906009,0.004537565,0.6838841,-0.0238631,0.7291861,2.249819,86.29533,358.3601,0.4636998,0.01127429,-0.8859203,0.0,0.0,0.0,2.857149,-0.1900206,-2.062057,0.5796,-0.05077447,1.915,0.06346615,-0.02859494,-0.9975743,0.04100762,0.9988199,-0.02602173,0.9971411,-0.03925665,0.06456392,moving,-80.99345,30.48087,16.83913,-1.51879,-69.47946605127895,29.106820316531525,102.93294880441344,91.59054553568241,82.06856135061346
05/18/2023 18:40:31.189157,743,True,True,True,True,Eyes,1.105587,0.02543781,-1.921335,0.9830943,-0.09097348,-0.1589003,0.0,0.0,0.0,0.0,0.0,0.0,0.0,-1.97725,-0.1420341,-1.184656,1.304197,0.03204471,-1.905556,0.006195709,0.685509,-0.02574864,0.7275823,2.540045,86.55232,358.338,0.4669071,0.01128544,-0.884234,0.0,0.0,0.0,2.864842,-0.1976374,-2.081571,0.5796002,-0.04807719,1.915,0.05882875,-0.02897408,-0.9978475,0.04596293,0.9985973,-0.02628607,0.9972094,-0.04431762,0.06007797,moving,-80.81853,29.79197,16.83914,-1.438142,-69.30325948811863,28.46598951557229,102.52970499012197,91.18536105796404,82.25014322455921
05/18/2023 18:40:31.208968,744,True,True,True,True,Eyes,1.11461,0.02568281,-1.920524,0.98268,-0.09031985,-0.16181,0.0,0.0,0.0,0.0,0.0,0.0,0.0,-1.971307,-0.1498037,-1.203335,1.313596,0.0324664,-1.905235,0.008584329,0.6873043,-0.02775952,0.7257884,2.901511,86.83859,358.3651,0.4701163,0.01130504,-0.8825316,0.0,0.0,0.0,2.872676,-0.2042743,-2.100369,0.5796003,-0.04539063,1.915,0.05368455,-0.02849498,-0.9981513,0.05209516,0.9983114,-0.02569766,0.9971982,-0.05061928,0.05507834,moving,-80.64948,29.16959,16.83914,-1.357809,-69.13379909729379,27.887289452432945,102.15651285752466,90.81091366415978,82.42571222524988
05/18/2023 18:40:31.223734,745,True,True,True,True,Eyes,1.123635,0.02590782,-1.919738,0.9822165,-0.08993802,-0.164809,0.0,0.0,0.0,0.0,0.0,0.0,0.0,-1.965498,-0.1527574,-1.221785,1.32272,0.03252678,-1.904896,0.01055285,0.6890729,-0.02866644,0.7240481,3.140697,87.12197,358.4523,0.4733257,0.01133174,-0.8808142,0.0,0.0,0.0,2.880743,-0.2080353,-2.117867,0.5796002,-0.04277477,1.915,0.0487137,-0.0269684,-0.9984487,0.05605512,0.9981337,-0.024225,0.9972386,-0.05478807,0.05013454,moving,-80.4749,28.62177,16.83914,-1.279585,-68.96061704329166,27.378506838182872,101.80428975223798,90.45929767853386,82.60638440000187
05/18/2023 18:40:31.239102,746,True,True,True,True,Eyes,1.132651,0.02612839,-1.918961,0.9817332,-0.08974974,-0.1677642,0.0,0.0,0.0,0.0,0.0,0.0,0.0,-1.959276,-0.1588858,-1.240358,1.331764,0.03233696,-1.904693,0.01350647,0.6909155,-0.03049554,0.7221658,3.534383,87.42126,358.5428,0.4765328,0.01136388,-0.8790829,0.0,0.0,0.0,2.889242,-0.207619,-2.133951,0.5796006,-0.04013913,1.915001,0.04341164,-0.02538201,-0.9987348,0.06270932,0.9977752,-0.02263186,0.9970874,-0.06164749,0.04490672,moving,-80.30264,28.14569,16.83914,-1.200765,-68.79097357439403,26.93682234048868,101.47778004388658,90.13456702124468,82.78467793990966
05/18/2023 18:40:31.249289,747,True,True,True,True,Eyes,1.141679,0.02636136,-1.918205,0.9812029,-0.08975226,-0.170837,0.0,0.0,0.0,0.0,0.0,0.0,0.0,-1.952283,-0.1697786,-1.258771,1.340607,0.03253406,-1.904324,0.01683708,0.6928058,-0.0333163,0.7201575,4.037775,87.73212,358.5836,0.4797354,0.01140067,-0.8773387,0.0,0.0,0.0,2.898888,-0.201116,-2.149156,0.5796005,-0.03734596,1.915001,0.03782048,-0.02465632,-0.9989805,0.07131562,0.9972131,-0.02191275,0.9967366,-0.07041416,0.03947349,moving,-80.12325,27.71599,16.83914,-1.117229,-68.615576764227,26.538714423821084,101.15858635041347,89.81848264091224,82.970374257363
05/18/2023 18:40:31.269090,748,True,True,True,True,Eyes,1.150715,0.02657661,-1.917414,0.980673,-0.08922974,-0.1741216,0.0,0.0,0.0,0.0,0.0,0.0,0.0,-1.944426,-0.1777988,-1.279151,1.349893,0.03310529,-1.904029,0.01843272,0.6949377,-0.03503158,0.7179795,4.31031,88.07803,358.5815,0.4829323,0.01144215,-0.8755825,0.0,0.0,0.0,2.907567,-0.1982288,-2.163232,0.5795999,-0.0347276,1.915,0.0316688,-0.02468473,-0.9991935,0.07592309,0.996866,-0.0222209,0.9966106,-0.07515815,0.03344371,moving,-79.93188,27.13316,16.83912,-1.038917,-68.42607840362454,25.997545560976363,100.78835430491922,89.44900427964826,83.16779888567942
05/18/2023 18:40:31.288819,749,True,True,True,True,Eyes,1.159759,0.02677608,-1.916638,0.9801103,-0.08874588,-0.1775051,0.0,0.0,0.0,0.0,0.0,0.0,0.0,-1.93655,-0.1775828,-1.299845,1.359062,0.03287515,-1.903478,0.01850572,0.6970604,-0.03482533,0.7159272,4.303992,88.41805,358.6171,0.4861234,0.01148701,-0.8738143,0.0,0.0,0.0,2.915893,-0.1994045,-2.177481,0.5795997,-0.03204154,1.915001,0.02578832,-0.02406558,-0.9993778,0.075664,0.9968895,-0.0220532,0.9967999,-0.0750482,0.02752895,moving,-79.73459,26.56333,16.83912,-0.9585761,-68.23131348709136,25.468680694151534,100.4188068966233,89.08074177590609,83.37123196330721
05/18/2023 18:40:31.298750,750,True,True,True,True,Eyes,1.168826,0.02697129,-1.915887,0.9795707,-0.0876694,-0.1809837,0.0,0.0,0.0,0.0,0.0,0.0,0.0,-1.928641,-0.1779129,-1.320414,1.368299,0.03270634,-1.903022,0.01898847,0.6991616,-0.03479607,0.713864,4.345267,88.75731,358.671,0.489307,0.01153417,-0.8720349,0.0,0.0,0.0,2.92496,-0.1955162,-2.190671,0.5796002,-0.02942656,1.915001,0.01992465,-0.02312732,-0.9995341,0.07623135,0.9968573,-0.02154578,0.9968911,-0.07576652,0.02162507,moving,-79.53219,25.84578,16.83913,-0.8803576,-68.02895209269687,24.80166156097212,100.0085883789814,88.66880774137698,83.57968445857068
05/18/2023 18:40:31.319091,751,True,True,True,True,Eyes,1.177914,0.02716483,-1.915156,0.9790063,-0.08646482,-0.1845819,0.0,0.0,0.0,0.0,0.0,0.0,0.0,-1.919852,-0.1771314,-1.342313,1.377883,0.03274633,-1.902466,0.01862093,0.7014275,-0.03432209,0.7116704,4.281277,89.12057,358.6939,0.4924827,0.01158314,-0.8702447,0.0,0.0,0.0,2.934556,-0.1882759,-2.203143,0.5796002,-0.0267181,1.915001,0.01364314,-0.02272957,-0.9996486,0.07497448,0.9969506,-0.02164498,0.9970921,-0.07465284,0.01530564,moving,-79.32278,25.10008,16.83913,-0.7993392,-67.81951873597707,24.10845349251053,99.58861807327897,88.24672765952646,83.7952624981083
05/18/2023 18:40:31.339029,752,True,True,True,True,Eyes,1.187023,0.02733021,-1.914453,0.9784463,-0.08473179,-0.1883172,0.0,0.0,0.0,0.0,0.0,0.0,0.0,-1.910799,-0.1715609,-1.365143,1.387444,0.03286552,-1.902135,0.017218,0.7038231,-0.03263517,0.7094163,4.035138,89.50183,358.7324,0.4956497,0.01163363,-0.8684442,0.0,0.0,0.0,2.944052,-0.1823519,-2.213917,0.5796003,-0.02401441,1.915,0.007135728,-0.02206699,-0.9997311,0.07054069,0.997277,-0.02150932,0.9974834,-0.07036823,0.008672909,moving,-79.10576,24.22497,16.83914,-0.7184605,-67.60051090227043,23.294287211013373,99.13424514827523,87.78762268754107,84.0184116488167
05/18/2023 18:40:31.358581,753,True,True,True,True,Eyes,1.196168,0.02749333,-1.913767,0.9778425,-0.08296299,-0.1922013,0.0,0.0,0.0,0.0,0.0,0.0,0.0,-1.900373,-0.1647405,-1.389372,1.397058,0.03227057,-1.901604,0.01619496,0.706468,-0.03091392,0.706884,3.817308,89.92642,358.8042,0.498807,0.01168416,-0.866634,0.0,0.0,0.0,2.953178,-0.1811748,-2.223537,0.5796001,-0.02134825,1.915,-0.0001055186,-0.02082266,-0.9997832,0.06658755,0.9975641,-0.02078347,0.9977807,-0.0665753,0.001281244,moving,-78.87991,23.34726,16.83913,-0.6387018,-67.3732256640037,22.477889381495523,98.67857407762162,87.32753079260316,84.25010008804384
05/18/2023 18:40:31.374955,754,True,True,True,True,Eyes,1.205345,0.02762372,-1.913092,0.9772428,-0.08069552,-0.1961752,0.0,0.0,0.0,0.0,0.0,0.0,0.0,-1.889339,-0.1610773,-1.414183,1.407011,0.03236102,-1.901245,0.01548747,0.7091963,-0.02978654,0.7042114,3.672993,90.36736,358.8525,0.5019546,0.01173458,-0.864814,0.0,0.0,0.0,2.962954,-0.1792984,-2.230627,0.5796003,-0.01863888,1.915,-0.007693129,-0.01998473,-0.9997708,0.06391936,0.9977458,-0.0204361,0.9979255,-0.06406191,-0.006398397,moving,-78.64911,22.35953,16.83914,-0.5576479,-67.13921659599714,21.55862218299788,98.1998112572664,86.84177438853126,84.48667392333294
05/18/2023 18:40:31.390889,755,True,True,True,True,Eyes,1.214548,0.02771299,-1.912431,0.9765892,-0.07845622,-0.200295,0.0,0.0,0.0,0.0,0.0,0.0,0.0,-1.87775,-0.1535742,-1.439417,1.416938,0.03160564,-1.90072,0.01397118,0.7119737,-0.02792595,0.7015116,3.403478,90.81526,358.8929,0.5050923,0.01178341,-0.8629846,0.0,0.0,0.0,2.972699,-0.1788138,-2.237272,0.5796,-0.0159749,1.915,-0.01537285,-0.01928652,-0.9996959,0.05907498,0.9980499,-0.02016318,0.9981353,-0.05936697,-0.01420353,moving,-78.40957,21.39044,16.83913,-0.4779493,-66.89742163575303,20.657002782470613,97.72687093254524,86.36258610865855,84.73164916474032
05/18/2023 18:40:31.398565,756,True,True,True,True,Eyes,1.223775,0.02776766,-1.911792,0.9758954,-0.07612853,-0.2045302,0.0,0.0,0.0,0.0,0.0,0.0,0.0,-1.865794,-0.1507645,-1.464174,1.426724,0.03069691,-1.900326,0.01351838,0.7147443,-0.02727095,0.6987233,3.317832,91.26756,358.9218,0.5082201,0.01182894,-0.8611457,0.0,0.0,0.0,2.982308,-0.1810616,-2.24325,0.5796003,-0.01321148,1.915001,-0.02320603,-0.01878534,-0.9995543,0.05743406,0.9981471,-0.0200923,0.9980796,-0.05787472,-0.02208406,moving,-78.16315,20.41585,16.83913,-0.3952741,-66.64911055791936,19.750392687804165,97.25500548302901,85.88442351079878,84.98346381587683
05/18/2023 18:40:31.424975,757,True,True,True,True,Eyes,1.233036,0.02778809,-1.91116,0.9751423,-0.0738587,-0.2089078,0.0,0.0,0.0,0.0,0.0,0.0,0.0,-1.852468,-0.1533206,-1.489355,1.436507,0.02986643,-1.899705,0.01375408,0.7176494,-0.02783012,0.6957125,3.387139,91.74622,358.9104,0.5113372,0.01186995,-0.8592979,0.0,0.0,0.0,2.99369,-0.1741711,-2.247859,0.5796,-0.01074006,1.915001,-0.03159023,-0.01898232,-0.9993208,0.05846474,0.9980726,-0.02080678,0.9977897,-0.0590823,-0.03041954,moving,-77.90813,19.47089,16.83912,-0.3213335,-66.39335496318876,18.87171422261225,96.79242477403102,85.41673120285226,85.24302428321283
05/18/2023 18:40:31.440988,758,True,True,True,True,Eyes,1.242325,0.02775836,-1.910542,0.9743631,-0.07153612,-0.2133052,0.0,0.0,0.0,0.0,0.0,0.0,0.0,-1.839458,-0.1517802,-1.51447,1.446562,0.02905959,-1.899177,0.01350548,0.7204663,-0.02745519,0.6928148,3.340785,92.21066,358.9334,0.5144439,0.01190534,-0.8574412,0.0,0.0,0.0,3.004165,-0.1721536,-2.251394,0.5796001,-0.008063377,1.915001,-0.03965082,-0.01858224,-0.9990408,0.05750319,0.9981276,-0.02084749,0.9975577,-0.05827466,-0.03850807,moving,-77.65175,18.5399,16.83913,-0.2412504,-66.13660028744084,18.00614331604887,96.33928593010134,84.95845569549053,85.50412009254273
05/18/2023 18:40:31.458854,759,True,True,True,True,Eyes,1.251643,0.02769188,-1.909933,0.9735147,-0.06936608,-0.2178478,0.0,0.0,0.0,0.0,0.0,0.0,0.0,-1.826187,-0.14878,-1.539434,1.456496,0.02776968,-1.89863,0.01369779,0.7232826,-0.02693046,0.6898911,3.316792,92.67833,359.0046,0.5175397,0.01193346,-0.8555757,0.0,0.0,0.0,3.015412,-0.1685949,-2.255304,0.5796005,-0.005207971,1.915,-0.04772573,-0.01734341,-0.99871,0.0569729,0.9981743,-0.02005669,0.9972344,-0.05785662,-0.04665049,moving,-77.38647,17.66227,16.83915,-0.1558193,-65.87257700781153,17.190723043090095,95.89552529021975,84.5111372298075,85.77422788518926
05/18/2023 18:40:31.468935,760,True,True,True,True,Eyes,1.261004,0.02760199,-1.909323,0.9726273,-0.06716292,-0.2224526,0.0,0.0,0.0,0.0,0.0,0.0,0.0,-1.812195,-0.1495078,-1.564575,1.466499,0.02684272,-1.898146,0.01478727,0.7261666,-0.02720035,0.6868214,3.429275,93.16272,359.088,0.5206248,0.01195342,-0.8537017,0.0,0.0,0.0,3.027644,-0.1568252,-2.258213,0.5796005,-0.002650988,1.915001,-0.05611549,-0.01588751,-0.9982979,0.0588396,0.9980829,-0.01919154,0.9966889,-0.0598164,-0.05507318,moving,-77.11729,16.80013,16.83913,-0.07931604,-65.60521713165718,16.389891251996264,95.4605916482486,84.07321311090669,86.04741854194089
05/18/2023 18:40:31.488897,761,True,True,True,True,Eyes,1.270412,0.02747068,-1.908722,0.9716808,-0.06493789,-0.2271997,0.0,0.0,0.0,0.0,0.0,0.0,0.0,-1.798103,-0.1455428,-1.59005,1.476847,0.02613908,-1.897593,0.01470197,0.7290156,-0.02631297,0.6838332,3.352141,93.63892,359.1648,0.5236994,0.01196499,-0.8518188,0.0,0.0,0.0,3.03931,-0.1491031,-2.26265,0.5796009,-5.645072e-05,1.915,-0.06431211,-0.01455144,-0.9978237,0.05742329,0.998183,-0.01825775,0.9962763,-0.05847251,-0.0633596,moving,-76.83946,15.95092,16.83915,-0.001688975,-65.33004563189715,15.601360432472363,95.02719455314542,83.637502722194,86.32904972503019
05/18/2023 18:40:31.508724,762,True,True,True,True,Eyes,1.279851,0.02730651,-1.908177,0.9706901,-0.06279861,-0.2319853,0.0,0.0,0.0,0.0,0.0,0.0,0.0,-1.783355,-0.1404092,-1.616132,1.487352,0.02499188,-1.897132,0.01383449,0.7319434,-0.0252113,0.6807585,3.195459,94.12753,359.1924,0.5267642,0.0119672,-0.8499269,0.0,0.0,0.0,3.051483,-0.1397415,-2.265588,0.5795999,0.002561818,1.915,-0.07275321,-0.01407349,-0.9972507,0.05457774,0.998346,-0.0180706,0.9958556,-0.05574238,-0.07186472,moving,-76.55899,15.14699,16.83913,0.07664817,-65.05328331316237,14.855273764410132,94.6061521382592,83.21523377791813,86.6132118067246
05/18/2023 18:40:31.524071,763,True,True,True,True,Eyes,1.289348,0.0271293,-1.907633,0.9696329,-0.06068281,-0.2369168,0.0,0.0,0.0,0.0,0.0,0.0,0.0,-1.767674,-0.1400443,-1.641954,1.497646,0.02396183,-1.896518,0.01392107,0.7349203,-0.02517202,0.6775433,3.202386,94.63048,359.2167,0.5298178,0.01195955,-0.8480269,0.0,0.0,0.0,3.065002,-0.1296525,-2.268113,0.5796002,0.005200089,1.915,-0.08148295,-0.01364851,-0.9965814,0.054572,0.9983451,-0.0181346,0.9951797,-0.05586309,-0.08060318,moving,-76.26956,14.36662,16.83913,0.1555835,-64.76862454158956,14.13144522831332,94.1869508579635,82.79583511487316,86.90609489037674
05/18/2023 18:40:31.539182,764,True,True,True,True,Eyes,1.298895,0.026922,-1.90708,0.968568,-0.0583803,-0.2418009,0.0,0.0,0.0,0.0,0.0,0.0,0.0,-1.751468,-0.1389028,-1.668471,1.508536,0.02345453,-1.895917,0.01296992,0.7379174,-0.02478463,0.6743113,3.099467,95.13548,359.1804,0.5328614,0.01194246,-0.846118,0.0,0.0,0.0,3.079248,-0.117884,-2.270897,0.5796002,0.00797575,1.915001,-0.09027225,-0.01428366,-0.9958147,0.05256656,0.998435,-0.01908649,0.9945289,-0.05406953,-0.08938018,moving,-75.98276,13.5737,16.83913,0.2386287,-64.48617544890837,13.395809230627052,93.77487611161203,82.38274519505742,87.19631136633673
05/18/2023 18:40:31.548758,765,True,True,True,True,Eyes,1.308496,0.02669857,-1.906525,0.967436,-0.05614564,-0.2468105,0.0,0.0,0.0,0.0,0.0,0.0,0.0,-1.735666,-0.1293392,-1.69448,1.519209,0.02242991,-1.895264,0.01107068,0.7408117,-0.02273031,0.6712371,2.782222,95.62196,359.1905,0.5358954,0.01191559,-0.8442,0.0,0.0,0.0,3.091217,-0.09920122,-2.274047,0.5796002,0.01065428,1.915001,-0.09863695,-0.01411227,-0.9950236,0.04691742,0.9987215,-0.01881565,0.994017,-0.04853985,-0.09784871,moving,-75.6881,12.81582,16.83913,0.318767,-64.19707517957717,12.693151876744892,93.36736381176084,81.97555703369353,87.49395129971325
05/18/2023 18:40:31.568976,766,True,True,True,True,Eyes,1.318166,0.02647563,-1.905965,0.9662521,-0.05385686,-0.2519051,0.0,0.0,0.0,0.0,0.0,0.0,0.0,-1.719435,-0.127577,-1.720025,1.530133,0.02181798,-1.894581,0.01116477,0.7436574,-0.02234323,0.6680943,2.759839,96.10928,359.24,0.5389207,0.01187925,-0.8422725,0.0,0.0,0.0,3.104481,-0.07167193,-2.278862,0.5796002,0.01332029,1.915,-0.1070507,-0.01324925,-0.9941652,0.0464603,0.9987522,-0.01831318,0.9931675,-0.04814965,-0.1063016,moving,-75.38805,12.06805,16.83914,0.3985296,-63.90314672392997,12.000081241281553,92.96253160097415,81.57151994351116,87.79665840392519
05/18/2023 18:40:31.589291,767,True,True,True,True,Eyes,1.318166,0.02647563,-1.905965,0.9662521,-0.05385686,-0.2519051,0.0,0.0,0.0,0.0,0.0,0.0,0.0,-1.704457,-0.121557,-1.744415,1.541414,0.02157544,-1.893808,0.009938749,0.7461904,-0.02095135,0.6653288,2.550072,96.54078,359.2517,0.5419383,0.01183441,-0.8403347,0.0,0.0,0.0,3.113935,-0.07229464,-2.281788,0.5796005,0.01603749,1.915,-0.114478,-0.01304668,-0.9933403,0.04271148,0.9989245,-0.01804232,0.9925074,-0.04449247,-0.1137975,moving,-75.38805,12.06805,16.83915,0.479822,-63.90314672392997,12.000081241281553,92.95237193326476,81.56000768294156,87.80086578772566
05/18/2023 18:40:31.608657,768,True,True,True,True,Eyes,1.328352,0.02610874,-1.905265,0.9666656,-0.05701009,-0.2496144,0.0,0.0,0.0,0.0,0.0,0.0,0.0,-1.691252,-0.1116442,-1.767016,1.552499,0.02038512,-1.893271,0.008369418,0.7483962,-0.01897644,0.6629277,2.263796,96.91679,359.2756,0.5446482,0.01179392,-0.8385815,0.0,0.0,0.0,3.122879,-0.08814591,-2.29113,0.5795997,0.01880335,1.915,-0.1209137,-0.01263273,-0.9925826,0.03768728,0.9991397,-0.01730714,0.9919474,-0.03950042,-0.1203336,moving,-75.52125,12.86527,16.83912,0.562568,-64.04255891862447,12.74325856936748,93.17614728586766,81.79373574695154,87.67430169382338
05/18/2023 18:40:31.619055,769,True,True,True,True,Eyes,1.33857,0.0257195,-1.904571,0.9669715,-0.06016805,-0.2476809,0.0,0.0,0.0,0.0,0.0,0.0,0.0,-1.67698,-0.1103479,-1.789584,1.56353,0.01866579,-1.892636,0.008400759,0.7506824,-0.01894976,0.6603382,2.266362,97.31293,359.2881,0.5473984,0.01173913,-0.8367897,0.0,0.0,0.0,3.13166,-0.09010682,-2.295254,0.5796,0.02141026,1.915,-0.127766,-0.01241389,-0.9917267,0.03763909,0.9991407,-0.01735581,0.9910899,-0.03954517,-0.127189,moving,-75.63309,13.65413,16.83913,0.6405568,-64.16190811694443,13.479099631746788,93.38342764730879,82.01217201163057,87.56932315135445
05/18/2023 18:40:31.638884,770,True,True,True,True,Eyes,1.348826,0.02539331,-1.903863,0.9672183,-0.06350137,-0.2458788,0.0,0.0,0.0,0.0,0.0,0.0,0.0,-1.661961,-0.1173712,-1.811948,1.574501,0.01776415,-1.892004,0.009116974,0.7530053,-0.02046516,0.6576332,2.453696,97.71947,359.2437,0.5501837,0.01167056,-0.834962,0.0,0.0,0.0,3.142594,-0.07161248,-2.305385,0.5796006,0.02405043,1.915001,-0.1348712,-0.01318688,-0.9907754,0.04064739,0.9989961,-0.0188295,0.9900291,-0.04281199,-0.1341998,moving,-75.73682,14.48095,16.83914,0.7195381,-64.27442923956933,14.250658286554664,93.5931879326859,82.23443517338339,87.47319157830287
05/18/2023 18:40:31.648748,771,True,True,True,True,Eyes,1.359124,0.02522802,-1.903147,0.967363,-0.06682734,-0.244424,0.0,0.0,0.0,0.0,0.0,0.0,0.0,-1.646258,-0.129563,-1.834069,1.585568,0.01901022,-1.891131,0.009615356,0.7553183,-0.02257224,0.6548987,2.676263,98.12601,359.1373,0.5529994,0.01159236,-0.8331008,0.0,0.0,0.0,3.155837,-0.01639941,-2.305652,0.5795997,0.02679311,1.915,-0.1420305,-0.01503974,-0.989748,0.04409036,0.9987961,-0.02150428,0.9888797,-0.04669261,-0.1411963,moving,-75.81985,15.29139,16.83912,0.8015832,-64.36734840652548,15.00735855685886,93.78506929443635,82.439641948213,87.39854181895103
05/18/2023 18:40:31.673677,772,True,True,True,True,Eyes,1.369518,0.02502275,-1.902407,0.9675545,-0.06938475,-0.2429488,0.0,0.0,0.0,0.0,0.0,0.0,0.0,-1.629047,-0.1446571,-1.856971,1.596848,0.02271557,-1.890138,0.009355727,0.7577885,-0.02474098,0.6519639,2.848547,98.56005,358.9627,0.5558417,0.01151241,-0.8312082,0.0,0.0,0.0,3.164635,-0.02248415,-2.310632,0.5796002,0.02954409,1.915001,-0.1497109,-0.01808112,-0.9885645,0.04643977,0.9986007,-0.02529766,0.9876385,-0.04969604,-0.1486617,moving,-75.90468,15.93903,16.83913,0.8838729,-64.45882018013188,15.61163094560209,93.95782058254534,82.6212052716553,87.32186481285692
05/18/2023 18:40:31.689125,773,True,True,True,True,Eyes,1.379918,0.02462629,-1.901694,0.967688,-0.07161256,-0.2417676,0.0,0.0,0.0,0.0,0.0,0.0,0.0,-1.615943,-0.1132255,-1.880834,1.609252,0.02141024,-1.889836,0.003944327,0.7598678,-0.01850966,0.6498022,1.905771,98.91186,358.9646,0.5587088,0.0114292,-0.8292848,0.0,0.0,0.0,3.172052,-0.04464887,-2.316061,0.5796,0.03207563,1.915,-0.1554831,-0.0180609,-0.9876734,0.03004956,0.9992836,-0.02300372,0.9873813,-0.03325585,-0.154829,moving,-75.97236,16.49951,16.83913,0.9595958,-64.53263931085314,16.134711045614456,94.10346226023493,82.77468793958924,87.26193952261188
05/18/2023 18:40:31.708689,774,True,True,True,True,Eyes,1.63892,0.01854274,-1.885144,0.964878,-0.1584208,-0.2095549,0.0,0.0,0.0,0.0,0.0,0.0,0.0,-1.603917,-0.09195177,-1.901014,1.619781,0.01640245,-1.889681,0.003609188,0.7617383,-0.01516649,0.6476973,1.591946,99.24047,359.189,0.5615957,0.01133493,-0.8273337,0.0,0.0,0.0,3.182676,-0.03207798,-2.320055,0.5796002,0.03481884,1.915,-0.1609502,-0.01414808,-0.9868612,0.0251451,0.9995139,-0.01843047,0.9866421,-0.02778112,-0.1605162,moving,-77.74664,37.08882,16.83913,1.041646,-66.58101981743599,35.36642938229684,101.22186838761264,90.20594298495564,85.63136098120727
05/18/2023 18:40:31.719107,775,True,True,True,True,Eyes,1.639456,0.01871076,-1.885139,0.9648814,-0.1580467,-0.2098214,0.0,0.0,0.0,0.0,0.0,0.0,0.0,-1.582431,-0.1589349,-1.921931,1.62946,0.02008621,-1.888814,0.01230935,0.7645635,-0.02770579,0.6438351,3.337421,99.77069,359.0327,0.5758658,0.01076481,-0.8174729,0.7770059,-0.01825065,0.04965091,3.1912,-0.02947712,-2.326868,0.5796005,0.03735097,1.915,-0.17065,-0.01685336,-0.9851877,0.05449848,0.9981617,-0.02651529,0.9838235,-0.05821606,-0.1694177,moving,-77.73157,36.98867,16.83915,1.11738,-66.56505593674216,35.27303036728815,101.1452941445251,90.12696610865656,85.65716776186666
05/18/2023 18:40:31.738972,776,True,True,True,True,Eyes,1.640372,0.01903908,-1.885224,0.9650255,-0.1570808,-0.2098839,0.0,0.0,0.0,0.0,0.0,0.0,0.0,-1.565381,-0.1539139,-1.947361,1.642813,0.02417259,-1.888625,0.006965541,0.7669705,-0.02579998,0.6411258,2.780349,100.183,358.7151,0.5875285,0.01029979,-0.8091375,0.7303855,-0.01715561,0.04667185,3.199294,-0.04277024,-2.332675,0.5796,0.0400784,1.915001,-0.1778187,-0.02239733,-0.9838086,0.04376679,0.9985718,-0.03064407,0.9830897,-0.04850722,-0.1765845,moving,-77.7298,36.81183,16.83912,1.198949,-66.56001266911325,35.107542267398365,101.05225342903819,90.02892883587035,85.66960803397723
05/18/2023 18:40:31.749079,777,True,True,True,True,Eyes,1.64171,0.01955651,-1.885304,0.9650409,-0.1564472,-0.2102865,0.0,0.0,0.0,0.0,0.0,0.0,0.0,-1.553099,-0.1274783,-1.967852,1.653218,0.0281833,-1.888619,0.00194762,0.7688345,-0.01974512,0.63914,1.882566,100.5049,358.7247,0.5970903,0.009928811,-0.8021122,0.6865624,-0.01612627,0.04387154,3.208389,-0.04125914,-2.336634,0.5796002,0.04278081,1.915001,-0.1829927,-0.02224499,-0.9828627,0.02823458,0.9992127,-0.02787186,0.9827088,-0.03285106,-0.1822206,moving,-77.70717,36.64821,16.83913,1.279765,-66.53578646746693,34.95490611390278,100.94518188307963,89.91880684816917,85.70301362241686
05/18/2023 18:40:31.768807,778,True,True,True,True,Eyes,1.643491,0.01996836,-1.885475,0.9652393,-0.1546246,-0.2107232,0.0,0.0,0.0,0.0,0.0,0.0,0.0,-1.530673,-0.154943,-1.99293,1.664668,0.03328872,-1.88852,0.002284953,0.7718702,-0.02411345,0.6353186,2.299797,101.0539,358.4452,0.6049611,0.009644082,-0.7961962,0.6453687,-0.0151587,0.04123925,3.217773,-0.03141142,-2.341299,0.5795998,0.04536991,1.915001,-0.19273,-0.02711208,-0.9808772,0.03416683,0.9988266,-0.03432156,0.9806568,-0.04012826,-0.1915776,moving,-77.68488,36.2705,16.83912,1.357189,-66.50776809811092,34.601866212114786,100.76569783901029,89.7324485265878,85.7331094536967
05/18/2023 18:40:31.788801,779,True,True,True,True,Eyes,1.645584,0.0202588,-1.885657,0.9653125,-0.1530941,-0.2115042,0.0,0.0,0.0,0.0,0.0,0.0,0.0,-1.516544,-0.09562226,-2.018638,1.677363,0.03087557,-1.889299,-0.007468865,0.7740898,-0.01313247,0.6328956,0.6232417,101.4524,358.3847,0.6114704,0.009427826,-0.7912108,0.6066466,-0.01424917,0.03876489,3.226234,-0.02578631,-2.348411,0.5796003,0.04813635,1.915001,-0.1987751,-0.02818611,-0.9796399,0.005059826,0.9995435,-0.02978545,0.9800323,-0.0108774,-0.1985417,moving,-77.64154,35.89834,16.83914,1.43991,-66.46024255085818,34.2545032096602,100.56829665121758,89.52979761436801,85.7851154355492
05/18/2023 18:40:31.798726,780,True,True,True,True,Eyes,1.648014,0.02063221,-1.885831,0.9651359,-0.1525757,-0.2126815,0.0,0.0,0.0,0.0,0.0,0.0,0.0,-1.495749,-0.1023573,-2.042024,1.68698,0.02830274,-1.889683,-0.005320094,0.7770691,-0.01489502,0.6292167,0.9427836,101.991,358.4519,0.6168833,0.009264106,-0.7869998,0.5702478,-0.01339422,0.036439,3.235097,-0.01423664,-2.35512,0.5796005,0.05080479,1.915,-0.2081165,-0.02701255,-0.977731,0.01047622,0.9994996,-0.0298439,0.978048,-0.01645394,-0.2077294,moving,-77.57267,35.6553,16.83914,1.519695,-66.39140715298815,34.02858564605226,100.3933732683195,89.3540818901004,85.86386216813565
05/18/2023 18:40:31.818594,781,True,True,True,True,Eyes,1.648014,0.02063221,-1.885831,0.9651359,-0.1525757,-0.2126815,0.0,0.0,0.0,0.0,0.0,0.0,0.0,-1.466565,-0.1582647,-2.068104,1.697506,0.03087352,-1.889559,0.001001526,0.7808444,-0.02507575,0.6242214,2.316003,102.6866,358.2943,0.6214158,0.009147306,-0.7834272,0.536033,-0.01259057,0.03425266,3.243325,-0.006600007,-2.361956,0.5796002,0.05349106,1.915,-0.2206937,-0.02974157,-0.9748898,0.03286971,0.9987404,-0.03791017,0.9747893,-0.04041087,-0.2194381,moving,-77.57267,35.6553,16.83913,1.600008,-66.39140715298815,34.02858564605226,100.36608437338414,89.32488434317159,85.87577851501062
05/18/2023 18:40:31.838673,782,True,True,True,True,Eyes,1.648014,0.02063221,-1.885831,0.9651359,-0.1525757,-0.2126815,0.0,0.0,0.0,0.0,0.0,0.0,0.0,-1.447495,-0.1386287,-2.093915,1.709984,0.03381383,-1.890437,-0.0032522,0.7834967,-0.02082541,0.6210384,1.638527,103.1704,358.2249,0.625182,0.009055357,-0.7804261,0.503871,-0.01183514,0.0321975,3.250532,-0.01352549,-2.370335,0.5795999,0.05617024,1.915,-0.2286014,-0.03096293,-0.9730276,0.02077058,0.9991115,-0.03667276,0.9732985,-0.02859379,-0.2277552,moving,-77.57267,35.6553,16.83913,1.680102,-66.39140715298815,34.02858564605226,100.33893590416037,89.29583813915322,85.88766981035116
05/18/2023 18:40:31.858363,783,True,True,True,True,Eyes,1.648014,0.02063221,-1.885831,0.9651359,-0.1525757,-0.2126815,0.0,0.0,0.0,0.0,0.0,0.0,0.0,-1.426934,-0.1146864,-2.118807,1.720532,0.03309984,-1.891378,-0.005784438,0.7864188,-0.01642306,0.6174483,1.070784,103.7106,358.3162,0.6285172,0.008974338,-0.7777436,0.4736388,-0.01112503,0.03026565,3.257416,-0.02215333,-2.379802,0.5795999,0.0589314,1.915,-0.2374486,-0.02937876,-0.9709558,0.01118279,0.9993936,-0.03297398,0.9713358,-0.01868762,-0.2369761,moving,-77.57267,35.6553,16.83912,1.762639,-66.39140715298815,34.02858564605226,100.31100916980658,89.26596195151984,85.8999231831006
05/18/2023 18:40:31.868711,784,True,True,True,True,Eyes,1.652113,0.02111795,-1.886114,0.9629923,-0.1455034,-0.2268803,0.0,0.0,0.0,0.0,0.0,0.0,0.0,-1.401191,-0.137408,-2.14359,1.730904,0.03226215,-1.892122,-0.002511933,0.7897719,-0.02078182,0.6130435,1.704569,104.3356,358.3118,0.6315089,0.008901279,-0.775317,0.4452204,-0.01045753,0.02844971,3.264115,-0.02662532,-2.38908,0.5796007,0.06151279,1.915001,-0.2483429,-0.02944803,-0.9682246,0.02151262,0.9991236,-0.03590564,0.9684334,-0.02974595,-0.2474917,moving,-76.74291,32.67296,16.83914,1.839796,-65.56102487951156,31.256003551427217,98.53062510942168,87.49343083271643,86.7144308713376
05/18/2023 18:40:31.888908,785,True,True,True,True,Eyes,1.656456,0.02158951,-1.886469,0.9606282,-0.1385235,-0.2408416,0.0,0.0,0.0,0.0,0.0,0.0,0.0,-1.376498,-0.1473365,-2.168582,1.741906,0.03281149,-1.893116,-0.0019304,0.7929438,-0.02253178,0.6088751,1.91301,104.9319,358.2513,0.6342831,0.008853859,-0.7730497,0.4185072,-0.009830075,0.02674273,3.270375,-0.03636695,-2.399016,0.5795999,0.06420533,1.915001,-0.2585349,-0.03049948,-0.9655202,0.02437668,0.9989772,-0.03808361,0.9656942,-0.03338213,-0.257527,moving,-75.92533,29.90599,16.83912,1.920269,-64.74612506452142,28.68473671006688,96.89398208192469,85.8631990088957,87.51845122119451
05/18/2023 18:40:31.909054,786,True,True,True,True,Eyes,1.66103,0.02203516,-1.886865,0.9580063,-0.1319607,-0.2545786,0.0,0.0,0.0,0.0,0.0,0.0,0.0,-1.355727,-0.1380593,-2.192137,1.752103,0.03291326,-1.895145,-0.002869652,0.7957894,-0.02075012,0.6052111,1.693449,105.4677,358.2982,0.6368658,0.008828851,-0.7709236,0.3933968,-0.009240271,0.02513816,3.276046,-0.04994009,-2.409206,0.5796002,0.06684608,1.915001,-0.2674227,-0.02968368,-0.963122,0.02054912,0.9991224,-0.03649893,0.9633602,-0.02955195,-0.266578,moving,-75.11827,27.39994,16.83913,1.999187,-63.94603520283495,26.357459567968228,95.40105695288186,84.37753468397123,88.31339345287421
05/18/2023 18:40:31.918659,787,True,True,True,True,Eyes,1.665831,0.02248493,-1.887303,0.955143,-0.1257789,-0.2681074,0.0,0.0,0.0,0.0,0.0,0.0,0.0,-1.331271,-0.1471804,-2.215827,1.762037,0.03277259,-1.896835,-0.001409212,0.7989469,-0.02237306,0.6009838,1.951639,106.0691,358.329,0.6392811,0.008822884,-0.768922,0.369793,-0.008685854,0.02362987,3.282031,-0.05588573,-2.420661,0.5795999,0.06946178,1.915,-0.2776332,-0.02914346,-0.9602451,0.02463992,0.9989949,-0.0374436,0.9603713,-0.03405594,-0.2766362,moving,-74.32063,25.13297,16.83913,2.077349,-63.15931118172847,24.253754279490103,94.03012019003931,83.01532113186497,89.1002200960363
05/18/2023 18:40:31.938712,788,True,True,True,True,Eyes,1.67085,0.02297299,-1.887809,0.9520694,-0.1198558,-0.2814221,0.0,0.0,0.0,0.0,0.0,0.0,0.0,-1.306925,-0.1567009,-2.238898,1.772273,0.03335568,-1.898212,-0.0002263102,0.8019596,-0.02393535,0.5968986,2.184656,106.6477,358.3406,0.6415505,0.008834118,-0.7670293,0.3476054,-0.008164703,0.02221208,3.288335,-0.05293289,-2.431589,0.5796,0.07208187,1.915,-0.2874242,-0.02893694,-0.9573663,0.02821097,0.9988541,-0.03866053,0.9573879,-0.03812019,-0.2862784,moving,-73.53285,23.06883,16.83913,2.155634,-62.38566724277884,22.33967946373482,92.76020987500414,81.75551473412378,89.87818240611684
05/18/2023 18:40:31.949188,789,True,True,True,True,Eyes,1.676072,0.02347323,-1.888382,0.948805,-0.1140658,-0.2945473,0.0,0.0,0.0,0.0,0.0,0.0,0.0,-1.28262,-0.1594935,-2.26219,1.782644,0.03476339,-1.899745,0.0005881195,0.8049675,-0.02405363,0.5928309,2.259305,107.2281,358.4188,0.6436922,0.008862239,-0.7652326,0.3267491,-0.007674821,0.02087936,3.294601,-0.05115421,-2.442553,0.5796002,0.07487226,1.915,-0.2971025,-0.02757263,-0.9544474,0.0294663,0.9988422,-0.03802747,0.9543908,-0.03942209,-0.295946,moving,-72.75356,21.16929,16.83913,2.238997,-61.62309312753335,20.579481824816806,91.57077096160077,80.57725387306374,90.6487760112017
05/18/2023 18:40:31.968903,790,True,True,True,True,Eyes,1.812054,0.03496234,-1.903958,0.8018967,0.03532221,-0.5964178,0.0,0.0,0.0,0.0,0.0,0.0,0.0,-1.258596,-0.1546617,-2.285704,1.792765,0.0355493,-1.901883,0.0008899499,0.8080069,-0.02286957,0.5887284,2.178075,107.8167,358.5383,0.6457219,0.008905922,-0.7635201,0.3071441,-0.007214332,0.0196266,3.301027,-0.04620713,-2.454228,0.5796002,0.07741687,1.915,-0.3067961,-0.02548976,-0.9514338,0.0283661,0.9989524,-0.03590966,0.9513524,-0.03800542,-0.3057517,moving,-53.35965,-3.389323,16.83913,2.315011,-43.08113935640819,-1.9642799492282323,70.43016498540918,60.0728808263151,109.68980081651176
05/18/2023 18:40:31.988945,791,True,True,True,True,Eyes,1.812442,0.03493325,-1.904053,0.8016511,0.03517962,-0.5967562,0.0,0.0,0.0,0.0,0.0,0.0,0.0,-1.233408,-0.1467969,-2.309773,1.803249,0.03502139,-1.903933,0.001757926,0.8111306,-0.02127886,0.5844752,2.096049,108.4262,358.7373,0.6522534,0.009466527,-0.7579413,0.6966602,0.02768585,-0.02827902,3.307416,-0.03473105,-2.466695,0.5796001,0.08016694,1.915,-0.3167714,-0.02202211,-0.9482462,0.02772574,0.9990882,-0.03246494,0.9480966,-0.0365748,-0.315872,moving,-53.33567,-3.373762,16.83913,2.397152,-43.0590942391843,-1.9491653159953997,70.41168939483981,60.05570531780413,109.71011349949379
05/18/2023 18:40:31.998511,792,True,True,True,True,Eyes,1.813218,0.0348666,-1.904214,0.8012397,0.03488565,-0.5973256,0.0,0.0,0.0,0.0,0.0,0.0,0.0,-1.207753,-0.1536542,-2.33225,1.81296,0.03434411,-1.906217,0.004442623,0.8142304,-0.02228571,0.580097,2.375345,109.0421,358.9321,0.6575301,0.009936271,-0.7533623,0.6548606,0.0260247,-0.02658227,3.31326,-0.02470353,-2.480346,0.5796005,0.08278815,1.915001,-0.3269357,-0.0186211,-0.9448632,0.03309038,0.9989672,-0.0311371,0.9444672,-0.04144571,-0.3259819,moving,-53.29541,-3.342453,16.83914,2.475435,-43.02218220044962,-1.9189372874063872,70.3754426237096,60.02239918052567,109.74734764872503
05/18/2023 18:40:32.023884,793,True,True,True,True,Eyes,1.814336,0.03481349,-1.904473,0.8006065,0.03435747,-0.5982046,0.0,0.0,0.0,0.0,0.0,0.0,0.0,-1.181749,-0.1691332,-2.353868,1.822782,0.03346621,-1.908449,0.008057253,0.8172463,-0.02480067,0.5756983,2.855291,109.6535,359.1173,0.6618021,0.01032882,-0.749607,0.6155689,0.02446322,-0.02498734,3.319039,-0.01668094,-2.494711,0.5796002,0.08541235,1.915001,-0.337013,-0.01538589,-0.9413743,0.04172493,0.99864,-0.03125941,0.940575,-0.0498136,-0.3359127,moving,-53.23331,-3.287132,16.83913,2.553798,-42.96538122372768,-1.8657331758269209,70.31545570369647,59.96758973414787,109.80714858514347
05/18/2023 18:40:32.038891,794,True,True,True,True,Eyes,1.815786,0.03477561,-1.904848,0.7998155,0.03393998,-0.5992855,2.01333,3.426079,0.103108,-3.111407,-0.5409002,-0.3953472,0.7423797,0.5720578,0.185654,1.903902,1.832119,0.03380212,-1.91097,0.0106068,0.8201603,-0.02724734,0.5713865,3.257043,110.2495,359.2115,0.6652706,0.01065732,-0.7465258,0.5786348,0.02299543,-0.0234881,3.324671,-0.005180851,-2.509124,0.5796002,0.08825186,1.915001,-0.3468103,-0.01373898,-0.9378349,0.04853607,0.9982901,-0.03257321,0.9366788,-0.05681553,-0.3455505,moving,-53.15653,-3.241431,16.83913,2.638581,-42.89471727204181,-1.8211976611109928,70.24220212917406,59.90010129896041,109.88093431478016
05/18/2023 18:40:32.049100,795,True,True,True,True,Eyes,1.817565,0.0347388,-1.905331,0.7988213,0.03359388,-0.6006297,2.011392,3.424307,0.1023092,-3.113432,-0.6576285,-0.4476533,0.6059135,0.5558223,0.1892666,1.898472,1.841761,0.03413322,-1.913494,0.01198706,0.8231012,-0.02819588,0.5670677,3.440449,110.8498,359.2971,0.6680979,0.01093279,-0.7439927,0.5439167,0.0216157,-0.02207881,3.329813,-0.0003588945,-2.523784,0.5796003,0.09083056,1.915,-0.3565814,-0.01224482,-0.9341843,0.05171108,0.9981226,-0.03282118,0.9328323,-0.06001108,-0.3552787,moving,-53.06068,-3.20128,16.83914,2.715567,-42.806178002173326,-1.7814205758389754,70.14979625382963,59.81460404314009,109.97388480783583
05/18/2023 18:40:32.074092,796,True,True,True,True,Eyes,1.819654,0.0347079,-1.90593,0.7977318,0.03349508,-0.6020815,0.0,0.0,0.0,0.0,0.0,0.0,0.0,-1.106381,-0.188915,-2.417039,1.851424,0.03412144,-1.916483,0.0125212,0.8258758,-0.0273476,0.5630494,3.398001,111.4135,359.4195,0.6704155,0.01116393,-0.7419014,0.5112817,0.02031876,-0.02075408,3.334433,-0.0009221584,-2.539111,0.5796,0.09353649,1.915001,-0.3656374,-0.01011419,-0.9307026,0.05147801,0.9981906,-0.03107134,0.9293329,-0.05927155,-0.3644551,moving,-52.95662,-3.184205,16.83913,2.796339,-42.70954603329862,-1.7630555070908844,70.05150694023959,59.722967906744586,110.07399069172784
05/18/2023 18:40:32.088994,797,True,True,True,True,Eyes,1.822043,0.03466795,-1.906622,0.7964997,0.03348588,-0.6037109,0.0,0.0,0.0,0.0,0.0,0.0,0.0,-1.082745,-0.1842301,-2.437687,1.861216,0.03418403,-1.919192,0.01260495,0.8285191,-0.02628107,0.5592018,3.304713,111.9518,359.5118,0.6724455,0.01136495,-0.7400589,0.4806048,0.01909963,-0.01950884,3.339437,0.0027228,-2.55397,0.5796005,0.09620963,1.915001,-0.3742692,-0.00850596,-0.9272813,0.05027972,0.9983009,-0.02945131,0.9259562,-0.05764615,-0.3732055,moving,-52.83951,-3.174758,16.83914,2.876122,-42.60060810172397,-1.7515317670332449,69.94088514307565,59.61961786009648,110.18676803970862
05/18/2023 18:40:32.098772,798,True,True,True,True,Eyes,1.824718,0.03463353,-1.907425,0.7952375,0.03369161,-0.6053613,0.0,0.0,0.0,0.0,0.0,0.0,0.0,-1.063341,-0.1788546,-2.456158,1.870813,0.03391632,-1.922056,0.01274773,0.8306603,-0.02514748,0.5560652,3.20767,112.3904,359.6104,0.6743031,0.01154322,-0.738364,0.4517685,0.01795366,-0.01833831,3.344172,0.005612284,-2.568801,0.5796004,0.09887083,1.915001,-0.381258,-0.006789209,-0.9244438,0.04914533,0.9984102,-0.02760088,0.9231614,-0.05595515,-0.3803181,moving,-52.7204,-3.185532,16.83914,2.955537,-42.48941854004191,-1.7588898264398596,69.83009618691901,59.51557509376042,110.3007183307947
05/18/2023 18:40:32.123860,799,True,True,True,True,Eyes,1.827668,0.03458437,-1.908335,0.7938349,0.03401267,-0.6071814,0.0,0.0,0.0,0.0,0.0,0.0,0.0,-1.043868,-0.1772337,-2.474416,1.880414,0.03409332,-1.925275,0.01330267,0.8327917,-0.02456487,0.5528814,3.18869,112.8325,359.7127,0.67601,0.01170111,-0.7367991,0.4246624,0.01687644,-0.01723801,3.348605,0.00436832,-2.584172,0.5796,0.101477,1.915,-0.3882909,-0.005006207,-0.9215235,0.04931962,0.9984392,-0.02620524,0.9202163,-0.05562443,-0.3874379,moving,-52.58867,-3.206205,16.83913,3.0333,-42.366280088855646,-1.775224796496853,69.70760959525886,59.40035769680259,110.42680048274892
05/18/2023 18:40:32.139822,800,True,True,True,True,Eyes,1.830879,0.0345021,-1.909375,0.7923461,0.03462239,-0.6090887,0.0,0.0,0.0,0.0,0.0,0.0,0.0,-1.024389,-0.1694468,-2.492953,1.889972,0.03366639,-1.928671,0.01275816,0.8349263,-0.02314158,0.5497271,3.019168,113.2708,359.7625,0.6775851,0.01183999,-0.7353486,0.3991826,0.01586385,-0.01620373,3.353429,0.009823009,-2.599169,0.5795996,0.1042823,1.915,-0.3952751,-0.004138861,-0.9185536,0.04674736,0.9986034,-0.02461602,0.9173727,-0.05267004,-0.3945295,moving,-52.44997,-3.25336,16.83912,3.116992,-42.236138959478026,-1.8161883093751028,69.58131485989614,59.28087793795058,110.55827450849695
05/18/2023 18:40:32.148574,801,True,True,True,True,Eyes,1.834338,0.0343853,-1.910513,0.7907042,0.03529271,-0.6111803,0.0,0.0,0.0,0.0,0.0,0.0,0.0,-1.003017,-0.1566067,-2.512627,1.899645,0.03261695,-1.932393,0.01157037,0.8372728,-0.02102104,0.5462589,2.742163,113.7521,359.794,0.679044,0.01196034,-0.7339996,0.3752317,0.01491202,-0.0152315,3.358085,0.01685435,-2.614692,0.5796003,0.106943,1.915001,-0.4029351,-0.003590746,-0.9152217,0.04234097,0.9988485,-0.02255986,0.9142489,-0.04784152,-0.402319,moving,-52.29752,-3.304885,16.83914,3.196357,-42.09310216029803,-1.860927520243247,69.44165827151714,59.14884016410382,110.7032182864479
05/18/2023 18:40:32.168508,802,True,True,True,True,Eyes,1.838026,0.03426865,-1.911776,0.7889694,0.03607835,-0.6133723,0.0,0.0,0.0,0.0,0.0,0.0,0.0,-0.981078,-0.1507881,-2.531337,1.90906,0.03165397,-1.935822,0.01103459,0.8395873,-0.02009858,0.5427408,2.62087,114.2354,359.8114,0.6804022,0.01206264,-0.7327392,0.3527178,0.0140173,-0.01431761,3.362173,0.01855382,-2.63048,0.5795999,0.109662,1.915001,-0.4106214,-0.003287629,-0.9118,0.04034564,0.9989486,-0.02177117,0.9109128,-0.04572686,-0.410057,moving,-52.13726,-3.366239,16.83912,3.277448,-41.9425996148582,-1.914688234893318,69.2955956382393,59.01058243706376,110.85520028412182
05/18/2023 18:40:32.190352,803,True,True,True,True,Eyes,1.84195,0.03411087,-1.913161,0.7871038,0.03704088,-0.6157075,0.0,0.0,0.0,0.0,0.0,0.0,0.0,-0.9592203,-0.1466119,-2.549911,1.918486,0.0314979,-1.939604,0.0106297,0.8418821,-0.01931517,0.5392109,2.520997,114.7186,359.8318,0.6816718,0.01214859,-0.7315568,0.3315547,0.01317626,-0.01345856,3.366637,0.02370311,-2.646396,0.5795996,0.1122462,1.915,-0.4182769,-0.002931985,-0.9083147,0.03872781,0.9990278,-0.02105887,0.9074935,-0.04398549,-0.4177566,moving,-51.96591,-3.442757,16.83912,3.354508,-41.78147273392954,-1.9823891165559937,69.13996647946198,58.86303053114014,111.01747586286267
05/18/2023 18:40:32.198878,804,True,True,True,True,Eyes,1.846079,0.03389695,-1.914679,0.785129,0.03814454,-0.6181566,0.0,0.0,0.0,0.0,0.0,0.0,0.0,-0.9394162,-0.1319453,-2.568447,1.928067,0.03031287,-1.943829,0.009906056,0.8439974,-0.01683936,0.5359914,2.237618,115.1623,359.9237,0.6828642,0.01221818,-0.7304427,0.3116614,0.01238568,-0.01265104,3.370979,0.03618118,-2.661524,0.5796,0.1150317,1.915001,-0.4252305,-0.001330128,-0.9050843,0.03477287,0.9992366,-0.01780563,0.904417,-0.03904387,-0.4248596,moving,-51.78554,-3.53107,16.83912,3.437553,-41.61171493566997,-2.0609240483241478,68.97757364993153,58.70888650390062,111.18748383597257
05/18/2023 18:40:32.223937,805,True,True,True,True,Eyes,1.850416,0.03362251,-1.916314,0.783051,0.03914451,-0.6207244,0.0,0.0,0.0,0.0,0.0,0.0,0.0,-0.9201015,-0.1192702,-2.586202,1.937279,0.02868541,-1.948173,0.009365608,0.8460386,-0.01480066,0.5328338,2.007167,115.5948,0.004285157,0.6839886,0.01227085,-0.7293891,0.2929617,0.01164254,-0.01189198,3.375465,0.03933775,-2.676519,0.5795999,0.1175523,1.915001,-0.4320009,7.474236e-05,-0.9018732,0.03161992,0.9993865,-0.01506324,0.9013187,-0.03502449,-0.4317382,moving,-51.59614,-3.608444,16.83912,3.512694,-41.4337532296093,-2.1290129569944227,68.8047630450294,58.545338087867556,111.36711704820274
05/18/2023 18:40:32.238833,806,True,True,True,True,Eyes,1.854947,0.03331865,-1.91809,0.780898,0.04009112,-0.6233706,0.0,0.0,0.0,0.0,0.0,0.0,0.0,-0.901401,-0.1221977,-2.602915,1.946646,0.02697341,-1.952553,0.009946136,0.847928,-0.01544237,0.5297932,2.104765,116.0055,0.02893588,0.6850537,0.01230594,-0.7283882,0.275384,0.01094399,-0.01117846,3.380851,0.04896192,-2.689641,0.5795999,0.1202808,1.915,-0.4384408,0.0005046861,-0.8987601,0.03322975,0.9993252,-0.01564925,0.8981458,-0.03672683,-0.4381616,moving,-51.40054,-3.679821,16.83912,3.594014,-41.25012966624102,-2.1913465202632274,68.62623312205635,58.376633365896524,111.55249156391983
05/18/2023 18:40:32.248698,807,True,True,True,True,Eyes,1.859659,0.03296051,-1.919999,0.7786474,0.04103443,-0.6261185,0.0,0.0,0.0,0.0,0.0,0.0,0.0,-0.8843628,-0.1210853,-2.619355,1.955962,0.0259294,-1.957375,0.009141469,0.8496674,-0.01552526,0.5270112,2.064121,116.3801,359.9525,0.686066,0.01232403,-0.7274345,0.258861,0.01028735,-0.01050775,3.386631,0.06029283,-2.70114,0.5796004,0.1229787,1.915,-0.4443515,-0.0008295485,-0.8958523,0.03189839,0.9993508,-0.0167473,0.8952847,-0.03601792,-0.4440365,moving,-51.19688,-3.749677,16.83914,3.674413,-41.059025252161966,-2.2520718545239964,68.43987967383126,58.20069383003572,111.74567153867481
05/18/2023 18:40:32.268700,808,True,True,True,True,Eyes,1.864568,0.0325323,-1.922046,0.7762809,0.04204025,-0.6289838,0.0,0.0,0.0,0.0,0.0,0.0,0.0,-0.866794,-0.1177382,-2.635896,1.965059,0.02425677,-1.962422,0.008120706,0.8514665,-0.01537033,0.5241208,1.987823,116.7689,359.8691,0.6870323,0.01232473,-0.7265218,0.2433293,0.009670109,-0.00987729,3.392143,0.06128,-2.713188,0.5795999,0.1256463,1.915,-0.4504626,-0.002282797,-0.8927922,0.02994083,0.9993956,-0.01766217,0.8922929,-0.03468709,-0.4501221,moving,-50.98378,-3.823869,16.83913,3.75389,-40.85904173703682,-2.3166397306711195,68.24492327147992,58.01663858762895,111.9477252833415
05/18/2023 18:40:32.288705,809,True,True,True,True,Eyes,1.869633,0.03203893,-1.924231,0.7738209,0.04302928,-0.6319412,0.0,0.0,0.0,0.0,0.0,0.0,0.0,-0.8475105,-0.1116511,-2.653532,1.974678,0.02211472,-1.967772,0.006673021,0.8534134,-0.01490703,0.5209787,1.85652,117.191,359.7625,0.687958,0.01230713,-0.7256457,0.2287296,0.009089903,-0.009284652,3.397449,0.05624607,-2.725664,0.5795997,0.1282388,1.915,-0.4570734,-0.004142797,-0.8894195,0.02692218,0.9994665,-0.01849071,0.8890215,-0.03239672,-0.456718,moving,-50.76319,-3.895294,16.83912,3.831115,-40.65213239257216,-2.3784461259016627,68.04241113725601,57.825623654594025,112.15715593600461
05/18/2023 18:40:32.298922,810,True,True,True,True,Eyes,1.874843,0.03151003,-1.926559,0.7713017,0.04388516,-0.634955,0.0,0.0,0.0,0.0,0.0,0.0,0.0,-0.8296924,-0.1084487,-2.669826,1.983483,0.02005193,-1.9732,0.006356821,0.8552298,-0.01470271,0.5180016,1.818534,117.5905,359.7501,0.6888475,0.0122706,-0.7248019,0.2150058,0.008544508,-0.008727573,3.402725,0.05167042,-2.737996,0.5796002,0.1309512,1.914999,-0.463268,-0.004358967,-0.8862074,0.02610514,0.9994869,-0.01856271,0.8858335,-0.03173408,-0.4629166,moving,-50.53793,-3.953732,16.83914,3.911902,-40.44112095154732,-2.427989309916418,67.83463540114928,57.630048728930554,112.3713189674339
05/18/2023 18:40:32.318813,811,True,True,True,True,Eyes,1.88021,0.03096484,-1.929039,0.7686942,0.04475717,-0.6380486,0.0,0.0,0.0,0.0,0.0,0.0,0.0,-0.8122623,-0.1148988,-2.685471,1.992462,0.01866792,-1.978503,0.007079993,0.8569384,-0.01588949,0.5151253,1.978632,117.9737,359.7571,0.6897041,0.0122157,-0.7239878,0.2021055,0.008031838,-0.008203918,3.407611,0.05056886,-2.751179,0.5795997,0.1336881,1.914999,-0.4691917,-0.004235914,-0.8830862,0.02850439,0.9993948,-0.01993845,0.8826362,-0.03452679,-0.468787,moving,-50.30589,-4.012551,16.83913,3.993398,-40.223784817155135,-2.4777339086768864,67.62062503549491,57.42866701926311,112.59181795167669
05/18/2023 18:40:32.338658,812,True,True,True,True,Eyes,1.885701,0.03042452,-1.931694,0.7659585,0.04582302,-0.6412549,0.0,0.0,0.0,0.0,0.0,0.0,0.0,-0.7950028,-0.1108921,-2.70203,2.001597,0.01771753,-1.984587,0.006009144,0.8586866,-0.01552445,0.512231,1.880636,118.3602,359.6799,0.6905313,0.01214365,-0.7232,0.1899791,0.007549928,-0.007711683,3.414063,0.08341969,-2.761924,0.5795998,0.1362601,1.915,-0.4751671,-0.005584261,-0.8798782,0.02622414,0.9994458,-0.02050513,0.879505,-0.0328174,-0.4747573,moving,-50.06417,-4.087314,16.83913,4.069971,-39.997123168567775,-2.5421810618193152,67.39875999943341,57.21957907159185,112.82097085123696
05/18/2023 18:40:32.348488,813,True,True,True,True,Eyes,1.891332,0.02988182,-1.934502,0.7631196,0.04700987,-0.6445451,0.0,0.0,0.0,0.0,0.0,0.0,0.0,-0.7772976,-0.1018734,-2.71858,2.01055,0.01721866,-1.990638,0.004562552,0.8604699,-0.01427331,0.509281,1.67389,118.7549,359.6167,0.691331,0.01205635,-0.7224371,0.1785804,0.007096932,-0.007248982,3.41941,0.09394598,-2.771616,0.5795997,0.1390122,1.915,-0.4812241,-0.006686369,-0.876572,0.02239012,0.9995509,-0.01991626,0.8763115,-0.02921074,-0.4808583,moving,-49.81494,-4.171479,16.83912,4.151887,-39.76328349914043,-2.615256899257359,67.17173613993876,57.00549375659122,113.05616913163263
05/18/2023 18:40:32.368823,814,True,True,True,True,Eyes,1.897074,0.02940553,-1.937452,0.7601621,0.04818539,-0.6479442,0.0,0.0,0.0,0.0,0.0,0.0,0.0,-0.7585493,-0.08982702,-2.735619,2.019556,0.01658073,-1.997047,0.002698968,0.8623517,-0.01262726,0.5061454,1.404484,119.1739,359.5342,0.6921053,0.01195525,-0.721697,0.1678656,0.006671116,-0.006814043,3.422292,0.0401908,-2.788019,0.5795999,0.1416169,1.915001,-0.4876195,-0.008127541,-0.8730187,0.01743738,0.9996665,-0.01904614,0.8728824,-0.02451042,-0.4873152,moving,-49.55651,-4.253062,16.83912,4.229402,-39.520921127978994,-2.68570527530753,66.93528126935897,56.78268173110966,113.3005047045818
05/18/2023 18:40:32.388875,815,True,True,True,True,Eyes,1.902955,0.02901205,-1.940546,0.7570999,0.04954744,-0.6514175,0.0,0.0,0.0,0.0,0.0,0.0,0.0,-0.7390729,-0.09472451,-2.751552,2.028135,0.01768425,-2.003145,0.001847935,0.8642207,-0.01350195,0.5029281,1.443782,119.5985,359.4047,0.6928562,0.01184418,-0.720978,0.1577936,0.006270849,-0.0064052,3.42868,0.0623569,-2.80142,0.5796005,0.1442632,1.915001,-0.4941198,-0.01038697,-0.8693318,0.01677507,0.9996286,-0.02147857,0.8692321,-0.02519609,-0.493762,moving,-49.29092,-4.349597,16.83913,4.308139,-39.27160033489015,-2.769985348478441,66.69437686678087,56.55540560377306,113.55037249834132
05/18/2023 18:40:32.398778,816,True,True,True,True,Eyes,1.908944,0.02875241,-1.94375,0.7538902,0.05085417,-0.6550294,0.0,0.0,0.0,0.0,0.0,0.0,0.0,-0.7200912,-0.0791821,-2.768589,2.037386,0.01922205,-2.00962,-0.001423354,0.8660529,-0.01126019,0.4998236,1.036021,120.012,359.2137,0.6935854,0.01172723,-0.7202784,0.148326,0.005894598,-0.006020888,3.433196,0.09932408,-2.811337,0.5796003,0.1470596,1.915001,-0.5003489,-0.01372162,-0.8657151,0.008790815,0.9997423,-0.02092669,0.8657792,-0.01808099,-0.5000993,moving,-49.01374,-4.439337,16.83913,4.391324,-39.01161077560823,-2.8476397258182877,66.44231378371633,56.317917584085976,113.81125151122004
05/18/2023 18:40:32.419080,817,True,True,True,True,Eyes,1.915072,0.0285113,-1.94712,0.7505012,0.05242749,-0.6587862,0.0,0.0,0.0,0.0,0.0,0.0,0.0,-0.6984152,-0.08628309,-2.784556,2.045771,0.02218293,-2.015764,-0.002640161,0.8680592,-0.0123325,0.4963008,1.076654,120.4746,359.0358,0.6942949,0.01160989,-0.7195964,0.1394265,0.005540922,-0.005659635,3.436034,0.09024446,-2.829046,0.5796002,0.1496912,1.915,-0.5073573,-0.01682489,-0.8615716,0.007657628,0.9996819,-0.02403131,0.8617018,-0.01879005,-0.5070671,moving,-48.7235,-4.55012,16.83914,4.469591,-38.739048465673,-2.9446921269487776,66.18017037068672,56.07055044684709,114.08342438382935
05/18/2023 18:40:32.438789,818,True,True,True,True,Eyes,1.92126,0.02828978,-1.95058,0.7469453,0.0539281,-0.6626949,0.0,0.0,0.0,0.0,0.0,0.0,0.0,-0.6715783,-0.06251808,-2.804003,2.055279,0.02231182,-2.023039,-0.006016431,0.8705804,-0.008976035,0.4919077,0.5563313,121.0588,358.8937,0.6949856,0.0114929,-0.7189312,0.1310609,0.005208467,-0.005320057,3.439685,0.145935,-2.841842,0.5796004,0.1522958,1.915,-0.5159816,-0.01930634,-0.8563824,-0.001644811,0.9997665,-0.02154778,0.8565984,-0.009709664,-0.5158929,moving,-48.42035,-4.652305,16.83914,4.54704,-38.45462206143836,-3.0334009403437854,65.90469621725849,55.81095956671055,114.36838602159851
05/18/2023 18:40:32.448624,819,True,True,True,True,Eyes,1.927535,0.028267,-1.954131,0.7432345,0.05476177,-0.666786,0.0,0.0,0.0,0.0,0.0,0.0,0.0,-0.6495247,-0.06529757,-2.818764,2.062821,0.02257027,-2.028753,-0.005421517,0.8725875,-0.009271865,0.4883398,0.6237309,121.5275,358.9389,0.6956591,0.0113769,-0.7182814,0.1231972,0.004895959,-0.005000853,3.44094,0.1359448,-2.858799,0.5795996,0.1548854,1.915,-0.5229895,-0.01851713,-0.8521377,-0.0004058547,0.9997693,-0.02147611,0.8523389,-0.01088594,-0.5228763,moving,-48.10342,-4.695048,16.83912,4.624021,-38.15849675996845,-3.066154430515605,65.60776286902612,55.53266288796593,114.67075653885729
05/18/2023 18:40:32.473814,820,True,True,True,True,Eyes,1.933933,0.02835063,-1.957787,0.7394719,0.05606135,-0.670849,0.0,0.0,0.0,0.0,0.0,0.0,0.0,-0.6172062,-0.1137679,-2.834768,2.071257,0.0274427,-2.034437,-0.004108784,0.8752447,-0.01674401,0.4833733,1.451919,122.1617,358.6599,0.6963161,0.01126914,-0.7176464,0.1158054,0.004602201,-0.004700802,3.441489,0.09352633,-2.8808,0.5796005,0.1574762,1.915,-0.5326671,-0.02337959,-0.8460021,0.008994831,0.9994056,-0.03328236,0.8462772,-0.02533806,-0.5321402,moving,-47.78568,-4.77698,16.83914,4.701025,-37.86086458380782,-3.135571695293076,65.31615373559917,55.25850838769786,114.97051093697182
05/18/2023 18:40:32.489508,821,True,True,True,True,Eyes,1.940391,0.02841518,-1.961543,0.7356532,0.05774599,-0.6748925,0.0,0.0,0.0,0.0,0.0,0.0,0.0,-0.5995519,-0.07794097,-2.851065,2.080384,0.02996681,-2.040887,-0.007823193,0.8768678,-0.01096737,0.4805428,0.6712415,122.5444,358.6097,0.696959,0.01117246,-0.7170235,0.1088571,0.004326069,-0.004418754,3.444682,0.1211941,-2.896431,0.5796001,0.1602259,1.915001,-0.5380346,-0.02426039,-0.8425733,-0.003179231,0.9996371,-0.02675262,0.8429165,-0.0117151,-0.5379164,moving,-47.46655,-4.890501,16.83913,4.782733,-37.56133097267808,-3.23452558247872,65.0291621988255,54.988058605648185,115.26816279347177
05/18/2023 18:40:32.499100,822,True,True,True,True,Eyes,1.94693,0.02851125,-1.965352,0.7318437,0.05898205,-0.6789152,0.0,0.0,0.0,0.0,0.0,0.0,0.0,-0.5833189,-0.04535543,-2.865287,2.088332,0.02948414,-2.046994,-0.009018703,0.8783721,-0.005601101,0.4778593,0.06992147,122.9044,358.7854,0.6975879,0.01108508,-0.7164129,0.1023256,0.004066505,-0.004153629,3.444837,0.1431364,-2.913326,0.5796005,0.1629501,1.915,-0.5431383,-0.02119663,-0.8393757,-0.01049048,0.9997746,-0.01845904,0.8395777,-0.00122036,-0.5432383,moving,-47.1486,-4.965213,16.83914,4.863663,-37.26364169683432,-3.297179859204789,64.73822420897082,54.71480917912393,115.56706343483108
05/18/2023 18:40:32.518768,823,True,True,True,True,Eyes,1.953548,0.0286982,-1.969255,0.7279664,0.06017441,-0.682967,0.0,0.0,0.0,0.0,0.0,0.0,0.0,-0.5635955,-0.06449997,-2.878742,2.096548,0.0303956,-2.052442,-0.008730102,0.8799686,-0.008799837,0.47487,0.4122945,123.2886,358.6407,0.6982042,0.01100723,-0.7158136,0.0,0.0,0.0,3.445076,0.12363,-2.933195,0.5795999,0.1655445,1.915,-0.5488443,-0.02372199,-0.8355879,-0.007006874,0.9996927,-0.02377849,0.8358951,-0.007195835,-0.548842,moving,-46.82674,-5.035177,16.83912,4.940718,-36.96240033864148,-3.3553003247207496,64.44268934945705,54.437372372234826,115.87005409009687
05/18/2023 18:40:32.538914,824,True,True,True,True,Eyes,1.960227,0.02892224,-1.973244,0.7240446,0.06147529,-0.6870082,0.0,0.0,0.0,0.0,0.0,0.0,0.0,-0.5447621,-0.06355056,-2.892967,2.105071,0.0327417,-2.05856,-0.01256217,0.8814747,-0.009443168,0.4719697,0.2744422,123.6637,358.2201,0.6988086,0.01094115,-0.7152246,0.0,0.0,0.0,3.445466,0.1193129,-2.952305,0.5795999,0.1682778,1.915,-0.5541735,-0.03106024,-0.8318214,-0.01323269,0.999506,-0.02850575,0.8322958,-0.004789902,-0.5543109,moving,-46.50352,-5.113357,16.83912,5.021882,-36.65973408983877,-3.42108012810829,64.14836795863728,54.16097301953252,116.17265848546714
05/18/2023 18:40:32.558761,825,True,True,True,True,Eyes,1.966951,0.02911291,-1.977322,0.7199801,0.06282919,-0.6911448,0.0,0.0,0.0,0.0,0.0,0.0,0.0,-0.5243306,-0.04220974,-2.907368,2.11317,0.03378623,-2.06467,-0.01641954,0.8831591,-0.006743175,0.4687376,359.8005,124.0892,357.9757,0.6994022,0.01088687,-0.7146449,0.0,0.0,0.0,3.445451,0.1298606,-2.970105,0.5796,0.1708939,1.915,-0.5600311,-0.03532369,-0.8277183,-0.02268057,0.9993699,-0.0273035,0.8281612,0.003482314,-0.5604794,moving,-46.17064,-5.194252,16.83913,5.099547,-36.3480148626201,-3.489180122419402,63.84507352415926,53.876141400630374,116.48424981444063
05/18/2023 18:40:32.588560,826,True,True,True,True,Eyes,1.973687,0.02925408,-1.981438,0.7158887,0.06385279,-0.6952885,0.0,0.0,0.0,0.0,0.0,0.0,0.0,-0.4968579,-0.03217708,-2.922345,2.121013,0.03314958,-2.070797,-0.01765872,0.8854086,-0.005571528,0.4644448,359.6255,124.6479,357.9113,0.6999843,0.01084203,-0.7140754,0.0,0.0,0.0,3.444511,0.1241808,-2.989655,0.5796005,0.1736915,1.915,-0.5679586,-0.0364457,-0.8222501,-0.02609503,0.9993142,-0.02626916,0.8226436,0.006536841,-0.5685202,moving,-45.83634,-5.24712,16.83914,5.182576,-36.03551044036397,-3.5310133253228173,63.537346119292835,53.5878278914257,116.79850114842829
05/18/2023 18:40:32.599744,827,True,True,True,True,Eyes,1.980428,0.02944275,-1.985643,0.7118279,0.06499961,-0.6993397,0.0,0.0,0.0,0.0,0.0,0.0,0.0,-0.4639292,-0.06444507,-2.935884,2.127956,0.03220397,-2.075948,-0.01346103,0.8880172,-0.01018194,0.4595006,0.327319,125.2763,358.0937,0.7005557,0.01080384,-0.7135156,0.0,0.0,0.0,3.444071,0.1202793,-3.008165,0.5796003,0.1768984,1.915001,-0.5773563,-0.03326446,-0.8158148,-0.01455003,0.9994302,-0.03045417,0.816363,-0.005712764,-0.5775112,moving,-45.50703,-5.310058,16.83913,5.277725,-35.72746226529222,-3.58238664797459,63.23879201566621,53.30805005625374,117.10501596201301
05/18/2023 18:40:32.624766,828,True,True,True,True,Eyes,1.987185,0.02963507,-1.989928,0.7076471,0.06634334,-0.7034446,0.0,0.0,0.0,0.0,0.0,0.0,0.0,-0.4354117,-0.07785754,-2.949304,2.135295,0.03354944,-2.08169,-0.01228729,0.8902426,-0.01199205,0.4551628,0.5824922,125.831,358.1206,0.7011155,0.01077331,-0.712966,0.0,0.0,0.0,3.443377,0.122123,-3.026488,0.5796002,0.1790414,1.915,-0.5853515,-0.03279402,-0.8101159,-0.01096068,0.9994104,-0.03253711,0.8107054,-0.01016623,-0.5853658,moving,-45.17064,-5.387749,16.83914,5.341295,-35.41253402901155,-3.647407228012362,62.93111472715493,53.01918715500979,117.42002639616867
05/18/2023 18:40:32.640820,829,True,True,True,True,Eyes,1.993953,0.02981063,-1.994264,0.7034042,0.06800453,-0.7075295,0.0,0.0,0.0,0.0,0.0,0.0,0.0,-0.4100732,-0.05995281,-2.962872,2.142468,0.03378301,-2.087835,-0.01239833,0.8923009,-0.008876015,0.4511837,0.2665581,126.3499,358.2731,0.7016634,0.01074975,-0.7124271,0.0,0.0,0.0,3.441935,0.129338,-3.045367,0.5796001,0.1815331,1.914999,-0.5925592,-0.03013552,-0.8049631,-0.01411666,0.999535,-0.027028,0.8054032,-0.004652296,-0.592709,moving,-44.83248,-5.490146,16.83914,5.415193,-35.09548238972632,-3.735512994744746,62.62838918676833,52.734622620871384,117.73249957974798
05/18/2023 18:40:32.648512,830,True,True,True,True,Eyes,2.00072,0.03001301,-1.998663,0.6990387,0.06939428,-0.7117087,0.0,0.0,0.0,0.0,0.0,0.0,0.0,-0.382286,-0.06033675,-2.975599,2.149342,0.03353681,-2.093603,-0.01120996,0.8944644,-0.008636507,0.4469153,0.3111341,126.8981,358.4085,0.7021993,0.01073185,-0.7118992,0.0,0.0,0.0,3.440363,0.1363529,-3.064415,0.5796001,0.1843042,1.915,-0.6002824,-0.0277734,-0.799306,-0.01233425,0.9995995,-0.0254699,0.7996932,-0.005430289,-0.6003846,moving,-44.48544,-5.568951,16.83914,5.497354,-34.77060945313802,-3.801332507802546,62.31506413805112,52.44074569822658,118.05423187757346
05/18/2023 18:40:32.668607,831,True,True,True,True,Eyes,2.007501,0.03024558,-2.003134,0.6945783,0.07114584,-0.7158905,0.0,0.0,0.0,0.0,0.0,0.0,0.0,-0.3526654,-0.07695637,-2.98788,2.156139,0.03443047,-2.099429,-0.009758271,0.89669,-0.01095497,0.4424161,0.6309534,127.4691,358.4417,0.7027246,0.0107199,-0.7113808,0.0,0.0,0.0,3.438309,0.1309316,-3.083935,0.5796002,0.1869419,1.915001,-0.6083457,-0.0271936,-0.7932063,-0.007806979,0.9995695,-0.02828086,0.7936339,-0.01101199,-0.6082962,moving,-44.13433,-5.675471,16.83913,5.575533,-34.44141229833177,-3.893001086067167,62.00280570570671,52.147360011318014,118.37678499821233
05/18/2023 18:40:32.688548,832,True,True,True,True,Eyes,2.014275,0.03048085,-2.007672,0.6899921,0.07294855,-0.7201315,0.0,0.0,0.0,0.0,0.0,0.0,0.0,-0.3260317,-0.06725058,-3.000635,2.163325,0.03533283,-2.105565,-0.01038309,0.8987007,-0.009353587,0.43834,0.4417261,127.9926,358.4607,0.7032369,0.01071439,-0.7108747,0.0,0.0,0.0,3.436562,0.1185024,-3.10327,0.5796,0.1896047,1.915001,-0.6155006,-0.02686268,-0.7876786,-0.01046248,0.9996094,-0.0259148,0.788067,-0.007709498,-0.6155412,moving,-43.77557,-5.78427,16.83912,5.654442,-34.10504338500601,-3.986627758590651,61.684558651375994,51.84841375672161,118.70553201635427
05/18/2023 18:40:32.708643,833,True,True,True,True,Eyes,2.021057,0.03071123,-2.012246,0.6853091,0.07486542,-0.724394,0.0,0.0,0.0,0.0,0.0,0.0,0.0,-0.298303,-0.05784994,-3.01276,2.16999,0.03560826,-2.111619,-0.01078662,0.9007759,-0.007849524,0.4340792,0.2736934,128.5381,358.4959,0.7037373,0.01071469,-0.7103792,0.0,0.0,0.0,3.434182,0.1090305,-3.122533,0.5796001,0.1923221,1.915001,-0.6229177,-0.02624728,-0.7818468,-0.01261802,0.9996441,-0.02350582,0.7821854,-0.00477683,-0.6230271,moving,-43.41184,-5.900516,16.83913,5.734944,-33.76390066103537,-4.08711131326358,61.364185934081284,51.54744884723681,119.0370955065593
05/18/2023 18:40:32.718709,834,True,True,True,True,Eyes,2.027819,0.0309427,-2.016891,0.6804944,0.07666528,-0.7287316,0.0,0.0,0.0,0.0,0.0,0.0,0.0,-0.2682971,-0.06572521,-3.024295,2.176539,0.03572805,-2.11756,-0.009492029,0.9029621,-0.008790483,0.4295255,0.4423741,129.1151,358.585,0.7042257,0.01072002,-0.7098948,0.0,0.0,0.0,3.431544,0.1067469,-3.141707,0.5796008,0.1949982,1.915002,-0.6308355,-0.02469335,-0.7755236,-0.00959041,0.9996653,-0.02402908,0.7758573,-0.007720809,-0.6308612,moving,-43.03955,-6.005638,16.83914,5.814196,-33.41499551045337,-4.176986437905564,61.03413792217971,51.23769962059698,119.37735334864112
05/18/2023 18:40:32.738831,835,True,True,True,True,Eyes,2.034548,0.03117167,-2.021596,0.6756271,0.07856446,-0.7330454,0.0,0.0,0.0,0.0,0.0,0.0,0.0,-0.2372931,-0.07059044,-3.03571,2.182862,0.03600582,-2.123827,-0.007815878,0.905223,-0.009014979,0.4247693,0.5547031,129.718,358.7503,0.704702,0.01072987,-0.7094218,0.0,0.0,0.0,3.429351,0.1121012,-3.159993,0.5796003,0.1977047,1.915001,-0.63902,-0.0218088,-0.7688811,-0.006491652,0.9997153,-0.02296102,0.7691629,-0.009681242,-0.6389796,moving,-42.66588,-6.117349,16.83913,5.894333,-33.06467806046808,-4.272997511853462,60.705244580425045,50.929015979825344,119.717038687819
05/18/2023 18:40:32.758604,836,True,True,True,True,Eyes,2.041248,0.03140364,-2.026366,0.6706461,0.08023476,-0.7374254,0.0,0.0,0.0,0.0,0.0,0.0,0.0,-0.2068342,-0.08504204,-3.046134,2.188895,0.03619545,-2.129874,-0.00497113,0.9073997,-0.01046685,0.4201091,0.8490625,130.3059,358.9791,0.7051644,0.01074364,-0.7089619,0.0,0.0,0.0,3.427567,0.1188429,-3.177233,0.5796006,0.2003217,1.915001,-0.6469675,-0.01781604,-0.7623096,-0.0002271684,0.9997315,-0.02317206,0.7625178,-0.01481839,-0.6467978,moving,-42.28472,-6.209577,16.83914,5.971798,-32.70775560658046,-4.350600325749477,60.365691565575766,50.61073770895676,120.06561132196782
05/18/2023 18:40:32.773852,837,True,True,True,True,Eyes,2.047921,0.03164157,-2.031194,0.6655875,0.08202764,-0.7417984,0.0,0.0,0.0,0.0,0.0,0.0,0.0,-0.1761911,-0.0995508,-3.056324,2.194915,0.03654403,-2.136137,-0.002604275,0.9095511,-0.01204923,0.4154093,1.131958,130.8975,359.1548,0.7056134,0.01076104,-0.7085149,0.0,0.0,0.0,3.427667,0.1255086,-3.191777,0.5796,0.2030041,1.915,-0.6548566,-0.01474817,-0.7556092,0.005273283,0.9996961,-0.02408247,0.7557346,-0.0197551,-0.6545798,moving,-41.90042,-6.310098,16.83913,6.051176,-32.34774823880465,-4.435893802634232,60.02612622105124,50.29242113802354,120.41493000933683
05/18/2023 18:40:32.789727,838,True,True,True,True,Eyes,2.054562,0.03188926,-2.036083,0.6604224,0.0836736,-0.7462178,0.0,0.0,0.0,0.0,0.0,0.0,0.0,-0.1459709,-0.1097297,-3.066259,2.200959,0.03692661,-2.14236,-0.0008331137,0.9116345,-0.013071,0.4107931,1.326371,131.4781,359.2975,0.7060485,0.01078185,-0.7080811,0.0,0.0,0.0,3.42772,0.1300563,-3.206724,0.5796003,0.2057064,1.915,-0.6624967,-0.01225794,-0.7489646,0.009219962,0.9996569,-0.02451642,0.7490081,-0.02314747,-0.6621564,moving,-41.50968,-6.397867,16.83914,6.131117,-31.981985036412237,-4.509103516051888,59.67880893135064,49.96715463633295,120.77092256376893
05/18/2023 18:40:32.798847,839,True,True,True,True,Eyes,2.061179,0.03212985,-2.041033,0.6551871,0.08560665,-0.7506007,0.0,0.0,0.0,0.0,0.0,0.0,0.0,-0.1165763,-0.1176546,-3.075863,2.206865,0.03743214,-2.148653,0.0004176816,0.9136353,-0.01386176,0.4062985,1.470864,132.0423,359.3981,0.7064699,0.01080608,-0.7076603,0.0,0.0,0.0,3.427382,0.1384953,-3.221719,0.5796008,0.208382,1.915001,-0.669843,-0.01050081,-0.7424288,0.01202724,0.9996154,-0.02498978,0.7424057,-0.02566859,-0.6694591,moving,-41.11718,-6.506518,16.83914,6.210238,-31.614181141631438,-4.601819243119879,59.33507319542073,49.644988785199345,121.12494378843421
05/18/2023 18:40:32.818863,840,True,True,True,True,Eyes,2.067763,0.03236748,-2.046057,0.6498289,0.08751929,-0.755025,0.0,0.0,0.0,0.0,0.0,0.0,0.0,-0.08797562,-0.1125497,-3.085807,2.212828,0.03745759,-2.155133,0.0007006915,0.9155819,-0.01283436,0.401926,1.37896,132.5923,359.4822,0.7068765,0.01083305,-0.7072536,0.0,0.0,0.0,3.425826,0.1496888,-3.238058,0.5796005,0.2110126,1.915001,-0.6769102,-0.009033845,-0.7360103,0.01160001,0.9996696,-0.02293856,0.7359743,-0.02406507,-0.6765817,moving,-40.71766,-6.611975,16.83913,6.288012,-31.23989754333811,-4.691384561606545,58.984690723138236,49.316731829776415,121.48518499508191
05/18/2023 18:40:32.838758,841,True,True,True,True,Eyes,2.074305,0.03263433,-2.051155,0.6443407,0.08964863,-0.7594657,0.0,0.0,0.0,0.0,0.0,0.0,0.0,-0.05797255,-0.1089388,-3.095503,2.218644,0.03761501,-2.161845,0.0006465231,0.9175937,-0.01218282,0.3973323,1.310557,133.1677,359.5132,0.7072687,0.01086241,-0.7068611,0.0,0.0,0.0,3.424083,0.1556405,-3.254214,0.5796003,0.2136837,1.915,-0.6842533,-0.008494768,-0.7291949,0.01086775,0.9997023,-0.02184399,0.7291635,-0.02287153,-0.6839572,moving,-40.31171,-6.732139,16.83914,6.366963,-30.85934041531624,-4.794568960313691,58.63280761594915,48.98698632934477,121.8481389971646
05/18/2023 18:40:32.848998,842,True,True,True,True,Eyes,2.080819,0.03290098,-2.056329,0.6386633,0.09203646,-0.7639624,0.0,0.0,0.0,0.0,0.0,0.0,0.0,-0.0231173,-0.1035793,-3.104941,2.224345,0.03851242,-2.168578,-0.0001103476,0.9198793,-0.01139592,0.392036,1.196378,133.8289,359.4763,0.7076442,0.01089477,-0.7064846,0.0,0.0,0.0,3.422283,0.1617582,-3.270624,0.5795996,0.2164022,1.914999,-0.6926155,-0.00913823,-0.721249,0.008732204,0.9997402,-0.02105225,0.7212541,-0.02087921,-0.6923559,moving,-39.89521,-6.86946,16.83913,6.44729,-30.468623854957343,-4.913571408200247,58.276248727917455,48.652777379483325,122.21716888860105
05/18/2023 18:40:32.874032,843,True,True,True,True,Eyes,2.087311,0.03315726,-2.061576,0.6328259,0.09482641,-0.7684656,0.0,0.0,0.0,0.0,0.0,0.0,0.0,0.01181376,-0.07579711,-3.114858,2.230216,0.03869877,-2.175516,-0.001903747,0.9221624,-0.007273388,0.3867298,0.6842435,134.4932,359.4764,0.7080032,0.01092979,-0.7061243,0.0,0.0,0.0,3.421181,0.1737273,-3.285923,0.5796005,0.2191216,1.915,-0.7008727,-0.009136799,-0.7132276,0.002114543,0.9998869,-0.01488696,0.7132829,-0.01194202,-0.7007742,moving,-39.47121,-7.034571,16.83914,6.527612,-30.070385675771483,-5.058414600776366,57.92053456977058,48.319143323529254,122.58763977761744
05/18/2023 18:40:32.888914,844,True,True,True,True,Eyes,2.093772,0.03339311,-2.066895,0.6267862,0.09767421,-0.7730452,0.0,0.0,0.0,0.0,0.0,0.0,0.0,0.04933858,-0.04588575,-3.124169,2.236078,0.03857578,-2.182529,-0.003817029,0.9245461,-0.002917426,0.3810401,0.1424207,135.2026,359.4682,0.7083458,0.01096681,-0.7057801,0.0,0.0,0.0,3.419926,0.1831931,-3.301017,0.5796,0.2216723,1.915,-0.7095879,-0.009281351,-0.704556,-0.004834726,0.9999539,-0.008303472,0.7046006,-0.002485707,-0.7096001,moving,-39.03519,-7.201159,16.83913,6.602929,-29.66091930839421,-5.204365143966826,57.55425684494713,47.975689475871484,122.96839289983716
05/18/2023 18:40:32.908795,845,True,True,True,True,Eyes,2.100219,0.03361367,-2.072277,0.620585,0.1005848,-0.7776612,0.0,0.0,0.0,0.0,0.0,0.0,0.0,0.08744764,-0.03063231,-3.132547,2.241879,0.03828021,-2.189508,-0.0052671,0.9268937,-0.0009733065,0.375286,359.8769,135.916,359.3987,0.7086722,0.01100495,-0.7054518,0.0,0.0,0.0,3.419929,0.1810886,-3.316063,0.5795999,0.2243059,1.915001,-0.7182659,-0.01049462,-0.6956901,-0.009033547,0.9999426,-0.005757641,0.6957105,0.002149034,-0.7183194,moving,-38.59038,-7.369873,16.83912,6.68067,-29.243221904488173,-5.352104469798151,57.18257801852632,47.62740699264629,123.35476054586609
05/18/2023 18:40:32.924926,846,True,True,True,True,Eyes,2.106632,0.03380544,-2.077744,0.614196,0.1035355,-0.7823322,0.0,0.0,0.0,0.0,0.0,0.0,0.0,0.1252378,-0.01881493,-3.140492,2.247748,0.03806812,-2.196566,-0.00640112,0.9291716,0.0005058481,0.3695933,359.675,136.6199,359.3398,0.7089829,0.01104365,-0.7051376,0.0,0.0,0.0,3.42013,0.1834091,-3.330745,0.5796003,0.2270823,1.915001,-0.7267198,-0.01152156,-0.6868376,-0.01226939,0.9999176,-0.003791583,0.6868246,0.005671661,-0.7268013,moving,-38.13487,-7.538837,16.83913,6.762599,-28.815549794425905,-5.499832848821844,56.80380046847303,47.272793676474855,123.74833056340842
05/18/2023 18:40:32.940956,847,True,True,True,True,Eyes,2.113047,0.03396488,-2.083253,0.6073269,0.1064958,-0.7872818,0.0,0.0,0.0,0.0,0.0,0.0,0.0,0.1635737,-0.005886433,-3.148015,2.253412,0.03753719,-2.203975,-0.006848358,0.9314601,0.002415743,0.3637712,359.4567,137.3379,359.3697,0.7092771,0.01108172,-0.7048401,0.0,0.0,0.0,3.419587,0.1859916,-3.345924,0.5796001,0.2296226,1.915,-0.7352476,-0.01100039,-0.6777098,-0.0145155,0.9998946,-0.0004821341,0.6776436,0.009482807,-0.7353296,moving,-37.6474,-7.703654,16.83914,6.837541,-28.358178000018263,-5.642947823761953,56.39352261740372,46.88880629398473,124.17218299636573
05/18/2023 18:40:32.948646,848,True,True,True,True,Eyes,2.119421,0.03408139,-2.088854,0.6002752,0.109392,-0.7922772,0.0,0.0,0.0,0.0,0.0,0.0,0.0,0.202238,0.003224318,-3.154798,2.258955,0.03690746,-2.211202,-0.007012566,0.9337164,0.003766757,0.3579253,359.3093,138.0565,359.4041,0.7095556,0.01111811,-0.7045583,0.0,0.0,0.0,3.41849,0.189914,-3.362191,0.5796002,0.2323642,1.915,-0.7436808,-0.01039906,-0.6684543,-0.01579193,0.9998733,0.002014216,0.6683486,0.01205411,-0.7437507,moving,-37.14968,-7.861292,16.83914,6.918392,-27.89139337733532,-5.779108341726938,55.97527797280024,46.497818563337624,124.60345433729225
05/18/2023 18:40:32.974803,849,True,True,True,True,Eyes,2.125756,0.0341559,-2.094536,0.5928761,0.1122109,-0.7974375,0.0,0.0,0.0,0.0,0.0,0.0,0.0,0.2422847,0.008727217,-3.161273,2.264402,0.03598268,-2.218922,-0.007242204,0.9360234,0.004404222,0.3518361,359.2356,138.8031,359.4007,0.7098178,0.01115151,-0.704293,0.0,0.0,0.0,3.41748,0.1916754,-3.377694,0.5796003,0.2350413,1.915,-0.752318,-0.01045862,-0.6587173,-0.01665687,0.9998563,0.003148771,0.6585897,0.01334105,-0.7523841,moving,-36.62994,-8.009749,16.83914,6.997312,-27.404267451419067,-5.906171007071243,55.53516359842763,46.086646402467395,125.0552203791607
05/18/2023 18:40:32.990846,850,True,True,True,True,Eyes,2.132054,0.03418533,-2.1003,0.5852882,0.1148807,-0.8026457,0.0,0.0,0.0,0.0,0.0,0.0,0.0,0.2843096,0.01032758,-3.166919,2.269787,0.03503697,-2.226466,-0.007340888,0.9383858,0.004416543,0.3454833,359.2344,139.58,359.3854,0.7100631,0.01118082,-0.7040448,0.0,0.0,0.0,3.417541,0.187614,-3.392805,0.5796001,0.2376639,1.914999,-0.7611747,-0.01072549,-0.6484582,-0.01682886,0.9998532,0.003216533,0.6483285,0.01336115,-0.7612435,moving,-36.09948,-8.145288,16.83914,7.074605,-26.90740091368612,-6.020896544627765,55.08305211619858,45.664559590760994,125.51737061032546
05/18/2023 18:40:33.008721,851,True,True,True,True,Eyes,2.289314,0.03389697,-2.245875,0.373418,0.1747088,-0.9110631,2.008086,3.03917,0.3847272,-4.075368,-0.3627571,-0.9183958,0.1579759,0.582435,0.3336943,1.90953,2.275274,0.03398973,-2.234082,-0.007508045,0.9407339,0.003911337,0.3390401,359.2867,140.3658,359.3425,0.7102913,0.01120491,-0.7038139,0.0,0.0,0.0,3.416746,0.1918805,-3.408653,0.5796002,0.2403781,1.915001,-0.7699907,-0.01147394,-0.6379517,-0.01677834,0.9998567,0.002267998,0.6378342,0.01245011,-0.770073,moving,-22.28728,-10.85546,16.83913,7.154563,-13.985631804717396,-8.241511688908655,43.07246089961229,34.45584211921134,137.52152820220184
05/18/2023 18:40:33.019002,852,True,True,True,True,Eyes,2.289537,0.0338585,-2.246195,0.3729697,0.1747382,-0.9112409,0.0,0.0,0.0,0.0,0.0,0.0,0.0,0.3660779,0.00888467,-3.177143,2.280805,0.03301096,-2.241688,-0.007630673,0.9428262,0.00356217,0.3331787,359.3238,141.079,359.3115,0.7106851,0.01111692,-0.7034181,0.4717813,-0.0008650795,-0.4367251,3.41521,0.2002868,-3.424384,0.5796006,0.2429913,1.915,-0.7778676,-0.01201512,-0.6283135,-0.01676247,0.9998582,0.001632259,0.6282048,0.01180177,-0.7779587,moving,-22.25922,-10.85518,16.83914,7.231524,-13.95949179383271,-8.24060721931686,43.079120421304054,34.46654268765352,137.51754180724507
05/18/2023 18:40:33.039069,853,True,True,True,True,Eyes,2.289965,0.03380256,-2.246828,0.3721047,0.1747814,-0.9115863,0.0,0.0,0.0,0.0,0.0,0.0,0.0,0.403633,0.01444708,-3.182189,2.286433,0.03203479,-2.24959,-0.008361741,0.9447991,0.003943903,0.3275197,359.2592,141.7666,359.2426,0.7110237,0.01104453,-0.7030773,0.4434744,-0.0008131747,-0.4105216,3.412785,0.2105553,-3.440936,0.5796002,0.2457046,1.915001,-0.7853218,-0.01321692,-0.6189464,-0.01838374,0.9998291,0.001975123,0.6188145,0.01292966,-0.7854306,moving,-22.20502,-10.85378,16.83913,7.311402,-13.909016886777918,-8.238055964515585,43.062971173801095,34.456264741859464,137.53588486206795
05/18/2023 18:40:33.058867,854,True,True,True,True,Eyes,2.29062,0.03370841,-2.247765,0.3708222,0.1750143,-0.9120641,0.0,0.0,0.0,0.0,0.0,0.0,0.0,0.441028,0.01999951,-3.186798,2.292077,0.03152898,-2.257425,-0.009455385,0.9467153,0.004213687,0.3219058,359.1941,142.4476,359.1295,0.7113142,0.01098376,-0.7027836,0.4168659,-0.0007643842,-0.3858903,3.410491,0.2117481,-3.457901,0.5796002,0.2484269,1.915001,-0.792575,-0.01519029,-0.6095858,-0.02061593,0.9997857,0.001890838,0.6094264,0.01406581,-0.7927182,moving,-22.12542,-10.86235,16.83913,7.391517,-13.834683743989372,-8.244255505516989,43.02836061432261,34.429060856277104,137.5728784892633
05/18/2023 18:40:33.069101,855,True,True,True,True,Eyes,2.291495,0.03356584,-2.248979,0.3692502,0.1754144,-0.9126248,0.0,0.0,0.0,0.0,0.0,0.0,0.0,0.4775578,0.03960893,-3.191561,2.298263,0.0305384,-2.265557,-0.01100388,0.9485238,0.00659535,0.3164459,358.884,143.1099,359.0429,0.7115619,0.01093112,-0.7025332,0.391854,-0.0007185212,-0.3627369,3.407559,0.2277119,-3.474334,0.5795999,0.2511327,1.915,-0.7994819,-0.01670074,-0.600458,-0.02504903,0.9996709,0.005547429,0.6001678,0.01947596,-0.799637,moving,-22.02837,-10.88005,16.83913,7.471123,-13.743916035798774,-8.258601571903636,42.98195094136525,34.391088088860116,137.6219012571843
05/18/2023 18:40:33.089058,856,True,True,True,True,Eyes,2.292588,0.03340316,-2.250462,0.3673822,0.1758118,-0.9133019,0.0,0.0,0.0,0.0,0.0,0.0,0.0,0.5098875,0.05745531,-3.196248,2.304416,0.02918281,-2.273346,-0.01176593,0.9500807,0.008995235,0.3116528,358.6003,143.6899,359.0399,0.7117719,0.01088314,-0.7023212,0.3683427,-0.0006754099,-0.3409727,3.403813,0.2306792,-3.492276,0.5796001,0.2543118,1.915001,-0.8054682,-0.01675038,-0.5924022,-0.02796394,0.9995613,0.009758628,0.5919788,0.02442617,-0.8055833,moving,-21.91281,-10.89622,16.83913,7.56461,-13.635930683429727,-8.271091752396561,42.92452793045604,34.343831668140645,137.68205886471284
05/18/2023 18:40:33.108745,857,True,True,True,True,Eyes,2.293889,0.03323534,-2.252222,0.3652783,0.1764037,-0.9140315,0.0,0.0,0.0,0.0,0.0,0.0,0.0,0.5410136,0.06134218,-3.201246,2.310766,0.02845632,-2.281223,-0.01226005,0.9515567,0.009208513,0.3070911,358.5643,144.2403,358.9868,0.7119542,0.01083453,-0.7021372,0.3462422,-0.0006348853,-0.3205143,3.39618,0.2489484,-3.51286,0.5796003,0.2564804,1.915001,-0.8110896,-0.01767656,-0.5846549,-0.02898797,0.9995298,0.009994936,0.5842034,0.02505475,-0.8112206,moving,-21.78334,-10.92351,16.83913,7.628357,-13.5147710276906,-8.293672211537391,42.84701807695127,34.2763813990317,137.7614443173608
05/18/2023 18:40:33.118847,858,True,True,True,True,Eyes,2.295396,0.03303126,-2.254245,0.3629315,0.1772215,-0.9148078,0.0,0.0,0.0,0.0,0.0,0.0,0.0,0.5712581,0.07546556,-3.206261,2.317308,0.02811986,-2.289419,-0.01276488,0.9529486,0.01125236,0.3026543,358.3283,144.7752,358.9958,0.7121107,0.01078487,-0.7019794,0.3254676,-0.0005967922,-0.3012834,3.391821,0.2499952,-3.529524,0.5796002,0.2590638,1.915,-0.8164749,-0.0175174,-0.5771151,-0.03113969,0.9994209,0.01371915,0.5765405,0.02917253,-0.8165476,moving,-21.6397,-10.96383,16.83913,7.704279,-13.38015815104806,-8.328124826043744,42.7681967331425,34.20881975159938,137.84324552894583
05/18/2023 18:40:33.139120,859,True,True,True,True,Eyes,2.297091,0.03281887,-2.256508,0.3603784,0.1779379,-0.9156777,0.0,0.0,0.0,0.0,0.0,0.0,0.0,0.6004443,0.09179659,-3.2111,2.323808,0.02701402,-2.297675,-0.01152116,0.9542631,0.01446525,0.2983959,358.0239,145.2845,359.2343,0.7122431,0.01073304,-0.701846,0.3059396,-0.0005609847,-0.2832064,3.385497,0.2268776,-3.552537,0.5796001,0.2616636,1.915001,-0.8216543,-0.01335569,-0.5698297,-0.03062117,0.999316,0.02073157,0.569163,0.03448303,-0.8215013,moving,-21.48285,-10.99687,16.83913,7.78065,-13.23337635397648,-8.355460680449387,42.675161493201166,34.12813657822045,137.9384787575189
05/18/2023 18:40:33.158768,860,True,True,True,True,Eyes,2.29897,0.03267582,-2.25901,0.3575908,0.1784642,-0.9166676,0.0,0.0,0.0,0.0,0.0,0.0,0.0,0.6307821,0.08014712,-3.215822,2.330128,0.02664735,-2.305561,-0.009154097,0.9556535,0.01357523,0.294038,358.2047,145.8041,359.4547,0.7123531,0.0106789,-0.7017355,0.2875832,-0.0005273256,-0.266214,3.381884,0.257881,-3.566429,0.5796001,0.264506,1.915,-0.8269156,-0.009513022,-0.5622453,-0.02547956,0.9994639,0.02056313,0.5617483,0.03132974,-0.8267147,moving,-21.31069,-11.01699,16.83913,7.864118,-13.07257717248152,-8.370352455812807,42.56647748334438,34.03334037312443,138.04839652328363
05/18/2023 18:40:33.169150,861,True,True,True,True,Eyes,2.301039,0.03255814,-2.26177,0.3544053,0.1792811,-0.9177446,0.0,0.0,0.0,0.0,0.0,0.0,0.0,0.6638335,0.06191802,-3.220054,2.336485,0.02821735,-2.31372,-0.007468652,0.9571504,0.01154091,0.2892651,358.4865,146.3746,359.5632,0.712442,0.01062476,-0.7016464,0.2703282,-0.000495686,-0.2502412,3.378517,0.2819757,-3.578728,0.5795995,0.2671744,1.914999,-0.8325399,-0.007620482,-0.5539127,-0.02097401,0.9996221,0.01777192,0.5535679,0.02641361,-0.8323852,moving,-21.11506,-11.05351,16.83912,7.94245,-12.889594656594584,-8.400057922603082,42.442505531530536,33.92453448956324,138.1739413273916
05/18/2023 18:40:33.188714,862,True,True,True,True,Eyes,2.303257,0.03237017,-2.264775,0.3508548,0.1803207,-0.9189045,0.0,0.0,0.0,0.0,0.0,0.0,0.0,0.7031664,0.08443752,-3.222328,2.342807,0.02867457,-2.322801,-0.007282979,0.9588348,0.01555816,0.2834449,358.0536,147.0682,359.705,0.7125107,0.01057131,-0.7015777,0.2541085,-0.0004659448,-0.2352267,3.377287,0.272655,-3.594198,0.5795997,0.2698717,1.915,-0.8392122,-0.005146581,-0.5437803,-0.02278611,0.9994098,0.02570677,0.543327,0.03396406,-0.8388341,moving,-20.89778,-11.10233,16.83912,8.02159,-12.686203312573666,-8.440780998270633,42.30600356659088,33.80465020669062,138.31233301709904
05/18/2023 18:40:33.199157,863,True,True,True,True,Eyes,2.305582,0.03222842,-2.267988,0.3469085,0.1807002,-0.9203271,0.0,0.0,0.0,0.0,0.0,0.0,0.0,0.7477515,0.09867464,-3.222472,2.348701,0.02677649,-2.331541,-0.005266437,0.9607133,0.01876396,0.2768582,357.7666,147.8479,0.01552993,0.7125599,0.01051624,-0.7015288,0.238862,-0.0004379881,-0.2211131,3.374112,0.2779829,-3.609958,0.5796003,0.272551,1.915,-0.8466437,0.0002708411,-0.5321602,-0.02050898,0.9992403,0.03313746,0.531765,0.03896968,-0.8459949,moving,-20.65345,-11.10834,16.83914,8.100182,-12.458429308642383,-8.440813111806666,42.126732870382725,33.64449563722893,138.4899519412995
05/18/2023 18:40:33.218938,864,True,True,True,True,Eyes,2.308061,0.03231926,-2.271416,0.3425913,0.1807517,-0.9219328,0.0,0.0,0.0,0.0,0.0,0.0,0.0,0.7976582,0.04386835,-3.221437,2.354345,0.02788412,-2.339256,-0.002146108,0.9629169,0.01120851,0.2695574,358.6968,148.7208,0.109442,0.7125899,0.01046108,-0.7014996,0.2245303,-0.0004117088,-0.2078463,3.368262,0.2950597,-3.625248,0.5796001,0.2752518,1.915,-0.8546687,0.001909629,-0.5191708,-0.01017572,0.9997395,0.02042874,0.5190745,0.02274273,-0.8544266,moving,-20.38512,-11.09256,16.83913,8.179367,-12.208711103571876,-8.419899565497978,41.91720360849265,33.45613132582455,138.69586830435307
05/18/2023 18:40:33.238732,865,True,True,True,True,Eyes,2.31065,0.03243206,-2.275135,0.3378631,0.1817594,-0.9234782,0.0,0.0,0.0,0.0,0.0,0.0,0.0,0.8450115,0.01738676,-3.220424,2.360607,0.03360977,-2.347738,-0.00290005,0.9648646,0.007167226,0.2626346,359.1202,149.547,359.8951,0.7126015,0.01041296,-0.7014887,0.2110585,-0.0003870063,-0.1953755,3.359933,0.3023151,-3.643392,0.5796003,0.277962,1.915001,-0.8620297,-0.001831588,-0.5068552,-0.009361033,0.9998804,0.0123075,0.506772,0.01535411,-0.8619437,moving,-20.09551,-11.13466,16.83913,8.258793,-11.93805402020883,-8.452676623088191,41.71658724287989,33.277613152033034,138.8961447984019
05/18/2023 18:40:33.258803,866,True,True,True,True,Eyes,2.313329,0.03246114,-2.279038,0.3328672,0.1826361,-0.9251181,0.0,0.0,0.0,0.0,0.0,0.0,0.0,0.8862489,0.09178185,-3.220037,2.366832,0.03401031,-2.357849,-0.005809833,0.966365,0.01840505,0.2564498,357.7906,150.2773,359.8974,0.712594,0.01037176,-0.7014973,0.1983949,-0.0003637859,-0.183653,3.352572,0.2825129,-3.663277,0.5796,0.2806889,1.915002,-0.8683996,-0.001788895,-0.4958621,-0.02066878,0.999255,0.03259213,0.4954343,0.03855185,-0.8677896,moving,-19.78926,-11.16768,16.83912,8.338676,-11.652066602149842,-8.476573532407965,41.498628240257965,33.08323337939732,139.1127495582905
05/18/2023 18:40:33.274031,867,True,True,True,True,Eyes,2.316069,0.03253523,-2.283121,0.3275965,0.182591,-0.9270065,0.0,0.0,0.0,0.0,0.0,0.0,0.0,0.9294977,0.07729831,-3.217879,2.371764,0.03207196,-2.366092,-0.003125298,0.9680849,0.01711368,0.2500184,358.0116,151.0358,0.1436906,0.7125677,0.01033414,-0.7015247,0.1864912,-0.0003419588,-0.1726338,3.345393,0.2807593,-3.68151,0.5796002,0.2858541,1.915,-0.8749623,0.002506361,-0.484185,-0.01460858,0.9993947,0.03157222,0.4839711,0.03469774,-0.874396,moving,-19.46299,-11.14282,16.83914,8.489916,-11.348536081125276,-8.445834354119036,41.27092154753267,32.88411049293389,139.3381568435093
05/18/2023 18:40:33.290881,868,True,True,True,True,Eyes,2.318911,0.03272091,-2.287396,0.3220087,0.182308,-0.9290178,0.0,0.0,0.0,0.0,0.0,0.0,0.0,0.9824687,-0.0008461531,-3.212675,2.376921,0.03340697,-2.373954,-0.001276537,0.9702183,0.004887154,0.2421795,359.4212,151.9693,359.9937,0.7125228,0.01030108,-0.701571,0.1753018,-0.0003214412,-0.1622758,3.337293,0.2958392,-3.697228,0.5795999,0.2885661,1.914999,-0.8826949,-0.0001099033,-0.4699464,-0.004844177,0.999949,0.008864911,0.4699215,0.01010151,-0.8826504,moving,-19.11693,-11.10249,16.83914,8.569275,-11.02686280049154,-8.400161643835734,40.9855743897792,32.62630674909677,139.61666310274703
05/18/2023 18:40:33.308887,869,True,True,True,True,Eyes,2.321828,0.03293758,-2.29185,0.3161415,0.1821678,-0.9310582,0.0,0.0,0.0,0.0,0.0,0.0,0.0,1.026488,-0.01265236,-3.209443,2.382314,0.03630605,-2.382775,-0.003695848,0.971829,0.001857748,0.235651,359.6933,152.7407,359.6386,0.7124597,0.01027548,-0.7016357,0.1647837,-0.0003021548,-0.1525392,3.329238,0.298155,-3.714035,0.5796003,0.2912314,1.915,-0.8889101,-0.006307904,-0.4580387,-0.008059025,0.9999658,0.001868967,0.4580113,0.005352688,-0.8889304,moving,-18.75495,-11.07045,16.83914,8.647227,-10.690196680001046,-8.361884215023462,40.69061352700926,32.36007172992495,139.9049541410845
05/18/2023 18:40:33.319371,870,True,True,True,True,Eyes,2.324817,0.03316966,-2.296458,0.3098924,0.1816522,-0.9332573,0.0,0.0,0.0,0.0,0.0,0.0,0.0,1.074529,-0.004819469,-3.20374,2.387071,0.0372508,-2.391462,-0.0059618,0.973542,0.001954514,0.2284217,359.6259,153.5931,359.386,0.7123787,0.01025749,-0.7017182,0.1548966,-0.0002840255,-0.1433869,3.321057,0.2913789,-3.732371,0.5796006,0.2939243,1.915001,-0.8955759,-0.01071522,-0.4447796,-0.01250103,0.9999213,0.001081994,0.444733,0.006529212,-0.8956394,moving,-18.36898,-11.01451,16.83914,8.725957,-10.331636172672647,-8.300686319165568,40.364560586143995,32.06489763812698,140.2225649007937
05/18/2023 18:40:33.338643,871,True,True,True,True,Eyes,2.327827,0.03340795,-2.301242,0.3034466,0.1811021,-0.9354796,0.0,0.0,0.0,0.0,0.0,0.0,0.0,1.127403,-0.02719792,-3.195206,2.391884,0.03802583,-2.399701,-0.007623646,0.9753476,-0.002907789,0.220523,0.1323438,154.5186,359.0744,0.7122805,0.01024673,-0.7018182,0.1456028,-0.000266984,-0.1347837,3.312627,0.3014573,-3.748552,0.5796005,0.2965737,1.915001,-0.9026229,-0.01615388,-0.4301288,-0.01358894,0.9998668,-0.009034588,0.4302175,-0.002309833,-0.9027222,moving,-17.97179,-10.95652,16.83914,8.803386,-9.962660583541988,-8.237312689117633,40.02817423507767,31.760382968932337,140.55028093378354
05/18/2023 18:40:33.348859,872,True,True,True,True,Eyes,2.330891,0.03366208,-2.306176,0.2966089,0.1804526,-0.9377953,0.0,0.0,0.0,0.0,0.0,0.0,0.0,1.181163,-0.03152465,-3.185637,2.396586,0.03841072,-2.408179,-0.01056299,0.977102,-0.005553158,0.2124365,0.364637,155.4637,358.6819,0.7121643,0.01024263,-0.7019361,0.1368667,-0.0002509649,-0.1266966,3.303055,0.3104354,-3.764909,0.5795997,0.2992942,1.915,-0.9095182,-0.02300163,-0.415027,-0.01828285,0.9997151,-0.01533994,0.4152616,-0.006364074,-0.9096797,moving,-17.55129,-10.89185,16.83913,8.882863,-9.572093710635942,-8.16715270063063,39.67039528425157,31.436535643817518,140.8987971315045
05/18/2023 18:40:33.368997,873,True,True,True,True,Eyes,2.333993,0.03390204,-2.311243,0.2896689,0.1801662,-0.940017,0.0,0.0,0.0,0.0,0.0,0.0,0.0,1.234252,-0.03101401,-3.175277,2.401044,0.03896149,-2.41665,-0.01286751,0.9787802,-0.006974047,0.2043898,0.4808402,156.4031,358.3932,0.7120306,0.01024492,-0.7020715,0.1286547,-0.000235907,-0.1190948,3.293779,0.3083997,-3.782406,0.5795991,0.3018703,1.914999,-0.9161185,-0.02803976,-0.3999257,-0.02233807,0.9995716,-0.01891209,0.4002847,-0.008392144,-0.9163523,moving,-17.12683,-10.84988,16.83912,8.958088,-9.177401365362725,-8.118150074640127,39.31973239598058,31.12004644495513,141.24135461332367
05/18/2023 18:40:33.390441,874,True,True,True,True,Eyes,2.337133,0.03413375,-2.316433,0.2823494,0.1798135,-0.9423088,0.0,0.0,0.0,0.0,0.0,0.0,0.0,1.291522,-0.02422922,-3.162055,2.405442,0.03883211,-2.424778,-0.0145134,0.9805378,-0.007040991,0.1956665,0.465725,157.4224,358.211,0.7118799,0.01025249,-0.7022241,0.1209354,-0.0002217526,-0.1119492,3.283455,0.3093073,-3.80011,0.5796006,0.3045682,1.915,-0.923008,-0.03121724,-0.3835124,-0.0257065,0.9994795,-0.01948749,0.3839211,-0.008128345,-0.9233301,moving,-16.6801,-10.80343,16.83914,9.036829,-8.762044550124084,-8.064444178380203,38.95093487151086,30.787565585656466,141.60167624917744
05/18/2023 18:40:33.398618,875,True,True,True,True,Eyes,2.340307,0.03437318,-2.32173,0.2750944,0.1795605,-0.9445004,0.0,0.0,0.0,0.0,0.0,0.0,0.0,1.345917,-0.02521806,-3.148744,2.409609,0.03888179,-2.432896,-0.01544774,0.9821405,-0.00798953,0.1873438,0.5675586,158.3916,358.0895,0.7117126,0.01026449,-0.7023933,0.1136793,-0.0002084475,-0.1052322,3.274065,0.3047186,-3.817448,0.5796002,0.3073091,1.915001,-0.9293275,-0.03333728,-0.367749,-0.02735012,0.999395,-0.02148176,0.3682427,-0.009905602,-0.9296772,moving,-16.23869,-10.76414,16.83913,9.11679,-8.351507316015997,-8.017562091584455,38.592661914116526,30.465623741939737,141.9522144076195
05/18/2023 18:40:33.418900,876,True,True,True,True,Eyes,2.343499,0.03462497,-2.327142,0.2674893,0.179236,-0.9467438,0.0,0.0,0.0,0.0,0.0,0.0,0.0,1.399734,-0.0352734,-3.134201,2.413445,0.03932019,-2.44079,-0.01599437,0.9836525,-0.01022581,0.1790734,0.8244544,159.3502,357.9867,0.7115293,0.01028068,-0.7025784,0.1068585,-0.0001959406,-0.09891827,3.264227,0.30006,-3.835074,0.5796003,0.3099893,1.915,-0.9353538,-0.03512816,-0.351965,-0.02780348,0.9992793,-0.02584562,0.3526191,-0.01438894,-0.9356562,moving,-15.7769,-10.72027,16.83914,9.194955,-7.922068571034364,-7.965926398809747,38.21547137066642,30.12662112289196,142.32112459726778
05/18/2023 18:40:33.438854,877,True,True,True,True,Eyes,2.346703,0.03488794,-2.332648,0.2599459,0.1790913,-0.9488701,0.0,0.0,0.0,0.0,0.0,0.0,0.0,1.452144,-0.03742628,-3.11957,2.417215,0.03988593,-2.448942,-0.0167718,0.9850724,-0.01121901,0.1709544,0.9378958,160.292,357.8862,0.7113304,0.01030095,-0.7027793,0.100447,-0.0001841842,-0.09298318,3.254209,0.2980123,-3.852154,0.5796002,0.3126251,1.914999,-0.9409867,-0.03687875,-0.3364286,-0.02920699,0.9991857,-0.02783749,0.3371812,-0.01636864,-0.9412976,moving,-15.32047,-10.68837,16.83914,9.271789,-7.497394360904348,-7.925617764773071,37.85034296617906,29.79962590591601,142.67880312334154
05/18/2023 18:40:33.449323,878,True,True,True,True,Eyes,2.34991,0.03516866,-2.338251,0.2520567,0.178826,-0.9510461,0.0,0.0,0.0,0.0,0.0,0.0,0.0,1.504079,-0.04018248,-3.103652,2.420629,0.04040463,-2.456714,-0.01743434,0.9864205,-0.01226638,0.1628506,1.061249,161.2305,357.7995,0.7111161,0.01032519,-0.7029954,0.09442019,-0.0001731331,-0.08740419,3.244124,0.2974478,-3.868861,0.5796006,0.3153786,1.915001,-0.9463517,-0.03839036,-0.3208506,-0.03040001,0.9990911,-0.029878,0.321706,-0.01852123,-0.9466586,moving,-14.84389,-10.64903,16.83914,9.352007,-7.054087837501104,-7.877883726970508,37.46806468255692,29.45768950474701,143.05324141708195
05/18/2023 18:40:33.469081,879,True,True,True,True,Eyes,2.353111,0.03546514,-2.343937,0.2442465,0.178744,-0.9530972,0.0,0.0,0.0,0.0,0.0,0.0,0.0,1.556731,-0.04571934,-3.086479,2.424047,0.04113845,-2.46458,-0.01814529,0.9877126,-0.01382745,0.1546075,1.243662,162.1823,357.7001,0.7108868,0.01035349,-0.7032265,0.08875497,-0.0001627451,-0.08215994,3.233571,0.3039533,-3.884672,0.5796001,0.3179214,1.915001,-0.9515346,-0.04012031,-0.3049138,-0.031569,0.9989591,-0.03292588,0.3059174,-0.02170429,-0.9518107,moving,-14.37364,-10.62188,16.83912,9.426063,-6.616445440639664,-7.841704882119866,37.096582124891896,29.126265771136886,143.41748675262124
05/18/2023 18:40:33.488836,880,True,True,True,True,Eyes,2.432972,0.04293247,-2.488137,0.03677773,0.1720945,-0.9843937,0.0,0.0,0.0,0.0,0.0,0.0,0.0,1.606905,-0.04725387,-3.069365,2.427271,0.04178596,-2.472242,-0.01877991,0.988895,-0.01464713,0.1466955,1.34423,163.0964,357.6243,0.7106427,0.01038588,-0.7034722,0.08342968,-0.0001529804,-0.07723034,3.221883,0.3093099,-3.901266,0.5795997,0.3205129,1.915,-0.9562557,-0.04144005,-0.2895827,-0.03284538,0.9988655,-0.03447881,0.290683,-0.02345909,-0.956532,moving,-2.139621,-9.916394,16.83912,9.501508,4.769270780372136,-6.901270301962215,27.15230244429899,20.364979651545784,153.19955315455323
05/18/2023 18:40:33.508832,881,True,True,True,True,Eyes,2.433068,0.04293342,-2.488443,0.03655336,0.1721913,-0.9843851,0.0,0.0,0.0,0.0,0.0,0.0,0.0,1.654683,-0.04622529,-3.052648,2.430422,0.04214567,-2.479927,-0.01938229,0.9899721,-0.01504135,0.1391167,1.397481,163.9719,357.56,0.7093201,0.01061078,-0.7048028,0.3180059,0.02225819,-0.5051975,3.206929,0.316401,-3.91928,0.5795996,0.3232527,1.914999,-0.960542,-0.04256086,-0.2748603,-0.03419084,0.9987962,-0.03517384,0.2760265,-0.02438824,-0.9608408,moving,-2.126598,-9.921949,16.83912,9.581232,4.781511798860529,-6.90617184596893,27.20427408284009,20.42597368822982,153.1508324671833
05/18/2023 18:40:33.518724,882,True,True,True,True,Eyes,2.433267,0.04293988,-2.489042,0.03573883,0.1721788,-0.9844171,0.0,0.0,0.0,0.0,0.0,0.0,0.0,1.701968,-0.047681,-3.034951,2.433218,0.04214401,-2.487482,-0.01998678,0.9909802,-0.01595965,0.1315453,1.511241,164.8441,357.4881,0.7081985,0.01080057,-0.7059272,0.2989256,0.0209227,-0.4748857,3.190616,0.3364438,-3.935737,0.5796003,0.3259466,1.914999,-0.964593,-0.04381183,-0.2600795,-0.03541417,0.9986917,-0.03688973,0.2613554,-0.02637307,-0.9648824,moving,-2.079185,-9.920928,16.83915,9.65958,4.8256700766422895,-6.904130724095219,27.22681936455834,20.461676686440576,153.13135492032845
05/18/2023 18:40:33.538850,883,True,True,True,True,Eyes,2.433588,0.04296634,-2.489912,0.03471625,0.1722875,-0.9844348,0.0,0.0,0.0,0.0,0.0,0.0,0.0,1.74909,-0.05198067,-3.016531,2.43602,0.0423054,-2.495093,-0.02029124,0.9919298,-0.01714889,0.1239743,1.661226,165.7149,357.448,0.7072411,0.01096133,-0.7068842,0.28099,0.01966733,-0.4463925,3.172523,0.3570592,-3.952502,0.5795995,0.3286382,1.915,-0.9684375,-0.044507,-0.2452517,-0.03600291,0.9985884,-0.03905217,0.2466435,-0.0289898,-0.9686728,moving,-2.019708,-9.926888,16.83912,9.737822,4.881203177075609,-6.90834788813243,27.246214653006096,20.496017825142157,153.11510065072565
05/18/2023 18:40:33.558782,884,True,True,True,True,Eyes,2.433995,0.04299553,-2.491057,0.03317583,0.1724947,-0.9844516,0.0,0.0,0.0,0.0,0.0,0.0,0.0,1.794202,-0.05149962,-2.998391,2.438725,0.04276305,-2.502589,-0.02080174,0.9927964,-0.01758339,0.1166776,1.722528,166.5551,357.3963,0.7064134,0.01109922,-0.7077095,0.2641306,0.0184873,-0.419609,3.154865,0.3675947,-3.97022,0.5796005,0.3313008,1.915002,-0.9719073,-0.04540695,-0.2309427,-0.03720059,0.9985163,-0.03976765,0.2324058,-0.03005926,-0.9721545,moving,-1.930126,-9.938426,16.83913,9.815183,4.964894183043616,-6.917097065618072,27.2486704137728,20.51747236944575,153.11580306570244
05/18/2023 18:40:33.578869,885,True,True,True,True,Eyes,2.434483,0.0430133,-2.492457,0.03150148,0.1728658,-0.9844415,0.0,0.0,0.0,0.0,0.0,0.0,0.0,1.83655,-0.04049359,-2.981441,2.441332,0.04285911,-2.5103,-0.02125089,0.9936019,-0.01612573,0.1097438,1.569001,167.3585,357.3757,0.7056574,0.01122374,-0.7084616,0.2482828,0.01737806,-0.3944325,3.137712,0.3763036,-3.987749,0.5796005,0.3340797,1.915002,-0.9750096,-0.04576924,-0.2173979,-0.03869044,0.9985768,-0.03670942,0.2187686,-0.02738081,-0.9753926,moving,-1.832802,-9.959479,16.83913,9.89589,5.055981548595857,-6.934575388284736,27.25576494503108,20.545246472458743,153.11213367226782
05/18/2023 18:40:33.588650,886,True,True,True,True,Eyes,2.435037,0.0430461,-2.494107,0.02940295,0.173228,-0.9844427,0.0,0.0,0.0,0.0,0.0,0.0,0.0,1.877267,-0.03796235,-2.964357,2.443704,0.04259291,-2.517832,-0.02071805,0.9943405,-0.01548975,0.1030428,1.520492,168.1334,357.4547,0.7049632,0.01133585,-0.7091506,0.2333858,0.01633538,-0.3707665,3.120064,0.3859859,-4.005095,0.5796,0.3367005,1.915002,-0.9779059,-0.04439381,-0.2042775,-0.03800937,0.9986617,-0.03507387,0.2055612,-0.02653448,-0.9782846,moving,-1.710779,-9.979917,16.83912,9.971966,5.170070826247604,-6.9509126128740215,27.242914457816184,20.556033887049335,153.12821069165727
05/18/2023 18:40:33.600489,887,True,True,True,True,Eyes,2.435676,0.04309055,-2.495993,0.02710619,0.1737538,-0.984416,0.0,0.0,0.0,0.0,0.0,0.0,0.0,1.915411,-0.03813403,-2.948243,2.445951,0.04296339,-2.525445,-0.02039006,0.9949821,-0.01536867,0.09674116,1.526425,168.86,357.5031,0.7043226,0.01143713,-0.7097855,0.2193827,0.01535525,-0.3485205,3.102447,0.3932717,-4.022238,0.5796007,0.3393509,1.915001,-0.9804507,-0.04354906,-0.1918847,-0.03760193,0.9986961,-0.03452822,0.1931382,-0.02663799,-0.9808099,moving,-1.577258,-10.00986,16.83914,10.04887,5.295055988786584,-6.9758836359199785,27.230798087961066,20.569591926475447,153.1437218715937
05/18/2023 18:40:33.624212,888,True,True,True,True,Eyes,2.43637,0.04311185,-2.498116,0.02439683,0.1743647,-0.9843789,0.0,0.0,0.0,0.0,0.0,0.0,0.0,1.952946,-0.02289653,-2.932187,2.448267,0.04316294,-2.533054,-0.0211874,0.9955825,-0.01337057,0.09048688,1.305806,169.5844,357.4427,0.7037279,0.01152892,-0.7103737,0.2062197,0.01443394,-0.3276093,3.083861,0.3974491,-4.040453,0.5796001,0.3420293,1.915,-0.9827266,-0.04460734,-0.1796077,-0.03976789,0.9987447,-0.03045738,0.1807409,-0.02278865,-0.9832668,moving,-1.419727,-10.04471,16.83913,10.12655,5.442507058069305,-7.004898125453473,27.207822201235604,20.575945406120333,153.17021532415885
05/18/2023 18:40:33.642533,889,True,True,True,True,Eyes,2.43712,0.04312523,-2.500447,0.021474,0.1749094,-0.9843503,0.0,0.0,0.0,0.0,0.0,0.0,0.0,1.990216,-0.01105366,-2.915592,2.450362,0.04260419,-2.540801,-0.02167926,0.9961406,-0.01188325,0.08421929,1.147319,170.3088,357.4092,0.7031725,0.0116114,-0.7109224,0.1938465,0.0135679,-0.3079527,3.064358,0.3990799,-4.058985,0.5795994,0.3447234,1.915,-0.9848743,-0.04519277,-0.1672732,-0.04118958,0.9987776,-0.02732639,0.1683037,-0.02002315,-0.9855319,moving,-1.249733,-10.07573,16.83912,10.20465,5.601497232626328,-7.030042280488615,27.1753641337151,20.5747122328583,153.20621803849008
05/18/2023 18:40:33.648705,890,True,True,True,True,Eyes,2.437914,0.04313927,-2.503,0.0182522,0.1755109,-0.9843082,0.0,0.0,0.0,0.0,0.0,0.0,0.0,2.02582,-0.01173298,-2.899153,2.452409,0.04239558,-2.548148,-0.02150663,0.9966279,-0.01207064,0.0782617,1.18574,170.9934,357.4342,0.7026497,0.01168528,-0.7114381,0.1822158,0.01275383,-0.2894755,3.044611,0.3985166,-4.077741,0.5796,0.347385,1.915,-0.9868254,-0.04475754,-0.1554764,-0.04097887,0.9987835,-0.02742616,0.1565148,-0.02069359,-0.9874591,moving,-1.062324,-10.11009,16.83913,10.28177,5.776778234912455,-7.05791411325555,27.134664353437582,20.56794281696695,153.25051896908616
05/18/2023 18:40:33.674424,891,True,True,True,True,Eyes,2.438781,0.04314823,-2.505756,0.01486204,0.1761484,-0.9842514,0.0,0.0,0.0,0.0,0.0,0.0,0.0,2.057396,-0.007034987,-2.885436,2.454335,0.04241186,-2.555995,-0.02115011,0.9970519,-0.01105426,0.07292461,1.086314,171.6098,357.4899,0.7021544,0.01175128,-0.7119259,0.1712828,0.0119886,-0.272107,3.027098,0.3986248,-4.095078,0.5796002,0.3500271,1.915,-0.9884694,-0.04378777,-0.1449517,-0.04056326,0.998861,-0.02512808,0.1458869,-0.01895862,-0.9891197,moving,-0.8650913,-10.14663,16.83914,10.35828,5.961254477785968,-7.087601610047316,27.090425246422395,20.559357445848857,153.29844433465612
05/18/2023 18:40:33.690463,892,True,True,True,True,Eyes,2.439669,0.04314842,-2.508722,0.0111927,0.1768109,-0.9841812,0.0,0.0,0.0,0.0,0.0,0.0,0.0,2.085807,0.004074503,-2.873244,2.455953,0.0422387,-2.563718,-0.02103784,0.9974187,-0.00907771,0.06805149,0.8735219,172.1749,357.5236,0.7016816,0.01181006,-0.712391,0.1610058,0.01126928,-0.2557806,3.009806,0.4017715,-4.111735,0.5796,0.3526972,1.915,-0.989853,-0.04320258,-0.1353697,-0.04073158,0.9989501,-0.02097187,0.1361336,-0.01524524,-0.9905734,moving,-0.6515742,-10.1847,16.83913,10.43557,6.160933353688971,-7.118348442166405,27.03923571931717,20.546628343636286,153.35346070281756
05/18/2023 18:40:33.698645,893,True,True,True,True,Eyes,2.440591,0.04313864,-2.511883,0.007339119,0.1774145,-0.9841088,0.0,0.0,0.0,0.0,0.0,0.0,0.0,2.116179,0.009796206,-2.859355,2.457437,0.04201765,-2.571666,-0.02122387,0.9977642,-0.008354195,0.06282029,0.8024226,172.7773,357.5122,0.701227,0.01186196,-0.7128378,0.1513455,0.01059312,-0.2404337,2.992425,0.4050176,-4.128124,0.5795997,0.355433,1.915,-0.9912062,-0.04340245,-0.125005,-0.0413032,0.9989595,-0.01933761,0.1257143,-0.01400445,-0.9919676,moving,-0.4272828,-10.21948,16.83912,10.51471,6.370588223829885,-7.145769058795048,26.982129282322177,20.530043305722028,153.41455192018648
05/18/2023 18:40:33.723933,894,True,True,True,True,Eyes,2.441534,0.04310533,-2.515238,0.003260946,0.1781082,-0.9840056,0.0,0.0,0.0,0.0,0.0,0.0,0.0,2.145537,0.0172027,-2.84581,2.459006,0.04174682,-2.579496,-0.02135869,0.9980752,-0.007282712,0.05776467,0.6915673,173.3602,357.508,0.7007867,0.01190732,-0.71327,0.1422648,0.009957537,-0.2260077,2.975235,0.4161297,-4.142901,0.5795999,0.3580925,1.915001,-0.9924142,-0.04347652,-0.1149959,-0.04179379,0.9989815,-0.01700494,0.1156181,-0.01206983,-0.9932204,moving,-0.1898747,-10.25964,16.83912,10.59161,6.592568060311262,-7.177925268035696,26.92139088262581,20.512147871315268,153.47938664015973
05/18/2023 18:40:33.739004,895,True,True,True,True,Eyes,2.442464,0.04304584,-2.518775,-0.0009419918,0.1787414,-0.9838957,0.0,0.0,0.0,0.0,0.0,0.0,0.0,2.172836,0.0280666,-2.833504,2.460505,0.04112294,-2.587466,-0.02161411,0.9983426,-0.005731578,0.05302992,0.524365,173.9074,357.4916,0.7003558,0.01194619,-0.7136928,0.1337289,0.009360085,-0.2124473,2.961118,0.4268485,-4.155874,0.5795996,0.3607564,1.915,-0.9934413,-0.04376447,-0.1056363,-0.04254869,0.999,-0.01373655,0.1061318,-0.009151766,-0.99431,moving,0.05485555,-10.29647,16.83912,10.66861,6.8213065235253,-7.206796850647456,26.856025628039863,20.491138497546007,153.54897475830472
05/18/2023 18:40:33.749022,896,True,True,True,True,Eyes,2.4434,0.0429657,-2.522498,-0.005334902,0.1794523,-0.9837523,0.0,0.0,0.0,0.0,0.0,0.0,0.0,2.197519,0.03716717,-2.822657,2.461862,0.04042239,-2.595276,-0.02200723,0.9985587,-0.00462581,0.0487335,0.40642,174.4029,357.455,0.6999305,0.01197841,-0.7141092,0.1257051,0.00879848,-0.1997004,2.948875,0.4294038,-4.169944,0.5796001,0.3633838,1.915,-0.9942815,-0.04440188,-0.09712292,-0.04350016,0.9989886,-0.01138326,0.09753011,-0.007093307,-0.9952074,moving,0.3107128,-10.33801,16.83913,10.7445,7.060503156959998,-7.239822432034212,26.789191907135905,20.470891438205406,153.62019372471292
05/18/2023 18:40:33.769241,897,True,True,True,True,Eyes,2.444337,0.04286364,-2.526402,-0.009963846,0.1801246,-0.9835933,0.0,0.0,0.0,0.0,0.0,0.0,0.0,2.223048,0.04681675,-2.811051,2.463024,0.03982384,-2.603472,-0.02219138,0.9987694,-0.003224,0.04423763,0.2564956,174.9221,357.443,0.6995093,0.01200391,-0.7145215,0.1181628,0.008270571,-0.1877184,2.936757,0.4396219,-4.182582,0.5795999,0.3660016,1.915001,-0.9951015,-0.04461339,-0.0882233,-0.04404289,0.9989942,-0.008403453,0.08850947,-0.004476678,-0.9960656,moving,0.580389,-10.37754,16.83912,10.82008,7.312537256011907,-7.270650222735012,26.71489149135293,20.445789267470936,153.6990751642616
05/18/2023 18:40:33.788953,898,True,True,True,True,Eyes,2.445274,0.04272959,-2.530476,-0.01475167,0.1809647,-0.983379,0.0,0.0,0.0,0.0,0.0,0.0,0.0,2.24855,0.05809606,-2.799066,2.464114,0.03917606,-2.611653,-0.02201049,0.9989676,-0.001211738,0.03972214,0.03852379,175.445,357.4741,0.6990876,0.0120228,-0.7149338,0.111073,0.007774337,-0.1764553,2.926233,0.4538082,-4.193479,0.5796005,0.3687524,1.915,-0.9958754,-0.0440718,-0.07930893,-0.04387927,0.9990281,-0.004169583,0.07941561,-0.0006723666,-0.9968414,moving,0.8594298,-10.4271,16.83914,10.89946,7.573489484194248,-7.31065207090652,26.649076897888676,20.43184918493739,153.7699418375003
05/18/2023 18:40:33.799033,899,True,True,True,True,Eyes,2.446197,0.04255854,-2.534713,-0.01973319,0.1817273,-0.983151,0.0,0.0,0.0,0.0,0.0,0.0,0.0,2.273455,0.0704563,-2.787101,2.465096,0.03823608,-2.619795,-0.02147958,0.9991457,0.001260877,0.03528575,359.7688,175.9597,357.545,0.6986648,0.01203473,-0.7153467,0.1044087,0.007307876,-0.165868,2.917133,0.4523246,-4.20696,0.5795995,0.3713937,1.914999,-0.9965872,-0.04283348,-0.07056536,-0.04301144,0.999074,0.001003753,0.07045702,0.004035445,-0.9975068,moving,1.149851,-10.47245,16.83912,10.97565,7.844964793355692,-7.3464526749042305,26.573937520893683,20.41064120283681,153.85023553459578
05/18/2023 18:40:33.818622,900,True,True,True,True,Eyes,2.447109,0.04236113,-2.539114,-0.02481906,0.1825983,-0.9828743,0.0,0.0,0.0,0.0,0.0,0.0,0.0,2.297755,0.07592541,-2.775474,2.466053,0.03717909,-2.627906,-0.0205836,0.9993044,0.002770394,0.03097764,359.6097,176.4569,357.6521,0.6982383,0.01203934,-0.715763,0.09814414,0.006869404,-0.1559159,2.906181,0.4483106,-4.222137,0.5796005,0.3740694,1.915001,-0.9972336,-0.04096692,-0.06202623,-0.04131019,0.9991373,0.004261672,0.06179813,0.006812197,-0.9980657,moving,1.446498,-10.52442,16.83914,11.05278,8.1223681539111,-7.388307310097296,26.50488610766256,20.39744622729521,153.92481183923297
05/18/2023 18:40:33.838759,901,True,True,True,True,Eyes,2.448003,0.0421277,-2.543669,-0.03005471,0.1834599,-0.9825676,0.0,0.0,0.0,0.0,0.0,0.0,0.0,2.320216,0.08197345,-2.765092,2.466762,0.0363253,-2.636212,-0.01967454,0.9994333,0.004452647,0.02695012,359.4293,176.9219,357.7598,0.6978052,0.0120366,-0.7161853,0.0922555,0.006457239,-0.1465609,2.888285,0.4673352,-4.234656,0.5796005,0.3768247,1.915002,-0.9977735,-0.03908679,-0.05404491,-0.03956679,0.9991862,0.007839784,0.05369449,0.009960709,-0.998508,moving,1.752013,-10.57619,16.83913,11.13216,8.408030586572188,-7.429771722346778,26.43621680751974,20.386974924793684,153.99938793834966
05/18/2023 18:40:33.849184,902,True,True,True,True,Eyes,2.448871,0.04186675,-2.548387,-0.03533199,0.184374,-0.9822208,0.0,0.0,0.0,0.0,0.0,0.0,0.0,2.341034,0.09283609,-2.755655,2.467471,0.03521739,-2.644435,-0.01864238,0.9995317,0.007102021,0.02320413,359.1369,177.3562,357.8829,0.6973642,0.01202621,-0.7166149,0.08672017,0.006069805,-0.1377673,2.868534,0.480739,-4.247488,0.5796,0.3794668,1.915001,-0.9982283,-0.0369377,-0.04665133,-0.03759689,0.999204,0.01333223,0.04612174,0.01506255,-0.9988225,moving,2.060128,-10.63135,16.83912,11.20824,8.696180677001582,-7.474349774935036,26.370178154577644,20.38005450229565,154.07149352399665
05/18/2023 18:40:33.868803,903,True,True,True,True,Eyes,2.449709,0.04159671,-2.553251,-0.04070931,0.1851957,-0.9818581,0.0,0.0,0.0,0.0,0.0,0.0,0.0,2.360155,0.09258021,-2.747897,2.467784,0.03428577,-2.653055,-0.01728852,0.9996237,0.008026424,0.01973382,359.0414,177.7545,358.0371,0.6969135,0.01200813,-0.7170535,0.08151696,0.005705617,-0.1295013,2.84912,0.4544182,-4.26859,0.5796,0.3819744,1.915001,-0.9986235,-0.03424723,-0.03973031,-0.0348808,0.9992734,0.01536447,0.03917525,0.01672914,-0.9990925,moving,2.374209,-10.6815,16.83912,11.28042,8.98979353444752,-7.514101706712005,26.297520421597184,20.36776797164803,154.15035687499352
05/18/2023 18:40:33.888946,904,True,True,True,True,Eyes,2.450512,0.04133225,-2.558254,-0.04610205,0.186209,-0.981428,0.0,0.0,0.0,0.0,0.0,0.0,0.0,2.37877,0.09559863,-2.74007,2.468083,0.03381343,-2.661406,-0.01631847,0.9996901,0.009308332,0.01634329,358.903,178.1445,358.1474,0.6964514,0.01198286,-0.7175028,0.07662594,0.00536328,-0.1217312,2.827842,0.4465846,-4.2874,0.5796008,0.3846792,1.915002,-0.9989336,-0.03232256,-0.03298024,-0.03293107,0.9992941,0.0180775,0.03237265,0.01914429,-0.9992929,moving,2.689461,-10.74319,16.83914,11.35822,9.284718975108596,-7.564628687084713,26.24282263383916,20.375070047870384,154.21190008482395
05/18/2023 18:40:33.908634,905,True,True,True,True,Eyes,2.451293,0.04113925,-2.563383,-0.0516356,0.1870375,-0.9809948,0.0,0.0,0.0,0.0,0.0,0.0,0.0,2.395561,0.1054589,-2.73315,2.468067,0.03363974,-2.669729,-0.01520778,0.9997246,0.01204827,0.01321415,358.5966,178.5066,358.2753,0.6959774,0.01195132,-0.717963,0.07202838,0.005041483,-0.1144273,2.804258,0.4938961,-4.294443,0.5796005,0.3873844,1.915001,-0.9991884,-0.03008876,-0.02678747,-0.03072559,0.9992471,0.02368799,0.02605456,0.02449182,-0.9993606,moving,3.013038,-10.79452,16.83914,11.43601,9.587202540347231,-7.605267748863588,26.17933460948357,20.37549644126696,154.28252862443333
05/18/2023 18:40:33.919133,906,True,True,True,True,Eyes,2.452043,0.04102473,-2.568659,-0.05724925,0.18817,-0.9804665,0.0,0.0,0.0,0.0,0.0,0.0,0.0,2.414505,0.1050963,-2.724444,2.468113,0.03519485,-2.677807,-0.01497287,0.9997634,0.01243021,0.009727332,358.5591,178.9065,358.2977,0.6954892,0.01191603,-0.7184365,0.06770668,0.004738994,-0.1075617,2.785742,0.4898099,-4.308879,0.5796006,0.3900752,1.915001,-0.9993627,-0.02969682,-0.01982229,-0.03018047,0.9992426,0.02456325,0.01907783,0.02514584,-0.9995021,moving,3.341695,-10.86404,16.83914,11.51333,9.89476859795759,-7.662817010176016,26.132885597364197,20.394825528191877,154.33664346241056
05/18/2023 18:40:33.938743,907,True,True,True,True,Eyes,2.452741,0.04096509,-2.574044,-0.06302562,0.1893984,-0.9798756,0.0,0.0,0.0,0.0,0.0,0.0,0.0,2.433186,0.1348514,-2.715273,2.468176,0.03687923,-2.68664,-0.01619155,0.9997038,0.01709008,0.006181694,358.0303,179.3231,358.1558,0.6949877,0.0118797,-0.7189223,0.06364428,0.004454655,-0.101108,2.763307,0.4456771,-4.333127,0.5796006,0.3930095,1.915001,-0.9993991,-0.03216221,-0.01291315,-0.03258479,0.9988915,0.03396985,0.01180629,0.03437021,-0.9993394,moving,3.680197,-10.93969,16.83914,11.5976,10.211625554021955,-7.725878790412133,26.097647813957273,20.428430686059937,154.3803685017246
05/18/2023 18:40:33.951790,908,True,True,True,True,Eyes,2.453405,0.0409935,-2.579558,-0.06888688,0.1905911,-0.9792496,0.0,0.0,0.0,0.0,0.0,0.0,0.0,2.44997,0.1591027,-2.706656,2.468064,0.03809232,-2.694599,-0.01633019,0.9996284,0.02162633,0.002982733,357.5164,179.6985,358.1347,0.6944702,0.01184383,-0.7194229,0.05982563,0.004187375,-0.09504149,2.741006,0.4384214,-4.349817,0.5796,0.3955345,1.915001,-0.9994488,-0.03251923,-0.006669572,-0.03277725,0.9985313,0.04313915,0.005256924,0.04333398,-0.9990467,moving,4.023934,-11.01377,16.83913,11.67007,10.533330178294593,-7.787351148789422,26.053518872966393,20.453712356263786,154.43293848490427
05/18/2023 18:40:33.969193,909,True,True,True,True,Eyes,2.453988,0.04105162,-2.585188,-0.07481883,0.1918446,-0.9785692,0.0,0.0,0.0,0.0,0.0,0.0,0.0,2.470096,0.1668497,-2.696441,2.467994,0.04022209,-2.703218,-0.01770222,0.9995979,0.02214462,-0.0008040339,357.4642,180.1372,357.9678,0.6939375,0.01181095,-0.7199374,0.05623609,0.003936133,-0.089339,2.714683,0.441561,-4.363976,0.5796003,0.3980486,1.915001,-0.9993723,-0.0354258,0.0008234025,-0.03535458,0.9983925,0.04429989,-0.002391438,0.04424296,-0.9990183,moving,4.372179,-11.09193,16.83913,11.7422,10.859313514937533,-7.852539332427793,26.015809810446054,20.486874205227544,154.4795804209077
05/18/2023 18:40:33.989083,910,True,True,True,True,Eyes,2.454535,0.04111233,-2.590903,-0.08077619,0.1931095,-0.9778465,0.0,0.0,0.0,0.0,0.0,0.0,0.0,2.486941,0.1973567,-2.687154,2.467764,0.04094168,-2.711658,-0.01819502,0.9994502,0.02741649,-0.004077313,356.867,180.5249,357.8997,0.6933872,0.0117815,-0.720468,0.0,0.0,0.0,2.687144,0.4249863,-4.381338,0.5795996,0.4007999,1.915,-0.9993046,-0.03659359,0.007152453,-0.03614645,0.9978346,0.05495121,-0.009147827,0.05465445,-0.9984633,moving,4.722266,-11.17128,16.83912,11.82109,11.187036005911718,-7.918799229971611,25.989752385781134,20.53312641289139,154.5153238438223
05/18/2023 18:40:33.999130,911,True,True,True,True,Eyes,2.45503,0.0411777,-2.596702,-0.08686971,0.1938852,-0.9771705,0.0,0.0,0.0,0.0,0.0,0.0,0.0,2.505558,0.1991332,-2.677311,2.467526,0.04105304,-2.719393,-0.01769161,0.9994178,0.0281773,-0.007561283,356.7867,180.9246,357.9458,0.6928207,0.01175527,-0.7210131,0.0,0.0,0.0,2.657328,0.4135776,-4.396914,0.5795998,0.4007999,1.915,-0.9992598,-0.03578873,0.01411676,-0.03493651,0.997786,0.05658933,-0.01611076,0.05605425,-0.998298,static,5.080196,-11.22258,16.83912,11.82109,11.521527990578573,-7.958623765101884,25.87050484058392,20.482037530676084,154.64131448720752
05/18/2023 18:40:34.019153,912,True,True,True,True,Eyes,2.455495,0.0412328,-2.602579,-0.0929985,0.1945731,-0.9764694,0.0,0.0,0.0,0.0,0.0,0.0,0.0,2.525677,0.1966446,-2.666445,2.467411,0.0413074,-2.727237,-0.01878502,0.9994027,0.0267006,-0.01133726,356.9651,181.3579,357.8104,0.6922371,0.01173201,-0.7215739,0.0,0.0,0.0,2.627654,0.4072669,-4.410841,0.5795999,0.4007999,1.915,-0.9990372,-0.03815303,0.02165782,-0.03694218,0.9978684,0.05379525,-0.02366411,0.05294337,-0.9983171,static,5.440415,-11.26926,16.83913,11.82109,11.858064119791926,-7.994071411303738,25.750630415073825,20.4316332939634,154.76840756141965
05/18/2023 18:40:34.038731,913,True,True,True,True,Eyes,2.455918,0.04127586,-2.608524,-0.09923615,0.1949098,-0.975788,0.0,0.0,0.0,0.0,0.0,0.0,0.0,2.543862,0.1991891,-2.656706,2.467221,0.04112604,-2.734981,-0.0196914,0.9993525,0.02624119,-0.01478262,357.0269,181.7547,357.6968,0.6916367,0.01171114,-0.7221498,0.0,0.0,0.0,2.595372,0.4057642,-4.42305,0.5796006,0.4008,1.915001,-0.9987878,-0.04013313,0.02851264,-0.03858147,0.9978473,0.05303057,-0.03057954,0.05186621,-0.9981861,static,5.806929,-11.29594,16.83914,11.82108,12.200081868588224,-8.010654224015969,25.61457189236082,20.367094605726756,154.91209070515876
05/18/2023 18:40:34.052383,914,True,True,True,True,Eyes,2.456314,0.0413161,-2.614546,-0.1055272,0.195116,-0.9750865,0.0,0.0,0.0,0.0,0.0,0.0,0.0,2.564139,0.1963485,-2.645045,2.467032,0.04096204,-2.742573,-0.02060755,0.9993076,0.02477274,-0.0186061,357.2061,182.1923,357.5838,0.6910199,0.01169208,-0.7227404,0.0,0.0,0.0,2.565193,0.4011478,-4.434985,0.5796002,0.4008,1.915001,-0.9984582,-0.0421084,0.03616541,-0.04026471,0.9979233,0.050278,-0.03820744,0.04874431,-0.9980802,static,6.176703,-11.31551,16.83913,11.82108,12.545000717923458,-8.020507188788244,25.475265383474003,20.300939102944795,155.05952783059124
05/18/2023 18:40:34.068850,915,True,True,True,True,Eyes,2.456678,0.04136704,-2.620631,-0.1118739,0.1951283,-0.9743763,0.0,0.0,0.0,0.0,0.0,0.0,0.0,2.583475,0.1981593,-2.634107,2.466876,0.0409572,-2.750451,-0.02206996,0.9992278,0.0236734,-0.02228206,357.3447,182.6149,357.4088,0.6903871,0.01167456,-0.7233452,0.0,0.0,0.0,2.535437,0.3919162,-4.446929,0.5796,0.4008,1.915,-0.9980328,-0.0451608,0.04348475,-0.04305083,0.997905,0.04829376,-0.04557464,0.04632671,-0.9978861,static,6.549787,-11.32424,16.83913,11.82109,12.892795667322762,-8.020137746383838,25.32936793882842,20.229875757135506,155.21402308824622
05/18/2023 18:40:34.089248,916,True,True,True,True,Eyes,2.457019,0.04142967,-2.626777,-0.1182421,0.1952282,-0.973604,0.0,0.0,0.0,0.0,0.0,0.0,0.0,2.601929,0.2045838,-2.623231,2.466704,0.04131104,-2.758059,-0.0231264,0.9991143,0.02387119,-0.02580795,357.3344,183.0227,357.2777,0.6897382,0.01165869,-0.7239643,0.0,0.0,0.0,2.505815,0.3876386,-4.457678,0.5796,0.4007999,1.915001,-0.9975985,-0.04744397,0.05046607,-0.04497971,0.9977907,0.04889379,-0.05267429,0.04650641,-0.9975285,static,6.92454,-11.33864,16.83913,11.82108,13.24225455871164,-8.02503742002996,25.192691903536232,20.16942958017802,155.3599111779101
05/18/2023 18:40:34.099005,917,True,True,True,True,Eyes,2.457236,0.04150416,-2.632955,-0.1268503,0.1968021,-0.9722026,0.0,0.0,0.0,0.0,0.0,0.0,0.0,2.620637,0.2116026,-2.611913,2.466545,0.04163422,-2.765687,-0.02316349,0.9989845,0.02513068,-0.0293573,357.2,183.4335,357.2595,0.6890738,0.01164464,-0.7245969,0.0,0.0,0.0,2.476006,0.3831211,-4.467506,0.5796005,0.4008,1.915001,-0.9972032,-0.04775546,0.05749074,-0.04480439,0.9976639,0.05157037,-0.05981921,0.04885029,-0.9970132,static,7.433797,-11.4437,16.83914,11.82108,13.718779863824224,-8.111718915585524,25.094032465828388,20.175557488917182,155.47294544437142
05/18/2023 18:40:34.118625,918,True,True,True,True,Eyes,2.45742,0.04157693,-2.639187,-0.1353749,0.1984318,-0.9707206,0.0,0.0,0.0,0.0,0.0,0.0,0.0,2.63884,0.2155212,-2.6007,2.466046,0.04183678,-2.773165,-0.0219591,0.9988556,0.02697588,-0.03282759,356.9936,183.8335,357.3806,0.6883935,0.01163257,-0.7252434,0.0,0.0,0.0,2.445717,0.3767037,-4.477223,0.5796002,0.4007999,1.915001,-0.9968802,-0.04563905,0.0643953,-0.04209683,0.9975802,0.05533174,-0.06676477,0.05244828,-0.9963893,static,7.93916,-11.55307,16.83913,11.82108,14.191759588451816,-8.202523872258489,25.0112045736186,20.19785340398989,155.57118449234687
05/18/2023 18:40:34.139109,919,True,True,True,True,Eyes,2.457705,0.04165759,-2.645469,-0.1440598,0.2000772,-0.9691316,0.0,0.0,0.0,0.0,0.0,0.0,0.0,2.658105,0.2176755,-2.588428,2.465517,0.04184043,-2.780707,-0.02087506,0.9987131,0.02835205,-0.03650685,356.841,184.2562,357.4877,0.6876984,0.01162224,-0.7259027,0.0,0.0,0.0,2.416518,0.3731884,-4.485662,0.5796003,0.4007999,1.915,-0.9964632,-0.04376648,0.07173603,-0.03962631,0.9975207,0.05815529,-0.07410344,0.05510695,-0.9957271,static,8.455012,-11.66483,16.83914,11.82108,14.674558488789197,-8.295325829775198,24.93755342547629,20.232528181789075,155.66171657119355
05/18/2023 18:40:34.153026,920,True,True,True,True,Eyes,2.463678,0.04403663,-2.803579,-0.3573273,0.2345366,-0.9040519,2.013874,1.744066,0.5163637,-4.624226,0.9257143,-0.3630885,-0.105924,0.5496242,0.394224,1.912938,2.464894,0.04206058,-2.787851,-0.02035768,0.9985579,0.02822575,-0.04088107,356.864,184.7563,357.5339,0.6869901,0.01161365,-0.7265732,0.0,0.0,0.0,2.388579,0.3710913,-4.493344,0.5796,0.4007999,1.915002,-0.9958289,-0.04296444,0.08049501,-0.03834884,0.9975778,0.05803457,-0.08279345,0.0547056,-0.9950644,static,21.56645,-14.54353,16.83912,11.82108,26.946615130757586,-10.689731854909848,26.78507624370332,24.675860839805324,154.67031151484133
05/18/2023 18:40:34.168895,921,True,True,True,True,Eyes,2.463687,0.04403526,-2.803858,-0.3578035,0.2345997,-0.9038471,0.0,0.0,0.0,0.0,0.0,0.0,0.0,2.70553,0.2082988,-2.554092,2.464097,0.04250952,-2.795189,-0.01947118,0.9983748,0.02799291,-0.04566383,356.8978,185.302,357.6217,0.6843374,0.01163279,-0.7290721,0.01791859,0.007137112,-0.474329,2.360442,0.3665218,-4.50076,0.5796003,0.4008,1.915001,-0.9950715,-0.0414356,0.09008911,-0.03632255,0.9976746,0.05767309,-0.09226933,0.05411657,-0.9942626,static,21.59699,-14.55043,16.83913,11.82108,26.97520372775135,-10.695491349573189,26.797271716719596,24.692832481407056,154.6610300718352
05/18/2023 18:40:34.188880,922,True,True,True,True,Eyes,2.463659,0.04404513,-2.804379,-0.3586262,0.2344659,-0.9035558,0.0,0.0,0.0,0.0,0.0,0.0,0.0,2.731951,0.1995138,-2.533278,2.463294,0.04247294,-2.802006,-0.01797038,0.9981614,0.02777384,-0.0507911,356.9263,185.8855,357.7791,0.6819387,0.01164978,-0.7313159,0.01684347,0.006708886,-0.4458692,2.332606,0.3612278,-4.507902,0.5796002,0.4008,1.915001,-0.9941947,-0.03869599,0.1003972,-0.03305334,0.9978114,0.057271,-0.1023936,0.05362007,-0.9932979,static,21.6484,-14.54697,16.83913,11.82108,27.02303946760071,-10.691075732104212,26.803043460312487,24.708483720188088,154.65922435646618
05/18/2023 18:40:34.199003,923,True,True,True,True,Eyes,2.463647,0.04409089,-2.805144,-0.3599233,0.2341741,-0.9031156,0.0,0.0,0.0,0.0,0.0,0.0,0.0,2.759217,0.1776592,-2.511436,2.462459,0.04283328,-2.808311,-0.01684987,0.9979743,0.02482473,-0.05609826,357.2683,186.4845,357.9106,0.6797664,0.01166512,-0.7333353,0.01583286,0.006306353,-0.4191171,2.305555,0.3590869,-4.514059,0.5796001,0.4007999,1.915001,-0.993138,-0.03641673,0.1111327,-0.03084623,0.9981996,0.05143939,-0.1128058,0.0476584,-0.9924733,static,21.72902,-14.53642,16.83912,11.82108,27.097956048106,-10.679354912301434,26.807255142218498,24.72879472001481,154.66091794664757
05/18/2023 18:40:34.219183,924,True,True,True,True,Eyes,2.463571,0.0441834,-2.806154,-0.3615554,0.2338431,-0.9025491,0.0,0.0,0.0,0.0,0.0,0.0,0.0,2.787073,0.1588083,-2.488158,2.461578,0.04379342,-2.814717,-0.01645618,0.9977267,0.02183125,-0.06159803,357.6195,187.1081,357.9622,0.6777962,0.01167988,-0.7351564,0.01488289,0.005927972,-0.3939701,2.279651,0.3641265,-4.518895,0.5796002,0.4007999,1.915001,-0.9918701,-0.03552705,0.1221975,-0.030148,0.9985052,0.04559057,-0.1236345,0.0415359,-0.9914584,static,21.83072,-14.52547,16.83913,11.82108,27.19250660200732,-10.666777092191971,26.815232007771254,24.75673895451179,154.66052867537567
05/18/2023 18:40:34.238937,925,True,True,True,True,Eyes,2.463407,0.04429457,-2.807367,-0.3635106,0.2335277,-0.9018453,0.0,0.0,0.0,0.0,0.0,0.0,0.0,2.813858,0.1496826,-2.464761,2.460035,0.04500043,-2.821603,-0.01577404,0.9974028,0.02099491,-0.06706966,357.721,187.7332,358.0338,0.6760045,0.01169535,-0.736804,0.01398992,0.005572293,-0.3703319,2.255326,0.3663122,-4.523705,0.5795998,0.4007999,1.915001,-0.9905059,-0.03428239,0.1331286,-0.0286499,0.9986208,0.04399669,-0.1344533,0.03976485,-0.990122,static,21.9531,-14.51755,16.83912,11.82108,27.306384253479575,-10.656562032761965,26.830509158741286,24.79532238760284,154.65472583015108
05/18/2023 18:40:34.252968,926,True,True,True,True,Eyes,2.463184,0.04443338,-2.808773,-0.3657926,0.2332031,-0.9010061,0.0,0.0,0.0,0.0,0.0,0.0,0.0,2.840872,0.1434272,-2.439881,2.458794,0.04555931,-2.827791,-0.01497558,0.9970341,0.02070372,-0.07259564,357.7586,188.3658,358.115,0.6743701,0.01171195,-0.7382999,0.01315052,0.005237956,-0.3481119,2.23247,0.3669879,-4.528751,0.5796003,0.4007999,1.915001,-0.9890112,-0.03286832,0.1441406,-0.02685632,0.9986941,0.04345895,-0.1453808,0.03911031,-0.9886024,static,22.09629,-14.51115,16.83913,11.82108,27.439681151245004,-10.64729334342978,26.851891330751734,24.84349986233638,154.64461986491625
05/18/2023 18:40:34.268892,927,True,True,True,True,Eyes,2.462905,0.04458319,-2.810359,-0.3683611,0.2328891,-0.9000404,0.0,0.0,0.0,0.0,0.0,0.0,0.0,2.868093,0.1384477,-2.413643,2.457239,0.04637025,-2.833836,-0.01456814,0.9966174,0.0203169,-0.07828636,357.8099,189.0183,358.1523,0.6728748,0.01173027,-0.7396628,0.01236149,0.004923678,-0.3272252,2.208859,0.3739651,-4.532319,0.5795999,0.4008,1.915001,-0.987318,-0.03221881,0.1554511,-0.02585666,0.99875,0.04277733,-0.1566351,0.03821538,-0.9869169,static,22.2579,-14.50733,16.83912,11.82108,27.590190716211723,-10.640017936874212,26.880259481941387,24.9015349341128,154.62922246140803
05/18/2023 18:40:34.289060,928,True,True,True,True,Eyes,2.462574,0.04474055,-2.812136,-0.3712247,0.2325594,-0.8989485,0.0,0.0,0.0,0.0,0.0,0.0,0.0,2.894077,0.1334377,-2.38849,2.455958,0.04679038,-2.839797,-0.01443415,0.9961928,0.01957022,-0.08371796,357.904,189.6411,358.163,0.6715018,0.01175041,-0.7409093,0.0116198,0.004628258,-0.3075917,2.185321,0.3783761,-4.535999,0.5796001,0.4007999,1.915001,-0.9855661,-0.03203514,0.1662335,-0.02548163,0.9988174,0.04140821,-0.1673634,0.03657463,-0.9852169,static,22.43839,-14.50451,16.83913,11.82108,27.758311236755084,-10.633246345275484,26.914464538528346,24.968485947314402,154.60962664516387
05/18/2023 18:40:34.308712,929,True,True,True,True,Eyes,2.462183,0.04491309,-2.814073,-0.3743185,0.2322987,-0.8977321,0.0,0.0,0.0,0.0,0.0,0.0,0.0,2.920038,0.1318438,-2.362849,2.454478,0.04713526,-2.846114,-0.01449554,0.9957196,0.01925651,-0.08922976,357.9506,190.2747,358.1476,0.670236,0.01177235,-0.7420543,0.01092261,0.004350562,-0.2891362,2.163747,0.3771383,-4.540239,0.5796002,0.4007999,1.915001,-0.9836561,-0.03230348,0.1771373,-0.02543047,0.9988381,0.04093503,-0.1782539,0.0357613,-0.9833347,static,22.63419,-14.50774,16.83913,11.82108,27.940813227540417,-10.631787279097132,26.959033421026056,25.047527214026598,154.58137556200634
05/18/2023 18:40:34.318660,930,True,True,True,True,Eyes,2.46174,0.04510442,-2.816193,-0.377704,0.2320898,-0.8963672,0.0,0.0,0.0,0.0,0.0,0.0,0.0,2.946035,0.1307717,-2.336108,2.453075,0.04766999,-2.851976,-0.0146394,0.9952078,0.01899484,-0.09479681,357.9924,190.9153,358.1227,0.6690637,0.01179632,-0.7431111,0.01026726,0.004089528,-0.271788,2.144534,0.3810701,-4.544244,0.5795996,0.4007999,1.915,-0.9815988,-0.0327398,0.1881289,-0.0255372,0.9988497,0.04058316,-0.1892412,0.03503209,-0.9813059,static,22.8492,-14.51638,16.83912,11.82109,28.141318296922265,-10.63495239228178,27.01450328263135,25.139879201517832,154.54423616260058
05/18/2023 18:40:34.338652,931,True,True,True,True,Eyes,2.461258,0.04529978,-2.818472,-0.3812761,0.2320559,-0.8948623,0.0,0.0,0.0,0.0,0.0,0.0,0.0,2.972585,0.1348481,-2.308361,2.451466,0.04830178,-2.858488,-0.01482973,0.9946253,0.01968865,-0.1005644,357.9264,191.5816,358.0813,0.6679728,0.01182256,-0.7440915,0.009651221,0.003844157,-0.2554807,2.126605,0.3883829,-4.547532,0.5796002,0.4008,1.915001,-0.9793341,-0.03346,0.1994638,-0.0255401,0.9987849,0.04214834,-0.2006317,0.03618296,-0.9789987,static,23.07752,-14.53773,16.83913,11.82108,28.35446912583189,-10.649709817324442,27.086977948973928,25.249543168090916,154.4921779123493
05/18/2023 18:40:34.353645,932,True,True,True,True,Eyes,2.460734,0.04550036,-2.820903,-0.385108,0.2321177,-0.8932039,0.0,0.0,0.0,0.0,0.0,0.0,0.0,2.997424,0.1453999,-2.281238,2.449873,0.04855178,-2.864523,-0.01476123,0.9940116,0.02183961,-0.1060486,357.6911,192.2187,358.0513,0.6669525,0.01185093,-0.7450057,0.009072148,0.003613507,-0.2401519,2.107122,0.390426,-4.551487,0.5796005,0.4008,1.915,-0.9770719,-0.03397778,0.2101824,-0.02471354,0.9986103,0.04654846,-0.2114719,0.04028683,-0.9765537,static,23.32346,-14.56729,16.83914,11.82109,28.58419526325217,-10.67174872273597,27.17338780658017,25.37467471602066,154.428372532175
05/18/2023 18:40:34.368878,933,True,True,True,True,Eyes,2.460156,0.04570556,-2.823481,-0.3890199,0.2322105,-0.8914829,0.0,0.0,0.0,0.0,0.0,0.0,0.0,3.023069,0.1525287,-2.252827,2.448416,0.04885502,-2.870595,-0.01481885,0.9933583,0.02321985,-0.1117169,357.5458,192.876,358.0137,0.6659936,0.01188133,-0.7458625,0.008527819,0.003396697,-0.2257428,2.088461,0.3938258,-4.554981,0.5796001,0.4008,1.915001,-0.9745997,-0.03462894,0.2212616,-0.02425275,0.9984825,0.04944229,-0.222638,0.04282023,-0.9739606,static,23.5752,-14.5998,16.83913,11.82108,28.81938226836798,-10.69641615479279,27.266051034561276,25.506157638790757,154.35914528145938
05/18/2023 18:40:34.388859,934,True,True,True,True,Eyes,2.459527,0.04592031,-2.826199,-0.3931609,0.2323992,-0.8896152,0.0,0.0,0.0,0.0,0.0,0.0,0.0,3.048448,0.1587301,-2.224041,2.446766,0.04914984,-2.876718,-0.01491865,0.9926714,0.02438369,-0.1174154,357.4262,193.537,357.9724,0.6650871,0.01191365,-0.7466704,0.00801615,0.003192895,-0.2121982,2.070895,0.3986305,-4.558301,0.5795999,0.4007999,1.914999,-0.9719821,-0.03534467,0.2323822,-0.02389259,0.9983658,0.05191333,-0.2338373,0.04490662,-0.9712382,static,23.84279,-14.64051,16.83913,11.82109,29.06949516229909,-10.728396227588078,27.372751559819484,25.652702803629946,154.2780033211387
05/18/2023 18:40:34.398976,935,True,True,True,True,Eyes,2.458853,0.04614389,-2.829072,-0.3974619,0.2325852,-0.8876532,0.0,0.0,0.0,0.0,0.0,0.0,0.0,3.072346,0.1662214,-2.196388,2.444971,0.04946546,-2.882832,-0.01494757,0.9919726,0.02588684,-0.1228699,357.2668,194.1712,357.9336,0.6642251,0.01194793,-0.7474368,0.007535181,0.003001321,-0.1994663,2.054912,0.4014979,-4.561953,0.5796002,0.4007999,1.915,-0.9693595,-0.03601658,0.2429933,-0.02329372,0.9982129,0.05503128,-0.2445411,0.04768486,-0.9684659,static,24.12127,-14.68271,16.83913,11.82108,29.329783597103138,-10.761521688633644,27.48600457221275,25.80678837651645,154.19152320685538
05/18/2023 18:40:34.418923,936,True,True,True,True,Eyes,2.458127,0.04635393,-2.832088,-0.4020098,0.2327916,-0.8855486,0.0,0.0,0.0,0.0,0.0,0.0,0.0,3.096641,0.1771961,-2.167606,2.443025,0.04987892,-2.889333,-0.01574452,0.9912083,0.0272614,-0.1285114,357.1342,194.8294,357.8069,0.6634009,0.01198416,-0.7481678,0.00708307,0.002821242,-0.1874983,2.038106,0.40579,-4.56544,0.5796005,0.4007999,1.915001,-0.9664738,-0.038219,0.2539048,-0.02420539,0.9980178,0.05809015,-0.2556216,0.04999675,-0.9654832,static,24.41648,-14.72858,16.83914,11.82108,29.605730932768537,-10.797699401069432,27.60979043004854,25.972967208982702,154.09642312781435
05/18/2023 18:40:34.439126,937,True,True,True,True,Eyes,2.457367,0.04654823,-2.835239,-0.4065722,0.232823,-0.8834549,0.0,0.0,0.0,0.0,0.0,0.0,0.0,3.121615,0.1852989,-2.137492,2.441224,0.04985493,-2.895795,-0.01653326,0.9904036,0.02799867,-0.1343261,357.0756,195.5065,357.689,0.6626083,0.01202177,-0.7488693,0.006658085,0.002651967,-0.1762484,2.021399,0.4127549,-4.568242,0.5795998,0.4007999,1.914999,-0.9633665,-0.0402711,0.2651483,-0.0252273,0.9978854,0.05990166,-0.2669998,0.05101828,-0.9623453,static,24.71222,-14.76387,16.83913,11.82109,29.881969046064214,-10.82396171843883,27.72626271875999,26.132623628566392,154.00800796490032
05/18/2023 18:40:34.454583,938,True,True,True,True,Eyes,2.456572,0.04672145,-2.838519,-0.4113439,0.232791,-0.8812517,0.0,0.0,0.0,0.0,0.0,0.0,0.0,3.146011,0.1903582,-2.107815,2.439604,0.0496726,-2.902132,-0.01733134,0.9895983,0.0280897,-0.140021,357.0915,196.1684,357.5801,0.6618412,0.01206019,-0.7495468,0.0062586,0.002492849,-0.1656735,2.00516,0.4215665,-4.570518,0.5796002,0.4007999,1.915001,-0.9601876,-0.04216843,0.2761554,-0.02643584,0.9978212,0.06044853,-0.2781028,0.05074152,-0.9592103,static,25.02186,-14.79722,16.83913,11.82108,30.17112148819072,-10.848089912164802,27.847638412312453,26.29892130007974,153.91586982750164
05/18/2023 18:40:34.469287,939,True,True,True,True,Eyes,2.455679,0.04688206,-2.8419,-0.4161252,0.2325111,-0.8790781,0.0,0.0,0.0,0.0,0.0,0.0,0.0,3.169823,0.1889909,-2.079038,2.438061,0.04935264,-2.90849,-0.01763822,0.9888105,0.0274211,-0.1455705,357.186,196.81,357.5403,0.6610955,0.01209871,-0.750204,0.005883084,0.002343278,-0.1557331,1.989843,0.4269342,-4.573444,0.5796003,0.4007999,1.915002,-0.9569962,-0.04286511,0.286916,-0.0268983,0.997874,0.05936376,-0.2888506,0.04909334,-0.9561146,static,25.33126,-14.81515,16.83913,11.82108,30.459754354535548,-10.857789923853185,27.957199798080634,26.454726398706516,153.83431984235088
05/18/2023 18:40:34.488831,940,True,True,True,True,Eyes,2.454747,0.04702933,-2.845415,-0.4211397,0.2321906,-0.8767718,0.0,0.0,0.0,0.0,0.0,0.0,0.0,3.193585,0.1829302,-2.049713,2.436268,0.04926243,-2.914779,-0.01790152,0.9880018,0.02590874,-0.1511983,357.3759,197.4582,357.521,0.6603655,0.01213702,-0.750846,0.005530099,0.002202682,-0.1463891,1.975419,0.4332191,-4.576537,0.5796004,0.4008,1.915002,-0.9536374,-0.04320818,0.2978407,-0.02753876,0.9980165,0.05660911,-0.2996959,0.04578239,-0.9529357,static,25.65636,-14.83283,16.83913,11.82108,30.76301116618211,-10.866896505353104,28.074445019643754,26.619893775847704,153.74647429969056
05/18/2023 18:40:34.499415,941,True,True,True,True,Eyes,2.453754,0.04714965,-2.849042,-0.426928,0.2316138,-0.874121,0.0,0.0,0.0,0.0,0.0,0.0,0.0,3.219088,0.1803651,-2.017236,2.434469,0.04910273,-2.921514,-0.0179762,0.9870647,0.02528375,-0.1572926,357.4633,198.1635,357.5078,0.6596483,0.01217472,-0.7514755,0.005198293,0.002070521,-0.1376058,1.962152,0.443134,-4.578875,0.5796002,0.4008,1.915001,-0.949872,-0.04344124,0.309607,-0.02753345,0.9980751,0.05556845,-0.311425,0.04425835,-0.9492398,static,26.03127,-14.8405,16.83913,11.82108,31.11248717802852,-10.865493061960276,28.20168941528149,26.803158814349473,153.6520291637156
05/18/2023 18:40:34.519083,942,True,True,True,True,Eyes,2.452733,0.04724094,-2.852795,-0.4329129,0.230938,-0.8713519,0.0,0.0,0.0,0.0,0.0,0.0,0.0,3.244615,0.1749835,-1.984048,2.432802,0.04861122,-2.928087,-0.01752767,0.9860936,0.02462747,-0.1634193,357.5446,198.8719,357.5552,0.65894,0.01221114,-0.7520961,0.004886395,0.00194629,-0.1293494,1.950023,0.4469811,-4.583187,0.5796002,0.4007999,1.915002,-0.9459741,-0.04261705,0.3214301,-0.02651864,0.9981725,0.05429869,-0.3231567,0.04284125,-0.9453754,static,26.41952,-14.84405,16.83912,11.82108,31.47431388900894,-10.859927756384849,28.333958814060907,26.99290671665566,153.55330874788538
05/18/2023 18:40:34.539107,943,True,True,True,True,Eyes,2.451663,0.04730623,-2.856664,-0.4394839,0.2300407,-0.8682944,0.0,0.0,0.0,0.0,0.0,0.0,0.0,3.269969,0.1705503,-1.950599,2.431173,0.04803395,-2.934912,-0.01793017,0.9850816,0.02315025,-0.1695788,357.7346,199.5841,357.5234,0.6582378,0.0122456,-0.7527102,0.004593212,0.001829512,-0.1215885,1.937896,0.4522576,-4.586922,0.5796004,0.4008,1.915001,-0.9418432,-0.04317695,0.3332677,-0.02747378,0.9982852,0.05169092,-0.334928,0.03952862,-0.9414143,static,26.84608,-14.8387,16.83913,11.82108,31.871665782445906,-10.845154696249324,28.476006004194126,27.198075802452887,153.44715431885513
05/18/2023 18:40:34.554589,944,True,True,True,True,Eyes,2.450573,0.0473402,-2.860657,-0.4462383,0.2291113,-0.8650892,0.0,0.0,0.0,0.0,0.0,0.0,0.0,3.296221,0.1679532,-1.914518,2.429486,0.04752782,-2.941768,-0.01877299,0.9839615,0.02152599,-0.1760799,357.9512,200.3371,357.4465,0.6575383,0.01227763,-0.7533208,0.004317619,0.001719741,-0.1142932,1.926517,0.4636003,-4.589536,0.5796002,0.4007999,1.915001,-0.9372872,-0.04452439,0.3457034,-0.02936321,0.9983684,0.04897258,-0.3473198,0.0357504,-0.9370652,static,27.28601,-14.83373,16.83913,11.82108,32.281482695250965,-10.830431249505086,28.628939866339792,27.414543925642462,153.33115101828062
05/18/2023 18:40:34.574258,945,True,True,True,True,Eyes,2.449462,0.04734222,-2.864779,-0.4533259,0.2280883,-0.8616678,0.0,0.0,0.0,0.0,0.0,0.0,0.0,3.322756,0.1662403,-1.877401,2.428037,0.04682694,-2.9488,-0.01900724,0.9827728,0.02073887,-0.1826645,358.0619,201.102,357.423,0.6568391,0.0123066,-0.7539299,0.004058562,0.001616557,-0.1074356,1.913321,0.4666332,-4.593497,0.5796002,0.4007999,1.915001,-0.9325449,-0.04493612,0.358247,-0.02978309,0.9984173,0.0477071,-0.3598238,0.03381931,-0.9324073,static,27.74899,-14.82647,16.83913,11.82108,32.712732888407565,-10.813036594916454,28.794391228537897,27.645515055631236,153.20417951684078
05/18/2023 18:40:34.589798,946,True,True,True,True,Eyes,2.448327,0.0473046,-2.869031,-0.4605778,0.2270143,-0.8580982,0.0,0.0,0.0,0.0,0.0,0.0,0.0,3.348736,0.1647832,-1.8403,2.426456,0.04609893,-2.956024,-0.01946671,0.9815434,0.01971634,-0.1892216,358.2042,201.8643,357.3807,0.6561389,0.01233192,-0.754539,0.003815048,0.001519564,-0.1009894,1.898473,0.4844126,-4.594244,0.5795999,0.4007999,1.915,-0.9276323,-0.04567636,0.3706908,-0.03075333,0.9984646,0.04607192,-0.372226,0.03133784,-0.9276128,static,28.22435,-14.81841,16.83913,11.82109,33.15550300409796,-10.79460969528051,28.9704365638214,27.887163726631787,153.06734563829744
05/18/2023 18:40:34.599067,947,True,True,True,True,Eyes,2.447169,0.0472201,-2.87341,-0.4679855,0.2259335,-0.8543674,0.0,0.0,0.0,0.0,0.0,0.0,0.0,3.374338,0.1668955,-1.802745,2.424862,0.04512978,-2.963428,-0.02030118,0.9802521,0.01890566,-0.1957961,358.3316,202.6307,357.2933,0.6554356,0.01235288,-0.7551497,0.0,0.0,0.0,1.885713,0.50244,-4.594349,0.5795997,0.4008,1.915,-0.9225037,-0.04720387,0.3830915,-0.03239725,0.9984609,0.04501442,-0.3846267,0.02911485,-0.922613,static,28.71202,-14.81253,16.83913,11.82109,33.60978501291815,-10.77794154063434,29.160165144534073,28.14198102722874,152.91783486658622
05/18/2023 18:40:34.619110,948,True,True,True,True,Eyes,2.445997,0.0470935,-2.877916,-0.4755556,0.2247533,-0.8504897,0.0,0.0,0.0,0.0,0.0,0.0,0.0,3.400316,0.16738,-1.763697,2.4233,0.04395346,-2.970938,-0.02080001,0.9788856,0.0181091,-0.2025401,358.4512,203.4173,357.2444,0.6547279,0.01236864,-0.7557631,0.0,0.0,0.0,1.870008,0.5045702,-4.598105,0.5796003,0.4007999,1.915002,-0.9170898,-0.04805728,0.3957738,-0.03338601,0.9984788,0.04387916,-0.3972805,0.02702781,-0.9172992,static,29.21196,-14.80278,16.83912,11.82108,34.0754255282536,-10.7573700284087,29.35842453138792,28.40557399435284,152.76007329588418
05/18/2023 18:40:34.638760,949,True,True,True,True,Eyes,2.444808,0.04694405,-2.882547,-0.4831804,0.2236209,-0.8464811,0.0,0.0,0.0,0.0,0.0,0.0,0.0,3.426507,0.16507,-1.723673,2.421916,0.04284902,-2.978545,-0.02149111,0.9774582,0.01649074,-0.2093846,358.6684,204.2142,357.1953,0.6540143,0.0123786,-0.7563806,0.0,0.0,0.0,1.856561,0.5243273,-4.597546,0.5795999,0.4008,1.915,-0.9113927,-0.04891913,0.4086207,-0.0351075,0.9985324,0.04123783,-0.4100382,0.02323821,-0.9117725,static,29.71818,-14.79816,16.83913,11.82109,34.54701599961333,-10.741456612812968,29.57117514514768,28.68166202002003,152.5885972043289
05/18/2023 18:40:34.654700,950,True,True,True,True,Eyes,2.443613,0.04675839,-2.887304,-0.4909596,0.2224796,-0.8422953,0.0,0.0,0.0,0.0,0.0,0.0,0.0,3.452262,0.1640838,-1.683256,2.420509,0.04219445,-2.986259,-0.02229545,0.9759719,0.01507346,-0.216228,358.8666,205.0127,357.1313,0.653293,0.01238269,-0.7570036,0.0,0.0,0.0,1.8435,0.5275664,-4.600271,0.5796001,0.4007999,1.915001,-0.9054967,-0.05003806,0.4213927,-0.03700085,0.9985514,0.03906434,-0.422737,0.01978075,-0.9060366,static,30.23718,-14.79591,16.83912,11.82108,35.030559941256186,-10.727469029320485,29.798861864569595,28.97180613051248,152.40318589771593
05/18/2023 18:40:34.669286,951,True,True,True,True,Eyes,2.442402,0.04652115,-2.892173,-0.4987475,0.2214464,-0.8379811,0.0,0.0,0.0,0.0,0.0,0.0,0.0,3.478208,0.1676139,-1.641024,2.419244,0.04115153,-2.994086,-0.02292288,0.9743831,0.01472044,-0.2232387,358.9427,205.8355,357.0622,0.6525641,0.01238054,-0.7576321,0.0,0.0,0.0,1.828245,0.5205261,-4.6049,0.5795998,0.4007999,1.915,-0.899278,-0.05124368,0.4343651,-0.03809899,0.9985157,0.03892125,-0.4357148,0.01845215,-0.8998956,static,30.76016,-14.8027,16.83913,11.82109,35.51798581811052,-10.72185209759234,30.043656072871688,29.27599516821182,152.20178954821336
05/18/2023 18:40:34.688763,952,True,True,True,True,Eyes,2.441185,0.04625716,-2.897167,-0.5067042,0.2202645,-0.8335072,0.0,0.0,0.0,0.0,0.0,0.0,0.0,3.504023,0.1666299,-1.597996,2.418012,0.03971162,-3.001862,-0.02326396,0.9727444,0.01368469,-0.2303036,359.0885,206.6633,357.044,0.6518258,0.01237138,-0.7582675,0.0,0.0,0.0,1.8143,0.5171258,-4.608727,0.5796006,0.4008,1.915001,-0.8928381,-0.05156304,0.4474164,-0.03895651,0.998543,0.03733895,-0.4486898,0.01590786,-0.893546,static,31.29618,-14.80272,16.83914,11.82108,36.017432003271814,-10.709599675986514,30.29575435604138,29.58780848296594,151.99287219025985
05/18/2023 18:40:34.699836,953,True,True,True,True,Eyes,2.410335,0.03876366,-3.024783,-0.6897628,0.1888809,-0.6989645,0.0,0.0,0.0,0.0,0.0,0.0,0.0,3.530344,0.1625824,-1.553107,2.416779,0.03885007,-3.009912,-0.02410309,0.9709926,0.01144974,-0.2376159,359.3823,207.5179,357.0048,0.6510778,0.01235519,-0.7589101,0.0,0.0,0.0,1.799021,0.509869,-4.612783,0.5795997,0.4008,1.915,-0.8859157,-0.05224914,0.4608946,-0.04136657,0.9985759,0.03368979,-0.4619984,0.01078068,-0.8868155,static,44.62037,-15.12184,16.83912,11.82109,48.43859866795697,-10.703275922091944,38.70037891994599,38.805593827165744,144.566051366943
05/18/2023 18:40:34.719273,954,True,True,True,True,Eyes,2.41029,0.03871031,-3.025096,-0.6901831,0.1887718,-0.698579,0.0,0.0,0.0,0.0,0.0,0.0,0.0,3.555726,0.1634552,-1.508144,2.415574,0.03771023,-3.017942,-0.02420693,0.9692021,0.01114056,-0.2448211,359.4418,208.3674,356.9975,0.6483248,0.01212255,-0.761267,-0.0925498,-0.02248052,-0.3828464,1.783886,0.5034579,-4.616843,0.5795999,0.4008,1.915,-0.8789536,-0.05237771,0.4740228,-0.04146793,0.9985798,0.03344763,-0.4751016,0.009742164,-0.8798774,static,44.65362,-15.12146,16.83913,11.82109,48.4695726308226,-10.70215903386892,38.72398293645166,38.83016415189919,144.54422253461627
05/18/2023 18:40:34.739031,955,True,True,True,True,Eyes,2.410193,0.03867549,-3.025689,-0.6908329,0.1885104,-0.698007,0.0,0.0,0.0,0.0,0.0,0.0,0.0,3.580703,0.1600206,-1.462889,2.414546,0.03640156,-3.025844,-0.02434122,0.9673737,0.009820587,-0.2519907,359.6142,209.211,357.0167,0.6458353,0.01191162,-0.7633835,-0.08699682,-0.02113169,-0.3598756,1.769597,0.5027868,-4.61948,0.5796001,0.4007999,1.915001,-0.8718163,-0.05204349,0.4870602,-0.0421447,0.9986221,0.03126787,-0.4880163,0.006732834,-0.8728084,static,44.70404,-15.11329,16.83912,11.82108,48.51639552355091,-10.69335735059429,38.75453591391981,38.86321749172079,144.51451939499114
05/18/2023 18:40:34.754395,956,True,True,True,True,Eyes,2.410075,0.03867172,-3.026581,-0.6919085,0.1882132,-0.697021,0.0,0.0,0.0,0.0,0.0,0.0,0.0,3.606246,0.1571156,-1.414723,2.413914,0.036887,-3.033611,-0.02623768,0.9653728,0.006593421,-0.2594678,0.0507323,210.0869,356.8999,0.6435799,0.01172065,-0.7652889,-0.08177701,-0.01986379,-0.338283,1.756055,0.5073671,-4.620976,0.5796,0.4008,1.915,-0.8639762,-0.05407985,0.5006202,-0.04723673,0.9985362,0.02634588,-0.5013122,-0.0008854462,-0.8652661,static,44.7891,-15.11092,16.83913,11.82109,48.5956061463984,-10.68919166071462,38.814095192867754,38.92539733492101,144.45914802781735
05/18/2023 18:40:34.768648,957,True,True,True,True,Eyes,2.409924,0.03876047,-3.027738,-0.6931249,0.1879723,-0.6958767,0.0,0.0,0.0,0.0,0.0,0.0,0.0,3.63136,0.1647855,-1.365407,2.413393,0.03763882,-3.041774,-0.02732945,0.9632847,0.006759985,-0.2670017,0.08997957,210.9819,356.7747,0.6415324,0.01154845,-0.7670087,-0.07687039,-0.01867196,-0.317986,1.743527,0.515653,-4.621749,0.5795999,0.4008,1.915,-0.8559263,-0.05626194,0.5140278,-0.04904223,0.9984148,0.0276176,-0.5147668,-0.001570439,-0.8573287,static,44.88649,-15.11615,16.83913,11.82109,48.68645132223731,-10.691857573524103,38.887906883595576,39.00108567527417,144.39205936901772
05/18/2023 18:40:34.788761,958,True,True,True,True,Eyes,2.409738,0.03882143,-3.029191,-0.6947073,0.1880611,-0.6942728,0.0,0.0,0.0,0.0,0.0,0.0,0.0,3.655016,0.17215,-1.317267,2.412913,0.0399578,-3.049627,-0.02890567,0.9611951,0.006521654,-0.2742738,0.1901635,211.8462,356.6092,0.6396689,0.01139548,-0.7685658,-0.07225817,-0.01755165,-0.2989069,1.730177,0.5218095,-4.622638,0.5796002,0.4007998,1.915002,-0.8478767,-0.05914541,0.5268843,-0.05199054,0.9982439,0.0283933,-0.5276383,-0.003318975,-0.8494627,static,45.01793,-15.15629,16.83912,11.82107,48.8096931855627,-10.726420996965835,39.010553515500135,39.1216934714191,144.28659535178457
05/18/2023 18:40:34.799279,959,True,True,True,True,Eyes,2.409582,0.03890759,-3.030899,-0.6963358,0.188111,-0.6926259,0.0,0.0,0.0,0.0,0.0,0.0,0.0,3.678752,0.1881052,-1.266428,2.411973,0.03928172,-3.058313,-0.02802505,0.9589825,0.01095263,-0.2818641,359.7016,212.7672,356.5644,0.6379678,0.01125906,-0.7699805,-0.06792267,-0.01649855,-0.2809725,1.713792,0.5217488,-4.623484,0.5796005,0.4008,1.915001,-0.8395347,-0.05992535,0.5399916,-0.04757675,0.9981893,0.03680526,-0.5412193,0.005208247,-0.8408656,static,45.15304,-15.19451,16.83913,11.82108,48.93631778413327,-10.759103213571752,39.134634309473235,39.24403314656104,144.17947643285345
05/18/2023 18:40:34.819197,960,True,True,True,True,Eyes,2.409408,0.03904087,-3.032879,-0.6983507,0.1880489,-0.6906114,0.0,0.0,0.0,0.0,0.0,0.0,0.0,3.699972,0.1835112,-1.222467,2.411968,0.03996053,-3.065731,-0.02848869,0.9570383,0.009269595,-0.2884098,359.925,213.5433,356.5673,0.6364105,0.01113816,-0.7712699,-0.06384731,-0.01550863,-0.2641141,1.6961,0.5219946,-4.623872,0.5796002,0.4007999,1.915001,-0.8320164,-0.05987642,0.5515102,-0.04918265,0.9982049,0.03417555,-0.5525665,0.001309885,-0.8334678,static,45.31925,-15.23198,16.83913,11.82108,49.09190594499818,-10.790371428700832,39.28085144924942,39.389329670238745,144.05179593601252
05/18/2023 18:40:34.839298,961,True,True,True,True,Eyes,2.409211,0.03918922,-3.035094,-0.7002991,0.1883828,-0.6885442,0.0,0.0,0.0,0.0,0.0,0.0,0.0,3.722065,0.1962299,-1.173091,2.411447,0.04124838,-3.074352,-0.03064018,0.9547399,0.009134464,-0.2957186,0.03894222,214.4182,356.3358,0.6349794,0.01103237,-0.7724501,-0.06001647,-0.01457812,-0.2482673,1.677727,0.5226499,-4.623027,0.5795999,0.4007999,1.915001,-0.8232232,-0.06390925,0.564109,-0.05310434,0.9979554,0.03556381,-0.5652286,-0.0006796691,-0.824934,static,45.48493,-15.30143,16.83912,11.82108,49.24761405235076,-10.851586211036508,39.44886537349585,39.55199463817635,143.91030593812857
05/18/2023 18:40:34.854435,962,True,True,True,True,Eyes,2.409002,0.03935269,-3.03753,-0.7025573,0.1887048,-0.6861514,0.0,0.0,0.0,0.0,0.0,0.0,0.0,3.740422,0.2054017,-1.13213,2.410838,0.04165967,-3.082334,-0.02922786,0.9528503,0.01319842,-0.3017417,359.5695,215.1569,356.3497,0.6336585,0.01094054,-0.7735351,-0.05641548,-0.01370343,-0.2333713,1.65845,0.5130703,-4.623868,0.5795999,0.4008,1.914999,-0.8161956,-0.06366458,0.5742576,-0.04773452,0.997943,0.04279077,-0.5758007,0.007513716,-0.8175557,static,45.67685,-15.37727,16.83913,11.82109,49.42789436987912,-10.9181815498266,39.6404450213163,39.73791682728545,143.7484395963178
05/18/2023 18:40:34.868919,963,True,True,True,True,Eyes,2.408782,0.03958379,-3.040181,-0.7048314,0.1889848,-0.6837378,0.0,0.0,0.0,0.0,0.0,0.0,0.0,3.761038,0.2016123,-1.083924,2.410428,0.04218765,-3.090147,-0.02871225,0.9506375,0.01307325,-0.308696,359.5915,215.9927,356.4073,0.632435,0.01086163,-0.774537,-0.05303055,-0.01288122,-0.219369,1.637847,0.502944,-4.624262,0.5796003,0.4007999,1.915002,-0.8077647,-0.06266119,0.5861651,-0.04651855,0.9980094,0.04258255,-0.5876665,0.007129133,-0.8090718,static,45.87031,-15.45077,16.83913,11.82108,49.60956469778757,-10.98255130886163,39.83168606291855,39.92376474172311,143.58654001042606
05/18/2023 18:40:34.888908,964,True,True,True,True,Eyes,2.408534,0.03983916,-3.043044,-0.7073683,0.1895381,-0.6809591,0.0,0.0,0.0,0.0,0.0,0.0,0.0,3.77991,0.2015979,-1.038925,2.410021,0.04402614,-3.097997,-0.02916645,0.9484946,0.01267483,-0.315193,359.6758,216.7745,356.3696,0.6312962,0.01079605,-0.7754664,-0.04984872,-0.01210835,-0.2062068,1.616977,0.5015272,-4.622891,0.5796002,0.4007999,1.915001,-0.7996054,-0.06331848,0.5971783,-0.04733841,0.9979773,0.04243013,-0.598657,0.00565789,-0.8009855,static,46.08977,-15.55401,16.83913,11.82108,49.816031761681394,-11.074163561186172,40.062394997275184,40.14558789612654,143.3943384980686
05/18/2023 18:40:34.899202,965,True,True,True,True,Eyes,2.408228,0.04007788,-3.046048,-0.7100044,0.1900334,-0.6780716,0.0,0.0,0.0,0.0,0.0,0.0,0.0,3.798618,0.2068857,-0.9906263,2.409139,0.04488329,-3.106071,-0.02769374,0.946191,0.01618511,-0.3220153,359.267,217.6128,356.3974,0.6302304,0.01074304,-0.7763335,-0.0468578,-0.01138185,-0.1938344,1.596395,0.5016816,-4.620004,0.5796,0.4007999,1.915001,-0.7910786,-0.06283084,0.6084795,-0.04198343,0.9979423,0.04846402,-0.6102725,0.01279279,-0.7920885,static,46.31786,-15.65583,16.83912,11.82108,50.03051272199765,-11.164249075098112,40.298594207933604,40.37318297479689,143.1970071793709
05/18/2023 18:40:34.918958,966,True,True,True,True,Eyes,2.407899,0.04036124,-3.049218,-0.712916,0.1903519,-0.6749199,0.0,0.0,0.0,0.0,0.0,0.0,0.0,3.817271,0.1949298,-0.9419513,2.408611,0.04480552,-3.113424,-0.02582036,0.9438996,0.01615918,-0.3288252,359.2251,218.4365,356.596,0.6292281,0.01070089,-0.7771467,-0.04404633,-0.01069894,-0.1822044,1.57467,0.5011776,-4.616538,0.5796001,0.4007999,1.915001,-0.7824149,-0.05937074,0.6199213,-0.03811655,0.9981444,0.04748606,-0.6215904,0.01352453,-0.7832261,static,46.56825,-15.75038,16.83913,11.82108,50.26563255761529,-11.247019091281722,40.54634363917417,40.61364633863173,142.98774806059842
05/18/2023 18:40:34.938732,967,True,True,True,True,Eyes,2.407543,0.04067055,-3.052552,-0.7160482,0.1907966,-0.6714697,0.0,0.0,0.0,0.0,0.0,0.0,0.0,3.835205,0.1807229,-0.8928847,2.407821,0.0460346,-3.120732,-0.0254041,0.9415294,0.01367853,-0.3356933,359.5014,219.2606,356.731,0.6282805,0.01066964,-0.7779135,-0.04140355,-0.010057,-0.1712721,1.55401,0.4985892,-4.613542,0.5796002,0.4007999,1.915001,-0.7733295,-0.057021,0.6314352,-0.03865385,0.9983351,0.04281345,-0.6328251,0.008701498,-0.774246,static,46.84018,-15.86238,16.83913,11.82108,50.52115756947217,-11.345629820398871,40.822015612584586,40.880012537831355,142.75655317771586
05/18/2023 18:40:34.954725,968,True,True,True,True,Eyes,2.407135,0.04098393,-3.056004,-0.7197195,0.1911497,-0.6674321,0.0,0.0,0.0,0.0,0.0,0.0,0.0,3.851656,0.1758841,-0.8450308,2.406863,0.04693578,-3.12811,-0.02394181,0.939168,0.01495668,-0.3422962,359.3294,220.0688,356.8349,0.6273803,0.01064882,-0.77864,-0.03891933,-0.009453582,-0.1609958,1.532802,0.4972293,-4.610124,0.5796006,0.4008,1.915,-0.7645205,-0.05521,0.642231,-0.03473154,0.9984062,0.04448406,-0.6436634,0.0117033,-0.7652195,static,47.15869,-15.98149,16.83915,11.82109,50.82022075308806,-11.449829406945184,41.1370630996915,41.18554187540713,142.49079984114357
05/18/2023 18:40:34.968971,969,True,True,True,True,Eyes,2.406689,0.04130236,-3.059578,-0.72378,0.1913134,-0.6629793,0.0,0.0,0.0,0.0,0.0,0.0,0.0,3.867193,0.1681499,-0.7971678,2.405849,0.04734052,-3.135056,-0.02270952,0.9367861,0.01510867,-0.3488382,359.2859,220.8674,356.9566,0.6265197,0.01063746,-0.7793327,-0.03658417,-0.008886367,-0.151336,1.511508,0.4961194,-4.605872,0.5796005,0.4008,1.915001,-0.7555928,-0.05308888,0.6528872,-0.03200696,0.998512,0.04415108,-0.6542596,0.01246329,-0.7561675,static,47.51046,-16.09635,16.83914,11.82108,51.15019294143047,-11.54928941670309,41.47424222752358,41.51412435090996,142.20401065167613
05/18/2023 18:40:34.988897,970,True,True,True,True,Eyes,2.406204,0.04164079,-3.063281,-0.7280089,0.1914794,-0.6582847,0.0,0.0,0.0,0.0,0.0,0.0,0.0,3.88203,0.1641436,-0.7489309,2.404886,0.0478076,-3.14201,-0.02290396,0.9343336,0.0138881,-0.3553919,359.4458,221.6652,356.9806,0.625693,0.01063473,-0.7799966,-0.03438912,-0.008353185,-0.1422559,1.489398,0.4985117,-4.600768,0.5796005,0.4007999,1.915002,-0.7463443,-0.05267132,0.663473,-0.03292845,0.9985651,0.042232,-0.6647453,0.00967247,-0.7470077,static,47.87929,-16.21846,16.83913,11.82107,51.49620022369999,-11.655145132309894,41.82949647612914,41.859827919246975,141.90237663927104
05/18/2023 18:40:35.008788,971,True,True,True,True,Eyes,2.405666,0.04198917,-3.067086,-0.7324533,0.1916352,-0.6532902,0.0,0.0,0.0,0.0,0.0,0.0,0.0,3.895276,0.1679659,-0.70263,2.403515,0.04862826,-3.14894,-0.02325876,0.931909,0.01436919,-0.3616605,359.4294,222.4364,356.9191,0.6248946,0.01064024,-0.7806363,-0.03232577,-0.007851994,-0.1337205,1.468688,0.5062505,-4.594146,0.5796001,0.4007999,1.915002,-0.7373216,-0.05374363,0.673401,-0.03295656,0.9985051,0.0436051,-0.6747378,0.009957996,-0.7379906,static,48.26958,-16.34845,16.83912,11.82107,51.86235446655056,-11.767885526997476,42.20658328794217,42.22636351088784,141.58263114084005
05/18/2023 18:40:35.023972,972,True,True,True,True,Eyes,2.405083,0.04233425,-3.070997,-0.7370226,0.1918516,-0.6480668,0.0,0.0,0.0,0.0,0.0,0.0,0.0,3.907878,0.1716575,-0.6557865,2.402119,0.04921942,-3.155699,-0.02327206,0.9294362,0.01533375,-0.3679292,359.3481,223.2113,356.8731,0.6241205,0.0106534,-0.7812551,-0.03038623,-0.007380874,-0.1256973,1.447466,0.5109766,-4.58767,0.5796002,0.4007999,1.915001,-0.7281734,-0.05454325,0.6832196,-0.03197631,0.9984465,0.04562842,-0.684647,0.01137856,-0.7287864,static,48.67471,-16.49069,16.83913,11.82108,52.242571243943694,-11.891752630551576,42.60352654968013,42.61105588081483,141.24762483027547
05/18/2023 18:40:35.039061,973,True,True,True,True,Eyes,2.404453,0.04265878,-3.074997,-0.741732,0.1920062,-0.6426252,0.0,0.0,0.0,0.0,0.0,0.0,0.0,3.919768,0.1706721,-0.6090965,2.400499,0.04947104,-3.162254,-0.02269736,0.9269524,0.01607085,-0.374147,359.2661,223.981,356.8983,0.6233655,0.01067333,-0.7818575,-0.02856305,-0.006938022,-0.1181554,1.42603,0.5148052,-4.581144,0.5795997,0.4007999,1.915001,-0.718998,-0.05410446,0.6929034,-0.03005303,0.9984531,0.04677811,-0.6943625,0.01280952,-0.7195118,static,49.09485,-16.63531,16.83912,11.82108,52.63681952418164,-12.01750387502803,43.013930879018716,43.008759251928446,140.90113563755804
05/18/2023 18:40:35.054597,974,True,True,True,True,Eyes,2.403776,0.04296313,-3.079074,-0.7465497,0.1921092,-0.636991,0.0,0.0,0.0,0.0,0.0,0.0,0.0,3.931135,0.1661061,-0.5619812,2.398844,0.04930466,-3.168652,-0.02200604,0.9244287,0.01603859,-0.3803816,359.2602,224.7517,356.9681,0.6226259,0.01069881,-0.7824461,-0.02684927,-0.00652174,-0.1110661,1.405498,0.5199904,-4.57455,0.5796003,0.4007999,1.915002,-0.7096511,-0.05288759,0.7025654,-0.02848446,0.998517,0.04639445,-0.7039772,0.01291168,-0.7101052,static,49.52765,-16.78271,16.83913,11.82108,53.0429173316641,-12.145567473569232,43.43634586558243,43.41790423637125,140.544613370088
05/18/2023 18:40:35.069043,975,True,True,True,True,Eyes,2.403039,0.04324904,-3.083212,-0.7514541,0.1920529,-0.6312151,0.0,0.0,0.0,0.0,0.0,0.0,0.0,3.941622,0.1592422,-0.5152178,2.397093,0.04913138,-3.1747,-0.02153689,0.921901,0.01506365,-0.3865328,359.3626,225.5108,357.0561,0.6218989,0.01072875,-0.7830237,-0.02523831,-0.006130436,-0.1044021,1.38364,0.5234764,-4.567788,0.5795999,0.4007999,1.915001,-0.7002569,-0.05135496,0.7120412,-0.02806458,0.9986185,0.04442382,-0.7133389,0.01112496,-0.7007307,static,49.97002,-16.92286,16.83912,11.82108,53.45779300311058,-12.266625723859804,43.86194958655623,43.83086560345355,140.18385117926096
05/18/2023 18:40:35.088757,976,True,True,True,True,Eyes,2.402245,0.04351214,-3.087403,-0.7564545,0.1919265,-0.6252526,0.0,0.0,0.0,0.0,0.0,0.0,0.0,3.951687,0.1494044,-0.4653387,2.395066,0.04900572,-3.180556,-0.02107249,0.919188,0.01333947,-0.3930289,359.544,226.3127,357.1784,0.6211815,0.0107622,-0.7835924,-0.02372402,-0.00576261,-0.09813802,1.36144,0.5241662,-4.560998,0.5796003,0.4007999,1.915,-0.6901688,-0.04922475,0.7219726,-0.02825356,0.9987561,0.04108716,-0.723097,0.007958772,-0.6907011,static,50.42433,-17.0643,16.83914,11.82108,53.88381873234257,-12.38861811746295,44.29819595740327,44.254013437440484,139.81391290763122
05/18/2023 18:40:35.108913,977,True,True,True,True,Eyes,2.401392,0.04376288,-3.091633,-0.7614421,0.1916696,-0.6192485,0.0,0.0,0.0,0.0,0.0,0.0,0.0,3.961002,0.1325687,-0.4159546,2.392942,0.04872651,-3.186153,-0.01976747,0.9164852,0.01125812,-0.3994217,359.7224,227.1032,357.4078,0.620471,0.01079825,-0.7841548,0.0,0.0,0.0,1.339917,0.5223285,-4.554732,0.5796001,0.4008,1.915001,-0.6801436,-0.04522666,0.731683,-0.02723973,0.998965,0.03642691,-0.7325732,0.004844675,-0.6806716,static,50.88,-17.19832,16.83913,11.82108,54.31096925488031,-12.503633988770195,44.731492337243786,44.67471821711986,139.44525304883348
05/18/2023 18:40:35.118965,978,True,True,True,True,Eyes,2.400476,0.04403302,-3.095894,-0.7664894,0.1913252,-0.6130975,0.0,0.0,0.0,0.0,0.0,0.0,0.0,3.969396,0.1128993,-0.3677673,2.390759,0.04871103,-3.191551,-0.01838748,0.9138126,0.008634886,-0.4056277,359.9505,227.8724,357.6725,0.6197655,0.01083629,-0.7847118,0.0,0.0,0.0,1.319457,0.5184696,-4.549361,0.5796,0.4007999,1.915,-0.6702563,-0.04061053,0.741018,-0.02660033,0.9991747,0.03069828,-0.741653,0.0008643866,-0.6707834,static,51.34448,-17.33123,16.83913,11.82108,54.74630734166051,-12.617409172097805,45.17163221490451,45.10203816932049,139.07029079812835
05/18/2023 18:40:35.139106,979,True,True,True,True,Eyes,2.399454,0.04431277,-3.100158,-0.7714672,0.1910181,-0.6069188,0.0,0.0,0.0,0.0,0.0,0.0,0.0,3.976458,0.09466878,-0.3224931,2.388327,0.04945018,-3.196658,-0.0172004,0.9112484,0.00620926,-0.4114512,0.1625995,228.5977,357.9107,0.6190628,0.01087665,-0.7852657,0.0,0.0,0.0,1.298585,0.5118973,-4.544334,0.5796003,0.4007999,1.915001,-0.6608244,-0.03645729,0.7496548,-0.02623806,0.9993312,0.02547061,-0.750082,-0.002837893,-0.661339,static,51.80761,-17.47057,16.83913,11.82108,55.18051095201734,-12.737233973070122,45.615735807206924,45.53210162629889,138.69352308424064
05/18/2023 18:40:35.154787,980,True,True,True,True,Eyes,2.398355,0.0445792,-3.104439,-0.7764598,0.1907937,-0.6005896,0.0,0.0,0.0,0.0,0.0,0.0,0.0,3.982481,0.08139224,-0.2783551,2.385366,0.04994266,-3.201841,-0.01528347,0.9086879,0.006327131,-0.4171486,0.07174454,229.3154,358.1058,0.6183618,0.01091929,-0.7858173,0.0,0.0,0.0,1.276508,0.5087074,-4.537588,0.5796003,0.4007999,1.915001,-0.6515073,-0.0330545,0.7579223,-0.02249709,0.9994527,0.02424973,-0.758309,-0.001252178,-0.6518943,static,52.27814,-17.62388,16.83913,11.82108,55.62187776115882,-12.869965789395009,46.07525473810969,45.97552899184163,138.30635127102963
05/18/2023 18:40:35.168940,981,True,True,True,True,Eyes,2.397152,0.04484132,-3.10871,-0.7814803,0.1904922,-0.5941392,0.0,0.0,0.0,0.0,0.0,0.0,0.0,3.987672,0.06554584,-0.2352657,2.382445,0.04986319,-3.206656,-0.01324355,0.9061661,0.005873693,-0.4226737,0.03153082,230.0122,358.3401,0.6176603,0.01096368,-0.7863682,0.0,0.0,0.0,1.255042,0.5060189,-4.530418,0.5796002,0.4007999,1.915001,-0.6423431,-0.02896702,0.7658697,-0.0190364,0.9995802,0.02184048,-0.7661808,-0.0005503171,-0.6426249,static,52.75522,-17.77683,16.83913,11.82108,56.069340735432085,-13.00221068313499,46.54032442147562,46.42418760394011,137.91433190630278
05/18/2023 18:40:35.189139,982,True,True,True,True,Eyes,2.395865,0.04510931,-3.112992,-0.7864987,0.1902025,-0.5875736,0.0,0.0,0.0,0.0,0.0,0.0,0.0,3.992146,0.05597178,-0.1916928,2.379259,0.05003194,-3.211499,-0.01271127,0.9035607,0.004346546,-0.4282498,0.1737476,230.7157,358.4704,0.6169574,0.01100953,-0.7869192,0.0,0.0,0.0,1.232882,0.4988185,-4.52384,0.5796,0.4007999,1.915,-0.6328815,-0.02669362,0.7737888,-0.01924799,0.999639,0.01874193,-0.7740098,-0.003032463,-0.6331668,static,53.23751,-17.93721,16.83913,11.82108,56.52180081817822,-13.14129105207471,47.01486882198546,46.881065813453425,137.51585498811176
05/18/2023 18:40:35.208671,983,True,True,True,True,Eyes,2.394474,0.04537256,-3.117275,-0.7917076,0.1900003,-0.5806022,0.0,0.0,0.0,0.0,0.0,0.0,0.0,3.995624,0.05288406,-0.1540575,2.375979,0.05043757,-3.216165,-0.01242278,0.9012401,0.004143519,-0.4331224,0.1886499,231.334,358.5112,0.6162514,0.01105686,-0.7874716,0.0,0.0,0.0,1.209348,0.4903295,-4.516249,0.5796006,0.4007999,1.915001,-0.6245014,-0.02598111,0.7805915,-0.01880251,0.999657,0.01822978,-0.7807975,-0.003292555,-0.6247757,static,53.74538,-18.12053,16.83914,11.82108,56.998535784260056,-13.301258484039549,47.52442067326754,47.36991619861174,137.09143530393797
05/18/2023 18:40:35.219275,984,True,True,True,True,Eyes,2.39298,0.04562394,-3.121567,-0.7968899,0.1897938,-0.5735371,0.0,0.0,0.0,0.0,0.0,0.0,0.0,3.998446,0.05256518,-0.1158051,2.372226,0.0505868,-3.220827,-0.01220211,0.8988388,0.004489967,-0.4380866,0.150095,231.9665,358.5176,0.6155407,0.01110543,-0.7880265,0.0,0.0,0.0,1.186534,0.4857115,-4.507599,0.5796002,0.4007999,1.915001,-0.6158628,-0.02586945,0.7874289,-0.01800147,0.9996619,0.01876267,-0.787648,-0.002619647,-0.6161203,static,54.25671,-18.31031,16.83913,11.82108,57.47861864945426,-13.467193499074307,48.041398360044646,47.86506883159269,136.66244862698537
05/18/2023 18:40:35.239109,985,True,True,True,True,Eyes,2.391417,0.04586023,-3.125919,-0.8021219,0.1895962,-0.566263,0.0,0.0,0.0,0.0,0.0,0.0,0.0,4.000736,0.05157872,-0.07991648,2.368261,0.05055469,-3.225479,-0.01215173,0.8965348,0.004287481,-0.4427859,0.1760977,232.566,358.5339,0.6148244,0.0111548,-0.7885848,0.0,0.0,0.0,1.163662,0.4798215,-4.499084,0.5796,0.4008,1.915,-0.607586,-0.02558577,0.7938417,-0.01799203,0.9996679,0.01844898,-0.7940502,-0.003073477,-0.6078447,static,54.77958,-18.51158,16.83913,11.82109,57.96967463129478,-13.643619382678288,48.57518518267738,48.37533592246358,136.221626507645
05/18/2023 18:40:35.254703,986,True,True,True,True,Eyes,2.38974,0.04608861,-3.130276,-0.8072828,0.1893507,-0.558964,0.0,0.0,0.0,0.0,0.0,0.0,0.0,4.002439,0.05301742,-0.04737854,2.364118,0.05046096,-3.23001,-0.01249719,0.8943873,0.003962193,-0.4471014,0.2342003,233.1176,358.516,0.6141019,0.01120447,-0.7891468,0.0,0.0,0.0,1.140634,0.4737084,-4.490151,0.5796,0.4007999,1.915001,-0.5998888,-0.02589767,0.7996646,-0.01881166,0.9996562,0.01826249,-0.7998626,-0.004087556,-0.6001697,static,55.30121,-18.71397,16.83912,11.82108,58.459596717772136,-13.821122014097714,49.10928268332373,48.88544370614232,135.7815119261603
05/18/2023 18:40:35.269204,987,True,True,True,True,Eyes,2.387958,0.04631941,-3.134669,-0.8124029,0.1891107,-0.5515782,0.0,0.0,0.0,0.0,0.0,0.0,0.0,4.00379,0.0518203,-0.01895857,2.359714,0.05051044,-3.234591,-0.0126803,0.8924422,0.00326816,-0.4509718,0.3210661,233.613,358.5341,0.6133713,0.01125425,-0.7897142,0.0,0.0,0.0,1.117582,0.468048,-4.480589,0.5796002,0.4007999,1.915,-0.5929272,-0.02558057,0.8048496,-0.01968517,0.999657,0.0172702,-0.8050154,-0.005603631,-0.5932274,static,55.82559,-18.92448,16.83914,11.82109,58.9522370086286,-14.00616230256034,49.65111638450237,49.40202324964304,135.33718518727102
05/18/2023 18:40:35.288996,988,True,True,True,True,Eyes,2.386035,0.04649498,-3.139064,-0.8174385,0.1888903,-0.5441642,0.0,0.0,0.0,0.0,0.0,0.0,0.0,4.004539,0.05626432,0.00543642,2.354838,0.05081663,-3.239087,-0.01327195,0.8906828,0.003393627,-0.4544192,0.3447374,234.056,358.4685,0.6126315,0.01130418,-0.7902876,0.0,0.0,0.0,1.094378,0.4592083,-4.471225,0.5796003,0.4007999,1.915001,-0.5866541,-0.02672645,0.8093965,-0.02055793,0.9996247,0.01810735,-0.8095766,-0.006016769,-0.5869834,static,56.34852,-19.14292,16.83913,11.82108,59.443678435425305,-14.198658552096468,50.197222972711344,49.921682080093774,134.89190754549736
05/18/2023 18:40:35.299201,989,True,True,True,True,Eyes,2.383986,0.0466421,-3.143454,-0.8224698,0.1883726,-0.5367114,0.0,0.0,0.0,0.0,0.0,0.0,0.0,4.004823,0.06499398,0.03114271,2.34957,0.04966945,-3.243587,-0.01390619,0.8888134,0.004217669,-0.4580388,0.3003289,234.5232,358.362,0.6118806,0.01135292,-0.7908683,0.0,0.0,0.0,1.071311,0.4512919,-4.461423,0.5796002,0.4008,1.915,-0.5800141,-0.02858372,0.8141047,-0.0208563,0.9995776,0.02023659,-0.8143394,-0.005241704,-0.5803652,static,56.87312,-19.33983,16.83914,11.82109,59.936262694109146,-14.37096371337821,50.73186858264536,50.431990464739606,134.45172262497306
05/18/2023 18:40:35.324063,990,True,True,True,True,Eyes,2.381791,0.04682528,-3.147831,-0.8274705,0.1876537,-0.5292245,0.0,0.0,0.0,0.0,0.0,0.0,0.0,4.004673,0.06803672,0.05942488,2.344313,0.0492153,-3.247666,-0.01621387,0.8867791,0.0003246524,-0.4619091,0.8252522,235.0166,358.3348,0.6111182,0.01139983,-0.7914569,0.0,0.0,0.0,1.048358,0.4469916,-4.450028,0.5796002,0.4007999,1.914999,-0.5727544,-0.02905615,0.819212,-0.02845631,0.999474,0.01555445,-0.819233,-0.01440287,-0.57328,static,57.39828,-19.52361,16.83914,11.82109,60.42911674201101,-14.530965900794158,51.259477715146495,50.93640076180924,134.01474333013832
05/18/2023 18:40:35.341031,991,True,True,True,True,Eyes,2.379423,0.04700809,-3.152187,-0.8322374,0.1874698,-0.5217623,0.0,0.0,0.0,0.0,0.0,0.0,0.0,4.004246,0.05888896,0.09241724,2.338652,0.05030812,-3.251796,-0.01670078,0.8844531,-0.002959968,-0.4663207,1.192512,235.5842,358.465,0.6103436,0.01144604,-0.7920538,0.0,0.0,0.0,1.025668,0.4405052,-4.438715,0.5795996,0.4007999,1.915,-0.564532,-0.02678152,0.8249764,-0.0323027,0.9994246,0.01033993,-0.8247786,-0.02081174,-0.5650723,static,57.91479,-19.76343,16.83912,11.82108,60.91498656428499,-14.74362157524563,51.814977930025215,51.46227145370201,133.5692048344758
05/18/2023 18:40:35.357226,992,True,True,True,True,Eyes,2.376885,0.04721816,-3.156556,-0.8367926,0.1876397,-0.5143632,0.0,0.0,0.0,0.0,0.0,0.0,0.0,4.003647,0.03495215,0.1096373,2.33222,0.05035688,-3.255863,-0.01183509,0.8830786,0.0001109285,-0.469076,0.6249486,235.9464,358.7962,0.6095554,0.01149163,-0.7926599,0.0,0.0,0.0,1.001995,0.4294406,-4.427526,0.5796003,0.4007999,1.915001,-0.5596555,-0.0210067,0.8284592,-0.02079856,0.9997199,0.01129903,-0.8284645,-0.0109072,-0.5599356,static,58.42162,-20.04197,16.83913,11.82108,61.39258002297984,-14.992742171664286,52.38661498801578,51.99991315765631,133.12144008365107
05/18/2023 18:40:35.372994,993,True,True,True,True,Eyes,2.374159,0.04749436,-3.160949,-0.8411058,0.1882637,-0.5070481,0.0,0.0,0.0,0.0,0.0,0.0,0.0,4.003375,0.04040127,0.1181765,2.325629,0.05114738,-3.260589,-0.01034635,0.8821011,0.004860301,-0.4709216,0.06704094,236.1915,358.6918,0.6087521,0.01153739,-0.7932764,0.0,0.0,0.0,0.9796926,0.4262391,-4.414758,0.5796004,0.4007999,1.915001,-0.5562515,-0.02283069,0.8307002,-0.01367541,0.9997386,0.01831919,-0.8309013,-0.001170085,-0.5564184,static,58.91695,-20.36964,16.83913,11.82108,61.86040109814373,-15.288113491040466,52.97910333396367,52.55305151013804,132.67075875324628
05/18/2023 18:40:35.388998,994,True,True,True,True,Eyes,2.371213,0.0477372,-3.165372,-0.8451244,0.18978,-0.4997482,0.0,0.0,0.0,0.0,0.0,0.0,0.0,4.003093,0.07123142,0.1160851,2.318499,0.0528754,-3.265741,-0.01026775,0.8816377,0.01413129,-0.4716038,359.1272,236.3,358.1985,0.6079319,0.01158498,-0.7939043,0.0,0.0,0.0,0.9577987,0.4193782,-4.40244,0.5796,0.4007999,1.914999,-0.5549692,-0.03143361,0.8312771,-0.004776132,0.9993898,0.03460198,-0.8318574,0.01523274,-0.5547807,static,59.40286,-20.79434,16.83914,11.82109,62.32130719643252,-15.674524044087768,53.62309702286226,53.14730778266834,132.20438994398754
05/18/2023 18:40:35.409241,995,True,True,True,True,Eyes,2.368071,0.04788529,-3.169792,-0.8490974,0.1911117,-0.492453,0.0,0.0,0.0,0.0,0.0,0.0,0.0,4.002205,0.0876578,0.1178913,2.310278,0.05212516,-3.270952,-0.006277579,0.8807997,0.02648019,-0.4727064,357.6667,236.4852,357.9298,0.6070922,0.01163344,-0.7945461,0.0,0.0,0.0,0.9342082,0.4040599,-4.389876,0.5796,0.4007999,1.915,-0.5530185,-0.03609329,0.8323867,0.01397613,0.9985188,0.05258239,-0.8330516,0.04071258,-0.5516949,static,59.88745,-21.21029,16.83913,11.82108,62.78081542588524,-16.05277450027335,54.2607524726602,53.73630266843268,131.74356036815422
05/18/2023 18:40:35.419008,996,True,True,True,True,Eyes,2.364744,0.04796935,-3.174214,-0.8530993,0.1919512,-0.4851559,0.0,0.0,0.0,0.0,0.0,0.0,0.0,4.000871,0.0822565,0.1320453,2.302412,0.04994635,-3.275298,-0.00451824,0.8794048,0.0279265,-0.4752336,357.431,236.8183,358.0215,0.6062317,0.0116803,-0.7952021,0.0,0.0,0.0,0.911863,0.4021866,-4.374559,0.5795994,0.4007999,1.915001,-0.5482652,-0.03448994,0.8355929,0.0185965,0.9983994,0.05341183,-0.8360975,0.04482296,-0.5467463,static,60.3732,-21.58616,16.83911,11.82108,63.24063526112579,-16.3934820743608,54.874954911559605,54.30619724862765,131.29386625692396
05/18/2023 18:40:35.439278,997,True,True,True,True,Eyes,2.361259,0.04805658,-3.178649,-0.8571166,0.1917526,-0.4781025,0.0,0.0,0.0,0.0,0.0,0.0,0.0,3.999089,0.08162525,0.1604753,2.294674,0.04859023,-3.279822,-0.006929431,0.8772693,0.02263996,-0.4794144,358.1044,237.344,358.0582,0.6053501,0.01172412,-0.7958727,0.0,0.0,0.0,0.8902185,0.3994173,-4.359587,0.5795997,0.4007999,1.915001,-0.540228,-0.03386579,0.8408371,0.009549884,0.9988788,0.04636681,-0.8414646,0.03307854,-0.5392989,static,60.84708,-21.85424,16.83912,11.82108,63.68732623804602,-16.63356605996059,55.414147295289126,54.81260174558515,130.88038194798816
05/18/2023 18:40:35.457316,998,True,True,True,True,Eyes,2.357592,0.04817462,-3.183093,-0.8610481,0.1914757,-0.4710979,0.0,0.0,0.0,0.0,0.0,0.0,0.0,3.997624,0.08864787,0.1783605,2.287237,0.04889274,-3.28433,-0.009916666,0.8757153,0.01871285,-0.4823633,358.6702,237.7174,357.9695,0.6044464,0.01176531,-0.7965586,0.0,0.0,0.0,0.8698749,0.414597,-4.340839,0.5796006,0.4008,1.915,-0.5344545,-0.03542113,0.8444546,0.0006844316,0.999103,0.04234112,-0.8451968,0.02320738,-0.5339509,static,61.31598,-22.11907,16.83915,11.82109,64.12931463847855,-16.870721935774903,55.94750099579516,55.31346801360661,130.47225392622
05/18/2023 18:40:35.469653,999,True,True,True,True,Eyes,2.353748,0.04827446,-3.187588,-0.864897,0.1909625,-0.4642054,0.0,0.0,0.0,0.0,0.0,0.0,0.0,3.9961,0.09764326,0.1918073,2.279221,0.04977443,-3.289045,-0.0113217,0.8743306,0.01867617,-0.4848392,358.7578,238.0426,357.827,0.6035196,0.01180496,-0.7972604,0.0,0.0,0.0,0.8518542,0.4078451,-4.328468,0.5796002,0.4007999,1.915,-0.5296054,-0.03790768,0.8473965,-0.001687942,0.999046,0.04363668,-0.8482422,0.02167988,-0.5291642,static,61.77677,-22.36104,16.83914,11.82109,64.56330766224153,-17.08666568955205,56.460681906560424,55.79654575384186,130.0761504749486
05/18/2023 18:40:35.489081,1000,True,True,True,True,Eyes,2.349726,0.04833021,-3.192077,-0.8686755,0.19042,-0.4573218,0.0,0.0,0.0,0.0,0.0,0.0,0.0,3.994391,0.09567787,0.2064257,2.270566,0.04944136,-3.293784,-0.01023955,0.8728296,0.02024837,-0.4874974,358.5466,238.3963,357.8435,0.6025693,0.01184272,-0.7979783,0.0,0.0,0.0,0.8306092,0.4028855,-4.31289,0.5795999,0.4008,1.915,-0.5244828,-0.03761683,0.8505896,0.001867287,0.9989703,0.04533027,-0.851419,0.02536324,-0.5238726,static,62.23505,-22.6059,16.83913,11.82109,64.99501741753045,-17.30537204920497,56.97374125951797,56.27912832012988,129.6819033679616
05/18/2023 18:40:35.498878,1001,True,True,True,True,Eyes,2.345547,0.04834504,-3.196593,-0.8724702,0.1893866,-0.4504759,0.0,0.0,0.0,0.0,0.0,0.0,0.0,3.992242,0.08558652,0.2265711,2.262092,0.04836623,-3.298068,-0.009459416,0.8710398,0.01872566,-0.4907643,358.6628,238.8192,358.0018,0.601594,0.01187776,-0.7987132,0.0,0.0,0.0,0.8159814,0.419124,-4.297962,0.5796002,0.4008,1.915,-0.5181218,-0.03485883,0.8545963,0.001900714,0.9991198,0.04190627,-0.8553048,0.0233369,-0.5175995,moving,62.69168,-22.80259,16.83913,11.82109,65.42426524398353,-17.47902732438308,57.45655365791529,56.73633969422758,129.30001004058352
05/18/2023 18:40:35.519145,1002,True,True,True,True,Eyes,2.341175,0.04827494,-3.201072,-0.8762127,0.1883122,-0.44361,0.0,0.0,0.0,0.0,0.0,0.0,0.0,3.989716,0.07544257,0.2497683,2.253608,0.04749649,-3.302258,-0.009692056,0.8690647,0.01517822,-0.4943707,359.0374,239.2824,358.1744,0.6005936,0.01190933,-0.7994653,0.0,0.0,0.0,0.8015605,0.4170289,-4.285159,0.575624,0.3980506,1.915,-0.5110075,-0.03185338,0.858986,-0.001838711,0.9993514,0.03596465,-0.8595745,0.01679877,-0.5107347,moving,63.14776,-23.0012,16.73009,11.74226,65.85303744854555,-17.65449238002473,57.98023888361016,57.24712234274363,128.84896307513705
05/18/2023 18:40:35.538653,1003,True,True,True,True,Eyes,2.336618,0.04803919,-3.205522,-0.8799489,0.1870909,-0.4366772,0.0,0.0,0.0,0.0,0.0,0.0,0.0,3.9865,0.06611563,0.2733903,2.244836,0.04548819,-3.306046,0.009069107,-0.8670285,-0.01327254,0.4979991,359.1988,239.7555,358.3411,0.599568,0.01193565,-0.8002343,0.0,0.0,0.0,0.7875717,0.4133289,-4.273573,0.5719064,0.3954801,1.914999,-0.5038292,-0.02894577,0.8633181,-0.002506919,0.9994832,0.03204815,-0.8637996,0.01398253,-0.5036414,moving,63.60696,-23.19233,16.62803,11.66852,66.28457320494759,-17.822884459405866,58.50041646576031,57.7539195211294,128.40045602061656
05/18/2023 18:40:35.557318,1004,True,True,True,True,Eyes,2.331912,0.04771918,-3.209945,-0.8837317,0.1853452,-0.429727,0.0,0.0,0.0,0.0,0.0,0.0,0.0,3.982764,0.06447721,0.2976141,2.235802,0.04133986,-3.309776,0.008785366,-0.8649151,-0.01224715,0.5016918,359.2912,240.2413,358.4249,0.5985168,0.01195313,-0.8010207,0.0,0.0,0.0,0.7745656,0.4257243,-4.258207,0.5680963,0.3928452,1.915001,-0.4964562,-0.02748578,0.8676265,-0.002908598,0.9995456,0.03000058,-0.8680569,0.0123704,-0.4963106,moving,64.06801,-23.33098,16.5233,11.59288,66.7168254967611,-17.942111013063588,58.99301184279118,58.238352448672124,127.95807653650697
05/18/2023 18:40:35.574091,1005,True,True,True,True,Eyes,2.326991,0.04740212,-3.214332,-0.8874537,0.1834847,-0.4227992,0.0,0.0,0.0,0.0,0.0,0.0,0.0,3.978937,0.08621717,0.3227472,2.227568,0.03912784,-3.3136,0.01395498,-0.8627337,-0.007197843,0.5054149,0.09662738,240.7245,358.2032,0.5974401,0.01196056,-0.8018242,0.0,0.0,0.0,0.7619907,0.4266073,-4.245045,0.5641567,0.3901206,1.915002,-0.4887222,-0.03135466,0.8718761,-0.01680307,0.9995069,0.02652575,-0.8722779,-0.001686468,-0.489008,moving,64.52602,-23.45969,16.41489,11.51462,67.14605444099357,-18.05210296299984,59.480107513798266,58.71832892981468,127.51566258103811
05/18/2023 18:40:35.588974,1006,True,True,True,True,Eyes,2.321844,0.0470456,-3.218693,-0.8910415,0.1822332,-0.4157356,0.0,0.0,0.0,0.0,0.0,0.0,0.0,3.974332,0.1159566,0.3468552,2.217892,0.03895248,-3.317907,0.0174896,-0.860462,-0.00841247,0.5091451,0.190925,241.2229,357.7841,0.5963376,0.01195906,-0.8026444,0.0,0.0,0.0,0.7477251,0.417528,-4.233064,0.5602528,0.3874213,1.915002,-0.4809308,-0.0386646,0.8759056,-0.02153193,0.9992467,0.0322867,-0.8764942,-0.003332268,-0.4814011,moving,64.98753,-23.66972,16.30736,11.43706,67.58010532172665,-18.23813324133072,60.01870502766034,59.241130194628816,127.05402418037828
05/18/2023 18:40:35.599063,1007,True,True,True,True,Eyes,2.316498,0.04660906,-3.223011,-0.8945378,0.181212,-0.4086127,0.0,0.0,0.0,0.0,0.0,0.0,0.0,3.96941,0.1088914,0.3733587,2.207304,0.03752738,-3.321727,0.01355736,-0.8580697,-0.01421043,0.5131575,359.3999,241.7733,357.8307,0.5952083,0.01194858,-0.8034824,0.0,0.0,0.0,0.7354455,0.4228199,-4.219002,0.556475,0.3848085,1.915001,-0.472971,-0.0378507,0.8802645,-0.008681941,0.9992285,0.0383012,-0.8810352,0.01047295,-0.4729348,moving,65.44973,-23.91638,16.2032,11.36195,68.01550215093866,-18.45843472510332,60.57871973415912,59.78101704833516,126.58649238986182
05/18/2023 18:40:35.619184,1008,True,True,True,True,Eyes,2.310971,0.04613081,-3.227289,-0.8980399,0.1799657,-0.4014184,0.0,0.0,0.0,0.0,0.0,0.0,0.0,3.963542,0.0843989,0.4110789,2.19725,0.03517091,-3.325151,0.01049551,-0.8549767,-0.01289217,0.5184,359.3604,242.4696,358.2055,0.594052,0.01192804,-0.8043379,0.0,0.0,0.0,0.7231198,0.4234723,-4.205417,0.5526645,0.3821735,1.915002,-0.4623024,-0.03131344,0.8861693,-0.004580237,0.9994473,0.03292676,-0.8867104,0.01116326,-0.4621904,moving,65.91565,-24.14787,16.098,11.28614,68.45407400026663,-18.664451379309245,61.13401112476262,60.31746354656957,126.11748661820998
05/18/2023 18:40:35.638958,1009,True,True,True,True,Eyes,2.305257,0.04575368,-3.231533,-0.9014155,0.1786025,-0.3943999,0.0,0.0,0.0,0.0,0.0,0.0,0.0,3.957792,0.07200108,0.4424253,2.1874,0.03374955,-3.32854,0.0107218,-0.8522637,-0.0083988,0.5229352,359.8222,243.0676,358.4494,0.5928685,0.01189744,-0.805211,0.0,0.0,0.0,0.709912,0.4162952,-4.192482,0.5486658,0.3794082,1.915002,-0.452848,-0.02705966,0.8911772,-0.009491549,0.999629,0.0255296,-0.8915374,0.003102374,-0.4529369,moving,66.36899,-24.36321,15.9875,11.20655,68.880614257108,-18.855639045597755,61.67254138656603,60.839269769029436,125.656490853679
05/18/2023 18:40:35.654268,1010,True,True,True,True,Eyes,2.299327,0.04537747,-3.235769,-0.9046183,0.1779158,-0.3873134,0.0,0.0,0.0,0.0,0.0,0.0,0.0,3.952703,0.08390488,0.4642363,2.177346,0.03587215,-3.332311,0.01326437,-0.8500847,-0.007150932,0.5264302,0.1035756,243.5357,358.2762,0.5916579,0.01186037,-0.8061016,0.0,0.0,0.0,0.6973699,0.4145175,-4.178976,0.5446858,0.3766561,1.915002,-0.4453905,-0.03008061,0.8948309,-0.01502274,0.9995459,0.02612332,-0.8952103,-0.00180773,-0.4456401,moving,66.82175,-24.6721,15.87739,11.1273,69.30840956759333,-19.13440616527299,62.26495688723794,61.405575578003194,125.17979323403648
05/18/2023 18:40:35.668683,1011,True,True,True,True,Eyes,2.148215,0.03894464,-3.341409,-0.9638398,0.1482908,-0.2214107,0.0,0.0,0.0,0.0,0.0,0.0,0.0,3.948092,0.08452393,0.4805093,2.166233,0.03537816,-3.336412,0.00968044,-0.8482007,-0.01488556,0.5293772,359.1404,243.9519,358.1556,0.5904194,0.01181754,-0.8070097,0.0,0.0,0.0,0.6852423,0.4149201,-4.164754,0.5408305,0.3739904,1.915002,-0.4393321,-0.03218206,0.8977481,-0.0006617614,0.9993694,0.03550109,-0.8983244,0.01500267,-0.4390762,moving,77.06262,-33.81238,15.77062,11.05049,79.0259421122442,-27.45559310498382,75.95647680505527,74.05372517039025,116.0701054653759
05/18/2023 18:40:35.688754,1012,True,True,True,True,Eyes,2.147779,0.03912257,-3.341571,-0.9638733,0.1484609,-0.2211508,0.0,0.0,0.0,0.0,0.0,0.0,0.0,3.944183,0.07305624,0.4946308,2.157054,0.03809436,-3.339498,0.01096308,-0.84663,-0.009566377,0.5319829,359.7402,244.2904,358.353,0.5851305,0.01160009,-0.8108559,-0.4533348,-0.01929851,-0.3169219,0.6735744,0.4156783,-4.150702,0.5369431,0.3713024,1.915003,-0.4337479,-0.02874164,0.9005756,-0.008385054,0.9995766,0.02786271,-0.9009951,0.004534017,-0.4338052,moving,77.07773,-33.87388,15.66284,10.973,79.04120146515672,-27.512813409726864,76.0462448740666,74.14832793675373,115.96866602470259
05/18/2023 18:40:35.699266,1013,True,True,True,True,Eyes,2.146962,0.03936604,-3.341869,-0.9637383,0.1491653,-0.2212649,0.0,0.0,0.0,0.0,0.0,0.0,0.0,3.940149,0.06750269,0.5080438,2.146168,0.04250414,-3.34359,0.009875184,-0.8449329,-0.01158327,0.5346555,359.4835,244.657,358.3339,0.5806124,0.01142012,-0.8140997,-0.4261347,-0.0181406,-0.2979066,0.6618971,0.4139469,-4.136848,0.5331205,0.3686586,1.915001,-0.4280919,-0.02907385,0.9032674,-0.004301623,0.9995366,0.03013381,-0.9037249,0.009014526,-0.4280186,moving,77.06954,-33.9858,15.55677,10.89676,79.0357183413536,-27.617762062175125,76.14633980190052,74.24921071770402,115.88200561376127
05/18/2023 18:40:35.718786,1014,True,True,True,True,Eyes,2.145771,0.03962858,-3.34226,-0.9636751,0.1497368,-0.2211543,0.0,0.0,0.0,0.0,0.0,0.0,0.0,3.937935,0.04053447,0.5051637,2.13595,0.04424444,-3.346628,0.004104633,-0.8443792,-0.01641917,0.5354785,358.6631,244.7795,358.5948,0.5766597,0.01127028,-0.8169065,-0.4005666,-0.01705216,-0.2800322,0.6502092,0.4086951,-4.123538,0.5291906,0.3659415,1.915,-0.4264918,-0.02451596,0.9041592,0.01065249,0.9994271,0.0321239,-0.9044288,0.02333213,-0.4259863,moving,77.07497,-34.10072,15.44759,10.81835,79.04298346360912,-27.725207019280724,76.26045381014526,74.36383433827093,115.78212179874693
05/18/2023 18:40:35.739276,1015,True,True,True,True,Eyes,2.144243,0.03984882,-3.342761,-0.9636205,0.1500379,-0.221188,0.0,0.0,0.0,0.0,0.0,0.0,0.0,3.932929,0.03262928,0.5194783,2.125806,0.04498891,-3.349294,0.0040096,-0.8427187,-0.01452998,0.5381432,358.8441,245.1359,358.7164,0.5730655,0.0111419,-0.8194335,-0.3765326,-0.01602903,-0.2632303,0.6374773,0.4012334,-4.109018,0.525371,0.3632998,1.915,-0.4207718,-0.02239635,0.9068901,0.00888049,0.9995456,0.02880485,-0.9071232,0.02017389,-0.4203817,moving,77.07236,-34.15012,15.34136,10.74208,79.04149967163649,-27.771506952605375,76.32840874694035,74.43792161352903,115.69649501703422
05/18/2023 18:40:35.757473,1016,True,True,True,True,Eyes,2.142409,0.03997464,-3.343327,-0.9636676,0.1499878,-0.2210169,0.0,0.0,0.0,0.0,0.0,0.0,0.0,3.927975,0.0309966,0.5338926,2.115975,0.04436039,-3.351966,0.004052895,-0.8410483,-0.01379786,0.5407687,358.9213,245.4913,358.7541,0.5697891,0.01103183,-0.8217166,-0.3539407,-0.01506729,-0.2474365,0.6255826,0.3946341,-4.094971,0.5214475,0.3605866,1.915002,-0.4151053,-0.02174026,0.9095134,0.008105542,0.9995864,0.02759269,-0.909737,0.01882598,-0.4147574,moving,77.08263,-34.16184,15.23212,10.66369,79.05129385838954,-27.782242183669712,76.38595241954503,74.50487670910329,115.60175438358746
05/18/2023 18:40:35.768782,1017,True,True,True,True,Eyes,2.140304,0.04008484,-3.343982,-0.9637806,0.1492622,-0.2210154,0.0,0.0,0.0,0.0,0.0,0.0,0.0,3.922863,0.03723397,0.5481105,2.106825,0.0422963,-3.354126,0.006365857,-0.8394636,-0.0101135,0.5432847,359.4234,245.8266,358.7578,0.566794,0.01093594,-0.8237867,-0.3327042,-0.01416325,-0.2325903,0.6139559,0.3870631,-4.081463,0.517732,0.3580175,1.915002,-0.4096027,-0.02167682,0.9120066,0.0003012043,0.9997144,0.02389677,-0.912264,0.01006288,-0.4094792,moving,77.08418,-34.03302,15.12858,10.58944,79.05026569174728,-27.66162653141893,76.35221219985443,74.49245594330722,115.53028493380383
05/18/2023 18:40:35.788746,1018,True,True,True,True,Eyes,2.137917,0.0402751,-3.34471,-0.9639581,0.1483791,-0.2208358,0.0,0.0,0.0,0.0,0.0,0.0,0.0,3.917856,0.05759792,0.5635905,2.09808,0.04207053,-3.356611,0.01175046,-0.8377554,-0.004585632,0.5459,0.2948385,246.1747,358.5849,0.5640479,0.01085245,-0.8256705,-0.312742,-0.01331345,-0.2186349,0.6031319,0.3802811,-4.068975,0.5137028,0.3552313,1.915001,-0.4037103,-0.02469462,0.9145535,-0.01468143,0.9996818,0.02051243,-0.9147691,-0.00514588,-0.4039444,moving,77.09662,-33.89706,15.01618,10.50887,79.05924743284064,-27.53407827603665,76.3273715632767,74.49013625803467,115.44365133998089
05/18/2023 18:40:35.798941,1019,True,True,True,True,Eyes,2.135226,0.04048133,-3.345508,-0.9640735,0.1481769,-0.2204678,0.0,0.0,0.0,0.0,0.0,0.0,0.0,3.913757,0.0789786,0.5705009,2.088925,0.04421849,-3.359112,0.01505807,-0.8365728,-0.004545107,0.5476301,0.5092444,246.4108,358.2709,0.5615208,0.01078218,-0.8273921,-0.2939775,-0.01251465,-0.2055168,0.5930219,0.3831441,-4.055151,0.5099686,0.3526491,1.915001,-0.3997492,-0.03017241,0.916128,-0.02021626,0.9995052,0.02409713,-0.9164017,-0.008887876,-0.4001614,moving,77.11889,-33.90512,14.91191,10.43417,79.08015257946208,-27.54111289822696,76.39162911225614,74.56329839094471,115.34319187763076
05/18/2023 18:40:35.824049,1020,True,True,True,True,Eyes,2.132251,0.04067206,-3.346365,-0.9640958,0.1484239,-0.2202037,0.0,0.0,0.0,0.0,0.0,0.0,0.0,3.910089,0.07843897,0.5741634,2.078924,0.04465868,-3.361651,0.01139842,-0.8356076,-0.0124112,0.5490682,359.5287,246.6246,358.1273,0.5591855,0.01072427,-0.8289729,-0.2763388,-0.01176377,-0.1931858,0.5835335,0.3838983,-4.042124,0.5059825,0.3498926,1.915001,-0.3967883,-0.0326784,0.9173281,-0.005420013,0.9994321,0.0332588,-0.917894,0.008224775,-0.3967401,moving,77.1341,-33.98115,14.80049,10.35438,79.09578397924513,-27.61193151792474,76.49260196916431,74.66810321786446,115.23674946648595
05/18/2023 18:40:35.838999,1021,True,True,True,True,Eyes,2.128986,0.04090228,-3.347289,-0.9641012,0.1489195,-0.219845,0.0,0.0,0.0,0.0,0.0,0.0,0.0,3.906305,0.07828474,0.5794401,2.069246,0.04438192,-3.364125,0.009249227,-0.8345176,-0.01691331,0.5506442,358.9662,246.8541,358.0476,0.5570181,0.01067713,-0.8304315,-0.2597585,-0.01105794,-0.1815947,0.5725005,0.3779839,-4.028893,0.5022199,0.3472906,1.915001,-0.3934113,-0.03406372,0.9187316,0.003189144,0.9992567,0.03841497,-0.9193573,0.01804284,-0.3930103,moving,77.15443,-34.11309,14.69521,10.27903,79.11725909132358,-27.734966702420657,76.62776573216003,74.80149968026411,115.12640628599245
05/18/2023 18:40:35.857242,1022,True,True,True,True,Eyes,2.125457,0.04114844,-3.348279,-0.9640952,0.1497855,-0.2192825,0.0,0.0,0.0,0.0,0.0,0.0,0.0,3.901716,0.0867864,0.5892611,2.059121,0.04546717,-3.366911,0.008420319,-0.8330368,-0.02159377,0.552732,358.4718,247.1587,357.8272,0.5549958,0.01064071,-0.8317848,-0.244173,-0.01039447,-0.170699,0.5630624,0.3756696,-4.017336,0.4983325,0.3446027,1.915002,-0.3888331,-0.0379,0.9205286,0.009842263,0.9989256,0.04528517,-0.9212559,0.02666844,-0.3880422,moving,77.18613,-34.33585,14.58632,10.20114,79.15107147778502,-27.9427523896383,76.82629556536097,74.99042378877753,114.99669984576269
05/18/2023 18:40:35.869297,1023,True,True,True,True,Eyes,2.121684,0.04139036,-3.34931,-0.9641124,0.1504803,-0.2187304,0.0,0.0,0.0,0.0,0.0,0.0,0.0,3.897614,0.08404616,0.5975041,2.049255,0.04600688,-3.369555,0.005987149,-0.8316675,-0.02617416,0.5546246,357.8856,247.4385,357.7638,0.5530992,0.01061438,-0.8330474,-0.2295226,-0.009770798,-0.160457,0.5531437,0.3746529,-4.004851,0.4945586,0.3419923,1.915001,-0.3847118,-0.03899229,0.9222128,0.01907502,0.9985582,0.05017763,-0.9228397,0.03689515,-0.3834134,moving,77.21756,-34.52686,14.48053,10.12548,79.18402291840289,-28.120825112402468,77.0049764670862,75.16197077374166,114.87233369836416
05/18/2023 18:40:35.889274,1024,True,True,True,True,Eyes,2.117704,0.04163934,-3.3504,-0.9642197,0.1507902,-0.2180425,0.0,0.0,0.0,0.0,0.0,0.0,0.0,3.893429,0.0875631,0.6064992,2.039843,0.04614028,-3.372123,0.006218859,-0.8303265,-0.02680021,0.5565977,357.8461,247.714,357.6967,0.5513114,0.01059706,-0.8342318,-0.2157512,-0.00918455,-0.1508296,0.543444,0.3712862,-3.993752,0.4906403,0.3392833,1.915001,-0.3803207,-0.04016123,0.9239823,0.0195065,0.9984862,0.05142865,-0.9246489,0.03758304,-0.3789616,moving,77.2578,-34.66631,14.37057,10.04691,79.2241936507515,-28.25043412688453,77.1626576774109,75.31718972323868,114.74199509322668
05/18/2023 18:40:35.898780,1025,True,True,True,True,Eyes,2.113544,0.0419235,-3.351578,-0.9644248,0.1505067,-0.2173303,0.0,0.0,0.0,0.0,0.0,0.0,0.0,3.889369,0.1015566,0.6146646,2.030922,0.04663893,-3.374685,0.009622168,-0.8291209,-0.0238788,0.5584763,358.3468,247.9618,357.5559,0.549617,0.01058805,-0.8353493,-0.2028062,-0.008633477,-0.1417798,0.534032,0.3665278,-3.983923,0.4867848,0.3366168,1.915001,-0.3760233,-0.04262737,0.9256292,0.01071561,0.9986744,0.05034433,-0.9265483,0.02884932,-0.3750681,moving,77.30069,-34.70356,14.26227,9.969542,79.26487207036297,-28.28431958722565,77.2627234725699,75.42344597174392,114.6192197393391
05/18/2023 18:40:35.919276,1026,True,True,True,True,Eyes,2.109203,0.04224652,-3.352793,-0.9647086,0.1498724,-0.2165077,0.0,0.0,0.0,0.0,0.0,0.0,0.0,3.885514,0.1111612,0.6217456,2.022142,0.04787804,-3.377099,0.01302329,-0.8279866,-0.0198687,0.5602446,358.9509,248.1903,357.4876,0.5480025,0.01058741,-0.8364093,-0.1906378,-0.008115468,-0.1332731,0.5252367,0.3612141,-3.976228,0.4828566,0.3339008,1.915001,-0.371913,-0.04382887,0.9272323,0.0006964556,0.9988713,0.04749449,-0.9282674,0.01830959,-0.3714626,moving,77.35081,-34.69201,14.15182,9.890697,79.31135056158169,-28.27236096991658,77.34164531782311,75.51280299804075,114.49276306767075
05/18/2023 18:40:35.939196,1027,True,True,True,True,Eyes,2.104683,0.04257156,-3.354031,-0.9650321,0.1489633,-0.2156917,0.0,0.0,0.0,0.0,0.0,0.0,0.0,3.881521,0.1169267,0.629168,2.013472,0.04921532,-3.379236,0.01574902,-0.8268145,-0.0161917,0.5620211,359.4802,248.4227,357.4641,0.5464562,0.01059532,-0.8374202,-0.1791995,-0.00762854,-0.1252767,0.5165522,0.3577455,-3.969285,0.4792157,0.331383,1.915,-0.3677687,-0.04424319,0.9288644,-0.007842891,0.9989796,0.04447762,-0.9298844,0.00907249,-0.3677404,moving,77.40105,-34.63015,14.04936,9.817578,79.35697527932099,-28.21330763018825,77.38886967916048,75.57402248979645,114.37627302395879
05/18/2023 18:40:35.948643,1028,True,True,True,True,Eyes,2.100024,0.04286464,-3.355295,-0.9654433,0.1476684,-0.2147406,0.0,0.0,0.0,0.0,0.0,0.0,0.0,3.877258,0.1210328,0.6379471,2.004744,0.0496766,-3.381316,0.01748966,-0.8255242,-0.01386999,0.5639251,359.8181,248.6789,357.4484,0.544968,0.010611,-0.8383893,-0.1684476,-0.007170827,-0.1177601,0.5076922,0.3544512,-3.961555,0.4751018,0.3285386,1.915,-0.3633648,-0.04451955,0.9305823,-0.01323302,0.9990035,0.04262573,-0.9315528,0.003174291,-0.3635919,moving,77.46001,-34.51472,13.93347,9.734929,79.40969685239325,-28.103911210030493,77.41868457287815,75.62350237370842,114.24587580105994
05/18/2023 18:40:35.972954,1029,True,True,True,True,Eyes,2.095212,0.04310366,-3.356572,-0.9658971,0.1461032,-0.2137677,0.0,0.0,0.0,0.0,0.0,0.0,0.0,3.872693,0.1271894,0.6493363,1.996734,0.04929854,-3.38322,0.02042621,-0.8240672,-0.009344864,0.5660468,0.4424877,248.9601,357.4641,0.543529,0.01063288,-0.8393226,-0.1583407,-0.006740578,-0.1106945,0.4961755,0.3337814,-3.954203,0.4714571,0.3260177,1.915,-0.358348,-0.0442444,0.9325393,-0.02308588,0.9989909,0.03852597,-0.9333029,-0.007722794,-0.3590077,moving,77.52073,-34.35133,13.8307,9.661649,79.46313785291332,-27.949582207613,77.41810022117141,75.64536741578463,114.12768233657921
05/18/2023 18:40:35.989192,1030,True,True,True,True,Eyes,2.090269,0.0433502,-3.357876,-0.9664106,0.1442988,-0.2126696,0.0,0.0,0.0,0.0,0.0,0.0,0.0,3.867842,0.1349629,0.6615348,1.988407,0.04836391,-3.385253,0.02355098,-0.8224829,-0.004722482,0.5682825,1.088622,249.2599,357.4715,0.5421318,0.010659,-0.8402255,-0.1488403,-0.006336143,-0.1040528,0.4848463,0.3210206,-3.944901,0.4674871,0.323273,1.915,-0.3530005,-0.04410795,0.9345829,-0.03337314,0.9988461,0.03453554,-0.9350277,-0.0189989,-0.3540652,moving,77.58923,-34.15734,13.71865,9.58182,79.52324070437345,-27.76643239303788,77.41166001993498,75.66462921725166,113.99733502305563
05/18/2023 18:40:35.998625,1031,True,True,True,True,Eyes,2.085151,0.04359595,-3.359192,-0.9668375,0.1430941,-0.2115404,0.0,0.0,0.0,0.0,0.0,0.0,0.0,3.863644,0.134676,0.6718798,1.980326,0.04885931,-3.387214,0.02526478,-0.8210636,-0.001122344,0.5702764,1.545614,249.5314,357.5479,0.5407687,0.01068916,-0.841103,-0.1399098,-0.005955974,-0.09780963,0.479568,0.340248,-3.940416,0.4636333,0.3206076,1.915,-0.3482932,-0.04276806,0.9364096,-0.04020788,0.9987209,0.03065884,-0.9365231,-0.02697278,-0.3495673,moving,77.65839,-34.07595,13.60978,9.504266,79.5861196219182,-27.68866513179423,77.46908847752603,75.73764926429314,113.85986732495857
05/18/2023 18:40:36.019053,1032,True,True,True,True,Eyes,2.079863,0.04382574,-3.360522,-0.9672303,0.142279,-0.2102906,0.0,0.0,0.0,0.0,0.0,0.0,0.0,3.859166,0.1144659,0.6841674,1.971106,0.04903616,-3.3892,0.02227467,-0.8195521,-0.001527165,0.5725697,1.318173,249.8539,357.8068,0.5394335,0.01072295,-0.8419595,-0.1315153,-0.005598616,-0.09194105,0.4743821,0.3562331,-3.938413,0.4597256,0.3179053,1.915,-0.3433358,-0.03825932,0.9384335,-0.03476168,0.9990031,0.02801079,-0.9385695,-0.02300443,-0.3443234,moving,77.73392,-34.08161,13.49929,9.4256,79.65660462180402,-27.6922339825859,77.58198897438116,75.85857814069001,113.70907000231463
05/18/2023 18:40:36.038743,1033,True,True,True,True,Eyes,2.074384,0.04404923,-3.361872,-0.9675208,0.1421141,-0.2090626,0.0,0.0,0.0,0.0,0.0,0.0,0.0,3.855065,0.07787403,0.6938028,1.961739,0.04880589,-3.390892,0.01678565,-0.8182642,-0.002231599,0.5745929,0.8960137,250.1403,358.2787,0.5381199,0.01075963,-0.8427992,-0.1236243,-0.005262699,-0.08642459,0.4710215,0.3827291,-3.938328,0.4558184,0.3152034,1.915,-0.3391225,-0.03003471,0.9402627,-0.02490567,0.9994265,0.0229419,-0.9404125,-0.01563776,-0.339676,moving,77.80695,-34.20663,13.3887,9.346907,79.72705104649508,-27.80758533271372,77.7600251946517,76.03442062690881,113.55130876181195
05/18/2023 18:40:36.057176,1034,True,True,True,True,Eyes,2.068726,0.04426198,-3.363251,-0.9677771,0.1422749,-0.2077626,0.0,0.0,0.0,0.0,0.0,0.0,0.0,3.850913,0.05232112,0.7004657,1.951712,0.04879873,-3.392839,0.01224727,-0.8170771,-0.004292275,0.5763824,0.4070315,250.3947,358.5696,0.536822,0.01079878,-0.8436261,-0.1162069,-0.004946937,-0.08123911,0.4694548,0.4257942,-3.934883,0.4518754,0.312477,1.915001,-0.3352667,-0.02496191,0.9417927,-0.01506594,0.9996631,0.02113246,-0.942003,-0.007103981,-0.3355299,moving,77.88364,-34.40318,13.277,9.267467,79.80228059373525,-27.989807555109188,77.9816859364313,76.24773744413662,113.38447506382272
05/18/2023 18:40:36.069199,1035,True,True,True,True,Eyes,2.062894,0.04443097,-3.364624,-0.9679993,0.1425199,-0.206556,0.0,0.0,0.0,0.0,0.0,0.0,0.0,3.847852,0.04811881,0.7002196,1.941747,0.04868252,-3.394972,0.01002911,-0.8163424,-0.007777515,0.577429,359.9361,250.5471,358.547,0.5355343,0.01083991,-0.8444436,-0.1092345,-0.004650121,-0.07636476,0.4613896,0.4296746,-3.931368,0.4480646,0.3098419,1.914999,-0.3329505,-0.0253563,0.9426035,-0.007392453,0.9996778,0.02428043,-0.9429154,0.001116025,-0.3330306,moving,77.95463,-34.60498,13.16896,9.190665,79.87229983025945,-28.17707445741937,78.20000996364976,76.45706963171328,113.22483975761814
05/18/2023 18:40:36.089216,1036,True,True,True,True,Eyes,2.056905,0.04455772,-3.36602,-0.9682745,0.1424458,-0.2053136,0.0,0.0,0.0,0.0,0.0,0.0,0.0,3.845072,0.05289568,0.6973624,1.93198,0.0477655,-3.396889,0.01010433,-0.8158101,-0.008796806,0.5781647,359.8471,250.6524,358.4724,0.5342523,0.01088174,-0.8452548,-0.1026804,-0.004371113,-0.07178288,0.4463317,0.4035965,-3.924998,0.4440158,0.3070421,1.915,-0.3312471,-0.02665843,0.9431675,-0.006314416,0.999641,0.02603697,-0.943523,0.002669118,-0.3312966,moving,78.02829,-34.75278,13.05405,9.109008,79.94377047828968,-28.31373428684674,78.39329250729647,76.64656773744976,113.06118354575392
05/18/2023 18:40:36.108920,1037,True,True,True,True,Eyes,2.050774,0.04467156,-3.367427,-0.9685982,0.1419333,-0.2041379,0.0,0.0,0.0,0.0,0.0,0.0,0.0,3.841886,0.06592064,0.6966081,1.922234,0.04694942,-3.398897,0.01304257,-0.8151085,-0.006225255,0.5791281,0.2840803,250.7829,358.3684,0.5329724,0.01092315,-0.8460619,-0.09651958,-0.004108846,-0.06747591,0.4335621,0.3819515,-3.922123,0.4403205,0.3044864,1.915,-0.3288812,-0.02847265,0.9439421,-0.01405177,0.9995823,0.02525515,-0.9442668,-0.004958113,-0.329144,moving,78.09874,-34.81018,12.94909,9.034443,80.01051513241913,-28.3658499412714,78.52915293783978,76.78552371953955,112.91434884667241
05/18/2023 18:40:36.119150,1038,True,True,True,True,Eyes,2.04449,0.04475756,-3.368844,-0.968973,0.1412398,-0.2028366,0.0,0.0,0.0,0.0,0.0,0.0,0.0,3.838148,0.08081155,0.6982617,1.912775,0.04683962,-3.400673,0.016935,-0.8142145,-0.002421367,0.5803121,0.9002771,250.9433,358.2584,0.5316909,0.01096389,-0.8468673,-0.09072841,-0.003862315,-0.06342735,0.4231742,0.3762784,-3.919364,0.4364651,0.3018203,1.914999,-0.3259023,-0.03038775,0.9449152,-0.02476715,0.9994147,0.0235982,-0.9450791,-0.01571215,-0.3264641,moving,78.17691,-34.85038,12.83949,8.956633,80.0841229138542,-28.401689040612165,78.66405049473724,76.92519016167002,112.75837476149036
05/18/2023 18:40:36.139249,1039,True,True,True,True,Eyes,2.03813,0.04473385,-3.370464,-0.9697384,0.1377924,-0.2015456,0.0,0.0,0.0,0.0,0.0,0.0,0.0,3.833169,0.08768719,0.7059412,1.902814,0.04630395,-3.402408,0.01869644,-0.8128406,-0.0006196876,0.5821857,1.189671,251.2047,358.2165,0.5304058,0.01100331,-0.8476722,-0.0852847,-0.003630576,-0.05962171,0.4137383,0.3806137,-3.915428,0.432653,0.2991848,1.914999,-0.3214203,-0.031116,0.9464253,-0.02967291,0.9993001,0.02277702,-0.9464715,-0.02076219,-0.3221186,moving,78.25908,-34.35957,12.73101,8.87967,80.1512662396792,-27.94039204814033,78.50834244653558,76.81931996999782,112.63470957657458
05/18/2023 18:40:36.157397,1040,True,True,True,True,Eyes,2.031661,0.04464365,-3.372083,-0.9705762,0.1340506,-0.2000308,0.0,0.0,0.0,0.0,0.0,0.0,0.0,3.827192,0.08985554,0.7196383,1.893157,0.04426557,-3.404019,0.01945491,-0.8110402,0.0009355176,0.5846663,1.390519,251.5533,358.2538,0.5291124,0.01103875,-0.8484795,0.0,0.0,0.0,0.4026242,0.374307,-3.910476,0.4287074,0.2964558,1.915,-0.3155739,-0.0304635,0.948412,-0.03265136,0.9992413,0.02123178,-0.9483391,-0.02426674,-0.3163291,moving,78.35468,-33.828,12.61864,8.799947,80.23014090257065,-27.44063477109032,78.34774291781741,76.71176455671839,112.49728465515278
05/18/2023 18:40:36.180890,1041,True,True,True,True,Eyes,2.025072,0.04453662,-3.373727,-0.9714193,0.1304459,-0.1983136,0.0,0.0,0.0,0.0,0.0,0.0,0.0,3.820285,0.1000223,0.7387753,1.884139,0.04267827,-3.405666,0.02271794,-0.8087758,0.005317069,0.5876542,2.023031,251.9732,358.2512,0.5278098,0.01106892,-0.84929,0.0,0.0,0.0,0.3897962,0.3598398,-3.904663,0.4250142,0.2939024,1.915001,-0.308293,-0.03049825,0.9508026,-0.04299664,0.9989113,0.01809996,-0.9503194,-0.03530122,-0.3092685,moving,78.46171,-33.33595,12.51336,8.725316,80.320424159551,-26.97760797220633,78.21978627716426,76.63221731166736,112.35154922354918
05/18/2023 18:40:36.189495,1042,True,True,True,True,Eyes,2.018337,0.04437239,-3.37539,-0.9722416,0.1272819,-0.1963303,0.0,0.0,0.0,0.0,0.0,0.0,0.0,3.812007,0.1172306,0.7630348,1.874542,0.04216126,-3.407592,0.02562043,-0.806049,0.006509291,0.5912581,2.337754,252.4827,358.0726,0.5264968,0.01109392,-0.8501044,0.0,0.0,0.0,0.3777243,0.3511759,-3.89757,0.4211836,0.2912532,1.915,-0.2995149,-0.0336053,0.9534996,-0.04899998,0.9986024,0.01980295,-0.9528325,-0.04079019,-0.3007429,moving,78.58347,-32.95553,12.40409,8.647865,80.42657482878825,-26.6187336661877,78.17002502692722,76.62108994111661,112.18145181455961
05/18/2023 18:40:36.208908,1043,True,True,True,True,Eyes,2.011488,0.04407948,-3.377101,-0.9730052,0.1245161,-0.1943108,0.0,0.0,0.0,0.0,0.0,0.0,0.0,3.804809,0.11665,0.7836223,1.864377,0.04055273,-3.409794,0.02369631,-0.8037137,0.003043524,0.5945365,1.895053,252.9507,358.0235,0.5251703,0.01111284,-0.8509243,0.0,0.0,0.0,0.3655327,0.3419024,-3.889618,0.4171595,0.2884702,1.914999,-0.2919299,-0.03447112,0.9558184,-0.04170906,0.9988585,0.02328439,-0.9555299,-0.03306888,-0.2930344,moving,78.7065,-32.6521,12.28921,8.56647,80.53538648943221,-26.331895703873304,78.16794051136951,76.65139616620176,111.99935376390854
05/18/2023 18:40:36.224252,1044,True,True,True,True,Eyes,2.004551,0.04367679,-3.378836,-0.97385,0.1212986,-0.192101,0.0,0.0,0.0,0.0,0.0,0.0,0.0,3.798073,0.1161439,0.8028636,1.854662,0.03709815,-3.412081,0.02261657,-0.8014526,0.001927486,0.5976275,1.726133,253.393,358.0536,0.5238289,0.01112301,-0.8517505,0.0,0.0,0.0,0.3503066,0.3086765,-3.88202,0.4134157,0.2858817,1.915001,-0.2846597,-0.03394837,0.9580274,-0.03855605,0.9989696,0.02394299,-0.9578529,-0.03012214,-0.2856753,moving,78.84113,-32.2696,12.18221,8.490719,80.65348908040639,-25.970779809019938,78.13331696880763,76.65449079519725,111.81692114080597
05/18/2023 18:40:36.239146,1045,True,True,True,True,Eyes,1.828416,0.03272837,-3.423163,-0.9894181,0.03828729,-0.1399492,1.915113,-0.06643128,0.1060529,-3.691181,0.4114298,-0.8556575,0.3139676,0.261944,0.1658458,1.90834,1.845674,0.03418666,-3.414467,0.02710661,-0.7991033,0.007399494,0.600537,2.543792,253.8069,358.0247,0.5224722,0.0111225,-0.8525834,0.0,0.0,0.0,0.3363982,0.2996565,-3.872022,0.4094356,0.2831292,1.915001,-0.2772416,-0.03443462,0.9601831,-0.0522093,0.998421,0.02073112,-0.9593809,-0.04438296,-0.2786015,moving,81.94915,-15.30058,12.06839,8.410144,83.22375828653314,-10.01601271110967,73.79376024286726,73.50244681052827,109.55472024242812
05/18/2023 18:40:36.257953,1046,True,True,True,True,Eyes,1.828011,0.03270759,-3.423255,-0.9894389,0.03828176,-0.1398038,1.91491,-0.06667602,0.1060137,-3.690967,0.3950197,-0.8580661,0.3281495,0.2506307,0.186183,1.898149,1.835956,0.03297334,-3.416916,0.03058555,-0.7972957,0.01120955,0.6027092,3.138114,254.1189,357.9763,0.5170485,0.01082955,-0.8558873,-0.5284041,-0.03284528,-0.1329796,0.3259272,0.322385,-3.859767,0.4054369,0.2803642,1.915,-0.271612,-0.03525926,0.9617606,-0.06228364,0.9978777,0.01899374,-0.9603893,-0.05474303,-0.2732317,moving,81.95757,-15.31364,11.95393,8.329176,83.23185442238912,-10.028044582698833,73.88837771706358,73.6038725712559,109.44064342091477
05/18/2023 18:40:36.268897,1047,True,True,True,True,Eyes,1.827178,0.03265209,-3.423404,-0.989419,0.03872875,-0.1398219,0.0,0.0,0.0,0.0,0.0,0.0,0.0,3.782619,0.1405201,0.8355608,1.825841,0.0324648,-3.419263,0.03001241,-0.7961577,0.01184354,0.6042285,3.160167,254.3389,358.0786,0.5124128,0.01058391,-0.8586738,-0.4966999,-0.03087456,-0.1250008,0.3122031,0.3216214,-3.845091,0.4017373,0.2778063,1.915,-0.2680148,-0.03347681,0.9628332,-0.06210162,0.997918,0.01741006,-0.9614114,-0.05512735,-0.2695357,moving,81.95638,-15.482,11.84796,8.254234,83.23397690517008,-10.185662860100424,74.01756115543903,73.72918828928181,109.33957032518201
05/18/2023 18:40:36.288676,1048,True,True,True,True,Eyes,1.825968,0.03252891,-3.423652,-0.9894226,0.03918623,-0.1396687,1.941179,-0.09467804,0.1085964,-3.694774,0.5974677,0.7279084,-0.3364248,0.2396645,0.1812676,1.907172,1.815088,0.03148594,-3.42192,0.02840587,-0.795089,0.009980508,0.6057451,2.882289,254.5568,358.102,0.5083072,0.01036794,-0.8611132,-0.4668979,-0.02902209,-0.1175008,0.2972704,0.3040251,-3.83422,0.3979774,0.2752058,1.915,-0.2645321,-0.03307911,0.9638095,-0.05726168,0.998187,0.01854266,-0.9626755,-0.05028423,-0.2659467,moving,81.96511,-15.67229,11.74016,8.178016,83.2457634138471,-10.363581309530415,74.16455149730318,73.87044165542241,109.22694654224203
05/18/2023 18:40:36.309055,1049,True,True,True,True,Eyes,1.824405,0.03235092,-3.424032,-0.9894152,0.03957862,-0.1396106,0.0,0.0,0.0,0.0,0.0,0.0,0.0,3.775465,0.1401832,0.8441863,1.804873,0.02972855,-3.424615,0.0284952,-0.7938092,0.009353222,0.6074269,2.835399,254.7987,358.0562,0.504576,0.01017028,-0.8633072,-0.438884,-0.02728076,-0.1104508,0.2834196,0.2929215,-3.825989,0.3940467,0.2724881,1.915001,-0.2604411,-0.03387671,0.9648951,-0.05660231,0.9982011,0.01976815,-0.963829,-0.04946685,-0.2618901,moving,81.96835,-15.82766,11.62737,8.098333,83.25176431150595,-10.508939061944304,74.29876586052052,74.00192182691812,109.1157008771856
05/18/2023 18:40:36.318894,1050,True,True,True,True,Eyes,1.8225,0.03216413,-3.424502,-0.9894387,0.03978096,-0.1393864,0.0,0.0,0.0,0.0,0.0,0.0,0.0,3.771778,0.1453198,0.8485513,1.794635,0.02825732,-3.427237,0.03001647,-0.7925159,0.01144826,0.6090047,3.135999,255.0277,358.0697,0.501175,0.009987726,-0.8652881,-0.412551,-0.02564392,-0.1038237,0.274281,0.3212898,-3.817249,0.3903236,0.2699132,1.915,-0.2564249,-0.03363298,0.9659789,-0.06152114,0.9979359,0.01841449,-0.9646044,-0.05470619,-0.2579648,moving,81.98127,-15.92878,11.52047,8.022811,83.26574350986765,-10.603295252048142,74.42044778198583,74.1236541538415,109.0020720564515
05/18/2023 18:40:36.339015,1051,True,True,True,True,Eyes,1.820267,0.03205955,-3.425062,-0.9894665,0.03999031,-0.1391288,0.0,0.0,0.0,0.0,0.0,0.0,0.0,3.767974,0.1500336,0.8541813,1.784532,0.02789827,-3.429931,0.03142178,-0.7911326,0.01308433,0.6106971,3.387079,255.2738,358.0633,0.4980649,0.009818601,-0.867084,-0.3877979,-0.02410528,-0.09759428,0.261803,0.3027649,-3.814797,0.3864106,0.2672071,1.914999,-0.2521239,-0.03373646,0.9671069,-0.06569872,0.997683,0.01767549,-0.9654624,-0.05908126,-0.2537561,moving,81.99612,-16.03643,11.40802,7.943412,83.2816463471678,-10.70371957414168,74.5500683028189,74.25317286308811,108.8812911424028
05/18/2023 18:40:36.357819,1052,True,True,True,True,Eyes,1.817699,0.03200696,-3.425714,-0.9895228,0.04029332,-0.1386403,0.0,0.0,0.0,0.0,0.0,0.0,0.0,3.764076,0.1590644,0.859642,1.774469,0.0297826,-3.432626,0.03371875,-0.7897231,0.01461959,0.6123618,3.691656,255.5155,357.9698,0.4952103,0.009663719,-0.8687192,-0.36453,-0.02265897,-0.09173863,0.2506055,0.3130997,-3.809673,0.3826105,0.2645794,1.914999,-0.2477524,-0.03535198,0.9681785,-0.0711619,0.9972987,0.0182053,-0.9662066,-0.06438699,-0.2495988,moving,82.02431,-16.20556,11.29873,7.866279,83.31115892575791,-10.861386000987054,74.70984606581865,74.40776408531927,108.74938300944686
05/18/2023 18:40:36.373764,1053,True,True,True,True,Eyes,1.81483,0.03184096,-3.426448,-0.9895756,0.04086942,-0.1380934,0.0,0.0,0.0,0.0,0.0,0.0,0.0,3.758927,0.1670308,0.8704376,1.763895,0.0309404,-3.435522,0.03403146,-0.7879629,0.01245794,0.6146554,3.524081,255.8448,357.7999,0.492579,0.009523039,-0.8702154,-0.3426582,-0.02129943,-0.08623431,0.2451988,0.3414415,-3.81147,0.3788125,0.2619531,1.915,-0.2420814,-0.03831636,0.9694992,-0.06894574,0.9973733,0.02220245,-0.9678034,-0.06146803,-0.2440873,moving,82.05579,-16.48638,11.18942,7.789155,83.34588065253611,-11.123522979560963,74.90890465434083,74.59386169290046,108.611749721986
05/18/2023 18:40:36.389220,1054,True,True,True,True,Eyes,1.811731,0.03170431,-3.427259,-0.9897,0.04060899,-0.1372766,0.0,0.0,0.0,0.0,0.0,0.0,0.0,3.754309,0.165616,0.8807259,1.753829,0.02799194,-3.438203,0.03266778,-0.7863376,0.01082999,0.6168377,3.286769,256.1618,357.8178,0.490142,0.00939222,-0.8715917,-0.3220987,-0.02002146,-0.08106025,0.2332394,0.334324,-3.806908,0.3748534,0.2592152,1.915001,-0.2368882,-0.03801513,0.9707929,-0.06473649,0.997631,0.02326939,-0.9693777,-0.05733349,-0.238788,moving,82.10316,-16.47921,11.07537,7.708725,83.38988084832313,-11.115727156225155,75.03334693220293,74.72448379356162,108.46136353767338
05/18/2023 18:40:36.399415,1055,True,True,True,True,Eyes,1.808328,0.0317724,-3.428147,-0.9898471,0.04013756,-0.1363512,0.0,0.0,0.0,0.0,0.0,0.0,0.0,3.74725,0.1934825,0.898488,1.74524,0.02873074,-3.440917,0.03996204,-0.7836463,0.01783906,0.6196639,4.444023,256.5796,357.6705,0.4878751,0.009271064,-0.8728639,-0.3027728,-0.01882018,-0.07619664,0.2219061,0.3287866,-3.801725,0.370993,0.2565461,1.915,-0.2288395,-0.04052376,0.9726204,-0.08474064,0.9961696,0.02156703,-0.9697688,-0.07748508,-0.2313969,moving,82.15688,-16.4028,10.9641,7.630291,83.43846886155802,-11.042974823636904,75.13987880708007,74.84133215277087,108.30895398313649
05/18/2023 18:40:36.424760,1056,True,True,True,True,Eyes,1.804625,0.03191177,-3.429127,-0.9899749,0.04070595,-0.1352507,0.0,0.0,0.0,0.0,0.0,0.0,0.0,3.738925,0.2254318,0.9182234,1.734679,0.03371846,-3.444309,0.04588186,-0.7807072,0.0193258,0.6229107,5.010377,257.0516,357.2633,0.4857554,0.009163933,-0.8740465,-0.2846065,-0.01769097,-0.07162485,0.2096112,0.3072929,-3.797549,0.3669544,0.2537531,1.915,-0.2197546,-0.04756409,0.9743952,-0.09571709,0.9950427,0.02698501,-0.9708483,-0.08733618,-0.2232178,moving,82.2204,-16.75004,10.84759,7.548186,83.50431918642494,-11.366549824832124,75.39550247888249,75.07840919593782,108.13291243041094
05/18/2023 18:40:36.440924,1057,True,True,True,True,Eyes,1.800686,0.03201974,-3.430223,-0.9900834,0.04155904,-0.1341927,0.0,0.0,0.0,0.0,0.0,0.0,0.0,3.736243,0.1957304,0.9276295,1.723811,0.03534465,-3.447542,0.03744818,-0.7796494,0.009647758,0.625021,3.546325,257.3538,357.3393,0.4837606,0.009071255,-0.875153,-0.2675301,-0.01662951,-0.06732736,0.1959692,0.2743438,-3.792819,0.3632297,0.2511774,1.915,-0.2158928,-0.04633281,0.9753171,-0.07045301,0.9970091,0.03176805,-0.9738719,-0.06185552,-0.2185114,moving,82.28135,-17.20758,10.74005,7.472436,83.569891826395,-11.793428440981522,75.67866803432958,75.33498120472315,107.96533233929513
05/18/2023 18:40:36.458981,1058,True,True,True,True,Eyes,1.796482,0.03215269,-3.4314,-0.990196,0.04242225,-0.1330873,0.0,0.0,0.0,0.0,0.0,0.0,0.0,3.733408,0.1717216,0.9369793,1.714098,0.03469205,-3.450567,0.03407129,-0.7781916,0.009935676,0.6270234,3.335967,257.652,357.671,0.4818728,0.008990793,-0.8761947,-0.2514783,-0.01563174,-0.06328771,0.1854047,0.2646283,-3.790362,0.3592002,0.2483909,1.915001,-0.211362,-0.04056819,0.9765657,-0.06548779,0.9974809,0.02726327,-0.9752117,-0.05819071,-0.2134862,moving,82.34503,-17.67994,10.62363,7.39046,83.63829262659793,-12.234116613780312,75.97686604565892,75.60598498628299,107.7867349676412
05/18/2023 18:40:36.468822,1059,True,True,True,True,Eyes,1.791987,0.03241021,-3.432655,-0.9902254,0.04388008,-0.1323942,0.0,0.0,0.0,0.0,0.0,0.0,0.0,3.732476,0.1503975,0.936842,1.703529,0.03544158,-3.453752,0.03183435,-0.777381,0.01135675,0.6281214,3.304861,257.8179,357.9778,0.4800751,0.008921982,-0.8771817,-0.2363896,-0.01469383,-0.05949045,0.178773,0.2944727,-3.787139,0.355482,0.2458198,1.915,-0.2089005,-0.03522801,0.9773024,-0.06376169,0.9977152,0.02233463,-0.9758562,-0.05764872,-0.2106694,moving,82.38466,-18.33701,10.51613,7.314795,83.68782951456348,-12.848250589445495,76.30924389691542,75.89891973731659,107.63531836211364
05/18/2023 18:40:36.489025,1060,True,True,True,True,Eyes,1.78719,0.03267068,-3.433947,-0.9902157,0.04610066,-0.1317102,0.0,0.0,0.0,0.0,0.0,0.0,0.0,3.735788,0.121913,0.9164662,1.691985,0.03852086,-3.456384,0.02598569,-0.7783939,0.00636387,0.6272058,2.436031,257.682,358.1375,0.4783522,0.008866902,-0.878123,-0.2222062,-0.0138122,-0.05592102,0.1711524,0.3098725,-3.784431,0.3515399,0.2430939,1.915001,-0.2118752,-0.03247129,0.9767571,-0.04843711,0.9985685,0.02268955,-0.9760956,-0.04250395,-0.2131447,moving,82.42347,-19.29086,10.40207,7.234545,83.74229836769925,-13.740200125639896,76.75076005079055,76.28059405977272,107.47240594726202
05/18/2023 18:40:36.499474,1061,True,True,True,True,Eyes,1.78719,0.03267068,-3.433947,-0.9902157,0.04610066,-0.1317102,0.0,0.0,0.0,0.0,0.0,0.0,0.0,3.735799,0.09391663,0.9058394,1.679946,0.0386791,-3.458591,0.01865771,-0.7784997,-0.0008541123,0.627367,1.265229,257.7093,358.2735,0.4766898,0.008824279,-0.879027,-0.2088738,-0.01298347,-0.05256576,0.1620696,0.3235642,-3.77902,0.3477382,0.2404646,1.915002,-0.2121248,-0.03012172,0.9767781,-0.02797836,0.9993023,0.02474031,-0.9768419,-0.02208061,-0.2128196,moving,82.42347,-19.29086,10.29199,7.157105,83.74229836769925,-13.740200125639896,76.82737311422032,76.36520909959067,107.37005092964937
05/18/2023 18:40:36.524490,1062,True,True,True,True,Eyes,1.78719,0.03267068,-3.433947,-0.9902157,0.04610066,-0.1317102,0.0,0.0,0.0,0.0,0.0,0.0,0.0,3.734313,0.07619554,0.8998818,1.668994,0.03755576,-3.460308,0.01684762,-0.7781097,0.0009849443,0.6279016,1.300158,257.7879,358.5681,0.475192,0.008785882,-0.879838,-0.1963414,-0.01220446,-0.04941181,0.1542957,0.3406398,-3.774827,0.3437777,0.2377261,1.915001,-0.2109117,-0.0249817,0.9771859,-0.02745549,0.9994304,0.01962451,-0.9771196,-0.02269009,-0.2114774,moving,82.42347,-19.29086,10.17724,7.076432,83.74229836769925,-13.740200125639896,76.90742380697824,76.45358059435294,107.26327812872464
05/18/2023 18:40:36.539079,1063,True,True,True,True,Eyes,1.781282,0.03290647,-3.435365,-0.9903212,0.04634893,-0.1308272,0.0,0.0,0.0,0.0,0.0,0.0,0.0,3.73019,0.07986766,0.9031858,1.658134,0.03788162,-3.462023,0.01999961,-0.7768214,0.00636783,0.629371,2.009643,258.0047,358.678,0.4738428,0.008751306,-0.8805657,-0.1845609,-0.01147219,-0.04644711,0.1444479,0.3391599,-3.77167,0.3399155,0.2350554,1.915,-0.2069843,-0.0230568,0.9780725,-0.03908771,0.999119,0.01528102,-0.977563,-0.03506768,-0.2077032,moving,82.47446,-19.50801,10.06525,6.997726,83.79397687039724,-13.942293043158976,77.10802638977212,76.64469690368341,107.10656964716335
05/18/2023 18:40:36.559116,1064,True,True,True,True,Eyes,1.775177,0.03313005,-3.436761,-0.9904631,0.04623582,-0.129789,0.0,0.0,0.0,0.0,0.0,0.0,0.0,3.726182,0.08633739,0.9047375,1.647432,0.03860473,-3.463368,0.02298539,-0.7756774,0.01039614,0.6306252,2.585974,258.193,358.7068,0.4724934,0.008726599,-0.8812907,-0.1734873,-0.01078386,-0.04366028,0.1327092,0.3196349,-3.770184,0.3360499,0.2323825,1.915,-0.203567,-0.02254637,0.9788012,-0.04877063,0.9987272,0.01286223,-0.9778454,-0.04511842,-0.2044075,moving,82.53457,-19.60785,9.953092,6.918931,83.85190159156387,-14.034370783198211,77.2770409558133,76.81194513009022,106.94350840627145
05/18/2023 18:40:36.574193,1065,True,True,True,True,Eyes,1.768891,0.03334971,-3.43811,-0.9906753,0.04505302,-0.1285793,0.0,0.0,0.0,0.0,0.0,0.0,0.0,3.720267,0.08985502,0.912632,1.63665,0.03862183,-3.464281,0.0253385,-0.7739898,0.01422469,0.6325308,3.099742,258.4808,358.7818,0.4711396,0.008710484,-0.8820153,-0.163078,-0.01013683,-0.04104066,0.1212199,0.2976682,-3.76977,0.3319318,0.2295345,1.915,-0.1985252,-0.02122836,0.9798657,-0.0572186,0.9983113,0.01003522,-0.9784241,-0.0540743,-0.1994047,moving,82.60495,-19.31,9.833519,6.834943,83.91176280971109,-13.75396122224955,77.32554050416337,76.88620931613136,106.7716154407583
05/18/2023 18:40:36.589080,1066,True,True,True,True,Eyes,1.76243,0.0335901,-3.439442,-0.9909185,0.0435862,-0.1272033,0.0,0.0,0.0,0.0,0.0,0.0,0.0,3.713541,0.09801941,0.9240327,1.626154,0.03887358,-3.465248,0.02835665,-0.7719724,0.01799856,0.6347681,3.6573,258.8204,358.7982,0.4697788,0.008702036,-0.882741,-0.1532933,-0.009528621,-0.03857822,0.1102026,0.2788931,-3.768359,0.3283583,0.2270632,1.915,-0.1925306,-0.02093127,0.9810677,-0.06663092,0.9977439,0.008211005,-0.9790261,-0.06378858,-0.1934909,moving,82.685,-18.91402,9.729685,6.762038,83.97875083452122,-13.381477064673309,77.34169600654351,76.9329901697561,106.60668634478608
05/18/2023 18:40:36.599177,1067,True,True,True,True,Eyes,1.755798,0.03384227,-3.440725,-0.9911963,0.041533,-0.1257171,0.0,0.0,0.0,0.0,0.0,0.0,0.0,3.707216,0.1092073,0.9331822,1.615523,0.03968179,-3.466225,0.03142438,-0.7701136,0.02076643,0.6367939,4.129254,259.1281,358.7388,0.4684077,0.008701045,-0.8834693,-0.1440957,-0.008956904,-0.03626353,0.09996283,0.2654379,-3.766119,0.3244336,0.2243498,1.915,-0.1870123,-0.02195281,0.9821124,-0.07484855,0.9971625,0.008036696,-0.9795021,-0.07200672,-0.1881248,moving,82.77156,-18.28194,9.615579,6.681968,84.04727326295823,-12.787845754425074,77.29808703134137,76.9360173032533,106.42972924153064
05/18/2023 18:40:36.619384,1068,True,True,True,True,Eyes,1.749003,0.03405342,-3.441983,-0.991483,0.03947061,-0.1241105,0.0,0.0,0.0,0.0,0.0,0.0,0.0,3.701196,0.1226045,0.9401913,1.604905,0.04028758,-3.46706,0.03419336,-0.7684437,0.02226474,0.6386151,4.467362,259.4025,358.614,0.4670243,0.008707103,-0.8842013,-0.13545,-0.008419489,-0.03408772,0.08962272,0.2415109,-3.763635,0.3201535,0.2213899,1.915,-0.182003,-0.02411415,0.9830021,-0.08098854,0.9966701,0.009454396,-0.9799569,-0.07789119,-0.1833499,moving,82.86502,-17.64212,9.491048,6.594592,84.12207633276975,-12.186811562738011,77.27326818264987,76.95798535430296,106.23563625990548
05/18/2023 18:40:36.643296,1069,True,True,True,True,Eyes,1.742078,0.03424063,-3.443261,-0.9917795,0.0369908,-0.1224954,0.0,0.0,0.0,0.0,0.0,0.0,0.0,3.695466,0.1333519,0.9455967,1.594212,0.03952696,-3.467757,0.03571187,-0.7669675,0.02232682,0.6403022,4.587455,259.6533,358.4945,0.4656262,0.00871847,-0.8849382,-0.127323,-0.00791432,-0.03204245,0.07865596,0.2168785,-3.759568,0.3168821,0.2191274,1.915001,-0.1774753,-0.02618784,0.9837767,-0.08337151,0.9964524,0.01148488,-0.9805874,-0.07998068,-0.179029,moving,82.95901,-16.80311,9.3958,6.52778,84.19355024208598,-11.39931621068724,77.17432405726792,76.9160855726857,106.0710532581726
05/18/2023 18:40:36.649079,1070,True,True,True,True,Eyes,1.735006,0.03442678,-3.44453,-0.9920871,0.03430159,-0.1207754,0.0,0.0,0.0,0.0,0.0,0.0,0.0,3.689939,0.1580259,0.9498763,1.584044,0.03926978,-3.468738,0.04055703,-0.765383,0.02496777,0.6418105,5.179698,259.8847,358.2719,0.4642118,0.008734012,-0.8856809,-0.1196836,-0.007439461,-0.03011991,0.06913389,0.2000417,-3.756822,0.3130852,0.2165023,1.915001,-0.1728688,-0.03003416,0.9844869,-0.09413248,0.9954634,0.01384005,-0.9804365,-0.09027968,-0.1749118,moving,83.05904,-15.85515,9.285192,6.450242,84.26856097830473,-10.509701453445988,77.0721166246313,76.87746942557798,105.8868882494296
05/18/2023 18:40:36.674374,1071,True,True,True,True,Eyes,1.554335,0.03925438,-3.475672,-0.9965199,-0.02891672,-0.07817785,0.0,0.0,0.0,0.0,0.0,0.0,0.0,3.684381,0.1824434,0.9534802,1.573475,0.03947868,-3.469826,0.04476259,-0.7638441,0.02616549,0.6433148,5.599003,260.1109,358.0009,0.4627801,0.008753295,-0.8864297,-0.1125026,-0.006993093,-0.02831271,0.06013843,0.2067803,-3.75239,0.3092392,0.213842,1.915001,-0.1682849,-0.034718,0.985127,-0.1020486,0.9946234,0.01762018,-0.980442,-0.09756558,-0.170923,moving,85.51428,20.29862,9.173079,6.371639,85.86238380215534,23.387739718571076,77.60115830254573,78.55442161140543,103.75601663101318
05/18/2023 18:40:36.689329,1072,True,True,True,True,Eyes,1.55389,0.03925734,-3.475712,-0.9965305,-0.02879924,-0.0780862,0.0,0.0,0.0,0.0,0.0,0.0,0.0,3.681354,0.1859264,0.9505529,1.562572,0.03986218,-3.470917,0.04519733,-0.7631276,0.02567327,0.644154,5.590164,260.2343,357.9324,0.4556168,0.008941173,-0.8901308,-0.6477664,0.007909292,-0.1200421,0.05205335,0.2206925,-3.749458,0.3053083,0.2111239,1.915001,-0.1660458,-0.0359076,0.985464,-0.1020577,0.9945962,0.01904413,-0.9808226,-0.09741205,-0.1688132,moving,85.51957,20.24465,9.058423,6.291305,85.86834868098923,23.33734295559226,77.72388845937029,78.67866351878747,103.63583369520482
05/18/2023 18:40:36.708813,1073,True,True,True,True,Eyes,1.553005,0.03923475,-3.475781,-0.9965422,-0.02847395,-0.07805731,0.0,0.0,0.0,0.0,0.0,0.0,0.0,3.678469,0.1801708,0.9482951,1.551456,0.03991322,-3.471923,0.04402718,-0.7624516,0.02474825,0.6450711,5.424845,260.3697,357.9732,0.4496979,0.009100255,-0.8931341,-0.6089004,0.007434735,-0.1128396,0.04359004,0.236015,-3.747129,0.3013892,0.2084138,1.915001,-0.1638899,-0.03520843,0.9858501,-0.09906594,0.9948982,0.01906263,-0.9814918,-0.09454,-0.1665417,moving,85.52127,20.04109,8.944037,6.211183,85.87383955428704,23.14684236909491,77.81605837849241,78.77189269852289,103.51821203933845
05/18/2023 18:40:36.719162,1074,True,True,True,True,Eyes,1.551719,0.03916908,-3.475868,-0.9965613,-0.02819771,-0.07791237,0.0,0.0,0.0,0.0,0.0,0.0,0.0,3.675299,0.1686826,0.9470325,1.54004,0.03928654,-3.472735,0.04212796,-0.7616971,0.02427132,0.6461065,5.244907,260.5258,358.1117,0.444789,0.009234846,-0.8955874,-0.5723664,0.006988651,-0.1060692,0.03546902,0.2489758,-3.747246,0.2975622,0.2057674,1.915001,-0.1615432,-0.03281378,0.9863198,-0.09554122,0.9952723,0.01746351,-0.9822298,-0.0914131,-0.1639146,moving,85.52964,19.89599,8.832265,6.132918,85.8844233079812,23.011215148675166,77.92245814120476,78.8790974501938,103.39685172285131
05/18/2023 18:40:36.739205,1075,True,True,True,True,Eyes,1.550032,0.03907464,-3.475969,-0.9965752,-0.02819141,-0.07773743,0.0,0.0,0.0,0.0,0.0,0.0,0.0,3.671615,0.1560073,0.947866,1.529129,0.03821101,-3.473304,0.04103166,-0.7607105,0.02599596,0.6472715,5.317115,260.7105,358.3441,0.4406976,0.009347944,-0.8976066,-0.5380244,0.006569332,-0.09970503,0.02658474,0.2480292,-3.749087,0.2936366,0.2030531,1.915001,-0.1587125,-0.02877354,0.9869056,-0.0960793,0.9952812,0.01356644,-0.9826391,-0.09266803,-0.160728,moving,85.5397,19.93313,8.717546,6.052621,85.89308406754952,23.04620983299972,78.0660737791955,79.02433636191347,103.27240720467681
05/18/2023 18:40:36.749162,1076,True,True,True,True,Eyes,1.54797,0.03894759,-3.476085,-0.9965906,-0.02840532,-0.0774615,0.0,0.0,0.0,0.0,0.0,0.0,0.0,3.666914,0.1526653,0.9504194,1.517833,0.03753131,-3.47385,0.04206338,-0.7593723,0.02918959,0.648639,5.675797,260.9322,358.5019,0.4372645,0.009442302,-0.8992831,-0.505743,0.006175172,-0.09372273,0.01588286,0.2294292,-3.750724,0.2896636,0.2003058,1.915001,-0.1549965,-0.02601651,0.9875724,-0.1017505,0.9947573,0.01023636,-0.9826612,-0.0988994,-0.1568311,moving,85.55553,20.13811,8.601375,5.971326,85.90389981787023,23.238440906215175,78.24729861577767,79.20753499763693,103.14195329408312
05/18/2023 18:40:36.774286,1077,True,True,True,True,Eyes,1.545561,0.03877921,-3.476255,-0.9965938,-0.02900457,-0.0771979,0.0,0.0,0.0,0.0,0.0,0.0,0.0,3.66312,0.1530327,0.9492493,1.506783,0.03667694,-3.474363,0.04334988,-0.7583661,0.03177889,0.649609,5.999571,261.0922,358.5905,0.4342383,0.009522052,-0.9007474,-0.4753984,0.005804661,-0.08809937,0.004919797,0.2055656,-3.751159,0.2857715,0.1976144,1.915001,-0.1522581,-0.02446244,0.9880381,-0.1070379,0.9942217,0.008120867,-0.9825276,-0.104521,-0.1539967,moving,85.57061,20.59206,8.487496,5.891662,85.90923833241465,23.66369971279525,78.47234012883392,79.43532910646134,103.01660653714637
05/18/2023 18:40:36.789041,1078,True,True,True,True,Eyes,1.54281,0.03857144,-3.476425,-0.9965879,-0.02995296,-0.07691209,0.0,0.0,0.0,0.0,0.0,0.0,0.0,3.660089,0.1545435,0.9449065,1.495919,0.03567994,-3.474757,0.04569167,-0.7575378,0.03616228,0.6501855,6.557755,261.2048,358.7195,0.4314567,0.00958955,-0.9020824,-0.4468745,0.005456381,-0.0828134,-0.006084662,0.192597,-3.747994,0.2819361,0.1949618,1.915,-0.1503426,-0.02220197,0.9883847,-0.1162507,0.9932091,0.004627528,-0.9817755,-0.1142047,-0.1519026,moving,85.58692,21.27813,8.375213,5.813125,85.91126790730323,24.30625937304445,78.74524796775914,79.71095175399563,102.89339843525016
05/18/2023 18:40:36.799346,1079,True,True,True,True,Eyes,1.539726,0.03833117,-3.476561,-0.9965653,-0.03116502,-0.0767223,0.0,0.0,0.0,0.0,0.0,0.0,0.0,3.657853,0.1567199,0.9365137,1.484941,0.03461958,-3.474946,0.04808763,-0.7570412,0.04036068,0.6503441,7.10317,261.2563,358.8271,0.4288885,0.009645028,-0.9033056,-0.420062,0.005128999,-0.0778446,-0.01691209,0.1814084,-3.742066,0.2779819,0.1922278,1.915,-0.1494806,-0.02031196,0.9885563,-0.1253053,0.9921172,0.001437619,-0.9807928,-0.1236564,-0.1508474,moving,85.59767,22.10726,8.25938,5.732153,85.90537114719076,25.08260106962868,79.05286351161196,80.02087091331249,102.77338100977336
05/18/2023 18:40:36.818999,1080,True,True,True,True,Eyes,1.536315,0.03803304,-3.476682,-0.9965361,-0.03255468,-0.07652409,0.0,0.0,0.0,0.0,0.0,0.0,0.0,3.656109,0.1636035,0.9244747,1.473918,0.03372039,-3.474907,0.05075586,-0.7568506,0.04353546,0.6501582,7.579304,261.2498,358.8312,0.4265057,0.009688894,-0.9044327,-0.3948583,0.004821259,-0.07317392,-0.0283817,0.1560665,-3.733851,0.2741191,0.1895566,1.915,-0.1494364,-0.02021934,0.9885647,-0.1334391,0.991057,9.900682e-05,-0.9797259,-0.1318984,-0.150798,moving,85.60887,23.04575,8.146158,5.653018,85.89779476687463,25.96131797394641,79.3913022743598,80.36009001836547,102.65620753985027
05/18/2023 18:40:36.839047,1081,True,True,True,True,Eyes,1.532602,0.03767607,-3.476778,-0.9964684,-0.03438969,-0.07660415,0.0,0.0,0.0,0.0,0.0,0.0,0.0,3.653623,0.172907,0.9137759,1.462673,0.03207942,-3.47468,0.0529844,-0.7565695,0.0452955,0.6501873,7.899618,261.2658,358.7694,0.4242834,0.009720824,-0.905477,-0.3711668,0.004531983,-0.06878348,-0.04024664,0.1416121,-3.722092,0.27029,0.1869085,1.915,-0.148898,-0.02127165,0.9886237,-0.1390739,0.9902819,0.0003611953,-0.9790238,-0.137438,-0.1504094,moving,85.604,24.17661,8.033866,5.574545,85.87155278651358,27.019732247623907,79.76943343814209,80.7378569220229,102.55799090367988
05/18/2023 18:40:36.849386,1082,True,True,True,True,Eyes,1.528587,0.03724847,-3.476837,-0.9963967,-0.0363413,-0.07663469,0.0,0.0,0.0,0.0,0.0,0.0,0.0,3.651325,0.1847281,0.9015353,1.451675,0.03041577,-3.474302,0.05547376,-0.756421,0.0467758,0.6500478,8.214856,261.2537,358.662,0.4221992,0.009740508,-0.9064505,-0.3488968,0.004260064,-0.06465647,-0.05089384,0.1520062,-3.712102,0.2663313,0.1841713,1.915,-0.1487214,-0.02311002,0.9886092,-0.144736,0.9894693,0.001356789,-0.9782299,-0.1428856,-0.1505001,moving,85.60194,25.371,7.917701,5.493414,85.84670975847118,28.137677223068685,80.18702771768335,81.15228316562326,102.45330889364358
05/18/2023 18:40:36.874089,1083,True,True,True,True,Eyes,1.524284,0.0367805,-3.476843,-0.9962985,-0.03856345,-0.07682518,0.0,0.0,0.0,0.0,0.0,0.0,0.0,3.647428,0.1972809,0.8934231,1.440421,0.02832685,-3.473506,0.05777316,-0.7558976,0.04782977,0.6503794,8.47963,261.3099,358.5443,0.4202334,0.00974735,-0.9073635,-0.327963,0.00400446,-0.06077709,-0.06140977,0.1519666,-3.703129,0.2626968,0.1816577,1.915,-0.1473377,-0.0251262,0.988767,-0.1495562,0.9887491,0.002840128,-0.9777139,-0.1474577,-0.1494379,moving,85.59061,26.65499,7.810997,5.418887,85.81150958207047,29.33927881265885,80.62654816533062,81.58593694710413,102.36832790442472
05/18/2023 18:40:36.889363,1084,True,True,True,True,Eyes,1.519703,0.03628889,-3.476794,-0.9961985,-0.04087805,-0.07692482,0.0,0.0,0.0,0.0,0.0,0.0,0.0,3.643222,0.213792,0.8843086,1.429245,0.02690922,-3.472364,0.06073898,-0.7554079,0.0487891,0.6506069,8.786078,261.3484,358.3602,0.418368,0.009741605,-0.9082252,-0.3082852,0.003764193,-0.05713046,-0.07260021,0.1188912,-3.695889,0.2586919,0.1788883,1.915,-0.1460427,-0.02828035,0.9888739,-0.1552504,0.9878608,0.005323065,-0.9770203,-0.1527457,-0.1486604,moving,85.58448,27.9863,7.69335,5.336755,85.78024639528205,30.58529267357074,81.11738421191801,82.0673628387146,102.26716594221101
05/18/2023 18:40:36.908696,1085,True,True,True,True,Eyes,1.514862,0.0357342,-3.47671,-0.9961006,-0.0431328,-0.07696173,0.0,0.0,0.0,0.0,0.0,0.0,0.0,3.637121,0.2415213,0.8787725,1.417974,0.02586482,-3.471009,0.06459856,-0.7545268,0.04814447,0.6513053,9.021167,261.4421,357.9825,0.4165875,0.009723945,-0.9090434,-0.2897881,0.003538341,-0.05370263,-0.08340222,0.09504551,-3.691653,0.2549005,0.1762668,1.915,-0.1432571,-0.0347692,0.9890747,-0.1601962,0.9870182,0.01149418,-0.9766345,-0.1567994,-0.1469674,moving,85.58194,29.26822,7.58192,5.25899,85.75327618061803,31.7851578985406,81.61155705654255,82.54937013992665,102.16794265252634
05/18/2023 18:40:36.919639,1086,True,True,True,True,Eyes,1.509796,0.03515788,-3.476563,-0.9959966,-0.04575408,-0.07679474,0.0,0.0,0.0,0.0,0.0,0.0,0.0,3.629481,0.2688535,0.8785207,1.406868,0.02377388,-3.469491,0.06779302,-0.7532445,0.04670426,0.6525685,9.139492,261.6165,357.6099,0.4148782,0.00969392,-0.909825,-0.2724008,0.00332604,-0.05048048,-0.09330134,0.09167859,-3.690764,0.250966,0.1735455,1.915,-0.1391172,-0.04117399,0.9894196,-0.1630849,0.9864456,0.01811971,-0.9767547,-0.1588386,-0.1439464,moving,85.59102,30.78636,7.466218,5.178244,85.7325993963395,33.206399584089844,82.21472065639256,83.1336512028867,102.054086264766
05/18/2023 18:40:36.939556,1087,True,True,True,True,Eyes,1.504498,0.03459413,-3.476372,-0.9958872,-0.0484523,-0.07655747,0.0,0.0,0.0,0.0,0.0,0.0,0.0,3.620111,0.3014425,0.8835213,1.396394,0.02275318,-3.467889,0.07369415,-0.7511062,0.04882498,0.654236,9.774578,261.8808,357.277,0.4132283,0.009652214,-0.910576,-0.2560568,0.003126478,-0.04745165,-0.1036356,0.09768499,-3.689728,0.2472591,0.1709825,1.915001,-0.1330888,-0.04681813,0.9899977,-0.1745904,0.9843706,0.02308124,-0.9756052,-0.1697722,-0.1391827,moving,85.60411,32.32922,7.35715,5.102172,85.71518455420032,34.65087188277208,82.84865051427153,83.74429678467295,101.9428102412007
05/18/2023 18:40:36.949259,1088,True,True,True,True,Eyes,1.498985,0.03403345,-3.476117,-0.9957806,-0.05107225,-0.07624125,0.0,0.0,0.0,0.0,0.0,0.0,0.0,3.611583,0.3252769,0.8869281,1.385529,0.02253091,-3.466378,0.07807477,-0.7492429,0.05022616,0.6557567,10.23345,262.1198,357.0222,0.4116273,0.009600349,-0.9113015,-0.2406933,0.002938889,-0.04460455,-0.1137162,0.09462802,-3.688156,0.2431915,0.1681696,1.915,-0.127775,-0.05112165,0.9904848,-0.1828662,0.9827634,0.02713294,-0.9747992,-0.1776593,-0.134921,moving,85.62173,33.81721,7.237419,5.018669,85.70304372134274,36.04408758727062,83.50722229049055,84.37671990203192,101.81528240703815
05/18/2023 18:40:36.969401,1089,True,True,True,True,Eyes,1.493284,0.03352724,-3.475792,-0.9956598,-0.05378511,-0.0759517,0.0,0.0,0.0,0.0,0.0,0.0,0.0,3.606097,0.3287731,0.8842502,1.37485,0.0220463,-3.464567,0.07867928,-0.7484733,0.05011722,0.6565711,10.27308,262.2432,356.9726,0.4100659,0.00953944,-0.9120057,-0.2262518,0.002762556,-0.04192828,-0.1241652,0.08067123,-3.686903,0.2394333,0.1655709,1.915,-0.1254479,-0.05196763,0.9907382,-0.1835897,0.9825956,0.02829428,-0.9749656,-0.1783399,-0.1328053,moving,85.63776,35.30418,7.126735,4.941504,85.68944095536519,37.43631213498804,84.17762850325258,85.01771181794331,101.6984289486562
05/18/2023 18:40:36.989087,1090,True,True,True,True,Eyes,1.487391,0.0331683,-3.47541,-0.9955248,-0.05670621,-0.07559557,0.0,0.0,0.0,0.0,0.0,0.0,0.0,3.600531,0.3347119,0.8818789,1.364648,0.02292119,-3.462769,0.08161857,-0.7473109,0.05346516,0.657272,10.78951,262.3793,356.9827,0.4085364,0.009471837,-0.9126926,-0.2126766,0.002596803,-0.03941258,-0.1343566,0.06918453,-3.685394,0.2353455,0.1627437,1.915001,-0.1226641,-0.05170658,0.9911005,-0.1922712,0.9809598,0.02738101,-0.9736455,-0.1872014,-0.1302703,moving,85.65755,36.87452,7.006278,4.857532,85.6777415369706,38.90666008874069,84.9182554449285,85.72363908894889,101.56820440426843
05/18/2023 18:40:37.009067,1091,True,True,True,True,Eyes,1.481296,0.03282381,-3.474957,-0.9953886,-0.05900393,-0.0756316,0.0,0.0,0.0,0.0,0.0,0.0,0.0,3.595742,0.3356558,0.8780904,1.354133,0.02616942,-3.461027,0.08407715,-0.7463486,0.05657264,0.657795,11.24805,262.4887,357.0149,0.4070321,0.009402136,-0.9133652,-0.199916,0.002440995,-0.03704783,-0.1446356,0.05810695,-3.683325,0.2317402,0.1602509,1.915002,-0.1204735,-0.05107532,0.9914017,-0.1999281,0.9794611,0.02616521,-0.9723759,-0.1950569,-0.1282105,moving,85.65491,37.95955,6.899986,4.783472,85.65445699940882,39.92222688035313,85.45753451690413,86.23803567416333,101.47165204527599
05/18/2023 18:40:37.019339,1092,True,True,True,True,Eyes,1.475077,0.03256185,-3.474429,-0.9952437,-0.06132315,-0.07569203,0.0,0.0,0.0,0.0,0.0,0.0,0.0,3.593835,0.3125486,0.8695493,1.343239,0.02608481,-3.458971,0.07907644,-0.7469818,0.05308259,0.6579874,10.56589,262.4908,357.1848,0.405546,0.009330938,-0.9140268,-0.1879211,0.002294535,-0.03482496,-0.1555224,0.0617607,-3.678376,0.2280269,0.157683,1.915001,-0.1215991,-0.04828198,0.9914043,-0.1879927,0.9818583,0.02475915,-0.974614,-0.183366,-0.1284697,moving,85.65081,39.01323,6.790465,4.707169,85.63041377352016,40.90841551693693,85.99918508250381,86.75406487301515,101.37288442934532
05/18/2023 18:40:37.039345,1093,True,True,True,True,Eyes,1.468686,0.03250525,-3.473846,-0.995083,-0.06390321,-0.07567034,0.0,0.0,0.0,0.0,0.0,0.0,0.0,3.591675,0.3009086,0.8590434,1.334012,0.02784083,-3.456627,0.07896542,-0.747129,0.05518236,0.6576607,10.73819,262.4627,357.3508,0.4040739,0.009260583,-0.9146792,-0.1766458,0.002156863,-0.03273546,-0.1656011,0.06417068,-3.674487,0.2239324,0.154852,1.915,-0.1224938,-0.04541217,0.9914298,-0.1905773,0.9814388,0.02140823,-0.9739998,-0.1863216,-0.1288747,moving,85.65136,40.18092,6.669647,4.623031,85.60851510312217,42.00142807991809,86.61682549338028,87.34122431971142,101.25848072540659
05/18/2023 18:40:37.049362,1094,True,True,True,True,Eyes,1.462088,0.03248575,-3.472995,-0.9947794,-0.06690069,-0.07705989,0.0,0.0,0.0,0.0,0.0,0.0,0.0,3.58624,0.3099027,0.8549864,1.323474,0.0327822,-3.454779,0.08264655,-0.7460846,0.05773497,0.6581748,11.24134,262.5634,357.2345,0.4026111,0.009196463,-0.9153247,-0.1660471,0.002027451,-0.03077133,-0.1751334,0.02304965,-3.666681,0.2201049,0.1522053,1.915,-0.1199511,-0.04732322,0.9916514,-0.1993221,0.9796724,0.0226414,-0.972565,-0.1949421,-0.1269454,moving,85.57047,40.96337,6.556653,4.54435,85.51812712187652,42.7319776914718,87.00303612328646,87.7109417587238,101.23429196454268
05/18/2023 18:40:37.069113,1095,True,True,True,True,Eyes,1.295028,0.03186866,-3.45328,-0.9841564,-0.1397759,-0.109082,0.0,0.0,0.0,0.0,0.0,0.0,0.0,3.583856,0.2765113,0.8499963,1.312184,0.03358777,-3.452538,0.07274668,-0.7471381,0.04783162,0.6589423,9.633507,262.5979,357.3451,0.4011538,0.009138993,-0.9159649,-0.1560843,0.001905804,-0.02892505,-0.186267,0.004838496,-3.657245,0.2160258,0.1493844,1.915,-0.1210065,-0.04566707,0.9916009,-0.1717402,0.9848401,0.02439806,-0.9776825,-0.1673453,-0.1270148,moving,83.67526,52.03131,6.436166,4.46047,83.53980896817035,53.048581705861885,90.71307766935502,91.13603216129391,103.23014126402093
05/18/2023 18:40:37.088900,1096,True,True,True,True,Eyes,1.294633,0.03189458,-3.453205,-0.9841379,-0.1399551,-0.1090187,0.0,0.0,0.0,0.0,0.0,0.0,0.0,3.581962,0.2562286,0.8397245,1.303161,0.03346293,-3.449912,0.07025184,-0.7475792,0.04851051,0.658663,9.501618,262.5654,357.6097,0.3945569,0.009097609,-0.9188263,-0.6478982,-5.982723e-05,0.03195566,-0.197344,0.05345505,-3.654219,0.2123488,0.1468416,1.915,-0.1224555,-0.04113346,0.9916213,-0.1689418,0.9854228,0.02001369,-0.9779895,-0.1650755,-0.1276196,moving,83.67879,52.08302,6.327512,4.384843,83.54210565070214,53.09706494415698,90.8753888429459,91.29607899236342,103.11030839035993
05/18/2023 18:40:37.108850,1097,True,True,True,True,Eyes,1.293841,0.03193571,-3.45302,-0.9841593,-0.1398895,-0.1089107,0.0,0.0,0.0,0.0,0.0,0.0,0.0,3.576938,0.2662719,0.8351424,1.293272,0.03427417,-3.44806,0.07260887,-0.7468396,0.0494316,0.6591777,9.762193,262.6497,357.4826,0.3891329,0.009058374,-0.9211368,-0.6090243,-5.62376e-05,0.03003832,-0.2069715,0.05868842,-3.651736,0.208613,0.144258,1.915,-0.1204257,-0.04328594,0.9917783,-0.1736228,0.9845689,0.02188935,-0.9774216,-0.1695592,-0.1260828,moving,83.68513,52.09755,6.217075,4.307986,83.54773418396,53.110810690469854,91.02275524720795,91.4425860723247,102.98506564477675
05/18/2023 18:40:37.119810,1098,True,True,True,True,Eyes,1.292696,0.03193947,-3.452763,-0.9842227,-0.1395044,-0.1088308,0.0,0.0,0.0,0.0,0.0,0.0,0.0,3.574039,0.2648892,0.8243272,1.283045,0.03466079,-3.446161,0.06970925,-0.747424,0.04374526,0.6592303,9.050295,262.611,357.2995,0.3846571,0.009022164,-0.9230152,-0.5724828,-5.286334e-05,0.02823602,-0.2170393,0.05910163,-3.653908,0.2047607,0.1415942,1.915001,-0.1211125,-0.04652831,0.9915479,-0.1618811,0.986454,0.02651637,-0.9793501,-0.1573014,-0.1270039,moving,83.69013,52.04134,6.103138,4.228727,83.55347184201807,53.058310567679165,91.1360921342134,91.55808235012906,102.8565572835453
05/18/2023 18:40:37.139133,1099,True,True,True,True,Eyes,1.29121,0.03194425,-3.45246,-0.9842369,-0.1395184,-0.1086849,0.0,0.0,0.0,0.0,0.0,0.0,0.0,3.571161,0.2630792,0.8140802,1.27347,0.03369614,-3.444164,0.06761757,-0.7478299,0.04016782,0.6592155,8.582104,262.5831,357.2075,0.3809453,0.008988168,-0.9245536,-0.5381339,-4.969154e-05,0.02654186,-0.2264795,0.08918296,-3.665392,0.2006799,0.1387722,1.915,-0.1217257,-0.04817437,0.991394,-0.1540914,0.9876288,0.0290717,-0.9805298,-0.1492265,-0.127643,moving,83.69862,52.08139,5.982399,4.144743,83.5606138764354,53.095993174883546,91.31118842794376,91.73115238073933,102.71827281928648
05/18/2023 18:40:37.149165,1100,True,True,True,True,Eyes,1.289377,0.03196248,-3.452112,-0.9842812,-0.1393202,-0.1085378,0.0,0.0,0.0,0.0,0.0,0.0,0.0,3.567325,0.2753922,0.8051338,1.263774,0.03379671,-3.442618,0.06933271,-0.7476249,0.03935411,0.6593187,8.642512,262.5902,356.998,0.3778469,0.008956598,-0.9258245,-0.5058458,-4.671005e-05,0.02494935,-0.2363099,0.1266038,-3.670329,0.1970154,0.1362385,1.914999,-0.1209836,-0.05177592,0.9913034,-0.1555635,0.9872884,0.03258049,-0.9803892,-0.1502689,-0.1275003,moving,83.70735,52.07953,5.873931,4.06933,83.56878390167572,53.09445200425623,91.44955121415065,91.86921549107316,102.5923874813341
05/18/2023 18:40:37.174143,1101,True,True,True,True,Eyes,1.289377,0.03196248,-3.452112,-0.9842812,-0.1393202,-0.1085378,0.0,0.0,0.0,0.0,0.0,0.0,0.0,3.563977,0.2790727,0.7967556,1.253636,0.03408841,-3.441201,0.0685876,-0.7476465,0.03641395,0.6595412,8.332774,262.6045,356.841,0.3750653,0.008928621,-0.9269551,-0.4754951,-4.390745e-05,0.02345239,-0.246605,0.1227995,-3.673877,0.1931968,0.1335978,1.915,-0.1206023,-0.05452555,0.9912023,-0.1505915,0.9879396,0.03602319,-0.9812122,-0.1449222,-0.1273589,moving,83.70735,52.07953,5.760853,3.990708,83.56878390167572,53.09445200425623,91.58706893398595,92.00680293562795,102.47063519659145
05/18/2023 18:40:37.189907,1102,True,True,True,True,Eyes,1.289377,0.03196248,-3.452112,-0.9842812,-0.1393202,-0.1085378,0.0,0.0,0.0,0.0,0.0,0.0,0.0,3.563278,0.2613415,0.7842748,1.243782,0.03363507,-3.439797,0.06449185,-0.74841,0.03361024,0.6592372,7.778243,262.545,356.9789,0.372559,0.008903375,-0.9279656,-0.4469654,-4.1273e-05,0.02204525,-0.2582102,0.09718448,-3.672574,0.189352,0.1309387,1.915,-0.1224946,-0.05221846,0.9910946,-0.1408469,0.9894223,0.03472236,-0.9824243,-0.1353393,-0.1285537,moving,83.70735,52.07953,5.646955,3.911528,83.56878390167572,53.09445200425623,91.72557813515284,92.1453820491861,102.34796250191229
05/18/2023 18:40:37.199139,1103,True,True,True,True,Eyes,1.286426,0.0319771,-3.451616,-0.9843332,-0.1390174,-0.1084543,0.0,0.0,0.0,0.0,0.0,0.0,0.0,3.561745,0.2498206,0.7740862,1.234095,0.03382877,-3.438533,0.06308673,-0.7486283,0.0338554,0.6591127,7.692286,262.5293,357.1179,0.370301,0.008880597,-0.9288691,-0.4201475,-3.879662e-05,0.02072253,-0.2691173,0.07601566,-3.671764,0.1853245,0.1281542,1.914999,-0.123181,-0.04982797,0.9911326,-0.1390861,0.9897478,0.03247231,-0.9825892,-0.1338528,-0.1288485,moving,83.71249,52.04045,5.5276,3.828598,83.57432323590636,53.05798938456803,91.85455730437116,92.27580389222923,102.21362687835781
05/18/2023 18:40:37.224229,1104,True,True,True,True,Eyes,1.283206,0.03201929,-3.45109,-0.9844049,-0.1385368,-0.108419,0.0,0.0,0.0,0.0,0.0,0.0,0.0,3.56085,0.2312956,0.762162,1.223892,0.03394894,-3.437292,0.05950548,-0.7492005,0.03214687,0.6588811,7.27218,262.4879,357.2957,0.3682014,0.008860811,-0.9297035,-0.3949386,-3.646882e-05,0.01947918,-0.2802343,0.05648089,-3.667085,0.1814505,0.1254751,1.914999,-0.1246695,-0.04680114,0.9910939,-0.131525,0.9908513,0.03024519,-0.9834423,-0.126583,-0.1296844,moving,83.71497,51.95324,5.412745,3.748791,83.57830781506027,52.976414452725045,91.95057010885917,92.37539781239602,102.08637343684889
05/18/2023 18:40:37.239142,1105,True,True,True,True,Eyes,1.279706,0.03207649,-3.450481,-0.9844007,-0.1385688,-0.1084149,0.0,0.0,0.0,0.0,0.0,0.0,0.0,3.560199,0.2130076,0.749387,1.214212,0.03461716,-3.436053,0.0566417,-0.7497984,0.03154917,0.6584822,7.002124,262.4267,357.4944,0.3662389,0.008844508,-0.9304785,-0.3712423,-3.42807e-05,0.01831043,-0.2910313,0.03546212,-3.660647,0.1774886,0.1227356,1.915,-0.1263859,-0.04339057,0.9910317,-0.1264888,0.9915928,0.02728406,-0.9838837,-0.1219061,-0.1308117,moving,83.71518,51.9607,5.295238,3.667169,83.57836030849161,52.98340208943596,92.09751592595386,92.52209511515525,101.95960825841617
05/18/2023 18:40:37.249289,1106,True,True,True,True,Eyes,1.275967,0.0321438,-3.449861,-0.9844003,-0.1385296,-0.1084699,0.0,0.0,0.0,0.0,0.0,0.0,0.0,3.558861,0.2018183,0.7381535,1.204206,0.03508656,-3.435076,0.05498808,-0.7500952,0.03122473,0.6582999,6.848261,262.3988,357.6112,0.3643935,0.008831791,-0.9312029,-0.3489678,-3.222386e-05,0.0172118,-0.3016907,0.01772943,-3.654957,0.1736681,0.1200938,1.915,-0.1272355,-0.04138212,0.9910091,-0.1236031,0.9920026,0.02555425,-0.9841411,-0.1192403,-0.1313329,moving,83.71201,51.93874,5.18188,3.588441,83.57582807882126,52.96277416606456,92.22110783983406,92.64683411201091,101.84047466159782
05/18/2023 18:40:37.269407,1107,True,True,True,True,Eyes,1.271994,0.03220966,-3.44921,-0.9842995,-0.1391925,-0.108536,0.0,0.0,0.0,0.0,0.0,0.0,0.0,3.558056,0.1959649,0.7238305,1.194696,0.03538162,-3.434174,0.05412535,-0.7506498,0.03083898,0.6577572,6.747911,262.3145,357.6518,0.362648,0.008822602,-0.9318842,-0.3280297,-3.029042e-05,0.0161791,-0.3121645,0.004165769,-3.649992,0.1699608,0.1175297,1.915,-0.1288521,-0.04068925,0.9908288,-0.1218275,0.9922388,0.02490413,-0.9841521,-0.1175012,-0.1328092,moving,83.70757,52.0545,5.071846,3.512019,83.56946928411412,53.07102805761581,92.41184745821035,92.83303420672806,101.72752492214197
05/18/2023 18:40:37.289231,1108,True,True,True,True,Eyes,1.267817,0.03228711,-3.448562,-0.9841664,-0.1400496,-0.1086398,0.0,0.0,0.0,0.0,0.0,0.0,0.0,3.556118,0.2010421,0.7129967,1.185187,0.03550876,-3.433487,0.05572615,-0.750643,0.03185065,0.6575829,6.955942,262.2918,357.5882,0.3609873,0.008816583,-0.9325288,-0.3083479,-2.8473e-05,0.01520835,-0.3226427,-0.003601253,-3.645974,0.165997,0.1147891,1.914999,-0.1289586,-0.04177199,0.9907698,-0.1255498,0.9917603,0.02547218,-0.9836701,-0.1211061,-0.1331405,moving,83.70076,52.19841,4.954162,3.430325,83.56036192642884,53.20557710828493,92.62479587637876,93.04036967530291,101.60891204484004
05/18/2023 18:40:37.308953,1109,True,True,True,True,Eyes,1.263444,0.03241131,-3.447944,-0.9840072,-0.1409031,-0.1089775,0.0,0.0,0.0,0.0,0.0,0.0,0.0,3.554934,0.204868,0.6999459,1.176112,0.03584293,-3.432919,0.05771873,-0.7508284,0.03378646,0.6571025,7.272583,262.2277,357.5576,0.3593976,0.008813752,-0.9331427,-0.289847,-2.676462e-05,0.01429585,-0.3320814,-0.02685402,-3.64249,0.1621678,0.1121411,1.915,-0.1297697,-0.0422714,0.9906427,-0.1310761,0.9910541,0.02511857,-0.9828422,-0.1265899,-0.1341496,moving,83.68032,52.28085,4.840426,3.351374,83.53973435940101,53.28227598851813,92.7891292531933,93.20233961459921,101.5078790003385
05/18/2023 18:40:37.319070,1110,True,True,True,True,Eyes,1.258878,0.03256667,-3.447339,-0.9838198,-0.1419196,-0.1093493,0.0,0.0,0.0,0.0,0.0,0.0,0.0,3.553592,0.2104551,0.6876073,1.166935,0.03714633,-3.432491,0.06051118,-0.7508555,0.0363337,0.6566845,7.702893,262.1767,357.5043,0.3578674,0.008815076,-0.9337305,-0.2724562,-2.515874e-05,0.0134381,-0.3418462,-0.04407588,-3.639418,0.1581499,0.1093623,1.915001,-0.1302084,-0.04315076,0.9905474,-0.1385898,0.9900365,0.02491077,-0.981753,-0.1340362,-0.1348913,moving,83.65775,52.38569,4.721044,3.268509,83.516692211615,53.37989331473795,92.97043090960261,93.3804316493983,101.40299057856734
05/18/2023 18:40:37.338890,1111,True,True,True,True,Eyes,1.254129,0.0327507,-3.446755,-0.9836105,-0.1429086,-0.1099428,0.0,0.0,0.0,0.0,0.0,0.0,0.0,3.552781,0.213121,0.673897,1.157733,0.03816053,-3.432202,0.06235316,-0.751098,0.03805903,0.6561368,7.989784,262.1022,357.4695,0.356385,0.008821009,-0.9342973,-0.2561089,-2.364922e-05,0.01263181,-0.3522485,-0.04600328,-3.639959,0.1544463,0.1068016,1.915001,-0.1311933,-0.04372281,0.9903921,-0.1436105,0.9893272,0.02465228,-0.9808998,-0.1389965,-0.1360721,moving,83.62225,52.4281,4.61097,3.192139,83.48280051646408,53.41877790103143,93.09652100283834,93.50658214431988,101.320702866745
05/18/2023 18:40:37.349273,1112,True,True,True,True,Eyes,1.249208,0.03295358,-3.446189,-0.9833753,-0.1440511,-0.1105547,0.0,0.0,0.0,0.0,0.0,0.0,0.0,3.551876,0.2172997,0.6601264,1.148579,0.03908058,-3.431915,0.06462599,-0.7512946,0.04010203,0.6555699,8.336732,262.027,357.4207,0.3549419,0.008831884,-0.9348464,-0.2407423,-2.223026e-05,0.0118739,-0.3630804,-0.04287608,-3.640477,0.1505191,0.1040853,1.915,-0.1321035,-0.04452693,0.9902356,-0.1496857,0.9884306,0.02447682,-0.979869,-0.1449906,-0.1372402,moving,83.58553,52.4949,4.49421,3.111117,83.44730395511218,53.48046447780525,93.2426668576864,93.65181370600709,101.23246763723323
05/18/2023 18:40:37.374521,1113,True,True,True,True,Eyes,1.24411,0.03314932,-3.445662,-0.9831588,-0.1449755,-0.1112694,0.0,0.0,0.0,0.0,0.0,0.0,0.0,3.550888,0.2230448,0.6470129,1.139491,0.03977716,-3.431787,0.06674132,-0.7514517,0.04149139,0.6550909,8.615386,261.961,357.3366,0.3535294,0.008847738,-0.9353814,-0.2262978,-2.089645e-05,0.01116147,-0.3743151,-0.03963324,-3.640189,0.1466772,0.1014288,1.914999,-0.1328026,-0.0459445,0.990077,-0.154667,0.9876481,0.02508574,-0.9790002,-0.1498009,-0.1382684,moving,83.543,52.49357,4.379954,3.031864,83.40770142663222,53.47824590763362,93.34478138829483,93.75618545407231,101.15215911384948
05/18/2023 18:40:37.389000,1114,True,True,True,True,Eyes,1.238848,0.0333358,-3.445154,-0.9829329,-0.1459615,-0.1119744,0.0,0.0,0.0,0.0,0.0,0.0,0.0,3.549751,0.225719,0.6353278,1.130103,0.03980722,-3.431705,0.0677329,-0.7515704,0.0419895,0.6548214,8.732533,261.922,357.2849,0.3521399,0.008867887,-0.9359051,-0.2127199,-1.964266e-05,0.01049178,-0.3847866,-0.0450435,-3.63878,0.1428482,0.09878114,1.915,-0.1332425,-0.04682085,0.989977,-0.1568033,0.9872983,0.02558979,-0.9786007,-0.151822,-0.1388918,moving,83.50095,52.50637,4.266041,2.952862,83.36827495328643,53.48926451596366,93.45437902711859,93.86741391801502,101.07166207452056
05/18/2023 18:40:37.409281,1115,True,True,True,True,Eyes,1.233425,0.03352619,-3.444669,-0.9827219,-0.1467877,-0.1127437,0.0,0.0,0.0,0.0,0.0,0.0,0.0,3.54851,0.2293251,0.6243553,1.120902,0.03979213,-3.431666,0.06892952,-0.7516134,0.04259885,0.6546078,8.875004,261.8922,357.2243,0.3507663,0.008891672,-0.9364206,-0.1999567,-1.84641e-05,0.009862275,-0.3952834,-0.05987844,-3.635951,0.1389745,0.09610215,1.915001,-0.1334747,-0.04784562,0.9898965,-0.1593878,0.9868681,0.02620787,-0.9781512,-0.1542793,-0.1393479,moving,83.4553,52.47311,4.150764,2.872913,83.3263781348676,53.457086887343294,93.53816853356766,93.95497071203008,100.99287099376849
05/18/2023 18:40:37.418927,1116,True,True,True,True,Eyes,1.227834,0.03368755,-3.444207,-0.9825343,-0.1474755,-0.1134783,0.0,0.0,0.0,0.0,0.0,0.0,0.0,3.547111,0.2357007,0.6139901,1.111621,0.04012442,-3.431796,0.0702756,-0.7515887,0.04261763,0.6544918,8.977784,261.8723,357.1071,0.3494028,0.008918852,-0.9369299,-0.1879593,-1.735625e-05,0.009270539,-0.4052981,-0.07398711,-3.635151,0.1349722,0.09333477,1.915,-0.1334037,-0.0498509,0.9898073,-0.1614225,0.9864901,0.02792775,-0.9778274,-0.1560515,-0.1396485,moving,83.41179,52.42271,4.031627,2.790318,83.28680426119288,53.408914591454746,93.61936024962054,94.04055212296204,100.90745217291156
05/18/2023 18:40:37.439237,1117,True,True,True,True,Eyes,1.222095,0.03380759,-3.443763,-0.9823726,-0.1479755,-0.1142249,0.0,0.0,0.0,0.0,0.0,0.0,0.0,3.545433,0.2396746,0.6052463,1.102013,0.0395666,-3.431889,0.07009656,-0.7515688,0.04100303,0.654637,8.824524,261.8821,357.0021,0.3480438,0.008948308,-0.9374352,-0.1766818,-1.631488e-05,0.008714306,-0.4144663,-0.09578769,-3.635499,0.1312559,0.09076494,1.915,-0.1330738,-0.05168056,0.9897579,-0.159049,0.9868104,0.0301424,-0.9782612,-0.1534088,-0.1395384,moving,83.36774,52.3348,3.920973,2.713607,83.24744715205318,53.32561921989922,93.66990755571149,94.09710560024463,100.83141400348588
05/18/2023 18:40:37.449378,1118,True,True,True,True,Eyes,1.216197,0.03390788,-3.443347,-0.9822232,-0.1484616,-0.1148768,0.0,0.0,0.0,0.0,0.0,0.0,0.0,3.54354,0.2455067,0.5982399,1.092738,0.03871636,-3.432094,0.07067379,-0.7513123,0.04027132,0.6549148,8.805651,261.9182,356.8996,0.3466853,0.008978691,-0.9379382,-0.1660808,-1.533599e-05,0.008191448,-0.4233654,-0.1173526,-3.63773,0.1274206,0.08811261,1.915001,-0.1321839,-0.05344761,0.9897832,-0.1589447,0.9867669,0.03205794,-0.9783987,-0.1530833,-0.1389299,moving,83.32922,52.26796,3.806744,2.634423,83.21283832445852,53.2621727272433,93.74066451813187,94.17269698967525,100.74591385374403
05/18/2023 18:40:37.468956,1119,True,True,True,True,Eyes,1.210145,0.03398339,-3.442947,-0.9820994,-0.1487359,-0.1155782,0.0,0.0,0.0,0.0,0.0,0.0,0.0,3.540915,0.2534784,0.5945034,1.083057,0.03834434,-3.432386,0.07162352,-0.7506791,0.0395083,0.6555839,8.813955,262.0136,356.767,0.3453227,0.009009384,-0.9384404,-0.156116,-1.441583e-05,0.007699961,-0.4321399,-0.1366377,-3.641461,0.1236299,0.08549153,1.915001,-0.1301597,-0.05573052,0.9899256,-0.1593346,0.9866184,0.03459435,-0.9786066,-0.1532266,-0.1372978,moving,83.28803,52.15028,3.693815,2.556163,83.1767174363759,53.151077035721535,93.78067766057097,94.21983393103865,100.66416970451357
05/18/2023 18:40:37.488992,1120,True,True,True,True,Eyes,1.203945,0.03402488,-3.442578,-0.9820045,-0.1489242,-0.1161412,0.0,0.0,0.0,0.0,0.0,0.0,0.0,3.538593,0.2556843,0.5915768,1.07334,0.03781009,-3.432709,0.0710493,-0.7501477,0.03784072,0.6563525,8.629188,262.1205,356.6995,0.343952,0.009039691,-0.9389433,-0.146749,-1.355088e-05,0.007237963,-0.4414995,-0.1516723,-3.644318,0.1197281,0.08279335,1.915,-0.1283069,-0.05692123,0.9900998,-0.1562686,0.9870402,0.03649452,-0.9793456,-0.150039,-0.1355391,moving,83.255,52.05048,3.577544,2.475592,83.14785660207644,53.056904476768885,93.8411770751224,94.286286486767,100.57058408152938
05/18/2023 18:40:37.499186,1121,True,True,True,True,Eyes,1.19761,0.03401777,-3.442243,-0.9818972,-0.1492285,-0.1166562,0.0,0.0,0.0,0.0,0.0,0.0,0.0,3.535701,0.2594007,0.5920048,1.063626,0.03701978,-3.433113,0.07092324,-0.7492389,0.03664392,0.6574712,8.520894,262.2842,356.6325,0.3425702,0.009068718,-0.9394481,-0.1379441,-1.273783e-05,0.006803685,-0.4504667,-0.1666005,-3.647842,0.1158789,0.08013143,1.915,-0.1254033,-0.05809223,0.9904037,-0.1544615,0.9872542,0.03834986,-0.980008,-0.1481701,-0.132778,moving,83.22462,51.98423,3.462811,2.396091,83.120821034979,52.99419659497472,93.91980464436563,94.36931096777715,100.4760724642036
05/18/2023 18:40:37.519031,1122,True,True,True,True,Eyes,1.191138,0.03399007,-3.441932,-0.9817988,-0.1496144,-0.1169906,0.0,0.0,0.0,0.0,0.0,0.0,0.0,3.532493,0.2619658,0.5949883,1.054033,0.03585313,-3.433493,0.07144679,-0.7479964,0.03696491,0.6588098,8.594414,262.4915,356.6268,0.3411748,0.009095262,-0.9399555,-0.1296674,-1.197356e-05,0.006395464,-0.4599738,-0.1803245,-3.648767,0.1119498,0.07741408,1.915,-0.1217301,-0.0581782,0.9908568,-0.1555896,0.9870579,0.03884045,-0.9802927,-0.1494389,-0.1292066,moving,83.20471,51.97646,3.345669,2.314927,83.10241867940616,52.98646779363834,94.04113083831868,94.49203228751516,100.3686023595477
05/18/2023 18:40:37.538823,1123,True,True,True,True,Eyes,1.184536,0.03395038,-3.441651,-0.9816676,-0.1501944,-0.117347,0.0,0.0,0.0,0.0,0.0,0.0,0.0,3.529032,0.2639672,0.5993011,1.044289,0.03535108,-3.433819,0.07226016,-0.7465802,0.03775025,0.6602814,8.730747,262.7225,356.6334,0.3397632,0.009119011,-0.9404665,-0.1218874,-1.125514e-05,0.006011737,-0.4691238,-0.1948555,-3.649821,0.1080326,0.07470535,1.914999,-0.1176141,-0.05804443,0.9913617,-0.1577476,0.9867067,0.03905689,-0.9804503,-0.1517912,-0.1252071,moving,83.1833,51.99945,3.228857,2.234012,83.08202830524452,53.007497122561226,94.17702360327647,94.62809180679737,100.26302908874548
05/18/2023 18:40:37.548862,1124,True,True,True,True,Eyes,1.177793,0.03388767,-3.441381,-0.9815559,-0.1508159,-0.1174837,0.0,0.0,0.0,0.0,0.0,0.0,0.0,3.525213,0.2655566,0.6059678,1.034539,0.03502085,-3.434144,0.07287177,-0.7449648,0.03831361,0.6620041,8.833719,262.9917,356.644,0.3383333,0.009139915,-0.9409816,-0.1145742,-1.057983e-05,0.005651033,-0.4787405,-0.2069357,-3.648603,0.104158,0.07202665,1.915,-0.1128811,-0.0578463,0.9919235,-0.1593013,0.9864436,0.03939825,-0.9807554,-0.1535674,-0.1205657,moving,83.17467,52.08185,3.113283,2.153983,83.07240567538436,53.08442892848467,94.35368350802983,94.80174904236455,100.14610251790818
05/18/2023 18:40:37.569183,1125,True,True,True,True,Eyes,1.170927,0.03378394,-3.441139,-0.9811205,-0.1523787,-0.1190932,0.0,0.0,0.0,0.0,0.0,0.0,0.0,3.520713,0.2677252,0.6140342,1.02441,0.03441931,-3.434171,0.0734656,-0.7431779,0.03877939,0.663917,8.927819,263.2904,356.6514,0.3368828,0.009157638,-0.9415017,-0.1076997,-9.945044e-06,0.005311971,-0.4888826,-0.2161129,-3.644652,0.1003008,0.06935916,1.915001,-0.1076343,-0.05770343,0.9925147,-0.1606886,0.9861979,0.03991015,-0.9811189,-0.1551901,-0.1154211,moving,83.07902,51.99022,2.998206,2.074282,82.98504078075226,52.996470220396105,94.36385768567561,94.8206886254092,100.11613458191255
05/18/2023 18:40:37.589008,1126,True,True,True,True,Eyes,1.163933,0.0336478,-3.440916,-0.9807037,-0.1540243,-0.1204024,0.0,0.0,0.0,0.0,0.0,0.0,0.0,3.515532,0.2786989,0.622663,1.014525,0.0334843,-3.434234,0.07509669,-0.741235,0.03869407,0.6659084,9.054729,263.5966,356.5286,0.3354105,0.009171365,-0.9420272,-0.1012377,-9.348341e-06,0.004993252,-0.4963812,-0.2411988,-3.637361,0.09648792,0.06672209,1.915,-0.101853,-0.05979518,0.9930007,-0.162862,0.9857265,0.04265223,-0.9813775,-0.1573778,-0.1101376,moving,83.00075,51.98489,2.884428,1.995482,82.91221366695714,52.98968930764768,94.43286484586892,94.89391791728161,100.07017364539924
05/18/2023 18:40:37.599215,1127,True,True,True,True,Eyes,0.9855096,0.02924176,-3.433224,-0.9701475,-0.1915791,-0.1486985,0.0,0.0,0.0,0.0,0.0,0.0,0.0,3.508401,0.3083221,0.6339397,1.004431,0.03260347,-3.434512,0.0791601,-0.738726,0.03763003,0.6682826,9.28812,263.9529,356.127,0.3339146,0.009180605,-0.9425583,0.0,0.0,0.0,-0.5047238,-0.2595635,-3.631413,0.09248379,0.06395339,1.915,-0.09426424,-0.06666025,0.993313,-0.1672502,0.9846353,0.05020607,-0.9813978,-0.1613992,-0.1039648,moving,81.28586,52.18235,2.764917,1.91274,81.31054579001014,53.13525989882425,93.23396472939113,93.77186330026464,101.63065268344003
05/18/2023 18:40:37.619017,1128,True,True,True,True,Eyes,0.9850898,0.02918002,-3.433247,-0.970219,-0.191477,-0.1483628,0.0,0.0,0.0,0.0,0.0,0.0,0.0,3.499527,0.3461873,0.6499524,0.9940671,0.03157587,-3.435084,0.08296322,-0.7357745,0.03405746,0.6712624,9.293821,264.3888,355.5622,0.3278353,0.009074691,-0.9446911,-0.5352699,-0.0132181,0.02307701,-0.514509,-0.264034,-3.629629,0.08835006,0.06109516,1.915,-0.08504789,-0.07636145,0.9934465,-0.1678074,0.9839144,0.06126296,-0.9821444,-0.1614974,-0.0964938,moving,81.30586,52.23028,2.641513,1.827314,81.32826122515583,53.18058196956248,93.42664753984039,93.96149465287765,101.47385369249982
05/18/2023 18:40:37.638791,1129,True,True,True,True,Eyes,0.9842604,0.02908203,-3.433265,-0.9703565,-0.1911535,-0.1478805,0.0,0.0,0.0,0.0,0.0,0.0,0.0,3.49032,0.3752377,0.6704478,0.9835557,0.03003377,-3.435746,0.08511671,-0.7325504,0.03034745,0.6746882,9.167228,264.9005,355.1333,0.3226401,0.008984557,-0.9464788,-0.5031537,-0.01242502,0.02169239,-0.5216362,-0.2822432,-3.626284,0.08509862,0.05884694,1.915001,-0.07510227,-0.08375444,0.9936523,-0.1656547,0.9836683,0.07039239,-0.98332,-0.1593165,-0.08775003,moving,81.33491,52.2737,2.54443,1.760115,81.35449571171092,53.22188969983967,93.59253179705432,94.1240708466291,101.33753012505301
05/18/2023 18:40:37.648971,1130,True,True,True,True,Eyes,0.9830292,0.02894854,-3.433316,-0.9705906,-0.1906535,-0.146987,0.0,0.0,0.0,0.0,0.0,0.0,0.0,3.481298,0.3945986,0.6944392,0.9729409,0.02908009,-3.436557,0.08593336,-0.7291285,0.02693229,0.678426,8.967435,265.4694,354.844,0.3179669,0.008901292,-0.9480598,-0.4729645,-0.01167952,0.02039085,-0.528977,-0.2965116,-3.624574,0.08120503,0.05615388,1.915,-0.06470725,-0.08876979,0.9939483,-0.1618561,0.9837803,0.07732467,-0.9846908,-0.1558731,-0.07802568,moving,81.38852,52.36908,2.428156,1.679613,81.40261714474617,53.31239611865304,93.83049156727563,94.35523199950751,101.15583894503389
05/18/2023 18:40:37.673597,1131,True,True,True,True,Eyes,0.9814107,0.02874427,-3.433417,-0.9708955,-0.1898653,-0.1459903,0.0,0.0,0.0,0.0,0.0,0.0,0.0,3.472264,0.4048012,0.7226336,0.962041,0.02806445,-3.437495,0.08541592,-0.7254082,0.0238524,0.6825821,8.697183,266.1121,354.697,0.3137226,0.008822506,-0.9494734,-0.4445866,-0.01097875,0.0191674,-0.5425529,-0.2764164,-3.627203,0.07712992,0.05333639,1.915,-0.05357176,-0.09136037,0.9943759,-0.1564852,0.9842703,0.0820013,-0.9862264,-0.1512122,-0.06702564,moving,81.44869,52.44278,2.306439,1.595384,81.45726706804027,53.38275945374973,94.06887675170687,94.58745075454836,100.96183203251219
05/18/2023 18:40:37.688859,1132,True,True,True,True,Eyes,0.9794388,0.02849104,-3.43355,-0.9712552,-0.1891049,-0.1445773,0.0,0.0,0.0,0.0,0.0,0.0,0.0,3.465181,0.4006436,0.7500095,0.9507923,0.026035,-3.43887,0.08267941,-0.7219682,0.02122153,0.6866409,8.290069,266.7473,354.7677,0.3098552,0.008745819,-0.9507433,-0.4179114,-0.01032002,0.01801735,-0.5498835,-0.2824288,-3.629478,0.07348645,0.05081664,1.915,-0.04337705,-0.09024068,0.994975,-0.148527,0.9854275,0.08289959,-0.9879566,-0.1441847,-0.05614813,moving,81.53334,52.60082,2.197597,1.52005,81.5331079363091,53.53262849425022,94.35785701866564,94.86533411708284,100.75812976146659
05/18/2023 18:40:37.698779,1133,True,True,True,True,Eyes,0.9771054,0.02818119,-3.433724,-0.9715794,-0.1885777,-0.1430806,0.0,0.0,0.0,0.0,0.0,0.0,0.0,3.456455,0.4031046,0.7796669,0.9403098,0.02460308,-3.439864,0.08249047,-0.7179824,0.02090243,0.6908399,8.278831,267.4164,354.8067,0.3063186,0.008669694,-0.9518893,-0.3928367,-0.009700821,0.01693631,-0.5569209,-0.2966968,-3.627806,0.06956488,0.048105,1.915,-0.03187111,-0.08957294,0.9954702,-0.1473339,0.9855168,0.08396026,-0.9885732,-0.1439906,-0.04460665,moving,81.6225,52.81113,2.080429,1.438973,81.61214787094757,53.73152738845801,94.68917347723388,95.18301083196138,100.54065968359093
05/18/2023 18:40:37.719076,1134,True,True,True,True,Eyes,0.9744377,0.02787586,-3.433932,-0.9719383,-0.1881808,-0.1411526,0.0,0.0,0.0,0.0,0.0,0.0,0.0,3.446323,0.4118085,0.8116872,0.9295642,0.02301691,-3.441067,0.08346882,-0.7135352,0.02091251,0.6953153,8.390436,268.1349,354.7784,0.3030709,0.008592518,-0.952929,-0.3692665,-0.009118771,0.01592013,-0.5758635,-0.2450501,-3.629379,0.06583408,0.04552514,1.915001,-0.01913957,-0.0900343,0.9957549,-0.1481974,0.9851913,0.08623067,-0.9887727,-0.1459179,-0.03219897,moving,81.73682,53.12679,1.968944,1.361831,81.71260911323044,54.02961367342435,95.09219222324752,95.56645571237904,100.30472720430711
05/18/2023 18:40:37.738720,1135,True,True,True,True,Eyes,0.9714461,0.02754047,-3.434146,-0.9722868,-0.187858,-0.1391685,0.0,0.0,0.0,0.0,0.0,0.0,0.0,3.436016,0.4183424,0.8438764,0.9188255,0.02284279,-3.442177,0.08455965,-0.7090287,0.02133352,0.6997665,8.54558,268.856,354.7751,0.300075,0.008514558,-0.9538773,-0.3471105,-0.008571645,0.01496492,-0.5844839,-0.2430683,-3.632138,0.06182812,0.0427548,1.915001,-0.006353451,-0.09005345,0.9959168,-0.1497674,0.9847891,0.08809186,-0.988701,-0.1485962,-0.01974379,moving,81.85429,53.46831,1.849221,1.278988,81.8155090982501,54.351977964617866,95.52243923034234,95.97577556861296,100.05652357681448
05/18/2023 18:40:37.749071,1136,True,True,True,True,Eyes,0.968163,0.02730252,-3.434391,-0.9726194,-0.1878906,-0.1367794,0.0,0.0,0.0,0.0,0.0,0.0,0.0,3.425729,0.4168828,0.8790231,0.9079888,0.02182631,-3.443424,0.08371529,-0.7044291,0.02096356,0.7045084,8.481549,269.6259,354.8719,0.2972977,0.00843508,-0.9547473,-0.3262839,-0.008057347,0.01406703,-0.592429,-0.253481,-3.631151,0.05795711,0.04007804,1.915001,0.006680177,-0.08840498,0.9960623,-0.147481,0.9851046,0.08842155,-0.9890425,-0.1474909,-0.006457378,moving,81.995,53.94637,1.733516,1.198938,81.93744277727531,54.80268065725558,96.04268528355963,96.46777232506108,99.78972148095076
05/18/2023 18:40:37.768915,1137,True,True,True,True,Eyes,0.9645498,0.0270453,-3.434618,-0.972987,-0.187719,-0.1343796,0.0,0.0,0.0,0.0,0.0,0.0,0.0,3.41494,0.424943,0.9104004,0.8976355,0.02399661,-3.444546,0.08672438,-0.6996942,0.02363123,0.7087657,8.975017,270.3372,354.8967,0.2947094,0.008356972,-0.95555,-0.3067068,-0.007573906,0.01322301,-0.6050323,-0.2321473,-3.634679,0.05415896,0.03745136,1.915001,0.01973942,-0.08786307,0.995937,-0.1548591,0.9838409,0.08986524,-0.9877394,-0.1560038,0.005814076,moving,82.1366,54.40282,1.619975,1.120381,82.06062048360839,55.233175985006575,96.55022116587485,96.9478830450099,99.52456553403357
05/18/2023 18:40:37.788975,1138,True,True,True,True,Eyes,0.9607038,0.02694972,-3.434867,-0.9733334,-0.1878921,-0.1316005,0.0,0.0,0.0,0.0,0.0,0.0,0.0,3.402943,0.4261779,0.9474845,0.8859776,0.02330609,-3.445849,0.08491774,-0.6949032,0.02075662,0.7137703,8.631051,271.1474,354.8709,0.2922832,0.008279592,-0.9562956,-0.2883044,-0.007119472,0.01242962,-0.6156927,-0.2202393,-3.637876,0.0501484,0.0346783,1.915001,0.0333576,-0.08838829,0.9955274,-0.1476501,0.9847162,0.09237581,-0.988477,-0.1500712,0.01979721,moving,82.29996,54.99242,1.50007,1.037443,82.20151793194457,55.78880267014544,97.15843641744462,97.5214596078319,99.23072539833514
05/18/2023 18:40:37.799540,1139,True,True,True,True,Eyes,0.9565268,0.02715307,-3.435174,-0.9737531,-0.1882193,-0.1279783,0.0,0.0,0.0,0.0,0.0,0.0,0.0,3.392589,0.4258968,0.9787695,0.8764554,0.02714398,-3.446756,0.08713955,-0.6903046,0.0240141,0.7178507,9.105942,271.844,355.0133,0.2899969,0.008207412,-0.956992,-0.2710062,-0.006692303,0.01168385,-0.6242336,-0.224812,-3.639931,0.04621042,0.03195515,1.915,0.0458058,-0.08582858,0.9952564,-0.1547827,0.98366,0.09195227,-0.9868861,-0.1582604,0.03177256,moving,82.51266,55.78656,1.382323,0.9559923,82.3844630909402,56.53701571933377,97.92100252774097,98.23745143097327,98.8906973436153
05/18/2023 18:40:37.819013,1140,True,True,True,True,Eyes,0.9520311,0.02725986,-3.4355,-0.9744936,-0.1870178,-0.1240431,0.0,0.0,0.0,0.0,0.0,0.0,0.0,3.376547,0.4470439,1.017464,0.8642595,0.03455727,-3.447899,0.09235257,-0.684228,0.025561,0.7229452,9.701244,272.7101,354.795,0.2878277,0.008148312,-0.9576472,-0.2547458,-0.006290765,0.01098282,-0.6349298,-0.2167402,-3.641942,0.04246779,0.02936721,1.915,0.0623572,-0.08942203,0.99404,-0.1633388,0.9816352,0.09855258,-0.9845975,-0.1685108,0.04660596,moving,82.74584,56.44491,1.270405,0.8785822,82.58909701903521,57.15859327907332,98.6197915918315,98.89473857970057,98.53814790914042
05/18/2023 18:40:37.838909,1141,True,True,True,True,Eyes,0.9473611,0.02732113,-3.435878,-0.9751895,-0.1862588,-0.1196375,0.0,0.0,0.0,0.0,0.0,0.0,0.0,3.37144,0.3959621,1.04783,0.8521523,0.03199927,-3.44879,0.07666802,-0.6819836,0.01330791,0.7272162,7.449945,273.3557,355.0698,0.2857556,0.008098294,-0.958268,-0.239461,-0.005913319,0.01032385,-0.6460567,-0.2011221,-3.646757,0.03863683,0.02671785,1.915001,0.06944266,-0.08521721,0.9939395,-0.1239281,0.9878898,0.09335689,-0.9898583,-0.12966,0.05804084,moving,83.00583,57.2866,1.155836,0.7993317,82.81519283058614,57.95239745711563,99.44965056648627,99.67308304362909,98.15599932997385
05/18/2023 18:40:37.849065,1142,True,True,True,True,Eyes,0.9424578,0.02751304,-3.436277,-0.9757103,-0.1864654,-0.1149785,0.0,0.0,0.0,0.0,0.0,0.0,0.0,3.361105,0.3943666,1.076643,0.8433029,0.03098173,-3.449579,0.07919981,-0.6775065,0.01888463,0.7309964,8.127621,274.0214,355.3817,0.2837654,0.008055162,-0.9588597,-0.2250934,-0.00555852,0.009704416,-0.6551698,-0.2004975,-3.650136,0.03467061,0.02397517,1.915001,0.08125658,-0.07970756,0.9935009,-0.134926,0.9867415,0.09020061,-0.9875183,-0.1413784,0.06942461,moving,83.27921,58.34114,1.037212,0.7172867,83.04967983405882,58.94574345324737,100.4203898825927,100.58130072780592,97.75545603187831
05/18/2023 18:40:37.869090,1143,True,True,True,True,Eyes,0.9372677,0.02776818,-3.436665,-0.9763905,-0.1857785,-0.110217,0.0,0.0,0.0,0.0,0.0,0.0,0.0,3.34774,0.4252414,1.10131,0.8326924,0.03451276,-3.450581,0.08853486,-0.6723204,0.02597055,0.7344878,9.495876,274.6696,355.2952,0.2818432,0.008021918,-0.9594267,-0.2115878,-0.005225009,0.009122151,-0.6660815,-0.1886746,-3.654276,0.03098926,0.02142927,1.915,0.09462146,-0.08089748,0.9922209,-0.1571977,0.9829742,0.09513447,-0.9830238,-0.1649766,0.08029358,moving,83.5596,59.32058,0.9271011,0.6411256,83.29213989786327,59.86895362007906,101.34795628496995,101.44917559127616,97.35816296907731
05/18/2023 18:40:37.889524,1144,True,True,True,True,Eyes,0.9318985,0.02796794,-3.437043,-0.9771059,-0.1849344,-0.1051822,0.0,0.0,0.0,0.0,0.0,0.0,0.0,3.340671,0.4024978,1.122145,0.8206515,0.03609127,-3.450583,0.08056071,-0.6699793,0.01777737,0.7377818,8.20373,275.175,355.2642,0.2799744,0.007999365,-0.9599739,-0.1988925,-0.004911508,0.008574822,-0.6756867,-0.1815284,-3.659349,0.02694198,0.01863036,1.915,0.1016236,-0.08171636,0.9914612,-0.1341796,0.9863879,0.09505147,-0.9857326,-0.1426933,0.08927557,moving,83.85596,60.37077,0.8060368,0.557393,83.54812239762329,60.85875394196048,102.34710455928895,102.38411429756579,96.93311103815087
05/18/2023 18:40:37.909218,1145,True,True,True,True,Eyes,0.9263378,0.02818638,-3.437414,-0.9776848,-0.184765,-0.09997232,0.0,0.0,0.0,0.0,0.0,0.0,0.0,3.328374,0.4020827,1.152073,0.8109421,0.03492172,-3.450822,0.07895365,-0.6658141,0.01559565,0.7417647,7.926211,275.848,355.251,0.2781491,0.007984899,-0.9605045,-0.1869589,-0.004616818,0.008060332,-0.6853257,-0.1784054,-3.663335,0.02304304,0.01593425,1.915,0.1128969,-0.08200029,0.9902173,-0.1282735,0.9870462,0.09636246,-0.985292,-0.1378977,0.100916,moving,84.16157,61.58315,0.689402,0.4767334,83.80961087649027,62.00058171675011,103.44852333558454,103.41253809559964,96.50338879925113
05/18/2023 18:40:37.919088,1146,True,True,True,True,Eyes,0.9205494,0.02845669,-3.437761,-0.9783109,-0.1843408,-0.09447803,0.0,0.0,0.0,0.0,0.0,0.0,0.0,3.312155,0.4305657,1.181748,0.8006828,0.03570554,-3.451075,0.0851608,-0.6604761,0.01863617,0.7457693,8.721868,276.5667,355.0844,0.2763581,0.00797825,-0.9610213,-0.1757414,-0.004339809,0.007576712,-0.6940272,-0.1773004,-3.669242,0.0191074,0.01321292,1.915001,0.1268482,-0.08469677,0.9882995,-0.1402899,0.9848006,0.1024031,-0.9819513,-0.1516381,0.1130381,moving,84.4839,62.86404,0.571664,0.395317,84.08536360832173,63.20692009556833,104.61168531177779,104.4980167548849,96.05617677198387
05/18/2023 18:40:37.938966,1147,True,True,True,True,Eyes,0.9145865,0.02869454,-3.438085,-0.9789659,-0.1836514,-0.08887105,0.0,0.0,0.0,0.0,0.0,0.0,0.0,3.297746,0.4324297,1.212942,0.7893854,0.03717541,-3.450919,0.08358874,-0.6559747,0.01500868,0.7499899,8.341454,277.2825,354.9467,0.2745918,0.007980119,-0.9615275,-0.1651969,-0.004079421,0.00712211,-0.7018569,-0.1865148,-3.672958,0.01536378,0.0106239,1.915,0.1389438,-0.08715148,0.9864579,-0.1321769,0.9855753,0.1056908,-0.9814397,-0.1450721,0.1254202,moving,84.81288,64.17712,0.4596663,0.3178582,84.36669477785138,64.44354171474659,105.79919649580903,105.60536309400392,95.60900699368844
05/18/2023 18:40:37.948853,1148,True,True,True,True,Eyes,0.9084719,0.02889362,-3.438374,-0.9795658,-0.183217,-0.08295977,0.0,0.0,0.0,0.0,0.0,0.0,0.0,3.284923,0.4213021,1.243447,0.7792551,0.03654072,-3.450478,0.08001941,-0.6518571,0.01212719,0.7540108,7.844291,277.9701,355.0178,0.2728434,0.007988757,-0.962025,-0.1552851,-0.003834655,0.006694783,-0.7085375,-0.1992621,-3.678348,0.01137562,0.007865902,1.915,0.1498708,-0.08603436,0.9849553,-0.1226105,0.9868997,0.1048606,-0.9810736,-0.1364814,0.1373588,moving,85.15916,65.63922,0.3403486,0.2353423,84.66128541971543,65.82004748083978,107.10694648576873,106.82403259478698,95.1365051756967
05/18/2023 18:40:37.974482,1149,True,True,True,True,Eyes,0.9022188,0.029098,-3.438605,-0.9800469,-0.183253,-0.07698216,0.0,0.0,0.0,0.0,0.0,0.0,0.0,3.268228,0.4285366,1.277175,0.769424,0.03584806,-3.450049,0.08180252,-0.6465656,0.01382267,0.7583339,8.160223,278.7465,355.0846,0.2711071,0.00800242,-0.9625157,-0.145968,-0.003604576,0.006293096,-0.7148612,-0.2145971,-3.683053,0.007694796,0.005320945,1.915,0.1635239,-0.08481697,0.9828866,-0.1267458,0.9862345,0.1061927,-0.9783636,-0.1419418,0.1505227,moving,85.50867,67.21336,0.2302229,0.1591994,84.95673531743734,67.30150067409353,108.48351945598966,108.10490519307301,94.67067319541957
05/18/2023 18:40:37.988829,1150,True,True,True,True,Eyes,0.8958263,0.02930394,-3.438786,-0.9804938,-0.1833916,-0.07070617,0.0,0.0,0.0,0.0,0.0,0.0,0.0,3.25094,0.4358395,1.310533,0.7596774,0.03626217,-3.449295,0.08425289,-0.6411685,0.0164625,0.7625835,8.604336,279.5246,355.1886,0.2693788,0.008020772,-0.9630007,-0.1372099,-0.003388301,0.00591551,-0.7215303,-0.2256857,-3.689112,0.003641799,0.002518291,1.915001,0.177264,-0.08293254,0.9806631,-0.1331486,0.9852608,0.1073893,-0.9751149,-0.1496102,0.1636089,moving,85.87538,68.91598,0.1089605,0.07534586,85.26574572916599,68.90360954384519,109.97686857993055,109.49432840243017,94.17550213666122
05/18/2023 18:40:37.999875,1151,True,True,True,True,Eyes,0.889333,0.02949217,-3.438896,-0.9808425,-0.1838379,-0.06443252,0.0,0.0,0.0,0.0,0.0,0.0,0.0,3.234322,0.4312844,1.344702,0.7498666,0.03651033,-3.448396,0.08410275,-0.6359941,0.0178574,0.7668893,8.726004,280.3085,355.3815,0.2676533,0.008043419,-0.9634815,-0.1289773,-0.003185003,0.00556058,-0.7278785,-0.238555,-3.694696,3.373623e-05,2.319715e-05,1.915001,0.1903853,-0.0795884,0.9784779,-0.134367,0.9852157,0.1062806,-0.9724705,-0.1517094,0.1768764,moving,86.24158,70.68518,0.00100937,0.0006940461,85.57300308865584,70.56802802042624,111.50664812985414,110.91580019649938,93.69539070617324
05/18/2023 18:40:38.019227,1152,True,True,True,True,Eyes,0.7242675,0.03425018,-3.440339,-0.9744015,-0.2021651,0.09834129,1.895496,-1.122706,-0.3489529,-3.253934,0.6041135,0.6660438,-0.43753,-0.1598656,-0.09898821,1.903407,0.7407389,0.03634153,-3.447409,0.08549228,-0.6309648,0.02047232,0.770815,9.069479,281.0429,355.5671,0.2659282,0.008069456,-0.9639588,-0.1212387,-0.002993903,0.005226945,-0.734373,-0.2495415,-3.700445,-0.003845677,-0.00265949,1.915,0.2029287,-0.07632452,0.9762145,-0.139446,0.9845439,0.1059628,-0.9692135,-0.1576321,0.1891491,moving,-84.23695,-64.05984,-0.1150604,-0.07957046,-70.68715966451826,-59.46094906301975,105.68806555276541,92.23106482848492,84.227514264794
05/18/2023 18:40:38.038915,1153,True,True,True,True,Eyes,0.7239141,0.03424871,-3.44028,-0.9743308,-0.2024066,0.09854474,0.0,0.0,0.0,0.0,0.0,0.0,0.0,3.20097,0.4452654,1.403154,0.731418,0.03665742,-3.446301,0.08899292,-0.6259625,0.02363466,0.7743984,9.63789,281.7343,355.6483,0.258687,0.008267225,-0.9659255,-0.6091608,0.01145977,0.0005824547,-0.7420263,-0.2559054,-3.705564,-0.007821053,-0.005408387,1.915,0.215225,-0.07480714,0.9736952,-0.1480177,0.9830433,0.1082431,-0.965282,-0.1674207,0.2005027,moving,-84.22469,-64.04016,-0.2340005,-0.1618157,-70.67611391251071,-59.44224720392533,105.5219351281749,92.06661121879422,84.0826135546076
05/18/2023 18:40:38.049390,1154,True,True,True,True,Eyes,0.7232243,0.03423892,-3.440163,-0.9741617,-0.2029211,0.09915602,0.0,0.0,0.0,0.0,0.0,0.0,0.0,3.18461,0.454942,1.428937,0.722495,0.03666812,-3.444884,0.09136696,-0.6213224,0.02556211,0.77779,10.01426,282.3856,355.7037,0.2526537,0.008433474,-0.9675196,-0.5726112,0.01077218,0.0005475074,-0.7494023,-0.2630884,-3.710329,-0.01171753,-0.008102676,1.915,0.2266102,-0.07377277,0.9711877,-0.1533006,0.9819973,0.110364,-0.9618456,-0.1738932,0.2112211,moving,-84.18811,-63.95787,-0.3505779,-0.2424263,-70.64360924055035,-59.36438336636503,105.30142237646365,91.8505093203119,83.91680645908335
05/18/2023 18:40:38.069257,1155,True,True,True,True,Eyes,0.7222269,0.03422705,-3.439972,-0.9739496,-0.2035839,0.09987807,0.0,0.0,0.0,0.0,0.0,0.0,0.0,3.168197,0.4677414,1.453243,0.7136472,0.03651598,-3.443478,0.09418651,-0.6167395,0.02744494,0.7810302,10.42672,283.0171,355.7254,0.2476043,0.008573518,-0.968823,-0.5382545,0.01012585,0.000514657,-0.7570762,-0.2686282,-3.715044,-0.01567888,-0.01084212,1.915,0.2377583,-0.07330643,0.9685543,-0.1590478,0.9807514,0.1132722,-0.9582144,-0.1809778,0.2215225,moving,-84.14481,-63.86748,-0.4690933,-0.324387,-70.60499855467133,-59.27878379512888,105.06831222240753,91.62241050839984,83.7423600054651
05/18/2023 18:40:38.088739,1156,True,True,True,True,Eyes,0.7209159,0.03421583,-3.43972,-0.9736599,-0.2044358,0.1009571,0.0,0.0,0.0,0.0,0.0,0.0,0.0,3.151154,0.4890787,1.475232,0.7050718,0.03652772,-3.441921,0.09813114,-0.612226,0.02879253,0.7840411,10.90218,283.6121,355.6191,0.2433543,0.008691864,-0.9698982,-0.5059592,0.009518298,0.0004837776,-0.7666174,-0.2665129,-3.718816,-0.01950467,-0.01348749,1.915001,0.2487005,-0.07500783,0.9656717,-0.1653059,0.9790825,0.1186226,-0.9543698,-0.1891328,0.231099,moving,-84.08026,-63.71835,-0.5835487,-0.4035316,-70.54771519802844,-59.1377149867804,104.78772364614343,91.34926869918444,83.55177851423728
05/18/2023 18:40:38.099356,1157,True,True,True,True,Eyes,0.7193148,0.03420474,-3.439415,-0.9733925,-0.2051032,0.102175,0.0,0.0,0.0,0.0,0.0,0.0,0.0,3.133712,0.5098964,1.497057,0.6961532,0.03659252,-3.440256,0.1014184,-0.6077626,0.02896422,0.7870833,11.23632,284.2044,355.4574,0.2395468,0.008796831,-0.9708446,-0.4756017,0.0089472,0.0004547509,-0.7752473,-0.2691131,-3.721756,-0.0233331,-0.01613548,1.915001,0.2595715,-0.07768206,0.9625945,-0.1688711,0.9777508,0.1244427,-0.9508446,-0.1948562,0.2406779,moving,-84.00773,-63.51918,-0.6980793,-0.4827534,-70.48395674342038,-58.949624246239885,104.47051726804646,91.04089013788796,83.353076804288
05/18/2023 18:40:38.124291,1158,True,True,True,True,Eyes,0.717429,0.03419723,-3.43904,-0.9730858,-0.2057687,0.1037468,0.0,0.0,0.0,0.0,0.0,0.0,0.0,3.116514,0.5227403,1.519912,0.6876366,0.03657132,-3.438294,0.1029754,-0.6034943,0.02824907,0.7901855,11.35197,284.796,355.3404,0.2360753,0.008891053,-0.9716938,-0.4470656,0.008410368,0.0004274659,-0.7844691,-0.2720423,-3.722753,-0.02706644,-0.0187167,1.915,0.2699932,-0.07964611,0.9595626,-0.1689341,0.9771962,0.128643,-0.9479268,-0.1968356,0.2503814,moving,-83.91432,-63.24316,-0.8097596,-0.5599759,-70.40221795195875,-58.68912112558957,104.09394568461579,90.67583903183248,83.1371114759598
05/18/2023 18:40:38.139400,1159,True,True,True,True,Eyes,0.7152876,0.03418787,-3.438559,-0.9728078,-0.206185,0.1055118,0.0,0.0,0.0,0.0,0.0,0.0,0.0,3.09946,0.531636,1.543125,0.6788515,0.03666193,-3.436326,0.1038466,-0.5992435,0.02736938,0.793331,11.39497,285.3954,355.2584,0.2328995,0.008975764,-0.972459,-0.4202416,0.007905746,0.0004018179,-0.7947879,-0.2688882,-3.723707,-0.03096637,-0.02141367,1.915001,0.2803162,-0.08103281,0.9564813,-0.1678847,0.9769337,0.1319675,-0.9451124,-0.1975712,0.2602462,moving,-83.80983,-62.89964,-0.9264162,-0.6406586,-70.31145068933752,-58.3651819142565,103.66214857944811,90.25742962739798,82.90446099504157
05/18/2023 18:40:38.159083,1160,True,True,True,True,Eyes,0.7128927,0.03417243,-3.438004,-0.9724954,-0.2065822,0.1075935,0.0,0.0,0.0,0.0,0.0,0.0,0.0,3.08247,0.5391283,1.565539,0.6702962,0.03665069,-3.434028,0.1044043,-0.5951349,0.02629863,0.7963811,11.39627,285.9772,355.1793,0.2299837,0.009051924,-0.973152,-0.3950271,0.007431401,0.0003777088,-0.8049792,-0.2685431,-3.722904,-0.03492942,-0.02415407,1.915001,0.2902459,-0.08238178,0.9533996,-0.1661567,0.9768162,0.1349887,-0.9424168,-0.1975937,0.2698286,moving,-83.68668,-62.48831,-1.044954,-0.7226382,-70.20459811067545,-57.97734291159978,103.17292808273103,89.78394948501526,82.65140011651722
05/18/2023 18:40:38.169258,1161,True,True,True,True,Eyes,0.710276,0.03415488,-3.437322,-0.9721872,-0.2068347,0.1098696,0.0,0.0,0.0,0.0,0.0,0.0,0.0,3.065802,0.5454438,1.587306,0.661779,0.03621648,-3.431752,0.1047673,-0.5911044,0.02532285,0.7993611,11.38676,286.5496,355.1213,0.227296,0.009120254,-0.9737827,-0.3713255,0.006985517,0.0003550463,-0.8143393,-0.2745228,-3.720369,-0.03875878,-0.02680221,1.915,0.2999086,-0.08337267,0.9503178,-0.1643411,0.9767652,0.1375569,-0.9397058,-0.1974307,0.2792387,moving,-83.5522,-62.02297,-1.159484,-0.8018554,-70.0882252093426,-57.53868922173026,102.64786662528836,89.27619882599818,82.3916394984608
05/18/2023 18:40:38.189374,1162,True,True,True,True,Eyes,0.7074251,0.03411977,-3.436563,-0.9718383,-0.2070893,0.112447,0.0,0.0,0.0,0.0,0.0,0.0,0.0,3.048289,0.553885,1.608833,0.6534053,0.0362072,-3.429132,0.1056291,-0.586982,0.02451978,0.8023052,11.43633,287.1237,355.0449,0.2248082,0.009181543,-0.9743594,-0.349046,0.006566386,0.0003337435,-0.8236276,-0.2818908,-3.716921,-0.0425486,-0.02942254,1.915,0.3097018,-0.08466011,0.9470574,-0.1633495,0.9764826,0.1407083,-0.9366974,-0.1982789,0.2885892,moving,-83.39992,-61.49858,-1.272822,-0.8802372,-69.95640018348516,-57.04435510464794,102.07567638629642,88.72340194161917,82.11578762426227
05/18/2023 18:40:38.199270,1163,True,True,True,True,Eyes,0.7043588,0.03407116,-3.435716,-0.9714493,-0.2073359,0.1153179,0.0,0.0,0.0,0.0,0.0,0.0,0.0,3.030041,0.564346,1.630572,0.6448109,0.03604319,-3.42656,0.1066106,-0.5827436,0.02333269,0.8052948,11.47264,287.7079,354.9261,0.2224947,0.009236029,-0.9748898,-0.3281032,0.006172403,0.0003137189,-0.8332356,-0.2880925,-3.712422,-0.04650357,-0.03215778,1.915001,0.3197308,-0.08667395,0.9435359,-0.1618327,0.9761795,0.144512,-0.9335859,-0.1988999,0.298088,moving,-83.23027,-60.91767,-1.391088,-0.9620529,-69.80947513538547,-56.49671857565781,101.45111005933319,88.1202291753407,81.81741488198172
05/18/2023 18:40:38.219145,1164,True,True,True,True,Eyes,0.7010857,0.0339985,-3.434774,-0.9709166,-0.208039,0.1184944,0.0,0.0,0.0,0.0,0.0,0.0,0.0,3.01109,0.5744298,1.652655,0.6364877,0.03568532,-3.423669,0.1074342,-0.578468,0.02198878,0.8083003,11.48537,288.2976,354.8041,0.2203326,0.009284056,-0.9753803,-0.308417,0.005802059,0.0002948958,-0.8434268,-0.2941781,-3.706528,-0.05031295,-0.03479179,1.915001,0.3297826,-0.0887474,0.9398764,-0.1598415,0.9759488,0.1482386,-0.9304269,-0.1991177,0.3076654,moving,-83.04181,-60.33511,-1.50499,-1.040837,-69.64505521610303,-55.94710696852378,100.81698183496135,87.50866796787156,81.50589441474665
05/18/2023 18:40:38.238940,1165,True,True,True,True,Eyes,0.6976416,0.03388104,-3.433708,-0.97024,-0.2092524,0.1218508,0.0,0.0,0.0,0.0,0.0,0.0,0.0,2.992418,0.5809897,1.674932,0.6280352,0.03507391,-3.420798,0.1077284,-0.5742096,0.02077829,0.8113236,11.45904,288.8935,354.731,0.218302,0.009325619,-0.9758365,-0.289912,0.005453935,0.000277202,-0.853195,-0.3015815,-3.700539,-0.05417301,-0.03746122,1.915,0.3397031,-0.09000155,0.9362165,-0.1574332,0.9759257,0.150943,-0.9272628,-0.1986674,0.3173558,moving,-82.8418,-59.78711,-1.620395,-1.120677,-69.46921008654996,-55.42958035342431,100.19314842401907,86.90752954779254,81.18175787801171
05/18/2023 18:40:38.248710,1166,True,True,True,True,Eyes,0.6940084,0.03373454,-3.432552,-0.9695193,-0.2104526,0.1254669,0.0,0.0,0.0,0.0,0.0,0.0,0.0,2.973577,0.5872435,1.696703,0.6200533,0.03396749,-3.41763,0.1083634,-0.5699241,0.02055577,0.8142613,11.53127,289.4888,354.7272,0.216385,0.009360139,-0.9762629,-0.2725173,0.005126699,0.0002605699,-0.862751,-0.3121578,-3.693326,-0.05809273,-0.04017157,1.915,0.3495282,-0.09004229,0.9325891,-0.1569934,0.9756697,0.1530418,-0.923679,-0.1999027,0.3268881,moving,-82.62625,-59.19759,-1.737571,-1.201736,-69.27968217781198,-54.87283376195128,99.53138937819746,86.2700615354414,80.84044184204814
05/18/2023 18:40:38.269760,1167,True,True,True,True,Eyes,0.6902122,0.03353895,-3.431271,-0.9687093,-0.2118817,0.1292607,0.0,0.0,0.0,0.0,0.0,0.0,0.0,2.955047,0.5910441,1.718046,0.6117833,0.03312759,-3.414372,0.1086711,-0.5656905,0.02035183,0.8171724,11.5739,290.0812,354.7473,0.2145664,0.009387519,-0.976664,-0.2561662,0.004819097,0.0002449357,-0.8743271,-0.3149759,-3.683806,-0.06172642,-0.04268431,1.915,0.3591602,-0.08968651,0.9289566,-0.1562103,0.9755528,0.1545803,-0.9201099,-0.2006317,0.3363698,moving,-82.39957,-58.61427,-1.846182,-1.27688,-69.07966470640551,-54.3216357943352,98.87580396785982,85.63928604392488,80.4980460483032
05/18/2023 18:40:38.288935,1168,True,True,True,True,Eyes,0.6862593,0.03329127,-3.429895,-0.9678538,-0.2132802,0.1333061,0.0,0.0,0.0,0.0,0.0,0.0,0.0,2.935829,0.5912212,1.740643,0.6037195,0.03179305,-3.410717,0.1079814,-0.5614595,0.01940534,0.8201993,11.474,290.6873,354.7647,0.2128321,0.009407114,-0.9770433,-0.2407963,0.004529951,0.0002302396,-0.8870485,-0.3142251,-3.672233,-0.0656665,-0.04540914,1.915,0.3687735,-0.08942189,0.925208,-0.1530869,0.9759269,0.1553419,-0.9168264,-0.1989232,0.3462066,moving,-82.15778,-57.99347,-1.963937,-1.358363,-68.86628757709565,-53.73500928013337,98.17630976977134,84.96609669918243,80.1306049743502
05/18/2023 18:40:38.308891,1169,True,True,True,True,Eyes,0.6821576,0.03299484,-3.42842,-0.9669107,-0.2149123,0.1374644,0.0,0.0,0.0,0.0,0.0,0.0,0.0,2.916956,0.5910513,1.762498,0.5958959,0.03028484,-3.407105,0.1077445,-0.5572006,0.01962881,0.8231241,11.49302,291.2918,354.8622,0.2111702,0.009418238,-0.9774037,-0.2263485,0.004258154,0.0002164252,-0.9004686,-0.3105192,-3.658757,-0.06948584,-0.04804988,1.915001,0.3782843,-0.08775675,0.9215203,-0.1523845,0.9760116,0.1554999,-0.9130607,-0.1992486,0.3558372,moving,-81.90856,-57.39578,-2.078067,-1.437325,-68.64554387456576,-53.16984446427527,97.48977535418815,84.30588679070677,79.76020382315998
05/18/2023 18:40:38.318936,1170,True,True,True,True,Eyes,0.6779149,0.03264567,-3.426841,-0.9659308,-0.2165,0.1417938,0.0,0.0,0.0,0.0,0.0,0.0,0.0,2.899301,0.589671,1.78176,0.5881675,0.02882053,-3.403169,0.1074841,-0.5532653,0.02014146,0.8257959,11.52567,291.851,354.9841,0.2095694,0.009420374,-0.9777481,-0.2127676,0.004002665,0.0002034397,-0.9147,-0.3047904,-3.643054,-0.0734529,-0.05079304,1.915001,0.3869837,-0.08566897,0.9180983,-0.1521999,0.976083,0.1552327,-0.9094387,-0.199807,0.3646893,moving,-81.64892,-56.77775,-2.196594,-1.519344,-68.41548153868601,-52.58540212875427,96.77894161681617,83.62226593240854,79.3746855952454
05/18/2023 18:40:38.339228,1171,True,True,True,True,Eyes,0.6735451,0.03225378,-3.425149,-0.9648735,-0.2183385,0.1461076,0.0,0.0,0.0,0.0,0.0,0.0,0.0,2.882876,0.589107,1.798325,0.5804473,0.02719577,-3.399167,0.1072365,-0.5496746,0.02038215,0.8282167,11.53913,292.3588,355.0743,0.2080202,0.009412937,-0.978079,-0.2000015,0.003762505,0.0001912333,-0.9298766,-0.295679,-3.62756,-0.07713272,-0.05333811,1.915,0.3948849,-0.08412866,0.9148707,-0.151652,0.9761698,0.155223,-0.9061278,-0.2000372,0.3727164,moving,-81.38931,-56.21039,-2.306523,-1.595435,-68.18447466091007,-52.04838942826567,96.10869112280841,82.97834130408884,78.99914648792253
05/18/2023 18:40:38.349245,1172,True,True,True,True,Eyes,0.6690493,0.03183477,-3.42335,-0.9637792,-0.2201483,0.1505472,0.0,0.0,0.0,0.0,0.0,0.0,0.0,2.866529,0.5940449,1.812066,0.5729351,0.02581522,-3.39478,0.1081744,-0.5462037,0.02116114,0.8303688,11.69874,292.8288,355.1361,0.2065151,0.009395688,-0.9783981,-0.1880014,0.003536755,0.0001797593,-0.9419603,-0.2991452,-3.610729,-0.08110215,-0.05608313,1.915,0.4024277,-0.08302736,0.911679,-0.1533136,0.975701,0.1565327,-0.9025227,-0.2027658,0.3799198,moving,-81.12185,-55.63393,-2.425083,-1.677498,-67.94632806510751,-51.50267908885302,95.4173867302124,82.31392485733426,78.60628533672761
05/18/2023 18:40:38.374866,1173,True,True,True,True,Eyes,0.6644437,0.03139059,-3.421421,-0.9626669,-0.2219487,0.1549554,0.0,0.0,0.0,0.0,0.0,0.0,0.0,2.850066,0.5972576,1.82634,0.5653678,0.02481493,-3.390406,0.1086394,-0.5427427,0.02137069,0.832569,11.77665,293.3023,355.175,0.2050457,0.00936884,-0.9787073,-0.1767213,0.003324549,0.0001689737,-0.9536174,-0.3065754,-3.592266,-0.08483832,-0.05866673,1.915,0.4099473,-0.08234128,0.9083849,-0.1535116,0.9754816,0.1577019,-0.8990982,-0.2040971,0.3872557,moving,-80.85584,-55.07885,-2.536658,-1.754728,-67.7091221913373,-50.97701439580759,94.74891163607109,81.67180398890456,78.2227663185625
05/18/2023 18:40:38.389099,1174,True,True,True,True,Eyes,0.6597259,0.03092407,-3.419377,-0.9615448,-0.2236269,0.159445,0.0,0.0,0.0,0.0,0.0,0.0,0.0,2.836998,0.5930343,1.836995,0.5578926,0.02371761,-3.385703,0.1076872,-0.5401061,0.02096901,0.8344154,11.67516,293.6838,355.2361,0.2036063,0.009332656,-0.9790081,-0.1661181,0.003125076,0.0001588353,-0.9647858,-0.3141447,-3.573744,-0.08871599,-0.06134816,1.915001,0.4156914,-0.08133132,0.9058619,-0.1513188,0.9759275,0.1570608,-0.8968295,-0.2023627,0.3933778,moving,-80.58479,-54.5113,-2.652437,-1.834876,-67.46745954454558,-50.43956195176524,94.06517575354007,81.01482977776153,77.82957665446
05/18/2023 18:40:38.398854,1175,True,True,True,True,Eyes,0.6548945,0.03042822,-3.41725,-0.9604184,-0.2252376,0.1639039,0.0,0.0,0.0,0.0,0.0,0.0,0.0,2.82313,0.5918899,1.84757,0.5504154,0.02270253,-3.380893,0.1071318,-0.5373706,0.0203155,0.8362674,11.59636,294.069,355.2475,0.2021911,0.00928744,-0.9793018,-0.156151,0.002937572,0.0001493052,-0.977203,-0.3155112,-3.553685,-0.09259759,-0.06403225,1.915001,0.4216404,-0.0811606,0.9031238,-0.1491174,0.9762201,0.1573478,-0.8944181,-0.2010156,0.3995114,moving,-80.31528,-53.95686,-2.768313,-1.915096,-67.22698020258487,-49.91441619607373,93.39099148810223,80.36699892878171,77.43778683476573
05/18/2023 18:40:38.428798,1176,True,True,True,True,Eyes,0.6499792,0.02994624,-3.415001,-0.9592703,-0.2267726,0.168448,0.0,0.0,0.0,0.0,0.0,0.0,0.0,2.809744,0.5909371,1.856848,0.5433066,0.02145164,-3.375813,0.1065357,-0.5348442,0.01954436,0.8379796,11.50515,294.4244,355.2465,0.200795,0.009233262,-0.9795895,-0.1467819,0.002761317,0.0001403469,-0.9854594,-0.331908,-3.535487,-0.09647214,-0.06671166,1.915001,0.4271194,-0.0812045,0.9005414,-0.1467156,0.9765363,0.1576432,-0.8922127,-0.1994559,0.4051836,moving,-80.04039,-53.39482,-2.883956,-1.99517,-66.98163381826254,-49.38203340145819,92.7094349444481,79.71215167540169,77.04104931410554
05/18/2023 18:40:38.439151,1177,True,True,True,True,Eyes,0.6449667,0.0295041,-3.412647,-0.9580935,-0.2282725,0.1730562,0.0,0.0,0.0,0.0,0.0,0.0,0.0,2.794339,0.5928553,1.86808,0.5363489,0.02095599,-3.370671,0.1064994,-0.5319169,0.01878056,0.8398628,11.47084,294.8239,355.215,0.199414,0.009171425,-0.9798722,-0.137975,0.002595638,0.0001319261,-1.000054,-0.3235708,-3.514298,-0.1003965,-0.06942549,1.915,0.4334234,-0.08175142,0.8974747,-0.1448438,0.9766104,0.1589103,-0.8894743,-0.1988691,0.4114445,moving,-79.76131,-52.83378,-3.001061,-2.076264,-66.73236413707252,-48.8504907209689,92.02424276804594,79.05382523884616,76.63861240735375
05/18/2023 18:40:38.449159,1178,True,True,True,True,Eyes,0.6398838,0.02913993,-3.410172,-0.956882,-0.2296517,0.1778676,0.0,0.0,0.0,0.0,0.0,0.0,0.0,2.772425,0.6038362,1.885196,0.5292009,0.02184886,-3.365173,0.107376,-0.5278822,0.01637023,0.8423437,11.43044,295.3478,354.979,0.1980441,0.009103839,-0.9801505,-0.1296965,0.0024399,0.0001240105,-1.007047,-0.3379018,-3.496318,-0.1042706,-0.07210459,1.915,0.4421449,-0.08578508,0.892832,-0.1409425,0.9764048,0.163612,-0.885801,-0.1981782,0.4196216,moving,-79.4699,-52.24185,-3.116643,-2.156312,-66.47219863052196,-48.28975161439885,91.31473578375778,78.37232087865938,76.22586269140453
05/18/2023 18:40:38.469496,1179,True,True,True,True,Eyes,0.6347121,0.0288053,-3.407588,-0.9556347,-0.23089,0.1828992,0.0,0.0,0.0,0.0,0.0,0.0,0.0,2.748025,0.6133516,1.906316,0.5223308,0.02338983,-3.359837,0.1080308,-0.5233059,0.01382073,0.8451564,11.36572,295.9471,354.7501,0.1966828,0.009033345,-0.9804253,-0.1219147,0.002293506,0.0001165699,-1.015777,-0.3518389,-3.473444,-0.1080743,-0.07473473,1.915,0.4519199,-0.08970495,0.8875366,-0.1364277,0.9762767,0.1681409,-0.8815644,-0.1970708,0.4289607,moving,-79.16517,-51.61554,-3.230098,-2.234889,-66.20028183175926,-47.6965266516869,90.57915793839655,77.6659806464763,75.80249853757026
05/18/2023 18:40:38.489038,1180,True,True,True,True,Eyes,0.6295105,0.02861526,-3.404906,-0.9543096,-0.2321583,0.1881376,0.0,0.0,0.0,0.0,0.0,0.0,0.0,2.720475,0.6155694,1.933158,0.5151367,0.02376899,-3.354263,0.1070592,-0.5180678,0.01068268,0.8485458,11.11378,296.6605,354.5733,0.1953275,0.00896112,-0.9806969,-0.1145998,0.002155896,0.0001095757,-1.041604,-0.2833562,-3.456352,-0.11215,-0.07755283,1.915,0.4629832,-0.09279832,0.881496,-0.1290573,0.9768484,0.1706205,-0.8769213,-0.1927579,0.4402881,moving,-78.84743,-50.97921,-3.351638,-2.319072,-65.91643505402894,-47.09362476862503,89.81883788986757,76.9357810517461,75.3574694942985
05/18/2023 18:40:38.499479,1181,True,True,True,True,Eyes,0.6242193,0.02859259,-3.402112,-0.9529008,-0.2335076,0.1935309,0.0,0.0,0.0,0.0,0.0,0.0,0.0,2.695308,0.6219631,1.956053,0.5091112,0.02707283,-3.34929,0.1083156,-0.5131127,0.01009163,0.8513996,11.23281,297.3068,354.5022,0.1939764,0.008891482,-0.9809657,-0.1077238,0.002026542,0.0001030011,-1.046397,-0.3096893,-3.439157,-0.116043,-0.08024476,1.915,0.4732272,-0.09397218,0.8759139,-0.1283402,0.9763318,0.1740834,-0.8715416,-0.194796,0.4499663,moving,-78.51958,-50.3481,-3.467704,-2.399477,-65.62306792493429,-46.495377544989815,89.0609596777146,76.2085146785755,74.90900183575926
05/18/2023 18:40:38.519043,1182,True,True,True,True,Eyes,0.6188793,0.0285858,-3.399222,-0.9515678,-0.2342066,0.1991628,0.0,0.0,0.0,0.0,0.0,0.0,0.0,2.666779,0.6239424,1.983234,0.5015176,0.03112004,-3.343911,0.1085272,-0.5074426,0.008407454,0.8547825,11.19023,298.0597,354.3976,0.1926267,0.008829026,-0.9812322,-0.1012604,0.00190495,9.682107e-05,-1.048112,-0.3531052,-3.423473,-0.1197108,-0.08278149,1.915,0.4848626,-0.09576959,0.869331,-0.1245158,0.9763023,0.1770017,-0.8656812,-0.1940669,0.4614477,moving,-78.17866,-49.62309,-3.57703,-2.475237,-65.31932479584663,-45.80893732091966,88.25147727469783,75.43156202916987,74.45478559289657
05/18/2023 18:40:38.539439,1183,True,True,True,True,Eyes,0.6135305,0.02858263,-3.396275,-0.9501131,-0.2353562,0.2046765,0.0,0.0,0.0,0.0,0.0,0.0,0.0,2.651243,0.5793354,2.007121,0.4949617,0.03133558,-3.338754,0.1003172,-0.5041998,0.005796037,0.8577212,10.24939,298.6255,354.6813,0.1912771,0.008773522,-0.9814966,0.0,0.0,0.0,-1.06812,-0.3114728,-3.410464,-0.1237653,-0.08558497,1.915,0.4914979,-0.09121706,0.8660886,-0.1111026,0.9798058,0.1662436,-0.8637627,-0.1779331,0.471438,moving,-77.84294,-48.9883,-3.697848,-2.558954,-65.01869528886374,-45.207065316059776,87.48244874073988,74.69342481805994,73.99326854924874
05/18/2023 18:40:38.559274,1184,True,True,True,True,Eyes,0.6081654,0.02858752,-3.39327,-0.9485265,-0.2368645,0.2102209,0.0,0.0,0.0,0.0,0.0,0.0,0.0,2.631745,0.5789162,2.023997,0.4894439,0.03144344,-3.334253,0.1015615,-0.5000244,0.009004148,0.8599883,10.58464,299.1842,354.9762,0.1899279,0.008724412,-0.9817591,0.0,0.0,0.0,-1.078979,-0.3057637,-3.392388,-0.127568,-0.0882146,1.915001,0.4997891,-0.08607949,0.8618591,-0.1170533,0.9792084,0.1656787,-0.8582013,-0.1836879,0.4793217,moving,-77.50359,-48.41045,-3.811134,-2.637468,-64.71359063406817,-44.65840810383314,86.75104582934007,73.99235522183685,73.53734630338629
05/18/2023 18:40:38.569317,1185,True,True,True,True,Eyes,0.6027832,0.028617,-3.390204,-0.9468821,-0.2384291,0.2157916,0.0,0.0,0.0,0.0,0.0,0.0,0.0,2.612964,0.596436,2.034601,0.4835932,0.03171461,-3.329872,0.1056006,-0.4961589,0.0118398,0.8617046,11.17123,299.6515,355.0656,0.188578,0.00868129,-0.9820196,0.0,0.0,0.0,-1.083681,-0.333174,-3.374021,-0.1316321,-0.09102502,1.915,0.5073724,-0.08438451,0.8575854,-0.1251942,0.9774166,0.1702442,-0.8525842,-0.1937419,0.4853498,moving,-77.16173,-47.85315,-3.932178,-2.721372,-64.40575283354038,-44.12892897147682,86.02002482888498,73.29146626650272,73.07043762642749
05/18/2023 18:40:38.588803,1186,True,True,True,True,Eyes,0.5973592,0.02866988,-3.387126,-0.9451968,-0.2402364,0.2211094,0.0,0.0,0.0,0.0,0.0,0.0,0.0,2.595457,0.6060008,2.04538,0.4777243,0.03236536,-3.325349,0.1072707,-0.4928014,0.01177732,0.863424,11.3527,300.0717,355.0036,0.1872267,0.008644279,-0.9822785,0.0,0.0,0.0,-1.096505,-0.3210759,-3.354128,-0.1353301,-0.09358239,1.915,0.5140162,-0.08538868,0.8535199,-0.1260639,0.9767085,0.1736325,-0.8484664,-0.1968479,0.4912795,moving,-76.83359,-47.37408,-4.042286,-2.79771,-64.1091974314775,-43.672990034655406,85.3558826349849,72.65550472488964,72.6297671284867
05/18/2023 18:40:38.599635,1187,True,True,True,True,Eyes,0.5918858,0.02874952,-3.384024,-0.9435251,-0.2420327,0.2262313,0.0,0.0,0.0,0.0,0.0,0.0,0.0,2.577004,0.6228639,2.055211,0.471835,0.03299691,-3.321007,0.1098285,-0.4893708,0.01097362,0.8650627,11.58126,300.4798,354.8164,0.1858737,0.008613479,-0.9825356,0.0,0.0,0.0,-1.10856,-0.3078405,-3.334632,-0.1391967,-0.09625601,1.915,0.5207915,-0.08850802,0.8490834,-0.1264795,0.9756346,0.1792768,-0.8442625,-0.2007575,0.4969078,moving,-76.51659,-46.93269,-4.157381,-2.877507,-63.82229873338514,-43.25257596615593,84.71549017900546,72.04199193632464,72.1944425827611
05/18/2023 18:40:38.619423,1188,True,True,True,True,Eyes,0.5863819,0.02885434,-3.380869,-0.9418802,-0.2435008,0.2314498,0.0,0.0,0.0,0.0,0.0,0.0,0.0,2.559729,0.6262863,2.067061,0.4656512,0.03368615,-3.316507,0.1100996,-0.4860818,0.00983829,0.8668944,11.5635,300.9059,354.7304,0.1845168,0.008589046,-0.9827916,0.0,0.0,0.0,-1.114993,-0.3213678,-3.312854,-0.1430021,-0.09888768,1.915,0.5272554,-0.08997729,0.8449295,-0.1240923,0.9755626,0.181325,-0.8405967,-0.2004538,0.5032051,moving,-76.19415,-46.45346,-4.270621,-2.956042,-63.53105747463067,-42.7966177540493,84.05366973833185,71.40777834086339,71.75561027417278
05/18/2023 18:40:38.639345,1189,True,True,True,True,Eyes,0.5808426,0.02895176,-3.377674,-0.9403118,-0.2446859,0.2365217,0.0,0.0,0.0,0.0,0.0,0.0,0.0,2.544189,0.615361,2.081054,0.4593802,0.03434607,-3.31212,0.1075243,-0.4831135,0.007371091,0.8688992,11.185,301.3293,354.6726,0.1831551,0.008571092,-0.9830464,0.0,0.0,0.0,-1.120171,-0.3380684,-3.290818,-0.1467729,-0.1014952,1.915,0.533094,-0.09108337,0.8411389,-0.1167023,0.9767684,0.1797333,-0.8379686,-0.1939776,0.5100797,moving,-75.88099,-45.97199,-4.382798,-3.033844,-63.24850600625388,-42.338775268791856,83.40069448863228,70.78170103297882,71.32666732996256
05/18/2023 18:40:38.648739,1190,True,True,True,True,Eyes,0.5752814,0.0290365,-3.374425,-0.9387568,-0.2456818,0.2416118,0.0,0.0,0.0,0.0,0.0,0.0,0.0,2.532515,0.6010732,2.091044,0.4531759,0.03419977,-3.307695,0.1046192,-0.4808368,0.005669571,0.870528,10.81276,301.6698,354.6996,0.1817884,0.008558779,-0.9833002,0.0,0.0,0.0,-1.127109,-0.3447254,-3.268273,-0.15076,-0.1042522,1.915,0.5375277,-0.09073847,0.83835,-0.1104806,0.9780454,0.1766956,-0.8359774,-0.1876001,0.5157015,moving,-75.56679,-45.47853,-4.501374,-3.116093,-62.96521562075475,-41.869685902128666,82.73372601202018,70.14172609710009,70.88927454107301
05/18/2023 18:40:38.675053,1191,True,True,True,True,Eyes,0.5696797,0.02911407,-3.371153,-0.9372193,-0.2466152,0.2465788,0.0,0.0,0.0,0.0,0.0,0.0,0.0,2.521294,0.5915554,2.098816,0.4470562,0.03400002,-3.303162,0.1028037,-0.4786429,0.004766004,0.8719575,10.59371,301.9847,354.7407,0.1804167,0.008551195,-0.9835529,0.0,0.0,0.0,-1.131763,-0.35894,-3.247371,-0.1545348,-0.1068626,1.915,0.5417567,-0.09010103,0.8356922,-0.106724,0.9788173,0.1747185,-0.8337324,-0.1838434,0.5206649,moving,-75.25974,-45.00423,-4.6136,-3.193959,-62.68821963759089,-41.41869467221997,82.09126541839295,69.52547636127309,70.46601173441485
05/18/2023 18:40:38.692256,1192,True,True,True,True,Eyes,0.5640577,0.02918379,-3.367824,-0.9356681,-0.2474867,0.2515462,0.0,0.0,0.0,0.0,0.0,0.0,0.0,2.509901,0.5867811,2.105339,0.4409698,0.03384815,-3.2986,0.1018975,-0.476432,0.004189098,0.8732766,10.48401,302.2881,354.7615,0.1790387,0.008547672,-0.9838047,0.0,0.0,0.0,-1.134982,-0.3798175,-3.22849,-0.1584588,-0.109576,1.915001,0.54599,-0.08977797,0.8329675,-0.1044109,0.9791987,0.1739778,-0.83126,-0.181961,0.525259,moving,-74.95232,-44.53392,-4.730226,-3.274885,-62.41080232166378,-40.97142975584055,81.44599716914307,68.90630139057218,70.03738904220968
05/18/2023 18:40:38.708812,1193,True,True,True,True,Eyes,0.5584176,0.02924458,-3.364473,-0.9341009,-0.2484687,0.2563569,0.0,0.0,0.0,0.0,0.0,0.0,0.0,2.497483,0.5862747,2.11166,0.434831,0.03367297,-3.29394,0.1016949,-0.4740581,0.003645713,0.8745936,10.44782,302.6011,354.7467,0.1776545,0.008547593,-0.9840555,0.0,0.0,0.0,-1.139002,-0.3945217,-3.210312,-0.1622105,-0.1121703,1.915001,0.5505112,-0.09004156,0.8299577,-0.1027956,0.9792897,0.1744269,-0.8284748,-0.18134,0.5298541,moving,-74.65346,-44.1048,-4.841691,-3.352243,-62.14057038415503,-40.56291613031297,80.83596967283567,68.32126882231435,69.62320418427564
05/18/2023 18:40:38.719210,1194,True,True,True,True,Eyes,0.5527806,0.02930713,-3.361081,-0.9324517,-0.2496566,0.2611617,0.0,0.0,0.0,0.0,0.0,0.0,0.0,2.48441,0.5928482,2.117227,0.4290714,0.03352158,-3.289557,0.1028842,-0.4715488,0.003742542,0.8758097,10.58789,302.913,354.7189,0.1762638,0.008550365,-0.9843056,0.0,0.0,0.0,-1.14256,-0.4105419,-3.193172,-0.1661208,-0.1148744,1.915,0.5552555,-0.09047437,0.8267441,-0.1035854,0.9788017,0.1766845,-0.8252038,-0.1837436,0.5341132,moving,-74.35347,-43.70975,-4.957833,-3.432866,-61.86863165399545,-40.18626738490901,80.23703521058854,67.7469668457256,69.20312224272837
05/18/2023 18:40:38.739409,1195,True,True,True,True,Eyes,0.5471438,0.02936474,-3.357662,-0.9306872,-0.2511853,0.2659457,0.0,0.0,0.0,0.0,0.0,0.0,0.0,2.46831,0.6091366,2.123526,0.4234567,0.0336803,-3.285196,0.1059765,-0.4684513,0.004589141,0.8770984,10.96464,303.2752,354.6675,0.1748673,0.008555771,-0.9845546,0.0,0.0,0.0,-1.145398,-0.4280317,-3.177517,-0.1700393,-0.117584,1.915,0.5610647,-0.09123943,0.8227284,-0.1073399,0.9774958,0.1816041,-0.820783,-0.1902032,0.5386447,moving,-74.05261,-43.36506,-5.074179,-3.513641,-61.59491574129099,-39.856737499591006,79.66278641583736,67.19683284915224,68.78276732391053
05/18/2023 18:40:38.758884,1196,True,True,True,True,Eyes,0.5415226,0.02942323,-3.354203,-0.9288125,-0.2529792,0.2707561,0.0,0.0,0.0,0.0,0.0,0.0,0.0,2.451115,0.6284339,2.129979,0.4179772,0.03368895,-3.280833,0.1098147,-0.4650941,0.00618593,0.8784021,11.4596,303.663,354.6559,0.1734646,0.008563414,-0.9848026,0.0,0.0,0.0,-1.149551,-0.4406472,-3.161754,-0.1739351,-0.120278,1.915,0.5672985,-0.09128089,0.8184378,-0.1130158,0.9758049,0.1871689,-0.8157205,-0.198677,0.5432564,moving,-73.74818,-43.05599,-5.189806,-3.593935,-61.31718977550058,-39.56046749123667,79.10438945056653,66.66239321330663,68.36049234686585
05/18/2023 18:40:38.769222,1197,True,True,True,True,Eyes,0.5359141,0.0294928,-3.350716,-0.9268152,-0.255071,0.2755945,0.0,0.0,0.0,0.0,0.0,0.0,0.0,2.432174,0.6470701,2.138293,0.4126707,0.03383631,-3.276435,0.113552,-0.46139,0.007797375,0.8798662,11.94757,304.0969,354.6593,0.1720575,0.00857311,-0.9850494,0.0,0.0,0.0,-1.154874,-0.4463416,-3.145218,-0.177778,-0.1229355,1.915001,0.5741169,-0.09106224,0.8136936,-0.1185048,0.9740903,0.1926259,-0.810152,-0.2070164,0.5484505,moving,-73.43981,-42.78519,-5.30382,-3.673123,-61.03505814210013,-39.29992938502629,78.56377612037616,66.14559878062656,67.93709195995218
05/18/2023 18:40:38.789100,1198,True,True,True,True,Eyes,0.5303143,0.02957185,-3.347178,-0.9247204,-0.2573173,0.2804997,0.0,0.0,0.0,0.0,0.0,0.0,0.0,2.41167,0.6689339,2.14719,0.4073922,0.03425739,-3.272141,0.1179925,-0.4573324,0.009810199,0.8813788,12.53085,304.5667,354.6729,0.1706464,0.00858499,-0.9852947,0.0,0.0,0.0,-1.160882,-0.449724,-3.128348,-0.1817186,-0.1256606,1.915001,0.5815017,-0.09063055,0.8084811,-0.1252166,0.971963,0.1990191,-0.803851,-0.2169652,0.5538497,moving,-73.12563,-42.53181,-5.420692,-3.754316,-60.74717860473562,-39.0555640186272,78.02341104119891,65.62924829446564,67.50545308107424
05/18/2023 18:40:38.799698,1199,True,True,True,True,Eyes,0.5247127,0.02965459,-3.34362,-0.9225453,-0.2595385,0.2855699,0.0,0.0,0.0,0.0,0.0,0.0,0.0,2.391787,0.6799588,2.157719,0.4019415,0.03461062,-3.267413,0.1204152,-0.4534101,0.01118735,0.8830598,12.87428,305.0489,354.7361,0.1692312,0.008599139,-0.9855387,0.0,0.0,0.0,-1.166967,-0.4517888,-3.111527,-0.1855472,-0.128308,1.915,0.5885882,-0.08943678,0.8034706,-0.1289532,0.97075,0.2025228,-0.7980821,-0.2228126,0.559839,moving,-72.80032,-42.26594,-5.534198,-3.833176,-60.44916821656078,-38.79925276172523,77.47133997549403,65.10207737079223,67.06716421690103
05/18/2023 18:40:38.819663,1200,True,True,True,True,Eyes,0.5191256,0.02973742,-3.340012,-0.9202774,-0.2618801,0.2907032,0.0,0.0,0.0,0.0,0.0,0.0,0.0,2.373547,0.683951,2.168702,0.3966894,0.03478625,-3.262853,0.1217585,-0.4497054,0.01286821,0.8847454,13.12195,305.5245,354.8901,0.1678125,0.008615447,-0.9857811,0.0,0.0,0.0,-1.173055,-0.4540619,-3.095123,-0.1895018,-0.1310425,1.915,0.5951989,-0.08674072,0.7988833,-0.1322811,0.9700186,0.2038767,-0.792616,-0.2270243,0.5658798,moving,-72.46938,-42.01411,-5.651392,-3.914618,-60.14564251387938,-38.555954563431925,76.916934487967,64.57279255205252,66.6198903264588
05/18/2023 18:40:38.839267,1201,True,True,True,True,Eyes,0.5135165,0.02981343,-3.336386,-0.9179743,-0.2639845,0.2960327,0.0,0.0,0.0,0.0,0.0,0.0,0.0,2.355004,0.688749,2.179225,0.3913962,0.03490955,-3.258071,0.1233138,-0.4459462,0.01479006,0.8864011,13.40319,306.0055,355.0602,0.1663909,0.008633718,-0.9860219,0.0,0.0,0.0,-1.178491,-0.4579284,-3.078836,-0.1937581,-0.133986,1.915001,0.6018265,-0.08376279,0.7942221,-0.1362025,0.9691499,0.2054198,-0.7869269,-0.2318021,0.5718514,moving,-72.12628,-41.72469,-5.777475,-4.002264,-59.83150797744031,-38.2771923891346,76.32263981449738,64.00475917622462,66.15055151336418
05/18/2023 18:40:38.849450,1202,True,True,True,True,Eyes,0.5079266,0.02986588,-3.3327,-0.9156023,-0.2660744,0.3014579,0.0,0.0,0.0,0.0,0.0,0.0,0.0,2.336743,0.6865308,2.19099,0.386084,0.03477942,-3.252977,0.1235648,-0.4422625,0.01641947,0.8881813,13.53383,306.4975,355.2724,0.164965,0.008653578,-0.9862612,0.0,0.0,0.0,-1.183957,-0.4607856,-3.061333,-0.1970464,-0.1362599,1.915001,0.6082686,-0.08012925,0.7896762,-0.1384631,0.9689243,0.2049725,-0.7815607,-0.2340194,0.5782713,moving,-71.77611,-41.43245,-5.874846,-4.069962,-59.51083997105799,-37.995628739096965,75.75573975843572,63.4647202227792,65.7074783888043
05/18/2023 18:40:38.873849,1203,True,True,True,True,Eyes,0.5023485,0.0299455,-3.328951,-0.9131944,-0.2680571,0.3069551,0.0,0.0,0.0,0.0,0.0,0.0,0.0,2.317981,0.6817988,2.203929,0.3809158,0.03427953,-3.24791,0.1232442,-0.4385006,0.01783806,0.8900618,13.59362,307.0074,355.4958,0.1635363,0.008674181,-0.9864989,0.0,0.0,0.0,-1.189315,-0.463345,-3.043844,-0.2008421,-0.1388843,1.915001,0.6147982,-0.07633133,0.784982,-0.1398392,0.9689853,0.2037459,-0.7761883,-0.2350339,0.5850562,moving,-71.42079,-41.12999,-5.9872,-4.148081,-59.18556951366256,-37.70438090100789,75.16126857346396,62.89747039395594,65.24245783613351
05/18/2023 18:40:38.889341,1204,True,True,True,True,Eyes,0.4967744,0.0300302,-3.325119,-0.9107481,-0.2698453,0.3126042,0.0,0.0,0.0,0.0,0.0,0.0,0.0,2.296508,0.6874423,2.2159,0.3756831,0.03502393,-3.242587,0.1247923,-0.4343194,0.01917608,0.8918666,13.84247,307.5376,355.6176,0.1621052,0.008696284,-0.9867349,0.0,0.0,0.0,-1.194928,-0.465102,-3.026083,-0.2047109,-0.1415601,1.915,0.6219979,-0.07419442,0.779496,-0.1426044,0.9681183,0.2059391,-0.7699238,-0.2392533,0.5915871,moving,-71.05579,-40.80132,-6.10167,-4.227713,-58.85178259181343,-37.38837795232891,74.54305087642207,62.307335671890264,64.76551722849685
05/18/2023 18:40:38.898728,1205,True,True,True,True,Eyes,0.4912072,0.03011835,-3.321204,-0.9083463,-0.271391,0.3182044,0.0,0.0,0.0,0.0,0.0,0.0,0.0,2.27401,0.6780246,2.232625,0.3701746,0.03520532,-3.236848,0.1230261,-0.4301091,0.01845914,0.8941645,13.64409,308.1089,355.7026,0.1606718,0.008719917,-0.9869691,0.0,0.0,0.0,-1.199075,-0.4708454,-3.008329,-0.2086724,-0.1442995,1.914999,0.6293309,-0.07281826,0.7737184,-0.1388403,0.9690477,0.2041323,-0.7646346,-0.2358901,0.5997416,moving,-70.69405,-40.46029,-6.218832,-4.309221,-58.52127045267972,-37.06088022908664,73.91856009142957,61.71074663585401,64.28826764175227
05/18/2023 18:40:38.919140,1206,True,True,True,True,Eyes,0.4856411,0.03019943,-3.317203,-0.9058838,-0.2727844,0.3239803,0.0,0.0,0.0,0.0,0.0,0.0,0.0,2.249958,0.6695019,2.250209,0.3647266,0.03532652,-3.231054,0.1213896,-0.4256198,0.01774653,0.8965476,13.46019,308.7118,355.7832,0.159236,0.008745071,-0.9872015,0.0,0.0,0.0,-1.203601,-0.4753933,-2.99037,-0.2125266,-0.1469649,1.915,0.6370657,-0.07151042,0.7674853,-0.1351528,0.9698992,0.2025566,-0.7588683,-0.2327697,0.6082247,moving,-70.32092,-40.09665,-6.33277,-4.388511,-58.180579433573314,-36.71195797800087,73.27724429361288,61.098286126533594,63.80360574936393
05/18/2023 18:40:38.939043,1207,True,True,True,True,Eyes,0.4800726,0.03026824,-3.313112,-0.9033653,-0.2740045,0.3299283,0.0,0.0,0.0,0.0,0.0,0.0,0.0,2.224114,0.6639127,2.268034,0.3591512,0.03521746,-3.225091,0.1201229,-0.4208453,0.01680518,0.8989868,13.30429,309.3409,355.8225,0.1577992,0.008771394,-0.9874319,0.0,0.0,0.0,-1.20894,-0.4759296,-2.971359,-0.2165622,-0.1497553,1.915,0.6452136,-0.07089102,0.7607061,-0.1313215,0.9705762,0.201833,-0.7526314,-0.2301225,0.6169195,moving,-69.93673,-39.70954,-6.452016,-4.471498,-57.83003352337302,-36.34081376275413,72.6087358081351,60.45952341706105,63.301981395460984
05/18/2023 18:40:38.959332,1208,True,True,True,True,Eyes,0.4745194,0.03031055,-3.308914,-0.9008263,-0.2755517,0.3355344,0.0,0.0,0.0,0.0,0.0,0.0,0.0,2.198225,0.6566802,2.285655,0.3534889,0.03496513,-3.218923,0.1185315,-0.4160921,0.01571943,0.9014271,13.10736,309.9689,355.8607,0.1563608,0.008798443,-0.9876605,0.0,0.0,0.0,-1.212791,-0.4807453,-2.95258,-0.2204982,-0.1524769,1.915,0.6532406,-0.07030019,0.7538798,-0.1269799,0.9714063,0.2006135,-0.7464268,-0.2267765,0.6256353,moving,-69.57094,-39.39395,-6.568265,-4.552424,-57.495259464791786,-36.03703608049504,71.99492337077872,59.8735297362381,62.82278557880727
05/18/2023 18:40:38.969567,1209,True,True,True,True,Eyes,0.4689513,0.03034178,-3.304625,-0.8982354,-0.2774289,0.3408905,0.0,0.0,0.0,0.0,0.0,0.0,0.0,2.171938,0.6510592,2.30263,0.3478808,0.03438145,-3.212646,0.117299,-0.4112546,0.01503448,0.9038167,12.96757,310.6034,355.9219,0.1549212,0.008825392,-0.987887,0.0,0.0,0.0,-1.216568,-0.485921,-2.934675,-0.2241815,-0.1550242,1.915,0.6612872,-0.06930267,0.7469245,-0.1236563,0.9720298,0.1996676,-0.7398704,-0.2243996,0.6342212,moving,-69.21768,-39.13994,-6.677002,-4.628151,-57.17097856054363,-35.79118635026595,71.43108556280106,59.336130992327554,62.365635744121526
05/18/2023 18:40:38.989561,1210,True,True,True,True,Eyes,0.4633664,0.03035874,-3.300231,-0.8955849,-0.2791296,0.3464309,0.0,0.0,0.0,0.0,0.0,0.0,0.0,2.144756,0.6511821,2.317965,0.3420473,0.0341525,-3.206059,0.1169821,-0.4063413,0.0139981,0.9060938,12.90702,311.2279,355.8994,0.1534806,0.008851942,-0.9881116,0.0,0.0,0.0,-1.220936,-0.4906524,-2.918566,-0.228086,-0.1577242,1.915,0.6693816,-0.06970214,0.7396417,-0.1204365,0.9722385,0.2006175,-0.7330917,-0.2233695,0.6424038,moving,-68.85249,-38.85942,-6.792214,-4.708395,-56.83609047367999,-35.5202491892195,70.83622213067832,58.7686985655686,61.889419070149195
05/18/2023 18:40:38.999146,1211,True,True,True,True,Eyes,0.4577706,0.03034276,-3.29573,-0.8929227,-0.2809785,0.3517671,0.0,0.0,0.0,0.0,0.0,0.0,0.0,2.116172,0.6501155,2.33415,0.3360181,0.03380464,-3.199224,0.1161873,-0.4012577,0.0121204,0.9084855,12.75812,311.8717,355.8124,0.1520375,0.008877755,-0.9883344,0.0,0.0,0.0,-1.224122,-0.4996693,-2.903715,-0.2318618,-0.1603348,1.915001,0.6776908,-0.07121965,0.73189,-0.1152645,0.9727072,0.2013821,-0.726257,-0.2208357,0.6509857,moving,-68.49803,-38.61656,-6.903577,-4.785969,-56.51047745012991,-35.28480878961546,70.2736474631742,58.23249780648028,61.428810631913095
05/18/2023 18:40:39.018844,1212,True,True,True,True,Eyes,0.4521521,0.03027461,-3.291128,-0.8901862,-0.2826928,0.3572859,0.0,0.0,0.0,0.0,0.0,0.0,0.0,2.087882,0.6462681,2.350376,0.329969,0.03300063,-3.192367,0.1149117,-0.396201,0.0103472,0.9108859,12.5647,312.5183,355.7575,0.1505925,0.00890194,-0.9885555,0.0,0.0,0.0,-1.228019,-0.5056354,-2.888655,-0.2357331,-0.1630117,1.915,0.6858354,-0.07220598,0.7241658,-0.1099065,0.9733765,0.2011437,-0.7194097,-0.217542,0.6596402,moving,-68.1314,-38.35186,-7.017703,-4.865492,-56.17394398987746,-35.02864675335748,69.6865898350553,57.67280063366007,60.95328593486834
05/18/2023 18:40:39.039204,1213,True,True,True,True,Eyes,0.4465129,0.03016797,-3.286422,-0.8873976,-0.2846011,0.3626674,0.0,0.0,0.0,0.0,0.0,0.0,0.0,2.059359,0.6456437,2.365371,0.3237601,0.03166619,-3.185431,0.1142805,-0.3910541,0.009120431,0.9131996,12.46569,313.1697,355.7288,0.1491447,0.00892312,-0.9887748,0.0,0.0,0.0,-1.234065,-0.5060195,-2.875455,-0.2396026,-0.1656883,1.915,0.6939871,-0.07272219,0.7163055,-0.1060373,0.9737135,0.2015887,-0.7121363,-0.215855,0.6680334,moving,-67.77083,-38.12285,-7.131723,-4.944991,-55.842372050228505,-34.806030576834,69.12215003587005,57.1350069178588,60.48482407562217
05/18/2023 18:40:39.058883,1214,True,True,True,True,Eyes,0.4408372,0.03001995,-3.281616,-0.8845377,-0.286368,0.3682207,0.0,0.0,0.0,0.0,0.0,0.0,0.0,2.031122,0.648653,2.378592,0.3174508,0.03065068,-3.178395,0.1143336,-0.3859831,0.007903089,0.9153592,12.43979,313.7997,355.6662,0.1476941,0.008940456,-0.9889923,0.0,0.0,0.0,-1.239989,-0.5069211,-2.862341,-0.2436053,-0.1684557,1.915,0.7019091,-0.07379331,0.7084336,-0.10273,0.9737308,0.2032116,-0.7048193,-0.2154135,0.6758898,moving,-67.39872,-37.87248,-7.249604,-5.027164,-55.50045747464701,-34.56315648360847,68.53269977697735,56.57313596596561,60.000789653892134
05/18/2023 18:40:39.069224,1215,True,True,True,True,Eyes,0.4351431,0.02982804,-3.276686,-0.8816262,-0.288254,0.3736908,0.0,0.0,0.0,0.0,0.0,0.0,0.0,2.00237,0.6491197,2.392378,0.3108496,0.02949554,-3.171248,0.1138533,-0.3808068,0.006350557,0.9175964,12.34393,314.4459,355.5934,0.14624,0.008953104,-0.9892083,0.0,0.0,0.0,-1.24585,-0.5074822,-2.849649,-0.2473997,-0.1710798,1.915,0.7098917,-0.07505769,0.7003,-0.09836669,0.9739942,0.204106,-0.6974079,-0.2137793,0.6840473,moving,-67.0296,-37.64553,-7.361294,-5.105065,-55.16087938929271,-34.34227280568083,67.96461287556828,56.03226466653698,59.52764251425243
05/18/2023 18:40:39.089168,1216,True,True,True,True,Eyes,0.4293916,0.02961251,-3.27166,-0.8786514,-0.2899467,0.3793449,0.0,0.0,0.0,0.0,0.0,0.0,0.0,1.973826,0.6461425,2.406271,0.3041382,0.02829793,-3.16391,0.1127651,-0.375668,0.004631698,0.9198567,12.17717,315.0928,355.5288,0.1447815,0.008960232,-0.9894227,0.0,0.0,0.0,-1.250723,-0.5090114,-2.835845,-0.2512413,-0.1737361,1.915,0.7177042,-0.07620348,0.692166,-0.09324548,0.9745252,0.2039755,-0.6900769,-0.2109354,0.6923152,moving,-66.64843,-37.39195,-7.474317,-5.183901,-54.81058461239674,-34.09618662543788,67.3716117494837,55.46749040257133,59.041120042469736
05/18/2023 18:40:39.109216,1217,True,True,True,True,Eyes,0.4236067,0.02937808,-3.266509,-0.8756287,-0.2916887,0.3849574,0.0,0.0,0.0,0.0,0.0,0.0,0.0,1.945314,0.6421658,2.420072,0.2969554,0.02749068,-3.156648,0.1115725,-0.3704496,0.002853249,0.9221229,11.99821,315.7486,355.4614,0.1433175,0.008961686,-0.9896359,0.0,0.0,0.0,-1.255032,-0.5080146,-2.81821,-0.2550897,-0.1763973,1.915,0.7255179,-0.07740189,0.6838368,-0.08792608,0.9750869,0.2036532,-0.6825634,-0.2078811,0.7006373,moving,-66.26801,-37.15182,-7.587481,-5.262863,-54.46073051879888,-33.862707300289685,66.7855527960029,54.90949475684868,58.555805687329496
05/18/2023 18:40:39.119328,1218,True,True,True,True,Eyes,0.4177689,0.0290995,-3.261257,-0.8725569,-0.2931432,0.3907833,0.0,0.0,0.0,0.0,0.0,0.0,0.0,1.916484,0.6367744,2.433779,0.28965,0.02684808,-3.149136,0.1101266,-0.36519,0.0008468191,0.9243959,11.78382,316.4091,355.3789,0.1418473,0.008957475,-0.9898478,0.0,0.0,0.0,-1.258457,-0.5055847,-2.798304,-0.2589404,-0.17906,1.915,0.7332711,-0.07886867,0.6753467,-0.08199985,0.9757428,0.2029827,-0.6749737,-0.2042197,0.7090168,moving,-65.8743,-36.87513,-7.700654,-5.341849,-54.09919492612234,-33.59470224713434,66.17039292280407,54.32355213604095,58.0569630156601
05/18/2023 18:40:39.139265,1219,True,True,True,True,Eyes,0.4119056,0.02880153,-3.255884,-0.8693638,-0.2947816,0.3966239,0.0,0.0,0.0,0.0,0.0,0.0,0.0,1.888452,0.6234956,2.448431,0.2824835,0.02546173,-3.141555,0.1073185,-0.3600159,-0.0009427252,0.9267527,11.43386,317.0775,355.3758,0.1403696,0.008946829,-0.9900585,0.0,0.0,0.0,-1.262371,-0.4984742,-2.773736,-0.2627609,-0.1817023,1.915,0.7407753,-0.07902006,0.667089,-0.07552537,0.9769638,0.1995942,-0.6674936,-0.1982366,0.7177426,moving,-65.47643,-36.62072,-7.81288,-5.42021,-53.73335556859909,-33.34745684270774,65.5633801970475,53.74589465866054,57.556530440592624
05/18/2023 18:40:39.149202,1220,True,True,True,True,Eyes,0.4059781,0.02848516,-3.250406,-0.866099,-0.2961859,0.402674,0.0,0.0,0.0,0.0,0.0,0.0,0.0,1.857916,0.6218066,2.461556,0.2751935,0.02478205,-3.133913,0.1068313,-0.3543462,-0.001834229,0.9289901,11.37272,317.782,355.371,0.1388849,0.00892981,-0.9902681,0.0,0.0,0.0,-1.262372,-0.5008695,-2.75316,-0.266544,-0.1843181,1.915,0.7488709,-0.07911848,0.6579762,-0.07230256,0.9771674,0.1997904,-0.65876,-0.1971906,0.7260517,moving,-65.06494,-36.33625,-7.923944,-5.497761,-53.35540247620132,-33.07176239009012,64.93154724535015,53.14454790414062,57.04380671059404
05/18/2023 18:40:39.168963,1221,True,True,True,True,Eyes,0.4000087,0.02815574,-3.244824,-0.8627352,-0.2975959,0.408809,0.0,0.0,0.0,0.0,0.0,0.0,0.0,1.82749,0.6122864,2.475735,0.2676504,0.02398854,-3.125966,0.1047724,-0.348723,-0.003646116,0.9313441,11.10545,318.4911,355.3316,0.1373911,0.008906486,-0.9904766,0.0,0.0,0.0,-1.264125,-0.4972313,-2.728498,-0.2704963,-0.1870512,1.915,0.756758,-0.07986464,0.6487981,-0.06628149,0.9780189,0.1977012,-0.6503262,-0.1926153,0.7348301,moving,-64.64596,-36.05305,-8.039918,-5.578776,-52.97044607347036,-32.79708523421619,64.28783218255877,52.531787619786236,56.51877016861098
05/18/2023 18:40:39.189139,1222,True,True,True,True,Eyes,0.3939686,0.02783017,-3.23916,-0.859269,-0.2989146,0.4150988,0.0,0.0,0.0,0.0,0.0,0.0,0.0,1.797028,0.6029762,2.489814,0.2601264,0.02340652,-3.118309,0.1027888,-0.3430462,-0.005450694,0.9336616,10.84777,319.2035,355.2867,0.135888,0.008877093,-0.9906842,0.0,0.0,0.0,-1.272904,-0.4702604,-2.705093,-0.2743411,-0.1897099,1.914999,0.7645791,-0.08070084,0.6394577,-0.06034443,0.9788095,0.1956796,-0.6416988,-0.1882003,0.7435075,moving,-64.21558,-35.75784,-8.152672,-5.657563,-52.575098030308325,-32.51090530403006,63.632352847377824,51.908129684237565,55.98656792349021
05/18/2023 18:40:39.198986,1223,True,True,True,True,Eyes,0.2414992,0.02097583,-3.095499,-0.7599424,-0.3273034,0.5615693,0.0,0.0,0.0,0.0,0.0,0.0,0.0,1.764324,0.6052659,2.502213,0.2523991,0.02306747,-3.11063,0.1027526,-0.3370269,-0.007464751,0.9358414,10.7946,319.9293,355.1394,0.1343739,0.008842338,-0.9908909,0.0,0.0,0.0,-1.270546,-0.4847667,-2.688022,-0.2782279,-0.1923977,1.915,0.7727143,-0.08323244,0.6292734,-0.05528915,0.9787723,0.197352,-0.6323414,-0.1872887,0.7517095,moving,-53.53697,-30.23522,-8.266589,-5.737185,-42.73111462739427,-27.09706757538794,51.47388769800068,40.546863138295635,46.043018244371176
05/18/2023 18:40:39.218952,1224,True,True,True,True,Eyes,0.2411851,0.02101757,-3.095169,-0.7596861,-0.3271851,0.5619849,0.0,0.0,0.0,0.0,0.0,0.0,0.0,1.73347,0.6099458,2.512289,0.2448041,0.02420072,-3.102908,0.1034213,-0.3313615,-0.009373389,0.9377717,10.82204,320.6015,354.9699,0.1274454,0.008581896,-0.9918082,-0.4574084,-0.02056303,0.4309831,-1.267779,-0.5061188,-2.675484,-0.2820196,-0.1950199,1.915,0.7802234,-0.08611985,0.619544,-0.05095946,0.9784324,0.200183,-0.6234217,-0.1877591,0.7590071,moving,-53.50747,-30.20777,-8.377657,-5.814844,-42.70415433797268,-27.07069803944877,51.30024230212217,40.374741490691875,45.8840696424894
05/18/2023 18:40:39.239057,1225,True,True,True,True,Eyes,0.2406014,0.02094928,-3.094511,-0.759376,-0.3267055,0.5626825,0.0,0.0,0.0,0.0,0.0,0.0,0.0,1.700416,0.6056971,2.525007,0.2368647,0.0252286,-3.094705,0.1025062,-0.3252415,-0.01162009,0.9399871,10.66989,321.3452,354.8317,0.1216534,0.008367466,-0.9925371,-0.4299639,-0.01932925,0.4051241,-1.269324,-0.5135617,-2.663356,-0.2863705,-0.1980284,1.915,0.7881659,-0.08852399,0.6090633,-0.04483308,0.9787149,0.2002676,-0.6138278,-0.1851503,0.7674209,moving,-53.46229,-30.14037,-8.50503,-5.903918,-42.66335068940831,-27.0065748987542,51.07407201561184,40.151127014157375,45.68742262807926
05/18/2023 18:40:39.249502,1226,True,True,True,True,Eyes,0.2397674,0.02093616,-3.093585,-0.75871,-0.3265995,0.5636416,0.0,0.0,0.0,0.0,0.0,0.0,0.0,1.673699,0.5713794,2.540163,0.2292086,0.02250844,-3.086604,0.09603944,-0.3200243,-0.01336718,0.9424342,9.931231,322.0491,354.9524,0.1167867,0.008187285,-0.9931231,-0.404166,-0.01816949,0.3808166,-1.270535,-0.5213597,-2.651483,-0.2898654,-0.2004454,1.915,0.7948115,-0.08666529,0.6006361,-0.03627452,0.9811954,0.1895773,-0.6057712,-0.172466,0.7767218,moving,-53.39154,-30.08995,-8.60728,-5.97546,-42.598395863765376,-26.95776027497078,50.86392210307519,39.945624071892546,45.50076009250452
05/18/2023 18:40:39.269778,1227,True,True,True,True,Eyes,0.23864,0.02118126,-3.09237,-0.7577978,-0.3269102,0.5646877,0.0,0.0,0.0,0.0,0.0,0.0,0.0,1.639569,0.593671,2.547799,0.2222488,0.02389398,-3.079277,0.1004797,-0.3136425,-0.01245524,0.9441279,10.48152,322.7832,354.9505,0.1126726,0.008036825,-0.9935994,-0.379916,-0.01707933,0.3579676,-1.273766,-0.5219201,-2.637901,-0.2937508,-0.2031321,1.915,0.8029465,-0.0865481,0.5897342,-0.03951075,0.9794974,0.1975444,-0.5947402,-0.1819184,0.7830644,moving,-53.30765,-30.0675,-8.720892,-6.054963,-42.52066079815879,-26.93482576546785,50.64169154093229,39.728994952222976,45.2933570557086
05/18/2023 18:40:39.289054,1228,True,True,True,True,Eyes,0.2372345,0.02145176,-3.090812,-0.7567955,-0.3263094,0.5663769,0.0,0.0,0.0,0.0,0.0,0.0,0.0,1.603165,0.6166927,2.554621,0.2144213,0.03038111,-3.070771,0.1054857,-0.3069729,-0.01337741,0.9457598,11.02955,323.5267,354.7351,0.1091053,0.007916493,-0.9939984,-0.3571211,-0.01605457,0.3364896,-1.279961,-0.511027,-2.622627,-0.2975988,-0.2057931,1.915,0.8111774,-0.09006613,0.5778229,-0.03945888,0.9773876,0.2077413,-0.5834674,-0.1913153,0.7892808,moving,-53.18925,-29.94774,-8.833338,-6.133679,-42.41263809308143,-26.820015545114057,50.34437834220883,39.43975043530246,45.04497909747591
05/18/2023 18:40:39.299270,1229,True,True,True,True,Eyes,0.235656,0.02163954,-3.089016,-0.7555875,-0.3257584,0.5683038,0.0,0.0,0.0,0.0,0.0,0.0,0.0,1.575805,0.5462523,2.575324,0.2062834,0.03105901,-3.0611,0.0930571,-0.3015212,-0.01695358,0.948756,9.575856,324.3082,354.8632,0.1058524,0.007817211,-0.9943509,-0.3356938,-0.01509129,0.3163002,-1.286727,-0.5015795,-2.609678,-0.3014476,-0.2084545,1.915001,0.817595,-0.08828702,0.5689849,-0.02394776,0.9821059,0.1868007,-0.5752954,-0.1663533,0.8008506,moving,-53.0519,-29.82184,-8.945741,-6.212385,-42.28707624472115,-26.699024239581732,50.02758865996148,39.13242930401401,44.7796674895684
05/18/2023 18:40:39.319194,1230,True,True,True,True,Eyes,0.2338744,0.02188685,-3.086998,-0.753908,-0.3261422,0.5703104,0.0,0.0,0.0,0.0,0.0,0.0,0.0,1.54855,0.5295162,2.58617,0.2001847,0.02930779,-3.053807,0.09065615,-0.2960988,-0.01482682,0.9507299,9.415834,325.0099,355.2391,0.1028775,0.007734278,-0.9946637,-0.3155522,-0.01418581,0.2973222,-1.292507,-0.497322,-2.598313,-0.3055103,-0.2112638,1.915,0.8242114,-0.08187895,0.5603317,-0.02549375,0.9831233,0.1811594,-0.5657082,-0.1635986,0.8082139,moving,-52.89351,-29.76385,-9.064318,-6.295441,-42.14060663923309,-26.641117474180263,49.71684113420869,38.83281371904271,44.498232581197186
05/18/2023 18:40:39.338878,1231,True,True,True,True,Eyes,0.2318853,0.02220078,-3.0847,-0.7520937,-0.3265623,0.5724615,0.0,0.0,0.0,0.0,0.0,0.0,0.0,1.507838,0.5897113,2.587993,0.1933706,0.03117456,-3.046421,0.1021936,-0.288564,-0.01158861,0.9519207,10.82864,325.823,355.2671,0.1001472,0.007668062,-0.9949428,-0.2966191,-0.01333466,0.2794829,-1.297428,-0.4962643,-2.587562,-0.3092832,-0.2138728,1.915,0.8331931,-0.08104169,0.5470116,-0.03691593,0.9788443,0.2012486,-0.5517487,-0.1878724,0.8125746,moving,-52.72316,-29.70272,-9.17437,-6.372555,-41.98305336434847,-26.57999775438976,49.40438957614318,38.532459651234504,44.21617850259404
05/18/2023 18:40:39.349175,1232,True,True,True,True,Eyes,0.2297343,0.02250075,-3.082172,-0.75006,-0.3267881,0.5749953,0.0,0.0,0.0,0.0,0.0,0.0,0.0,1.478045,0.5853332,2.595127,0.186241,0.03311538,-3.037456,0.101792,-0.2830143,-0.0127026,0.9536143,10.77488,326.4893,355.221,0.0976311,0.007619136,-0.9951932,-0.2788219,-0.01253458,0.2627139,-1.301843,-0.4974743,-2.576967,-0.3131765,-0.2165653,1.915,0.8394831,-0.08184394,0.5371869,-0.03339044,0.9789541,0.2013306,-0.5423589,-0.1869506,0.8190826,moving,-52.52626,-29.61095,-9.287858,-6.452106,-41.801349737752645,-26.4895900781114,49.04988749151154,38.191987551860635,43.9033225919051
05/18/2023 18:40:39.375091,1233,True,True,True,True,Eyes,0.2274326,0.02279628,-3.079455,-0.7476918,-0.327554,0.5776377,0.0,0.0,0.0,0.0,0.0,0.0,0.0,1.444718,0.567551,2.608043,0.1801054,0.03303241,-3.029469,0.09881339,-0.2767361,-0.01340385,0.9557582,10.45509,327.2748,355.3156,0.09530331,0.007585401,-0.9954191,-0.2620926,-0.01178251,0.2469511,-1.304509,-0.5042361,-2.56755,-0.3170115,-0.2192171,1.915,0.8464749,-0.08031213,0.5263365,-0.02906878,0.9801125,0.1963021,-0.5316344,-0.1814647,0.8273062,moving,-52.31171,-29.55574,-9.39957,-6.530432,-41.60249873614044,-26.432999818315217,48.699246070904046,37.85684647388866,43.58255219247455
05/18/2023 18:40:39.391068,1234,True,True,True,True,Eyes,0.2249682,0.02313608,-3.076516,-0.7450371,-0.3284929,0.5805274,0.0,0.0,0.0,0.0,0.0,0.0,0.0,1.404827,0.6017126,2.613169,0.174227,0.03332993,-3.022049,0.1053179,-0.2693912,-0.01167164,0.9571837,11.26392,328.106,355.3746,0.09314033,0.007565261,-0.9956239,-0.246367,-0.01107556,0.232134,-1.30451,-0.5181221,-2.55789,-0.32078,-0.2218229,1.915,0.8545843,-0.0790872,0.5132552,-0.0343996,0.9775438,0.2079055,-0.518172,-0.1953286,0.8326731,moving,-52.07455,-29.50346,-9.509282,-6.607376,-41.382524245724575,-26.37863453196905,48.332522202414395,37.5074157359928,43.24541675635037
05/18/2023 18:40:39.408688,1235,True,True,True,True,Eyes,0.2223709,0.02348639,-3.073366,-0.7422462,-0.3291917,0.583698,0.0,0.0,0.0,0.0,0.0,0.0,0.0,1.366205,0.6138985,2.620835,0.1677357,0.03477516,-3.013771,0.1078595,-0.2622624,-0.01189152,0.9588762,11.57266,328.9351,355.3524,0.09112095,0.007558874,-0.9958109,-0.231585,-0.01041103,0.218206,-1.302977,-0.5362671,-2.548313,-0.3247467,-0.224566,1.915001,0.8621541,-0.07937999,0.500389,-0.03376999,0.9764498,0.2130852,-0.5055195,-0.2006105,0.8391695,moving,-51.8187,-29.42195,-9.624681,-6.688345,-41.14569603127958,-26.29648103952441,47.928613955218715,37.12214147307034,42.88177866780973
05/18/2023 18:40:39.424729,1236,True,True,True,True,Eyes,0.2196513,0.02381622,-3.07002,-0.7392091,-0.3299072,0.5871381,0.0,0.0,0.0,0.0,0.0,0.0,0.0,1.3329,0.6006398,2.631321,0.1618319,0.03534862,-3.005629,0.1057641,-0.2560391,-0.01268727,0.9607795,11.34609,329.6993,355.4054,0.08922657,0.007565286,-0.9959823,-0.2176899,-0.009786365,0.2051136,-1.300594,-0.5541347,-2.537488,-0.3287962,-0.2273664,1.914999,0.868566,-0.07853881,0.4893106,-0.02978015,0.977306,0.2097287,-0.494678,-0.196735,0.8465158,moving,-51.54063,-29.33122,-9.742418,-6.770988,-40.88834090869706,-26.20518861043832,47.4979430532604,36.71180555626843,42.49530051252899
05/18/2023 18:40:39.439433,1237,True,True,True,True,Eyes,0.2168305,0.02412584,-3.066492,-0.7360722,-0.3305522,0.5907054,0.0,0.0,0.0,0.0,0.0,0.0,0.0,1.295217,0.6018327,2.640321,0.1560712,0.03519332,-2.99758,0.106072,-0.2491143,-0.01329917,0.9625559,11.39516,330.5217,355.4098,0.08744157,0.007582633,-0.9961406,-0.2046285,-0.009199183,0.1928068,-1.296453,-0.5744746,-2.525932,-0.3323233,-0.2298054,1.914999,0.8755304,-0.0784505,0.4767515,-0.02724571,0.9771437,0.2108265,-0.4823942,-0.1975745,0.8533816,moving,-51.25261,-29.23089,-9.844893,-6.842936,-40.62189895353437,-26.104682448944644,47.07249208888568,36.30756080663257,42.11692176289966
05/18/2023 18:40:39.458973,1238,True,True,True,True,Eyes,0.2139108,0.02441201,-3.062794,-0.7327338,-0.3312355,0.5944613,0.0,0.0,0.0,0.0,0.0,0.0,0.0,1.257474,0.6100126,2.647458,0.1506039,0.03503757,-2.989729,0.1075422,-0.2422676,-0.01416137,0.9641268,11.5666,331.3181,355.3505,0.08575173,0.00760924,-0.9962872,-0.1923508,-0.008647231,0.1812384,-1.29439,-0.5878106,-2.512723,-0.3364028,-0.2326263,1.915,0.8822118,-0.07941467,0.4641075,-0.02480126,0.9764683,0.2142303,-0.4701993,-0.2005069,0.8594823,moving,-50.94785,-29.12668,-9.963335,-6.926121,-40.339933684843565,-26.00016123749657,46.61110693491098,35.86860407991476,41.705190622553076
05/18/2023 18:40:39.469595,1239,True,True,True,True,Eyes,0.2109248,0.02467623,-3.058938,-0.7293336,-0.3319273,0.5982448,0.0,0.0,0.0,0.0,0.0,0.0,0.0,1.221157,0.618024,2.653532,0.1452076,0.03478429,-2.981965,0.1088186,-0.2357528,-0.01587998,0.9655708,11.69235,332.0664,355.198,0.08414471,0.00764349,-0.996424,-0.1808098,-0.008128397,0.1703641,-1.292504,-0.5986166,-2.498873,-0.3401341,-0.2352064,1.915,0.888337,-0.08197504,0.4518159,-0.02064207,0.9758127,0.2176315,-0.458728,-0.2026566,0.8651583,moving,-50.63927,-29.02306,-10.0716,-7.00218,-40.05439774212584,-25.896104835816587,46.15901867677974,35.439364499758085,41.302299460929575
05/18/2023 18:40:39.489240,1240,True,True,True,True,Eyes,0.2078654,0.02492725,-3.054927,-0.7257592,-0.332729,0.6021337,0.0,0.0,0.0,0.0,0.0,0.0,0.0,1.185772,0.6370495,2.656356,0.1402002,0.0345779,-2.974436,0.1119817,-0.2295499,-0.01788003,0.9666681,12.02214,332.752,354.9568,0.08261035,0.007683968,-0.9965521,-0.1699612,-0.007640693,0.1601422,-1.290172,-0.6106885,-2.485006,-0.343949,-0.2378447,1.915001,0.8939743,-0.0859789,0.4397926,-0.01684267,0.9742808,0.2247071,-0.4478015,-0.2082897,0.8695339,moving,-50.31885,-28.92431,-10.18221,-7.079927,-39.75773620841013,-25.7963358759271,45.696027607881724,35.00022445235512,40.88752277210632
05/18/2023 18:40:39.499214,1241,True,True,True,True,Eyes,0.204763,0.02514133,-3.050778,-0.7221545,-0.3334163,0.6060746,0.0,0.0,0.0,0.0,0.0,0.0,0.0,1.15118,0.652203,2.658982,0.1352816,0.0345581,-2.966694,0.1145512,-0.2234832,-0.01986837,0.9677492,12.28844,333.426,354.7352,0.08113816,0.007729715,-0.9966726,-0.1597635,-0.007182252,0.1505337,-1.288869,-0.6185436,-2.469552,-0.3478189,-0.2405208,1.915,0.899321,-0.08965575,0.4279995,-0.01274536,0.9729666,0.2305943,-0.4371032,-0.2128333,0.8738666,moving,-49.99464,-28.81625,-10.29434,-7.158769,-39.45772196156688,-25.6877656553927,45.223448600868124,34.55179538738614,40.466423519629956
05/18/2023 18:40:39.519123,1242,True,True,True,True,Eyes,0.201612,0.02533194,-3.046507,-0.7183668,-0.3343726,0.6100361,0.0,0.0,0.0,0.0,0.0,0.0,0.0,1.119182,0.6616617,2.661889,0.1307063,0.03390823,-2.959355,0.1162195,-0.2177484,-0.02083563,0.9688368,12.48133,334.0811,354.653,0.07972211,0.007779015,-0.9967866,-0.1501777,-0.006751317,0.1415017,-1.28771,-0.6246387,-2.453176,-0.3517207,-0.243219,1.915,0.9043031,-0.09098585,0.4170823,-0.01024056,0.9721178,0.2342693,-0.4267683,-0.2161216,0.8781573,moving,-49.66213,-28.728,-10.40731,-7.238232,-39.14959384008812,-25.597548297164515,44.75210634066539,34.10547427090732,40.04066231110581
05/18/2023 18:40:39.539175,1243,True,True,True,True,Eyes,0.1984567,0.02551577,-3.042096,-0.7145655,-0.3352732,0.6139935,0.0,0.0,0.0,0.0,0.0,0.0,0.0,1.088182,0.6833065,2.661056,0.1262861,0.03360078,-2.95215,0.1202294,-0.2122088,-0.02102195,0.9695724,12.95702,334.6947,354.5953,0.07835362,0.007830847,-0.9968946,-0.141167,-0.006346237,0.1330116,-1.284864,-0.6348547,-2.437575,-0.3556512,-0.245937,1.915,0.909051,-0.09179208,0.4064488,-0.01026289,0.970206,0.2420643,-0.4165586,-0.2242201,0.8810246,moving,-49.32903,-28.63689,-10.52103,-7.318244,-38.84097086718714,-25.504640368833627,44.27804796141443,33.65656048388339,39.61329518320822
05/18/2023 18:40:39.559237,1244,True,True,True,True,Eyes,0.1952634,0.02568743,-3.037555,-0.7106074,-0.3361917,0.6180714,0.0,0.0,0.0,0.0,0.0,0.0,0.0,1.056584,0.7008008,2.660826,0.1219566,0.033713,-2.944737,0.1234663,-0.2066374,-0.02207681,0.9703451,13.3257,335.3094,354.4642,0.07702864,0.007884768,-0.9969975,-0.132697,-0.005965463,0.1250309,-1.285876,-0.631301,-2.41732,-0.3595856,-0.2486578,1.915001,0.9136272,-0.09386977,0.3955677,-0.008181274,0.9685374,0.2487337,-0.4064707,-0.2304861,0.8841141,moving,-48.98394,-28.54339,-10.63477,-7.398311,-38.52122187733973,-25.409220826382658,43.79238753031331,33.19709431684152,39.17566759533614
05/18/2023 18:40:39.569267,1245,True,True,True,True,Eyes,0.1920481,0.0258366,-3.032894,-0.7065628,-0.3369005,0.6223078,0.0,0.0,0.0,0.0,0.0,0.0,0.0,1.025146,0.7036625,2.663682,0.1177547,0.03360701,-2.937052,0.1241444,-0.2009868,-0.02303373,0.9714227,13.41098,335.9639,354.4159,0.07574169,0.007940218,-0.9970956,-0.1247352,-0.005607536,0.117529,-1.286033,-0.6281496,-2.396076,-0.3633632,-0.2512699,1.915,0.9181474,-0.09465374,0.3847673,-0.005151791,0.9681153,0.2504523,-0.3962053,-0.2319344,0.888385,moving,-48.6279,-28.42991,-10.74391,-7.475156,-38.19165350820139,-25.294848603932003,43.29316820839768,32.72491509829538,38.73107114533977
05/18/2023 18:40:39.589250,1246,True,True,True,True,Eyes,0.1888068,0.02595876,-3.028117,-0.7023423,-0.3376261,0.6266769,0.0,0.0,0.0,0.0,0.0,0.0,0.0,0.9926847,0.7032422,2.667672,0.1136431,0.03320011,-2.929579,0.1243003,-0.1950369,-0.02335389,0.9726072,13.45496,336.6676,354.4586,0.07448777,0.007996379,-0.9971896,-0.1172511,-0.005271084,0.1104773,-1.285718,-0.6258909,-2.374276,-0.3672057,-0.2539269,1.915,0.9228305,-0.09391461,0.3735827,-0.003057957,0.968008,0.2509004,-0.3851943,-0.232681,0.8930201,moving,-48.25852,-28.31385,-10.85484,-7.553295,-37.84970488314672,-25.177756014863974,42.7789191243821,32.23886406379431,38.272942029107654
05/18/2023 18:40:39.599474,1247,True,True,True,True,Eyes,0.1855732,0.02606976,-3.023217,-0.6981432,-0.3385214,0.630872,0.0,0.0,0.0,0.0,0.0,0.0,0.0,0.9607025,0.7025403,2.6711,0.1096718,0.03267498,-2.922019,0.1244076,-0.1891754,-0.0236012,0.9737446,13.49455,337.3615,354.5099,0.07326241,0.008052356,-0.9972799,-0.110216,-0.004954819,0.1038487,-1.285746,-0.6225017,-2.352072,-0.3710933,-0.2566154,1.915,0.9273114,-0.09303279,0.3625447,-0.001106626,0.9679314,0.2512119,-0.3742894,-0.2333529,0.8974708,moving,-47.89769,-28.21769,-10.96699,-7.632329,-37.515340931758594,-25.079486279545858,42.28041733462811,31.768195326977853,37.82422711591755
05/18/2023 18:40:39.619414,1248,True,True,True,True,Eyes,0.1823222,0.02616127,-3.0182,-0.6938009,-0.3393505,0.635202,0.0,0.0,0.0,0.0,0.0,0.0,0.0,0.9298335,0.7018611,2.673692,0.1058181,0.03253889,-2.914374,0.124644,-0.1834802,-0.02351703,0.9748056,13.55493,338.0378,354.594,0.07206284,0.008107853,-0.9973669,-0.1036031,-0.004657529,0.09761773,-1.284829,-0.6213568,-2.329895,-0.3748971,-0.2592455,1.915,0.9315639,-0.09158845,0.3518525,0.0001096731,0.9678217,0.2516371,-0.3635775,-0.2343774,0.9015978,moving,-47.52467,-28.11293,-11.07663,-7.709617,-37.169783796769,-24.972887567429076,41.770262163620295,31.286949128128544,37.36702156468174
05/18/2023 18:40:39.638828,1249,True,True,True,True,Eyes,0.1790668,0.02622646,-3.013075,-0.6894929,-0.3401694,0.6394406,0.0,0.0,0.0,0.0,0.0,0.0,0.0,0.9006575,0.695013,2.676785,0.1020524,0.03214628,-2.906537,0.1236966,-0.1780913,-0.02380345,0.9759181,13.47124,338.685,354.6592,0.07088658,0.008162291,-0.9974507,-0.09738687,-0.004378078,0.09176067,-1.284101,-0.6221403,-2.308977,-0.3792492,-0.2622553,1.915,0.9354337,-0.09051903,0.3417163,0.002401851,0.9682651,0.249914,-0.3534939,-0.2329572,0.9059653,moving,-47.15694,-28.01207,-11.20198,-7.798028,-36.8290808581504,-24.87006050035933,41.247625902339685,30.792898403481576,36.89673063669066
05/18/2023 18:40:39.649896,1250,True,True,True,True,Eyes,0.1758061,0.02625638,-3.007843,-0.6850644,-0.3410007,0.6437432,0.0,0.0,0.0,0.0,0.0,0.0,0.0,0.8724916,0.6912593,2.678581,0.09846275,0.03155849,-2.898825,0.1232394,-0.1729311,-0.0242362,0.9768928,13.43846,339.297,354.692,0.06973051,0.008214975,-0.9975318,-0.09154366,-0.004115393,0.08625502,-1.283611,-0.6192572,-2.285973,-0.3826976,-0.2646397,1.915,0.9390149,-0.08997618,0.3318966,0.004728514,0.9684493,0.2491657,-0.343844,-0.2324009,0.9098138,moving,-46.78112,-27.91086,-11.30123,-7.868045,-36.48084664113783,-24.766720615740727,40.74968745323484,30.324549984471254,36.45058181121822
05/18/2023 18:40:39.669711,1251,True,True,True,True,Eyes,0.172554,0.026265,-3.002501,-0.6806499,-0.341953,0.6479072,0.0,0.0,0.0,0.0,0.0,0.0,0.0,0.8457021,0.6914282,2.678513,0.09498206,0.03074549,-2.890977,0.1234804,-0.1680352,-0.02444888,0.9777112,13.48789,339.8726,354.7306,0.06859282,0.008264925,-0.9976102,-0.08605104,-0.003868469,0.08107972,-1.283434,-0.6158705,-2.262852,-0.3865537,-0.2673063,1.915,0.9423329,-0.089306,0.3225418,0.00630979,0.9683097,0.2496729,-0.3346176,-0.2332398,0.9130335,moving,-46.41179,-27.82423,-11.41213,-7.94632,-36.13837976281243,-24.67717671319928,40.25055907790227,29.85479850360051,35.9992673755869
05/18/2023 18:40:39.688763,1252,True,True,True,True,Eyes,0.1693122,0.02626339,-2.997042,-0.6761249,-0.3428712,0.652146,0.0,0.0,0.0,0.0,0.0,0.0,0.0,0.8199061,0.6936647,2.677236,0.09170553,0.03033065,-2.882998,0.1242427,-0.1632914,-0.02411079,0.9784266,13.60639,340.4318,354.8197,0.06747119,0.008311778,-0.9976863,-0.08088797,-0.003636361,0.07621494,-1.282314,-0.6162007,-2.240251,-0.3904429,-0.2699956,1.915,0.9455092,-0.08775681,0.3135461,0.006605743,0.9679648,0.2509989,-0.3255284,-0.2352506,0.9157993,moving,-46.03423,-27.73353,-11.52389,-8.025229,-35.78832255560169,-24.583634733856947,39.741422913909375,29.375899776728026,35.53975019989901
05/18/2023 18:40:39.703796,1253,True,True,True,True,Eyes,0.1660682,0.02625672,-2.991469,-0.6716001,-0.3437963,0.6563211,0.0,0.0,0.0,0.0,0.0,0.0,0.0,0.7946174,0.6885431,2.677182,0.08862487,0.03006965,-2.874726,0.1237039,-0.1586317,-0.02396533,0.9792646,13.57243,340.9914,354.9135,0.06636481,0.008355518,-0.9977601,-0.07603469,-0.003418179,0.07164204,-1.281066,-0.6183035,-2.218858,-0.3943567,-0.272702,1.915,0.9485233,-0.0861835,0.3047555,0.007690084,0.968246,0.249881,-0.3166139,-0.2346743,0.9190667,moving,-45.65921,-27.64659,-11.63627,-8.104608,-35.4405598722153,-24.49367039857318,39.23581918007988,28.90061560978896,35.08274999153309
05/18/2023 18:40:39.719231,1254,True,True,True,True,Eyes,0.1628449,0.02622337,-2.985785,-0.6669674,-0.3446618,0.6605776,0.0,0.0,0.0,0.0,0.0,0.0,0.0,0.7685313,0.6803383,2.677746,0.08561101,0.02978516,-2.866288,0.1225841,-0.1538328,-0.02405851,0.9801683,13.46811,341.5693,354.993,0.06527174,0.008396333,-0.9978319,0.0,0.0,0.0,-1.280266,-0.6181905,-2.196343,-0.3981799,-0.2753457,1.915,0.9515133,-0.08487768,0.2956657,0.009447861,0.9687887,0.247708,-0.3074625,-0.2329041,0.9226172,moving,-45.27578,-27.55367,-11.74597,-8.182121,-35.08507579995263,-24.39791603682097,38.723443407004766,28.41946284181969,34.62117594593986
05/18/2023 18:40:39.741031,1255,True,True,True,True,Eyes,0.1596545,0.02616145,-2.979988,-0.6623825,-0.3455874,0.6646945,0.0,0.0,0.0,0.0,0.0,0.0,0.0,0.7424365,0.6745487,2.677511,0.08279941,0.02909744,-2.857899,0.1218129,-0.149076,-0.02423864,0.9809947,13.40123,342.1369,355.0537,0.06419101,0.008433667,-0.9979017,0.0,0.0,0.0,-1.279962,-0.6159222,-2.17309,-0.4020114,-0.2779955,1.915,0.9543777,-0.08387472,0.2865804,0.01123719,0.9691482,0.2462224,-0.2983907,-0.2317688,0.9258759,moving,-44.90018,-27.47078,-11.85581,-8.259777,-34.73669496114889,-24.31172936968707,38.2229384658337,27.94995655603121,34.16838242062327
05/18/2023 18:40:39.741031,1256,True,True,True,True,Eyes,0.1564913,0.02607851,-2.974081,-0.6577054,-0.3465149,0.6688431,0.0,0.0,0.0,0.0,0.0,0.0,0.0,0.7166025,0.6743339,2.6755,0.08008057,0.02834868,-2.849443,0.1220706,-0.1443769,-0.02414312,0.9816676,13.45574,342.6912,355.125,0.06312224,0.008466947,-0.9979696,0.0,0.0,0.0,-1.279856,-0.6127809,-2.149528,-0.4057411,-0.2805744,1.915,0.9571449,-0.08264937,0.2775659,0.01215271,0.9690318,0.2466369,-0.2893545,-0.232694,0.9285082,moving,-44.51896,-27.38782,-11.96264,-8.335328,-34.38307893472943,-24.22534852098514,37.72149815890753,27.480335408856643,33.71500876206838
05/18/2023 18:40:39.770054,1257,True,True,True,True,Eyes,0.153322,0.02596412,-2.968089,-0.6530806,-0.3475194,0.6728417,0.0,0.0,0.0,0.0,0.0,0.0,0.0,0.691168,0.6749209,2.672806,0.07749143,0.02776855,-2.840836,0.1224409,-0.1398325,-0.02465932,0.9822663,13.51163,343.2177,355.1217,0.06206556,0.008495886,-0.9980356,0.0,0.0,0.0,-1.280107,-0.6083531,-2.125556,-0.4096885,-0.2833042,1.915,0.9596775,-0.0826865,0.268667,0.01420159,0.9688003,0.2474355,-0.2807443,-0.2336428,0.9309101,moving,-44.14614,-27.31613,-12.07563,-8.415271,-34.03707345004872,-24.149709100691137,37.22579861598648,27.016245867147582,33.26428439490538
05/18/2023 18:40:39.789063,1258,True,True,True,True,Eyes,0.1501963,0.02579935,-2.961991,-0.6483614,-0.3485699,0.6768504,0.0,0.0,0.0,0.0,0.0,0.0,0.0,0.6656649,0.6770159,2.669812,0.07512154,0.02686497,-2.832489,0.1230169,-0.1353012,-0.02524475,0.9828138,13.5901,343.7396,355.1068,0.06101771,0.008519921,-0.9981,0.0,0.0,0.0,-1.280603,-0.6009449,-2.100133,-0.4136761,-0.286062,1.915,0.9621125,-0.08291045,0.2597408,0.01633311,0.9684591,0.2486367,-0.2721629,-0.2349741,0.9331209,moving,-43.76846,-27.24793,-12.18966,-8.496,-33.68647259468057,-24.07722518601029,36.726768005977604,26.54971807812615,32.809791983587814
05/18/2023 18:40:39.799555,1259,True,True,True,True,Eyes,0.1470903,0.02558082,-2.955794,-0.6436607,-0.349682,0.680752,0.0,0.0,0.0,0.0,0.0,0.0,0.0,0.6414706,0.6800127,2.665724,0.07296728,0.02549981,-2.823829,0.1237756,-0.1309645,-0.02509158,0.9833099,13.70054,344.2468,355.1722,0.05998051,0.008537831,-0.9981627,0.0,0.0,0.0,-1.278063,-0.6018786,-2.075854,-0.4174307,-0.2886581,1.915,0.9644374,-0.08176602,0.2513459,0.01692518,0.9681,0.2499918,-0.2637688,-0.2368473,0.9350558,moving,-43.3958,-27.18822,-12.29695,-8.571961,-33.34038626400078,-24.012803140861354,36.24504890985224,26.100686117726152,32.36998055167703
05/18/2023 18:40:39.819418,1260,True,True,True,True,Eyes,0.1440374,0.02531647,-2.949494,-0.6388937,-0.3507344,0.6846898,0.0,0.0,0.0,0.0,0.0,0.0,0.0,0.6166492,0.6817088,2.66182,0.07093464,0.02396876,-2.815078,0.1242609,-0.1265277,-0.0251079,0.9838291,13.77733,344.7659,355.225,0.05895292,0.008548431,-0.9982239,0.0,0.0,0.0,-1.277267,-0.5961787,-2.049737,-0.4213437,-0.2913639,1.915,0.9667207,-0.08084866,0.2427234,0.01795889,0.9678576,0.2508566,-0.2552031,-0.2381493,0.9371,moving,-43.01835,-27.12393,-12.40867,-8.651106,-32.989924671547044,-23.943984392664103,35.75189136587568,25.640986201546333,31.920739309693754
05/18/2023 18:40:39.849206,1261,True,True,True,True,Eyes,0.1410475,0.02498937,-2.943095,-0.6342005,-0.3517176,0.688538,0.0,0.0,0.0,0.0,0.0,0.0,0.0,0.5932487,0.6787314,2.658535,0.06909242,0.0226001,-2.806268,0.1238732,-0.1223876,-0.02564032,0.9843878,13.74508,345.2503,355.2284,0.05793569,0.008550907,-0.9982834,0.0,0.0,0.0,-1.276057,-0.5904617,-2.023898,-0.4251645,-0.2940059,1.915,0.9687277,-0.08080111,0.2346013,0.02015895,0.967996,0.2501546,-0.2473059,-0.2376024,0.9393534,moving,-42.64764,-27.05876,-12.51766,-8.728347,-32.64576007894181,-23.87449623199384,35.26782861973457,25.19020145504448,31.480577381056943
05/18/2023 18:40:39.859000,1262,True,True,True,True,Eyes,0.1381137,0.02458706,-2.936602,-0.6294591,-0.3526481,0.6924021,0.0,0.0,0.0,0.0,0.0,0.0,0.0,0.5696088,0.674345,2.655514,0.06741263,0.02076696,-2.797495,0.1231519,-0.1181968,-0.0261277,0.9849775,13.67577,345.7437,355.2428,0.05692957,0.008543937,-0.9983413,0.0,0.0,0.0,-1.273748,-0.5903419,-1.999735,-0.4291638,-0.2967716,1.915,0.9706937,-0.0805827,0.226407,0.02235808,0.9683019,0.24878,-0.2392777,-0.2364272,0.9417263,moving,-42.27381,-26.99025,-12.63164,-8.809175,-32.29875247665318,-23.80181028443972,34.773693080610876,24.73003085201379,31.031893109466896
05/18/2023 18:40:39.869284,1263,True,True,True,True,Eyes,0.1351988,0.02415391,-2.930025,-0.6248299,-0.3540327,0.6958796,0.0,0.0,0.0,0.0,0.0,0.0,0.0,0.5484017,0.6722461,2.651254,0.06577238,0.01853824,-2.788752,0.1227809,-0.1144465,-0.02653845,0.9854555,13.64561,346.183,355.2537,0.05593483,0.008525892,-0.9983977,0.0,0.0,0.0,-1.271907,-0.5912573,-1.977897,-0.4333769,-0.2996852,1.915,0.9723954,-0.08040861,0.219047,0.02420124,0.9684411,0.2480647,-0.2320807,-0.2359158,0.9436537,moving,-41.92065,-26.96498,-12.75161,-8.894285,-31.970174607304784,-23.770071736758023,34.31301374558383,24.303132649982675,30.604595759891012
05/18/2023 18:40:39.888870,1264,True,True,True,True,Eyes,0.1323533,0.02369506,-2.923338,-0.620183,-0.3552546,0.6994049,0.0,0.0,0.0,0.0,0.0,0.0,0.0,0.5269305,0.6773555,2.644929,0.06431292,0.01735131,-2.77987,0.1239006,-0.1107581,-0.02733751,0.985715,13.78067,346.597,355.1958,0.0549505,0.008496786,-0.9984527,0.0,0.0,0.0,-1.269249,-0.5862162,-1.951531,-0.4366746,-0.3019656,1.915,0.9739706,-0.08133998,0.2115775,0.02644799,0.9678026,0.2503171,-0.225126,-0.2382057,0.9447625,moving,-41.56435,-26.92776,-12.84544,-8.960868,-31.63890034221396,-23.727075673670956,33.87602396574551,23.900523858199175,30.203538689101055
05/18/2023 18:40:39.899380,1265,True,True,True,True,Eyes,0.1295489,0.02319526,-2.916558,-0.6156372,-0.3563401,0.7028604,0.0,0.0,0.0,0.0,0.0,0.0,0.0,0.5087229,0.6666506,2.641406,0.06307548,0.01626693,-2.770561,0.1221725,-0.1075354,-0.02771696,0.9862767,13.59344,346.9854,355.2228,0.05397866,0.008456848,-0.998506,0.0,0.0,0.0,-1.269892,-0.5684587,-1.921495,-0.4404798,-0.3045969,1.915,0.9753358,-0.08094893,0.2053469,0.02839743,0.9686112,0.246953,-0.2188919,-0.2350307,0.94702,moving,-41.2152,-26.88435,-12.95361,-9.03767,-31.31440701480376,-23.67844923267697,33.42486284714569,23.48342572025666,29.790444846020687
05/18/2023 18:40:39.919344,1266,True,True,True,True,Eyes,0.1268195,0.02266312,-2.90969,-0.6111273,-0.3572438,0.7063287,0.0,0.0,0.0,0.0,0.0,0.0,0.0,0.4952643,0.6436612,2.640037,0.06193781,0.01471923,-2.7614,0.1180698,-0.1050718,-0.02792034,0.9870359,13.13293,347.3051,355.2921,0.053019,0.008405721,-0.9985579,0.0,0.0,0.0,-1.261446,-0.587086,-1.902568,-0.4445035,-0.3073792,1.915,0.9763607,-0.07992837,0.2008262,0.03030513,0.97056,0.2389456,-0.2140124,-0.227211,0.9500388,moving,-40.86691,-26.82917,-13.0679,-9.118842,-30.990940905365008,-23.61882533504439,32.961199535934426,23.053956537044833,29.368379859437617
05/18/2023 18:40:39.939165,1267,True,True,True,True,Eyes,0.1240803,0.02208732,-2.902752,-0.6066471,-0.3583598,0.7096179,0.0,0.0,0.0,0.0,0.0,0.0,0.0,0.4807978,0.6333845,2.635788,0.06097215,0.01338628,-2.752422,0.1162814,-0.1026114,-0.02887919,0.9874794,12.92787,347.5954,355.2388,0.05207242,0.008343361,-0.9986082,0.0,0.0,0.0,-1.254428,-0.5986736,-1.882821,-0.448416,-0.3100847,1.915,0.9772738,-0.0808988,0.195937,0.03317163,0.9712892,0.2355776,-0.2093695,-0.2237243,0.9518991,moving,-40.52689,-26.79395,-13.17892,-9.197739,-30.67479742324169,-23.57807404326755,32.519810956975455,22.64729040670709,28.96314467099579
05/18/2023 18:40:39.949201,1268,True,True,True,True,Eyes,0.1214183,0.0214843,-2.895736,-0.6022224,-0.35933,0.7128886,0.0,0.0,0.0,0.0,0.0,0.0,0.0,0.4673867,0.6258144,2.630575,0.06015374,0.01166834,-2.743403,0.114919,-0.1003837,-0.02985437,0.9878388,12.77067,347.8547,355.1737,0.05113612,0.008269267,-0.9986572,0.0,0.0,0.0,-1.257634,-0.5546888,-1.843177,-0.452198,-0.3127002,1.915,0.9780636,-0.08205461,0.1914642,0.03591061,0.9718047,0.2330368,-0.2051875,-0.2210492,0.9534335,moving,-40.18991,-26.75029,-13.28615,-9.273976,-30.361648499625723,-23.52949220189121,32.08167472505443,22.2439293110076,28.563225146789577
05/18/2023 18:40:39.969925,1269,True,True,True,True,Eyes,0.1188156,0.02095199,-2.888647,-0.5977647,-0.3608136,0.7158847,0.0,0.0,0.0,0.0,0.0,0.0,0.0,0.4568692,0.6166723,2.625305,0.05931695,0.01039034,-2.734522,0.1133839,-0.09856703,-0.03003628,0.9881936,12.60153,348.0771,355.1969,0.05021228,0.008183664,-0.9987049,0.0,0.0,0.0,-1.250896,-0.5566159,-1.818669,-0.4559355,-0.3152848,1.915,0.9787648,-0.08171514,0.1879953,0.03701147,0.9724839,0.2300117,-0.2016179,-0.2181694,0.9548572,moving,-39.86193,-26.7486,-13.39202,-9.349283,-30.05607996163409,-23.52040183246007,31.676369228094764,21.87490579108035,28.185442349221894
05/18/2023 18:40:39.989035,1270,True,True,True,True,Eyes,0.1163051,0.02052426,-2.881449,-0.5933293,-0.3620668,0.7189353,0.0,0.0,0.0,0.0,0.0,0.0,0.0,0.4436006,0.6199843,2.617441,0.05874838,0.01157799,-2.725541,0.11467,-0.09631368,-0.02982188,0.9882739,12.76226,348.3342,355.234,0.04930084,0.008090017,-0.998751,0.0,0.0,0.0,-1.23466,-0.6026177,-1.805901,-0.459883,-0.3180141,1.915,0.9796687,-0.08103294,0.1835292,0.03685579,0.9719229,0.2323952,-0.1972079,-0.2209062,0.955149,moving,-39.53247,-26.73052,-13.50374,-9.428766,-29.74944697694528,-23.49593594991545,31.2545273022872,21.489724651111114,27.795985325534783
05/18/2023 18:40:39.999440,1271,True,True,True,True,Eyes,0.1138626,0.02007868,-2.874144,-0.5889912,-0.3628521,0.7220995,0.0,0.0,0.0,0.0,0.0,0.0,0.0,0.433729,0.597603,2.614125,0.05841691,0.01361799,-2.715751,0.111385,-0.09444626,-0.028633,0.9888647,12.40854,348.5924,355.4387,0.0484042,0.007992771,-0.9987956,0.0,0.0,0.0,-1.230893,-0.6008162,-1.782526,-0.4636444,-0.3206154,1.915,0.9805201,-0.07766813,0.1804106,0.03558853,0.973547,0.225698,-0.1931677,-0.2148809,0.9573466,moving,-39.20291,-26.67935,-13.61009,-9.50449,-29.443355902511968,-23.440494344133224,30.821554983030953,21.09276004271011,27.40349661535114
05/18/2023 18:40:40.024063,1272,True,True,True,True,Eyes,0.1115265,0.0196737,-2.866816,-0.5847893,-0.3636045,0.7251298,0.0,0.0,0.0,0.0,0.0,0.0,0.0,0.4302478,0.5463887,2.615615,0.05824441,0.01261327,-2.705835,0.1021193,-0.09357176,-0.02684897,0.9899976,11.37158,348.7801,355.7724,0.04752269,0.007891591,-0.9988387,0.0,0.0,0.0,-1.224298,-0.5937747,-1.754697,-0.4674931,-0.3232768,1.915,0.981047,-0.0722718,0.179788,0.03404987,0.9777015,0.2072203,-0.1907552,-0.1971711,0.9616319,moving,-38.88484,-26.63073,-13.71882,-9.58193,-29.1479218906402,-23.38770267171007,30.397206188733858,20.704022416300983,27.01855251757565
05/18/2023 18:40:40.039156,1273,True,True,True,True,Eyes,0.1092972,0.01945338,-2.859396,-0.5806889,-0.3649381,0.7277503,0.0,0.0,0.0,0.0,0.0,0.0,0.0,0.4315715,0.5395332,2.608663,0.05846069,0.01317985,-2.69794,0.1013667,-0.09390759,-0.02498993,0.9900918,11.30496,348.767,355.993,0.04665842,0.007788254,-0.9988804,0.0,0.0,0.0,-1.209815,-0.6221759,-1.737284,-0.4715261,-0.3260655,1.915,0.9811137,-0.06852283,0.180888,0.03044645,0.9782006,0.2054181,-0.1910205,-0.1960311,0.9618123,moving,-38.58718,-26.63196,-13.83264,-9.663033,-28.87054848841109,-23.38203964545916,30.012193091190934,20.355584861260528,26.6602240434722
05/18/2023 18:40:40.049396,1274,True,True,True,True,Eyes,0.1071558,0.01929468,-2.851847,-0.576892,-0.3653787,0.7305437,0.0,0.0,0.0,0.0,0.0,0.0,0.0,0.4222961,0.5681549,2.594176,0.05824639,0.01752447,-2.688342,0.1078523,-0.09280863,-0.02685136,0.9894612,12.03137,348.8307,355.7103,0.04581237,0.007689289,-0.9989203,0.0,0.0,0.0,-1.199182,-0.6327167,-1.71476,-0.4754967,-0.3288113,1.915,0.9813311,-0.07315601,0.1778691,0.0331175,0.9752938,0.2184154,-0.1894531,-0.2084473,0.9595089,moving,-38.29726,-26.57175,-13.9446,-9.742855,-28.601566163999536,-23.319043754718685,29.601752583193875,19.97847737532511,26.290516801985714
05/18/2023 18:40:40.069033,1275,True,True,True,True,Eyes,0.1050663,0.01922448,-2.844227,-0.5732067,-0.36565,0.7333037,0.0,0.0,0.0,0.0,0.0,0.0,0.0,0.4290076,0.5075788,2.594715,0.05825249,0.01867388,-2.677776,0.09678508,-0.09425417,-0.02939993,0.9903961,10.72929,348.7078,355.5355,0.04498693,0.007596568,-0.9989585,0.0,0.0,0.0,-1.191911,-0.6276761,-1.688591,-0.479302,-0.3314427,1.915,0.9805036,-0.07647996,0.181007,0.03999037,0.9795367,0.1972533,-0.1923889,-0.186169,0.9634976,moving,-38.01392,-26.50239,-14.05179,-9.81931,-28.338890480459952,-23.24763377022181,29.197753893464128,19.607170102201465,25.928736174175924
05/18/2023 18:40:40.089496,1276,True,True,True,True,Eyes,0.1030387,0.01923509,-2.836503,-0.5696978,-0.3655772,0.7360691,0.0,0.0,0.0,0.0,0.0,0.0,0.0,0.4272557,0.4764816,2.591165,0.05828466,0.02063432,-2.668313,0.09141448,-0.09423449,-0.03188736,0.9908313,10.08697,348.7206,355.3148,0.0441802,0.007512412,-0.998995,0.0,0.0,0.0,-1.181637,-0.6317356,-1.664145,-0.4831662,-0.3341151,1.915,0.9802061,-0.0804188,0.180911,0.0459612,0.9812532,0.1871624,-0.1925709,-0.1751429,0.9655265,moving,-37.73891,-26.41182,-14.16053,-9.896925,-28.08438349437099,-23.15656115969691,28.78683310622106,19.227367142181713,25.564349872089995
05/18/2023 18:40:40.109063,1277,True,True,True,True,Eyes,0.1010512,0.01923504,-2.828688,-0.5661019,-0.3651153,0.7390666,0.0,0.0,0.0,0.0,0.0,0.0,0.0,0.4193873,0.4596329,2.585015,0.05774822,0.02252078,-2.658122,0.08862184,-0.09322117,-0.036417,0.9910246,9.721729,348.8131,354.8366,0.04339329,0.007438938,-0.9990301,0.0,0.0,0.0,-1.171121,-0.6391056,-1.641993,-0.4870102,-0.3367729,1.915,0.9799672,-0.08870313,0.1783143,0.05565741,0.9816399,0.1824425,-0.1912236,-0.1688632,0.966912,moving,-37.45098,-26.29039,-14.26861,-9.974079,-27.81843036455058,-23.036306697263555,28.34862048611221,18.82071795460388,25.180505241692305
05/18/2023 18:40:40.124459,1278,True,True,True,True,Eyes,0.09914049,0.0192278,-2.820828,-0.5624655,-0.3647829,0.7420013,0.0,0.0,0.0,0.0,0.0,0.0,0.0,0.4125724,0.409209,2.584266,0.05735223,0.02211572,-2.648079,0.0791491,-0.09193047,-0.03851555,0.9918672,8.62283,349.0112,354.7215,0.04262466,0.007374662,-0.9990636,0.0,0.0,0.0,-1.162288,-0.6442829,-1.62083,-0.4908481,-0.3394271,1.915,0.9801306,-0.09095704,0.1762687,0.06185218,0.9845039,0.1640923,-0.1884626,-0.1499293,0.9705685,moving,-37.16353,-26.17967,-14.37641,-10.05109,-27.55271892895236,-22.926088169933774,27.917448499295205,18.422287992184568,24.80105603871808
05/18/2023 18:40:40.139372,1279,True,True,True,True,Eyes,0.09729812,0.01925506,-2.812894,-0.5586635,-0.3647849,0.7448671,0.0,0.0,0.0,0.0,0.0,0.0,0.0,0.3998796,0.411204,2.576794,0.05724151,0.0219592,-2.639148,0.07995271,-0.08970872,-0.03705376,0.9920619,8.742152,349.2759,354.8998,0.04187496,0.007318438,-0.9990957,0.0,0.0,0.0,-1.153992,-0.6551656,-1.603825,-0.4948871,-0.3422203,1.915,0.9811587,-0.08786417,0.1720681,0.05917434,0.9844692,0.1652842,-0.1839183,-0.151988,0.9711198,moving,-36.87055,-26.09245,-14.48975,-10.1321,-27.281403792466257,-22.83773989184872,27.48877917919419,18.02941185418021,24.419513549147112
05/18/2023 18:40:40.150823,1280,True,True,True,True,Eyes,0.09554352,0.01928922,-2.804883,-0.5548345,-0.3646384,0.7477952,0.0,0.0,0.0,0.0,0.0,0.0,0.0,0.3836627,0.4216421,2.567648,0.0569151,0.02291431,-2.629455,0.08260299,-0.08686934,-0.03600397,0.9921363,9.070609,349.5965,355.0159,0.04114474,0.007270736,-0.9991264,0.0,0.0,0.0,-1.145824,-0.6638119,-1.586177,-0.4986514,-0.3448229,1.915,0.9823148,-0.08579302,0.1664244,0.05709035,0.9837609,0.1701621,-0.1783205,-0.1576515,0.971261,moving,-36.57396,-25.99469,-14.59527,-10.20754,-27.00692726797115,-22.73944314949098,27.060985186031196,17.63796566177072,24.040985373252138
05/18/2023 18:40:40.168998,1281,True,True,True,True,Eyes,0.0938668,0.01929261,-2.796825,-0.5508429,-0.3647621,0.7506801,0.0,0.0,0.0,0.0,0.0,0.0,0.0,0.37169,0.4031538,2.562322,0.05722487,0.02308144,-2.619613,0.07955158,-0.08469398,-0.03453771,0.9926257,8.747461,349.8819,355.2386,0.04043467,0.007230967,-0.9991556,0.0,0.0,0.0,-1.137327,-0.6719869,-1.56862,-0.5024083,-0.3474213,1.915,0.9832681,-0.08204111,0.1626438,0.05509096,0.9849574,0.1637801,-0.1736339,-0.1520796,0.972997,moving,-36.27092,-25.91553,-14.70049,-10.28282,-26.726083861162905,-22.65840901795693,26.639539641836905,17.256016668252705,23.665225674012003
05/18/2023 18:40:40.188856,1282,True,True,True,True,Eyes,0.09229893,0.01933119,-2.788707,-0.5467067,-0.3653254,0.7534249,0.0,0.0,0.0,0.0,0.0,0.0,0.0,0.3550245,0.4091224,2.554273,0.05799087,0.02235083,-2.610339,0.0810715,-0.08183277,-0.03254865,0.9928099,8.954501,350.2217,355.477,0.03974638,0.007197328,-0.9991835,0.0,0.0,0.0,-1.128015,-0.6889437,-1.555479,-0.5062244,-0.35006,1.915,0.984488,-0.07789785,0.1572112,0.05136064,0.984736,0.1663043,-0.1677663,-0.15565,0.9734616,moving,-35.96571,-25.86811,-14.80726,-10.35923,-26.44260934294696,-22.60703499368627,26.233668543627296,16.893492282408115,23.29861512070243
05/18/2023 18:40:40.199374,1283,True,True,True,True,Eyes,0.09086771,0.01941902,-2.780509,-0.5424359,-0.3659457,0.7562057,0.0,0.0,0.0,0.0,0.0,0.0,0.0,0.3289935,0.4364742,2.543501,0.05897011,0.02332911,-2.600792,0.08704384,-0.07743798,-0.03205347,0.992673,9.662708,350.6994,355.5133,0.03907973,0.007170411,-0.9992099,0.0,0.0,0.0,-1.119659,-0.7014702,-1.541219,-0.5101756,-0.3527921,1.915,0.9859518,-0.07711823,0.148161,0.05015624,0.9827919,0.1777764,-0.1593213,-0.1678478,0.9728535,moving,-35.65235,-25.82343,-14.9177,-10.43831,-26.151488334819177,-22.55803912977394,25.819132983833903,16.525308908780207,22.923809477584722
05/18/2023 18:40:40.224219,1284,True,True,True,True,Eyes,0.0895353,0.01950179,-2.772262,-0.5380542,-0.3664725,0.7590755,0.0,0.0,0.0,0.0,0.0,0.0,0.0,0.3026626,0.4371498,2.536474,0.05999969,0.02476649,-2.59079,0.08788985,-0.07288493,-0.03299971,0.9929121,9.771738,351.2135,355.4404,0.03843827,0.007151398,-0.999235,0.0,0.0,0.0,-1.111094,-0.7060114,-1.522596,-0.5140209,-0.3554514,1.915,0.9871976,-0.0783433,0.138936,0.05271992,0.9823728,0.1793441,-0.1505373,-0.1697234,0.9739264,moving,-35.3301,-25.77069,-15.02507,-10.51525,-25.85223861045564,-22.501295295671376,25.397296960395213,16.152178241621833,22.544161148243564
05/18/2023 18:40:40.238984,1285,True,True,True,True,Eyes,0.08831431,0.01956147,-2.763998,-0.5335141,-0.3673489,0.7618514,0.0,0.0,0.0,0.0,0.0,0.0,0.0,0.276317,0.4302232,2.531098,0.06097675,0.0247124,-2.581389,0.08694972,-0.06823959,-0.0341414,0.9932863,9.675758,351.7471,355.3631,0.03782313,0.007139362,-0.9992586,0.0,0.0,0.0,-1.101003,-0.7105224,-1.502875,-0.5180743,-0.3582544,1.915,0.9883554,-0.07969119,0.1296257,0.05595754,0.9825482,0.1773915,-0.1415,-0.1680723,0.9755663,moving,-35.00303,-25.7424,-15.13814,-10.5963,-25.54802850676569,-22.4673271991691,24.980356280928024,15.788827235950901,22.165391852510176
05/18/2023 18:40:40.249113,1286,True,True,True,True,Eyes,0.08719718,0.01962608,-2.755717,-0.5288642,-0.3686788,0.7644466,0.0,0.0,0.0,0.0,0.0,0.0,0.0,0.2476774,0.4520791,2.52143,0.06242164,0.02432792,-2.572711,0.09159633,-0.06341991,-0.03529109,0.993148,10.22191,352.2661,355.237,0.03723561,0.007132796,-0.9992807,0.0,0.0,0.0,-1.090558,-0.7149071,-1.483179,-0.5217937,-0.3608263,1.915,0.9894649,-0.0817166,0.1195056,0.05848049,0.9807293,0.1864137,-0.1324358,-0.1774611,0.975176,moving,-34.6765,-25.74718,-15.24178,-10.67063,-25.243686854198863,-22.464326178132737,24.596965288037058,15.463809694320897,21.813450953873073
05/18/2023 18:40:40.269181,1287,True,True,True,True,Eyes,0.08625631,0.01971772,-2.747411,-0.5241539,-0.3702198,0.7669419,0.0,0.0,0.0,0.0,0.0,0.0,0.0,0.2174058,0.4872829,2.508788,0.06373369,0.02461474,-2.563993,0.09905284,-0.05838516,-0.0369454,0.9926807,11.08947,352.7858,355.0359,0.036675,0.007131347,-0.9993014,0.0,0.0,0.0,-1.07997,-0.7198358,-1.464132,-0.5254577,-0.36336,1.915,0.9904524,-0.08491639,0.1085965,0.06178352,0.9776472,0.2009698,-0.1232347,-0.1923416,0.9735594,moving,-34.35002,-25.76763,-15.34378,-10.74382,-24.939091040130613,-22.475993987144022,24.22709280647804,15.156315529226465,21.472499382259485
05/18/2023 18:40:40.289112,1288,True,True,True,True,Eyes,0.08541718,0.01981886,-2.739085,-0.5193403,-0.3718413,0.7694283,0.0,0.0,0.0,0.0,0.0,0.0,0.0,0.1882571,0.511133,2.497477,0.06528626,0.02554758,-2.555225,0.1044542,-0.05353473,-0.03891722,0.9923249,11.72053,353.2918,354.8189,0.03614609,0.007135529,-0.9993207,0.0,0.0,0.0,-1.071023,-0.720537,-1.444028,-0.529439,-0.3661131,1.915,0.991239,-0.08842092,0.09811756,0.06605323,0.9751496,0.2114718,-0.1143778,-0.2031381,0.9724467,moving,-34.01814,-25.79307,-15.4545,-10.82331,-24.629367912066883,-22.492208993633703,23.84748298054116,14.843901270471324,21.122535402590174
05/18/2023 18:40:40.299489,1289,True,True,True,True,Eyes,0.08481015,0.01994258,-2.730736,-0.5153452,-0.3705285,0.7727405,0.0,0.0,0.0,0.0,0.0,0.0,0.0,0.1590803,0.5197666,2.488734,0.06682418,0.02591038,-2.546394,0.1067902,-0.04850902,-0.04068444,0.9922639,12.00406,353.8401,354.6559,0.03564855,0.007145167,-0.9993385,0.0,0.0,0.0,-1.062578,-0.7226893,-1.425452,-0.5333632,-0.3688269,1.915,0.9919833,-0.09109996,0.0875781,0.07037882,0.9738813,0.2158752,-0.1049569,-0.2079809,0.9724855,moving,-33.69955,-25.61769,-15.56351,-10.90162,-24.335882249956583,-22.32075348314735,23.355484647647543,14.39969181606833,20.697538482410746
05/18/2023 18:40:40.319517,1290,True,True,True,True,Eyes,0.08431028,0.02005284,-2.72236,-0.5110846,-0.3694054,0.7761006,0.0,0.0,0.0,0.0,0.0,0.0,0.0,0.1281949,0.5289972,2.479603,0.06874403,0.02622375,-2.537575,0.109303,-0.04314455,-0.04189476,0.9921877,12.31482,354.4332,354.5633,0.03518845,0.007160568,-0.9993547,0.0,0.0,0.0,-1.054675,-0.7278243,-1.408692,-0.5375154,-0.3716982,1.915,0.9927667,-0.09256657,0.07645655,0.07370326,0.9725954,0.2205132,-0.09477343,-0.2132831,0.9723828,moving,-33.36605,-25.45333,-15.67874,-10.98443,-24.0282924366471,-22.15927175463273,22.851477025481312,13.949627741750051,20.2596140090555
05/18/2023 18:40:40.338926,1291,True,True,True,True,Eyes,0.08407796,0.02014417,-2.713957,-0.5066348,-0.368347,0.7795138,0.0,0.0,0.0,0.0,0.0,0.0,0.0,0.09389199,0.5321509,2.471254,0.07072231,0.02603041,-2.528521,0.1105873,-0.03690945,-0.04187253,0.9922978,12.49651,355.1519,354.6363,0.03476499,0.007180735,-0.9993686,0.0,0.0,0.0,-1.045757,-0.7348723,-1.392815,-0.5410885,-0.374169,1.915,0.9937688,-0.09126347,0.06398918,0.07493661,0.9720342,0.2225621,-0.08251148,-0.2163802,0.9728162,moving,-33.02132,-25.29234,-15.77779,-11.05565,-23.71017419934476,-22.000687378558133,22.36118666388258,13.517269040159299,19.834404637643594
05/18/2023 18:40:40.349508,1292,True,True,True,True,Eyes,0.08395433,0.02022553,-2.705539,-0.5019153,-0.3675177,0.7829507,0.0,0.0,0.0,0.0,0.0,0.0,0.0,0.05933092,0.5340251,2.462896,0.07319558,0.0258563,-2.519629,0.1116329,-0.03057008,-0.04091576,0.9924363,12.65474,355.8969,354.8232,0.0343849,0.007204528,-0.999381,0.0,0.0,0.0,-1.03751,-0.7372531,-1.374967,-0.5449743,-0.3768558,1.915,0.9947827,-0.08803781,0.05154261,0.07438731,0.971728,0.2240787,-0.06981279,-0.2190755,0.9732071,moving,-32.66215,-25.1454,-15.88539,-11.13306,-23.378331587451683,-21.85492373352364,21.858759076699663,13.0806167879505,19.395827436645952
05/18/2023 18:40:40.374895,1293,True,True,True,True,Eyes,0.08394589,0.0202975,-2.6971,-0.497004,-0.3668316,0.7863978,0.0,0.0,0.0,0.0,0.0,0.0,0.0,0.02341337,0.5404428,2.453088,0.07558092,0.02572282,-2.510756,0.1136202,-0.02403707,-0.04094542,0.9923892,12.91718,356.6467,354.895,0.03404789,0.007231255,-0.999392,0.0,0.0,0.0,-1.028882,-0.7372571,-1.355707,-0.5487232,-0.3794483,1.915,0.9954913,-0.08672976,0.03840381,0.07580538,0.9708279,0.2274792,-0.05701271,-0.2235424,0.9730254,moving,-32.29292,-25.00768,-15.9891,-11.20772,-23.03693844168617,-21.717560036894483,21.360089948172035,12.654199472950456,18.959729498651
05/18/2023 18:40:40.389427,1294,True,True,True,True,Eyes,0.08404657,0.02036212,-2.688646,-0.4918765,-0.3662938,0.7898648,0.0,0.0,0.0,0.0,0.0,0.0,0.0,-0.01253222,0.5466807,2.442663,0.07826294,0.0256149,-2.501767,0.1156238,-0.01765056,-0.04232042,0.9922342,13.17687,357.362,354.8107,0.03375395,0.007260311,-0.9994016,0.0,0.0,0.0,-1.020218,-0.7386792,-1.33726,-0.5525122,-0.3820686,1.915,0.9957948,-0.08806519,0.02524049,0.07990189,0.9696802,0.2309457,-0.04481347,-0.2279577,0.9726393,moving,-31.91197,-24.87915,-16.09381,-11.28313,-22.68444860444255,-21.58853020509527,20.858234480080043,12.23265263961771,18.5196923351315
05/18/2023 18:40:40.399348,1295,True,True,True,True,Eyes,0.08421231,0.02040888,-2.68017,-0.486579,-0.3657718,0.79338,0.0,0.0,0.0,0.0,0.0,0.0,0.0,-0.04788988,0.5506597,2.432289,0.0808956,0.02553657,-2.49286,0.117207,-0.01130817,-0.04370415,0.992081,13.38947,358.0748,354.7292,0.03350292,0.007291226,-0.9994097,0.0,0.0,0.0,-1.011233,-0.7440965,-1.320669,-0.556367,-0.3847341,1.915,0.9959241,-0.08936691,0.01219237,0.08406533,0.968705,0.2335461,-0.03268209,-0.2315692,0.9722692,moving,-31.52074,-24.75111,-16.20023,-11.35981,-22.322370796973185,-21.45972369023652,20.34809431740722,11.810540397805282,18.0721210143852
05/18/2023 18:40:40.419174,1296,True,True,True,True,Eyes,0.08448775,0.02043453,-2.671686,-0.4810725,-0.3654239,0.7968906,0.0,0.0,0.0,0.0,0.0,0.0,0.0,-0.08402442,0.5514493,2.421938,0.08375373,0.02511035,-2.483807,0.1181247,-0.004781925,-0.04508011,0.9919634,13.52795,358.8132,354.6552,0.03329304,0.007323183,-0.9994164,0.0,0.0,0.0,-1.003291,-0.7486624,-1.304523,-0.5602462,-0.387417,1.915,0.9958899,-0.09056536,-0.001163158,0.08830591,0.9680287,0.2347819,-0.02013713,-0.2339196,0.9720474,moving,-31.11883,-24.6344,-16.3072,-11.43695,-21.95012426339862,-21.3412779662125,19.838272852226826,11.399048499973667,17.623857367133976
05/18/2023 18:40:40.438765,1297,True,True,True,True,Eyes,0.0848516,0.0204499,-2.663182,-0.4752533,-0.3658325,0.8001879,0.0,0.0,0.0,0.0,0.0,0.0,0.0,-0.1194446,0.5573637,2.410197,0.08657619,0.02466635,-2.475049,0.1201051,0.001613162,-0.04639433,0.9916753,13.78978,359.5313,354.5862,0.0331244,0.007355315,-0.9994218,0.0,0.0,0.0,-0.9953326,-0.754217,-1.289143,-0.5642677,-0.3901975,1.915,0.9956899,-0.09162872,-0.01434385,0.0924037,0.9668447,0.2380608,-0.007944924,-0.2383602,0.9711443,moving,-30.70723,-24.56908,-16.41796,-11.51684,-21.5678625929539,-21.270713302578137,19.353144606251973,11.029938400537867,17.19318612675362
05/18/2023 18:40:40.449192,1298,True,True,True,True,Eyes,0.08532712,0.02043769,-2.654662,-0.4692314,-0.3662736,0.8035332,0.0,0.0,0.0,0.0,0.0,0.0,0.0,-0.1554567,0.5609736,2.398097,0.08969076,0.02449892,-2.465985,0.121751,0.008098598,-0.04810217,0.9913614,14.0151,0.2565476,354.4758,0.03299635,0.007387246,-0.9994259,0.0,0.0,0.0,-0.9866683,-0.7619107,-1.274184,-0.5680717,-0.3928279,1.915,0.9952412,-0.09340124,-0.02777025,0.09734529,0.9657257,0.2406194,0.004344299,-0.2421777,0.9702222,moving,-30.28323,-24.50487,-16.52263,-11.59239,-21.174025706546217,-21.200903764950425,18.870247802040122,10.67515895854101,16.76584761699969
05/18/2023 18:40:40.469125,1299,True,True,True,True,Eyes,0.08589125,0.02038931,-2.646126,-0.4629629,-0.3672696,0.8067083,0.0,0.0,0.0,0.0,0.0,0.0,0.0,-0.191274,0.5590216,2.38687,0.09275849,0.02383938,-2.457044,0.1221678,0.0146896,-0.04949718,0.9911657,14.10096,1.005861,354.4066,0.03290919,0.00741798,-0.9994287,0.0,0.0,0.0,-0.9777976,-0.7686427,-1.258573,-0.5719495,-0.3955095,1.915,0.9946685,-0.09453061,-0.04121356,0.101709,0.9652501,0.2407229,0.01702572,-0.2436313,0.9697185,moving,-29.85114,-24.47832,-16.62921,-11.66936,-20.77192802661728,-21.16616014122474,18.408935037271984,10.361048478335869,16.355920037401305
05/18/2023 18:40:40.489292,1300,True,True,True,True,Eyes,0.08656026,0.02030852,-2.637589,-0.4564767,-0.3683791,0.8098925,0.0,0.0,0.0,0.0,0.0,0.0,0.0,-0.2286496,0.5583376,2.374632,0.09605825,0.02295396,-2.44809,0.1228525,0.02160572,-0.05077673,0.9908897,14.22088,1.7937,354.3568,0.03286239,0.007446288,-0.9994302,0.0,0.0,0.0,-0.9702828,-0.7712911,-1.24208,-0.5757636,-0.3981472,1.915,0.9939098,-0.09531963,-0.05529385,0.1059369,0.964658,0.2412723,0.03034167,-0.2456606,0.968881,moving,-29.40675,-24.45839,-16.73392,-11.74503,-20.35824255557143,-21.13733149162056,17.950769975087418,10.0673254291456,15.95025377135729
05/18/2023 18:40:40.508913,1301,True,True,True,True,Eyes,0.08733871,0.02020073,-2.629035,-0.4497693,-0.3698581,0.8129653,0.0,0.0,0.0,0.0,0.0,0.0,0.0,-0.2667624,0.562727,2.360823,0.09915142,0.02212787,-2.439465,0.1246416,0.02871439,-0.05210407,0.9904166,14.4708,2.59798,354.307,0.03285608,0.007471187,-0.9994304,0.0,0.0,0.0,-0.9623793,-0.7733808,-1.225025,-0.5796,-0.4008,1.915,0.9929213,-0.09605146,-0.06986709,0.1103675,0.9634993,0.2439019,0.04388975,-0.2498865,0.9672799,moving,-28.95336,-24.46313,-16.83913,-11.82109,-19.935697696320855,-21.13138881453018,17.50930449373989,9.811747831744349,15.560001416265017
05/18/2023 18:40:40.524410,1302,True,True,True,True,Eyes,0.08821739,0.02005598,-2.620468,-0.442864,-0.371258,0.8161122,0.0,0.0,0.0,0.0,0.0,0.0,0.0,-0.3046632,0.5613891,2.347339,0.1024597,0.02143128,-2.430436,0.1253279,0.03585265,-0.05350436,0.9900227,14.59538,3.411042,354.25,0.03289062,0.007491992,-0.9994293,0.0,0.0,0.0,-0.9519624,-0.7747869,-1.208039,-0.5796,-0.4008001,1.915,0.9917037,-0.09695437,-0.08440104,0.1149277,0.9628604,0.2443183,0.0575787,-0.2519914,0.966015,static,-28.48651,-24.46128,-16.83913,-11.82109,-19.500737731892198,-21.118969518968186,17.18824784847193,9.671334926871078,15.28708486283705
05/18/2023 18:40:40.539107,1303,True,True,True,True,Eyes,0.089179,0.01988532,-2.611881,-0.4357441,-0.3727351,0.8192652,0.0,0.0,0.0,0.0,0.0,0.0,0.0,-0.3408158,0.5538883,2.334996,0.1056537,0.0203996,-2.421482,0.1246598,0.04276918,-0.05496198,0.9897525,14.56429,4.204388,354.1806,0.03296603,0.007507696,-0.9994268,0.0,0.0,0.0,-0.9419172,-0.7795633,-1.193607,-0.5796,-0.4008,1.915,0.9902999,-0.09813431,-0.0983649,0.1194607,0.9628782,0.2420634,0.0709587,-0.2514661,0.9652615,static,-28.00725,-24.46377,-16.83913,-11.82109,-19.05413124135754,-21.11032851702481,16.869032631327737,9.54966924691074,15.018146294901905
05/18/2023 18:40:40.549552,1304,True,True,True,True,Eyes,0.09023286,0.01968045,-2.603268,-0.4284383,-0.3740339,0.8225201,0.0,0.0,0.0,0.0,0.0,0.0,0.0,-0.3768998,0.5452164,2.322242,0.1089388,0.01960713,-2.412441,0.1238654,0.04968704,-0.05683772,0.9894232,14.52242,4.992364,354.061,0.0330817,0.007517802,-0.999423,0.0,0.0,0.0,-0.9327888,-0.7751183,-1.175015,-0.5796,-0.4007999,1.915,0.9886013,-0.1001641,-0.1124035,0.1247821,0.9628537,0.2394624,0.08424257,-0.2507588,0.9643771,static,-27.51433,-24.45326,-16.83913,-11.82108,-18.59504631753288,-21.089206326714965,16.538798825561667,9.432995691832222,14.74271612709502
05/18/2023 18:40:40.569189,1305,True,True,True,True,Eyes,0.09135936,0.01944235,-2.594628,-0.4208952,-0.3752675,0.8258459,0.0,0.0,0.0,0.0,0.0,0.0,0.0,-0.4117971,0.5308704,2.310138,0.1121174,0.01856343,-2.403169,0.1218132,0.05654018,-0.05847352,0.9892147,14.33619,5.782506,353.9621,0.03323748,0.007521536,-0.9994178,0.0,0.0,0.0,-0.925941,-0.7630638,-1.154243,-0.5796,-0.4007999,1.915,0.9867681,-0.101911,-0.1261064,0.1294604,0.9634848,0.2343867,0.09761505,-0.2476111,0.9639295,static,-27.00582,-24.43723,-16.83913,-11.82108,-18.12154108839978,-21.0625603143056,16.202741322955198,9.330034115658346,14.465256193625345
05/18/2023 18:40:40.589385,1306,True,True,True,True,Eyes,0.09256911,0.01916236,-2.585962,-0.4131419,-0.37632,0.829275,0.0,0.0,0.0,0.0,0.0,0.0,0.0,-0.4462709,0.5146471,2.297894,0.1151963,0.01750432,-2.393901,0.1193439,0.06344192,-0.05990243,0.9890115,14.10299,6.583274,353.8831,0.03343255,0.007518229,-0.9994113,0.0,0.0,0.0,-0.9196935,-0.7574495,-1.13752,-0.5796,-0.4008,1.915,0.9847736,-0.1033456,-0.1397876,0.1336312,0.9643375,0.2284643,0.1111916,-0.2436657,0.9634643,static,-26.48232,-24.40826,-16.83913,-11.82109,-17.634317024169825,-21.02345882791416,15.85648012596112,9.23666143410996,14.182119367112676
05/18/2023 18:40:40.599273,1307,True,True,True,True,Eyes,0.0938785,0.01883667,-2.577283,-0.4051958,-0.3773073,0.8327398,0.0,0.0,0.0,0.0,0.0,0.0,0.0,-0.4805502,0.498412,2.28499,0.1183064,0.01618768,-2.384589,0.1167335,0.07045515,-0.06054068,0.9888095,13.85025,7.408829,353.8939,0.03366658,0.007506926,-0.9994034,0.0,0.0,0.0,-0.914059,-0.7535813,-1.121952,-0.5796,-0.4007999,1.915,0.9827418,-0.1032775,-0.1534677,0.1361753,0.9654163,0.2223235,0.1251992,-0.2393851,0.9628187,static,-25.9467,-24.37487,-16.83913,-11.82109,-17.135884774483415,-20.97994259805873,15.509520417901387,9.163658893103008,13.901457054160502
05/18/2023 18:40:40.623973,1308,True,True,True,True,Eyes,0.09527366,0.01847999,-2.568572,-0.3970324,-0.3781856,0.836266,0.0,0.0,0.0,0.0,0.0,0.0,0.0,-0.5125198,0.4837869,2.27185,0.1215461,0.01477422,-2.375508,0.1142798,0.07708856,-0.06026601,0.9886181,13.60634,8.201302,354.0032,0.03393995,0.007486602,-0.9993941,0.0,0.0,0.0,-0.9089075,-0.7498134,-1.107121,-0.5796,-0.4008,1.915,0.9808508,-0.1015408,-0.1661966,0.1367795,0.9666163,0.2166665,0.1386479,-0.2352497,0.9619949,static,-25.39688,-24.33397,-16.83913,-11.82109,-16.624365569262935,-20.92907165566652,15.15939480839852,9.110513355495817,13.621315099432167
05/18/2023 18:40:40.639315,1309,True,True,True,True,Eyes,0.09677301,0.01808105,-2.559847,-0.388695,-0.379036,0.8397903,0.0,0.0,0.0,0.0,0.0,0.0,0.0,-0.5471476,0.4710809,2.256606,0.1248996,0.01365063,-2.365961,0.1124235,0.08428279,-0.06050108,0.9882292,13.43834,9.049302,354.0616,0.03425252,0.007456894,-0.9993834,0.0,0.0,0.0,-0.9014926,-0.7540373,-1.095948,-0.5796,-0.4008,1.915,0.9784721,-0.1006271,-0.1801849,0.1385286,0.9674011,0.2120021,0.1529779,-0.2323989,0.9605147,static,-24.83695,-24.29185,-16.83913,-11.82109,-16.103449613767843,-20.876827300337283,14.815025471797206,9.085571180911339,13.349485916639221
05/18/2023 18:40:40.649826,1310,True,True,True,True,Eyes,0.09835213,0.01763965,-2.551103,-0.3801451,-0.3798056,0.843349,0.0,0.0,0.0,0.0,0.0,0.0,0.0,-0.5801344,0.4574929,2.241655,0.1282275,0.01228666,-2.356752,0.1102297,0.09123182,-0.06042479,0.9878638,13.22697,9.873713,354.1471,0.0346049,0.007417017,-0.9993712,0.0,0.0,0.0,-0.8940727,-0.7430602,-1.077458,-0.5796,-0.4008,1.915,0.9760512,-0.09927002,-0.1935704,0.1394958,0.9683965,0.2067585,0.166928,-0.2288091,0.9590524,static,-24.26378,-24.24461,-16.83913,-11.82109,-15.570295328564589,-20.819487336050937,14.473053472329191,9.087414155901843,13.083280251655367
05/18/2023 18:40:40.669794,1311,True,True,True,True,Eyes,0.1000106,0.01718169,-2.542348,-0.3714337,-0.3806093,0.846861,0.0,0.0,0.0,0.0,0.0,0.0,0.0,-0.6143425,0.4467432,2.225126,0.131623,0.01080526,-2.347497,0.1086617,0.0984652,-0.06047625,0.9873398,13.09002,10.72707,354.2241,0.03499673,0.007366237,-0.9993574,0.0,0.0,0.0,-0.8893138,-0.7149435,-1.051569,-0.5796,-0.4008,1.915,0.9732944,-0.09802242,-0.2075801,0.14082,0.9690705,0.2026625,0.1812943,-0.2264817,0.9569945,static,-23.68229,-24.20084,-16.83913,-11.82109,-15.029322142359868,-20.765204946640715,14.145212930461668,9.125382000787573,12.833017935363682
05/18/2023 18:40:40.689330,1312,True,True,True,True,Eyes,0.1017518,0.01678628,-2.533564,-0.3625623,-0.3814223,0.8503326,0.0,0.0,0.0,0.0,0.0,0.0,0.0,-0.648432,0.4385868,2.207627,0.1350901,0.009991363,-2.338395,0.1078894,0.1056513,-0.0611106,0.9866425,13.05048,11.56454,354.2387,0.03542771,0.007304895,-0.9993421,0.0,0.0,0.0,-0.8882,-0.7145666,-1.043244,-0.5795999,-0.4007999,1.915,0.9702066,-0.09779131,-0.2216665,0.1433859,0.9692507,0.1999837,0.1952937,-0.2258094,0.9543954,static,-23.09229,-24.15894,-16.83913,-11.82108,-14.480383727749825,-20.712478124693597,13.832020798321553,9.198948015325389,12.599310026565512
05/18/2023 18:40:40.708923,1313,True,True,True,True,Eyes,0.1035728,0.01639642,-2.524725,-0.3534307,-0.3819933,0.8539132,0.0,0.0,0.0,0.0,0.0,0.0,0.0,-0.6832434,0.4318384,2.18851,0.1387341,0.01111417,-2.328844,0.1081054,0.1129511,-0.06293913,0.9856947,13.14028,12.39696,354.1263,0.03589716,0.007236515,-0.9993261,0.0,0.0,0.0,-0.8866092,-0.7301486,-1.041516,-0.5796,-0.4008,1.915,0.9665614,-0.09965627,-0.2362786,0.1484988,0.9687037,0.1988998,0.2090624,-0.2273359,0.9511105,static,-22.48443,-24.10109,-16.83913,-11.82109,-13.915110076538502,-20.64441265705437,13.515465663083901,9.295209261941809,12.366377865170822
05/18/2023 18:40:40.723855,1314,True,True,True,True,Eyes,0.1054758,0.01596648,-2.515861,-0.3440947,-0.3824211,0.8575273,0.0,0.0,0.0,0.0,0.0,0.0,0.0,-0.7181118,0.4046165,2.17202,0.1426672,0.01082614,-2.318749,0.1034008,0.1206384,-0.06394821,0.9852235,12.66058,13.30185,354.0548,0.03640469,0.007161981,-0.9993085,0.0,0.0,0.0,-0.8945003,-0.6861101,-1.016649,-0.5796001,-0.4007998,1.915,0.962714,-0.1010584,-0.2509361,0.1509548,0.9704378,0.1883165,0.2244869,-0.219175,0.9495093,static,-21.86381,-24.03486,-16.83913,-11.82108,-13.338107912080837,-20.5682110915056,13.20696145942737,9.421754507101202,12.144007022737522
05/18/2023 18:40:40.738973,1315,True,True,True,True,Eyes,0.107479,0.01552816,-2.506991,-0.3345439,-0.3828809,0.8610938,0.0,0.0,0.0,0.0,0.0,0.0,0.0,-0.7529382,0.3891508,2.153043,0.1464391,0.009411812,-2.309203,0.1010418,0.128265,-0.0650623,0.9844317,12.45236,14.19102,353.9936,0.03695281,0.007079873,-0.9992892,0.0,0.0,0.0,-0.8970374,-0.6614398,-0.9992006,-0.5796,-0.4007998,1.915,0.95863,-0.1021785,-0.2656843,0.154019,0.9711149,0.182247,0.2393883,-0.2156279,0.9466773,static,-21.23166,-23.97208,-16.83913,-11.82108,-12.750296258082829,-20.494974893362947,12.920569677877983,9.589317702013433,11.945036890220534
05/18/2023 18:40:40.749264,1316,True,True,True,True,Eyes,0.1095661,0.01533296,-2.498086,-0.3248393,-0.3836209,0.8644735,0.0,0.0,0.0,0.0,0.0,0.0,0.0,-0.7892696,0.3819897,2.13155,0.1502269,0.008870497,-2.29994,0.1009565,0.1361356,-0.06713901,0.9832432,12.52171,15.09054,353.8525,0.03753975,0.006990862,-0.9992682,0.0,0.0,0.0,-0.8987415,-0.6428812,-0.9829587,-0.5795999,-0.4008,1.915,0.9539189,-0.1045404,-0.2812651,0.1595155,0.9706002,0.1802495,0.2541526,-0.2168095,0.9425498,static,-20.59449,-23.92985,-16.83913,-11.82109,-12.15741272292988,-20.44085931348984,12.677728403274774,9.80912328805169,11.788844216510498
05/18/2023 18:40:40.769948,1317,True,True,True,True,Eyes,0.1117661,0.01538863,-2.489098,-0.3149053,-0.3842681,0.8678553,0.0,0.0,0.0,0.0,0.0,0.0,0.0,-0.8297004,0.384709,2.105233,0.1542529,0.01460297,-2.290066,0.1051337,0.1447833,-0.07140785,0.9812673,13.12086,16.042,353.5326,0.03816638,0.006905135,-0.9992453,0.0,0.0,0.0,-0.8964279,-0.6068693,-0.9573737,-0.5796002,-0.4008,1.915,0.9478774,-0.1096972,-0.2991571,0.1705836,0.9676957,0.1856511,0.2691276,-0.2270058,0.9359694,static,-19.94354,-23.88276,-16.83913,-11.82109,-11.551782713728288,-20.38187913178402,12.454767947938654,10.061965607400786,11.65371496920969
05/18/2023 18:40:40.789283,1318,True,True,True,True,Eyes,0.1140588,0.0153466,-2.480066,-0.3046322,-0.3842013,0.8715438,0.0,0.0,0.0,0.0,0.0,0.0,0.0,-0.8674072,0.35965,2.082588,0.1586627,0.02071394,-2.278884,0.1029916,0.1534515,-0.07451665,0.9799452,12.98651,17.03106,353.2556,0.038835,0.00683229,-0.9992202,0.0,0.0,0.0,-0.8873587,-0.612747,-0.9454295,-0.5795999,-0.4008,1.915,0.9417999,-0.1144361,-0.3160973,0.1776529,0.9676799,0.1789829,0.2853989,-0.2247217,0.9316907,static,-19.26614,-23.78925,-16.83913,-11.82109,-10.922398390580767,-20.278842633533944,12.211766101825729,10.321884156875191,11.502264971106218
05/18/2023 18:40:40.799707,1319,True,True,True,True,Eyes,0.1164142,0.01526953,-2.471067,-0.2941289,-0.3847052,0.8749229,0.0,0.0,0.0,0.0,0.0,0.0,0.0,-0.8945733,0.3101719,2.0683,0.1630452,0.01813148,-2.268793,0.0912935,0.1606233,-0.07008035,0.980283,11.62469,17.96544,353.6655,0.03954581,0.006767197,-0.999193,0.0,0.0,0.0,-0.8768001,-0.6235542,-0.9341509,-0.5796,-0.4008,1.915,0.9385778,-0.1080694,-0.3277082,0.1667248,0.9735085,0.1564738,0.3021167,-0.2015,0.9317313,static,-18.58146,-23.73518,-16.83913,-11.82109,-10.285473842229443,-20.212556736795754,12.040816183174627,10.64739982479448,11.419560394462486
05/18/2023 18:40:40.819587,1320,True,True,True,True,Eyes,0.118847,0.01535559,-2.462051,-0.2836213,-0.3858304,0.8778917,0.0,0.0,0.0,0.0,0.0,0.0,0.0,-0.9309286,0.3347412,2.039366,0.1668265,0.0172767,-2.260435,0.09758091,0.1688151,-0.06846674,0.9784129,12.36069,18.9354,354.0634,0.04029696,0.006707742,-0.9991634,0.0,0.0,0.0,-0.8672666,-0.6153709,-0.9162357,-0.5795999,-0.4008,1.915,0.9336275,-0.1010312,-0.3437039,0.1669237,0.9715806,0.1678324,0.3169797,-0.2140653,0.9239588,static,-17.90413,-23.72532,-16.83913,-11.82109,-9.654549272102956,-20.187821259262662,11.951774633622406,11.028163591477622,11.41303040066797
05/18/2023 18:40:40.839018,1321,True,True,True,True,Eyes,0.1214252,0.01546401,-2.452966,-0.2729307,-0.3862161,0.8811049,0.0,0.0,0.0,0.0,0.0,0.0,0.0,-0.9621529,0.3607931,2.01001,0.1710666,0.02140471,-2.250851,0.1062562,0.1756417,-0.0702869,0.9761759,13.4231,19.70569,354.1051,0.04108825,0.006659975,-0.9991317,0.0,0.0,0.0,-0.8544762,-0.6252516,-0.9039347,-0.5796,-0.4007999,1.915,0.9284195,-0.09989875,-0.3578512,0.1745508,0.9675388,0.1827588,0.3279776,-0.2321401,0.9157192,static,-17.21087,-23.66936,-16.83913,-11.82109,-9.00966643626064,-20.11956983180705,11.854100245083979,11.40899939586424,11.397174596100477
05/18/2023 18:40:40.849564,1322,True,True,True,True,Eyes,0.1240928,0.01550568,-2.44393,-0.2620564,-0.3865987,0.884233,0.0,0.0,0.0,0.0,0.0,0.0,0.0,-0.9902554,0.3147321,1.99217,0.1763512,0.02196877,-2.239826,0.09673724,0.1828963,-0.06926344,0.9759064,12.36561,20.5937,354.1357,0.04192327,0.006623647,-0.9990973,0.0,0.0,0.0,-0.8376904,-0.6473047,-0.8949049,-0.5796,-0.4007999,1.915,0.923503,-0.0998035,-0.3703801,0.170575,0.971689,0.163477,0.3435787,-0.214149,0.9143817,static,-16.50802,-23.6156,-16.83913,-11.82109,-8.35580572994805,-20.05315813920789,11.799156748352825,11.820902525586366,11.419789053300782
05/18/2023 18:40:40.868898,1323,True,True,True,True,Eyes,0.1268573,0.01556871,-2.434926,-0.2510402,-0.387682,0.8869507,0.0,0.0,0.0,0.0,0.0,0.0,0.0,-1.022352,0.3080398,1.968321,0.1810805,0.02038957,-2.231854,0.09590892,0.1904912,-0.06876747,0.9745695,12.30637,21.50146,354.2729,0.04280093,0.006594969,-0.9990605,0.0,0.0,0.0,-0.8215891,-0.648581,-0.8781292,-0.5796,-0.4008,1.915,0.9179683,-0.09749777,-0.3844846,0.170577,0.972145,0.1607406,0.3581029,-0.213139,0.9090292,static,-15.80349,-23.60991,-16.83913,-11.82109,-7.699457061058187,-20.03170324068337,11.834222712202099,12.286081198612939,11.525151171326977
05/18/2023 18:40:40.889231,1324,True,True,True,True,Eyes,0.1297505,0.01573057,-2.425891,-0.239745,-0.3887005,0.8896259,0.0,0.0,0.0,0.0,0.0,0.0,0.0,-1.062089,0.3360849,1.933141,0.1858939,0.02112171,-2.22329,0.1049016,0.1994329,-0.07125814,0.9716711,13.43146,22.52549,354.298,0.04372307,0.006574025,-0.9990208,0.0,0.0,0.0,-0.8052744,-0.6447623,-0.8594096,-0.5796,-0.4007999,1.915,0.9102976,-0.09663729,-0.4025166,0.1803206,0.9678359,0.1754372,0.3726163,-0.2322821,0.8984443,static,-15.08232,-23.60176,-16.83913,-11.82109,-7.027651001693842,-20.00756475274673,11.910943162697066,12.778242798270915,11.666993083754214
05/18/2023 18:40:40.899653,1325,True,True,True,True,Eyes,0.1327835,0.01591677,-2.416864,-0.2281347,-0.3890046,0.8925413,0.0,0.0,0.0,0.0,0.0,0.0,0.0,-1.10146,0.3187996,1.903024,0.1917889,0.02365655,-2.21337,0.1035815,0.2090545,-0.07292867,0.9696642,13.37779,23.65345,354.2112,0.04469129,0.006564161,-0.9989781,0.0,0.0,0.0,-0.7881256,-0.6612233,-0.8492287,-0.5796,-0.4007999,1.915,0.9019552,-0.09812424,-0.4205335,0.184741,0.9679045,0.1703865,0.3903173,-0.2313707,0.8911341,static,-14.33789,-23.54947,-16.83913,-11.82109,-6.335019206042725,-19.94157713941827,11.992126540443108,13.276997211462662,11.80839509276027
05/18/2023 18:40:40.924253,1326,True,True,True,True,Eyes,0.1359301,0.0160806,-2.407872,-0.2161283,-0.3892169,0.8954322,0.0,0.0,0.0,0.0,0.0,0.0,0.0,-1.138818,0.2768503,1.877439,0.1976351,0.0243444,-2.204241,0.09516648,0.2188239,-0.07239996,0.96841,12.47455,24.83185,354.2056,0.04570806,0.00656534,-0.9989322,0.0,0.0,0.0,-0.7710899,-0.6863427,-0.843118,-0.5796,-0.4008,1.915,0.8937486,-0.09857627,-0.4376026,0.1818751,0.9714032,0.1526346,0.4100424,-0.216006,0.8861188,static,-13.5698,-23.4931,-16.83913,-11.82109,-5.620420107069933,-19.871228848888357,12.121234924255859,13.808120333633704,11.99057011310491
05/18/2023 18:40:40.939085,1327,True,True,True,True,Eyes,0.1391739,0.0162488,-2.398902,-0.203921,-0.3894229,0.8982016,0.0,0.0,0.0,0.0,0.0,0.0,0.0,-1.180419,0.2597668,1.844751,0.2034094,0.02392784,-2.195912,0.09245317,0.2294399,-0.07186679,0.966253,12.21874,26.10863,354.336,0.04677385,0.0065756,-0.9988828,0.0,0.0,0.0,-0.7547435,-0.7030531,-0.8346159,-0.5796,-0.4007999,1.915,0.884385,-0.09645811,-0.4566826,0.1813079,0.9725751,0.1456881,0.4301053,-0.2116445,0.8776195,static,-12.79118,-23.43955,-16.83913,-11.82108,-4.895955377068432,-19.80327911610136,12.303444409733398,14.365059095002914,12.216803696235921
05/18/2023 18:40:40.949036,1328,True,True,True,True,Eyes,0.142543,0.01645848,-2.389973,-0.1913793,-0.3895624,0.9008968,0.0,0.0,0.0,0.0,0.0,0.0,0.0,-1.220759,0.2510064,1.810022,0.2092332,0.02414893,-2.187481,0.09191009,0.2398251,-0.0714786,0.9638087,12.20747,27.35762,354.4988,0.04788804,0.006594262,-0.9988301,0.0,0.0,0.0,-0.7373296,-0.7099032,-0.8213673,-0.5796,-0.4008,1.915,0.8747494,-0.09369867,-0.4754303,0.1818681,0.9728867,0.1428828,0.4491519,-0.2114522,0.8680729,static,-11.99317,-23.38444,-16.83913,-11.82109,-4.153453623621367,-19.73342527043833,12.53771875358911,14.95096767965316,12.486133351076612
05/18/2023 18:40:40.969240,1329,True,True,True,True,Eyes,0.1460137,0.01667844,-2.381079,-0.1787101,-0.3896046,0.9034771,0.0,0.0,0.0,0.0,0.0,0.0,0.0,-1.259333,0.2347805,1.776426,0.2155139,0.02531652,-2.179368,0.08965321,0.2499543,-0.07090197,0.9614875,11.99612,28.58029,354.6311,0.04905209,0.006622263,-0.9987735,0.0,0.0,0.0,-0.717695,-0.718378,-0.8081582,-0.5796,-0.4008,1.915,0.8649916,-0.09152432,-0.493369,0.1811611,0.9738704,0.1369564,0.4679426,-0.2078454,0.8589703,static,-11.18882,-23.32706,-16.83913,-11.82109,-3.405088034220832,-19.661301480819372,12.818476849337443,15.554497729026409,12.792168995107044
05/18/2023 18:40:40.989185,1330,True,True,True,True,Eyes,0.1496011,0.0169004,-2.372254,-0.165762,-0.3897813,0.9058661,0.0,0.0,0.0,0.0,0.0,0.0,0.0,-1.298234,0.220787,1.740946,0.2218331,0.02571408,-2.171447,0.08792205,0.260291,-0.07079519,0.9589089,11.8572,29.8251,354.7234,0.05026731,0.006659192,-0.9987129,0.0,0.0,0.0,-0.6933101,-0.7250326,-0.7918685,-0.5796,-0.4007999,1.915,0.8544732,-0.09000164,-0.5116397,0.1815429,0.9745156,0.1317638,0.4867419,-0.2054732,0.8490366,static,-10.36968,-23.28152,-16.83913,-11.82108,-2.6427143676462475,-19.599921769927004,13.160374929921261,16.187915124811443,13.149813970422015
05/18/2023 18:40:41.009017,1331,True,True,True,True,Eyes,0.1532922,0.01712782,-2.363439,-0.1528498,-0.3900653,0.9080121,0.0,0.0,0.0,0.0,0.0,0.0,0.0,-1.334395,0.2163275,1.704422,0.2276683,0.02588794,-2.163321,0.08854544,0.2700925,-0.07098521,0.956123,11.9856,31.00698,354.8439,0.05153438,0.006704303,-0.998648,0.0,0.0,0.0,-0.6668863,-0.7321151,-0.7756223,-0.5795999,-0.4008,1.915,0.8440223,-0.08791026,-0.529054,0.1835721,0.9742416,0.1309755,0.5039124,-0.2076658,0.8384196,static,-9.555274,-23.24747,-16.83913,-11.82109,-1.884531162221835,-19.549405489393045,13.550524644202378,16.833504884677716,13.546372389941974
05/18/2023 18:40:41.024088,1332,True,True,True,True,Eyes,0.1570812,0.01734904,-2.354677,-0.1397461,-0.3904834,0.9099416,0.0,0.0,0.0,0.0,0.0,0.0,0.0,-1.372249,0.2145163,1.665923,0.2342181,0.02628125,-2.156116,0.09022813,0.2802184,-0.0718218,0.9529839,12.25269,32.22692,354.9322,0.05285349,0.006757083,-0.9985787,0.0,0.0,0.0,-0.640968,-0.7412001,-0.7608444,-0.5796,-0.4007999,1.915,0.8326386,-0.08632287,-0.5470479,0.1874572,0.973401,0.1317203,0.5211265,-0.2122235,0.8266731,static,-8.731098,-23.22564,-16.83913,-11.82108,-1.1170100572367891,-19.51010390449809,13.993004384571027,17.50160404358914,13.986772021165669
05/18/2023 18:40:41.039267,1333,True,True,True,True,Eyes,0.1610122,0.01755295,-2.346014,-0.1266872,-0.3910155,0.9116234,0.0,0.0,0.0,0.0,0.0,0.0,0.0,-1.405502,0.2097495,1.62868,0.240636,0.02643513,-2.147888,0.0911112,0.2895093,-0.07271583,0.9500504,12.42868,33.34844,354.9824,0.0542248,0.006816575,-0.9985048,0.0,0.0,0.0,-0.6167423,-0.7485294,-0.7463555,-0.5796,-0.4008,1.915,0.8217936,-0.08541234,-0.5633473,0.1909225,0.9728223,0.1310166,0.5368463,-0.2152243,0.8157662,static,-7.911652,-23.21557,-16.83913,-11.82109,-0.3536705043002488,-19.48191838813124,14.475290598495217,18.17852211750874,14.45933124768114
05/18/2023 18:40:41.049611,1334,True,True,True,True,Eyes,0.165068,0.01774281,-2.337454,-0.1134762,-0.3916921,0.913072,0.0,0.0,0.0,0.0,0.0,0.0,0.0,-1.440082,0.204574,1.591034,0.2477061,0.02625023,-2.141268,0.09201805,0.2989838,-0.07398197,0.9469257,12.62137,34.49261,354.9978,0.05564934,0.006881388,-0.9984261,0.0,0.0,0.0,-0.5926216,-0.7543783,-0.7316362,-0.5796,-0.4007999,1.915,0.8102707,-0.08508703,-0.5798462,0.1951347,0.9721187,0.1300297,0.5526155,-0.2185073,0.8042827,static,-7.084371,-23.2185,-16.83913,-11.82108,0.4172189491754254,-19.465721973633467,15.001883408575102,18.873847778361107,14.969164121802898
05/18/2023 18:40:41.068935,1335,True,True,True,True,Eyes,0.16924,0.01792202,-2.328974,-0.1003289,-0.3923435,0.9143307,0.0,0.0,0.0,0.0,0.0,0.0,0.0,-1.473057,0.1999983,1.553662,0.2547067,0.02613667,-2.134995,0.09336693,0.3081308,-0.07581627,0.9437109,12.88209,35.59593,354.9648,0.0571292,0.006950481,-0.998342,0.0,0.0,0.0,-0.5674196,-0.7583399,-0.7157623,-0.5796001,-0.4008,1.915,0.7986147,-0.08555881,-0.5957302,0.2006357,0.971069,0.1295001,0.5674152,-0.2229454,0.7926761,static,-6.261975,-23.22439,-16.83913,-11.82109,1.1836135308030178,-19.452408058573745,15.553503103289144,19.57182412776632,15.49798750023303
05/18/2023 18:40:41.089143,1336,True,True,True,True,Eyes,0.1735246,0.01807573,-2.320595,-0.08702949,-0.3929972,0.9154119,0.0,0.0,0.0,0.0,0.0,0.0,0.0,-1.504348,0.1914611,1.516464,0.261812,0.02606463,-2.128416,0.0938289,0.3170949,-0.07779925,0.9405288,13.0521,36.67715,354.8857,0.05866396,0.007022969,-0.9982525,0.0,0.0,0.0,-0.5427756,-0.7661966,-0.7024088,-0.5796,-0.4007999,1.915,0.7867963,-0.08683953,-0.6110733,0.2058502,0.9702868,0.1271581,0.581874,-0.2258371,0.7812939,static,-5.430867,-23.23442,-16.83913,-11.82108,1.9582051252551211,-19.44276988848197,16.137310638169208,20.283736454789047,16.05319968501298
05/18/2023 18:40:41.108782,1337,True,True,True,True,Eyes,0.1779271,0.01821438,-2.312354,-0.07376046,-0.3935592,0.9163354,0.0,0.0,0.0,0.0,0.0,0.0,0.0,-1.534356,0.1798851,1.480045,0.2687511,0.02561839,-2.122323,0.09326863,0.3259338,-0.07949936,0.9374158,13.10204,37.74712,354.8014,0.06025472,0.007097485,-0.9981573,0.0,0.0,0.0,-0.5178477,-0.7721988,-0.6883538,-0.5795999,-0.4007999,1.915,0.7748941,-0.08824907,-0.6259005,0.2098467,0.9699616,0.1230399,0.5962412,-0.226686,0.7701362,static,-4.602104,-23.24316,-16.83913,-11.82109,2.730586967252757,-19.43197791608982,16.73942915423271,20.99760550752544,16.62188209300581
05/18/2023 18:40:41.120090,1338,True,True,True,True,Eyes,0.1824493,0.01832768,-2.304201,-0.06039398,-0.3941182,0.9170733,0.0,0.0,0.0,0.0,0.0,0.0,0.0,-1.563572,0.1700953,1.444366,0.2760922,0.02540049,-2.117312,0.0933245,0.3344094,-0.08139996,0.9342563,13.2276,38.77552,354.7142,0.06190177,0.007173179,-0.9980559,0.0,0.0,0.0,-0.491912,-0.7747968,-0.6726279,-0.5796,-0.4008,1.915,0.7630888,-0.0896797,-0.6400414,0.2145141,0.9693292,0.1199362,0.6096549,-0.2288198,0.7589218,static,-3.76778,-23.25593,-16.83913,-11.82109,3.5082277127419217,-19.424830860754053,17.367088318083145,21.72169056422126,17.211489876440073
05/18/2023 18:40:41.139143,1339,True,True,True,True,Eyes,0.1870344,0.01841942,-2.296084,-0.04476592,-0.3942206,0.9179249,0.0,0.0,0.0,0.0,0.0,0.0,0.0,-1.589924,0.1591034,1.408845,0.2834448,0.02491373,-2.111173,0.09273858,0.3424887,-0.08277779,0.931262,13.26344,39.76208,354.6559,0.06360535,0.007248843,-0.9979483,0.0,0.0,0.0,-0.4643671,-0.7788737,-0.657337,-0.5796,-0.4007999,1.915,0.7516987,-0.09065179,-0.6532468,0.2176994,0.9690948,0.1160269,0.62254,-0.2294288,0.7482021,static,-2.792023,-23.24204,-16.83913,-11.82108,4.41713939677867,-19.389491248199143,18.104130533970665,22.563462444631515,17.899080513829194
05/18/2023 18:40:41.149224,1340,True,True,True,True,Eyes,0.1917358,0.01850467,-2.288063,-0.02918354,-0.3944193,0.9184672,0.0,0.0,0.0,0.0,0.0,0.0,0.0,-1.615212,0.1523257,1.372988,0.2909648,0.02418061,-2.105222,0.09310757,0.3503015,-0.08394437,0.9282097,13.39473,40.72449,354.6558,0.06536433,0.007323595,-0.9978341,0.0,0.0,0.0,-0.4365322,-0.7869039,-0.6443849,-0.5796,-0.4008,1.915,0.7404845,-0.09060449,-0.6659381,0.2210673,0.9685686,0.114035,0.6346747,-0.2316584,0.7372397,static,-1.819914,-23.24024,-16.83913,-11.82109,5.322884034366061,-19.365551825779548,18.867268906154806,23.410975423934886,18.60849213991422
05/18/2023 18:40:41.169894,1341,True,True,True,True,Eyes,0.1966084,0.01855671,-2.280181,-0.01365991,-0.3946329,0.9187373,0.0,0.0,0.0,0.0,0.0,0.0,0.0,-1.63921,0.1455077,1.337497,0.298399,0.02413379,-2.099394,0.09385884,0.3578823,-0.08549089,0.9250957,13.58267,41.65875,354.6286,0.06717894,0.007397233,-0.9977131,0.0,0.0,0.0,-0.4081315,-0.7908518,-0.6295211,-0.5796,-0.4007999,1.915,0.7292231,-0.09099367,-0.6781989,0.2253553,0.9677637,0.1124655,0.6461026,-0.2348482,0.7262216,static,-0.8518187,-23.24538,-16.83913,-11.82109,6.225022035789047,-19.348200379671468,19.649644388823113,24.261337551704564,19.333536812284926
05/18/2023 18:40:41.189124,1342,True,True,True,True,Eyes,0.2015879,0.01858237,-2.272396,0.001777785,-0.3949439,0.9187036,0.0,0.0,0.0,0.0,0.0,0.0,0.0,-1.662801,0.1386072,1.301327,0.3061457,0.02349935,-2.093632,0.09429324,0.3654857,-0.08667848,0.921963,13.72307,42.60229,354.6307,0.06905264,0.007468425,-0.9975846,0.0,0.0,0.0,-0.3803181,-0.7902008,-0.6130131,-0.5796,-0.4007999,1.915,0.717814,-0.09090304,-0.6902751,0.2287544,0.9671913,0.1105103,0.6575823,-0.2372293,0.7150579,static,0.110873,-23.26251,-16.83913,-11.82109,7.122355261169142,-19.342195711160805,20.450151425268444,25.114135602080392,20.07372803366727
05/18/2023 18:40:41.208824,1343,True,True,True,True,Eyes,0.206647,0.01859069,-2.264667,0.01709158,-0.3953099,0.9183887,0.0,0.0,0.0,0.0,0.0,0.0,0.0,-1.684054,0.1339767,1.266848,0.3136583,0.02291206,-2.088058,0.09521103,0.3724719,-0.08772442,0.9189691,13.90671,43.47541,354.6619,0.07098512,0.00753624,-0.9974485,0.0,0.0,0.0,-0.3527427,-0.7884526,-0.5964861,-0.5796,-0.4008,1.915,0.7071383,-0.0903052,-0.7012849,0.2321589,0.9664786,0.1096422,0.6678756,-0.2403417,0.7043991,static,1.066175,-23.28891,-16.83913,-11.82109,8.012980923680729,-19.34503727002881,21.262898266591623,25.966077868732988,20.823736908763046
05/18/2023 18:40:41.224044,1344,True,True,True,True,Eyes,0.2118339,0.01856398,-2.257038,0.03231815,-0.3956825,0.9178185,0.0,0.0,0.0,0.0,0.0,0.0,0.0,-1.703441,0.1284197,1.233867,0.3214886,0.0224745,-2.082491,0.09611344,0.3789006,-0.08914459,0.9161057,14.10231,44.27719,354.646,0.07297491,0.007600239,-0.9973045,0.0,0.0,0.0,-0.3247683,-0.7827089,-0.5780946,-0.5796,-0.4007999,1.915,0.6969751,-0.09049684,-0.7113621,0.2361666,0.9656309,0.1085462,0.6770902,-0.243654,0.694393,static,2.01666,-23.32145,-16.83913,-11.82108,8.899236107343299,-19.353736366344823,22.08617953972574,26.81798653532874,21.582089653852922
05/18/2023 18:40:41.239189,1345,True,True,True,True,Eyes,0.2170905,0.01850921,-2.249469,0.04753613,-0.3961542,0.9169527,0.0,0.0,0.0,0.0,0.0,0.0,0.0,-1.723047,0.1204137,1.20018,0.3296965,0.02161385,-2.077175,0.09589555,0.3855613,-0.08991592,0.9132698,14.15189,45.11301,354.6572,0.0750227,0.00765922,-0.9971521,0.0,0.0,0.0,-0.2962059,-0.7757227,-0.5594141,-0.5796,-0.4007999,1.915,0.6865153,-0.09028778,-0.721488,0.2381822,0.9654384,0.1058208,0.6869978,-0.2444932,0.6842932,static,2.967638,-23.36596,-16.83913,-11.82109,9.786180388994538,-19.37362852827167,22.925795120839847,27.675765419068874,22.35440473372043
05/18/2023 18:40:41.248926,1346,True,True,True,True,Eyes,0.2224591,0.01842424,-2.241996,0.06265008,-0.3966585,0.915826,0.0,0.0,0.0,0.0,0.0,0.0,0.0,-1.742589,0.1169075,1.165172,0.3375617,0.02079764,-2.072083,0.09667554,0.3923863,-0.09019429,0.9102483,14.28702,45.98357,354.7703,0.0771277,0.007712444,-0.9969911,0.0,0.0,0.0,-0.2661133,-0.769314,-0.5409486,-0.5796,-0.4007999,1.915,0.6757959,-0.08833007,-0.7317771,0.2400667,0.9650376,0.1052155,0.6968987,-0.2467795,0.6733736,static,3.913409,-23.41819,-16.83913,-11.82109,10.668421127118446,-19.40086609295154,23.773106724963842,28.53275967428168,23.132678409247614
05/18/2023 18:40:41.269617,1347,True,True,True,True,Eyes,0.2279561,0.01830074,-2.234634,0.07767181,-0.3970448,0.9145067,0.0,0.0,0.0,0.0,0.0,0.0,0.0,-1.760299,0.1120691,1.131494,0.3455586,0.01999274,-2.066804,0.09692807,0.398791,-0.09030474,0.9074227,14.35534,46.80259,354.8726,0.07928998,0.007759097,-0.9968212,0.0,0.0,0.0,-0.2362655,-0.7642957,-0.5238,-0.5796,-0.4007999,1.915,0.6656216,-0.08658105,-0.7412501,0.2411972,0.9649,0.103884,0.7062378,-0.2479349,0.6631414,static,4.854652,-23.46869,-16.83913,-11.82109,11.546409620412147,-19.426587975022784,24.622891041133325,29.386773538278465,23.912062739155935
05/18/2023 18:40:41.289133,1348,True,True,True,True,Eyes,0.2335673,0.01813526,-2.227375,0.09249597,-0.3974084,0.9129683,0.0,0.0,0.0,0.0,0.0,0.0,0.0,-1.776097,0.1064346,1.100378,0.3538507,0.01894259,-2.061822,0.09653623,0.4045226,-0.09005242,0.9049492,14.33419,47.53796,354.9738,0.08151069,0.007798061,-0.9966416,0.0,0.0,0.0,-0.2047923,-0.7608041,-0.5071104,-0.5796,-0.4007999,1.915,0.656504,-0.08488353,-0.7495314,0.2410879,0.9651426,0.1018643,0.7147582,-0.2475772,0.6540844,static,5.785094,-23.52314,-16.83913,-11.82109,12.41440990847878,-19.45625446764307,25.471424887600538,30.23351341847189,24.68938491079028
05/18/2023 18:40:41.308781,1349,True,True,True,True,Eyes,0.2392912,0.01792743,-2.22021,0.1070827,-0.3977042,0.9112434,0.0,0.0,0.0,0.0,0.0,0.0,0.0,-1.789751,0.1021078,1.071862,0.3621587,0.01776613,-2.056952,0.09635544,0.4094833,-0.08980901,0.9027589,14.33092,48.17726,355.0714,0.08379032,0.007828172,-0.9964523,0.0,0.0,0.0,-0.1737345,-0.7564793,-0.4908419,-0.5796,-0.4008,1.915,0.6485156,-0.08323986,-0.7566365,0.2410636,0.9652999,0.1004208,0.7220221,-0.247522,0.6460782,static,6.702248,-23.57844,-16.83913,-11.82109,13.270045189119983,-19.4870207940205,26.314098068552227,31.069742926323517,25.46051617099807
05/18/2023 18:40:41.319515,1350,True,True,True,True,Eyes,0.2451249,0.01770258,-2.213145,0.1214094,-0.3979572,0.9093348,0.0,0.0,0.0,0.0,0.0,0.0,0.0,-1.802493,0.09543458,1.044344,0.3706421,0.01653059,-2.052095,0.09595881,0.4141588,-0.09032723,0.900614,14.33928,48.77169,355.0727,0.08612884,0.007848339,-0.9962528,0.0,0.0,0.0,-0.1417605,-0.7544968,-0.4757653,-0.5796,-0.4008,1.915,0.640627,-0.08321552,-0.7633298,0.2421843,0.9652658,0.09802405,0.728659,-0.2476633,0.6385288,static,7.604842,-23.63589,-16.83913,-11.82109,14.112155205114227,-19.52013292104334,27.14953528472972,31.894471585972237,26.22432706173715
05/18/2023 18:40:41.339234,1351,True,True,True,True,Eyes,0.2510493,0.01744509,-2.206139,0.1353191,-0.3983091,0.9072148,0.0,0.0,0.0,0.0,0.0,0.0,0.0,-1.813924,0.08743996,1.018698,0.3790781,0.0158993,-2.047378,0.09553522,0.4183967,-0.09122513,0.8986074,14.3612,49.30677,355.0252,0.08852616,0.007858705,-0.9960425,0.0,0.0,0.0,-0.1107232,-0.7542294,-0.4624036,-0.5796,-0.4008,1.915,0.6332444,-0.08400792,-0.7693791,0.2438944,0.965102,0.0953607,0.7345183,-0.2480339,0.6316345,static,8.483624,-23.70369,-16.83913,-11.82109,14.932276627515508,-19.56347815124384,27.972094181603854,32.701175106950785,26.975651603249172
05/18/2023 18:40:41.349395,1352,True,True,True,True,Eyes,0.2570857,0.0171604,-2.199231,0.1489937,-0.3985212,0.9049761,0.0,0.0,0.0,0.0,0.0,0.0,0.0,-1.824699,0.07844296,0.9936744,0.3878837,0.01480201,-2.042644,0.09420278,0.422465,-0.09147952,0.8968171,14.25625,49.82181,354.9991,0.09098244,0.007858707,-0.9958211,0.0,0.0,0.0,-0.08064876,-0.7547299,-0.4502389,-0.5796,-0.4007999,1.915,0.6263097,-0.08448602,-0.7749828,0.2436755,0.9655147,0.09167151,0.7405124,-0.2462591,0.6252983,static,9.349208,-23.76709,-16.83913,-11.82109,15.740016139772514,-19.603006965398446,28.784300637712985,33.49565635799679,27.71696866730622
05/18/2023 18:40:41.370044,1353,True,True,True,True,Eyes,0.2632499,0.01685402,-2.192434,0.1622579,-0.3987634,0.9025853,0.0,0.0,0.0,0.0,0.0,0.0,0.0,-1.83448,0.06966594,0.9700522,0.3965646,0.01384504,-2.038067,0.09258035,0.4262305,-0.09131691,0.8952194,14.09932,50.30091,354.9973,0.09349737,0.007848051,-0.9955882,0.0,0.0,0.0,-0.04593196,-0.739272,-0.4304739,-0.5796,-0.4008,1.915,0.6199776,-0.0845762,-0.780048,0.2424185,0.9661802,0.08791535,0.7462314,-0.2436035,0.6195129,static,10.19122,-23.8359,-16.83913,-11.82109,16.525895870524703,-19.648139370152677,29.580322521206558,34.2707988407564,28.442905775452598
05/18/2023 18:40:41.389320,1354,True,True,True,True,Eyes,0.2695305,0.01653343,-2.185725,0.1752691,-0.3988279,0.9001206,0.0,0.0,0.0,0.0,0.0,0.0,0.0,-1.843408,0.06260668,0.9474223,0.4054515,0.01304787,-2.033499,0.09182625,0.4295685,-0.09165403,0.8936659,14.05583,50.72589,354.9776,0.09607177,0.007826713,-0.9953433,0.0,0.0,0.0,-0.01248502,-0.7335157,-0.4153693,-0.5795999,-0.4008,1.915,0.614141,-0.08492482,-0.7846137,0.2427074,0.966335,0.08538061,0.7509487,-0.2428673,0.6140777,static,11.01861,-23.89731,-16.83913,-11.82109,17.298009276633877,-19.68667985034594,30.36262122077078,35.031582631764785,29.156046838717558
05/18/2023 18:40:41.409009,1355,True,True,True,True,Eyes,0.2759354,0.01621709,-2.179121,0.1879423,-0.3988784,0.8975375,0.0,0.0,0.0,0.0,0.0,0.0,0.0,-1.851543,0.05175878,0.9258992,0.4144887,0.01236172,-2.028849,0.08968739,0.4327679,-0.09169628,0.892334,13.85282,51.12743,354.9171,0.0987062,0.007795006,-0.9950857,0.0,0.0,0.0,0.02010399,-0.7347447,-0.4041795,-0.5796,-0.4007999,1.915,0.6086075,-0.08601975,-0.7887949,0.241275,0.9670959,0.08069579,0.7558989,-0.2394286,0.6093363,static,11.82673,-23.96104,-16.83913,-11.82108,18.05221205781357,-19.727833083668877,31.130534180145386,35.77600445719809,29.855674229130873
05/18/2023 18:40:41.419241,1356,True,True,True,True,Eyes,0.2824639,0.01588485,-2.172599,0.2003892,-0.3987293,0.8949073,0.0,0.0,0.0,0.0,0.0,0.0,0.0,-1.859259,0.04381309,0.9050894,0.423595,0.01216327,-2.024443,0.08837688,0.4356874,-0.09156294,0.891057,13.72625,51.50028,354.9112,0.1014012,0.007754045,-0.994815,0.0,0.0,0.0,0.05187276,-0.7443849,-0.3987019,-0.5796,-0.4007998,1.915,0.6035855,-0.0861662,-0.7926285,0.2401849,0.9676116,0.07771203,0.7602603,-0.2372833,0.6047322,static,12.62157,-24.01554,-16.83913,-11.82108,18.793863823129456,-19.76065072390473,31.884756533202513,36.50680802369699,30.54289371095036
05/18/2023 18:40:41.439084,1357,True,True,True,True,Eyes,0.4483598,0.00698033,-2.012087,0.4955067,-0.3751124,0.7834308,0.0,0.0,0.0,0.0,0.0,0.0,0.0,-1.866555,0.03589349,0.8843139,0.4330522,0.01141115,-2.019817,0.08595791,0.4385594,-0.0902463,0.8900183,13.42457,51.87174,354.9721,0.1041571,0.007703928,-0.9945307,0.0,0.0,0.0,0.08813124,-0.731147,-0.3832227,-0.5795999,-0.4007999,1.915,0.5990425,-0.08524641,-0.7961665,0.236037,0.9689337,0.07385147,0.765137,-0.2321649,0.6005538,static,32.31266,-25.58544,-16.83913,-11.82108,37.17150430619841,-20.77934430493649,51.04268866756237,54.74850790217936,48.07431910079299
05/18/2023 18:40:41.448795,1358,True,True,True,True,Eyes,0.4487307,0.006949292,-2.011918,0.4956865,-0.3750563,0.7833439,0.0,0.0,0.0,0.0,0.0,0.0,0.0,-1.872813,0.03153029,0.8662326,0.4421505,0.01045652,-2.015732,0.08380242,0.4408254,-0.08819854,0.8893096,13.1095,52.17269,355.112,0.1198884,0.00709069,-0.9927617,0.4976876,-0.02671355,0.4815359,0.1307757,-0.6952861,-0.3573023,-0.5796,-0.4007999,1.915,0.595788,-0.08298711,-0.7988428,0.230756,0.9703963,0.07129227,0.7692779,-0.2268129,0.5973003,static,32.32492,-25.58458,-16.83913,-11.82108,37.18291126511717,-20.778258644892468,51.05426274712524,54.75958356056535,48.08538207565332
05/18/2023 18:40:41.469550,1359,True,True,True,True,Eyes,0.4494708,0.006941358,-2.01159,0.4960354,-0.375064,0.7831192,0.0,0.0,0.0,0.0,0.0,0.0,0.0,-1.878553,0.03063326,0.8485312,0.4513974,0.009659603,-2.01148,0.08306023,0.442766,-0.08658984,0.8885728,12.96102,52.43574,355.2717,0.1327913,0.006589628,-0.9911218,0.4678263,-0.02511074,0.4526438,0.1658091,-0.7235101,-0.3591101,-0.5796,-0.4008,1.915,0.5929211,-0.08033026,-0.8012439,0.2274352,0.9712064,0.07093204,0.7724752,-0.2242881,0.5941187,static,32.35057,-25.59144,-16.83913,-11.82109,37.20694275327997,-20.78409264521524,51.08080975486293,54.784244053112275,48.109122278743484
05/18/2023 18:40:41.489599,1360,True,True,True,True,Eyes,0.4505804,0.007048525,-2.011103,0.496507,-0.3749996,0.7828512,0.0,0.0,0.0,0.0,0.0,0.0,0.0,-1.883421,0.02880093,0.832955,0.4609532,0.01019093,-2.00732,0.08186419,0.4442515,-0.08440895,0.8881522,12.73331,52.64144,355.4605,0.143429,0.006180399,-0.989641,0.4397568,-0.02360409,0.4254851,0.1910718,-0.7530317,-0.3630873,-0.5796,-0.4007999,1.915,0.5910316,-0.0771994,-0.8029458,0.2226725,0.9723467,0.07041808,0.7753056,-0.2204133,0.5918778,static,32.38406,-25.59525,-16.83913,-11.82109,37.23822075772894,-20.78689225383661,51.11408727035728,54.815558694857316,48.13976025699148
05/18/2023 18:40:41.508779,1361,True,True,True,True,Eyes,0.452068,0.007105771,-2.010437,0.4973374,-0.3743296,0.7826447,0.0,0.0,0.0,0.0,0.0,0.0,0.0,-1.887611,0.02618171,0.8186666,0.4709142,0.01302335,-2.003009,0.08105036,0.4453914,-0.08220781,0.8878622,12.54183,52.80422,355.6652,0.152253,0.005851185,-0.9883239,0.4133714,-0.02218785,0.399956,0.2306755,-0.7197334,-0.3396344,-0.5796001,-0.4007999,1.915,0.5897369,-0.07378014,-0.8042182,0.2181766,0.9733455,0.07069382,0.7775664,-0.2171524,0.5901148,static,32.43422,-25.56123,-16.83913,-11.82109,37.28430525930785,-20.75389999005761,51.153244935606,54.855640900339154,48.18292563369884
05/18/2023 18:40:41.519315,1362,True,True,True,True,Eyes,0.4538666,0.007111776,-2.009657,0.498333,-0.3733273,0.7824901,0.0,0.0,0.0,0.0,0.0,0.0,0.0,-1.890172,0.01411581,0.8076781,0.4815417,0.01170543,-1.998318,0.0717573,0.4461657,-0.0752192,0.8888922,11.22658,52.90669,355.9256,0.1596281,0.005584839,-0.987161,0.3885691,-0.02085658,0.3759587,0.266426,-0.7208976,-0.3326411,-0.5796,-0.4007999,1.915,0.5905566,-0.06969221,-0.8039814,0.1977548,0.9783859,0.06044856,0.7823913,-0.1946895,0.5915741,static,32.49124,-25.50588,-16.83913,-11.82108,37.33637230256957,-20.7007850302174,51.193350694957445,54.89839898539291,48.23093355543326
05/18/2023 18:40:41.539015,1363,True,True,True,True,Eyes,0.4559714,0.007294691,-2.008748,0.4992538,-0.3730429,0.7820388,0.0,0.0,0.0,0.0,0.0,0.0,0.0,-1.893404,0.01195819,0.7968519,0.4907466,0.01041284,-1.994782,0.0674606,0.4467861,-0.07064607,0.8892921,10.55106,52.99833,356.1874,0.165846,0.005367154,-0.9861367,0.3652549,-0.01960518,0.3534011,0.2995732,-0.7555962,-0.3397855,-0.5795999,-0.4007999,1.915,0.5907826,-0.06536906,-0.8041783,0.1859309,0.9809164,0.05685696,0.785115,-0.1831117,0.5916625,static,32.55417,-25.50176,-16.83913,-11.82108,37.39492933222636,-20.695487900791004,51.252893480782134,54.95533010765263,48.28783172114624
05/18/2023 18:40:41.549457,1364,True,True,True,True,Eyes,0.4584435,0.00753984,-2.00767,0.5004331,-0.3721301,0.7817198,0.0,0.0,0.0,0.0,0.0,0.0,0.0,-1.899397,0.01131225,0.7783867,0.5002781,0.0149605,-1.990784,0.07281458,0.4485881,-0.07430782,0.8876628,11.29945,53.23493,356.1061,0.1714243,0.005185252,-0.9851833,0.3433397,-0.01842887,0.3321971,0.342429,-0.7504817,-0.3313972,-0.5796001,-0.4007999,1.915,0.5864943,-0.06659308,-0.8072112,0.1972481,0.9783528,0.06260236,0.7855684,-0.1959368,0.5869337,static,32.62613,-25.45633,-16.83913,-11.82108,37.46110736771293,-20.65131639644104,51.31015483732338,55.01353336231912,48.350252935987385
05/18/2023 18:40:41.569302,1365,True,True,True,True,Eyes,0.4612357,0.007810437,-2.006509,0.5018936,-0.3709151,0.7813608,0.0,0.0,0.0,0.0,0.0,0.0,0.0,-1.90201,-0.0006900802,0.7663082,0.5115037,0.01655222,-1.985689,0.06491457,0.4493112,-0.06817977,0.8884015,10.17226,53.33049,356.3414,0.1765666,0.005033422,-0.9842755,0.3227393,-0.01732314,0.3122652,0.3919542,-0.7215107,-0.3148644,-0.5796,-0.4007999,1.915,0.586942,-0.06280833,-0.8071892,0.1794757,0.9822752,0.05407254,0.7894858,-0.1766083,0.5878111,static,32.71396,-25.39388,-16.83913,-11.82108,37.54174588706451,-20.590850244997352,51.378299197113364,55.08346877597992,48.42614725560554
05/18/2023 18:40:41.589528,1366,True,True,True,True,Eyes,0.4642939,0.008111139,-2.005242,0.5033208,-0.369952,0.7808993,0.0,0.0,0.0,0.0,0.0,0.0,0.0,-1.905755,-0.008408524,0.7544495,0.5216033,0.01735264,-1.982119,0.05845345,0.4501583,-0.06262447,0.8888301,9.223857,53.44584,356.5908,0.1813329,0.004909923,-0.9834091,0.3033749,-0.01628375,0.2935293,0.4418034,-0.7152724,-0.3089685,-0.5796001,-0.4008,1.915,0.5868714,-0.05869843,-0.8075497,0.1639517,0.9853228,0.0475285,0.7929072,-0.1602922,0.5878814,static,32.80339,-25.34931,-16.83913,-11.82109,37.62421839953554,-20.547083789778767,51.45281846817335,55.15794853426339,48.504811367765335
05/18/2023 18:40:41.599446,1367,True,True,True,True,Eyes,0.4676595,0.008475495,-2.003853,0.5048409,-0.3692065,0.7802706,0.0,0.0,0.0,0.0,0.0,0.0,0.0,-1.910589,-0.008121848,0.7386005,0.5310499,0.01841953,-1.97828,0.06092571,0.4514694,-0.06404904,0.8878971,9.55672,53.6185,356.5859,0.1857748,0.00481342,-0.9825802,0.2851724,-0.01530673,0.2759176,0.4894616,-0.7164072,-0.3068298,-0.5796,-0.4007999,1.915,0.5841462,-0.05872572,-0.8095211,0.1687501,0.9843716,0.05035917,0.7939122,-0.1660239,0.5849269,static,32.90317,-25.32246,-16.83913,-11.82109,37.71667479642247,-20.51966695066698,51.542054685149104,55.24491902385257,48.594110568306384
05/18/2023 18:40:41.624433,1368,True,True,True,True,Eyes,0.5585654,0.01834342,-1.966443,0.5455142,-0.3463284,0.7631978,0.0,0.0,0.0,0.0,0.0,0.0,0.0,-1.915576,-0.01902866,0.7213972,0.541777,0.02035347,-1.973898,0.05949521,0.4531072,-0.06477778,0.8871067,9.454232,53.8198,356.4537,0.1899406,0.004744337,-0.9817838,0.2680621,-0.01438832,0.2593625,0.5376655,-0.709987,-0.3033752,-0.5796,-0.4007998,1.915,0.5809954,-0.06101417,-0.8116167,0.168845,0.9845283,0.04685463,0.7962009,-0.1642597,0.5823084,static,35.55621,-24.40788,-16.83913,-11.82108,40.17113691120375,-19.602850846199264,53.88598322342834,57.53891283982911,51.00003704814544
05/18/2023 18:40:41.639389,1369,True,True,True,True,Eyes,0.5589587,0.01834949,-1.966302,0.5456546,-0.3467514,0.7629053,0.0,0.0,0.0,0.0,0.0,0.0,0.0,-1.921011,-0.03030059,0.7028689,0.5518824,0.02144462,-1.969821,0.05689025,0.4552234,-0.06466036,0.8862023,9.189617,54.08395,356.3521,0.201206,0.005257461,-0.9795346,0.524696,0.01607875,0.3560298,0.5859287,-0.7061879,-0.3018061,-0.5796,-0.4008,1.915,0.5771815,-0.06280874,-0.8141969,0.1663998,0.9851651,0.04196272,0.7994829,-0.1597023,0.5790703,static,35.57358,-24.44248,-16.83913,-11.82109,40.18798577370898,-19.634840042021104,53.91096043548288,57.55993939527033,51.01708582240137
05/18/2023 18:40:41.649281,1370,True,True,True,True,Eyes,0.5597346,0.01836094,-1.966002,0.5458834,-0.3473514,0.7624686,0.0,0.0,0.0,0.0,0.0,0.0,0.0,-1.926865,-0.03108209,0.6835625,0.5615615,0.02169654,-1.966013,0.05917986,0.4572848,-0.06634976,0.884865,9.521276,54.35191,356.3202,0.2103517,0.005688492,-0.977609,0.4932142,0.01511403,0.334668,0.6298895,-0.7113153,-0.303603,-0.5796001,-0.4007998,1.915,0.5729766,-0.06329706,-0.8171238,0.1715453,0.9841909,0.0440509,0.8014175,-0.1654138,0.5747767,static,35.60047,-24.49218,-16.83913,-11.82108,40.21399486902117,-19.680745440663163,53.94875738485549,57.591956019562986,51.04339853688852
05/18/2023 18:40:41.669525,1371,True,True,True,True,Eyes,0.560904,0.01838936,-1.965602,0.5462583,-0.3479825,0.7619122,0.0,0.0,0.0,0.0,0.0,0.0,0.0,-1.932869,-0.03298008,0.6625046,0.5715193,0.02188012,-1.961853,0.06133779,0.4596514,-0.0681913,0.8833506,9.849108,54.65898,356.2706,0.2178138,0.006052167,-0.9759713,0.4636214,0.01420718,0.3145879,0.6744453,-0.7202331,-0.3087616,-0.5795999,-0.4008,1.915,0.5681411,-0.06408564,-0.8204321,0.1768616,0.9831753,0.04567709,0.8037012,-0.171054,0.5699166,static,35.6389,-24.54725,-16.83913,-11.82109,40.250859621559,-19.731413167056782,53.999062779149234,57.63540689191835,51.0805707397202
05/18/2023 18:40:41.691163,1372,True,True,True,True,Eyes,0.5624363,0.01843867,-1.965057,0.5467556,-0.3487098,0.7612226,0.0,0.0,0.0,0.0,0.0,0.0,0.0,-1.938552,-0.03493752,0.6428191,0.5814738,0.02241279,-1.958011,0.06305688,0.4617624,-0.06946255,0.8820285,10.10114,54.93512,356.2551,0.2239435,0.006361067,-0.9745811,0.4358041,0.01335475,0.2957126,0.7158633,-0.7261215,-0.3116909,-0.5796002,-0.4008,1.915,0.5639009,-0.0643013,-0.8233352,0.1807705,0.9823976,0.04708555,0.8058149,-0.1753863,0.5655987,static,35.68817,-24.61212,-16.83914,-11.82109,40.29801281808299,-19.79100588618984,54.0622672877951,57.69032667085453,51.12810186163372
05/18/2023 18:40:41.708855,1373,True,True,True,True,Eyes,0.5643155,0.01850962,-1.964376,0.5475069,-0.3493145,0.7604049,0.0,0.0,0.0,0.0,0.0,0.0,0.0,-1.944689,-0.03801464,0.620778,0.5917145,0.02298909,-1.953963,0.06433193,0.4643517,-0.07052029,0.8804919,10.2987,55.27379,356.2447,0.2290956,0.006627951,-0.9733811,0.4096558,0.01255347,0.2779699,0.7581218,-0.7324999,-0.3171036,-0.5796,-0.4007999,1.915,0.5588089,-0.0644398,-0.826789,0.1839303,0.9817766,0.04779503,0.8086421,-0.1787799,0.560478,static,35.75465,-24.67308,-16.83913,-11.82109,40.36112668289095,-19.84654471454407,54.14129054287956,57.76051668712641,51.19150718577113
05/18/2023 18:40:41.724244,1374,True,True,True,True,Eyes,0.5665287,0.01862912,-1.963569,0.5484115,-0.3498961,0.7594851,0.0,0.0,0.0,0.0,0.0,0.0,0.0,-1.950978,-0.04162355,0.5979484,0.6019725,0.02361327,-1.950041,0.06507594,0.4671486,-0.07114989,0.8789055,10.42023,55.64058,356.2533,0.2338219,0.006871554,-0.9722548,0.3850765,0.01180026,0.2612917,0.7980151,-0.7404183,-0.3236382,-0.5796001,-0.4007999,1.915,0.5534197,-0.06426781,-0.8304193,0.1858683,0.9814056,0.04791605,0.8118987,-0.1808663,0.5550746,static,35.83242,-24.73561,-16.83913,-11.82108,40.43479033082938,-19.90329465680788,54.231699812226054,57.84137052163366,51.26543475589417
05/18/2023 18:40:41.742944,1375,True,True,True,True,Eyes,0.5690837,0.01878623,-1.962645,0.5496698,-0.3500491,0.7585043,0.0,0.0,0.0,0.0,0.0,0.0,0.0,-1.956781,-0.04718463,0.5760565,0.6121887,0.02489746,-1.946192,0.06486094,0.4698185,-0.07129399,0.8774855,10.4175,55.98933,356.2589,0.2381824,0.007096614,-0.9711941,0.3619719,0.01109224,0.2456142,0.837569,-0.7449721,-0.3290251,-0.5795999,-0.4007999,1.915,0.5483754,-0.06417315,-0.8337663,0.1860646,0.9814205,0.0468386,0.8152695,-0.1808195,0.5501273,static,35.92994,-24.77328,-16.83913,-11.82108,40.52637924809168,-19.93632260399646,54.33538656810035,57.936679347496366,51.35702358049592
05/18/2023 18:40:41.750446,1376,True,True,True,True,Eyes,0.5719619,0.01893935,-1.961613,0.5511984,-0.3499314,0.7574486,0.0,0.0,0.0,0.0,0.0,0.0,0.0,-1.96266,-0.05601678,0.5531845,0.6228391,0.0259216,-1.942314,0.06188178,0.4727441,-0.06992709,0.8762385,10.05315,56.36699,356.2711,0.2422314,0.007306846,-0.9701906,0.3402536,0.01042671,0.2308773,0.877318,-0.7460968,-0.3340544,-0.5796,-0.4008,1.915,0.5432465,-0.06403715,-0.8371276,0.1810541,0.9825616,0.04233116,0.8198187,-0.1745616,0.5453674,static,36.04354,-24.79633,-16.83913,-11.82109,40.63267038282803,-19.9552975831422,54.451204205109185,58.04457918056845,51.46317230339803
05/18/2023 18:40:41.768915,1377,True,True,True,True,Eyes,0.5751271,0.01908058,-1.960488,0.5530322,-0.3497893,0.7561765,0.0,0.0,0.0,0.0,0.0,0.0,0.0,-1.969024,-0.06333277,0.5283962,0.6334392,0.02591905,-1.938647,0.05839838,0.4760671,-0.06793647,0.8748341,9.605442,56.79909,356.3212,0.2460166,0.007503567,-0.9692363,0.3198384,0.009801107,0.2170247,0.9153181,-0.7493183,-0.3410794,-0.5795997,-0.4007999,1.915,0.5374895,-0.06326315,-0.8408942,0.1744694,0.9839485,0.03749315,0.8250247,-0.1668624,0.5398994,static,36.17999,-24.82414,-16.83912,-11.82109,40.76034375314212,-19.978204987430438,54.59034103662112,58.17419315785734,51.59069809093152
05/18/2023 18:40:41.788917,1378,True,True,True,True,Eyes,0.5785636,0.019222,-1.959276,0.5549778,-0.3498435,0.7547246,0.0,0.0,0.0,0.0,0.0,0.0,0.0,-1.975585,-0.0672375,0.5022085,0.6434436,0.02573514,-1.935197,0.0584229,0.4796506,-0.06820305,0.872852,9.637633,57.27039,356.3352,0.2495791,0.007687565,-0.9683236,0.3006481,0.009213041,0.2040032,0.9526706,-0.7503137,-0.3462479,-0.5796001,-0.4007999,1.915,0.5305673,-0.06301717,-0.8452972,0.1751075,0.9838703,0.03656181,0.8293587,-0.1674164,0.5330442,static,36.32846,-24.86951,-16.83913,-11.82109,40.89955398809572,-20.01727401062884,54.74535497103385,58.31751933178629,51.729834804528686
05/18/2023 18:40:41.799395,1379,True,True,True,True,Eyes,0.5822582,0.01934979,-1.957979,0.5571829,-0.3496718,0.7531778,0.0,0.0,0.0,0.0,0.0,0.0,0.0,-1.982011,-0.06970982,0.4756298,0.6533917,0.02591941,-1.931802,0.06043094,0.4832443,-0.06966978,0.8706143,9.936645,57.7475,356.3384,0.2529549,0.007860139,-0.9674459,0.2826092,0.008660258,0.191763,0.9885783,-0.755133,-0.3531359,-0.5796,-0.4007999,1.915,0.5232422,-0.06290519,-0.8498591,0.1797168,0.9829884,0.03788904,0.8330183,-0.1725591,0.5256462,static,36.49315,-24.90365,-16.83913,-11.82108,41.053661951224,-20.045460023070543,54.913438499180685,58.47406080196233,51.88377700868639
05/18/2023 18:40:41.824291,1380,True,True,True,True,Eyes,0.5861942,0.01946507,-1.956619,0.5594344,-0.3498061,0.7514446,0.0,0.0,0.0,0.0,0.0,0.0,0.0,-1.98815,-0.07088215,0.4495126,0.6633425,0.02579045,-1.928507,0.06245789,0.4866983,-0.07078509,0.8684545,10.21752,58.21038,356.3792,0.2561753,0.008021758,-0.9665968,0.2656526,0.008140642,0.1802572,1.022705,-0.7607402,-0.3606717,-0.5796,-0.4008,1.915,0.5162284,-0.06215095,-0.8541928,0.1837436,0.982177,0.03958169,0.8365085,-0.1773856,0.5184475,static,36.66689,-24.96252,-16.83913,-11.82109,41.21667704247498,-20.096587025537527,55.09620094602985,58.64265156328428,52.04670585538778
05/18/2023 18:40:41.839159,1381,True,True,True,True,Eyes,0.5903545,0.01957037,-1.955184,0.5618259,-0.3499715,0.749581,0.0,0.0,0.0,0.0,0.0,0.0,0.0,-1.994162,-0.07146249,0.4238732,0.673083,0.02566442,-1.925554,0.06581883,0.4900463,-0.07284841,0.8661501,10.68539,58.66352,356.4009,0.2592677,0.0081729,-0.9657707,0.2497135,0.007652204,0.1694418,1.057686,-0.7657575,-0.3685046,-0.5795999,-0.4007999,1.915,0.5090957,-0.06168677,-0.8584966,0.1907038,0.980722,0.04261977,0.8393175,-0.1854161,0.5110452,static,36.85229,-25.02738,-16.83913,-11.82108,41.39067150248751,-20.15305395095833,55.291725794248826,58.82288307230906,52.220579314875664
05/18/2023 18:40:41.849469,1382,True,True,True,True,Eyes,0.7000937,0.0223227,-1.917912,0.6218806,-0.3590195,0.6959666,0.0,0.0,0.0,0.0,0.0,0.0,0.0,-2.000234,-0.072445,0.3965351,0.6828799,0.02557999,-1.922614,0.06966633,0.4937105,-0.07529949,0.8635547,11.22566,59.16283,356.4193,0.2622567,0.008314161,-0.964962,0.2347307,0.007193071,0.1592753,1.089734,-0.772366,-0.3766137,-0.5795997,-0.4007998,1.915001,0.5011598,-0.06126045,-0.8631837,0.1988405,0.9789532,0.04596906,0.8422003,-0.1946737,0.502793,static,41.78236,-27.28728,-16.83912,-11.82108,46.02772215096013,-22.15553746320681,60.62739694090783,63.71060236014543,56.83673659188637
05/18/2023 18:40:41.869345,1383,True,True,True,True,Eyes,0.7005,0.02232248,-1.917815,0.6221188,-0.3588534,0.6958393,0.0,0.0,0.0,0.0,0.0,0.0,0.0,-2.006026,-0.07468812,0.3690318,0.6927742,0.02585144,-1.919713,0.07234559,0.4974374,-0.07693467,0.8610477,11.60283,59.67111,356.4582,0.2726581,0.008640901,-0.9620718,0.5498645,0.01501848,0.2615358,1.119494,-0.7786958,-0.3839285,-0.5795997,-0.4008,1.915,0.4932742,-0.06051404,-0.8677664,0.2044636,0.9776943,0.04804563,0.8455029,-0.2011264,0.4946443,static,41.79847,-27.28075,-16.83913,-11.82109,46.04260759051798,-22.14905634026979,60.6413161225546,63.72424821940631,56.85177875114298
05/18/2023 18:40:41.889264,1384,True,True,True,True,Eyes,0.7012988,0.02231799,-1.917611,0.6225375,-0.3588251,0.6954794,0.0,0.0,0.0,0.0,0.0,0.0,0.0,-2.011409,-0.0774514,0.3418719,0.7026857,0.02585655,-1.916822,0.07377967,0.5011119,-0.07772436,0.8587214,11.80664,60.17119,356.5125,0.2811357,0.008909943,-0.9596263,0.5168726,0.01411738,0.2458436,1.15193,-0.7812076,-0.3909922,-0.5795999,-0.4008,1.915,0.4856916,-0.0595434,-0.8720999,0.2074309,0.9770309,0.04881516,0.849162,-0.2046096,0.4868869,static,41.83236,-27.29099,-16.83913,-11.82109,46.07438171096977,-22.15786550366682,60.67669688463686,63.75703007213822,56.88341261083605
05/18/2023 18:40:41.899838,1385,True,True,True,True,Eyes,0.7024745,0.02231237,-1.917319,0.6231877,-0.3585734,0.6950267,0.0,0.0,0.0,0.0,0.0,0.0,0.0,-2.016521,-0.08048342,0.3152316,0.712904,0.0257719,-1.913978,0.07512624,0.504605,-0.07852627,0.8564833,12.00156,60.64798,356.5598,0.2880822,0.009131879,-0.9575618,0.4858603,0.01327033,0.231093,1.184213,-0.787376,-0.4006051,-0.5796001,-0.4007999,1.915,0.4784148,-0.05869475,-0.8761702,0.210331,0.9763793,0.04943921,0.8525727,-0.2079382,0.4794597,static,41.88063,-27.2898,-16.83913,-11.82108,46.11933526958784,-22.155646572336057,60.723072327542845,63.80103145984354,56.92848448578734
05/18/2023 18:40:41.919646,1386,True,True,True,True,Eyes,0.7040126,0.0222958,-1.916925,0.6240152,-0.3583073,0.6944213,0.0,0.0,0.0,0.0,0.0,0.0,0.0,-2.020943,-0.08523566,0.2902272,0.7229313,0.02572374,-1.91113,0.07572947,0.5078202,-0.0792886,0.8544573,12.11906,61.08287,356.5648,0.2938152,0.009315414,-0.9558164,0.4567087,0.01247411,0.2172274,1.215538,-0.7913521,-0.4088964,-0.5796001,-0.4008,1.915,0.471664,-0.05858356,-0.8798302,0.2124113,0.9759568,0.04888647,0.8558123,-0.2099439,0.4727675,static,41.94324,-27.29282,-16.83913,-11.82109,46.17773116976317,-22.15704006631205,60.78438493568722,63.85888078773775,56.986957265312
05/18/2023 18:40:41.939190,1387,True,True,True,True,Eyes,0.7059135,0.0222409,-1.916438,0.6250424,-0.3577649,0.6937769,0.0,0.0,0.0,0.0,0.0,0.0,0.0,-2.024959,-0.09152789,0.2660508,0.7331619,0.02544172,-1.908257,0.07507389,0.5108678,-0.07961334,0.8526663,12.08542,61.48848,356.5372,0.2989468,0.009476892,-0.9542224,0.4293061,0.01172567,0.2041938,1.245475,-0.7927983,-0.4156492,-0.5796001,-0.4007999,1.915,0.4653515,-0.05906153,-0.8831532,0.2124729,0.9760512,0.04668215,0.8592457,-0.2093697,0.4667559,static,42.01654,-27.27912,-16.83913,-11.82108,46.24576675803672,-22.14253831011112,60.851794482911515,63.92367871625908,57.055469601611726
05/18/2023 18:40:41.959116,1388,True,True,True,True,Eyes,0.7081413,0.0221432,-1.915868,0.6261864,-0.3573085,0.6929799,0.0,0.0,0.0,0.0,0.0,0.0,0.0,-2.028663,-0.09792731,0.2423223,0.7436404,0.02441135,-1.905305,0.07416756,0.5137387,-0.08002187,0.8509808,12.03159,61.86822,356.4835,0.303649,0.009619235,-0.9527351,0.4035478,0.01102213,0.1919422,1.272333,-0.7948849,-0.421414,-0.5796001,-0.4008,1.915,0.4593381,-0.05998864,-0.8862336,0.2123996,0.9761913,0.04400966,0.8624935,-0.208451,0.4611434,static,42.10141,-27.27616,-16.83913,-11.82109,46.32478902143277,-22.1378247086264,60.933130923960405,64.00090375294941,57.134802461347334
05/18/2023 18:40:41.969024,1389,True,True,True,True,Eyes,0.7106869,0.02199112,-1.915224,0.6274679,-0.3567334,0.6921166,0.0,0.0,0.0,0.0,0.0,0.0,0.0,-2.0323,-0.1029833,0.2189168,0.7537156,0.02330305,-1.902668,0.07456703,0.5165619,-0.08106905,0.8491358,12.14517,62.24906,356.4437,0.3079812,0.00974228,-0.9513422,0.3793349,0.0103608,0.1804256,1.297649,-0.7963914,-0.4261747,-0.5796001,-0.4008,1.915,0.4531832,-0.06064027,-0.8893524,0.2147142,0.9757351,0.0428807,0.8651721,-0.2103894,0.4552071,static,42.19523,-27.26766,-16.83913,-11.82109,46.41204427273442,-22.12772057429227,61.02173535204076,64.08539366091743,57.22256270501923
05/18/2023 18:40:41.989563,1390,True,True,True,True,Eyes,0.7135347,0.02178923,-1.914502,0.6288169,-0.3563072,0.6911111,0.0,0.0,0.0,0.0,0.0,0.0,0.0,-2.03562,-0.1078402,0.1962433,0.7637706,0.02182224,-1.900018,0.07544664,0.519189,-0.08253224,0.8473129,12.33068,62.60544,356.3896,0.3119961,0.009845302,-0.950032,0.3565748,0.00973915,0.1696001,1.320899,-0.7972075,-0.4300868,-0.5795999,-0.4008,1.915,0.4472625,-0.06151914,-0.8922846,0.2182034,0.9749925,0.04215415,0.8673775,-0.2135534,0.4495013,static,42.29792,-27.27369,-16.83913,-11.82109,46.507843168379566,-22.13101398270623,61.12261062374954,64.18047633139365,57.31862726270931
05/18/2023 18:40:42.008792,1391,True,True,True,True,Eyes,0.7166653,0.02153065,-1.913698,0.6302393,-0.3558581,0.690046,0.0,0.0,0.0,0.0,0.0,0.0,0.0,-2.038746,-0.1126477,0.1737769,0.7738798,0.02045499,-1.897384,0.07657046,0.521746,-0.08409837,0.8454854,12.54665,62.95472,356.3402,0.3157406,0.009927873,-0.9487932,0.3351803,0.009154801,0.1594241,1.345291,-0.7947943,-0.4327594,-0.5796,-0.4007999,1.915,0.4414171,-0.06230724,-0.8951362,0.2221086,0.9741288,0.04172242,0.8693783,-0.2172344,0.4438362,static,42.40637,-27.28025,-16.83913,-11.82108,46.609019214664016,-22.13467162617141,61.22920224320174,64.28092882805679,57.420123774771255
05/18/2023 18:40:42.019094,1392,True,True,True,True,Eyes,0.7200871,0.02120586,-1.912824,0.631725,-0.3555521,0.6888442,0.0,0.0,0.0,0.0,0.0,0.0,0.0,-2.04172,-0.1171621,0.1514236,0.7839246,0.01881014,-1.894831,0.07783445,0.5242689,-0.08573022,0.8436436,12.78072,63.30123,356.2938,0.3192555,0.009989277,-0.9476157,0.3150695,0.008605513,0.1498586,1.369097,-0.7908803,-0.4348199,-0.5796002,-0.4007999,1.915,0.4355849,-0.06303912,-0.8979377,0.2262639,0.9731842,0.04143768,0.8712466,-0.2212204,0.4381678,static,42.5233,-27.30086,-16.83913,-11.82108,46.71836630361911,-22.15128644336218,61.34754831575017,64.39152507548675,57.52953385514146
05/18/2023 18:40:42.039053,1393,True,True,True,True,Eyes,0.7237746,0.02082548,-1.911885,0.6333216,-0.3552661,0.6875243,0.0,0.0,0.0,0.0,0.0,0.0,0.0,-2.044711,-0.1204748,0.1286147,0.7943435,0.01692228,-1.892255,0.07901914,0.5267817,-0.08695228,0.8418412,12.98246,63.6496,356.2844,0.3225777,0.01002839,-0.9464895,0.2961653,0.008089182,0.1408671,1.390285,-0.7901276,-0.4369985,-0.5796,-0.4007999,1.915,0.4298807,-0.06314831,-0.9006748,0.2296517,0.9723906,0.0414334,0.8731911,-0.2246529,0.432514,moving,42.65011,-27.32686,-16.83913,-11.82108,46.83702270026704,-22.172720311519075,61.476815867333265,64.51208320808429,57.6481838802032
05/18/2023 18:40:42.049402,1394,True,True,True,True,Eyes,0.7277277,0.02041166,-1.910882,0.634994,-0.3550698,0.6860816,0.0,0.0,0.0,0.0,0.0,0.0,0.0,-2.047345,-0.1246524,0.105831,0.804405,0.01506807,-1.889726,0.08016428,0.5293621,-0.08837359,0.8399642,13.19309,64.00668,356.2552,0.3257393,0.01004471,-0.9454059,0.2783954,0.007603831,0.1324151,1.41419,-0.7814784,-0.4373139,-0.5786829,-0.3980864,1.915521,0.4239318,-0.06358942,-0.9034591,0.2333332,0.9715276,0.04110702,0.8751215,-0.2282335,0.426699,moving,42.7854,-27.36305,-16.80968,-11.74018,46.96377605570269,-22.20349825412768,61.608827510700934,64.62611489309722,57.77018920701149
05/18/2023 18:40:42.069533,1395,True,True,True,True,Eyes,0.7319335,0.01997221,-1.909799,0.6368892,-0.3547147,0.684507,0.0,0.0,0.0,0.0,0.0,0.0,0.0,-2.049778,-0.1295408,0.08286548,0.8147354,0.01386999,-1.887127,0.08073845,0.5319682,-0.08937097,0.8381552,13.32226,64.36577,356.2341,0.3287688,0.01003889,-0.9443567,0.2616917,0.007147601,0.1244702,1.436586,-0.7752752,-0.4385211,-0.5777697,-0.3953842,1.91604,0.4180453,-0.0639129,-0.9061751,0.235714,0.9709883,0.04025766,0.8773125,-0.2304277,0.4209822,moving,42.93618,-27.3934,-16.78035,-11.6596,47.10485039806765,-22.22845513239753,61.754485000531744,64.75352908306132,57.90680680121997
05/18/2023 18:40:42.089360,1396,True,True,True,True,Eyes,0.7364001,0.01950014,-1.908668,0.6389414,-0.3542175,0.6828498,0.0,0.0,0.0,0.0,0.0,0.0,0.0,-2.052066,-0.1320555,0.06010854,0.8251392,0.01286504,-1.884411,0.07978152,0.5345308,-0.08858018,0.8366992,13.19135,64.71677,356.2936,0.3316918,0.0100119,-0.9433343,0.2459902,0.006718745,0.117002,1.461194,-0.7649152,-0.4385406,-0.5768796,-0.3927497,1.916547,0.412861,-0.06293857,-0.9086169,0.2335213,0.9715769,0.03880862,0.8803486,-0.2282039,0.4158236,moving,43.0974,-27.41731,-16.75177,-11.58104,47.25552878787401,-22.24714493467344,61.90888948448195,64.88990747872619,58.053396558606224
05/18/2023 18:40:42.099139,1397,True,True,True,True,Eyes,0.7411174,0.01898968,-1.907492,0.6412348,-0.3533878,0.6811277,0.0,0.0,0.0,0.0,0.0,0.0,0.0,-2.054802,-0.1321204,0.03688967,0.8358399,0.01156634,-1.882091,0.07790568,0.5371459,-0.08655925,0.8354115,12.8945,65.07463,356.4162,0.3345305,0.009964252,-0.9423319,0.2312308,0.006315621,0.1099819,1.48361,-0.7552735,-0.4383489,-0.5760463,-0.3902833,1.917021,0.4079635,-0.06093176,-0.9109628,0.2283186,0.9728764,0.03717672,0.8839889,-0.2231565,0.4108099,moving,43.27203,-27.42152,-16.72502,-11.50749,47.41832407799941,-22.24708783010505,62.071751703519695,65.03620184990065,58.21298709255932
05/18/2023 18:40:42.119500,1398,True,True,True,True,Eyes,0.7460638,0.01845811,-1.906258,0.643647,-0.3524848,0.679318,0.0,0.0,0.0,0.0,0.0,0.0,0.0,-2.057293,-0.1310718,0.01395953,0.8464769,0.010039,-1.879682,0.07576537,0.5396808,-0.08418024,0.834217,12.54876,65.42117,356.554,0.3373048,0.00989612,-0.9413431,0.2173569,0.005936683,0.1033829,1.503481,-0.7506588,-0.4389028,-0.5751389,-0.387599,1.917536,0.4033167,-0.05867093,-0.9131776,0.2222274,0.9743466,0.03554859,0.8876658,-0.2172704,0.4060085,moving,43.45551,-27.42391,-16.6959,-11.42744,47.58933057622309,-22.24512453621657,62.24210132578269,65.1890571258955,58.380561952506966
05/18/2023 18:40:42.139310,1399,True,True,True,True,Eyes,0.7512413,0.01791458,-1.904974,0.6462976,-0.3513696,0.6773764,0.0,0.0,0.0,0.0,0.0,0.0,0.0,-2.059123,-0.1324381,-0.009350657,0.856904,0.008971751,-1.877032,0.07439982,0.5423186,-0.08291159,0.8327552,12.34764,65.78265,356.6318,0.3400315,0.009808533,-0.9403625,0.2043155,0.005580482,0.09717997,1.522965,-0.7424581,-0.4381014,-0.5742111,-0.3848536,1.918064,0.3980326,-0.05739328,-0.9155743,0.2187869,0.9751807,0.03398469,0.8908999,-0.2138426,0.4007106,moving,43.65498,-27.41674,-16.66613,-11.34557,47.77505254802367,-22.233846677232822,62.42530590074029,65.35457579380103,58.56313890047858
05/18/2023 18:40:42.159341,1400,True,True,True,True,Eyes,0.8856905,0.003859729,-1.871588,0.7123405,-0.3207185,0.6242681,1.995996,2.307519,-0.6362929,-0.6255511,-0.005741835,0.7955543,-0.605855,-0.5443956,-0.2808976,1.916566,0.8675783,0.008069292,-1.874496,0.07240329,0.5449573,-0.08148362,0.8313482,12.07517,66.13965,356.6836,0.342726,0.009702837,-0.9393849,0.1920566,0.005245653,0.09134917,1.541251,-0.7332965,-0.4367821,-0.5733079,-0.3821819,1.918577,0.392764,-0.05656913,-0.9178978,0.2143959,0.9762363,0.0315745,0.8942991,-0.2091949,0.3955587,moving,48.76991,-27.19188,-16.63716,-11.26589,52.53666037023645,-21.90627316350987,67.3180656545106,69.98739299673939,63.427976064835576
05/18/2023 18:40:42.169892,1401,True,True,True,True,Eyes,0.8861044,0.003821876,-1.871499,0.7125905,-0.3206406,0.6240227,0.0,0.0,0.0,0.0,0.0,0.0,0.0,-2.06222,-0.1364331,-0.05548584,0.8777549,0.007032946,-1.871882,0.07108146,0.5475161,-0.08044246,0.829881,11.89188,66.49005,356.7381,0.3536215,0.008774867,-0.9353471,0.5838808,-0.03723365,0.186028,1.569945,-0.6933166,-0.4257737,-0.5723979,-0.3794885,1.919094,0.3875102,-0.05567885,-0.9201824,0.2113518,0.9769529,0.02989121,0.8973105,-0.2060654,0.3903471,moving,48.79104,-27.19539,-16.60798,-11.18557,52.55641597550627,-21.90907491962774,67.33012812547442,69.99076530813124,63.44100717012307
05/18/2023 18:40:42.189232,1402,True,True,True,True,Eyes,0.8869007,0.003828471,-1.871316,0.7128935,-0.3207122,0.6236398,0.0,0.0,0.0,0.0,0.0,0.0,0.0,-2.063588,-0.1381042,-0.07683718,0.887986,0.006048098,-1.869443,0.07069238,0.5497534,-0.08000103,0.8284767,11.8351,66.80127,356.7885,0.3625548,0.007992624,-0.9319278,0.5488479,-0.03499963,0.1748663,1.590151,-0.6733869,-0.4208596,-0.5715057,-0.3768487,1.919601,0.382742,-0.05483122,-0.9222267,0.2102847,0.9772049,0.02917228,0.8996049,-0.2050957,0.3855474,moving,48.82054,-27.21489,-16.57938,-11.10684,52.58427736293429,-21.92665227770644,67.35442680929665,70.00485581402323,63.461688103908266
05/18/2023 18:40:42.199551,1403,True,True,True,True,Eyes,0.8880933,0.00389654,-1.871018,0.7133669,-0.3207449,0.6230813,0.0,0.0,0.0,0.0,0.0,0.0,0.0,-2.064557,-0.1426859,-0.09534228,0.8979697,0.007149205,-1.866934,0.07225484,0.5514881,-0.08104792,0.8270863,12.05883,67.05273,356.8128,0.3699179,0.007333382,-0.9290351,0.5159171,-0.03289965,0.1643743,1.600176,-0.6893767,-0.4266274,-0.5706165,-0.3742175,1.920107,0.3785844,-0.05437187,-0.9239684,0.2137626,0.9764209,0.03012804,0.900544,-0.2089159,0.3812804,moving,48.86482,-27.23815,-16.55087,-11.02837,52.62598243272178,-21.94741077190535,67.39413524799097,70.03329468100937,63.496556677191286
05/18/2023 18:40:42.219372,1404,True,True,True,True,Eyes,0.8896502,0.003931781,-1.870635,0.7139908,-0.320473,0.6225064,0.0,0.0,0.0,0.0,0.0,0.0,0.0,-2.065484,-0.1494189,-0.114495,0.9088196,0.008650646,-1.864305,0.07134276,0.5532978,-0.08106247,0.8259544,11.97911,67.29738,356.7792,0.37603,0.006779242,-0.9265824,0.484962,-0.03092567,0.1545119,1.626771,-0.6517577,-0.4169579,-0.5696903,-0.3714758,1.920634,0.374581,-0.05496026,-0.9255639,0.2128554,0.9766782,0.02814838,0.9024311,-0.2075551,0.3775437,moving,48.91584,-27.2399,-16.52119,-10.94659,52.67355477745115,-21.94788083071657,67.43498236061905,70.06383592666484,63.53843804185154
05/18/2023 18:40:42.239292,1405,True,True,True,True,Eyes,0.8915281,0.003936144,-1.870199,0.7145706,-0.3203574,0.6219003,0.0,0.0,0.0,0.0,0.0,0.0,0.0,-2.066579,-0.1531497,-0.1311316,0.9190986,0.007840052,-1.861879,0.06758971,0.5546876,-0.07935698,0.8255034,11.51519,67.46671,356.7216,0.381437,0.006291905,-0.9243731,0.4558643,-0.02907013,0.1452411,1.650664,-0.6205233,-0.4109259,-0.5687609,-0.3687259,1.921162,0.3720483,-0.05603659,-0.9265205,0.2060013,0.9782683,0.02355441,0.9050657,-0.1996278,0.3755066,moving,48.96651,-27.2542,-16.49141,-10.86458,52.72104187227848,-21.960106154922148,67.47858130155672,70.09617817561116,63.57956385049212
05/18/2023 18:40:42.249569,1406,True,True,True,True,Eyes,0.8937289,0.004106879,-1.869681,0.715071,-0.3206817,0.6211576,0.0,0.0,0.0,0.0,0.0,0.0,0.0,-2.067342,-0.1602017,-0.1489829,0.9286184,0.007117748,-1.859941,0.06779911,0.556429,-0.08083173,0.8241702,11.63699,67.70483,356.6176,0.3863758,0.005853313,-0.9223225,0.4285125,-0.02732592,0.1365267,1.663206,-0.6276127,-0.4129818,-0.5678587,-0.3660572,1.921675,0.3677061,-0.05778741,-0.9281449,0.2086889,0.977739,0.02180178,0.9062236,-0.2017102,0.3715802,moving,49.02027,-27.30571,-16.46252,-10.78498,52.77212228840153,-22.00709064213332,67.53466003406695,70.13823108738343,63.62268147017512
05/18/2023 18:40:42.269678,1407,True,True,True,True,Eyes,0.8963107,0.004558034,-1.869068,0.7157138,-0.3207327,0.6203905,0.0,0.0,0.0,0.0,0.0,0.0,0.0,-2.066746,-0.1794932,-0.1659663,0.9386159,0.01139371,-1.857436,0.07194422,0.5580788,-0.08647572,0.8221278,12.40469,67.94413,356.3669,0.3909096,0.005466644,-0.9204125,0.4028017,-0.02568637,0.1283351,1.681424,-0.6186389,-0.4114569,-0.566986,-0.3634749,1.922171,0.3621399,-0.06188709,-0.9300671,0.2224893,0.974692,0.02177416,0.9051814,-0.2148152,0.3667441,moving,49.08081,-27.33829,-16.43457,-10.70797,52.82915676735727,-22.03620075132389,67.59313988746786,70.18399146285685,63.67325155514256
05/18/2023 18:40:42.289256,1408,True,True,True,True,Eyes,0.8992453,0.004989536,-1.868374,0.7167702,-0.3196486,0.6197301,0.0,0.0,0.0,0.0,0.0,0.0,0.0,-2.066097,-0.2009012,-0.1839007,0.9503467,0.01853342,-1.854571,0.06825928,0.5598685,-0.08744897,0.8211216,12.12342,68.15641,356.06,0.3950966,0.005140278,-0.9186248,0.3786336,-0.02414518,0.120635,1.702272,-0.605496,-0.4106902,-0.5660784,-0.36079,1.922687,0.3577999,-0.06718004,-0.9313785,0.2200449,0.9753867,0.01417848,0.9075018,-0.2100182,0.3637759,moving,49.15282,-27.28409,-16.40551,-10.6279,52.895213071081365,-21.98381906588736,67.64113613552776,70.22497501605602,63.73735335127954
05/18/2023 18:40:42.308892,1409,True,True,True,True,Eyes,0.9024189,0.005360397,-1.867619,0.7180276,-0.3184822,0.6188743,0.0,0.0,0.0,0.0,0.0,0.0,0.0,-2.067641,-0.1971016,-0.2024095,0.9616562,0.01825522,-1.851984,0.05525234,0.561367,-0.07861529,0.8219695,10.31708,68.30878,356.0831,0.3989881,0.004867225,-0.9169428,0.3559156,-0.02269647,0.1133969,1.717587,-0.6131009,-0.4145609,-0.5651726,-0.3581084,1.923202,0.3573735,-0.06720506,-0.9315405,0.1912724,0.9815336,0.002567428,0.9141657,-0.1790955,0.3636286,moving,49.24166,-27.23105,-16.37651,-10.54792,52.97697327866025,-21.93213789197016,67.70576829743386,70.28161964479234,63.81756503793836
05/18/2023 18:40:42.319093,1410,True,True,True,True,Eyes,0.905852,0.005882689,-1.866804,0.7191058,-0.3179557,0.6178925,0.0,0.0,0.0,0.0,0.0,0.0,0.0,-2.069451,-0.1924255,-0.2175174,0.970813,0.01709719,-1.850459,0.05478125,0.5624915,-0.07679269,0.8214045,10.1593,68.47186,356.2412,0.4026248,0.00463923,-0.915353,0.3345606,-0.02133468,0.1065931,1.73425,-0.620321,-0.4188068,-0.5642141,-0.3552719,1.923747,0.3554124,-0.06452774,-0.9324797,0.1877837,0.9822038,0.003604657,0.9156525,-0.1763856,0.3612046,moving,49.32914,-27.22949,-16.34584,-10.46333,53.05845432399118,-21.928674990091707,67.78131836388255,70.34493731856625,63.89445285063057
05/18/2023 18:40:42.339039,1411,True,True,True,True,Eyes,0.9096509,0.006499046,-1.865927,0.7204927,-0.316655,0.6169441,0.0,0.0,0.0,0.0,0.0,0.0,0.0,-2.069231,-0.2061148,-0.2311925,0.9805179,0.02138433,-1.848182,0.06121279,0.5634878,-0.08210957,0.8197516,11.12173,68.63481,356.1646,0.4060441,0.004459076,-0.9138423,0.314487,-0.0200546,0.1001975,1.750627,-0.6253396,-0.4224486,-0.5633443,-0.352699,1.92424,0.3514792,-0.0656336,-0.9338924,0.2036042,0.979022,0.007823098,0.9137877,-0.192894,0.3574691,moving,49.42719,-27.16978,-16.31802,-10.3866,53.14866809115299,-21.870539610355525,67.85357594745099,70.40952793001689,63.9839037198027
05/18/2023 18:40:42.349540,1412,True,True,True,True,Eyes,0.9137189,0.007099159,-1.865027,0.7221131,-0.3146529,0.6160732,0.0,0.0,0.0,0.0,0.0,0.0,0.0,-2.070704,-0.2069993,-0.2470562,0.9928443,0.0240909,-1.845367,0.05270324,0.5642766,-0.07647479,0.8203451,9.949236,68.70997,356.1583,0.4092838,0.004326475,-0.9123966,0.2956178,-0.01885133,0.09418562,1.769472,-0.6285271,-0.4268898,-0.5624427,-0.3500315,1.924753,0.3514872,-0.06599302,-0.9338639,0.1849498,0.9827479,0.0001638416,0.917742,-0.1727755,0.3576287,moving,49.53074,-27.0552,-16.28918,-10.30705,53.24295347305303,-21.76091801896326,67.91732030365229,70.46920375533053,64.07996932031224
05/18/2023 18:40:42.369924,1413,True,True,True,True,Eyes,0.9179983,0.007702249,-1.864101,0.7237579,-0.3131732,0.6148959,0.0,0.0,0.0,0.0,0.0,0.0,0.0,-2.073159,-0.2007105,-0.2625549,1.003317,0.02413487,-1.843902,0.04433861,0.5652234,-0.06989932,0.8207746,8.731338,68.81992,356.2514,0.4123726,0.004235863,-0.9110051,0.2778807,-0.01772025,0.08853448,1.789747,-0.6294435,-0.4317011,-0.5615506,-0.3473912,1.92526,0.3512733,-0.06462073,-0.9340404,0.1648656,0.9862963,-0.006233451,0.9216433,-0.1518015,0.3571133,moving,49.64917,-26.99024,-16.26065,-10.22831,53.35205589196881,-21.69740188907363,68.00784270771497,70.55117922729401,64.18892346603133
05/18/2023 18:40:42.389229,1414,True,True,True,True,Eyes,0.9225479,0.008378768,-1.863134,0.7254596,-0.3116999,0.613638,0.0,0.0,0.0,0.0,0.0,0.0,0.0,-2.073392,-0.2085118,-0.2790957,1.012704,0.02490075,-1.842318,0.04870328,0.566775,-0.07340632,0.8191493,9.381086,69.04895,356.2194,0.4153347,0.004183146,-0.9096588,0.2612078,-0.01665703,0.08322241,1.810633,-0.6256462,-0.4354701,-0.560644,-0.3447086,1.925776,0.3467551,-0.06505385,-0.9356971,0.1754691,0.984479,-0.003419206,0.9213966,-0.1630003,0.3527881,moving,49.77342,-26.92847,-16.23167,-10.14831,53.46664242017393,-21.63673847662745,68.10466706132334,70.63879064000712,64.30321031055415
05/18/2023 18:40:42.409418,1415,True,True,True,True,Eyes,0.927349,0.009079006,-1.862154,0.7274121,-0.3098858,0.6122438,0.0,0.0,0.0,0.0,0.0,0.0,0.0,-2.072889,-0.2213318,-0.2996988,1.023739,0.02734424,-1.840349,0.0473639,0.5688719,-0.07478612,0.8176481,9.354442,69.33051,356.0244,0.4181938,0.004168025,-0.908348,0.2455354,-0.01565761,0.07822907,1.836085,-0.6104879,-0.4376937,-0.559714,-0.3419562,1.926305,0.3415836,-0.06840948,-0.9373584,0.1761854,0.9843274,-0.007633424,0.9231898,-0.1625414,0.3482829,moving,49.91356,-26.84615,-16.20194,-10.06624,53.59564031729934,-21.556475751859136,68.21161719134139,70.73703228000984,64.43319441241539
05/18/2023 18:40:42.419307,1416,True,True,True,True,Eyes,0.9323657,0.009748831,-1.861158,0.7294979,-0.3078923,0.6107661,0.0,0.0,0.0,0.0,0.0,0.0,0.0,-2.073462,-0.2234184,-0.32039,1.034429,0.02853063,-1.838736,0.04132734,0.5708628,-0.07141529,0.8168889,8.572247,69.59151,355.9701,0.4209699,0.004187827,-0.9070647,0.2308033,-0.01471815,0.07353532,1.863522,-0.5941541,-0.4411676,-0.5588374,-0.339363,1.926803,0.3380311,-0.06949224,-0.9385659,0.1638612,0.9863839,-0.01401697,0.9267602,-0.1490563,0.3448154,moving,50.06253,-26.75306,-16.17392,-9.988914,53.73265901237469,-21.465929772704293,68.32498737439924,70.8424426474715,64.57241689817903
05/18/2023 18:40:42.443442,1417,True,True,True,True,Eyes,1.063382,0.02641755,-1.835855,0.7830849,-0.2599668,0.5649736,0.0,0.0,0.0,0.0,0.0,0.0,0.0,-2.073696,-0.2241036,-0.3425117,1.044604,0.02841713,-1.83732,0.03829101,0.5732101,-0.06953491,0.8155544,8.173608,69.91483,355.9725,0.4236798,0.00423754,-0.9058019,0.2169551,-0.01383506,0.0691232,1.886876,-0.5930765,-0.4485347,-0.5579514,-0.336741,1.927307,0.3331902,-0.0695214,-0.9402931,0.1573166,0.9873974,-0.0172594,0.9296429,-0.142173,0.339928,moving,54.19062,-24.70904,-16.14562,-9.910732,57.53984716809104,-19.45814865655004,71.87611965736926,74.30142149779903,68.68613094031485
05/18/2023 18:40:42.449139,1418,True,True,True,True,Eyes,1.063807,0.02643835,-1.835804,0.7833163,-0.2597323,0.5647608,0.0,0.0,0.0,0.0,0.0,0.0,0.0,-2.072707,-0.2303538,-0.3682706,1.055225,0.02901979,-1.835881,0.03716322,0.576274,-0.06979397,0.8134223,8.099912,70.34169,355.9042,0.4336341,0.00519734,-0.9010738,0.5969858,0.03700119,0.1408859,1.907794,-0.6000847,-0.4576965,-0.5570469,-0.3340652,1.927821,0.3260741,-0.07071156,-0.9426959,0.1563763,0.9874954,-0.01998212,0.9323208,-0.1408997,0.3330543,moving,54.20889,-24.6976,-16.11673,-9.830953,57.55665098835181,-19.447022147426782,71.87983042138461,74.29828969837011,68.69341823713458
05/18/2023 18:40:42.469147,1419,True,True,True,True,Eyes,1.064643,0.02646865,-1.835747,0.7837849,-0.2594786,0.564227,0.0,0.0,0.0,0.0,0.0,0.0,0.0,-2.07196,-0.2319453,-0.3945591,1.065855,0.02949115,-1.834551,0.03432548,0.579352,-0.06811115,0.811501,7.737283,70.77101,355.9044,0.4417953,0.006010226,-0.8970955,0.5611666,0.03478111,0.1324327,1.928446,-0.6071465,-0.4668367,-0.5561279,-0.3313461,1.928343,0.3194244,-0.07077148,-0.9449653,0.1503176,0.9883652,-0.02321034,0.9356135,-0.134631,0.3263461,moving,54.25084,-24.69691,-16.08739,-9.749889,57.59572537525149,-19.445415918326656,71.90883142081604,74.31826648695876,68.72341898838728
05/18/2023 18:40:42.489246,1420,True,True,True,True,Eyes,1.065851,0.02650506,-1.835662,0.7843982,-0.2593418,0.563437,0.0,0.0,0.0,0.0,0.0,0.0,0.0,-2.071181,-0.2307203,-0.4222999,1.076281,0.02976323,-1.833601,0.03295872,0.5827522,-0.06644742,0.8092579,7.515187,71.25313,356.0014,0.4485206,0.006701143,-0.8937472,0.5274966,0.03269425,0.1244868,1.946659,-0.6200727,-0.4771689,-0.5552281,-0.3286829,1.928855,0.3119691,-0.06913267,-0.9475738,0.1459597,0.988997,-0.02410056,0.9388137,-0.130789,0.3186271,moving,54.31013,-24.71592,-16.05866,-9.670493,57.65133470017807,-19.461852634228784,71.95923484637972,74.35747468941562,68.769856195078
05/18/2023 18:40:42.499356,1421,True,True,True,True,Eyes,1.067426,0.02654995,-1.835579,0.785124,-0.2594795,0.5623617,0.0,0.0,0.0,0.0,0.0,0.0,0.0,-2.070141,-0.2309196,-0.4488665,1.086462,0.02995636,-1.832755,0.03421448,0.5860235,-0.06636737,0.8068464,7.642831,71.72383,356.1241,0.4540991,0.007290656,-0.8909211,0.4958468,0.03073259,0.1170176,1.965162,-0.6352125,-0.4890423,-0.554327,-0.3260154,1.929367,0.3043436,-0.06699558,-0.9502034,0.1471975,0.9888495,-0.02257403,0.9411205,-0.1329973,0.3108116,moving,54.38707,-24.76908,-16.0299,-9.590974,57.724045145675966,-19.50985091965711,72.03419025524016,74.41793160185713,68.83210377269175
05/18/2023 18:40:42.519491,1422,True,True,True,True,Eyes,1.069336,0.02660003,-1.835486,0.7859295,-0.2598313,0.5610728,0.0,0.0,0.0,0.0,0.0,0.0,0.0,-2.068855,-0.2339231,-0.4745429,1.096672,0.03026915,-1.832066,0.03556542,0.5891475,-0.06700674,0.8044567,7.826592,72.17369,356.1858,0.4590209,0.00781312,-0.8883908,0.466096,0.02888864,0.1099965,1.985384,-0.6449527,-0.5003994,-0.5534285,-0.3233578,1.929878,0.2968305,-0.06590147,-0.9526535,0.1497146,0.9884904,-0.02173204,0.9431211,-0.1361754,0.3032805,moving,54.47707,-24.84873,-16.00123,-9.511754,57.8094328845501,-19.582345817411017,72.12775889846138,74.49450164280319,68.90610400316136
05/18/2023 18:40:42.539441,1423,True,True,True,True,Eyes,1.071577,0.02665193,-1.835406,0.7866529,-0.2601662,0.5599024,0.0,0.0,0.0,0.0,0.0,0.0,0.0,-2.067419,-0.2394913,-0.4989229,1.106647,0.03048632,-1.83164,0.03774858,0.5921094,-0.06866218,0.8020393,8.15565,72.60324,356.2097,0.4635093,0.008285015,-0.886053,0.4381302,0.02715532,0.1033967,2.007027,-0.6495332,-0.510738,-0.5525227,-0.3206779,1.930392,0.2893839,-0.06543697,-0.9549737,0.1548421,0.9877211,-0.02075938,0.9446062,-0.1418627,0.295963,moving,54.55853,-24.92257,-15.97234,-9.43188,57.886751822705655,-19.64959785233348,72.21194568513577,74.5625053427308,68.97198294124733
05/18/2023 18:40:42.549151,1424,True,True,True,True,Eyes,1.074134,0.02670724,-1.835317,0.7874738,-0.2606235,0.5585342,0.0,0.0,0.0,0.0,0.0,0.0,0.0,-2.065421,-0.2477298,-0.5236968,1.116729,0.030654,-1.831275,0.04016041,0.5951561,-0.07103861,0.7994561,8.555717,73.04636,356.1858,0.4676207,0.008711394,-0.8838859,0.4118424,0.025526,0.09719291,2.028384,-0.6538012,-0.5206041,-0.5516001,-0.3179477,1.930918,0.2814853,-0.06578106,-0.9573083,0.1613879,0.9866813,-0.02034516,0.9458964,-0.1487711,0.2883525,moving,54.65294,-25.01472,-15.94291,-9.350497,57.97648856344119,-19.733692242673836,72.31280605408857,74.64508173636328,69.04969994706275
05/18/2023 18:40:42.569229,1425,True,True,True,True,Eyes,1.076993,0.02676896,-1.83522,0.7882946,-0.2608318,0.5572776,0.0,0.0,0.0,0.0,0.0,0.0,0.0,-2.063065,-0.2568069,-0.5485808,1.12692,0.03082841,-1.830909,0.0410727,0.5981846,-0.07296809,0.7969718,8.787157,73.48218,356.1028,0.4714057,0.009096894,-0.8818691,0.3871319,0.02399444,0.09136134,2.049162,-0.6552007,-0.5289049,-0.5506968,-0.3152742,1.931432,0.2737016,-0.06716889,-0.9594664,0.1654451,0.9859774,-0.02182921,0.9474784,-0.1527644,0.2809764,moving,54.74195,-25.08178,-15.9141,-9.270822,58.06071221659382,-19.794425110301304,72.40347916005325,74.7196029493162,69.12361296707944
05/18/2023 18:40:42.589070,1426,True,True,True,True,Eyes,1.080148,0.02682259,-1.835113,0.7892253,-0.2610709,0.5558465,0.0,0.0,0.0,0.0,0.0,0.0,0.0,-2.060469,-0.2662805,-0.5732924,1.13705,0.03105899,-1.830643,0.04170042,0.6011918,-0.07484401,0.7944984,8.989477,73.91506,356.0066,0.4749089,0.009445854,-0.8799838,0.363904,0.02255477,0.08587965,2.070852,-0.6517923,-0.5355343,-0.5498303,-0.3127105,1.931923,0.2659336,-0.06878699,-0.961534,0.1690668,0.9853189,-0.02372937,0.9490498,-0.1562531,0.273659,moving,54.8432,-25.15858,-15.88649,-9.194428,58.1565276361106,-19.863994758208083,72.50891804857665,74.80780785098067,69.20972015036108
05/18/2023 18:40:42.599477,1427,True,True,True,True,Eyes,1.083583,0.02686401,-1.835019,0.7901717,-0.2610847,0.5544939,0.0,0.0,0.0,0.0,0.0,0.0,0.0,-2.05789,-0.2737463,-0.5980483,1.147388,0.03102409,-1.830314,0.04174608,0.6041197,-0.07603607,0.7921585,9.09134,74.33663,355.9333,0.4781696,0.009761443,-0.8782129,0.3420697,0.02120149,0.08072688,2.092392,-0.6480778,-0.541352,-0.548906,-0.3099765,1.932448,0.258516,-0.070026,-0.9634655,0.1709045,0.9849516,-0.02573073,0.9507686,-0.1580088,0.2665935,moving,54.94118,-25.21351,-15.85703,-9.112964,58.24887643251378,-19.91316815734891,72.60588213569349,74.88878272495089,69.29295445116841
05/18/2023 18:40:42.619124,1428,True,True,True,True,Eyes,1.087288,0.02688774,-1.834925,0.79118,-0.2612026,0.5529986,0.0,0.0,0.0,0.0,0.0,0.0,0.0,-2.055997,-0.2784009,-0.6209116,1.157451,0.03069778,-1.830171,0.04202143,0.6066999,-0.07671697,0.7901039,9.177349,74.71181,355.9199,0.4812223,0.01004637,-0.8765407,0.3215456,0.0199294,0.07588326,2.111982,-0.6495603,-0.548659,-0.547845,-0.3068365,1.933052,0.2520596,-0.07023997,-0.9651594,0.1722175,0.9846974,-0.02668576,0.9522644,-0.1594909,0.2602991,moving,55.04821,-25.28318,-15.82323,-9.019404,58.34994062180889,-19.97593154606265,72.71362607827899,74.97802835470938,69.38293578184849
05/18/2023 18:40:42.639083,1429,True,True,True,True,Eyes,1.091262,0.02689756,-1.83488,0.7922091,-0.2610705,0.5515859,0.0,0.0,0.0,0.0,0.0,0.0,0.0,-2.054401,-0.2831025,-0.6424674,1.167682,0.03031731,-1.830048,0.04291297,0.6090037,-0.07765326,0.7881899,9.336318,75.05075,355.9237,0.4840976,0.0103028,-0.874953,0.3022528,0.01873363,0.07133026,2.129693,-0.6543695,-0.555603,-0.5470759,-0.3045604,1.93349,0.246169,-0.07014271,-0.9666856,0.1746793,0.9842569,-0.02693512,0.9533563,-0.1622294,0.2545461,moving,55.15194,-25.32861,-15.79873,-8.951592,58.44746474824097,-20.01608096728977,72.8162364587818,75.06610653751133,69.47422644483945
05/18/2023 18:40:42.659063,1430,True,True,True,True,Eyes,1.095487,0.02688847,-1.834839,0.7932751,-0.2610094,0.5500807,0.0,0.0,0.0,0.0,0.0,0.0,0.0,-2.053054,-0.2893423,-0.6622474,1.177882,0.03004304,-1.83003,0.04330559,0.6109865,-0.07877462,0.7865206,9.461332,75.33998,355.8725,0.4868218,0.01053283,-0.8734374,0.2841177,0.01760961,0.06705045,2.147047,-0.6598455,-0.5626765,-0.5462179,-0.302021,1.933977,0.2409799,-0.07099746,-0.96793,0.176834,0.9838383,-0.028139,0.9542845,-0.164382,0.24964,moving,55.26141,-25.38401,-15.7714,-8.875945,58.55052856920739,-20.065431262037112,72.92582743130396,75.15952147968135,69.56978204673636
05/18/2023 18:40:42.669188,1431,True,True,True,True,Eyes,1.099946,0.02684656,-1.834825,0.7943798,-0.2607837,0.5485914,0.0,0.0,0.0,0.0,0.0,0.0,0.0,-2.051777,-0.296371,-0.6812551,1.188152,0.02960427,-1.830068,0.04356648,0.6128129,-0.08007855,0.7849521,9.586798,75.60552,355.7939,0.4894185,0.01073814,-0.8719825,0.2670706,0.01655304,0.06302742,2.164208,-0.6658697,-0.5699871,-0.5452351,-0.2991129,1.934536,0.2360957,-0.07231946,-0.9690349,0.1791118,0.9833788,-0.02975114,0.95508,-0.1665415,0.2451247,moving,55.3714,-25.425,-15.74011,-8.789326,58.6538003420316,-20.10128137245729,73.0314487321344,75.2490148129974,69.6650217305233
05/18/2023 18:40:42.688946,1432,True,True,True,True,Eyes,1.10463,0.02675915,-1.834824,0.7954884,-0.2606944,0.5470253,0.0,0.0,0.0,0.0,0.0,0.0,0.0,-2.050847,-0.3027353,-0.6990416,1.198163,0.02880119,-1.830261,0.04420678,0.6144492,-0.08145051,0.7834947,9.750954,75.84602,355.7343,0.4919077,0.01091957,-0.8705785,0.2510464,0.01555986,0.05924577,2.181865,-0.6717927,-0.5773124,-0.5443762,-0.2965709,1.935024,0.2316361,-0.07330643,-0.9700367,0.1819577,0.9828232,-0.03082284,0.955634,-0.1693659,0.240996,moving,55.48526,-25.48095,-15.71277,-8.713615,58.7609651765637,-20.151045986480685,73.1457654200373,75.3468782280955,69.76498993938961
05/18/2023 18:40:42.709144,1433,True,True,True,True,Eyes,1.109524,0.02663919,-1.83485,0.7966341,-0.2605688,0.5454155,0.0,0.0,0.0,0.0,0.0,0.0,0.0,-2.050199,-0.308164,-0.7163966,1.208269,0.02765128,-1.830526,0.04531202,0.6159751,-0.0828209,0.7820884,9.956896,76.07404,355.7073,0.4943075,0.01107734,-0.8692161,0.2359836,0.01462627,0.05569103,2.19921,-0.6777478,-0.5848919,-0.5435066,-0.2939977,1.935519,0.2274307,-0.07372438,-0.9709996,0.1853687,0.9821751,-0.03115522,0.9559885,-0.1729072,0.2370429,moving,55.60251,-25.53584,-15.6851,-8.636981,58.87126835728837,-20.19974079475725,73.26318840327644,75.44766051176754,69.86825205726181
05/18/2023 18:40:42.719279,1434,True,True,True,True,Eyes,1.114633,0.02648692,-1.834891,0.7977774,-0.2605298,0.5437604,0.0,0.0,0.0,0.0,0.0,0.0,0.0,-2.049801,-0.3150258,-0.7319605,1.21818,0.0267802,-1.83085,0.04732575,0.617238,-0.08477927,0.7807626,10.2858,76.26865,355.689,0.4966335,0.01121224,-0.8678876,0.2218246,0.01374869,0.05234956,2.217731,-0.680451,-0.5921243,-0.5426077,-0.291338,1.93603,0.2236595,-0.07396246,-0.9718571,0.1908074,0.9811456,-0.03075763,0.9558082,-0.1785583,0.2335551,moving,55.72189,-25.6003,-15.6565,-8.557782,58.98373987622762,-20.257344706097115,73.38475304020872,75.55160604709008,69.97296369130024
05/18/2023 18:40:42.739164,1435,True,True,True,True,Eyes,1.119939,0.02629586,-1.834965,0.7989867,-0.2603132,0.5420859,0.0,0.0,0.0,0.0,0.0,0.0,0.0,-2.049773,-0.3194429,-0.7480291,1.228454,0.02587172,-1.831227,0.04799873,0.6184701,-0.08567869,0.7796473,10.41774,76.453,355.6717,0.4988995,0.01132499,-0.8665855,0.2085151,0.01292377,0.04920859,2.238922,-0.6754153,-0.598155,-0.5416995,-0.2886512,1.936546,0.2203078,-0.07422675,-0.9726021,0.1929699,0.9807106,-0.03113524,0.9561522,-0.1808236,0.2303817,moving,55.84441,-25.65062,-15.62761,-8.477789,59.09886575886171,-20.30164118301352,73.50616142497825,75.65612770810769,70.08127272634381
05/18/2023 18:40:42.758803,1436,True,True,True,True,Eyes,1.125436,0.02607225,-1.835058,0.8001631,-0.2602074,0.5403989,0.0,0.0,0.0,0.0,0.0,0.0,0.0,-2.050059,-0.3230333,-0.7629261,1.238424,0.02473685,-1.831623,0.04808959,0.6195067,-0.08626848,0.7787532,10.4739,76.60532,355.6386,0.5011172,0.01141596,-0.8653039,0.1960042,0.01214834,0.04625607,2.262238,-0.6660062,-0.6043074,-0.5408093,-0.2860172,1.937052,0.2175383,-0.07478006,-0.973183,0.1939474,0.9804903,-0.03198796,0.9565884,-0.1817877,0.2277976,moving,55.96645,-25.71127,-15.59931,-8.399371,59.2137426540416,-20.355617901322592,73.6298842275594,75.76242266045739,70.18896747952756
05/18/2023 18:40:42.769810,1437,True,True,True,True,Eyes,1.131127,0.02581474,-1.835192,0.8014283,-0.2599562,0.5386423,0.0,0.0,0.0,0.0,0.0,0.0,0.0,-2.050512,-0.3289402,-0.7767591,1.248532,0.02376062,-1.832146,0.04891433,0.6203701,-0.08760478,0.7778649,10.64902,76.7354,355.5882,0.5032969,0.01148576,-0.864037,0.1842439,0.01141944,0.04348071,2.285642,-0.6553804,-0.6100463,-0.539923,-0.2833936,1.937556,0.2149327,-0.07559938,-0.9736986,0.1969793,0.9798656,-0.03259728,0.956558,-0.1847922,0.2254967,moving,56.09484,-25.76259,-15.57113,-8.321273,59.33435720227248,-20.40071603201096,73.75778463820203,75.87321633470802,70.30337839808222
05/18/2023 18:40:42.789232,1438,True,True,True,True,Eyes,1.136997,0.02552563,-1.835352,0.8026611,-0.2597347,0.5369108,0.0,0.0,0.0,0.0,0.0,0.0,0.0,-2.051772,-0.3318529,-0.7899642,1.258765,0.02267303,-1.832741,0.04910373,0.6210353,-0.0880584,0.7772706,10.70245,76.83418,355.5699,0.5054471,0.01153489,-0.8627803,0.1731893,0.01073427,0.04087187,2.307602,-0.6482218,-0.6164695,-0.538995,-0.2806489,1.938083,0.2131218,-0.07590012,-0.9740729,0.1978807,0.9796691,-0.03304097,0.9567769,-0.1857085,0.2238081,moving,56.2209,-25.81574,-15.54163,-8.239583,59.45283585582866,-20.44758044957665,73.88357061545922,75.98161034572722,70.41498750455371
05/18/2023 18:40:42.809534,1439,True,True,True,True,Eyes,1.14304,0.02522514,-1.835539,0.8039719,-0.2594454,0.5350862,0.0,0.0,0.0,0.0,0.0,0.0,0.0,-2.053948,-0.332151,-0.8021475,1.268932,0.02162279,-1.833526,0.04939098,0.6214899,-0.08793311,0.7769032,10.72196,76.90435,355.6082,0.5075758,0.01156392,-0.8615294,0.162798,0.01009022,0.03841955,2.330327,-0.6383995,-0.622532,-0.5380894,-0.2779688,1.938598,0.2120363,-0.07523903,-0.9743611,0.198023,0.9796566,-0.03255505,0.9569886,-0.1860431,0.2226218,moving,56.35412,-25.8672,-15.51286,-8.159824,59.57795352613604,-20.492699051797803,74.01630887261115,76.09684673532928,70.53400501571973
05/18/2023 18:40:42.818980,1440,True,True,True,True,Eyes,1.149262,0.02491118,-1.835758,0.8052497,-0.259154,0.5333031,0.0,0.0,0.0,0.0,0.0,0.0,0.0,-2.056094,-0.3345841,-0.8137988,1.27918,0.02099964,-1.834392,0.05040827,0.6218842,-0.08842873,0.776466,10.85158,76.96949,355.6421,0.5096896,0.01157433,-0.8602803,0.1530301,0.009484806,0.03611438,2.351483,-0.6314273,-0.6289122,-0.5371256,-0.2751167,1.939146,0.2108808,-0.07462758,-0.974659,0.20002,0.9792787,-0.03170424,0.9568288,-0.1882655,0.2214381,moving,56.48417,-25.91703,-15.48224,-8.074958,59.70008621060751,-20.53636448623207,74.14515292007485,76.20806273651961,70.64934596526601
05/18/2023 18:40:42.839083,1441,True,True,True,True,Eyes,1.155656,0.02458752,-1.836036,0.8066535,-0.2586632,0.5314165,0.0,0.0,0.0,0.0,0.0,0.0,0.0,-2.058839,-0.3345547,-0.8256073,1.289679,0.02035345,-1.835399,0.05035898,0.6222116,-0.08802453,0.7762529,10.81989,77.01906,355.6798,0.5117945,0.01156732,-0.8590298,0.1438483,0.008915718,0.03394752,2.370334,-0.6286949,-0.6350203,-0.5362572,-0.2725478,1.939639,0.210209,-0.07399072,-0.9748526,0.1993265,0.9794314,-0.03135715,0.9571213,-0.1877224,0.2206336,moving,56.62344,-25.95417,-15.45467,-7.998533,59.83056623218387,-20.567940548707146,74.28094534433356,76.32730049373703,70.77532646817068
05/18/2023 18:40:42.849502,1442,True,True,True,True,Eyes,1.162219,0.02424655,-1.836352,0.8080214,-0.2581755,0.5295724,0.0,0.0,0.0,0.0,0.0,0.0,0.0,-2.061643,-0.3335926,-0.8378,1.300091,0.01973556,-1.836556,0.05044336,0.6226209,-0.08743382,0.7759859,10.78726,77.08251,355.7452,0.5138946,0.01154417,-0.8577754,0.1352174,0.008380774,0.03191067,2.384877,-0.6324397,-0.6407052,-0.5353012,-0.2697189,1.940183,0.2093971,-0.07288065,-0.9751109,0.198509,0.9796216,-0.03058958,0.957469,-0.1871629,0.2195974,moving,56.7594,-25.99001,-15.42431,-7.914378,59.957937154126434,-20.5983755403317,74.41247517428462,76.44191899480901,70.89710506196658
05/18/2023 18:40:42.869516,1443,True,True,True,True,Eyes,1.168933,0.02390008,-1.836715,0.8095255,-0.2575174,0.527592,0.0,0.0,0.0,0.0,0.0,0.0,0.0,-2.064605,-0.3332647,-0.8498009,1.310703,0.01896833,-1.837803,0.05037535,0.6229638,-0.08698207,0.7757658,10.75048,77.1344,355.786,0.5159947,0.01150568,-0.8565143,0.1271043,0.007877928,0.02999602,2.403049,-0.6257731,-0.6444637,-0.5344627,-0.2672364,1.94066,0.2087003,-0.07219139,-0.9753116,0.1977195,0.9797929,-0.03021443,0.9577846,-0.1865323,0.2187567,moving,56.90651,-26.01698,-15.39769,-7.840541,60.09552703985251,-20.620252634206388,74.55387496542832,76.56727008637404,71.03152290727425
05/18/2023 18:40:42.889254,1444,True,True,True,True,Eyes,1.175801,0.02353693,-1.837124,0.8109956,-0.2568841,0.5256392,0.0,0.0,0.0,0.0,0.0,0.0,0.0,-2.067106,-0.3365023,-0.86125,1.320994,0.01845692,-1.839171,0.05016244,0.6233211,-0.08727203,0.7754599,10.75414,77.18495,355.7494,0.5180974,0.01145313,-0.8552447,0.1194781,0.007405253,0.02819626,2.422981,-0.6085824,-0.6448346,-0.5335575,-0.2645581,1.941175,0.207709,-0.07281733,-0.9754766,0.1978865,0.9797347,-0.03099905,0.9579654,-0.1865949,0.2179092,moving,57.05109,-26.04513,-15.36896,-7.76089,60.23078220221851,-20.64329217011916,74.69255032719194,76.68948628537414,71.16265314269582
05/18/2023 18:40:42.909219,1445,True,True,True,True,Eyes,1.182814,0.02316003,-1.837578,0.8125744,-0.2561525,0.5235539,0.0,0.0,0.0,0.0,0.0,0.0,0.0,-2.069088,-0.3403797,-0.8742998,1.33156,0.01770177,-1.840656,0.04991837,0.6239344,-0.08771635,0.7749321,10.76757,77.27294,355.7001,0.5202055,0.01138716,-0.853965,0.1123094,0.006960937,0.02650449,2.437712,-0.6098103,-0.6497783,-0.5326524,-0.2618797,1.94169,0.2060233,-0.07365685,-0.9757711,0.19824,0.979628,-0.0320918,0.9582564,-0.1868252,0.2164279,moving,57.20571,-26.07052,-15.34024,-7.681248,60.37533933437976,-20.66351840004443,74.84036468438997,76.82049400180023,71.30377442144407
05/18/2023 18:40:42.919337,1446,True,True,True,True,Eyes,1.189969,0.0227543,-1.838082,0.8141495,-0.2554016,0.5214698,0.0,0.0,0.0,0.0,0.0,0.0,0.0,-2.070899,-0.3422448,-0.8885796,1.342077,0.01713267,-1.842243,0.04985703,0.6247656,-0.08768632,0.7742696,10.76448,77.39642,355.71,0.5223212,0.01130848,-0.8526736,0.1055708,0.006543281,0.02491422,2.446438,-0.6255342,-0.6562331,-0.5317395,-0.2591791,1.942208,0.2039581,-0.07348777,-0.9762176,0.1980836,0.9796508,-0.03236122,0.9587305,-0.1867723,0.2143643,moving,57.36008,-26.09434,-15.31129,-7.600964,60.51963339220204,-20.68228077658905,74.98755212403107,76.95095705138101,71.44462797983626
05/18/2023 18:40:42.939202,1447,True,True,True,True,Eyes,1.197256,0.02233559,-1.83865,0.8158001,-0.2545445,0.5193046,0.0,0.0,0.0,0.0,0.0,0.0,0.0,-2.072839,-0.3409184,-0.903881,1.352646,0.01601548,-1.843903,0.04941236,0.6257131,-0.08693638,0.7736174,10.67553,77.53644,355.7588,0.524446,0.01121707,-0.8513696,0.09923656,0.006150684,0.02341937,2.466978,-0.6040342,-0.6570762,-0.5308467,-0.2565387,1.942716,0.2018506,-0.07267508,-0.9767163,0.1963469,0.980001,-0.03234193,0.9595335,-0.185247,0.2120833,moving,57.52085,-26.11243,-15.28298,-7.522475,60.66978078520719,-20.695533150752297,75.13976370451883,77.08664820796147,71.59217725711189
05/18/2023 18:40:42.949490,1448,True,True,True,True,Eyes,1.204667,0.0219767,-1.839266,0.8173972,-0.2538599,0.5171238,0.0,0.0,0.0,0.0,0.0,0.0,0.0,-2.074569,-0.340473,-0.9190906,1.363026,0.01507816,-1.845649,0.04907843,0.6266961,-0.08638972,0.7729037,10.61135,77.68214,355.7976,0.5265806,0.01111361,-0.8500523,0.0,0.0,0.0,2.500178,-0.5432658,-0.6523753,-0.5299197,-0.253795,1.943242,0.1995778,-0.07202738,-0.9772311,0.1950564,0.9802562,-0.03241439,0.9602717,-0.184146,0.2096868,moving,57.68064,-26.14676,-15.2536,-7.440938,60.81932673615813,-20.724009186082817,75.29482811636723,77.2238963167453,71.73788025354342
05/18/2023 18:40:42.969602,1449,True,True,True,True,Eyes,1.212222,0.02167293,-1.839921,0.8190921,-0.2529777,0.5148693,0.0,0.0,0.0,0.0,0.0,0.0,0.0,-2.075416,-0.3478084,-0.9333516,1.373426,0.01618282,-1.847405,0.05042572,0.627681,-0.08758532,0.7718827,10.82423,77.83683,355.8015,0.5287258,0.01100207,-0.8487211,0.0,0.0,0.0,2.515405,-0.5383413,-0.6559547,-0.5290426,-0.251199,1.943741,0.1966908,-0.07190861,-0.9778252,0.1985137,0.9795722,-0.03210578,0.9601589,-0.1877967,0.2069477,moving,57.84713,-26.16689,-15.2258,-7.363794,60.9748429901194,-20.7390401255028,75.45335988523053,77.36559442688598,71.89121008008138
05/18/2023 18:40:42.988998,1450,True,True,True,True,Eyes,1.219899,0.02129001,-1.840627,0.8208739,-0.2516551,0.5126751,0.0,0.0,0.0,0.0,0.0,0.0,0.0,-2.076914,-0.3444105,-0.9508393,1.384448,0.01711702,-1.849134,0.04840037,0.6289245,-0.08548599,0.7712352,10.49703,78.01247,355.8604,0.530883,0.01088576,-0.8473749,0.0,0.0,0.0,2.520904,-0.5623345,-0.6618806,-0.5281525,-0.248564,1.944247,0.1942924,-0.07097925,-0.9783723,0.19274,0.9806991,-0.03287233,0.9618222,-0.1821846,0.2042228,moving,58.01324,-26.14488,-15.19759,-7.285507,61.12919639153892,-20.714635203821917,75.60093636484953,77.4991600288306,72.04528206194165
05/18/2023 18:40:42.999284,1451,True,True,True,True,Eyes,1.227644,0.02097205,-1.841382,0.8225974,-0.2505997,0.5104245,0.0,0.0,0.0,0.0,0.0,0.0,0.0,-2.081481,-0.3246006,-0.9667826,1.395006,0.0147039,-1.851038,0.04404777,0.6296344,-0.07997646,0.7715077,9.710979,78.10052,356.0478,0.5330524,0.01076159,-0.8460134,0.0,0.0,0.0,2.546826,-0.5187865,-0.6575223,-0.5272548,-0.2459083,1.944758,0.1943287,-0.06793695,-0.9785812,0.1788729,0.9833271,-0.03274547,0.96449,-0.1686783,0.2032408,moving,58.18026,-26.14935,-15.16915,-7.206622,61.28490592413423,-20.714995684882403,75.7559429446303,77.63825620698256,72.19931786078332
05/18/2023 18:40:43.019123,1452,True,True,True,True,Eyes,1.235545,0.02071396,-1.842162,0.8243486,-0.2494337,0.5081657,0.0,0.0,0.0,0.0,0.0,0.0,0.0,-2.08178,-0.3405093,-0.9780223,1.404446,0.01600252,-1.852986,0.04764077,0.630388,-0.08365708,0.7702876,10.30377,78.23066,355.9893,0.5352327,0.01063334,-0.8446374,0.0,0.0,0.0,2.571168,-0.4770511,-0.6560705,-0.526352,-0.2432375,1.945271,0.1912251,-0.06881569,-0.979131,0.1889444,0.9814637,-0.03207863,0.9631891,-0.178867,0.2006828,moving,58.34844,-26.14416,-15.14056,-7.127299,61.44151090493178,-20.706287501438453,75.90964446823158,77.77661931975571,72.35472869753879
05/18/2023 18:40:43.039609,1453,True,True,True,True,Eyes,1.243558,0.02045114,-1.842991,0.8262113,-0.2476708,0.5059983,0.0,0.0,0.0,0.0,0.0,0.0,0.0,-2.081364,-0.3462435,-0.9961748,1.416109,0.01717356,-1.854363,0.04544277,0.6317421,-0.08353452,0.7693238,10.10571,78.4169,355.8577,0.5374254,0.01050412,-0.8432456,0.0,0.0,0.0,2.581179,-0.4948125,-0.6634116,-0.525413,-0.240459,1.945805,0.1878479,-0.07111395,-0.9796204,0.1859464,0.9819139,-0.03562414,0.9644362,-0.1754649,0.1976738,moving,58.51537,-26.08035,-15.11083,-7.044791,61.59582609985375,-20.642737499242703,76.04715532406509,77.90260097722987,72.51013204800859
05/18/2023 18:40:43.049138,1454,True,True,True,True,Eyes,1.251634,0.02030734,-1.843853,0.8279641,-0.2463525,0.5037717,0.0,0.0,0.0,0.0,0.0,0.0,0.0,-2.085526,-0.3267205,-1.012425,1.426687,0.01663147,-1.856195,0.03907269,0.632485,-0.07734356,0.7697105,9.090049,78.49952,355.9559,0.5396301,0.01037385,-0.8418381,0.0,0.0,0.0,2.599571,-0.4870532,-0.6690499,-0.5244596,-0.2376378,1.946346,0.1879615,-0.06963851,-0.9797046,0.1684901,0.9849827,-0.03768796,0.9676165,-0.1579866,0.1968722,moving,58.68174,-26.05938,-15.08065,-6.961036,61.750441721143865,-20.61930010288869,76.19473027745708,78.03566385549033,72.66353842490511
05/18/2023 18:40:43.069047,1455,True,True,True,True,Eyes,1.259853,0.02025464,-1.844734,0.8297423,-0.2450314,0.5014852,0.0,0.0,0.0,0.0,0.0,0.0,0.0,-2.084095,-0.3438734,-1.026318,1.436356,0.01942874,-1.857831,0.04269648,0.6337121,-0.08087679,0.7681439,9.677324,78.69916,355.9201,0.5418455,0.010248,-0.8404154,0.0,0.0,0.0,2.623314,-0.4568537,-0.6727972,-0.5234878,-0.2347617,1.946899,0.1837361,-0.0701355,-0.9804704,0.1783646,0.9832719,-0.03691112,0.9666578,-0.1680993,0.1931722,moving,58.85179,-26.04067,-15.0499,-6.875666,61.90852962090219,-20.597893901588105,76.34629763895639,78.17224205751347,72.82025018763532
05/18/2023 18:40:43.089040,1456,True,True,True,True,Eyes,1.26816,0.02015059,-1.845654,0.8316449,-0.2430577,0.4992892,0.0,0.0,0.0,0.0,0.0,0.0,0.0,-2.083854,-0.3463123,-1.044569,1.44799,0.02152447,-1.859131,0.04169982,0.6350611,-0.08016514,0.7671585,9.543727,78.89647,355.9276,0.544073,0.01013018,-0.8389763,0.0,0.0,0.0,2.644164,-0.4417158,-0.6798283,-0.5227398,-0.2325483,1.947324,0.180542,-0.07003488,-0.9810708,0.1759626,0.9836693,-0.03783878,0.9676993,-0.1658002,0.1899171,moving,59.02094,-25.95716,-15.02624,-6.809981,62.06453524228657,-20.51585316597936,76.48267339476595,78.29967151455305,72.9805273169466
05/18/2023 18:40:43.099595,1457,True,True,True,True,Eyes,1.276495,0.02006906,-1.846578,0.8334223,-0.2417212,0.496969,0.0,0.0,0.0,0.0,0.0,0.0,0.0,-2.090501,-0.3103636,-1.060166,1.458367,0.01997,-1.860978,0.03583173,0.6354952,-0.07092912,0.7680046,8.348172,78.94474,356.3257,0.5463118,0.01001729,-0.8375216,0.0,0.0,0.0,2.665187,-0.4354101,-0.6906544,-0.5217928,-0.2297464,1.947862,0.1822298,-0.06340599,-0.9812095,0.1544896,0.9873703,-0.03511237,0.9710434,-0.1451881,0.1897239,moving,59.19241,-25.93787,-14.99629,-6.726842,62.223935119552685,-20.493871555595,76.63567579467662,78.43783698126192,73.13885745792726
05/18/2023 18:40:43.119048,1458,True,True,True,True,Eyes,1.284931,0.02006059,-1.847512,0.8351365,-0.2406359,0.4946123,0.0,0.0,0.0,0.0,0.0,0.0,0.0,-2.089179,-0.3229599,-1.074715,1.467551,0.02048285,-1.862755,0.04090129,0.6368454,-0.07423273,0.7663189,9.046524,79.17284,356.4194,0.5485599,0.009909849,-0.8360522,0.0,0.0,0.0,2.688186,-0.4205552,-0.7011636,-0.5209492,-0.2272516,1.948341,0.1778351,-0.06167631,-0.9821257,0.1658675,0.9856331,-0.03186267,0.9699809,-0.1572364,0.1855102,moving,59.36373,-25.94358,-14.96962,-6.652833,62.38367504964851,-20.49529428120378,76.79570197635093,78.58209713006902,73.2975609900839
05/18/2023 18:40:43.139361,1459,True,True,True,True,Eyes,1.293472,0.02008932,-1.848456,0.8369644,-0.2390165,0.4923025,0.0,0.0,0.0,0.0,0.0,0.0,0.0,-2.087261,-0.3374434,-1.09082,1.478456,0.02228595,-1.86389,0.04244604,0.6381246,-0.07680995,0.7649156,9.378972,79.37054,356.3195,0.5508174,0.009810572,-0.8345679,0.0,0.0,0.0,2.710852,-0.4113313,-0.7144337,-0.520064,-0.2246321,1.948845,0.1737946,-0.06333453,-0.9827432,0.1716779,0.9845971,-0.03309337,0.9697022,-0.1629639,0.1819908,moving,59.53596,-25.89692,-14.94163,-6.575137,62.54325776527993,-20.447675964542047,76.94311347032423,78.71693063960743,73.45806319845008
05/18/2023 18:40:43.149484,1460,True,True,True,True,Eyes,1.302058,0.02009826,-1.849407,0.8387879,-0.2374132,0.4899693,0.0,0.0,0.0,0.0,0.0,0.0,0.0,-2.087691,-0.322971,-1.111185,1.489494,0.02308282,-1.86504,0.03621013,0.6395802,-0.07172287,0.764514,8.459565,79.55898,356.328,0.5530848,0.009720257,-0.8330681,0.0,0.0,0.0,2.730397,-0.4139427,-0.7285722,-0.5191377,-0.221892,1.949371,0.171586,-0.0633477,-0.9831303,0.1559848,0.9870893,-0.03637875,0.9727418,-0.1471114,0.179252,moving,59.70911,-25.85237,-14.91236,-6.493885,62.70373820327429,-20.402011622389303,77.09159958423567,78.8523600562769,73.61885220788305
05/18/2023 18:40:43.169533,1461,True,True,True,True,Eyes,1.310688,0.0201252,-1.850333,0.84047,-0.23615,0.4876919,0.0,0.0,0.0,0.0,0.0,0.0,0.0,-2.086999,-0.3215915,-1.127625,1.499174,0.02260095,-1.866143,0.03575603,0.6408436,-0.07102234,0.7635424,8.373816,79.74789,356.3705,0.5553606,0.00963712,-0.8315536,0.0,0.0,0.0,2.748995,-0.4178144,-0.7422372,-0.5182396,-0.2192337,1.949882,0.1685509,-0.06262907,-0.9837012,0.1542852,0.9873546,-0.03642591,0.9735433,-0.1456309,0.1760822,moving,59.87508,-25.83718,-14.88397,-6.41507,62.858092051621405,-20.38399367181253,77.24075293363342,78.98708147910693,73.77207482088612
05/18/2023 18:40:43.189309,1462,True,True,True,True,Eyes,1.319387,0.02018055,-1.851254,0.8421386,-0.2348452,0.4854382,0.0,0.0,0.0,0.0,0.0,0.0,0.0,-2.085963,-0.3330586,-1.140804,1.508987,0.02310206,-1.86709,0.03806769,0.6417239,-0.07343034,0.7624627,8.759913,79.89049,356.3384,0.557644,0.009561237,-0.8300248,0.0,0.0,0.0,2.765779,-0.4262125,-0.7558684,-0.5173228,-0.2165199,1.950403,0.1655969,-0.06311789,-0.9841717,0.1608337,0.9863176,-0.03619362,0.9729904,-0.1522944,0.1734826,moving,60.03935,-25.81676,-14.85502,-6.334634,63.010761517993785,-20.36111917074612,77.38681988024042,79.1190382755826,73.9234671701729
05/18/2023 18:40:43.199292,1463,True,True,True,True,Eyes,1.328133,0.02024541,-1.852176,0.8437608,-0.2335633,0.4832349,0.0,0.0,0.0,0.0,0.0,0.0,0.0,-2.086257,-0.3329831,-1.155308,1.519372,0.02381983,-1.867893,0.03707508,0.6425138,-0.07265776,0.7619202,8.619031,80.00495,356.3422,0.559935,0.00949312,-0.828482,0.0,0.0,0.0,2.782246,-0.4365531,-0.7700186,-0.5163975,-0.2137817,1.950929,0.1637937,-0.06307633,-0.9844761,0.1583613,0.9866925,-0.03687073,0.9737009,-0.1498637,0.1716029,moving,60.19956,-25.796,-14.8258,-6.25349,63.15964148441403,-20.33801936326828,77.5287968449769,79.24710121451592,74.07070704995155
05/18/2023 18:40:43.219306,1464,True,True,True,True,Eyes,1.336927,0.02032802,-1.853089,0.8453304,-0.2324198,0.4810379,0.0,0.0,0.0,0.0,0.0,0.0,0.0,-2.087605,-0.3300086,-1.168381,1.529249,0.0240885,-1.868939,0.0367445,0.6431125,-0.07152938,0.7615377,8.509161,80.09555,356.4242,0.562232,0.00943239,-0.8269255,0.0,0.0,0.0,2.799836,-0.4408394,-0.7833812,-0.5155064,-0.2111447,1.951436,0.1625795,-0.06168292,-0.9847655,0.1562063,0.9870668,-0.03603823,0.9742523,-0.1479675,0.1701121,moving,60.35782,-25.78812,-14.79766,-6.175358,63.30695170716734,-20.32702034200047,77.67243144964011,79.3763183636617,74.21606809248566
05/18/2023 18:40:43.239128,1465,True,True,True,True,Eyes,1.345775,0.02045529,-1.854004,0.8468699,-0.2313163,0.478857,0.0,0.0,0.0,0.0,0.0,0.0,0.0,-2.08741,-0.3337285,-1.181831,1.539231,0.02460961,-1.869637,0.03771502,0.6438704,-0.07200046,0.7608051,8.633039,80.21553,356.4633,0.5645345,0.009379066,-0.8253559,0.0,0.0,0.0,2.817451,-0.4439534,-0.7967186,-0.5146036,-0.2084731,1.951949,0.1604937,-0.06098947,-0.9851508,0.1581238,0.986787,-0.03533037,0.9742888,-0.1501055,0.168017,moving,60.5143,-25.78329,-14.76917,-6.096225,63.45266192226462,-20.318916980441788,77.81504599725638,79.5043392302932,74.35939985103815
05/18/2023 18:40:43.249082,1466,True,True,True,True,Eyes,1.354672,0.0206079,-1.854904,0.848386,-0.2301951,0.476709,0.0,0.0,0.0,0.0,0.0,0.0,0.0,-2.087462,-0.3383165,-1.194772,1.549344,0.02582157,-1.870375,0.03768388,0.6445091,-0.07232415,0.7602351,8.657313,80.31138,356.4397,0.5668419,0.009334326,-0.8237734,0.0,0.0,0.0,2.835764,-0.4441959,-0.8095783,-0.5136936,-0.2057818,1.952466,0.1587546,-0.0613915,-0.9854077,0.1585419,0.9866983,-0.03592993,0.9745058,-0.1505243,0.166376,moving,60.66832,-25.77515,-14.74046,-6.016525,63.59601646240495,-20.3077716564013,77.95439283952525,79.62941212604188,74.50024839728816
05/18/2023 18:40:43.269293,1467,True,True,True,True,Eyes,1.363601,0.02077333,-1.855762,0.8500366,-0.228729,0.474469,0.0,0.0,0.0,0.0,0.0,0.0,0.0,-2.087377,-0.3409579,-1.208064,1.559439,0.02657688,-1.870897,0.03684211,0.6451538,-0.07219137,0.7597418,8.576517,80.40385,356.3961,0.5691535,0.009298388,-0.8221784,0.0,0.0,0.0,2.853046,-0.4446082,-0.8215192,-0.5127327,-0.202938,1.953013,0.15713,-0.06215594,-0.98562,0.1572313,0.9868621,-0.03716808,0.9749812,-0.14913,0.1648385,moving,60.83085,-25.73749,-14.71014,-5.932326,63.74673377160188,-20.26879972723136,78.09408230619651,79.75597482912904,74.64951399304141
05/18/2023 18:40:43.289268,1468,True,True,True,True,Eyes,1.372562,0.02095163,-1.8566,0.8516091,-0.2274803,0.4722444,0.0,0.0,0.0,0.0,0.0,0.0,0.0,-2.0867,-0.3486317,-1.220529,1.569242,0.02703031,-1.871444,0.03724301,0.6457948,-0.07340303,0.7590613,8.70494,80.5013,356.3265,0.5714689,0.009270902,-0.8205709,0.0,0.0,0.0,2.868988,-0.4480716,-0.8325279,-0.5119237,-0.200543,1.953474,0.1551223,-0.06333211,-0.9858631,0.1595375,0.9864499,-0.03826713,0.9749281,-0.151346,0.1631242,moving,60.99023,-25.72013,-14.68462,-5.861433,63.894905626562256,-20.248901443676463,78.23714443319304,79.88580033969329,74.79710709613757
05/18/2023 18:40:43.299312,1469,True,True,True,True,Eyes,1.381557,0.02115238,-1.857428,0.8532491,-0.226073,0.4699543,0.0,0.0,0.0,0.0,0.0,0.0,0.0,-2.085446,-0.3589928,-1.232706,1.57898,0.027559,-1.871788,0.03857318,0.646454,-0.07530782,0.7582467,8.966796,80.60654,356.2658,0.5737877,0.009251546,-0.8189515,0.0,0.0,0.0,2.884462,-0.4494288,-0.8420766,-0.5109771,-0.1977414,1.954012,0.1528519,-0.06433225,-0.9861531,0.1640754,0.9856817,-0.03887012,0.9745336,-0.155862,0.1612186,moving,61.15482,-25.69003,-14.65477,-5.778524,64.04768747291799,-20.21695878756113,78.38087781567731,80.01590598994127,74.94829578100293
05/18/2023 18:40:43.319172,1470,True,True,True,True,Eyes,1.390584,0.02135456,-1.858235,0.8548199,-0.2248662,0.4676732,0.0,0.0,0.0,0.0,0.0,0.0,0.0,-2.08443,-0.3675171,-1.245146,1.588801,0.02831373,-1.872222,0.04021147,0.6471394,-0.07680895,0.7574258,9.225856,80.71918,356.2644,0.5761085,0.009240439,-0.8173206,0.0,0.0,0.0,2.899473,-0.4509307,-0.8508542,-0.510105,-0.1951627,1.954507,0.1506219,-0.06430931,-0.9864975,0.168399,0.9849669,-0.03849778,0.9741431,-0.1603266,0.1591872,moving,61.31687,-25.67914,-14.62729,-5.702236,64.19847132290835,-20.20305553296071,78.52765201845025,80.1484523572577,75.09744870469537
05/18/2023 18:40:43.339001,1471,True,True,True,True,Eyes,1.399637,0.02155888,-1.85901,0.8564467,-0.2235608,0.4653166,0.0,0.0,0.0,0.0,0.0,0.0,0.0,-2.083624,-0.3725134,-1.257974,1.598637,0.02857189,-1.87251,0.04181462,0.6478319,-0.07765437,0.7566608,9.432927,80.83461,356.3187,0.5784309,0.009236775,-0.8156788,0.0,0.0,0.0,2.91353,-0.4540447,-0.8592734,-0.5091569,-0.1923564,1.955045,0.1485676,-0.06333835,-0.9868719,0.1716937,0.9844427,-0.03733497,0.9738836,-0.1638929,0.1571311,moving,61.4843,-25.6619,-14.59742,-5.619232,64.3541462061551,-20.1830852845379,78.677421530682,80.28359501727881,75.25103108292781
05/18/2023 18:40:43.349181,1472,True,True,True,True,Eyes,1.408725,0.02175737,-1.859763,0.8580003,-0.2224896,0.4629622,0.0,0.0,0.0,0.0,0.0,0.0,0.0,-2.082862,-0.379967,-1.269937,1.608359,0.02882461,-1.872907,0.04369201,0.6484349,-0.07904465,0.7558937,9.704315,80.93818,356.345,0.5807546,0.009239865,-0.8140261,0.0,0.0,0.0,2.92695,-0.4594295,-0.8675103,-0.5082971,-0.1898119,1.955535,0.1465683,-0.06283587,-0.9872028,0.1761615,0.9836859,-0.03645761,0.9733884,-0.1685636,0.1552464,moving,61.64947,-25.66794,-14.57032,-5.543987,64.50816210217795,-20.18495769442193,78.83165526608147,80.42241201592626,75.40296504500917
05/18/2023 18:40:43.379012,1473,True,True,True,True,Eyes,1.417845,0.02195488,-1.860493,0.8596686,-0.2212715,0.4604444,0.0,0.0,0.0,0.0,0.0,0.0,0.0,-2.081292,-0.3877356,-1.283077,1.61831,0.0289176,-1.873135,0.04553597,0.6492084,-0.08048571,0.7549682,9.977442,81.06824,356.3672,0.5830787,0.009248741,-0.8123628,0.0,0.0,0.0,2.938621,-0.4685193,-0.8751525,-0.5073745,-0.1870829,1.956059,0.1441009,-0.06240365,-0.9875935,0.180653,0.982897,-0.03574759,0.9729335,-0.1732604,0.1529098,moving,61.8262,-25.66711,-14.54126,-5.463308,64.67281737192718,-20.18013489256083,78.99482617302733,80.56956651038448,75.56562470367248
05/18/2023 18:40:43.388972,1474,True,True,True,True,Eyes,1.427001,0.02214978,-1.861201,0.8612838,-0.2201995,0.4579327,0.0,0.0,0.0,0.0,0.0,0.0,0.0,-2.080187,-0.3913369,-1.296857,1.628299,0.02899188,-1.87349,0.04668796,0.6500123,-0.08094589,0.7541565,10.11659,81.19994,356.4244,0.5854028,0.009262742,-0.8106893,0.0,0.0,0.0,2.952061,-0.4711974,-0.8821265,-0.5064772,-0.1844271,1.956569,0.1418635,-0.06139626,-0.9879804,0.1827872,0.982536,-0.0348116,0.9728636,-0.1756517,0.1506085,moving,62.00104,-25.68084,-14.51301,-5.384818,64.83599104779805,-20.18898404394229,79.16014373677567,80.71819683033107,75.72641599068908
05/18/2023 18:40:43.399279,1475,True,True,True,True,Eyes,1.436198,0.02232659,-1.861882,0.8629705,-0.2189153,0.4553656,0.0,0.0,0.0,0.0,0.0,0.0,0.0,-2.078153,-0.3971781,-1.311036,1.638295,0.02921407,-1.873612,0.04748763,0.6509083,-0.08176689,0.7532448,10.25242,81.34235,356.4249,0.5877272,0.009281208,-0.8090057,0.0,0.0,0.0,2.965312,-0.4714433,-0.8879731,-0.5055756,-0.1817599,1.957081,0.1392651,-0.06136076,-0.9883524,0.1850011,0.9821182,-0.03490586,0.9728207,-0.1779851,0.1481267,moving,62.18064,-25.67574,-14.48463,-5.306007,65.0032385362298,-20.18009866490872,79.32521444448913,80.8675450801436,75.89221071006051
05/18/2023 18:40:43.419187,1476,True,True,True,True,Eyes,1.445435,0.02246665,-1.862538,0.8646439,-0.2177052,0.4527643,0.0,0.0,0.0,0.0,0.0,0.0,0.0,-2.075488,-0.4032166,-1.326334,1.648484,0.02892897,-1.873782,0.04780743,0.6519552,-0.08263224,0.7522238,10.35047,81.50391,356.3877,0.5900512,0.009302878,-0.807312,0.0,0.0,0.0,2.977394,-0.475201,-0.8935189,-0.50463,-0.1789619,1.957619,0.1362525,-0.06197927,-0.9887335,0.1866525,0.9817728,-0.03582126,0.9729317,-0.1796688,0.1453376,moving,62.36153,-25.67991,-14.45487,-5.223353,65.17186592069683,-20.17986080829118,79.49358485597595,81.01922117129901,76.05846425125432
05/18/2023 18:40:43.439332,1477,True,True,True,True,Eyes,1.454713,0.02257911,-1.863197,0.8664294,-0.2162499,0.45004,0.0,0.0,0.0,0.0,0.0,0.0,0.0,-2.071855,-0.4053474,-1.344012,1.658704,0.02818869,-1.87381,0.04797108,0.6533488,-0.08273777,0.7509918,10.37937,81.71917,356.4103,0.5923748,0.009325836,-0.8056082,0.0,0.0,0.0,2.989984,-0.4755163,-0.8979772,-0.5037545,-0.1763713,1.958117,0.1325798,-0.06158708,-0.9892571,0.1869544,0.9817065,-0.03606146,0.973381,-0.180165,0.1416684,moving,62.55177,-25.66488,-14.42733,-5.14685,65.348836827412,-20.16143700872624,79.66662658786865,81.17681083115843,76.23527222844767
05/18/2023 18:40:43.448995,1478,True,True,True,True,Eyes,1.464038,0.02266054,-1.863832,0.8681971,-0.214901,0.447271,0.0,0.0,0.0,0.0,0.0,0.0,0.0,-2.067902,-0.4081272,-1.361945,1.668912,0.02760725,-1.87394,0.0490218,0.6548295,-0.08304833,0.7495988,10.50133,81.95596,356.4838,0.5946974,0.009348751,-0.8038949,0.0,0.0,0.0,3.002271,-0.4751534,-0.9018591,-0.5028716,-0.1737595,1.958617,0.1286028,-0.060304,-0.989861,0.1887077,0.9813997,-0.0352716,0.9735762,-0.1822583,0.1375906,moving,62.74374,-25.66296,-14.39957,-5.069744,65.52767130771541,-20.15524503717967,79.84466684117828,81.33840571713044,76.41339106420834
05/18/2023 18:40:43.471643,1479,True,True,True,True,Eyes,1.473405,0.02270523,-1.864445,0.8700359,-0.2133511,0.4444308,0.0,0.0,0.0,0.0,0.0,0.0,0.0,-2.06392,-0.4087919,-1.380567,1.679391,0.02694145,-1.87397,0.04967613,0.6563364,-0.08287641,0.7482556,10.55216,82.19474,356.57,0.597019,0.009370294,-0.8021719,0.0,0.0,0.0,3.013665,-0.4779013,-0.9058992,-0.5019622,-0.1710684,1.959135,0.1247082,-0.05881697,-0.9904486,0.1892339,0.9813275,-0.03444871,0.9739807,-0.1831305,0.1335098,moving,62.9412,-25.64356,-14.37096,-4.990315,65.71128570072949,-20.132565471988165,80.02328794104642,81.50125045561222,76.59687934764167
05/18/2023 18:40:43.488923,1480,True,True,True,True,Eyes,1.482808,0.02267714,-1.865034,0.871867,-0.2119086,0.4415232,0.0,0.0,0.0,0.0,0.0,0.0,0.0,-2.059326,-0.4098867,-1.399728,1.68976,0.02604082,-1.874061,0.04964723,0.6579458,-0.08274745,0.7468572,10.5472,82.44331,356.602,0.5993398,0.009389041,-0.8004393,0.0,0.0,0.0,3.026395,-0.4753996,-0.9092863,-0.5010684,-0.1684228,1.959644,0.1205206,-0.05827067,-0.9909992,0.1889314,0.981376,-0.03472788,0.9745665,-0.1830454,0.1292852,moving,63.14184,-25.63863,-14.34286,-4.912251,65.89814083172125,-20.123357548936976,80.2088618579122,81.67004332629807,76.78341149098257
05/18/2023 18:40:43.499458,1481,True,True,True,True,Eyes,1.492234,0.02257656,-1.865629,0.873726,-0.2104446,0.4385385,0.0,0.0,0.0,0.0,0.0,0.0,0.0,-2.053182,-0.4141155,-1.419788,1.700061,0.02427809,-1.874046,0.04980685,0.6597685,-0.08342566,0.745161,10.62099,82.72575,356.5814,0.6016593,0.009402209,-0.7986972,0.0,0.0,0.0,3.039241,-0.4730603,-0.9133217,-0.5001677,-0.1657579,1.960155,0.1154912,-0.05860912,-0.991578,0.1900531,0.9811189,-0.03585502,0.9749572,-0.1843115,0.1244495,moving,63.34711,-25.63529,-14.31456,-4.833641,66.08934056080727,-20.115531928350087,80.39927604343276,81.84328570956919,76.97438191945771
05/18/2023 18:40:43.519359,1482,True,True,True,True,Eyes,1.501675,0.02242304,-1.866199,0.8755342,-0.209326,0.4354568,0.0,0.0,0.0,0.0,0.0,0.0,0.0,-2.045949,-0.4227021,-1.439601,1.710013,0.02243009,-1.874137,0.05141436,0.6617216,-0.08514269,0.7431232,10.90003,83.04163,356.5847,0.6039763,0.009407324,-0.7969465,0.0,0.0,0.0,3.052141,-0.4705449,-0.9170144,-0.4992786,-0.1631264,1.960661,0.1097508,-0.05849903,-0.9922361,0.194587,0.9802145,-0.03626709,0.974726,-0.1890959,0.1189625,moving,63.55602,-25.6738,-14.28662,-4.756038,66.28473513729567,-20.14679608699869,80.60415230779518,82.02815798951441,77.16828718541386
05/18/2023 18:40:43.539471,1483,True,True,True,True,Eyes,1.511145,0.02222673,-1.866768,0.8773681,-0.2081019,0.4323412,0.0,0.0,0.0,0.0,0.0,0.0,0.0,-2.038043,-0.4350613,-1.458636,1.719865,0.02106062,-1.87407,0.05408652,0.6636524,-0.08760501,0.740922,11.32806,83.36575,356.6072,0.6062903,0.009403012,-0.7951875,0.0,0.0,0.0,3.06447,-0.4683836,-0.9206911,-0.4983693,-0.160436,1.961178,0.1037816,-0.05802766,-0.992906,0.2016063,0.9788001,-0.03613075,0.9739529,-0.1964263,0.1132802,moving,63.76728,-25.70324,-14.25806,-4.676722,66.48214528853845,-20.16951659967988,80.80883702491903,82.21318285131164,77.3643775897271
05/18/2023 18:40:43.548983,1484,True,True,True,True,Eyes,1.520634,0.02199526,-1.867309,0.8792038,-0.206961,0.4291477,0.0,0.0,0.0,0.0,0.0,0.0,0.0,-2.030334,-0.4391925,-1.479892,1.730008,0.01979616,-1.874008,0.05487279,0.6657472,-0.0881635,0.7389162,11.4482,83.70068,356.6526,0.6086004,0.009388467,-0.7934209,0.0,0.0,0.0,3.077619,-0.4666584,-0.9256302,-0.4974509,-0.1577189,1.9617,0.09801607,-0.05722806,-0.993538,0.2033536,0.9784324,-0.0362964,0.974187,-0.198482,0.1075396,moving,63.98256,-25.74618,-14.22922,-4.596641,66.68356024518914,-20.20478156932535,81.0208956423028,82.40444198608525,77.56407007042952
05/18/2023 18:40:43.575053,1485,True,True,True,True,Eyes,1.53015,0.02171263,-1.867831,0.8809707,-0.205989,0.4259804,0.0,0.0,0.0,0.0,0.0,0.0,0.0,-2.023048,-0.4406832,-1.500762,1.739994,0.01871775,-1.873842,0.05520888,0.6677449,-0.08812658,0.7370907,11.48317,84.01755,356.7133,0.6109067,0.009363304,-0.7916468,0.0,0.0,0.0,3.091299,-0.4648075,-0.9318401,-0.4965669,-0.1551027,1.962203,0.09270108,-0.05618366,-0.9941077,0.2036454,0.9783714,-0.03630423,0.9746462,-0.19908,0.1021377,moving,64.1946,-25.80676,-14.20146,-4.51956,66.88229483594021,-20.25663238898569,81.23476538627781,82.59679621916962,77.76071160277688
05/18/2023 18:40:43.590883,1486,True,True,True,True,Eyes,1.539685,0.02139244,-1.868324,0.8827637,-0.2050386,0.4227144,0.0,0.0,0.0,0.0,0.0,0.0,0.0,-2.015054,-0.4396911,-1.523253,1.750171,0.01714641,-1.87368,0.05482652,0.669933,-0.0876082,0.7351932,11.41999,84.35789,356.7625,0.6132084,0.009326525,-0.7898657,0.0,0.0,0.0,3.105995,-0.4608552,-0.9386176,-0.4956359,-0.1523477,1.962732,0.08702938,-0.05535769,-0.9946666,0.202278,0.9786377,-0.03676709,0.9754536,-0.1979994,0.09636789,moving,64.41241,-25.87582,-14.17224,-4.438412,67.08656847709213,-20.31628870161305,81.45618256081588,82.79553685838607,77.96226507450486
05/18/2023 18:40:43.599055,1487,True,True,True,True,Eyes,1.549244,0.02102804,-1.868837,0.8845295,-0.2040587,0.4194849,0.0,0.0,0.0,0.0,0.0,0.0,0.0,-2.006699,-0.4373822,-1.546008,1.760189,0.01590453,-1.873437,0.05479636,0.672191,-0.08680394,0.733227,11.36474,84.71445,356.8644,0.6155055,0.00927781,-0.7880777,0.0,0.0,0.0,3.120346,-0.4575237,-0.9456652,-0.4947299,-0.1496669,1.963247,0.08124878,-0.05362674,-0.9952501,0.2009612,0.9789249,-0.03634131,0.9762239,-0.197054,0.09031337,moving,64.62753,-25.94064,-14.14381,-4.359474,67.28825428762825,-20.372037803608634,81.67417420038696,82.9914651859398,78.16156214366092
05/18/2023 18:40:43.619285,1488,True,True,True,True,Eyes,1.558823,0.02061232,-1.869321,0.8863436,-0.2029765,0.4161679,0.0,0.0,0.0,0.0,0.0,0.0,0.0,-1.998995,-0.4301136,-1.569088,1.770283,0.01442915,-1.873207,0.05450846,0.6744,-0.08506081,0.7314221,11.21361,85.06243,357.025,0.617797,0.009216595,-0.7862834,0.0,0.0,0.0,3.132647,-0.4610642,-0.9534221,-0.4938185,-0.1469704,1.963765,0.0758988,-0.05090968,-0.9958151,0.1979517,0.979587,-0.03499261,0.9772689,-0.1944674,0.08442711,moving,64.84838,-25.99976,-14.11523,-4.280101,67.49516972517128,-20.42232032266088,81.89624711370101,83.19151752410292,78.36656835136755
05/18/2023 18:40:43.638992,1489,True,True,True,True,Eyes,1.568405,0.02018652,-1.869782,0.8881295,-0.2019644,0.4128393,0.0,0.0,0.0,0.0,0.0,0.0,0.0,-1.991289,-0.4191289,-1.592764,1.780385,0.0127214,-1.87293,0.05357495,0.676639,-0.08260695,0.7297025,10.95148,85.40933,357.1945,0.6200826,0.009142105,-0.784483,0.0,0.0,0.0,3.150117,-0.4473455,-0.9609587,-0.4929429,-0.1443794,1.964263,0.07067154,-0.04805518,-0.9963416,0.1930588,0.9806116,-0.0336026,0.9786389,-0.1899777,0.07857884,moving,65.06905,-26.06826,-14.08776,-4.203856,67.70209747231029,-20.481386980908127,82.12096402046993,83.39387747416026,78.57175007177938
05/18/2023 18:40:43.649557,1490,True,True,True,True,Eyes,1.578014,0.01975535,-1.870219,0.8899536,-0.2008832,0.4094245,0.0,0.0,0.0,0.0,0.0,0.0,0.0,-1.983859,-0.4164499,-1.613314,1.790064,0.01200308,-1.872816,0.05457218,0.6785933,-0.08176138,0.7279068,10.97685,85.73165,357.3748,0.622362,0.009055355,-0.7826768,0.0,0.0,0.0,3.169049,-0.4226242,-0.9655752,-0.4920384,-0.1417032,1.964777,0.06565242,-0.04496467,-0.996829,0.1930939,0.980674,-0.03151853,0.9789814,-0.1904123,0.07306602,moving,65.29514,-26.13478,-14.05941,-4.12513,67.91403739555773,-20.538476207285623,82.35028414538107,83.60050246040682,78.78191687090433
05/18/2023 18:40:43.672118,1491,True,True,True,True,Eyes,1.587627,0.01944114,-1.870642,0.8917535,-0.199807,0.4060208,0.0,0.0,0.0,0.0,0.0,0.0,0.0,-1.97531,-0.4099002,-1.63653,1.800349,0.01139861,-1.872622,0.05375382,0.680825,-0.07999504,0.7260778,10.77683,86.07893,357.4929,0.6246351,0.008957458,-0.7808651,0.0,0.0,0.0,3.177193,-0.4382066,-0.9732303,-0.4911454,-0.1390606,1.965285,0.06015641,-0.04297132,-0.9972636,0.1893591,0.9814227,-0.03086632,0.9800635,-0.1869841,0.0671759,moving,65.51994,-26.20227,-14.03142,-4.047419,68.12479395617962,-20.59650292071976,82.57878844280656,83.80641783436748,78.99095439537498
05/18/2023 18:40:43.689467,1492,True,True,True,True,Eyes,1.597298,0.01905291,-1.871047,0.8936797,-0.1982267,0.4025453,0.0,0.0,0.0,0.0,0.0,0.0,0.0,-1.966402,-0.4187407,-1.655549,1.810106,0.01387604,-1.872497,0.0545209,0.6827391,-0.08076379,0.7241354,10.90857,86.39219,357.5181,0.6269011,0.008854387,-0.7790483,0.0,0.0,0.0,3.194531,-0.4268414,-0.9806566,-0.4902527,-0.1364184,1.965792,0.05468899,-0.04252072,-0.9975976,0.1914149,0.9810094,-0.03132018,0.9799843,-0.1892422,0.06178955,moving,65.7515,-26.21717,-14.00345,-3.969743,68.34083991747858,-20.605148739497498,82.79975880171891,84.00784966972712,79.20750882903796
05/18/2023 18:40:43.709192,1493,True,True,True,True,Eyes,1.606925,0.01866257,-1.87146,0.8955797,-0.1965414,0.3991346,0.0,0.0,0.0,0.0,0.0,0.0,0.0,-1.957904,-0.3950628,-1.683253,1.821183,0.0115943,-1.872421,0.04910798,0.6852487,-0.07579023,0.7226885,10.06992,86.73682,357.541,0.6291608,0.008743717,-0.7772256,0.0,0.0,0.0,3.214815,-0.391651,-0.9846354,-0.4893396,-0.1337166,1.966311,0.04938023,-0.0422431,-0.9978864,0.1768478,0.9836885,-0.03289076,0.9829988,-0.1748499,0.0560454,moving,65.97881,-26.21651,-13.97484,-3.890339,68.55262722994193,-20.599327132389075,83.0123127002479,84.20197819408673,79.41973794047846
05/18/2023 18:40:43.719187,1494,True,True,True,True,Eyes,1.616557,0.01867039,-1.87184,0.8973357,-0.1958913,0.3954936,0.0,0.0,0.0,0.0,0.0,0.0,0.0,-1.951105,-0.3916007,-1.701608,1.829788,0.0111053,-1.8728,0.04892466,0.6869832,-0.07478983,0.7211568,9.981107,87.01297,357.6345,0.6314119,0.008626224,-0.7753993,0.0,0.0,0.0,3.224467,-0.4058279,-0.9941463,-0.4884508,-0.1310868,1.966817,0.04492129,-0.04064956,-0.9981633,0.1750912,0.9840257,-0.032194,0.983527,-0.1733234,0.05132106,moving,66.2149,-26.3496,-13.94701,-3.813081,68.77516248328648,-20.718499350019545,83.26960131695996,84.43193110395958,79.63900290038325
05/18/2023 18:40:43.739118,1495,True,True,True,True,Eyes,1.62632,0.01883137,-1.872193,0.8992915,-0.194062,0.391937,0.0,0.0,0.0,0.0,0.0,0.0,0.0,-1.929537,-0.4641067,-1.718111,1.839676,0.02098449,-1.872315,0.05631285,0.6898292,-0.08654651,0.7165713,11.54333,87.54729,357.289,0.6336542,0.008518783,-0.7735692,0.0,0.0,0.0,3.241207,-0.3967166,-1.002365,-0.4875057,-0.1282908,1.967354,0.03329105,-0.04634101,-0.9983708,0.201726,0.9786772,-0.03870026,0.9788761,-0.200109,0.04192938,moving,66.45105,-26.34166,-13.91742,-3.730965,68.99504689394887,-20.705661025517717,83.48852914337348,84.63224841394026,79.85955939449698
05/18/2023 18:40:43.758905,1496,True,True,True,True,Eyes,1.636067,0.01886365,-1.872569,0.9014316,-0.1910997,0.388461,0.0,0.0,0.0,0.0,0.0,0.0,0.0,-1.922995,-0.4290974,-1.748121,1.852555,0.02459575,-1.872269,0.04569563,0.6921296,-0.07821985,0.7160659,10.0041,87.8039,357.1616,0.6358905,0.008426545,-0.771733,0.0,0.0,0.0,3.261156,-0.3589529,-1.005745,-0.4866147,-0.1256543,1.96786,0.02967677,-0.04876654,-0.9983693,0.1752757,0.9835871,-0.04283438,0.9840721,-0.1737187,0.03773729,moving,66.68697,-26.19444,-13.88954,-3.653564,69.2120438367226,-20.56245686101561,83.66997702059847,84.80438605377164,80.08260323749077
05/18/2023 18:40:43.772579,1497,True,True,True,True,Eyes,1.645715,0.01891299,-1.872944,0.903516,-0.1896686,0.3842977,0.0,0.0,0.0,0.0,0.0,0.0,0.0,-1.924158,-0.361898,-1.772757,1.861882,0.02119535,-1.873223,0.0351055,0.6935845,-0.0654124,0.7165399,8.108438,87.94986,357.3922,0.6381187,0.008342788,-0.7698925,0.0,0.0,0.0,3.270052,-0.3802941,-1.016647,-0.4857183,-0.1230021,1.96837,0.02932345,-0.04504392,-0.9985546,0.1424385,0.9889777,-0.04042907,0.9893693,-0.141047,0.03541622,moving,66.95821,-26.26846,-13.86149,-3.575724,69.46619698993422,-20.625532735981267,83.94512597676946,85.05409688560566,80.33749267378946
05/18/2023 18:40:43.793404,1498,True,True,True,True,Eyes,1.655386,0.01908776,-1.873311,0.9054588,-0.188884,0.3800884,0.0,0.0,0.0,0.0,0.0,0.0,0.0,-1.900814,-0.4317984,-1.790206,1.869316,0.02193996,-1.873382,0.04535514,0.6968412,-0.07834804,0.7114892,10.00486,88.56218,357.1901,0.6403358,0.008267359,-0.7680503,0.0,0.0,0.0,3.282763,-0.3863559,-1.025135,-0.4848207,-0.1203452,1.96888,0.0165477,-0.04827689,-0.998697,0.1746982,0.983609,-0.0446529,0.9844831,-0.1737317,0.02471031,moving,67.22858,-26.42496,-13.83341,-3.497776,69.72112252096679,-20.76583278390319,84.24192536338397,85.32025369095783,80.59036889608714
05/18/2023 18:40:43.809313,1499,True,True,True,True,Eyes,1.665118,0.0192911,-1.873705,0.9076776,-0.1871073,0.3756492,0.0,0.0,0.0,0.0,0.0,0.0,0.0,-1.886721,-0.4813924,-1.803419,1.879651,0.02531309,-1.873511,0.04907327,0.6984549,-0.08672935,0.7086824,10.99409,88.86147,356.8246,0.6425419,0.008204437,-0.7662063,0.0,0.0,0.0,3.303835,-0.3520917,-1.032003,-0.4839016,-0.1176259,1.969401,0.009277459,-0.05437618,-0.9984776,0.1914781,0.9801397,-0.05159835,0.9814531,-0.1907078,0.0195051,moving,67.51742,-26.47746,-13.80467,-3.41803,69.99126174790656,-20.80836224440149,84.52821797419486,85.58143392740324,80.86270592898457
05/18/2023 18:40:43.818972,1500,True,True,True,True,Eyes,1.674778,0.0194341,-1.874108,0.9099291,-0.1853811,0.3710296,0.0,0.0,0.0,0.0,0.0,0.0,0.0,-1.871499,-0.4520998,-1.838843,1.890872,0.02607983,-1.874079,0.03745713,0.7020556,-0.08035829,0.7065816,9.541678,89.33591,356.4557,0.6447374,0.00815386,-0.7643604,0.0,0.0,0.0,3.317846,-0.3474836,-1.039979,-0.4829813,-0.1149043,1.969924,0.001320997,-0.06096539,-0.9981391,0.1661533,0.984279,-0.05989892,0.9860991,-0.165765,0.0114299,moving,67.8165,-26.54854,-13.7759,-3.338241,70.27129887061672,-20.868048830274013,84.82946255534925,85.85584313582467,81.144954234823
05/18/2023 18:40:43.838913,1501,True,True,True,True,Eyes,1.684422,0.01961924,-1.874537,0.9121362,-0.18438,0.3660759,0.0,0.0,0.0,0.0,0.0,0.0,0.0,-1.852157,-0.4628427,-1.864393,1.898918,0.02481721,-1.874611,0.03575786,0.7054524,-0.08219677,0.7030661,9.569982,89.87703,356.213,0.6469195,0.008111967,-0.7625148,0.0,0.0,0.0,3.328314,-0.3572754,-1.046736,-0.4820865,-0.1122555,1.970434,-0.008838976,-0.06512859,-0.9978378,0.1660305,0.9839301,-0.06569155,0.9860811,-0.1662521,0.00211641,moving,68.13248,-26.73285,-13.74792,-3.260613,70.56925604853751,-21.033335888784357,85.17831774544607,86.16992431052488,81.44296885190803
05/18/2023 18:40:43.849264,1502,True,True,True,True,Eyes,1.694102,0.01986226,-1.874984,0.9144763,-0.1830105,0.3608881,0.0,0.0,0.0,0.0,0.0,0.0,0.0,-1.828676,-0.502199,-1.887358,1.908314,0.02617572,-1.875108,0.03930372,0.708902,-0.08885765,0.6985825,10.42198,90.47617,356.0106,0.6490874,0.008079533,-0.7606705,0.0,0.0,0.0,3.342334,-0.3492878,-1.051933,-0.4811693,-0.1095408,1.970956,-0.02087545,-0.06842383,-0.997438,0.1798738,0.9811191,-0.07106894,0.9834683,-0.1808965,-0.008173743,moving,68.46387,-26.8901,-13.71926,-3.181085,70.88105240259047,-21.172941028755844,85.53469616984167,86.49231030545653,81.75637745293635
05/18/2023 18:40:43.873146,1503,True,True,True,True,Eyes,1.703759,0.02005649,-1.875464,0.9169263,-0.1812498,0.3555202,0.0,0.0,0.0,0.0,0.0,0.0,0.0,-1.806579,-0.4925767,-1.922453,1.918959,0.02775069,-1.875902,0.03435085,0.7131812,-0.08625967,0.6948036,9.832692,91.14066,355.8753,0.6512414,0.008057859,-0.7588276,0.0,0.0,0.0,3.355134,-0.3436017,-1.056726,-0.4803078,-0.1069907,1.971446,-0.0321364,-0.0708703,-0.9969679,0.1688638,0.9827586,-0.07530335,0.9851155,-0.1707717,-0.01961482,moving,68.80717,-27.0132,-13.69235,-3.106404,71.20329067156824,-21.28030788011005,85.8935719085894,86.81912569981058,82.08302437321063
05/18/2023 18:40:43.889482,1504,True,True,True,True,Eyes,1.713374,0.02023305,-1.875978,0.9193581,-0.1798471,0.3499083,0.0,0.0,0.0,0.0,0.0,0.0,0.0,-1.791268,-0.4648484,-1.953808,1.928146,0.02664866,-1.877133,0.03069329,0.7167482,-0.08088813,0.6919445,9.115718,91.70281,356.0543,0.6533797,0.008043893,-0.7569873,0.0,0.0,0.0,3.367043,-0.3451155,-1.062336,-0.4794121,-0.1043417,1.971955,-0.04054195,-0.06794148,-0.9968654,0.1559389,0.9850301,-0.07347675,0.9869345,-0.158429,-0.02934023,moving,69.16315,-27.20241,-13.66438,-3.028856,71.53861257782367,-21.4492657926975,86.283025207116,87.17144854335955,82.42097443870703
05/18/2023 18:40:43.909769,1505,True,True,True,True,Eyes,1.722971,0.02043009,-1.87656,0.9217768,-0.1786527,0.3441085,0.0,0.0,0.0,0.0,0.0,0.0,0.0,-1.767953,-0.4776648,-1.98156,1.936867,0.02643413,-1.878363,0.0333648,0.7207465,-0.08279622,0.6874273,9.510126,92.39285,356.1782,0.6555011,0.008036132,-0.7551511,0.0,0.0,0.0,3.37945,-0.3420019,-1.067032,-0.4785014,-0.1016463,1.972472,-0.05266119,-0.06573764,-0.9964465,0.1619279,0.9840632,-0.07347839,0.9853966,-0.1652219,-0.04117713,moving,69.52889,-27.43724,-13.63595,-2.949981,71.88390410267618,-21.66070223497065,86.69496216942873,87.54276974642623,82.76797586293695
05/18/2023 18:40:43.919044,1506,True,True,True,True,Eyes,1.732548,0.02064936,-1.877187,0.9242319,-0.1774146,0.3381115,0.0,0.0,0.0,0.0,0.0,0.0,0.0,-1.745702,-0.487242,-2.009258,1.946214,0.02715347,-1.879764,0.03448845,0.7245282,-0.08393673,0.6832455,9.715566,93.03932,356.235,0.6576039,0.008034719,-0.7533206,0.0,0.0,0.0,3.392459,-0.335637,-1.071266,-0.4775962,-0.09896784,1.972987,-0.0639728,-0.06472307,-0.9958507,0.1646744,0.9835304,-0.07450089,0.9842713,-0.1687572,-0.05226091,moving,69.90598,-27.68699,-13.60769,-2.871631,72.24005753944104,-21.885844499254876,87.12252934326334,87.92824388437911,83.12627993625144
05/18/2023 18:40:43.939192,1507,True,True,True,True,Eyes,1.742077,0.02086037,-1.877847,0.9266742,-0.1763874,0.3319074,0.0,0.0,0.0,0.0,0.0,0.0,0.0,-1.723764,-0.4858284,-2.038794,1.955418,0.02788455,-1.88139,0.03320769,0.7284055,-0.08312774,0.6792735,9.56786,93.68369,356.2464,0.6596872,0.008039847,-0.751497,0.0,0.0,0.0,3.403956,-0.3364453,-1.075882,-0.4766906,-0.09628868,1.973501,-0.07496957,-0.06455564,-0.9950942,0.1613103,0.983974,-0.07598721,0.9840522,-0.1662156,-0.0633546,moving,70.29397,-27.98777,-13.57944,-2.793292,72.60734664189019,-22.158503150327167,87.57574222763165,88.33557377722441,83.49497979523153
05/18/2023 18:40:43.949395,1508,True,True,True,True,Eyes,1.751555,0.02105378,-1.878553,0.9290721,-0.1756576,0.3255296,0.0,0.0,0.0,0.0,0.0,0.0,0.0,-1.699519,-0.4980639,-2.065678,1.963903,0.02792462,-1.883019,0.03371886,0.7322606,-0.08492667,0.6748667,9.781329,94.34643,356.2037,0.6617492,0.008050498,-0.7496818,0.0,0.0,0.0,3.414643,-0.3417704,-1.080706,-0.4757833,-0.09360349,1.974017,-0.08683619,-0.06524639,-0.9940838,0.1640103,0.983301,-0.07886543,0.9826294,-0.1698884,-0.07468498,moving,70.69049,-28.35155,-13.55114,-2.714805,72.98379285880306,-22.489936796652135,88.05620318439766,88.76570532842352,83.87156619978853
05/18/2023 18:40:43.973771,1509,True,True,True,True,Eyes,1.760979,0.02123657,-1.879322,0.9314009,-0.1751664,0.3190754,0.0,0.0,0.0,0.0,0.0,0.0,0.0,-1.67565,-0.5171309,-2.089943,1.972321,0.02775866,-1.884747,0.03521098,0.7358233,-0.08796795,0.6705118,10.17623,94.97469,356.1465,0.6637895,0.0080654,-0.7478756,0.0,0.0,0.0,3.425418,-0.3473253,-1.085917,-0.4748961,-0.09097858,1.974522,-0.09834854,-0.066149,-0.9929512,0.1697852,0.9820437,-0.082239,0.9805615,-0.1766765,-0.08535142,moving,71.08978,-28.76596,-13.52347,-2.638109,73.36379179778537,-22.868698535975767,88.55544406438659,89.21139510000964,84.25084085493586
05/18/2023 18:40:43.989165,1510,True,True,True,True,Eyes,1.770332,0.02139851,-1.880139,0.9336603,-0.1749679,0.3125134,0.0,0.0,0.0,0.0,0.0,0.0,0.0,-1.652306,-0.5360843,-2.113225,1.980585,0.0277584,-1.886725,0.0364054,0.739243,-0.09095746,0.6662742,10.54404,95.58101,356.07,0.6658059,0.008083678,-0.7460808,0.0,0.0,0.0,3.436517,-0.3520154,-1.09111,-0.4739869,-0.08828748,1.975039,-0.1095068,-0.06738032,-0.9916998,0.1750301,0.9808028,-0.08596736,0.9784543,-0.1829913,-0.09561105,moving,71.49365,-29.2433,-13.49512,-2.559511,73.74926602769361,-23.30626017564512,89.07926594617527,89.67725739955672,84.63382009277873
05/18/2023 18:40:44.009050,1511,True,True,True,True,Eyes,1.77962,0.02153076,-1.881036,0.935819,-0.1749647,0.3059902,0.0,0.0,0.0,0.0,0.0,0.0,0.0,-1.630698,-0.5573425,-2.133445,1.988385,0.02749258,-1.888641,0.03791305,0.742245,-0.09440808,0.6623611,10.9745,96.12402,355.9823,0.6677971,0.008104158,-0.7442988,0.0,0.0,0.0,3.446927,-0.3586532,-1.096066,-0.4730762,-0.08559327,1.975557,-0.1196808,-0.06878292,-0.9904269,0.181346,0.9792994,-0.08992355,0.9761097,-0.1903721,-0.1047299,moving,71.89351,-29.76085,-13.46673,-2.480854,74.1317756106301,-23.78155162734707,89.61344070293036,90.1510837684565,85.01252956809172
05/18/2023 18:40:44.019069,1512,True,True,True,True,Eyes,1.788842,0.02165293,-1.881988,0.9378937,-0.1752234,0.2994199,0.0,0.0,0.0,0.0,0.0,0.0,0.0,-1.609798,-0.5794126,-2.152672,1.996314,0.02701384,-1.890811,0.03919363,0.7450584,-0.09803937,0.6585895,11.40338,96.63696,355.8621,0.6697615,0.008125443,-0.7425315,0.0,0.0,0.0,3.457876,-0.3654894,-1.101697,-0.4721714,-0.08291536,1.976072,-0.1294472,-0.0707323,-0.9890603,0.1875385,0.9777043,-0.09446505,0.9736902,-0.1977151,-0.1132962,moving,72.29446,-30.33659,-13.43854,-2.402704,74.5164176438383,-24.31128606517673,90.1690039651154,90.64248751129888,85.39204000325428
05/18/2023 18:40:44.039012,1513,True,True,True,True,Eyes,1.798014,0.02177218,-1.882986,0.939925,-0.1754423,0.2928498,0.0,0.0,0.0,0.0,0.0,0.0,0.0,-1.590225,-0.6039641,-2.16959,2.004092,0.02698983,-1.893038,0.04017934,0.747524,-0.1020702,0.6551148,11.84378,97.09071,355.6834,0.6716977,0.008147046,-0.7407802,0.0,0.0,0.0,3.469737,-0.3680735,-1.107415,-0.4712558,-0.08020785,1.976591,-0.1384207,-0.07366535,-0.9876302,0.1938054,0.9759346,-0.09995566,0.9712258,-0.205244,-0.1208128,moving,72.69468,-30.92525,-13.41002,-2.323724,74.90062745695101,-24.85313080111668,90.73073708296808,91.13914979346741,85.77074145991787
05/18/2023 18:40:44.049623,1514,True,True,True,True,Eyes,1.807142,0.02187975,-1.884048,0.9419147,-0.1756295,0.2862704,0.0,0.0,0.0,0.0,0.0,0.0,0.0,-1.572067,-0.6210498,-2.187382,2.012107,0.02708924,-1.895369,0.03971092,0.7498839,-0.1048134,0.6520057,12.06254,97.50953,355.4768,0.6736056,0.008168804,-0.7390454,0.0,0.0,0.0,3.481982,-0.3696006,-1.113304,-0.4702189,-0.07713819,1.977181,-0.1466234,-0.07712075,-0.9861817,0.196235,0.9748744,-0.1054123,0.9695327,-0.2089793,-0.1278056,moving,73.09472,-31.5295,-13.37773,-2.234217,75.28496876642481,-25.409572460316618,91.30004498932401,91.64153672466331,86.1474018641246
05/18/2023 18:40:44.074340,1515,True,True,True,True,Eyes,1.816223,0.02198695,-1.88517,0.9439033,-0.1755764,0.2796776,0.0,0.0,0.0,0.0,0.0,0.0,0.0,-1.55626,-0.6282948,-2.206277,2.020258,0.02694105,-1.897943,0.03837863,0.7521425,-0.1058657,0.6493084,12.06911,97.89857,355.3224,0.6754849,0.008190238,-0.7373281,0.0,0.0,0.0,3.494662,-0.3707287,-1.11954,-0.4694279,-0.07479728,1.977631,-0.1538517,-0.07974655,-0.9848708,0.1952113,0.9746391,-0.109413,0.9686189,-0.2090913,-0.1343824,moving,73.4955,-32.11984,-13.35311,-2.165989,75.66973261287646,-25.952976916755087,91.86900591963702,92.14601077110623,86.52915118442534
05/18/2023 18:40:44.089452,1516,True,True,True,True,Eyes,1.825263,0.02208298,-1.886353,0.9458522,-0.1754665,0.2730847,0.0,0.0,0.0,0.0,0.0,0.0,0.0,-1.541274,-0.6336983,-2.224623,2.028344,0.02706407,-1.900299,0.03716203,0.7542798,-0.1065406,0.6467843,12.05171,98.26826,355.2045,0.6773346,0.00821134,-0.735629,0.0,0.0,0.0,3.508502,-0.370349,-1.127406,-0.4685956,-0.07233553,1.978103,-0.1605779,-0.08175639,-0.9836313,0.1938787,0.9745362,-0.1126511,0.9677942,-0.2087944,-0.1406381,moving,73.89561,-32.72217,-13.32721,-2.094267,76.054102296033,-26.50761978416413,92.4439763907298,92.6554411889827,86.90969443520403
05/18/2023 18:40:44.109155,1517,True,True,True,True,Eyes,1.834255,0.02214654,-1.88762,0.9478224,-0.1751588,0.2663686,0.0,0.0,0.0,0.0,0.0,0.0,0.0,-1.526454,-0.6368409,-2.243553,2.036493,0.02690429,-1.902925,0.03576655,0.7564495,-0.1068723,0.6442696,11.99192,98.64253,355.0974,0.6791548,0.008231703,-0.7339486,0.0,0.0,0.0,3.521956,-0.3731698,-1.136295,-0.4676903,-0.06965676,1.978617,-0.167275,-0.08359805,-0.9823598,0.1918204,0.9745981,-0.1156004,0.96707,-0.2077737,-0.14699,moving,74.30293,-33.32814,-13.29904,-2.016252,76.44525988147092,-27.06550476388865,93.02977737265334,93.17459109244626,87.29647921121483
05/18/2023 18:40:44.119274,1518,True,True,True,True,Eyes,1.843197,0.02218664,-1.888954,0.9497381,-0.1749253,0.2596126,0.0,0.0,0.0,0.0,0.0,0.0,0.0,-1.510652,-0.640862,-2.262779,2.044393,0.02618859,-1.905968,0.0349812,0.7587796,-0.1074017,0.6414785,11.99743,99.05474,355.0321,0.6809447,0.008250148,-0.732288,0.0,0.0,0.0,3.536144,-0.373763,-1.145105,-0.4667823,-0.06696995,1.979134,-0.1745635,-0.08470579,-0.9809958,0.1908779,0.9744824,-0.1181092,0.9659677,-0.2078679,-0.1539406,moving,74.71158,-33.97183,-13.27079,-1.938036,76.83838066639241,-27.658666576819986,93.63258721647787,93.70812918554229,87.68443381647447
05/18/2023 18:40:44.139145,1519,True,True,True,True,Eyes,1.852095,0.02221902,-1.890337,0.9516719,-0.1748626,0.252475,0.0,0.0,0.0,0.0,0.0,0.0,0.0,-1.493091,-0.647954,-2.281892,2.05227,0.0256846,-1.908853,0.03491992,0.7612408,-0.1083746,0.638395,12.09796,99.50188,355.0008,0.6827041,0.008265967,-0.7306479,0.0,0.0,0.0,3.550766,-0.3722676,-1.154206,-0.4658759,-0.06428683,1.97965,-0.1824651,-0.08520667,-0.9795134,0.1915365,0.9740711,-0.1204129,0.9643756,-0.2095837,-0.1614138,moving,75.14191,-34.70623,-13.2426,-1.859961,77.2534431333062,-28.336239900972664,94.29050320769562,94.28959204083613,88.09351540135435
05/18/2023 18:40:44.149480,1520,True,True,True,True,Eyes,1.86096,0.02223431,-1.891793,0.9535478,-0.174795,0.2453429,0.0,0.0,0.0,0.0,0.0,0.0,0.0,-1.476162,-0.6574169,-2.299758,2.060069,0.02550422,-1.911964,0.0354826,0.7635728,-0.1096446,0.6353547,12.27074,99.93594,355.0015,0.6844332,0.008279134,-0.7290283,0.0,0.0,0.0,3.565255,-0.3738209,-1.164376,-0.4649479,-0.06154172,1.980178,-0.1901307,-0.08513935,-0.9780601,0.1935136,0.9734381,-0.1223553,0.9624981,-0.2125314,-0.1686049,moving,75.57106,-35.46804,-13.21375,-1.780116,77.66793218738104,-29.039496987934545,94.96114315953594,94.88178965983673,88.50110775182979
05/18/2023 18:40:44.178899,1521,True,True,True,True,Eyes,1.869791,0.02223172,-1.89329,0.9554017,-0.1747712,0.238039,0.0,0.0,0.0,0.0,0.0,0.0,0.0,-1.461788,-0.6570226,-2.318934,2.068247,0.02509351,-1.915119,0.03539216,0.7657911,-0.1092244,0.6327573,12.244,100.3382,355.0679,0.6861314,0.008289258,-0.72743,0.0,0.0,0.0,3.578232,-0.3827273,-1.175909,-0.4640662,-0.05893275,1.980678,-0.1967316,-0.08401902,-0.976851,0.192431,0.9736348,-0.1224968,0.9613882,-0.2120754,-0.1753769,moving,76.00957,-36.28658,-13.18635,-1.704266,78.09223138428514,-29.795641122672777,95.66529457562443,95.50342808407605,88.9186217169483
05/18/2023 18:40:44.189325,1522,True,True,True,True,Eyes,1.878586,0.0222138,-1.894855,0.957167,-0.1747916,0.230823,0.0,0.0,0.0,0.0,0.0,0.0,0.0,-1.451944,-0.654668,-2.33542,2.076088,0.0245872,-1.918377,0.03578887,0.7674806,-0.1084296,0.6308216,12.21543,100.6494,355.1952,0.6877998,0.008295979,-0.7258527,0.0,0.0,0.0,3.590062,-0.3962472,-1.187746,-0.4631479,-0.05621506,1.9812,-0.201567,-0.08186492,-0.9760478,0.191734,0.9739244,-0.1212825,0.9605255,-0.211588,-0.1806147,moving,76.44186,-37.13496,-13.15782,-1.625289,78.51130770046224,-30.57985896896069,96.3796627439142,96.13322056111038,89.32938540990096
05/18/2023 18:40:44.199287,1523,True,True,True,True,Eyes,1.88735,0.02217131,-1.896486,0.958876,-0.1748251,0.2235908,0.0,0.0,0.0,0.0,0.0,0.0,0.0,-1.441614,-0.6579968,-2.350543,2.084074,0.0242011,-1.921538,0.03615417,0.7690183,-0.1086526,0.6288867,12.27391,100.937,355.2419,0.6894385,0.008299066,-0.7242964,0.0,0.0,0.0,3.604396,-0.3994218,-1.199714,-0.462226,-0.05348737,1.981725,-0.206389,-0.08105394,-0.9751072,0.1922668,0.973775,-0.121638,0.9593942,-0.2125855,-0.1853925,moving,76.87431,-38.02177,-13.12919,-1.546056,78.93127067544334,-31.40004501896276,97.1138904794767,96.7801068408131,89.74023423864871
05/18/2023 18:40:44.219210,1524,True,True,True,True,Eyes,1.896089,0.02209236,-1.898193,0.9605002,-0.1748296,0.2165036,0.0,0.0,0.0,0.0,0.0,0.0,0.0,-1.434599,-0.6565048,-2.365081,2.092084,0.02353667,-1.924918,0.03611319,0.7702489,-0.1081117,0.6274746,12.23173,101.1612,355.3021,0.6910473,0.008297968,-0.7227616,0.0,0.0,0.0,3.618891,-0.3996389,-1.210956,-0.4612994,-0.05074492,1.982252,-0.2099432,-0.0800424,-0.9744318,0.191307,0.9740154,-0.1212256,0.9588148,-0.2118661,-0.1891752,moving,77.29742,-38.92134,-13.10041,-1.466431,79.34277584475761,-32.23238871061787,97.85007857384265,97.42836734226805,90.14189228834852
05/18/2023 18:40:44.239145,1525,True,True,True,True,Eyes,1.904812,0.02198882,-1.899913,0.9620515,-0.1748735,0.2094665,0.0,0.0,0.0,0.0,0.0,0.0,0.0,-1.429922,-0.6510525,-2.379446,2.100242,0.02254753,-1.928415,0.03658533,0.7713177,-0.1068403,0.6263511,12.16022,101.3591,355.4587,0.6926264,0.008291752,-0.7212484,0.0,0.0,0.0,3.634416,-0.397128,-1.222848,-0.4604437,-0.04821257,1.982738,-0.2126916,-0.07740122,-0.9740489,0.1902769,0.9744934,-0.1189851,0.9584137,-0.2106461,-0.1925388,moving,77.71676,-39.85688,-13.07385,-1.392938,79.75145861408933,-33.09848792698446,98.60228039123365,98.09067139883093,90.54092962993981
05/18/2023 18:40:44.249209,1526,True,True,True,True,Eyes,1.913515,0.02186504,-1.901722,0.9635089,-0.174902,0.2026324,0.0,0.0,0.0,0.0,0.0,0.0,0.0,-1.428135,-0.6459136,-2.39187,2.108222,0.02174664,-1.932032,0.03773579,0.7720507,-0.1055123,0.6256044,12.13039,101.5034,355.6738,0.6941774,0.008280044,-0.7197558,0.0,0.0,0.0,3.649818,-0.3947922,-1.235329,-0.459523,-0.04548865,1.983261,-0.2143902,-0.07375005,-0.9739597,0.1902858,0.9748864,-0.1157064,0.9580334,-0.2101371,-0.1949726,moving,78.12339,-40.79909,-13.04528,-1.313922,80.14842663898575,-33.97112147490816,99.35192439785516,98.74998549193452,90.92646782136677
05/18/2023 18:40:44.274374,1527,True,True,True,True,Eyes,1.922199,0.02170857,-1.90359,0.9649062,-0.1748972,0.1958748,0.0,0.0,0.0,0.0,0.0,0.0,0.0,-1.428375,-0.6396085,-2.403813,2.116433,0.02110036,-1.935959,0.03874777,0.7725748,-0.1039647,0.6251547,12.06889,101.6067,355.8883,0.6957002,0.008262659,-0.7182842,0.0,0.0,0.0,3.665651,-0.3900095,-1.247499,-0.4586436,-0.0428867,1.983761,-0.2153608,-0.07011691,-0.9740142,0.1898591,0.9753799,-0.1121943,0.9579006,-0.2090876,-0.1967462,moving,78.52495,-41.76175,-13.01799,-1.238478,80.54106309571965,-34.86301302854973,100.11116539841889,99.41783427561604,91.30773339437299
05/18/2023 18:40:44.290816,1528,True,True,True,True,Eyes,1.930853,0.02152205,-1.90556,0.966225,-0.1748801,0.1892786,0.0,0.0,0.0,0.0,0.0,0.0,0.0,-1.429033,-0.6319892,-2.415808,2.124454,0.02008124,-1.940095,0.03937695,0.7730749,-0.1023134,0.6247693,11.96973,101.7007,356.075,0.6971953,0.008238982,-0.7168334,0.0,0.0,0.0,3.68217,-0.3816612,-1.259599,-0.4577324,-0.0401893,1.98428,-0.2162255,-0.06696188,-0.9740443,0.1887272,0.9759628,-0.1089888,0.9579293,-0.2073948,-0.1983906,moving,78.9164,-42.73576,-12.98973,-1.160301,80.92449722438992,-35.765760040632074,100.87247157989924,100.08706145435185,91.67857252063997
05/18/2023 18:40:44.309110,1529,True,True,True,True,Eyes,1.939495,0.02130836,-1.907617,0.9675123,-0.1747946,0.1826658,0.0,0.0,0.0,0.0,0.0,0.0,0.0,-1.427044,-0.6273737,-2.428702,2.132398,0.0190952,-1.94452,0.040018,0.7738587,-0.1011828,0.6239417,11.91968,101.8497,356.2303,0.698662,0.008208564,-0.7154044,0.0,0.0,0.0,3.695928,-0.3821191,-1.271254,-0.4568079,-0.03745492,1.984805,-0.2181907,-0.06432777,-0.9737839,0.1882009,0.9763212,-0.1066646,0.9575873,-0.2065402,-0.2009176,moving,79.30844,-43.73856,-12.96107,-1.081091,81.30903365393726,-36.69544202458541,101.65294947578285,100.77318314822881,92.04989247198861
05/18/2023 18:40:44.319346,1530,True,True,True,True,Eyes,1.948114,0.02106836,-1.909778,0.9687415,-0.1746409,0.1761826,0.0,0.0,0.0,0.0,0.0,0.0,0.0,-1.422917,-0.6223189,-2.443301,2.140595,0.0181738,-1.949157,0.04016306,0.7749108,-0.1000202,0.622813,11.83193,102.0422,356.3481,0.7001004,0.008171111,-0.7139972,0.0,0.0,0.0,3.712169,-0.3741481,-1.28361,-0.4558242,-0.03454425,1.985364,-0.2209818,-0.06234214,-0.9732834,0.1868333,0.9767658,-0.1049853,0.957215,-0.2050416,-0.2041998,moving,79.69242,-44.74822,-12.93057,-0.9968149,81.68619170268342,-37.631729734184944,102.43633986415371,101.46156208146199,92.41245926884218
05/18/2023 18:40:44.338978,1531,True,True,True,True,Eyes,1.956715,0.02078926,-1.912008,0.9699429,-0.1744495,0.169641,0.0,0.0,0.0,0.0,0.0,0.0,0.0,-1.418543,-0.6175288,-2.457823,2.148711,0.01733333,-1.953776,0.03981105,0.7759486,-0.0989782,0.6217092,11.71864,102.2265,356.4113,0.7015103,0.008126405,-0.7126127,0.0,0.0,0.0,3.725141,-0.3741239,-1.294863,-0.4550175,-0.03215683,1.985822,-0.2237857,-0.06128865,-0.9727094,0.1848539,0.9772368,-0.1041022,0.9569477,-0.2031058,-0.2073621,moving,80.07943,-45.80063,-12.90558,-0.927721,82.06699349434476,-38.607963620264655,103.24625923888178,102.17431379784611,92.78088737366959
05/18/2023 18:40:44.349466,1532,True,True,True,True,Eyes,1.965287,0.02046775,-1.914355,0.9710771,-0.1742496,0.1632372,0.0,0.0,0.0,0.0,0.0,0.0,0.0,-1.414541,-0.6147376,-2.471519,2.156625,0.01607074,-1.958557,0.03933497,0.7768855,-0.09839692,0.6206607,11.63719,102.3925,356.4279,0.7028922,0.008073781,-0.7112503,0.0,0.0,0.0,3.746151,-0.3454362,-1.307011,-0.4540781,-0.02937709,1.986357,-0.2264661,-0.06102467,-0.9721055,0.1832597,0.9775416,-0.1040589,0.9566237,-0.2017136,-0.2101966,moving,80.45784,-46.86893,-12.87647,-0.8473104,82.44008706119419,-39.59926800006159,104.06384047200643,102.89295538488949,93.13875309816339
05/18/2023 18:40:44.374535,1533,True,True,True,True,Eyes,1.973816,0.02010752,-1.916843,0.9721643,-0.1740824,0.1568184,0.0,0.0,0.0,0.0,0.0,0.0,0.0,-1.410416,-0.6148205,-2.484804,2.164537,0.01472785,-1.963694,0.03912667,0.7778082,-0.09829176,0.6195338,11.61796,102.5616,356.434,0.704245,0.008012551,-0.7099115,0.0,0.0,0.0,3.758864,-0.3412015,-1.317599,-0.4532036,-0.02678882,1.986855,-0.2292938,-0.06092406,-0.9714487,0.1826563,0.9776157,-0.1044237,0.9560653,-0.2013849,-0.213033,moving,80.83663,-47.98658,-12.84939,-0.7724739,82.81448186006622,-40.636757061105705,104.91063891837881,103.63752916394711,93.49799046553343
05/18/2023 18:40:44.389397,1534,True,True,True,True,Eyes,1.982313,0.01971938,-1.919453,0.9731935,-0.1738965,0.1505141,0.0,0.0,0.0,0.0,0.0,0.0,0.0,-1.40572,-0.6172377,-2.49766,2.172205,0.0134545,-1.968929,0.03917201,0.7787623,-0.09854923,0.6182902,11.64997,102.7416,356.4378,0.7055683,0.007942201,-0.7085971,0.0,0.0,0.0,3.76515,-0.379325,-1.336498,-0.452292,-0.02409184,1.987372,-0.2323654,-0.06085268,-0.970723,0.1828754,0.9775072,-0.1050535,0.9552815,-0.2019322,-0.2160103,moving,81.20829,-49.12254,-12.82116,-0.6945318,83.18258457813657,-41.69154817037383,105.76771457076005,104.39096859545268,93.8496514492439
05/18/2023 18:40:44.408799,1535,True,True,True,True,Eyes,1.990777,0.01930889,-1.922175,0.9742119,-0.1735845,0.1441512,0.0,0.0,0.0,0.0,0.0,0.0,0.0,-1.400576,-0.6172718,-2.51159,2.179942,0.01239337,-1.974441,0.03881466,0.779838,-0.0984069,0.6169783,11.61758,102.9379,356.4359,0.7068607,0.007862726,-0.7073087,0.0,0.0,0.0,3.791642,-0.319756,-1.345696,-0.4513758,-0.0213806,1.987893,-0.2356624,-0.06089155,-0.9699255,0.1819682,0.977619,-0.1055873,0.954647,-0.2013785,-0.2193078,moving,81.58319,-50.29247,-12.79281,-0.6162156,83.55435819816854,-42.77806225178388,106.65158051905992,105.16842745279935,94.20460260790001
05/18/2023 18:40:44.419012,1536,True,True,True,True,Eyes,1.999199,0.01894149,-1.925022,0.9751586,-0.1733502,0.1378966,0.0,0.0,0.0,0.0,0.0,0.0,0.0,-1.395463,-0.6133058,-2.526459,2.18758,0.01143332,-1.980106,0.03783974,0.7809912,-0.09765389,0.6156986,11.48605,103.1388,356.4227,0.7081223,0.0077743,-0.7060465,0.0,0.0,0.0,3.813288,-0.2574405,-1.352237,-0.4504606,-0.01867249,1.988413,-0.238967,-0.0611457,-0.9691007,0.1793557,0.9780638,-0.1059379,0.9543199,-0.1991294,-0.2227581,moving,81.9512,-51.49847,-12.76449,-0.5380289,83.92040422413548,-43.898496887885806,107.55476971888633,105.96272436692412,94.55269238897532
05/18/2023 18:40:44.439001,1537,True,True,True,True,Eyes,2.007609,0.01864306,-1.927974,0.9761217,-0.1726291,0.1318545,0.0,0.0,0.0,0.0,0.0,0.0,0.0,-1.389084,-0.6224234,-2.538695,2.194993,0.01212023,-1.985899,0.03795839,0.7820551,-0.09872703,0.6141677,11.59811,103.345,356.3771,0.7093524,0.007679459,-0.7048116,0.0,0.0,0.0,3.817125,-0.3176854,-1.374528,-0.4495756,-0.01605498,1.988916,-0.2427144,-0.06189881,-0.9681212,0.180641,0.9776243,-0.1077943,0.953131,-0.2010456,-0.226102,moving,82.30705,-52.62733,-12.73712,-0.4624947,84.27363943606193,-44.94700408038218,108.41846841228218,106.72375097031957,94.88992868028194
05/18/2023 18:40:44.452297,1538,True,True,True,True,Eyes,2.015997,0.01835843,-1.931057,0.9771015,-0.1715378,0.1258864,0.0,0.0,0.0,0.0,0.0,0.0,0.0,-1.382084,-0.622504,-2.55411,2.202991,0.01343389,-1.991933,0.0364057,0.7833487,-0.09837754,0.6126674,11.46311,103.5681,356.2845,0.7105514,0.007581402,-0.7036041,0.0,0.0,0.0,3.825466,-0.342787,-1.386035,-0.4486659,-0.01336173,1.989433,-0.2466267,-0.06350872,-0.9670275,0.1775821,0.977993,-0.1095187,0.9527014,-0.198737,-0.2299212,moving,82.65865,-53.72618,-12.70898,-0.3848127,84.62233866440954,-45.96751812561735,109.27161716223664,107.47636310776171,95.22306620211724
05/18/2023 18:40:44.474492,1539,True,True,True,True,Eyes,2.024333,0.01811766,-1.934234,0.9780838,-0.1701525,0.1200015,0.0,0.0,0.0,0.0,0.0,0.0,0.0,-1.376923,-0.6019869,-2.573395,2.210863,0.01341052,-1.998141,0.03246169,0.7847981,-0.09511958,0.6115474,10.89461,103.7813,356.1819,0.711719,0.007480981,-0.7024241,0.0,0.0,0.0,3.850742,-0.2871299,-1.403712,-0.4478075,-0.0108212,1.989922,-0.2499118,-0.06538853,-0.9660581,0.167292,0.979797,-0.1095956,0.9537072,-0.1890031,-0.2339239,moving,83.00532,-54.80627,-12.68244,-0.3115716,84.96608422560256,-46.970584996792425,110.11729912926744,108.22337000204782,95.55250073187463
05/18/2023 18:40:44.489376,1540,True,True,True,True,Eyes,2.032637,0.01803655,-1.937514,0.9789831,-0.1689654,0.1142051,0.0,0.0,0.0,0.0,0.0,0.0,0.0,-1.369491,-0.6039034,-2.58739,2.217845,0.01417914,-2.003934,0.03093777,0.7860491,-0.09524614,0.6099983,10.80577,104.0017,356.0559,0.712855,0.007380082,-0.7012723,0.0,0.0,0.0,3.864271,-0.2849385,-1.423956,-0.4468787,-0.008073561,1.990449,-0.2538899,-0.06756277,-0.9648707,0.1648372,0.979942,-0.1119923,0.9530838,-0.1874803,-0.2376606,moving,83.34613,-55.94492,-12.65374,-0.232399,85.30549355702236,-48.02860029426813,110.99486490911345,108.99765271436561,95.87472985138908
05/18/2023 18:40:44.509089,1541,True,True,True,True,Eyes,2.040942,0.01807156,-1.940878,0.9799311,-0.1672184,0.1085036,0.0,0.0,0.0,0.0,0.0,0.0,0.0,-1.360279,-0.6271054,-2.597679,2.2254,0.01798488,-2.009683,0.03068367,0.7870544,-0.0982918,0.608229,11.07229,104.2031,355.8355,0.7139603,0.007284421,-0.7001479,0.0,0.0,0.0,3.874711,-0.3087407,-1.446177,-0.4459659,-0.005373467,1.990968,-0.258232,-0.07126841,-0.9634507,0.1678673,0.9787945,-0.1173966,0.9513868,-0.1920474,-0.2407924,moving,83.68162,-57.02154,-12.62554,-0.1546365,85.63875536330596,-49.02867506474164,111.84325541106139,109.74763500356117,96.19259563821116
05/18/2023 18:40:44.518962,1542,True,True,True,True,Eyes,2.049199,0.01812932,-1.944355,0.9808847,-0.1651133,0.1029695,0.0,0.0,0.0,0.0,0.0,0.0,0.0,-1.359099,-0.6056079,-2.614966,2.233545,0.02067083,-2.01564,0.0267572,0.788021,-0.09448978,0.6077653,10.45388,104.3293,355.7613,0.715035,0.007197695,-0.6990512,0.0,0.0,0.0,3.89463,-0.2834893,-1.471031,-0.4450772,-0.002742559,1.991474,-0.2598107,-0.07268475,-0.9629203,0.1570257,0.9807115,-0.1163957,0.9528071,-0.181444,-0.243386,moving,84.00726,-58.05112,-12.59808,-0.07890484,85.96193643829697,-49.984944194670106,112.66485453358084,110.47483697379802,96.50148177173465
05/18/2023 18:40:44.539128,1543,True,True,True,True,Eyes,2.0574,0.01822309,-1.947921,0.9817761,-0.1631932,0.09738346,0.0,0.0,0.0,0.0,0.0,0.0,0.0,-1.363273,-0.5751195,-2.630475,2.240643,0.02117506,-2.021817,0.02401802,0.7886429,-0.08937351,0.6078469,9.797479,104.4004,355.8818,0.7160789,0.007119794,-0.6979826,0.0,0.0,0.0,3.9121,-0.2588405,-1.492787,-0.444178,-8.031726e-05,1.991985,-0.2598907,-0.07076753,-0.9630414,0.1465341,0.982871,-0.111769,0.9544551,-0.1701661,-0.2450691,moving,84.3353,-59.1739,-12.57031,-0.002310178,86.28914251544147,-51.0283969440141,113.54283020752615,111.25130508135904,96.81222697161144
05/18/2023 18:40:44.549586,1544,True,True,True,True,Eyes,2.06556,0.01833189,-1.951596,0.9826258,-0.1613136,0.0917841,0.0,0.0,0.0,0.0,0.0,0.0,0.0,-1.354341,-0.5905007,-2.642152,2.247422,0.02212697,-2.02793,0.02514263,0.7898856,-0.09132511,0.6058946,10.06355,104.6548,355.8679,0.7170928,0.007051052,-0.6969417,0.0,0.0,0.0,3.924073,-0.2709636,-1.518952,-0.4432322,0.002716884,1.992522,-0.2645191,-0.07094719,-0.9617673,0.1503864,0.9820552,-0.1138052,0.9525826,-0.1747404,-0.249103,moving,84.66366,-60.36102,-12.54112,0.07812504,86.61788161739224,-52.132066929048285,114.46248078743776,112.06431968830611,97.12232459052473
05/18/2023 18:40:44.574392,1545,True,True,True,True,Eyes,2.073672,0.01844153,-1.955381,0.98349,-0.1592152,0.08601104,0.0,0.0,0.0,0.0,0.0,0.0,0.0,-1.342587,-0.591031,-2.658915,2.254598,0.02259025,-2.034198,0.02452408,0.7916811,-0.0911245,0.6036027,10.01399,104.9906,355.8553,0.7180756,0.006991123,-0.6959298,0.0,0.0,0.0,3.937055,-0.2753449,-1.543789,-0.4423614,0.00529396,1.993018,-0.270125,-0.07117547,-0.960191,0.1488365,0.9821898,-0.1146775,0.951252,-0.1738887,-0.2547205,moving,85.00191,-61.62125,-12.51425,0.1521917,86.9572390754203,-53.30394409954475,115.43552122552616,112.92535407737641,97.44357594114308
05/18/2023 18:40:44.589289,1546,True,True,True,True,Eyes,2.081721,0.01856865,-1.959261,0.9843076,-0.1572231,0.08012147,0.0,0.0,0.0,0.0,0.0,0.0,0.0,-1.325768,-0.5748723,-2.68156,2.261659,0.02265054,-2.040413,0.02251276,0.7943137,-0.08843077,0.6006156,9.644037,105.465,355.9015,0.7190278,0.006939088,-0.6949463,0.0,0.0,0.0,3.951527,-0.2671635,-1.56899,-0.4414688,0.007934861,1.993525,-0.2775083,-0.07046143,-0.958136,0.1419902,0.9833463,-0.1134405,0.9501727,-0.1675266,-0.262882,moving,85.34645,-62.99643,-12.48671,0.2280541,87.30466355119198,-54.583274620190736,116.48460235282926,113.85341449120595,97.77041391916329
05/18/2023 18:40:44.609313,1547,True,True,True,True,Eyes,2.089726,0.01872689,-1.963243,0.9851139,-0.1551558,0.07400902,0.0,0.0,0.0,0.0,0.0,0.0,0.0,-1.306386,-0.5758638,-2.700984,2.268238,0.02319321,-2.046494,0.02280952,0.7969289,-0.08815201,0.5971711,9.656684,105.9698,355.9907,0.7199492,0.006894761,-0.693992,0.0,0.0,0.0,3.963303,-0.271659,-1.594824,-0.440564,0.01061274,1.99404,-0.2857329,-0.06892853,-0.9558272,0.1416388,0.9834179,-0.1132594,0.9477844,-0.1677441,-0.2712319,moving,85.70359,-64.49895,-12.4588,0.3049386,87.66627229286121,-55.98151152277448,117.62397199632952,114.86163227585729,98.10943627762099
05/18/2023 18:40:44.619362,1548,True,True,True,True,Eyes,2.097669,0.01887107,-1.967322,0.9859073,-0.1529422,0.067791,0.0,0.0,0.0,0.0,0.0,0.0,0.0,-1.287306,-0.5670701,-2.722614,2.275293,0.02404894,-2.052759,0.02215284,0.799644,-0.08634651,0.5938208,9.462531,106.4813,356.0982,0.72084,0.00685845,-0.6930672,0.0,0.0,0.0,3.973615,-0.2824541,-1.619538,-0.4396431,0.01333734,1.994564,-0.2937723,-0.06711994,-0.9535159,0.1379775,0.9841071,-0.1117833,0.9458646,-0.1644026,-0.2798423,moving,86.06653,-66.09489,-12.4304,0.3831221,88.03507826722367,-57.46706013628033,118.83169321436368,115.93082380554723,98.45391220501689
05/18/2023 18:40:44.639209,1549,True,True,True,True,Eyes,2.105551,0.01902502,-1.971477,0.9866456,-0.1508734,0.06138066,0.0,0.0,0.0,0.0,0.0,0.0,0.0,-1.269788,-0.5471826,-2.745025,2.281759,0.02379221,-2.059112,0.02094831,0.80236,-0.08300103,0.5906696,9.087372,106.9841,356.2585,0.7216999,0.006828833,-0.6921721,0.0,0.0,0.0,3.983516,-0.2920818,-1.643743,-0.4387485,0.01598444,1.995072,-0.3013411,-0.0644362,-0.9513366,0.1316685,0.9853441,-0.1084463,0.9443818,-0.1579404,-0.2884405,moving,86.44014,-67.86177,-12.40283,0.4590417,88.41710699938793,-59.11237048849068,120.15683929667823,117.10428193149731,98.80911801262063
05/18/2023 18:40:44.659122,1550,True,True,True,True,Eyes,2.11338,0.01919046,-1.975733,0.987336,-0.1488707,0.0548202,0.0,0.0,0.0,0.0,0.0,0.0,0.0,-1.248892,-0.548435,-2.7644,2.288068,0.02414872,-2.065571,0.02148472,0.805062,-0.08276583,0.5869955,9.119035,107.5163,356.3665,0.7225293,0.006805557,-0.6913065,0.0,0.0,0.0,3.9921,-0.3039671,-1.66569,-0.4378237,0.01871891,1.995596,-0.3099498,-0.06257326,-0.9486918,0.1317594,0.9853764,-0.1080404,0.941579,-0.1584861,-0.2971726,moving,86.82201,-69.78426,-12.37435,0.537425,88.80981870630822,-60.9031483185729,121.59382064269887,118.37727842158552,99.171771271259
05/18/2023 18:40:44.674446,1551,True,True,True,True,Eyes,2.121139,0.01936121,-1.980092,0.9879991,-0.1467759,0.04811165,0.0,0.0,0.0,0.0,0.0,0.0,0.0,-1.224817,-0.5475492,-2.785705,2.294685,0.02458091,-2.072187,0.02126089,0.8080627,-0.08230832,0.5829306,9.079677,108.1031,356.4235,0.7233286,0.006788351,-0.6904702,0.0,0.0,0.0,4.000441,-0.3159237,-1.686795,-0.4369556,0.0212871,1.996089,-0.3194798,-0.06159981,-0.9455887,0.1303203,0.9855466,-0.1082333,0.9385889,-0.1578078,-0.3068345,moving,87.21213,-71.85138,-12.34761,0.6110024,89.21299333429414,-62.82911617928482,123.1378848768787,119.74641871463028,99.54354918821632
05/18/2023 18:40:44.689655,1552,True,True,True,True,Eyes,2.12882,0.01951795,-1.984537,0.9885952,-0.1448403,0.0412401,0.0,0.0,0.0,0.0,0.0,0.0,0.0,-1.200684,-0.5385578,-2.80787,2.300915,0.02483906,-2.078699,0.01977682,0.8111117,-0.0808183,0.5789432,8.859072,108.6877,356.4317,0.7240975,0.006776771,-0.6896641,0.0,0.0,0.0,4.008257,-0.3272658,-1.706004,-0.4360415,0.0239926,1.996609,-0.3288676,-0.06149597,-0.9423718,0.1256608,0.9861546,-0.108206,0.9359785,-0.1540046,-0.3165867,moving,87.61124,-74.10686,-12.31946,0.6884714,89.6281596884618,-64.93118998759209,124.82181861247587,121.24049290878641,99.92313796976767
05/18/2023 18:40:44.709263,1553,True,True,True,True,Eyes,2.136433,0.01966376,-1.989009,0.9890991,-0.1432257,0.03419635,0.0,0.0,0.0,0.0,0.0,0.0,0.0,-1.172722,-0.5476379,-2.827423,2.306779,0.0246819,-2.085106,0.01943459,0.8141918,-0.08218712,0.5744209,8.984046,109.3069,356.3562,0.724836,0.006769746,-0.6888878,0.0,0.0,0.0,4.017411,-0.3307338,-1.724288,-0.4351458,0.02664435,1.99712,-0.3393262,-0.06277301,-0.938572,0.126067,0.9857351,-0.1115049,0.932183,-0.1561594,-0.3265721,moving,88.01989,-76.57154,-12.29187,0.7643598,90.05623021691369,-67.22886414424197,126.66211190475723,122.8747822799424,100.3121268406977
05/18/2023 18:40:44.720158,1554,True,True,True,True,Eyes,2.143962,0.01980657,-1.993559,0.989509,-0.1419314,0.02696922,0.0,0.0,0.0,0.0,0.0,0.0,0.0,-1.142409,-0.5692803,-2.844709,2.312395,0.02457762,-2.091357,0.01959662,0.817212,-0.08553568,0.5696176,9.33036,109.9348,356.1989,0.7255448,0.006766438,-0.6881412,0.0,0.0,0.0,4.027741,-0.3275284,-1.741933,-0.4342371,0.02933395,1.997637,-0.3503036,-0.06541608,-0.9343491,0.1294744,0.9845993,-0.1174764,0.9276443,-0.1621267,-0.336439,moving,88.43878,-79.24116,-12.2639,0.8412893,90.49777539565098,-69.71813511038039,128.66323657156096,124.6538980667886,100.71069618135428
05/18/2023 18:40:44.739632,1555,True,True,True,True,Eyes,2.151384,0.01995345,-1.998175,0.9898038,-0.1410883,0.01956003,0.0,0.0,0.0,0.0,0.0,0.0,0.0,-1.10875,-0.5955421,-2.861781,2.317948,0.02471526,-2.097688,0.01971544,0.8203986,-0.0896196,0.564381,9.747217,110.6076,355.9965,0.7262248,0.006766354,-0.6874235,0.0,0.0,0.0,4.037934,-0.3235067,-1.758687,-0.4333286,0.03202002,1.998151,-0.3621708,-0.06881017,-0.9295685,0.1335082,0.9831592,-0.1247936,0.9225009,-0.1693016,-0.3468849,moving,88.8679,-82.10701,-12.23596,0.9180762,90.95261873844814,-72.39085024066982,130.82490376612947,126.57836101776816,101.11900991497387
05/18/2023 18:40:44.748985,1556,True,True,True,True,Eyes,2.158708,0.02011073,-2.002863,0.9899934,-0.140607,0.01195219,0.0,0.0,0.0,0.0,0.0,0.0,0.0,-1.073694,-0.6260466,-2.877297,2.323028,0.02487735,-2.103928,0.02080804,0.8236057,-0.09417968,0.5589015,10.27618,111.3059,355.8622,0.7268754,0.006769303,-0.6867356,0.0,0.0,0.0,4.048333,-0.3183975,-1.775926,-0.4324234,0.03470023,1.998667,-0.374392,-0.07099909,-0.9245482,0.1395496,0.9813944,-0.1318745,0.9167094,-0.1783931,-0.3575183,moving,89.3083,-85.1413,-12.20811,0.9946517,91.421205235189,-75.22097305468894,133.1352082454256,128.63847182263063,101.53827191076594
05/18/2023 18:40:44.774632,1557,True,True,True,True,Eyes,2.165936,0.0202864,-2.007627,0.9901077,-0.1402486,0.004128575,0.0,0.0,0.0,0.0,0.0,0.0,0.0,-1.037075,-0.6596193,-2.892388,2.327846,0.02506042,-2.111169,0.02236831,0.8269284,-0.09910198,0.5530532,10.87356,112.0466,355.759,0.7274951,0.006775311,-0.6860789,0.0,0.0,0.0,4.057986,-0.3164436,-1.794797,-0.4315349,0.03733097,1.999174,-0.3872636,-0.07262336,-0.9191043,0.1466113,0.9793569,-0.1391588,0.9102373,-0.1886422,-0.3686219,moving,89.76109,-88.31384,-12.18078,1.069771,91.90398971926558,-78.18021921183727,135.57866636936734,130.82125299846678,101.96999806358885
05/18/2023 18:40:44.790356,1558,True,True,True,True,Eyes,2.173054,0.02047039,-2.012495,0.9901218,-0.1401547,-0.003923965,0.0,0.0,0.0,0.0,0.0,0.0,0.0,-0.9985892,-0.6816295,-2.909669,2.332939,0.02550907,-2.117715,0.02276454,0.8304598,-0.1023407,0.547124,11.23828,112.8176,355.6628,0.7280861,0.006784692,-0.6854517,0.0,0.0,0.0,4.066956,-0.3177578,-1.814638,-0.4306313,0.04000379,1.999686,-0.4002742,-0.07417599,-0.9133884,0.1497961,0.9780163,-0.1450696,0.9040695,-0.1948897,-0.3803634,moving,-89.77293,88.39629,-12.15302,1.146051,-78.77145087240868,83.11675386825361,116.77951290344218,105.62770214587371,102.41432643865036
05/18/2023 18:40:44.809846,1559,True,True,True,True,Eyes,2.180096,0.02066887,-2.017402,0.9901293,-0.1396329,-0.01211326,0.0,0.0,0.0,0.0,0.0,0.0,0.0,-0.9564192,-0.7033575,-2.926854,2.337582,0.02663488,-2.123894,0.02333225,0.834253,-0.1053967,0.5407116,11.60054,113.6558,355.6061,0.7286463,0.006797354,-0.684856,0.0,0.0,0.0,4.075238,-0.3214203,-1.834158,-0.4297085,0.04273298,2.000211,-0.4141732,-0.07504843,-0.9070988,0.1529084,0.9766942,-0.150623,0.8972622,-0.2010871,-0.393045,moving,-89.29907,85.04196,-12.12466,1.223895,-78.2655450117169,79.98782806882602,113.9357607566313,102.85122178469084,102.86632426906863
05/18/2023 18:40:44.819097,1560,True,True,True,True,Eyes,2.187026,0.02087343,-2.022372,0.9900523,-0.139192,-0.02054124,0.0,0.0,0.0,0.0,0.0,0.0,0.0,-0.9152582,-0.7148806,-2.945812,2.342487,0.02714588,-2.130394,0.02328933,0.8380784,-0.1069965,0.5344474,11.78482,114.4925,355.5865,0.7291778,0.006813459,-0.6842899,0.0,0.0,0.0,4.084863,-0.3188367,-1.852758,-0.4287533,0.04555798,2.000753,-0.4276475,-0.07533146,-0.9008014,0.1534046,0.9760187,-0.1544491,0.8908339,-0.2042368,-0.4058357,moving,-88.81142,81.60518,-12.09532,1.304423,-77.74520764328967,76.78204178990198,111.05661427390558,100.03388768697498,103.33130606056278
05/18/2023 18:40:44.838980,1561,True,True,True,True,Eyes,2.193807,0.02110407,-2.027505,0.9901611,-0.1369701,-0.02863753,0.0,0.0,0.0,0.0,0.0,0.0,0.0,-0.8748996,-0.7202257,-2.964793,2.346832,0.02750724,-2.136771,0.02292594,0.841884,-0.1077009,0.5283051,11.8627,115.3232,355.5932,0.7296802,0.006832845,-0.683754,0.0,0.0,0.0,4.093759,-0.3171043,-1.867949,-0.4279431,0.04795839,2.001214,-0.4407364,-0.07519593,-0.8944815,0.1523999,0.9757499,-0.1571196,0.8846049,-0.2055672,-0.4185886,moving,-88.34335,78.19078,-12.07043,1.37281,-77.24354380767319,73.59675575220571,108.25229254037671,97.28223426404985,103.7806455948956
05/18/2023 18:40:44.849481,1562,True,True,True,True,Eyes,2.200492,0.02133823,-2.032706,0.9901769,-0.134837,-0.03699591,0.0,0.0,0.0,0.0,0.0,0.0,0.0,-0.833662,-0.7273041,-2.983364,2.351439,0.02786922,-2.143451,0.02270802,0.8456689,-0.1086493,0.522038,11.97422,116.1637,355.6011,0.7301512,0.006856028,-0.6832507,0.0,0.0,0.0,4.102523,-0.3170285,-1.882604,-0.4268931,0.05106388,2.00181,-0.4539212,-0.07503115,-0.8878771,0.151845,0.9753594,-0.1600537,0.8780083,-0.2074715,-0.4313432,moving,-87.86025,74.65704,-12.0382,1.461233,-76.72558505383086,70.30010725137754,105.38789982053797,94.46294719782752,104.24003880967193
05/18/2023 18:40:44.874914,1563,True,True,True,True,Eyes,2.366247,0.02700711,-2.162677,0.9649884,-0.07740159,-0.2506124,0.0,0.0,0.0,0.0,0.0,0.0,0.0,-0.7918738,-0.7283977,-3.002841,2.355938,0.02818757,-2.150219,0.02181845,0.8495265,-0.1088133,0.5157406,11.96915,117.0146,355.5931,0.7305913,0.006882722,-0.6827799,0.0,0.0,0.0,4.111521,-0.3146492,-1.89491,-0.4261388,0.05329628,2.002239,-0.4670712,-0.07516821,-0.8810191,0.1493096,0.9753672,-0.1623743,0.8715224,-0.207385,-0.4443427,moving,-75.44161,17.16329,-12.01505,1.524759,-64.05084366305528,16.768183571530365,65.32604507599982,54.22255817288593,116.6068444323992
05/18/2023 18:40:44.889196,1564,True,True,True,True,Eyes,2.366408,0.02700378,-2.162946,0.9648339,-0.07748432,-0.2511807,0.0,0.0,0.0,0.0,0.0,0.0,0.0,-0.7490125,-0.7294935,-3.021873,2.360355,0.02813637,-2.157042,0.02086553,0.8533863,-0.1090782,0.5093118,11.97154,117.8771,355.5738,0.7314445,0.007071598,-0.681864,0.4972629,0.01700664,-0.3899131,4.120791,-0.3118971,-1.906467,-0.4252459,0.05593829,2.002746,-0.4803323,-0.07549696,-0.8738313,0.1467224,0.9753332,-0.1649176,0.8647274,-0.2074259,-0.4574069,moving,-75.40777,17.14397,-11.98766,1.599901,-64.01894186109912,16.75087405586157,65.29723143816176,54.19230827939133,116.61862880641833
05/18/2023 18:40:44.899302,1565,True,True,True,True,Eyes,2.366773,0.027007,-2.163413,0.964547,-0.07750291,-0.2522744,0.0,0.0,0.0,0.0,0.0,0.0,0.0,-0.7063867,-0.7360732,-3.038478,2.364487,0.0280689,-2.163688,0.02068662,0.8570647,-0.1100513,0.5028924,12.09003,118.727,355.5876,0.7321757,0.007229362,-0.6810771,0.4674271,0.01598624,-0.3665183,4.12957,-0.3106832,-1.916152,-0.4243074,0.05871535,2.00328,-0.4933427,-0.07522837,-0.866576,0.1461474,0.9749215,-0.1678359,0.8574697,-0.2094484,-0.469976,moving,-75.34279,17.07783,-11.95887,1.678836,-63.95712622867438,16.690452221004055,65.22768070979096,54.12178186635753,116.66032591457528
05/18/2023 18:40:44.919107,1566,True,True,True,True,Eyes,2.367292,0.02701937,-2.164145,0.9641249,-0.07749929,-0.2538841,0.0,0.0,0.0,0.0,0.0,0.0,0.0,-0.6647434,-0.7412837,-3.054803,2.368646,0.02814757,-2.170699,0.02045041,0.8606433,-0.1107856,0.4965898,12.18124,119.5615,355.6096,0.7328049,0.007361741,-0.6803986,0.4393815,0.01502707,-0.3445272,4.13869,-0.3083586,-1.924655,-0.4234244,0.06132773,2.003782,-0.5059607,-0.07482897,-0.8593045,0.145231,0.9746167,-0.1703828,0.8502421,-0.2110047,-0.4822502,moving,-75.24715,16.97505,-11.93179,1.753047,-63.86603939583616,16.59643592559298,65.11946089504741,54.01381726100578,116.73392092737295
05/18/2023 18:40:44.939045,1567,True,True,True,True,Eyes,2.367988,0.02703786,-2.165091,0.9635887,-0.077262,-0.255983,0.0,0.0,0.0,0.0,0.0,0.0,0.0,-0.6232238,-0.7398297,-3.072187,2.372917,0.02837439,-2.17774,0.01959253,0.8642514,-0.1105911,0.4903626,12.14415,120.3945,355.624,0.7333437,0.007472917,-0.6798166,0.4130186,0.01412544,-0.3238555,4.147861,-0.3048593,-1.933141,-0.4225264,0.06398418,2.004292,-0.5183215,-0.07459375,-0.8519265,0.1423252,0.9747714,-0.1719421,0.8432595,-0.2103719,-0.4946284,moving,-75.12267,16.79511,-11.90426,1.828465,-63.74659948986374,16.430855322229537,64.96589740382353,53.859613504972614,116.835931501027
05/18/2023 18:40:44.949581,1568,True,True,True,True,Eyes,2.368827,0.02704787,-2.166286,0.9629239,-0.07699464,-0.2585524,0.0,0.0,0.0,0.0,0.0,0.0,0.0,-0.5824257,-0.7340114,-3.089901,2.377098,0.02844992,-2.184965,0.01838417,0.8678192,-0.1098239,0.4842426,12.02973,121.2168,355.6341,0.7338104,0.007568343,-0.6793119,0.3882375,0.01327792,-0.3044242,4.156738,-0.302703,-1.943899,-0.421596,0.0667379,2.004822,-0.5303426,-0.07445451,-0.844508,0.138271,0.9752015,-0.1728097,0.8364319,-0.2084193,-0.506896,moving,-74.97015,16.58307,-11.87575,1.906598,-63.600416748211344,16.23586988228346,64.77887110568372,53.67279742001455,116.96499982267223
05/18/2023 18:40:44.975045,1569,True,True,True,True,Eyes,2.369694,0.02704016,-2.167861,0.96173,-0.07886866,-0.2624024,0.0,0.0,0.0,0.0,0.0,0.0,0.0,-0.5403903,-0.7315727,-3.106389,2.381401,0.0282481,-2.192032,0.01706771,0.8712978,-0.1097277,0.4780257,11.97756,122.0359,355.5933,0.7342226,0.007654013,-0.6788653,0.3649433,0.01248124,-0.2861588,4.16606,-0.2989933,-1.956472,-0.4206988,0.06939431,2.005332,-0.5424002,-0.07516319,-0.8367512,0.1346474,0.975337,-0.1748934,0.82926,-0.2075286,-0.5189025,moving,-74.73865,16.72887,-11.84826,1.981924,-63.38751096236619,16.37764368818938,64.59623495745721,53.51197188576298,117.17333900790781
05/18/2023 18:40:44.989190,1570,True,True,True,True,Eyes,2.370697,0.02703503,-2.169669,0.9604146,-0.08066647,-0.2666396,0.0,0.0,0.0,0.0,0.0,0.0,0.0,-0.498356,-0.7376951,-3.120059,2.385427,0.02835035,-2.199149,0.01596856,0.8745362,-0.110959,0.4718259,12.07219,122.8285,355.4969,0.7345815,0.007730481,-0.6784762,0.3430467,0.01173237,-0.2689892,4.175459,-0.2939297,-1.968865,-0.4198025,0.07204564,2.005841,-0.554251,-0.07677644,-0.8288012,0.1326368,0.9748662,-0.1790065,0.8217139,-0.209144,-0.5301371,moving,-74.48376,16.83214,-11.82082,2.057061,-63.1519948778335,16.48014334841817,64.38126287127211,53.31899116419943,117.40511535671116
05/18/2023 18:40:45.009400,1571,True,True,True,True,Eyes,2.371956,0.02702787,-2.171527,0.9589752,-0.0822405,-0.2712986,0.0,0.0,0.0,0.0,0.0,0.0,0.0,-0.4554851,-0.738628,-3.134898,2.389821,0.02841131,-2.206484,0.0146727,0.8778707,-0.1114124,0.4655268,12.07972,123.6427,355.4267,0.7348893,0.007798369,-0.678142,0.3224639,0.01102843,-0.2528499,4.184505,-0.2900527,-1.980838,-0.4189053,0.07469884,2.00635,-0.5661394,-0.07796948,-0.820614,0.1294924,0.974744,-0.1819504,0.8140752,-0.2092725,-0.5417446,moving,-74.20354,16.86397,-11.79335,2.132206,-62.891506005024354,16.516352472410926,64.12532016596717,53.08413338139352,117.6622474069129
05/18/2023 18:40:45.019125,1572,True,True,True,True,Eyes,2.373332,0.02700603,-2.173605,0.9574118,-0.08379578,-0.2762987,0.0,0.0,0.0,0.0,0.0,0.0,0.0,-0.4143885,-0.7349072,-3.149839,2.393968,0.02819921,-2.213913,0.01401993,0.8811781,-0.1109265,0.4593734,12.02701,124.4552,355.4725,0.7351559,0.007858959,-0.6778511,0.303116,0.01036672,-0.2376789,4.193251,-0.288179,-1.993306,-0.417951,0.07752295,2.006892,-0.5775593,-0.07720523,-0.8126898,0.1266214,0.9749975,-0.1826112,0.8064691,-0.2083727,-0.5533431,moving,-73.90243,16.87148,-11.76414,2.212142,-62.61108575063392,16.530275435097266,63.84405434120192,52.82443409288129,117.93888357413559
05/18/2023 18:40:45.039027,1573,True,True,True,True,Eyes,2.37482,0.0269628,-2.175899,0.9557148,-0.08521036,-0.2816886,0.0,0.0,0.0,0.0,0.0,0.0,0.0,-0.3723412,-0.7365021,-3.163022,2.398205,0.02783415,-2.221175,0.01380498,0.8843803,-0.1112079,0.4531159,12.07609,125.269,355.5212,0.7353833,0.00791218,-0.6776031,0.2849291,0.009744717,-0.2234181,4.201391,-0.2882165,-2.006094,-0.417078,0.08010704,2.007389,-0.5889912,-0.07636237,-0.8045239,0.1251978,0.9748845,-0.1841895,0.798383,-0.2092106,-0.564638,moving,-73.57758,16.83048,-11.73742,2.285238,-62.307614306630256,16.49933476891401,63.527706189222386,52.529849601596915,118.24123460608537
05/18/2023 18:40:45.049683,1574,True,True,True,True,Eyes,2.376427,0.0269027,-2.178402,0.9538962,-0.08662193,-0.2873653,0.0,0.0,0.0,0.0,0.0,0.0,0.0,-0.3299644,-0.7394099,-3.17537,2.402356,0.02723105,-2.228571,0.01355196,0.8875124,-0.111767,0.4468179,12.15164,126.0803,355.5516,0.7355736,0.007958049,-0.6773956,0.2678333,0.009160033,-0.2100131,4.209941,-0.2856215,-2.019906,-0.4161507,0.0828507,2.007917,-0.6003401,-0.07582397,-0.7961422,0.1239341,0.974649,-0.1862787,0.7900835,-0.2104998,-0.5757236,moving,-73.23486,16.77464,-11.70906,2.362799,-61.98720736463507,16.454912426409763,63.191179975130076,52.21570418219751,118.560135775398
05/18/2023 18:40:45.075070,1575,True,True,True,True,Eyes,2.378131,0.02680735,-2.181117,0.9519364,-0.08787774,-0.2934187,0.0,0.0,0.0,0.0,0.0,0.0,0.0,-0.2892826,-0.7410365,-3.187537,2.406847,0.02677777,-2.235974,0.01369188,0.8905163,-0.1119322,0.4407543,12.20584,126.8682,355.6412,0.7357289,0.007996719,-0.6772263,0.2517633,0.008610431,-0.1974123,4.218798,-0.279589,-2.03408,-0.4152926,0.08539011,2.008406,-0.6110966,-0.07428353,-0.7880629,0.1230549,0.9745674,-0.1872855,0.7819327,-0.2114245,-0.5864139,moving,-72.86895,16.67275,-11.68281,2.434542,-61.64430891901284,16.367916512608545,62.82093834981186,51.86800844010815,118.90384828359834
05/18/2023 18:40:45.089551,1576,True,True,True,True,Eyes,2.379945,0.02667556,-2.184023,0.9498523,-0.08912313,-0.299729,0.0,0.0,0.0,0.0,0.0,0.0,0.0,-0.2481685,-0.7399229,-3.199666,2.411047,0.02585131,-2.243461,0.01349585,0.8935325,-0.1118578,0.4346328,12.21781,127.6621,355.7097,0.7358509,0.008027769,-0.6770934,0.2366575,0.008093805,-0.1855675,4.226251,-0.2799914,-2.048449,-0.4143787,0.08809563,2.008925,-0.6218249,-0.07311619,-0.7797362,0.1213521,0.9746114,-0.1881657,0.7736978,-0.2116287,-0.5971648,moving,-72.48673,16.55962,-11.65488,2.510932,-61.28599762585301,16.27077293919294,62.43300096058048,51.50321406925151,119.26251304724344
05/18/2023 18:40:45.109139,1577,True,True,True,True,Eyes,2.381854,0.02650334,-2.187118,0.9476201,-0.09028745,-0.3063727,0.0,0.0,0.0,0.0,0.0,0.0,0.0,-0.2066327,-0.7404518,-3.211038,2.415549,0.02485304,-2.250829,0.01329291,0.8964574,-0.1120754,0.4285168,12.25917,128.448,355.7617,0.7359415,0.008050784,-0.6769947,0.2224581,0.007608177,-0.1744335,4.235478,-0.2708861,-2.064044,-0.4134753,0.09076808,2.009439,-0.6323935,-0.0722193,-0.7712737,0.1198854,0.9745248,-0.1895491,0.7653145,-0.2123341,-0.6076252,moving,-72.08359,16.42014,-11.62727,2.586342,-60.90768803688583,16.14944373801789,62.018872894040925,51.11279028429231,119.64231225096788
05/18/2023 18:40:45.119323,1578,True,True,True,True,Eyes,2.383882,0.02630989,-2.190387,0.9452833,-0.09140269,-0.3131852,0.0,0.0,0.0,0.0,0.0,0.0,0.0,-0.1664133,-0.7430469,-3.221212,2.419944,0.02373298,-2.258168,0.01410373,0.8992748,-0.1122531,0.4224988,12.34575,129.2283,355.921,0.7360025,0.008065281,-0.6769284,0.2091106,0.007151686,-0.1639675,4.2465,-0.247972,-2.079976,-0.4125815,0.09341283,2.009947,-0.6425918,-0.06948736,-0.7630515,0.1202199,0.9744006,-0.1899752,0.7567187,-0.2138104,-0.6177881,moving,-71.66927,16.26982,-11.59996,2.660922,-60.51875324269383,16.018223850221972,61.59159121706878,50.709622805138,120.03350314287042
05/18/2023 18:40:45.138924,1579,True,True,True,True,Eyes,2.386037,0.02609452,-2.193816,0.9428328,-0.0922975,-0.3202305,0.0,0.0,0.0,0.0,0.0,0.0,0.0,-0.1315843,-0.7377878,-3.232882,2.424868,0.02303158,-2.265537,0.0153041,0.9018932,-0.1108568,0.4172114,12.28251,129.94,356.1918,0.7360357,0.008071414,-0.6768923,0.1965639,0.006722585,-0.1541294,4.254352,-0.2407353,-2.095304,-0.4116657,0.0961234,2.010468,-0.6514009,-0.06489612,-0.7559533,0.1201068,0.9749531,-0.1871919,0.7491671,-0.212732,-0.6272908,moving,-71.24009,16.07815,-11.57199,2.73731,-60.11517877058772,15.848639061454556,61.14131311572887,50.28268216567864,120.43897570803959
05/18/2023 18:40:45.158963,1580,True,True,True,True,Eyes,2.388305,0.02581755,-2.197407,0.9403197,-0.09300784,-0.3273356,0.0,0.0,0.0,0.0,0.0,0.0,0.0,-0.1026055,-0.72557,-3.245589,2.429785,0.02226047,-2.272988,0.01612532,0.9042232,-0.1084378,0.4127491,12.08809,130.5548,356.4613,0.7360434,0.008069311,-0.6768842,0.1847701,0.00631923,-0.1448817,4.26131,-0.2421288,-2.109822,-0.4107201,0.09892075,2.011004,-0.6587567,-0.06035341,-0.7499318,0.118677,0.9759625,-0.1827925,0.7429373,-0.2094153,-0.6357591,moving,-70.80643,15.86176,-11.54313,2.816094,-59.70695553793618,15.656018021701758,60.682189547457476,49.84594004863212,120.84821309569494
05/18/2023 18:40:45.174959,1581,True,True,True,True,Eyes,2.446715,0.01761073,-2.291798,0.8576663,-0.108553,-0.502618,0.0,0.0,0.0,0.0,0.0,0.0,0.0,-0.07645869,-0.7086697,-3.258949,2.434813,0.02047847,-2.280368,0.01644342,0.9063704,-0.1056045,0.4087422,11.82223,131.1096,356.6895,0.7360273,0.008057868,-0.6769021,0.1736839,0.005940076,-0.1361888,4.272526,-0.2150154,-2.122351,-0.4098642,0.1014529,2.011491,-0.665319,-0.05652235,-0.7444166,0.1161377,0.9771546,-0.1779913,0.7374705,-0.2048758,-0.643555,moving,-59.62843,12.18727,-11.517,2.887361,-49.22113944427384,12.472461515742328,49.0020204078687,38.90342251178076,131.9350512377395
05/18/2023 18:40:45.189043,1582,True,True,True,True,Eyes,2.446913,0.01757963,-2.292098,0.8574699,-0.108673,-0.5029271,0.0,0.0,0.0,0.0,0.0,0.0,0.0,-0.05013263,-0.7076665,-3.268348,2.439482,0.01894048,-2.287787,0.01750304,0.9082364,-0.105056,0.4046773,11.82935,131.6449,356.8822,0.7353789,0.007762832,-0.6776099,0.3384912,-0.01903679,-0.4111907,4.282563,-0.1898822,-2.132707,-0.4089479,0.1041629,2.012011,-0.6718602,-0.05323374,-0.7387629,0.1168213,0.9773137,-0.1766652,0.7314076,-0.2049975,-0.6503994,moving,-59.60733,12.19307,-11.48905,2.963587,-49.201590476201055,12.478373568749484,48.995430670682836,38.894303858251,131.93561378536944
05/18/2023 18:40:45.199320,1583,True,True,True,True,Eyes,2.4473,0.01752251,-2.292711,0.8569943,-0.108709,-0.5037293,0.0,0.0,0.0,0.0,0.0,0.0,0.0,-0.02174449,-0.7157001,-3.275856,2.444492,0.01818821,-2.295226,0.01863474,0.9100189,-0.1058326,0.4003972,11.97834,132.1896,357.0212,0.7348237,0.007510667,-0.6782148,0.3181817,-0.01789458,-0.3865193,4.288517,-0.195687,-2.148964,-0.4080492,0.1068219,2.012523,-0.6786695,-0.05083418,-0.7326823,0.118666,0.9769044,-0.1776966,0.7247936,-0.2075418,-0.6569631,moving,-59.55358,12.17814,-11.46163,3.038329,-49.15122144729269,12.465629052462225,48.95275068796666,38.850730877848264,131.969085481172
05/18/2023 18:40:45.219039,1584,True,True,True,True,Eyes,2.447869,0.01742812,-2.29361,0.856316,-0.1086915,-0.5048852,0.0,0.0,0.0,0.0,0.0,0.0,0.0,0.006889462,-0.7111837,-3.286206,2.449654,0.01750143,-2.303014,0.01791764,0.9119214,-0.1053042,0.3962187,11.90309,132.7212,357.0259,0.7343208,0.007282333,-0.678762,0.2990908,-0.01682091,-0.3633282,4.295795,-0.1908696,-2.16861,-0.4071238,0.1095606,2.013049,-0.6853794,-0.05076802,-0.7264142,0.1161259,0.9771799,-0.1778597,0.7188669,-0.2062569,-0.6638435,moving,-59.47633,12.14919,-11.43342,3.11526,-49.0786868096429,12.440299297413688,48.884896363938424,38.783017817951084,132.02533184382972
05/18/2023 18:40:45.239176,1585,True,True,True,True,Eyes,2.448585,0.01729099,-2.294801,0.8552893,-0.1086571,-0.5066298,0.0,0.0,0.0,0.0,0.0,0.0,0.0,0.04255342,-0.7065376,-3.296032,2.454628,0.01650164,-2.310705,0.01650593,0.9141514,-0.1051555,0.3911486,11.83936,133.3532,356.9494,0.7338627,0.007074031,-0.6792595,0.2811454,-0.01581166,-0.3415285,4.303536,-0.175768,-2.193217,-0.4062505,0.1121465,2.013546,-0.693461,-0.05208498,-0.7186095,0.1124407,0.9773397,-0.1793435,0.7116667,-0.2051686,-0.6718904,moving,-59.35966,12.10487,-11.40679,3.187853,-48.96912692084255,12.401485112537188,48.77490064997764,38.6758344662409,132.12186525105216
05/18/2023 18:40:45.259088,1586,True,True,True,True,Eyes,2.449484,0.01712946,-2.296253,0.8540506,-0.1086171,-0.5087237,0.0,0.0,0.0,0.0,0.0,0.0,0.0,0.08132946,-0.7071176,-3.304232,2.459461,0.01530476,-2.31849,0.01623574,0.9165009,-0.1054286,0.3855483,11.87458,134.0555,356.9813,0.7334426,0.006882319,-0.6797151,0.2642767,-0.01486296,-0.3210368,4.309234,-0.1737223,-2.218374,-0.4053196,0.1149009,2.014075,-0.7021781,-0.05153546,-0.710134,0.1110557,0.9772424,-0.1807314,0.7032872,-0.20577,-0.6804749,moving,-59.21943,12.0522,-11.37843,3.265126,-48.8374543399733,12.35539438706456,48.64127825706759,38.54622528668115,132.240442557863
05/18/2023 18:40:45.275208,1587,True,True,True,True,Eyes,2.450583,0.01704331,-2.297931,0.8525752,-0.108596,-0.511197,0.0,0.0,0.0,0.0,0.0,0.0,0.0,0.121344,-0.7056682,-3.312524,2.46479,0.01453634,-2.325963,0.01612794,0.9189011,-0.1052362,0.3798502,11.86788,134.7758,357.0533,0.7330552,0.006704704,-0.6801347,0.2484201,-0.01397118,-0.3017746,4.315846,-0.1643165,-2.244045,-0.4044204,0.1175613,2.014585,-0.7109077,-0.05030799,-0.701484,0.1095879,0.9773305,-0.1811508,0.694695,-0.2056556,-0.6892787,moving,-59.05345,11.99332,-11.35104,3.339713,-48.68166956949644,12.304080374028825,48.48097393739682,38.391871359332235,132.38524021631937
05/18/2023 18:40:45.289342,1588,True,True,True,True,Eyes,2.451867,0.01707494,-2.299885,0.8508862,-0.1085939,-0.5140039,0.0,0.0,0.0,0.0,0.0,0.0,0.0,0.1615866,-0.7180371,-3.31745,2.469988,0.01633868,-2.333678,0.01633139,0.9210693,-0.1067638,0.3741208,12.05751,135.4796,357.081,0.7326962,0.006541695,-0.6805232,0.2335149,-0.01313291,-0.2836681,4.322195,-0.1500575,-2.269477,-0.4035374,0.1201727,2.015086,-0.719534,-0.04980038,-0.6926696,0.1099698,0.9766696,-0.1844538,0.6856951,-0.2088934,-0.6972704,moving,-58.86464,11.92948,-11.32415,3.412878,-48.50451736024071,12.248646270772962,48.29731565073265,38.21584119154321,132.55298498518297
05/18/2023 18:40:45.299155,1589,True,True,True,True,Eyes,2.453316,0.01697912,-2.302119,0.8491548,-0.1077238,-0.5170413,0.0,0.0,0.0,0.0,0.0,0.0,0.0,0.20329,-0.721029,-3.32481,2.475791,0.0192003,-2.34215,0.01637389,0.9234741,-0.1066275,0.3681825,12.06332,136.2273,357.1704,0.732362,0.006395655,-0.6808842,0.219504,-0.01234493,-0.266648,4.326899,-0.1490462,-2.295852,-0.4026318,0.1228527,2.015603,-0.7283471,-0.04827498,-0.6835055,0.1087584,0.976725,-0.1848782,0.6765219,-0.2089925,-0.7061445,moving,-58.66321,11.76901,-11.29657,3.48791,-48.31375165804738,12.103051911497964,48.08508294782905,38.006478501173035,132.73361626953871
05/18/2023 18:40:45.319228,1590,True,True,True,True,Eyes,2.454873,0.01692796,-2.30454,0.847172,-0.1073505,-0.5203611,0.0,0.0,0.0,0.0,0.0,0.0,0.0,0.2306806,-0.6434585,-3.349102,2.481233,0.01586309,-2.350951,0.01465104,0.9263938,-0.09502861,0.3640734,10.76236,136.8592,357.5468,0.732049,0.006261365,-0.681222,0.2063337,-0.01160424,-0.2506492,4.3317,-0.1450804,-2.324537,-0.4017147,0.1255682,2.016124,-0.7344717,-0.04204951,-0.6773353,0.09634004,0.9815099,-0.1653997,0.6717662,-0.1867359,-0.7168401,moving,-58.44038,11.65659,-11.26866,3.563891,-48.10396834989329,12.0029239975862,47.86087070732208,37.7896443376498,132.9345623586539
05/18/2023 18:40:45.339076,1591,True,True,True,True,Eyes,2.456587,0.01703524,-2.307227,0.8449235,-0.107565,-0.5239601,0.0,0.0,0.0,0.0,0.0,0.0,0.0,0.2751192,-0.6821613,-3.346033,2.485448,0.01698092,-2.357802,0.01701416,0.9283252,-0.1000265,0.3576556,11.41329,137.6262,357.6636,0.7317526,0.006138389,-0.6815414,0.1939537,-0.01090798,-0.2356102,4.336383,-0.1345672,-2.35333,-0.4007925,0.1282962,2.016649,-0.743586,-0.03996074,-0.6674451,0.1031395,0.9794104,-0.1735439,0.6606376,-0.1978848,-0.7241544,moving,-58.19582,11.6012,-11.2406,3.640166,-47.87503230322304,11.956675687760356,47.62531624669337,37.56655378878988,133.15631382507948
05/18/2023 18:40:45.350288,1592,True,True,True,True,Eyes,2.458471,0.01714882,-2.310179,0.8426286,-0.1068304,-0.5277919,0.0,0.0,0.0,0.0,0.0,0.0,0.0,0.3298725,-0.735832,-3.340252,2.491439,0.02100286,-2.366397,0.01811434,0.930373,-0.1075853,0.3500049,12.29054,138.5048,357.5596,0.7314683,0.006030013,-0.6818464,0.1823165,-0.0102535,-0.2214736,4.339351,-0.1360921,-2.383145,-0.3998817,0.1309924,2.017167,-0.7543373,-0.04160457,-0.6551678,0.1090169,0.9761946,-0.1875087,0.6473725,-0.2128691,-0.7318442,moving,-57.93847,11.44265,-11.2129,3.715503,-47.63219903477397,11.814158698125931,47.36019101085329,37.30889393028257,133.39177903944378
05/18/2023 18:40:45.375246,1593,True,True,True,True,Eyes,2.460465,0.01731673,-2.313304,0.8401534,-0.1062101,-0.5318474,0.0,0.0,0.0,0.0,0.0,0.0,0.0,0.3546635,-0.6539287,-3.365705,2.497458,0.02106833,-2.375632,0.01551504,0.933108,-0.09514794,0.3464327,10.85455,139.0583,357.8427,0.7311949,0.005935333,-0.6821396,0.1713775,-0.009638295,-0.2081852,4.341134,-0.1449404,-2.413045,-0.3990165,0.1335532,2.01766,-0.7594873,-0.0369703,-0.6494707,0.09487914,0.9814123,-0.1668167,0.6435658,-0.1883164,-0.7418625,moving,-57.66471,11.29342,-11.18659,3.787005,-47.3742543443139,11.68074124001583,47.08037706822902,37.038603139476876,133.64431669321272
05/18/2023 18:40:45.389089,1594,True,True,True,True,Eyes,2.462604,0.01760363,-2.316636,0.8374699,-0.1062596,-0.5360532,0.0,0.0,0.0,0.0,0.0,0.0,0.0,0.3957015,-0.6676733,-3.366926,2.501853,0.02256493,-2.383018,0.01710009,0.9351494,-0.09630083,0.3404841,11.05528,139.7974,358.0383,0.7309303,0.005854552,-0.682423,0.1610949,-0.009059997,-0.1956941,4.342081,-0.1556615,-2.444675,-0.3981214,0.1362012,2.018168,-0.7675567,-0.03359552,-0.6401005,0.09756006,0.9808674,-0.1684667,0.6335135,-0.191756,-0.7495938,moving,-57.37724,11.21215,-11.15938,3.860897,-47.10483946386873,11.611250657954807,46.798840836602025,36.77151122665485,133.90923171921577
05/18/2023 18:40:45.399482,1595,True,True,True,True,Eyes,2.464895,0.01798955,-2.320214,0.8347685,-0.1057139,-0.5403574,0.0,0.0,0.0,0.0,0.0,0.0,0.0,0.4355905,-0.725921,-3.360041,2.507525,0.02584258,-2.39128,0.01939068,0.936332,-0.1040521,0.3347827,11.99568,140.4459,358.0457,0.7306727,0.005789752,-0.6826988,0.1514292,-0.008516397,-0.1839524,4.341695,-0.1706118,-2.476786,-0.3971676,0.1390226,2.018708,-0.7750891,-0.03335746,-0.6309708,0.1059819,0.9775943,-0.1818713,0.6229002,-0.207838,-0.7541876,moving,-57.08445,11.06937,-11.13041,3.939575,-46.82928703849956,11.484306287653885,46.50384682006022,36.48743334372554,134.1783049739555
05/18/2023 18:40:45.419333,1596,True,True,True,True,Eyes,2.467293,0.01835584,-2.323984,0.8319752,-0.1048434,-0.5448166,0.0,0.0,0.0,0.0,0.0,0.0,0.0,0.4632518,-0.6785226,-3.377372,2.513486,0.02847365,-2.40067,0.01640169,0.9384769,-0.09713192,0.3309946,11.13783,140.9543,358.0425,0.7304197,0.005742197,-0.6829693,0.1423434,-0.008005413,-0.1729153,4.34005,-0.1882919,-2.511014,-0.3962598,0.1417058,2.019222,-0.7803469,-0.03351507,-0.6244479,0.0950855,0.9805927,-0.1714544,0.6180753,-0.1931699,-0.7620157,moving,-56.78133,10.89272,-11.10285,4.014347,-46.54345940169648,11.325894860671523,46.193457872706695,36.186952439829845,134.45867260570236
05/18/2023 18:40:45.439203,1597,True,True,True,True,Eyes,2.469801,0.01869769,-2.327907,0.8290893,-0.1043293,-0.5492963,0.0,0.0,0.0,0.0,0.0,0.0,0.0,0.4934884,-0.6481512,-3.388706,2.518506,0.0282957,-2.409,0.014324,0.940392,-0.09309945,0.326788,10.62975,141.4912,358.0229,0.7301698,0.005709526,-0.6832364,0.1338028,-0.007525088,-0.1625404,4.338762,-0.1977728,-2.545672,-0.3954261,0.1441747,2.019698,-0.786009,-0.03390723,-0.6172848,0.08778792,0.9822547,-0.1657381,0.6119506,-0.1844618,-0.7690843,moving,-56.47435,10.75425,-11.07752,4.083093,-46.25476792177371,11.203309658516474,45.88438198088266,35.890615160709466,134.74429506680568
05/18/2023 18:40:45.457137,1598,True,True,True,True,Eyes,2.472421,0.01908038,-2.332021,0.8260454,-0.1039566,-0.5539331,0.0,0.0,0.0,0.0,0.0,0.0,0.0,0.5276848,-0.6721635,-3.38802,2.523304,0.02810555,-2.416832,0.01393805,0.9416267,-0.09714931,0.3220355,11.06567,142.0332,357.879,0.7299218,0.005689473,-0.683501,0.1257747,-0.007073583,-0.152788,4.336094,-0.2065797,-2.58217,-0.3945262,0.146837,2.020209,-0.7921978,-0.03632217,-0.6091825,0.08881993,0.9807355,-0.1739797,0.6037662,-0.1919339,-0.7737104,moving,-56.15482,10.62906,-11.0502,4.157178,-45.95463764400312,11.09344232352515,45.56656671251768,35.586957301937325,135.0406325502241
05/18/2023 18:40:45.475258,1599,True,True,True,True,Eyes,2.475124,0.01949723,-2.336325,0.8229204,-0.1034774,-0.5586541,0.0,0.0,0.0,0.0,0.0,0.0,0.0,0.566766,-0.6837553,-3.38955,2.528661,0.02949123,-2.425449,0.01182814,0.9431645,-0.09982213,0.316759,11.29092,142.6346,357.6081,0.7296745,0.005681918,-0.6837648,0.1182282,-0.006649168,-0.1436207,4.333887,-0.2099647,-2.619002,-0.3936165,0.1495306,2.020728,-0.7990477,-0.04092735,-0.5998732,0.08555089,0.9797913,-0.1808041,0.5951504,-0.1957907,-0.7793986,moving,-55.82868,10.49375,-11.02259,4.232083,-45.64815415541321,10.974253626570594,45.24150942118298,35.27586367246629,135.34315603067313
05/18/2023 18:40:45.489274,1600,True,True,True,True,Eyes,2.477908,0.01990987,-2.340797,0.8196826,-0.1029124,-0.5634974,0.0,0.0,0.0,0.0,0.0,0.0,0.0,0.5996644,-0.6706053,-3.39645,2.533687,0.03069536,-2.434065,0.01000695,0.9448578,-0.0983221,0.3122122,11.07241,143.1889,357.5189,0.729426,0.005686555,-0.6840295,0.1111345,-0.006250218,-0.1350034,4.331136,-0.2098212,-2.655557,-0.3926648,0.1523458,2.021269,-0.8048468,-0.04248445,-0.5919601,0.08030502,0.9804653,-0.1795522,0.5880245,-0.1920494,-0.7857127,moving,-55.49311,10.34995,-10.99371,4.31031,-45.33272115690681,10.847333864917209,44.90739194931721,34.95569150002139,135.65388137127061
05/18/2023 18:40:45.509171,1601,True,True,True,True,Eyes,2.480784,0.02033977,-2.345413,0.8163339,-0.102451,-0.5684212,0.0,0.0,0.0,0.0,0.0,0.0,0.0,0.6318172,-0.6608703,-3.40218,2.538504,0.03098464,-2.442499,0.009351624,0.9464982,-0.09693226,0.3076654,10.90883,143.752,357.5519,0.7291754,0.005701975,-0.6842963,0.1044664,-0.005875205,-0.1269032,4.327906,-0.2112301,-2.69237,-0.3918473,0.1547654,2.021733,-0.8105092,-0.04194282,-0.5842225,0.07734801,0.9810334,-0.1777381,0.5805966,-0.1892467,-0.7918925,moving,-55.15014,10.21717,-10.96893,4.377503,-45.01060458558339,10.730898629583391,44.56546900611492,34.62948519133317,135.97506995475632
05/18/2023 18:40:45.519115,1602,True,True,True,True,Eyes,2.483728,0.02078705,-2.350206,0.8128559,-0.1019831,-0.5734673,0.0,0.0,0.0,0.0,0.0,0.0,0.0,0.6658763,-0.6684444,-3.403638,2.543036,0.03179563,-2.450901,0.008755846,0.9479063,-0.09828043,0.3028831,11.04764,144.3172,357.4927,0.7289221,0.005727546,-0.6845657,0.09819843,-0.005522693,-0.119289,4.32448,-0.2082364,-2.729932,-0.3909394,0.1574525,2.02225,-0.8163704,-0.04293552,-0.5759306,0.0761344,0.9805286,-0.1810173,0.5724884,-0.1916252,-0.7972056,moving,-54.79715,10.08383,-10.94139,4.45207,-44.67914095999031,10.61416860258574,44.21588409016832,34.295878746961954,136.30382569819778
05/18/2023 18:40:45.539297,1603,True,True,True,True,Eyes,2.486722,0.02124582,-2.355167,0.8092619,-0.1013896,-0.5786324,0.0,0.0,0.0,0.0,0.0,0.0,0.0,0.7008301,-0.6660057,-3.407031,2.547663,0.03265382,-2.459864,0.007680591,0.949475,-0.09824642,0.2979696,11.01945,144.9059,357.4329,0.7286646,0.005762693,-0.6848391,0.09230652,-0.005191331,-0.1121317,4.320366,-0.2056265,-2.767963,-0.3899662,0.1603324,2.022803,-0.8223103,-0.04396383,-0.5673385,0.07313396,0.9805773,-0.1819879,0.5643202,-0.1911422,-0.8031237,moving,-54.43475,9.938633,-10.9119,4.531932,-44.33868183794868,10.4865554195421,43.85739262457245,33.95301583232887,136.6401113591855
05/18/2023 18:40:45.559362,1604,True,True,True,True,Eyes,2.489768,0.02170053,-2.360286,0.8055316,-0.1007091,-0.5839319,0.0,0.0,0.0,0.0,0.0,0.0,0.0,0.7368829,-0.6534004,-3.411543,2.55201,0.03340036,-2.468742,0.005896346,0.9511854,-0.09699233,0.2929233,10.83432,145.5145,357.3386,0.7284018,0.005806729,-0.685118,0.08676814,-0.004879851,-0.1054038,4.315174,-0.207583,-2.80477,-0.3890837,0.1629422,2.023304,-0.8283223,-0.04560559,-0.5583925,0.06803966,0.9811155,-0.181061,0.556105,-0.1879697,-0.8095769,moving,-54.06155,9.78538,-10.88517,4.604249,-43.98800501470126,10.351648774962127,43.48613466777152,33.59806973895623,136.98915122520305
05/18/2023 18:40:45.575353,1605,True,True,True,True,Eyes,2.492868,0.02213226,-2.365531,0.8016438,-0.1000671,-0.5893673,0.0,0.0,0.0,0.0,0.0,0.0,0.0,0.7741793,-0.6422486,-3.41504,2.556332,0.03373212,-2.477572,0.003808877,0.9528519,-0.09624604,0.2877421,10.6966,146.1306,357.1925,0.7281327,0.005858577,-0.6854032,0.08156205,-0.00458706,-0.09907956,4.309906,-0.2079784,-2.841613,-0.388013,0.166111,2.023913,-0.83438,-0.0481295,-0.5490844,0.06264668,0.9814444,-0.1812245,0.5476181,-0.1856084,-0.8158823,moving,-53.67673,9.636204,-10.85273,4.691988,-43.626579306446224,10.220824366936242,43.108470720435626,33.236925699197904,137.34479196890996
05/18/2023 18:40:45.589214,1606,True,True,True,True,Eyes,2.495994,0.02255942,-2.370907,0.7976075,-0.09956959,-0.5949019,0.0,0.0,0.0,0.0,0.0,0.0,0.0,0.8143035,-0.638602,-3.415601,2.560433,0.03359977,-2.486017,0.001481613,0.954432,-0.09699602,0.2822221,10.71877,146.7703,356.9709,0.7278569,0.005916725,-0.6856952,0.07666833,-0.004311837,-0.09313478,4.304626,-0.2046422,-2.877983,-0.3873088,0.1681945,2.024313,-0.8406973,-0.05192063,-0.5390109,0.05757703,0.9811791,-0.1843159,0.5384361,-0.1859885,-0.8218853,moving,-53.28229,9.501608,-10.83142,4.749636,-43.256469828478885,10.103867596290453,42.71601106898541,32.864139306637156,137.71912154699473
05/18/2023 18:40:45.599330,1607,True,True,True,True,Eyes,2.499101,0.02299095,-2.376438,0.7934781,-0.09920622,-0.6004587,0.0,0.0,0.0,0.0,0.0,0.0,0.0,0.852652,-0.6468773,-3.413715,2.564244,0.03393979,-2.494477,0.000443221,0.955811,-0.09890301,0.2768456,10.91255,147.3925,356.8524,0.7275738,0.005980349,-0.6859947,0.07206823,-0.004053127,-0.0875467,4.299286,-0.1981277,-2.914568,-0.3863923,0.1709068,2.024836,-0.8467128,-0.05391445,-0.5293118,0.055609,0.980436,-0.1888198,0.5291365,-0.1893106,-0.8271495,moving,-52.88366,9.381511,-10.80366,4.824629,-42.88273452154596,10.000578334742748,42.32601532818703,32.493960572308254,138.09215978060183
05/18/2023 18:40:45.619120,1608,True,True,True,True,Eyes,2.502221,0.02341262,-2.382092,0.7892273,-0.09894732,-0.6060773,0.0,0.0,0.0,0.0,0.0,0.0,0.0,0.8889476,-0.655749,-3.411844,2.567968,0.03452247,-2.50305,-0.0001657447,0.9571058,-0.1006193,0.2717065,11.09968,147.991,356.7873,0.7272815,0.00604897,-0.6863036,0.06774414,-0.003809939,-0.0822939,4.293405,-0.1937731,-2.950804,-0.3854802,0.1736051,2.025353,-0.8523514,-0.0549951,-0.5200704,0.05436055,0.9797515,-0.1926967,0.5201371,-0.1925166,-0.832103,moving,-52.47799,9.272227,-10.77607,4.899189,-42.502647105060106,9.907571598541288,41.93058064272237,32.11945813765692,138.4722314152692
05/18/2023 18:40:45.639329,1609,True,True,True,True,Eyes,2.580542,0.03371944,-2.526229,0.67058,-0.09066503,-0.7362761,0.0,0.0,0.0,0.0,0.0,0.0,0.0,0.9234586,-0.6616004,-3.410479,2.571459,0.03472637,-2.511622,-0.0007712764,0.9583547,-0.1019002,0.2667814,11.23897,148.567,356.7358,0.7269796,0.006121746,-0.6866223,0.06367949,-0.003581343,-0.07735626,4.286637,-0.1940109,-2.98593,-0.384591,0.1762368,2.025858,-0.8576545,-0.05584845,-0.5111851,0.05289182,0.9792315,-0.1957245,0.5114995,-0.1949015,-0.8368883,moving,-42.3264,7.020062,-10.74917,4.971853,-33.000504360696745,8.031864937981393,31.64358725840958,22.460755861994322,148.5466558979988
05/18/2023 18:40:45.659237,1610,True,True,True,True,Eyes,2.58067,0.033725,-2.526577,0.670284,-0.09075616,-0.7365342,0.0,0.0,0.0,0.0,0.0,0.0,0.0,0.958006,-0.6748332,-3.407166,2.57484,0.03493848,-2.520105,-0.001118161,0.95946,-0.1042476,0.2618543,11.50522,149.1349,356.6805,0.725571,0.006480402,-0.6881081,0.2948216,0.02755397,-0.5051242,4.279854,-0.1910951,-3.022108,-0.3835949,0.1791856,2.026426,-0.8628622,-0.05674101,-0.5022442,0.05244969,0.9782624,-0.2006284,0.5027105,-0.1994572,-0.8411295,moving,-42.30381,7.024609,-10.71904,5.053205,-32.979543011171074,8.036638248450025,31.64623405216039,22.459538469396772,148.54193590437157
05/18/2023 18:40:45.675331,1611,True,True,True,True,Eyes,2.580902,0.03372378,-2.527269,0.6698009,-0.09025712,-0.7370349,0.0,0.0,0.0,0.0,0.0,0.0,0.0,0.991716,-0.6806632,-3.405231,2.578101,0.03509665,-2.528747,-0.00184099,0.9606129,-0.1056141,0.2570316,11.65172,149.695,356.6149,0.7243788,0.006786256,-0.6893608,0.2771324,0.02590073,-0.4748168,4.272659,-0.1875903,-3.057527,-0.382798,0.1815418,2.026879,-0.8678628,-0.05782928,-0.4934269,0.05075536,0.9776846,-0.2038549,0.4942047,-0.2019621,-0.8455609,moving,-42.26386,6.981667,-10.69496,5.118163,-32.94149474189732,7.997357565114034,31.623853249849486,22.432076795656407,148.55917545211025
05/18/2023 18:40:45.689376,1612,True,True,True,True,Eyes,2.581247,0.03372103,-2.528282,0.6690656,-0.08980214,-0.7377579,0.0,0.0,0.0,0.0,0.0,0.0,0.0,1.024457,-0.6760736,-3.40536,2.581391,0.03490871,-2.537373,-0.002666334,0.9618827,-0.1053959,0.2523223,11.61951,150.2552,356.5868,0.7233634,0.007047586,-0.6904243,0.2605044,0.02434669,-0.4463278,4.264837,-0.1875399,-3.092621,-0.3818843,0.1842445,2.027397,-0.872653,-0.05831689,-0.4848468,0.04805808,0.9777692,-0.2041026,0.4859709,-0.2014115,-0.8504505,moving,-42.20459,6.940075,-10.66735,5.192627,-32.88547064240474,7.959782824562233,31.585615101344857,22.389775260994924,148.59221371710822
05/18/2023 18:40:45.708967,1613,True,True,True,True,Eyes,2.581673,0.03371838,-2.529621,0.6681854,-0.0889703,-0.7386559,0.0,0.0,0.0,0.0,0.0,0.0,0.0,1.0547,-0.6764055,-3.404925,2.584531,0.03487405,-2.546059,-0.002897945,0.963008,-0.1055869,0.2479086,11.64956,150.7814,356.6089,0.7224693,0.007276138,-0.6913581,0.2448742,0.02288589,-0.4195481,4.25646,-0.1885447,-3.12761,-0.3809693,0.186953,2.027916,-0.877066,-0.0579333,-0.4768639,0.04677032,0.977686,-0.2047989,0.4780879,-0.2019252,-0.8547854,moving,-42.13238,6.868127,-10.63972,5.267194,-32.81680686254875,7.894090009026311,31.533325551645973,22.33212404477619,148.6372014707518
05/18/2023 18:40:45.719403,1614,True,True,True,True,Eyes,2.582198,0.03370185,-2.531263,0.6671028,-0.08814376,-0.7397327,0.0,0.0,0.0,0.0,0.0,0.0,0.0,1.082524,-0.6751769,-3.405342,2.587613,0.03485385,-2.554822,-0.002952732,0.9640762,-0.1053926,0.243805,11.64067,151.2754,356.6588,0.721651,0.007481433,-0.6922109,0.2301817,0.02151273,-0.3943752,4.248534,-0.1890512,-3.161468,-0.3800679,0.1896204,2.028429,-0.8811008,-0.05708378,-0.4694707,0.04569715,0.9777673,-0.2046527,0.4707155,-0.2017732,-0.8589031,moving,-42.04465,6.79511,-10.61249,5.34057,-32.73366154027702,7.827751871335345,31.465796809825104,22.260554889208425,148.69757927384404
05/18/2023 18:40:45.739149,1615,True,True,True,True,Eyes,2.582819,0.0336627,-2.53319,0.6658977,-0.08709182,-0.7409422,0.0,0.0,0.0,0.0,0.0,0.0,0.0,1.108315,-0.6714047,-3.406725,2.59059,0.03449653,-2.563705,-0.002903716,0.9651123,-0.1047543,0.239951,11.58409,151.7441,356.7302,0.7208983,0.00766529,-0.6929932,0.2163708,0.02022197,-0.3707127,4.239946,-0.1883727,-3.195624,-0.3791559,0.19232,2.028949,-0.8848299,-0.05587663,-0.4625509,0.04466698,0.9780362,-0.2035928,0.4637676,-0.2008058,-0.8629,moving,-41.94659,6.703899,-10.58495,5.414774,-32.640541871584134,7.744619978573675,31.388123657766243,22.17830730893961,148.76702838133352
05/18/2023 18:40:45.759028,1616,True,True,True,True,Eyes,2.583522,0.03361376,-2.535397,0.664511,-0.08612894,-0.7422984,0.0,0.0,0.0,0.0,0.0,0.0,0.0,1.133214,-0.670571,-3.407508,2.593439,0.03383907,-2.572522,-0.002902548,0.9660384,-0.1046691,0.2362327,11.5871,152.1904,356.778,0.7202028,0.007829065,-0.6937146,0.2033886,0.01900865,-0.3484699,4.231313,-0.1886416,-3.22926,-0.3782208,0.1950885,2.029482,-0.8883716,-0.05506046,-0.455812,0.04384457,0.9780719,-0.2036,0.4570273,-0.2008574,-0.8664771,moving,-41.83514,6.618438,-10.55672,5.490816,-32.53505619952893,7.667176831460553,31.298739416648782,22.085828229166314,148.84877855963435
05/18/2023 18:40:45.775290,1617,True,True,True,True,Eyes,2.584282,0.03355196,-2.537891,0.6629817,-0.08497073,-0.7437978,0.0,0.0,0.0,0.0,0.0,0.0,0.0,1.157888,-0.6734461,-3.407424,2.596163,0.033564,-2.581394,-0.002772371,0.9668941,-0.1050467,0.2325365,11.64509,152.6309,356.8268,0.7195551,0.007974663,-0.6943853,0.1911852,0.01786813,-0.3275617,4.222309,-0.1914801,-3.261872,-0.3773527,0.197655,2.029974,-0.8918381,-0.05421558,-0.4490939,0.04349323,0.977915,-0.2044275,0.4502588,-0.2018488,-0.8697838,moving,-41.71211,6.517161,-10.53054,5.561261,-32.41847711245488,7.575194439413143,31.196218560506658,21.98039396683249,148.9430198354188
05/18/2023 18:40:45.789246,1618,True,True,True,True,Eyes,2.585109,0.03347913,-2.540648,0.6613056,-0.08384825,-0.7454156,0.0,0.0,0.0,0.0,0.0,0.0,0.0,1.180416,-0.6717053,-3.409014,2.598863,0.03319526,-2.590512,-0.002513309,0.9677653,-0.1045793,0.2291006,11.61094,153.0488,356.9111,0.7189472,0.008103499,-0.6950135,0.1797141,0.01679604,-0.307908,4.215322,-0.1891814,-3.292162,-0.3764509,0.2003239,2.030486,-0.895013,-0.05278296,-0.4429055,0.04305378,0.9781137,-0.2035681,0.4439569,-0.2012649,-0.8731521,moving,-41.57827,6.417952,-10.50334,5.634459,-32.29186531355872,7.485395244047342,31.0848055452491,21.867002545367697,149.04651435419842
05/18/2023 18:40:45.809049,1619,True,True,True,True,Eyes,2.585995,0.03339208,-2.543656,0.6594923,-0.08263548,-0.7471555,0.0,0.0,0.0,0.0,0.0,0.0,0.0,1.202122,-0.6700462,-3.410517,2.601341,0.03285307,-2.599544,-0.002298519,0.968595,-0.1041461,0.2257701,11.57865,153.4529,356.9878,0.7183734,0.008216717,-0.6956056,0.1689313,0.01578828,-0.2894335,4.210176,-0.1822695,-3.319691,-0.3755443,0.2030073,2.031002,-0.8980454,-0.05147882,-0.4368809,0.04257349,0.9782966,-0.2027887,0.4378384,-0.2007129,-0.8763631,moving,-41.4339,6.311269,-10.47601,5.707999,-32.155298560734565,7.388841179016169,30.963767340958366,21.744350598037098,149.15946155900414
05/18/2023 18:40:45.823911,1620,True,True,True,True,Eyes,2.586933,0.03326825,-2.546903,0.6575494,-0.08150557,-0.7489897,0.0,0.0,0.0,0.0,0.0,0.0,0.0,1.223402,-0.6719483,-3.411254,2.603719,0.03238606,-2.60854,-0.002300572,0.9693125,-0.1044455,0.2225291,11.62216,153.8374,357.0187,0.7178273,0.008315532,-0.6961683,0.1587954,0.01484098,-0.2720675,4.206141,-0.1734878,-3.345531,-0.37461,0.2057726,2.031533,-0.9009511,-0.05094425,-0.4309199,0.04202436,0.9781717,-0.2035045,0.431881,-0.2014567,-0.879144,moving,-41.28039,6.210527,-10.44785,5.783727,-32.0103294805347,7.2980573469859324,30.835493851916816,21.615589692355893,149.28027301116728
05/18/2023 18:40:45.839561,1621,True,True,True,True,Eyes,2.587924,0.03311553,-2.550369,0.6551412,-0.0803135,-0.7512255,0.0,0.0,0.0,0.0,0.0,0.0,0.0,1.244246,-0.6733091,-3.412,2.605941,0.03138604,-2.617503,-0.002327373,0.9700062,-0.1047566,0.2193369,11.66611,154.2154,357.046,0.7173035,0.008400347,-0.6967073,0.1492677,0.01395053,-0.2557435,4.201164,-0.1740417,-3.370155,-0.3737172,0.2084148,2.032041,-0.9037719,-0.0504691,-0.4250287,0.04143883,0.9780414,-0.20425,0.426004,-0.2022081,-0.8818349,moving,-41.09157,6.102311,-10.42095,5.856025,-31.832316257651968,7.2010859355162005,30.671608826049475,21.453572987723255,149.43661338530885
05/18/2023 18:40:45.849365,1622,True,True,True,True,Eyes,2.588953,0.03292531,-2.554059,0.6526204,-0.07921387,-0.7535328,0.0,0.0,0.0,0.0,0.0,0.0,0.0,1.265503,-0.6765494,-3.41185,2.607926,0.0305002,-2.626353,-0.002316224,0.9706752,-0.1053419,0.2160733,11.74197,154.5998,357.0716,0.7167974,0.008471721,-0.6972274,0.1403116,0.01311349,-0.2403989,4.195742,-0.1784188,-3.394936,-0.3727877,0.2111624,2.032568,-0.9066141,-0.05001974,-0.418986,0.04102654,0.9777955,-0.2055064,0.419962,-0.2035045,-0.884431,moving,-40.89522,6.001082,-10.39295,5.931152,-31.647420928006348,7.110826992948929,30.502350161222004,21.287183174822736,149.59899551376762
05/18/2023 18:40:45.875247,1623,True,True,True,True,Eyes,2.590031,0.03270259,-2.557952,0.6497661,-0.07799952,-0.7561218,0.0,0.0,0.0,0.0,0.0,0.0,0.0,1.286478,-0.6789735,-3.411989,2.609888,0.02941796,-2.635396,-0.002103331,0.9713567,-0.1056896,0.2128181,11.79609,154.9873,357.1266,0.7163058,0.008529794,-0.6977318,0.1318929,0.01232668,-0.2259749,4.19088,-0.1741007,-3.420491,-0.3719211,0.213726,2.033059,-0.9094082,-0.04907148,-0.413,0.04089914,0.9776506,-0.2062198,0.4138893,-0.2044293,-0.8870766,moving,-40.67381,5.889649,-10.36687,6.001194,-31.43897967234572,7.011590438492817,30.307145270556667,21.096319750285474,149.78714993907542
05/18/2023 18:40:45.889254,1624,True,True,True,True,Eyes,2.59113,0.03243529,-2.562053,0.6468239,-0.07684919,-0.7587577,0.0,0.0,0.0,0.0,0.0,0.0,0.0,1.306488,-0.6783023,-3.412807,2.611634,0.0283595,-2.644393,-0.00201826,0.9720476,-0.1056071,0.2096829,11.79811,155.3625,357.1769,0.715824,0.008575132,-0.6982256,0.1239793,0.01158708,-0.2124164,4.183472,-0.1699576,-3.449204,-0.371038,0.2163407,2.033563,-0.9120583,-0.04821167,-0.4072171,0.0403643,0.9776862,-0.2061566,0.4080697,-0.2044638,-0.8897608,moving,-40.44685,5.783362,-10.34028,6.072574,-31.225465874991777,6.917297782238754,30.10795909300137,20.902261774775376,149.97984390765419
05/18/2023 18:40:45.908931,1625,True,True,True,True,Eyes,2.592278,0.03212233,-2.56634,0.6436359,-0.07555819,-0.7615929,0.0,0.0,0.0,0.0,0.0,0.0,0.0,1.326073,-0.6782577,-3.413553,2.613307,0.02702454,-2.653439,-0.001761201,0.9727166,-0.1055553,0.2065862,11.80743,155.7344,357.2455,0.7153488,0.008607725,-0.6987123,0.1165406,0.01089186,-0.1996714,4.174224,-0.1701149,-3.479382,-0.3701245,0.219044,2.034083,-0.9146385,-0.04703882,-0.4015277,0.04018623,0.9777099,-0.2060785,0.4022713,-0.2046231,-0.8923607,moving,-40.20176,5.665816,-10.31279,6.146318,-30.994843049315392,6.812881347068587,29.892832081167956,20.692791620038882,150.18823750762078
05/18/2023 18:40:45.919100,1626,True,True,True,True,Eyes,2.593433,0.03175886,-2.570818,0.6404074,-0.07428075,-0.7644349,0.0,0.0,0.0,0.0,0.0,0.0,0.0,1.343333,-0.6742496,-3.415808,2.614847,0.02554582,-2.662485,-0.001538922,0.9733773,-0.1048855,0.2037972,11.74516,156.0739,357.3219,0.7148785,0.00862752,-0.6991934,0.1095481,0.01023835,-0.1876912,4.164993,-0.1685987,-3.509544,-0.3692115,0.2217449,2.034602,-0.9169288,-0.04574665,-0.3964204,0.03975485,0.9779933,-0.2048136,0.397066,-0.2035591,-0.8949316,moving,-39.95468,5.550052,-10.28532,6.219938,-30.76240020852819,6.710178485400716,29.67692150581991,20.48294777613864,150.3978607329308
05/18/2023 18:40:45.939470,1627,True,True,True,True,Eyes,2.59461,0.03135462,-2.575473,0.6370217,-0.07280987,-0.7673996,0.0,0.0,0.0,0.0,0.0,0.0,0.0,1.358535,-0.6698561,-3.418761,2.61622,0.02396277,-2.671529,-0.001384955,0.9739732,-0.1041966,0.2012897,11.67803,156.3791,357.3871,0.7144096,0.008634441,-0.6996726,0.1029753,0.009624046,-0.1764297,4.155147,-0.1712415,-3.538992,-0.3683032,0.2244375,2.03512,-0.9189612,-0.04464523,-0.3918128,0.03924959,0.9782823,-0.203527,0.3923901,-0.2024119,-0.8972511,moving,-39.69621,5.419924,-10.258,6.293276,-30.519068856294595,6.594291153505703,29.451162145491036,20.263304797642235,150.61710323798962
05/18/2023 18:40:45.949025,1628,True,True,True,True,Eyes,2.595784,0.03091978,-2.58031,0.6336184,-0.07130264,-0.770353,0.0,0.0,0.0,0.0,0.0,0.0,0.0,1.372744,-0.6635317,-3.422339,2.617426,0.02250212,-2.680612,-0.001289062,0.9745683,-0.1032075,0.1989056,11.57513,156.6708,357.451,0.7139393,0.008628642,-0.7001527,0.09679674,0.009046604,-0.1658439,4.145234,-0.1665833,-3.570522,-0.3673663,0.2272057,2.03565,-0.9208697,-0.04356967,-0.387428,0.03854455,0.9786931,-0.2016784,0.3879602,-0.2006528,-0.8995695,moving,-39.43744,5.288139,-10.22985,6.368615,-30.27542617160072,6.476859677744357,29.227568184757967,20.045868426229546,150.8345337344561
05/18/2023 18:40:45.975446,1629,True,True,True,True,Eyes,2.596986,0.03046207,-2.585317,0.6300871,-0.06952385,-0.7734059,0.0,0.0,0.0,0.0,0.0,0.0,0.0,1.385843,-0.6546679,-3.426819,2.618538,0.02131434,-2.689802,-0.001363874,0.9751613,-0.1018673,0.1966771,11.42807,156.9443,357.5014,0.7134663,0.008610565,-0.700635,0.09098894,0.008503808,-0.1558933,4.140366,-0.123474,-3.600272,-0.3665174,0.2297175,2.036132,-0.9226326,-0.0427299,-0.3833059,0.03740991,0.9792424,-0.1992105,0.3838616,-0.1981375,-0.9018825,moving,-39.16941,5.136689,-10.20435,6.436923,-30.02277789879849,6.341233042253893,28.994228895736406,19.81865890891429,151.0614925244288
05/18/2023 18:40:45.990948,1630,True,True,True,True,Eyes,2.598176,0.02997394,-2.590497,0.6265756,-0.06761723,-0.7764219,0.0,0.0,0.0,0.0,0.0,0.0,0.0,1.397437,-0.6392873,-3.433149,2.619581,0.02021948,-2.69915,-0.001717561,0.9757965,-0.09963372,0.1946573,11.17322,157.196,357.5381,0.7129885,0.008580786,-0.7011216,0.0855296,0.007993579,-0.1465397,4.126767,-0.1438168,-3.628956,-0.3656113,0.2323988,2.036648,-0.9242113,-0.04214085,-0.3795497,0.03543689,0.9801404,-0.1951131,0.3802341,-0.1937758,-0.9043635,moving,-38.90367,4.977232,-10.17712,6.509777,-29.772109696581477,6.198059140734522,28.76740115268539,19.597468949660804,151.28219480568998
05/18/2023 18:40:46.009255,1631,True,True,True,True,Eyes,2.599367,0.02945311,-2.595832,0.623001,-0.06550886,-0.7794731,0.0,0.0,0.0,0.0,0.0,0.0,0.0,1.40665,-0.6216608,-3.440636,2.620483,0.01896128,-2.708469,-0.00203009,0.9763967,-0.09703026,0.1929523,10.87673,157.4128,357.5833,0.7125041,0.008539665,-0.7016144,0.08039783,0.007513964,-0.1377473,4.110979,-0.1679399,-3.662448,-0.3646873,0.2351334,2.037173,-0.9255308,-0.04140876,-0.3764019,0.03348006,0.981162,-0.1902635,0.3771898,-0.1886966,-0.9067092,moving,-38.63392,4.803991,-10.14937,6.584023,-29.517440555896258,6.042074719073083,28.54011392099766,19.37565134382262,151.50353685779768
05/18/2023 18:40:46.019312,1632,True,True,True,True,Eyes,2.600537,0.02894866,-2.601325,0.6194927,-0.06341856,-0.7824365,0.0,0.0,0.0,0.0,0.0,0.0,0.0,1.413293,-0.6077798,-3.448263,2.621315,0.01759492,-2.717664,-0.001877903,0.9768921,-0.0947341,0.1915823,10.62443,157.5919,357.6694,0.7120128,0.008487555,-0.7021138,0.07557396,0.007063126,-0.1294825,4.107696,-0.1158173,-3.690724,-0.3637804,0.2378161,2.037689,-0.9265856,-0.03996778,-0.3739547,0.03262974,0.9820438,-0.1858095,0.3746663,-0.1843704,-0.9086435,moving,-38.37036,4.633846,-10.12215,6.656804,-29.26859847421234,5.888846557028277,28.320553089123525,19.16184353891566,151.717898099234
05/18/2023 18:40:46.038973,1633,True,True,True,True,Eyes,2.60172,0.02850474,-2.606975,0.6159237,-0.06117332,-0.7854272,0.0,0.0,0.0,0.0,0.0,0.0,0.0,1.417226,-0.6040463,-3.455124,2.62199,0.01747328,-2.726931,-0.00145551,0.977191,-0.09367,0.1905821,10.51612,157.7214,357.7531,0.7115116,0.008425898,-0.7026225,0.07103952,0.006639339,-0.1217135,4.095077,-0.1203158,-3.719009,-0.3629214,0.240358,2.038177,-0.9273527,-0.03854827,-0.3721975,0.03285902,0.9824476,-0.1836217,0.3727429,-0.1825122,-0.9098088,moving,-38.10317,4.453515,-10.09637,6.725708,-29.016178580949884,5.7261670332961305,28.098820389284118,18.946193255741484,151.93486523370345
05/18/2023 18:40:46.049546,1634,True,True,True,True,Eyes,2.602884,0.02817156,-2.612788,0.6124362,-0.05884998,-0.7883264,0.0,0.0,0.0,0.0,0.0,0.0,0.0,1.421266,-0.5908964,-3.463962,2.6228,0.01841843,-2.736562,-0.001956653,0.9775783,-0.09153338,0.1896267,10.2661,157.843,357.7553,0.7110001,0.00835734,-0.703141,0.06677715,0.006240978,-0.1144107,4.083779,-0.1482074,-3.744616,-0.3620155,0.2430371,2.038692,-0.9280758,-0.03853991,-0.3703917,0.03088878,0.9832357,-0.1797042,0.3711081,-0.17822,-0.9113268,moving,-37.84298,4.269313,-10.06919,6.798275,-28.77020676238937,5.559703862416968,27.88869053508149,18.741987258826693,152.14085328024663
05/18/2023 18:40:46.079463,1635,True,True,True,True,Eyes,2.604048,0.02785619,-2.618767,0.6089885,-0.05622949,-0.7911834,0.0,0.0,0.0,0.0,0.0,0.0,0.0,1.423515,-0.5800078,-3.473129,2.623524,0.02072246,-2.746293,-0.002232158,0.9779165,-0.08939224,0.1889001,10.02006,157.9395,357.7805,0.710477,0.008285595,-0.7036705,0.06277052,0.00586652,-0.1075461,4.07902,-0.1123172,-3.771252,-0.3610837,0.2457934,2.03922,-0.9286233,-0.03813813,-0.3690579,0.02940667,0.9840081,-0.1756796,0.369856,-0.173993,-0.9126514,moving,-37.58615,4.065182,-10.04126,6.872881,-28.52698318965413,5.374509507764633,27.687617065878044,18.546349478354497,152.33819081102075
05/18/2023 18:40:46.089526,1636,True,True,True,True,Eyes,2.605177,0.02761051,-2.624866,0.6056182,-0.05362908,-0.7939462,0.0,0.0,0.0,0.0,0.0,0.0,0.0,1.423359,-0.5420687,-3.487826,2.624251,0.02072191,-2.756374,-0.002834999,0.9785202,-0.08353724,0.1884456,9.347233,158.0228,357.8491,0.7099403,0.008211319,-0.7042128,0.05900428,0.005514529,-0.1010933,4.07164,-0.09170254,-3.796565,-0.3601862,0.24845,2.039731,-0.9289604,-0.03703266,-0.368322,0.02593624,0.986027,-0.1645542,0.3692693,-0.1624172,-0.9150195,moving,-37.3362,3.864317,-10.01434,6.944718,-28.290232857981337,5.19221474264581,27.494961432604352,18.35972569031058,152.52801205267616
05/18/2023 18:40:46.099123,1637,True,True,True,True,Eyes,2.606309,0.02752759,-2.631102,0.6022165,-0.05155741,-0.7966663,0.0,0.0,0.0,0.0,0.0,0.0,0.0,1.425371,-0.5373757,-3.49505,2.624535,0.02211973,-2.76535,-0.002892505,0.9787506,-0.08242629,0.1877357,9.222192,158.1123,357.8744,0.7093907,0.008136842,-0.7047674,0.05546403,0.005183657,-0.09502769,4.062068,-0.1042245,-3.820171,-0.3593097,0.2510446,2.04023,-0.9294938,-0.0366108,-0.3670161,0.02528664,0.9863951,-0.1624356,0.3679698,-0.1602635,-0.9159225,moving,-37.08639,3.702816,-9.98807,7.014824,-28.0543684757671,5.046762896802447,27.299969666914727,18.17317817888285,152.72132477868269
05/18/2023 18:40:46.129392,1638,True,True,True,True,Eyes,2.607422,0.02746828,-2.637489,0.5989248,-0.04892311,-0.7993095,0.0,0.0,0.0,0.0,0.0,0.0,0.0,1.438034,-0.5663245,-3.493636,2.625503,0.02598522,-2.774925,-0.003184529,0.9787895,-0.0864343,0.1857155,9.672666,158.3242,357.7711,0.7088265,0.008066418,-0.7053357,0.05213618,0.004872637,-0.08932603,4.051304,-0.1068798,-3.846835,-0.3584319,0.2536409,2.040729,-0.9309995,-0.03833834,-0.3630022,0.02587041,0.9850379,-0.1703848,0.3641032,-0.1680191,-0.9160781,moving,-36.84432,3.502517,-9.961774,7.084924,-27.82497133192481,4.864817530729543,27.120193940231424,18.000630312691335,152.89975445256908
05/18/2023 18:40:46.139002,1639,True,True,True,True,Eyes,2.608521,0.02739936,-2.64396,0.5955796,-0.04642784,-0.8019535,0.0,0.0,0.0,0.0,0.0,0.0,0.0,1.43719,-0.5190274,-3.509905,2.626259,0.02692851,-2.785026,-0.003899031,0.9794764,-0.07908629,0.1853546,8.828704,158.4028,357.8567,0.7082482,0.008000397,-0.7059172,0.0,0.0,0.0,4.042321,-0.09476011,-3.872313,-0.3575049,0.2563868,2.041257,-0.9312571,-0.03695603,-0.3624842,0.02167999,0.9874603,-0.1563717,0.3637176,-0.1534809,-0.9187783,moving,-36.59983,3.313351,-9.934003,7.158996,-27.59353298420379,4.69334845557459,26.941702155950612,17.830827717083796,153.07774180454274
05/18/2023 18:40:46.159075,1640,True,True,True,True,Eyes,2.609591,0.02732689,-2.650496,0.5922236,-0.04459525,-0.8045386,0.0,0.0,0.0,0.0,0.0,0.0,0.0,1.444113,-0.51148,-3.515062,2.626403,0.02605737,-2.793575,-0.003666336,0.9798492,-0.07776085,0.183944,8.687143,158.578,357.925,0.7076559,0.007938086,-0.7065116,0.0,0.0,0.0,4.033009,-0.08624768,-3.897108,-0.3565784,0.2591274,2.041783,-0.9323022,-0.0357922,-0.3599047,0.02142237,0.9878796,-0.1537366,0.3610451,-0.151039,-0.9202357,moving,-36.35691,3.172636,-9.906268,7.232871,-27.364487417103696,4.567195322478742,26.760455348655576,17.660556390823732,153.25915526507848
05/18/2023 18:40:46.175462,1641,True,True,True,True,Eyes,2.610654,0.02731843,-2.657145,0.5887147,-0.04300412,-0.8071961,0.0,0.0,0.0,0.0,0.0,0.0,0.0,1.45604,-0.5601875,-3.509443,2.626777,0.02601167,-2.801679,-0.003349018,0.9795994,-0.08508024,0.1820307,9.52453,158.7648,357.8188,0.7070495,0.007878976,-0.7071192,0.0,0.0,0.0,4.02253,-0.08766605,-3.921532,-0.3557037,0.2617144,2.04228,-0.9337074,-0.03753582,-0.3560645,0.02441304,0.9855003,-0.1679084,0.3572042,-0.1654698,-0.9192526,moving,-36.1045,3.049603,-9.880088,7.302547,-27.126938745818777,4.457810434588394,26.56703441133165,17.4798852048616,153.45307407256067
05/18/2023 18:40:46.189112,1642,True,True,True,True,Eyes,2.611701,0.02737602,-2.663888,0.5851916,-0.04120959,-0.8098472,0.0,0.0,0.0,0.0,0.0,0.0,0.0,1.472147,-0.5711775,-3.50906,2.627671,0.02755551,-2.810969,-0.005227609,0.9798046,-0.08766978,0.1796381,9.783186,159.0137,357.5724,0.7064297,0.007824522,-0.707739,0.0,0.0,0.0,4.011537,-0.08289191,-3.947341,-0.3547752,0.2644601,2.042807,-0.9354059,-0.04174173,-0.3511039,0.0212536,0.9845734,-0.1736767,0.3529371,-0.1699203,-0.9200886,moving,-35.85169,2.91302,-9.852315,7.376439,-26.888757306394588,4.335751415023404,26.379719664169784,17.30566807287549,153.6413265259352
05/18/2023 18:40:46.199142,1643,True,True,True,True,Eyes,2.612708,0.02745709,-2.670727,0.5816197,-0.03910701,-0.8125202,0.0,0.0,0.0,0.0,0.0,0.0,0.0,1.485001,-0.5475341,-3.515145,2.628369,0.02913504,-2.819945,-0.006704182,0.980445,-0.08458263,0.1775628,9.408738,159.263,357.4912,0.7057958,0.00777595,-0.7083717,0.0,0.0,0.0,3.999609,-0.07247317,-3.973724,-0.3538795,0.2671136,2.043317,-0.9368531,-0.04318361,-0.3470469,0.01689129,0.9856017,-0.168238,0.3493152,-0.1634764,-0.9226345,moving,-35.59591,2.755549,-9.825521,7.447785,-26.64740762123392,4.194208466203913,26.194083833778517,17.133640295013706,153.8284301443263
05/18/2023 18:40:46.218970,1644,True,True,True,True,Eyes,2.613698,0.02753275,-2.677642,0.5780462,-0.03685052,-0.8151716,0.0,0.0,0.0,0.0,0.0,0.0,0.0,1.496953,-0.5229517,-3.521448,2.629021,0.02971748,-2.828836,-0.006848738,0.981145,-0.08065654,0.1755051,8.967116,159.5267,357.5775,0.705147,0.007733269,-0.709018,0.0,0.0,0.0,3.98699,-0.06386633,-4.000167,-0.352982,0.26977,2.043828,-0.9383022,-0.04175048,-0.3432872,0.01487206,0.9868953,-0.1606755,0.3454967,-0.1558676,-0.9253849,moving,-35.34083,2.588342,-9.798685,7.51915,-26.40652331276277,4.043536244949091,26.01372788997934,16.967621648220764,154.0108592768709
05/18/2023 18:40:46.239268,1645,True,True,True,True,Eyes,2.614625,0.02761727,-2.684635,0.5744422,-0.03449797,-0.8178179,0.0,0.0,0.0,0.0,0.0,0.0,0.0,1.508723,-0.5030553,-3.526804,2.629666,0.02961937,-2.837539,-0.006721102,0.981768,-0.07740293,0.1734801,8.606728,159.7836,357.6784,0.7044842,0.007695763,-0.709677,0.0,0.0,0.0,3.972858,-0.06102936,-4.026671,-0.3520788,0.2724422,2.044342,-0.9397191,-0.04005286,-0.3395939,0.01365861,0.9879273,-0.1543154,0.3416749,-0.1496515,-0.9278271,moving,-35.08453,2.415473,-9.771687,7.590879,-26.16439357927198,3.887592116944849,25.83650224019275,16.8058074109016,154.19077033012863
05/18/2023 18:40:46.249506,1646,True,True,True,True,Eyes,2.615533,0.02773481,-2.6917,0.5708259,-0.03214376,-0.8204416,0.0,0.0,0.0,0.0,0.0,0.0,0.0,1.518475,-0.4987451,-3.530351,2.630029,0.02990522,-2.846039,-0.006264545,0.9821649,-0.07629185,0.1717338,8.494281,159.9982,357.7685,0.7038071,0.007663157,-0.7103488,0.0,0.0,0.0,3.958895,-0.06450737,-4.051943,-0.3511759,0.2751145,2.044856,-0.9409367,-0.03850941,-0.3363859,0.01389814,0.9882806,-0.152014,0.3382976,-0.1477107,-0.9293743,moving,-34.82844,2.243622,-9.744704,7.66255,-25.922479055057003,3.7325960661271016,25.66239646616972,16.648271491490874,154.3681050781984
05/18/2023 18:40:46.275616,1647,True,True,True,True,Eyes,2.616401,0.02786261,-2.698838,0.567109,-0.0294956,-0.8231145,0.0,0.0,0.0,0.0,0.0,0.0,0.0,1.531444,-0.4910784,-3.533279,2.630534,0.03079595,-2.8548,-0.006539384,0.9826287,-0.07506224,0.1695988,8.354564,160.2527,357.7808,0.703116,0.007635822,-0.7110331,0.0,0.0,0.0,3.945498,-0.06784116,-4.076357,-0.3502804,0.2777635,2.045365,-0.9423871,-0.0383125,-0.3323235,0.01260935,0.9886458,-0.1497348,0.334287,-0.1452985,-0.9312039,moving,-34.56604,2.052267,-9.717957,7.73354,-25.674310745707928,3.5594880228386288,25.489293667644425,16.493269377725333,154.54533130544695
05/18/2023 18:40:46.289244,1648,True,True,True,True,Eyes,2.617241,0.02798963,-2.706017,0.5633708,-0.02688466,-0.8257667,0.0,0.0,0.0,0.0,0.0,0.0,0.0,1.543352,-0.4647418,-3.538965,2.630908,0.03111077,-2.863484,-0.007162569,0.983254,-0.07126459,0.1675759,7.917197,160.504,357.803,0.7024117,0.007613514,-0.7117292,0.0,0.0,0.0,3.932398,-0.06987466,-4.100096,-0.3493699,0.2804572,2.045882,-0.9437343,-0.0379697,-0.3285185,0.009799205,0.9897401,-0.1425429,0.3305602,-0.1377418,-0.9336796,moving,-34.30336,1.864732,-9.690772,7.80567,-25.425954857744983,3.3899620474398384,25.319443761220104,16.343024698291764,154.71988723708364
05/18/2023 18:40:46.299353,1649,True,True,True,True,Eyes,2.637323,0.03161543,-2.886066,0.4596121,0.02710899,-0.887706,0.0,0.0,0.0,0.0,0.0,0.0,0.0,1.557512,-0.4581639,-3.54039,2.631114,0.03120443,-2.871651,-0.007535437,0.9837001,-0.07042423,0.1652813,7.820018,160.7738,357.7957,0.7016938,0.007595671,-0.7124371,0.0,0.0,0.0,3.91911,-0.07645789,-4.12319,-0.3484582,0.283156,2.046399,-0.9452507,-0.03810484,-0.3241132,0.008454403,0.9899673,-0.1410436,0.3262359,-0.1360617,-0.9354452,moving,-27.37298,-1.749169,-9.663566,7.877876,-18.899094203734016,0.165877977969834,20.156967521316815,12.032036182365962,160.02810965950823
05/18/2023 18:40:46.319082,1650,True,True,True,True,Eyes,2.637327,0.03162061,-2.886378,0.459397,0.02693665,-0.8878225,0.0,0.0,0.0,0.0,0.0,0.0,0.0,1.578811,-0.4862042,-3.533579,2.631335,0.03187654,-2.879283,-0.008602316,0.9838442,-0.07534929,0.1621704,8.36472,161.1046,357.6038,0.698849,0.007650888,-0.7152274,0.06024456,0.01087739,-0.5401468,3.90584,-0.07880545,-4.146279,-0.3475738,0.2857714,2.046901,-0.9472538,-0.04136553,-0.3178045,0.007512176,0.988497,-0.151054,0.3203972,-0.1454739,-0.9360467,moving,-27.35896,-1.737828,-9.637181,7.947792,-18.886248493572268,0.1768145239818901,20.19585813252908,12.08028726618022,159.9901139235411
05/18/2023 18:40:46.339236,1651,True,True,True,True,Eyes,2.63733,0.03164162,-2.886961,0.4588654,0.02646338,-0.8881116,0.0,0.0,0.0,0.0,0.0,0.0,0.0,1.598614,-0.4976527,-3.529532,2.631489,0.03203607,-2.88705,-0.009859748,0.9841135,-0.0779118,0.1592264,8.638996,161.4251,357.4366,0.6964098,0.007696228,-0.7176021,0.05662988,0.01022475,-0.507738,3.892744,-0.07511842,-4.169444,-0.346635,0.2885498,2.047436,-0.9490995,-0.04421745,-0.3118572,0.005405,0.9876651,-0.156488,0.31493,-0.1502082,-0.9371535,moving,-27.32429,-1.706758,-9.609174,8.021995,-18.85454044587132,0.2066908676971586,20.210738972844737,12.106022443347491,159.9749873075206
05/18/2023 18:40:46.351660,1652,True,True,True,True,Eyes,2.63733,0.03167778,-2.887811,0.4580963,0.02560791,-0.8885336,0.0,0.0,0.0,0.0,0.0,0.0,0.0,1.621352,-0.5239849,-3.521086,2.631417,0.03250814,-2.894128,-0.01060151,0.9842714,-0.08243408,0.1558915,9.147096,161.7839,357.2963,0.6942415,0.007736093,-0.7196996,0.05323209,0.009611263,-0.4772737,3.880474,-0.07386439,-4.191415,-0.3457167,0.2912669,2.047958,-0.9511709,-0.04657107,-0.3051312,0.004832014,0.9861845,-0.1655804,0.3086269,-0.1589696,-0.937805,moving,-27.27402,-1.650832,-9.581789,8.094494,-18.808773885543488,0.2601904561109833,20.198673634762184,12.104278668959996,159.98523559119516
05/18/2023 18:40:46.375810,1653,True,True,True,True,Eyes,2.637312,0.0317445,-2.888926,0.4569977,0.02468524,-0.8891252,0.0,0.0,0.0,0.0,0.0,0.0,0.0,1.647028,-0.5559654,-3.510178,2.631383,0.03298765,-2.901359,-0.01106637,0.9843983,-0.08768022,0.15215,9.744625,162.1873,357.1812,0.6922742,0.007772707,-0.7215917,0.05003816,0.009034587,-0.4486373,3.869123,-0.07147399,-4.212484,-0.3448464,0.2938424,2.048451,-0.9534557,-0.04846853,-0.2976118,0.004893657,0.9843794,-0.175992,0.301493,-0.169257,-0.938325,moving,-27.20252,-1.590323,-9.555857,8.163172,-18.743313869884677,0.3184659177198434,20.16272252823497,12.080926175312653,160.01896666393003
05/18/2023 18:40:46.389524,1654,True,True,True,True,Eyes,2.63728,0.0318352,-2.890289,0.4556507,0.02363664,-0.8898448,0.0,0.0,0.0,0.0,0.0,0.0,0.0,1.672477,-0.5725443,-3.501491,2.631272,0.03384199,-2.908726,-0.01155573,0.984712,-0.09051169,0.1483794,10.06857,162.6074,357.1114,0.6904849,0.007807155,-0.7233037,0.04703587,0.008492512,-0.421719,3.858407,-0.0677152,-4.233041,-0.3439385,0.2965276,2.048967,-0.9557001,-0.04961827,-0.2901301,0.004102014,0.9833482,-0.1816851,0.2943138,-0.1748266,-0.9395824,moving,-27.11501,-1.52157,-9.528802,8.234703,-18.663094487692945,0.3848245788023061,20.111180340044513,12.043915080998742,160.0678484735223
05/18/2023 18:40:46.399123,1655,True,True,True,True,Eyes,2.637208,0.03194809,-2.891904,0.4540437,0.02277957,-0.8906881,0.0,0.0,0.0,0.0,0.0,0.0,0.0,1.700016,-0.5850608,-3.491977,2.630975,0.03454313,-2.915995,-0.01162394,0.9851412,-0.09249116,0.1442468,10.30455,163.0791,357.1111,0.6888533,0.007840237,-0.7248575,0.04421372,0.007982961,-0.3964159,3.847962,-0.06625253,-4.252927,-0.3430225,0.2992378,2.049488,-0.9581157,-0.04958553,-0.2820566,0.003780663,0.9826205,-0.1855872,0.286357,-0.1788803,-0.9412767,moving,-27.011,-1.465034,-9.501521,8.306839,-18.567266470931145,0.4401254227018687,20.051717053149584,12.003038092539544,160.12533089747896
05/18/2023 18:40:46.419338,1656,True,True,True,True,Eyes,2.637114,0.03207853,-2.893758,0.4521689,0.02200956,-0.8916607,0.0,0.0,0.0,0.0,0.0,0.0,0.0,1.728365,-0.5917464,-3.482859,2.630566,0.03520328,-2.923457,-0.01131873,0.985689,-0.09333228,0.1399223,10.41786,163.5839,357.1774,0.6873606,0.007872627,-0.7262728,0.0415609,0.007503983,-0.3726309,3.837431,-0.06638131,-4.272558,-0.3421001,0.3019693,2.050013,-0.9605874,-0.04843203,-0.2737269,0.003805032,0.982322,-0.1871607,0.2779525,-0.1808257,-0.9434217,moving,-26.88997,-1.413989,-9.474049,8.379475,-18.455474390913352,0.4906761324968509,19.98064667115499,11.954043233335824,160.19472723359763
05/18/2023 18:40:46.439285,1657,True,True,True,True,Eyes,2.636733,0.03222805,-2.895897,0.4511954,0.02288571,-0.8921317,0.0,0.0,0.0,0.0,0.0,0.0,0.0,1.75828,-0.5861149,-3.474771,2.630044,0.03574567,-2.93099,-0.01123825,0.9864136,-0.09244941,0.1353327,10.33161,164.1273,357.2504,0.6859906,0.007904808,-0.7275667,0.03906724,0.007053744,-0.3502731,3.827709,-0.06356886,-4.291803,-0.3412144,0.3045887,2.050515,-0.9631174,-0.04719399,-0.2649101,0.002851724,0.9826536,-0.1854285,0.269066,-0.1793449,-0.9462762,moving,-26.828,-1.469477,-9.447689,8.449079,-18.396667818270277,0.4401560458427513,20.01132088548522,12.009457472154057,160.16857437987824
05/18/2023 18:40:46.449583,1658,True,True,True,True,Eyes,2.636333,0.03237506,-2.898245,0.4498677,0.02369491,-0.8927808,0.0,0.0,0.0,0.0,0.0,0.0,0.0,1.790717,-0.5793457,-3.465147,2.629396,0.03588922,-2.938459,-0.01138488,0.9871545,-0.09163556,0.1303814,10.25027,164.7098,357.299,0.6847233,0.007937293,-0.7287592,0.03672321,0.006630519,-0.3292567,3.81805,-0.06067172,-4.310641,-0.3403002,0.3072958,2.051036,-0.9657422,-0.04637242,-0.2553267,0.001417858,0.9829466,-0.1838856,0.2594997,-0.1779481,-0.9492073,moving,-26.7433,-1.520306,-9.420483,8.520939,-18.3167715982916,0.3945173107279176,20.022651921399273,12.04917757757619,160.16147494566883
05/18/2023 18:40:46.468952,1659,True,True,True,True,Eyes,2.635917,0.03252431,-2.900794,0.4481853,0.02446584,-0.8936058,0.0,0.0,0.0,0.0,0.0,0.0,0.0,1.826813,-0.5784403,-3.452137,2.628644,0.03598183,-2.945847,-0.0117819,0.9878245,-0.09195825,0.1249313,10.29599,165.3412,357.3055,0.6835459,0.007969957,-0.7298632,0.03451981,0.006232688,-0.3095013,3.808567,-0.0605028,-4.328929,-0.3394268,0.3098787,2.051534,-0.968507,-0.04625381,-0.2446534,-0.0002999698,0.9828097,-0.1846211,0.2489872,-0.1787334,-0.951872,moving,-26.63591,-1.568297,-9.394496,8.589443,-18.21578805172589,0.3520544897255493,20.011147858805998,12.06937293031597,160.17690405797242
05/18/2023 18:40:46.489234,1660,True,True,True,True,Eyes,2.635475,0.03267016,-2.903537,0.4461236,0.0251852,-0.8946169,0.0,0.0,0.0,0.0,0.0,0.0,0.0,1.86506,-0.5761222,-3.437749,2.627815,0.03619412,-2.953261,-0.01252331,0.9884932,-0.09231419,0.1191747,10.34174,166.0044,357.2755,0.6824474,0.008002803,-0.7308902,0.03244862,0.005858727,-0.2909312,3.79902,-0.06078041,-4.347026,-0.3385234,0.3125522,2.052047,-0.9712815,-0.04676145,-0.2332947,-0.002755378,0.9826425,-0.1854888,0.237919,-0.179519,-0.9545513,moving,-26.50431,-1.612561,-9.367639,8.660299,-18.092317954904463,0.3136345163753491,19.979918556937136,12.074221750007492,160.2118022180454
05/18/2023 18:40:46.509007,1661,True,True,True,True,Eyes,2.63503,0.03281651,-2.906465,0.4436898,0.02591836,-0.8958055,0.0,0.0,0.0,0.0,0.0,0.0,0.0,1.905669,-0.5722485,-3.421745,2.626878,0.03626703,-2.960671,-0.0134466,0.989171,-0.09261771,0.1130578,10.38077,166.7076,357.2295,0.6814167,0.008035707,-0.7318509,0.03050171,0.005507203,-0.2734753,3.788932,-0.06201732,-4.365065,-0.337593,0.3153059,2.052576,-0.9740745,-0.04754428,-0.2211762,-0.005659665,0.9824823,-0.18627,0.2261578,-0.180189,-0.95728,moving,-26.34908,-1.657278,-9.339976,8.733207,-17.94682150719369,0.2753314818779491,19.931678238874944,12.067039730801774,160.2636827333582
05/18/2023 18:40:46.519193,1662,True,True,True,True,Eyes,2.634556,0.03295087,-2.909572,0.4408904,0.02663003,-0.8971659,0.0,0.0,0.0,0.0,0.0,0.0,0.0,1.947371,-0.5697265,-3.404449,2.625973,0.03643651,-2.968174,-0.0145116,0.9897943,-0.09324478,0.1067806,10.4564,167.4258,357.1649,0.6804448,0.008068656,-0.7327543,0.0286716,0.005176771,-0.2570668,3.778845,-0.06296247,-4.383129,-0.3367125,0.3179106,2.053077,-0.9767747,-0.04864046,-0.2086753,-0.00881354,0.9821896,-0.1876854,0.2140878,-0.1814872,-0.9598067,moving,-26.17069,-1.700176,-9.313815,8.802113,-17.77978024498117,0.2392613004681276,19.860823472483364,12.041386828659103,160.33785415174427
05/18/2023 18:40:46.539437,1663,True,True,True,True,Eyes,2.6341,0.03307417,-2.912848,0.4377684,0.02736898,-0.898671,0.0,0.0,0.0,0.0,0.0,0.0,0.0,1.988794,-0.562304,-3.387376,2.624942,0.03628677,-2.975593,-0.01562581,0.9904391,-0.09320828,0.1004909,10.45678,168.148,357.1039,0.6795234,0.008101302,-0.7336084,0.02695131,0.004866165,-0.2416428,3.768859,-0.06190054,-4.400942,-0.3358079,0.3205887,2.053592,-0.9793151,-0.04968599,-0.1961474,-0.01221965,0.9821361,-0.1877747,0.2019732,-0.1814938,-0.9624278,moving,-25.97204,-1.744401,-9.286941,8.872897,-17.593835912575003,0.2024128127367617,19.776742539169717,12.00757257442762,160.425256504237
05/18/2023 18:40:46.559930,1664,True,True,True,True,Eyes,2.633611,0.03319088,-2.916298,0.4343298,0.02806525,-0.9003166,0.0,0.0,0.0,0.0,0.0,0.0,0.0,2.030052,-0.5613018,-3.368833,2.623869,0.03614744,-2.983155,-0.01644582,0.9909723,-0.09397862,0.09418806,10.55402,168.8702,357.0673,0.678646,0.008133358,-0.7344199,0.02533423,0.004574195,-0.2271442,3.758919,-0.06147596,-4.418588,-0.3349024,0.3232692,2.054106,-0.9817162,-0.05029803,-0.1835844,-0.01489138,0.9817951,-0.1893584,0.1897666,-0.1831624,-0.9645932,moving,-25.75354,-1.785483,-9.260052,8.943686,-17.389456325926048,0.1689607138094473,19.676133101722627,11.96173141909218,160.528876126092
05/18/2023 18:40:46.576231,1665,True,True,True,True,Eyes,2.633132,0.03329284,-2.919916,0.4306223,0.02883456,-0.9020715,0.0,0.0,0.0,0.0,0.0,0.0,0.0,2.068918,-0.556874,-3.351722,2.622702,0.03611002,-2.990769,-0.01715016,0.9915025,-0.09409562,0.08817494,10.57763,169.5628,357.0493,0.6778051,0.008164709,-0.7351958,0.02381418,0.004299743,-0.2135156,3.749878,-0.05865063,-4.435578,-0.334001,0.3259331,2.054618,-0.9838623,-0.0506026,-0.1716238,-0.0174151,0.9817038,-0.1896165,0.1780789,-0.1835677,-0.9667426,moving,-25.51843,-1.830827,-9.233296,9.013969,-17.169518288380075,0.1318994829635973,19.565663537932263,11.911120145311607,160.64246915778446
05/18/2023 18:40:46.589123,1666,True,True,True,True,Eyes,2.632622,0.03336293,-2.923685,0.4266371,0.02953455,-0.9039406,0.0,0.0,0.0,0.0,0.0,0.0,0.0,2.107101,-0.5481118,-3.33547,2.621636,0.03585064,-2.998566,-0.01805635,0.9920318,-0.09371007,0.08225083,10.54201,170.245,357.0124,0.6769957,0.008194995,-0.7359409,0.02238533,0.004041758,-0.2007046,3.741638,-0.05569552,-4.451857,-0.333104,0.3285887,2.055128,-0.9858178,-0.0512404,-0.1598068,-0.02040948,0.9817848,-0.1888971,0.166575,-0.1829565,-0.9689066,moving,-25.26612,-1.871366,-9.206682,9.083977,-16.933646077701788,0.0997296662586588,19.440295499901563,11.850007342273349,160.77052857678862
05/18/2023 18:40:46.599444,1667,True,True,True,True,Eyes,2.63204,0.03340244,-2.92761,0.4224059,0.03002458,-0.9059094,0.0,0.0,0.0,0.0,0.0,0.0,0.0,2.144108,-0.545423,-3.318027,2.620484,0.03516411,-3.005963,-0.01864686,0.9924439,-0.0941254,0.07647109,10.60146,170.9095,357.002,0.6762118,0.008223515,-0.7366608,0.02104221,0.003799252,-0.1886624,3.733606,-0.05125068,-4.46793,-0.3321863,0.3313047,2.055649,-0.9876088,-0.05140766,-0.1482762,-0.02261617,0.9815854,-0.1896802,0.1552968,-0.1839764,-0.9705851,moving,-24.99862,-1.898261,-9.179461,9.155512,-16.68388219017841,0.080678871550651,19.29848929327915,11.775777414200752,160.91413165860345
05/18/2023 18:40:46.619248,1668,True,True,True,True,Eyes,2.631434,0.03341807,-2.931688,0.4179884,0.03049096,-0.9079405,0.0,0.0,0.0,0.0,0.0,0.0,0.0,2.177513,-0.5466579,-3.302067,2.619513,0.03451713,-3.013471,-0.018697,0.9927795,-0.09470813,0.07120132,10.68364,171.5195,357.0478,0.6754485,0.008249637,-0.7373606,0.01977967,0.003571297,-0.1773426,3.725975,-0.04492846,-4.483746,-0.3312972,0.3339338,2.056155,-0.9891615,-0.05061068,-0.1378329,-0.0236373,0.9813616,-0.1907111,0.1449159,-0.1853861,-0.9719215,moving,-24.71992,-1.923416,-9.153095,9.224691,-16.423715906452884,0.0635131819861136,19.146966607378673,11.6956875547622,161.06717378503637
05/18/2023 18:40:46.639214,1669,True,True,True,True,Eyes,2.630791,0.03342643,-2.935929,0.4133545,0.03083289,-0.910048,0.0,0.0,0.0,0.0,0.0,0.0,0.0,2.207466,-0.5432107,-3.28896,2.61844,0.03395947,-3.021234,-0.01892801,0.9931152,-0.09462307,0.06641171,10.68615,172.0747,357.0739,0.6747016,0.008272967,-0.7380438,0.01859289,0.00335702,-0.1667021,3.718874,-0.03444526,-4.499413,-0.330386,0.3366314,2.056673,-0.9904627,-0.05016354,-0.1283269,-0.02502722,0.9813764,-0.1904573,0.135491,-0.1854291,-0.9732723,moving,-24.42811,-1.940468,-9.126081,9.29561,-16.151489674613508,0.0542323209104149,18.98424452905422,11.608592871356542,161.23084408760926
05/18/2023 18:40:46.649143,1670,True,True,True,True,Eyes,2.630122,0.03340415,-2.940324,0.4085661,0.03122757,-0.9121943,0.0,0.0,0.0,0.0,0.0,0.0,0.0,2.234677,-0.5396458,-3.27775,2.617325,0.0338163,-3.029375,-0.01915758,0.9934155,-0.09440932,0.06201154,10.67276,172.5849,357.0968,0.6739672,0.008293578,-0.7387143,0.01747732,0.003155598,-0.1566999,3.712735,-0.02265052,-4.514287,-0.3294771,0.3393218,2.057189,-0.991575,-0.04977181,-0.1195891,-0.02635394,0.9814397,-0.1899514,0.1268238,-0.1851994,-0.9744828,moving,-24.12731,-1.960667,-9.099153,9.366282,-15.870826457062403,0.0422115629684336,18.81874800472258,11.523621432683804,161.39734282162823
05/18/2023 18:40:46.669288,1671,True,True,True,True,Eyes,2.629413,0.03333978,-2.944858,0.4035295,0.03167584,-0.9144182,0.0,0.0,0.0,0.0,0.0,0.0,0.0,2.262322,-0.5304544,-3.266794,2.616119,0.03309754,-3.037473,-0.01946494,0.9937698,-0.09346315,0.05751076,10.57502,173.109,357.1173,0.673241,0.008310967,-0.7393761,0.01642868,0.002966262,-0.1472979,3.707888,-0.01284601,-4.528032,-0.3285905,0.3419437,2.057693,-0.9926276,-0.04943761,-0.1106664,-0.02793706,0.9817715,-0.1880006,0.1179434,-0.1835229,-0.9759145,moving,-23.8117,-1.983957,-9.07289,9.43509,-15.5763044440657,0.0276365638366793,18.64476212249191,11.4365457890424,161.5723175183242
05/18/2023 18:40:46.689202,1672,True,True,True,True,Eyes,2.628672,0.03323126,-2.949526,0.3983274,0.03216045,-0.9166793,0.0,0.0,0.0,0.0,0.0,0.0,0.0,2.290215,-0.5166602,-3.255875,2.614898,0.0320184,-3.045328,-0.02001206,0.9941441,-0.09204041,0.05296799,10.42119,173.637,357.1127,0.6725199,0.008324369,-0.7400318,0.01544296,0.002788287,-0.1384601,3.704376,-0.006970167,-4.540822,-0.327686,0.3446217,2.058207,-0.9935879,-0.04954013,-0.1016318,-0.03003935,0.9822562,-0.1851228,0.1089995,-0.1808829,-0.977446,moving,-23.48654,-2.009321,-9.046104,9.505305,-15.272844249564942,0.0113388546719948,18.469239393921235,11.353752124482302,161.7488306384822
05/18/2023 18:40:46.709567,1673,True,True,True,True,Eyes,2.627873,0.0330946,-2.954325,0.3927965,0.03255769,-0.9190489,0.0,0.0,0.0,0.0,0.0,0.0,0.0,2.319668,-0.5068648,-3.242769,2.61346,0.03078624,-3.053229,-0.02049678,0.9944512,-0.09125643,0.04815462,10.34216,174.1941,357.1126,0.6718023,0.008333038,-0.7406833,0.01451638,0.002620989,-0.1301525,3.700814,0.005576968,-4.554102,-0.326783,0.3472918,2.058721,-0.9945219,-0.04955494,-0.09203392,-0.03197726,0.9825042,-0.1834741,0.09951577,-0.1795261,-0.9787067,moving,-23.1416,-2.028878,-9.019373,9.575248,-14.95106515391332,0.0009295319172286,18.278212047774396,11.262883553383107,161.94031182170804
05/18/2023 18:40:46.719110,1674,True,True,True,True,Eyes,2.627043,0.03293475,-2.959258,0.3870666,0.03298341,-0.9214616,0.0,0.0,0.0,0.0,0.0,0.0,0.0,2.353033,-0.5054883,-3.225001,2.611773,0.03000516,-3.061152,-0.02112159,0.994625,-0.09191505,0.04273842,10.43015,174.8137,357.0933,0.6710845,0.008336741,-0.7413337,0.0136454,0.00246373,-0.1223433,3.698053,0.01923513,-4.566873,-0.3258767,0.3499736,2.059235,-0.9954548,-0.04987274,-0.08113464,-0.03415952,0.982211,-0.1846474,0.08890021,-0.1810366,-0.9794503,moving,-22.7852,-2.050008,-8.992561,9.645439,-14.618577817145956,-0.0106898210337824,18.083704573845758,11.175548712936129,162.13520755663507
05/18/2023 18:40:46.739233,1675,True,True,True,True,Eyes,2.626186,0.0327346,-2.964293,0.3808973,0.03345247,-0.924012,0.0,0.0,0.0,0.0,0.0,0.0,0.0,2.38675,-0.4961647,-3.208207,2.61028,0.02928009,-3.069354,-0.0216891,0.9948942,-0.09125867,0.0372414,10.36801,175.4484,357.0891,0.6703648,0.008335371,-0.7419846,0.01282667,0.002315906,-0.1150027,3.695891,0.0459163,-4.57941,-0.32498,0.3526249,2.059745,-0.9962854,-0.04995393,-0.07014388,-0.03635952,0.9824029,-0.1832009,0.07806116,-0.17997,-0.9805699,moving,-22.40249,-2.073402,-8.966033,9.714762,-14.261532235651126,-0.0238260430529293,17.874540195589507,11.085233837275386,162.34459891364378
05/18/2023 18:40:46.759065,1676,True,True,True,True,Eyes,2.625294,0.03248411,-2.969438,0.3745078,0.0338017,-0.9266074,0.0,0.0,0.0,0.0,0.0,0.0,0.0,2.42168,-0.4849213,-3.189603,2.608709,0.02810181,-3.076864,-0.02186297,0.9951947,-0.09009917,0.03149251,10.25069,176.118,357.1347,0.6696422,0.008328415,-0.7426369,0.01205707,0.002176952,-0.1081026,3.69283,0.05439328,-4.591221,-0.3240314,0.3554346,2.060285,-0.9970604,-0.04919071,-0.05874266,-0.03784092,0.9828083,-0.1807095,0.06662201,-0.1779554,-0.9817808,moving,-22.00713,-2.089165,-8.93798,9.788162,-13.892846259946891,-0.0295297764249138,17.659942762858236,10.997171066726272,162.5589008294933
05/18/2023 18:40:46.779201,1677,True,True,True,True,Eyes,2.62439,0.03223141,-2.974694,0.3676589,0.03405386,-0.929337,0.0,0.0,0.0,0.0,0.0,0.0,0.0,2.459211,-0.4855618,-3.166901,2.607061,0.02666517,-3.084683,-0.02248494,0.9952481,-0.09127779,0.02537997,10.40161,176.8164,357.1217,0.6689144,0.008315152,-0.7432926,0.01133365,0.002046335,-0.1016164,3.68597,0.04475122,-4.60644,-0.3231704,0.3579821,2.060776,-0.9977006,-0.04938943,-0.04641399,-0.04012292,0.9823256,-0.1828294,0.05462349,-0.1805467,-0.9820486,moving,-21.58445,-2.098561,-8.912522,9.854641,-13.498826607073498,-0.0286483294484676,17.420011403268028,10.895576988780977,162.79781393950586
05/18/2023 18:40:46.789635,1678,True,True,True,True,Eyes,2.600831,0.0267418,-3.108768,0.1842929,0.0382253,-0.9821278,0.0,0.0,0.0,0.0,0.0,0.0,0.0,2.498142,-0.4818767,-3.143102,2.605291,0.02597544,-3.092536,-0.02359618,0.9952903,-0.09207969,0.01902418,10.50925,177.5393,357.0574,0.6681812,0.00829616,-0.743952,0.0,0.0,0.0,3.683927,0.07856438,-4.618454,-0.3222808,0.360615,2.061282,-0.9981629,-0.05047358,-0.03352371,-0.04346662,0.9819291,-0.1841898,0.04221462,-0.1823942,-0.9823192,moving,-10.62777,-2.228878,-8.886236,9.923296,-3.287251513241115,0.1002022772065225,12.276329809818243,11.306714711610589,167.8780751737394
05/18/2023 18:40:46.799342,1679,True,True,True,True,Eyes,2.60077,0.02675537,-3.109111,0.1836013,0.03846583,-0.9822479,0.0,0.0,0.0,0.0,0.0,0.0,0.0,2.540035,-0.4787267,-3.116477,2.603615,0.02698568,-3.100618,-0.02492199,0.9952851,-0.09293749,0.01220577,10.62558,178.3133,356.9744,0.6655652,0.008126726,-0.7462952,-0.07067728,-0.01646881,-0.4022198,3.678111,0.08543526,-4.631289,-0.3212332,0.3637123,2.061876,-0.9984599,-0.05187773,-0.01966407,-0.04734024,0.9814831,-0.185607,0.02892882,-0.1843902,-0.9824274,moving,-10.58752,-2.242615,-8.855295,10.00398,-3.249484237101873,0.0882653955458212,12.368495969383261,11.390632573584769,167.78598114083414
05/18/2023 18:40:46.819373,1680,True,True,True,True,Eyes,2.600622,0.02667947,-3.10977,0.1824543,0.039093,-0.9824368,0.0,0.0,0.0,0.0,0.0,0.0,0.0,2.579526,-0.4579149,-3.09411,2.601765,0.02728747,-3.109216,-0.02546135,0.9955666,-0.09037748,0.0055607,10.35056,179.087,356.9873,0.6631987,0.00797445,-0.7484006,-0.06643664,-0.01548068,-0.3780866,3.671598,0.05747637,-4.644814,-0.3204628,0.3659934,2.062314,-0.9986417,-0.05170206,-0.006469829,-0.04969181,0.9823672,-0.1802367,0.01567436,-0.1796704,-0.9836022,moving,-10.52088,-2.278704,-8.832547,10.06336,-3.1866986315922734,0.0560103834609195,12.457006546477567,11.490110971905235,167.6977216573432
05/18/2023 18:40:46.839154,1681,True,True,True,True,Eyes,2.600417,0.02657524,-3.110683,0.1807656,0.03962439,-0.9827277,0.0,0.0,0.0,0.0,0.0,0.0,0.0,2.614447,-0.42281,-3.076276,2.59965,0.0249756,-3.117495,-0.02505937,0.9960592,-0.08507398,-0.0005680248,9.759095,179.8179,357.1021,0.6610533,0.007835397,-0.7502977,-0.06245044,-0.01455184,-0.3554014,3.662453,0.05343914,-4.660823,-0.3195302,0.3687539,2.062845,-0.9987434,-0.04982459,0.005395373,-0.05001789,0.9842689,-0.169449,0.003132227,-0.1695059,-0.9855242,moving,-10.42263,-2.308962,-8.805015,10.13513,-3.0945717807559348,0.0299370476467268,12.548788945260377,11.607070533278447,167.60585325719148
05/18/2023 18:40:46.849742,1682,True,True,True,True,Eyes,2.60013,0.0265649,-3.111901,0.1785562,0.0399297,-0.9831192,0.0,0.0,0.0,0.0,0.0,0.0,0.0,2.653683,-0.4240958,-3.047822,2.597699,0.02421547,-3.124497,-0.02548908,0.9959252,-0.08620809,-0.007181898,9.908762,180.5764,357.1178,0.659104,0.007707533,-0.752012,-0.05870342,-0.01367873,-0.3340773,3.653914,0.07165454,-4.675576,-0.3186297,0.3714179,2.063357,-0.9985976,-0.04953215,0.0187,-0.0520087,0.9838369,-0.1713475,-0.009910538,-0.1720797,-0.9850333,moving,-10.29397,-2.325808,-8.778444,10.20434,-2.9743673050920947,0.0171140059540735,12.621466949549882,11.724627061622817,167.53265108723997
05/18/2023 18:40:46.869594,1683,True,True,True,True,Eyes,2.599748,0.02669069,-3.113435,0.175938,0.04074788,-0.9835575,0.0,0.0,0.0,0.0,0.0,0.0,0.0,2.69789,-0.429921,-3.015038,2.595577,0.02650829,-3.133075,-0.02721899,0.9955749,-0.08876064,-0.01454677,10.22578,181.4052,356.9936,0.6573274,0.00759205,-0.7535665,-0.05518121,-0.01285801,-0.3140327,3.645794,0.09037538,-4.689694,-0.317764,0.373979,2.063848,-0.9980954,-0.05161471,0.03379673,-0.05677943,0.9827614,-0.1759438,-0.02413284,-0.1775276,-0.9838202,moving,-10.14176,-2.372355,-8.752914,10.27082,-2.831649671355475,-0.0229711116375992,12.719228250658176,11.875331856403314,167.43464366902347
05/18/2023 18:40:46.889591,1684,True,True,True,True,Eyes,2.599275,0.02684748,-3.115263,0.172944,0.04214901,-0.9840294,0.0,0.0,0.0,0.0,0.0,0.0,0.0,2.733401,-0.3913655,-2.995757,2.593225,0.02980641,-3.142212,-0.02739764,0.9960004,-0.08244583,-0.02086609,9.519051,182.1528,357.0279,0.6557013,0.007491023,-0.7549828,-0.05187033,-0.01208652,-0.2951907,3.637928,0.1054187,-4.703398,-0.3168836,0.3765865,2.064349,-0.9976281,-0.05113548,0.0460829,-0.05801677,0.9849041,-0.1630888,-0.03704762,-0.1653755,-0.9855347,moving,-9.967983,-2.452656,-8.726953,10.33844,-2.6681887856296225,-0.0941574563197824,12.851159182817556,12.064315707529587,167.30278027615077
05/18/2023 18:40:46.898994,1685,True,True,True,True,Eyes,2.59874,0.02698039,-3.117338,0.1698745,0.04315382,-0.9845204,0.0,0.0,0.0,0.0,0.0,0.0,0.0,2.766956,-0.3469996,-2.977504,2.590656,0.03056943,-3.15112,-0.02615816,0.9965242,-0.07431938,-0.02705521,8.600128,182.9006,357.2109,0.6542067,0.00740376,-0.7562792,-0.04875812,-0.01136133,-0.2774793,3.631142,0.1119379,-4.716455,-0.3159614,0.3793145,2.064874,-0.9971676,-0.04811302,0.05781045,-0.05615593,0.9875848,-0.1467067,-0.05003422,-0.1495376,-0.9874893,moving,-9.789732,-2.509801,-8.699762,10.40911,-2.501003600422207,-0.1435665259165923,12.964809910940499,12.23861052395113,167.18874276507003
05/18/2023 18:40:46.919290,1686,True,True,True,True,Eyes,2.598115,0.02721085,-3.119659,0.1664223,0.04377923,-0.9850823,0.0,0.0,0.0,0.0,0.0,0.0,0.0,2.79588,-0.3346671,-2.957975,2.587999,0.03009559,-3.159102,-0.02465106,0.9966224,-0.07131857,-0.03239914,8.265059,183.5376,357.4219,0.6528269,0.007328276,-0.7574713,-0.04583263,-0.01067965,-0.2608305,3.622677,0.1204641,-4.730612,-0.3150421,0.3820346,2.065396,-0.9966853,-0.04451428,0.06809557,-0.05375692,0.988612,-0.140558,-0.06106327,-0.1437527,-0.9877279,moving,-9.58915,-2.544676,-8.67268,10.47951,-2.313438545870177,-0.171618846880198,13.056390704306303,12.405099660412514,167.09624089199428
05/18/2023 18:40:46.939381,1687,True,True,True,True,Eyes,2.597486,0.02754521,-3.122264,0.1627157,0.04413046,-0.9856856,0.0,0.0,0.0,0.0,0.0,0.0,0.0,2.83268,-0.3556337,-2.926835,2.585315,0.03273958,-3.167331,-0.02555766,0.9960629,-0.07549748,-0.03880186,8.7651,184.2614,357.3871,0.6515464,0.007265772,-0.7585737,-0.04308267,-0.01003888,-0.2451807,3.614071,0.1391485,-4.743977,-0.3141702,0.3846145,2.065891,-0.9956824,-0.04505519,0.08115728,-0.05677296,0.9872939,-0.1484171,-0.07343912,-0.1523838,-0.985589,moving,-9.373774,-2.563497,-8.646998,10.54622,-2.112397048690001,-0.184305364545839,13.12984703544809,12.563645338516332,167.02151351736265
05/18/2023 18:40:46.949646,1688,True,True,True,True,Eyes,2.596748,0.02787547,-3.125106,0.1586823,0.04484975,-0.9863105,0.0,0.0,0.0,0.0,0.0,0.0,0.0,2.866373,-0.3370104,-2.903738,2.582573,0.03554479,-3.17654,-0.0267236,0.9959405,-0.07332844,-0.04484839,8.537607,184.9548,357.296,0.6503521,0.007217474,-0.7595983,-0.04049771,-0.009436542,-0.2304699,3.604593,0.1455652,-4.757832,-0.3132027,0.3874773,2.066443,-0.9945491,-0.04665291,0.09325186,-0.05980755,0.9878176,-0.1436645,-0.08541346,-0.1484585,-0.9852233,moving,-9.139696,-2.603574,-8.618501,10.62017,-1.8935216828260144,-0.2164601189975998,13.234011092845622,12.753740594522997,166.91621528128252
05/18/2023 18:40:46.976702,1689,True,True,True,True,Eyes,2.595988,0.02817033,-3.128144,0.1542108,0.04489086,-0.9870176,0.0,0.0,0.0,0.0,0.0,0.0,0.0,2.897737,-0.3034096,-2.882697,2.579294,0.03569745,-3.185098,-0.02706717,0.9959999,-0.06837556,-0.05075831,7.9872,185.6449,357.2811,0.6492308,0.007181825,-0.7605572,-0.03806785,-0.008870349,-0.2166417,3.592392,0.1295673,-4.773639,-0.3123721,0.3899366,2.066914,-0.993382,-0.04697654,0.104812,-0.06085905,0.9891843,-0.1334564,-0.09740908,-0.1389519,-0.9854969,moving,-8.880052,-2.604093,-8.594059,10.68365,-1.6515839847173217,-0.2110018739672479,13.290820367084118,12.91864539310381,166.85758654885666
05/18/2023 18:40:46.989409,1690,True,True,True,True,Eyes,2.595127,0.02847854,-3.13139,0.149322,0.04456934,-0.9877836,0.0,0.0,0.0,0.0,0.0,0.0,0.0,2.935692,-0.3119138,-2.848845,2.576374,0.03521967,-3.192577,-0.02922187,0.9952982,-0.07224558,-0.05751692,8.463151,186.4009,357.1107,0.6481735,0.007156685,-0.7614588,-0.03578378,-0.008338128,-0.2036432,3.58032,0.1230344,-4.788853,-0.3114671,0.3926136,2.067428,-0.991676,-0.04985825,0.1187153,-0.06647963,0.9878533,-0.1404503,-0.1102707,-0.1471733,-0.982945,moving,-8.596242,-2.583465,-8.56743,10.75268,-1.387535071214436,-0.1851960400431687,13.336176123325945,13.083884111981085,166.81004367814378
05/18/2023 18:40:46.999761,1691,True,True,True,True,Eyes,2.594208,0.02880075,-3.134857,0.1440619,0.04416667,-0.9885825,0.0,0.0,0.0,0.0,0.0,0.0,0.0,2.976609,-0.3176372,-2.811952,2.573246,0.03591862,-3.200824,-0.0328052,0.9943935,-0.07687019,-0.06477907,9.04027,187.2007,356.791,0.6471698,0.0071413,-0.762312,-0.03363675,-0.00783784,-0.1914246,3.566947,0.1080581,-4.804143,-0.3105627,0.3952877,2.067941,-0.9894551,-0.0552834,0.1338753,-0.07520172,0.9860296,-0.1486282,-0.1237883,-0.1571286,-0.9797894,moving,-8.291109,-2.558089,-8.540833,10.82157,-1.10370921483831,-0.1544577579153103,13.381989277848678,13.258355687578497,166.76193089351142
05/18/2023 18:40:47.019262,1692,True,True,True,True,Eyes,2.59318,0.029125,-3.13852,0.1384132,0.0439655,-0.9893982,0.0,0.0,0.0,0.0,0.0,0.0,0.0,3.015779,-0.2937385,-2.779379,2.569948,0.0365661,-3.20939,-0.03542082,0.9938928,-0.0757172,-0.07203638,8.952336,188.0206,356.5468,0.6462106,0.007135003,-0.7631254,-0.03161855,-0.00736757,-0.1799391,3.552189,0.08968812,-4.820144,-0.309642,0.3980118,2.068464,-0.9871122,-0.05950022,0.1485568,-0.0813178,0.9860246,-0.1454064,-0.1378289,-0.1556127,-0.9781553,moving,-7.963786,-2.544356,-8.513762,10.89168,-0.798983985708106,-0.1341097467025642,13.447287347040369,13.456813863180725,166.6944097523403
05/18/2023 18:40:47.039329,1693,True,True,True,True,Eyes,2.592077,0.02945417,-3.142384,0.1324178,0.04383015,-0.9902245,0.0,0.0,0.0,0.0,0.0,0.0,0.0,3.054364,-0.268704,-2.745987,2.566433,0.03689738,-3.217738,-0.03671013,0.9934725,-0.07321492,-0.07940109,8.702483,188.8684,356.4438,0.6452879,0.007136916,-0.7639058,-0.02972143,-0.006925516,-0.1691427,3.53688,0.08155606,-4.835972,-0.3087046,0.4007863,2.068997,-0.984696,-0.06131431,0.1631411,-0.08456769,0.9865839,-0.1396444,-0.1523902,-0.1513036,-0.9766703,moving,-7.616692,-2.53442,-8.48621,10.96301,-0.4757639144884775,-0.1168632456424849,13.52540861331827,13.67226527055378,166.61407710704705
05/18/2023 18:40:47.049377,1694,True,True,True,True,Eyes,2.590856,0.029763,-3.14642,0.1260608,0.04385031,-0.9910529,0.0,0.0,0.0,0.0,0.0,0.0,0.0,3.095405,-0.2513511,-2.708217,2.563025,0.03733469,-3.226245,-0.03805602,0.9928483,-0.07209133,-0.08721713,8.614745,189.7653,356.3471,0.6443946,0.007146311,-0.7646595,-0.02793815,-0.006509985,-0.1589942,3.520734,0.07358107,-4.850809,-0.3087002,0.4007999,2.069,-0.9818898,-0.06299253,0.1786738,-0.08814292,0.9867092,-0.1365132,-0.1676998,-0.1497898,-0.9743919,moving,-7.249028,-2.533467,-8.486078,10.96336,-0.1332049858418829,-0.1075542462914276,13.553399269940694,13.868512171079828,166.5839757847079
05/18/2023 18:40:47.069609,1695,True,True,True,True,Eyes,2.589512,0.0300573,-3.150614,0.1193399,0.04393055,-0.9918811,0.0,0.0,0.0,0.0,0.0,0.0,0.0,3.133128,-0.231411,-2.672373,2.559117,0.03712235,-3.234372,-0.03873073,0.9922917,-0.06996338,-0.09466912,8.405697,190.6285,356.3129,0.6435237,0.007161925,-0.7653924,-0.02626186,-0.006119386,-0.1494545,3.503709,0.06974046,-4.86591,-0.3087007,0.4007999,2.069,-0.9790754,-0.06361762,0.1932982,-0.09011111,0.9872101,-0.1315149,-0.1824593,-0.1461814,-0.9722858,static,-6.860662,-2.53598,-8.486092,10.96336,0.2287099072759453,-0.1010156157037824,13.596845337080952,14.084323911655854,166.53844560503566
05/18/2023 18:40:47.089399,1696,True,True,True,True,Eyes,2.588046,0.0303392,-3.154957,0.1122203,0.04400748,-0.9927084,0.0,0.0,0.0,0.0,0.0,0.0,0.0,3.174576,-0.2193582,-2.629986,2.555101,0.03708558,-3.242369,-0.03921657,0.9915194,-0.06903962,-0.1028827,8.335987,191.5794,356.3167,0.6426695,0.007182765,-0.7661096,-0.02468615,-0.005752223,-0.1404873,3.485199,0.07309732,-4.881377,-0.3087,0.4007999,2.069,-0.9757544,-0.06356201,0.2094355,-0.09197395,0.9873912,-0.1288388,-0.1986055,-0.1449777,-0.9692973,static,-6.449599,-2.538301,-8.486074,10.96336,0.6117694332764945,-0.0937776622233625,13.654379523967613,14.31890528000554,166.47883914246202
05/18/2023 18:40:47.099095,1697,True,True,True,True,Eyes,2.586451,0.03061769,-3.159428,0.1047049,0.04398955,-0.99353,0.0,0.0,0.0,0.0,0.0,0.0,0.0,3.215733,-0.2076226,-2.586173,2.55086,0.03706787,-3.250242,-0.04030773,0.9906006,-0.06877336,-0.1111574,8.349723,192.5318,356.2582,0.6418269,0.007207987,-0.7668154,-0.02320498,-0.005407089,-0.132058,3.464994,0.07599463,-4.89725,-0.3087002,0.4007999,2.069,-0.9720386,-0.06456838,0.2257693,-0.09514704,0.987291,-0.1272929,-0.2146809,-0.1452149,-0.9658285,static,-6.016012,-2.535173,-8.486078,10.96336,1.0157115003444304,-0.0809236046714501,13.722668078637078,14.569152482188873,166.408494141632
05/18/2023 18:40:47.119418,1698,True,True,True,True,Eyes,2.584739,0.03089884,-3.164016,0.09679928,0.04384851,-0.9943376,0.0,0.0,0.0,0.0,0.0,0.0,0.0,3.258414,-0.1956642,-2.538805,2.546737,0.03731212,-3.257886,-0.04231543,0.989467,-0.06940713,-0.1197791,8.481446,193.516,356.1092,0.6409915,0.007237055,-0.7675136,-0.02181268,-0.005082664,-0.1241345,3.442657,0.07437113,-4.913743,-0.3087003,0.4008,2.069001,-0.9677247,-0.06711241,0.2429089,-0.1003665,0.9867842,-0.1272151,-0.2311609,-0.1474891,-0.9616712,static,-5.560253,-2.525006,-8.486076,10.96336,1.440177610042201,-0.0609732040386989,13.802045412810559,14.834636272067678,166.32711805533157
05/18/2023 18:40:47.139341,1699,True,True,True,True,Eyes,2.58291,0.03115881,-3.168715,0.08855178,0.0435366,-0.9951197,0.0,0.0,0.0,0.0,0.0,0.0,0.0,3.299599,-0.1876278,-2.490906,2.542396,0.03792173,-3.265265,-0.0443744,0.9882192,-0.07073754,-0.128258,8.695959,194.4829,355.9649,0.6401592,0.00726965,-0.7682076,-0.02050392,-0.004777704,-0.1166865,3.4188,0.07304767,-4.930553,-0.3087003,0.4008,2.069001,-0.9631617,-0.06955795,0.2597718,-0.1058486,0.9860542,-0.1284256,-0.2472161,-0.1511911,-0.9570923,static,-5.085132,-2.505099,-8.486079,10.96336,1.882497657291541,-0.0314625563906449,13.891214069745308,15.112693503960422,166.23605147578297
05/18/2023 18:40:47.149211,1700,True,True,True,True,Eyes,2.534423,0.03778866,-3.288353,-0.1285056,0.02845135,-0.9913006,0.0,0.0,0.0,0.0,0.0,0.0,0.0,3.340521,-0.1785672,-2.44181,2.538053,0.03774086,-3.272653,-0.04648991,0.9868703,-0.07214531,-0.1368238,8.923639,195.4604,355.8195,0.6393272,0.007304878,-0.7688999,-0.01927368,-0.004491042,-0.1096853,3.393227,0.07191174,-4.947663,-0.3087001,0.4008002,2.069002,-0.958236,-0.07201662,0.2767628,-0.1115014,0.9852675,-0.1296743,-0.2633467,-0.155118,-0.9521487,static,7.386254,-1.643997,-8.486068,10.96336,13.486397946029951,1.0600682734772937,20.270077853751154,24.10112957456681,159.87668112802032
05/18/2023 18:40:47.169502,1701,True,True,True,True,Eyes,2.534219,0.03780103,-3.288621,-0.129137,0.02819765,-0.9912258,0.0,0.0,0.0,0.0,0.0,0.0,0.0,3.380493,-0.1756936,-2.391066,2.533617,0.03793974,-3.279503,-0.04900555,0.9853184,-0.07504639,-0.145307,9.330603,196.4234,355.6548,0.6364764,0.007485033,-0.7712595,-0.1635781,0.01566796,-0.4620188,3.366918,0.06961638,-4.96482,-0.3087002,0.4007999,2.069,-0.9529688,-0.07476262,0.2937028,-0.1183817,0.983933,-0.1336475,-0.278992,-0.1621309,-0.9465082,static,7.422691,-1.629468,-8.486081,10.96336,13.52006989290972,1.0745020964227028,20.289611715988258,24.12592356281215,159.85728957787563
05/18/2023 18:40:47.189355,1702,True,True,True,True,Eyes,2.53383,0.03783427,-3.289156,-0.1304034,0.02785742,-0.9910696,0.0,0.0,0.0,0.0,0.0,0.0,0.0,3.418939,-0.1739221,-2.340629,2.529112,0.03835211,-3.286345,-0.05127756,0.9837176,-0.07790407,-0.1536268,9.73122,197.371,355.5222,0.6338972,0.00764736,-0.7733791,-0.1537634,0.01472788,-0.4342977,3.340241,0.06975435,-4.981566,-0.3086999,0.4008,2.069001,-0.9475388,-0.07694896,0.3102403,-0.1248216,0.9826031,-0.137516,-0.2942614,-0.1690264,-0.9406593,static,7.495832,-1.610071,-8.486065,10.96336,13.5878479893124,1.094332810181077,20.33499935653724,24.17964706800163,159.81221894553414
05/18/2023 18:40:47.208809,1703,True,True,True,True,Eyes,2.533262,0.03789105,-3.28995,-0.1322279,0.02759387,-0.9908352,0.0,0.0,0.0,0.0,0.0,0.0,0.0,3.455139,-0.1634308,-2.292489,2.524457,0.03890394,-3.293296,-0.05304814,0.9822602,-0.07868621,-0.1617388,9.889034,198.3039,355.4144,0.631558,0.007794153,-0.7752891,-0.1445376,0.01384421,-0.4082398,3.313583,0.06621484,-4.998121,-0.3086999,0.4007999,2.069,-0.942053,-0.07876092,0.3260874,-0.1296674,0.9819887,-0.1374208,-0.3093908,-0.1717405,-0.9352981,static,7.601264,-1.595224,-8.486072,10.96336,13.685801104020022,1.110643799829334,20.40883170742392,24.262480777156156,159.73887016451778
05/18/2023 18:40:47.219258,1704,True,True,True,True,Eyes,2.5325,0.03795938,-3.290998,-0.1346007,0.02744186,-0.9905199,0.0,0.0,0.0,0.0,0.0,0.0,0.0,3.489403,-0.1517805,-2.245391,2.519447,0.03955039,-3.30024,-0.05427665,0.9808538,-0.0786604,-0.1696832,9.946491,199.225,355.3541,0.6294302,0.007927522,-0.7770163,-0.1358654,0.01301356,-0.3837454,3.287885,0.06539635,-5.013978,-0.3087003,0.4008,2.069001,-0.9365231,-0.07978022,0.3414076,-0.1331696,0.9817331,-0.135889,-0.3243299,-0.1727284,-0.9300402,static,7.738462,-1.586945,-8.486077,10.96336,13.8134787902052,1.1215341256946572,20.512089638931133,24.37481743481621,159.63627212408346
05/18/2023 18:40:47.238899,1705,True,True,True,True,Eyes,2.531529,0.03802851,-3.292277,-0.1374769,0.02762705,-0.9901196,0.0,0.0,0.0,0.0,0.0,0.0,0.0,3.521215,-0.1354767,-2.200913,2.514167,0.03987504,-3.307371,-0.05474485,0.9796033,-0.07698546,-0.1773525,9.802277,200.1247,355.3463,0.6274878,0.008049071,-0.7785845,-0.1277135,0.01223274,-0.3607207,3.262421,0.06663084,-5.029611,-0.3087001,0.4008,2.069001,-0.9310983,-0.07994933,0.3558992,-0.1345636,0.9821525,-0.1314121,-0.339041,-0.1702487,-0.9252388,static,7.90491,-1.598294,-8.486073,10.96336,13.96878737871086,1.1147215575958656,20.650895257155437,24.519715206270227,159.49833248755172
05/18/2023 18:40:47.249469,1706,True,True,True,True,Eyes,2.530375,0.03809591,-3.293769,-0.1408224,0.02787999,-0.9896423,0.0,0.0,0.0,0.0,0.0,0.0,0.0,3.550932,-0.1167078,-2.158322,2.508827,0.03994322,-3.314404,-0.05450265,0.9784718,-0.07407367,-0.1847584,9.502906,201.0023,355.389,0.625707,0.008160006,-0.7800151,-0.1200506,0.01149878,-0.3390774,3.237604,0.06380571,-5.044354,-0.3087001,0.4007999,2.069,-0.9257878,-0.07928715,0.3696361,-0.1340301,0.9830851,-0.1248183,-0.3534873,-0.1650976,-0.9207551,static,8.098608,-1.613698,-8.486076,10.96336,14.149564447172615,1.1047371992912511,20.814277102873884,24.689363336877104,159.33597511551463
05/18/2023 18:40:47.269176,1707,True,True,True,True,Eyes,2.528986,0.03816083,-3.295443,-0.1445857,0.02816645,-0.9890913,0.0,0.0,0.0,0.0,0.0,0.0,0.0,3.579714,-0.1049939,-2.114786,2.503396,0.03995426,-3.321008,-0.05456689,0.9771662,-0.07275679,-0.1920293,9.389656,201.8598,355.4248,0.6240675,0.008261325,-0.7813265,-0.1128476,0.01080885,-0.3187328,3.215225,0.05990653,-5.058264,-0.3087001,0.4008,2.069,-0.9202947,-0.07869898,0.3832292,-0.1345847,0.9834578,-0.1212341,-0.3673487,-0.1631478,-0.9156628,static,8.316615,-1.631177,-8.486077,10.96336,14.35303166697009,1.093367073708735,20.998876653079158,24.880547523451085,159.15255252428165
05/18/2023 18:40:47.289473,1708,True,True,True,True,Eyes,2.527418,0.03823016,-3.297307,-0.1487843,0.02845429,-0.9884602,0.0,0.0,0.0,0.0,0.0,0.0,0.0,3.60959,-0.09609401,-2.067487,2.497671,0.04000507,-3.327598,-0.05509501,0.9756194,-0.07251063,-0.1996837,9.409451,202.7584,355.4335,0.6225492,0.008353954,-0.7825356,-0.1060767,0.01016032,-0.2996088,3.194496,0.05912767,-5.071655,-0.3087003,0.4008001,2.069002,-0.9141818,-0.07854512,0.3976205,-0.1364619,0.9834135,-0.1194824,-0.3816406,-0.1634887,-0.9097372,static,8.559975,-1.648888,-8.486074,10.96336,14.580126430781188,1.082360195709213,21.204635958297068,25.093500342625873,158.94812871301352
05/18/2023 18:40:47.309135,1709,True,True,True,True,Eyes,2.525633,0.03830613,-3.299331,-0.1534066,0.02877638,-0.987744,0.0,0.0,0.0,0.0,0.0,0.0,0.0,3.637473,-0.08940217,-2.021879,2.491932,0.04017758,-3.334044,-0.05507031,0.9741307,-0.0719763,-0.2070175,9.382792,203.6256,355.4953,0.6211363,0.00843884,-0.7836567,-0.09971214,0.009550702,-0.2816323,3.17526,0.05936424,-5.084795,-0.3087003,0.4007998,2.068999,-0.9082222,-0.07749064,0.4112517,-0.1370921,0.9835734,-0.1174276,-0.3953967,-0.1630297,-0.9039266,static,8.828083,-1.668751,-8.486085,10.96336,14.830321869524324,1.0699055257103949,21.432467003323367,25.328546557985558,158.72179367647368
05/18/2023 18:40:47.319385,1710,True,True,True,True,Eyes,2.523679,0.03838617,-3.30151,-0.1584421,0.02918185,-0.9869369,0.0,0.0,0.0,0.0,0.0,0.0,0.0,3.664582,-0.07783896,-1.975889,2.485915,0.04041701,-3.34035,-0.05500458,0.972641,-0.07048284,-0.2144211,9.24737,204.5033,355.5388,0.6198131,0.008516927,-0.784703,-0.09372941,0.00897766,-0.2647343,3.155371,0.06214412,-5.097828,-0.3087006,0.4008,2.069,-0.9019964,-0.07677339,0.4248632,-0.1372254,0.9840133,-0.1135207,-0.4093558,-0.1606973,-0.8981118,static,9.120401,-1.693634,-8.486087,10.96336,15.103171737208225,1.0533061957604597,21.68381693360696,25.586369304258024,158.4721285490988
05/18/2023 18:40:47.339254,1711,True,True,True,True,Eyes,2.52153,0.03846931,-3.303831,-0.1638625,0.02966719,-0.986037,0.0,0.0,0.0,0.0,0.0,0.0,0.0,3.691441,-0.06690758,-1.928353,2.480009,0.04057414,-3.34629,-0.05476228,0.9710846,-0.06892116,-0.2219138,9.100204,205.3942,355.5991,0.6185663,0.008588998,-0.7856854,-0.08810565,0.008439001,-0.2488503,3.135099,0.06675303,-5.110487,-0.3086998,0.4007999,2.069,-0.8955109,-0.07576849,0.4385428,-0.1369467,0.984502,-0.1095515,-0.4234456,-0.1581616,-0.8920084,static,9.435354,-1.723355,-8.48607,10.96336,15.397205007575035,1.0326965078440535,21.957462869808094,25.865593023974867,158.20036257911195
05/18/2023 18:40:47.349318,1712,True,True,True,True,Eyes,2.51921,0.03853985,-3.306293,-0.1696587,0.03029422,-0.9850371,0.0,0.0,0.0,0.0,0.0,0.0,0.0,3.716876,-0.05716196,-1.881444,2.473652,0.04070392,-3.352259,-0.05411129,0.9695363,-0.06705274,-0.2292935,8.907216,206.2762,355.6941,0.6173837,0.008655746,-0.7866143,-0.08281931,0.00793266,-0.2339192,3.11355,0.06843201,-5.123299,-0.3086999,0.4007999,2.069,-0.8889932,-0.07417618,0.4518734,-0.1356752,0.9851518,-0.1052054,-0.4373601,-0.1548348,-0.8858571,static,9.772504,-1.761542,-8.486073,10.96336,15.71208319780756,1.004670495894358,22.255308691962306,26.1672746003988,157.90460785940164
05/18/2023 18:40:47.369550,1713,True,True,True,True,Eyes,2.516732,0.03860731,-3.308881,-0.1757886,0.03099448,-0.9839399,0.0,0.0,0.0,0.0,0.0,0.0,0.0,3.742186,-0.04715624,-1.833135,2.467315,0.04043604,-3.358167,-0.05308945,0.9679409,-0.06475522,-0.2368095,8.656055,207.1784,355.8174,0.616255,0.008717372,-0.7874981,-0.07785016,0.0074567,-0.2198841,3.089313,0.06450621,-5.136594,-0.3087,0.4007999,2.069,-0.8822057,-0.0721056,0.4653108,-0.1334442,0.9859765,-0.1002143,-0.4515595,-0.1505026,-0.8794562,static,10.12947,-1.804242,-8.486073,10.96336,16.045511901633546,0.972873802145833,22.57321647473512,26.48789293725663,157.58899487761659
05/18/2023 18:40:47.389647,1714,True,True,True,True,Eyes,2.514088,0.038661,-3.311589,-0.1822147,0.03184725,-0.9827429,0.0,0.0,0.0,0.0,0.0,0.0,0.0,3.766029,-0.04211262,-1.785489,2.460992,0.04038524,-3.363719,-0.05166351,0.9663382,-0.06280171,-0.2440851,8.429708,208.0557,355.9891,0.6151704,0.008774356,-0.7883449,-0.07317915,0.007009298,-0.2066911,3.064769,0.06608997,-5.149926,-0.3087,0.4007999,2.069,-0.8755068,-0.06919092,0.4782266,-0.1305068,0.9867737,-0.09615479,-0.4652483,-0.1465959,-0.8729569,static,10.50418,-1.856106,-8.486073,10.96336,16.395649762941535,0.9329054883473042,22.91218927839863,26.827414064016995,157.2525585084906
05/18/2023 18:40:47.409598,1715,True,True,True,True,Eyes,2.511299,0.03870169,-3.314408,-0.1888691,0.03284505,-0.9814528,0.0,0.0,0.0,0.0,0.0,0.0,0.0,3.788196,-0.03819218,-1.739724,2.454457,0.04006684,-3.369355,-0.04972379,0.9647942,-0.06040222,-0.2511004,8.135971,208.9063,356.1997,0.6141229,0.008826775,-0.7891607,-0.0687884,0.00658874,-0.1942896,3.039176,0.0690068,-5.162463,-0.3087001,0.4007998,2.069,-0.8689526,-0.0656124,0.4905273,-0.1262805,0.9877582,-0.09158008,-0.4785136,-0.1415227,-0.8666006,static,10.89274,-1.916731,-8.486076,10.96336,16.75886074597701,0.8850536314326196,23.26876132780035,27.18233048447256,156.89874549217612
05/18/2023 18:40:47.419367,1716,True,True,True,True,Eyes,2.508343,0.03871854,-3.317322,-0.1957247,0.03397247,-0.9800702,0.0,0.0,0.0,0.0,0.0,0.0,0.0,3.80742,-0.03918046,-1.698155,2.447833,0.03973082,-3.374646,-0.04695731,0.9634105,-0.05779837,-0.2574779,7.79031,209.6867,356.4867,0.6131043,0.008874811,-0.7899517,-0.0646611,0.006193416,-0.1826322,3.011986,0.06207654,-5.175491,-0.3087002,0.4008,2.069,-0.8630007,-0.06071473,0.5015417,-0.1202419,0.9889087,-0.08718617,-0.4906856,-0.135548,-0.8607293,static,11.29367,-1.985266,-8.486077,10.96336,17.133749502429822,0.8300809163662901,23.64117819974049,27.551022757810898,156.52933462419267
05/18/2023 18:40:47.439258,1717,True,True,True,True,Eyes,2.505234,0.03869622,-3.320329,-0.2027635,0.03517072,-0.9785959,0.0,0.0,0.0,0.0,0.0,0.0,0.0,3.82588,-0.0463094,-1.656523,2.440998,0.03913639,-3.379877,-0.04370627,0.9619783,-0.05575454,-0.2637781,7.48848,210.4607,356.8388,0.6121083,0.008918335,-0.7907232,-0.06078143,0.005821811,-0.1716743,2.983345,0.05774007,-5.18843,-0.3087002,0.4008002,2.069002,-0.8570218,-0.05467533,0.5123712,-0.1135026,0.9899624,-0.08421181,-0.5026239,-0.1303268,-0.8546252,static,11.70595,-2.058323,-8.486069,10.96335,17.519300604936173,0.7711352824624256,24.026685144132767,27.931353156224418,156.14705840847068
05/18/2023 18:40:47.459430,1718,True,True,True,True,Eyes,2.501962,0.03863737,-3.323402,-0.2099904,0.0362887,-0.9770298,0.0,0.0,0.0,0.0,0.0,0.0,0.0,3.84273,-0.05472405,-1.616665,2.433941,0.03813433,-3.384914,-0.040702,0.9605258,-0.05426444,-0.2697944,7.250472,211.1991,357.1739,0.6111298,0.008956835,-0.7914793,-0.05713455,0.005472502,-0.1613738,2.952719,0.05487528,-5.201581,-0.3086998,0.4007999,2.069,-0.8511089,-0.04891017,0.5227063,-0.1074711,0.9907975,-0.08228244,-0.5138716,-0.1262071,-0.8485329,static,12.1299,-2.127094,-8.486071,10.96336,17.915643169527588,0.7164686613070419,24.420856786750072,28.320474805278504,155.75631166381194
05/18/2023 18:40:47.469348,1719,True,True,True,True,Eyes,2.498518,0.03855605,-3.326525,-0.2173647,0.03727341,-0.9753785,0.0,0.0,0.0,0.0,0.0,0.0,0.0,3.859784,-0.06332953,-1.57444,2.426878,0.03720481,-3.389642,-0.03916555,0.9588114,-0.05464642,-0.2759721,7.262098,211.9497,357.4033,0.6101633,0.008989964,-0.7922242,-0.05370647,0.005144151,-0.1516914,2.92256,0.06524255,-5.21453,-0.3087002,0.4007999,2.069001,-0.8446112,-0.04494298,0.533491,-0.1052665,0.9909596,-0.08317402,-0.52493,-0.1264084,-0.8417066,static,12.56317,-2.188453,-8.486074,10.96336,18.3205275470879,0.6689533029804595,24.82017038939308,28.715304207825767,155.36054041030158
05/18/2023 18:40:47.489197,1720,True,True,True,True,Eyes,2.408373,0.03569678,-3.405843,-0.4015833,0.05924242,-0.9139044,0.0,0.0,0.0,0.0,0.0,0.0,0.0,3.876434,-0.06722404,-1.531544,2.419693,0.03660473,-3.394205,-0.0389538,0.9569467,-0.05573957,-0.2821862,7.392396,212.6987,357.5093,0.6092044,0.009017734,-0.7929615,-0.05048409,0.004835502,-0.1425899,2.894395,0.08414361,-5.226125,-0.3087002,0.4007999,2.069,-0.8377073,-0.04309554,0.5444167,-0.1060113,0.9907514,-0.08469513,-0.5357316,-0.128664,-0.8345283,static,23.72141,-3.70892,-8.486079,10.96336,28.746590371592,-0.4988123220153317,35.39206334877243,38.95706691826092,144.9250346279279
05/18/2023 18:40:47.509036,1721,True,True,True,True,Eyes,2.408075,0.03565253,-3.406014,-0.4020157,0.0593662,-0.9137062,0.0,0.0,0.0,0.0,0.0,0.0,0.0,3.891565,-0.06758474,-1.490724,2.412262,0.03565858,-3.39865,-0.03857912,0.9551618,-0.05597664,-0.288174,7.421546,213.422,357.6051,0.6060603,0.008972316,-0.7953678,-0.3178904,-0.004032433,-0.371988,2.864616,0.07779487,-5.23698,-0.3087002,0.4008,2.069001,-0.8309348,-0.04143658,0.5548246,-0.1059606,0.9907566,-0.0846985,-0.5461866,-0.1291685,-0.8276447,static,23.74871,-3.717452,-8.486074,10.96336,28.772191365691725,-0.506173601103812,35.420439586572044,38.983695811033016,144.89728479900344
05/18/2023 18:40:47.529099,1722,True,True,True,True,Eyes,2.407494,0.03559037,-3.406341,-0.4028489,0.05942412,-0.9133354,0.0,0.0,0.0,0.0,0.0,0.0,0.0,3.904538,-0.06744358,-1.453603,2.404741,0.03459383,-3.402785,-0.0383551,0.9534814,-0.05627942,-0.2936575,7.460883,214.0849,357.6829,0.603216,0.008930271,-0.7975276,-0.2988169,-0.003790487,-0.3496687,2.831002,0.06902786,-5.24955,-0.3087003,0.4008001,2.069002,-0.8245885,-0.04008802,0.5643111,-0.1061955,0.990723,-0.08479623,-0.5556768,-0.1298493,-0.821196,static,23.80105,-3.722574,-8.486073,10.96336,28.821058360831657,-0.5097697547314342,35.47019832295113,39.031458552598984,144.84830947456493
05/18/2023 18:40:47.549384,1723,True,True,True,True,Eyes,2.406619,0.03550971,-3.406814,-0.404115,0.05983024,-0.9127494,0.0,0.0,0.0,0.0,0.0,0.0,0.0,3.916929,-0.05878475,-1.41767,2.39742,0.03411541,-3.406873,-0.0396112,0.9517449,-0.0567096,-0.298993,7.563971,214.7219,357.6013,0.6006368,0.008890859,-0.7994722,-0.2808879,-0.003563058,-0.3286886,2.801289,0.0981795,-5.260875,-0.3087003,0.4008,2.069001,-0.8180685,-0.04148798,0.5736227,-0.1093111,0.99043,-0.0842592,-0.5646373,-0.1316331,-0.8147746,static,23.88112,-3.750343,-8.486078,10.96336,28.896197915108004,-0.53392949271608,35.55458567250381,39.11038504377812,144.7658733861195
05/18/2023 18:40:47.579845,1724,True,True,True,True,Eyes,2.405449,0.03543554,-3.407429,-0.4056476,0.06080293,-0.9120049,0.0,0.0,0.0,0.0,0.0,0.0,0.0,3.928841,-0.05142975,-1.381228,2.38966,0.03356548,-3.410956,-0.03960394,0.950071,-0.0557595,-0.3044466,7.473377,215.3798,357.6126,0.5982912,0.008853406,-0.8012294,-0.2640347,-0.003349274,-0.3089672,2.772453,0.1318526,-5.270881,-0.3086998,0.4008,2.069,-0.8114877,-0.04130152,0.5829083,-0.1092047,0.9906448,-0.08183639,-0.574075,-0.1300655,-0.8084064,static,23.97886,-3.814237,-8.486066,10.96336,28.98849513091138,-0.5914990136261675,35.66999850406339,39.21552624636309,144.653980085895
05/18/2023 18:40:47.589447,1725,True,True,True,True,Eyes,2.403693,0.03537822,-3.408319,-0.4077729,0.06204345,-0.9109731,0.0,0.0,0.0,0.0,0.0,0.0,0.0,3.937408,-0.03776962,-1.354136,2.381891,0.03362093,-3.415224,-0.03911182,0.9488384,-0.05264767,-0.3088762,7.127032,215.9133,357.5916,0.5961506,0.008817896,-0.8028238,-0.2481926,-0.003148318,-0.2904292,2.74779,0.1426484,-5.280068,-0.3087003,0.4007999,2.069,-0.8061318,-0.04169835,0.5902654,-0.1067448,0.991397,-0.07574684,-0.5820288,-0.1240697,-0.8036477,static,24.11441,-3.896214,-8.48608,10.96336,29.116369522671175,-0.6651292880923658,35.82734832082296,39.35944579422216,144.50135616220996
05/18/2023 18:40:47.609044,1726,True,True,True,True,Eyes,2.401672,0.03537715,-3.409335,-0.4101175,0.0635535,-0.9098157,0.0,0.0,0.0,0.0,0.0,0.0,0.0,3.953739,-0.02291672,-1.297578,2.366113,0.03351492,-3.422961,-0.03750898,0.9462007,-0.04809263,-0.3177806,6.594962,216.9948,357.6682,0.5941829,0.008784578,-0.8042815,-0.233301,-0.002959419,-0.2730035,2.717983,0.1270733,-5.291053,-0.3087001,0.4007999,2.068999,-0.7952172,-0.04041623,0.6049762,-0.1015478,0.9925603,-0.06717131,-0.5977606,-0.1148498,-0.7934054,static,24.26442,-3.995801,-8.486078,10.96336,29.25805525043192,-0.7549121241867986,36.00516097828095,39.52135494138395,144.3292236756296
05/18/2023 18:40:47.628963,1727,True,True,True,True,Eyes,2.399392,0.03535596,-3.410474,-0.4126284,0.06541453,-0.9085476,0.0,0.0,0.0,0.0,0.0,0.0,0.0,3.959232,-0.01770093,-1.276763,2.357987,0.03516801,-3.427042,-0.03763136,0.9450632,-0.04702959,-0.3212906,6.492496,217.4188,357.6404,0.5923655,0.008754594,-0.8056213,-0.219303,-0.002781854,-0.2566232,2.6889,0.1387031,-5.301335,-0.3087003,0.4007999,2.069,-0.7907124,-0.04090769,0.6108193,-0.1013483,0.9927442,-0.06471067,-0.6037402,-0.1130731,-0.7891211,static,24.42577,-4.118133,-8.486078,10.96336,29.410743755435064,-0.8657254935592977,36.20277848293074,39.700080135651504,144.13846879120868
05/18/2023 18:40:47.639282,1728,True,True,True,True,Eyes,2.396889,0.03538886,-3.411691,-0.4154653,0.06700174,-0.907138,0.0,0.0,0.0,0.0,0.0,0.0,0.0,3.964155,0.002458945,-1.256989,2.349533,0.03457646,-3.431189,-0.03663001,0.9441096,-0.04187235,-0.3249032,5.904266,217.8558,357.5825,0.5906786,0.008727151,-0.8068593,-0.2061448,-0.002614943,-0.2412258,2.660019,0.1591727,-5.309936,-0.3087003,0.4008,2.069,-0.7861921,-0.04195657,0.616556,-0.09637441,0.9938099,-0.05526174,-0.6104208,-0.1028666,-0.785369,static,24.60757,-4.224229,-8.48608,10.96336,29.582175284713536,-0.960873217874234,36.41225796288141,39.892096939824754,143.9356225579953
05/18/2023 18:40:47.649379,1729,True,True,True,True,Eyes,2.39381,0.03555318,-3.413161,-0.4187706,0.06842323,-0.9055106,0.0,0.0,0.0,0.0,0.0,0.0,0.0,3.971294,-0.001634747,-1.228945,2.341943,0.03594655,-3.434457,-0.03831724,0.9424859,-0.04493875,-0.3289874,6.310707,218.3488,357.5402,0.5891052,0.008703313,-0.808009,-0.1937761,-0.002458046,-0.2267523,2.627709,0.1420409,-5.31923,-0.3087005,0.4008,2.069001,-0.7805983,-0.04265836,0.6235758,-0.1017955,0.9930246,-0.05949649,-0.6166881,-0.10992,-0.7794958,static,24.81908,-4.321237,-8.486083,10.96336,29.781115191152125,-1.0468340932308724,36.644955831723664,40.1076454003223,143.70971909786357
05/18/2023 18:40:47.669237,1730,True,True,True,True,Eyes,2.390491,0.03584041,-3.414701,-0.4222136,0.07010573,-0.9037814,0.0,0.0,0.0,0.0,0.0,0.0,0.0,3.983526,-0.01551895,-1.177814,2.32515,0.03928491,-3.442106,-0.03736979,0.9396764,-0.04619595,-0.3368647,6.430367,219.3178,357.7445,0.5876218,0.008685895,-0.8090887,-0.1821495,-0.002310563,-0.2131471,2.592432,0.1230861,-5.328906,-0.3087002,0.4007999,2.069,-0.7702516,-0.03910746,0.6365404,-0.1013546,0.9929389,-0.06164137,-0.629635,-0.1119956,-0.7687765,static,25.04026,-4.435514,-8.486079,10.96336,29.989396724463305,-1.1487379997078992,36.89364074214955,40.33689564379358,143.4688561895763
05/18/2023 18:40:47.689139,1731,True,True,True,True,Eyes,2.386961,0.03612791,-3.416318,-0.4257459,0.0719087,-0.9019809,0.0,0.0,0.0,0.0,0.0,0.0,0.0,3.985974,-0.02337939,-1.163136,2.316582,0.04244258,-3.44573,-0.034548,0.9389344,-0.04336026,-0.3396008,6.020826,219.6615,357.9585,0.586215,0.008677228,-0.8101088,-0.1712206,-0.002171929,-0.2003583,2.556909,0.1281696,-5.337332,-0.3087001,0.4007999,2.069,-0.7669558,-0.03542624,0.6407218,-0.09432697,0.9938527,-0.05795983,-0.6347298,-0.1048899,-0.7655826,static,25.26788,-4.558156,-8.486074,10.96336,30.20383938497048,-1.2583244166470091,37.15167384617242,40.57436342959222,143.2193131922027
05/18/2023 18:40:47.709284,1732,True,True,True,True,Eyes,2.383242,0.03638308,-3.417989,-0.4293106,0.07308864,-0.9001948,0.0,0.0,0.0,0.0,0.0,0.0,0.0,3.989567,-0.01966611,-1.144193,2.308041,0.04269255,-3.449251,-0.03340926,0.9378851,-0.04110255,-0.342879,5.739724,220.064,358.014,0.5848733,0.008676457,-0.811078,-0.1609473,-0.002041613,-0.1883368,2.521219,0.1382006,-5.3448,-0.3087003,0.4008,2.069001,-0.7626357,-0.03448169,0.6459085,-0.09085448,0.9943888,-0.05418827,-0.6404157,-0.1000096,-0.7614893,static,25.49688,-4.641778,-8.486078,10.96336,30.418818984306377,-1.3313551132592203,37.394675642781124,40.80136062774986,142.98324441256284
05/18/2023 18:40:47.719413,1733,True,True,True,True,Eyes,2.379417,0.03659843,-3.419766,-0.4329935,0.07410321,-0.8983458,0.0,0.0,0.0,0.0,0.0,0.0,0.0,3.992783,-0.01908521,-1.131795,2.301757,0.04073067,-3.453099,-0.03337172,0.9370342,-0.04139182,-0.3451667,5.774224,220.345,358.0435,0.5835861,0.008682033,-0.8120044,-0.1512905,-0.001919117,-0.1770366,2.483836,0.1423384,-5.352134,-0.3087001,0.4007999,2.069,-0.7594926,-0.03396674,0.6496287,-0.09111504,0.9943461,-0.05453349,-0.6441033,-0.1006087,-0.7582934,static,25.73359,-4.715568,-8.486075,10.96336,30.64079380520685,-1.395006197565377,37.640593193272196,41.03219562213307,142.74402368593107
05/18/2023 18:40:47.739161,1734,True,True,True,True,Eyes,2.375485,0.03678892,-3.42165,-0.4368134,0.0747389,-0.8964419,0.0,0.0,0.0,0.0,0.0,0.0,0.0,3.998171,-0.003250942,-1.113194,2.295422,0.04002482,-3.457458,-0.03617409,0.9357452,-0.04228149,-0.3482596,5.988299,220.7126,357.7959,0.5823451,0.008692367,-0.8128948,-0.142213,-0.00180397,-0.1664144,2.447732,0.1499856,-5.358414,-0.3086998,0.4008,2.069,-0.7548134,-0.03824957,0.6548234,-0.09714931,0.9938074,-0.05393345,-0.6487055,-0.1043253,-0.753855,static,25.9788,-4.765889,-8.486067,10.96336,30.8702382126162,-1.4364948600008027,37.88451308162334,41.26348459034558,142.50591907422367
05/18/2023 18:40:47.749629,1735,True,True,True,True,Eyes,2.371365,0.0369689,-3.423612,-0.4407496,0.07552749,-0.894447,0.0,0.0,0.0,0.0,0.0,0.0,0.0,4.002767,0.02344058,-1.091419,2.287259,0.04111045,-3.461306,-0.04009331,0.9342384,-0.04214661,-0.3518737,6.140419,221.1371,357.3913,0.5811432,0.008706382,-0.8137545,-0.1336803,-0.001695731,-0.1564295,2.408539,0.1524947,-5.364137,-0.3087001,0.4008,2.069,-0.7491552,-0.04525284,0.6608474,-0.104574,0.9932324,-0.05053439,-0.6540882,-0.1069655,-0.7488174,static,26.23233,-4.826631,-8.486075,10.96336,31.10763492959448,-1.4875474841135992,38.14041768942897,41.505264282580164,142.25653651539207
05/18/2023 18:40:47.769518,1736,True,True,True,True,Eyes,2.367074,0.03709572,-3.425609,-0.4448102,0.07619233,-0.892378,0.0,0.0,0.0,0.0,0.0,0.0,0.0,4.006778,0.03985871,-1.070478,2.278676,0.04100754,-3.465217,-0.04061896,0.9329695,-0.03965495,-0.3554514,5.904453,221.5711,357.257,0.5799722,0.008723465,-0.8145893,-0.1256595,-0.001593988,-0.1470438,2.368619,0.1522567,-5.369256,-0.3086999,0.4007999,2.069,-0.7440091,-0.04760167,0.6664721,-0.1039833,0.9935551,-0.04511758,-0.6600292,-0.1028699,-0.7441639,static,26.49419,-4.880148,-8.486072,10.96336,31.35265459914983,-1.531646548282156,38.400982739178794,41.75223737338422,142.00236172170614
05/18/2023 18:40:47.789223,1737,True,True,True,True,Eyes,2.362639,0.03722913,-3.427656,-0.4489996,0.0764457,-0.8902557,0.0,0.0,0.0,0.0,0.0,0.0,0.0,4.010996,0.04445362,-1.048425,2.270846,0.03986861,-3.468561,-0.04080451,0.9316338,-0.03935589,-0.3589493,5.890296,222.0007,357.247,0.578826,0.00874205,-0.8154038,-0.1181199,-0.001498348,-0.1382211,2.326975,0.1483777,-5.373558,-0.3087001,0.4007999,2.069,-0.7389809,-0.04777618,0.6720303,-0.1042832,0.9935722,-0.04403706,-0.6656067,-0.102624,-0.7392133,static,26.76405,-4.907913,-8.486074,10.96336,31.60463415469356,-1.5514576667403497,38.65835677645786,41.998637377617015,141.75025484444845
05/18/2023 18:40:47.808879,1738,True,True,True,True,Eyes,2.358079,0.03738905,-3.429799,-0.4532906,0.07662226,-0.8880634,0.0,0.0,0.0,0.0,0.0,0.0,0.0,4.015906,0.03848639,-1.023623,2.262998,0.04024148,-3.471888,-0.04295657,0.9299329,-0.04371217,-0.3625864,6.45655,222.4454,357.2199,0.5776992,0.008762154,-0.8162022,-0.1110327,-0.001408447,-0.1299279,2.285809,0.1417903,-5.377154,-0.3087,0.4008,2.069001,-0.7333717,-0.04819456,0.6781175,-0.1115923,0.992488,-0.05014784,-0.6706066,-0.1124497,-0.7332406,static,27.04095,-4.931277,-8.486067,10.96336,31.86308888348386,-1.5669881232057086,38.92053985083015,42.25001780589453,141.49326810767104
05/18/2023 18:40:47.819154,1739,True,True,True,True,Eyes,2.353382,0.03754698,-3.431998,-0.4576107,0.07688098,-0.8858227,0.0,0.0,0.0,0.0,0.0,0.0,0.0,4.01917,0.03732197,-1.006385,2.254946,0.04103293,-3.47584,-0.04298902,0.9287671,-0.04393904,-0.3655312,6.49093,222.8097,357.2465,0.5765867,0.008784262,-0.8169883,-0.1043707,-0.001323941,-0.1221322,2.244306,0.1339284,-5.380059,-0.3087001,0.4007999,2.069,-0.7290778,-0.0477314,0.6827645,-0.1119758,0.9924426,-0.0501906,-0.675209,-0.1130459,-0.7289127,static,27.3206,-4.960299,-8.486075,10.96336,32.124214564187,-1.587751715882069,39.187764550990984,42.50559991097253,141.23160492452914
05/18/2023 18:40:47.839161,1740,True,True,True,True,Eyes,2.348571,0.0376928,-3.43424,-0.4620489,0.07701718,-0.8835039,0.0,0.0,0.0,0.0,0.0,0.0,0.0,4.021746,0.04142207,-0.9904103,2.24697,0.04112433,-3.47944,-0.04270741,0.9277177,-0.04276225,-0.3683577,6.361767,223.1589,357.2469,0.5754832,0.008808151,-0.8177657,-0.09810849,-0.001244504,-0.1148043,2.203117,0.1199305,-5.38206,-0.3087005,0.4008,2.069001,-0.7249773,-0.04773723,0.6871164,-0.1107444,0.9926949,-0.04787938,-0.6798112,-0.1108058,-0.724968,static,27.60837,-4.982018,-8.486081,10.96336,32.39276602934424,-1.601493545344133,39.45965626502954,42.76629138777962,140.96507061493284
05/18/2023 18:40:47.859074,1741,True,True,True,True,Eyes,2.343593,0.03791993,-3.436512,-0.4665214,0.07705074,-0.8811475,0.0,0.0,0.0,0.0,0.0,0.0,0.0,4.024827,0.04244052,-0.9720402,2.239422,0.04102001,-3.4827,-0.04417142,0.9263825,-0.04475781,-0.3712967,6.645565,223.5192,357.1953,0.5743859,0.008833348,-0.8185365,-0.09222198,-0.001169834,-0.107916,2.162762,0.1062178,-5.383457,-0.3087,0.4007998,2.068999,-0.7203755,-0.0486024,0.6918796,-0.1150761,0.9920912,-0.05012429,-0.6839715,-0.1157271,-0.7202712,static,27.89887,-4.99744,-8.486077,10.96336,32.66374036215498,-1.6092786575264082,39.731744296378544,43.0276505488208,140.69805532562953
05/18/2023 18:40:47.877635,1742,True,True,True,True,Eyes,2.338522,0.03817449,-3.438861,-0.4710783,0.07737915,-0.8786909,0.0,0.0,0.0,0.0,0.0,0.0,0.0,4.026397,0.04318379,-0.9556994,2.230465,0.04322114,-3.485721,-0.04519672,0.9251609,-0.04567259,-0.3740973,6.795438,223.8633,357.1451,0.5732924,0.008861661,-0.8193026,-0.08668866,-0.001099644,-0.1014411,2.123169,0.1014673,-5.38417,-0.3086998,0.4007999,2.069,-0.7160169,-0.04945647,0.6963289,-0.1178004,0.9917426,-0.05069303,-0.6880719,-0.1183249,-0.7159306,static,28.19637,-5.03259,-8.486069,10.96336,32.94161569856765,-1.63536963804468,40.01839261378724,43.30105134955134,140.4177122117206
05/18/2023 18:40:47.889569,1743,True,True,True,True,Eyes,2.333185,0.03837315,-3.441352,-0.4756873,0.07780199,-0.8761669,0.0,0.0,0.0,0.0,0.0,0.0,0.0,4.028136,0.04773,-0.944551,2.222869,0.0440928,-3.489592,-0.04432905,0.9243878,-0.04335027,-0.3763814,6.517932,224.1471,357.1545,0.5721982,0.00889347,-0.8200668,-0.08148734,-0.001033665,-0.09535459,2.084139,0.1002822,-5.38435,-0.3087,0.4008,2.069,-0.7127439,-0.049322,0.699688,-0.1145869,0.9923114,-0.04677565,-0.6920012,-0.1135142,-0.7129155,static,28.49836,-5.07445,-8.486073,10.96336,33.22380345238534,-1.667638630793122,40.31202840254493,43.580453417608524,140.1308893045635
05/18/2023 18:40:47.909653,1744,True,True,True,True,Eyes,2.327936,0.03856228,-3.443761,-0.4803346,0.07822852,-0.8735897,0.0,0.0,0.0,0.0,0.0,0.0,0.0,4.031671,0.03356883,-0.9244576,2.21119,0.04291957,-3.495555,-0.04142701,0.9230427,-0.04253856,-0.3800878,6.316561,224.621,357.4546,0.5710979,0.00892708,-0.820833,-0.0765981,-0.0009716452,-0.08963332,2.046188,0.1059575,-5.384226,-0.3087002,0.4008,2.069001,-0.7076344,-0.04414101,0.7051989,-0.1088146,0.9929485,-0.04703801,-0.6981499,-0.1100216,-0.7074478,static,28.80376,-5.117094,-8.486074,10.96336,33.50918357910553,-1.7005634104673213,40.60926890001434,43.863157835267664,139.84063534437277
05/18/2023 18:40:47.919435,1745,True,True,True,True,Eyes,2.322598,0.03875868,-3.446178,-0.4849976,0.07838476,-0.8709955,0.0,0.0,0.0,0.0,0.0,0.0,0.0,4.030677,0.05316623,-0.9196692,2.207681,0.04291912,-3.495607,-0.04474439,0.9224898,-0.04314424,-0.3809847,6.528307,224.7174,357.1339,0.5699942,0.008962093,-0.8215996,-0.07200222,-0.0009133465,-0.08425532,2.009533,0.1168526,-5.38358,-0.3087003,0.4008,2.069001,-0.7056975,-0.04967789,0.7067699,-0.1154271,0.992273,-0.04550639,-0.699048,-0.1136941,-0.7059788,static,29.11043,-5.142449,-8.486079,10.96336,33.79541522718026,-1.7172759881352189,40.90103388096151,44.142080639075765,139.55494273103005
05/18/2023 18:40:47.939257,1746,True,True,True,True,Eyes,2.186587,0.04307236,-3.508384,-0.6038869,0.08460017,-0.7925676,0.0,0.0,0.0,0.0,0.0,0.0,0.0,4.033871,0.02931961,-0.8987656,2.200235,0.04329538,-3.498261,-0.04358753,0.9211313,-0.04658632,-0.3839887,6.851615,225.1053,357.4298,0.5688852,0.008998554,-0.8223673,-0.06768209,-0.0008585458,-0.0792,1.973505,0.1208656,-5.382408,-0.3087004,0.4008,2.069001,-0.701306,-0.04452242,0.7114691,-0.1160769,0.9918597,-0.05234998,-0.7033468,-0.1192985,-0.7007651,static,37.30513,-6.092791,-8.48608,10.96336,41.44920673104144,-2.4192285651105587,48.86458022124923,51.697451945084794,131.7932222863144
05/18/2023 18:40:47.949737,1747,True,True,True,True,Eyes,2.186318,0.04305834,-3.508483,-0.6040987,0.08457006,-0.7924094,0.0,0.0,0.0,0.0,0.0,0.0,0.0,4.040054,0.02852301,-0.8656383,2.192071,0.04290796,-3.502166,-0.04311509,0.9191603,-0.04648609,-0.3887474,6.83313,225.702,357.5111,0.5646552,0.009149742,-0.8252758,-0.4716531,0.012134,-0.2610668,1.935571,0.1201459,-5.380478,-0.3086999,0.4007999,2.069,-0.694033,-0.04311666,0.7186509,-0.1154021,0.9919603,-0.05193458,-0.7106338,-0.1189781,-0.693429,static,37.32034,-6.091845,-8.486073,10.96336,41.463360752333664,-2.417994871412839,48.8784972101086,51.710797618809295,131.77949819339713
05/18/2023 18:40:47.969758,1748,True,True,True,True,Eyes,2.185759,0.04303475,-3.508706,-0.6046152,0.08443593,-0.7920297,0.0,0.0,0.0,0.0,0.0,0.0,0.0,4.042534,0.03670824,-0.8467436,2.18537,0.04260481,-3.504675,-0.04418173,0.917863,-0.04650461,-0.3916796,6.890942,226.0635,357.4208,0.5610727,0.009278405,-0.8277141,-0.4433539,0.01140596,-0.2454028,1.899278,0.1210067,-5.378287,-0.3087004,0.4008,2.069001,-0.6892702,-0.04467574,0.7231256,-0.1175353,0.9917706,-0.05075956,-0.7149071,-0.1199799,-0.6888489,static,37.35719,-6.08515,-8.486079,10.96336,41.49756787476153,-2.410884500291374,48.91070440942823,51.74200779689973,131.74734645027416
05/18/2023 18:40:47.989587,1749,True,True,True,True,Eyes,2.184936,0.04299806,-3.509059,-0.6053672,0.08425827,-0.791474,0.0,0.0,0.0,0.0,0.0,0.0,0.0,4.046027,0.02061997,-0.8227339,2.177666,0.0424067,-3.507653,-0.04387186,0.9162437,-0.04971778,-0.395096,7.22548,226.5027,357.6252,0.5578743,0.009392192,-0.8298718,-0.4167527,0.0107216,-0.2306786,1.862404,0.1260267,-5.375198,-0.3086998,0.4008,2.069001,-0.6839486,-0.04110805,0.7283708,-0.1196812,0.9912068,-0.05644001,-0.719646,-0.1257744,-0.6828544,static,37.41095,-6.076673,-8.486065,10.96336,41.54749697744237,-2.401718991092551,48.958132220820204,51.78786209710448,131.70012317568552
05/18/2023 18:40:48.009352,1750,True,True,True,True,Eyes,2.18387,0.04297836,-3.509493,-0.6062825,0.08424315,-0.7907747,0.0,0.0,0.0,0.0,0.0,0.0,0.0,4.05068,0.01285788,-0.7957692,2.170576,0.04206547,-3.51116,-0.0430108,0.9145736,-0.05046514,-0.3989471,7.274678,226.9937,357.781,0.554971,0.009493635,-0.8318152,-0.3917475,0.01007831,-0.2168379,1.825456,0.1313159,-5.371142,-0.3087001,0.4008,2.069,-0.6779827,-0.03840725,0.7340739,-0.1189389,0.9912067,-0.05799008,-0.7253916,-0.1266262,-0.6765892,static,37.47718,-6.080923,-8.486074,10.96336,41.60928948156258,-2.404180936542275,49.021712549161364,51.8482072307231,131.63805095405743
05/18/2023 18:40:48.018984,1751,True,True,True,True,Eyes,2.182494,0.04295207,-3.510072,-0.6074248,0.08399685,-0.7899238,0.0,0.0,0.0,0.0,0.0,0.0,0.0,4.049296,0.01829943,-0.7892442,2.162985,0.04245254,-3.512795,-0.04394054,0.9138656,-0.05054623,-0.4004551,7.329618,227.1786,357.6986,0.5523294,0.009584413,-0.8335707,-0.3682427,0.009473608,-0.2038276,1.788808,0.1380976,-5.366757,-0.3087001,0.4008,2.069001,-0.6754102,-0.03982851,0.7363662,-0.1207945,0.9910286,-0.05719249,-0.7274821,-0.1275773,-0.674162,static,37.55907,-6.06976,-8.486073,10.96336,41.68537764115095,-2.391857252425241,49.09462670012726,51.91855436447477,131.56559158829543
05/18/2023 18:40:48.039030,1752,True,True,True,True,Eyes,2.180884,0.04292615,-3.510731,-0.6087273,0.08391481,-0.7889293,0.0,0.0,0.0,0.0,0.0,0.0,0.0,4.053284,0.003451943,-0.7628632,2.154246,0.04232062,-3.51689,-0.04363181,0.9120197,-0.05353121,-0.4042906,7.638528,227.6745,357.901,0.5499172,0.009665466,-0.8351631,-0.3461481,0.008905191,-0.191598,1.751891,0.1464844,-5.361568,-0.3087003,0.4007999,2.069,-0.6692908,-0.03630181,0.7421132,-0.1228705,0.9904613,-0.06236316,-0.7327706,-0.1329229,-0.667367,static,37.65329,-6.071462,-8.48608,10.96336,41.77320140337938,-2.3912934009655045,49.183601175275726,52.003289652136395,131.4783866394127
05/18/2023 18:40:48.049662,1753,True,True,True,True,Eyes,2.178969,0.04290408,-3.51147,-0.6101922,0.08389697,-0.7877988,0.0,0.0,0.0,0.0,0.0,0.0,0.0,4.054852,-0.005508512,-0.7458105,2.147023,0.0422861,-3.51946,-0.04305792,0.9108061,-0.05475446,-0.4069155,7.746089,228.0141,358.0409,0.5477076,0.009737799,-0.8366129,-0.3253793,0.008370879,-0.1801021,1.716355,0.1539363,-5.356034,-0.3086999,0.4007999,2.069,-0.6651314,-0.03387395,0.7459574,-0.1229957,0.9902959,-0.06469952,-0.736527,-0.1347833,-0.6628434,static,37.75969,-6.078827,-8.486072,10.96336,41.87248277724364,-2.3957514842656176,49.285967989921964,52.1003829055189,131.3785096384629
05/18/2023 18:40:48.069281,1754,True,True,True,True,Eyes,2.176817,0.04281437,-3.512291,-0.6118721,0.08409466,-0.7864735,0.0,0.0,0.0,0.0,0.0,0.0,0.0,4.055645,0.00333865,-0.7276845,2.137835,0.04234272,-3.522168,-0.04357489,0.9094558,-0.05372775,-0.4100058,7.669461,228.3977,357.9645,0.545675,0.009802408,-0.8379394,-0.3058565,0.007868626,-0.169296,1.682044,0.1634043,-5.350482,-0.3087001,0.4008,2.069001,-0.6599928,-0.03520149,0.7504466,-0.1233162,0.9904291,-0.06199411,-0.7410818,-0.1334579,-0.658017,static,37.88272,-6.103234,-8.486073,10.96336,41.98758652025475,-2.415780782742143,49.409853218135396,52.21677616868966,131.25889206587541
05/18/2023 18:40:48.089391,1755,True,True,True,True,Eyes,2.174402,0.04269012,-3.51321,-0.613835,0.08416025,-0.7849355,0.0,0.0,0.0,0.0,0.0,0.0,0.0,4.057207,0.01503743,-0.7063246,2.12974,0.04059765,-3.524572,-0.04516035,0.9078555,-0.05410108,-0.4133183,7.791184,228.8097,357.8438,0.5437968,0.00985846,-0.8391588,-0.2875051,0.007396508,-0.1591382,1.65082,0.1743792,-5.345265,-0.3087001,0.4008,2.069001,-0.654257,-0.0372762,0.755353,-0.1267201,0.9900672,-0.06090072,-0.7455801,-0.1355631,-0.6524821,static,38.02611,-6.119834,-8.486073,10.96336,42.12151120390354,-2.428036344666656,49.55016331625078,52.349375115803795,131.122538290272
05/18/2023 18:40:48.109077,1756,True,True,True,True,Eyes,2.171788,0.04253714,-3.514235,-0.6158381,0.08427732,-0.7833523,0.0,0.0,0.0,0.0,0.0,0.0,0.0,4.061366,0.024757,-0.6718502,2.121095,0.03966881,-3.527899,-0.04685183,0.9054879,-0.05508016,-0.4181662,7.986079,229.4195,357.7556,0.5420527,0.009905987,-0.8402859,-0.2702548,0.006952718,-0.1495899,1.62014,0.1831453,-5.340017,-0.3087002,0.4007999,2.069,-0.645884,-0.03878221,0.76245,-0.1309128,0.9895422,-0.06056513,-0.7521275,-0.1389325,-0.6442065,static,38.17292,-6.140574,-8.486078,10.96336,42.25870198888003,-2.4440888016751474,49.695137112602474,52.4861160640543,130.9819549133553
05/18/2023 18:40:48.119323,1757,True,True,True,True,Eyes,2.168943,0.04238111,-3.515331,-0.6179682,0.08442337,-0.7816572,0.0,0.0,0.0,0.0,0.0,0.0,0.0,4.063885,0.03568052,-0.645649,2.113165,0.03879309,-3.530767,-0.04827563,0.9036096,-0.05528805,-0.4220217,8.086291,229.9028,357.651,0.5404244,0.00994517,-0.8413336,-0.2540395,0.006535555,-0.1406145,1.590403,0.1892219,-5.334867,-0.3087001,0.4008,2.069001,-0.6391344,-0.04057913,0.768024,-0.1339102,0.9892254,-0.0591709,-0.7573476,-0.1406644,-0.637682,static,38.32945,-6.164371,-8.486073,10.96336,42.40500822220732,-2.462780200362939,49.85029952740395,52.63234166028626,130.83164696139488
05/18/2023 18:40:48.139424,1758,True,True,True,True,Eyes,2.165862,0.04217845,-3.516496,-0.620038,0.0844199,-0.7800167,0.0,0.0,0.0,0.0,0.0,0.0,0.0,4.064816,0.04285564,-0.6273127,2.104824,0.03855459,-3.533599,-0.048737,0.9022119,-0.05461314,-0.4250363,8.046412,230.2816,357.5969,0.5388966,0.009976768,-0.8423126,-0.2387972,0.006143421,-0.1321776,1.559339,0.1867162,-5.329158,-0.3087002,0.4008,2.069002,-0.6339377,-0.04151706,0.772269,-0.1343673,0.9892842,-0.05711527,-0.7616223,-0.1399752,-0.632723,static,38.48131,-6.176983,-8.486073,10.96335,42.54674843264829,-2.4711089461089117,49.99726073716017,52.771522154958284,130.68846847677594
05/18/2023 18:40:48.149640,1759,True,True,True,True,Eyes,2.162554,0.04192913,-3.517729,-0.622282,0.08435043,-0.7782352,0.0,0.0,0.0,0.0,0.0,0.0,0.0,4.066057,0.04406929,-0.6074357,2.096294,0.03719907,-3.536652,-0.04799877,0.9007889,-0.05371018,-0.4282416,7.924796,230.6913,357.6581,0.5374535,0.01000045,-0.8432338,-0.2244693,0.005774816,-0.124247,1.527376,0.1807956,-5.322851,-0.3087002,0.4008,2.069001,-0.6286106,-0.04047167,0.7766664,-0.1324754,0.9896227,-0.05565292,-0.7663543,-0.1378732,-0.6274488,static,38.64606,-6.185958,-8.486075,10.96336,42.7004293171097,-2.4757382369801766,50.1551319161195,52.92133393659587,130.5342931067911
05/18/2023 18:40:48.179426,1760,True,True,True,True,Eyes,2.159024,0.04164434,-3.519063,-0.6246123,0.08416539,-0.7763863,0.0,0.0,0.0,0.0,0.0,0.0,0.0,4.067679,0.04767564,-0.5826201,2.087592,0.03584419,-3.539549,-0.0485559,0.8989511,-0.05429046,-0.4319512,8.022183,231.1651,357.6619,0.536083,0.01001587,-0.8441055,-0.2110012,0.005428327,-0.1167922,1.496243,0.1782956,-5.316269,-0.3086998,0.4007999,2.069,-0.622121,-0.04039711,0.7818782,-0.1342004,0.9893898,-0.05566137,-0.7713338,-0.1395565,-0.6209415,static,38.8171,-6.187078,-8.486069,10.96336,42.85982025785186,-2.4728709670347584,50.31627292471498,53.07478352550381,130.37625076483323
05/18/2023 18:40:48.189414,1761,True,True,True,True,Eyes,2.155291,0.04129578,-3.520461,-0.627097,0.08390423,-0.7744091,0.0,0.0,0.0,0.0,0.0,0.0,0.0,4.069977,0.06337155,-0.5547333,2.078716,0.03473698,-3.543189,-0.05027222,0.8968481,-0.05395904,-0.4361473,8.084785,231.692,357.5047,0.5347725,0.01002303,-0.8449364,-0.1983411,0.005102627,-0.1097846,1.467033,0.1753926,-5.310029,-0.3087001,0.4008,2.069001,-0.6144964,-0.0431049,0.7877412,-0.1372413,0.9891223,-0.05293394,-0.7768906,-0.1406383,-0.6137278,static,38.99968,-6.183655,-8.486072,10.96336,43.02987659842802,-2.4654870991668068,50.48679794179592,53.237457625328794,130.20861727836672
05/18/2023 18:40:48.199458,1762,True,True,True,True,Eyes,2.151394,0.04093649,-3.521877,-0.6295885,0.0832489,-0.7724558,0.0,0.0,0.0,0.0,0.0,0.0,0.0,4.070987,0.07415132,-0.5325642,2.070164,0.03287169,-3.54618,-0.0517755,0.8950495,-0.05447026,-0.4395894,8.223047,232.128,357.4059,0.5335116,0.0100212,-0.845733,-0.1864406,0.00479647,-0.1031975,1.437912,0.1715382,-5.303491,-0.3087004,0.4008,2.069,-0.6081612,-0.04479417,0.7925488,-0.1405723,0.9887046,-0.05198724,-0.7812679,-0.1430271,-0.6075885,static,39.18169,-6.151124,-8.486083,10.96336,43.19884317018552,-2.4308701420926404,50.64703491188586,53.392293398175646,130.0486027323848
05/18/2023 18:40:48.218985,1763,True,True,True,True,Eyes,2.14727,0.04059986,-3.523372,-0.6324276,0.08229783,-0.7702352,0.0,0.0,0.0,0.0,0.0,0.0,0.0,4.071096,0.08327715,-0.5156145,2.062648,0.03228218,-3.548388,-0.05548417,0.8933088,-0.05834038,-0.4421733,8.818169,232.4567,357.2428,0.5322927,0.01001104,-0.8465009,-0.1752542,0.004508682,-0.0970057,1.408636,0.17426,-5.296293,-0.3087001,0.4007999,2.069,-0.6028085,-0.04753587,0.7964687,-0.1507221,0.9870358,-0.05516471,-0.7835208,-0.1532992,-0.6021582,static,39.38886,-6.098782,-8.486073,10.96336,43.39087277530359,-2.377133384619761,50.8244616241299,53.56478569656442,129.8699951315563
05/18/2023 18:40:48.239131,1764,True,True,True,True,Eyes,2.142959,0.04021135,-3.524874,-0.6351227,0.08173146,-0.768075,0.0,0.0,0.0,0.0,0.0,0.0,0.0,4.072287,0.1376824,-0.4792466,2.053149,0.03253606,-3.551854,-0.06398822,0.8900117,-0.05965102,-0.4474669,9.406937,233.0939,356.4832,0.5311066,0.009993953,-0.8472459,-0.1647389,0.004238161,-0.09118535,1.383743,0.1871449,-5.290545,-0.3086997,0.4007999,2.069,-0.5913581,-0.06051682,0.8041354,-0.1672842,0.9846945,-0.048915,-0.7888675,-0.1634454,-0.5924306,static,39.58741,-6.074032,-8.486064,10.96336,43.57540011342792,-2.34942107294905,51.00325115706194,53.73663727411693,129.69237687988144
05/18/2023 18:40:48.249576,1765,True,True,True,True,Eyes,2.138446,0.03978895,-3.526402,-0.6380294,0.08099077,-0.7657409,0.0,0.0,0.0,0.0,0.0,0.0,0.0,4.06866,0.1666216,-0.4788313,2.044631,0.03085975,-3.553809,-0.06564201,0.8895245,-0.05594949,-0.4486725,9.116385,233.224,356.1339,0.5299465,0.009969379,-0.8479723,-0.1548546,0.003983871,-0.08571424,1.33413,0.2061853,-5.278196,-0.3087003,0.4008,2.069001,-0.5887685,-0.06657437,0.8055556,-0.1669863,0.9851216,-0.04063337,-0.7908651,-0.1584404,-0.5911256,static,39.80169,-6.037605,-8.486079,10.96336,43.77436003470368,-2.310418559996621,51.19317772837105,53.91981718589007,129.50281088022152
05/18/2023 18:40:48.269585,1766,True,True,True,True,Eyes,2.133813,0.03939237,-3.52794,-0.6410073,0.0796143,-0.7633945,0.0,0.0,0.0,0.0,0.0,0.0,0.0,4.068617,0.1830879,-0.4487758,2.035308,0.02966164,-3.556009,-0.06856159,0.8870237,-0.05737659,-0.4529861,9.433551,233.7709,355.9513,0.5288061,0.00993727,-0.8486843,-0.1455633,0.003744839,-0.08057138,1.312322,0.2117399,-5.27423,-0.3087,0.4007999,2.069,-0.5802061,-0.06964991,0.8114865,-0.1736131,0.9840145,-0.03967389,-0.7957512,-0.1639037,-0.5830233,static,40.01952,-5.953845,-8.486073,10.96336,43.97571928037024,-2.227029380815666,51.37104609888409,54.09460251528103,129.32099153762763
05/18/2023 18:40:48.289521,1767,True,True,True,True,Eyes,2.128985,0.03906871,-3.529548,-0.6442004,0.07842477,-0.7608255,0.0,0.0,0.0,0.0,0.0,0.0,0.0,4.070078,0.1587831,-0.4231281,2.027808,0.03009621,-3.557651,-0.07119387,0.8845368,-0.06708772,-0.4560979,10.58103,234.2046,356.2232,0.5276813,0.009899016,-0.8493845,-0.1368295,0.003520148,-0.0757371,1.290643,0.2330164,-5.268597,-0.3087002,0.4007999,2.068999,-0.5738121,-0.06475005,0.8164232,-0.1871443,0.9808614,-0.05374037,-0.7973183,-0.1836258,-0.5749477,static,40.255,-5.88518,-8.486081,10.96336,44.19381392940872,-2.157365603631405,51.57098289910869,54.289269382994384,129.11875097042855
05/18/2023 18:40:48.309274,1768,True,True,True,True,Eyes,2.124009,0.03871982,-3.531204,-0.647783,0.07736679,-0.7578862,0.0,0.0,0.0,0.0,0.0,0.0,0.0,4.071384,0.1706487,-0.3875351,2.018343,0.03149302,-3.561007,-0.07143465,0.8820541,-0.06501581,-0.4611407,10.40341,234.8507,356.1491,0.5265653,0.009856978,-0.8500774,-0.1286198,0.00330894,-0.07119287,1.266186,0.2196948,-5.263578,-0.3087002,0.4007999,2.069001,-0.5644929,-0.06605558,0.8227908,-0.1859813,0.9813401,-0.04881208,-0.8042133,-0.1805778,-0.5662446,static,40.52128,-5.828696,-8.486075,10.96336,44.44084079161922,-2.0983985754582344,51.804381945962454,54.51484157820427,128.8846533032583
05/18/2023 18:40:48.319384,1769,True,True,True,True,Eyes,2.118871,0.03843194,-3.532903,-0.6515044,0.07658165,-0.7547696,0.0,0.0,0.0,0.0,0.0,0.0,0.0,4.071858,0.1716057,-0.3608875,2.009855,0.03057111,-3.563602,-0.0682807,0.8805439,-0.06045069,-0.4651086,9.786358,235.3676,356.2754,0.5254554,0.009810979,-0.8507644,-0.1209026,0.003110403,-0.06692129,1.219589,0.2176083,-5.253911,-0.3087006,0.4008,2.069001,-0.5580238,-0.06401603,0.8273524,-0.1764806,0.9833669,-0.04294308,-0.8108419,-0.1699749,-0.5600396,static,40.80021,-5.79361,-8.486084,10.96336,44.70006519338586,-2.059171250042469,52.05703429734867,54.75721674975301,128.63342597749931
05/18/2023 18:40:48.339052,1770,True,True,True,True,Eyes,2.113531,0.03821576,-3.534706,-0.6555638,0.07599176,-0.7513064,0.0,0.0,0.0,0.0,0.0,0.0,0.0,4.074064,0.1484502,-0.3220272,2.000925,0.03171097,-3.566375,-0.06367433,0.8783019,-0.05878635,-0.4701868,9.389316,236.0535,356.713,0.5243459,0.009762832,-0.8514493,-0.1136484,0.002923779,-0.06290602,1.20228,0.2346974,-5.250741,-0.3087001,0.4008,2.069001,-0.54974,-0.05656944,0.8334182,-0.1671317,0.9849795,-0.04338667,-0.8184455,-0.163142,-0.5509373,static,41.10682,-5.775606,-8.486072,10.96336,44.98540875847051,-2.0352996128445984,52.34164613071335,55.028759810067314,128.35222846462426
05/18/2023 18:40:48.349219,1771,True,True,True,True,Eyes,2.108011,0.03808326,-3.536548,-0.6595041,0.07624036,-0.7478247,0.0,0.0,0.0,0.0,0.0,0.0,0.0,4.077018,0.109876,-0.2772956,1.990687,0.03337342,-3.570307,-0.0575002,0.87566,-0.0580768,-0.4759626,9.000725,236.8449,357.3645,0.5232331,0.009714544,-0.852134,-0.1068295,0.002748352,-0.05913166,1.182032,0.2449682,-5.245883,-0.3087,0.4008,2.069,-0.5403067,-0.04541647,0.8402417,-0.155986,0.9866416,-0.04697518,-0.826884,-0.1564469,-0.5401735,static,41.40897,-5.821165,-8.486073,10.96336,45.26781658888002,-2.071027340166949,52.64252649187227,55.31162535369041,128.0605690310964
05/18/2023 18:40:48.369196,1772,True,True,True,True,Eyes,2.102336,0.0378891,-3.538428,-0.6632291,0.07697689,-0.7444473,0.0,0.0,0.0,0.0,0.0,0.0,0.0,4.075574,0.09652263,-0.2688994,1.980869,0.03508088,-3.573073,-0.05054362,0.8754355,-0.0496891,-0.4781098,7.777704,237.1202,357.6295,0.5221131,0.009668147,-0.8528212,-0.1004197,0.002583451,-0.05558376,1.167044,0.2415906,-5.244406,-0.3087002,0.4007999,2.069,-0.5377128,-0.04098167,0.8421316,-0.136009,0.9899527,-0.03866841,-0.8320857,-0.13533,-0.5378841,static,41.69789,-5.903483,-8.486079,10.96336,45.53860264558734,-2.141465693092539,52.942621179722586,55.59139037075255,127.77301709409657
05/18/2023 18:40:48.389598,1773,True,True,True,True,Eyes,2.096465,0.03781511,-3.54039,-0.6670692,0.07745434,-0.7409585,0.0,0.0,0.0,0.0,0.0,0.0,0.0,4.072816,0.09521096,-0.2792139,1.971488,0.0332998,-3.575891,-0.04691534,0.8758858,-0.04435933,-0.4781788,7.040754,237.1223,357.7039,0.520983,0.009621947,-0.8535125,-0.09439456,0.002428444,-0.05224873,1.147324,0.2343013,-5.240945,-0.3087003,0.4007999,2.069,-0.5382876,-0.03976159,0.8418224,-0.1246084,0.9916624,-0.03283957,-0.8334979,-0.1225753,-0.5387543,static,41.99604,-5.967606,-8.48608,10.96336,45.81763970117009,-2.1946615665006046,53.24567634454046,55.87510630797711,127.48108554553419
05/18/2023 18:40:48.409488,1774,True,True,True,True,Eyes,2.090407,0.03785039,-3.54241,-0.6711673,0.07797176,-0.7371939,0.0,0.0,0.0,0.0,0.0,0.0,0.0,4.070604,0.1090985,-0.2698827,1.960595,0.03636233,-3.579008,-0.05027328,0.874449,-0.04573008,-0.4803336,7.369815,237.3961,357.4576,0.5198389,0.009578838,-0.8542103,-0.08873089,0.002282738,-0.04911381,1.123302,0.2318558,-5.234867,-0.3087006,0.4008,2.069001,-0.5335044,-0.04399145,0.8446525,-0.1318543,0.9907627,-0.03168136,-0.8354566,-0.1282732,-0.5343769,static,42.31583,-6.037631,-8.486084,10.96336,46.11695347222018,-2.2528865188683564,53.571150454750146,56.17971941225927,127.16779240788473
05/18/2023 18:40:48.419467,1775,True,True,True,True,Eyes,2.084284,0.03777311,-3.544429,-0.675397,0.07819111,-0.7332973,0.0,0.0,0.0,0.0,0.0,0.0,0.0,4.069217,0.1302001,-0.2406468,1.949898,0.03921483,-3.581864,-0.0512554,0.8721322,-0.04205612,-0.4847573,7.068151,237.9597,357.1913,0.5186793,0.009541223,-0.8549153,0.0,0.0,0.0,1.101074,0.2410813,-5.228715,-0.3087002,0.4008,2.069001,-0.5247666,-0.04862894,0.8498561,-0.130177,0.9912083,-0.02366414,-0.8412337,-0.1230499,-0.5264835,static,42.64635,-6.086421,-8.486073,10.96336,46.42585754694073,-2.290989102429326,53.90009011123163,56.48891826297536,126.84927746980766
05/18/2023 18:40:48.439052,1776,True,True,True,True,Eyes,1.929119,0.03605216,-3.594719,-0.7795211,0.04585635,-0.6246952,0.0,0.0,0.0,0.0,0.0,0.0,0.0,4.068683,0.1428116,-0.2087207,1.942268,0.0366601,-3.583908,-0.05408758,0.8694647,-0.04457948,-0.4889972,7.493744,238.5168,357.0829,0.5175039,0.009505796,-0.8556278,0.0,0.0,0.0,1.080033,0.2405117,-5.2231,-0.3087006,0.4007999,2.069,-0.5159124,-0.05045601,0.855154,-0.137653,0.9901745,-0.02462322,-0.8455092,-0.1304179,-0.5177886,static,51.2919,-4.198322,-8.486087,10.96336,54.4452588567381,-0.3257371489904344,61.670773716901685,63.93588980986916,119.02630104429564
05/18/2023 18:40:48.449721,1777,True,True,True,True,Eyes,1.928751,0.03617746,-3.594776,-0.7797515,0.04533879,-0.6244454,0.0,0.0,0.0,0.0,0.0,0.0,0.0,4.067737,0.1406885,-0.1793413,1.934045,0.03735545,-3.585597,-0.06206454,0.8661246,-0.05797958,-0.4925594,9.298383,239.0151,357.0729,0.5130978,0.009439993,-0.858278,-0.4654927,-0.005162861,-0.1508718,1.057179,0.2202498,-5.218397,-0.3086996,0.4007999,2.069,-0.5070667,-0.05039447,0.8604325,-0.164628,0.9855728,-0.03929413,-0.8460386,-0.161576,-0.5080475,static,51.31134,-4.152759,-8.486064,10.96336,54.4624979314657,-0.2826434957747841,61.678412583021114,63.94524254287062,119.01462106742743
05/18/2023 18:40:48.478118,1778,True,True,True,True,Eyes,1.92802,0.03638635,-3.594946,-0.7801676,0.04532384,-0.6239265,0.0,0.0,0.0,0.0,0.0,0.0,0.0,4.0663,0.1282606,-0.1502719,1.924913,0.04044817,-3.587046,0.06416058,-0.8634505,0.06387681,0.4962424,10.01973,239.5318,357.2409,0.5091133,0.009383658,-0.8606481,-0.4375632,-0.004853089,-0.1418194,1.038125,0.2196465,-5.214846,-0.3087002,0.4008,2.069,-0.4992539,-0.0474022,0.8651582,-0.1741957,0.9836064,-0.04663053,-0.8487647,-0.1739873,-0.4993266,static,51.34949,-4.154834,-8.486076,10.96336,54.49808467124194,-0.2837124000980306,61.715919731962124,63.98047462338699,118.97782075370287
05/18/2023 18:40:48.489221,1779,True,True,True,True,Eyes,1.926935,0.03662078,-3.595173,-0.780712,0.04580927,-0.6232097,0.0,0.0,0.0,0.0,0.0,0.0,0.0,4.064635,0.1206018,-0.1291561,1.915441,0.0430148,-3.589112,0.06165715,-0.8619451,0.0612344,0.4994991,9.62255,239.964,357.3772,0.5055025,0.009337955,-0.8627744,-0.4113094,-0.004561904,-0.1333103,1.019855,0.2244757,-5.210702,-0.3087004,0.4007999,2.068999,-0.493398,-0.0451171,0.8686327,-0.1674632,0.9848975,-0.043966,-0.8535305,-0.1671568,-0.4935019,static,51.4011,-4.203988,-8.486089,10.96336,54.54711657006013,-0.328540806397894,61.7780207814626,64.03664597915001,118.92107232642567
05/18/2023 18:40:48.509627,1780,True,True,True,True,Eyes,1.92548,0.03688585,-3.595493,-0.7814074,0.0471294,-0.6222389,0.0,0.0,0.0,0.0,0.0,0.0,0.0,4.062089,0.119918,-0.1130009,1.905694,0.04361442,-3.590841,0.05693837,-0.8610405,0.05372469,0.5024748,8.611771,240.3405,357.4458,0.5022226,0.009302506,-0.8646881,-0.3866308,-0.00428819,-0.1253117,1.000542,0.2142143,-5.206614,-0.3087,0.4008,2.069,-0.488554,-0.04406186,0.8714204,-0.1520431,0.9877434,-0.03529807,-0.8591845,-0.1497385,-0.4892653,static,51.4695,-4.331406,-8.486071,10.96336,54.61329493720751,-0.4462427659537118,61.875684731005585,64.1226092494253,118.83653508987543
05/18/2023 18:40:48.519441,1781,True,True,True,True,Eyes,1.923666,0.03713654,-3.595879,-0.7822772,0.04910012,-0.6209924,0.0,0.0,0.0,0.0,0.0,0.0,0.0,4.059477,0.1343697,-0.09114122,1.895441,0.04480837,-3.59319,0.0530271,-0.8596541,0.04389966,0.5062171,7.421257,240.8092,357.2993,0.4992342,0.009277089,-0.8664172,-0.3634329,-0.004030898,-0.117793,0.9806646,0.2111645,-5.202256,-0.3087002,0.4008,2.069001,-0.4818646,-0.0467244,0.874999,-0.1356155,0.9905219,-0.02179059,-0.8656874,-0.1291635,-0.4836339,static,51.55652,-4.520812,-8.486075,10.96336,54.69801252583609,-0.6215414611914563,62.00703828485609,64.23736341365539,118.72489765294279
05/18/2023 18:40:48.539342,1782,True,True,True,True,Eyes,1.921538,0.0373243,-3.596301,-0.7833592,0.05116827,-0.6194596,0.0,0.0,0.0,0.0,0.0,0.0,0.0,4.056243,0.1533524,-0.0662899,1.885139,0.04453334,-3.595174,0.05034772,-0.857867,0.03533434,0.5101774,6.430439,241.3172,357.0968,0.4965016,0.009260389,-0.8679862,-0.341627,-0.003789044,-0.1107254,0.965216,0.222176,-5.199355,-0.3087,0.4007999,2.068999,-0.4743685,-0.05032972,0.8788866,-0.1224369,0.9924332,-0.009251795,-0.8717706,-0.1119969,-0.4769412,static,51.66399,-4.721995,-8.486076,10.96336,54.80201078428748,-0.8073956901175876,62.16157013203882,64.37338439395539,118.59202354387118
05/18/2023 18:40:48.549686,1783,True,True,True,True,Eyes,1.921538,0.0373243,-3.596301,-0.7833592,0.05116827,-0.6194596,0.0,0.0,0.0,0.0,0.0,0.0,0.0,4.052739,0.1696544,-0.03546095,1.875582,0.04315554,-3.596535,0.05068848,-0.8553664,0.03261766,0.5145047,6.197676,241.888,356.9353,0.4939936,0.009250038,-0.8694161,-0.3211294,-0.003561702,-0.1040819,0.9415519,0.2268849,-5.195812,-0.3086997,0.4007999,2.069001,-0.4654311,-0.05315057,0.8834866,-0.1202783,0.9927335,-0.003641182,-0.8768734,-0.107959,-0.468442,static,51.66399,-4.721995,-8.486063,10.96336,54.80201078428748,-0.8073956901175876,62.16155755270965,64.37337161312783,118.59204085284259
05/18/2023 18:40:48.569649,1784,True,True,True,True,Eyes,1.918842,0.03740088,-3.596794,-0.7852587,0.05130927,-0.6170381,0.0,0.0,0.0,0.0,0.0,0.0,0.0,4.049361,0.1848448,0.00214529,1.867486,0.04152124,-3.597537,0.05526259,-0.8520165,0.03730128,0.5192519,6.947108,242.5251,356.7988,0.4917328,0.009240657,-0.8706968,-0.3018616,-0.003347999,-0.09783694,0.9329355,0.2207245,-5.192696,-0.3086997,0.4008,2.069002,-0.4546468,-0.05543175,0.888945,-0.1329068,0.9911093,-0.006172184,-0.8806996,-0.120953,-0.4579719,moving,51.84056,-4.753445,-8.486059,10.96335,54.967136512166384,-0.832791795852307,62.34034492239505,64.54035157924898,118.41900438620304
05/18/2023 18:40:48.589423,1785,True,True,True,True,Eyes,1.915917,0.0375269,-3.597317,-0.7873402,0.05105125,-0.6144015,0.0,0.0,0.0,0.0,0.0,0.0,0.0,4.046164,0.1896341,0.03924084,1.859299,0.04145473,-3.598643,0.06085475,-0.8484259,0.04588235,0.5237988,8.140835,243.153,356.8037,0.4896397,0.009234239,-0.8718757,-0.2837499,-0.003147119,-0.09196673,0.9131449,0.2056137,-5.186179,-0.3054842,0.3987609,2.068741,-0.4438632,-0.05519525,0.8943931,-0.1513277,0.9883831,-0.01410426,-0.8832245,-0.1416068,-0.4470595,moving,52.03328,-4.749855,-8.399977,10.91026,55.14663776595991,-0.8250194742489123,62.429302041919975,64.62111909083625,118.32738140223302
05/18/2023 18:40:48.609542,1786,True,True,True,True,Eyes,1.915917,0.0375269,-3.597317,-0.7873402,0.05105125,-0.6144015,0.0,0.0,0.0,0.0,0.0,0.0,0.0,4.042961,0.1914237,0.0725112,1.850962,0.04286077,-3.599936,0.06346697,-0.8453905,0.04989691,0.5280125,8.707339,243.7348,356.8326,0.4876928,0.009231728,-0.8729662,-0.2667249,-0.002958292,-0.08644872,0.8861632,0.2033945,-5.174368,-0.3023062,0.3967458,2.068481,-0.4343496,-0.05461635,0.899087,-0.1600011,0.9869645,-0.01734205,-0.8864197,-0.1513874,-0.4374263,moving,52.03328,-4.749855,-8.314845,10.85777,55.14663776595991,-0.8250194742489123,62.333732032955076,64.5278805227155,118.41794524347651
05/18/2023 18:40:48.619446,1787,True,True,True,True,Eyes,1.915917,0.0375269,-3.597317,-0.7873402,0.05105125,-0.6144015,0.0,0.0,0.0,0.0,0.0,0.0,0.0,4.039407,0.1914655,0.09756041,1.841669,0.04333235,-3.6013,0.06298801,-0.8432269,0.04921869,0.5315813,8.625276,244.22,356.8749,0.4859386,0.009229428,-0.8739439,-0.2507214,-0.002780795,-0.0812618,0.8665177,0.1992443,-5.165636,-0.2990358,0.3946718,2.068214,-0.426908,-0.0538989,0.9026875,-0.1585538,0.98722,-0.01603855,-0.8902868,-0.1499715,-0.429998,moving,52.03328,-4.749855,-8.227181,10.80371,55.14663776595991,-0.8250194742489123,62.23533195976178,64.43188848827883,118.51122970846004
05/18/2023 18:40:48.639465,1788,True,True,True,True,Eyes,1.912006,0.03762207,-3.597905,-0.7901344,0.05089852,-0.6108167,0.0,0.0,0.0,0.0,0.0,0.0,0.0,4.034994,0.2005194,0.1297779,1.832869,0.04323869,-3.602353,0.06286456,-0.8406036,0.0472205,0.5359139,8.439643,244.8023,356.8082,0.484358,0.009227326,-0.874821,-0.2356781,-0.002613947,-0.07638609,0.8448399,0.1836913,-5.157439,-0.2958792,0.3926704,2.067957,-0.4176886,-0.05507612,0.9069194,-0.1563006,0.9876366,-0.01200746,-0.8950454,-0.1467674,-0.4211329,moving,52.29403,-4.763374,-8.142508,10.75151,55.389855503787246,-0.8317043785424434,62.39620782514671,64.57965676369479,118.35050904930686
05/18/2023 18:40:48.649680,1789,True,True,True,True,Eyes,1.907913,0.03768548,-3.598492,-0.7930897,0.05057888,-0.6070012,0.0,0.0,0.0,0.0,0.0,0.0,0.0,4.029728,0.2064387,0.1671891,1.823935,0.04284348,-3.602874,0.06274995,-0.8375797,0.04614025,0.5407344,8.346222,245.4584,356.8008,0.4828539,0.009228054,-0.875652,-0.2215374,-0.00245711,-0.07180293,0.822567,0.1785823,-5.147509,-0.2925175,0.3905391,2.067683,-0.4073375,-0.05521693,0.9116071,-0.1550154,0.9878671,-0.009430145,-0.9000259,-0.1451544,-0.4109547,moving,52.57091,-4.763215,-8.052264,10.69589,55.64784012698197,-0.8252169161283289,62.56319327875857,64.73360155561565,118.18217477068588
05/18/2023 18:40:48.669418,1790,True,True,True,True,Eyes,1.903621,0.03772631,-3.59902,-0.7961566,0.04971151,-0.603045,0.0,0.0,0.0,0.0,0.0,0.0,0.0,4.024961,0.1984271,0.2084517,1.815557,0.04220269,-3.603485,0.06252503,-0.8342032,0.04843675,0.5457559,8.5724,246.1638,357.0176,0.4814152,0.009230574,-0.8764437,-0.2082452,-0.002309683,-0.06749475,0.8075888,0.1754137,-5.142051,-0.2895759,0.3886738,2.067445,-0.3964822,-0.05144788,0.9165997,-0.1571864,0.987489,-0.01256536,-0.9044856,-0.149059,-0.3996087,moving,52.85807,-4.712474,-7.973241,10.64717,55.91443251002149,-0.7711475359096198,62.7404738728156,64.90002158608242,117.99909764863828
05/18/2023 18:40:48.689277,1791,True,True,True,True,Eyes,1.899105,0.03776787,-3.599585,-0.7993032,0.04851408,-0.5989664,0.0,0.0,0.0,0.0,0.0,0.0,0.0,4.020417,0.1894723,0.230639,1.806836,0.04250322,-3.603662,0.06464607,-0.8317567,0.05447986,0.5486655,9.297808,246.5958,357.2262,0.4800329,0.009234185,-0.8772016,-0.1957505,-0.002171102,-0.06344506,0.7835358,0.1607743,-5.13294,-0.2861881,0.3865256,2.067169,-0.3895744,-0.04775715,0.9197562,-0.167322,0.9857057,-0.01968983,-0.9056686,-0.1615661,-0.3919965,moving,53.15356,-4.63064,-7.882178,10.59104,56.188189753897554,-0.6877832865577815,62.905173517184124,65.05554456654002,117.82479905641034
05/18/2023 18:40:48.709235,1792,True,True,True,True,Eyes,1.894427,0.03779973,-3.600106,-0.8026222,0.04754692,-0.5945896,0.0,0.0,0.0,0.0,0.0,0.0,0.0,4.015984,0.1849224,0.2574067,1.796997,0.04265465,-3.605212,0.06621652,-0.8289638,0.05862416,0.552266,9.807174,247.1193,357.3808,0.4786958,0.009238816,-0.877932,-0.1840054,-0.002040836,-0.05963836,0.7656966,0.1541444,-5.125589,-0.28313,0.3845859,2.06692,-0.3812354,-0.04502993,0.9233808,-0.1745345,0.9843571,-0.02405634,-0.9078533,-0.1703329,-0.3831311,moving,53.46863,-4.571982,-7.799924,10.54032,56.48063580798615,-0.6256643631544598,63.10481266108093,65.2431573119074,117.61867708106313
05/18/2023 18:40:48.725157,1793,True,True,True,True,Eyes,1.889589,0.03783014,-3.600625,-0.8059298,0.04664174,-0.5901709,0.0,0.0,0.0,0.0,0.0,0.0,0.0,4.009872,0.1900893,0.2933869,1.788687,0.04301368,-3.605554,0.06575074,-0.8260322,0.05697447,0.5568678,9.634034,247.7502,357.374,0.4773967,0.009244152,-0.878639,-0.1729651,-0.001918386,-0.05606006,0.7438375,0.1552683,-5.115838,-0.2799108,0.3825454,2.066658,-0.3711504,-0.04516994,0.9274737,-0.1720789,0.9848616,-0.02089653,-0.9124893,-0.1673544,-0.3733045,moving,53.78522,-4.518744,-7.713279,10.48695,56.77460217258738,-0.5685839578484675,63.30273478827465,65.42867604669141,117.41456646572317
05/18/2023 18:40:48.741268,1794,True,True,True,True,Eyes,1.884543,0.03783542,-3.601088,-0.8092734,0.04620281,-0.5856124,0.0,0.0,0.0,0.0,0.0,0.0,0.0,4.004872,0.1996205,0.3083439,1.780047,0.04299804,-3.606038,0.06656204,-0.8243629,0.05611505,0.5593268,9.612172,248.0838,357.2695,0.4761285,0.00925011,-0.8793268,-0.1625872,-0.001803283,-0.05269646,0.7218818,0.1475029,-5.105023,-0.2766825,0.3804979,2.066395,-0.3654461,-0.04696925,0.9296467,-0.1725159,0.9848412,-0.01805845,-0.9147062,-0.1669782,-0.3680092,moving,54.10947,-4.511096,-7.62633,10.43335,57.07658086909279,-0.5540020765886062,63.51885915133329,65.62917476693335,117.1969343358866
05/18/2023 18:40:48.749475,1795,True,True,True,True,Eyes,1.879347,0.03778132,-3.601557,-0.8126609,0.04584601,-0.5809305,0.0,0.0,0.0,0.0,0.0,0.0,0.0,3.998637,0.2203483,0.3278699,1.770478,0.04289094,-3.606761,0.0673861,-0.8223766,0.05254104,0.5624902,9.336073,248.4974,356.9952,0.474885,0.00925604,-0.8799989,-0.152832,-0.001695086,-0.04953467,0.6941874,0.1377298,-5.090352,-0.273478,0.3784662,2.066135,-0.3581274,-0.05172585,0.9322386,-0.1699411,0.9853972,-0.010609,-0.9180765,-0.1622251,-0.3616881,moving,54.44093,-4.512329,-7.539964,10.38013,57.38544805690304,-0.5475680727464032,63.74493357205667,65.83861872736819,116.97037596663286
05/18/2023 18:40:48.769062,1796,True,True,True,True,Eyes,1.873958,0.03767467,-3.601921,-0.8162029,0.04539106,-0.5759795,0.0,0.0,0.0,0.0,0.0,0.0,0.0,3.991835,0.2488787,0.3495669,1.761726,0.04138871,-3.607421,0.06979528,-0.8200506,0.05019788,0.5657967,9.282911,248.9357,356.6501,0.4736609,0.009260499,-0.8806584,-0.143662,-0.001593381,-0.04656259,0.6709467,0.131589,-5.078047,-0.2703418,0.3764777,2.06588,-0.3500054,-0.05766771,0.9349709,-0.1712749,0.9852176,-0.003349724,-0.9209567,-0.1613095,-0.3547085,moving,54.79008,-4.50598,-7.45538,10.32802,57.71065268555323,-0.5336320649621329,63.988630604284694,66.06502328429839,116.72570759351042
05/18/2023 18:40:48.789240,1797,True,True,True,True,Eyes,1.868414,0.03752644,-3.602256,-0.8198735,0.04469114,-0.5707979,0.0,0.0,0.0,0.0,0.0,0.0,0.0,3.982019,0.2787762,0.3865185,1.752188,0.04059673,-3.607184,0.07397369,-0.8162916,0.0507594,0.5706309,9.630424,249.6032,356.3457,0.472451,0.009262379,-0.881308,-0.1350423,-0.001497778,-0.04376883,0.6506334,0.1309381,-5.068245,-0.2671291,0.3744409,2.065618,-0.3378168,-0.06283841,0.9391121,-0.1786979,0.9839028,0.001554407,-0.9240926,-0.1672923,-0.343608,moving,55.15427,-4.476892,-7.368687,10.27461,58.04943466823324,-0.4980672209815537,64.23960587737017,66.29917961111754,116.47144934836744
05/18/2023 18:40:48.799004,1798,True,True,True,True,Eyes,1.862727,0.03733048,-3.602522,-0.8236319,0.04376118,-0.5654337,0.0,0.0,0.0,0.0,0.0,0.0,0.0,3.973066,0.2835618,0.4285555,1.742913,0.03950523,-3.606941,0.07557639,-0.8123441,0.05334515,0.5757947,10.00314,250.3458,356.4279,0.471251,0.009260935,-0.8819503,-0.1269398,-0.001407911,-0.0411427,0.6300543,0.1316475,-5.058239,-0.2638943,0.3723896,2.065355,-0.3254973,-0.06135636,0.9435501,-0.1842198,0.982885,0.0003637154,-0.9274235,-0.1737022,-0.3312295,moving,55.52991,-4.425528,-7.281338,10.22079,58.39845784727907,-0.4413891116245581,64.49625963011054,66.5395945730707,116.2092714099157
05/18/2023 18:40:48.819005,1799,True,True,True,True,Eyes,1.856868,0.03709835,-3.602783,-0.8275925,0.04278726,-0.5596963,0.0,0.0,0.0,0.0,0.0,0.0,0.0,3.964142,0.2886027,0.4692378,1.734031,0.0386951,-3.606873,0.07760942,-0.8083907,0.05661825,0.5807546,10.46782,251.0685,356.5186,0.4700578,0.009255347,-0.8825868,-0.1193234,-0.001323437,-0.03867414,0.6071844,0.1245942,-5.046279,-0.2606726,0.3703463,2.065094,-0.3134022,-0.05971484,0.9477413,-0.1912401,0.9815423,-0.001395292,-0.9301649,-0.1816834,-0.3190373,moving,55.92973,-4.371603,-7.194281,10.16714,58.76996200227422,-0.3817602594782512,64.77666101882814,66.80240004331807,115.92334766169765
05/18/2023 18:40:48.838966,1800,True,True,True,True,Eyes,1.850923,0.03685516,-3.602969,-0.8315328,0.04126857,-0.5539405,0.0,0.0,0.0,0.0,0.0,0.0,0.0,3.952807,0.2823433,0.5305572,1.724107,0.037605,-3.607206,0.07666944,-0.8031886,0.05794195,0.5879224,10.55784,252.1106,356.7911,0.4688671,0.009245148,-0.8832201,-0.112164,-0.00124403,-0.03635369,0.5822726,0.1198062,-5.032826,-0.2575558,0.3683699,2.06484,-0.2969383,-0.05502929,0.9533098,-0.1912908,0.9815291,-0.002925279,-0.9355403,-0.183228,-0.3019801,moving,56.32972,-4.260665,-7.110011,10.11522,59.140530323371024,-0.2687612904062186,65.04817859775619,67.059386316005,115.6405528305251
05/18/2023 18:40:48.849376,1801,True,True,True,True,Eyes,1.850923,0.03685516,-3.602969,-0.8315328,0.04126857,-0.5539405,0.0,0.0,0.0,0.0,0.0,0.0,0.0,3.944927,0.282168,0.5521073,1.71601,0.03720836,-3.605664,0.07985373,-0.8003907,0.06432536,0.5906442,11.37918,252.5485,356.9687,0.4676778,0.009230546,-0.8838506,-0.1054341,-0.001169389,-0.03417247,0.5602237,0.1109709,-5.020955,-0.2540426,0.3661423,2.064554,-0.289526,-0.05184158,0.9557654,-0.2038151,0.9789713,-0.008640558,-0.9352189,-0.1973011,-0.2940037,moving,56.32972,-4.260665,-7.014963,10.05667,59.140530323371024,-0.2687612904062186,64.94255111922163,66.95643231379258,115.74071891143299
05/18/2023 18:40:48.874457,1802,True,True,True,True,Eyes,1.844426,0.03653887,-3.603123,-0.8358246,0.03920867,-0.5475947,0.0,0.0,0.0,0.0,0.0,0.0,0.0,3.935183,0.2746719,0.5967393,1.705428,0.0366165,-3.606574,0.07920373,-0.7962327,0.06608314,0.5961319,11.51748,253.3644,357.2308,0.4666068,0.009217391,-0.8844166,-0.09910809,-0.001099225,-0.03212212,0.5416902,0.08733796,-5.011552,-0.2511353,0.3642989,2.064318,-0.2767071,-0.04734066,0.9597875,-0.2049177,0.9787196,-0.0108034,-0.9388514,-0.1996669,-0.2805196,moving,56.76899,-4.095481,-6.936255,10.00818,59.54665732812172,-0.1040868683546651,65.24777003172558,67.24756927090779,115.41953997195925
05/18/2023 18:40:48.889365,1803,True,True,True,True,Eyes,1.837789,0.03619088,-3.603289,-0.839922,0.03719966,-0.5414308,0.0,0.0,0.0,0.0,0.0,0.0,0.0,3.929885,0.2616052,0.613008,1.696575,0.03564461,-3.60674,0.07757467,-0.7945061,0.06690779,0.5985529,11.48915,253.7321,357.4751,0.4655142,0.009198373,-0.8849924,0.0,0.0,0.0,0.510928,0.06695369,-4.991823,-0.2480084,0.3623161,2.064064,-0.2714333,-0.04317139,0.9614887,-0.2033628,0.9790111,-0.0134522,-0.9407273,-0.1991824,-0.2745157,moving,57.19335,-3.9304,-6.851549,9.956003,59.93889366225098,0.0601498063361285,65.53305483646105,67.51956117637306,115.11788839268654
05/18/2023 18:40:48.909176,1804,True,True,True,True,Eyes,1.668444,0.02560325,-3.604897,-0.9234233,-0.02099578,-0.3832082,0.0,0.0,0.0,0.0,0.0,0.0,0.0,3.92678,0.2629424,0.6072235,1.686609,0.03454182,-3.607162,0.07793581,-0.7941514,0.06708024,0.5989574,11.53136,253.7914,357.4596,0.4643992,0.009173302,-0.8855782,0.0,0.0,0.0,0.4964322,0.07512559,-4.985662,-0.2448537,0.3603162,2.063807,-0.2703522,-0.04342925,0.9617816,-0.204142,0.9788525,-0.01318325,-0.9408697,-0.1999042,-0.2735007,moving,67.46221,3.13607,-6.766044,9.903345,69.3714548213853,6.909706404493602,74.536096643265,76.19632930015037,105.74390953797455
05/18/2023 18:40:48.919064,1805,True,True,True,True,Eyes,1.668052,0.02552925,-3.604868,-0.9234179,-0.02111,-0.383215,0.0,0.0,0.0,0.0,0.0,0.0,0.0,3.924399,0.2669954,0.5920024,1.676911,0.03279729,-3.606876,0.07877024,-0.7944824,0.06734496,0.5983792,11.61169,253.7066,357.3922,0.4599475,0.008896789,-0.8879013,-0.5080351,-0.03176289,-0.004826546,0.4712131,0.0607783,-4.969352,-0.2415786,0.3582394,2.063542,-0.2714754,-0.04456748,0.9614131,-0.2057588,0.9785199,-0.01273983,-0.940194,-0.2012777,-0.2748142,moving,67.46174,3.153042,-6.677216,9.848626,69.37069115207557,6.925582049123749,74.44068539361385,76.10406275718438,105.83440404412943
05/18/2023 18:40:48.939229,1806,True,True,True,True,Eyes,1.667274,0.02537851,-3.604771,-0.9235009,-0.02149673,-0.3829935,0.0,0.0,0.0,0.0,0.0,0.0,0.0,3.920804,0.2727874,0.5807457,1.66707,0.03097464,-3.606147,0.08011343,-0.7944152,0.06820601,0.5981926,11.78351,253.6832,357.3251,0.4559863,0.008650537,-0.8899446,-0.477553,-0.02985711,-0.004536953,0.4528596,0.01608855,-4.957738,-0.2384326,0.3562443,2.063284,-0.271495,-0.04568598,0.961355,-0.2088873,0.9778595,-0.01252125,-0.9394981,-0.2042143,-0.2750272,moving,67.47528,3.212538,-6.591848,9.796041,69.3821653888,6.981582423958998,74.35914175082571,76.02612634797207,105.91026952475343
05/18/2023 18:40:48.949575,1807,True,True,True,True,Eyes,1.666149,0.02515615,-3.604664,-0.9236385,-0.02209796,-0.3826273,0.0,0.0,0.0,0.0,0.0,0.0,0.0,3.915124,0.2886946,0.5790777,1.657134,0.02940007,-3.60554,0.08285199,-0.7934083,0.06915461,0.5990463,12.06376,253.8065,357.1504,0.4523983,0.008425032,-0.8917758,-0.4488998,-0.02806569,-0.004264736,0.4261203,0.02206138,-4.939968,-0.2351748,0.3541781,2.06302,-0.2685582,-0.04861729,0.9620359,-0.2143245,0.9767063,-0.01047129,-0.9391176,-0.209,-0.2727223,moving,67.49769,3.305344,-6.503382,9.741541,69.40126509034445,7.068965222176396,74.28043678501086,75.95168274105549,105.98254710474407
05/18/2023 18:40:48.979495,1808,True,True,True,True,Eyes,1.664661,0.02489663,-3.604489,-0.9238903,-0.02273521,-0.3819813,0.0,0.0,0.0,0.0,0.0,0.0,0.0,3.909108,0.3015599,0.5838943,1.647587,0.02751059,-3.605231,0.08542455,-0.7918909,0.07085943,0.6004918,12.40493,254.0259,357.0541,0.4491411,0.008216458,-0.8934228,-0.4219658,-0.02638175,-0.004008851,0.4046136,0.0411502,-4.925948,-0.2320554,0.3522004,2.062767,-0.2642246,-0.05019283,0.9631543,-0.2203949,0.9753632,-0.009632405,-0.9389418,-0.2148194,-0.2687772,moving,67.53741,3.406178,-6.418626,9.689345,69.4363396012793,7.164258797062275,74.22245919115848,75.89698193408967,106.0343292353465
05/18/2023 18:40:48.989343,1809,True,True,True,True,Eyes,1.662819,0.02461055,-3.604279,-0.924181,-0.02318526,-0.3812505,0.0,0.0,0.0,0.0,0.0,0.0,0.0,3.904373,0.3029,0.5839334,1.637646,0.02656689,-3.604756,0.0858018,-0.7910917,0.07113185,0.6014583,12.45989,254.169,357.0537,0.4461756,0.008022248,-0.8949091,-0.3966478,-0.02479884,-0.00376832,0.3801112,0.05299704,-4.908488,-0.2287192,0.3500855,2.062495,-0.2617717,-0.05018851,0.9638239,-0.2213199,0.9751567,-0.009331216,-0.939411,-0.2157561,-0.2663761,moving,67.58248,3.480083,-6.327929,9.6335,69.47691590684639,7.234468334228334,74.1661182705632,75.84279704945229,106.08492892525369
05/18/2023 18:40:49.009003,1810,True,True,True,True,Eyes,1.660618,0.02430434,-3.604016,-0.9246378,-0.02322233,-0.380139,0.0,0.0,0.0,0.0,0.0,0.0,0.0,3.899268,0.2936592,0.5876517,1.627342,0.02559972,-3.603744,0.08381831,-0.7903782,0.06992356,0.6028164,12.21532,254.3626,357.1736,0.4434665,0.007840322,-0.8962563,-0.372849,-0.02331091,-0.003542221,0.353016,0.06439146,-4.890111,-0.2255183,0.3480556,2.062234,-0.2591739,-0.04819418,0.9646275,-0.2167984,0.9761704,-0.009478015,-0.941184,-0.2115862,-0.2634463,moving,67.65136,3.4958,-6.240857,9.579869,69.54079437282716,7.250756887844568,74.14226614267903,75.81743498710377,106.10446952323205
05/18/2023 18:40:49.019517,1811,True,True,True,True,Eyes,1.65808,0.02398016,-3.603684,-0.9251069,-0.02283036,-0.3790198,0.0,0.0,0.0,0.0,0.0,0.0,0.0,3.893872,0.2707915,0.597332,1.61659,0.02478042,-3.602554,0.07886665,-0.7896209,0.06695076,0.6048111,11.60306,254.6417,357.451,0.4409822,0.007669004,-0.8974827,-0.350478,-0.02191225,-0.003329688,0.3376173,0.1077056,-4.882792,-0.2223343,0.3460368,2.061975,-0.2559672,-0.04356437,0.9657032,-0.2055346,0.9785953,-0.01033262,-0.9445826,-0.2011303,-0.2594424,moving,67.7209,3.447062,-6.154191,9.526502,69.6065248715908,7.206728345264377,74.12481811763102,75.79622298759429,106.11887579792567
05/18/2023 18:40:49.040285,1812,True,True,True,True,Eyes,1.65524,0.02364119,-3.603289,-0.9256005,-0.02223114,-0.3778485,0.0,0.0,0.0,0.0,0.0,0.0,0.0,3.88954,0.23859,0.5989556,1.606058,0.02389659,-3.600584,0.07287993,-0.7895843,0.06438623,0.6058873,10.95225,254.7942,357.8362,0.4386947,0.007506829,-0.8986045,-0.3294494,-0.02059752,-0.003129907,0.3281401,0.1304302,-4.882407,-0.2191234,0.3440008,2.061712,-0.2551779,-0.03706811,0.9661832,-0.1931113,0.9810858,-0.01336267,-0.9474133,-0.1899908,-0.2575098,moving,67.79374,3.367179,-6.066748,9.472653,69.67592795892003,7.133622506056062,74.11240449724203,75.77878347578273,106.12889579321502
05/18/2023 18:40:49.059242,1813,True,True,True,True,Eyes,1.652126,0.02328031,-3.602801,-0.9271603,-0.02280804,-0.3739702,0.0,0.0,0.0,0.0,0.0,0.0,0.0,3.884047,0.2215019,0.6029468,1.595991,0.02313299,-3.598709,0.06969378,-0.7889695,0.0630608,0.6072015,10.61114,254.9839,358.0532,0.4365786,0.007352522,-0.8996357,-0.3096824,-0.01936167,-0.002942112,0.3084565,0.1202605,-4.873837,-0.2159481,0.3419866,2.061455,-0.2528986,-0.0333913,0.9669166,-0.1865537,0.9823322,-0.01486973,-0.9493368,-0.1841424,-0.2546597,moving,68.03331,3.490085,-5.980219,9.419341,69.896792503303,7.254151448975329,74.25064681029639,75.90789761588871,105.98458822351051
05/18/2023 18:40:49.077931,1814,True,True,True,True,Eyes,1.648863,0.02290441,-3.602706,-0.9300796,-0.0367877,-0.3655115,0.0,0.0,0.0,0.0,0.0,0.0,0.0,3.873905,0.225082,0.6339602,1.586103,0.02223854,-3.597705,0.06734886,-0.7862012,0.05846711,0.611501,10.03802,255.5752,357.9983,0.4346123,0.007204767,-0.9005885,-0.2911015,-0.01819997,-0.002765585,0.2833539,0.1329265,-4.855935,-0.212788,0.3399833,2.061199,-0.2430616,-0.03439413,0.969401,-0.1774049,0.9840915,-0.009566032,-0.9536503,-0.1743016,-0.2452965,moving,68.54569,5.747304,-5.894053,9.366284,70.33088916760221,9.378719826610098,74.52766167099601,76.22494318203252,105.6933823225934
05/18/2023 18:40:49.089724,1815,True,True,True,True,Eyes,1.645346,0.02268885,-3.602588,-0.9326521,-0.05025305,-0.35726,0.0,0.0,0.0,0.0,0.0,0.0,0.0,3.866921,0.228036,0.6413946,1.576556,0.02135082,-3.595898,0.06643702,-0.7850831,0.05613774,0.6132531,9.766365,255.8128,357.9377,0.4327745,0.007062515,-0.9014741,-0.2736354,-0.01710797,-0.00259965,0.2613075,0.1130361,-4.838522,-0.2095137,0.3379074,2.060931,-0.2390137,-0.03546388,0.9703684,-0.1731704,0.9848694,-0.006660142,-0.9554499,-0.169631,-0.2415385,moving,69.04025,8.006831,-5.80473,9.311289,70.74833744537925,11.505040621048188,74.85634670403148,76.58449374038871,105.41363529606562
05/18/2023 18:40:49.109315,1816,True,True,True,True,Eyes,1.641553,0.02267876,-3.602639,-0.9343015,-0.04993919,-0.3529685,0.0,0.0,0.0,0.0,0.0,0.0,0.0,3.859554,0.2659529,0.6435418,1.566956,0.02494624,-3.595144,0.07051776,-0.7839022,0.05238811,0.6146383,9.719226,255.97,357.3158,0.4310473,0.006929254,-0.9023023,-0.2572172,-0.01608149,-0.002443671,0.2399772,0.04586909,-4.823287,-0.2063723,0.3359157,2.060676,-0.2344941,-0.04615856,0.9710211,-0.1749575,0.9845655,0.004551527,-0.9562439,-0.1688201,-0.2389506,moving,69.304,8.052952,-5.71898,9.258487,70.99320583093879,11.554249587848538,75.03266517135471,76.74653074126707,105.23478479515913
05/18/2023 18:40:49.129554,1817,True,True,True,True,Eyes,1.637502,0.02268258,-3.602642,-0.9359086,-0.04870851,-0.3488589,0.0,0.0,0.0,0.0,0.0,0.0,0.0,3.84729,0.3215822,0.6618676,1.556206,0.02767846,-3.59452,0.07436395,-0.7814564,0.0439511,0.6179518,9.24163,256.381,356.4041,0.4294123,0.006809279,-0.9030825,-0.2417842,-0.0151166,-0.002297051,0.2193935,0.02003843,-4.80726,-0.2032231,0.3339182,2.060421,-0.2252116,-0.06190505,0.9723413,-0.1705437,0.9850765,0.02321493,-0.9592679,-0.1605984,-0.2324081,moving,69.55711,7.94839,-5.63297,9.205496,71.23105223054078,11.462170247563831,75.20058806885513,76.89714228836262,105.05867650305696
05/18/2023 18:40:49.139106,1818,True,True,True,True,Eyes,1.633221,0.02261802,-3.602574,-0.9375042,-0.0468297,-0.3448084,0.0,0.0,0.0,0.0,0.0,0.0,0.0,3.842076,0.3477887,0.6482854,1.546037,0.02774998,-3.593296,0.07170426,-0.7824276,0.03141547,0.6178016,7.91817,256.2947,355.7507,0.4278553,0.006701624,-0.9038221,-0.2272771,-0.01420961,-0.002159228,0.2001441,0.03454921,-4.794147,-0.2000272,0.3318919,2.06016,-0.2263598,-0.07338972,0.9712753,-0.1510238,0.9877431,0.03943734,-0.9622647,-0.1377587,-0.2346689,moving,69.80678,7.734229,-5.54564,9.151721,71.46779685377456,11.26742353664876,75.36575139562045,77.04249251714215,104.88167939185435
05/18/2023 18:40:49.149432,1819,True,True,True,True,Eyes,1.628693,0.02263643,-3.602346,-0.9390726,-0.04530697,-0.3407198,0.0,0.0,0.0,0.0,0.0,0.0,0.0,3.838306,0.3182281,0.6538091,1.536729,0.02519082,-3.59154,0.06422026,-0.782169,0.02606585,0.6191995,6.909769,256.4955,356.0618,0.4263642,0.006603348,-0.9045272,-0.2136405,-0.01335703,-0.002029674,0.1817882,0.06949797,-4.78161,-0.1965801,0.3297062,2.059879,-0.2249356,-0.06818225,0.9719852,-0.1327421,0.9903927,0.0387545,-0.9652894,-0.1203061,-0.2318252,moving,70.05792,7.57443,-5.451387,9.093679,71.70486782023043,11.123595271996289,75.52458911602399,77.18295289735711,104.71321016497758
05/18/2023 18:40:49.179461,1820,True,True,True,True,Eyes,1.623894,0.02272254,-3.60207,-0.9406527,-0.04346297,-0.3365759,0.0,0.0,0.0,0.0,0.0,0.0,0.0,3.834784,0.2614963,0.6670942,1.526839,0.02726917,-3.589844,0.05899474,-0.7807645,0.03108364,0.6212571,6.998295,256.8298,356.9102,0.4249288,0.006515644,-0.905203,-0.2008221,-0.01255561,-0.001907894,0.1612902,0.1125729,-4.765897,-0.1936586,0.3278539,2.059641,-0.2211185,-0.05350011,0.9737784,-0.1307438,0.9911069,0.02476379,-0.9664432,-0.1218398,-0.2261469,moving,70.31223,7.358043,-5.371466,9.044467,71.94597856579672,10.926871168599876,75.702482562517,77.34035608683871,104.52480179825525
05/18/2023 18:40:49.198968,1821,True,True,True,True,Eyes,1.618931,0.02282011,-3.601764,-0.942177,-0.04140667,-0.3325477,0.0,0.0,0.0,0.0,0.0,0.0,0.0,3.830118,0.2306286,0.67764,1.51581,0.02883919,-3.589384,0.05141061,-0.7798269,0.0248983,0.6233838,5.907905,257.1306,357.1683,0.4235387,0.006439231,-0.9058548,-0.1887728,-0.01180227,-0.00179342,0.1402806,0.1468227,-4.747768,-0.1904415,0.3258139,2.05938,-0.2174996,-0.04914036,0.9748228,-0.1112251,0.9934741,0.02526435,-0.9697026,-0.1029298,-0.2215458,moving,70.55917,7.097569,-5.283409,8.990233,72.1810683370921,10.68871132057501,75.86619119468261,77.48309543193483,104.3499379689465
05/18/2023 18:40:49.199097,1822,True,True,True,True,Eyes,1.613741,0.02303967,-3.601354,-0.9436266,-0.03998924,-0.3285874,0.0,0.0,0.0,0.0,0.0,0.0,0.0,3.826536,0.2262667,0.6741214,1.506957,0.02915088,-3.588349,0.04934365,-0.779641,0.02197494,0.6238927,5.499406,257.1988,357.1484,0.4221855,0.006373241,-0.9064868,-0.1774464,-0.01109413,-0.001685815,0.1181734,0.1521856,-4.727646,-0.1871626,0.3237346,2.059114,-0.2166459,-0.04952065,0.9749933,-0.1043607,0.9941646,0.02730516,-0.970656,-0.09583542,-0.2205497,moving,70.80099,6.938802,-5.193614,8.934923,72.40943542728694,10.54563568176438,76.02081515061158,77.6197634353335,104.1874481355042
05/18/2023 18:40:49.219234,1823,True,True,True,True,Eyes,1.608296,0.02325387,-3.600881,-0.9450697,-0.03804507,-0.3246471,0.0,0.0,0.0,0.0,0.0,0.0,0.0,3.819537,0.2359955,0.6798439,1.496539,0.03237728,-3.58693,0.05183053,-0.7781894,0.02294056,0.6254668,5.77031,257.43,357.0058,0.4208618,0.006319781,-0.9071025,-0.1667996,-0.01042849,-0.001584666,0.09513316,0.121533,-4.705942,-0.1839518,0.3216994,2.058851,-0.2122099,-0.05197082,0.9758412,-0.109365,0.9935746,0.02913234,-0.9710851,-0.1005407,-0.2165301,moving,71.04156,6.683949,-5.105639,8.880766,72.63848195989553,10.312591463709223,76.17888106606115,77.75730491719342,104.01994949895658
05/18/2023 18:40:49.239131,1824,True,True,True,True,Eyes,1.602692,0.02336819,-3.600327,-0.9463795,-0.03627659,-0.3210139,0.0,0.0,0.0,0.0,0.0,0.0,0.0,3.813165,0.2252818,0.6836748,1.485071,0.03234484,-3.584955,0.04723327,-0.7774191,0.01722313,0.6269706,4.933928,257.6422,357.0172,0.4195598,0.006277486,-0.9077058,-0.1567916,-0.009802777,-0.001489586,0.07298095,0.07593967,-4.685216,-0.1808451,0.319729,2.058599,-0.2093541,-0.0518433,0.9764647,-0.09503689,0.9949448,0.03244856,-0.9732108,-0.08600692,-0.2132228,moving,71.26295,6.447431,-5.020468,8.828296,72.84930530106901,10.096270378160142,76.32056328350144,77.88009600009202,103.87022396637757
05/18/2023 18:40:49.249355,1825,True,True,True,True,Eyes,1.596932,0.02350265,-3.599756,-0.9477092,-0.035427,-0.3171629,0.0,0.0,0.0,0.0,0.0,0.0,0.0,3.806705,0.2291352,0.6859045,1.475691,0.0300668,-3.582653,0.04727616,-0.7765098,0.01672859,0.6281065,4.89723,257.8087,356.985,0.4182745,0.006242739,-0.908299,-0.1473841,-0.009214611,-0.001400211,0.05272858,0.05449296,-4.665505,-0.1776122,0.317679,2.058336,-0.2064946,-0.05240614,0.9770433,-0.09443548,0.9949702,0.0334091,-0.9738799,-0.08536875,-0.210405,moving,71.49653,6.373502,-4.931792,8.773677,73.06836635873185,10.03241752953574,76.46600057389108,78.01031426489668,103.71982631229626
05/18/2023 18:40:49.269308,1826,True,True,True,True,Eyes,1.590992,0.02371028,-3.599217,-0.9490053,-0.03469585,-0.313345,0.0,0.0,0.0,0.0,0.0,0.0,0.0,3.794805,0.2779318,0.7079711,1.466112,0.03083551,-3.5817,0.05743498,-0.7730417,0.02208654,0.6313637,6.123527,258.2909,356.4879,0.4170012,0.006215318,-0.9088843,-0.1385411,-0.008661734,-0.001316198,0.03383626,0.05578593,-4.648898,-0.1745469,0.3157352,2.058087,-0.1961622,-0.06091,0.9786778,-0.1166885,0.9924268,0.0383771,-0.9736036,-0.1066723,-0.2017842,moving,71.72768,6.318469,-4.847669,8.721859,73.28480055678243,9.986196388548588,76.61305605419942,78.14269862292711,103.56835017348749
05/18/2023 18:40:49.289148,1827,True,True,True,True,Eyes,1.584893,0.02391582,-3.598667,-0.9502994,-0.03362267,-0.3095168,0.0,0.0,0.0,0.0,0.0,0.0,0.0,3.786838,0.3037824,0.7161283,1.455742,0.03275124,-3.581202,0.06027663,-0.7713265,0.01969502,0.6332725,6.126599,258.5631,356.076,0.4157344,0.006196357,-0.9094647,-0.1302286,-0.00814203,-0.001237226,0.01352442,0.06039094,-4.628007,-0.1712105,0.3136204,2.057816,-0.190665,-0.06804129,0.9792941,-0.1179306,0.9919577,0.04596048,-0.9745455,-0.1067257,-0.1971557,moving,71.95934,6.199705,-4.756063,8.665455,73.50293312702452,9.880332407527682,76.7550192529121,78.268425319058,103.42092339019531
05/18/2023 18:40:49.299415,1828,True,True,True,True,Eyes,1.578654,0.02411601,-3.5981,-0.9515897,-0.03284042,-0.3056117,0.0,0.0,0.0,0.0,0.0,0.0,0.0,3.781199,0.3020356,0.7226911,1.445892,0.03282646,-3.580404,0.05787242,-0.7702615,0.01559747,0.6349053,5.596107,258.8003,356.0044,0.4144695,0.006184969,-0.9100419,-0.1224149,-0.007653508,-0.001162993,-0.007784143,0.0612628,-4.604527,-0.1680033,0.3115863,2.057555,-0.1870923,-0.06934796,0.9798917,-0.1089596,0.992815,0.04945876,-0.976281,-0.09751528,-0.1933041,moving,72.19511,6.133354,-4.667954,8.611172,73.72388931223757,9.823622976146495,76.9029920712401,78.40121896539597,103.26844808797188
05/18/2023 18:40:49.319280,1829,True,True,True,True,Eyes,1.572272,0.02439682,-3.597531,-0.952861,-0.03222575,-0.3016911,0.0,0.0,0.0,0.0,0.0,0.0,0.0,3.77414,0.3025835,0.7358828,1.436325,0.03294492,-3.579538,0.05939556,-0.7682039,0.01818934,0.6371846,5.948708,259.1438,356.0753,0.4132032,0.006180282,-0.9106176,-0.11507,-0.007194297,-0.001093213,-0.0285443,0.04973529,-4.580586,-0.1648451,0.3095837,2.057298,-0.1809362,-0.06807587,0.9811361,-0.1144357,0.9922826,0.04774563,-0.9768147,-0.1036381,-0.18733,moving,72.43137,6.097046,-4.581151,8.5577,73.94472545656943,9.79504609435967,77.05182158056458,78.5356243919257,103.11560301172607
05/18/2023 18:40:49.339481,1830,True,True,True,True,Eyes,1.565738,0.0247339,-3.596961,-0.9541229,-0.0309229,-0.2978141,0.0,0.0,0.0,0.0,0.0,0.0,0.0,3.76896,0.2950927,0.7435803,1.426518,0.03519583,-3.578946,0.05967796,-0.7667154,0.02003912,0.6388933,6.141502,259.404,356.1992,0.4119323,0.006183696,-0.9111933,-0.1081658,-0.00676264,-0.00102762,-0.04464238,0.02104609,-4.564762,-0.1616646,0.3075666,2.05704,-0.1765081,-0.0659063,0.9820905,-0.1171178,0.992074,0.04552709,-0.9773069,-0.1069843,-0.1828278,moving,72.66509,5.927945,-4.49369,8.503811,74.16574357077374,9.642112024833631,77.20176433695254,78.66766946400602,102.9602632951637
05/18/2023 18:40:49.349686,1831,True,True,True,True,Eyes,1.559069,0.02512351,-3.596394,-0.9553766,-0.0294973,-0.2939141,0.0,0.0,0.0,0.0,0.0,0.0,0.0,3.764497,0.2778554,0.7509584,1.416378,0.03666077,-3.578423,0.05615874,-0.7656091,0.01773849,0.6406046,5.688072,259.659,356.3548,0.4106543,0.006195855,-0.9117698,-0.1016759,-0.006356881,-0.0009659631,-0.06317753,0.0001913309,-4.546872,-0.1584338,0.3055184,2.056778,-0.1729441,-0.06326458,0.9828978,-0.108718,0.993063,0.04478959,-0.9789131,-0.09911259,-0.1786224,moving,72.8999,5.73103,-4.404801,8.449063,74.38831113731484,9.46316800118598,77.35246925656925,78.79963787503661,102.8043086694623
05/18/2023 18:40:49.369631,1832,True,True,True,True,Eyes,1.552234,0.02559788,-3.595809,-0.9566523,-0.02715582,-0.2899638,0.0,0.0,0.0,0.0,0.0,0.0,0.0,3.759632,0.2627361,0.7599053,1.406529,0.03828406,-3.577922,0.05370152,-0.7642592,0.01681085,0.6424496,5.433865,259.9366,356.5168,0.4093659,0.006217253,-0.9123487,0.0,0.0,0.0,-0.08246347,0.004781127,-4.523619,-0.1552753,0.3035161,2.056521,-0.1687495,-0.06048352,0.9838016,-0.103684,0.9936671,0.04330534,-0.9801905,-0.09469673,-0.173952,moving,73.13781,5.350286,-4.317862,8.395516,74.6172953596194,9.112224369256705,77.51551167814404,78.9384110447787,102.63592234266072
05/18/2023 18:40:49.389492,1833,True,True,True,True,Eyes,1.54525,0.02610188,-3.595221,-0.9579283,-0.02431296,-0.2859759,0.0,0.0,0.0,0.0,0.0,0.0,0.0,3.753857,0.2446012,0.7730584,1.395837,0.04079805,-3.577551,0.04991202,-0.7625836,0.01404561,0.6448084,4.921413,260.2894,356.662,0.4080654,0.006249146,-0.912931,0.0,0.0,0.0,-0.09725929,0.003720716,-4.509602,-0.1520965,0.3015001,2.056262,-0.1634619,-0.0580107,0.9848425,-0.09423761,0.9946231,0.04294545,-0.9820384,-0.08578926,-0.1680498,moving,73.37775,4.859459,-4.23032,8.341573,74.85028386087092,8.65828555031585,77.68614836014137,79.08123806466058,102.46214992575935
05/18/2023 18:40:49.399404,1834,True,True,True,True,Eyes,1.538145,0.0265921,-3.59462,-0.9591958,-0.02100661,-0.2819613,0.0,0.0,0.0,0.0,0.0,0.0,0.0,3.748554,0.2233155,0.783453,1.385361,0.04189657,-3.576917,0.04421465,-0.7612597,0.00898489,0.6468757,4.064673,260.5984,356.7993,0.4067498,0.006291282,-0.9135176,0.0,0.0,0.0,-0.1146635,0.01212759,-4.492335,-0.1488542,0.299444,2.055996,-0.159194,-0.05569344,0.9856753,-0.07894187,0.9959287,0.04352309,-0.9840862,-0.07088242,-0.1629424,moving,73.61899,4.260765,-4.140991,8.286537,75.08655392002764,8.10340908837995,77.86412193890293,79.22775656224914,102.28525356812345
05/18/2023 18:40:49.419422,1835,True,True,True,True,Eyes,1.357914,0.03925985,-3.580174,-0.9825732,0.05516016,-0.1775036,0.0,0.0,0.0,0.0,0.0,0.0,0.0,3.742954,0.2124485,0.7934084,1.375453,0.04197016,-3.57641,0.041697,-0.7597314,0.007234052,0.6488584,3.732754,260.8978,356.8997,0.4054178,0.00634232,-0.9141092,0.0,0.0,0.0,-0.1314705,0.01122595,-4.47383,-0.1456981,0.2974424,2.05574,-0.1544881,-0.05396929,0.9865194,-0.07274479,0.9964181,0.04311902,-0.9853129,-0.06510277,-0.1578608,moving,79.75986,-17.2629,-4.05399,8.232918,81.2215121407367,-11.902934599116438,87.60592552625435,87.62056736433595,95.65925786041632
05/18/2023 18:40:49.439523,1836,True,True,True,True,Eyes,1.357509,0.03932429,-3.580096,-0.9825864,0.05536062,-0.1773677,0.0,0.0,0.0,0.0,0.0,0.0,0.0,3.736605,0.2184631,0.8051009,1.365745,0.04289816,-3.576456,0.04320399,-0.7577897,0.008077266,0.6510168,3.927538,261.2234,356.8419,0.4000373,0.006766318,-0.9164736,-0.5406944,0.03800325,0.04333663,-0.1519183,-0.003658772,-4.446823,-0.1424946,0.2954116,2.05548,-0.1486207,-0.05496219,0.9873657,-0.07599594,0.9961364,0.04401131,-0.9859698,-0.06849478,-0.1522235,moving,79.76767,-17.33437,-3.965641,8.17849,81.23016094519069,-11.969654302986864,87.53384143519763,87.54583021445477,95.74083144281516
05/18/2023 18:40:49.459378,1837,True,True,True,True,Eyes,1.356712,0.03942268,-3.580018,-0.9826176,0.05579985,-0.1770566,0.0,0.0,0.0,0.0,0.0,0.0,0.0,3.731797,0.2200708,0.8106894,1.355882,0.04449647,-3.576529,0.04300033,-0.7564825,0.006736239,0.6525642,3.802225,261.4567,356.7674,0.395446,0.007125014,-0.9184614,-0.5082527,0.03572306,0.04073643,-0.1718697,-0.02066484,-4.418897,-0.1391732,0.2933052,2.05521,-0.1446222,-0.05626633,0.9878859,-0.07384963,0.9962112,0.04592925,-0.9867273,-0.06631263,-0.1482296,moving,79.78555,-17.49238,-3.874,8.12201,81.2498535819732,-12.117148036139415,87.4929556094352,87.49682260892128,95.8138642359351
05/18/2023 18:40:49.475998,1838,True,True,True,True,Eyes,1.355549,0.03954136,-3.579937,-0.9826841,0.05637749,-0.1765033,0.0,0.0,0.0,0.0,0.0,0.0,0.0,3.726627,0.2217409,0.8167262,1.345673,0.04535814,-3.57646,0.04176558,-0.7551681,0.003675313,0.654189,3.45107,261.7028,356.6533,0.3913708,0.007442912,-0.9202027,-0.4777575,0.03357968,0.03829225,-0.190479,-0.04051496,-4.391929,-0.1361541,0.2913907,2.054965,-0.1405849,-0.05827137,0.9883523,-0.06788877,0.9964843,0.0490942,-0.9877383,-0.06019612,-0.1440466,moving,79.81748,-17.71417,-3.790657,8.070643,81.28386165793347,-12.324020502952528,87.49386923696848,87.48494741541388,95.86336570915091
05/18/2023 18:40:49.489524,1839,True,True,True,True,Eyes,1.354039,0.03963896,-3.579843,-0.9827672,0.05703164,-0.1758295,0.0,0.0,0.0,0.0,0.0,0.0,0.0,3.721366,0.2258025,0.8227034,1.335769,0.04588541,-3.576312,0.04116791,-0.7538322,0.001229121,0.6557748,3.201455,261.9444,356.5286,0.387671,0.007732139,-0.9217651,-0.4490921,0.0315649,0.03599471,-0.2140261,-0.04754587,-4.355272,-0.1329468,0.2893572,2.054704,-0.1365291,-0.06045534,0.9887896,-0.06367945,0.9966074,0.05214065,-0.9885872,-0.05584686,-0.1399157,moving,79.85638,-17.97087,-3.702083,8.016061,81.32503416829381,-12.563410424680246,87.50621304639535,87.48214273821827,95.91079445312894
05/18/2023 18:40:49.499409,1840,True,True,True,True,Eyes,1.352186,0.03974225,-3.579741,-0.9828898,0.05758833,-0.1749606,0.0,0.0,0.0,0.0,0.0,0.0,0.0,3.716925,0.2195061,0.827024,1.325948,0.04545647,-3.575959,0.03987792,-0.7526722,0.0006072841,0.6571863,3.056955,262.1601,356.5994,0.3843026,0.007995049,-0.9231722,-0.4221465,0.029671,0.03383503,-0.2263393,-0.08011205,-4.336186,-0.1297647,0.287339,2.054445,-0.1330316,-0.0592318,0.9893402,-0.0608282,0.9968187,0.05150028,-0.9892434,-0.05332862,-0.1362113,moving,79.90672,-18.21897,-3.614167,7.96186,81.37670103693011,-12.79448853941032,87.52813504671323,87.48870586744525,95.94714841428413
05/18/2023 18:40:49.519497,1841,True,True,True,True,Eyes,1.349992,0.03989052,-3.579622,-0.9830195,0.058232,-0.1740164,0.0,0.0,0.0,0.0,0.0,0.0,0.0,3.713766,0.2058864,0.8256726,1.315858,0.04564284,-3.575278,0.03841501,-0.7519949,0.00147817,0.6580471,3.02553,262.2916,356.795,0.3812257,0.008234497,-0.9244451,-0.3968177,0.02789074,0.03180493,-0.2465931,-0.08833808,-4.307321,-0.1265143,0.2852787,2.05418,-0.130997,-0.05583037,0.9898095,-0.0597212,0.9970442,0.04833462,-0.9895824,-0.05278093,-0.133944,moving,79.96136,-18.50206,-3.52432,7.906503,81.43304605722493,-13.058220116433157,87.5629542945381,87.50584930580368,95.98055248216893
05/18/2023 18:40:49.539502,1842,True,True,True,True,Eyes,1.347468,0.04008181,-3.57949,-0.9831793,0.05903134,-0.1728404,0.0,0.0,0.0,0.0,0.0,0.0,0.0,3.709783,0.2029669,0.825737,1.305477,0.04684807,-3.574781,0.03759612,-0.7511359,0.0003307757,0.6590762,2.869101,262.4494,356.7832,0.3784043,0.008454051,-0.9256017,-0.3730087,0.0262173,0.02989663,-0.2597364,-0.09086178,-4.292902,-0.1232686,0.2832203,2.053916,-0.1284104,-0.05604357,0.9901364,-0.0569156,0.9971728,0.0490605,-0.9900867,-0.05005432,-0.1312371,moving,80.02943,-18.85692,-3.434566,7.851164,81.5032821708943,-13.388823549108466,87.63310093360313,87.55327020156457,95.99941063313648
05/18/2023 18:40:49.549626,1843,True,True,True,True,Eyes,1.344628,0.04026009,-3.579365,-0.9833515,0.0600594,-0.1715015,0.0,0.0,0.0,0.0,0.0,0.0,0.0,3.704792,0.2174952,0.825635,1.295081,0.04795536,-3.574202,0.03742399,-0.7502579,-0.004380915,0.6600708,2.454805,262.606,356.4456,0.3758057,0.008656873,-0.9266578,-0.3506281,0.02464426,0.02810284,-0.2705555,-0.09553082,-4.288028,-0.1200724,0.2811938,2.053657,-0.1258121,-0.0619387,0.9901187,-0.05037184,0.9971605,0.05597859,-0.9907746,-0.04283133,-0.1285748,moving,80.10683,-19.30013,-3.346139,7.796654,81.58390734805323,-13.801912177243429,87.74185852862713,87.63338880583834,96.00587637864732
05/18/2023 18:40:49.579079,1844,True,True,True,True,Eyes,1.341486,0.04045102,-3.579244,-0.9835714,0.06106669,-0.1698773,0.0,0.0,0.0,0.0,0.0,0.0,0.0,3.698609,0.2379071,0.8317304,1.28468,0.04776,-3.57427,0.03788425,-0.7487718,-0.009156213,0.661681,2.087332,262.8613,356.0494,0.373401,0.008844343,-0.9276276,-0.3295904,0.0231656,0.02641666,-0.2793896,-0.1021087,-4.287128,-0.1169035,0.2791843,2.053399,-0.1214862,-0.06885031,0.9902024,-0.04461634,0.9969619,0.06384641,-0.99159,-0.03642276,-0.1241889,moving,80.20084,-19.77225,-3.258431,7.742575,81.68056403816803,-14.241681354629236,87.87784425344118,87.73790746057253,95.99545444722364
05/18/2023 18:40:49.589205,1845,True,True,True,True,Eyes,1.338039,0.0406335,-3.579086,-0.9837822,0.0623594,-0.1681782,0.0,0.0,0.0,0.0,0.0,0.0,0.0,3.692741,0.2721334,0.8291397,1.274315,0.04814357,-3.573747,0.0406934,-0.7479425,-0.01363485,0.6623747,1.920478,262.98,355.4701,0.3711642,0.009018359,-0.9285232,-0.309815,0.02177567,0.02483167,-0.2888734,-0.1120841,-4.283608,-0.1137151,0.277163,2.053139,-0.1192077,-0.07893541,0.9897266,-0.04280988,0.9963163,0.07430472,-0.991946,-0.03351238,-0.1221478,moving,80.29903,-20.34445,-3.170143,7.688151,81.78303632176016,-14.775033330008934,88.05072151963964,87.87284749636316,95.97930107088736
05/18/2023 18:40:49.599159,1846,True,True,True,True,Eyes,1.334294,0.0407485,-3.578893,-0.9840488,0.06373768,-0.1660886,0.0,0.0,0.0,0.0,0.0,0.0,0.0,3.686582,0.2949086,0.8277788,1.263553,0.04804246,-3.572702,0.04100993,-0.7470929,-0.01938546,0.6631703,1.457054,263.1254,355.008,0.3690723,0.009180074,-0.929355,-0.2912261,0.02046913,0.02334177,-0.3000489,-0.1255586,-4.274598,-0.1105072,0.2751291,2.052879,-0.1170469,-0.08698817,0.9893095,-0.03556472,0.9958848,0.0833586,-0.9924895,-0.02542765,-0.119659,moving,80.41986,-20.99466,-3.08128,7.63336,81.90810103627068,-15.380887181031934,88.27232811260843,88.05027235754609,95.94079843202901
05/18/2023 18:40:49.619363,1847,True,True,True,True,Eyes,1.330277,0.04084541,-3.578702,-0.9843548,0.06502833,-0.1637589,0.0,0.0,0.0,0.0,0.0,0.0,0.0,3.679011,0.3194849,0.8325758,1.252752,0.04644442,-3.57195,0.04162145,-0.7456547,-0.02467346,0.6645736,1.06148,263.3683,354.5555,0.367104,0.009329041,-0.9301329,-0.2737525,0.01924098,0.02194126,-0.3115449,-0.1417621,-4.262778,-0.1071723,0.273014,2.052608,-0.1132196,-0.09486512,0.9890309,-0.0292758,0.9953178,0.0921168,-0.9931387,-0.01852526,-0.1154666,moving,80.55469,-21.65793,-2.988855,7.57635,82.04646114705893,-15.998645160324472,88.51083006211965,88.24276394719051,95.89299254694745
05/18/2023 18:40:49.639335,1848,True,True,True,True,Eyes,1.325984,0.04092564,-3.578538,-0.9847555,0.06614829,-0.1608758,0.0,0.0,0.0,0.0,0.0,0.0,0.0,3.668477,0.354609,0.8484826,1.242218,0.0461019,-3.571857,0.04530212,-0.743056,-0.02764429,0.6671218,1.109404,263.7775,354.0173,0.3652408,0.009466079,-0.9308647,-0.2573274,0.01808652,0.02062478,-0.3230989,-0.1466312,-4.2544,-0.1041819,0.2711185,2.052363,-0.1057926,-0.1042082,0.9889129,-0.03043979,0.994367,0.1015266,-0.9939223,-0.01936155,-0.1083687,moving,80.72177,-22.3513,-2.905951,7.525237,82.21544844758952,-16.643839524220574,88.8042970962904,88.48613961491215,95.8049184572858
05/18/2023 18:40:49.650154,1849,True,True,True,True,Eyes,1.321437,0.04093633,-3.578367,-0.9851693,0.06741737,-0.1577854,0.0,0.0,0.0,0.0,0.0,0.0,0.0,3.65786,0.3738825,0.8691442,1.231318,0.04566109,-3.571681,0.04642662,-0.7401121,-0.03090478,0.670167,0.9443444,264.2691,353.6755,0.3634661,0.009591939,-0.9315577,-0.2418877,0.01700133,0.0193873,-0.3362654,-0.1415585,-4.243552,-0.1002055,0.2685962,2.052039,-0.09744184,-0.1101445,0.9891276,-0.02729907,0.9937789,0.1079732,-0.9948668,-0.01648116,-0.0998425,moving,80.90075,-23.13569,-2.795657,7.457183,82.3972706976096,-17.373959464728607,89.11235841960294,88.73793194453985,95.73243452447184
05/18/2023 18:40:49.679309,1850,True,True,True,True,Eyes,1.316642,0.04087171,-3.578199,-0.9856504,0.06840649,-0.1543178,0.0,0.0,0.0,0.0,0.0,0.0,0.0,3.650259,0.3631009,0.8891881,1.220696,0.04390297,-3.571395,0.04389606,-0.7374467,-0.03218539,0.6732085,0.6665013,264.7492,353.7951,0.3617649,0.009705984,-0.9322185,-0.2273745,0.01598125,0.01822406,-0.3514024,-0.1222669,-4.232133,-0.09783912,0.2670961,2.051847,-0.08972698,-0.108077,0.9900852,-0.02140703,0.9940745,0.1065724,-0.9957364,-0.01163239,-0.0915089,moving,81.10175,-23.90691,-2.729992,7.416688,82.59935769111969,-18.091247704687586,89.49261845772625,89.06038795460002,95.59416796276773
05/18/2023 18:40:49.689275,1851,True,True,True,True,Eyes,1.311615,0.04079698,-3.578034,-0.986158,0.06928888,-0.150637,0.0,0.0,0.0,0.0,0.0,0.0,0.0,3.642167,0.348814,0.9117949,1.209986,0.04203598,-3.571076,0.04254078,-0.7344565,-0.03032697,0.676642,0.7461315,265.2689,354.057,0.3601245,0.00980741,-0.9328524,-0.213732,0.01502238,0.01713062,-0.3646832,-0.1023632,-4.223808,-0.09457898,0.2650287,2.051581,-0.08069213,-0.1035297,0.9913478,-0.02144771,0.9945411,0.1021174,-0.9965084,-0.01302208,-0.08247212,moving,81.31512,-24.70114,-2.639497,7.360854,82.81341226805559,-18.8297909476261,89.86851047431867,89.37644871635455,95.4703764302821
05/18/2023 18:40:49.699421,1852,True,True,True,True,Eyes,1.30634,0.04072656,-3.577892,-0.9867111,0.07014168,-0.1465651,0.0,0.0,0.0,0.0,0.0,0.0,0.0,3.633715,0.338423,0.9351346,1.199431,0.04180355,-3.571065,0.04183843,-0.7313494,-0.02878195,0.6801099,0.8485889,265.7992,354.2402,0.3585325,0.009897286,-0.9334645,-0.2009081,0.01412103,0.01610278,-0.3773598,-0.09321368,-4.213339,-0.09135407,0.2629842,2.05132,-0.07140057,-0.1003468,0.9923875,-0.02204724,0.9948423,0.09900877,-0.9972042,-0.01481013,-0.07324471,moving,81.55112,-25.57438,-2.549942,7.305605,83.05006915095463,-19.64177233121992,90.29995594200514,89.74142328977572,95.32354325141357
05/18/2023 18:40:49.719428,1853,True,True,True,True,Eyes,1.300835,0.04062466,-3.577727,-0.987278,0.07107994,-0.1422317,0.0,0.0,0.0,0.0,0.0,0.0,0.0,3.62371,0.3211969,0.9632926,1.188257,0.04177567,-3.570529,0.0390674,-0.7278088,-0.02922006,0.6840426,0.6253555,266.4185,354.4423,0.356979,0.009976845,-0.9340588,-0.1888536,0.01327377,0.01513661,-0.3947583,-0.07542641,-4.18878,-0.08815855,0.2609576,2.051061,-0.06111895,-0.09684271,0.9934213,-0.01689166,0.9952398,0.09598076,-0.9979876,-0.0109143,-0.06246391,moving,81.80212,-26.55348,-2.461168,7.250815,83.30273428125766,-20.552499098361512,90.79114530072837,90.15803463563999,95.16047673249041
05/18/2023 18:40:49.739176,1854,True,True,True,True,Eyes,1.295108,0.04051473,-3.577576,-0.9878809,0.07185991,-0.1375768,0.0,0.0,0.0,0.0,0.0,0.0,0.0,3.613154,0.3018498,0.9929154,1.177273,0.04090872,-3.569906,0.03625811,-0.7241065,-0.02891042,0.6881275,0.4602022,267.0599,354.704,0.3554543,0.01004635,-0.9346395,-0.1775224,0.01247735,0.01422841,-0.4074213,-0.06860842,-4.17525,-0.08479726,0.2588267,2.050787,-0.05033199,-0.09229756,0.9944587,-0.01272135,0.995699,0.09176884,-0.9986517,-0.008031962,-0.05128964,moving,82.07172,-27.57923,-2.367754,7.193183,83.57362561982502,-21.50646613763114,91.31892178097179,90.60679108975225,94.98511483353003
05/18/2023 18:40:49.749679,1855,True,True,True,True,Eyes,1.289174,0.04040634,-3.577447,-0.9885061,0.07253619,-0.1326432,0.0,0.0,0.0,0.0,0.0,0.0,0.0,3.600841,0.29486,1.025103,1.166267,0.04061688,-3.569594,0.03559274,-0.7200157,-0.02824699,0.6924688,0.4937334,267.7431,354.8146,0.3539503,0.0101066,-0.9352094,-0.166871,0.0117287,0.01337471,-0.4196334,-0.06450541,-4.16336,-0.0817765,0.2569115,2.050541,-0.03844081,-0.09037496,0.9951658,-0.01213434,0.9958705,0.08997026,-0.9991874,-0.008617165,-0.0393787,moving,82.35739,-28.67212,-2.283771,7.141354,83.86077905463863,-22.52291074779713,91.90609911957202,91.10901221692363,94.78489596294202
05/18/2023 18:40:49.769699,1856,True,True,True,True,Eyes,1.283041,0.04026138,-3.577418,-0.9891434,0.07311487,-0.1274738,0.0,0.0,0.0,0.0,0.0,0.0,0.0,3.58816,0.3036775,1.05593,1.155441,0.04055337,-3.570071,0.0368334,-0.7159386,-0.02852869,0.6966072,0.59974,268.4041,354.693,0.3524597,0.01015857,-0.9357715,-0.1568588,0.01102498,0.01257223,-0.4363311,-0.04560158,-4.14158,-0.07865018,0.2549282,2.050287,-0.0267638,-0.09248748,0.9953542,-0.01299432,0.9956589,0.0921664,-0.9995575,-0.01046724,-0.02784939,moving,82.6566,-29.83719,-2.196822,7.087657,84.16193394622135,-23.60660847017145,92.53943781482299,91.6513647543362,94.57513315258939
05/18/2023 18:40:49.789352,1857,True,True,True,True,Eyes,1.276727,0.04008928,-3.577427,-0.9897916,0.07344171,-0.1221428,0.0,0.0,0.0,0.0,0.0,0.0,0.0,3.576586,0.3107994,1.083157,1.144633,0.03940947,-3.570722,0.03733605,-0.7122073,-0.02940614,0.7003586,0.5965006,269.0106,354.5845,0.3509755,0.01020212,-0.9363288,-0.1474472,0.01036348,0.01181789,-0.4477515,0.0006026179,-4.137577,-0.07534099,0.25283,2.050018,-0.01620787,-0.0943717,0.9954053,-0.01199232,0.9954826,0.09418377,-0.9997969,-0.01041071,-0.01726637,moving,82.96512,-31.01755,-2.104751,7.03082,84.47205704613586,-24.704405049765725,93.19099426239394,92.20991378597387,94.3633693961663
05/18/2023 18:40:49.809281,1858,True,True,True,True,Eyes,1.270228,0.03988552,-3.57745,-0.990428,0.07365039,-0.1167397,0.0,0.0,0.0,0.0,0.0,0.0,0.0,3.566725,0.3098938,1.107398,1.134056,0.03849123,-3.571599,0.03814282,-0.708756,-0.02744054,0.7038873,0.8479627,269.5657,354.6806,0.3494923,0.01023738,-0.936883,-0.1386004,0.009741675,0.01110882,-0.4589645,0.03169177,-4.126828,-0.07183325,0.2506062,2.049733,-0.00617581,-0.09269797,0.9956752,-0.01543781,0.9955843,0.09259376,-0.9998619,-0.0147992,-0.007579585,moving,83.27769,-32.24758,-2.00712,6.970552,84.78690710500153,-25.8486018245935,93.86991368007922,92.79170220912034,94.15424220959848
05/18/2023 18:40:49.819368,1859,True,True,True,True,Eyes,1.263565,0.03975275,-3.577499,-0.9910504,0.07373346,-0.1112767,0.0,0.0,0.0,0.0,0.0,0.0,0.0,3.559122,0.2964721,1.125865,1.123159,0.03774334,-3.572101,0.03720393,-0.7059067,-0.02523291,0.7068771,0.9725299,270.0357,354.9393,0.348005,0.01026435,-0.9374362,-0.1302844,0.009157174,0.01044229,-0.4711638,0.02780891,-4.114306,-0.06894362,0.2487739,2.049497,0.002118113,-0.08819813,0.9961008,-0.01685186,0.9959584,0.08822136,-0.9998559,-0.01697303,0.0006232919,moving,83.59357,-33.52899,-1.926663,6.920873,85.10582743470785,-27.04081635722419,94.60391994570341,93.42403724558315,93.92483019689595
05/18/2023 18:40:49.839518,1860,True,True,True,True,Eyes,1.256704,0.03965721,-3.577547,-0.9916377,0.07399296,-0.105734,0.0,0.0,0.0,0.0,0.0,0.0,0.0,3.552812,0.2811958,1.141557,1.112578,0.03936871,-3.572859,0.036528,-0.703338,-0.02264133,0.7095554,1.14532,270.4563,355.2085,0.34651,0.01028573,-0.9379897,-0.1224673,0.008607744,0.009815753,-0.4844708,0.06641277,-4.101437,-0.06594694,0.2468732,2.049253,0.009606216,-0.0835136,0.9964603,-0.01925251,0.9963062,0.08368627,-0.9997685,-0.01998827,0.007962842,moving,83.9138,-34.98444,-1.843197,6.869308,85.43214125155859,-28.395839024601443,95.42535698704779,94.13084118178655,93.69294406763932
05/18/2023 18:40:49.849578,1861,True,True,True,True,Eyes,1.249675,0.03950127,-3.577593,-0.9921633,0.07467923,-0.1001749,0.0,0.0,0.0,0.0,0.0,0.0,0.0,3.545488,0.26284,1.158609,1.101026,0.04019547,-3.573243,0.03396001,-0.7006013,-0.02257542,0.7123868,0.9598967,270.9174,355.4252,0.3450037,0.01030307,-0.9385445,-0.1151193,0.008091279,0.009226807,-0.4938873,0.07912974,-4.094488,-0.06248212,0.2446765,2.048971,0.01729642,-0.07974972,0.9966649,-0.01541998,0.9966741,0.08001806,-0.9997315,-0.01675258,0.01600916,moving,84.2346,-36.70409,-1.746659,6.809692,85.76405689116902,-29.998149375614037,96.36506692348947,94.93651869811356,93.47101712554934
05/18/2023 18:40:49.869339,1862,True,True,True,True,Eyes,1.242486,0.03953128,-3.577632,-0.9927079,0.07491457,-0.094439,0.0,0.0,0.0,0.0,0.0,0.0,0.0,3.539836,0.2292678,1.17293,1.089845,0.0385166,-3.573447,0.02781709,-0.6982756,-0.02424604,0.7148774,0.3386647,271.3337,355.7841,0.3434825,0.0103152,-0.9391022,-0.1082121,0.007605803,0.008673199,-0.5069395,0.07003762,-4.080551,-0.05849436,0.2421486,2.048646,0.02364687,-0.07351386,0.9970138,-0.004182087,0.9972767,0.07363245,-0.9997116,-0.005910772,0.02327505,moving,84.56565,-38.42352,-1.635504,6.741046,86.10551892116395,-31.60001914474138,97.31637566668866,95.75241187398633,93.2573647848512
05/18/2023 18:40:49.890340,1863,True,True,True,True,Eyes,1.23509,0.03987055,-3.577665,-0.9932071,0.07555353,-0.08849484,0.0,0.0,0.0,0.0,0.0,0.0,0.0,3.529926,0.2294463,1.191636,1.079069,0.04310903,-3.573062,0.03047255,-0.695211,-0.02059087,0.7178644,0.8663632,271.8057,355.8745,0.3419435,0.01032754,-0.9396635,-0.1017194,0.007149455,0.008152806,-0.5196152,0.09861164,-4.068885,-0.05628648,0.2407481,2.048468,0.03251546,-0.07193259,0.9968794,-0.0128068,0.9972949,0.0723803,-0.9993892,-0.01512032,0.03150631,moving,84.90839,-40.48944,-1.573941,6.702992,86.46452339266067,-33.52594843571916,98.52065373954939,96.79431213247203,92.97772060574307
05/18/2023 18:40:49.899179,1864,True,True,True,True,Eyes,1.045201,0.0466482,-3.577653,-0.9900924,0.1242348,0.06544349,0.0,0.0,0.0,0.0,0.0,0.0,0.0,3.518183,0.2203932,1.216936,1.066778,0.05076036,-3.573027,0.0277773,-0.6914585,-0.0255226,0.7214308,0.2740562,272.4202,355.685,0.340384,0.01034828,-0.9402294,0.0,0.0,0.0,-0.5306025,0.09547324,-4.05744,-0.05302584,0.2386806,2.048203,0.04246752,-0.07523928,0.9962609,-0.001588133,0.9971541,0.07537444,-0.9990967,-0.004783172,0.04222719,moving,-86.21835,62.22097,-1.482997,6.646797,-74.95703469414143,58.697085149990784,101.33394669442487,90.0425827682502,83.98383065116022
05/18/2023 18:40:49.919347,1865,True,True,True,True,Eyes,1.044793,0.04651855,-3.577663,-0.9900848,0.1241085,0.06579807,0.0,0.0,0.0,0.0,0.0,0.0,0.0,3.511525,0.1629063,1.233462,1.054553,0.0491133,-3.572713,0.01337549,-0.6887022,-0.03631285,0.724011,358.2437,272.9259,355.9264,0.3337644,0.01059679,-0.9425967,-0.5696683,0.02033295,3.504753e-05,-0.5456069,0.05034748,-4.034733,-0.04993877,0.2367227,2.047951,0.0487415,-0.07100525,0.9962844,0.03415834,0.9970049,0.06938547,-0.9982272,0.03064946,0.05102096,moving,-86.19788,62.069,-1.396866,6.593559,-74.93504470457155,58.5553043678156,101.334774532599,90.04380438905947,84.05541346737584
05/18/2023 18:40:49.939047,1866,True,True,True,True,Eyes,1.043968,0.04640468,-3.577683,-0.9901382,0.1232805,0.06654668,0.0,0.0,0.0,0.0,0.0,0.0,0.0,3.500963,0.1606779,1.255783,1.044393,0.04591231,-3.573049,0.01359523,-0.6853744,-0.0344356,0.7272493,358.4283,273.45,356.0579,0.3281437,0.01080072,-0.9445658,-0.5354882,0.01911298,3.294468e-05,-0.5585942,0.05013749,-4.019816,-0.04665235,0.2346393,2.047682,0.05815228,-0.06872217,0.9959397,0.03145088,0.9972587,0.06697681,-0.9978122,0.02742831,0.06015421,moving,-86.15496,61.63987,-1.305144,6.536883,-74.88681709048245,58.15460577471978,101.17228104355475,89.88132130338569,84.1148896182085
05/18/2023 18:40:49.949368,1867,True,True,True,True,Eyes,1.042751,0.04629646,-3.577715,-0.9901716,0.1224304,0.0676085,0.0,0.0,0.0,0.0,0.0,0.0,0.0,3.487441,0.1936472,1.280582,1.033558,0.04631873,-3.573408,0.02110673,-0.6815911,-0.02971667,0.7308249,359.4466,274.0128,355.859,0.3233444,0.01096831,-0.9462175,-0.5033589,0.0179662,3.0968e-05,-0.5701873,0.06704711,-4.007146,-0.04334158,0.2325399,2.047414,0.06910109,-0.07220768,0.994993,0.01466305,0.9973428,0.07135988,-0.9975019,0.009658588,0.06997626,moving,-86.09393,61.09166,-1.21271,6.479736,-74.81942970560347,57.64285859852276,100.9320749398831,89.64158800384308,84.15730821208686
05/18/2023 18:40:49.969570,1868,True,True,True,True,Eyes,1.041196,0.04620359,-3.57772,-0.9902504,0.1209752,0.06905887,0.0,0.0,0.0,0.0,0.0,0.0,0.0,3.480373,0.195523,1.291206,1.023007,0.04630364,-3.573478,0.02043932,-0.6793706,-0.03165437,0.7328274,359.2521,274.3634,355.7463,0.3190182,0.01111479,-0.9476832,-0.4731574,0.01688823,2.910992e-05,-0.5824763,0.05235441,-3.991562,-0.04029858,0.2306104,2.047168,0.07490729,-0.07416612,0.9944286,0.01862263,0.9971605,0.07296707,-0.9970167,0.01305311,0.07607579,moving,-86.01072,60.28005,-1.127724,6.42719,-74.72632036509174,56.88506728675568,100.5248901522186,89.2342466051963,84.17340770968127
05/18/2023 18:40:49.989675,1869,True,True,True,True,Eyes,1.039286,0.046231,-3.577719,-0.9903437,0.1191611,0.07085204,0.0,0.0,0.0,0.0,0.0,0.0,0.0,3.46882,0.2177753,1.310667,1.013287,0.04670811,-3.573381,0.02517634,-0.6761918,-0.02916785,0.7357175,359.8625,274.8336,355.5858,0.315081,0.01124409,-0.9489979,-0.4447679,0.01587493,2.736332e-05,-0.5941613,0.04541978,-3.9792,-0.03709304,0.2285779,2.046907,0.08382778,-0.07696665,0.9935035,0.00887052,0.9970308,0.07649147,-0.9964409,0.002400775,0.08426161,moving,-85.90787,59.2647,-1.038172,6.371816,-74.61100079480714,55.93701760363711,100.00261404807706,88.7111624705662,84.17686099884673
05/18/2023 18:40:49.999176,1870,True,True,True,True,Eyes,1.037021,0.04631404,-3.577672,-0.9903505,0.1178582,0.07290645,0.0,0.0,0.0,0.0,0.0,0.0,0.0,3.455354,0.2369562,1.334628,1.002866,0.04970282,-3.573324,0.02980372,-0.6723989,-0.02674666,0.739105,0.4633741,275.393,355.4333,0.311486,0.01136124,-0.9501826,-0.4180818,0.01492244,2.572152e-05,-0.6058815,0.06085911,-3.96706,-0.03378421,0.2264795,2.046637,0.09432882,-0.07961716,0.9923524,-0.0005428009,0.9967927,0.08002501,-0.995541,-0.008087315,0.09398303,moving,-85.78967,58.25929,-0.9457059,6.314622,-74.48156937512205,54.998623527761175,99.4823943109147,88.19101553892462,84.16510848361308
05/18/2023 18:40:50.019049,1871,True,True,True,True,Eyes,1.034447,0.04634548,-3.577581,-0.990316,0.1167281,0.07515812,0.0,0.0,0.0,0.0,0.0,0.0,0.0,3.447989,0.206839,1.348467,0.9921219,0.05103981,-3.572515,0.02394727,-0.6699301,-0.02986998,0.7414365,359.7415,275.8107,355.6195,0.3081915,0.011469,-0.9512549,-0.3929969,0.01402709,2.417823e-05,-0.6174202,0.06938075,-3.954266,-0.03058842,0.2244532,2.046377,0.100603,-0.07637937,0.9919906,0.0122074,0.9970686,0.07553236,-0.9948518,0.004510846,0.1012404,moving,-85.65997,57.22359,-0.8563703,6.259365,-74.3408412864178,54.03214018926452,98.93938928418987,87.64819179787844,84.1375750561099
05/18/2023 18:40:50.039342,1872,True,True,True,True,Eyes,1.031584,0.04634724,-3.577446,-0.9902854,0.1152569,0.07778657,0.0,0.0,0.0,0.0,0.0,0.0,0.0,3.438957,0.1885783,1.363963,0.9821978,0.04982725,-3.57144,0.02132643,-0.6672547,-0.02935015,0.7439455,359.5739,276.2367,355.8635,0.3051607,0.011567,-0.9522304,-0.3694171,0.01318547,2.272754e-05,-0.6300114,0.08810505,-3.938857,-0.0274249,0.2224473,2.046119,0.1078196,-0.07213015,0.9915504,0.01520951,0.9973675,0.07089946,-0.9940541,0.007436644,0.1086328,moving,-85.50866,55.9847,-0.7679107,6.204637,-74.17607794274602,52.875958398605135,98.28046227104053,86.98833978776045,84.08953983254177
05/18/2023 18:40:50.059233,1873,True,True,True,True,Eyes,1.028455,0.04638308,-3.57726,-0.9902498,0.113586,0.08064568,0.0,0.0,0.0,0.0,0.0,0.0,0.0,3.425527,0.1976232,1.386482,0.9723916,0.04919414,-3.570386,0.02413767,-0.6636909,-0.02639993,0.7471513,0.05879642,276.7688,355.9005,0.3023609,0.01165549,-0.9531221,-0.3472521,0.01239434,2.136389e-05,-0.6414871,0.1176659,-3.924437,-0.02409944,0.220339,2.045849,0.117635,-0.07148938,0.9904804,0.007409585,0.9974408,0.07111176,-0.9930293,-0.001026187,0.1178636,moving,-85.34412,54.62539,-0.6748946,6.14709,-73.99667613349654,51.60736201832359,97.56548211701723,86.2712001726287,84.03415815436364
05/18/2023 18:40:50.069317,1874,True,True,True,True,Eyes,1.025068,0.04643135,-3.577033,-0.9901761,0.1118921,0.0838531,0.0,0.0,0.0,0.0,0.0,0.0,0.0,3.413093,0.2044192,1.405981,0.9628866,0.0501079,-3.569049,0.02641932,-0.660453,-0.02426776,0.7500101,0.4339673,277.2507,355.9113,0.2997632,0.01173637,-0.9539412,-0.326417,0.01165068,2.008205e-05,-0.6527404,0.1275635,-3.910693,-0.02106375,0.2184133,2.045602,0.1264261,-0.07129955,0.9894103,0.001504693,0.9974262,0.07168493,-0.9919748,-0.007574085,0.126208,moving,-85.15945,53.15173,-0.5899588,6.094503,-73.79632316545953,50.23219074960288,96.78006744550454,85.4827892823454,83.9502828351329
05/18/2023 18:40:50.089271,1875,True,True,True,True,Eyes,1.021461,0.04647573,-3.57676,-0.9900859,0.1100572,0.08727741,0.0,0.0,0.0,0.0,0.0,0.0,0.0,3.39922,0.2063708,1.429224,0.9534087,0.05045416,-3.567693,0.02702186,-0.6568179,-0.02388209,0.7531865,0.5347283,277.8006,355.9013,0.2973415,0.01181079,-0.9546978,-0.306832,0.01095164,1.887713e-05,-0.6646897,0.1193226,-3.895904,-0.01784793,0.2163745,2.04534,0.13604,-0.0714722,0.9881219,0.0004784515,0.997399,0.07207736,-0.9907032,-0.009332639,0.1357204,moving,-84.96233,51.58493,-0.4999585,6.038806,-73.58258208747013,48.77012209896527,95.96010426644703,84.65834421944203,83.85995572343494
05/18/2023 18:40:50.109079,1876,True,True,True,True,Eyes,1.017626,0.04653377,-3.576457,-0.9899715,0.1080467,0.09100671,0.0,0.0,0.0,0.0,0.0,0.0,0.0,3.386332,0.2090839,1.45018,0.9445227,0.05045922,-3.566414,0.02851583,-0.6534503,-0.02178426,0.7561186,0.8395756,278.3022,355.9735,0.2950732,0.01187934,-0.9554006,-0.288422,0.01029454,1.77445e-05,-0.6757652,0.1232259,-3.884277,-0.01462838,0.2143329,2.045079,0.1450566,-0.07021032,0.9869292,-0.004324386,0.9974246,0.07159255,-0.989414,-0.01465284,0.1443793,moving,-84.74764,49.89289,-0.4098279,5.982999,-73.35006616579598,47.1912265207088,95.08388442552601,83.77586987712866,83.75310725468258
05/18/2023 18:40:50.119362,1877,True,True,True,True,Eyes,1.013598,0.04657611,-3.576098,-0.9898354,0.1059376,0.0948842,0.0,0.0,0.0,0.0,0.0,0.0,0.0,3.372858,0.219923,1.470282,0.9353135,0.05088268,-3.56495,0.03151977,-0.650047,-0.0192125,0.758997,1.310398,278.7968,355.9767,0.2929374,0.01194302,-0.9560568,-0.2711167,0.009676866,1.667983e-05,-0.6868786,0.1344972,-3.87189,-0.01143661,0.2123092,2.044818,0.1541398,-0.07014312,0.9855562,-0.0118142,0.9972748,0.07282488,-0.9879786,-0.02286878,0.152891,moving,-84.52444,48.15042,-0.3204503,5.92766,-73.10865301743763,45.56532146288045,94.19699222063996,82.88103921332497,83.63728947978144
05/18/2023 18:40:50.139378,1878,True,True,True,True,Eyes,1.009377,0.04661235,-3.575698,-0.9896682,0.1037336,0.09897596,0.0,0.0,0.0,0.0,0.0,0.0,0.0,3.361138,0.2245404,1.486917,0.926684,0.05059227,-3.563325,0.03298343,-0.6471205,-0.0176347,0.7614697,1.570573,279.2275,356.0107,0.2909168,0.01200193,-0.9566728,-0.2548497,0.009096255,1.567904e-05,-0.6977233,0.1416759,-3.859428,-0.008102536,0.2101952,2.044547,0.1618483,-0.06954509,0.984362,-0.01583194,0.9972022,0.07305532,-0.9866886,-0.02740823,0.1602945,moving,-84.28889,46.34451,-0.2270619,5.869827,-72.85451495949603,43.88031700544354,93.29839713234327,81.97282652417948,83.51366081789418
05/18/2023 18:40:50.149482,1879,True,True,True,True,Eyes,1.004969,0.0466704,-3.575229,-0.9894704,0.101473,0.1032059,0.0,0.0,0.0,0.0,0.0,0.0,0.0,3.348754,0.2345831,1.503091,0.9179822,0.05050172,-3.561351,0.03570934,-0.6441451,-0.0151942,0.7639185,2.004816,279.6545,356.0285,0.2889957,0.01205641,-0.9572542,-0.2395587,0.008550479,1.47383e-05,-0.708357,0.1443348,-3.848689,-0.005053073,0.2082612,2.044299,0.1696927,-0.06921824,0.9830633,-0.02278972,0.9969879,0.07413257,-0.9852336,-0.0349835,0.1676041,moving,-84.04534,44.51494,-0.1416227,5.81689,-72.5924686650933,42.17334907886691,92.3979050117524,81.0611941548544,83.3737904672874
05/18/2023 18:40:50.177986,1880,True,True,True,True,Eyes,1.000378,0.04670895,-3.574712,-0.9892038,0.09952287,0.1075694,0.0,0.0,0.0,0.0,0.0,0.0,0.0,3.336215,0.2447924,1.51901,0.9091159,0.05110493,-3.559289,0.03757105,-0.641189,-0.01481397,0.7663198,2.21135,280.0822,355.9322,0.2871594,0.01210754,-0.957806,-0.2251852,0.008037451,1.3854e-05,-0.7189595,0.1435238,-3.840989,-0.001912892,0.2062704,2.044044,0.1773145,-0.07088475,0.9815983,-0.02547582,0.9967379,0.07657997,-0.9838246,-0.03858577,0.1749303,moving,-83.79385,42.77491,-0.05361949,5.762375,-72.32474265568324,40.55037559397165,91.55519620968633,80.20798108016139,83.22681576093645
05/18/2023 18:40:50.189574,1881,True,True,True,True,Eyes,0.9956099,0.04676547,-3.574118,-0.9888974,0.09760971,0.1120459,0.0,0.0,0.0,0.0,0.0,0.0,0.0,3.325208,0.245097,1.53256,0.900302,0.05062182,-3.557065,0.03742836,-0.6385916,-0.01515908,0.7684857,2.187248,280.4707,355.9197,0.2853953,0.01215517,-0.9583326,-0.2116741,0.007555204,1.302276e-05,-0.7298355,0.148161,-3.831736,0.001256615,0.2042612,2.043787,0.183942,-0.07110194,0.9803622,-0.0245038,0.9967386,0.07688724,-0.9826317,-0.03816541,0.1815999,moving,-83.53574,41.06102,0.0352281,5.707331,-72.05135004565747,38.95202164435242,90.74133586783886,79.38314811588587,83.07370459634008
05/18/2023 18:40:50.209522,1882,True,True,True,True,Eyes,0.9906486,0.04682695,-3.573448,-0.9885195,0.09605739,0.1166276,0.0,0.0,0.0,0.0,0.0,0.0,0.0,3.313157,0.2484613,1.547337,0.8912989,0.05111332,-3.55471,0.03801002,-0.6357749,-0.01526899,0.7707871,2.245422,280.8849,355.8754,0.2836924,0.01220018,-0.9588375,-0.1989737,0.007101891,1.224139e-05,-0.7403432,0.1616925,-3.821051,0.004626557,0.202124,2.043513,0.1911146,-0.07186991,0.9789332,-0.02479334,0.9966443,0.07801054,-0.9812548,-0.03917998,0.1886914,moving,-83.27123,39.47573,0.1297186,5.648755,-71.7744623094382,37.47418845042605,89.99990258344988,78.6324961231978,82.9180589855784
05/18/2023 18:40:50.219478,1883,True,True,True,True,Eyes,0.9855177,0.0468487,-3.572691,-0.9880816,0.09478,0.1212906,0.0,0.0,0.0,0.0,0.0,0.0,0.0,3.30157,0.2474453,1.560751,0.8818089,0.05121963,-3.552087,0.03700647,-0.6331192,-0.01721377,0.7729777,2.029474,281.2859,355.784,0.28204,0.012243,-0.9593243,-0.1870352,0.006675777,1.150691e-05,-0.7512648,0.17242,-3.807677,0.007636249,0.2002154,2.043268,0.1977276,-0.07347073,0.9775,-0.02024729,0.9966684,0.07900708,-0.9800481,-0.03541361,0.1955812,moving,-83.00175,38.0051,0.214129,5.596425,-71.49514432752129,36.10379493213168,89.30400177482679,77.9289387925762,82.74534930933663
05/18/2023 18:40:50.239558,1884,True,True,True,True,Eyes,0.9802184,0.04683375,-3.571865,-0.9875877,0.09363216,0.1261089,0.0,0.0,0.0,0.0,0.0,0.0,0.0,3.29048,0.2395665,1.573808,0.8726591,0.05023949,-3.549291,0.03487193,-0.6305749,-0.01901693,0.7751114,1.723492,281.6779,355.7854,0.2804289,0.01228285,-0.959796,-0.1758131,0.006275231,1.081649e-05,-0.7620142,0.1762276,-3.797776,0.01090826,0.1981408,2.043001,0.2040274,-0.07345921,0.9762052,-0.01449825,0.9968446,0.07804246,-0.9788578,-0.03007608,0.2023186,moving,-82.72307,36.59281,0.3059183,5.539515,-71.20837379131741,34.78822037504729,88.64603786113942,77.26435620283512,82.57038096932341
05/18/2023 18:40:50.249690,1885,True,True,True,True,Eyes,0.9747682,0.04681226,-3.570933,-0.9870526,0.09254503,0.131006,0.0,0.0,0.0,0.0,0.0,0.0,0.0,3.277851,0.23588,1.588623,0.8634897,0.04932727,-3.546211,0.03460868,-0.627705,-0.01823659,0.7774678,1.771861,282.1035,355.8804,0.2788519,0.01231904,-0.9602548,-0.1652643,0.005898717,1.016751e-05,-0.7724786,0.1897864,-3.786312,0.01465398,0.1957653,2.042696,0.2113079,-0.0718048,0.9747786,-0.01509136,0.9969393,0.07670867,-0.9773032,-0.03091988,0.2095775,moving,-82.43964,35.23808,0.4110238,5.474319,-70.9182820941063,33.5266327968767,88.03473156070706,76.64725819423306,82.40411412632251
05/18/2023 18:40:50.269616,1886,True,True,True,True,Eyes,0.9747682,0.04681226,-3.570933,-0.9870526,0.09254503,0.131006,0.0,0.0,0.0,0.0,0.0,0.0,0.0,3.265572,0.2290883,1.602468,0.854457,0.0491603,-3.542856,0.03385309,-0.6249648,-0.01773868,0.7797169,1.754645,282.5122,355.9855,0.2773015,0.01235184,-0.9607033,-0.1553485,0.005544794,9.557455e-06,-0.7833548,0.2001962,-3.772866,0.01722904,0.1941327,2.042487,0.2182086,-0.06997627,0.9733903,-0.01465169,0.9970787,0.07496374,-0.9757922,-0.03061955,0.2165458,moving,-82.43964,35.23808,0.4832968,5.429494,-70.9182820941063,33.5266327968767,88.11790537033998,76.73092386477724,82.47946373377042
05/18/2023 18:40:50.289594,1887,True,True,True,True,Eyes,0.9747682,0.04681226,-3.570933,-0.9870526,0.09254503,0.131006,0.0,0.0,0.0,0.0,0.0,0.0,0.0,3.252264,0.2241461,1.617133,0.8451928,0.04819484,-3.539196,0.03287274,-0.6220757,-0.01806501,0.7820581,1.658439,282.9427,356.0329,0.2759057,0.01238132,-0.9611047,-0.1460276,0.005212107,8.984008e-06,-0.7956066,0.1954414,-3.753448,0.02044621,0.1920929,2.042226,0.2253909,-0.06915443,0.9718109,-0.01264291,0.997186,0.07389238,-0.9741863,-0.02894118,0.2238823,moving,-82.43964,35.23808,0.5736106,5.373463,-70.9182820941063,33.5266327968767,88.22185173603583,76.8354845797004,82.57364258022744
05/18/2023 18:40:50.309392,1888,True,True,True,True,Eyes,0.9684556,0.04663293,-3.569586,-0.9863709,0.09081814,0.1372022,0.0,0.0,0.0,0.0,0.0,0.0,0.0,3.236853,0.23028,1.634605,0.8365898,0.04703142,-3.535546,0.03404927,-0.6187981,-0.01730829,0.7846209,1.8344,283.4135,356.0242,0.2746494,0.01240783,-0.9614642,-0.1372659,0.00489938,8.444968e-06,-0.8076587,0.1982771,-3.731637,0.02365567,0.1900579,2.041965,0.2335785,-0.06930014,0.9698653,-0.01497835,0.9970822,0.07485221,-0.9722226,-0.03201085,0.231859,moving,-82.08109,33.50174,0.663728,5.31754,-70.55087192001861,31.9095642169852,87.41312278767488,76.01746505721592,82.31991291391338
05/18/2023 18:40:50.319144,1889,True,True,True,True,Eyes,0.9620474,0.04635864,-3.568128,-0.9856275,0.08918925,0.1434702,0.0,0.0,0.0,0.0,0.0,0.0,0.0,3.220451,0.2337045,1.653383,0.8276307,0.04521812,-3.531654,0.03434317,-0.6153226,-0.01735822,0.7873356,1.874903,283.9176,356.007,0.273369,0.01242786,-0.9618287,-0.1290299,0.004605418,7.93827e-06,-0.8187378,0.2041679,-3.711604,0.026852,0.1880311,2.041705,0.2421534,-0.06959777,0.9677386,-0.01493077,0.9970385,0.07544102,-0.9701232,-0.03271739,0.2403971,moving,-81.71806,31.86743,0.7534965,5.261821,-70.18124566211213,30.38810195941532,86.6568869842067,75.25335634014476,82.06064003097866
05/18/2023 18:40:50.339447,1890,True,True,True,True,Eyes,0.9555495,0.0459717,-3.566562,-0.9848151,0.08706723,0.150195,0.0,0.0,0.0,0.0,0.0,0.0,0.0,3.204923,0.2322117,1.670699,0.8189772,0.04266324,-3.527626,0.0337713,-0.6120703,-0.0174215,0.7898898,1.835203,284.3939,356.0493,0.2720651,0.01243952,-0.9621983,-0.1212882,0.004329092,7.461974e-06,-0.8307433,0.1972763,-3.690587,0.03012244,0.1859577,2.041439,0.250133,-0.06886294,0.9657595,-0.01381869,0.997112,0.07467758,-0.9681129,-0.03202486,0.248459,moving,-81.32859,30.10064,0.8453662,5.204793,-69.7844408310755,28.7432389345113,85.86246138684197,74.44882858889638,81.7792635288221
05/18/2023 18:40:50.349647,1891,True,True,True,True,Eyes,0.9489786,0.04553113,-3.564879,-0.9839524,0.08488679,0.1569451,0.0,0.0,0.0,0.0,0.0,0.0,0.0,3.18932,0.2384674,1.686395,0.8104266,0.0395977,-3.523379,0.03477659,-0.6089113,-0.01645059,0.7923049,2.009971,284.8443,356.0744,0.2707379,0.01244063,-0.9625725,-0.1140109,0.004069347,7.014256e-06,-0.8424705,0.1910727,-3.669116,0.03350947,0.1838097,2.041164,0.2579128,-0.06841948,0.9637426,-0.01628395,0.9970399,0.07514121,-0.966031,-0.03507342,0.2560353,moving,-80.93739,28.40759,0.9405315,5.145686,-69.38743931381721,27.167438815251337,85.11821313247464,73.69519031690709,81.49950712424571
05/18/2023 18:40:50.370268,1892,True,True,True,True,Eyes,0.9423145,0.04508653,-3.563083,-0.98301,0.08245347,0.16399,0.0,0.0,0.0,0.0,0.0,0.0,0.0,3.173897,0.2445738,1.701356,0.8021384,0.03790595,-3.518976,0.03602757,-0.6058317,-0.01534332,0.7946286,2.215959,285.28,356.0958,0.2693888,0.01243081,-0.9629511,-0.1071702,0.003825186,6.5934e-06,-0.8538593,0.1970198,-3.644301,0.03649044,0.1819191,2.040921,0.2654652,-0.06803776,0.9617168,-0.0192688,0.9969332,0.07584801,-0.9639279,-0.03866613,0.26334,moving,-80.52889,26.69306,1.024305,5.093644,-68.97390596618193,25.57192869104166,84.36503058879954,72.93222663784141,81.19150100773977
05/18/2023 18:40:50.389594,1893,True,True,True,True,Eyes,0.9355644,0.04461617,-3.561156,-0.9819925,0.08027741,0.1710151,0.0,0.0,0.0,0.0,0.0,0.0,0.0,3.159367,0.2457853,1.714121,0.7933887,0.03737382,-3.514165,0.03630166,-0.6029927,-0.01513925,0.7967766,2.268985,285.6866,356.1033,0.2680182,0.01241108,-0.9633337,-0.10074,0.003595675,6.197796e-06,-0.8649233,0.2000046,-3.618635,0.03964437,0.1799193,2.040664,0.2723413,-0.06790446,0.9598016,-0.01965407,0.996906,0.07610632,-0.962,-0.0395909,0.270164,moving,-80.12096,25.14616,1.112956,5.038571,-68.56412100074226,24.133313246094467,83.685507969349,72.24613651131908,80.8876178456652
05/18/2023 18:40:50.409075,1894,True,True,True,True,Eyes,0.9287518,0.04411338,-3.559097,-0.980899,0.07796632,0.1782089,0.0,0.0,0.0,0.0,0.0,0.0,0.0,3.144533,0.2413584,1.72799,0.7852399,0.03599458,-3.509187,0.03492512,-0.6001492,-0.01639647,0.7989569,2.070358,286.1041,356.0914,0.266626,0.01238173,-0.9637203,0.0,0.0,0.0,-0.8762847,0.1963174,-3.5913,0.04284523,0.1778898,2.040404,0.2791043,-0.06812071,0.9578414,-0.01572042,0.9970228,0.07548799,-0.960132,-0.03612669,0.2772025,moving,-79.70287,23.62936,1.202943,4.982653,-68.14544698230505,22.72310508076616,83.02680446178101,71.58158166154077,80.5752654451685
05/18/2023 18:40:50.419554,1895,True,True,True,True,Eyes,0.921892,0.04359783,-3.556914,-0.9797514,0.07568774,0.1853607,0.0,0.0,0.0,0.0,0.0,0.0,0.0,3.131645,0.2452417,1.73689,0.776904,0.03468141,-3.50419,0.03508405,-0.5978044,-0.01709473,0.8006914,2.04844,286.4381,356.0224,0.2652141,0.01234289,-0.9641103,0.0,0.0,0.0,-0.8873163,0.1900327,-3.564842,0.04605187,0.1758566,2.040143,0.2846753,-0.06932201,0.9561143,-0.0145716,0.9969537,0.07662161,-0.9585133,-0.0357444,0.2827979,moving,-79.28675,22.21151,1.29311,4.926613,-67.73050766428376,21.40547258634021,82.4128721858437,70.96345967278894,80.26455817889085
05/18/2023 18:40:50.439331,1896,True,True,True,True,Eyes,0.9149776,0.0430796,-3.554598,-0.9785239,0.07340238,0.1926217,0.0,0.0,0.0,0.0,0.0,0.0,0.0,3.117643,0.255085,1.746627,0.768339,0.03415689,-3.499137,0.03632153,-0.5952455,-0.01770325,0.8025274,2.133183,286.7938,355.8881,0.2637832,0.01229517,-0.9645033,0.0,0.0,0.0,-0.8977181,0.1865653,-3.540543,0.04925443,0.1738259,2.039883,0.2907386,-0.07165515,0.9541157,-0.01482577,0.9967347,0.07937361,-0.9566877,-0.03722248,0.288727,moving,-78.86375,20.86035,1.383179,4.870616,-67.31043775082601,20.150421842485397,81.82445360234186,70.37247650106833,79.94659239340571
05/18/2023 18:40:50.449639,1897,True,True,True,True,Eyes,0.7407633,0.03037001,-3.493519,-0.9294724,0.01936381,0.3683829,0.0,0.0,0.0,0.0,0.0,0.0,0.0,3.10517,0.255367,1.754373,0.7601383,0.03356552,-3.493734,0.03583498,-0.5930588,-0.01888088,0.8041397,2.019391,287.1082,355.8185,0.2623344,0.0122394,-0.9648992,0.0,0.0,0.0,-0.9082508,0.1744027,-3.518821,0.05256411,0.171727,2.039613,0.2958496,-0.07287023,0.9524511,-0.01213877,0.9967187,0.0800276,-0.9551574,-0.03523773,0.2939943,moving,-68.37982,3.008947,1.476277,4.812717,-57.19923978671407,3.6808738550952103,69.87938089512748,58.68643232547564,69.83495933208657
05/18/2023 18:40:50.469577,1898,True,True,True,True,Eyes,0.7404402,0.03045261,-3.493273,-0.929335,0.01917697,0.3687392,0.0,0.0,0.0,0.0,0.0,0.0,0.0,3.093197,0.2532224,1.761453,0.7519058,0.0332683,-3.4883,0.03509943,-0.5909534,-0.01988695,0.8056965,1.894225,287.4124,355.7809,0.2563877,0.01182943,-0.9665014,-0.5226427,-0.03812875,0.1832371,-0.918639,0.1672095,-3.500294,0.0557835,0.169686,2.039351,0.3007572,-0.07352995,0.9508621,-0.009438559,0.996745,0.08006349,-0.9536542,-0.03305445,0.2990843,moving,-68.35793,2.977092,1.566852,4.756387,-57.1782320209186,3.6515575549840977,69.94741616703614,58.75547246620828,69.90371473025942
05/18/2023 18:40:50.489527,1899,True,True,True,True,Eyes,0.7397864,0.03061762,-3.492805,-0.9291199,0.01916304,0.3692818,0.0,0.0,0.0,0.0,0.0,0.0,0.0,3.081113,0.2554346,1.768302,0.7435794,0.03540961,-3.482992,0.03591021,-0.5887785,-0.01976876,0.8072544,1.988478,287.7151,355.742,0.251333,0.01148668,-0.9678323,-0.4912842,-0.03584103,0.1722429,-0.9287114,0.1607872,-3.483902,0.05889297,0.1677144,2.039098,0.3058981,-0.07420316,0.9491683,-0.01036949,0.9966394,0.0812562,-0.9520079,-0.03469851,0.3041007,moving,-68.32449,2.97057,1.65435,4.701954,-57.14694855417943,3.646218271856793,70.0002552731135,58.8107752846825,69.95710961172917
05/18/2023 18:40:50.501063,1900,True,True,True,True,Eyes,0.7388456,0.03074945,-3.492083,-0.9287837,0.01917687,0.3701259,0.0,0.0,0.0,0.0,0.0,0.0,0.0,3.069278,0.2479086,1.77517,0.7350259,0.03750759,-3.477281,0.03441233,-0.5866723,-0.02146206,0.8088083,1.746851,288.0235,355.6913,0.2469414,0.01119652,-0.9689655,-0.4618071,-0.03369056,0.1619083,-0.9387325,0.1661443,-3.465356,0.06220225,0.1656159,2.038829,0.3107098,-0.07509492,0.9475338,-0.005660135,0.9967103,0.08084836,-0.950488,-0.03048356,0.3092627,moving,-68.27243,2.965942,1.747484,4.643991,-57.0983519350293,3.643078109994292,70.0400185966123,58.85434761770591,69.99743380543055
05/18/2023 18:40:50.519883,1901,True,True,True,True,Eyes,0.7376405,0.03085548,-3.491179,-0.9283808,0.01892838,0.3711479,0.0,0.0,0.0,0.0,0.0,0.0,0.0,3.058985,0.2392295,1.779898,0.7267775,0.03691354,-3.471755,0.03261258,-0.5848807,-0.02248846,0.8101515,1.520586,288.2892,355.721,0.2429636,0.01093908,-0.9699734,-0.4340987,-0.03166913,0.1521938,-0.9472855,0.1848813,-3.448856,0.06528763,0.1636595,2.038578,0.3148178,-0.07458705,0.9462171,-0.001710814,0.9968613,0.07914839,-0.9491507,-0.02653612,0.313702,moving,-68.20947,2.91953,1.834332,4.589931,-57.03879710604508,3.601076150951585,70.06371698758214,58.88143310628181,70.02188058859917
05/18/2023 18:40:50.539659,1902,True,True,True,True,Eyes,0.7361685,0.03108251,-3.49007,-0.9278429,0.01816251,0.3725287,0.0,0.0,0.0,0.0,0.0,0.0,0.0,3.045527,0.2488747,1.788396,0.7192225,0.03646359,-3.466544,0.03505267,-0.5824527,-0.02039839,0.8118522,1.899875,288.6155,355.7565,0.2393533,0.0107105,-0.9708732,-0.4080527,-0.02976898,0.1430622,-0.9578676,0.168681,-3.429038,0.06830961,0.1617434,2.038332,0.3206656,-0.07395399,0.9443009,-0.00771209,0.9967104,0.08067736,-0.947161,-0.03315299,0.3190405,moving,-68.12455,2.791226,1.919407,4.536964,-56.95720894164827,3.4829230569116376,70.06570854121503,58.88605019060166,70.02496869031675
05/18/2023 18:40:50.549705,1903,True,True,True,True,Eyes,0.7344201,0.03141098,-3.488772,-0.9272297,0.0177393,0.3740728,0.0,0.0,0.0,0.0,0.0,0.0,0.0,3.031446,0.2658475,1.79637,0.7110906,0.03975492,-3.461222,0.03922895,-0.5798932,-0.01826046,0.8135426,2.444442,288.9453,355.6829,0.2360679,0.01051136,-0.9716795,-0.3835696,-0.02798284,0.1344784,-0.9666474,0.1947685,-3.40352,0.0716836,0.1596042,2.038058,0.3267808,-0.07520852,0.942103,-0.01578587,0.9962553,0.08500708,-0.9449684,-0.04265061,0.3243699,moving,-68.02935,2.715049,2.014406,4.477802,-56.867042670152536,3.41379805642192,70.06593361061097,58.89106130719464,70.02606850160748
05/18/2023 18:40:50.569317,1904,True,True,True,True,Eyes,0.7324151,0.03171596,-3.487276,-0.9264805,0.01754382,0.3759336,0.0,0.0,0.0,0.0,0.0,0.0,0.0,3.019475,0.2442409,1.805231,0.7027444,0.04245704,-3.455444,0.03561693,-0.5776237,-0.02001528,0.8152802,2.003065,289.291,355.7661,0.2330696,0.01034165,-0.9724048,-0.3605554,-0.02630387,0.1264097,-0.9706063,0.2634045,-3.383268,0.07481578,0.157618,2.037803,0.3319005,-0.0737825,0.9404245,-0.008510233,0.9966616,0.08119816,-0.943276,-0.03495295,0.3301646,moving,-67.9144,2.671903,2.10261,4.422853,-56.7591079530137,3.37604340182787,70.0389000145105,58.87102556194312,69.99973413331298
05/18/2023 18:40:50.589077,1905,True,True,True,True,Eyes,0.7301811,0.03200002,-3.485612,-0.9256666,0.01723626,0.3779475,0.0,0.0,0.0,0.0,0.0,0.0,0.0,3.007998,0.2128698,1.813938,0.6945155,0.04221501,-3.44958,0.03073779,-0.5753916,-0.02015512,0.8170517,1.549155,289.6384,356.0818,0.2303242,0.01019788,-0.9730603,-0.3389221,-0.02472564,0.1188251,-0.9792618,0.2516012,-3.362365,0.07801345,0.1555903,2.037543,0.3370365,-0.06830809,0.9390103,-0.002436985,0.9972979,0.0734229,-0.9414884,-0.02703456,0.3359593,moving,-67.78992,2.611159,2.19267,4.366729,-56.64195574199286,3.3220345552131554,70.00460648509497,58.84390004650726,69.9662180638719
05/18/2023 18:40:50.609260,1906,True,True,True,True,Eyes,0.7277198,0.0322699,-3.483748,-0.9247196,0.0169144,0.380273,0.0,0.0,0.0,0.0,0.0,0.0,0.0,2.994234,0.2070292,1.823727,0.6867803,0.04204667,-3.443958,0.03095655,-0.5728058,-0.01772625,0.8189144,1.741724,290.0005,356.3003,0.2278014,0.01007692,-0.9736553,-0.3185867,-0.0232421,0.1116956,-0.990774,0.2132974,-3.339099,0.08119589,0.1535724,2.037284,0.3431583,-0.06449676,0.9370606,-0.006431614,0.9974549,0.07100894,-0.9392556,-0.03039412,0.3418701,moving,-67.64603,2.546815,2.282314,4.310857,-56.50664883777096,3.2651003331562327,69.95059069629147,58.79826322730173,69.91297239646863
05/18/2023 18:40:50.620106,1907,True,True,True,True,Eyes,0.7250444,0.0325202,-3.48173,-0.9237059,0.01669761,0.3827383,0.0,0.0,0.0,0.0,0.0,0.0,0.0,2.980962,0.1928915,1.833063,0.6785469,0.04204969,-3.438206,0.02882794,-0.5702965,-0.0177492,0.8207411,1.551526,290.3644,356.4432,0.2254737,0.009976174,-0.9741979,-0.2994715,-0.02184757,0.1049939,-0.9987971,0.2177551,-3.323538,0.08438416,0.1515507,2.037024,0.3488939,-0.06201594,0.9351081,-0.003745953,0.9977078,0.06756516,-0.9371548,-0.02707594,0.3478618,moving,-67.49329,2.498042,2.372133,4.254857,-56.36339464448563,3.2229437325736043,69.88750768136717,58.744591688662084,69.85060202935018
05/18/2023 18:40:50.639504,1908,True,True,True,True,Eyes,0.7221512,0.03276515,-3.479544,-0.9225258,0.01638104,0.3855876,0.0,0.0,0.0,0.0,0.0,0.0,0.0,2.967095,0.184146,1.842952,0.6707405,0.0418168,-3.432549,0.02746091,-0.5677081,-0.01785525,0.8225781,1.427061,290.7332,356.5273,0.2233173,0.009893144,-0.9746954,-0.2815032,-0.02053672,0.09869426,-1.007549,0.1938909,-3.30325,0.08764541,0.1494826,2.036759,0.3547772,-0.06055422,0.932988,-0.001804895,0.9978542,0.06545062,-0.9349492,-0.02490434,0.3539067,moving,-67.31656,2.432652,2.464021,4.197549,-56.19746843309664,3.165782225129852,69.80289640207037,58.67056233910695,69.76676519802916
05/18/2023 18:40:50.649503,1909,True,True,True,True,Eyes,0.7190527,0.03301957,-3.477223,-0.9212667,0.01622052,0.3885928,0.0,0.0,0.0,0.0,0.0,0.0,0.0,2.950538,0.1818347,1.856121,0.66245,0.04195948,-3.426854,0.02708636,-0.5645323,-0.01812934,0.8247671,1.387306,291.1767,356.5312,0.2213103,0.009825987,-0.9751537,-0.264613,-0.01930452,0.0927726,-1.016041,0.1728937,-3.279863,0.09096774,0.1473759,2.036489,0.3619491,-0.06048723,0.9302334,-0.0006772896,0.9978753,0.06514908,-0.9321976,-0.02421069,0.3611391,moving,-67.12985,2.390235,2.55764,4.139145,-56.022684100302754,3.1303527474011847,69.70943227919878,58.589009494148435,69.67402319064364
05/18/2023 18:40:50.669651,1910,True,True,True,True,Eyes,0.7157586,0.03327437,-3.474734,-0.9199218,0.0160938,0.3917714,0.0,0.0,0.0,0.0,0.0,0.0,0.0,2.934972,0.1728707,1.86867,0.6544352,0.04241093,-3.421372,0.02543298,-0.5615113,-0.0190595,0.8268585,1.183511,291.6043,356.5548,0.2194327,0.009773436,-0.9755784,-0.2487362,-0.01814624,0.08720624,-1.022402,0.1980634,-3.262119,0.09401262,0.1454454,2.036241,0.3686837,-0.06008083,0.9276112,0.002957218,0.9979798,0.0634632,-0.9295502,-0.0206547,0.3681166,moving,-66.93207,2.352364,2.643451,4.085607,-55.83767235579031,3.099431915961322,69.59710664760776,58.48943776658775,69.56235589590194
05/18/2023 18:40:50.689382,1911,True,True,True,True,Eyes,0.7122828,0.03351196,-3.472121,-0.9184939,0.01599691,0.3951114,0.0,0.0,0.0,0.0,0.0,0.0,0.0,2.918637,0.1647376,1.881683,0.6461204,0.04269296,-3.415702,0.02397582,-0.5583352,-0.01978319,0.829033,1.012021,292.0511,356.584,0.2176673,0.009734117,-0.9759743,-0.2338121,-0.01705747,0.08197387,-1.029026,0.2010382,-3.243764,0.09715125,0.1434553,2.035986,0.375741,-0.05957491,0.9248077,0.006028744,0.9980676,0.06184479,-0.9267051,-0.01766219,0.375374,moving,-66.72393,2.318473,2.731914,4.030391,-55.64308389112368,3.072473680309932,69.4769381089226,58.38285693917399,69.44284234859313
05/18/2023 18:40:50.709531,1912,True,True,True,True,Eyes,0.7086512,0.03373847,-3.469328,-0.9170362,0.01569165,0.398495,0.0,0.0,0.0,0.0,0.0,0.0,0.0,2.901603,0.1589662,1.895748,0.6382763,0.04251728,-3.410165,0.02329268,-0.5550222,-0.01939658,0.8312831,0.9852241,292.5117,356.6685,0.2159982,0.009706271,-0.9763452,-0.2197834,-0.01603402,0.07705544,-1.03629,0.180994,-3.220994,0.1003527,0.141425,2.035725,0.3831482,-0.05810402,0.9218576,0.006392189,0.9981625,0.0602567,-0.9236647,-0.01719456,0.3828155,moving,-66.51281,2.254987,2.822157,3.974042,-55.44515075207315,3.017881678174688,69.35627440242241,58.275152468576486,69.3229384558169
05/18/2023 18:40:50.719871,1913,True,True,True,True,Eyes,0.7048407,0.03396725,-3.466435,-0.9154986,0.0153929,0.4020267,0.0,0.0,0.0,0.0,0.0,0.0,0.0,2.883635,0.1529433,1.91082,0.6302294,0.04256638,-3.404552,0.02288903,-0.551495,-0.01833904,0.8336626,1.027694,292.9994,356.7994,0.2144132,0.009688523,-0.9766947,-0.2065963,-0.01507198,0.07243212,-1.042929,0.1663005,-3.199649,0.1036161,0.1393558,2.035459,0.391034,-0.05582351,0.9186818,0.005330762,0.9982795,0.05839123,-0.9203609,-0.01793569,0.3906588,moving,-66.29208,2.192684,2.914155,3.916589,-55.23828603616785,2.964617009107448,69.22770262925275,58.16023254025402,69.19513686437186
05/18/2023 18:40:50.739122,1914,True,True,True,True,Eyes,0.7008778,0.03422416,-3.463422,-0.9139311,0.0149122,0.4055954,0.0,0.0,0.0,0.0,0.0,0.0,0.0,2.867224,0.1435744,1.924287,0.6221022,0.04285801,-3.399356,0.02212302,-0.5481941,-0.01695289,0.8358867,1.054171,293.4567,356.9845,0.2128992,0.009679974,-0.977026,-0.1942006,-0.01416766,0.06808619,-1.048248,0.1607152,-3.175923,0.1069305,0.1372543,2.03519,0.3983918,-0.0525968,0.915706,0.004085982,0.9984463,0.05557162,-0.9172063,-0.01839772,0.3979878,moving,-66.06873,2.105599,3.0076,3.858215,-55.02850445657601,2.8882154737112438,69.09856025354186,58.04421004351426,69.06680677444025
05/18/2023 18:40:50.749727,1915,True,True,True,True,Eyes,0.6967583,0.03448644,-3.460313,-0.9123126,0.01445304,0.4092392,0.0,0.0,0.0,0.0,0.0,0.0,0.0,2.854068,0.136378,1.932862,0.6140624,0.04385407,-3.394298,0.02182223,-0.5455874,-0.01549847,0.8376265,1.125717,293.8156,357.1463,0.2114448,0.009680554,-0.9773417,-0.1825485,-0.0133176,0.06400102,-1.053481,0.1478061,-3.154266,0.1101024,0.1352431,2.034932,0.4041884,-0.04977572,0.9133205,0.002151995,0.9985672,0.05346929,-0.9146733,-0.01964621,0.4037164,moving,-65.84026,2.022665,3.097036,3.802327,-54.81403189839193,2.815816636596921,68.96026375113324,57.91946985107221,68.92926760411815
05/18/2023 18:40:50.769255,1916,True,True,True,True,Eyes,0.6925218,0.03476268,-3.45709,-0.9106201,0.01372948,0.4130163,0.0,0.0,0.0,0.0,0.0,0.0,0.0,2.840837,0.1249006,1.941231,0.6061586,0.0442496,-3.388944,0.02083937,-0.5430133,-0.01382704,0.8393517,1.144077,294.1725,357.3719,0.210041,0.009689559,-0.9776443,-0.1715956,-0.01251855,0.06016096,-1.059035,0.1293338,-3.132603,0.1131909,0.1332846,2.034681,0.4098908,-0.04584361,0.9109819,0.0005793953,0.9987491,0.04999965,-0.9121345,-0.01996658,0.4094046,moving,-65.6031,1.903924,3.184128,3.747884,-54.59077505052857,2.7101000962800725,68.81193882173052,57.78422291533214,68.78165452246066
05/18/2023 18:40:50.789679,1917,True,True,True,True,Eyes,0.6881472,0.03511565,-3.45377,-0.9088631,0.01291396,0.4168946,0.0,0.0,0.0,0.0,0.0,0.0,0.0,2.826316,0.1153377,1.951261,0.5988426,0.04493581,-3.383512,0.02103475,-0.5402208,-0.01014886,0.8411993,1.399507,294.5547,357.7183,0.2086797,0.009706597,-0.9779356,-0.1612999,-0.01176743,0.0565513,-1.063898,0.1176331,-3.113068,0.1163815,0.1312618,2.034421,0.4161169,-0.03980124,0.9084397,-0.005652393,0.9989091,0.04635408,-0.9092937,-0.02442358,0.4154381,moving,-65.35912,1.774259,3.274106,3.691632,-54.360953889811256,2.5943144285349,68.66000313419893,57.64550489287761,68.63038110626997
05/18/2023 18:40:50.809650,1918,True,True,True,True,Eyes,0.6836497,0.03549385,-3.45033,-0.9070151,0.01221052,0.420921,0.0,0.0,0.0,0.0,0.0,0.0,0.0,2.810668,0.107286,1.9623,0.5911134,0.04716028,-3.37792,0.02128555,-0.5371873,-0.007458066,0.8431613,1.597702,294.9683,357.9679,0.2073533,0.009733095,-0.9782175,-0.1516219,-0.01106139,0.05315822,-1.068762,0.09982125,-3.093169,0.1197026,0.1291559,2.034151,0.4227483,-0.03544536,0.9055537,-0.01029195,0.9989826,0.04390706,-0.9061887,-0.02788154,0.4219534,moving,-65.10527,1.66163,3.367769,3.633046,-54.12226315491645,2.494701026052548,68.50141276601948,57.50130108487146,68.47241068631847
05/18/2023 18:40:50.819637,1919,True,True,True,True,Eyes,0.6790422,0.03587125,-3.446794,-0.9050983,0.01149538,0.425047,0.0,0.0,0.0,0.0,0.0,0.0,0.0,2.79588,0.08755881,1.97201,0.583443,0.04813072,-3.372049,0.01844854,-0.5343928,-0.007262614,0.8450037,1.34176,295.3588,358.1662,0.2060554,0.009768885,-0.9784913,-0.1425246,-0.0103977,0.04996873,-1.073351,0.09069961,-3.07322,0.1227966,0.1271936,2.0339,0.4287432,-0.0319914,0.9028597,-0.007443661,0.9992138,0.03894034,-0.9033956,-0.02341599,0.428168,moving,-64.84459,1.549185,3.455037,3.578434,-53.8772119821837,2.395416213863829,68.3297658406871,57.344453127023705,68.30125385679557
05/18/2023 18:40:50.839117,1920,True,True,True,True,Eyes,0.6743286,0.03623635,-3.443156,-0.9030632,0.0105814,0.4293773,0.0,0.0,0.0,0.0,0.0,0.0,0.0,2.779175,0.08442605,1.983794,0.576175,0.04877114,-3.366307,0.01851498,-0.5312404,-0.006246227,0.8469958,1.416939,295.7862,358.2658,0.2047796,0.009813104,-0.9787587,-0.1339731,-0.009773842,0.04697061,-1.077909,0.0888088,-3.054615,0.1259913,0.1251681,2.03364,0.4354892,-0.03025287,0.8996854,-0.009090759,0.9992363,0.03800072,-0.900148,-0.02472772,0.4348816,moving,-64.57043,1.411689,3.545148,3.522044,-53.61911979221046,2.272991360359118,68.14826163960537,57.177912210189554,68.12010311044342
05/18/2023 18:40:50.859133,1921,True,True,True,True,Eyes,0.669515,0.03661138,-3.439421,-0.9009617,0.009632063,0.4337918,0.0,0.0,0.0,0.0,0.0,0.0,0.0,2.760131,0.08683582,1.998038,0.5687914,0.04888964,-3.360373,0.01948669,-0.5276261,-0.004949298,0.8492389,1.597324,296.2721,358.3393,0.2035217,0.009864603,-0.9790205,-0.1259347,-0.009187412,0.04415237,-1.082287,0.08478884,-3.034826,0.1293307,0.1230508,2.033369,0.4431725,-0.02896965,0.8959683,-0.0121571,0.9991916,0.03832047,-0.896354,-0.02787496,0.4424619,moving,-64.29028,1.272006,3.639347,3.463072,-53.35540434283471,2.148656525422087,67.96495416444775,57.00990588197256,67.9370554111635
05/18/2023 18:40:50.869412,1922,True,True,True,True,Eyes,0.6646163,0.03697593,-3.435579,-0.8987076,0.008511476,0.4384658,0.0,0.0,0.0,0.0,0.0,0.0,0.0,2.743206,0.08283915,2.009398,0.5615168,0.04924756,-3.354399,0.01958841,-0.5244609,-0.00337551,0.8512025,1.708054,296.6997,358.4927,0.2022775,0.009922998,-0.9792777,-0.1183786,-0.008636166,0.04150322,-1.087026,0.09021161,-3.015482,0.1323737,0.1211212,2.033122,0.4498588,-0.02629319,0.8927126,-0.01480022,0.9992098,0.03688804,-0.8929771,-0.02980676,0.4491142,moving,-63.99295,1.112083,3.72519,3.409311,-53.075292674101625,2.005769623108008,67.75709366216635,56.81782079953055,67.72909260177306
05/18/2023 18:40:50.889534,1923,True,True,True,True,Eyes,0.6596249,0.03730232,-3.431626,-0.8963695,0.007407129,0.4432459,0.0,0.0,0.0,0.0,0.0,0.0,0.0,2.723366,0.08562085,2.023778,0.5544934,0.0494083,-3.348107,0.02067472,-0.5207732,-0.001926064,0.8534425,1.907344,297.193,358.5769,0.2010434,0.009987371,-0.9795312,-0.1112759,-0.008117996,0.03901303,-1.091287,0.09785248,-2.996359,0.135579,0.1190887,2.03286,0.4575831,-0.02482125,0.8888204,-0.01824611,0.9991377,0.03729546,-0.8889797,-0.03328329,0.4567357,moving,-63.68805,0.9573866,3.815618,3.352662,-52.788227841064746,1.8679483075015584,67.54615116863482,56.623314445091566,67.51795233660062
05/18/2023 18:40:50.899288,1924,True,True,True,True,Eyes,0.65456,0.03758531,-3.427551,-0.8938651,0.006266942,0.4482921,0.0,0.0,0.0,0.0,0.0,0.0,0.0,2.703596,0.08492119,2.037441,0.5472338,0.04882508,-3.34155,0.02073936,-0.5171297,-0.001337337,0.8556548,1.954641,297.682,358.639,0.1998161,0.0100561,-0.9797816,-0.1045994,-0.007630916,0.03667225,-1.095416,0.09321353,-2.975963,0.1387826,0.1170575,2.032599,0.4651502,-0.02373847,0.8849134,-0.01916128,0.9991362,0.03687461,-0.8850244,-0.03410831,0.4642936,moving,-63.36528,0.8009197,3.906002,3.296026,-52.48447834923539,1.7288788391389,67.31753811134082,56.412252430135226,67.28893348702454
05/18/2023 18:40:50.919516,1925,True,True,True,True,Eyes,0.6494274,0.03783746,-3.423372,-0.8912409,0.005036059,0.4535024,0.0,0.0,0.0,0.0,0.0,0.0,0.0,2.681453,0.0877187,2.053478,0.5402775,0.04809804,-3.334733,0.02111473,-0.5130759,-0.001294303,0.8580825,2.0005,298.2229,358.6303,0.1985933,0.01012757,-0.9800293,-0.0983234,-0.007173061,0.03447191,-1.09938,0.09167187,-2.955914,0.1420053,0.1150138,2.032337,0.4735028,-0.02388816,0.8804682,-0.01944569,0.999105,0.03756451,-0.8805776,-0.03490821,0.4726145,moving,-63.03101,0.6362328,3.996927,3.239021,-52.16985577162439,1.5823784244701986,67.07845291067787,56.19120884567176,67.04919386242203
05/18/2023 18:40:50.939365,1926,True,True,True,True,Eyes,0.6442316,0.03804903,-3.419078,-0.8884423,0.003702134,0.4589734,0.0,0.0,0.0,0.0,0.0,0.0,0.0,2.656525,0.1005633,2.072702,0.5334623,0.04763968,-3.328134,0.02302405,-0.5084376,-0.001517875,0.8607897,2.183167,298.8339,358.5076,0.1973727,0.01020069,-0.9802752,0.0,0.0,0.0,-1.103143,0.09203978,-2.934829,0.1451613,0.1130123,2.03208,0.4829778,-0.02602572,0.8752458,-0.02079944,0.9989352,0.04118121,-0.8753856,-0.03809423,0.4819222,moving,-62.67892,0.4621446,4.085975,3.183174,-51.83844866780028,1.4274860082625676,66.82032030270948,55.951975862340646,66.79002930105185
05/18/2023 18:40:50.949626,1927,True,True,True,True,Eyes,0.638971,0.03823234,-3.414669,-0.8855109,0.00242522,0.4646122,0.0,0.0,0.0,0.0,0.0,0.0,0.0,2.629908,0.1065255,2.093342,0.5266767,0.04691238,-3.321183,0.02396285,-0.503512,-0.001316966,0.8636549,2.296173,299.4852,358.4857,0.1961523,0.01027422,-0.9805194,0.0,0.0,0.0,-1.105758,0.08228024,-2.912137,0.1484891,0.1109027,2.031809,0.4929478,-0.02640597,0.869658,-0.02185635,0.9988481,0.04271748,-0.8697842,-0.04006504,0.4918029,moving,-62.31478,0.2990743,4.179872,3.124288,-51.49602523383629,1.2831826054650926,66.5546435423688,55.7063299981832,66.52333041341444
05/18/2023 18:40:50.969657,1928,True,True,True,True,Eyes,0.6336719,0.03836889,-3.410127,-0.8824444,0.001146341,0.4704153,0.0,0.0,0.0,0.0,0.0,0.0,0.0,2.603162,0.1038132,2.113851,0.5197976,0.04641668,-3.314099,0.02364596,-0.498565,-0.000878153,0.8665293,2.298418,300.1425,358.5606,0.1949311,0.01034733,-0.9807622,0.0,0.0,0.0,-1.108163,0.0768441,-2.888394,0.1515476,0.1089634,2.031561,0.5028642,-0.02509999,0.8640009,-0.02205621,0.9988801,0.04185547,-0.8640841,-0.0401042,0.5017475,moving,-61.93872,0.1396221,4.266168,3.070134,-51.1425645771972,1.142538760184395,66.2697147654084,55.44225166080391,66.23713233502058
05/18/2023 18:40:50.989450,1929,True,True,True,True,Eyes,0.6283198,0.03845521,-3.405462,-0.8792413,-0.000122973,0.4763767,0.0,0.0,0.0,0.0,0.0,0.0,0.0,2.576343,0.1023803,2.13378,0.5132383,0.04544775,-3.306897,0.02339288,-0.4936721,-0.0006004113,0.8693331,2.297008,300.79,358.6156,0.1937076,0.01041881,-0.9810038,0.0,0.0,0.0,-1.110303,0.07354329,-2.865449,0.1548003,0.1069008,2.031296,0.512575,-0.02414074,0.858303,-0.02205291,0.9989048,0.04126523,-0.8583592,-0.0400796,0.5114812,moving,-61.55098,-0.01479046,4.357954,3.012519,-50.77831760520037,1.0068795908151833,65.97842210588976,55.17273815900476,65.94452823904537
05/18/2023 18:40:50.999367,1930,True,True,True,True,Eyes,0.6229253,0.03850044,-3.400691,-0.8758863,-0.001435216,0.4825153,0.0,0.0,0.0,0.0,0.0,0.0,0.0,2.548086,0.1058672,2.154114,0.5065407,0.04433761,-3.299334,0.02383966,-0.4885533,-0.0004905624,0.8722083,2.355919,301.4622,358.615,0.1924817,0.01048738,-0.9812442,0.0,0.0,0.0,-1.112576,0.06211787,-2.843216,0.1579937,0.1048758,2.031036,0.5226309,-0.02414963,0.852217,-0.02243814,0.9988629,0.04206564,-0.8522637,-0.04110698,0.5214947,moving,-61.15016,-0.1704227,4.448066,2.955935,-50.401859710555016,0.8703781982881913,65.67268356642224,54.88956091668588,65.63725963479516
05/18/2023 18:40:51.024412,1931,True,True,True,True,Eyes,0.6174725,0.0384992,-3.395805,-0.8723689,-0.002723444,0.4888405,0.0,0.0,0.0,0.0,0.0,0.0,0.0,2.517474,0.1125737,2.176847,0.5001627,0.04342771,-3.291954,0.02483723,-0.4829767,-0.0003545315,0.8752809,2.472314,302.19,358.5884,0.1912517,0.01055225,-0.9814841,0.0,0.0,0.0,-1.114612,0.05102279,-2.821464,0.161086,0.102915,2.030785,0.5334668,-0.02461223,0.8454629,-0.02337097,0.9987659,0.04382155,-0.8454981,-0.04313663,0.5322332,moving,-60.73549,-0.3192048,4.535321,2.901121,-50.0126283143554,0.7406058529555439,65.35020479582191,54.59071899235341,65.31317010899818
05/18/2023 18:40:51.040265,1932,True,True,True,True,Eyes,0.6119695,0.03843283,-3.390832,-0.8687563,-0.004061223,0.4952231,0.0,0.0,0.0,0.0,0.0,0.0,0.0,2.485925,0.1177996,2.199717,0.4932318,0.04231805,-3.284415,0.02534013,-0.4772019,-0.0008446857,0.8784279,2.505356,302.9422,358.5277,0.1900169,0.01061246,-0.9817232,0.0,0.0,0.0,-1.117202,0.04637398,-2.800195,0.1643255,0.1008608,2.030521,0.5445552,-0.0256687,0.838332,-0.02270072,0.9987143,0.04532512,-0.8384176,-0.04371277,0.5432725,moving,-60.31527,-0.4698605,4.626735,2.843681,-49.618189651274704,0.6092068069485275,65.02648361008188,54.29092673128617,64.98768876349575
05/18/2023 18:40:51.049511,1933,True,True,True,True,Eyes,0.6064284,0.0383174,-3.385756,-0.8650066,-0.005472511,0.5017305,0.0,0.0,0.0,0.0,0.0,0.0,0.0,2.455824,0.1256862,2.220515,0.4867336,0.04070006,-3.27704,0.02608817,-0.4717606,-0.001636079,0.8813391,2.547142,303.6467,358.4227,0.1887769,0.01066661,-0.9819618,0.0,0.0,0.0,-1.118819,0.0496675,-2.778336,0.1676773,0.09873532,2.030248,0.5548785,-0.02749862,0.8314768,-0.02173086,0.9986334,0.04752871,-0.8316475,-0.04444136,0.5535226,moving,-59.88495,-0.6249159,4.72132,2.784224,-49.21425569828546,0.4739207029816783,64.69615412194663,53.98503336323592,64.65535166556037
05/18/2023 18:40:51.069300,1934,True,True,True,True,Eyes,0.6008484,0.0381635,-3.38055,-0.8611765,-0.006839092,0.50826,0.0,0.0,0.0,0.0,0.0,0.0,0.0,2.426331,0.1404945,2.239503,0.4802053,0.03927083,-3.269565,0.02798717,-0.4664805,-0.002438011,0.8840854,2.706027,304.3228,358.2548,0.1875303,0.01071394,-0.9822001,0.0,0.0,0.0,-1.121646,0.04671603,-2.759363,0.1708355,0.09673276,2.029991,0.5647801,-0.03042175,0.8246806,-0.02180012,0.9984216,0.05176066,-0.8249534,-0.04721152,0.5632254,moving,-59.45121,-0.7709194,4.810437,2.728184,-48.807308832355965,0.3471857983119837,64.3568411263053,53.67058617697003,64.3140007055102
05/18/2023 18:40:51.089212,1935,True,True,True,True,Eyes,0.5952258,0.03793089,-3.375239,-0.8571966,-0.008173266,0.5149245,0.0,0.0,0.0,0.0,0.0,0.0,0.0,2.395297,0.1474094,2.259532,0.473299,0.03820131,-3.261777,0.02825681,-0.4609194,-0.004484168,0.8869808,2.636124,305.0378,358.0493,0.1862772,0.01075404,-0.9824381,0.0,0.0,0.0,-1.12433,0.04061204,-2.739635,0.1739179,0.09477871,2.029741,0.5750663,-0.03400296,0.8173999,-0.01809348,0.9983629,0.05426016,-0.8179067,-0.0459928,0.5735097,moving,-59.00645,-0.9093651,4.897415,2.673483,-48.39023894768437,0.2277775487474032,64.00422456717915,53.34374882216705,63.959337539947896
05/18/2023 18:40:51.099628,1936,True,True,True,True,Eyes,0.5895846,0.03765298,-3.369813,-0.853129,-0.009676667,0.5216103,0.0,0.0,0.0,0.0,0.0,0.0,0.0,2.364079,0.1563801,2.279113,0.466585,0.03624898,-3.254023,0.02899018,-0.4553456,-0.005796763,0.8898239,2.654503,305.7512,357.8935,0.1850172,0.01078536,-0.9826758,0.0,0.0,0.0,-1.127062,0.04159321,-2.720964,0.1771132,0.09275259,2.029481,0.5852535,-0.0367173,0.8100186,-0.0160849,0.9982519,0.05687136,-0.8106908,-0.04631324,0.5836399,moving,-58.55803,-1.062802,4.987577,2.616746,-47.96947107358331,0.0944207837095776,63.65204821906954,53.01708276739251,63.604596735415775
05/18/2023 18:40:51.119698,1937,True,True,True,True,Eyes,0.5838891,0.03733539,-3.364294,-0.8489082,-0.01112203,0.5284232,0.0,0.0,0.0,0.0,0.0,0.0,0.0,2.331555,0.1748879,2.299216,0.4598551,0.03495041,-3.246605,0.03158275,-0.4494929,-0.006502513,0.8927018,2.897094,306.4897,357.7045,0.1837504,0.01080748,-0.9829133,0.0,0.0,0.0,-1.129913,0.04339741,-2.702718,0.1802645,0.09075422,2.029225,0.5958278,-0.04000204,0.8021154,-0.01678283,0.9979206,0.06223361,-0.8029369,-0.05054228,0.5939174,moving,-58.09881,-1.205759,5.076498,2.560766,-47.538841252537125,-0.028879171664883,63.287488901602735,52.67902985794918,63.2375700176858
05/18/2023 18:40:51.139436,1938,True,True,True,True,Eyes,0.5781466,0.03699419,-3.358677,-0.8445667,-0.01249684,0.5353045,0.0,0.0,0.0,0.0,0.0,0.0,0.0,2.300014,0.1811334,2.318142,0.452774,0.03368404,-3.238907,0.03199508,-0.4438175,-0.007889105,0.8955113,2.883267,307.2123,357.5594,0.1824763,0.01082015,-0.9831504,0.0,0.0,0.0,-1.132806,0.03981504,-2.684627,0.1834731,0.08871987,2.028964,0.6059277,-0.04252952,0.7943822,-0.01427039,0.9978282,0.06430656,-0.7953918,-0.05030127,0.6040048,moving,-57.6326,-1.337343,5.167031,2.50376,-47.101916658213874,-0.1413735661409623,62.916990757606726,52.33583495923064,62.864818460356986
05/18/2023 18:40:51.149222,1939,True,True,True,True,Eyes,0.5723426,0.03663888,-3.352972,-0.8400463,-0.01376067,0.5423401,0.0,0.0,0.0,0.0,0.0,0.0,0.0,2.267448,0.1838385,2.337734,0.4456985,0.03278888,-3.23116,0.03214338,-0.4379273,-0.008570772,0.8983948,2.880219,307.9628,357.5007,0.1811934,0.01082364,-0.9833877,0.0,0.0,0.0,-1.135666,0.04795292,-2.665867,0.1868148,0.08660079,2.028692,0.6162925,-0.0435528,0.7863122,-0.01275306,0.9977866,0.06526164,-0.7874141,-0.05024813,0.614373,moving,-57.15342,-1.453441,5.261321,2.444357,-46.65320426299156,-0.2390755827693595,62.53633122710258,51.98383156047712,62.48233243566887
05/18/2023 18:40:51.169097,1940,True,True,True,True,Eyes,0.5664848,0.03624257,-3.347183,-0.8353702,-0.01487475,0.5494864,0.0,0.0,0.0,0.0,0.0,0.0,0.0,2.233253,0.1825214,2.358567,0.4383217,0.03208405,-3.223416,0.03158795,-0.4316833,-0.009541604,0.9014214,2.791995,308.759,357.448,0.1799011,0.01081845,-0.9836249,0.0,0.0,0.0,-1.1389,0.053338,-2.649088,0.1898481,0.0846775,2.028445,0.6271169,-0.044474,0.7776545,-0.01006997,0.9978223,0.06518602,-0.7788601,-0.04871021,0.6253034,moving,-56.66405,-1.550635,5.346903,2.390426,-46.19535998011264,-0.318849492953265,62.1360624257277,51.613419251274244,62.08063943626557
05/18/2023 18:40:51.189486,1941,True,True,True,True,Eyes,0.5605762,0.03580585,-3.341326,-0.8305052,-0.01605537,0.5567794,0.0,0.0,0.0,0.0,0.0,0.0,0.0,2.199134,0.1794128,2.379039,0.4309899,0.03069313,-3.215822,0.03070952,-0.4254336,-0.01029691,0.9044098,2.681659,309.5554,357.4321,0.1785989,0.01080423,-0.9838623,0.0,0.0,0.0,-1.140561,0.03737935,-2.630577,0.1929682,0.08269919,2.028191,0.6378005,-0.04475497,0.7689002,-0.007504473,0.9979018,0.06430928,-0.770165,-0.04678668,0.6361264,moving,-56.16168,-1.651732,5.434935,2.334934,-45.725327815755136,-0.4019791420781144,61.72549299320161,51.23341863397774,61.66849429253953
05/18/2023 18:40:51.209101,1942,True,True,True,True,Eyes,0.5546187,0.0353648,-3.335404,-0.8250983,-0.01760186,0.5647149,0.0,0.0,0.0,0.0,0.0,0.0,0.0,2.163175,0.1893908,2.399751,0.4237478,0.02931274,-3.208361,0.03210431,-0.4188762,-0.01058399,0.907414,2.831394,310.3771,357.3543,0.1772855,0.01078067,-0.9841002,0.0,0.0,0.0,-1.14232,0.01872548,-2.611568,0.1963832,0.08053354,2.027913,0.6488615,-0.04610359,0.7595086,-0.007687338,0.9977146,0.06713056,-0.7608678,-0.04939704,0.6470242,moving,-55.61143,-1.7853,5.531279,2.274164,-45.21005943594253,-0.5144066987019715,61.27732134995765,50.81790582867931,61.217684511611466
05/18/2023 18:40:51.219429,1943,True,True,True,True,Eyes,0.5486085,0.03504639,-3.32942,-0.8194488,-0.01947704,0.5728213,0.0,0.0,0.0,0.0,0.0,0.0,0.0,2.124044,0.2072637,2.421998,0.4164714,0.02882952,-3.200986,0.0348552,-0.4117526,-0.01111931,0.910561,3.113769,311.259,357.1899,0.1759605,0.01074856,-0.9843383,0.0,0.0,0.0,-1.144368,0.0351847,-2.59202,0.1994643,0.07857974,2.027663,0.6606724,-0.04895305,0.7490765,-0.008453828,0.997323,0.07263237,-0.7506269,-0.05431877,0.6584899,moving,-55.0452,-1.947418,5.618196,2.219321,-44.6793534658252,-0.6531922542202668,60.806326382597206,50.37950788428569,60.74272976280432
05/18/2023 18:40:51.239604,1944,True,True,True,True,Eyes,0.5425274,0.03478652,-3.323365,-0.8132669,-0.02120846,0.581504,0.0,0.0,0.0,0.0,0.0,0.0,0.0,2.080345,0.2357618,2.446105,0.4090481,0.03154629,-3.193514,0.03988452,-0.4038228,-0.01158245,0.913894,3.643369,312.224,356.9337,0.1746237,0.01071236,-0.9845768,0.0,0.0,0.0,-1.146068,0.04978125,-2.572377,0.2028425,0.07643809,2.027388,0.6735859,-0.05338282,0.7371786,-0.01104231,0.9965502,0.08225497,-0.7390264,-0.06354594,0.6706727,moving,-54.43438,-2.08875,5.713496,2.159185,-44.10749894047894,-0.7715005618486694,60.29769430977938,49.90711827707202,60.230876122666295
05/18/2023 18:40:51.249360,1945,True,True,True,True,Eyes,0.5364074,0.03437831,-3.317245,-0.8068749,-0.02247952,0.5902945,0.0,0.0,0.0,0.0,0.0,0.0,0.0,2.035788,0.227067,2.472891,0.4012536,0.03265653,-3.185767,0.03822492,-0.3956159,-0.01345955,0.9175215,3.410814,313.2567,356.8448,0.1732736,0.01067422,-0.9848156,0.0,0.0,0.0,-1.147002,0.04139388,-2.552623,0.2059996,0.07443584,2.027131,0.6866138,-0.05494362,0.7249432,-0.005545923,0.9967154,0.08079401,-0.7270011,-0.05949476,0.6840539,moving,-53.8115,-2.180877,5.80255,2.102944,-43.52535168147903,-0.8434751236953524,59.76776790011939,49.41582003721217,59.699399993997474
05/18/2023 18:40:51.269406,1946,True,True,True,True,Eyes,0.5302842,0.03406416,-3.311108,-0.8000695,-0.02459336,0.599403,0.0,0.0,0.0,0.0,0.0,0.0,0.0,1.997217,0.1994799,2.495631,0.3940926,0.02859677,-3.178162,0.03306085,-0.3884878,-0.01398656,0.9207544,2.866823,314.1741,357.0475,0.1719098,0.0106299,-0.9850551,0.0,0.0,0.0,-1.148281,0.04652458,-2.532727,0.2090743,0.07248668,2.026881,0.6977632,-0.05144385,0.7144789,6.890669e-05,0.9974227,0.07174906,-0.7163285,-0.05001463,0.6959685,moving,-53.15987,-2.349514,5.889273,2.048177,-42.91494768364929,-0.9864076304176744,59.21267579805805,48.89847298656174,59.13961607012701
05/18/2023 18:40:51.289068,1947,True,True,True,True,Eyes,0.5240725,0.03396426,-3.304886,-0.7929733,-0.02665583,0.6086729,0.0,0.0,0.0,0.0,0.0,0.0,0.0,1.949725,0.255155,2.519004,0.387432,0.03074189,-3.171887,0.0430688,-0.3799254,-0.01219356,0.9239334,4.032375,315.1828,356.8245,0.1705335,0.0105828,-0.9852948,0.0,0.0,0.0,-1.148862,0.04879479,-2.51265,0.2122782,0.07045515,2.026621,0.7110161,-0.05525794,0.7010013,-0.01019378,0.9959928,0.08885068,-0.7031019,-0.07032011,0.7076035,moving,-52.49076,-2.507572,5.979636,1.991077,-42.28845943664001,-1.119037640606508,58.64320123613663,48.368190478436375,58.56574298991243
05/18/2023 18:40:51.309200,1948,True,True,True,True,Eyes,0.5178483,0.03416536,-3.29859,-0.7855464,-0.02815682,0.6181619,0.0,0.0,0.0,0.0,0.0,0.0,0.0,1.898943,0.2652347,2.545045,0.3789675,0.03580528,-3.163651,0.04440352,-0.3707778,-0.01692786,0.9275051,4.003421,316.2918,356.3026,0.1691429,0.01053958,-0.9855349,0.0,0.0,0.0,-1.148526,0.04807416,-2.490063,0.2155831,0.06835931,2.026351,0.7244747,-0.06432903,0.6862932,-0.00152632,0.9954836,0.09492192,-0.6892997,-0.06981602,0.7211044,moving,-51.8001,-2.607978,6.072843,1.93215,-41.64299810706191,-1.1972099530190916,58.05075618575208,47.818347799458095,57.971240248397706
05/18/2023 18:40:51.319486,1949,True,True,True,True,Eyes,0.5115612,0.0343377,-3.292198,-0.7778456,-0.02879328,0.6277955,0.0,0.0,0.0,0.0,0.0,0.0,0.0,1.856239,0.2271912,2.569976,0.3716922,0.04315885,-3.156263,0.03874016,-0.3628113,-0.02008513,0.9308404,3.299057,317.3032,356.238,0.1677388,0.0105089,-0.9857752,0.0,0.0,0.0,-1.148094,0.05366634,-2.468444,0.2187076,0.06637807,2.026097,0.7359291,-0.06550284,0.6738826,0.009281372,0.9961916,0.08669604,-0.676995,-0.05754759,0.7337343,moving,-51.09317,-2.625979,6.160953,1.876428,-40.98395850250058,-1.1978757419337889,57.43088253973447,47.245042322727144,57.35271981922039
05/18/2023 18:40:51.339396,1950,True,True,True,True,Eyes,0.5053157,0.03427246,-3.285735,-0.7699569,-0.02892917,0.6374398,0.0,0.0,0.0,0.0,0.0,0.0,0.0,1.81081,0.1658186,2.595288,0.3637648,0.04245181,-3.147685,0.02844529,-0.3542939,-0.02160134,0.9344517,2.169453,318.4062,356.5275,0.1663202,0.01048869,-0.9860158,0.0,0.0,0.0,-1.147494,0.05796176,-2.44611,0.2218421,0.06439027,2.025842,0.7480184,-0.0605268,0.6609123,0.02021484,0.9974486,0.06846794,-0.66337,-0.03785505,0.7473333,moving,-50.37897,-2.598493,6.249339,1.820502,-40.31901797018053,-1.1557976250129869,56.80046564078068,46.66337139941792,56.725547291816845
05/18/2023 18:40:51.349752,1951,True,True,True,True,Eyes,0.4990778,0.03416531,-3.279281,-0.7618179,-0.03002986,0.6470948,0.0,0.0,0.0,0.0,0.0,0.0,0.0,1.776045,0.1164804,2.612385,0.3571239,0.03656904,-3.140634,0.02015029,-0.3477621,-0.01938636,0.9371659,1.391544,319.2473,357.113,0.1648898,0.01047082,-0.9862562,0.0,0.0,0.0,-1.145995,0.05676215,-2.423407,0.2251828,0.0622721,2.025569,0.7573714,-0.05035147,0.6510401,0.02232146,0.9984363,0.05125199,-0.6526027,-0.02428463,0.7573111,moving,-49.65514,-2.657031,6.343532,1.76089,-39.643453486497634,-1.194020615706286,56.172673887984224,46.08182213066404,56.097446472691445
05/18/2023 18:40:51.369438,1952,True,True,True,True,Eyes,0.4928373,0.03417731,-3.272776,-0.7534168,-0.03189653,0.6567692,0.0,0.0,0.0,0.0,0.0,0.0,0.0,1.729182,0.1769165,2.631952,0.3508269,0.03565773,-3.134356,0.03122338,-0.3394277,-0.01434832,0.9400043,2.806311,320.2238,357.2356,0.1634478,0.01045378,-0.9864963,0.0,0.0,0.0,-1.144227,0.05373109,-2.400141,0.2282378,0.06033508,2.025322,0.7691659,-0.04817111,0.6372309,0.005778799,0.9976385,0.06844064,-0.6390229,-0.04895978,0.7676279,moving,-48.92066,-2.780432,6.429655,1.706357,-38.95672078606805,-1.2927139035675284,55.53187054412759,45.48535515172778,55.45346266375105
05/18/2023 18:40:51.389625,1953,True,True,True,True,Eyes,0.486595,0.03420531,-3.266203,-0.7448121,-0.03337259,0.6664392,0.0,0.0,0.0,0.0,0.0,0.0,0.0,1.682531,0.2238505,2.648803,0.3438736,0.03873244,-3.126888,0.03930361,-0.3312078,-0.01532056,0.9426144,3.666436,321.179,356.8454,0.1619953,0.0104411,-0.9867361,0.0,0.0,0.0,-1.142855,0.05164323,-2.378236,0.2314388,0.05830526,2.025062,0.7801334,-0.05491808,0.6231982,0.002847427,0.9964411,0.08424488,-0.6256068,-0.06394774,0.7775132,moving,-48.17862,-2.866747,6.519889,1.649196,-38.26365570741519,-1.356520285722692,54.884611941803236,44.884297999983396,54.80460883634403
05/18/2023 18:40:51.409305,1954,True,True,True,True,Eyes,0.480391,0.03423203,-3.2596,-0.735964,-0.03519139,0.6761054,0.0,0.0,0.0,0.0,0.0,0.0,0.0,1.640602,0.201361,2.666411,0.3374473,0.03907832,-3.118729,0.03540904,-0.3237116,-0.01722721,0.9453361,3.198399,322.1055,356.8137,0.1605321,0.01043286,-0.9869753,0.0,0.0,0.0,-1.142954,0.04851011,-2.359443,0.2347568,0.0562012,2.024792,0.7898281,-0.05549563,0.6108125,0.009646363,0.9968988,0.07810018,-0.6132524,-0.05579361,0.787914,moving,-47.42736,-2.979565,6.613412,1.589924,-37.5614910715474,-1.4449233580537442,54.233617508673575,44.2790284431275,54.150873417909985
05/18/2023 18:40:51.419478,1955,True,True,True,True,Eyes,0.4741774,0.03429595,-3.252975,-0.7268701,-0.03713894,0.6857701,0.0,0.0,0.0,0.0,0.0,0.0,0.0,1.590532,0.2177545,2.686436,0.3314308,0.03917821,-3.111714,0.03865802,-0.3147994,-0.01547932,0.9482445,3.644678,323.1714,356.9158,0.1590602,0.01042859,-0.9872135,0.0,0.0,0.0,-1.142916,0.04701858,-2.340604,0.2379625,0.05416875,2.024531,0.8013235,-0.05369538,0.5958167,0.005017303,0.9965319,0.08306025,-0.5982103,-0.06356873,0.7988138,moving,-46.66652,-3.099913,6.703762,1.532651,-36.85025558570519,-1.5401554664853545,53.57095901674358,43.662278770540496,53.485041414803156
05/18/2023 18:40:51.439512,1956,True,True,True,True,Eyes,0.4679629,0.03435232,-3.246312,-0.7175519,-0.03871173,0.6954283,0.0,0.0,0.0,0.0,0.0,0.0,0.0,1.543586,0.2284769,2.703794,0.3247913,0.04019276,-3.104554,0.04084586,-0.3063679,-0.01496236,0.9509188,3.928653,324.1787,356.9269,0.1575793,0.01042905,-0.987451,0.0,0.0,0.0,-1.141801,0.03804053,-2.32113,0.2410725,0.05219675,2.024278,0.8118297,-0.0534837,0.5814397,0.00342826,0.9962155,0.08685017,-0.5838843,-0.06851421,0.8089406,moving,-45.89703,-3.18614,6.791401,1.477065,-36.13161518909762,-1.6032510627478356,52.894387623960505,43.03340174580624,52.80674732596557
05/18/2023 18:40:51.449458,1957,True,True,True,True,Eyes,0.4617731,0.03438591,-3.239628,-0.7080352,-0.04028081,0.7050273,0.0,0.0,0.0,0.0,0.0,0.0,0.0,1.504899,0.204997,2.717915,0.3186119,0.0399539,-3.096885,0.03700723,-0.299388,-0.01544252,0.9532885,3.515039,325.0384,357.0366,0.1560898,0.01043356,-0.9876875,0.0,0.0,0.0,-1.140219,0.0321067,-2.300375,0.2443911,0.05009238,2.024008,0.8202568,-0.05160139,0.5696632,0.007283309,0.996784,0.07980374,-0.5719491,-0.06131052,0.8179946,moving,-45.12196,-3.269964,6.884911,1.417729,-35.40782165216432,-1.663969620987281,52.21770865207406,42.40485940995491,52.1285208317429
05/18/2023 18:40:51.469266,1958,True,True,True,True,Eyes,0.4556296,0.03444261,-3.232891,-0.6982599,-0.0418448,0.7146203,0.0,0.0,0.0,0.0,0.0,0.0,0.0,1.462101,0.206,2.732271,0.3128375,0.03944327,-3.08967,0.0373973,-0.2917674,-0.01464588,0.9556457,3.608051,325.954,357.1389,0.154593,0.01044105,-0.9879228,0.0,0.0,0.0,-1.139096,0.04096453,-2.280282,0.2474148,0.04817521,2.023761,0.8293146,-0.04981515,0.5565569,0.006169919,0.9967739,0.0800235,-0.5587478,-0.06293075,0.8269465,moving,-44.33657,-3.351145,6.970104,1.363656,-34.67446300509981,-1.7219779794016965,51.52285071123178,41.75872481406833,51.43212177481579
05/18/2023 18:40:51.489152,1959,True,True,True,True,Eyes,0.4495035,0.03450369,-3.226109,-0.6882685,-0.04326713,0.7241646,0.0,0.0,0.0,0.0,0.0,0.0,0.0,1.416709,0.2078899,2.746718,0.3069444,0.04008698,-3.082031,0.03807777,-0.2837156,-0.01408237,0.9580488,3.725127,326.9171,357.209,0.1530903,0.01045195,-0.9881567,0.0,0.0,0.0,-1.136514,0.03721093,-2.259028,0.2506942,0.04609564,2.023495,0.8386143,-0.0485897,0.5425543,0.005376669,0.9967035,0.08095149,-0.5446991,-0.06496994,0.8361111,moving,-43.54418,-3.419223,7.062484,1.304984,-33.934833470485565,-1.7675612055663708,50.82669154084047,41.11229224716167,50.735114254401054
05/18/2023 18:40:51.509075,1960,True,True,True,True,Eyes,0.4434652,0.03458456,-3.219298,-0.6780287,-0.04474954,0.733672,0.0,0.0,0.0,0.0,0.0,0.0,0.0,1.371799,0.197705,2.760767,0.3010466,0.04021861,-3.074168,0.03673174,-0.2757127,-0.01324827,0.9604467,3.626512,327.8828,357.3752,0.1515823,0.01046608,-0.988389,0.0,0.0,0.0,-1.132732,0.02913316,-2.235955,0.2539468,0.04403333,2.02323,0.8476139,-0.04570333,0.5286415,0.0051937,0.9969506,0.07786318,-0.530588,-0.06325231,0.8452666,moving,-42.74281,-3.490371,7.154098,1.246781,-33.18677774566972,-1.815812482749748,50.12127329818715,40.45696151181085,50.02872320281946
05/18/2023 18:40:51.519649,1961,True,True,True,True,Eyes,0.4374562,0.03464027,-3.212454,-0.6675478,-0.04637506,0.7431213,0.0,0.0,0.0,0.0,0.0,0.0,0.0,1.325091,0.2030135,2.774851,0.2958592,0.04081065,-3.067194,0.03825083,-0.2674329,-0.01095939,0.9627547,3.887092,328.8706,357.6125,0.1500717,0.01048376,-0.9886193,0.0,0.0,0.0,-1.12996,0.02424467,-2.214855,0.257017,0.04208666,2.022981,0.8567191,-0.04156147,0.5141062,0.000643342,0.9968336,0.07951414,-0.515783,-0.06779053,0.8540331,moving,-41.93344,-3.570956,7.240558,1.191825,-32.4310867623895,-1.872713987888248,49.404110781978105,39.78983283907477,49.31009810547191
05/18/2023 18:40:51.539565,1962,True,True,True,True,Eyes,0.431556,0.03470307,-3.20558,-0.6568437,-0.04808746,0.7524919,0.0,0.0,0.0,0.0,0.0,0.0,0.0,1.276938,0.212102,2.787624,0.2903287,0.0402704,-3.059493,0.04025475,-0.2589101,-0.008282734,0.9650269,4.209574,329.8854,357.8835,0.1485588,0.01050388,-0.9888475,0.0,0.0,0.0,-1.125193,0.01549128,-2.191279,0.2604578,0.0399044,2.022701,0.8657939,-0.03683084,0.4990436,-0.004858605,0.9966219,0.08198279,-0.5003772,-0.07340485,0.8626902,moving,-41.11743,-3.656474,7.337446,1.1302,-31.669114167893767,-1.9340809490441444,48.690730700592816,39.126737071549826,48.5951819685158
05/18/2023 18:40:51.549279,1963,True,True,True,True,Eyes,0.4256934,0.03478025,-3.198697,-0.6459613,-0.0500181,0.7617297,0.0,0.0,0.0,0.0,0.0,0.0,0.0,1.232535,0.2206169,2.798855,0.2853752,0.04051576,-3.052593,0.04231052,-0.2510191,-0.005224811,0.967043,4.543107,330.8258,358.198,0.1470464,0.01052643,-0.9890733,0.0,0.0,0.0,-1.120831,0.01151112,-2.167938,0.2635298,0.03795702,2.022452,0.8739243,-0.03134673,0.4850503,-0.01113626,0.9963651,0.08445522,-0.4859346,-0.07920912,0.8703985,moving,-40.29858,-3.756868,7.423938,1.075191,-30.904209843991964,-2.0093073666325054,47.966524977736356,38.45206167846744,47.86862937416918
05/18/2023 18:40:51.569360,1964,True,True,True,True,Eyes,0.2808443,0.03729573,-3.025721,-0.3283482,-0.0919238,0.9400731,0.0,0.0,0.0,0.0,0.0,0.0,0.0,1.190018,0.2361472,2.807587,0.2802016,0.04095878,-3.045368,0.04548103,-0.2434497,-0.002499223,0.9688435,4.98593,331.722,358.4477,0.1455344,0.01055166,-0.9892967,0.0,0.0,0.0,-1.114901,0.007126272,-2.142939,0.2665839,0.03602015,2.022202,0.881452,-0.0269874,0.4715019,-0.01730198,0.9958505,0.08934487,-0.4719566,-0.08691112,0.8773274,moving,-19.25326,-5.584836,7.509911,1.020464,-11.259789374388854,-3.238559427574386,27.566234963542644,19.24684214880354,27.459951400616458
05/18/2023 18:40:51.589360,1965,True,True,True,True,Eyes,0.2806554,0.03729494,-3.025422,-0.3278889,-0.09185509,0.9402401,0.0,0.0,0.0,0.0,0.0,0.0,0.0,1.153256,0.2357137,2.814306,0.2752749,0.0415943,-3.037823,0.04585274,-0.2369196,-0.0008841846,0.9704463,5.081706,332.5011,358.6514,0.1385208,0.01079098,-0.9903005,-0.4345472,0.00754644,0.5189266,-1.106955,-0.002415642,-2.116231,0.2697304,0.03402532,2.021947,0.8877367,-0.02344293,0.4597544,-0.02001072,0.9957935,0.08941419,-0.4599166,-0.08857627,0.8835332,moving,-19.22514,-5.579704,7.59847,0.9640824,-11.233686580535156,-3.233111937331956,27.610273339482262,19.294210576728062,27.504858798459427
05/18/2023 18:40:51.599618,1966,True,True,True,True,Eyes,0.2803175,0.03730633,-3.024809,-0.3266559,-0.0918985,0.9406649,0.0,0.0,0.0,0.0,0.0,0.0,0.0,1.120164,0.2286196,2.819649,0.2704,0.04153564,-3.030282,0.04487705,-0.2310306,-4.615103e-05,0.9719112,5.003216,333.2047,358.8021,0.1327174,0.01098615,-0.9910927,-0.4084744,0.007093654,0.487791,-1.097915,-0.009332404,-2.088191,0.2729282,0.03199798,2.021687,0.8932498,-0.02082565,0.4490782,-0.02064623,0.9959721,0.08725432,-0.4490864,-0.08721167,0.8892218,moving,-19.1501,-5.579819,7.688461,0.9067659,-11.163764570137738,-3.231501685656053,27.611304572867052,19.30107944022424,27.506825148395354
05/18/2023 18:40:51.619664,1967,True,True,True,True,Eyes,0.2797969,0.03733825,-3.023906,-0.3250577,-0.09176289,0.9412317,0.0,0.0,0.0,0.0,0.0,0.0,0.0,1.087917,0.2241771,2.823808,0.2654521,0.04182355,-3.022498,0.04422041,-0.2253199,-0.000446478,0.9732808,4.926432,333.8792,358.8039,0.1278959,0.01114632,-0.9917247,-0.3839659,0.006668035,0.4585236,-1.088687,-0.01165077,-2.060019,0.2761346,0.02996476,2.021426,0.8984615,-0.02079657,0.4385596,-0.01905838,0.9960887,0.08627895,-0.4386385,-0.08587654,0.894551,moving,-19.05253,-5.568303,7.778676,0.849266,-11.07307307743937,-3.218488617495548,27.58801927076674,19.285618240204084,27.48499035299471
05/18/2023 18:40:51.639268,1968,True,True,True,True,Eyes,0.2791307,0.03736344,-3.022707,-0.322892,-0.09152775,0.9419997,0.0,0.0,0.0,0.0,0.0,0.0,0.0,1.057423,0.2108774,2.827464,0.2604177,0.04231834,-3.014557,0.0420307,-0.2198978,-0.001536141,0.9746159,4.660532,334.5208,358.7652,0.1238709,0.01127911,-0.9922341,-0.3609279,0.006267953,0.4310122,-1.07904,-0.01444641,-2.032144,0.2794079,0.02788877,2.021159,0.9032852,-0.02147921,0.4285027,-0.01549063,0.9964621,0.08260316,-0.4287609,-0.08125198,0.8997567,moving,-18.92033,-5.549623,7.870763,0.7905401,-10.95025198666035,-3.1979769999024725,27.531079388016202,19.238993575140775,27.429905313614242
05/18/2023 18:40:51.649500,1969,True,True,True,True,Eyes,0.2783014,0.03733474,-3.021236,-0.3204845,-0.0910298,0.9428697,0.0,0.0,0.0,0.0,0.0,0.0,0.0,1.032847,0.1850918,2.829298,0.2555174,0.04210895,-3.006476,0.03770997,-0.2154741,-0.002097907,0.975779,4.168455,335.0527,358.8311,0.120493,0.01138975,-0.9926486,-0.3392723,0.005891875,0.4051514,-1.06854,-0.0198804,-2.003335,0.2828379,0.02571394,2.020881,0.907133,-0.02034523,0.420352,-0.01215686,0.9971471,0.07449728,-0.4206685,-0.07268911,0.9042977,moving,-18.77307,-5.514557,7.967237,0.7289993,-10.813712975186045,-3.161782725476338,27.45953411340984,19.17973583603826,27.36083999500396
05/18/2023 18:40:51.669521,1970,True,True,True,True,Eyes,0.2773106,0.03727425,-3.019505,-0.317579,-0.09076653,0.9438777,0.0,0.0,0.0,0.0,0.0,0.0,0.0,1.00917,0.1656479,2.830075,0.250672,0.0407171,-2.998449,0.0342717,-0.2111968,-0.002415469,0.9768396,3.780576,335.564,358.8977,0.1176197,0.01148166,-0.9929921,-0.3189159,0.005538363,0.3808423,-1.056397,-0.0269417,-1.973851,0.2857662,0.02385708,2.020642,0.9107801,-0.0191952,0.4124452,-0.009757094,0.9976392,0.06797617,-0.4127764,-0.06593561,0.9084427,moving,-18.59613,-5.492869,8.049583,0.6764415,-10.649262356011668,-3.13743127548683,27.350583418343735,19.08382674401648,27.25396848269166
05/18/2023 18:40:51.689442,1971,True,True,True,True,Eyes,0.2761829,0.03718953,-3.017502,-0.3144559,-0.09046179,0.9449519,0.0,0.0,0.0,0.0,0.0,0.0,0.0,0.9861998,0.1636036,2.829204,0.2460024,0.03997397,-2.990257,0.03386407,-0.2070803,-0.002666906,0.9777342,3.73349,336.0474,358.8952,0.115006,0.01156304,-0.9932973,-0.299781,0.005206061,0.3579918,-1.043813,-0.03163348,-1.943538,0.2889929,0.02181097,2.020379,0.9142213,-0.01924021,0.4047583,-0.008810113,0.9976922,0.06732464,-0.4051195,-0.06511559,0.911942,moving,-18.40613,-5.468355,8.14031,0.6185118,-10.472697097117225,-3.1101356040629984,27.235334110573017,18.9828039198945,27.140941660030833
05/18/2023 18:40:51.699679,1972,True,True,True,True,Eyes,0.2749536,0.03703671,-3.015229,-0.3108477,-0.09040568,0.9461504,0.0,0.0,0.0,0.0,0.0,0.0,0.0,0.9618352,0.1602361,2.82834,0.2414886,0.0393038,-2.981686,0.03319884,-0.202761,-0.00332545,0.9786597,3.648321,336.5533,358.8533,0.1126225,0.01163427,-0.9935695,-0.2817941,0.004893697,0.3365123,-1.031595,-0.03735372,-1.91497,0.2921883,0.01978489,2.020119,0.9177539,-0.01997183,0.3966472,-0.006953894,0.9977735,0.06632929,-0.3970888,-0.0636322,0.9155716,moving,-18.18739,-5.458102,8.230135,0.5611324,-10.2690791444293,-3.095530796419545,27.09459004834302,18.857150094685633,27.002063106487864
05/18/2023 18:40:51.719688,1973,True,True,True,True,Eyes,0.2736065,0.03680492,-3.012712,-0.3069995,-0.09077246,0.9473709,0.0,0.0,0.0,0.0,0.0,0.0,0.0,0.9374484,0.1612577,2.827012,0.2372464,0.03746164,-2.973066,0.03306169,-0.1984751,-0.004131707,0.9795395,3.619511,337.053,358.7818,0.1104431,0.01169425,-0.9938134,-0.2648865,0.004600076,0.3163215,-1.019632,-0.04735881,-1.887397,0.2954043,0.01774565,2.019858,0.9211811,-0.02121818,0.3885552,-0.005029502,0.9977797,0.06641053,-0.3891016,-0.06313036,0.9190291,moving,-17.95513,-5.473094,8.32052,0.5033644,-10.052379180429991,-3.104246705369139,26.946759321473714,18.723735796625302,26.855326038587364
05/18/2023 18:40:51.739102,1974,True,True,True,True,Eyes,0.2721552,0.03649459,-3.009964,-0.3026257,-0.09187081,0.9486715,0.0,0.0,0.0,0.0,0.0,0.0,0.0,0.9090825,0.1944114,2.824871,0.2329487,0.03546479,-2.964557,0.03831171,-0.1935261,-0.005253755,0.9803327,4.191082,337.613,358.5562,0.1084448,0.01174159,-0.9940329,-0.2489933,0.004324071,0.2973422,-1.00717,-0.04908742,-1.858653,0.298513,0.01577473,2.019605,0.9250401,-0.02512949,0.3790374,-0.004527774,0.9970092,0.07714993,-0.3798425,-0.07308298,0.9221597,moving,-17.69266,-5.531363,8.407874,0.4475168,-9.806699929157784,-3.152779848224616,26.776573319751055,18.566982505942416,26.684978889723702
05/18/2023 18:40:51.759129,1975,True,True,True,True,Eyes,0.2706135,0.03613981,-3.006988,-0.2980393,-0.09333649,0.9499794,0.0,0.0,0.0,0.0,0.0,0.0,0.0,0.8791081,0.2352008,2.822027,0.2288838,0.03342365,-2.956092,0.04501663,-0.1883093,-0.005269189,0.9810634,4.953307,338.2012,358.4302,0.1066064,0.01177506,-0.9942313,-0.2340537,0.004064627,0.2795017,-0.9941291,-0.05462284,-1.830286,0.3017021,0.01375235,2.019346,0.9290237,-0.02729291,0.3690123,-0.006615278,0.9958915,0.0903128,-0.3699611,-0.08634385,0.9250262,moving,-17.41833,-5.611361,8.497468,0.3901953,-9.549552881550047,-3.2213806073041624,26.601640250158898,18.4048483621388,26.509298093197597
05/18/2023 18:40:51.769635,1976,True,True,True,True,Eyes,0.2690163,0.03578523,-3.003771,-0.293034,-0.09498914,0.9513718,0.0,0.0,0.0,0.0,0.0,0.0,0.0,0.8520334,0.2644433,2.818459,0.2250326,0.03206293,-2.94753,0.0501123,-0.1835217,-0.00341723,0.9817317,5.574468,338.7527,358.5547,0.1049098,0.01179464,-0.9944116,-0.2200105,0.003820749,0.2627316,-0.9798761,-0.06759122,-1.802144,0.304894,0.01172838,2.019086,0.9326162,-0.02510299,0.3599955,-0.01168378,0.9949542,0.09964792,-0.3606805,-0.0971394,0.9276171,moving,-17.11946,-5.701766,8.587124,0.3328134,-9.269340530698354,-3.299160897992433,26.405389780951168,18.22208996897354,26.31213059846413
05/18/2023 18:40:51.789345,1977,True,True,True,True,Eyes,0.2673348,0.03540211,-3.000315,-0.2879249,-0.09650289,0.9527782,0.0,0.0,0.0,0.0,0.0,0.0,0.0,0.8258728,0.2817872,2.81499,0.2211885,0.03175814,-2.938657,0.05334717,-0.1788625,-0.001809249,0.9824251,5.979463,339.2951,358.6957,0.10334,0.01180182,-0.9945759,-0.2068098,0.003591504,0.2469677,-0.9663876,-0.07134122,-1.774105,0.30817,0.009651214,2.01882,0.9360099,-0.02263852,0.351245,-0.01552871,0.9943016,0.1054664,-0.3516311,-0.104172,0.9303246,moving,-16.81456,-5.783524,8.679121,0.2739074,-8.98367558364301,-3.3687092394853053,26.203439585204595,18.034495810457422,26.109603681067103
05/18/2023 18:40:51.809552,1978,True,True,True,True,Eyes,0.2656051,0.03498857,-2.996616,-0.282587,-0.0976935,0.954254,0.0,0.0,0.0,0.0,0.0,0.0,0.0,0.8047049,0.276184,2.811754,0.2173908,0.03065384,-2.929435,0.05241485,-0.1750842,-0.001270226,0.9831565,5.890016,339.743,358.7989,0.1018817,0.01179696,-0.9947264,-0.1944012,0.003376014,0.2321497,-0.9518191,-0.07471977,-1.745552,0.3115544,0.007505141,2.018545,0.9386878,-0.02085169,0.3441373,-0.01585637,0.9945021,0.1035088,-0.3444036,-0.1026192,0.9331964,moving,-16.49581,-5.845396,8.774138,0.2130302,-8.685487328589476,-3.41932649847283,25.986050102767646,17.833466623168462,25.892386384036108
05/18/2023 18:40:51.819356,1979,True,True,True,True,Eyes,0.2638089,0.03456092,-2.992685,-0.2771881,-0.09871072,0.9557317,0.0,0.0,0.0,0.0,0.0,0.0,0.0,0.78526,0.2645263,2.808294,0.2138095,0.0294811,-2.920024,0.05031478,-0.1716702,-0.001829064,0.9838672,5.645782,340.1455,358.7981,0.1005229,0.01178033,-0.9948647,-0.1827372,0.003173453,0.2182207,-0.9363894,-0.07468128,-1.716331,0.3146359,0.005551383,2.018294,0.941052,-0.0208742,0.3376172,-0.01367598,0.9949301,0.09963409,-0.3379853,-0.09837811,0.9359956,moving,-16.17359,-5.896764,8.860637,0.1575935,-8.384267441983264,-3.460032195516117,25.7559268174402,17.62027085166379,25.662778693361428
05/18/2023 18:40:51.839492,1980,True,True,True,True,Eyes,0.2619615,0.03411981,-2.988514,-0.2715935,-0.09928168,0.9572775,0.0,0.0,0.0,0.0,0.0,0.0,0.0,0.7654883,0.2553381,2.804415,0.2103363,0.02868902,-2.910472,0.04870933,-0.1682032,-0.00228658,0.9845456,5.459601,340.5526,358.7976,0.09925166,0.01175269,-0.9949927,-0.1717729,0.002983046,0.2051274,-0.9205893,-0.07438643,-1.687535,0.3177651,0.003566846,2.018039,0.943405,-0.02088861,0.3309846,-0.01188364,0.9952443,0.09668232,-0.33143,-0.09514386,0.9386702,moving,-15.83941,-5.921122,8.948454,0.1012691,-8.07242201610645,-3.475181756909332,25.50896697719951,17.392562234689724,25.417240588132994
05/18/2023 18:40:51.851423,1981,True,True,True,True,Eyes,0.2147754,0.0223245,-2.878767,-0.1275265,-0.1078925,0.9859494,0.0,0.0,0.0,0.0,0.0,0.0,0.0,0.7467796,0.234613,2.800695,0.2071975,0.02786727,-2.900501,0.04505613,-0.16498,-0.003220976,0.985262,5.032534,340.9346,358.7798,0.09805911,0.01171477,-0.9951113,-0.1614666,0.002804063,0.1928198,-0.9032634,-0.08362429,-1.658929,0.3209674,0.001536526,2.017779,0.9455425,-0.02121373,0.3248067,-0.008519709,0.9959191,0.08984698,-0.3253873,-0.08772141,0.9415032,moving,-7.36994,-6.245033,9.038294,0.04363036,-0.1746317781375612,-3.584481987125171,17.572063904224866,9.90157566232939,17.523738292275436
05/18/2023 18:40:51.872458,1982,True,True,True,True,Eyes,0.2146758,0.0222814,-2.878378,-0.1271078,-0.1077978,0.9860138,0.0,0.0,0.0,0.0,0.0,0.0,0.0,0.7260987,0.223388,2.796788,0.2042678,0.02663185,-2.890798,0.04297476,-0.1614169,-0.003990667,0.9859422,4.787068,341.352,358.7498,0.09513076,0.01125318,-0.9954009,-0.2933367,-0.03275012,0.5104914,-0.883785,-0.09709607,-1.629703,0.3241323,-0.0004703104,2.017521,0.9478573,-0.02174284,0.3179525,-0.006004571,0.9962745,0.08602957,-0.3186385,-0.08345292,0.9441955,moving,-7.345532,-6.239192,9.127071,-0.01335639,-0.1520013113970835,-3.578455826369627,17.609874464014588,9.940378109073068,17.561767190373597
05/18/2023 18:40:51.889707,1983,True,True,True,True,Eyes,0.2144729,0.02222244,-2.877612,-0.126488,-0.1076266,0.9861122,0.0,0.0,0.0,0.0,0.0,0.0,0.0,0.7055781,0.2212812,2.79194,0.2014415,0.0255631,-2.88106,0.04249572,-0.1578968,-0.004841471,0.9865289,4.721795,341.7591,358.6792,0.09274503,0.01086482,-0.9956304,-0.2757365,-0.03078511,0.4798619,-0.8611585,-0.1166883,-1.599419,0.3274521,-0.002575025,2.017251,0.9500903,-0.02297238,0.3111281,-0.003867378,0.9963414,0.08537542,-0.311951,-0.08231761,0.9465255,moving,-7.309378,-6.22874,9.220164,-0.07313812,-0.1185148059045246,-3.5678447012660035,17.638514484922574,9.971153189525989,17.590758681385136
05/18/2023 18:40:51.899444,1984,True,True,True,True,Eyes,0.2142142,0.0221881,-2.876478,-0.1254699,-0.1073725,0.98627,0.0,0.0,0.0,0.0,0.0,0.0,0.0,0.6887566,0.2154358,2.786224,0.1987056,0.02514645,-2.871189,0.04138961,-0.1550568,-0.00673453,0.9870152,4.566486,342.0841,358.498,0.09079365,0.01053611,-0.9958138,-0.2591923,-0.028938,0.4510702,-0.8379559,-0.1101817,-1.566631,0.3307712,-0.004680037,2.016981,0.9518241,-0.02612964,0.3055293,0.0004586879,0.9964831,0.08379281,-0.3066443,-0.07961587,0.9484886,moving,-7.250029,-6.213162,9.31322,-0.1329442,-0.0635143443728241,-3.551904450496502,17.64398667907675,9.980602995782167,17.596767385051475
05/18/2023 18:40:51.919496,1985,True,True,True,True,Eyes,0.2138661,0.02221419,-2.874992,-0.1242189,-0.1070318,0.9864653,0.0,0.0,0.0,0.0,0.0,0.0,0.0,0.668694,0.2016223,2.781861,0.1963678,0.02571179,-2.861352,0.03908715,-0.1516557,-0.008349661,0.987625,4.282511,342.4792,358.371,0.08914183,0.01025185,-0.995966,-0.2436408,-0.02720173,0.424006,-0.8176969,-0.09597273,-1.536606,0.3337235,-0.006551817,2.016741,0.9538617,-0.02834824,0.2989052,0.004637092,0.996805,0.07973943,-0.3002107,-0.07467435,0.9509455,moving,-7.177094,-6.192388,9.395969,-0.186137,0.0040453796374713,-3.530789531026169,17.627860570045645,9.969700589487296,17.581323540153203
05/18/2023 18:40:51.949798,1986,True,True,True,True,Eyes,0.2134336,0.02223135,-2.873163,-0.1226199,-0.1065327,0.9867194,0.0,0.0,0.0,0.0,0.0,0.0,0.0,0.6484539,0.1923498,2.77686,0.193799,0.02719166,-2.851341,0.0377725,-0.1481634,-0.009586484,0.9881948,4.118095,342.8837,358.2684,0.08764704,0.00999735,-0.9961011,-0.2290223,-0.02556962,0.3985656,-0.790739,-0.1381999,-1.509615,0.3368917,-0.008560807,2.016484,0.9559114,-0.03013963,0.2921043,0.007753626,0.9969627,0.07749391,-0.2935528,-0.07181244,0.9532416,moving,-7.083846,-6.162157,9.484742,-0.2432428,0.0903505832506512,-3.500357491443844,17.594080073158292,9.943006899540661,17.548460460056187
05/18/2023 18:40:51.969802,1987,True,True,True,True,Eyes,0.2126978,0.02209068,-2.871141,-0.1201536,-0.1081585,0.9868459,0.0,0.0,0.0,0.0,0.0,0.0,0.0,0.6342272,0.1636711,2.771422,0.1915741,0.02694732,-2.841195,0.03268387,-0.1457494,-0.01135325,0.9887164,3.515622,343.1722,358.1641,0.08629114,0.009769338,-0.9962218,-0.215281,-0.02403544,0.3746516,-0.7643207,-0.1374585,-1.477281,0.3402067,-0.01066279,2.016214,0.9572565,-0.0319776,0.2874674,0.01292299,0.9976058,0.0679396,-0.2889517,-0.06132068,0.9553778,moving,-6.94189,-6.254663,9.577613,-0.3030073,0.22439595516198,-3.583696636816411,17.558934618545383,9.911891424574291,17.51277411022894
05/18/2023 18:40:51.990048,1988,True,True,True,True,Eyes,0.211915,0.02197012,-2.868853,-0.1174753,-0.1105096,0.9869078,0.0,0.0,0.0,0.0,0.0,0.0,0.0,0.6183872,0.186756,2.764635,0.1899935,0.02342154,-2.832638,0.03629259,-0.1431531,-0.0110191,0.9889734,3.935302,343.4639,358.1512,0.08505046,0.009559779,-0.9963306,-0.2023641,-0.02259332,0.3521726,-0.7405457,-0.1079456,-1.446811,0.3433393,-0.01264937,2.015959,0.9587715,-0.03218598,0.2823494,0.0114044,0.9971229,0.07493965,-0.2839491,-0.06862998,0.9563801,moving,-6.788189,-6.389114,9.665346,-0.3595045,0.3701899701347084,-3.706028936535789,17.523555709921297,9.879228280785512,17.476358590339064
05/18/2023 18:40:51.999904,1989,True,True,True,True,Eyes,0.2110062,0.0219547,-2.865909,-0.1143694,-0.113139,0.9869747,0.0,0.0,0.0,0.0,0.0,0.0,0.0,0.5933539,0.2411323,2.756713,0.1880071,0.0239875,-2.823784,0.04603737,-0.1390063,-0.01314302,0.9891336,5.015215,343.9031,357.7679,0.08391269,0.009367622,-0.9964288,-0.1902223,-0.02123772,0.3310422,-0.7144114,-0.06951791,-1.41322,0.3466113,-0.01472385,2.015692,0.961009,-0.03879937,0.2737814,0.01320143,0.9954156,0.09472813,-0.2762017,-0.08742029,0.9571157,moving,-6.609884,-6.539393,9.756958,-0.418516,0.5392129651581481,-3.842613554304357,17.473942093932123,9.83317179697094,17.425656524039162
05/18/2023 18:40:52.019991,1990,True,True,True,True,Eyes,0.210081,0.02210349,-2.862709,-0.1111703,-0.1156794,0.9870458,0.0,0.0,0.0,0.0,0.0,0.0,0.0,0.5521103,0.2641533,2.743627,0.1845156,0.02662816,-2.804877,0.05076285,-0.1321226,-0.01674399,0.9897912,5.512605,344.6645,357.3189,0.08286469,0.009194933,-0.9965181,-0.1788089,-0.01996345,0.3111797,-0.6935085,-0.04678468,-1.387386,0.349913,-0.01681755,2.015424,0.9645265,-0.04655994,0.2598477,0.01973225,0.9942856,0.1049138,-0.2632475,-0.09606473,0.9599335,moving,-6.426102,-6.684435,9.849373,-0.4780892,0.713238736339413,-3.9741707657814462,17.418662826543336,9.782205047852443,17.36942556479916
05/18/2023 18:40:52.039812,1991,True,True,True,True,Eyes,0.2091864,0.02218816,-2.859235,-0.1078228,-0.1176789,0.9871808,0.0,0.0,0.0,0.0,0.0,0.0,0.0,0.5360159,0.2598088,2.737616,0.1831441,0.03072167,-2.795509,0.05091268,-0.1293916,-0.01689037,0.9901417,5.534817,344.9798,357.3152,0.08189749,0.009045545,-0.9965994,-0.1680804,-0.01876565,0.2925089,-0.6655853,-0.09867544,-1.363846,0.352905,-0.01871475,2.015181,0.9659451,-0.04662305,0.2545121,0.02027236,0.9942452,0.1051925,-0.2579518,-0.09645059,0.9613314,moving,-6.233303,-6.797978,9.933099,-0.532084,0.8950617001127812,-4.076037349938651,17.338223128245872,9.708023670175821,17.28856760571322
05/18/2023 18:40:52.049722,1992,True,True,True,True,Eyes,0.2082813,0.02224761,-2.855579,-0.1044297,-0.1200479,0.9872603,0.0,0.0,0.0,0.0,0.0,0.0,0.0,0.5210311,0.2388258,2.732363,0.1818616,0.02915359,-2.785749,0.04710344,-0.1268136,-0.01638601,0.9906722,5.115984,345.2965,357.4443,0.0810044,0.008914938,-0.9966736,-0.1579956,-0.01763971,0.2749584,-0.6388909,-0.1303708,-1.340064,0.3561449,-0.02076896,2.014917,0.9672996,-0.04441303,0.2497178,0.0205196,0.9950255,0.09748406,-0.2528051,-0.08917218,0.9633991,moving,-6.03814,-6.932958,10.02373,-0.590561,1.079498795560596,-4.197915620358231,17.268748292870246,9.644287386608067,17.218427976962882
05/18/2023 18:40:52.069973,1993,True,True,True,True,Eyes,0.2073895,0.02239447,-2.851696,-0.100919,-0.1227767,0.9872898,0.0,0.0,0.0,0.0,0.0,0.0,0.0,0.5064297,0.2695107,2.723883,0.1806589,0.02866363,-2.777623,0.0526877,-0.1244703,-0.01698456,0.990678,5.748667,345.5423,357.3058,0.08017922,0.008800578,-0.9967414,-0.1485159,-0.01658132,0.2584609,-0.614356,-0.1160692,-1.313587,0.3594519,-0.02286591,2.014648,0.9684374,-0.04676856,0.2448302,0.02053635,0.9938711,0.1086212,-0.2484097,-0.1001649,0.9634624,moving,-5.836401,-7.088755,10.11622,-0.6502692,1.2704627262271329,-4.339128809067208,17.20291301397652,9.5841069986678,17.15172662626703
05/18/2023 18:40:52.089784,1994,True,True,True,True,Eyes,0.1845009,0.02769084,-2.749084,-0.01162602,-0.1813556,0.9833488,0.0,0.0,0.0,0.0,0.0,0.0,0.0,0.4835908,0.3037679,2.714951,0.1788179,0.03111491,-2.76842,0.05928824,-0.1207622,-0.02184721,0.9906685,6.441768,345.9128,356.6766,0.07941577,0.0087039,-0.9968034,-0.1396049,-0.01558645,0.2429532,-0.5830454,-0.1332152,-1.288545,0.3627401,-0.02495082,2.01438,0.9698784,-0.05760624,0.2366801,0.02896712,0.9920152,0.1227466,-0.2418612,-0.1121934,0.9638028,moving,-0.6773698,-10.44945,10.20815,-0.7096492,6.141979133772622,-7.366754535121013,14.606788180153524,7.800692081876643,14.565384030468355
05/18/2023 18:40:52.109509,1995,True,True,True,True,Eyes,0.1844563,0.02763185,-2.748725,-0.01125757,-0.1809432,0.9834291,0.0,0.0,0.0,0.0,0.0,0.0,0.0,0.4666192,0.2814248,2.710635,0.1773226,0.03295568,-2.758976,0.0555385,-0.1179096,-0.02699417,0.9911025,5.953595,346.2313,356.1602,0.07786836,0.008851072,-0.9969242,-0.1998943,0.001237835,0.5362128,-0.5544525,-0.1440791,-1.264939,0.3656847,-0.02681784,2.014141,0.9707373,-0.06660501,0.2307226,0.04041092,0.9923736,0.1164544,-0.2367195,-0.103723,0.9660256,moving,-0.6558513,-10.42537,10.29045,-0.7628354,6.161567203532349,-7.343722161798399,14.600893364673919,7.768895913743467,14.559555136293639
05/18/2023 18:40:52.120098,1996,True,True,True,True,Eyes,0.1843509,0.02753724,-2.74806,-0.01057685,-0.1808392,0.9834558,0.0,0.0,0.0,0.0,0.0,0.0,0.0,0.4444319,0.2618389,2.707116,0.1758901,0.03144211,-2.750024,0.05182569,-0.1139869,-0.02986804,0.99168,5.50772,346.6891,355.9066,0.07663279,0.008974908,-0.9970188,-0.1879006,0.001163565,0.50404,-0.5306361,-0.13148,-1.241588,0.369139,-0.02900828,2.01386,0.9722298,-0.07105397,0.2229812,0.04742417,0.992844,0.1095981,-0.2291729,-0.09597986,0.9686421,moving,-0.6161796,-10.41924,10.38697,-0.8252496,6.1984143370726255,-7.337076053692809,14.598422959870438,7.742601778759801,14.557130169507822
05/18/2023 18:40:52.139598,1997,True,True,True,True,Eyes,0.1841869,0.02746101,-2.747091,-0.009534707,-0.1809133,0.9834528,0.0,0.0,0.0,0.0,0.0,0.0,0.0,0.4194981,0.2804283,2.700897,0.1742486,0.03057842,-2.741927,0.05526604,-0.1096488,-0.03137892,0.9919366,5.898097,347.1633,355.7122,0.07564324,0.009078019,-0.9970934,-0.1766266,0.001093751,0.4737976,-0.5039104,-0.1365666,-1.219912,0.3720537,-0.03085667,2.013623,0.973985,-0.0743715,0.214061,0.05013209,0.991922,0.1165221,-0.2209977,-0.1027595,0.9698457,moving,-0.5554729,-10.42344,10.46838,-0.8779294,6.255059452329858,-7.339617642621138,14.582253096677164,7.713979840668996,14.54117522490486
05/18/2023 18:40:52.149967,1998,True,True,True,True,Eyes,0.1839807,0.02740923,-2.745819,-0.00825785,-0.1809727,0.9834535,0.0,0.0,0.0,0.0,0.0,0.0,0.0,0.397101,0.2965986,2.693975,0.1725104,0.03100964,-2.733576,0.05855087,-0.1057033,-0.03227199,0.9921478,6.278408,347.5954,355.591,0.0747686,0.0091676,-0.9971585,-0.166029,0.001028126,0.4453697,-0.4751949,-0.1417481,-1.197693,0.3752779,-0.03290097,2.013361,0.9755707,-0.0764152,0.2059674,0.05165913,0.9910606,0.1230047,-0.2135256,-0.1093597,0.9707972,moving,-0.4810892,-10.42678,10.55842,-0.9362055,6.324431840487523,-7.341041132028038,14.558219936411694,7.677797549309818,14.51743149966482
05/18/2023 18:40:52.169812,1999,True,True,True,True,Eyes,0.1837495,0.02737127,-2.744257,-0.006593154,-0.1808426,0.98349,0.0,0.0,0.0,0.0,0.0,0.0,0.0,0.3777384,0.2930434,2.688355,0.1712236,0.03154165,-2.724978,0.0582733,-0.1022194,-0.03246856,0.9925228,6.259823,347.9987,355.594,0.07397684,0.009246822,-0.9972169,-0.1560673,0.0009664382,0.4186475,-0.4463852,-0.1392915,-1.175169,0.3785604,-0.03498246,2.013093,0.976994,-0.07636487,0.199126,0.05253823,0.9911,0.122313,-0.2066942,-0.1090373,0.9723108,moving,-0.3840957,-10.41907,10.65005,-0.9955552,6.414659216928659,-7.331603815046747,14.510513516572994,7.621289073218615,14.47027099292431
05/18/2023 18:40:52.189550,2000,True,True,True,True,Eyes,0.1834775,0.02735507,-2.742415,-0.004644284,-0.1806854,0.9835299,0.0,0.0,0.0,0.0,0.0,0.0,0.0,0.3540811,0.2854666,2.683659,0.1700321,0.03180966,-2.716425,0.05724978,-0.09788868,-0.03211753,0.9930301,6.166245,348.5073,355.674,0.07326041,0.009317227,-0.9972691,-0.1467032,0.0009084519,0.3935287,-0.4153716,-0.1483393,-1.154882,0.3816677,-0.03695269,2.012841,0.9787725,-0.07499555,0.1907354,0.05257914,0.9913819,0.1199894,-0.1980902,-0.1074136,0.9742805,moving,-0.2705519,-10.4098,10.73675,-1.051745,6.520277677779559,-7.320327394634721,14.447625704619034,7.554718001512394,14.408079084958311
05/18/2023 18:40:52.199671,2001,True,True,True,True,Eyes,0.1831494,0.02738599,-2.740323,-0.002333154,-0.1805502,0.9835631,0.0,0.0,0.0,0.0,0.0,0.0,0.0,0.3304219,0.280479,2.678402,0.1686912,0.0323002,-2.7078,0.05673534,-0.0935301,-0.03186931,0.9934875,6.129167,349.0153,355.7355,0.07261009,0.009380683,-0.9973161,-0.137901,0.0008539448,0.3699169,-0.383319,-0.160485,-1.134391,0.3848636,-0.03897901,2.012581,0.9804729,-0.07393645,0.1822258,0.05271061,0.9915309,0.1186932,-0.1894582,-0.1067702,0.9760664,moving,-0.1359136,-10.40184,10.82591,-1.109547,6.64557644219346,-7.309794263665585,14.37039616139256,7.477850946971065,14.331670898425218
05/18/2023 18:40:52.220153,2002,True,True,True,True,Eyes,0.1827999,0.02745789,-2.73796,0.0002543762,-0.1803492,0.9836026,0.0,0.0,0.0,0.0,0.0,0.0,0.0,0.3082076,0.2821389,2.672505,0.1672603,0.03344639,-2.699589,0.057547,-0.08943362,-0.03183348,0.9938192,6.239729,349.4842,355.756,0.07201751,0.009439724,-0.9973584,-0.129627,0.0008027081,0.3477219,-0.3527343,-0.1720105,-1.116245,0.3882287,-0.04111288,2.012307,0.9819765,-0.07356671,0.1740979,0.05298017,0.99135,0.1200766,-0.1814255,-0.1086887,0.97738,moving,0.01481766,-10.3901,10.91975,-1.170431,6.78579754882224,-7.295354499080925,14.280050623493562,7.389468907722146,14.242271463180995
05/18/2023 18:40:52.239860,2003,True,True,True,True,Eyes,0.1824368,0.0275548,-2.735337,0.003247321,-0.1798732,0.9836844,0.0,0.0,0.0,0.0,0.0,0.0,0.0,0.2838514,0.2742975,2.666974,0.1662959,0.0344679,-2.690672,0.05662247,-0.08492664,-0.03097047,0.9942949,6.161909,350.0148,355.893,0.07147808,0.009496253,-0.9973968,-0.1218494,0.0007545456,0.3268586,-0.323801,-0.1873141,-1.099503,0.3912399,-0.04302226,2.012063,0.9836566,-0.07120506,0.165377,0.05197004,0.9916695,0.1178593,-0.1723915,-0.1073384,0.9791627,moving,0.1891431,-10.36243,11.00369,-1.224921,6.947697196179994,-7.265463536552931,14.157983450243915,7.275935112447403,14.121413228685931
05/18/2023 18:40:52.249494,2004,True,True,True,True,Eyes,0.1820763,0.02764955,-2.732468,0.006685239,-0.179302,0.9837713,0.0,0.0,0.0,0.0,0.0,0.0,0.0,0.2543779,0.2518582,2.663087,0.1660024,0.03503126,-2.681677,0.05292736,-0.07944119,-0.02911441,0.9950077,5.77951,350.6773,356.1763,0.07098565,0.00955163,-0.9974314,-0.1145384,0.0007092729,0.3072471,-0.2989065,-0.1907257,-1.083006,0.3944604,-0.04506454,2.0118,0.9856829,-0.06634734,0.1550073,0.04952889,0.9927021,0.109952,-0.1611711,-0.1007005,0.9817756,moving,0.3893487,-10.32934,11.09344,-1.283217,7.133607100666513,-7.229906782200593,14.014632064020258,7.144466107161037,13.979429258258383
05/18/2023 18:40:52.269730,2005,True,True,True,True,Eyes,0.1817221,0.02772678,-2.72939,0.01058255,-0.1790749,0.9837786,0.0,0.0,0.0,0.0,0.0,0.0,0.0,0.2166078,0.2415204,2.658474,0.1655632,0.03503062,-2.672844,0.05137621,-0.07246742,-0.02828325,0.9956451,5.635857,351.4933,356.3262,0.07053588,0.009606029,-0.9974627,-0.1076661,0.0006667165,0.2888123,-0.276782,-0.1890732,-1.067108,0.3976507,-0.04708739,2.011541,0.9878971,-0.06376636,0.1413975,0.04887395,0.9931211,0.1064042,-0.1472098,-0.09820569,0.9842179,moving,0.6163098,-10.31646,11.18232,-1.34097,7.34483478460146,-7.212654801569907,13.863621182310343,7.014483244501296,13.82978375150871
05/18/2023 18:40:52.290022,2006,True,True,True,True,Eyes,0.1813766,0.02777563,-2.726104,0.01501833,-0.1791707,0.9837033,0.0,0.0,0.0,0.0,0.0,0.0,0.0,0.1728421,0.2537238,2.652193,0.1650403,0.0347673,-2.66457,0.05400169,-0.06450757,-0.02938095,0.9960219,5.957061,352.3923,356.2243,0.07012521,0.009658989,-0.9974904,-0.1012061,0.0006267135,0.2714835,-0.25572,-0.188137,-1.051757,0.400817,-0.04909492,2.011283,0.989951,-0.06549515,0.1253286,0.05156109,0.9924411,0.1113643,-0.1316751,-0.1037831,0.9858451,moving,0.8746743,-10.32264,11.27049,-1.398298,7.585688936668928,-7.2125247484764445,13.700980410223586,6.883530457477818,13.668529684790304
05/18/2023 18:40:52.300007,2007,True,True,True,True,Eyes,0.1810482,0.0277644,-2.722635,0.01992097,-0.1797768,0.9835057,0.0,0.0,0.0,0.0,0.0,0.0,0.0,0.1227092,0.2697967,2.644899,0.1647538,0.03422238,-2.656129,0.05738837,-0.05542028,-0.03132464,0.9963201,6.366181,353.4116,356.0316,0.06975099,0.009709666,-0.9975156,-0.09513376,0.0005891107,0.2551945,-0.2361026,-0.1806979,-1.036229,0.40401,-0.05111961,2.011024,0.9918947,-0.06877971,0.1068373,0.05605779,0.9914507,0.1178264,-0.114028,-0.1108823,0.9872704,moving,1.160371,-10.35884,11.35938,-1.456128,7.852586498813708,-7.239868780630023,13.538022955255506,6.763819784521553,13.50685316599252
05/18/2023 18:40:52.319923,2008,True,True,True,True,Eyes,0.1807319,0.02769284,-2.718999,0.02544685,-0.1808656,0.9831785,0.0,0.0,0.0,0.0,0.0,0.0,0.0,0.06777968,0.2900949,2.636588,0.1645468,0.03282943,-2.648054,0.06148069,-0.04536515,-0.03191235,0.9965661,6.87154,354.5472,356.0042,0.06941064,0.009756162,-0.9975384,-0.08942574,0.0005537641,0.2398828,-0.220123,-0.1654592,-1.020877,0.4074043,-0.05327195,2.010747,0.9938472,-0.06918369,0.08649474,0.05802737,0.9904034,0.1254345,-0.09434271,-0.1196437,0.9883242,moving,1.482612,-10.4236,11.45384,-1.517617,8.154082981378926,-7.293109392119885,13.369439817145407,6.651669621484046,13.339471402190021
05/18/2023 18:40:52.339602,2009,True,True,True,True,Eyes,0.1804045,0.02762672,-2.715206,0.0314026,-0.1824359,0.9827162,0.0,0.0,0.0,0.0,0.0,0.0,0.0,0.01145147,0.3225463,2.625696,0.1643236,0.03138659,-2.640162,0.06787691,-0.03496614,-0.0307325,0.9966072,7.651309,355.7257,356.1815,0.06910159,0.009796744,-0.9975592,-0.08406019,0.0005205382,0.2254899,-0.2048796,-0.1547754,-1.0065,0.4104151,-0.05518109,2.010503,0.9956658,-0.06600323,0.06552295,0.05650966,0.9888965,0.1374424,-0.07386706,-0.133144,0.9883402,moving,1.830258,-10.51692,11.53759,-1.572169,8.479799151099964,-7.372501595698783,13.20003276549816,6.556976673463357,13.171095138136804
05/18/2023 18:40:52.349911,2010,True,True,True,True,Eyes,0.1800878,0.02758244,-2.711253,0.0378892,-0.1841698,0.9821639,0.0,0.0,0.0,0.0,0.0,0.0,0.0,-0.04367969,0.3533025,2.613506,0.1641002,0.0314827,-2.632342,0.07424667,-0.02465988,-0.02908988,0.9965104,8.426496,356.9016,356.4275,0.0688207,0.00983226,-0.9975781,-0.07901658,0.0004893059,0.2119605,-0.1897552,-0.1559541,-0.9934735,0.4136056,-0.05720411,2.010243,0.9970914,-0.06163856,0.04482801,0.0543149,0.9872825,0.1494099,-0.05346731,-0.1465405,0.9877587,moving,2.20922,-10.62045,11.62631,-1.629987,8.834890496974166,-7.460733808349386,13.019600954809214,6.464490017391127,12.991552185626928
05/18/2023 18:40:52.370349,2011,True,True,True,True,Eyes,0.1797537,0.02754176,-2.707126,0.0444431,-0.1856701,0.9816066,0.0,0.0,0.0,0.0,0.0,0.0,0.0,-0.09480502,0.3651864,2.602435,0.1638682,0.03197984,-2.624336,0.07710562,-0.01494911,-0.02794898,0.996519,8.791475,358.0223,356.6349,0.06856592,0.009864077,-0.9975953,-0.07427558,0.0004599475,0.1992428,-0.1735573,-0.1561293,-0.9799604,0.416972,-0.05933876,2.009969,0.9979907,-0.05800871,0.02548411,0.05339807,0.9865472,0.15451,-0.0341042,-0.1528388,0.9876625,moving,2.592346,-10.71091,11.71988,-1.691008,9.193610872260198,-7.536636702681878,12.83240075008414,6.368155983908483,12.805058514598512
05/18/2023 18:40:52.389920,2012,True,True,True,True,Eyes,0.1794218,0.02747343,-2.702845,0.05140182,-0.187135,0.9809885,0.0,0.0,0.0,0.0,0.0,0.0,0.0,-0.1415217,0.3593076,2.59263,0.1636766,0.03197223,-2.615922,0.07649347,-0.005978178,-0.02766749,0.9966682,8.751335,359.0638,356.7481,0.06833442,0.009892762,-0.9976109,-0.06981905,0.0004323507,0.1872883,-0.1573653,-0.159563,-0.9668995,0.4201782,-0.06137188,2.009708,0.9983975,-0.05606519,0.007683755,0.05423603,0.9867665,0.1528081,-0.01614928,-0.1521464,0.988226,moving,2.99944,-10.80008,11.80897,-1.749138,9.57463908281198,-7.610783409414835,12.630414478878514,6.273047230271446,12.603514792583061
05/18/2023 18:40:52.399641,2013,True,True,True,True,Eyes,0.1790757,0.0273722,-2.698398,0.05822995,-0.1884186,0.980361,0.0,0.0,0.0,0.0,0.0,0.0,0.0,-0.1857131,0.3575507,2.581836,0.1632591,0.03123518,-2.607792,0.07653298,0.002567521,-0.02774881,0.9966776,8.783421,0.0504726,356.8143,0.06812432,0.009917664,-0.997625,-0.06562991,0.0004064096,0.176051,-0.1385091,-0.1851654,-0.9559711,0.4232604,-0.06332612,2.009457,0.9984468,-0.05492024,-0.009365378,0.05570624,0.9867454,0.1524149,0.0008705808,-0.1526999,0.9882722,moving,3.399172,-10.87919,11.89458,-1.805024,9.94861454524768,-7.675682131936601,12.430303523326371,6.184772304067688,12.403509917454032
05/18/2023 18:40:52.419698,2014,True,True,True,True,Eyes,0.1787407,0.0272579,-2.693793,0.06536178,-0.1897015,0.9796637,0.0,0.0,0.0,0.0,0.0,0.0,0.0,-0.225862,0.3567703,2.570101,0.1629911,0.03030389,-2.599275,0.07669737,0.01038137,-0.02754693,0.9966198,8.826807,0.9548419,356.9072,0.06793335,0.009938007,-0.9976379,-0.06169211,0.0003820251,0.1654879,-0.1176772,-0.2168787,-0.946031,0.4266054,-0.06544711,2.009186,0.9982668,-0.05331518,-0.02491811,0.05650007,0.9867173,0.1523043,0.016467,-0.1534482,0.9880195,moving,3.817037,-10.95909,11.98744,-1.86569,10.3395009027655,-7.740905202959955,12.224786654269634,6.101955174309776,12.197692475706784
05/18/2023 18:40:52.439847,2015,True,True,True,True,Eyes,0.1705028,0.0237119,-2.574536,0.2384489,-0.2127893,0.9475562,0.0,0.0,0.0,0.0,0.0,0.0,0.0,-0.2636373,0.3570977,2.55782,0.1628065,0.02987556,-2.590765,0.07716959,0.01777117,-0.02744193,0.9964818,8.903547,1.808684,356.9859,0.0677604,0.009953813,-0.9976496,-0.05799058,0.0003591035,0.1555586,-0.0981489,-0.2408519,-0.9360659,0.4295647,-0.06732355,2.008945,0.9978622,-0.05194797,-0.03965267,0.05743355,0.9865836,0.1528208,0.03118194,-0.1547715,0.9874581,moving,14.12498,-12.65674,12.06958,-1.919372,19.97668557982413,-9.09398641602174,10.93232549494498,10.676956994812375,10.606294827773349
05/18/2023 18:40:52.449837,2016,True,True,True,True,Eyes,0.1705174,0.02366362,-2.574212,0.2389834,-0.2128013,0.9474189,0.0,0.0,0.0,0.0,0.0,0.0,0.0,-0.2989717,0.3498908,2.545988,0.1628163,0.02903374,-2.581958,0.07611015,0.02473233,-0.02755356,0.9964117,8.802969,2.61534,357.0334,0.06758003,0.009875886,-0.9976627,-0.07922493,-0.01030042,0.5039946,-0.07901032,-0.256224,-0.9252432,0.4327319,-0.06933187,2.008687,0.9972582,-0.05114462,-0.05348137,0.05867415,0.986896,0.1503112,0.04509295,-0.153037,0.9871911,moving,14.15734,-12.6592,12.15744,-1.976837,20.006884777283013,-9.095548245100208,10.867956536247696,10.596689723811476,10.541965930213632
05/18/2023 18:40:52.469925,2017,True,True,True,True,Eyes,0.170552,0.02359089,-2.573567,0.2400114,-0.2129862,0.9471174,0.0,0.0,0.0,0.0,0.0,0.0,0.0,-0.3337225,0.3501878,2.533278,0.163068,0.02781449,-2.57374,0.07634917,0.03159383,-0.02685991,0.9962184,8.848257,3.414329,357.1754,0.06743132,0.009805506,-0.9976735,-0.07447144,-0.009682395,0.4737549,-0.06368463,-0.2557043,-0.9124831,0.4362373,-0.07155463,2.008402,0.9965608,-0.04869235,-0.06705018,0.058341,0.9868988,0.1504237,0.05884726,-0.1538181,0.9863453,moving,14.22012,-12.67375,12.25465,-2.040451,20.065660369878536,-9.10773034327222,10.813423137207803,10.533675536781653,10.485843242433061
05/18/2023 18:40:52.490768,2018,True,True,True,True,Eyes,0.1706131,0.02350091,-2.572606,0.2419541,-0.2133753,0.9465354,0.0,0.0,0.0,0.0,0.0,0.0,0.0,-0.367864,0.3601982,2.518529,0.1634781,0.02717797,-2.565266,0.07864159,0.03830402,-0.02642782,0.9958162,9.12853,4.18954,357.2942,0.06730048,0.009739572,-0.997683,-0.07000315,-0.00910145,0.4453296,-0.05060342,-0.2503079,-0.899429,0.4392018,-0.0734342,2.008161,0.9956688,-0.04660993,-0.08044417,0.05865908,0.9862342,0.1546005,0.07213087,-0.1586497,0.9846966,moving,14.33894,-12.70371,12.33682,-2.094253,20.176947950546577,-9.133053829924725,10.796715349088768,10.536238579506952,10.464025442877409
05/18/2023 18:40:52.499503,2019,True,True,True,True,Eyes,0.170662,0.02341668,-2.571342,0.2447186,-0.2140397,0.9456742,0.0,0.0,0.0,0.0,0.0,0.0,0.0,-0.402273,0.358716,2.504647,0.1639056,0.02668537,-2.556596,0.07883861,0.04510532,-0.02712119,0.9954971,9.172874,4.970104,357.2778,0.06718753,0.00967708,-0.9976913,-0.06580296,-0.008555363,0.4186098,-0.03684398,-0.2467207,-0.886576,0.4424402,-0.0754876,2.007897,0.9944599,-0.04688605,-0.0940808,0.06111021,0.9860979,0.1545206,0.08552802,-0.1594138,0.9834999,moving,14.50855,-12.7532,12.42655,-2.153041,20.335934815997614,-9.175495362319928,10.802689240429023,10.57701439151899,10.461878559725927
05/18/2023 18:40:52.519925,2020,True,True,True,True,Eyes,0.1707436,0.02334042,-2.569762,0.2478569,-0.2145716,0.9447359,0.0,0.0,0.0,0.0,0.0,0.0,0.0,-0.433616,0.3571473,2.490937,0.1645292,0.02673845,-2.54805,0.07912347,0.05131392,-0.02788153,0.9951528,9.226708,5.681536,357.2491,0.06709101,0.009618015,-0.9976985,-0.06185478,-0.008042041,0.3934932,-0.02399854,-0.2349202,-0.8725169,0.4456721,-0.07753709,2.007634,0.993179,-0.04737251,-0.1065425,0.06361303,0.9859242,0.1546185,0.09771821,-0.1603413,0.9822127,moving,14.70057,-12.79613,12.51606,-2.211728,20.515676677959327,-9.21128346436705,10.807481188403893,10.629564605054886,10.457508211126546
05/18/2023 18:40:52.540005,2021,True,True,True,True,Eyes,0.1708617,0.02323728,-2.567895,0.2516765,-0.2151109,0.9436029,0.0,0.0,0.0,0.0,0.0,0.0,0.0,-0.4664305,0.3435397,2.47753,0.1653129,0.02684113,-2.538836,0.07716173,0.05786451,-0.02940801,0.9949036,9.029346,6.429962,357.122,0.06701136,0.00956245,-0.9977045,-0.0581435,-0.007559519,0.3698836,-0.009581357,-0.2298084,-0.8596011,0.4487012,-0.07945779,2.007388,0.9915737,-0.04958641,-0.1196775,0.06744611,0.9863625,0.1501336,0.1106009,-0.1569403,0.9813955,moving,14.9342,-12.84212,12.59992,-2.266737,20.73424809869069,-9.248983256262122,10.829939460361215,10.720030615638898,10.468343896946168
05/18/2023 18:40:52.549912,2022,True,True,True,True,Eyes,0.1710093,0.02312732,-2.565735,0.255807,-0.2156343,0.9423718,0.0,0.0,0.0,0.0,0.0,0.0,0.0,-0.4969525,0.3269964,2.464826,0.1661848,0.02606955,-2.530011,0.07430927,0.06405883,-0.03010058,0.9947204,8.724895,7.146533,357.0794,0.06694903,0.009509087,-0.9977093,-0.05465489,-0.007105947,0.3476906,0.005053028,-0.2312784,-0.8476064,0.4519779,-0.08153543,2.007121,0.9899809,-0.05036298,-0.1319147,0.06940364,0.9871442,0.1439775,0.1229677,-0.1516903,0.9807491,moving,15.18699,-12.88858,12.69059,-2.326252,20.970681197647515,-9.286684353931886,10.85333062887075,10.8170018394665,10.479099486209343
05/18/2023 18:40:52.569552,2023,True,True,True,True,Eyes,0.1711927,0.02297384,-2.563291,0.2605461,-0.2161692,0.9409498,0.0,0.0,0.0,0.0,0.0,0.0,0.0,-0.5286844,0.3203295,2.449567,0.1669665,0.02580789,-2.520705,0.07370064,0.07047258,-0.03184874,0.9942775,8.687589,7.875214,356.9298,0.06690422,0.009457537,-0.997713,-0.05137559,-0.006679591,0.3268292,0.01646599,-0.2297569,-0.8356466,0.4551183,-0.08352666,2.006866,0.9880386,-0.05294522,-0.1448331,0.07372072,0.9871078,0.1420689,0.135444,-0.1510467,0.9792036,moving,15.47725,-12.93835,12.77745,-2.3833,21.24209113775613,-9.326625927771587,10.894861198863435,10.948055742014587,10.505678814411985
05/18/2023 18:40:52.589543,2024,True,True,True,True,Eyes,0.1714083,0.02276815,-2.560585,0.2655554,-0.2166606,0.9394352,0.0,0.0,0.0,0.0,0.0,0.0,0.0,-0.5604069,0.3054774,2.434795,0.167872,0.02461325,-2.511336,0.07127465,0.07697263,-0.03357431,0.9939155,8.444457,8.618067,356.768,0.06687732,0.009406018,-0.9977154,-0.04829305,-0.006278815,0.3072194,0.03072526,-0.2223961,-0.8230098,0.4583043,-0.08554706,2.006607,0.9858959,-0.05576765,-0.1577946,0.07771245,0.9875854,0.1365133,0.1482226,-0.1468505,0.9779903,moving,15.7843,-12.98697,12.86554,-2.441195,21.52912337586202,-9.365106685505484,10.942236073500927,11.090456705618221,10.537103700544085
05/18/2023 18:40:52.599797,2025,True,True,True,True,Eyes,0.1716498,0.02252248,-2.557628,0.2711061,-0.2174581,0.9376639,0.0,0.0,0.0,0.0,0.0,0.0,0.0,-0.5903174,0.3007865,2.418956,0.1687791,0.02314903,-2.502254,0.07064733,0.08317406,-0.03406494,0.9934438,8.397217,9.33363,356.7589,0.06686848,0.009352573,-0.9977165,-0.04539547,-0.005902086,0.2887863,0.04527989,-0.2180892,-0.8107916,0.4614748,-0.08755736,2.006349,0.9838434,-0.05593117,-0.1700707,0.07943526,0.9876971,0.1347017,0.1604443,-0.1460349,0.9761821,moving,16.12613,-13.05692,12.95316,-2.498811,21.84897185435744,-9.422756871947673,11.024581818680517,11.272821074859104,10.600669219979853
05/18/2023 18:40:52.619820,2026,True,True,True,True,Eyes,0.1719076,0.02225986,-2.554452,0.2768439,-0.2184338,0.9357586,0.0,0.0,0.0,0.0,0.0,0.0,0.0,-0.6225163,0.3049366,2.400931,0.1695033,0.02198988,-2.493144,0.07195769,0.08987568,-0.03486507,0.9927381,8.576937,10.10135,356.7366,0.0668776,0.009295905,-0.9977165,-0.04267174,-0.005547961,0.2714591,0.05569716,-0.200387,-0.7971072,0.4648091,-0.08967152,2.006078,0.9814135,-0.05628926,-0.1834636,0.08215825,0.987213,0.1366032,0.1734284,-0.1491373,0.9734889,moving,16.48084,-13.13926,13.04526,-2.559413,22.18105929085829,-9.491709682721112,11.123685202297349,11.468198026722112,10.679646361233598
05/18/2023 18:40:52.639717,2027,True,True,True,True,Eyes,0.1722004,0.02200916,-2.551027,0.2830789,-0.2194345,0.9336567,0.0,0.0,0.0,0.0,0.0,0.0,0.0,-0.6496497,0.3151771,2.383511,0.1700848,0.02135964,-2.484577,0.07451432,0.09559631,-0.03525214,0.9920012,8.892238,10.75753,356.7685,0.06690412,0.009235729,-0.9977154,-0.04011144,-0.005215084,0.2551715,0.07028936,-0.2222099,-0.7886935,0.4702435,-0.09311736,2.005636,0.9792373,-0.05569375,-0.1949169,0.08418693,0.9864098,0.1410966,0.1844097,-0.1545765,0.9706179,moving,16.86698,-13.22602,13.19529,-2.658211,22.542516999137348,-9.564080243845671,11.187488302410914,11.621604131379446,10.722359641332659
05/18/2023 18:40:52.649930,2028,True,True,True,True,Eyes,0.172533,0.02172854,-2.547378,0.2895519,-0.2201293,0.9315056,0.0,0.0,0.0,0.0,0.0,0.0,0.0,-0.6795809,0.3090413,2.366148,0.171359,0.02138796,-2.475111,0.07392941,0.1019567,-0.03563661,0.9913978,8.850319,11.49384,356.7751,0.06694837,0.009172923,-0.9977131,-0.03770475,-0.004902179,0.2398612,0.08880328,-0.2650532,-0.7836683,0.4744247,-0.09576881,2.005295,0.9766697,-0.05558491,-0.2074286,0.08573531,0.986529,0.1393201,0.1968902,-0.1538537,0.9682785,moving,17.26749,-13.29597,13.31063,-2.734252,22.91704157110072,-9.620387065055642,11.27859158632513,11.819560034433039,10.791300809451712
05/18/2023 18:40:52.669575,2029,True,True,True,True,Eyes,0.1729157,0.02141426,-2.543516,0.2964641,-0.2207641,0.9291782,0.0,0.0,0.0,0.0,0.0,0.0,0.0,-0.708244,0.2914623,2.350532,0.1725505,0.02032308,-2.466045,0.07049144,0.1082671,-0.03467785,0.991013,8.466134,12.24014,356.9012,0.06701077,0.009106627,-0.9977096,-0.03544246,-0.004608048,0.2254696,0.1152855,-0.2853511,-0.7663468,0.4774588,-0.09769265,2.005049,0.9741514,-0.0534686,-0.2194772,0.08399621,0.9876568,0.1322069,0.2096992,-0.1472248,0.9666184,moving,17.69583,-13.36514,13.39429,-2.789436,23.31748225115772,-9.675326664038804,11.417038209063506,12.078296017672915,10.905293051525222
05/18/2023 18:40:52.690025,2030,True,True,True,True,Eyes,0.1733234,0.02121583,-2.539456,0.3036146,-0.2216299,0.9266598,0.0,0.0,0.0,0.0,0.0,0.0,0.0,-0.7409688,0.2809891,2.332109,0.173698,0.01918708,-2.456865,0.06868564,0.1154165,-0.03461232,0.9903349,8.281301,13.0738,356.9472,0.06709208,0.00903591,-0.9977048,-0.03331592,-0.004331565,0.2119414,0.1283431,-0.2842465,-0.7563916,0.4807299,-0.09976682,2.004782,0.970962,-0.05270066,-0.2333567,0.08441048,0.9881685,0.1280539,0.2238472,-0.1440332,0.9639226,moving,18.14108,-13.4508,13.48444,-2.848941,23.73399560077065,-9.74531437622244,11.579452074493032,12.353677823124526,11.041495564031932
05/18/2023 18:40:52.709918,2031,True,True,True,True,Eyes,0.1737602,0.02113703,-2.535158,0.3111682,-0.2222378,0.9240047,0.0,0.0,0.0,0.0,0.0,0.0,0.0,-0.7754009,0.2876885,2.310643,0.1746203,0.02186431,-2.447879,0.07150289,0.1228875,-0.03583157,0.9891927,8.642385,13.92951,356.9087,0.06719201,0.008965799,-0.9976987,-0.03131696,-0.004071671,0.1992249,0.1410775,-0.272344,-0.7436766,0.4838817,-0.1017652,2.004526,0.9672295,-0.05331504,-0.248243,0.08846229,0.9872069,0.1326538,0.2379947,-0.1502668,0.959572,moving,18.61149,-13.52368,13.57126,-2.90628,24.17370692772889,-9.802763557695108,11.753003922950931,12.648057808093176,11.187921492955422
05/18/2023 18:40:52.719676,2032,True,True,True,True,Eyes,0.1742508,0.02091489,-2.53067,0.3189843,-0.22207,0.9213761,0.0,0.0,0.0,0.0,0.0,0.0,0.0,-0.807623,0.2568857,2.292725,0.1760096,0.02460569,-2.437878,0.06647259,0.130185,-0.03678202,0.988575,8.105902,14.77675,356.7912,0.06731055,0.008900994,-0.9976913,-0.02943794,-0.003827371,0.1872714,0.152331,-0.2980144,-0.7386127,0.4870557,-0.1037779,2.004268,0.9633979,-0.05541609,-0.2622852,0.09003103,0.9884569,0.1218493,0.2525053,-0.1410032,0.9572666,moving,19.09607,-13.55098,13.65865,-2.964041,24.625746590517977,-9.817223819807284,11.90163071373503,12.932258982384043,11.311226612005568
05/18/2023 18:40:52.743352,2033,True,True,True,True,Eyes,0.1747564,0.02061571,-2.526044,0.3271251,-0.2223641,0.9184462,0.0,0.0,0.0,0.0,0.0,0.0,0.0,-0.8371521,0.213968,2.276966,0.1776754,0.02073176,-2.428823,0.05675841,0.1370839,-0.03461998,0.988326,6.98926,15.60693,356.9466,0.06744856,0.008835371,-0.9976826,-0.02767167,-0.003597728,0.1760351,0.1666443,-0.3269913,-0.7338983,0.4903531,-0.1058688,2.003999,0.9600189,-0.05287031,-0.2748971,0.08399297,0.9911599,0.1026999,0.2670372,-0.1216833,0.955973,moving,19.60449,-13.60994,13.7494,-3.024053,25.100607222369263,-9.860773213512047,12.097234497391087,13.251062171879369,11.478756536280807
05/18/2023 18:40:52.760059,2034,True,True,True,True,Eyes,0.1752993,0.02050277,-2.521234,0.3353897,-0.2231206,0.9152764,0.0,0.0,0.0,0.0,0.0,0.0,0.0,-0.8696814,0.2390093,2.253765,0.178912,0.01864758,-2.420861,0.06179929,0.1443026,-0.03296605,0.9870516,7.556995,16.4545,357.2684,0.06760516,0.008765986,-0.9976726,-0.02601137,-0.003381865,0.165473,0.1777545,-0.3148302,-0.7220021,0.4935592,-0.1079015,2.003739,0.95618,-0.04724279,-0.2889428,0.08291399,0.9901881,0.112484,0.2807937,-0.1315124,0.9507152,moving,20.12463,-13.70002,13.83758,-3.082404,25.58698544195599,-9.933183743310064,12.339398981553193,13.600798187268735,11.69037830933369
05/18/2023 18:40:52.769763,2035,True,True,True,True,Eyes,0.1758954,0.02048399,-2.516206,0.343826,-0.2232268,0.9121148,0.0,0.0,0.0,0.0,0.0,0.0,0.0,-0.9017994,0.2541721,2.229397,0.1802958,0.02311036,-2.411435,0.06714639,0.151457,-0.03543231,0.9855439,8.226365,17.26736,357.1331,0.06778058,0.008700606,-0.9976612,-0.02445068,-0.003178953,0.1555447,0.1944034,-0.3052242,-0.7106573,0.4966609,-0.1098684,2.003487,0.9516106,-0.04950061,-0.3032933,0.09017978,0.9884719,0.1216185,0.2937767,-0.1430844,0.9451043,moving,20.65417,-13.752,13.92285,-3.138876,26.081391029817432,-9.96971610357036,12.567779039344064,13.945984959632613,11.890327562859309
05/18/2023 18:40:52.789343,2036,True,True,True,True,Eyes,0.1765462,0.02065616,-2.511033,0.3523796,-0.2234944,0.9087788,0.0,0.0,0.0,0.0,0.0,0.0,0.0,-0.926401,0.2035641,2.213808,0.1825976,0.0252368,-2.40138,0.05738792,0.1574087,-0.03556003,0.9852231,7.138875,17.96737,356.9958,0.06797577,0.008642619,-0.9976483,-0.02298364,-0.002988216,0.146212,0.2127992,-0.3234495,-0.7051436,0.4998732,-0.1119051,2.003226,0.9479159,-0.05200242,-0.3142469,0.08813585,0.9908842,0.1018849,0.306084,-0.1242747,0.9438582,moving,21.19384,-13.81646,14.01112,-3.19736,26.585474943501865,-10.017698287346311,12.820169710592758,14.304943781749435,12.113290582267972
05/18/2023 18:40:52.799633,2037,True,True,True,True,Eyes,0.1772628,0.02088934,-2.505636,0.3610754,-0.2237109,0.9053055,0.0,0.0,0.0,0.0,0.0,0.0,0.0,-0.9562255,0.2024372,2.191828,0.1844929,0.03002695,-2.392596,0.05901812,0.16426,-0.0366673,0.9839671,7.364995,18.75837,356.9499,0.06819147,0.00859892,-0.9976339,-0.02160462,-0.002808923,0.1374393,0.229788,-0.3394389,-0.6994978,0.50314,-0.1139768,2.002959,0.9433483,-0.05277019,-0.3275809,0.09154747,0.9903448,0.1040978,0.3189248,-0.1281897,0.939071,moving,21.74427,-13.88035,14.10085,-3.256857,27.09957373134162,-10.06490060114388,13.087416583017788,14.673659268185968,12.35096610559068
05/18/2023 18:40:52.819969,2038,True,True,True,True,Eyes,0.1965874,0.02476154,-2.36777,0.5714688,-0.2095343,0.7934222,0.0,0.0,0.0,0.0,0.0,0.0,0.0,-0.9892187,0.177681,2.167768,0.1870162,0.03168275,-2.381882,0.05490195,0.1720948,-0.03741952,0.9828373,6.938204,19.67222,356.8436,0.068429,0.008570614,-0.9976177,-0.02030835,-0.002640387,0.1291929,0.2457996,-0.3404135,-0.6910982,0.506263,-0.1159568,2.002706,0.9379663,-0.05465791,-0.3423913,0.09245127,0.9911711,0.09503994,0.3341736,-0.1207988,0.9347383,moving,35.76363,-14.79346,14.18657,-3.31373,40.1798772126605,-10.598658345086124,24.440820753741065,26.994855081011043,23.1330468210286
05/18/2023 18:40:52.840090,2039,True,True,True,True,Eyes,0.1967012,0.02483233,-2.367436,0.5718512,-0.2103036,0.792943,0.0,0.0,0.0,0.0,0.0,0.0,0.0,-1.012959,0.1515746,2.149668,0.1890313,0.02983319,-2.373502,0.04858623,0.177988,-0.03459325,0.9822235,6.186174,20.38426,357.0791,0.06994766,0.008771223,-0.9975108,0.03888396,0.009134656,0.5350372,0.2658086,-0.3384544,-0.6824666,0.5094594,-0.1179838,2.002445,0.9342471,-0.05066109,-0.3530094,0.08525214,0.9928854,0.08313069,0.3462864,-0.1077594,0.9319193,moving,35.79823,-14.85395,14.27427,-3.371962,40.21327732172232,-10.654487067491058,24.39501798551794,26.941924062601764,23.078317359355925
05/18/2023 18:40:52.851114,2040,True,True,True,True,Eyes,0.1969411,0.02499761,-2.36671,0.5726889,-0.2107617,0.7922165,0.0,0.0,0.0,0.0,0.0,0.0,0.0,-1.044503,0.1811567,2.122418,0.1908989,0.03177128,-2.364532,0.0563608,0.1853252,-0.03572249,0.9804091,7.108797,21.23206,357.1606,0.07124255,0.008941104,-0.9974178,0.03655092,0.008586576,0.502935,0.285742,-0.3384163,-0.6743578,0.5127201,-0.1200513,2.00218,0.928757,-0.04915515,-0.3674158,0.09093548,0.9910948,0.09727273,0.3593624,-0.1237539,0.924956,moving,35.86296,-14.89792,14.36369,-3.431364,40.27443450986279,-10.694162705692769,24.365970471828863,26.909383606742043,23.04263908019626
05/18/2023 18:40:52.869675,2041,True,True,True,True,Eyes,0.1973093,0.02513443,-2.365661,0.5739702,-0.2108717,0.7912593,0.0,0.0,0.0,0.0,0.0,0.0,0.0,-1.073244,0.1564222,2.098886,0.1940819,0.03415047,-2.354317,0.05214913,0.1923437,-0.03598659,0.9792801,6.660197,22.05505,357.0902,0.07241077,0.00909955,-0.9973323,0.03435786,0.008071382,0.4727589,0.3041754,-0.3430904,-0.6677918,0.5158796,-0.1220546,2.001923,0.9234177,-0.05042079,-0.3804699,0.09054301,0.9919708,0.08829363,0.3729633,-0.1159808,0.9205688,moving,35.95669,-14.92258,14.45028,-3.488929,40.36224233258105,-10.715099588191258,24.356806980347425,26.900693918461275,23.029555065542542
05/18/2023 18:40:52.889680,2042,True,True,True,True,Eyes,0.1977988,0.02526904,-2.364313,0.5757827,-0.2113168,0.7898224,0.0,0.0,0.0,0.0,0.0,0.0,0.0,-1.102427,0.1290194,2.075922,0.1975034,0.03349555,-2.345488,0.04567878,0.1995072,-0.03306387,0.9782726,5.886925,22.91577,357.3227,0.07348061,0.009248281,-0.9972527,0.03229639,0.007587099,0.4443934,0.3253662,-0.3403931,-0.6594994,0.5190717,-0.1240788,2.001664,0.9182073,-0.04646447,-0.3933654,0.08291744,0.9936404,0.07617965,0.3873242,-0.1025656,0.9162207,moving,36.09216,-14.97865,14.53772,-3.547101,40.48954495728475,-10.764481807344204,24.39824166314042,26.936737076560853,23.060665264165326
05/18/2023 18:40:52.899855,2043,True,True,True,True,Eyes,0.1984187,0.02545435,-2.36266,0.5779994,-0.2119323,0.7880365,0.0,0.0,0.0,0.0,0.0,0.0,0.0,-1.141876,0.1465619,2.043677,0.2008187,0.03363626,-2.336775,0.0503146,0.2088404,-0.03315027,0.9760919,6.434632,24.01165,357.4795,0.07446863,0.009388388,-0.9971783,0.03035861,0.007131873,0.4177298,0.3521259,-0.326452,-0.6496571,0.52242,-0.126202,2.001391,0.9105735,-0.04369998,-0.4110307,0.08573087,0.992739,0.08437711,0.4043589,-0.1120696,0.9077082,moving,36.25885,-15.0528,14.6294,-3.608132,40.64628435517324,-10.83007283726336,24.470666785617514,27.000642603600948,23.119000100650247
05/18/2023 18:40:52.919551,2044,True,True,True,True,Eyes,0.1991793,0.02566329,-2.360733,0.5806924,-0.2123109,0.7859519,0.0,0.0,0.0,0.0,0.0,0.0,0.0,-1.177636,0.1370863,2.013768,0.2044975,0.03506722,-2.327624,0.04945435,0.2175709,-0.03399758,0.9741979,6.381635,25.03512,357.4208,0.07538968,0.009523026,-0.9971079,0.02853709,0.00670396,0.392666,0.383839,-0.322266,-0.6426176,0.5254864,-0.1281464,2.001142,0.9030142,-0.04472108,-0.4272769,0.08776039,0.9927968,0.08156288,0.4205516,-0.1111504,0.9004344,moving,36.45846,-15.11664,14.71331,-3.664026,40.83349964911633,-10.885259695384455,24.576694569357695,27.10000965662484,23.211819554215424
05/18/2023 18:40:52.939391,2045,True,True,True,True,Eyes,0.2000715,0.02589731,-2.358508,0.5843317,-0.2125101,0.783196,0.0,0.0,0.0,0.0,0.0,0.0,0.0,-1.21262,0.1172987,1.984518,0.2085457,0.03580179,-2.318997,0.04595782,0.2262196,-0.03441392,0.9723828,6.024136,26.05325,357.3411,0.07625689,0.009653798,-0.9970407,0.02682487,0.006301722,0.369106,0.4182735,-0.3367349,-0.6402487,0.5287255,-0.1302,2.000878,0.8952807,-0.04613389,-0.4431073,0.08772013,0.9934071,0.07380698,0.436781,-0.1049474,0.8934251,moving,36.72611,-15.18095,14.80189,-3.723069,41.084121397166165,-10.939328846114757,24.737713306176076,27.25490952802513,23.358252056909528
05/18/2023 18:40:52.949965,2046,True,True,True,True,Eyes,0.2011322,0.02613278,-2.356002,0.5884563,-0.2123557,0.7801437,0.0,0.0,0.0,0.0,0.0,0.0,0.0,-1.249851,0.09967281,1.951863,0.213057,0.03660574,-2.309783,0.04326487,0.2355199,-0.03565169,0.9702513,5.7823,27.14626,357.1884,0.07708309,0.00978242,-0.996976,0.02521538,0.005923619,0.3469597,0.4568532,-0.3553123,-0.6397306,0.5319506,-0.132245,2.000616,0.8865187,-0.04880271,-0.4601119,0.08956166,0.9937142,0.06716223,0.453942,-0.100749,0.8853171,moving,37.02697,-15.22704,14.89005,-3.781873,41.36533743934788,-10.975583140654049,24.920575329319522,27.43520203285991,23.529224738351985
05/18/2023 18:40:52.979578,2047,True,True,True,True,Eyes,0.2023284,0.02634417,-2.353246,0.5933459,-0.212034,0.7765193,0.0,0.0,0.0,0.0,0.0,0.0,0.0,-1.287565,0.07088409,1.917807,0.2180551,0.03676245,-2.30042,0.03758231,0.2451603,-0.0360782,0.9680819,5.189806,28.28784,357.0401,0.07788031,0.00990928,-0.9969127,0.02370245,0.005568202,0.3261421,0.4997844,-0.3764316,-0.641601,0.5350369,-0.134202,2.000365,0.8771896,-0.05142592,-0.4773822,0.08828068,0.9945719,0.05507562,0.4719586,-0.09045538,0.876968,moving,37.3838,-15.2727,14.97437,-3.838152,41.69869623328693,-11.010153614660528,25.158128723917525,27.66996963828911,23.7538503559973
05/18/2023 18:40:52.990340,2048,True,True,True,True,Eyes,0.2036764,0.0265441,-2.350267,0.5986612,-0.2118796,0.7724712,0.0,0.0,0.0,0.0,0.0,0.0,0.0,-1.324677,0.05059444,1.883177,0.2229479,0.03633023,-2.291868,0.03357498,0.2547218,-0.0363329,0.9657482,4.781697,29.42371,356.9471,0.07865757,0.01003358,-0.9968506,0.02228031,0.00523411,0.3065735,0.5448427,-0.4051982,-0.646842,0.538294,-0.1362673,2.0001,0.8675935,-0.0530723,-0.4944339,0.08728142,0.9951053,0.04634038,0.4895544,-0.08335951,0.867979,moving,37.7755,-15.33832,15.0633,-3.897554,42.06492883263392,-11.062609087567768,25.43098809536814,27.936105204971007,24.009658629475542
05/18/2023 18:40:53.000560,2049,True,True,True,True,Eyes,0.2051701,0.02673493,-2.347053,0.6045451,-0.2119426,0.7678578,0.0,0.0,0.0,0.0,0.0,0.0,0.0,-1.365692,0.04632945,1.843813,0.2278544,0.03633514,-2.283346,0.03413216,0.2653412,-0.03845564,0.9627826,4.94109,30.67732,356.7815,0.07942447,0.01015525,-0.9967886,0.02094349,0.004920063,0.2881791,0.5896012,-0.4315029,-0.6533746,0.5415143,-0.1383092,1.999838,0.8562304,-0.05593551,-0.513557,0.09216218,0.9947124,0.04531596,0.5083067,-0.08613143,0.8568581,moving,38.21385,-15.43046,15.15117,-3.956289,42.47513735805049,-11.138820275727776,25.759344108879034,28.25222022621614,24.315089813092587
05/18/2023 18:40:53.019982,2050,True,True,True,True,Eyes,0.2068248,0.02686971,-2.343654,0.6108493,-0.212066,0.7628179,0.0,0.0,0.0,0.0,0.0,0.0,0.0,-1.407223,0.04045315,1.802232,0.2333144,0.03632828,-2.274686,0.0340187,0.2762835,-0.03962582,0.9596564,5.00188,31.9781,356.7051,0.08019016,0.01027445,-0.996726,0.01968688,0.004624859,0.2708884,0.6316971,-0.44361,-0.6572142,0.5446075,-0.1402706,1.999586,0.8441944,-0.05725672,-0.5329704,0.09485194,0.994545,0.04339658,0.5275783,-0.08718842,0.8450203,moving,38.68705,-15.53612,15.23554,-4.012715,42.91807745244329,-11.226888848286222,26.129718407861287,28.607117717785243,24.65919363079222
05/18/2023 18:40:53.040011,2051,True,True,True,True,Eyes,0.2520986,0.02903777,-2.254821,0.7640208,-0.2227063,0.6055363,0.0,0.0,0.0,0.0,0.0,0.0,0.0,-1.447974,0.04224236,1.760006,0.2387222,0.03512212,-2.266675,0.03475834,0.2871629,-0.03910919,0.9564517,5.103248,33.28276,356.8433,0.08096113,0.01038895,-0.9966626,0.01850566,0.004347368,0.2546351,0.6707157,-0.4434273,-0.6576915,0.5479265,-0.1423752,1.999316,0.8320159,-0.05484948,-0.5520335,0.0947747,0.9945247,0.04402794,0.546596,-0.08895075,0.8326588,moving,51.60088,-20.19269,15.32601,-4.073268,55.04013161480574,-15.289969194701012,39.69511253455498,41.2677336587168,36.931614927848706
05/18/2023 18:40:53.049879,2052,True,True,True,True,Eyes,0.2523221,0.02904692,-2.254519,0.7645364,-0.2230594,0.604755,0.0,0.0,0.0,0.0,0.0,0.0,0.0,-1.489995,0.06199756,1.714739,0.2441201,0.03416727,-2.259093,0.04021227,0.2984373,-0.03931327,0.952771,5.744427,34.63715,357.067,0.08415793,0.01064477,-0.996395,0.1532169,0.01059069,0.5058563,0.7072958,-0.4468273,-0.6593655,0.5511992,-0.1444505,1.99905,0.8187794,-0.05091142,-0.5718465,0.09891477,0.9936749,0.05316108,0.565523,-0.1000913,0.8186363,moving,51.6557,-20.24612,15.41516,-4.132985,55.09223655406984,-15.338726604536202,39.661188320823484,41.229104389801535,36.886946135640656
05/18/2023 18:40:53.069771,2053,True,True,True,True,Eyes,0.2527852,0.02906499,-2.25394,0.7654333,-0.2236769,0.6033908,0.0,0.0,0.0,0.0,0.0,0.0,0.0,-1.529335,0.07664292,1.66948,0.2496321,0.03446703,-2.25131,0.04505616,0.3093269,-0.04002747,0.9490442,6.33167,35.95177,357.226,0.08686666,0.01086096,-0.9961602,0.1440239,0.009955252,0.4755049,0.7410427,-0.4504814,-0.6605505,0.5543736,-0.1464632,1.998792,0.8054293,-0.04810149,-0.5907367,0.1038498,0.9927355,0.06075742,0.5835228,-0.1102837,0.8045737,moving,51.7513,-20.33974,15.50158,-4.190907,55.1831103109474,-15.424169725165129,39.684090103469536,41.24087825533328,36.88733481029687
05/18/2023 18:40:53.089785,2054,True,True,True,True,Eyes,0.2534835,0.02903461,-2.253089,0.7667912,-0.2244041,0.6013935,0.0,0.0,0.0,0.0,0.0,0.0,0.0,-1.565554,0.081944,1.625634,0.2554706,0.03477048,-2.243632,0.04759713,0.319632,-0.04053494,0.9454771,6.656489,37.20197,357.3327,0.08932672,0.01105653,-0.9959406,0.1353825,0.009357937,0.4469746,0.7728388,-0.4548087,-0.6620699,0.5574287,-0.1484004,1.998543,0.7923846,-0.04622258,-0.6082682,0.1070768,0.9921829,0.06409145,0.6005507,-0.1159165,0.7911398,moving,51.89295,-20.46257,15.58472,-4.246664,55.3174525620396,-15.53590023394639,39.76484846109357,41.30540995550595,36.936728185381966
05/18/2023 18:40:53.099587,2055,True,True,True,True,Eyes,0.2544354,0.02896839,-2.252008,0.7684482,-0.2252008,0.5989757,0.0,0.0,0.0,0.0,0.0,0.0,0.0,-1.60025,0.08552566,1.581583,0.2617461,0.03359994,-2.236041,0.04930614,0.3296913,-0.04083038,0.9419159,6.88098,38.42819,357.4364,0.09157515,0.01123161,-0.9957344,0.1272595,0.00879646,0.4201561,0.8033055,-0.4539893,-0.6618932,0.5607495,-0.1505061,1.998273,0.7792731,-0.04440597,-0.6251093,0.1094292,0.9918036,0.0659616,0.6170565,-0.1198073,0.7777452,moving,52.06496,-20.60508,15.67502,-4.307275,55.480460974955264,-15.665356899262472,39.87287525400726,41.39419229361772,37.007807885659
05/18/2023 18:40:53.120082,2056,True,True,True,True,Eyes,0.2556235,0.02890204,-2.250678,0.7704942,-0.226132,0.5959892,0.0,0.0,0.0,0.0,0.0,0.0,0.0,-1.634193,0.08810567,1.536956,0.2682526,0.03274582,-2.2288,0.05141492,0.3396849,-0.04217463,0.9381855,7.188011,39.64676,357.4463,0.09364539,0.01138678,-0.9955401,0.119624,0.008268672,0.3949468,0.8336232,-0.4574205,-0.663733,0.5638099,-0.1524467,1.998024,0.7656709,-0.0442055,-0.6417118,0.114065,0.9911556,0.06782129,0.6330382,-0.1251256,0.7639413,moving,52.2775,-20.7779,15.7582,-4.36314,55.68181563967718,-15.822256962155889,40.03877643419689,41.535604573631105,37.12718520137424
05/18/2023 18:40:53.139585,2057,True,True,True,True,Eyes,0.2570137,0.02880005,-2.249086,0.7728378,-0.2268717,0.5926644,0.0,0.0,0.0,0.0,0.0,0.0,0.0,-1.666577,0.08197007,1.492185,0.2750764,0.03271557,-2.221278,0.05211237,0.3495499,-0.04447447,0.9344096,7.381805,40.8462,357.3019,0.09556646,0.01152412,-0.995356,0.1124465,0.007772552,0.3712499,0.8630497,-0.4685292,-0.6675636,0.5669875,-0.1544613,1.997766,0.7516738,-0.04668301,-0.6578808,0.1195465,0.9906126,0.0662965,0.6486101,-0.1284807,0.7501984,moving,52.51656,-20.94683,15.84451,-4.421144,55.90780610824473,-15.97490872052872,40.22359443129239,41.69600909288839,37.2663600000706
05/18/2023 18:40:53.149466,2058,True,True,True,True,Eyes,0.2586299,0.02864875,-2.24727,0.7755286,-0.2276292,0.5888466,0.0,0.0,0.0,0.0,0.0,0.0,0.0,-1.697165,0.06980482,1.447992,0.2819419,0.0317514,-2.213916,0.05077555,0.359219,-0.04618974,0.9307258,7.336742,42.02531,357.1392,0.09736388,0.01164402,-0.9951804,0.1056997,0.007306199,0.3489749,0.8922246,-0.4728009,-0.6698775,0.5701989,-0.1564978,1.997504,0.7376565,-0.04950087,-0.6733593,0.122459,0.9905767,0.06133176,0.663978,-0.1277007,0.7367671,moving,52.79118,-21.1349,15.93169,-4.479781,56.16729756349275,-16.144662131998693,40.44768215811953,41.892404655582304,37.438767461725966
05/18/2023 18:40:53.169490,2059,True,True,True,True,Eyes,0.2604378,0.02846379,-2.245211,0.7784662,-0.2282172,0.5847283,0.0,0.0,0.0,0.0,0.0,0.0,0.0,-1.725878,0.0615698,1.403843,0.2889302,0.03042687,-2.206539,0.05016687,0.3685528,-0.04756663,0.9270328,7.358325,43.17138,357.04,0.09906077,0.01174612,-0.9950118,0.09935774,0.006867826,0.3280365,0.9191358,-0.4769864,-0.6719449,0.5734371,-0.1585512,1.997241,0.7238125,-0.05121337,-0.6880935,0.1251699,0.9904414,0.05795103,0.6785484,-0.1280743,0.7233043,moving,53.08874,-21.32051,16.01954,-4.538912,56.44811654194955,-16.31158772772793,40.69087883142368,42.107786631435616,37.63066107555021
05/18/2023 18:40:53.189761,2060,True,True,True,True,Eyes,0.2624674,0.02823358,-2.242961,0.7816918,-0.228744,0.5802017,0.0,0.0,0.0,0.0,0.0,0.0,0.0,-1.752753,0.0564324,1.360312,0.2960863,0.02941024,-2.199373,0.05031435,0.377482,-0.04872965,0.9233642,7.452606,44.27478,356.9936,0.1006775,0.01183087,-0.9948485,0.09339628,0.006455757,0.3083543,0.947128,-0.4735491,-0.6721262,0.5766367,-0.1605799,1.996981,0.7102656,-0.0520049,-0.7020102,0.1279759,0.9901878,0.05612781,0.692203,-0.1297061,0.7099517,moving,53.41578,-21.51679,16.1063,-4.597339,56.75660880081192,-16.48782594079919,40.966634228501135,42.35364547817204,37.85147961903062
05/18/2023 18:40:53.209820,2061,True,True,True,True,Eyes,0.2646844,0.02798773,-2.240516,0.7851431,-0.2290945,0.5753835,0.0,0.0,0.0,0.0,0.0,0.0,0.0,-1.777325,0.04786742,1.318444,0.3033656,0.02808334,-2.192407,0.04903202,0.3859294,-0.04915489,0.9199122,7.362753,45.32325,356.9603,0.1022323,0.01189804,-0.9946892,0.0877925,0.006068411,0.289853,0.9746024,-0.4666365,-0.6716768,0.5799903,-0.1627065,1.996708,0.6972846,-0.05259056,-0.7148625,0.1282821,0.9903593,0.05226967,0.7052218,-0.1281509,0.6973088,moving,53.76459,-21.71046,16.19717,-4.658591,57.085335536467895,-16.661122717607117,41.25623930812842,42.61341160444404,38.08682824628234
05/18/2023 18:40:53.219637,2062,True,True,True,True,Eyes,0.2671301,0.02772565,-2.237903,0.7888356,-0.2292724,0.5702389,0.0,0.0,0.0,0.0,0.0,0.0,0.0,-1.800465,0.04404176,1.277225,0.3105959,0.0274331,-2.185794,0.04934888,0.3940235,-0.04992531,0.9164158,7.457552,46.33339,356.9582,0.1037414,0.01194881,-0.9945323,0.08252495,0.005704307,0.2724618,1.00134,-0.4691634,-0.6736093,0.5830787,-0.1646647,1.996457,0.684506,-0.05261545,-0.727106,0.1303939,0.9901443,0.05110469,0.717251,-0.1297916,0.6846204,moving,54.13733,-21.90327,16.2808,-4.714997,57.436342953107584,-16.833066672267062,41.575877529685755,42.90252123531905,38.351778750588785
05/18/2023 18:40:53.239817,2063,True,True,True,True,Eyes,0.2697632,0.02743541,-2.235126,0.792721,-0.2292318,0.5648416,0.0,0.0,0.0,0.0,0.0,0.0,0.0,-1.821551,0.03242175,1.237396,0.3184446,0.02674431,-2.17902,0.04679378,0.4017092,-0.04945551,0.9132329,7.192347,47.29555,356.9532,0.1052198,0.01198413,-0.9943765,0.07757345,0.005362048,0.2561141,1.028715,-0.4657807,-0.6743101,0.5861768,-0.1666292,1.996205,0.6723678,-0.05273382,-0.7383366,0.1279238,0.990729,0.04573376,0.7290797,-0.1252007,0.6728801,moving,54.52879,-22.08898,16.36465,-4.771588,57.80465678158989,-16.997936212516063,41.909350360286716,43.20599209220766,38.63258408043287
05/18/2023 18:40:53.249457,2064,True,True,True,True,Eyes,0.2726194,0.02712687,-2.232203,0.7967777,-0.2291643,0.5591324,0.0,0.0,0.0,0.0,0.0,0.0,0.0,-1.84134,0.02817165,1.198809,0.3260441,0.02571159,-2.172902,0.04588858,0.4089709,-0.04876136,0.9100876,7.088899,48.21265,357.0414,0.1066803,0.01200437,-0.9942207,0.07291904,0.005040325,0.2407473,1.055513,-0.4679044,-0.6768169,0.5894188,-0.1686847,1.995941,0.6607302,-0.05122003,-0.7488738,0.1262884,0.9910331,0.0436413,0.7399235,-0.1234092,0.6612741,moving,54.94105,-22.28662,16.45233,-4.830809,58.19258033486577,-17.173496487400076,42.26212139618787,43.52689320901371,38.929118056509644
05/18/2023 18:40:53.269437,2065,True,True,True,True,Eyes,0.2757662,0.02679333,-2.229255,0.8020499,-0.2293919,0.5514483,0.0,0.0,0.0,0.0,0.0,0.0,0.0,-1.860543,0.0210887,1.159019,0.3341809,0.02495464,-2.166354,0.04489706,0.4162838,-0.04900262,0.9068027,7.020446,49.13419,357.0261,0.1081351,0.01201024,-0.9940634,0.0685439,0.004737906,0.2263024,1.083162,-0.4775096,-0.6824043,0.5925888,-0.170695,1.995683,0.6486132,-0.05149157,-0.7593744,0.1262512,0.9911659,0.04062755,0.7505741,-0.1222235,0.6493842,moving,55.48959,-22.58637,16.53801,-4.88873,58.70944487683197,-17.441515539235795,42.78354877830964,44.00002664050247,39.3620080667813
05/18/2023 18:40:53.289822,2066,True,True,True,True,Eyes,0.2791128,0.02641787,-2.226187,0.8074028,-0.229445,0.5435584,0.0,0.0,0.0,0.0,0.0,0.0,0.0,-1.878851,0.01057032,1.119816,0.3424405,0.02398357,-2.160172,0.04211383,0.4234817,-0.04812892,0.9036445,6.711801,50.0454,357.0383,0.1095985,0.01200206,-0.9939033,0.06443126,0.004453631,0.2127243,1.106993,-0.4906849,-0.6883057,0.5958496,-0.1727625,1.995418,0.6366937,-0.051314,-0.7694076,0.1226517,0.99182,0.03534842,0.7613001,-0.1168753,0.6377792,moving,56.05084,-22.88542,16.62609,-4.948306,59.23813874374678,-17.70858839491988,43.31340405938439,44.48158613333785,39.803264744580915
05/18/2023 18:40:53.309796,2067,True,True,True,True,Eyes,0.2826134,0.02600657,-2.222938,0.8127624,-0.2295486,0.5354668,0.0,0.0,0.0,0.0,0.0,0.0,0.0,-1.895498,0.007600754,1.081913,0.3505377,0.02264053,-2.154093,0.04061226,0.4301996,-0.04638639,0.900626,6.491957,50.90549,357.1957,0.1110787,0.01197936,-0.9937391,0.06056539,0.004186413,0.1999608,1.134258,-0.4912981,-0.6918479,0.5990325,-0.1747809,1.995159,0.6255531,-0.04861082,-0.7786657,0.1184963,0.9923979,0.03324211,0.7711303,-0.1130637,0.6265579,moving,56.62218,-23.20427,16.71202,-5.006472,59.77661415648014,-17.993963773957592,43.86320466261448,44.98037585926733,40.25755987050685
05/18/2023 18:40:53.319651,2068,True,True,True,True,Eyes,0.2862957,0.02552936,-2.219604,0.8180944,-0.2296722,0.5272309,0.0,0.0,0.0,0.0,0.0,0.0,0.0,-1.911157,0.002180718,1.044365,0.3588843,0.02134384,-2.148015,0.03931869,0.4367106,-0.04599274,0.8975647,6.358736,51.73602,357.2189,0.1125832,0.01194205,-0.9935703,0.05693147,0.003935229,0.1879632,1.162609,-0.4801408,-0.6932546,0.6021387,-0.1767503,1.994906,0.614337,-0.04822115,-0.7875688,0.1169047,0.9926774,0.0304111,0.7803353,-0.1107532,0.6154758,moving,57.19975,-23.5389,16.79581,-5.063231,60.32119733930595,-18.293967178544648,44.42779211846073,45.491886341004424,40.72083670871707
05/18/2023 18:40:53.339465,2069,True,True,True,True,Eyes,0.2901379,0.02501526,-2.216149,0.8233797,-0.2299904,0.5187969,0.0,0.0,0.0,0.0,0.0,0.0,0.0,-1.924837,0.0002577715,1.010196,0.3668869,0.01920749,-2.14255,0.03922003,0.4424242,-0.04635562,0.8947479,6.384597,52.46661,357.2172,0.1141173,0.01188864,-0.9933959,0.05351558,0.003699115,0.1766854,1.192888,-0.4766922,-0.6983439,0.6053657,-0.1787966,1.994644,0.6042239,-0.04824942,-0.7953524,0.117657,0.9926259,0.02916638,0.7880801,-0.1112018,0.6054453,moving,57.7857,-23.90843,16.88282,-5.122209,60.8742585562166,-18.626446398459564,45.01075084638381,46.017508558801126,41.19056797096545
05/18/2023 18:40:53.349489,2070,True,True,True,True,Eyes,0.2941649,0.02447086,-2.212618,0.828617,-0.2303,0.5102507,0.0,0.0,0.0,0.0,0.0,0.0,0.0,-1.938533,-0.001471918,0.9753248,0.3753555,0.01781978,-2.137279,0.03991024,0.4481646,-0.0473859,0.8918017,6.526193,53.20219,357.1878,0.1156873,0.01181906,-0.9932151,0.05030464,0.003477168,0.1660843,1.221942,-0.4888148,-0.7092036,0.6086133,-0.1808557,1.99438,0.5938063,-0.04874495,-0.8031302,0.1202904,0.9923235,0.02871067,0.7955654,-0.1136574,0.5951115,moving,58.37582,-24.29188,16.97031,-5.181562,61.43147240454092,-18.97185977653272,45.602856406383395,46.55069575343,41.66399531077553
05/18/2023 18:40:53.369294,2071,True,True,True,True,Eyes,0.2983923,0.02390473,-2.209049,0.8337739,-0.2306914,0.5016,0.0,0.0,0.0,0.0,0.0,0.0,0.0,-1.950682,-0.005722113,0.9418139,0.3837665,0.01654565,-2.13182,0.03943782,0.4535813,-0.04780344,0.8890577,6.516567,53.89802,357.1602,0.117298,0.01173355,-0.9930272,0.04728637,0.003268538,0.1561192,1.252432,-0.4712058,-0.7117006,0.611748,-0.1828434,1.994125,0.5839577,-0.0492235,-0.8102904,0.1207765,0.992319,0.02675951,0.8027493,-0.1134905,0.5854173,moving,58.96881,-24.69823,17.05471,-5.238862,61.99179993763584,-19.338642677762792,46.21102446137095,47.097195959252026,42.14455299931141
05/18/2023 18:40:53.389559,2072,True,True,True,True,Eyes,0.3027821,0.02332318,-2.205413,0.8388205,-0.2311733,0.4928885,0.0,0.0,0.0,0.0,0.0,0.0,0.0,-1.961709,-0.010863,0.909635,0.3922535,0.01550038,-2.126441,0.03894861,0.4586518,-0.04848854,0.8864371,6.518826,54.54994,357.1017,0.118955,0.01163268,-0.9928313,0.04444918,0.003072425,0.146752,1.284942,-0.4376363,-0.7107749,0.6149442,-0.1848701,1.993865,0.5745748,-0.05023637,-0.8169088,0.1216918,0.9922637,0.02457226,0.8093547,-0.1135297,0.5762432,moving,59.56163,-25.12739,17.14072,-5.297288,62.55240685617086,-19.726780453829285,46.82698528155004,47.64904569451562,42.6240648325543
05/18/2023 18:40:53.409630,2073,True,True,True,True,Eyes,0.3073411,0.02273586,-2.201719,0.8437625,-0.2316627,0.4841458,0.0,0.0,0.0,0.0,0.0,0.0,0.0,-1.971409,-0.01426367,0.8793176,0.4005244,0.01457101,-2.121138,0.03947414,0.4632636,-0.04981958,0.8839383,6.658112,55.14428,357.0278,0.1206615,0.01151724,-0.9926267,0.04178223,0.00288808,0.1379469,1.314418,-0.4579207,-0.7252194,0.6183195,-0.1870103,1.99359,0.5658098,-0.051501,-0.8229259,0.1246487,0.9919196,0.02362622,0.8150595,-0.1159446,0.5676574,moving,60.15306,-25.57101,17.23147,-5.358994,63.11199614510629,-20.1284851329962,47.442475472010905,48.19917579875651,43.09713561276549
05/18/2023 18:40:53.419543,2074,True,True,True,True,Eyes,0.3120326,0.02218846,-2.197953,0.8485897,-0.2323048,0.475321,0.0,0.0,0.0,0.0,0.0,0.0,0.0,-1.980424,-0.01909798,0.8500206,0.4091188,0.01385029,-2.115988,0.03917043,0.4676155,-0.05055625,0.8816153,6.681398,55.70671,356.9695,0.1224212,0.01138837,-0.9924126,0.0392753,0.002714795,0.1296701,1.340121,-0.4796033,-0.7389365,0.6213289,-0.1889188,1.993345,0.5575596,-0.05250893,-0.8284746,0.1257757,0.9918195,0.02178471,0.8205534,-0.1163483,0.5596029,moving,60.74548,-26.04626,17.31234,-5.414023,63.6731149490719,-20.559773969277835,48.084580209083335,48.77207424645658,43.58343170099626
05/18/2023 18:40:53.439660,2075,True,True,True,True,Eyes,0.3168829,0.02168343,-2.194106,0.8533261,-0.2327785,0.4665284,0.0,0.0,0.0,0.0,0.0,0.0,0.0,-1.988336,-0.02125566,0.8225603,0.4173182,0.01427254,-2.110966,0.04010516,0.4715797,-0.05145818,0.8794068,6.838477,56.22289,356.9586,0.1242357,0.01124915,-0.9921886,0.03691878,0.002551907,0.1218899,1.368001,-0.4442771,-0.7359959,0.6247373,-0.19108,1.993068,0.5499292,-0.05267977,-0.8335482,0.1283309,0.9914873,0.02200423,0.8252933,-0.1190708,0.5520082,moving,61.33379,-26.51732,17.40386,-5.476338,64.23032377277454,-20.987234904888364,48.70894859601492,49.328547842573286,44.052813618008116
05/18/2023 18:40:53.449315,2076,True,True,True,True,Eyes,0.3218788,0.02129419,-2.190217,0.8579453,-0.2331189,0.4578051,0.0,0.0,0.0,0.0,0.0,0.0,0.0,-1.99548,-0.02700424,0.7954503,0.4262182,0.01474638,-2.105596,0.0389889,0.4753664,-0.0511476,0.8774343,6.721768,56.71625,356.9588,0.1261074,0.01110249,-0.9919541,0.03470365,0.002398793,0.1145765,1.394569,-0.4496827,-0.7469208,0.6277455,-0.1929874,1.992823,0.5428215,-0.05268927,-0.8381937,0.1268253,0.9917276,0.01979269,0.830217,-0.1170481,0.5450134,moving,61.91534,-26.98565,17.48459,-5.531343,64.78118145476246,-21.41229521913681,49.33942474748514,49.89160457056093,44.5269837351248
05/18/2023 18:40:53.469381,2077,True,True,True,True,Eyes,0.3270647,0.02089229,-2.186267,0.8625342,-0.232987,0.4491678,0.0,0.0,0.0,0.0,0.0,0.0,0.0,-2.00119,-0.03269163,0.7720767,0.4346668,0.0171144,-2.100644,0.03787205,0.4784769,-0.05026527,0.875842,6.571406,57.12435,357.0107,0.1280382,0.0109543,-0.9917085,0.03262144,0.002254865,0.1077019,1.426602,-0.4367557,-0.7538921,0.6308841,-0.1949773,1.992568,0.5370666,-0.05180708,-0.8419476,0.1242907,0.9920782,0.01823832,0.834333,-0.1144414,0.5392512,moving,62.49159,-27.41614,17.56875,-5.588731,65.32637451875121,-21.80205726132877,49.94494306052297,50.43473652286011,44.98946970111023
05/18/2023 18:40:53.489549,2078,True,True,True,True,Eyes,0.332378,0.02045483,-2.182302,0.8670285,-0.2325909,0.4406393,0.0,0.0,0.0,0.0,0.0,0.0,0.0,-2.006847,-0.04247155,0.7468152,0.4442449,0.01631807,-2.095078,0.03327505,0.4817552,-0.04790998,0.8743625,5.989756,57.55167,357.019,0.130031,0.01080415,-0.9914508,0.03066415,0.002119574,0.1012398,1.454576,-0.4126159,-0.7570695,0.6341304,-0.1970356,1.992304,0.5312332,-0.0517205,-0.8456455,0.1158422,0.9931948,0.01202713,0.8392687,-0.1043506,0.5336094,moving,63.05951,-27.82728,17.65575,-5.648094,65.86343458374071,-22.17389770460396,50.531353769320255,50.96158397271943,45.4395617608615
05/18/2023 18:40:53.499392,2079,True,True,True,True,Eyes,0.3378405,0.02018637,-2.178282,0.8713322,-0.2326295,0.4320462,0.0,0.0,0.0,0.0,0.0,0.0,0.0,-2.011882,-0.04085643,0.7256947,0.4525602,0.01497616,-2.090679,0.03140454,0.4843297,-0.04505868,0.8731601,5.65216,57.89578,357.2199,0.1320865,0.01065055,-0.9911808,0.0,0.0,0.0,1.480649,-0.4434214,-0.7755453,0.6374043,-0.1991119,1.992038,0.5267891,-0.04826658,-0.8486246,0.1091072,0.993967,0.01119587,0.8429645,-0.0984889,0.5288771,moving,63.62569,-28.29965,17.74343,-5.707977,66.40004854396295,-22.60309147107661,51.142599382965756,51.506421164001495,45.89016558996951
05/18/2023 18:40:53.519690,2080,True,True,True,True,Eyes,0.3434872,0.01991675,-2.174208,0.8756312,-0.2319278,0.4236504,0.0,0.0,0.0,0.0,0.0,0.0,0.0,-2.017583,-0.04758788,0.6998504,0.4617228,0.01883514,-2.085463,0.03461784,0.4876809,-0.04899113,0.8709587,6.204963,58.33084,357.0263,0.1342059,0.01050145,-0.9908975,0.0,0.0,0.0,1.510191,-0.4286153,-0.7821875,0.6405032,-0.2010767,1.991786,0.5195344,-0.05157356,-0.8528917,0.1191034,0.9928029,0.01251735,0.846108,-0.1080855,0.5219379,moving,64.18124,-28.69854,17.82636,-5.764649,66.92534753914858,-22.963748659607237,51.717871729357554,52.02422134420244,46.33201383390929
05/18/2023 18:40:53.539257,2081,True,True,True,True,Eyes,0.3492694,0.01966674,-2.170135,0.8798081,-0.2314398,0.4151787,0.0,0.0,0.0,0.0,0.0,0.0,0.0,-2.021275,-0.0689211,0.6777126,0.4716845,0.01837175,-2.080089,0.02487417,0.4902939,-0.04515819,0.870031,5.02349,58.66884,356.8818,0.1363924,0.01035632,-0.9906005,0.0,0.0,0.0,1.543075,-0.4024853,-0.789491,0.6436963,-0.2031014,1.991526,0.5151453,-0.05418675,-0.8553882,0.1029694,0.994684,-0.0009989759,0.8508951,-0.08756417,0.5179864,moving,64.73753,-29.13731,17.91175,-5.823053,67.4521014474945,-23.361718026190463,52.30877796384131,52.55331761594302,46.77353186164564
05/18/2023 18:40:53.549790,2082,True,True,True,True,Eyes,0.4972126,0.01606642,-2.067465,0.9568853,-0.2180638,0.1918819,0.0,0.0,0.0,0.0,0.0,0.0,0.0,-2.026895,-0.06985316,0.6535227,0.4806136,0.01863396,-2.075798,0.0263272,0.4933684,-0.0463899,0.8681835,5.249234,59.07308,356.8585,0.1386455,0.01021564,-0.9902891,0.0,0.0,0.0,1.577501,-0.4214633,-0.8125131,0.6469399,-0.2051581,1.991262,0.5088712,-0.05457187,-0.8591112,0.1065279,0.9943097,-6.093294e-05,0.854226,-0.0914883,0.511789,moving,78.66101,-48.65434,17.99843,-5.882384,80.8001268483802,-41.31161113144194,74.22525737457794,72.10605565531337,60.188536749460994
05/18/2023 18:40:53.570544,2083,True,True,True,True,Eyes,0.4975662,0.01605639,-2.067263,0.9570162,-0.2177213,0.1916179,0.0,0.0,0.0,0.0,0.0,0.0,0.0,-2.032625,-0.07826833,0.6252341,0.4897777,0.0210699,-2.070817,0.02719956,0.497262,-0.04870519,0.8658053,5.482257,59.58248,356.7007,0.1488853,0.00994189,-0.9888042,0.4438294,-0.01080098,0.3080084,1.610686,-0.4209765,-0.8295239,0.6500999,-0.2071618,1.991005,0.5007167,-0.05728781,-0.8637135,0.111389,0.993776,-0.001339431,0.8584145,-0.09553752,0.5039815,moving,78.67771,-48.64879,18.08282,-5.940185,80.81558083938893,-41.30603381695447,74.1334312922188,72.01487724821621,60.111983250368006
05/18/2023 18:40:53.589004,2084,True,True,True,True,Eyes,0.4982623,0.01602575,-2.066898,0.9571482,-0.2176272,0.1910648,0.0,0.0,0.0,0.0,0.0,0.0,0.0,-2.03616,-0.08927356,0.6040379,0.4990299,0.02120969,-2.066228,0.02129512,0.499677,-0.04564613,0.8647462,4.729199,59.90429,356.683,0.1575745,0.009703777,-0.9874591,0.4171996,-0.01015292,0.2895279,1.642077,-0.4089768,-0.8435704,0.6501599,-0.2072,1.991,0.4964787,-0.05766325,-0.8661315,0.100226,0.9949259,-0.008786894,0.8622434,-0.08244638,0.4997389,moving,78.71107,-48.71862,18.08442,-5.941288,80.8480048172114,-41.37063350376327,74.19899475909848,72.07292211317868,60.14271470411433
05/18/2023 18:40:53.609218,2085,True,True,True,True,Eyes,0.4992969,0.01600204,-2.066359,0.9572691,-0.2178378,0.1902169,0.0,0.0,0.0,0.0,0.0,0.0,0.0,-2.040752,-0.0920209,0.5806516,0.5077104,0.0206036,-2.062062,0.02208292,0.5026053,-0.04708268,0.8629504,4.901382,60.28983,356.6016,0.165303,0.009489601,-0.9861969,0.3921677,-0.009543742,0.2721562,1.674677,-0.4016126,-0.8601791,0.6501601,-0.2072,1.991,0.4903423,-0.05906206,-0.8695264,0.103458,0.9945911,-0.009215065,0.8653675,-0.08544096,0.4938006,static,78.76127,-48.87241,18.08442,-5.941287,80.89773117342726,-41.513437260693806,74.32873904462276,72.18649412971362,60.1918488164708
05/18/2023 18:40:53.619542,2086,True,True,True,True,Eyes,0.5006558,0.01599478,-2.06568,0.9573945,-0.2183155,0.1890349,0.0,0.0,0.0,0.0,0.0,0.0,0.0,-2.045427,-0.1001446,0.5530335,0.5168951,0.02042118,-2.057194,0.02469045,0.5062743,-0.05192401,0.8604538,5.455092,60.7668,356.2933,0.1723026,0.009295358,-0.985,0.3686376,-0.008971117,0.2558269,1.709747,-0.3828446,-0.8761627,0.6501602,-0.2072,1.991,0.4819806,-0.06435615,-0.8738153,0.1143567,0.9933885,-0.0100856,0.8686872,-0.09506555,0.4861535,static,78.83077,-49.11139,18.08443,-5.941288,80.9670756621446,-41.73554009517874,74.52365751951527,72.35644828571978,60.259996633445034
05/18/2023 18:40:53.639790,2087,True,True,True,True,Eyes,0.5023084,0.01596902,-2.06485,0.9574815,-0.2190962,0.1876859,0.0,0.0,0.0,0.0,0.0,0.0,0.0,-2.049258,-0.1141632,0.5270643,0.5258165,0.02085875,-2.052649,0.02325926,0.5097167,-0.05440076,0.8583055,5.473484,61.21717,355.9864,0.1786633,0.009119952,-0.9838678,0.3465193,-0.00843285,0.2404772,1.743641,-0.3703298,-0.8947848,0.6501603,-0.2071999,1.991,0.4744587,-0.06967367,-0.8775161,0.1170962,0.9929991,-0.01553085,0.8724548,-0.09538507,0.4792956,static,78.90948,-49.41542,18.08443,-5.941285,81.04625021202149,-42.01832123159679,74.76421016436089,72.56544182782095,60.33732629707631
05/18/2023 18:40:53.649492,2088,True,True,True,True,Eyes,0.5042385,0.0159118,-2.063879,0.957554,-0.2202221,0.185991,0.0,0.0,0.0,0.0,0.0,0.0,0.0,-2.053686,-0.1234814,0.4979712,0.534519,0.02046242,-2.048101,0.02479185,0.513793,-0.05844242,0.8555622,5.8818,61.75154,355.7033,0.1844648,0.008960733,-0.982798,0.3257281,-0.007926879,0.2260486,1.777484,-0.377624,-0.920625,0.6501601,-0.2072,1.991,0.4652026,-0.07452649,-0.8820614,0.125478,0.9919397,-0.01763268,0.8762658,-0.1024765,0.4708043,static,79.008,-49.81686,18.08442,-5.941286,81.14575263060816,-42.39182813101825,75.07828310401001,72.83799622994404,60.434219983207
05/18/2023 18:40:53.669471,2089,True,True,True,True,Eyes,0.5064248,0.01584124,-2.062772,0.9576375,-0.2214666,0.1840736,0.0,0.0,0.0,0.0,0.0,0.0,0.0,-2.058366,-0.1257041,0.468251,0.5431293,0.01972519,-2.043662,0.02805479,0.5179521,-0.06182621,0.8527111,6.424352,62.30299,355.5919,0.189778,0.008814689,-0.9817872,0.3061845,-0.007451267,0.2124857,1.812931,-0.3805596,-0.9477584,0.6501601,-0.2072,1.991,0.4558063,-0.07637773,-0.886796,0.1345019,0.9907809,-0.01620078,0.879858,-0.1118913,0.4618771,static,79.11952,-50.26808,18.08442,-5.941287,81.25832343489584,-42.81163329668325,75.43306973519537,73.14618589672935,60.54387387922485
05/18/2023 18:40:53.689304,2090,True,True,True,True,Eyes,0.5088672,0.01580932,-2.061549,0.9576939,-0.2231117,0.1817792,0.0,0.0,0.0,0.0,0.0,0.0,0.0,-2.063234,-0.1213947,0.4382774,0.5515769,0.01940988,-2.039398,0.03293727,0.5221281,-0.0643543,0.8497974,7.075805,62.86633,355.6668,0.1946651,0.008679948,-0.9808311,0.2878134,-0.007004191,0.1997366,1.848301,-0.3837053,-0.9768837,0.6501603,-0.2072,1.991,0.4464815,-0.0749813,-0.8916456,0.1437712,0.9895474,-0.01122236,0.883167,-0.1231824,0.4525947,static,79.25259,-50.82874,18.08443,-5.941286,81.39307427101949,-43.33338490547153,75.87112312591475,73.52654962658764,60.67480125254579
05/18/2023 18:40:53.699697,2091,True,True,True,True,Eyes,0.5115538,0.01580507,-2.060169,0.9578231,-0.2245334,0.1793314,0.0,0.0,0.0,0.0,0.0,0.0,0.0,-2.068073,-0.1159498,0.407642,0.5601889,0.0204099,-2.035267,0.03879197,0.5263758,-0.06683581,0.846733,7.819594,63.44838,355.8123,0.1991825,0.008557241,-0.9799249,0.2705446,-0.006583939,0.1877524,1.881919,-0.4041044,-1.011994,0.6501601,-0.2072,1.991,0.4369228,-0.07234588,-0.8965849,0.1540225,0.9880564,-0.004668647,0.8862143,-0.1360544,0.4428473,static,79.39539,-51.38617,18.08443,-5.941288,81.53682920856076,-43.85189036816518,76.31691238588944,73.91495611335837,60.815061940355505
05/18/2023 18:40:53.719660,2092,True,True,True,True,Eyes,0.5144801,0.0157976,-2.058693,0.9579798,-0.2260926,0.1765133,0.0,0.0,0.0,0.0,0.0,0.0,0.0,-2.072386,-0.1109626,0.3765583,0.5690981,0.0210588,-2.030905,0.04204068,0.5306316,-0.06703856,0.8439009,8.169492,64.03844,356.03,0.2033799,0.008446741,-0.9790633,0.2543119,-0.006188903,0.1764872,1.913566,-0.4220763,-1.046067,0.6501603,-0.2072,1.991,0.4278719,-0.06853157,-0.9012375,0.157764,0.9874769,-0.0001892097,0.8899642,-0.1421019,0.4333254,static,79.56002,-52.02041,18.08443,-5.941287,81.70239881440986,-44.44179300658966,76.82794896583682,74.36084264473253,60.97663330309378
05/18/2023 18:40:53.739527,2093,True,True,True,True,Eyes,0.5176405,0.01580942,-2.057129,0.9581827,-0.2275283,0.1735418,0.0,0.0,0.0,0.0,0.0,0.0,0.0,-2.077014,-0.1021966,0.344337,0.5777614,0.02103084,-2.027005,0.0460543,0.535107,-0.06684587,0.8408753,8.568471,64.66852,356.3396,0.2073017,0.008347101,-0.9782411,0.2390532,-0.005817569,0.165898,1.944158,-0.4316516,-1.077224,0.6501601,-0.2072,1.991,0.4183842,-0.06313013,-0.9060736,0.161706,0.9868212,0.005912446,0.8937595,-0.1489912,0.423079,static,79.73412,-52.66628,18.08442,-5.941286,81.8770154659871,-45.042364947285584,77.35574041006934,74.82238709857457,61.14731487551179
05/18/2023 18:40:53.749584,2094,True,True,True,True,Eyes,0.5210302,0.01585696,-2.055473,0.9584028,-0.2291073,0.1702172,0.0,0.0,0.0,0.0,0.0,0.0,0.0,-2.081333,-0.09461401,0.3112971,0.586543,0.0215684,-2.023192,0.05159584,0.539667,-0.06807965,0.8375337,9.201508,65.31885,356.6113,0.2109873,0.008258175,-0.9774537,0.22471,-0.005468515,0.1559441,1.974284,-0.4393091,-1.107639,0.6501601,-0.2072,1.991,0.4082496,-0.05834886,-0.9110037,0.1697271,0.985406,0.01294582,0.8969532,-0.1599072,0.412195,static,79.92899,-53.38918,18.08442,-5.941288,82.07246333514293,-45.714564258302346,77.94904293016408,75.3417758894716,61.338258783843514
05/18/2023 18:40:53.769657,2095,True,True,True,True,Eyes,0.5246297,0.01591635,-2.053721,0.958711,-0.2303111,0.1668235,0.0,0.0,0.0,0.0,0.0,0.0,0.0,-2.084797,-0.09239858,0.2781955,0.5954212,0.02252403,-2.019226,0.05478778,0.5442874,-0.06871301,0.8342831,9.567897,65.97325,356.8019,0.214472,0.008180595,-0.9766957,0.2112274,-0.005140404,0.1465875,2.002806,-0.4504874,-1.139061,0.6501602,-0.2071999,1.991,0.3980597,-0.05501159,-0.9157087,0.1742928,0.9845536,0.01661781,0.9006501,-0.1662163,0.4014992,static,80.12891,-54.08268,18.08443,-5.941286,82.27205236231293,-46.3591284985348,78.53095768379268,75.85283684057744,61.53374892052699
05/18/2023 18:40:53.789309,2096,True,True,True,True,Eyes,0.5284543,0.01600544,-2.05189,0.9590408,-0.2316081,0.1630905,0.0,0.0,0.0,0.0,0.0,0.0,0.0,-2.087908,-0.0893348,0.2463015,0.6042127,0.02286716,-2.015542,0.05767309,0.5486597,-0.0689773,0.8311971,9.878856,66.59789,357.0104,0.2177862,0.008113815,-0.9759625,0.1985538,-0.00483198,0.1377922,2.030398,-0.4586958,-1.169097,0.6501601,-0.2072,1.991,0.3884292,-0.05138163,-0.920045,0.1779532,0.9838319,0.02018528,0.9041324,-0.1715655,0.3912926,static,80.34885,-54.84811,18.08442,-5.941286,82.49167589888549,-47.07056349487438,79.17535397452843,76.41931745098813,61.74872910111137
05/18/2023 18:40:53.809666,2097,True,True,True,True,Eyes,0.5324979,0.01612004,-2.049972,0.9594933,-0.2323464,0.1593355,0.0,0.0,0.0,0.0,0.0,0.0,0.0,-2.090565,-0.08967574,0.2127236,0.6134119,0.0237059,-2.011695,0.05988274,0.5533206,-0.06946103,0.8279043,10.13818,67.26087,357.1616,0.2209583,0.008058175,-0.9752497,0.1866405,-0.004542061,0.1295247,2.058143,-0.4599316,-1.197512,0.65016,-0.2072,1.991,0.378023,-0.04874547,-0.924512,0.1812829,0.9831785,0.02228592,0.9078739,-0.1760228,0.3805007,static,80.57139,-55.55896,18.08442,-5.941288,82.71267449149187,-47.73085011991876,79.79056833035145,76.96219059246943,61.965737399843405
05/18/2023 18:40:53.824728,2098,True,True,True,True,Eyes,0.5367552,0.01619662,-2.047982,0.9600336,-0.2328533,0.1552895,0.0,0.0,0.0,0.0,0.0,0.0,0.0,-2.092949,-0.09141625,0.178489,0.6227946,0.02437486,-2.00803,0.05938746,0.5581723,-0.06817526,0.8247842,10.02459,67.94061,357.3131,0.2240136,0.008013777,-0.9745528,0.1754421,-0.004269537,0.1217532,2.084579,-0.4630854,-1.225818,0.6501603,-0.2072,1.991001,0.3675916,-0.04616287,-0.9288409,0.1787566,0.9836505,0.02185661,0.9126459,-0.1740708,0.3698336,static,80.81175,-56.30075,18.08442,-5.941285,82.950870996459,-48.41968974684675,80.44124342658513,77.53754790237404,62.19985820433845
05/18/2023 18:40:53.839585,2099,True,True,True,True,Eyes,0.5412001,0.01622936,-2.045921,0.9605975,-0.2332105,0.1512124,0.0,0.0,0.0,0.0,0.0,0.0,0.0,-2.094834,-0.09102063,0.1432923,0.6321055,0.023507,-2.004255,0.05792171,0.5631679,-0.06595794,0.821667,9.757326,68.639,357.4905,0.2269738,0.007977725,-0.9738679,0.1649156,-0.004013365,0.114448,2.109532,-0.467813,-1.253908,0.6501602,-0.2072,1.991,0.3569829,-0.04315161,-0.9331136,0.1736302,0.9845893,0.02089392,0.9178321,-0.1694755,0.358974,static,81.0542,-57.04085,18.08442,-5.941287,83.19098245897686,-49.10689962628513,81.09475033588406,78.11616086718011,62.435849874839995
05/18/2023 18:40:53.849831,2100,True,True,True,True,Eyes,0.5458466,0.01627332,-2.043793,0.961161,-0.2336812,0.1468423,0.0,0.0,0.0,0.0,0.0,0.0,0.0,-2.096065,-0.08971496,0.109723,0.6410671,0.02248862,-2.000525,0.06043029,0.567739,-0.06668752,0.8182747,10.05651,69.30016,357.6415,0.229858,0.007947119,-0.9731914,0.1550207,-0.003772563,0.1075811,2.134229,-0.4664599,-1.279671,0.6501603,-0.2071999,1.991,0.3464506,-0.04052015,-0.9371926,0.1777547,0.9838019,0.02317495,0.9210728,-0.1746193,0.3480414,static,81.31374,-57.85527,18.08443,-5.941284,83.44844422388303,-49.86328446475433,81.81080359881753,78.75021574755121,62.68850554690406
05/18/2023 18:40:53.869552,2101,True,True,True,True,Eyes,0.5506986,0.01631019,-2.04162,0.9616211,-0.2345698,0.1423444,0.0,0.0,0.0,0.0,0.0,0.0,0.0,-2.096709,-0.09157272,0.07665563,0.6505226,0.02283463,-1.996685,0.06219926,0.5721821,-0.06733356,0.814988,10.27875,69.94131,357.7533,0.2326834,0.007921954,-0.97252,0.1457194,-0.003546209,0.1011263,2.156663,-0.4703484,-1.306039,0.65016,-0.2071999,1.991,0.336148,-0.03857351,-0.9410189,0.1809307,0.9831949,0.02432917,0.9242666,-0.1784374,0.3374781,static,81.57991,-58.74929,18.08442,-5.941286,83.7136113448438,-50.69402599425535,82.58548623580366,79.43549895085663,62.94778103502088
05/18/2023 18:40:53.890237,2102,True,True,True,True,Eyes,0.5557392,0.01635856,-2.039389,0.96211,-0.2353806,0.1376235,0.0,0.0,0.0,0.0,0.0,0.0,0.0,-2.097198,-0.09101981,0.04436469,0.6601558,0.02268869,-1.993031,0.06248347,0.5764549,-0.06629211,0.812035,10.24784,70.55501,357.9253,0.235466,0.007901343,-0.9718502,0.1369762,-0.003333437,0.09505868,2.180684,-0.4620948,-1.328828,0.6501606,-0.2072,1.991001,0.3266102,-0.03562521,-0.9444873,0.1797008,0.9834024,0.02504871,0.9279188,-0.1779063,0.3275912,static,81.85944,-59.68583,18.08443,-5.941286,83.99204294854512,-51.564261926545065,83.40100665020799,80.15777801916258,63.21990210749637
05/18/2023 18:40:53.909544,2103,True,True,True,True,Eyes,0.5609719,0.01638515,-2.037097,0.9625465,-0.2363358,0.1328516,0.0,0.0,0.0,0.0,0.0,0.0,0.0,-2.097055,-0.09203404,0.01294756,0.6696791,0.02301121,-1.989291,0.06260271,0.5805904,-0.06549044,0.8091394,10.21573,71.14867,358.0616,0.2382191,0.007885378,-0.9711791,0.1287577,-0.00313343,0.08935516,2.202645,-0.4586394,-1.352236,0.6501597,-0.2072,1.991,0.3172515,-0.03328874,-0.947757,0.1786749,0.9835838,0.0252624,0.9313576,-0.1773549,0.3179913,static,82.14163,-60.65832,18.08441,-5.941288,84.27364303086699,-52.46808746039717,84.24536203861565,80.90585663128739,63.49461064274592
05/18/2023 18:40:53.919623,2104,True,True,True,True,Eyes,0.5663795,0.01638984,-2.034757,0.9629957,-0.2372256,0.1279191,0.0,0.0,0.0,0.0,0.0,0.0,0.0,-2.096267,-0.09701084,-0.01874053,0.6794556,0.02244511,-1.98543,0.06097917,0.5847903,-0.06486537,0.8062842,10.03201,71.73604,358.0632,0.2409548,0.007872569,-0.9705042,0.1210322,-0.002945425,0.08399384,2.224117,-0.4572397,-1.375563,0.6501601,-0.2072,1.991,0.3076255,-0.03327979,-0.9509253,0.1759199,0.9841481,0.0224678,0.9351036,-0.1741984,0.3086036,static,82.43344,-61.66514,18.08442,-5.941287,84.56486559863055,-53.40382688160643,85.12311183295644,81.68440695142223,63.77850524313138
05/18/2023 18:40:53.939661,2105,True,True,True,True,Eyes,0.571951,0.01637916,-2.032314,0.9633564,-0.238397,0.122928,0.0,0.0,0.0,0.0,0.0,0.0,0.0,-2.095368,-0.1012062,-0.04784727,0.6890272,0.0219184,-1.981884,0.06040691,0.5884917,-0.06484254,0.8036317,9.986053,72.26152,358.0728,0.2436833,0.00786156,-0.9698228,0.1137703,-0.002768699,0.07895421,2.246728,-0.4475826,-1.397915,0.6501603,-0.2072001,1.991,0.298946,-0.03312114,-0.953695,0.175317,0.9842929,0.02077121,0.9380273,-0.1734084,0.3000571,static,82.72813,-62.72237,18.08443,-5.941289,84.85973916044715,-54.38668594963897,86.04010175039637,82.49786905782103,64.06521909073248
05/18/2023 18:40:53.949492,2106,True,True,True,True,Eyes,0.5777041,0.01634831,-2.029822,0.9637152,-0.2395272,0.1178121,0.0,0.0,0.0,0.0,0.0,0.0,0.0,-2.093727,-0.1079646,-0.07731664,0.6987861,0.02154289,-1.978019,0.06051607,0.5922068,-0.0659726,0.8007976,10.08221,72.79292,358.0219,0.2464135,0.00785146,-0.9691327,0.1069441,-0.002602577,0.07421696,2.268015,-0.4396989,-1.419761,0.65016,-0.2071999,1.991,0.2898777,-0.03398534,-0.9564602,0.1773375,0.9839708,0.01878342,0.9404906,-0.1750611,0.291258,static,83.0303,-63.80962,18.08442,-5.941286,85.16215850550492,-55.39747358068377,86.98684618325896,83.33869145258208,64.35904970209623
05/18/2023 18:40:53.969870,2107,True,True,True,True,Eyes,0.5836285,0.01626611,-2.027308,0.9640234,-0.2407604,0.1126652,0.0,0.0,0.0,0.0,0.0,0.0,0.0,-2.091856,-0.1167709,-0.105808,0.7088561,0.021019,-1.974278,0.05937159,0.5957332,-0.06689796,0.7981865,10.04874,73.28775,357.9016,0.249154,0.007841216,-0.9684319,0.1005274,-0.002446423,0.06976394,2.287727,-0.4361999,-1.44095,0.6501603,-0.2072,1.991,0.2812531,-0.03605483,-0.9589561,0.1775333,0.9839994,0.01507253,0.9430687,-0.1744859,0.2831539,static,83.33409,-64.92249,18.08443,-5.941289,85.46657903064441,-56.43220536936172,87.95624026479305,84.20027698176446,64.65435198506225
05/18/2023 18:40:53.990058,2108,True,True,True,True,Eyes,0.5897037,0.01612495,-2.024765,0.9642884,-0.2421214,0.1073547,0.0,0.0,0.0,0.0,0.0,0.0,0.0,-2.090461,-0.1208866,-0.1340871,0.7188349,0.01967108,-1.97117,0.05826467,0.5991932,-0.06676856,0.7956851,9.946887,73.77892,357.8804,0.2519119,0.007828393,-0.9677183,0.09449577,-0.002299637,0.0655781,2.304418,-0.4392372,-1.460258,0.6501598,-0.2072,1.991,0.2730191,-0.03642992,-0.9613186,0.1760771,0.9842944,0.01270612,0.9457576,-0.1727352,0.2751456,static,83.64739,-66.08788,18.08442,-5.941288,85.78086866234476,-57.51588005995346,88.9725551191791,85.10433424711161,64.958786341793
05/18/2023 18:40:54.005326,2109,True,True,True,True,Eyes,0.5959216,0.01597137,-2.022175,0.9644664,-0.2437437,0.1019491,0.0,0.0,0.0,0.0,0.0,0.0,0.0,-2.088437,-0.1242726,-0.1631619,0.7285169,0.01815343,-1.967883,0.05998366,0.6027457,-0.06829317,0.7927393,10.22008,74.30653,357.9055,0.2546923,0.007810438,-0.9669904,0.08882602,-0.002161659,0.06164342,2.320471,-0.4457735,-1.480525,0.65016,-0.2071999,1.991,0.2640673,-0.03596757,-0.9638336,0.1805872,0.983476,0.01277599,0.9474477,-0.1774297,0.2661991,static,83.96595,-67.30222,18.08442,-5.941286,86.10099887243273,-58.64525329918785,90.03077371928588,86.04628504812815,65.26820225535793
05/18/2023 18:40:54.024634,2110,True,True,True,True,Eyes,0.6022995,0.0158237,-2.019547,0.964647,-0.2452574,0.09646243,0.0,0.0,0.0,0.0,0.0,0.0,0.0,-2.085376,-0.1324409,-0.1909752,0.738152,0.01773183,-1.964084,0.06144992,0.6061161,-0.07067733,0.7898429,10.52992,74.80481,357.8341,0.2574996,0.007787267,-0.9662468,0.08349646,-0.00203196,0.05794481,2.336682,-0.4470255,-1.498617,0.65016,-0.2072,1.991,0.255256,-0.03715642,-0.9661592,0.1861396,0.9824572,0.01139421,0.9487868,-0.1827489,0.2576944,static,84.28954,-68.52974,18.08442,-5.941287,86.42606883103126,-59.7868483418418,91.10670866158873,87.00531846480445,65.58230025640789
05/18/2023 18:40:54.039591,2111,True,True,True,True,Eyes,0.6088492,0.01568096,-2.016917,0.9648668,-0.2465574,0.09078373,0.0,0.0,0.0,0.0,0.0,0.0,0.0,-2.082639,-0.1378624,-0.217754,0.7483259,0.01771431,-1.960486,0.06050137,0.6092536,-0.07066644,0.7874998,10.45115,75.25474,357.8101,0.2603387,0.007759667,-0.965486,0.0,0.0,0.0,2.35203,-0.4487959,-1.515354,0.6501598,-0.2071999,1.991,0.2476326,-0.03757827,-0.9681251,0.185021,0.9826917,0.009182055,0.9510234,-0.1813972,0.2502992,static,84.6249,-69.78603,18.08442,-5.941286,86.76265786283814,-60.95510369114448,92.215979174197,87.99557087091972,65.90758921270847
05/18/2023 18:40:54.059310,2112,True,True,True,True,Eyes,0.6155521,0.01549939,-2.014259,0.9651332,-0.2475657,0.08502482,0.0,0.0,0.0,0.0,0.0,0.0,0.0,-2.079593,-0.1410033,-0.2454181,0.7587274,0.01765449,-1.956742,0.05800224,0.6125219,-0.06909899,0.7852884,10.12209,75.71498,357.8187,0.2632137,0.007728285,-0.9647064,0.0,0.0,0.0,2.365348,-0.4552844,-1.530861,0.6501598,-0.2072,1.991,0.2400844,-0.03746997,-0.9700286,0.1795806,0.9837222,0.006447691,0.953997,-0.1757463,0.2429052,static,84.96545,-71.0453,18.08442,-5.941288,87.10413996019062,-62.1260296129464,93.33597673114609,88.99689283057407,66.23769198297543
05/18/2023 18:40:54.069560,2113,True,True,True,True,Eyes,0.6224038,0.01531586,-2.011589,0.9653581,-0.2487891,0.07866128,0.0,0.0,0.0,0.0,0.0,0.0,0.0,-2.076638,-0.1413262,-0.2737062,0.7690489,0.0164925,-1.953357,0.05548143,0.6158751,-0.06709681,0.7830185,9.760635,76.19049,357.8637,0.266128,0.007691639,-0.9639066,0.0,0.0,0.0,2.379283,-0.4574433,-1.544974,0.6501604,-0.2071999,1.991,0.2323918,-0.03673682,-0.9719283,0.1734153,0.9848397,0.004239456,0.9570378,-0.1695325,0.2352394,static,85.34161,-72.45427,18.08443,-5.941285,87.48167543355243,-63.43626491396888,94.59125453847531,90.12019967283915,66.60213494544722
05/18/2023 18:40:54.089557,2114,True,True,True,True,Eyes,0.6293986,0.01510486,-2.008883,0.9655834,-0.2498611,0.0722369,0.0,0.0,0.0,0.0,0.0,0.0,0.0,-2.072407,-0.1475689,-0.3027391,0.7793172,0.01628774,-1.949538,0.05515832,0.6193787,-0.06777027,0.7802146,9.789074,76.70269,357.8236,0.2690843,0.007650139,-0.9630859,0.0,0.0,0.0,2.391429,-0.4624838,-1.558417,0.6501601,-0.2072,1.991,0.2235544,-0.0374229,-0.9739729,0.1740785,0.9847295,0.002119739,0.9590204,-0.1700216,0.2266551,static,85.72158,-73.87498,18.08442,-5.941287,87.86298626205124,-64.75740205599683,95.86329880347247,91.25997863175145,66.97010698252726
05/18/2023 18:40:54.109615,2115,True,True,True,True,Eyes,0.6365108,0.0148604,-2.006167,0.9658043,-0.2509018,0.06534778,0.0,0.0,0.0,0.0,0.0,0.0,0.0,-2.0682,-0.1527553,-0.3312469,0.7897118,0.01539196,-1.945926,0.05324724,0.6227746,-0.06746187,0.7776668,9.604387,77.18867,357.7562,0.272085,0.007602945,-0.9622428,0.0,0.0,0.0,2.405823,-0.4580387,-1.569535,0.6501601,-0.2072001,1.991,0.2152014,-0.03860365,-0.9758065,0.1712478,0.9852273,-0.001209868,0.9614378,-0.1668443,0.2186331,static,86.12919,-75.40155,18.08442,-5.941288,88.27208287410662,-66.17699521319261,97.23589214616968,92.49134253108618,67.36463691404283
05/18/2023 18:40:54.124631,2116,True,True,True,True,Eyes,0.6437453,0.0146038,-2.003409,0.9659885,-0.2519051,0.05839695,0.0,0.0,0.0,0.0,0.0,0.0,0.0,-2.063645,-0.1549253,-0.3591955,0.7995185,0.01437522,-1.94222,0.05289405,0.6260993,-0.06729035,0.7750316,9.569857,77.6799,357.7874,0.2751305,0.00754902,-0.9613769,0.0,0.0,0.0,2.41925,-0.44998,-1.578175,0.6501602,-0.2072,1.991,0.2069434,-0.03807044,-0.9776119,0.1705381,0.9853485,-0.00227178,0.9633749,-0.16625,0.2104038,static,86.5405,-76.94817,18.08442,-5.941288,88.68501183838615,-67.61527118946708,98.63169967271335,93.74499330836322,67.76258187697394
05/18/2023 18:40:54.139305,2117,True,True,True,True,Eyes,0.6510884,0.01435601,-2.000583,0.9662094,-0.2526305,0.0511591,0.0,0.0,0.0,0.0,0.0,0.0,0.0,-2.0584,-0.1602386,-0.3878136,0.8096746,0.01382662,-1.938382,0.05233029,0.6295241,-0.06771401,0.7722538,9.559964,78.1842,357.7509,0.2782219,0.007488444,-0.9604873,0.0,0.0,0.0,2.436613,-0.4308606,-1.584958,0.6501603,-0.2071999,1.991,0.1982287,-0.03869846,-0.9793916,0.1704711,0.9853528,-0.004430686,0.9652176,-0.1660797,0.2019221,static,86.96912,-78.55209,18.08443,-5.941283,89.11516943379337,-69.10678575419337,100.08711110621263,95.05391461008568,68.17714384983789
05/18/2023 18:40:54.149532,2118,True,True,True,True,Eyes,0.6585448,0.01417394,-1.99772,0.9663975,-0.2532714,0.04392618,0.0,0.0,0.0,0.0,0.0,0.0,0.0,-2.053144,-0.1623628,-0.4147505,0.8196718,0.01376972,-1.934355,0.04959802,0.632672,-0.06606282,0.7700014,9.205345,78.63429,357.737,0.2813599,0.007422301,-0.9595733,0.0,0.0,0.0,2.450793,-0.4184462,-1.591746,0.6501601,-0.2072,1.991,0.1907239,-0.03897835,-0.9808697,0.1644954,0.9863515,-0.007211079,0.9677632,-0.1599732,0.1945325,static,87.3975,-80.16077,18.08442,-5.941287,89.54519476242359,-70.60276134500307,101.55212807161496,96.37296609586802,68.59136458700175
05/18/2023 18:40:54.174535,2119,True,True,True,True,Eyes,0.6661221,0.01405578,-1.99483,0.9665865,-0.2537266,0.03651525,0.0,0.0,0.0,0.0,0.0,0.0,0.0,-2.047719,-0.1691037,-0.4405539,0.8298308,0.01515056,-1.930541,0.04828376,0.6356294,-0.0660713,0.7676448,9.097982,79.06623,357.675,0.2845454,0.007354249,-0.958634,0.0,0.0,0.0,2.459426,-0.435603,-1.603394,0.6501601,-0.2072,1.991,0.1832198,-0.04005743,-0.9822555,0.1628197,0.9866065,-0.009864171,0.9694949,-0.1581233,0.187288,static,87.83653,-81.81047,18.08442,-5.941287,89.98593069587787,-72.13688932469387,103.060612158766,97.7327222964676,69.0158486084115
05/18/2023 18:40:54.189962,2120,True,True,True,True,Eyes,0.6738197,0.01386413,-1.991921,0.9668152,-0.2538177,0.02906796,0.0,0.0,0.0,0.0,0.0,0.0,0.0,-2.0416,-0.1707934,-0.4701092,0.8402469,0.01656941,-1.926658,0.0465746,0.6391953,-0.06447509,0.7649205,8.84002,79.59141,357.7325,0.2877783,0.007287511,-0.957669,0.0,0.0,0.0,2.479409,-0.3972971,-1.604711,0.6501601,-0.2072,1.991,0.1745448,-0.03909608,-0.9838728,0.1581772,0.9873475,-0.0111726,0.9718612,-0.1536761,0.1785204,static,88.27788,-83.46678,18.08442,-5.941288,90.4289551928571,-73.67715139096433,104.58166061319577,99.10539320132847,69.44267776931402
05/18/2023 18:40:54.209321,2121,True,True,True,True,Eyes,0.6815733,0.01370968,-1.988961,0.9669331,-0.2541243,0.02147865,0.0,0.0,0.0,0.0,0.0,0.0,0.0,-2.036316,-0.1632845,-0.4995844,0.8507737,0.01454531,-1.923226,0.04386707,0.6425977,-0.06091509,0.7625178,8.348086,80.0894,357.8847,0.2910595,0.007218434,-0.9566773,0.0,0.0,0.0,2.490153,-0.4050207,-1.615373,0.6501603,-0.2072,1.991001,0.1667151,-0.03651993,-0.9853287,0.1492755,0.9887301,-0.01138896,0.97464,-0.1451866,0.1702877,static,88.72749,-85.16882,18.08442,-5.941285,90.88055376898114,-75.26002929049147,106.14822486128124,100.52047255023199,69.87731512726205
05/18/2023 18:40:54.224307,2122,True,True,True,True,Eyes,0.6894729,0.01365095,-1.985965,0.9670159,-0.2543419,0.01380103,0.0,0.0,0.0,0.0,0.0,0.0,0.0,-2.02975,-0.1645541,-0.5275632,0.8599776,0.01531926,-1.919763,0.04600088,0.6460382,-0.06138209,0.7594412,8.579425,80.62708,358.0414,0.2943864,0.007149027,-0.9556594,0.0,0.0,0.0,2.501347,-0.412302,-1.628664,0.6501603,-0.2072,1.991,0.1577338,-0.03379553,-0.9869033,0.1526688,0.9882323,-0.009440428,0.9756088,-0.1491802,0.1610371,static,89.18234,-86.89408,18.08443,-5.941288,91.33748045957344,-76.86452198815033,107.74166946434126,101.96133836396389,70.3170096153378
05/18/2023 18:40:54.239491,2123,True,True,True,True,Eyes,0.6974759,0.0138241,-1.982986,0.9670868,-0.2543737,0.006093359,0.0,0.0,0.0,0.0,0.0,0.0,0.0,-2.021811,-0.1699663,-0.5597277,0.8713531,0.0175408,-1.915813,0.04488531,0.6499534,-0.06087889,0.7562008,8.454358,81.21357,358.046,0.2977611,0.007083853,-0.9546137,0.0,0.0,0.0,2.51778,-0.38658,-1.632551,0.65016,-0.2071999,1.991,0.1477086,-0.0337266,-0.9884557,0.1504201,0.9885581,-0.01125226,0.9775255,-0.1470215,0.1510917,static,89.639,-88.62778,18.08442,-5.941287,91.79625563513925,-78.47687339388236,109.34858958219556,103.41588855783309,70.75857613338097
05/18/2023 18:40:54.249137,2124,True,True,True,True,Eyes,0.7056185,0.01416728,-1.979994,0.9671203,-0.2543134,-0.001675272,0.0,0.0,0.0,0.0,0.0,0.0,0.0,-2.014912,-0.1702347,-0.5887333,0.881717,0.02314192,-1.912458,0.04311667,0.6534935,-0.05796587,0.7534769,8.090405,81.74356,358.2057,0.3011824,0.007033497,-0.9535402,0.0,0.0,0.0,2.528022,-0.3939885,-1.642327,0.6501601,-0.2072001,1.991,0.1391728,-0.03099895,-0.9897828,0.1437048,0.9895619,-0.01078578,0.9797856,-0.1407354,0.1421748,static,-89.90076,89.62257,18.08442,-5.941289,-78.91409430441034,84.261669773165,144.19864856025623,132.45861824998858,71.20368280094127
05/18/2023 18:40:54.275130,2125,True,True,True,True,Eyes,0.7138593,0.01430131,-1.977032,0.967265,-0.2535947,-0.009400761,0.0,0.0,0.0,0.0,0.0,0.0,0.0,-2.006813,-0.1789062,-0.6196563,0.8931844,0.02754403,-1.90912,0.04143818,0.657238,-0.0575882,0.7503365,7.925388,82.30374,358.1513,0.3046514,0.007004546,-0.9524378,0.0,0.0,0.0,2.536121,-0.4165262,-1.655293,0.6501603,-0.2072,1.991,0.1294437,-0.03195157,-0.9910719,0.1408905,0.989933,-0.01351315,0.9815266,-0.1378835,0.1326422,static,-89.44317,87.87701,18.08443,-5.941287,-78.45422495983159,82.63823827006182,142.70268958131172,131.01925125157348,71.64699672793695
05/18/2023 18:40:54.289660,2126,True,True,True,True,Eyes,0.7221376,0.01440746,-1.974089,0.9671553,-0.2535977,-0.01728753,0.0,0.0,0.0,0.0,0.0,0.0,0.0,-2.0013,-0.1522882,-0.6499767,0.9036312,0.02260217,-1.906254,0.0350397,0.6606146,-0.04856153,0.7483333,6.696129,82.78586,358.4777,0.3081664,0.006984879,-0.9513065,0.0,0.0,0.0,2.547086,-0.4201013,-1.66568,0.6501601,-0.2072,1.991,0.1224605,-0.02638494,-0.9921228,0.1189759,0.992828,-0.01171816,0.9853164,-0.1166037,0.1247213,static,-88.97597,86.10023,18.08443,-5.941288,-77.98480213682826,80.98580372288369,141.18629637434478,129.55931706657933,72.0988191766378
05/18/2023 18:40:54.309405,2127,True,True,True,True,Eyes,0.7305405,0.01470855,-1.971106,0.9668157,-0.2542331,-0.02516191,0.0,0.0,0.0,0.0,0.0,0.0,0.0,-1.992683,-0.1603787,-0.6792666,0.9129061,0.02219656,-1.903686,0.04372938,0.6643276,-0.05382066,0.7442178,7.851004,83.42017,358.7271,0.3117235,0.00697222,-0.9501469,0.0,0.0,0.0,2.555621,-0.4375524,-1.680558,0.6501602,-0.2072,1.991,0.1115445,-0.02200731,-0.9935159,0.1382098,0.9903821,-0.006420726,0.9841017,-0.1365975,0.1135133,static,-88.50919,84.34774,18.08443,-5.941288,-77.51623684707383,79.3560958770322,139.69362334011237,128.12154853056919,72.54931179298227
05/18/2023 18:40:54.319259,2128,True,True,True,True,Eyes,0.7390849,0.01504312,-1.968152,0.9666799,-0.2538633,-0.03291502,0.0,0.0,0.0,0.0,0.0,0.0,0.0,-1.981715,-0.184857,-0.7094716,0.9243851,0.02727831,-1.899864,0.04570236,0.6680809,-0.0588647,0.7403474,8.413957,84.01426,358.4884,0.3153238,0.00697513,-0.9489582,0.0,0.0,0.0,2.563405,-0.4579979,-1.697267,0.6501601,-0.2071999,1.991,0.1004057,-0.02609489,-0.9946043,0.1482264,0.9888925,-0.01098152,0.9838433,-0.146324,0.1031585,static,-88.04986,82.61244,18.08442,-5.941285,-77.05494314500392,77.74230793806173,138.2253507953372,126.70612513473903,72.99397988205492
05/18/2023 18:40:54.339234,2129,True,True,True,True,Eyes,0.7476963,0.01532608,-1.96523,0.9664317,-0.253692,-0.04062231,0.0,0.0,0.0,0.0,0.0,0.0,0.0,-1.977064,-0.1681605,-0.7355259,0.9361863,0.02820782,-1.897582,0.03609113,0.6706014,-0.04991018,0.7392567,6.909466,84.33572,358.5346,0.3189674,0.006993604,-0.9477395,0.0,0.0,0.0,2.570457,-0.4796304,-1.71567,0.6501603,-0.2072,1.991,0.09560559,-0.02538734,-0.9950956,0.1221984,0.9924127,-0.01357846,0.9878902,-0.1203009,0.0979825,static,-87.59309,80.90277,18.08443,-5.941288,-76.59652667601752,76.15245199760125,136.78314458754693,125.31506574981182,73.43590453593262
05/18/2023 18:40:54.359406,2130,True,True,True,True,Eyes,0.7563999,0.01562185,-1.962324,0.9660341,-0.253841,-0.04840205,0.0,0.0,0.0,0.0,0.0,0.0,0.0,-1.968635,-0.1671759,-0.7645115,0.9464007,0.02729453,-1.895133,0.03798644,0.6740553,-0.05005135,0.7360036,7.087852,84.88852,358.7028,0.3226517,0.007023597,-0.9464914,0.0,0.0,0.0,2.576798,-0.5022361,-1.735515,0.6501603,-0.2072,1.991,0.08628859,-0.02246603,-0.9960169,0.1248859,0.9921038,-0.01155844,0.9884118,-0.1233911,0.08841294,static,-87.13166,79.20451,18.08443,-5.941288,-76.13398716122913,74.57338291052561,135.35225344243406,123.93434699145203,73.88178129085033
05/18/2023 18:40:54.375165,2131,True,True,True,True,Eyes,0.765199,0.01590261,-1.959406,0.9656277,-0.2538306,-0.05597461,0.0,0.0,0.0,0.0,0.0,0.0,0.0,-1.959008,-0.1780639,-0.7934393,0.9573604,0.02796462,-1.892522,0.04083213,0.6774912,-0.05308727,0.7324756,7.570693,85.44771,358.7027,0.3263755,0.007064531,-0.9452134,0.0,0.0,0.0,2.586514,-0.5110277,-1.754064,0.6501604,-0.2071998,1.991001,0.07637487,-0.02244342,-0.9968267,0.133097,0.991029,-0.01211524,0.988156,-0.1317494,0.07867687,static,-86.68244,77.56419,18.08442,-5.94128,-75.68393654869305,73.04826822964085,133.9748426913818,122.60445921484906,74.31609942986245
05/18/2023 18:40:54.391277,2132,True,True,True,True,Eyes,0.7740621,0.01612746,-1.956534,0.9651119,-0.2540046,-0.06356782,0.0,0.0,0.0,0.0,0.0,0.0,0.0,-1.952244,-0.1734818,-0.818989,0.968441,0.02786104,-1.890354,0.03820666,0.6801362,-0.05042909,0.7303507,7.146443,85.84394,358.7474,0.3301382,0.007114573,-0.9439055,0.0,0.0,0.0,2.595748,-0.5211247,-1.774973,0.6501603,-0.2071999,1.991001,0.06974348,-0.02169037,-0.9973292,0.1256333,0.9919943,-0.01278878,0.9896222,-0.1244058,0.07191018,static,-86.23162,75.94961,18.08442,-5.941283,-75.23288912930039,71.54728374639805,132.6195858748588,121.29549933754507,74.75157914785626
05/18/2023 18:40:54.409109,2133,True,True,True,True,Eyes,0.7830044,0.01637429,-1.953635,0.96443,-0.2546204,-0.07101464,0.0,0.0,0.0,0.0,0.0,0.0,0.0,-1.944182,-0.1782654,-0.8448449,0.9788604,0.02678632,-1.888518,0.04021514,0.6830353,-0.05205533,0.7274172,7.447497,86.31718,358.7983,0.3339367,0.007170107,-0.942568,0.0,0.0,0.0,2.602637,-0.538919,-1.797493,0.6501603,-0.2071999,1.991,0.06150603,-0.02079517,-0.9978902,0.1306686,0.9913459,-0.01260489,0.9895164,-0.1296176,0.06369102,static,-85.7887,74.41601,18.08443,-5.941284,-74.79075689612793,70.1219186097829,131.32753646893457,120.0475369686841,75.17839950509205
05/18/2023 18:40:54.424104,2134,True,True,True,True,Eyes,0.7920306,0.01663829,-1.95079,0.9637047,-0.2551726,-0.07848684,0.0,0.0,0.0,0.0,0.0,0.0,0.0,-1.934045,-0.194006,-0.871992,0.9897475,0.02766165,-1.886312,0.04251605,0.6862292,-0.05593951,0.7239839,7.951601,86.84178,358.6897,0.3377703,0.007231607,-0.9412006,0.0,0.0,0.0,2.611305,-0.5481784,-1.818642,0.6501604,-0.2071999,1.991,0.05192034,-0.02264709,-0.9983945,0.1393501,0.9901263,-0.01521277,0.9888812,-0.1383365,0.05456361,static,-85.34395,72.90298,18.08443,-5.941285,-74.34731432332508,68.71584962967493,130.0532502970019,118.81630826517858,75.60697362002496
05/18/2023 18:40:54.439493,2135,True,True,True,True,Eyes,0.8011155,0.01690211,-1.947967,0.9628967,-0.255831,-0.0859092,0.0,0.0,0.0,0.0,0.0,0.0,0.0,-1.925227,-0.1972587,-0.8994199,1.000762,0.02832873,-1.884685,0.04188768,0.6893394,-0.0557356,0.721076,7.888739,87.33168,358.6909,0.341637,0.00729924,-0.9398033,0.0,0.0,0.0,2.620009,-0.5559761,-1.838837,0.6501597,-0.2072001,1.991,0.04340963,-0.02262954,-0.9988012,0.1381288,0.9902779,-0.01643309,0.9894627,-0.1372499,0.04611334,static,-84.9016,71.43771,18.08442,-5.94129,-73.9070246356701,67.3544307894474,128.81626433195615,117.62095294717768,76.03285128292615
05/18/2023 18:40:54.449062,2136,True,True,True,True,Eyes,0.8102774,0.01716056,-1.945198,0.9619898,-0.2566105,-0.09341651,0.0,0.0,0.0,0.0,0.0,0.0,0.0,-1.915531,-0.1999075,-0.9272296,1.01124,0.02864674,-1.882963,0.04358313,0.6926087,-0.05623405,0.7177963,8.074696,87.87064,358.8219,0.3455345,0.007372344,-0.9383767,0.0,0.0,0.0,2.629203,-0.5621625,-1.859817,0.6501603,-0.2072,1.991,0.03426202,-0.02035709,-0.9992055,0.1411013,0.9898765,-0.01532876,0.9894022,-0.140464,0.03678754,static,-84.45354,69.99646,18.08443,-5.941288,-73.46187556690356,66.01562625531162,127.59536379913027,116.44107338948378,76.46374698994408
05/18/2023 18:40:54.469566,2137,True,True,True,True,Eyes,0.8194978,0.01740739,-1.942482,0.9611654,-0.2567919,-0.1010887,0.0,0.0,0.0,0.0,0.0,0.0,0.0,-1.905029,-0.2052683,-0.9561114,1.02225,0.02881466,-1.881381,0.04541185,0.6960118,-0.05741071,0.7142895,8.325203,88.43572,358.9112,0.3494607,0.00745006,-0.936921,0.0,0.0,0.0,2.641828,-0.5560257,-1.880115,0.6501602,-0.2072,1.991,0.02454335,-0.01880138,-0.999522,0.1452301,0.9892836,-0.01504264,0.9890935,-0.1447915,0.02701086,static,-83.9961,68.51243,18.08442,-5.941288,-73.00716545835104,64.6369928345952,126.34788754662235,115.2344161562988,76.90502026729588
05/18/2023 18:40:54.489491,2138,True,True,True,True,Eyes,0.8287755,0.01765445,-1.939817,0.9602364,-0.2571273,-0.1087731,0.0,0.0,0.0,0.0,0.0,0.0,0.0,-1.895788,-0.2072913,-0.9820834,1.032868,0.02879433,-1.879847,0.04651908,0.698909,-0.05761686,0.7113667,8.437016,88.91536,359.0183,0.353413,0.007531316,-0.9354367,0.0,0.0,0.0,2.655629,-0.545981,-1.90054,0.65016,-0.2072,1.991,0.01641307,-0.01694823,-0.9997218,0.1469986,0.9890325,-0.01435363,0.9890006,-0.1467221,0.01872437,static,-83.53723,67.07008,18.08442,-5.941287,-72.55192287523877,63.29740613483544,125.1304098128476,114.05675463039334,77.34719286757702
05/18/2023 18:40:54.509706,2139,True,True,True,True,Eyes,0.83812,0.0178839,-1.937175,0.9593171,-0.2571651,-0.1165197,0.0,0.0,0.0,0.0,0.0,0.0,0.0,-1.885582,-0.2164175,-1.007813,1.043524,0.02907936,-1.878338,0.04760529,0.7018479,-0.05944569,0.7082441,8.677695,89.40378,358.9926,0.3573889,0.007615712,-0.9339242,0.0,0.0,0.0,2.663341,-0.5553668,-1.921702,0.6501601,-0.2072,1.991,0.007751616,-0.01738078,-0.999819,0.1510275,0.9883999,-0.01601135,0.9884992,-0.150876,0.0102867,static,-83.07471,65.62506,18.08443,-5.941289,-72.09322809765784,61.955403778436846,123.91494629272694,112.88033890021553,77.79358435817089
05/18/2023 18:40:54.524804,2140,True,True,True,True,Eyes,0.847528,0.01809058,-1.934592,0.958334,-0.257205,-0.1242644,0.0,0.0,0.0,0.0,0.0,0.0,0.0,-1.87563,-0.2220939,-1.033554,1.05443,0.02891684,-1.876935,0.04745367,0.7047049,-0.06016229,0.7053509,8.727559,89.86792,358.9572,0.3613872,0.007702057,-0.9323837,0.0,0.0,0.0,2.671799,-0.5612311,-1.94162,0.6501599,-0.2071999,1.991,-0.0004568729,-0.01798938,-0.9998381,0.1517527,0.9882573,-0.01785034,0.9884185,-0.1517363,0.002278441,static,-82.61184,64.21325,18.08442,-5.941283,-71.63484459168315,60.64449519287262,122.72487636349726,111.72829675790679,78.2402691845168
05/18/2023 18:40:54.539485,2141,True,True,True,True,Eyes,0.8569948,0.01828071,-1.932035,0.9573414,-0.2570201,-0.1320532,0.0,0.0,0.0,0.0,0.0,0.0,0.0,-1.865702,-0.2251095,-1.059507,1.065336,0.02857918,-1.875716,0.04740496,0.707572,-0.06030226,0.702466,8.739202,90.33684,358.9776,0.3654058,0.007789013,-0.9308154,0.0,0.0,0.0,2.682757,-0.5584459,-1.960055,0.6501599,-0.2072001,1.990999,-0.008588762,-0.01763574,-0.9998077,0.1518054,0.9882328,-0.01873563,0.9883732,-0.1519371,-0.005810514,static,-82.14633,62.80656,18.08442,-5.941292,-71.1740994872675,59.33843954974436,121.54205198274548,110.58266886029475,78.69011516190605
05/18/2023 18:40:54.559554,2142,True,True,True,True,Eyes,0.8665205,0.01843995,-1.929537,0.9562882,-0.2568373,-0.1398129,0.0,0.0,0.0,0.0,0.0,0.0,0.0,-1.855204,-0.2316194,-1.084802,1.07616,0.02834381,-1.87438,0.04758945,0.7103817,-0.06132693,0.699523,8.842037,90.801,358.9454,0.3694431,0.007875685,-0.9292197,0.0,0.0,0.0,2.693255,-0.555544,-1.977599,0.6501602,-0.2071999,1.991,-0.01680617,-0.01818583,-0.9996935,0.1534125,0.9879485,-0.02055123,0.9880194,-0.1537109,-0.01381367,static,-81.68208,61.43774,18.08442,-5.941285,-70.71525523754576,58.067802747749866,120.38807055601741,109.46481460539152,79.13874499599147
05/18/2023 18:40:54.569399,2143,True,True,True,True,Eyes,0.8761045,0.01857118,-1.927075,0.9551915,-0.2565799,-0.1475666,0.0,0.0,0.0,0.0,0.0,0.0,0.0,-1.845319,-0.2348375,-1.10961,1.087071,0.02775989,-1.873257,0.04723223,0.7130427,-0.0615076,0.6968185,8.832111,91.2364,358.9352,0.3734969,0.007960577,-0.927597,0.0,0.0,0.0,2.704802,-0.5499365,-1.993909,0.65016,-0.2072,1.991,-0.02442649,-0.01836205,-0.999533,0.1530765,0.9879719,-0.02189052,0.9879124,-0.1535397,-0.02132186,static,-81.21786,60.09553,18.08442,-5.941288,-70.25694965900428,56.8220731790872,119.25520594407408,108.36714031349813,79.58758100275942
05/18/2023 18:40:54.589571,2144,True,True,True,True,Eyes,0.8857458,0.01868881,-1.92467,0.9540253,-0.2563709,-0.1552732,0.0,0.0,0.0,0.0,0.0,0.0,0.0,-1.83507,-0.2395123,-1.134175,1.098004,0.0272164,-1.872124,0.04756649,0.7156785,-0.06220115,0.6940265,8.920094,91.67731,358.9413,0.3775658,0.00804249,-0.9259476,0.0,0.0,0.0,2.714677,-0.5488173,-2.008828,0.6501603,-0.2071999,1.991,-0.0321294,-0.01825387,-0.9993171,0.1544231,0.9877369,-0.02300723,0.9874823,-0.1550569,-0.02891651,static,-80.75584,58.79845,18.08443,-5.941286,-69.80156013534798,55.61853655402472,118.15512003727387,107.30125355723247,80.03414235458254
05/18/2023 18:40:54.599611,2145,True,True,True,True,Eyes,0.8954526,0.01879143,-1.922318,0.9528497,-0.2560137,-0.1628942,0.0,0.0,0.0,0.0,0.0,0.0,0.0,-1.825399,-0.2435655,-1.157582,1.108997,0.02701897,-1.871042,0.04789872,0.7180883,-0.06267343,0.6914672,8.989355,92.08239,358.9626,0.3816478,0.008121021,-0.9242719,0.0,0.0,0.0,2.723026,-0.5529784,-2.023869,0.6501603,-0.2072,1.991,-0.03915755,-0.01788223,-0.999073,0.1554643,0.9875555,-0.02376933,0.9870651,-0.1562509,-0.03589023,static,-80.29879,57.53256,18.08443,-5.941287,-69.35140011498763,54.4440811157904,117.08196799912362,106.26107975348496,80.47641035170928
05/18/2023 18:40:54.619755,2146,True,True,True,True,Eyes,0.9052207,0.01885497,-1.92003,0.9516156,-0.2556758,-0.1704628,0.0,0.0,0.0,0.0,0.0,0.0,0.0,-1.816172,-0.2442572,-1.181075,1.120222,0.02672728,-1.870152,0.04713925,0.7204301,-0.06211326,0.6891301,8.885868,92.46444,358.9742,0.385742,0.008195747,-0.92257,0.0,0.0,0.0,2.73258,-0.5537084,-2.037117,0.6501601,-0.2072001,1.991,-0.0457552,-0.01768715,-0.9987962,0.1535293,0.9878397,-0.02452635,0.9870842,-0.1544667,-0.04248334,static,-79.84432,56.30803,18.08442,-5.94129,-68.9044378644722,53.308281065763865,116.03885538236752,105.25005018546238,80.91617269264228
05/18/2023 18:40:54.649470,2147,True,True,True,True,Eyes,0.915037,0.01887793,-1.917803,0.9503069,-0.2554157,-0.1779878,0.0,0.0,0.0,0.0,0.0,0.0,0.0,-1.806275,-0.248013,-1.204651,1.131431,0.02584963,-1.869364,0.04669606,0.7228253,-0.06249087,0.6866134,8.885725,92.86099,358.9382,0.3898462,0.008265137,-0.9208426,0.0,0.0,0.0,2.742861,-0.5518757,-2.050999,0.6501604,-0.2071999,1.991,-0.05276316,-0.01830795,-0.9984393,0.1533203,0.9878287,-0.02621569,0.986767,-0.1544642,-0.04931404,static,-79.39169,55.12907,18.08443,-5.941287,-68.46006467748067,52.21509405671778,115.02687718251698,104.269430882664,81.35388813760056
05/18/2023 18:40:54.649470,2148,True,True,True,True,Eyes,0.9249027,0.01885137,-1.915632,0.9489254,-0.2552335,-0.1854628,0.0,0.0,0.0,0.0,0.0,0.0,0.0,-1.795616,-0.2568409,-1.227498,1.14238,0.02487833,-1.868503,0.04672964,0.7252037,-0.0641943,0.6839409,9.034461,93.2627,358.8377,0.3939585,0.008327758,-0.9190902,0.0,0.0,0.0,2.749154,-0.5622699,-2.067174,0.6501602,-0.2071998,1.991001,-0.06008251,-0.02003319,-0.9979924,0.1555872,0.9873908,-0.02918725,0.9859933,-0.1570285,-0.056208,static,-78.94122,53.99636,18.08442,-5.941281,-68.018591770532,51.16514926740569,114.04602415715544,103.31927706794332,81.78923540936877
05/18/2023 18:40:54.669666,2149,True,True,True,True,Eyes,0.9348146,0.01878846,-1.913522,0.9475058,-0.2549813,-0.1929179,0.0,0.0,0.0,0.0,0.0,0.0,0.0,-1.784927,-0.2629741,-1.25058,1.153411,0.02367078,-1.867659,0.04663885,0.7275795,-0.06528215,0.6813158,9.122597,93.66383,358.7762,0.3980773,0.008381915,-0.9173133,0.0,0.0,0.0,2.754576,-0.5738441,-2.081533,0.6501601,-0.2072001,1.991,-0.06726728,-0.02108859,-0.9975122,0.1568225,0.9871261,-0.03144433,0.9853334,-0.1585475,-0.06309402,static,-78.49155,52.88899,18.08442,-5.94129,-67.57835062068206,50.13890531793975,113.08368505809891,102.38700394732655,82.22407385904573
05/18/2023 18:40:54.689805,2150,True,True,True,True,Eyes,0.9447757,0.01865555,-1.911481,0.9460543,-0.2546595,-0.2003243,0.0,0.0,0.0,0.0,0.0,0.0,0.0,-1.77475,-0.2670271,-1.273173,1.164397,0.02270594,-1.866996,0.04641499,0.7298513,-0.0658078,0.6788461,9.153331,94.04691,358.7466,0.4022005,0.008426694,-0.9155126,0.0,0.0,0.0,2.764478,-0.5714931,-2.093479,0.6501604,-0.2072,1.991,-0.07402714,-0.02159466,-0.9970224,0.1570988,0.98703,-0.03304256,0.9848045,-0.1590771,-0.06967454,static,-78.04438,51.81014,18.08443,-5.941287,-67.14098626483819,49.1392998848429,112.14265661447668,101.47533015020781,82.65676726514633
05/18/2023 18:40:54.699736,2151,True,True,True,True,Eyes,0.9547682,0.01845542,-1.909511,0.9445637,-0.254294,-0.2076873,0.0,0.0,0.0,0.0,0.0,0.0,0.0,-1.764865,-0.2651667,-1.29665,1.175504,0.02088031,-1.866579,0.04574809,0.7321762,-0.06506732,0.6764551,9.042934,94.43398,358.7793,0.4063262,0.008459708,-0.9136886,0.0,0.0,0.0,2.77702,-0.560445,-2.105128,0.6501602,-0.2072,1.991,-0.08063126,-0.02103891,-0.9965219,0.1550215,0.9873467,-0.03338842,0.9846151,-0.1571745,-0.0763495,static,-77.59933,50.76076,18.08443,-5.941287,-66.70616286458217,48.16723090175826,111.22276773092732,100.58417543456936,83.08762762594422
05/18/2023 18:40:54.719848,2152,True,True,True,True,Eyes,0.9647959,0.01818687,-1.907615,0.9430144,-0.2539766,-0.2149875,0.0,0.0,0.0,0.0,0.0,0.0,0.0,-1.755614,-0.2655244,-1.318136,1.186228,0.0190324,-1.86619,0.04591779,0.7342301,-0.0650457,0.6742159,9.057988,94.78661,358.8232,0.4104525,0.00847895,-0.9118423,0.0,0.0,0.0,2.789672,-0.5489902,-2.117783,0.6501604,-0.2072,1.991001,-0.0866495,-0.02028123,-0.9960325,0.1551381,0.9873212,-0.03360002,0.9840856,-0.157434,-0.08240443,static,-77.15726,49.75257,18.08443,-5.941285,-66.27490667824966,47.23364902352035,110.33034486856789,99.71996436621917,83.51544077052108
05/18/2023 18:40:54.739471,2153,True,True,True,True,Eyes,0.9748575,0.01785783,-1.905816,0.9414476,-0.2536395,-0.2221336,0.0,0.0,0.0,0.0,0.0,0.0,0.0,-1.745842,-0.2679445,-1.339978,1.197082,0.017131,-1.866013,0.04614308,0.7363568,-0.06550541,0.6718323,9.118189,95.15418,358.8358,0.4145768,0.00848257,-0.9099746,0.0,0.0,0.0,2.798004,-0.550592,-2.131945,0.6501603,-0.2072,1.991,-0.09302469,-0.02006174,-0.9954617,0.1559728,0.9871597,-0.03446987,0.9833713,-0.1584715,-0.08870105,static,-76.72393,48.78862,18.08443,-5.941289,-65.85264322212375,46.34127729610532,109.47140295546541,98.88831578909011,83.93490543447143
05/18/2023 18:40:54.755225,2154,True,True,True,True,Eyes,0.9849561,0.01745633,-1.904098,0.9398591,-0.2532741,-0.229166,0.0,0.0,0.0,0.0,0.0,0.0,0.0,-1.737308,-0.2680054,-1.360672,1.208004,0.01531258,-1.866007,0.04630154,0.7382206,-0.06540802,0.6697825,9.125354,95.47633,358.8824,0.4186969,0.00846928,-0.9080864,0.0,0.0,0.0,2.808367,-0.5460327,-2.144807,0.6501601,-0.2072,1.991,-0.09849576,-0.01925679,-0.9949513,0.1559798,0.9871559,-0.03454719,0.9828374,-0.158595,-0.094227,static,-76.29695,47.86076,18.08442,-5.941287,-65.4369891522001,45.48254173988301,108.63932650963513,98.0828014946455,84.34840904319324
05/18/2023 18:40:54.771086,2155,True,True,True,True,Eyes,0.9950784,0.01700472,-1.902472,0.9382915,-0.2529916,-0.2358055,0.0,0.0,0.0,0.0,0.0,0.0,0.0,-1.729946,-0.2668109,-1.380187,1.218969,0.01316734,-1.866214,0.04603592,0.7398263,-0.0650491,0.6680616,9.076889,95.74948,358.9093,0.4228109,0.008437382,-0.9061784,0.0,0.0,0.0,2.816809,-0.5455446,-2.158439,0.65016,-0.2071999,1.991,-0.1031487,-0.01879645,-0.9944884,0.1550308,0.9872986,-0.03474041,0.98251,-0.1577597,-0.09892458,static,-75.89294,47.01369,18.08442,-5.941285,-65.04428835208795,44.69890268489763,107.87016997214857,97.33863960960291,84.73938928833915
05/18/2023 18:40:54.789450,2156,True,True,True,True,Eyes,1.005235,0.01652102,-1.900924,0.9366997,-0.2527498,-0.2423041,0.0,0.0,0.0,0.0,0.0,0.0,0.0,-1.723448,-0.2682362,-1.397648,1.229699,0.01147698,-1.866375,0.04575346,0.7411281,-0.06522081,0.6666198,9.071929,95.97128,358.8896,0.4269164,0.008386405,-0.9042519,0.0,0.0,0.0,2.824982,-0.5461634,-2.172198,0.6501605,-0.2072,1.991,-0.1070493,-0.01913661,-0.9940695,0.1547733,0.9873058,-0.03567363,0.9821332,-0.1576743,-0.1027285,static,-75.49673,46.20877,18.08444,-5.941288,-64.65966430833174,43.95453898480912,107.13105958578149,96.62391188668614,85.12264307894124
05/18/2023 18:40:54.802553,2157,True,True,True,True,Eyes,1.015439,0.01602552,-1.899446,0.9351645,-0.2524153,-0.2485034,0.0,0.0,0.0,0.0,0.0,0.0,0.0,-1.717078,-0.2720291,-1.414758,1.240676,0.01022546,-1.866686,0.04554547,0.7423534,-0.06583954,0.6652084,9.110956,96.18185,358.841,0.4310117,0.00831679,-0.9023077,0.0,0.0,0.0,2.836406,-0.5344511,-2.183269,0.65016,-0.2071999,1.991,-0.1108469,-0.01997236,-0.993637,0.1552157,0.9871815,-0.03715795,0.9816422,-0.1583469,-0.106326,static,-75.11858,45.44744,18.08442,-5.941285,-64.29270458889519,43.25056364869655,106.43119968376578,95.94700948445777,85.48895114840013
05/18/2023 18:40:54.820063,2158,True,True,True,True,Eyes,1.025675,0.01549317,-1.89805,0.9336794,-0.2519031,-0.2545343,0.0,0.0,0.0,0.0,0.0,0.0,0.0,-1.711588,-0.2720276,-1.431808,1.251916,0.009423465,-1.867143,0.04415141,0.7434697,-0.06533391,0.6641048,8.962607,96.35827,358.7745,0.435096,0.008229875,-0.9003462,0.0,0.0,0.0,2.845481,-0.5301415,-2.194231,0.6501603,-0.2072,1.991,-0.1140313,-0.02112666,-0.9932526,0.1524276,0.9875643,-0.03850525,0.9817142,-0.1557899,-0.109393,static,-74.75091,44.70232,18.08443,-5.941286,-63.9358209025968,42.56152153810916,105.75053277217489,95.28821489147434,85.84601789994322
05/18/2023 18:40:54.839725,2159,True,True,True,True,Eyes,1.035954,0.01495335,-1.896741,0.9322545,-0.2512786,-0.2603088,0.0,0.0,0.0,0.0,0.0,0.0,0.0,-1.707805,-0.2658124,-1.447783,1.262894,0.007965505,-1.867716,0.04233965,0.7443319,-0.06356841,0.6634278,8.673905,96.48465,358.7644,0.4391676,0.008125719,-0.8983682,0.0,0.0,0.0,2.85593,-0.5193967,-2.208584,0.6501604,-0.2071999,1.991,-0.1161419,-0.0213166,-0.993004,0.1473756,0.9883328,-0.03845338,0.9822382,-0.1508106,-0.1116453,static,-74.39893,43.98875,18.08443,-5.941283,-63.594162172291306,41.90165217364988,105.10080909427238,94.6590664716146,86.18856845459412
05/18/2023 18:40:54.849604,2160,True,True,True,True,Eyes,1.046267,0.01443169,-1.895516,0.9308629,-0.2505612,-0.2659196,0.0,0.0,0.0,0.0,0.0,0.0,0.0,-1.703605,-0.2634241,-1.463929,1.274172,0.00720939,-1.868471,0.04056064,0.7452292,-0.06252453,0.6626303,8.449849,96.61948,358.702,0.4432254,0.008005735,-0.8963742,0.0,0.0,0.0,2.868743,-0.50313,-2.222445,0.6501601,-0.2072,1.991,-0.1185519,-0.02240736,-0.992695,0.1433153,0.988891,-0.03943681,0.9825509,-0.1469437,-0.1140235,static,-74.05695,43.29671,18.08443,-5.941289,-63.26223433216366,41.26170673534102,104.47207499532303,94.05000055481302,86.52203653618562
05/18/2023 18:40:54.869559,2161,True,True,True,True,Eyes,1.056617,0.01409345,-1.894371,0.9294643,-0.2499909,-0.2712942,0.0,0.0,0.0,0.0,0.0,0.0,0.0,-1.699728,-0.2627299,-1.47916,1.285251,0.007089958,-1.869251,0.03879749,0.7460181,-0.06175846,0.66192,8.250861,96.7369,358.6179,0.4472678,0.007872404,-0.8943651,0.0,0.0,0.0,2.873334,-0.5084329,-2.238827,0.6501601,-0.2072,1.991,-0.120714,-0.02387104,-0.9924003,0.1396456,0.9893613,-0.04078418,0.9828162,-0.1435075,-0.1160962,static,-73.72841,42.6598,18.08442,-5.941287,-62.943887536290745,40.67305728336083,103.88292164831748,93.4798572696996,86.84185170066357
05/18/2023 18:40:54.890034,2162,True,True,True,True,Eyes,1.067034,0.01387373,-1.893307,0.9281468,-0.2491622,-0.2765172,0.0,0.0,0.0,0.0,0.0,0.0,0.0,-1.694748,-0.2769825,-1.492885,1.2965,0.01116788,-1.869909,0.03866953,0.746748,-0.06360681,0.6609284,8.401685,96.86548,358.4751,0.4512939,0.00773556,-0.8923416,0.0,0.0,0.0,2.882474,-0.501936,-2.255313,0.6501603,-0.2072,1.991,-0.1233568,-0.02632631,-0.9920132,0.1418319,0.9889177,-0.04388095,0.9821746,-0.1461121,-0.1182557,static,-73.40994,42.02116,18.08442,-5.941285,-62.63489043172342,40.08255795576488,103.30350450099756,92.91825007494405,87.15335885746951
05/18/2023 18:40:54.899585,2163,True,True,True,True,Eyes,1.077464,0.01349354,-1.892321,0.9269909,-0.2478139,-0.2815604,0.0,0.0,0.0,0.0,0.0,0.0,0.0,-1.690594,-0.2741355,-1.509581,1.308483,0.01371297,-1.870769,0.03470605,0.7476299,-0.06152064,0.6603486,7.922038,96.9769,358.3016,0.4553036,0.007601027,-0.8903036,0.0,0.0,0.0,2.893179,-0.4822538,-2.27067,0.65016,-0.2072,1.991,-0.1254705,-0.02935557,-0.991663,0.1331447,0.9900213,-0.04615315,0.9831223,-0.1378255,-0.1203099,static,-73.10458,41.35246,18.08442,-5.941288,-62.337531860809264,39.46362125544258,102.723572372107,92.35418845725026,87.45510991624128
05/18/2023 18:40:54.919650,2164,True,True,True,True,Eyes,1.087852,0.0132684,-1.891385,0.9256061,-0.2473751,-0.2864592,0.0,0.0,0.0,0.0,0.0,0.0,0.0,-1.691821,-0.2431028,-1.524158,1.319072,0.009365886,-1.871998,0.03059273,0.7479257,-0.05483295,0.6608061,7.033732,96.98286,358.4581,0.4592949,0.007461219,-0.8882523,0.0,0.0,0.0,2.902371,-0.4728696,-2.286585,0.6501604,-0.2071998,1.991001,-0.1247989,-0.02670572,-0.9918227,0.1182301,0.9921149,-0.04159022,0.9851127,-0.1224537,-0.1206575,static,-72.8036,40.81262,18.08443,-5.941282,-62.04672760315309,38.96520189292089,102.20842112813652,91.85638091306734,87.74787060843033
05/18/2023 18:40:54.939492,2165,True,True,True,True,Eyes,1.098345,0.01314347,-1.890497,0.9242573,-0.2468823,-0.2912003,0.0,0.0,0.0,0.0,0.0,0.0,0.0,-1.684947,-0.2865974,-1.532753,1.328532,0.01303788,-1.872257,0.03712173,0.7484147,-0.06401351,0.6590901,8.322828,97.14117,358.3311,0.4632648,0.007323822,-0.8861894,0.0,0.0,0.0,2.920363,-0.4324241,-2.300544,0.6501604,-0.2071999,1.991001,-0.1284443,-0.02881644,-0.9912979,0.1399462,0.9890485,-0.04688416,0.9817928,-0.1447504,-0.123005,static,-72.51222,40.29158,18.08443,-5.941284,-61.765229132720336,38.48416023527484,101.71150723917621,91.3760808916269,88.0316866288956
05/18/2023 18:40:54.949493,2166,True,True,True,True,Eyes,1.10881,0.01315528,-1.889682,0.9230388,-0.2460577,-0.295728,0.0,0.0,0.0,0.0,0.0,0.0,0.0,-1.677456,-0.2913799,-1.551907,1.34145,0.01523124,-1.872821,0.03196996,0.7496701,-0.06358534,0.6579738,7.89782,97.3114,357.9321,0.4672154,0.007193196,-0.884114,0.0,0.0,0.0,2.916137,-0.4692844,-2.322295,0.6501602,-0.2071999,1.991001,-0.1320968,-0.03574112,-0.9905922,0.1316088,0.9898697,-0.05326528,0.9824608,-0.1374068,-0.1260548,static,-72.23531,39.76183,18.08442,-5.941283,-61.49704616367988,37.99463444066607,101.22464208464098,90.90420561290854,88.30345357538339
05/18/2023 18:40:54.974602,2167,True,True,True,True,Eyes,1.119392,0.01322632,-1.88889,0.9217352,-0.2455374,-0.3001926,0.0,0.0,0.0,0.0,0.0,0.0,0.0,-1.677573,-0.2821548,-1.561952,1.351589,0.01838958,-1.872545,0.02864152,0.749546,-0.06028271,0.6585793,7.359509,97.25696,357.8929,0.471144,0.0070749,-0.8820277,0.0,0.0,0.0,2.917784,-0.4859171,-2.338852,0.65016,-0.2072,1.991,-0.1309063,-0.03646561,-0.9907241,0.1223382,0.9910913,-0.05264391,0.9838177,-0.1280948,-0.125279,static,-71.96049,39.28086,18.08442,-5.941288,-61.2317468085562,37.550720639591766,100.76273362033209,90.4577754132227,88.57154136895147
05/18/2023 18:40:54.990622,2168,True,True,True,True,Eyes,1.130003,0.01329562,-1.888111,0.9205837,-0.2445559,-0.3044964,0.0,0.0,0.0,0.0,0.0,0.0,0.0,-1.667041,-0.2944443,-1.582668,1.364848,0.01989767,-1.872793,0.02899464,0.7512076,-0.06222139,0.6564869,7.559261,97.55334,357.7954,0.4750534,0.006970379,-0.8799291,0.0,0.0,0.0,2.939915,-0.4334449,-2.346657,0.6501603,-0.2072,1.991,-0.1363688,-0.03813305,-0.9899241,0.125257,0.9905756,-0.05541314,0.9827077,-0.1315516,-0.1303071,static,-71.69762,38.76964,18.08443,-5.941288,-60.977001490632944,37.07821817489462,100.29897100580685,90.00771000797567,88.83078705944085
05/18/2023 18:40:54.999454,2169,True,True,True,True,Eyes,1.140621,0.01339933,-1.88738,0.9194903,-0.2438926,-0.3083082,0.0,0.0,0.0,0.0,0.0,0.0,0.0,-1.667455,-0.2727477,-1.596384,1.375736,0.0198894,-1.873552,0.02572355,0.7514312,-0.05692026,0.6568481,6.853797,97.55983,357.9153,0.4789441,0.006878147,-0.8778182,0.0,0.0,0.0,2.944554,-0.4385475,-2.364279,0.6501603,-0.2071999,1.991,-0.1357776,-0.03611698,-0.9900807,0.1134349,0.9921967,-0.0517504,0.984224,-0.1193363,-0.1306212,static,-71.46352,38.34638,18.08443,-5.941285,-60.75075130347736,36.68739081034283,99.90111420977608,89.62248497166017,89.06052312139293
05/18/2023 18:40:55.025832,2170,True,True,True,True,Eyes,1.151259,0.01356965,-1.886695,0.9183566,-0.2434386,-0.3120238,0.0,0.0,0.0,0.0,0.0,0.0,0.0,-1.66127,-0.2834845,-1.610766,1.386482,0.02084851,-1.874028,0.025925,0.7522987,-0.05874224,0.655686,7.029521,97.71582,357.8042,0.4828144,0.006798505,-0.8756961,0.0,0.0,0.0,2.946857,-0.4542814,-2.381463,0.65016,-0.2072,1.991001,-0.1388078,-0.03802624,-0.9895891,0.1160396,0.9917545,-0.05438609,0.9834975,-0.1223807,-0.1332507,static,-71.23412,37.96108,18.08442,-5.941285,-60.52960897718644,36.3319877780181,99.52496792425922,89.2591459929493,89.28457724726688
05/18/2023 18:40:55.040287,2171,True,True,True,True,Eyes,1.161881,0.01376888,-1.886068,0.9173365,-0.2429186,-0.3154115,0.0,0.0,0.0,0.0,0.0,0.0,0.0,-1.654331,-0.3010355,-1.624831,1.397627,0.0226188,-1.87447,0.02505023,0.7531068,-0.06175747,0.6545142,7.227616,97.8558,357.5093,0.4866635,0.006733169,-0.8735634,0.0,0.0,0.0,2.958092,-0.4394744,-2.392955,0.6501603,-0.2072,1.991,-0.1419675,-0.04311129,-0.9889322,0.1185733,0.991117,-0.06022848,0.982744,-0.1258114,-0.1355945,static,-71.02528,37.60218,18.08443,-5.941288,-60.328130470182415,36.00082541676138,99.17950404065914,88.92508373543704,89.48917695668324
05/18/2023 18:40:55.049778,2172,True,True,True,True,Eyes,1.172504,0.01394144,-1.885482,0.9162986,-0.2424601,-0.3187633,0.0,0.0,0.0,0.0,0.0,0.0,0.0,-1.648867,-0.2987856,-1.640558,1.40778,0.02345575,-1.875386,0.02160198,0.7540986,-0.06053388,0.6536088,6.865297,98.00509,357.3126,0.4904891,0.006681965,-0.8714216,0.0,0.0,0.0,2.961902,-0.4502094,-2.407886,0.6501601,-0.2071999,1.991,-0.1446579,-0.0465509,-0.9883862,0.111711,0.991738,-0.06305853,0.9831555,-0.1195355,-0.1382624,static,-70.81816,37.25762,18.08442,-5.941285,-60.128529826136045,35.68304643683375,98.84237008416697,88.59938198469028,89.69181435775117
05/18/2023 18:40:55.070023,2173,True,True,True,True,Eyes,1.183129,0.01414314,-1.884909,0.9152508,-0.2423093,-0.3218729,0.0,0.0,0.0,0.0,0.0,0.0,0.0,-1.642671,-0.3020804,-1.655669,1.418428,0.02299513,-1.875738,0.02173334,0.7550323,-0.06104987,0.6524774,6.923863,98.17105,357.295,0.4942904,0.00664222,-0.8692713,0.0,0.0,0.0,2.963494,-0.4676447,-2.42364,0.6501604,-0.2071998,1.991001,-0.1476018,-0.04684858,-0.9879367,0.1124861,0.9916011,-0.06382824,0.9826294,-0.1205503,-0.1410923,static,-70.62438,36.97282,18.08442,-5.941281,-59.9425059119085,35.42089957959807,98.54375303426494,88.31212345743782,89.87975643233634
05/18/2023 18:40:55.089307,2174,True,True,True,True,Eyes,1.193766,0.01435762,-1.884374,0.9142191,-0.2421413,-0.3249169,0.0,0.0,0.0,0.0,0.0,0.0,0.0,-1.636423,-0.3149669,-1.668597,1.429034,0.02395611,-1.875789,0.02353055,0.7557382,-0.06342647,0.6513702,7.268649,98.3112,357.2807,0.4980668,0.006614056,-0.8671132,0.0,0.0,0.0,2.970386,-0.4648342,-2.438849,0.6501605,-0.2072,1.991001,-0.1503263,-0.04706236,-0.9875156,0.1181941,0.9908468,-0.06521343,0.9815457,-0.1265218,-0.1433878,static,-70.43459,36.69498,18.08443,-5.941285,-59.76033332971457,35.16517619014692,98.25206356566066,88.03151895449908,90.06394789720134
05/18/2023 18:40:55.100216,2175,True,True,True,True,Eyes,1.204404,0.01456038,-1.88387,0.9132205,-0.2420645,-0.32777,0.0,0.0,0.0,0.0,0.0,0.0,0.0,-1.63229,-0.316052,-1.682192,1.439975,0.02447248,-1.87614,0.02327322,0.756292,-0.06323046,0.6507554,7.234566,98.40691,357.2791,0.5018179,0.006596833,-0.8649479,0.0,0.0,0.0,2.974179,-0.4693548,-2.456186,0.6501601,-0.2072,1.991,-0.1519513,-0.04709245,-0.9872654,0.1174978,0.9909205,-0.06535105,0.9813791,-0.1259317,-0.1450384,static,-70.2561,36.44659,18.08442,-5.941288,-59.58925494123842,34.93676037162178,97.98356839395717,87.77365560092517,90.23669765885177
05/18/2023 18:40:55.119786,2176,True,True,True,True,Eyes,1.215048,0.01479455,-1.883403,0.9121987,-0.2420675,-0.3306005,0.0,0.0,0.0,0.0,0.0,0.0,0.0,-1.62904,-0.3134935,-1.695344,1.450569,0.02442174,-1.876565,0.02424125,0.7568017,-0.06245861,0.6502019,7.24203,98.50249,357.4272,0.505543,0.006588874,-0.862776,0.0,0.0,0.0,2.977401,-0.4766687,-2.474334,0.6501597,-0.2072,1.991,-0.1532997,-0.04452976,-0.9871758,0.117913,0.9910225,-0.06301414,0.9811195,-0.126061,-0.1466729,moving,-70.0784,36.2118,18.08441,-5.941287,-59.41917366970658,34.72105655827881,97.72186966450074,87.52274941578737,90.40819397390675
05/18/2023 18:40:55.139880,2177,True,True,True,True,Eyes,1.225702,0.01506275,-1.882998,0.9112511,-0.2419954,-0.3332563,0.0,0.0,0.0,0.0,0.0,0.0,0.0,-1.624026,-0.3172924,-1.709143,1.461365,0.02544376,-1.876984,0.02578691,0.7575145,-0.0628182,0.649277,7.392,98.64055,357.5435,0.5092415,0.006590598,-0.8605981,0.0,0.0,0.0,2.982108,-0.4792009,-2.485145,0.6457328,-0.2071999,1.991,-0.1555487,-0.04250491,-0.9869133,0.1206407,0.9907779,-0.06168571,0.9804337,-0.1286571,-0.1489865,moving,-69.91188,35.98542,17.96922,-5.941285,-59.25967096510017,34.51296886387912,97.37009977075624,87.18284381334729,90.67958989252031
05/18/2023 18:40:55.149491,2178,True,True,True,True,Eyes,1.236354,0.01531936,-1.882627,0.9103225,-0.2418773,-0.3358695,0.0,0.0,0.0,0.0,0.0,0.0,0.0,-1.620556,-0.3112745,-1.723468,1.472374,0.02653369,-1.877457,0.0249973,0.7580966,-0.06097465,0.6488042,7.174176,98.7347,357.6189,0.5129125,0.006602481,-0.8584152,0.0,0.0,0.0,2.985302,-0.4872534,-2.495495,0.6410709,-0.2071999,1.991,-0.1568566,-0.04122049,-0.9867608,0.1170219,0.9913145,-0.06001265,0.9806641,-0.124886,-0.1506706,moving,-69.74813,35.75965,17.84775,-5.941285,-59.10276096291928,34.30538873769057,97.01549449880997,86.83994406033707,90.95460001124468
05/18/2023 18:40:55.175088,2179,True,True,True,True,Eyes,1.246995,0.01557361,-1.882288,0.9093362,-0.2420362,-0.3384173,0.0,0.0,0.0,0.0,0.0,0.0,0.0,-1.616281,-0.31064,-1.737099,1.482944,0.02650089,-1.87791,0.02447369,0.7586961,-0.06053608,0.648164,7.098928,98.83649,357.6125,0.5165557,0.006622926,-0.8562278,0.0,0.0,0.0,2.990638,-0.48942,-2.50581,0.6372126,-0.2071999,1.991001,-0.1585689,-0.04133842,-0.9864821,0.1156108,0.9914728,-0.06013105,0.980556,-0.1235829,-0.1524376,moving,-69.58681,35.57236,17.74708,-5.941282,-58.94885369049671,34.1337716497558,96.69845301056405,86.53482633996485,91.20557878273618
05/18/2023 18:40:55.190740,2180,True,True,True,True,Eyes,1.257632,0.0158429,-1.881983,0.9082981,-0.2423594,-0.340964,0.0,0.0,0.0,0.0,0.0,0.0,0.0,-1.609125,-0.3239343,-1.750543,1.493354,0.02676915,-1.878243,0.02613908,0.7595493,-0.06303422,0.6468606,7.444852,99.00471,357.5816,0.52017,0.006650903,-0.8540366,0.0,0.0,0.0,2.9963,-0.4898477,-2.515985,0.6327036,-0.2072,1.991001,-0.1617766,-0.04184086,-0.9859401,0.1212565,0.9906868,-0.0619385,0.9793494,-0.1295719,-0.1551965,moving,-69.42448,35.40546,17.6293,-5.941284,-58.79439667277747,33.981263459517805,96.37382347759134,86.2229157984706,91.47281811028994
05/18/2023 18:40:55.199327,2181,True,True,True,True,Eyes,1.268259,0.01613092,-1.88171,0.9072517,-0.2428031,-0.3434257,0.0,0.0,0.0,0.0,0.0,0.0,0.0,-1.602755,-0.3330268,-1.764227,1.503927,0.02744723,-1.878743,0.02806541,0.7603738,-0.06454306,0.6456611,7.723649,99.16962,357.648,0.523755,0.006686258,-0.8518425,0.0,0.0,0.0,3.00096,-0.4938244,-2.525771,0.6283394,-0.2072,1.991001,-0.1646684,-0.04066546,-0.9855103,0.1260263,0.9900931,-0.0619122,0.9782647,-0.1343952,-0.1579122,moving,-69.26664,35.26044,17.51516,-5.941284,-58.6445432259618,33.849132948863584,96.06592981807951,85.92774683669407,91.73138547883154
05/18/2023 18:40:55.224799,2182,True,True,True,True,Eyes,1.27888,0.01641092,-1.881472,0.9061446,-0.2434122,-0.345908,0.0,0.0,0.0,0.0,0.0,0.0,0.0,-1.596511,-0.3406222,-1.777828,1.514308,0.02825241,-1.87926,0.03011254,0.7612088,-0.06569542,0.6444677,7.980091,99.33824,357.7527,0.52731,0.006729011,-0.8496461,0.0,0.0,0.0,3.007039,-0.4941082,-2.53515,0.6242684,-0.2071999,1.991001,-0.1675095,-0.03883328,-0.9851055,0.130521,0.9895547,-0.06120275,0.9771926,-0.138829,-0.1606912,moving,-69.10635,35.13369,17.40856,-5.941283,-58.49275760066702,33.73415990543171,95.77047070605235,85.64549482173302,91.98392816884727
05/18/2023 18:40:55.240619,2183,True,True,True,True,Eyes,1.289489,0.01667769,-1.881253,0.9051384,-0.2439687,-0.3481432,0.0,0.0,0.0,0.0,0.0,0.0,0.0,-1.589304,-0.3498104,-1.792023,1.524801,0.0283907,-1.879834,0.03225054,0.7621639,-0.06728331,0.64307,8.281724,99.53178,357.8355,0.5308346,0.006777994,-0.847448,0.0,0.0,0.0,3.012173,-0.4974741,-2.544273,0.619767,-0.2072,1.991,-0.1708416,-0.03737538,-0.9845895,0.1356962,0.9888657,-0.06108311,0.9759098,-0.1440405,-0.1638677,moving,-68.96177,35.02167,17.29054,-5.941285,-58.355892745227536,33.632615023378825,95.485206512151,85.37257375843026,92.23245770379391
05/18/2023 18:40:55.249782,2184,True,True,True,True,Eyes,1.300092,0.0169379,-1.881066,0.9040568,-0.2447198,-0.3504189,0.0,0.0,0.0,0.0,0.0,0.0,0.0,-1.582209,-0.3581121,-1.806031,1.535062,0.02839337,-1.880466,0.03419958,0.7631116,-0.06868977,0.6416953,8.553181,99.72366,357.916,0.5343287,0.006831941,-0.8452488,0.0,0.0,0.0,3.017927,-0.4997058,-2.552573,0.6155688,-0.2071998,1.991001,-0.1741152,-0.03595961,-0.9840685,0.140352,0.9882243,-0.0609445,0.9746718,-0.1487273,-0.1670178,moving,-68.81332,34.92905,17.18033,-5.941282,-58.21579428979479,33.54931783747679,95.21182635635515,85.11217911348473,92.47586954959067
05/18/2023 18:40:55.275625,2185,True,True,True,True,Eyes,1.310708,0.01718802,-1.880877,0.9030666,-0.2454172,-0.3524786,0.0,0.0,0.0,0.0,0.0,0.0,0.0,-1.573638,-0.370187,-1.820526,1.545555,0.02854804,-1.880993,0.03621956,0.7641919,-0.07080738,0.6400668,8.892826,99.94353,357.9532,0.537792,0.006889997,-0.843049,0.0,0.0,0.0,3.025722,-0.4963096,-2.560291,0.6113727,-0.2071998,1.991001,-0.1780055,-0.03528553,-0.9833968,0.1460003,0.987349,-0.06185496,0.9731383,-0.1545867,-0.1706019,moving,-68.67865,34.848,17.07005,-5.941281,-58.08875764473113,33.47653512255811,94.95580548964324,84.86819542354777,92.7062800463488
05/18/2023 18:40:55.290191,2186,True,True,True,True,Eyes,1.321324,0.01741846,-1.88072,0.9020512,-0.2461168,-0.3545847,0.0,0.0,0.0,0.0,0.0,0.0,0.0,-1.564832,-0.3769926,-1.836407,1.556275,0.02857374,-1.881596,0.03698156,0.7653896,-0.07181076,0.6384784,9.041524,100.1701,357.9638,0.5412256,0.00695125,-0.8408484,0.0,0.0,0.0,3.0323,-0.4974758,-2.567957,0.6067884,-0.2071999,1.991001,-0.1819556,-0.03508863,-0.9826806,0.1483098,0.9869512,-0.06270253,0.9720579,-0.1571502,-0.1743773,moving,-68.54086,34.76447,16.94941,-5.941283,-57.95876628837817,33.40150246453003,94.68655972190514,84.61140374062339,92.94946995647462
05/18/2023 18:40:55.309334,2187,True,True,True,True,Eyes,1.331952,0.01763297,-1.880594,0.9011155,-0.2467551,-0.3565148,0.0,0.0,0.0,0.0,0.0,0.0,0.0,-1.557188,-0.3792012,-1.852001,1.566881,0.02834822,-1.882183,0.03764991,0.7664698,-0.07191753,0.63713,9.103649,100.3729,358.031,0.5446291,0.007014459,-0.8386473,0.0,0.0,0.0,3.037059,-0.5044217,-2.575609,0.6024531,-0.2071998,1.991,-0.1852961,-0.03392658,-0.9820971,0.1493566,0.9868207,-0.06226943,0.9712664,-0.158221,-0.1777868,moving,-68.41441,34.68833,16.83519,-5.941282,-57.83948300511668,33.33312750575137,94.43653779883368,84.37289867277619,93.17589032915375
05/18/2023 18:40:55.319604,2188,True,True,True,True,Eyes,1.342581,0.01782096,-1.880498,0.9001707,-0.2473447,-0.3584875,0.0,0.0,0.0,0.0,0.0,0.0,0.0,-1.549277,-0.3816553,-1.867916,1.577751,0.02820497,-1.8828,0.03849848,0.7675757,-0.07204055,0.6357324,9.180348,100.5831,358.1136,0.548003,0.007078672,-0.836446,0.0,0.0,0.0,3.042495,-0.5091391,-2.583199,0.5979223,-0.2072,1.991,-0.1887245,-0.03249601,-0.9814921,0.150698,0.9866561,-0.0616437,0.9703984,-0.1595426,-0.1813091,moving,-68.28539,34.60442,16.71567,-5.941288,-57.71765595300471,33.25753838180573,94.1760831546145,84.12412259356525,93.41008526568385
05/18/2023 18:40:55.339854,2189,True,True,True,True,Eyes,1.35322,0.01796841,-1.880411,0.8992816,-0.2478685,-0.3603522,0.0,0.0,0.0,0.0,0.0,0.0,0.0,-1.542091,-0.381152,-1.883519,1.588384,0.02775995,-1.88341,0.03866195,0.7685943,-0.07163005,0.6345369,9.158943,100.7688,358.1731,0.551347,0.007142582,-0.8342451,0.0,0.0,0.0,3.04864,-0.5113504,-2.590828,0.5937238,-0.2072,1.991,-0.1917361,-0.03147311,-0.9809417,0.1503345,0.9867488,-0.06104404,0.9698641,-0.1591738,-0.1844639,moving,-68.16348,34.52216,16.60478,-5.941289,-57.60248543295964,33.18333094768054,93.93055204992251,83.88953527757899,93.62955113397886
05/18/2023 18:40:55.349535,2190,True,True,True,True,Eyes,1.363868,0.01807318,-1.880352,0.8983486,-0.2484241,-0.3622915,0.0,0.0,0.0,0.0,0.0,0.0,0.0,-1.533693,-0.3847035,-1.899284,1.599135,0.02694567,-1.88402,0.03948317,0.7697119,-0.07210274,0.6330768,9.264271,100.9828,358.2284,0.5546619,0.007204423,-0.8320444,0.0,0.0,0.0,3.056235,-0.5090311,-2.59894,0.589317,-0.2072002,1.991,-0.19531,-0.03051182,-0.9802669,0.1520745,0.9864846,-0.0610049,0.9688795,-0.1609884,-0.1880303,moving,-68.03646,34.43852,16.48825,-5.941295,-57.48252709708228,33.10794876734078,93.6747354414109,83.64519892466892,93.85897785118321
05/18/2023 18:40:55.374862,2191,True,True,True,True,Eyes,1.374522,0.01812964,-1.88032,0.8974576,-0.2488601,-0.3641957,0.0,0.0,0.0,0.0,0.0,0.0,0.0,-1.524334,-0.3879045,-1.915819,1.609956,0.02604585,-1.884619,0.04020993,0.7709696,-0.07250194,0.6314529,9.356386,101.222,358.2831,0.5579478,0.007262522,-0.829844,0.0,0.0,0.0,3.062683,-0.510862,-2.606257,0.5852835,-0.2072001,1.991,-0.199301,-0.02956185,-0.9794924,0.1535644,0.9862533,-0.06101222,0.9678313,-0.1625749,-0.1920217,moving,-67.91228,34.34535,16.38147,-5.941292,-57.36503207318937,33.02358114683285,93.42617306032963,83.40748112357606,94.07714808932353
05/18/2023 18:40:55.390857,2192,True,True,True,True,Eyes,1.385185,0.01812102,-1.880313,0.8965186,-0.2493233,-0.3661862,0.0,0.0,0.0,0.0,0.0,0.0,0.0,-1.514892,-0.387612,-1.932941,1.620728,0.02493487,-1.885211,0.0403074,0.7722806,-0.07223979,0.6298726,9.343663,101.4622,358.3306,0.5612047,0.007315147,-0.8276442,0.0,0.0,0.0,3.068607,-0.5145817,-2.613866,0.5810288,-0.2071998,1.991001,-0.2032718,-0.02874648,-0.9787003,0.1532609,0.9863135,-0.06080174,0.9670531,-0.1623558,-0.1960841,moving,-67.78226,34.24957,16.2687,-5.94128,-57.24204543644026,32.93690416767,93.16581079260835,83.15854074475087,94.30635621317302
05/18/2023 18:40:55.399713,2193,True,True,True,True,Eyes,1.395867,0.01806041,-1.880321,0.8955905,-0.24973,-0.3681746,0.0,0.0,0.0,0.0,0.0,0.0,0.0,-1.504641,-0.3897291,-1.950114,1.631589,0.02338381,-1.885775,0.04102014,0.7736453,-0.07252919,0.6281162,9.424891,101.7219,358.3943,0.5644332,0.007360036,-0.8254455,0.0,0.0,0.0,3.075727,-0.5160912,-2.620091,0.5765471,-0.2071999,1.991001,-0.2075749,-0.02764345,-0.9778284,0.1545836,0.9861137,-0.0606929,0.9659278,-0.1637545,-0.2004192,moving,-67.65259,34.14875,16.14977,-5.941281,-57.1192881868888,32.8455015540835,92.89804156789616,82.902167574144,94.54142729347339
05/18/2023 18:40:55.419465,2194,True,True,True,True,Eyes,1.406565,0.01794955,-1.880357,0.894626,-0.2501007,-0.370262,0.0,0.0,0.0,0.0,0.0,0.0,0.0,-1.493818,-0.3926798,-1.967639,1.642616,0.022085,-1.886429,0.04200844,0.7750788,-0.07290722,0.6262369,9.533959,101.999,358.478,0.5676335,0.007395733,-0.8232477,0.0,0.0,0.0,3.08403,-0.5162511,-2.624765,0.5719423,-0.2072,1.991001,-0.2121254,-0.02619468,-0.9768915,0.1564341,0.9858396,-0.06040323,0.9646406,-0.1656322,-0.2050239,moving,-67.51663,34.03783,16.02744,-5.941287,-56.99047627584457,32.74478897347362,92.61717674527004,82.63309610254005,94.78594978548945
05/18/2023 18:40:55.439727,2195,True,True,True,True,Eyes,1.417278,0.01777556,-1.880408,0.8937033,-0.2506774,-0.3720959,0.0,0.0,0.0,0.0,0.0,0.0,0.0,-1.482634,-0.3919041,-1.986024,1.653679,0.02077393,-1.88706,0.04214701,0.7766017,-0.0725549,0.624379,9.516055,102.2806,358.5393,0.5708061,0.007421026,-0.8210509,0.0,0.0,0.0,3.092259,-0.5178908,-2.628089,0.5679414,-0.2071999,1.991,-0.2167488,-0.02514062,-0.9759036,0.1560664,0.9859189,-0.06006109,0.9636717,-0.1653239,-0.2097732,moving,-67.39545,33.96776,15.92103,-5.941284,-56.87621990498849,32.68197510724002,92.38164120962745,82.408711540676,94.99947868017732
05/18/2023 18:40:55.450089,2196,True,True,True,True,Eyes,1.428022,0.01756976,-1.880486,0.8927268,-0.2512538,-0.3740459,0.0,0.0,0.0,0.0,0.0,0.0,0.0,-1.471384,-0.3900832,-2.004402,1.664638,0.01903191,-1.887692,0.04230151,0.7781265,-0.072082,0.6225224,9.488236,102.5632,358.6107,0.5739516,0.007434293,-0.818855,0.0,0.0,0.0,3.100532,-0.5208364,-2.630336,0.5632386,-0.2071999,1.991,-0.2213535,-0.02391346,-0.9749007,0.1555772,0.9860295,-0.05951057,0.9627039,-0.1648451,-0.2145406,moving,-67.26668,33.89002,15.7958,-5.941285,-56.75474421370812,32.612155602649096,92.11899066833843,82.15807475840222,95.23813994414098
05/18/2023 18:40:55.469868,2197,True,True,True,True,Eyes,1.438804,0.01731964,-1.880579,0.8918459,-0.25181,-0.3757694,0.0,0.0,0.0,0.0,0.0,0.0,0.0,-1.458841,-0.392362,-2.023227,1.676112,0.01807475,-1.888368,0.04264061,0.7797443,-0.0722426,0.6204528,9.530609,102.8684,358.655,0.5770705,0.007435419,-0.81666,0.0,0.0,0.0,3.111183,-0.5171874,-2.632197,0.5590031,-0.2072,1.991001,-0.2264404,-0.02314871,-0.97375,0.1561438,0.9859256,-0.05974855,0.9614282,-0.1655745,-0.2196389,moving,-67.15242,33.82677,15.68287,-5.941284,-56.64706656551048,32.5555670824593,91.88679659412998,81.93672721579632,95.45118686248625
05/18/2023 18:40:55.490120,2198,True,True,True,True,Eyes,1.449599,0.01705618,-1.880701,0.8909489,-0.252233,-0.3776091,0.0,0.0,0.0,0.0,0.0,0.0,0.0,-1.446198,-0.3874408,-2.043293,1.687701,0.01677802,-1.888922,0.04124131,0.7814336,-0.07112748,0.618548,9.333586,103.1613,358.6332,0.5801639,0.007423784,-0.8144655,0.0,0.0,0.0,3.123542,-0.5089107,-2.633098,0.5549461,-0.2072001,1.991001,-0.2313952,-0.02353683,-0.9725751,0.1524462,0.9864801,-0.06014335,0.9608417,-0.1621823,-0.2246787,moving,-67.03141,33.74189,15.5746,-5.941288,-56.53268435094064,32.47888663003982,91.6433713058385,81.70416314405384,95.66719412990176
05/18/2023 18:40:55.508436,2199,True,True,True,True,Eyes,1.46045,0.0167711,-1.880858,0.8901106,-0.2526063,-0.3793325,0.0,0.0,0.0,0.0,0.0,0.0,0.0,-1.434579,-0.3823602,-2.062242,1.698753,0.01618026,-1.889718,0.0406214,0.783021,-0.06983765,0.6167258,9.176323,103.4455,358.6925,0.5832316,0.007400156,-0.8122718,0.0,0.0,0.0,3.135458,-0.502592,-2.633934,0.5506365,-0.2071999,1.991001,-0.2359982,-0.02252653,-0.9714922,0.1497561,0.9869453,-0.05926415,0.9601446,-0.1594732,-0.229544,moving,-66.91808,33.66056,15.45946,-5.941282,-56.4255262418451,32.40535328694652,91.40221543400666,81.47340477002511,95.8826812727854
05/18/2023 18:40:55.519605,2200,True,True,True,True,Eyes,1.471325,0.01644099,-1.881037,0.8892767,-0.2527896,-0.3811618,0.0,0.0,0.0,0.0,0.0,0.0,0.0,-1.421157,-0.3770468,-2.083272,1.71089,0.0153513,-1.890634,0.03983694,0.7848243,-0.06852836,0.6146281,9.005847,103.7689,358.7405,0.5862746,0.007364871,-0.8100785,0.0,0.0,0.0,3.147145,-0.4966723,-2.634195,0.5464001,-0.2072,1.991001,-0.2412905,-0.02170893,-0.9702101,0.1467689,0.9874338,-0.05859563,0.9592903,-0.1565352,-0.2350721,moving,-66.79906,33.55266,15.34615,-5.941285,-56.31255642748808,32.30707972672974,91.14607626007344,81.22750526225624,96.10327992649368
05/18/2023 18:40:55.539581,2201,True,True,True,True,Eyes,1.482229,0.01607652,-1.881268,0.8884618,-0.2530752,-0.3828689,0.0,0.0,0.0,0.0,0.0,0.0,0.0,-1.410764,-0.3660721,-2.102186,1.722308,0.01392493,-1.891273,0.03933353,0.7862376,-0.06626268,0.6131008,8.767616,104.0202,358.8752,0.5892932,0.00731727,-0.8078856,0.0,0.0,0.0,3.155765,-0.4989136,-2.633923,0.5419873,-0.2072,1.991001,-0.2451207,-0.0194004,-0.9692985,0.1431024,0.9881243,-0.05596557,0.9588732,-0.1524272,-0.2394334,moving,-66.68712,33.46458,15.22799,-5.941286,-56.20656392383088,32.227196318722974,90.90053642043074,80.99215108151758,96.32084624855152
05/18/2023 18:40:55.559867,2202,True,True,True,True,Eyes,1.493161,0.01568583,-1.881521,0.8876083,-0.2533047,-0.3846924,0.0,0.0,0.0,0.0,0.0,0.0,0.0,-1.397401,-0.3646821,-2.121748,1.734025,0.01273693,-1.892228,0.03956632,0.7879274,-0.06576727,0.6109661,8.742096,104.3395,358.9558,0.5922872,0.007257215,-0.8056937,0.0,0.0,0.0,3.17083,-0.4816137,-2.633932,0.5376709,-0.2072001,1.991,-0.2503099,-0.01801239,-0.9679983,0.1427139,0.9882183,-0.05529232,0.9575896,-0.151987,-0.2447903,moving,-66.56793,33.36332,15.11228,-5.941289,-56.093563148699616,32.135141929907704,90.6449612184096,80.7470537597332,96.54340043932864
05/18/2023 18:40:55.575093,2203,True,True,True,True,Eyes,1.504118,0.01533086,-1.88183,0.8867649,-0.253664,-0.386397,0.0,0.0,0.0,0.0,0.0,0.0,0.0,-1.38442,-0.3631087,-2.140545,1.745563,0.01171218,-1.892953,0.0392812,0.7895029,-0.06526403,0.6090016,8.678907,104.6319,358.9876,0.595257,0.007184942,-0.8035028,0.0,0.0,0.0,3.189397,-0.4542438,-2.632399,0.53315,-0.2072001,1.991,-0.2551483,-0.01746656,-0.9667442,0.141517,0.9883952,-0.05520765,0.9564896,-0.1508969,-0.2497155,moving,-66.45542,33.28431,14.99096,-5.94129,-55.98721361572727,32.06376141820727,90.400002823365,80.51263915140841,96.76380197390581
05/18/2023 18:40:55.589497,2204,True,True,True,True,Eyes,1.515122,0.01500583,-1.882163,0.8858812,-0.2539071,-0.3882598,0.0,0.0,0.0,0.0,0.0,0.0,0.0,-1.368954,-0.3707459,-2.159477,1.757332,0.01222211,-1.893795,0.03920637,0.7912709,-0.06623354,0.6066024,8.765034,104.9698,358.9385,0.598202,0.007103236,-0.8013135,0.0,0.0,0.0,3.186357,-0.4953309,-2.6317,0.5288556,-0.2072,1.991,-0.2609929,-0.01830912,-0.9651672,0.1424006,0.988152,-0.05725197,0.95478,-0.1523827,-0.2552935,moving,-66.33335,33.18316,14.87558,-5.941288,-55.871531462544766,31.971875925396883,90.14218070941929,80.26557032207364,96.98856677850023
05/18/2023 18:40:55.609845,2205,True,True,True,True,Eyes,1.526136,0.01486371,-1.882557,0.884971,-0.2544196,-0.3899962,0.0,0.0,0.0,0.0,0.0,0.0,0.0,-1.352359,-0.3687779,-2.180768,1.76943,0.01258542,-1.894619,0.0377744,0.7932903,-0.06546848,0.6041338,8.598681,105.334,358.889,0.6011234,0.00701435,-0.799125,0.0,0.0,0.0,3.200989,-0.4821892,-2.63222,0.5243936,-0.2072001,1.990999,-0.267191,-0.01917131,-0.9634528,0.1390356,0.9885739,-0.05822943,0.9535607,-0.1495126,-0.2614725,moving,-66.21748,33.119,14.75558,-5.941293,-55.76233620394365,31.914472470212612,89.90185167731222,80.03646347185862,97.20952343453713
05/18/2023 18:40:55.619753,2206,True,True,True,True,Eyes,1.53723,0.0147058,-1.88299,0.8841203,-0.2544301,-0.3919141,0.0,0.0,0.0,0.0,0.0,0.0,0.0,-1.335392,-0.3834796,-2.198665,1.781018,0.01684931,-1.895295,0.03771352,0.795107,-0.06709987,0.6015649,8.747333,105.6869,358.7966,0.6040196,0.006926632,-0.7969388,0.0,0.0,0.0,3.216928,-0.4609694,-2.626409,0.5201668,-0.2072,1.991,-0.2733949,-0.02075727,-0.9616779,0.1407024,0.9881507,-0.06132888,0.9515557,-0.1520774,-0.2672348,moving,-66.09318,32.99158,14.64177,-5.941286,-55.64407201748277,31.79804836108772,89.63202667839468,79.77691988366385,97.43670210817018
05/18/2023 18:40:55.639940,2207,True,True,True,True,Eyes,1.548296,0.01447479,-1.883472,0.8833309,-0.2542903,-0.3937804,0.0,0.0,0.0,0.0,0.0,0.0,0.0,-1.319168,-0.3583474,-2.224154,1.793946,0.01620018,-1.896568,0.03323342,0.7973524,-0.06237581,0.5993614,8.007842,106.0482,358.7401,0.6068923,0.006839332,-0.7947541,0.0,0.0,0.0,3.225125,-0.4669386,-2.631375,0.5158195,-0.2071999,1.991001,-0.2793231,-0.02177381,-0.9599502,0.1277688,0.9900096,-0.05963336,0.9516584,-0.1393086,-0.2737505,moving,-65.97315,32.85303,14.52458,-5.941282,-55.52957286161504,31.67110841697725,89.35817354168697,79.51274266454182,97.66420399907028
05/18/2023 18:40:55.649541,2208,True,True,True,True,Eyes,1.55939,0.01439926,-1.883976,0.8822886,-0.2547617,-0.395807,0.0,0.0,0.0,0.0,0.0,0.0,0.0,-1.308132,-0.3389565,-2.243046,1.804439,0.0141879,-1.897671,0.03239058,0.7988707,-0.05877543,0.5977474,7.621637,106.3181,358.9297,0.60974,0.006749442,-0.7925723,0.0,0.0,0.0,3.242381,-0.4417639,-2.629259,0.5114356,-0.2072001,1.991,-0.2832977,-0.01851395,-0.9588531,0.1220175,0.9909926,-0.05518518,0.9512381,-0.1326307,-0.278487,moving,-65.83833,32.76741,14.40631,-5.941289,-55.40230874077511,31.594051451127157,89.09301671288385,79.25998380820502,97.90177636726726
05/18/2023 18:40:55.675729,2209,True,True,True,True,Eyes,1.570535,0.01445808,-1.884534,0.8814222,-0.2547406,-0.3977462,0.0,0.0,0.0,0.0,0.0,0.0,0.0,-1.284263,-0.3842404,-2.259886,1.816281,0.01795167,-1.898646,0.0352152,0.8010751,-0.0660545,0.5938649,8.491076,106.8036,358.7234,0.6125629,0.006663632,-0.7903933,0.0,0.0,0.0,3.250189,-0.4475871,-2.629907,0.5071253,-0.2072,1.991,-0.292169,-0.02203485,-0.9561129,0.1348749,0.9887934,-0.06400309,0.9468083,-0.1476554,-0.2859228,moving,-65.71249,32.63795,14.28989,-5.941289,-55.282570479838974,31.475753083721145,88.81857062283495,78.99596379254902,98.13304762543109
05/18/2023 18:40:55.691500,2210,True,True,True,True,Eyes,1.581686,0.0148052,-1.885126,0.8804431,-0.2549859,-0.3997526,0.0,0.0,0.0,0.0,0.0,0.0,0.0,-1.271657,-0.362231,-2.281818,1.828623,0.02111298,-1.900187,0.02931453,0.802741,-0.06157388,0.5924154,7.677011,107.0456,358.503,0.6153613,0.006586984,-0.7882172,0.0,0.0,0.0,3.258307,-0.4549119,-2.629294,0.5029007,-0.2071999,1.991001,-0.2963691,-0.02589067,-0.9547225,0.1200186,0.9906986,-0.06412299,0.9475024,-0.1335885,-0.2905051,moving,-65.58025,32.53214,14.17566,-5.941284,-55.15732281718697,31.379738485273712,88.5506043695461,78.73957852106302,98.36604664259602
05/18/2023 18:40:55.699694,2211,True,True,True,True,Eyes,1.592896,0.01509607,-1.885803,0.879611,-0.2547613,-0.4017228,0.0,0.0,0.0,0.0,0.0,0.0,0.0,-1.254116,-0.3921495,-2.296824,1.839918,0.02840178,-1.901548,0.02865154,0.804309,-0.06568772,0.5898739,8.017065,107.3606,358.1825,0.6181346,0.006530281,-0.7860447,0.0,0.0,0.0,3.270001,-0.4432281,-2.630206,0.4983929,-0.2071998,1.991001,-0.3024555,-0.03140556,-0.9526458,0.1235843,0.9897285,-0.07186485,0.9451175,-0.139468,-0.2954676,moving,-65.45358,32.38171,14.05365,-5.941281,-55.0364087183071,31.24183044248894,88.26126705106256,78.46030837464046,98.60508132893592
05/18/2023 18:40:55.719463,2212,True,True,True,True,Eyes,1.604046,0.0153038,-1.886516,0.8787487,-0.2544936,-0.4037742,0.0,0.0,0.0,0.0,0.0,0.0,0.0,-1.235155,-0.3639997,-2.323454,1.852748,0.02720992,-1.903451,0.02176651,0.8067393,-0.06109877,0.587337,7.13168,107.756,357.8832,0.6208829,0.006489139,-0.783876,0.0,0.0,0.0,3.278629,-0.4456206,-2.631408,0.4939388,-0.2072,1.991,-0.3091229,-0.03665134,-0.9503156,0.1068909,0.9915864,-0.07301302,0.9449959,-0.1241501,-0.3026043,moving,-65.32181,32.2227,13.93297,-5.941289,-54.91057793371226,31.09600796477344,87.96482370379947,78.1741354832796,98.84809584751046
05/18/2023 18:40:55.739715,2213,True,True,True,True,Eyes,1.615181,0.01562579,-1.887281,0.8777627,-0.2549555,-0.4056233,0.0,0.0,0.0,0.0,0.0,0.0,0.0,-1.224087,-0.3593137,-2.338942,1.86242,0.0254183,-1.904964,0.02182597,0.8080094,-0.06028841,0.5856703,7.064861,108.0025,357.9588,0.6236042,0.00645858,-0.7817131,0.0,0.0,0.0,3.285173,-0.4563032,-2.631441,0.4897934,-0.2072,1.991,-0.3130279,-0.03534709,-0.949086,0.1058895,0.9917779,-0.07186157,0.9438227,-0.1229929,-0.3067113,moving,-65.19785,32.15151,13.82054,-5.941289,-54.79370975447462,31.032209380857903,87.72096268194109,77.94199671479248,99.06942760816663
05/18/2023 18:40:55.750072,2214,True,True,True,True,Eyes,1.626352,0.0160071,-1.888111,0.8768322,-0.2550408,-0.4075775,0.0,0.0,0.0,0.0,0.0,0.0,0.0,-1.198575,-0.4166043,-2.352574,1.873636,0.02866146,-1.90615,0.02587884,0.8100365,-0.06968709,0.5816485,8.221652,108.4764,357.7335,0.6262977,0.006442091,-0.7795569,0.0,0.0,0.0,3.295796,-0.4544358,-2.630605,0.4854155,-0.2072001,1.991,-0.3220308,-0.03914118,-0.9459199,0.1229924,0.988948,-0.0827934,0.9387062,-0.143003,-0.3136576,moving,-65.0696,32.03619,13.70169,-5.94129,-54.67199731982713,30.92720173593569,87.4482996713744,77.68041452381834,99.30417556601077
05/18/2023 18:40:55.774614,2215,True,True,True,True,Eyes,1.637471,0.01634,-1.889028,0.8760091,-0.2548804,-0.4094437,0.0,0.0,0.0,0.0,0.0,0.0,0.0,-1.184512,-0.4013755,-2.373731,1.885583,0.03036907,-1.908515,0.02109443,0.811719,-0.06687244,0.5798235,7.644453,108.7551,357.4959,0.6289635,0.006440552,-0.7774078,0.0,0.0,0.0,3.305786,-0.4533308,-2.630509,0.4811454,-0.2072001,1.990999,-0.3267193,-0.04330293,-0.9441288,0.1117939,0.9901662,-0.08410117,0.9384862,-0.1330254,-0.3186654,moving,-64.94878,31.90243,13.58565,-5.941293,-54.5568540010585,30.80476349017848,87.17685510458398,77.41881889510884,99.53129125615222
05/18/2023 18:40:55.789571,2216,True,True,True,True,Eyes,1.64858,0.01671323,-1.889996,0.8749393,-0.2551702,-0.4115451,0.0,0.0,0.0,0.0,0.0,0.0,0.0,-1.165831,-0.3882702,-2.394826,1.895762,0.02951154,-1.910581,0.0186915,0.8139659,-0.06465678,0.5770007,7.286266,109.1736,357.4469,0.6315989,0.006450431,-0.7752681,0.0,0.0,0.0,3.314235,-0.4562711,-2.631464,0.47687,-0.2072002,1.990999,-0.3334417,-0.04418553,-0.9417348,0.1050425,0.9909403,-0.0836868,0.9369006,-0.1268268,-0.3257795,moving,-64.80913,31.80015,13.46934,-5.941297,-54.42476969447719,30.71222273673223,86.90187389921296,77.15627414732208,99.7726043497282
05/18/2023 18:40:55.809299,2217,True,True,True,True,Eyes,1.659697,0.01715731,-1.891073,0.8739603,-0.255118,-0.4136522,0.0,0.0,0.0,0.0,0.0,0.0,0.0,-1.136802,-0.4208509,-2.413567,1.906668,0.03093949,-1.912694,0.0206699,0.8167266,-0.06993062,0.5723985,7.92584,109.7654,357.321,0.6342037,0.00647211,-0.7731385,0.0,0.0,0.0,3.326518,-0.4469905,-2.631231,0.472478,-0.2072,1.991,-0.3438652,-0.04629305,-0.9378772,0.1138197,0.9893649,-0.09056553,0.9320953,-0.1378912,-0.3349392,moving,-64.67144,31.66401,13.34974,-5.941286,-54.2938617860565,30.58794293115922,86.6109855378636,76.87679382554678,100.01816126867764
05/18/2023 18:40:55.819445,2218,True,True,True,True,Eyes,1.670784,0.01754481,-1.892215,0.8729739,-0.2546354,-0.4160258,0.0,0.0,0.0,0.0,0.0,0.0,0.0,-1.110379,-0.4077156,-2.439359,1.918367,0.03303567,-1.915313,0.01619397,0.8197432,-0.06752674,0.568506,7.418853,110.3278,357.0966,0.636777,0.006507113,-0.7710202,0.0,0.0,0.0,3.33708,-0.4443286,-2.630543,0.467913,-0.2071999,1.991,-0.3530775,-0.0502289,-0.9342448,0.1033285,0.9903558,-0.09229641,0.9298706,-0.1291219,-0.3444822,moving,-64.51933,31.46939,13.22531,-5.941283,-54.14839540602445,30.409253853591803,86.27738697389096,76.5544101256231,100.28598002594156
05/18/2023 18:40:55.839776,2219,True,True,True,True,Eyes,1.681819,0.01787597,-1.893485,0.871928,-0.2543139,-0.4184087,0.0,0.0,0.0,0.0,0.0,0.0,0.0,-1.088295,-0.3802267,-2.463799,1.928702,0.0319714,-1.917903,0.01259096,0.8224937,-0.06295643,0.5651392,6.764793,110.8416,357.0881,0.6393178,0.006551752,-0.7689143,0.0,0.0,0.0,3.343091,-0.4558823,-2.631631,0.4637462,-0.2072001,1.991,-0.3609185,-0.05044631,-0.931232,0.09187026,0.9917559,-0.08933122,0.9280613,-0.1177938,-0.3533086,moving,-64.36523,31.29174,13.11163,-5.941289,-54.00140050984905,30.24649486552973,85.95907330802515,76.24771842694196,100.54403871118014
05/18/2023 18:40:55.859727,2220,True,True,True,True,Eyes,1.692833,0.01818758,-1.894825,0.8707164,-0.2540543,-0.4210812,0.0,0.0,0.0,0.0,0.0,0.0,0.0,-1.057267,-0.3889222,-2.486131,1.939262,0.0310318,-1.920474,0.01276172,0.8256987,-0.06450631,0.560266,6.939744,111.5041,357.0431,0.6418236,0.006602733,-0.7668236,0.0,0.0,0.0,3.34991,-0.4639581,-2.632951,0.4592884,-0.2072001,1.991,-0.3718787,-0.05120671,-0.9268681,0.09335605,0.9913522,-0.09222565,0.9235753,-0.1208255,-0.3638823,moving,-64.19144,31.10418,12.98988,-5.941288,-53.83586891964774,30.07491052441139,85.61146451428935,75.91341959641663,100.8279789628238
05/18/2023 18:40:55.869656,2221,True,True,True,True,Eyes,1.703788,0.01847865,-1.896287,0.8694866,-0.2538918,-0.4237121,0.0,0.0,0.0,0.0,0.0,0.0,0.0,-1.027411,-0.3928992,-2.508459,1.949805,0.03088319,-1.923438,0.01267939,0.8288251,-0.065063,0.5555675,7.004091,112.1503,357.0387,0.644294,0.00665856,-0.7647486,0.0,0.0,0.0,3.35662,-0.4708651,-2.634839,0.4551028,-0.2072,1.991001,-0.3823681,-0.05127578,-0.9225864,0.09331176,0.9912121,-0.09376316,0.9192865,-0.1219402,-0.3742232,moving,-64.01942,30.93039,12.87546,-5.941283,-53.67225084091108,29.91617487940237,85.27803257600007,75.59335356854218,101.10236213158252
05/18/2023 18:40:55.889687,2222,True,True,True,True,Eyes,1.714703,0.01875056,-1.897819,0.8680309,-0.2539535,-0.4266496,0.0,0.0,0.0,0.0,0.0,0.0,0.0,-0.9970158,-0.3967838,-2.530308,1.959997,0.03073942,-1.926501,0.01351833,0.8320091,-0.06541324,0.5507262,7.107918,112.8192,357.1375,0.6467267,0.006717853,-0.762692,0.0,0.0,0.0,3.36272,-0.4801329,-2.637214,0.4507219,-0.2071999,1.991001,-0.3930359,-0.04955481,-0.9181868,0.0945443,0.9910767,-0.09395901,0.9146497,-0.1237386,-0.3848436,moving,-63.82522,30.76226,12.75559,-5.941282,-53.48807479865272,29.7632449668626,84.92214349391956,75.25314858451891,101.40094356517343
05/18/2023 18:40:55.903147,2223,True,True,True,True,Eyes,1.725561,0.01900138,-1.899449,0.8665178,-0.2542568,-0.4295349,0.0,0.0,0.0,0.0,0.0,0.0,0.0,-0.9643761,-0.4103816,-2.550883,1.97003,0.03059417,-1.929633,0.01562181,0.835261,-0.06729393,0.5454967,7.438349,113.5262,357.2647,0.6491216,0.006779454,-0.760654,0.0,0.0,0.0,3.36882,-0.4885369,-2.639706,0.4464471,-0.2072,1.991001,-0.4043789,-0.04732066,-0.9133667,0.09951382,0.990455,-0.09537271,0.9091617,-0.1294593,-0.39581,moving,-63.63228,30.62279,12.63852,-5.941286,-53.30562284617581,29.63711300314766,84.58230657988571,74.92965001482402,101.69328553851184
05/18/2023 18:40:55.919569,2224,True,True,True,True,Eyes,1.736374,0.01920582,-1.901147,0.8648003,-0.2548108,-0.4326569,0.0,0.0,0.0,0.0,0.0,0.0,0.0,-0.9334768,-0.4259204,-2.569815,1.980048,0.0304142,-1.932671,0.01832647,0.8382394,-0.06937257,0.5405613,7.823087,114.1908,357.4385,0.6514775,0.006842233,-0.7586368,0.0,0.0,0.0,3.374115,-0.4994146,-2.642661,0.4421579,-0.2072001,1.991,-0.4149158,-0.0442763,-0.9087822,0.1057242,0.9897032,-0.09648847,0.9036968,-0.1361148,-0.4059623,moving,-63.42134,30.49572,12.52095,-5.941289,-53.10663707556247,29.522999962065672,84.23115240402556,74.5968898610755,102.00071311822968
05/18/2023 18:40:55.939742,2225,True,True,True,True,Eyes,1.747135,0.01938183,-1.902905,0.8630984,-0.2555367,-0.4356169,0.0,0.0,0.0,0.0,0.0,0.0,0.0,-0.9044341,-0.4421822,-2.587457,1.989905,0.02955356,-1.93594,0.02096991,0.840964,-0.07168145,0.535912,8.223744,114.8116,357.5934,0.6537939,0.006904212,-0.7566408,0.0,0.0,0.0,3.38125,-0.504171,-2.646022,0.4378156,-0.2071999,1.991001,-0.4247173,-0.04156,-0.9043716,0.1120998,0.988844,-0.09808698,0.8983589,-0.1430391,-0.4153203,moving,-63.21934,30.39626,12.4018,-5.941284,-52.91651121371224,29.434526213160645,83.89859306836757,74.28276871555695,102.29925041335785
05/18/2023 18:40:55.949797,2226,True,True,True,True,Eyes,1.757849,0.01954685,-1.904737,0.8612087,-0.2565276,-0.4387632,0.0,0.0,0.0,0.0,0.0,0.0,0.0,-0.8763289,-0.4659884,-2.602704,1.999477,0.02911597,-1.939176,0.02428357,0.8434365,-0.07512311,0.5313962,8.77366,115.4021,357.7455,0.6560709,0.006964325,-0.7546667,0.0,0.0,0.0,3.38943,-0.5058407,-2.648837,0.4333407,-0.2071998,1.991001,-0.4340573,-0.03887696,-0.9000462,0.1208035,0.9875337,-0.1009148,0.8927492,-0.1525315,-0.4239497,moving,-63.00235,30.31315,12.27891,-5.941278,-52.712731963926,29.361699821274986,83.55627838047111,73.96089350607238,102.61275357583472
05/18/2023 18:40:55.974670,2227,True,True,True,True,Eyes,1.768508,0.0197075,-1.906638,0.8594638,-0.2573837,-0.4416736,0.0,0.0,0.0,0.0,0.0,0.0,0.0,-0.850034,-0.4859055,-2.617846,2.009153,0.02907135,-1.942739,0.02711175,0.8457536,-0.07782847,0.5271705,9.220389,115.9587,357.8984,0.6583083,0.007022296,-0.7527153,0.0,0.0,0.0,3.397641,-0.5078179,-2.652002,0.428926,-0.2071999,1.991,-0.4427126,-0.03619804,-0.8959329,0.1279175,0.9864154,-0.1030624,0.8874925,-0.1602324,-0.4320682,moving,-62.80162,30.23134,12.15756,-5.941285,-52.52412819772736,29.2897180350088,83.23062817054203,73.65422162348077,102.91034545067146
05/18/2023 18:40:55.990120,2228,True,True,True,True,Eyes,1.779112,0.01985078,-1.908614,0.8576121,-0.2583298,-0.4447102,0.0,0.0,0.0,0.0,0.0,0.0,0.0,-0.8274431,-0.4954799,-2.633101,2.018607,0.0291395,-1.946215,0.02864455,0.8478027,-0.07888609,0.5236289,9.425084,116.4355,358.0223,0.660506,0.007078137,-0.750787,0.0,0.0,0.0,3.406785,-0.5069791,-2.654732,0.4247993,-0.2072002,1.990999,-0.4499848,-0.03404421,-0.8923872,0.1311839,0.985913,-0.1037614,0.8833485,-0.1637579,-0.4391799,moving,-62.59125,30.15208,12.04403,-5.941296,-52.32659113810343,29.22034382992583,82.90450417049591,73.34792281472377,103.2085560660123
05/18/2023 18:40:55.999822,2229,True,True,True,True,Eyes,1.789669,0.0199728,-1.910674,0.8559234,-0.2590458,-0.4475381,0.0,0.0,0.0,0.0,0.0,0.0,0.0,-0.8060129,-0.5051799,-2.647801,2.027926,0.02888958,-1.949973,0.0294222,0.849694,-0.08020177,0.5203099,9.608279,116.8741,358.0552,0.6626637,0.007131361,-0.7488828,0.0,0.0,0.0,3.41457,-0.5108067,-2.657779,0.4203259,-0.2071999,1.991,-0.4568241,-0.03345982,-0.8889277,0.1334593,0.985404,-0.1056766,0.8794888,-0.1669112,-0.4456908,moving,-62.3962,30.06329,11.92084,-5.941284,-52.14314584388043,29.14169847918562,82.57936657109376,73.04115238575962,103.50336278954997
05/18/2023 18:40:56.025686,2230,True,True,True,True,Eyes,1.800178,0.0200705,-1.912824,0.8541824,-0.2597168,-0.4504662,0.0,0.0,0.0,0.0,0.0,0.0,0.0,-0.7860831,-0.5129092,-2.662465,2.037508,0.0285006,-1.953835,0.02960199,0.851416,-0.08131807,0.5173025,9.735344,117.269,358.0391,0.6647812,0.007181384,-0.7470034,0.0,0.0,0.0,3.422138,-0.5142965,-2.661971,0.4162144,-0.2071998,1.991001,-0.4630437,-0.03372485,-0.8856934,0.1345393,0.9850222,-0.1078447,0.8760648,-0.1690974,-0.451571,moving,-62.19439,29.96565,11.80752,-5.94128,-51.95323194852208,29.054923966265665,82.25320848254492,72.73353958862054,103.79552347585707
05/18/2023 18:40:56.042634,2231,True,True,True,True,Eyes,1.810631,0.02015419,-1.915084,0.8523458,-0.2601802,-0.4536659,0.0,0.0,0.0,0.0,0.0,0.0,0.0,-0.7676605,-0.5134875,-2.678025,2.046919,0.02801248,-1.958093,0.02890246,0.8531063,-0.08135861,0.5145435,9.704003,117.6383,357.9994,0.6668582,0.007227572,-0.7451493,0.0,0.0,0.0,3.430639,-0.5145216,-2.666184,0.4119425,-0.2071999,1.991,-0.4688189,-0.03441134,-0.8826235,0.1330388,0.9850909,-0.1090719,0.8732176,-0.1685582,-0.4572513,moving,-61.97561,29.83454,11.68968,-5.941283,-51.7468635852676,28.937208821068538,81.89312829603855,72.39270856763063,104.11000436787711
05/18/2023 18:40:56.049799,2232,True,True,True,True,Eyes,1.821041,0.02022878,-1.917445,0.8504456,-0.2606827,-0.4569319,0.0,0.0,0.0,0.0,0.0,0.0,0.0,-0.7501515,-0.5172876,-2.692613,2.056385,0.02774983,-1.962394,0.02881331,0.8546545,-0.0817934,0.5119036,9.747672,117.9892,357.9945,0.6688943,0.007269756,-0.7433215,0.0,0.0,0.0,3.438135,-0.5182389,-2.670695,0.4074963,-0.2072002,1.990999,-0.4742488,-0.03448984,-0.879715,0.1329915,0.9849592,-0.1103109,0.8702881,-0.1693094,-0.4625289,moving,-61.75152,29.70505,11.56694,-5.941295,-51.53557863090808,28.821131616514403,81.52458824569815,72.04411261048783,104.43354893016347
05/18/2023 18:40:56.075060,2233,True,True,True,True,Eyes,1.831392,0.02025336,-1.91993,0.8483745,-0.2610978,-0.4605308,0.0,0.0,0.0,0.0,0.0,0.0,0.0,-0.7322809,-0.5233943,-2.707016,2.065814,0.02761962,-1.96717,0.02861286,0.8562068,-0.08265171,0.5091757,9.826887,118.3453,357.9544,0.6708891,0.007307969,-0.7415212,0.0,0.0,0.0,3.445296,-0.5225134,-2.675891,0.4030899,-0.2072,1.991,-0.4798428,-0.03517145,-0.8766493,0.1331656,0.9847,-0.112396,0.8671897,-0.1706719,-0.4678175,moving,-61.50517,29.55106,11.44517,-5.941285,-51.30308231935051,28.682631127662425,81.12618972757579,71.6669989405743,104.77802547468566
05/18/2023 18:40:56.090552,2234,True,True,True,True,Eyes,1.841687,0.02022738,-1.922518,0.8462346,-0.2615502,-0.4641966,0.0,0.0,0.0,0.0,0.0,0.0,0.0,-0.7148986,-0.5222703,-2.722434,2.075179,0.02642769,-1.97191,0.02783451,0.8577868,-0.08253858,0.5065712,9.776269,118.6931,357.914,0.672842,0.007340702,-0.7397494,0.0,0.0,0.0,3.453554,-0.5226969,-2.681558,0.3988954,-0.2071999,1.991001,-0.4852217,-0.03587119,-0.8736551,0.1313755,0.9848253,-0.1134007,0.8644654,-0.1698013,-0.473146,moving,-61.25331,29.39896,11.32917,-5.941282,-51.06548824530103,28.546025887808995,80.72886167641015,71.29142853735254,105.12166185207997
05/18/2023 18:40:56.109309,2235,True,True,True,True,Eyes,1.851941,0.02015846,-1.925207,0.8438941,-0.262059,-0.4681536,0.0,0.0,0.0,0.0,0.0,0.0,0.0,-0.6960257,-0.5267186,-2.736947,2.08418,0.02519961,-1.976947,0.02780426,0.8594456,-0.08325,0.5036366,9.852024,119.0784,357.9023,0.6747525,0.007366601,-0.7380069,0.0,0.0,0.0,3.461801,-0.522916,-2.687202,0.3945937,-0.2071999,1.991001,-0.4911543,-0.036063,-0.8703259,0.131648,0.9845927,-0.1150912,0.8610671,-0.1711041,-0.4788393,moving,-60.9805,29.23886,11.2101,-5.941282,-50.80822010876594,28.402411969080333,80.30644506825193,70.89260430083809,105.48719808383716
05/18/2023 18:40:56.124707,2236,True,True,True,True,Eyes,1.862142,0.02004023,-1.928004,0.8414815,-0.2625812,-0.4721865,0.0,0.0,0.0,0.0,0.0,0.0,0.0,-0.6747342,-0.5337783,-2.751679,2.093486,0.02409411,-1.982084,0.0279256,0.8612496,-0.08436118,0.5003526,9.977262,119.5057,357.8867,0.676621,0.007384751,-0.736294,0.0,0.0,0.0,3.46959,-0.5249021,-2.693314,0.3902697,-0.2071999,1.991001,-0.4977353,-0.03631884,-0.8665684,0.1325225,0.9842067,-0.1173668,0.8571451,-0.1732573,-0.4850614,moving,-60.7016,29.07827,11.09032,-5.941282,-50.545268106156975,28.25847881145616,79.8777115318604,70.4880795649353,105.85875949220107
05/18/2023 18:40:56.139921,2237,True,True,True,True,Eyes,1.872303,0.01987194,-1.930898,0.838888,-0.2632174,-0.4764279,0.0,0.0,0.0,0.0,0.0,0.0,0.0,-0.6538309,-0.5366999,-2.766803,2.102459,0.02279906,-1.987431,0.0277326,0.8630827,-0.08484323,0.4971127,10.02198,119.9322,357.8769,0.6784472,0.007394106,-0.7346115,0.0,0.0,0.0,3.479869,-0.5196071,-2.699053,0.3858395,-0.2072,1.991001,-0.5042201,-0.03648223,-0.8628045,0.1322244,0.984065,-0.118881,0.8533928,-0.1740259,-0.4913615,moving,-60.40655,28.91982,10.9675,-5.941283,-50.26730913728381,28.116918494094744,79.43268543728777,70.06898699918484,106.24690535605959
05/18/2023 18:40:56.149462,2238,True,True,True,True,Eyes,1.88241,0.01965094,-1.933902,0.8362162,-0.2638736,-0.4807425,0.0,0.0,0.0,0.0,0.0,0.0,0.0,-0.6310557,-0.5447255,-2.781353,2.111623,0.02143067,-1.992854,0.02784655,0.8649616,-0.08617163,0.4935996,10.16948,120.3854,357.8517,0.6802318,0.007393719,-0.7329594,0.0,0.0,0.0,3.489298,-0.5144237,-2.70525,0.3816705,-0.2072001,1.991,-0.5111683,-0.03689619,-0.8586887,0.133241,0.983598,-0.1215802,0.8490903,-0.1765604,-0.497868,moving,-60.10531,28.76184,10.85183,-5.941289,-49.98359155063385,27.975939821782674,78.98875160027687,69.65146750925274,106.63359235166729
05/18/2023 18:40:56.175676,2239,True,True,True,True,Eyes,1.892497,0.01937479,-1.936963,0.8334309,-0.2645368,-0.485194,0.0,0.0,0.0,0.0,0.0,0.0,0.0,-0.6085578,-0.5483596,-2.796343,2.120479,0.01995437,-1.998435,0.02758723,0.8668754,-0.08683445,0.4901284,10.22952,120.8383,357.8284,0.6819745,0.007382656,-0.7313383,0.0,0.0,0.0,3.499432,-0.5090933,-2.712401,0.3771143,-0.2072,1.990999,-0.5180264,-0.03729068,-0.8545516,0.1329494,0.9833975,-0.1235067,0.8449695,-0.1775919,-0.5044681,moving,-59.79354,28.60004,10.72531,-5.94129,-49.68998914023938,27.83162655564637,78.52395611207703,69.21429233098654,107.0399848844335
05/18/2023 18:40:56.191336,2240,True,True,True,True,Eyes,1.902531,0.01905443,-1.940145,0.8305815,-0.2652475,-0.4896713,0.0,0.0,0.0,0.0,0.0,0.0,0.0,-0.5880203,-0.5526223,-2.810608,2.12943,0.01833011,-2.003963,0.02773305,0.8685863,-0.08751161,0.4869605,10.31341,121.2521,357.8417,0.683677,0.007360009,-0.7297473,0.0,0.0,0.0,3.510368,-0.5015314,-2.717838,0.3728979,-0.2072,1.991,-0.5242008,-0.03705228,-0.8507883,0.1334065,0.9831452,-0.125013,0.8410804,-0.1790325,-0.5104225,moving,-59.47843,28.44373,10.60813,-5.941288,-49.39337999573835,27.69252859044373,78.06699274017109,68.7852805490266,107.43983248266791
05/18/2023 18:40:56.209636,2241,True,True,True,True,Eyes,1.912518,0.0186603,-1.943428,0.8277122,-0.2660101,-0.4940963,0.0,0.0,0.0,0.0,0.0,0.0,0.0,-0.5690855,-0.5583313,-2.824315,2.138233,0.0169628,-2.009978,0.02820174,0.8701684,-0.08829193,0.483959,10.42537,121.6439,357.8802,0.6853385,0.00732539,-0.7281874,0.0,0.0,0.0,3.518816,-0.5012628,-2.724708,0.368346,-0.2071999,1.991001,-0.5299771,-0.0363788,-0.8472315,0.1345399,0.9828184,-0.1263607,0.8372716,-0.1809547,-0.5159768,moving,-59.16525,28.297,10.48152,-5.941281,-49.09875302795892,27.562353667278813,77.60755412501969,68.35424251650089,107.84565765363912
05/18/2023 18:40:56.224705,2242,True,True,True,True,Eyes,1.922429,0.01815722,-1.946828,0.8248267,-0.266764,-0.4984956,0.0,0.0,0.0,0.0,0.0,0.0,0.0,-0.5549594,-0.5576577,-2.838066,2.146961,0.01477091,-2.015915,0.02838755,0.8714187,-0.0881521,0.4817189,10.4271,121.944,357.9341,0.6869601,0.007277359,-0.7266583,0.0,0.0,0.0,3.52774,-0.4998769,-2.730586,0.3639929,-0.2072,1.991001,-0.5342822,-0.03545419,-0.8445625,0.1344039,0.9828467,-0.1262851,0.8345528,-0.1809844,-0.5203524,moving,-58.85275,28.15293,10.36035,-5.941286,-48.80481071443195,27.434653032803933,77.15483637637148,67.92988700628028,108.245388758851
05/18/2023 18:40:56.239680,2243,True,True,True,True,Eyes,1.93228,0.01765225,-1.95033,0.8218976,-0.2678075,-0.5027559,0.0,0.0,0.0,0.0,0.0,0.0,0.0,-0.5422599,-0.5577539,-2.851011,2.155117,0.01165624,-2.022061,0.02901827,0.8725646,-0.0881791,0.4795973,10.46985,122.2288,358.022,0.6885406,0.007213397,-0.7251616,0.0,0.0,0.0,3.534965,-0.5024991,-2.73721,0.3595115,-0.2071999,1.991001,-0.538289,-0.03394028,-0.8420768,0.1352215,0.9827648,-0.1260498,0.8318415,-0.1817181,-0.5244221,moving,-58.54581,28.04329,10.23551,-5.941283,-48.51670983118951,27.339052835150547,76.71910572298617,67.52335957572626,108.63932347957876
05/18/2023 18:40:56.249759,2244,True,True,True,True,Eyes,1.942078,0.01711984,-1.953967,0.8190087,-0.2687277,-0.5069616,0.0,0.0,0.0,0.0,0.0,0.0,0.0,-0.5284748,-0.5860384,-2.858554,2.163549,0.01115301,-2.02805,0.03101775,0.8733133,-0.09236245,0.4773165,11.00725,122.4904,358.0153,0.6900805,0.007135145,-0.7236971,0.0,0.0,0.0,3.54423,-0.4967382,-2.745457,0.3552963,-0.2072001,1.991,-0.5424139,-0.03399582,-0.8394235,0.1423487,0.9810142,-0.1317122,0.827964,-0.1909333,-0.5272765,moving,-58.24273,27.92694,10.118,-5.94129,-48.23207678583272,27.23708346814892,76.29053944930394,67.12328900541557,109.02374526450498
05/18/2023 18:40:56.270369,2245,True,True,True,True,Eyes,1.951778,0.01651648,-1.957728,0.8164303,-0.2695596,-0.5106654,0.0,0.0,0.0,0.0,0.0,0.0,0.0,-0.5187162,-0.581154,-2.872661,2.172119,0.009947076,-2.034893,0.030064,0.874278,-0.09163135,0.4757497,10.88442,122.7007,357.9797,0.691579,0.007043186,-0.7222663,0.0,0.0,0.0,3.550503,-0.4979634,-2.752016,0.3508086,-0.2072,1.991,-0.5455166,-0.03461858,-0.8373846,0.1397558,0.9813997,-0.1316167,0.8263654,-0.1888284,-0.5305316,moving,-57.97461,27.82776,9.992785,-5.941288,-47.98034785724588,27.150385499005047,75.8941063977456,66.75285003839637,109.38307164619145
05/18/2023 18:40:56.290132,2246,True,True,True,True,Eyes,1.9614,0.01592279,-1.961598,0.813765,-0.2708125,-0.5142441,0.0,0.0,0.0,0.0,0.0,0.0,0.0,-0.5130973,-0.5823438,-2.88368,2.179716,0.007626429,-2.041271,0.03064802,0.8748387,-0.09171797,0.4746637,10.9278,122.8472,358.0479,0.6930355,0.006936445,-0.7208697,0.0,0.0,0.0,3.565385,-0.4738423,-2.762059,0.3466945,-0.2072001,1.991,-0.5475099,-0.03344623,-0.8361304,0.1406945,0.981297,-0.1313819,0.8248864,-0.1895719,-0.5325642,moving,-57.7099,27.7723,9.877919,-5.94129,-47.7326353600068,27.10453296197439,75.52959306036847,66.41537765383444,109.72374921842663
05/18/2023 18:40:56.303866,2247,True,True,True,True,Eyes,1.970987,0.0153803,-1.965586,0.8113476,-0.2718724,-0.5174944,0.0,0.0,0.0,0.0,0.0,0.0,0.0,-0.5023305,-0.6187338,-2.888518,2.18752,0.007359952,-2.047781,0.0326599,0.8751978,-0.0972459,0.4727637,11.60127,123.0393,357.9652,0.6944498,0.006816933,-0.7195086,0.0,0.0,0.0,3.576015,-0.4615562,-2.769202,0.3425942,-0.2071999,1.991,-0.5508558,-0.03478093,-0.8338755,0.1491164,0.9789531,-0.139338,0.8211713,-0.2010996,-0.5340756,moving,-57.46943,27.71578,9.763358,-5.941286,-47.5074885530095,27.05713329872839,75.18674001432234,66.09724306741583,110.04330391666753
05/18/2023 18:40:56.319809,2248,True,True,True,True,Eyes,1.980512,0.0149161,-1.969695,0.8089986,-0.2728254,-0.5206608,0.0,0.0,0.0,0.0,0.0,0.0,0.0,-0.4941875,-0.6211448,-2.90093,2.196093,0.008028552,-2.054883,0.03079069,0.8758581,-0.09778416,0.4715538,11.5562,123.1781,357.7605,0.6958227,0.006687886,-0.7181821,0.0,0.0,0.0,3.574627,-0.4883597,-2.777985,0.3381702,-0.2072001,1.991,-0.5533782,-0.03828444,-0.83205,0.1461575,0.9789804,-0.1422512,0.8200067,-0.200329,-0.5361508,moving,-57.23521,27.65447,9.639661,-5.94129,-47.288073357282805,27.00510694097768,74.83931761610498,65.77409832484075,110.36643459929441
05/18/2023 18:40:56.339787,2249,True,True,True,True,Eyes,1.99001,0.01463751,-1.973898,0.8067588,-0.2738653,-0.5235821,0.0,0.0,0.0,0.0,0.0,0.0,0.0,-0.4889272,-0.6206461,-2.912963,2.204131,0.00943616,-2.061872,0.02902729,0.8763717,-0.09766342,0.4707354,11.44968,123.2751,357.5984,0.697154,0.00655323,-0.7168912,0.0,0.0,0.0,3.59131,-0.4587764,-2.783966,0.3337821,-0.2071999,1.991,-0.5551313,-0.04106986,-0.8307482,0.1428246,0.9792386,-0.1438506,0.8194086,-0.1985073,-0.5377402,moving,-57.01665,27.6123,9.516879,-5.941286,-47.08361698293302,26.970637808377973,74.5154588971526,65.4737418686491,110.67245040229135
05/18/2023 18:40:56.349481,2250,True,True,True,True,Eyes,1.999466,0.0142883,-1.978208,0.8047407,-0.2743754,-0.5264128,0.0,0.0,0.0,0.0,0.0,0.0,0.0,-0.4770887,-0.6515095,-2.919533,2.213005,0.01366456,-2.068374,0.02833842,0.8767594,-0.102256,0.4690775,11.88182,123.4234,357.2916,0.6984451,0.006420239,-0.7156345,0.0,0.0,0.0,3.596409,-0.464696,-2.788743,0.3294088,-0.2072,1.990999,-0.5583265,-0.04624003,-0.8283317,0.1456239,0.9774814,-0.152722,0.8167406,-0.2058936,-0.5390202,moving,-56.80971,27.5293,9.394428,-5.941292,-46.88920410370737,26.897684305127516,74.1840172621671,65.16322281436213,110.97387436561137
05/18/2023 18:40:56.375667,2251,True,True,True,True,Eyes,2.008828,0.01411371,-1.982532,0.8027121,-0.2755368,-0.5288976,0.0,0.0,0.0,0.0,0.0,0.0,0.0,-0.4823467,-0.6152287,-2.93771,2.221386,0.01152627,-2.075238,0.02457317,0.8769997,-0.09709119,0.4699374,11.15089,123.3564,357.1869,0.6996966,0.006286332,-0.7144122,0.0,0.0,0.0,3.611615,-0.4373421,-2.79968,0.325021,-0.2072001,1.990999,-0.5571102,-0.04815225,-0.8290415,0.1343549,0.979939,-0.1472022,0.8194982,-0.1933936,-0.5394645,moving,-56.61958,27.5179,9.271478,-5.941291,-46.71182842789487,26.89136615282575,73.89958718919779,64.90080102983764,111.25099834550709
05/18/2023 18:40:56.391481,2252,True,True,True,True,Eyes,2.018176,0.01396293,-1.986968,0.8006701,-0.2768335,-0.5313102,0.0,0.0,0.0,0.0,0.0,0.0,0.0,-0.4844786,-0.6848083,-2.93091,2.227988,0.01567739,-2.080801,0.02929681,0.8757594,-0.1067337,0.4698887,12.38493,123.2564,357.1249,0.7009098,0.006157868,-0.713223,0.0,0.0,0.0,3.619223,-0.4362951,-2.805169,0.3207638,-0.2072001,1.991001,-0.5566929,-0.04899197,-0.8292726,0.1516198,0.9754993,-0.1594135,0.8167649,-0.2144785,-0.5356253,moving,-56.43247,27.52128,9.152101,-5.941289,-46.53755035706585,26.8988134767404,73.62798026113308,64.65144699814813,111.51971054711065
05/18/2023 18:40:56.399836,2253,True,True,True,True,Eyes,2.027397,0.01376123,-1.991455,0.7988765,-0.2777166,-0.5335447,0.0,0.0,0.0,0.0,0.0,0.0,0.0,-0.4755625,-0.702492,-2.940133,2.237028,0.01613711,-2.087936,0.02882972,0.8761491,-0.1094986,0.468553,12.64389,123.3863,356.9396,0.7020862,0.006035161,-0.7120662,0.0,0.0,0.0,3.615218,-0.4733528,-2.812801,0.3164259,-0.2071999,1.991001,-0.5592542,-0.05209357,-0.8273581,0.1531301,0.9743577,-0.1648577,0.8147309,-0.2188908,-0.5369366,moving,-56.26227,27.49754,9.030378,-5.941281,-46.37850796145705,26.880488380349263,73.35723981122753,64.40041295478302,111.77998694956271
05/18/2023 18:40:56.424737,2254,True,True,True,True,Eyes,2.036513,0.01359277,-1.995986,0.796947,-0.2791264,-0.53569,0.0,0.0,0.0,0.0,0.0,0.0,0.0,-0.4876908,-0.6881154,-2.950266,2.243154,0.01466118,-2.093672,0.02861962,0.8756438,-0.1069532,0.4700958,12.3694,123.2203,357.0403,0.7032247,0.005915973,-0.7109427,0.0,0.0,0.0,3.628993,-0.4531595,-2.820166,0.3120488,-0.2072001,1.991,-0.5563819,-0.0504353,-0.8293949,0.1506777,0.9754839,-0.1603978,0.817151,-0.2142137,-0.535142,moving,-56.09188,27.5222,8.907486,-5.941289,-46.22021745754347,26.907471779976827,73.10761024992595,64.17246117520345,112.0338983772667
05/18/2023 18:40:56.440809,2255,True,True,True,True,Eyes,2.045594,0.0135318,-2.000578,0.7951298,-0.2801846,-0.5378339,0.0,0.0,0.0,0.0,0.0,0.0,0.0,-0.4749134,-0.7344906,-2.950252,2.249845,0.01540491,-2.099278,0.03085909,0.8758118,-0.1138742,0.4680108,13.19992,123.4043,356.9068,0.7043268,0.005801118,-0.7098519,0.0,0.0,0.0,3.6367,-0.4419281,-2.831826,0.3078971,-0.2072001,1.991,-0.5600271,-0.05253515,-0.8268068,0.1606422,0.9721608,-0.1705799,0.8127506,-0.2283494,-0.5359971,moving,-55.92517,27.51726,8.790838,-5.94129,-46.06478775217293,26.906664265107025,72.85352606125915,63.93846867156752,112.2830230253766
05/18/2023 18:40:56.450328,2256,True,True,True,True,Eyes,2.054619,0.01351998,-2.005241,0.7934854,-0.2805627,-0.5400606,0.0,0.0,0.0,0.0,0.0,0.0,0.0,-0.4678645,-0.736021,-2.961618,2.257887,0.01787803,-2.105571,0.02770605,0.8762613,-0.1144,0.467238,13.084,123.4714,356.5657,0.7053933,0.005694017,-0.708793,0.0,0.0,0.0,3.634573,-0.4626417,-2.845305,0.303358,-0.2071999,1.991001,-0.5618423,-0.05834858,-0.8251842,0.1554595,0.97229,-0.1745979,0.812506,-0.2263792,-0.5372027,moving,-55.76008,27.45198,8.66322,-5.941283,-45.90970942103461,26.849339246320305,72.56356934906916,63.66654956014266,112.55006260886708
05/18/2023 18:40:56.475690,2257,True,True,True,True,Eyes,2.06354,0.01347545,-2.009952,0.791838,-0.2807162,-0.5423939,0.0,0.0,0.0,0.0,0.0,0.0,0.0,-0.4586205,-0.6911741,-2.984114,2.265514,0.01892269,-2.111889,0.02056488,0.8776976,-0.1084919,0.4663192,12.10042,123.6321,356.1834,0.706425,0.005595604,-0.7077654,0.0,0.0,0.0,3.642727,-0.4442709,-2.86148,0.2990934,-0.2072,1.991,-0.5642473,-0.06508422,-0.8230368,0.1372832,0.9756132,-0.1712666,0.8141122,-0.2096258,-0.5415521,moving,-55.5896,27.36384,8.543246,-5.941288,-45.74917011974061,26.770739836351364,72.2651609501847,63.38567040968563,112.81802402495299
05/18/2023 18:40:56.491493,2258,True,True,True,True,Eyes,2.072383,0.0134421,-2.014705,0.7901471,-0.2808275,-0.5447968,0.0,0.0,0.0,0.0,0.0,0.0,0.0,-0.4429766,-0.6816183,-2.99761,2.272261,0.01805635,-2.117309,0.01750035,0.8789724,-0.1077709,0.4642056,11.87065,123.8986,355.9398,0.7074224,0.005503914,-0.7067692,0.0,0.0,0.0,3.651044,-0.4229184,-2.87734,0.294781,-0.2071999,1.991,-0.568414,-0.06929109,-0.8198199,0.1308204,0.9761583,-0.1732078,0.8122758,-0.2057029,-0.5457974,moving,-55.41421,27.26984,8.421846,-5.941287,-45.58394337266772,26.68676765990995,71.9584672032782,63.096871845243015,113.09233019086447
05/18/2023 18:40:56.499642,2259,True,True,True,True,Eyes,2.081156,0.01345179,-2.019494,0.7885754,-0.2809312,-0.547016,0.0,0.0,0.0,0.0,0.0,0.0,0.0,-0.4280126,-0.6798468,-3.009492,2.279182,0.0180915,-2.12307,0.01677067,0.8801972,-0.1074375,0.4619839,11.80772,124.1906,355.914,0.7083866,0.005418662,-0.7058036,0.0,0.0,0.0,3.6507,-0.4298189,-2.895175,0.2905703,-0.2071998,1.991001,-0.5725797,-0.06974583,-0.8168773,0.1287918,0.9763518,-0.1736368,0.8096702,-0.204628,-0.5500565,moving,-55.25187,27.18369,8.303229,-5.94128,-45.43102684907769,26.60984461216904,71.66947918326672,62.824724155153255,113.35185633916728
05/18/2023 18:40:56.524563,2260,True,True,True,True,Eyes,2.089833,0.0134546,-2.024333,0.7870038,-0.2808952,-0.5492932,0.0,0.0,0.0,0.0,0.0,0.0,0.0,-0.4178978,-0.6671918,-3.023094,2.286191,0.01907434,-2.128814,0.01668705,0.8813556,-0.1048244,0.4603756,11.54513,124.4423,356.0728,0.7093182,0.005340718,-0.7048677,0.0,0.0,0.0,3.651332,-0.4319547,-2.913144,0.2862119,-0.2072,1.991001,-0.5755519,-0.06710276,-0.8150076,0.1259316,0.9774668,-0.1694106,0.8080108,-0.2001398,-0.5541326,moving,-55.0867,27.0841,8.180387,-5.941285,-45.27521547449248,26.52040602687775,71.36806254805992,62.54008970440834,113.61984108888234
05/18/2023 18:40:56.539709,2261,True,True,True,True,Eyes,2.098441,0.0134675,-2.029176,0.7854029,-0.2813681,-0.5513387,0.0,0.0,0.0,0.0,0.0,0.0,0.0,-0.4104438,-0.6573011,-3.035361,2.292634,0.01907343,-2.134805,0.01741222,0.8823147,-0.1025779,0.4590158,11.3614,124.6602,356.2897,0.7102186,0.005269077,-0.703961,0.0,0.0,0.0,3.650789,-0.4349306,-2.931833,0.281616,-0.2072,1.991,-0.5780028,-0.06344359,-0.8135649,0.1248958,0.9783492,-0.1650269,0.8064204,-0.1969968,-0.5575647,moving,-54.93184,27.03687,8.050768,-5.941289,-45.13001554931417,26.47974226327283,71.09407768239873,62.28417942859261,113.8768844794496
05/18/2023 18:40:56.559831,2262,True,True,True,True,Eyes,2.106944,0.01349964,-2.034077,0.783701,-0.2819825,-0.5534426,0.0,0.0,0.0,0.0,0.0,0.0,0.0,-0.3996605,-0.6618395,-3.044667,2.298839,0.01929499,-2.14073,0.01885932,0.8832481,-0.1025397,0.4571682,11.44223,124.9136,356.4645,0.7110878,0.005203584,-0.7030835,0.0,0.0,0.0,3.647362,-0.4455099,-2.951329,0.2774357,-0.2072,1.991,-0.5812832,-0.06044085,-0.8114536,0.1270707,0.9782599,-0.1638922,0.8037183,-0.1983797,-0.5609658,moving,-54.7706,26.99913,7.932795,-5.941288,-44.97905308890639,26.448107539853662,70.82927983920739,62.03818672092697,114.12674882824707
05/18/2023 18:40:56.569605,2263,True,True,True,True,Eyes,2.11533,0.01353564,-2.039002,0.7819692,-0.2830748,-0.5553312,0.0,0.0,0.0,0.0,0.0,0.0,0.0,-0.3846726,-0.6759523,-3.052484,2.304879,0.01982103,-2.147017,0.02016778,0.8842943,-0.1041421,0.454721,11.68471,125.22,356.5434,0.7119266,0.005144205,-0.7022345,0.0,0.0,0.0,3.6441,-0.4577475,-2.969114,0.2730741,-0.2071998,1.991002,-0.5856441,-0.0590427,-0.8084151,0.1303797,0.9774954,-0.1658431,0.8000139,-0.2025259,-0.5647664,moving,-54.61877,27.00978,7.809627,-5.941277,-44.83778729243319,26.461552178639263,70.59091237125963,61.81984770653495,114.36526163685103
05/18/2023 18:40:56.590478,2264,True,True,True,True,Eyes,2.123569,0.01354289,-2.043956,0.7800522,-0.2845017,-0.5572947,0.0,0.0,0.0,0.0,0.0,0.0,0.0,-0.367507,-0.6904476,-3.05954,2.310221,0.01998191,-2.152916,0.02129586,0.8854601,-0.1059575,0.4519734,11.94031,125.561,356.5974,0.7127351,0.005090515,-0.7014143,0.0,0.0,0.0,3.641197,-0.4712923,-2.985509,0.268683,-0.2072,1.991001,-0.5905331,-0.05806667,-0.8049217,0.1334932,0.976639,-0.1683919,0.7958959,-0.2068926,-0.5689861,moving,-54.45675,27.04453,7.685563,-5.941285,-44.68748933365465,26.49778856734788,70.35432507105867,61.605438921020095,114.60856380125527
05/18/2023 18:40:56.600320,2265,True,True,True,True,Eyes,2.131659,0.01355356,-2.048917,0.778001,-0.2867294,-0.5590177,0.0,0.0,0.0,0.0,0.0,0.0,0.0,-0.3453662,-0.7206669,-3.06269,2.314974,0.01937488,-2.158524,0.02328175,0.8866571,-0.1103095,0.4484743,12.50331,125.9681,356.6143,0.7135133,0.005040963,-0.7006233,0.0,0.0,0.0,3.637194,-0.489466,-3.000221,0.2642865,-0.2072,1.991,-0.5966578,-0.05765612,-0.8004222,0.1402278,0.9745796,-0.1747309,0.7901493,-0.2164959,-0.5734055,moving,-54.30159,27.15403,7.561271,-5.941288,-44.54501795269224,26.603836606688272,70.15920213789809,61.43492886043186,114.83292364563249
05/18/2023 18:40:56.619576,2266,True,True,True,True,Eyes,2.139604,0.01359511,-2.053896,0.7757111,-0.2893947,-0.5608236,0.0,0.0,0.0,0.0,0.0,0.0,0.0,-0.3182389,-0.7699005,-3.060856,2.319507,0.01959535,-2.163876,0.02597867,0.8877686,-0.1175385,0.4442712,13.40172,126.4261,356.5634,0.7142611,0.004995279,-0.6998612,0.0,0.0,0.0,3.634556,-0.5037471,-3.014547,0.2599687,-0.2072,1.991001,-0.6038966,-0.05831183,-0.7949269,0.150564,0.9710196,-0.1856108,0.782713,-0.2317771,-0.5776158,moving,-54.13383,27.29452,7.439129,-5.941283,-44.39140108852366,26.73918085684592,69.97033572215078,61.27329407789309,115.05936685288408
05/18/2023 18:40:56.639530,2267,True,True,True,True,Eyes,2.147398,0.01366167,-2.058914,0.7734424,-0.2921889,-0.5625054,0.0,0.0,0.0,0.0,0.0,0.0,0.0,-0.288396,-0.8137593,-3.059769,2.324069,0.02047923,-2.169295,0.02760599,0.8890603,-0.1241287,0.4397747,14.18164,126.9191,356.4466,0.7149783,0.004954159,-0.6991287,0.0,0.0,0.0,3.635111,-0.5098888,-3.027309,0.255703,-0.2071999,1.991001,-0.6116723,-0.06009058,-0.7888258,0.1582641,0.96766,-0.196435,0.7751191,-0.2449967,-0.5823807,moving,-53.97254,27.44925,7.318398,-5.941282,-44.24408606176935,26.88770614265136,69.79617975335663,61.12636276673562,115.27549253566687
05/18/2023 18:40:56.649493,2268,True,True,True,True,Eyes,2.155057,0.01374048,-2.063957,0.7710114,-0.2950233,-0.5643604,0.0,0.0,0.0,0.0,0.0,0.0,0.0,-0.2591368,-0.8318092,-3.064936,2.32863,0.02121243,-2.17484,0.02760625,0.8907984,-0.1269038,0.4354441,14.4854,127.4372,356.3679,0.7156642,0.004918021,-0.6984268,0.0,0.0,0.0,3.636552,-0.5160136,-3.038802,0.2512633,-0.2071999,1.991001,-0.6192526,-0.06133577,-0.7827924,0.1597022,0.9662666,-0.2020494,0.7687791,-0.2501333,-0.5885677,moving,-53.79684,27.59863,7.192674,-5.941282,-44.08324159006475,27.031553524532114,69.60349499072542,60.962508167949366,115.50777180798191
05/18/2023 18:40:56.669600,2269,True,True,True,True,Eyes,2.162592,0.01385759,-2.069033,0.7686409,-0.2976142,-0.5662305,0.0,0.0,0.0,0.0,0.0,0.0,0.0,-0.2300462,-0.8448922,-3.071076,2.333127,0.02161412,-2.180441,0.02768148,0.8926243,-0.1288507,0.4311068,14.70829,127.9701,356.3439,0.7163205,0.004886708,-0.697754,0.0,0.0,0.0,3.63953,-0.5205971,-3.049286,0.2469453,-0.2072001,1.991,-0.6267612,-0.06167852,-0.7767664,0.1605152,0.9652625,-0.2061632,0.7624992,-0.2538979,-0.5950888,moving,-53.62225,27.72669,7.070333,-5.941291,-43.923022191141214,27.15541920585366,69.40549384471124,60.79238850464873,115.73872706745408
05/18/2023 18:40:56.690155,2270,True,True,True,True,Eyes,2.17002,0.01399415,-2.074152,0.7661926,-0.2998793,-0.5683495,0.0,0.0,0.0,0.0,0.0,0.0,0.0,-0.1987613,-0.8482301,-3.079963,2.337778,0.02266306,-2.186195,0.02679067,0.8947616,-0.1293884,0.4265476,14.73795,128.5453,356.2983,0.716946,0.004861088,-0.6971114,0.0,0.0,0.0,3.644113,-0.5200517,-3.060155,0.2427711,-0.2072001,1.990998,-0.6346791,-0.06243812,-0.7702495,0.1583232,0.9650818,-0.2086886,0.7563838,-0.2543986,-0.6026319,moving,-53.43256,27.81755,6.952008,-5.941295,-43.74801913996993,27.2448100302775,69.18060182074632,60.59546450910577,115.98415429333438
05/18/2023 18:40:56.709743,2271,True,True,True,True,Eyes,2.177328,0.01410997,-2.079291,0.7639093,-0.3016227,-0.5704966,0.0,0.0,0.0,0.0,0.0,0.0,0.0,-0.1694669,-0.831131,-3.094396,2.342676,0.02322286,-2.192285,0.02440797,0.897144,-0.1270677,0.4223635,14.39552,129.1039,356.2386,0.7175425,0.00484117,-0.6964975,0.0,0.0,0.0,3.648491,-0.5216525,-3.070192,0.2384409,-0.2072002,1.990999,-0.6420268,-0.06354256,-0.7640445,0.1511324,0.9665161,-0.2073779,0.7516387,-0.248614,-0.6109259,moving,-53.24719,27.8655,6.829187,-5.941297,-43.576217763238944,27.29393664839809,68.93526381211099,60.3762004850385,116.23744343808575
05/18/2023 18:40:56.719859,2272,True,True,True,True,Eyes,2.184521,0.01418726,-2.084464,0.761484,-0.3032972,-0.5728462,0.0,0.0,0.0,0.0,0.0,0.0,0.0,-0.141552,-0.8096512,-3.108768,2.347106,0.02278705,-2.19786,0.02225829,0.8994918,-0.1241252,0.4183444,14.00003,129.6515,356.2292,0.7181098,0.004825723,-0.6959127,0.0,0.0,0.0,3.652434,-0.5244538,-3.080589,0.2341672,-0.2072,1.991,-0.6489849,-0.06381184,-0.7581204,0.1438964,0.968195,-0.2046758,0.7470691,-0.2419224,-0.6191617,moving,-53.04673,27.89927,6.707903,-5.941288,-43.390083868248745,27.33013573128224,68.67167924782423,60.13980317026117,116.50352372957127
05/18/2023 18:40:56.739834,2273,True,True,True,True,Eyes,2.191621,0.01426504,-2.089661,0.7590962,-0.304925,-0.5751467,0.0,0.0,0.0,0.0,0.0,0.0,0.0,-0.1129022,-0.8086583,-3.117738,2.351571,0.02193893,-2.203769,0.02220318,0.9015096,-0.1239366,0.4140377,13.99552,130.2099,356.3012,0.7186484,0.004813011,-0.6953565,0.0,0.0,0.0,3.65769,-0.5239395,-3.09106,0.229625,-0.2072,1.991,-0.6561596,-0.06259606,-0.7520214,0.1426616,0.9682935,-0.2050741,0.7410143,-0.241846,-0.626425,moving,-52.84977,27.93115,6.57894,-5.941288,-43.20717488387809,27.364485580234568,68.40404687098524,59.899347150103054,116.7734048729351
05/18/2023 18:40:56.749842,2274,True,True,True,True,Eyes,2.198619,0.01433971,-2.094899,0.756568,-0.3064777,-0.5776471,0.0,0.0,0.0,0.0,0.0,0.0,0.0,-0.08287907,-0.8141494,-3.125051,2.356125,0.02205041,-2.209942,0.02256037,0.9034845,-0.1245295,0.4095109,14.09311,130.787,356.3807,0.7191586,0.004802793,-0.6948289,0.0,0.0,0.0,3.660601,-0.5276034,-3.102606,0.2253597,-0.2071998,1.991001,-0.6635838,-0.06122645,-0.7455923,0.1427583,0.9679669,-0.2065435,0.7343546,-0.2434983,-0.6335865,moving,-52.63791,27.94873,6.457775,-5.941281,-43.01010811387146,27.385791219937765,68.12365838091306,59.64700497527597,117.05031765812811
05/18/2023 18:40:56.769641,2275,True,True,True,True,Eyes,2.20551,0.01440166,-2.100177,0.7540516,-0.3080106,-0.580117,0.0,0.0,0.0,0.0,0.0,0.0,0.0,-0.05268335,-0.8130491,-3.133787,2.360718,0.02204718,-2.216071,0.02204698,0.9055251,-0.1243747,0.4050545,14.07013,131.3568,356.4046,0.7196407,0.004794717,-0.6943297,0.0,0.0,0.0,3.662602,-0.5328155,-3.115038,0.2210041,-0.2071999,1.991001,-0.6708896,-0.06082888,-0.7390583,0.1406852,0.9680897,-0.2073883,0.7280899,-0.2431093,-0.6409236,moving,-52.42772,27.96587,6.333988,-5.94128,-42.81458895012801,27.40664677234156,67.84270888017197,59.39416500159009,117.32764387616608
05/18/2023 18:40:56.789872,2276,True,True,True,True,Eyes,2.2123,0.01443048,-2.10551,0.7513611,-0.3095598,-0.5827771,0.0,0.0,0.0,0.0,0.0,0.0,0.0,-0.02115059,-0.8141858,-3.141519,2.365087,0.02180974,-2.222246,0.02136759,0.9075505,-0.1247327,0.4004217,14.09406,131.9381,356.3878,0.7200967,0.004788125,-0.6938568,0.0,0.0,0.0,3.66493,-0.5354885,-3.128025,0.2166481,-0.2071998,1.991002,-0.678412,-0.06110703,-0.7321362,0.1386757,0.9679704,-0.2092903,0.7214752,-0.2435145,-0.6482087,moving,-52.20182,27.97637,6.210128,-5.941277,-42.604304285600016,27.42164669526422,67.54526221113746,59.12641944902001,117.6182422989936
05/18/2023 18:40:56.799753,2277,True,True,True,True,Eyes,2.219019,0.01444213,-2.110863,0.7485811,-0.3112173,-0.5854659,0.0,0.0,0.0,0.0,0.0,0.0,0.0,0.01045597,-0.8193886,-3.148238,2.369542,0.02105799,-2.228842,0.02165538,0.909533,-0.1254525,0.3956546,14.20208,132.5398,356.4588,0.7205251,0.004781808,-0.693412,0.0,0.0,0.0,3.665975,-0.5417399,-3.141317,0.2124152,-0.2071998,1.991002,-0.6859769,-0.05987917,-0.7251552,0.1386643,0.9675854,-0.2110703,0.7142883,-0.2453425,-0.6554381,moving,-51.971,27.99386,6.089715,-5.941277,-42.38956948402005,27.44330214429002,67.25057731737321,58.86230668877929,117.90740989583811
05/18/2023 18:40:56.820047,2278,True,True,True,True,Eyes,2.225637,0.0144484,-2.116271,0.7455831,-0.3129939,-0.5883373,0.0,0.0,0.0,0.0,0.0,0.0,0.0,0.04292119,-0.8298048,-3.153112,2.373851,0.02068259,-2.235382,0.02263231,0.9114709,-0.1267134,0.3907078,14.39919,133.1626,356.5813,0.7209271,0.00477519,-0.6929942,0.0,0.0,0.0,3.667528,-0.5451466,-3.15497,0.2079792,-0.2071997,1.991002,-0.6936706,-0.05775842,-0.7179732,0.1402732,0.966863,-0.2133058,0.7065019,-0.2486763,-0.6625824,moving,-51.72314,28.01286,5.963466,-5.941276,-42.15898635204533,27.466761105677897,66.93749220956617,58.582142019810306,118.21422076375751
05/18/2023 18:40:56.839830,2279,True,True,True,True,Eyes,2.232154,0.01447651,-2.121754,0.7424381,-0.3148506,-0.591316,0.0,0.0,0.0,0.0,0.0,0.0,0.0,0.07860458,-0.8443227,-3.156511,2.378109,0.02059627,-2.242053,0.02341918,0.913456,-0.1287201,0.3853322,14.66746,133.8257,356.6569,0.721303,0.004768131,-0.6926029,0.0,0.0,0.0,3.669642,-0.549376,-3.16755,0.2036206,-0.2071999,1.991,-0.7019413,-0.0564152,-0.7099969,0.1419848,0.9657654,-0.2171119,0.6979389,-0.2532086,-0.6699005,moving,-51.46437,28.0334,5.839365,-5.941286,-41.91826719778451,27.49191132600325,66.6182957883855,58.297256509876476,118.52640982734253
05/18/2023 18:40:56.849700,2280,True,True,True,True,Eyes,2.238574,0.01452051,-2.127321,0.739098,-0.3164619,-0.594631,0.0,0.0,0.0,0.0,0.0,0.0,0.0,0.1156366,-0.8519115,-3.161597,2.382325,0.02118318,-2.249198,0.02391131,0.9156687,-0.1295452,0.3797333,14.79733,134.5314,356.7629,0.7216528,0.004761392,-0.6922385,0.0,0.0,0.0,3.671783,-0.5542053,-3.179891,0.199219,-0.2072,1.991001,-0.7104619,-0.05459556,-0.7016149,0.1421749,0.9652926,-0.219081,0.6892245,-0.2554007,-0.6780415,moving,-51.18207,28.02186,5.713982,-5.941287,-41.65500786132205,27.487572182730776,66.26202598268719,57.976804212899445,118.86442461889625
05/18/2023 18:40:56.869614,2281,True,True,True,True,Eyes,2.244889,0.01455985,-2.132977,0.7356037,-0.3176982,-0.5982935,0.0,0.0,0.0,0.0,0.0,0.0,0.0,0.1563052,-0.8368492,-3.172287,2.386477,0.02157795,-2.256637,0.02377357,0.9185784,-0.1268096,0.3735879,14.52084,135.3513,356.9757,0.7219751,0.004755476,-0.6919023,0.0,0.0,0.0,3.676583,-0.5561245,-3.190366,0.1948881,-0.2071997,1.991002,-0.7197341,-0.05107326,-0.6923689,0.1384248,0.9667083,-0.2152061,0.6803101,-0.2507321,-0.6887031,moving,-50.87728,27.96863,5.590556,-5.941275,-41.36999293844389,27.44472456032825,65.86727684998007,57.61873066323331,119.2268789419996
05/18/2023 18:40:56.889831,2282,True,True,True,True,Eyes,2.251111,0.01456698,-2.13871,0.7318694,-0.3186157,-0.6023714,0.0,0.0,0.0,0.0,0.0,0.0,0.0,0.2008269,-0.8132792,-3.184279,2.390597,0.02145289,-2.264062,0.02365716,0.9218363,-0.1227215,0.3668753,14.1001,136.2571,357.256,0.7222714,0.004750106,-0.6915919,0.0,0.0,0.0,3.680675,-0.5602438,-3.200605,0.1906437,-0.2071998,1.991001,-0.7296855,-0.04643091,-0.6822045,0.133663,0.9687595,-0.2088998,0.6705915,-0.2436167,-0.7006837,moving,-50.54362,27.87596,5.469547,-5.941278,-41.05732093865824,27.365620597752688,65.42996609596044,57.2197425228594,119.61818178549396
05/18/2023 18:40:56.899698,2283,True,True,True,True,Eyes,2.257266,0.01456575,-2.1445,0.7279004,-0.3193661,-0.6067671,0.0,0.0,0.0,0.0,0.0,0.0,0.0,0.2512456,-0.7878539,-3.195385,2.394624,0.02063455,-2.271492,0.02302308,0.9253218,-0.1187165,0.3593828,13.66533,137.247,357.4801,0.7225409,0.004744222,-0.6913095,0.0,0.0,0.0,3.681484,-0.5785945,-3.206945,0.1862919,-0.2071999,1.991001,-0.7406279,-0.04272185,-0.6705558,0.1279369,0.9707527,-0.2031538,0.6596229,-0.2362502,-0.7135009,moving,-50.18591,27.75965,5.345428,-5.941281,-40.72178622429989,27.264939320500996,64.95754190497824,56.78768611557607,120.03612936019238
05/18/2023 18:40:56.919736,2284,True,True,True,True,Eyes,2.263342,0.01454125,-2.150367,0.7236811,-0.3198708,-0.6115295,0.0,0.0,0.0,0.0,0.0,0.0,0.0,0.303466,-0.7704445,-3.203431,2.398682,0.02036993,-2.278936,0.02241026,0.9286385,-0.1160069,0.3516686,13.36884,138.2414,357.6454,0.7227843,0.004737615,-0.6910544,0.0,0.0,0.0,3.689187,-0.5756559,-3.216291,0.181972,-0.2071999,1.991001,-0.751654,-0.03996988,-0.6583455,0.123214,0.9720803,-0.1996949,0.6479465,-0.2312189,-0.7257434,moving,-49.80131,27.61257,5.22217,-5.941283,-40.3606057327393,27.136071807626585,64.4472218366006,56.31963107630255,120.48124321176832
05/18/2023 18:40:56.939812,2285,True,True,True,True,Eyes,2.269339,0.01447829,-2.156306,0.719337,-0.3203771,-0.6163707,0.0,0.0,0.0,0.0,0.0,0.0,0.0,0.358232,-0.7486415,-3.211532,2.402945,0.01974167,-2.286525,0.02081283,0.9320096,-0.1131079,0.3437032,13.01123,139.2531,357.7086,0.723002,0.004729617,-0.6908264,0.0,0.0,0.0,3.695556,-0.5790833,-3.223061,0.1778167,-0.2072004,1.990999,-0.7628701,-0.03895555,-0.6453773,0.1165466,0.9735469,-0.1965284,0.635961,-0.2251421,-0.7381498,moving,-49.40807,27.4645,5.103564,-5.941303,-39.9913557726402,27.00647541513948,63.93329269969414,55.84897395471099,120.92895129368146
05/18/2023 18:40:56.950059,2286,True,True,True,True,Eyes,2.275271,0.01438929,-2.162313,0.7147689,-0.3207821,-0.6214534,0.0,0.0,0.0,0.0,0.0,0.0,0.0,0.4111699,-0.7305375,-3.217836,2.407188,0.01871291,-2.29397,0.01919176,0.9350991,-0.1109504,0.3360235,12.73235,140.2151,357.7278,0.723194,0.004719153,-0.6906253,0.0,0.0,0.0,3.696179,-0.6018918,-3.226662,0.1731769,-0.2072001,1.991,-0.7734402,-0.03867151,-0.632689,0.1104563,0.9746434,-0.1946015,0.6241717,-0.220397,-0.7495568,moving,-48.99479,27.3019,4.971068,-5.941292,-39.60315432968299,26.863737195474226,63.38314952749689,55.34465861139561,121.40795924422844
05/18/2023 18:40:56.969506,2287,True,True,True,True,Eyes,2.281156,0.0142873,-2.168388,0.7101138,-0.3212727,-0.626516,0.0,0.0,0.0,0.0,0.0,0.0,0.0,0.4610554,-0.719907,-3.22215,2.411606,0.01797858,-2.301503,0.01781093,0.9378167,-0.1099119,0.3287891,12.58376,141.108,357.7176,0.723361,0.004705656,-0.6904504,0.0,0.0,0.0,3.704929,-0.6001408,-3.233491,0.1689882,-0.2071998,1.991001,-0.7831613,-0.03886895,-0.6206031,0.1056825,0.9752042,-0.1944424,0.6127725,-0.2178666,-0.7596345,moving,-48.57883,27.14841,4.85141,-5.941281,-39.21263059653682,26.7295876179321,62.846783505069546,54.854583490747835,121.87512819634432
05/18/2023 18:40:56.989459,2288,True,True,True,True,Eyes,2.286984,0.01411514,-2.174544,0.7053196,-0.3214422,-0.6318222,0.0,0.0,0.0,0.0,0.0,0.0,0.0,0.5086789,-0.7025204,-3.227806,2.416238,0.01753831,-2.309222,0.01563154,0.9404351,-0.1080833,0.321956,12.31909,141.9484,357.642,0.7235035,0.004689038,-0.6903011,0.0,0.0,0.0,3.714511,-0.5954573,-3.239591,0.1647706,-0.2072,1.991001,-0.7922,-0.04019524,-0.6089365,0.09899703,0.9761473,-0.1932252,0.6021785,-0.2133559,-0.7693247,moving,-48.14616,26.96491,4.730886,-5.941286,-38.80596106173734,26.567730140756485,62.28001066856469,54.33500881123581,122.36349046683787
05/18/2023 18:40:57.009843,2289,True,True,True,True,Eyes,2.292746,0.01386967,-2.180744,0.7003665,-0.3219642,-0.6370445,0.0,0.0,0.0,0.0,0.0,0.0,0.0,0.5539581,-0.6716641,-3.235984,2.420743,0.01561561,-2.317186,0.0130512,0.9430981,-0.1044259,0.3154219,11.84126,142.7641,357.5839,0.7236221,0.004667409,-0.6901771,0.0,0.0,0.0,3.719439,-0.606218,-3.242737,0.1603425,-0.2071999,1.991,-0.8006773,-0.04125929,-0.5976734,0.09049354,0.9778498,-0.1887344,0.5922218,-0.2052009,-0.7792084,moving,-47.71074,26.81217,4.604299,-5.941285,-38.39731953534877,26.43472808937929,61.72237940981007,53.82699527396369,122.85117693422718
05/18/2023 18:40:57.024831,2290,True,True,True,True,Eyes,2.298468,0.01365956,-2.187009,0.6951614,-0.3227487,-0.642327,0.0,0.0,0.0,0.0,0.0,0.0,0.0,0.6016119,-0.6699889,-3.236127,2.424964,0.01365629,-2.324371,0.01230604,0.9453509,-0.1048862,0.3084787,11.88224,143.6032,357.5728,0.7237176,0.004638991,-0.6900774,0.0,0.0,0.0,3.738151,-0.5840848,-3.248303,0.1561944,-0.2071999,1.991001,-0.8093789,-0.04144326,-0.5858227,0.08797736,0.9776949,-0.1907162,0.5806598,-0.2059008,-0.7876796,moving,-47.26217,26.67806,4.48568,-5.941283,-37.97678283188144,26.31946543404169,61.17075704431121,53.32744733505848,123.33657237107259
05/18/2023 18:40:57.039615,2291,True,True,True,True,Eyes,2.304153,0.01342304,-2.193347,0.6899392,-0.3235172,-0.6475497,0.0,0.0,0.0,0.0,0.0,0.0,0.0,0.6520288,-0.6897196,-3.231465,2.42983,0.01434399,-2.332154,0.01100631,0.9472322,-0.1088891,0.3012861,12.29344,144.4286,357.3742,0.7237905,0.004605623,-0.6900014,0.0,0.0,0.0,3.738316,-0.6209034,-3.23998,0.1516737,-0.2071998,1.991001,-0.8182111,-0.04476248,-0.5731726,0.08646461,0.9760441,-0.1996544,0.5683788,-0.2129186,-0.7947397,moving,-46.81529,26.54681,4.356358,-5.941278,-37.55787570598144,26.20684115261168,60.613640551707896,52.823333406839716,123.82868591079699
05/18/2023 18:40:57.049651,2292,True,True,True,True,Eyes,2.309786,0.01318257,-2.199733,0.6846091,-0.3242393,-0.6528241,0.0,0.0,0.0,0.0,0.0,0.0,0.0,0.6927017,-0.6598983,-3.238683,2.434819,0.01346457,-2.340053,0.00785068,0.9494413,-0.1056149,0.295542,11.84067,145.1307,357.217,0.7238417,0.004567009,-0.6899483,0.0,0.0,0.0,3.745027,-0.6292369,-3.244724,0.1473431,-0.2071997,1.991001,-0.8251864,-0.04751978,-0.5628579,0.07733483,0.9775677,-0.1959099,0.5595413,-0.2051907,-0.8030007,moving,-46.36142,26.4123,4.232431,-5.941276,-37.13239295979419,26.091325416102126,60.05407262624223,52.31764725890903,124.3216609359254
05/18/2023 18:40:57.069760,2293,True,True,True,True,Eyes,2.315393,0.01305633,-2.206192,0.6791429,-0.3254336,-0.6579193,0.0,0.0,0.0,0.0,0.0,0.0,0.0,0.728117,-0.6560196,-3.240442,2.439252,0.01312473,-2.347522,0.007066159,0.9510595,-0.1054141,0.2903854,11.80691,145.7528,357.2021,0.7238716,0.004523595,-0.6899173,0.0,0.0,0.0,3.759459,-0.6211583,-3.244301,0.1427494,-0.2071998,1.991002,-0.8312528,-0.04778075,-0.5538372,0.0746621,0.9776759,-0.1964064,0.5508578,-0.204614,-0.8091284,moving,-45.9094,26.31887,4.100934,-5.941277,-36.70942241950794,26.01421968963724,59.51260867457555,51.83279810861738,124.80737446743332
05/18/2023 18:40:57.090173,2294,True,True,True,True,Eyes,2.455067,0.009797141,-2.369878,0.5298494,-0.3419754,-0.7760879,0.0,0.0,0.0,0.0,0.0,0.0,0.0,0.7713531,-0.6806529,-3.235147,2.444395,0.01584429,-2.355659,0.006471825,0.9524605,-0.1095356,0.2842165,12.25925,146.4549,357.0709,0.7238812,0.004479475,-0.6899078,0.0,0.0,0.0,3.757108,-0.6479537,-3.245728,0.1386341,-0.2072001,1.991,-0.8383582,-0.04993531,-0.5428277,0.07459194,0.9759201,-0.2049778,0.5399922,-0.2123354,-0.814446,moving,-34.32207,23.78021,3.9831,-5.941291,-25.864005760902096,23.90321186545904,48.48354020099915,42.20834127976208,134.27906306991304
05/18/2023 18:40:57.109740,2295,True,True,True,True,Eyes,2.455204,0.009609014,-2.370177,0.5295985,-0.3418266,-0.7763247,0.0,0.0,0.0,0.0,0.0,0.0,0.0,0.8036287,-0.6562048,-3.242477,2.449522,0.01555991,-2.36425,0.004521091,0.9541999,-0.1064071,0.2795704,11.86435,147.0303,357.0205,0.7233093,0.004282702,-0.6905089,0.4190197,-0.009777574,-0.4910567,3.767929,-0.6421368,-3.249774,0.1342836,-0.2072,1.991,-0.84364,-0.0508685,-0.5344942,0.0681246,0.9773142,-0.2005394,0.5325699,-0.2055952,-0.821036,moving,-34.30129,23.76456,3.858487,-5.941287,-25.84434327454781,23.88903861874016,48.35913488346476,42.09639477245836,134.4007590232407
05/18/2023 18:40:57.119859,2296,True,True,True,True,Eyes,2.455492,0.009498086,-2.370765,0.5287625,-0.3425533,-0.7765741,0.0,0.0,0.0,0.0,0.0,0.0,0.0,0.8287433,-0.6332335,-3.248733,2.452986,0.01052417,-2.371669,0.004923122,0.9557158,-0.1030134,0.275629,11.51456,147.5453,357.2287,0.7228355,0.004112055,-0.691006,0.3938785,-0.00919092,-0.4615933,3.784528,-0.6090604,-3.261754,0.1301532,-0.2071999,1.991001,-0.848009,-0.04737676,-0.5278603,0.06619718,0.978728,-0.1941892,0.5258318,-0.199617,-0.826834,moving,-34.2506,23.80267,3.740144,-5.941282,-25.797843434613128,23.925871403417805,48.249345179513476,42.006422772126825,134.51412319811803
05/18/2023 18:40:57.139637,2297,True,True,True,True,Eyes,2.455978,0.00967232,-2.371729,0.5276648,-0.3426814,-0.777264,0.0,0.0,0.0,0.0,0.0,0.0,0.0,0.8772476,-0.7068673,-3.229339,2.456995,0.01232281,-2.379259,0.007428019,0.9564896,-0.1140317,0.2684575,12.83408,148.3335,357.2361,0.722439,0.003964474,-0.6914215,0.3702458,-0.008639464,-0.4338977,3.790957,-0.6024668,-3.271141,0.125683,-0.2071997,1.991002,-0.8557511,-0.04701566,-0.5152477,0.07543496,0.9738832,-0.214152,0.5118596,-0.2221284,-0.8298549,moving,-34.17159,23.7918,3.612031,-5.941275,-25.724015891167674,23.91750547251923,48.07970221233973,41.85869585291549,134.67654115356217
05/18/2023 18:40:57.149519,2298,True,True,True,True,Eyes,2.456632,0.009993679,-2.37305,0.5264004,-0.3419166,-0.7784573,0.0,0.0,0.0,0.0,0.0,0.0,0.0,0.9238995,-0.7119502,-3.226685,2.462534,0.01966441,-2.389038,0.005209143,0.9582174,-0.1149843,0.2618604,12.89047,149.0972,357.0459,0.7221043,0.003844677,-0.6917719,0.3480311,-0.008121097,-0.4078638,3.795141,-0.6000777,-3.28128,0.1212229,-0.2071997,1.991002,-0.8628042,-0.05023668,-0.5030364,0.07020264,0.973503,-0.2176318,0.5006405,-0.223088,-0.8364156,moving,-34.06694,23.7122,3.484175,-5.941276,-25.62497872390436,23.84539276001608,47.847830427573214,41.6483909213887,134.88721905537233
05/18/2023 18:40:57.169589,2299,True,True,True,True,Eyes,2.457392,0.01016249,-2.374649,0.5248401,-0.3402561,-0.7802362,0.0,0.0,0.0,0.0,0.0,0.0,0.0,0.9609064,-0.6354339,-3.242659,2.467283,0.02345379,-2.398733,0.0006125327,0.9609408,-0.103871,0.2565211,11.53357,149.7991,356.9512,0.7218145,0.003752074,-0.6920737,0.3271492,-0.007633831,-0.383392,3.801449,-0.5897932,-3.292431,0.1171044,-0.2071997,1.991001,-0.8683932,-0.05211297,-0.4931304,0.0544674,0.9784209,-0.1993135,0.4928759,-0.199942,-0.8468155,moving,-33.92747,23.56171,3.366077,-5.941277,-25.492136854572827,23.707721586337264,47.5524435730003,41.374625364453614,135.1462947774334
05/18/2023 18:40:57.189717,2300,True,True,True,True,Eyes,2.458265,0.010395,-2.376495,0.5226834,-0.3392897,-0.7821027,0.0,0.0,0.0,0.0,0.0,0.0,0.0,1.003641,-0.5992352,-3.24517,2.470702,0.01986083,-2.40681,0.00117301,0.9632939,-0.09802448,0.2499099,10.92005,150.6517,357.2719,0.7215437,0.003674251,-0.6923557,0.3075203,-0.007175801,-0.3603885,3.80709,-0.5830233,-3.302564,0.1128867,-0.2072,1.991,-0.8750877,-0.04673466,-0.4817033,0.05125448,0.9807796,-0.1882664,0.4812433,-0.189439,-0.8558728,moving,-33.75502,23.45204,3.24511,-5.941286,-25.32934875291948,23.609014418881586,47.25438850899645,41.10620327722386,135.41209294145258
05/18/2023 18:40:57.199955,2301,True,True,True,True,Eyes,2.459284,0.0108081,-2.378642,0.5202314,-0.3380351,-0.7842776,0.0,0.0,0.0,0.0,0.0,0.0,0.0,1.056982,-0.6551391,-3.226006,2.474448,0.0217558,-2.414572,0.004874624,0.9645842,-0.1052618,0.2418133,11.85439,151.6005,357.5695,0.7212853,0.003610845,-0.6926246,0.2890691,-0.006745253,-0.3387652,3.809684,-0.5849282,-3.31164,0.1084299,-0.2072001,1.991,-0.8830054,-0.04150342,-0.4675248,0.06031136,0.9777924,-0.2007102,0.4654723,-0.2054252,-0.8608928,moving,-33.55733,23.31675,3.117251,-5.941291,-25.142551132266348,23.48690382805972,46.915433011784536,40.79993955134108,135.71258074934238
05/18/2023 18:40:57.219639,2302,True,True,True,True,Eyes,2.460395,0.01127382,-2.381067,0.5176323,-0.3360983,-0.7868258,0.0,0.0,0.0,0.0,0.0,0.0,0.0,1.100706,-0.654667,-3.222036,2.479038,0.02647552,-2.423906,0.005369985,0.9663255,-0.1041127,0.2352594,11.75576,152.4015,357.7399,0.7210358,0.003565655,-0.6928841,0.2717249,-0.006340538,-0.3184393,3.80965,-0.5920991,-3.321366,0.10423,-0.2071999,1.991,-0.8892486,-0.03860868,-0.4557925,0.05936529,0.9782634,-0.1986868,0.4535561,-0.2037402,-0.8676274,moving,-33.33988,23.1301,2.996731,-5.941284,-24.93635605582068,23.31717079112572,46.53487580987809,40.45138476285335,136.04474117884055
05/18/2023 18:40:57.239762,2303,True,True,True,True,Eyes,2.460395,0.01127382,-2.381067,0.5176323,-0.3360983,-0.7868258,0.0,0.0,0.0,0.0,0.0,0.0,0.0,1.13102,-0.5948263,-3.232472,2.482407,0.02805519,-2.432852,0.004268587,0.968484,-0.09416664,0.2305497,10.62417,153.0291,357.9504,0.7207914,0.003538357,-0.6931381,0.2554214,-0.005960105,-0.2993329,3.808496,-0.6000721,-3.330878,0.09939039,-0.2072,1.991,-0.8936573,-0.03515206,-0.4473712,0.05168829,0.9822288,-0.1804295,0.4457634,-0.184366,-0.875959,moving,-33.33988,23.1301,2.857824,-5.941289,-24.93635605582068,23.31717079112572,46.426494949122926,40.35559334620544,136.15531747135566
05/18/2023 18:40:57.249706,2304,True,True,True,True,Eyes,2.460395,0.01127382,-2.381067,0.5176323,-0.3360983,-0.7868258,0.0,0.0,0.0,0.0,0.0,0.0,0.0,1.17084,-0.5878273,-3.228299,2.485895,0.02840522,-2.440869,0.003874883,0.9699789,-0.09321619,0.2245811,10.51984,153.7435,357.9977,0.7205715,0.003513789,-0.6933666,0.2400961,-0.005602499,-0.2813729,3.802219,-0.6190984,-3.340284,0.0953421,-0.2071999,1.991,-0.8990965,-0.03435208,-0.4364003,0.0493863,0.9825914,-0.179095,0.4349555,-0.1825759,-0.881748,moving,-33.33988,23.1301,2.741602,-5.941283,-24.93635605582068,23.31717079112572,46.335932631695385,40.27563134684803,136.24774108514382
05/18/2023 18:40:57.269638,2305,True,True,True,True,Eyes,2.460395,0.01127382,-2.381067,0.5176323,-0.3360983,-0.7868258,0.0,0.0,0.0,0.0,0.0,0.0,0.0,1.207587,-0.5802546,-3.225559,2.489654,0.03078923,-2.449463,0.001546125,0.9712232,-0.0930282,0.2192464,10.45017,154.3568,357.7978,0.7203735,0.003491678,-0.6935723,0.2256903,-0.005266349,-0.2644905,3.791661,-0.6483818,-3.34789,0.09112716,-0.2071997,1.991001,-0.903857,-0.03778894,-0.4261621,0.04379547,0.9826868,-0.1800243,0.4255867,-0.1813803,-0.8865534,moving,-33.33988,23.1301,2.620572,-5.941277,-24.93635605582068,23.31717079112572,46.241745952336544,40.1925496954312,136.34389909289249
05/18/2023 18:40:57.289811,2306,True,True,True,True,Eyes,2.460395,0.01127382,-2.381067,0.5176323,-0.3360983,-0.7868258,0.0,0.0,0.0,0.0,0.0,0.0,0.0,1.238938,-0.518027,-3.234316,2.493366,0.03219835,-2.458904,-0.003259057,0.972956,-0.08516335,0.2146935,9.457791,154.9066,357.5068,0.7201954,0.003471778,-0.6937574,0.2121489,-0.004950368,-0.2486211,3.781451,-0.6730238,-3.356577,0.08679187,-0.2072,1.991,-0.9077921,-0.04290987,-0.4172195,0.03022619,0.9854732,-0.1671198,0.4183297,-0.164321,-0.8933077,moving,-33.33988,23.1301,2.496063,-5.941288,-24.93635605582068,23.31717079112572,46.14499334647035,40.10729392624433,136.44270724783624
05/18/2023 18:40:57.299829,2307,True,True,True,True,Eyes,2.460395,0.01127382,-2.381067,0.5176323,-0.3360983,-0.7868258,0.0,0.0,0.0,0.0,0.0,0.0,0.0,1.273034,-0.4665498,-3.237315,2.495915,0.02920514,-2.467397,-0.007797528,0.9744951,-0.07986005,0.2095737,8.764767,155.5094,357.1773,0.7200351,0.003453868,-0.693924,0.19942,-0.004653346,-0.2337038,3.775106,-0.682072,-3.369375,0.08247548,-0.2072,1.991,-0.9120362,-0.04867043,-0.4072115,0.01827582,0.9871231,-0.1589147,0.4097024,-0.1523781,-0.8994026,moving,-33.33988,23.1301,2.372073,-5.941289,-24.93635605582068,23.31717079112572,46.048770292631374,40.022590706321246,136.54100910310487
05/18/2023 18:40:57.324948,2308,True,True,True,True,Eyes,2.462356,0.01189715,-2.385524,0.5135855,-0.3333585,-0.7906339,0.0,0.0,0.0,0.0,0.0,0.0,0.0,1.319567,-0.4474264,-3.23106,2.49931,0.02906805,-2.47665,-0.01158793,0.9759588,-0.07928809,0.2026912,8.630766,156.2951,356.8249,0.7198908,0.003437748,-0.6940739,0.1874548,-0.004374145,-0.2196816,3.769008,-0.6887204,-3.383267,0.07817286,-0.2072,1.990999,-0.917564,-0.05476067,-0.3937988,0.00952331,0.9871583,-0.1594613,0.397474,-0.1500663,-0.9052594,moving,-33.00723,22.86196,2.248456,-5.94129,-24.621257394966666,23.07379745536265,45.52571367802042,39.54562931563985,136.99273623499818
05/18/2023 18:40:57.339872,2309,True,True,True,True,Eyes,2.462356,0.01189715,-2.385524,0.5135855,-0.3333585,-0.7906339,0.0,0.0,0.0,0.0,0.0,0.0,0.0,1.366557,-0.424813,-3.224026,2.502308,0.02911974,-2.485939,-0.01427263,0.9775254,-0.07741187,0.1955712,8.381376,157.1256,356.6284,0.7197236,0.003440989,-0.6942474,0.1762075,-0.004111697,-0.2065007,3.764142,-0.6884126,-3.399582,0.07372594,-0.2071998,1.991,-0.9230967,-0.05818277,-0.3801419,0.002375358,0.9876074,-0.1569268,0.3845614,-0.1457615,-0.9115189,moving,-33.00723,22.86196,2.120671,-5.941281,-24.621257394966666,23.07379745536265,45.426821601008825,39.45890915943286,137.0937821809066
05/18/2023 18:40:57.349726,2310,True,True,True,True,Eyes,2.462356,0.01189715,-2.385524,0.5135855,-0.3333585,-0.7906339,0.0,0.0,0.0,0.0,0.0,0.0,0.0,1.413831,-0.4173814,-3.21357,2.504914,0.02839066,-2.494946,-0.014204,0.9790397,-0.07646456,0.1882355,8.301165,157.9956,356.721,0.7195731,0.003443906,-0.6944035,0.1656351,-0.003864995,-0.1941107,3.763345,-0.6764372,-3.418663,0.06935823,-0.2071998,1.991001,-0.9287312,-0.05659926,-0.3664079,0.0009741305,0.9879028,-0.1550711,0.3707523,-0.1443763,-0.9174411,moving,-33.00723,22.86196,1.995141,-5.941279,-24.621257394966666,23.07379745536265,45.32981968321473,39.37394221093596,137.1929320223322
05/18/2023 18:40:57.369614,2311,True,True,True,True,Eyes,2.464502,0.01241304,-2.390899,0.5085559,-0.3314289,-0.794686,0.0,0.0,0.0,0.0,0.0,0.0,0.0,1.463548,-0.4258929,-3.199079,2.507203,0.0275233,-2.504124,-0.01290381,0.9804452,-0.0774683,0.1804421,8.467597,158.9153,356.9133,0.7194377,0.003446531,-0.694544,0.155697,-0.003633095,-0.182464,3.762491,-0.6636411,-3.437515,0.06504619,-0.2071999,1.991001,-0.9345484,-0.05326004,-0.3518279,0.002654129,0.9876643,-0.1565636,0.3558264,-0.1472501,-0.9228787,moving,-32.61704,22.63889,1.871194,-5.941284,-24.253409870840223,22.873928532919223,44.79134548446867,38.8948762785746,137.66296351763629
05/18/2023 18:40:57.389530,2312,True,True,True,True,Eyes,2.466622,0.01287358,-2.396423,0.5031153,-0.3298218,-0.7988069,0.0,0.0,0.0,0.0,0.0,0.0,0.0,1.515327,-0.440317,-3.18152,2.509146,0.02716217,-2.513088,-0.01155575,0.9817739,-0.07939623,0.1722872,8.738004,159.8717,357.0975,0.7192678,0.003463384,-0.6947199,0.1463551,-0.003415109,-0.1715162,3.757584,-0.6640025,-3.454091,0.06063777,-0.2072,1.991001,-0.9403674,-0.05004817,-0.3364592,0.004667637,0.9871254,-0.1598801,0.3401291,-0.1519165,-0.9280269,moving,-32.2041,22.43539,1.744457,-5.941285,-23.864740246621334,22.69289865388495,44.24635811496663,38.41545856996594,138.14143900695032
05/18/2023 18:40:57.399783,2313,True,True,True,True,Eyes,2.466622,0.01287358,-2.396423,0.5031153,-0.3298218,-0.7988069,0.0,0.0,0.0,0.0,0.0,0.0,0.0,1.567159,-0.457771,-3.162276,2.510789,0.02635868,-2.522057,-0.01020004,0.9829915,-0.08192164,0.1640506,9.073996,160.8344,357.2759,0.7190644,0.003491378,-0.69493,0.1375738,-0.003210203,-0.1612252,3.751285,-0.6667646,-3.470594,0.056301,-0.2071999,1.991,-0.9459668,-0.0469317,-0.3208495,0.006825476,0.9863696,-0.1644032,0.3241919,-0.1577099,-0.9327525,moving,-32.2041,22.43539,1.619764,-5.941286,-23.864740246621334,22.69289865388495,44.1507589594955,38.3324469280118,138.23912765700305
05/18/2023 18:40:57.424690,2314,True,True,True,True,Eyes,2.466622,0.01287358,-2.396423,0.5031153,-0.3298218,-0.7988069,0.0,0.0,0.0,0.0,0.0,0.0,0.0,1.618567,-0.488385,-3.139673,2.512191,0.02583357,-2.530623,-0.008631761,0.9839436,-0.08655285,0.1558498,9.650385,161.7832,357.444,0.7188814,0.003516573,-0.6951192,0.1293194,-0.003017591,-0.1515517,3.746222,-0.6657425,-3.487705,0.05212939,-0.2072,1.991,-0.9512727,-0.04396482,-0.3052006,0.009992152,0.9848682,-0.1730167,0.308189,-0.1676357,-0.936439,moving,-32.2041,22.43539,1.499805,-5.941288,-23.864740246621334,22.69289865388495,44.05892720623948,38.252801216347855,138.33299826737488
05/18/2023 18:40:57.439933,2315,True,True,True,True,Eyes,2.468741,0.01330928,-2.402787,0.496752,-0.3295683,-0.8028836,0.0,0.0,0.0,0.0,0.0,0.0,0.0,1.66897,-0.5221364,-3.115789,2.513549,0.02629862,-2.539213,-0.008000051,0.9846672,-0.09225383,0.1478368,10.32976,162.6963,357.493,0.7187166,0.003539248,-0.6952894,0.1215602,-0.002836535,-0.1424586,3.740345,-0.6665154,-3.5045,0.04785454,-0.2071999,1.991,-0.956161,-0.04303179,-0.2896639,0.01152223,0.9828505,-0.184044,0.2926161,-0.1793132,-0.9392674,moving,-31.74549,22.31721,1.376863,-5.941284,-23.43515434142575,22.592776899725795,43.53886483826427,37.81307757880166,138.79584151824372
05/18/2023 18:40:57.449749,2316,True,True,True,True,Eyes,2.470816,0.01371227,-2.409233,0.4901379,-0.3295638,-0.8069403,0.0,0.0,0.0,0.0,0.0,0.0,0.0,1.716727,-0.5404589,-3.094812,2.514822,0.02650812,-2.547954,-0.008571674,0.9853988,-0.09617941,0.1402331,10.78628,163.5594,357.4405,0.7185058,0.003571656,-0.6955069,0.1142666,-0.002666343,-0.1339111,3.733141,-0.6705055,-3.521607,0.04346842,-0.2071999,1.991001,-0.9605224,-0.04386811,-0.2747222,0.01008204,0.9813521,-0.1919542,0.2780199,-0.1871461,-0.9421685,moving,-31.27462,22.21568,1.250708,-5.941282,-22.994464530293754,22.50852081533467,43.01989621764595,37.37940169739392,139.25929260781777
05/18/2023 18:40:57.469621,2317,True,True,True,True,Eyes,2.472823,0.01410824,-2.415778,0.4837431,-0.3297005,-0.8107344,0.0,0.0,0.0,0.0,0.0,0.0,0.0,1.762127,-0.5507194,-3.075239,2.515951,0.02617434,-2.556322,-0.009766243,0.9860846,-0.09926672,0.1329948,11.13802,164.3774,357.3324,0.7182519,0.00361183,-0.6957685,0.1074106,-0.002506363,-0.1258764,3.724275,-0.6770271,-3.538495,0.03914893,-0.2072,1.991,-0.964434,-0.04566461,-0.2603494,0.007143233,0.9801015,-0.1983685,0.2642273,-0.1931731,-0.944917,moving,-30.82337,22.13005,1.126459,-5.941285,-22.57236115385821,22.43869854264168,42.5298885704097,36.97374125735085,139.69801051451648
05/18/2023 18:40:57.489400,2318,True,True,True,True,Eyes,2.522083,0.02394571,-2.582037,0.3106961,-0.3268608,-0.8925413,0.0,0.0,0.0,0.0,0.0,0.0,0.0,1.806331,-0.5601258,-3.056054,2.517149,0.02650101,-2.565012,-0.01130128,0.9866768,-0.1023607,0.1259509,11.48708,165.1679,357.1874,0.7179571,0.00365875,-0.6960718,0.100966,-0.002355981,-0.1183238,3.713875,-0.6856106,-3.55553,0.03477585,-0.2072,1.991,-0.9680176,-0.04808626,-0.246232,0.003483409,0.9787892,-0.2048406,0.2508593,-0.199147,-0.9473177,moving,-19.19315,20.11342,1.000657,-5.941288,-11.697000177729146,20.81731151768167,32.96418738750454,29.618459547228486,148.03679272771606
05/18/2023 18:40:57.499731,2319,True,True,True,True,Eyes,2.522121,0.02392529,-2.582411,0.3106585,-0.3264612,-0.8927006,0.0,0.0,0.0,0.0,0.0,0.0,0.0,1.847923,-0.5494476,-3.041762,2.518336,0.02682667,-2.574158,-0.01329381,0.9874975,-0.1022328,0.1192488,11.46321,165.9314,357.0383,0.7154982,0.00403052,-0.6985976,0.2426884,0.02729778,-0.610003,3.703444,-0.6889934,-3.575184,0.03049898,-0.2072,1.991,-0.9712059,-0.05063748,-0.2327977,-0.001872925,0.9787435,-0.2050797,0.238234,-0.1987387,-0.9506563,moving,-19.18782,20.0875,0.8776124,-5.941287,-11.69153638388918,20.793171482506537,32.86516894966978,29.541746250084955,148.1336479969044
05/18/2023 18:40:57.522419,2320,True,True,True,True,Eyes,2.522178,0.02387308,-2.583136,0.310175,-0.3259943,-0.8930392,0.0,0.0,0.0,0.0,0.0,0.0,0.0,1.885358,-0.531101,-3.030585,2.519153,0.02618191,-2.583459,-0.01428921,0.9884348,-0.1001091,0.1130075,11.22562,166.6632,357.0269,0.7134486,0.004341348,-0.7006891,0.2281271,0.02565992,-0.5734028,3.693447,-0.679269,-3.601384,0.02618396,-0.2072,1.991001,-0.9740505,-0.05087405,-0.2205401,-0.005621765,0.979548,-0.2011321,0.226262,-0.194673,-0.9544152,moving,-19.1534,20.05407,0.7534623,-5.941285,-11.658823347794817,20.76266777570981,32.742047098603756,29.447681213463873,148.25181411036826
05/18/2023 18:40:57.539898,2321,True,True,True,True,Eyes,2.522228,0.02381471,-2.584218,0.3093898,-0.3249944,-0.8936759,0.0,0.0,0.0,0.0,0.0,0.0,0.0,1.921567,-0.520197,-3.017995,2.519749,0.02534874,-2.592592,-0.01461559,0.9892399,-0.0988196,0.1068907,11.09218,167.382,357.0769,0.7117334,0.004600676,-0.7024301,0.2144395,0.02412032,-0.5389987,3.682192,-0.6653241,-3.630666,0.02173322,-0.2072001,1.991,-0.9767219,-0.05004244,-0.2085925,-0.007790845,0.9800422,-0.1986371,0.2143698,-0.192388,-0.9576184,moving,-19.09581,19.98432,0.6254005,-5.941288,-11.6038241885401,20.69869767082597,32.57396650325186,29.312843141268498,148.4108619258068
05/18/2023 18:40:57.549763,2322,True,True,True,True,Eyes,2.522284,0.02374259,-2.585643,0.308237,-0.3239495,-0.8944532,0.0,0.0,0.0,0.0,0.0,0.0,0.0,1.955891,-0.5169991,-3.005004,2.520197,0.02509048,-2.602079,-0.01493415,0.9898532,-0.09876147,0.1010643,11.09872,168.0594,357.107,0.7102889,0.004816955,-0.7038895,0.2015731,0.0226731,-0.5066587,3.668475,-0.6516264,-3.661702,0.01748449,-0.2072,1.991,-0.9791263,-0.04952775,-0.1971278,-0.00960271,0.9800463,-0.1985373,0.2030275,-0.1925001,-0.9600646,moving,-19.01443,19.90917,0.503145,-5.941288,-11.526554649294908,20.63021759719154,32.39107767102523,29.167766170103384,148.5825445598273
05/18/2023 18:40:57.569464,2323,True,True,True,True,Eyes,2.522311,0.02365025,-2.5874,0.3067927,-0.3224479,-0.8954918,0.0,0.0,0.0,0.0,0.0,0.0,0.0,1.988889,-0.5038099,-2.99416,2.52047,0.02466761,-2.611727,-0.01610565,0.9905062,-0.09761517,0.09544356,10.97044,168.7087,357.0491,0.7090623,0.004997015,-0.7051241,0.1894787,0.02131272,-0.4762592,3.653232,-0.6419325,-3.691258,0.01327986,-0.2071996,1.991001,-0.9812626,-0.05053897,-0.1859306,-0.01327201,0.9804237,-0.1964512,0.1922192,-0.1903025,-0.962724,moving,-18.9113,19.80289,0.3821537,-5.941274,-11.428421706367294,20.53309664457543,32.171405560418705,28.989342739286883,148.78750760963595
05/18/2023 18:40:57.589571,2324,True,True,True,True,Eyes,2.522331,0.02353524,-2.589463,0.3050492,-0.3211347,-0.8965587,0.0,0.0,0.0,0.0,0.0,0.0,0.0,2.021503,-0.4966494,-2.981735,2.520311,0.02403831,-2.621322,-0.0171401,0.9910275,-0.09748566,0.0898183,10.96112,169.3542,356.994,0.7079666,0.005151869,-0.7062235,0.17811,0.02003395,-0.4476837,3.638232,-0.6305806,-3.721184,0.008866072,-0.2071996,1.991002,-0.983278,-0.05148461,-0.174683,-0.01646062,0.9804056,-0.1963009,0.1813667,-0.1901429,-0.9648586,moving,-18.79059,19.70681,0.2551404,-5.941269,-11.314104063510788,20.445925720124787,31.94626430210151,28.812002059111695,148.99729630026258
05/18/2023 18:40:57.609582,2325,True,True,True,True,Eyes,2.522314,0.02339301,-2.591826,0.3030112,-0.3196667,-0.8977736,0.0,0.0,0.0,0.0,0.0,0.0,0.0,2.051784,-0.4967169,-2.969202,2.520215,0.02340739,-2.630716,-0.01906011,0.9912596,-0.09934349,0.0846889,11.17008,169.9214,356.8088,0.7069511,0.005287771,-0.7072393,0.1674234,0.01883191,-0.4208227,3.623512,-0.6222196,-3.748894,0.004545927,-0.2071996,1.991003,-0.9849293,-0.05461361,-0.1641104,-0.02096044,0.9795351,-0.2001787,0.1716844,-0.193722,-0.9659176,moving,-18.65026,19.59909,0.1308195,-5.941269,-11.181281746927109,20.348308497682435,31.70234825741149,28.620019560220094,149.22379885879744
05/18/2023 18:40:57.624938,2326,True,True,True,True,Eyes,2.522288,0.02323774,-2.594453,0.3006926,-0.3184867,-0.8989717,0.0,0.0,0.0,0.0,0.0,0.0,0.0,2.085571,-0.4931142,-2.954388,2.519926,0.02264696,-2.640195,-0.02143368,0.9915144,-0.1010241,0.07895579,11.35861,170.5541,356.5818,0.7060037,0.005405812,-0.7081845,0.157378,0.017702,-0.3955733,3.609511,-0.6178675,-3.773829,0.0002915859,-0.2071997,1.991003,-0.9866132,-0.0584565,-0.152241,-0.02655074,0.9786694,-0.2037184,0.1609022,-0.1969491,-0.9671203,moving,-18.49432,19.50816,0.008391069,-5.941272,-11.034236791599945,20.266764681837405,31.464645334494385,28.439423636639212,149.44402009429515
05/18/2023 18:40:57.639735,2327,True,True,True,True,Eyes,2.522259,0.0230472,-2.597349,0.2981532,-0.3171752,-0.9002803,0.0,0.0,0.0,0.0,0.0,0.0,0.0,2.117939,-0.4961708,-2.938675,2.519765,0.02223174,-2.649142,-0.02440931,0.9915151,-0.1043558,0.07356551,11.73288,171.1297,356.2663,0.7051134,0.005507459,-0.7090704,0.1479353,0.01663988,-0.3718389,3.597977,-0.6093432,-3.798366,-0.004181981,-0.2071998,1.991002,-0.9879847,-0.06375837,-0.1407881,-0.03305043,0.9770281,-0.210532,0.1509771,-0.2033492,-0.967396,moving,-18.32375,19.40773,-0.1203462,-5.941278,-10.873377752789796,20.1766634488052,31.207949572022805,28.244903134875674,149.68176223092723
05/18/2023 18:40:57.649561,2328,True,True,True,True,Eyes,2.522224,0.02280764,-2.600489,0.295392,-0.3159778,-0.9016106,0.0,0.0,0.0,0.0,0.0,0.0,0.0,2.146341,-0.4879328,-2.927684,2.519532,0.02120198,-2.658514,-0.02682658,0.9917058,-0.1052646,0.06869682,11.8352,171.6637,356.0354,0.7042714,0.005593288,-0.7099063,0.1390592,0.01564149,-0.3495286,3.587962,-0.5951967,-3.824367,-0.008562326,-0.2072001,1.990999,-0.9891221,-0.06767084,-0.1306063,-0.03874546,0.9763994,-0.2124689,0.1419018,-0.2050973,-0.9684002,moving,-18.1402,19.31349,-0.2463999,-5.941292,-10.700543179923562,20.09265343113942,30.95144739565961,28.054508130222423,149.9188613775985
05/18/2023 18:40:57.674668,2329,True,True,True,True,Eyes,2.522148,0.02253439,-2.603883,0.292536,-0.3147243,-0.9029791,0.0,0.0,0.0,0.0,0.0,0.0,0.0,2.173981,-0.4798989,-2.916698,2.519441,0.01979947,-2.667516,-0.02914528,0.9918551,-0.1062178,0.06396807,11.94523,172.1817,355.8145,0.7034695,0.005663526,-0.7107008,0.1307157,0.014703,-0.3285568,3.573259,-0.5983363,-3.845575,-0.012887,-0.2072,1.991,-0.9901175,-0.07140488,-0.1207026,-0.04422668,0.9757367,-0.2144341,0.1330856,-0.2069766,-0.969252,moving,-17.95064,19.21549,-0.3708491,-5.941289,-10.522036522170852,20.005261505146773,30.69059428786878,27.861623951165733,150.15987384655702
05/18/2023 18:40:57.691391,2330,True,True,True,True,Eyes,2.522058,0.02223534,-2.607525,0.2895255,-0.3133622,-0.904422,0.0,0.0,0.0,0.0,0.0,0.0,0.0,2.198015,-0.4746732,-2.907875,2.519147,0.01876549,-2.676912,-0.03105307,0.9919521,-0.1072057,0.05978221,12.06217,172.6409,355.6353,0.7026994,0.005718798,-0.7114618,0.1228727,0.01382082,-0.3088434,3.557652,-0.6110421,-3.863239,-0.01722735,-0.2072,1.991,-0.9909238,-0.0744243,-0.111944,-0.04878833,0.9750853,-0.2163987,0.1252603,-0.208973,-0.9698664,moving,-17.75102,19.11007,-0.4957457,-5.941288,-10.334013877434122,19.91115449569517,30.41899125238055,27.66116960152514,150.41073474316232
05/18/2023 18:40:57.709399,2331,True,True,True,True,Eyes,2.52182,0.02186117,-2.611408,0.2863947,-0.3116579,-0.9060063,0.0,0.0,0.0,0.0,0.0,0.0,0.0,2.21885,-0.4546081,-2.903754,2.518778,0.01781256,-2.686482,-0.03253312,0.9923502,-0.105109,0.05599109,11.82755,173.0777,355.5267,0.7019549,0.005759855,-0.7121964,0.1155003,0.01299157,-0.2903128,3.550725,-0.5965924,-3.886035,-0.02167255,-0.2072003,1.990999,-0.9916134,-0.07633883,-0.1042865,-0.05279816,0.9757874,-0.2122529,0.1179646,-0.2049667,-0.9716344,moving,-17.5421,18.98275,-0.6236548,-5.941298,-10.136905478185213,19.796761201595423,30.123777264674278,27.43992765899397,150.6836681386865
05/18/2023 18:40:57.719995,2332,True,True,True,True,Eyes,2.521559,0.02144377,-2.615505,0.2831252,-0.310075,-0.9075757,0.0,0.0,0.0,0.0,0.0,0.0,0.0,2.236076,-0.4331297,-2.902027,2.51813,0.01572219,-2.695954,-0.0330046,0.9928346,-0.1020595,0.05267027,11.489,173.4772,355.5352,0.7012278,0.00578606,-0.7129122,0.1085703,0.01221208,-0.2728941,3.542049,-0.5955998,-3.903468,-0.02587676,-0.2072002,1.990999,-0.9922732,-0.07628723,-0.09784886,-0.05478521,0.9769891,-0.2061332,0.1113226,-0.1991797,-0.9736195,moving,-17.32571,18.86283,-0.744624,-5.941298,-9.932978804791068,19.68946558571564,29.835837155672035,27.227961840827785,150.94947600724308
05/18/2023 18:40:57.739749,2333,True,True,True,True,Eyes,2.521292,0.02097974,-2.619801,0.2797632,-0.3085538,-0.9091353,0.0,0.0,0.0,0.0,0.0,0.0,0.0,2.255097,-0.4328722,-2.895342,2.51741,0.01431274,-2.705234,-0.0333506,0.992944,-0.1026273,0.04916913,11.56776,173.8774,355.5318,0.7005132,0.005797705,-0.7136144,0.1020561,0.01147935,-0.2565204,3.529549,-0.6076081,-3.918248,-0.03039873,-0.2071998,1.991,-0.9929402,-0.07632274,-0.09079903,-0.05613837,0.9767107,-0.207086,0.1044898,-0.2005267,-0.9741001,moving,-17.10441,18.74683,-0.8747278,-5.941281,-9.724552390378497,19.58595163623867,29.544972652911998,27.01775344741151,151.2183837861922
05/18/2023 18:40:57.749858,2334,True,True,True,True,Eyes,2.521004,0.02048614,-2.62429,0.2763384,-0.3071292,-0.9106639,0.0,0.0,0.0,0.0,0.0,0.0,0.0,2.272853,-0.4318218,-2.889611,2.516868,0.01268145,-2.714294,-0.03394862,0.9930103,-0.1032878,0.04593225,11.6547,174.2434,355.4959,0.699807,0.005794956,-0.7143072,0.09593274,0.01079059,-0.2411292,3.524935,-0.5945202,-3.938893,-0.03458935,-0.2072,1.991001,-0.9934756,-0.07691114,-0.08420943,-0.05793417,0.9763582,-0.2082504,0.09823535,-0.2020131,-0.9744439,moving,-16.88027,18.63712,-0.9952907,-5.941287,-9.513600479582315,19.4883903700264,29.26483654523082,26.81846551621775,151.47698634936097
05/18/2023 18:40:57.774584,2335,True,True,True,True,Eyes,2.520709,0.02003213,-2.628969,0.2731726,-0.306355,-0.9118789,0.0,0.0,0.0,0.0,0.0,0.0,0.0,2.28714,-0.4301373,-2.886532,2.51612,0.01145573,-2.723436,-0.03456881,0.9930648,-0.103712,0.04325467,11.71215,174.5453,355.4528,0.6991063,0.005778454,-0.7149932,0.09017678,0.01014315,-0.2266614,3.519226,-0.5878607,-3.957103,-0.03894359,-0.2071998,1.991001,-0.9938679,-0.07763018,-0.07873898,-0.05968606,0.9760976,-0.208976,0.09307978,-0.202995,-0.9747456,moving,-16.67669,18.5703,-1.120551,-5.941278,-9.322628875956466,19.43050500986307,29.031205910836793,26.66461052749188,151.69285140428047
05/18/2023 18:40:57.789636,2336,True,True,True,True,Eyes,2.52039,0.01963219,-2.633863,0.2699727,-0.3053619,-0.9131643,0.0,0.0,0.0,0.0,0.0,0.0,0.0,2.302606,-0.436438,-2.88141,2.515351,0.0119589,-2.732739,-0.03610432,0.9928787,-0.1060544,0.04050811,11.98604,174.8329,355.2921,0.6984063,0.005750626,-0.7156772,0.08476617,0.009534565,-0.2130617,3.497563,-0.629686,-3.964799,-0.04333657,-0.2071998,1.991001,-0.9941112,-0.08028654,-0.07278123,-0.06310229,0.9748979,-0.2135234,0.08809733,-0.2076733,-0.9742232,moving,-16.47006,18.48992,-1.246915,-5.941279,-9.128555129447395,19.359996824294576,28.785892869053512,26.50046809901947,151.91977635277007
05/18/2023 18:40:57.799591,2337,True,True,True,True,Eyes,2.520061,0.01927049,-2.638947,0.2668973,-0.3043675,-0.9143993,0.0,0.0,0.0,0.0,0.0,0.0,0.0,2.314011,-0.4130826,-2.884494,2.514483,0.01280773,-2.742773,-0.03750183,0.9932566,-0.1028302,0.03822298,11.61923,175.1014,355.1768,0.697705,0.005714126,-0.7163612,0.0796802,0.008962491,-0.200278,3.485863,-0.6238208,-3.985286,-0.04763573,-0.2072001,1.991001,-0.9942651,-0.08235883,-0.0682178,-0.06663692,0.9760391,-0.2071404,0.08364308,-0.2014067,-0.9759299,moving,-16.27161,18.41057,-1.37057,-5.941287,-8.94212300631916,19.29026549059332,28.54914941692745,26.343114015109656,152.1389914960256
05/18/2023 18:40:57.825643,2338,True,True,True,True,Eyes,2.519712,0.01898032,-2.644212,0.2638139,-0.3033121,-0.915644,0.0,0.0,0.0,0.0,0.0,0.0,0.0,2.320386,-0.3906723,-2.890704,2.513379,0.01324527,-2.752404,-0.03757443,0.9937361,-0.09864935,0.03667525,11.14583,175.3052,355.2109,0.6969994,0.005670843,-0.7170481,0.07489939,0.008424741,-0.1882614,3.482459,-0.5746504,-4.017809,-0.05198663,-0.2072,1.991,-0.9944863,-0.08191412,-0.06547765,-0.06744215,0.9777129,-0.1988189,0.08030442,-0.1933067,-0.9778466,moving,-16.07266,18.32774,-1.4957,-5.941288,-8.755158208989629,19.2172881978631,28.31030700833857,26.184989780249115,152.36034343372054
05/18/2023 18:40:57.841400,2339,True,True,True,True,Eyes,2.519292,0.01883753,-2.649669,0.2608722,-0.3023647,-0.9167994,0.0,0.0,0.0,0.0,0.0,0.0,0.0,2.329121,-0.3826811,-2.893212,2.512537,0.01465127,-2.762041,-0.03810778,0.9939117,-0.09730668,0.03491282,10.99758,175.5118,355.1763,0.6962877,0.005623446,-0.7177396,0.07040542,0.007919257,-0.1769657,3.467626,-0.5578922,-4.044657,-0.05643862,-0.2072001,1.991001,-0.9946578,-0.08254603,-0.06198423,-0.06895702,0.9781584,-0.1960894,0.0768168,-0.1907676,-0.9786251,moving,-15.88353,18.2528,-1.623721,-5.941288,-8.577494795116385,19.15147141988638,28.083732780174095,26.03846280597117,152.57068054105045
05/18/2023 18:40:57.849828,2340,True,True,True,True,Eyes,2.518852,0.01862472,-2.655296,0.2579289,-0.3008069,-0.9181436,0.0,0.0,0.0,0.0,0.0,0.0,0.0,2.33745,-0.3738612,-2.896295,2.511434,0.01808563,-2.772063,-0.03928433,0.994051,-0.09599679,0.03322776,10.85014,175.7021,355.0654,0.6955667,0.005576366,-0.7184388,0.0661811,0.007444101,-0.1663477,3.442432,-0.5873191,-4.058578,-0.06084299,-0.2071998,1.991002,-0.9947056,-0.08448076,-0.05851784,-0.07172173,0.9784827,-0.1934621,0.07360251,-0.1882408,-0.9793614,moving,-15.69135,18.1401,-1.750356,-5.941276,-8.396264774637752,19.050379743336617,27.825599432202928,25.86021964783472,152.81105627841544
05/18/2023 18:40:57.869752,2341,True,True,True,True,Eyes,2.518381,0.01853937,-2.661016,0.2550361,-0.299932,-0.9192374,0.0,0.0,0.0,0.0,0.0,0.0,0.0,2.341936,-0.3225496,-2.907296,2.510518,0.01604713,-2.781745,-0.03958875,0.9948801,-0.08736727,0.03183731,9.864521,175.9102,355.0894,0.6948344,0.005527628,-0.7191474,0.06221024,0.006997455,-0.1563669,3.427693,-0.5793524,-4.080495,-0.06513834,-0.2071995,1.991002,-0.9948385,-0.08433519,-0.05643108,-0.07320903,0.9815995,-0.1763607,0.07026613,-0.1713191,-0.982707,moving,-15.50631,18.07065,-1.873841,-5.941267,-8.22251765621599,18.98960817079807,27.611888183368592,25.726527788784434,153.00945906384203
05/18/2023 18:40:57.889908,2342,True,True,True,True,Eyes,2.517906,0.01862269,-2.666962,0.2520595,-0.2991513,-0.9203122,0.0,0.0,0.0,0.0,0.0,0.0,0.0,2.353061,-0.3585239,-2.900975,2.509574,0.01918103,-2.789759,-0.03999526,0.994366,-0.0934701,0.03000278,10.57294,176.0834,355.0309,0.694091,0.005480915,-0.7198654,0.05847762,0.006577608,-0.1469849,3.421148,-0.5400991,-4.108496,-0.06930548,-0.2071998,1.991001,-0.9950006,-0.08514857,-0.05219076,-0.07393112,0.9793274,-0.1882869,0.0671442,-0.183487,-0.9807265,moving,-15.31683,18.00697,-1.993625,-5.941279,-8.044744233837326,18.934339171670803,27.40486127748188,25.60102387415149,153.20128239499033
05/18/2023 18:40:57.899958,2343,True,True,True,True,Eyes,2.517442,0.0186823,-2.673024,0.2491099,-0.2978654,-0.9215316,0.0,0.0,0.0,0.0,0.0,0.0,0.0,2.371912,-0.3539504,-2.896725,2.509061,0.02334804,-2.80113,-0.04301122,0.9942316,-0.0945324,0.02677962,10.70023,176.4185,354.7103,0.6933342,0.005440596,-0.7205946,0.05496896,0.006182952,-0.1381658,3.407727,-0.536172,-4.127253,-0.07348305,-0.2071998,1.991001,-0.9948658,-0.09058931,-0.04511838,-0.08046315,0.9784274,-0.1902778,0.06138219,-0.1856705,-0.980693,moving,-15.12675,17.91232,-2.11369,-5.941279,-7.865817352790172,18.850094870945952,27.172300524916935,25.449934921169028,153.41764479544992
05/18/2023 18:40:57.919748,2344,True,True,True,True,Eyes,2.51697,0.01872218,-2.679159,0.2460725,-0.297003,-0.9226254,0.0,0.0,0.0,0.0,0.0,0.0,0.0,2.371015,-0.3039237,-2.911018,2.508326,0.02267476,-2.809963,-0.04232541,0.9951324,-0.08502041,0.0263008,9.612667,176.5378,354.8379,0.6925639,0.005405359,-0.7213353,0.05167083,0.005811975,-0.1298758,3.398364,-0.5310064,-4.144077,-0.07793415,-0.2072,1.990999,-0.9950338,-0.08871096,-0.0451485,-0.07976655,0.9819602,-0.1714395,0.05954259,-0.1669867,-0.9841597,moving,-14.93368,17.84393,-2.241598,-5.941291,-7.684608488828683,18.79049932798992,26.959704811321007,25.32366118887936,153.61505054882687
05/18/2023 18:40:57.940032,2345,True,True,True,True,Eyes,2.516525,0.01880476,-2.685413,0.2429754,-0.2964639,-0.923619,0.0,0.0,0.0,0.0,0.0,0.0,0.0,2.386289,-0.3344936,-2.902311,2.507736,0.02231633,-2.817876,-0.04130424,0.994836,-0.08963153,0.02369821,10.15895,176.8228,354.9626,0.6917807,0.005374161,-0.7220867,0.04857058,0.005463257,-0.1220833,3.394721,-0.4956227,-4.168509,-0.08231294,-0.2072003,1.990998,-0.995465,-0.08643011,-0.03974733,-0.07793368,0.9805203,-0.180295,0.05455599,-0.1763797,-0.9828095,moving,-14.7388,17.79563,-2.367405,-5.9413,-7.502098708075225,18.749750186360693,26.767391730815408,25.219298935163316,153.7929410031828
05/18/2023 18:40:57.949737,2346,True,True,True,True,Eyes,2.516076,0.01893709,-2.691782,0.2398684,-0.295473,-0.9247481,0.0,0.0,0.0,0.0,0.0,0.0,0.0,2.399311,-0.3471919,-2.898787,2.507495,0.02345743,-2.82703,-0.04103115,0.994737,-0.09140401,0.02145099,10.37475,177.076,355.0105,0.6909843,0.005347727,-0.722849,0.04565634,0.005135461,-0.1147583,3.387079,-0.4744833,-4.189803,-0.08687544,-0.2072,1.990999,-0.9957128,-0.08555183,-0.03517536,-0.077709,0.9799235,-0.1836062,0.05017701,-0.1800856,-0.9823706,moving,-14.54136,17.71958,-2.498464,-5.941289,-7.316671005680792,18.683084649729075,26.5493515156581,25.091331100423172,153.99564010614475
05/18/2023 18:40:57.969638,2347,True,True,True,True,Eyes,2.515581,0.01912535,-2.698258,0.2368481,-0.2942824,-0.9259054,0.0,0.0,0.0,0.0,0.0,0.0,0.0,2.405454,-0.3144655,-2.905873,2.506978,0.02467376,-2.83613,-0.04064357,0.9953504,-0.0850057,0.01999945,9.648027,177.2836,355.0941,0.6901753,0.005326939,-0.7236215,0.04291696,0.004827334,-0.1078728,3.372345,-0.4692616,-4.210086,-0.09115094,-0.2072,1.991001,-0.9958965,-0.08430931,-0.03290306,-0.07750904,0.9822443,-0.1708466,0.0467228,-0.1675952,-0.9847483,moving,-14.34867,17.63192,-2.621255,-5.941286,-7.135446369584248,18.6054429921202,26.329229075319713,24.958361884022423,154.20056247661194
05/18/2023 18:40:57.989356,2348,True,True,True,True,Eyes,2.515082,0.01935964,-2.704881,0.2337711,-0.2926572,-0.9272016,0.0,0.0,0.0,0.0,0.0,0.0,0.0,2.417407,-0.3033092,-2.905476,2.506345,0.02623861,-2.845205,-0.04022864,0.9956286,-0.08241376,0.01770344,9.362639,177.5672,355.1732,0.6893523,0.005312714,-0.7244056,0.04034194,0.004537694,-0.1014004,3.355384,-0.4601828,-4.232058,-0.09522957,-0.2071997,1.991002,-0.9961365,-0.08302356,-0.02862132,-0.07718755,0.9831793,-0.1655314,0.04188289,-0.1626826,-0.9857892,moving,-14.1508,17.51752,-2.738369,-5.941276,-6.948881966685894,18.5028903157893,26.087519834192307,24.804146554892764,154.42613682271892
05/18/2023 18:40:57.999718,2349,True,True,True,True,Eyes,2.514575,0.01959106,-2.711605,0.2311074,-0.2904775,-0.9285539,0.0,0.0,0.0,0.0,0.0,0.0,0.0,2.427206,-0.26848,-2.910196,2.505783,0.02746584,-2.855336,-0.04002903,0.9961896,-0.07589214,0.01563162,8.62429,177.8426,355.2352,0.6885148,0.00530562,-0.7252017,0.03792142,0.004265432,-0.0953164,3.335439,-0.4581153,-4.252925,-0.09966147,-0.2071999,1.991001,-0.9963067,-0.08212565,-0.02506834,-0.07738038,0.9852761,-0.1524574,0.0372199,-0.1499545,-0.987992,moving,-13.97635,17.37113,-2.865603,-5.941281,-6.783525574307294,18.369857689563705,25.824740183222172,24.62481637863454,154.67360888083292
05/18/2023 18:40:58.019470,2350,True,True,True,True,Eyes,2.51407,0.01979709,-2.718423,0.2283963,-0.2882623,-0.929914,0.0,0.0,0.0,0.0,0.0,0.0,0.0,2.434858,-0.2295137,-2.915646,2.505246,0.02753048,-2.864469,-0.03928944,0.9967866,-0.06841183,0.01388578,7.775555,178.088,355.3556,0.6876634,0.005304845,-0.7260092,0.0,0.0,0.0,3.312342,-0.464754,-4.272528,-0.1040486,-0.2072,1.991,-0.996527,-0.08022626,-0.02230658,-0.07642646,0.9875523,-0.1374751,0.03305803,-0.1352928,-0.9902541,moving,-13.79927,17.22282,-2.991526,-5.941289,-6.615681784439584,18.235088082830902,25.561362955316312,24.4465071943032,154.92179890904362
05/18/2023 18:40:58.039906,2351,True,True,True,True,Eyes,2.513535,0.02002032,-2.725321,0.2260343,-0.2860445,-0.9311751,0.0,0.0,0.0,0.0,0.0,0.0,0.0,2.444907,-0.2202002,-2.916529,2.50484,0.02709693,-2.873542,-0.03910769,0.9969356,-0.06668048,0.01198965,7.586019,178.3165,355.3955,0.6867982,0.005309043,-0.7268277,0.0,0.0,0.0,3.287205,-0.4744164,-4.291229,-0.1082862,-0.2072,1.991001,-0.9966536,-0.07957464,-0.01869037,-0.07637674,0.9880486,-0.13389,0.02912124,-0.1320145,-0.9908199,moving,-13.64413,17.07625,-3.113125,-5.941284,-6.468314360086291,18.101444904966943,25.312229015856765,24.275710264372684,155.1574449052209
05/18/2023 18:40:58.049828,2352,True,True,True,True,Eyes,2.513001,0.02024298,-2.732306,0.2236408,-0.2838009,-0.9324387,0.0,0.0,0.0,0.0,0.0,0.0,0.0,2.45501,-0.2126983,-2.917013,2.504428,0.02780373,-2.882419,-0.03944755,0.9970198,-0.06552042,0.01013174,7.46098,178.5337,355.3729,0.6859186,0.005318166,-0.7276577,0.0,0.0,0.0,3.261457,-0.4867281,-4.308942,-0.1127058,-0.2072,1.991001,-0.9966826,-0.07998765,-0.01503384,-0.07733232,0.9883019,-0.1314497,0.02537232,-0.129851,-0.991209,moving,-13.48734,16.92837,-3.239919,-5.941287,-6.319384377559185,17.96661329339871,25.060543658286626,24.10541025269389,155.39583081592056
05/18/2023 18:40:58.075869,2353,True,True,True,True,Eyes,2.512434,0.02046558,-2.739357,0.2214807,-0.2817736,-0.9335684,0.0,0.0,0.0,0.0,0.0,0.0,0.0,2.463939,-0.2014667,-2.918844,2.503957,0.02799302,-2.891479,-0.04008486,0.997106,-0.06404275,0.008450541,7.298425,178.7299,355.3148,0.6850256,0.00533168,-0.7284984,0.0,0.0,0.0,3.235182,-0.5068426,-4.323464,-0.1171665,-0.2071999,1.991001,-0.9966436,-0.0810201,-0.01171788,-0.07885532,0.9885834,-0.1283923,0.02198646,-0.1270373,-0.9916542,moving,-13.34617,16.79509,-3.367861,-5.941282,-6.1852888107952815,17.84509021889502,24.829604552265124,23.952649181350765,155.61508746076194
05/18/2023 18:40:58.090277,2354,True,True,True,True,Eyes,2.511866,0.02069771,-2.746479,0.2192767,-0.280115,-0.9345873,0.0,0.0,0.0,0.0,0.0,0.0,0.0,2.475329,-0.2018314,-2.917357,2.503397,0.02833373,-2.900201,-0.04142721,0.9969918,-0.06518725,0.006449146,7.437695,178.9448,355.1726,0.6841192,0.005349124,-0.7293495,0.0,0.0,0.0,3.2099,-0.5291337,-4.335977,-0.1214651,-0.2071997,1.991001,-0.9964843,-0.08344598,-0.00745844,-0.08176438,0.9880688,-0.1305166,0.01826054,-0.129448,-0.991418,moving,-13.20414,16.68455,-3.49112,-5.941275,-6.050828366681907,17.74487229291901,24.622565147665366,23.82405676001289,155.811227651078
05/18/2023 18:40:58.099735,2355,True,True,True,True,Eyes,2.511293,0.0209174,-2.753658,0.2172131,-0.2788382,-0.9354506,0.0,0.0,0.0,0.0,0.0,0.0,0.0,2.487567,-0.2186495,-2.914029,2.502816,0.0288728,-2.909027,-0.04274026,0.9966832,-0.06911105,0.004426931,7.896569,179.1478,355.0302,0.6831996,0.005370346,-0.7302108,0.0,0.0,0.0,3.187149,-0.5439153,-4.349466,-0.125846,-0.2071999,1.991001,-0.9963074,-0.0858089,-0.002916847,-0.08458509,0.9867939,-0.1381421,0.01473214,-0.1373852,-0.9904082,moving,-13.07251,16.59821,-3.616707,-5.941282,-5.926522764137783,17.66706835220333,24.442604402822404,23.721076181670984,155.9817544071239
05/18/2023 18:40:58.120079,2356,True,True,True,True,Eyes,2.510717,0.02109811,-2.760864,0.2151111,-0.278024,-0.9361784,0.0,0.0,0.0,0.0,0.0,0.0,0.0,2.499765,-0.2265678,-2.911098,2.502216,0.02905271,-2.917656,-0.04490597,0.9963686,-0.0722996,0.002388353,8.271248,179.3485,354.7918,0.6822679,0.005394602,-0.7310811,0.0,0.0,0.0,3.166038,-0.5555685,-4.362675,-0.1301182,-0.2071998,1.991001,-0.9959556,-0.08983116,0.001734008,-0.08914045,0.9855125,-0.1442886,0.01125273,-0.1438596,-0.9895342,moving,-12.94056,16.54024,-3.739143,-5.941281,-5.802463493468466,17.615827080896402,24.29166238200527,23.647296517652954,156.12412976716368
05/18/2023 18:40:58.140124,2357,True,True,True,True,Eyes,2.5101,0.02129118,-2.768106,0.2129138,-0.2778721,-0.9367256,0.0,0.0,0.0,0.0,0.0,0.0,0.0,2.513692,-0.2472074,-2.904819,2.501598,0.02841413,-2.925563,-0.04722803,0.9958345,-0.07799562,0.0001671979,8.935685,179.5534,354.5346,0.681325,0.00542053,-0.7319598,0.0,0.0,0.0,3.145854,-0.5663496,-4.375618,-0.1342599,-0.2071999,1.991001,-0.9955392,-0.09408868,0.007034156,-0.09403653,0.9833724,-0.1553572,0.007700163,-0.1553257,-0.9878336,moving,-12.80552,16.52257,-3.857807,-5.941283,-5.676298528904468,17.6023788032468,24.180286589202744,23.61378670493912,156.22787486323855
05/18/2023 18:40:58.149839,2358,True,True,True,True,Eyes,2.509467,0.02152411,-2.775392,0.2105758,-0.2780806,-0.9371921,0.0,0.0,0.0,0.0,0.0,0.0,0.0,2.532046,-0.2859526,-2.892736,2.500642,0.02896545,-2.933751,-0.04912193,0.9950522,-0.08631805,-0.002708145,9.906915,179.8202,354.3321,0.6803708,0.005448285,-0.7328467,0.0,0.0,0.0,3.127792,-0.5646324,-4.392126,-0.1387385,-0.2071998,1.991001,-0.9951593,-0.09729025,0.01386971,-0.09822529,0.9802725,-0.1715159,0.003090727,-0.172048,-0.9850838,moving,-12.66337,16.52651,-3.986086,-5.94128,-5.543923454842899,17.609321035028184,24.085199710626355,23.602069117913835,156.31558187399844
05/18/2023 18:40:58.174864,2359,True,True,True,True,Eyes,2.508808,0.02179741,-2.782719,0.2079434,-0.2782702,-0.9377235,0.0,0.0,0.0,0.0,0.0,0.0,0.0,2.552547,-0.3077072,-2.880191,2.49969,0.03024065,-2.942162,-0.05014575,0.994577,-0.09090999,-0.006118441,10.45409,180.1779,354.2436,0.6794062,0.005478724,-0.7337408,0.0,0.0,0.0,3.109943,-0.5571073,-4.410522,-0.1428438,-0.2072,1.991,-0.9948959,-0.09863515,0.02128802,-0.1008601,0.9784415,-0.1802203,-0.003053024,-0.1814476,-0.9833959,moving,-12.50321,16.5283,-4.103641,-5.941287,-5.394725990959111,17.614663093390035,23.988228349261853,23.591305289367984,156.40409787953917
05/18/2023 18:40:58.189667,2360,True,True,True,True,Eyes,2.508121,0.02209805,-2.790108,0.2050278,-0.2783552,-0.9383401,0.0,0.0,0.0,0.0,0.0,0.0,0.0,2.576342,-0.3177381,-2.865204,2.498235,0.03150256,-2.950544,-0.05030872,0.9943559,-0.0928368,-0.01033324,10.69993,180.6536,354.2685,0.6784302,0.005512677,-0.7346431,0.0,0.0,0.0,3.091936,-0.5533949,-4.427351,-0.1471891,-0.2071999,1.991002,-0.9947246,-0.09813093,0.02989084,-0.1019681,0.9777007,-0.183586,-0.01120884,-0.1856653,-0.9825493,moving,-12.32544,16.5228,-4.228024,-5.94128,-5.228980193534211,17.613584595647147,23.87892451773019,23.576122654513103,156.5039089728986
05/18/2023 18:40:58.199891,2361,True,True,True,True,Eyes,2.507412,0.02238066,-2.797551,0.2017066,-0.2780426,-0.9391521,0.0,0.0,0.0,0.0,0.0,0.0,0.0,2.603129,-0.3082629,-2.850084,2.496962,0.0324277,-2.959461,-0.0500156,0.9944659,-0.09112464,-0.01524026,10.53087,181.2354,354.3554,0.6774442,0.005550452,-0.7355522,0.0,0.0,0.0,3.074674,-0.5537434,-4.442583,-0.1514208,-0.2072,1.991002,-0.9945325,-0.09670009,0.03942714,-0.1022551,0.9783896,-0.1797162,-0.02119653,-0.1827652,-0.9829282,moving,-12.12157,16.49176,-4.34912,-5.941281,-5.038425092820205,17.589197245463087,23.741362798082612,23.540572379855156,156.6300604134704
05/18/2023 18:40:58.219626,2362,True,True,True,True,Eyes,2.506662,0.02264009,-2.805035,0.1980292,-0.2777882,-0.9400097,0.0,0.0,0.0,0.0,0.0,0.0,0.0,2.633084,-0.2937616,-2.831584,2.495227,0.03215561,-2.968183,-0.04918709,0.9946545,-0.0883577,-0.02087833,10.24308,181.9125,354.5093,0.6764479,0.005591177,-0.7364683,0.0,0.0,0.0,3.058908,-0.5494894,-4.45882,-0.1559012,-0.2071996,1.991003,-0.9942893,-0.09415879,0.05022557,-0.1015378,0.9795471,-0.1737169,-0.03284134,-0.1778247,-0.983514,moving,-11.89639,16.46327,-4.477287,-5.941268,-4.828062976615959,17.567684638566192,23.600983291338796,23.51156944885048,156.75814634924976
05/18/2023 18:40:58.240116,2363,True,True,True,True,Eyes,2.505823,0.02287972,-2.812538,0.1945851,-0.2772855,-0.940877,0.0,0.0,0.0,0.0,0.0,0.0,0.0,2.666739,-0.2950863,-2.807327,2.493561,0.03184955,-2.976709,-0.04828205,0.994552,-0.0883384,-0.02704849,10.27228,182.6371,354.6784,0.6754413,0.00563392,-0.7373912,0.0,0.0,0.0,3.042439,-0.5494236,-4.473682,-0.1602964,-0.2071998,1.991002,-0.9938745,-0.09125917,0.06233259,-0.1008169,0.9797303,-0.1731023,-0.04527195,-0.1783262,-0.9829295,moving,-11.68475,16.42076,-4.602978,-5.941274,-4.630047905079527,17.53273883366804,23.456599482387468,23.47402844198185,156.89089953758338
05/18/2023 18:40:58.249713,2364,True,True,True,True,Eyes,2.504947,0.02313028,-2.820077,0.1907979,-0.2769301,-0.9417568,0.0,0.0,0.0,0.0,0.0,0.0,0.0,2.700767,-0.3007396,-2.781411,2.492016,0.03167983,-2.984908,-0.04815735,0.9942439,-0.08975945,-0.03321696,10.46791,183.3467,354.7606,0.6744239,0.005677954,-0.7383215,0.0,0.0,0.0,3.028403,-0.5562689,-4.485385,-0.1645004,-0.2071998,1.991002,-0.9931552,-0.08979723,0.07469666,-0.1017234,0.9792482,-0.1752863,-0.05740636,-0.1816849,-0.9816799,moving,-11.45298,16.38633,-4.723159,-5.941278,-4.41343143894999,17.50581703776646,23.31978922918698,23.449140642508127,157.01534571186758
05/18/2023 18:40:58.270116,2365,True,True,True,True,Eyes,2.503992,0.02337471,-2.827654,0.1871877,-0.2761942,-0.9426969,0.0,0.0,0.0,0.0,0.0,0.0,0.0,2.735071,-0.304946,-2.754921,2.490331,0.0322094,-2.993394,-0.04815597,0.9939077,-0.09093264,-0.03949199,10.63553,184.0694,354.8312,0.6733961,0.005723415,-0.7392589,0.0,0.0,0.0,3.012412,-0.5623865,-4.49781,-0.1688881,-0.2071998,1.991002,-0.9922428,-0.08854298,0.08726069,-0.1029074,0.9788245,-0.1769537,-0.06974488,-0.1845609,-0.9803433,moving,-11.23092,16.32969,-4.848548,-5.941278,-4.205436161150319,17.457883588808205,23.16744888854636,23.4079976908839,157.15573603579608
05/18/2023 18:40:58.289944,2366,True,True,True,True,Eyes,2.503005,0.02359005,-2.83526,0.1832047,-0.275483,-0.943687,0.0,0.0,0.0,0.0,0.0,0.0,0.0,2.767085,-0.2981581,-2.731395,2.488496,0.03230027,-3.002086,-0.04795802,0.9937408,-0.09003972,-0.04552165,10.56312,184.7753,354.9158,0.6723574,0.005769976,-0.7402033,0.0,0.0,0.0,2.998366,-0.5740314,-4.507215,-0.1732388,-0.2071999,1.991,-0.9912555,-0.08711814,0.09910969,-0.1035132,0.9791858,-0.174586,-0.08183718,-0.1833185,-0.9796412,moving,-10.98658,16.27369,-4.972835,-5.941284,-3.976693395685583,17.411059260497787,23.014564926274424,23.373579825349015,157.29581030821984
05/18/2023 18:40:58.300300,2367,True,True,True,True,Eyes,2.501985,0.02377775,-2.842892,0.1793233,-0.2747405,-0.9446486,0.0,0.0,0.0,0.0,0.0,0.0,0.0,2.802297,-0.2913432,-2.703825,2.486833,0.03180332,-3.010492,-0.04787852,0.9934738,-0.08943882,-0.05213792,10.52723,185.5468,354.9932,0.671308,0.005816757,-0.7411548,0.0,0.0,0.0,2.985815,-0.5774343,-4.519371,-0.1776609,-0.2072001,1.991,-0.9899787,-0.0858058,0.1121597,-0.1044584,0.9794167,-0.1727177,-0.0950309,-0.1827028,-0.9785648,moving,-10.74861,16.21648,-5.099113,-5.94129,-3.7538627634660777,17.362956499685602,22.86664793374641,23.34304185655767,157.43156000305794
05/18/2023 18:40:58.319360,2368,True,True,True,True,Eyes,2.475575,0.02820545,-3.034627,0.07203324,-0.256074,-0.9639696,0.0,0.0,0.0,0.0,0.0,0.0,0.0,2.83778,-0.297092,-2.673581,2.484973,0.03129939,-3.018812,-0.04754812,0.9929916,-0.09082589,-0.05880133,10.71772,186.3188,355.1104,0.6702485,0.005862981,-0.7421128,0.0,0.0,0.0,2.973722,-0.581472,-4.530904,-0.1819411,-0.2071998,1.991001,-0.9885632,-0.08374841,0.1254156,-0.1051111,0.9789796,-0.1747869,-0.1081412,-0.1859705,-0.9765862,moving,-4.273521,14.87677,-5.221287,-5.941282,2.305124813988683,16.2571742541852,20.839614906841728,23.43967437620929,159.22470565659626
05/18/2023 18:40:58.340361,2369,True,True,True,True,Eyes,2.47551,0.02820114,-3.034972,0.07195015,-0.2559054,-0.9640206,0.0,0.0,0.0,0.0,0.0,0.0,0.0,2.87248,-0.2956619,-2.644641,2.48314,0.03120741,-3.027494,-0.0469563,0.9926243,-0.09061562,-0.06542857,10.72172,187.0964,355.25,0.6660507,0.00601285,-0.7458815,-0.07923031,0.01328313,-0.5752072,2.963214,-0.5854756,-4.542228,-0.1862547,-0.2072001,1.991001,-0.9870287,-0.08136223,0.1384019,-0.1050776,0.9791678,-0.17375,-0.121382,-0.1860391,-0.975016,moving,-4.268385,14.86666,-5.344368,-5.941289,2.310104408174438,16.2478285082005,20.835750070561176,23.472279046573934,159.2297049698413
05/18/2023 18:40:58.349969,2370,True,True,True,True,Eyes,2.475375,0.0281393,-3.035636,0.07135413,-0.2557853,-0.9640967,0.0,0.0,0.0,0.0,0.0,0.0,0.0,2.906887,-0.2865433,-2.616081,2.481288,0.03104468,-3.036153,-0.04742507,0.9921944,-0.09005977,-0.07204509,10.69303,187.8626,355.2639,0.6624688,0.006140158,-0.7490637,-0.07447649,0.01248614,-0.5406948,2.953674,-0.5779025,-4.557142,-0.1906871,-0.2071998,1.991002,-0.9851208,-0.08113303,0.1515076,-0.1070865,0.9792802,-0.1718801,-0.1344233,-0.1855471,-0.9733975,moving,-4.232822,14.85887,-5.470786,-5.941276,2.3433903528319755,16.24135093330552,20.836953435821943,23.518722111019763,159.22917850109164
05/18/2023 18:40:58.374865,2371,True,True,True,True,Eyes,2.475375,0.0281393,-3.035636,0.07135413,-0.2557853,-0.9640967,0.0,0.0,0.0,0.0,0.0,0.0,0.0,2.941462,-0.2797015,-2.58617,2.479572,0.02961008,-3.044594,-0.04800842,0.9916415,-0.09026419,-0.07870683,10.75307,188.6308,355.2704,0.6593999,0.006247099,-0.7517659,-0.0700079,0.01173697,-0.5082531,2.94451,-0.5684091,-4.57265,-0.1948912,-0.2072001,1.991001,-0.9830009,-0.08100546,0.1647648,-0.1094231,0.9790952,-0.1714622,-0.147431,-0.1865766,-0.9713153,moving,-4.232822,14.85887,-5.590648,-5.941288,2.3433903528319755,16.24135093330552,20.84443005388346,23.558829228754355,159.2229936910099
05/18/2023 18:40:58.389765,2372,True,True,True,True,Eyes,2.475375,0.0281393,-3.035636,0.07135413,-0.2557853,-0.9640967,0.0,0.0,0.0,0.0,0.0,0.0,0.0,2.976008,-0.286948,-2.553591,2.478119,0.02796589,-3.052528,-0.04909355,0.9907458,-0.09353136,-0.08523207,11.16881,189.3687,355.2444,0.6566926,0.006341146,-0.7541313,-0.06580742,0.01103275,-0.4777579,2.935167,-0.5720847,-4.583647,-0.1994946,-0.2071999,1.991001,-0.9806507,-0.08133471,0.1780702,-0.1132222,0.9776835,-0.1769629,-0.159703,-0.1937003,-0.967975,moving,-4.232822,14.85887,-5.721831,-5.941282,2.3433903528319755,16.24135093330552,20.853380326105047,23.60332602248987,159.2154953500681
05/18/2023 18:40:58.399554,2373,True,True,True,True,Eyes,2.475074,0.02794083,-3.03722,0.06981096,-0.2564698,-0.9640278,0.0,0.0,0.0,0.0,0.0,0.0,0.0,3.010106,-0.2963272,-2.520528,2.476921,0.02698224,-3.06035,-0.05156932,0.9895776,-0.0984612,-0.09155467,11.78928,190.063,355.0753,0.6542487,0.006425717,-0.7562517,-0.06185898,0.01037079,-0.4490924,2.927116,-0.5761391,-4.594084,-0.203988,-0.2072,1.991001,-0.9779168,-0.08403452,0.1913561,-0.1200929,0.975292,-0.1854272,-0.1710457,-0.2043128,-0.9638463,moving,-4.141897,14.89788,-5.849829,-5.941287,2.427362568618334,16.27994725304869,20.90903902551509,23.712763482826517,159.15984341771815
05/18/2023 18:40:58.419861,2374,True,True,True,True,Eyes,2.474708,0.02768818,-3.039065,0.06781514,-0.2574771,-0.9639018,0.0,0.0,0.0,0.0,0.0,0.0,0.0,3.04536,-0.2950969,-2.486356,2.475141,0.02636497,-3.06859,-0.05570019,0.9882348,-0.1031627,-0.09821951,12.40611,190.7779,354.7229,0.6520194,0.006496524,-0.7581739,-0.05814744,0.00974854,-0.4221469,2.92046,-0.5788135,-4.604484,-0.2079253,-0.2072,1.991,-0.974501,-0.08982454,0.2056202,-0.1303549,0.9725099,-0.1929562,-0.1826355,-0.2148395,-0.9594209,moving,-4.024403,14.95564,-5.961934,-5.941288,2.535731041081581,16.336702495241152,20.98655822694958,23.843640067248018,159.08184392074133
05/18/2023 18:40:58.439718,2375,True,True,True,True,Eyes,2.474317,0.02741885,-3.041155,0.06547952,-0.2592015,-0.9636011,0.0,0.0,0.0,0.0,0.0,0.0,0.0,3.084728,-0.289924,-2.446442,2.473308,0.02492984,-3.076817,-0.0599067,0.9867276,-0.107625,-0.1058149,13.00706,191.6004,354.3783,0.6499801,0.006553549,-0.7599224,-0.05465859,0.009163627,-0.3968181,2.91486,-0.586474,-4.612725,-0.2122835,-0.2072002,1.990999,-0.9704291,-0.09544653,0.2217158,-0.1409998,0.9696561,-0.199715,-0.195926,-0.2250711,-0.9544403,moving,-3.88744,15.05576,-6.085974,-5.941295,2.66142708378703,16.433553930979773,21.111841947641164,24.023964918489316,158.95613743992917
05/18/2023 18:40:58.449812,2376,True,True,True,True,Eyes,2.473854,0.02714957,-3.043492,0.06255667,-0.2610696,-0.9632909,0.0,0.0,0.0,0.0,0.0,0.0,0.0,3.130011,-0.309992,-2.394047,2.471507,0.02427948,-3.084735,-0.0614371,0.9849109,-0.1141755,-0.1146296,13.82696,192.5969,354.3947,0.6481094,0.006597714,-0.7615181,-0.05137908,0.00861381,-0.373009,2.910382,-0.5725728,-4.62814,-0.2168024,-0.2072,1.991001,-0.9661711,-0.09484438,0.2398291,-0.1471959,0.9663789,-0.2108203,-0.2117707,-0.2389903,-0.947648,moving,-3.715604,15.16395,-6.214519,-5.941285,2.8194617553780805,16.538757527856173,21.2526591414451,24.227363049716402,158.81460169540804
05/18/2023 18:40:58.470129,2377,True,True,True,True,Eyes,2.473382,0.02689943,-3.046084,0.05913386,-0.2626119,-0.9630879,0.0,0.0,0.0,0.0,0.0,0.0,0.0,3.171502,-0.3219529,-2.346055,2.469424,0.02401643,-3.093124,-0.0598986,0.9837599,-0.1160068,-0.1231716,14.06374,193.6213,354.7195,0.6463866,0.006630301,-0.7629807,-0.04829633,0.008096981,-0.3506285,2.907067,-0.5561039,-4.643626,-0.221046,-0.2072003,1.990999,-0.962482,-0.08927419,0.2562398,-0.1464291,0.9659092,-0.2134899,-0.2284452,-0.2430012,-0.9427426,moving,-3.513566,15.25244,-6.335184,-5.941298,3.006015753445001,16.626212630371374,21.38074036488372,24.424384309244846,158.6854502554553
05/18/2023 18:40:58.490044,2378,True,True,True,True,Eyes,2.472853,0.02666255,-3.048903,0.05519051,-0.264011,-0.9629394,0.0,0.0,0.0,0.0,0.0,0.0,0.0,3.210829,-0.3110113,-2.302352,2.467283,0.0240064,-3.101436,-0.05808346,0.9830896,-0.1132457,-0.1316692,13.76599,194.6549,355.0161,0.6447943,0.006652932,-0.7643267,-0.04539855,0.007611162,-0.3295908,2.903921,-0.549239,-4.655885,-0.2253581,-0.2071998,1.991,-0.9585794,-0.08438054,0.2720406,-0.1440244,0.9676034,-0.2073658,-0.2457298,-0.237957,-0.9396775,moving,-3.280298,15.33214,-6.457731,-5.941282,3.221837542038,16.706154926246484,21.50940640881503,24.629259966314955,158.55560725198453
05/18/2023 18:40:58.499892,2379,True,True,True,True,Eyes,2.472287,0.02643995,-3.051944,0.05095518,-0.2648797,-0.9629342,0.0,0.0,0.0,0.0,0.0,0.0,0.0,3.249587,-0.2924477,-2.259324,2.465482,0.02406502,-3.109775,-0.05863132,0.982109,-0.1115016,-0.139971,13.61678,195.6304,355.0447,0.6433162,0.006666922,-0.7655711,-0.04267464,0.007154492,-0.3098153,2.901389,-0.5400324,-4.668441,-0.2297678,-0.2071997,1.991002,-0.9539411,-0.08395071,0.2880085,-0.1463787,0.9682595,-0.2026,-0.2618585,-0.2354268,-0.9359512,moving,-3.029071,15.38028,-6.58299,-5.941272,3.454998658102528,16.756967060004026,21.61571002644292,24.81876855779286,158.44825626593914
05/18/2023 18:40:58.519775,2380,True,True,True,True,Eyes,2.471651,0.02625062,-3.055214,0.04630127,-0.2656085,-0.9629685,0.0,0.0,0.0,0.0,0.0,0.0,0.0,3.285011,-0.2646827,-2.220458,2.463572,0.0240398,-3.118015,-0.05929327,0.9813058,-0.1080827,-0.1477881,13.27647,196.5497,355.0238,0.6419381,0.006673483,-0.766727,-0.04011416,0.006725223,-0.2912264,2.898408,-0.5086997,-4.688567,-0.2340294,-0.2071998,1.991002,-0.949286,-0.08442299,0.3028678,-0.1483163,0.9696048,-0.1945987,-0.2772335,-0.22965,-0.9329537,moving,-2.752765,15.42006,-6.703987,-5.941277,3.711688012389055,16.800528067374973,21.72369383233093,25.013516020067783,158.33932384937125
05/18/2023 18:40:58.539678,2381,True,True,True,True,Eyes,2.470944,0.02598856,-3.058684,0.04158451,-0.2654725,-0.9632212,0.0,0.0,0.0,0.0,0.0,0.0,0.0,3.318438,-0.2449283,-2.182663,2.461346,0.02462604,-3.126851,-0.06011382,0.9803265,-0.1061138,-0.1551979,13.10354,197.4171,354.9977,0.640646,0.006674192,-0.7678071,-0.03770731,0.00632171,-0.2737528,2.895715,-0.5287649,-4.690935,-0.2383294,-0.2071997,1.991002,-0.9446002,-0.08492506,0.317047,-0.1507996,0.9702524,-0.1893933,-0.2915313,-0.2267115,-0.9293071,moving,-2.472058,15.40869,-6.826012,-5.941275,3.973459781098448,16.796311581578944,21.789399278900305,25.17193743646962,158.27304800928633
05/18/2023 18:40:58.549677,2382,True,True,True,True,Eyes,2.470171,0.02579513,-3.06234,0.0366276,-0.2653004,-0.9634699,0.0,0.0,0.0,0.0,0.0,0.0,0.0,3.343669,-0.2003959,-2.158148,2.459211,0.02244407,-3.135228,-0.05888,0.9803075,-0.09750322,-0.1613185,12.13191,198.1656,355.0721,0.6394284,0.006667774,-0.7688214,-0.03544487,0.005942407,-0.2573276,2.88936,-0.5270697,-4.703317,-0.2426611,-0.2071999,1.991001,-0.9410192,-0.08398287,0.3277654,-0.1468991,0.9740525,-0.1721694,-0.3048015,-0.2101631,-0.9289392,moving,-2.177128,15.39539,-6.948876,-5.941282,4.248521115222304,16.790614154252616,21.863740553964867,25.340102701522614,158.19854986899327
05/18/2023 18:40:58.569656,2383,True,True,True,True,Eyes,2.469294,0.02586271,-3.066245,0.03168397,-0.2647799,-0.9637882,0.0,0.0,0.0,0.0,0.0,0.0,0.0,3.368695,-0.1869615,-2.129057,2.456903,0.02332409,-3.143093,-0.05920099,0.9794962,-0.09581734,-0.1670378,11.97489,198.8389,355.0761,0.6382743,0.006656677,-0.7697799,-0.03331818,0.005585863,-0.241888,2.889378,-0.4913284,-4.722741,-0.2472028,-0.2072002,1.991,-0.9371873,-0.08396403,0.3385706,-0.1479845,0.9746286,-0.1679278,-0.3158807,-0.207483,-0.9258349,moving,-1.882887,15.36178,-7.077631,-5.941293,4.52333026587153,16.76589006079085,21.92729542075048,25.4989894868114,158.1354352149083
05/18/2023 18:40:58.590398,2384,True,True,True,True,Eyes,2.468319,0.02597122,-3.070389,0.02648559,-0.2632634,-0.9643604,0.0,0.0,0.0,0.0,0.0,0.0,0.0,3.394175,-0.1605597,-2.102815,2.454046,0.03020681,-3.153533,-0.06248005,0.9784995,-0.09378133,-0.1727426,11.83628,199.4769,354.7314,0.6371731,0.006647986,-0.7706918,-0.03131909,0.005250711,-0.2273747,2.882789,-0.5102888,-4.727299,-0.2514248,-0.2072,1.991001,-0.9325126,-0.08987334,0.3497761,-0.1546735,0.9746026,-0.161944,-0.3263382,-0.2051159,-0.9227303,moving,-1.573199,15.26928,-7.197249,-5.941285,4.8136626819579735,16.68639643172221,21.943518542424435,25.617844687000908,158.11988152648877
05/18/2023 18:40:58.599703,2385,True,True,True,True,Eyes,2.467286,0.02591513,-3.074681,0.02135851,-0.2614013,-0.9649938,0.0,0.0,0.0,0.0,0.0,0.0,0.0,3.410001,-0.08684549,-2.092563,2.450814,0.03109786,-3.163387,-0.06259994,0.9788961,-0.08018678,-0.1772394,10.32197,200.0293,354.5095,0.6361154,0.006642478,-0.771565,-0.02943994,0.004935668,-0.2137322,2.878178,-0.5162512,-4.735891,-0.2557752,-0.2071999,1.991002,-0.9293349,-0.09413316,0.3570372,-0.1509822,0.9793026,-0.1347987,-0.3369585,-0.1791794,-0.9243126,moving,-1.267939,15.15677,-7.320441,-5.94128,5.100253279565604,16.588071350161147,21.949043128631008,25.726354554142365,158.11559086376553
05/18/2023 18:40:58.619684,2386,True,True,True,True,Eyes,2.466179,0.02603666,-3.079118,0.01603515,-0.260626,-0.9653066,0.0,0.0,0.0,0.0,0.0,0.0,0.0,3.428706,-0.05953178,-2.07098,2.447931,0.0269521,-3.171029,-0.06108085,0.9785491,-0.07455744,-0.1820777,9.680802,200.6251,354.622,0.6350938,0.006635642,-0.7724061,-0.02767354,0.004639528,-0.2009083,2.875036,-0.4906057,-4.75281,-0.2600399,-0.2071997,1.991002,-0.9262341,-0.09239072,0.3654519,-0.1466917,0.9814206,-0.1236733,-0.3472358,-0.1681591,-0.9225781,moving,-0.951679,15.1092,-7.441139,-5.941272,5.395846940317181,16.550784275469223,22.028060797863798,25.897505739564487,158.0383962223307
05/18/2023 18:40:58.640047,2387,True,True,True,True,Eyes,2.464949,0.02641242,-3.083814,0.01059101,-0.2597677,-0.9656131,0.0,0.0,0.0,0.0,0.0,0.0,0.0,3.459958,-0.1119862,-2.025393,2.445106,0.03155257,-3.179076,-0.06368779,0.9760907,-0.08734629,-0.1885776,11.21762,201.3439,354.6542,0.6341019,0.006632105,-0.7732207,-0.02601313,0.004361156,-0.1888538,2.869014,-0.4794333,-4.766048,-0.264308,-0.2071998,1.991001,-0.9207647,-0.091387,0.3792635,-0.1572732,0.976629,-0.1464956,-0.3570119,-0.194536,-0.9136182,moving,-0.6284046,15.05714,-7.561876,-5.941278,5.698062563513682,16.5094549799086,22.113493259938423,26.07415160735461,157.95532887281468
05/18/2023 18:40:58.649649,2388,True,True,True,True,Eyes,2.463594,0.02671643,-3.088652,0.004918718,-0.2579952,-0.9661337,0.0,0.0,0.0,0.0,0.0,0.0,0.0,3.481498,-0.091488,-2.001557,2.440877,0.03798118,-3.190001,-0.06433268,0.9753472,-0.08344124,-0.1938989,10.81955,201.972,354.559,0.6331322,0.006637949,-0.7740149,-0.02445234,0.004099487,-0.1775225,2.863736,-0.4531667,-4.784102,-0.2688076,-0.2071997,1.991001,-0.9165291,-0.09313505,0.3889735,-0.1578517,0.9777977,-0.1378203,-0.3675015,-0.1877164,-0.9108815,moving,-0.2916981,14.95133,-7.689085,-5.941278,6.013825384057067,16.418121246956293,22.1635376686565,26.22427287225117,157.9082316674029
05/18/2023 18:40:58.669623,2389,True,True,True,True,Eyes,2.46216,0.02693903,-3.093582,-0.0008138895,-0.2570902,-0.9663871,0.0,0.0,0.0,0.0,0.0,0.0,0.0,3.492943,-0.04884961,-1.990969,2.436617,0.03633164,-3.198214,-0.05965264,0.9759057,-0.07051791,-0.1976791,9.277821,202.4838,354.8522,0.6321781,0.006650407,-0.7747942,-0.0229852,0.003853518,-0.1668712,2.858924,-0.4245588,-4.80149,-0.2729715,-0.2072,1.990999,-0.9147289,-0.08855084,0.3942455,-0.1443105,0.9829376,-0.1140535,-0.3774192,-0.1612218,-0.9119002,moving,0.04825439,14.89748,-7.806738,-5.94129,6.33161545777903,16.375498259459153,22.27005254955313,26.418404128838404,157.80515471244604
05/18/2023 18:40:58.690565,2390,True,True,True,True,Eyes,2.460618,0.02721112,-3.098651,-0.006781745,-0.2567207,-0.9664618,0.0,0.0,0.0,0.0,0.0,0.0,0.0,3.520226,-0.08602083,-1.948233,2.433019,0.03472362,-3.205341,-0.06019597,0.9738919,-0.07923034,-0.2040435,10.30504,203.2194,355.0488,0.6312368,0.006666735,-0.7755613,-0.02160609,0.003622307,-0.1568589,2.854926,-0.418409,-4.813342,-0.2772073,-0.2072,1.991001,-0.9094855,-0.08491586,0.4069712,-0.1495816,0.980198,-0.1297584,-0.3878939,-0.1788888,-0.9041777,moving,0.4020428,14.87592,-7.926344,-5.941287,6.661677653771718,16.36341662368563,22.42137671890964,26.65164496820726,157.65804574601768
05/18/2023 18:40:58.709294,2391,True,True,True,True,Eyes,2.45895,0.02749353,-3.103863,-0.01299467,-0.2559083,-0.9666138,0.0,0.0,0.0,0.0,0.0,0.0,0.0,3.548453,-0.09555891,-1.905015,2.428945,0.03630171,-3.21382,-0.0634029,0.9717171,-0.0852861,-0.2108847,11.09809,203.9933,354.899,0.6303034,0.006687781,-0.7763199,-0.02030973,0.003404968,-0.1474474,2.85164,-0.4129807,-4.824446,-0.2816068,-0.2072001,1.991,-0.9030156,-0.08724827,0.4206554,-0.1591904,0.9774126,-0.1390065,-0.3990258,-0.1924894,-0.8965079,moving,0.7702094,14.82869,-8.050506,-5.941289,7.00562965118813,16.327636102586553,22.565394918508254,26.88107598240048,157.51892596459373
05/18/2023 18:40:58.719564,2392,True,True,True,True,Eyes,2.45717,0.02773813,-3.109186,-0.01948757,-0.2549498,-0.9667579,0.0,0.0,0.0,0.0,0.0,0.0,0.0,3.570393,-0.04788387,-1.874386,2.42432,0.03675917,-3.222521,-0.06485482,0.9708065,-0.07839774,-0.2172153,10.39265,204.7364,354.641,0.6293725,0.00671334,-0.7770744,-0.01909114,0.00320067,-0.1386005,2.849069,-0.4066046,-4.835909,-0.2859575,-0.2071999,1.991001,-0.8972228,-0.09186459,0.4319169,-0.1599813,0.9792953,-0.1240431,-0.4115791,-0.180393,-0.8933428,moving,1.154792,14.77348,-8.173213,-5.941282,7.365030695201341,16.284761826163408,22.718121445151866,27.11888716916682,157.37179082355948
05/18/2023 18:40:58.739983,2393,True,True,True,True,Eyes,2.455266,0.02800336,-3.114661,-0.02624238,-0.2540029,-0.9668474,0.0,0.0,0.0,0.0,0.0,0.0,0.0,3.593831,-0.01638448,-1.837954,2.419943,0.03607278,-3.230562,-0.06686874,0.9693919,-0.07557397,-0.2238227,10.16335,205.5052,354.4139,0.6284419,0.006741969,-0.777827,-0.01794567,0.00300863,-0.1302845,2.846176,-0.4098839,-4.844904,-0.2905015,-0.2072001,1.991,-0.8908641,-0.09581369,0.444051,-0.1634744,0.9796343,-0.1165881,-0.4238368,-0.1764551,-0.8883841,moving,1.554752,14.7197,-8.301297,-5.94129,7.73873244904498,16.243578117200926,22.891444027638382,27.376101221755963,157.20493126456762
05/18/2023 18:40:58.750899,2394,True,True,True,True,Eyes,2.403424,0.03382123,-3.254454,-0.2065557,-0.214858,-0.9545527,0.0,0.0,0.0,0.0,0.0,0.0,0.0,3.622077,0.01484671,-1.790378,2.414525,0.03678627,-3.239419,-0.06974147,0.967415,-0.07377058,-0.2319525,10.08372,206.4476,354.1286,0.6275074,0.006773881,-0.7785808,-0.01686893,0.002828112,-0.1224674,2.843344,-0.423832,-4.851447,-0.2947586,-0.2072001,1.991,-0.8826682,-0.1007154,0.4590785,-0.1691605,0.9793881,-0.1103801,-0.438499,-0.175087,-0.8815117,moving,12.20998,12.68517,-8.421213,-5.941289,17.705971505759642,14.58311548819697,27.795523011483883,33.22470390828377,152.5238789272961
05/18/2023 18:40:58.770084,2395,True,True,True,True,Eyes,2.403149,0.03375948,-3.254728,-0.2073027,-0.2147743,-0.9544096,0.0,0.0,0.0,0.0,0.0,0.0,0.0,3.649626,0.0626516,-1.739927,2.408527,0.03613999,-3.247881,-0.0705462,0.9657471,-0.06655667,-0.2406785,9.352716,207.4914,353.9368,0.6238348,0.006951504,-0.7815249,-0.1713827,0.02011202,-0.5344982,2.840897,-0.4347091,-4.858441,-0.2990166,-0.2072001,1.991001,-0.8741943,-0.104222,0.4742598,-0.1682971,0.9811869,-0.0945959,-0.4554785,-0.1625117,-0.8752883,moving,12.25459,12.68222,-8.54108,-5.941288,17.747594254632606,14.581375441522066,27.91585465241865,33.35077373615445,152.40602420379085
05/18/2023 18:40:58.790890,2396,True,True,True,True,Eyes,2.40261,0.0336726,-3.255289,-0.2091315,-0.2146595,-0.9540364,0.0,0.0,0.0,0.0,0.0,0.0,0.0,3.683706,0.09980872,-1.670019,2.402365,0.03460869,-3.255159,-0.07219488,0.9631027,-0.06292673,-0.2515179,9.063352,208.7769,353.7558,0.62073,0.007098943,-0.7839919,-0.1610998,0.0189053,-0.5024283,2.838484,-0.4560453,-4.862284,-0.3034242,-0.2071999,1.991002,-0.8630531,-0.1074078,0.4935611,-0.1707166,0.9816563,-0.08489322,-0.4753892,-0.1575264,-0.8655579,moving,12.36408,12.68046,-8.665077,-5.941278,17.849647213665953,14.582234580037966,28.089047158479637,33.52976541447524,152.23732497331247
05/18/2023 18:40:58.799774,2397,True,True,True,True,Eyes,2.401781,0.03357478,-3.256087,-0.211924,-0.214861,-0.9533745,0.0,0.0,0.0,0.0,0.0,0.0,0.0,3.727294,0.1330382,-1.573351,2.395639,0.0339236,-3.262761,-0.07459358,0.9592195,-0.0613258,-0.2656559,9.049185,210.4511,353.5744,0.6180702,0.007221669,-0.7860895,-0.1514338,0.01777098,-0.4722826,2.83341,-0.4867533,-4.863784,-0.3077514,-0.2072,1.991,-0.8477256,-0.1105201,0.5187938,-0.1756864,0.9813499,-0.07801735,-0.5004957,-0.1572823,-0.8513323,moving,12.53242,12.7005,-8.786742,-5.941285,18.006116265370103,14.604846562180374,28.32000735113727,33.76389752677608,152.0133293200337
05/18/2023 18:40:58.819800,2398,True,True,True,True,Eyes,2.400756,0.03347425,-3.257123,-0.2158333,-0.2151385,-0.9524344,0.0,0.0,0.0,0.0,0.0,0.0,0.0,3.773396,0.1592485,-1.462351,2.389022,0.03359821,-3.270138,-0.07465338,0.9549271,-0.05829718,-0.2813228,8.820682,212.3376,353.6218,0.6156483,0.007329599,-0.7879867,-0.1423478,0.01670473,-0.4439456,2.825125,-0.5029597,-4.869407,-0.3122091,-0.2071999,1.991,-0.8305686,-0.1097764,0.5459896,-0.1753777,0.9820566,-0.06933571,-0.5285814,-0.1533425,-0.8349177,moving,12.76828,12.72851,-8.911989,-5.941286,18.225345265767363,14.636464491844515,28.611105301857474,34.056992326930434,151.73157798318985
05/18/2023 18:40:58.840020,2399,True,True,True,True,Eyes,2.399561,0.03337071,-3.258403,-0.2206413,-0.2155332,-0.9512428,0.0,0.0,0.0,0.0,0.0,0.0,0.0,3.817356,0.1613981,-1.350302,2.383455,0.03341739,-3.277132,-0.07312112,0.9504516,-0.05796898,-0.2965382,8.833278,214.1857,353.9226,0.6134353,0.00742416,-0.7897097,-0.1338069,0.01570244,-0.4173089,2.811901,-0.5096757,-4.878222,-0.316525,-0.2071998,1.991,-0.813437,-0.1046161,0.5721679,-0.1733762,0.9825858,-0.06682701,-0.5552129,-0.1535598,-0.8174096,moving,13.05886,12.76656,-9.033165,-5.941282,18.495367867047328,14.6787329324479,28.948936438107513,34.39484172992339,151.40513758259695
05/18/2023 18:40:58.850097,2400,True,True,True,True,Eyes,2.399561,0.03337071,-3.258403,-0.2206413,-0.2155332,-0.9512428,0.0,0.0,0.0,0.0,0.0,0.0,0.0,3.853638,0.1498296,-1.253811,2.378288,0.03327899,-3.284456,-0.07039425,0.9464851,-0.05847656,-0.3095016,8.874383,215.7778,354.3626,0.6114059,0.007506597,-0.7912812,-0.1257785,0.01476029,-0.3922704,2.795056,-0.5031527,-4.891885,-0.3208632,-0.2072001,1.991001,-0.798507,-0.09705704,0.5941102,-0.1694514,0.9832503,-0.06712011,-0.5776445,-0.1542686,-0.8015787,moving,13.05886,12.76656,-9.154887,-5.941288,18.495367867047328,14.6787329324479,29.04193747963646,34.49234491111418,151.31338629864848
05/18/2023 18:40:58.874905,2401,True,True,True,True,Eyes,2.399561,0.03337071,-3.258403,-0.2206413,-0.2155332,-0.9512428,0.0,0.0,0.0,0.0,0.0,0.0,0.0,3.878155,0.1325269,-1.185689,2.372774,0.03239055,-3.29126,-0.06691313,0.9436367,-0.05866652,-0.3187957,8.823027,216.9354,354.8397,0.6095757,0.007580756,-0.7926912,-0.1182318,0.01387468,-0.3687341,2.774162,-0.4942406,-4.906696,-0.3251406,-0.2071999,1.991,-0.787784,-0.0888781,0.6095058,-0.1636886,0.9841617,-0.06805651,-0.5938036,-0.153383,-0.7898552,moving,13.05886,12.76656,-9.274827,-5.941286,18.495367867047328,14.6787329324479,29.13377896829872,34.58856608372616,151.22278581776456
05/18/2023 18:40:58.891223,2402,True,True,True,True,Eyes,2.399561,0.03337071,-3.258403,-0.2206413,-0.2155332,-0.9512428,0.0,0.0,0.0,0.0,0.0,0.0,0.0,3.895588,0.1156883,-1.13705,2.367501,0.03173696,-3.297848,-0.06630888,0.9411389,-0.06235787,-0.3255336,9.23861,217.7646,355.1056,0.6079258,0.007647461,-0.7939565,-0.1111379,0.0130422,-0.3466101,2.7517,-0.4961368,-4.918388,-0.3294038,-0.2071998,1.991001,-0.7792621,-0.08421257,0.6210147,-0.1654109,0.9834292,-0.07420329,-0.6044751,-0.1605464,-0.7802787,moving,13.05886,12.76656,-9.394278,-5.941279,18.495367867047328,14.6787329324479,29.225445182186107,34.68453889968272,151.13236595990122
05/18/2023 18:40:58.899875,2403,True,True,True,True,Eyes,2.399561,0.03337071,-3.258403,-0.2206413,-0.2155332,-0.9512428,0.0,0.0,0.0,0.0,0.0,0.0,0.0,3.912085,0.1103295,-1.087886,2.361641,0.03228994,-3.304796,-0.06857178,0.9382281,-0.06747381,-0.3323756,9.915452,218.5906,355.1188,0.6064386,0.007707474,-0.7950925,-0.1044696,0.01225966,-0.3258135,2.730283,-0.5029832,-4.928045,-0.3337708,-0.2072,1.991001,-0.769649,-0.08381862,0.6329418,-0.1735252,0.9814904,-0.08102846,-0.6144346,-0.1721948,-0.7699478,moving,13.05886,12.76656,-9.51656,-5.941285,18.495367867047328,14.6787329324479,29.319499530524475,34.782944705173186,151.03960323375338
05/18/2023 18:40:58.920116,2404,True,True,True,True,Eyes,2.397158,0.03317575,-3.26089,-0.2271032,-0.2187115,-0.9489939,0.0,0.0,0.0,0.0,0.0,0.0,0.0,3.926877,0.1036645,-1.041255,2.355191,0.03173617,-3.311706,-0.06825704,0.9357412,-0.06939999,-0.3389881,10.14602,219.4099,355.2981,0.6050982,0.00776146,-0.7961125,-0.09820141,0.01152408,-0.3062647,2.70822,-0.5081317,-4.938092,-0.3380514,-0.2072,1.991,-0.760856,-0.0806903,0.6438845,-0.1747934,0.9810492,-0.08360422,-0.6249363,-0.1761575,-0.7605413,moving,13.45832,12.97816,-9.636335,-5.941286,18.863510374423704,14.885943032211468,29.854790679486285,35.29893278168977,150.52587452067056
05/18/2023 18:40:58.939806,2405,True,True,True,True,Eyes,2.394625,0.03297319,-3.263548,-0.2336445,-0.2219697,-0.9466466,0.0,0.0,0.0,0.0,0.0,0.0,0.0,3.940544,0.0924871,-0.9985294,2.349384,0.03127871,-3.318572,-0.06740361,0.9334497,-0.07144488,-0.3449985,10.36328,220.1633,355.5374,0.6038237,0.007805091,-0.7970792,-0.09230933,0.01083264,-0.2878888,2.686563,-0.5057317,-4.950328,-0.3425524,-0.2072002,1.991,-0.7528655,-0.076539,0.6537088,-0.1751325,0.9807047,-0.0868721,-0.6344463,-0.1798887,-0.7517432,moving,13.86425,13.19632,-9.762189,-5.941294,19.237555510725887,15.099441646818658,30.404882657785688,35.82872783461173,149.99871635358502
05/18/2023 18:40:58.950038,2406,True,True,True,True,Eyes,2.391646,0.0327087,-3.266005,-0.236769,-0.2244474,-0.945285,0.0,0.0,0.0,0.0,0.0,0.0,0.0,3.951134,0.09161234,-0.9657555,2.343731,0.03093063,-3.325433,-0.06834744,0.9313998,-0.07366288,-0.3498524,10.6636,220.7614,355.5777,0.6026044,0.00783921,-0.7980011,-0.08677077,0.01018268,-0.2706155,2.662719,-0.505125,-4.961938,-0.3469251,-0.2072,1.991001,-0.7458638,-0.07577531,0.6617744,-0.1788599,0.9798048,-0.08939617,-0.6416357,-0.1850422,-0.744354,moving,14.06179,13.3569,-9.884357,-5.941286,19.418534817492485,15.254272617416024,30.75447835740683,36.16505459655753,149.66355638375472
05/18/2023 18:40:58.969961,2407,True,True,True,True,Eyes,2.389565,0.03252795,-3.269686,-0.2420061,-0.2284376,-0.9430001,0.0,0.0,0.0,0.0,0.0,0.0,0.0,3.958517,0.09958732,-0.943068,2.337557,0.03044728,-3.332274,-0.06911989,0.9299068,-0.07350611,-0.3536842,10.69617,221.2295,355.5317,0.6014293,0.007863348,-0.7988869,-0.08156452,0.00957172,-0.2543785,2.638441,-0.5124158,-4.971002,-0.351013,-0.2072,1.991,-0.7402599,-0.07655422,0.6679482,-0.180546,0.9796386,-0.08781446,-0.6476253,-0.1856009,-0.7390087,moving,14.39344,13.61732,-9.998489,-5.941287,19.722557209386714,15.505627619726148,31.265081290818515,36.651203724930006,149.17654426251187
05/18/2023 18:40:58.991543,2408,True,True,True,True,Eyes,2.387291,0.03234174,-3.273483,-0.2473687,-0.23233,-0.9406549,0.0,0.0,0.0,0.0,0.0,0.0,0.0,3.966068,0.1064889,-0.9177108,2.331145,0.02999865,-3.338876,-0.07003239,0.9282402,-0.07384218,-0.3577886,10.78944,221.7324,355.494,0.6002944,0.007880258,-0.7997398,-0.07667065,0.008997417,-0.2391158,2.614157,-0.5131536,-4.981955,-0.3555284,-0.2072001,1.991001,-0.7341656,-0.077174,0.6745702,-0.1828536,0.9792856,-0.08697301,-0.6538849,-0.1872002,-0.7330693,moving,14.73376,13.87368,-10.12447,-5.941288,20.034735944469965,15.753380798445978,31.789378030624064,37.15153237048531,148.67698195271754
05/18/2023 18:40:58.999793,2409,True,True,True,True,Eyes,2.384825,0.03213708,-3.27739,-0.2528771,-0.2361078,-0.9382464,0.0,0.0,0.0,0.0,0.0,0.0,0.0,3.974124,0.1098772,-0.8886318,2.324413,0.02970282,-3.345388,-0.07044444,0.9264251,-0.07425246,-0.3622991,10.87241,222.2915,355.5194,0.5991916,0.007890533,-0.8005663,-0.0720704,0.008457572,-0.2247689,2.590256,-0.5120974,-4.993083,-0.3597699,-0.2071999,1.991001,-0.7275538,-0.07671979,0.6817474,-0.1843262,0.9790483,-0.08653478,-0.6608247,-0.1886226,-0.7264519,moving,15.08399,14.12508,-10.24271,-5.941283,20.35624368739129,15.996718108506684,32.31254643227255,37.650655497613286,148.17947379580662
05/18/2023 18:40:59.019651,2410,True,True,True,True,Eyes,2.382028,0.03188999,-3.28123,-0.2585202,-0.2396925,-0.9357964,0.0,0.0,0.0,0.0,0.0,0.0,0.0,3.982229,0.1091284,-0.8583894,2.317529,0.02909365,-3.351879,-0.0700161,0.9246252,-0.07440878,-0.3669187,10.89332,222.8721,355.6271,0.5981131,0.007894396,-0.8013725,-0.06774618,0.007950118,-0.2112827,2.566581,-0.5152415,-5.002939,-0.3640601,-0.2071999,1.991,-0.7209371,-0.07487335,0.6889443,-0.1840813,0.9791222,-0.08622004,-0.6681051,-0.1889809,-0.7196682,moving,15.44318,14.36673,-10.36222,-5.941285,20.68628719251369,16.231134188664125,32.83799845301514,38.1526666376207,147.6804501872022
05/18/2023 18:40:59.039632,2411,True,True,True,True,Eyes,2.379058,0.03161846,-3.285163,-0.2642299,-0.2432457,-0.9332814,0.0,0.0,0.0,0.0,0.0,0.0,0.0,3.989642,0.1044743,-0.8302255,2.310923,0.02817266,-3.358017,-0.06929622,0.9229253,-0.07501528,-0.3711867,10.94757,223.4141,355.7815,0.5970521,0.00789149,-0.8021634,-0.06368141,0.007473111,-0.1986058,2.544991,-0.5302947,-5.008721,-0.3685112,-0.2071999,1.991002,-0.7148369,-0.07222114,0.6955518,-0.1835998,0.9791415,-0.08702331,-0.6747586,-0.1899107,-0.7131863,moving,15.80784,14.60828,-10.48611,-5.94128,21.02142938294839,16.46558189029558,33.37148817173277,38.66254644664296,147.1745575645598
05/18/2023 18:40:59.049887,2412,True,True,True,True,Eyes,2.375624,0.03131946,-3.288889,-0.27391,-0.2446514,-0.9301177,0.0,0.0,0.0,0.0,0.0,0.0,0.0,3.996126,0.09917462,-0.804903,2.303962,0.02729359,-3.364184,-0.06889978,0.9212702,-0.07617097,-0.3751162,11.0718,223.9142,355.9212,0.5960032,0.007881902,-0.8029431,-0.05986052,0.007024724,-0.1866894,2.525869,-0.5505528,-5.012296,-0.3728514,-0.2071999,1.991001,-0.7090814,-0.06980469,0.7016631,-0.1840965,0.9789016,-0.08865722,-0.6806704,-0.1920389,-0.7069718,moving,16.40915,14.73686,-10.60683,-5.941281,21.579242458862275,16.599703240370772,34.021297602770545,39.294264605051154,146.55627508278158
05/18/2023 18:40:59.069834,2413,True,True,True,True,Eyes,2.371924,0.03098425,-3.292579,-0.2833405,-0.2462443,-0.9268667,0.0,0.0,0.0,0.0,0.0,0.0,0.0,4.001432,0.09843975,-0.7835884,2.296858,0.02645359,-3.370298,-0.0686621,0.9198202,-0.07645238,-0.3786443,11.107,224.3602,356.0019,0.59496,0.00786571,-0.8037165,-0.05626889,0.006603241,-0.1754881,2.505991,-0.5690135,-5.016352,-0.377083,-0.2072001,1.991,-0.7038282,-0.06841706,0.707068,-0.1842101,0.9788811,-0.08864785,-0.6860704,-0.1926419,-0.7015672,moving,16.99824,14.8783,-10.72444,-5.941288,22.125422522480747,16.745582261160337,34.669903819770596,39.922519334238,145.94022992496946
05/18/2023 18:40:59.091767,2414,True,True,True,True,Eyes,2.368077,0.03063231,-3.296356,-0.2926254,-0.2478308,-0.9235531,0.0,0.0,0.0,0.0,0.0,0.0,0.0,4.006023,0.1009147,-0.7632666,2.289604,0.02557039,-3.376099,-0.06880819,0.9183817,-0.07658882,-0.3820664,11.14275,224.7897,356.034,0.5939181,0.007842723,-0.8044869,-0.05289276,0.006207046,-0.1649588,2.482634,-0.5876882,-5.020307,-0.3814808,-0.2071998,1.991,-0.6985815,-0.06786034,0.7123054,-0.1849084,0.9787992,-0.08809693,-0.6912256,-0.1932541,-0.6963189,moving,17.58067,15.02115,-10.84656,-5.941281,22.66536995547942,16.892628624991456,35.320403719417776,40.5516569094684,145.32299437256174
05/18/2023 18:40:59.099618,2415,True,True,True,True,Eyes,2.266948,0.02159181,-3.391586,-0.5112013,-0.2813106,-0.8121191,0.0,0.0,0.0,0.0,0.0,0.0,0.0,4.010474,0.1038811,-0.7433972,2.28225,0.02482978,-3.382018,-0.06931198,0.9168914,-0.07711884,-0.3854333,11.23593,225.2116,356.0448,0.5928736,0.007813202,-0.8052574,-0.04971919,0.005834623,-0.1550612,2.453013,-0.6152034,-5.02032,-0.3856896,-0.2071999,1.991001,-0.6932741,-0.06765475,0.7174914,-0.1865514,0.978497,-0.0879889,-0.6961104,-0.1948495,-0.6909879,moving,32.18902,19.10562,-10.96335,-5.941282,36.19855780883976,21.05026986846163,49.894632340708796,54.33957508517485,131.90200721627443
05/18/2023 18:40:59.119583,2416,True,True,True,True,Eyes,2.266647,0.02154229,-3.391813,-0.5114012,-0.28123,-0.8120213,0.0,0.0,0.0,0.0,0.0,0.0,0.0,4.013995,0.106925,-0.7268038,2.274604,0.02431793,-3.387832,-0.06900793,0.9156992,-0.07626048,-0.3884811,11.14425,225.5948,356.0768,0.5888019,0.007540555,-0.808242,-0.3501239,-0.02163694,-0.4314486,2.420495,-0.6251001,-5.025875,-0.3902045,-0.2072,1.991,-0.6886409,-0.06712949,0.7219888,-0.1856325,0.9788445,-0.08604674,-0.7009385,-0.1932798,-0.6865338,moving,32.20223,19.10267,-11.08852,-5.941287,36.210923070751335,21.047810979450468,50.012886517180235,54.4577701025999,131.78366540840355
05/18/2023 18:40:59.139760,2417,True,True,True,True,Eyes,2.266074,0.02146633,-3.39228,-0.5117509,-0.2812608,-0.8117902,0.0,0.0,0.0,0.0,0.0,0.0,0.0,4.01668,0.1056546,-0.7152262,2.26711,0.0230545,-3.39354,-0.06793043,0.9148294,-0.07523274,-0.3909129,10.99714,225.9064,356.1758,0.5853737,0.007307139,-0.8107304,-0.3291165,-0.02033873,-0.4055617,2.385838,-0.6169829,-5.036633,-0.3942929,-0.2071999,1.991002,-0.6851453,-0.06547061,0.7254583,-0.1831084,0.979451,-0.08454047,-0.7050159,-0.19076,-0.6830544,moving,32.22725,19.10966,-11.20177,-5.94128,36.23410172652699,21.054926656221085,50.13610847526959,54.579823197596724,131.66256149147358
05/18/2023 18:40:59.149927,2418,True,True,True,True,Eyes,2.265206,0.02136864,-3.392942,-0.5122329,-0.2812437,-0.8114921,0.0,0.0,0.0,0.0,0.0,0.0,0.0,4.018358,0.1035245,-0.7068424,2.259279,0.02230518,-3.398926,-0.06766135,0.9139714,-0.07544229,-0.392921,11.01554,226.1634,356.2385,0.5824173,0.007103011,-0.8128586,-0.3093695,-0.0191184,-0.381228,2.354738,-0.6118265,-5.04609,-0.3986491,-0.2072,1.991002,-0.6820701,-0.06439535,0.7284461,-0.1829668,0.9794608,-0.08473305,-0.708028,-0.1910753,-0.6798433,moving,32.26109,19.11509,-11.32235,-5.941283,36.26552850876728,21.0607840335649,50.27263739002291,54.71487736484774,131.52840364711614
05/18/2023 18:40:59.175268,2419,True,True,True,True,Eyes,2.26406,0.02125601,-3.393799,-0.512857,-0.2812117,-0.8111089,0.0,0.0,0.0,0.0,0.0,0.0,0.0,4.019592,0.1041128,-0.7001677,2.251342,0.02167359,-3.40429,-0.06726278,0.9132496,-0.07477871,-0.39479,10.93484,226.4,356.2736,0.5797282,0.006916817,-0.8147803,-0.2908073,-0.0179713,-0.3583543,2.325034,-0.6000607,-5.057306,-0.4031476,-0.2071999,1.991001,-0.6792329,-0.06381161,0.7311432,-0.1818992,0.9797677,-0.08347389,-0.7110239,-0.1896926,-0.6770977,moving,32.30481,19.12145,-11.44676,-5.941281,36.306143300736615,21.067738107976517,50.421625942082244,54.86188920210953,131.38246661981674
05/18/2023 18:40:59.192498,2420,True,True,True,True,Eyes,2.262635,0.02111204,-3.394834,-0.5135654,-0.2810439,-0.8107188,0.0,0.0,0.0,0.0,0.0,0.0,0.0,4.020049,0.1038561,-0.697238,2.243289,0.02117345,-3.409534,-0.0665694,0.9127581,-0.07373791,-0.3962373,10.79901,226.5841,356.3176,0.577274,0.006746416,-0.8165224,-0.2733589,-0.01689302,-0.336853,2.296901,-0.5932015,-5.066997,-0.4073138,-0.2071997,1.991001,-0.6771291,-0.06308808,0.733155,-0.1799589,0.9802625,-0.08185521,-0.7135202,-0.1873643,-0.6751176,moving,32.353,19.11939,-11.56189,-5.941278,36.35108469431295,21.06691309059755,50.562383689046186,55.00086844809004,131.24379371871544
05/18/2023 18:40:59.200289,2421,True,True,True,True,Eyes,2.26092,0.02094961,-3.396014,-0.514183,-0.280592,-0.8104838,0.0,0.0,0.0,0.0,0.0,0.0,0.0,4.019902,0.1033416,-0.698144,2.235186,0.02024405,-3.414854,-0.06542005,0.9125196,-0.07207243,-0.397283,10.5746,226.7182,356.3764,0.5750256,0.006589476,-0.8181086,-0.2569574,-0.01587944,-0.3166418,2.270246,-0.5632353,-5.084028,-0.4117427,-0.2072,1.991001,-0.6757728,-0.06212782,0.7344871,-0.1766604,0.9810515,-0.07955446,-0.7156271,-0.1835155,-0.6739435,moving,32.39165,19.09601,-11.68417,-5.941285,36.38754621844949,21.045913384095847,50.69067024206156,55.128928674605,131.113854870166
05/18/2023 18:40:59.219671,2422,True,True,True,True,Eyes,2.25893,0.02077356,-3.397342,-0.5148885,-0.2800113,-0.8102368,0.0,0.0,0.0,0.0,0.0,0.0,0.0,4.018681,0.09660879,-0.7025504,2.226686,0.01960284,-3.419677,-0.0634234,0.9125349,-0.07036372,-0.3978775,10.30501,226.8016,356.5177,0.5729563,0.006444199,-0.8195602,-0.2415399,-0.01492667,-0.2976433,2.248529,-0.5567874,-5.092486,-0.416014,-0.2071999,1.991001,-0.675342,-0.05975986,0.7350797,-0.1717444,0.9820528,-0.07794922,-0.7172288,-0.1788882,-0.6734849,moving,32.43511,19.06474,-11.80199,-5.941283,36.4286409728679,21.017638468569796,50.81557047487048,55.25375291135868,130.9863972645741
05/18/2023 18:40:59.239573,2423,True,True,True,True,Eyes,2.256491,0.02057135,-3.398594,-0.5136148,-0.2796009,-0.8111862,0.0,0.0,0.0,0.0,0.0,0.0,0.0,4.017994,0.09013063,-0.7039399,2.218106,0.01905969,-3.424554,-0.06146948,0.91238,-0.0687192,-0.3988259,10.04533,226.9293,356.6609,0.5710427,0.006309108,-0.8208957,-0.2270475,-0.01403107,-0.2797847,2.228307,-0.5423413,-5.104151,-0.4203181,-0.2072001,1.991,-0.674319,-0.05735305,0.7362098,-0.166981,0.9829983,-0.07636481,-0.7193131,-0.1744273,-0.6724313,moving,32.34057,19.01813,-11.92063,-5.941289,36.3414462836526,20.97184551616767,50.813644056075745,55.25888902877472,130.97590433470893
05/18/2023 18:40:59.249751,2424,True,True,True,True,Eyes,2.253795,0.02035749,-3.399979,-0.5125403,-0.2789655,-0.8120842,0.0,0.0,0.0,0.0,0.0,0.0,0.0,4.017059,0.09140387,-0.703856,2.209113,0.0184373,-3.429287,-0.0597419,0.9121717,-0.06575367,-0.4000627,9.657507,227.0858,356.7215,0.569263,0.006182591,-0.8221319,-0.2134247,-0.01318921,-0.2629977,2.205856,-0.488586,-5.127379,-0.424651,-0.2071999,1.991,-0.6727616,-0.05637857,0.7377083,-0.1616009,0.9842147,-0.07215625,-0.7219953,-0.1677583,-0.6712526,moving,32.25774,18.95852,-12.03994,-5.941286,36.26541209249157,20.91415217253509,50.816186321092964,55.26863124972822,130.9597226990609
05/18/2023 18:40:59.275200,2425,True,True,True,True,Eyes,2.251022,0.02012228,-3.401708,-0.5117248,-0.2780246,-0.8129207,0.0,0.0,0.0,0.0,0.0,0.0,0.0,4.016254,0.09619513,-0.7026086,2.200278,0.01789127,-3.433899,-0.05845449,0.9118703,-0.06269835,-0.4014284,9.280972,227.2553,356.7315,0.5675984,0.006063514,-0.823283,-0.2006192,-0.01239786,-0.2472178,2.184314,-0.4715694,-5.139027,-0.4289789,-0.2071999,1.991001,-0.6708768,-0.05626803,0.7394312,-0.1569436,0.985304,-0.06741492,-0.7247712,-0.1612761,-0.6698484,moving,32.18998,18.88105,-12.15901,-5.941282,36.20376241344186,20.840086223025448,50.823036901963306,55.28290368108074,130.9375127962922
05/18/2023 18:40:59.292540,2426,True,True,True,True,Eyes,2.248001,0.01995249,-3.40355,-0.5111147,-0.2770405,-0.8136402,0.0,0.0,0.0,0.0,0.0,0.0,0.0,4.015662,0.1103574,-0.6974783,2.191115,0.01685378,-3.438448,-0.05764351,0.9113567,-0.05847434,-0.4033445,8.805597,227.4874,356.6413,0.5660319,0.005950558,-0.8243616,-0.188582,-0.01165399,-0.2323847,2.165993,-0.518514,-5.132132,-0.4334572,-0.2072001,1.991001,-0.6679808,-0.05789699,0.7419228,-0.1522382,0.9865159,-0.06008159,-0.7284402,-0.1530824,-0.6677879,moving,32.13633,18.80346,-12.28211,-5.941285,36.15526227130864,20.766230970376004,50.84584759003065,55.31247998288657,130.9001657398278
05/18/2023 18:40:59.309933,2427,True,True,True,True,Eyes,2.244657,0.01999757,-3.40547,-0.5107798,-0.275973,-0.814213,0.0,0.0,0.0,0.0,0.0,0.0,0.0,4.016235,0.1176912,-0.6873851,2.182158,0.01824166,-3.443013,-0.05811829,0.9103812,-0.0572558,-0.405648,8.708085,227.7714,356.5567,0.5645492,0.005844767,-0.8253785,-0.1772671,-0.01095475,-0.2184417,2.143462,-0.4975552,-5.145436,-0.4381458,-0.2072001,1.990999,-0.6641439,-0.05936819,0.7452438,-0.152271,0.9866881,-0.05709805,-0.7319334,-0.1514003,-0.664343,moving,32.10126,18.72381,-12.41088,-5.941294,36.12411389890061,20.69087283660312,50.88907508208826,55.36170105026563,130.84317210467103
05/18/2023 18:40:59.319756,2428,True,True,True,True,Eyes,2.241031,0.01995876,-3.407514,-0.5108058,-0.2738331,-0.8149189,0.0,0.0,0.0,0.0,0.0,0.0,0.0,4.017054,0.1243706,-0.6763396,2.172291,0.02350096,-3.448219,-0.05836217,0.9093826,-0.05497602,-0.4081603,8.489649,228.0805,356.4484,0.5631353,0.005750686,-0.8263444,-0.1666311,-0.01029746,-0.2053352,2.119514,-0.4491738,-5.164487,-0.4421391,-0.2072,1.991,-0.6599982,-0.06126904,0.7487649,-0.1510252,0.987143,-0.05234622,-0.7359308,-0.1476307,-0.6607658,moving,32.08023,18.57363,-12.52044,-5.941289,36.10740119883096,20.54981749669009,50.89401750722241,55.37549695558224,130.81498879098407
05/18/2023 18:40:59.339707,2429,True,True,True,True,Eyes,2.237273,0.01985974,-3.40966,-0.511066,-0.271999,-0.8153699,0.0,0.0,0.0,0.0,0.0,0.0,0.0,4.014795,0.1445936,-0.677803,2.161944,0.02119911,-3.453179,-0.05193608,0.9098392,-0.04114057,-0.4096374,6.742796,228.2706,356.4899,0.5617766,0.005665057,-0.8272692,-0.1566332,-0.009679615,-0.193015,2.09759,-0.4866458,-5.160291,-0.4462675,-0.2072001,1.991,-0.6589998,-0.06080154,0.7496818,-0.1282124,0.9912202,-0.03231267,-0.7411351,-0.1174125,-0.6610094,moving,32.07909,18.44817,-12.63361,-5.94129,36.108746902459465,20.43235631183042,50.932026274060604,55.420091809634016,130.75847632221974
05/18/2023 18:40:59.349790,2430,True,True,True,True,Eyes,2.233304,0.01996002,-3.411918,-0.5114227,-0.2708633,-0.8155243,0.0,0.0,0.0,0.0,0.0,0.0,0.0,4.014466,0.1447986,-0.6708651,2.153939,0.01971331,-3.456461,-0.05157122,0.9090932,-0.04083889,-0.4113664,6.700653,228.4903,356.5269,0.5604649,0.005585587,-0.828159,-0.1472352,-0.009098838,-0.1814341,2.074564,-0.5101314,-5.159605,-0.4508181,-0.2071998,1.991001,-0.6562362,-0.06016658,0.7521529,-0.1273656,0.9913452,-0.03182337,-0.7437285,-0.116682,-0.6582197,moving,32.0922,18.37308,-12.75823,-5.94128,36.12240355017822,20.36236949060621,51.017145876602115,55.508542701024645,130.66295386609394
05/18/2023 18:40:59.369993,2431,True,True,True,True,Eyes,2.229139,0.02003784,-3.414314,-0.5121377,-0.269178,-0.8156336,0.0,0.0,0.0,0.0,0.0,0.0,0.0,4.017457,0.1649768,-0.6447663,2.144868,0.02476477,-3.461477,-0.05968406,0.9064257,-0.04768493,-0.4153994,7.818247,228.971,356.0305,0.5591905,0.005516557,-0.8290206,-0.1384011,-0.008552908,-0.1705481,2.046365,-0.4835031,-5.172043,-0.4551278,-0.2071999,1.991001,-0.6477625,-0.06858175,0.7587493,-0.1478149,0.9883279,-0.03686024,-0.7473652,-0.1360311,-0.6503392,moving,32.12478,18.26409,-12.87615,-5.941284,36.1548523364126,20.26109677425994,51.09778695153809,55.59320055863492,130.56799969577827
05/18/2023 18:40:59.389824,2432,True,True,True,True,Eyes,2.22483,0.02008281,-3.41673,-0.5129711,-0.2678106,-0.81556,0.0,0.0,0.0,0.0,0.0,0.0,0.0,4.016085,0.1855754,-0.6420107,2.135397,0.02398131,-3.466273,-0.05506285,0.9064576,-0.03621069,-0.4171233,6.406569,229.1959,355.983,0.557945,0.00545638,-0.8298597,-0.130097,-0.008039733,-0.1603152,2.019225,-0.4742122,-5.179178,-0.4594065,-0.2072002,1.991,-0.6459528,-0.06961562,0.7601967,-0.1300329,0.9913138,-0.01971092,-0.7522212,-0.1115829,-0.6493942,moving,32.16908,18.17896,-12.99311,-5.941294,36.19776349486815,20.18242618557127,51.19970760288203,55.69731404226011,130.45581329131994
05/18/2023 18:40:59.399779,2433,True,True,True,True,Eyes,2.220347,0.02028037,-3.419216,-0.5139258,-0.2675764,-0.8150356,0.0,0.0,0.0,0.0,0.0,0.0,0.0,4.017527,0.1740855,-0.6261563,2.127657,0.02328751,-3.469213,-0.05527646,0.9051172,-0.03932206,-0.4197156,6.752628,229.5271,356.1282,0.5567223,0.005403347,-0.8306808,-0.1222912,-0.007557349,-0.1506963,1.985891,-0.468031,-5.184551,-0.463784,-0.2072001,1.990999,-0.6415668,-0.06705518,0.7641307,-0.1330715,0.9907966,-0.02478137,-0.7554364,-0.1175829,-0.6445853,moving,32.23373,18.17502,-13.11267,-5.941294,36.25807785722738,20.18021824025926,51.36041855268117,55.855206970343744,130.2976085544003
05/18/2023 18:40:59.419537,2434,True,True,True,True,Eyes,2.215655,0.02056026,-3.421795,-0.5151567,-0.2666086,-0.8145756,0.0,0.0,0.0,0.0,0.0,0.0,0.0,4.021798,0.1647251,-0.5977306,2.119216,0.02738765,-3.473822,-0.06070198,0.9024213,-0.04897519,-0.4237366,8.038343,230.0283,356.0591,0.5555167,0.005360512,-0.8314878,-0.1149537,-0.007103908,-0.1416545,1.945936,-0.4419143,-5.193081,-0.4683123,-0.2072001,1.991,-0.6335254,-0.06805235,0.7707235,-0.1510627,0.9878334,-0.0369492,-0.758832,-0.1398358,-0.6360976,moving,32.31022,18.12315,-13.23621,-5.941291,36.33034424892661,20.13341713949521,51.51285865089785,56.00655055144569,130.14128207574643
05/18/2023 18:40:59.439517,2435,True,True,True,True,Eyes,2.210829,0.02083942,-3.424397,-0.5161387,-0.2651932,-0.8144161,0.0,0.0,0.0,0.0,0.0,0.0,0.0,4.021602,0.1642766,-0.5930943,2.109593,0.02947117,-3.478616,-0.05507736,0.9023666,-0.03999755,-0.42556,6.837991,230.272,356.2257,0.5543218,0.005328872,-0.8322852,-0.1080565,-0.006677674,-0.1331553,1.898872,-0.4316953,-5.194013,-0.4723164,-0.2072,1.991,-0.6317306,-0.06535722,0.772428,-0.1334427,0.9907334,-0.02530748,-0.7636162,-0.1190623,-0.634598,moving,32.3646,18.03648,-13.34534,-5.941288,36.38267717653935,20.05353581736709,51.61716742582282,56.11244565696766,130.0269030452255
05/18/2023 18:40:59.449998,2436,True,True,True,True,Eyes,2.205847,0.02116725,-3.427078,-0.5172709,-0.2641152,-0.8140479,0.0,0.0,0.0,0.0,0.0,0.0,0.0,4.022577,0.1609941,-0.5794549,2.101725,0.02967793,-3.482053,-0.05311653,0.9014105,-0.03777611,-0.4280312,6.52142,230.5925,356.3401,0.5531335,0.005307293,-0.8330755,-0.1015731,-0.006277013,-0.1251659,1.839801,-0.4298585,-5.18899,-0.4768599,-0.2072,1.991001,-0.6279356,-0.06342087,0.7756767,-0.1280983,0.9915032,-0.02263249,-0.7676505,-0.1135746,-0.6307243,moving,32.43312,17.97548,-13.46906,-5.941287,36.44769261394132,19.9980062494284,51.75926846937357,56.25414763198585,129.87912529438972
05/18/2023 18:40:59.469788,2437,True,True,True,True,Eyes,2.200717,0.02149046,-3.429842,-0.5183727,-0.2623019,-0.8139334,0.0,0.0,0.0,0.0,0.0,0.0,0.0,4.02506,0.1693574,-0.5558758,2.093019,0.0312448,-3.486699,-0.05641065,0.8993145,-0.04074637,-0.4317304,7.007309,231.0536,356.1711,0.5519478,0.00529597,-0.8338616,-0.09547874,-0.005900392,-0.117656,1.77253,-0.4223768,-5.180761,-0.4810865,-0.2071999,1.991,-0.6208537,-0.06627893,0.7811198,-0.1366447,0.9903152,-0.02457922,-0.7719257,-0.121996,-0.6238974,moving,32.49199,17.86229,-13.58404,-5.941287,36.50471816665892,19.89340404029921,51.86145792933158,56.35880548615058,129.76319138959536
05/18/2023 18:40:59.493491,2438,True,True,True,True,Eyes,2.195485,0.02176576,-3.432634,-0.5196124,-0.2606283,-0.8136805,0.0,0.0,0.0,0.0,0.0,0.0,0.0,4.026103,0.1761158,-0.5407639,2.084141,0.03131088,-3.491179,-0.05318702,0.8983874,-0.03438446,-0.4346135,6.200771,231.4274,356.2121,0.5507605,0.005293766,-0.8346463,-0.08975002,-0.005546369,-0.1105966,1.70881,-0.425129,-5.16849,-0.4854219,-0.2072001,1.991,-0.6165643,-0.0656772,0.7845602,-0.125453,0.9919778,-0.01554952,-0.777245,-0.1080127,-0.6198575,moving,32.5621,17.76068,-13.70186,-5.94129,36.5719945299393,19.79989844707637,51.98208707586201,56.4806978707363,129.63099415941508
05/18/2023 18:40:59.499633,2439,True,True,True,True,Eyes,2.190151,0.02206102,-3.435482,-0.5207559,-0.2592744,-0.8133819,0.0,0.0,0.0,0.0,0.0,0.0,0.0,4.027483,0.1662086,-0.5262246,2.076474,0.03044268,-3.494637,-0.0521463,0.8972047,-0.03528158,-0.4371038,6.251695,231.7516,356.382,0.5495697,0.005298599,-0.8354309,-0.08436502,-0.005213587,-0.1039608,1.654353,-0.4300687,-5.15744,-0.4897205,-0.2072001,1.991001,-0.6124419,-0.06272838,0.7880226,-0.1244152,0.9920719,-0.0177229,-0.7806634,-0.1088963,-0.6153908,moving,32.62881,17.68025,-13.81855,-5.941288,36.63569638335689,19.72614026162453,52.10886976758414,56.60784266935213,129.49552889602427
05/18/2023 18:40:59.519612,2440,True,True,True,True,Eyes,2.184692,0.02236826,-3.438368,-0.5220271,-0.257928,-0.8129951,0.0,0.0,0.0,0.0,0.0,0.0,0.0,4.029346,0.1629457,-0.5072694,2.068441,0.03128488,-3.498581,-0.0547902,0.8953832,-0.03998853,-0.4401,6.882664,232.1316,356.3664,0.5483735,0.005310255,-0.8362165,-0.07930312,-0.004900771,-0.09772318,1.613652,-0.4330009,-5.150903,-0.4940758,-0.2072,1.991001,-0.6066201,-0.06291852,0.7924982,-0.1333143,0.9907979,-0.02338378,-0.7837343,-0.1198364,-0.6094258,moving,32.70467,17.60197,-13.93668,-5.941283,36.70788264140675,19.654604025320022,52.24653377636175,56.745230264334275,129.34989565101435
05/18/2023 18:40:59.539705,2441,True,True,True,True,Eyes,2.179125,0.02265957,-3.441265,-0.523348,-0.2565193,-0.8125914,0.0,0.0,0.0,0.0,0.0,0.0,0.0,4.029768,0.1605392,-0.4966078,2.06002,0.03186723,-3.502387,-0.05410011,0.89438,-0.03935332,-0.4422771,6.791008,232.4131,356.4224,0.5471697,0.005328351,-0.8370047,-0.07454493,-0.004606725,-0.09185979,1.586662,-0.4497044,-5.145534,-0.4984179,-0.2071999,1.991001,-0.6029285,-0.06196196,0.7953857,-0.1315822,0.9910491,-0.02253915,-0.7868695,-0.1182481,-0.6056847,moving,32.78349,17.51989,-14.05432,-5.94128,36.78289986239464,19.57957861538789,52.38517866119195,56.88354021862626,129.2028128533223
05/18/2023 18:40:59.559659,2442,True,True,True,True,Eyes,2.173448,0.02296334,-3.444193,-0.5248023,-0.2553627,-0.8120176,0.0,0.0,0.0,0.0,0.0,0.0,0.0,4.030555,0.1556109,-0.4810262,2.051907,0.03178661,-3.505658,-0.05378699,0.8930601,-0.04008348,-0.4449089,6.860624,232.7544,356.5121,0.5459565,0.005351863,-0.8377963,-0.07007223,-0.004330321,-0.0863482,1.561214,-0.4717732,-5.139199,-0.5027719,-0.2072,1.991001,-0.5983262,-0.06040305,0.7989727,-0.131737,0.9910005,-0.02373329,-0.7903488,-0.1194545,-0.6008989,moving,32.87435,17.45728,-14.17217,-5.941284,36.86876187709826,19.523053460498147,52.54396103618851,57.04041733003638,129.03891625417705
05/18/2023 18:40:59.569743,2443,True,True,True,True,Eyes,2.167685,0.02330894,-3.44717,-0.5264456,-0.2541041,-0.8113483,0.0,0.0,0.0,0.0,0.0,0.0,0.0,4.031905,0.1565166,-0.4609065,2.043632,0.03243394,-3.509374,-0.05531347,0.891284,-0.04222632,-0.4480741,7.171536,233.1599,356.4891,0.5447325,0.00538056,-0.8385924,-0.0658679,-0.004070502,-0.0811673,1.533105,-0.4813366,-5.135232,-0.5072515,-0.2072,1.991,-0.5923404,-0.06075897,0.8033938,-0.136441,0.9903147,-0.02570223,-0.7940511,-0.1248403,-0.5948933,moving,32.97763,17.3899,-14.2933,-5.941286,36.96628798844665,19.46234774540549,52.71513125499638,57.209177307631414,128.8624375304567
05/18/2023 18:40:59.589890,2444,True,True,True,True,Eyes,2.161827,0.02364397,-3.450169,-0.5282559,-0.2528962,-0.8105487,0.0,0.0,0.0,0.0,0.0,0.0,0.0,4.032658,0.1632992,-0.4420328,2.035366,0.03376165,-3.51291,-0.05634881,0.8896749,-0.04212598,-0.4511418,7.226926,233.5506,356.4021,0.5434966,0.005414954,-0.8393937,0.0,0.0,0.0,1.507445,-0.4909459,-5.131547,-0.5113204,-0.2072001,1.991,-0.5865918,-0.06225466,0.8074865,-0.1382738,0.9901004,-0.02411424,-0.7979914,-0.1257994,-0.589393,moving,33.09335,17.32825,-14.4032,-5.94129,37.07529530826604,19.40729030682513,52.8903937753738,57.381059617043775,128.68319610247892
05/18/2023 18:40:59.609954,2445,True,True,True,True,Eyes,2.155887,0.0239575,-3.453161,-0.5302473,-0.2517752,-0.8095969,0.0,0.0,0.0,0.0,0.0,0.0,0.0,4.033554,0.1722771,-0.4209614,2.027278,0.03384531,-3.516452,-0.05733103,0.8879398,-0.04176586,-0.4544577,7.254692,233.9737,356.3095,0.5422481,0.005454217,-0.8402005,0.0,0.0,0.0,1.488057,-0.5014145,-5.130304,-0.5158621,-0.2072001,1.990999,-0.5803629,-0.06385139,0.811851,-0.1397747,0.9899375,-0.02206208,-0.8022731,-0.1262802,-0.5834478,moving,33.22289,17.27509,-14.52575,-5.941293,37.19701670325976,19.36049619677537,53.0936254314234,57.5797284814534,128.47772880964672
05/18/2023 18:40:59.624898,2446,True,True,True,True,Eyes,2.149875,0.02428851,-3.456161,-0.532359,-0.2510147,-0.8084464,0.0,0.0,0.0,0.0,0.0,0.0,0.0,4.034758,0.1783197,-0.3959298,2.019577,0.03370582,-3.519658,-0.05954046,0.8858137,-0.04409627,-0.4580882,7.624007,234.4395,356.235,0.5409867,0.005497338,-0.841013,0.0,0.0,0.0,1.470518,-0.5022531,-5.132814,-0.5200528,-0.2072,1.991,-0.5732206,-0.06508355,0.8168125,-0.1458835,0.9890209,-0.0235726,-0.8063105,-0.1326717,-0.5764218,moving,33.36476,17.24906,-14.63869,-5.941287,37.32970608822542,19.33937901714063,53.31156915607445,57.791230011593385,128.2619641976604
05/18/2023 18:40:59.640843,2447,True,True,True,True,Eyes,2.143783,0.02464146,-3.459152,-0.5346378,-0.2502578,-0.8071762,0.0,0.0,0.0,0.0,0.0,0.0,0.0,4.036168,0.1801121,-0.3694191,2.011876,0.0345272,-3.522886,-0.06196677,0.8835277,-0.04756513,-0.4618188,8.122214,234.9223,356.2025,0.5397118,0.005544379,-0.8418314,0.0,0.0,0.0,1.452017,-0.5051682,-5.134024,-0.524227,-0.2072001,1.991,-0.5657673,-0.06556578,0.8219543,-0.1534317,0.9877954,-0.02681538,-0.8101645,-0.1412851,-0.5689222,moving,33.51873,17.22559,-14.75109,-5.941289,37.4736207217569,19.32093509599726,53.541384044802584,58.01379470649696,128.0351698338557
05/18/2023 18:40:59.659727,2448,True,True,True,True,Eyes,2.13763,0.02501092,-3.462151,-0.5370468,-0.249658,-0.8057615,0.0,0.0,0.0,0.0,0.0,0.0,0.0,4.037211,0.1822556,-0.3442998,2.004072,0.03545456,-3.526084,-0.0633625,0.8814362,-0.04932152,-0.4654277,8.391072,235.3913,356.187,0.538424,0.005595473,-0.8426553,0.0,0.0,0.0,1.431591,-0.5081387,-5.134291,-0.5287411,-0.2072,1.991,-0.5587246,-0.06578879,0.8267398,-0.1576112,0.9871051,-0.02796622,-0.8142393,-0.1459289,-0.561889,moving,33.68379,17.21512,-14.8725,-5.941289,37.62761914712964,19.314913528035515,53.79528396002183,58.2592334020965,127.78658793304238
05/18/2023 18:40:59.670215,2449,True,True,True,True,Eyes,2.131393,0.02538431,-3.46513,-0.5396965,-0.2489483,-0.8042092,0.0,0.0,0.0,0.0,0.0,0.0,0.0,4.038102,0.1849829,-0.3204503,1.996497,0.03624835,-3.529288,-0.06447793,0.879452,-0.05053232,-0.4688851,8.589085,235.8415,356.1714,0.5371222,0.005650658,-0.8434853,0.0,0.0,0.0,1.409827,-0.5101243,-5.134171,-0.5331309,-0.2072,1.991001,-0.5519787,-0.06602278,0.8312401,-0.1607982,0.9865782,-0.02841604,-0.8182073,-0.149347,-0.5551865,moving,33.86515,17.20026,-14.99043,-5.941284,37.7968896322658,19.30515591868574,54.05921527214704,58.513962799718186,127.52794747067796
05/18/2023 18:40:59.689830,2450,True,True,True,True,Eyes,1.973864,0.03509785,-3.539756,-0.60771,-0.2323356,-0.7594134,0.0,0.0,0.0,0.0,0.0,0.0,0.0,4.038567,0.1875324,-0.296875,1.988573,0.03673358,-3.532357,-0.0653168,0.8774886,-0.05141571,-0.4723389,8.73918,236.2929,356.1678,0.5358072,0.005709599,-0.8443208,0.0,0.0,0.0,1.389591,-0.5140143,-5.133649,-0.5372852,-0.2071999,1.991001,-0.5452596,-0.06605822,0.8356606,-0.1632008,0.9861802,-0.02853007,-0.8222274,-0.1519367,-0.548505,moving,38.66806,17.01101,-15.10193,-5.941282,42.27571537926081,19.23796443568637,58.46383097824982,62.65930609524202,123.28120934557613
05/18/2023 18:40:59.699939,2451,True,True,True,True,Eyes,1.973542,0.03509682,-3.539877,-0.6075715,-0.2319813,-0.7596325,0.0,0.0,0.0,0.0,0.0,0.0,0.0,4.039125,0.1905943,-0.2719007,1.980752,0.03749632,-3.535535,-0.06586442,0.8754784,-0.05169026,-0.4759491,8.812628,236.7652,356.1634,0.530827,0.006017351,-0.8474586,-0.4725866,0.02914064,-0.2238772,1.371028,-0.5200685,-5.133511,-0.5417361,-0.2072,1.991,-0.5382688,-0.06612188,0.8401754,-0.1645296,0.98598,-0.02781119,-0.8265573,-0.1532037,-0.5416013,moving,38.65362,16.98195,-15.22126,-5.941286,42.262818402647895,19.21043265126088,58.5489320459912,62.7457426517047,123.1901710160413
05/18/2023 18:40:59.724666,2452,True,True,True,True,Eyes,1.972911,0.03508619,-3.540116,-0.6077045,-0.2316403,-0.7596302,0.0,0.0,0.0,0.0,0.0,0.0,0.0,4.039518,0.1918619,-0.2468138,1.972728,0.03740867,-3.538697,-0.06553209,0.8735377,-0.05117371,-0.4796025,8.758098,237.246,356.2057,0.526498,0.006282375,-0.8501527,-0.4442314,0.0273922,-0.2104446,1.353326,-0.5225672,-5.134786,-0.5459664,-0.2072,1.991,-0.5313739,-0.06540343,0.8446088,-0.1635756,0.9861736,-0.02654563,-0.8311948,-0.152263,-0.5347254,moving,38.65982,16.95847,-15.33454,-5.941287,42.26904600363893,19.188596461093347,58.649721077500864,62.84651273735687,123.08517278706192
05/18/2023 18:40:59.742561,2453,True,True,True,True,Eyes,1.971975,0.03509109,-3.540479,-0.6078149,-0.2309889,-0.7597402,0.0,0.0,0.0,0.0,0.0,0.0,0.0,4.039885,0.1908375,-0.220777,1.964716,0.03716362,-3.541798,-0.06505463,0.871527,-0.05100708,-0.4833291,8.730887,237.7396,356.2824,0.5225761,0.00652053,-0.8525673,-0.4175775,0.02574867,-0.1978179,1.336107,-0.524663,-5.136189,-0.5502877,-0.2071998,1.991001,-0.524322,-0.06408731,0.8491052,-0.1627001,0.9863323,-0.02602251,-0.8358321,-0.1517937,-0.5275828,moving,38.66085,16.9112,-15.45013,-5.941281,42.27091296342812,19.14437361538954,58.73869290693965,62.93654636432261,122.98787197829981
05/18/2023 18:40:59.749988,2454,True,True,True,True,Eyes,1.97074,0.03511453,-3.540956,-0.6081993,-0.2303042,-0.7596404,0.0,0.0,0.0,0.0,0.0,0.0,0.0,4.040015,0.1904749,-0.1941981,1.956357,0.03746868,-3.544993,-0.06486113,0.8694188,-0.05101453,-0.4871363,8.736956,238.2443,356.3408,0.519016,0.006734906,-0.8547376,-0.3925228,0.02420375,-0.1859488,1.319379,-0.5283446,-5.137403,-0.5545145,-0.2072002,1.991,-0.5169828,-0.06308089,0.8536686,-0.162485,0.9863812,-0.02551354,-0.8404331,-0.1518984,-0.5201918,moving,38.6822,16.866,-15.56308,-5.941294,42.29167370178146,19.102553551516504,58.844906847414045,63.04257946877963,122.87443622885506
05/18/2023 18:40:59.775556,2455,True,True,True,True,Eyes,1.969215,0.03512103,-3.541556,-0.608675,-0.2292845,-0.7595679,0.0,0.0,0.0,0.0,0.0,0.0,0.0,4.039884,0.1928493,-0.1682129,1.947983,0.03792325,-3.548249,-0.06449816,0.8673751,-0.05005838,-0.4909119,8.636466,238.7426,356.3616,0.5157764,0.006928368,-0.8566949,-0.3689715,0.02275152,-0.1747919,1.302363,-0.5258019,-5.140394,-0.5588756,-0.2071998,1.991002,-0.5096911,-0.06273969,0.858067,-0.1610367,0.9866683,-0.02351296,-0.8451524,-0.1501646,-0.5129994,moving,38.70673,16.79706,-15.67947,-5.941278,42.31585309458788,19.038584791029336,58.94820409005048,63.14626707814398,122.76011302290408
05/18/2023 18:40:59.791436,2456,True,True,True,True,Eyes,1.967416,0.0350928,-3.542256,-0.609404,-0.2283005,-0.7592797,0.0,0.0,0.0,0.0,0.0,0.0,0.0,4.039324,0.1987514,-0.1420836,1.939355,0.03745065,-3.551524,0.06403905,-0.8653162,0.04832121,0.4947646,8.452809,239.2495,356.3475,0.5128199,0.007102616,-0.8584664,-0.3468332,0.02138643,-0.1643044,1.287351,-0.5228069,-5.144685,-0.5633682,-0.2072,1.991001,-0.5022143,-0.06301282,0.8624446,-0.1586433,0.9871281,-0.02025773,-0.8500669,-0.1469948,-0.5057464,moving,38.7508,16.735,-15.79924,-5.941284,42.358107170656936,18.98150328933101,59.07555095003563,63.272603519987676,122.62354039484478
05/18/2023 18:40:59.809761,2457,True,True,True,True,Eyes,1.965345,0.03504657,-3.543039,-0.6102441,-0.227208,-0.7589325,0.0,0.0,0.0,0.0,0.0,0.0,0.0,4.038615,0.205375,-0.1151319,1.931031,0.03658872,-3.554662,0.06444357,-0.8630824,0.04792383,0.4986372,8.45267,239.7616,356.3223,0.5101134,0.007258733,-0.8600761,-0.3260232,0.02010324,-0.1544461,1.274741,-0.5245104,-5.148502,-0.5677361,-0.2071999,1.991001,-0.4944161,-0.06344701,0.8669068,-0.1590334,0.9871007,-0.01845651,-0.8545533,-0.1469924,-0.4981286,moving,38.80214,16.66657,-15.91556,-5.941281,42.40725745114756,18.918625670399305,59.204236504900564,63.4000472799575,122.4848964652335
05/18/2023 18:40:59.819490,2458,True,True,True,True,Eyes,1.963012,0.03498662,-3.543921,-0.6113064,-0.2261737,-0.7583863,0.0,0.0,0.0,0.0,0.0,0.0,0.0,4.037732,0.2125062,-0.08831596,1.922618,0.03611018,-3.557873,0.06539588,-0.860762,0.04821002,0.5024821,8.552476,240.2716,356.2816,0.5076269,0.007398104,-0.8615448,-0.3064618,0.01889705,-0.1451793,1.261953,-0.5225074,-5.153363,-0.5720721,-0.2072001,1.991,-0.4864708,-0.06413126,0.8713402,-0.1610299,0.9867983,-0.01727419,-0.8587294,-0.1487152,-0.4903756,moving,38.87097,16.60617,-16.0309,-5.94129,42.47255022072127,18.863664820960484,59.351522996031875,63.544783195776986,122.32957284522092
05/18/2023 18:40:59.839468,2459,True,True,True,True,Eyes,1.96041,0.03489573,-3.544863,-0.6124942,-0.2250257,-0.7577693,0.0,0.0,0.0,0.0,0.0,0.0,0.0,4.036641,0.2204889,-0.06298161,1.914067,0.0357271,-3.561198,0.06619327,-0.8585356,0.04799051,0.5061934,8.593105,240.7637,356.2265,0.5053329,0.007522092,-0.8628914,-0.2880741,0.01776323,-0.1364686,1.250304,-0.5186107,-5.159376,-0.5764722,-0.2072001,1.990999,-0.478773,-0.06507359,0.8755236,-0.1622435,0.9866307,-0.01538992,-0.862817,-0.1494163,-0.4829299,moving,38.94812,16.53921,-16.1478,-5.941293,42.54572119678825,18.80275404515426,59.505742712610605,63.696132493665885,122.16649755781522
05/18/2023 18:40:59.849812,2460,True,True,True,True,Eyes,1.957561,0.03476758,-3.545892,-0.6138753,-0.2239906,-0.7569579,0.0,0.0,0.0,0.0,0.0,0.0,0.0,4.035535,0.2248419,-0.03881645,1.905452,0.03489942,-3.564497,0.0662718,-0.8564356,0.04753074,0.5097715,8.567879,241.2416,356.2278,0.5032066,0.007631516,-0.8641322,-0.2707897,0.01669743,-0.1282805,1.239586,-0.5123143,-5.166914,-0.5809798,-0.2071999,1.991,-0.4714822,-0.0650554,0.8794729,-0.1619747,0.9866978,-0.0138471,-0.866873,-0.148981,-0.4757478,moving,39.04125,16.48396,-16.2674,-5.941284,42.63355706442218,18.753170083087447,59.681976620098936,63.86813607399717,121.98384369690447
05/18/2023 18:40:59.870452,2461,True,True,True,True,Eyes,1.954465,0.03460611,-3.546987,-0.6152406,-0.223405,-0.7560219,0.0,0.0,0.0,0.0,0.0,0.0,0.0,4.034431,0.2246814,-0.01459312,1.896715,0.0339786,-3.567722,0.06634333,-0.8542765,0.04816013,0.5133138,8.64976,241.7209,356.2936,0.5012266,0.007726897,-0.8652814,-0.2545423,0.01569558,-0.1205836,1.229491,-0.5050724,-5.174616,-0.5852182,-0.2072001,1.991,-0.4642153,-0.06390857,0.8834139,-0.1627936,0.9865584,-0.01417424,-0.8706335,-0.150394,-0.4683793,moving,39.13824,16.46244,-16.37974,-5.941289,42.72434218276106,18.73524698528609,59.86796452516022,64.0486062213667,121.79711320918395
05/18/2023 18:40:59.890016,2462,True,True,True,True,Eyes,1.951137,0.03440366,-3.548164,-0.6167792,-0.2228919,-0.7549189,0.0,0.0,0.0,0.0,0.0,0.0,0.0,4.033031,0.224153,0.007613182,1.887922,0.03306328,-3.570756,0.06641079,-0.8522321,0.04883531,0.5166285,8.734586,242.171,356.3609,0.4993732,0.00780884,-0.8663517,-0.2392697,0.01475385,-0.1133486,1.218032,-0.4980952,-5.181505,-0.5894548,-0.2071998,1.991001,-0.4573691,-0.06273541,0.8870613,-0.1636543,0.9864095,-0.01461862,-0.8740885,-0.1518575,-0.4614201,moving,39.2493,16.44938,-16.49189,-5.941281,42.82807489383093,18.725564858199903,60.07014202274722,64.24415552871349,121.59602301246802
05/18/2023 18:40:59.909661,2463,True,True,True,True,Eyes,1.947578,0.03414591,-3.54938,-0.6183623,-0.2226508,-0.7536941,0.0,0.0,0.0,0.0,0.0,0.0,0.0,4.031192,0.2312901,0.03000641,1.879018,0.03179878,-3.573958,0.06724152,-0.8500867,0.04903093,0.5200261,8.81797,242.6276,356.3257,0.4976284,0.007877699,-0.8673544,-0.2249135,0.01386862,-0.1065477,1.20453,-0.4860261,-5.188786,-0.5937114,-0.2071999,1.991,-0.4501028,-0.06332753,0.8907286,-0.165317,0.9861491,-0.01342636,-0.8775409,-0.1532958,-0.4543377,moving,39.36689,16.45781,-16.60445,-5.941285,42.93747959260587,18.7361476382355,60.28690038652364,64.45321606580609,121.38407135476284
05/18/2023 18:40:59.919681,2464,True,True,True,True,Eyes,1.9438,0.03384668,-3.550673,-0.6201245,-0.222499,-0.7522897,0.0,0.0,0.0,0.0,0.0,0.0,0.0,4.029019,0.2389409,0.05409718,1.870195,0.03023148,-3.576937,0.0684301,-0.8477665,0.04981452,0.5235723,8.981665,243.1069,356.2929,0.495977,0.007933425,-0.8682992,-0.2114187,0.0130365,-0.1001548,1.191071,-0.4737069,-5.195899,-0.5981635,-0.2071999,1.991,-0.4423788,-0.06386249,0.8945516,-0.1681885,0.9856716,-0.01280595,-0.8809164,-0.1561183,-0.4467813,moving,39.49931,16.47623,-16.72204,-5.941285,43.06051066225314,18.7564209229224,60.5259049878457,64.68330574066248,121.15199142766286
05/18/2023 18:40:59.939774,2465,True,True,True,True,Eyes,1.9398,0.03349802,-3.552009,-0.6220215,-0.2224377,-0.7507402,0.0,0.0,0.0,0.0,0.0,0.0,0.0,4.026914,0.245363,0.07934809,1.861186,0.02895479,-3.580178,0.06933979,-0.8453702,0.0503822,0.5272599,9.108432,243.6072,356.2774,0.4944045,0.007976324,-0.8691951,-0.1987336,0.01225431,-0.09414554,1.174747,-0.4574604,-5.202524,-0.6024324,-0.2071999,1.991001,-0.4343783,-0.06410656,0.8984465,-0.1703646,0.9853073,-0.01206303,-0.8844725,-0.1583034,-0.4389176,moving,39.64325,16.50409,-16.83464,-5.941283,43.19409450966319,18.78579411636069,60.774557406543316,64.9220864540726,120.91220283813846
05/18/2023 18:40:59.950088,2466,True,True,True,True,Eyes,1.935592,0.03311754,-3.553416,-0.6240854,-0.2224531,-0.7490208,0.0,0.0,0.0,0.0,0.0,0.0,0.0,4.024639,0.251592,0.103982,1.852198,0.02746008,-3.583356,0.07003691,-0.8430269,0.05068357,0.5308783,9.196297,244.0993,356.2669,0.4928991,0.008006455,-0.8700494,-0.1868096,0.01151905,-0.08849681,1.159559,-0.4516023,-5.206245,-0.6069902,-0.2072001,1.991,-0.4265262,-0.06427238,0.9021887,-0.1718996,0.985052,-0.01109308,-0.8879898,-0.1598174,-0.431199,moving,39.80112,16.54099,-16.95473,-5.941289,43.34048437063495,18.8239479764118,61.04653453109636,65.18304870515539,120.65102706958976
05/18/2023 18:40:59.969809,2467,True,True,True,True,Eyes,1.931177,0.0327009,-3.554895,-0.6263167,-0.2223404,-0.7471895,0.0,0.0,0.0,0.0,0.0,0.0,0.0,4.022291,0.2557771,0.1291137,1.843003,0.02632955,-3.586581,0.0706306,-0.8406245,0.05122922,0.5345442,9.302067,244.6012,356.2828,0.4914486,0.008024329,-0.8708693,-0.175601,0.01082791,-0.08318701,1.141741,-0.4375197,-5.210608,-0.611207,-0.2071999,1.991001,-0.4185476,-0.06397902,0.9059384,-0.1735161,0.9847738,-0.01061873,-0.8914651,-0.1616394,-0.4232762,moving,39.97075,16.57137,-17.06569,-5.941284,43.49795694921769,18.856268103692795,61.31863565016198,65.4436698399841,120.3890617132496
05/18/2023 18:40:59.989649,2468,True,True,True,True,Eyes,1.926564,0.03223801,-3.556442,-0.6287549,-0.2221477,-0.7451965,0.0,0.0,0.0,0.0,0.0,0.0,0.0,4.019705,0.2595229,0.1560092,1.833619,0.02502132,-3.589838,0.07033314,-0.8382109,0.05043193,0.5384353,9.223433,245.1322,356.3057,0.4900437,0.008030275,-0.8716606,-0.1650649,0.01017824,-0.07819579,1.118574,-0.3805223,-5.224041,-0.6155766,-0.2072001,1.991001,-0.4102815,-0.06359934,0.9097385,-0.1722166,0.9850197,-0.008805489,-0.8955504,-0.1602848,-0.4150883,moving,40.15579,16.59964,-17.18053,-5.941287,43.66982855545224,18.886965977020605,61.60801068985858,65.72068382342071,120.10993078169379
05/18/2023 18:40:59.999843,2469,True,True,True,True,Eyes,1.921753,0.03174707,-3.558039,-0.6313889,-0.221833,-0.74306,0.0,0.0,0.0,0.0,0.0,0.0,0.0,4.017138,0.2610302,0.1833305,1.824275,0.02342355,-3.593133,0.06941335,-0.8358269,0.049187,0.5423616,9.062853,245.6699,356.3608,0.4886748,0.008024347,-0.8724288,-0.1551611,0.009567541,-0.07350404,1.106248,-0.380721,-5.226508,-0.6197205,-0.2072,1.991001,-0.4020519,-0.06268082,0.9134691,-0.1693894,0.9855248,-0.006929368,-0.8998123,-0.1575179,-0.4068495,moving,40.35504,16.62246,-17.28932,-5.941285,43.85504517248854,18.912887764202,61.90310838911586,66.00275218609774,119.82463531860368
05/18/2023 18:41:00.019656,2470,True,True,True,True,Eyes,1.91675,0.03124692,-3.559711,-0.6342078,-0.2213879,-0.7407886,0.0,0.0,0.0,0.0,0.0,0.0,0.0,4.014575,0.2626986,0.2099996,1.814953,0.0222687,-3.596577,0.06893284,-0.8334028,0.04853082,0.5461985,8.98602,246.198,356.408,0.4873343,0.008007049,-0.8731784,-0.1458514,0.008993489,-0.06909379,1.091636,-0.4080658,-5.222055,-0.6239097,-0.2072,1.991,-0.3938307,-0.0618827,0.9170974,-0.1679125,0.9857861,-0.0055894,-0.9037159,-0.1561935,-0.3986237,moving,40.56767,16.63901,-17.39917,-5.941288,44.05284917165996,18.93324691440382,62.20952015049147,66.29549869698513,119.52735026377182
05/18/2023 18:41:00.040021,2471,True,True,True,True,Eyes,1.911556,0.03069775,-3.561412,-0.6372043,-0.220751,-0.7384034,0.0,0.0,0.0,0.0,0.0,0.0,0.0,4.011979,0.2630042,0.2351255,1.805336,0.02151057,-3.600101,0.06762598,-0.8311742,0.04663346,0.5499106,8.736907,246.7068,356.4542,0.4860143,0.007979282,-0.8739141,-0.1371003,0.00845388,-0.06494816,1.070522,-0.3598407,-5.232768,-0.6283047,-0.2072001,1.991001,-0.3860503,-0.06112948,0.9204502,-0.1637064,0.9865041,-0.003144545,-0.9078357,-0.1518975,-0.3908475,moving,40.79251,16.64441,-17.51425,-5.941287,44.26224404591177,18.943448786659644,62.528329344972974,66.60018987793077,119.21606339537468
05/18/2023 18:41:00.053716,2472,True,True,True,True,Eyes,1.906204,0.03009052,-3.563177,-0.6403441,-0.2201386,-0.7358657,0.0,0.0,0.0,0.0,0.0,0.0,0.0,4.009327,0.262121,0.2596388,1.795918,0.01978546,-3.603486,0.06586228,-0.8290268,0.04445136,0.553535,8.43092,247.2051,356.523,0.4847088,0.007940883,-0.8746392,-0.1288743,0.007946647,-0.06105128,1.05712,-0.3736826,-5.230968,-0.6327721,-0.2072,1.991001,-0.3785223,-0.05999239,0.9236459,-0.1584139,0.9873725,-0.0007885945,-0.9119352,-0.1466169,-0.3832462,moving,41.02952,16.65487,-17.63109,-5.941285,44.48288141063697,18.958665610124907,62.86217770930406,66.91900316642565,118.89092921805218
05/18/2023 18:41:00.069715,2473,True,True,True,True,Eyes,1.900681,0.02955475,-3.564977,-0.643582,-0.2197067,-0.7331652,0.0,0.0,0.0,0.0,0.0,0.0,0.0,4.006475,0.2620027,0.2859945,1.786761,0.01777303,-3.606862,0.06529202,-0.8265635,0.04426544,0.5572885,8.392257,247.7283,356.6042,0.4834132,0.007891493,-0.8753565,-0.1211418,0.007469848,-0.0573882,1.043266,-0.4123521,-5.223621,-0.6370437,-0.2071999,1.991,-0.3703331,-0.05859876,0.927049,-0.1572732,0.9875551,-0.0004033953,-0.9154882,-0.1459493,-0.3749404,moving,41.27708,16.68183,-17.74268,-5.941284,44.713032238463775,18.989568550799667,63.207098948730405,67.24777617232786,118.55783966065147
05/18/2023 18:41:00.089588,2474,True,True,True,True,Eyes,1.89497,0.02924524,-3.566862,-0.6469595,-0.2192697,-0.7303178,0.0,0.0,0.0,0.0,0.0,0.0,0.0,4.003387,0.260803,0.3142142,1.777382,0.01902455,-3.61032,0.06625085,-0.823746,0.04625884,0.5611716,8.659801,248.2774,356.6813,0.4821219,0.00783396,-0.8760688,-0.1138733,0.007021657,-0.0539449,1.022155,-0.3709335,-5.232391,-0.6415275,-0.2072002,1.991,-0.3613945,-0.05722945,0.9306549,-0.161066,0.9869419,-0.001854866,-0.9183962,-0.1505672,-0.3658931,moving,41.53646,16.71179,-17.85965,-5.941292,44.95413897527326,19.023550195782537,63.56933228555121,67.59301318398585,118.2082687740219
05/18/2023 18:41:00.100028,2475,True,True,True,True,Eyes,1.889057,0.02883436,-3.568788,-0.650618,-0.2180596,-0.7274243,0.0,0.0,0.0,0.0,0.0,0.0,0.0,4.000088,0.263123,0.3417697,1.767146,0.02414779,-3.614327,0.06673159,-0.8210579,0.0455273,0.5651002,8.637424,248.8214,356.6295,0.4808301,0.007774691,-0.8767791,-0.1070409,0.006600357,-0.05070821,1.005492,-0.3609217,-5.234187,-0.6459534,-0.2072001,1.990999,-0.3524176,-0.058126,0.934036,-0.1610359,0.9869483,0.0006589502,-0.9218836,-0.1501811,-0.3571783,moving,41.80988,16.68712,-17.97497,-5.941293,45.20937622024002,19.00671760831822,63.923965493553894,67.93132444308677,117.85715464120442
05/18/2023 18:41:00.119778,2476,True,True,True,True,Eyes,1.883056,0.02833085,-3.570747,-0.6543286,-0.2170842,-0.7243815,0.0,0.0,0.0,0.0,0.0,0.0,0.0,3.998036,0.2508152,0.3609924,1.756721,0.02116592,-3.618149,0.05913013,-0.8198749,0.03600966,0.5683416,7.25347,249.2545,356.7623,0.4795339,0.007711382,-0.8774893,-0.1006185,0.006204335,-0.04766572,0.988037,-0.3737555,-5.231581,-0.6500858,-0.2072001,1.991,-0.346983,-0.05602704,0.9361965,-0.1378902,0.9904139,0.008165387,-0.9276795,-0.1262591,-0.3513824,moving,42.09128,16.68254,-18.0825,-5.94129,45.471663385009954,19.008872672410483,64.28624645565566,68.27622061119293,117.5020486374715
05/18/2023 18:41:00.139825,2477,True,True,True,True,Eyes,1.876901,0.02810102,-3.572733,-0.6580051,-0.2171141,-0.7210345,0.0,0.0,0.0,0.0,0.0,0.0,0.0,3.995397,0.2398556,0.3853765,1.748576,0.01843628,-3.620964,0.05839622,-0.8174983,0.03840821,0.5716741,7.444428,249.736,357.0192,0.4782311,0.007642127,-0.8782005,-0.09458136,0.005832075,-0.04480577,0.9635048,-0.3465796,-5.232183,-0.6501594,-0.2072001,1.991,-0.3395572,-0.05156366,0.939171,-0.1393916,0.9902294,0.003969932,-0.9301995,-0.1295645,-0.3434271,moving,42.3831,16.75782,-18.0844,-5.941289,45.74212683268583,19.08601812372568,64.58767766102046,68.55794359072371,117.22252879361942
05/18/2023 18:41:00.150186,2478,True,True,True,True,Eyes,1.717867,0.0231442,-3.624363,-0.7506673,-0.1900857,-0.6327449,0.0,0.0,0.0,0.0,0.0,0.0,0.0,3.989828,0.2624117,0.4200106,1.738939,0.02503397,-3.62484,0.06749929,-0.8131709,0.04772338,0.5761244,8.939447,250.3859,356.8207,0.4769192,0.007574303,-0.8789142,0.0,0.0,0.0,0.9461373,-0.3511436,-5.228549,-0.6501592,-0.2072,1.990999,-0.3270487,-0.05478773,0.9434178,-0.1647661,0.9863327,0.000161464,-0.9305326,-0.1553905,-0.3316061,static,49.87213,16.72102,-18.08441,-5.941289,52.72086489463932,19.223018869230007,71.635686483645,75.14405727296626,110.36281784401092
05/18/2023 18:41:00.169924,2479,True,True,True,True,Eyes,1.717534,0.02308781,-3.624449,-0.7508218,-0.1902036,-0.6325261,0.0,0.0,0.0,0.0,0.0,0.0,0.0,3.988052,0.2489005,0.4330816,1.727685,0.02536672,-3.628847,0.05910078,-0.812512,0.03597232,0.5788242,7.288978,250.731,356.8563,0.4721051,0.007394394,-0.881511,-0.4770999,-0.01487045,-0.1548901,0.930048,-0.3716958,-5.222353,-0.6501597,-0.2072001,1.991,-0.3229395,-0.05439689,0.944855,-0.1376835,0.9904262,0.009962036,-0.9363512,-0.1268738,-0.3273372,static,49.8877,16.73629,-18.08441,-5.941289,52.73507943562679,19.23766858526101,71.65528820089513,75.16235752691122,110.34653887336118
05/18/2023 18:41:00.189704,2480,True,True,True,True,Eyes,1.716838,0.02321588,-3.624678,-0.7510535,-0.1913042,-0.6319187,0.0,0.0,0.0,0.0,0.0,0.0,0.0,3.984765,0.244625,0.4524889,1.719384,0.02396934,-3.631264,0.05854122,-0.8104927,0.03656569,0.581668,7.317962,251.1384,356.9742,0.4677662,0.007231327,-0.8838223,-0.4484739,-0.01397822,-0.1455967,0.9126258,-0.368625,-5.220763,-0.6501597,-0.2072,1.991001,-0.3164708,-0.05235627,0.9471565,-0.1374326,0.9904717,0.008830657,-0.938594,-0.1273755,-0.3206508,static,49.92353,16.84293,-18.08441,-5.941287,52.7664179396321,19.33830773160037,71.72308169164712,75.22564542445156,110.30044953203917
05/18/2023 18:41:00.199684,2481,True,True,True,True,Eyes,1.715713,0.02353846,-3.625045,-0.7515177,-0.1918161,-0.6312114,0.0,0.0,0.0,0.0,0.0,0.0,0.0,3.977912,0.276981,0.4876881,1.709874,0.02878232,-3.635086,0.06902517,-0.8058982,0.04644671,0.5861795,8.962321,251.803,356.7034,0.4638355,0.007087628,-0.8858926,-0.4215655,-0.01313953,-0.1368608,0.894626,-0.3721111,-5.21659,-0.6501592,-0.2072,1.991,-0.3032582,-0.0568023,0.9512138,-0.1657067,0.9861565,0.00605964,-0.9383899,-0.1557849,-0.3084725,static,49.97258,16.90327,-18.0844,-5.941288,52.8109630274496,19.395911053734128,71.78876205184042,75.28695872913458,110.24774611795957
05/18/2023 18:41:00.219708,2482,True,True,True,True,Eyes,1.714264,0.02377789,-3.625509,-0.7522648,-0.1917078,-0.6303538,0.0,0.0,0.0,0.0,0.0,0.0,0.0,3.974054,0.2842955,0.5039525,1.698486,0.03370354,-3.638942,0.06702246,-0.8042659,0.03969128,0.5891429,8.210845,252.1934,356.4642,0.4602641,0.006966255,-0.8877544,-0.3962716,-0.01235116,-0.1286492,0.876062,-0.3818133,-5.210815,-0.6501591,-0.2071999,1.991,-0.2968377,-0.06104007,0.9529752,-0.1545754,0.9878652,0.01512691,-0.9423344,-0.1428162,-0.302671,static,50.03896,16.91595,-18.0844,-5.941285,52.87257036395656,19.40929963310132,71.85572607339533,75.34947766555148,110.18477466903218
05/18/2023 18:41:00.240110,2483,True,True,True,True,Eyes,1.712536,0.02396115,-3.62608,-0.7530919,-0.1923608,-0.6291661,0.0,0.0,0.0,0.0,0.0,0.0,0.0,3.970203,0.2843714,0.5233579,1.689259,0.03183082,-3.641795,0.06286573,-0.8026721,0.03270213,0.592196,7.293716,252.6092,356.4054,0.45701,0.006862933,-0.8894347,-0.3724953,-0.01161009,-0.1209302,0.8565935,-0.3813784,-5.20639,-0.6501596,-0.2072001,1.991,-0.2907039,-0.06218899,0.9547901,-0.1396533,0.989957,0.02195949,-0.9465667,-0.1269558,-0.2964692,static,50.12313,17.00046,-18.08441,-5.941289,52.94937522440927,19.490330951869872,71.9624371462682,75.44909500241769,110.09667854572085
05/18/2023 18:41:00.250332,2484,True,True,True,True,Eyes,1.710481,0.02421498,-3.626763,-0.7540574,-0.1932684,-0.6277299,0.0,0.0,0.0,0.0,0.0,0.0,0.0,3.963299,0.3077939,0.554513,1.680657,0.03081226,-3.644777,0.06962501,-0.7987804,0.03963688,0.5962644,8.415587,253.2075,356.2928,0.4540358,0.006774471,-0.8909573,-0.3501455,-0.01091348,-0.1136744,0.8362422,-0.3811801,-5.201358,-0.6501589,-0.2072,1.991,-0.2792423,-0.06396205,0.958088,-0.1584983,0.9871625,0.01970749,-0.947049,-0.1463521,-0.2857955,static,50.22365,17.11279,-18.08439,-5.941289,53.04088053560479,19.59777709608303,72.09354261776738,75.57147613897104,109.99019498936647
05/18/2023 18:41:00.269943,2485,True,True,True,True,Eyes,1.708129,0.02449856,-3.627514,-0.7552075,-0.194017,-0.6261142,0.0,0.0,0.0,0.0,0.0,0.0,0.0,3.957246,0.3231038,0.5810618,1.670673,0.03284221,-3.648232,0.07321439,-0.7955346,0.0420183,0.5999991,8.900044,253.7493,356.1656,0.4513069,0.006701173,-0.8923432,-0.3291368,-0.01025867,-0.106854,0.8171248,-0.3930541,-5.193488,-0.6501596,-0.2072,1.991001,-0.2692815,-0.06606726,0.9607927,-0.1669111,0.9857482,0.02100311,-0.9484873,-0.1547112,-0.2764712,static,50.33915,17.21689,-18.08441,-5.941285,53.14650167401946,19.69786260150609,72.23631103817681,75.70474666521102,109.87089178564692
05/18/2023 18:41:00.289963,2486,True,True,True,True,Eyes,1.705494,0.02476536,-3.628337,-0.7565214,-0.1949049,-0.6242494,0.0,0.0,0.0,0.0,0.0,0.0,0.0,3.952846,0.3190984,0.6027765,1.661226,0.03381404,-3.650936,0.07168636,-0.7933696,0.04017583,0.603168,8.640047,254.2025,356.2139,0.4487928,0.006642286,-0.8936107,-0.3093886,-0.009643154,-0.1004427,0.7984682,-0.4088144,-5.184455,-0.6501597,-0.2072,1.991001,-0.262099,-0.06528202,0.9628306,-0.1622131,0.9864939,0.02272928,-0.9513103,-0.1502264,-0.2691486,static,50.47199,17.33955,-18.08441,-5.941287,53.26792343715485,19.81571790239811,72.40150103679183,75.8589400695072,109.73342465627928
05/18/2023 18:41:00.310116,2487,True,True,True,True,Eyes,1.702583,0.02509834,-3.629248,-0.7579814,-0.1958009,-0.6221946,0.0,0.0,0.0,0.0,0.0,0.0,0.0,3.947193,0.3152518,0.6312485,1.651745,0.03368545,-3.6536,0.0719381,-0.7903497,0.04201843,0.6069651,8.844096,254.7649,356.3616,0.4464658,0.006595958,-0.8947759,-0.2908253,-0.009064564,-0.09441616,0.7788387,-0.4168448,-5.176524,-0.6501602,-0.2072,1.991001,-0.2528364,-0.06270507,0.965475,-0.16472,0.9861187,0.02090934,-0.9533841,-0.1537464,-0.2596555,static,50.61889,17.46847,-18.08442,-5.941287,53.40232569932496,19.93975466569573,72.5821019794491,76.02751560048134,109.58234022233125
05/18/2023 18:41:00.319530,2488,True,True,True,True,Eyes,1.699382,0.02544031,-3.630219,-0.7596611,-0.1963235,-0.6199775,0.0,0.0,0.0,0.0,0.0,0.0,0.0,3.941453,0.3085046,0.6593127,1.642022,0.03557631,-3.656149,0.07162207,-0.7874337,0.04303176,0.6107099,8.931293,255.3191,356.5042,0.4443015,0.006562608,-0.8958529,-0.2733757,-0.008520691,-0.08875119,0.7596379,-0.4225951,-5.169215,-0.6501594,-0.2072,1.991,-0.2438072,-0.06023542,0.9679511,-0.1653551,0.9860371,0.01971129,-0.955623,-0.1552499,-0.2503631,static,50.7813,17.57103,-18.08441,-5.941288,53.5516855892149,20.039472589375027,72.76891583318543,76.20190359872618,109.42020284458981
05/18/2023 18:41:00.339776,2489,True,True,True,True,Eyes,1.695944,0.02573589,-3.631235,-0.7614386,-0.1967714,-0.6176506,0.0,0.0,0.0,0.0,0.0,0.0,0.0,3.936558,0.2966199,0.6822762,1.631834,0.03604259,-3.658659,0.06796051,-0.7853374,0.03936943,0.6140657,8.354709,255.7975,356.6165,0.4422774,0.006541177,-0.8968541,-0.2569732,-0.00800945,-0.08342612,0.7398393,-0.4271607,-5.161831,-0.6501598,-0.2072,1.991001,-0.2366096,-0.05839304,0.9698486,-0.1550947,0.9876629,0.02162786,-0.9591464,-0.145301,-0.2427471,static,50.95232,17.67087,-18.08441,-5.941286,53.70912019802866,20.136841604228916,72.96303173567583,76.38311146868593,109.25052480724221
05/18/2023 18:41:00.350013,2490,True,True,True,True,Eyes,1.692278,0.0260074,-3.632287,-0.7632745,-0.1974496,-0.6151631,0.0,0.0,0.0,0.0,0.0,0.0,0.0,3.931457,0.2889178,0.7033372,1.622651,0.03518963,-3.660638,0.06658289,-0.7830933,0.0392257,0.6170842,8.256754,256.2432,356.7636,0.4403743,0.006529331,-0.8977901,-0.2415548,-0.007528882,-0.07842055,0.7191269,-0.4288375,-5.154349,-0.6501601,-0.2072,1.991001,-0.2295476,-0.0558701,0.9716926,-0.1526923,0.9880561,0.02073973,-0.9612455,-0.1436093,-0.2353368,static,51.13283,17.79513,-18.08442,-5.941286,53.87492859050823,20.257285875404207,73.17407424824421,76.58010850006023,109.06933743939226
05/18/2023 18:41:00.370283,2491,True,True,True,True,Eyes,1.688382,0.02628064,-3.633329,-0.7651725,-0.198124,-0.612583,0.0,0.0,0.0,0.0,0.0,0.0,0.0,3.925465,0.2941799,0.7235603,1.613449,0.03492869,-3.662638,0.06850032,-0.7804857,0.0416977,0.6200089,8.628696,256.6848,356.7982,0.4385752,0.006525525,-0.8986704,-0.2270615,-0.00707715,-0.07371531,0.6971902,-0.4275596,-5.146966,-0.65016,-0.2071999,1.991,-0.2217934,-0.05522114,0.9735289,-0.1586329,0.987138,0.01985268,-0.9621037,-0.1500305,-0.2277006,static,51.31988,17.92245,-18.08442,-5.941285,54.04677201011594,20.38074413765328,73.3923341135859,76.78383995818183,108.8819051560113
05/18/2023 18:41:00.389900,2492,True,True,True,True,Eyes,1.684277,0.02654051,-3.634388,-0.7671149,-0.1989353,-0.6098848,0.0,0.0,0.0,0.0,0.0,0.0,0.0,3.919485,0.3017994,0.7406645,1.604125,0.03531118,-3.664364,0.06986884,-0.7782187,0.04226921,0.6226615,8.789148,257.0772,356.7453,0.4368656,0.006529022,-0.8995028,-0.2134378,-0.006652521,-0.0692924,0.6751785,-0.4277588,-5.138877,-0.6501602,-0.2072,1.991001,-0.2148221,-0.05610765,0.9750403,-0.1613853,0.9866633,0.02121989,-0.9632272,-0.1527987,-0.221012,static,51.514,18.06556,-18.08442,-5.941286,54.2248999701431,20.51914426361736,73.62247429531364,76.99865014583237,108.68628963582347
05/18/2023 18:41:00.399963,2493,True,True,True,True,Eyes,1.679987,0.02678584,-3.635435,-0.7690442,-0.1999991,-0.6071008,0.0,0.0,0.0,0.0,0.0,0.0,0.0,3.913025,0.3128923,0.7578311,1.594969,0.0352978,-3.665897,0.07203684,-0.7758307,0.04354849,0.6253008,9.071209,257.4719,356.6726,0.4352318,0.006538772,-0.9002944,-0.2006316,-0.006253369,-0.06513485,0.6528425,-0.4283266,-5.13043,-0.6501604,-0.2072001,1.991001,-0.2076192,-0.05731497,0.9765291,-0.1662386,0.9858285,0.02251688,-0.9639808,-0.1576619,-0.2142049,static,51.71164,18.23359,-18.08442,-5.941285,54.40582946788712,20.68095099232734,73.86416298036028,77.22421716759374,108.48472992999653
05/18/2023 18:41:00.420391,2494,True,True,True,True,Eyes,1.675519,0.02700193,-3.636487,-0.7709779,-0.2013208,-0.6042045,0.0,0.0,0.0,0.0,0.0,0.0,0.0,3.906111,0.3276374,0.7746849,1.586245,0.03529362,-3.667118,0.07541203,-0.7733002,0.04616702,0.6278445,9.560906,257.8612,356.5896,0.4336627,0.006553805,-0.9010512,-0.1885937,-0.005878167,-0.06122676,0.6300316,-0.4247013,-5.122639,-0.6501595,-0.2071999,1.991001,-0.200249,-0.05866086,0.9779876,-0.1746037,0.9843633,0.02329213,-0.9640614,-0.166096,-0.2073602,static,51.9147,18.42806,-18.0844,-5.941283,54.59130168791128,20.867630595456102,74.11976038184183,77.46273597026445,108.27541160106678
05/18/2023 18:41:00.439723,2495,True,True,True,True,Eyes,1.670894,0.0271991,-3.637533,-0.7728971,-0.2029873,-0.6011872,0.0,0.0,0.0,0.0,0.0,0.0,0.0,3.898914,0.3446907,0.7912312,1.577415,0.03489012,-3.668369,0.07905009,-0.770709,0.04878385,0.6303799,10.07048,258.2513,356.4862,0.4321478,0.006572879,-0.9017786,-0.1772781,-0.005525477,-0.05755316,0.6062623,-0.4187805,-5.114994,-0.6501596,-0.2072,1.991001,-0.1927446,-0.06034452,0.9793918,-0.183354,0.9827424,0.02446686,-0.9639663,-0.1748595,-0.2004827,static,52.12294,18.65695,-18.0844,-5.941283,54.7809398482394,21.08664714659624,74.3918252000708,77.71657969319487,108.05764758169599
05/18/2023 18:41:00.450498,2496,True,True,True,True,Eyes,1.666099,0.02740029,-3.638578,-0.7748219,-0.2048742,-0.5980616,0.0,0.0,0.0,0.0,0.0,0.0,0.0,3.891594,0.3647943,0.8060904,1.568929,0.03474796,-3.669416,0.08360079,-0.7680967,0.0522529,0.6326991,10.72287,258.6168,356.3642,0.4306789,0.006595131,-0.9024808,-0.1666414,-0.005193948,-0.05409997,0.5840159,-0.4193497,-5.10624,-0.6501597,-0.2072001,1.991001,-0.1854058,-0.06230626,0.9806849,-0.1945477,0.9805611,0.02551772,-0.9632114,-0.1860588,-0.1939232,static,52.33653,18.9096,-18.08441,-5.941288,54.97510694362895,21.328026392942466,74.67714124731975,77.98274503694739,107.83257184951347
05/18/2023 18:41:00.470191,2497,True,True,True,True,Eyes,1.661144,0.02759377,-3.639642,-0.7770495,-0.2068003,-0.5944979,0.0,0.0,0.0,0.0,0.0,0.0,0.0,3.8836,0.3837811,0.8232713,1.559989,0.03513077,-3.670505,0.08744458,-0.7653505,0.05457855,0.6353058,11.22437,259.0204,356.2294,0.4292479,0.006620358,-0.9031622,-0.1566429,-0.004882311,-0.05085397,0.5625367,-0.4227509,-5.097143,-0.6501601,-0.2072,1.991001,-0.1774803,-0.06450337,0.9820083,-0.2031996,0.9787492,0.02756466,-0.962918,-0.1946515,-0.1868157,static,52.58146,19.18059,-18.08441,-5.941283,55.1981236255462,21.58729000977223,74.9984912240575,78.28251443670975,107.57701239826282
05/18/2023 18:41:00.490048,2498,True,True,True,True,Eyes,1.656024,0.02777082,-3.640701,-0.7793213,-0.208673,-0.5908587,0.0,0.0,0.0,0.0,0.0,0.0,0.0,3.876534,0.3949147,0.8397069,1.551041,0.03519325,-3.671731,0.08911575,-0.7630084,0.05490999,0.6378572,11.38962,259.4049,356.1429,0.427847,0.006648085,-0.9038265,-0.1472443,-0.004589373,-0.04780273,0.5410936,-0.4238825,-5.088753,-0.6501594,-0.2072,1.990999,-0.1703935,-0.06594265,0.9831673,-0.2060416,0.9780865,0.02989267,-0.9635938,-0.1974798,-0.1802465,static,52.83166,19.45165,-18.08441,-5.94129,55.42604937659394,21.84673979559622,75.32523074036015,78.58729056074404,107.31703098965232
05/18/2023 18:41:00.499637,2499,True,True,True,True,Eyes,1.650735,0.02794299,-3.641746,-0.7818201,-0.2103563,-0.5869477,0.0,0.0,0.0,0.0,0.0,0.0,0.0,3.869465,0.4025009,0.8561711,1.541923,0.0349903,-3.672743,0.08996312,-0.7607739,0.0546741,0.6404223,11.44446,259.7895,356.0888,0.4264704,0.006677656,-0.9044766,-0.1384096,-0.00431401,-0.04493456,0.5196082,-0.4238692,-5.080639,-0.6501602,-0.2072001,1.991001,-0.1635323,-0.06685415,0.9842703,-0.2069122,0.9778348,0.03203951,-0.9645957,-0.198418,-0.1737404,static,53.10278,19.71718,-18.08442,-5.941288,55.67357383110627,22.101492224873795,75.6701686528253,78.90905636699809,107.03892162256855
05/18/2023 18:41:00.519673,2500,True,True,True,True,Eyes,1.645283,0.02810244,-3.642773,-0.784362,-0.2119487,-0.5829699,0.0,0.0,0.0,0.0,0.0,0.0,0.0,3.86267,0.4052534,0.872242,1.532578,0.03499248,-3.673585,0.09001872,-0.7586743,0.05414192,0.6429454,11.41455,260.1682,356.0825,0.4251117,0.00670879,-0.9051158,-0.1301051,-0.00405517,-0.04223849,0.4988281,-0.4283201,-5.071688,-0.6501591,-0.2072,1.991,-0.1570361,-0.0669692,0.9853199,-0.2062104,0.9779305,0.03360208,-0.9658248,-0.1979064,-0.1673801,static,53.37876,19.9796,-18.0844,-5.941287,55.925686363074,22.35344484224912,76.01891619888019,79.23436586162886,106.75720563173066
05/18/2023 18:41:00.542106,2501,True,True,True,True,Eyes,1.639678,0.02824808,-3.643773,-0.7870768,-0.213407,-0.5787639,0.0,0.0,0.0,0.0,0.0,0.0,0.0,3.856024,0.4033383,0.8886065,1.52319,0.03483044,-3.674221,0.08947269,-0.7566179,0.05376424,0.6454716,11.35353,260.5513,356.1409,0.4237658,0.00674103,-0.9057464,-0.1222988,-0.00381186,-0.03970418,0.4788838,-0.4328809,-5.063146,-0.6501597,-0.2071999,1.991,-0.1507224,-0.06598669,0.9863716,-0.2047998,0.9782081,0.03414617,-0.9671298,-0.1968621,-0.160952,static,53.67171,20.24039,-18.08441,-5.941286,56.19364226686703,22.604260216176424,76.38338114814881,79.57435049901001,106.4605698833234
05/18/2023 18:41:00.549834,2502,True,True,True,True,Eyes,1.633917,0.02835698,-3.644741,-0.7898026,-0.2147783,-0.5745277,0.0,0.0,0.0,0.0,0.0,0.0,0.0,3.850304,0.3974595,0.9021158,1.513873,0.03461032,-3.674726,0.08854019,-0.7548442,0.05366776,0.6476811,11.28639,260.8906,356.2494,0.4224289,0.006773926,-0.9063705,-0.1149608,-0.003583148,-0.03732193,0.4587267,-0.4365702,-5.054878,-0.6501602,-0.2072,1.991001,-0.1453398,-0.0641489,0.9873001,-0.2031873,0.9785608,0.03367003,-0.968293,-0.1957132,-0.155258,static,53.96665,20.49748,-18.08442,-5.941284,56.463523400238856,22.85165781380824,76.74871288818203,79.91513851266582,106.16300390449464
05/18/2023 18:41:00.569696,2503,True,True,True,True,Eyes,1.628019,0.0284325,-3.645682,-0.7925954,-0.2161016,-0.570169,0.0,0.0,0.0,0.0,0.0,0.0,0.0,3.844498,0.3914189,0.9146247,1.504366,0.03381013,-3.675005,0.08747303,-0.7531449,0.05347902,0.6498163,11.2002,261.2186,356.3613,0.4210962,0.006806529,-0.9069902,-0.1080632,-0.003368159,-0.03508261,0.438756,-0.4433106,-5.045426,-0.6501594,-0.2072001,1.991,-0.1401742,-0.06225665,0.9881676,-0.2012628,0.978977,0.03312792,-0.9694557,-0.1942377,-0.1497573,static,54.26991,20.75737,-18.0844,-5.941289,56.74110309628412,23.101866782793785,77.12304822797385,80.26431842005296,105.85804386146947
05/18/2023 18:41:00.589800,2504,True,True,True,True,Eyes,1.621976,0.02849843,-3.646586,-0.7953461,-0.2174449,-0.565811,0.0,0.0,0.0,0.0,0.0,0.0,0.0,3.838848,0.3892542,0.9245634,1.495123,0.0330583,-3.675133,0.08737519,-0.7515124,0.05405558,0.6516691,11.2521,261.5093,356.4415,0.4197648,0.006838041,-0.9076069,-0.1015794,-0.00316607,-0.03297765,0.4179153,-0.4487036,-5.035698,-0.6501597,-0.2072001,1.991001,-0.1353859,-0.06087437,0.9889211,-0.2017798,0.9788871,0.03263254,-0.9700286,-0.1951263,-0.1448107,static,54.57187,21.02209,-18.08441,-5.941288,57.01737879428122,23.35656704506365,77.49812111663923,80.61416122705977,105.5542340979024
05/18/2023 18:41:00.609903,2505,True,True,True,True,Eyes,1.615794,0.02853165,-3.647441,-0.7981446,-0.2187316,-0.561357,0.0,0.0,0.0,0.0,0.0,0.0,0.0,3.832467,0.3944624,0.9336033,1.485564,0.0329138,-3.675191,0.08835901,-0.7497796,0.05451513,0.6534918,11.37516,261.7925,356.418,0.418432,0.00686834,-0.908222,-0.09548463,-0.002976106,-0.03099899,0.3971378,-0.4530517,-5.026142,-0.6501595,-0.2072,1.991,-0.1302826,-0.06124917,0.9895834,-0.2037499,0.9784416,0.03373511,-0.9703158,-0.1972324,-0.1399533,static,54.88023,21.28828,-18.08441,-5.941287,57.29958958843048,23.612789796008474,77.8799589710799,80.97030844212495,105.24492464490939
05/18/2023 18:41:00.619726,2506,True,True,True,True,Eyes,1.609485,0.02852062,-3.648251,-0.8008853,-0.2200394,-0.5569249,0.0,0.0,0.0,0.0,0.0,0.0,0.0,3.826101,0.3999516,0.9423351,1.476056,0.03216676,-3.675218,0.08897296,-0.7481354,0.05432563,0.655306,11.41389,262.0694,356.3778,0.417095,0.006896754,-0.9088365,0.0,0.0,0.0,0.3761709,-0.4579431,-5.016129,-0.6501596,-0.2072,1.991,-0.1253157,-0.06192784,0.9901823,-0.2043275,0.9782651,0.0353232,-0.9708483,-0.1978949,-0.1352454,static,55.18577,21.55883,-18.08441,-5.941288,57.57908911911495,23.873029105815984,78.2609466288667,81.32563312655155,104.93823643972969
05/18/2023 18:41:00.639860,2507,True,True,True,True,Eyes,1.448547,0.02747149,-3.667924,-0.8605202,-0.2540455,-0.4415494,0.0,0.0,0.0,0.0,0.0,0.0,0.0,3.82046,0.4013647,0.9488611,1.466639,0.03110228,-3.674962,0.08944019,-0.7466716,0.055012,0.656853,11.51649,262.3149,356.4135,0.4157519,0.006922375,-0.9094515,0.0,0.0,0.0,0.3530096,-0.4568523,-5.00593,-0.65016,-0.2072001,1.991001,-0.1210895,-0.06129529,0.9907473,-0.2058344,0.9779482,0.03534631,-0.9710662,-0.1996499,-0.1310359,static,62.83677,29.91398,-18.08442,-5.941288,64.5476811870737,31.868905834162984,88.50897826982256,90.87174975958021,97.28845859615186
05/18/2023 18:41:00.649619,2508,True,True,True,True,Eyes,1.44816,0.0274407,-3.667903,-0.8605731,-0.254078,-0.4414276,0.0,0.0,0.0,0.0,0.0,0.0,0.0,3.814746,0.4037113,0.9547186,1.45705,0.03030833,-3.674623,0.09022702,-0.7451923,0.05596903,0.6583427,11.66657,262.5546,356.4419,0.4109572,0.006927597,-0.911628,-0.4828126,-0.003147399,-0.0590179,0.3292442,-0.4536428,-4.995636,-0.6501598,-0.2071999,1.991001,-0.1168881,-0.06077934,0.9912835,-0.2081665,0.9774531,0.03538521,-0.9710839,-0.202216,-0.1269048,static,62.84463,29.92397,-18.08441,-5.941283,64.5548131412543,31.87843677413009,88.5202004520754,90.88218970284412,97.28068085428976
05/18/2023 18:41:00.669805,2509,True,True,True,True,Eyes,1.447394,0.02734914,-3.667849,-0.8605475,-0.2544364,-0.441271,0.0,0.0,0.0,0.0,0.0,0.0,0.0,3.809684,0.4040617,0.9581156,1.447346,0.02954116,-3.674134,0.09041665,-0.7440289,0.05622568,0.6596094,11.70931,262.7538,356.4652,0.4066241,0.006931382,-0.913569,-0.4538439,-0.002958555,-0.05547682,0.3064992,-0.4527338,-4.985339,-0.6501596,-0.2072001,1.990999,-0.1134808,-0.06037125,0.9917043,-0.2087192,0.977327,0.03561229,-0.9713694,-0.2029464,-0.1235085,static,62.85219,29.9677,-18.08442,-5.941292,64.56101800307385,31.91954270356045,88.54485046996332,90.9049571099962,97.27052886691449
05/18/2023 18:41:00.690160,2510,True,True,True,True,Eyes,1.44626,0.0272524,-3.667772,-0.8605377,-0.2549191,-0.4410113,0.0,0.0,0.0,0.0,0.0,0.0,0.0,3.804477,0.4024307,0.9616766,1.437477,0.02799755,-3.673375,0.08993418,-0.7429442,0.05592312,0.6609226,11.65245,262.9558,356.5047,0.4027005,0.006932396,-0.9153054,-0.4266132,-0.002781041,-0.05214821,0.2827497,-0.4455772,-4.976066,-0.6501602,-0.2072,1.991001,-0.1101868,-0.05971043,0.9921159,-0.2075538,0.9775689,0.03578353,-0.9719983,-0.2019746,-0.1201083,static,62.86562,30.02933,-18.08442,-5.941286,64.57234878816172,31.977538061155744,88.58213246146796,90.93942294011167,97.25377325794598
05/18/2023 18:41:00.699806,2511,True,True,True,True,Eyes,1.444758,0.02711376,-3.667699,-0.8605459,-0.2555471,-0.440632,0.0,0.0,0.0,0.0,0.0,0.0,0.0,3.799299,0.4073856,0.9628315,1.42746,0.02780816,-3.672774,0.09139279,-0.7417248,0.05715774,0.6619855,11.87587,263.1324,356.4906,0.3991389,0.006930836,-0.916864,-0.4010164,-0.002614179,-0.04901932,0.2591776,-0.4377077,-4.966884,-0.6501598,-0.2071999,1.991,-0.1068454,-0.05990142,0.9924695,-0.2112518,0.9767607,0.03621077,-0.9715744,-0.205792,-0.1170166,static,62.88585,30.11184,-18.08442,-5.941285,64.58961484562849,32.05523352499158,88.63414943540963,90.987534627971,97.22933329228852
05/18/2023 18:41:00.719649,2512,True,True,True,True,Eyes,1.442917,0.02692105,-3.667579,-0.8606066,-0.2560898,-0.440198,0.0,0.0,0.0,0.0,0.0,0.0,0.0,3.794588,0.4050007,0.9635844,1.417055,0.02661876,-3.671875,0.09056379,-0.740918,0.05619471,0.6630844,11.73434,263.2947,356.5056,0.3958964,0.006925943,-0.9182687,-0.3769554,-0.002457328,-0.04607816,0.2373857,-0.439335,-4.956014,-0.6501597,-0.2072,1.991001,-0.1042348,-0.05967704,0.9927608,-0.2087243,0.9772807,0.03683153,-0.972404,-0.2033742,-0.1143228,static,62.91037,30.18915,-18.08441,-5.941285,64.61097798607929,32.12815981246643,88.68800776056267,91.03740891796961,97.20146494540832
05/18/2023 18:41:00.740324,2513,True,True,True,True,Eyes,1.440741,0.02668279,-3.667428,-0.8606651,-0.2567836,-0.4396792,0.0,0.0,0.0,0.0,0.0,0.0,0.0,3.791014,0.3979932,0.961297,1.407094,0.02502401,-3.670659,0.08932569,-0.7404526,0.05576969,0.6638077,11.60596,263.4052,356.5913,0.3929349,0.00691672,-0.91954,-0.3543381,-0.002309888,-0.04331347,0.2171918,-0.448041,-4.943503,-0.6501595,-0.2072,1.991,-0.1027604,-0.05824216,0.9929996,-0.2063236,0.9778214,0.03600053,-0.9730729,-0.2011798,-0.1124981,static,62.93934,30.28599,-18.08441,-5.941289,64.6361126563887,32.21946875876217,88.75395094195156,91.09845389066186,97.1681309598597
05/18/2023 18:41:00.749986,2514,True,True,True,True,Eyes,1.438237,0.02639676,-3.667224,-0.8607517,-0.257413,-0.4391411,0.0,0.0,0.0,0.0,0.0,0.0,0.0,3.786805,0.3985979,0.9581485,1.396852,0.02370115,-3.669477,0.0898224,-0.7397372,0.05651039,0.6644754,11.71099,263.517,356.6165,0.3902202,0.006902482,-0.9206954,-0.3330778,-0.002171295,-0.04071466,0.1941697,-0.4415674,-4.932878,-0.6501597,-0.2072,1.991,-0.1008091,-0.0577904,0.9932261,-0.2079894,0.977477,0.03576387,-0.9729225,-0.2029752,-0.1105584,static,62.97009,30.37771,-18.08441,-5.941287,64.66300413884218,32.306025949982654,88.81948836452509,91.15915474903751,97.13360981206999
05/18/2023 18:41:00.769752,2515,True,True,True,True,Eyes,1.435424,0.02607423,-3.666964,-0.8608764,-0.2580855,-0.4385017,0.0,0.0,0.0,0.0,0.0,0.0,0.0,3.783035,0.397777,0.9525433,1.38645,0.0223387,-3.667994,0.08955549,-0.7393821,0.05609738,0.6649413,11.65705,263.5857,356.6149,0.3877212,0.006882555,-0.9217507,-0.3130932,-0.002041017,-0.03827178,0.1638762,-0.3990031,-4.928121,-0.6501598,-0.2072001,1.991001,-0.0996657,-0.05782852,0.9933391,-0.2070344,0.9776658,0.03614347,-0.9732438,-0.2020531,-0.1094123,static,63.00723,30.47946,-18.08441,-5.941288,64.69565711012962,32.40211786980349,88.89502214842575,91.22914164045413,97.09264301280858
05/18/2023 18:41:00.790519,2516,True,True,True,True,Eyes,1.432304,0.02570529,-3.666646,-0.861029,-0.2586889,-0.4378459,0.0,0.0,0.0,0.0,0.0,0.0,0.0,3.778944,0.3996391,0.9468718,1.376231,0.02115001,-3.666365,0.08962812,-0.7390051,0.05555568,0.6653961,11.61815,263.6507,356.5738,0.3854106,0.006856613,-0.9227194,-0.2943076,-0.001918556,-0.03597547,0.1461967,-0.4111776,-4.916161,-0.6501601,-0.2071999,1.991001,-0.09842989,-0.05853821,0.9934208,-0.2064043,0.9777607,0.03716454,-0.9735034,-0.2013883,-0.1083234,static,63.04599,30.57552,-18.08442,-5.941282,64.72992875067303,32.49292083109185,88.96977158043796,91.29843539874933,97.05066896355726
05/18/2023 18:41:00.800143,2517,True,True,True,True,Eyes,1.428875,0.02529744,-3.666267,-0.861272,-0.2592643,-0.4370272,0.0,0.0,0.0,0.0,0.0,0.0,0.0,3.77416,0.4051207,0.9418082,1.365744,0.01967269,-3.664665,0.09003703,-0.7385029,0.05474788,0.6659651,11.58292,263.7302,356.4848,0.3832636,0.006824108,-0.9236135,-0.2766491,-0.001803443,-0.03381694,0.1330219,-0.453096,-4.898473,-0.6501589,-0.2072,1.991,-0.09676769,-0.06006489,0.9934929,-0.2059056,0.977792,0.0390601,-0.9737755,-0.200786,-0.1069864,static,63.09583,30.67834,-18.0844,-5.94129,64.7743946279332,32.590305051483725,89.05743677082673,91.37977710853501,96.99837458185124
05/18/2023 18:41:00.819653,2518,True,True,True,True,Eyes,1.425157,0.02483641,-3.665819,-0.8615668,-0.2596644,-0.4362076,0.0,0.0,0.0,0.0,0.0,0.0,0.0,3.76937,0.4089493,0.9359975,1.354917,0.01833913,-3.662696,0.09003299,-0.7381182,0.05353197,0.6664909,11.48072,263.7994,356.3989,0.3812576,0.006784729,-0.9244437,-0.2600502,-0.001695236,-0.03178793,0.1018999,-0.3970887,-4.896946,-0.6501595,-0.2072001,1.991,-0.09536828,-0.06155284,0.9935372,-0.2042671,0.9780568,0.04098647,-0.9742587,-0.1990382,-0.1058489,static,63.1471,30.76437,-18.08441,-5.941288,64.82051517784552,32.672005963157574,89.13957340089229,91.4560719112153,96.94607555371543
05/18/2023 18:41:00.839801,2519,True,True,True,True,Eyes,1.421154,0.02433243,-3.665286,-0.861955,-0.2600408,-0.4352151,0.0,0.0,0.0,0.0,0.0,0.0,0.0,3.764569,0.4115455,0.9306531,1.34424,0.01658364,-3.66063,0.08941181,-0.7378134,0.05161527,0.6670628,11.2711,263.8699,356.3123,0.379373,0.00673784,-0.9252189,-0.2444472,-0.001593522,-0.02988065,0.08487579,-0.4008212,-4.887312,-0.6501596,-0.2072,1.991001,-0.09406555,-0.06307722,0.9935658,-0.2007997,0.9786828,0.0431217,-0.9751057,-0.1954515,-0.1047262,static,63.21005,30.8583,-18.08441,-5.941285,64.87736714503902,32.76136895090846,89.23563572286481,91.54535427812209,96.88283508165682
05/18/2023 18:41:00.849689,2520,True,True,True,True,Eyes,1.416865,0.02378954,-3.664682,-0.8624193,-0.2601685,-0.434218,0.0,0.0,0.0,0.0,0.0,0.0,0.0,3.759615,0.4146301,0.9249477,1.333424,0.01508069,-3.658402,0.08915687,-0.7374606,0.0501873,0.667596,11.13164,263.9394,356.2314,0.3775925,0.006683124,-0.9259475,-0.2297803,-0.001497911,-0.02808781,0.0730401,-0.4487866,-4.868951,-0.6501596,-0.2072001,1.991,-0.09273358,-0.06448967,0.9936003,-0.198509,0.9790646,0.04501921,-0.9757021,-0.1930638,-0.1035939,static,63.27528,30.9286,-18.08441,-5.94129,64.93679706509624,32.828665602252926,89.32406140289524,91.62767202077247,96.81939036703804
05/18/2023 18:41:00.870478,2521,True,True,True,True,Eyes,1.412304,0.02319708,-3.663996,-0.8629383,-0.2599727,-0.4333032,0.0,0.0,0.0,0.0,0.0,0.0,0.0,3.754078,0.4175036,0.9211121,1.322269,0.01357502,-3.656129,0.08807759,-0.7370776,0.04730281,0.6683723,10.80511,264.0348,356.1118,0.3758995,0.006620377,-0.9266365,-0.2159935,-0.001408036,-0.02640254,0.04731771,-0.4156436,-4.864281,-0.6501595,-0.2072,1.991001,-0.09104183,-0.06660826,0.9936171,-0.1930718,0.9800096,0.04800554,-0.9769517,-0.1874689,-0.1020821,static,63.33762,30.96286,-18.0844,-5.941285,64.99422588370965,32.862161352260095,89.39497334336772,91.69386853840402,96.76133065014994
05/18/2023 18:41:00.889947,2522,True,True,True,True,Eyes,1.407487,0.02254953,-3.663242,-0.8635232,-0.2595722,-0.4323772,0.0,0.0,0.0,0.0,0.0,0.0,0.0,3.748352,0.4208037,0.9173474,1.311216,0.01178814,-3.653672,0.08675922,-0.7367358,0.04394884,0.66915,10.42028,264.1283,355.9758,0.3742804,0.006549171,-0.9272922,-0.2030339,-0.001323554,-0.02481839,0.02258456,-0.3856246,-4.857381,-0.6501601,-0.2072,1.991001,-0.08942214,-0.0690205,0.9935994,-0.186654,0.9810827,0.0513525,-0.9783475,-0.1808672,-0.1006135,static,63.40228,30.97797,-18.08442,-5.941284,65.05418394250405,32.877785123227866,89.46012291969264,91.75482326887506,96.70262768155055
05/18/2023 18:41:00.909786,2523,True,True,True,True,Eyes,1.402421,0.02192446,-3.662419,-0.8640726,-0.2590857,-0.4315706,0.0,0.0,0.0,0.0,0.0,0.0,0.0,3.742283,0.4273694,0.9139848,1.300241,0.009798989,-3.651297,0.08616567,-0.7362314,0.04114815,0.6699595,10.13943,264.2325,355.8206,0.3727221,0.006468935,-0.9279202,-0.1908519,-0.001244141,-0.02332929,0.009474728,-0.4235294,-4.84079,-0.6501598,-0.2072001,1.991,-0.08745962,-0.07174054,0.9935816,-0.1820109,0.9817646,0.0548659,-0.9793993,-0.1760442,-0.09892235,static,63.45966,30.97775,-18.08442,-5.941289,65.10765296113861,32.87889279953375,89.51230319754889,91.80374457787799,96.65158125831417
05/18/2023 18:41:00.919687,2524,True,True,True,True,Eyes,1.397103,0.02148473,-3.661528,-0.8646072,-0.2586572,-0.430756,0.0,0.0,0.0,0.0,0.0,0.0,0.0,3.736442,0.432952,0.9095855,1.289201,0.009737179,-3.648788,0.08649067,-0.7356676,0.03979228,0.6706184,10.0526,264.3246,355.6966,0.3712138,0.006381151,-0.9285253,-0.1794008,-0.001169492,-0.02192953,-0.008105766,-0.4364805,-4.827707,-0.65016,-0.2072,1.991001,-0.08558053,-0.0738859,0.9935879,-0.1806276,0.9818718,0.05745669,-0.9798212,-0.1745523,-0.09737496,static,63.51705,30.98367,-18.08442,-5.941286,65.1610134541692,32.88574796630961,89.56702675517836,91.8549985444095,96.60004514772777
05/18/2023 18:41:00.940059,2525,True,True,True,True,Eyes,1.391521,0.02113651,-3.660594,-0.8651932,-0.2579562,-0.429999,0.0,0.0,0.0,0.0,0.0,0.0,0.0,3.730651,0.4394624,0.9041042,1.27781,0.01378015,-3.646271,0.08817711,-0.735003,0.03956616,0.6711409,10.16718,264.4024,355.5417,0.3697453,0.006291313,-0.9291116,-0.1686367,-0.001099323,-0.02061376,-0.02881669,-0.4272446,-4.817514,-0.6501595,-0.2072,1.991001,-0.08358975,-0.07651194,0.9935588,-0.1827298,0.9813186,0.06019604,-0.9796034,-0.176521,-0.09600912,static,63.57273,30.95953,-18.0844,-5.941285,65.21335755849432,32.86442674133472,89.60779557327099,91.89341476964093,96.55229576334075
05/18/2023 18:41:00.950091,2526,True,True,True,True,Eyes,1.385727,0.02062647,-3.659592,-0.8658678,-0.2568481,-0.429304,0.0,0.0,0.0,0.0,0.0,0.0,0.0,3.726969,0.4323677,0.8962176,1.265882,0.0155652,-3.643864,0.08586192,-0.7351335,0.03617837,0.6714891,9.700765,264.4351,355.4816,0.3683071,0.006201968,-0.9296833,-0.1585185,-0.001033364,-0.01937693,-0.04792899,-0.4359791,-4.802619,-0.6501598,-0.2072,1.991,-0.08346029,-0.07765321,0.9934809,-0.1748267,0.9826378,0.06211884,-0.9810556,-0.1685026,-0.09558702,static,63.62743,30.89164,-18.08442,-5.941287,65.26562821237671,32.802131502595515,89.62974362235914,91.91454190862719,96.50863688996161
05/18/2023 18:41:00.969678,2527,True,True,True,True,Eyes,1.379789,0.02031334,-3.658536,-0.8662112,-0.2568955,-0.4285824,0.0,0.0,0.0,0.0,0.0,0.0,0.0,3.725969,0.4117295,0.8840141,1.255034,0.011051,-3.641238,0.08041805,-0.7360706,0.03241168,0.6713289,8.956729,264.3918,355.6532,0.366892,0.006108956,-0.9302431,-0.1490074,-0.0009713617,-0.01821432,-0.06784838,-0.4386706,-4.788029,-0.6501591,-0.2072,1.991,-0.08570091,-0.07486891,0.9935039,-0.1619045,0.9849648,0.06025934,-0.983078,-0.1556885,-0.096534,static,63.6748,30.93879,-18.0844,-5.941289,65.30886108338636,32.847350048462395,89.69229070375135,91.97279224506421,96.46290447239096
05/18/2023 18:41:00.989904,2528,True,True,True,True,Eyes,1.373574,0.02015091,-3.657459,-0.8665592,-0.2567473,-0.4279672,0.0,0.0,0.0,0.0,0.0,0.0,0.0,3.720414,0.4449005,0.8688684,1.245577,0.01572903,-3.639044,0.09109464,-0.7349551,0.04109241,0.6707118,10.52116,264.3431,355.4042,0.3654943,0.006017644,-0.9307938,-0.140067,-0.00091308,-0.01712146,-0.09185676,-0.4199307,-4.777006,-0.65016,-0.2072,1.991001,-0.08369508,-0.07877859,0.9933726,-0.1890233,0.9800264,0.06179433,-0.9783993,-0.1825986,-0.09691437,static,63.71664,30.9605,-18.08442,-5.941285,65.347429545019,32.868629237754334,89.73937348405005,92.01675370085891,96.42397775084336
05/18/2023 18:41:00.999958,2529,True,True,True,True,Eyes,1.367204,0.02011082,-3.656322,-0.8668308,-0.25649,-0.4275714,0.0,0.0,0.0,0.0,0.0,0.0,0.0,3.716601,0.4602325,0.8521411,1.232717,0.01920532,-3.63746,0.09251333,-0.7352796,0.03782584,0.6703539,10.34987,264.2599,355.0237,0.3641059,0.005931714,-0.9313383,-0.1316629,-0.0008582952,-0.01609417,-0.1103081,-0.4191372,-4.765246,-0.6501592,-0.2072001,1.991,-0.08413389,-0.08533294,0.992794,-0.1867597,0.980021,0.06840822,-0.9787964,-0.1796585,-0.09838967,static,63.7448,30.95855,-18.0844,-5.94129,65.37370553236997,32.8674486361916,89.76422541673047,92.0400650455248,96.3990229793352
05/18/2023 18:41:01.019673,2530,True,True,True,True,Eyes,1.36066,0.02007366,-3.655131,-0.8669187,-0.2568442,-0.4271802,0.0,0.0,0.0,0.0,0.0,0.0,0.0,3.718933,0.4494508,0.8211193,1.222703,0.02206109,-3.634724,0.09082734,-0.7375703,0.0359192,0.6681693,10.04153,263.9069,354.9905,0.3627229,0.00585379,-0.9318783,-0.1237632,-0.0008067975,-0.01512852,-0.12503,-0.4324146,-4.753052,-0.6501597,-0.2072,1.991,-0.09060039,-0.08598288,0.9921687,-0.1819833,0.9809204,0.06839021,-0.9791188,-0.174362,-0.1045192,static,63.76791,31.0166,-18.08441,-5.941286,65.39412453291497,32.92231458951434,89.80917340100284,92.08173097061315,96.37410026457867
05/18/2023 18:41:01.040317,2531,True,True,True,True,Eyes,1.353972,0.02001771,-3.653909,-0.8669547,-0.2573127,-0.426825,0.0,0.0,0.0,0.0,0.0,0.0,0.0,3.713861,0.4651182,0.8083696,1.211923,0.02223073,-3.632259,0.0968598,-0.7367199,0.04181143,0.6679176,11.01088,263.9019,354.9231,0.361341,0.005783157,-0.9324154,-0.1163374,-0.0007583896,-0.01422081,-0.1405523,-0.4368687,-4.742728,-0.6501597,-0.2072001,1.991001,-0.08900874,-0.0868639,0.992236,-0.1985703,0.97774,0.0677821,-0.9760365,-0.1909953,-0.104276,static,63.78775,31.0838,-18.08441,-5.941288,65.41132104169125,32.98567041264868,89.85492598891474,92.12407499370902,96.35143691696953
05/18/2023 18:41:01.050184,2532,True,True,True,True,Eyes,1.347178,0.0199595,-3.652646,-0.8669232,-0.2580336,-0.4264537,0.0,0.0,0.0,0.0,0.0,0.0,0.0,3.713279,0.4572704,0.7889423,1.201747,0.02169791,-3.62978,0.0967234,-0.7375808,0.04298742,0.6669117,11.09436,263.7542,355.0107,0.3599566,0.005718599,-0.9329512,-0.1093571,-0.0007128862,-0.01336756,-0.154887,-0.4456069,-4.731946,-0.6501601,-0.2072001,1.991,-0.09174658,-0.085345,0.9921183,-0.2000203,0.9775933,0.06559855,-0.9754868,-0.1924253,-0.1067616,static,63.80667,31.1768,-18.08442,-5.941289,65.42716515266746,33.07315490505841,89.91052859593263,92.17543972193556,96.32763904427499
05/18/2023 18:41:01.070165,2533,True,True,True,True,Eyes,1.340273,0.01993254,-3.651342,-0.8668498,-0.2591582,-0.4259208,0.0,0.0,0.0,0.0,0.0,0.0,0.0,3.707861,0.4703616,0.7821534,1.192373,0.02166075,-3.627536,0.1002589,-0.736758,0.04526301,0.6671485,11.5645,263.8046,354.8854,0.3585678,0.005659471,-0.9334862,-0.1027957,-0.000670113,-0.01256551,-0.1668302,-0.4612247,-4.720646,-0.6501597,-0.2072,1.991001,-0.08972216,-0.08733877,0.9921301,-0.2081274,0.9757988,0.06707935,-0.973978,-0.2004709,-0.1057284,static,63.83312,31.31908,-18.0844,-5.941284,65.44907965287756,33.206939640357774,89.99341536114126,92.25196820183933,96.29352329695435
05/18/2023 18:41:01.089947,2534,True,True,True,True,Eyes,1.333243,0.0199642,-3.650008,-0.8667915,-0.2602845,-0.4253521,0.0,0.0,0.0,0.0,0.0,0.0,0.0,3.700934,0.4933837,0.7772944,1.182761,0.02254486,-3.625616,0.1065696,-0.7351922,0.04955438,0.6675925,12.42457,263.9027,354.6808,0.3571723,0.005606035,-0.9340213,0.0,0.0,0.0,-0.1785364,-0.4776459,-4.70936,-0.6501589,-0.2072,1.991,-0.08592653,-0.09053405,0.9921796,-0.2228626,0.9723746,0.06942618,-0.9710556,-0.2151542,-0.1037293,static,63.86188,31.4636,-18.08439,-5.941288,65.47310354340686,33.34287397946645,90.07950273622431,92.3314686858464,96.2571716392321
05/18/2023 18:41:01.109620,2535,True,True,True,True,Eyes,1.326123,0.020001,-3.648621,-0.8669475,-0.2610794,-0.4245463,0.0,0.0,0.0,0.0,0.0,0.0,0.0,3.696731,0.491545,0.7737126,1.172718,0.02399328,-3.623565,0.1070101,-0.7345891,0.04995757,0.6681557,12.49741,263.9945,354.6837,0.3557681,0.005559241,-0.9345574,0.0,0.0,0.0,-0.1879708,-0.4983585,-4.698405,-0.6501595,-0.2072,1.991,-0.08423378,-0.09045808,0.9923317,-0.2239759,0.9721062,0.0696023,-0.9709479,-0.2163955,-0.1021446,static,63.90889,31.5899,-18.08441,-5.941287,65.51448187480533,33.46217153966513,90.17478163277674,92.41973418909244,96.20593424564065
05/18/2023 18:41:01.119823,2536,True,True,True,True,Eyes,1.318924,0.0199805,-3.647177,-0.8671108,-0.2619888,-0.4236517,0.0,0.0,0.0,0.0,0.0,0.0,0.0,3.694014,0.4644785,0.7773511,1.163413,0.02407857,-3.621,0.1034721,-0.734044,0.05063418,0.6692602,12.28854,264.1815,355.0605,0.3543544,0.005518582,-0.9350946,0.0,0.0,0.0,-0.1996877,-0.5132799,-4.686629,-0.6501599,-0.2072,1.991001,-0.08276884,-0.08413128,0.9930113,-0.219681,0.9734594,0.06416409,-0.9720544,-0.212835,-0.09905408,static,63.96087,31.73289,-18.08441,-5.941285,65.56017076226759,33.59720532060913,90.28162289308396,92.51869058589409,96.14909513157285
05/18/2023 18:41:01.139839,2537,True,True,True,True,Eyes,1.311658,0.01997121,-3.645709,-0.8673671,-0.262659,-0.422711,0.0,0.0,0.0,0.0,0.0,0.0,0.0,3.692812,0.4283645,0.7774038,1.154359,0.0226222,-3.61824,0.09998441,-0.733705,0.05412152,0.6698888,12.32023,264.3232,355.6438,0.3529298,0.00548196,-0.9356334,0.0,0.0,0.0,-0.2139997,-0.5177754,-4.676011,-0.6501598,-0.2072001,1.991,-0.08250429,-0.07420731,0.9938241,-0.2192289,0.9741479,0.05453841,-0.9721788,-0.2133753,-0.09663972,static,64.01773,31.85549,-18.08442,-5.941289,65.61079801265619,33.71326504402706,90.38450938848615,92.6141089392794,96.08944487644477
05/18/2023 18:41:01.159807,2538,True,True,True,True,Eyes,1.304295,0.02001403,-3.644199,-0.8676597,-0.2633491,-0.4216796,0.0,0.0,0.0,0.0,0.0,0.0,0.0,3.689583,0.4112111,0.7770832,1.145391,0.02277224,-3.615735,0.09915046,-0.7330148,0.05681351,0.6705452,12.48946,264.4584,355.9377,0.3514937,0.005449268,-0.936174,0.0,0.0,0.0,-0.2293927,-0.5192015,-4.665231,-0.6501594,-0.2072001,1.991001,-0.08107685,-0.06916548,0.9943051,-0.2215495,0.9738829,0.04967945,-0.9717728,-0.21626,-0.09428293,static,64.08041,31.98578,-18.0844,-5.941288,65.6667005555863,33.83665612256628,90.49595841479731,92.7174831565759,96.02412546426902
05/18/2023 18:41:01.170036,2539,True,True,True,True,Eyes,1.29684,0.02008085,-3.642727,-0.8681322,-0.2634664,-0.4206328,0.0,0.0,0.0,0.0,0.0,0.0,0.0,3.682495,0.4176272,0.7816415,1.135695,0.02408899,-3.613276,0.1004262,-0.7315688,0.05676106,0.6719375,12.59214,264.676,355.8482,0.3500459,0.005421484,-0.9367166,0.0,0.0,0.0,-0.245554,-0.5181258,-4.654417,-0.6501598,-0.2072,1.991001,-0.0768296,-0.07065753,0.9945375,-0.2232171,0.9733855,0.05191095,-0.9717364,-0.2180094,-0.09055668,static,64.1486,32.06128,-18.08441,-5.941284,65.72878870413943,33.90888792501499,90.58952921963,92.80457143628655,95.9579925942253
05/18/2023 18:41:01.189994,2540,True,True,True,True,Eyes,1.289319,0.02014534,-3.641223,-0.8687064,-0.2634217,-0.4194737,0.0,0.0,0.0,0.0,0.0,0.0,0.0,3.675703,0.4172533,0.7879536,1.12592,0.02459022,-3.610743,0.09871882,-0.7305154,0.05357716,0.6735958,12.19685,264.9054,355.7725,0.3485835,0.005398717,-0.937262,0.0,0.0,0.0,-0.2619368,-0.5169049,-4.64305,-0.65016,-0.2072,1.991001,-0.07304653,-0.07205253,0.9947223,-0.21641,0.9747682,0.05471529,-0.9735661,-0.2112711,-0.08679624,static,64.22542,32.12805,-18.08442,-5.941286,65.7990855551803,33.973145699650914,90.68728744596179,92.89566384999928,95.88486264796828
05/18/2023 18:41:01.199768,2541,True,True,True,True,Eyes,1.281742,0.02023469,-3.639731,-0.8692937,-0.263345,-0.4183035,0.0,0.0,0.0,0.0,0.0,0.0,0.0,3.668408,0.4211403,0.7965839,1.116795,0.02457554,-3.608502,0.09812597,-0.7290683,0.05142232,0.6754158,11.97779,265.1716,355.684,0.3471069,0.005380427,-0.9378099,0.0,0.0,0.0,-0.2774046,-0.5161055,-4.632724,-0.6501594,-0.2072,1.991,-0.06836987,-0.07361819,0.9949402,-0.212544,0.9754541,0.05757087,-0.9747567,-0.2075324,-0.08233876,static,64.30318,32.19266,-18.0844,-5.941287,65.8702997235619,34.03540315583515,90.7849726114141,92.98670529430049,95.81109688860523
05/18/2023 18:41:01.230330,2542,True,True,True,True,Eyes,1.091139,0.02253126,-3.601911,-0.883636,-0.2614898,-0.3883432,0.0,0.0,0.0,0.0,0.0,0.0,0.0,3.661002,0.4386841,0.7996097,1.107834,0.02523129,-3.606498,0.1009646,-0.7275429,0.05129005,0.6766511,12.19662,265.3626,355.4522,0.3456156,0.005366814,-0.9383605,0.0,0.0,0.0,-0.2929828,-0.5152845,-4.622502,-0.6501604,-0.2072001,1.991,-0.0638989,-0.07750127,0.9949425,-0.2163232,0.9743509,0.06200423,-0.9742285,-0.2112671,-0.07902528,static,66.27531,33.95424,-18.08443,-5.94129,67.6740560715426,35.72945370222401,93.31783884578822,95.34657211446779,93.93695552804985
05/18/2023 18:41:01.240226,2543,True,True,True,True,Eyes,1.090812,0.02252453,-3.601826,-0.8836294,-0.2615617,-0.3883098,0.0,0.0,0.0,0.0,0.0,0.0,0.0,3.65399,0.4593018,0.7990241,1.099045,0.02541528,-3.604509,0.1036351,-0.7264043,0.05007356,0.6775612,12.3091,265.4911,355.144,0.3393402,0.00544324,-0.9406477,-0.5718105,0.00688969,0.113461,-0.3063727,-0.5186856,-4.61317,-0.6501596,-0.2072,1.991,-0.0603412,-0.08270615,0.9947456,-0.2184178,0.9735048,0.06769094,-0.9739881,-0.2131855,-0.07680694,static,66.27697,33.96382,-18.08441,-5.941289,67.67541893871244,35.73845893037597,93.32341699598382,95.35171549131616,93.93487199367414
05/18/2023 18:41:01.250120,2544,True,True,True,True,Eyes,1.090181,0.02253394,-3.601663,-0.8835164,-0.2621224,-0.3881889,0.0,0.0,0.0,0.0,0.0,0.0,0.0,3.647048,0.4817847,0.7971637,1.090832,0.02529313,-3.602497,0.1077245,-0.7251111,0.05086674,0.6782493,12.70294,265.6035,354.8702,0.3340286,0.005505292,-0.9425466,-0.5375019,0.006476308,0.1066534,-0.3194129,-0.5226873,-4.604215,-0.6501593,-0.2072,1.991001,-0.05674686,-0.08722384,0.9945713,-0.2252252,0.971616,0.07236009,-0.9726529,-0.2198962,-0.07478115,static,66.28085,34.02897,-18.0844,-5.941285,67.67778378962922,35.79953050617779,93.35478933792056,95.38054228975066,93.92715436338904
05/18/2023 18:41:01.270026,2545,True,True,True,True,Eyes,1.089266,0.02255606,-3.601452,-0.8831261,-0.2634022,-0.3882108,0.0,0.0,0.0,0.0,0.0,0.0,0.0,3.639779,0.5045729,0.7961361,1.082862,0.02581071,-3.600438,0.1138679,-0.7232625,0.05496926,0.678899,13.53999,265.7441,354.6839,0.3295109,0.005556204,-0.9441352,-0.5052518,0.00608773,0.1002542,-0.3330912,-0.5242755,-4.595588,-0.65016,-0.2072001,1.991,-0.05226088,-0.0900756,0.9945629,-0.2393499,0.9680249,0.07509512,-0.9695259,-0.234124,-0.0721494,static,66.27032,34.15701,-18.08442,-5.941289,67.66551484672902,35.9191395020233,93.40019134434897,95.4219408762538,93.92800567849294
05/18/2023 18:41:01.289742,2546,True,True,True,True,Eyes,1.088072,0.02259447,-3.601159,-0.8827124,-0.2648811,-0.3881453,0.0,0.0,0.0,0.0,0.0,0.0,0.0,3.63439,0.5156252,0.7939136,1.075017,0.02617154,-3.598417,0.1177655,-0.7219267,0.05828776,0.6793789,14.13302,265.8549,354.6251,0.3255346,0.005600511,-0.9455132,-0.4749367,0.005722466,0.09423891,-0.3453777,-0.5291798,-4.587323,-0.6501601,-0.2072,1.991,-0.04915155,-0.09083726,0.9946522,-0.2492351,0.9654676,0.07585587,-0.967195,-0.2441738,-0.07009402,static,66.264,34.31071,-18.08442,-5.941288,67.65667615823546,36.06286356353184,93.46057617781095,95.4771402954023,93.92342356153323
05/18/2023 18:41:01.309656,2547,True,True,True,True,Eyes,1.086612,0.02264416,-3.600761,-0.8821966,-0.2666453,-0.38811,0.0,0.0,0.0,0.0,0.0,0.0,0.0,3.629358,0.5191084,0.7937374,1.067109,0.02665118,-3.596151,0.1199979,-0.7207263,0.06074152,0.6800475,14.52276,265.9903,354.6443,0.3219244,0.00564143,-0.9467484,-0.4464405,0.005379118,0.08858457,-0.3572505,-0.5353156,-4.579115,-0.6501598,-0.2071999,1.991,-0.04627201,-0.09035703,0.9948339,-0.2555855,0.9638219,0.07565247,-0.9656785,-0.2507645,-0.06769194,static,66.25358,34.49044,-18.08442,-5.941285,67.64351763823704,36.23085878265814,93.52872623143985,95.53935839710591,93.920690188017
05/18/2023 18:41:01.320239,2548,True,True,True,True,Eyes,1.084884,0.02273496,-3.600277,-0.881711,-0.2684851,-0.3879451,0.0,0.0,0.0,0.0,0.0,0.0,0.0,3.624197,0.5193661,0.7958844,1.059215,0.02704643,-3.593788,0.1221358,-0.7192848,0.06397145,0.6808965,14.97224,266.1672,354.7387,0.3186387,0.005679643,-0.947859,-0.419654,0.005056371,0.0832695,-0.3696237,-0.5377764,-4.572185,-0.6501599,-0.2072,1.991,-0.04292595,-0.08858491,0.9951432,-0.2628166,0.961981,0.07429621,-0.9638905,-0.258351,-0.06457549,static,66.25093,34.68594,-18.08442,-5.941285,67.63729627948287,36.41379316992544,93.61101789224988,95.61467088622256,93.90994137104595
05/18/2023 18:41:01.339558,2549,True,True,True,True,Eyes,1.082903,0.02282704,-3.599693,-0.8812774,-0.2703064,-0.3876655,0.0,0.0,0.0,0.0,0.0,0.0,0.0,3.618978,0.5148732,0.8003995,1.051048,0.02814343,-3.591273,0.1227089,-0.7179724,0.06563633,0.6820191,15.16679,266.3714,354.8479,0.3156401,0.005716552,-0.9488615,-0.3944748,0.004752989,0.07827333,-0.3831278,-0.5378649,-4.564959,-0.6501598,-0.2072001,1.991001,-0.03958501,-0.08667272,0.9954501,-0.2657337,0.9612688,0.07312945,-0.9632335,-0.2616297,-0.06108365,static,66.25578,34.8868,-18.08441,-5.941287,67.63796030102716,36.60191640859886,93.7027232118452,95.69874046345564,93.8921573037955
05/18/2023 18:41:01.350488,2550,True,True,True,True,Eyes,1.080688,0.02292929,-3.599016,-0.880921,-0.2721024,-0.3872189,0.0,0.0,0.0,0.0,0.0,0.0,0.0,3.61286,0.5085903,0.8092792,1.042967,0.02824365,-3.588562,0.1219229,-0.7165485,0.06583871,0.6836361,15.13268,266.6378,354.9658,0.3128951,0.005752359,-0.94977,-0.3708063,0.00446781,0.07357693,-0.3937063,-0.5453632,-4.55852,-0.6501595,-0.2072001,1.991,-0.03555279,-0.0847079,0.9957713,-0.2647468,0.9616001,0.07234856,-0.9636624,-0.2610551,-0.05661372,static,66.27156,35.09608,-18.08441,-5.941289,67.64864693431491,36.798171292310585,93.80829030039433,95.79571241647757,93.86406285677795
05/18/2023 18:41:01.369846,2551,True,True,True,True,Eyes,1.078239,0.02303742,-3.598255,-0.8806931,-0.2738028,-0.3865381,0.0,0.0,0.0,0.0,0.0,0.0,0.0,3.605934,0.5055897,0.8192356,1.035115,0.02859087,-3.5857,0.1218265,-0.7148906,0.06633817,0.6853387,15.17891,266.9221,355.0511,0.3103735,0.005787482,-0.9505969,-0.3485579,0.004199741,0.06916231,-0.4079842,-0.5419923,-4.552576,-0.6501597,-0.2072,1.991001,-0.03093849,-0.08325702,0.9960477,-0.2651134,0.9615151,0.07213577,-0.9637208,-0.2618339,-0.05182043,static,66.30323,35.31171,-18.08441,-5.941287,67.67401747308722,37.00073377598972,93.93127033236381,95.90894135054505,93.82151432314511
05/18/2023 18:41:01.389971,2552,True,True,True,True,Eyes,1.075554,0.02314378,-3.597409,-0.8805974,-0.2753236,-0.3856751,0.0,0.0,0.0,0.0,0.0,0.0,0.0,3.597677,0.506889,0.8321238,1.027027,0.02880333,-3.582881,0.1218804,-0.7129096,0.06607653,0.6874146,15.17558,267.2568,355.0704,0.3080484,0.005822175,-0.9513527,-0.3276444,0.003947756,0.06501257,-0.420734,-0.5402629,-4.547709,-0.6501589,-0.2072,1.991,-0.02521259,-0.08293544,0.9962359,-0.2646234,0.9615581,0.07335149,-0.9640222,-0.2617779,-0.04619005,static,66.34804,35.52207,-18.08439,-5.941288,67.71173257717469,37.19866416443429,94.06404888341275,96.03140174977798,93.7677473241429
05/18/2023 18:41:01.409858,2553,True,True,True,True,Eyes,1.072665,0.02324871,-3.596501,-0.8806748,-0.2766123,-0.3845745,0.0,0.0,0.0,0.0,0.0,0.0,0.0,3.589194,0.5075508,0.8457973,1.018694,0.02874427,-3.580045,0.1210606,-0.71103,0.06455586,0.6896473,14.99771,267.6006,355.0639,0.305895,0.005856469,-0.9520469,-0.3079858,0.003710891,0.06111181,-0.431599,-0.5453829,-4.542765,-0.6501604,-0.2072002,1.991001,-0.01946231,-0.08311391,0.9963501,-0.2611969,0.9623538,0.0751759,-0.9650895,-0.2587805,-0.04043869,static,66.40999,35.72628,-18.08442,-5.941291,67.76553620456995,37.39123031816485,94.20982854399078,96.16611869112631,93.6992804022289
05/18/2023 18:41:01.419760,2554,True,True,True,True,Eyes,1.069582,0.02333584,-3.59551,-0.8808564,-0.2778138,-0.3832902,0.0,0.0,0.0,0.0,0.0,0.0,0.0,3.579493,0.5126381,0.8617399,1.010916,0.02874382,-3.577064,0.1210494,-0.7087947,0.06332128,0.6920604,14.91054,267.9786,355.0159,0.303892,0.00589039,-0.952688,-0.2895066,0.003488238,0.0574451,-0.4435827,-0.5449237,-4.539152,-0.6501604,-0.2072001,1.991,-0.0127988,-0.08395404,0.9963874,-0.2592427,0.9626749,0.07778346,-0.9657274,-0.2573106,-0.03408555,static,66.48452,35.93509,-18.08443,-5.941289,67.83097317559915,37.588390232665326,94.36916033458252,96.31349581924897,93.61950851378444
05/18/2023 18:41:01.440142,2555,True,True,True,True,Eyes,1.066301,0.02343078,-3.594467,-0.8811471,-0.2788914,-0.3818367,0.0,0.0,0.0,0.0,0.0,0.0,0.0,3.568993,0.5235175,0.8774016,1.00311,0.02850741,-3.574153,0.1219186,-0.7063814,0.06210595,0.6944813,14.89695,268.3588,354.8957,0.3020204,0.005923527,-0.9532828,-0.2721362,0.003278943,0.0539984,-0.4552525,-0.5443469,-4.53562,-0.65016,-0.2072001,1.991,-0.00566354,-0.08597925,0.9962809,-0.2585049,0.9625574,0.08159941,-0.9659935,-0.2570814,-0.02767764,static,66.57097,36.14418,-18.08442,-5.941288,67.90751143650803,37.78608512263954,94.53952439499115,96.47121556395791,93.52933854453909
05/18/2023 18:41:01.450008,2556,True,True,True,True,Eyes,1.062844,0.02350801,-3.593354,-0.8815461,-0.2798731,-0.3801942,0.0,0.0,0.0,0.0,0.0,0.0,0.0,3.556908,0.5410851,0.8950062,0.9950916,0.0287402,-3.571326,0.1232194,-0.7036967,0.05975014,0.6971785,14.82715,268.7704,354.6518,0.3002626,0.005956188,-0.9538377,-0.2558081,0.003082207,0.05075849,-0.4674653,-0.5436389,-4.531696,-0.6501587,-0.2071999,1.991,0.002481733,-0.09010515,0.9959291,-0.2567312,0.9624938,0.08771988,-0.9664796,-0.2559038,-0.02074416,static,66.67038,36.35798,-18.08439,-5.941286,67.99603500135035,37.98848543671848,94.72380345980442,96.6419390683746,93.42755987119325
05/18/2023 18:41:01.470142,2557,True,True,True,True,Eyes,1.059214,0.02356578,-3.592168,-0.8820025,-0.2808267,-0.3784284,0.0,0.0,0.0,0.0,0.0,0.0,0.0,3.544282,0.5614432,0.9129877,0.9873875,0.02840203,-3.568608,0.1250582,-0.7008427,0.05773933,0.6998902,14.83204,269.1915,354.3918,0.2986033,0.00598798,-0.9543583,-0.2404596,0.002897274,0.04771298,-0.4805036,-0.5405802,-4.527891,-0.6501599,-0.2072001,1.991001,0.01097143,-0.09446985,0.9954673,-0.2561146,0.9620533,0.09412161,-0.9665842,-0.2559864,-0.01364004,static,66.77796,36.57862,-18.08441,-5.941287,68.09203982522922,38.19747527395947,94.91872488242532,96.8225740184455,93.31818369203718
05/18/2023 18:41:01.489805,2558,True,True,True,True,Eyes,1.055412,0.02361443,-3.59093,-0.8825701,-0.2816949,-0.3764545,0.0,0.0,0.0,0.0,0.0,0.0,0.0,3.531533,0.5790287,0.9325173,0.979567,0.02803965,-3.565985,0.1266471,-0.6978366,0.05607932,0.7027374,14.84871,269.6425,354.1846,0.2970289,0.006018487,-0.9548493,-0.226032,0.002723438,0.0448502,-0.4944326,-0.534333,-4.524051,-0.65016,-0.2072,1.991,0.01975855,-0.09793985,0.9949962,-0.255576,0.9616313,0.09973086,-0.9665871,-0.2562676,-0.00603061,static,66.89965,36.80693,-18.08442,-5.941288,68.20104467476857,38.41396752913412,95.12992324153544,97.01840086909039,93.19604586213846
05/18/2023 18:41:01.500152,2559,True,True,True,True,Eyes,1.051439,0.02365885,-3.589607,-0.8831962,-0.2825762,-0.3743195,0.0,0.0,0.0,0.0,0.0,0.0,0.0,3.519904,0.5886331,0.9525869,0.971613,0.02786756,-3.563541,0.127184,-0.6949588,0.05469527,0.7055954,14.80338,270.1015,354.0875,0.2955273,0.006047615,-0.9553149,-0.2124701,0.002560031,0.04215919,-0.5077763,-0.530243,-4.519984,-0.6501595,-0.2072001,1.991,0.02808144,-0.09958988,0.9946323,-0.2539608,0.9616653,0.1034591,-0.9668068,-0.2555029,0.001713064,static,67.03162,37.04939,-18.08441,-5.94129,68.31935651317447,38.6439400355988,95.35689345728132,97.22887228077076,93.06408927766162
05/18/2023 18:41:01.519674,2560,True,True,True,True,Eyes,1.047294,0.02365059,-3.588229,-0.8839617,-0.2832878,-0.3719676,0.0,0.0,0.0,0.0,0.0,0.0,0.0,3.508877,0.5913354,0.9733217,0.9634858,0.02787659,-3.560922,0.1269915,-0.6921177,0.05386621,0.7084806,14.74428,270.5743,354.0969,0.2940875,0.006075413,-0.9557589,-0.1997219,0.002406429,0.03962964,-0.5236462,-0.5194276,-4.515331,-0.6501604,-0.2072,1.991,0.03614292,-0.09945973,0.9943851,-0.2521124,0.9619432,0.1053784,-0.9670229,-0.2545055,0.009692438,static,67.17884,37.29264,-18.08443,-5.941287,68.45186263762027,38.87500112985524,95.5981048710393,97.4527045556051,92.91883221411345
05/18/2023 18:41:01.540015,2561,True,True,True,True,Eyes,1.042998,0.02361416,-3.586791,-0.8849404,-0.2839585,-0.3691179,0.0,0.0,0.0,0.0,0.0,0.0,0.0,3.498654,0.5869083,0.9946911,0.9551904,0.02656674,-3.55828,0.1251127,-0.6895204,0.05235976,0.7114541,14.49113,271.0544,354.1886,0.292699,0.006100632,-0.9561849,-0.1877386,0.002262044,0.03725186,-0.539861,-0.5067245,-4.510632,-0.6501596,-0.2071999,1.991,0.04364025,-0.09803239,0.9942259,-0.2470386,0.9632106,0.1058176,-0.9680224,-0.2502301,0.01781695,static,67.35847,37.5707,-18.08441,-5.941285,68.6138992353624,39.13938760443732,95.88419359484975,97.71828829210521,92.74307689907026
05/18/2023 18:41:01.550043,2562,True,True,True,True,Eyes,1.038515,0.0235723,-3.585303,-0.8860028,-0.2845997,-0.3660628,0.0,0.0,0.0,0.0,0.0,0.0,0.0,3.488522,0.5834261,1.014974,0.9472268,0.0258746,-3.555619,0.1242706,-0.686794,0.05225802,0.7142408,14.43605,271.5232,354.3081,0.2913533,0.006122791,-0.9565956,-0.1764742,0.002126321,0.03501675,-0.5551679,-0.4974837,-4.505606,-0.6501598,-0.2072,1.991,0.05116619,-0.09604701,0.9940609,-0.2453463,0.9636518,0.1057373,-0.9680844,-0.2492993,0.02574165,static,67.55144,37.86368,-18.08442,-5.941286,68.78807925090801,39.41804513088022,96.18926948574232,98.00153083875708,92.55486076857922
05/18/2023 18:41:01.569536,2563,True,True,True,True,Eyes,1.033874,0.02348132,-3.583771,-0.8871968,-0.2851947,-0.3626924,0.0,0.0,0.0,0.0,0.0,0.0,0.0,3.47642,0.5868196,1.036732,0.9382529,0.02569962,-3.552983,0.1243129,-0.6836289,0.05168994,0.7173048,14.41917,272.0353,354.3225,0.290042,0.006142065,-0.9569939,-0.1658858,0.001998742,0.03291575,-0.5685562,-0.4932026,-4.500558,-0.6501599,-0.2072,1.991,0.0599596,-0.09581283,0.9935919,-0.2441226,0.9637489,0.107667,-0.967889,-0.2490139,0.0343959,static,67.7649,38.17891,-18.08442,-5.941288,68.9809241364202,39.71799853909645,96.52304189167272,98.31146727036779,92.3475010047222
05/18/2023 18:41:01.589916,2564,True,True,True,True,Eyes,1.029077,0.02334355,-3.582208,-0.8884585,-0.2857415,-0.3591561,0.0,0.0,0.0,0.0,0.0,0.0,0.0,3.466058,0.5835484,1.056883,0.9297897,0.02441055,-3.550491,0.1221993,-0.6811404,0.04935191,0.720194,14.07818,272.4953,354.3566,0.2887582,0.006157433,-0.957382,-0.1559326,0.001878817,0.0309408,-0.5803725,-0.4912575,-4.495871,-0.6501601,-0.2072,1.991001,0.06722423,-0.09538391,0.9931681,-0.2375557,0.9652634,0.1087833,-0.969045,-0.2432456,0.04223008,static,67.98916,38.50545,-18.08442,-5.941286,69.18361503700413,40.02878576052715,96.87194390054376,98.63547757722773,92.13025339836557
05/18/2023 18:41:01.600391,2565,True,True,True,True,Eyes,1.02412,0.02317287,-3.58058,-0.8897595,-0.2862709,-0.3554952,0.0,0.0,0.0,0.0,0.0,0.0,0.0,3.454143,0.5903523,1.076852,0.9212286,0.02314746,-3.548243,0.1224222,-0.6781033,0.04840456,0.7230809,14.0453,272.9767,354.3191,0.2874949,0.006168045,-0.9577621,-0.1465767,0.001766088,0.02908435,-0.5969127,-0.4730389,-4.49297,-0.6501595,-0.2071999,1.991,0.07566601,-0.096029,0.9924986,-0.2360306,0.9653396,0.1113958,-0.9687954,-0.2426889,0.0503776,static,68.22128,38.84358,-18.08441,-5.941285,69.39340718342336,40.35060157965506,97.23351407536562,98.97124462327473,91.90568405774518
05/18/2023 18:41:01.619934,2566,True,True,True,True,Eyes,1.018997,0.02297814,-3.578918,-0.8911563,-0.2866451,-0.3516746,0.0,0.0,0.0,0.0,0.0,0.0,0.0,3.441778,0.5979103,1.096858,0.9123539,0.02224605,-3.545919,0.1228525,-0.6749691,0.0474996,0.7259945,14.03425,273.4658,354.2692,0.2862463,0.006173506,-0.958136,-0.1377821,0.001660123,0.02733929,-0.6130083,-0.4543328,-4.491859,-0.6501592,-0.2072,1.991,0.08432101,-0.09687435,0.9917185,-0.2348121,0.9653021,0.1142589,-0.9683768,-0.2425019,0.05864802,static,68.46445,39.18301,-18.0844,-5.941287,69.61347040577462,40.67388721409046,97.60586875832165,99.31712309928255,91.67166369048265
05/18/2023 18:41:01.640048,2567,True,True,True,True,Eyes,1.013722,0.02276103,-3.577219,-0.892558,-0.2870685,-0.3477526,0.0,0.0,0.0,0.0,0.0,0.0,0.0,3.430669,0.5963119,1.116866,0.9032285,0.02144265,-3.54347,0.1214519,-0.6721992,0.04578654,0.7289042,13.80445,273.944,354.2952,0.2850074,0.00617369,-0.9585052,-0.1295152,0.001560516,0.02569894,-0.6088351,-0.4996677,-4.490654,-0.6501589,-0.2072,1.991,0.09210359,-0.0965317,0.9910594,-0.2300277,0.966306,0.1154982,-0.968816,-0.2386089,0.06679527,static,68.71345,39.53955,-18.08439,-5.941288,69.83863744295563,41.01332189246384,97.99169175929072,99.67544404159027,91.43181011907015
05/18/2023 18:41:01.649897,2568,True,True,True,True,Eyes,1.008288,0.02249833,-3.575487,-0.8940393,-0.2873672,-0.3436771,0.0,0.0,0.0,0.0,0.0,0.0,0.0,3.420232,0.593542,1.135355,0.8942503,0.02068698,-3.541072,0.1204537,-0.6694698,0.04509578,0.7316198,13.68791,274.4037,354.3714,0.2837728,0.006168527,-0.9588715,-0.1217442,0.001466885,0.024157,-0.6226693,-0.4860751,-4.493003,-0.6501595,-0.2072001,1.991,0.09955313,-0.09529433,0.9904587,-0.2272662,0.9669145,0.1158722,-0.9687309,-0.2366332,0.07460218,static,68.97277,39.90084,-18.08441,-5.941289,70.07332915121565,41.3574389986856,98.38929505187564,100.04477318954461,91.18293145411172
05/18/2023 18:41:01.669997,2569,True,True,True,True,Eyes,1.002712,0.02218803,-3.573747,-0.8955084,-0.2877544,-0.3395029,0.0,0.0,0.0,0.0,0.0,0.0,0.0,3.409827,0.5875316,1.154738,0.8850088,0.01929447,-3.538632,0.118637,-0.6667588,0.04401186,0.734453,13.47123,274.8793,354.4795,0.2825392,0.006157332,-0.9592357,-0.1144396,0.001378872,0.02270758,-0.6301113,-0.4724377,-4.50206,-0.65016,-0.2072,1.991,0.1069916,-0.09355517,0.9898488,-0.2228537,0.9679765,0.1155759,-0.968963,-0.2329571,0.08271615,moving,69.23741,40.2838,-18.08442,-5.941287,70.31256195430008,41.72196179791143,98.8021288369156,100.42814199516219,90.92844562451081
05/18/2023 18:41:01.690008,2570,True,True,True,True,Eyes,0.996992,0.02185842,-3.571984,-0.8970199,-0.2881281,-0.3351679,0.0,0.0,0.0,0.0,0.0,0.0,0.0,3.399602,0.5811819,1.173764,0.8760716,0.01779771,-3.536236,0.117017,-0.6640353,0.0434218,0.7372102,13.30881,275.3496,354.6116,0.2813016,0.006139415,-0.9595996,-0.1075732,0.001296139,0.02134513,-0.633315,-0.5024606,-4.495673,-0.6468906,-0.2051262,1.991267,0.1143434,-0.09138483,0.9892293,-0.2194288,0.9688432,0.114865,-0.968905,-0.2301994,0.09072839,moving,69.51199,40.6841,-17.99711,-5.881462,70.56072372067344,42.102943019883575,99.12716150069991,100.72235619965745,90.76349390789085
05/18/2023 18:41:01.699962,2571,True,True,True,True,Eyes,0.9911362,0.02148838,-3.570181,-0.8988814,-0.2881222,-0.330148,0.0,0.0,0.0,0.0,0.0,0.0,0.0,3.387448,0.5827327,1.194297,0.8668507,0.01699924,-3.533978,0.1168343,-0.6608077,0.04305732,0.7401549,13.2886,275.8601,354.6542,0.2800571,0.006114923,-0.9599637,-0.1011188,0.001218371,0.02006442,-0.6413045,-0.5050912,-4.494255,-0.6436087,-0.2030461,1.991533,0.1229587,-0.09067178,0.9882612,-0.2181481,0.9689917,0.1160457,-0.9681389,-0.2298561,0.09936607,moving,69.83234,41.1114,-17.90941,-5.821456,70.85101426391857,42.510245031775206,99.50531475946013,101.06614784454646,90.5577871257043
05/18/2023 18:41:01.719739,2572,True,True,True,True,Eyes,0.9851525,0.02108231,-3.568361,-0.900792,-0.2880322,-0.3249787,0.0,0.0,0.0,0.0,0.0,0.0,0.0,3.375417,0.5812277,1.215891,0.857648,0.015659,-3.531833,0.1153406,-0.6577343,0.04130127,0.7432204,13.0486,276.3748,354.6794,0.278803,0.006083421,-0.9603288,0.0,0.0,0.0,-0.6482446,-0.5179402,-4.487148,-0.640575,-0.2011213,1.99178,0.1313597,-0.09033503,0.9872104,-0.2131188,0.9699816,0.1171164,-0.9681557,-0.2257775,0.1081644,moving,70.16208,41.55092,-17.82827,-5.765935,71.14981956525213,42.92920037048936,99.90588801573972,101.43133949343425,90.33615616252123
05/18/2023 18:41:01.740332,2573,True,True,True,True,Eyes,0.9790344,0.02065622,-3.56654,-0.9028919,-0.2877479,-0.3193546,0.0,0.0,0.0,0.0,0.0,0.0,0.0,3.362757,0.5806805,1.238284,0.8485582,0.01436503,-3.529647,0.1143006,-0.6544467,0.0401204,0.7463413,12.89282,276.9096,354.719,0.2775368,0.006044623,-0.9606957,0.0,0.0,0.0,-0.6525248,-0.5418712,-4.478323,-0.6372403,-0.1990075,1.992052,0.1401796,-0.08972033,0.9860528,-0.2094944,0.9706514,0.1181012,-0.9677097,-0.2231279,0.1172696,moving,70.52122,42.01979,-17.73903,-5.704965,71.4754555131372,43.37630142439039,100.33705182968315,101.82433471030272,90.09675587176831
05/18/2023 18:41:01.750005,2574,True,True,True,True,Eyes,0.972784,0.02034644,-3.564701,-0.9050006,-0.2874718,-0.3135822,0.0,0.0,0.0,0.0,0.0,0.0,0.0,3.349293,0.5823021,1.261539,0.839251,0.01342249,-3.527576,0.1137521,-0.6509135,0.03913899,0.74956,12.79599,277.468,354.7392,0.2762561,0.005998704,-0.9610651,0.0,0.0,0.0,-0.6641318,-0.5413541,-4.47014,-0.6342177,-0.1970911,1.992297,0.1495596,-0.0894115,0.9847018,-0.2067596,0.9710572,0.1195758,-0.9668932,-0.2214802,0.1267442,moving,70.88882,42.51257,-17.65809,-5.649691,71.80851531285943,43.845976776351286,100.79761234860784,102.24526685785463,89.83966873387912
05/18/2023 18:41:01.769691,2575,True,True,True,True,Eyes,0.8124133,0.01594755,-3.517256,-0.9504634,-0.2681826,-0.1571543,0.0,0.0,0.0,0.0,0.0,0.0,0.0,3.334834,0.5854973,1.285691,0.8297791,0.01590581,-3.525356,0.1140749,-0.6471287,0.03835065,0.7528218,12.79079,278.0417,354.7105,0.2749593,0.005949524,-0.9614373,0.0,0.0,0.0,-0.6783639,-0.536834,-4.457554,-0.6310759,-0.1950988,1.992553,0.1595072,-0.08989988,0.9830949,-0.2053847,0.9710323,0.1221205,-0.9655955,-0.2213917,0.1364226,moving,80.61137,59.62981,-17.57389,-5.592232,80.53914121511838,60.09091002753576,117.87391587589413,118.06964910944822,80.7065918822491
05/18/2023 18:41:01.789832,2576,True,True,True,True,Eyes,0.8120424,0.015769,-3.517161,-0.9507556,-0.2673777,-0.1567576,0.0,0.0,0.0,0.0,0.0,0.0,0.0,3.319463,0.5806406,1.314069,0.8192528,0.01893999,-3.522956,0.1118921,-0.6432936,0.03503266,0.7565888,12.37946,278.6741,354.6573,0.2699846,0.00579657,-0.962847,-0.4811123,-0.01319666,0.1423337,-0.6889418,-0.5439785,-4.445156,-0.627682,-0.1929468,1.992829,0.1698923,-0.09094827,0.981257,-0.1969696,0.9725057,0.12424,-0.9655774,-0.2143851,0.1473072,moving,80.63749,59.61786,-17.48288,-5.530173,80.56370832474188,60.08032236330104,117.77891667317199,117.97402503915495,80.7860905166247
05/18/2023 18:41:01.810855,2577,True,True,True,True,Eyes,0.8113756,0.01561551,-3.516985,-0.9510371,-0.2668982,-0.1558647,0.0,0.0,0.0,0.0,0.0,0.0,0.0,3.311637,0.5377433,1.339839,0.8099992,0.01426612,-3.52065,0.1012376,-0.6413424,0.02899726,0.7599934,11.01548,279.1956,354.9865,0.2655069,0.005654279,-0.9640922,-0.4522456,-0.01240486,0.1337937,-0.6984758,-0.5510512,-4.434172,-0.6245928,-0.1909883,1.99308,0.1756781,-0.08578048,0.9807033,-0.1739314,0.9778202,0.1166855,-0.9689608,-0.1910742,0.1568618,moving,80.69258,59.71568,-17.39999,-5.473695,80.6131619428596,60.17314659189351,117.77863516824911,117.96646033837433,80.82754705132231
05/18/2023 18:41:01.819725,2578,True,True,True,True,Eyes,0.8102958,0.01571235,-3.516705,-0.9513043,-0.2666606,-0.1546361,0.0,0.0,0.0,0.0,0.0,0.0,0.0,3.299083,0.5412967,1.359198,0.8021853,0.01475273,-3.518615,0.1034633,-0.6377159,0.03229075,0.7626083,11.47782,279.7064,355.1586,0.2614556,0.005521896,-0.9651995,-0.4251108,-0.01166057,0.1257661,-0.7114024,-0.5504724,-4.421537,-0.6213371,-0.1889237,1.993345,0.1845516,-0.08270999,0.9793365,-0.1812107,0.9765053,0.1166193,-0.9659728,-0.1989886,0.1652277,moving,80.76723,59.89061,-17.31255,-5.414163,80.67936097515191,60.33859635112712,117.8318998464759,118.00779626299837,80.85452774164764
05/18/2023 18:41:01.839829,2579,True,True,True,True,Eyes,0.8088353,0.01611504,-3.5163,-0.9518632,-0.265596,-0.1530203,0.0,0.0,0.0,0.0,0.0,0.0,0.0,3.28052,0.5646433,1.381023,0.7911066,0.02093773,-3.515903,0.1080043,-0.6331366,0.03232058,0.7657863,11.90813,280.2995,354.8835,0.2577791,0.005405422,-0.9661884,-0.3996042,-0.01096094,0.1182201,-0.7294202,-0.5341831,-4.408769,-0.6180266,-0.1868246,1.993614,0.196187,-0.08726167,0.9766762,-0.1862643,0.9745809,0.1244898,-0.9627131,-0.2063431,0.1749463,moving,80.86734,60.05207,-17.2236,-5.35364,80.76954132370928,60.49202056185752,117.89715607548682,118.06060630589621,80.8611192572717
05/18/2023 18:41:01.849838,2580,True,True,True,True,Eyes,0.8070263,0.01658493,-3.515793,-0.9525815,-0.2641245,-0.1510849,0.0,0.0,0.0,0.0,0.0,0.0,0.0,3.271615,0.5301852,1.402052,0.7805067,0.02852184,-3.512877,0.09971511,-0.631292,0.02432721,0.7687232,10.60411,280.7332,354.8344,0.2544312,0.005311781,-0.9670759,-0.3756279,-0.01030328,0.1111269,-0.7454135,-0.5242549,-4.395105,-0.6149009,-0.1848432,1.993868,0.2017571,-0.08849695,0.9754293,-0.1633005,0.9789302,0.1225915,-0.9657261,-0.1840218,0.1830545,moving,80.98763,60.22951,-17.13955,-5.296515,80.87821803276002,60.660864611280296,117.99408208487841,118.14338227471943,80.8438348546431
05/18/2023 18:41:01.870003,2581,True,True,True,True,Eyes,0.8049315,0.01684613,-3.515207,-0.9534131,-0.2623426,-0.1489286,0.0,0.0,0.0,0.0,0.0,0.0,0.0,3.25814,0.5159842,1.425674,0.7703034,0.03051382,-3.509981,0.09542518,-0.628139,0.01973714,0.7719753,9.911517,281.2792,354.7925,0.2513715,0.0052406,-0.9678761,-0.3530903,-0.009685084,0.1044593,-0.7562464,-0.5268215,-4.384109,-0.611782,-0.1828645,1.994122,0.2101037,-0.08940738,0.9735824,-0.1503537,0.9810089,0.1225364,-0.9660487,-0.1721271,0.1926708,moving,81.12183,60.41697,-17.05563,-5.239471,80.999663311169,60.83940618481422,118.10834812509268,118.24237208524339,80.81375132030777
05/18/2023 18:41:01.890076,2582,True,True,True,True,Eyes,0.8025876,0.01711223,-3.514554,-0.9541417,-0.261026,-0.1465572,0.0,0.0,0.0,0.0,0.0,0.0,0.0,3.25002,0.4921516,1.442026,0.7613308,0.02564415,-3.507706,0.08926614,-0.6260852,0.01640791,0.7744545,9.137868,281.6931,354.9818,0.248564,0.00518387,-0.9686012,-0.3319048,-0.009103979,0.09819175,-0.7672304,-0.5254851,-4.375349,-0.6086132,-0.1808552,1.99438,0.2154962,-0.08636206,0.9726782,-0.1371908,0.9835247,0.1177196,-0.9668196,-0.1588106,0.2000977,moving,81.26756,60.68727,-16.9703,-5.181548,81.13026193967261,61.095752944398924,118.27670236397668,118.39088171541745,80.7725927967478
05/18/2023 18:41:01.909816,2583,True,True,True,True,Eyes,0.7999296,0.01757948,-3.513811,-0.9547501,-0.2602212,-0.1440043,0.0,0.0,0.0,0.0,0.0,0.0,0.0,3.234776,0.5101492,1.458472,0.7539545,0.02555554,-3.504578,0.09348712,-0.6224401,0.01928095,0.7768248,9.74414,282.1632,354.9693,0.2459782,0.005140317,-0.9692613,-0.3119905,-0.008557741,0.09230025,-0.7746081,-0.5343035,-4.366803,-0.6054881,-0.1788743,1.994634,0.2243932,-0.08642442,0.9706589,-0.1463361,0.9817768,0.1212438,-0.9634488,-0.1692487,0.207657,moving,81.42278,61.04022,-16.88611,-5.124447,81.26811676000145,61.42968034132017,118.500637180789,118.5904890664443,80.71947738940588
05/18/2023 18:41:01.919920,2584,True,True,True,True,Eyes,0.7969995,0.01804409,-3.512915,-0.9555935,-0.2586128,-0.1412813,0.0,0.0,0.0,0.0,0.0,0.0,0.0,3.219411,0.5368307,1.470678,0.7437134,0.0309445,-3.50166,0.09857596,-0.6189239,0.01933016,0.7790008,10.22472,282.5853,354.6414,0.2435843,0.005114237,-0.9698659,-0.2932711,-0.008044276,0.08676223,-0.7774497,-0.5581563,-4.356612,-0.6022395,-0.1768142,1.994899,0.2331191,-0.0919056,0.9680955,-0.1521385,0.9798183,0.1296537,-0.9604735,-0.1775093,0.214432,moving,81.58994,61.35203,-16.79853,-5.065071,81.41788646784012,61.725372557088335,118.7077180902114,118.77469349291884,80.660660109626
05/18/2023 18:41:01.940012,2585,True,True,True,True,Eyes,0.7938415,0.01848727,-3.51194,-0.9565345,-0.2570124,-0.1377914,0.0,0.0,0.0,0.0,0.0,0.0,0.0,3.213221,0.4984212,1.48387,0.7332456,0.03171407,-3.498061,0.08929177,-0.6176982,0.0123739,0.7812315,8.9053,282.9234,354.7163,0.2413569,0.005103849,-0.9704227,-0.2756748,-0.00756162,0.0815565,-0.7816633,-0.5753654,-4.347437,-0.5991138,-0.1748321,1.995153,0.2365917,-0.09097697,0.9673404,-0.1296445,0.9837477,0.1242284,-0.9629208,-0.1548018,0.2209519,moving,81.80278,61.80303,-16.7142,-5.007947,81.60754786272678,62.15239739036288,119.03487722518526,119.07005484761383,80.55384814824626
05/18/2023 18:41:01.949776,2586,True,True,True,True,Eyes,0.7904355,0.01897724,-3.510876,-0.9573601,-0.2559018,-0.1340745,0.0,0.0,0.0,0.0,0.0,0.0,0.0,3.197938,0.5010514,1.504319,0.7246727,0.03161861,-3.494951,0.08997077,-0.6139858,0.01299511,0.784065,9.035331,283.4585,354.7653,0.2392735,0.00510702,-0.9709385,-0.2591343,-0.007107923,0.07666311,-0.7881175,-0.5863659,-4.336991,-0.5957771,-0.1727166,1.995425,0.2457051,-0.09010354,0.965148,-0.1308596,0.9834728,0.1251282,-0.9604712,-0.1570435,0.2298533,moving,82.0278,62.34863,-16.62413,-4.946981,81.8067425499858,62.66825007449872,119.4190208994707,119.41715180077527,80.44023232820214
05/18/2023 18:41:01.970171,2587,True,True,True,True,Eyes,0.7867683,0.01950948,-3.509716,-0.9583247,-0.2545171,-0.1297487,0.0,0.0,0.0,0.0,0.0,0.0,0.0,3.178102,0.5295643,1.524655,0.7152158,0.03334205,-3.491805,0.09574322,-0.6092964,0.01513965,0.7869955,9.738288,284.0447,354.5948,0.2373146,0.005123731,-0.9714192,-0.2435863,-0.006681447,0.07206332,-0.7940954,-0.6002697,-4.325091,-0.5926251,-0.1707184,1.99568,0.2570573,-0.09284231,0.9619262,-0.1405017,0.981208,0.1322499,-0.9561281,-0.169148,0.2391822,moving,82.28954,62.98825,-16.53899,-4.889404,82.03834722604304,63.27294950445824,119.89351214517247,119.84822839676747,80.28607364823556
05/18/2023 18:41:01.990047,2588,True,True,True,True,Eyes,0.7828911,0.02001875,-3.508473,-0.9593333,-0.2530021,-0.125178,0.0,0.0,0.0,0.0,0.0,0.0,0.0,3.161434,0.522744,1.548671,0.7053291,0.03479366,-3.48821,0.09269576,-0.6056328,0.01070842,0.7902542,9.176551,284.6234,354.4571,0.2354607,0.005153841,-0.9718699,-0.2289711,-0.006280561,0.06773952,-0.8033873,-0.6050568,-4.312136,-0.5892941,-0.168606,1.995951,0.2661883,-0.09535445,0.959193,-0.1292039,0.9825856,0.1335357,-0.9552225,-0.1594771,0.2492327,moving,82.5658,63.67516,-16.44896,-4.828541,82.28257353687235,63.92224648805112,120.40215840488491,120.31037567379514,80.12341479269406
05/18/2023 18:41:01.999993,2589,True,True,True,True,Eyes,0.778801,0.02050964,-3.507142,-0.9603513,-0.2516121,-0.1200691,0.0,0.0,0.0,0.0,0.0,0.0,0.0,3.143999,0.520377,1.573553,0.6963551,0.0347165,-3.485035,0.09111744,-0.6016213,0.008353262,0.7935236,8.897001,285.2279,354.4017,0.2336963,0.005195417,-0.9722955,-0.2152328,-0.005903727,0.06367514,-0.8157463,-0.603452,-4.297328,-0.5861759,-0.1666284,1.996205,0.275964,-0.09637937,0.9563237,-0.1228934,0.9832557,0.1345567,-0.9532792,-0.1546587,0.2594988,moving,82.8735,64.48956,-16.36462,-4.771564,82.55364772601074,64.69159846971014,121.01779934735956,120.87164526971611,79.92339188924413
05/18/2023 18:41:02.019849,2590,True,True,True,True,Eyes,0.7745154,0.02097851,-3.505721,-0.961369,-0.2502187,-0.1147176,0.0,0.0,0.0,0.0,0.0,0.0,0.0,3.123559,0.5305318,1.59923,0.6870929,0.03477224,-3.481712,0.09234366,-0.596934,0.00767089,0.7969214,8.994478,285.8816,354.3046,0.2320073,0.005246833,-0.9726996,-0.2023188,-0.005549503,0.05985463,-0.8272088,-0.6039472,-4.281842,-0.5831102,-0.1646845,1.996455,0.287222,-0.09801995,0.9528356,-0.1224723,0.9828276,0.1380232,-0.9500022,-0.1563393,0.2702849,moving,83.19522,65.37,-16.28165,-4.715567,82.83651780294973,65.52308723499324,121.68662361454685,121.48201404881561,79.70798849631514
05/18/2023 18:41:02.040304,2591,True,True,True,True,Eyes,0.770055,0.02142127,-3.504224,-0.9623455,-0.2490488,-0.1089305,0.0,0.0,0.0,0.0,0.0,0.0,0.0,3.103232,0.5346593,1.625674,0.6780443,0.03470735,-3.478185,0.092227,-0.5923523,0.006191662,0.8003592,8.914749,286.5388,354.2283,0.230382,0.005306519,-0.9730855,-0.1901797,-0.005216533,0.05626336,-0.8402441,-0.6020929,-4.264548,-0.5796985,-0.1625211,1.996732,0.2981608,-0.09935065,0.9493312,-0.1191728,0.9829117,0.1402941,-0.9470471,-0.1549647,0.2812258,moving,83.54202,66.37609,-16.18926,-4.65325,83.14034503403454,66.47276309204018,122.4397621333609,122.16906390157196,79.47807377029578
05/18/2023 18:41:02.050210,2592,True,True,True,True,Eyes,0.7654317,0.02184717,-3.502634,-0.9632468,-0.2481144,-0.1029312,0.0,0.0,0.0,0.0,0.0,0.0,0.0,3.082458,0.5420532,1.651542,0.6694151,0.03454708,-3.474715,0.0936673,-0.5875496,0.006936531,0.8037189,9.132344,287.2039,354.25,0.2288092,0.005372966,-0.9734562,-0.1787689,-0.004903541,0.05288756,-0.8554271,-0.5946018,-4.247318,-0.5765541,-0.1605274,1.996988,0.3094748,-0.09891831,0.9457488,-0.1212184,0.9823567,0.1424132,-0.9431499,-0.1587155,0.2920239,moving,83.9006,67.46869,-16.10406,-4.595826,83.45348811972218,67.50368511082333,123.26486315260264,122.92292255731041,79.22800043629191
05/18/2023 18:41:02.069949,2593,True,True,True,True,Eyes,0.7606582,0.02229814,-3.500944,-0.9641001,-0.2473602,-0.09656105,0.0,0.0,0.0,0.0,0.0,0.0,0.0,3.06126,0.549407,1.676993,0.6607953,0.034602,-3.470968,0.09533045,-0.5826932,0.008097713,0.8070409,9.398966,287.8714,354.2977,0.2272801,0.00544505,-0.973814,-0.1680428,-0.004609329,0.0497143,-0.8694537,-0.5896152,-4.22875,-0.5733522,-0.1584969,1.997249,0.320806,-0.09802645,0.9420585,-0.1241672,0.981693,0.1444342,-0.9389706,-0.1633081,0.3027613,moving,84.28052,68.67601,-16.01724,-4.537349,83.78431332698268,68.6424777269271,124.17663466643184,123.7563618011682,78.95850561847824
05/18/2023 18:41:02.090065,2594,True,True,True,True,Eyes,0.755736,0.02275389,-3.499167,-0.9648839,-0.2467831,-0.08998442,0.0,0.0,0.0,0.0,0.0,0.0,0.0,3.038821,0.5585505,1.703054,0.6523237,0.03570998,-3.466988,0.09736002,-0.5776607,0.009121134,0.8103988,9.691243,288.5541,354.3119,0.2257859,0.005522989,-0.974161,-0.1579602,-0.004332769,0.04673144,-0.8827932,-0.5866041,-4.210241,-0.5701553,-0.1564694,1.997509,0.33245,-0.09769859,0.938047,-0.1272656,0.9808756,0.1472631,-0.9344949,-0.1683387,0.3136584,moving,84.67204,69.96665,-15.9305,-4.478964,84.12434789553127,69.85952642891542,125.15198958981273,124.64824004633137,78.67717861732021
05/18/2023 18:41:02.100662,2595,True,True,True,True,Eyes,0.7506769,0.02319549,-3.497334,-0.9656305,-0.246293,-0.08305092,0.0,0.0,0.0,0.0,0.0,0.0,0.0,3.015664,0.5686406,1.729732,0.6437403,0.0363135,-3.463211,0.09912049,-0.5725216,0.009444922,0.8138211,9.912707,289.2512,354.2832,0.2243205,0.005606318,-0.9744991,-0.1484826,-0.004072803,0.04392755,-0.8974695,-0.5800564,-4.190958,-0.5669501,-0.1544374,1.997769,0.3442595,-0.0981243,0.9337329,-0.1288702,0.9801718,0.1505179,-0.9299881,-0.1721476,0.3247881,moving,85.08426,71.36571,-15.8435,-4.420456,84.48158916881778,71.17853404934849,126.21392829476926,125.61978671058446,78.3758100586357
05/18/2023 18:41:02.119718,2596,True,True,True,True,Eyes,0.7455111,0.0236067,-3.495419,-0.9662769,-0.2460489,-0.07595301,0.0,0.0,0.0,0.0,0.0,0.0,0.0,2.992421,0.576421,1.756781,0.6355859,0.0363964,-3.459455,0.10029,-0.567427,0.009469601,0.8172386,10.05936,289.9489,354.2682,0.2228763,0.005694207,-0.9748299,-0.1395736,-0.003828435,0.0412919,-0.9110247,-0.5764388,-4.171411,-0.5637599,-0.1524149,1.998029,0.3558738,-0.09833667,0.9293459,-0.1292924,0.9797045,0.1531751,-0.9255471,-0.1746683,0.335937,moving,85.50558,72.84502,-15.75684,-4.362224,84.84576930727815,72.57286689222641,127.3382748050716,126.64869999343848,78.0647532477961
05/18/2023 18:41:02.139988,2597,True,True,True,True,Eyes,0.7402368,0.02400379,-3.493458,-0.9669154,-0.2456779,-0.06867993,0.0,0.0,0.0,0.0,0.0,0.0,0.0,2.968146,0.5932099,1.781926,0.6277703,0.03613096,-3.455669,0.1031416,-0.5622164,0.01019436,0.8204699,10.41123,290.6311,354.2085,0.2214495,0.005785328,-0.9751545,-0.1311992,-0.003598728,0.03881438,-0.9245697,-0.5738258,-4.150906,-0.5606703,-0.1504557,1.99828,0.3676178,-0.0992474,0.924666,-0.132704,0.9785157,0.1577862,-0.9204601,-0.1807119,0.3465493,moving,85.9371,74.38152,-15.67287,-4.305825,85.21835583874932,74.02096514788883,128.5156965765269,127.72676111965312,77.74087455400857
05/18/2023 18:41:02.155885,2598,True,True,True,True,Eyes,0.734861,0.02438037,-3.491421,-0.9674662,-0.2454745,-0.0612498,0.0,0.0,0.0,0.0,0.0,0.0,0.0,2.943951,0.6142914,1.804803,0.6201546,0.03608005,-3.451901,0.1067527,-0.5571123,0.01101816,0.8234735,10.8415,291.2807,354.1093,0.2200351,0.005879018,-0.975474,-0.1233273,-0.003382805,0.03648552,-0.9385592,-0.5699596,-4.129899,-0.557421,-0.1483956,1.998544,0.3790089,-0.1008002,0.9198868,-0.1370928,0.9769649,0.1635393,-0.9151819,-0.1880928,0.3564594,moving,86.37747,75.98986,-15.58451,-4.246527,85.59780970435901,75.53651083928519,129.746380158886,128.85338547209355,77.41304527661549
05/18/2023 18:41:02.170105,2599,True,True,True,True,Eyes,0.729389,0.02472915,-3.489321,-0.9680327,-0.2450247,-0.05362453,0.0,0.0,0.0,0.0,0.0,0.0,0.0,2.919247,0.6288333,1.82981,0.6122635,0.03600266,-3.448112,0.1089456,-0.5519069,0.0110085,0.8266852,11.0858,291.9649,354.0307,0.2186297,0.005974466,-0.9757894,-0.1159276,-0.003179837,0.03429639,-0.9525297,-0.5665141,-4.108104,-0.5542425,-0.1463802,1.998803,0.3905552,-0.1020546,0.9149052,-0.1384568,0.9760193,0.1679762,-0.9101079,-0.1922788,0.3670593,moving,86.82932,77.65525,-15.49801,-4.188519,85.98686531184856,77.10572020154177,131.03161827991843,130.03050889856172,77.07216306186339
05/18/2023 18:41:02.189847,2600,True,True,True,True,Eyes,0.7238171,0.02506267,-3.487157,-0.9685073,-0.2447286,-0.04584303,0.0,0.0,0.0,0.0,0.0,0.0,0.0,2.894723,0.6396654,1.854858,0.604587,0.03573421,-3.444168,0.1107203,-0.5467235,0.01144397,0.8298817,11.31968,292.6537,354.0248,0.2172295,0.00607077,-0.9761014,-0.108972,-0.002989046,0.03223861,-0.9683269,-0.5587008,-4.085844,-0.5510856,-0.1443784,1.99906,0.4019249,-0.1020725,0.9099658,-0.1400611,0.9752201,0.1712562,-0.9048975,-0.1962829,0.3776688,moving,87.29,79.3902,-15.41206,-4.130908,86.38281337752663,78.74024237940553,132.376314383621,131.2624234545162,76.72185551568829
05/18/2023 18:41:02.199783,2601,True,True,True,True,Eyes,0.7181594,0.0253579,-3.484913,-0.9690109,-0.244095,-0.03788767,0.0,0.0,0.0,0.0,0.0,0.0,0.0,2.870797,0.6467992,1.880056,0.5965449,0.03572627,-3.440537,0.111971,-0.5415444,0.01193478,0.8330966,11.50724,293.3503,354.0611,0.2158318,0.00616743,-0.9764109,-0.1024337,-0.002809704,0.03030429,-0.9814117,-0.5570527,-4.063721,-0.5477766,-0.1422799,1.999329,0.4131745,-0.1013889,0.9049902,-0.1411602,0.9746401,0.1736389,-0.8996447,-0.1994918,0.3883843,moving,87.76092,81.17713,-15.32192,-4.070526,86.7873051009488,80.42365413779285,133.76559630921523,132.53512865604358,76.36645396008886
05/18/2023 18:41:02.219699,2602,True,True,True,True,Eyes,0.7124246,0.02562689,-3.482584,-0.969416,-0.243602,-0.02984595,0.0,0.0,0.0,0.0,0.0,0.0,0.0,2.849425,0.644436,1.903646,0.588672,0.03507622,-3.436658,0.1116052,-0.5369025,0.0123141,0.8361391,11.52865,294.0019,354.1863,0.2144335,0.006263405,-0.9767183,-0.09628764,-0.002641121,0.02848603,-0.9955406,-0.5552181,-4.040398,-0.544582,-0.1402546,1.999589,0.4231681,-0.09924965,0.900599,-0.1404348,0.9747853,0.173412,-0.8951017,-0.1998579,0.3985599,moving,88.23656,83.01498,-15.23484,-4.012252,87.19521747199805,82.15483690872198,135.20380811035548,133.85321768534524,76.00277273830072
05/18/2023 18:41:02.239830,2603,True,True,True,True,Eyes,0.7066126,0.02589791,-3.480158,-0.9698207,-0.2428603,-0.02160041,0.0,0.0,0.0,0.0,0.0,0.0,0.0,2.829081,0.643446,1.924109,0.5810191,0.03472648,-3.432365,0.1118732,-0.532524,0.01349618,0.8388806,11.65807,294.6072,354.3449,0.2130332,0.006358047,-0.9770241,0.0,0.0,0.0,-1.011708,-0.5438387,-4.018779,-0.5414026,-0.1382382,1.999847,0.4324722,-0.09650695,0.8964677,-0.1417937,0.9746045,0.1733224,-0.8904283,-0.2020706,0.4078052,moving,88.72409,84.9174,-15.14812,-3.954245,87.61296928021568,83.94673172800071,136.70261627083121,135.22730190236356,75.62711312238943
05/18/2023 18:41:02.250217,2604,True,True,True,True,Eyes,0.5594479,0.03179123,-3.417224,-0.9579114,-0.2186477,0.186008,0.0,0.0,0.0,0.0,0.0,0.0,0.0,2.809077,0.6434159,1.943431,0.5730648,0.03502725,-3.428148,0.112029,-0.528293,0.01379479,0.8415259,11.71982,295.1877,354.4234,0.2116294,0.006451555,-0.9773285,0.0,0.0,0.0,-1.025033,-0.5420854,-3.996872,-0.5382509,-0.1362398,2.000104,0.4414325,-0.09515095,0.8922352,-0.1415856,0.9745184,0.1739753,-0.8860536,-0.203126,0.416712,moving,-79.01102,-49.61153,-15.06211,-3.89676,-66.09511232756395,-45.81717201792821,78.60854461406215,66.04307889792848,63.77016461706506
05/18/2023 18:41:02.269791,2605,True,True,True,True,Eyes,0.5591472,0.03175321,-3.417055,-0.95787,-0.218396,0.1865161,0.0,0.0,0.0,0.0,0.0,0.0,0.0,2.79026,0.6384569,1.96165,0.5653349,0.03439745,-3.423516,0.1109832,-0.5244555,0.01336147,0.8440679,11.61707,295.7313,354.5016,0.2066448,0.006725334,-0.9783927,-0.4414941,0.01767994,0.1887996,-1.03835,-0.5405821,-3.974588,-0.5350806,-0.1342296,2.000362,0.449536,-0.09385554,0.8883178,-0.1389675,0.9750084,0.1733398,-0.8823861,-0.2013697,0.4252585,moving,-78.98126,-49.50178,-14.97555,-3.838944,-66.06948933920587,-45.71376076029892,78.62458587596501,66.06126638134529,63.83656055902066
05/18/2023 18:41:02.289995,2606,True,True,True,True,Eyes,0.5585543,0.03169554,-3.416711,-0.957753,-0.2182055,0.1873383,0.0,0.0,0.0,0.0,0.0,0.0,0.0,2.771362,0.6375862,1.978649,0.5579526,0.03336652,-3.419005,0.1108441,-0.5205786,0.01371285,0.8464771,11.64992,296.266,354.5988,0.2021465,0.006970543,-0.9793302,-0.4150045,0.01661915,0.1774716,-1.053584,-0.5323282,-3.952235,-0.531884,-0.1322028,2.000622,0.4576199,-0.09219094,0.8843556,-0.1386214,0.975051,0.1733768,-0.8782756,-0.2019313,0.4334231,moving,-78.93258,-49.35257,-14.88822,-3.780656,-66.02699466186807,-45.57298038205364,78.60330396003081,66.04371772676123,63.88546148054434
05/18/2023 18:41:02.309921,2607,True,True,True,True,Eyes,0.5576787,0.03162435,-3.416192,-0.9576122,-0.2176999,0.1886419,0.0,0.0,0.0,0.0,0.0,0.0,0.0,2.752807,0.6401775,1.993764,0.5502923,0.0328448,-3.414523,0.1112351,-0.5168111,0.01379207,0.8487302,11.71672,296.7727,354.6343,0.1980792,0.007189569,-0.9801594,-0.3901042,0.015622,0.1668233,-1.067115,-0.5282706,-3.930518,-0.528677,-0.1301689,2.000883,0.465432,-0.0915636,0.8803349,-0.1383866,0.9748731,0.1745614,-0.8741981,-0.203073,0.4410659,moving,-78.85588,-49.09033,-14.80056,-3.722175,-65.96056122303519,-45.32575838177072,78.49428965476676,65.94091199964488,63.90674213659826
05/18/2023 18:41:02.320225,2608,True,True,True,True,Eyes,0.5565498,0.03151091,-3.415492,-0.9574103,-0.2172334,0.1901975,0.0,0.0,0.0,0.0,0.0,0.0,0.0,2.735367,0.6361957,2.008551,0.5427387,0.03235748,-3.409639,0.1105391,-0.513311,0.0136915,0.8509439,11.66453,297.261,354.7166,0.1943937,0.007384698,-0.9808955,-0.366698,0.01468468,0.1568139,-1.081697,-0.5217295,-3.907989,-0.5254126,-0.1280995,2.001149,0.4726487,-0.09018043,0.8766246,-0.1367832,0.9751874,0.1740691,-0.8705708,-0.2021811,0.4485859,moving,-78.76401,-48.79641,-14.71128,-3.662676,-65.88060090252125,-45.04853547058959,78.35691523557864,65.81100793746126,63.91506229225594
05/18/2023 18:41:02.339833,2609,True,True,True,True,Eyes,0.5551779,0.03136038,-3.414619,-0.9571544,-0.2166726,0.1921159,0.0,0.0,0.0,0.0,0.0,0.0,0.0,2.719157,0.6319177,2.021429,0.5354837,0.03122364,-3.404643,0.1099578,-0.5100518,0.01419642,0.8529683,11.65761,297.7171,354.8477,0.1910461,0.007557184,-0.9815516,-0.3446961,0.0138036,0.1474051,-1.095154,-0.5173316,-3.885693,-0.5221863,-0.126053,2.001411,0.4792913,-0.08795013,0.8732381,-0.1363865,0.9754155,0.1730992,-0.866994,-0.2020628,0.455513,moving,-78.65065,-48.43774,-14.623,-3.603847,-65.78185963536124,-44.710212251111095,78.16404496990894,65.62744992263792,63.90108694881525
05/18/2023 18:41:02.350159,2610,True,True,True,True,Eyes,0.5535706,0.03116801,-3.413571,-0.9568214,-0.216258,0.1942296,0.0,0.0,0.0,0.0,0.0,0.0,0.0,2.703513,0.6363894,2.030753,0.5282242,0.03014167,-3.399706,0.1106603,-0.5070249,0.01437389,0.8546774,11.75537,298.1151,354.8639,0.187997,0.007708282,-0.9821391,-0.3240143,0.01297538,0.1385608,-1.107806,-0.516203,-3.862334,-0.5189559,-0.1240053,2.001674,0.4854383,-0.087645,0.8698668,-0.1367852,0.9750953,0.1745819,-0.8635043,-0.2037336,0.46136,moving,-78.52518,-48.07178,-14.53455,-3.54499,-65.67197458351012,-44.36478809354591,77.95791015349886,65.43158342445979,63.875788686823334
05/18/2023 18:41:02.370161,2611,True,True,True,True,Eyes,0.551746,0.03093397,-3.412349,-0.9563866,-0.215865,0.1967919,0.0,0.0,0.0,0.0,0.0,0.0,0.0,2.685348,0.6482834,2.040421,0.5209185,0.02897575,-3.394479,0.1124581,-0.5036173,0.01439466,0.8564553,11.95418,298.5423,354.8031,0.1852108,0.007838999,-0.9826673,-0.3045734,0.01219686,0.1302471,-1.122281,-0.5081103,-3.838854,-0.5158623,-0.1220437,2.001926,0.4923249,-0.08861491,0.8658889,-0.1379284,0.974292,0.1781318,-0.8594137,-0.2071294,0.4674456,moving,-78.37276,-47.64634,-14.4498,-3.488612,-65.53811999103094,-43.963071541680456,77.69201862021339,65.17820429175002,63.82011702334486
05/18/2023 18:41:02.395552,2612,True,True,True,True,Eyes,0.549711,0.03066633,-3.410964,-0.955892,-0.2155547,0.1995161,0.0,0.0,0.0,0.0,0.0,0.0,0.0,2.669154,0.6525308,2.049685,0.5138279,0.02769875,-3.389189,0.1130224,-0.5005718,0.01436693,0.8581651,12.02668,298.9424,354.8088,0.1826563,0.007950219,-0.9831445,-0.286299,0.01146505,0.1224323,-1.135693,-0.5029162,-3.814626,-0.5127451,-0.1200666,2.00218,0.4984428,-0.08849331,0.8623942,-0.1378101,0.974039,0.1796004,-0.855899,-0.2083672,0.4733075,moving,-78.21034,-47.21284,-14.36436,-3.431801,-65.39510242083426,-43.55358160831923,77.4150407742573,64.91451263934464,63.75565480660082
05/18/2023 18:41:02.409741,2613,True,True,True,True,Eyes,0.5474626,0.03037747,-3.409427,-0.955232,-0.2154472,0.2027669,0.0,0.0,0.0,0.0,0.0,0.0,0.0,2.652815,0.6566553,2.059063,0.506709,0.0266133,-3.383918,0.1136676,-0.4974621,0.01451864,0.859884,12.11806,299.3501,354.8289,0.1803053,0.008042973,-0.9835776,-0.2691211,0.01077714,0.1150864,-1.148709,-0.4990247,-3.789399,-0.5093171,-0.1178934,2.002458,0.5046414,-0.08812188,0.8588199,-0.1380593,0.9737378,0.1810369,-0.8522187,-0.2099267,0.4792224,moving,-78.01572,-46.73668,-14.27036,-3.369364,-65.22290071125134,-43.10342321893831,77.09860581471922,64.61390614214422,63.66976670066527
05/18/2023 18:41:02.419707,2614,True,True,True,True,Eyes,0.5450124,0.03006586,-3.407719,-0.954539,-0.215346,0.2061099,0.0,0.0,0.0,0.0,0.0,0.0,0.0,2.638449,0.6597486,2.065718,0.4995629,0.02574947,-3.378409,0.1142813,-0.4947612,0.01482326,0.8613545,12.2127,299.7038,354.8608,0.1781322,0.008118538,-0.9839728,-0.2529739,0.01013051,0.1081812,-1.160958,-0.494588,-3.764063,-0.5063151,-0.11599,2.002702,0.5099833,-0.08754779,0.8557175,-0.1386201,0.9734401,0.1822055,-0.8489414,-0.2115414,0.4843023,moving,-77.81541,-46.25542,-14.188,-3.314682,-65.04549512971607,-42.64836078398556,76.76167196780399,64.29325857001533,63.56546677899215
05/18/2023 18:41:02.439862,2615,True,True,True,True,Eyes,0.5423566,0.02974013,-3.405859,-0.9537472,-0.2151889,0.2099049,0.0,0.0,0.0,0.0,0.0,0.0,0.0,2.625138,0.6579689,2.07202,0.4922233,0.02491187,-3.372631,0.1140271,-0.4922802,0.01483528,0.8628083,12.20284,300.0415,354.9129,0.1761146,0.008178018,-0.9843355,-0.2377954,0.009522684,0.1016903,-1.177787,-0.4755895,-3.735863,-0.5032219,-0.1140283,2.002954,0.5148803,-0.08666649,0.85287,-0.1378665,0.9735555,0.1821607,-0.8461035,-0.2113732,0.4893161,moving,-77.58797,-45.71215,-14.10309,-3.258337,-64.84400084704562,-42.13463366269456,76.37182875153226,63.9218779119768,63.43739477648899
05/18/2023 18:41:02.449909,2616,True,True,True,True,Eyes,0.5395181,0.02940795,-3.403827,-0.9529354,-0.2149719,0.2137785,0.0,0.0,0.0,0.0,0.0,0.0,0.0,2.611293,0.6562728,2.078586,0.484977,0.02415118,-3.366642,0.1137056,-0.4897567,0.01461189,0.8642893,12.17285,300.3839,354.9457,0.1742315,0.008222657,-0.9846702,-0.2235277,0.008951323,0.0955889,-1.199401,-0.4350436,-3.709708,-0.4998763,-0.1119068,2.003225,0.5198499,-0.08611831,0.8499057,-0.1366339,0.9737151,0.1822365,-0.8432599,-0.2108616,0.494419,moving,-77.35579,-45.15948,-14.0112,-3.19741,-64.63827039984638,-41.61199928909668,75.98257958869915,63.55140382022243,63.3122778651667
05/18/2023 18:41:02.469884,2617,True,True,True,True,Eyes,0.5365337,0.02905606,-3.40158,-0.9520448,-0.2146218,0.2180555,0.0,0.0,0.0,0.0,0.0,0.0,0.0,2.597775,0.6512817,2.085503,0.4777234,0.02364788,-3.360528,0.1127762,-0.487315,0.01407002,0.865799,12.06352,300.7234,354.9812,0.1724651,0.008253794,-0.9849808,-0.210116,0.008414243,0.08985356,-1.204877,-0.4501974,-3.686939,-0.4967974,-0.1099549,2.003476,0.5246524,-0.0855514,0.847007,-0.1342786,0.9741672,0.1815699,-0.84066,-0.208996,0.4996114,moving,-77.09953,-44.54531,-13.9266,-3.14136,-64.41128335288396,-41.03124743141951,75.53215315603946,63.12168266773788,63.15521926981076
05/18/2023 18:41:02.489997,2618,True,True,True,True,Eyes,0.5333858,0.02869413,-3.399165,-0.9511349,-0.2142183,0.2223805,0.0,0.0,0.0,0.0,0.0,0.0,0.0,2.585551,0.6380954,2.092908,0.4705733,0.02283917,-3.354182,0.1104624,-0.4851098,0.01344751,0.8673441,11.80988,301.0544,355.0861,0.1708009,0.008272251,-0.9852706,-0.1975091,0.007909388,0.08446235,-1.214651,-0.4544957,-3.660598,-0.4933369,-0.1077604,2.003757,0.5289752,-0.08384559,0.8444851,-0.1305,0.9752344,0.1785708,-0.8385434,-0.2046649,0.504933,moving,-76.84032,-43.92899,-13.83146,-3.078355,-64.1815888573135,-40.44841556161682,75.09254835469912,62.70292578761363,63.00679335235586
05/18/2023 18:41:02.499798,2619,True,True,True,True,Eyes,0.5300834,0.0283188,-3.396572,-0.9501356,-0.2137762,0.2270286,0.0,0.0,0.0,0.0,0.0,0.0,0.0,2.573224,0.6290435,2.098989,0.4634658,0.02221319,-3.34778,0.1090836,-0.4828614,0.01344202,0.8687722,11.68429,301.3779,355.1974,0.1692244,0.00827904,-0.9855426,-0.1856585,0.007434825,0.07939461,-1.23645,-0.400445,-3.637204,-0.4902448,-0.1057999,2.004009,0.5333284,-0.08198837,0.8419255,-0.1287006,0.9758402,0.1765563,-0.8360603,-0.2025188,0.5098914,moving,-76.56152,-43.27797,-13.74641,-3.022075,-63.93430703147867,-39.83265476458963,74.60747366425917,62.24021040330375,62.82791069392565
05/18/2023 18:41:02.519687,2620,True,True,True,True,Eyes,0.5266356,0.02793317,-3.393815,-0.9491249,-0.2132495,0.2317037,0.0,0.0,0.0,0.0,0.0,0.0,0.0,2.560513,0.6212798,2.104754,0.4563023,0.02149522,-3.341187,0.1077911,-0.480599,0.01315782,0.8701913,11.55128,301.6988,355.2748,0.1677227,0.008274969,-0.9857993,-0.174519,0.006988735,0.07463093,-1.25265,-0.3728006,-3.610856,-0.4871811,-0.1038573,2.004258,0.537703,-0.08070892,0.8392625,-0.1265082,0.9764159,0.1749504,-0.8335894,-0.200245,0.5148114,moving,-76.28109,-42.62505,-13.6621,-2.966319,-63.68554289142973,-39.21507818330703,74.1212038026263,61.77634969016474,62.646299688037864
05/18/2023 18:41:02.539945,2621,True,True,True,True,Eyes,0.5230282,0.02753828,-3.39094,-0.9480246,-0.2127011,0.2366591,0.0,0.0,0.0,0.0,0.0,0.0,0.0,2.547947,0.613142,2.110321,0.449331,0.02083555,-3.334532,0.1063392,-0.478416,0.01259835,0.8715798,11.38617,302.009,355.3315,0.1662853,0.008260849,-0.9860429,-0.1640479,0.006569411,0.07015307,-1.266995,-0.3509718,-3.589198,-0.4838369,-0.1017367,2.00453,0.5419188,-0.07978778,0.8366349,-0.1237097,0.9770665,0.1733116,-0.8312761,-0.1974207,0.5196201,moving,-75.9835,-41.94812,-13.57003,-2.905462,-63.42125044503929,-38.57463453066454,73.61908978753992,61.29791227180757,62.456467795704256
05/18/2023 18:41:02.559680,2622,True,True,True,True,Eyes,0.5192944,0.02720052,-3.387913,-0.9468993,-0.2121383,0.2416175,0.0,0.0,0.0,0.0,0.0,0.0,0.0,2.534707,0.6090902,2.115543,0.4425668,0.02013622,-3.327909,0.1057658,-0.4760764,0.01264781,0.872929,11.34374,302.3288,355.4005,0.164902,0.008237436,-0.9862753,-0.154205,0.006175247,0.06594389,-1.270822,-0.3701296,-3.566944,-0.4806848,-0.09973811,2.004787,0.5463825,-0.07862389,0.8338372,-0.1227864,0.9773073,0.1726093,-0.8284863,-0.1966946,0.5243297,moving,-75.68546,-41.28289,-13.4832,-2.848116,-63.15631414867877,-37.94513219829285,73.11875957330429,60.82120366493006,62.26027002750248
05/18/2023 18:41:02.570249,2623,True,True,True,True,Eyes,0.515402,0.02699669,-3.384756,-0.9456981,-0.2116253,0.2467184,0.0,0.0,0.0,0.0,0.0,0.0,0.0,2.522274,0.602011,2.120546,0.4357694,0.02115755,-3.321243,0.1049643,-0.4738623,0.01265346,0.8742293,11.27498,302.6348,355.4761,0.1635637,0.008207338,-0.9864984,-0.1449527,0.005804732,0.06198725,-1.27853,-0.3768489,-3.546686,-0.4775338,-0.09774029,2.005043,0.5505888,-0.07735322,0.8311849,-0.1216013,0.9776447,0.1715338,-0.8258722,-0.1955178,0.528874,moving,-75.3783,-40.62169,-13.39636,-2.790802,-62.88280278971541,-37.31919330654841,72.61499137941244,60.34167569928684,62.055298478170194
05/18/2023 18:41:02.590172,2624,True,True,True,True,Eyes,0.5114056,0.0266975,-3.381448,-0.9445726,-0.2106008,0.2518529,0.0,0.0,0.0,0.0,0.0,0.0,0.0,2.507597,0.5957804,2.127004,0.4287893,0.02409253,-3.314016,0.1044635,-0.4712919,0.0123031,0.8756827,11.21846,302.9798,355.5024,0.162262,0.008175157,-0.9867135,-0.1362555,0.005456448,0.05826802,-1.29752,-0.3297312,-3.525756,-0.4743695,-0.09573396,2.005299,0.5554651,-0.07691835,0.8279747,-0.1200128,0.977872,0.171357,-0.8228338,-0.1945504,0.5339426,moving,-75.07046,-39.90255,-13.30911,-2.733253,-62.60976985507656,-36.63900491696616,72.08343078195368,59.834397090643535,61.8482197965153
05/18/2023 18:41:02.619928,2625,True,True,True,True,Eyes,0.5073637,0.02648759,-3.378038,-0.9432398,-0.2105865,0.2568111,0.0,0.0,0.0,0.0,0.0,0.0,0.0,2.499074,0.558836,2.134981,0.4222951,0.02138065,-3.307117,0.09737515,-0.4699266,0.01007527,0.8772605,10.38816,303.2548,355.6947,0.1609909,0.008138346,-0.9869221,-0.1280802,0.005129061,0.05477194,-1.305134,-0.333151,-3.500659,-0.4713763,-0.09383574,2.005543,0.5581351,-0.07384105,0.826458,-0.1091956,0.9808331,0.1613775,-0.8225337,-0.180316,0.5393742,moving,-74.76954,-39.35194,-13.22654,-2.678813,-62.33995020038199,-36.11672510819916,71.64118293941084,59.415663150945626,61.64631397708588
05/18/2023 18:41:02.639676,2626,True,True,True,True,Eyes,0.5032128,0.02634918,-3.374466,-0.9419535,-0.2101885,0.2618102,0.0,0.0,0.0,0.0,0.0,0.0,0.0,2.481,0.6035574,2.133981,0.4170465,0.02349905,-3.30137,0.1063806,-0.4666576,0.01342771,0.8779143,11.4971,303.5677,355.5689,0.1597454,0.008099959,-0.9871247,-0.1203954,0.004821317,0.05148562,-1.310033,-0.3525169,-3.474475,-0.4681112,-0.09176514,2.00581,0.5641007,-0.07570992,0.8222277,-0.1228634,0.9770057,0.1742539,-0.8165139,-0.1993184,0.5418277,moving,-74.46706,-38.75846,-13.13643,-2.619436,-62.069499780736365,-35.554281719439935,71.18620113385371,58.98431470085691,61.44986110430787
05/18/2023 18:41:02.649864,2627,True,True,True,True,Eyes,0.4990111,0.02625275,-3.370784,-0.9406673,-0.2096096,0.2668503,0.0,0.0,0.0,0.0,0.0,0.0,0.0,2.468764,0.5775741,2.142798,0.4101949,0.02499298,-3.294098,0.1010916,-0.4647887,0.009530258,0.8795802,10.76,303.8694,355.4925,0.1585207,0.008062297,-0.9873225,-0.1131717,0.004532038,0.04839648,-1.323076,-0.3289794,-3.446172,-0.464928,-0.08974685,2.006068,0.5677612,-0.07720724,0.8195648,-0.1107377,0.9793794,0.1689773,-0.8157111,-0.1866955,0.5475038,moving,-74.16232,-38.14946,-13.04854,-2.561572,-61.79724143839228,-34.977259312364914,70.72051949886216,58.54240066705947,61.24800704589141
05/18/2023 18:41:02.669838,2628,True,True,True,True,Eyes,0.4947436,0.02617956,-3.366988,-0.9392763,-0.2092609,0.271974,0.0,0.0,0.0,0.0,0.0,0.0,0.0,2.455674,0.5605503,2.151669,0.4047509,0.02585615,-3.287817,0.09828623,-0.4624878,0.00874403,0.8811177,10.44499,304.2085,355.5967,0.157314,0.00802654,-0.9875157,-0.1063814,0.004260116,0.04549269,-1.332864,-0.3172763,-3.417654,-0.4616278,-0.08765455,2.006337,0.5720571,-0.07550333,0.8167313,-0.1063214,0.9805267,0.1651155,-0.8132936,-0.1812915,0.5528896,moving,-73.85126,-37.57523,-12.95739,-2.501596,-61.51842699724382,-34.43263819564733,70.27249252405136,58.11854927600906,61.0445024173905
05/18/2023 18:41:02.689983,2629,True,True,True,True,Eyes,0.4904102,0.02613855,-3.363079,-0.9379131,-0.208618,0.2771238,0.0,0.0,0.0,0.0,0.0,0.0,0.0,2.437945,0.5652597,2.159675,0.3988055,0.02638514,-3.281394,0.09958836,-0.4592309,0.009633138,0.8826644,10.64095,304.6212,355.6548,0.1561215,0.007993205,-0.9877052,-0.0999985,0.004004509,0.04276313,-1.340351,-0.3181134,-3.387892,-0.4583421,-0.08557071,2.006604,0.5780284,-0.07446242,0.8126122,-0.1084737,0.9799787,0.1669585,-0.8087748,-0.1846538,0.5583783,moving,-73.53925,-36.97232,-12.86658,-2.441873,-61.23927782443862,-33.86114981570292,69.81063425402114,57.68092275992311,60.83845824139442
05/18/2023 18:41:02.709452,2630,True,True,True,True,Eyes,0.4860231,0.02611914,-3.359051,-0.9365085,-0.2078223,0.2824211,0.0,0.0,0.0,0.0,0.0,0.0,0.0,2.426405,0.5431647,2.167306,0.3928737,0.02704525,-3.274843,0.09564694,-0.4572595,0.008055199,0.8841383,10.16578,304.9261,355.7336,0.1549394,0.007962999,-0.9878917,-0.09399859,0.003764238,0.04019735,-1.348315,-0.313233,-3.357711,-0.4552424,-0.08360574,2.006856,0.5816978,-0.07322712,0.8101022,-0.1017148,0.9815735,0.1617636,-0.8070204,-0.1764969,0.5635309,moving,-73.21837,-36.34785,-12.78088,-2.385566,-60.95227767240286,-33.26927743633185,69.32623552448781,57.22138748575915,60.617372354848136
05/18/2023 18:41:02.719780,2631,True,True,True,True,Eyes,0.4815713,0.02613826,-3.354921,-0.9350804,-0.2068757,0.2877966,0.0,0.0,0.0,0.0,0.0,0.0,0.0,2.410377,0.5296049,2.177444,0.3870126,0.02751393,-3.268199,0.0928598,-0.4545106,0.006003776,0.8858675,9.786686,305.3104,355.7066,0.1537669,0.00793631,-0.9880751,0.0,0.0,0.0,-1.3536,-0.3194234,-3.327701,-0.4520197,-0.08156193,2.007119,0.5867683,-0.0737744,0.8063872,-0.0950486,0.9826821,0.1590654,-0.8041571,-0.1699805,0.5695945,moving,-72.89281,-35.70956,-12.69174,-2.32701,-60.66118209366816,-32.66436189875857,68.83722447664054,56.75757478087743,60.39483481715184
05/18/2023 18:41:02.739536,2632,True,True,True,True,Eyes,0.4770631,0.0261906,-3.350662,-0.933644,-0.2055074,0.2933864,0.0,0.0,0.0,0.0,0.0,0.0,0.0,2.392161,0.5227683,2.188349,0.3809735,0.02842116,-3.261693,0.09123233,-0.4513177,0.003948374,0.8876787,9.528254,305.7349,355.6187,0.1525991,0.0079139,-0.9882562,0.0,0.0,0.0,-1.358182,-0.3272967,-3.297506,-0.448813,-0.07952881,2.007379,0.5925935,-0.07533975,0.8019706,-0.0893593,0.9833221,0.158406,-0.8005298,-0.1655339,0.575978,moving,-72.55531,-35.00996,-12.60301,-2.268771,-60.36013792115656,-32.001784645807376,68.31005586605622,56.25651400273109,60.15818210440466
05/18/2023 18:41:02.749917,2633,True,True,True,True,Eyes,0.472492,0.02624997,-3.346315,-0.9322112,-0.2038149,0.2990681,0.0,0.0,0.0,0.0,0.0,0.0,0.0,2.374162,0.5056651,2.200765,0.374669,0.02922397,-3.254916,0.08739349,-0.4482062,0.0004641584,0.889648,8.969862,306.1687,355.4991,0.151436,0.007896394,-0.9884353,0.0,0.0,0.0,-1.362065,-0.3346754,-3.266571,-0.4454967,-0.07742563,2.007648,0.5982219,-0.07751472,0.7975726,-0.07916647,0.9847243,0.1550828,-0.7974104,-0.1559149,0.5829471,moving,-72.21294,-34.27443,-12.5112,-2.208536,-60.055245637143045,-31.305464127213128,67.76812906556323,55.7410755366897,59.918581247454306
05/18/2023 18:41:02.775022,2634,True,True,True,True,Eyes,0.4678655,0.02632218,-3.341873,-0.9307141,-0.2019455,0.3049413,0.0,0.0,0.0,0.0,0.0,0.0,0.0,2.356569,0.4886361,2.212976,0.368552,0.02937401,-3.2485,0.08354186,-0.4451036,-0.002806791,0.8915693,8.422303,306.6009,355.3976,0.1502741,0.007883521,-0.9886127,0.0,0.0,0.0,-1.366138,-0.3398379,-3.235387,-0.4422832,-0.07538805,2.007911,0.6037499,-0.07937445,0.7932124,-0.06936467,0.9860258,0.1514653,-0.7941504,-0.1464681,0.5898071,moving,-71.85902,-33.51427,-12.42219,-2.150189,-59.74006415970664,-30.585824625000235,67.2044815278227,55.20476961632587,59.663547450108545
05/18/2023 18:41:02.790133,2635,True,True,True,True,Eyes,0.4631775,0.02642009,-3.337345,-0.9291846,-0.1999149,0.3108859,0.0,0.0,0.0,0.0,0.0,0.0,0.0,2.337848,0.4807983,2.223889,0.3624862,0.02972668,-3.241929,0.0817131,-0.4417655,-0.004793142,0.8933887,8.150179,307.0432,355.3204,0.1491125,0.007875238,-0.9887886,0.0,0.0,0.0,-1.369872,-0.3431307,-3.204281,-0.4392231,-0.07344773,2.008159,0.6096405,-0.08076034,0.7885533,-0.06363178,0.9866,0.150238,-0.79012,-0.1417682,0.5963324,moving,-71.50083,-32.74302,-12.33741,-2.09464,-59.42111688396842,-29.85570672924503,66.63057453392399,54.65850601581652,59.398646799166954
05/18/2023 18:41:02.809722,2636,True,True,True,True,Eyes,0.4584059,0.0265428,-3.332753,-0.9275387,-0.1978711,0.3170474,0.0,0.0,0.0,0.0,0.0,0.0,0.0,2.319867,0.4669564,2.235088,0.3562776,0.03038996,-3.235366,0.07902959,-0.438475,-0.006577493,0.8952379,7.800975,307.4898,355.3057,0.1479491,0.007871874,-0.9889634,0.0,0.0,0.0,-1.371688,-0.3533677,-3.17398,-0.435911,-0.07134762,2.008428,0.6153928,-0.08108184,0.7840393,-0.05752816,0.9874221,0.1472687,-0.7861184,-0.1357324,0.602988,moving,-71.12876,-31.96853,-12.2456,-2.034526,-59.08929886527197,-29.12223832080204,66.05506132808914,54.111701896676784,59.127637833750384
05/18/2023 18:41:02.819609,2637,True,True,True,True,Eyes,0.4535844,0.02667421,-3.328073,-0.9258168,-0.1958114,0.3232973,0.0,0.0,0.0,0.0,0.0,0.0,0.0,2.300107,0.4531967,2.247336,0.3501811,0.03101201,-3.228438,0.07656103,-0.4348519,-0.007797683,0.8972076,7.5043,307.9777,355.3382,0.146781,0.007873706,-0.9891374,0.0,0.0,0.0,-1.37267,-0.3658704,-3.145321,-0.4327632,-0.06935155,2.008685,0.6216862,-0.08057769,0.7791107,-0.05259313,0.9881552,0.1441639,-0.7814987,-0.1306006,0.6100845,moving,-70.75069,-31.20202,-12.15831,-1.9774,-58.75173708609938,-28.39610212187976,65.47629653705836,53.56206931618936,58.845381688968494
05/18/2023 18:41:02.839988,2638,True,True,True,True,Eyes,0.4487262,0.02681103,-3.323302,-0.9239335,-0.19399,0.3297193,0.0,0.0,0.0,0.0,0.0,0.0,0.0,2.279116,0.4434553,2.260033,0.3441084,0.03132707,-3.221704,0.07499643,-0.4309297,-0.008178872,0.8992265,7.34413,308.4958,355.4113,0.1456082,0.007880505,-0.9893107,0.0,0.0,0.0,-1.374542,-0.3721471,-3.115034,-0.4295689,-0.06732625,2.008945,0.6284654,-0.07934569,0.77378,-0.04992705,0.9886173,0.1419266,-0.7762336,-0.1278285,0.6173502,moving,-70.36031,-30.47038,-12.06969,-1.919449,-58.40203600391774,-27.70232368744553,64.90725722868869,53.02304134407297,58.55340723892737
05/18/2023 18:41:02.850040,2639,True,True,True,True,Eyes,0.4438254,0.0269731,-3.318451,-0.9219345,-0.1923084,0.3362353,0.0,0.0,0.0,0.0,0.0,0.0,0.0,2.257115,0.4388077,2.272358,0.3382866,0.03161412,-3.214855,0.07437459,-0.426876,-0.008254559,0.9012088,7.296655,309.0198,355.468,0.1444293,0.007891979,-0.9894834,0.0,0.0,0.0,-1.375753,-0.3787827,-3.084488,-0.4263414,-0.06527929,2.009207,0.6354175,-0.07837561,0.7681809,-0.04861929,0.9888006,0.1411014,-0.7706366,-0.1270067,0.6244906,moving,-69.96277,-29.76722,-11.98011,-1.86089,-58.04511686074949,-27.03503964624011,64.34867609162212,52.49497754540132,58.25589884447087
05/18/2023 18:41:02.869927,2640,True,True,True,True,Eyes,0.4388924,0.02714993,-3.313515,-0.919762,-0.1908585,0.3429444,0.0,0.0,0.0,0.0,0.0,0.0,0.0,2.231648,0.4445723,2.285972,0.3322977,0.03239904,-3.208129,0.07540435,-0.4222073,-0.008727429,0.9033158,7.403623,309.6001,355.4052,0.1432438,0.007908448,-0.9896556,0.0,0.0,0.0,-1.377179,-0.3839189,-3.054072,-0.4231978,-0.06328644,2.009463,0.6433297,-0.07943976,0.7614567,-0.04790528,0.988476,0.1435974,-0.764089,-0.1288583,0.6321105,moving,-69.55142,-29.0972,-11.89284,-1.803889,-57.67469396731944,-26.398459687500008,63.792136450812805,51.9699053297906,57.94323717856304
05/18/2023 18:41:02.890151,2641,True,True,True,True,Eyes,0.4339286,0.02731813,-3.308511,-0.917463,-0.189573,0.3497481,0.0,0.0,0.0,0.0,0.0,0.0,0.0,2.205209,0.4487331,2.300279,0.3265213,0.03296907,-3.201233,0.07605264,-0.4174069,-0.009457811,0.9054822,7.459948,310.1985,355.3364,0.1420508,0.007929901,-0.9898273,0.0,0.0,0.0,-1.379362,-0.3846125,-3.024539,-0.4200013,-0.06125946,2.009723,0.651364,-0.08061755,0.7544705,-0.04636203,0.9882531,0.1456241,-0.7573476,-0.1298331,0.6399749,moving,-69.13255,-28.4589,-11.80405,-1.745923,-57.29665539234737,-25.791398637387687,63.246660405530726,51.45640916360214,57.625498031284245
05/18/2023 18:41:02.900016,2642,True,True,True,True,Eyes,0.4289712,0.02750537,-3.30341,-0.9149624,-0.1887209,0.3566907,0.0,0.0,0.0,0.0,0.0,0.0,0.0,2.178491,0.4549968,2.314478,0.3207518,0.03295327,-3.194634,0.07723913,-0.4124732,-0.009347139,0.9076414,7.614079,310.8107,355.3307,0.1408509,0.007955607,-0.9899987,0.0,0.0,0.0,-1.380594,-0.3889533,-2.996638,-0.4168394,-0.05925458,2.009981,0.659557,-0.08068584,0.7473114,-0.04675044,0.9878935,0.1479217,-0.7501993,-0.1325,0.6478,moving,-68.70208,-27.8828,-11.71619,-1.6886,-56.90661453208512,-25.242293471944123,62.71784253888283,50.9602879265844,57.297455937702274
05/18/2023 18:41:02.919792,2643,True,True,True,True,Eyes,0.4239821,0.02770872,-3.298236,-0.9123306,-0.1880766,0.3637031,0.0,0.0,0.0,0.0,0.0,0.0,0.0,2.15094,0.4703865,2.327195,0.3152029,0.03374155,-3.187969,0.08031613,-0.4074331,-0.00851258,0.9096568,8.000606,311.417,355.312,0.139644,0.007985771,-0.9901694,0.0,0.0,0.0,-1.382592,-0.3896853,-2.969417,-0.4135827,-0.05718959,2.010245,0.6678517,-0.08093394,0.739881,-0.04995984,0.9869537,0.1530568,-0.7426158,-0.1391836,0.6550953,moving,-68.26517,-27.3442,-11.62567,-1.629572,-56.50985336485229,-24.728142228191835,62.20349711574409,50.47904379954511,56.96707124077828
05/18/2023 18:41:02.939848,2644,True,True,True,True,Eyes,0.4189672,0.02790874,-3.292984,-0.9096538,-0.1869354,0.3709248,0.0,0.0,0.0,0.0,0.0,0.0,0.0,2.123778,0.4797667,2.34,0.3093734,0.03436872,-3.181087,0.08226176,-0.4024388,-0.008028606,0.9117082,8.252476,312.0273,355.3139,0.1384303,0.008020462,-0.9903395,0.0,0.0,0.0,-1.385539,-0.3857505,-2.9427,-0.4104375,-0.0551952,2.010501,0.6759571,-0.08085013,0.7324926,-0.05157115,0.9863371,0.1564595,-0.7351343,-0.1435354,0.6625521,moving,-67.81609,-26.74678,-11.53821,-1.572572,-56.10288150754706,-24.15865473349848,61.65176822867017,49.96139589543125,56.61868436435609
05/18/2023 18:41:02.950046,2645,True,True,True,True,Eyes,0.4139337,0.02809526,-3.287666,-0.9068235,-0.1860515,0.3782275,0.0,0.0,0.0,0.0,0.0,0.0,0.0,2.096446,0.4839942,2.353392,0.3036939,0.03447424,-3.174015,0.0832548,-0.397421,-0.007588249,0.9138204,8.402629,312.6504,355.359,0.1372093,0.008059176,-0.990509,0.0,0.0,0.0,-1.387044,-0.3869726,-2.916871,-0.4072524,-0.05317567,2.010759,0.6839979,-0.08004301,0.7250794,-0.05230582,0.9860221,0.1581913,-0.7276064,-0.1461284,0.6702504,moving,-67.35945,-26.19275,-11.44962,-1.514867,-55.68803271902245,-23.62960877277916,61.11388549250153,49.45805256553548,56.265420323051266
05/18/2023 18:41:02.970289,2646,True,True,True,True,Eyes,0.4088745,0.02827541,-3.282281,-0.9039109,-0.184809,0.3857338,0.0,0.0,0.0,0.0,0.0,0.0,0.0,2.06695,0.4951513,2.367126,0.2981277,0.03438056,-3.167124,0.08548999,-0.3919986,-0.006731681,0.9159604,8.704197,313.3109,355.3953,0.135981,0.008101146,-0.990678,0.0,0.0,0.0,-1.38868,-0.3883404,-2.892031,-0.4039275,-0.05106739,2.011031,0.6925834,-0.07935583,0.7169595,-0.05469202,0.9852923,0.1618885,-0.7192615,-0.1513332,0.678057,moving,-66.89018,-25.59955,-11.35708,-1.454636,-55.26216749069384,-23.06360913930536,60.554950810626515,48.93469554110562,55.90207863922341
05/18/2023 18:41:02.989850,2647,True,True,True,True,Eyes,0.4037945,0.02844769,-3.276816,-0.9008533,-0.1836952,0.3933438,0.0,0.0,0.0,0.0,0.0,0.0,0.0,2.03657,0.5035269,2.381472,0.2925504,0.03439432,-3.160031,0.08733014,-0.3863957,-0.005713192,0.9181718,8.972071,313.9988,355.472,0.1347446,0.008145919,-0.9908466,0.0,0.0,0.0,-1.390968,-0.3860356,-2.867355,-0.4008535,-0.04911815,2.011281,0.7013315,-0.07797934,0.7085572,-0.05699658,0.9846816,0.1647832,-0.710553,-0.155953,0.6861437,moving,-66.41225,-25.03301,-11.27151,-1.398961,-54.82772148147031,-22.522365973790308,59.992245164537735,48.40807573437841,55.52312324625596
05/18/2023 18:41:03.009601,2648,True,True,True,True,Eyes,0.3986941,0.02859941,-3.27127,-0.8976887,-0.1822326,0.4011812,0.0,0.0,0.0,0.0,0.0,0.0,0.0,2.006476,0.5035348,2.396585,0.2868824,0.03438853,-3.152717,0.08766273,-0.3808278,-0.005044185,0.9204673,9.064104,314.6967,355.5829,0.1335009,0.008192984,-0.9910146,0.0,0.0,0.0,-1.392617,-0.3860923,-2.84356,-0.3974598,-0.04696646,2.011557,0.7098896,-0.0760548,0.7001945,-0.05748278,0.9845796,0.1652233,-0.7019632,-0.1575394,0.694571,moving,-65.91991,-24.42945,-11.177,-1.337517,-54.38055922266458,-21.94614086343452,59.41400142175739,47.86713807040074,55.137803800371586
05/18/2023 18:41:03.019937,2649,True,True,True,True,Eyes,0.3935773,0.02872087,-3.265641,-0.8943499,-0.1809462,0.4091415,0.0,0.0,0.0,0.0,0.0,0.0,0.0,1.974893,0.5038506,2.412174,0.2812954,0.03401312,-3.145212,0.08804624,-0.3750002,-0.004160926,0.9228248,9.171015,315.4266,355.7178,0.1322495,0.00824155,-0.991182,0.0,0.0,0.0,-1.394283,-0.3890786,-2.822496,-0.3944203,-0.04503888,2.011804,0.718715,-0.07371432,0.6913862,-0.0583551,0.9844611,0.1656232,-0.6928516,-0.1593818,0.7032454,moving,-65.41715,-23.85781,-11.09232,-1.282484,-53.923075319181685,-21.39955547902548,58.82884070364787,47.31987073211243,54.73223334965432
05/18/2023 18:41:03.039986,2650,True,True,True,True,Eyes,0.388451,0.02883168,-3.259915,-0.8908978,-0.179354,0.4172929,0.0,0.0,0.0,0.0,0.0,0.0,0.0,1.941367,0.5058184,2.4284,0.2756848,0.03342573,-3.137636,0.08870307,-0.3688119,-0.003130664,0.9252567,9.313537,316.1978,355.8611,0.1309905,0.008290591,-0.9913487,0.0,0.0,0.0,-1.394956,-0.3950245,-2.800376,-0.3912326,-0.04301771,2.012063,0.727936,-0.07122282,0.6819359,-0.05963615,0.9842439,0.1664555,-0.6830466,-0.161837,0.7122192,moving,-64.90179,-23.2582,-11.00349,-1.224792,-53.45438797049091,-20.826500712764755,58.22798134045576,46.757948233012826,54.316919380290486
05/18/2023 18:41:03.049989,2651,True,True,True,True,Eyes,0.383308,0.02890971,-3.254098,-0.8872765,-0.1778109,0.4255864,0.0,0.0,0.0,0.0,0.0,0.0,0.0,1.907108,0.5040665,2.445142,0.270087,0.03324666,-3.129826,0.08864972,-0.3625318,-0.002607599,0.927742,9.357695,316.9832,355.9833,0.1297249,0.008339755,-0.9915147,0.0,0.0,0.0,-1.396252,-0.397146,-2.778653,-0.3879473,-0.04093459,2.01233,0.7371278,-0.06911503,0.6722096,-0.05943832,0.9842689,0.1663788,-0.6731342,-0.1625974,0.721424,moving,-64.37508,-22.67527,-10.9119,-1.165344,-52.97480493070799,-20.26879919201823,57.62801863883466,46.19772690818485,53.893603959158305
05/18/2023 18:41:03.069827,2652,True,True,True,True,Eyes,0.3781531,0.02894512,-3.24819,-0.8835152,-0.1760577,0.4340557,0.0,0.0,0.0,0.0,0.0,0.0,0.0,1.87191,0.4988905,2.462554,0.2644372,0.0325268,-3.121879,0.0878401,-0.3560935,-0.002392218,0.9303097,9.307514,317.7924,356.1064,0.1284515,0.008388105,-0.99168,0.0,0.0,0.0,-1.397258,-0.3998787,-2.756943,-0.3847793,-0.03892572,2.012588,0.7463834,-0.06700958,0.6621341,-0.05810756,0.9845568,0.1651407,-0.6629746,-0.1617333,0.7309632,moving,-63.83591,-22.07801,-10.82355,-1.108027,-52.48388710446789,-19.69739902659872,57.00921416569333,45.619605872926996,53.45298978313972
05/18/2023 18:41:03.089846,2653,True,True,True,True,Eyes,0.3729867,0.02892527,-3.242197,-0.8795722,-0.1744227,0.4426393,0.0,0.0,0.0,0.0,0.0,0.0,0.0,1.835786,0.4971706,2.479356,0.2588084,0.03150229,-3.113924,0.08753937,-0.3495161,-0.002237993,0.9328294,9.308727,318.6104,356.2019,0.127171,0.00843445,-0.9918447,0.0,0.0,0.0,-1.398712,-0.4025621,-2.73683,-0.3815808,-0.03689739,2.012848,0.755667,-0.06536816,0.6516858,-0.0570175,0.9846637,0.164883,-0.6524694,-0.1617542,0.7403508,moving,-63.28646,-21.507,-10.73433,-1.050168,-51.98288690364325,-19.15033446757441,56.39333598053164,45.04508267044251,53.00376816304295
05/18/2023 18:41:03.099653,2654,True,True,True,True,Eyes,0.3678133,0.0288494,-3.236115,-0.875467,-0.1728045,0.4513271,0.0,0.0,0.0,0.0,0.0,0.0,0.0,1.799599,0.4979852,2.49512,0.2532589,0.03016035,-3.105981,0.08764514,-0.3429446,-0.001967171,0.9352559,9.357376,319.422,356.293,0.1258838,0.008477319,-0.9920086,0.0,0.0,0.0,-1.401108,-0.4017876,-2.716702,-0.3784367,-0.03490417,2.013104,0.7647702,-0.06379447,0.6411371,-0.05643524,0.9846289,0.1652905,-0.6418267,-0.162592,0.7494147,moving,-62.72766,-20.95088,-10.64659,-0.9933224,-51.472888900889096,-18.6169934356148,55.7740258337357,44.46774631928525,52.54363762311153
05/18/2023 18:41:03.130021,2655,True,True,True,True,Eyes,0.3626337,0.02872843,-3.229948,-0.8711808,-0.1713769,0.4600803,0.0,0.0,0.0,0.0,0.0,0.0,0.0,1.764054,0.5018013,2.509047,0.2477412,0.02872229,-3.097872,0.0884169,-0.336482,-0.001078318,0.9375293,9.500789,320.2163,356.4236,0.1245894,0.008515388,-0.9921716,0.0,0.0,0.0,-1.40343,-0.4001469,-2.696223,-0.3753554,-0.0329501,2.013354,0.7735574,-0.0615233,0.6307328,-0.05747947,0.9843625,0.1665125,-0.6311141,-0.1650612,0.7579246,moving,-62.16096,-20.43003,-10.56058,-0.9376061,-50.95485301095357,-18.1164855410058,55.15934921336265,43.89545752047771,52.07490935873218
05/18/2023 18:41:03.139871,2656,True,True,True,True,Eyes,0.3574623,0.02855965,-3.223682,-0.86674,-0.1699472,0.4689134,0.0,0.0,0.0,0.0,0.0,0.0,0.0,1.728817,0.5073369,2.521848,0.2423054,0.02754036,-3.089732,0.08946595,-0.3301095,-0.0003869755,0.9396934,9.664907,320.9937,356.5226,0.1232883,0.008547762,-0.9923339,0.0,0.0,0.0,-1.406137,-0.3954669,-2.675324,-0.3721432,-0.03091317,2.013615,0.7820552,-0.05979439,0.6203341,-0.05833983,0.9839914,0.1683966,-0.6204726,-0.1678856,0.7660472,moving,-61.58625,-19.92192,-10.47088,-0.87954,-50.4291091513424,-17.627719372597838,54.547165703648616,43.326222881851834,51.60222801531385
05/18/2023 18:41:03.160141,2657,True,True,True,True,Eyes,0.3522785,0.02833281,-3.217329,-0.8621243,-0.168611,0.4778203,0.0,0.0,0.0,0.0,0.0,0.0,0.0,1.693503,0.512105,2.534143,0.2368175,0.02620807,-3.081447,0.09018541,-0.3237785,-0.0003791113,0.9418249,9.766435,321.7625,356.5611,0.121981,0.008573555,-0.9924951,0.0,0.0,0.0,-1.409547,-0.3865731,-2.65405,-0.3689584,-0.02889384,2.013875,0.7903347,-0.05911429,0.6098168,-0.05768606,0.9837329,0.1701232,-0.6099536,-0.1696322,0.7740682,moving,-61.0032,-19.43668,-10.38192,-0.8219883,-49.895155416701385,-17.160169421182207,53.935338470472665,42.757828937449794,51.12106226870394
05/18/2023 18:41:03.174535,2658,True,True,True,True,Eyes,0.3470709,0.02807377,-3.210898,-0.8570594,-0.1675126,0.4872256,0.0,0.0,0.0,0.0,0.0,0.0,0.0,1.65672,0.5162589,2.546828,0.2312201,0.0245958,-3.07303,0.09061135,-0.317216,-0.0009481299,0.9440141,9.815454,322.5561,356.5511,0.120668,0.008591631,-0.9926555,0.0,0.0,0.0,-1.412066,-0.3818909,-2.633429,-0.365712,-0.02683569,2.014138,0.7987462,-0.05927683,0.5987409,-0.05569664,0.9835773,0.1716783,-0.5990846,-0.1704753,0.7823272,moving,-60.38241,-18.97344,-10.29122,-0.7633444,-49.32561455193325,-16.712348279167966,53.29854498367886,42.16698569703211,50.606443050777486
05/18/2023 18:41:03.190339,2659,True,True,True,True,Eyes,0.341845,0.02776712,-3.204377,-0.8518213,-0.166376,0.4967086,0.0,0.0,0.0,0.0,0.0,0.0,0.0,1.619419,0.5198228,2.559434,0.2255758,0.02350928,-3.064637,0.09101842,-0.3105405,-0.001579799,0.9461913,9.861113,323.3614,356.5365,0.1193485,0.008601766,-0.992815,0.0,0.0,0.0,-1.414695,-0.3768813,-2.61281,-0.3625885,-0.02485482,2.014393,0.8071242,-0.05951938,0.5873738,-0.05354022,0.9834263,0.1732228,-0.587949,-0.1712605,0.7905605,moving,-59.75295,-18.51863,-10.20391,-0.7069148,-48.74783347180807,-16.272219438419384,52.65324836406117,41.568169854919006,50.079259330088355
05/18/2023 18:41:03.200339,2660,True,True,True,True,Eyes,0.336648,0.0274165,-3.197749,-0.8462175,-0.1652876,0.5065531,0.0,0.0,0.0,0.0,0.0,0.0,0.0,1.581093,0.5154451,2.573416,0.2197928,0.02204084,-3.056012,0.08994012,-0.303663,-0.002575148,0.9485214,9.732956,324.2009,356.5385,0.118022,0.008603274,-0.9929735,0.0,0.0,0.0,-1.417347,-0.3705383,-2.592333,-0.3594114,-0.0228405,2.014652,0.8155643,-0.05950814,0.5755985,-0.04973781,0.9838083,0.1721842,-0.5765249,-0.1690563,0.7993991,moving,-59.0949,-18.07143,-10.11509,-0.6495457,-48.14326711370726,-15.83855931943454,51.98599657791208,40.949339302641455,49.526087709844454
05/18/2023 18:41:03.219830,2661,True,True,True,True,Eyes,0.3314395,0.02701925,-3.191038,-0.840405,-0.1642569,0.5164679,0.0,0.0,0.0,0.0,0.0,0.0,0.0,1.542554,0.5117507,2.58694,0.2141979,0.02060534,-3.04751,0.08913776,-0.2967037,-0.002950803,0.9507959,9.657176,325.0506,356.5977,0.1166905,0.008595644,-0.9931309,0.0,0.0,0.0,-1.418818,-0.3685004,-2.572012,-0.3561772,-0.02078961,2.014914,0.8239165,-0.05850622,0.5636832,-0.04728378,0.9840915,0.1712546,-0.5647353,-0.1677526,0.8080428,moving,-58.42735,-17.64269,-10.02464,-0.591149,-47.52949467061645,-15.4219609423645,51.318392276247124,40.33072162426358,48.965853026943584
05/18/2023 18:41:03.240323,2662,True,True,True,True,Eyes,0.3262096,0.02658834,-3.184262,-0.8342113,-0.1633207,0.5267045,0.0,0.0,0.0,0.0,0.0,0.0,0.0,1.501117,0.5109474,2.600748,0.2085718,0.01908447,-3.038823,0.08890124,-0.2892067,-0.002956829,0.9531251,9.657474,325.9609,356.6819,0.1153532,0.008578314,-0.9932873,0.0,0.0,0.0,-1.420587,-0.3639016,-2.552113,-0.3530141,-0.01878384,2.015172,0.8327016,-0.05705811,0.5507744,-0.0457852,0.9841757,0.1711783,-0.5518258,-0.1677577,0.8169122,moving,-57.73249,-17.22763,-9.93615,-0.5340504,-46.89001311165401,-15.017542329198882,50.62771688766082,39.69079915217168,48.37752284808275
05/18/2023 18:41:03.250101,2663,True,True,True,True,Eyes,0.3209754,0.02612712,-3.177414,-0.8277963,-0.16251,0.5369765,0.0,0.0,0.0,0.0,0.0,0.0,0.0,1.460006,0.5090072,2.61414,0.2030778,0.01776154,-3.030326,0.08846232,-0.2817692,-0.003140393,0.9553903,9.628685,326.8621,356.7524,0.1140097,0.008551171,-0.9934427,0.0,0.0,0.0,-1.421776,-0.3573607,-2.530163,-0.3495735,-0.01660249,2.015451,0.8411925,-0.05585251,0.5378435,-0.04385131,0.9843291,0.1708018,-0.5389547,-0.1672624,0.825561,moving,-57.02926,-16.83786,-9.839873,-0.4719692,-46.24224727827648,-14.636604453550344,49.94677794526183,39.061102710520686,47.79072665716122
05/18/2023 18:41:03.270072,2664,True,True,True,True,Eyes,0.3157536,0.0256753,-3.170492,-0.8210427,-0.1618538,0.5474414,0.0,0.0,0.0,0.0,0.0,0.0,0.0,1.417075,0.5143683,2.62638,0.1975797,0.01651941,-3.021793,0.08930096,-0.274027,-0.003255671,0.9575614,9.74352,327.7871,356.7906,0.1126601,0.008514214,-0.9935969,0.0,0.0,0.0,-1.427501,-0.3308944,-2.508677,-0.3465469,-0.01468325,2.015698,0.8497972,-0.05517676,0.524214,-0.04270674,0.9840295,0.1728066,-0.525377,-0.169238,0.833869,moving,-56.30609,-16.47058,-9.755152,-0.4173607,-45.575470364733214,-14.27626154159405,49.2411989961022,38.40786820806356,47.17305430078866
05/18/2023 18:41:03.289603,2665,True,True,True,True,Eyes,0.3105251,0.02529339,-3.163487,-0.8140551,-0.1613481,0.5579257,0.0,0.0,0.0,0.0,0.0,0.0,0.0,1.373949,0.5205088,2.637933,0.1922013,0.01630999,-3.013329,0.09048156,-0.2662379,-0.003233327,0.9596457,9.900567,328.7142,356.8353,0.1113049,0.008468674,-0.9937499,0.0,0.0,0.0,-1.421129,-0.3646747,-2.49356,-0.3433238,-0.01263945,2.01596,0.8582138,-0.05438494,0.510403,-0.04197355,0.9836052,0.1753822,-0.5115733,-0.1719388,0.8418609,moving,-55.57459,-16.12949,-9.664912,-0.3592223,-44.90042917401468,-13.940242715350738,48.54276338851495,37.76222697408691,46.55491140085793
05/18/2023 18:41:03.299823,2666,True,True,True,True,Eyes,0.30529,0.02478807,-3.156393,-0.8068522,-0.1602051,0.5686156,0.0,0.0,0.0,0.0,0.0,0.0,0.0,1.328825,0.5278737,2.648939,0.1866764,0.0177031,-3.004354,0.09202715,-0.2581571,-0.003875175,0.961702,10.07893,329.6655,356.7995,0.1099441,0.008417573,-0.9939018,0.0,0.0,0.0,-1.425013,-0.3338664,-2.467649,-0.3369244,-0.008581549,2.016481,0.8666798,-0.05496845,0.4958272,-0.0400614,0.983032,0.1790062,-0.4972537,-0.1750046,0.8497718,moving,-54.82637,-15.73496,-9.485661,-0.2438325,-44.21083449610469,-13.553819348824288,47.91403681431921,37.188619552901486,46.01443650685835
05/18/2023 18:41:03.319729,2667,True,True,True,True,Eyes,0.3000838,0.02435288,-3.149261,-0.7993975,-0.1594904,0.5792464,0.0,0.0,0.0,0.0,0.0,0.0,0.0,1.28978,0.4895364,2.664814,0.1809935,0.01410262,-2.995239,0.08469677,-0.2510348,-0.005632559,0.9642491,9.236479,330.5643,356.8995,0.1085778,0.008357558,-0.9940526,0.0,0.0,0.0,-1.425703,-0.321036,-2.446511,-0.3338122,-0.006608099,2.016734,0.8738997,-0.05338605,0.4831659,-0.03166129,0.9855894,0.1661655,-0.4850742,-0.1605096,0.859616,moving,-54.07277,-15.39442,-9.398455,-0.1877366,-43.51519069646742,-13.21780940562216,47.191499666222306,36.520329296193765,45.370148871045835
05/18/2023 18:41:03.339866,2668,True,True,True,True,Eyes,0.2948627,0.02428525,-3.142013,-0.7916327,-0.1589891,0.5899494,0.0,0.0,0.0,0.0,0.0,0.0,0.0,1.245239,0.5125557,2.672379,0.1763324,0.01543055,-2.987242,0.08919875,-0.2430346,-0.004816697,0.9658958,9.786199,331.491,356.9367,0.1072064,0.008291652,-0.9942019,0.0,0.0,0.0,-1.423131,-0.3259722,-2.424649,-0.3306919,-0.004629627,2.016988,0.881822,-0.05266162,0.4686329,-0.03405191,0.9840407,0.1746546,-0.4703515,-0.1699721,0.8659555,moving,-53.30537,-15.08266,-9.310997,-0.1315118,-42.806136144480256,-12.90842265650148,46.46548921685311,35.849320737540886,44.714971003234716
05/18/2023 18:41:03.350126,2669,True,True,True,True,Eyes,0.2896198,0.02432878,-3.134629,-0.7838514,-0.1571938,0.6007221,0.0,0.0,0.0,0.0,0.0,0.0,0.0,1.19158,0.5308154,2.681973,0.1701273,0.0242737,-2.977427,0.09357441,-0.2335335,-0.007483323,0.9678068,10.23167,332.5639,356.6101,0.1058302,0.008232091,-0.9943498,0.0,0.0,0.0,-1.425279,-0.3075118,-2.403691,-0.3273941,-0.002538547,2.017256,0.8908122,-0.05819035,0.4506302,-0.02922071,0.9823757,0.1846191,-0.4534312,-0.1776287,0.8734118,moving,-52.53444,-14.66406,-9.218538,-0.07210187,-42.095843004382914,-12.498948999922671,45.707686532368676,35.14745672081679,44.050137541402734
05/18/2023 18:41:03.375176,2670,True,True,True,True,Eyes,0.284401,0.02426021,-3.127207,-0.7759517,-0.1549375,0.6114681,0.0,0.0,0.0,0.0,0.0,0.0,0.0,1.161321,0.438525,2.699768,0.1642678,0.02670274,-2.96682,0.07748125,-0.2279391,-0.01248942,0.9705074,8.319826,333.3144,356.5488,0.1044483,0.00818178,-0.9944963,0.0,0.0,0.0,-1.425585,-0.2920303,-2.38058,-0.324236,-0.0005360246,2.017513,0.8957756,-0.05956417,0.4404978,-0.01107986,0.9876814,0.1560859,-0.4443685,-0.1446986,0.8840808,moving,-51.76106,-14.21869,-9.12998,-0.01522268,-41.38378082389068,-12.064361569430307,44.93492478993047,34.43093689640166,43.374040508134044
05/18/2023 18:41:03.389740,2671,True,True,True,True,Eyes,0.2792167,0.02426166,-3.119759,-0.7676888,-0.1538333,0.6220846,0.0,0.0,0.0,0.0,0.0,0.0,0.0,1.132125,0.3992526,2.708635,0.1600657,0.02377547,-2.958314,0.0705014,-0.2225098,-0.01212204,0.9723025,7.568003,334.0096,356.8225,0.1030614,0.008136248,-0.9946414,0.0,0.0,0.0,-1.424653,-0.2798904,-2.356649,-0.3209552,0.001544431,2.017779,0.900685,-0.05494708,0.4309844,-0.007801919,0.9897652,0.1424919,-0.4344028,-0.1317028,0.8910379,moving,-50.98096,-13.88984,-9.037955,0.04385482,-40.66322083323776,-11.738687221715882,44.196872284890475,33.74886273621317,42.706312826145435
05/18/2023 18:41:03.399802,2672,True,True,True,True,Eyes,0.2740206,0.02438556,-3.112226,-0.7592502,-0.152892,0.6325845,0.0,0.0,0.0,0.0,0.0,0.0,0.0,1.078976,0.4712763,2.709687,0.1555284,0.02569681,-2.950228,0.08375698,-0.2131306,-0.01048415,0.9733707,9.124725,335.0387,356.742,0.1016702,0.008097255,-0.994785,0.0,0.0,0.0,-1.424958,-0.257324,-2.331481,-0.3178583,0.003508106,2.018032,0.9089309,-0.05611229,0.4131539,-0.01529242,0.9857497,0.1675221,-0.4166664,-0.1585842,0.8951202,moving,-50.19995,-13.58748,-8.951066,0.09960173,-39.94130451948188,-11.437787637103654,43.46040309901826,33.06820583131983,42.03385099067903
05/18/2023 18:41:03.424715,2673,True,True,True,True,Eyes,0.268878,0.02447245,-3.104616,-0.7507215,-0.1514062,0.6430346,0.0,0.0,0.0,0.0,0.0,0.0,0.0,1.043544,0.4718894,2.712555,0.1504332,0.02876363,-2.940435,0.08436316,-0.2068291,-0.01238324,0.9746546,9.167859,335.7633,356.5717,0.1002748,0.008068103,-0.9949268,0.0,0.0,0.0,-1.424644,-0.2358172,-2.306869,-0.3146797,0.005523488,2.01829,0.9141368,-0.05903626,0.4010844,-0.01075876,0.985459,0.1695723,-0.4052631,-0.1593275,0.9002092,moving,-49.41811,-13.24929,-8.861868,0.1568019,-39.21930251403926,-11.103330878451343,42.71454161282559,32.37845611610499,41.35788053786463
05/18/2023 18:41:03.440820,2674,True,True,True,True,Eyes,0.2638059,0.02453623,-3.096981,-0.7418289,-0.1506697,0.6534436,0.0,0.0,0.0,0.0,0.0,0.0,0.0,1.008901,0.432608,2.721753,0.1464629,0.02783796,-2.930997,0.07725538,-0.2006582,-0.01497861,0.9764954,8.32963,336.5218,356.5086,0.09887648,0.008046665,-0.9950669,0.0,0.0,0.0,-1.422733,-0.2237813,-2.282595,-0.3113826,0.00761418,2.018559,0.9190239,-0.06025695,0.3895694,-0.001750756,0.9876145,0.1568902,-0.3941981,-0.1448679,0.9075358,moving,-48.62463,-12.98422,-8.769317,0.2161237,-38.48505136816601,-10.837050602753068,41.984461984478244,31.70485027888388,40.68239405357102
05/18/2023 18:41:03.449790,2675,True,True,True,True,Eyes,0.2587752,0.02472107,-3.08926,-0.7326649,-0.1502304,0.6638018,0.0,0.0,0.0,0.0,0.0,0.0,0.0,0.9575615,0.4774243,2.723824,0.1427555,0.0275054,-2.922831,0.08522736,-0.1917127,-0.01519708,0.9776255,9.254144,337.5167,356.3756,0.09747705,0.008031451,-0.995205,0.0,0.0,0.0,-1.420937,-0.2090949,-2.258207,-0.3081363,0.009672225,2.018823,0.9260306,-0.06239244,0.3722561,-0.002964223,0.9850107,0.1724678,-0.3774369,-0.1608139,0.9119651,moving,-47.8231,-12.75225,-8.678176,0.2745033,-37.74266421823954,-10.601568832148727,41.25556176450439,31.032779772554814,40.001308860717096
05/18/2023 18:41:03.469621,2676,True,True,True,True,Eyes,0.2538121,0.02494228,-3.081427,-0.7232863,-0.1489879,0.6742843,0.0,0.0,0.0,0.0,0.0,0.0,0.0,0.9058623,0.4944091,2.727789,0.1385554,0.03066593,-2.913026,0.08883106,-0.1826573,-0.0169083,0.9790095,9.657378,338.541,356.187,0.09607777,0.008025787,-0.9953411,0.0,0.0,0.0,-1.417936,-0.1965645,-2.232548,-0.3049681,0.01168126,2.01908,0.9327008,-0.06555805,0.3546424,0.0006554975,0.9836463,0.1801097,-0.3606504,-0.1677561,0.9174907,moving,-47.0081,-12.45972,-8.589207,0.3314773,-36.98888847633528,-10.30909234683338,40.49229639959897,30.327605087880137,39.296476541381665
05/18/2023 18:41:03.489888,2677,True,True,True,True,Eyes,0.2489305,0.02510707,-3.073541,-0.7136918,-0.1475949,0.6847333,0.0,0.0,0.0,0.0,0.0,0.0,0.0,0.8611468,0.4398639,2.740432,0.1345597,0.03162199,-2.902742,0.07937539,-0.1745961,-0.02023902,0.9812269,8.551785,339.5287,356.0898,0.09467956,0.008029959,-0.9954751,0.0,0.0,0.0,-1.41369,-0.1892873,-2.206592,-0.3017375,0.01372993,2.019343,0.9382132,-0.06743541,0.3394239,0.01200087,0.9865798,0.1628379,-0.3458498,-0.1487033,0.9264315,moving,-46.18631,-12.16405,-8.498466,0.3895598,-36.22884630094499,-10.013521264290748,39.723629043416864,29.61753006692561,38.585705450445296
05/18/2023 18:41:03.509736,2678,True,True,True,True,Eyes,0.2441291,0.02529554,-3.065581,-0.7037603,-0.1465055,0.6951673,0.0,0.0,0.0,0.0,0.0,0.0,0.0,0.8151832,0.4216833,2.747469,0.1314806,0.03035701,-2.893564,0.07631603,-0.1663493,-0.02019867,0.9829017,8.238979,340.5165,356.2286,0.09328502,0.008041217,-0.9956067,0.0,0.0,0.0,-1.408597,-0.1859497,-2.180809,-0.298614,0.01571043,2.019597,0.9438398,-0.06509684,0.323927,0.01431638,0.9875358,0.1567424,-0.3300929,-0.1433022,0.9330076,moving,-45.35194,-11.90085,-8.410712,0.4456944,-35.45645930794635,-9.748055278512634,38.9498585975502,28.90302717629183,37.86328046375713
05/18/2023 18:41:03.519699,2679,True,True,True,True,Eyes,0.2394116,0.02552102,-3.057542,-0.6936073,-0.1451867,0.7055705,0.0,0.0,0.0,0.0,0.0,0.0,0.0,0.7608439,0.4298383,2.751477,0.1282586,0.03114861,-2.883895,0.07829191,-0.1567056,-0.01985899,0.984337,8.505667,341.6345,356.311,0.09189545,0.008059681,-0.9957358,0.0,0.0,0.0,-1.401965,-0.1868868,-2.153776,-0.2954386,0.01772396,2.019855,0.950098,-0.06363345,0.3053926,0.01455833,0.986952,0.1603553,-0.3116118,-0.1479072,0.9386275,moving,-44.51013,-11.62757,-8.321486,0.5027499,-34.677333430293835,-9.472983724608667,38.16755972596456,28.180595364861865,37.13310916749169
05/18/2023 18:41:03.539517,2680,True,True,True,True,Eyes,0.234787,0.02575022,-3.049434,-0.6832062,-0.1438157,0.7159234,0.0,0.0,0.0,0.0,0.0,0.0,0.0,0.713403,0.4045895,2.757469,0.1253823,0.03221264,-2.873937,0.07438051,-0.1481828,-0.02006786,0.9859547,8.089755,342.6532,356.4319,0.09051264,0.008085899,-0.9958622,0.0,0.0,0.0,-1.394673,-0.186224,-2.126011,-0.2922303,0.01975814,2.020116,0.9552783,-0.06161583,0.2892177,0.01752819,0.9881296,0.1526191,-0.2951883,-0.1407242,0.9450188,moving,-43.66044,-11.35848,-8.231317,0.5603746,-33.8907848104088,-9.201653764509311,37.38023343326083,27.45369712994754,36.39623666215794
05/18/2023 18:41:03.549934,2681,True,True,True,True,Eyes,0.2302601,0.02597892,-3.041269,-0.6725568,-0.1426241,0.726172,0.0,0.0,0.0,0.0,0.0,0.0,0.0,0.6643435,0.389295,2.761639,0.1229367,0.03248139,-2.864155,0.07213749,-0.1394245,-0.01964131,0.9874063,7.873191,343.6909,356.591,0.08913881,0.008119275,-0.9959858,0.0,0.0,0.0,-1.386488,-0.1898122,-2.098456,-0.288862,0.02189426,2.020391,0.9603501,-0.05890338,0.2725036,0.01867244,0.9888208,0.147935,-0.2781711,-0.1369811,0.950714,moving,-42.80485,-11.11176,-8.136626,0.6208699,-33.09830942357746,-8.951127862447638,36.59973168869617,26.7340378638021,35.661562313216926
05/18/2023 18:41:03.569737,2682,True,True,True,True,Eyes,0.2258472,0.02621266,-3.033043,-0.6617328,-0.1415794,0.7362507,0.0,0.0,0.0,0.0,0.0,0.0,0.0,0.6145858,0.3932404,2.762601,0.1205855,0.03271689,-2.854594,0.07327449,-0.1306097,-0.01918438,0.9885363,8.039609,344.7146,356.6959,0.08777492,0.008159163,-0.9961066,0.0,0.0,0.0,-1.377441,-0.2008635,-2.072103,-0.2858392,0.02381088,2.020637,0.9651461,-0.05706963,0.2554133,0.01878821,0.9885256,0.1498803,-0.2610362,-0.1398576,0.9551439,moving,-41.9488,-10.88498,-8.051637,0.6751336,-32.30502272112691,-8.719255989036139,35.814157618091116,26.009253635741903,34.91810203512178
05/18/2023 18:41:03.590029,2683,True,True,True,True,Eyes,0.221543,0.02643057,-3.024776,-0.6507202,-0.1407223,0.7461637,0.0,0.0,0.0,0.0,0.0,0.0,0.0,0.5690275,0.3920953,2.762537,0.1183649,0.03309379,-2.845003,0.07346396,-0.1225513,-0.01951016,0.9895471,8.083154,345.6485,356.7216,0.0864237,0.008205129,-0.9962245,0.0,0.0,0.0,-1.368665,-0.2073848,-2.045161,-0.2826793,0.02581421,2.020894,0.969201,-0.05661866,0.239674,0.02060624,0.9884448,0.1501741,-0.2454072,-0.1406101,0.9591685,moving,-41.09128,-10.68022,-7.962775,0.7318369,-31.50994369743662,-8.507961977325241,35.03901948148467,25.29511883662458,34.18097830332679
05/18/2023 18:41:03.600226,2684,True,True,True,True,Eyes,0.116358,0.03148644,-2.817151,-0.3281637,-0.1201728,0.9369456,0.0,0.0,0.0,0.0,0.0,0.0,0.0,0.523756,0.4000586,2.760692,0.1165187,0.03296518,-2.835688,0.07517681,-0.1146156,-0.01996736,0.9903601,8.298314,346.5582,356.7104,0.08508658,0.008256113,-0.9963391,0.0,0.0,0.0,-1.359545,-0.2110627,-2.017599,-0.279505,0.02782732,2.021152,0.9729291,-0.05678263,0.2240192,0.02231689,0.9878995,0.1534814,-0.2300236,-0.1443271,0.9624234,moving,-19.30272,-7.308863,-7.873491,0.7888013,-11.272785814959516,-4.8534431958850766,14.007121140688957,6.587118352538999,13.751072453608417
05/18/2023 18:41:03.620095,2685,True,True,True,True,Eyes,0.1163063,0.03146758,-2.81678,-0.3275908,-0.1204143,0.9371151,0.0,0.0,0.0,0.0,0.0,0.0,0.0,0.4785872,0.4176193,2.756665,0.1149047,0.03284626,-2.826371,0.07863635,-0.1067383,-0.0202548,0.9909657,8.715483,347.4529,356.6982,0.07909464,0.008673201,-0.9968292,-0.3155549,0.01516759,0.6228747,-1.348717,-0.2201144,-1.989646,-0.2761771,0.02993755,2.021423,0.9763934,-0.05693064,0.2083624,0.02335661,0.9868122,0.1601758,-0.2147334,-0.1515279,0.9648466,moving,-19.26828,-7.322081,-7.779873,0.8484963,-11.240442066694728,-4.865027283544849,14.097582374752216,6.6798121234872765,13.841070084751745
05/18/2023 18:41:03.639569,2686,True,True,True,True,Eyes,0.1161992,0.03141963,-2.816063,-0.3265076,-0.1208531,0.9374366,0.0,0.0,0.0,0.0,0.0,0.0,0.0,0.4349322,0.4322587,2.752042,0.1134714,0.03242902,-2.817059,0.08153927,-0.09912067,-0.02066744,0.9915137,9.067472,348.3192,356.6823,0.07416476,0.009011652,-0.9972051,-0.2966217,0.01425753,0.5855023,-1.337282,-0.2281736,-1.96109,-0.2730598,0.03191432,2.021676,0.9794959,-0.05714855,0.1931886,0.02481964,0.9858484,0.1657917,-0.1999294,-0.1575975,0.9670529,moving,-19.20314,-7.345977,-7.692164,0.9044002,-11.179288128619804,-4.885903547292298,14.162319457449613,6.75926417402883,13.905142853274755
05/18/2023 18:41:03.651620,2687,True,True,True,True,Eyes,0.1160668,0.03137429,-2.815002,-0.3249231,-0.1215169,0.9379012,0.0,0.0,0.0,0.0,0.0,0.0,0.0,0.392853,0.4475861,2.746545,0.1124069,0.03172981,-2.807941,0.08454779,-0.09179343,-0.02083904,0.9919635,9.433969,349.1534,356.6954,0.07009393,0.009285982,-0.997497,-0.2788244,0.01340208,0.5503721,-1.325958,-0.2301971,-1.931677,-0.2698502,0.03394917,2.021937,0.9822794,-0.056865,0.1785877,0.02582126,0.9848348,0.1715624,-0.1856352,-0.1639109,0.9688513,moving,-19.10795,-7.382266,-7.601843,0.9619297,-11.089896733842602,-4.917692169501098,14.21323679445845,6.83640784173157,13.955110038860974
05/18/2023 18:41:03.671577,2688,True,True,True,True,Eyes,0.1158998,0.03131805,-2.813592,-0.3228553,-0.1220359,0.9385477,0.0,0.0,0.0,0.0,0.0,0.0,0.0,0.3510268,0.461486,2.740298,0.1115351,0.03180105,-2.798566,0.08745515,-0.08452795,-0.02133462,0.9923464,9.785777,349.978,356.6766,0.06672068,0.00950878,-0.9977261,-0.2620949,0.01259796,0.5173498,-1.313556,-0.2332334,-1.901543,-0.2666878,0.03595439,2.022194,0.9847997,-0.05712748,0.1640304,0.02755786,0.9837928,0.1771783,-0.1714936,-0.1699648,0.9704133,moving,-18.98293,-7.408395,-7.512835,1.018605,-10.972905724444546,-4.939287764904266,14.23296906161975,6.889744234458694,13.974889795008563
05/18/2023 18:41:03.690002,2689,True,True,True,True,Eyes,0.1157255,0.03123965,-2.811861,-0.3203183,-0.1225623,0.939348,0.0,0.0,0.0,0.0,0.0,0.0,0.0,0.3095838,0.460568,2.735403,0.1107955,0.03148475,-2.78875,0.08764268,-0.07728092,-0.02217795,0.9929022,9.823483,350.8109,356.6495,0.06391503,0.009689637,-0.9979081,-0.2463692,0.01184208,0.4863088,-1.299802,-0.2377214,-1.87055,-0.2634706,0.03799444,2.022456,0.9870716,-0.05758727,0.1495773,0.03049484,0.9836538,0.1774691,-0.1573523,-0.1706133,0.9726928,moving,-18.82941,-7.433724,-7.422272,1.076249,-10.82937470684971,-4.9594820790034175,14.231740505355381,6.930973850265948,13.974163849254875
05/18/2023 18:41:03.699922,2690,True,True,True,True,Eyes,0.1155756,0.03116049,-2.809805,-0.3160625,-0.1213628,0.940944,0.0,0.0,0.0,0.0,0.0,0.0,0.0,0.2680968,0.4594232,2.730296,0.1103129,0.0308787,-2.77927,0.08775733,-0.06999136,-0.02263825,0.9934221,9.857084,351.6524,356.668,0.06157295,0.009835815,-0.9980539,-0.2315871,0.01113155,0.4571303,-1.285634,-0.2382007,-1.838797,-0.2601627,0.04009204,2.022725,0.9891775,-0.05726318,0.1350886,0.03269416,0.9835723,0.1775291,-0.1430353,-0.1711912,0.9747997,moving,-18.56717,-7.349427,-7.329139,1.1355,-10.58664599073028,-4.874573567295418,14.08145329688275,6.836105329715139,13.831618386990163
05/18/2023 18:41:03.719745,2691,True,True,True,True,Eyes,0.1154335,0.03106351,-2.807437,-0.3114241,-0.1201277,0.9426476,0.0,0.0,0.0,0.0,0.0,0.0,0.0,0.2246395,0.4563431,2.724687,0.1100321,0.03031764,-2.769406,0.0875629,-0.06232772,-0.0229803,0.9939415,9.85761,352.5396,356.7068,0.05952641,0.009960406,-0.9981769,-0.2176918,0.01046366,0.4297024,-1.271076,-0.2360386,-1.806446,-0.2570927,0.04203849,2.022975,0.9911743,-0.05659733,0.1198758,0.03476695,0.9836093,0.1769294,-0.1279247,-0.1712002,0.976896,moving,-18.2821,-7.262427,-7.242692,1.190465,-10.322696909613096,-4.786612301316404,13.903953112483084,6.723978235327102,13.662158080529824
05/18/2023 18:41:03.739856,2692,True,True,True,True,Eyes,0.115288,0.0309313,-2.804765,-0.3063904,-0.1188801,0.9444535,0.0,0.0,0.0,0.0,0.0,0.0,0.0,0.1842893,0.4465802,2.719286,0.1099483,0.0297666,-2.759518,0.0861553,-0.05514399,-0.02280632,0.994493,9.720756,353.3811,356.8091,0.05768274,0.01006998,-0.9982839,-0.2046303,0.009835841,0.4039203,-1.255708,-0.2358141,-1.774269,-0.2539619,0.04402359,2.02323,0.992878,-0.05486335,0.1057509,0.03585956,0.9841142,0.173877,-0.1136104,-0.1688464,0.9790727,moving,-17.9736,-7.174194,-7.154521,1.246506,-10.036940189945524,-4.696960518265095,13.709874503373145,6.605538179460051,13.47632777877099
05/18/2023 18:41:03.749929,2693,True,True,True,True,Eyes,0.1151725,0.03074885,-2.80181,-0.3010226,-0.1176848,0.9463275,0.0,0.0,0.0,0.0,0.0,0.0,0.0,0.144221,0.4368442,2.713154,0.110146,0.02875269,-2.749524,0.08466418,-0.04802508,-0.02267146,0.9949933,9.572935,354.2141,356.9045,0.05602217,0.01016491,-0.9983776,-0.1923525,0.009245691,0.3796851,-1.239842,-0.237498,-1.742705,-0.250757,0.04605599,2.02349,0.9943592,-0.05324791,0.09173033,0.0369839,0.9846359,0.1706582,-0.09940819,-0.166303,0.9810511,moving,-17.64564,-7.088877,-7.064252,1.303865,-9.732995316539451,-4.609592717322973,13.505698437515479,6.487771039743975,13.28034779059274
05/18/2023 18:41:03.770142,2694,True,True,True,True,Eyes,0.1150892,0.03051882,-2.798588,-0.2952665,-0.1167067,0.9482601,0.0,0.0,0.0,0.0,0.0,0.0,0.0,0.105045,0.4340887,2.705556,0.1106245,0.02733246,-2.739802,0.08436421,-0.04109735,-0.02243767,0.9953342,9.560963,355.0203,357.0005,0.05452751,0.01024499,-0.9984595,-0.1808113,0.00869095,0.356904,-1.223747,-0.2427625,-1.712165,-0.2475673,0.04807842,2.02375,0.9956151,-0.05160025,0.07802533,0.03773167,0.9847584,0.1697854,-0.08559708,-0.1660969,0.9823874,moving,-17.29539,-7.016366,-6.974396,1.360925,-9.408035572540772,-4.533701507951729,13.292927504756694,6.377242604549684,13.075308858991006
05/18/2023 18:41:03.789876,2695,True,True,True,True,Eyes,0.1150477,0.03025172,-2.795112,-0.2892395,-0.1158438,0.9502214,0.0,0.0,0.0,0.0,0.0,0.0,0.0,0.06608801,0.4366664,2.696575,0.1112321,0.02599084,-2.730113,0.08506203,-0.03422948,-0.02246154,0.9955342,9.661479,355.8131,357.061,0.05318401,0.01031009,-0.9985312,-0.1699627,0.008169493,0.3354897,-1.207578,-0.2483514,-1.682406,-0.2443797,0.05009975,2.024009,0.9966477,-0.05054572,0.06433199,0.03889921,0.9845198,0.170902,-0.07197448,-0.1678267,0.9831856,moving,-16.92981,-6.950769,-6.884591,1.417937,-9.06865914045166,-4.46393110131376,13.074466141009237,6.274274938460085,12.864343231420378
05/18/2023 18:41:03.800525,2696,True,True,True,True,Eyes,0.1155794,0.02249663,-2.701775,-0.1281675,-0.09365383,0.9873206,0.0,0.0,0.0,0.0,0.0,0.0,0.0,0.02929794,0.4392486,2.687148,0.1120803,0.02487462,-2.720548,0.08580288,-0.02777523,-0.02276865,0.9956646,9.764387,356.5552,357.0857,0.05197827,0.01036048,-0.9985943,-0.1597649,0.007679323,0.3153603,-1.191436,-0.2515751,-1.652646,-0.2410704,0.05219804,2.024278,0.9974203,-0.05010626,0.0514024,0.04057349,0.9842389,0.1721266,-0.05921686,-0.169597,0.9837328,moving,-7.3964,-5.418667,-6.791344,1.477102,-0.2151465433998831,-2.8115793453312428,6.922262842777425,7.851061117453235,6.867230955884369
05/18/2023 18:41:03.819497,2697,True,True,True,True,Eyes,0.1156318,0.02243759,-2.701385,-0.1277286,-0.09365783,0.9873772,0.0,0.0,0.0,0.0,0.0,0.0,0.0,-0.004918285,0.438539,2.677381,0.1130823,0.02355354,-2.710603,0.08590899,-0.0217698,-0.02309922,0.9957973,9.79306,357.2473,357.1065,0.05073917,0.01012782,-0.9986604,-0.1485838,-0.01604673,0.5764499,-1.174517,-0.2529847,-1.622128,-0.2376586,0.05436125,2.024555,0.997985,-0.04974472,0.03938776,0.04226384,0.9841721,0.1721016,-0.04732548,-0.1700901,0.9842914,moving,-7.370937,-5.418589,-6.695199,1.538077,-0.1914224547470775,-2.8109234083255563,6.989407963497338,7.823868218611424,6.9345918577244845
05/18/2023 18:41:03.839623,2698,True,True,True,True,Eyes,0.1157345,0.02232134,-2.700615,-0.126837,-0.09366499,0.9874914,0.0,0.0,0.0,0.0,0.0,0.0,0.0,-0.03653971,0.4369479,2.667536,0.1142955,0.0220775,-2.700825,0.08581425,-0.01623704,-0.02345081,0.9959028,9.79734,357.8851,357.1209,0.04976229,0.009928648,-0.9987116,-0.1396688,-0.01508392,0.5418629,-1.157235,-0.2539011,-1.591914,-0.2345501,0.0563326,2.024809,0.9983728,-0.0494962,0.0283162,0.04392272,0.984172,0.1716868,-0.03636585,-0.1701638,0.9847445,moving,-7.319202,-5.418377,-6.607588,1.593626,-0.1432215526490985,-2.8095405958015918,7.048019619510505,7.821503029214979,6.9937456039741575
05/18/2023 18:41:03.850241,2699,True,True,True,True,Eyes,0.1159002,0.02215065,-2.699477,-0.1255855,-0.09364262,0.9876534,0.0,0.0,0.0,0.0,0.0,0.0,0.0,-0.06637356,0.4343517,2.657398,0.1156774,0.02058692,-2.690916,0.0855453,-0.0110574,-0.02424775,0.9959779,9.780042,358.478,357.0805,0.04899611,0.009755134,-0.9987511,-0.1312887,-0.01417889,0.5093511,-1.1393,-0.2491303,-1.560296,-0.2313581,0.05835664,2.025069,0.9985796,-0.05019225,0.01787728,0.04640862,0.9841881,0.1709387,-0.0261744,-0.1698662,0.9851195,moving,-7.246582,-5.416208,-6.517614,1.650643,-0.0755982547982041,-2.8058478389406023,7.104349189139354,7.833254589185096,7.050875997313799
05/18/2023 18:41:03.869828,2700,True,True,True,True,Eyes,0.1161329,0.0219495,-2.697981,-0.1239122,-0.09350266,0.987878,0.0,0.0,0.0,0.0,0.0,0.0,0.0,-0.09508651,0.4306359,2.647062,0.1172653,0.01910508,-2.680916,0.08507402,-0.00607823,-0.02501321,0.9960421,9.739596,359.0486,357.0419,0.04838637,0.009599524,-0.9987823,-0.1234113,-0.01332815,0.4787901,-1.120553,-0.2464768,-1.529361,-0.2283425,0.06026879,2.025313,0.9986748,-0.05086262,0.007852397,0.04879422,0.9842735,0.1697787,-0.0163643,-0.1691706,0.9854509,moving,-7.149423,-5.406939,-6.432607,1.704491,0.0147534076541742,-2.7949474529057774,7.14746541249106,7.862149999693069,7.095130977129116
05/18/2023 18:41:03.889890,2701,True,True,True,True,Eyes,0.1164419,0.02170151,-2.69613,-0.1219541,-0.09318247,0.9881519,0.0,0.0,0.0,0.0,0.0,0.0,0.0,-0.1216787,0.4239738,2.636883,0.1190598,0.01815616,-2.670807,0.08414026,-0.001469584,-0.02564912,0.9961227,9.645556,359.579,357.0145,0.04784897,0.00945259,-0.9988095,-0.1160067,-0.01252847,0.4500627,-1.099527,-0.2465673,-1.497451,-0.2251499,0.06229287,2.025573,0.9986799,-0.05134664,-0.001388474,0.05085203,0.984525,0.1677034,-0.007244019,-0.1675526,0.9858365,moving,-7.035656,-5.387047,-6.342602,1.761474,0.1203759738948013,-2.773723347505212,7.182038452581342,7.895448009572837,7.131099543389344
05/18/2023 18:41:03.899811,2702,True,True,True,True,Eyes,0.1168239,0.02141198,-2.693952,-0.1195628,-0.09272086,0.9884875,0.0,0.0,0.0,0.0,0.0,0.0,0.0,-0.1467876,0.4097733,2.62744,0.1211147,0.01674314,-2.660442,0.08168216,0.002900164,-0.0260605,0.9963135,9.376031,0.08836111,357.0106,0.04737951,0.009311688,-0.9988332,-0.1090463,-0.01177676,0.4230589,-1.078288,-0.2453805,-1.466274,-0.2219625,0.06431425,2.025833,0.9986249,-0.05145508,-0.0100363,0.05240265,0.9852978,0.1626109,0.001521589,-0.1629132,0.9866392,moving,-6.896727,-5.358707,-6.25273,1.818362,0.2492815238597501,-2.7440155739118097,7.205903938214136,7.943012210952366,7.156676746199094
05/18/2023 18:41:03.920146,2703,True,True,True,True,Eyes,0.1172944,0.02109612,-2.691448,-0.1169388,-0.09216242,0.9888536,0.0,0.0,0.0,0.0,0.0,0.0,0.0,-0.1702103,0.4004126,2.617395,0.1233999,0.01541801,-2.650394,0.08010824,0.006949919,-0.02605808,0.9964212,9.207206,0.5615902,357.0491,0.04697387,0.009174565,-0.9988528,-0.1025035,-0.01107015,0.3976754,-1.055562,-0.2489775,-1.43546,-0.218689,0.0663898,2.026099,0.9985453,-0.05081616,-0.01802503,0.05304314,0.9858072,0.1592809,0.00967516,-0.1600053,0.9870688,moving,-6.744301,-5.324658,-6.160427,1.876757,0.3906535631681302,-2.7086549825909145,7.225045802629975,7.996415421625343,7.177683345621169
05/18/2023 18:41:03.939604,2704,True,True,True,True,Eyes,0.1178459,0.02075407,-2.68863,-0.1138684,-0.09140146,0.9892824,0.0,0.0,0.0,0.0,0.0,0.0,0.0,-0.194064,0.3906172,2.606873,0.1259239,0.0144448,-2.640069,0.07854392,0.01104298,-0.02647612,0.9964979,9.039913,1.035622,357.038,0.04663026,0.009040161,-0.9988697,-0.09635328,-0.01040594,0.3738149,-1.032267,-0.2531044,-1.40543,-0.2155275,0.06839466,2.026356,0.9983541,-0.05103207,-0.02616768,0.0545015,0.9862597,0.155953,0.01784953,-0.1571225,0.9874178,moving,-6.565965,-5.278667,-6.071276,1.933144,0.5559384886431644,-2.661523088994169,7.228757507790811,8.064176184655691,7.18356379610475
05/18/2023 18:41:03.950175,2705,True,True,True,True,Eyes,0.1184893,0.02039293,-2.685518,-0.1105783,-0.09050813,0.9897377,0.0,0.0,0.0,0.0,0.0,0.0,0.0,-0.2172578,0.3733559,2.597201,0.1285881,0.01341933,-2.629703,0.07555915,0.01502377,-0.02735239,0.996653,8.710059,1.496431,356.9699,0.04634602,0.008907301,-0.9988837,-0.09057208,-0.009781586,0.351386,-1.007827,-0.2560085,-1.374796,-0.2122274,0.07048716,2.026624,0.9980522,-0.05225132,-0.0340804,0.05679205,0.9870853,0.1497906,0.02581351,-0.1514343,0.9881302,moving,-6.374927,-5.224971,-5.978205,1.991977,0.7329108399558679,-2.606888249640707,7.227843854150974,8.135639950345604,7.184931009502237
05/18/2023 18:41:03.969714,2706,True,True,True,True,Eyes,0.1191989,0.02003499,-2.682124,-0.1068063,-0.08960007,0.9902345,0.0,0.0,0.0,0.0,0.0,0.0,0.0,-0.2419759,0.3602596,2.58668,0.1313616,0.01256947,-2.619511,0.07342783,0.01926634,-0.02860431,0.9967041,8.480559,1.981861,356.8592,0.04611916,0.008775178,-0.9988953,-0.08513775,-0.009194691,0.3303028,-0.987262,-0.228671,-1.341923,-0.2091517,0.07243732,2.026874,0.9976212,-0.0541907,-0.04260638,0.05984944,0.9875803,0.1452694,0.03420497,-0.1474738,0.9884744,moving,-6.156101,-5.170254,-5.891459,2.04679,0.9357555396994686,-2.550661564873698,7.221894452711144,8.230882046442133,7.181456360333913
05/18/2023 18:41:03.990176,2707,True,True,True,True,Eyes,0.1199997,0.01975961,-2.678465,-0.1028573,-0.08878424,0.9907259,0.0,0.0,0.0,0.0,0.0,0.0,0.0,-0.2662291,0.3491264,2.575738,0.1341663,0.01225191,-2.609414,0.07176276,0.02345216,-0.02975657,0.996702,8.305307,2.460407,356.7585,0.04594693,0.008643885,-0.9989043,-0.08002949,-0.00864301,0.3104846,-0.9611924,-0.2449415,-1.315272,-0.2058428,0.0745354,2.027144,0.9971291,-0.05595089,-0.05102045,0.06268285,0.9879293,0.1416565,0.04247879,-0.1444479,0.9886003,moving,-5.927222,-5.120902,-5.798127,2.105742,1.1480702630264386,-2.4992265696700144,7.227796968770014,8.333990157453071,7.189803728564998
05/18/2023 18:41:03.999834,2708,True,True,True,True,Eyes,0.1208658,0.01955248,-2.674534,-0.09851067,-0.08788129,0.991248,0.0,0.0,0.0,0.0,0.0,0.0,0.0,-0.2902136,0.3476675,2.563299,0.1370822,0.01399037,-2.599349,0.07234967,0.02757464,-0.03069189,0.9965256,8.388775,2.926961,356.6865,0.04582779,0.008516459,-0.9989109,-0.07522772,-0.008124429,0.2918556,-0.9319903,-0.2488942,-1.283908,-0.2027331,0.07650717,2.027397,0.9965953,-0.05718047,-0.05939876,0.06516054,0.9876471,0.1425039,0.05051657,-0.1458892,0.9880103,moving,-5.675445,-5.066438,-5.71041,2.161126,1.381622476261673,-2.442482352546798,7.227648575112171,8.455183883747823,7.192226381615425
05/18/2023 18:41:04.019931,2709,True,True,True,True,Eyes,0.1218279,0.01936202,-2.670359,-0.09409341,-0.0867189,0.9917793,0.0,0.0,0.0,0.0,0.0,0.0,0.0,-0.3112299,0.3286238,2.552995,0.1401296,0.01535,-2.588971,0.06933695,0.03131278,-0.03037611,0.996639,8.05422,3.369933,356.7458,0.04575942,0.008395109,-0.9989151,-0.07071405,-0.007636963,0.2743442,-0.9163883,-0.177257,-1.249859,-0.1995591,0.07851976,2.027655,0.9961936,-0.05620578,-0.06662745,0.06489031,0.9885393,0.1363055,0.0582027,-0.1401101,0.9884238,moving,-5.41962,-4.997102,-5.620873,2.217638,1.6186610486512,-2.371724735682826,7.217546400100868,8.571645324046846,7.1846750695913935
05/18/2023 18:41:04.039567,2710,True,True,True,True,Eyes,0.1228465,0.01924993,-2.665972,-0.08932503,-0.08581486,0.9922988,0.0,0.0,0.0,0.0,0.0,0.0,0.0,-0.3280239,0.3072802,2.543552,0.1433458,0.01547351,-2.578932,0.06551091,0.03426467,-0.02937767,0.9968306,7.621007,3.729007,356.8723,0.04574085,0.008279898,-0.998917,-0.0664712,-0.007178745,0.2578836,-0.8983396,-0.1527844,-1.224506,-0.1963442,0.08055837,2.027916,0.9959258,-0.05407969,-0.07216126,0.06305852,0.9896906,0.1285933,0.06446303,-0.1326198,0.9890684,moving,-5.143804,-4.942691,-5.530179,2.274862,1.8746130284336375,-2.314479802009457,7.227887447133775,8.711659036029001,7.197527718446583
05/18/2023 18:41:04.050368,2711,True,True,True,True,Eyes,0.1239508,0.01923947,-2.661356,-0.08442405,-0.08489661,0.9928067,0.0,0.0,0.0,0.0,0.0,0.0,0.0,-0.3485793,0.3100918,2.531148,0.146401,0.01725431,-2.569561,0.06682667,0.0378064,-0.02955062,0.9966101,7.783755,4.132946,356.8845,0.0457697,0.008173184,-0.9989167,-0.06248293,-0.006748021,0.2424106,-0.8662676,-0.2036307,-1.200664,-0.1930346,0.08265686,2.028186,0.9953949,-0.05384793,-0.07930601,0.06395383,0.9893219,0.1309658,0.07140693,-0.1354347,0.9882098,moving,-4.860496,-4.88757,-5.436805,2.333746,2.137532180506165,-2.256398767852644,7.24427614295155,8.85663664795181,7.216345341356275
05/18/2023 18:41:04.070055,2712,True,True,True,True,Eyes,0.125131,0.01931798,-2.656541,-0.07922219,-0.08387823,0.9933218,0.0,0.0,0.0,0.0,0.0,0.0,0.0,-0.371275,0.3010164,2.518911,0.1494914,0.01967265,-2.559421,0.06606892,0.04181997,-0.03065437,0.996467,7.714381,4.589602,356.7855,0.045845,0.008077984,-0.9989141,-0.05873396,-0.006343139,0.2278659,-0.8460897,-0.1997761,-1.176204,-0.1898604,0.08466959,2.028444,0.9946228,-0.05556613,-0.08739503,0.06661813,0.9893904,0.1291071,0.07929383,-0.1342349,0.987772,moving,-4.559962,-4.826729,-5.347251,2.390204,2.416392170320691,-2.1925692513207435,7.25974833558368,9.015318405308157,7.234227821064595
05/18/2023 18:41:04.090025,2713,True,True,True,True,Eyes,0.126394,0.01947787,-2.651536,-0.07391006,-0.08287926,0.9938151,0.0,0.0,0.0,0.0,0.0,0.0,0.0,-0.3894487,0.2809663,2.508969,0.152665,0.0218353,-2.549854,0.06289964,0.04509028,-0.03033398,0.9965392,7.359781,4.977661,356.8333,0.04596546,0.007996546,-0.9989093,-0.05520992,-0.005962551,0.214194,-0.824964,-0.1691951,-1.149002,-0.1866812,0.08668558,2.028702,0.9940934,-0.05478567,-0.09368445,0.06613033,0.990247,0.1226284,0.08605246,-0.1280994,0.988021,moving,-4.25326,-4.767154,-5.257551,2.446736,2.701023597590409,-2.1297835520241586,7.283461357402879,9.180601332999423,7.260215294788929
05/18/2023 18:41:04.109648,2714,True,True,True,True,Eyes,0.1277231,0.01967938,-2.646338,-0.06827065,-0.08177199,0.9943101,0.0,0.0,0.0,0.0,0.0,0.0,0.0,-0.4113226,0.275092,2.496607,0.1558445,0.02394245,-2.540285,0.06250788,0.04905361,-0.0297787,0.9963934,7.324364,5.440048,356.9247,0.0461302,0.007930626,-0.9989023,-0.05189732,-0.005604798,0.2013423,-0.7932281,-0.1999511,-1.125493,-0.183488,0.08871026,2.028962,0.9934139,-0.05321012,-0.1014762,0.06547508,0.9904119,0.1216434,0.09403059,-0.1274864,0.9873731,moving,-3.92784,-4.701421,-5.167454,2.503491,3.002977652706824,-2.0608052300913657,7.310772859058063,9.358886336930256,7.289747165929895
05/18/2023 18:41:04.125038,2715,True,True,True,True,Eyes,0.1291346,0.01989445,-2.640975,-0.06258464,-0.08045427,0.9947916,0.0,0.0,0.0,0.0,0.0,0.0,0.0,-0.42947,0.2546142,2.485991,0.1590668,0.02507571,-2.530513,0.05888173,0.05241697,-0.02833049,0.9964853,6.910545,5.846819,357.0963,0.04633784,0.007880324,-0.998893,-0.04878348,-0.00526851,0.1892618,-0.7614082,-0.2086909,-1.098845,-0.1803198,0.09071922,2.02922,0.9928997,-0.05028902,-0.1078018,0.06263462,0.9914606,0.1143795,0.1011292,-0.1203195,0.9875708,moving,-3.599865,-4.623762,-5.078059,2.559787,3.3070834804369413,-1.9806052500639515,7.334059840022919,9.535500836435858,7.315090792474163
05/18/2023 18:41:04.140064,2716,True,True,True,True,Eyes,0.1305773,0.02018765,-2.635447,-0.05696041,-0.07924815,0.9952262,0.0,0.0,0.0,0.0,0.0,0.0,0.0,-0.4475202,0.2368536,2.475277,0.1623968,0.02555954,-2.521179,0.05562859,0.05572706,-0.02695946,0.9965307,6.538794,6.244739,357.2578,0.04658774,0.007844671,-0.9988815,-0.04585647,-0.0049524,0.1779061,-0.7324524,-0.1667527,-1.067614,-0.1771783,0.09271103,2.029475,0.9923354,-0.04753181,-0.1140669,0.05993188,0.9923573,0.1078664,0.108068,-0.1138759,0.9875999,moving,-3.275672,-4.552758,-4.989414,2.615582,3.60779309251588,-1.90672117174101,7.370346667434578,9.714072048772552,7.353202302669277
05/18/2023 18:41:04.150123,2717,True,True,True,True,Eyes,0.1320866,0.02054175,-2.629745,-0.05121989,-0.07773647,0.9956573,0.0,0.0,0.0,0.0,0.0,0.0,0.0,-0.4700785,0.2302317,2.462433,0.1654475,0.02770829,-2.511855,0.05523415,0.05987522,-0.0279595,0.9962844,6.511693,6.717348,357.1675,0.04687741,0.007825247,-0.9988679,-0.04310508,-0.004655255,0.1672317,-0.7013785,-0.1556277,-1.041316,-0.1739851,0.09473583,2.029735,0.9912664,-0.04909691,-0.1223941,0.06232553,0.9923349,0.1067097,0.1162168,-0.113406,0.9867283,moving,-2.944888,-4.464342,-4.899312,2.672283,3.914309797988034,-1.8163879449587563,7.399404676215581,9.890808665123735,7.3839424749584035
05/18/2023 18:41:04.169890,2718,True,True,True,True,Eyes,0.1336406,0.02087009,-2.623911,-0.04543802,-0.07605416,0.9960678,0.0,0.0,0.0,0.0,0.0,0.0,0.0,-0.4917769,0.2025952,2.450742,0.1684804,0.02944075,-2.501955,0.05063879,0.06399021,-0.02974527,0.9962211,6.009977,7.190701,356.9575,0.04720598,0.007822846,-0.9988521,-0.04051878,-0.00437594,0.1571978,-0.6651448,-0.1627199,-1.015114,-0.1707627,0.0967793,2.029997,0.990041,-0.05278495,-0.1305093,0.06574649,0.9931018,0.09708802,0.1244842,-0.1047017,0.9866819,moving,-2.611874,-4.366313,-4.808381,2.729487,4.222719844517798,-1.717005551785081,7.427989003831993,10.066383584829772,7.414030059137171
05/18/2023 18:41:04.191708,2719,True,True,True,True,Eyes,0.1352584,0.02119858,-2.617961,-0.03952594,-0.07460938,0.9964293,0.0,0.0,0.0,0.0,0.0,0.0,0.0,-0.5114406,0.1777073,2.439769,0.1715319,0.02906772,-2.493061,0.04594722,0.06773293,-0.03025524,0.9961857,5.488299,7.630125,356.8871,0.04757181,0.007834887,-0.9988343,-0.03808765,-0.004113384,0.1477659,-0.6322072,-0.1455009,-0.9886596,-0.1675035,0.09884597,2.030262,0.9889937,-0.05405539,-0.1377294,0.06650395,0.9939469,0.08744536,0.1321688,-0.09564246,0.9866022,moving,-2.271594,-4.28213,-4.716413,2.787319,4.538165853143965,-1.6304171731609962,7.480257288781049,10.25493162555044,7.467610578853545
05/18/2023 18:41:04.209893,2720,True,True,True,True,Eyes,0.136904,0.02156503,-2.611909,-0.03349732,-0.0733311,0.9967449,0.0,0.0,0.0,0.0,0.0,0.0,0.0,-0.5358538,0.1846399,2.425276,0.1745979,0.02943677,-2.48432,0.04791668,0.07228596,-0.03108624,0.9957471,5.734564,8.14548,356.8324,0.04797414,0.007860029,-0.9988144,-0.03580239,-0.003866581,0.1389,-0.5978312,-0.136254,-0.9635733,-0.1643351,0.100855,2.03052,0.9876168,-0.05498067,-0.1469362,0.06883547,0.9934753,0.0909316,0.140978,-0.09992,0.9849575,moving,-1.924799,-4.207703,-4.627008,2.843518,4.859869568566337,-1.5528116142080064,7.551268176308003,10.456029843001092,7.539742470767328
05/18/2023 18:41:04.219585,2721,True,True,True,True,Eyes,0.1799937,0.03145867,-2.457723,0.1206687,-0.03368089,0.9921213,0.0,0.0,0.0,0.0,0.0,0.0,0.0,-0.5569417,0.1804113,2.412451,0.1775063,0.03071446,-2.475924,0.04777291,0.07629094,-0.03182066,0.995432,5.737134,8.603393,356.7701,0.04841089,0.007898509,-0.9987925,-0.03365425,-0.003634586,0.130566,-0.5631213,-0.1404118,-0.9406483,-0.1611494,0.102875,2.030779,0.9863343,-0.05606132,-0.1549252,0.07063988,0.9934104,0.09025411,0.1488446,-0.09996462,0.9837949,moving,6.934652,-1.944351,-4.537111,2.900005,13.071374668787293,0.7685875369990478,12.452675671633987,17.73701519279591,12.440139363097673
05/18/2023 18:41:04.240032,2722,True,True,True,True,Eyes,0.1801118,0.03148207,-2.457381,0.1211965,-0.03356131,0.992061,0.0,0.0,0.0,0.0,0.0,0.0,0.0,-0.5797588,0.1572836,2.399806,0.1810175,0.03174069,-2.467012,0.04358359,0.08073109,-0.03152128,0.9952835,5.269791,9.127007,356.7929,0.05126005,0.008478059,-0.9986458,0.0976343,0.02626439,0.5852894,-0.5309045,-0.1398066,-0.9189592,-0.1578607,0.1049603,2.031047,0.9849778,-0.05570813,-0.1634483,0.06978233,0.9942138,0.08166657,0.157953,-0.09184556,0.9831659,moving,6.965103,-1.937571,-4.44431,2.958297,13.099617782157056,0.775630978445077,12.415483417007692,17.67918077816935,12.402779633826032
05/18/2023 18:41:04.250045,2723,True,True,True,True,Eyes,0.1803619,0.03153881,-2.456712,0.1221304,-0.03328058,0.9919559,0.0,0.0,0.0,0.0,0.0,0.0,0.0,-0.6063061,0.1460587,2.38553,0.1843516,0.03236897,-2.45859,0.04167755,0.08594351,-0.03081513,0.9949508,5.061842,9.736079,356.8835,0.05366229,0.008960438,-0.9985157,0.09177624,0.02468853,0.550172,-0.4989479,-0.1458066,-0.8989908,-0.1547968,0.106903,2.031296,0.9833283,-0.05415525,-0.1735877,0.06848291,0.9946268,0.0776375,0.1684505,-0.08823093,0.9817533,moving,7.01898,-1.921579,-4.357856,3.012582,13.149511668329492,0.7918334772839626,12.400739580557968,17.647652724235435,12.38788917146077
05/18/2023 18:41:04.269913,2724,True,True,True,True,Eyes,0.1807342,0.03164428,-2.45573,0.1235204,-0.0329161,0.991796,0.0,0.0,0.0,0.0,0.0,0.0,0.0,-0.6330154,0.1332007,2.370802,0.1876716,0.03319159,-2.450067,0.03947609,0.09125081,-0.03024006,0.9945856,4.821028,10.35589,356.9541,0.05570303,0.009365165,-0.9984005,0.08626967,0.02320721,0.5171617,-0.4668503,-0.158887,-0.8803847,-0.1516359,0.1089073,2.031553,0.9815177,-0.0529482,-0.183901,0.0673571,0.9950544,0.07300584,0.179126,-0.08404355,0.9802299,moving,7.099185,-1.900856,-4.268664,3.06857,13.223846317990244,0.8130670915187541,12.406578321853168,17.63732436043411,12.39357087565471
05/18/2023 18:41:04.290278,2725,True,True,True,True,Eyes,0.1812422,0.03176741,-2.454448,0.12528,-0.0323897,0.9915926,0.0,0.0,0.0,0.0,0.0,0.0,0.0,-0.6587105,0.1169372,2.356248,0.1912017,0.03437203,-2.441668,0.0366412,0.09636352,-0.02984565,0.9942237,4.508739,10.95364,356.9936,0.0574724,0.009713717,-0.9982972,0.08109349,0.02181478,0.486132,-0.4352632,-0.1698602,-0.8624245,-0.1483097,0.1110164,2.031824,0.9796466,-0.05228475,-0.193801,0.06640825,0.9955333,0.06710704,0.1894266,-0.07861115,0.978743,moving,7.200723,-1.870863,-4.17481,3.127462,13.317880438734427,0.8434661380477242,12.425216450417032,17.641169345675642,12.412056742994949
05/18/2023 18:41:04.300213,2726,True,True,True,True,Eyes,0.1819044,0.03191171,-2.452898,0.1274683,-0.03188121,0.9913301,0.0,0.0,0.0,0.0,0.0,0.0,0.0,-0.6851692,0.1036424,2.34082,0.1948648,0.03487983,-2.433197,0.03429423,0.1016383,-0.0296117,0.9937891,4.254213,11.56828,357.0177,0.05908945,0.01003313,-0.9981999,0.07622788,0.02050589,0.456964,-0.404357,-0.181722,-0.8456438,-0.1450266,0.1130982,2.032091,0.9775856,-0.05188436,-0.2040451,0.0658268,0.9958941,0.06214309,0.1999831,-0.07418182,0.9769871,moving,7.327064,-1.841999,-4.082173,3.185572,13.43504684745293,0.873376216607328,12.467845005541657,17.669160719308028,12.454496686272265
05/18/2023 18:41:04.320082,2727,True,True,True,True,Eyes,0.1826964,0.0320953,-2.451087,0.1300412,-0.03145868,0.9910094,0.0,0.0,0.0,0.0,0.0,0.0,0.0,-0.7131952,0.09913163,2.32445,0.1985091,0.03556298,-2.425051,0.03389005,0.1072314,-0.02981326,0.993209,4.227314,12.21386,357.0138,0.06057626,0.01032726,-0.998108,0.07165421,0.01927554,0.4295462,-0.3736546,-0.1923511,-0.8292676,-0.1419848,0.1150269,2.032338,0.9752252,-0.05195344,-0.2150272,0.06648975,0.9959253,0.06092596,0.2109857,-0.07371363,0.9747058,moving,7.475692,-1.818191,-3.996348,3.239389,13.573076587915352,0.899063914547058,12.537416688377235,17.724610062171887,12.52383446181169
05/18/2023 18:41:04.339852,2728,True,True,True,True,Eyes,0.1836365,0.03229855,-2.449036,0.1330161,-0.03086355,0.9906332,0.0,0.0,0.0,0.0,0.0,0.0,0.0,-0.7428829,0.09867904,2.307065,0.2023066,0.03670321,-2.416999,0.03450363,0.1131763,-0.03028882,0.9925136,4.321137,12.89719,356.9927,0.06195091,0.01060018,-0.9980209,0.06735495,0.01811901,0.4037734,-0.342343,-0.1921042,-0.8116015,-0.1386676,0.1171302,2.032608,0.9725475,-0.05231414,-0.2267482,0.06793412,0.9957842,0.0616347,0.2225679,-0.0753466,0.9720013,moving,7.647583,-1.784495,-3.902759,3.298055,13.73259224886716,0.9345396987005254,12.619140811460342,17.793027236825026,12.605315898905623
05/18/2023 18:41:04.350184,2729,True,True,True,True,Eyes,0.1847009,0.03251676,-2.446758,0.1363721,-0.03037098,0.9901921,0.0,0.0,0.0,0.0,0.0,0.0,0.0,-0.772768,0.09585515,2.289307,0.2060801,0.03740834,-2.409028,0.0344811,0.1192462,-0.03047801,0.9917977,4.339452,13.598,356.9973,0.0632329,0.01085525,-0.9979379,0.06331366,0.01703187,0.379547,-0.3104786,-0.1921236,-0.7947477,-0.1353813,0.1192141,2.032876,0.9697029,-0.05223256,-0.238638,0.06867952,0.9957643,0.06112779,0.2344343,-0.07566532,0.9691828,moving,7.841607,-1.756814,-3.810043,3.356158,13.91284615524383,0.9648919180996588,12.724127883485139,17.883482700064505,12.710004406914143
05/18/2023 18:41:04.369910,2730,True,True,True,True,Eyes,0.1858834,0.03274036,-2.444254,0.1401633,-0.02987026,0.9896777,0.0,0.0,0.0,0.0,0.0,0.0,0.0,-0.8037905,0.09696297,2.270734,0.2100132,0.03800357,-2.401284,0.03527189,0.1255602,-0.03061836,0.9909859,4.450443,14.32625,357.0202,0.06443666,0.01109487,-0.9978583,0.05951484,0.01600995,0.3567742,-0.2771859,-0.1912007,-0.7777399,-0.1325107,0.1210344,2.033109,0.9665943,-0.05182723,-0.2510167,0.06954221,0.9956369,0.06221901,0.2466969,-0.0775968,0.9659811,moving,8.06092,-1.728765,-3.729058,3.406894,14.116656456910208,0.9961675415742226,12.859960132316312,18.007807377216363,12.845514723389178
05/18/2023 18:41:04.390279,2731,True,True,True,True,Eyes,0.1871913,0.03296654,-2.44154,0.1443181,-0.02943403,0.9890935,0.0,0.0,0.0,0.0,0.0,0.0,0.0,-0.8357038,0.09832071,2.251093,0.2139797,0.03838031,-2.393372,0.03611732,0.1321388,-0.03086556,0.990092,4.569944,15.08531,357.0342,0.06557512,0.01132083,-0.9977818,0.05594394,0.01504936,0.3353678,-0.2451232,-0.1854034,-0.7610024,-0.129393,0.1230112,2.033363,0.9631733,-0.05157448,-0.2638887,0.07066447,0.9954857,0.06336186,0.2594295,-0.07967602,0.9624698,moving,8.301419,-1.704539,-3.641106,3.461972,14.340280550124085,1.0243497116492724,13.012176577680846,18.145860814126387,12.997340680962875
05/18/2023 18:41:04.399848,2732,True,True,True,True,Eyes,0.1886001,0.03319641,-2.438612,0.1488852,-0.02898473,0.9884297,0.0,0.0,0.0,0.0,0.0,0.0,0.0,-0.8671411,0.09773242,2.231315,0.2181792,0.03867948,-2.385613,0.03648478,0.1386467,-0.03087624,0.9891879,4.631239,15.83889,357.0689,0.06666091,0.01153481,-0.9977075,0.05258731,0.0141464,0.3152457,-0.2128227,-0.1795805,-0.7446589,-0.1261467,0.1250697,2.033627,0.9596475,-0.0509678,-0.2765483,0.07120178,0.9954311,0.06361882,0.2720422,-0.08074237,0.9588919,moving,8.565953,-1.679661,-3.549534,3.519304,14.586287151952131,1.0536924121395324,13.183863709792892,18.302656893407203,13.16859142190419
05/18/2023 18:41:04.419969,2733,True,True,True,True,Eyes,0.1901337,0.03341426,-2.435489,0.1538063,-0.02851774,0.9876894,0.0,0.0,0.0,0.0,0.0,0.0,0.0,-0.8998762,0.09720673,2.210276,0.2223973,0.03899956,-2.377723,0.03692634,0.145524,-0.03102801,0.9881784,4.704125,16.63539,357.0912,0.06770464,0.01173835,-0.9976349,0.04943207,0.01329761,0.296331,-0.1810302,-0.1789555,-0.7297372,-0.1228952,0.1271314,2.033891,0.9557201,-0.05057509,-0.2898989,0.07206976,0.9953474,0.063949,0.2853159,-0.08201027,0.9549184,moving,8.851202,-1.653852,-3.457819,3.576705,14.85157744085238,1.0843807921258182,13.37425603570868,18.478248780267393,13.358509256372479
05/18/2023 18:41:04.440300,2734,True,True,True,True,Eyes,0.1918048,0.03361075,-2.432181,0.1590873,-0.0279838,0.9868678,0.0,0.0,0.0,0.0,0.0,0.0,0.0,-0.9318053,0.09232228,2.189216,0.2267953,0.03892159,-2.369915,0.03628853,0.1522922,-0.03097052,0.9871833,4.650648,17.4227,357.1191,0.06871669,0.01193222,-0.9975635,0.04646615,0.01249976,0.2785511,-0.1494441,-0.1821826,-0.7157905,-0.1196948,0.1291608,2.034152,0.9516959,-0.05009424,-0.3029284,0.07220008,0.9954479,0.06221374,0.2984329,-0.08108002,0.9509804,moving,9.157539,-1.624254,-3.36755,3.633183,15.13644411317165,1.1190985818429122,13.583758620753315,18.674003818193658,13.567524069605993
05/18/2023 18:41:04.450234,2735,True,True,True,True,Eyes,0.1935988,0.03378715,-2.428685,0.1647027,-0.02741923,0.9859621,0.0,0.0,0.0,0.0,0.0,0.0,0.0,-0.9638438,0.08784759,2.167309,0.2311669,0.03861609,-2.361993,0.03566756,0.1591838,-0.03082853,0.9861227,4.597762,18.22545,357.1566,0.06970616,0.01211654,-0.9974927,0.04367818,0.01174977,0.261838,-0.1192159,-0.1851706,-0.7026262,-0.1164488,0.1312189,2.034416,0.9474202,-0.04944604,-0.3161487,0.07215682,0.9955549,0.06053037,0.3117504,-0.08015998,0.9467767,moving,9.483562,-1.592963,-3.276003,3.69044,15.43962105936709,1.1558517535829895,13.810171839974837,18.886469270629583,13.793411412027378
05/18/2023 18:41:04.470001,2736,True,True,True,True,Eyes,0.1955421,0.03392518,-2.425011,0.1706545,-0.02671517,0.9849687,0.0,0.0,0.0,0.0,0.0,0.0,0.0,-0.9956596,0.08213507,2.144804,0.2357786,0.0382991,-2.353978,0.03481336,0.1660765,-0.03084865,0.9850152,4.521308,19.02875,357.1706,0.07068098,0.01229153,-0.997422,0.04105749,0.01104478,0.2461278,-0.09060906,-0.1857579,-0.6894191,-0.113259,0.1332415,2.034675,0.9429339,-0.04920942,-0.3293237,0.07233614,0.9956728,0.05833689,0.3250279,-0.07882984,0.9424132,moving,9.829417,-1.553644,-3.186047,3.746688,15.761122731580851,1.2005734383091295,14.053320691050923,19.11747734923695,14.036055025940675
05/18/2023 18:41:04.490087,2737,True,True,True,True,Eyes,0.1976043,0.03401539,-2.421168,0.1769266,-0.0259539,0.9838818,0.0,0.0,0.0,0.0,0.0,0.0,0.0,-1.027364,0.07167509,2.121572,0.2403869,0.03750879,-2.345738,0.03279993,0.1730874,-0.03084513,0.9838768,4.313862,19.84835,357.1638,0.07164949,0.01245668,-0.9973509,0.03859404,0.0103821,0.2313601,-0.06352937,-0.1855543,-0.6768011,-0.1099459,0.1353424,2.034945,0.9381787,-0.04934111,-0.3426167,0.07205012,0.9959455,0.05386437,0.3385698,-0.07521998,0.9379299,moving,10.19426,-1.51106,-3.092623,3.805087,16.100254133285283,1.2487859744165968,14.31092864845947,19.36236575387377,14.293134952100568
05/18/2023 18:41:04.500086,2738,True,True,True,True,Eyes,0.199922,0.03408451,-2.417214,0.1845406,-0.02344572,0.9825452,0.0,0.0,0.0,0.0,0.0,0.0,0.0,-1.059242,0.06481789,2.097729,0.2451767,0.03643216,-2.337781,0.0315151,0.1801513,-0.0308891,0.9826487,4.190104,20.67383,357.1636,0.07261788,0.01261108,-0.997279,0.03627839,0.009759171,0.2174785,-0.03788094,-0.1846062,-0.6644355,-0.1068132,0.1373287,2.035199,0.9331827,-0.0493513,-0.3559978,0.07206124,0.9961053,0.0508071,0.3521039,-0.07306595,0.9331046,moving,10.63731,-1.366946,-3.004293,3.860284,16.51030760819829,1.3938246520319555,14.608807818658885,19.669851514759127,14.59107720020189
05/18/2023 18:41:04.520256,2739,True,True,True,True,Eyes,0.2023549,0.03410735,-2.413091,0.1924196,-0.02087011,0.9810907,0.0,0.0,0.0,0.0,0.0,0.0,0.0,-1.092138,0.05859246,2.072248,0.250002,0.03571653,-2.329514,0.03050048,0.1875758,-0.03107866,0.9812846,4.101209,21.54148,357.1524,0.07359753,0.01275507,-0.9972054,0.03410169,0.00917362,0.2044298,-0.01272482,-0.1828013,-0.6522246,-0.1036183,0.1393546,2.035459,0.9276989,-0.0495517,-0.3700263,0.0724363,0.9962077,0.04820009,0.3662346,-0.0715185,0.9277701,moving,11.09647,-1.218633,-2.914216,3.916557,16.935291260889652,1.543162552478791,14.922114412062923,19.99089642071199,14.904480004467718
05/18/2023 18:41:04.539778,2740,True,True,True,True,Eyes,0.2048332,0.03408121,-2.408769,0.2005748,-0.01831043,0.9795073,0.0,0.0,0.0,0.0,0.0,0.0,0.0,-1.124098,0.04787412,2.046609,0.2550965,0.03459155,-2.321256,0.02823517,0.1948683,-0.03082682,0.9799383,3.861896,22.39825,357.1613,0.07459307,0.01288788,-0.9971298,0.03205559,0.008623203,0.192164,0.0112774,-0.1785493,-0.6400592,-0.1003596,0.1414209,2.035724,0.9221521,-0.04941248,-0.3836586,0.07142104,0.996505,0.04332311,0.380177,-0.06735179,0.9224582,moving,11.57254,-1.070935,-2.822351,3.97393,17.376042898773743,1.6923119125160668,15.253312747403626,20.32685162997837,15.235753162492468
05/18/2023 18:41:04.549898,2741,True,True,True,True,Eyes,0.207421,0.03400996,-2.404291,0.2090159,-0.01582117,0.9777843,0.0,0.0,0.0,0.0,0.0,0.0,0.0,-1.157026,0.03962025,2.019341,0.2600973,0.03333924,-2.312846,0.02668492,0.2025243,-0.0312036,0.9784163,3.718636,23.2955,357.1135,0.07560541,0.0130087,-0.997052,0.03013225,0.008105811,0.1806342,0.03469599,-0.1686097,-0.6273599,-0.09716716,0.1434452,2.035984,0.9160205,-0.05025152,-0.3979715,0.0718689,0.9966285,0.03957894,0.3946408,-0.06485689,0.9165437,moving,12.06622,-0.9270013,-2.732363,4.030113,17.83327520244088,1.838340898860513,15.606762668508594,20.68210191486903,15.589248440181759
05/18/2023 18:41:04.571844,2742,True,True,True,True,Eyes,0.2099976,0.03389537,-2.399592,0.2177553,-0.01341809,0.9759111,0.0,0.0,0.0,0.0,0.0,0.0,0.0,-1.19047,0.0344855,1.990985,0.2651875,0.03217939,-2.304576,0.02595104,0.2103804,-0.03184741,0.9767561,3.674938,24.21558,357.0536,0.07663935,0.01311705,-0.9969718,0.02832432,0.007619462,0.1697961,0.05702909,-0.1621843,-0.6156095,-0.09392622,0.1455003,2.036248,0.9094517,-0.05129512,-0.4126335,0.07313348,0.9966246,0.03729552,0.4093277,-0.0640958,0.9101332,moving,12.57838,-0.7877269,-2.641017,4.087129,18.30781598674929,1.98043167618854,15.981059573425467,21.0544954135897,15.963538426297127
05/18/2023 18:41:04.590048,2743,True,True,True,True,Eyes,0.2126835,0.03374033,-2.394746,0.2267623,-0.01110058,0.9738868,0.0,0.0,0.0,0.0,0.0,0.0,0.0,-1.223645,0.02769763,1.961621,0.2703479,0.0309233,-2.29608,0.02457525,0.2183365,-0.03177791,0.9750465,3.543169,25.15236,357.0573,0.07769262,0.0132124,-0.9968891,0.02662486,0.007162294,0.1596083,0.07966889,-0.1554418,-0.6038131,-0.0907933,0.1474869,2.036503,0.9026387,-0.05123852,-0.4273383,0.07270121,0.9967724,0.03404747,0.4242145,-0.06180057,0.9034505,moving,13.10735,-0.6530415,-2.552724,4.142222,18.79810785139292,2.118611816413048,16.377804178824103,21.446515309522226,16.360250403333758
05/18/2023 18:41:04.610020,2744,True,True,True,True,Eyes,0.2154464,0.03355104,-2.389735,0.236011,-0.008937447,0.9717093,0.0,0.0,0.0,0.0,0.0,0.0,0.0,-1.25666,0.02498536,1.931417,0.2755036,0.02979569,-2.287663,0.02421887,0.2263608,-0.03189433,0.97322,3.530498,26.09671,357.0644,0.07876918,0.01329449,-0.9968035,0.02502737,0.006732557,0.1500318,0.1022818,-0.1428283,-0.5917277,-0.08754589,0.1495458,2.036767,0.8954871,-0.05111599,-0.4421425,0.0730448,0.9967924,0.03270132,0.4390528,-0.06157982,0.8963485,moving,13.65178,-0.5269721,-2.461217,4.1993,19.302970199852336,2.249080996592725,16.79185279488977,21.851388940556323,16.774175683721133
05/18/2023 18:41:04.619810,2745,True,True,True,True,Eyes,0.2183139,0.03333719,-2.384585,0.2455024,-0.006864467,0.9693717,0.0,0.0,0.0,0.0,0.0,0.0,0.0,-1.289233,0.02275904,1.90036,0.2806889,0.02877557,-2.279121,0.02407392,0.2344297,-0.03220595,0.9713013,3.546932,27.04718,357.0552,0.07986996,0.01336321,-0.996715,0.02352573,0.006328603,0.1410299,0.1259253,-0.1335967,-0.5803545,-0.08438359,0.151551,2.037024,0.888011,-0.05127608,-0.4569542,0.07385063,0.9967664,0.03166598,0.453853,-0.0618661,0.8889264,moving,14.21187,-0.4057251,-2.372118,4.254865,19.82251657606105,2.3753947418192647,17.226426154729886,22.27407040521042,17.20858380929906
05/18/2023 18:41:04.639868,2746,True,True,True,True,Eyes,0.2212783,0.03312201,-2.379291,0.2551992,-0.004949956,0.9668759,0.0,0.0,0.0,0.0,0.0,0.0,0.0,-1.320989,0.02000413,1.868904,0.2859127,0.02791318,-2.270614,0.02383798,0.2424405,-0.03250362,0.9693286,3.553129,27.99286,357.0449,0.080999,0.01341901,-0.9966232,0.02211418,0.005948887,0.1325681,0.1493719,-0.1257674,-0.569458,-0.08119526,0.1535727,2.037283,0.8803323,-0.05145479,-0.4715586,0.07457195,0.9967505,0.03045329,0.4684593,-0.06197406,0.8813087,moving,14.78557,-0.2933253,-2.282296,4.310868,20.354914104305195,2.4937387632831105,17.677970634032654,22.71002509838746,17.659895847181016
05/18/2023 18:41:04.649964,2747,True,True,True,True,Eyes,0.2243477,0.03288715,-2.373861,0.2651248,-0.00299817,0.9642094,0.0,0.0,0.0,0.0,0.0,0.0,0.0,-1.35332,0.01599709,1.835851,0.291232,0.02766556,-2.261968,0.02364118,0.2507736,-0.03322932,0.9671865,3.577405,28.97727,356.9893,0.08215847,0.01346315,-0.9965277,0.02078733,0.005591954,0.124614,0.1724042,-0.1251349,-0.5594292,-0.07801164,0.1555914,2.037542,0.8720168,-0.05242073,-0.4866608,0.07613507,0.9966738,0.02906478,0.4835185,-0.06239693,0.8731074,moving,15.37444,-0.1781583,-2.19262,4.366763,20.901393429383525,2.6150202716332505,18.145465181879292,23.160355326784867,18.127140963996812
05/18/2023 18:41:04.670120,2748,True,True,True,True,Eyes,0.2275483,0.03263311,-2.368318,0.275162,-0.001099865,0.9613973,0.0,0.0,0.0,0.0,0.0,0.0,0.0,-1.38413,0.008187067,1.802809,0.2966549,0.02699269,-2.253279,0.02204653,0.2589021,-0.0330031,0.9650878,3.419312,29.94444,356.9975,0.08335092,0.01349603,-0.9964283,0.01954009,0.005256437,0.1171372,0.1944113,-0.1101614,-0.5482913,-0.07483578,0.1576052,2.037801,0.863761,-0.05228598,-0.5011817,0.07511756,0.9968495,0.02546454,0.4982713,-0.05964282,0.8649673,moving,15.97168,-0.06554791,-2.103174,4.422499,21.45572071338368,2.734100315756976,18.623719075084775,23.619318581052482,18.605110648088313
05/18/2023 18:41:04.689850,2749,True,True,True,True,Eyes,0.2308471,0.03239282,-2.362653,0.2854098,0.0006305892,0.9584054,0.0,0.0,0.0,0.0,0.0,0.0,0.0,-1.414228,0.005558979,1.769133,0.3020981,0.02630192,-2.244538,0.02158481,0.2669767,-0.0326017,0.9629095,3.381051,30.90629,357.0566,0.08457968,0.01351798,-0.9963244,0.01836769,0.00494105,0.110109,0.2134235,-0.09296419,-0.5374547,-0.07165907,0.1596195,2.038059,0.8553211,-0.05125968,-0.5155563,0.07431025,0.9969424,0.02416064,0.5127414,-0.05897622,0.856515,moving,16.58335,0.03769813,-2.013716,4.478228,22.02367312395478,2.844745337374341,19.11986321433075,24.092827594649783,19.100893354924427
05/18/2023 18:41:04.700063,2750,True,True,True,True,Eyes,0.2342785,0.03214749,-2.356881,0.2957773,0.002354286,0.955254,0.0,0.0,0.0,0.0,0.0,0.0,0.0,-1.444204,0.006601557,1.734588,0.307597,0.02641422,-2.235901,0.02250086,0.2751426,-0.03289482,0.960577,3.516108,31.87751,357.0818,0.08584546,0.01353069,-0.9962159,0.01726562,0.004644587,0.1035024,0.234136,-0.09520085,-0.5286752,-0.06846797,0.1616429,2.038318,0.8464289,-0.05081414,-0.5300716,0.07557792,0.9968233,0.02512608,0.5271111,-0.06132915,0.8475805,moving,17.2042,0.1412089,-1.923866,4.534188,22.600174075622483,2.9558483141880645,19.626033075315878,24.574777675383892,19.6066782279668
05/18/2023 18:41:04.720093,2751,True,True,True,True,Eyes,0.2378008,0.03188832,-2.350999,0.3063189,0.004006735,0.9519205,0.0,0.0,0.0,0.0,0.0,0.0,0.0,-1.473169,0.002738357,1.699418,0.3132781,0.0260643,-2.226979,0.02179421,0.2832663,-0.03245142,0.9582444,3.448604,32.8502,357.1377,0.08715211,0.01353489,-0.9961025,0.0,0.0,0.0,0.2570719,-0.08844195,-0.5189374,-0.06531846,0.16364,2.038575,0.8374142,-0.04984565,-0.5442911,0.07453991,0.9969438,0.02338357,0.5414621,-0.06015315,0.8385704,moving,17.83768,0.2411626,-1.835199,4.589392,23.18851151560535,3.063910884587281,20.147686394811323,25.070165149083053,20.127890844404074
05/18/2023 18:41:04.739906,2752,True,True,True,True,Eyes,0.2414056,0.03171761,-2.345004,0.3170297,0.005371459,0.9484004,0.0,0.0,0.0,0.0,0.0,0.0,0.0,-1.501094,0.002101973,1.664434,0.3188401,0.02547652,-2.218405,0.02177887,0.2912371,-0.03198052,0.9558682,3.454925,33.80628,357.2177,0.08850006,0.01353088,-0.9959837,0.0,0.0,0.0,0.2773376,-0.07187018,-0.509305,-0.06209782,0.1656823,2.038837,0.8283165,-0.0484527,-0.5581615,0.07382395,0.9970059,0.02300763,0.5553755,-0.06026328,0.8294133,moving,18.48367,0.3245029,-1.744545,4.645825,23.78882421828228,3.1567091054342384,20.68464422653127,25.57675526302297,20.664286420110006
05/18/2023 18:41:04.749998,2753,True,True,True,True,Eyes,0.2451157,0.03159678,-2.338886,0.3278982,0.006896601,0.944688,0.0,0.0,0.0,0.0,0.0,0.0,0.0,-1.529925,0.007498886,1.62728,0.3243724,0.02748561,-2.209705,0.0249927,0.2996415,-0.03373348,0.9531277,3.890989,34.80762,357.1661,0.08989016,0.01352324,-0.9958594,0.0,0.0,0.0,0.3001176,-0.06674248,-0.5005542,-0.05883583,0.1677506,2.039102,0.818154,-0.04932693,-0.5728795,0.07928234,0.9964749,0.02742657,0.5695071,-0.06785837,0.8191807,moving,19.14173,0.4182747,-1.652742,4.702955,24.40018314104964,3.2595479059946277,21.231310629162582,26.09287896043979,21.210406838094734
05/18/2023 18:41:04.770363,2754,True,True,True,True,Eyes,0.2489369,0.03139,-2.332674,0.3388874,0.008851681,0.9407853,0.0,0.0,0.0,0.0,0.0,0.0,0.0,-1.555802,-0.008228682,1.59123,0.3304651,0.02851059,-2.200587,0.02194707,0.3075427,-0.03389641,0.950677,3.587819,35.76098,357.0738,0.09132364,0.0135145,-0.9957291,0.0,0.0,0.0,0.3206444,-0.04920167,-0.4910833,-0.0556884,0.1697462,2.039358,0.808537,-0.05094977,-0.5862354,0.07794841,0.9967387,0.02087996,0.5832597,-0.06257834,0.8098716,moving,19.80991,0.5390698,-1.564177,4.758055,25.020452896359224,3.387913168239788,21.78649653343529,26.61991426292609,21.765142057961246
05/18/2023 18:41:04.790090,2755,True,True,True,True,Eyes,0.2528302,0.03115665,-2.326392,0.3500829,0.01030278,0.9366621,0.0,0.0,0.0,0.0,0.0,0.0,0.0,-1.581177,-0.02376745,1.554813,0.3365256,0.02615519,-2.191848,0.01722198,0.3154387,-0.03246633,0.948234,3.046316,36.72295,357.0894,0.09280234,0.01350113,-0.9955925,0.0,0.0,0.0,0.3411236,-0.03369106,-0.4823327,-0.0523916,0.1718367,2.039626,0.7988886,-0.05070639,-0.5993378,0.0724363,0.9972987,0.01217865,0.5971013,-0.05314321,0.8004036,moving,20.49352,0.6301976,-1.471425,4.815747,25.65566921408953,3.488862007289436,22.36017961987035,27.159526216117435,22.338175964134564
05/18/2023 18:41:04.799986,2756,True,True,True,True,Eyes,0.2568102,0.03096158,-2.320003,0.3614923,0.01177233,0.9323007,0.0,0.0,0.0,0.0,0.0,0.0,0.0,-1.609467,-0.01325458,1.515245,0.3419947,0.02537834,-2.183786,0.02170031,0.3242005,-0.03526185,0.9450819,3.662603,37.7714,356.9798,0.09432644,0.01348247,-0.9954495,0.0,0.0,0.0,0.3645079,-0.0287244,-0.4744695,-0.04927142,0.1738152,2.03988,0.7873013,-0.05258017,-0.6143224,0.08072118,0.9965714,0.01815331,0.6112616,-0.06388094,0.7888463,moving,21.19341,0.7234458,-1.383657,4.870324,26.30601400398437,3.592168316393499,22.954750121230337,27.71915515055299,22.932076731577734
05/18/2023 18:41:04.825433,2757,True,True,True,True,Eyes,0.2608721,0.03091108,-2.313547,0.3730113,0.01322678,0.9277326,0.0,0.0,0.0,0.0,0.0,0.0,0.0,-1.635379,-0.02097185,1.475329,0.3479463,0.02610452,-2.174799,0.0217281,0.3327428,-0.0375507,0.9420192,3.780024,38.80204,356.7662,0.09589611,0.01346071,-0.9952998,0.0,0.0,0.0,0.3884583,-0.007067263,-0.4658989,-0.04601009,0.1758832,2.040146,0.7757443,-0.0562872,-0.6285321,0.08520668,0.9962357,0.01594711,0.6252685,-0.06592602,0.7776202,moving,21.90346,0.8168166,-1.291936,4.927349,26.965823194595156,3.695821977092354,23.556800975689924,28.284582611519635,23.53339668175607
05/18/2023 18:41:04.840551,2758,True,True,True,True,Eyes,0.2650133,0.03096898,-2.306967,0.3851507,0.01514517,0.9227294,0.0,0.0,0.0,0.0,0.0,0.0,0.0,-1.658666,-0.03176125,1.438151,0.353836,0.02951239,-2.166654,0.02072475,0.3406109,-0.03817179,0.9392006,3.722997,39.75986,356.6919,0.09751119,0.01344236,-0.9951431,0.0,0.0,0.0,0.4106461,0.01303674,-0.4585385,-0.04286464,0.1778777,2.040401,0.7650543,-0.05758379,-0.641386,0.0858201,0.9962268,0.01292594,0.6382216,-0.06493285,0.7671095,moving,22.65584,0.9403369,-1.20349,4.982323,27.664495435793,3.828665721194763,24.199282627414664,28.8910281616646,24.17515054608057
05/18/2023 18:41:04.850002,2759,True,True,True,True,Eyes,0.2692614,0.03095019,-2.300315,0.3972422,0.01762038,0.9175447,0.0,0.0,0.0,0.0,0.0,0.0,0.0,-1.682576,-0.04570487,1.397582,0.3603897,0.03206901,-2.157656,0.01832723,0.3489939,-0.03814216,0.9361691,3.493628,40.78713,356.633,0.09917258,0.01343181,-0.9949791,0.0,0.0,0.0,0.4356349,0.006522641,-0.4521686,-0.03953212,0.1799907,2.040672,0.7534968,-0.05862286,-0.6548328,0.08420722,0.9964186,0.007692002,0.6520365,-0.06093754,0.7557347,moving,23.40974,1.100164,-1.109801,5.040541,28.36388713689015,3.995528737557766,24.8341390378811,29.492208174691054,24.80924502296401
05/18/2023 18:41:04.880424,2760,True,True,True,True,Eyes,0.2735609,0.03089137,-2.293602,0.4097286,0.01974906,0.9119937,0.0,0.0,0.0,0.0,0.0,0.0,0.0,-1.701012,-0.06325377,1.362797,0.3670847,0.03007358,-2.149187,0.01124656,0.3556346,-0.03408249,0.9339358,2.59346,41.62048,356.8058,0.1008817,0.01342504,-0.9948074,0.0,0.0,0.0,0.4581031,0.009438187,-0.4460048,-0.03653067,0.1818939,2.040917,0.7447248,-0.0556624,-0.6650464,0.07166106,0.9974238,-0.003234705,0.6635132,-0.04524896,0.7467951,moving,24.19281,1.240536,-1.025436,5.092951,29.09083188051917,4.144848869149671,25.51080227371811,30.131187973621508,25.484996718643764
05/18/2023 18:41:04.890226,2761,True,True,True,True,Eyes,0.2779535,0.0308773,-2.286831,0.4222975,0.02151978,0.9062018,0.0,0.0,0.0,0.0,0.0,0.0,0.0,-1.723449,-0.05451864,1.323989,0.3730627,0.02908056,-2.141535,0.01476739,0.3635492,-0.035704,0.9307735,3.063949,42.58448,356.8008,0.1026368,0.01341998,-0.9946279,0.0,0.0,0.0,0.4834838,0.02901125,-0.4397299,-0.03328109,0.1839544,2.041181,0.7331144,-0.05572733,-0.6778184,0.07720201,0.9970143,0.001529875,0.6757093,-0.05345052,0.7352278,moving,24.9859,1.36036,-0.9341144,5.149671,29.82750730242111,4.27516471988436,26.195534435298857,30.774049635964833,26.1686796255768
05/18/2023 18:41:04.899862,2762,True,True,True,True,Eyes,0.2824775,0.03092583,-2.280027,0.4351063,0.02366299,0.9000681,0.0,0.0,0.0,0.0,0.0,0.0,0.0,-1.745533,-0.05792889,1.282893,0.3795237,0.03018709,-2.133332,0.01683171,0.3718112,-0.03916447,0.9273291,3.459366,43.59218,356.547,0.1044393,0.01341841,-0.9944403,0.0,0.0,0.0,0.5114083,0.03887362,-0.4347372,-0.03006408,0.1859943,2.041443,0.7204452,-0.06012027,-0.690901,0.08515314,0.9963657,0.002093498,0.6882643,-0.06034065,0.7229462,moving,25.79982,1.505972,-0.843727,5.205803,30.583096491275384,4.430095931691211,26.899207166193023,31.43639540735551,26.871144299049007
05/18/2023 18:41:04.919784,2763,True,True,True,True,Eyes,0.2871016,0.03100296,-2.273183,0.4479517,0.02602481,0.893679,0.0,0.0,0.0,0.0,0.0,0.0,0.0,-1.765689,-0.07557809,1.242246,0.3865468,0.03179048,-2.125115,0.01281478,0.3797493,-0.03885255,0.9241844,3.049282,44.58082,356.4357,0.1062908,0.01342275,-0.994244,0.0,0.0,0.0,0.5397056,0.0501237,-0.4300628,-0.02684972,0.1880325,2.041704,0.708562,-0.06208104,-0.7029124,0.08154666,0.9966525,-0.005822013,0.7009209,-0.0531949,0.7112526,moving,26.62207,1.668038,-0.7534328,5.261861,31.346131503132696,4.600619380436783,27.61039147328659,32.10637427257076,27.580948492588035
05/18/2023 18:41:04.940100,2764,True,True,True,True,Eyes,0.2918624,0.03108482,-2.266339,0.4609509,0.0284734,0.8869687,0.0,0.0,0.0,0.0,0.0,0.0,0.0,-1.786791,-0.08652192,1.199362,0.3934259,0.03248917,-2.117248,0.009288127,0.3881698,-0.03694975,0.9208,2.624524,45.6364,356.5085,0.1081928,0.01343368,-0.9940387,0.0,0.0,0.0,0.5674436,0.06429233,-0.4257701,-0.02366316,0.1900531,2.041964,0.6959178,-0.06083593,-0.71554,0.07525741,0.9970968,-0.01158054,0.7141672,-0.04579058,0.6984758,moving,27.46056,1.838673,-0.6639388,5.317411,32.12413395032343,4.779535505788033,28.338825854714685,32.79248427197573,28.307760302426505
05/18/2023 18:41:04.950226,2765,True,True,True,True,Eyes,0.2967248,0.031154,-2.259475,0.4739248,0.03097888,0.8800203,0.0,0.0,0.0,0.0,0.0,0.0,0.0,-1.806916,-0.09054261,1.156566,0.4004758,0.03255409,-2.109348,0.007518817,0.3963886,-0.03522396,0.9173762,2.391069,46.66706,356.6338,0.1101466,0.01345077,-0.9938239,0.0,0.0,0.0,0.5959243,0.07574453,-0.4218592,-0.02045375,0.1920881,2.042224,0.6832709,-0.0586665,-0.7278045,0.07058799,0.9974055,-0.01412958,0.726745,-0.04171992,0.6856392,moving,28.30417,2.01612,-0.5738226,5.373333,32.90677630428968,4.964945121433551,29.07248416859185,33.48308951768465,29.039534337858367
05/18/2023 18:41:04.970456,2766,True,True,True,True,Eyes,0.3017045,0.0312365,-2.252618,0.4870045,0.03341181,0.8727602,0.0,0.0,0.0,0.0,0.0,0.0,0.0,-1.826167,-0.09124868,1.114416,0.4076574,0.03229093,-2.101882,0.006218151,0.4043689,-0.03307575,0.9139764,2.184421,47.67125,356.82,0.1121534,0.01347289,-0.9935991,0.0,0.0,0.0,0.6253928,0.07915349,-0.4186797,-0.01738122,0.1940363,2.042475,0.6707835,-0.05543206,-0.7395787,0.06548976,0.9977346,-0.01538312,0.7387561,-0.0381161,0.6728942,moving,29.16173,2.192379,-0.4875686,5.426847,33.70243961025679,5.149562084513535,29.825202274502445,34.191132598113555,29.790108776463832
05/18/2023 18:41:04.990119,2767,True,True,True,True,Eyes,0.4289041,0.03431348,-2.080951,0.7775391,0.09038595,0.6223049,0.0,0.0,0.0,0.0,0.0,0.0,0.0,-1.845554,-0.08711429,1.071106,0.4149804,0.0327001,-2.094671,0.007031447,0.4125742,-0.03176045,0.9103431,2.235627,48.70253,357.0156,0.1142138,0.01350013,-0.993364,0.0,0.0,0.0,0.6564917,0.07877655,-0.41616,-0.01417121,0.1960718,2.042735,0.6575477,-0.05202382,-0.7516147,0.06362779,0.9978837,-0.01340502,0.7507214,-0.03900914,0.6594662,moving,51.32791,8.264071,-0.3974757,5.482734,54.23962462309439,11.340336737949372,51.80010966514775,54.950197829957936,51.4857243737336
05/18/2023 18:41:04.999929,2768,True,True,True,True,Eyes,0.4292206,0.03432995,-2.080695,0.7780189,0.09053163,0.6216837,0.0,0.0,0.0,0.0,0.0,0.0,0.0,-1.864254,-0.08794756,1.026636,0.4225485,0.03379053,-2.087455,0.006766566,0.4209027,-0.03068407,0.9065615,2.183419,49.75485,357.1355,0.125392,0.0138533,-0.9920102,0.3815989,0.009230945,0.5149999,0.6880541,0.08069191,-0.4142706,-0.01091403,0.1981371,2.043,0.6437988,-0.04993785,-0.7635636,0.06133012,0.9980254,-0.0135614,0.7627331,-0.03809863,0.6455902,moving,51.37305,8.285361,-0.3060801,5.539413,54.28127597709991,11.361298339211668,51.75203105493958,54.89693791452329,51.43707111809607
05/18/2023 18:41:05.019713,2769,True,True,True,True,Eyes,0.429821,0.03434705,-2.080194,0.7789062,0.09058496,0.6205638,0.0,0.0,0.0,0.0,0.0,0.0,0.0,-1.881269,-0.09004924,0.9837045,0.4300821,0.03416824,-2.080581,0.005493165,0.4287858,-0.02911229,0.9029204,1.999206,50.75703,357.255,0.1346541,0.01414243,-0.9907913,0.3587029,0.008677089,0.4840999,0.7205189,0.07913236,-0.4131395,-0.007737219,0.2001514,2.043259,0.6305904,-0.04786137,-0.7746387,0.05728294,0.9982446,-0.01504609,0.773999,-0.03488565,0.6322251,moving,51.45525,8.304926,-0.2169612,5.594672,54.3574917272914,11.38149369533502,51.74324001299031,54.88039921180189,51.42789445360165
05/18/2023 18:41:05.039957,2770,True,True,True,True,Eyes,0.4307165,0.03437241,-2.079471,0.7802309,0.09048032,0.6189129,0.0,0.0,0.0,0.0,0.0,0.0,0.0,-1.897479,-0.0870611,0.9414828,0.4373947,0.03422155,-2.074105,0.00662295,0.4365354,-0.0289032,0.8991984,2.128754,51.74128,357.3503,0.142374,0.01438035,-0.9897081,0.3371808,0.008156464,0.4550539,0.7541857,0.07714064,-0.4125586,-0.004401207,0.2022668,2.04353,0.6172029,-0.04619712,-0.7854466,0.05776173,0.9982415,-0.01332385,0.784681,-0.03714523,0.6187859,moving,51.57703,8.317286,-0.1233993,5.652672,54.47072510284514,11.395851019125256,51.769050189986054,54.89537798903521,51.45407703769978
05/18/2023 18:41:05.050217,2771,True,True,True,True,Eyes,0.4318877,0.03441326,-2.078538,0.7819117,0.0902575,0.6168208,0.0,0.0,0.0,0.0,0.0,0.0,0.0,-1.912835,-0.08523637,0.8989552,0.4450645,0.03447727,-2.06762,0.008325729,0.4442115,-0.02975023,0.8953891,2.369301,52.71851,357.3681,0.1488541,0.01457759,-0.9887514,0.3169499,0.007667076,0.4277506,0.7875388,0.07706523,-0.4125052,-0.00123173,0.2042766,2.043788,0.603582,-0.04587929,-0.7959798,0.06067283,0.9980912,-0.01152126,0.794989,-0.04134032,0.6052136,moving,51.73141,8.324836,-0.03453045,5.707757,54.61442640284402,11.406452323382254,51.83205275855073,54.94527835485726,51.517900293367724
05/18/2023 18:41:05.069860,2772,True,True,True,True,Eyes,0.4333579,0.03445832,-2.077446,0.7839255,0.08996819,0.6143016,0.0,0.0,0.0,0.0,0.0,0.0,0.0,-1.927072,-0.0840165,0.8575597,0.4527636,0.03491825,-2.061518,0.009647117,0.4515769,-0.03022899,0.8916678,2.550818,53.66129,357.407,0.1543389,0.01474294,-0.9879076,0.2979329,0.007207051,0.4020856,0.8224137,0.07665057,-0.4132118,0.002033949,0.2063473,2.044054,0.5903291,-0.04519561,-0.8058963,0.06262127,0.9979863,-0.01009738,0.8047299,-0.04450548,0.5919706,moving,51.91695,8.332078,0.05701252,5.764483,54.78716747705659,11.417478676526136,51.923459625813976,55.02132515436401,51.61026490253691
05/18/2023 18:41:05.090028,2773,True,True,True,True,Eyes,0.4350801,0.03450331,-2.076171,0.7862355,0.08955795,0.6114026,0.0,0.0,0.0,0.0,0.0,0.0,0.0,-1.940411,-0.08291073,0.8162786,0.4606464,0.03510439,-2.055469,0.01072706,0.4588003,-0.03050951,0.8879507,2.696518,54.59052,357.4559,0.1593429,0.01489393,-0.9871107,0.280057,0.006774628,0.3779605,0.8567948,0.08026817,-0.414413,0.005119264,0.2083035,2.044305,0.577143,-0.04433872,-0.8154386,0.06402504,0.9979082,-0.008945339,0.8141294,-0.04704574,0.5787745,moving,52.13019,8.333393,0.1434774,5.818048,54.985832255184526,11.42359128180059,52.0475287350324,55.12808722916224,51.73581131635346
05/18/2023 18:41:05.100914,2774,True,True,True,True,Eyes,0.4370635,0.03455024,-2.074734,0.7888111,0.08913304,0.6081383,0.0,0.0,0.0,0.0,0.0,0.0,0.0,-1.952239,-0.08181588,0.7771064,0.4683516,0.03517808,-2.049691,0.01212006,0.4655409,-0.03119368,0.8843935,2.893616,55.46062,357.4813,0.1639334,0.01503236,-0.9863566,0.2632535,0.00636815,0.3552828,0.891558,0.0836754,-0.4161328,0.00825876,0.2102944,2.04456,0.5645973,-0.0438902,-0.8241987,0.06645974,0.9977601,-0.007606055,0.8226864,-0.05048167,0.5662497,moving,52.36938,8.338305,0.2314383,5.872539,55.20860735337642,11.433664883975016,52.196216018782,55.25771654910241,51.885781452510415
05/18/2023 18:41:05.119770,2775,True,True,True,True,Eyes,0.4393004,0.03458961,-2.073133,0.7916144,0.08868594,0.6045505,0.0,0.0,0.0,0.0,0.0,0.0,0.0,-1.963098,-0.08356442,0.7382968,0.4763752,0.03529411,-2.043928,0.01299867,0.4720828,-0.03225491,0.880868,3.058423,56.30803,357.4429,0.1681657,0.01515972,-0.9856419,0.2474583,0.005986061,0.3339659,0.9264998,0.08790953,-0.418285,0.01139367,0.2122822,2.044815,0.5521949,-0.04455175,-0.8325238,0.06909753,0.9975813,-0.007553758,0.8308467,-0.0533542,0.5539378,moving,52.63127,8.345611,0.3192475,5.92692,55.452487617392165,11.44649902917248,52.36790776987359,55.40884332397944,52.05865826178734
05/18/2023 18:41:05.140007,2776,True,True,True,True,Eyes,0.4418028,0.03461784,-2.07141,0.7946514,0.08841674,0.6005927,0.0,0.0,0.0,0.0,0.0,0.0,0.0,-1.972903,-0.0864334,0.7006922,0.4846464,0.03516266,-2.0383,0.01307824,0.4782601,-0.03288297,0.877505,3.118755,57.11213,357.4055,0.1720891,0.01527686,-0.9849627,0.2326108,0.005626898,0.3139279,0.9619124,0.09639602,-0.4210555,0.01458591,0.2143063,2.045074,0.540372,-0.04520035,-0.8402114,0.07021955,0.9974954,-0.008500792,0.8384911,-0.05440567,0.5421924,moving,52.91823,8.374691,0.4086389,5.982273,55.71930938042832,11.480288353220164,52.56406397317395,55.58325684789233,52.254279640654936
05/18/2023 18:41:05.150704,2777,True,True,True,True,Eyes,0.4445467,0.03464125,-2.069543,0.7978498,0.0881364,0.5963789,0.0,0.0,0.0,0.0,0.0,0.0,0.0,-1.981977,-0.08806552,0.6638973,0.493073,0.03492244,-2.032832,0.01293053,0.484186,-0.03286018,0.8742523,3.120149,57.88763,357.4207,0.1757481,0.01538438,-0.9843147,0.2186542,0.005289284,0.2950923,0.9976051,0.1016434,-0.4246273,0.01785636,0.21638,2.045341,0.5289682,-0.04493462,-0.8474512,0.06997774,0.997506,-0.009211802,0.8457516,-0.05442997,0.5307934,moving,53.22252,8.406659,0.5001944,6.038951,56.00222323875607,11.517177686339714,52.775464544101176,55.77173274020662,52.46503279019554
05/18/2023 18:41:05.170227,2778,True,True,True,True,Eyes,0.4475601,0.03466133,-2.067589,0.8012604,0.08797263,0.591813,0.0,0.0,0.0,0.0,0.0,0.0,0.0,-1.990149,-0.08870026,0.6281846,0.5015808,0.0348345,-2.027407,0.01314355,0.4898186,-0.03283932,0.8711064,3.156846,58.6275,357.455,0.179182,0.01548311,-0.9836938,0.2055349,0.004971927,0.2773867,1.034513,0.1059476,-0.4289264,0.02104235,0.2184002,2.0456,0.5179986,-0.04433719,-0.8542316,0.070089,0.9974976,-0.009271764,0.852505,-0.05506948,0.51981,moving,53.55033,8.455068,0.5893602,6.094148,56.30673671185151,11.56999483363236,53.01356680513878,55.98581020141464,52.70118668752248
05/18/2023 18:41:05.190227,2779,True,True,True,True,Eyes,0.4508169,0.03465953,-2.065524,0.8047865,0.08783872,0.5870291,0.0,0.0,0.0,0.0,0.0,0.0,0.0,-1.997963,-0.08860739,0.5931687,0.510504,0.03480243,-2.022308,0.01322787,0.4952114,-0.03241163,0.868067,3.156679,59.33915,357.522,0.1824266,0.01557382,-0.9830959,0.1932028,0.004673611,0.2607435,1.070982,0.1152588,-0.4337857,0.02424002,0.2204278,2.04586,0.5074304,-0.04316974,-0.8606107,0.06937211,0.9975491,-0.009135853,0.8588958,-0.05506657,0.5091815,moving,53.89216,8.510181,0.6788273,6.149516,56.624184891731794,11.629408127627997,53.26566920900472,56.2130968173537,52.95088364244692
05/18/2023 18:41:05.199811,2780,True,True,True,True,Eyes,0.4543388,0.03462594,-2.063418,0.8084856,0.08771454,0.5819425,0.0,0.0,0.0,0.0,0.0,0.0,0.0,-2.005384,-0.08754945,0.5586441,0.5195822,0.03426547,-2.017467,0.01320748,0.5004478,-0.03173075,0.8650842,3.130499,60.03304,357.6076,0.1855133,0.01565632,-0.9825168,0.1816107,0.004393195,0.2450989,1.108775,0.1210035,-0.4396241,0.02751166,0.2225023,2.046126,0.4970903,-0.04168023,-0.8666971,0.06811886,0.9976375,-0.008907998,0.8650208,-0.05461033,0.4987551,moving,54.25391,8.571507,0.770337,6.206141,56.960074627914445,11.695093043712088,53.53585281995875,56.457198028524544,53.21829164426195
05/18/2023 18:41:05.220051,2781,True,True,True,True,Eyes,0.4580877,0.03456128,-2.061215,0.8122821,0.08749133,0.5766656,0.0,0.0,0.0,0.0,0.0,0.0,0.0,-2.012414,-0.0860993,0.5243814,0.5286983,0.03350119,-2.012847,0.01396121,0.505613,-0.03178356,0.8620617,3.222364,60.71892,357.6648,0.1884707,0.01572995,-0.9819525,0.170714,0.004129603,0.230393,1.14702,0.1231184,-0.4463383,0.03054786,0.2244274,2.046373,0.4866907,-0.04068084,-0.8726267,0.06891672,0.9975898,-0.008069508,0.8708518,-0.05621121,0.4883212,moving,54.62782,8.627086,0.8552367,6.258663,57.30740495257904,11.75567694014414,53.82471683401937,56.71917191457957,53.50487061142019
05/18/2023 18:41:05.239818,2782,True,True,True,True,Eyes,0.4620874,0.0344605,-2.058976,0.8161968,0.08723214,0.5711509,0.0,0.0,0.0,0.0,0.0,0.0,0.0,-2.018752,-0.08542767,0.4905022,0.5378947,0.03271241,-2.008195,0.01502516,0.5106479,-0.03239723,0.8590479,3.376781,61.38921,357.6854,0.191323,0.01579415,-0.9813997,0.1604712,0.003881827,0.2165694,1.185634,0.1285235,-0.4538096,0.03389865,0.2265522,2.046646,0.4763782,-0.04031642,-0.8783156,0.07100669,0.9974493,-0.007272493,0.8763685,-0.05890182,0.4780259,moving,55.01678,8.683705,0.9489048,6.316604,57.66873841168445,11.81757885477467,54.11966644194119,56.98596537122129,53.79773431651537
05/18/2023 18:41:05.250096,2783,True,True,True,True,Eyes,0.46631,0.03431612,-2.056664,0.8201655,0.0869187,0.5654854,0.0,0.0,0.0,0.0,0.0,0.0,0.0,-2.024579,-0.08527278,0.457751,0.5473371,0.03177638,-2.003782,0.01562916,0.5153842,-0.03276731,0.85619,3.470726,62.02215,357.7033,0.1940927,0.01584814,-0.9808548,0.1508429,0.003648917,0.2035752,1.223962,0.1296055,-0.4617923,0.03693575,0.228478,2.046893,0.4666108,-0.04000004,-0.8835579,0.07222012,0.9973641,-0.007012451,0.8815093,-0.06053857,0.4682697,moving,55.41462,8.738338,1.033778,6.369095,58.038384079377465,11.877825092191843,54.43242865261492,57.270159956941086,54.10855499899946
05/18/2023 18:41:05.270113,2784,True,True,True,True,Eyes,0.4707507,0.03412423,-2.054305,0.8242243,0.08655395,0.5596095,0.0,0.0,0.0,0.0,0.0,0.0,0.0,-2.03009,-0.08498497,0.4255357,0.5569204,0.03064252,-1.999618,0.01626012,0.519973,-0.03316889,0.8533836,3.568746,62.6375,357.7202,0.1967995,0.01589089,-0.9803146,0.1417923,0.003429982,0.1913607,1.262594,0.1299097,-0.4704436,0.04027408,0.230595,2.047165,0.4570557,-0.03970191,-0.8885515,0.0735212,0.9972709,-0.006741603,0.8863942,-0.06224608,0.4587274,moving,55.82534,8.792183,1.12704,6.426771,58.42004603118729,11.937628595893212,54.74942188571258,57.55743298247305,54.42395346689295
05/18/2023 18:41:05.290200,2785,True,True,True,True,Eyes,0.4754063,0.03387036,-2.051886,0.8282992,0.08616238,0.5536212,0.0,0.0,0.0,0.0,0.0,0.0,0.0,-2.035079,-0.08516387,0.3946791,0.5664665,0.02933236,-1.995702,0.01680886,0.5242792,-0.03370158,0.8507134,3.665827,63.21655,357.7192,0.1994597,0.01592126,-0.9797763,0.1332848,0.003224183,0.1798791,1.300532,0.1305765,-0.479564,0.04333436,0.2325352,2.047413,0.4479912,-0.03971569,-0.8931555,0.07496583,0.9971633,-0.006739026,0.8908895,-0.06393711,0.4496977,moving,56.2419,8.846211,1.212508,6.479609,58.80714599059812,11.99773708971478,55.0802577056069,57.858379366195074,54.75318259789041
05/18/2023 18:41:05.300172,2786,True,True,True,True,Eyes,0.4802796,0.03355393,-2.049461,0.8324167,0.08573235,0.5474781,0.0,0.0,0.0,0.0,0.0,0.0,0.0,-2.039642,-0.08476818,0.3641338,0.576303,0.02755523,-1.991742,0.01713965,0.5284282,-0.03398488,0.8481244,3.726293,63.7765,357.7296,0.2020888,0.01593754,-0.9792372,0.1252877,0.003030732,0.1690863,1.339805,0.1312704,-0.4899775,0.04658395,0.2345959,2.047678,0.4392174,-0.03953266,-0.8975105,0.07576096,0.9971026,-0.006844027,0.8951806,-0.06499024,0.4409398,moving,56.66719,8.899955,1.303234,6.535699,59.20238572752917,12.057779605773188,55.414414464139846,58.16188739186599,55.08599407034532
05/18/2023 18:41:05.319912,2787,True,True,True,True,Eyes,0.4853607,0.03317825,-2.046993,0.8365229,0.08527409,0.5412558,0.0,0.0,0.0,0.0,0.0,0.0,0.0,-2.043951,-0.08431696,0.3349555,0.5860226,0.02576175,-1.988204,0.01797604,0.5323322,-0.03470659,0.8456329,3.861974,64.30482,357.7277,0.2046999,0.01593811,-0.9786947,0.1177704,0.002848888,0.1589411,1.377932,0.138168,-0.5008367,0.04986018,0.2366731,2.047944,0.4308357,-0.03955961,-0.901563,0.07783652,0.9969446,-0.006548604,0.8990674,-0.06735314,0.4325986,moving,57.09591,8.953276,1.394673,6.592211,59.600829544134335,12.117504701792557,55.75125497479312,58.46781619088694,55.42165493847442
05/18/2023 18:41:05.339715,2788,True,True,True,True,Eyes,0.490658,0.03274826,-2.044526,0.8406261,0.08485111,0.5349281,0.0,0.0,0.0,0.0,0.0,0.0,0.0,-2.04787,-0.08404673,0.305903,0.596117,0.02397295,-1.984561,0.01834184,0.536108,-0.03504815,0.8432221,3.928508,64.81747,357.7343,0.2073049,0.01592172,-0.9781466,0.1107042,0.002677955,0.1494047,1.415317,0.140697,-0.5117613,0.05295211,0.2386339,2.048196,0.4227197,-0.03944033,-0.9054018,0.07877316,0.9968704,-0.006646698,0.9028304,-0.06851167,0.4245036,moving,57.52957,9.01325,1.480941,6.64553,60.0037486010787,12.183570337617011,56.09861772609055,58.78425724880725,55.767338001649094
05/18/2023 18:41:05.350073,2789,True,True,True,True,Eyes,0.4961576,0.0322802,-2.042038,0.8447019,0.08449823,0.5285249,0.0,0.0,0.0,0.0,0.0,0.0,0.0,-2.051685,-0.08231161,0.2774634,0.6062676,0.02223504,-1.981191,0.01854336,0.5397441,-0.03476429,0.8409067,3.940133,65.31355,357.7912,0.2099143,0.01588739,-0.9775904,0.104062,0.002517277,0.1404404,1.453063,0.1378199,-0.5233799,0.05613601,0.2406527,2.048455,0.4149355,-0.0384497,-0.9090381,0.07848438,0.9968952,-0.006341166,0.9064596,-0.0687141,0.4166649,moving,57.96603,9.083326,1.569745,6.700402,60.40908272109004,12.259155910525436,56.44660564277538,59.10133169814595,56.11292960218113
05/18/2023 18:41:05.370410,2790,True,True,True,True,Eyes,0.5018584,0.03176873,-2.039546,0.8487932,0.08430998,0.5219595,0.0,0.0,0.0,0.0,0.0,0.0,0.0,-2.055577,-0.08072474,0.2481622,0.6166583,0.02083118,-1.978078,0.01820797,0.5435175,-0.0339629,0.8385128,3.867771,65.8299,357.8653,0.2125371,0.01583508,-0.9770245,0.09781825,0.002366241,0.132014,1.490309,0.1417794,-0.5355839,0.05928314,0.2426481,2.048711,0.4068706,-0.03716395,-0.9127296,0.07674935,0.99703,-0.00638362,0.9102559,-0.06745408,0.4085145,moving,58.41085,9.175501,1.657494,6.754611,60.82178227423677,12.355618330843662,56.80496567778945,59.4288170008217,56.46709512178653
05/18/2023 18:41:05.389786,2791,True,True,True,True,Eyes,0.6489679,0.01764734,-1.977125,0.9343123,0.07850453,0.3477031,0.0,0.0,0.0,0.0,0.0,0.0,0.0,-2.059026,-0.07958903,0.2193807,0.6270482,0.01923013,-1.974967,0.01720794,0.5471652,-0.03284811,0.8362029,3.711083,66.32987,357.9266,0.2151815,0.01576444,-0.9764466,0.09194915,0.002224266,0.1240931,1.526752,0.1430068,-0.5482821,0.06263995,0.2447767,2.048984,0.3990627,-0.03610422,-0.9162126,0.07376654,0.9972498,-0.007168035,0.9139516,-0.06472533,0.4006285,moving,69.58732,12.72293,1.751057,6.812412,71.16756452539406,15.932003558843274,68.09326545873309,70.01298784670752,67.49614907285267
05/18/2023 18:41:05.399841,2792,True,True,True,True,Eyes,0.6493909,0.01760554,-1.977041,0.93444,0.07843027,0.3473767,0.0,0.0,0.0,0.0,0.0,0.0,0.0,-2.062446,-0.07564755,0.1922232,0.6373771,0.01736523,-1.972259,0.01754622,0.5504974,-0.03207175,0.834036,3.702692,66.7894,358.0372,0.2271898,0.0148941,-0.9737363,0.5277607,-0.04027335,0.3039129,1.56482,0.131086,-0.561928,0.0657894,0.2467736,2.04924,0.3918479,-0.03417969,-0.919395,0.07281628,0.9973271,-0.006042473,0.9171439,-0.06457917,0.3932894,moving,69.60745,12.72284,1.838809,6.866608,71.18632272447519,15.932380153055473,68.02120372519664,69.93758563531766,67.42754555078726
05/18/2023 18:41:05.419755,2793,True,True,True,True,Eyes,0.6502229,0.01753099,-1.976864,0.9346536,0.07839467,0.3468095,0.0,0.0,0.0,0.0,0.0,0.0,0.0,-2.065461,-0.07347279,0.1660084,0.6477897,0.01631503,-1.969566,0.01866896,0.553623,-0.03221983,0.8319346,3.826648,67.2215,358.1082,0.2371237,0.01416453,-0.9713759,0.4960951,-0.03785695,0.2856781,1.601035,0.1447353,-0.5760059,0.06899434,0.2488057,2.049501,0.3849271,-0.03293844,-0.9223592,0.0742807,0.9972267,-0.004612558,0.919953,-0.06673797,0.3863062,moving,69.64229,12.73738,1.928076,6.921735,71.2185064281753,15.946787712168128,67.96349390962637,69.87571341588732,67.37180893282859
05/18/2023 18:41:05.439623,2794,True,True,True,True,Eyes,0.6514553,0.01744833,-1.976621,0.9349848,0.07838326,0.3459183,0.0,0.0,0.0,0.0,0.0,0.0,0.0,-2.068297,-0.07348052,0.141047,0.6584775,0.01544261,-1.967058,0.0183339,0.5564576,-0.03184161,0.8300632,3.777015,67.61275,358.136,0.2453901,0.01354947,-0.9693294,0.4663294,-0.03558553,0.2685375,1.636343,0.1637581,-0.5914592,0.07225883,0.2508757,2.049766,0.3786821,-0.03245702,-0.9249575,0.07326517,0.9972999,-0.005000426,0.9226224,-0.06587359,0.3800376,moving,69.69693,12.76732,2.018968,6.97786,71.26884355264566,15.976063509680142,67.92513811222649,69.83203369842906,67.33397513152605
05/18/2023 18:41:05.449868,2795,True,True,True,True,Eyes,0.653064,0.01743934,-1.976296,0.9353971,0.07826173,0.3448293,0.0,0.0,0.0,0.0,0.0,0.0,0.0,-2.070777,-0.0747267,0.1175041,0.6691228,0.01515323,-1.964575,0.01815406,0.5590161,-0.03180617,0.8283477,3.763376,67.96631,358.1395,0.2523195,0.01302829,-0.967556,0.4383496,-0.0334504,0.2524252,1.674927,0.1424949,-0.6083993,0.07546562,0.2529093,2.050027,0.3729787,-0.03239632,-0.9272742,0.07298997,0.9973176,-0.005484577,0.9249645,-0.06563608,0.3743428,moving,69.76385,12.78711,2.108221,7.032974,71.33081758317772,15.996119667842237,67.89988377377489,69.80047176044246,67.3106477061285
05/18/2023 18:41:05.470223,2796,True,True,True,True,Eyes,0.655065,0.01748797,-1.975904,0.9358811,0.07839888,0.3434823,0.0,0.0,0.0,0.0,0.0,0.0,0.0,-2.072936,-0.08178207,0.09437501,0.6798028,0.01695542,-1.962203,0.01864078,0.5615274,-0.03339228,0.826574,3.917345,68.3126,358.0316,0.2585135,0.0125654,-0.9659257,0.4120487,-0.03144338,0.2372797,1.712527,0.1403935,-0.6257405,0.07850009,0.2548332,2.050274,0.3671439,-0.03426776,-0.9295328,0.07613699,0.997075,-0.006685391,0.927043,-0.06831732,0.368679,moving,69.84611,12.85734,2.192647,7.085086,71.40611684044963,16.06374066560963,67.89926341377266,69.79341406579208,67.30595666599103
05/18/2023 18:41:05.489920,2797,True,True,True,True,Eyes,0.6574317,0.01747313,-1.975444,0.9363803,0.07889143,0.3420061,0.0,0.0,0.0,0.0,0.0,0.0,0.0,-2.074795,-0.0902811,0.07283354,0.6910769,0.0183503,-1.95967,0.01530799,0.5635863,-0.03271145,0.8252674,3.56253,68.5938,357.8906,0.2641728,0.01215065,-0.9643985,0.3873257,-0.02955677,0.2230429,1.747113,0.1475751,-0.6427721,0.0817371,0.256886,2.050538,0.3626011,-0.03673664,-0.9312201,0.07124612,0.9973913,-0.01160508,0.9292172,-0.06213781,0.3642725,moving,69.93565,12.98936,2.282676,7.140666,71.48701344430573,16.18936599437692,67.90531726271745,69.7934043638335,67.30073312455424
05/18/2023 18:41:05.499999,2798,True,True,True,True,Eyes,0.6601025,0.01754865,-1.974937,0.937018,0.07879476,0.3402774,0.0,0.0,0.0,0.0,0.0,0.0,0.0,-2.076984,-0.09328517,0.05229199,0.7022521,0.01674671,-1.957514,0.01109271,0.5654165,-0.03071852,0.8241587,3.039352,68.84637,357.814,0.269369,0.01177623,-0.9629647,0.3640862,-0.02778337,0.2096604,1.783392,0.1601102,-0.661428,0.08494288,0.2589187,2.050798,0.3587212,-0.03808987,-0.9326673,0.06317787,0.9978666,-0.01645321,0.9313042,-0.05302181,0.3603624,moving,70.04155,13.03765,2.371802,7.195672,71.58476076402223,16.23699155264852,67.92145096606806,69.8009965553741,67.31610427761987
05/18/2023 18:41:05.520123,2799,True,True,True,True,Eyes,0.6631403,0.01772708,-1.974345,0.9376973,0.07897567,0.3383586,0.0,0.0,0.0,0.0,0.0,0.0,0.0,-2.078284,-0.1044018,0.0316292,0.7121234,0.01914883,-1.955422,0.01544651,0.5676331,-0.03612388,0.8223438,3.808096,69.15175,357.5946,0.2741633,0.0114425,-0.9616148,0.342241,-0.02611637,0.1970807,1.812369,0.1926609,-0.6769576,0.08818847,0.2609768,2.051062,0.3529754,-0.04187658,-0.934695,0.07694838,0.996913,-0.01560553,0.9324631,-0.06641489,0.3551081,moving,70.15854,13.13809,2.462001,7.25134,71.69184048075674,16.33368527668533,67.95200672637286,69.8230597314116,67.33975457239501
05/18/2023 18:41:05.539963,2800,True,True,True,True,Eyes,0.6665025,0.01790996,-1.973716,0.9384192,0.07972379,0.3361748,0.0,0.0,0.0,0.0,0.0,0.0,0.0,-2.079276,-0.119507,0.007234335,0.7240185,0.0217928,-1.952701,0.01092509,0.5701087,-0.03624529,0.8206967,3.397331,69.49255,357.2993,0.2786137,0.01115037,-0.9603382,0.3217066,-0.02454938,0.1852559,1.846424,0.1765369,-0.6948588,0.09134096,0.2629757,2.051319,0.3473248,-0.04703581,-0.9365646,0.07194975,0.9971339,-0.02339514,0.9349807,-0.05925987,0.3497135,moving,70.29069,13.34122,2.549578,7.305378,71.81107488675285,16.526847604824034,68.00948201277163,69.87267314670571,67.37767153951417
05/18/2023 18:41:05.550053,2801,True,True,True,True,Eyes,0.6701559,0.01808714,-1.973027,0.9392134,0.08031388,0.3338082,0.0,0.0,0.0,0.0,0.0,0.0,0.0,-2.081347,-0.1199108,-0.01257694,0.735091,0.02188788,-1.950821,0.004363724,0.5717342,-0.03153603,0.8198211,2.476831,69.72504,357.3198,0.2827699,0.0108959,-0.9591257,0.3024042,-0.02307642,0.1741405,1.882226,0.1647488,-0.7149119,0.0945369,0.265002,2.051579,0.344251,-0.04671801,-0.9377148,0.05669757,0.9979728,-0.0289055,0.9371642,-0.04321539,0.346202,moving,70.43416,13.52818,2.638328,7.360132,71.94116724254303,16.705133379057976,68.07583751010728,69.9300548966777,67.42650436229545
05/18/2023 18:41:05.570253,2802,True,True,True,True,Eyes,0.6741026,0.01830105,-1.972246,0.9401744,0.08111548,0.3308965,0.0,0.0,0.0,0.0,0.0,0.0,0.0,-2.08253,-0.1240818,-0.03801286,0.7457871,0.0219719,-1.948613,0.005157724,0.5746402,-0.03300622,0.817724,2.657677,70.12985,357.2428,0.2866752,0.01067505,-0.9579681,0.2842599,-0.02169183,0.1636921,1.915814,0.1827557,-0.736044,0.09781277,0.2670793,2.051845,0.3373984,-0.04805228,-0.9401348,0.05990763,0.9977679,-0.02949821,0.9394538,-0.04636859,0.339524,moving,70.61037,13.77379,2.729261,7.416233,72.10064000042831,16.93906718850862,68.17817458745967,70.0219436705587,67.50424118355606
05/18/2023 18:41:05.590281,2803,True,True,True,True,Eyes,0.6783331,0.01858105,-1.971411,0.9411494,0.08218286,0.3278475,0.0,0.0,0.0,0.0,0.0,0.0,0.0,-2.083334,-0.1306265,-0.06219745,0.7570254,0.02306982,-1.946174,0.002748926,0.5771254,-0.03272285,0.8159951,2.421846,70.48,357.1182,0.2903689,0.01048625,-0.956857,0.2672043,-0.02039032,0.1538706,1.949425,0.2006359,-0.7592172,0.1008927,0.2690323,2.052096,0.331711,-0.05023042,-0.9420429,0.05657633,0.9978433,-0.03328416,0.9416831,-0.0422566,0.3338375,moving,70.79433,14.07259,2.814721,7.468951,72.26631309279087,17.22296617840181,68.29959947053278,70.13319083232919,67.5934735112249
05/18/2023 18:41:05.599807,2804,True,True,True,True,Eyes,0.6828405,0.01888354,-1.970496,0.9422764,0.08342998,0.3242756,0.0,0.0,0.0,0.0,0.0,0.0,0.0,-2.084064,-0.1374283,-0.0863415,0.7681161,0.02489336,-1.943976,-0.00109973,0.5795941,-0.03141253,0.8142989,1.984092,70.83221,356.9926,0.2938854,0.01032944,-0.9557846,0.2511721,-0.01916691,0.1446383,1.982334,0.2112254,-0.7818139,0.1041698,0.2711104,2.052362,0.3261678,-0.05243317,-0.9438566,0.04988359,0.9980241,-0.03820405,0.9439948,-0.03462201,0.3281389,moving,71.00957,14.4282,2.905615,7.525018,72.46004152187857,17.560757473242745,68.45292256994692,70.27470608662982,67.70699684226479
05/18/2023 18:41:05.624812,2805,True,True,True,True,Eyes,0.6876001,0.01921208,-1.969531,0.9434169,0.084762,0.3205931,0.0,0.0,0.0,0.0,0.0,0.0,0.0,-2.084578,-0.1409175,-0.1130049,0.7795022,0.02566059,-1.9416,-0.004349743,0.582463,-0.02991141,0.8122951,1.591769,71.24271,356.9228,0.2972555,0.0102025,-0.9547432,0.2361017,-0.01801689,0.13596,2.013989,0.2206474,-0.8043258,0.1074145,0.2731676,2.052626,0.3196843,-0.05366091,-0.9460035,0.04352665,0.9981728,-0.04191113,0.9465238,-0.02777803,0.3214358,moving,71.23115,14.80963,2.995573,7.580494,72.65918179846285,17.92286236175464,68.61744949959467,70.42714657115887,67.82706491362754
05/18/2023 18:41:05.641964,2806,True,True,True,True,Eyes,0.6926094,0.01959111,-1.96851,0.9446694,0.08598788,0.3165529,0.0,0.0,0.0,0.0,0.0,0.0,0.0,-2.085032,-0.142133,-0.1376994,0.7903603,0.02658519,-1.939367,-0.005821227,0.5850843,-0.02891994,0.8104358,1.398485,71.61631,356.9215,0.3005055,0.01010368,-0.9537263,0.2219356,-0.01693588,0.1278024,2.046303,0.2214272,-0.8276277,0.1105257,0.2751403,2.052879,0.31368,-0.05368731,-0.9480097,0.04006368,0.9982595,-0.04327666,0.9486831,-0.02440574,0.315285,moving,71.47432,15.19703,3.081794,7.633666,72.87832434623755,18.291049647010844,68.80946219566879,70.60549181595461,67.97283797865451
05/18/2023 18:41:05.649661,2807,True,True,True,True,Eyes,0.6978607,0.01997154,-1.96745,0.945923,0.08735717,0.3124075,0.0,0.0,0.0,0.0,0.0,0.0,0.0,-2.085086,-0.1458474,-0.1634917,0.8014819,0.02816951,-1.937115,-0.006658517,0.5878865,-0.02886514,0.808401,1.327854,72.01467,356.8751,0.3036588,0.01003257,-0.9527277,0.2086195,-0.01591972,0.1201343,2.078803,0.226544,-0.8526038,0.1137817,0.2772049,2.053145,0.3071126,-0.05449811,-0.9501116,0.03884031,0.9982449,-0.04470435,0.9508803,-0.02317334,0.3086904,moving,71.7233,15.62236,3.171988,7.68928,73.10215248115719,18.694873789556706,69.00881201127682,70.79089630045962,68.11929601980329
05/18/2023 18:41:05.670147,2808,True,True,True,True,Eyes,0.7033262,0.0203312,-1.966338,0.9472686,0.08838724,0.3080096,0.0,0.0,0.0,0.0,0.0,0.0,0.0,-2.085429,-0.1436713,-0.1893623,0.8125888,0.02853183,-1.935045,-0.008345362,0.5906589,-0.02701263,0.806426,1.057205,72.41283,356.937,0.3067356,0.009986431,-0.9517421,0.1961023,-0.01496454,0.1129262,2.109159,0.2356637,-0.8771679,0.1169559,0.2792175,2.053403,0.3007849,-0.05342589,-0.9521945,0.03370884,0.9984014,-0.04537032,0.9530962,-0.01845066,0.3021049,moving,71.98778,16.0115,3.25988,7.743472,73.34111759052192,19.065177628874203,69.22343913313456,70.98986463267883,68.28543244841534
05/18/2023 18:41:05.690410,2809,True,True,True,True,Eyes,0.7089903,0.02068548,-1.965196,0.9486536,0.08908421,0.3035132,0.0,0.0,0.0,0.0,0.0,0.0,0.0,-2.085637,-0.1393898,-0.2154639,0.8234004,0.02838885,-1.933117,-0.006633736,0.5936354,-0.02677151,0.8042613,1.209863,72.83216,357.0795,0.3097534,0.009961751,-0.9507645,0.1843362,-0.01406667,0.1061507,2.139174,0.2330609,-0.9013504,0.1200216,0.2811618,2.053652,0.2937606,-0.05093862,-0.9545208,0.03518655,0.9984786,-0.04245555,0.9552312,-0.02111452,0.295106,moving,72.25839,16.3575,3.344734,7.795794,73.5866224059731,19.395241206150708,69.44346472431205,71.19318831408982,68.46271630093511
05/18/2023 18:41:05.700984,2810,True,True,True,True,Eyes,0.7148467,0.02104667,-1.964022,0.9500898,0.08945698,0.2988761,0.0,0.0,0.0,0.0,0.0,0.0,0.0,-2.085207,-0.1386804,-0.2414601,0.8338716,0.02866456,-1.931181,-0.003230139,0.5967021,-0.02835476,0.8019552,1.642198,73.26231,357.1711,0.3127265,0.009956092,-0.9497908,0.173276,-0.01322267,0.09978163,2.169474,0.2265773,-0.9259249,0.1232432,0.2832043,2.053914,0.2862852,-0.04933335,-0.9568735,0.04162363,0.9983711,-0.03901954,0.95724,-0.02865783,0.2878723,moving,72.53764,16.66303,3.433863,7.850737,73.84095441838225,19.6876211993241,69.66339428698244,71.39517035167465,68.64618351889582
05/18/2023 18:41:05.724687,2811,True,True,True,True,Eyes,0.7208875,0.02141743,-1.962829,0.9515365,0.08969377,0.2941656,0.0,0.0,0.0,0.0,0.0,0.0,0.0,-2.084738,-0.1389641,-0.2660242,0.8444403,0.02924941,-1.92932,-0.0007124086,0.5994425,-0.02955529,0.7998717,1.96527,73.65013,357.2394,0.3156678,0.009967846,-0.9488172,0.1628795,-0.01242931,0.09379473,2.198325,0.2224418,-0.9502895,0.1264452,0.2852347,2.054174,0.2795904,-0.04813498,-0.9589121,0.04642678,0.998252,-0.03657306,0.9589964,-0.03429372,0.2813364,moving,72.82111,16.95694,3.522412,7.905322,74.0994415073138,19.96922106197968,69.88734744510717,71.6006616914528,68.83523254477915
05/18/2023 18:41:05.739905,2812,True,True,True,True,Eyes,0.7271026,0.02180381,-1.961584,0.9530158,0.08988811,0.2892766,0.0,0.0,0.0,0.0,0.0,0.0,0.0,-2.084263,-0.1359022,-0.2912056,0.8549516,0.02985436,-1.927586,0.001302852,0.6022803,-0.02950801,0.7977382,2.156139,74.05537,357.3897,0.3185883,0.009995691,-0.9478402,0.1531067,-0.01168355,0.08816705,2.226443,0.2193713,-0.9747081,0.129653,0.2872688,2.054435,0.2727756,-0.04550996,-0.9610007,0.04864869,0.9982552,-0.03346551,0.9608469,-0.03762285,0.2745137,moving,73.11496,17.2618,3.611082,7.95998,74.36739017851248,20.261308149771885,70.123554618625,71.81767067582325,69.03464757787033
05/18/2023 18:41:05.749848,2813,True,True,True,True,Eyes,0.7334957,0.02221224,-1.96032,0.9544758,0.09014449,0.2843413,0.0,0.0,0.0,0.0,0.0,0.0,0.0,-2.083734,-0.1321345,-0.3159909,0.8656025,0.03060019,-1.92589,0.002904913,0.6049941,-0.02897846,0.7956972,2.274463,74.44527,357.5565,0.3214978,0.01003874,-0.9468568,0.1439203,-0.01098254,0.08287703,2.253042,0.2143462,-0.9980172,0.1329792,0.2893777,2.054706,0.2662849,-0.04260124,-0.9629526,0.04963106,0.9983037,-0.03044072,0.9626159,-0.03968645,0.2679475,moving,73.41104,17.59014,3.702979,8.016616,74.63696604537888,20.57542441629514,70.36239144712391,72.03717225843324,69.23252972864194
05/18/2023 18:41:05.770171,2814,True,True,True,True,Eyes,0.7400543,0.02261396,-1.959027,0.955911,0.09107156,0.2791775,0.0,0.0,0.0,0.0,0.0,0.0,0.0,-2.082959,-0.1293985,-0.3400997,0.8763054,0.03150792,-1.924116,0.002782805,0.6075208,-0.02774844,0.7938143,2.185422,74.8105,357.6673,0.3244043,0.01009648,-0.9458643,0.1352851,-0.01032359,0.0779044,2.279008,0.2102342,-1.021105,0.1360868,0.2913483,2.054958,0.2602971,-0.04067298,-0.9646717,0.04743543,0.9984446,-0.02929744,0.9643628,-0.03813356,0.2618216,moving,73.71935,18.06704,3.788803,8.06951,74.91508615402854,21.028878185280988,70.6415742309025,72.29725706462672,69.44413481794449
05/18/2023 18:41:05.789875,2815,True,True,True,True,Eyes,0.7467717,0.02302179,-1.957722,0.9573342,0.09185705,0.2739957,0.0,0.0,0.0,0.0,0.0,0.0,0.0,-2.082396,-0.1258966,-0.3629223,0.8869986,0.03168698,-1.922541,0.002647746,0.6098025,-0.0265217,0.7921051,2.094088,75.14113,357.7756,0.3273152,0.01016707,-0.9448603,0.127168,-0.00970417,0.07323014,2.303877,0.2097651,-1.043598,0.1394089,0.2934549,2.055229,0.2548749,-0.03878674,-0.9661958,0.04524515,0.9985792,-0.02815142,0.9659149,-0.03654059,0.2562676,moving,74.02851,18.53373,3.880503,8.126023,75.194194222342,21.472794484984416,70.91588856575018,72.55190462577762,69.65141319501123
05/18/2023 18:41:05.809899,2816,True,True,True,True,Eyes,0.7536396,0.02343838,-1.956395,0.958746,0.09298708,0.2686252,0.0,0.0,0.0,0.0,0.0,0.0,0.0,-2.081291,-0.1262497,-0.3856682,0.8975548,0.03225738,-1.920887,0.003962239,0.6121358,-0.02697802,0.7902825,2.251788,75.47859,357.8326,0.3302361,0.01024947,-0.9438424,0.1195379,-0.00912192,0.06883633,2.327575,0.2113411,-1.065312,0.1425405,0.2954405,2.055483,0.2491241,-0.03778965,-0.967734,0.04749136,0.998513,-0.02676584,0.9673064,-0.03929099,0.2505483,moving,74.34798,19.09376,3.966908,8.179267,75.48111736137146,22.004316420049456,71.22233816237876,72.8382738129404,69.87181266632693
05/18/2023 18:41:05.819989,2817,True,True,True,True,Eyes,0.7606491,0.02386043,-1.955063,0.9601412,0.09393662,0.263258,0.0,0.0,0.0,0.0,0.0,0.0,0.0,-2.08015,-0.128406,-0.4075832,0.9081692,0.03287706,-1.919318,0.00479136,0.6142964,-0.02763266,0.7885769,2.378802,75.79183,357.8379,0.333172,0.01034287,-0.942809,0.1123656,-0.008574605,0.06470615,2.350452,0.2118861,-1.086061,0.1457347,0.2974661,2.055743,0.2437527,-0.03769432,-0.9691046,0.04946757,0.998427,-0.02639257,0.968575,-0.04150599,0.245234,moving,74.66708,19.63759,4.055001,8.233556,75.76800666856947,22.52066610016198,71.52704168477399,73.12234061512547,70.09118713001477
05/18/2023 18:41:05.839758,2818,True,True,True,True,Eyes,0.767794,0.02427876,-1.953705,0.9615359,0.09505737,0.2577068,0.0,0.0,0.0,0.0,0.0,0.0,0.0,-2.078882,-0.1305257,-0.4291772,0.9186063,0.03339215,-1.917819,0.006169525,0.6164391,-0.02856216,0.7868602,2.574752,76.10331,357.8578,0.3361266,0.01044638,-0.9417586,0.1056237,-0.008060128,0.06082378,2.372662,0.2138363,-1.106227,0.1487969,0.2994077,2.055992,0.2383741,-0.03734258,-0.9704552,0.05255513,0.9982923,-0.02550455,0.9697503,-0.04492277,0.2399296,moving,74.99644,20.24693,4.139411,8.285562,76.06319859140895,23.09857038683964,71.85953578432209,73.43334691380132,70.32313176449624
05/18/2023 18:41:05.850075,2819,True,True,True,True,Eyes,0.7750683,0.02468965,-1.952351,0.9629127,0.09594215,0.2521792,0.0,0.0,0.0,0.0,0.0,0.0,0.0,-2.07752,-0.1321185,-0.4512274,0.9291681,0.03372326,-1.916419,0.008476034,0.6186603,-0.02982147,0.7850468,2.877852,76.42776,357.9151,0.3391033,0.01055874,-0.9406897,0.09928626,-0.007576521,0.05717435,2.394531,0.2165133,-1.126536,0.1522549,0.3016002,2.056274,0.2327404,-0.03633492,-0.9718599,0.05731006,0.9980777,-0.02359055,0.9708489,-0.05020688,0.2343753,moving,75.32429,20.82943,4.234687,8.344257,76.35749867841825,23.65131689656201,72.17763642249267,73.72927537333811,70.54397028206591
05/18/2023 18:41:05.870082,2820,True,True,True,True,Eyes,0.7824664,0.02507614,-1.951002,0.9642852,0.09694154,0.2464881,0.0,0.0,0.0,0.0,0.0,0.0,0.0,-2.076254,-0.1322907,-0.4724437,0.939568,0.03405211,-1.915094,0.0109172,0.6207448,-0.03073898,0.7833338,3.168108,76.73447,358.0139,0.3421043,0.01067866,-0.939601,0.09332908,-0.007121929,0.0537439,2.416118,0.2143765,-1.146563,0.1552883,0.3035237,2.056521,0.2274623,-0.03460418,-0.9731718,0.06171135,0.9978719,-0.0210585,0.9718294,-0.05526574,0.2291137,moving,75.66124,21.46926,4.318222,8.395722,76.65917752764739,24.25793468174542,72.53098381509635,74.05959517722184,70.78481378185995
05/18/2023 18:41:05.889988,2821,True,True,True,True,Eyes,0.7899858,0.02544544,-1.949661,0.9656432,0.09772231,0.2407975,0.0,0.0,0.0,0.0,0.0,0.0,0.0,-2.074738,-0.1325037,-0.4944206,0.9500096,0.03385486,-1.913865,0.0131499,0.6229543,-0.03165894,0.7815068,3.439676,77.06101,358.0998,0.3451315,0.01080416,-0.9384919,0.08772933,-0.006694613,0.05051926,2.437571,0.2099298,-1.1664,0.1584571,0.3055331,2.056778,0.2218514,-0.03309977,-0.9745185,0.06586692,0.9976496,-0.01889067,0.9728533,-0.05999761,0.2235101,moving,75.99801,22.08868,4.405445,8.449462,76.9610803821277,24.8454438497569,72.88020054123581,74.38513592460404,71.02309070624459
05/18/2023 18:41:05.899897,2822,True,True,True,True,Eyes,0.7976374,0.02580682,-1.948348,0.9670032,0.09863443,0.2348959,0.0,0.0,0.0,0.0,0.0,0.0,0.0,-2.072881,-0.1329784,-0.5171266,0.9604701,0.03384177,-1.912665,0.01538364,0.625293,-0.0325552,0.7795591,3.709512,77.40835,358.19,0.3481859,0.01093378,-0.9373615,0.0,0.0,0.0,2.45825,0.2075025,-1.185482,0.1616084,0.3075311,2.057034,0.2158978,-0.03151885,-0.9759071,0.06999595,0.997407,-0.01672816,0.9739039,-0.06469799,0.2175443,moving,76.34666,22.77787,4.492146,8.502866,77.27271355398331,25.49853222481015,73.25876685678111,74.7386358177956,71.27255483935978
05/18/2023 18:41:05.919955,2823,True,True,True,True,Eyes,0.805416,0.02615824,-1.947042,0.9683291,0.09954611,0.2289747,0.0,0.0,0.0,0.0,0.0,0.0,0.0,-2.070565,-0.1327966,-0.5417663,0.9712518,0.03400198,-1.911517,0.01708025,0.6279193,-0.03294017,0.7773936,3.89474,77.79914,358.2904,0.3512688,0.01106666,-0.936209,0.0,0.0,0.0,2.478585,0.2047616,-1.204416,0.1648175,0.3095661,2.057295,0.2092647,-0.02976491,-0.9774061,0.07266501,0.9972464,-0.01481138,0.9751555,-0.0679237,0.2108513,moving,76.69601,23.49686,4.580392,8.557232,77.58442701987877,26.17953050023428,73.64682507956678,75.10082911403205,71.52096646059317
05/18/2023 18:41:05.941142,2824,True,True,True,True,Eyes,0.8133206,0.02647007,-1.945756,0.9696282,0.1008127,0.2228411,0.0,0.0,0.0,0.0,0.0,0.0,0.0,-2.068094,-0.1298472,-0.5666672,0.9821135,0.03409325,-1.910308,0.01737024,0.6305351,-0.03199063,0.7753066,3.8576,78.1874,358.4091,0.3543816,0.01120193,-0.9350336,0.0,0.0,0.0,2.498142,0.2018072,-1.222576,0.1680014,0.3115851,2.057555,0.2028042,-0.02769999,-0.9788274,0.07151019,0.9973498,-0.0134079,0.9766046,-0.06727695,0.2042475,moving,77.05697,24.34187,4.667902,8.611139,77.90453963576903,26.97875383114593,74.07856008119344,75.50479697859119,71.77889514139086
05/18/2023 18:41:05.949853,2825,True,True,True,True,Eyes,0.8213491,0.02672898,-1.944481,0.9708945,0.1020417,0.2166825,0.0,0.0,0.0,0.0,0.0,0.0,0.0,-2.065675,-0.1244683,-0.5916721,0.9930556,0.03337386,-1.909269,0.01703649,0.6331295,-0.03036786,0.7732624,3.715424,78.57236,358.5419,0.357525,0.01133738,-0.9338346,0.0,0.0,0.0,2.517468,0.199854,-1.240317,0.1713704,0.3137214,2.057829,0.1964498,-0.02539204,-0.9801851,0.06853726,0.997575,-0.01210622,0.9781157,-0.06480092,0.1977137,moving,77.41901,25.21704,4.760453,8.668146,78.2250797078197,27.806232734783595,74.5193384159138,75.91651823672761,72.03278746002373
05/18/2023 18:41:05.970255,2826,True,True,True,True,Eyes,0.8294941,0.026938,-1.943197,0.9721413,0.1035105,0.2103019,0.0,0.0,0.0,0.0,0.0,0.0,0.0,-2.062656,-0.1201499,-0.6176555,1.004098,0.03234489,-1.9082,0.0176737,0.6358983,-0.02951227,0.7710057,3.714604,78.98632,358.6775,0.3606997,0.01147043,-0.9326112,0.0,0.0,0.0,2.536074,0.1949192,-1.257178,0.1743938,0.3156386,2.058075,0.1895247,-0.02303091,-0.9816058,0.06798562,0.9976333,-0.01028055,0.9795194,-0.06478667,0.1906419,moving,77.79338,26.2064,4.843467,8.719282,78.55491685200549,28.740879870075773,75.01659218235318,76.38221141441076,72.30665191723804
05/18/2023 18:41:05.990077,2827,True,True,True,True,Eyes,0.8377556,0.0270814,-1.941926,0.9733454,0.1049873,0.2039032,0.0,0.0,0.0,0.0,0.0,0.0,0.0,-2.059494,-0.1165989,-0.6434819,1.01517,0.03128348,-1.907257,0.01791575,0.6386316,-0.02869561,0.7687688,3.680805,79.395,358.7806,0.3639061,0.01159889,-0.9313632,0.0,0.0,0.0,2.554597,0.1926824,-1.273786,0.1776969,0.3177328,2.058343,0.1826526,-0.02123745,-0.9829482,0.0670037,0.9977111,-0.009105702,0.9808919,-0.06419798,0.1836575,moving,78.16837,27.24339,4.934114,8.775108,78.88441754274051,29.720124597623293,75.52703947531018,76.85922920728633,72.57301058867239
05/18/2023 18:41:06.000442,2828,True,True,True,True,Eyes,0.8461285,0.02716369,-1.940625,0.9745409,0.1065231,0.1972888,0.0,0.0,0.0,0.0,0.0,0.0,0.0,-2.055979,-0.1126278,-0.669345,1.026265,0.02982906,-1.906212,0.01773229,0.6413508,-0.02770748,0.7665423,3.596269,79.80155,358.8671,0.3671442,0.01172004,-0.9300898,0.0,0.0,0.0,2.572412,0.1925357,-1.289827,0.1807988,0.3196996,2.058596,0.1758027,-0.01973266,-0.9842277,0.06522315,0.9978358,-0.008355327,0.9822623,-0.06272553,0.1767093,moving,78.55556,28.36617,5.019196,8.827506,79.22363924901602,30.779951156017056,76.08781913844943,77.3835205080796,72.85640893972536
05/18/2023 18:41:06.025218,2829,True,True,True,True,Eyes,0.8546172,0.02717743,-1.939335,0.9756942,0.1080268,0.1906597,0.0,0.0,0.0,0.0,0.0,0.0,0.0,-2.052099,-0.1103548,-0.6955917,1.037505,0.02838274,-1.905233,0.01834777,0.6441293,-0.02745904,0.7642034,3.635978,80.22012,358.9475,0.3704146,0.01183169,-0.9287908,0.0,0.0,0.0,2.590314,0.1959027,-1.307023,0.1840242,0.3217446,2.058859,0.1686869,-0.01833192,-0.9854993,0.06560525,0.9978187,-0.007331491,0.983484,-0.06341719,0.1695216,moving,78.94321,29.53566,5.107618,8.881962,79.5623930764032,31.883510490580463,76.66987600789287,77.92679105828954,73.13682922994839
05/18/2023 18:41:06.039789,2830,True,True,True,True,Eyes,0.8632033,0.02712187,-1.937999,0.9768375,0.1092807,0.1839736,0.0,0.0,0.0,0.0,0.0,0.0,0.0,-2.047944,-0.1076051,-0.7217249,1.048804,0.02673995,-1.904163,0.01838969,0.6468604,-0.0269175,0.7619114,3.603206,80.6312,359.011,0.3737171,0.01193148,-0.9274657,0.0,0.0,0.0,2.607594,0.2020914,-1.323905,0.1872491,0.3237895,2.05912,0.1616941,-0.01722637,-0.9866906,0.06480862,0.9978745,-0.0068011,0.9847107,-0.06284636,0.1624669,moving,79.33409,30.71041,5.195982,8.936386,79.90405555784052,32.99206731954135,77.26944531295821,78.4854894771705,73.42209544931444
05/18/2023 18:41:06.049921,2831,True,True,True,True,Eyes,0.8719034,0.02701322,-1.936671,0.9779485,0.1104447,0.1772536,0.0,0.0,0.0,0.0,0.0,0.0,0.0,-2.04377,-0.1056253,-0.7469988,1.059943,0.02497287,-1.90317,0.01861137,0.6494648,-0.02667426,0.7596958,3.607774,81.02477,359.0611,0.377052,0.01201735,-0.9261138,0.0,0.0,0.0,2.624516,0.2028538,-1.339458,0.1905226,0.3258651,2.059387,0.1549679,-0.01635379,-0.9877842,0.06470349,0.9978842,-0.006370032,0.9857985,-0.06292594,0.1556982,moving,79.72665,31.92657,5.285629,8.991593,80.24648863764602,34.13942386298389,77.89402273289635,79.06670522241403,73.70814289860621
05/18/2023 18:41:06.070165,2832,True,True,True,True,Eyes,0.8807079,0.02687145,-1.935331,0.9790286,0.1114954,0.1705046,0.0,0.0,0.0,0.0,0.0,0.0,0.0,-2.038595,-0.1076021,-0.7736613,1.071398,0.02360024,-1.901985,0.01872018,0.652284,-0.02724544,0.7572536,3.663431,81.45106,359.033,0.3804189,0.01208812,-0.924735,0.0,0.0,0.0,2.641473,0.1994382,-1.354069,0.1936817,0.3278685,2.059644,0.1475667,-0.01684166,-0.9889087,0.06568516,0.9978144,-0.007191671,0.9868686,-0.06389537,0.1483504,moving,80.12063,33.18124,5.372097,9.04485,80.58950571524933,35.322859664074585,78.54876515823905,79.67554433916385,73.99948701555327
05/18/2023 18:41:06.090003,2833,True,True,True,True,Eyes,0.8896332,0.02668448,-1.933995,0.9800445,0.1127052,0.1637386,0.0,0.0,0.0,0.0,0.0,0.0,0.0,-2.033453,-0.1079793,-0.7996799,1.082792,0.02261942,-1.900823,0.01840847,0.6549844,-0.02718368,0.7549291,3.635216,81.85966,359.028,0.3838172,0.01214372,-0.923329,0.0,0.0,0.0,2.657707,0.2023545,-1.367956,0.1968623,0.3298853,2.059902,0.1405132,-0.01692897,-0.9899342,0.06515802,0.9978444,-0.00781558,0.9879325,-0.06340394,0.1413134,moving,80.51505,34.54057,5.459107,9.098439,80.93092406074214,36.60427107438591,79.25084611182653,80.32786545498669,74.28926037049506
05/18/2023 18:41:06.100473,2834,True,True,True,True,Eyes,0.8986621,0.02645168,-1.932655,0.9810149,0.1139069,0.1569553,0.0,0.0,0.0,0.0,0.0,0.0,0.0,-2.028097,-0.1035913,-0.8264538,1.09464,0.02130197,-1.899538,0.01648442,0.6577001,-0.02549868,0.7526677,3.345427,82.26758,359.0414,0.3872473,0.01218351,-0.9218951,0.0,0.0,0.0,2.673572,0.2045069,-1.380749,0.200116,0.3319484,2.060167,0.1335609,-0.01670045,-0.9908998,0.06006766,0.9981562,-0.008726384,0.9892185,-0.05835554,0.1343178,moving,80.91013,35.96946,5.548067,9.153225,81.27162232721088,37.95080826393859,79.99094323228844,81.01455198442217,74.57749953928409
05/18/2023 18:41:06.120115,2835,True,True,True,True,Eyes,0.9078063,0.02619321,-1.931314,0.9819373,0.1151463,0.1501347,0.0,0.0,0.0,0.0,0.0,0.0,0.0,-2.022747,-0.1006291,-0.8520221,1.106193,0.01993652,-1.898292,0.01544814,0.6602597,-0.02451979,0.7504781,3.185329,82.65552,359.0587,0.3907083,0.01220691,-0.9204334,0.0,0.0,0.0,2.689926,0.202159,-1.393686,0.2032033,0.3339059,2.060418,0.126912,-0.01640357,-0.9917784,0.0572027,0.9983202,-0.009191879,0.9902632,-0.05556584,0.1276371,moving,81.30701,37.48652,5.632431,9.205174,81.61230555270947,39.37991696230351,80.78661051436035,81.75240944392131,74.8717043026752
05/18/2023 18:41:06.139924,2836,True,True,True,True,Eyes,0.9170603,0.02589875,-1.929973,0.9827917,0.1165538,0.1433029,0.0,0.0,0.0,0.0,0.0,0.0,0.0,-2.016204,-0.09962939,-0.8796223,1.118125,0.01906566,-1.896885,0.01448448,0.6631349,-0.02392676,0.7479773,3.061134,83.0931,359.0485,0.3941999,0.01221432,-0.9189433,0.0,0.0,0.0,2.704653,0.217758,-1.405092,0.2063655,0.335911,2.060676,0.1193592,-0.01658301,-0.9927126,0.05500367,0.9984354,-0.01006521,0.9913263,-0.05340146,0.1200846,moving,81.70405,39.12279,5.718793,9.258359,81.95084989729457,40.92061418481319,81.64339238609459,82.54589573189321,75.16245213363281
05/18/2023 18:41:06.150005,2837,True,True,True,True,Eyes,0.9264221,0.02554196,-1.928633,0.983588,0.1180505,0.1364502,0.0,0.0,0.0,0.0,0.0,0.0,0.0,-2.009951,-0.09308998,-0.906594,1.130035,0.01784943,-1.895569,0.0125145,0.6658669,-0.02180883,0.7456469,2.73441,83.50835,359.0904,0.3977217,0.01220566,-0.9174246,0.0,0.0,0.0,2.718175,0.2367566,-1.415919,0.2096458,0.3379912,2.060942,0.1122914,-0.01585738,-0.9935489,0.04918935,0.9987355,-0.01038075,0.9924572,-0.04770635,0.1129294,moving,82.10194,40.86488,5.808335,9.313509,82.28815527073014,42.56038220455572,82.56030024094913,83.39374968499132,75.44977319270244
05/18/2023 18:41:06.169940,2838,True,True,True,True,Eyes,0.9358758,0.02513375,-1.927285,0.9843659,0.1194051,0.1294841,0.0,0.0,0.0,0.0,0.0,0.0,0.0,-2.003089,-0.08603064,-0.934189,1.142002,0.01593903,-1.894216,0.01166118,0.6687085,-0.02012164,0.743161,2.535781,83.94464,359.1792,0.4012728,0.0121796,-0.9158774,0.0,0.0,0.0,2.735394,0.2122899,-1.427691,0.2128088,0.3399968,2.0612,0.1048482,-0.01431138,-0.9943853,0.04550309,0.9989183,-0.009578759,0.9934468,-0.04424329,0.105386,moving,82.5063,42.68103,5.894625,9.366647,82.63006776477553,44.26962117463081,83.54158761345342,84.30033085665254,75.74765878314868
05/18/2023 18:41:06.190106,2839,True,True,True,True,Eyes,0.9454145,0.02480458,-1.925936,0.9851357,0.1204561,0.1224663,0.0,0.0,0.0,0.0,0.0,0.0,0.0,-1.995898,-0.0844297,-0.9611989,1.153699,0.01430354,-1.892991,0.01212821,0.6715261,-0.02007782,0.7406095,2.575172,84.38117,359.2285,0.4048524,0.01213549,-0.9143013,0.0,0.0,0.0,2.751096,0.2305386,-1.442124,0.2160472,0.3420502,2.061464,0.09729894,-0.01345084,-0.9951644,0.04602847,0.9988996,-0.009001038,0.9941905,-0.0449301,0.09781101,moving,82.91368,44.52588,5.982919,9.421021,82.97424336452175,46.00579351730517,84.56177099286062,85.24147821070426,76.0485890214469
05/18/2023 18:41:06.200503,2840,True,True,True,True,Eyes,0.9550644,0.02465952,-1.924557,0.9858702,0.121474,0.1153425,0.0,0.0,0.0,0.0,0.0,0.0,0.0,-1.987316,-0.0940741,-0.988861,1.165287,0.01592848,-1.891553,0.01428303,0.6745523,-0.02237678,0.7377496,2.938454,84.85548,359.2112,0.408459,0.01207884,-0.9126964,0.0,0.0,0.0,2.762239,0.2659158,-1.452564,0.2192251,0.3440652,2.061722,0.08895689,-0.01374762,-0.9959406,0.05228622,0.9985905,-0.009114018,0.9946622,-0.05126321,0.08955032,moving,83.32698,46.48315,6.069516,9.47435,83.32177738039465,47.84733056320403,85.66426922090268,86.25773893216103,76.35711737198301
05/18/2023 18:41:06.220034,2841,True,True,True,True,Eyes,0.9648586,0.02433196,-1.923203,0.9864087,0.1235716,0.1082953,0.0,0.0,0.0,0.0,0.0,0.0,0.0,-1.977789,-0.1032342,-1.018574,1.177634,0.02019998,-1.890124,0.0130805,0.6778168,-0.02294786,0.7347562,2.884964,85.36032,359.0826,0.4120928,0.01201948,-0.9110624,0.0,0.0,0.0,2.778706,0.2609973,-1.467844,0.2224301,0.3460974,2.061983,0.0800756,-0.01598979,-0.9966606,0.05145453,0.9986046,-0.01188692,0.9954599,-0.05033085,0.08078662,moving,83.73474,48.76943,6.1568,9.528105,83.657834811107,49.99670601262028,86.9380144838794,87.43064717083517,76.65044724490718
05/18/2023 18:41:06.239784,2842,True,True,True,True,Eyes,0.9746593,0.02399977,-1.921816,0.9870195,0.1247242,0.1011748,0.0,0.0,0.0,0.0,0.0,0.0,0.0,-1.972864,-0.06107923,-1.045078,1.190929,0.01523446,-1.88933,0.004388952,0.680031,-0.01179378,0.7330753,1.287839,85.69326,359.3511,0.415754,0.01194916,-0.9093984,0.0,0.0,0.0,2.793524,0.2719427,-1.481818,0.2255849,0.348098,2.062239,0.07483739,-0.01132221,-0.9971315,0.0232607,0.9996833,-0.009605404,0.9969244,-0.02247513,0.07507704,moving,84.14732,50.95145,6.242671,9.580995,84.00038439179309,52.04860068478627,88.20798650190483,88.59886864130225,76.95735227124467
05/18/2023 18:41:06.250285,2843,True,True,True,True,Eyes,0.9845794,0.02388975,-1.920425,0.9876725,0.1252974,0.09382747,0.0,0.0,0.0,0.0,0.0,0.0,0.0,-1.964349,-0.07530151,-1.069795,1.200915,0.01499595,-1.888485,0.01330886,0.682855,-0.01735481,0.7302265,2.472428,86.15104,359.5888,0.4194384,0.01186881,-0.907706,0.0,0.0,0.0,2.807192,0.2909229,-1.496503,0.2287818,0.350125,2.0625,0.06681579,-0.007169842,-0.9977396,0.04352193,0.9990433,-0.004264671,0.9968157,-0.04313861,0.06706387,moving,84.57327,53.17273,6.329631,9.634548,84.35463819259331,54.13755021382442,89.54127727382183,89.82437839165878,77.28078366783976
05/18/2023 18:41:06.270017,2844,True,True,True,True,Eyes,0.9946207,0.02375151,-1.919086,0.9880812,0.1272238,0.086659,0.0,0.0,0.0,0.0,0.0,0.0,0.0,-1.949978,-0.110069,-1.104206,1.213688,0.02033775,-1.886888,0.01535952,0.6870592,-0.02439232,0.7260296,3.199962,86.81763,359.1786,0.4231466,0.01178971,-0.9059843,0.0,0.0,0.0,2.821404,0.3073705,-1.512683,0.2318902,0.3520958,2.062752,0.05470952,-0.0143133,-0.9983999,0.05652488,0.9983382,-0.011215,0.9969012,-0.05582086,0.05542761,moving,84.98774,55.73911,6.414138,9.686589,84.69157190085785,56.54926298210423,91.0749450821127,91.23303607167834,77.58399148454765
05/18/2023 18:41:06.290047,2845,True,True,True,True,Eyes,1.004668,0.02374788,-1.917774,0.9885651,0.128238,0.07933505,0.0,0.0,0.0,0.0,0.0,0.0,0.0,-1.94767,-0.06839879,-1.124968,1.226649,0.01922449,-1.886428,0.003559243,0.6882409,-0.01209076,0.7253729,1.249506,86.98277,359.2755,0.4268773,0.01171039,-0.9042334,0.0,0.0,0.0,2.835443,0.3171338,-1.527141,0.2351085,0.3541367,2.063013,0.05235664,-0.01264138,-0.9985485,0.02243984,0.9996823,-0.01147915,0.9983764,-0.02180626,0.05262368,moving,85.4117,58.25679,6.501586,9.740458,85.03828276416692,58.91560804843952,92.63174705373541,92.66179428930377,77.9007520899123
05/18/2023 18:41:06.309566,2846,True,True,True,True,Eyes,1.014828,0.02385926,-1.916439,0.9890329,0.1290762,0.07178718,0.0,0.0,0.0,0.0,0.0,0.0,0.0,-1.934311,-0.09943828,-1.155209,1.236826,0.02264297,-1.885657,0.01066559,0.6921632,-0.01992655,0.7213873,2.462923,87.614,359.198,0.4306259,0.01163707,-0.9024552,0.0,0.0,0.0,2.850438,0.3229226,-1.542566,0.2383305,0.3561798,2.063276,0.04102647,-0.01398486,-0.9990602,0.04351416,0.9989783,-0.01219681,0.9982101,-0.04297287,0.04159309,moving,85.84856,60.91888,6.589074,9.794341,85.39424180298722,61.41742140585553,94.31746714658276,94.20826345414929,78.23137583207077
05/18/2023 18:41:06.319729,2847,True,True,True,True,Eyes,1.025048,0.02389581,-1.915153,0.9893013,0.1308857,0.06443528,0.0,0.0,0.0,0.0,0.0,0.0,0.0,-1.918888,-0.1163039,-1.190679,1.249694,0.02554484,-1.884406,0.009272091,0.6964465,-0.02257292,0.7171937,2.564351,88.29334,358.8836,0.4343928,0.01157444,-0.900649,0.0,0.0,0.0,2.864074,0.3352097,-1.557908,0.2415641,0.35823,2.063539,0.02890545,-0.01946328,-0.9993927,0.04529334,0.998809,-0.01814189,0.9985555,-0.04474143,0.02975261,moving,86.27348,63.78888,6.676827,9.848384,85.73508518508505,64.11357268170593,96.15198530206449,95.89013969079778,78.5414111466707
05/18/2023 18:41:06.339627,2848,True,True,True,True,Eyes,1.035264,0.02396394,-1.913884,0.9896551,0.1316896,0.05692623,0.0,0.0,0.0,0.0,0.0,0.0,0.0,-1.915997,-0.07561847,-1.210474,1.261367,0.02355914,-1.884252,0.001949869,0.6977082,-0.01214927,0.7162764,1.131469,88.48698,359.1585,0.4381753,0.01151789,-0.8988155,0.0,0.0,0.0,2.879362,0.3320234,-1.572951,0.2447083,0.3602237,2.063795,0.02611121,-0.01468359,-0.9995513,0.02012535,0.9996972,-0.01416,0.9994566,-0.01974658,0.02639881,moving,86.7079,66.62234,6.762103,9.900912,86.08548165647439,66.77573868329132,98.02372596634139,97.60606698219554,78.87166356952069
05/18/2023 18:41:06.350301,2849,True,True,True,True,Eyes,1.045555,0.02418659,-1.912634,0.9899918,0.1322192,0.04933765,0.0,0.0,0.0,0.0,0.0,0.0,0.0,-1.900903,-0.1050906,-1.241335,1.271492,0.02460533,-1.883639,0.009866327,0.7017915,-0.02006221,0.7120315,2.419131,89.15223,359.1557,0.4419689,0.01146826,-0.8969568,0.0,0.0,0.0,2.895754,0.3189996,-1.588438,0.2480009,0.3623115,2.064063,0.01417258,-0.01472164,-0.9997912,0.04241806,0.9990003,-0.0141087,0.9989995,-0.04220925,0.01478284,moving,87.14694,69.53693,6.851348,9.955885,86.43862578683667,69.51395105812834,99.98641416673811,99.4047182889398,79.2044467647812
05/18/2023 18:41:06.370344,2850,True,True,True,True,Eyes,1.055905,0.02442918,-1.911466,0.9901463,0.1336107,0.04193271,0.0,0.0,0.0,0.0,0.0,0.0,0.0,-1.888377,-0.1242275,-1.269535,1.283553,0.02858786,-1.882762,0.01052006,0.7049311,-0.02340583,0.7088115,2.746234,89.66024,358.9474,0.4457725,0.01143188,-0.895073,0.0,0.0,0.0,2.911252,0.3100473,-1.602721,0.2511649,0.3643178,2.06432,0.005048803,-0.01834881,-0.9998189,0.04801247,0.998683,-0.01808552,0.998834,-0.04791247,0.005923145,moving,87.57497,72.57593,6.937056,10.00868,86.77912339564872,72.36836362916301,102.06436178624689,101.30886372050877,79.52232961895058
05/18/2023 18:41:06.390034,2851,True,True,True,True,Eyes,1.066258,0.02463651,-1.910335,0.9903105,0.1345278,0.03445936,0.0,0.0,0.0,0.0,0.0,0.0,0.0,-1.882646,-0.09409901,-1.29256,1.295376,0.02910987,-1.882836,0.003361325,0.7067953,-0.01508726,0.7072495,1.494546,89.95079,359.0491,0.4495831,0.01140825,-0.8931653,0.0,0.0,0.0,2.925907,0.3063139,-1.617541,0.2543709,0.3663506,2.064581,0.0004257248,-0.01658937,-0.9998624,0.02609245,0.9995221,-0.01657261,0.9996596,-0.02608179,0.0008584387,moving,88.00711,75.63257,7.023846,10.06214,87.12311200773802,75.23938196718177,104.20062542268447,103.26647706505211,79.8469813802594
05/18/2023 18:41:06.399883,2852,True,True,True,True,Eyes,1.076635,0.02487292,-1.909238,0.9904984,0.1348644,0.02691863,0.0,0.0,0.0,0.0,0.0,0.0,0.0,-1.870105,-0.1089286,-1.319308,1.305763,0.0285669,-1.882525,0.006894455,0.7099822,-0.01903479,0.7039286,2.105242,90.4727,359.0248,0.453397,0.01139439,-0.8912355,0.0,0.0,0.0,2.940131,0.3054509,-1.631888,0.2575963,0.3683959,2.064843,-0.008873919,-0.01700839,-0.9998159,0.03658815,0.9991803,-0.01732231,0.999291,-0.03673514,-0.008244316,moving,88.44327,78.71223,7.111108,10.1159,87.47040450725451,78.13203988592593,106.39726060882933,105.27968379570055,80.17999985430659
05/18/2023 18:41:06.420148,2853,True,True,True,True,Eyes,1.087039,0.02514767,-1.908179,0.9906079,0.1353488,0.01941007,0.0,0.0,0.0,0.0,0.0,0.0,0.0,-1.857236,-0.1327485,-1.345206,1.316759,0.02960793,-1.881966,0.009236231,0.7129472,-0.02433269,0.7007347,2.730612,90.9613,358.7993,0.4572118,0.0113906,-0.8892846,0.0,0.0,0.0,2.953276,0.3120086,-1.645878,0.2608118,0.3704346,2.065106,-0.01777156,-0.02093163,-0.9996231,0.04727141,0.9986452,-0.02175155,0.9987241,-0.04764014,-0.01675796,moving,88.87748,81.83898,7.198041,10.16945,87.81497627593804,81.06873110225668,108.66486224063243,107.35827082298594,80.50995383284489
05/18/2023 18:41:06.439929,2854,True,True,True,True,Eyes,1.097449,0.02543558,-1.907145,0.990677,0.1357072,0.01194038,0.0,0.0,0.0,0.0,0.0,0.0,0.0,-1.847984,-0.1331117,-1.3683,1.327809,0.03076471,-1.88175,0.006749577,0.7151849,-0.02360208,0.6985041,2.475312,91.32316,358.6626,0.4610251,0.01139752,-0.8873135,0.0,0.0,0.0,2.966084,0.3178725,-1.658764,0.2639458,0.3724218,2.06536,-0.02409289,-0.02331791,-0.9994378,0.04262669,0.9987947,-0.02433048,0.9988006,-0.04318891,-0.0230699,moving,89.30946,84.97171,7.282723,10.22163,88.1573554315466,84.01096876281198,110.97729516830715,109.47864031851508,80.8410042754097
05/18/2023 18:41:06.450291,2855,True,True,True,True,Eyes,1.107878,0.02576422,-1.906145,0.9907064,0.1359448,0.00444814,0.0,0.0,0.0,0.0,0.0,0.0,0.0,-1.836601,-0.1402287,-1.392851,1.338364,0.0313992,-1.881648,0.007502108,0.717886,-0.02500077,0.6956713,2.65566,91.76879,358.6225,0.4648345,0.01141462,-0.8853237,0.0,0.0,0.0,2.979987,0.3149117,-1.671923,0.2671725,0.3744679,2.065622,-0.03197058,-0.02401332,-0.9992003,0.04555595,0.9986374,-0.02545741,0.9984502,-0.0463334,-0.03083306,moving,89.74275,88.12595,7.369856,10.27532,88.50054236674035,86.97337054939557,113.34025876683067,111.6457756854957,81.17171302292594
05/18/2023 18:41:06.470482,2856,True,True,True,True,Eyes,1.118323,0.02609322,-1.905177,0.9906661,0.1362788,-0.002969861,0.0,0.0,0.0,0.0,0.0,0.0,0.0,-1.824527,-0.147535,-1.417946,1.349244,0.03272924,-1.88141,0.008045017,0.7206381,-0.02623452,0.6927683,2.806201,92.22446,358.5799,0.4686376,0.01144263,-0.8833161,0.0,0.0,0.0,2.993621,0.3127797,-1.684546,0.2702645,0.3764284,2.065873,-0.04001477,-0.0247538,-0.9988924,0.04794398,0.998494,-0.02666453,0.9980482,-0.04895785,-0.03876771,moving,-89.82824,-88.75157,7.453298,10.32673,-75.42303838057762,-82.70130103553846,138.85318565497676,124.59013480294402,81.50102991746974
05/18/2023 18:41:06.490170,2857,True,True,True,True,Eyes,1.12876,0.02642313,-1.904251,0.9906023,0.1363784,-0.0103992,0.0,0.0,0.0,0.0,0.0,0.0,0.0,-1.813786,-0.1450782,-1.442195,1.360047,0.03305145,-1.881482,0.007479839,0.7231683,-0.02539599,0.6901644,2.697093,92.64271,358.6097,0.4724329,0.01148039,-0.8812916,0.0,0.0,0.0,3.007404,0.308323,-1.697371,0.2737138,0.3786159,2.066154,-0.04723442,-0.02423645,-0.9985898,0.04587318,0.9985982,-0.02640652,0.9978299,-0.04705579,-0.04605643,moving,-89.39854,-85.6395,7.546321,10.38406,-75.08238713245036,-79.77845407661829,136.4508341835363,122.29792456233287,81.82303433331803
05/18/2023 18:41:06.510039,2858,True,True,True,True,Eyes,1.139195,0.02675841,-1.903373,0.9904992,0.1363588,-0.01782099,0.0,0.0,0.0,0.0,0.0,0.0,0.0,-1.801643,-0.1533455,-1.466079,1.3703,0.03345464,-1.881483,0.009640805,0.7258565,-0.02723835,0.6872389,3.026243,93.09529,358.6548,0.4762171,0.01152688,-0.8792519,0.0,0.0,0.0,3.02154,0.2997116,-1.710015,0.2767195,0.3805218,2.066398,-0.05521941,-0.02344283,-0.998199,0.05143419,0.9983303,-0.02629119,0.9971486,-0.05279334,-0.05392142,moving,-88.96925,-82.55411,7.627326,10.43397,-74.74160584717703,-76.88058994650557,134.08087677596004,120.03530027578057,82.15817554669273
05/18/2023 18:41:06.519824,2859,True,True,True,True,Eyes,1.149628,0.02708664,-1.902534,0.9903523,0.1362545,-0.02523761,0.0,0.0,0.0,0.0,0.0,0.0,0.0,-1.789196,-0.1625809,-1.489956,1.380684,0.03395818,-1.881537,0.01093882,0.7285202,-0.02911852,0.6843178,3.290479,93.54454,358.6274,0.479988,0.01158136,-0.8771983,0.0,0.0,0.0,3.035277,0.2918685,-1.72203,0.2798888,0.3825311,2.066657,-0.06317908,-0.02391434,-0.9977157,0.05579095,0.9980649,-0.0274556,0.9964415,-0.05739812,-0.06172266,moving,-88.54022,-79.50637,7.712683,10.48657,-74.40034421560031,-74.01797352705215,131.77006710847124,117.82854966104509,82.489209767786
05/18/2023 18:41:06.539927,2860,True,True,True,True,Eyes,1.160043,0.02739239,-1.90174,0.9901739,0.1359835,-0.03261936,0.0,0.0,0.0,0.0,0.0,0.0,0.0,-1.77736,-0.1671126,-1.513188,1.391094,0.03413658,-1.881585,0.01157341,0.7310207,-0.02995152,0.6815994,3.414972,93.9665,358.6275,0.4837436,0.01164264,-0.875132,0.0,0.0,0.0,3.048937,0.2841099,-1.734994,0.2830533,0.3845377,2.066913,-0.07057657,-0.02390908,-0.9972199,0.0577507,0.9979379,-0.0280135,0.9958333,-0.05956724,-0.06905025,moving,-88.11318,-76.51092,7.797864,10.53907,-74.05993321344516,-71.20434799149619,129.52462746586085,115.68355695417553,82.81998207496417
05/18/2023 18:41:06.550287,2861,True,True,True,True,Eyes,1.170451,0.02768917,-1.900981,0.9899622,0.1355608,-0.03997626,0.0,0.0,0.0,0.0,0.0,0.0,0.0,-1.765486,-0.1754501,-1.535285,1.401141,0.03395595,-1.881615,0.01362977,0.7334343,-0.03182493,0.6788782,3.7377,94.38084,358.6668,0.4874814,0.01170892,-0.8730546,0.0,0.0,0.0,3.062574,0.2766687,-1.748831,0.2862986,0.3865954,2.067178,-0.07787736,-0.02321743,-0.9966927,0.0632036,0.9976028,-0.02817709,0.9949576,-0.0651889,-0.0762232,moving,-87.68756,-73.56945,7.885149,10.59286,-73.71980929777453,-68.44128219176638,127.34770170731305,113.60354242174786,83.1485732500756
05/18/2023 18:41:06.570270,2862,True,True,True,True,Eyes,1.180844,0.02795852,-1.900306,0.9896916,0.1351938,-0.04725704,0.0,0.0,0.0,0.0,0.0,0.0,0.0,-1.753662,-0.1830334,-1.557069,1.411617,0.03422422,-1.881345,0.01503011,0.7357054,-0.03333534,0.6763139,3.978384,94.7712,358.6803,0.4911998,0.01177923,-0.870967,0.0,0.0,0.0,3.076158,0.2725312,-1.76434,0.2895313,0.3886455,2.067441,-0.08474717,-0.02297483,-0.9961375,0.06720576,0.9973257,-0.02871982,0.9941334,-0.06938012,-0.08297654,moving,-87.26625,-70.7329,7.972045,10.64643,-73.38168759856691,-65.77652396681164,125.27141807194458,111.61943245122033,83.4727680310487
05/18/2023 18:41:06.590608,2863,True,True,True,True,Eyes,1.191241,0.02820688,-1.899656,0.9893833,0.1347346,-0.05447127,0.0,0.0,0.0,0.0,0.0,0.0,0.0,-1.74364,-0.1858574,-1.577385,1.421829,0.03384037,-1.881549,0.01582284,0.7376927,-0.03389305,0.6740998,4.090821,95.11233,358.7161,0.4948962,0.01185184,-0.868871,0.0,0.0,0.0,3.088742,0.276509,-1.779747,0.2927216,0.3906682,2.0677,-0.09067831,-0.02234982,-0.9956294,0.06903939,0.9972017,-0.02867297,0.9934843,-0.07133766,-0.08888147,moving,-86.84872,-67.98722,8.057741,10.69925,-73.04534393691583,-63.19690987636338,123.28340075048798,109.71942777264944,83.79536984042876
05/18/2023 18:41:06.609851,2864,True,True,True,True,Eyes,1.201636,0.02842579,-1.899014,0.9890116,0.1343518,-0.06168818,0.0,0.0,0.0,0.0,0.0,0.0,0.0,-1.733607,-0.190059,-1.597286,1.432029,0.03345937,-1.881757,0.01683355,0.7396229,-0.03475131,0.6719129,4.245323,95.44621,358.7475,0.49857,0.01192549,-0.8667672,0.0,0.0,0.0,3.100805,0.2835938,-1.795208,0.2959123,0.3926917,2.06796,-0.09649935,-0.02179876,-0.9950944,0.07160068,0.9970179,-0.02878437,0.9927544,-0.0740271,-0.09465083,moving,-86.43088,-65.33759,8.143393,10.75207,-72.7068679671117,-60.70719495467462,121.38339866882181,107.90362017241338,84.11751224451999
05/18/2023 18:41:06.625986,2865,True,True,True,True,Eyes,1.212033,0.02862169,-1.898414,0.9885862,0.134026,-0.06880633,0.0,0.0,0.0,0.0,0.0,0.0,0.0,-1.724163,-0.1910692,-1.616796,1.442321,0.03296403,-1.881993,0.01686458,0.7414203,-0.0348622,0.6699225,4.260486,95.7538,358.753,0.5022207,0.01199872,-0.864656,0.0,0.0,0.0,3.11349,0.28526,-1.811596,0.29913,0.3947317,2.068221,-0.101839,-0.02170246,-0.9945642,0.07171743,0.9970004,-0.02909918,0.9922124,-0.07429101,-0.09997717,moving,-86.01859,-62.82491,8.22971,10.80528,-72.37093486228864,-58.34579723084988,119.5999453692438,106.19950769379179,84.43290638856713
05/18/2023 18:41:06.639970,2866,True,True,True,True,Eyes,1.22243,0.02878486,-1.897861,0.9880837,0.1338778,-0.07594335,0.0,0.0,0.0,0.0,0.0,0.0,0.0,-1.715582,-0.1901398,-1.635713,1.452754,0.03259775,-1.882386,0.01638849,0.7430527,-0.03449858,0.6681422,4.19598,96.0314,358.7507,0.5058475,0.01207048,-0.8625383,0.0,0.0,0.0,3.125937,0.2879322,-1.828167,0.3023452,0.3967704,2.068484,-0.1066352,-0.0217449,-0.9940605,0.07045493,0.9970825,-0.02936886,0.9917991,-0.07316822,-0.104792,moving,-85.60493,-60.43554,8.315894,10.85841,-72.03135858275327,-56.09979075270918,117.91500535318427,104.59006475586894,84.74789601119781
05/18/2023 18:41:06.659580,2867,True,True,True,True,Eyes,1.232826,0.02890675,-1.897352,0.9875312,0.1337858,-0.08296721,0.0,0.0,0.0,0.0,0.0,0.0,0.0,-1.707212,-0.189097,-1.654325,1.463166,0.03195427,-1.882882,0.01552643,0.7446225,-0.03415158,0.6664308,4.103287,96.29736,358.7133,0.5094493,0.01213938,-0.8604148,0.0,0.0,0.0,3.138008,0.2919058,-1.844596,0.3054341,0.3987292,2.068735,-0.111258,-0.02239667,-0.9935393,0.06864199,0.9971852,-0.03016548,0.9914182,-0.07155466,-0.1094075,moving,-85.19759,-58.1949,8.398643,10.90945,-71.69481653867446,-53.993145605132845,116.34288126358565,103.08884118640917,85.0596341232624
05/18/2023 18:41:06.670196,2868,True,True,True,True,Eyes,1.243218,0.02899561,-1.896909,0.9869237,0.1337359,-0.08997963,0.0,0.0,0.0,0.0,0.0,0.0,0.0,-1.699332,-0.1884914,-1.67217,1.473551,0.03107301,-1.883372,0.01459275,0.7460535,-0.0339575,0.6648596,4.01815,96.54003,358.657,0.5130252,0.01220383,-0.8582865,0.0,0.0,0.0,3.150664,0.2913604,-1.861529,0.3085708,0.400718,2.06899,-0.1154978,-0.02337999,-0.9930326,0.06692788,0.9972679,-0.03126396,0.9910505,-0.07007248,-0.1136174,moving,-84.79064,-56.06671,8.482615,10.96123,-71.3564796628741,-51.9917666431972,114.8592392406402,101.672812604677,85.36915566272602
05/18/2023 18:41:06.690070,2869,True,True,True,True,Eyes,1.253614,0.02903734,-1.896509,0.9862741,0.1337189,-0.09686334,0.0,0.0,0.0,0.0,0.0,0.0,0.0,-1.691533,-0.1919406,-1.68939,1.483939,0.03035887,-1.883923,0.01388153,0.747402,-0.03460324,0.663325,4.022086,96.77065,358.5549,0.5165741,0.01226277,-0.8561543,0.0,0.0,0.0,3.162061,0.2913412,-1.875336,0.3087001,0.4008,2.069001,-0.1196143,-0.02515622,-0.9925017,0.06665657,0.9972199,-0.03330913,0.9905803,-0.07014102,-0.117605,moving,-84.39089,-54.08118,8.486073,10.96336,-71.02211347736372,-50.12408741871218,113.38836994998636,100.2657865328606,85.75540880757877
05/18/2023 18:41:06.699692,2870,True,True,True,True,Eyes,1.26401,0.02903667,-1.896144,0.9855777,0.1337,-0.103735,0.0,0.0,0.0,0.0,0.0,0.0,0.0,-1.684484,-0.1927779,-1.706147,1.494435,0.02926308,-1.884514,0.01282749,0.7486104,-0.03476986,0.6619737,3.958911,96.97601,358.459,0.5200955,0.0123146,-0.854019,0.0,0.0,0.0,3.173333,0.2896826,-1.888513,0.3087001,0.4008,2.069001,-0.1232527,-0.02682788,-0.9920126,0.06523903,0.9972531,-0.03507524,0.9902286,-0.06904107,-0.121164,static,-83.99158,-52.19288,8.486072,10.96336,-70.68629116162114,-48.34742905536359,111.98583290028567,98.924379133586,86.14481923816751
05/18/2023 18:41:06.719809,2871,True,True,True,True,Eyes,1.274404,0.0289865,-1.895823,0.9848539,0.1336378,-0.1104707,0.0,0.0,0.0,0.0,0.0,0.0,0.0,-1.677655,-0.1946795,-1.722477,1.504784,0.02822866,-1.885254,0.01179635,0.7497714,-0.03515764,0.6606569,3.916757,97.17408,358.3478,0.5235889,0.01235817,-0.8518811,0.0,0.0,0.0,3.185111,0.2861257,-1.903207,0.3087,0.4008,2.069001,-0.1267865,-0.02876514,-0.9915128,0.06414341,0.9972495,-0.0371337,0.9898539,-0.06830707,-0.1245928,static,-83.59991,-50.42141,8.48607,10.96336,-70.3553452615418,-46.68030269043511,110.67031083589356,97.66657877089551,86.52716835914897
05/18/2023 18:41:06.739974,2872,True,True,True,True,Eyes,1.284802,0.02888801,-1.895527,0.9840941,0.1335209,-0.1171787,0.0,0.0,0.0,0.0,0.0,0.0,0.0,-1.671077,-0.1989431,-1.738161,1.51517,0.02699895,-1.885952,0.01125183,0.7508295,-0.03610675,0.6594124,3.959954,97.35686,358.2353,0.527054,0.0123921,-0.8497411,0.0,0.0,0.0,3.196317,0.2861466,-1.917171,0.3087002,0.4008,2.069001,-0.1300972,-0.03072208,-0.9910252,0.0645149,0.9971393,-0.03938084,0.9894001,-0.06905923,-0.1277431,static,-83.20962,-48.72963,8.486076,10.96336,-70.02415573253992,-45.087800633260734,109.41368159450862,96.46548136526721,86.90870062308073
05/18/2023 18:41:06.750059,2873,True,True,True,True,Eyes,1.295199,0.02873146,-1.895278,0.9833158,0.1333449,-0.1237302,0.0,0.0,0.0,0.0,0.0,0.0,0.0,-1.665274,-0.2021478,-1.753192,1.525557,0.02572792,-1.886715,0.01069475,0.7517493,-0.03684646,0.6583321,3.98412,97.51575,358.1368,0.5304908,0.01241524,-0.8475994,0.0,0.0,0.0,3.206639,0.2954699,-1.931023,0.3087001,0.4008,2.069,-0.1329691,-0.03243487,-0.9905895,0.06459396,0.9970559,-0.04131719,0.9890133,-0.06947999,-0.1304826,static,-82.82819,-47.14188,8.486074,10.96336,-69.69922504182621,-43.592877242208594,108.23360718981559,95.33794631880812,87.28217120999328
05/18/2023 18:41:06.770191,2874,True,True,True,True,Eyes,1.305601,0.02853082,-1.895069,0.9825568,0.1328609,-0.1301157,0.0,0.0,0.0,0.0,0.0,0.0,0.0,-1.659794,-0.2062802,-1.767784,1.535921,0.02419012,-1.887562,0.01051184,0.7526008,-0.03784684,0.6573044,4.059138,97.66447,358.0506,0.5338987,0.01242613,-0.8454568,0.0,0.0,0.0,3.217153,0.3000337,-1.944057,0.3087003,0.4008,2.069,-0.1356809,-0.03393136,-0.9901714,0.06557623,0.9969143,-0.04314818,0.9885802,-0.07078608,-0.1330371,static,-82.45646,-45.59808,8.486078,10.96336,-69.38248897213003,-42.139314699690296,107.09688003277708,94.25183171988874,87.64943918128441
05/18/2023 18:41:06.790144,2875,True,True,True,True,Eyes,1.316008,0.02829253,-1.89491,0.9817756,0.1323959,-0.136338,0.0,0.0,0.0,0.0,0.0,0.0,0.0,-1.654868,-0.2110651,-1.781918,1.546412,0.02294718,-1.888505,0.01021994,0.7533404,-0.03891248,0.6563988,4.131477,97.79361,357.9496,0.5372775,0.0124241,-0.8433138,0.0,0.0,0.0,3.228072,0.3036317,-1.958914,0.3087,0.4008,2.069001,-0.138072,-0.03568603,-0.9897789,0.0664824,0.9967628,-0.04521198,0.9881882,-0.0720454,-0.1352526,static,-82.09397,-44.15958,8.48607,10.96336,-69.07234143747122,-40.784528288483365,106.03434425055497,93.2370694896693,88.00751928132011
05/18/2023 18:41:06.800401,2876,True,True,True,True,Eyes,1.326428,0.02802959,-1.894797,0.9809955,0.131858,-0.1423426,0.0,0.0,0.0,0.0,0.0,0.0,0.0,-1.650239,-0.2120487,-1.796298,1.556965,0.02180324,-1.88953,0.009715836,0.7540798,-0.03916799,0.6555421,4.117945,97.92153,357.8914,0.5406271,0.01240882,-0.8411706,0.0,0.0,0.0,3.237809,0.314543,-1.972788,0.3087001,0.4008,2.069001,-0.1403406,-0.03669949,-0.989423,0.06600555,0.996743,-0.04633329,0.9879009,-0.07180984,-0.1374611,static,-81.74399,-42.81025,8.486071,10.96336,-68.77213889477476,-39.51349460692864,105.03839793378334,92.28620615863503,88.35416226808786
05/18/2023 18:41:06.820002,2877,True,True,True,True,Eyes,1.33686,0.02774698,-1.894737,0.9801933,0.1314064,-0.1481675,0.0,0.0,0.0,0.0,0.0,0.0,0.0,-1.646202,-0.2103004,-1.810573,1.567643,0.02093913,-1.890619,0.009289972,0.7547541,-0.0388121,0.6547928,4.05725,98.03804,357.8855,0.5439473,0.01238057,-0.8390278,0.0,0.0,0.0,3.248048,0.3203481,-1.986978,0.3087001,0.4008,2.069001,-0.1423203,-0.03680447,-0.9891362,0.06485105,0.9968147,-0.04642116,0.987694,-0.07075319,-0.1394801,static,-81.40416,-41.5691,8.48607,10.96335,-68.47931752015582,-38.34395367329138,104.11489688058765,91.40503854634015,88.68999646685606
05/18/2023 18:41:06.840343,2878,True,True,True,True,Eyes,1.347303,0.02744126,-1.894751,0.9793683,0.1310509,-0.1538291,0.0,0.0,0.0,0.0,0.0,0.0,0.0,-1.642915,-0.2067247,-1.824487,1.578381,0.02016859,-1.891815,0.008828173,0.7553281,-0.03807032,0.6541805,3.960091,98.13667,357.9048,0.547238,0.01233985,-0.8368859,0.0,0.0,0.0,3.259164,0.3175498,-2.001435,0.3087003,0.4008,2.069,-0.1439397,-0.0364734,-0.9889141,0.06314607,0.9969454,-0.04596072,0.9875698,-0.06906161,-0.141197,static,-81.0735,-40.42852,8.486078,10.96336,-68.19311023842289,-37.26875981778611,103.25717089612944,90.58716957174877,89.01583883124628
05/18/2023 18:41:06.850075,2879,True,True,True,True,Eyes,1.357761,0.02711174,-1.89482,0.9785248,0.1307821,-0.1593273,0.0,0.0,0.0,0.0,0.0,0.0,0.0,-1.640754,-0.2007408,-1.837822,1.589154,0.01928537,-1.893192,0.007686111,0.755742,-0.0368613,0.6537862,3.770802,98.2052,357.899,0.5504985,0.01228691,-0.8347455,0.0,0.0,0.0,3.271661,0.3058561,-2.017373,0.3087002,0.4008,2.069001,-0.1450092,-0.03658139,-0.988754,0.05981626,0.9971643,-0.04566512,0.9876207,-0.06576541,-0.1424098,static,-80.75203,-39.3805,8.486073,10.96336,-67.91368941857151,-36.28041584926282,102.45947133739375,89.82704522642143,89.33179049285911
05/18/2023 18:41:06.870120,2880,True,True,True,True,Eyes,1.368234,0.02677022,-1.894917,0.9776545,0.1304971,-0.1648098,0.0,0.0,0.0,0.0,0.0,0.0,0.0,-1.637747,-0.1993235,-1.85138,1.599973,0.01836601,-1.894546,0.006306843,0.7562225,-0.03659505,0.6532599,3.645785,98.2861,357.8021,0.5537291,0.01222202,-0.832607,0.0,0.0,0.0,3.282583,0.3113701,-2.03541,0.3087001,0.4008,2.069001,-0.1464232,-0.03827341,-0.9884813,0.05735091,0.9972421,-0.04710798,0.9875581,-0.06358801,-0.1438244,static,-80.43123,-38.37233,8.486073,10.96336,-67.63412805295326,-35.32938825693564,101.68725131780242,89.0915458925371,89.64724070654046
05/18/2023 18:41:06.889941,2881,True,True,True,True,Eyes,1.378718,0.02639792,-1.89507,0.9767655,0.1303152,-0.1701386,0.0,0.0,0.0,0.0,0.0,0.0,0.0,-1.634099,-0.2026799,-1.86492,1.610692,0.01772037,-1.895953,0.004909203,0.7567528,-0.03724762,0.6526208,3.59952,98.37695,357.6348,0.5569301,0.01214591,-0.8304703,0.0,0.0,0.0,3.28599,0.3659112,-2.04566,0.3087001,0.4008,2.069,-0.1481245,-0.04118704,-0.9881109,0.05604725,0.9971771,-0.04996679,0.9873795,-0.06278218,-0.1453978,static,-80.11903,-37.44978,8.486073,10.96336,-67.36093660407472,-34.45870095427595,100.96878924846136,88.40776259590876,89.9531623053754
05/18/2023 18:41:06.900059,2882,True,True,True,True,Eyes,1.389207,0.02605063,-1.895246,0.9758732,0.1299295,-0.1754707,0.0,0.0,0.0,0.0,0.0,0.0,0.0,-1.631108,-0.2004624,-1.878527,1.621443,0.01658468,-1.897421,0.003221419,0.7572376,-0.03688353,0.6520894,3.443286,98.45911,357.5182,0.5601014,0.01205844,-0.8283359,0.0,0.0,0.0,3.301397,0.3239454,-2.059442,0.3087003,0.4008,2.069001,-0.1495384,-0.04322396,-0.9878109,0.05298149,0.9972584,-0.05165789,0.9873356,-0.0600605,-0.1468384,static,-79.80663,-36.51857,8.486077,10.96336,-67.08772501069483,-33.57990300053844,100.25036551510796,87.72400942208944,90.26149487431329
05/18/2023 18:41:06.920187,2883,True,True,True,True,Eyes,1.39971,0.02584129,-1.895477,0.9749892,0.1293966,-0.1807002,0.0,0.0,0.0,0.0,0.0,0.0,0.0,-1.627659,-0.20873,-1.89118,1.63188,0.01685131,-1.898969,0.003357722,0.7577208,-0.03835635,0.6514423,3.583409,98.54546,357.4223,0.5632435,0.01196189,-0.8262042,0.0,0.0,0.0,3.315821,0.3005598,-2.084909,0.3087002,0.4008,2.069,-0.1512236,-0.04488547,-0.9874802,0.05506233,0.997035,-0.05375208,0.9869651,-0.06250153,-0.1483038,static,-79.50019,-35.60585,8.486076,10.96336,-66.81971187591999,-32.718548796629975,99.55036074594032,87.05785917267985,90.56564132920374
05/18/2023 18:41:06.939918,2884,True,True,True,True,Eyes,1.410254,0.02559283,-1.895778,0.9740025,0.1294333,-0.1859202,0.0,0.0,0.0,0.0,0.0,0.0,0.0,-1.622055,-0.2247095,-1.905052,1.642699,0.01998247,-1.900505,0.003233715,0.7584432,-0.04078432,0.6504538,3.788404,98.67461,357.234,0.5663558,0.01186308,-0.8240752,0.0,0.0,0.0,3.317447,0.3708776,-2.090403,0.3086998,0.4008,2.069001,-0.1537989,-0.04815145,-0.9869283,0.05796181,0.9966523,-0.05765842,0.9864007,-0.06607195,-0.150493,static,-79.19323,-34.84474,8.486064,10.96336,-66.54830441461155,-31.99909511861469,98.92441873444815,86.46345466842415,90.8640029753558
05/18/2023 18:41:06.959948,2885,True,True,True,True,Eyes,1.420762,0.02525295,-1.896143,0.973034,0.1294063,-0.190942,0.0,0.0,0.0,0.0,0.0,0.0,0.0,-1.62043,-0.1943447,-1.921745,1.654225,0.01865321,-1.902593,-0.001946084,0.7590678,-0.03488906,0.6500731,2.891004,98.77587,357.2271,0.5694389,0.0117606,-0.8219492,0.0,0.0,0.0,3.332229,0.3298055,-2.1129,0.3087001,0.4008,2.069001,-0.1548025,-0.04831529,-0.9867633,0.04240645,0.9975579,-0.05549652,0.9870349,-0.05043612,-0.1523755,static,-78.89771,-34.1265,8.486072,10.96336,-66.28673357720889,-31.32003120410381,98.33117934532832,85.90027721495643,91.15186767308984
05/18/2023 18:41:06.969967,2886,True,True,True,True,Eyes,1.431251,0.02504873,-1.89656,0.9721336,0.1284869,-0.1960797,0.0,0.0,0.0,0.0,0.0,0.0,0.0,-1.619392,-0.1894699,-1.933273,1.663857,0.01614422,-1.904519,0.0004548269,0.7594363,-0.03429306,0.6496772,3.019611,98.84145,357.4822,0.5724913,0.011651,-0.8198277,0.0,0.0,0.0,3.342782,0.3272891,-2.138633,0.3087004,0.4008,2.069001,-0.1558389,-0.043868,-0.9868079,0.04524965,0.9976476,-0.0514958,0.9867455,-0.05267776,-0.1534873,static,-78.59642,-33.23597,8.486081,10.96336,-66.02309315663913,-30.47956554014015,97.65727188931658,85.25921129608214,91.45527291051792
05/18/2023 18:41:06.990078,2887,True,True,True,True,Eyes,1.441779,0.02487342,-1.897072,0.9711304,0.1282611,-0.2011341,0.0,0.0,0.0,0.0,0.0,0.0,0.0,-1.608955,-0.2405198,-1.946438,1.673918,0.01940171,-1.905997,0.00474134,0.7605556,-0.04357362,0.6477916,4.153176,99.05299,357.1701,0.5755121,0.01154077,-0.8177116,0.0,0.0,0.0,3.34537,0.3788493,-2.14387,0.3087003,0.4008,2.069001,-0.1606869,-0.04924115,-0.9857763,0.06366536,0.9961577,-0.06013752,0.9849499,-0.07242313,-0.1569346,static,-78.29871,-32.52523,8.486076,10.96336,-65.75933780391755,-29.80747176042015,97.07139919283071,84.70325963828921,91.74746336253448
05/18/2023 18:41:06.999910,2888,True,True,True,True,Eyes,1.452273,0.02465528,-1.897637,0.9700772,0.1281798,-0.2062046,0.0,0.0,0.0,0.0,0.0,0.0,0.0,-1.604905,-0.2134551,-1.965477,1.685407,0.01975904,-1.908769,-0.002358091,0.7615846,-0.03812503,0.6469388,3.153995,99.22293,356.9618,0.5785014,0.01143119,-0.8156011,0.0,0.0,0.0,3.359798,0.3331292,-2.167343,0.3087,0.4008,2.069001,-0.1629291,-0.05292089,-0.9852174,0.04573734,0.9970818,-0.06112194,0.9855769,-0.05501978,-0.1600332,static,-77.99953,-31.86568,8.486071,10.96336,-65.49323027843656,-29.183260014892788,96.5095116952355,84.17058937815438,92.03945778712983
05/18/2023 18:41:07.020183,2889,True,True,True,True,Eyes,1.462748,0.02454108,-1.898262,0.9690326,0.1276206,-0.2113971,0.0,0.0,0.0,0.0,0.0,0.0,0.0,-1.598313,-0.2017715,-1.982324,1.695029,0.01849538,-1.910879,-0.002309787,0.7629134,-0.03597223,0.6454951,2.975302,99.4569,357.1322,0.5814582,0.01132045,-0.8134972,0.0,0.0,0.0,3.370943,0.3240648,-2.1864,0.3086998,0.4008,2.069,-0.1666617,-0.04996414,-0.9847475,0.04291546,0.9974014,-0.05786931,0.9850799,-0.05190549,-0.1640843,static,-77.69357,-31.11941,8.486067,10.96336,-65.22246976432643,-28.477720005392293,95.90562738611676,83.5975309679049,92.34337932832406
05/18/2023 18:41:07.039927,2890,True,True,True,True,Eyes,1.473256,0.02446946,-1.898948,0.9679157,0.1279491,-0.21626,0.0,0.0,0.0,0.0,0.0,0.0,0.0,-1.580736,-0.2297484,-2.003776,1.705026,0.02098741,-1.91287,0.001382436,0.7655176,-0.04075893,0.6421213,3.679699,99.927,357.115,0.5843814,0.01121304,-0.8114013,0.0,0.0,0.0,3.374262,0.370634,-2.196361,0.3087001,0.4008,2.069001,-0.1753569,-0.05022781,-0.983223,0.05446092,0.9966736,-0.06062798,0.9829976,-0.06417874,-0.172038,static,-77.40535,-30.61047,8.486073,10.96336,-64.96368379134344,-27.994735562097823,95.42389578000801,83.14204701914097,92.62001889607048
05/18/2023 18:41:07.051332,2891,True,True,True,True,Eyes,1.483732,0.02438104,-1.899707,0.9667326,0.1286548,-0.2210795,0.0,0.0,0.0,0.0,0.0,0.0,0.0,-1.573011,-0.1858108,-2.025955,1.71634,0.0217756,-1.914964,-0.003096145,0.7672396,-0.03204786,0.640552,2.591242,100.225,357.3718,0.587272,0.01111041,-0.8093129,0.0,0.0,0.0,3.385221,0.3477829,-2.215168,0.3086997,0.4008,2.069,-0.1793672,-0.04580761,-0.982715,0.03630567,0.9979267,-0.05314326,0.983112,-0.0452103,-0.1773323,static,-77.11869,-30.19681,8.486065,10.96336,-64.70452269307685,-27.60097234981743,94.9859656635596,82.72889372187414,92.89078892370325
05/18/2023 18:41:07.070504,2892,True,True,True,True,Eyes,1.494199,0.02435008,-1.900499,0.9656029,0.1290495,-0.2257371,0.0,0.0,0.0,0.0,0.0,0.0,0.0,-1.564564,-0.1579499,-2.045385,1.726092,0.02120978,-1.917438,-0.003785927,0.7689732,-0.02668831,0.6387126,2.075073,100.5322,357.7109,0.5901289,0.01101139,-0.8072335,0.0,0.0,0.0,3.39658,0.3248359,-2.23394,0.3087001,0.4008,2.069001,-0.1840641,-0.03991487,-0.9821036,0.02826977,0.9985468,-0.04588142,0.9825078,-0.03620895,-0.1826682,static,-76.8418,-29.75576,8.486073,10.96336,-64.45499064786944,-27.18179477454444,94.54571721806616,82.31313138774694,93.15550165380681
05/18/2023 18:41:07.089971,2893,True,True,True,True,Eyes,1.504673,0.02437734,-1.901345,0.9643901,0.1298179,-0.2304323,0.0,0.0,0.0,0.0,0.0,0.0,0.0,-1.547587,-0.1684298,-2.067498,1.736286,0.02260778,-1.919047,-0.002389587,0.7714825,-0.02833283,0.6356149,2.33137,100.9843,357.7226,0.5929524,0.01091801,-0.805163,0.0,0.0,0.0,3.403975,0.3345255,-2.24776,0.3087002,0.4008,2.069,-0.1919759,-0.03970459,-0.9805961,0.03233049,0.9983831,-0.04675427,0.9808669,-0.04067885,-0.1903818,static,-76.56165,-29.39547,8.486079,10.96336,-64.20087103818645,-26.83813684179686,94.13793797946894,81.92890740962063,93.4190316138919
05/18/2023 18:41:07.100538,2894,True,True,True,True,Eyes,1.515124,0.02439802,-1.902245,0.9631857,0.1306354,-0.2349632,0.0,0.0,0.0,0.0,0.0,0.0,0.0,-1.535364,-0.1492513,-2.088899,1.74696,0.02394329,-1.921112,-0.005567345,0.7734628,-0.02446354,0.6333451,1.764483,101.3408,357.7294,0.5957428,0.01083211,-0.8031018,0.0,0.0,0.0,3.412547,0.3283763,-2.264098,0.3087005,0.4008,2.069001,-0.1976862,-0.0396,-0.9794653,0.02237546,0.9987411,-0.04489538,0.98001,-0.03079118,-0.1965514,static,-76.2908,-29.07329,8.486085,10.96336,-63.95468542814095,-26.530364149641017,93.75528557647151,81.56864943611605,93.67287455269309
05/18/2023 18:41:07.119807,2895,True,True,True,True,Eyes,1.525556,0.02443332,-1.903181,0.9619538,0.131294,-0.2395972,0.0,0.0,0.0,0.0,0.0,0.0,0.0,-1.522545,-0.1349866,-2.109103,1.756986,0.02376772,-1.922787,-0.007293441,0.7754271,-0.0218141,0.6310181,1.411103,101.6974,357.7733,0.5984997,0.01075266,-0.8010504,0.0,0.0,0.0,3.421069,0.3239903,-2.280667,0.3087001,0.4007999,2.069,-0.203526,-0.03884124,-0.9782988,0.01621911,0.9989419,-0.04303507,0.9789352,-0.0246259,-0.2026808,static,-76.01373,-28.72177,8.486073,10.96336,-63.70326734101053,-26.19498576397614,93.35484052878945,81.19140052237955,93.93449687014264
05/18/2023 18:41:07.140143,2896,True,True,True,True,Eyes,1.535974,0.0245021,-1.904156,0.9607423,0.1317788,-0.2441488,0.0,0.0,0.0,0.0,0.0,0.0,0.0,-1.506322,-0.1435357,-2.130022,1.766966,0.024181,-1.92454,-0.006819301,0.7777188,-0.02333219,0.6281421,1.588717,102.1146,357.7113,0.601223,0.01067961,-0.7990095,0.0,0.0,0.0,3.428363,0.3284493,-2.295621,0.3087004,0.4008,2.069,-0.2107819,-0.03991885,-0.9767176,0.01870486,0.9988182,-0.04485874,0.977354,-0.02772478,-0.2097862,static,-75.74152,-28.35786,8.486081,10.96336,-63.45661543973812,-25.848121151574382,92.95400536019736,80.81359239381098,94.19329758077774
05/18/2023 18:41:07.150307,2897,True,True,True,True,Eyes,1.546375,0.0245767,-1.905162,0.9594823,0.1323239,-0.2487652,0.0,0.0,0.0,0.0,0.0,0.0,0.0,-1.492011,-0.1433574,-2.149869,1.777144,0.02506776,-1.926062,-0.008101987,0.7796841,-0.02319439,0.6256909,1.491573,102.4753,357.6116,0.6039129,0.01061368,-0.7969792,0.0,0.0,0.0,3.436969,0.3171191,-2.311727,0.3086995,0.4007999,2.069,-0.2168906,-0.04165901,-0.9753066,0.01639105,0.9987928,-0.04630727,0.9760584,-0.02602991,-0.215946,static,-75.46496,-28.00954,8.48606,10.96336,-63.20561113713853,-25.515749756834424,92.55625691140713,80.43892813238372,94.45558565834651
05/18/2023 18:41:07.170415,2898,True,True,True,True,Eyes,1.556752,0.02466141,-1.906175,0.9582518,0.1325498,-0.2533454,0.0,0.0,0.0,0.0,0.0,0.0,0.0,-1.477664,-0.1409332,-2.169655,1.787125,0.02526109,-1.927771,-0.009479286,0.7816663,-0.0227827,0.6232086,1.363871,102.841,357.5224,0.6065696,0.01055438,-0.7949599,0.0,0.0,0.0,3.44518,0.3078435,-2.32824,0.3087002,0.4008,2.069001,-0.2230425,-0.04321602,-0.9738504,0.01357747,0.9987822,-0.04743208,0.9747142,-0.02380179,-0.2221841,static,-75.19081,-27.61847,8.486074,10.96336,-62.95767288185171,-25.14341799191209,92.14325000833406,80.04941214946754,94.71911538743052
05/18/2023 18:41:07.189972,2899,True,True,True,True,Eyes,1.567109,0.0247847,-1.90721,0.9569938,0.1326783,-0.257991,0.0,0.0,0.0,0.0,0.0,0.0,0.0,-1.462529,-0.1481954,-2.18865,1.796881,0.02563524,-1.929171,-0.009151494,0.7836471,-0.02406704,0.6206725,1.51049,103.206,357.4648,0.6091943,0.01050146,-0.7929512,0.0,0.0,0.0,3.452833,0.3034847,-2.34352,0.3087004,0.4008,2.069001,-0.2293641,-0.04421858,-0.9723358,0.01553241,0.9986741,-0.04908029,0.9732168,-0.02635997,-0.2283732,static,-74.91259,-27.21563,8.486079,10.96336,-62.706168232729965,-24.75997590752576,91.72226157477617,79.65232447586239,94.98769031785329
05/18/2023 18:41:07.200181,2900,True,True,True,True,Eyes,1.577435,0.02492968,-1.908294,0.9557478,0.1326151,-0.2626012,0.0,0.0,0.0,0.0,0.0,0.0,0.0,-1.447226,-0.1556199,-2.207662,1.806743,0.02670228,-1.930653,-0.009098209,0.7856152,-0.02526406,0.6181324,1.630163,103.5706,357.3895,0.6117869,0.01045581,-0.7909532,0.0,0.0,0.0,3.461,0.291752,-2.358293,0.3087,0.4008,2.069,-0.2356591,-0.04552845,-0.9707687,0.01693769,0.9985579,-0.05094346,0.9716882,-0.02844786,-0.2345481,static,-74.63654,-26.79403,8.486071,10.96336,-62.45704557356497,-24.359023464211543,91.2961607027887,79.25021490673217,95.25638353509017
05/18/2023 18:41:07.219787,2901,True,True,True,True,Eyes,1.587734,0.02508998,-1.909395,0.9544746,0.1324549,-0.2672714,0.0,0.0,0.0,0.0,0.0,0.0,0.0,-1.432904,-0.1564966,-2.22624,1.816569,0.02741686,-1.932142,-0.009641613,0.7874601,-0.02533301,0.6157694,1.605835,103.9141,357.3404,0.6143469,0.01041758,-0.7889668,0.0,0.0,0.0,3.469254,0.2833125,-2.372042,0.3086997,0.4008,2.069,-0.2414703,-0.04638335,-0.9692991,0.01601381,0.9985306,-0.05177148,0.9702761,-0.02802344,-0.2403727,static,-74.35673,-26.36219,8.486064,10.96336,-62.204616003511134,-23.948399933488822,90.86322248593726,78.84163380481384,95.52982721310678
05/18/2023 18:41:07.240051,2902,True,True,True,True,Eyes,1.597996,0.02528133,-1.910529,0.953203,0.1319526,-0.2720158,0.0,0.0,0.0,0.0,0.0,0.0,0.0,-1.417262,-0.1631404,-2.244843,1.826212,0.02796703,-1.933581,-0.009152504,0.7894274,-0.02643399,0.6132062,1.748405,104.2808,357.3123,0.6168746,0.0103866,-0.7869924,0.0,0.0,0.0,3.477027,0.2790218,-2.384288,0.3087001,0.4008,2.069001,-0.2477885,-0.04686946,-0.9676797,0.01796851,0.998435,-0.05296018,0.9686474,-0.03051069,-0.2465585,static,-74.07283,-25.87764,8.486073,10.96336,-61.94938715406492,-23.4883443082716,90.40592760191895,78.40965487017175,95.81122888202361
05/18/2023 18:41:07.256054,2903,True,True,True,True,Eyes,1.608238,0.02547942,-1.911679,0.9518914,0.131415,-0.2768265,0.0,0.0,0.0,0.0,0.0,0.0,0.0,-1.400538,-0.1751821,-2.26329,1.835762,0.02898933,-1.934895,-0.008156846,0.7914542,-0.02840632,0.6105136,2.006041,104.6603,357.2702,0.6193701,0.01036337,-0.7850303,0.0,0.0,0.0,3.484946,0.2731728,-2.396312,0.3087003,0.4008,2.069,-0.2544133,-0.04759642,-0.9659236,0.02177334,0.998253,-0.05492433,0.9668505,-0.03500487,-0.2529325,static,-73.78465,-25.39462,8.486078,10.96336,-61.69014097657262,-23.029622835927604,89.94651408103809,77.97579491054604,96.09719483438916
05/18/2023 18:41:07.270314,2904,True,True,True,True,Eyes,1.618443,0.02567497,-1.912825,0.9504307,0.131166,-0.2819168,0.0,0.0,0.0,0.0,0.0,0.0,0.0,-1.383468,-0.1774979,-2.282732,1.84554,0.02936287,-1.936357,-0.007318178,0.7935967,-0.02866518,0.6077244,2.097627,105.0625,357.3355,0.6218339,0.01034736,-0.7830804,0.0,0.0,0.0,3.492516,0.2721541,-2.407531,0.3087004,0.4008,2.069001,-0.2612348,-0.04645643,-0.9641567,0.0232257,0.9982495,-0.05439206,0.9649958,-0.03660232,-0.2596985,static,-73.47859,-24.9509,8.48608,10.96336,-61.41348052958952,-22.60727825352295,89.48765948194477,77.54312551721557,96.39709878441884
05/18/2023 18:41:07.289879,2905,True,True,True,True,Eyes,1.628613,0.02587501,-1.913986,0.9489557,0.1306725,-0.2870675,0.0,0.0,0.0,0.0,0.0,0.0,0.0,-1.366446,-0.1842249,-2.301065,1.854767,0.02953051,-1.937776,-0.004796554,0.7957156,-0.02959181,0.6049283,2.366426,105.462,357.5084,0.6242663,0.0103377,-0.7811428,0.0,0.0,0.0,3.500107,0.2741307,-2.417838,0.3087003,0.4008,2.069001,-0.2680779,-0.04343523,-0.9624177,0.02816846,0.9982026,-0.05289647,0.9629855,-0.04129019,-0.2663726,static,-73.16897,-24.47492,8.486077,10.96336,-61.134122148739465,-22.15465564781279,89.01358542340944,77.09588244490698,96.70333858787296
05/18/2023 18:41:07.300822,2906,True,True,True,True,Eyes,1.638748,0.0260751,-1.915169,0.9473701,0.1302917,-0.292428,0.0,0.0,0.0,0.0,0.0,0.0,0.0,-1.34793,-0.1962675,-2.319707,1.864118,0.02990089,-1.939239,-0.001438574,0.7979621,-0.03134503,0.6018904,2.768036,105.8911,357.7032,0.6266679,0.01033392,-0.7792175,0.0,0.0,0.0,3.507577,0.2766656,-2.428042,0.3087004,0.4008,2.069001,-0.275452,-0.0400284,-0.9604812,0.03543669,0.9980308,-0.05175602,0.9606616,-0.04829257,-0.2734912,static,-72.84593,-24.01544,8.486079,10.96336,-60.84194277358769,-21.717170412471354,88.53480749070435,76.64458018072455,97.0212303541951
05/18/2023 18:41:07.320459,2907,True,True,True,True,Eyes,1.648845,0.02626685,-1.916368,0.9457649,0.1297176,-0.2978289,0.0,0.0,0.0,0.0,0.0,0.0,0.0,-1.330101,-0.2031092,-2.338186,1.873428,0.03013656,-1.940848,0.001238531,0.8001328,-0.03218674,0.5989574,3.037583,106.3093,357.901,0.6290384,0.01033539,-0.7773052,0.0,0.0,0.0,3.515205,0.2785805,-2.437527,0.3087001,0.4008,2.069001,-0.2824971,-0.03657499,-0.9585708,0.04053896,0.997925,-0.05002368,0.9584113,-0.05299098,-0.2804282,static,-72.52037,-23.53525,8.486073,10.96336,-60.54781282648625,-21.260242179354385,88.04656665335878,76.18423675352817,97.34388390510964
05/18/2023 18:41:07.340019,2908,True,True,True,True,Eyes,1.658916,0.02645733,-1.917582,0.9440605,0.1292392,-0.3033924,0.0,0.0,0.0,0.0,0.0,0.0,0.0,-1.311755,-0.2126334,-2.356269,1.88264,0.03017978,-1.942337,0.004300191,0.8023003,-0.0334824,0.5959653,3.373887,106.7327,358.1051,0.6313785,0.01034122,-0.7754056,0.0,0.0,0.0,3.523241,0.2771571,-2.446983,0.3086998,0.4008,2.069,-0.2896138,-0.03300862,-0.9565743,0.04680879,0.9977209,-0.04860035,0.9559984,-0.05885142,-0.2874086,static,-72.18417,-23.07306,8.486068,10.96336,-60.243423408549305,-20.819919013457252,87.55663987038929,75.72265060155465,97.67568786214854
05/18/2023 18:41:07.350224,2909,True,True,True,True,Eyes,1.668959,0.02664429,-1.918816,0.9423267,0.1286951,-0.3089625,0.0,0.0,0.0,0.0,0.0,0.0,0.0,-1.293077,-0.2217994,-2.374625,1.892064,0.03037337,-1.944031,0.006704689,0.8044745,-0.03472871,0.5929331,3.65954,107.1605,358.2546,0.6336882,0.0103509,-0.7735189,0.0,0.0,0.0,3.531318,0.2778343,-2.455495,0.3087003,0.4008,2.069,-0.2967708,-0.03039611,-0.9544649,0.05197111,0.997498,-0.04792586,0.9535335,-0.0638276,-0.2944485,static,-71.84714,-22.61366,8.486078,10.96336,-59.93820707624174,-20.38218838698053,87.06803194236058,75.26238231597068,98.0090678908143
05/18/2023 18:41:07.370185,2910,True,True,True,True,Eyes,1.678976,0.02683311,-1.920087,0.9404855,0.128326,-0.3146737,0.0,0.0,0.0,0.0,0.0,0.0,0.0,-1.27624,-0.2257204,-2.392148,1.901448,0.03049824,-1.94568,0.008217542,0.8064118,-0.03510785,0.5902539,3.802857,107.5416,358.381,0.6359681,0.01036388,-0.7716455,0.0,0.0,0.0,3.539361,0.2777191,-2.464,0.3087,0.4007999,2.069,-0.3030654,-0.02819165,-0.9525525,0.05469854,0.9973998,-0.04692191,0.9513986,-0.06632365,-0.3007354,static,-71.50046,-22.18596,8.486073,10.96336,-59.62339078232199,-19.973909186175053,86.58361783745521,74.80650828245686,98.34967282234291
05/18/2023 18:41:07.390081,2911,True,True,True,True,Eyes,1.688985,0.02700702,-1.921381,0.9385993,0.1280265,-0.3203757,0.0,0.0,0.0,0.0,0.0,0.0,0.0,-1.259486,-0.2274021,-2.409899,1.910976,0.03073996,-1.947526,0.00924162,0.8083378,-0.03510069,0.587599,3.876562,107.9204,358.489,0.6382182,0.01037985,-0.7697852,0.0,0.0,0.0,3.547936,0.274285,-2.471965,0.3087001,0.4008,2.069001,-0.3092841,-0.02630956,-0.9506058,0.05619096,0.9973651,-0.04588569,0.9493083,-0.06760716,-0.3069907,static,-71.15349,-21.78233,8.486071,10.96336,-59.30784230727393,-19.58815373485716,86.10888391942392,74.3600004908912,98.68967062498119
05/18/2023 18:41:07.400199,2912,True,True,True,True,Eyes,1.698966,0.02716133,-1.922748,0.9366063,0.1278679,-0.3262182,0.0,0.0,0.0,0.0,0.0,0.0,0.0,-1.242853,-0.2232191,-2.428125,1.920788,0.03054485,-1.949344,0.009423704,0.8102406,-0.03420328,0.5850228,3.810223,108.2915,358.5787,0.6404394,0.0103979,-0.767938,0.0,0.0,0.0,3.556668,0.2715811,-2.479039,0.3087004,0.4008,2.069001,-0.315319,-0.02474846,-0.9486629,0.05529033,0.9974827,-0.0443996,0.9473737,-0.06645192,-0.3131568,static,-70.79688,-21.40372,8.486081,10.96336,-58.98283139562618,-19.225597217117983,85.63536519834501,73.91500035652885,99.03724568634243
05/18/2023 18:41:07.420126,2913,True,True,True,True,Eyes,1.708942,0.02729572,-1.92414,0.9345655,0.1276742,-0.3320942,0.0,0.0,0.0,0.0,0.0,0.0,0.0,-1.225993,-0.2228702,-2.446034,1.930478,0.03021996,-1.951449,0.009728773,0.8121412,-0.0340207,0.5823873,3.818211,108.6657,358.6318,0.6426308,0.01041702,-0.7661049,0.0,0.0,0.0,3.565691,0.2668223,-2.485775,0.3086995,0.4008,2.069001,-0.3214613,-0.02382416,-0.9466232,0.05542871,0.9974959,-0.04392739,0.9452993,-0.06659105,-0.3193359,static,-70.43754,-21.02935,8.486057,10.96336,-58.6551953826786,-18.866946994287865,85.16142117509847,73.46968753770498,99.3878625693595
05/18/2023 18:41:07.440263,2914,True,True,True,True,Eyes,1.7189,0.02740313,-1.925599,0.9324061,0.1276124,-0.338133,0.0,0.0,0.0,0.0,0.0,0.0,0.0,-1.20635,-0.2262412,-2.464778,1.940348,0.02988565,-1.953396,0.009776901,0.8142719,-0.03456418,0.5793713,3.877195,109.0878,358.6142,0.6447932,0.01043629,-0.7642856,0.0,0.0,0.0,3.574997,0.2623714,-2.492009,0.3087003,0.4008,2.069,-0.3284666,-0.02412887,-0.9442074,0.05597309,0.9974194,-0.04496036,0.9428557,-0.06761818,-0.3262684,static,-70.06705,-20.67665,8.486081,10.96336,-58.31675426040722,-18.52832541563132,84.68579941585992,73.02313542627205,99.747535152236
05/18/2023 18:41:07.450076,2915,True,True,True,True,Eyes,1.728847,0.02748097,-1.927084,0.9302017,0.1274882,-0.344197,0.0,0.0,0.0,0.0,0.0,0.0,0.0,-1.187272,-0.2248144,-2.483705,1.950195,0.02932161,-1.955716,0.00945534,0.8163792,-0.03432488,0.5764177,3.838519,109.5043,358.614,0.6469262,0.01045461,-0.7624807,0.0,0.0,0.0,3.584064,0.2613941,-2.497943,0.3087005,0.4008,2.069001,-0.3353067,-0.02413264,-0.9418,0.05500922,0.9974648,-0.04514379,0.9405018,-0.06694469,-0.333129,static,-69.69431,-20.32429,8.486082,10.96336,-57.97621013663596,-18.18997057983935,84.20861437997993,72.57515387481406,100.11010892542309
05/18/2023 18:41:07.470306,2916,True,True,True,True,Eyes,1.738786,0.02752199,-1.928626,0.9278992,0.1273175,-0.3504189,0.0,0.0,0.0,0.0,0.0,0.0,0.0,-1.167121,-0.2290463,-2.502072,1.959923,0.02870421,-1.957774,0.009867623,0.8185134,-0.03501457,0.5733345,3.935573,109.9334,358.6217,0.6490307,0.01047093,-0.7606898,0.0,0.0,0.0,3.59324,0.2627125,-2.503155,0.3087,0.4008,2.069001,-0.3423802,-0.02399655,-0.9392548,0.05630368,0.9973532,-0.04600488,0.9378728,-0.06863468,-0.3401229,static,-69.31108,-19.96757,8.486071,10.96336,-57.62597545621939,-17.847294478449157,83.72048216763746,72.11696401059804,100.48338110152577
05/18/2023 18:41:07.490071,2917,True,True,True,True,Eyes,1.748713,0.02750161,-1.930204,0.92554,0.1270948,-0.3566827,0.0,0.0,0.0,0.0,0.0,0.0,0.0,-1.145951,-0.2331646,-2.521137,1.969815,0.02785026,-1.960294,0.01018184,0.8207666,-0.03573117,0.5700543,4.029053,110.3885,358.62,0.6511065,0.01048401,-0.7589136,0.0,0.0,0.0,3.602538,0.2655965,-2.507651,0.3087004,0.4008,2.069001,-0.349869,-0.02402359,-0.9364908,0.05745124,0.9972392,-0.0470455,0.9350355,-0.07026231,-0.347523,static,-68.92444,-19.61224,8.486081,10.96336,-57.27253677211456,-17.505841401850006,83.23013923364205,71.65675990273465,100.86050618702453
05/18/2023 18:41:07.500662,2918,True,True,True,True,Eyes,1.758621,0.02741365,-1.931835,0.9232338,0.1264496,-0.3628358,0.0,0.0,0.0,0.0,0.0,0.0,0.0,-1.123611,-0.2357177,-2.540319,1.979518,0.02636886,-1.962678,0.01091067,0.8231248,-0.03619405,0.566601,4.125906,110.8689,358.6756,0.6531543,0.0104918,-0.7571518,0.0,0.0,0.0,3.611752,0.2715875,-2.511369,0.3087003,0.4008,2.069001,-0.3576886,-0.02305347,-0.9335562,0.05897685,0.997142,-0.04722043,0.9319766,-0.07194842,-0.3553067,static,-68.54491,-19.21363,8.486077,10.96336,-56.92655361283504,-17.124039453365146,82.73103216843283,71.18787994977868,101.23603413123095
05/18/2023 18:41:07.520264,2919,True,True,True,True,Eyes,1.76852,0.02728511,-1.933501,0.9208614,0.1256759,-0.3690799,0.0,0.0,0.0,0.0,0.0,0.0,0.0,-1.09922,-0.2440052,-2.559642,1.989122,0.02467847,-1.965293,0.01247421,0.8256563,-0.03756687,0.562783,4.363004,111.3944,358.7538,0.6551739,0.01049225,-0.7554049,0.0,0.0,0.0,3.621017,0.274682,-2.516143,0.3086997,0.4008,2.069,-0.3662392,-0.02168517,-0.930268,0.06288281,0.9968662,-0.04799409,0.9283935,-0.07607519,-0.3637279,static,-68.15916,-18.80429,8.486066,10.96336,-56.57498080002975,-16.73205144284458,82.2228900921974,70.71050576614557,101.61920548495767
05/18/2023 18:41:07.539889,2920,True,True,True,True,Eyes,1.778427,0.02710996,-1.935194,0.9184628,0.1248014,-0.3753006,0.0,0.0,0.0,0.0,0.0,0.0,0.0,-1.073234,-0.2536172,-2.579084,1.99885,0.02361021,-1.967706,0.01381227,0.8282732,-0.03908775,0.5587888,4.599312,111.9414,358.8041,0.6571659,0.01048459,-0.7536728,0.0,0.0,0.0,3.630319,0.2747781,-2.521838,0.3087002,0.4008,2.069001,-0.3751285,-0.02080293,-0.9267393,0.06656425,0.9965627,-0.04931438,0.9245799,-0.08018694,-0.3724545,static,-67.77419,-18.39389,8.486073,10.96336,-56.224155109841725,-16.339089090670882,81.71582368422698,70.23416083627984,102.00288987340687
05/18/2023 18:41:07.550521,2921,True,True,True,True,Eyes,1.788328,0.02690529,-1.936929,0.915971,0.1239682,-0.3816136,0.0,0.0,0.0,0.0,0.0,0.0,0.0,-1.047357,-0.2534835,-2.599486,2.008735,0.02229708,-1.970538,0.01384471,0.8309293,-0.03912224,0.5548283,4.610322,112.4891,358.8271,0.6591314,0.01046787,-0.7519547,0.0,0.0,0.0,3.639313,0.2786774,-2.526871,0.3087001,0.4008,2.069001,-0.3839479,-0.0204043,-0.9231294,0.06642019,0.9965555,-0.04965275,0.9209628,-0.08037848,-0.3812702,static,-67.38232,-17.99653,8.486071,10.96336,-55.86664995364507,-15.958174686828134,81.20768425303717,69.7570191739283,102.39272613333728
05/18/2023 18:41:07.571355,2922,True,True,True,True,Eyes,1.798239,0.02667972,-1.938727,0.9134189,0.1232881,-0.3878996,0.0,0.0,0.0,0.0,0.0,0.0,0.0,-1.020157,-0.2527195,-2.619946,2.018571,0.02138212,-1.973227,0.01410471,0.8336772,-0.03892262,0.550698,4.613437,113.0605,358.8875,0.6610707,0.01044193,-0.7502506,0.0,0.0,0.0,3.649297,0.2732911,-2.532188,0.3087002,0.4008,2.069001,-0.3930652,-0.01935166,-0.9193067,0.06638677,0.9965722,-0.04936292,0.9171107,-0.08043267,-0.3904332,static,-66.99063,-17.63208,8.486073,10.96335,-55.50868088324981,-15.608069351173793,80.71202706310324,69.29191042909446,102.78041994027073
05/18/2023 18:41:07.590187,2923,True,True,True,True,Eyes,1.808155,0.02639256,-1.940572,0.9107391,0.1228789,-0.3942781,0.0,0.0,0.0,0.0,0.0,0.0,0.0,-0.9922554,-0.2408033,-2.64192,2.028807,0.02058502,-1.976312,0.01252456,0.8365328,-0.03707857,0.5465176,4.342861,113.6432,358.8752,0.6629839,0.01040694,-0.748561,0.0,0.0,0.0,3.659316,0.2678735,-2.53965,0.3087004,0.4008,2.069,-0.4023238,-0.01957377,-0.9152884,0.06148259,0.9969367,-0.0483451,0.9134308,-0.07572467,-0.3998879,static,-66.59119,-17.30993,8.486081,10.96336,-55.14267876594627,-15.297380920481928,80.2245320848401,68.83491543573781,103.17208037695855
05/18/2023 18:41:07.602831,2924,True,True,True,True,Eyes,1.81805,0.02606413,-1.942503,0.9080116,0.1224043,-0.4006646,0.0,0.0,0.0,0.0,0.0,0.0,0.0,-0.9636371,-0.2232564,-2.663929,2.038926,0.01876433,-1.97924,0.01094747,0.8394338,-0.03443463,0.5422596,3.995833,114.2385,358.9106,0.6648715,0.01036154,-0.7468856,0.0,0.0,0.0,3.665609,0.2992072,-2.544715,0.3087001,0.4008,2.069,-0.4116694,-0.01896567,-0.911136,0.05572438,0.9973888,-0.04593843,0.9096281,-0.06968392,-0.4095375,static,-66.19029,-16.98808,8.486073,10.96336,-54.77531051086101,-14.986939876735123,79.73607833961594,68.3770481038829,103.56597821322052
05/18/2023 18:41:07.620279,2925,True,True,True,True,Eyes,1.827951,0.02570614,-1.944489,0.9051598,0.1220666,-0.4071677,0.0,0.0,0.0,0.0,0.0,0.0,0.0,-0.9328189,-0.2240491,-2.684557,2.048782,0.01745248,-1.982266,0.01112815,0.8423982,-0.03463127,0.5376267,4.031919,114.8698,358.938,0.6667328,0.01030528,-0.7452253,0.0,0.0,0.0,3.675463,0.293469,-2.547351,0.3087004,0.4008,2.069001,-0.4216678,-0.01848872,-0.906562,0.05598606,0.9973537,-0.04638106,0.9050205,-0.07031223,-0.4195169,static,-65.78037,-16.68844,8.486082,10.96336,-54.39911144630986,-14.69708169888072,79.24725822328683,67.91911235404558,103.96674809056753
05/18/2023 18:41:07.640248,2926,True,True,True,True,Eyes,1.837828,0.02533587,-1.946553,0.902273,0.1216612,-0.4136448,0.0,0.0,0.0,0.0,0.0,0.0,0.0,-0.9017508,-0.2157241,-2.70589,2.058896,0.0163582,-1.9855,0.01033724,0.8453934,-0.03337624,0.5330003,3.867629,115.504,358.9604,0.6685682,0.0102382,-0.7435801,0.0,0.0,0.0,3.687694,0.2536175,-2.559107,0.3087,0.4008,2.069001,-0.4316077,-0.01810101,-0.9018798,0.05305716,0.9975584,-0.04541259,0.9004997,-0.0674516,-0.4295935,static,-65.37103,-16.38967,8.48607,10.96336,-54.02343610901436,-14.408051150396524,78.7595040016816,67.46218835581432,104.36779011812526
05/18/2023 18:41:07.649829,2927,True,True,True,True,Eyes,1.847708,0.02502635,-1.948658,0.899271,0.1211252,-0.4202859,0.0,0.0,0.0,0.0,0.0,0.0,0.0,-0.87134,-0.2144726,-2.725654,2.068617,0.01569554,-1.988718,0.01021032,0.8482382,-0.03317213,0.5284763,3.845575,116.1177,358.9812,0.670377,0.01016101,-0.7419509,0.0,0.0,0.0,3.692601,0.2892168,-2.568512,0.3087,0.4007999,2.069,-0.441217,-0.0177398,-0.897225,0.05238294,0.9975907,-0.04548391,0.8958703,-0.06706756,-0.4392247,static,-64.95036,-16.07683,8.486074,10.96336,-53.63747389197934,-14.105591195787367,78.25651227771691,66.99095100641443,104.78142404508208
05/18/2023 18:41:07.670673,2928,True,True,True,True,Eyes,1.857592,0.02480891,-1.95083,0.8962005,0.1205333,-0.4269618,0.0,0.0,0.0,0.0,0.0,0.0,0.0,-0.8366202,-0.2278773,-2.745216,2.078626,0.01688352,-1.991758,0.01002489,0.8513014,-0.03529011,0.523393,4.04724,116.792,358.8585,0.6721596,0.01007709,-0.7403374,0.0,0.0,0.0,3.698912,0.2954374,-2.577555,0.3087,0.4008,2.069001,-0.4519186,-0.01987279,-0.8918379,0.05400959,0.9973082,-0.04959111,0.8904228,-0.07057895,-0.4496289,static,-64.52625,-15.76462,8.486069,10.96336,-53.24829430470704,-13.803642191755404,77.75077903557084,66.5171858259501,105.19907513784354
05/18/2023 18:41:07.690464,2929,True,True,True,True,Eyes,1.867499,0.02448799,-1.953063,0.8929718,0.1204981,-0.4336839,0.0,0.0,0.0,0.0,0.0,0.0,0.0,-0.80361,-0.2316673,-2.764916,2.088844,0.01889689,-1.995143,0.00773152,0.854193,-0.03609413,0.5186441,3.995753,117.4213,358.6081,0.6739167,0.009990571,-0.7387395,0.0,0.0,0.0,3.706544,0.272163,-2.596638,0.3086998,0.4008,2.069001,-0.4618968,-0.02423159,-0.8866024,0.05064843,0.9972749,-0.05364288,0.8854861,-0.06968251,-0.4594108,static,-64.09585,-15.52784,8.486066,10.96336,-52.85180619581923,-13.572154391939296,77.26524579441299,66.06304588790705,105.61535716876102
05/18/2023 18:41:07.700518,2930,True,True,True,True,Eyes,1.877376,0.0242184,-1.95531,0.8898004,0.1196583,-0.4403829,0.0,0.0,0.0,0.0,0.0,0.0,0.0,-0.7751253,-0.1926933,-2.786579,2.099406,0.01597939,-1.998803,0.002910693,0.8568766,-0.03083712,0.5145903,3.201224,117.9839,358.4648,0.6756485,0.00989795,-0.7371572,0.0,0.0,0.0,3.70958,0.3140637,-2.606528,0.3086999,0.4008,2.069,-0.4703766,-0.02674875,-0.8820603,0.03672517,0.9980811,-0.04985158,0.8817012,-0.05584283,-0.4684918,static,-63.66812,-15.20109,8.48607,10.96336,-52.45953267373008,-13.256512550378694,76.75158355603226,65.58177118392551,106.03966972043122
05/18/2023 18:41:07.720035,2931,True,True,True,True,Eyes,1.887292,0.02412534,-1.95762,0.8865204,0.1187519,-0.4471907,0.0,0.0,0.0,0.0,0.0,0.0,0.0,-0.7469325,-0.2435774,-2.79911,2.108348,0.01713005,-2.001706,0.005465501,0.8589424,-0.03896511,0.5105584,4.158654,118.4818,358.2534,0.6773558,0.009801801,-0.73559,0.0,0.0,0.0,3.713411,0.3341893,-2.616943,0.3087002,0.4008,2.069001,-0.4786007,-0.03039883,-0.8775065,0.04917703,0.9969037,-0.06135667,0.8766546,-0.0725185,-0.475624,static,-63.23209,-14.87171,8.486073,10.96335,-52.0595759615478,-12.938218921459544,76.22955613997874,65.09270777193291,106.4728941675342
05/18/2023 18:41:07.740353,2932,True,True,True,True,Eyes,1.897209,0.02425907,-1.959993,0.8831947,0.1182265,-0.4538608,0.0,0.0,0.0,0.0,0.0,0.0,0.0,-0.7153397,-0.2584013,-2.816977,2.1193,0.02131946,-2.005482,0.001705013,0.861385,-0.04185105,0.5062228,4.233768,119.032,357.7338,0.6790391,0.009709032,-0.7340375,0.0,0.0,0.0,3.719395,0.3263384,-2.634396,0.3087001,0.4008,2.069,-0.4874711,-0.03943456,-0.8722481,0.04530925,0.9964911,-0.0703735,0.8719627,-0.07382596,-0.4839739,static,-62.80204,-14.60055,8.486074,10.96336,-51.66407381671417,-12.674558213741548,75.7331413065977,64.62810116235893,106.8951833356776
05/18/2023 18:41:07.749996,2933,True,True,True,True,Eyes,1.907165,0.02449318,-1.962453,0.8797078,0.1180738,-0.4606221,0.0,0.0,0.0,0.0,0.0,0.0,0.0,-0.6959751,-0.2386252,-2.833872,2.129145,0.02683961,-2.009521,-0.003053326,0.8630717,-0.03864276,0.5035917,3.648063,119.3931,357.4621,0.6806985,0.009627648,-0.7325001,0.0,0.0,0.0,3.722544,0.3483072,-2.648132,0.3087002,0.4008,2.069001,-0.4927723,-0.04419082,-0.8690355,0.03364987,0.9969949,-0.06977822,0.8695075,-0.0636277,-0.4898044,static,-62.36308,-14.37738,8.486075,10.96336,-51.25934856858262,-12.4556139003298,75.24464012779664,64.17136414268965,107.32093536798895
05/18/2023 18:41:07.775483,2934,True,True,True,True,Eyes,1.917114,0.02470043,-1.964952,0.8761191,0.1180801,-0.4674103,0.0,0.0,0.0,0.0,0.0,0.0,0.0,-0.6646147,-0.2175372,-2.854502,2.14011,0.02941946,-2.01402,-0.008720928,0.8657076,-0.03609364,0.499171,3.083233,119.9851,357.0648,0.6823344,0.009560113,-0.7309773,0.0,0.0,0.0,3.726076,0.3612023,-2.661383,0.3087006,0.4008,2.069001,-0.5015046,-0.05113333,-0.8636428,0.02093425,0.9972423,-0.07119954,0.8649018,-0.0537866,-0.4990512,static,-61.92004,-14.17777,8.486085,10.96336,-50.85036953029624,-12.258629193276324,74.76027591704384,63.71872266703528,107.74832269060846
05/18/2023 18:41:07.789965,2935,True,True,True,True,Eyes,1.927037,0.02498025,-1.967514,0.8724588,0.1175401,-0.4743417,0.0,0.0,0.0,0.0,0.0,0.0,0.0,-0.6375319,-0.1972448,-2.87202,2.149468,0.02892184,-2.018119,-0.01120305,0.8680457,-0.03334268,0.4952368,2.681827,120.5183,356.9887,0.6839472,0.009504029,-0.7294693,0.0,0.0,0.0,3.73154,0.3548218,-2.67808,0.3087003,0.4008,2.069,-0.5092301,-0.05247455,-0.8590292,0.01357553,0.9975255,-0.06898225,0.8605233,-0.04678962,-0.5072577,static,-61.4678,-13.91735,8.486081,10.96336,-50.43398534373089,-12.004513515892013,74.24685311221117,63.238417372604,108.19195979865364
05/18/2023 18:41:07.800174,2936,True,True,True,True,Eyes,1.936977,0.02535197,-1.970132,0.86864,0.1169124,-0.481452,0.0,0.0,0.0,0.0,0.0,0.0,0.0,-0.6004996,-0.2389947,-2.886665,2.158845,0.03107224,-2.022122,-0.008796585,0.8707888,-0.03967673,0.4899749,3.467358,121.1746,356.8873,0.6855364,0.009460837,-0.7279766,0.0,0.0,0.0,3.736224,0.3586679,-2.692492,0.3087005,0.4008,2.069001,-0.5196947,-0.05420114,-0.8526313,0.02356127,0.9966967,-0.07772031,0.8540273,-0.06047989,-0.5167009,static,-61.00217,-13.64911,8.486083,10.96336,-50.005274882724926,-11.74277149817082,73.71832190502514,62.7439826164807,108.64962248967105
05/18/2023 18:41:07.821960,2937,True,True,True,True,Eyes,1.94688,0.02569999,-1.972837,0.8646676,0.1165429,-0.4886386,0.0,0.0,0.0,0.0,0.0,0.0,0.0,-0.561422,-0.2425421,-2.90491,2.168731,0.03365991,-2.026818,-0.01121165,0.8738415,-0.04066537,0.4843776,3.4518,121.898,356.6121,0.6871021,0.009432516,-0.7264993,0.0,0.0,0.0,3.740398,0.3629863,-2.707109,0.3087001,0.4008,2.069001,-0.5305054,-0.05898921,-0.8456267,0.01980039,0.9964412,-0.08193153,0.8474504,-0.06020884,-0.5274494,static,-60.52846,-13.41473,8.486072,10.96336,-49.56838587818874,-11.512538686173333,73.19355777134436,62.253402326953335,109.11143018011465
05/18/2023 18:41:07.840215,2938,True,True,True,True,Eyes,1.956725,0.02601905,-1.975623,0.8605529,0.1157085,-0.4960446,0.0,0.0,0.0,0.0,0.0,0.0,0.0,-0.5283254,-0.223583,-2.92276,2.177909,0.03392373,-2.031553,-0.01353389,0.8765938,-0.03806369,0.4795324,3.0813,122.5461,356.5418,0.6886435,0.00941664,-0.7250386,0.0,0.0,0.0,3.745887,0.3577147,-2.721507,0.3087002,0.4008,2.069001,-0.5397311,-0.06023299,-0.8396799,0.01277809,0.996736,-0.07971267,0.8417405,-0.05375291,-0.5371997,static,-60.03975,-13.13016,8.486075,10.96336,-49.11848364954795,-11.234982827234006,72.63805062032588,61.733715273621925,109.59405322660851
05/18/2023 18:41:07.850255,2939,True,True,True,True,Eyes,1.966528,0.02639841,-1.978482,0.8562617,0.1146614,-0.5036553,0.0,0.0,0.0,0.0,0.0,0.0,0.0,-0.4811317,-0.2500887,-2.938189,2.186512,0.03313551,-2.03594,-0.0115186,0.8801417,-0.04233769,0.4726792,3.648604,123.4137,356.5359,0.6901597,0.009410847,-0.7235955,0.0,0.0,0.0,3.751207,0.354011,-2.736027,0.3086999,0.4008,2.069,-0.5528834,-0.06030028,-0.8310738,0.01974828,0.9961497,-0.08541553,0.8330245,-0.06363712,-0.5495638,static,-59.53586,-12.82528,8.486069,10.96336,-48.65482700037656,-10.938068558710366,72.0616556702012,61.19439981434693,110.09426636084088
05/18/2023 18:41:07.870266,2940,True,True,True,True,Eyes,1.976279,0.02685256,-1.981467,0.8517898,0.1138853,-0.5113554,0.0,0.0,0.0,0.0,0.0,0.0,0.0,-0.4340515,-0.2691752,-2.953585,2.195426,0.03502044,-2.040442,-0.01137672,0.883585,-0.04544114,0.465922,3.996808,124.2686,356.4109,0.69165,0.00941623,-0.7221711,0.0,0.0,0.0,3.755947,0.3553289,-2.749446,0.3087003,0.4008,2.069,-0.5655743,-0.06244865,-0.8223292,0.02223946,0.9956114,-0.09090354,0.8243972,-0.06970089,-0.5617034,static,-59.02232,-12.55558,8.48608,10.96336,-48.18150359894204,-10.673863121420958,71.48793331243812,60.65792986369744,110.59986533634456
05/18/2023 18:41:07.889963,2941,True,True,True,True,Eyes,1.985985,0.02729116,-1.98455,0.8470564,0.1135905,-0.5192232,0.0,0.0,0.0,0.0,0.0,0.0,0.0,-0.3886125,-0.2487097,-2.972106,2.20445,0.03726614,-2.0458,-0.01404383,0.8871757,-0.0424657,0.459259,3.580425,125.1472,356.3277,0.6931124,0.009434254,-0.7207674,0.0,0.0,0.0,3.761053,0.3505445,-2.76366,0.3087001,0.4007999,2.069,-0.577768,-0.0639242,-0.8136941,0.01408682,0.9959989,-0.08824858,0.8160796,-0.06244954,-0.5745557,static,-58.49281,-12.34019,8.486078,10.96336,-47.69225752051496,-10.460128201411408,70.91704224175628,60.12463079779839,111.11393405829179
05/18/2023 18:41:07.900105,2942,True,True,True,True,Eyes,1.995649,0.027681,-1.987702,0.8421124,0.1133953,-0.5272458,0.0,0.0,0.0,0.0,0.0,0.0,0.0,-0.3414114,-0.2129479,-2.990824,2.213229,0.03722946,-2.051139,-0.01658777,0.8909599,-0.03720919,0.4522507,2.940572,126.0822,356.3709,0.6945465,0.009463,-0.7193853,0.0,0.0,0.0,3.766365,0.3419711,-2.778407,0.3087001,0.4008,2.069,-0.5903882,-0.06321384,-0.8046402,0.004097681,0.9966807,-0.08130746,0.807109,-0.05130012,-0.5881695,static,-57.94935,-12.13777,8.486073,10.96336,-47.18976436150957,-10.258214311077474,70.337242172734,59.58316945367918,111.6397803214229
05/18/2023 18:41:07.919895,2943,True,True,True,True,Eyes,2.005246,0.02806109,-1.990946,0.8369426,0.1131809,-0.5354598,0.0,0.0,0.0,0.0,0.0,0.0,0.0,-0.2912016,-0.1969266,-3.006945,2.221477,0.03640958,-2.056455,-0.01673457,0.8947954,-0.03474587,0.4448076,2.710733,127.0529,356.507,0.695952,0.009499576,-0.7180252,0.0,0.0,0.0,3.770782,0.3393899,-2.793109,0.3087002,0.4008,2.069,-0.6037323,-0.0608585,-0.7948607,0.0009624244,0.9970253,-0.07706822,0.7971866,-0.04729357,-0.6018779,static,-57.38967,-11.93502,8.486078,10.96336,-46.67216427372733,-10.0556202032732,69.74202449874755,59.027359923282965,112.18129500336218
05/18/2023 18:41:07.940586,2944,True,True,True,True,Eyes,2.014769,0.02848053,-1.994279,0.8316444,0.1129337,-0.5437036,0.0,0.0,0.0,0.0,0.0,0.0,0.0,-0.238917,-0.1977514,-3.021158,2.229592,0.03656194,-2.061835,-0.01538627,0.8986126,-0.03452216,0.4371123,2.785273,128.0399,356.6807,0.6973279,0.009542773,-0.7166883,0.0,0.0,0.0,3.775719,0.3307722,-2.8072,0.3087003,0.4008,2.069001,-0.6173924,-0.05783272,-0.7845269,0.002527531,0.997143,-0.07549515,0.7866514,-0.04859304,-0.6154823,static,-56.82457,-11.73416,8.486077,10.96336,-46.14947773402657,-9.85467112323387,69.14230272206018,58.467377749842235,112.72824818094128
05/18/2023 18:41:07.950265,2945,True,True,True,True,Eyes,2.024209,0.02890399,-1.997711,0.8261214,0.1128076,-0.5520849,0.0,0.0,0.0,0.0,0.0,0.0,0.0,-0.1886047,-0.1961112,-3.03431,2.237265,0.03795687,-2.067431,-0.01393947,0.9022581,-0.03356761,0.4296618,2.785373,128.9964,356.9009,0.6986737,0.009593252,-0.7153756,0.0,0.0,0.0,3.780898,0.3176376,-2.822336,0.3087,0.4008,2.069001,-0.630393,-0.05399944,-0.7743959,0.00369145,0.9973578,-0.07255182,0.7762676,-0.04859478,-0.628528,static,-56.24577,-11.54829,8.48607,10.96336,-45.613738286236746,-9.667439589021434,68.53455694398338,57.90007900072276,113.28634696526271
05/18/2023 18:41:07.970384,2946,True,True,True,True,Eyes,2.033529,0.0293026,-2.001263,0.8205622,0.1123652,-0.5604033,0.0,0.0,0.0,0.0,0.0,0.0,0.0,-0.1385161,-0.1875073,-3.047,2.244814,0.03845219,-2.073134,-0.01277921,0.9058508,-0.03162778,0.4222213,2.665719,129.9525,357.1389,0.6999882,0.009650331,-0.7140889,0.0,0.0,0.0,3.785422,0.3091758,-2.837015,0.3087001,0.4008,2.069001,-0.6431319,-0.04985995,-0.7641306,0.003555739,0.9976727,-0.0680914,0.7657474,-0.0465088,-0.6414579,static,-55.66886,-11.3379,8.486073,10.96336,-45.08023048365843,-9.45729971799367,67.92055378029606,57.32671464702549,113.84700918842977
05/18/2023 18:41:07.990181,2947,True,True,True,True,Eyes,2.042748,0.02968679,-2.004908,0.8147861,0.1116896,-0.5689017,0.0,0.0,0.0,0.0,0.0,0.0,0.0,-0.08623827,-0.1976714,-3.057438,2.251811,0.03835444,-2.079016,-0.009941159,0.9094511,-0.03239965,0.4144276,2.905684,130.938,357.4211,0.7012696,0.009712421,-0.7128295,0.0,0.0,0.0,3.789958,0.298113,-2.851759,0.3087,0.4008,2.069,-0.656302,-0.0449366,-0.7531589,0.008772618,0.9977029,-0.06717157,0.7544473,-0.050692,-0.6544002,static,-55.0764,-11.10733,8.486073,10.96336,-44.532621011669214,-9.227914651636995,67.2852385813696,56.73331901767116,114.42585250414123
05/18/2023 18:41:08.010399,2948,True,True,True,True,Eyes,2.051835,0.0300356,-2.00866,0.8089746,0.1106624,-0.5773336,0.0,0.0,0.0,0.0,0.0,0.0,0.0,-0.0319649,-0.2173081,-3.06619,2.258731,0.03844741,-2.084807,-0.006948499,0.9130211,-0.03470712,0.406374,3.309483,131.9457,357.6523,0.7025172,0.009778444,-0.7115992,0.0,0.0,0.0,3.794142,0.2887279,-2.867098,0.3087003,0.4008,2.069001,-0.669624,-0.04089638,-0.7415736,0.01551989,0.9974942,-0.06902403,0.7425382,-0.05772927,-0.6673114,static,-54.48603,-10.85075,8.486079,10.96336,-43.98745813545818,-8.974231133317438,66.64339357355672,56.13358744731756,115.0077859530148
05/18/2023 18:41:08.019874,2949,True,True,True,True,Eyes,2.060813,0.03037549,-2.012489,0.8029933,0.1092957,-0.5858806,0.0,0.0,0.0,0.0,0.0,0.0,0.0,0.01737285,-0.2336147,-3.073806,2.265247,0.03791455,-2.090545,-0.004799688,0.9161822,-0.03683965,0.3990367,3.650672,132.8597,357.8066,0.7037292,0.009846704,-0.7103997,0.0,0.0,0.0,3.798259,0.2843297,-2.880761,0.3087001,0.4008,2.069,-0.6814936,-0.03819552,-0.7308269,0.02060596,0.9972396,-0.07133415,0.7315341,-0.06367315,-0.6788254,static,-53.88473,-10.56703,8.486076,10.96336,-43.432631935143306,-8.694893374517314,65.98238503298995,55.515755956227714,115.60522301249831
05/18/2023 18:41:08.040180,2950,True,True,True,True,Eyes,2.069665,0.03068569,-2.016429,0.7970127,0.1077202,-0.5942787,0.0,0.0,0.0,0.0,0.0,0.0,0.0,0.06558073,-0.2624741,-3.079458,2.271749,0.03812854,-2.096176,-0.003193447,0.9190573,-0.04128008,0.3919433,4.207815,133.7264,357.8032,0.7049053,0.009916622,-0.7092317,0.0,0.0,0.0,3.802141,0.2824829,-2.894532,0.3087,0.4008,2.069001,-0.6927406,-0.03822882,-0.7201731,0.02648898,0.9965715,-0.07838081,0.7207004,-0.07337421,-0.6893529,static,-53.29059,-10.274,8.486071,10.96336,-42.88465587145333,-8.407005034167241,65.3251965483344,54.901389972006605,116.19892760982567
05/18/2023 18:41:08.049949,2951,True,True,True,True,Eyes,2.078421,0.03097322,-2.020444,0.7908774,0.1061047,-0.6027062,0.0,0.0,0.0,0.0,0.0,0.0,0.0,0.1110049,-0.279592,-3.085531,2.278292,0.03800105,-2.102126,-0.003439397,0.9217178,-0.04450882,0.3852838,4.554012,134.5366,357.6636,0.7060446,0.009986958,-0.7080965,0.0,0.0,0.0,3.805726,0.285207,-2.907913,0.3087,0.4008,2.069,-0.7030896,-0.04063736,-0.7099397,0.02795674,0.9960143,-0.08469943,0.710552,-0.07939885,-0.699151,static,-52.68996,-9.984446,8.486073,10.96336,-42.33056592539984,-8.122221779224294,64.66310841454133,54.28250384355829,116.79942088754389
05/18/2023 18:41:08.070332,2952,True,True,True,True,Eyes,2.087077,0.03124138,-2.024554,0.7847695,0.1045802,-0.6109008,0.0,0.0,0.0,0.0,0.0,0.0,0.0,0.1526566,-0.2851719,-3.092044,2.284871,0.03777415,-2.107913,-0.004400749,0.9241518,-0.04603115,0.3792168,4.688696,135.278,357.5246,0.7071476,0.01005686,-0.7069941,0.0,0.0,0.0,3.809283,0.2848849,-2.921984,0.3087005,0.4008,2.069002,-0.7123507,-0.04304549,-0.7005026,0.02677765,0.9957235,-0.08841721,0.7013129,-0.08174186,-0.7081516,static,-52.10117,-9.714312,8.48608,10.96335,-41.787135379277736,-7.85588739890605,64.018595488723,53.68016282433979,117.38715192903894
05/18/2023 18:41:08.090252,2953,True,True,True,True,Eyes,2.095652,0.03149158,-2.02875,0.7785484,0.1032392,-0.6190346,0.0,0.0,0.0,0.0,0.0,0.0,0.0,0.1914537,-0.2850427,-3.098938,2.291368,0.03763245,-2.114128,-0.005665961,0.9264257,-0.04666636,0.3735313,4.71693,135.9743,357.3913,0.7082135,0.01012565,-0.7059254,0.0,0.0,0.0,3.812153,0.2823007,-2.937943,0.3087001,0.4008,2.069001,-0.7208846,-0.04536088,-0.6915692,0.02436451,0.9955803,-0.09069866,0.692627,-0.082233,-0.7165933,static,-51.5113,-9.468334,8.486073,10.96336,-41.2422349054442,-7.6121391816546415,63.38090316973059,53.084402388896834,117.97302620992437
05/18/2023 18:41:08.109828,2954,True,True,True,True,Eyes,2.104288,0.03172493,-2.032909,0.7709975,0.1031662,-0.6284264,0.0,0.0,0.0,0.0,0.0,0.0,0.0,0.2249933,-0.2733309,-3.106976,2.298113,0.03742765,-2.120357,-0.007220752,0.9284357,-0.04538447,0.3686396,4.528182,136.5819,357.3052,0.7092427,0.01019277,-0.7048904,0.0,0.0,0.0,3.814633,0.2831471,-2.953787,0.3087002,0.4008,2.069001,-0.7281054,-0.04686903,-0.683861,0.02005301,0.9957762,-0.08959683,0.6851718,-0.07894941,-0.7240902,static,-50.81713,-9.322855,8.486075,10.96336,-40.59822227426527,-7.460073907543648,62.67695463484366,52.42796158400662,118.6388357392326
05/18/2023 18:41:08.119836,2955,True,True,True,True,Eyes,2.317652,0.03671796,-2.139286,0.5479051,0.09754549,-0.8308338,0.0,0.0,0.0,0.0,0.0,0.0,0.0,0.2538512,-0.2601002,-3.115046,2.304425,0.03689183,-2.126938,-0.008145973,0.9302087,-0.04358465,0.3643431,4.309829,137.1201,357.3034,0.7102404,0.0102578,-0.7038841,0.0,0.0,0.0,3.817256,0.2790304,-2.969875,0.3086998,0.4007999,2.069,-0.7343754,-0.04691444,-0.6771201,0.01660462,0.9960681,-0.08702149,0.6785403,-0.07514978,-0.730709,static,-33.40342,-6.696255,8.48607,10.96336,-24.42311178276681,-4.6028282886047975,45.45977754464186,36.40495108426171,135.17743852997822
05/18/2023 18:41:08.139962,2956,True,True,True,True,Eyes,2.31793,0.03669975,-2.139534,0.5475774,0.09751443,-0.8310534,0.0,0.0,0.0,0.0,0.0,0.0,0.0,0.2827946,-0.2576235,-3.121772,2.310597,0.03628264,-2.133454,-0.007644191,0.93192,-0.04302315,0.3600221,4.283073,137.6574,357.4006,0.7134513,0.01043287,-0.7006267,0.6400931,0.0149791,-0.3191314,3.819425,0.2747549,-2.98727,0.3087003,0.4008,2.069001,-0.7406517,-0.04522612,-0.6703658,0.01673102,0.9961812,-0.08569243,0.6716812,-0.07468411,-0.7370666,static,-33.38071,-6.692389,8.486077,10.96336,-24.4020255509496,-4.598689671539378,45.43735606804571,36.38412675029093,135.19911145472213
05/18/2023 18:41:08.149987,2957,True,True,True,True,Eyes,2.318425,0.03664848,-2.14005,0.5469174,0.09750822,-0.8314887,0.0,0.0,0.0,0.0,0.0,0.0,0.0,0.3147074,-0.2570679,-3.127959,2.316481,0.0358222,-2.140533,-0.006596205,0.9338114,-0.04250887,0.3551701,4.284272,138.2605,357.5565,0.7161396,0.01057999,-0.6978765,0.6016875,0.01408035,-0.2999835,3.820997,0.2700454,-3.004923,0.3087,0.4008,2.069,-0.7476215,-0.04251499,-0.6627631,0.01787654,0.996299,-0.08407609,0.6638846,-0.074705,-0.7440946,static,-33.33519,-6.688495,8.486071,10.96336,-24.3596862489619,-4.594002654581829,45.393896688554356,36.34384820054022,135.24138047855533
05/18/2023 18:41:08.170239,2958,True,True,True,True,Eyes,2.319069,0.03654528,-2.140862,0.5459207,0.09727689,-0.8321706,0.0,0.0,0.0,0.0,0.0,0.0,0.0,0.3481598,-0.2568904,-3.13336,2.322212,0.03498975,-2.147382,-0.004828581,0.935776,-0.04176372,0.3500798,4.288708,138.8953,357.8001,0.718394,0.01070254,-0.6955537,0.5655863,0.01323553,-0.2819845,3.822114,0.2601286,-3.024256,0.3087,0.4008,2.069001,-0.7548419,-0.0382782,-0.6547892,0.02020432,0.9964649,-0.08154374,0.6555958,-0.07478219,-0.7514001,static,-33.26568,-6.667352,8.486071,10.96336,-24.295324909383567,-4.572620746555506,45.321636303127285,36.27652981646802,135.31061990628368
05/18/2023 18:41:08.190204,2959,True,True,True,True,Eyes,2.319903,0.03641116,-2.141927,0.5446086,0.09689842,-0.833074,0.0,0.0,0.0,0.0,0.0,0.0,0.0,0.3821146,-0.2672008,-3.137298,2.327534,0.03373249,-2.154413,-0.00242547,0.9376822,-0.04261216,0.3448631,4.487432,139.5383,358.0491,0.7202866,0.01080271,-0.6935921,0.5316511,0.0124414,-0.2650654,3.822682,0.2507039,-3.044164,0.3087001,0.4008,2.069001,-0.7621272,-0.03393936,-0.6465372,0.02484208,0.9963567,-0.08158623,0.6469506,-0.07824041,-0.7585074,static,-33.174,-6.634507,8.486073,10.96336,-24.210530886343328,-4.539777804987295,45.22440276349725,36.185842362737226,135.40348358474057
05/18/2023 18:41:08.200154,2960,True,True,True,True,Eyes,2.32092,0.03621783,-2.143241,0.5428913,0.09634224,-0.8342584,0.0,0.0,0.0,0.0,0.0,0.0,0.0,0.4170816,-0.2798173,-3.140637,2.332978,0.03289784,-2.161478,-0.001045347,0.9395401,-0.04429658,0.3395604,4.733828,140.183,358.1572,0.7218778,0.01088281,-0.6919347,0.499752,0.01169492,-0.2491615,3.822304,0.2491147,-3.064257,0.3087001,0.4008001,2.069,-0.7693954,-0.03204702,-0.6379685,0.02811844,0.9960735,-0.08394673,0.6381538,-0.08252691,-0.7654733,moving,-33.05395,-6.587479,8.486074,10.96336,-24.09957484094486,-4.493009587337639,45.09551578066823,36.06554964513569,135.52635718606336
05/18/2023 18:41:08.220041,2961,True,True,True,True,Eyes,2.322093,0.03596864,-2.144798,0.5408725,0.09563415,-0.8356501,0.0,0.0,0.0,0.0,0.0,0.0,0.0,0.4506509,-0.2857131,-3.144408,2.338068,0.03132788,-2.16898,-0.0001911956,0.9413493,-0.04516864,0.3343968,4.870911,140.812,358.2419,0.7232175,0.01094387,-0.6905333,0.4697669,0.01099322,-0.2342118,3.821166,0.2457737,-3.084477,0.3086998,0.3981454,2.069,-0.7763575,-0.03056846,-0.6295512,0.02984853,0.9959196,-0.08516681,0.6295856,-0.08491106,-0.7722772,moving,-32.91286,-6.528687,8.48607,10.89249,-23.96924019885665,-4.434748171075932,44.915129001375796,35.89249768484907,135.69543141929685
05/18/2023 18:41:08.240147,2962,True,True,True,True,Eyes,2.323418,0.0356753,-2.146598,0.5384692,0.09474301,-0.837302,0.0,0.0,0.0,0.0,0.0,0.0,0.0,0.4863288,-0.2983571,-3.146653,2.343067,0.02978181,-2.17626,0.0007412205,0.9431672,-0.04719488,0.3289499,5.135587,141.4688,358.294,0.724359,0.0109874,-0.6893351,0.4415809,0.01033363,-0.2201591,3.818813,0.2521347,-3.105349,0.3086997,0.3954779,2.069,-0.7835831,-0.02965131,-0.6205793,0.03244769,0.9955442,-0.08853767,0.6204394,-0.08951297,-0.7791295,moving,-32.74509,-6.455716,8.486064,10.82124,-23.81431814403948,-4.362603912162083,44.70460008542356,35.69122865074676,135.89317803852052
05/18/2023 18:41:08.249950,2963,True,True,True,True,Eyes,2.324883,0.03532911,-2.148631,0.5358421,0.09383029,-0.8390883,0.0,0.0,0.0,0.0,0.0,0.0,0.0,0.5203218,-0.3062991,-3.149418,2.348074,0.02847024,-2.183833,0.0008633647,0.94488,-0.04875795,0.3237647,5.318949,142.0918,358.2769,0.7253758,0.0110165,-0.6882647,0.415086,0.00971361,-0.2069495,3.815736,0.2601939,-3.125871,0.3087002,0.3924853,2.069001,-0.7903515,-0.02994066,-0.6119217,0.03320376,0.9952438,-0.09158179,0.6117533,-0.0926999,-0.7855983,moving,-32.56231,-6.380541,8.486073,10.74126,-23.645452565786695,-4.288053004773823,44.476126364582264,35.47273861122464,136.10810274917102
05/18/2023 18:41:08.274255,2964,True,True,True,True,Eyes,2.326477,0.03491534,-2.150901,0.5332961,0.09270935,-0.8408331,0.0,0.0,0.0,0.0,0.0,0.0,0.0,0.549692,-0.3088397,-3.153073,2.352953,0.02686881,-2.191413,0.0008364386,0.9463745,-0.0494757,0.31926,5.404077,142.6348,358.2727,0.7262787,0.01103086,-0.6873115,0.3901808,0.009130793,-0.1945326,3.812941,0.25533,-3.148195,0.3087001,0.3900933,2.069001,-0.796145,-0.03000805,-0.6043618,0.03317439,0.9951029,-0.093111,0.6041962,-0.09417916,-0.7912507,moving,-32.3848,-6.291956,8.486072,10.67731,-23.48175477447328,-4.201070500003632,44.25363450180267,35.26057508018863,136.31723134893974
05/18/2023 18:41:08.290211,2965,True,True,True,True,Eyes,2.328194,0.03445242,-2.153404,0.5305813,0.09153219,-0.8426775,0.0,0.0,0.0,0.0,0.0,0.0,0.0,0.575882,-0.3139879,-3.156887,2.357655,0.0248686,-2.199319,0.001186782,0.9476869,-0.05050463,0.3151785,5.53612,143.1258,358.2966,0.7270777,0.01102975,-0.6864662,0.36677,0.008582945,-0.1828606,3.809348,0.2576802,-3.170333,0.3087003,0.3874131,2.069001,-0.8013222,-0.02958655,-0.597501,0.03408534,0.9948958,-0.09497704,0.5972612,-0.09647323,-0.7962236,moving,-32.19605,-6.199202,8.486079,10.60562,-23.30766393538034,-4.109928342725728,44.01633404117528,35.03411841145921,136.54044390660917
05/18/2023 18:41:08.299901,2966,True,True,True,True,Eyes,2.330015,0.03396128,-2.156147,0.5278044,0.09021714,-0.8445611,0.0,0.0,0.0,0.0,0.0,0.0,0.0,0.6005331,-0.3201076,-3.160789,2.362363,0.02324898,-2.207351,0.001302468,0.9488866,-0.05175463,0.3113424,5.683291,143.5842,358.2865,0.7277817,0.01101312,-0.6857201,0.3447638,0.008067968,-0.171889,3.806124,0.255297,-3.191948,0.3086998,0.3847675,2.068999,-0.8061284,-0.02975503,-0.5909919,0.0346986,0.9946395,-0.09740751,0.5907223,-0.09902956,-0.8007748,moving,-32.00313,-6.097291,8.486073,10.53483,-23.12986337517608,-4.010119438957498,43.77217162232015,34.80119232240487,136.77007203541194
05/18/2023 18:41:08.319995,2967,True,True,True,True,Eyes,2.33195,0.03345999,-2.159117,0.5249001,0.08894535,-0.8465037,0.0,0.0,0.0,0.0,0.0,0.0,0.0,0.6241043,-0.3243445,-3.165024,2.366987,0.02210789,-2.215617,0.001304509,0.9500413,-0.0526397,0.3076509,5.786531,144.026,358.2772,0.7283977,0.01098159,-0.6850661,0.3240779,0.00758389,-0.1615756,3.802042,0.2458243,-3.216301,0.3086998,0.382132,2.069,-0.8106985,-0.02991063,-0.5846995,0.03486798,0.9944547,-0.0992171,0.5844248,-0.1008224,-0.80516,moving,-31.80223,-5.998275,8.486069,10.46427,-22.94457175059616,-3.912837672961774,43.52197633598946,34.562789283172336,137.0060664541382
05/18/2023 18:41:08.339998,2968,True,True,True,True,Eyes,2.333994,0.0329655,-2.162311,0.5218806,0.0878246,-0.8484854,0.0,0.0,0.0,0.0,0.0,0.0,0.0,0.6451491,-0.3256245,-3.170084,2.371725,0.02136891,-2.223992,0.001750667,0.9511094,-0.05266866,0.3043255,5.811319,144.4299,358.3453,0.7289327,0.01093632,-0.6844975,0.3046333,0.007128857,-0.1518811,3.79755,0.2457332,-3.239717,0.3087,0.379524,2.068999,-0.8147661,-0.02872667,-0.579078,0.03538698,0.9944459,-0.09912176,0.5787092,-0.1012529,-0.8092243,moving,-31.59456,-5.909499,8.486074,10.39441,-22.75277552933492,-3.824985930368153,43.269789351489074,34.32283409832293,137.24494127398088
05/18/2023 18:41:08.349929,2969,True,True,True,True,Eyes,2.336132,0.03246445,-2.165734,0.5187455,0.08701219,-0.8504893,0.0,0.0,0.0,0.0,0.0,0.0,0.0,0.6638125,-0.316524,-3.176579,2.376215,0.0210093,-2.232633,0.003009046,0.9522098,-0.05032978,0.3012547,5.604554,144.8186,358.584,0.729394,0.01087879,-0.684007,0.2863553,0.006701125,-0.1427682,3.792275,0.2681583,-3.259183,0.3087001,0.3766978,2.069,-0.818473,-0.02459368,-0.5740183,0.03605465,0.9949157,-0.09403603,0.5734125,-0.09766199,-0.8134249,moving,-31.38059,-5.841515,8.486076,10.31868,-22.55471012039264,-3.7564520236486754,43.01747273368789,34.08283650835272,137.48520793691455
05/18/2023 18:41:08.370018,2970,True,True,True,True,Eyes,2.338353,0.03194885,-2.169379,0.5154806,0.08629458,-0.852545,0.0,0.0,0.0,0.0,0.0,0.0,0.0,0.683936,-0.3038452,-3.183086,2.38064,0.02031682,-2.241487,0.00584126,0.9534528,-0.04653452,0.2978729,5.291154,145.2567,359.0457,0.729786,0.01081005,-0.6835898,0.2691739,0.006299058,-0.1342021,3.7928,0.2306493,-3.279612,0.3087002,0.3741025,2.069001,-0.8224753,-0.01658402,-0.5685592,0.03886148,0.9956008,-0.08525704,0.5674719,-0.09221686,-0.8182126,moving,-31.15873,-5.779792,8.486075,10.24909,-22.34917290343241,-3.693598012527541,42.762549288576665,33.84096721845893,137.72888321879725
05/18/2023 18:41:08.390113,2971,True,True,True,True,Eyes,2.340652,0.03143674,-2.173236,0.5121107,0.08561678,-0.8546417,0.0,0.0,0.0,0.0,0.0,0.0,0.0,0.7036164,-0.3041955,-3.188221,2.384833,0.01945432,-2.250456,0.0105043,0.9545919,-0.04401247,0.2944607,5.175923,145.6981,359.6626,0.7301143,0.01073065,-0.6832405,0.2530235,0.005921115,-0.12615,3.789739,0.2265468,-3.302228,0.3087003,0.3714501,2.069001,-0.8263654,-0.005865247,-0.5631042,0.04597452,0.9959052,-0.07784168,0.561255,-0.09021409,-0.8227119,moving,-30.93051,-5.720723,8.486078,10.17795,-22.137658710244143,-3.633082641253528,42.50217891735285,33.59401543007512,137.97818094817072
05/18/2023 18:41:08.400043,2972,True,True,True,True,Eyes,2.343008,0.03095088,-2.17731,0.5085866,0.08475443,-0.8568292,0.0,0.0,0.0,0.0,0.0,0.0,0.0,0.7253455,-0.314288,-3.191806,2.389027,0.01905513,-2.259362,0.01492371,0.9557009,-0.04323409,0.2907647,5.239336,146.1649,0.1946627,0.7303822,0.01064179,-0.6829544,0.2378421,0.005565848,-0.118581,3.788445,0.249178,-3.316926,0.3087,0.3687339,2.069,-0.8304666,0.003383305,-0.5570585,0.05366708,0.9958162,-0.07395914,0.5544777,-0.09131628,-0.8271736,moving,-30.69203,-5.649114,8.486072,10.10507,-21.91682526325892,-3.5605944946417667,42.2269817750246,33.332964885836205,138.2414112896703
05/18/2023 18:41:08.420053,2973,True,True,True,True,Eyes,2.345431,0.03050573,-2.181602,0.5049297,0.08394621,-0.8590688,0.0,0.0,0.0,0.0,0.0,0.0,0.0,0.7473018,-0.325666,-3.195071,2.39304,0.0192287,-2.268476,0.01831982,0.9567707,-0.04313311,0.2870435,5.339335,146.6278,0.5923588,0.730594,0.01054523,-0.6827286,0.2235716,0.005231897,-0.1114662,3.782441,0.2674505,-3.33923,0.3087004,0.3661099,2.069,-0.834541,0.01029357,-0.55085,0.05981789,0.9956078,-0.0720198,0.5476893,-0.09305415,-0.8314914,moving,-30.44548,-5.581091,8.486084,10.03463,-21.688403630692378,-3.491278226358577,41.946601981995364,33.067353948005604,138.51025619606028
05/18/2023 18:41:08.440486,2974,True,True,True,True,Eyes,2.347873,0.03010476,-2.186119,0.5012451,0.08279566,-0.8613351,0.0,0.0,0.0,0.0,0.0,0.0,0.0,0.7709576,-0.3301986,-3.198739,2.397096,0.01976871,-2.27791,0.02004601,0.9579162,-0.04270112,0.2831457,5.34543,147.1044,0.8185348,0.7307529,0.01044302,-0.6825598,0.2101573,0.004917983,-0.1047782,3.777625,0.2784567,-3.357888,0.3087002,0.3634408,2.069,-0.8388537,0.01422352,-0.5441716,0.06258608,0.9955495,-0.0704563,0.5407478,-0.09316007,-0.8360105,moving,-30.19683,-5.490675,8.486076,9.962938,-21.458455069699127,-3.4009532266635736,41.655508295525635,32.791287405380594,138.78851118573235
05/18/2023 18:41:08.459590,2975,True,True,True,True,Eyes,2.350358,0.02976265,-2.190837,0.4973959,0.08153231,-0.8636838,0.0,0.0,0.0,0.0,0.0,0.0,0.0,0.7951057,-0.3333444,-3.201836,2.400162,0.01952235,-2.287772,0.02086436,0.9590922,-0.04268375,0.2790791,5.366195,147.5955,0.9321691,0.7308612,0.01033709,-0.6824454,0.1975478,0.004622904,-0.0984915,3.773897,0.2487543,-3.38242,0.3087002,0.3607385,2.069001,-0.8433593,0.0161974,-0.5371063,0.06384598,0.9954855,-0.07022968,0.533544,-0.09352092,-0.8405862,moving,-29.93766,-5.392777,8.486075,9.890326,-21.21884791870628,-3.303383969932434,41.351622080141354,32.50317566603264,139.07915922728122
05/18/2023 18:41:08.475189,2976,True,True,True,True,Eyes,2.352798,0.02945341,-2.195808,0.4935353,0.07978173,-0.8660588,0.0,0.0,0.0,0.0,0.0,0.0,0.0,0.8217348,-0.3487588,-3.202939,2.403714,0.02067106,-2.297265,0.02141858,0.9602373,-0.0447179,0.2747467,5.603805,148.1125,0.9535128,0.7309213,0.01022963,-0.6823826,0.185695,0.00434553,-0.09258201,3.765428,0.2476239,-3.408489,0.3087007,0.3580202,2.069001,-0.8481109,0.01656164,-0.5295597,0.06570602,0.9950831,-0.07411023,0.5257285,-0.09764896,-0.845029,moving,-29.67723,-5.263258,8.48609,9.817256,-20.97867363403264,-3.1761874710082303,41.03487414293598,32.202513399480154,139.38100681173825
05/18/2023 18:41:08.490237,2977,True,True,True,True,Eyes,2.355275,0.02926332,-2.200964,0.4895033,0.07789596,-0.8685152,0.0,0.0,0.0,0.0,0.0,0.0,0.0,0.8485296,-0.3531353,-3.205129,2.407268,0.02204977,-2.306975,0.02102397,0.9614369,-0.04533079,0.2704485,5.654941,148.6231,0.9159085,0.7309337,0.01012183,-0.6823711,0.1745533,0.004084798,-0.08702709,3.757397,0.2584011,-3.430562,0.3087003,0.3554462,2.069,-0.8528314,0.01590715,-0.5219444,0.06494572,0.9950062,-0.07579356,0.5181323,-0.09853717,-0.8496057,moving,-29.40601,-5.125069,8.486081,9.748036,-20.728611983188564,-3.040628523054917,40.70650823508823,31.891193555356477,139.69437959382032
05/18/2023 18:41:08.500006,2978,True,True,True,True,Eyes,2.357795,0.02917314,-2.206316,0.4854016,0.0758343,-0.8709963,0.0,0.0,0.0,0.0,0.0,0.0,0.0,0.8760061,-0.3695506,-3.205405,2.410714,0.02472844,-2.316553,0.02017801,0.9625399,-0.04809628,0.2660762,5.930784,149.1346,0.7632604,0.7309009,0.01001739,-0.6824079,0.1640801,0.00383971,-0.08180546,3.746334,0.2343656,-3.45968,0.3086995,0.3528686,2.069,-0.8575925,0.01324971,-0.514159,0.06443883,0.9945592,-0.08185139,0.510277,-0.103327,-0.8537803,moving,-29.13069,-4.975975,8.486061,9.67869,-20.474939383797413,-2.8947682400558987,40.37052343057031,31.57263681330312,140.01510443216952
05/18/2023 18:41:08.520454,2979,True,True,True,True,Eyes,2.360343,0.02913182,-2.21184,0.4811149,0.0738538,-0.8735411,0.0,0.0,0.0,0.0,0.0,0.0,0.0,0.9054047,-0.3613135,-3.208147,2.414294,0.02705479,-2.326578,0.01728898,0.9638477,-0.04783982,0.2615533,5.811995,149.6595,0.4781653,0.7308251,0.009919061,-0.6824905,0.1542353,0.003609328,-0.07689713,3.734297,0.220129,-3.488288,0.3087003,0.3501342,2.068999,-0.862582,0.008302562,-0.5058492,0.0583532,0.9948248,-0.08317662,0.5025408,-0.1012646,-0.8586025,moving,-28.84439,-4.832597,8.486085,9.605093,-20.21092627607732,-2.75400697341068,40.02513280754637,31.245252572704043,140.3456584663654
05/18/2023 18:41:08.539982,2980,True,True,True,True,Eyes,2.362887,0.0291106,-2.217534,0.4767537,0.07160756,-0.8761154,0.0,0.0,0.0,0.0,0.0,0.0,0.0,0.9342886,-0.3563413,-3.209864,2.417561,0.02818408,-2.336173,0.01465641,0.9650713,-0.04824508,0.2570896,5.776942,150.1764,0.2005424,0.7307085,0.009827714,-0.6826166,0.1449811,0.003392768,-0.0722833,3.719455,0.2343316,-3.5164,0.3087003,0.3473969,2.069,-0.8673803,0.00348234,-0.4976337,0.05309557,0.9949152,-0.08558388,0.4948053,-0.1006559,-0.8631547,moving,-28.5536,-4.672571,8.486083,9.531384,-19.943049054407677,-2.5975597882082138,39.66976751107213,30.90836176157618,140.6856703730943
05/18/2023 18:41:08.550005,2981,True,True,True,True,Eyes,2.365465,0.02909717,-2.223376,0.4721614,0.06935105,-0.8787799,0.0,0.0,0.0,0.0,0.0,0.0,0.0,0.9686297,-0.3614603,-3.208429,2.420852,0.02869328,-2.345541,0.01180628,0.9663653,-0.0506948,0.2518508,5.965305,150.7773,359.8435,0.7305526,0.00974325,-0.6827845,0.1362823,0.003189202,-0.0679463,3.702297,0.255253,-3.54449,0.3086995,0.3448221,2.068999,-0.8728638,-0.002716683,-0.4879568,0.04835342,0.9945813,-0.09203254,0.4855627,-0.1039262,-0.8680025,moving,-28.24879,-4.512284,8.486062,9.462024,-19.6621134672853,-2.440547336774692,39.303061401635986,30.561266115200343,141.03754021253812
05/18/2023 18:41:08.570095,2982,True,True,True,True,Eyes,2.368048,0.02908165,-2.229362,0.4675367,0.06704818,-0.8814272,0.0,0.0,0.0,0.0,0.0,0.0,0.0,1.003322,-0.3600245,-3.207418,2.424343,0.02889173,-2.354894,0.00846218,0.9676583,-0.05239149,0.2466191,6.059893,151.3749,359.4547,0.7303597,0.009665191,-0.6829916,0.1281053,0.00299785,-0.06386952,3.684813,0.2609259,-3.573484,0.3086998,0.3421715,2.068999,-0.878215,-0.009464483,-0.4781727,0.04221848,0.9943671,-0.09722026,0.4763993,-0.105568,-0.8728684,moving,-27.94289,-4.349984,8.486073,9.390591,-19.380200888960083,-2.28162569126532,38.934210491365995,30.212081406986695,141.3918380170463
05/18/2023 18:41:08.591628,2983,True,True,True,True,Eyes,2.37067,0.02907453,-2.235475,0.4626899,0.06479022,-0.8841494,0.0,0.0,0.0,0.0,0.0,0.0,0.0,1.037711,-0.3543144,-3.206416,2.4278,0.02886628,-2.363986,0.005280307,0.9689367,-0.05332463,0.2414342,6.078218,151.9691,359.1059,0.7301314,0.009592813,-0.6832361,0.120419,0.002817979,-0.06003735,3.667443,0.2566713,-3.60308,0.3087004,0.3394713,2.069001,-0.8833635,-0.01551621,-0.4684321,0.03598135,0.9942572,-0.1007867,0.4673058,-0.1058861,-0.8777323,moving,-27.6238,-4.191127,8.486081,9.31778,-19.0859322220564,-2.12562485841656,38.554040957710384,29.852427503820934,141.7579115618935
05/18/2023 18:41:08.601881,2984,True,True,True,True,Eyes,2.373308,0.02906578,-2.241724,0.4578806,0.06267346,-0.8868018,0.0,0.0,0.0,0.0,0.0,0.0,0.0,1.072589,-0.3491526,-3.205026,2.431475,0.02907797,-2.373105,0.002246108,0.9701871,-0.05425864,0.2361945,6.104555,152.5694,358.7741,0.7298701,0.009525779,-0.6835155,0.1131939,0.0026489,-0.05643511,3.650003,0.2566273,-3.631345,0.3086997,0.3367725,2.069001,-0.8884142,-0.0212729,-0.4585495,0.02998948,0.9941019,-0.104221,0.458062,-0.1063431,-0.8825364,moving,-27.30857,-4.042576,8.486063,9.24499,-18.795062376032405,-1.9793591806644697,38.18134573072359,29.49992908995346,142.1175139409936
05/18/2023 18:41:08.620439,2985,True,True,True,True,Eyes,2.375983,0.02905326,-2.24808,0.4529044,0.0607217,-0.8894889,0.0,0.0,0.0,0.0,0.0,0.0,0.0,1.10595,-0.3363365,-3.204717,2.435188,0.02904921,-2.382324,-0.0003763101,0.9714383,-0.05366761,0.231144,5.97506,153.155,358.5284,0.7295775,0.009463484,-0.6838279,0.1064022,0.002489966,-0.053049,3.631799,0.2601533,-3.658947,0.3086997,0.3340971,2.069001,-0.8931449,-0.02554101,-0.4490438,0.02407876,0.9942393,-0.1044435,0.4491245,-0.1040956,-0.8873848,moving,-26.984,-3.905285,8.486062,9.172799,-18.495273715308223,-1.843419447932579,37.804253456389006,29.143602143090295,142.48238764186064
05/18/2023 18:41:08.640100,2986,True,True,True,True,Eyes,2.378682,0.02903122,-2.254544,0.4480533,0.05891012,-0.8920638,0.0,0.0,0.0,0.0,0.0,0.0,0.0,1.136034,-0.3271051,-3.204556,2.438837,0.02892999,-2.391231,-0.001437802,0.9725752,-0.05274285,0.226525,5.850975,153.6991,358.4625,0.7292576,0.009405551,-0.6841703,0.1000181,0.002340568,-0.04986606,3.613069,0.2502014,-3.687729,0.3087002,0.3313619,2.069,-0.8973688,-0.02669189,-0.4404735,0.0210984,0.9944322,-0.1032442,0.4407769,-0.1019414,-0.8918093,moving,-26.66882,-3.778214,8.486076,9.098966,-18.204038198104044,-1.7172609698605923,37.4391302987024,28.79848887999811,142.83614274261964
05/18/2023 18:41:08.649897,2987,True,True,True,True,Eyes,2.446845,0.02846014,-2.418591,0.3201742,0.01766083,-0.9471941,0.0,0.0,0.0,0.0,0.0,0.0,0.0,1.162853,-0.3208407,-3.204974,2.442406,0.02868272,-2.400176,-0.001107743,0.9736126,-0.05146023,0.2223272,5.72259,154.2017,358.558,0.7289097,0.009350887,-0.6845421,0.09401702,0.002200134,-0.0468741,3.593429,0.2341161,-3.717077,0.3087004,0.3285586,2.069001,-0.9011391,-0.02503904,-0.432807,0.02072499,0.9947012,-0.1006972,0.433035,-0.09971209,-0.8958452,moving,-18.67648,-1.06818,8.486081,9.02326,-10.809051640997083,1.0023978191057554,28.97657470013185,20.89584584932064,151.17097650361237
05/18/2023 18:41:08.670192,2988,True,True,True,True,Eyes,2.446962,0.02849881,-2.418957,0.3200572,0.01768262,-0.9472332,0.0,0.0,0.0,0.0,0.0,0.0,0.0,1.18569,-0.316765,-3.206328,2.445859,0.02860732,-2.409086,0.0001965302,0.9745203,-0.04988088,0.2186825,5.584049,154.6445,358.766,0.7268818,0.009233066,-0.6866971,0.2928647,0.0003548985,-0.5362041,3.575131,0.2195036,-3.743898,0.3087008,0.3260198,2.069001,-0.9043559,-0.02143311,-0.4262407,0.0221992,0.9950237,-0.09713391,0.4262015,-0.09730582,-0.8993797,moving,-18.66941,-1.069453,8.486091,8.954669,-10.802439615268066,1.0013680991652367,28.946575901682827,20.86390204432892,151.19896240819946
05/18/2023 18:41:08.689959,2989,True,True,True,True,Eyes,2.447212,0.0285742,-2.419676,0.3196472,0.01791332,-0.9473673,0.0,0.0,0.0,0.0,0.0,0.0,0.0,1.20862,-0.318493,-3.206966,2.449282,0.02965106,-2.41805,0.001301467,0.975361,-0.049238,0.2150467,5.543957,155.0809,358.927,0.7251539,0.00913191,-0.6885231,0.2752928,0.0003336046,-0.5040318,3.557594,0.1967378,-3.770108,0.3087003,0.3233303,2.069001,-0.9075068,-0.01863813,-0.4196244,0.02371573,0.9951478,-0.09548987,0.4193681,-0.09660938,-0.9026614,moving,-18.64469,-1.08325,8.486077,8.881981,-10.779141530639448,0.989019525993092,28.903016224810344,20.819401669199113,151.24049151809015
05/18/2023 18:41:08.700255,2990,True,True,True,True,Eyes,2.447553,0.0286642,-2.420739,0.3185542,0.01803452,-0.9477331,0.0,0.0,0.0,0.0,0.0,0.0,0.0,1.232951,-0.3040772,-3.208741,2.452797,0.03055701,-2.427244,0.001193909,0.9763213,-0.04660111,0.2112428,5.249891,155.5369,359.0013,0.7236748,0.009046037,-0.690079,0.2587753,0.0003135883,-0.4737899,3.540344,0.1805285,-3.794985,0.3087002,0.3206264,2.069002,-0.9107499,-0.01735702,-0.412593,0.02201957,0.9956538,-0.09049091,0.4123704,-0.09149972,-0.9064095,moving,-18.57865,-1.090156,8.486073,8.808872,-10.717475086415222,0.984067119028462,28.81822316541242,20.736533715463096,151.32300774606563
05/18/2023 18:41:08.719973,2991,True,True,True,True,Eyes,2.448013,0.02879239,-2.422103,0.3171908,0.01809937,-0.948189,0.0,0.0,0.0,0.0,0.0,0.0,0.0,1.257238,-0.2907155,-3.210037,2.45627,0.03093417,-2.436242,0.00090281,0.9772339,-0.04436809,0.207472,4.996254,155.9858,359.0426,0.7224001,0.008973669,-0.6914143,0.2432487,0.000294773,-0.4453625,3.524503,0.1720995,-3.817451,0.3087002,0.3180979,2.069002,-0.9139095,-0.01664576,-0.4055774,0.02017478,0.9960613,-0.08634138,0.4054172,-0.08709061,-0.909974,moving,-18.49626,-1.093549,8.486073,8.740479,-10.640641674105437,0.982777308479852,28.7185375816331,20.640085992050878,151.4204390742424
05/18/2023 18:41:08.740184,2992,True,True,True,True,Eyes,2.448539,0.02896397,-2.423779,0.3152945,0.01788103,-0.9488255,0.0,0.0,0.0,0.0,0.0,0.0,0.0,1.283634,-0.2935537,-3.208464,2.459676,0.03199453,-2.444811,0.000297741,0.9780492,-0.04505409,0.203445,5.063018,156.4537,358.979,0.7212524,0.008912466,-0.6926123,0.2286538,0.0002770867,-0.4186408,3.509561,0.1674798,-3.838852,0.3087001,0.3153844,2.069002,-0.9172202,-0.01774965,-0.3979852,0.01891446,0.9959401,-0.08800908,0.3979316,-0.08825137,-0.9131607,moving,-18.38164,-1.079636,8.486069,8.667057,-10.534109557280209,0.9984243819372524,28.580969391273804,20.507928188426003,151.55529552544354
05/18/2023 18:41:08.749887,2993,True,True,True,True,Eyes,2.449172,0.0291452,-2.42573,0.3131444,0.01762142,-0.949542,0.0,0.0,0.0,0.0,0.0,0.0,0.0,1.310123,-0.2947225,-3.206958,2.463072,0.03326596,-2.453575,-0.0006492277,0.9788519,-0.04564533,0.1994121,5.111896,156.9205,358.8796,0.7202012,0.008861961,-0.6937063,0.2149346,0.0002604614,-0.3935224,3.497237,0.1709645,-3.857622,0.3087003,0.3126723,2.069,-0.9204689,-0.01947546,-0.3903306,0.01693347,0.9958321,-0.08961896,0.3904492,-0.0891011,-0.9163028,moving,-18.25176,-1.063162,8.486081,8.59365,-10.413407827043732,1.0168179920171023,28.428263389532347,20.361705753711917,151.70521888430645
05/18/2023 18:41:08.769862,2994,True,True,True,True,Eyes,2.4499,0.02934582,-2.42793,0.3104797,0.01681462,-0.9504313,0.0,0.0,0.0,0.0,0.0,0.0,0.0,1.337804,-0.2972544,-3.204356,2.466346,0.03369307,-2.462109,-0.001070655,0.9796749,-0.04628589,0.195176,5.179274,157.413,358.8398,0.7192348,0.008821312,-0.694709,0.2020385,0.0002448338,-0.369911,3.48677,0.1756782,-3.874776,0.3087,0.3099726,2.069001,-0.9238104,-0.02016558,-0.382319,0.01597,0.9957129,-0.09110817,0.3825172,-0.09027231,-0.9195279,moving,-18.09079,-1.013547,8.48607,8.52054,-10.264373523441153,1.0669445193530689,28.23523158012289,20.17759197513114,151.895012309041
05/18/2023 18:41:08.789824,2995,True,True,True,True,Eyes,2.450729,0.02959986,-2.430379,0.307566,0.01578766,-0.9513958,0.0,0.0,0.0,0.0,0.0,0.0,0.0,1.368244,-0.3227221,-3.197798,2.469533,0.03447142,-2.470297,-0.0007467701,0.980388,-0.0503632,0.1905327,5.650864,157.9453,358.8106,0.7183426,0.008790027,-0.6956319,0.1899162,0.0002301437,-0.3477164,3.476808,0.1739,-3.891717,0.3086997,0.3072735,2.069001,-0.9273937,-0.02065592,-0.3735166,0.01772742,0.994926,-0.09903551,0.3736671,-0.09846637,-0.9223218,moving,-17.91492,-0.9506905,8.486062,8.447423,-10.101710030384591,1.1298066751735043,28.023853909182552,19.976305407429948,152.10300698030574
05/18/2023 18:41:08.800098,2996,True,True,True,True,Eyes,2.451673,0.02988807,-2.433066,0.3042114,0.01473452,-0.9524906,0.0,0.0,0.0,0.0,0.0,0.0,0.0,1.398614,-0.3434428,-3.191636,2.472867,0.03606425,-2.478758,-0.0004492055,0.9811113,-0.0534904,0.1859012,6.015244,158.4787,358.8033,0.7175156,0.008768658,-0.6964853,0.1785212,0.0002163351,-0.3268534,3.464714,0.1716627,-3.910275,0.3087006,0.3046572,2.069002,-0.930881,-0.02076929,-0.3647314,0.01900641,0.9942772,-0.1051271,0.3648275,-0.104793,-0.925159,moving,-17.71271,-0.8862641,8.486081,8.376518,-9.91453392254062,1.19474131745001,27.788051066848166,19.752482017347674,152.33544791928898
05/18/2023 18:41:08.820078,2997,True,True,True,True,Eyes,2.452703,0.03018812,-2.435985,0.3006278,0.01366619,-0.9536436,0.0,0.0,0.0,0.0,0.0,0.0,0.0,1.426314,-0.340361,-3.188897,2.476029,0.03717358,-2.487402,-0.0005066446,0.9819494,-0.05279704,0.1816252,5.940983,158.9813,358.8378,0.716745,0.008757114,-0.6972786,0.1678099,0.000203355,-0.3072422,3.451723,0.1694388,-3.928794,0.3087004,0.3020577,2.069001,-0.9340241,-0.02017354,-0.3566399,0.01818354,0.9944245,-0.1038721,0.3567469,-0.103504,-0.9284496,moving,-17.497,-0.8210208,8.48608,8.306047,-9.714794637366984,1.2607496640197993,27.5394955093988,19.516865837462696,152.58069497414172
05/18/2023 18:41:08.840145,2998,True,True,True,True,Eyes,2.453791,0.03048861,-2.439142,0.2966427,0.01252137,-0.9549065,0.0,0.0,0.0,0.0,0.0,0.0,0.0,1.456659,-0.3450997,-3.183816,2.479235,0.03776934,-2.495917,-0.0004669816,0.9827615,-0.05350083,0.1769673,6.026696,159.5239,358.8561,0.7160236,0.008754698,-0.6980194,0.1577414,0.0001911537,-0.2888076,3.438246,0.159739,-3.947782,0.3087002,0.2994541,2.069001,-0.9373648,-0.01985366,-0.3477833,0.01801793,0.9942749,-0.1053224,0.3478832,-0.1049918,-0.9316405,moving,-17.25746,-0.7512572,8.486074,8.23544,-9.492938099017314,1.331534716299213,27.267017977286105,19.25899229510523,152.84982859006342
05/18/2023 18:41:08.849962,2999,True,True,True,True,Eyes,2.454959,0.03078268,-2.442525,0.2924314,0.01149895,-0.9562174,0.0,0.0,0.0,0.0,0.0,0.0,0.0,1.488433,-0.3461427,-3.178301,2.482411,0.0381072,-2.504601,-0.0008590579,0.9836032,-0.05391538,0.172097,6.071356,160.0894,358.8333,0.7153438,0.008760443,-0.6987162,0.1482769,0.0001796845,-0.2714792,3.424148,0.1477854,-3.967089,0.3087001,0.2966936,2.069001,-0.940764,-0.02024729,-0.3384576,0.0168674,0.9941848,-0.1063584,0.3386429,-0.105767,-0.9349517,moving,-17.00473,-0.6889748,8.486073,8.160552,-9.25864796806428,1.3956190550144387,26.983238541152303,18.99050920814424,153.13028228721348
05/18/2023 18:41:08.870120,3000,True,True,True,True,Eyes,2.456188,0.03105793,-2.44612,0.28794,0.01047252,-0.9575912,0.0,0.0,0.0,0.0,0.0,0.0,0.0,1.520207,-0.3380262,-3.173599,2.485589,0.03823234,-2.513444,-0.001511446,0.9844951,-0.05296252,0.1672192,5.956718,160.6583,358.8081,0.7146989,0.008773292,-0.6993759,0.1393802,0.0001689034,-0.2551904,3.409798,0.1390715,-3.986209,0.3086997,0.2940611,2.069001,-0.9440711,-0.02068872,-0.3290929,0.01473668,0.9943854,-0.1047882,0.3294131,-0.1037772,-0.9384656,moving,-16.73561,-0.6265798,8.486063,8.089107,-9.009088335430892,1.4601840087774938,26.685126668513742,18.708900028413954,153.42520537488898
05/18/2023 18:41:08.890031,3001,True,True,True,True,Eyes,2.457491,0.03130435,-2.449925,0.2832004,0.009517657,-0.9590136,0.0,0.0,0.0,0.0,0.0,0.0,0.0,1.554158,-0.334167,-3.166799,2.488611,0.03807499,-2.522114,-0.002276318,0.9853684,-0.05290332,0.1620041,5.94196,161.2624,358.7541,0.7140844,0.00879191,-0.7000031,0.1310174,0.0001587692,-0.239879,3.39432,0.1255465,-4.005652,0.3087,0.2914189,2.069,-0.9474989,-0.02162713,-0.3190265,0.01265508,0.9943921,-0.1049961,0.3195082,-0.103521,-0.9419118,moving,-16.45207,-0.5686089,8.486071,8.017373,-8.74600771071174,1.5209379633542386,26.374797851794213,18.41597689175145,153.73241875334506
05/18/2023 18:41:08.900488,3002,True,True,True,True,Eyes,2.458873,0.0315198,-2.453931,0.278355,0.008632397,-0.9604395,0.0,0.0,0.0,0.0,0.0,0.0,0.0,1.589439,-0.3276141,-3.159533,2.4918,0.03766793,-2.53097,-0.003166342,0.9862599,-0.05252347,0.1565976,5.889596,161.8886,358.6926,0.7134958,0.008814804,-0.7006029,0.1231564,0.0001492431,-0.2254862,3.379398,0.1147757,-4.024579,0.3087,0.2887176,2.069002,-0.9509344,-0.02269577,-0.3085591,0.01020442,0.9944625,-0.1045953,0.3092244,-0.1026119,-0.945437,moving,-16.16267,-0.5149587,8.486065,7.944005,-8.477384004815477,1.5777817402131125,26.059819722671577,18.11870306430421,154.04436517103755
05/18/2023 18:41:08.920033,3003,True,True,True,True,Eyes,2.46032,0.03169988,-2.45813,0.2732542,0.007820815,-0.9619101,0.0,0.0,0.0,0.0,0.0,0.0,0.0,1.625486,-0.320989,-3.151513,2.494954,0.03714641,-2.5399,-0.003906283,0.9871466,-0.05205909,0.1510508,5.831302,162.5317,358.6499,0.7129273,0.00884064,-0.7011811,0.115767,0.0001402885,-0.2119571,3.366757,0.1074548,-4.041718,0.3087002,0.2861073,2.069001,-0.9543371,-0.02343928,-0.2978119,0.008014988,0.9945492,-0.10396,0.2986253,-0.1015998,-0.9489473,moving,-15.8585,-0.4658334,8.486073,7.87309,-8.19491125372247,1.6307281780224905,25.733166886790215,17.810735997970983,154.3681173160902
05/18/2023 18:41:08.940323,3004,True,True,True,True,Eyes,2.461853,0.03184588,-2.462517,0.268016,0.007050511,-0.9633886,0.0,0.0,0.0,0.0,0.0,0.0,0.0,1.66229,-0.3150007,-3.142545,2.498082,0.0364299,-2.54878,-0.004363616,0.9880247,-0.05155022,0.1453645,5.773558,163.1921,358.6402,0.7123762,0.008868011,-0.7017406,0.108821,0.0001318712,-0.1992396,3.355683,0.098124,-4.058075,0.3087002,0.2834388,2.069002,-0.9577003,-0.02360987,-0.2867976,0.006364424,0.9946471,-0.1031344,0.2876973,-0.1005971,-0.9524235,moving,-15.54664,-0.4193088,8.486073,7.800566,-7.905223299129267,1.6814163144883654,25.399559757366745,17.496244946832046,154.6988776853931
05/18/2023 18:41:08.949847,3005,True,True,True,True,Eyes,2.463444,0.03194061,-2.467086,0.2625422,0.006316474,-0.9648998,0.0,0.0,0.0,0.0,0.0,0.0,0.0,1.698936,-0.3105033,-3.133372,2.501425,0.03576287,-2.557814,-0.004432176,0.9888684,-0.0510085,0.1397056,5.718614,163.8509,358.6744,0.7118393,0.00889573,-0.7022849,0.1022917,0.0001239589,-0.1872853,3.345455,0.08833262,-4.073933,0.3087003,0.2806658,2.069001,-0.9609255,-0.02301802,-0.2758487,0.005486664,0.994757,-0.1021198,0.276753,-0.09964301,-0.955761,moving,-15.22127,-0.3750671,8.486079,7.72518,-7.602903355954981,1.7302768595333364,25.052991831093934,17.169572414996473,155.04258655524845
05/18/2023 18:41:08.969842,3006,True,True,True,True,Eyes,2.465065,0.03198678,-2.471832,0.2569978,0.005521121,-0.9663962,0.0,0.0,0.0,0.0,0.0,0.0,0.0,1.735235,-0.3094107,-3.123338,2.504525,0.0346215,-2.566743,-0.004191809,0.9896563,-0.05091652,0.1340535,5.719353,164.5088,358.7361,0.7113129,0.008922265,-0.7028176,0.09615422,0.0001165214,-0.1760481,3.335597,0.08083057,-4.089582,0.3086995,0.2780998,2.069,-0.9640242,-0.02194797,-0.2649069,0.005354171,0.9947799,-0.1019036,0.2657606,-0.09965584,-0.9588743,moving,-14.89223,-0.3273332,8.486061,7.655396,-7.2972308523232865,1.7824902473411686,24.703612196624476,16.840526229165995,155.3892977464695
05/18/2023 18:41:08.989708,3007,True,True,True,True,Eyes,2.466744,0.0319961,-2.47675,0.2512168,0.004651619,-0.9679196,0.0,0.0,0.0,0.0,0.0,0.0,0.0,1.771261,-0.3114856,-3.112752,2.507688,0.03352465,-2.575654,-0.003734363,0.9903871,-0.0512038,0.1284429,5.765882,165.1615,358.8165,0.7107946,0.00894628,-0.7033414,0.09038497,0.0001095301,-0.1654853,3.327302,0.07688975,-4.104339,0.3087003,0.2754107,2.069001,-0.9669769,-0.02055047,-0.2540341,0.005756605,0.9947284,-0.1023825,0.2547989,-0.1004639,-0.9617611,moving,-14.54969,-0.2753494,8.486076,7.582231,-6.979061059955244,1.838990751309448,24.339023911184697,16.497129230183663,155.75116569861203
05/18/2023 18:41:09.000330,3008,True,True,True,True,Eyes,2.468444,0.03197047,-2.481853,0.2453409,0.003770569,-0.9694295,0.0,0.0,0.0,0.0,0.0,0.0,0.0,1.808719,-0.3171572,-3.100699,2.510858,0.03267269,-2.584745,-0.003836151,0.9910554,-0.05250432,0.1226292,5.919354,165.8316,358.8202,0.7102817,0.008966949,-0.7038593,0.08496187,0.0001029583,-0.1555561,3.319777,0.0826962,-4.118455,0.3087,0.2727283,2.069,-0.9698948,-0.0204808,-0.2426618,0.005273447,0.9944572,-0.1050102,0.2434674,-0.1031285,-0.9644108,moving,-14.20209,-0.2228492,8.486072,7.509234,-6.656186437176194,1.896090463234371,23.96951825861267,16.14916006925956,156.11804001882248
05/18/2023 18:41:09.020214,3009,True,True,True,True,Eyes,2.470196,0.03189683,-2.487112,0.239246,0.002903578,-0.9709547,0.0,0.0,0.0,0.0,0.0,0.0,0.0,1.845847,-0.3119308,-3.089804,2.51415,0.03182854,-2.594104,-0.00431617,0.9917658,-0.05218493,0.1168709,5.883242,166.4969,358.8042,0.7097712,0.008983571,-0.704374,0.07986416,9.678079e-05,-0.1462228,3.311336,0.09328248,-4.132908,0.3087,0.2700698,2.069,-0.9726453,-0.02075906,-0.2313666,0.003636539,0.9945162,-0.1045193,0.2322676,-0.1025016,-0.967236,moving,-13.8421,-0.1713389,8.486073,7.436862,-6.321748221150342,1.9525472381553357,23.588811552358667,15.790797247907962,156.49618613595516
05/18/2023 18:41:09.040009,3010,True,True,True,True,Eyes,2.472005,0.03178151,-2.492521,0.2330296,0.001941739,-0.9724677,0.0,0.0,0.0,0.0,0.0,0.0,0.0,1.882574,-0.3106279,-3.077919,2.517277,0.03060686,-2.603179,-0.004527051,0.9924102,-0.05242192,0.1111459,5.914357,167.1581,358.8111,0.7092615,0.008995147,-0.7048872,0.07507231,9.097395e-05,-0.1374494,3.303264,0.09729098,-4.147293,0.3087006,0.2673953,2.069002,-0.9752523,-0.02063835,-0.2201301,0.002667584,0.9944628,-0.1050544,0.2210793,-0.1030418,-0.9697972,moving,-13.47553,-0.1144031,8.48608,7.364017,-5.98128310768154,2.014233113223151,23.1999801936162,15.424810628488185,156.8825061812786
05/18/2023 18:41:09.050496,3011,True,True,True,True,Eyes,2.473865,0.03162531,-2.498083,0.2265985,0.0009677831,-0.9739878,0.0,0.0,0.0,0.0,0.0,0.0,0.0,1.918462,-0.3081042,-3.066301,2.520484,0.02951872,-2.612263,-0.005262138,0.9929919,-0.05282876,0.1055864,5.958371,167.7961,358.7552,0.7087525,0.009000941,-0.7053989,0.07056797,8.551551e-05,-0.1292024,3.294076,0.09464343,-4.162318,0.3087001,0.2645844,2.069002,-0.9776477,-0.02160652,-0.2091369,0.0007054735,0.9943628,-0.1060283,0.2102488,-0.1038058,-0.9721212,moving,-13.0969,-0.05693077,8.486069,7.287443,-5.629591180446331,2.076697290130163,22.798341538989735,15.046718352609817,157.28162451998423
05/18/2023 18:41:09.070284,3012,True,True,True,True,Eyes,2.475838,0.03143293,-2.503779,0.2200094,-6.661173e-05,-0.9754977,0.0,0.0,0.0,0.0,0.0,0.0,0.0,1.955906,-0.3031796,-3.053639,2.523672,0.02840649,-2.62154,-0.006694346,0.9935527,-0.05338852,0.0997899,6.012911,168.4567,358.6196,0.7082415,0.009000366,-0.7059121,0.0663339,8.038458e-05,-0.1214503,3.284251,0.09060055,-4.177739,0.3087,0.2618735,2.069001,-0.9799944,-0.02395764,-0.1975783,-0.002647098,0.9942097,-0.1074247,0.1990078,-0.1047526,-0.9743834,moving,-12.70959,0.003912434,8.486067,7.21357,-5.269876211003865,2.142515438557283,22.388279029006007,14.66088564819644,157.68928858746094
05/18/2023 18:41:09.090289,3013,True,True,True,True,Eyes,2.477854,0.03119678,-2.509619,0.2131817,-0.001042446,-0.977012,0.0,0.0,0.0,0.0,0.0,0.0,0.0,1.994366,-0.2956028,-3.040087,2.526946,0.02736424,-2.630741,-0.008345998,0.9941045,-0.05367684,0.09383753,6.036064,169.1342,358.4634,0.7077295,0.008993004,-0.7064254,0.06235386,7.55615e-05,-0.1141633,3.273175,0.08951116,-4.193868,0.3087007,0.2592537,2.069002,-0.9822499,-0.02666739,-0.1856726,-0.006519784,0.9940982,-0.1082871,0.1874646,-0.1051544,-0.9766268,moving,-12.30888,0.06113307,8.486082,7.142151,-4.8976060354942135,2.205249499741029,21.96750462629803,14.265205987110395,158.10779026582668
05/18/2023 18:41:09.100433,3014,True,True,True,True,Eyes,2.479944,0.03092571,-2.515588,0.2061709,-0.002106813,-0.9785137,0.0,0.0,0.0,0.0,0.0,0.0,0.0,2.034395,-0.2857409,-3.025193,2.530097,0.02608134,-2.6401,-0.009645023,0.9946821,-0.05336058,0.08756369,5.996314,169.8521,358.356,0.7072144,0.008978268,-0.7069413,0.05861263,7.102781e-05,-0.1073135,3.260101,0.08644158,-4.210771,0.3087006,0.2565724,2.069003,-0.9844795,-0.02853236,-0.1731668,-0.009842562,0.9941192,-0.1078427,0.1752254,-0.1044645,-0.9789708,moving,-11.89808,0.1233619,8.486077,7.069032,-4.516030450782765,2.2729024022674733,21.534999181302123,13.858486832260825,158.53805884456347
05/18/2023 18:41:09.120326,3015,True,True,True,True,Eyes,2.482062,0.03061893,-2.521681,0.1989154,-0.003187115,-0.9800115,0.0,0.0,0.0,0.0,0.0,0.0,0.0,2.075091,-0.2847608,-3.008168,2.533124,0.02498485,-2.649306,-0.01043968,0.995173,-0.05419916,0.08114164,6.095208,170.5866,358.2956,0.7066962,0.008955896,-0.7074596,0.05509587,6.676614e-05,-0.1008747,3.246319,0.07640962,-4.227924,0.3087001,0.2539102,2.069001,-0.9866141,-0.0295742,-0.1603683,-0.01198297,0.9939069,-0.1095693,0.1626316,-0.1061809,-0.980957,moving,-11.4736,0.1863321,8.486071,6.996421,-4.121722521037707,2.3415624310342262,21.089470767521508,13.43964901945711,158.98142414716682
05/18/2023 18:41:09.139983,3016,True,True,True,True,Eyes,2.484238,0.03030981,-2.527889,0.1914369,-0.00443142,-0.9814949,0.0,0.0,0.0,0.0,0.0,0.0,0.0,2.116518,-0.2843287,-2.989812,2.536059,0.02383459,-2.658442,-0.01084012,0.995649,-0.05484797,0.07454614,6.177127,171.3437,358.2845,0.7061744,0.008925666,-0.7079808,0.05179012,6.276018e-05,-0.09482219,3.232332,0.07307927,-4.244977,0.3087002,0.2512471,2.069001,-0.9886506,-0.02976332,-0.1472544,-0.01340851,0.9937484,-0.1108348,0.1496327,-0.1076025,-0.9828691,moving,-11.03676,0.2586869,8.486074,6.923756,-3.7160780658888566,2.419289742330609,20.629207292073314,13.007026228372025,159.43958611603202
05/18/2023 18:41:09.149860,3017,True,True,True,True,Eyes,2.539116,0.02216435,-2.686112,-0.006344222,-0.03591952,-0.9993345,0.0,0.0,0.0,0.0,0.0,0.0,0.0,2.160188,-0.2944146,-2.967993,2.538857,0.02350826,-2.66753,-0.0111285,0.9960149,-0.05715886,0.06755344,6.451297,172.1427,358.2762,0.7056486,0.008888291,-0.7085054,0.04868272,5.899457e-05,-0.08913286,3.217754,0.06221092,-4.26209,0.3087003,0.2485281,2.069002,-0.9906254,-0.02989085,-0.1332963,-0.01444574,0.9932181,-0.1153657,0.1358406,-0.1123586,-0.9843389,moving,0.3637344,2.058522,8.486075,6.84954,6.871983823981019,4.364992630270098,9.430072656068582,2.962813857962412,170.63033269865667
05/18/2023 18:41:09.169843,3018,True,True,True,True,Eyes,2.539238,0.0221712,-2.686463,-0.006855153,-0.03609912,-0.9993247,0.0,0.0,0.0,0.0,0.0,0.0,0.0,2.206027,-0.2931084,-2.945043,2.541651,0.02278956,-2.676796,-0.01183543,0.9964379,-0.05790752,0.06015239,6.544716,172.99,358.2377,0.7034944,0.008548013,-0.7106487,0.2103965,-0.02438092,-0.5584543,3.202121,0.06472462,-4.279635,0.3087002,0.2458958,2.069,-0.9924834,-0.03055309,-0.1185055,-0.01661999,0.9930133,-0.1168263,0.1212469,-0.1139786,-0.9860569,moving,0.3930306,2.068825,8.486078,6.777676,6.89908331676518,4.375307289915644,9.363262997419636,2.8792234272122674,170.69601147495777
05/18/2023 18:41:09.190030,3019,True,True,True,True,Eyes,2.539463,0.02231189,-2.68717,-0.007979894,-0.03660063,-0.9992981,0.0,0.0,0.0,0.0,0.0,0.0,0.0,2.251725,-0.3009723,-2.919896,2.544311,0.02299504,-2.685626,-0.01206302,0.9967471,-0.05974961,0.0527235,6.767373,173.8407,358.2487,0.7016748,0.008263337,-0.7124487,0.1977727,-0.02291807,-0.524947,3.186466,0.06297625,-4.296474,0.3087002,0.2432109,2.069,-0.9941498,-0.03034799,-0.1036625,-0.01774715,0.9925689,-0.1203825,0.1065455,-0.1178385,-0.9873007,moving,0.4575257,2.097597,8.486078,6.70435,6.958625516281534,4.403715410759458,9.256339732142736,2.761526860855731,170.80176374612213
05/18/2023 18:41:09.200058,3020,True,True,True,True,Eyes,2.539757,0.02238859,-2.688256,-0.009721469,-0.03660119,-0.9992827,0.0,0.0,0.0,0.0,0.0,0.0,0.0,2.300983,-0.3172743,-2.890706,2.547166,0.02643636,-2.694923,-0.01357178,0.9968728,-0.06368603,0.04477171,7.22456,174.7374,358.1075,0.7001306,0.00802819,-0.7139688,0.1859063,-0.02154298,-0.4934502,3.167657,0.05202494,-4.314204,0.3087,0.2404968,2.069,-0.9956226,-0.03276133,-0.08753474,-0.021356,0.9915197,-0.128189,0.09099206,-0.1257584,-0.9878792,moving,0.5573814,2.097661,8.486074,6.630205,7.051666544023186,4.40606132040232,9.132804687347187,2.6465713399143778,170.92414250632928
05/18/2023 18:41:09.220333,3021,True,True,True,True,Eyes,2.540126,0.022397,-2.689621,-0.01193192,-0.0367505,-0.9992533,0.0,0.0,0.0,0.0,0.0,0.0,0.0,2.341713,-0.2644554,-2.8751,2.549819,0.02484821,-2.705098,-0.01471743,0.9976148,-0.05573754,0.03796773,6.320597,175.534,358.0629,0.698802,0.007830894,-0.7152716,0.1747519,-0.0202504,-0.4638432,3.148952,0.04409909,-4.331599,0.3087,0.2378893,2.069001,-0.996684,-0.0335971,-0.07411372,-0.02513219,0.9933534,-0.1123267,0.07739498,-0.1100916,-0.9909039,moving,0.6841271,2.106272,8.48607,6.558945,7.169598748960271,4.417023125031632,8.983129179734053,2.5141451575599443,171.07269825451183
05/18/2023 18:41:09.240106,3022,True,True,True,True,Eyes,2.540525,0.02260514,-2.691293,-0.01472597,-0.03776477,-0.9991781,0.0,0.0,0.0,0.0,0.0,0.0,0.0,2.382293,-0.2784147,-2.849999,2.552088,0.02324326,-2.713233,-0.0134073,0.9977595,-0.05765649,0.03117967,6.558554,176.3199,358.2494,0.6975911,0.007653335,-0.7164545,0.1642668,-0.01903538,-0.4360126,3.130427,0.03891532,-4.348332,0.3087004,0.2352684,2.069002,-0.9976963,-0.03034994,-0.06067359,-0.0231591,0.9929919,-0.1158907,0.06376566,-0.1142185,-0.9914075,moving,0.8443689,2.164511,8.486078,6.4873,7.317789021779141,4.475205356800738,8.77964821092188,2.3266765976008577,171.27499113415723
05/18/2023 18:41:09.250122,3023,True,True,True,True,Eyes,2.541001,0.02296152,-2.693315,-0.01787508,-0.03809282,-0.9991143,0.0,0.0,0.0,0.0,0.0,0.0,0.0,2.434046,-0.3268832,-2.812075,2.554884,0.02845726,-2.722306,-0.0152153,0.9973441,-0.06749472,0.02275314,7.697246,177.2562,358.0673,0.6964829,0.007498876,-0.7175335,0.1544108,-0.01789326,-0.4098518,3.111921,0.03349566,-4.364847,0.3087002,0.2323792,2.069001,-0.9985017,-0.03342123,-0.04333151,-0.02727836,0.9904259,-0.1353233,0.04743932,-0.1339386,-0.9898537,moving,1.024965,2.183435,8.486073,6.408301,7.48569932331677,4.497053302407522,8.57424196682249,2.1572239694925672,171.47914329181208
05/18/2023 18:41:09.269944,3024,True,True,True,True,Eyes,2.541499,0.02324421,-2.695614,-0.02130473,-0.03806254,-0.9990482,0.0,0.0,0.0,0.0,0.0,0.0,0.0,2.467997,-0.2735171,-2.80056,2.557315,0.03223746,-2.732774,-0.01716873,0.9979582,-0.05910817,0.01705769,6.741453,177.9182,357.9062,0.6954638,0.00736918,-0.7185227,0.1451461,-0.01681966,-0.3852607,3.094241,0.03405678,-4.380922,0.3087001,0.2295885,2.069001,-0.9988288,-0.03628385,-0.03201611,-0.03225085,0.9924229,-0.1185607,0.03607535,-0.1173893,-0.9924309,moving,1.221649,2.181845,8.486073,6.331971,7.668993520165204,4.500067705231379,8.366325469861424,2.005863544150307,171.68589521317193
05/18/2023 18:41:09.289844,3025,True,True,True,True,Eyes,2.542066,0.02352527,-2.698154,-0.02518232,-0.03875662,-0.9989313,0.0,0.0,0.0,0.0,0.0,0.0,0.0,2.499948,-0.2425097,-2.785583,2.55924,0.03066922,-2.741783,-0.01735887,0.9983149,-0.05414971,0.01156678,6.183632,178.5605,357.9299,0.6945217,0.007259724,-0.7194344,0.1364374,-0.01581048,-0.3621451,3.078581,0.0357521,-4.395822,0.3087003,0.227244,2.069001,-0.9991298,-0.03591191,-0.02121463,-0.03340657,0.993533,-0.1085185,0.02497454,-0.1077154,-0.9938681,moving,1.444078,2.221852,8.486076,6.267827,7.87547770162186,4.542607782966332,8.121554625355234,1.830085142501447,171.92961067262073
05/18/2023 18:41:09.300547,3026,True,True,True,True,Eyes,2.542705,0.02391891,-2.700969,-0.02933285,-0.03957973,-0.9987858,0.0,0.0,0.0,0.0,0.0,0.0,0.0,2.545069,-0.2780587,-2.751659,2.561583,0.03109013,-2.750209,-0.01949268,0.9978221,-0.06288283,0.004090266,7.199947,179.387,357.7231,0.6936473,0.007168448,-0.7202785,0.1282511,-0.01486185,-0.3404164,3.064827,0.03795739,-4.409894,0.3087,0.2244982,2.069001,-0.9992065,-0.03941486,-0.005711207,-0.03838604,0.9913316,-0.1256512,0.01061422,-0.1253323,-0.9920579,moving,1.682208,2.269321,8.486069,6.192685,8.096448342281066,4.592492006001274,7.853999591534048,1.646943191176897,172.1959277097687
05/18/2023 18:41:09.320427,3027,True,True,True,True,Eyes,2.543373,0.02433965,-2.704065,-0.03381467,-0.03978021,-0.9986361,0.0,0.0,0.0,0.0,0.0,0.0,0.0,2.582809,-0.2698346,-2.728748,2.563743,0.03423242,-2.759678,-0.02272218,0.9976802,-0.06413432,-0.002206853,7.358159,180.086,357.3961,0.6928307,0.007096461,-0.7210646,0.1205561,-0.01397014,-0.3199914,3.053421,0.04142893,-4.423035,0.3086998,0.221868,2.069002,-0.9989579,-0.04505587,0.007318009,-0.04562201,0.990741,-0.1278708,-0.001488922,-0.1280714,-0.9917641,moving,1.939343,2.281145,8.486061,6.120684,8.335811341043126,4.6094463056756325,7.589570231840864,1.518688358012758,172.45925171090434
05/18/2023 18:41:09.340332,3028,True,True,True,True,Eyes,2.544086,0.02475059,-2.707405,-0.03864525,-0.03990945,-0.9984557,0.0,0.0,0.0,0.0,0.0,0.0,0.0,2.616776,-0.218834,-2.71234,2.565205,0.0351829,-2.769598,-0.02428055,0.9980794,-0.05638878,-0.00826408,6.486106,180.7934,357.2578,0.692063,0.007042506,-0.721802,0.1133227,-0.01313193,-0.3007919,3.042007,0.04219857,-4.436131,0.3087001,0.2192498,2.069001,-0.9986845,-0.04753583,0.01923472,-0.04939983,0.9924616,-0.1121597,-0.01375812,-0.1129623,-0.9935042,moving,2.216528,2.288961,8.486073,6.048996,8.593933194578732,4.623107978750147,7.310612676667393,1.429961702535555,172.7371323172647
05/18/2023 18:41:09.349821,3029,True,True,True,True,Eyes,2.544827,0.02519915,-2.710987,-0.04386208,-0.03989277,-0.9982408,0.0,0.0,0.0,0.0,0.0,0.0,0.0,2.658721,-0.2052186,-2.683312,2.566701,0.03531684,-2.778826,-0.02498977,0.9980525,-0.05495156,-0.01571363,6.342666,181.6501,357.2228,0.6913372,0.007004498,-0.7224976,0.1065233,-0.01234402,-0.2827444,3.029611,0.05148347,-4.449568,0.3087,0.2165387,2.069001,-0.998257,-0.04815524,0.03411251,-0.0516092,0.9927117,-0.1089037,-0.0286196,-0.1104745,-0.9934668,moving,2.515923,2.288498,8.486071,5.974745,8.872908491914504,4.629528664148461,7.016486591372709,1.399732201313003,173.0301921307318
05/18/2023 18:41:09.370196,3030,True,True,True,True,Eyes,2.545573,0.02567006,-2.714811,-0.04931238,-0.03953719,-0.9980005,0.0,0.0,0.0,0.0,0.0,0.0,0.0,2.699219,-0.1902271,-2.655146,2.56821,0.03663836,-2.788319,-0.02560483,0.9980057,-0.05293577,-0.02295192,6.132944,182.4845,357.1938,0.6906463,0.006981791,-0.7231582,0.1001319,-0.01160338,-0.2657797,3.017268,0.05862148,-4.462645,0.3087005,0.2138587,2.069001,-0.9976352,-0.04867757,0.04852311,-0.05353748,0.9930844,-0.104485,-0.04310146,-0.1068358,-0.9933422,moving,2.828751,2.268667,8.486084,5.901322,9.164771941233187,4.6181277253067154,6.723213444619618,1.4516214617388958,173.3225075966753
05/18/2023 18:41:09.389914,3031,True,True,True,True,Eyes,2.54631,0.02612961,-2.718859,-0.05503748,-0.03900221,-0.9977223,0.0,0.0,0.0,0.0,0.0,0.0,0.0,2.731806,-0.1588582,-2.635018,2.569261,0.0375488,-2.797999,-0.02584535,0.9981176,-0.04750381,-0.02892721,5.527532,183.1843,357.1872,0.6899831,0.006973386,-0.7237912,0.09412402,-0.01090717,-0.2498329,3.003845,0.05423895,-4.475584,0.3086997,0.2111733,2.069001,-0.9969906,-0.0488451,0.06020103,-0.05434171,0.9941508,-0.0933335,-0.05529001,-0.09632404,-0.9938133,moving,3.157414,2.238624,8.48606,5.827731,9.47158591860482,4.597530497734867,6.4246523058267515,1.5762787228200659,173.62019297506333
05/18/2023 18:41:09.400284,3032,True,True,True,True,Eyes,2.546982,0.02656385,-2.723119,-0.06106215,-0.03854817,-0.9973893,0.0,0.0,0.0,0.0,0.0,0.0,0.0,2.765026,-0.1412109,-2.612015,2.569898,0.03769373,-2.807514,-0.02621149,0.9980332,-0.04486551,-0.03506852,5.243746,183.8952,357.1696,0.6893427,0.006977511,-0.7244011,0.08847658,-0.01025274,-0.234843,2.990291,0.05041199,-4.488577,0.3087004,0.2083769,2.069002,-0.9961664,-0.04917314,0.07235109,-0.05546661,0.9946001,-0.08771613,-0.06764712,-0.09139293,-0.9935147,moving,3.503388,2.213327,8.486076,5.75108,9.79443862762719,4.581771999305685,6.11088176897189,1.7547347280598458,173.93308765404262
05/18/2023 18:41:09.420196,3033,True,True,True,True,Eyes,2.547625,0.0269878,-2.727569,-0.0673364,-0.03814582,-0.9970009,0.0,0.0,0.0,0.0,0.0,0.0,0.0,2.799547,-0.1324325,-2.586352,2.570404,0.0375401,-2.81706,-0.02619383,0.9978454,-0.04355536,-0.04149169,5.111642,184.6371,357.1997,0.6887186,0.006992189,-0.7249944,0.08316798,-0.009637578,-0.2207524,2.975879,0.04556438,-4.501381,0.3087001,0.205752,2.069001,-0.9951848,-0.04866042,0.08508634,-0.05588916,0.9948336,-0.08474938,-0.08052281,-0.08909669,-0.9927629,moving,3.86383,2.191101,8.486071,5.679112,10.130713202232016,4.569219284590543,5.790624543017964,1.9841143649199136,174.25257326697937
05/18/2023 18:41:09.440058,3034,True,True,True,True,Eyes,2.548177,0.02740823,-2.732192,-0.07387891,-0.03801228,-0.9965426,0.0,0.0,0.0,0.0,0.0,0.0,0.0,2.832551,-0.1358264,-2.560143,2.570458,0.03771573,-2.826207,-0.02568606,0.9975638,-0.04393582,-0.04771258,5.169858,185.3544,357.292,0.6881059,0.007016071,-0.7255757,0.0781779,-0.009059324,-0.2075072,2.959966,0.02651393,-4.514008,0.3086997,0.2031768,2.069,-0.9941275,-0.04705438,0.09744976,-0.05543954,0.9948197,-0.08520646,-0.09293561,-0.09010866,-0.9915863,moving,4.239879,2.18444,8.486065,5.608491,10.481231131355862,4.57159326359391,5.454742963439891,2.248520581954631,174.5876828990551
05/18/2023 18:41:09.449954,3035,True,True,True,True,Eyes,2.548678,0.02782596,-2.736984,-0.08066946,-0.03803272,-0.9960151,0.0,0.0,0.0,0.0,0.0,0.0,0.0,2.865725,-0.1424851,-2.532642,2.57037,0.03812239,-2.835259,-0.02553475,0.997188,-0.04524646,-0.05400841,5.336025,186.0768,357.3498,0.687501,0.007048061,-0.7261485,0.07348722,-0.008515764,-0.1950568,2.944142,0.01211379,-4.526575,0.3087001,0.2004248,2.069,-0.9928625,-0.0460385,0.1100238,-0.05581326,0.9946014,-0.08748027,-0.1054024,-0.09299664,-0.990072,moving,4.630405,2.18677,8.486078,5.533002,10.845065691088578,4.582714565950329,5.105240727013075,2.5432005689721233,174.93633478837842
05/18/2023 18:41:09.469935,3036,True,True,True,True,Eyes,2.549077,0.02824204,-2.741926,-0.08775786,-0.03839985,-0.9954015,0.0,0.0,0.0,0.0,0.0,0.0,0.0,2.89927,-0.1512865,-2.503242,2.569763,0.03850078,-2.844241,-0.02542393,0.9967349,-0.04702431,-0.06051544,5.556001,186.823,357.4092,0.6868995,0.00708728,-0.7267172,0.06907799,-0.008004818,-0.1833534,2.929403,0.01350613,-4.539006,0.3086998,0.1978127,2.068999,-0.9913831,-0.04499044,0.1230268,-0.05637323,0.9942846,-0.09066445,-0.1182446,-0.09681862,-0.9882534,moving,5.038357,2.209218,8.486071,5.461329,11.224751105261454,4.613065976794253,4.739510289272195,2.8670400896208337,175.30116334722018
05/18/2023 18:41:09.489986,3037,True,True,True,True,Eyes,2.549414,0.02865662,-2.747018,-0.09507322,-0.03889503,-0.9947101,0.0,0.0,0.0,0.0,0.0,0.0,0.0,2.933393,-0.1627538,-2.472001,2.56906,0.03894994,-2.853153,-0.02509933,0.9962142,-0.04909587,-0.06720757,5.807915,187.5921,357.4992,0.6862983,0.007132891,-0.7272846,0.06493331,-0.007524529,-0.1723522,2.913157,0.008444726,-4.551396,0.3087002,0.1951496,2.069001,-0.9897064,-0.0434094,0.1363708,-0.05660785,0.9939193,-0.09444628,-0.1314417,-0.1011937,-0.9861454,moving,5.459678,2.239232,8.486075,5.388238,11.61674810171565,4.650805494055968,4.367529918574685,3.216352090587843,175.67216717832244
05/18/2023 18:41:09.500594,3038,True,True,True,True,Eyes,2.549682,0.02906388,-2.752251,-0.1026359,-0.03963935,-0.9939288,0.0,0.0,0.0,0.0,0.0,0.0,0.0,2.966071,-0.1705618,-2.441398,2.568012,0.03941894,-2.861965,-0.02509944,0.9956661,-0.05081244,-0.07373866,6.0206,188.3424,357.5514,0.6856937,0.007184246,-0.7278541,0.06103732,-0.007073057,-0.1620111,2.895894,0.004256397,-4.563957,0.3087003,0.1923501,2.069001,-0.9878656,-0.04248763,0.1493889,-0.05747499,0.9935762,-0.09748285,-0.1442874,-0.104886,-0.9839617,moving,5.895631,2.28383,8.486075,5.311384,12.022098807819894,4.702531132899089,3.9845305043445207,3.5880588321885285,176.05397370650456
05/18/2023 18:41:09.520321,3039,True,True,True,True,Eyes,2.549886,0.02945721,-2.757627,-0.1103587,-0.04041156,-0.9930699,0.0,0.0,0.0,0.0,0.0,0.0,0.0,2.997373,-0.176692,-2.411599,2.56683,0.03970849,-2.870728,-0.02566317,0.9950584,-0.05283688,-0.08005227,6.27268,189.0644,357.543,0.6850841,0.007240472,-0.7284274,0.05737508,-0.006648674,-0.1522904,2.878507,0.005859017,-4.576609,0.3087003,0.189794,2.069001,-0.9858661,-0.04261328,0.1620253,-0.05953212,0.9930993,-0.1010428,-0.1566015,-0.1092604,-0.9815999,moving,6.341192,2.330284,8.486078,5.241199,12.436366310546973,4.756214011306803,3.6157934247162125,3.979948262942849,176.42148011422162
05/18/2023 18:41:09.540184,3040,True,True,True,True,Eyes,2.550031,0.0298192,-2.763132,-0.1182648,-0.04121618,-0.9921263,0.0,0.0,0.0,0.0,0.0,0.0,0.0,3.026371,-0.1714679,-2.384987,2.565599,0.03972402,-2.879689,-0.02667782,0.9945173,-0.05322326,-0.08597136,6.341252,189.741,357.4677,0.684467,0.007300708,-0.7290066,0.05393257,-0.006249753,-0.143153,2.859549,0.003363341,-4.589068,0.3087,0.1871994,2.069,-0.9837946,-0.04391176,0.1738397,-0.06221446,0.9929112,-0.1012758,-0.1681602,-0.1104499,-0.9795526,moving,6.797774,2.378887,8.486074,5.169941,12.860861573344415,4.81216073575607,3.261953298395916,4.389393241596289,176.77382284974024
05/18/2023 18:41:09.549957,3041,True,True,True,True,Eyes,2.550096,0.03016772,-2.768764,-0.1263047,-0.04210534,-0.9910976,0.0,0.0,0.0,0.0,0.0,0.0,0.0,3.053915,-0.1665913,-2.359031,2.564166,0.03936154,-2.888368,-0.02750234,0.9939668,-0.0535451,-0.09168906,6.401064,190.3961,357.4131,0.6838408,0.007363665,-0.7295934,0.05069662,-0.005874768,-0.1345638,2.839914,0.0018287,-4.601627,0.3087003,0.1844925,2.068999,-0.9816738,-0.04485383,0.1852169,-0.06449182,0.9927531,-0.1014008,-0.1793265,-0.1114874,-0.9774524,moving,7.262579,2.432665,8.486085,5.095584,13.292919434706532,4.873139696624596,2.9305467975442734,4.811978673143163,177.1032694624534
05/18/2023 18:41:09.570280,3042,True,True,True,True,Eyes,2.550112,0.0304787,-2.774526,-0.1345385,-0.04297066,-0.9899762,0.0,0.0,0.0,0.0,0.0,0.0,0.0,3.081527,-0.1619797,-2.33215,2.562388,0.03942937,-2.897168,-0.02900411,0.993315,-0.05458222,-0.09749401,6.551148,191.0561,357.2897,0.6832038,0.007428697,-0.7301894,0.04765482,-0.005522282,-0.12649,2.819663,0.0005308688,-4.614108,0.3086999,0.1818212,2.069001,-0.9793074,-0.04697754,0.1968507,-0.0682633,0.992359,-0.1027792,-0.1905183,-0.1140901,-0.9750314,moving,7.739129,2.485406,8.486068,5.022181,13.735940803512428,4.933416867160853,2.64445557163398,5.250623155810949,177.38678565626478
05/18/2023 18:41:09.590115,3043,True,True,True,True,Eyes,2.548298,0.03703467,-2.921419,-0.3407419,-0.06435681,-0.9379516,0.0,0.0,0.0,0.0,0.0,0.0,0.0,3.108849,-0.1480134,-2.30565,2.560584,0.03885821,-2.905988,-0.03080325,0.9926866,-0.05430037,-0.1033262,6.555872,191.7197,357.1189,0.6825544,0.007494586,-0.7307959,0.04479553,-0.005190945,-0.1189006,2.798826,-0.0009137839,-4.626345,0.3087,0.1790387,2.069002,-0.97675,-0.04993463,0.2084863,-0.07237723,0.9922053,-0.1014409,-0.2017958,-0.1141721,-0.9727507,moving,19.96522,3.925153,8.486067,4.945704,25.10017751225976,6.560964740179475,11.524429614562708,16.692445458121025,168.49041073813925
05/18/2023 18:41:09.601211,3044,True,True,True,True,Eyes,2.548205,0.03699922,-2.921763,-0.3412386,-0.06448007,-0.9377626,0.0,0.0,0.0,0.0,0.0,0.0,0.0,3.13671,-0.1382128,-2.276983,2.558456,0.03798086,-2.914714,-0.03232158,0.9919716,-0.05460719,-0.1093892,6.627204,192.4113,356.989,0.6798301,0.007711034,-0.7333287,0.03666542,0.01478842,-0.5524456,2.778357,-0.002114385,-4.638443,0.3086995,0.1763142,2.069,-0.9739788,-0.05217728,0.220552,-0.07607103,0.9919467,-0.1012663,-0.213492,-0.1154088,-0.9701042,moving,19.99574,3.933437,8.486062,4.870812,25.12845605171492,6.5694175595135,11.54778591567704,16.728853535713867,168.46779040517293
05/18/2023 18:41:09.620095,3045,True,True,True,True,Eyes,2.54801,0.03696169,-2.922438,-0.3421834,-0.06465267,-0.9374062,0.0,0.0,0.0,0.0,0.0,0.0,0.0,3.165592,-0.1336771,-2.245898,2.556331,0.03714656,-2.923473,-0.03331507,0.991177,-0.05538491,-0.1157191,6.748008,193.137,356.9277,0.6775175,0.007898186,-0.735464,0.03446549,0.01390111,-0.5192989,2.75772,-0.005469471,-4.65014,0.3087,0.1737795,2.069,-0.9709984,-0.05322407,0.2330866,-0.07886044,0.9916452,-0.1020821,-0.225706,-0.1175029,-0.9670832,moving,20.05371,3.945427,8.486074,4.80112,25.18224046987904,6.581967743282415,11.599241920864698,16.790872326197565,168.41715812140808
05/18/2023 18:41:09.639993,3046,True,True,True,True,Eyes,2.547692,0.03690808,-2.923434,-0.3436245,-0.0647919,-0.9368694,0.0,0.0,0.0,0.0,0.0,0.0,0.0,3.193217,-0.1319052,-2.215199,2.553756,0.03707031,-2.932251,-0.03369065,0.9903928,-0.05586125,-0.1219292,6.826596,193.854,356.9337,0.6755026,0.008061894,-0.7373132,0.03239756,0.01306705,-0.4881409,2.737346,-0.01046714,-4.661476,0.3086995,0.1711137,2.068998,-0.9679964,-0.05311172,0.2452796,-0.08035618,0.991489,-0.1024334,-0.2377516,-0.1188649,-0.9640256,moving,20.142,3.956155,8.486067,4.727811,25.26430028774314,6.594030767339491,11.681447987421123,16.881702771875254,168.3358618114989
05/18/2023 18:41:09.650238,3047,True,True,True,True,Eyes,2.547265,0.03681153,-2.924726,-0.3454751,-0.06496589,-0.9361765,0.0,0.0,0.0,0.0,0.0,0.0,0.0,3.220251,-0.1250623,-2.184981,2.551037,0.03664742,-2.941201,-0.03374876,0.989652,-0.0550651,-0.1281326,6.755873,194.5748,356.9587,0.6736679,0.008207665,-0.7389882,0.03045371,0.01228302,-0.4588525,2.716074,-0.01950961,-4.672709,0.3087,0.1684467,2.069,-0.9648862,-0.05268777,0.2573301,-0.08091031,0.9916577,-0.1003419,-0.2498966,-0.1176392,-0.9610999,moving,20.25546,3.969672,8.486073,4.654445,25.369759155047035,6.60928061454977,11.789291090532036,16.996477295664512,168.2290601752881
05/18/2023 18:41:09.670403,3048,True,True,True,True,Eyes,2.546732,0.03667851,-2.926304,-0.347847,-0.06556108,-0.9352562,0.0,0.0,0.0,0.0,0.0,0.0,0.0,3.246866,-0.1234908,-2.153538,2.54811,0.03552373,-2.949743,-0.03381024,0.9888061,-0.05543729,-0.1343366,6.818083,195.2946,356.9998,0.6719906,0.008336172,-0.7405123,0.02862648,0.01154604,-0.4313213,2.695058,-0.02188976,-4.684054,0.3087001,0.1656744,2.069001,-0.9616212,-0.05196904,0.2694142,-0.08175805,0.9915671,-0.1005495,-0.2619169,-0.1187173,-0.9577608,moving,20.40153,4.009851,8.486073,4.578168,25.50509123131568,6.650233598708721,11.929002461703915,17.144691230908993,168.0910304688149
05/18/2023 18:41:09.690246,3049,True,True,True,True,Eyes,2.54609,0.03651059,-2.928156,-0.3505701,-0.06623639,-0.9341913,0.0,0.0,0.0,0.0,0.0,0.0,0.0,3.273481,-0.1241222,-2.121214,2.545105,0.03457392,-2.958357,-0.03419662,0.9878587,-0.05658687,-0.1405837,6.973752,196.0171,357.0171,0.6704507,0.008448163,-0.7419056,0.02690889,0.01085328,-0.405442,2.674065,-0.02679646,-4.694774,0.3087001,0.1630641,2.069,-0.9581338,-0.05165247,0.2816239,-0.08347324,0.9912571,-0.1021847,-0.2738835,-0.1214146,-0.9540684,moving,20.5694,4.05562,8.486074,4.506337,25.6606285430979,6.696918093445372,12.091729116894946,17.31369311501174,167.93017817433255
05/18/2023 18:41:09.701033,3050,True,True,True,True,Eyes,2.545318,0.03629696,-2.930265,-0.3536901,-0.06715409,-0.9329489,0.0,0.0,0.0,0.0,0.0,0.0,0.0,3.298515,-0.123316,-2.090349,2.541919,0.03359135,-2.966898,-0.03475517,0.9869075,-0.05764703,-0.1465693,7.121432,196.709,357.0133,0.6690298,0.008544365,-0.7431862,0.02529436,0.01020208,-0.3811155,2.653802,-0.0325357,-4.705139,0.3087002,0.1602934,2.069,-0.9546191,-0.0517017,0.2933078,-0.08549883,0.9909378,-0.1035965,-0.2852937,-0.1239726,-0.9503886,moving,20.76221,4.117075,8.486077,4.430075,25.83910306943117,6.758856203270333,12.280122574049862,17.50859033900397,167.74418111661507
05/18/2023 18:41:09.719829,3051,True,True,True,True,Eyes,2.544433,0.03602541,-2.932621,-0.3570814,-0.0681398,-0.9315845,0.0,0.0,0.0,0.0,0.0,0.0,0.0,3.322108,-0.1250951,-2.060723,2.538497,0.03237872,-2.975503,-0.03501815,0.9859537,-0.05890157,-0.1523144,7.285637,197.3757,357.0465,0.6677112,0.00862516,-0.7443702,0.0237767,0.009589959,-0.3582486,2.632477,-0.03888178,-4.715478,0.3087001,0.1577539,2.069,-0.9511482,-0.05110943,0.3044752,-0.08699567,0.9906086,-0.1054809,-0.2962247,-0.126816,-0.9466619,moving,20.9721,4.183392,8.486073,4.360164,26.033398862859904,6.825736334124676,12.48727826969164,17.719697849348144,167.53963995516787
05/18/2023 18:41:09.739973,3052,True,True,True,True,Eyes,2.543437,0.03569428,-2.935218,-0.3607298,-0.06931315,-0.9300912,0.0,0.0,0.0,0.0,0.0,0.0,0.0,3.343661,-0.1285894,-2.033261,2.534972,0.0307296,-2.983912,-0.03495719,0.985038,-0.06017255,-0.1576625,7.444592,197.9993,357.1158,0.6664801,0.008690582,-0.7454718,0.0223501,0.009014562,-0.3367536,2.610579,-0.04441065,-4.725476,0.3087004,0.1549363,2.069001,-0.947841,-0.0498944,0.314814,-0.08784223,0.9903145,-0.1075216,-0.3064002,-0.1295674,-0.9430436,moving,21.19846,4.261973,8.486082,4.282578,26.242805480970368,6.904473060310815,12.712394698911336,17.94924963576268,167.31769098489764
05/18/2023 18:41:09.750068,3053,True,True,True,True,Eyes,2.54232,0.03529348,-2.938043,-0.3645888,-0.07058753,-0.9284893,0.0,0.0,0.0,0.0,0.0,0.0,0.0,3.363774,-0.1315754,-2.007371,2.531165,0.02898003,-2.992356,-0.03529389,0.9840971,-0.0618072,-0.1627492,7.650887,198.5902,357.1461,0.6653234,0.008740618,-0.7465038,0.02100909,0.008473688,-0.3165484,2.587231,-0.04745594,-4.735472,0.3086999,0.1523035,2.069001,-0.9445341,-0.04934708,0.3246847,-0.08958335,0.9898685,-0.1101605,-0.3159591,-0.1331367,-0.939385,moving,21.43839,4.347495,8.486065,4.210067,26.46472296199676,6.990017471870598,12.95305405534961,18.192313397160984,167.08054148992917
05/18/2023 18:41:09.769991,3054,True,True,True,True,Eyes,2.541089,0.03483631,-2.941085,-0.3686327,-0.07201587,-0.9267814,0.0,0.0,0.0,0.0,0.0,0.0,0.0,3.38276,-0.1339707,-1.982675,2.527203,0.02693704,-3.000754,-0.03574229,0.9831525,-0.06350366,-0.1676338,7.865656,199.1575,357.1653,0.6642292,0.008774991,-0.7474772,0.01974855,0.007965267,-0.2975555,2.563248,-0.05506563,-4.744812,0.3086999,0.1496794,2.069,-0.9412431,-0.04898952,0.3341586,-0.09157094,0.9893796,-0.1128843,-0.3250795,-0.1368508,-0.9357326,moving,21.69048,4.44326,8.48607,4.137788,26.69777413997957,7.085428080718606,13.207942935630971,18.448705909293686,166.82966949181878
05/18/2023 18:41:09.790085,3055,True,True,True,True,Eyes,2.53973,0.03433222,-2.944346,-0.3728369,-0.07345654,-0.9249848,0.0,0.0,0.0,0.0,0.0,0.0,0.0,3.4001,-0.1349234,-1.960078,2.523035,0.02516329,-3.00906,-0.03636457,0.9822402,-0.06504208,-0.1721961,8.065063,199.6867,357.1611,0.6631872,0.008793806,-0.7484016,0.01856363,0.007487351,-0.2797022,2.538482,-0.06196168,-4.753741,0.3087,0.1469398,2.068999,-0.9380524,-0.04903749,0.3430063,-0.09383745,0.9888943,-0.1152502,-0.3335454,-0.1402975,-0.9322363,moving,21.95306,4.540546,8.486075,4.062311,26.94057036272781,7.182502548729973,13.47547378408084,18.716409762390548,166.56649721831207
05/18/2023 18:41:09.810003,3056,True,True,True,True,Eyes,2.538225,0.03377473,-2.947807,-0.3771968,-0.07483398,-0.9231048,0.0,0.0,0.0,0.0,0.0,0.0,0.0,3.416648,-0.1286265,-1.939177,2.51865,0.02355749,-3.017663,-0.03736155,0.9813797,-0.06553863,-0.1766431,8.154095,200.2002,357.0944,0.6621873,0.008797407,-0.7492863,0.01744981,0.007038109,-0.2629201,2.512021,-0.07488932,-4.761919,0.3087003,0.1442781,2.068999,-0.9348027,-0.05017784,0.3516051,-0.09648563,0.9886176,-0.1154372,-0.3418106,-0.1418359,-0.9290038,moving,22.22579,4.634702,8.486084,3.988966,27.192884094748383,7.276879588447358,13.754871716891147,18.993544838970287,166.2915997760608
05/18/2023 18:41:09.820195,3057,True,True,True,True,Eyes,2.53659,0.03317354,-2.951471,-0.3816787,-0.07621067,-0.9211478,0.0,0.0,0.0,0.0,0.0,0.0,0.0,3.43155,-0.1192415,-1.920673,2.514051,0.02174795,-3.026185,-0.0383009,0.9806015,-0.06535953,-0.1807813,8.165417,200.6784,357.0186,0.661221,0.008785944,-0.7501394,0.01640283,0.006615823,-0.2471448,2.483779,-0.08195511,-4.770062,0.3087,0.1414976,2.069002,-0.9317027,-0.0514843,0.3595555,-0.09874742,0.9885224,-0.1143351,-0.3495422,-0.1420315,-0.9260929,moving,22.50673,4.729564,8.486065,3.912328,27.45283408460821,7.372105421726711,14.044462315158992,19.279740385096986,166.00681952765711
05/18/2023 18:41:09.839966,3058,True,True,True,True,Eyes,2.534809,0.03253271,-2.955319,-0.3863041,-0.07754263,-0.9191063,0.0,0.0,0.0,0.0,0.0,0.0,0.0,3.446345,-0.1097022,-1.902072,2.509319,0.0201249,-3.034818,-0.03959963,0.9797654,-0.06554873,-0.184919,8.226704,201.1541,356.9097,0.6602805,0.008759798,-0.7509677,0.01541866,0.006218873,-0.2323162,2.455391,-0.09216085,-4.777092,0.3087006,0.1390539,2.069002,-0.9284738,-0.05335428,0.367546,-0.1018391,0.9882705,-0.1137993,-0.3571632,-0.1430902,-0.9230167,moving,22.79721,4.822477,8.486082,3.844965,27.7217105392116,7.465725320552618,14.344473303071394,19.573433796792532,165.71167872099235
05/18/2023 18:41:09.850291,3059,True,True,True,True,Eyes,2.532897,0.0318647,-2.95935,-0.3910041,-0.07881932,-0.9170077,0.0,0.0,0.0,0.0,0.0,0.0,0.0,3.459997,-0.09829421,-1.885031,2.504453,0.01857314,-3.043344,-0.04088667,0.9789796,-0.06531803,-0.188841,8.24071,201.6049,356.7919,0.6593588,0.008719428,-0.7517775,0.01449354,0.005845741,-0.2183772,2.42517,-0.1087804,-4.783333,0.3087001,0.1362464,2.069001,-0.925335,-0.05538499,0.3750842,-0.1047239,0.9881237,-0.1124479,-0.3644017,-0.1433322,-0.9201455,moving,23.09298,4.912654,8.486073,3.767562,27.995568553048003,7.556905328989939,14.651722349099884,19.874092170445433,165.40959575230235
05/18/2023 18:41:09.869942,3060,True,True,True,True,Eyes,2.530854,0.03116989,-2.963563,-0.3958694,-0.08004177,-0.9148119,0.0,0.0,0.0,0.0,0.0,0.0,0.0,3.472305,-0.08803058,-1.869926,2.499404,0.01726651,-3.051878,-0.04186958,0.9782593,-0.06486616,-0.1924785,8.223209,202.025,356.7014,0.6584495,0.008665543,-0.7525747,0.01362392,0.005494996,-0.2052746,2.398915,-0.08056754,-4.793167,0.3087,0.1336234,2.069001,-0.922398,-0.05694794,0.3820195,-0.1068893,0.9880786,-0.1107939,-0.3711559,-0.1430298,-0.9174888,moving,23.39973,5.00038,8.486069,3.695232,28.27970441099629,7.64604247887896,14.970661165253357,20.184075560289255,165.09589280962
05/18/2023 18:41:09.890081,3061,True,True,True,True,Eyes,2.528679,0.03045031,-2.967942,-0.4007823,-0.08121336,-0.9125667,0.0,0.0,0.0,0.0,0.0,0.0,0.0,3.484259,-0.07565019,-1.855166,2.494131,0.01594055,-3.060471,-0.0428187,0.9775579,-0.06395032,-0.196106,8.153424,202.4448,356.6042,0.6575481,0.008598863,-0.7533631,0.01280649,0.005165297,-0.1929581,2.372997,-0.0923766,-4.798366,0.3087001,0.1309855,2.069002,-0.919418,-0.05863344,0.3888864,-0.1087976,0.9881538,-0.1082363,-0.3779333,-0.1418243,-0.9149057,moving,23.71019,5.085608,8.486065,3.622477,28.56734506829215,7.732926343919255,15.29427129152566,20.497648718575352,164.77766124232042
05/18/2023 18:41:09.905738,3062,True,True,True,True,Eyes,2.526352,0.02978239,-2.972464,-0.4055544,-0.08313982,-0.910282,0.0,0.0,0.0,0.0,0.0,0.0,0.0,3.495401,-0.06442502,-1.841394,2.488812,0.01464179,-3.068926,-0.04393044,0.9768464,-0.06344184,-0.1995408,8.133363,202.8408,356.4957,0.6566485,0.008519967,-0.7541482,0.0120381,0.004855379,-0.1813806,2.341297,-0.1318493,-4.801061,0.3086999,0.1283586,2.069002,-0.9165073,-0.06050812,0.3954155,-0.111145,0.9880905,-0.106414,-0.3842674,-0.1414777,-0.9123174,moving,24.01422,5.218582,8.486064,3.550017,28.84807808772242,7.864354985270684,15.617545835359698,20.814060871433906,164.46193470612508
05/18/2023 18:41:09.921815,3063,True,True,True,True,Eyes,2.523885,0.02922947,-2.977159,-0.4103945,-0.0850642,-0.907932,0.0,0.0,0.0,0.0,0.0,0.0,0.0,3.507267,-0.06352502,-1.825394,2.483388,0.01533613,-3.077266,-0.04569501,0.9759058,-0.06542791,-0.2030746,8.41036,203.2427,356.371,0.6557475,0.008431479,-0.7549329,0.01131581,0.004564056,-0.1704977,2.319565,-0.09716055,-4.810892,0.3087003,0.1256333,2.069002,-0.9133456,-0.06261456,0.4023427,-0.1157615,0.9872622,-0.109144,-0.3903838,-0.1462619,-0.9089601,moving,24.32345,5.35242,8.486071,3.474829,29.133639713569785,7.996711405750147,15.948288985120692,21.1369230086363,164.13924037619483
05/18/2023 18:41:09.940230,3064,True,True,True,True,Eyes,2.521259,0.0286709,-2.981996,-0.4152524,-0.08697272,-0.9055392,0.0,0.0,0.0,0.0,0.0,0.0,0.0,3.519692,-0.05357078,-1.808953,2.4776,0.01758932,-3.086195,-0.04769222,0.9750016,-0.06559683,-0.2068675,8.490534,203.6743,356.1819,0.6548406,0.00833729,-0.7557207,0.01063686,0.004290213,-0.1602679,2.298375,-0.08117363,-4.817984,0.3087002,0.1229012,2.069002,-0.9098626,-0.06586029,0.4096493,-0.1201397,0.986845,-0.1081821,-0.3971355,-0.147646,-0.9058058,moving,24.63473,5.486159,8.486073,3.399444,29.42111336205241,8.129022089447027,16.282920573253254,21.462637858961813,163.81305362851953
05/18/2023 18:41:09.949888,3065,True,True,True,True,Eyes,2.518513,0.02815496,-2.986956,-0.4201485,-0.08897184,-0.9030831,0.0,0.0,0.0,0.0,0.0,0.0,0.0,3.528096,-0.03567827,-1.799458,2.471627,0.01687112,-3.094761,-0.04678438,0.974691,-0.06109749,-0.2098948,7.975054,204.0409,356.2047,0.6539241,0.008237822,-0.7565149,0.009998652,0.0040328,-0.1506518,2.270476,-0.1212648,-4.819639,0.3087,0.1201666,2.069,-0.907511,-0.06555254,0.414882,-0.1168487,0.9881566,-0.09946274,-0.4034484,-0.1387419,-0.9044228,moving,24.94963,5.626628,8.486073,3.32398,29.71183084046222,8.267715168877459,16.62380512711073,21.79388247472073,163.48136041707178
05/18/2023 18:41:09.969846,3066,True,True,True,True,Eyes,2.515633,0.02780527,-2.992059,-0.4250612,-0.09146567,-0.9005316,0.0,0.0,0.0,0.0,0.0,0.0,0.0,3.539324,-0.04186985,-1.783292,2.466011,0.01741105,-3.10277,-0.04731503,0.9737946,-0.06302836,-0.2133378,8.218093,204.4424,356.2195,0.6529958,0.00813472,-0.7573175,0.009398733,0.003790832,-0.1416127,2.246919,-0.1281334,-4.824418,0.3087001,0.1176117,2.069001,-0.9044968,-0.06525758,0.4214587,-0.1190429,0.9875774,-0.1025652,-0.40953,-0.1429415,-0.9010292,moving,25.26785,5.79956,8.486072,3.253459,30.005018732513527,8.436870792601574,16.973824057750953,22.1344262696921,163.142546746296
05/18/2023 18:41:09.990248,3067,True,True,True,True,Eyes,2.512612,0.02754716,-2.997314,-0.4300184,-0.0932423,-0.8979923,0.0,0.0,0.0,0.0,0.0,0.0,0.0,3.551059,-0.03430343,-1.767153,2.460104,0.02118673,-3.111505,-0.0503325,0.9727396,-0.06463172,-0.2169495,8.486645,204.845,355.9486,0.6520529,0.008032592,-0.7581306,0.008834809,0.003563382,-0.1331159,2.222765,-0.0990888,-4.832119,0.3087002,0.1149886,2.069002,-0.9007992,-0.06987721,0.4285768,-0.1259645,0.9865788,-0.1039004,-0.4155645,-0.1475789,-0.8975115,moving,25.5882,5.928018,8.486073,3.181046,30.301044865331427,8.564445909880083,17.321333756178046,22.469401239794948,162.80446775205078
05/18/2023 18:41:10.002521,3068,True,True,True,True,Eyes,2.509437,0.0273615,-3.002658,-0.435088,-0.09516734,-0.8953444,0.0,0.0,0.0,0.0,0.0,0.0,0.0,3.558654,-0.001469672,-1.759152,2.453705,0.02300613,-3.120485,-0.04942851,0.9726034,-0.05660984,-0.2199889,7.577392,205.217,355.8787,0.6510934,0.007933729,-0.7589558,0.008304721,0.003349579,-0.125129,2.193533,-0.09671417,-4.836001,0.3087,0.1122241,2.069,-0.8983237,-0.07124158,0.4335201,-0.1210557,0.9887043,-0.08837039,-0.4223276,-0.1318653,-0.8968006,moving,25.91719,6.067264,8.486071,3.104723,30.604914414881243,8.702316780511659,17.681079117769993,22.816141000258085,162.45525633555064
05/18/2023 18:41:10.020093,3069,True,True,True,True,Eyes,2.506134,0.02727044,-3.00813,-0.440296,-0.09700782,-0.8925967,0.0,0.0,0.0,0.0,0.0,0.0,0.0,3.570276,-0.0002353191,-1.741135,2.447568,0.02458777,-3.128455,-0.04882791,0.9718264,-0.05548155,-0.2238106,7.451866,205.6741,355.9477,0.6501151,0.007839647,-0.759795,0.007806438,0.003148604,-0.1176212,2.165193,-0.09054565,-4.840021,0.3087003,0.1096443,2.069,-0.8950493,-0.07006978,0.440428,-0.1197392,0.9890752,-0.08598046,-0.4295918,-0.1296933,-0.8936613,moving,26.25599,6.202588,8.48608,3.033485,30.917999873520078,8.836741098629716,18.050288508295626,23.170429658474355,162.096718322225
05/18/2023 18:41:10.040076,3070,True,True,True,True,Eyes,2.4206,0.02607369,-3.148036,-0.5689346,-0.1381441,-0.8106971,0.0,0.0,0.0,0.0,0.0,0.0,0.0,3.58577,0.002425909,-1.71583,2.441204,0.02676488,-3.137139,-0.04907516,0.9706981,-0.05510838,-0.2286918,7.43685,206.2503,355.9479,0.649116,0.00775226,-0.7606495,0.007338051,0.002959688,-0.110564,2.141282,-0.07047749,-4.8456,0.3087003,0.1069724,2.069001,-0.8905832,-0.07006864,0.4493903,-0.12048,0.9891094,-0.084541,-0.4385725,-0.1294334,-0.8893261,moving,35.06059,9.670408,8.486077,2.959696,39.055279604496825,12.284310048954502,27.408728477149626,31.95973365090415,153.08481428526977
05/18/2023 18:41:10.049820,3071,True,True,True,True,Eyes,2.420351,0.02610428,-3.148348,-0.5692689,-0.1380542,-0.8104776,0.0,0.0,0.0,0.0,0.0,0.0,0.0,3.598325,0.01762216,-1.695491,2.434594,0.02766258,-3.14562,-0.04737221,0.9700174,-0.04996078,-0.2330794,6.834891,206.7855,356.0374,0.6446735,0.007631121,-0.7644196,-0.2497038,-0.0008081528,-0.5236486,2.116638,-0.0629105,-4.849904,0.3087004,0.1042304,2.069001,-0.8868599,-0.06861407,0.4569157,-0.1151934,0.9905196,-0.07484268,-0.4474487,-0.1190086,-0.8863559,moving,35.08371,9.666804,8.486078,2.88396,39.076891230412286,12.281465862650371,27.44887977196447,32.00173386765966,153.04763479463523
05/18/2023 18:41:10.069993,3072,True,True,True,True,Eyes,2.419843,0.0261364,-3.148953,-0.5699133,-0.1383452,-0.809975,0.0,0.0,0.0,0.0,0.0,0.0,0.0,3.613145,0.02253895,-1.669558,2.428388,0.02840155,-3.153549,-0.04706639,0.9689125,-0.04872301,-0.2379483,6.708346,207.3653,356.0728,0.6409189,0.007524249,-0.7675714,-0.2347216,-0.0007596636,-0.4922297,2.090912,-0.0607767,-4.853428,0.3087002,0.1015705,2.069,-0.8823308,-0.06801932,0.4656885,-0.1143935,0.9908217,-0.07201794,-0.4565156,-0.1168154,-0.8820136,moving,35.13092,9.692691,8.486078,2.810484,39.12038311340172,12.306777810429312,27.519309191834978,32.07242189038721,152.98359252134753
05/18/2023 18:41:10.090099,3073,True,True,True,True,Eyes,2.419107,0.02618312,-3.149848,-0.5708771,-0.1385607,-0.8092591,0.0,0.0,0.0,0.0,0.0,0.0,0.0,3.628644,0.03376436,-1.641665,2.422114,0.02853799,-3.161615,-0.0476071,0.9676664,-0.04741992,-0.2431187,6.599107,207.9764,356.0125,0.6377298,0.007430011,-0.7702241,-0.2206383,-0.0007140838,-0.4626959,2.065803,-0.06483445,-4.856146,0.3087005,0.0989229,2.069002,-0.8772537,-0.06907824,0.4750307,-0.1151929,0.9909698,-0.06862497,-0.4660006,-0.1149217,-0.8772893,moving,35.20036,9.715923,8.48608,2.737336,39.18463913569972,12.330113495314748,27.61074849465275,32.162445694982054,152.8984501970267
05/18/2023 18:41:10.102890,3074,True,True,True,True,Eyes,2.418164,0.02624634,-3.151022,-0.5720899,-0.1393394,-0.8082684,0.0,0.0,0.0,0.0,0.0,0.0,0.0,3.643859,0.04903801,-1.613605,2.415914,0.02894504,-3.169598,-0.04869102,0.96637,-0.04593075,-0.2482912,6.485473,208.5856,355.885,0.6349036,0.007346688,-0.7725562,-0.2074,-0.0006712388,-0.4349342,2.040419,-0.07268426,-4.858181,0.3087003,0.09633557,2.069001,-0.8719614,-0.07129867,0.4843552,-0.1169155,0.9910391,-0.0645931,-0.4754096,-0.1129513,-0.8724838,moving,35.29074,9.781221,8.486075,2.665846,39.26759900030346,12.393303854841516,27.732988067513567,32.281971068987964,152.78745816446292
05/18/2023 18:41:10.120225,3075,True,True,True,True,Eyes,2.417005,0.02633419,-3.152459,-0.5736204,-0.1400822,-0.8070543,0.0,0.0,0.0,0.0,0.0,0.0,0.0,3.660964,0.05645569,-1.580581,2.409731,0.02948983,-3.177485,-0.05011733,0.9647857,-0.0465164,-0.2539946,6.61607,209.2547,355.7812,0.6323242,0.007273153,-0.7746694,-0.194956,-0.0006309645,-0.4088381,2.013792,-0.0825323,-4.859456,0.3087004,0.09370893,2.069002,-0.86595,-0.07307512,0.4947633,-0.1203348,0.9906489,-0.06429765,-0.4854381,-0.1152158,-0.866646,moving,35.40362,9.846853,8.486074,2.59326,39.37151721430545,12.4573219444502,27.877749085458188,32.42237376547308,152.65433792371368
05/18/2023 18:41:10.140048,3076,True,True,True,True,Eyes,2.415679,0.02642754,-3.154165,-0.5753834,-0.1411178,-0.8056176,0.0,0.0,0.0,0.0,0.0,0.0,0.0,3.677093,0.05990224,-1.548933,2.403378,0.03016476,-3.18538,-0.05023805,0.9633315,-0.04619606,-0.2594893,6.608048,209.9087,355.7962,0.6299617,0.007209052,-0.7765925,-0.1832586,-0.0005931066,-0.3843078,1.986437,-0.09343384,-4.85998,0.3087,0.09093958,2.069,-0.8602833,-0.07281701,0.5045899,-0.1207665,0.9906841,-0.06293176,-0.4953067,-0.1150767,-0.8610628,moving,35.53496,9.935541,8.486073,2.516724,39.49219334173071,12.54334388798565,28.04783652295232,32.58700055273631,152.49905445221725
05/18/2023 18:41:10.149841,3077,True,True,True,True,Eyes,2.414147,0.02649672,-3.156098,-0.577438,-0.142176,-0.8039597,0.0,0.0,0.0,0.0,0.0,0.0,0.0,3.692802,0.06202717,-1.516967,2.396969,0.03049915,-3.193027,-0.04958418,0.9619168,-0.04521315,-0.2649782,6.503274,210.5681,355.8773,0.6277895,0.007153573,-0.7783499,-0.1722631,-0.0005575202,-0.3612494,1.959451,-0.1029585,-4.860274,0.3087001,0.08831502,2.069,-0.8546562,-0.07143069,0.5142577,-0.1193527,0.9909944,-0.06070511,-0.5052903,-0.11326,-0.8554849,moving,35.68752,10.02876,8.486073,2.44418,39.63255460483716,12.634092801909226,28.239061115239103,32.77098776770351,152.32338470580027
05/18/2023 18:41:10.174951,3078,True,True,True,True,Eyes,2.412408,0.02657284,-3.158244,-0.5796363,-0.1431114,-0.80221,0.0,0.0,0.0,0.0,0.0,0.0,0.0,3.708478,0.05689098,-1.484266,2.390542,0.0299824,-3.200547,-0.04909036,0.9603743,-0.04610047,-0.2704554,6.609446,211.2247,355.9965,0.6257835,0.007105244,-0.7799641,-0.1619273,-0.000524069,-0.3395744,1.93339,-0.1145289,-4.860288,0.3087001,0.08556753,2.069001,-0.8488879,-0.06935398,0.524003,-0.1192265,0.9909298,-0.0619939,-0.5149506,-0.1151009,-0.8494571,moving,35.84997,10.11495,8.486073,2.368228,39.78226595016864,12.718488730660074,28.439313648045253,32.96330672682626,152.13828707020627
05/18/2023 18:41:10.191101,3079,True,True,True,True,Eyes,2.410475,0.02665863,-3.16059,-0.5821334,-0.1440528,-0.8002309,0.0,0.0,0.0,0.0,0.0,0.0,0.0,3.724774,0.05422066,-1.448941,2.384003,0.03016423,-3.208103,-0.04923893,0.9586604,-0.04721733,-0.2762543,6.761441,211.9173,356.0551,0.6239217,0.007063522,-0.7814547,-0.1522117,-0.0004926249,-0.3191999,1.908826,-0.1201321,-4.861104,0.3087004,0.08280735,2.069,-0.8425183,-0.06831884,0.5343179,-0.1204948,0.9906921,-0.06332583,-0.5250182,-0.1177357,-0.8429083,moving,36.03427,10.20475,8.486083,2.291919,39.952267120946,12.806763963201014,28.662091713996205,33.17653851343488,151.93153215555654
05/18/2023 18:41:10.206989,3080,True,True,True,True,Eyes,2.40834,0.0267333,-3.163115,-0.5847458,-0.145016,-0.7981495,0.0,0.0,0.0,0.0,0.0,0.0,0.0,3.740822,0.05732737,-1.412433,2.377423,0.03048935,-3.215421,-0.04960643,0.9568987,-0.04742426,-0.2821969,6.820428,212.6277,356.0632,0.6221846,0.007027988,-0.7828388,-0.143079,-0.0004630674,-0.3000479,1.884917,-0.1254176,-4.861685,0.3087003,0.08031684,2.069001,-0.8358082,-0.06817069,0.5447727,-0.1217026,0.9905803,-0.06276288,-0.5353625,-0.118758,-0.8362317,moving,36.22751,10.29776,8.486078,2.223057,40.13053668098575,12.898248535591208,28.89269592732449,33.39657885973012,151.7173090272864
05/18/2023 18:41:10.219980,3081,True,True,True,True,Eyes,2.406029,0.02681547,-3.165815,-0.5876474,-0.1461722,-0.7958041,0.0,0.0,0.0,0.0,0.0,0.0,0.0,3.757509,0.0608529,-1.373172,2.370899,0.03039889,-3.222745,-0.05051005,0.9549383,-0.04839217,-0.2884441,6.982241,213.3727,356.0398,0.6205549,0.006997743,-0.7841316,-0.1344942,-0.0004352833,-0.2820451,1.860595,-0.1341067,-4.861718,0.3087002,0.07761148,2.069001,-0.8284978,-0.0685511,0.5557811,-0.1243848,0.9902139,-0.06328443,-0.5460039,-0.1215617,-0.8289167,moving,36.44336,10.408,8.486075,2.148248,40.3295428046788,13.006378621930748,29.151900241197467,33.64380243715811,151.47737791869613
05/18/2023 18:41:10.239962,3082,True,True,True,True,Eyes,2.403559,0.0268962,-3.168691,-0.5907558,-0.147396,-0.7932729,0.0,0.0,0.0,0.0,0.0,0.0,0.0,3.774286,0.06342207,-1.331789,2.364347,0.03072075,-3.229835,-0.05219182,0.9527719,-0.05057188,-0.2948636,7.304692,214.1354,355.9745,0.6190171,0.006972446,-0.7853463,-0.1264246,-0.0004091664,-0.2651224,1.836133,-0.1385679,-4.861836,0.3086997,0.07479379,2.069002,-0.8206632,-0.06963018,0.5671542,-0.1292774,0.989437,-0.06558798,-0.5565964,-0.1271458,-0.8209962,moving,36.67531,10.52594,8.486056,2.070323,40.54340259478121,13.122084764491774,29.430112129028753,33.908920784905746,151.22003317954335
05/18/2023 18:41:10.250614,3083,True,True,True,True,Eyes,2.400915,0.02697591,-3.171715,-0.5941636,-0.1487996,-0.7904608,0.0,0.0,0.0,0.0,0.0,0.0,0.0,3.790755,0.0674689,-1.289549,2.357726,0.03081499,-3.236895,-0.05362631,0.9505645,-0.05220325,-0.3013738,7.560225,214.9126,355.9226,0.6175579,0.006951564,-0.7864943,-0.1188391,-0.0003846164,-0.249215,1.810585,-0.1453442,-4.861082,0.3087002,0.07214411,2.069002,-0.8125961,-0.07048514,0.5785495,-0.1334159,0.988798,-0.06692198,-0.5673516,-0.1315683,-0.8128973,moving,36.93099,10.66084,8.486073,1.99704,40.77904770972294,13.254209331496387,29.735075812529708,34.19883151455307,150.9384977642301
05/18/2023 18:41:10.270058,3084,True,True,True,True,Eyes,2.398108,0.02706556,-3.174879,-0.5978283,-0.1503802,-0.7873926,0.0,0.0,0.0,0.0,0.0,0.0,0.0,3.807659,0.06885298,-1.243341,2.350883,0.03092121,-3.243654,-0.05501977,0.9481378,-0.05443328,-0.3082933,7.88267,215.7422,355.903,0.6161652,0.006934629,-0.787586,-0.1117088,-0.0003615394,-0.2342621,1.784111,-0.1534014,-4.859518,0.3087002,0.06957713,2.069001,-0.8038563,-0.07076981,0.5905989,-0.1378955,0.9880197,-0.06929605,-0.5786193,-0.137145,-0.8039847,moving,37.20761,10.81243,8.486075,1.926038,41.03388370132635,13.40243572154282,30.064838857607224,34.51184660259675,150.63490853912018
05/18/2023 18:41:10.291323,3085,True,True,True,True,Eyes,2.395136,0.02716825,-3.178167,-0.6018274,-0.1521442,-0.784,0.0,0.0,0.0,0.0,0.0,0.0,0.0,3.825444,0.06644614,-1.191819,2.343945,0.03131621,-3.250201,-0.056473,0.9454035,-0.0576267,-0.3157568,8.315533,216.6411,355.9208,0.6148276,0.006921485,-0.788631,-0.1050062,-0.000339847,-0.2202064,1.757659,-0.1590105,-4.857946,0.3087,0.06681487,2.069,-0.7942172,-0.0703875,0.6035438,-0.1431716,0.98698,-0.07329752,-0.5905264,-0.1446244,-0.7939539,moving,37.51118,10.9824,8.486074,1.849628,41.31347805417687,13.568483422947375,30.428018382984128,34.856420202885595,150.3014566106171
05/18/2023 18:41:10.310403,3086,True,True,True,True,Eyes,2.392,0.02728004,-3.181563,-0.6061088,-0.1539424,-0.7803422,0.0,0.0,0.0,0.0,0.0,0.0,0.0,3.843556,0.06504361,-1.136596,2.337013,0.03177533,-3.256741,-0.05755426,0.9425091,-0.06019693,-0.3236367,8.668979,217.5969,355.967,0.6135355,0.006912085,-0.7896367,-0.09870586,-0.0003194562,-0.206994,1.730945,-0.159336,-4.856722,0.3086998,0.06421249,2.069,-0.783894,-0.06952696,0.6169901,-0.1474547,0.9861277,-0.07621897,-0.6031318,-0.1507256,-0.7832716,moving,37.83727,11.15976,8.486068,1.777633,41.61391396796501,13.741963982884991,30.814239661054966,35.2221435228641,149.9466328817417
05/18/2023 18:41:10.320304,3087,True,True,True,True,Eyes,2.38871,0.02739736,-3.185067,-0.610728,-0.155911,-0.7763395,0.0,0.0,0.0,0.0,0.0,0.0,0.0,3.861449,0.06469461,-1.078266,2.330054,0.03216607,-3.263042,-0.05859779,0.9394354,-0.06261108,-0.3318245,9.005338,218.5947,356.0204,0.6122811,0.006906288,-0.7906097,-0.0927835,-0.0003002888,-0.1945744,1.704321,-0.1651342,-4.854368,0.3087001,0.0615299,2.069,-0.7729179,-0.06854587,0.6307931,-0.1516494,0.9852923,-0.07874978,-0.6161175,-0.1565265,-0.771945,moving,38.1913,11.35556,8.486077,1.703415,41.94002954086696,13.933344680482971,31.23402274092714,35.619350367407556,149.5619602920541
05/18/2023 18:41:10.340611,3088,True,True,True,True,Eyes,2.385288,0.0275115,-3.188687,-0.6156373,-0.1577758,-0.7720734,0.0,0.0,0.0,0.0,0.0,0.0,0.0,3.879074,0.0655795,-1.017368,2.323041,0.03245701,-3.269401,-0.05975835,0.9361674,-0.0650489,-0.3402766,9.349833,219.6288,356.0705,0.6110569,0.006903872,-0.7915563,-0.0872165,-0.0002822715,-0.1828999,1.677758,-0.174316,-4.851393,0.3087001,0.05877593,2.069,-0.7612815,-0.06761841,0.6448861,-0.1561569,0.9843952,-0.08112457,-0.6293373,-0.162462,-0.7599609,moving,38.56822,11.54956,8.486076,1.627215,42.28750780959192,14.123564535461869,31.67630530752854,36.037418665755325,149.15570977857683
05/18/2023 18:41:10.350355,3089,True,True,True,True,Eyes,2.381718,0.0276227,-3.192398,-0.6208771,-0.1597606,-0.7674557,0.0,0.0,0.0,0.0,0.0,0.0,0.0,3.895732,0.06856218,-0.9550581,2.315908,0.03248786,-3.275527,-0.06046452,0.9328518,-0.0664965,-0.3488696,9.569927,220.6864,356.1383,0.609856,0.006904414,-0.7924818,-0.08198351,-0.0002653352,-0.1719259,1.652156,-0.1832378,-4.848524,0.3087001,0.05613932,2.069,-0.7492684,-0.06641166,0.6589286,-0.1592061,0.9838445,-0.0818743,-0.6428458,-0.1662512,-0.7477366,moving,38.9731,11.75927,8.486077,1.554257,42.66073676888685,14.329129607460487,32.14966347775196,36.484308140021206,148.72167807968594
05/18/2023 18:41:10.370471,3090,True,True,True,True,Eyes,2.378002,0.02773397,-3.196198,-0.6263059,-0.1616738,-0.7626287,0.0,0.0,0.0,0.0,0.0,0.0,0.0,3.911928,0.06940854,-0.8903794,2.308764,0.03255309,-3.281664,-0.06115783,0.9293321,-0.06847671,-0.3576487,9.847202,221.7735,356.2354,0.608673,0.006907546,-0.7933907,-0.0770645,-0.0002494151,-0.1616104,1.627335,-0.1927883,-4.845798,0.3087001,0.05349523,2.069001,-0.7366946,-0.06469066,0.6731246,-0.1626531,0.9831414,-0.08352916,-0.6563731,-0.1710212,-0.7347969,moving,39.39442,11.96923,8.486073,1.481086,43.049279181138,14.535305050517907,32.63934862764796,36.94628339276849,148.27251190054687
05/18/2023 18:41:10.390208,3091,True,True,True,True,Eyes,2.374139,0.02783693,-3.200083,-0.6320311,-0.1635427,-0.7574896,0.0,0.0,0.0,0.0,0.0,0.0,0.0,3.926815,0.0702796,-0.8259845,2.301453,0.03266745,-3.287753,-0.06166414,0.9257768,-0.0701928,-0.3663438,10.08717,222.8563,356.346,0.6075024,0.006913011,-0.7942874,-0.07244063,-0.0002344502,-0.1519137,1.603964,-0.2023873,-4.843354,0.3087,0.05085303,2.069001,-0.7239794,-0.06274506,0.6869619,-0.1656038,0.982541,-0.08478516,-0.6696485,-0.1751463,-0.7217302,moving,39.84081,12.18321,8.48607,1.407963,43.46110383988574,14.745817287837838,33.15457236006233,37.43195625538087,147.79968366249437
05/18/2023 18:41:10.406018,3092,True,True,True,True,Eyes,2.370151,0.02794136,-3.204074,-0.6378698,-0.1653122,-0.7521928,0.0,0.0,0.0,0.0,0.0,0.0,0.0,3.940146,0.07263628,-0.7639422,2.294058,0.03255565,-3.293913,-0.06138618,0.9223965,-0.0703981,-0.3747806,10.13002,223.9127,356.4778,0.6063392,0.006920373,-0.7951757,-0.06809419,-0.0002203832,-0.1427989,1.581558,-0.2140919,-4.841014,0.3086997,0.04810876,2.069001,-0.7115427,-0.06047712,0.7000357,-0.1660125,0.9825518,-0.08385722,-0.6827497,-0.1758826,-0.7091674,moving,40.2984,12.39505,8.486063,1.332011,43.88340536257291,14.954582810305723,33.68108693788088,37.92817302560373,147.3165239478945
05/18/2023 18:41:10.420348,3093,True,True,True,True,Eyes,2.366012,0.02803895,-3.208148,-0.6439559,-0.1670274,-0.7466074,0.0,0.0,0.0,0.0,0.0,0.0,0.0,3.952176,0.07429349,-0.7025471,2.286436,0.03263162,-3.299991,-0.06132199,0.9189388,-0.07103155,-0.383074,10.22586,224.9553,356.6048,0.6051798,0.006929471,-0.7960584,-0.06400854,-0.0002071602,-0.134231,1.559891,-0.2263714,-4.838758,0.3087003,0.04544145,2.069,-0.6989877,-0.05828163,0.7127545,-0.167123,0.9823883,-0.08356558,-0.6953314,-0.177529,-0.6964175,moving,40.77808,12.6103,8.486081,1.258185,44.32622417335327,15.167045923683766,34.22928153480915,38.444404987993224,146.81338624411572
05/18/2023 18:41:10.440589,3094,True,True,True,True,Eyes,2.361719,0.02811223,-3.212298,-0.6500837,-0.1685497,-0.7409334,0.0,0.0,0.0,0.0,0.0,0.0,0.0,3.962944,0.07963771,-0.643105,2.278667,0.03255437,-3.306276,-0.06131299,0.9155317,-0.07089121,-0.391174,10.24015,225.974,356.6907,0.6040205,0.006939962,-0.7969382,-0.06016803,-0.0001947306,-0.1261771,1.539331,-0.2378727,-4.836911,0.3087,0.04285367,2.069002,-0.6864474,-0.05680636,0.7249575,-0.1677296,0.9824303,-0.0818382,-0.7075713,-0.1777744,-0.6839148,moving,41.26322,12.81572,8.486065,1.186554,44.774319096899575,15.370432798533926,34.779007917845796,38.9617736143088,146.30802455422617
05/18/2023 18:41:10.450338,3095,True,True,True,True,Eyes,2.357288,0.02815813,-3.216517,-0.656397,-0.1700886,-0.7349917,0.0,0.0,0.0,0.0,0.0,0.0,0.0,3.972222,0.0839296,-0.5859604,2.270673,0.03197621,-3.312395,-0.06071169,0.9122544,-0.07010163,-0.3989885,10.15709,226.962,356.8068,0.6028579,0.006951098,-0.7978179,-0.05655795,-0.0001830467,-0.1186065,1.519003,-0.2457688,-4.835858,0.3087002,0.04007836,2.069001,-0.6742445,-0.05482952,0.73647,-0.1667085,0.9827997,-0.0794545,-0.7194461,-0.1763476,-0.6717879,moving,41.767,13.02977,8.486075,1.109731,45.2396165260653,15.582324391554,35.351199394322485,39.50036422851641,145.78319380524815
05/18/2023 18:41:10.470252,3096,True,True,True,True,Eyes,2.243153,0.02857348,-3.323598,-0.7984256,-0.2042325,-0.5663971,0.0,0.0,0.0,0.0,0.0,0.0,0.0,3.980672,0.08654439,-0.5299702,2.262905,0.03136465,-3.318491,-0.06081549,0.9088519,-0.07081904,-0.4065394,10.26353,227.9218,356.9146,0.6016889,0.006962136,-0.7986999,-0.05316447,-0.0001720639,-0.1114901,1.499529,-0.2509381,-4.835564,0.3087003,0.03750077,2.069001,-0.6620544,-0.05296309,0.7475821,-0.168126,0.9825723,-0.07928024,-0.7303545,-0.1781758,-0.6594207,moving,54.6484,19.82838,8.486077,1.038376,57.1115974672646,22.24096342093064,49.83998710951223,53.04706357617333,132.96650195636897
05/18/2023 18:41:10.490215,3097,True,True,True,True,Eyes,2.242835,0.02853715,-3.323831,-0.7987641,-0.2042657,-0.5659077,0.0,0.0,0.0,0.0,0.0,0.0,0.0,3.987923,0.09089491,-0.4768181,2.255137,0.03063581,-3.32454,-0.06089137,0.9055673,-0.07105204,-0.4137531,10.31576,228.8404,357.0002,0.596905,0.006979796,-0.8022812,-0.3923804,0.001084308,-0.4260435,1.480198,-0.2581461,-4.835024,0.3086997,0.03465994,2.069003,-0.6502013,-0.05148646,0.7580156,-0.1690785,0.9824877,-0.07829683,-0.7407098,-0.1790728,-0.6475201,moving,54.68323,19.84717,8.486054,0.9597293,57.14369028425158,22.25934890445821,49.90906216881852,53.115340195325274,132.9120956604325
05/18/2023 18:41:10.510329,3098,True,True,True,True,Eyes,2.24222,0.02844725,-3.324299,-0.7995523,-0.2046662,-0.5646485,0.0,0.0,0.0,0.0,0.0,0.0,0.0,3.993965,0.09488034,-0.4272189,2.247176,0.0297233,-3.330553,-0.06096964,0.9024084,-0.07133929,-0.4205387,10.37177,229.7081,357.0842,0.5928788,0.006994374,-0.8052612,-0.3688376,0.00101925,-0.4004809,1.461496,-0.2633809,-4.834944,0.3087004,0.03207871,2.069001,-0.6388601,-0.05003716,0.7676943,-0.1700409,0.9823868,-0.07747414,-0.7502962,-0.1800345,-0.6361161,moving,54.77004,19.92388,8.486081,0.8882682,57.22310471303327,22.333139579492094,50.04557300415273,53.246408225228926,132.80570824972014
05/18/2023 18:41:10.520365,3099,True,True,True,True,Eyes,2.241311,0.02830756,-3.324973,-0.8006172,-0.205151,-0.5629611,0.0,0.0,0.0,0.0,0.0,0.0,0.0,3.999351,0.0982388,-0.3782711,2.239213,0.02834977,-3.336565,-0.06127814,0.8991807,-0.07226743,-0.4271962,10.50484,230.5646,357.1752,0.5894729,0.007004949,-0.8077576,-0.3467073,0.0009580946,-0.376452,1.443585,-0.2671002,-4.835502,0.3087004,0.0294935,2.069001,-0.6274968,-0.0484555,0.77711,-0.171945,0.9820448,-0.07760735,-0.7593963,-0.1823185,-0.6245617,moving,54.88669,20.02246,8.486081,0.816693,57.329903327404914,22.428084492774524,50.21830345231876,53.411339824096025,132.66955506548945
05/18/2023 18:41:10.539997,3100,True,True,True,True,Eyes,2.240129,0.02812837,-3.32588,-0.8020386,-0.2058812,-0.5606666,0.0,0.0,0.0,0.0,0.0,0.0,0.0,4.00387,0.1007754,-0.3309827,2.231244,0.02702312,-3.342381,-0.06159973,0.8959928,-0.07338637,-0.4336091,10.65692,231.3943,357.2737,0.5864556,0.007010825,-0.8099508,-0.3259049,0.000900609,-0.3538649,1.425452,-0.2691536,-4.836257,0.3087,0.02675736,2.069,-0.6163771,-0.04674383,0.7860623,-0.1740278,0.9816398,-0.07808691,-0.76798,-0.1849277,-0.6131951,moving,55.04445,20.16364,8.486073,0.7409369,57.47418927759279,22.56384567714795,50.44723842377181,53.62904888139145,132.490074697596
05/18/2023 18:41:10.550425,3101,True,True,True,True,Eyes,2.238669,0.02789128,-3.326976,-0.8037082,-0.206516,-0.5580361,0.0,0.0,0.0,0.0,0.0,0.0,0.0,4.007718,0.1060407,-0.2862244,2.223073,0.02589393,-3.348468,-0.06214191,0.8928831,-0.0741166,-0.4397783,10.77847,232.1919,357.3289,0.583703,0.007011554,-0.8119366,-0.3063506,0.0008465724,-0.332633,1.408162,-0.2729786,-4.837006,0.3087004,0.02406231,2.069,-0.605467,-0.04578117,0.7945528,-0.1761607,0.9812902,-0.07769759,-0.7761298,-0.1870123,-0.6022037,moving,55.22672,20.30832,8.486082,0.6663153,57.641245664913086,22.70344409690349,50.70005512109298,53.86896286857308,132.28819414079706
05/18/2023 18:41:10.570083,3102,True,True,True,True,Eyes,2.236952,0.02759869,-3.328277,-0.8056911,-0.2072616,-0.5548914,0.0,0.0,0.0,0.0,0.0,0.0,0.0,4.010727,0.1114558,-0.2433901,2.214941,0.02424356,-3.354258,-0.06170492,0.8900203,-0.0732087,-0.4457544,10.68008,232.9637,357.4004,0.5811828,0.007006221,-0.8137425,-0.2879696,0.0007957781,-0.312675,1.391255,-0.2854716,-4.836039,0.3087002,0.02141035,2.069002,-0.5949909,-0.04457104,0.8024956,-0.1751035,0.9816659,-0.07530396,-0.7844262,-0.1853249,-0.5918869,moving,55.44424,20.48153,8.486073,0.5928844,57.84059927435084,22.870554606707213,50.996349592909965,54.149458479327365,132.05144062951905
05/18/2023 18:41:10.590064,3103,True,True,True,True,Eyes,2.234968,0.02727651,-3.329761,-0.8078677,-0.2080341,-0.5514269,0.0,0.0,0.0,0.0,0.0,0.0,0.0,4.013384,0.1151589,-0.2010026,2.20673,0.02260865,-3.36017,-0.06182562,0.8870175,-0.07367241,-0.4516083,10.7509,233.7273,357.4834,0.5788661,0.006994054,-0.8153923,-0.2706914,0.0007480314,-0.2939145,1.372794,-0.2896795,-4.835882,0.3087001,0.01878917,2.069001,-0.5844551,-0.04313866,0.8102786,-0.176223,0.9814999,-0.0748555,-0.7920592,-0.1865394,-0.5812447,moving,55.6837,20.66974,8.486073,0.5203046,58.06010796324065,23.052207931643363,51.31876597668637,54.45430754571329,131.7934777212474
05/18/2023 18:41:10.605539,3104,True,True,True,True,Eyes,2.232728,0.02690487,-3.331434,-0.8103192,-0.2086338,-0.5475899,0.0,0.0,0.0,0.0,0.0,0.0,0.0,4.01545,0.1241731,-0.1583142,2.198333,0.02158722,-3.366182,-0.06260574,0.8839071,-0.07382044,-0.4575362,10.82382,234.4964,357.4836,0.5767267,0.006975011,-0.816907,-0.2544499,0.0007031495,-0.2762797,1.354886,-0.274712,-4.83952,0.3086996,0.01589847,2.069002,-0.5734826,-0.04312427,0.8180821,-0.1782264,0.9812621,-0.07321205,-0.7995957,-0.1877896,-0.5704225,moving,55.95033,20.85702,8.486054,0.4402591,58.30495061348165,23.23361274768236,51.66915542034672,54.785576845489985,131.50910103109885
05/18/2023 18:41:10.621334,3105,True,True,True,True,Eyes,2.230243,0.02647919,-3.333272,-0.812938,-0.2092076,-0.543474,0.0,0.0,0.0,0.0,0.0,0.0,0.0,4.016936,0.1355534,-0.1180205,2.189785,0.01998708,-3.372316,-0.06216931,0.8811291,-0.07128723,-0.4633193,10.55824,235.2386,357.4638,0.5747411,0.006948552,-0.8183054,-0.2391829,0.0006609605,-0.2597029,1.337878,-0.285235,-4.838271,0.3087003,0.01341182,2.069003,-0.5629408,-0.04350089,0.8253519,-0.1756159,0.9821063,-0.06801801,-0.8076244,-0.183235,-0.5605071,moving,56.23606,21.05396,8.486072,0.3714011,58.56740461371109,23.424496929866333,52.03681001610411,55.13243241238467,131.2096421376845
05/18/2023 18:41:10.639936,3106,True,True,True,True,Eyes,2.227528,0.02603908,-3.3353,-0.8157455,-0.209857,-0.5389985,0.0,0.0,0.0,0.0,0.0,0.0,0.0,4.018194,0.1402602,-0.07703781,2.181427,0.01825565,-3.378244,-0.06208699,0.8781404,-0.07111333,-0.4689964,10.55225,235.9835,357.5317,0.5728879,0.006914073,-0.8196043,-0.2248319,0.0006213029,-0.2441207,1.320861,-0.2950566,-4.837279,0.3087005,0.0108138,2.069002,-0.5523754,-0.04233839,0.8325198,-0.175746,0.9821762,-0.06665783,-0.814859,-0.1831321,-0.5499708,moving,56.54553,21.27326,8.486079,0.2994582,58.85154961578559,23.63685436026369,52.43673514214137,55.50959097210727,130.8857116193316
05/18/2023 18:41:10.649936,3107,True,True,True,True,Eyes,2.224569,0.02556721,-3.337486,-0.8187027,-0.210341,-0.5343056,0.0,0.0,0.0,0.0,0.0,0.0,0.0,4.019016,0.1461153,-0.03571224,2.172801,0.01747012,-3.384339,-0.06263161,0.8749978,-0.07153887,-0.4746982,10.64102,236.7344,357.569,0.5711481,0.006872016,-0.8208179,-0.211342,0.0005840247,-0.2294735,1.301609,-0.2637482,-4.84286,0.3087001,0.008159578,2.069002,-0.5414779,-0.04168631,0.8396809,-0.1775238,0.9819189,-0.06573049,-0.8217584,-0.1846549,-0.5390877,moving,56.87054,21.48816,8.486068,0.2259577,59.15025872655416,23.845448990180493,52.85015021137508,55.899379162773975,130.54812377583883
05/18/2023 18:41:10.670123,3108,True,True,True,True,Eyes,2.221382,0.02507357,-3.339809,-0.8217863,-0.2108273,-0.5293573,0.0,0.0,0.0,0.0,0.0,0.0,0.0,4.019521,0.1459125,0.001476288,2.163969,0.01619381,-3.390402,-0.06130237,0.8723242,-0.07012647,-0.4799738,10.43926,237.4303,357.6903,0.5695056,0.006822376,-0.8219589,-0.1986615,0.0005489832,-0.2157051,1.281784,-0.2599566,-4.841952,0.3087002,0.005481467,2.069001,-0.5317343,-0.03963335,0.8459832,-0.1742688,0.9826486,-0.06349897,-0.8287876,-0.1811931,-0.5294148,moving,57.21221,21.71592,8.486075,0.1517951,59.46424425889498,24.066462442616483,53.28459171975539,56.308836385566984,130.1943368121946
05/18/2023 18:41:10.690437,3109,True,True,True,True,Eyes,2.217965,0.02462333,-3.342275,-0.8249624,-0.2113865,-0.5241686,0.0,0.0,0.0,0.0,0.0,0.0,0.0,4.019615,0.1440106,0.03957081,2.155306,0.01517899,-3.396179,-0.06080437,0.8694127,-0.0706251,-0.4852182,10.47529,238.1329,357.8325,0.5679443,0.006765348,-0.8230389,-0.1867418,0.0005160442,-0.2027628,1.258534,-0.2598655,-4.838667,0.3086998,0.002828196,2.069,-0.5217324,-0.03719101,0.8522983,-0.1742654,0.9826298,-0.06379792,-0.835121,-0.1818115,-0.519151,moving,57.56874,21.96321,8.48607,0.07831977,59.7917010166125,24.30609687071159,53.74064490409516,56.738461005340596,129.82567515950572
05/18/2023 18:41:10.704825,3110,True,True,True,True,Eyes,2.214319,0.02427509,-3.34488,-0.8282474,-0.211879,-0.5187615,0.0,0.0,0.0,0.0,0.0,0.0,0.0,4.019248,0.1478029,0.07850504,2.146387,0.01578553,-3.402225,-0.06147967,0.8662865,-0.07141,-0.49058,10.60542,238.8487,357.8746,0.5664508,0.006702756,-0.824068,-0.1755373,0.0004850815,-0.190597,1.235052,-0.2397718,-4.838438,0.3087002,-2.464652e-05,2.069,-0.5111033,-0.03645339,0.8587461,-0.1765826,0.9822417,-0.06340163,-0.841185,-0.1840444,-0.5084639,moving,57.93959,22.21669,8.486079,-0.0006825237,60.13238187630103,24.551853190884287,54.214955428220925,57.18537934478146,129.44247660147698
05/18/2023 18:41:10.720070,3111,True,True,True,True,Eyes,2.210446,0.02399856,-3.347618,-0.8316181,-0.212152,-0.5132279,0.0,0.0,0.0,0.0,0.0,0.0,0.0,4.018357,0.1540632,0.1140242,2.137194,0.01789039,-3.408226,0.06185428,-0.8634523,0.07050977,0.4956335,10.54908,239.5141,357.8476,0.5650132,0.006637725,-0.8250549,-0.165005,0.0004559766,-0.1791612,1.211774,-0.236816,-4.834494,0.3087001,-0.002552219,2.069001,-0.5010431,-0.03692243,0.8646345,-0.1767104,0.9824048,-0.06044954,-0.8471892,-0.1830777,-0.4987518,moving,58.31945,22.45863,8.48607,-0.07067723,60.48167944150692,24.78701392122157,54.68944547614403,57.632006824014404,129.05533824140133
05/18/2023 18:41:10.740158,3112,True,True,True,True,Eyes,2.206359,0.02365974,-3.350463,-0.835098,-0.2121523,-0.5075459,0.0,0.0,0.0,0.0,0.0,0.0,0.0,4.01745,0.1566303,0.1445403,2.127875,0.01928878,-3.41425,0.06081812,-0.8611002,0.06797643,0.500187,10.24804,240.1101,357.8604,0.5636201,0.006572266,-0.8260076,-0.1551047,0.000428618,-0.1684115,1.187748,-0.235704,-4.829728,0.3087004,-0.005191423,2.069,-0.4922286,-0.03673914,0.8696905,-0.1727428,0.9833607,-0.05622818,-0.8531537,-0.1779099,-0.4903847,moving,58.7101,22.68475,8.486082,-0.1437632,60.84133440249298,25.00761357695649,55.16876832943525,58.08325238745824,128.65983719501156
05/18/2023 18:41:10.749873,3113,True,True,True,True,Eyes,2.202103,0.02340469,-3.353402,-0.8385092,-0.2126651,-0.5016732,0.0,0.0,0.0,0.0,0.0,0.0,0.0,4.016068,0.1576674,0.1735902,2.11867,0.01739708,-3.419756,0.05880865,-0.8589165,0.06481799,0.5045817,9.828174,240.6872,357.9288,0.5622628,0.006504904,-0.8269326,-0.1457985,0.000402901,-0.1583068,1.164037,-0.2345548,-4.824739,0.3086995,-0.007864088,2.069001,-0.4838778,-0.0356115,0.8744107,-0.1664354,0.9846803,-0.05199895,-0.8591634,-0.170694,-0.482392,moving,59.10826,22.97265,8.486055,-0.2177751,61.206801208423535,25.28621346873615,55.68126664669847,58.56560862560236,128.25150795908044
05/18/2023 18:41:10.769882,3114,True,True,True,True,Eyes,2.197627,0.0232549,-3.356479,-0.8419626,-0.2132241,-0.4956152,0.0,0.0,0.0,0.0,0.0,0.0,0.0,4.014292,0.1690559,0.2047315,2.110319,0.01927036,-3.425087,0.0629727,-0.8557118,0.0697222,0.5088522,10.56855,241.2774,357.8537,0.5609328,0.006437879,-0.8278359,-0.1370506,0.0003787269,-0.1488084,1.139313,-0.2419217,-4.817162,0.3087004,-0.01057052,2.069001,-0.4742077,-0.03681637,0.8796428,-0.1787295,0.9823465,-0.05523663,-0.8620804,-0.1834118,-0.4724165,moving,59.51712,23.2784,8.486081,-0.2927215,61.58189533235448,25.581766560395284,56.21178444229718,59.064834140149735,127.83223543251324
05/18/2023 18:41:10.790286,3115,True,True,True,True,Eyes,2.192956,0.02319351,-3.359634,-0.8454702,-0.2133801,-0.4895395,0.0,0.0,0.0,0.0,0.0,0.0,0.0,4.011601,0.1883642,0.2356248,2.100291,0.02167109,-3.431072,0.06490589,-0.8528976,0.06808411,0.5135342,10.53292,241.8855,357.6222,0.5596222,0.006373798,-0.8287228,-0.1288275,0.0003560033,-0.1398799,1.114616,-0.24351,-4.810319,0.3087005,-0.01322562,2.069001,-0.4641396,-0.0407891,0.8848224,-0.1806432,0.9823036,-0.04947477,-0.8671461,-0.1828003,-0.4632944,moving,59.92854,23.55139,8.486083,-0.3662452,61.96000353343251,25.846713716284626,56.730764632226915,59.55316441938817,127.41502072977028
05/18/2023 18:41:10.805891,3116,True,True,True,True,Eyes,2.188091,0.02326335,-3.362875,-0.8489705,-0.2139016,-0.4832134,0.0,0.0,0.0,0.0,0.0,0.0,0.0,4.009817,0.1862913,0.2579045,2.090953,0.02364572,-3.436162,0.06249612,-0.8512388,0.06373555,0.5171311,9.970769,242.3522,357.6445,0.5583253,0.006314588,-0.8295977,-0.1210979,0.0003346431,-0.1314871,1.089602,-0.2417612,-4.803303,0.3087002,-0.01601876,2.069002,-0.4573393,-0.04047897,0.8883706,-0.1723175,0.984064,-0.04387098,-0.8724376,-0.1731457,-0.4570264,moving,60.35252,23.87729,8.486069,-0.4435902,62.34879924270254,26.16147407817098,57.28554750579026,60.07514589615037,126.98093008995548
05/18/2023 18:41:10.820420,3117,True,True,True,True,Eyes,2.183025,0.02334717,-3.366195,-0.8525494,-0.2139891,-0.4768314,0.0,0.0,0.0,0.0,0.0,0.0,0.0,4.006692,0.1999437,0.2912216,2.081442,0.02695654,-3.441692,0.06596007,-0.8479255,0.0663962,0.5217885,10.45321,242.9868,357.519,0.5570359,0.006263033,-0.8304645,-0.113832,0.0003145645,-0.1235979,1.065287,-0.2481117,-4.795156,0.3086999,-0.01871024,2.069001,-0.4467723,-0.04256891,0.8936345,-0.181148,0.9824817,-0.04376364,-0.8761166,-0.1814325,-0.4466568,moving,60.78168,24.16926,8.486065,-0.5181189,62.74307271440093,26.44459332191065,57.82990597589097,60.5872159492589,126.54706838198177
05/18/2023 18:41:10.840402,3118,True,True,True,True,Eyes,2.177812,0.02341251,-3.369569,-0.8560982,-0.2142039,-0.4703324,0.0,0.0,0.0,0.0,0.0,0.0,0.0,4.003758,0.2057914,0.3185596,2.071582,0.0272892,-3.446986,0.06393598,-0.8458377,0.06114402,0.5260536,9.828712,243.5384,357.4505,0.5557485,0.006218703,-0.831327,-0.1070021,0.0002956906,-0.116182,1.040228,-0.2556709,-4.785785,0.3086997,-0.02134876,2.069,-0.4383597,-0.04382886,0.8977304,-0.172489,0.9843472,-0.0361683,-0.8820932,-0.1707033,-0.4390581,moving,61.21601,24.48598,8.486066,-0.5911796,63.141688402293966,26.750997815824658,58.38930490977785,61.11326963942095,126.10733634029522
05/18/2023 18:41:10.856328,3119,True,True,True,True,Eyes,2.172447,0.02352584,-3.372999,-0.8596019,-0.2148105,-0.4636175,0.0,0.0,0.0,0.0,0.0,0.0,0.0,4.00052,0.2084568,0.3484011,2.062731,0.02691374,-3.451581,0.06425196,-0.8431477,0.06158961,0.5302647,9.904084,244.1155,357.4965,0.5544599,0.006180436,-0.8321872,-0.100582,0.0002779492,-0.1092111,1.014669,-0.2600728,-4.775904,0.3087004,-0.02403397,2.069,-0.4293825,-0.04303018,0.9020973,-0.1736653,0.9841568,-0.03571717,-0.8862684,-0.1719993,-0.4300525,moving,61.66025,24.85996,8.486082,-0.6655307,63.548438927248505,27.111226606059127,58.983411379539675,61.671803904405294,125.65378337491126
05/18/2023 18:41:10.869996,3120,True,True,True,True,Eyes,2.166907,0.02371407,-3.376508,-0.8631573,-0.2152778,-0.4567439,0.0,0.0,0.0,0.0,0.0,0.0,0.0,3.995769,0.2248178,0.3861895,2.053701,0.02827314,-3.456496,0.06804139,-0.8394087,0.06486895,0.5353088,10.47168,244.8138,357.39,0.5531669,0.006148828,-0.8330474,-0.09454704,0.0002612722,-0.1026584,0.9887815,-0.2687175,-4.764514,0.3086999,-0.02670474,2.069001,-0.4176299,-0.04477924,0.9075132,-0.1836789,0.9823248,-0.03605681,-0.8898581,-0.1817494,-0.4184732,moving,62.11423,25.23598,8.486066,-0.7394797,63.96422571062345,27.473587888382134,59.58778801597874,62.23988582592405,125.19236188120364
05/18/2023 18:41:10.890122,3121,True,True,True,True,Eyes,2.161204,0.02392026,-3.380054,-0.8667918,-0.2154086,-0.4497456,0.0,0.0,0.0,0.0,0.0,0.0,0.0,3.991215,0.2329977,0.419805,2.043757,0.03021626,-3.461571,0.06768018,-0.8365756,0.0618883,0.5401207,10.17524,245.4547,357.2989,0.5518655,0.006125073,-0.8339104,-0.08887422,0.0002455959,-0.09649892,0.9631981,-0.2828345,-4.751474,0.3087001,-0.02930503,2.069002,-0.407378,-0.04638487,0.9120809,-0.1800935,0.9831785,-0.03043756,-0.8953264,-0.1766594,-0.4088789,moving,62.5769,25.59239,8.48607,-0.8114746,64.38848591926,27.81779244391172,60.19121161684681,62.80696646934594,124.72649947747131
05/18/2023 18:41:10.905801,3122,True,True,True,True,Eyes,2.15536,0.02412164,-3.383638,-0.8704211,-0.2156587,-0.4425589,0.0,0.0,0.0,0.0,0.0,0.0,0.0,3.986289,0.2333166,0.4556375,2.034157,0.03078052,-3.466094,0.0656362,-0.8337849,0.0581171,0.5450844,9.698808,246.1216,357.3196,0.5505537,0.006108853,-0.8347772,-0.08354177,0.0002308602,-0.09070899,0.9372964,-0.2948091,-4.73804,0.3087002,-0.03200895,2.069002,-0.3971497,-0.04609549,0.9165954,-0.1728104,0.9846286,-0.02535979,-0.901337,-0.1684688,-0.3990107,moving,63.04929,25.97995,8.486073,-0.8863363,64.82120505101824,28.19137704399563,60.818927883864056,63.39684942109698,124.2493166403332
05/18/2023 18:41:10.920322,3123,True,True,True,True,Eyes,2.149378,0.02433247,-3.38725,-0.8740503,-0.2159435,-0.4352063,0.0,0.0,0.0,0.0,0.0,0.0,0.0,3.980356,0.2386335,0.4965625,2.024968,0.03084829,-3.470636,0.065838,-0.8302504,0.05771248,0.5504715,9.689893,246.8645,357.3377,0.549229,0.006099292,-0.8356493,-0.07852926,0.0002170085,-0.08526645,0.9103526,-0.3089516,-4.722377,0.3087003,-0.03468873,2.069001,-0.3852929,-0.04578591,0.9216576,-0.1728622,0.9846693,-0.02334774,-0.9064589,-0.1683155,-0.3873008,moving,63.53041,26.38998,8.486078,-0.9605273,65.26162724924158,28.58619423131069,61.46485772287753,64.00368540796596,123.76356538136756
05/18/2023 18:41:10.940092,3124,True,True,True,True,Eyes,2.143273,0.02455994,-3.390927,-0.8776705,-0.2162635,-0.4276969,0.0,0.0,0.0,0.0,0.0,0.0,0.0,3.974327,0.2438795,0.5340695,2.015683,0.03129318,-3.475058,0.06636386,-0.8268641,0.05780021,0.5554733,9.747853,247.5592,357.3519,0.5478905,0.00609597,-0.8365276,-0.07381751,0.000203988,-0.08015046,0.8823099,-0.3264526,-4.703845,0.3087004,-0.03729763,2.069002,-0.3740902,-0.04553482,0.9262737,-0.1739607,0.98451,-0.02185913,-0.9109302,-0.1693126,-0.3762168,moving,64.01959,26.82329,8.486074,-1.032752,65.70911268387277,29.00298685672717,62.1283387451171,64.62678829158625,123.27021850501625
05/18/2023 18:41:10.949919,3125,True,True,True,True,Eyes,2.137036,0.02479242,-3.3946,-0.8812851,-0.2165755,-0.4200376,0.0,0.0,0.0,0.0,0.0,0.0,0.0,3.967999,0.2461264,0.5697112,2.006091,0.0319087,-3.479187,0.06601837,-0.8236991,0.05684268,0.5602947,9.64959,248.2273,357.3802,0.5465353,0.006098674,-0.8374135,-0.06938846,0.0001917488,-0.07534143,0.8530555,-0.3410696,-4.68381,0.3087004,-0.0400864,2.069002,-0.3634228,-0.04506126,0.9305339,-0.1724559,0.984821,-0.01966305,-0.9155231,-0.167622,-0.3656775,moving,64.51662,27.27608,8.486076,-1.109953,66.16353861614067,29.43819317559178,62.810737381541905,65.26774799701325,122.76807909574707
05/18/2023 18:41:10.970201,3126,True,True,True,True,Eyes,1.978139,0.03055361,-3.486864,-0.9500847,-0.2252009,-0.2159251,0.0,0.0,0.0,0.0,0.0,0.0,0.0,3.960844,0.2485738,0.6066685,1.996669,0.03225931,-3.482871,0.06604638,-0.8203542,0.05670305,0.5651918,9.653589,248.9133,357.4264,0.5451637,0.006106936,-0.8383071,0.0,0.0,0.0,0.8231883,-0.3549654,-4.662105,0.3087009,-0.04274651,2.069002,-0.3523925,-0.04426665,0.9348049,-0.1724591,0.9848453,-0.01837544,-0.9198248,-0.1676909,-0.3546863,moving,77.19592,46.20461,8.48609,-1.183588,77.6144033191507,47.446248299414805,83.46665231286148,84.51972953611806,110.43164864765292
05/18/2023 18:41:10.991196,3127,True,True,True,True,Eyes,1.977763,0.03056524,-3.486997,-0.9501609,-0.2253251,-0.2154599,0.0,0.0,0.0,0.0,0.0,0.0,0.0,3.95323,0.2534512,0.6443939,1.987325,0.03247184,-3.486687,0.06691799,-0.8167827,0.05769745,0.5701396,9.820249,249.6149,357.4684,0.539665,0.006274939,-0.8418561,-0.4766904,0.01728356,-0.2767925,0.7930197,-0.3692193,-4.639003,0.3086995,-0.04537652,2.069001,-0.3409257,-0.04352371,0.9390823,-0.1751061,0.984386,-0.01794735,-0.9236383,-0.1705578,-0.3432237,moving,77.22359,46.28211,8.486058,-1.256387,77.63869787935265,47.51942454690941,83.57485867454417,84.62368104935554,110.38614682177574
05/18/2023 18:41:11.006048,3128,True,True,True,True,Eyes,1.977036,0.03058093,-3.487264,-0.9502479,-0.2257387,-0.2146413,0.0,0.0,0.0,0.0,0.0,0.0,0.0,3.944941,0.2605883,0.6809921,1.977934,0.03279004,-3.490117,0.06810613,-0.8132276,0.05866621,0.5749617,10.00504,250.3009,357.4794,0.5349657,0.006415838,-0.8448492,-0.4480889,0.01624654,-0.260185,0.7622015,-0.3792039,-4.615253,0.3086998,-0.04799198,2.069,-0.3295615,-0.04330993,0.9431403,-0.1782332,0.9838397,-0.01710115,-0.9271582,-0.1737348,-0.331955,moving,77.27168,46.44352,8.486067,-1.328779,77.68040866296839,47.67161105843663,83.74755583019225,84.78735250053829,110.31909511952988
05/18/2023 18:41:11.019939,3129,True,True,True,True,Eyes,1.975965,0.03059382,-3.487646,-0.9503876,-0.2263357,-0.2133908,0.0,0.0,0.0,0.0,0.0,0.0,0.0,3.93634,0.270309,0.7172971,1.968715,0.03296345,-3.493627,0.06994667,-0.8095586,0.0603394,0.5797255,10.29965,250.9856,357.4781,0.5308419,0.006537829,-0.8474454,-0.4212036,0.01527175,-0.2445739,0.7315536,-0.3910892,-4.589932,0.3087009,-0.05068365,2.069001,-0.3180517,-0.04329126,0.9470844,-0.1832124,0.9829333,-0.01659684,-0.9302023,-0.1787963,-0.3205551,moving,77.34523,46.68622,8.486092,-1.403275,77.7442820611007,47.90047080052629,83.98916844128217,85.01503537905788,110.22559381587664
05/18/2023 18:41:11.040139,3130,True,True,True,True,Eyes,1.974579,0.03060452,-3.488147,-0.9505264,-0.2272067,-0.2118409,0.0,0.0,0.0,0.0,0.0,0.0,0.0,3.927186,0.2801552,0.752995,1.959375,0.03295356,-3.496863,0.07176995,-0.8058876,0.0620102,0.5844221,10.59318,251.665,357.4813,0.5270959,0.006647855,-0.8497794,-0.3959314,0.01435545,-0.2298994,0.7013009,-0.4015555,-4.56442,0.3087006,-0.05340815,2.069001,-0.3065998,-0.04319675,0.9508578,-0.1881573,0.9820076,-0.01605861,-0.933056,-0.1838343,-0.3092112,moving,77.436,47.00443,8.486086,-1.478676,77.8227512467373,48.20040484574779,84.28939558458485,85.29703524282924,110.11327236647305
05/18/2023 18:41:11.050112,3131,True,True,True,True,Eyes,1.972872,0.03061263,-3.488746,-0.9507171,-0.2282093,-0.2098986,0.0,0.0,0.0,0.0,0.0,0.0,0.0,3.917983,0.2883766,0.7885342,1.950318,0.03297957,-3.500101,0.07374437,-0.8021483,0.06453053,0.5890295,10.97621,252.3436,357.5312,0.5236851,0.006747084,-0.8518848,-0.3721755,0.01349412,-0.2161055,0.6711026,-0.4050975,-4.540377,0.3087005,-0.05606097,2.069,-0.2952121,-0.04228708,0.9544955,-0.1943286,0.9807951,-0.01665089,-0.9354604,-0.1904013,-0.2977602,moving,77.55,47.39329,8.486089,-1.552089,77.92150941675197,48.5670016460848,84.64912242941188,85.63411035120036,109.97796549621907
05/18/2023 18:41:11.069908,3132,True,True,True,True,Eyes,1.970864,0.03062396,-3.48945,-0.9509338,-0.2292666,-0.2077537,0.0,0.0,0.0,0.0,0.0,0.0,0.0,3.908759,0.2911833,0.8228183,1.940907,0.03295895,-3.503142,0.07469155,-0.7985942,0.06643323,0.5935111,11.2311,253.0067,357.6371,0.5205699,0.00683658,-0.8537914,-0.349845,0.01268447,-0.2031391,0.6418399,-0.4104048,-4.515941,0.3087001,-0.05877244,2.069,-0.2843318,-0.04043875,0.9578729,-0.1981542,0.9800156,-0.01744584,-0.9380249,-0.1947669,-0.2866628,moving,77.67604,47.81818,8.486078,-1.627118,78.03079454910886,48.96759945897081,85.04168587151979,86.00170367294466,109.83011681025872
05/18/2023 18:41:11.089996,3133,True,True,True,True,Eyes,1.968554,0.03062866,-3.490241,-0.9511989,-0.23037,-0.2053051,0.0,0.0,0.0,0.0,0.0,0.0,0.0,3.900051,0.2914004,0.8543148,1.931583,0.0330791,-3.506145,0.07515613,-0.7953056,0.06796166,0.5976806,11.41648,253.6266,357.7604,0.5177157,0.006917411,-0.8555244,-0.3288543,0.0119234,-0.1909508,0.6130927,-0.4131072,-4.492477,0.3087007,-0.06138885,2.069,-0.2742594,-0.03830546,0.9608927,-0.2007829,0.9794655,-0.01826185,-0.9404618,-0.1979393,-0.2763187,moving,77.82023,48.29266,8.486093,-1.699512,78.15603948756697,49.41503081031417,85.47771531114033,86.40947824334947,109.66498744346187
05/18/2023 18:41:11.106026,3134,True,True,True,True,Eyes,1.96595,0.03063063,-3.491119,-0.9515098,-0.2314164,-0.2026714,0.0,0.0,0.0,0.0,0.0,0.0,0.0,3.891282,0.2965376,0.8827538,1.922028,0.03294277,-3.509128,0.07592574,-0.792201,0.06867462,0.6016119,11.54654,254.2046,357.7968,0.5150907,0.006990307,-0.8571069,-0.309123,0.011208,-0.1794938,0.5846713,-0.4127297,-4.46989,0.3087003,-0.06401777,2.069001,-0.2645973,-0.03766595,0.9636234,-0.2029278,0.9790382,-0.01745254,-0.9427668,-0.2001638,-0.2666944,moving,77.97571,48.78856,8.486077,-1.772246,78.29139296861952,49.882770517257455,85.93721078697125,86.83906303546203,109.48911453197088
05/18/2023 18:41:11.121687,3135,True,True,True,True,Eyes,1.963057,0.03060737,-3.492071,-0.9518769,-0.23243,-0.1997662,0.0,0.0,0.0,0.0,0.0,0.0,0.0,3.881741,0.3048369,0.9119453,1.912321,0.03289575,-3.512039,0.07678391,-0.7890244,0.06861727,0.6056705,11.61257,254.7947,357.7738,0.5126662,0.007056013,-0.8585587,-0.2905757,0.01053552,-0.1687241,0.5586284,-0.4191054,-4.446771,0.3087007,-0.06663584,2.069,-0.2545355,-0.03804984,0.9663149,-0.2042876,0.9787918,-0.01526991,-0.94524,-0.2012929,-0.2569103,moving,78.1476,49.32199,8.486093,-1.844675,78.44131644517054,50.38601533357903,86.43351875709605,87.30279663324632,109.2976375337028
05/18/2023 18:41:11.140178,3136,True,True,True,True,Eyes,1.959898,0.03055522,-3.493082,-0.9522256,-0.2337151,-0.1965801,0.0,0.0,0.0,0.0,0.0,0.0,0.0,3.872675,0.3077777,0.9393196,1.902485,0.03226727,-3.514849,0.07686647,-0.7860484,0.06857786,0.6095218,11.62554,255.36,357.821,0.5104166,0.007114643,-0.8598974,-0.2731411,0.009903388,-0.1586007,0.5336097,-0.4238546,-4.424832,0.3087006,-0.06930856,2.069,-0.2451497,-0.0372421,0.9687698,-0.2044409,0.9787772,-0.01410746,-0.9476844,-0.2015146,-0.2475607,moving,78.33557,49.93249,8.48609,-1.918609,78.60474355409443,50.96176857122173,86.99130027639661,87.82345875854634,109.08826052122363
05/18/2023 18:41:11.149878,3137,True,True,True,True,Eyes,1.956465,0.03048367,-3.494156,-0.9525874,-0.2350504,-0.1932059,0.0,0.0,0.0,0.0,0.0,0.0,0.0,3.864553,0.3103113,0.9626226,1.89298,0.03155671,-3.517575,0.07701758,-0.7833797,0.06873663,0.612911,11.66,255.8612,357.8695,0.5083191,0.00716621,-0.8611386,-0.2567526,0.009309185,-0.1490846,0.5098494,-0.4290016,-4.404109,0.3086997,-0.07205592,2.069002,-0.2368167,-0.03640913,0.9708719,-0.2049269,0.9786872,-0.01328389,-0.9496962,-0.2021036,-0.2392307,moving,78.53467,50.5806,8.486056,-1.994601,78.77781939280794,51.57298092572999,87.5840172834713,88.37656835519407,108.86713211961494
05/18/2023 18:41:11.170067,3138,True,True,True,True,Eyes,1.95277,0.03038906,-3.4953,-0.9529411,-0.2365642,-0.1895798,0.0,0.0,0.0,0.0,0.0,0.0,0.0,3.856336,0.3181985,0.9828243,1.88295,0.03104176,-3.520235,0.07816257,-0.7807494,0.06933376,0.6160471,11.80422,256.3284,357.8557,0.5063529,0.007210952,-0.8622958,-0.2413475,0.008750633,-0.1401396,0.4871653,-0.4372311,-4.383089,0.3087001,-0.07474749,2.069002,-0.2287533,-0.03662502,0.9727953,-0.2074765,0.9781669,-0.01196091,-0.9511181,-0.2045682,-0.2313578,moving,78.74838,51.29172,8.486071,-2.069043,78.96329901584032,52.24350738144607,88.22790428177272,88.97692283808126,108.63099693459316
05/18/2023 18:41:11.190491,3139,True,True,True,True,Eyes,1.948818,0.03025829,-3.496492,-0.9533208,-0.2380166,-0.1858161,0.0,0.0,0.0,0.0,0.0,0.0,0.0,3.84849,0.3225496,1.001617,1.872913,0.03040716,-3.522701,0.0782607,-0.7784191,0.06862637,0.6190554,11.75549,256.7663,357.8416,0.5044997,0.007248988,-0.863381,-0.2268666,0.008225596,-0.1317312,0.4655066,-0.4461103,-4.36237,0.3087008,-0.07751133,2.068999,-0.2212916,-0.0368722,0.9745105,-0.2068063,0.9783314,-0.00994472,-0.9530275,-0.2037356,-0.2241219,moving,78.97051,52.02136,8.486098,-2.14548,79.15626866876399,52.93156198502098,88.89375057095603,89.5977319811835,108.3865963957304
05/18/2023 18:41:11.206660,3140,True,True,True,True,Eyes,1.944621,0.0300821,-3.497742,-0.9536643,-0.2397185,-0.1818226,0.0,0.0,0.0,0.0,0.0,0.0,0.0,3.840706,0.327592,1.019271,1.862763,0.02940788,-3.525125,0.07855567,-0.7761102,0.06822768,0.6219541,11.74875,257.1923,357.8303,0.5027429,0.007280102,-0.8644049,-0.2132546,0.00773206,-0.1238273,0.444479,-0.4538527,-4.342919,0.3087001,-0.08018585,2.069,-0.2140041,-0.03706671,0.9761293,-0.2068047,0.978348,-0.008188353,-0.9546906,-0.2036204,-0.217036,moving,79.20572,52.82028,8.486074,-2.219435,79.36009616401446,53.68476460963945,89.61383016949192,90.26852470102536,108.12830851938848
05/18/2023 18:41:11.220646,3141,True,True,True,True,Eyes,1.940187,0.0298584,-3.499028,-0.9539998,-0.2414438,-0.1777337,0.0,0.0,0.0,0.0,0.0,0.0,0.0,3.832838,0.3365009,1.035346,1.852635,0.02817497,-3.527431,0.07951365,-0.7738072,0.06816933,0.6247023,11.8204,257.5989,357.7817,0.5010671,0.00730388,-0.8653771,-0.2004593,0.007268136,-0.1163977,0.4227936,-0.4542699,-4.324903,0.3086999,-0.08283575,2.069,-0.2068492,-0.03788539,0.977639,-0.2082275,0.978061,-0.006155123,-0.9559575,-0.2048446,-0.2102,moving,79.44658,53.64214,8.48607,-2.292704,79.56874786248352,54.45956924779775,90.35541352218159,90.95915353000106,107.86452756066758
05/18/2023 18:41:11.240077,3142,True,True,True,True,Eyes,1.935526,0.02958954,-3.50036,-0.9542839,-0.243417,-0.1734656,0.0,0.0,0.0,0.0,0.0,0.0,0.0,3.825258,0.3465401,1.049374,1.842484,0.02683106,-3.529646,0.08079056,-0.7715935,0.06846398,0.6272393,11.94676,257.9785,357.7278,0.49946,0.007319869,-0.8663056,-0.1884318,0.006832048,-0.1094138,0.4025908,-0.4604933,-4.306239,0.3086998,-0.08541533,2.069,-0.2000875,-0.03878833,0.97901,-0.2105615,0.9775712,-0.004302677,-0.956885,-0.2070027,-0.2037671,moving,79.69751,54.5253,8.486069,-2.364022,79.78560594217836,55.29198343093592,91.14529218185744,91.6942687981161,107.58968280931963
05/18/2023 18:41:11.250159,3143,True,True,True,True,Eyes,1.930636,0.02926667,-3.501718,-0.954548,-0.2454242,-0.1691305,0.0,0.0,0.0,0.0,0.0,0.0,0.0,3.817523,0.358486,1.062585,1.832312,0.02553342,-3.531722,0.08253792,-0.7693432,0.06920752,0.6296896,12.14786,258.3505,357.6643,0.4979098,0.007327734,-0.8671975,-0.1771259,0.006422125,-0.102849,0.382663,-0.4668556,-4.287384,0.3086999,-0.08824717,2.069001,-0.1933572,-0.03984146,0.9803193,-0.2141585,0.9767956,-0.002542137,-0.9574702,-0.2104352,-0.1974029,moving,79.95239,55.42791,8.486068,-2.442303,80.00577120359875,56.14269394347444,91.95866861189896,92.45144570636937,107.3088620400163
05/18/2023 18:41:11.270375,3144,True,True,True,True,Eyes,1.925531,0.02889252,-3.50307,-0.9547614,-0.2476354,-0.1646432,0.0,0.0,0.0,0.0,0.0,0.0,0.0,3.810104,0.3692757,1.07431,1.821935,0.02393878,-3.533749,0.08400655,-0.7672313,0.06970763,0.6320127,12.30702,258.7025,357.6071,0.4964059,0.00732695,-0.8680592,-0.1664983,0.006036798,-0.09667805,0.3609681,-0.4616843,-4.271047,0.3087001,-0.09075328,2.069002,-0.1870061,-0.04079269,0.9815115,-0.2170171,0.9761675,-0.0007773607,-0.9580879,-0.2131501,-0.191402,moving,80.2159,56.3816,8.486069,-2.511573,80.23299725117536,57.0414147462238,92.80934479510395,93.24258717443006,107.02058338078956
05/18/2023 18:41:11.290284,3145,True,True,True,True,Eyes,1.920211,0.02847048,-3.504444,-0.9549494,-0.2498699,-0.1601146,0.0,0.0,0.0,0.0,0.0,0.0,0.0,3.802992,0.3797817,1.084698,1.811741,0.0223993,-3.535625,0.08560885,-0.7651972,0.0705541,0.6341661,12.50683,259.0341,357.562,0.4949403,0.007317115,-0.8688958,-0.1565084,0.00567459,-0.09087736,0.3413995,-0.4655667,-4.252902,0.3087003,-0.09351872,2.069002,-0.1810091,-0.04152926,0.9826041,-0.2205013,0.9753865,0.0006048518,-0.9584439,-0.216556,-0.1857111,moving,80.48186,57.34859,8.486073,-2.588003,80.46225086502858,57.95264091687136,93.67917872289988,94.0517928905539,106.72776531783417
05/18/2023 18:41:11.306660,3146,True,True,True,True,Eyes,1.914683,0.02799547,-3.505843,-0.9551326,-0.252143,-0.1553888,0.0,0.0,0.0,0.0,0.0,0.0,0.0,3.795859,0.3908991,1.094624,1.801247,0.0208534,-3.5376,0.08712833,-0.7631942,0.07098693,0.6363208,12.66421,259.3619,357.4946,0.4935038,0.007297941,-0.8697126,-0.1471179,0.005334115,-0.08542472,0.322508,-0.4719254,-4.234178,0.3087003,-0.09621552,2.069001,-0.1750091,-0.04265077,0.9836427,-0.2233326,0.974739,0.002529509,-0.9589028,-0.2192368,-0.1801136,moving,80.75961,58.35561,8.486077,-2.662529,80.70172172858568,58.90160652112619,94.58687466728885,94.89595421317443,106.42377871658925
05/18/2023 18:41:11.325696,3147,True,True,True,True,Eyes,1.908947,0.02748021,-3.507254,-0.9552991,-0.2543788,-0.1506485,0.0,0.0,0.0,0.0,0.0,0.0,0.0,3.789156,0.3977315,1.103632,1.790687,0.01914042,-3.539345,0.08806985,-0.7613398,0.07145125,0.6383575,12.78172,259.675,357.4799,0.4920895,0.007269043,-0.8705138,-0.1382908,0.005014068,-0.08029924,0.3022727,-0.4679806,-4.218334,0.3087005,-0.09876482,2.068999,-0.1694871,-0.0428793,0.9845994,-0.225325,0.9742768,0.003642751,-0.9594285,-0.2212375,-0.1747891,moving,81.03838,59.36509,8.48609,-2.732971,80.94209578050464,59.85289812507045,95.49871184578262,95.74374020167046,106.1201633563996
05/18/2023 18:41:11.340121,3148,True,True,True,True,Eyes,1.903007,0.02692431,-3.508681,-0.9554628,-0.2566016,-0.1457613,0.0,0.0,0.0,0.0,0.0,0.0,0.0,3.783209,0.3997704,1.111476,1.779973,0.01767106,-3.54108,0.08845857,-0.7596487,0.07202916,0.6402507,12.86796,259.9705,357.5213,0.4906912,0.007230398,-0.8713031,-0.1299934,0.004713224,-0.07548128,0.2840634,-0.4721691,-4.200724,0.3087008,-0.1014617,2.069,-0.1645087,-0.04216147,0.9854743,-0.2266283,0.9739738,0.00383761,-0.9599879,-0.222705,-0.1697821,moving,81.32609,60.40148,8.486096,-2.80748,81.19028335432169,60.82958312399119,96.44188587020493,96.62077758898005,105.806928437063
05/18/2023 18:41:11.349920,3149,True,True,True,True,Eyes,1.896865,0.0263471,-3.510104,-0.9556257,-0.2587101,-0.1408848,0.0,0.0,0.0,0.0,0.0,0.0,0.0,3.777362,0.3991311,1.118937,1.769084,0.01615007,-3.542579,0.08826634,-0.7580891,0.0720999,0.6421151,12.86594,260.257,357.5759,0.489303,0.007181969,-0.8720839,-0.1221938,0.00443043,-0.0709524,0.2665877,-0.478557,-4.182539,0.3086997,-0.1041507,2.069002,-0.1597945,-0.04123459,0.9862888,-0.2264203,0.9740213,0.004038008,-0.9608328,-0.2226706,-0.1649797,moving,81.61348,61.42877,8.486059,-2.881758,81.43834741638025,61.797742868790166,97.38307714254066,97.49602154868965,105.49482949881357
05/18/2023 18:41:11.369916,3150,True,True,True,True,Eyes,1.890518,0.02575769,-3.51153,-0.9558178,-0.2606901,-0.1358421,0.0,0.0,0.0,0.0,0.0,0.0,0.0,3.771792,0.3971983,1.125508,1.758115,0.01486441,-3.543975,0.08786214,-0.7566414,0.07198185,0.6438888,12.83098,260.5283,357.6333,0.4879196,0.007124204,-0.8728591,-0.1148622,0.004164604,-0.06669526,0.2485641,-0.4772374,-4.166774,0.3087001,-0.1068214,2.069001,-0.1553751,-0.04026364,0.9870347,-0.2256569,0.9741977,0.004218011,-0.9617368,-0.2220758,-0.1604518,moving,81.91122,62.47659,8.486073,-2.955526,81.69566124147563,62.78535637759275,98.34944847943514,98.3946514108917,105.17398254350329
05/18/2023 18:41:11.390132,3151,True,True,True,True,Eyes,1.883968,0.02514874,-3.512947,-0.9560393,-0.2624345,-0.1308315,0.0,0.0,0.0,0.0,0.0,0.0,0.0,3.76599,0.3934529,1.132617,1.746843,0.01397921,-3.545228,0.08701914,-0.7552223,0.07130041,0.6457424,12.71369,260.8057,357.6879,0.4865364,0.007057725,-0.8736314,-0.1079704,0.003914728,-0.06269354,0.2296519,-0.4677568,-4.15423,0.3086998,-0.1094293,2.069001,-0.1508889,-0.03935418,0.9877672,-0.223521,0.9746879,0.004688601,-0.9629492,-0.2200792,-0.155866,moving,82.20763,63.50237,8.486064,-3.027549,81.9521588237832,63.7523092033826,99.30306851069062,99.28150155150249,104.8566765987704
05/18/2023 18:41:11.407223,3152,True,True,True,True,Eyes,1.877222,0.02452121,-3.514332,-0.9562852,-0.2640443,-0.1256946,0.0,0.0,0.0,0.0,0.0,0.0,0.0,3.760412,0.3896958,1.138767,1.735411,0.01305741,-3.546481,0.08580113,-0.7539659,0.06972818,0.6475428,12.48976,261.0641,357.7061,0.4851494,0.006982923,-0.874403,-0.1014922,0.003679845,-0.05893193,0.2103474,-0.4571595,-4.142065,0.3087005,-0.1121149,2.069001,-0.1466531,-0.0390783,0.9884157,-0.2196862,0.9755523,0.005974446,-0.9644847,-0.2162651,-0.1516528,moving,82.51194,64.54386,8.486084,-3.101706,82.21571584862102,64.73414801124741,100.27836235197049,100.18863060232165,104.5322676359924
05/18/2023 18:41:11.420206,3153,True,True,True,True,Eyes,1.870289,0.02386904,-3.515701,-0.9565485,-0.2654565,-0.1206144,0.0,0.0,0.0,0.0,0.0,0.0,0.0,3.754536,0.3885112,1.144568,1.724016,0.01197617,-3.547555,0.08470949,-0.7527352,0.06767596,0.6493337,12.23334,261.3151,357.6754,0.4837549,0.006900155,-0.8751759,-0.09540268,0.003459054,-0.05539602,0.2008025,-0.4843359,-4.12463,0.3087004,-0.1147884,2.069,-0.1423804,-0.03963905,0.989018,-0.2154162,0.9764885,0.008125282,-0.9660869,-0.2118936,-0.1475718,moving,82.81332,65.56458,8.486085,-3.175523,82.47694142856085,65.69647827301394,101.2409977390377,101.08412038684384,104.21228857815467
05/18/2023 18:41:11.440259,3154,True,True,True,True,Eyes,1.863187,0.02325836,-3.51708,-0.9566405,-0.2672859,-0.1157462,0.0,0.0,0.0,0.0,0.0,0.0,0.0,3.748585,0.3914146,1.149106,1.712607,0.01070322,-3.548578,0.08418934,-0.7515108,0.06567205,0.6510231,12.0242,261.5506,357.5957,0.4823498,0.00680958,-0.8759518,-0.08967852,0.003251511,-0.05207226,0.1841052,-0.4845213,-4.110672,0.3086999,-0.1174656,2.069,-0.1381625,-0.04103035,0.9895592,-0.2120464,0.9771987,0.01091187,-0.9674437,-0.2083249,-0.1437126,moving,83.10118,66.58533,8.486071,-3.249429,82.725568941518,66.65852710158308,102.19739749949586,101.97365042455587,103.9020142092576
05/18/2023 18:41:11.449922,3155,True,True,True,True,Eyes,1.85589,0.02275029,-3.518451,-0.9567282,-0.2690117,-0.1109233,0.0,0.0,0.0,0.0,0.0,0.0,0.0,3.742101,0.401634,1.153255,1.701357,0.01113461,-3.549632,0.08549353,-0.7500155,0.06501377,0.6526414,12.07055,261.7888,357.4574,0.4809322,0.006713057,-0.8767318,0.0,0.0,0.0,0.1654235,-0.4654406,-4.102232,0.3087006,-0.1202685,2.069,-0.1335,-0.04338161,0.9900989,-0.2131043,0.9769281,0.01407058,-0.9678658,-0.2091159,-0.1396648,moving,83.38664,67.59186,8.486091,-3.326792,82.9722331338521,67.60721055371259,103.14818196167349,102.85824268513691,103.59388133097049
05/18/2023 18:41:11.469852,3156,True,True,True,True,Eyes,1.848415,0.02224587,-3.519833,-0.9568218,-0.2705792,-0.1062026,0.0,0.0,0.0,0.0,0.0,0.0,0.0,3.735143,0.4128513,1.158035,1.689385,0.01308104,-3.550858,0.08661605,-0.7485055,0.06312148,0.6544103,11.99688,262.0359,357.243,0.4794986,0.006613723,-0.8775173,0.0,0.0,0.0,0.1530868,-0.4822376,-4.084585,0.3086995,-0.1228208,2.069001,-0.1284897,-0.04705049,0.990594,-0.2122799,0.9770267,0.01887131,-0.9687247,-0.2078584,-0.1355258,moving,83.66637,68.56995,8.486058,-3.397228,83.21410414153641,68.52914196240961,104.073791233437,103.7192536422289,103.29438995114958
05/18/2023 18:41:11.490291,3157,True,True,True,True,Eyes,1.84081,0.02172375,-3.521191,-0.9569246,-0.2720076,-0.1015244,0.0,0.0,0.0,0.0,0.0,0.0,0.0,3.730512,0.405705,1.161405,1.67761,0.0125847,-3.55185,0.08364786,-0.747839,0.05838429,0.6559964,11.36564,262.2315,357.1638,0.4780476,0.006512003,-0.8783094,0.0,0.0,0.0,0.1328615,-0.4629892,-4.073728,0.3087001,-0.125528,2.069001,-0.1253437,-0.04851049,0.9909267,-0.20171,0.9791886,0.0224213,-0.9713919,-0.1970695,-0.1325201,moving,83.94389,69.53236,8.486073,-3.471927,83.45421688571184,69.43634573167121,104.99289531574912,104.57456110538807,102.99690885813516
05/18/2023 18:41:11.506789,3158,True,True,True,True,Eyes,1.833069,0.02134506,-3.522538,-0.9567931,-0.2741604,-0.09686595,0.0,0.0,0.0,0.0,0.0,0.0,0.0,3.725737,0.4022416,1.164957,1.666887,0.01162103,-3.55266,0.08288141,-0.7467136,0.05775905,0.6574296,11.25853,262.4478,357.2045,0.4765776,0.006407628,-0.8791087,0.0,0.0,0.0,0.1187556,-0.4684083,-4.058302,0.3087008,-0.1282032,2.069001,-0.1218343,-0.04783231,0.9913974,-0.1997223,0.9795891,0.02271843,-0.9722487,-0.1952363,-0.1289008,moving,84.21906,70.54075,8.486093,-3.545732,83.69125749612854,70.38653464124191,105.94474553161857,105.45992991464315,102.69636684540048
05/18/2023 18:41:11.520334,3159,True,True,True,True,Eyes,1.82516,0.0210333,-3.523873,-0.9567734,-0.2758079,-0.092275,0.0,0.0,0.0,0.0,0.0,0.0,0.0,3.718238,0.4235266,1.169106,1.655824,0.01482485,-3.553801,0.08806025,-0.7444698,0.0616019,0.6589503,11.99206,262.7184,357.0741,0.4750873,0.006304473,-0.8799157,0.0,0.0,0.0,0.1077027,-0.4901666,-4.037449,0.3086998,-0.1308902,2.069001,-0.1160601,-0.04993121,0.9919864,-0.2123016,0.9769012,0.02433313,-0.9702877,-0.2077761,-0.1239797,moving,84.49121,71.50169,8.486062,-3.61985,83.92639486426553,71.29223950168864,106.86453244399425,106.31587358518101,102.40246877673758
05/18/2023 18:41:11.540338,3160,True,True,True,True,Eyes,1.624791,0.01561914,-3.555857,-0.9477347,-0.3182987,0.02202401,2.076436,-0.3431194,-0.6453077,-3.510126,0.8642378,-0.3641312,-0.347133,0.3023362,-0.2458073,2.058108,1.643906,0.01602638,-3.554884,0.08442616,-0.7438653,0.05752298,0.6604756,11.36752,262.9147,357.099,0.4735756,0.006204112,-0.880731,0.0,0.0,0.0,0.08961128,-0.4808629,-4.021919,0.3086993,-0.1334975,2.069,-0.1132885,-0.04961832,0.9923224,-0.2015884,0.9791267,0.02594415,-0.9728966,-0.1971015,-0.1209263,moving,-88.66876,-86.04185,8.486052,-3.69176,-74.39467994851647,-80.13836129074676,127.36009900185947,112.75326415331949,95.59879426109718
05/18/2023 18:41:11.550069,3161,True,True,True,True,Eyes,1.624332,0.01570713,-3.555894,-0.9476972,-0.3183958,0.02222986,2.075852,-0.342947,-0.6452354,-3.509748,0.8758826,-0.3593763,-0.3219914,0.2953331,-0.2501615,2.048955,1.633382,0.01813564,-3.555397,0.08347178,-0.7429758,0.05859564,0.6615029,11.39103,263.0888,357.2805,0.4668214,0.00595325,-0.8843313,-0.6011077,-0.01624248,-0.09595227,0.07022387,-0.4660994,-4.00524,0.3087,-0.1361816,2.068999,-0.1108927,-0.04651263,0.9927434,-0.2015574,0.979198,0.02336337,-0.973179,-0.1975039,-0.1179608,moving,-88.65628,-86.00619,8.486076,-3.765779,-74.38373590734511,-80.10469653859792,127.27970195863776,112.67225060556663,95.56251452492893
05/18/2023 18:41:11.569824,3162,True,True,True,True,Eyes,1.62344,0.01586429,-3.555961,-0.9477493,-0.3182195,0.02252774,0.0,0.0,0.0,0.0,0.0,0.0,0.0,3.70517,0.3934938,1.181331,1.621907,0.02035785,-3.556356,0.08418874,-0.7411653,0.05968246,0.6633431,11.54639,263.3873,357.3315,0.4611194,0.005741618,-0.8873193,-0.5650412,-0.01526793,-0.09019513,0.05457286,-0.4682853,-3.984203,0.3086996,-0.138884,2.068999,-0.1057762,-0.04561564,0.9933432,-0.2039755,0.9787005,0.02322289,-0.9732448,-0.2001612,-0.1128277,moving,-88.63835,-85.95061,8.486068,-3.840287,-74.36809605437365,-80.05226118048843,127.18198659795755,112.57476408874459,95.52259893669786
05/18/2023 18:41:11.590057,3163,True,True,True,True,Eyes,1.622146,0.01608633,-3.556063,-0.9478179,-0.3179842,0.02296352,0.0,0.0,0.0,0.0,0.0,0.0,0.0,3.702674,0.377282,1.181359,1.610633,0.02206813,-3.557122,0.08056141,-0.7408884,0.05563418,0.664454,10.92338,263.52,357.3474,0.4562823,0.00556479,-0.8898174,-0.5311388,-0.01435186,-0.08478343,0.04011989,-0.472475,-3.964414,0.3087003,-0.1415974,2.068999,-0.1040217,-0.04544131,0.9935365,-0.1933067,0.9808294,0.02462124,-0.9756086,-0.1894961,-0.1108117,moving,-88.61212,-85.8695,8.486087,-3.915084,-74.34521252450068,-79.97573880875824,127.06135566928249,112.45553517214982,95.47517583364944
05/18/2023 18:41:11.609088,3164,True,True,True,True,Eyes,1.620459,0.01635563,-3.556185,-0.9478575,-0.3178176,0.02362554,0.0,0.0,0.0,0.0,0.0,0.0,0.0,3.69646,0.3828363,1.187229,1.599717,0.02383043,-3.558121,0.08088645,-0.7394333,0.05385567,0.6661796,10.80197,263.7693,357.2069,0.4521549,0.005419084,-0.8919227,-0.4992704,-0.01349074,-0.07969642,0.02458479,-0.4709998,-3.94568,0.3086995,-0.1443798,2.068999,-0.09932423,-0.04786519,0.9939033,-0.1913754,0.9811139,0.02812446,-0.9764785,-0.1874152,-0.1066086,moving,-88.57219,-85.74863,8.486062,-3.991768,-74.31032688772831,-79.8616860074028,126.90346238532089,112.30087475749227,95.41377294302889
05/18/2023 18:41:11.620448,3165,True,True,True,True,Eyes,1.618403,0.01664406,-3.556341,-0.9479734,-0.3174119,0.02441793,0.0,0.0,0.0,0.0,0.0,0.0,0.0,3.689668,0.3865435,1.195463,1.588582,0.02528074,-3.559208,0.08078516,-0.7377983,0.05185037,0.6681609,10.62995,264.058,357.0887,0.4484388,0.005296083,-0.8937976,-0.4693142,-0.0126813,-0.07491464,0.01010274,-0.4730357,-3.925443,0.3087005,-0.1469037,2.069,-0.09406951,-0.04991752,0.9943135,-0.1884951,0.9815706,0.03144474,-0.9775586,-0.1844652,-0.1017451,moving,-88.5245,-85.60101,8.486088,-4.061315,-74.26872414340205,-79.72241659066415,126.7271716909944,112.12921665115906,95.3489540748135
05/18/2023 18:41:11.640318,3166,True,True,True,True,Eyes,1.61601,0.01693551,-3.556521,-0.9480308,-0.3171629,0.02540123,0.0,0.0,0.0,0.0,0.0,0.0,0.0,3.685286,0.3746494,1.20131,1.577684,0.02597227,-3.560208,0.07834776,-0.7367132,0.04968367,0.6698112,10.2627,264.2978,357.1525,0.4450432,0.005192771,-0.8954937,-0.4411554,-0.01192042,-0.07041977,-0.002740577,-0.4810577,-3.904238,0.3087007,-0.1495447,2.069001,-0.09042922,-0.04888229,0.9947025,-0.181997,0.9827863,0.0317512,-0.9791321,-0.1781616,-0.0977691,moving,-88.4652,-85.42102,8.486091,-4.134076,-74.21692485124711,-79.5525818974534,126.51924790886886,111.92738656243094,95.27116678641839
05/18/2023 18:41:11.650113,3167,True,True,True,True,Eyes,1.61329,0.017255,-3.556729,-0.9480532,-0.3170069,0.02649298,0.0,0.0,0.0,0.0,0.0,0.0,0.0,3.681533,0.3676409,1.204007,1.567205,0.02636894,-3.56113,0.0776197,-0.7356182,0.04987635,0.671084,10.22758,264.5003,357.2477,0.4419299,0.005107284,-0.8970348,-0.4146861,-0.0112052,-0.06619458,-0.01496457,-0.4897828,-3.883182,0.3087,-0.1522055,2.069001,-0.08724339,-0.0472545,0.9950657,-0.1811394,0.9829751,0.03079877,-0.9795802,-0.1775586,-0.0943178,moving,-88.39931,-85.22276,8.48607,-4.207369,-74.1593358648162,-79.36549495971863,126.29438006747284,111.70947591112012,95.18639499408232
05/18/2023 18:41:11.670355,3168,True,True,True,True,Eyes,1.61024,0.01758853,-3.556935,-0.9480475,-0.3169156,0.02776081,0.0,0.0,0.0,0.0,0.0,0.0,0.0,3.676845,0.3686588,1.207046,1.55662,0.02737996,-3.562055,0.0783564,-0.7342671,0.05064831,0.6724187,10.35551,264.717,357.2641,0.4390643,0.005038585,-0.8984412,-0.3898049,-0.01053288,-0.06222291,-0.025685,-0.5025421,-3.861921,0.3086999,-0.1548549,2.069,-0.08342695,-0.04695531,0.9954072,-0.1831828,0.98259,0.03099784,-0.9795327,-0.1797554,-0.0905759,moving,-88.32274,-84.99385,8.486069,-4.280339,-74.09238386248904,-79.14947401812486,126.04212136403291,111.46563710635012,95.0912814499718
05/18/2023 18:41:11.689871,3169,True,True,True,True,Eyes,1.606895,0.01791961,-3.55716,-0.9480612,-0.3167504,0.02914267,0.0,0.0,0.0,0.0,0.0,0.0,0.0,3.672288,0.3624304,1.210932,1.545656,0.02807968,-3.562803,0.07718871,-0.7331226,0.04952423,0.6738846,10.17453,264.9376,357.2962,0.4364156,0.004985387,-0.8997311,-0.3664166,-0.009900912,-0.05848953,-0.03611151,-0.5155004,-3.840559,0.3087003,-0.1576015,2.069,-0.07984298,-0.04643037,0.9957256,-0.1799248,0.9831785,0.0314179,-0.9804347,-0.1766472,-0.08685396,moving,-88.23933,-84.74329,8.486083,-4.355968,-74.01947409549014,-78.91303130678524,125.76934069300138,111.20217012526852,94.98936855031354
05/18/2023 18:41:11.710064,3170,True,True,True,True,Eyes,1.60326,0.0182674,-3.557384,-0.9479665,-0.316882,0.03074756,0.0,0.0,0.0,0.0,0.0,0.0,0.0,3.667597,0.3551226,1.216156,1.535208,0.02833343,-3.56353,0.07612269,-0.7318463,0.0491701,0.6754173,10.06697,265.1768,357.3805,0.4339561,0.004946103,-0.90092,-0.3444316,-0.009306857,-0.05498016,-0.04512366,-0.5312724,-3.818845,0.3087,-0.1603369,2.069,-0.0760335,-0.04499955,0.9960893,-0.1778409,0.9835753,0.03085928,-0.9811175,-0.1747991,-0.08278738,moving,-88.14225,-84.45785,8.486072,-4.431271,-73.93449651415175,-78.64362670868921,125.464281606276,110.9081775796041,94.8727198885686
05/18/2023 18:41:11.720352,3171,True,True,True,True,Eyes,1.599345,0.01863314,-3.557627,-0.9478694,-0.3170029,0.03244538,0.0,0.0,0.0,0.0,0.0,0.0,0.0,3.661617,0.3578727,1.222417,1.524621,0.02916414,-3.564337,0.07702071,-0.7301629,0.04989403,0.6770824,10.2044,265.4462,357.3846,0.4316608,0.004919786,-0.9020222,-0.3237657,-0.008748446,-0.05168135,-0.05535618,-0.5421605,-3.79771,0.3086997,-0.1629191,2.069001,-0.07125465,-0.04491059,0.9964466,-0.18004,0.9831568,0.03143718,-0.981075,-0.1771603,-0.07814026,moving,-88.03954,-84.15611,8.486062,-4.502344,-73.84458592530395,-78.3588358344947,125.14757001014907,110.60342207137688,94.75220068568841
05/18/2023 18:41:11.740352,3172,True,True,True,True,Eyes,1.595171,0.01899082,-3.557885,-0.9477211,-0.3172503,0.03430755,0.0,0.0,0.0,0.0,0.0,0.0,0.0,3.656368,0.3576199,1.227139,1.513977,0.02995902,-3.565076,0.07708071,-0.7287569,0.04965192,0.6786064,10.19409,265.6848,357.3819,0.4295079,0.004905628,-0.9030494,-0.3043398,-0.008223539,-0.04858047,-0.0656498,-0.5504679,-3.778197,0.3087,-0.1655858,2.069001,-0.06710388,-0.04495798,0.9967326,-0.1797344,0.9831865,0.03224657,-0.9814238,-0.1769833,-0.07405611,moving,-87.9268,-83.828,8.486066,-4.575728,-73.74583582435174,-78.04913207136346,124.8053017603657,110.27432513275097,94.62064886958399
05/18/2023 18:41:11.749896,3173,True,True,True,True,Eyes,1.590747,0.0193528,-3.558152,-0.9475068,-0.317668,0.0363034,0.0,0.0,0.0,0.0,0.0,0.0,0.0,3.651023,0.3538085,1.233028,1.50354,0.03016562,-3.565664,0.07665865,-0.7273036,0.04967602,0.6802097,10.1687,265.9397,357.4421,0.4274775,0.004902225,-0.9040124,-0.2860794,-0.007730127,-0.04566564,-0.07608964,-0.5575753,-3.760511,0.3087006,-0.1682788,2.069002,-0.06287646,-0.043928,0.9970542,-0.1790885,0.9833115,0.03202881,-0.9818218,-0.176547,-0.06969414,moving,-87.80581,-83.48047,8.48608,-4.649821,-73.6397713673596,-77.72106161972175,124.44436227299853,109.92752916589599,94.4799589646727
05/18/2023 18:41:11.770001,3174,True,True,True,True,Eyes,1.58609,0.01970909,-3.558381,-0.9471751,-0.3184038,0.03844817,0.0,0.0,0.0,0.0,0.0,0.0,0.0,3.644223,0.3575673,1.240863,1.493119,0.03067012,-3.566175,0.07814388,-0.7253463,0.05153946,0.6819898,10.44867,266.2413,357.4902,0.425552,0.004908633,-0.9049205,-0.2689146,-0.007266319,-0.0429257,-0.08705496,-0.5625495,-3.742677,0.3087001,-0.1708473,2.069002,-0.05756683,-0.04306396,0.9974126,-0.1836615,0.9824744,0.03181877,-0.9813025,-0.1813546,-0.06446712,moving,-87.6755,-83.11471,8.486067,-4.720472,-73.52537272419802,-77.37571386692355,124.06733461913387,109.56578122925481,94.32942125778557
05/18/2023 18:41:11.790394,3175,True,True,True,True,Eyes,1.581216,0.02005656,-3.558612,-0.9467705,-0.3193243,0.04071445,0.0,0.0,0.0,0.0,0.0,0.0,0.0,3.636958,0.3639176,1.249453,1.48283,0.03098672,-3.566691,0.08005867,-0.7232437,0.05362907,0.6838371,10.78172,266.5578,357.5229,0.4237164,0.004923751,-0.9057813,-0.2527797,-0.00683034,-0.04035016,-0.09846665,-0.5660544,-3.725544,0.3087003,-0.1735748,2.069001,-0.05191486,-0.04245674,0.9977486,-0.1891509,0.9814291,0.03192041,-0.9805747,-0.187068,-0.05898149,moving,-87.5376,-82.73389,8.486074,-4.795488,-73.40419101104209,-77.01609565235432,123.67271515888976,109.18714060389163,94.16906530360048
05/18/2023 18:41:11.807371,3176,True,True,True,True,Eyes,1.57613,0.02040029,-3.558856,-0.9463252,-0.3203478,0.04296341,0.0,0.0,0.0,0.0,0.0,0.0,0.0,3.629982,0.3693467,1.257153,1.472709,0.03116787,-3.56704,0.08187232,-0.721234,0.05580555,0.6855686,11.11366,266.8592,357.5713,0.4219568,0.004946504,-0.9066022,-0.2376129,-0.00642052,-0.03792915,-0.1089009,-0.5704598,-3.710492,0.3087004,-0.1763838,2.069001,-0.0465856,-0.04158116,0.9980487,-0.1946153,0.9803653,0.03176048,-0.979773,-0.1927559,-0.05376321,moving,-87.40054,-82.36137,8.486081,-4.872726,-73.28363268270967,-76.66426576743719,123.28314578950513,108.81319431912578,94.00803944264004
05/18/2023 18:41:11.820033,3177,True,True,True,True,Eyes,1.570832,0.0207385,-3.559097,-0.9458291,-0.3214805,0.04536008,0.0,0.0,0.0,0.0,0.0,0.0,0.0,3.621744,0.3782194,1.267435,1.46251,0.03148907,-3.567429,0.08411486,-0.7188948,0.05788019,0.6875792,11.4721,267.2061,357.5821,0.4202612,0.00497605,-0.9073893,-0.2233562,-0.006035288,-0.0356534,-0.1183985,-0.5785757,-3.696471,0.3087002,-0.178967,2.069001,-0.04031949,-0.04134502,0.9983311,-0.2005339,0.9791492,0.0324517,-0.9788569,-0.1988908,-0.04776992,moving,-87.25432,-81.96873,8.486075,-4.943735,-73.15492552517674,-76.29339313606073,122.87828567125295,108.42521239492523,93.83960701853043
05/18/2023 18:41:11.840136,3178,True,True,True,True,Eyes,1.565324,0.0210668,-3.559337,-0.9453639,-0.3224925,0.04780996,0.0,0.0,0.0,0.0,0.0,0.0,0.0,3.613735,0.3812408,1.278026,1.452071,0.0317255,-3.567667,0.08530717,-0.7166603,0.05948223,0.689625,11.70759,267.5558,357.6453,0.4186187,0.005011585,-0.9081481,-0.2099548,-0.005673171,-0.0335142,-0.129674,-0.5800958,-3.683773,0.3087001,-0.1815248,2.069001,-0.0342802,-0.04023164,0.9986023,-0.2043134,0.9783691,0.03240282,-0.9783053,-0.202917,-0.04175858,moving,-87.10484,-81.56724,8.486073,-5.014035,-73.02335066243035,-75.91416195396286,122.4663865880985,108.03061671521463,93.66915714428094
05/18/2023 18:41:11.862267,3179,True,True,True,True,Eyes,1.559614,0.02137161,-3.559569,-0.9448953,-0.3234737,0.05037553,0.0,0.0,0.0,0.0,0.0,0.0,0.0,3.606337,0.3799514,1.287824,1.441524,0.03183176,-3.567844,0.0854437,-0.7146769,0.06009421,0.6916105,11.77585,267.8851,357.7165,0.4170193,0.005052278,-0.9088833,-0.1973575,-0.005332781,-0.03150335,-0.1404449,-0.5836163,-3.671332,0.3087004,-0.184281,2.069,-0.02874843,-0.03900567,0.9988254,-0.2052528,0.9781761,0.03229164,-0.9782867,-0.2040834,-0.03612714,moving,-86.94827,-81.14826,8.486083,-5.08977,-72.88550525153933,-75.51839718895036,122.03528028241958,107.61750276929033,93.49044258046118
05/18/2023 18:41:11.869905,3180,True,True,True,True,Eyes,1.553704,0.0216553,-3.559805,-0.9444247,-0.3244288,0.05298951,0.0,0.0,0.0,0.0,0.0,0.0,0.0,3.59893,0.3793498,1.297106,1.430948,0.03157326,-3.567924,0.08543421,-0.7127632,0.06025707,0.6935695,11.7948,268.2051,357.7633,0.4154538,0.005097042,-0.9095997,-0.185516,-0.005012813,-0.02961314,-0.1501531,-0.5902604,-3.659387,0.3087,-0.1870198,2.069,-0.02332453,-0.03820378,0.9989977,-0.2053737,0.9781402,0.03261109,-0.9784057,-0.2044072,-0.0306607,moving,-86.78864,-80.72369,8.486073,-5.165007,-72.74491592060153,-75.11732992945512,121.5992825387011,107.19981830323063,93.30916477906666
05/18/2023 18:41:11.889872,3181,True,True,True,True,Eyes,1.547596,0.02192209,-3.560029,-0.9439436,-0.3253722,0.05570805,0.0,0.0,0.0,0.0,0.0,0.0,0.0,3.591197,0.3833869,1.305655,1.42023,0.03136952,-3.567966,0.08622047,-0.7107649,0.06068719,0.6954829,11.89966,268.5219,357.7655,0.4139148,0.005144933,-0.9103009,-0.1743851,-0.004712045,-0.02783636,-0.1591526,-0.5987926,-3.648204,0.3086999,-0.1896137,2.069,-0.01773934,-0.03815115,0.9991145,-0.2069788,0.9777662,0.03366106,-0.9781846,-0.2061984,-0.02524137,moving,-86.62254,-80.2844,8.486069,-5.23625,-72.59858057329878,-74.7023361006927,121.15226916709972,106.77198843598218,93.12319085499219
05/18/2023 18:41:11.907228,3182,True,True,True,True,Eyes,1.541296,0.02214914,-3.56024,-0.9434817,-0.3262245,0.05847895,0.0,0.0,0.0,0.0,0.0,0.0,0.0,3.582769,0.3893471,1.315091,1.409334,0.03123774,-3.567925,0.08691385,-0.7086987,0.06028626,0.697537,11.92908,268.8512,357.7104,0.4123954,0.00519522,-0.9109899,-0.163922,-0.004429322,-0.02616617,-0.1671861,-0.6100623,-3.637035,0.3087003,-0.1923701,2.069,-0.01177634,-0.03908765,0.9991664,-0.2072952,0.977623,0.03580165,-0.9782075,-0.2067008,-0.01961556,moving,-86.45323,-79.83711,8.486082,-5.311935,-72.44940779532917,-74.27978049653136,120.69579392760117,106.33492944862121,92.93337874460956
05/18/2023 18:41:11.920065,3183,True,True,True,True,Eyes,1.534822,0.02232275,-3.560437,-0.9429892,-0.3271167,0.06136715,0.0,0.0,0.0,0.0,0.0,0.0,0.0,3.574306,0.3944936,1.324586,1.398446,0.03052092,-3.567806,0.08731837,-0.7066578,0.05967887,0.6996061,11.91861,269.1814,357.6626,0.4108889,0.005246676,-0.91167,-0.1540867,-0.004163563,-0.0245962,-0.1757629,-0.6200001,-3.626616,0.3086999,-0.1949855,2.069,-0.005853521,-0.03990502,0.9991863,-0.2069118,0.9776279,0.03783185,-0.9783421,-0.206522,-0.01397944,moving,-86.2766,-79.3748,8.486069,-5.383733,-72.29370275677375,-73.84299805317062,120.22745706286085,105.88693260594873,92.73767050495323
05/18/2023 18:41:11.940156,3184,True,True,True,True,Eyes,1.528169,0.02245385,-3.560663,-0.9424661,-0.3280494,0.06435096,0.0,0.0,0.0,0.0,0.0,0.0,0.0,3.564735,0.4049813,1.335664,1.387756,0.02942949,-3.567718,0.08859892,-0.7043024,0.05950968,0.7018312,12.01622,269.5441,357.5818,0.4093905,0.005297812,-0.9123436,-0.1448415,-0.003913749,-0.02312043,-0.1835673,-0.6312984,-3.616651,0.3087003,-0.1976889,2.069,0.0008334164,-0.04126937,0.9991478,-0.2083324,0.9772177,0.04053735,-0.9780578,-0.2081886,-0.007783318,moving,-86.09395,-78.90164,8.48608,-5.457931,-72.13259672123861,-73.39592180205801,119.74706871768338,105.42742352208035,92.53525476081238
05/18/2023 18:41:11.950007,3185,True,True,True,True,Eyes,1.521346,0.02252118,-3.560873,-0.9419309,-0.3289625,0.06745143,0.0,0.0,0.0,0.0,0.0,0.0,0.0,3.555026,0.4161289,1.34649,1.37684,0.02855697,-3.567619,0.09019113,-0.7018719,0.0597435,0.7040399,12.17281,269.9111,357.5092,0.407895,0.005347578,-0.9130129,-0.136151,-0.003678924,-0.02173321,-0.1919865,-0.6412737,-3.607112,0.3086997,-0.2004229,2.069,0.007613062,-0.04248162,0.9990683,-0.2107288,0.9765925,0.04313172,-0.977515,-0.2108608,-0.001517225,moving,-85.90405,-78.41251,8.486063,-5.532946,-71.96504188189473,-72.93373107998352,119.25151689174803,104.95354260869786,92.32589326381114
05/18/2023 18:41:11.969928,3186,True,True,True,True,Eyes,1.514369,0.0225238,-3.561084,-0.9413375,-0.3299873,0.07065503,0.0,0.0,0.0,0.0,0.0,0.0,0.0,3.545335,0.4237603,1.358137,1.365943,0.02709727,-3.567488,0.09083591,-0.6995196,0.05917426,0.7063424,12.18739,270.2838,357.45,0.4063983,0.005394476,-0.9136798,-0.1279819,-0.003458189,-0.02042921,-0.2009454,-0.6496379,-3.597778,0.3087001,-0.2030234,2.069001,0.01434139,-0.04348843,0.9989511,-0.2106776,0.9764945,0.0455354,-0.9774505,-0.2111096,0.004842239,moving,-85.70753,-77.91463,8.486072,-5.604281,-71.79148668060752,-72.46319849008712,118.74856306598495,104.47296911481294,92.11078186316311
05/18/2023 18:41:11.990248,3187,True,True,True,True,Eyes,1.50723,0.02246979,-3.561282,-0.9406899,-0.3310943,0.07402053,0.0,0.0,0.0,0.0,0.0,0.0,0.0,3.534538,0.4351186,1.371308,1.355263,0.02557177,-3.567264,0.09261601,-0.6967704,0.06005512,0.7087502,12.41391,270.6962,357.4215,0.4048967,0.005437136,-0.9143459,-0.120303,-0.003250697,-0.01920346,-0.2104066,-0.6564776,-3.588933,0.3087003,-0.2057104,2.069001,0.02180857,-0.04393606,0.9987964,-0.2141923,0.9756313,0.04759395,-0.9765481,-0.2149725,0.01186638,moving,-85.50081,-77.39799,8.486077,-5.677972,-71.60878751024163,-71.97487235401125,118.22561444065788,103.97339235335001,91.8847596323645
05/18/2023 18:41:12.007867,3188,True,True,True,True,Eyes,1.499935,0.02234806,-3.561495,-0.9400445,-0.3321317,0.07749043,0.0,0.0,0.0,0.0,0.0,0.0,0.0,3.522987,0.445214,1.386655,1.344214,0.0241856,-3.567207,0.09408596,-0.6938071,0.06065551,0.7114075,12.59355,271.1484,357.4011,0.403387,0.005474529,-0.9150127,-0.1130848,-0.003055656,-0.01805125,-0.2210175,-0.6602886,-3.580296,0.3086998,-0.2084184,2.069001,0.02990512,-0.04425348,0.9985727,-0.2168566,0.9749374,0.04970047,-0.9757454,-0.2180334,0.01955898,moving,-85.28761,-76.86712,8.486066,-5.752222,-71.42032360140904,-71.47307807741738,117.68955360652609,103.46140354103446,91.65297280179713
05/18/2023 18:41:12.020378,3189,True,True,True,True,Eyes,1.492495,0.02216591,-3.561693,-0.939375,-0.3331574,0.08112159,0.0,0.0,0.0,0.0,0.0,0.0,0.0,3.512358,0.4458096,1.402483,1.333242,0.0224134,-3.567117,0.09372482,-0.6911297,0.06031048,0.7140856,12.54579,271.5916,357.4506,0.4018663,0.005505431,-0.9156815,-0.1062997,-0.002872316,-0.01696818,-0.2320407,-0.6627195,-3.572143,0.3086999,-0.2111272,2.069,0.03740495,-0.0434183,0.9983566,-0.2156857,0.9751566,0.05049037,-0.9757463,-0.2172198,0.02711102,moving,-85.06436,-76.31516,8.486069,-5.826472,-71.22290020759065,-70.9513127245348,117.13384609943185,102.93087316997104,91.41189667360703
05/18/2023 18:41:12.040307,3190,True,True,True,True,Eyes,1.484901,0.02194977,-3.561915,-0.9387012,-0.3341215,0.0848701,0.0,0.0,0.0,0.0,0.0,0.0,0.0,3.501478,0.4475372,1.418472,1.322319,0.02078767,-3.567035,0.09384745,-0.6883131,0.06066703,0.7167549,12.59435,272.0456,357.5202,0.4003319,0.005528937,-0.9163533,-0.09992174,-0.002699977,-0.01595009,-0.2443089,-0.6618155,-3.563794,0.3087001,-0.2137116,2.069001,0.04508935,-0.04222606,0.9980901,-0.2161596,0.9750243,0.05101538,-0.9753163,-0.218047,0.03483568,moving,-84.83381,-75.74774,8.486073,-5.897292,-71.01897163332347,-70.41490913443837,116.56622859531142,102.38933070810032,91.16559657560545
05/18/2023 18:41:12.050146,3191,True,True,True,True,Eyes,1.477152,0.02167698,-3.562119,-0.9380873,-0.3348244,0.08879645,0.0,0.0,0.0,0.0,0.0,0.0,0.0,3.489774,0.4494499,1.436022,1.311113,0.01972617,-3.56697,0.09377549,-0.6853585,0.06037302,0.7196144,12.57508,272.5239,357.5543,0.3987816,0.005544894,-0.9170288,0.0,0.0,0.0,-0.2578263,-0.65763,-3.55642,0.3087001,-0.2164634,2.069,0.05327747,-0.04164908,0.9977109,-0.2154303,0.9751225,0.05221005,-0.9750648,-0.2177187,0.04297958,moving,-84.59267,-75.1469,8.486076,-5.972684,-70.80581706602183,-69.84698078091385,115.96863850260195,101.81910476550902,90.90972553808717
05/18/2023 18:41:12.070171,3192,True,True,True,True,Eyes,1.469266,0.02138182,-3.562327,-0.9374503,-0.3355185,0.09281313,0.0,0.0,0.0,0.0,0.0,0.0,0.0,3.478218,0.4417453,1.455539,1.299647,0.01804468,-3.566836,0.09148333,-0.6825902,0.05837497,0.722699,12.23502,273.015,357.624,0.3972135,0.005552595,-0.9177092,0.0,0.0,0.0,-0.2715693,-0.6526313,-3.549351,0.3086998,-0.2191148,2.069,0.06132596,-0.04051619,0.9972952,-0.2092663,0.9764464,0.05253747,-0.975934,-0.2119222,0.05140281,moving,-84.34581,-74.53717,8.486066,-6.045301,-70.5875034141477,-69.27060011827727,115.36417693891174,101.24261863706246,90.64951193389865
05/18/2023 18:41:12.090153,3193,True,True,True,True,Eyes,1.461233,0.02104831,-3.562526,-0.936828,-0.3360627,0.09703165,0.0,0.0,0.0,0.0,0.0,0.0,0.0,3.465091,0.4462594,1.475606,1.288523,0.01718882,-3.566908,0.09161364,-0.6793189,0.0576994,0.7258124,12.20331,273.535,357.6128,0.3956257,0.005552279,-0.9183948,0.0,0.0,0.0,-0.2846672,-0.6496673,-3.542862,0.3086996,-0.2217361,2.069,0.0703933,-0.04071186,0.9966882,-0.2082276,0.9765555,0.05459604,-0.975544,-0.2113812,0.06026562,moving,-84.08669,-73.89494,8.486061,-6.117076,-70.35839006088247,-68.66351761398376,114.73252841330788,100.64047307948911,90.37921199586386
05/18/2023 18:41:12.107587,3194,True,True,True,True,Eyes,1.257103,0.01179947,-3.567712,-0.9159635,-0.3461075,0.203028,0.0,0.0,0.0,0.0,0.0,0.0,0.0,3.451203,0.4462646,1.498118,1.276979,0.01590602,-3.566985,0.09062131,-0.6759379,0.05610584,0.7292106,12.00589,274.0917,357.6162,0.3940167,0.00554375,-0.9190863,0.0,0.0,0.0,-0.2945341,-0.654206,-3.536114,0.3086994,-0.2244669,2.069,0.07992031,-0.04068281,0.9959707,-0.2043347,0.9772798,0.05631591,-0.9756333,-0.2080121,0.06979154,moving,-77.50217,-59.60395,8.486057,-6.191832,-64.49743386056565,-55.13589547190511,101.22662461946193,87.8755443074815,84.13474481363686
05/18/2023 18:41:12.120267,3195,True,True,True,True,Eyes,1.256652,0.01175165,-3.567717,-0.915898,-0.3460779,0.2033745,0.0,0.0,0.0,0.0,0.0,0.0,0.0,3.438765,0.4410957,1.518717,1.265725,0.01462327,-3.567058,0.08921637,-0.6728062,0.05521885,0.7323409,11.82814,274.6146,357.7063,0.386757,0.005243678,-0.9221665,-0.6123884,-0.02774653,-0.01555824,-0.3063676,-0.6533604,-3.52975,0.3086998,-0.2270746,2.069,0.08856533,-0.03917262,0.9952998,-0.2009287,0.9779826,0.05637041,-0.9755941,-0.2049767,0.07874443,moving,-77.48064,-59.55915,8.486071,-6.263198,-64.47823274855546,-55.093468167707314,101.14709041659984,87.79626931802257,84.09083875644235
05/18/2023 18:41:12.140183,3196,True,True,True,True,Eyes,1.255764,0.01171601,-3.567718,-0.9158071,-0.3460275,0.2038682,0.0,0.0,0.0,0.0,0.0,0.0,0.0,3.42575,0.4415719,1.539001,1.254461,0.0134232,-3.567271,0.08889354,-0.6694755,0.05493966,0.7354469,11.78937,275.1459,357.7628,0.3806394,0.004994515,-0.9247098,-0.5756451,-0.02608174,-0.01462475,-0.3245617,-0.6350434,-3.525285,0.3087001,-0.2296964,2.069,0.09756835,-0.03821369,0.9944949,-0.1998345,0.9781592,0.05719142,-0.9749597,-0.2043145,0.08780095,moving,-77.45,-59.49479,8.486076,-6.334926,-64.45091864777899,-55.03252344190917,101.04939534097308,87.69983571743096,84.03839981281331
05/18/2023 18:41:12.150069,3197,True,True,True,True,Eyes,1.254435,0.01172803,-3.567719,-0.9157058,-0.3458293,0.2046583,0.0,0.0,0.0,0.0,0.0,0.0,0.0,3.414233,0.4393727,1.556194,1.243067,0.01367106,-3.567405,0.08827297,-0.6665385,0.05426716,0.738234,11.6934,275.6183,357.8023,0.3754586,0.004787193,-0.9268265,-0.5411064,-0.02451683,-0.01374726,-0.3358952,-0.6347251,-3.51859,0.3087,-0.2323794,2.069001,0.105563,-0.03755094,0.9937034,-0.1977984,0.9785259,0.05798991,-0.974542,-0.2026745,0.09586864,moving,-77.40157,-59.38338,8.486071,-6.408307,-64.40793142755943,-54.927130950804695,100.91107588317654,87.56490088773138,83.9694804402184
05/18/2023 18:41:12.170358,3198,True,True,True,True,Eyes,1.252688,0.01181818,-3.567692,-0.9156008,-0.3455662,0.2055705,0.0,0.0,0.0,0.0,0.0,0.0,0.0,3.401676,0.4373655,1.574934,1.231198,0.01479082,-3.567497,0.08721461,-0.6634996,0.05221858,0.741239,11.45439,276.1104,357.7592,0.3710438,0.004615282,-0.9286036,-0.50864,-0.02304582,-0.01292243,-0.3376052,-0.6602046,-3.509811,0.3086998,-0.2351586,2.069,0.1140831,-0.03832082,0.9927319,-0.1931466,0.9793336,0.05999973,-0.974515,-0.1985877,0.1043239,moving,-77.34581,-59.25243,8.486066,-6.484301,-64.35848938015845,-54.80328050848259,100.75508114154847,87.41311703213728,83.89320572925574
05/18/2023 18:41:12.190207,3199,True,True,True,True,Eyes,1.250521,0.01189169,-3.567659,-0.9155787,-0.3449178,0.206754,0.0,0.0,0.0,0.0,0.0,0.0,0.0,3.390232,0.4297797,1.592436,1.219333,0.01672554,-3.567517,0.0853921,-0.6607211,0.04992456,0.7440857,11.13086,276.5728,357.7487,0.3670974,0.004466632,-0.9301715,-0.4781216,-0.02166307,-0.01214708,-0.3560703,-0.6398412,-3.504918,0.3087,-0.237709,2.069,0.1219105,-0.03854441,0.9917924,-0.187137,0.9804315,0.06110566,-0.9747397,-0.1930505,0.1123118,moving,-77.27502,-59.06027,8.486071,-6.554019,-64.29621765936784,-54.62179121481049,100.55779991420496,87.22254449504699,83.80692875218304
05/18/2023 18:41:12.207553,3200,True,True,True,True,Eyes,1.248008,0.01197821,-3.567634,-0.9154938,-0.3443299,0.2081055,0.0,0.0,0.0,0.0,0.0,0.0,0.0,3.378694,0.4182517,1.610383,1.207104,0.01630655,-3.567419,0.08185997,-0.658105,0.04568558,0.7470675,10.51201,277.0334,357.6985,0.3634898,0.004334792,-0.9315879,-0.4494343,-0.02036329,-0.01141826,-0.3658922,-0.6403127,-3.498616,0.3086999,-0.2404562,2.069,0.1296214,-0.03948447,0.9907772,-0.1760053,0.9824235,0.06217801,-0.9758179,-0.1824416,0.1203937,moving,-77.19343,-58.85215,8.486072,-6.629095,-64.22418916963397,-54.4251155401458,100.34054283539147,87.01288214299319,83.70852222217778
05/18/2023 18:41:12.220463,3201,True,True,True,True,Eyes,1.245115,0.01218749,-3.567606,-0.9152778,-0.3439581,0.2096645,0.0,0.0,0.0,0.0,0.0,0.0,0.0,3.368964,0.4142491,1.623658,1.196332,0.01668903,-3.567392,0.08082046,-0.6556595,0.04446111,0.7494011,10.33694,277.4266,357.708,0.3601801,0.004218452,-0.932873,-0.4224682,-0.01914149,-0.01073316,-0.3748062,-0.6457672,-3.488797,0.3087004,-0.2430875,2.069,0.1362676,-0.03934299,0.9898907,-0.1726198,0.9829826,0.06283118,-0.9755172,-0.1794366,0.1271573,moving,-77.09775,-58.63501,8.486083,-6.700979,-64.13920519974793,-54.21967425669903,100.10862124153368,86.7897395145041,83.59699106739866
05/18/2023 18:41:12.240081,3202,True,True,True,True,Eyes,1.241854,0.0125847,-3.567568,-0.915079,-0.3434533,0.2113531,0.0,0.0,0.0,0.0,0.0,0.0,0.0,3.354908,0.435671,1.638267,1.18433,0.01988028,-3.567367,0.08414166,-0.6522517,0.04396089,0.7520342,10.59712,277.8927,357.4552,0.35713,0.004119326,-0.9340453,-0.3971201,-0.017993,-0.01008917,-0.3924923,-0.6251428,-3.48574,0.3087001,-0.2458283,2.069001,0.1452704,-0.04364288,0.988429,-0.1758833,0.9819753,0.06920769,-0.9736332,-0.1839019,0.1349758,moving,-76.99462,-58.39284,8.486073,-6.775832,-64.04775995863808,-53.99063343678002,99.85621858768894,86.54706464338452,83.47821702492162
05/18/2023 18:41:12.250176,3203,True,True,True,True,Eyes,1.238235,0.01312679,-3.567514,-0.9148769,-0.3428343,0.2132246,0.0,0.0,0.0,0.0,0.0,0.0,0.0,3.344238,0.4330344,1.651679,1.172238,0.02472998,-3.567175,0.0825281,-0.6498921,0.03927901,0.7545108,10.11305,278.2733,357.2055,0.354306,0.004040702,-0.9351205,-0.3732929,-0.01691342,-0.009483821,-0.4037303,-0.622472,-3.478864,0.3087002,-0.2484567,2.069,0.152195,-0.04799584,0.9871844,-0.1665416,0.9832926,0.07348245,-0.974218,-0.1755909,0.1416588,moving,-76.88063,-58.12059,8.486076,-6.847597,-63.94677304370589,-53.73318803281614,99.58109411162584,86.28311692958694,83.35095359391669
05/18/2023 18:41:12.270432,3204,True,True,True,True,Eyes,1.23431,0.01360676,-3.567427,-0.9147183,-0.3419595,0.2153005,0.0,0.0,0.0,0.0,0.0,0.0,0.0,3.330256,0.4452934,1.667286,1.160045,0.02870586,-3.56682,0.08310181,-0.6468586,0.0350305,0.757259,9.856358,278.7181,356.8315,0.3516774,0.003984381,-0.9361125,-0.3508953,-0.01589862,-0.008914791,-0.4156986,-0.6182393,-3.47067,0.3086997,-0.2510792,2.069,0.1606937,-0.05445592,0.9855011,-0.1605645,0.9837339,0.08053962,-0.9738567,-0.1711787,0.1493361,moving,-76.75517,-57.80515,8.486063,-6.919176,-63.83592769352394,-53.43505264700979,99.27461988488783,85.98951748971496,83.21437544984006
05/18/2023 18:41:12.290040,3205,True,True,True,True,Eyes,1.230129,0.01408199,-3.567333,-0.9143355,-0.3415351,0.2175873,0.0,0.0,0.0,0.0,0.0,0.0,0.0,3.318199,0.4356138,1.685166,1.148685,0.02774754,-3.566475,0.0794697,-0.644204,0.03002311,0.7601213,9.1776,279.1728,356.7047,0.3492177,0.003946511,-0.9370331,-0.3298416,-0.0149447,-0.008379904,-0.4298744,-0.6071152,-3.463484,0.3086997,-0.253749,2.069,0.1681996,-0.056747,0.9841182,-0.1480318,0.9855664,0.08213121,-0.9745744,-0.1594952,0.1573715,moving,-76.61412,-57.49935,8.486062,-6.992024,-63.71037107646215,-53.14558374609671,98.95974411902752,85.68824905551868,83.06054479413508
05/18/2023 18:41:12.307881,3206,True,True,True,True,Eyes,1.225661,0.01463794,-3.567226,-0.9137169,-0.3416063,0.2200604,0.0,0.0,0.0,0.0,0.0,0.0,0.0,3.302829,0.4593247,1.701596,1.138331,0.02820092,-3.5663,0.0840651,-0.6403637,0.032795,0.7627529,9.801963,279.6826,356.6469,0.3469046,0.00392515,-0.937892,-0.3100511,-0.01404802,-0.00787711,-0.4400212,-0.6076959,-3.456996,0.3086995,-0.2564751,2.069001,0.1777178,-0.05763551,0.9823922,-0.1576934,0.9837151,0.08624034,-0.9713645,-0.1702432,0.1657349,moving,-76.45872,-57.21064,8.486056,-7.066386,-63.57111559799269,-52.87178318628706,98.64107247443478,85.38366582722998,82.89023842617392
05/18/2023 18:41:12.320516,3207,True,True,True,True,Eyes,1.220914,0.0151971,-3.567082,-0.9131964,-0.3412672,0.2227307,0.0,0.0,0.0,0.0,0.0,0.0,0.0,3.287475,0.4835282,1.716374,1.126926,0.03066716,-3.565996,0.08828274,-0.6366767,0.03370381,0.765319,10.25595,280.167,356.456,0.3447166,0.003920805,-0.9386984,-0.2914481,-0.01320514,-0.007404483,-0.4483263,-0.6136097,-3.450206,0.3086996,-0.2590913,2.069001,0.1870138,-0.06082679,0.9804724,-0.1640034,0.9821404,0.09221207,-0.9685705,-0.1780458,0.1736981,moving,-76.29305,-56.86921,8.486057,-7.137724,-63.4233027113758,-52.54839969246164,98.2889499561657,85.04754835352965,82.71347766369271
05/18/2023 18:41:12.341265,3208,True,True,True,True,Eyes,1.215938,0.0157789,-3.566904,-0.9125165,-0.3411788,0.2256339,0.0,0.0,0.0,0.0,0.0,0.0,0.0,3.276197,0.4677345,1.732783,1.115487,0.0312083,-3.565037,0.08438597,-0.6341942,0.02956463,0.7679862,9.62006,280.5994,356.4165,0.3426352,0.003931889,-0.9394601,-0.2739612,-0.01241283,-0.006960214,-0.4604022,-0.6091596,-3.44335,0.3086996,-0.2618273,2.069001,0.1938474,-0.06162374,0.9790945,-0.1524446,0.9840099,0.0921151,-0.9691151,-0.1671139,0.1813535,moving,-76.11131,-56.52189,8.486059,-7.212313,-63.26062937254699,-52.21913505451396,97.91909530648805,84.69475381553484,82.51933626477916
05/18/2023 18:41:12.349896,3209,True,True,True,True,Eyes,1.210704,0.01641274,-3.566692,-0.911725,-0.3411729,0.2288197,0.0,0.0,0.0,0.0,0.0,0.0,0.0,3.258261,0.4794183,1.754882,1.104975,0.03239743,-3.564224,0.08647992,-0.6300222,0.03032985,0.7711507,9.880571,281.1901,356.3807,0.3406444,0.003957484,-0.9401836,-0.2575235,-0.01166806,-0.006542601,-0.4711489,-0.607419,-3.435489,0.3086993,-0.2645468,2.069,0.2043044,-0.06219076,0.9769298,-0.1557463,0.9832027,0.09516115,-0.9664382,-0.171595,0.1911866,moving,-75.91122,-56.15082,8.486054,-7.286424,-63.081313934420734,-51.86721947183657,97.5224541071229,84.31687540440808,82.30776293034344
05/18/2023 18:41:12.370338,3210,True,True,True,True,Eyes,1.205245,0.01700748,-3.566419,-0.9110013,-0.3407584,0.2322936,0.0,0.0,0.0,0.0,0.0,0.0,0.0,3.237258,0.4919899,1.781061,1.093533,0.03429373,-3.563296,0.08806825,-0.6253487,0.02934204,0.7748046,9.972145,281.857,356.2347,0.3387296,0.003997548,-0.940875,-0.2420721,-0.01096798,-0.006150045,-0.4791236,-0.6138862,-3.426804,0.3086997,-0.2671413,2.069,0.216156,-0.06467805,0.9742142,-0.1556154,0.9827661,0.09977334,-0.9638778,-0.1731694,0.2023659,moving,-75.69514,-55.71791,8.486064,-7.357105,-62.88828641789918,-51.45705335773263,97.08368847101784,83.89936437620818,82.08451003353183
05/18/2023 18:41:12.390069,3211,True,True,True,True,Eyes,1.199607,0.01755196,-3.566113,-0.9101046,-0.3405908,0.2360244,0.0,0.0,0.0,0.0,0.0,0.0,0.0,3.220477,0.4747767,1.806767,1.082536,0.03389686,-3.562058,0.08387247,-0.6217201,0.02543836,0.7783204,9.334056,282.4575,356.241,0.3368778,0.004049633,-0.9415394,-0.2275478,-0.0103099,-0.005781042,-0.488808,-0.615381,-3.419308,0.3086999,-0.2698197,2.069,0.2256342,-0.06469201,0.9720619,-0.1438888,0.9846366,0.09892824,-0.9635276,-0.1621904,0.2128593,moving,-75.46133,-55.27861,8.48607,-7.430051,-62.67886131213648,-51.04050007897283,96.62634508836854,83.46447578180064,81.84264998649249
05/18/2023 18:41:12.407884,3212,True,True,True,True,Eyes,1.193771,0.01809637,-3.565794,-0.9089833,-0.340844,0.2399472,0.0,0.0,0.0,0.0,0.0,0.0,0.0,3.200046,0.4876204,1.831527,1.072593,0.03328579,-3.561039,0.08617925,-0.6170787,0.0270439,0.7817004,9.6779,283.1089,356.2729,0.3350785,0.004111235,-0.9421809,-0.2138949,-0.009691304,-0.00543418,-0.498453,-0.6166472,-3.410799,0.3087002,-0.2725246,2.069,0.2369652,-0.06407829,0.9694026,-0.1486392,0.9836835,0.1013563,-0.9600801,-0.1681091,0.2235742,moving,-75.21277,-54.85524,8.486079,-7.50369,-62.45538690167618,-50.63852018223493,96.16478883316545,83.02593064295594,81.58456965898962
05/18/2023 18:41:12.420388,3213,True,True,True,True,Eyes,1.187758,0.01864781,-3.565423,-0.9077491,-0.3411721,0.2441172,0.0,0.0,0.0,0.0,0.0,0.0,0.0,3.177189,0.5112854,1.856378,1.0621,0.0339155,-3.559899,0.09048168,-0.6119523,0.02931636,0.7851548,10.25123,283.7957,356.2298,0.3333221,0.004181415,-0.9428034,-0.2010612,-0.009109825,-0.005108129,-0.504421,-0.6282349,-3.400414,0.3087002,-0.2752117,2.069,0.2493099,-0.06470518,0.9662597,-0.1567767,0.9819072,0.1062038,-0.9556493,-0.1779647,0.2346549,moving,-74.9478,-54.41532,8.486077,-7.57682,-62.21693983254004,-50.22067321310479,95.68206160770747,82.56763776494559,81.31095572595723
05/18/2023 18:41:12.440287,3214,True,True,True,True,Eyes,1.181589,0.01919025,-3.565009,-0.9063591,-0.3417424,0.2484458,0.0,0.0,0.0,0.0,0.0,0.0,0.0,3.157321,0.5127952,1.880914,1.051821,0.03465559,-3.558362,0.09102263,-0.6075221,0.03012831,0.788495,10.37844,284.4387,356.3229,0.3316005,0.004259522,-0.94341,-0.1889975,-0.008563235,-0.004801641,-0.5094525,-0.641842,-3.389588,0.3086999,-0.2778383,2.069,0.2600185,-0.06308447,0.9635408,-0.1581085,0.9816143,0.1069345,-0.9525713,-0.180149,0.2452637,moving,-74.67095,-53.98295,8.48607,-7.648282,-61.9672784652436,-49.80962134674036,95.19449266607089,82.10513288142246,81.02553263533086
05/18/2023 18:41:12.450231,3215,True,True,True,True,Eyes,1.175272,0.01972578,-3.564543,-0.9047878,-0.3425466,0.2530235,0.0,0.0,0.0,0.0,0.0,0.0,0.0,3.136087,0.5180274,1.90639,1.041929,0.03505029,-3.556806,0.0927506,-0.6026955,0.03282567,0.7918826,10.74643,285.1227,356.5096,0.3299057,0.004344593,-0.9440036,-0.1776577,-0.008049442,-0.004513543,-0.5142118,-0.6555791,-3.379091,0.3086998,-0.2806084,2.069001,0.2713613,-0.05981258,0.9606174,-0.1637889,0.9806396,0.1073274,-0.9484389,-0.1864629,0.256311,moving,-74.37637,-53.54841,8.486064,-7.723618,-61.70113851544532,-49.396132387983215,94.6894636707148,81.62623262383731,80.72112531465055
05/18/2023 18:41:12.470376,3216,True,True,True,True,Eyes,1.168822,0.02022788,-3.564037,-0.9031516,-0.3433431,0.2577455,0.0,0.0,0.0,0.0,0.0,0.0,0.0,3.113672,0.5272033,1.932045,1.031999,0.03547973,-3.555194,0.09494007,-0.5976955,0.03528768,0.7952996,11.13925,285.8208,356.6484,0.3282326,0.004435739,-0.9445863,-0.1669982,-0.007566475,-0.00424273,-0.5184084,-0.6700395,-3.367269,0.3087004,-0.2831644,2.069001,0.28303,-0.05736193,0.9573944,-0.1696191,0.9794824,0.108829,-0.9439935,-0.1931942,0.2674932,moving,-74.07207,-53.10468,8.486079,-7.793108,-61.426118170486575,-48.97381873701749,94.17529677902472,81.13917826802845,80.40965577462156
05/18/2023 18:41:12.490459,3217,True,True,True,True,Eyes,1.162251,0.02073137,-3.563481,-0.9013516,-0.3443728,0.2626263,0.0,0.0,0.0,0.0,0.0,0.0,0.0,3.093581,0.5284407,1.955521,1.02247,0.03520931,-3.553431,0.09559856,-0.5932616,0.03698374,0.7984573,11.33498,286.459,356.8212,0.3265756,0.004531501,-0.94516,-0.1569783,-0.007112486,-0.003988166,-0.5242221,-0.6801951,-3.35506,0.3087001,-0.2858489,2.069001,0.2933459,-0.05437002,0.9544591,-0.1724897,0.9789862,0.1087806,-0.9403167,-0.1965448,0.2778033,moving,-73.75549,-52.67006,8.486071,-7.866069,-61.1394808798906,-48.55975124787711,93.6540013306682,80.64547879125354,80.08446295873688
05/18/2023 18:41:12.507437,3218,True,True,True,True,Eyes,1.155532,0.02123065,-3.56291,-0.8995439,-0.3453706,0.2674693,0.0,0.0,0.0,0.0,0.0,0.0,0.0,3.073104,0.5423201,1.975911,1.012957,0.0358064,-3.551751,0.09831164,-0.5887887,0.03890816,0.801342,11.73467,287.0651,356.8728,0.32493,0.004631501,-0.9457265,-0.1475596,-0.006685737,-0.003748876,-0.5321999,-0.6847117,-3.343572,0.3086996,-0.2885512,2.069,0.3036281,-0.05341208,0.9512923,-0.178127,0.9776419,0.1117451,-0.9359919,-0.2033798,0.2873255,moving,-73.44074,-52.24431,8.48606,-7.93949,-60.85437848369982,-48.15402829309251,93.13923788324875,80.15800333864587,79.76110788313
05/18/2023 18:41:12.520163,3219,True,True,True,True,Eyes,1.148697,0.02170835,-3.562276,-0.8976822,-0.3463497,0.2724126,0.0,0.0,0.0,0.0,0.0,0.0,0.0,3.053023,0.5574659,1.99448,1.002973,0.03621046,-3.549986,0.1004806,-0.584601,0.03888456,0.8041352,11.95034,287.6291,356.7804,0.3232912,0.004735224,-0.9462875,-0.138706,-0.006284593,-0.003523943,-0.5407931,-0.6878601,-3.332463,0.3087001,-0.2910845,2.069,0.3134592,-0.05494526,0.9480108,-0.180019,0.9767833,0.1161361,-0.9323823,-0.2070639,0.2962905,moving,-73.11894,-51.81408,8.486076,-8.008294,-60.56279311281594,-47.74395050053398,92.61925028544579,79.66598222131712,79.43288874518045
05/18/2023 18:41:12.540232,3220,True,True,True,True,Eyes,1.141747,0.02215607,-3.561565,-0.8958891,-0.3471382,0.2772684,0.0,0.0,0.0,0.0,0.0,0.0,0.0,3.036251,0.5610802,2.010528,0.9933475,0.0361736,-3.54793,0.1008389,-0.5811215,0.03854773,0.8066247,11.97473,288.1211,356.7762,0.3216561,0.004841732,-0.946844,-0.1303837,-0.005907517,-0.003312507,-0.5483063,-0.6942697,-3.321652,0.3087003,-0.2937691,2.069,0.3216238,-0.05501224,0.945268,-0.1793865,0.9766912,0.1178765,-0.9297196,-0.2074802,0.3042587,moving,-72.80325,-51.38472,8.486082,-8.081184,-60.27688414125451,-47.33482693601188,92.1040266606706,79.17824193736072,79.11008636244004
05/18/2023 18:41:12.550522,3221,True,True,True,True,Eyes,1.134676,0.02257951,-3.560789,-0.8940768,-0.3478248,0.2822135,0.0,0.0,0.0,0.0,0.0,0.0,0.0,3.019049,0.5642428,2.026839,0.9834691,0.03595634,-3.545785,0.101069,-0.5775681,0.03810178,0.8091653,11.98032,288.624,356.7718,0.3200217,0.004949986,-0.947397,-0.1225607,-0.005553066,-0.003113756,-0.5567483,-0.6983657,-3.310683,0.3086996,-0.296508,2.069,0.3299267,-0.05508718,0.9423979,-0.1784097,0.9766666,0.1195503,-0.9269943,-0.2075758,0.3124003,moving,-72.4818,-50.94527,8.486062,-8.155519,-59.98580184569552,-46.916126903357416,91.57924146602792,78.68151538666041,78.78200753592917
05/18/2023 18:41:12.570367,3222,True,True,True,True,Eyes,1.127489,0.0229697,-3.559922,-0.8923043,-0.3483007,0.2871927,0.0,0.0,0.0,0.0,0.0,0.0,0.0,3.002066,0.5673782,2.042383,0.9735094,0.03577609,-3.543536,0.1008416,-0.5742104,0.03634951,0.8116602,11.85542,289.0993,356.6727,0.3183852,0.005059206,-0.9479477,-0.115207,-0.005219882,-0.002926931,-0.5656482,-0.7015715,-3.299599,0.3087,-0.2991728,2.069,0.3379223,-0.05680174,0.9394584,-0.1748155,0.9770194,0.1219538,-0.9247962,-0.2054428,0.3202268,moving,-72.15897,-50.49259,8.486073,-8.227814,-59.69368763116748,-46.485011520913226,91.04907605682787,78.17987542761541,78.45440772585235
05/18/2023 18:41:12.590196,3223,True,True,True,True,Eyes,1.120195,0.02330325,-3.558989,-0.8904997,-0.348722,0.2922382,0.0,0.0,0.0,0.0,0.0,0.0,0.0,2.984594,0.5692784,2.058473,0.9632681,0.03530651,-3.541194,0.1002454,-0.5707921,0.03416869,0.8142358,11.66875,289.5861,356.5581,0.3167438,0.005168471,-0.9484968,-0.1082946,-0.004906689,-0.002751315,-0.5727122,-0.7089835,-3.287619,0.3086996,-0.3018068,2.069,0.3460579,-0.05879579,0.9363691,-0.1700813,0.9775667,0.1242403,-0.9226681,-0.2022531,0.3282946,moving,-71.83154,-50.03611,8.486061,-8.299249,-59.39736022029635,-46.05023389324708,90.51454356360928,77.67429263908588,78.12312301261484
05/18/2023 18:41:12.607833,3224,True,True,True,True,Eyes,1.112794,0.02358649,-3.558004,-0.8883374,-0.3496722,0.297634,0.0,0.0,0.0,0.0,0.0,0.0,0.0,2.969411,0.5703009,2.0713,0.95341,0.03427138,-3.538751,0.09999208,-0.5677095,0.0334114,0.8164504,11.60791,290.0243,356.5483,0.3150965,0.00527623,-0.9490447,-0.1017969,-0.004612288,-0.002586236,-0.5791091,-0.7182597,-3.275482,0.3087003,-0.3045605,2.069,0.3531792,-0.0589754,0.933695,-0.1680904,0.9777705,0.1253412,-0.9203315,-0.2012131,0.3354151,moving,-71.47678,-49.59623,8.48608,-8.373901,-59.07524901548143,-45.63036879698143,89.9629889874933,77.15294920510587,77.76285199868562
05/18/2023 18:41:12.620632,3225,True,True,True,True,Eyes,1.105292,0.02382892,-3.556951,-0.8861468,-0.3506034,0.3030198,0.0,0.0,0.0,0.0,0.0,0.0,0.0,2.954208,0.5761515,2.082597,0.943507,0.0333718,-3.536267,0.1008441,-0.564545,0.03367907,0.8185263,11.71911,290.4583,356.5615,0.3134406,0.005381353,-0.9495924,0.0,0.0,0.0,-0.5872736,-0.7230056,-3.263077,0.3086999,-0.3071109,2.069001,0.3603093,-0.05872769,0.9309825,-0.1689965,0.9773924,0.1270604,-0.9173971,-0.2031138,0.3422388,moving,-71.12177,-49.16378,8.486068,-8.443017,-58.75276226701303,-45.21745272553297,89.41805416321927,76.6382373140689,77.40436262380237
05/18/2023 18:41:12.640556,3226,True,True,True,True,Eyes,1.097674,0.02402655,-3.555828,-0.8837138,-0.351852,0.3086261,0.0,0.0,0.0,0.0,0.0,0.0,0.0,2.941137,0.5806996,2.090843,0.9336037,0.03263768,-3.533616,0.1013097,-0.5618859,0.03321595,0.8203154,11.74398,290.823,356.5244,0.3117748,0.005483028,-0.95014,0.0,0.0,0.0,-0.592126,-0.7350219,-3.249129,0.3087004,-0.3098018,2.069001,0.3663618,-0.05935385,0.9285776,-0.1683441,0.9772661,0.1288846,-0.9151173,-0.2035389,0.348041,moving,-70.74889,-48.74446,8.486079,-8.515912,-58.4133728400971,-44.816417708706446,88.86234515597293,76.11349007379243,77.02666691715889
05/18/2023 18:41:12.650055,3227,True,True,True,True,Eyes,1.08996,0.02416717,-3.554628,-0.881281,-0.353017,0.314202,0.0,0.0,0.0,0.0,0.0,0.0,0.0,2.928041,0.581967,2.099286,0.9232687,0.03175098,-3.530676,0.10103,-0.5592926,0.0320317,0.8221672,11.65144,291.1872,356.4678,0.3100975,0.005580414,-0.9506882,0.0,0.0,0.0,-0.5975946,-0.7453004,-3.234014,0.3087001,-0.3125469,2.069001,0.3723317,-0.06033981,0.9261362,-0.1656815,0.9775338,0.1302969,-0.9131916,-0.2019573,0.3539697,moving,-70.37739,-48.32938,8.486073,-8.590253,-58.07518787466516,-44.4193830772986,88.30993155401322,75.59185148758571,76.65035052650298
05/18/2023 18:41:12.670054,3228,True,True,True,True,Eyes,1.082143,0.0242454,-3.553373,-0.8786432,-0.3544511,0.3199229,0.0,0.0,0.0,0.0,0.0,0.0,0.0,2.915734,0.58409,2.1064,0.9132407,0.03051426,-3.527697,0.1009431,-0.5568477,0.03114576,0.8238696,11.5963,291.5278,356.424,0.3084074,0.005672446,-0.9512371,0.0,0.0,0.0,-0.6060383,-0.7478229,-3.218748,0.3087003,-0.3152367,2.069001,0.3779012,-0.06109972,0.9238276,-0.1637399,0.9776809,0.1316409,-0.9112518,-0.2010147,0.3594624,moving,-69.99293,-47.93102,8.486079,-8.663065,-57.72460630540034,-44.03770227500866,87.75492660531434,75.06810115454627,76.26144530417513
05/18/2023 18:41:12.690041,3229,True,True,True,True,Eyes,1.074238,0.02424484,-3.55204,-0.8760122,-0.3558131,0.3255756,0.0,0.0,0.0,0.0,0.0,0.0,0.0,2.903785,0.5883507,2.112386,0.9031447,0.02909362,-3.524739,0.1011987,-0.5544571,0.03038188,0.8254776,11.58172,291.8546,356.3678,0.3067034,0.005757998,-0.9517875,0.0,0.0,0.0,-0.6129849,-0.7533013,-3.203065,0.3087003,-0.3178529,2.069001,0.3833086,-0.06206152,0.9215329,-0.1623798,0.9776715,0.1333836,-0.9092345,-0.2007654,0.3646724,moving,-69.61208,-47.5409,8.486078,-8.733856,-57.37723026739086,-43.66381705400439,87.20842245454794,74.55251541805696,75.87713523204334
05/18/2023 18:41:12.707541,3230,True,True,True,True,Eyes,1.066234,0.02417817,-3.550647,-0.8732236,-0.3573656,0.3313163,0.0,0.0,0.0,0.0,0.0,0.0,0.0,2.89317,0.5912859,2.11654,0.8931257,0.02719806,-3.521559,0.1012756,-0.5523362,0.02978473,0.8269106,11.56,292.1469,356.3355,0.3049847,0.005835613,-0.9523391,0.0,0.0,0.0,-0.6207737,-0.7562538,-3.186793,0.3086997,-0.3206395,2.069,0.3880753,-0.0626177,0.9194981,-0.1611349,0.9777123,0.1345893,-0.9074321,-0.200394,0.3693361,moving,-69.22237,-47.16618,8.486062,-8.80923,-57.02130320504614,-43.30414395606962,86.659425437751,74.03454588868588,75.48245077845026
05/18/2023 18:41:12.720364,3231,True,True,True,True,Eyes,1.058152,0.02404764,-3.549171,-0.870455,-0.3588514,0.3369477,0.0,0.0,0.0,0.0,0.0,0.0,0.0,2.883662,0.5946811,2.118888,0.8829316,0.02554734,-3.518327,0.101537,-0.5504006,0.02935072,0.8281836,11.56572,292.4105,356.3038,0.3032507,0.005904308,-0.9528922,0.0,0.0,0.0,-0.6329921,-0.7485261,-3.169599,0.3086998,-0.323209,2.069001,0.3923954,-0.06315649,0.9176258,-0.1603876,0.9776576,0.1358732,-0.9057051,-0.2004918,0.3734988,moving,-68.83889,-46.80307,8.486065,-8.878702,-56.67095822430832,-42.9554808608528,86.12436562292608,73.53002470409294,75.09606636854384
05/18/2023 18:41:12.742481,3232,True,True,True,True,Eyes,1.050011,0.02384605,-3.54758,-0.8675978,-0.3604351,0.3425794,0.0,0.0,0.0,0.0,0.0,0.0,0.0,2.87529,0.597293,2.119709,0.8729804,0.02388306,-3.514904,0.101711,-0.5487176,0.02894959,0.8292924,11.56425,292.6401,356.2775,0.301501,0.005963261,-0.9534469,0.0,0.0,0.0,-0.6402761,-0.7510326,-3.152336,0.3087001,-0.3259474,2.069001,0.3961418,-0.06360593,0.9159836,-0.1596366,0.9776336,0.1369261,-0.9042057,-0.2004667,0.3771277,moving,-68.45293,-46.45493,8.486072,-8.952716,-56.31801514620539,-42.62077345096458,85.59220807794246,73.02813021962452,74.7057522814432
05/18/2023 18:41:12.750099,3233,True,True,True,True,Eyes,1.041795,0.02358409,-3.545899,-0.8647768,-0.3619378,0.3480835,0.0,0.0,0.0,0.0,0.0,0.0,0.0,2.868218,0.5985973,2.118942,0.8630242,0.02203457,-3.511354,0.101809,-0.5472539,0.02889281,0.8302491,11.57655,292.8421,356.2863,0.2997358,0.006011552,-0.954003,0.0,0.0,0.0,-0.649768,-0.7482686,-3.133641,0.3087005,-0.328707,2.069,0.3993568,-0.06345423,0.9145971,-0.1594072,0.9776003,0.1374302,-0.9028309,-0.200677,0.3802963,moving,-68.0746,-46.11785,8.486086,-9.02727,-55.971969179644006,-42.29659327424484,85.07202692734549,72.53749891379107,74.32294252360765
05/18/2023 18:41:12.770238,3234,True,True,True,True,Eyes,1.033495,0.02328261,-3.544151,-0.8618973,-0.3634471,0.3536086,0.0,0.0,0.0,0.0,0.0,0.0,0.0,2.861595,0.5991944,2.117416,0.8530264,0.020321,-3.507584,0.1017569,-0.5459219,0.02861637,0.8311414,11.55997,293.027,356.2818,0.2979553,0.006048612,-0.9545603,0.0,0.0,0.0,-0.6588821,-0.7455184,-3.115559,0.3087002,-0.3312454,2.069,0.4023008,-0.06353419,0.9133003,-0.1586712,0.9776533,0.1379042,-0.9016527,-0.2003934,0.3832297,moving,-67.69324,-45.78609,8.48608,-9.095822,-55.62299785351954,-41.977323443481566,84.55450645337731,72.04975364570173,73.93954099919573
05/18/2023 18:41:12.790269,3235,True,True,True,True,Eyes,1.025118,0.02295474,-3.542306,-0.8591119,-0.3647659,0.3589884,0.0,0.0,0.0,0.0,0.0,0.0,0.0,2.855608,0.6009125,2.11464,0.8429158,0.01905948,-3.503773,0.1016814,-0.5447901,0.0275831,0.8319278,11.49236,293.18,356.2029,0.2961587,0.006074496,-0.9551191,0.0,0.0,0.0,-0.665885,-0.7477144,-3.097707,0.3087003,-0.3339072,2.069,0.4048858,-0.06489578,0.9120614,-0.1566844,0.9778001,0.1391292,-0.9008427,-0.1992372,0.3857293,moving,-67.32191,-45.45736,8.486083,-9.167681,-55.28331399748605,-41.66111941951705,84.04637175161751,71.57066112413612,73.56534084132345
05/18/2023 18:41:12.810103,3236,True,True,True,True,Eyes,1.016684,0.0226006,-3.54033,-0.8563188,-0.3660525,0.3643125,0.0,0.0,0.0,0.0,0.0,0.0,0.0,2.849893,0.5986936,2.112067,0.8327118,0.01806699,-3.499631,0.100761,-0.5438145,0.02569946,0.832738,11.28951,293.3213,356.0948,0.2943459,0.006089606,-0.9556792,0.0,0.0,0.0,-0.6740743,-0.7467241,-3.081822,0.3086997,-0.3366999,2.069,0.4072105,-0.06678879,0.9108891,-0.1523924,0.9783735,0.1398636,-0.9005311,-0.1957665,0.3882259,moving,-66.95315,-45.1365,8.486066,-9.243038,-54.94587373622803,-41.35234083469736,83.5428987110221,71.09583888829759,73.19268378058086
05/18/2023 18:41:12.819957,3237,True,True,True,True,Eyes,1.008178,0.02222377,-3.538254,-0.8536516,-0.3670819,0.3694995,0.0,0.0,0.0,0.0,0.0,0.0,0.0,2.845805,0.5913708,2.108763,0.8224351,0.01711273,-3.495498,0.09907994,-0.5431011,0.02378313,0.8334621,11.01068,293.4389,356.029,0.2925171,0.006094312,-0.9562406,0.0,0.0,0.0,-0.6843193,-0.7402146,-3.065553,0.3087,-0.33931,2.069,0.4089512,-0.06797616,0.9100211,-0.1472655,0.9792351,0.1393254,-0.9005953,-0.190992,0.3904488,moving,-66.59483,-44.81194,8.486073,-9.313437,-54.61823213654956,-41.04033792000706,83.04989891948345,70.63108075595828,72.83255120248816
05/18/2023 18:41:12.840123,3238,True,True,True,True,Eyes,0.9996186,0.02182998,-3.536057,-0.8510007,-0.3679697,0.3746947,0.0,0.0,0.0,0.0,0.0,0.0,0.0,2.841889,0.5822996,2.105203,0.8121905,0.01614143,-3.491042,0.09709644,-0.5424667,0.02176572,0.8341634,10.69629,293.5498,355.9716,0.2906729,0.006089029,-0.9568028,0.0,0.0,0.0,-0.6957613,-0.7299407,-3.049878,0.3087004,-0.3420392,2.069,0.4105124,-0.06903081,0.9092383,-0.1416555,0.9801971,0.1383742,-0.9007849,-0.1856029,0.3926045,moving,-66.23615,-44.48118,8.486082,-9.387018,-54.29037409555274,-40.72252334010811,82.55308692922432,70.16264914352084,72.47169103053454
05/18/2023 18:41:12.850099,3239,True,True,True,True,Eyes,0.990998,0.02146951,-3.533763,-0.848451,-0.3687157,0.3797098,0.0,0.0,0.0,0.0,0.0,0.0,0.0,2.839311,0.5727576,2.099985,0.8020987,0.01535493,-3.486556,0.09509536,-0.5420883,0.01981308,0.8346885,10.38321,293.6255,355.9176,0.2888136,0.006074294,-0.9573658,0.0,0.0,0.0,-0.7111804,-0.7119942,-3.033904,0.3087001,-0.3446986,2.069,0.4114956,-0.07002466,0.9087178,-0.1361756,0.9811286,0.1372691,-0.9011813,-0.1802309,0.3941944,moving,-65.88991,-44.1584,8.486074,-9.458691,-53.97395407941639,-40.41246311790441,82.0722657214539,69.70933306242888,72.12362387050526
05/18/2023 18:41:12.870387,3240,True,True,True,True,Eyes,0.9822928,0.02118348,-3.531403,-0.8458613,-0.3694731,0.3847187,0.0,0.0,0.0,0.0,0.0,0.0,0.0,2.83554,0.5717592,2.093866,0.7919999,0.01576793,-3.481948,0.09455092,-0.5415494,0.01787527,0.8351436,10.21183,293.6992,355.7724,0.2869389,0.006051946,-0.9579295,0.0,0.0,0.0,-0.7199953,-0.7081054,-3.020546,0.3087004,-0.3473051,2.069001,0.4128094,-0.07255115,0.9079233,-0.1322648,0.9814813,0.1385665,-0.9011627,-0.1772879,0.3955687,moving,-65.54278,-43.84195,8.486082,-9.528906,-53.65658330066944,-40.10830762926489,81.59446916036023,69.25901136079632,71.77532783754303
05/18/2023 18:41:12.890053,3241,True,True,True,True,Eyes,0.7633517,0.01525059,-3.469997,-0.7775247,-0.3797363,0.5012542,0.0,0.0,0.0,0.0,0.0,0.0,0.0,2.831292,0.5764194,2.086587,0.7816483,0.01723449,-3.477219,0.09466942,-0.5410466,0.0149864,0.8355129,10.04443,293.7525,355.4917,0.285048,0.006024767,-0.9584941,0.0,0.0,0.0,-0.7237126,-0.717786,-3.007197,0.3087001,-0.3500093,2.069001,0.4140879,-0.07739846,0.9069403,-0.1274838,0.9816263,0.1419783,-0.9012653,-0.1744117,0.3966125,moving,-57.19096,-37.14656,8.486073,-9.601724,-46.0031349112483,-33.64998222730618,71.21931377056356,59.559990787125244,63.993775716645324
05/18/2023 18:41:12.910212,3242,True,True,True,True,Eyes,0.7629565,0.01518104,-3.469847,-0.7776372,-0.3797667,0.5010564,0.0,0.0,0.0,0.0,0.0,0.0,0.0,2.828988,0.5752009,2.078398,0.7716475,0.01811387,-3.472463,0.09363138,-0.5409517,0.01160474,0.8357451,9.73312,293.7665,355.2333,0.2758079,0.005788784,-0.9611951,-0.6568233,-0.01779865,0.1842177,-0.7376991,-0.700182,-2.995256,0.3087001,-0.3526906,2.069,0.4144731,-0.08190291,0.9063686,-0.1206973,0.982197,0.1439487,-0.9020224,-0.1690591,0.3972088,moving,-57.20503,-37.15966,8.486075,-9.673898,-46.01599344977801,-33.662566405438675,71.20946839319662,59.54772604533593,63.982048570970186
05/18/2023 18:41:12.920133,3243,True,True,True,True,Eyes,0.7622378,0.01520029,-3.469537,-0.7775987,-0.3803491,0.5006741,0.0,0.0,0.0,0.0,0.0,0.0,0.0,2.827935,0.5749826,2.06875,0.7621448,0.01632442,-3.467912,0.09269796,-0.5410364,0.009201588,0.8358243,9.492309,293.759,355.0605,0.2681362,0.005592947,-0.9633644,-0.6174139,-0.01673073,0.1731646,-0.7481985,-0.6918647,-2.982241,0.3087001,-0.3553718,2.069,0.4143901,-0.0849241,0.9061284,-0.1156877,0.9826449,0.1450016,-0.9027166,-0.1649152,0.3973736,moving,-57.22365,-37.223,8.486075,-9.746034,-46.03212728657441,-33.722281199756125,71.22325196268969,59.55749163911842,63.97453884565933
05/18/2023 18:41:12.940207,3244,True,True,True,True,Eyes,0.7611321,0.01536455,-3.469072,-0.777514,-0.3811926,0.5001642,0.0,0.0,0.0,0.0,0.0,0.0,0.0,2.827449,0.6120234,2.048634,0.7536304,0.01859121,-3.46376,0.09984507,-0.5411462,0.01151733,0.8349007,10.32238,293.6327,354.8196,0.261743,0.005432227,-0.965122,-0.5803691,-0.01572688,0.1627748,-0.7627924,-0.6725943,-2.966479,0.3087,-0.3579955,2.069,0.4140564,-0.08882991,0.9059066,-0.1272932,0.9797966,0.1542563,-0.9013067,-0.1791866,0.3943836,moving,-57.24737,-37.31229,8.486072,-9.816594,-46.05251508460948,-33.80640288503073,71.25235922895311,59.58161135388864,63.972210553504475
05/18/2023 18:41:12.950309,3245,True,True,True,True,Eyes,0.7597066,0.01554568,-3.468419,-0.77762,-0.3816251,0.4996694,0.0,0.0,0.0,0.0,0.0,0.0,0.0,2.824992,0.6363207,2.032673,0.7435314,0.02222651,-3.458889,0.103856,-0.5411217,0.00999734,0.8344465,10.61124,293.5555,354.4118,0.2563893,0.005304343,-0.9665588,-0.5455469,-0.01478327,0.1530083,-0.7596663,-0.6967369,-2.951245,0.3086994,-0.360788,2.069,0.4141746,-0.09571298,0.9051511,-0.129082,0.978228,0.162505,-0.9009979,-0.1841441,0.3928023,moving,-57.27673,-37.37097,8.48606,-9.891663,-46.07874553812279,-33.86200162275992,71.27311457895149,59.597777954408095,63.97350030349064
05/18/2023 18:41:12.969941,3246,True,True,True,True,Eyes,0.7579989,0.01571346,-3.467595,-0.7776044,-0.3820875,0.49934,0.0,0.0,0.0,0.0,0.0,0.0,0.0,2.831458,0.6105548,2.019459,0.7344606,0.02272698,-3.453723,0.09941822,-0.5425931,0.007601815,0.834057,10.02572,293.4212,354.4518,0.2518804,0.005204145,-0.9677442,-0.512814,-0.01389628,0.1438278,-0.7597358,-0.7132782,-2.937442,0.3086999,-0.3632795,2.069,0.41107,-0.09520657,0.9066185,-0.120568,0.9801165,0.1575915,-0.9035954,-0.1740903,0.3914176,moving,-57.29338,-37.42268,8.486071,-9.958607,-46.09326700501551,-33.91078521810761,71.28261695259742,59.60378325624742,63.9658323651535
05/18/2023 18:41:12.990135,3247,True,True,True,True,Eyes,0.7559967,0.01589231,-3.466604,-0.7775359,-0.3825611,0.4990841,0.0,0.0,0.0,0.0,0.0,0.0,0.0,2.828979,0.6122518,2.011046,0.7259008,0.02263276,-3.448889,0.1009054,-0.5420454,0.01013349,0.8342077,10.33119,293.4825,354.6058,0.2480574,0.005126585,-0.9687315,-0.4820452,-0.0130625,0.1351981,-0.7739807,-0.6936963,-2.921282,0.3087,-0.3659744,2.069001,0.4121681,-0.09248377,0.9064019,-0.1262975,0.9794308,0.1573665,-0.9023117,-0.1793378,0.3920097,moving,-57.30444,-37.47112,8.48607,-10.03098,-46.10264265399607,-33.956380003219095,71.28360603448523,59.60161335513148,63.951072647907694
05/18/2023 18:41:13.007544,3248,True,True,True,True,Eyes,0.7537071,0.01609338,-3.465448,-0.7775217,-0.3826053,0.4990722,0.0,0.0,0.0,0.0,0.0,0.0,0.0,2.825211,0.608637,2.005633,0.7168231,0.02308973,-3.4439,0.1009711,-0.5413299,0.01089551,0.8346546,10.39004,293.5841,354.684,0.2445724,0.005062121,-0.9696175,-0.4531225,-0.01227875,0.1270862,-0.7740808,-0.7044148,-2.902175,0.3086994,-0.3687783,2.069,0.4136865,-0.0911294,0.9058471,-0.1275053,0.9793722,0.1567559,-0.9014466,-0.1803482,0.3935336,moving,-57.30458,-37.47498,8.486058,-10.10626,-46.10269901750721,-33.9599963075225,71.2562620608564,59.57292277994475,63.92536265478387
05/18/2023 18:41:13.020126,3249,True,True,True,True,Eyes,0.7511442,0.01633475,-3.464143,-0.777481,-0.3826042,0.4991366,0.0,0.0,0.0,0.0,0.0,0.0,0.0,2.819325,0.6001725,2.004669,0.707596,0.0237582,-3.43893,0.0987841,-0.540493,0.007790469,0.8354929,9.990694,293.7232,354.5366,0.2413787,0.005009928,-0.9704178,-0.4259351,-0.01154202,0.1194611,-0.7762013,-0.7089952,-2.88092,0.3087001,-0.3714367,2.069,0.4156133,-0.09376646,0.9046953,-0.119802,0.980362,0.1566454,-0.901617,-0.1734882,0.396218,moving,-57.29986,-37.47132,8.486076,-10.1776,-46.0983713221318,-33.956462360183764,71.22314600489435,59.539030766440476,63.89658830299211
05/18/2023 18:41:13.040154,3250,True,True,True,True,Eyes,0.7483138,0.01659902,-3.462682,-0.7774026,-0.3822816,0.4995058,0.0,0.0,0.0,0.0,0.0,0.0,0.0,2.8074,0.6125271,2.006159,0.698483,0.02493162,-3.434073,0.09966253,-0.5386728,0.004218437,0.8365892,9.863289,293.941,354.1562,0.2384411,0.004969961,-0.971144,-0.400379,-0.0108495,0.1122934,-0.7875292,-0.6899432,-2.85858,0.3087004,-0.3740443,2.069,0.4196277,-0.1003128,0.9021363,-0.1144292,0.9800991,0.1622085,-0.9004547,-0.1712979,0.3997981,moving,-57.27797,-37.42754,8.486083,-10.24753,-46.07881519739527,-33.914981571284414,71.1594239056705,59.47668769502218,63.852638153777676
05/18/2023 18:41:13.050240,3251,True,True,True,True,Eyes,0.7452349,0.01684853,-3.46109,-0.7772893,-0.381765,0.5000768,0.0,0.0,0.0,0.0,0.0,0.0,0.0,2.792354,0.6198801,2.013404,0.6890497,0.02569848,-3.429262,0.09916028,-0.5362421,-0.0006846779,0.8382191,9.526385,294.2607,353.7424,0.2357282,0.004941685,-0.9718062,-0.3763563,-0.01019853,0.1055558,-0.7846689,-0.7048724,-2.837391,0.3087004,-0.3767058,2.069,0.424888,-0.1074956,0.898841,-0.1052,0.9803335,0.1669704,-0.8991125,-0.1655018,0.4052234,moving,-57.24439,-37.35857,8.486082,-10.31889,-46.04885017976259,-33.84965441353137,71.07488476139223,59.394913096463235,63.79760945571274
05/18/2023 18:41:13.070137,3252,True,True,True,True,Eyes,0.7419198,0.01711079,-3.459398,-0.7769618,-0.3813204,0.5009242,0.0,0.0,0.0,0.0,0.0,0.0,0.0,2.776309,0.6199158,2.024552,0.6800151,0.02557199,-3.424606,0.09772199,-0.5334209,-0.004683943,0.8401729,9.16103,294.6545,353.4787,0.2332114,0.00492355,-0.9724134,-0.3537749,-0.009586621,0.09922244,-0.7786894,-0.7268384,-2.816411,0.3086995,-0.3794358,2.068999,0.4308806,-0.1121245,0.8954161,-0.09638324,0.980857,0.1692038,-0.897247,-0.1592097,0.4118253,moving,-57.18925,-37.27962,8.486065,-10.39205,-45.99898780674284,-33.774492041139965,70.96610755039426,59.2904678271375,63.72206776756117
05/18/2023 18:41:13.090307,3253,True,True,True,True,Eyes,0.7383674,0.01740459,-3.457575,-0.7765528,-0.3807532,0.5019888,0.0,0.0,0.0,0.0,0.0,0.0,0.0,2.758959,0.6308083,2.034449,0.671204,0.02610882,-3.420169,0.09936541,-0.530126,-0.005346885,0.8420597,9.304084,295.0723,353.3455,0.2308657,0.004914938,-0.9729729,-0.3325484,-0.009011424,0.09326909,-0.7783595,-0.7326772,-2.794332,0.3087003,-0.3821565,2.069,0.4378758,-0.1143571,0.8917326,-0.09634756,0.9801959,0.1730122,-0.8938578,-0.1616742,0.418186,moving,-57.12007,-37.17994,8.486082,-10.46492,-45.9364412886279,-33.679604222107656,70.83685110059244,59.166989146258075,63.63389340564451
05/18/2023 18:41:13.107572,3254,True,True,True,True,Eyes,0.7346087,0.01771965,-3.45562,-0.7759876,-0.3800801,0.5033711,0.0,0.0,0.0,0.0,0.0,0.0,0.0,2.744234,0.6222435,2.045802,0.661956,0.02708314,-3.415317,0.09774196,-0.5272076,-0.006865403,0.8440685,9.077065,295.4921,353.3327,0.2286683,0.004915827,-0.9734916,-0.3125955,-0.008470738,0.08767294,-0.7736003,-0.746533,-2.771253,0.3087004,-0.3847767,2.069,0.4440101,-0.1146503,0.8886565,-0.09147085,0.9807988,0.1722408,-0.8913407,-0.1577628,0.4249974,moving,-57.02915,-37.05534,8.486081,-10.53507,-45.85411643622169,-33.56089268862985,70.67934785958528,59.017332775175255,63.526717130921405
05/18/2023 18:41:13.120140,3255,True,True,True,True,Eyes,0.7306492,0.01805169,-3.45354,-0.7752444,-0.3794644,0.5049782,0.0,0.0,0.0,0.0,0.0,0.0,0.0,2.729528,0.6107347,2.057906,0.6531405,0.02789292,-3.410415,0.09583575,-0.5242426,-0.007848556,0.8461226,8.855819,295.9242,353.3885,0.2265996,0.004925907,-0.9739752,-0.2938398,-0.007962494,0.08241256,-0.7680509,-0.7613465,-2.748358,0.3087003,-0.3873472,2.069001,0.4502161,-0.1137641,0.8856428,-0.0872007,0.9815078,0.1704067,-0.8886515,-0.1539485,0.4319703,moving,-56.92061,-36.92292,8.486077,-10.60386,-45.755523934538985,-33.434457977137384,70.50338732003995,58.85055204444093,63.403742203948326
05/18/2023 18:41:13.140145,3256,True,True,True,True,Eyes,0.7264584,0.01843414,-3.451423,-0.7753163,-0.3793033,0.5049888,0.0,0.0,0.0,0.0,0.0,0.0,0.0,2.71021,0.6099507,2.072598,0.6443444,0.0286411,-3.405429,0.09597566,-0.5204023,-0.007779733,0.8484749,8.90338,296.4429,353.4268,0.2246421,0.004944779,-0.9744284,-0.2762094,-0.007484744,0.07746781,-0.7652067,-0.7701002,-2.726446,0.3087,-0.3900711,2.069001,0.4582418,-0.1130937,0.8816031,-0.08669009,0.9814563,0.170963,-0.8845899,-0.1547687,0.4399402,moving,-56.92249,-36.91067,8.48607,-10.67672,-45.75751076745672,-33.42303457410915,70.47339820014429,58.819732073343644,63.38121642794763
05/18/2023 18:41:13.149906,3257,True,True,True,True,Eyes,0.722084,0.01882679,-3.449189,-0.77515,-0.3791806,0.505336,0.0,0.0,0.0,0.0,0.0,0.0,0.0,2.687686,0.6160623,2.089309,0.6356323,0.03015605,-3.400509,0.09728815,-0.5159944,-0.007722409,0.8510143,9.068648,297.0165,353.3975,0.2227783,0.004973022,-0.9748561,-0.2596368,-0.00703566,0.07281974,-0.7599233,-0.7854275,-2.707497,0.3086995,-0.3927335,2.069,0.4673804,-0.113544,0.8767346,-0.08725651,0.9809508,0.1735566,-0.8797397,-0.1576177,0.4485697,moving,-56.89886,-36.88286,8.486061,-10.7479,-45.736026860293805,-33.39646244749007,70.4146577665321,58.76216633912741,63.335668666829726
05/18/2023 18:41:13.169910,3258,True,True,True,True,Eyes,0.7175836,0.01921293,-3.446808,-0.7747058,-0.379382,0.5058659,0.0,0.0,0.0,0.0,0.0,0.0,0.0,2.662962,0.6188925,2.109323,0.6268496,0.03079803,-3.395548,0.09771255,-0.5111706,-0.008277615,0.8538668,9.114298,297.6568,353.3681,0.220994,0.005010043,-0.9752619,-0.2440586,-0.00661352,0.06845056,-0.758182,-0.7953832,-2.69023,0.3086995,-0.3953966,2.069001,0.4772722,-0.1140315,0.8713256,-0.0857596,0.9807674,0.1753295,-0.8745609,-0.1584044,0.4583137,moving,-56.85635,-36.86864,8.486058,-10.81907,-45.69669036126243,-33.382178830091625,70.34351697507998,58.69296465555684,63.27235816803016
05/18/2023 18:41:13.190145,3259,True,True,True,True,Eyes,0.7129256,0.01962857,-3.444328,-0.7739434,-0.3798604,0.5066731,0.0,0.0,0.0,0.0,0.0,0.0,0.0,2.637141,0.6300868,2.128392,0.6186217,0.03123663,-3.390856,0.09996294,-0.5061111,-0.007325002,0.8566244,9.430252,298.3024,353.3795,0.2192794,0.005054803,-0.9756486,-0.2294151,-0.006216709,0.06434352,-0.7595532,-0.7988551,-2.673535,0.3087,-0.3980478,2.069,0.4875958,-0.1137343,0.8656297,-0.08863515,0.9799075,0.1786759,-0.8685586,-0.1638468,0.4677179,moving,-56.78867,-36.85944,8.486073,-10.88988,-45.63380493687363,-33.372017895298974,70.25105067050349,58.60381994584772,63.18559115211576
05/18/2023 18:41:13.207726,3260,True,True,True,True,Eyes,0.7080749,0.02005595,-3.441806,-0.7729943,-0.3804654,0.5076671,0.0,0.0,0.0,0.0,0.0,0.0,0.0,2.610375,0.6453114,2.146738,0.6101461,0.03242602,-3.386095,0.1031477,-0.5008516,-0.005854948,0.8593452,9.870044,298.959,353.3912,0.2176227,0.005107439,-0.9760193,-0.2156502,-0.005843706,0.06048291,-0.7611272,-0.8019695,-2.656426,0.3087004,-0.4007981,2.069,0.4982269,-0.1133862,0.8596009,-0.09326054,0.9786525,0.1831439,-0.8620166,-0.1714141,0.4770165,moving,-56.70493,-36.84931,8.486084,-10.96331,-45.55597318207358,-33.36061878427808,70.14237879020212,58.49943064038154,63.082952445104546
05/18/2023 18:41:13.220665,3261,True,True,True,True,Eyes,0.7030921,0.02048311,-3.439174,-0.7717556,-0.3812476,0.5089632,0.0,0.0,0.0,0.0,0.0,0.0,0.0,2.586178,0.6443157,2.165895,0.6017152,0.03300319,-3.381037,0.103467,-0.4960207,-0.005038383,0.8621094,9.98565,299.6038,353.5092,0.2160135,0.005167509,-0.9763764,-0.2027112,-0.005493084,0.05685394,-0.7655111,-0.7984074,-2.639855,0.3087001,-0.4007983,2.068999,0.5078762,-0.1113309,0.8542056,-0.09395631,0.9785384,0.1833981,-0.8562909,-0.1734015,0.4865161,static,-56.59565,-36.83567,8.48608,-10.96332,-45.45441146195458,-33.34534949765418,70.03577710224539,58.39975910559098,62.98100439102004
05/18/2023 18:41:13.240212,3262,True,True,True,True,Eyes,0.6980516,0.02090388,-3.436322,-0.7703679,-0.3821505,0.5103865,0.0,0.0,0.0,0.0,0.0,0.0,0.0,2.561306,0.646768,2.18437,0.5935451,0.03349411,-3.375892,0.104921,-0.4909737,-0.002501477,0.8648296,10.31276,300.266,353.7356,0.2144441,0.005234303,-0.9767219,-0.1905485,-0.005163499,0.0534427,-0.7707354,-0.7931126,-2.622691,0.3087,-0.4007983,2.069,0.517877,-0.1073536,0.8486924,-0.09870023,0.9779707,0.183934,-0.8497421,-0.1790213,0.4958728,static,-56.47461,-36.82393,8.486073,-10.96332,-45.34185569457157,-33.331589457104705,69.91896370369479,58.29052569717933,62.86816150921967
05/18/2023 18:41:13.250004,3263,True,True,True,True,Eyes,0.6928795,0.02132362,-3.433354,-0.7687463,-0.3830463,0.512157,0.0,0.0,0.0,0.0,0.0,0.0,0.0,2.535199,0.6470724,2.204106,0.5853303,0.03407923,-3.370496,0.1060413,-0.4856954,6.224516e-05,0.8676723,10.60742,300.9642,353.9908,0.2129092,0.005307058,-0.9770572,-0.1791156,-0.004853689,0.05023614,-0.7743587,-0.792133,-2.606782,0.3087004,-0.4007984,2.069,0.5281999,-0.1028995,0.8428621,-0.1031155,0.9775105,0.1839577,-0.8428357,-0.1840786,0.5057104,static,-56.32751,-36.79311,8.486087,-10.96332,-45.20538427356211,-33.29937325477073,69.7709137644227,58.15215698939893,62.73138128433438
05/18/2023 18:41:13.269989,3264,True,True,True,True,Eyes,0.6875957,0.02171581,-3.430257,-0.7670237,-0.3838363,0.5141443,0.0,0.0,0.0,0.0,0.0,0.0,0.0,2.509525,0.6379563,2.225201,0.5769584,0.03449228,-3.364841,0.1053333,-0.4805225,0.001739854,0.870632,10.6661,301.6735,354.265,0.2114021,0.005385203,-0.977384,-0.1683687,-0.004562467,0.04722197,-0.7756263,-0.796737,-2.591706,0.3087004,-0.4007982,2.069,0.5381902,-0.09820052,0.837083,-0.1042596,0.9778037,0.181741,-0.83635,-0.1850852,0.5160059,static,-56.16562,-36.74331,8.486085,-10.96331,-45.055496294879326,-33.24905249913713,69.60209306771617,57.994441512045086,62.58117044021818
05/18/2023 18:41:13.290554,3265,True,True,True,True,Eyes,0.6822035,0.02209614,-3.427052,-0.7650346,-0.3847263,0.5164376,0.0,0.0,0.0,0.0,0.0,0.0,0.0,2.481653,0.6318772,2.24733,0.5687352,0.03425601,-3.359127,0.1047659,-0.4750617,0.002808244,0.8736891,10.70391,302.4123,354.4733,0.2099176,0.005467457,-0.9777035,-0.1582666,-0.00428872,0.04438865,-0.7792057,-0.7984934,-2.578524,0.3087001,-0.4007983,2.069,0.5486171,-0.09463342,0.8307008,-0.1044475,0.9780325,0.1803974,-0.8295239,-0.1857337,0.5266811,static,-55.97863,-36.6847,8.486074,-10.96331,-44.88239004979559,-33.18991064961947,69.4066853072506,57.811890917630336,62.40781949780457
05/18/2023 18:41:13.307826,3266,True,True,True,True,Eyes,0.6766867,0.02246584,-3.423728,-0.7629205,-0.3855421,0.5189505,0.0,0.0,0.0,0.0,0.0,0.0,0.0,2.452303,0.6332508,2.268492,0.5606837,0.0343866,-3.353402,0.1055896,-0.4693651,0.004400541,0.8766573,10.90975,303.1601,354.6588,0.2084509,0.005553106,-0.9780167,-0.1487706,-0.004031396,0.04172533,-0.7847809,-0.7965193,-2.564637,0.3087003,-0.4007982,2.069,0.559354,-0.09140458,0.823874,-0.1068356,0.977663,0.1810008,-0.8220154,-0.1892626,0.5370944,static,-55.77585,-36.60964,8.486082,-10.96331,-44.69488692236687,-33.115009525019886,69.19053509578839,57.61000995806647,62.220124979690524
05/18/2023 18:41:13.320101,3267,True,True,True,True,Eyes,0.6710703,0.02279811,-3.420291,-0.7605913,-0.3863014,0.521797,0.0,0.0,0.0,0.0,0.0,0.0,0.0,2.419797,0.6312316,2.292673,0.5522342,0.03449429,-3.347247,0.1054306,-0.4632006,0.004720609,0.8799474,10.94811,303.9749,354.7777,0.2069971,0.005641555,-0.9783249,-0.1398443,-0.003789513,0.03922181,-0.7898543,-0.7960994,-2.551545,0.3087003,-0.4007982,2.069,0.570846,-0.0893632,0.8161796,-0.1059787,0.9777242,0.1811735,-0.8141889,-0.1899199,0.5486593,static,-55.54827,-36.51362,8.486084,-10.96332,-44.48467825016428,-33.019921336068656,68.9435734661855,57.37939800888203,62.0097433009401
05/18/2023 18:41:13.340102,3268,True,True,True,True,Eyes,0.6653535,0.02309841,-3.416735,-0.757974,-0.3871851,0.5249411,0.0,0.0,0.0,0.0,0.0,0.0,0.0,2.388984,0.6244063,2.315987,0.5441809,0.03392728,-3.341203,0.1044518,-0.4573449,0.005158691,0.8831189,10.90641,304.7606,354.9503,0.2055521,0.005731534,-0.9786291,-0.1314537,-0.003562142,0.0368685,-0.7946522,-0.7972972,-2.539215,0.3087,-0.4007983,2.068999,0.5816181,-0.08642948,0.8088574,-0.1046524,0.9781265,0.1797681,-0.8067021,-0.1892053,0.559851,static,-55.29515,-36.41168,8.486076,-10.96332,-44.25078586708778,-32.91870712455844,68.67069110437637,57.124562347360914,61.77591134238364
05/18/2023 18:41:13.350103,3269,True,True,True,True,Eyes,0.6595311,0.02335193,-3.413081,-0.7549145,-0.3879215,0.5287921,0.0,0.0,0.0,0.0,0.0,0.0,0.0,2.353868,0.6308826,2.339078,0.5359886,0.03349736,-3.334905,0.1057783,-0.4507673,0.006229302,0.8863301,11.1352,305.6054,355.07,0.204113,0.005821983,-0.9789297,-0.1235665,-0.003348413,0.03465639,-0.7999697,-0.7986126,-2.527497,0.3087002,-0.4007982,2.069,0.5935401,-0.08432032,0.800375,-0.1064052,0.9775443,0.181893,-0.7977394,-0.1931248,0.5712397,static,-54.99006,-36.26374,8.48608,-10.96332,-43.96935241271533,-32.773245500561885,68.33250764808797,56.80884825399126,61.494444655607516
05/18/2023 18:41:13.370170,3270,True,True,True,True,Eyes,0.6536244,0.02355938,-3.409313,-0.7514918,-0.3885996,0.5331514,0.0,0.0,0.0,0.0,0.0,0.0,0.0,2.319424,0.6331383,2.361945,0.527872,0.03258756,-3.328613,0.1061929,-0.4443552,0.006769486,0.8895087,11.24093,306.4369,355.1848,0.2026761,0.005911572,-0.9792277,-0.1161525,-0.003147508,0.03257701,-0.8055564,-0.8006101,-2.516744,0.3087003,-0.4007983,2.069,0.6050052,-0.0823317,0.7919534,-0.1064178,0.9773545,0.1829029,-0.7890779,-0.1949351,0.5825431,static,-54.64593,-36.08729,8.486081,-10.96332,-43.65208995505953,-32.60020374251095,67.94751416692903,56.44947837337337,61.17721127675019
05/18/2023 18:41:13.390239,3271,True,True,True,True,Eyes,0.6476334,0.02372834,-3.40543,-0.7477995,-0.3894044,0.537736,0.0,0.0,0.0,0.0,0.0,0.0,0.0,2.283543,0.638505,2.384585,0.5199201,0.03170163,-3.322225,0.1071857,-0.4377141,0.007606739,0.89267,11.42132,307.2888,355.3037,0.2012392,0.005999112,-0.9795235,-0.1091833,-0.002958658,0.03062239,-0.8115498,-0.8023515,-2.506743,0.3087,-0.4007981,2.069,0.616697,-0.08025282,0.7830992,-0.107414,0.9769067,0.1847039,-0.7798379,-0.1980222,0.5938351,static,-54.28042,-35.91038,8.486072,-10.96331,-43.314915145440445,-32.42624195406803,67.54249639723842,56.07138055467371,60.84051536560496
05/18/2023 18:41:13.407879,3272,True,True,True,True,Eyes,0.641597,0.0238386,-3.401382,-0.7438197,-0.3901529,0.5426906,0.0,0.0,0.0,0.0,0.0,0.0,0.0,2.245917,0.6474218,2.40696,0.5118419,0.0309818,-3.315692,0.1086793,-0.4308215,0.008187748,0.8958319,11.64058,308.1609,355.3752,0.1997996,0.006083754,-0.9798177,-0.1026323,-0.002781139,0.02878504,-0.8177609,-0.8045748,-2.497267,0.3087001,-0.4007983,2.069,0.6286517,-0.07897306,0.7736668,-0.1083124,0.9762435,0.1876619,-0.7701074,-0.2017717,0.6051635,static,-53.88552,-35.71324,8.486077,-10.96332,-42.95074396937282,-32.23267132843055,67.10271717551241,55.660864683972726,60.47701538968196
05/18/2023 18:41:13.420582,3273,True,True,True,True,Eyes,0.6354899,0.02387836,-3.397227,-0.73958,-0.3909875,0.5478597,0.0,0.0,0.0,0.0,0.0,0.0,0.0,2.207397,0.6510352,2.430432,0.5036584,0.02976621,-3.308911,0.1091527,-0.4237982,0.008419617,0.8991161,11.73692,309.0602,355.4672,0.1983574,0.006164113,-0.9801102,-0.09647438,-0.00261427,0.02705794,-0.8247073,-0.8057476,-2.488017,0.3087003,-0.4007982,2.069,0.6406484,-0.07737699,0.7639257,-0.1076578,0.9760296,0.1891454,-0.7602496,-0.2034183,0.6169615,static,-53.47001,-35.51406,8.486081,-10.96331,-42.56740822650038,-32.036719363055006,66.64305318307964,55.23176028684298,60.09487406711792
05/18/2023 18:41:13.440114,3274,True,True,True,True,Eyes,0.6293138,0.0238656,-3.392958,-0.7350652,-0.3918414,0.5532988,0.0,0.0,0.0,0.0,0.0,0.0,0.0,2.168485,0.6576335,2.45294,0.4957725,0.02813835,-3.302293,0.1101128,-0.4167203,0.008940823,0.9022967,11.89745,309.9587,355.5667,0.1969104,0.006238634,-0.9804015,0.0,0.0,0.0,-0.8331403,-0.8050962,-2.479908,0.3087003,-0.4007984,2.069,0.6525285,-0.07563796,0.7539799,-0.1079071,0.9755904,0.1912573,-0.7500418,-0.2061606,0.6284387,static,-53.03047,-35.30579,8.486081,-10.96332,-42.16185658198513,-31.83170870927544,66.15770471106522,54.778674944088195,59.69096369218198
05/18/2023 18:41:13.450221,3275,True,True,True,True,Eyes,0.6230573,0.02380442,-3.388575,-0.7303416,-0.3926699,0.5589379,0.0,0.0,0.0,0.0,0.0,0.0,0.0,2.128391,0.6683115,2.474352,0.4877512,0.02688856,-3.295525,0.1116653,-0.4095136,0.009058253,0.905399,12.10022,310.8585,355.5977,0.1954576,0.006306401,-0.9806917,0.0,0.0,0.0,-0.8437024,-0.799722,-2.471256,0.3087003,-0.4007981,2.069,0.6644332,-0.07505422,0.7435693,-0.1078596,0.9748976,0.1947843,-0.7395234,-0.2096222,0.639659,static,-52.5728,-35.08915,8.48608,-10.96331,-41.73957264296571,-31.618448382171778,65.65244079666803,54.30700622386134,59.27073877052778
05/18/2023 18:41:13.469994,3276,True,True,True,True,Eyes,0.6167712,0.02368478,-3.384046,-0.7254367,-0.3933667,0.5648044,0.0,0.0,0.0,0.0,0.0,0.0,0.0,2.088143,0.6710027,2.496825,0.4794888,0.02566219,-3.288487,0.1116336,-0.4023685,0.007980593,0.9086109,12.08047,311.761,355.5816,0.1939974,0.006366708,-0.9809812,0.0,0.0,0.0,-0.8556292,-0.7915096,-2.462578,0.3087004,-0.4007982,2.069,0.6760717,-0.07533319,0.7329748,-0.1043382,0.9749485,0.1964408,-0.7294112,-0.2092853,0.651275,static,-52.09669,-34.85588,8.486082,-10.96331,-41.30042609347336,-31.38919962686128,65.123936954156,53.81369115002433,58.83377755005504
05/18/2023 18:41:13.490531,3277,True,True,True,True,Eyes,0.6104065,0.02350665,-3.379411,-0.7203341,-0.3939654,0.5708854,0.0,0.0,0.0,0.0,0.0,0.0,0.0,2.047301,0.6716241,2.519792,0.4713444,0.02418277,-3.281634,0.1110983,-0.3951592,0.006382886,0.9118474,11.98491,312.6709,355.5345,0.1925302,0.006418619,-0.9812698,0.0,0.0,0.0,-0.8680327,-0.782042,-2.453521,0.3087001,-0.4007981,2.069,0.6876169,-0.07616264,0.7220681,-0.09944351,0.9752328,0.197565,-0.7192315,-0.207654,0.6630127,static,-51.60217,-34.60938,8.486077,-10.96331,-40.84437963128741,-31.147145652812437,64.57347794549949,53.29991719609957,58.380089718609476
05/18/2023 18:41:13.507865,3278,True,True,True,True,Eyes,0.6040006,0.02327166,-3.374648,-0.7150651,-0.3943738,0.5771925,0.0,0.0,0.0,0.0,0.0,0.0,0.0,2.004498,0.6699794,2.543747,0.4629978,0.02257962,-3.274547,0.1101302,-0.3876296,0.004501065,0.9152019,11.83372,313.6215,355.4795,0.1910536,0.006461312,-0.9815581,0.0,0.0,0.0,-0.8808375,-0.7723939,-2.445464,0.3087,-0.4007983,2.069,0.6994461,-0.07714065,0.71051,-0.09361818,0.9757022,0.1980932,-0.7085272,-0.2050721,0.6752293,static,-51.08992,-34.34332,8.486074,-10.96332,-40.37218834792727,-30.88637691891678,63.999402036956845,52.7641734195968,57.91011242758714
05/18/2023 18:41:13.520609,3279,True,True,True,True,Eyes,0.5975271,0.02299144,-3.36979,-0.7095712,-0.3946985,0.5837138,0.0,0.0,0.0,0.0,0.0,0.0,0.0,1.961559,0.6628416,2.568394,0.4548178,0.02096768,-3.267479,0.1083771,-0.3800341,0.00287401,0.9185969,11.61266,314.5898,355.4859,0.1895683,0.006494041,-0.9818457,0.0,0.0,0.0,-0.8920597,-0.7668132,-2.438777,0.3087003,-0.4007982,2.069,0.7111316,-0.07709391,0.6988193,-0.08765414,0.9764922,0.1969254,-0.6975734,-0.2012942,0.6876569,static,-50.5583,-34.06597,8.486082,-10.96332,-39.88216542158825,-30.61459689893524,63.403245049322386,52.207854221320034,57.42242906402581
05/18/2023 18:41:13.540472,3280,True,True,True,True,Eyes,0.5910032,0.02269374,-3.36482,-0.703918,-0.394794,0.5904551,0.0,0.0,0.0,0.0,0.0,0.0,0.0,1.917631,0.6576351,2.592364,0.4465873,0.01967725,-3.260416,0.107154,-0.3722145,0.001841071,0.9219388,11.47553,315.5798,355.5303,0.1880727,0.006516488,-0.9821332,0.0,0.0,0.0,-0.904145,-0.7609503,-2.433559,0.3087,-0.4007983,2.069,0.722906,-0.07637382,0.6867124,-0.08316323,0.9770293,0.1962083,-0.6859233,-0.1989494,0.6999488,static,-50.00966,-33.76775,8.486073,-10.96332,-39.37668437117421,-30.322892165918667,62.78369857560311,51.629803191754505,56.9188210766487
05/18/2023 18:41:13.550097,3281,True,True,True,True,Eyes,0.5844172,0.02235677,-3.359759,-0.6980297,-0.3947931,0.5974053,0.0,0.0,0.0,0.0,0.0,0.0,0.0,1.872251,0.6544918,2.615822,0.4382497,0.01894332,-3.253272,0.1062598,-0.3641989,0.0003904207,0.9252394,11.35666,316.5819,355.5144,0.1865667,0.006529165,-0.9824204,0.0,0.0,0.0,-0.9183135,-0.7506157,-2.428536,0.3087,-0.4007982,2.069,0.734718,-0.07667691,0.6740254,-0.07812184,0.9774174,0.1963471,-0.6738594,-0.1969158,0.712136,static,-49.4416,-33.45858,8.486073,-10.96331,-38.85331856390288,-30.02049325443045,62.14219558052184,51.03130634457111,56.397268023932384
05/18/2023 18:41:13.570110,3282,True,True,True,True,Eyes,0.5777455,0.02201143,-3.354645,-0.6918958,-0.3947537,0.6045243,0.0,0.0,0.0,0.0,0.0,0.0,0.0,1.8258,0.6475738,2.640009,0.4300587,0.01754007,-3.246119,0.1046884,-0.3559963,-0.001016242,0.9286044,11.16906,317.6125,355.5321,0.1850491,0.006531888,-0.9827073,0.0,0.0,0.0,-0.9312859,-0.7449434,-2.424141,0.3087,-0.4007983,2.069,0.7465311,-0.07642472,0.6609467,-0.07264997,0.9780786,0.1951517,-0.6613722,-0.1937046,0.7246139,static,-48.85559,-33.1445,8.486074,-10.96332,-38.31332177340886,-29.71308747521176,61.48228343581016,50.41564464658433,55.85922068583561
05/18/2023 18:41:13.590083,3283,True,True,True,True,Eyes,0.5710106,0.02179889,-3.349437,-0.6854237,-0.3950053,0.6116905,0.0,0.0,0.0,0.0,0.0,0.0,0.0,1.779602,0.6461787,2.661845,0.4221267,0.01690473,-3.239054,0.1044348,-0.3477727,-0.001152346,0.9317437,11.1753,318.636,355.628,0.1835182,0.006525385,-0.9829944,0.0,0.0,0.0,-0.9323348,-0.7722684,-2.429953,0.3087,-0.4007984,2.069,0.7581056,-0.07478655,0.6478294,-0.07049178,0.978184,0.1954145,-0.6483107,-0.1938115,0.736295,static,-48.25342,-32.85276,8.486073,-10.96332,-37.757838861297046,-29.42622279007028,60.8154392355317,49.79335461355254,55.307307605515625
05/18/2023 18:41:13.608486,3284,True,True,True,True,Eyes,0.5642061,0.02159574,-3.344112,-0.6787835,-0.3948137,0.6191729,0.0,0.0,0.0,0.0,0.0,0.0,0.0,1.728634,0.6658072,2.680245,0.4137313,0.01994,-3.231658,0.10801,-0.3388804,-0.001794356,0.9346073,11.5766,319.685,355.5178,0.1819738,0.006514474,-0.9832816,0.0,0.0,0.0,-0.9410414,-0.7803863,-2.431893,0.3087,-0.4007983,2.069,0.7703137,-0.076559,0.6330526,-0.06985093,0.9766613,0.2031101,-0.6338278,-0.2006778,0.7469878,static,-47.62955,-32.52349,8.486075,-10.96332,-37.18285690572413,-29.10373189122062,60.11492576365312,49.1398604494641,54.7342754698529
05/18/2023 18:41:13.620056,3285,True,True,True,True,Eyes,0.5573969,0.021297,-3.338731,-0.6719579,-0.3944275,0.626817,0.0,0.0,0.0,0.0,0.0,0.0,0.0,1.681166,0.6392269,2.705965,0.4049369,0.01985915,-3.223787,0.102977,-0.3306524,-0.006001635,0.9380984,10.90822,320.725,355.3643,0.1804146,0.00649987,-0.983569,0.0,0.0,0.0,-0.9598575,-0.759685,-2.427169,0.3087003,-0.4007982,2.069,0.781266,-0.07935944,0.6191329,-0.05683894,0.9787195,0.1971741,-0.621605,-0.1892363,0.7601295,static,-46.9906,-32.18034,8.486084,-10.96332,-36.594090297168144,-28.76790358409632,59.39549145613879,48.46880761135074,54.146758783112034
05/18/2023 18:41:13.640202,3286,True,True,True,True,Eyes,0.5505896,0.02115392,-3.333273,-0.6644877,-0.3951591,0.6342755,0.0,0.0,0.0,0.0,0.0,0.0,0.0,1.64145,0.618723,2.726103,0.397898,0.01721144,-3.217172,0.09952909,-0.3234437,-0.005527919,0.9409823,10.58735,321.6568,355.6366,0.178842,0.006479118,-0.9838563,0.0,0.0,0.0,-0.9631257,-0.769521,-2.421087,0.3087001,-0.4007984,2.069,0.7907072,-0.07478748,0.6076093,-0.05398078,0.9801269,0.1908862,-0.60981,-0.1837343,0.7709562,static,-46.33259,-31.92326,8.486078,-10.96332,-35.98591229062495,-28.51220356061429,58.689057294335754,47.809217046856546,53.54604437918057
05/18/2023 18:41:13.650387,3287,True,True,True,True,Eyes,0.5437067,0.02124878,-3.327692,-0.6569133,-0.3956458,0.6418173,0.0,0.0,0.0,0.0,0.0,0.0,0.0,1.586069,0.6856531,2.733727,0.3902085,0.02103883,-3.210342,0.1113788,-0.3138944,-0.003590402,0.9428957,11.99247,322.7018,355.5031,0.1772573,0.006457421,-0.9841431,0.0,0.0,0.0,-0.9694606,-0.7707129,-2.412871,0.3087003,-0.4007983,2.069,0.8029149,-0.07669308,0.5911395,-0.06315159,0.9751638,0.2122911,-0.5927391,-0.2077831,0.7781302,static,-45.66595,-31.6516,8.486082,-10.96332,-35.36997296379913,-28.24265856388953,57.969366902592824,47.137342926742164,52.93707052729905
05/18/2023 18:41:13.670460,3288,True,True,True,True,Eyes,0.5368497,0.02137731,-3.32196,-0.649285,-0.3954666,0.6496423,0.0,0.0,0.0,0.0,0.0,0.0,0.0,1.543171,0.6671512,2.751642,0.3813995,0.02679934,-3.201845,0.1087758,-0.306483,-0.007413002,0.9456115,11.6057,323.6034,355.2746,0.1756587,0.006441934,-0.9844298,0.0,0.0,0.0,-0.9815329,-0.7570619,-2.402658,0.3087003,-0.4007982,2.069,0.8120264,-0.08069552,0.578015,-0.05265624,0.9762258,0.2102632,-0.5812405,-0.2011754,0.7884719,static,-44.98424,-31.33076,8.486081,-10.96331,-34.7409358045287,-27.926734314150305,57.21807622898153,46.43633002597117,52.31174708226445
05/18/2023 18:41:13.690170,3289,True,True,True,True,Eyes,0.5300102,0.02144702,-3.316198,-0.641416,-0.395469,0.6574114,0.0,0.0,0.0,0.0,0.0,0.0,0.0,1.506729,0.6141107,2.773448,0.3735971,0.0276769,-3.193594,0.0998631,-0.3000468,-0.01140348,0.9486144,10.5224,324.4572,355.2414,0.1740483,0.006433078,-0.9847159,0.0,0.0,0.0,-0.9891554,-0.7532723,-2.393414,0.3087003,-0.4007983,2.069,0.8196837,-0.08156221,0.5669799,-0.0382922,0.9797947,0.1963063,-0.5715349,-0.18262,0.7999985,static,-44.29443,-31.02922,8.486082,-10.96332,-34.10398091232797,-27.628690126929435,56.46612072554785,45.73453859331705,51.68002996730266
05/18/2023 18:41:13.710541,3290,True,True,True,True,Eyes,0.5231596,0.02158467,-3.310382,-0.6331515,-0.3960827,0.6650096,0.0,0.0,0.0,0.0,0.0,0.0,0.0,1.465327,0.6239303,2.785063,0.3670218,0.02636226,-3.187107,0.1016267,-0.2927271,-0.01030372,0.9507244,10.78976,325.3365,355.3819,0.1724275,0.006428465,-0.985001,0.0,0.0,0.0,-0.9978869,-0.7428246,-2.380304,0.3087001,-0.4007984,2.069,0.8284094,-0.07908978,0.5545112,-0.03990581,0.9791316,0.1992704,-0.5586998,-0.1872057,0.8079658,static,-43.59419,-30.77822,8.486076,-10.96332,-33.456337689411,-27.37771442855876,55.72238660216157,45.039964593125426,51.04229010764344
05/18/2023 18:41:13.720199,3291,True,True,True,True,Eyes,0.5163025,0.02176271,-3.304472,-0.6247909,-0.3964642,0.6726459,0.0,0.0,0.0,0.0,0.0,0.0,0.0,1.416675,0.6645158,2.791624,0.3599049,0.02824019,-3.179841,0.1088756,-0.2843489,-0.009165606,0.9524747,11.66505,326.2802,355.351,0.1707965,0.006429721,-0.9852851,0.0,0.0,0.0,-1.004745,-0.7315716,-2.36394,0.3087004,-0.4007983,2.069,0.8381234,-0.07937729,0.5396743,-0.04445726,0.9761242,0.2126149,-0.5436659,-0.2021899,0.8145837,static,-42.88765,-30.51552,8.486085,-10.96332,-32.80304888853452,-27.11564288170806,54.968619890717875,44.33610393054716,50.398229493818775
05/18/2023 18:41:13.740117,3292,True,True,True,True,Eyes,0.5094456,0.02194753,-3.298503,-0.6162679,-0.3966646,0.6803463,0.0,0.0,0.0,0.0,0.0,0.0,0.0,1.376371,0.6470707,2.805686,0.3527682,0.02934333,-3.171698,0.106076,-0.2773985,-0.01151876,0.9548117,11.31336,327.1313,355.2706,0.1691559,0.006437504,-0.985568,0.0,0.0,0.0,-1.004399,-0.7365579,-2.349008,0.3087003,-0.4007983,2.069,0.8458349,-0.08084715,0.527283,-0.03685419,0.9772304,0.2089559,-0.5321704,-0.1961747,0.8235959,static,-42.17076,-30.24361,8.486084,-10.96332,-32.14029306307843,-26.844713499294272,54.20189504550958,43.620192259443925,49.744228892403584
05/18/2023 18:41:13.750057,3293,True,True,True,True,Eyes,0.5026062,0.02216637,-3.292457,-0.6074784,-0.3970279,0.6879963,0.0,0.0,0.0,0.0,0.0,0.0,0.0,1.333557,0.6357753,2.819443,0.3463698,0.02961803,-3.164015,0.1042939,-0.2700311,-0.0129748,0.9570986,11.10642,328.0272,355.2556,0.1675061,0.0064514,-0.9858496,0.0,0.0,0.0,-1.0085,-0.7278231,-2.330703,0.3087001,-0.4007983,2.069,0.8538297,-0.08116154,0.5141863,-0.03148888,0.9779088,0.2066464,-0.5195992,-0.192632,0.8324119,static,-41.44346,-29.98833,8.486074,-10.96332,-31.467518367240626,-26.589112080074568,53.43135194768383,42.90052355365083,49.08230359588992
05/18/2023 18:41:13.769956,3294,True,True,True,True,Eyes,0.4957874,0.02239744,-3.28633,-0.5985233,-0.3971258,0.6957449,0.0,0.0,0.0,0.0,0.0,0.0,0.0,1.281517,0.6465425,2.831489,0.3397945,0.03062347,-3.156143,0.1062549,-0.2612213,-0.01422428,0.9593076,11.32832,329.0544,355.1557,0.1658478,0.006471865,-0.9861299,0.0,0.0,0.0,-1.011548,-0.7191321,-2.311569,0.3087001,-0.4007983,2.069,0.8631222,-0.08280301,0.4981604,-0.02822115,0.9770151,0.2112936,-0.504206,-0.1964309,0.8409467,static,-40.70417,-29.71739,8.486077,-10.96332,-30.78387234179496,-26.318577847935707,52.64404564132499,42.1653040411632,48.4083345264747
05/18/2023 18:41:13.790165,3295,True,True,True,True,Eyes,0.4890144,0.02261077,-3.280142,-0.5893806,-0.3971559,0.7034897,0.0,0.0,0.0,0.0,0.0,0.0,0.0,1.234583,0.6285564,2.846681,0.3332858,0.03110108,-3.148146,0.1034187,-0.2531323,-0.0160339,0.9617546,11.00002,330.0401,355.138,0.1641824,0.006498652,-0.9864084,0.0,0.0,0.0,-1.009667,-0.7198533,-2.291563,0.3087004,-0.4007982,2.069,0.8713339,-0.08319858,0.4835859,-0.02151587,0.9780949,0.2070442,-0.4902187,-0.1908094,0.8504572,static,-39.95613,-29.44695,8.486085,-10.96332,-30.09206375786045,-26.048311319492203,51.84874899246003,41.42258471767261,47.72643348289655
05/18/2023 18:41:13.810759,3296,True,True,True,True,Eyes,0.4822578,0.02282248,-3.273899,-0.580032,-0.3972483,0.7111657,0.0,0.0,0.0,0.0,0.0,0.0,0.0,1.190732,0.6188799,2.858327,0.3274653,0.03093273,-3.140493,0.1021041,-0.2455086,-0.01602071,0.9638692,10.8923,330.9685,355.2674,0.1625112,0.006530646,-0.9866849,0.0,0.0,0.0,-1.005296,-0.7241694,-2.271332,0.3087002,-0.4007983,2.069,0.8789377,-0.0810186,0.4700048,-0.01925115,0.9786362,0.2046964,-0.476548,-0.1889635,0.8586005,static,-39.20094,-29.18719,8.48608,-10.96332,-29.39338806095141,-25.787877970960736,51.05057604236509,40.6770404480834,47.03903335160166
05/18/2023 18:41:13.820622,3297,True,True,True,True,Eyes,0.475554,0.0230604,-3.267585,-0.570504,-0.3973294,0.7187868,0.0,0.0,0.0,0.0,0.0,0.0,0.0,1.145059,0.6236933,2.866667,0.3215156,0.03108981,-3.132666,0.1033151,-0.2375831,-0.01521103,0.9657376,11.08837,331.9126,355.4135,0.160835,0.006567309,-0.9869592,0.0,0.0,0.0,-1.00091,-0.7252322,-2.24859,0.3087002,-0.4007982,2.069,0.8866457,-0.07847157,0.4557428,-0.01971214,0.9781892,0.2067783,-0.462029,-0.1923228,0.8657605,static,-38.43917,-28.93285,8.486078,-10.96331,-28.688477312000288,-25.53236730160234,50.24821656211396,39.9274967071859,46.34620556273372
05/18/2023 18:41:13.840137,3298,True,True,True,True,Eyes,0.4688904,0.02329959,-3.261209,-0.5608559,-0.3973678,0.7263191,0.0,0.0,0.0,0.0,0.0,0.0,0.0,1.102845,0.6172553,2.875234,0.3159449,0.03194734,-3.124644,0.1027694,-0.2302361,-0.01468126,0.9675816,11.07625,332.8014,355.574,0.1591554,0.006609018,-0.9872312,0.0,0.0,0.0,-0.9923801,-0.7356175,-2.227541,0.3087,-0.4007984,2.069,0.8935516,-0.07573308,0.4425268,-0.01891181,0.9784458,0.2056359,-0.448562,-0.1921153,0.8728597,static,-37.67494,-28.68299,8.486075,-10.96332,-27.981188432614744,-25.28099375694089,49.44518187588276,39.177252125103344,45.6514450495625
05/18/2023 18:41:13.849957,3299,True,True,True,True,Eyes,0.4623003,0.0235326,-3.254766,-0.5510101,-0.3974704,0.733761,0.0,0.0,0.0,0.0,0.0,0.0,0.0,1.0595,0.6120406,2.883268,0.3108247,0.03217232,-3.116524,0.1022927,-0.2227894,-0.01436052,0.9693787,11.06497,333.6975,355.7096,0.1574734,0.00665535,-0.9875006,0.0,0.0,0.0,-0.9821846,-0.7494742,-2.207192,0.3087003,-0.4007982,2.069,0.9003172,-0.07342101,0.4289967,-0.01773789,0.9786599,0.2047194,-0.4348726,-0.1919219,0.8798022,static,-36.90433,-28.44393,8.486081,-10.96331,-27.2677475977963,-25.03958334418362,48.640122186661095,38.424962337792486,44.95218694662581
05/18/2023 18:41:13.875548,3300,True,True,True,True,Eyes,0.4558195,0.02377266,-3.248264,-0.5410995,-0.3977184,0.7409665,0.0,0.0,0.0,0.0,0.0,0.0,0.0,1.014544,0.6128618,2.890021,0.3058625,0.03226699,-3.108461,0.1027804,-0.2151112,-0.01401935,0.9710649,11.16187,334.6107,355.8238,0.1557906,0.006705711,-0.9877671,0.0,0.0,0.0,-0.9755115,-0.7523289,-2.184247,0.3087,-0.4007984,2.069,0.9070613,-0.07144584,0.4148919,-0.01699104,0.9784793,0.2056444,-0.4206556,-0.1935815,0.8863267,static,-36.13923,-28.22496,8.486073,-10.96332,-26.559055218042356,-24.81710403710488,47.84748565318149,37.684059547317496,44.26008519557745
05/18/2023 18:41:13.890159,3301,True,True,True,True,Eyes,0.4494251,0.02399725,-3.241715,-0.5310127,-0.398107,0.7480217,0.0,0.0,0.0,0.0,0.0,0.0,0.0,0.9709284,0.629513,2.892695,0.3012511,0.03276325,-3.100782,0.1059471,-0.2077229,-0.01339006,0.972341,11.56448,335.4667,355.8995,0.1541096,0.00675997,-0.9880304,0.0,0.0,0.0,-0.9651435,-0.76201,-2.161661,0.3087002,-0.4007983,2.069,0.9133437,-0.07005468,0.4011179,-0.01797587,0.9771919,0.2115962,-0.4067924,-0.2004705,0.8912528,static,-35.37054,-28.02249,8.486078,-10.96332,-25.84670111458638,-24.60998713925364,47.05760537348691,36.945517261781085,43.567135457543856
05/18/2023 18:41:13.910104,3302,True,True,True,True,Eyes,0.4431637,0.02420045,-3.235108,-0.520896,-0.3986299,0.7548256,0.0,0.0,0.0,0.0,0.0,0.0,0.0,0.9274958,0.6382813,2.896372,0.2967919,0.03264636,-3.093132,0.1076845,-0.2003604,-0.01316583,0.9736973,11.79604,336.3283,355.9702,0.1524331,0.006817279,-0.9882901,0.0,0.0,0.0,-0.9541126,-0.7703289,-2.137719,0.3087005,-0.4007982,2.069,0.9193648,-0.06879047,0.3873452,-0.01751234,0.9764614,0.21498,-0.3930162,-0.2044284,0.8965196,static,-34.60909,-27.83892,8.486087,-10.96331,-25.140730262610877,-24.420727069151862,46.28153512507368,36.2196757769327,42.88332002438118
05/18/2023 18:41:13.920231,3303,True,True,True,True,Eyes,0.4369949,0.02439776,-3.228456,-0.5106103,-0.3993821,0.761427,0.0,0.0,0.0,0.0,0.0,0.0,0.0,0.8848596,0.6547199,2.897385,0.2927273,0.03242198,-3.085406,0.1107152,-0.1931807,-0.01258286,0.9748155,12.1805,337.1602,356.0516,0.1507636,0.006876742,-0.9885457,0.0,0.0,0.0,-0.945523,-0.7706655,-2.111658,0.3086998,-0.4007984,2.069,0.9250458,-0.067308,0.3738449,-0.01824414,0.9751676,0.2207152,-0.3794174,-0.2109922,0.9008467,static,-33.84567,-27.67781,8.486071,-10.96332,-24.432492761050327,-24.25244527009245,45.512091492823984,35.499756203874774,42.201579497736624
05/18/2023 18:41:13.940194,3304,True,True,True,True,Eyes,0.4309197,0.02458886,-3.221748,-0.5003846,-0.3999783,0.7678754,0.0,0.0,0.0,0.0,0.0,0.0,0.0,0.841414,0.6717283,2.8978,0.2886408,0.03253075,-3.077672,0.1138578,-0.1858901,-0.01250469,0.9758715,12.56647,337.9984,356.0794,0.1491024,0.006938005,-0.9887971,0.0,0.0,0.0,-0.9363292,-0.7712341,-2.085289,0.3087005,-0.4007983,2.069,0.930577,-0.06673598,0.3599621,-0.01792412,0.9737601,0.22687,-0.3656572,-0.217572,0.9049626,static,-33.0902,-27.51454,8.486087,-10.96332,-23.731704264206307,-24.082323632988277,44.749642727006986,34.78641013767198,41.52695024694781
05/18/2023 18:41:13.950159,3305,True,True,True,True,Eyes,0.2814669,0.02890646,-3.052615,-0.2198691,-0.397354,0.8909363,0.0,0.0,0.0,0.0,0.0,0.0,0.0,0.7995228,0.6748692,2.89993,0.2848016,0.03257358,-3.069546,0.1146732,-0.1788795,-0.01299495,0.9770791,12.67617,338.8171,356.0963,0.147451,0.007000744,-0.9890443,0.0,0.0,0.0,-0.9245736,-0.7772599,-2.060368,0.3087001,-0.4007982,2.069,0.9356665,-0.06641956,0.3465785,-0.01563118,0.9733623,0.2287386,-0.3525392,-0.2194404,0.9097043,static,-13.86271,-24.03668,8.486078,-10.96332,-5.8829112320800725,-20.386744950528744,25.891718111368043,17.183387016239863,24.72230606064797
05/18/2023 18:41:13.969935,3306,True,True,True,True,Eyes,0.2813379,0.02890123,-3.052272,-0.2192822,-0.3972752,0.891116,0.0,0.0,0.0,0.0,0.0,0.0,0.0,0.7589129,0.675927,2.901607,0.281027,0.03231248,-3.061393,0.1151092,-0.1720585,-0.01346725,0.9782456,12.74286,339.616,356.1224,0.1401328,0.007326476,-0.9901054,-0.4483585,0.01295278,0.5073996,-0.913626,-0.7779065,-2.03273,0.3087006,-0.4007982,2.069,0.940429,-0.06595959,0.3335304,-0.01326249,0.973137,0.2298445,-0.3397312,-0.2205759,0.9142916,static,-13.82444,-24.02815,8.486087,-10.96331,-5.847416219002721,-20.37788444504145,25.854393422459733,17.1488637090155,24.68875249042828
05/18/2023 18:41:13.989992,3307,True,True,True,True,Eyes,0.2810796,0.02888102,-3.051605,-0.2182497,-0.3971364,0.8914313,0.0,0.0,0.0,0.0,0.0,0.0,0.0,0.7186588,0.6731697,2.903218,0.277342,0.0321805,-3.052924,0.1149111,-0.1653407,-0.0145054,0.9794119,12.72629,340.4002,356.096,0.1340725,0.007594555,-0.9909422,-0.421457,0.01217562,0.4769556,-0.9033954,-0.7762505,-2.005228,0.3087001,-0.4007983,2.069,0.9449041,-0.06641247,0.3205396,-0.009585441,0.97317,0.2298872,-0.327207,-0.2202939,0.9189158,static,-13.75715,-24.01317,8.486077,-10.96332,-5.78500511768047,-20.36232214999532,25.78875205193204,17.08815455879294,24.62971747768354
05/18/2023 18:41:14.008591,3308,True,True,True,True,Eyes,0.2806363,0.02884761,-3.050631,-0.2166785,-0.3969499,0.8918976,0.0,0.0,0.0,0.0,0.0,0.0,0.0,0.6805092,0.6655588,2.904969,0.2738639,0.03178418,-3.044485,0.113901,-0.1589112,-0.01513457,0.980584,12.62499,341.1612,356.1288,0.1290348,0.007815485,-0.991609,-0.3961695,0.01144508,0.4483383,-0.8886613,-0.7839056,-1.978837,0.3087002,-0.4007982,2.069,0.9490364,-0.06588171,0.3082038,-0.006518858,0.973595,0.2281891,-0.3150991,-0.2185689,0.9235476,static,-13.65496,-23.99204,8.486079,-10.96331,-5.690193379746578,-20.340204264974712,25.689947711360198,16.996848079608213,24.54082217352242
05/18/2023 18:41:14.020661,3309,True,True,True,True,Eyes,0.2800855,0.02879427,-3.049338,-0.214727,-0.3967054,0.8924781,0.0,0.0,0.0,0.0,0.0,0.0,0.0,0.6427938,0.6594166,2.905411,0.2705456,0.0313421,-3.035663,0.1131582,-0.1525665,-0.01562205,0.9816694,12.55643,341.9105,356.17,0.1248282,0.007997689,-0.9921458,-0.3723994,0.01075837,0.421438,-0.8753127,-0.7878709,-1.952163,0.3087001,-0.4007983,2.069,0.9529589,-0.06519969,0.2960042,-0.003856923,0.9739024,0.2269347,-0.3030753,-0.2174011,0.9278374,static,-13.52804,-23.96509,8.486077,-10.96332,-5.572450743018756,-20.31207250438836,25.566919455080797,16.883168413823743,24.430119764046438
05/18/2023 18:41:14.040474,3310,True,True,True,True,Eyes,0.279459,0.02870667,-3.047736,-0.2123251,-0.3965306,0.8931302,0.0,0.0,0.0,0.0,0.0,0.0,0.0,0.6051285,0.6516985,2.905616,0.26731,0.03079449,-3.02673,0.112096,-0.1462932,-0.01690332,0.9827243,12.43743,342.6431,356.1234,0.1212989,0.00814772,-0.9925824,-0.3500554,0.01011287,0.3961517,-0.8601385,-0.7943228,-1.925867,0.3087003,-0.4007983,2.069,0.9566252,-0.06602037,0.2837422,0.0004248305,0.9742976,0.2252646,-0.2913213,-0.2153733,0.9320655,static,-13.37277,-23.94019,8.486081,-10.96332,-5.428253163919253,-20.285210599289957,25.420631818212172,16.748323485362377,24.298367897050674
05/18/2023 18:41:14.049992,3311,True,True,True,True,Eyes,0.2787408,0.02857701,-3.045846,-0.2095439,-0.3963851,0.8938514,0.0,0.0,0.0,0.0,0.0,0.0,0.0,0.5651641,0.6478278,2.905032,0.2641043,0.02990276,-3.017889,0.1116344,-0.1396353,-0.01825533,0.9837208,12.3883,343.4145,356.0612,0.1183043,0.008271225,-0.9929428,-0.3290521,0.0095061,0.3723826,-0.8440339,-0.8021395,-1.899992,0.3087002,-0.4007982,2.069,0.9603375,-0.0670925,0.2706485,0.004740091,0.974409,0.2247323,-0.2788002,-0.2145359,0.9360794,static,-13.19349,-23.91525,8.48608,-10.96332,-5.261684624441038,-20.2577615901848,25.25383626520533,16.59480872569459,24.148076503037768
05/18/2023 18:41:14.070009,3312,True,True,True,True,Eyes,0.2779232,0.02840722,-3.043678,-0.2063743,-0.3963681,0.894596,0.0,0.0,0.0,0.0,0.0,0.0,0.0,0.526736,0.6469079,2.90304,0.2610679,0.02876662,-3.009086,0.1116789,-0.1331716,-0.01885584,0.9846004,12.40943,344.1674,356.0735,0.1155906,0.008378675,-0.9932613,-0.3093089,0.008935734,0.3500396,-0.8283806,-0.8061835,-1.872403,0.3087001,-0.4007984,2.069,0.9638196,-0.06687585,0.25803,0.007386,0.9743446,0.2249403,-0.2664532,-0.214896,0.9395863,static,-12.9903,-23.89667,8.486075,-10.96332,-5.072715467913101,-20.23571839730014,25.070026433235466,16.426142912778563,23.98234001741641
05/18/2023 18:41:14.090136,3313,True,True,True,True,Eyes,0.2770382,0.02820513,-3.04123,-0.2028959,-0.3964404,0.8953593,0.0,0.0,0.0,0.0,0.0,0.0,0.0,0.4904562,0.6477751,2.899661,0.2582631,0.02761545,-3.000122,0.1120559,-0.1270414,-0.01895464,0.9853652,12.47513,344.8843,356.1343,0.1131275,0.008470458,-0.9935442,-0.2907504,0.00839959,0.3290372,-0.8113793,-0.8127723,-1.845955,0.3087001,-0.4007983,2.069,0.9670024,-0.06582595,0.2461165,0.008882999,0.9741684,0.225648,-0.2546124,-0.2160159,0.9426079,static,-12.76807,-23.88244,8.486075,-10.96332,-4.865921977474505,-20.217311077353845,24.872521811336807,16.24537393063739,23.80421588597348
05/18/2023 18:41:14.108459,3314,True,True,True,True,Eyes,0.2760866,0.0279671,-3.038511,-0.1991947,-0.3966762,0.8960856,0.0,0.0,0.0,0.0,0.0,0.0,0.0,0.4561828,0.6517687,2.894629,0.2556573,0.02665471,-2.990938,0.1130037,-0.1212757,-0.01906075,0.9859813,12.60426,345.5538,356.1812,0.1108888,0.008547166,-0.9937958,-0.2733054,0.007895615,0.309295,-0.7939817,-0.8207263,-1.820599,0.3087001,-0.4007983,2.068999,0.9698578,-0.06499627,0.2348433,0.01017788,0.9737337,0.2274622,-0.243459,-0.2182158,0.9450448,static,-12.53274,-23.87786,8.48608,-10.96332,-4.646737128309596,-20.20763660640103,24.669335978173386,16.060145554913372,23.620945201151176
05/18/2023 18:41:14.120630,3315,True,True,True,True,Eyes,0.2750831,0.02769314,-3.035518,-0.1952668,-0.3969393,0.8968333,0.0,0.0,0.0,0.0,0.0,0.0,0.0,0.4246437,0.6544436,2.889056,0.2531469,0.02556413,-2.981698,0.1137044,-0.1159708,-0.01935698,0.986533,12.70061,346.1684,356.2051,0.1088504,0.008609223,-0.9940206,-0.2569071,0.007421878,0.2907373,-0.7791406,-0.8213621,-1.793463,0.3087003,-0.4007982,2.069,0.9723522,-0.06456538,0.2244161,0.01181983,0.9733933,0.2288359,-0.23322,-0.2198565,0.9472442,static,-12.28326,-23.87423,8.48608,-10.96331,-4.414349541590049,-20.19852743281279,24.455210881977692,15.86538128721962,23.427862276304392
05/18/2023 18:41:14.140365,3316,True,True,True,True,Eyes,0.2740236,0.02736691,-3.032264,-0.1911753,-0.3972522,0.897576,0.0,0.0,0.0,0.0,0.0,0.0,0.0,0.394058,0.6546271,2.883279,0.2508084,0.0244343,-2.97214,0.113985,-0.1108543,-0.01993912,0.9870771,12.74447,346.7599,356.2004,0.106992,0.008656976,-0.994222,-0.2414926,0.006976565,0.273293,-0.7646213,-0.8198363,-1.766142,0.3087002,-0.4007983,2.069,0.9746276,-0.06463435,0.2142979,0.01409145,0.9732197,0.2294446,-0.223389,-0.2206032,0.9494375,static,-12.0238,-23.87339,8.48608,-10.96332,-4.172609371528644,-20.191801327072444,24.234790797927264,15.665480656812832,23.229164752366973
05/18/2023 18:41:14.149982,3317,True,True,True,True,Eyes,0.2729291,0.02699319,-3.028756,-0.1869125,-0.3975727,0.8983315,0.0,0.0,0.0,0.0,0.0,0.0,0.0,0.3652246,0.651782,2.87765,0.248648,0.02283955,-2.962555,0.1136748,-0.1060222,-0.02052919,0.9876315,12.71987,347.3218,356.1996,0.1052944,0.008690211,-0.9944029,-0.2270031,0.006557971,0.2568955,-0.7495038,-0.8165877,-1.737559,0.3087001,-0.4007984,2.069,0.9766756,-0.06465467,0.2047545,0.01644644,0.9733132,0.2288908,-0.2140891,-0.2201845,0.9516746,static,-11.75362,-23.87264,8.486076,-10.96332,-3.9208789308035215,-20.184914050890097,24.00616248038857,15.458665126536683,23.02316468201159
05/18/2023 18:41:14.170348,3318,True,True,True,True,Eyes,0.2718357,0.02657072,-3.024995,-0.1825529,-0.3979774,0.8990486,0.0,0.0,0.0,0.0,0.0,0.0,0.0,0.3374793,0.6511077,2.871133,0.2466375,0.021329,-2.952957,0.1137519,-0.1013953,-0.02123477,0.9880934,12.73774,347.8551,356.1771,0.1037405,0.008708885,-0.9945661,-0.2133829,0.006164493,0.2414817,-0.7338033,-0.8106853,-1.707919,0.3087001,-0.4007982,2.069,0.9785361,-0.06503168,0.195545,0.01889607,0.9732192,0.2291012,-0.205207,-0.2204888,0.953559,static,-11.47793,-23.87729,8.486075,-10.96331,-3.663910812688368,-20.182955228742,23.776719182436103,15.252016699190758,22.816531692771164
05/18/2023 18:41:14.190404,3319,True,True,True,True,Eyes,0.2707174,0.02610101,-3.020995,-0.1780982,-0.3983561,0.8997741,0.0,0.0,0.0,0.0,0.0,0.0,0.0,0.3107999,0.6530849,2.863535,0.2446769,0.01978086,-2.943245,0.1142841,-0.09698439,-0.02227213,0.9884518,12.80353,348.3555,356.1075,0.1023174,0.00871289,-0.9947134,-0.2005799,0.005794623,0.2269928,-0.716095,-0.8071171,-1.678874,0.3087004,-0.4007981,2.069,0.9801959,-0.06619742,0.1866381,0.02186231,0.9728861,0.2302488,-0.1968195,-0.2216086,0.9550664,static,-11.19621,-23.88037,8.486087,-10.96331,-3.401354271519903,-20.179388784745985,23.542371465929445,15.041521470598635,22.605567775450307
05/18/2023 18:41:14.208570,3320,True,True,True,True,Eyes,0.2695937,0.02558377,-3.01676,-0.1735908,-0.3987847,0.9004649,0.0,0.0,0.0,0.0,0.0,0.0,0.0,0.2877569,0.650377,2.856385,0.2429009,0.01817591,-2.933496,0.1139998,-0.09316185,-0.02319692,0.988831,12.77547,348.7937,356.0538,0.1010118,0.008702178,-0.994847,-0.1885451,0.005446946,0.2133732,-0.6978465,-0.8038929,-1.650487,0.3087002,-0.4007983,2.069,0.9815655,-0.06711654,0.1789538,0.0246348,0.9729319,0.2297752,-0.1895315,-0.221131,0.9566498,static,-10.91157,-23.88689,8.48608,-10.96332,-3.1360109474751248,-20.17897545711105,23.30852820465934,14.832440914952736,22.395216418710355
05/18/2023 18:41:14.220633,3321,True,True,True,True,Eyes,0.2684643,0.02502891,-3.0123,-0.1690365,-0.3991953,0.9011491,0.0,0.0,0.0,0.0,0.0,0.0,0.0,0.2666324,0.6515932,2.84794,0.241355,0.01653889,-2.92368,0.1143944,-0.08967876,-0.02384908,0.9890919,12.82745,349.1909,356.0189,0.09981222,0.008676679,-0.9949682,-0.1772324,0.005120129,0.2005709,-0.6787482,-0.7988392,-1.621075,0.3087001,-0.4007982,2.069,0.9827779,-0.06769536,0.1719447,0.02666036,0.9726902,0.2305707,-0.1828575,-0.2220157,0.9577433,static,-10.62402,-23.89261,8.486077,-10.96331,-2.867971535339997,-20.17774668178308,23.072984328851113,14.622594212568641,22.183424607997846
05/18/2023 18:41:14.240072,3322,True,True,True,True,Eyes,0.2673296,0.02445936,-3.007613,-0.1644435,-0.3995492,0.9018418,0.0,0.0,0.0,0.0,0.0,0.0,0.0,0.2469728,0.6496171,2.839898,0.2400386,0.01508187,-2.91379,0.1142683,-0.0864622,-0.02464869,0.9893733,12.81747,349.5582,355.9697,0.09870874,0.008636656,-0.9950787,-0.1665985,0.004812921,0.1885366,-0.6569476,-0.7992323,-1.593997,0.3087002,-0.4007984,2.069,0.9838334,-0.06853328,0.1654536,0.02901372,0.9726704,0.2303705,-0.1767199,-0.2218457,0.9589341,static,-10.33389,-23.89511,8.486081,-10.96332,-2.5975899646299645,-20.173444806157743,22.834677598883264,14.410904239400924,21.969208429351525
05/18/2023 18:41:14.250215,3323,True,True,True,True,Eyes,0.2662035,0.02387528,-3.002695,-0.1598332,-0.3996792,0.9026128,0.0,0.0,0.0,0.0,0.0,0.0,0.0,0.2282618,0.6419236,2.832736,0.2389137,0.01414184,-2.903667,0.1132414,-0.08342137,-0.02574724,0.9897245,12.7008,349.9069,355.8935,0.09769206,0.008583084,-0.9951794,-0.1566026,0.004524146,0.1772244,-0.6318662,-0.8103402,-1.572124,0.3087002,-0.4007983,2.069,0.9847559,-0.06985885,0.159297,0.03207184,0.973027,0.2284513,-0.1709596,-0.2198598,0.9604346,static,-10.04175,-23.88388,8.486081,-10.96332,-2.3255990580353902,-20.156245140069167,22.58808075685407,14.191627754004678,21.747370810119488
05/18/2023 18:41:14.270410,3324,True,True,True,True,Eyes,0.2384648,0.008885011,-2.874226,-0.03433294,-0.4041356,0.9140546,0.0,0.0,0.0,0.0,0.0,0.0,0.0,0.2093952,0.6230385,2.827605,0.2379433,0.01316489,-2.893196,0.1102633,-0.08033985,-0.02725162,0.9902752,12.35706,350.2678,355.7913,0.09675399,0.008516819,-0.9952717,-0.1472064,0.004252697,0.1665909,-0.6172059,-0.788438,-1.53898,0.3087001,-0.4007983,2.069,0.9856057,-0.07169028,0.1531074,0.03625613,0.9741987,0.2227608,-0.1651268,-0.2140032,0.9627751,static,-2.151084,-23.8519,8.486079,-10.96332,5.026050140174998,-19.94566915261901,16.711215727916656,9.625715350579268,16.469951931190423
05/18/2023 18:41:14.290672,3325,True,True,True,True,Eyes,0.2384384,0.008859741,-2.87381,-0.03414541,-0.4038796,0.9141747,0.0,0.0,0.0,0.0,0.0,0.0,0.0,0.1914648,0.6011073,2.822917,0.2371521,0.01214281,-2.882787,0.106726,-0.07736727,-0.02841009,0.9908667,11.95284,350.6237,355.7316,0.09496965,0.007888637,-0.9954487,-0.2215903,-0.04097327,0.5420032,-0.598072,-0.7788548,-1.511002,0.3087002,-0.4007982,2.069,0.9864143,-0.07281542,0.1472571,0.03978702,0.9756049,0.2158985,-0.1593855,-0.2071065,0.9652478,static,-2.139065,-23.83569,8.486079,-10.96331,5.036937935035091,-19.930220855956154,16.691071022709597,9.607396337441878,16.450598436397314
05/18/2023 18:41:14.310138,3326,True,True,True,True,Eyes,0.2383785,0.008801818,-2.872987,-0.033543,-0.4035322,0.9143504,0.0,0.0,0.0,0.0,0.0,0.0,0.0,0.1745028,0.5785538,2.818085,0.2364448,0.01145564,-2.87241,0.1031171,-0.07454886,-0.02961451,0.9914296,11.53995,350.9612,355.6629,0.09353677,0.00736117,-0.9955883,-0.2082948,-0.03851487,0.509483,-0.5629975,-0.8233835,-1.502992,0.3087001,-0.4007983,2.069,0.9871309,-0.0740959,0.1417123,0.04334687,0.9769797,0.208882,-0.1539274,-0.2000511,0.9676186,static,-2.100957,-23.81341,8.486076,-10.96332,5.072018101999991,-19.90849356302777,16.649627045408227,9.574545493316492,16.41158017287004
05/18/2023 18:41:14.320213,3327,True,True,True,True,Eyes,0.2383064,0.008761742,-2.871793,-0.03278745,-0.4030393,0.9145951,0.0,0.0,0.0,0.0,0.0,0.0,0.0,0.1580077,0.5519753,2.813537,0.2358647,0.01057005,-2.861798,0.09875888,-0.0718257,-0.03122187,0.9920247,11.03785,351.2876,355.5512,0.09238492,0.006915324,-0.995699,-0.1957971,-0.03620398,0.478914,-0.5494097,-0.8056128,-1.476337,0.3087002,-0.4007983,2.069,0.9877325,-0.07613257,0.1363388,0.04775887,0.9785438,0.2004276,-0.1486726,-0.1914574,0.9701755,static,-2.053125,-23.7819,8.48608,-10.96332,5.1159816234851485,-19.87790404487526,16.59490389391951,9.53033954067391,16.359889202220284
05/18/2023 18:41:14.340794,3328,True,True,True,True,Eyes,0.2382339,0.008802267,-2.870217,-0.03164959,-0.4026757,0.9147954,0.0,0.0,0.0,0.0,0.0,0.0,0.0,0.1406312,0.5356775,2.807302,0.2354583,0.01092456,-2.851686,0.09640725,-0.06900318,-0.03288403,0.9924027,10.76676,351.6125,355.4125,0.0914169,0.006527997,-0.9957911,-0.1840493,-0.03403174,0.4501792,-0.5405247,-0.768042,-1.442049,0.3087003,-0.4007982,2.069,0.9883144,-0.0785732,0.1306173,0.05196358,0.9792486,0.1958878,-0.1432984,-0.1868114,0.9718884,static,-1.981498,-23.75819,8.486081,-10.96332,5.182266246314188,-19.854070867603166,16.53114964054651,9.484758453247954,16.300596655118667
05/18/2023 18:41:14.350209,3329,True,True,True,True,Eyes,0.2381523,0.008940864,-2.868275,-0.03036546,-0.4020903,0.9150964,0.0,0.0,0.0,0.0,0.0,0.0,0.0,0.1206926,0.523811,2.799588,0.234949,0.01293443,-2.840998,0.09516945,-0.06575954,-0.03501391,0.9926695,10.62257,351.9746,355.2125,0.09054733,0.006180856,-0.9958727,-0.1730064,-0.03198984,0.4231684,-0.5172036,-0.7778156,-1.424115,0.3087001,-0.4007982,2.069,0.9888994,-0.08203106,0.1238904,0.05699787,0.9794336,0.1935486,-0.1372195,-0.1843386,0.9732369,static,-1.900537,-23.72052,8.486076,-10.96332,5.256980052948524,-19.81695694273885,16.450771454608716,9.424115223674551,16.2252375157266
05/18/2023 18:41:14.370042,3330,True,True,True,True,Eyes,0.2380434,0.008998591,-2.866006,-0.02870261,-0.4013221,0.9154872,0.0,0.0,0.0,0.0,0.0,0.0,0.0,0.1020522,0.4989557,2.793998,0.2346007,0.01537728,-2.830287,0.09169407,-0.0626354,-0.03710192,0.9931227,10.22296,352.338,355.0346,0.08976801,0.0058737,-0.9959452,-0.162626,-0.03007044,0.3977783,-0.4883926,-0.8058234,-1.413086,0.3087001,-0.4007982,2.069,0.9894005,-0.0851801,0.1176052,0.06220692,0.9804313,0.1867747,-0.1312133,-0.1774791,0.975338,static,-1.795765,-23.6712,8.486078,-10.96332,5.3536565708781945,-19.768393090684235,16.346452507227646,9.345660818899493,16.1273287039953
05/18/2023 18:41:14.390739,3331,True,True,True,True,Eyes,0.2379351,0.009168127,-2.863483,-0.02686134,-0.4012209,0.9155874,0.0,0.0,0.0,0.0,0.0,0.0,0.0,0.08425359,0.4650908,2.790128,0.2343735,0.01338504,-2.820126,0.08575215,-0.05942471,-0.03701286,0.9938539,9.558308,352.7488,355.1273,0.08906935,0.005599518,-0.9960095,-0.1528684,-0.02826622,0.3739116,-0.4724115,-0.7931719,-1.388655,0.3087004,-0.4007983,2.069,0.9901975,-0.08376235,0.1117711,0.06337915,0.9825532,0.1748492,-0.1244668,-0.1660513,0.9782305,static,-1.680452,-23.66358,8.486085,-10.96332,5.4609551820646764,-19.758620627390417,16.26822297117817,9.301006587543935,16.055979017228996
05/18/2023 18:41:14.408696,3332,True,True,True,True,Eyes,0.2378349,0.009377235,-2.860623,-0.02471988,-0.4011873,0.9156624,0.0,0.0,0.0,0.0,0.0,0.0,0.0,0.06322889,0.5076393,2.774472,0.2342241,0.01638369,-2.811451,0.09430715,-0.05612849,-0.03679524,0.9932785,10.55714,353.0801,355.1169,0.08844428,0.005359024,-0.9960665,-0.1436963,-0.02657024,0.3514769,-0.4524827,-0.7859362,-1.365849,0.3087,-0.4007983,2.069,0.9909914,-0.08368247,0.1045623,0.0625092,0.9795046,0.191477,-0.1184426,-0.183216,0.9759115,static,-1.546423,-23.6601,8.486074,-10.96332,5.585772204150881,-19.75229488681194,16.182064714473523,9.255151542142167,15.977700442011491
05/18/2023 18:41:14.420552,3333,True,True,True,True,Eyes,0.2377527,0.009624006,-2.857497,-0.02244717,-0.4008965,0.9158483,0.0,0.0,0.0,0.0,0.0,0.0,0.0,0.04220442,0.4918554,2.766628,0.2337363,0.01756686,-2.800534,0.09220291,-0.05241571,-0.03713721,0.9936659,10.33159,353.5206,355.1329,0.08788716,0.005150441,-0.9961169,-0.1350745,-0.02497603,0.3303883,-0.4256506,-0.7929393,-1.347128,0.3087003,-0.4007983,2.069,0.9917468,-0.08346972,0.09731908,0.0641382,0.9802389,0.1871309,-0.1110157,-0.1793446,0.9775024,static,-1.404021,-23.64056,8.486081,-10.96332,5.718082677155465,-19.73074472310885,16.078760262781582,9.193995376910435,15.88267356282217
05/18/2023 18:41:14.440300,3334,True,True,True,True,Eyes,0.2376616,0.009939976,-2.854089,-0.0199021,-0.4007791,0.9159586,0.0,0.0,0.0,0.0,0.0,0.0,0.0,0.03108568,0.4698866,2.761016,0.2340369,0.01865028,-2.79103,0.08875951,-0.05032131,-0.0350392,0.9941638,9.959765,353.8056,355.4226,0.08739108,0.00497137,-0.9961615,-0.1269701,-0.02347747,0.310565,-0.4033721,-0.7813857,-1.32225,0.3087002,-0.4007984,2.069,0.99248,-0.07860239,0.09383513,0.06073641,0.981788,0.1800094,-0.1062754,-0.1729565,0.979179,static,-1.244736,-23.63186,8.48608,-10.96332,5.866332223160032,-19.71895468685963,15.974375911360543,9.139158450535666,15.787373378683304
05/18/2023 18:41:14.450440,3335,True,True,True,True,Eyes,0.2375583,0.01031757,-2.850395,-0.01732753,-0.4002008,0.9162637,0.0,0.0,0.0,0.0,0.0,0.0,0.0,0.01074444,0.4691006,2.750963,0.233673,0.0206524,-2.780816,0.08943404,-0.04675948,-0.03488254,0.9942828,10.05441,354.2164,355.4722,0.08695171,0.004821771,-0.9962006,-0.1193518,-0.02206882,0.2919311,-0.3794683,-0.7772789,-1.301,0.3087002,-0.4007982,2.069,0.9931936,-0.07772999,0.08674491,0.06100244,0.9815695,0.1811076,-0.09922366,-0.1745833,0.9796302,static,-1.083396,-23.59449,8.48608,-10.96332,6.015946295394736,-19.680281450904225,15.846808085020657,9.060186391856252,15.668862070998971
05/18/2023 18:41:14.469954,3336,True,True,True,True,Eyes,0.2369584,0.01074828,-2.846483,-0.01622497,-0.3979026,0.9172842,0.0,0.0,0.0,0.0,0.0,0.0,0.0,-0.001137808,0.4282835,2.74702,0.2332444,0.02240608,-2.770315,0.08282993,-0.04455739,-0.03675462,0.9948884,9.296162,354.4906,355.3203,0.08656192,0.004700311,-0.9962343,-0.1121907,-0.02074469,0.2744152,-0.352814,-0.7831068,-1.283596,0.3087001,-0.4007984,2.069,0.9933275,-0.08051486,0.08257049,0.06575211,0.9835766,0.1680885,-0.09474801,-0.1615377,0.9823077,static,-1.013345,-23.4504,8.486078,-10.96332,6.078452034146042,-19.543804329638338,15.689684644992994,8.911867039101475,15.515664089737236
05/18/2023 18:41:14.490299,3337,True,True,True,True,Eyes,0.2363682,0.01116512,-2.84234,-0.01492639,-0.3957782,0.9182248,0.0,0.0,0.0,0.0,0.0,0.0,0.0,-0.01623699,0.4102892,2.7399,0.2327423,0.02312238,-2.760607,0.08018997,-0.04193618,-0.03931472,0.9951207,8.9922,354.7855,355.0648,0.08620157,0.004606574,-0.9962655,-0.1054593,-0.01950001,0.2579503,-0.3287104,-0.7810773,-1.264508,0.3087001,-0.4007982,2.069,0.9933915,-0.0849715,0.07715783,0.07152006,0.9840478,0.1628948,-0.08976842,-0.1563,0.9836218,static,-0.9313014,-23.31727,8.486078,-10.96332,6.152342435194056,-19.417311616416,15.534063066887697,8.770193608859051,15.364553939020507
05/18/2023 18:41:14.508580,3338,True,True,True,True,Eyes,0.2360159,0.01156503,-2.837983,-0.01340401,-0.3938619,0.9190719,0.0,0.0,0.0,0.0,0.0,0.0,0.0,-0.03752154,0.4121606,2.729696,0.2323315,0.02319354,-2.751002,0.08107271,-0.03829179,-0.04115021,0.9951221,9.102609,355.185,354.8806,0.08586872,0.004537377,-0.9962941,-0.09913174,-0.01833001,0.2424733,-0.3038892,-0.7798243,-1.245834,0.3087002,-0.4007983,2.069,0.9936808,-0.08810777,0.06953768,0.0756901,0.9834677,0.1645059,-0.08288231,-0.158203,0.9839219,static,-0.8355588,-23.19722,8.48608,-10.96332,6.239248154476859,-19.30274864299829,15.380548076309422,8.63680053224093,15.216185870953538
05/18/2023 18:41:14.520132,3339,True,True,True,True,Eyes,0.2356693,0.01197938,-2.833433,-0.01170167,-0.392143,0.9198298,0.0,0.0,0.0,0.0,0.0,0.0,0.0,-0.05428967,0.4090599,2.72046,0.2319728,0.02362569,-2.74168,0.08099229,-0.03527511,-0.04109604,0.9952422,9.109082,355.5348,354.915,0.08556949,0.004489743,-0.9963198,-0.09318384,-0.01723021,0.2279249,-0.2776538,-0.7824812,-1.228995,0.3087003,-0.4007982,2.069,0.9941335,-0.08751504,0.06355763,0.076087,0.9835027,0.1641132,-0.07687148,-0.1583145,0.9843919,static,-0.7288525,-23.08958,8.486081,-10.96331,6.336607670324377,-19.19955088461973,15.230279824163517,8.512103118763799,15.071540843592391
05/18/2023 18:41:14.540219,3340,True,True,True,True,Eyes,0.235389,0.01238836,-2.828702,-0.009663825,-0.3905578,0.9205276,0.0,0.0,0.0,0.0,0.0,0.0,0.0,-0.07250719,0.4141269,2.71003,0.2317063,0.02442742,-2.732532,0.08249794,-0.03206282,-0.04122518,0.9952219,9.297684,355.8963,354.9221,0.08530129,0.004462096,-0.9963428,-0.08759281,-0.0161964,0.2142494,-0.2512482,-0.7952929,-1.217762,0.3087001,-0.4007982,2.069,0.9945449,-0.08734665,0.05701725,0.07676619,0.9829891,0.1668511,-0.07062121,-0.1615639,0.9843321,static,-0.6014768,-22.99035,8.486078,-10.96332,6.4533876638225225,-19.10375200370464,15.074252978635558,8.390379205359435,14.922095312093587
05/18/2023 18:41:14.550233,3341,True,True,True,True,Eyes,0.2351219,0.01281195,-2.823799,-0.007391903,-0.38908,0.9211743,0.0,0.0,0.0,0.0,0.0,0.0,0.0,-0.09319882,0.4175886,2.699747,0.2314976,0.02482523,-2.723508,0.08366166,-0.02837135,-0.04131116,0.9952332,9.449697,356.3158,354.9415,0.08506386,0.004452326,-0.9963631,-0.08233724,-0.01522461,0.2013944,-0.2255315,-0.8029156,-1.204824,0.3087001,-0.4007983,2.069,0.9949769,-0.08697566,0.04955991,0.07748128,0.9825882,0.1688698,-0.06338456,-0.1641816,0.9843916,static,-0.4597563,-22.89793,8.486077,-10.96332,6.58366437242106,-19.013999132020988,14.915188543343623,8.272400394826764,14.77018519916815
05/18/2023 18:41:14.569987,3342,True,True,True,True,Eyes,0.2348455,0.01325327,-2.818722,-0.004836318,-0.3876013,0.9218144,0.0,0.0,0.0,0.0,0.0,0.0,0.0,-0.1147573,0.4170229,2.689899,0.2314767,0.02560246,-2.714479,0.08412322,-0.02444104,-0.04065901,0.9953253,9.524682,356.7743,355.0527,0.08485511,0.004459237,-0.9963809,-0.077397,-0.01431114,0.1893108,-0.1994131,-0.8157443,-1.194611,0.3087002,-0.4007984,2.069,0.995499,-0.08505002,0.04181284,0.07682578,0.9825402,0.1694475,-0.05549431,-0.1654724,0.9846518,static,-0.3006007,-22.8056,8.48608,-10.96332,6.7301882609411,-18.92393136065418,14.746028391473837,8.151962281234605,14.608873254561653
05/18/2023 18:41:14.589987,3343,True,True,True,True,Eyes,0.2345895,0.01371822,-2.813484,-0.002029,-0.3861114,0.9224499,0.0,0.0,0.0,0.0,0.0,0.0,0.0,-0.1378394,0.4092552,2.680743,0.2314107,0.02643804,-2.705296,0.08328237,-0.02014836,-0.04014543,0.9955132,9.450746,357.2805,355.1566,0.08467237,0.004481872,-0.9963964,-0.07275318,-0.01345247,0.1779521,-0.1734504,-0.8285086,-1.185114,0.3087002,-0.4007983,2.069,0.9959648,-0.08328661,0.03342909,0.0765746,0.9829048,0.1674351,-0.04680272,-0.1641997,0.9853162,static,-0.1260263,-22.71281,8.48608,-10.96332,6.891070051383855,-18.833080029052567,14.56773455903833,8.029768343548769,14.438935506995243
05/18/2023 18:41:14.608686,3344,True,True,True,True,Eyes,0.2343798,0.01418004,-2.80808,0.001134835,-0.3845851,0.9230888,0.0,0.0,0.0,0.0,0.0,0.0,0.0,-0.1618949,0.3996605,2.671698,0.2315619,0.02745802,-2.696207,0.08214408,-0.0156822,-0.03979811,0.995702,9.342386,357.8064,355.243,0.08451424,0.004519581,-0.9964098,-0.06838799,-0.01264532,0.167275,-0.1494966,-0.8320744,-1.172056,0.3087002,-0.4007983,2.069,0.9963404,-0.08183052,0.02469123,0.07667773,0.9833369,0.1648303,-0.03776795,-0.1623338,0.9860129,static,0.07043876,-22.618,8.486079,-10.96332,7.0723100693409,-18.73983676019801,14.375484915351803,7.903983521676746,14.255818711027915
05/18/2023 18:41:14.620229,3345,True,True,True,True,Eyes,0.2341976,0.01463967,-2.80254,0.004603232,-0.3830914,0.923699,0.0,0.0,0.0,0.0,0.0,0.0,0.0,-0.1890117,0.3846883,2.662743,0.2317943,0.02784912,-2.686896,0.07988897,-0.01058055,-0.03921013,0.995976,9.108544,358.4133,355.3646,0.08438041,0.004570839,-0.996421,-0.06428471,-0.0118866,0.1572385,-0.1262506,-0.8344524,-1.158884,0.3087001,-0.4007983,2.069,0.9967012,-0.07979524,0.01481103,0.07641417,0.9841607,0.1599647,-0.02734086,-0.1583053,0.9870116,static,0.2855298,-22.52556,8.486077,-10.96332,7.270950649416314,-18.64838549102884,14.175132034553604,7.780537491027543,14.06510662236527
05/18/2023 18:41:14.640679,3346,True,True,True,True,Eyes,0.2340455,0.01510365,-2.796865,0.008390563,-0.3817406,0.9242314,0.0,0.0,0.0,0.0,0.0,0.0,0.0,-0.2179912,0.3786989,2.652573,0.2321726,0.02825473,-2.678128,0.07929658,-0.005182603,-0.03852525,0.9960929,9.066123,359.0464,355.4946,0.08426985,0.004634305,-0.9964302,-0.06042763,-0.0111734,0.1478042,-0.1041152,-0.8341539,-1.144876,0.3087002,-0.4007982,2.069,0.9969779,-0.07757138,0.004214868,0.07592753,0.9844557,0.1583728,-0.01643455,-0.1575742,0.9873704,static,0.5201409,-22.44237,8.486079,-10.96331,7.487956911824122,-18.565145681550256,13.972293594704901,7.667082458940638,13.872394194626093
05/18/2023 18:41:14.650275,3347,True,True,True,True,Eyes,0.2339363,0.01556754,-2.791058,0.01251626,-0.3804598,0.9247128,0.0,0.0,0.0,0.0,0.0,0.0,0.0,-0.2507968,0.381176,2.640375,0.232575,0.0288607,-2.669242,0.08038102,0.0008951431,-0.03802481,0.9960382,9.218112,359.7487,355.6072,0.08418173,0.004709007,-0.9964374,-0.05680197,-0.010503,0.1389359,-0.08249576,-0.8309877,-1.129981,0.3087002,-0.4007983,2.069,0.9971066,-0.07560443,-0.007896139,0.07589224,0.9841861,0.1600571,-0.004329754,-0.1601932,0.9870762,static,0.7754682,-22.36402,8.48608,-10.96332,7.724358740587491,-18.485962029329247,13.763338796247778,7.561108541640692,13.673966649603273
05/18/2023 18:41:14.670165,3348,True,True,True,True,Eyes,0.2339112,0.01602696,-2.785128,0.01692015,-0.379271,0.925131,0.0,0.0,0.0,0.0,0.0,0.0,0.0,-0.2829677,0.3786666,2.628485,0.2333868,0.02933491,-2.660275,0.08042516,0.006913104,-0.03670957,0.9960604,9.248933,0.4566875,355.8156,0.08411578,0.004793913,-0.9964426,-0.05339385,-0.009872819,0.1305998,-0.06079257,-0.8289262,-1.115546,0.3087002,-0.4007984,2.069,0.9972092,-0.07201792,-0.01967648,0.07424187,0.9843684,0.1597091,0.007866997,-0.1607242,0.986968,static,1.047792,-22.2919,8.48608,-10.96332,7.976716919496968,-18.41222077986401,13.552300660306498,7.466295840377491,13.473593491127433
05/18/2023 18:41:14.690063,3349,True,True,True,True,Eyes,0.2345812,0.02726125,-2.633787,0.135714,-0.351012,0.9264838,0.0,0.0,0.0,0.0,0.0,0.0,0.0,-0.3167479,0.3788068,2.615678,0.2342736,0.02975973,-2.651381,0.08093706,0.01326726,-0.03514127,0.9960111,9.332345,1.204355,356.0569,0.08407318,0.004887941,-0.9964458,-0.05019022,-0.00928045,0.1227638,-0.0402936,-0.82569,-1.100981,0.3087004,-0.4007983,2.069,0.9971781,-0.06785456,-0.03211714,0.07214982,0.9844286,0.160296,0.02074021,-0.1621609,0.9865463,static,8.333583,-20.74993,8.486084,-10.96332,14.735782683763986,-16.80208711451201,9.78779811025447,8.552773529992958,9.704184796347297
05/18/2023 18:41:14.708849,3350,True,True,True,True,Eyes,0.2346097,0.0272735,-2.633428,0.13614,-0.3511239,0.9263789,0.0,0.0,0.0,0.0,0.0,0.0,0.0,-0.3526435,0.3833776,2.601361,0.2354243,0.02999899,-2.642365,0.08232953,0.01996146,-0.03411917,0.9958209,9.516583,1.983657,356.2405,0.08454723,0.005488874,-0.9964027,-0.04516903,0.02497925,0.5694215,-0.01817658,-0.825225,-1.087664,0.3087002,-0.4007984,2.069,0.9968749,-0.06466635,-0.04537412,0.07124002,0.9841155,0.1626088,0.03413806,-0.1653331,0.9856468,static,8.360306,-20.75813,8.486079,-10.96332,14.760839676264975,-16.80915083892175,9.795617478425187,8.575917428572284,9.710674393834813
05/18/2023 18:41:14.720633,3351,True,True,True,True,Eyes,0.2347001,0.02729299,-2.632726,0.1370941,-0.3513113,0.9261671,0.0,0.0,0.0,0.0,0.0,0.0,0.0,-0.3893183,0.3862966,2.586748,0.2366437,0.03031896,-2.633466,0.08346058,0.02684057,-0.03339489,0.9955897,9.670257,2.783381,356.3932,0.0849705,0.005999182,-0.9963638,-0.04245889,0.02348049,0.5352562,0.004347313,-0.8270134,-1.075584,0.3087002,-0.4007983,2.069,0.9963288,-0.06201497,-0.05901869,0.07097548,0.9838382,0.1643923,0.04787007,-0.1679776,0.9846278,static,8.419958,-20.77261,8.48608,-10.96332,14.816699357879465,-16.821339024084875,9.809512853500118,8.62514511999065,9.721600376864407
05/18/2023 18:41:14.740321,3352,True,True,True,True,Eyes,0.2348613,0.0273143,-2.631692,0.1379261,-0.3514878,0.9259766,0.0,0.0,0.0,0.0,0.0,0.0,0.0,-0.4271957,0.3878953,2.571559,0.238095,0.03053501,-2.624548,0.08438185,0.03394863,-0.03305446,0.9953063,9.800371,3.60734,356.5052,0.08535287,0.006434967,-0.9963285,-0.03991136,0.02207166,0.5031408,0.02642348,-0.8300886,-1.06433,0.3087,-0.4008001,2.069,0.9955098,-0.06006934,-0.07315698,0.07152794,0.9835742,0.1657273,0.06200019,-0.1702159,0.9834543,moving,8.472035,-20.78606,8.486073,-10.96336,14.86548113520903,-16.832736507074603,9.822710031118906,8.668703982566855,9.732155531394689
05/18/2023 18:41:14.750021,3353,True,True,True,True,Eyes,0.2350874,0.02733995,-2.630337,0.1392648,-0.3517542,0.9256751,0.0,0.0,0.0,0.0,0.0,0.0,0.0,-0.4665009,0.3894684,2.55536,0.239515,0.03063837,-2.615505,0.08539023,0.04135828,-0.0333773,0.9949291,9.943403,4.460113,356.5454,0.08570516,0.006824043,-0.9962958,-0.03751668,0.02074736,0.4729524,0.04414884,-0.8328625,-1.054855,0.3054084,-0.3987078,2.068739,0.9943509,-0.0593529,-0.08799732,0.07347928,0.983189,0.1671536,0.07659694,-0.1726753,0.981996,moving,8.555797,-20.80666,8.397929,-10.90885,14.943923181041583,-16.850101281185104,9.899068900736273,8.840164399173464,9.80117597228366
05/18/2023 18:41:14.770039,3354,True,True,True,True,Eyes,0.2353819,0.02737097,-2.628668,0.1406124,-0.3519672,0.9253904,0.0,0.0,0.0,0.0,0.0,0.0,0.0,-0.5059226,0.3901008,2.538629,0.2411723,0.03078791,-2.606465,0.0863341,0.04877684,-0.03430844,0.9944799,10.08226,5.308594,356.5169,0.08603527,0.007175779,-0.9962649,-0.03526568,0.01950252,0.4445752,0.06005875,-0.8349558,-1.045265,0.3023769,-0.396781,2.068498,0.9928874,-0.0598159,-0.1029392,0.07666032,0.9827387,0.1683681,0.0910912,-0.175062,0.9803345,moving,8.639959,-20.82404,8.316697,-10.85862,15.022676133169556,-16.86444286188655,9.970661667965873,9.002225523883782,9.86547456257506
05/18/2023 18:41:14.790105,3355,True,True,True,True,Eyes,0.2357417,0.02739317,-2.626689,0.1424266,-0.3521429,0.925046,0.0,0.0,0.0,0.0,0.0,0.0,0.0,-0.5440121,0.3840883,2.522293,0.2426875,0.0309569,-2.597225,0.08605498,0.05605664,-0.03555789,0.9940764,10.08314,6.141351,356.4451,0.08634963,0.007494802,-0.9962355,-0.03314973,0.01833237,0.4179007,0.0747797,-0.8353183,-1.034935,0.2991463,-0.3947275,2.068242,0.9911866,-0.06104662,-0.117569,0.08034243,0.9826604,0.1671039,0.1053293,-0.1750769,0.9789044,moving,8.752928,-20.84064,8.230067,-10.80506,15.128255529848529,-16.877394853833714,10.049191487961657,9.190117277293991,9.934805302031505
05/18/2023 18:41:14.808965,3356,True,True,True,True,Eyes,0.2361932,0.02739116,-2.624415,0.144269,-0.352257,0.9247169,0.0,0.0,0.0,0.0,0.0,0.0,0.0,-0.5809025,0.3760229,2.505732,0.2444934,0.03075777,-2.587819,0.08527686,0.06315273,-0.03652927,0.9936827,10.02571,6.957148,356.4003,0.08665312,0.007783968,-0.9962062,-0.03116075,0.01723243,0.3928267,0.08844435,-0.8338068,-1.023798,0.2958882,-0.3926566,2.067983,0.9893547,-0.06182608,-0.1317377,0.08336794,0.982787,0.1648624,0.1192773,-0.1740901,0.9774792,moving,8.867475,-20.85359,8.142646,-10.75101,15.235235201599734,-16.886894188822716,10.128548747754586,9.37837386551068,10.00461672047044
05/18/2023 18:41:14.820461,3357,True,True,True,True,Eyes,0.2367112,0.02735562,-2.621859,0.1465375,-0.3523546,0.924323,0.0,0.0,0.0,0.0,0.0,0.0,0.0,-0.6162466,0.3687849,2.488705,0.2462147,0.03020664,-2.578349,0.08454563,0.070048,-0.03721435,0.9932575,9.971876,7.752644,356.386,0.08695094,0.008045019,-0.9961777,-0.0292911,0.01619848,0.3692571,0.1012803,-0.8337263,-1.013522,0.2926152,-0.390576,2.067724,0.9874167,-0.06208237,-0.145444,0.08577136,0.9829342,0.1627376,0.1328588,-0.1731647,0.9758906,moving,9.008413,-20.86699,8.054761,-10.69667,15.366813775627111,-16.89621056908983,10.214933237153536,9.586470625905388,10.079658621795891
05/18/2023 18:41:14.840384,3358,True,True,True,True,Eyes,0.2372596,0.02728849,-2.619012,0.1488456,-0.3524199,0.9239292,0.0,0.0,0.0,0.0,0.0,0.0,0.0,-0.6505629,0.3631375,2.471244,0.2482144,0.02936199,-2.568983,0.08403901,0.07675319,-0.03772668,0.9927857,9.942323,8.527542,356.3906,0.08724716,0.008279601,-0.9961494,-0.02753364,0.01522658,0.3471016,0.1130336,-0.8356178,-1.004109,0.2895057,-0.3885998,2.067477,0.9853713,-0.06200848,-0.1587399,0.08780953,0.9830283,0.1610741,0.1460579,-0.1726567,0.9740928,moving,9.151758,-20.87866,7.971212,-10.64503,15.500601909667513,-16.90385250332151,10.301498523759346,9.791045477367913,10.154569201456665
05/18/2023 18:41:14.850015,3359,True,True,True,True,Eyes,0.2378794,0.02719246,-2.615892,0.1515687,-0.3525321,0.9234436,0.0,0.0,0.0,0.0,0.0,0.0,0.0,-0.684895,0.3629723,2.452085,0.2501555,0.0285202,-2.559328,0.08467264,0.08350707,-0.03840015,0.9921606,10.04555,9.30446,356.3867,0.08754413,0.008489274,-0.9961212,-0.02588162,0.01431298,0.3262755,0.1225567,-0.8342358,-0.9934802,0.2862583,-0.3865356,2.06722,0.9831039,-0.06205671,-0.1722077,0.09033976,0.982712,0.1616043,0.1592019,-0.1744311,0.9717143,moving,9.321086,-20.89476,7.883899,-10.59105,15.658685172015865,-16.915046246806703,10.403458378686821,10.021987255539411,10.242779311198415
05/18/2023 18:41:14.869988,3360,True,True,True,True,Eyes,0.2385577,0.02704419,-2.6125,0.1544193,-0.3525071,0.9229808,0.0,0.0,0.0,0.0,0.0,0.0,0.0,-0.7193071,0.3612448,2.432556,0.2523702,0.02774077,-2.54966,0.08497716,0.09032985,-0.03878556,0.9915217,10.10894,10.09361,356.4148,0.08784548,0.00867553,-0.9960929,-0.02432872,0.0134542,0.306699,0.1312973,-0.8355006,-0.9840448,0.2830268,-0.3844816,2.066963,0.9806724,-0.06156148,-0.1857197,0.09226538,0.9825491,0.1615064,0.1725362,-0.1755204,0.9692388,moving,9.497902,-20.90298,7.796954,-10.53732,15.82359426781367,-16.918692602677677,10.504291091468478,10.254212318998137,10.329080412102417
05/18/2023 18:41:14.890121,3361,True,True,True,True,Eyes,0.2393033,0.02684252,-2.608866,0.1576603,-0.3526094,0.9223936,0.0,0.0,0.0,0.0,0.0,0.0,0.0,-0.7531271,0.3563075,2.412887,0.2545727,0.02632371,-2.539818,0.08443458,0.09716938,-0.03872321,0.9909235,10.07062,10.89133,356.4868,0.08815401,0.008838817,-0.9960639,-0.022869,0.01264695,0.2882971,0.139165,-0.8346916,-0.9737435,0.2799827,-0.3825467,2.066722,0.9781172,-0.06033455,-0.199114,0.09315238,0.9827426,0.159811,0.1860357,-0.1748618,0.9668579,moving,9.699556,-20.92068,7.715,-10.48666,16.0118285418039,-16.930643962575722,10.62107508106105,10.505345932525255,10.429390694067303
05/18/2023 18:41:14.908922,3362,True,True,True,True,Eyes,0.2401266,0.02659578,-2.604995,0.1610332,-0.352731,0.9217642,0.0,0.0,0.0,0.0,0.0,0.0,0.0,-0.7869365,0.3605271,2.391669,0.2568137,0.02486916,-2.530367,0.08578087,0.1039838,-0.0389295,0.9901078,10.251,11.68104,356.5481,0.08847248,0.008979475,-0.9960343,-0.02149686,0.01188813,0.2709992,0.1459377,-0.8297368,-0.9618023,0.2767269,-0.3804771,2.066464,0.9753437,-0.05924917,-0.2125891,0.09492844,0.9822523,0.1617685,0.1992314,-0.1779607,0.963658,moving,9.909624,-20.94032,7.627288,-10.43245,16.207939938047893,-16.944218610197083,10.752878198593901,10.771755572545876,10.543454590109661
05/18/2023 18:41:14.920226,3363,True,True,True,True,Eyes,0.2624382,0.01968251,-2.502249,0.2539426,-0.3551942,0.899639,0.0,0.0,0.0,0.0,0.0,0.0,0.0,-0.8205747,0.3652601,2.369535,0.2590068,0.02358424,-2.520677,0.08735777,0.1108417,-0.03941412,0.9892063,10.46106,12.47389,356.583,0.08880377,0.009098118,-0.9960034,-0.02020705,0.01117484,0.2547393,0.1526117,-0.8172886,-0.9463252,0.2735125,-0.3784339,2.066209,0.9723213,-0.05861163,-0.226177,0.09734318,0.9816303,0.1640923,0.2124045,-0.1815672,0.9601654,moving,15.76287,-21.54503,7.540635,-10.3789,21.6734080202067,-17.376250230034362,13.866780721282248,15.770167515991844,13.155706333442371
05/18/2023 18:41:14.940537,3364,True,True,True,True,Eyes,0.2625468,0.01964469,-2.501855,0.2542296,-0.3550963,0.8995965,0.0,0.0,0.0,0.0,0.0,0.0,0.0,-0.853866,0.3626071,2.347892,0.2614406,0.02260073,-2.510837,0.08752521,0.1177188,-0.03992714,0.9883762,10.51052,13.27137,356.5995,0.09049891,0.008962403,-0.9958525,0.04794035,-0.01023544,0.5476929,0.1596075,-0.8026861,-0.9300811,0.2703908,-0.37645,2.065961,0.9690962,-0.05831934,-0.2396902,0.09953278,0.9814904,0.1636153,0.2257116,-0.182416,0.9569632,moving,15.78051,-21.54056,7.45643,-10.32688,21.68975860042312,-17.371662315030758,13.965562179475626,15.881328688550994,13.250154308767806
05/18/2023 18:41:14.950014,3365,True,True,True,True,Eyes,0.262757,0.01957611,-2.50108,0.2550381,-0.3549945,0.8994079,0.0,0.0,0.0,0.0,0.0,0.0,0.0,-0.8875387,0.3571929,2.325804,0.2638081,0.02165802,-2.500922,0.08721032,0.1247829,-0.04066754,0.9875069,10.50905,14.08955,356.5858,0.09193052,0.008844594,-0.9957227,0.04506393,-0.00962131,0.5148313,0.1658651,-0.7872857,-0.9139498,0.26705,-0.3743263,2.065696,0.9655508,-0.05855424,-0.2535412,0.1020837,0.9814811,0.1620923,0.2393547,-0.1823908,0.9536471,moving,15.83133,-21.53905,7.366254,-10.27115,21.73708202347888,-17.36908547483049,14.093370146837696,16.028143563284647,13.370417561968534
05/18/2023 18:41:14.970003,3366,True,True,True,True,Eyes,0.2630787,0.01945369,-2.499944,0.2566863,-0.3544103,0.8991693,0.0,0.0,0.0,0.0,0.0,0.0,0.0,-0.9223365,0.3505724,2.30276,0.2663091,0.02094975,-2.490973,0.08675261,0.1321563,-0.04151182,0.9865524,10.49467,14.94368,356.5613,0.0931856,0.008738634,-0.9956073,0.0423601,-0.009044032,0.4839414,0.1716918,-0.7693179,-0.8965955,0.2639227,-0.3723385,2.065448,0.961623,-0.05897735,-0.2679608,0.104837,0.9815015,0.1601999,0.2535557,-0.1821441,0.9500174,moving,15.93248,-21.51203,7.281788,-10.21896,21.830811678532047,-17.341478146081677,14.225607266607776,16.198899800287332,13.492033425505575
05/18/2023 18:41:14.990087,3367,True,True,True,True,Eyes,0.2634919,0.01929862,-2.498453,0.2588311,-0.3537767,0.8988039,0.0,0.0,0.0,0.0,0.0,0.0,0.0,-0.9564365,0.3371905,2.280273,0.2687337,0.01948333,-2.481032,0.08464184,0.1395683,-0.04198129,0.9856947,10.28709,15.80806,356.5544,0.09433283,0.008638696,-0.9955004,0.03981849,-0.00850139,0.4549049,0.1779799,-0.7580036,-0.8830287,0.2607512,-0.3703226,2.065197,0.9575166,-0.05913484,-0.2822502,0.1063881,0.9821466,0.1551435,0.2680367,-0.1785805,0.946713,moving,16.06496,-21.48501,7.196073,-10.166,21.95373359684955,-17.31315357751136,14.379747702893432,16.397266557336295,13.632911638922174
05/18/2023 18:41:15.000686,3368,True,True,True,True,Eyes,0.2640042,0.01910908,-2.496627,0.2615446,-0.3529088,0.8983595,0.0,0.0,0.0,0.0,0.0,0.0,0.0,-0.990492,0.3271349,2.256447,0.2712357,0.01842535,-2.470979,0.08326624,0.1470574,-0.04229011,0.9847094,10.16155,16.6831,356.5754,0.09538747,0.008543036,-0.995401,0.03742938,-0.007991306,0.4276106,0.1852212,-0.749496,-0.8706996,0.2574683,-0.3682359,2.064936,0.9531714,-0.05879708,-0.2966603,0.1077768,0.9825566,0.1515479,0.2825749,-0.1764242,0.9428816,moving,16.23217,-21.44674,7.107294,-10.11116,22.10879986852104,-17.273503526773414,14.551932378614737,16.62360800544768,13.789393794463939
05/18/2023 18:41:15.020112,3369,True,True,True,True,Eyes,0.2645999,0.01886379,-2.494478,0.2647337,-0.3519828,0.8977885,0.0,0.0,0.0,0.0,0.0,0.0,0.0,-1.024698,0.3176145,2.231754,0.2736658,0.01736851,-2.460979,0.08207843,0.1546757,-0.04288295,0.9836156,10.06313,17.57101,356.5664,0.09636432,0.008449931,-0.9953079,0.03518362,-0.007511828,0.401954,0.1925539,-0.7318121,-0.8550117,0.2543471,-0.3662521,2.064688,0.948473,-0.0589696,-0.3113224,0.1097517,0.9828483,0.1482013,0.2972433,-0.1747331,0.9386771,moving,16.42937,-21.40793,7.022833,-10.05898,22.291799471475414,-17.232661453441224,14.740475041017808,16.87018205896092,13.960058434400933
05/18/2023 18:41:15.040372,3370,True,True,True,True,Eyes,0.2653002,0.01860968,-2.492037,0.268398,-0.3508522,0.8971428,0.0,0.0,0.0,0.0,0.0,0.0,0.0,-1.058999,0.3066476,2.206479,0.2761283,0.01576093,-2.451033,0.08038758,0.1624479,-0.04317446,0.982489,9.903369,18.4809,356.5827,0.09727605,0.008356967,-0.9952202,0.0330726,-0.007061118,0.3778368,0.2030144,-0.7083117,-0.8362456,0.2511397,-0.3642133,2.064434,0.9434933,-0.05871926,-0.3261479,0.1109544,0.9833476,0.1439326,0.3122651,-0.171987,0.9342971,moving,16.6556,-21.35934,6.935987,-10.00533,22.50166056860212,-17.182000361468724,14.946050312703653,17.140443142505454,14.145975818013605
05/18/2023 18:41:15.050436,3371,True,True,True,True,Eyes,0.2660777,0.01835061,-2.489278,0.2725162,-0.3496065,0.8963873,0.0,0.0,0.0,0.0,0.0,0.0,0.0,-1.093346,0.3048647,2.179241,0.27845,0.01529142,-2.441243,0.08087702,0.1703112,-0.04343527,0.9811049,9.990952,19.40224,356.6423,0.09813431,0.008263878,-0.995137,0.03108825,-0.006637451,0.3551666,0.2128157,-0.7373205,-0.8404171,0.2479522,-0.3621872,2.064181,0.938215,-0.05768057,-0.3412121,0.1127776,0.9831445,0.1439026,0.3271604,-0.1734927,0.928906,moving,16.91012,-21.30664,6.849626,-9.951977,22.737802474945177,-17.126844516307337,15.170428845870015,17.43309713090487,14.348909063720928
05/18/2023 18:41:15.069974,3372,True,True,True,True,Eyes,0.2669404,0.0181714,-2.486243,0.2769671,-0.3482018,0.8955694,0.0,0.0,0.0,0.0,0.0,0.0,0.0,-1.126738,0.288372,2.152974,0.2809515,0.01487347,-2.43081,0.07823758,0.1782038,-0.04366887,0.9799058,9.723568,20.32858,356.644,0.09894869,0.008170573,-0.9950572,0.02922295,-0.006239204,0.3338566,0.2242133,-0.7260323,-0.8266187,0.2447232,-0.360135,2.063925,0.9326729,-0.05769831,-0.356079,0.1134672,0.9839438,0.137767,0.3424128,-0.1688948,0.9242446,moving,17.18494,-21.24633,6.762091,-9.89791,22.992713196864884,-17.064100707286038,15.408517702011476,17.742248621596865,14.56469284107408
05/18/2023 18:41:15.090116,3373,True,True,True,True,Eyes,0.2678869,0.01801301,-2.48289,0.2818461,-0.3465701,0.8946797,0.0,0.0,0.0,0.0,0.0,0.0,0.0,-1.157483,0.2783116,2.127077,0.2833858,0.01657376,-2.420971,0.07741354,0.1855403,-0.04407653,0.9785906,9.663897,21.1887,356.6539,0.09972857,0.00808029,-0.9949802,0.02746957,-0.005864852,0.3138252,0.2327753,-0.7089133,-0.8121189,0.2416275,-0.3581672,2.063679,0.9272642,-0.05753908,-0.3699602,0.1149924,0.9841288,0.1351563,0.3563118,-0.1678682,0.9191638,moving,17.48571,-21.17476,6.678115,-9.846037,23.27158716506744,-16.99022305687362,15.657077457008187,18.066065230373084,14.790094840052216
05/18/2023 18:41:15.110637,3374,True,True,True,True,Eyes,0.2689108,0.01782136,-2.479294,0.2870001,-0.3445163,0.8938341,0.0,0.0,0.0,0.0,0.0,0.0,0.0,-1.18923,0.2533451,2.100359,0.2862159,0.01684742,-2.409928,0.07306135,0.1933611,-0.04435414,0.9773977,9.205314,22.10759,356.6054,0.1004826,0.007993577,-0.9949052,0.0258214,-0.005512961,0.2949956,0.243837,-0.7075573,-0.8032472,0.2382426,-0.3560156,2.063411,0.9212884,-0.05844883,-0.3844624,0.1149577,0.9853895,0.1256673,0.3715001,-0.1599727,0.914547,moving,17.80124,-21.07848,6.586239,-9.789286,23.563739763668806,-16.89287805320767,15.912955369749422,18.40371028458039,15.023567052937956
05/18/2023 18:41:15.120488,3375,True,True,True,True,Eyes,0.2700058,0.01775355,-2.475444,0.292381,-0.3429938,0.892675,0.0,0.0,0.0,0.0,0.0,0.0,0.0,-1.214703,0.2338278,2.077409,0.2889101,0.01573299,-2.400435,0.06845096,0.1998641,-0.04177106,0.9765368,8.649346,22.89574,356.8561,0.101217,0.007908876,-0.9948315,0.02427211,-0.005182183,0.2772959,0.2481278,-0.678089,-0.7837434,0.2352164,-0.3540922,2.063171,0.9166191,-0.05422016,-0.3960679,0.1089437,0.9871393,0.1169927,0.3846308,-0.1503869,0.9107376,moving,18.13535,-21.01834,6.504053,-9.738525,23.873898219749563,-16.828936040316474,16.20250895190106,18.76127532122213,15.288047542392642
05/18/2023 18:41:15.140289,3376,True,True,True,True,Eyes,0.2712109,0.01791978,-2.471338,0.2978468,-0.3413,0.8915165,0.0,0.0,0.0,0.0,0.0,0.0,0.0,-1.243333,0.2490659,2.047343,0.2916223,0.01873821,-2.390424,0.07384402,0.2067619,-0.04344876,0.9746327,9.3177,23.69826,356.854,0.1019383,0.007830949,-0.9947586,0.02281579,-0.004871252,0.2606581,0.2527709,-0.6653988,-0.7709283,0.2319202,-0.3519971,2.062909,0.9107234,-0.05415691,-0.4094507,0.1152294,0.9853186,0.1259745,0.396617,-0.1619087,0.9035931,moving,18.47396,-20.94839,6.414478,-9.683205,24.188061347241472,-16.755708494661402,16.502590681239994,19.129050438621807,15.563831171769724
05/18/2023 18:41:15.150026,3377,True,True,True,True,Eyes,0.2725112,0.01812986,-2.466981,0.3035653,-0.3392031,0.8903872,0.0,0.0,0.0,0.0,0.0,0.0,0.0,-1.267673,0.224396,2.023327,0.2948093,0.0244773,-2.379851,0.07110325,0.2130115,-0.04532914,0.9734042,9.07549,24.41998,356.6354,0.1026529,0.007768661,-0.9946858,0.02144684,-0.004578977,0.2450187,0.2621927,-0.6674793,-0.7631747,0.228755,-0.3499849,2.062658,0.9051427,-0.05795553,-0.4211386,0.1185388,0.9857792,0.1191132,0.4082464,-0.1577357,0.8991408,moving,18.82611,-20.85491,6.328415,-9.630039,24.514388996674,-16.660146047871745,16.79851509150931,19.497488436007313,15.836922370262748
05/18/2023 18:41:15.170395,3378,True,True,True,True,Eyes,0.2739191,0.01826423,-2.462473,0.3093269,-0.3372997,0.8891265,0.0,0.0,0.0,0.0,0.0,0.0,0.0,-1.289524,0.187828,2.001421,0.2982993,0.02563494,-2.36943,0.06420449,0.2188507,-0.04598963,0.9725572,8.338135,25.10438,356.4449,0.1033669,0.007722264,-0.9946123,0.02016003,-0.004304239,0.2303175,0.2711275,-0.6647849,-0.7542363,0.2254884,-0.3479088,2.062399,0.8999787,-0.06135269,-0.4315949,0.1175575,0.9875254,0.1047554,0.419784,-0.1450148,0.8959643,moving,19.18277,-20.77478,6.239541,-9.575153,24.845175138486425,-16.576976435030847,17.116039900793936,19.87951591741003,16.13117637918974
05/18/2023 18:41:15.190108,3379,True,True,True,True,Eyes,0.2753924,0.01843319,-2.457781,0.3153022,-0.3360936,0.8874828,0.0,0.0,0.0,0.0,0.0,0.0,0.0,-1.315002,0.1876066,1.974755,0.3011608,0.02397843,-2.36068,0.06469297,0.2253223,-0.04641717,0.9710253,8.427318,25.86756,356.4651,0.1040848,0.007687237,-0.9945378,0.01895043,-0.004045984,0.2164985,0.2807489,-0.6682634,-0.7477273,0.2224475,-0.3459758,2.062158,0.8941507,-0.06099096,-0.443593,0.119298,0.9873205,0.1047194,0.4315815,-0.1465547,0.8900894,moving,19.55895,-20.7419,6.156758,-9.524025,25.195056229925328,-16.53758765434419,17.477398831647946,20.289082300537633,16.46518838289351
05/18/2023 18:41:15.209118,3380,True,True,True,True,Eyes,0.3147647,0.02423839,-2.335503,0.4639037,-0.2968157,0.8346819,2.042932,1.262489,-0.5821359,-0.6303048,-0.1912652,-0.5011245,-0.8439738,0.09810483,-0.2738112,2.040807,0.3041244,0.02511989,-2.351429,0.07196388,0.2330585,-0.04943808,0.9685354,9.348729,26.76399,356.3846,0.1048112,0.007663847,-0.9944618,0.0178134,-0.003803225,0.2035086,0.292145,-0.670603,-0.7410058,0.2190807,-0.3438358,2.061891,0.8864792,-0.06222146,-0.4585664,0.1293086,0.9847541,0.1163552,0.4443353,-0.162443,0.8810099,moving,29.06465,-19.57556,6.065056,-9.467389,34.0297695267308,-15.228236694451777,25.12282717231636,28.551927584504536,23.68910847519528
05/18/2023 18:41:15.220540,3381,True,True,True,True,Eyes,0.3149282,0.02423043,-2.335132,0.4644583,-0.2963497,0.8345391,0.0,0.0,0.0,0.0,0.0,0.0,0.0,-1.371452,0.1907243,1.9134,0.3078231,0.02682377,-2.341556,0.06933013,0.2397923,-0.05039103,0.9670335,9.105676,27.5561,356.2715,0.1081538,0.00796968,-0.9941013,0.1348615,0.01384059,0.5581298,0.3058792,-0.6698605,-0.7333742,0.2160523,-0.3419111,2.06165,0.8799208,-0.06420998,-0.4707615,0.1307093,0.9853082,0.1099223,0.456787,-0.1582559,0.8753861,moving,29.09789,-19.55025,5.982522,-9.416422,34.06025569752074,-15.203784655652182,25.23915029689011,28.6679733517549,23.805593435905923
05/18/2023 18:41:15.240376,3382,True,True,True,True,Eyes,0.3152674,0.02429244,-2.334413,0.4654896,-0.2958367,0.8341463,0.0,0.0,0.0,0.0,0.0,0.0,0.0,-1.396428,0.1622848,1.886985,0.3118091,0.02651781,-2.332194,0.06312222,0.2466913,-0.04916243,0.9657858,8.405673,28.38554,356.3013,0.1109336,0.008222508,-0.993793,0.1267698,0.01301016,0.5246421,0.3207718,-0.6637397,-0.7239605,0.2127173,-0.3397912,2.061386,0.8734529,-0.06381734,-0.4827084,0.1261041,0.9871973,0.09766919,0.4702954,-0.146181,0.8703179,moving,29.1634,-19.52746,5.891579,-9.360252,34.12085835829345,-15.180952668472068,25.395861300048576,28.823129069560153,23.96050337917792
05/18/2023 18:41:15.250046,3383,True,True,True,True,Eyes,0.3157881,0.02440643,-2.333324,0.4671503,-0.2948115,0.8335808,0.0,0.0,0.0,0.0,0.0,0.0,0.0,-1.427572,0.1556468,1.85313,0.3159646,0.02824768,-2.322854,0.06317671,0.2549853,-0.04968315,0.9635989,8.458382,29.3711,356.3174,0.1132652,0.008435344,-0.9935282,0.1191636,0.01222955,0.4931635,0.3365546,-0.6563963,-0.7144036,0.2095018,-0.3377474,2.061131,0.8650282,-0.063531,-0.4976847,0.1279675,0.9870806,0.09641708,0.4851294,-0.147091,0.8619824,moving,29.26688,-19.4771,5.803845,-9.306071,34.21631107270461,-15.13144491673678,25.572716756928,29.00350340221657,24.138173691243896
05/18/2023 18:41:15.270472,3384,True,True,True,True,Eyes,0.3164785,0.02445321,-2.331935,0.4691853,-0.2933644,0.8329481,0.0,0.0,0.0,0.0,0.0,0.0,0.0,-1.456738,0.1229218,1.820841,0.320723,0.02948422,-2.312775,0.05608527,0.2632678,-0.04795387,0.9618965,7.651419,30.37088,356.3716,0.1153517,0.008628456,-0.9932865,0.1120138,0.01149577,0.4635737,0.3551491,-0.6450538,-0.7034303,0.2060195,-0.3355339,2.060855,0.8567809,-0.06272244,-0.5118517,0.1217842,0.9891098,0.08264703,0.5010938,-0.1331459,0.8550891,moving,29.39181,-19.40227,5.708778,-9.247358,34.33128054566995,-15.058541305782327,25.768357387322308,29.20646338381773,24.337301706935403
05/18/2023 18:41:15.290185,3385,True,True,True,True,Eyes,0.3173181,0.02447383,-2.33028,0.4716185,-0.292444,0.831897,0.0,0.0,0.0,0.0,0.0,0.0,0.0,-1.481826,0.1063946,1.791067,0.3252368,0.02777635,-2.304018,0.05087097,0.2704037,-0.04397398,0.9603959,6.978334,31.24898,356.7106,0.1172657,0.008804779,-0.9930609,0.105293,0.01080603,0.4357593,0.3755674,-0.6407752,-0.6955218,0.2032155,-0.3337517,2.060632,0.8498963,-0.05695345,-0.5238632,0.1119762,0.9909568,0.0739311,0.5149152,-0.121494,0.848588,moving,29.54974,-19.36855,5.632185,-9.200057,34.47778734550398,-15.023362666885724,25.98937642709178,29.42753240699818,24.5548143982798
05/18/2023 18:41:15.300825,3386,True,True,True,True,Eyes,0.3183351,0.02454878,-2.328346,0.4741503,-0.2918364,0.8306702,0.0,0.0,0.0,0.0,0.0,0.0,0.0,-1.510152,0.1293404,1.755808,0.329583,0.02725692,-2.295818,0.0569563,0.2780038,-0.0438995,0.9578846,7.673252,32.16486,356.9673,0.1190327,0.008965012,-0.9928492,0.09897539,0.01015766,0.4096138,0.3980617,-0.6429015,-0.6901698,0.200169,-0.3318154,2.06039,0.8415735,-0.05243319,-0.5375916,0.1157694,0.9896576,0.08470666,0.5275903,-0.1335236,0.8389398,moving,29.71792,-19.35772,5.54893,-9.148643,34.63428407938446,-15.00937523994314,26.23671722628479,29.669951201703636,24.794701879454358
05/18/2023 18:41:15.320475,3387,True,True,True,True,Eyes,0.3195284,0.02463571,-2.326157,0.4770884,-0.2911778,0.8292178,0.0,0.0,0.0,0.0,0.0,0.0,0.0,-1.536243,0.1311594,1.722095,0.334603,0.02871007,-2.286935,0.05927633,0.2852485,-0.04536908,0.9555424,7.999532,33.02871,356.9386,0.1206759,0.009113159,-0.9926495,0.09303687,0.009548204,0.3850369,0.4214644,-0.6405417,-0.6835277,0.1969005,-0.3297377,2.060131,0.8331499,-0.05288719,-0.5505127,0.1205211,0.988856,0.08739916,0.5397554,-0.139165,0.8302392,moving,29.91386,-19.3486,5.459557,-9.093441,34.81667948752385,-14.996352923130992,26.51756439289042,29.944699195679366,25.06662099208569
05/18/2023 18:41:15.340661,3388,True,True,True,True,Eyes,0.3208821,0.02471565,-2.323741,0.4801407,-0.2908538,0.8275682,0.0,0.0,0.0,0.0,0.0,0.0,0.0,-1.561421,0.1206676,1.689788,0.3399497,0.02906646,-2.278501,0.05783376,0.2924256,-0.04561847,0.9534472,7.87214,33.89019,356.9234,0.1222172,0.009251089,-0.9924597,0.08745465,0.008975312,0.3619347,0.4464024,-0.6399394,-0.6779617,0.1935918,-0.3276346,2.059869,0.8248124,-0.05316544,-0.5629013,0.1208137,0.9891484,0.08360286,0.5523482,-0.1369629,0.8222851,moving,30.12156,-19.36433,5.369035,-9.037535,35.01050941575469,-15.006321880459502,26.820331631947617,30.236458495733018,25.356226315064003
05/18/2023 18:41:15.350228,3389,True,True,True,True,Eyes,0.3223879,0.02478029,-2.321108,0.4835623,-0.2907671,0.8256041,0.0,0.0,0.0,0.0,0.0,0.0,0.0,-1.589192,0.123287,1.653471,0.3449768,0.02904767,-2.270429,0.06020652,0.3003372,-0.04726118,0.9507573,8.214077,34.83849,356.8896,0.1236749,0.009379622,-0.9922779,0.08220737,0.008436793,0.3402186,0.4723699,-0.6432887,-0.6738984,0.1904268,-0.3256229,2.059618,0.815128,-0.0537033,-0.5767863,0.1260323,0.9882831,0.08609498,0.5654046,-0.1428721,0.8123456,moving,30.35781,-19.40161,5.282397,-8.984029,35.23135489773529,-15.035808818248054,27.153311603046323,30.554281502415915,25.671682062256824
05/18/2023 18:41:15.370196,3390,True,True,True,True,Eyes,0.3640836,0.02541148,-2.25118,0.5673421,-0.2957881,0.7685261,0.0,0.0,0.0,0.0,0.0,0.0,0.0,-1.616377,0.123057,1.616846,0.3500692,0.02880038,-2.262439,0.06216794,0.3082478,-0.04943369,0.9479846,8.53098,35.78545,356.7887,0.1250647,0.009499106,-0.9921026,0.07727493,0.007930586,0.3198055,0.4988351,-0.6456053,-0.6700075,0.1872655,-0.3236135,2.059367,0.8050793,-0.05539849,-0.5905747,0.132051,0.9873829,0.08739284,0.5782818,-0.1483441,0.802237,moving,36.43552,-21.05058,5.195818,-8.930555,40.92601333577444,-16.44016680673892,33.50841665983979,36.510835764475594,31.49800806832546
05/18/2023 18:41:15.390397,3391,True,True,True,True,Eyes,0.3642805,0.02537667,-2.250908,0.5677068,-0.2963782,0.7680293,0.0,0.0,0.0,0.0,0.0,0.0,0.0,-1.641979,0.1313504,1.58084,0.3550524,0.02799559,-2.255117,0.06609153,0.3157003,-0.05153565,0.9451504,9.060223,36.68463,356.7673,0.128926,0.009685207,-0.9916065,0.1977258,0.009348312,0.5104031,0.5259458,-0.6472749,-0.666259,0.1840114,-0.3215451,2.059109,0.7953549,-0.05568764,-0.6035805,0.1391481,0.985952,0.09239323,0.5899562,-0.1574725,0.7919305,moving,36.47083,-21.10132,5.106647,-8.87548,40.95988787049879,-16.4868529232727,33.66278566849584,36.65225612012354,31.63861719788555
05/18/2023 18:41:15.405463,3392,True,True,True,True,Eyes,0.3646971,0.02534019,-2.250395,0.5681698,-0.2972334,0.7673561,0.0,0.0,0.0,0.0,0.0,0.0,0.0,-1.667578,0.1474329,1.54336,0.3599397,0.02726149,-2.248158,0.0728,0.323122,-0.05497818,0.9419501,9.943515,37.58126,356.7101,0.1321254,0.009835927,-0.9911838,0.1858622,0.008787414,0.4797789,0.5534825,-0.6497122,-0.6630304,0.1807622,-0.3194799,2.058851,0.7851391,-0.05652683,-0.6167344,0.15062,0.9833552,0.1016186,0.6007248,-0.1726772,0.7805847,moving,36.51718,-21.17375,5.017566,-8.820463,41.00446540402017,-16.55358892293917,33.835327423469174,36.80839802619915,31.792723519270986
05/18/2023 18:41:15.420207,3393,True,True,True,True,Eyes,0.3653195,0.02531661,-2.249621,0.5690051,-0.2982597,0.7663383,0.0,0.0,0.0,0.0,0.0,0.0,0.0,-1.6925,0.1570812,1.505946,0.3651039,0.02733678,-2.241217,0.07841375,0.3304982,-0.05866715,0.938712,10.71913,38.47262,356.5976,0.1349138,0.009964149,-0.9908068,0.1747105,0.008260169,0.4509922,0.5807243,-0.6522315,-0.6600869,0.1776338,-0.3174914,2.058603,0.7746581,-0.05831191,-0.629686,0.1619743,0.9808189,0.1084371,0.6112847,-0.1859946,0.7692444,moving,36.59383,-21.26604,4.931754,-8.76746,41.07765664802782,-16.638220939219185,34.03970561926433,36.99290683364911,31.973663835841727
05/18/2023 18:41:15.440190,3394,True,True,True,True,Eyes,0.3661615,0.02529798,-2.248612,0.5700554,-0.2988017,0.7653459,0.0,0.0,0.0,0.0,0.0,0.0,0.0,-1.714747,0.152595,1.471528,0.3706347,0.02768175,-2.234033,0.08004721,0.3374234,-0.061328,0.9359363,11.02429,39.30775,356.4499,0.1374548,0.01007879,-0.9904563,0.1642279,0.007764559,0.4239326,0.6070721,-0.6500696,-0.6555249,0.1744637,-0.3154765,2.058352,0.7647686,-0.0607786,-0.6414319,0.1688178,0.9796627,0.1084512,0.6217954,-0.1912252,0.7594758,moving,36.67999,-21.32636,4.844749,-8.713719,41.15909540603906,-16.692710168902476,34.2426821747795,37.18058707136327,32.159095562945424
05/18/2023 18:41:15.450049,3395,True,True,True,True,Eyes,0.3672047,0.02527478,-2.24736,0.5715002,-0.2992409,0.7640958,0.0,0.0,0.0,0.0,0.0,0.0,0.0,-1.7353,0.1359609,1.439207,0.3762417,0.02779725,-2.226823,0.07829328,0.3441797,-0.0635372,0.9334739,10.94729,40.11636,356.2199,0.1397842,0.01018153,-0.9901291,0.1543742,0.007298685,0.3984967,0.6332812,-0.6461677,-0.6503078,0.1712572,-0.3134382,2.058097,0.7550067,-0.06472673,-0.6525146,0.1725146,0.9796664,0.102433,0.6326165,-0.1899059,0.750821,moving,36.7944,-21.38668,4.756706,-8.659331,41.266856584644565,-16.74655266941381,34.47316709276125,37.39510997501756,32.370934229490416
05/18/2023 18:41:15.469984,3396,True,True,True,True,Eyes,0.368438,0.02523584,-2.245871,0.5745672,-0.2977797,0.7623646,0.0,0.0,0.0,0.0,0.0,0.0,0.0,-1.75544,0.1190822,1.40625,0.3820819,0.027665,-2.21958,0.07620257,0.3509826,-0.06534579,0.9309856,10.82194,40.93582,356.0196,0.1419329,0.01027343,-0.9898224,0.1451117,0.006860764,0.3745869,0.6588446,-0.6426584,-0.645238,0.1680513,-0.3114005,2.057843,0.7450823,-0.06818043,-0.6634786,0.1751635,0.9798462,0.09601654,0.6435605,-0.1877575,0.7420088,moving,37.00404,-21.33563,4.668632,-8.604929,41.46121245149012,-16.693968724679948,34.75124973979878,37.67129596850662,32.64915701247446
05/18/2023 18:41:15.490124,3397,True,True,True,True,Eyes,0.3698625,0.02516259,-2.24418,0.5779408,-0.2963421,0.7603722,0.0,0.0,0.0,0.0,0.0,0.0,0.0,-1.77403,0.1038598,1.374242,0.3879575,0.02675325,-2.212528,0.07358348,0.3574626,-0.06597115,0.9286839,10.59328,41.72639,355.9206,0.1439296,0.01035503,-0.9895332,0.136405,0.006449118,0.3521117,0.6840221,-0.6402374,-0.6407014,0.1648579,-0.3093708,2.057589,0.7357365,-0.06992601,-0.6736482,0.1751394,0.9804665,0.08950714,0.6542307,-0.183836,0.7336119,moving,37.2376,-21.2925,4.580859,-8.550711,41.67800819369303,-16.648250583522763,35.05447075141203,37.9706284594532,32.95025450641416
05/18/2023 18:41:15.509636,3398,True,True,True,True,Eyes,0.371429,0.02509638,-2.242245,0.581571,-0.2952387,0.7580298,0.0,0.0,0.0,0.0,0.0,0.0,0.0,-1.792662,0.09640351,1.341113,0.3939347,0.02584415,-2.205825,0.07265871,0.3639421,-0.06607825,0.9262292,10.52675,42.52889,355.9452,0.1457994,0.01042593,-0.9892588,0.1282207,0.006062171,0.330985,0.7088517,-0.6424003,-0.6376918,0.1616606,-0.3073384,2.057336,0.7263595,-0.06952009,-0.68379,0.1752943,0.9807088,0.08649991,0.6645853,-0.1826945,0.7245337,moving,37.49592,-21.28,4.492936,-8.496392,41.91846236219352,-16.630636395171813,35.392337961795064,38.299294449997724,33.27911823190344
05/18/2023 18:41:15.520795,3399,True,True,True,True,Eyes,0.3731919,0.02502386,-2.240124,0.5854522,-0.2940524,0.7554991,0.0,0.0,0.0,0.0,0.0,0.0,0.0,-1.810506,0.09299378,1.307663,0.400096,0.02592345,-2.199049,0.0735581,0.3701971,-0.06700166,0.9236093,10.68944,43.30484,355.9557,0.1475627,0.01048762,-0.9889966,0.1205275,0.005698441,0.3111259,0.7345404,-0.6430658,-0.6345995,0.1584822,-0.3053183,2.057083,0.7169299,-0.06930473,-0.6936918,0.1782287,0.9801999,0.08627027,0.6739777,-0.1854855,0.7150867,moving,37.77286,-21.26679,4.405489,-8.442372,42.17625240728048,-16.61193135227634,35.746987907939385,38.64417508990357,33.62444433692606
05/18/2023 18:41:15.540265,3400,True,True,True,True,Eyes,0.3750527,0.02493051,-2.237737,0.5895519,-0.2929538,0.7527328,0.0,0.0,0.0,0.0,0.0,0.0,0.0,-1.826334,0.08040187,1.276868,0.4065242,0.0256715,-2.192357,0.07136347,0.376037,-0.06710625,0.9214122,10.48506,44.02697,355.9181,0.1492401,0.01054081,-0.9887443,0.1132958,0.005356534,0.2924583,0.7607549,-0.6406861,-0.6305211,0.1551815,-0.3032201,2.056822,0.7081859,-0.0699944,-0.7025479,0.1773356,0.980808,0.08104149,0.6833922,-0.1819792,0.7070069,moving,38.0686,-21.26534,4.314633,-8.386234,42.451785380197954,-16.603803704018123,36.12757478154776,39.01244472614905,33.9927681623819
05/18/2023 18:41:15.560259,3401,True,True,True,True,Eyes,0.3771005,0.02480885,-2.235193,0.5938236,-0.2919518,0.7497585,0.0,0.0,0.0,0.0,0.0,0.0,0.0,-1.841714,0.06949427,1.246024,0.4129315,0.02493371,-2.185905,0.06984664,0.3817665,-0.06782368,0.9191169,10.38025,44.73433,355.8405,0.1508464,0.01058555,-0.9885001,0.1064981,0.005035142,0.2749108,0.7861947,-0.6459684,-0.6295723,0.1519869,-0.3011896,2.056568,0.6993085,-0.07134557,-0.7112506,0.178006,0.9810428,0.07660881,0.6923016,-0.18018,0.6987516,moving,38.37992,-21.27566,4.226655,-8.331881,42.7420611828089,-16.606336526437055,36.5237857424592,39.39420170133847,34.37404502515342
05/18/2023 18:41:15.570175,3402,True,True,True,True,Eyes,0.4328455,0.02126335,-2.167564,0.6982698,-0.265043,0.6649598,0.0,0.0,0.0,0.0,0.0,0.0,0.0,-1.856664,0.06283664,1.214739,0.419403,0.02414368,-2.179509,0.06974369,0.3873765,-0.06897576,0.9166884,10.44582,45.42991,355.7766,0.1523983,0.01062149,-0.9882616,0.1001082,0.004733033,0.2584162,0.8112708,-0.6521151,-0.6290011,0.1487283,-0.2991184,2.05631,0.6903636,-0.07242441,-0.7198282,0.1804927,0.9807563,0.07442727,0.7005857,-0.1813056,0.6901506,moving,46.39972,-21.73149,4.136871,-8.276405,50.2233955924892,-16.84941202636697,44.3529899550642,46.877118069355,41.904313649594165
05/18/2023 18:41:15.590480,3403,True,True,True,True,Eyes,0.4331248,0.02123177,-2.167321,0.6985617,-0.2649826,0.6646771,0.0,0.0,0.0,0.0,0.0,0.0,0.0,-1.869903,0.05431201,1.185401,0.4261734,0.02350406,-2.173128,0.06847091,0.3925164,-0.06915817,0.9145818,10.34273,46.07169,355.759,0.1569287,0.01052099,-0.9875535,0.2613365,-0.006187472,0.4457992,0.837141,-0.6526524,-0.6268038,0.1457051,-0.2971966,2.05607,0.6822961,-0.0727497,-0.7274472,0.1802535,0.9810578,0.07095306,0.708506,-0.1795359,0.6824853,moving,46.42385,-21.73537,4.053535,-8.224906,50.24595360036591,-16.852491436630828,44.472196153265486,46.991220101395484,42.01937727131141
05/18/2023 18:41:15.610271,3404,True,True,True,True,Eyes,0.4337057,0.02115714,-2.166885,0.6990265,-0.265019,0.6641739,0.0,0.0,0.0,0.0,0.0,0.0,0.0,-1.882149,0.04802602,1.157195,0.4330971,0.02270065,-2.16698,0.06747551,0.3972905,-0.06900129,0.9126042,10.25235,46.67227,355.7849,0.1608439,0.01043021,-0.9869244,0.2456563,-0.005816224,0.4190513,0.8632705,-0.6512907,-0.6243516,0.1424276,-0.2951134,2.05581,0.6747982,-0.07232695,-0.7344496,0.1795565,0.9813717,0.06832975,0.7158261,-0.177984,0.6752146,moving,46.46455,-21.75301,3.963148,-8.169053,50.2842150808702,-16.868071365236293,44.619424690861415,47.13081981070556,42.15868744296919
05/18/2023 18:41:15.620820,3405,True,True,True,True,Eyes,0.4345552,0.02105037,-2.166229,0.6997178,-0.2650159,0.6634468,0.0,0.0,0.0,0.0,0.0,0.0,0.0,-1.89357,0.04349493,1.129754,0.4400817,0.02166781,-2.160949,0.06709325,0.4017728,-0.06918053,0.9106544,10.2409,47.23672,355.7991,0.1643946,0.01034513,-0.98634,0.230917,-0.00546725,0.3939082,0.8907043,-0.649356,-0.6224303,0.1392694,-0.293106,2.05556,0.6675853,-0.07208662,-0.7410355,0.1799116,0.9814252,0.0666078,0.7224692,-0.1777872,0.6681541,moving,46.52417,-21.77439,3.876012,-8.115203,50.34017737567642,-16.886718931938695,44.78212556694839,47.28486180377882,42.31241920494892
05/18/2023 18:41:15.640360,3406,True,True,True,True,Eyes,0.4356878,0.0209186,-2.165389,0.7005435,-0.2650387,0.6625656,0.0,0.0,0.0,0.0,0.0,0.0,0.0,-1.903852,0.03684918,1.103765,0.447337,0.02078174,-2.15494,0.06621312,0.4058866,-0.06949252,0.908869,10.18169,47.75272,355.7717,0.1676313,0.01026383,-0.985796,0.2170619,-0.005139215,0.3702737,0.918981,-0.6414974,-0.6188202,0.1360999,-0.2910913,2.055308,0.6608537,-0.07256914,-0.746998,0.1800692,0.9815732,0.06394591,0.7285928,-0.1767702,0.6617438,moving,46.59592,-21.80233,3.788524,-8.061132,50.40756790962951,-16.91122920241929,44.95879974794723,47.45165408645134,42.47836948910738
05/18/2023 18:41:15.651911,3407,True,True,True,True,Eyes,0.4370808,0.02075394,-2.164345,0.7015651,-0.2649713,0.6615108,0.0,0.0,0.0,0.0,0.0,0.0,0.0,-1.913171,0.02831813,1.078888,0.4546676,0.02010645,-2.148929,0.06523926,0.4097202,-0.07038154,0.9071493,10.13901,48.22945,355.6752,0.1705997,0.01018488,-0.9852874,0.2040382,-0.004830862,0.3480573,0.9474192,-0.6359301,-0.6165217,0.132849,-0.2890252,2.05505,0.6543515,-0.07423342,-0.7525381,0.1811528,0.9815806,0.06069001,0.7341715,-0.176037,0.6557464,moving,46.68317,-21.82881,3.698746,-8.005651,50.48937281227809,-16.934018017666634,45.15241335024139,47.63484538746856,42.66131568597819
05/18/2023 18:41:15.670718,3408,True,True,True,True,Eyes,0.4387239,0.02055807,-2.163112,0.7027075,-0.2648857,0.6603315,0.0,0.0,0.0,0.0,0.0,0.0,0.0,-1.922127,0.01787598,1.05423,0.4622779,0.01913726,-2.142947,0.06346952,0.4134894,-0.0710481,0.9055111,10.00301,48.69786,355.5633,0.1733399,0.01010663,-0.9848098,0.1917959,-0.00454101,0.3271739,0.9759297,-0.6314011,-0.6150905,0.1296697,-0.2870042,2.054798,0.6479574,-0.07618172,-0.7578573,0.1811576,0.9818476,0.05618944,0.7398196,-0.1737,0.6499963,moving,46.78072,-21.85772,3.610909,-7.951355,50.58082155436308,-16.95884560199083,45.35437761990508,47.82580446066189,42.85195831204366
05/18/2023 18:41:15.690514,3409,True,True,True,True,Eyes,0.4406201,0.02033197,-2.161698,0.7040228,-0.2646534,0.6590223,0.0,0.0,0.0,0.0,0.0,0.0,0.0,-1.930013,0.007385597,1.031162,0.469862,0.01819122,-2.137101,0.06155084,0.416887,-0.07162322,0.9040391,9.846334,49.12024,355.4488,0.1758875,0.01002766,-0.9843589,0.1802882,-0.004268549,0.3075434,1.005439,-0.6252789,-0.6137598,0.1265181,-0.2850012,2.054548,0.6421506,-0.07818089,-0.7625813,0.1808199,0.9821632,0.05157115,0.7449475,-0.1710063,0.6448333,moving,46.89091,-21.87965,3.523797,-7.897513,50.68391386744442,-16.976850286087487,45.565410620793685,48.026149007655754,43.053233756579516
05/18/2023 18:41:15.710313,3410,True,True,True,True,Eyes,0.4427722,0.02008436,-2.160111,0.705505,-0.2642979,0.6575785,0.0,0.0,0.0,0.0,0.0,0.0,0.0,-1.9378,-0.00518886,1.007844,0.4778052,0.01721179,-2.131256,0.05897635,0.4203067,-0.07214796,0.9025846,9.61988,49.54488,355.3072,0.178275,0.009946728,-0.9839302,0.1694709,-0.004012437,0.2890908,1.034198,-0.6263284,-0.6157453,0.1231808,-0.2828797,2.054283,0.6362739,-0.08066295,-0.7672346,0.1798155,0.9826329,0.04581374,0.7502145,-0.1671108,0.6397281,moving,47.01371,-21.89648,3.431513,-7.840457,50.79865788081482,-16.98979250458152,45.79279067629901,48.2426860190796,43.271764002919895
05/18/2023 18:41:15.720517,3411,True,True,True,True,Eyes,0.4451747,0.01980373,-2.158356,0.7071664,-0.2636645,0.6560463,0.0,0.0,0.0,0.0,0.0,0.0,0.0,-1.94516,-0.01791743,0.9850117,0.4860616,0.01652662,-2.125485,0.0558831,0.4235707,-0.07201223,0.9012655,9.307647,49.95411,355.2066,0.1805309,0.009863105,-0.9835196,0.1593026,-0.00377169,0.2717454,1.064366,-0.6153421,-0.6138207,0.1200403,-0.2808837,2.054034,0.6308044,-0.08246338,-0.7715477,0.1771451,0.9833826,0.03972648,0.7554505,-0.1617355,0.63493,moving,47.14757,-21.89516,3.344632,-7.786747,50.923358890527126,-16.98549247086718,46.01896016654889,48.45979953282069,43.49357966785477
05/18/2023 18:41:15.740198,3412,True,True,True,True,Eyes,0.4478117,0.01949869,-2.15645,0.7089539,-0.2629154,0.6544157,0.0,0.0,0.0,0.0,0.0,0.0,0.0,-1.952029,-0.03150507,0.9624109,0.4944371,0.01539078,-2.119655,0.0518672,0.4267489,-0.07127099,0.9000643,8.870241,50.35558,355.1214,0.1826815,0.009775584,-0.9831232,0.1497445,-0.003545389,0.2554406,1.091497,-0.6093763,-0.614146,0.1168959,-0.278885,2.053785,0.6256117,-0.08402842,-0.7755962,0.1725655,0.9844605,0.032538,0.7608097,-0.1541972,0.6303904,moving,47.29076,-21.88809,3.257606,-7.73294,51.056642929172966,-16.97559663736051,46.252426127828315,48.68443933201434,43.72401155409912
05/18/2023 18:41:15.760185,3413,True,True,True,True,Eyes,0.450684,0.01916637,-2.1544,0.7108709,-0.2620041,0.6526994,0.0,0.0,0.0,0.0,0.0,0.0,0.0,-1.958258,-0.04588516,0.9406692,0.5025933,0.01436797,-2.113984,0.04810396,0.4297434,-0.07122342,0.8988513,8.493212,50.73156,354.9713,0.1847486,0.009683499,-0.9827378,0.1407598,-0.003332666,0.2401142,1.121984,-0.5910815,-0.6103629,0.1136507,-0.2768224,2.053527,0.6204956,-0.08669382,-0.7794033,0.1693833,0.9852265,0.02526104,0.7656987,-0.1476922,0.6260132,moving,47.44282,-21.87133,3.167755,-7.677382,51.19800576458583,-16.956427552712416,46.49461840450923,48.91835723814026,43.9654068651056
05/18/2023 18:41:15.771876,3414,True,True,True,True,Eyes,0.4537922,0.01883249,-2.152217,0.7128982,-0.261007,0.6508851,0.0,0.0,0.0,0.0,0.0,0.0,0.0,-1.964662,-0.0577178,0.9185472,0.511084,0.01334293,-2.108453,0.04513783,0.4326966,-0.07127643,0.8975834,8.204813,51.10468,354.8473,0.1867522,0.009586099,-0.98236,0.1323142,-0.003132706,0.2257073,1.149888,-0.5702328,-0.6062999,0.1103606,-0.274731,2.053266,0.6153867,-0.08889112,-0.783197,0.167015,0.9857645,0.0193478,0.770328,-0.1427121,0.6214725,moving,47.60353,-21.85094,3.07662,-7.621022,51.34735871586126,-16.93366263205065,46.74544127971009,49.160853244392214,44.21621929357927
05/18/2023 18:41:15.790614,3415,True,True,True,True,Eyes,0.4571312,0.01856237,-2.14991,0.715026,-0.2598935,0.6489941,0.0,0.0,0.0,0.0,0.0,0.0,0.0,-1.970331,-0.06906165,0.8974725,0.5197155,0.01279159,-2.102894,0.04171051,0.4353706,-0.07051828,0.8965155,7.827518,51.44744,354.7806,0.1887106,0.009483841,-0.9819867,0.1243754,-0.002944743,0.2121649,1.172078,-0.5881792,-0.6135781,0.1071892,-0.2727153,2.053015,0.6109593,-0.09012239,-0.7865156,0.1627605,0.9865748,0.01338506,0.7747502,-0.1361914,0.6174254,moving,47.77151,-21.82393,2.988736,-7.566672,51.50335855818009,-16.904534719925948,46.99751326201887,49.40510380657912,44.47000663764874
05/18/2023 18:41:15.800050,3416,True,True,True,True,Eyes,0.4607002,0.01844168,-2.147461,0.7169605,-0.259017,0.6472077,0.0,0.0,0.0,0.0,0.0,0.0,0.0,-1.975862,-0.08130153,0.8766896,0.5285589,0.01417825,-2.097534,0.0390553,0.4379657,-0.07037959,0.8953812,7.561277,51.77864,354.6852,0.1906399,0.009380122,-0.981615,0.1169128,-0.002768059,0.199435,1.194957,-0.5722373,-0.610203,0.1040784,-0.2707381,2.052768,0.6064655,-0.09182337,-0.7897899,0.1602429,0.9870428,0.008291067,0.778795,-0.1315864,0.6133215,moving,47.9271,-21.81163,2.902496,-7.513335,51.64809613097079,-16.88945954367037,47.2404086060212,49.63915031088785,44.71127999198234
05/18/2023 18:41:15.820468,3417,True,True,True,True,Eyes,0.464507,0.01826315,-2.144882,0.719089,-0.257391,0.6454927,0.0,0.0,0.0,0.0,0.0,0.0,0.0,-1.980762,-0.09998755,0.8554627,0.5377554,0.01764582,-2.091827,0.03573208,0.4406221,-0.07104963,0.894163,7.26812,52.11454,354.4713,0.1925546,0.009281891,-0.9812421,0.1098981,-0.002601975,0.1874689,1.219051,-0.5435013,-0.6021069,0.1008075,-0.2686586,2.052508,0.6016082,-0.09557118,-0.7930534,0.1585486,0.9873503,0.001288536,0.7828984,-0.1265127,0.6091508,moving,48.08716,-21.7397,2.811782,-7.457211,51.79585424105884,-16.81846620387171,47.474723222763544,49.870556767588695,44.95847114333783
05/18/2023 18:41:15.840490,3418,True,True,True,True,Eyes,0.5634546,0.01295239,-2.078269,0.7655919,-0.2323586,0.5998988,0.0,0.0,0.0,0.0,0.0,0.0,0.0,-1.983903,-0.1239897,0.8368571,0.5472241,0.01590948,-2.086113,0.02582631,0.4425611,-0.06798945,0.8937842,6.104678,52.38107,354.3047,0.1944675,0.009186021,-0.9808657,0.1033042,-0.002445857,0.1762208,1.242327,-0.5459729,-0.6051999,0.09758788,-0.2666126,2.052253,0.5990344,-0.09867637,-0.79462,0.1443952,0.9894208,-0.01401267,0.7875962,-0.1063453,0.6069455,moving,51.91864,-21.17286,2.722454,-7.401963,55.35502205295611,-16.200169179227682,51.08720310538839,53.362867724863285,48.68468499049001
05/18/2023 18:41:15.850201,3419,True,True,True,True,Eyes,0.5638068,0.01308969,-2.078055,0.7656192,-0.2329659,0.5996284,0.0,0.0,0.0,0.0,0.0,0.0,0.0,-1.989079,-0.124025,0.8183187,0.5550075,0.01496001,-2.081636,0.0274641,0.4447117,-0.06956922,0.8925455,6.367339,52.64894,354.239,0.201794,0.008850834,-0.9793877,0.3939487,-0.01823139,0.3654878,1.265356,-0.5746267,-0.6176627,0.09438229,-0.2645747,2.051999,0.5947833,-0.09976014,-0.797672,0.1486146,0.9888117,-0.01285056,0.7900293,-0.1109024,0.6029545,moving,51.93216,-21.232,2.63348,-7.346905,55.36875460136926,-16.255216838796986,51.216752268192735,53.48240091001032,48.796374447230086
05/18/2023 18:41:15.870391,3420,True,True,True,True,Eyes,0.5645314,0.01322355,-2.077657,0.7657979,-0.2331376,0.5993333,0.0,0.0,0.0,0.0,0.0,0.0,0.0,-1.995395,-0.1298786,0.7939958,0.5638223,0.01854426,-2.076213,0.03295236,0.4479406,-0.0756852,0.8902445,7.266014,53.03293,353.9102,0.2079112,0.008572391,-0.9781099,0.3703118,-0.01713751,0.3435585,1.291005,-0.5624616,-0.617302,0.09124798,-0.2625827,2.05175,0.5872419,-0.1052353,-0.8025413,0.1642781,0.9863718,-0.009133633,0.7925653,-0.1264763,0.5965267,moving,51.95235,-21.25578,2.546451,-7.293063,55.38802338191355,-16.27701356576712,51.34101987709526,53.59984271955615,48.91157837172081
05/18/2023 18:41:15.890281,3421,True,True,True,True,Eyes,0.5655499,0.01334715,-2.077109,0.7660495,-0.2335717,0.5988425,0.0,0.0,0.0,0.0,0.0,0.0,0.0,-1.997953,-0.1473879,0.77675,0.5730288,0.01854444,-2.070791,0.0239857,0.4495533,-0.07117225,0.8900905,6.124563,53.26844,353.9304,0.2133723,0.008330423,-0.9769352,0.3480931,-0.01610926,0.322945,1.32072,-0.5362478,-0.6147193,0.08811086,-0.2605885,2.051501,0.5856727,-0.1051338,-0.8037004,0.1482652,0.9887184,-0.02129255,0.796872,-0.1066903,0.5946531,moving,51.98426,-21.3077,2.459311,-7.239132,55.418752555900205,-16.32488204130817,51.48441685620247,53.73316763160293,49.03893431340925
05/18/2023 18:41:15.910007,3422,True,True,True,True,Eyes,0.5668818,0.01353544,-2.076389,0.7662874,-0.2345851,0.5981416,0.0,0.0,0.0,0.0,0.0,0.0,0.0,-2.004061,-0.138272,0.757232,0.5810919,0.01847145,-2.066585,0.02759489,0.4518465,-0.07133154,0.8888111,6.517986,53.55963,354.1154,0.2183327,0.008118265,-0.9758404,0.3272075,-0.0151427,0.3035683,1.351441,-0.5340742,-0.6218979,0.08490163,-0.2585484,2.051247,0.5814931,-0.1018632,-0.8071491,0.1517378,0.9883007,-0.01540852,0.7992755,-0.1135151,0.5901465,moving,52.02544,-21.41461,2.370134,-7.183933,55.45917461835158,-16.424010922220205,51.65425037527856,53.88715314233705,49.17892260751728
05/18/2023 18:41:15.930286,3423,True,True,True,True,Eyes,0.5685325,0.01376467,-2.075495,0.7667356,-0.2351058,0.5973623,0.0,0.0,0.0,0.0,0.0,0.0,0.0,-2.009862,-0.1367368,0.7344498,0.5898011,0.02039908,-2.061402,0.03229347,0.4546809,-0.0744226,0.8869519,7.178596,53.90951,354.0614,0.2228591,0.007936009,-0.9748181,0.307575,-0.01423414,0.2853542,1.387255,-0.5024693,-0.6220314,0.0817396,-0.2565387,2.050996,0.5754531,-0.1026521,-0.811367,0.161385,0.9868369,-0.01039155,0.8017535,-0.1249626,0.5844448,moving,52.07791,-21.48327,2.282236,-7.129532,55.5093822099906,-16.48707796028374,51.823150653804525,54.04343401430501,49.32747661009295
05/18/2023 18:41:15.940321,3424,True,True,True,True,Eyes,0.5704629,0.01399077,-2.074468,0.7672538,-0.2357886,0.5964271,0.0,0.0,0.0,0.0,0.0,0.0,0.0,-2.013849,-0.1512579,0.7135243,0.599068,0.02151287,-2.056268,0.02669874,0.4571039,-0.07229958,0.8860678,6.51196,54.23535,354.008,0.2270114,0.007782635,-0.9738606,0.2891205,-0.01338009,0.268233,1.419454,-0.4780584,-0.6237466,0.07854772,-0.2545098,2.050742,0.5716575,-0.1037165,-0.8139107,0.1525328,0.9881199,-0.01878308,0.8061895,-0.1134106,0.5806864,moving,52.14018,-21.57062,2.193476,-7.074587,55.56907983107445,-16.567415160640376,52.00777070016273,54.213179862642775,49.486971998191315
05/18/2023 18:41:15.950041,3425,True,True,True,True,Eyes,0.5726667,0.01425511,-2.073282,0.7678958,-0.2365682,0.5952911,0.0,0.0,0.0,0.0,0.0,0.0,0.0,-2.019064,-0.1548368,0.6913521,0.6074395,0.02176073,-2.051611,0.02657938,0.4599151,-0.07257722,0.8845927,6.533411,54.59829,353.994,0.2308414,0.007655157,-0.9729609,0.2717733,-0.01257729,0.252139,1.445428,-0.5002156,-0.6373744,0.07515752,-0.2523552,2.050473,0.5664213,-0.103954,-0.8175331,0.152851,0.9880522,-0.01973487,0.8098168,-0.1137826,0.5755432,moving,52.2163,-21.67283,2.099165,-7.016206,55.641967630259394,-16.661344788173114,52.21631782963637,54.40459921501154,49.6663547714525
05/18/2023 18:41:15.970421,3426,True,True,True,True,Eyes,0.5751266,0.01452071,-2.071947,0.7686439,-0.2366522,0.5942915,0.0,0.0,0.0,0.0,0.0,0.0,0.0,-2.024503,-0.1605297,0.6663424,0.6161973,0.02297673,-2.046501,0.02736057,0.4632455,-0.07408774,0.8827038,6.715776,55.02329,353.9052,0.2343954,0.007552818,-0.9721117,0.2554669,-0.01182265,0.2370107,1.471091,-0.5080223,-0.6463131,0.07206768,-0.2503912,2.050229,0.5598294,-0.1054457,-0.8218712,0.1561444,0.9875248,-0.02033905,0.8137628,-0.1169442,0.5693101,moving,52.28992,-21.71289,2.013178,-6.962961,55.71133318440616,-16.697157005922055,52.39571730246285,54.573312544597066,49.83252152316239
05/18/2023 18:41:15.990293,3427,True,True,True,True,Eyes,0.5778216,0.01476534,-2.070489,0.7694933,-0.2368097,0.5931283,0.0,0.0,0.0,0.0,0.0,0.0,0.0,-2.028663,-0.1671099,0.6449836,0.6248727,0.02321173,-2.041666,0.02437794,0.4657729,-0.07248994,0.8815932,6.344748,55.36098,353.9295,0.2377146,0.007473195,-0.971306,0.2401389,-0.01111329,0.22279,1.499077,-0.501053,-0.6523871,0.06890476,-0.2483806,2.049978,0.5556016,-0.1051041,-0.8247787,0.1505224,0.9883019,-0.02454485,0.8177101,-0.1105106,0.5649226,moving,52.37483,-21.76462,1.925126,-6.908431,55.7914423681129,-16.743634302001865,52.591624668680254,54.756837591860034,50.01214253412067
05/18/2023 18:41:16.009488,3428,True,True,True,True,Eyes,0.5807567,0.01501891,-2.068923,0.7703881,-0.2366158,0.5920432,0.0,0.0,0.0,0.0,0.0,0.0,0.0,-2.033649,-0.1651599,0.6233258,0.633204,0.02296314,-2.037171,0.0253939,0.4684222,-0.07226452,0.8801783,6.453853,55.7058,354.0258,0.2408342,0.007413088,-0.9705377,0.2257305,-0.01044649,0.2094226,1.526344,-0.5107311,-0.6644038,0.0656203,-0.2462931,2.049717,0.5507171,-0.1034212,-0.8282601,0.1510015,0.9882661,-0.02299829,0.8209198,-0.1124029,0.5598717,moving,52.45772,-21.7846,1.833659,-6.851784,55.86906001354986,-16.760438696497275,52.7805318827082,54.936381393294944,50.192709833290884
05/18/2023 18:41:16.020583,3429,True,True,True,True,Eyes,0.5839121,0.01526403,-2.067244,0.7713688,-0.2364393,0.5908355,0.0,0.0,0.0,0.0,0.0,0.0,0.0,-2.038286,-0.1644001,0.6017367,0.641687,0.02351044,-2.032587,0.02746227,0.4710372,-0.07318588,0.8786432,6.730855,56.04169,354.0621,0.2437862,0.007370983,-0.9698007,0.2121867,-0.009819705,0.1968573,1.553326,-0.5199432,-0.6765631,0.06253886,-0.2443346,2.049473,0.5455356,-0.102737,-0.8317669,0.15448,0.9877793,-0.02068749,0.8237275,-0.1172056,0.5547396,moving,52.54943,-21.8102,1.747816,-6.798615,55.9550037078776,-16.782301696909627,52.973122139602275,55.11890056286615,50.37571874268813
05/18/2023 18:41:16.040226,3430,True,True,True,True,Eyes,0.5872787,0.01549024,-2.065487,0.7724275,-0.2360241,0.5896171,0.0,0.0,0.0,0.0,0.0,0.0,0.0,-2.042154,-0.1667511,0.5815721,0.6501254,0.0235539,-2.028104,0.02740384,0.4733524,-0.07323007,0.8773962,6.742955,56.34391,354.0722,0.2465986,0.007344719,-0.9690896,0.1994555,-0.009230522,0.1850458,1.577429,-0.536853,-0.6904398,0.05926943,-0.2422564,2.049213,0.5411498,-0.1025602,-0.8346486,0.1544469,0.9877728,-0.02123921,0.8266215,-0.1174153,0.5503732,moving,52.64442,-21.81626,1.656705,-6.74217,56.04362857262897,-16.78579946302989,53.1693075961059,55.30652717795275,50.56712874284651
05/18/2023 18:41:16.050515,3431,True,True,True,True,Eyes,0.5908424,0.01573486,-2.063638,0.773573,-0.2357794,0.5882116,0.0,0.0,0.0,0.0,0.0,0.0,0.0,-2.046769,-0.1661153,0.5603042,0.6583466,0.02339571,-2.024063,0.02909076,0.4759718,-0.0740018,0.8758587,6.973157,56.68291,354.1055,0.2492958,0.007331847,-0.9683993,0.1874882,-0.008676691,0.1739431,1.598701,-0.5659981,-0.7078145,0.05615234,-0.2402751,2.048966,0.5359492,-0.1019375,-0.8380736,0.157323,0.9873549,-0.01948675,0.8294624,-0.1214043,0.5452092,moving,52.75127,-21.84295,1.56981,-6.688331,56.14370014092121,-16.808336141720847,53.37793855861016,55.50427000854794,50.76587632290694
05/18/2023 18:41:16.070421,3432,True,True,True,True,Eyes,0.5945842,0.01598967,-2.061685,0.7748372,-0.2351644,0.5867921,0.0,0.0,0.0,0.0,0.0,0.0,0.0,-2.051443,-0.1678745,0.5370138,0.6666427,0.02411509,-2.019898,0.03057166,0.4790152,-0.07498802,0.8740634,7.197151,57.07765,354.1106,0.2518989,0.007331911,-0.9677255,0.1762389,-0.008156089,0.1635065,1.619774,-0.5903682,-0.7243391,0.05280352,-0.2381465,2.048701,0.5298425,-0.1018,-0.8419642,0.1603771,0.9868844,-0.01839767,0.8327942,-0.1252839,0.5392196,moving,52.86298,-21.83908,1.476423,-6.630458,56.247713567928166,-16.802156297456097,53.58992837701067,55.707788654109116,50.9755807391162
05/18/2023 18:41:16.090285,3433,True,True,True,True,Eyes,0.5984919,0.01624599,-2.059659,0.7762144,-0.2346536,0.5851742,0.0,0.0,0.0,0.0,0.0,0.0,0.0,-2.055895,-0.1727263,0.513079,0.6749302,0.02455802,-2.015851,0.02999356,0.4822033,-0.07510605,0.8723185,7.166934,57.49595,354.0932,0.2544265,0.007344117,-0.967064,0.1656645,-0.007666724,0.1536961,1.642511,-0.5984441,-0.7357913,0.04972655,-0.2361906,2.048456,0.5236781,-0.1021068,-0.8457751,0.1599588,0.9869189,-0.0201049,0.8367643,-0.1247607,0.5331607,moving,52.98801,-21.85068,1.390589,-6.577259,56.36443504402949,-16.810151995703123,53.810512382753636,55.91811734969416,51.1901958603587
05/18/2023 18:41:16.109631,3434,True,True,True,True,Eyes,0.6025633,0.01650792,-2.057563,0.7776631,-0.2340815,0.5834774,0.0,0.0,0.0,0.0,0.0,0.0,0.0,-2.060892,-0.174953,0.4891646,0.682672,0.02467038,-2.012589,0.03059632,0.4855379,-0.07557733,0.8704051,7.276263,57.9331,354.1064,0.2568942,0.00736734,-0.9664112,0.1557247,-0.00720672,0.1444743,1.666698,-0.5935723,-0.7433308,0.04652226,-0.2341539,2.048202,0.5170821,-0.1018544,-0.849854,0.1612771,0.9867039,-0.02012892,0.8406044,-0.1266537,0.5266336,moving,53.11926,-21.85984,1.301176,-6.521834,56.48690528127052,-16.815721371028562,54.040431692271774,56.13758841910739,51.41467088137373
05/18/2023 18:41:16.120598,3435,True,True,True,True,Eyes,0.6067883,0.01677215,-2.055427,0.7792372,-0.2335707,0.581579,0.0,0.0,0.0,0.0,0.0,0.0,0.0,-2.065647,-0.1768864,0.4633483,0.6907146,0.02507006,-2.008771,0.03189206,0.4891485,-0.07642578,0.8682603,7.478164,58.4065,354.1234,0.2593162,0.007400759,-0.9657638,0.1463812,-0.006774317,0.1358059,1.691715,-0.587284,-0.7510494,0.04337317,-0.2321521,2.047952,0.5097857,-0.101515,-0.8542911,0.1639148,0.986284,-0.01938589,0.8445416,-0.1301483,0.5194333,moving,53.2644,-21.88113,1.213274,-6.467338,56.622550571182565,-16.832326879305395,54.28540044696309,56.3703904954536,51.651177070121044
05/18/2023 18:41:16.140346,3436,True,True,True,True,Eyes,0.7162429,0.02351751,-2.000289,0.8195022,-0.216252,0.5307082,0.0,0.0,0.0,0.0,0.0,0.0,0.0,-2.070182,-0.1790591,0.4372633,0.6987665,0.02558954,-2.00499,0.03220018,0.4927973,-0.07640951,0.8661846,7.532664,58.88972,354.1739,0.2617044,0.00744347,-0.9651192,0.1375983,-0.006367858,0.1276575,1.716864,-0.5781047,-0.757958,0.04015177,-0.2301047,2.047696,0.5026249,-0.1006332,-0.8586276,0.1641058,0.9862494,-0.01952621,0.8487859,-0.1310914,0.512228,moving,57.07298,-22.16983,1.123327,-6.411572,60.176801052543055,-17.0153704149298,58.12646872135768,59.997944452279725,55.43099180203582
05/18/2023 18:41:16.150045,3437,True,True,True,True,Eyes,0.7165702,0.02354086,-2.000146,0.8196917,-0.2163106,0.5303916,0.0,0.0,0.0,0.0,0.0,0.0,0.0,-2.074991,-0.1794487,0.4099073,0.7069704,0.02593094,-2.001332,0.03270508,0.4966612,-0.07602464,0.8639899,7.586953,59.40464,354.2749,0.2699729,0.007828673,-0.9628359,0.4577061,0.01425028,0.2854117,1.741484,-0.5744401,-0.7673669,0.0369342,-0.2280596,2.047441,0.4950958,-0.09888234,-0.8631932,0.1638557,0.9863012,-0.01900326,0.8532476,-0.1320307,0.5045161,moving,57.09462,-22.1872,1.033458,-6.355841,60.1972978700751,-17.031133955670036,58.253633471030156,60.11923010037026,55.550295164073866
05/18/2023 18:41:16.170754,3438,True,True,True,True,Eyes,0.7172273,0.02359279,-1.999871,0.8200291,-0.2161137,0.5299502,0.0,0.0,0.0,0.0,0.0,0.0,0.0,-2.079523,-0.1792122,0.3824306,0.7151449,0.02651846,-1.997662,0.03350149,0.5005348,-0.07561597,0.8617569,7.668256,59.92276,354.3955,0.2768749,0.008159148,-0.9608711,0.4302438,0.01339527,0.268287,1.763774,-0.5777086,-0.7780527,0.03376281,-0.2260438,2.04719,0.4874943,-0.09678784,-0.867745,0.1638625,0.9863197,-0.01795657,0.8576121,-0.1334371,0.4966851,moving,57.12712,-22.18564,0.944852,-6.300885,60.227550360210586,-17.02892971467208,58.38469558911692,60.245574677877535,55.6786399079047
05/18/2023 18:41:16.190013,3439,True,True,True,True,Eyes,0.7182009,0.02366058,-1.999466,0.8205789,-0.2158291,0.5292146,0.0,0.0,0.0,0.0,0.0,0.0,0.0,-2.083917,-0.1807771,0.3538855,0.7236439,0.02719685,-1.994048,0.03327256,0.5045675,-0.07484099,0.8594787,7.626729,60.46401,354.4957,0.2829985,0.008455318,-0.9590828,0.4044291,0.01259155,0.2521898,1.787284,-0.5686574,-0.7847651,0.03053361,-0.2239912,2.046934,0.479621,-0.09507195,-0.8723102,0.162225,0.9865835,-0.01833054,0.8623496,-0.1327188,0.4886092,moving,57.18088,-22.18706,0.8546038,-6.244898,60.277669413199625,-17.029028154570057,58.53889236903044,60.39369329707643,55.82947851290759
05/18/2023 18:41:16.200569,3440,True,True,True,True,Eyes,0.7194827,0.02373159,-1.998929,0.8212519,-0.2153519,0.5283645,0.0,0.0,0.0,0.0,0.0,0.0,0.0,-2.088106,-0.1823945,0.3243359,0.7321991,0.02761618,-1.990419,0.03227912,0.5087631,-0.07353351,0.8571529,7.478753,61.02967,354.6054,0.2885473,0.008724821,-0.9574256,0.3801634,0.01183606,0.2370584,1.809437,-0.5635151,-0.7922073,0.02730298,-0.2219377,2.046678,0.4715059,-0.09321407,-0.8769227,0.1589038,0.9871017,-0.019486,0.8674284,-0.1301586,0.4802364,moving,57.2442,-22.17493,0.7642888,-6.188861,60.336436098372175,-17.01622444783578,58.698677763921104,60.5481009856666,55.98956177095765
05/18/2023 18:41:16.220364,3441,True,True,True,True,Eyes,0.7210603,0.02379104,-1.998276,0.8221185,-0.2148602,0.5272157,0.0,0.0,0.0,0.0,0.0,0.0,0.0,-2.092227,-0.1821259,0.2940841,0.7409359,0.02767048,-1.986786,0.03190484,0.5130282,-0.07228251,0.8547277,7.394814,61.60656,354.745,0.2935954,0.008970529,-0.9558875,0.3573536,0.01112589,0.2228349,1.83009,-0.5643499,-0.800933,0.0241704,-0.2199465,2.046429,0.4631547,-0.09082754,-0.8816112,0.1562999,0.9875146,-0.01962603,0.8723865,-0.1287058,0.4715683,moving,57.32839,-22.17274,0.6766898,-6.134501,60.41483953853091,-17.012247161419932,58.87818140679789,60.720440510057465,56.1670559330063
05/18/2023 18:41:16.240289,3442,True,True,True,True,Eyes,0.7229301,0.02384957,-1.997525,0.82284,-0.2144692,0.5262483,0.0,0.0,0.0,0.0,0.0,0.0,0.0,-2.095993,-0.1818281,0.2639713,0.7496,0.02743558,-1.983249,0.03166758,0.5172608,-0.0712498,0.8522687,7.336012,62.17989,354.8698,0.2982084,0.009194336,-0.9544563,0.3359124,0.01045834,0.2094648,1.850785,-0.5590045,-0.8071951,0.02073985,-0.2177662,2.046156,0.4547297,-0.08868714,-0.8862028,0.1542087,0.9878412,-0.01973086,0.8771777,-0.127688,0.462877,moving,57.39901,-22.17304,0.5807304,-6.074947,60.48064668899574,-17.010911263779786,59.05476691123609,60.890026160343915,56.340548491170445
05/18/2023 18:41:16.249995,3443,True,True,True,True,Eyes,0.7250831,0.02391092,-1.996667,0.8237447,-0.2141109,0.5249774,0.0,0.0,0.0,0.0,0.0,0.0,0.0,-2.099415,-0.1825352,0.234128,0.7583773,0.02744145,-1.979845,0.03201384,0.5214271,-0.07091744,0.849741,7.375035,62.74403,354.9593,0.3024444,0.009398409,-0.9531204,0.3157576,0.00983084,0.1968969,1.870856,-0.5545892,-0.813352,0.01777929,-0.215884,2.045923,0.4461692,-0.08713715,-0.8906965,0.1539087,0.9878916,-0.01954959,0.881615,-0.1283635,0.454178,moving,57.49039,-22.18799,0.497894,-6.023512,60.566078497757054,-17.022813034638556,59.24048404024481,61.06694205629738,56.520039114432606
05/18/2023 18:41:16.270555,3444,True,True,True,True,Eyes,0.7274988,0.02396326,-1.995651,0.8246509,-0.2136497,0.5237411,0.0,0.0,0.0,0.0,0.0,0.0,0.0,-2.102346,-0.1848779,0.2032797,0.7673193,0.02756966,-1.976316,0.03203144,0.5257477,-0.07076408,0.8470868,7.393027,63.32955,355.0131,0.3063554,0.009584872,-0.9518688,0.2968122,0.00924099,0.1850831,1.889273,-0.5529547,-0.8191753,0.01457906,-0.2138501,2.045668,0.4371637,-0.08620571,-0.8952411,0.1535675,0.9879329,-0.0201413,0.8861744,-0.1286749,0.4451268,moving,57.58011,-22.19202,0.4083284,-5.967912,60.64975398867479,-17.024531293982278,59.429237684104294,61.24767903494713,56.70516247196888
05/18/2023 18:41:16.290435,3445,True,True,True,True,Eyes,0.7301828,0.02398609,-1.994538,0.8257354,-0.2131693,0.5222259,0.0,0.0,0.0,0.0,0.0,0.0,0.0,-2.104999,-0.1869425,0.1720376,0.7765989,0.02724669,-1.972743,0.03084531,0.5300409,-0.06976166,0.8445345,7.241567,63.91413,355.0769,0.3099882,0.009755139,-0.9506901,0.2790034,0.00868653,0.1739781,1.906883,-0.5494004,-0.8233152,0.01120305,-0.2117043,2.0454,0.4283798,-0.0851337,-0.8995793,0.1505308,0.9883637,-0.02185322,0.890972,-0.1260529,0.4362103,moving,57.68921,-22.20497,0.3138169,-5.909222,60.751658325028586,-17.03415532751286,59.64467399742438,61.4532083593567,56.914642805104044
05/18/2023 18:41:16.300445,3446,True,True,True,True,Eyes,0.7331337,0.02397017,-1.993319,0.8267936,-0.2127533,0.5207192,0.0,0.0,0.0,0.0,0.0,0.0,0.0,-2.107255,-0.1880197,0.1415191,0.7857049,0.02654847,-1.969229,0.03033546,0.5341967,-0.06912868,0.8419827,7.177321,64.48148,355.1433,0.3133835,0.009909436,-0.9495747,0.2622632,0.008165339,0.1635394,1.923388,-0.5462912,-0.8265527,0.007966638,-0.2096469,2.045144,0.4197102,-0.08400011,-0.9037629,0.1488205,0.988602,-0.02277278,0.8953747,-0.1249405,0.4274273,moving,57.79705,-22.22374,0.2231884,-5.852925,60.85250033644143,-17.04925593630243,59.85610347575408,61.6544507097543,57.11872564597185
05/18/2023 18:41:16.320498,3447,True,True,True,True,Eyes,0.7363427,0.02391187,-1.992009,0.8280155,-0.2123508,0.5189388,0.0,0.0,0.0,0.0,0.0,0.0,0.0,-2.109272,-0.1885987,0.1105694,0.7951649,0.02557863,-1.965675,0.03020507,0.5383479,-0.06870452,0.8393742,7.162308,65.04982,355.2121,0.3165783,0.01004756,-0.9485129,0.2465274,0.007675419,0.153727,1.940731,-0.5404193,-0.8292121,0.004979253,-0.2077482,2.044907,0.4109225,-0.08281594,-0.907901,0.1478593,0.9887347,-0.02326716,0.8996002,-0.1246806,0.4185385,moving,57.92356,-22.25448,0.1395123,-5.800947,60.97096817643203,-17.075133483405185,60.08090309555911,61.86738482357965,57.33348170850826
05/18/2023 18:41:16.340483,3448,True,True,True,True,Eyes,0.7398025,0.0238113,-1.990604,0.8292238,-0.2120165,0.5171431,0.0,0.0,0.0,0.0,0.0,0.0,0.0,-2.110939,-0.1882523,0.07969439,0.8045502,0.02449701,-1.96213,0.03016655,0.5424718,-0.06812553,0.8367636,7.145928,65.61693,355.3012,0.3196052,0.01016914,-0.9474959,0.2317358,0.007214894,0.1445034,1.956983,-0.533662,-0.8306277,0.001807988,-0.2057326,2.044655,0.4021663,-0.08128092,-0.9119517,0.1467389,0.9888977,-0.02342784,0.9037312,-0.1243969,0.4096284,moving,58.05038,-22.29247,0.05066383,-5.745747,61.08986401141332,-17.1077901952464,60.31385510676041,62.087679811354626,57.554295768302374
05/18/2023 18:41:16.350261,3449,True,True,True,True,Eyes,0.7435079,0.02365572,-1.989114,0.8305838,-0.2117176,0.5150788,0.0,0.0,0.0,0.0,0.0,0.0,0.0,-2.112178,-0.189362,0.04841506,0.8140993,0.02337174,-1.958621,0.03012046,0.5466436,-0.06796979,0.8340586,7.155055,66.1909,355.3492,0.322493,0.01027386,-0.9465159,0.2178316,0.006782,0.1358332,1.974059,-0.524514,-0.8316967,-0.001342297,-0.2037302,2.044405,0.3931217,-0.08045126,-0.9159602,0.1463119,0.9889458,-0.02406604,0.9077711,-0.1245549,0.4005471,moving,58.19526,-22.34459,-0.03761873,-5.690883,61.22585875330706,-17.15325964810794,60.567434500932386,62.32655735535825,57.792189305639674
05/18/2023 18:41:16.370037,3450,True,True,True,True,Eyes,0.7474505,0.02343757,-1.987532,0.8319589,-0.2114266,0.512975,0.0,0.0,0.0,0.0,0.0,0.0,0.0,-2.11302,-0.1893762,0.01698589,0.8236785,0.02184944,-1.955015,0.03024559,0.5508011,-0.0677342,0.8313336,7.17524,66.76545,355.4156,0.325267,0.01036078,-0.9455652,0.2047617,0.00637508,0.1276832,1.991728,-0.5120628,-0.8321084,-0.004531384,-0.2017028,2.044152,0.3840604,-0.07930082,-0.9198962,0.145938,0.9889945,-0.02432781,0.9117016,-0.1249045,0.3914067,moving,58.34256,-22.39939,-0.1270105,-5.635311,61.364159808062766,-17.201182276442772,60.82536493250748,62.569428671184326,58.033694536490295
05/18/2023 18:41:16.390236,3451,True,True,True,True,Eyes,0.7516236,0.02315651,-1.985871,0.833471,-0.211209,0.5106043,0.0,0.0,0.0,0.0,0.0,0.0,0.0,-2.11355,-0.1892067,-0.01482344,0.8334137,0.02011581,-1.951443,0.03036957,0.5549869,-0.06749871,0.8285599,7.195065,67.34586,355.4825,0.3279503,0.01042878,-0.9446371,0.192476,0.005992575,0.1200222,2.010144,-0.4956671,-0.8316783,-0.007762611,-0.1996495,2.043896,0.3748671,-0.07814401,-0.9237794,0.1455628,0.9890432,-0.02459577,0.9155798,-0.1252478,0.3821346,moving,58.50737,-22.4722,-0.2176054,-5.579002,61.519121765562815,-17.26556205698087,61.10648798939282,62.83310566159023,58.29373022261443
05/18/2023 18:41:16.409936,3452,True,True,True,True,Eyes,0.7560325,0.02283469,-1.984157,0.8349814,-0.2110351,0.5082028,0.0,0.0,0.0,0.0,0.0,0.0,0.0,-2.113597,-0.188951,-0.04665053,0.8431053,0.01838227,-1.947821,0.03094449,0.5591673,-0.06753225,0.8257203,7.274702,67.92786,355.5526,0.3305627,0.01047676,-0.9437256,0.1809275,0.005633021,0.1128209,2.027141,-0.4812178,-0.8310958,-0.01094854,-0.1976243,2.043643,0.3655427,-0.07691921,-0.9276109,0.1461318,0.9889636,-0.02442067,0.919252,-0.1266266,0.3727488,moving,58.67365,-22.55105,-0.3069514,-5.523441,61.67556934470425,-17.335561842640107,61.38933791598149,63.09801166969389,58.55391417094037
05/18/2023 18:41:16.425560,3453,True,True,True,True,Eyes,0.7606679,0.02247057,-1.982362,0.8366378,-0.2108117,0.5055647,0.0,0.0,0.0,0.0,0.0,0.0,0.0,-2.112935,-0.1903099,-0.07824254,0.8528963,0.01715186,-1.943992,0.03174089,0.5632774,-0.06800927,0.8228523,7.403275,68.50149,355.595,0.3331217,0.0105048,-0.942825,0.1700718,0.00529504,0.1060516,2.043787,-0.4698169,-0.8312411,-0.01415461,-0.1955861,2.043389,0.3561866,-0.07616532,-0.9313055,0.147681,0.9887345,-0.02438005,0.9226708,-0.1288523,0.3634222,moving,58.85621,-22.63529,-0.3968832,-5.467499,61.84728954098288,-17.41023416363006,61.69004864309613,63.37953899641367,58.83063501995435
05/18/2023 18:41:16.440512,3454,True,True,True,True,Eyes,0.7655291,0.02205679,-1.980506,0.8383564,-0.2103027,0.5029228,0.0,0.0,0.0,0.0,0.0,0.0,0.0,-2.112072,-0.1903771,-0.1099055,0.8629582,0.01575533,-1.940161,0.0310354,0.5673174,-0.06723329,0.820163,7.307442,69.06693,355.6594,0.3356432,0.01051289,-0.9419303,0.1598675,0.004977337,0.09968852,2.060296,-0.4545566,-0.830045,-0.01776516,-0.1932912,2.043103,0.3472613,-0.07507066,-0.9347587,0.1454984,0.989033,-0.02537706,0.9264123,-0.1271934,0.3543755,moving,59.04082,-22.69278,-0.4981851,-5.404479,62.02040645467047,-17.459820588655298,61.99821352074934,63.67028781777947,59.12156799488666
05/18/2023 18:41:16.450034,3455,True,True,True,True,Eyes,0.7705981,0.02160476,-1.978571,0.8401932,-0.2098083,0.5000559,0.0,0.0,0.0,0.0,0.0,0.0,0.0,-2.111004,-0.1876449,-0.1413442,0.8730413,0.01414125,-1.936266,0.02963271,0.5712646,-0.0653639,0.8176223,7.073177,69.6223,355.7798,0.3381411,0.01050067,-0.9410365,0.1502755,0.004678697,0.09370721,2.076085,-0.4413946,-0.8295445,-0.02109194,-0.1911767,2.042838,0.3387685,-0.07302973,-0.9380313,0.1407422,0.9896989,-0.02622345,0.9302837,-0.1231369,0.3455572,moving,59.24025,-22.76145,-0.5915476,-5.34639,62.20754673135273,-17.519532621801407,62.31475201628396,63.968051792506984,59.418351057888536
05/18/2023 18:41:16.470418,3456,True,True,True,True,Eyes,0.7758762,0.02112102,-1.976554,0.8420728,-0.2092008,0.4971402,0.0,0.0,0.0,0.0,0.0,0.0,0.0,-2.109337,-0.1867666,-0.1723787,0.8830928,0.01276354,-1.932325,0.02957809,0.5751541,-0.06478278,0.8149395,7.049618,70.17123,355.8649,0.3406277,0.01046837,-0.9401397,0.1412589,0.004397975,0.08808478,2.092637,-0.4256488,-0.8290247,-0.02367389,-0.1895357,2.042634,0.3300021,-0.07156414,-0.9412637,0.139612,0.9898567,-0.02631143,0.9335991,-0.1227288,0.336646,moving,59.44339,-22.82177,-0.6640219,-5.301288,62.39798360480163,-17.571343820386108,62.6088512498719,64.24461695833374,59.69579052460554
05/18/2023 18:41:16.490263,3457,True,True,True,True,Eyes,0.7813512,0.02061881,-1.97446,0.8440573,-0.2085667,0.4940316,0.0,0.0,0.0,0.0,0.0,0.0,0.0,-2.1072,-0.1859994,-0.2029672,0.8933555,0.01151052,-1.928177,0.02902313,0.5788975,-0.06392846,0.8123721,6.959702,70.70051,355.9409,0.3431134,0.0104165,-0.939236,0.1327834,0.004134096,0.0827997,2.112604,-0.3841305,-0.8224943,-0.02690589,-0.1874813,2.042377,0.3215815,-0.07026457,-0.9442714,0.1374702,0.9901416,-0.02686089,0.9368497,-0.1211712,0.3280706,moving,59.65932,-22.88815,-0.7547602,-5.244802,62.60045408732594,-17.62853459528344,62.937658163146935,64.55416338536558,60.00577966414402
05/18/2023 18:41:16.509523,3458,True,True,True,True,Eyes,0.7870277,0.02015657,-1.972296,0.8461949,-0.2077002,0.4907288,0.0,0.0,0.0,0.0,0.0,0.0,0.0,-2.104963,-0.1838706,-0.2327632,0.90355,0.01054502,-1.924147,0.02866049,0.5824971,-0.06277253,0.8098984,6.866352,71.21237,356.0559,0.3456077,0.01034615,-0.9383218,0.1248164,0.00388605,0.07783172,2.122858,-0.3918578,-0.8239031,-0.03014326,-0.1854233,2.042121,0.3135134,-0.06828943,-0.9471251,0.135068,0.9904764,-0.02670547,0.9399287,-0.1195538,0.3197513,moving,59.88952,-22.94044,-0.845668,-5.188196,62.815950461011454,-17.672209937714168,63.27641921309138,64.87412634535,60.32976708243675
05/18/2023 18:41:16.520738,3459,True,True,True,True,Eyes,0.7928994,0.01975039,-1.97005,0.8484329,-0.2066776,0.4872844,0.0,0.0,0.0,0.0,0.0,0.0,0.0,-2.102156,-0.1840826,-0.2622126,0.9139801,0.01104313,-1.919953,0.02891709,0.5860154,-0.06221452,0.8073903,6.869716,71.71451,356.1553,0.348119,0.01026102,-0.937394,0.1173274,0.003652887,0.07316181,2.132451,-0.4171163,-0.8297827,-0.03330046,-0.1834166,2.041871,0.3054307,-0.06657109,-0.9498845,0.1343545,0.9905863,-0.02622256,0.9426883,-0.1196121,0.3114995,moving,60.12976,-22.98382,-0.9343426,-5.132972,63.0406307692901,-17.7073153522573,63.61978780743009,65.19901324668828,60.661055149482664
05/18/2023 18:41:16.540071,3460,True,True,True,True,Eyes,0.7989542,0.01945039,-1.967735,0.8507631,-0.2055118,0.4837014,0.0,0.0,0.0,0.0,0.0,0.0,0.0,-2.099076,-0.1843945,-0.2906654,0.924531,0.01193465,-1.915647,0.0269232,0.5893012,-0.06039638,0.8052028,6.577128,72.18092,356.2177,0.3506542,0.01016524,-0.9364496,0.1102878,0.003433714,0.0687721,2.151636,-0.3747345,-0.8234993,-0.03655493,-0.1813476,2.041613,0.2981527,-0.06553091,-0.9522662,0.1289944,0.9912549,-0.02782604,0.9457619,-0.1145406,0.3039984,moving,60.3796,-23.01934,-1.025767,-5.076015,63.27410518698916,-17.734843749748144,63.97329136804136,65.53410950473496,61.00473430337205
05/18/2023 18:41:16.550426,3461,True,True,True,True,Eyes,0.8052098,0.01912628,-1.965341,0.8532116,-0.2039615,0.480031,0.0,0.0,0.0,0.0,0.0,0.0,0.0,-2.095582,-0.1892157,-0.3170724,0.934925,0.01416941,-1.911418,0.02603545,0.5922828,-0.06008334,0.8030649,6.487646,72.6048,356.2109,0.3532194,0.01006485,-0.9354861,0.1036705,0.003227691,0.06464577,2.16229,-0.3863077,-0.8269185,-0.03990716,-0.1792173,2.041346,0.2911821,-0.06566094,-0.9544116,0.1273423,0.9914243,-0.02935635,0.9481545,-0.112989,0.2970464,moving,60.63718,-23.02027,-1.119957,-5.017344,63.51412760600823,-17.729817466839638,64.32767145636662,65.87239083638707,61.3588194073724
05/18/2023 18:41:16.570655,3462,True,True,True,True,Eyes,0.9650816,0.01327759,-1.903725,0.9079318,-0.1705839,0.3828329,0.0,0.0,0.0,0.0,0.0,0.0,0.0,-2.092714,-0.1836943,-0.344635,0.9459826,0.01316181,-1.907068,0.02176513,0.5951961,-0.05616149,0.8013201,5.839139,73.0192,356.3058,0.3558204,0.009959203,-0.934501,0.09745026,0.00303403,0.06076703,2.172851,-0.4050848,-0.8316767,-0.04311067,-0.1771814,2.041092,0.2851751,-0.06409761,-0.9563299,0.1159157,0.9927443,-0.03197251,0.9514403,-0.1017359,0.2905359,moving,67.1371,-24.01695,-1.209986,-4.961248,69.58966821504183,-18.51394279759332,70.95381556621321,72.0851342042602,67.85433231466267
05/18/2023 18:41:16.590280,3463,True,True,True,True,Eyes,0.9655343,0.01353826,-1.903552,0.9080206,-0.170759,0.382544,0.0,0.0,0.0,0.0,0.0,0.0,0.0,-2.089755,-0.1867024,-0.3669072,0.9558436,0.01510206,-1.903337,0.0245923,0.5975251,-0.05744804,0.7994115,6.198425,73.3579,356.3979,0.368002,0.009530494,-0.9297759,0.5712187,-0.01469408,0.2419699,2.191177,-0.3781978,-0.8301935,-0.0463177,-0.1751426,2.040838,0.2793269,-0.06246021,-0.9581625,0.1212383,0.9921899,-0.02933455,0.9525114,-0.107972,0.2847179,moving,67.15459,-24.05491,-1.30013,-4.905046,69.6066933771242,-18.549074327480223,71.08281073154673,72.2075973179815,67.96855467389959
05/18/2023 18:41:16.610895,3464,True,True,True,True,Eyes,0.9664512,0.0139595,-1.903242,0.9083266,-0.1700884,0.382116,0.0,0.0,0.0,0.0,0.0,0.0,0.0,-2.084337,-0.2045648,-0.3944294,0.9671728,0.02167064,-1.898945,0.02533364,0.6007097,-0.06024668,0.7967913,6.474027,73.81201,356.2162,0.3780737,0.009177298,-0.9257298,0.5369456,-0.01381243,0.2274517,2.205461,-0.3763574,-0.8333117,-0.04946071,-0.1731451,2.040588,0.2710362,-0.06557172,-0.9603331,0.1264444,0.991457,-0.03201029,0.9542281,-0.1127528,0.277012,moving,67.18442,-23.99492,-1.38849,-4.849966,69.63333661871714,-18.492238622742533,71.19531760958874,72.3202009024612,68.09418922697252
05/18/2023 18:41:16.630250,3465,True,True,True,True,Eyes,0.9677727,0.01431252,-1.902802,0.9088027,-0.1688897,0.3815152,0.0,0.0,0.0,0.0,0.0,0.0,0.0,-2.081532,-0.2046024,-0.4187703,0.9790769,0.02575707,-1.894928,0.01657957,0.602853,-0.05449963,0.7958161,5.284378,74.11245,356.1561,0.3864507,0.008895908,-0.9222668,0.5047289,-0.01298369,0.2138046,2.220355,-0.3790642,-0.8381711,-0.05264419,-0.1711216,2.040335,0.2671961,-0.06675328,-0.9613274,0.1067334,0.9935098,-0.03932196,0.957713,-0.0920991,0.2725867,moving,67.22735,-23.87809,-1.478003,-4.794141,69.67109509536337,-18.38189872795151,71.30653995454561,72.43494543283059,68.23464344232264
05/18/2023 18:41:16.649933,3466,True,True,True,True,Eyes,0.9694422,0.01465839,-1.902232,0.9092485,-0.168692,0.3805391,0.0,0.0,0.0,0.0,0.0,0.0,0.0,-2.079603,-0.1915811,-0.4432644,0.990092,0.0243325,-1.891313,0.01167348,0.6051052,-0.04879744,0.794563,4.45096,74.44092,356.353,0.3934687,0.008672817,-0.9192969,0.4744451,-0.01220467,0.2009763,2.236594,-0.3634857,-0.8389754,-0.05583471,-0.1690933,2.040082,0.2629331,-0.06341791,-0.9627276,0.09167264,0.9949651,-0.04050454,0.9604491,-0.0776058,0.2674229,moving,67.2897,-23.90758,-1.567728,-4.738161,69.72975676727954,-18.40807504919766,71.47595410746712,72.59612857620515,68.39313074267062
05/18/2023 18:41:16.650058,3467,True,True,True,True,Eyes,0.9714863,0.01509888,-1.901547,0.9097492,-0.1686131,0.3793761,0.0,0.0,0.0,0.0,0.0,0.0,0.0,-2.075112,-0.1987495,-0.4681554,1.000215,0.02464454,-1.887782,0.01935214,0.6080287,-0.05376304,0.7918562,5.510443,74.86705,356.4512,0.3996112,0.008493705,-0.9166451,0.4459784,-0.01147239,0.1889177,2.250003,-0.3653141,-0.8423914,-0.05903357,-0.16706,2.039829,0.2548212,-0.06161187,-0.9650235,0.1086785,0.99347,-0.03473072,0.9608618,-0.09602716,0.2598531,moving,67.3633,-23.96268,-1.657703,-4.682021,69.79939234452979,-18.45796570747097,71.66339837462559,72.77288731155663,68.562838994246
05/18/2023 18:41:16.670159,3468,True,True,True,True,Eyes,0.9738977,0.01555748,-1.900762,0.9103502,-0.168242,0.3780966,0.0,0.0,0.0,0.0,0.0,0.0,0.0,-2.07134,-0.2042896,-0.4917296,1.011257,0.0273142,-1.884302,0.02035982,0.6104093,-0.05454916,0.7899434,5.667817,75.21339,356.4668,0.4052155,0.008352757,-0.9141827,0.4192197,-0.01078404,0.1775827,2.262273,-0.3721207,-0.8459402,-0.06228018,-0.1649969,2.039571,0.2488498,-0.06132583,-0.9665986,0.1110371,0.9932197,-0.03442841,0.9621562,-0.09876082,0.253972,moving,67.44538,-23.98768,-1.749036,-4.625033,69.87635160604849,-18.479487546479707,71.85248293850162,72.95301268965633,68.74276165267725
05/18/2023 18:41:16.690275,3469,True,True,True,True,Eyes,0.9766361,0.01598233,-1.899894,0.9110026,-0.1680189,0.3766217,0.0,0.0,0.0,0.0,0.0,0.0,0.0,-2.069302,-0.1976598,-0.5141793,1.02251,0.02810281,-1.881261,0.01706906,0.612356,-0.05080361,0.7887636,5.114518,75.49557,356.5902,0.4103531,0.008247036,-0.9118891,0.3940665,-0.010137,0.1669277,2.2753,-0.3701974,-0.8476568,-0.06541276,-0.1630055,2.039323,0.2448782,-0.05923938,-0.9677425,0.1010488,0.9942552,-0.03529288,0.9642738,-0.0891467,0.2494575,moving,67.53909,-24.04266,-1.837174,-4.570003,69.96472271656755,-18.528805500825108,72.05727150841437,73.14615874640087,68.93052651700438
05/18/2023 18:41:16.700554,3470,True,True,True,True,Eyes,0.9796835,0.0164237,-1.898947,0.9116888,-0.1681302,0.3749077,0.0,0.0,0.0,0.0,0.0,0.0,0.0,-2.065603,-0.1991753,-0.5383535,1.033106,0.02780841,-1.878331,0.01848979,0.6149034,-0.05150227,0.7867018,5.303402,75.86845,356.6437,0.4150865,0.008171443,-0.909745,0.3704225,-0.009528781,0.1569121,2.287575,-0.3760896,-0.8516955,-0.06862366,-0.1609643,2.039068,0.2384828,-0.05829498,-0.9693955,0.1037727,0.9940113,-0.03424594,0.9655864,-0.09242972,0.243104,moving,67.64639,-24.15421,-1.927529,-4.513577,70.06684227391723,-18.63076389949606,72.29304717370302,73.36541733733914,69.13370090837051
05/18/2023 18:41:16.720735,3471,True,True,True,True,Eyes,0.9830569,0.01688046,-1.897927,0.912459,-0.1681407,0.3730247,0.0,0.0,0.0,0.0,0.0,0.0,0.0,-2.060474,-0.2101083,-0.5634232,1.043598,0.02872017,-1.875426,0.0210864,0.6177504,-0.05473681,0.7841836,5.7794,76.28545,356.5544,0.4194704,0.008123737,-0.9077324,0.3481972,-0.008957054,0.1474973,2.301038,-0.3808903,-0.8571754,-0.07176942,-0.1589653,2.038818,0.2307768,-0.05979514,-0.9711677,0.1118997,0.9931185,-0.03455616,0.9665509,-0.1006986,0.2358797,moving,67.76464,-24.26344,-2.016063,-4.458293,70.17912015391873,-18.73030001536339,72.53682071104177,73.59235459525978,69.34584456225208
05/18/2023 18:41:16.740429,3472,True,True,True,True,Eyes,0.9867247,0.01731635,-1.896846,0.9133015,-0.1680489,0.3709988,0.0,0.0,0.0,0.0,0.0,0.0,0.0,-2.056271,-0.2127803,-0.5886766,1.054798,0.0295263,-1.872591,0.01979426,0.6203579,-0.05424298,0.7821905,5.639321,76.66497,356.5263,0.4235544,0.008101835,-0.9058342,0.3273053,-0.008419631,0.1386475,2.316355,-0.3769825,-0.8623898,-0.07499027,-0.1569178,2.038563,0.2244276,-0.06029764,-0.9726235,0.1094157,0.9933318,-0.03633436,0.9683287,-0.09826588,0.2295286,moving,67.89217,-24.3688,-2.106724,-4.401648,70.29997055680441,-18.82600122392467,72.79101812871104,73.82947502570309,69.56957563149447
05/18/2023 18:41:16.750413,3473,True,True,True,True,Eyes,0.9906764,0.01772523,-1.895714,0.9141935,-0.1680845,0.3687791,0.0,0.0,0.0,0.0,0.0,0.0,0.0,-2.052545,-0.2117818,-0.6128668,1.065541,0.02943013,-1.870067,0.01911558,0.6228327,-0.05334081,0.7803006,5.524798,77.02822,356.5769,0.4273813,0.008102155,-0.9040349,0.307667,-0.007914453,0.1303286,2.330627,-0.3782782,-0.8695027,-0.07828641,-0.1548224,2.038301,0.2184686,-0.05943211,-0.9740325,0.1070553,0.9935787,-0.036613,0.969954,-0.09627657,0.2234283,moving,68.0312,-24.50285,-2.199516,-4.343652,70.43208692036403,-18.94829403737656,73.0667279538085,74.08539202718265,69.80684714726799
05/18/2023 18:41:16.770768,3474,True,True,True,True,Eyes,0.9948939,0.0181268,-1.89451,0.9151282,-0.1681782,0.36641,0.0,0.0,0.0,0.0,0.0,0.0,0.0,-2.047629,-0.2161583,-0.6386695,1.076317,0.02921883,-1.867644,0.02008298,0.6256884,-0.05445156,0.7779112,5.703756,77.44967,356.567,0.4309889,0.00812118,-0.9023204,0.289207,-0.007439585,0.1225089,2.345409,-0.3826988,-0.8776739,-0.08135176,-0.1528741,2.038058,0.211098,-0.05958557,-0.9756471,0.1098483,0.9932634,-0.03689388,0.9712729,-0.09938499,0.2162212,moving,68.17923,-24.65461,-2.285822,-4.289706,70.57292909082645,-19.08695801221629,73.34884367385706,74.34619208559403,70.0459289417243
05/18/2023 18:41:16.790153,3475,True,True,True,True,Eyes,0.9993664,0.01851327,-1.893278,0.9161134,-0.1683199,0.3638746,0.0,0.0,0.0,0.0,0.0,0.0,0.0,-2.042943,-0.2201239,-0.6633635,1.087048,0.02943411,-1.865364,0.02072981,0.6283416,-0.05521902,0.7756985,5.828604,77.84229,356.5645,0.4344105,0.008156669,-0.9006778,0.2718545,-0.00699321,0.1151584,2.361136,-0.3817462,-0.8855594,-0.08463407,-0.1507884,2.037797,0.2042755,-0.05961581,-0.9770964,0.1117174,0.9930422,-0.03723264,0.9725177,-0.101553,0.2095144,moving,68.33733,-24.82416,-2.378249,-4.231932,70.72349559440664,-19.242043535747545,73.65278655495136,74.62686185993246,70.30153253803631
05/18/2023 18:41:16.809922,3476,True,True,True,True,Eyes,1.004074,0.01887101,-1.892025,0.9171391,-0.1685232,0.3611868,0.0,0.0,0.0,0.0,0.0,0.0,0.0,-2.038537,-0.2208891,-0.6881232,1.097643,0.02946599,-1.863398,0.02134279,0.6310134,-0.05521094,0.7735105,5.894405,78.2401,356.6298,0.437675,0.008206227,-0.8990955,0.2555433,-0.006573618,0.1082489,2.377615,-0.3810793,-0.8946712,-0.08788687,-0.1487202,2.03754,0.1975479,-0.0584773,-0.9785477,0.1123477,0.9929925,-0.03665993,0.9738342,-0.1026954,0.2027333,moving,68.50454,-25.0129,-2.469855,-4.174621,70.88291880449013,-19.414883035829508,73.97025494952594,74.91925661492805,70.56520484336089
05/18/2023 18:41:16.820440,3477,True,True,True,True,Eyes,1.008989,0.01920517,-1.890769,0.9181544,-0.1691085,0.3583221,0.0,0.0,0.0,0.0,0.0,0.0,0.0,-2.034257,-0.2214256,-0.7119827,1.107996,0.02915714,-1.861624,0.02321182,0.6335849,-0.05568782,0.7713172,6.106293,78.62781,356.743,0.4408069,0.008267052,-0.8975636,0.2402107,-0.006179201,0.101754,2.393919,-0.3812168,-0.9041221,-0.091057,-0.1467056,2.037288,0.190938,-0.05649264,-0.9799752,0.1153193,0.9927201,-0.03475857,0.9748046,-0.1063733,0.1960627,moving,68.68112,-25.26477,-2.559143,-4.118772,71.05228430845493,-19.64659998567757,74.31236978945817,75.23134767064018,70.83524797081914
05/18/2023 18:41:16.840462,3478,True,True,True,True,Eyes,1.014104,0.01951153,-1.889512,0.919161,-0.1699063,0.355352,0.0,0.0,0.0,0.0,0.0,0.0,0.0,-2.029562,-0.2257857,-0.7354466,1.117928,0.02900515,-1.860209,0.02750201,0.6362496,-0.05789414,0.7688161,6.658899,79.03888,356.8821,0.4438271,0.008336864,-0.8960734,0.225798,-0.005808449,0.09564871,2.411622,-0.3769563,-0.9138955,-0.09421432,-0.1446984,2.037038,0.1836694,-0.05402363,-0.9815023,0.1240162,0.9917838,-0.03138228,0.9751335,-0.1159582,0.1888602,moving,68.86326,-25.5541,-2.64808,-4.063109,71.2275493966331,-19.913253561673525,74.67084064584836,75.55683755541008,71.11024183697953
05/18/2023 18:41:16.850337,3479,True,True,True,True,Eyes,1.019396,0.01979407,-1.888262,0.9201509,-0.1709861,0.3522588,0.0,0.0,0.0,0.0,0.0,0.0,0.0,-2.024849,-0.2306779,-0.7582662,1.127867,0.02872492,-1.85884,0.03143903,0.6387808,-0.06006787,0.7663958,7.176707,79.43342,357.0011,0.4467539,0.008413412,-0.8946171,0.2122501,-0.005459942,0.08990979,2.430311,-0.3691487,-0.9239815,-0.09752935,-0.1425915,2.036775,0.1767018,-0.05190623,-0.982895,0.1322368,0.9908068,-0.02855092,0.975341,-0.1249299,0.1819413,moving,69.0518,-25.8919,-2.741468,-4.004655,71.40970806519006,-20.225130290895528,75.05547830644909,75.90455013049855,71.39614547756366
05/18/2023 18:41:16.870434,3480,True,True,True,True,Eyes,1.024857,0.02006314,-1.887043,0.9211354,-0.1721264,0.3491161,0.0,0.0,0.0,0.0,0.0,0.0,0.0,-2.020581,-0.236072,-0.7792325,1.137414,0.02850096,-1.857729,0.03472817,0.6410328,-0.06209065,0.7642093,7.624686,79.78691,357.0866,0.4496025,0.008494856,-0.8931881,0.1995151,-0.005132345,0.08451521,2.448992,-0.3641711,-0.9349508,-0.1006254,-0.1406238,2.036529,0.1704434,-0.05037669,-0.984079,0.1394243,0.9898774,-0.0265251,0.9754539,-0.1326835,0.1757418,moving,69.24298,-26.2449,-2.828698,-3.950044,71.59461832817287,-20.55117433085395,75.44128427987172,76.25239367747928,71.67800483648098
05/18/2023 18:41:16.892139,3481,True,True,True,True,Eyes,1.030475,0.0203171,-1.885834,0.9221058,-0.1734236,0.3458976,0.0,0.0,0.0,0.0,0.0,0.0,0.0,-2.015599,-0.2468889,-0.7996676,1.146886,0.02854516,-1.856583,0.03823176,0.6432615,-0.06537958,0.7618915,8.184968,80.13947,357.0791,0.4523859,0.008580013,-0.8917807,0.1875442,-0.004824405,0.0794443,2.467234,-0.3603424,-0.9460443,-0.1037239,-0.1386538,2.036283,0.1638804,-0.05043825,-0.9851901,0.1488103,0.9885277,-0.02585542,0.9751918,-0.1423692,0.169506,moving,69.43808,-26.62794,-2.916003,-3.89535,71.78375766737275,-20.90524715386846,75.84117598560157,76.61194975294619,71.96374298026652
05/18/2023 18:41:16.910688,3482,True,True,True,True,Eyes,1.036252,0.02055573,-1.884665,0.9230747,-0.1743058,0.3428566,0.0,0.0,0.0,0.0,0.0,0.0,0.0,-2.011145,-0.2561526,-0.8188744,1.156281,0.02848559,-1.855552,0.03969748,0.6452343,-0.06761616,0.7599508,8.487449,80.44398,357.0128,0.4551157,0.00866776,-0.8903898,0.1762916,-0.00453494,0.07467764,2.48462,-0.3595273,-0.9571808,-0.1069679,-0.1365921,2.036026,0.1582018,-0.05154156,-0.9860608,0.1539982,0.9877043,-0.02692027,0.975324,-0.1475928,0.1641939,moving,69.62356,-26.94846,-3.007416,-3.838087,71.96273347847276,-21.201019232393477,76.21907907415115,76.954497779735,72.24489706373535
05/18/2023 18:41:16.930435,3483,True,True,True,True,Eyes,1.042182,0.02077029,-1.8835,0.924046,-0.1752028,0.3397689,0.0,0.0,0.0,0.0,0.0,0.0,0.0,-2.006879,-0.2650345,-0.8374964,1.165832,0.0283809,-1.854518,0.04022317,0.6470531,-0.06944875,0.7582093,8.677303,80.72027,356.9116,0.4578017,0.008757051,-0.8890108,0.1657141,-0.004262844,0.07019698,2.502566,-0.3578601,-0.9688485,-0.1101132,-0.134593,2.035777,0.1529985,-0.05326032,-0.9867901,0.1573664,0.9871179,-0.02887888,0.9756163,-0.1508692,0.159409,moving,69.81168,-27.27802,-3.096057,-3.78254,72.1443426568693,-21.505192639394,76.60010244700439,77.29948355003438,72.5257009528748
05/18/2023 18:41:16.940273,3484,True,True,True,True,Eyes,1.048259,0.02096375,-1.882369,0.9249822,-0.1754656,0.3370752,0.0,0.0,0.0,0.0,0.0,0.0,0.0,-2.002603,-0.2730961,-0.8559049,1.175435,0.02803825,-1.853412,0.03992071,0.648796,-0.07087161,0.7566025,8.764334,80.98048,356.7841,0.4604529,0.008846553,-0.8876398,0.1557712,-0.004007073,0.06598516,2.521695,-0.3507027,-0.9799919,-0.1133185,-0.1325555,2.035522,0.148082,-0.0554425,-0.98742,0.1590441,0.9867671,-0.0315542,0.9761029,-0.1523707,0.1549403,moving,69.97762,-27.49938,-3.186394,-3.725906,72.30320858912405,-21.708594710644935,76.92951976075811,77.60191487539365,72.78707903451819
05/18/2023 18:41:16.950172,3485,True,True,True,True,Eyes,1.054483,0.0211351,-1.881247,0.9259386,-0.1756507,0.3343421,0.0,0.0,0.0,0.0,0.0,0.0,0.0,-1.999062,-0.277541,-0.8737016,1.185024,0.02770064,-1.852453,0.03870385,0.6503713,-0.0711608,0.755285,8.686433,81.21129,356.6857,0.4630767,0.008935202,-0.8862729,0.1464249,-0.003766649,0.06202605,2.539671,-0.3469234,-0.9909497,-0.1166041,-0.1304671,2.035262,0.1439068,-0.05714962,-0.9879395,0.1578371,0.9868762,-0.034097,0.9769228,-0.1510267,0.1510386,moving,70.14613,-27.71574,-3.279002,-3.667834,72.46437319924858,-21.907257766304447,77.26287460483373,77.9085070188165,73.0535491115406
05/18/2023 18:41:16.970430,3486,True,True,True,True,Eyes,1.060847,0.02128104,-1.880175,0.9268892,-0.1753439,0.3318598,0.0,0.0,0.0,0.0,0.0,0.0,0.0,-1.995692,-0.2804402,-0.8915997,1.194771,0.02737097,-1.851528,0.03761484,0.651918,-0.07112571,0.7540088,8.59564,81.43982,356.6247,0.4656803,0.00902201,-0.8849067,0.1376394,-0.00354065,0.05830449,2.557646,-0.345227,-1.002206,-0.1197835,-0.1284464,2.03501,0.1398881,-0.05821523,-0.9884546,0.1563024,0.9870525,-0.03601242,0.977753,-0.1494601,0.147176,moving,70.3008,-27.85052,-3.368621,-3.611621,72.61107641094536,-22.029875838511654,77.55454735350753,78.18021827774066,73.30354696733153
05/18/2023 18:41:16.990477,3487,True,True,True,True,Eyes,1.067343,0.02141031,-1.879121,0.9278455,-0.1750291,0.3293441,0.0,0.0,0.0,0.0,0.0,0.0,0.0,-1.992646,-0.2821636,-0.9088351,1.204413,0.02686805,-1.85065,0.03659955,0.653343,-0.07089896,0.7528458,8.496577,81.65112,356.5842,0.4682687,0.009105901,-0.8835389,0.1293811,-0.003328211,0.05480622,2.575437,-0.3436778,-1.013573,-0.1229212,-0.1264518,2.034761,0.1362323,-0.05892784,-0.988923,0.1545761,0.9872677,-0.03753506,0.9785434,-0.1477503,0.1436066,moving,70.45738,-27.98829,-3.457073,-3.556117,72.75961668402468,-22.155248932842053,77.84778378214205,78.4532440058802,73.5541892174391
05/18/2023 18:41:17.009494,3488,True,True,True,True,Eyes,1.07397,0.02152644,-1.878095,0.9288042,-0.1743888,0.326973,0.0,0.0,0.0,0.0,0.0,0.0,0.0,-1.990054,-0.2833913,-0.9255155,1.214081,0.02655264,-1.850003,0.03630199,0.6546735,-0.07073088,0.7517193,8.464067,81.85301,356.5915,0.4708467,0.009186338,-0.8821669,0.1216182,-0.003128518,0.05151784,2.593153,-0.342878,-1.025123,-0.1261965,-0.1243701,2.034501,0.1327995,-0.05880763,-0.9893967,0.1538715,0.9873586,-0.03803343,0.979126,-0.1471891,0.1401696,moving,70.60607,-28.07293,-3.549409,-3.498167,72.89978560568956,-22.23107105647884,78.12140578756639,78.71086996246348,73.80152840094703
05/18/2023 18:41:17.020299,3489,True,True,True,True,Eyes,1.08073,0.02162864,-1.87708,0.9297847,-0.1736736,0.3245581,0.0,0.0,0.0,0.0,0.0,0.0,0.0,-1.987202,-0.2851129,-0.9425473,1.223872,0.02629103,-1.849352,0.03589488,0.6560509,-0.0706329,0.7505464,8.427574,82.06156,356.5847,0.4734186,0.009263003,-0.8807886,0.1143211,-0.002940807,0.04842677,2.610792,-0.3430378,-1.036877,-0.1292958,-0.1224,2.034255,0.1292165,-0.05892881,-0.9898639,0.1531243,0.9874451,-0.03879601,0.9797225,-0.1465591,0.1366177,moving,70.75755,-28.15159,-3.636788,-3.443304,73.04243938512491,-22.30123181268953,78.39015833327574,78.96407634974462,74.04628386929738
05/18/2023 18:41:17.040242,3490,True,True,True,True,Eyes,1.087617,0.0216965,-1.876112,0.9307768,-0.172706,0.3222224,0.0,0.0,0.0,0.0,0.0,0.0,0.0,-1.983597,-0.2890028,-0.9602445,1.233806,0.02604982,-1.848592,0.03423406,0.6575251,-0.07069352,0.7493272,8.295041,82.27702,356.4701,0.4759888,0.009335587,-0.8794015,0.1074619,-0.002764359,0.04552117,2.628474,-0.3432475,-1.04872,-0.1326134,-0.1202912,2.033993,0.1253265,-0.06092567,-0.9902431,0.1509647,0.9876609,-0.04166051,0.9805627,-0.1442706,0.1329777,moving,70.90484,-28.19058,-3.730324,-3.384555,73.18042768537293,-22.334355939509408,78.6495173641105,79.21084951227405,74.2938219546443
05/18/2023 18:41:17.050167,3491,True,True,True,True,Eyes,1.094623,0.02172961,-1.875154,0.9317761,-0.1717246,0.3198499,0.0,0.0,0.0,0.0,0.0,0.0,0.0,-1.98035,-0.2904472,-0.9778334,1.243692,0.02524428,-1.847944,0.03252767,0.6589484,-0.07032291,0.7481869,8.126081,82.48586,356.3883,0.4785596,0.009402842,-0.8780044,0.1010141,-0.002598497,0.0427899,2.645672,-0.3455977,-1.060815,-0.1358843,-0.118212,2.033733,0.1216832,-0.06236124,-0.9906081,0.1480975,0.9879933,-0.04400479,0.9814583,-0.1413519,0.1294577,moving,71.05424,-28.23095,-3.822547,-3.32661,73.3204085001512,-22.36872349174796,78.9098180347602,79.45840213300868,74.5420229999398
05/18/2023 18:41:17.069975,3492,True,True,True,True,Eyes,1.101748,0.02172759,-1.874204,0.9327383,-0.1707329,0.3175682,0.0,0.0,0.0,0.0,0.0,0.0,0.0,-1.977087,-0.2927977,-0.9947895,1.253573,0.02443992,-1.847206,0.03159764,0.6602771,-0.07039134,0.747048,8.057424,82.68477,356.3261,0.4811341,0.009463661,-0.8765956,0.0949533,-0.002442587,0.0402225,2.662491,-0.3492709,-1.072778,-0.1389049,-0.1162923,2.033493,0.1181584,-0.06344503,-0.9909659,0.1468978,0.9880933,-0.04574568,0.9820691,-0.1401655,0.1260714,moving,71.1979,-28.26362,-3.90772,-3.27309,73.45489318785995,-22.396014972370875,79.1541581047092,79.69102947479954,74.77689871555704
05/18/2023 18:41:17.090774,3493,True,True,True,True,Eyes,1.108991,0.02169184,-1.873274,0.933697,-0.1697434,0.315273,0.0,0.0,0.0,0.0,0.0,0.0,0.0,-1.974381,-0.29419,-1.011121,1.263584,0.02353162,-1.846591,0.03091864,0.6614583,-0.07033814,0.7460358,8.00065,82.86295,356.2917,0.4837145,0.009517028,-0.8751738,0.0,0.0,0.0,2.680543,-0.3450643,-1.083733,-0.1422899,-0.1141406,2.033224,0.1150509,-0.06404678,-0.9912928,0.1458524,0.9881932,-0.04691868,0.9825938,-0.1391843,0.1230339,moving,71.34219,-28.29808,-4.003169,-3.213082,73.5899992438034,-22.42496753494649,79.41146168846714,79.93620146040884,75.02356661007008
05/18/2023 18:41:17.100482,3494,True,True,True,True,Eyes,1.116355,0.02161723,-1.87241,0.9345709,-0.1689742,0.3130895,0.0,0.0,0.0,0.0,0.0,0.0,0.0,-1.972395,-0.2936199,-1.026834,1.273687,0.02267522,-1.846117,0.03056454,0.6624936,-0.06991237,0.7451714,7.942812,83.02122,356.3126,0.4863028,0.009562098,-0.8737378,0.0,0.0,0.0,2.699213,-0.3365158,-1.09434,-0.1454946,-0.1121037,2.03297,0.1124291,-0.06369578,-0.9916162,0.144691,0.9883561,-0.04708134,0.9830688,-0.1381846,0.1203362,moving,71.4787,-28.3557,-4.093538,-3.156254,73.7183006550013,-22.475776801234723,79.66288492789826,80.17434874159804,75.2568835557291
05/18/2023 18:41:17.120485,3495,True,True,True,True,Eyes,1.12383,0.02149873,-1.871568,0.9354382,-0.1681936,0.3109121,0.0,0.0,0.0,0.0,0.0,0.0,0.0,-1.970268,-0.2947078,-1.042391,1.283882,0.02167893,-1.845688,0.03047354,0.6635061,-0.06996794,0.7442685,7.944239,83.17701,356.3117,0.4888998,0.009597864,-0.8722869,0.0,0.0,0.0,2.716439,-0.3351118,-1.105277,-0.1485673,-0.1101506,2.032727,0.1097284,-0.0637111,-0.9919177,0.1445886,0.9883517,-0.04748731,0.983389,-0.1382093,0.1176622,moving,71.61472,-28.41199,-4.180183,-3.101743,73.84611997400785,-22.525352357138136,79.90917296518855,80.40759016567011,75.48567526229161
05/18/2023 18:41:17.140447,3496,True,True,True,True,Eyes,1.131421,0.02134104,-1.870786,0.9362408,-0.1675463,0.308839,0.0,0.0,0.0,0.0,0.0,0.0,0.0,-1.968842,-0.2946465,-1.056964,1.294034,0.02049911,-1.845369,0.02995319,0.664317,-0.06971408,0.7435898,7.884136,83.29979,356.3024,0.4915069,0.009623217,-0.8708203,0.0,0.0,0.0,2.733839,-0.3312237,-1.115258,-0.1516685,-0.1081795,2.03248,0.1076457,-0.06388052,-0.992135,0.1434742,0.9884855,-0.04807872,0.9837822,-0.1371703,0.1155714,moving,71.74376,-28.48,-4.267639,-3.046715,73.96766049728073,-22.586058049529477,80.15350749548286,80.63837804815032,75.7083749086662
05/18/2023 18:41:17.150018,3497,True,True,True,True,Eyes,1.139127,0.02115648,-1.870028,0.9370378,-0.1668451,0.3067948,0.0,0.0,0.0,0.0,0.0,0.0,0.0,-1.967625,-0.2960691,-1.070861,1.304373,0.01941061,-1.845042,0.02980345,0.664992,-0.06987301,0.7429773,7.886811,83.40321,356.2845,0.4941244,0.009637364,-0.8693376,0.0,0.0,0.0,2.750783,-0.3269165,-1.124752,-0.1549496,-0.1060936,2.03222,0.1058069,-0.06419001,-0.9923128,0.1434662,0.9884591,-0.04864341,0.9839829,-0.1372166,0.1137948,moving,71.87108,-28.5388,-4.360164,-2.988456,74.08742161622801,-22.63818222568889,80.39914576850848,80.87110379956458,75.93492056211505
05/18/2023 18:41:17.170348,3498,True,True,True,True,Eyes,1.146953,0.02093306,-1.869313,0.9378023,-0.1660812,0.304867,0.0,0.0,0.0,0.0,0.0,0.0,0.0,-1.967,-0.2956069,-1.084473,1.314832,0.01856731,-1.844838,0.02888984,0.6655571,-0.06937695,0.7425537,7.77326,83.48631,356.2631,0.4967531,0.009640179,-0.8678381,0.0,0.0,0.0,2.767185,-0.3245072,-1.133981,-0.1582194,-0.1040152,2.031961,0.1044411,-0.06457655,-0.9924324,0.1414879,0.9887044,-0.04944412,0.9844152,-0.1352532,0.1123982,moving,71.99135,-28.58006,-4.452374,-2.930389,74.20027713688049,-22.67404972511164,80.63218068114254,81.09285831494746,76.1542078273593
05/18/2023 18:41:17.190268,3499,True,True,True,True,Eyes,1.154889,0.02066753,-1.868631,0.9385497,-0.1652947,0.3029885,0.0,0.0,0.0,0.0,0.0,0.0,0.0,-1.967215,-0.2928326,-1.097556,1.325538,0.01737393,-1.844712,0.02768208,0.6659399,-0.06838326,0.7423487,7.595457,83.54039,356.2599,0.4993939,0.009631,-0.8663213,0.0,0.0,0.0,2.784779,-0.3113393,-1.141524,-0.1613495,-0.102026,2.031713,0.1036956,-0.06465923,-0.9925051,0.1383976,0.9891149,-0.04997877,0.9849331,-0.1321778,0.1115155,moving,72.10856,-28.61457,-4.540645,-2.874793,74.31015189937328,-22.70366903377367,80.85565377351018,81.30579620438495,76.36619991206007
05/18/2023 18:41:17.201044,3500,True,True,True,True,Eyes,1.162942,0.0203766,-1.867986,0.9392583,-0.164507,0.3012165,0.0,0.0,0.0,0.0,0.0,0.0,0.0,-1.967846,-0.2911215,-1.109751,1.336084,0.01608397,-1.844813,0.02722339,0.6662185,-0.06783868,0.7421657,7.515783,83.58183,356.2743,0.5020472,0.009609101,-0.8647866,0.0,0.0,0.0,2.800396,-0.3036494,-1.147941,-0.1646112,-0.09995259,2.031454,0.1031018,-0.06442163,-0.9925826,0.1369685,0.9893136,-0.04998223,0.9851953,-0.1307993,0.1108238,moving,72.21915,-28.64081,-4.632627,-2.816824,74.41369963989997,-22.72569887615359,81.07449587253642,81.51493761327491,76.5756958331329
05/18/2023 18:41:17.220645,3501,True,True,True,True,Eyes,1.17111,0.02005901,-1.867381,0.9399576,-0.1636393,0.2995029,0.0,0.0,0.0,0.0,0.0,0.0,0.0,-1.968787,-0.2898987,-1.12171,1.346955,0.0151563,-1.84496,0.02686784,0.6664056,-0.06734728,0.7420554,7.448562,83.60957,356.2911,0.5047132,0.009574595,-0.8632337,0.0,0.0,0.0,2.819364,-0.2799888,-1.153388,-0.1677356,-0.09796643,2.031206,0.102736,-0.06414106,-0.9926386,0.1357606,0.989485,-0.04988635,0.9854008,-0.1296361,0.1103635,moving,72.32633,-28.65085,-4.720737,-2.761275,74.5137591326175,-22.73264299937816,81.28050582386354,81.7126729287224,76.77764484879442
05/18/2023 18:41:17.240438,3502,True,True,True,True,Eyes,1.17939,0.01971223,-1.866827,0.9406282,-0.1627443,0.2978806,0.0,0.0,0.0,0.0,0.0,0.0,0.0,-1.970157,-0.2868227,-1.133721,1.357868,0.01417299,-1.845292,0.02585468,0.6665626,-0.06632017,0.7420428,7.283771,83.6301,356.3031,0.5073922,0.009527531,-0.8616623,0.0,0.0,0.0,2.830958,-0.2886596,-1.158449,-0.1709803,-0.09590454,2.030949,0.1025918,-0.06395727,-0.9926654,0.1328923,0.9898664,-0.05004251,0.9858066,-0.1267836,0.1100516,moving,72.42792,-28.64958,-4.812237,-2.703587,74.60839297762664,-22.72912852677334,81.48150959659927,81.9064025548895,76.97775717669623
05/18/2023 18:41:17.250230,3503,True,True,True,True,Eyes,1.187784,0.01933449,-1.866312,0.941285,-0.1617602,0.2963381,0.0,0.0,0.0,0.0,0.0,0.0,0.0,-1.971908,-0.2837899,-1.145043,1.368809,0.01311952,-1.845609,0.02492273,0.6665869,-0.06535572,0.7421385,7.130099,83.63052,356.3147,0.5100838,0.009467849,-0.8600723,0.0,0.0,0.0,2.845781,-0.2887877,-1.16594,-0.1744007,-0.09373032,2.030677,0.1027813,-0.06377965,-0.9926572,0.1302323,0.9902149,-0.05013828,0.9861418,-0.1241227,0.1100817,moving,72.5248,-28.62852,-4.908691,-2.642735,74.698258375746,-22.70719772646968,81.6774543586742,82.09658368905784,77.17865409158635
05/18/2023 18:41:17.270377,3504,True,True,True,True,Eyes,1.196286,0.01892526,-1.865831,0.9419223,-0.1607303,0.2948697,0.0,0.0,0.0,0.0,0.0,0.0,0.0,-1.974182,-0.2806141,-1.155922,1.37994,0.01197319,-1.846054,0.02371895,0.6664866,-0.06433775,0.742357,6.948453,83.61069,356.3088,0.5127884,0.009395424,-0.8584634,0.0,0.0,0.0,2.866466,-0.240662,-1.167348,-0.1773556,-0.0918523,2.030442,0.1033126,-0.06390644,-0.9925939,0.1271399,0.9905962,-0.05054466,0.9864898,-0.1209764,0.1104661,moving,72.61722,-28.59432,-4.992018,-2.590157,74.78371590031085,-22.673069515140934,81.8499255727897,82.26476216718802,77.36088713669497
05/18/2023 18:41:17.290392,3505,True,True,True,True,Eyes,1.204882,0.01855245,-1.865393,0.94251,-0.1598009,0.2934936,0.0,0.0,0.0,0.0,0.0,0.0,0.0,-1.97688,-0.2780599,-1.16592,1.391005,0.01080105,-1.846545,0.02276016,0.6662473,-0.06353439,0.7426708,6.80357,83.57044,356.302,0.5155054,0.009310137,-0.8568355,0.0,0.0,0.0,2.884221,-0.2109996,-1.17075,-0.1807517,-0.08969337,2.030173,0.1041559,-0.06404248,-0.992497,0.1246981,0.9908907,-0.05085261,0.9867128,-0.1184658,0.111193,moving,72.70364,-28.56734,-5.087782,-2.529692,74.86372139367961,-22.645836842727515,82.03331305118664,82.44332706922468,77.55060322539401
05/18/2023 18:41:17.309515,3506,True,True,True,True,Eyes,1.213597,0.01824612,-1.864988,0.943061,-0.1588455,0.2922398,0.0,0.0,0.0,0.0,0.0,0.0,0.0,-1.979316,-0.2832788,-1.17442,1.401881,0.01132341,-1.847106,0.02315267,0.6658952,-0.06435918,0.7429034,6.898643,83.51676,356.258,0.5182343,0.009214946,-0.8551889,0.0,0.0,0.0,2.894268,-0.2459894,-1.179678,-0.1840183,-0.08761692,2.029914,0.1048829,-0.06479081,-0.9923719,0.1264598,0.9906437,-0.05131255,0.9864115,-0.1201133,0.112095,moving,72.78262,-28.52607,-5.17989,-2.471516,74.93652027591064,-22.605398539138232,82.20092912880618,82.60758089665775,77.72899752271339
05/18/2023 18:41:17.320527,3507,True,True,True,True,Eyes,1.222415,0.01791487,-1.864635,0.9436232,-0.1575467,0.2911261,0.0,0.0,0.0,0.0,0.0,0.0,0.0,-1.982044,-0.2848762,-1.184125,1.413418,0.01261452,-1.847673,0.02181227,0.6655767,-0.06386114,0.7432723,6.744027,83.46261,356.1953,0.520975,0.009113856,-0.8535231,0.0,0.0,0.0,2.907939,-0.2464496,-1.184638,-0.1875164,-0.08539376,2.029637,0.1058589,-0.06589697,-0.9921952,0.1239679,0.990892,-0.05258407,0.9866235,-0.1174339,0.1130638,moving,72.85399,-28.42062,-5.278523,-2.409209,75.00099662200596,-22.50505965609772,82.34854637397122,82.75653741144697,77.9071042626032
05/18/2023 18:41:17.340283,3508,True,True,True,True,Eyes,1.231303,0.01759846,-1.864329,0.9441293,-0.1564009,0.2901008,0.0,0.0,0.0,0.0,0.0,0.0,0.0,-1.987735,-0.2725845,-1.192401,1.424694,0.01159932,-1.848601,0.01833936,0.6648301,-0.06045265,0.7443186,6.181717,83.33847,356.2163,0.5237268,0.009006357,-0.8518385,0.0,0.0,0.0,2.924463,-0.224931,-1.188223,-0.1899457,-0.08384939,2.029445,0.1086928,-0.06560694,-0.9919081,0.1143772,0.9920183,-0.05308083,0.9874735,-0.1076821,0.1153292,moving,72.91948,-28.33027,-5.347016,-2.365911,75.06028398755772,-22.41898952912514,82.46085334508062,82.87013846847584,78.04660839227651
05/18/2023 18:41:17.350295,3509,True,True,True,True,Eyes,1.240292,0.01739975,-1.864079,0.9445182,-0.1552563,0.2894494,0.0,0.0,0.0,0.0,0.0,0.0,0.0,-1.990911,-0.2773595,-1.199878,1.43525,0.0116632,-1.8494,0.01928729,0.6643558,-0.06140275,0.7446404,6.333228,83.26748,356.2029,0.5264882,0.008893778,-0.8501357,0.0,0.0,0.0,2.9379,-0.2297785,-1.194941,-0.1931984,-0.0817821,2.029186,0.1097223,-0.06581868,-0.9917808,0.1170732,0.9917154,-0.05286234,0.9870436,-0.1103107,0.1165189,moving,72.96222,-28.20844,-5.438726,-2.307938,75.09776946487587,-22.303973803610457,82.56842215730491,82.98173624131543,78.18875246138133
05/18/2023 18:41:17.370444,3510,True,True,True,True,Eyes,1.249382,0.01718006,-1.863855,0.9449409,-0.1532289,0.2891497,0.0,0.0,0.0,0.0,0.0,0.0,0.0,-1.990968,-0.2955883,-1.209956,1.446643,0.01439504,-1.849956,0.01920643,0.6643403,-0.06446672,0.7443973,6.560373,83.2617,355.933,0.5292581,0.008781914,-0.8484152,0.0,0.0,0.0,2.950413,-0.2430399,-1.203342,-0.1964071,-0.07974255,2.028931,0.1089923,-0.07045852,-0.9915425,0.1214969,0.9909503,-0.05706125,0.9865898,-0.1142501,0.1165665,moving,72.98602,-27.92043,-5.52919,-2.250723,75.11441782779677,-22.03384119681097,82.60491546397192,83.03471110970688,78.31119548372826
05/18/2023 18:41:17.390511,3511,True,True,True,True,Eyes,1.25851,0.01699951,-1.863671,0.9452977,-0.1515973,0.2888435,0.0,0.0,0.0,0.0,0.0,0.0,0.0,-1.995738,-0.2737188,-1.221971,1.458153,0.013504,-1.850598,0.01211742,0.6640397,-0.0583574,0.745318,5.483894,83.20308,355.9158,0.5320366,0.008669759,-0.8466768,0.0,0.0,0.0,2.965909,-0.2349311,-1.209923,-0.1996741,-0.07766589,2.028672,0.1112914,-0.07089674,-0.9912558,0.1030825,0.9928952,-0.05944059,0.9884272,-0.09556592,0.1178089,moving,73.00904,-27.69239,-5.621288,-2.192447,75.13149039954521,-21.81986053040117,82.66181448765101,83.10383012316237,78.4343618662606
05/18/2023 18:41:17.409474,3512,True,True,True,True,Eyes,1.267737,0.01701827,-1.863496,0.9455761,-0.1501336,0.2886966,0.0,0.0,0.0,0.0,0.0,0.0,0.0,-1.996957,-0.282608,-1.23112,1.468212,0.01431718,-1.851353,0.01549941,0.6640888,-0.06045929,0.7450441,5.934769,83.2161,355.993,0.5348214,0.008559099,-0.8449216,0.0,0.0,0.0,2.980538,-0.228774,-1.216254,-0.2031233,-0.07547354,2.028399,0.1106614,-0.0695037,-0.991425,0.1106756,0.9922089,-0.0572052,0.9876766,-0.1033962,0.1174916,moving,73.02189,-27.4762,-5.71852,-2.130903,75.13931433356184,-21.61720471405688,82.71901986234066,83.17274389849712,78.55285647760437
05/18/2023 18:41:17.420697,3513,True,True,True,True,Eyes,1.501279,0.01822373,-1.860075,0.9539381,-0.08972581,0.2862717,2.01926,3.427528,-0.162956,-1.282018,-0.6268962,0.6058283,0.4898707,-0.3399879,0.0133316,2.00881,1.479864,0.01915294,-1.851691,0.01728036,0.6645493,-0.06277958,0.7444021,6.267318,83.28967,355.933,0.5376125,0.00845865,-0.8431494,0.0,0.0,0.0,2.99464,-0.2331971,-1.225373,-0.20604,-0.07361954,2.028167,0.108866,-0.0704992,-0.9915534,0.1164338,0.9915202,-0.05771317,0.987214,-0.1091673,0.1161513,moving,73.29578,-17.4025,-5.800735,-2.078841,75.20117436369185,-12.181587859283994,80.56719686257867,81.62949720944337,78.95922213631782
05/18/2023 18:41:17.444878,3514,True,True,True,True,Eyes,1.50169,0.01826277,-1.860056,0.9538765,-0.08980832,0.2864508,0.0,0.0,0.0,0.0,0.0,0.0,0.0,-2.003263,-0.2539451,-1.257123,1.491916,0.01963018,-1.852488,0.009371118,0.6641914,-0.05158905,0.7457214,4.732655,83.22758,356.2896,0.5498736,0.008384574,-0.8352057,0.7006259,0.0036164,0.01026142,3.00849,-0.2351199,-1.233374,-0.2092403,-0.07158549,2.027913,0.1123767,-0.06449369,-0.9915704,0.08939055,0.9945015,-0.05455351,0.9896367,-0.08250649,0.1175239,moving,73.2849,-17.4073,-5.890937,-2.021706,75.19112886267224,-12.186329909054525,80.65686373386585,81.71671177777066,79.04294982759208
05/18/2023 18:41:17.450286,3515,True,True,True,True,Eyes,1.502542,0.01841371,-1.860053,0.9538229,-0.09009162,0.2865406,0.0,0.0,0.0,0.0,0.0,0.0,0.0,-2.005839,-0.2532518,-1.266707,1.50232,0.02053103,-1.853291,0.01180306,0.6641462,-0.05144351,0.7457374,4.929849,83.22461,356.487,0.5600311,0.008316689,-0.8284296,0.6585883,0.003399416,0.009645731,3.022443,-0.2353273,-1.241784,-0.2125538,-0.06947939,2.027651,0.1125267,-0.06104879,-0.9917717,0.0924046,0.9944285,-0.05072806,0.9893429,-0.08593599,0.117541,moving,73.27907,-17.45374,-5.984324,-1.962527,75.18658797019667,-12.229932891257551,80.76300705527628,81.81770330319256,79.13486906206
05/18/2023 18:41:17.470414,3516,True,True,True,True,Eyes,1.503823,0.0185921,-1.860031,0.9538212,-0.08964057,0.2866875,0.0,0.0,0.0,0.0,0.0,0.0,0.0,-2.003005,-0.2731678,-1.28119,1.513755,0.02344842,-1.85367,0.01261213,0.6649473,-0.05493728,0.7447604,5.269862,83.34666,356.254,0.5684828,0.008259695,-0.8226535,0.619073,0.003195451,0.009066987,3.035357,-0.2413385,-1.250443,-0.2156548,-0.06750836,2.027404,0.109654,-0.06505741,-0.9918385,0.09860303,0.9936457,-0.05427477,0.989067,-0.09184682,0.115372,moving,73.27094,-17.36326,-6.071715,-1.907126,75.17727614674325,-12.14542646726305,80.83408303849917,81.89152189831083,79.21896787351321
05/18/2023 18:41:17.490764,3517,True,True,True,True,Eyes,1.505475,0.01874298,-1.860031,0.9538326,-0.08922609,0.2867785,0.0,0.0,0.0,0.0,0.0,0.0,0.0,-2.00567,-0.2554622,-1.295022,1.525398,0.02409495,-1.854086,0.00596715,0.6650152,-0.04976918,0.7451458,4.306239,83.35223,356.1915,0.5755521,0.008214159,-0.8177236,0.5819287,0.003003724,0.008522968,3.046343,-0.2591328,-1.260446,-0.2189123,-0.0654379,2.027145,0.1105557,-0.0662341,-0.9916605,0.08210708,0.9949749,-0.05730173,0.9904726,-0.07508732,0.1154384,moving,73.26611,-17.28261,-6.163511,-1.848912,75.17122781911831,-12.070045730823388,80.91516375908068,81.97445524989823,79.31090758513889
05/18/2023 18:41:17.509654,3518,True,True,True,True,Eyes,1.507486,0.01892326,-1.860018,0.9537808,-0.08926609,0.2869386,0.0,0.0,0.0,0.0,0.0,0.0,0.0,-2.005608,-0.2567155,-1.308009,1.535948,0.02359059,-1.854605,0.0060932,0.6654997,-0.04996067,0.7446992,4.334136,83.42674,356.1875,0.5815008,0.008178138,-0.8135045,0.5470129,0.002823501,0.00801159,3.057145,-0.2757883,-1.269944,-0.2221095,-0.06340557,2.026892,0.1092282,-0.0663013,-0.991803,0.08252138,0.9949336,-0.05742241,0.9905854,-0.07557281,0.1141461,moving,73.25644,-17.28082,-6.253596,-1.791752,75.16218327629348,-12.068591602205714,81.00467302711566,82.06182149681788,79.39579966896787
05/18/2023 18:41:17.520649,3519,True,True,True,True,Eyes,1.509864,0.01912446,-1.860023,0.9537349,-0.08917712,0.2871188,0.0,0.0,0.0,0.0,0.0,0.0,0.0,-2.004581,-0.2733857,-1.319046,1.546683,0.02453463,-1.854761,0.008962444,0.6658071,-0.05349751,0.7441497,4.851691,83.47433,356.1049,0.5865425,0.008152138,-0.8098771,0.5141922,0.002654091,0.007530894,3.067352,-0.289821,-1.278242,-0.2252796,-0.06139041,2.026642,0.1076779,-0.06768579,-0.9918792,0.09155482,0.9941154,-0.05789924,0.9899613,-0.08457683,0.1132412,moving,73.24575,-17.25443,-6.342906,-1.735055,75.15171619021744,-12.044134336917027,81.08763878839339,82.14408416131457,79.47899559114879
05/18/2023 18:41:17.540548,3520,True,True,True,True,Eyes,1.512566,0.01932805,-1.860033,0.9536408,-0.08920809,0.2874219,0.0,0.0,0.0,0.0,0.0,0.0,0.0,-2.006948,-0.2740317,-1.329069,1.557839,0.02522117,-1.855226,0.007382288,0.6655731,-0.05304692,0.7444085,4.680774,83.43691,356.0215,0.5909923,0.008136285,-0.8066358,0.4833406,0.002494845,0.007079041,3.076722,-0.3070858,-1.286446,-0.2285025,-0.05934201,2.026386,0.1083972,-0.06915025,-0.9916997,0.08880405,0.9942631,-0.05962231,0.9901333,-0.08160406,0.1139161,moving,73.2275,-17.24295,-6.433699,-1.677408,75.13449110825273,-12.033806441195118,81.16768275533907,82.22301761799336,79.55612355460613
05/18/2023 18:41:17.550262,3521,True,True,True,True,Eyes,1.51559,0.01953895,-1.860058,0.9535492,-0.08936802,0.2876758,0.0,0.0,0.0,0.0,0.0,0.0,0.0,-2.0077,-0.2784528,-1.340056,1.568359,0.02548159,-1.855733,0.00830809,0.6657526,-0.05384158,0.7441812,4.821732,83.4649,356.0251,0.5950518,0.008129762,-0.8036458,0.4543402,0.002345154,0.006654298,3.086936,-0.3152202,-1.292862,-0.2316989,-0.0573102,2.026132,0.1077491,-0.06907352,-0.9917758,0.09119805,0.9940642,-0.05932489,0.9899865,-0.08405579,0.1134089,moving,73.21199,-17.25769,-6.523737,-1.620209,75.12032230115194,-12.047958684518942,81.25464277346796,82.30729240263587,79.63512367980685
05/18/2023 18:41:17.570453,3522,True,True,True,True,Eyes,1.518915,0.01975507,-1.860073,0.9534496,-0.0894223,0.2879885,0.0,0.0,0.0,0.0,0.0,0.0,0.0,-2.007817,-0.283086,-1.352073,1.579143,0.0258915,-1.856126,0.009679311,0.6660919,-0.05469251,0.7437988,5.005962,83.51827,356.0591,0.5987701,0.008131892,-0.8008792,0.4270798,0.002204445,0.00625504,3.097671,-0.3193006,-1.298162,-0.2349199,-0.05526306,2.025876,0.1066606,-0.06846582,-0.9919355,0.09425507,0.99383,-0.05846156,0.9898179,-0.0872594,0.1124557,moving,73.19312,-17.24991,-6.614458,-1.562561,75.10259053663322,-12.041108316000088,81.33475533173923,82.3861394616359,79.71158127562663
05/18/2023 18:41:17.590098,3523,True,True,True,True,Eyes,1.522522,0.01996121,-1.860108,0.9533404,-0.0896427,0.2882816,0.0,0.0,0.0,0.0,0.0,0.0,0.0,-2.008942,-0.2818409,-1.363465,1.589717,0.02618641,-1.856458,0.009453044,0.6662448,-0.05412907,0.743706,4.944285,83.54195,356.0911,0.6021912,0.008141979,-0.7983101,0.401455,0.002072178,0.005879738,3.108917,-0.3198986,-1.302715,-0.2381648,-0.05320045,2.025619,0.1063759,-0.06791615,-0.9920039,0.09310833,0.9939613,-0.05806586,0.9899571,-0.086187,0.112057,moving,73.17515,-17.27336,-6.705838,-1.504459,75.0862967510193,-12.06346975053955,81.42254284044404,82.47087980104801,79.78956723541822
05/18/2023 18:41:17.610293,3524,True,True,True,True,Eyes,1.526401,0.02018679,-1.860156,0.9532205,-0.09003916,0.2885543,0.0,0.0,0.0,0.0,0.0,0.0,0.0,-2.010141,-0.2874629,-1.373352,1.600105,0.02618613,-1.85698,0.01120034,0.6662854,-0.05531241,0.7435583,5.184544,83.54999,356.1234,0.6053523,0.008158747,-0.7959155,0.3773677,0.001947848,0.005526954,3.120842,-0.3148959,-1.306362,-0.241349,-0.05117664,2.025366,0.1060087,-0.06733075,-0.9920831,0.09718124,0.9936302,-0.05705147,0.989605,-0.09036391,0.1118767,moving,73.15813,-17.32977,-6.795502,-1.447433,75.07152073606355,-12.116661185904611,81.51583832957245,82.559323166739,79.86662823851682
05/18/2023 18:41:17.620091,3525,True,True,True,True,Eyes,1.530535,0.02041048,-1.860226,0.9531061,-0.09053914,0.2887757,0.0,0.0,0.0,0.0,0.0,0.0,0.0,-2.009668,-0.3003027,-1.384006,1.610551,0.0269266,-1.857369,0.01315801,0.6665355,-0.05783546,0.7431099,5.546553,83.59029,356.0585,0.6082872,0.008182277,-0.7936745,0.3547256,0.001830977,0.005195336,3.132951,-0.3096367,-1.310073,-0.2444565,-0.04920121,2.025119,0.104771,-0.06841566,-0.9921404,0.1034968,0.9929639,-0.0575431,0.9890963,-0.09665448,0.1111146,moving,73.14404,-17.40764,-6.882994,-1.391754,75.0598866743937,-12.18987287888541,81.61393738328125,82.65128592188064,79.94431511159343
05/18/2023 18:41:17.640354,3526,True,True,True,True,Eyes,1.534905,0.02063547,-1.86032,0.9529916,-0.09113813,0.2889652,0.0,0.0,0.0,0.0,0.0,0.0,0.0,-2.009424,-0.3066755,-1.395627,1.620794,0.02713269,-1.857929,0.01418166,0.6669107,-0.05899437,0.7426633,5.724909,83.64954,356.0403,0.6110249,0.008211743,-0.7915684,0.3334421,0.001721118,0.004883616,3.144797,-0.3042504,-1.313143,-0.2476978,-0.04714082,2.024863,0.1034996,-0.0687101,-0.9922535,0.1065417,0.9926371,-0.05762354,0.9889069,-0.09975234,0.110058,moving,73.1317,-17.50501,-6.97424,-1.333662,75.05025746310797,-12.281297212582842,81.72193169168668,82.75185134378076,80.02771400907419
05/18/2023 18:41:17.650189,3527,True,True,True,True,Eyes,1.539511,0.02085548,-1.860438,0.9528869,-0.09191426,0.2890643,0.0,0.0,0.0,0.0,0.0,0.0,0.0,-2.007988,-0.3171488,-1.407728,1.630878,0.02743454,-1.858434,0.01637357,0.6674885,-0.06109787,0.7419287,6.076734,83.74265,356.0325,0.6135912,0.00824654,-0.7895805,0.3134355,0.001617851,0.004590599,3.156163,-0.3011963,-1.316215,-0.2509459,-0.04507659,2.024605,0.1014524,-0.06880219,-0.9924585,0.1125189,0.9919979,-0.05726821,0.988457,-0.1058603,0.1083821,moving,73.1245,-17.63919,-7.065665,-1.275445,75.04612401858806,-12.407059364063876,81.84274380268693,82.86289117683108,80.11643469321457
05/18/2023 18:41:17.670636,3528,True,True,True,True,Eyes,1.54433,0.02107491,-1.860566,0.9528019,-0.09264808,0.2891107,0.0,0.0,0.0,0.0,0.0,0.0,0.0,-2.00605,-0.3263279,-1.421134,1.641141,0.02757925,-1.859097,0.01818618,0.668253,-0.06288457,0.7410485,6.372923,83.86481,356.0249,0.6160086,0.008285853,-0.7876956,0.2946294,0.00152078,0.004315163,3.167748,-0.2979557,-1.319597,-0.2540971,-0.04307359,2.024354,0.09896696,-0.06889508,-0.9927029,0.117507,0.9914296,-0.05709193,0.9881283,-0.1109993,0.1062144,moving,73.12051,-17.76851,-7.154353,-1.218938,75.0448882698626,-12.528198893441324,81.96305242639487,82.97357800708008,80.20559999413811
05/18/2023 18:41:17.690499,3529,True,True,True,True,Eyes,1.549366,0.02129497,-1.860724,0.9527429,-0.09352443,0.2890228,0.0,0.0,0.0,0.0,0.0,0.0,0.0,-2.00411,-0.3332817,-1.434618,1.651133,0.02779785,-1.859745,0.01985337,0.6690555,-0.06416822,0.740171,6.618275,83.99367,356.0501,0.6182974,0.008329145,-0.7858998,0.2769516,0.001429533,0.004056253,3.18012,-0.290809,-1.322913,-0.2573208,-0.04102455,2.024099,0.09649442,-0.06842489,-0.9929788,0.1215569,0.9909766,-0.05647442,0.9878829,-0.115254,0.1039412,moving,73.12437,-17.93098,-7.245064,-1.161115,75.05160313140597,-12.680188308330386,82.1003915556959,83.09891979334103,80.30474270635538
05/18/2023 18:41:17.709613,3530,True,True,True,True,Eyes,1.554606,0.02151002,-1.860912,0.9527087,-0.09385623,0.2890278,0.0,0.0,0.0,0.0,0.0,0.0,0.0,-2.000648,-0.3401597,-1.450707,1.661386,0.02806581,-1.860608,0.02154787,0.6702955,-0.06538355,0.7388942,6.863005,84.19147,356.088,0.6204749,0.008375959,-0.7841813,0.2603346,0.001343761,0.003812878,3.192531,-0.2830639,-1.326094,-0.2605809,-0.03895225,2.023841,0.09285782,-0.06773618,-0.9933727,0.1255099,0.9905214,-0.05580942,0.9877372,-0.1194958,0.1004792,moving,73.12353,-17.99021,-7.336787,-1.102618,75.05195723159778,-12.735648955603978,82.2134622510143,83.20596484191309,80.40048484949105
05/18/2023 18:41:17.720338,3531,True,True,True,True,Eyes,1.560043,0.02170571,-1.861127,0.9527165,-0.09426928,0.2888679,0.0,0.0,0.0,0.0,0.0,0.0,0.0,-1.996991,-0.3429174,-1.467571,1.671533,0.02814267,-1.861321,0.02232453,0.6716132,-0.06568928,0.7376464,6.959678,84.39938,356.1342,0.6225566,0.008425671,-0.7825291,0.2447145,0.001263135,0.003584106,3.204298,-0.2790399,-1.329138,-0.2636386,-0.03700848,2.023598,0.08924125,-0.06692404,-0.9937592,0.1268978,0.9903731,-0.05530037,0.9878932,-0.1211708,0.09687468,moving,73.13246,-18.0736,-7.422806,-1.047734,75.06187839237676,-12.813500569327507,82.3348710655498,83.31960406935396,80.49998660884279
05/18/2023 18:41:17.740365,3532,True,True,True,True,Eyes,1.565669,0.02189385,-1.861387,0.9527681,-0.09435086,0.2886707,0.0,0.0,0.0,0.0,0.0,0.0,0.0,-1.992067,-0.3479554,-1.485717,1.681753,0.02789317,-1.862173,0.02310718,0.6731787,-0.06649848,0.7361213,7.097034,84.64606,356.1407,0.6245561,0.008477112,-0.7809336,0.2300316,0.001187347,0.003369059,3.215911,-0.2755809,-1.331526,-0.2668057,-0.03499559,2.023347,0.08481682,-0.06679136,-0.9941554,0.1290124,0.990088,-0.05551134,0.988009,-0.1235501,0.09259299,moving,73.14419,-18.09978,-7.511887,-0.9908829,75.07331048576718,-12.83773745824837,82.45069506685991,83.43058675742043,80.60557271075183
05/18/2023 18:41:17.750515,3533,True,True,True,True,Eyes,1.571481,0.0220664,-1.86167,0.9528754,-0.09443153,0.2882899,0.0,0.0,0.0,0.0,0.0,0.0,0.0,-1.985931,-0.3548402,-1.504542,1.69189,0.02791892,-1.862849,0.02386491,0.6749067,-0.06760683,0.734412,7.256409,84.91852,356.1221,0.626485,0.008529728,-0.7793865,0.2162297,0.001116107,0.003166916,3.22739,-0.2721928,-1.333274,-0.2701083,-0.03289656,2.023085,0.07986055,-0.06708934,-0.9945458,0.1315157,0.9897195,-0.05620326,0.9880921,-0.1263099,0.08786283,moving,73.16695,-18.1366,-7.60476,-0.9315813,75.09522418077415,-12.87168126053404,82.58378657334289,83.55748542511222,80.72617393171411
05/18/2023 18:41:17.770777,3534,True,True,True,True,Eyes,1.577471,0.02221065,-1.861993,0.9530193,-0.09421884,0.2878838,0.0,0.0,0.0,0.0,0.0,0.0,0.0,-1.979954,-0.3555562,-1.524715,1.702204,0.02771377,-1.863633,0.02386763,0.6767484,-0.06743585,0.7327309,7.253022,85.2072,356.1551,0.6283541,0.008582693,-0.7778798,0.2032559,0.00104914,0.002976901,3.238661,-0.2709985,-1.335131,-0.2732894,-0.03087442,2.022833,0.0749281,-0.06651988,-0.9949678,0.1311294,0.9897655,-0.0562971,0.9885296,-0.1262513,0.08288402,moving,73.19172,-18.12228,-7.694205,-0.8744355,75.11802921216788,-12.857710162554373,82.70441948893546,83.67475728586948,80.84516918850305
05/18/2023 18:41:17.790223,3535,True,True,True,True,Eyes,1.583632,0.02231943,-1.862337,0.9532199,-0.09405748,0.2872716,0.0,0.0,0.0,0.0,0.0,0.0,0.0,-1.973099,-0.355853,-1.545751,1.712477,0.02715898,-1.864345,0.02382065,0.678745,-0.06724373,0.730901,7.244501,85.52068,356.1875,0.6301722,0.008634733,-0.7764071,0.1910606,0.0009861917,0.002798287,3.249918,-0.2678416,-1.335992,-0.2764083,-0.02889195,2.022585,0.06956714,-0.06596073,-0.9953942,0.1306333,0.9898217,-0.05646161,0.9889871,-0.1261038,0.07747571,moving,73.22878,-18.1293,-7.781887,-0.8183954,75.15269523378397,-12.86343271874389,82.83957741234072,83.80470066948637,80.97454184874397
05/18/2023 18:41:17.810620,3536,True,True,True,True,Eyes,1.589958,0.0223742,-1.86272,0.953458,-0.09362409,0.2866221,0.0,0.0,0.0,0.0,0.0,0.0,0.0,-1.965368,-0.3587276,-1.56722,1.722779,0.0264241,-1.865173,0.02406397,0.6808583,-0.06761733,0.7288902,7.305257,85.85431,356.1961,0.6319473,0.008684427,-0.7749624,0.1795969,0.0009270202,0.00263039,3.260858,-0.2665651,-1.335982,-0.2797811,-0.02674816,2.022318,0.06371993,-0.06580291,-0.9957961,0.1313395,0.9896976,-0.05699564,0.9892876,-0.1271556,0.07170597,moving,73.26852,-18.08944,-7.876688,-0.7577776,75.18895863671355,-12.825212550018907,82.97548615651996,83.93762349178287,81.11405655290112
05/18/2023 18:41:17.820354,3537,True,True,True,True,Eyes,1.596436,0.02238814,-1.863117,0.9537514,-0.09332784,0.2857412,0.0,0.0,0.0,0.0,0.0,0.0,0.0,-1.956585,-0.3581588,-1.590354,1.733089,0.02515643,-1.865877,0.02370018,0.6832074,-0.06735853,0.7267247,7.266621,86.22372,356.213,0.6336864,0.008729742,-0.7735405,0.1688211,0.000871399,0.002472566,3.272332,-0.2610974,-1.335518,-0.2829624,-0.02472603,2.022065,0.05738091,-0.06551793,-0.9962002,0.1302865,0.9898022,-0.05759268,0.9898145,-0.1264867,0.06533182,moving,73.32194,-18.0879,-7.96609,-0.7005841,75.2387040784496,-12.822548106759315,83.12678614915465,84.08317173500515,81.2614756730946
05/18/2023 18:41:17.840558,3538,True,True,True,True,Eyes,1.603075,0.0223656,-1.863551,0.9540632,-0.09291872,0.2848322,0.0,0.0,0.0,0.0,0.0,0.0,0.0,-1.946533,-0.3647901,-1.612896,1.743258,0.02421693,-1.866536,0.0245521,0.6856117,-0.06854331,0.7243174,7.44389,86.60804,356.2051,0.6353958,0.008769406,-0.7721364,0.1586918,0.000819115,0.002324212,3.284085,-0.2538984,-1.334221,-0.2860322,-0.02277497,2.021821,0.05047667,-0.06562781,-0.9965667,0.1329606,0.989398,-0.05842118,0.9898352,-0.1295552,0.05866747,moving,73.37719,-18.0675,-8.052341,-0.6453856,75.28979267936006,-12.802188128691572,83.27243594999877,84.22410043419832,81.40737948206122
05/18/2023 18:41:17.850272,3539,True,True,True,True,Eyes,1.609866,0.0223016,-1.863998,0.9544445,-0.09245361,0.2837041,0.0,0.0,0.0,0.0,0.0,0.0,0.0,-1.935866,-0.3677177,-1.636924,1.753776,0.02330542,-1.867093,0.02437626,0.6881468,-0.06890517,0.7218809,7.471167,87.00994,356.1871,0.637081,0.008802459,-0.7707463,0.1491703,0.0007699681,0.00218476,3.295053,-0.2501556,-1.332562,-0.2893263,-0.02068088,2.02156,0.04341232,-0.06593376,-0.9968792,0.1330315,0.9893158,-0.05964022,0.9901606,-0.1300272,0.05171975,moving,73.44567,-18.04978,-8.14488,-0.5861244,75.35325999549087,-12.784033852031673,83.43858289914752,84.38440838037887,81.57303286230957
05/18/2023 18:41:17.870220,3540,True,True,True,True,Eyes,1.616806,0.02219879,-1.86447,0.9548548,-0.09188799,0.2825047,0.0,0.0,0.0,0.0,0.0,0.0,0.0,-1.926265,-0.3640535,-1.660939,1.764268,0.02222344,-1.867784,0.02368776,0.6905852,-0.06798496,0.7196591,7.353631,87.39582,356.2344,0.638747,0.008827845,-0.7693658,0.1402201,0.0007237701,0.002053674,3.306168,-0.2465679,-1.330581,-0.2925235,-0.01864883,2.021307,0.03694019,-0.06513515,-0.9971926,0.1305688,0.9896339,-0.0598046,0.990751,-0.127993,0.0450619,moving,73.51855,-18.01773,-8.234672,-0.5286029,75.42055205524734,-12.752365448827142,83.60298364353535,84.54357978335045,81.74012316379842
05/18/2023 18:41:17.890307,3541,True,True,True,True,Eyes,1.623895,0.02206022,-1.864954,0.9553391,-0.09126435,0.281066,0.0,0.0,0.0,0.0,0.0,0.0,0.0,-1.914548,-0.3648045,-1.686132,1.774849,0.02114329,-1.868443,0.02393727,0.6933198,-0.06797188,0.7170179,7.38751,87.83467,356.2835,0.6403975,0.008844726,-0.7679924,0.1318069,0.0006803438,0.001930454,3.317701,-0.2396788,-1.328597,-0.2956062,-0.01668935,2.021063,0.02937492,-0.06428173,-0.9974995,0.1306665,0.9896137,-0.0599256,0.9909912,-0.1285794,0.03746926,moving,73.60583,-17.98903,-8.321234,-0.4731211,75.50132585685154,-12.72350310631534,83.77858246743732,84.713006086764,81.91809577191589
05/18/2023 18:41:17.910384,3542,True,True,True,True,Eyes,1.631125,0.02188321,-1.865449,0.9558641,-0.0905045,0.2795226,0.0,0.0,0.0,0.0,0.0,0.0,0.0,-1.903107,-0.3607891,-1.711859,1.785565,0.02012132,-1.869171,0.02315354,0.696039,-0.06697501,0.7144985,7.257036,88.26772,356.3312,0.6420367,0.008852488,-0.7666225,0.1238985,0.0006395232,0.001814626,3.328989,-0.233143,-1.325781,-0.2988345,-0.01463731,2.020806,0.0220881,-0.06347553,-0.997739,0.1279386,0.9899565,-0.06014811,0.9915361,-0.1263208,0.02998722,moving,73.69954,-17.94104,-8.411873,-0.4150035,75.58772069342548,-12.676437425367473,83.96097962896754,84.8897785517592,82.10668172709524
05/18/2023 18:41:17.930472,3543,True,True,True,True,Eyes,1.638496,0.02168544,-1.865955,0.9564552,-0.08980203,0.277721,0.0,0.0,0.0,0.0,0.0,0.0,0.0,-1.890597,-0.3590319,-1.737792,1.796254,0.01895206,-1.869837,0.02247331,0.6988386,-0.06646501,0.7118301,7.17446,88.71562,356.3471,0.6436679,0.008850486,-0.7652534,0.1164646,0.0006011518,0.001705749,3.340393,-0.2256908,-1.322474,-0.3019745,-0.01264131,2.020557,0.01441425,-0.06321315,-0.997896,0.126034,0.9901547,-0.06090225,0.9919213,-0.124891,0.02223933,moving,73.80856,-17.91879,-8.500008,-0.3584577,75.68887490481534,-12.653114820281116,84.16095078299108,85.08188172852071,82.30785129645965
05/18/2023 18:41:17.940159,3544,True,True,True,True,Eyes,1.646015,0.02144246,-1.866479,0.9570869,-0.08886422,0.2758402,0.0,0.0,0.0,0.0,0.0,0.0,0.0,-1.87632,-0.3638767,-1.764028,1.807065,0.01826955,-1.870551,0.02220887,0.7017827,-0.06715471,0.708871,7.223635,89.19051,356.299,0.645294,0.008838858,-0.7638829,0.1094767,0.0005650826,0.001603404,3.351355,-0.2194973,-1.31847,-0.305182,-0.01060276,2.020303,0.005982741,-0.06403647,-0.9979296,0.1263797,0.989994,-0.06276957,0.9919639,-0.1257425,0.01401579,moving,73.92259,-17.85678,-8.590017,-0.3006914,75.79393416699972,-12.59246072633072,84.35962636751955,85.2744909555391,82.51585017493143
05/18/2023 18:41:17.950385,3545,True,True,True,True,Eyes,1.653661,0.02117233,-1.867012,0.9577848,-0.08794723,0.2737033,0.0,0.0,0.0,0.0,0.0,0.0,0.0,-1.86206,-0.358917,-1.791994,1.818191,0.0168729,-1.871156,0.02048315,0.704819,-0.06605728,0.7060081,7.009815,89.67548,356.2798,0.6469176,0.008816748,-0.7625086,0.1029081,0.0005311777,0.0015072,3.361046,-0.2197714,-1.314134,-0.3084508,-0.008525159,2.020044,-0.002266478,-0.06440011,-0.9979217,0.1221478,0.9904338,-0.06419428,0.9925095,-0.1220394,0.00562156,moving,74.05181,-17.81342,-8.681727,-0.2418031,75.91350491559295,-12.548915959593469,84.57895639584787,85.4857782896765,82.74071546965548
05/18/2023 18:41:17.970632,3546,True,True,True,True,Eyes,1.661449,0.02088583,-1.86754,0.958506,-0.08698224,0.2714781,0.0,0.0,0.0,0.0,0.0,0.0,0.0,-1.846985,-0.3596499,-1.818909,1.828961,0.01594803,-1.871838,0.02001638,0.7078559,-0.06601703,0.7029801,6.984645,90.16864,356.2753,0.6485406,0.008784135,-0.7611291,0.0,0.0,0.0,3.372394,-0.2104793,-1.309758,-0.3116407,-0.006497419,2.01979,-0.01083647,-0.06447992,-0.9978602,0.1211548,0.9904822,-0.06531886,0.9925745,-0.1216033,-0.00292136,moving,74.18626,-17.76558,-8.771207,-0.1843129,76.03786282275601,-12.501058020466091,84.80001346637648,85.69877790589332,82.96836558583183
05/18/2023 18:41:17.991334,3547,True,True,True,True,Eyes,1.669367,0.02055173,-1.868078,0.9593018,-0.08591798,0.2689947,0.0,0.0,0.0,0.0,0.0,0.0,0.0,-1.83033,-0.3601916,-1.847398,1.840236,0.01520297,-1.872439,0.01927216,0.7110972,-0.06589792,0.6997335,6.931948,90.69617,356.2565,0.6501652,0.008741439,-0.7597423,0.0,0.0,0.0,3.3842,-0.1896368,-1.303154,-0.3148465,-0.004459849,2.019536,-0.02000342,-0.0648132,-0.9976969,0.1196307,0.9905722,-0.06674891,0.992617,-0.1206904,-0.01206119,moving,74.33614,-17.71369,-8.861104,-0.1265291,76.1765201657836,-12.449055895169623,85.03581385344663,85.9257946741183,83.21172321095334
05/18/2023 18:41:18.000420,3548,True,True,True,True,Eyes,1.677407,0.02017091,-1.868609,0.9601181,-0.08495345,0.266376,0.0,0.0,0.0,0.0,0.0,0.0,0.0,-1.814701,-0.3509775,-1.876159,1.851311,0.0136829,-1.873167,0.01811738,0.7142993,-0.06408245,0.6966647,6.706973,91.21756,356.3396,0.6517933,0.008687785,-0.7583466,0.0,0.0,0.0,3.393174,-0.1924696,-1.298437,-0.3181714,-0.002346504,2.019272,-0.02865995,-0.06340552,-0.9975762,0.1151704,0.9911304,-0.06630463,0.9929322,-0.1167916,-0.02110334,moving,74.49381,-17.68868,-8.954325,-0.06658079,76.32295187472599,-12.422036082738993,85.28850810950621,86.16769247612208,83.46630624963068
05/18/2023 18:41:18.020550,3549,True,True,True,True,Eyes,1.685561,0.01976988,-1.869145,0.9609854,-0.08411388,0.2634995,0.0,0.0,0.0,0.0,0.0,0.0,0.0,-1.797098,-0.3523173,-1.904233,1.86235,0.01212865,-1.873845,0.0189627,0.7175923,-0.0642865,0.6932309,6.808661,91.76578,356.425,0.6534262,0.008622452,-0.7569408,0.0,0.0,0.0,3.403536,-0.1940377,-1.296059,-0.3212398,-0.0003960431,2.01903,-0.03814288,-0.06191582,-0.9973523,0.1163457,0.9910153,-0.06597194,0.9924762,-0.1185541,-0.03059654,moving,74.66652,-17.70404,-9.040327,-0.01123886,76.48417217079917,-12.432459735167916,85.55624726962373,86.42179520494662,83.72829993326644
05/18/2023 18:41:18.040245,3550,True,True,True,True,Eyes,1.693833,0.01942087,-1.869653,0.9618722,-0.08337571,0.2604811,0.0,0.0,0.0,0.0,0.0,0.0,0.0,-1.778562,-0.3597443,-1.931359,1.873303,0.0112686,-1.87442,0.01919038,0.7207971,-0.06552196,0.6897756,6.945789,92.29977,356.3771,0.6550648,0.00854585,-0.755524,0.0,0.0,0.0,3.41762,-0.1547584,-1.291215,-0.3244902,0.001669873,2.018771,-0.04768285,-0.06272615,-0.9968911,0.1180556,0.9906772,-0.06798195,0.9918616,-0.1209302,-0.03983314,moving,74.84737,-17.74901,-9.131419,0.04739351,76.65354534738648,-12.470413066390869,85.8437474706065,86.69345759379023,84.00375668668725
05/18/2023 18:41:18.050671,3551,True,True,True,True,Eyes,1.702237,0.0191994,-1.870169,0.9628236,-0.08258494,0.2571973,0.0,0.0,0.0,0.0,0.0,0.0,0.0,-1.759148,-0.3688571,-1.958596,1.8844,0.01214898,-1.875004,0.01951368,0.7240593,-0.06673457,0.6862245,7.089584,92.84675,356.3409,0.6567106,0.00846123,-0.754095,0.0,0.0,0.0,3.426009,-0.1679853,-1.289587,-0.3276249,0.003662428,2.018523,-0.05743062,-0.06333166,-0.9963388,0.1198479,0.9903314,-0.06985804,0.9911299,-0.1234211,-0.04928509,moving,75.0439,-17.8016,-9.219238,0.1039579,76.8376748806068,-12.515140029246687,86.14456122888605,86.97720326090203,84.29132406841981
05/18/2023 18:41:18.070951,3552,True,True,True,True,Eyes,1.710787,0.01891676,-1.870709,0.963844,-0.08100452,0.2538563,0.0,0.0,0.0,0.0,0.0,0.0,0.0,-1.738909,-0.3719991,-1.987725,1.896055,0.01497914,-1.875631,0.01815122,0.7274817,-0.06648961,0.6826567,6.979953,93.41453,356.2817,0.6583642,0.00837448,-0.7526527,0.0,0.0,0.0,3.436953,-0.1720702,-1.289385,-0.3310152,0.00581716,2.018254,-0.06730094,-0.06436981,-0.9956542,0.1171885,0.9904993,-0.07195783,0.9908268,-0.121522,-0.05911805,moving,75.24459,-17.69767,-9.314197,0.1651417,77.02267652109019,-12.413263389491654,86.42492985673188,87.24833525054832,84.58999968629668
05/18/2023 18:41:18.090417,3553,True,True,True,True,Eyes,1.719408,0.01851383,-1.871256,0.9648943,-0.07950898,0.2503147,0.0,0.0,0.0,0.0,0.0,0.0,0.0,-1.72441,-0.330177,-2.019762,1.908138,0.01304522,-1.876402,0.01194647,0.7306201,-0.05890613,0.6801336,5.873151,93.91378,356.3878,0.6600263,0.008283417,-0.7511965,0.0,0.0,0.0,3.45217,-0.1176329,-1.284527,-0.334033,0.00773566,2.018013,-0.07455128,-0.0626714,-0.9952459,0.09758473,0.9927747,-0.06982562,0.992431,-0.1023264,-0.0678969,moving,75.45682,-17.62173,-9.398704,0.2196311,77.21896795803043,-12.337322213647592,86.71086505862554,87.52312935418898,84.8891828742248
05/18/2023 18:41:18.100237,3554,True,True,True,True,Eyes,1.728104,0.01828942,-1.87182,0.9658739,-0.07889657,0.2467042,0.0,0.0,0.0,0.0,0.0,0.0,0.0,-1.707833,-0.320169,-2.045734,1.918518,0.009733722,-1.877078,0.01307011,0.7335855,-0.05735101,0.6770468,5.845245,94.4183,356.6297,0.6616964,0.008183771,-0.7497268,0.0,0.0,0.0,3.461518,-0.1224931,-1.282062,-0.3373348,0.009834282,2.017752,-0.08287389,-0.05848256,-0.9948427,0.09683471,0.9930801,-0.0664456,0.9918443,-0.1018419,-0.07663724,moving,75.67181,-17.7344,-9.491129,0.2792505,77.42145101029412,-12.43786361823307,87.04721582827258,87.83804161945973,85.19992447539566
05/18/2023 18:41:18.120456,3555,True,True,True,True,Eyes,1.736969,0.01812826,-1.872435,0.9669579,-0.07737199,0.2429116,0.0,0.0,0.0,0.0,0.0,0.0,0.0,-1.684198,-0.3748467,-2.06667,1.929156,0.01398747,-1.877849,0.01982887,0.7365949,-0.06615505,0.672799,7.13113,94.96804,356.5445,0.6633737,0.008083481,-0.7482443,0.0,0.0,0.0,3.473039,-0.1279837,-1.283902,-0.3404233,0.0117974,2.017507,-0.09389698,-0.05980641,-0.9937841,0.1182298,0.9904607,-0.07077726,0.988537,-0.1241406,-0.08593033,moving,75.89841,-17.66768,-9.577569,0.335034,77.63130889731076,-12.370223721671112,87.35124897432341,88.12951808493078,85.51527941465767
05/18/2023 18:41:18.140182,3556,True,True,True,True,Eyes,1.74588,0.01808187,-1.873085,0.9680127,-0.07583753,0.2391652,0.0,0.0,0.0,0.0,0.0,0.0,0.0,-1.669665,-0.3304099,-2.099534,1.942105,0.01514369,-1.879626,0.01101711,0.7396539,-0.057848,0.6704062,5.759146,95.44542,356.4697,0.6650589,0.007985075,-0.7467478,0.0,0.0,0.0,3.486584,-0.09088834,-1.281299,-0.3435739,0.0138001,2.017256,-0.1008686,-0.06126561,-0.9930117,0.093861,0.9930645,-0.07080311,0.9904624,-0.1003469,-0.09441864,moving,76.12197,-17.59344,-9.665721,0.3919558,77.83818988311859,-12.295614428704468,87.65273748830747,88.41893947650055,85.82931279122555
05/18/2023 18:41:18.150271,3557,True,True,True,True,Eyes,1.75491,0.01827114,-1.873766,0.9690859,-0.07481232,0.2351079,0.0,0.0,0.0,0.0,0.0,0.0,0.0,-1.651848,-0.3321016,-2.123723,1.952178,0.01783118,-1.880898,0.01162618,0.7425355,-0.0574,0.6672416,5.782821,95.9416,356.581,0.6667498,0.007892898,-0.7452394,0.0,0.0,0.0,3.497393,-0.09010758,-1.281367,-0.3467553,0.01582231,2.017004,-0.1093072,-0.05933363,-0.9922357,0.09386504,0.9931402,-0.06972812,0.9895663,-0.100758,-0.102988,moving,76.36307,-17.65129,-9.754709,0.4494454,78.06394922970132,-12.344244597305751,87.99948000933672,88.7456772863459,86.16199897053114
05/18/2023 18:41:18.170834,3558,True,True,True,True,Eyes,1.764066,0.01836209,-1.874494,0.9702271,-0.07221019,0.2311818,0.0,0.0,0.0,0.0,0.0,0.0,0.0,-1.62309,-0.3762712,-2.150674,1.964188,0.02382137,-1.882231,0.01358509,0.7462465,-0.0640681,0.6624402,6.524025,96.59674,356.2715,0.6684466,0.007815477,-0.7437186,0.0,0.0,0.0,3.507126,-0.104521,-1.280199,-0.3500637,0.01792521,2.016742,-0.1219772,-0.06460691,-0.9904281,0.1051582,0.9914215,-0.07762257,0.9869466,-0.1136198,-0.1141368,moving,76.5977,-17.34632,-9.847217,0.5092431,78.27671654199895,-12.05341027303356,88.26972758967239,89.01487472712434,86.49064966152015
05/18/2023 18:41:18.192070,3559,True,True,True,True,Eyes,1.773196,0.01840627,-1.875261,0.9713277,-0.07044365,0.2270689,0.0,0.0,0.0,0.0,0.0,0.0,0.0,-1.616005,-0.2892462,-2.181896,1.976382,0.02120556,-1.883951,0.00101683,0.7485204,-0.04925601,0.6612791,4.305995,96.94456,356.3419,0.6701492,0.007747449,-0.7421855,0.0,0.0,0.0,3.517915,-0.09508008,-1.276402,-0.3532346,0.01994073,2.016491,-0.1254177,-0.0636217,-0.9900618,0.06666619,0.9951456,-0.07239344,0.9898615,-0.07508308,-0.1205675,moving,76.84216,-17.23547,-9.93586,0.5665697,78.50236881488586,-11.944054234007975,88.58519838325576,89.31873278955698,86.82555819920546
05/18/2023 18:41:18.200485,3560,True,True,True,True,Eyes,1.782405,0.01860964,-1.876039,0.9723955,-0.06957038,0.2227262,0.0,0.0,0.0,0.0,0.0,0.0,0.0,-1.595478,-0.3266591,-2.20084,1.984984,0.02026986,-1.885572,0.007582784,0.7512677,-0.05560545,0.6576073,5.366266,97.44006,356.4447,0.671854,0.007686062,-0.7406433,0.0,0.0,0.0,3.528002,-0.09751685,-1.274856,-0.3564539,0.02198681,2.016235,-0.1349903,-0.06173968,-0.9889215,0.08452649,0.993701,-0.07357616,0.9872349,-0.09352215,-0.1289214,moving,77.099,-17.34663,-10.02583,0.624779,78.74381733931219,-12.042224149213451,88.9590217121017,89.66885333006125,87.17481947317332
05/18/2023 18:41:18.221613,3561,True,True,True,True,Eyes,1.791711,0.01888856,-1.876889,0.9735284,-0.06775261,0.2182936,0.0,0.0,0.0,0.0,0.0,0.0,0.0,-1.562025,-0.3904441,-2.225538,1.996176,0.02450638,-1.886815,0.01221803,0.7551292,-0.0659053,0.6521404,6.630721,98.14545,356.1031,0.6735613,0.007636762,-0.7390916,0.0,0.0,0.0,3.538505,-0.1015479,-1.274098,-0.3596218,0.02400045,2.015984,-0.1491272,-0.06750663,-0.9865109,0.1044114,0.9910145,-0.08359829,0.98329,-0.1154698,-0.1407388,moving,77.36166,-17.24298,-10.11433,0.6820786,78.98656596098517,-11.939190916135136,89.29365348272817,89.99036673583026,87.52749971866523
05/18/2023 18:41:18.240629,3562,True,True,True,True,Eyes,1.801042,0.01914401,-1.877791,0.9746643,-0.06590399,0.2137431,0.0,0.0,0.0,0.0,0.0,0.0,0.0,-1.551599,-0.3341184,-2.254448,2.007833,0.02637507,-1.889322,0.004072115,0.7575526,-0.05581244,0.6503713,5.155465,98.5345,356.1757,0.6752699,0.007601192,-0.7375313,0.0,0.0,0.0,3.549024,-0.09698357,-1.272117,-0.36288,0.02607137,2.015725,-0.1540017,-0.06642792,-0.9858353,0.07876728,0.9937368,-0.07926494,0.9849261,-0.08985847,-0.1478049,moving,77.63088,-17.13624,-10.20534,0.7410218,79.23536766934684,-11.833115153039252,89.637034942897,90.32025857196903,87.88920010539896
05/18/2023 18:41:18.250489,3563,True,True,True,True,Eyes,1.810409,0.01943652,-1.878739,0.9757927,-0.0645568,0.2089522,0.0,0.0,0.0,0.0,0.0,0.0,0.0,-1.530373,-0.3266206,-2.280697,2.017838,0.02601854,-1.891547,0.004530203,0.7608345,-0.05428736,0.6466556,5.075384,99.11404,356.3555,0.6769778,0.007577009,-0.7359642,0.0,0.0,0.0,3.558543,-0.1033332,-1.269876,-0.3661246,0.02813394,2.015468,-0.1636324,-0.06331698,-0.9844875,0.07710391,0.9940647,-0.07674842,0.9835037,-0.08846635,-0.1577792,moving,77.91345,-17.16879,-10.29593,0.7997406,79.49928182188526,-11.857114233251842,90.02090208339136,90.682832115055,88.2641043402488
05/18/2023 18:41:18.270694,3564,True,True,True,True,Eyes,1.819821,0.01974417,-1.879735,0.9769107,-0.06294211,0.2041661,0.0,0.0,0.0,0.0,0.0,0.0,0.0,-1.503851,-0.3574948,-2.304363,2.028132,0.02730674,-1.893514,0.007350089,0.7641566,-0.05918751,0.6422674,5.733326,99.71941,356.2662,0.6786835,0.007564431,-0.7343916,0.0,0.0,0.0,3.56824,-0.1127605,-1.268939,-0.3691396,0.03005029,2.015228,-0.174877,-0.06479517,-0.9824558,0.08726164,0.9928856,-0.08101561,0.9807157,-0.09989849,-0.1679787,moving,78.19557,-17.13394,-10.38008,0.8543088,79.76148309018402,-11.818034783464238,90.38375333992941,91.02796102428633,88.63154065009354
05/18/2023 18:41:18.290413,3565,True,True,True,True,Eyes,1.829236,0.02002741,-1.880807,0.9780294,-0.06152407,0.1991815,0.0,0.0,0.0,0.0,0.0,0.0,0.0,-1.485385,-0.3424132,-2.329884,2.038595,0.02788939,-1.896135,0.004519301,0.7669763,-0.05649105,0.6391681,5.303521,100.2128,356.2408,0.6803861,0.007562802,-0.7328145,0.0,0.0,0.0,3.578235,-0.1160472,-1.268041,-0.3728865,0.03243193,2.014932,-0.1828878,-0.06528214,-0.980964,0.07914693,0.9935767,-0.08087739,0.9799429,-0.09243176,-0.1765461,moving,78.4888,-17.16511,-10.48463,0.9221416,80.03530339406791,-11.840498093779374,90.7932812294313,91.41522473647223,89.03129211578104
05/18/2023 18:41:18.300594,3566,True,True,True,True,Eyes,1.83866,0.02034217,-1.881937,0.9791206,-0.06044822,0.1940844,0.0,0.0,0.0,0.0,0.0,0.0,0.0,-1.463089,-0.3467342,-2.35391,2.048156,0.0275984,-1.898957,0.005923308,0.7701288,-0.05697571,0.6353112,5.467641,100.7847,356.3558,0.682083,0.007570024,-0.7312353,0.0,0.0,0.0,3.58808,-0.126139,-1.269291,-0.3755713,0.03413827,2.014719,-0.1926893,-0.06327119,-0.9792179,0.08151803,0.9934374,-0.08023099,0.9778679,-0.09528356,-0.186267,moving,78.78799,-17.29937,-10.55951,0.9707513,80.3166556069429,-11.959320921032056,91.19634361402169,91.79141704463233,89.40647953200404
05/18/2023 18:41:18.320133,3567,True,True,True,True,Eyes,1.84809,0.02068294,-1.883148,0.9802262,-0.05935057,0.18877,0.0,0.0,0.0,0.0,0.0,0.0,0.0,-1.435522,-0.3707252,-2.377841,2.057845,0.02872655,-1.901772,0.008047796,0.773595,-0.06065037,0.63072,5.968948,101.426,356.3073,0.6837726,0.007586344,-0.7296554,0.0,0.0,0.0,3.598459,-0.1340891,-1.271219,-0.3787403,0.03615258,2.014467,-0.2042555,-0.06405534,-0.9768199,0.08895828,0.9925135,-0.08368585,0.9748675,-0.1039895,-0.197028,moving,79.09954,-17.4535,-10.64789,1.028147,80.60990582044508,-12.096459826899618,91.63063061791898,92.19674941323444,89.80788198292518
05/18/2023 18:41:18.340165,3568,True,True,True,True,Eyes,1.857503,0.0210355,-1.884462,0.9813144,-0.05818294,0.1834035,0.0,0.0,0.0,0.0,0.0,0.0,0.0,-1.410899,-0.3699258,-2.403366,2.067464,0.02968257,-1.904826,0.006994974,0.7769411,-0.06029359,0.6266405,5.880604,102.0327,356.271,0.6854529,0.007611759,-0.7280768,0.0,0.0,0.0,3.608728,-0.1403783,-1.273291,-0.3819314,0.03818084,2.014214,-0.2145454,-0.06469544,-0.974569,0.08643416,0.9926316,-0.08492244,0.9728819,-0.1024558,-0.2073727,moving,79.41379,-17.60111,-10.73685,1.085952,80.90554666861215,-12.227433966233304,92.06706348418768,92.60440115379589,90.21243233177263
05/18/2023 18:41:18.350457,3569,True,True,True,True,Eyes,1.866901,0.02139607,-1.885846,0.982398,-0.05722887,0.1778171,0.0,0.0,0.0,0.0,0.0,0.0,0.0,-1.385695,-0.3723255,-2.428113,2.076683,0.0303204,-1.908134,0.007289617,0.7803336,-0.06038427,0.6223988,5.930029,102.6573,356.3229,0.6871212,0.007645722,-0.7265023,0.0,0.0,0.0,3.61993,-0.1466425,-1.277871,-0.3851746,0.04024222,2.013957,-0.2251335,-0.06378953,-0.9722376,0.08654286,0.9926012,-0.08516565,0.9704769,-0.1033138,-0.2179472,moving,79.74037,-17.84032,-10.82722,1.144713,81.21443425789715,-12.443866739086824,92.53604614645684,93.03932296537737,90.63089180319707
05/18/2023 18:41:18.370563,3570,True,True,True,True,Eyes,1.876273,0.02175362,-1.887329,0.9834498,-0.05618723,0.1722483,0.0,0.0,0.0,0.0,0.0,0.0,0.0,-1.358795,-0.3843262,-2.451516,2.085807,0.03090624,-1.911129,0.008304996,0.7836893,-0.06210306,0.6179851,6.177198,103.2859,356.3241,0.6887756,0.007687597,-0.7249335,0.0,0.0,0.0,3.631562,-0.1479891,-1.282619,-0.3883878,0.0422847,2.013702,-0.2360513,-0.06374045,-0.9696479,0.08977459,0.9921485,-0.08707427,0.9675849,-0.1076037,-0.2284756,moving,80.06558,-18.06628,-10.91673,1.202948,81.52179102276999,-12.647928397366094,93.00045097015436,93.47046028479907,91.04692674919488
05/18/2023 18:41:18.390442,3571,True,True,True,True,Eyes,1.885614,0.02210573,-1.888898,0.9844908,-0.05535192,0.1664753,0.0,0.0,0.0,0.0,0.0,0.0,0.0,-1.334717,-0.3875573,-2.474487,2.094709,0.03119254,-1.914675,0.008302002,0.7868093,-0.06244509,0.6139733,6.2265,103.8682,356.331,0.6904141,0.007736399,-0.7233726,0.0,0.0,0.0,3.64356,-0.1508185,-1.288881,-0.3916106,0.04433295,2.013446,-0.2459362,-0.06361504,-0.9671963,0.08974341,0.9920634,-0.08807033,0.9651226,-0.1084591,-0.2382752,moving,80.4022,-18.39162,-11.00648,1.26136,81.84168662235702,-12.944752111500438,93.49752083463389,93.9286732923312,91.47474158274892
05/18/2023 18:41:18.400484,3572,True,True,True,True,Eyes,1.894925,0.02246059,-1.890546,0.9855026,-0.05445708,0.1606829,0.0,0.0,0.0,0.0,0.0,0.0,0.0,-1.308258,-0.3996212,-2.496766,2.103433,0.03145036,-1.918243,0.009231742,0.7900457,-0.06421979,0.6096052,6.47263,104.484,356.3237,0.6920353,0.00779116,-0.7218212,0.0,0.0,0.0,3.655682,-0.1540323,-1.295972,-0.394749,0.0463284,2.013197,-0.2565927,-0.06371043,-0.9644175,0.09288441,0.9915812,-0.09021769,0.9620461,-0.1127286,-0.2485147,moving,80.73961,-18.72205,-11.09385,1.318278,82.16241600887696,-13.246322163764953,93.99467602965173,94.38675080671419,91.90073893999583
05/18/2023 18:41:18.420525,3573,True,True,True,True,Eyes,1.904199,0.02279332,-1.892282,0.986502,-0.05365098,0.1547109,0.0,0.0,0.0,0.0,0.0,0.0,0.0,-1.281156,-0.4096554,-2.51912,2.112107,0.03189067,-1.921751,0.008965997,0.7932665,-0.0658019,0.6052423,6.618048,105.0961,356.2234,0.693637,0.007851285,-0.7202816,0.0,0.0,0.0,3.668579,-0.152042,-1.303511,-0.3980091,0.04840017,2.012939,-0.267203,-0.06542733,-0.9614167,0.09387703,0.9911794,-0.09354369,0.9590567,-0.1152501,-0.258704,moving,81.08703,-19.12563,-11.18456,1.377385,82.49387633123492,-13.61613409576682,94.52206062723307,94.8707280900719,92.34023531950922
05/18/2023 18:41:18.440515,3574,True,True,True,True,Eyes,1.913444,0.02310566,-1.89409,0.9874619,-0.05274425,0.1487859,0.0,0.0,0.0,0.0,0.0,0.0,0.0,-1.255462,-0.4169651,-2.540794,2.120617,0.03171717,-1.925527,0.008556863,0.7963262,-0.06703057,0.601081,6.721483,105.6806,356.1344,0.6952178,0.007915347,-0.7187552,0.0,0.0,0.0,3.681678,-0.1503128,-1.311964,-0.4011388,0.05038947,2.01269,-0.277257,-0.0669535,-0.9584602,0.09420971,0.9908674,-0.09646965,0.9561659,-0.1170431,-0.2684172,moving,81.43141,-19.5193,-11.27163,1.434151,82.8223138817933,-13.976739505129656,95.04157371409104,95.34760522106029,92.77272082453598
05/18/2023 18:41:18.450526,3575,True,True,True,True,Eyes,1.922646,0.02341382,-1.895991,0.9883958,-0.05196002,0.1427371,0.0,0.0,0.0,0.0,0.0,0.0,0.0,-1.23011,-0.4246153,-2.561847,2.129143,0.03152104,-1.929323,0.008548747,0.7993,-0.06824829,0.596983,6.852204,106.2546,356.0832,0.6967775,0.007982149,-0.7172425,0.0,0.0,0.0,3.694768,-0.150859,-1.321056,-0.404508,0.05253121,2.012423,-0.2870766,-0.06782012,-0.9555038,0.09515218,0.9905382,-0.09889482,0.9531701,-0.1193086,-0.2779071,moving,81.78256,-20.00282,-11.36531,1.495278,83.15878396113725,-14.421292770328291,95.59651616640903,95.85479416419801,93.21887031500192
05/18/2023 18:41:18.475612,3576,True,True,True,True,Eyes,1.931819,0.02372062,-1.897981,0.9892856,-0.05098872,0.1367995,0.0,0.0,0.0,0.0,0.0,0.0,0.0,-1.207503,-0.4333321,-2.581013,2.137383,0.03175527,-1.933403,0.00862638,0.8019316,-0.06955842,0.5932901,6.995886,106.7673,356.031,0.698314,0.008051162,-0.7157459,0.0,0.0,0.0,3.708489,-0.1487857,-1.331605,-0.4074949,0.05442952,2.012187,-0.2958653,-0.06870111,-0.9527562,0.09637218,0.9901745,-0.1013263,0.950356,-0.1217981,-0.2863373,moving,82.12701,-20.44173,-11.44834,1.549469,83.48815501385512,-14.824242849495176,96.12470525874241,96.33813640114717,93.64700701148875
05/18/2023 18:41:18.490621,3577,True,True,True,True,Eyes,1.940954,0.02400221,-1.900075,0.9901535,-0.05003358,0.1307391,0.0,0.0,0.0,0.0,0.0,0.0,0.0,-1.18494,-0.4356672,-2.601243,2.145955,0.03200863,-1.937577,0.007475169,0.8045682,-0.06997129,0.5896764,6.973438,107.2756,355.9276,0.6998265,0.008122061,-0.7142663,0.0,0.0,0.0,3.721509,-0.1535072,-1.34236,-0.4108571,0.0565666,2.01192,-0.3044517,-0.07049228,-0.9499159,0.09454941,0.9900963,-0.1037775,0.9478238,-0.1214092,-0.2947715,moving,82.47823,-20.94174,-11.54176,1.610489,83.8250068047795,-15.28422974715997,96.68692544738683,96.8516996874233,94.092551602965
05/18/2023 18:41:18.500432,3578,True,True,True,True,Eyes,1.950064,0.02424202,-1.902226,0.9910213,-0.04926127,0.1242981,0.0,0.0,0.0,0.0,0.0,0.0,0.0,-1.162935,-0.4359786,-2.621258,2.154218,0.0316861,-1.942118,0.006769478,0.8072011,-0.07004352,0.586067,6.950578,107.7873,355.8884,0.701314,0.008193667,-0.712805,0.0,0.0,0.0,3.73547,-0.1530173,-1.353816,-0.4140197,0.05857695,2.011669,-0.3129594,-0.07117173,-0.9470962,0.09302905,0.9900962,-0.1051437,0.9451995,-0.1210131,-0.3032389,moving,82.85106,-21.6192,-11.62961,1.667901,84.18539983016693,-15.909821528254373,97.30820148699235,97.41402587941475,94.55409936928744
05/18/2023 18:41:18.520287,3579,True,True,True,True,Eyes,1.959126,0.02445059,-1.904476,0.9918512,-0.0486279,0.1177565,0.0,0.0,0.0,0.0,0.0,0.0,0.0,-1.140181,-0.4388018,-2.640827,2.162516,0.03087103,-1.946562,0.006728217,0.809841,-0.07051519,0.5823572,7.01035,108.3079,355.8844,0.7027765,0.008264306,-0.7113624,0.0,0.0,0.0,3.749584,-0.1481469,-1.364833,-0.417104,0.06053738,2.011425,-0.3216296,-0.07123247,-0.9441823,0.09302762,0.9899647,-0.1063757,0.9422845,-0.1220486,-0.3117754,moving,83.22931,-22.43833,-11.71524,1.723898,84.55356206528631,-16.66789746056029,97.97081624966938,98.00989945586292,95.01891961538036
05/18/2023 18:41:18.540308,3580,True,True,True,True,Eyes,1.968153,0.02465356,-1.906805,0.9926497,-0.04817597,0.1110205,0.0,0.0,0.0,0.0,0.0,0.0,0.0,-1.117107,-0.4489947,-2.658812,2.170474,0.0303622,-1.951134,0.006818179,0.8123612,-0.07221316,0.5786262,7.193268,108.8137,355.8099,0.7042123,0.008332866,-0.7099401,0.0,0.0,0.0,3.763728,-0.1484412,-1.377486,-0.4204052,0.06263574,2.011162,-0.3302908,-0.07249118,-0.9410917,0.09464648,0.9894775,-0.109436,0.9391221,-0.1252167,-0.3199543,moving,83.61842,-23.45784,-11.80686,1.783846,84.93568912750953,-17.613287684121786,98.70727822810736,98.66797660258514,95.50092926158081
05/18/2023 18:41:18.550635,3581,True,True,True,True,Eyes,1.977141,0.02480966,-1.909242,0.9934114,-0.04771073,0.1041998,0.0,0.0,0.0,0.0,0.0,0.0,0.0,-1.093237,-0.4572644,-2.677186,2.178564,0.03041715,-1.955636,0.006454531,0.8149265,-0.07357155,0.5748396,7.315414,109.3287,355.7177,0.7056218,0.008399337,-0.7085386,0.0,0.0,0.0,3.77837,-0.1429819,-1.390102,-0.4236155,0.06467655,2.010907,-0.3390356,-0.07406373,-0.9378536,0.09510361,0.9890911,-0.1124901,0.9359542,-0.1273314,-0.3282934,moving,84.01209,-24.60197,-11.89593,1.842162,85.32445684395387,-18.675222331746845,99.48688565611964,99.36179687336903,95.98479601834043
05/18/2023 18:41:18.570931,3582,True,True,True,True,Eyes,1.986074,0.02493141,-1.911772,0.9941295,-0.04730821,0.09730639,0.0,0.0,0.0,0.0,0.0,0.0,0.0,-1.071212,-0.4565517,-2.696418,2.186702,0.02944785,-1.960631,0.005601821,0.8174367,-0.07362635,0.5712663,7.282985,109.8284,355.6659,0.7070039,0.008462173,-0.7071586,0.0,0.0,0.0,3.792919,-0.1391119,-1.403247,-0.4268365,0.06672351,2.010652,-0.3472469,-0.07496224,-0.9347729,0.09327877,0.9890956,-0.1139695,0.9331231,-0.12677,-0.3364679,moving,84.40964,-25.92799,-11.98526,1.900664,85.7203307798243,-19.9073237570988,100.33150417222755,100.10979372493112,96.4728273932814
05/18/2023 18:41:18.591909,3583,True,True,True,True,Eyes,1.994961,0.02500839,-1.914407,0.9948027,-0.04697387,0.0903389,0.0,0.0,0.0,0.0,0.0,0.0,0.0,-1.048743,-0.4610798,-2.714108,2.194359,0.02874356,-1.965401,0.005218251,0.8198714,-0.0744698,0.5676603,7.356097,110.3217,355.6056,0.7083578,0.008520457,-0.7058017,0.0,0.0,0.0,3.807425,-0.1389248,-1.417557,-0.4300227,0.06874902,2.0104,-0.3554696,-0.07599049,-0.9315938,0.09310366,0.9888541,-0.1161869,0.9300393,-0.1280357,-0.3444325,moving,84.81116,-27.47326,-12.07358,1.958563,86.12411183402185,-21.34456020779953,101.25653090033713,100.92483456893751,96.96384136201182
05/18/2023 18:41:18.600175,3584,True,True,True,True,Eyes,2.003791,0.02503755,-1.917163,0.9954377,-0.046485,0.08332397,0.0,0.0,0.0,0.0,0.0,0.0,0.0,-1.026151,-0.466555,-2.73178,2.202192,0.02776548,-1.970497,0.004903983,0.8222851,-0.07550444,0.5640235,7.452501,110.8152,355.5399,0.7096828,0.008572997,-0.7044689,0.0,0.0,0.0,3.822907,-0.130497,-1.432157,-0.43314,0.07073022,2.010153,-0.3637073,-0.0771076,-0.9283167,0.09323749,0.9885501,-0.1186404,0.9268356,-0.1297043,-0.3523535,moving,85.21516,-29.15639,-12.15996,2.015206,86.53284957842818,-22.910781817861988,102.2427620528789,101.79182448104606,97.45504893902408
05/18/2023 18:41:18.620446,3585,True,True,True,True,Eyes,2.012558,0.02500742,-1.920018,0.9960232,-0.04606455,0.07626225,0.0,0.0,0.0,0.0,0.0,0.0,0.0,-1.004208,-0.4624992,-2.750495,2.209955,0.0266491,-1.975588,0.003900124,0.8247402,-0.07506439,0.5604943,7.364966,111.3105,355.5057,0.7109774,0.008618618,-0.7031618,0.0,0.0,0.0,3.83748,-0.1281007,-1.446846,-0.43656,0.07290403,2.009881,-0.3716621,-0.07771315,-0.9251099,0.09057949,0.9887003,-0.1194452,0.9239388,-0.1281892,-0.3604231,moving,85.62159,-31.13316,-12.25469,2.077368,86.9494872659544,-24.751805432687227,103.3571737068946,102.76805600037453,97.95728531855515
05/18/2023 18:41:18.640953,3586,True,True,True,True,Eyes,2.021275,0.02491956,-1.922976,0.9965603,-0.04561996,0.06918333,0.0,0.0,0.0,0.0,0.0,0.0,0.0,-0.9834111,-0.4649278,-2.767145,2.21727,0.02520574,-1.980763,0.003993172,0.8269995,-0.07555388,0.5570885,7.435797,111.7778,355.513,0.7122413,0.00865589,-0.7018811,0.0,0.0,0.0,3.852782,-0.1247836,-1.463174,-0.4395077,0.07477756,2.009647,-0.3792731,-0.07757569,-0.9220272,0.09078511,0.9885514,-0.1205169,0.9208204,-0.1294152,-0.3678882,moving,86.02878,-33.40113,-12.3363,2.130953,87.3724220153158,-26.865385355660447,104.58593541067215,103.83938021754302,98.44672679322197
05/18/2023 18:41:18.651022,3587,True,True,True,True,Eyes,2.029933,0.0247693,-1.926042,0.9970486,-0.04515477,0.06209066,0.0,0.0,0.0,0.0,0.0,0.0,0.0,-0.9620743,-0.4655035,-2.784353,2.224942,0.02373245,-1.985943,0.003572023,0.8292698,-0.07585196,0.5536656,7.455658,112.2472,355.4842,0.7134746,0.008683601,-0.7006269,0.0,0.0,0.0,3.868041,-0.1166739,-1.478863,-0.4428828,0.07692283,2.009379,-0.3868836,-0.07806888,-0.918818,0.08991756,0.9884675,-0.121848,0.9177342,-0.1297589,-0.3754021,moving,86.43654,-36.02612,-12.42971,2.192321,87.80274005531672,-29.313135831336897,105.99615380537627,105.06730154640307,98.94872326921116
05/18/2023 18:41:18.670633,3588,True,True,True,True,Eyes,2.038535,0.02454029,-1.929185,0.9974846,-0.04469947,0.05501296,0.0,0.0,0.0,0.0,0.0,0.0,0.0,-0.9440576,-0.4611995,-2.801041,2.232265,0.0220741,-1.991554,0.003116379,0.8313236,-0.07533305,0.5506508,7.393573,112.6699,355.5014,0.7146762,0.008700486,-0.699401,0.0,0.0,0.0,3.882556,-0.1202698,-1.495729,-0.4459742,0.07888845,2.009134,-0.3935479,-0.07778297,-0.9160075,0.08814585,0.9886304,-0.1218202,0.9150684,-0.1286843,-0.3822173,moving,86.84324,-39.09476,-12.51522,2.248558,88.2405852705521,-32.17618298114201,107.61679012505773,106.47438700145746,99.44152968806894
05/18/2023 18:41:18.690364,3589,True,True,True,True,Eyes,2.047058,0.02425958,-1.932437,0.9978614,-0.04440454,0.04796715,0.0,0.0,0.0,0.0,0.0,0.0,0.0,-0.9254174,-0.4595895,-2.816953,2.239351,0.0199153,-1.996937,0.00366047,0.8333984,-0.07511891,0.5475318,7.424312,113.1053,355.5952,0.7158466,0.008704871,-0.698203,0.0,0.0,0.0,3.896804,-0.1233423,-1.51219,-0.4491471,0.08090448,2.008882,-0.4003913,-0.07615871,-0.913174,0.08836122,0.9886875,-0.1211995,0.9120741,-0.1292164,-0.3891324,moving,87.24792,-42.7913,-12.60296,2.306249,88.68859942249001,-35.627013430403885,109.56270881363695,108.16151075522991,99.93480960120687
05/18/2023 18:41:18.700732,3590,True,True,True,True,Eyes,2.055519,0.02394863,-1.935808,0.9981891,-0.04398408,0.04103651,0.0,0.0,0.0,0.0,0.0,0.0,0.0,-0.9101157,-0.4650206,-2.830488,2.246056,0.01840654,-2.002775,0.005263862,0.835116,-0.07571331,0.5448132,7.596417,113.4775,355.7356,0.7169849,0.008696225,-0.6970341,0.0,0.0,0.0,3.911138,-0.1248837,-1.52898,-0.4524751,0.08301996,2.008619,-0.4063022,-0.07370733,-0.9107614,0.09129108,0.9884796,-0.1207231,0.9091672,-0.1321944,-0.3948926,moving,87.64584,-46.98558,-12.69493,2.366794,89.13986781118572,-39.543901235920686,111.8209593217156,110.12189800581582,100.42539373924149
05/18/2023 18:41:18.720491,3591,True,True,True,True,Eyes,2.063908,0.02359995,-1.9393,0.9984724,-0.04343491,0.03415098,0.0,0.0,0.0,0.0,0.0,0.0,0.0,-0.8962718,-0.459218,-2.8457,2.253116,0.0173521,-2.00882,0.004872288,0.8367791,-0.07480312,0.5423852,7.496907,113.8221,355.7781,0.7180909,0.008674838,-0.6958949,0.0,0.0,0.0,3.926621,-0.1156168,-1.54694,-0.4555146,0.08495193,2.008378,-0.4115891,-0.07299016,-0.908442,0.08929826,0.9887615,-0.119902,0.9069842,-0.1304727,-0.4004456,moving,88.04106,-51.82358,-12.7789,2.422098,89.60097516371931,-44.06339599898693,114.48693338578549,112.43905011546744,100.90477369713237
05/18/2023 18:41:18.740163,3592,True,True,True,True,Eyes,2.072222,0.02320294,-1.942911,0.9987106,-0.04276323,0.02735717,0.0,0.0,0.0,0.0,0.0,0.0,0.0,-0.8836678,-0.4485623,-2.861121,2.25983,0.01606931,-2.015191,0.003521304,0.8383763,-0.07336404,0.540121,7.285708,114.1469,355.7595,0.7191633,0.008640734,-0.6947871,0.0,0.0,0.0,3.943744,-0.07738861,-1.562363,-0.4586357,0.08693568,2.00813,-0.4165141,-0.07334657,-0.906166,0.08515529,0.9892106,-0.1192095,0.9051327,-0.1268172,-0.4057743,moving,88.43092,-57.3915,-12.86509,2.478893,90.07109739170426,-49.2662449253732,117.66624664658319,115.21032060391096,101.38074155684853
05/18/2023 18:41:18.750525,3593,True,True,True,True,Eyes,2.080464,0.02279742,-1.946637,0.9989021,-0.04206928,0.0206084,0.0,0.0,0.0,0.0,0.0,0.0,0.0,-0.8680834,-0.4431084,-2.876324,2.26651,0.01450941,-2.021354,0.002491117,0.8401329,-0.0728093,0.5374659,7.181722,114.5139,355.718,0.7202016,0.008593567,-0.6937113,0.0,0.0,0.0,3.956909,-0.07937121,-1.57739,-0.4618606,0.08898568,2.007874,-0.4222487,-0.07407927,-0.9034481,0.08245074,0.9893852,-0.1196612,0.9027226,-0.1250167,-0.4116588,moving,88.81809,-63.90124,-12.95411,2.537595,90.55678924977576,-55.35073293621902,121.538880565016,118.59833377728569,101.85677749390165
05/18/2023 18:41:18.770714,3594,True,True,True,True,Eyes,2.08863,0.02241558,-1.95049,0.9990536,-0.04120275,0.01393659,0.0,0.0,0.0,0.0,0.0,0.0,0.0,-0.8549169,-0.441219,-2.890267,2.273084,0.01389693,-2.02783,0.001625076,0.84163,-0.07265869,0.5351421,7.12548,114.8302,355.6635,0.7212058,0.008534427,-0.6926679,0.0,0.0,0.0,3.968194,-0.1172588,-1.594615,-0.4650835,0.09103413,2.007619,-0.4272408,-0.07503001,-0.9010195,0.08050086,0.9894361,-0.1205642,0.9005471,-0.1240427,-0.4166875,moving,89.20079,-71.31219,-13.04303,2.596261,91.05561277630626,-62.27888835592317,126.15965225622573,122.65933487436803,102.3277699484471
05/18/2023 18:41:18.792896,3595,True,True,True,True,Eyes,2.096736,0.02204935,-1.954468,0.9991676,-0.04013243,0.007323241,0.0,0.0,0.0,0.0,0.0,0.0,0.0,-0.8430414,-0.43354,-2.904567,2.279679,0.01408844,-2.034219,6.294888e-05,0.8430538,-0.07158232,0.5330446,6.936115,115.1245,355.5971,0.7221755,0.008465418,-0.6916577,0.0,0.0,0.0,3.986297,-0.06515859,-1.610713,-0.4683091,0.09308466,2.007363,-0.4317273,-0.07620699,-0.8987795,0.07641926,0.989752,-0.1206284,0.8987614,-0.1207626,-0.4214792,moving,89.58007,-79.65862,-13.13198,2.654996,91.5692040611217,-70.082765103271,131.62559247425236,127.48772424871896,102.7948358788113
05/18/2023 18:41:18.810442,3596,True,True,True,True,Eyes,2.104761,0.02177024,-1.958566,0.9992367,-0.03905759,0.0007587195,0.0,0.0,0.0,0.0,0.0,0.0,0.0,-0.8338763,-0.4169964,-2.920012,2.286215,0.01368971,-2.041749,-0.001944085,0.8444316,-0.06920695,0.5311706,6.592999,115.4024,355.5657,0.7231104,0.008388169,-0.6906812,0.0,0.0,0.0,3.998818,-0.06192023,-1.626337,-0.4715644,0.09515358,2.007105,-0.4357084,-0.07680468,-0.8968053,0.0702381,0.9904132,-0.1189463,0.8973435,-0.1148158,-0.4261368,moving,89.9565,-88.88713,-13.22171,2.714268,92.09706932044614,-78.71236580247137,137.9730377079468,133.12528674128973,103.25968218041994
05/18/2023 18:41:18.820394,3597,True,True,True,True,Eyes,2.112736,0.02156834,-1.962808,0.9992688,-0.03779592,-0.005766177,0.0,0.0,0.0,0.0,0.0,0.0,0.0,-0.8227847,-0.4192868,-2.932605,2.292347,0.01533411,-2.048868,-0.002327855,0.8457373,-0.06926844,0.5290794,6.58647,115.6844,355.5409,0.72401,0.00830662,-0.689739,0.0,0.0,0.0,4.012973,-0.0771625,-1.648601,-0.4747744,0.09719406,2.00685,-0.4401393,-0.07723451,-0.8946018,0.06935948,0.9903929,-0.119629,0.8952467,-0.1147026,-0.430554,moving,-89.66939,81.32579,-13.31015,2.772735,-78.53927360979569,76.50088110356172,109.55051795044433,98.44124183882562,103.72034035874773
05/18/2023 18:41:18.840455,3598,True,True,True,True,Eyes,2.120644,0.02140157,-1.967165,0.9992693,-0.03621456,-0.0122239,0.0,0.0,0.0,0.0,0.0,0.0,0.0,-0.8101233,-0.4050685,-2.948505,2.299309,0.01730198,-2.055952,-0.004327519,0.8473184,-0.06694157,0.5268317,6.250866,116.0109,355.5072,0.7248746,0.008223895,-0.6888313,0.0,0.0,0.0,4.029196,-0.0002967864,-1.659836,-0.4779788,0.09923084,2.006595,-0.4448591,-0.07786746,-0.8922091,0.06320032,0.9910002,-0.1180014,0.8933678,-0.1088819,-0.4359343,moving,-89.29914,71.34835,-13.39839,2.831105,-78.00279267051522,67.17011342281972,102.25231886344936,91.17695349837996,104.17600609323455
05/18/2023 18:41:18.850842,3599,True,True,True,True,Eyes,2.128489,0.02135656,-1.971617,0.9992201,-0.03479667,-0.01866605,0.0,0.0,0.0,0.0,0.0,0.0,0.0,-0.8021305,-0.3728545,-2.964704,2.305604,0.01803567,-2.062952,-0.006964812,0.8487167,-0.06197959,0.525157,5.617738,116.2868,355.5671,0.7257034,0.008141463,-0.6879591,0.0,0.0,0.0,4.039243,-0.03693417,-1.675701,-0.4813195,0.1013542,2.00633,-0.4483232,-0.07692035,-0.8905557,0.05327573,0.9922201,-0.1125215,0.8922824,-0.09789101,-0.4407372,moving,-88.9298,61.78946,-13.49034,2.891964,-77.47519275049122,58.2311028112213,95.70803080286217,84.5959908380395,104.63468936573268
05/18/2023 18:41:18.870371,3600,True,True,True,True,Eyes,2.136292,0.02143199,-1.976183,0.9991318,-0.03325608,-0.02509308,0.0,0.0,0.0,0.0,0.0,0.0,0.0,-0.7859061,-0.3874146,-2.976804,2.311978,0.0209524,-2.069642,-0.00720168,0.8502075,-0.06391809,0.5225036,5.806056,116.6224,355.4431,0.7264974,0.008063502,-0.6871217,0.0,0.0,0.0,4.051744,-0.07214577,-1.700045,-0.4842664,0.1032275,2.006094,-0.4538767,-0.0790407,-0.8875522,0.05454901,0.9917252,-0.1162131,0.8893934,-0.1011615,-0.4458093,moving,-88.56133,52.96395,-13.57143,2.945668,-76.96247902175243,49.97854242397039,90.14052161065813,78.933620040254,105.08099708416862
05/18/2023 18:41:18.890478,3601,True,True,True,True,Eyes,2.144036,0.02157266,-1.980855,0.9990096,-0.03142817,-0.03149771,0.0,0.0,0.0,0.0,0.0,0.0,0.0,-0.7729609,-0.3636865,-2.993495,2.318951,0.0238636,-2.076691,-0.01074681,0.8517992,-0.06036768,0.5202676,5.259104,116.9532,355.3272,0.7272575,0.007993634,-0.6863177,0.0,0.0,0.0,4.066814,-0.01680247,-1.713469,-0.4875807,0.1053343,2.005833,-0.4584124,-0.08112295,-0.8850296,0.04450644,0.9924805,-0.1140247,0.8876246,-0.09165985,-0.4513549,moving,-88.19412,44.93668,-13.66255,3.006069,-76.46625971301444,42.473134633004726,85.51684667653632,74.1751658130704,105.53523058353157
05/18/2023 18:41:18.904254,3602,True,True,True,True,Eyes,2.151713,0.02174373,-1.985631,0.9988352,-0.02981044,-0.03794257,0.0,0.0,0.0,0.0,0.0,0.0,0.0,-0.7607279,-0.3374425,-3.009621,2.325333,0.02549168,-2.083882,-0.01314786,0.8534192,-0.05630625,0.5180082,4.731376,117.294,355.351,0.7279833,0.007933391,-0.6855487,0.0,0.0,0.0,4.078962,-0.0133834,-1.732763,-0.4910925,0.1075662,2.005556,-0.4629896,-0.08077547,-0.8826756,0.03589292,0.9933135,-0.1097271,0.8856369,-0.08248428,-0.4569945,moving,-87.82456,38.15576,-13.75906,3.070066,-75.99177159291743,36.134409210699125,81.95550142431951,70.47099533965833,105.99750287746278
05/18/2023 18:41:18.920612,3603,True,True,True,True,Eyes,2.159342,0.02193759,-1.990492,0.9986179,-0.0281068,-0.04440988,0.0,0.0,0.0,0.0,0.0,0.0,0.0,-0.7422678,-0.3348296,-3.024138,2.331712,0.02642564,-2.090671,-0.01403244,0.855252,-0.05592915,0.5149941,4.658338,117.7,355.3034,0.728676,0.007882717,-0.6848128,0.0,0.0,0.0,4.090697,-0.03249104,-1.754049,-0.4938384,0.1093116,2.005336,-0.4691683,-0.08160891,-0.87933,0.03360382,0.9933501,-0.1101203,0.8824692,-0.08121379,-0.463306,moving,-87.45366,32.32952,-13.8345,3.120126,-75.53435780681795,30.689329391216983,79.20207962517674,67.57909017594011,106.43938651547865
05/18/2023 18:41:18.940367,3604,True,True,True,True,Eyes,2.166921,0.02214112,-1.995426,0.9983497,-0.02661968,-0.05088539,0.0,0.0,0.0,0.0,0.0,0.0,0.0,-0.7245557,-0.3247756,-3.039327,2.338254,0.02714201,-2.09757,-0.01554176,0.8570644,-0.05454087,0.5120784,4.449069,118.1006,355.2534,0.7293361,0.00784146,-0.6841102,0.0,0.0,0.0,4.103174,-0.01437204,-1.771561,-0.49703,0.1113399,2.005083,-0.475068,-0.08249898,-0.876073,0.02921784,0.9935675,-0.1094073,0.8794637,-0.07757287,-0.4696018,moving,-87.08219,27.61542,-13.92214,3.178304,-75.09775790041218,26.285265788260173,77.1334269587444,65.39409689399606,106.8944468808257
05/18/2023 18:41:18.950617,3605,True,True,True,True,Eyes,2.174452,0.02236689,-2.000433,0.9980348,-0.02516215,-0.05738718,0.0,0.0,0.0,0.0,0.0,0.0,0.0,-0.7053872,-0.3175879,-3.054113,2.344671,0.0275846,-2.104234,-0.0167117,0.8589363,-0.05360042,0.5089953,4.305034,118.5189,355.2097,0.7299646,0.007808974,-0.68344,0.0,0.0,0.0,4.114274,-0.01903057,-1.791494,-0.5003984,0.113481,2.004816,-0.4812891,-0.08327329,-0.8725976,0.02585615,0.9936954,-0.109091,0.8761805,-0.07506634,-0.4761015,moving,-86.70911,23.67567,-14.01457,3.239724,-74.67451972844798,22.606058582711185,75.51240980611409,63.67640392034832,107.35577455203754
05/18/2023 18:41:18.970459,3606,True,True,True,True,Eyes,2.181945,0.02262182,-2.005502,0.9976813,-0.02371622,-0.06379478,0.0,0.0,0.0,0.0,0.0,0.0,0.0,-0.6861672,-0.3155743,-3.068283,2.351116,0.02833854,-2.110978,-0.01712674,0.8607665,-0.05324274,0.505918,4.262709,118.9314,355.2051,0.7305622,0.007785109,-0.6828015,0.0,0.0,0.0,4.125149,-0.03288311,-1.814555,-0.5035064,0.1154566,2.00457,-0.4875074,-0.08335717,-0.8691306,0.02438867,0.9937438,-0.1089886,0.8727781,-0.07432969,-0.4824245,moving,-86.34132,20.39302,-14.09982,3.296406,-74.2688221379934,19.54179958186609,74.23697550759323,62.323523896772635,107.80437284061368
05/18/2023 18:41:18.991449,3607,True,True,True,True,Eyes,2.189381,0.02286527,-2.01064,0.9972855,-0.02224387,-0.07019214,0.0,0.0,0.0,0.0,0.0,0.0,0.0,-0.6677591,-0.305136,-3.083057,2.357624,0.02925674,-2.117782,-0.017754,0.8626077,-0.05152581,0.5029295,4.073441,119.344,355.2582,0.7311302,0.007769942,-0.6821934,0.0,0.0,0.0,4.136284,-0.02629872,-1.836668,-0.5066585,0.1174599,2.00432,-0.4934936,-0.08245715,-0.865832,0.02119822,0.9940597,-0.1067511,0.8694912,-0.07103508,-0.4888142,moving,-85.97398,17.5834,-14.18623,3.353891,-73.8726225730853,16.92030342668605,73.184424411507,61.208765749028075,108.2533545496626
05/18/2023 18:41:19.000138,3608,True,True,True,True,Eyes,2.196764,0.02311224,-2.015849,0.9968723,-0.02067885,-0.07627473,0.0,0.0,0.0,0.0,0.0,0.0,0.0,-0.6521976,-0.2927516,-3.096896,2.363759,0.02917924,-2.124529,-0.01732679,0.8642809,-0.04930768,0.500287,3.893072,119.7164,355.4419,0.7316691,0.007762176,-0.6816154,0.0,0.0,0.0,4.14672,-0.02555777,-1.85934,-0.5099095,0.1195267,2.004062,-0.4988255,-0.0792864,-0.8630683,0.01938556,0.9945371,-0.1025681,0.8664857,-0.06789465,-0.4945634,moving,-85.62459,15.16884,-14.27531,3.413203,-73.50073050193528,14.66818675522013,72.31123534966173,60.28536383701541,108.6865292479829
05/18/2023 18:41:19.020636,3609,True,True,True,True,Eyes,2.204089,0.02336261,-2.021122,0.9964175,-0.01915168,-0.08237298,0.0,0.0,0.0,0.0,0.0,0.0,0.0,-0.6346244,-0.2965415,-3.109631,2.369957,0.02951598,-2.131413,-0.01616387,0.8659408,-0.04947068,0.4974315,3.990812,120.0957,355.561,0.7321813,0.00776114,-0.6810652,0.0,0.0,0.0,4.156675,-0.03146197,-1.882082,-0.5130202,0.1215037,2.003816,-0.5046014,-0.07721046,-0.8598931,0.02122264,0.9945828,-0.1017582,0.8630917,-0.06959653,-0.5002292,moving,-85.27415,13.08871,-14.3605,3.469947,-73.13427869527192,12.729132668150696,71.56302367824232,59.49865192891421,109.11669235463168
05/18/2023 18:41:19.040440,3610,True,True,True,True,Eyes,2.211348,0.02360285,-2.026459,0.9959387,-0.01745346,-0.08832641,0.0,0.0,0.0,0.0,0.0,0.0,0.0,-0.6171131,-0.2933689,-3.122672,2.375942,0.0298373,-2.13822,-0.01624968,0.8675951,-0.04889268,0.4945952,3.943001,120.4756,355.5987,0.7326658,0.00776625,-0.6805438,0.0,0.0,0.0,4.166449,-0.03067449,-1.903613,-0.5162787,0.1235748,2.003557,-0.5102232,-0.07656045,-0.8566276,0.02016789,0.9946909,-0.1009121,0.8598056,-0.06876407,-0.5059704,moving,-84.93189,11.17775,-14.44969,3.5294,-72.77869557522267,10.948240539661246,70.89596444482929,58.798912288810904,109.54184289480996
05/18/2023 18:41:19.050274,3611,True,True,True,True,Eyes,2.218539,0.02383406,-2.031843,0.9954129,-0.01591857,-0.09433756,0.0,0.0,0.0,0.0,0.0,0.0,0.0,-0.5978568,-0.2903375,-3.135723,2.381745,0.02983167,-2.144968,-0.0160738,0.8693783,-0.04831791,0.4915167,3.911295,120.8872,355.663,0.7331243,0.007776531,-0.6800499,0.0,0.0,0.0,4.175687,-0.03666268,-1.926341,-0.5195763,0.125671,2.003294,-0.5163063,-0.07544653,-0.8530744,0.01954969,0.994814,-0.09981415,0.8561811,-0.068212,-0.5121538,moving,-84.58612,9.577894,-14.53992,3.589585,-72.42581288330385,9.458633334882824,70.30170680089837,58.18266342523792,109.97173554662744
05/18/2023 18:41:19.070483,3612,True,True,True,True,Eyes,2.225657,0.02403702,-2.037267,0.9948451,-0.01438258,-0.1003809,0.0,0.0,0.0,0.0,0.0,0.0,0.0,-0.576321,-0.2967754,-3.147861,2.387361,0.02986266,-2.151479,-0.01546068,0.871217,-0.0491644,0.4881854,4.046746,121.3196,355.6913,0.7335556,0.007791101,-0.6795844,0.0,0.0,0.0,4.184799,-0.03821871,-1.94934,-0.5227177,0.127668,2.003047,-0.5228721,-0.07494189,-0.8491105,0.02106345,0.9946877,-0.100761,0.8521509,-0.07057033,-0.5185159,moving,-84.2383,8.153849,-14.6258,3.646923,-72.07439435938475,8.133638500386398,69.75824351443688,57.62353347244979,110.39903407323808
05/18/2023 18:41:19.090188,3613,True,True,True,True,Eyes,2.232686,0.0242437,-2.042729,0.9942225,-0.01321222,-0.106522,0.0,0.0,0.0,0.0,0.0,0.0,0.0,-0.5541514,-0.3032884,-3.159742,2.392651,0.02939533,-2.158099,-0.01482773,0.8730962,-0.05009472,0.4847409,4.19205,121.7654,355.7184,0.733963,0.007808645,-0.6791443,0.0,0.0,0.0,4.193645,-0.0389864,-1.971578,-0.5258896,0.129684,2.002795,-0.5296127,-0.07445798,-0.8449653,0.02267387,0.9945413,-0.1018502,0.8479365,-0.07309981,-0.5250335,moving,-83.88461,7.070446,-14.71248,3.704816,-71.72404420767757,7.127631251011523,69.25396042129142,57.11421992506506,110.8339810915127
05/18/2023 18:41:19.100261,3614,True,True,True,True,Eyes,2.239636,0.02447526,-2.048223,0.9935447,-0.01212575,-0.1127919,0.0,0.0,0.0,0.0,0.0,0.0,0.0,-0.5276014,-0.3290095,-3.169819,2.397631,0.02976268,-2.16445,-0.01334345,0.875088,-0.05376931,0.4807824,4.661866,122.2544,355.6812,0.7343442,0.007828867,-0.6787317,0.0,0.0,0.0,4.202346,-0.04099414,-1.993256,-0.5291616,0.1317635,2.002536,-0.5373405,-0.07505608,-0.840019,0.02834929,0.9938616,-0.1069364,0.8428889,-0.08127516,-0.5319144,moving,-83.52324,6.136045,-14.80184,3.76454,-71.36939783767559,6.261271068587632,68.76230692701508,56.62263033229403,111.27928157502191
05/18/2023 18:41:19.120621,3615,True,True,True,True,Eyes,2.246483,0.02470052,-2.05375,0.9928101,-0.01122092,-0.1191728,0.0,0.0,0.0,0.0,0.0,0.0,0.0,-0.4979807,-0.3506209,-3.180496,2.402662,0.03064522,-2.170886,-0.01272234,0.8772761,-0.05698323,0.4764219,5.040371,122.7957,355.5887,0.7347013,0.007852351,-0.6783448,0.0,0.0,0.0,4.210626,-0.04315801,-2.013201,-0.5322261,0.1337113,2.002292,-0.5457209,-0.07661811,-0.8344571,0.03197411,0.9931821,-0.1121024,0.837357,-0.08785764,-0.5395503,moving,-83.1552,5.378926,-14.8855,3.82049,-71.01193910415313,5.561005931495673,68.28748538975569,56.15341986219539,111.72602644219843
05/18/2023 18:41:19.140692,3616,True,True,True,True,Eyes,2.253217,0.0249288,-2.059297,0.9920298,-0.01020806,-0.1255893,0.0,0.0,0.0,0.0,0.0,0.0,0.0,-0.4703295,-0.3617129,-3.191141,2.407135,0.03075159,-2.177193,-0.01222769,0.879418,-0.05862824,0.4722683,5.253817,123.323,355.5719,0.7350343,0.007878528,-0.6779837,0.0,0.0,0.0,4.219384,-0.03890303,-2.033186,-0.5354394,0.1357542,2.002037,-0.5536265,-0.07688302,-0.8292087,0.03387001,0.9928264,-0.114667,0.8320762,-0.09156796,-0.5470511,moving,-82.78483,4.646859,-14.97317,3.879176,-70.65279016920213,4.884243711161401,67.81600525793368,55.688690622878184,112.17843098922123
05/18/2023 18:41:19.150390,3617,True,True,True,True,Eyes,2.259837,0.02519561,-2.064862,0.9911853,-0.009562546,-0.1321374,0.0,0.0,0.0,0.0,0.0,0.0,0.0,-0.4395528,-0.3889735,-3.199508,2.41129,0.03111383,-2.183133,-0.01073828,0.8815778,-0.06254444,0.4677539,5.752405,123.8759,355.5358,0.7353442,0.007907253,-0.6776474,0.0,0.0,0.0,4.227719,-0.03573576,-2.053403,-0.5387254,0.1378426,2.001776,-0.5621822,-0.07744405,-0.8233796,0.03957755,0.9919458,-0.1203213,0.8260661,-0.1002298,-0.5545892,moving,-82.40653,4.139177,-15.06277,3.939175,-70.29055887867575,4.417695488963087,67.34405698899944,55.229861907177884,112.64184367269765
05/18/2023 18:41:19.170495,3618,True,True,True,True,Eyes,2.266336,0.02550218,-2.070481,0.9903032,-0.008482564,-0.1386632,0.0,0.0,0.0,0.0,0.0,0.0,0.0,-0.4077847,-0.418946,-3.207028,2.415281,0.03238901,-2.189109,-0.009651031,0.8837085,-0.06689566,0.4631319,6.274569,124.4339,355.4404,0.7356309,0.007939581,-0.6773346,0.0,0.0,0.0,4.235801,-0.0364061,-2.073879,-0.541827,0.1398143,2.00153,-0.5708313,-0.07902042,-0.817256,0.04490563,0.9908636,-0.1271719,0.8198385,-0.1092931,-0.5620677,moving,-82.02921,3.500642,-15.14729,3.995832,-69.92672929546849,3.828641702209447,66.88375315442832,54.779694432532146,113.09734169234508
05/18/2023 18:41:19.190185,3619,True,True,True,True,Eyes,2.272725,0.02582859,-2.076123,0.9893559,-0.007460558,-0.1453249,0.0,0.0,0.0,0.0,0.0,0.0,0.0,-0.3778239,-0.4230008,-3.217592,2.419523,0.03368382,-2.195303,-0.01016972,0.8859543,-0.0675573,0.4587131,6.336954,124.9975,355.3832,0.735894,0.00797636,-0.6770474,0.0,0.0,0.0,4.243363,-0.04035564,-2.094041,-0.5450414,0.1418571,2.001275,-0.5789579,-0.07999866,-0.8114235,0.04395901,0.9906651,-0.1290353,0.8141717,-0.1103754,-0.5700368,moving,-81.64367,2.938819,-15.23484,4.054537,-69.55671289830747,3.311581296345082,66.41820178704346,54.32695333218553,113.56398944629846
05/18/2023 18:41:19.200309,3620,True,True,True,True,Eyes,2.279019,0.02616727,-2.081772,0.9883569,-0.006120162,-0.1520306,0.0,0.0,0.0,0.0,0.0,0.0,0.0,-0.3472911,-0.4240783,-3.227974,2.423352,0.03449146,-2.201464,-0.01049046,0.8882727,-0.06774884,0.4541717,6.363159,125.5816,355.3727,0.7361339,0.008017763,-0.6767853,0.0,0.0,0.0,4.250998,-0.04142493,-2.114544,-0.5482759,0.1439132,2.00102,-0.5872363,-0.08017598,-0.8054351,0.04290242,0.9906001,-0.1298878,0.8082779,-0.1108299,-0.5782766,moving,-81.25522,2.305262,-15.32288,4.113624,-69.18260828860882,2.727441897051457,65.95713479979739,53.87756334639962,114.03242122929885
05/18/2023 18:41:19.220667,3621,True,True,True,True,Eyes,2.285208,0.02652397,-2.087447,0.9872848,-0.004731367,-0.1588911,0.0,0.0,0.0,0.0,0.0,0.0,0.0,-0.3142226,-0.4227768,-3.238647,2.427283,0.03505784,-2.207572,-0.01126656,0.8907253,-0.06778245,0.4493184,6.351435,126.204,355.3262,0.7363514,0.0080637,-0.6765477,0.0,0.0,0.0,4.258778,-0.03848547,-2.134943,-0.5514872,0.1459544,2.000764,-0.5959719,-0.08098262,-0.7989111,0.04084098,0.9905572,-0.1308756,0.8019659,-0.1106265,-0.587037,moving,-80.85736,1.705616,-15.41025,4.172297,-68.80038659467802,2.175259841081591,65.49357771955859,53.42747273652833,114.5090211204808
05/18/2023 18:41:19.240355,3622,True,True,True,True,Eyes,2.291323,0.02689035,-2.093111,0.9861555,-0.002947364,-0.1657967,0.0,0.0,0.0,0.0,0.0,0.0,0.0,-0.2817305,-0.4147888,-3.249764,2.431071,0.03583482,-2.213819,-0.01262229,0.8931749,-0.0669161,0.4445241,6.218118,126.8246,355.2663,0.7365468,0.008114266,-0.6763341,0.0,0.0,0.0,4.265856,-0.03892061,-2.154914,-0.5546629,0.1479729,2.000511,-0.6044784,-0.08203948,-0.7923862,0.03694381,0.9907259,-0.1307574,0.7957649,-0.1083137,-0.5958415,moving,-80.45644,1.018438,-15.49659,4.230324,-68.41363371662041,1.5412147276300163,65.03920605065453,52.985326500696985,114.98557133525306
05/18/2023 18:41:19.250094,3623,True,True,True,True,Eyes,2.297338,0.02725195,-2.098811,0.984938,-0.001144954,-0.1729037,0.0,0.0,0.0,0.0,0.0,0.0,0.0,-0.2471244,-0.4004987,-3.261425,2.434842,0.03628121,-2.220043,-0.01431806,0.8957897,-0.06523547,0.4394317,5.986315,127.4889,355.2137,0.7367212,0.008169279,-0.6761432,0.0,0.0,0.0,4.272955,-0.04043809,-2.1753,-0.5577703,0.1499479,2.000266,-0.6133894,-0.08298501,-0.7854086,0.03168111,0.9910787,-0.1294581,0.7891448,-0.1042909,-0.6052881,moving,-80.04331,0.3794025,-15.58103,4.287103,-68.01642794758351,0.952512255583966,64.58061370098693,52.54132138949486,115.47186750018182
05/18/2023 18:41:19.270528,3624,True,True,True,True,Eyes,2.303286,0.02761121,-2.104515,0.9836501,0.0007898156,-0.1800887,0.0,0.0,0.0,0.0,0.0,0.0,0.0,-0.2097126,-0.3915185,-3.272347,2.438559,0.03651208,-2.226569,-0.01538441,0.8985236,-0.06424379,0.4339256,5.859982,128.199,355.1908,0.7368749,0.008228102,-0.675975,0.0,0.0,0.0,4.28012,-0.03583558,-2.195589,-0.5610209,0.1520138,2.000008,-0.6229441,-0.08340055,-0.7778081,0.02810753,0.9912721,-0.1288005,0.7817615,-0.1020977,-0.6151628,moving,-79.62508,-0.2512807,-15.6693,4.3465,-67.61463046965322,0.3717445923468774,64.12083423329497,52.09717879263858,115.96589617066248
05/18/2023 18:41:19.290585,3625,True,True,True,True,Eyes,2.449705,0.03631551,-2.248032,0.9311182,0.04921822,-0.3613813,0.0,0.0,0.0,0.0,0.0,0.0,0.0,-0.1698728,-0.3802722,-3.283244,2.442423,0.03666759,-2.23302,-0.01658238,0.9013764,-0.06297766,0.4281115,5.700874,128.9482,355.1681,0.7370089,0.008290244,-0.6758283,0.0,0.0,0.0,4.286654,-0.03755459,-2.214807,-0.5641983,0.1540338,1.999756,-0.6328914,-0.08381686,-0.7696906,0.02402898,0.9915177,-0.1277314,0.7738678,-0.09933494,-0.625509,moving,-68.788,-7.755664,-15.75554,4.404584,-57.37296636233382,-6.404534934763157,54.408762576198185,42.99822355830683,126.53768106863274
05/18/2023 18:41:19.300603,3626,True,True,True,True,Eyes,2.449866,0.03631824,-2.248291,0.9309731,0.04935361,-0.3617365,0.0,0.0,0.0,0.0,0.0,0.0,0.0,-0.130603,-0.3703232,-3.293467,2.4462,0.03672892,-2.239615,-0.01725116,0.9041654,-0.06173252,0.4223465,5.569947,129.6905,355.1967,0.7369478,0.008601379,-0.6758907,0.4392593,0.02611289,-0.4305532,4.293524,-0.03711478,-2.23419,-0.5674566,0.1561047,1.999496,-0.6426518,-0.08334085,-0.7616123,0.02094922,0.991783,-0.1262047,0.7658721,-0.09706087,-0.6356251,moving,-68.76599,-7.769193,-15.84393,4.464142,-57.35219851019588,-6.41669469047988,54.31757468688956,42.91070917381129,126.63952538944375
05/18/2023 18:41:19.320436,3627,True,True,True,True,Eyes,2.450167,0.03631945,-2.248809,0.9306518,0.04951281,-0.3625406,0.0,0.0,0.0,0.0,0.0,0.0,0.0,-0.09174609,-0.3623863,-3.303101,2.450119,0.03671156,-2.246282,-0.01793641,0.9068444,-0.06084226,0.4166652,5.474455,130.4161,355.2037,0.7369039,0.008863471,-0.675935,0.4129037,0.02454612,-0.40472,4.300258,-0.03441551,-2.252173,-0.5707309,0.1581863,1.999237,-0.6521372,-0.08323276,-0.7535183,0.01817063,0.991953,-0.1252959,0.7578835,-0.09540197,-0.645377,moving,-68.71632,-7.776874,-15.93268,4.524007,-57.305770219055056,-6.422747284931243,54.19801034194669,42.79677585576663,126.7688089381925
05/18/2023 18:41:19.340390,3628,True,True,True,True,Eyes,2.450601,0.0363111,-2.249594,0.9302696,0.04924642,-0.3635564,0.0,0.0,0.0,0.0,0.0,0.0,0.0,-0.05322611,-0.3583571,-3.311718,2.45387,0.03667521,-2.252976,-0.01877804,0.909398,-0.06067113,0.4110498,5.446195,131.1234,355.1578,0.7368712,0.009084622,-0.6759678,0.3881295,0.02307335,-0.3804368,4.306489,-0.0363358,-2.270207,-0.5738371,0.1601604,1.998991,-0.6613711,-0.08403111,-0.7453369,0.01572428,0.9919329,-0.1257858,0.749894,-0.09491097,-0.6547143,moving,-68.65406,-7.714187,-16.01684,4.580789,-57.248961533141525,-6.362644668685905,54.05407814558469,42.65965994455044,126.90947669299872
05/18/2023 18:41:19.350937,3629,True,True,True,True,Eyes,2.451167,0.03627583,-2.250625,0.9297211,0.04904319,-0.3649842,0.0,0.0,0.0,0.0,0.0,0.0,0.0,-0.01449943,-0.35373,-3.320254,2.457848,0.03645267,-2.259885,-0.0196473,0.9119216,-0.06045318,0.4054114,5.412565,131.8319,355.1107,0.7368444,0.009271325,-0.6759947,0.3648417,0.02168895,-0.3576106,4.312535,-0.04289244,-2.286019,-0.5771287,0.1622525,1.99873,-0.6705111,-0.08485042,-0.7370315,0.01318323,0.9919187,-0.1261876,0.7417824,-0.09432664,-0.6639738,moving,-68.56633,-7.653037,-16.10596,4.64097,-57.16839123996947,-6.303397653454733,53.88165762718282,42.495910893534294,127.07937893814885
05/18/2023 18:41:19.370547,3630,True,True,True,True,Eyes,2.451871,0.03621721,-2.251885,0.9291065,0.04847594,-0.3666213,0.0,0.0,0.0,0.0,0.0,0.0,0.0,0.02331376,-0.3467894,-3.328464,2.461701,0.03576508,-2.266764,-0.02056886,0.9143699,-0.05996273,0.3998868,5.34806,132.5266,355.0696,0.7368152,0.009434247,-0.6760244,0.3429512,0.02038761,-0.336154,4.319236,-0.03858395,-2.301589,-0.5803457,0.1642972,1.998475,-0.6793352,-0.0855717,-0.7288221,0.01034151,0.9919628,-0.1261066,0.7337555,-0.09320579,-0.6729904,moving,-68.46603,-7.532155,-16.193,4.699791,-57.07725505364158,-6.187951565149114,53.685101921555635,42.30916271277626,127.26258325486177
05/18/2023 18:41:19.390204,3631,True,True,True,True,Eyes,2.452704,0.03613474,-2.253381,0.9283365,0.04792992,-0.3686381,0.0,0.0,0.0,0.0,0.0,0.0,0.0,0.06213033,-0.3502989,-3.3352,2.46563,0.03514392,-2.273666,-0.02075239,0.9167435,-0.06086317,0.3942671,5.464435,133.2207,355.0415,0.7367798,0.009578668,-0.6760612,0.3223742,0.01916436,-0.3159848,4.325697,-0.03001212,-2.31707,-0.5835307,0.166322,1.998222,-0.6882457,-0.08604193,-0.7203575,0.009943461,0.99173,-0.1279558,0.7254097,-0.09522784,-0.6816983,moving,-68.3422,-7.407976,-16.27912,4.758047,-56.96425766581862,-6.068880691992555,53.465656404115435,42.10110200617376,127.46804548282256
05/18/2023 18:41:19.400900,3632,True,True,True,True,Eyes,2.453669,0.03601826,-2.255099,0.927488,0.04723579,-0.3708569,0.0,0.0,0.0,0.0,0.0,0.0,0.0,0.1000034,-0.3478833,-3.34237,2.469681,0.03449342,-2.280776,-0.02132346,0.9190722,-0.06096632,0.3887608,5.479259,133.905,355.0092,0.736737,0.009705639,-0.6761062,0.3030317,0.01801449,-0.2970257,4.331718,-0.02528957,-2.333964,-0.5866569,0.1683087,1.997975,-0.696821,-0.08659823,-0.7119984,0.00820703,0.9916568,-0.1286443,0.7171984,-0.09548543,-0.6902966,moving,-68.20596,-7.258639,-16.3636,4.815208,-56.84017989862011,-5.925976920127909,53.22976678277869,41.87751871562784,127.68544263508794
05/18/2023 18:41:19.420667,3633,True,True,True,True,Eyes,2.454753,0.03585684,-2.257041,0.9264902,0.04661217,-0.373421,0.0,0.0,0.0,0.0,0.0,0.0,0.0,0.1365693,-0.3372355,-3.350058,2.473782,0.03353307,-2.287912,-0.02227234,0.9213603,-0.05994321,0.3834134,5.358061,134.5771,354.9865,0.7366861,0.009815811,-0.6761603,0.2848498,0.01693362,-0.2792041,4.337873,-0.02106325,-2.349269,-0.5899161,0.1703806,1.997716,-0.7049962,-0.08700778,-0.7038538,0.00492437,0.9918215,-0.1275376,0.709194,-0.09337956,-0.6988019,moving,-68.04814,-7.115127,-16.45162,4.874826,-56.69588279981941,-5.788031526028772,52.97131156628661,41.63288626700432,127.92683045028758
05/18/2023 18:41:19.440376,3634,True,True,True,True,Eyes,2.455958,0.03565077,-2.259204,0.9253846,0.04582962,-0.3762486,0.0,0.0,0.0,0.0,0.0,0.0,0.0,0.1735928,-0.3297242,-3.357061,2.477859,0.03228449,-2.295187,-0.02287741,0.9236192,-0.05933559,0.3779994,5.29661,135.2531,354.9807,0.7366263,0.00990944,-0.6762244,0.2677588,0.01591761,-0.2624519,4.344115,-0.01136419,-2.363923,-0.5930029,0.1723424,1.997472,-0.713186,-0.08711765,-0.6955401,0.0025976,0.9919119,-0.1269023,0.7009699,-0.09231166,-0.7071914,moving,-67.87402,-6.944802,-16.53493,4.931283,-56.53691251156615,-5.624615039472315,52.69481527584403,41.37131359136884,128.18131431276257
05/18/2023 18:41:19.450184,3635,True,True,True,True,Eyes,2.457279,0.03539314,-2.261584,0.924126,0.04505972,-0.3794213,0.0,0.0,0.0,0.0,0.0,0.0,0.0,0.2135838,-0.3298361,-3.362891,2.48205,0.03101614,-2.302587,-0.02281901,0.925948,-0.05969548,0.3722045,5.368626,135.9682,355.0045,0.7365566,0.009986775,-0.6762992,0.2516933,0.01496255,-0.2467048,4.350452,0.002923176,-2.378841,-0.5962724,0.1744206,1.997213,-0.7218863,-0.08669627,-0.6865596,0.002179422,0.9918315,-0.1275365,0.6920083,-0.09356314,-0.7158007,moving,-67.67826,-6.772672,-16.62312,4.991093,-56.35781342610616,-5.459013601796827,52.392876303891015,41.08589283021074,128.46151936395214
05/18/2023 18:41:19.470502,3636,True,True,True,True,Eyes,2.458738,0.03509924,-2.264159,0.9226014,0.04464717,-0.3831622,0.0,0.0,0.0,0.0,0.0,0.0,0.0,0.2535499,-0.325723,-3.368811,2.486256,0.02951525,-2.310179,-0.02250838,0.928305,-0.0592781,0.366373,5.368641,136.6944,355.0894,0.7364767,0.01004784,-0.6763855,0.2365917,0.0140648,-0.2319025,4.3562,0.007325709,-2.3935,-0.5994563,0.1764443,1.996959,-0.7305284,-0.08522508,-0.6775433,0.00164651,0.9919589,-0.1265492,0.6828804,-0.09356339,-0.7245138,moving,-67.44658,-6.646298,-16.70894,5.049341,-56.14436708448592,-5.335419112054337,52.06818687440462,40.77984982709869,128.77213415408178
05/18/2023 18:41:19.490469,3637,True,True,True,True,Eyes,2.460306,0.03475871,-2.266947,0.9209316,0.04425246,-0.3872037,0.0,0.0,0.0,0.0,0.0,0.0,0.0,0.2943512,-0.3210198,-3.374389,2.490547,0.0282912,-2.31788,-0.0221877,0.9306706,-0.0587155,0.3604337,5.353205,137.4335,355.182,0.7363865,0.01009311,-0.6764832,0.2223962,0.01322091,-0.2179883,4.362441,0.0236342,-2.409824,-0.6025687,0.1784232,1.996711,-0.7391906,-0.08362497,-0.6682847,0.001027211,0.9921204,-0.125284,0.6734957,-0.09329518,-0.7332802,moving,-67.19579,-6.519891,-16.7928,5.106305,-55.9131153069313,-5.211356246591039,51.72649064425806,40.45804250471258,129.09958109631253
05/18/2023 18:41:19.505512,3638,True,True,True,True,Eyes,2.461975,0.0343882,-2.269954,0.9190548,0.04401206,-0.3916648,0.0,0.0,0.0,0.0,0.0,0.0,0.0,0.3342595,-0.3145394,-3.379847,2.49485,0.02681716,-2.325734,-0.02158151,0.9329856,-0.05774998,0.3545942,5.304824,138.1631,355.3209,0.7362853,0.01012272,-0.6765929,0.2090524,0.01242765,-0.204909,4.368155,0.04817027,-2.423795,-0.605657,0.1803866,1.996465,-0.7475942,-0.0812261,-0.65917,0.0006851361,0.9923984,-0.1230652,0.6641552,-0.09245443,-0.7418556,moving,-66.91822,-6.41153,-16.87594,5.162828,-55.65656445467126,-5.103572011889253,51.36336778980292,40.11652779464303,129.45143220326094
05/18/2023 18:41:19.520881,3639,True,True,True,True,Eyes,2.463746,0.03399398,-2.273166,0.9170243,0.04376133,-0.3964233,0.0,0.0,0.0,0.0,0.0,0.0,0.0,0.3742741,-0.3121441,-3.384648,2.499228,0.0257506,-2.333785,-0.02092538,0.9352208,-0.05735317,0.348762,5.317792,138.8852,355.4409,0.7361725,0.0101373,-0.6767155,0.1965093,0.01168199,-0.1926145,4.373708,0.04807405,-2.440347,-0.6088945,0.1824434,1.99621,-0.7558548,-0.07914491,-0.6499388,0.0008655128,0.9925455,-0.1218717,0.6547392,-0.09267981,-0.7501517,moving,-66.62151,-6.299399,-16.96303,5.222035,-55.38225193664271,-4.991820747838735,50.977525217754106,39.753735213872254,129.82569337413491
05/18/2023 18:41:19.540681,3640,True,True,True,True,Eyes,2.46561,0.03356506,-2.276588,0.9147636,0.04357174,-0.4016332,0.0,0.0,0.0,0.0,0.0,0.0,0.0,0.4173286,-0.3103938,-3.388564,2.503573,0.02479452,-2.341874,-0.02136649,0.9374863,-0.05761423,0.3425546,5.358473,139.6412,355.4182,0.7360476,0.01013759,-0.6768514,0.1847187,0.01098107,-0.1810576,4.379447,0.0737179,-2.45682,-0.6121756,0.1845289,1.99595,-0.7643999,-0.07953363,-0.6398185,-0.0005895526,0.9924482,-0.1226635,0.6447425,-0.09338672,-0.7586741,moving,-66.2958,-6.191599,-17.05124,5.282073,-55.08083504904233,-4.883459557083423,50.56354258511941,39.36480854473025,130.22888556160183
05/18/2023 18:41:19.550295,3641,True,True,True,True,Eyes,2.467573,0.03311029,-2.2802,0.9123441,0.04330101,-0.4071282,0.0,0.0,0.0,0.0,0.0,0.0,0.0,0.4638988,-0.3117742,-3.391356,2.508034,0.02358769,-2.350087,-0.02155007,0.9398516,-0.05832991,0.3358757,5.460908,140.4501,355.4083,0.7359099,0.01012396,-0.6770012,0.1736356,0.01032221,-0.1701942,4.384403,0.09589918,-2.4732,-0.6153733,0.1865615,1.995697,-0.7734466,-0.07969092,-0.6288325,-0.00132454,0.9922664,-0.1241192,0.6338605,-0.09516662,-0.7675707,moving,-65.95146,-6.070994,-17.13715,5.340595,-54.76230510308198,-4.762685926449371,50.130442091418075,38.958036167262485,130.6488754707185
05/18/2023 18:41:19.570547,3642,True,True,True,True,Eyes,2.469611,0.03263108,-2.284015,0.9097406,0.04313582,-0.4129303,0.0,0.0,0.0,0.0,0.0,0.0,0.0,0.5099295,-0.3148644,-3.393409,2.512485,0.02252623,-2.358242,-0.02120805,0.9421492,-0.05903099,0.3292726,5.58173,141.2503,355.4567,0.7357595,0.010097,-0.677165,0.1632175,0.009702878,-0.1599825,4.389221,0.1022578,-2.491931,-0.6186663,0.188655,1.995436,-0.7822597,-0.07883687,-0.617944,-0.001087721,0.9921311,-0.1251985,0.6229518,-0.09726555,-0.7761899,moving,-65.58675,-5.963643,-17.22556,5.400875,-54.42454068102565,-4.653852186241256,49.678536286694516,38.5339032865483,131.09006238274006
05/18/2023 18:41:19.590217,3643,True,True,True,True,Eyes,2.471744,0.03215156,-2.288009,0.906994,0.04285182,-0.4189577,0.0,0.0,0.0,0.0,0.0,0.0,0.0,0.5538399,-0.3140556,-3.395676,2.51705,0.02152865,-2.366428,-0.02121221,0.9443137,-0.0592453,0.3229731,5.634973,142.0144,355.4855,0.7355956,0.0100573,-0.6773434,0.1534244,0.009120706,-0.1503836,4.393941,0.1131309,-2.510579,-0.6218597,0.1906846,1.995181,-0.7904767,-0.07833122,-0.6074623,-0.001792681,0.9920801,-0.1255942,0.6124892,-0.09819034,-0.7843566,moving,-65.20689,-5.840017,-17.31125,5.459324,-54.07297234884352,-4.529437628828985,49.210440335805586,38.09461364722088,131.54456185126517
05/18/2023 18:41:19.600318,3644,True,True,True,True,Eyes,2.47397,0.03175935,-2.292192,0.9040669,0.0425162,-0.4252709,0.0,0.0,0.0,0.0,0.0,0.0,0.0,0.5974479,-0.322216,-3.396637,2.521551,0.02107395,-2.374711,-0.02133696,0.9463083,-0.06090834,0.3167578,5.840461,142.7537,355.447,0.7354183,0.0100061,-0.6775365,0.144219,0.008573463,-0.1413606,4.398418,0.1214106,-2.529593,-0.6250918,0.1927394,1.994924,-0.7984184,-0.07896907,-0.5969018,-0.001796315,0.9916698,-0.1287934,0.6021003,-0.1017588,-0.7919093,moving,-64.80782,-5.709141,-17.39792,5.518497,-53.7036439178468,-4.397797033990233,48.72123226139754,37.63560118514733,132.0190985692228
05/18/2023 18:41:19.620789,3645,True,True,True,True,Eyes,2.476303,0.03143346,-2.296577,0.9009732,0.04244609,-0.4317935,0.0,0.0,0.0,0.0,0.0,0.0,0.0,0.6449517,-0.3348786,-3.396307,2.526321,0.02284472,-2.383313,-0.02204286,0.9483487,-0.06329497,0.3100689,6.106784,143.5394,355.3239,0.7352274,0.009947123,-0.6777442,0.1355658,0.008059056,-0.1328789,4.403053,0.1259786,-2.548444,-0.6282587,0.194752,1.994673,-0.806743,-0.08106024,-0.5853165,-0.002557024,0.9910157,-0.133721,0.5908973,-0.1063818,-0.7997023,moving,-64.39382,-5.614242,-17.48278,5.576459,-53.31971370770087,-4.2994904157433,48.22735181152912,37.17284216242373,132.50395211643385
05/18/2023 18:41:19.641911,3646,True,True,True,True,Eyes,2.478701,0.0310416,-2.301159,0.897729,0.04281824,-0.4384624,0.0,0.0,0.0,0.0,0.0,0.0,0.0,0.6885157,-0.3102419,-3.400292,2.531327,0.02405793,-2.392506,-0.02356733,0.9505633,-0.06006062,0.3037544,5.731425,144.3225,355.3137,0.7350228,0.00988309,-0.6779667,0.1274319,0.007575512,-0.1249062,4.407474,0.1351503,-2.56709,-0.6312944,0.1966818,1.994433,-0.8143556,-0.08129184,-0.5746447,-0.00831711,0.9916746,-0.1285002,0.5803066,-0.0998655,-0.8082519,moving,-63.96852,-5.577559,-17.56405,5.632037,-52.92413720617469,-4.255417382337572,47.739185984515025,36.716447559521406,132.99212224937594
05/18/2023 18:41:19.657117,3647,True,True,True,True,Eyes,2.481172,0.03065601,-2.305893,0.8943444,0.04285955,-0.4453214,0.0,0.0,0.0,0.0,0.0,0.0,0.0,0.7243854,-0.2741081,-3.405628,2.53583,0.02201459,-2.401509,-0.02389239,0.9525811,-0.05476604,0.298361,5.16827,145.0141,355.4966,0.734804,0.009812535,-0.6782044,0.119786,0.007120982,-0.1174118,4.412041,0.1417235,-2.583546,-0.6344965,0.198717,1.994179,-0.8208201,-0.07819897,-0.565809,-0.01283879,0.9928597,-0.1185953,0.5710429,-0.09008107,-0.8159631,moving,-63.52988,-5.497448,-17.64973,5.690651,-52.51696443278683,-4.170388780464812,47.22458812161627,36.23484707491981,133.50007320454773
05/18/2023 18:41:19.670520,3648,True,True,True,True,Eyes,2.545467,0.02854064,-2.428597,0.7890658,0.0321369,-0.6134675,2.082826,4.188954,0.09547622,-3.706343,-0.2617401,0.7737016,0.5769558,-0.6530558,0.219445,1.98244,2.540182,0.02183778,-2.409874,-0.02245758,0.9544297,-0.05820705,0.291842,5.624065,145.7776,355.5715,0.7345713,0.009736289,-0.6784571,0.1125988,0.006693723,-0.1103671,4.416966,0.1396881,-2.60086,-0.6377555,0.2007884,1.99392,-0.8286481,-0.0768429,-0.554471,-0.008893848,0.9922152,-0.1242172,0.5596997,-0.09800093,-0.8228807,moving,-52.13634,-2.998736,-17.73688,5.750319,-41.94879576975733,-1.5706711052782645,35.49463074444676,25.294540149277395,144.8708360718203
05/18/2023 18:41:19.690487,3649,True,True,True,True,Eyes,2.545679,0.02874069,-2.429039,0.7887517,0.03307914,-0.6138213,0.0,0.0,0.0,0.0,0.0,0.0,0.0,0.8204006,-0.3440787,-3.396846,2.544943,0.02900358,-2.419179,-0.02169511,0.9561474,-0.06435148,0.2849044,6.355491,146.5644,355.4897,0.7333677,0.009568956,-0.6797606,0.2987266,-5.401904e-05,-0.4718572,4.421221,0.143552,-2.618374,-0.6409416,0.2028134,1.993667,-0.8367179,-0.07815547,-0.542029,-0.004819409,0.9907764,-0.135421,0.5476134,-0.1106969,-0.829377,moving,-52.10928,-3.084715,-17.82201,5.808647,-41.92193198150182,-1.6505310650928768,35.42186855201097,25.227873016194554,144.95857280988238
05/18/2023 18:41:19.700637,3650,True,True,True,True,Eyes,2.546041,0.02884085,-2.42986,0.7882552,0.03479027,-0.6143641,0.0,0.0,0.0,0.0,0.0,0.0,0.0,0.8546528,-0.2603266,-3.407811,2.550345,0.03377621,-2.430222,-0.02416191,0.9584407,-0.05128548,0.2796021,4.864338,147.2899,355.6835,0.7323431,0.009426976,-0.6808668,0.280803,-5.07779e-05,-0.4435457,4.425061,0.1462628,-2.636822,-0.644173,0.2048675,1.993412,-0.8424777,-0.07499458,-0.5334858,-0.01763647,0.993572,-0.1118196,0.5384423,-0.08479675,-0.8383848,moving,-52.06724,-3.24109,-17.90829,5.867817,-41.87975923165719,-1.7959412827287773,35.352596111702304,25.166734554573843,145.0517503727382
05/18/2023 18:41:19.720766,3651,True,True,True,True,Eyes,2.546555,0.02894118,-2.431002,0.7875012,0.03572842,-0.6152768,0.0,0.0,0.0,0.0,0.0,0.0,0.0,0.8761539,-0.188893,-3.417164,2.554578,0.03124122,-2.439977,-0.02276442,0.9600947,-0.03917599,0.2759807,3.592521,147.8075,356.2465,0.731454,0.009303807,-0.6818238,0.2639548,-4.773122e-05,-0.416933,4.428718,0.1435731,-2.656061,-0.6474441,0.2069466,1.993153,-0.846633,-0.06533562,-0.5281515,-0.02208837,0.9958941,-0.08779038,0.5317187,-0.06266022,-0.8445999,moving,-51.99939,-3.323369,-17.99557,5.92771,-41.81495967641333,-1.8714041007974185,35.23978202623621,25.06370892972712,145.17997948708884
05/18/2023 18:41:19.740401,3652,True,True,True,True,Eyes,2.547232,0.02918213,-2.432497,0.7864981,0.03633767,-0.6165227,0.0,0.0,0.0,0.0,0.0,0.0,0.0,0.9190917,-0.2498066,-3.411488,2.558864,0.03149113,-2.448795,-0.02001464,0.9614725,-0.0476964,0.2699915,4.640872,148.4796,356.3045,0.7306432,0.009195464,-0.6826943,0.2481176,-4.486735e-05,-0.391917,4.431794,0.1399471,-2.676011,-0.6505691,0.2089331,1.992904,-0.8534083,-0.06424229,-0.5172695,-0.01273181,0.994649,-0.1025251,0.5210879,-0.08090997,-0.8496596,moving,-51.9077,-3.373094,-18.0789,5.984942,-41.72857159315913,-1.9158494295329216,35.09929553733659,24.934503638076674,145.33182346876336
05/18/2023 18:41:19.750300,3653,True,True,True,True,Eyes,2.548054,0.02942903,-2.434353,0.7853286,0.0376574,-0.6179329,0.0,0.0,0.0,0.0,0.0,0.0,0.0,0.9574431,-0.2608713,-3.410911,2.56373,0.03515954,-2.458682,-0.02218763,0.9627888,-0.05033386,0.2645981,4.886384,149.0958,356.0082,0.7299011,0.009104483,-0.6834892,0.2332305,-4.217531e-05,-0.368402,4.432949,0.1242991,-2.700322,-0.6506115,0.2089601,1.992901,-0.8589911,-0.06936048,-0.5072705,-0.01608752,0.9939485,-0.1086633,0.5117376,-0.08518013,-0.8549088,moving,-51.8027,-3.487345,-18.08003,5.985719,-41.62854326061567,-2.0203887157159945,35.0279518881278,24.87227849516484,145.41765988549722
05/18/2023 18:41:19.770544,3654,True,True,True,True,Eyes,2.549009,0.02962988,-2.436497,0.7839521,0.03854264,-0.6196238,0.0,0.0,0.0,0.0,0.0,0.0,0.0,0.9784923,-0.1930136,-3.420358,2.568126,0.03537443,-2.469216,-0.02409173,0.9641511,-0.04031396,0.2611648,3.735677,149.5608,356.1206,0.7292172,0.009029148,-0.68422,0.2192367,-3.964479e-05,-0.3462979,4.433165,0.1129377,-2.726674,-0.6506119,0.2089601,1.992901,-0.8624252,-0.06751332,-0.5016622,-0.02539896,0.9955887,-0.09032133,0.5055472,-0.06515368,-0.8603356,static,-51.67769,-3.5594,-18.08004,5.985719,-41.51068012422314,-2.084972933120436,34.927229810660066,24.781665902642438,145.52751352525345
05/18/2023 18:41:19.790188,3655,True,True,True,True,Eyes,2.550088,0.02981215,-2.438932,0.7823669,0.03906243,-0.6215916,0.0,0.0,0.0,0.0,0.0,0.0,0.0,1.01136,-0.2016333,-3.419892,2.572043,0.03447129,-2.47842,-0.02374588,0.9653783,-0.04178581,0.2563881,3.927946,150.1205,356.1335,0.7285841,0.008966547,-0.6848951,0.2060825,-3.72661e-05,-0.32552,4.432654,0.1057478,-2.75188,-0.6506119,0.2089601,1.992902,-0.8674027,-0.06727429,-0.4930386,-0.02442075,0.9953802,-0.09285455,0.4970075,-0.0685019,-0.8650383,static,-51.53281,-3.595888,-18.08003,5.985717,-41.37498540286267,-2.115810269958822,34.79792585922938,24.6635295796698,145.66139229226934
05/18/2023 18:41:19.801142,3656,True,True,True,True,Eyes,2.55125,0.03001391,-2.44167,0.780669,0.03933333,-0.6237056,0.0,0.0,0.0,0.0,0.0,0.0,0.0,1.048333,-0.2294458,-3.416981,2.576191,0.03430989,-2.487866,-0.02461839,0.9664842,-0.04705044,0.251174,4.506951,150.7027,355.9031,0.7279937,0.008914747,-0.6855236,0.1937175,-3.503013e-05,-0.3059888,4.43159,0.08902882,-2.777816,-0.6506115,0.2089601,1.992901,-0.8726109,-0.07122228,-0.4831948,-0.02395088,0.9943604,-0.103314,0.487828,-0.07858002,-0.8693956,static,-51.37733,-3.608519,-18.08003,5.985719,-41.22987183085564,-2.124073927484056,34.651978155520126,24.52924617921032,145.80880055984238
05/18/2023 18:41:19.820958,3657,True,True,True,True,Eyes,2.552516,0.03022641,-2.444699,0.7787703,0.03968911,-0.6260525,0.0,0.0,0.0,0.0,0.0,0.0,0.0,1.07929,-0.2269049,-3.417495,2.580039,0.03505689,-2.497555,-0.02601527,0.9675921,-0.04747704,0.246647,4.533597,151.2307,355.7565,0.7274395,0.00887322,-0.6861124,0.1820945,-3.292832e-05,-0.2876295,4.429911,0.07304125,-2.804111,-0.6506117,0.2089601,1.992901,-0.8769772,-0.07376448,-0.4748371,-0.02692419,0.9941382,-0.10471,0.4797776,-0.07904365,-0.8738227,static,-51.20424,-3.627458,-18.08003,5.985718,-41.06822877255438,-2.1378389536821683,34.49096172812634,24.381334261811606,145.97210485637999
05/18/2023 18:41:19.840250,3658,True,True,True,True,Eyes,2.553904,0.03045061,-2.447993,0.7766517,0.03997557,-0.6286607,0.0,0.0,0.0,0.0,0.0,0.0,0.0,1.112918,-0.2163475,-3.41765,2.583892,0.03551867,-2.507581,-0.02720093,0.9688575,-0.04653896,0.2416809,4.417947,151.82,355.6743,0.7269145,0.008841117,-0.6866691,0.1711688,-3.095262e-05,-0.2703717,4.427949,0.07277419,-2.830371,-0.6506117,0.2089601,1.992901,-0.8817013,-0.07520282,-0.465777,-0.03021249,0.9941884,-0.1033271,0.4708406,-0.07703135,-0.8788493,static,-51.01156,-3.638452,-18.08003,5.985719,-40.88848488287777,-2.1437186980114307,34.30904160098532,24.21390863594971,146.15524999167008
05/18/2023 18:41:19.850386,3659,True,True,True,True,Eyes,2.555374,0.0306697,-2.451565,0.7743011,0.04047213,-0.6315219,0.0,0.0,0.0,0.0,0.0,0.0,0.0,1.148042,-0.2004063,-3.417171,2.587606,0.03597868,-2.517582,-0.0287104,0.9701729,-0.04495136,0.2364736,4.223238,152.4399,355.5737,0.726414,0.00881776,-0.6871989,0.1608987,-2.909546e-05,-0.2541494,4.425197,0.07277777,-2.857028,-0.6506117,0.2089601,1.992901,-0.8865118,-0.07696772,-0.4562595,-0.03444848,0.9943102,-0.1007997,0.4614218,-0.07364266,-0.8841192,static,-50.79922,-3.666881,-18.08003,5.985719,-40.690087827001925,-2.165468153700922,34.1133123723877,24.03448703332422,146.35445996309065
05/18/2023 18:41:19.870508,3660,True,True,True,True,Eyes,2.556908,0.03084952,-2.455386,0.7717007,0.0408386,-0.6346734,0.0,0.0,0.0,0.0,0.0,0.0,0.0,1.186141,-0.1773376,-3.415701,2.591179,0.03603564,-2.527821,-0.03014162,0.9716225,-0.04225555,0.230772,3.910676,153.125,355.5116,0.7259325,0.008802046,-0.6877079,0.1512447,-2.734974e-05,-0.2389004,4.421802,0.07426531,-2.885046,-0.6506116,0.2089601,1.992901,-0.8916717,-0.07807536,-0.4458993,-0.03906976,0.9946119,-0.09602456,0.4509939,-0.06820118,-0.8899177,static,-50.56494,-3.68167,-18.08003,5.985719,-40.47150958958055,-2.17394780332858,33.8928869792088,23.831880340248958,146.57658593060142
05/18/2023 18:41:19.890393,3661,True,True,True,True,Eyes,2.558496,0.03099521,-2.459445,0.7688719,0.04110278,-0.6380804,0.0,0.0,0.0,0.0,0.0,0.0,0.0,1.224099,-0.1679515,-3.412429,2.594335,0.03527563,-2.537613,-0.03038141,0.9729885,-0.04119325,0.2251073,3.812006,153.7982,355.5356,0.7254665,0.008792073,-0.6881996,0.1421701,-2.570875e-05,-0.2245664,4.417951,0.08037426,-2.913059,-0.6506119,0.2089601,1.992901,-0.8968072,-0.07766733,-0.4355506,-0.04057573,0.9947602,-0.09383927,0.4405567,-0.06648296,-0.8952596,static,-50.311,-3.68569,-18.08003,5.985717,-40.23481949731616,-2.171897202678985,33.650728677111125,23.6089255822907,146.81901200985564
05/18/2023 18:41:19.909182,3662,True,True,True,True,Eyes,2.560122,0.03110455,-2.463728,0.7657941,0.04104182,-0.6417749,0.0,0.0,0.0,0.0,0.0,0.0,0.0,1.266191,-0.171728,-3.406487,2.597372,0.03465215,-2.547417,-0.03062753,0.9743469,-0.04230683,0.2189074,3.958497,154.5197,355.5038,0.7250113,0.008786226,-0.6886794,0.1336399,-2.416623e-05,-0.2110924,4.413227,0.08952676,-2.942378,-0.6506112,0.2089601,1.9929,-0.9022833,-0.07820622,-0.423992,-0.04116111,0.9945441,-0.09585224,0.429175,-0.06903387,-0.9005796,static,-50.03526,-3.659111,-18.08003,5.985721,-39.97840416016744,-2.140705765094018,33.379027976577206,23.357602677225366,147.08695709014015
05/18/2023 18:41:19.920501,3663,True,True,True,True,Eyes,2.56178,0.03118552,-2.468211,0.7624966,0.04065416,-0.6457137,0.0,0.0,0.0,0.0,0.0,0.0,0.0,1.309308,-0.183412,-3.398904,2.600192,0.03396861,-2.557013,-0.03050353,0.9756538,-0.04450341,0.2125764,4.236366,155.2499,355.4886,0.7245625,0.008783014,-0.6891516,0.1256215,-2.271625e-05,-0.1984269,4.4077,0.0944391,-2.973391,-0.6506116,0.2089601,1.992901,-0.9077618,-0.07844252,-0.412087,-0.04060102,0.9941779,-0.0998085,0.417517,-0.07387117,-0.9056617,static,-49.74069,-3.60259,-18.08003,5.985719,-39.70501831680916,-2.0810564586911644,33.08070526931191,23.08057594608667,147.37765606515694
05/18/2023 18:41:19.940473,3664,True,True,True,True,Eyes,2.563439,0.03125083,-2.472884,0.7589824,0.03973245,-0.6498978,0.0,0.0,0.0,0.0,0.0,0.0,0.0,1.354013,-0.2084456,-3.388875,2.602735,0.03341334,-2.566305,-0.02981962,0.9768825,-0.04852493,0.2060503,4.733294,155.9926,355.4962,0.7241185,0.008781345,-0.6896183,0.1180842,-2.135328e-05,-0.1865212,4.401452,0.1004228,-3.005518,-0.6506112,0.2089601,1.9929,-0.9133082,-0.07825768,-0.39968,-0.03826337,0.9935122,-0.107095,0.4054679,-0.08251763,-0.9103773,static,-49.42738,-3.498507,-18.08002,5.985721,-39.41508400193262,-1.9764583880937288,32.75068792751664,22.772379247121844,147.69403925267764
05/18/2023 18:41:19.950146,3665,True,True,True,True,Eyes,2.565114,0.03131723,-2.477727,0.7552563,0.03848615,-0.6542986,0.0,0.0,0.0,0.0,0.0,0.0,0.0,1.400405,-0.2427549,-3.376401,2.605087,0.03326318,-2.575377,-0.02905511,0.9780182,-0.05397828,0.1993052,5.393871,156.7507,355.4863,0.7236763,0.008780585,-0.6900826,0.1109991,-2.007208e-05,-0.17533,4.395001,0.1047618,-3.037211,-0.650612,0.2089601,1.992901,-0.9188664,-0.07834915,-0.3867115,-0.03531655,0.9924843,-0.1171651,0.3929849,-0.09400181,-0.9147275,static,-49.09674,-3.366286,-18.08003,5.985718,-39.10954220783823,-1.845125397371154,32.39592996103239,22.440198127774377,148.03181820701073
05/18/2023 18:41:19.970495,3666,True,True,True,True,Eyes,2.566772,0.03137041,-2.482733,0.7513348,0.03703801,-0.6588809,0.0,0.0,0.0,0.0,0.0,0.0,0.0,1.445481,-0.2706709,-3.363772,2.607271,0.03343902,-2.584309,-0.02873906,0.9790819,-0.05863095,0.1927054,5.954153,157.4938,355.4516,0.7232329,0.008780636,-0.6905473,0.1043392,-1.886776e-05,-0.1648102,4.38859,0.1080157,-3.068389,-0.650612,0.2089601,1.992902,-0.9240776,-0.07887278,-0.3739788,-0.03367877,0.991473,-0.1258853,0.3807188,-0.1037326,-0.9188543,static,-48.75095,-3.217412,-18.08003,5.985717,-38.79020375846463,-1.6978577678056856,32.021913075846065,22.089559034038164,148.3871495582238
05/18/2023 18:41:19.990246,3667,True,True,True,True,Eyes,2.568429,0.031422,-2.487877,0.7472154,0.03527219,-0.6636453,0.0,0.0,0.0,0.0,0.0,0.0,0.0,1.489941,-0.2935361,-3.350701,2.609248,0.03331247,-2.593068,-0.02853457,0.9801124,-0.0625894,0.1861399,6.434452,158.2361,355.4265,0.722786,0.008781022,-0.691015,0.09807883,-1.773569e-05,-0.1549216,4.381916,0.109473,-3.099116,-0.6506114,0.2089601,1.9929,-0.9290755,-0.07923494,-0.3613041,-0.03263341,0.9905366,-0.1333122,0.3684479,-0.1120665,-0.9228691,static,-48.38987,-3.04236,-18.08003,5.985719,-38.45712101703562,-1.5257365506932503,31.625821906408078,21.717453874858215,148.76184746892474
05/18/2023 18:41:20.000939,3668,True,True,True,True,Eyes,2.570083,0.03149146,-2.493167,0.7429619,0.03365701,-0.668487,0.0,0.0,0.0,0.0,0.0,0.0,0.0,1.53407,-0.3220406,-3.336139,2.611036,0.03341094,-2.601592,-0.02824386,0.9810169,-0.0674036,0.1796244,7.013406,158.966,355.3982,0.7223344,0.008781642,-0.6914871,0.0921941,-1.667155e-05,-0.1456263,4.375143,0.1109452,-3.129966,-0.6506114,0.2089601,1.9929,-0.9338748,-0.07963008,-0.3486217,-0.03120075,0.9893181,-0.1423947,0.3562367,-0.1221016,-0.9263837,static,-48.0204,-2.882297,-18.08003,5.98572,-38.11593307001488,-1.3674535055628798,31.226070538080663,21.342599945506727,149.14251454754492
05/18/2023 18:41:20.020890,3669,True,True,True,True,Eyes,2.571741,0.03156348,-2.49859,0.7385262,0.03208309,-0.673461,0.0,0.0,0.0,0.0,0.0,0.0,0.0,1.574019,-0.3334035,-3.324736,2.612926,0.03397945,-2.610368,-0.0288605,0.9818978,-0.06989619,0.1736622,7.310007,159.6411,355.3185,0.7218768,0.008782943,-0.6919647,0.08666246,-1.567126e-05,-0.1368887,4.368148,0.1129698,-3.160138,-0.6506127,0.2089601,1.992902,-0.9380172,-0.08095277,-0.3370027,-0.03239947,0.9885632,-0.1472858,0.3450716,-0.1272378,-0.9299121,static,-47.63836,-2.727458,-18.08005,5.985716,-37.76293254779129,-1.213772547056129,30.815792886284395,20.958256147144954,149.5348029579369
05/18/2023 18:41:20.040374,3670,True,True,True,True,Eyes,2.5734,0.031659,-2.504147,0.7339246,0.03061965,-0.6785405,0.0,0.0,0.0,0.0,0.0,0.0,0.0,1.613062,-0.3303846,-3.314563,2.614792,0.03413353,-2.618996,-0.03002476,0.9828457,-0.07046519,0.1677729,7.379347,160.3173,355.2186,0.7214115,0.008784905,-0.6924499,0.08146271,-1.473098e-05,-0.1286754,4.361157,0.1085762,-3.190288,-0.6506113,0.2089601,1.992901,-0.9419018,-0.08266371,-0.3255584,-0.03537509,0.9882663,-0.1485875,0.3340212,-0.1284381,-0.933774,static,-47.24547,-2.583762,-18.08002,5.98572,-37.39960848809324,-1.070273448815334,30.398346919706405,20.567779240817174,149.93595861133667
05/18/2023 18:41:20.050865,3671,True,True,True,True,Eyes,2.615517,0.03416444,-2.64639,0.6064752,0.01777482,-0.7949038,0.0,0.0,0.0,0.0,0.0,0.0,0.0,1.649605,-0.3221822,-3.305787,2.616575,0.03479112,-2.62784,-0.03094329,0.9837953,-0.06989715,0.1621853,7.324679,160.9677,355.1674,0.7209379,0.008788088,-0.6929429,0.07657495,-1.384712e-05,-0.1209548,4.35406,0.107759,-3.220116,-0.6506115,0.2089601,1.992901,-0.9454772,-0.08355628,-0.3147884,-0.03821114,0.9883138,-0.147566,0.3234398,-0.1274919,-0.9376209,static,-37.34197,-1.280976,-18.08002,5.98572,-28.19685700793587,0.3759027526923675,20.587073336414676,11.568078517771694,159.62830079978704
05/18/2023 18:41:20.070512,3672,True,True,True,True,Eyes,2.615583,0.03416244,-2.646755,0.6062584,0.01843591,-0.795054,0.0,0.0,0.0,0.0,0.0,0.0,0.0,1.679721,-0.2948047,-3.301874,2.618411,0.03488182,-2.63694,-0.03143112,0.9848343,-0.06585088,0.1574079,6.881102,161.551,355.2252,0.7189213,0.008831602,-0.6950343,0.1983332,0.007503304,-0.540427,4.346843,0.1112963,-3.249269,-0.6506116,0.2089601,1.992901,-0.9484698,-0.08263979,-0.3059019,-0.041178,0.9893515,-0.1395994,0.314181,-0.1198094,-0.9417729,static,-37.32687,-1.328351,-18.08003,5.98572,-28.18187806980493,0.3319037286672555,20.589717933440493,11.576397231237726,159.62988987509115
05/18/2023 18:41:20.090344,3673,True,True,True,True,Eyes,2.615702,0.03413774,-2.647469,0.6057744,0.01925041,-0.7954035,0.0,0.0,0.0,0.0,0.0,0.0,0.0,1.70483,-0.2684426,-3.299822,2.619959,0.03470725,-2.646119,-0.0318086,0.9857219,-0.06188482,0.1533323,6.444913,162.051,355.2846,0.7172152,0.008868632,-0.6967943,0.1864332,0.007053106,-0.5080013,4.339372,0.1122663,-3.27854,-0.6506114,0.20896,1.9929,-0.9509547,-0.08168675,-0.2983491,-0.04373098,0.9903169,-0.131757,0.3062229,-0.1122479,-0.9453188,static,-37.29268,-1.386406,-18.08003,5.985718,-28.14890671951733,0.2783448679624363,20.578487123544235,11.573952931524405,159.64642283876697
05/18/2023 18:41:20.110428,3674,True,True,True,True,Eyes,2.615851,0.0341057,-2.648528,0.6051363,0.02027439,-0.7958636,0.0,0.0,0.0,0.0,0.0,0.0,0.0,1.730787,-0.2494781,-3.296306,2.621451,0.03409772,-2.655245,-0.03233273,0.9864991,-0.05934458,0.1491726,6.167788,162.549,355.2981,0.7157637,0.008899542,-0.6982849,0.1752473,0.00662992,-0.4775212,4.331277,0.1082129,-3.309073,-0.6506118,0.2089601,1.992901,-0.9534045,-0.08149757,-0.2904797,-0.04608725,0.9908656,-0.126733,0.2981547,-0.1074404,-0.9484517,static,-37.24761,-1.459277,-18.08003,5.985718,-28.10551338389716,0.2111667732570223,20.562686439432593,11.56960496089114,159.66894563885063
05/18/2023 18:41:20.120430,3675,True,True,True,True,Eyes,2.616037,0.03406936,-2.649912,0.6042401,0.02133706,-0.7965165,0.0,0.0,0.0,0.0,0.0,0.0,0.0,1.758258,-0.2387612,-3.290926,2.622697,0.03389845,-2.664391,-0.03282288,0.9872079,-0.05810567,0.1448,6.039798,163.0626,355.2914,0.714466,0.008925875,-0.6996122,0.1647324,0.006232124,-0.44887,4.322803,0.105781,-3.339689,-0.6506112,0.2089601,1.992901,-0.9559112,-0.08163341,-0.282081,-0.04797861,0.9910928,-0.1242302,0.2897098,-0.1052192,-0.9513134,static,-37.18407,-1.534471,-18.08002,5.985719,-28.04486572524862,0.1422371017012915,20.530903147173042,11.551815053217842,159.7077892714819
05/18/2023 18:41:20.140487,3676,True,True,True,True,Eyes,2.616272,0.03401374,-2.651605,0.6031721,0.02250301,-0.7972935,0.0,0.0,0.0,0.0,0.0,0.0,0.0,1.784899,-0.2296212,-3.28577,2.623915,0.03369465,-2.673725,-0.03310353,0.9878799,-0.05696778,0.1405428,5.926334,163.5629,355.3048,0.71328,0.008948305,-0.700821,0.1548485,0.005858197,-0.4219378,4.313897,0.1040841,-3.37062,-0.6506115,0.2089601,1.992901,-0.958304,-0.08141743,-0.2739071,-0.0493918,0.9913176,-0.1218596,0.2814505,-0.1032497,-0.9540051,static,-37.1084,-1.616701,-18.08002,5.985719,-27.97278069172051,0.0669991731926593,20.490876879255314,11.528137685328568,159.75568547227024
05/18/2023 18:41:20.150403,3677,True,True,True,True,Eyes,2.61654,0.03393402,-2.653595,0.6018704,0.023601,-0.798245,0.0,0.0,0.0,0.0,0.0,0.0,0.0,1.81138,-0.2176631,-3.280486,2.625021,0.03307939,-2.682952,-0.03311319,0.9885762,-0.05523299,0.1362719,5.749492,164.0696,355.3579,0.7121919,0.008966641,-0.7019266,0.1455576,0.005506705,-0.3966215,4.304981,0.1027829,-3.401031,-0.6506116,0.20896,1.9929,-0.960667,-0.08052322,-0.2657724,-0.05041641,0.9917057,-0.1182288,0.2730882,-0.1001792,-0.9567586,static,-37.01601,-1.69352,-18.08004,5.98572,-27.88522036405416,-0.0027910919824396,20.433836810998077,11.489291843731273,159.820221390556
05/18/2023 18:41:20.170320,3678,True,True,True,True,Eyes,2.61681,0.03382548,-2.655871,0.6004272,0.02457318,-0.7993018,0.0,0.0,0.0,0.0,0.0,0.0,0.0,1.838511,-0.2165802,-3.273837,2.62614,0.032419,-2.692095,-0.03291793,0.9891703,-0.0551689,0.1319653,5.765363,164.5706,355.4063,0.711188,0.008980601,-0.7029436,0.1368241,0.005176303,-0.3728242,4.296006,0.09994395,-3.431371,-0.6506119,0.2089601,1.992902,-0.9630031,-0.07968364,-0.2574401,-0.05056212,0.9917456,-0.1178309,0.2647044,-0.1004548,-0.9590831,static,-36.91349,-1.760907,-18.08003,5.985717,-27.788402261353266,-0.0635207580593686,20.36441501661602,11.438783563759944,159.8963504812968
05/18/2023 18:41:20.190222,3679,True,True,True,True,Eyes,2.617096,0.03369086,-2.658413,0.5988083,0.0255548,-0.8004847,0.0,0.0,0.0,0.0,0.0,0.0,0.0,1.864013,-0.2143736,-3.267728,2.626996,0.03160114,-2.701192,-0.03256619,0.9897414,-0.05480933,0.1278568,5.748759,165.0511,355.476,0.7102568,0.0089898,-0.7038844,0.1286147,0.004865724,-0.3504547,4.285685,0.09781161,-3.463194,-0.6506118,0.2089601,1.992901,-0.9651845,-0.07847971,-0.2495205,-0.05044872,0.9918708,-0.1168218,0.2566602,-0.1001665,-0.9612974,static,-36.79859,-1.828499,-18.08003,5.985718,-27.680044947439207,-0.1241588953507095,20.284143457308936,11.379406077093682,159.98347939795428
05/18/2023 18:41:20.200661,3680,True,True,True,True,Eyes,2.617409,0.03352627,-2.661219,0.5967708,0.026088,-0.8019876,0.0,0.0,0.0,0.0,0.0,0.0,0.0,1.886013,-0.2083687,-3.263468,2.627715,0.03081572,-2.710138,-0.03206136,0.9902813,-0.05366001,0.1242403,5.641883,165.4798,355.572,0.7093877,0.008993972,-0.7047602,0.1208978,0.004573781,-0.3294275,4.274191,0.09312198,-3.496589,-0.6506119,0.2089601,1.992902,-0.967073,-0.07683302,-0.242625,-0.05016607,0.9921854,-0.1142436,0.2495066,-0.09831037,-0.9633701,static,-36.65348,-1.863127,-18.08003,5.985717,-27.544171618096957,-0.1532499396721975,20.163764456044312,11.28081963572608,160.10764530532137
05/18/2023 18:41:20.220428,3681,True,True,True,True,Eyes,2.617722,0.03331178,-2.664268,0.5946193,0.0267235,-0.8035631,0.0,0.0,0.0,0.0,0.0,0.0,0.0,1.907239,-0.1990245,-3.259972,2.628461,0.02988867,-2.719354,-0.03211431,0.9907809,-0.05238675,0.1207368,5.511919,165.8927,355.6045,0.7085719,0.008992774,-0.7055806,0.1136439,0.004299354,-0.3096618,4.262685,0.08729364,-3.529231,-0.6506111,0.2089601,1.992901,-0.9687826,-0.0762865,-0.2358827,-0.05098647,0.9924486,-0.1115624,0.2426122,-0.09605285,-0.9653565,static,-36.50064,-1.904741,-18.08002,5.985719,-27.4009616487539,-0.1887031686418692,20.03942614437848,11.180493832389121,160.23650850830913
05/18/2023 18:41:20.240215,3682,True,True,True,True,Eyes,2.618044,0.03305043,-2.667549,0.5921677,0.02693724,-0.8053644,0.0,0.0,0.0,0.0,0.0,0.0,0.0,1.924313,-0.186736,-3.258396,2.628835,0.02843521,-2.728261,-0.03160794,0.9912625,-0.05025064,0.1177898,5.288859,166.2486,355.7091,0.7078007,0.008985375,-0.7063543,0.1068253,0.004041392,-0.2910821,4.251599,0.08411339,-3.560595,-0.6506115,0.20896,1.9929,-0.9702531,-0.07450157,-0.2303446,-0.05082552,0.9929517,-0.1070693,0.2366979,-0.09217696,-0.9672009,static,-36.32627,-1.915673,-18.08003,5.98572,-27.23827960463913,-0.1949440508097879,19.883593374389072,11.04871684540088,160.39396271378794
05/18/2023 18:41:20.250391,3683,True,True,True,True,Eyes,2.618356,0.03273633,-2.671043,0.5896363,0.027063,-0.8072154,0.0,0.0,0.0,0.0,0.0,0.0,0.0,1.944325,-0.1916811,-3.253855,2.629009,0.02701068,-2.737204,-0.03043989,0.9916785,-0.0504939,0.1144445,5.346581,166.6403,355.8571,0.7070669,0.008971108,-0.7070891,0.1004158,0.003798909,-0.2736171,4.240562,0.07687633,-3.591469,-0.6506116,0.20896,1.9929,-0.971952,-0.07193068,-0.2239102,-0.04881569,0.9930475,-0.1071148,0.2300584,-0.09318008,-0.9687058,static,-36.14653,-1.9202,-18.08003,5.985719,-27.07071690053835,-0.195066686101526,19.72059779734278,10.910296175678706,160.5579812951354
05/18/2023 18:41:20.270875,3684,True,True,True,True,Eyes,2.618648,0.03237332,-2.674745,0.5868921,0.02687914,-0.8092189,0.0,0.0,0.0,0.0,0.0,0.0,0.0,1.960802,-0.1980489,-3.250951,2.629159,0.02542348,-2.745818,-0.02902716,0.9920256,-0.05077442,0.1116459,5.408585,166.9699,356.0298,0.7063639,0.008949235,-0.7077917,0.09439081,0.003570974,-0.2572001,4.228262,0.07065781,-3.624168,-0.6506116,0.2089601,1.992901,-0.9733855,-0.06892888,-0.2185635,-0.04625386,0.9931588,-0.1072206,0.2244588,-0.09425752,-0.9699146,static,-35.95178,-1.902446,-18.08003,5.985719,-26.889596005156925,-0.1739898765142404,19.535163043336112,10.749440294388581,160.74230670362573
05/18/2023 18:41:20.290574,3685,True,True,True,True,Eyes,2.618911,0.03197349,-2.678641,0.5841026,0.02654928,-0.8112456,0.0,0.0,0.0,0.0,0.0,0.0,0.0,1.97546,-0.2039151,-3.248929,2.628968,0.02387041,-2.754544,-0.0278537,0.992327,-0.05112267,0.1090767,5.473446,167.2715,356.1734,0.7056854,0.008919186,-0.7084684,0.08872736,0.003356716,-0.2417681,4.215912,0.08514574,-3.656253,-0.6506115,0.2089601,1.992901,-0.9746528,-0.06643254,-0.2136316,-0.04412736,0.9932213,-0.1075372,0.2193275,-0.09538442,-0.9709775,static,-35.75415,-1.874425,-18.08003,5.985719,-26.705988672138567,-0.1432368524441294,19.343122330046306,10.581647454657128,160.93227718491082
05/18/2023 18:41:20.300415,3686,True,True,True,True,Eyes,2.619157,0.03157359,-2.682734,0.5810912,0.02597674,-0.8134238,0.0,0.0,0.0,0.0,0.0,0.0,0.0,1.98929,-0.2166236,-3.246602,2.628579,0.02260352,-2.763093,-0.02675984,0.9925435,-0.05260614,0.1066483,5.665466,167.5508,356.2928,0.7050259,0.008880761,-0.7091253,0.08340372,0.003155313,-0.227262,4.205213,0.1008372,-3.684302,-0.6506113,0.2089601,1.992901,-0.9758201,-0.06434131,-0.2088907,-0.04189989,0.993033,-0.1101356,0.2145216,-0.09871999,-0.9717175,static,-35.54114,-1.829123,-18.08002,5.98572,-26.508382430433343,-0.0959560934664094,19.13014591604175,10.393463203599707,161.14161398685553
05/18/2023 18:41:20.320422,3687,True,True,True,True,Eyes,2.619362,0.03117743,-2.687022,0.5780411,0.02556022,-0.8156072,0.0,0.0,0.0,0.0,0.0,0.0,0.0,2.003641,-0.2251287,-3.244307,2.627974,0.02218964,-2.772012,-0.02609817,0.99278,-0.05357937,0.1040967,5.79397,167.8447,356.3709,0.7043812,0.008834818,-0.7097662,0.07839949,0.002965994,-0.2136263,4.192877,0.08385991,-3.715005,-0.6506114,0.2089601,1.992901,-0.9769655,-0.06297433,-0.2038936,-0.04066459,0.9928963,-0.1118185,0.2094869,-0.1009516,-0.9725862,static,-35.32615,-1.794998,-18.08002,5.985719,-26.30871677288436,-0.0590920814948701,18.92005700337578,10.210347280628637,161.34919122271384
05/18/2023 18:41:20.340198,3688,True,True,True,True,Eyes,2.61952,0.0307662,-2.691496,0.5748125,0.02533528,-0.8178928,0.0,0.0,0.0,0.0,0.0,0.0,0.0,2.015299,-0.2124422,-3.245035,2.627252,0.02189647,-2.780985,-0.02653039,0.9930905,-0.05184149,0.1018819,5.59872,168.1067,356.3558,0.7037466,0.008782188,-0.7103961,0.07369553,0.002788035,-0.2008087,4.179653,0.06627721,-3.747693,-0.6506116,0.2089601,1.992901,-0.9778327,-0.06325756,-0.1996051,-0.04213073,0.9932172,-0.1083725,0.2051066,-0.09756066,-0.9738653,static,-35.09943,-1.774243,-18.08002,5.985718,-26.09786488063425,-0.0344743362425106,18.705007657566487,10.026392785806165,161.5631007338103
05/18/2023 18:41:20.350351,3689,True,True,True,True,Eyes,2.619632,0.03040212,-2.69615,0.571523,0.0251152,-0.8202016,0.0,0.0,0.0,0.0,0.0,0.0,0.0,2.027594,-0.1948983,-3.245402,2.626349,0.02109026,-2.78991,-0.02692662,0.9934448,-0.04937336,0.09952208,5.321248,168.389,356.3534,0.7031184,0.008723173,-0.7110186,0.06927379,0.002620752,-0.1887602,4.167847,0.1211939,-3.777313,-0.6506114,0.20896,1.9929,-0.9787407,-0.06332769,-0.1950804,-0.04367274,0.9936745,-0.103459,0.2003983,-0.09273983,-0.9753154,static,-34.86909,-1.753893,-18.08003,5.985721,-25.88363221842978,-0.0101528126968029,18.48713500120005,9.841072622497279,161.77991084654465
05/18/2023 18:41:20.370724,3690,True,True,True,True,Eyes,2.619675,0.03007958,-2.700993,0.5680622,0.02507546,-0.8226035,0.0,0.0,0.0,0.0,0.0,0.0,0.0,2.042994,-0.1950124,-3.242694,2.625394,0.02181692,-2.798883,-0.02691617,0.9937224,-0.04928569,0.09675967,5.321476,168.7085,356.3705,0.7024928,0.008659642,-0.7116374,0.06511737,0.002463507,-0.1774346,4.160454,0.1569758,-3.797904,-0.6506112,0.2089601,1.9929,-0.9798264,-0.06303214,-0.1896513,-0.04395666,0.9936929,-0.1031614,0.1949577,-0.09274379,-0.9764171,static,-34.62765,-1.746009,-18.08002,5.985721,-25.65881768501269,0.0027541981143741,18.264821581658005,9.655778896744643,162.00244430638526
05/18/2023 18:41:20.390255,3691,True,True,True,True,Eyes,2.619658,0.02983781,-2.705993,0.5645674,0.02516355,-0.8250033,0.0,0.0,0.0,0.0,0.0,0.0,0.0,2.054474,-0.1723356,-3.243861,2.624249,0.02249271,-2.808204,-0.02738609,0.9940972,-0.04578442,0.09447138,4.925129,168.9865,356.3688,0.7018653,0.008593071,-0.712257,0.06121032,0.002315697,-0.1667885,4.149917,0.1198843,-3.826965,-0.6506115,0.2089601,1.992901,-0.9806505,-0.0630995,-0.1853197,-0.04579823,0.9943076,-0.0962027,0.1903352,-0.0858539,-0.977958,static,-34.38467,-1.747046,-18.08002,5.985719,-25.43239701204296,0.007346086368889,18.04542230505357,9.476201265362395,162.22294904757337
05/18/2023 18:41:20.400134,3692,True,True,True,True,Eyes,2.6196,0.02961463,-2.711163,0.5608765,0.02530468,-0.8275126,0.0,0.0,0.0,0.0,0.0,0.0,0.0,2.066995,-0.1635129,-3.242817,2.622822,0.0241531,-2.816963,-0.02706431,0.9944218,-0.04381496,0.09205048,4.712649,169.2762,356.4395,0.7012345,0.008526021,-0.7128789,0.0575377,0.002176755,-0.1567812,4.13908,0.1182263,-3.8551,-0.6506116,0.2089601,1.992901,-0.9815887,-0.06189305,-0.1807023,-0.0457603,0.9946956,-0.09212366,0.1854456,-0.08215854,-0.9792141,static,-34.12888,-1.751513,-18.08003,5.985719,-25.19397457149835,0.0090206310659968,17.8165750172227,9.291347090684386,162.4533241175524
05/18/2023 18:41:20.420536,3693,True,True,True,True,Eyes,2.619483,0.02947358,-2.71645,0.5571494,0.0254449,-0.8300225,0.0,0.0,0.0,0.0,0.0,0.0,0.0,2.0841,-0.1530541,-3.239457,2.621545,0.02438398,-2.826285,-0.02723658,0.9947689,-0.04223106,0.08893664,4.541183,169.6414,356.4514,0.7005973,0.008458976,-0.7135058,0.05408544,0.00204615,-0.1473743,4.131428,0.1574929,-3.876266,-0.6506119,0.2089601,1.992901,-0.9826971,-0.06169998,-0.1746423,-0.04667643,0.9949494,-0.08886495,0.1792433,-0.07917564,-0.9806138,static,-33.87133,-1.755891,-18.08004,5.985719,-24.953913929008245,0.0108187747740813,17.58685205647105,9.107665754368897,162.68460094891532
05/18/2023 18:41:20.440154,3694,True,True,True,True,Eyes,2.619323,0.02950161,-2.721884,0.5532183,0.02549533,-0.8326461,0.0,0.0,0.0,0.0,0.0,0.0,0.0,2.098234,-0.1530101,-3.236267,2.620106,0.0262157,-2.834391,-0.02751568,0.994992,-0.04216803,0.08634814,4.54039,169.9388,356.432,0.699953,0.008394176,-0.7141388,0.05084031,0.001923381,-0.1385319,4.121768,0.1497179,-3.900981,-0.6506112,0.2089601,1.9929,-0.9835739,-0.06203802,-0.1695108,-0.0474735,0.9949295,-0.08866556,0.1741519,-0.07916184,-0.9815319,static,-33.60046,-1.753829,-18.08002,5.985719,-24.70156574982677,0.0189499265120609,17.3431444968294,8.913315953862572,162.92938061900375
05/18/2023 18:41:20.450561,3695,True,True,True,True,Eyes,2.619126,0.0295871,-2.727475,0.5492967,0.02641362,-0.8352098,0.0,0.0,0.0,0.0,0.0,0.0,0.0,2.119323,-0.1472644,-3.229831,2.619105,0.0303662,-2.843307,-0.02960403,0.9952325,-0.0422545,0.08276755,4.542905,170.3415,356.2084,0.6992987,0.008335785,-0.7147802,0.04778989,0.001807978,-0.13022,4.11111,0.1318274,-3.927701,-0.6506109,0.2089601,1.9929,-0.9845462,-0.06592038,-0.1622441,-0.05193118,0.9946764,-0.08900662,0.1672477,-0.07920561,-0.9827281,static,-33.33192,-1.811383,-18.08002,5.985721,-24.45024439504521,-0.0287749896223084,17.12936906009138,8.760931505976515,163.14994735394305
05/18/2023 18:41:20.470404,3696,True,True,True,True,Eyes,2.618865,0.02970807,-2.733172,0.5453183,0.02742821,-0.8377802,0.0,0.0,0.0,0.0,0.0,0.0,0.0,2.125223,-0.07528367,-3.235873,2.618053,0.03163517,-2.852704,-0.03020366,0.9957735,-0.03066863,0.08113153,3.220405,170.5789,356.2599,0.6986328,0.008284652,-0.7154316,0.0449225,0.001699499,-0.1224068,4.101133,0.133258,-3.951943,-0.6506111,0.2089601,1.992901,-0.9850107,-0.06512838,-0.1597246,-0.05517561,0.9962944,-0.06597895,0.1634298,-0.05617708,-0.9849541,static,-33.06045,-1.875145,-18.08001,5.985718,-24.196073814279032,-0.0822437410601586,16.91764610394629,8.615474233685758,163.36919095545278
05/18/2023 18:41:20.490616,3697,True,True,True,True,Eyes,2.618576,0.02988192,-2.738999,0.5413337,0.02868674,-0.8403183,0.0,0.0,0.0,0.0,0.0,0.0,0.0,2.133018,-0.05495432,-3.237284,2.616684,0.03256512,-2.86089,-0.02889857,0.996079,-0.02616538,0.07941712,2.724609,170.7986,356.4571,0.6979551,0.008241037,-0.7160932,0.04222715,0.001597529,-0.1150623,4.089562,0.1386764,-3.977591,-0.6506124,0.2089601,1.992902,-0.9857157,-0.06172646,-0.1566992,-0.05341454,0.9969605,-0.05671564,0.1597237,-0.04753548,-0.9860166,static,-32.78967,-1.955201,-18.08003,5.985715,-23.942233426701197,-0.1509800606239411,16.71620937439634,8.48672229327162,163.57983013109546
05/18/2023 18:41:20.510310,3698,True,True,True,True,Eyes,2.618264,0.03012265,-2.744951,0.5373958,0.03054265,-0.8427769,0.0,0.0,0.0,0.0,0.0,0.0,0.0,2.145496,-0.03583511,-3.236456,2.615686,0.03393926,-2.869863,-0.02888018,0.9963475,-0.02282762,0.07704935,2.351969,171.0841,356.496,0.6972645,0.008205539,-0.7167661,0.03969352,0.001501677,-0.1081586,4.07675,0.1470634,-4.003759,-0.6506109,0.2089601,1.9929,-0.9864588,-0.06106711,-0.1522173,-0.05403169,0.9972897,-0.04993888,0.1548544,-0.04103809,-0.9870847,static,-32.52358,-2.075519,-18.08002,5.98572,-23.69199028970233,-0.2575104333828109,16.54085849309887,8.394768417104725,163.76844904507487
05/18/2023 18:41:20.520187,3699,True,True,True,True,Eyes,2.617928,0.03039391,-2.751023,0.5337276,0.03257838,-0.8450287,0.0,0.0,0.0,0.0,0.0,0.0,0.0,2.148642,0.02269811,-3.241841,2.614928,0.03565551,-2.878816,-0.03016413,0.9965548,-0.01397503,0.07598388,1.333381,171.2381,356.4304,0.6965602,0.008179079,-0.7174508,0.03731191,0.001411577,-0.1016691,4.061933,0.1587484,-4.031296,-0.6506118,0.2089601,1.992901,-0.9866334,-0.06224417,-0.1506011,-0.05799666,0.9977897,-0.03243773,0.1522873,-0.02326979,-0.9880626,static,-32.27687,-2.20783,-18.08003,5.985718,-23.45957462087417,-0.375710354523417,16.391598299552854,8.331102630367168,163.93229957933804
05/18/2023 18:41:20.542341,3700,True,True,True,True,Eyes,2.617551,0.03069739,-2.757212,0.5301666,0.03457231,-0.8471884,0.0,0.0,0.0,0.0,0.0,0.0,0.0,2.15574,0.06035467,-3.243975,2.614172,0.03659601,-2.887732,-0.03044824,0.9967319,-0.007926272,0.07440177,0.6457332,171.4421,356.4522,0.6958413,0.00816152,-0.7181484,0.03507319,0.001326882,-0.09556895,4.047315,0.1611781,-4.058011,-0.650611,0.2089601,1.992901,-0.9870747,-0.06187692,-0.1478346,-0.059518,0.9980202,-0.02033154,0.1487999,-0.01126993,-0.9888033,static,-32.03814,-2.336847,-18.08002,5.98572,-23.234657674315255,-0.4910096594950728,16.25097644462907,8.277579153088983,164.08733030096795
05/18/2023 18:41:20.550046,3701,True,True,True,True,Eyes,2.607501,0.03802449,-2.914715,0.4384112,0.08936525,-0.8943207,0.0,0.0,0.0,0.0,0.0,0.0,0.0,2.162374,0.08480477,-3.246314,2.613306,0.03763165,-2.896691,-0.02986372,0.996883,-0.00334767,0.07294767,0.1327828,171.6256,356.5585,0.6951088,0.008152827,-0.7188575,0.0,0.0,0.0,4.03111,0.1557764,-4.086358,-0.650612,0.2089601,1.992902,-0.9875737,-0.06002966,-0.1452406,-0.05905285,0.9981939,-0.01103145,0.1456405,-0.002317496,-0.9893349,static,-26.11488,-5.706355,-18.08003,5.985717,-17.65088886813264,-3.509389129621777,14.18673190610452,9.504798920747428,166.53072712500042
05/18/2023 18:41:20.570795,3702,True,True,True,True,Eyes,2.607451,0.03801401,-2.915048,0.438286,0.08879067,-0.8944392,0.0,0.0,0.0,0.0,0.0,0.0,0.0,2.169614,0.1070433,-3.24807,2.612326,0.03759114,-2.905681,-0.02892061,0.9970278,0.0009600564,0.07140151,359.6537,171.8176,356.7018,0.6923151,0.008310368,-0.7215467,-0.03015161,0.02198132,-0.4725087,4.014378,0.1455298,-4.114654,-0.6506114,0.2089601,1.992901,-0.9881309,-0.05753221,-0.1424341,-0.0578064,0.9983253,-0.002215544,0.1423231,0.006044357,-0.9898018,static,-26.10541,-5.669158,-18.08002,5.985718,-17.642778945138517,-3.4743545981507262,14.150725042466057,9.470171767309115,166.56285817450325
05/18/2023 18:41:20.590250,3703,True,True,True,True,Eyes,2.607353,0.0380348,-2.915711,0.4380115,0.08797372,-0.8946545,0.0,0.0,0.0,0.0,0.0,0.0,0.0,2.182479,0.08650239,-3.246552,2.611101,0.03739262,-2.914025,-0.0271439,0.9972353,-0.001065493,0.0691663,359.9066,172.0674,356.8882,0.689787,0.00845173,-0.7239622,-0.02834251,0.02066244,-0.4441581,3.997005,0.1274837,-4.142939,-0.6506121,0.2089601,1.992901,-0.9889586,-0.05428511,-0.1378923,-0.05399033,0.9985241,-0.00587998,0.138008,0.001629793,-0.9904299,static,-26.08578,-5.61599,-18.08004,5.985717,-17.62550879526539,-3.4241380408537294,14.095796474887434,9.420826423725142,166.6122219942546
05/18/2023 18:41:20.602133,3704,True,True,True,True,Eyes,2.607227,0.03805674,-2.91667,0.4375314,0.08676963,-0.8950068,0.0,0.0,0.0,0.0,0.0,0.0,0.0,2.196341,0.06107237,-3.244555,2.609898,0.03820225,-2.922628,-0.02580081,0.9974253,-0.004051415,0.06678934,0.2655972,172.3313,357.0187,0.6874948,0.008579303,-0.7261378,-0.02664196,0.01942269,-0.4175087,3.978712,0.1042914,-4.171221,-0.6506118,0.20896,1.9929,-0.989747,-0.05200993,-0.1330257,-0.05092757,0.9986358,-0.0115284,0.1334438,-0.00463553,-0.9910455,static,-26.05207,-5.537438,-18.08004,5.985717,-17.595606552512344,-3.3498388092706515,14.012007831675124,9.348116282602168,166.68779220155554
05/18/2023 18:41:20.618075,3705,True,True,True,True,Eyes,2.607041,0.03809308,-2.917903,0.4368756,0.08524993,-0.8954732,0.0,0.0,0.0,0.0,0.0,0.0,0.0,2.208481,0.04519843,-3.242756,2.608477,0.03830583,-2.930746,-0.02478123,0.9975859,-0.005842302,0.06460836,0.4843984,172.5767,357.1226,0.6854124,0.008694446,-0.7281024,-0.02504344,0.01825733,-0.3924581,3.960183,0.08520398,-4.198484,-0.6506114,0.2089601,1.992901,-0.9904234,-0.05019774,-0.1286152,-0.04868789,0.9987035,-0.01485854,0.1291943,-0.008454246,-0.9915834,static,-26.00641,-5.438225,-18.08002,5.985719,-17.554966233607132,-3.255926564048467,13.904465288073323,9.256548719101522,166.7849960480198
05/18/2023 18:41:20.640608,3706,True,True,True,True,Eyes,2.606804,0.03815161,-2.919403,0.4360048,0.08355994,-0.8960567,0.0,0.0,0.0,0.0,0.0,0.0,0.0,2.225591,0.01523934,-3.237159,2.60688,0.03877326,-2.938597,-0.02479562,0.99773,-0.01067629,0.06169415,1.045397,172.8967,357.0879,0.6835155,0.008798746,-0.7298821,-0.02354084,0.01716189,-0.3689106,3.941176,0.06850896,-4.225043,-0.6506117,0.2089601,1.992901,-0.9911582,-0.050796,-0.1225788,-0.04816134,0.9985424,-0.02436359,0.1236377,-0.01824461,-0.9921599,static,-25.94671,-5.327594,-18.08003,5.985718,-17.50146304703729,-3.151005240174605,13.7795385493036,9.155023281598321,166.8984320966725
05/18/2023 18:41:20.650922,3707,True,True,True,True,Eyes,2.606504,0.03821856,-2.921156,0.4349055,0.0818117,-0.896752,0.0,0.0,0.0,0.0,0.0,0.0,0.0,2.245421,0.001067609,-3.229427,2.605274,0.03944869,-2.946541,-0.02575639,0.9978728,-0.01368308,0.05830273,1.392689,173.2754,356.9611,0.6817825,0.008893829,-0.7315001,-0.02212839,0.01613218,-0.346776,3.92205,0.04861093,-4.25072,-0.6506117,0.2089601,1.992901,-0.9918748,-0.05299871,-0.1156526,-0.04980767,0.9982988,-0.03031128,0.1170623,-0.02430461,-0.9928272,static,-25.87239,-5.212729,-18.08003,5.98572,-17.43441868741415,-3.0417860428777903,13.642805223824057,9.050562375959508,167.02327668770357
05/18/2023 18:41:20.670230,3708,True,True,True,True,Eyes,2.606147,0.03828588,-2.92314,0.4335626,0.07992914,-0.8975716,0.0,0.0,0.0,0.0,0.0,0.0,0.0,2.266829,-0.006690383,-3.220213,2.603517,0.03975731,-2.954396,-0.02648021,0.9980351,-0.01554201,0.0546197,1.611957,173.6909,356.8715,0.6801932,0.008980809,-0.732977,-0.02080068,0.01516424,-0.3259695,3.904133,0.03964611,-4.275109,-0.6506113,0.2089601,1.992901,-0.992631,-0.05455415,-0.1082016,-0.05115854,0.9981145,-0.03391562,0.1098479,-0.02813026,-0.9935504,static,-25.78238,-5.088791,-18.08002,5.98572,-17.352929037491712,-2.92371499797773,13.489668026260727,8.939054382369068,167.16367761724885
05/18/2023 18:41:20.690576,3709,True,True,True,True,Eyes,2.605705,0.03833799,-2.925335,0.4321207,0.07856137,-0.8983873,0.0,0.0,0.0,0.0,0.0,0.0,0.0,2.290902,-0.01982757,-3.208701,2.601853,0.03991073,-2.961949,-0.02749377,0.9981699,-0.01855135,0.05056611,1.96301,174.1441,356.744,0.6787304,0.009060472,-0.734331,-0.01955264,0.01425439,-0.3064113,3.885883,0.0384593,-4.299151,-0.6506117,0.2089601,1.992901,-0.9933746,-0.05676304,-0.09992705,-0.05301076,0.9977999,-0.0398153,0.1019672,-0.03425429,-0.9941981,static,-25.68737,-4.997637,-18.08003,5.985719,-17.26615133807134,-2.8362164946274198,13.360603687645856,8.859398644812746,167.2833811832646
05/18/2023 18:41:20.700150,3710,True,True,True,True,Eyes,2.605214,0.03839613,-2.927732,0.4304725,0.07754093,-0.8992668,0.0,0.0,0.0,0.0,0.0,0.0,0.0,2.315558,-0.03450742,-3.19598,2.599853,0.0396782,-2.969254,-0.02810926,0.9982956,-0.02157365,0.04637237,2.319208,174.6134,356.6652,0.6773779,0.009133138,-0.7355778,-0.01837948,0.01339913,-0.2880266,3.868312,0.04159333,-4.322456,-0.6506121,0.2089602,1.992902,-0.994119,-0.05812354,-0.09137383,-0.05412186,0.9974889,-0.04568074,0.0937995,-0.04046677,-0.9947684,static,-25.5801,-4.928244,-18.08003,5.985718,-17.167532521308267,-2.7688064034285667,13.242568351431833,8.801951441518243,167.3942606797778
05/18/2023 18:41:20.720203,3711,True,True,True,True,Eyes,2.604654,0.03846029,-2.93032,0.4285582,0.07634856,-0.9002827,0.0,0.0,0.0,0.0,0.0,0.0,0.0,2.34242,-0.06135333,-3.181272,2.59793,0.04002729,-2.976632,-0.02860858,0.9983632,-0.02640956,0.04189634,2.885229,175.1082,356.594,0.6761219,0.009199633,-0.7367317,-0.01727671,0.01259518,-0.270745,3.853023,0.056615,-4.343947,-0.6506113,0.2089601,1.992901,-0.9948528,-0.05933644,-0.08214442,-0.05491058,0.9969682,-0.05512985,0.08516659,-0.05033547,-0.9950948,static,-25.45568,-4.847375,-18.08002,5.985719,-17.053154154374937,-2.690261746043735,13.105582247593427,8.736537951078382,167.52300776757582
05/18/2023 18:41:20.740201,3712,True,True,True,True,Eyes,2.604035,0.03854146,-2.933081,0.4264469,0.0755819,-0.9013492,0.0,0.0,0.0,0.0,0.0,0.0,0.0,2.369893,-0.07566238,-3.165547,2.595774,0.04029146,-2.983812,-0.02916704,0.9984515,-0.02929573,0.03722562,3.229135,175.6318,356.5303,0.6749497,0.009260699,-0.737805,-0.01624011,0.01183947,-0.2545003,3.839795,0.07109147,-4.363468,-0.6506115,0.20896,1.992899,-0.9955273,-0.06042486,-0.07262702,-0.05606265,0.9965821,-0.06067225,0.07604489,-0.0563292,-0.9955121,static,-25.3198,-4.793277,-18.08004,5.98572,-16.927583928273343,-2.636513356032188,12.984640972456997,8.698911601064454,167.63837103278908
05/18/2023 18:41:20.760514,3713,True,True,True,True,Eyes,2.603329,0.0386264,-2.936018,0.4240645,0.07478644,-0.9025389,0.0,0.0,0.0,0.0,0.0,0.0,0.0,2.39633,-0.09102376,-3.149715,2.593239,0.04069836,-2.990792,-0.02858147,0.9985648,-0.03140822,0.03263438,3.489223,176.1529,356.6038,0.6738498,0.009317311,-0.738809,-0.0152657,0.0111291,-0.2392303,3.826309,0.08005427,-4.382907,-0.6506119,0.20896,1.9929,-0.9962363,-0.05913088,-0.06337971,-0.05503093,0.9963933,-0.06459177,0.06697048,-0.06086081,-0.9958972,static,-25.16683,-4.736838,-18.08004,5.985717,-16.786134732568776,-2.58018246302158,12.852850976811526,8.663072460257947,167.76438107610144
05/18/2023 18:41:20.770679,3714,True,True,True,True,Eyes,2.60254,0.03872946,-2.939124,0.421446,0.07445518,-0.9037918,0.0,0.0,0.0,0.0,0.0,0.0,0.0,2.424557,-0.09537382,-3.132583,2.590543,0.04087728,-2.99801,-0.02805664,0.9987164,-0.03182946,0.02766386,3.556047,176.7236,356.6799,0.6728117,0.009369991,-0.7397537,-0.01434976,0.01046135,-0.2248765,3.811961,0.08441745,-4.402699,-0.6506113,0.2089601,1.992901,-0.9968951,-0.0578023,-0.05347065,-0.0542802,0.9963995,-0.06512951,0.05704276,-0.06202488,-0.9964432,static,-25.00005,-4.709443,-18.08002,5.985719,-16.631260399966344,-2.5507216486872157,12.73865398726035,8.658505836877925,167.87557586762162
05/18/2023 18:41:20.790408,3715,True,True,True,True,Eyes,2.601657,0.03882773,-2.942407,0.4185377,0.07424037,-0.90516,0.0,0.0,0.0,0.0,0.0,0.0,0.0,2.453512,-0.09112621,-3.114697,2.587733,0.04135985,-3.005208,-0.02747284,0.998896,-0.03075355,0.0225025,3.451452,177.3216,356.7684,0.671827,0.00941954,-0.7406477,-0.01348878,0.009833673,-0.2113839,3.79798,0.08804516,-4.422219,-0.6506119,0.2089601,1.992902,-0.997478,-0.05626908,-0.04326554,-0.05350096,0.996599,-0.06267561,0.04664509,-0.06020278,-0.9970959,static,-24.81539,-4.688851,-18.08003,5.985717,-16.459595503558198,-2.52721935975761,12.621865009428044,8.665788678622492,167.98996080516176
05/18/2023 18:41:20.800538,3716,True,True,True,True,Eyes,2.600718,0.03891365,-2.945837,0.415314,0.07425287,-0.9066426,0.0,0.0,0.0,0.0,0.0,0.0,0.0,2.483513,-0.08154136,-3.095928,2.5847,0.04131301,-3.012785,-0.02710405,0.9990637,-0.02906664,0.01709394,3.276367,177.9489,356.8333,0.6708854,0.009466188,-0.7415,-0.01267945,0.009243652,-0.1987009,3.783745,0.09304841,-4.441467,-0.6506116,0.2089601,1.992901,-0.9979464,-0.05515108,-0.03258023,-0.05316363,0.996841,-0.05900548,0.03573152,-0.05715222,-0.9977258,static,-24.61152,-4.682002,-18.08003,5.985719,-16.269767595652837,-2.5161412388566253,12.508422480630442,8.692449453039346,168.10218677338676
05/18/2023 18:41:20.820197,3717,True,True,True,True,Eyes,2.599688,0.03900809,-2.949411,0.4117753,0.07412171,-0.9082659,0.0,0.0,0.0,0.0,0.0,0.0,0.0,2.51595,-0.08225816,-3.07393,2.581646,0.04105233,-3.019808,-0.02723784,0.9991283,-0.02954138,0.01132256,3.348808,178.6089,356.8362,0.6699812,0.00950985,-0.7423167,-0.01191868,0.008689033,-0.1867788,3.769645,0.09130087,-4.46058,-0.6506116,0.20896,1.9929,-0.9982598,-0.05509716,-0.02101609,-0.05375922,0.9967709,-0.05964804,0.02423467,-0.05841444,-0.9979982,static,-24.38784,-4.665451,-18.08003,5.985719,-16.06166758921161,-2.495528184216949,12.378848466840523,8.718104187326018,168.22953832494764
05/18/2023 18:41:20.840211,3718,True,True,True,True,Eyes,2.598601,0.03910545,-2.953132,0.4079551,0.07420418,-0.9099815,0.0,0.0,0.0,0.0,0.0,0.0,0.0,2.55011,-0.08911362,-3.049801,2.578512,0.0413913,-3.026855,-0.02804013,0.999096,-0.03151181,0.00527196,3.593138,179.2938,356.7626,0.6691076,0.009551017,-0.7431036,-0.01120356,0.008167691,-0.1755721,3.755912,0.09030045,-4.479032,-0.6506118,0.2089601,1.992901,-0.9983719,-0.05636182,-0.008767198,-0.0556973,0.9964415,-0.06326229,0.01230158,-0.06267098,-0.9979584,static,-24.14724,-4.661853,-18.08003,5.985719,-15.837553480179205,-2.4866522542274465,12.254869508863976,8.764118644302298,168.3523181141086
05/18/2023 18:41:20.850345,3719,True,True,True,True,Eyes,2.597417,0.03919793,-2.956986,0.4038395,0.07423488,-0.911813,0.0,0.0,0.0,0.0,0.0,0.0,0.0,2.583022,-0.08108082,-3.026706,2.575226,0.04148611,-3.03414,-0.0287979,0.9991032,-0.03103624,-0.0007025928,3.557906,179.978,356.6973,0.6682585,0.00959003,-0.743867,-0.01053135,0.007677629,-0.1650378,3.743663,0.09220854,-4.496056,-0.6506119,0.2089601,1.992902,-0.9983406,-0.05750053,0.003191482,-0.05758775,0.9964148,-0.06197635,0.0003836327,-0.06205729,-0.9980728,static,-23.88842,-4.654447,-18.08003,5.985718,-15.59653566043413,-2.4737947871407124,12.122314367286677,8.816524299884449,168.48313400221446
05/18/2023 18:41:20.870672,3720,True,True,True,True,Eyes,2.596134,0.03928626,-2.960973,0.3994365,0.07419585,-0.9137535,0.0,0.0,0.0,0.0,0.0,0.0,0.0,2.616302,-0.08082291,-3.002234,2.571804,0.04147584,-3.041229,-0.02925752,0.9990488,-0.03162108,-0.006763772,3.645197,180.6697,356.6664,0.6674284,0.009626958,-0.7446114,-0.009899467,0.007216971,-0.1551355,3.73161,0.09547995,-4.513058,-0.6506116,0.2089601,1.992901,-0.9981967,-0.05803164,0.01536499,-0.05888715,0.9962882,-0.06278622,-0.01166437,-0.06357778,-0.9979089,static,-23.61197,-4.642174,-18.08003,5.98572,-15.339184197651806,-2.45597802765677,11.98142274685423,8.875500059286457,168.62164322007385
05/18/2023 18:41:20.890592,3721,True,True,True,True,Eyes,2.594769,0.03936373,-2.965089,0.3947887,0.07368242,-0.9158127,0.0,0.0,0.0,0.0,0.0,0.0,0.0,2.649176,-0.0801779,-2.977602,2.56827,0.04148917,-3.048431,-0.03030412,0.9989254,-0.0326512,-0.01279972,3.784731,181.3549,356.5695,0.6666123,0.0096619,-0.7453417,-0.009305499,0.006783953,-0.1458274,3.721187,0.1006945,-4.528305,-0.6506115,0.2089601,1.992901,-0.9978358,-0.05970724,0.02755086,-0.06137895,0.9960312,-0.06445647,-0.02359299,-0.06600801,-0.9975404,static,-23.31991,-4.599869,-18.08003,5.985718,-15.06786424606853,-2.4096928717866914,11.811477238219146,8.919420734289403,168.78645022377557
05/18/2023 18:41:20.900166,3722,True,True,True,True,Eyes,2.593295,0.03942752,-2.969332,0.3899043,0.07286847,-0.9179678,0.0,0.0,0.0,0.0,0.0,0.0,0.0,2.681158,-0.07688043,-2.953338,2.564754,0.04129084,-3.05566,-0.03103708,0.9987972,-0.03301125,-0.01873802,3.847795,182.0322,356.5085,0.6658068,0.009694736,-0.7460608,-0.00874717,0.006376916,-0.1370777,3.709655,0.09561831,-4.544443,-0.6506119,0.2089601,1.992901,-0.9973711,-0.06076236,0.03948012,-0.06323662,0.9958939,-0.06477993,-0.03538182,-0.06710622,-0.9971182,static,-23.01322,-4.538634,-18.08003,5.985718,-14.783275859912235,-2.345353627311937,11.623181517811894,8.959650792279117,168.96791629383875
05/18/2023 18:41:20.920482,3723,True,True,True,True,Eyes,2.591719,0.03945962,-2.973702,0.384772,0.07213646,-0.9201884,0.0,0.0,0.0,0.0,0.0,0.0,0.0,2.712592,-0.07221971,-2.929031,2.561018,0.04108799,-3.063019,-0.03236704,0.9986045,-0.03367454,-0.02464839,3.947977,182.7031,356.3803,0.6650067,0.009725364,-0.7467737,-0.00822234,0.005994301,-0.1288531,3.700114,0.08995408,-4.558966,-0.6506119,0.2089601,1.992902,-0.9966899,-0.06298371,0.05140787,-0.0663038,0.9956368,-0.06565949,-0.04704809,-0.06885067,-0.996517,static,-22.69199,-4.482429,-18.08003,5.985717,-14.485043040751604,-2.285389779116998,11.439067082542877,9.018599591329089,169.1454789915444
05/18/2023 18:41:20.940216,3724,True,True,True,True,Eyes,2.590003,0.03945857,-2.978182,0.3794239,0.07118321,-0.9224806,0.0,0.0,0.0,0.0,0.0,0.0,0.0,2.742693,-0.06104004,-2.905547,2.557115,0.0403592,-3.070475,-0.03347311,0.9984263,-0.03314066,-0.03043669,3.911448,183.3649,356.2746,0.6642087,0.00975318,-0.7474831,-0.007728999,0.005634643,-0.1211219,3.690966,0.08454412,-4.573085,-0.6506115,0.20896,1.9929,-0.9959067,-0.06482349,0.06299622,-0.06885825,0.9955624,-0.06413939,-0.05855894,-0.06821463,-0.9959509,static,-22.35777,-4.412485,-18.08003,5.985719,-14.174970255675396,-2.21226835024708,11.243740744663938,9.080555500714462,169.3330328864013
05/18/2023 18:41:20.950667,3725,True,True,True,True,Eyes,2.588186,0.03943803,-2.982766,0.3738363,0.07013814,-0.9248389,0.0,0.0,0.0,0.0,0.0,0.0,0.0,2.773091,-0.06141847,-2.880637,2.553026,0.03950725,-3.077722,-0.0338864,0.998189,-0.03396145,-0.03629297,4.028895,184.0327,356.2533,0.6634103,0.009777592,-0.7481914,-0.00726526,0.005296564,-0.1138546,3.682224,0.07522986,-4.586736,-0.6506118,0.2089601,1.9929,-0.9950691,-0.06518494,0.07475613,-0.07011518,0.9953967,-0.0653402,-0.07015281,-0.07025955,-0.9950588,static,-22.00943,-4.336908,-18.08004,5.985719,-13.851849031705632,-2.1335509800104617,11.045213169207237,9.154241851331282,169.52320603589845
05/18/2023 18:41:20.980551,3726,True,True,True,True,Eyes,2.586264,0.03940511,-2.987471,0.3680085,0.06911131,-0.9272505,0.0,0.0,0.0,0.0,0.0,0.0,0.0,2.804285,-0.06561379,-2.854219,2.548907,0.03905278,-3.084871,-0.0345594,0.9978719,-0.03561278,-0.04229896,4.243631,184.714,356.2077,0.6626074,0.00979849,-0.7489023,-0.006829344,0.00497877,-0.1070233,3.672588,0.06945075,-4.60099,-0.6506112,0.2089601,1.9929,-0.994033,-0.06595893,0.0868794,-0.07198448,0.9950747,-0.06815034,-0.08195637,-0.07399765,-0.9938852,static,-21.64721,-4.262578,-18.08002,5.985721,-13.51577094706183,-2.05568309098294,10.851381335548991,9.246434403148283,169.708604073971
05/18/2023 18:41:20.990449,3727,True,True,True,True,Eyes,2.584244,0.03934773,-2.99229,0.3619488,0.06818396,-0.929701,0.0,0.0,0.0,0.0,0.0,0.0,0.0,2.832578,-0.05788924,-2.83075,2.544569,0.03866851,-3.092517,-0.03429471,0.997669,-0.03437015,-0.04795091,4.121343,185.3686,356.2558,0.6617988,0.009815871,-0.7496168,-0.006419583,0.004680044,-0.1006019,3.663394,0.07616661,-4.614582,-0.6506119,0.2089601,1.992902,-0.9930494,-0.06513339,0.09803569,-0.0717257,0.9952852,-0.06529114,-0.09332083,-0.07186899,-0.9930391,static,-21.27183,-4.194543,-18.08003,5.985717,-13.167309989227151,-1.9834062763119864,10.668893143508374,9.361716920378733,169.88285384983078
05/18/2023 18:41:21.000524,3728,True,True,True,True,Eyes,2.532269,0.03673646,-3.11557,0.1961909,0.04376408,-0.9795886,0.0,0.0,0.0,0.0,0.0,0.0,0.0,2.863001,-0.04946198,-2.804642,2.540297,0.03801089,-3.10011,-0.03437877,0.9973902,-0.03339343,-0.05399963,4.032679,186.0665,356.2655,0.6609811,0.009829488,-0.7503378,0.0,0.0,0.0,3.653377,0.08510904,-4.628314,-0.6506116,0.2089601,1.992901,-0.9918044,-0.06497163,0.1100134,-0.07218456,0.995406,-0.06289967,-0.1054213,-0.07032544,-0.9919379,static,-11.3253,-2.558044,-18.08003,5.985719,-3.930869429492628,-0.2238775772820513,10.891384832658748,15.451790656833062,169.38112194638228
05/18/2023 18:41:21.020191,3729,True,True,True,True,Eyes,2.532081,0.03670803,-3.115867,0.1956871,0.04366207,-0.979694,0.0,0.0,0.0,0.0,0.0,0.0,0.0,2.895167,-0.04842471,-2.775671,2.535759,0.03674515,-3.107614,-0.03474258,0.996988,-0.03405049,-0.06040267,4.134208,186.7988,356.2541,0.6579987,0.009762192,-0.7529554,-0.1559265,-0.007833816,-0.3698416,3.642226,0.08563937,-4.642952,-0.6506117,0.2089602,1.992902,-0.9902889,-0.06516237,0.1228075,-0.07338933,0.995267,-0.06369876,-0.1180755,-0.07209294,-0.9903842,static,-11.29577,-2.551815,-18.08002,5.985718,-3.903473898436188,-0.2173709762324871,10.904839191321852,15.474261604898023,169.36688196461566
05/18/2023 18:41:21.040572,3730,True,True,True,True,Eyes,2.531669,0.03665121,-3.116448,0.1942409,0.04371174,-0.9799794,0.0,0.0,0.0,0.0,0.0,0.0,0.0,2.927394,-0.05120708,-2.745828,2.53117,0.03605619,-3.115077,-0.03497225,0.9965304,-0.03514757,-0.06684927,4.285536,187.5356,356.2625,0.6552996,0.009700765,-0.7553064,-0.1465709,-0.007363787,-0.3476511,3.63202,0.1002183,-4.656708,-0.6506115,0.2089601,1.992901,-0.9886162,-0.06500264,0.135693,-0.07440099,0.9950832,-0.0653755,-0.1307763,-0.07472698,-0.9885917,static,-11.21124,-2.553972,-18.08002,5.985719,-3.824670226727669,-0.2174548550189956,10.95930933334218,15.54652253830183,169.3106917411544
05/18/2023 18:41:21.050467,3731,True,True,True,True,Eyes,2.531077,0.03652095,-3.117317,0.1923341,0.04382046,-0.9803506,0.0,0.0,0.0,0.0,0.0,0.0,0.0,2.959282,-0.04831675,-2.715858,2.526481,0.03537707,-3.122694,-0.03521039,0.996061,-0.03529035,-0.07333148,4.328041,188.28,356.2643,0.6528503,0.009643922,-0.7574252,-0.1377766,-0.00692196,-0.326792,3.621468,0.1085393,-4.670123,-0.6506119,0.2089601,1.992901,-0.9867654,-0.0649676,0.1485704,-0.07531916,0.9950296,-0.06513862,-0.1436,-0.07546674,-0.9867542,static,-11.09983,-2.559347,-18.08003,5.985718,-3.720758893193425,-0.2199355322464375,11.033645267735638,15.642851481780834,169.23418371479983
05/18/2023 18:41:21.070498,3732,True,True,True,True,Eyes,2.530293,0.03632117,-3.118444,0.1896614,0.04379703,-0.9808723,0.0,0.0,0.0,0.0,0.0,0.0,0.0,2.991227,-0.04028915,-2.685323,2.521657,0.03346418,-3.130518,-0.03477101,0.995608,-0.03412809,-0.07994422,4.215953,189.0466,356.3333,0.6506208,0.009589366,-0.7593418,-0.12951,-0.006506642,-0.3071845,3.608359,0.1146423,-4.685496,-0.6506116,0.2089601,1.992902,-0.9847999,-0.0637799,0.1615596,-0.07469326,0.9952525,-0.0623969,-0.1568129,-0.07351587,-0.9848885,static,-10.94366,-2.556622,-18.08002,5.985717,-3.5752971252306214,-0.2138096234900159,11.131001286520501,15.774064664163756,169.13355395302463
05/18/2023 18:41:21.090471,3733,True,True,True,True,Eyes,2.52935,0.03608084,-3.119836,0.1866112,0.04351065,-0.9814698,0.0,0.0,0.0,0.0,0.0,0.0,0.0,3.023612,-0.05518439,-2.652922,2.516977,0.03168041,-3.138008,-0.03419586,0.994983,-0.03675597,-0.08653588,4.534622,189.8008,356.4522,0.6485847,0.009535146,-0.7610824,-0.1217394,-0.006116244,-0.2887534,3.597178,0.1167172,-4.698729,-0.6506116,0.2089601,1.992901,-0.9826843,-0.06168717,0.1747173,-0.07441001,0.9949592,-0.06722479,-0.1696897,-0.07906146,-0.982321,static,-10.7654,-2.538382,-18.08002,5.985718,-3.4095503969992915,-0.1926554070590862,11.232272546301575,15.918384853044063,169.02821183689974
05/18/2023 18:41:21.110619,3734,True,True,True,True,Eyes,2.528255,0.03579408,-3.121477,0.1830267,0.0432315,-0.9821569,0.0,0.0,0.0,0.0,0.0,0.0,0.0,3.054187,-0.07241341,-2.622124,2.512306,0.03051165,-3.145826,-0.03373965,0.9943164,-0.03978451,-0.09281077,4.897853,190.5182,356.5642,0.6467176,0.009480201,-0.7626703,-0.1144351,-0.005749269,-0.2714282,3.582119,0.1232535,-4.714827,-0.6506114,0.2089601,1.9929,-0.9804956,-0.05971089,0.1872511,-0.07448062,0.9945577,-0.07285397,-0.1818819,-0.08537959,-0.9796067,static,-10.55609,-2.520355,-18.08003,5.98572,-3.2148682122433563,-0.1709897365510286,11.356187081464668,16.089689548164767,168.89970802281664
05/18/2023 18:41:21.120179,3735,True,True,True,True,Eyes,2.526993,0.03546135,-3.123357,0.1790976,0.04269979,-0.9829043,0.0,0.0,0.0,0.0,0.0,0.0,0.0,3.081896,-0.08376247,-2.593626,2.507386,0.0291691,-3.153435,-0.0337972,0.9936462,-0.04230833,-0.09866639,5.206659,191.1875,356.6142,0.6449982,0.009423445,-0.7641256,-0.107569,-0.005404313,-0.2551425,3.573082,0.1702389,-4.725488,-0.6506113,0.2089601,1.9929,-0.9782455,-0.05881609,0.1989388,-0.07551374,0.9941355,-0.07740972,-0.1932192,-0.09074832,-0.97695,static,-10.32672,-2.487506,-18.08003,5.98572,-3.001779253881232,-0.1349909043009254,11.485180660450059,16.273191068037622,168.76548457496762
05/18/2023 18:41:21.140421,3736,True,True,True,True,Eyes,2.525566,0.03516787,-3.125463,0.1745829,0.04215413,-0.9837397,0.0,0.0,0.0,0.0,0.0,0.0,0.0,3.111002,-0.09411332,-2.562693,2.50221,0.02779578,-3.161131,-0.03477681,0.9928321,-0.04560793,-0.1048579,5.61568,191.8897,356.573,0.6434067,0.0093639,-0.7654669,-0.1011148,-0.005080054,-0.239834,3.565154,0.1863165,-4.735824,-0.6506116,0.2089601,1.992901,-0.9755912,-0.05949036,0.2113847,-0.07861977,0.993421,-0.0832688,-0.2050403,-0.09785528,-0.9738498,static,-10.06342,-2.453674,-18.08003,5.985718,-2.7570943042326324,-0.0972951867845011,11.639990258662761,16.486218722533554,168.60493345643
05/18/2023 18:41:21.160876,3737,True,True,True,True,Eyes,2.523971,0.03491375,-3.127813,0.1696914,0.0417801,-0.9846112,0.0,0.0,0.0,0.0,0.0,0.0,0.0,3.14315,-0.1072651,-2.527019,2.496996,0.02853185,-3.16874,-0.03596249,0.9918695,-0.0493221,-0.1116649,6.077505,192.662,356.5219,0.6419256,0.009302821,-0.7667103,-0.09504793,-0.004775251,-0.2254439,3.554806,0.2002791,-4.748425,-0.650612,0.2089601,1.992901,-0.9724754,-0.06032508,0.2250616,-0.08235528,0.992548,-0.08981066,-0.2179666,-0.1058737,-0.9701967,static,-9.778497,-2.42978,-18.08004,5.985717,-2.4920710173564604,-0.0684067790341176,11.821006976474466,16.72235604619527,168.41820092795209
05/18/2023 18:41:21.170392,3738,True,True,True,True,Eyes,2.522198,0.03462868,-3.13038,0.1642705,0.04198762,-0.9855213,0.0,0.0,0.0,0.0,0.0,0.0,0.0,3.174446,-0.09158783,-2.49322,2.491477,0.02919334,-3.177001,-0.03631159,0.9911541,-0.04719061,-0.1186095,5.863575,193.4686,356.4967,0.6405384,0.009241319,-0.7678702,-0.08934505,-0.004488736,-0.2119173,3.548218,0.2382761,-4.756722,-0.6506115,0.2089601,1.992902,-0.9692267,-0.06078624,0.2385476,-0.08317525,0.992909,-0.08493254,-0.2316934,-0.1021601,-0.9674097,static,-9.463282,-2.439582,-18.08002,5.985715,-2.1981759237151337,-0.0703655662629336,12.051298822071132,16.99732576285141,168.18263974730067
05/18/2023 18:41:21.190380,3739,True,True,True,True,Eyes,2.520258,0.03428909,-3.133148,0.1584246,0.04216637,-0.9864703,0.0,0.0,0.0,0.0,0.0,0.0,0.0,3.20579,-0.07691729,-2.45753,2.485605,0.02809651,-3.184877,-0.03507131,0.9904651,-0.04394577,-0.1257682,5.501696,194.3115,356.6354,0.6392312,0.00917868,-0.7689595,-0.08398435,-0.004219412,-0.1992023,3.54048,0.2629403,-4.766384,-0.6506117,0.2089601,1.992901,-0.9659047,-0.05841986,0.2522204,-0.08052776,0.9936775,-0.0782318,-0.2460554,-0.0958752,-0.9645022,static,-9.123649,-2.447601,-18.08003,5.985717,-1.8815631616216384,-0.0700963982235118,12.301935339867667,17.293443955098905,167.9264761014762
05/18/2023 18:41:21.200140,3740,True,True,True,True,Eyes,2.518158,0.03400537,-3.136104,0.152018,0.04241035,-0.9874674,0.0,0.0,0.0,0.0,0.0,0.0,0.0,3.242117,-0.07616286,-2.413535,2.47977,0.02643865,-3.192539,-0.03429094,0.9894307,-0.0437753,-0.133921,5.497931,195.2612,356.7673,0.6379912,0.009113658,-0.7699894,-0.07894529,-0.003966247,-0.1872501,3.53374,0.2806517,-4.776146,-0.6506116,0.20896,1.992901,-0.9617789,-0.05613217,0.2680132,-0.07958189,0.9938158,-0.07744069,-0.2620088,-0.0958098,-0.9602981,static,-8.751829,-2.459262,-18.08003,5.985717,-1.53488971198761,-0.0724994144114461,12.5830443139505,17.61941126354269,167.6396289030769
05/18/2023 18:41:21.220273,3741,True,True,True,True,Eyes,2.515889,0.03387323,-3.139275,0.1451466,0.04276061,-0.9884857,0.0,0.0,0.0,0.0,0.0,0.0,0.0,3.281652,-0.08062164,-2.363416,2.473879,0.02748623,-3.200099,-0.03508444,0.9880751,-0.04573213,-0.1427778,5.76175,196.2816,356.7577,0.6368068,0.009047857,-0.7709699,-0.07420857,-0.003728272,-0.1760151,3.526771,0.2956782,-4.786051,-0.6506113,0.2089601,1.992901,-0.9567675,-0.05627305,0.2853593,-0.08239118,0.9933553,-0.08035499,-0.2789414,-0.1003921,-0.9550465,static,-8.353464,-2.476997,-18.08002,5.985718,-1.163365928110287,-0.0799802172663484,12.892766840068154,17.971251482602177,167.32414332551312
05/18/2023 18:41:21.240535,3742,True,True,True,True,Eyes,2.513452,0.03391159,-3.142657,0.1378317,0.04369842,-0.9894913,0.0,0.0,0.0,0.0,0.0,0.0,0.0,3.320942,-0.07320797,-2.313238,2.467692,0.03096014,-3.208522,-0.03465249,0.9868233,-0.04387762,-0.1518351,5.573457,197.3397,356.8282,0.6356675,0.008985119,-0.7719103,-0.06975606,-0.003504576,-0.1654542,3.518284,0.2846108,-4.799368,-0.6506119,0.20896,1.992901,-0.9514908,-0.05506743,0.3027098,-0.08171609,0.9937479,-0.07607598,-0.2966279,-0.09712183,-0.9500419,static,-7.93002,-2.528682,-18.08004,5.985716,-0.7678227644138413,-0.118665309828764,13.248316093104211,18.356915230722,166.96341791990062
05/18/2023 18:41:21.250627,3743,True,True,True,True,Eyes,2.510841,0.03389587,-3.146242,0.1302678,0.0452989,-0.9904435,0.0,0.0,0.0,0.0,0.0,0.0,0.0,3.355368,-0.05881841,-2.268476,2.461205,0.03492104,-3.217013,-0.03237246,0.9858075,-0.03862098,-0.1601382,4.963081,198.3251,357.0393,0.6345643,0.008929393,-0.7728182,-0.0655707,-0.003294301,-0.155527,3.509137,0.2714774,-4.813544,-0.6506116,0.2089601,1.9929,-0.9466158,-0.05145664,0.3182315,-0.07619543,0.9949209,-0.06577757,-0.3132304,-0.08651385,-0.9457286,static,-7.492805,-2.618654,-18.08003,5.985719,-0.3587134044643854,-0.1928731553966942,13.642747814269455,18.767526819001365,166.56458059997362
05/18/2023 18:41:21.270692,3744,True,True,True,True,Eyes,2.508144,0.03389828,-3.150004,0.1224242,0.04673006,-0.9913772,0.0,0.0,0.0,0.0,0.0,0.0,0.0,3.382576,-0.02379625,-2.233281,2.454511,0.03342747,-3.225552,-0.02891878,0.9850717,-0.02918462,-0.1671704,3.851262,199.1719,357.2876,0.6334876,0.00887858,-0.7737015,-0.06163646,-0.003096643,-0.1461953,3.500155,0.2628057,-4.826298,-0.6506115,0.20896,1.992901,-0.9424355,-0.04721652,0.3310376,-0.06673174,0.9966239,-0.04782915,-0.3276617,-0.0671666,-0.9424046,moving,-7.039762,-2.698725,-18.08003,5.985717,0.0649539380755905,-0.2574509562426605,14.046602805062442,19.188996540801092,166.15615820409383
05/18/2023 18:41:21.290719,3745,True,True,True,True,Eyes,2.505305,0.03406794,-3.153947,0.1143113,0.04803549,-0.992283,0.0,0.0,0.0,0.0,0.0,0.0,0.0,3.412139,-0.03239588,-2.191926,2.448379,0.03380967,-3.233045,-0.02930416,0.9837367,-0.03140051,-0.1744058,4.128942,200.0101,357.3162,0.6324317,0.008832633,-0.7745654,-0.05793827,-0.002910845,-0.1374236,3.483816,0.2438993,-4.841739,-0.6463164,0.20896,1.992901,-0.9374475,-0.04670229,0.344979,-0.06860801,0.9963105,-0.05155801,-0.3412984,-0.07200127,-0.9371932,moving,-6.571525,-2.771471,-17.96836,5.985715,0.5026379633001321,-0.3148244555172708,14.372757378311965,19.516007870227135,165.82423611179829
05/18/2023 18:41:21.310323,3746,True,True,True,True,Eyes,2.429564,0.03863729,-3.257587,-0.09408422,0.08790056,-0.9916762,0.0,0.0,0.0,0.0,0.0,0.0,0.0,3.440174,-0.02495623,-2.153454,2.442242,0.03828706,-3.241415,-0.03194276,0.982367,-0.03240206,-0.1813417,4.315388,200.8073,357.0679,0.6313908,0.008795229,-0.7754146,-0.05446197,-0.002736194,-0.1291782,3.464865,0.2336376,-4.857241,-0.6419214,0.20896,1.992901,-0.9321896,-0.05100735,0.3583583,-0.07451072,0.9958596,-0.05207631,-0.3542182,-0.07524653,-0.9321306,moving,5.419654,-5.065366,-17.85396,5.985717,11.719650128667991,-2.1874780656194064,25.764074679558842,30.682234821197746,154.39831114571456
05/18/2023 18:41:21.321089,3747,True,True,True,True,Eyes,2.42929,0.0386281,-3.257876,-0.09455301,0.08784401,-0.9916366,0.0,0.0,0.0,0.0,0.0,0.0,0.0,3.45685,0.02871887,-2.131802,2.434771,0.03856248,-3.25048,-0.02951665,0.9818275,-0.02003653,-0.1863922,2.885959,201.4255,357.1021,0.6279957,0.008869441,-0.778166,-0.2784181,0.01113602,-0.432347,3.444572,0.2270423,-4.872547,-0.6375278,0.20896,1.9929,-0.9287733,-0.05049122,0.3671928,-0.06542983,0.9974546,-0.02834149,-0.3648272,-0.05034819,-0.9297129,moving,5.446712,-5.062325,-17.73944,5.985717,11.744803517829492,-2.184012139261263,25.68378625905589,30.5951808301171,154.4773927780662
05/18/2023 18:41:21.340213,3748,True,True,True,True,Eyes,2.428706,0.03862828,-3.258463,-0.09560446,0.08713482,-0.9915983,0.0,0.0,0.0,0.0,0.0,0.0,0.0,3.478534,0.02625208,-2.099727,2.428,0.03808433,-3.257777,-0.02925586,0.9806986,-0.0204771,-0.1922371,2.94698,202.108,357.1584,0.6250117,0.008933571,-0.780564,-0.261713,0.01046786,-0.4064062,3.423195,0.2160996,-4.888313,-0.6334049,0.2089601,1.992902,-0.9243779,-0.04950944,0.3782514,-0.06525526,0.9974496,-0.02891559,-0.3758551,-0.05141184,-0.9252512,moving,5.507122,-5.021859,-17.63184,5.985715,11.80031491594438,-2.144751532954745,25.623782855053232,30.534508822636173,154.5357164783831
05/18/2023 18:41:21.350803,3749,True,True,True,True,Eyes,2.427853,0.03865199,-3.259331,-0.09713709,0.08665957,-0.991491,0.0,0.0,0.0,0.0,0.0,0.0,0.0,3.504076,0.03070227,-2.061623,2.421047,0.03843258,-3.266013,-0.0323973,0.9791847,-0.02332408,-0.1990067,3.357835,202.8851,356.8899,0.6223024,0.008991159,-0.7827249,-0.2460102,0.009839788,-0.3820218,3.400804,0.2040284,-4.903799,-0.6290261,0.20896,1.992901,-0.9186933,-0.05416258,0.39124,-0.07272918,0.9968128,-0.0327826,-0.3882174,-0.05857172,-0.9197045,moving,5.595452,-4.995145,-17.51743,5.985715,11.882105189737851,-2.1177241203790054,25.588759264284853,30.495875048116314,154.5692206622978
05/18/2023 18:41:21.370738,3750,True,True,True,True,Eyes,2.426755,0.03867627,-3.260482,-0.09926727,0.08581769,-0.9913533,0.0,0.0,0.0,0.0,0.0,0.0,0.0,3.525898,0.05681577,-2.027323,2.413808,0.03900062,-3.273718,-0.03421798,0.9778901,-0.02066516,-0.2052636,3.122097,203.6176,356.6448,0.6198344,0.009043446,-0.7846802,-0.2312496,0.0092494,-0.3591005,3.37768,0.1851083,-4.91996,-0.6247109,0.2089601,1.992902,-0.9133921,-0.05843925,0.4028647,-0.07540646,0.9968041,-0.02636909,-0.4000362,-0.05446391,-0.9148797,moving,5.718143,-4.947544,-17.40454,5.985714,11.995511034623073,-2.070359093462076,25.577228145619163,30.483820536895387,154.57897649487194
05/18/2023 18:41:21.390550,3751,True,True,True,True,Eyes,2.425402,0.0387133,-3.26188,-0.1019678,0.08501636,-0.9911482,0.0,0.0,0.0,0.0,0.0,0.0,0.0,3.552097,0.06909342,-1.984474,2.406394,0.03905202,-3.281469,-0.03567,0.9762747,-0.0203116,-0.21261,3.142931,204.4756,356.4969,0.6175779,0.009090966,-0.7864569,-0.2173747,0.008694436,-0.3375545,3.353177,0.1737629,-4.935393,-0.6203427,0.20896,1.992901,-0.9070495,-0.06101055,0.4165805,-0.07828434,0.9966302,-0.0244918,-0.4136824,-0.05482699,-0.9087692,moving,5.873837,-4.902582,-17.29012,5.985716,12.139718638709038,-2.024708725839428,25.595388983851233,30.500529611611523,154.55909922633563
05/18/2023 18:41:21.400680,3752,True,True,True,True,Eyes,2.4238,0.03875573,-3.263509,-0.1052654,0.08404613,-0.9908862,0.0,0.0,0.0,0.0,0.0,0.0,0.0,3.580178,0.08095114,-1.936408,2.399049,0.03940727,-3.288908,-0.03712644,0.9744601,-0.02003764,-0.220562,3.177484,205.406,356.3527,0.6155053,0.009134518,-0.7880794,-0.2043322,0.00817277,-0.3173012,3.328835,0.1640368,-4.949975,-0.6159481,0.2089601,1.992901,-0.899948,-0.0635174,0.4313457,-0.08119557,0.9964403,-0.0226744,-0.42837,-0.05542913,-0.9019018,moving,6.063991,-4.848175,-17.17487,5.985717,12.31585366188381,-1.9694286023042915,25.64016139662512,30.544837921577763,154.51252211899182
05/18/2023 18:41:21.420759,3753,True,True,True,True,Eyes,2.421944,0.03878592,-3.265368,-0.1091007,0.08324564,-0.9905389,0.0,0.0,0.0,0.0,0.0,0.0,0.0,3.606358,0.0955674,-1.889827,2.391611,0.03959967,-3.296214,-0.03814327,0.9726753,-0.01876354,-0.2282452,3.090526,206.3102,356.2311,0.6135926,0.009174633,-0.7895692,-0.1920722,0.007682404,-0.2982631,3.302564,0.1608264,-4.964731,-0.6115819,0.2089601,1.992901,-0.8928984,-0.06563666,0.4454483,-0.0827674,0.9963861,-0.01908963,-0.4425855,-0.0539137,-0.8951042,moving,6.285379,-4.803892,-17.06021,5.985717,12.521285805735932,-1.922909865969447,25.718323975908735,30.62043881151781,154.43277282783438
05/18/2023 18:41:21.440614,3754,True,True,True,True,Eyes,2.419854,0.03878937,-3.267423,-0.1135371,0.08225368,-0.9901231,0.0,0.0,0.0,0.0,0.0,0.0,0.0,3.633325,0.1131292,-1.839664,2.383779,0.03931873,-3.303673,-0.03901466,0.9707275,-0.01687035,-0.2363927,2.934747,207.273,356.109,0.6118175,0.009211353,-0.7909451,-0.1805479,0.00722146,-0.2803673,3.274736,0.1637726,-4.979165,-0.6067539,0.20896,1.9929,-0.8851929,-0.06776915,0.4602622,-0.08372127,0.9963865,-0.01430746,-0.4576294,-0.05119859,-0.887668,moving,6.541515,-4.748897,-16.93328,5.985719,12.758889400430949,-1.8655688228034928,25.812748419327242,30.71266260323892,154.33657186521575
05/18/2023 18:41:21.450625,3755,True,True,True,True,Eyes,2.417537,0.03878209,-3.269655,-0.1185182,0.08116474,-0.9896291,0.0,0.0,0.0,0.0,0.0,0.0,0.0,3.661236,0.1166648,-1.785472,2.376019,0.03869034,-3.310469,-0.03864696,0.9686446,-0.0162556,-0.2448874,2.890085,208.2789,356.1587,0.6101605,0.009244365,-0.7922235,-0.169715,0.006788172,-0.2635453,3.246431,0.168963,-4.993843,-0.6028689,0.20896,1.992901,-0.877073,-0.06690875,0.4756742,-0.08283192,0.9964843,-0.0125635,-0.4731613,-0.05042012,-0.8795318,moving,6.829232,-4.688638,-16.831,5.985714,13.025818101476636,-1.802577499723907,25.956663285440367,30.85590821268002,154.19111497883577
05/18/2023 18:41:21.470803,3756,True,True,True,True,Eyes,2.414996,0.03878696,-3.272037,-0.1240419,0.07973327,-0.9890683,0.0,0.0,0.0,0.0,0.0,0.0,0.0,3.690353,0.1111608,-1.727001,2.368382,0.03845019,-3.317058,-0.03857222,0.9663221,-0.01766959,-0.2538143,3.07995,209.3325,356.2346,0.6086047,0.00927378,-0.793419,-0.1595321,0.006380882,-0.2477326,3.216214,0.1659016,-5.008604,-0.5985462,0.20896,1.9929,-0.8681814,-0.06557678,0.4918957,-0.08351595,0.9963999,-0.01456867,-0.4891695,-0.05372938,-0.8705326,moving,7.148307,-4.608906,-16.71708,5.98572,13.321591415510856,-1.720640865205424,26.111353789867827,31.011445922333234,154.0345576526345
05/18/2023 18:41:21.490567,3757,True,True,True,True,Eyes,2.41226,0.0388291,-3.274567,-0.1300303,0.07817579,-0.9884233,0.0,0.0,0.0,0.0,0.0,0.0,0.0,3.718071,0.1077541,-1.668668,2.360897,0.03886227,-3.323367,-0.03982814,0.9638723,-0.02019107,-0.2625956,3.430664,210.3655,356.1989,0.6071346,0.009300262,-0.7945441,-0.1499602,0.005998029,-0.2328686,3.184578,0.1581985,-5.023698,-0.5941559,0.2089601,1.992901,-0.8589146,-0.06617431,0.5078255,-0.08738264,0.9960121,-0.01800583,-0.5046088,-0.05984061,-0.8612717,moving,7.494411,-4.52219,-16.60122,5.985718,13.642415420582289,-1.6315481779591323,26.287174892419024,31.18814241789626,153.85683552884245
05/18/2023 18:41:21.500643,3758,True,True,True,True,Eyes,2.409315,0.0388475,-3.277226,-0.1363563,0.07660676,-0.9876935,0.0,0.0,0.0,0.0,0.0,0.0,0.0,3.743583,0.1069468,-1.612673,2.353531,0.03987309,-3.329544,-0.04116541,0.9614487,-0.0222229,-0.2709765,3.729268,211.3545,356.1436,0.6057375,0.009325021,-0.7956095,-0.1409626,0.005638148,-0.2188965,3.153033,0.1599514,-5.038033,-0.590055,0.20896,1.9929,-0.8497546,-0.06711308,0.5228896,-0.09120061,0.9956231,-0.02042265,-0.5192303,-0.06504209,-0.8521561,moving,7.860299,-4.435054,-16.49289,5.985717,13.98166544503296,-1.5416094391007076,26.489059679500933,31.390431231398725,153.65320018869951
05/18/2023 18:41:21.520529,3759,True,True,True,True,Eyes,2.406179,0.03883814,-3.28,-0.1430498,0.07480796,-0.9868842,0.0,0.0,0.0,0.0,0.0,0.0,0.0,3.765654,0.1141453,-1.561732,2.346042,0.03941355,-3.335673,-0.04191079,0.9592099,-0.02222623,-0.2786859,3.784223,212.2719,356.0915,0.6044012,0.00934765,-0.7966248,-0.1325048,0.005299859,-0.2057627,3.120916,0.1569463,-5.052082,-0.5857193,0.20896,1.992902,-0.8411554,-0.06801421,0.5364996,-0.09279077,0.995499,-0.01927934,-0.5327736,-0.06599914,-0.8436803,moving,8.247634,-4.334854,-16.37821,5.985714,14.340648344852823,-1.4389513372458311,26.701054596306868,31.603384524149206,153.43929349077237
05/18/2023 18:41:21.540398,3760,True,True,True,True,Eyes,2.402869,0.03883345,-3.282881,-0.1507006,0.07288838,-0.9858888,0.0,0.0,0.0,0.0,0.0,0.0,0.0,3.786995,0.110396,-1.510415,2.338499,0.03878086,-3.341374,-0.04354165,0.9568099,-0.02555351,-0.286297,4.234079,213.1704,356.0504,0.6031156,0.009367686,-0.7975984,-0.1245545,0.004981867,-0.1934169,3.088561,0.1527859,-5.065917,-0.5813938,0.2089601,1.992902,-0.8322765,-0.06869037,0.5500889,-0.09795396,0.9949023,-0.02396802,-0.5456384,-0.07383139,-0.8347623,moving,8.690825,-4.228279,-16.26367,5.985715,14.751553674285146,-1.32904729016446,26.963910957742407,31.866123813974454,153.17457141037607
05/18/2023 18:41:21.555626,3761,True,True,True,True,Eyes,2.399384,0.03884641,-3.285869,-0.1586401,0.07092322,-0.9847859,0.0,0.0,0.0,0.0,0.0,0.0,0.0,3.808475,0.1055393,-1.45695,2.331139,0.0390273,-3.347028,-0.04581049,0.9542166,-0.02983173,-0.2940783,4.811371,214.0883,355.9787,0.6018712,0.00938551,-0.7985376,-0.1170813,0.004682955,-0.1818119,3.056476,0.1507146,-5.079134,-0.5769659,0.20896,1.992901,-0.8228387,-0.06988054,0.5639621,-0.104972,0.994023,-0.02998812,-0.5584956,-0.08387561,-0.8252559,moving,9.151215,-4.119269,-16.14629,5.985717,15.178437731819129,-1.216470257347969,27.241044423538924,32.142029630415436,152.89560353228512
05/18/2023 18:41:21.570705,3762,True,True,True,True,Eyes,2.395724,0.03885962,-3.288935,-0.1672216,0.06914505,-0.9834917,0.0,0.0,0.0,0.0,0.0,0.0,0.0,3.827597,0.1053356,-1.406875,2.323559,0.03949007,-3.352671,-0.04641671,0.9518518,-0.03102478,-0.3014316,4.993627,214.9689,355.9903,0.6006601,0.009401782,-0.7994487,-0.1100564,0.004401978,-0.1709032,3.024168,0.1479921,-5.092137,-0.5726625,0.2089601,1.992901,-0.813969,-0.06965997,0.5767166,-0.1070674,0.9937659,-0.03107906,-0.5709563,-0.08704492,-0.816353,moving,9.649632,-4.021601,-16.03207,5.985717,15.640971780673214,-1.113639191067663,27.562587526753145,32.4589345784473,152.5725638504307
05/18/2023 18:41:21.590311,3763,True,True,True,True,Eyes,2.300039,0.03963711,-3.367595,-0.3831262,0.02239032,-0.9234246,0.0,0.0,0.0,0.0,0.0,0.0,0.0,3.84475,0.1050146,-1.359328,2.315964,0.03959089,-3.357922,-0.04665581,0.9495817,-0.03182328,-0.3083914,5.118397,215.8064,356.0288,0.5994751,0.009416675,-0.8003376,-0.103453,0.004137859,-0.160649,2.992015,0.1492873,-5.10451,-0.5683181,0.20896,1.992902,-0.8054362,-0.06897895,0.5886551,-0.1082351,0.9936211,-0.03166112,-0.5827162,-0.08921412,-0.8077644,moving,22.53342,-1.388981,-15.91662,5.985713,27.595134443771933,1.6455375525471263,39.15088361193443,43.72767885092667,140.96468704880849
05/18/2023 18:41:21.600243,3764,True,True,True,True,Eyes,2.299665,0.0396399,-3.367751,-0.3839399,0.02265538,-0.9230801,0.0,0.0,0.0,0.0,0.0,0.0,0.0,3.86165,0.1066829,-1.31008,2.308205,0.04007223,-3.363125,-0.04726921,0.9471748,-0.0326631,-0.3155292,5.2617,216.6661,356.0306,0.595646,0.009451879,-0.8031911,-0.3842987,0.006222059,-0.3869908,2.959832,0.1442523,-5.116595,-0.564046,0.20896,1.992901,-0.7964141,-0.06893209,0.6008105,-0.1101567,0.9933975,-0.0320457,-0.5946347,-0.09170495,-0.7987491,moving,22.58406,-1.405942,-15.80298,5.985717,27.64264465740297,1.630820749537128,39.09221741899378,43.6633418696306,141.02319604619396
05/18/2023 18:41:21.626064,3765,True,True,True,True,Eyes,2.298971,0.03964205,-3.368104,-0.3851903,0.02294828,-0.9225518,0.0,0.0,0.0,0.0,0.0,0.0,0.0,3.875702,0.1125005,-1.267189,2.300427,0.04024892,-3.368366,-0.04692959,0.9450904,-0.03138376,-0.321896,5.136792,217.4405,356.0562,0.5924256,0.0094804,-0.8055691,-0.3612408,0.005848735,-0.3637714,2.926841,0.1364274,-5.128448,-0.5596467,0.20896,1.9929,-0.7883614,-0.06850079,0.6113874,-0.10891,0.9936253,-0.02910809,-0.605496,-0.08953388,-0.7907963,moving,22.66186,-1.424927,-15.68582,5.985718,27.715500511545255,1.614831185226339,39.05716606076822,43.62085824113781,141.0581627358301
05/18/2023 18:41:21.640860,3766,True,True,True,True,Eyes,2.297961,0.03964372,-3.368631,-0.387176,0.02338694,-0.9217092,0.0,0.0,0.0,0.0,0.0,0.0,0.0,3.88833,0.112231,-1.226542,2.292081,0.0402144,-3.373552,-0.04611154,0.9430633,-0.03069993,-0.3279681,5.057198,218.1822,356.1528,0.5895888,0.009504963,-0.8076473,-0.3395663,0.005497811,-0.3419451,2.895071,0.139586,-5.139631,-0.555329,0.20896,1.992902,-0.7806215,-0.06683499,0.6214206,-0.1071094,0.9938625,-0.02765773,-0.6157582,-0.08815019,-0.7829891,moving,22.78548,-1.45348,-15.57068,5.985714,27.831233570145443,1.5909345880668098,39.070917794636415,43.62384884016914,141.04457337834498
05/18/2023 18:41:21.650785,3767,True,True,True,True,Eyes,2.296658,0.03964432,-3.369317,-0.3895382,0.02395593,-0.9206988,0.0,0.0,0.0,0.0,0.0,0.0,0.0,3.90027,0.1151226,-1.186234,2.283804,0.04018884,-3.378629,-0.04537916,0.9410287,-0.02945883,-0.333973,4.919386,218.9172,356.2173,0.5870072,0.009527047,-0.8095253,-0.3191923,0.005167942,-0.3214284,2.861428,0.1416472,-5.150685,-0.550824,0.20896,1.992901,-0.7728056,-0.06572927,0.6312299,-0.1050831,0.9941458,-0.02513238,-0.6258826,-0.08575403,-0.7751885,moving,22.93273,-1.490459,-15.45043,5.985715,27.96914600315798,1.5596919140837366,39.10447735571819,43.64457882316057,141.01136081224837
05/18/2023 18:41:21.670357,3768,True,True,True,True,Eyes,2.295084,0.03963247,-3.370173,-0.392591,0.02454003,-0.9193857,0.0,0.0,0.0,0.0,0.0,0.0,0.0,3.91118,0.1196857,-1.146344,2.275492,0.04012258,-3.383236,-0.04436113,0.9390234,-0.02746037,-0.3398723,4.687789,219.6424,356.281,0.5846493,0.009546905,-0.8112295,-0.3000408,0.004857866,-0.3021427,2.826352,0.1366565,-5.161782,-0.5465479,0.20896,1.9929,-0.765038,-0.06464624,0.6407323,-0.1019783,0.994556,-0.02141763,-0.6358597,-0.0817261,-0.7674656,moving,23.12319,-1.528962,-15.33616,5.985718,28.14734934228982,1.5280119305824735,39.18663060183792,43.71140272425867,140.92970814934068
05/18/2023 18:41:21.690368,3769,True,True,True,True,Eyes,2.293237,0.03961292,-3.371166,-0.3959642,0.02497304,-0.9179263,0.0,0.0,0.0,0.0,0.0,0.0,0.0,3.921897,0.1219599,-1.106086,2.267112,0.03976414,-3.387949,-0.04408371,0.9368886,-0.02699514,-0.3457857,4.650067,220.3667,356.3222,0.5824879,0.009564468,-0.8127828,-0.2820384,0.004566394,-0.2840141,2.791179,0.1303198,-5.172497,-0.5423542,0.2089601,1.992901,-0.7569779,-0.06393399,0.6503054,-0.1012721,0.9946558,-0.02009584,-0.6455452,-0.08106991,-0.7594072,moving,23.33383,-1.5584,-15.22396,5.985718,28.34418175954473,1.5052790962712752,39.28889011008104,43.79791443835918,140.8278684797436
05/18/2023 18:41:21.700699,3770,True,True,True,True,Eyes,2.291126,0.03958912,-3.372298,-0.3999085,0.02525063,-0.9162072,0.0,0.0,0.0,0.0,0.0,0.0,0.0,3.931857,0.1195264,-1.066635,2.258735,0.03958137,-3.39235,-0.04442333,0.9346976,-0.02832237,-0.3515181,4.828696,221.067,356.3674,0.5804973,0.009579801,-0.8142055,-0.2651161,0.00429241,-0.2669733,2.755309,0.1278447,-5.182719,-0.5378658,0.20896,1.992901,-0.7489235,-0.0631331,0.6596425,-0.1029564,0.9944488,-0.02171449,-0.6546099,-0.0841769,-0.7512661,moving,23.58043,-1.57867,-15.10375,5.985718,28.574344562921752,1.4919510754800909,39.41682062377613,43.90865388302679,140.70026302438347
05/18/2023 18:41:21.720956,3771,True,True,True,True,Eyes,2.288751,0.03954977,-3.373549,-0.4041127,0.02552021,-0.9143531,0.0,0.0,0.0,0.0,0.0,0.0,0.0,3.940535,0.124934,-1.029441,2.250193,0.03944395,-3.396799,-0.0448839,0.9325947,-0.02814262,-0.3570164,4.849567,221.7407,356.3391,0.5786548,0.009593041,-0.8155159,-0.2492091,0.004034866,-0.2509549,2.719003,0.1289538,-5.192546,-0.5335768,0.20896,1.992901,-0.7410496,-0.06362222,0.6684294,-0.1038117,0.9943869,-0.02044273,-0.6633768,-0.08453988,-0.7434947,moving,23.84379,-1.598748,-14.98875,5.985717,28.82012009790475,1.4791864614367651,39.56627695636556,44.040049009397066,140.5512131762431
05/18/2023 18:41:21.740394,3772,True,True,True,True,Eyes,2.286135,0.03951379,-3.374917,-0.4088774,0.02562528,-0.9122294,0.0,0.0,0.0,0.0,0.0,0.0,0.0,3.948349,0.1317742,-0.9928718,2.241512,0.03903621,-3.400986,-0.04540826,0.930494,-0.02779626,-0.3624176,4.855439,222.4037,356.2968,0.5769411,0.009604029,-0.816729,-0.2342566,0.003792774,-0.2358976,2.683199,0.1146646,-5.202168,-0.5291072,0.20896,1.992901,-0.7331836,-0.06435654,0.6769792,-0.1046519,0.9943309,-0.01881499,-0.6719306,-0.08464201,-0.735762,moving,24.14277,-1.609063,-14.86878,5.985717,29.098897798529727,1.4763758187387055,39.743951950591175,44.19831273798066,140.3738341696317
05/18/2023 18:41:21.750310,3773,True,True,True,True,Eyes,2.283262,0.03945166,-3.376393,-0.4138576,0.02593629,-0.9099721,0.0,0.0,0.0,0.0,0.0,0.0,0.0,3.955527,0.1380291,-0.9568772,2.232843,0.03905796,-3.404959,-0.04592237,0.9284005,-0.0274602,-0.3677089,4.862238,223.0547,356.2554,0.5753381,0.009613092,-0.817859,-0.2202012,0.003565207,-0.2217437,2.648884,0.0995208,-5.211587,-0.5248505,0.2089601,1.9929,-0.7253628,-0.06507397,0.6852842,-0.1054634,0.9942741,-0.01721599,-0.68024,-0.08476023,-0.7280724,moving,24.45616,-1.632619,-14.7544,5.98572,29.39135639382532,1.4615010113982858,39.94379932646019,44.37698012528335,140.17460431289774
05/18/2023 18:41:21.770567,3774,True,True,True,True,Eyes,2.280158,0.03933233,-3.377964,-0.4191974,0.02619092,-0.9075173,0.0,0.0,0.0,0.0,0.0,0.0,0.0,3.961965,0.1509623,-0.9213338,2.223812,0.03832924,-3.409106,-0.0455893,0.9263772,-0.02462795,-0.3730153,4.567905,223.7137,356.1983,0.5738284,0.009619799,-0.8189188,-0.2069891,0.003351295,-0.2084391,2.615745,0.08666676,-5.220128,-0.5205281,0.20896,1.992901,-0.7175624,-0.06609257,0.6933512,-0.102839,0.9946302,-0.01161853,-0.6888601,-0.07964055,-0.7205061,moving,24.793,-1.653095,-14.63813,5.985717,29.705605814067237,1.4500460376337156,40.16423112482354,44.57509637708753,139.9548167735729
05/18/2023 18:41:21.790648,3775,True,True,True,True,Eyes,2.276826,0.03917935,-3.379608,-0.4246847,0.0263484,-0.9049579,0.0,0.0,0.0,0.0,0.0,0.0,0.0,3.967685,0.15408,-0.8875175,2.214917,0.03665786,-3.412733,-0.04452025,0.9244422,-0.02300444,-0.3780152,4.369669,224.338,356.2668,0.5723984,0.009622995,-0.8199188,-0.1945698,0.003150217,-0.1959327,2.580431,0.07105424,-5.228363,-0.5158668,0.20896,1.992902,-0.7102452,-0.06492075,0.7009546,-0.09970484,0.9949775,-0.008873884,-0.696858,-0.0761912,-0.7131507,moving,25.14004,-1.66773,-14.51259,5.985713,30.02924715408315,1.4442919599140662,40.384480381343884,44.772756918959075,139.73510411896368
05/18/2023 18:41:21.800547,3776,True,True,True,True,Eyes,2.273279,0.03898204,-3.381339,-0.4305087,0.02636968,-0.9022012,0.0,0.0,0.0,0.0,0.0,0.0,0.0,3.972958,0.153866,-0.8547711,2.206121,0.03571358,-3.416205,-0.04479201,0.9224232,-0.02385889,-0.3828315,4.491521,224.9344,356.2981,0.5710361,0.009622226,-0.8208682,-0.1828956,0.002961204,-0.1841768,2.543097,0.05581235,-5.236196,-0.5117834,0.20896,1.992902,-0.7028677,-0.06436651,0.7084026,-0.1009023,0.9948488,-0.009720406,-0.7041278,-0.07831156,-0.7057418,moving,25.50935,-1.674174,-14.40251,5.985714,30.373481739896185,1.446714782361601,40.64025655470379,45.00546578126898,139.47984376529803
05/18/2023 18:41:21.820824,3777,True,True,True,True,Eyes,2.269511,0.0387507,-3.383101,-0.4364117,0.02644203,-0.8993585,0.0,0.0,0.0,0.0,0.0,0.0,0.0,3.977066,0.1555736,-0.8244824,2.196972,0.03451411,-3.419525,-0.0442008,0.92057,-0.02306979,-0.387382,4.400051,225.503,356.3481,0.5697298,0.00961681,-0.8217756,-0.1719218,0.002783532,-0.1731262,2.504117,0.0639181,-5.243732,-0.5073757,0.20896,1.992901,-0.6959629,-0.06350622,0.715264,-0.09925351,0.9950282,-0.008229535,-0.7111852,-0.0767199,-0.698806,moving,25.88488,-1.684067,-14.28358,5.985718,30.72357811275222,1.4460516112478408,40.89414115393335,45.23552644003875,139.22656394963988
05/18/2023 18:41:21.840209,3778,True,True,True,True,Eyes,2.265524,0.03848328,-3.384909,-0.4425974,0.02635873,-0.8963329,0.0,0.0,0.0,0.0,0.0,0.0,0.0,3.980319,0.1524366,-0.795671,2.187934,0.03344357,-3.422148,-0.04305458,0.9188218,-0.02247153,-0.391673,4.302447,226.042,356.4632,0.5684701,0.0096064,-0.8226475,-0.1616065,0.00261652,-0.1627386,2.463904,0.07402912,-5.250153,-0.5026275,0.2089599,1.992899,-0.6894771,-0.061516,0.7216904,-0.09672196,0.9952826,-0.007568027,-0.7178205,-0.0750213,-0.6921746,moving,26.27956,-1.684429,-14.15531,5.985719,31.091334899812075,1.4547482022779654,41.15592159408904,45.47294328564515,138.96520122735052
05/18/2023 18:41:21.860264,3779,True,True,True,True,Eyes,2.261321,0.03816281,-3.386742,-0.4488227,0.02626965,-0.8932346,0.0,0.0,0.0,0.0,0.0,0.0,0.0,3.98322,0.1516078,-0.768043,2.178714,0.03230296,-3.425066,-0.0425296,0.9170532,-0.0222767,-0.3958642,4.274202,226.5673,356.5295,0.5672476,0.009590625,-0.8234912,-0.1519101,0.002459529,-0.1529743,2.420647,0.0711616,-5.256164,-0.4987257,0.2089599,1.9929,-0.6829657,-0.06036672,0.7279519,-0.09564091,0.9953899,-0.007185943,-0.7241623,-0.07452972,-0.6855907,moving,26.67811,-1.684559,-14.04979,5.985717,31.462693172841504,1.463750549852246,41.443877380454836,45.736575135600646,138.67778250128018
05/18/2023 18:41:21.870840,3780,True,True,True,True,Eyes,2.256937,0.03780995,-3.388629,-0.4553134,0.02575708,-0.8899586,0.0,0.0,0.0,0.0,0.0,0.0,0.0,3.985334,0.1491595,-0.7418828,2.169365,0.03070323,-3.427598,-0.04190713,0.9153452,-0.02237432,-0.3998584,4.271016,227.069,356.6182,0.5660553,0.009568747,-0.8243113,-0.1427955,0.002311957,-0.1437958,2.373574,0.06279516,-5.261221,-0.4941787,0.20896,1.992902,-0.6767145,-0.05882585,0.7338921,-0.0946121,0.9954863,-0.007446623,-0.7301415,-0.07447429,-0.6792256,moving,27.09482,-1.657785,-13.92669,5.985713,31.850455975593626,1.4983517502737884,41.7275370032321,45.99655970457304,138.39407085370365
05/18/2023 18:41:21.890355,3781,True,True,True,True,Eyes,2.252325,0.03733927,-3.390558,-0.4618304,0.02510759,-0.8866128,0.0,0.0,0.0,0.0,0.0,0.0,0.0,3.987567,0.1443516,-0.7155976,2.160169,0.02961972,-3.430219,-0.04300592,0.9134686,-0.02544051,-0.4038298,4.658256,227.5631,356.6627,0.5648861,0.009540586,-0.8251133,-0.1342278,0.002173239,-0.1351681,2.325772,0.072047,-5.266111,-0.4900797,0.2089601,1.992902,-0.6701438,-0.05802183,0.7399598,-0.09911638,0.9950066,-0.01174407,-0.7355835,-0.08121236,-0.6725485,moving,27.51469,-1.6221,-13.81562,5.985717,32.240992136093475,1.5413663103109387,42.02467613440452,46.27054975367693,138.09675615419167
05/18/2023 18:41:21.910258,3782,True,True,True,True,Eyes,2.247555,0.03680927,-3.392513,-0.4684914,0.02342212,-0.8831576,0.0,0.0,0.0,0.0,0.0,0.0,0.0,3.989365,0.1411327,-0.6900015,2.150141,0.02634966,-3.433257,-0.04317595,0.9116238,-0.02725955,-0.4078416,4.871356,228.0672,356.7502,0.5637331,0.009503886,-0.8259019,-0.1261741,0.002042845,-0.127058,2.280871,0.09540164,-5.270083,-0.4857566,0.20896,1.992901,-0.6636019,-0.0564853,0.7459502,-0.1009556,0.9947855,-0.014483,-0.7412423,-0.08491881,-0.6658441,moving,27.94475,-1.519179,-13.69837,5.985715,32.639732561910265,1.6475494726748234,42.313979690944166,46.540728713467594,137.8058356885369
05/18/2023 18:41:21.921057,3783,True,True,True,True,Eyes,2.123967,0.02405137,-3.44193,-0.6254705,-0.04009417,-0.779217,0.0,0.0,0.0,0.0,0.0,0.0,0.0,3.992214,0.1137954,-0.6601925,2.140667,0.02388465,-3.435629,-0.04685063,0.9091164,-0.03959211,-0.4120013,6.349483,228.5908,356.9684,0.5625917,0.009458053,-0.8266804,-0.1186037,0.001920274,-0.1194345,2.241439,0.1305647,-5.273091,-0.481592,0.20896,1.992901,-0.6561201,-0.05256134,0.7528239,-0.1178093,0.992475,-0.03338264,-0.7454043,-0.1105927,-0.657375,moving,38.7537,2.945524,-13.58529,5.985717,42.62546678903976,6.074122600765193,52.427212854560075,56.21082630905568,127.69197263237888
05/18/2023 18:41:21.940445,3784,True,True,True,True,Eyes,2.123633,0.02408149,-3.442077,-0.6257918,-0.04010122,-0.7789586,0.0,0.0,0.0,0.0,0.0,0.0,0.0,3.992951,0.1199635,-0.6375527,2.131955,0.02485532,-3.437829,-0.05622071,0.9064651,-0.05228306,-0.4152433,8.133268,228.9832,356.6119,0.5585145,0.009077279,-0.8294448,-0.4822503,-0.03646863,-0.2605195,2.201231,0.1207943,-5.276178,-0.4772118,0.20896,1.992899,-0.6488248,-0.05850384,0.7586858,-0.1453446,0.9882115,-0.048095,-0.7469282,-0.1414761,-0.6496794,moving,38.77734,2.947016,-13.46626,5.98572,42.64746512776789,6.076060358726837,52.331897184791764,56.11379784950493,127.78678815116392
05/18/2023 18:41:21.950505,3785,True,True,True,True,Eyes,2.122893,0.02411666,-3.4423,-0.6262038,-0.04053214,-0.778605,0.0,0.0,0.0,0.0,0.0,0.0,0.0,3.992457,0.1274841,-0.6208487,2.122579,0.0256906,-3.440264,-0.06121575,0.9045179,-0.05805976,-0.418006,8.986938,229.3224,356.3893,0.5550917,0.008756263,-0.8317427,-0.4533153,-0.03428052,-0.2448883,2.161352,0.1205318,-5.279318,-0.4726516,0.20896,1.992899,-0.6430472,-0.06220281,0.7632962,-0.1592801,0.9857634,-0.05385509,-0.7490795,-0.1562093,-0.6438001,moving,38.80846,2.979979,-13.34221,5.985722,42.67582907045042,6.107627348352519,52.237217311328415,56.01817171429702,127.88153498806345
05/18/2023 18:41:21.970569,3786,True,True,True,True,Eyes,2.121745,0.02417734,-3.4426,-0.6267446,-0.04108163,-0.7781411,0.0,0.0,0.0,0.0,0.0,0.0,0.0,3.991162,0.09512646,-0.6108356,2.112116,0.02592766,-3.442359,-0.06022269,0.9033623,-0.06370287,-0.4198236,9.535541,229.5836,356.7844,0.5521048,0.008477394,-0.8337314,-0.4261163,-0.03222369,-0.230195,2.129034,0.1702997,-5.281204,-0.4683582,0.2089599,1.992899,-0.6402428,-0.05531787,0.7661783,-0.1622937,0.9846303,-0.06452772,-0.7508329,-0.1656594,-0.6393803,moving,38.8493,3.022101,-13.22529,5.985721,42.71307400326764,6.147990013068278,52.1588532003197,55.93859936211016,127.96017297824032
05/18/2023 18:41:21.990394,3787,True,True,True,True,Eyes,2.120216,0.02437082,-3.44301,-0.627732,-0.03954506,-0.7774245,0.0,0.0,0.0,0.0,0.0,0.0,0.0,3.990297,0.05154216,-0.5961809,2.101211,0.02660941,-3.444527,-0.05571866,0.9023385,-0.06654564,-0.4221995,9.621699,229.9322,357.4211,0.5493871,0.008227896,-0.8355271,-0.4005494,-0.03029026,-0.2163833,2.094067,0.1670162,-5.283191,-0.463819,0.20896,1.992899,-0.6372861,-0.04436312,0.7693493,-0.1567452,0.9849342,-0.07304459,-0.7545179,-0.1671421,-0.6346385,moving,38.91917,2.91194,-13.10155,5.98572,42.78029085935659,6.046474880977768,52.11145203126468,55.881873885778184,128.00506721673167
05/18/2023 18:41:22.000569,3788,True,True,True,True,Eyes,2.118287,0.024562,-3.443481,-0.6290051,-0.03739479,-0.7765013,0.0,0.0,0.0,0.0,0.0,0.0,0.0,3.989865,0.03384864,-0.5740814,2.090058,0.02936198,-3.446814,-0.05418664,0.9007238,-0.06777477,-0.4256375,9.684364,230.3896,357.6791,0.5469046,0.00800812,-0.8371563,-0.3765164,-0.02847285,-0.2034003,2.054531,0.1548997,-5.285611,-0.4597396,0.20896,1.9929,-0.6317933,-0.03991942,0.7741085,-0.1553093,0.9849408,-0.07596496,-0.7594185,-0.1682204,-0.6284788,moving,39.00921,2.757123,-12.99024,5.985719,42.86715852778269,5.90362187482218,52.09958380288384,55.85745885939945,128.01393111058587
05/18/2023 18:41:22.021571,3789,True,True,True,True,Eyes,2.116026,0.02473353,-3.443997,-0.6304393,-0.03524373,-0.7754381,0.0,0.0,0.0,0.0,0.0,0.0,0.0,3.988497,0.03707844,-0.5574827,2.07897,0.02925747,-3.449246,-0.05137774,0.8997025,-0.06290672,-0.4288806,9.048154,230.7967,357.7663,0.5446271,0.007815088,-0.8386417,-0.3539254,-0.02676448,-0.1911963,2.016657,0.1653572,-5.285903,-0.4552678,0.20896,1.9929,-0.6268436,-0.03849042,0.7781938,-0.1464083,0.9868062,-0.06912483,-0.7652658,-0.1572645,-0.6242085,moving,39.11147,2.602308,-12.86812,5.985721,42.96541235179369,5.761050494030127,52.089588787939846,55.83398437972204,128.02116833258742
05/18/2023 18:41:22.040658,3790,True,True,True,True,Eyes,2.113481,0.02489856,-3.44463,-0.6321198,-0.03297397,-0.7741687,0.0,0.0,0.0,0.0,0.0,0.0,0.0,3.987157,0.03890529,-0.5389695,2.068784,0.02893606,-3.450902,-0.05079832,0.8982981,-0.06182902,-0.4320385,8.915372,231.1995,357.8049,0.5425282,0.007645675,-0.8400026,-0.3326899,-0.02515861,-0.1797245,1.9748,0.1655665,-5.285603,-0.4511248,0.20896,1.992901,-0.6215244,-0.03783902,0.7824802,-0.1446891,0.9871933,-0.06718812,-0.769917,-0.1549754,-0.6190397,moving,39.23213,2.43891,-12.75485,5.985717,43.080975421536856,5.610866348003945,52.10782982830554,55.83708367667175,128.000383772726
05/18/2023 18:41:22.050432,3791,True,True,True,True,Eyes,2.110612,0.02505394,-3.44532,-0.6338569,-0.03048796,-0.7728492,0.0,0.0,0.0,0.0,0.0,0.0,0.0,3.985805,0.04319564,-0.5237417,2.058534,0.02891559,-3.453174,-0.05079159,0.8969895,-0.06093128,-0.4348765,8.828976,231.5592,357.7889,0.5405842,0.007497373,-0.8412563,-0.3127285,-0.02364909,-0.1689411,1.930404,0.1655329,-5.283737,-0.4467158,0.2089601,1.992902,-0.6166055,-0.03812388,0.7863489,-0.1441142,0.9874151,-0.06513328,-0.7739697,-0.1534856,-0.6143398,moving,39.3571,2.259077,-12.63421,5.985715,43.200869839768,5.445397118104536,52.12469804516036,55.837694115416,127.98110091200161
05/18/2023 18:41:22.070732,3792,True,True,True,True,Eyes,2.107465,0.02530561,-3.446086,-0.6357596,-0.02815446,-0.7713735,0.0,0.0,0.0,0.0,0.0,0.0,0.0,3.983104,0.03928085,-0.516624,2.047928,0.0287701,-3.455245,-0.04809107,0.8963875,-0.05766523,-0.4368656,8.360412,231.814,357.9244,0.5387739,0.007367884,-0.842418,-0.2939648,-0.02223014,-0.1588046,1.887206,0.1693902,-5.281073,-0.4422886,0.20896,1.9929,-0.6136717,-0.03583256,0.788748,-0.1366004,0.9887239,-0.06136212,-0.7776553,-0.1453995,-0.6116467,moving,39.49506,2.090319,-12.51297,5.985719,43.33265535330959,5.290591868759477,52.15370864704542,55.849951412967236,127.95013986686203
05/18/2023 18:41:22.090560,3793,True,True,True,True,Eyes,2.103994,0.02562567,-3.446917,-0.6376185,-0.02540223,-0.7699333,0.0,0.0,0.0,0.0,0.0,0.0,0.0,3.980977,0.02646536,-0.5079856,2.037734,0.0312764,-3.457396,-0.04721275,0.8954473,-0.05862114,-0.4387583,8.419183,232.0674,358.0818,0.5370778,0.00725768,-0.8435014,-0.2763269,-0.02089634,-0.1492763,1.841977,0.1751719,-5.277285,-0.4379867,0.20896,1.992901,-0.6105244,-0.03311203,0.7913051,-0.1359941,0.988669,-0.06355429,-0.7802345,-0.1464142,-0.6081095,moving,39.62978,1.889661,-12.39503,5.985714,43.46203418907874,5.105852894879956,52.1858075123391,55.86399355029289,127.91625812089909
05/18/2023 18:41:22.100603,3794,True,True,True,True,Eyes,2.10024,0.02590941,-3.44779,-0.6396533,-0.02537883,-0.7682445,0.0,0.0,0.0,0.0,0.0,0.0,0.0,3.976672,0.02089782,-0.5134025,2.026467,0.03312357,-3.45981,-0.04322391,0.8956372,-0.0531297,-0.4394804,7.65235,232.1546,358.2234,0.5354783,0.007166571,-0.8445185,-0.2597473,-0.01964256,-0.1403197,1.796093,0.1754487,-5.272192,-0.4336537,0.20896,1.9929,-0.6099771,-0.03072695,0.7918228,-0.1241248,0.9906179,-0.05717774,-0.782637,-0.133162,-0.6080683,moving,39.78133,1.892068,-12.27615,5.985718,43.60319729632002,5.111575378188203,52.21818834728853,55.88618415660543,127.88351718503843
05/18/2023 18:41:22.121085,3795,True,True,True,True,Eyes,2.09623,0.02618488,-3.448701,-0.641699,-0.02555586,-0.7665306,0.0,0.0,0.0,0.0,0.0,0.0,0.0,3.971709,0.02255559,-0.5207839,2.015731,0.03306695,-3.461493,-0.04032825,0.8958459,-0.04812165,-0.4399069,6.990256,232.2014,358.2727,0.5339608,0.007091798,-0.8454794,-0.2441624,-0.018464,-0.1319005,1.748807,0.1677351,-5.266175,-0.4293368,0.20896,1.992901,-0.6097111,-0.02991771,0.7920589,-0.1145939,0.9921159,-0.05073782,-0.7842962,-0.1217005,-0.6083326,moving,39.93429,1.909514,-12.15759,5.985715,43.74538555592047,5.131407187349312,52.2511184236931,55.90950292968627,127.85032154364326
05/18/2023 18:41:22.140568,3796,True,True,True,True,Eyes,2.09199,0.02651588,-3.449688,-0.6438717,-0.0259419,-0.7646936,0.0,0.0,0.0,0.0,0.0,0.0,0.0,3.96869,0.02560471,-0.5168839,2.005609,0.03318661,-3.463344,-0.04218853,0.8949564,-0.05010547,-0.4413194,7.291743,232.3823,358.1924,0.5325118,0.007031523,-0.8463933,-0.2295127,-0.01735616,-0.1239865,1.702117,0.1558626,-5.259429,-0.4250887,0.20896,1.9929,-0.6069149,-0.03128874,0.7941509,-0.1197388,0.9914191,-0.0524472,-0.7856955,-0.1269217,-0.6054536,moving,40.09736,1.94299,-12.04083,5.985717,43.89668632167465,5.166475103811765,52.29468900445464,55.94351516951798,127.80659936086985
05/18/2023 18:41:22.150783,3797,True,True,True,True,Eyes,2.087503,0.02685508,-3.450722,-0.6460664,-0.02608146,-0.7628354,0.0,0.0,0.0,0.0,0.0,0.0,0.0,3.965932,0.03622189,-0.5108252,1.995221,0.03493927,-3.465363,-0.043991,0.8939959,-0.04995219,-0.4431037,7.371324,232.6021,358.0129,0.5311194,0.006985686,-0.8472681,-0.2157419,-0.01631479,-0.1165473,1.657084,0.1465221,-5.251988,-0.4205747,0.20896,1.992902,-0.603448,-0.03438755,0.7966608,-0.1229236,0.9911392,-0.05032896,-0.787871,-0.1282993,-0.6023281,moving,40.26219,1.958189,-11.91663,5.985713,44.04997778279255,5.184475380615714,52.33402531969976,55.97234288857,127.76698043247313
05/18/2023 18:41:22.170840,3798,True,True,True,True,Eyes,2.082812,0.02716978,-3.451803,-0.6483839,-0.02649798,-0.7608522,0.0,0.0,0.0,0.0,0.0,0.0,0.0,3.962931,0.04780836,-0.5075884,1.984868,0.03541923,-3.467535,-0.04385681,0.8933786,-0.04691624,-0.4446913,7.055653,232.7945,357.8845,0.5297728,0.006953064,-0.848111,-0.2027974,-0.01533591,-0.1095545,1.615104,0.1442211,-5.244446,-0.4163517,0.20896,1.992902,-0.6006527,-0.03663499,0.7986705,-0.120088,0.9917509,-0.04482242,-0.7904401,-0.1228334,-0.6000974,moving,40.43701,1.994617,-11.80035,5.985714,44.21217015508272,5.2225754691396125,52.38960426490173,56.017718576722054,127.71128988080541
05/18/2023 18:41:22.190908,3799,True,True,True,True,Eyes,2.077915,0.02747546,-3.452919,-0.6507204,-0.02709678,-0.7588338,0.0,0.0,0.0,0.0,0.0,0.0,0.0,3.960192,0.05886847,-0.5029187,1.975102,0.03521312,-3.469475,-0.04600208,0.8924553,-0.04759657,-0.4462532,7.239246,232.9879,357.7105,0.5284634,0.006931754,-0.8489276,-0.1906296,-0.01441575,-0.1029812,1.573573,0.1278414,-5.236648,-0.4120567,0.20896,1.9929,-0.5974838,-0.03962936,0.8009011,-0.1245898,0.9912368,-0.04389847,-0.7921429,-0.1260128,-0.5971853,moving,40.61398,2.045075,-11.68199,5.985718,44.37609655283677,5.273857363980669,52.4442289055178,56.0626061963806,127.65665192925906
05/18/2023 18:41:22.200609,3800,True,True,True,True,Eyes,2.072839,0.02779835,-3.454105,-0.6532308,-0.02793108,-0.7566435,0.0,0.0,0.0,0.0,0.0,0.0,0.0,3.957536,0.07470937,-0.4971008,1.965294,0.03533591,-3.471477,-0.04940939,0.8913456,-0.04902385,-0.4479493,7.565539,233.1951,357.4467,0.5271836,0.00692042,-0.8497231,-0.1791918,-0.01355081,-0.09680234,1.531598,0.1080686,-5.227839,-0.4076376,0.20896,1.9929,-0.5938004,-0.04416128,0.8033996,-0.1320021,0.9903108,-0.04312859,-0.7937106,-0.1316602,-0.5938763,moving,40.80493,2.114082,-11.5601,5.985719,44.552693048973126,5.342821837185198,52.507960729404346,56.11647583837426,127.59306349848939
05/18/2023 18:41:22.220488,3801,True,True,True,True,Eyes,2.067569,0.02814798,-3.45533,-0.6557269,-0.02879862,-0.7544487,0.0,0.0,0.0,0.0,0.0,0.0,0.0,3.954806,0.08625188,-0.4926524,1.955443,0.03610846,-3.473553,-0.05195881,0.8903713,-0.04995793,-0.4494927,7.797505,233.3849,357.2454,0.5259259,0.0069185,-0.8505021,-0.1684403,-0.01273776,-0.0909942,1.491701,0.101778,-5.218735,-0.403422,0.20896,1.992899,-0.5905135,-0.04761382,0.8056222,-0.1374367,0.9896089,-0.04225201,-0.7952392,-0.1356724,-0.5909212,moving,40.99545,2.186018,-11.44373,5.98572,44.72883266979162,5.414518116052651,52.576661498817174,56.175466784744145,127.52460761923841
05/18/2023 18:41:22.240323,3802,True,True,True,True,Eyes,2.062093,0.0285053,-3.45658,-0.6583472,-0.02956749,-0.7521334,0.0,0.0,0.0,0.0,0.0,0.0,0.0,3.952053,0.09241502,-0.4898419,1.94551,0.03710818,-3.475748,-0.053361,0.8895772,-0.05030245,-0.4508601,7.909716,233.5557,357.1309,0.5246843,0.006925733,-0.8512685,-0.1583339,-0.01197349,-0.08553455,1.453403,0.09694414,-5.209192,-0.3989774,0.2089601,1.992902,-0.5877556,-0.0495787,0.8075179,-0.1402962,0.9892446,-0.04137915,-0.7967811,-0.1376125,-0.5883897,moving,41.19587,2.251223,-11.32091,5.985715,44.91432597107686,5.480140577430291,52.64939327348857,56.23750857052127,127.45206866491752
05/18/2023 18:41:22.250642,3803,True,True,True,True,Eyes,2.056443,0.02884856,-3.457854,-0.6609244,-0.03036908,-0.7498378,0.0,0.0,0.0,0.0,0.0,0.0,0.0,3.948686,0.09894288,-0.4912705,1.935409,0.03764345,-3.477935,-0.05334536,0.8891824,-0.048483,-0.4518387,7.725514,233.6754,357.0467,0.5234528,0.006941417,-0.8520262,-0.1488338,-0.01125508,-0.08040248,1.414476,0.09210066,-5.198784,-0.3946918,0.2089601,1.992902,-0.585992,-0.05105452,0.8087068,-0.1386805,0.9896073,-0.03801347,-0.7983614,-0.1344275,-0.5869824,moving,41.3937,2.319262,-11.2024,5.985716,45.09735160341479,5.548356472016176,52.72373867760249,56.30145037175263,127.37799929270946
05/18/2023 18:41:22.270653,3804,True,True,True,True,Eyes,2.050632,0.02919167,-3.459164,-0.6636345,-0.03143793,-0.7473961,0.0,0.0,0.0,0.0,0.0,0.0,0.0,3.945477,0.101837,-0.4910808,1.925569,0.03766043,-3.479811,-0.05423297,0.8885746,-0.04896895,-0.4528754,7.824933,233.8068,356.9897,0.522227,0.006964375,-0.852778,-0.1399038,-0.01057978,-0.07557833,1.378856,0.0961965,-5.189194,-0.3905326,0.2089601,1.992902,-0.5839254,-0.0520264,0.8101385,-0.1407337,0.9893216,-0.03790357,-0.7995156,-0.1361467,-0.585012,moving,41.60279,2.408628,-11.08729,5.985713,45.29045961025667,5.636792984054383,52.81136305288498,56.37882932710046,127.29093240447915
05/18/2023 18:41:22.290638,3805,True,True,True,True,Eyes,2.044656,0.02954787,-3.4605,-0.6663333,-0.03257288,-0.7449422,0.0,0.0,0.0,0.0,0.0,0.0,0.0,3.942674,0.1045058,-0.4883738,1.915766,0.03804597,-3.481738,-0.05620458,0.8876871,-0.05106401,-0.4541422,8.146664,233.9684,356.9075,0.5210022,0.0069939,-0.8535265,-0.1315096,-0.009944991,-0.07104363,1.344003,0.09802669,-5.179722,-0.386165,0.2089601,1.992902,-0.5811921,-0.05340352,0.8120126,-0.1461648,0.988467,-0.03960798,-0.8005324,-0.1417075,-0.5822948,moving,41.81189,2.503685,-10.96631,5.985714,45.48346770902399,5.730556706362047,52.89293829233578,56.4503543712767,127.21003925974605
05/18/2023 18:41:22.300672,3806,True,True,True,True,Eyes,2.038496,0.02989965,-3.46182,-0.6691325,-0.03357014,-0.7423846,0.0,0.0,0.0,0.0,0.0,0.0,0.0,3.940055,0.1110458,-0.4833684,1.905858,0.03873412,-3.483706,-0.05789072,0.8867167,-0.05182955,-0.4557369,8.318871,234.1691,356.789,0.5197751,0.00702968,-0.854274,-0.123619,-0.009348292,-0.06678101,1.30948,0.1021132,-5.169676,-0.3816699,0.2089601,1.992902,-0.5779053,-0.05542405,0.8142198,-0.1499066,0.9879248,-0.03915038,-0.802218,-0.1446821,-0.5792354,moving,42.02924,2.589113,-10.8417,5.985715,45.6843476930323,5.815496205053984,52.97993206516978,56.52630398525199,127.12366777193849
05/18/2023 18:41:22.320675,3807,True,True,True,True,Eyes,2.032188,0.03023114,-3.463167,-0.6719412,-0.03459498,-0.739796,0.0,0.0,0.0,0.0,0.0,0.0,0.0,3.937415,0.1183901,-0.4783049,1.895964,0.03911357,-3.48566,-0.05887946,0.8858269,-0.05144979,-0.4573805,8.337965,234.3756,356.6829,0.5185423,0.007071009,-0.8550225,-0.1162019,-0.008787395,-0.06277415,1.275723,0.1094723,-5.159024,-0.3774273,0.20896,1.9929,-0.5746725,-0.05724975,0.8163785,-0.1513782,0.9877722,-0.03729058,-0.8042611,-0.1450118,-0.5763119,moving,42.24821,2.677364,-10.72401,5.985718,45.88668295870702,5.903115220373694,53.07543026596879,56.6107532230777,127.02894501073968
05/18/2023 18:41:22.340247,3808,True,True,True,True,Eyes,2.02572,0.03053979,-3.464499,-0.6748564,-0.03520624,-0.7371089,0.0,0.0,0.0,0.0,0.0,0.0,0.0,3.935112,0.1287923,-0.4704714,1.886155,0.0389671,-3.487684,-0.06059512,0.8846878,-0.05162144,-0.4593379,8.453399,234.6213,356.5344,0.5173016,0.007116836,-0.8557733,-0.1092298,-0.00826015,-0.0590077,1.241701,0.1098826,-5.148054,-0.3728758,0.20896,1.992901,-0.5706741,-0.05979215,0.8189971,-0.1546389,0.9873269,-0.03567045,-0.806485,-0.147005,-0.5726881,moving,42.47551,2.734517,-10.59763,5.985716,46.09737669940613,5.961816084893311,53.17262909051236,56.69501173693897,126.93211551109174
05/18/2023 18:41:22.350603,3809,True,True,True,True,Eyes,2.019118,0.0308225,-3.46585,-0.6777817,-0.03590757,-0.734386,0.0,0.0,0.0,0.0,0.0,0.0,0.0,3.932935,0.1348852,-0.4614096,1.876407,0.03865001,-3.489509,-0.06210868,0.8834689,-0.05251883,-0.4613752,8.633203,234.8816,356.4464,0.5160511,0.007166148,-0.8565275,-0.102676,-0.007764542,-0.05546724,1.208868,0.10291,-5.137377,-0.3688215,0.2089601,1.992902,-0.566551,-0.0612804,0.821745,-0.1582039,0.9867686,-0.03548668,-0.8086974,-0.1501083,-0.5687495,moving,42.70463,2.79923,-10.48496,5.985713,46.30962115929708,6.0276350475715095,53.28495245636792,56.79459663135266,126.8203504080274
05/18/2023 18:41:22.370775,3810,True,True,True,True,Eyes,1.850268,0.03729164,-3.499203,-0.7509745,-0.04849797,-0.6585478,0.0,0.0,0.0,0.0,0.0,0.0,0.0,3.93095,0.1370377,-0.4516344,1.866616,0.03833534,-3.49133,-0.06311469,0.8822361,-0.05356151,-0.4634731,8.8015,235.1537,356.4195,0.5147882,0.007217997,-0.8572869,-0.09651542,-0.007298669,-0.0521392,1.176539,0.1019392,-5.126398,-0.3644595,0.20896,1.992901,-0.5624186,-0.06171547,0.8245464,-0.1610127,0.9862954,-0.03600388,-0.8110243,-0.1530117,-0.5646478,moving,48.75169,4.211876,-10.36366,5.985716,51.91696020994764,7.488358429684679,59.14195730585944,62.298744674409186,120.99594923791474
05/18/2023 18:41:22.390573,3811,True,True,True,True,Eyes,1.849872,0.03727988,-3.499269,-0.7511123,-0.04862946,-0.6583811,0.0,0.0,0.0,0.0,0.0,0.0,0.0,3.929504,0.1355391,-0.4380164,1.856783,0.03806687,-3.493155,-0.06388375,0.880767,-0.05513452,-0.4659708,9.012922,235.4824,356.4502,0.5090284,0.007469361,-0.8607171,-0.5972757,0.01254666,-0.1490687,1.144626,0.101308,-5.115047,-0.3601727,0.2089601,1.992902,-0.5575805,-0.06115124,0.8278676,-0.1639155,0.9857581,-0.03758542,-0.8137788,-0.1566572,-0.5596632,moving,48.76409,4.22432,-10.24436,5.985714,51.92827528784076,7.500290336724213,59.034732829290725,62.19108071190456,121.10296142503574
05/18/2023 18:41:22.400621,3812,True,True,True,True,Eyes,1.849093,0.03726234,-3.499407,-0.7514872,-0.04853422,-0.6579601,0.0,0.0,0.0,0.0,0.0,0.0,0.0,3.92801,0.1293329,-0.4248819,1.846911,0.03780246,-3.494853,-0.06396616,0.8793792,-0.05674471,-0.4683809,9.190719,235.8048,356.5535,0.5042295,0.007683733,-0.8635353,-0.5614392,0.01179386,-0.1401246,1.113247,0.1010569,-5.103366,-0.3558137,0.2089601,1.992903,-0.5530554,-0.05934475,0.8310283,-0.1656573,0.9853767,-0.03987917,-0.8165094,-0.1597213,-0.5547988,moving,48.79643,4.218765,-10.12295,5.985713,51.95851525141301,7.495831018112706,58.945868768040945,62.099829180047095,121.19105426383534
05/18/2023 18:41:22.420570,3813,True,True,True,True,Eyes,1.847944,0.03724068,-3.499608,-0.7519994,-0.04851424,-0.657376,0.0,0.0,0.0,0.0,0.0,0.0,0.0,3.926447,0.125248,-0.4117575,1.83693,0.03763319,-3.49664,-0.0638454,0.8780205,-0.05755609,-0.4708408,9.276143,236.1321,356.6358,0.5002133,0.007867005,-0.8658662,-0.5277529,0.01108623,-0.1317171,1.081622,0.1106744,-5.091053,-0.3513684,0.2089601,1.9929,-0.5484655,-0.05791564,0.834165,-0.1663146,0.9852221,-0.04094881,-0.8194663,-0.1611929,-0.5499925,moving,48.84099,4.220767,-9.999061,5.985719,51.999996369602336,7.498725077459087,58.866515586069,62.017516091098564,121.26984028193608
05/18/2023 18:41:22.440439,3814,True,True,True,True,Eyes,1.846424,0.03720982,-3.499868,-0.7527444,-0.0481828,-0.6565472,0.0,0.0,0.0,0.0,0.0,0.0,0.0,3.924685,0.1280432,-0.3980169,1.82694,0.03752801,-3.498405,-0.06458969,0.8765464,-0.05809556,-0.4734129,9.381189,236.4683,356.6168,0.4968324,0.008024085,-0.867809,-0.4960877,0.01042105,-0.1238141,1.051836,0.1152605,-5.079123,-0.3470938,0.20896,1.992901,-0.5434171,-0.05822535,0.8374414,-0.1682381,0.9849061,-0.04069169,-0.8224319,-0.1630021,-0.5450106,moving,48.90491,4.197308,-9.879827,5.985717,52.06000516459763,7.478229931936174,58.8119351059838,61.95781148031715,121.32312324477698
05/18/2023 18:41:22.460664,3815,True,True,True,True,Eyes,1.844559,0.03714763,-3.500184,-0.7536173,-0.04779318,-0.6555736,0.0,0.0,0.0,0.0,0.0,0.0,0.0,3.922737,0.1346823,-0.3844776,1.816738,0.03736079,-3.500271,-0.06472421,0.8751758,-0.0568673,-0.4760716,9.274494,236.8112,356.5643,0.4938348,0.008162423,-0.869517,-0.4663225,0.009795791,-0.1163852,1.022509,0.1095754,-5.067336,-0.3424969,0.2089601,1.992901,-0.5383332,-0.05914433,0.840654,-0.1674359,0.9851537,-0.03791104,-0.8259313,-0.1611645,-0.5402439,moving,48.97991,4.169649,-9.751502,5.985716,52.13041854847479,7.454057090065543,58.75948310581223,61.89933857743976,121.37410680811776
05/18/2023 18:41:22.470740,3816,True,True,True,True,Eyes,1.842357,0.03705092,-3.500556,-0.7546865,-0.04733842,-0.6543756,0.0,0.0,0.0,0.0,0.0,0.0,0.0,3.92071,0.1406094,-0.3709979,1.806588,0.03641395,-3.502039,-0.06434253,0.8738583,-0.05520615,-0.4787319,9.096069,237.1558,356.5399,0.4910924,0.008285423,-0.8710677,-0.4383431,0.009208044,-0.1094021,0.9943448,0.1110233,-5.05586,-0.3382856,0.2089601,1.992901,-0.533352,-0.0595946,0.8437918,-0.1653104,0.9856247,-0.03487907,-0.8295835,-0.1580903,-0.5355364,moving,49.07201,4.137648,-9.63386,5.985716,52.216848484545565,7.426211450993208,58.73495150069951,61.867480692077386,121.3971138904424
05/18/2023 18:41:22.490704,3817,True,True,True,True,Eyes,1.839832,0.03691461,-3.500987,-0.7558836,-0.04687376,-0.6530258,0.0,0.0,0.0,0.0,0.0,0.0,0.0,3.918916,0.1483139,-0.3556561,1.796453,0.03547157,-3.503982,-0.0652954,0.8722344,-0.05515628,-0.4815615,9.155003,237.5236,356.4702,0.4885731,0.008393792,-0.8724822,-0.4120425,0.008655561,-0.102838,0.967421,0.1124505,-5.044164,-0.3339382,0.20896,1.9929,-0.52767,-0.06078351,0.8472718,-0.1670281,0.9853886,-0.0333309,-0.8328661,-0.1591059,-0.5301124,moving,49.17549,4.105611,-9.512337,5.985719,52.31388262115986,7.398592637736168,58.71793460326746,61.842361246641474,121.41260150326032
05/18/2023 18:41:22.500609,3818,True,True,True,True,Eyes,1.836985,0.03673233,-3.501469,-0.757277,-0.04630959,-0.6514499,0.0,0.0,0.0,0.0,0.0,0.0,0.0,3.916963,0.155628,-0.3404384,1.786217,0.03437852,-3.505848,-0.06572966,0.8706715,-0.05445116,-0.4844023,9.119691,237.8933,356.4169,0.4862486,0.008488012,-0.8737789,-0.38732,0.008136228,-0.09666769,0.9407241,0.1116727,-5.032892,-0.3297064,0.2089601,1.992901,-0.5220678,-0.06170535,0.8506687,-0.1672104,0.9854293,-0.03113897,-0.8363525,-0.1584974,-0.5247788,moving,49.29613,4.066143,-9.393953,5.985718,52.42704850229289,7.364410985406317,58.72146635368972,61.83637296199146,121.40735275802339
05/18/2023 18:41:22.520750,3819,True,True,True,True,Eyes,1.833834,0.0365073,-3.502007,-0.7588229,-0.04577464,-0.6496865,0.0,0.0,0.0,0.0,0.0,0.0,0.0,3.91522,0.1612309,-0.3226218,1.775792,0.03304526,-3.507776,-0.065528,0.8689947,-0.05328316,-0.4875606,9.003994,238.3072,356.4051,0.4840929,0.008568374,-0.8749743,-0.3640808,0.007648054,-0.09086763,0.9145703,0.109431,-5.021453,-0.3252109,0.20896,1.992901,-0.5159818,-0.06192943,0.8543582,-0.1658445,0.9857339,-0.02870783,-0.840392,-0.1565033,-0.5188914,moving,49.43063,4.0302,-9.268101,5.985715,52.5530610211182,7.333846158186058,58.731295404797486,61.8358595902169,121.3958892583887
05/18/2023 18:41:22.540264,3820,True,True,True,True,Eyes,1.830383,0.03623054,-3.502611,-0.760577,-0.04522127,-0.647671,0.0,0.0,0.0,0.0,0.0,0.0,0.0,3.913649,0.1678329,-0.3012567,1.765389,0.03179546,-3.509695,-0.06602697,0.866989,-0.05297733,-0.4910845,9.016051,238.7707,356.3743,0.4820828,0.008635216,-0.8760828,-0.342236,0.007189171,-0.08541557,0.8886036,0.09431092,-5.010496,-0.3209631,0.20896,1.992902,-0.508953,-0.0624566,0.8585256,-0.166522,0.9856676,-0.0270119,-0.8445339,-0.1567112,-0.512059,moving,49.58387,3.993987,-9.149104,5.985714,52.69654003744351,7.303457617318796,58.76673558508423,61.85968100990464,121.35886409678537
05/18/2023 18:41:22.560297,3821,True,True,True,True,Eyes,1.826647,0.03590874,-3.503269,-0.7624677,-0.04471688,-0.6454792,0.0,0.0,0.0,0.0,0.0,0.0,0.0,3.912381,0.1736677,-0.2775111,1.754778,0.03022374,-3.511942,0.06588902,-0.8648713,0.05200322,0.4949262,8.926806,239.2778,356.373,0.4801975,0.008688592,-0.877117,-0.3217018,0.00675782,-0.08029064,0.8618975,0.0828667,-4.999387,-0.3165663,0.20896,1.9929,-0.5014133,-0.06249553,0.8629479,-0.1654465,0.9859086,-0.02473176,-0.849242,-0.1551726,-0.5046874,moving,49.74989,3.96295,-9.025859,5.985721,52.8518276958186,7.278206572617905,58.8105455937066,61.891183780739816,121.3136083669238
05/18/2023 18:41:22.574727,3822,True,True,True,True,Eyes,1.822635,0.03552648,-3.504004,-0.7645431,-0.0442492,-0.643052,0.0,0.0,0.0,0.0,0.0,0.0,0.0,3.910686,0.1790181,-0.2557964,1.744247,0.02882726,-3.51393,0.06635966,-0.8627911,0.0519752,0.4984844,8.965862,239.7496,356.3612,0.4784186,0.008728731,-0.8780882,-0.3023997,0.006352351,-0.0754732,0.8354487,0.02728766,-4.987804,-0.3123132,0.2089601,1.9929,-0.4942196,-0.06269139,0.8670738,-0.1663267,0.98579,-0.02352895,-0.8532776,-0.155846,-0.497624,moving,49.93304,3.936388,-8.906548,5.985719,53.02299063722518,7.257536447636329,58.87526537993103,61.942596615250785,121.24757377991459
05/18/2023 18:41:22.590760,3823,True,True,True,True,Eyes,1.818354,0.0351405,-3.504791,-0.7667451,-0.04387856,-0.6404504,0.0,0.0,0.0,0.0,0.0,0.0,0.0,3.909323,0.180793,-0.2308598,1.733429,0.02693341,-3.516147,0.06579297,-0.8605741,0.05137153,0.5024387,8.889646,240.2783,356.4243,0.4767289,0.008755447,-0.8790064,-0.2842557,0.00597121,-0.07094481,0.8124149,-0.03261745,-4.97577,-0.3073016,0.2089601,1.992902,-0.4864535,-0.06161736,0.8715311,-0.1648615,0.9860645,-0.02230415,-0.8580115,-0.1545319,-0.4898328,moving,50.12851,3.919327,-8.765861,5.985717,53.20545059931941,7.246041644061527,58.93061091756763,61.98412602875328,121.19106628110929
05/18/2023 18:41:22.600501,3824,True,True,True,True,Eyes,1.813778,0.03474706,-3.505626,-0.76907,-0.04340069,-0.6376893,0.0,0.0,0.0,0.0,0.0,0.0,0.0,3.90809,0.1757411,-0.2067332,1.722751,0.02647635,-3.518269,0.06548351,-0.8583387,0.05239088,0.5061837,8.988233,240.7869,356.5537,0.475114,0.008769992,-0.8798802,-0.2672004,0.005612937,-0.06668812,0.7914734,-0.06076939,-4.966034,-0.3032727,0.2089601,1.9929,-0.47898,-0.05937523,0.8758156,-0.1654529,0.9859342,-0.02364486,-0.8620926,-0.1562316,-0.4820665,moving,50.33552,3.893506,-8.65269,5.985719,53.39883128194583,7.226611350419492,59.02530198348391,62.06392758462121,121.09513166080048
05/18/2023 18:41:22.620425,3825,True,True,True,True,Eyes,1.808942,0.03431506,-3.506517,-0.7714983,-0.04272231,-0.6347954,0.0,0.0,0.0,0.0,0.0,0.0,0.0,3.906861,0.169886,-0.1826549,1.711422,0.02585007,-3.520816,0.06321785,-0.856304,0.05064607,0.5100806,8.698169,241.3129,356.7175,0.47356,0.008773413,-0.8807175,-0.2511684,0.005276161,-0.06268683,0.7735398,-0.08190575,-4.959437,-0.2993728,0.2089601,1.9929,-0.471643,-0.05660024,0.8799714,-0.1599345,0.986877,-0.02224446,-0.8671645,-0.1512292,-0.474506,moving,50.55216,3.850252,-8.543076,5.985721,53.60151946836622,7.191083600017012,59.133807130487185,62.15628403407336,120.98498501015195
05/18/2023 18:41:22.640399,3826,True,True,True,True,Eyes,1.803874,0.03383448,-3.507486,-0.7740418,-0.04219508,-0.6317269,0.0,0.0,0.0,0.0,0.0,0.0,0.0,3.905277,0.1626499,-0.1621804,1.700364,0.02444289,-3.523082,0.06053926,-0.8545377,0.04870303,0.5135449,8.361394,241.7822,356.9035,0.4720551,0.008765852,-0.8815252,-0.2360983,0.004959592,-0.05892562,0.7527915,-0.08758828,-4.951536,-0.2950208,0.20896,1.9929,-0.4652133,-0.05344376,0.883584,-0.1534886,0.9879261,-0.0210579,-0.8717902,-0.1454164,-0.4677994,moving,50.78073,3.821295,-8.420679,5.985718,53.81504923804005,7.169211471770773,59.24096179594158,62.246980056199504,120.87650348900202
05/18/2023 18:41:22.651173,3827,True,True,True,True,Eyes,1.798573,0.03334207,-3.508512,-0.7766805,-0.04178213,-0.6285074,0.0,0.0,0.0,0.0,0.0,0.0,0.0,3.903744,0.1587984,-0.1371336,1.689508,0.0227756,-3.525377,0.06030748,-0.8521467,0.04985303,0.5174202,8.474708,242.3121,357.0332,0.4705892,0.008747183,-0.8823088,-0.2219324,0.004662016,-0.05539008,0.7278377,-0.08846568,-4.940236,-0.2907249,0.20896,1.9929,-0.4572787,-0.0511917,0.887849,-0.1543716,0.9877554,-0.02255558,-0.8758229,-0.1473728,-0.459582,moving,51.01944,3.803332,-8.299779,5.985718,54.03781612139736,7.157862259912403,59.35935100237331,62.34861416010231,120.75704776256212
05/18/2023 18:41:22.673002,3828,True,True,True,True,Eyes,1.793056,0.0328384,-3.509624,-0.779414,-0.04136873,-0.6251419,0.0,0.0,0.0,0.0,0.0,0.0,0.0,3.902047,0.1570655,-0.1145301,1.678623,0.02202018,-3.527816,0.06048661,-0.8498682,0.05088934,0.5210335,8.599664,242.8059,357.1141,0.4691529,0.008718221,-0.8830737,-0.2086164,0.004382295,-0.05206668,0.7026613,-0.06693722,-4.93037,-0.2861686,0.20896,1.9929,-0.4497311,-0.04978118,0.8917758,-0.1558414,0.9875033,-0.02346735,-0.8794633,-0.1495295,-0.451869,moving,51.26807,3.786025,-8.171475,5.985717,54.26981354397187,7.147354186958271,59.48023331075534,62.452092967215094,120.63508617911712
05/18/2023 18:41:22.690707,3829,True,True,True,True,Eyes,1.787324,0.03243071,-3.510792,-0.7822254,-0.04118183,-0.6216329,0.0,0.0,0.0,0.0,0.0,0.0,0.0,3.900188,0.1569313,-0.09399986,1.667695,0.02121711,-3.530336,0.05983655,-0.8478293,0.05025015,0.5244806,8.509498,243.2729,357.1745,0.4677377,0.008679701,-0.8838244,-0.1960994,0.004119358,-0.04894267,0.6794732,-0.06295861,-4.919312,-0.2820348,0.20896,1.992899,-0.4426793,-0.0487519,0.8953538,-0.1541728,0.987789,-0.02244088,-0.8833266,-0.1479733,-0.44479,moving,51.52591,3.790182,-8.054998,5.98572,54.50998058909189,7.15714803761013,59.62134672425563,62.575944175863825,120.49344124963406
05/18/2023 18:41:22.700691,3830,True,True,True,True,Eyes,1.781359,0.03217514,-3.512064,-0.7851453,-0.04094585,-0.6179565,0.0,0.0,0.0,0.0,0.0,0.0,0.0,3.898537,0.1530507,-0.07127237,1.656823,0.02316177,-3.532916,0.06087519,-0.8454176,0.05249742,0.5280222,8.803799,243.7632,357.2455,0.4663364,0.008635012,-0.8845651,-0.1843335,0.003872196,-0.04600611,0.6571078,-0.06005457,-4.909344,-0.2775389,0.20896,1.9929,-0.4349738,-0.04749032,0.8991901,-0.1583695,0.9870765,-0.02447757,-0.8864069,-0.1530514,-0.4368734,moving,51.79513,3.790882,-7.928239,5.985718,54.76081749303615,7.1639665346431,59.76368554379036,62.70012817846919,120.35043569830091
05/18/2023 18:41:22.720743,3831,True,True,True,True,Eyes,1.775161,0.03175953,-3.513376,-0.7880672,-0.03971609,-0.6143067,0.0,0.0,0.0,0.0,0.0,0.0,0.0,3.896895,0.147235,-0.04932022,1.64504,0.02651346,-3.535964,0.059853,-0.8432635,0.05165162,0.5316546,8.670628,244.2583,357.3317,0.4649417,0.008588625,-0.8852994,-0.1732735,0.003639865,-0.04324575,0.6373713,-0.04459624,-4.902661,-0.2733982,0.20896,1.992901,-0.4275225,-0.04602205,0.9028328,-0.1558653,0.9874995,-0.02346961,-0.8904667,-0.1507541,-0.4293513,moving,52.06321,3.699132,-7.81142,5.985715,55.012366549060616,7.084222397860699,59.918275838451734,62.83338980880376,120.19319372806879
05/18/2023 18:41:22.740244,3832,True,True,True,True,Eyes,1.768825,0.03137492,-3.5147,-0.7913056,-0.03923988,-0.6101604,0.0,0.0,0.0,0.0,0.0,0.0,0.0,3.894833,0.1257869,-0.04331827,1.633259,0.02204436,-3.538276,0.05005151,-0.8430626,0.04245548,0.5337959,7.181901,244.5393,357.7433,0.4635479,0.008536667,-0.8860304,-0.1628771,0.003421473,-0.040651,0.6185628,-0.04501617,-4.895368,-0.2689096,0.20896,1.992901,-0.4251137,-0.03906799,0.9042965,-0.1297182,0.9913847,-0.01815067,-0.8957967,-0.1250198,-0.4265192,moving,52.36489,3.679669,-7.68472,5.985717,55.2938355958215,7.072910708374437,60.093872553950156,62.98793896529325,120.01651387513448
05/18/2023 18:41:22.751221,3833,True,True,True,True,Eyes,1.762265,0.03119844,-3.516093,-0.7946466,-0.03905718,-0.6058146,0.0,0.0,0.0,0.0,0.0,0.0,0.0,3.892745,0.1187212,-0.02187729,1.623683,0.02256079,-3.539942,0.05351772,-0.8404972,0.04954759,0.5368849,8.091534,244.988,357.8721,0.4621515,0.008480465,-0.8867601,-0.1531044,0.003216184,-0.03821194,0.6022173,-0.01712483,-4.893101,-0.2646086,0.20896,1.9929,-0.4177808,-0.03676027,0.9078038,-0.1431657,0.9893618,-0.0258235,-0.8971971,-0.1407549,-0.4185992,moving,52.6792,3.688784,-7.563249,5.98572,55.58652437163207,7.088638197469336,60.28622211173708,63.15940393511326,119.82368639656603
05/18/2023 18:41:22.770841,3834,True,True,True,True,Eyes,1.592833,0.02591531,-3.552478,-0.8743389,-0.001584805,-0.4853132,0.0,0.0,0.0,0.0,0.0,0.0,0.0,3.890035,0.1401995,0.006397724,1.611793,0.02742925,-3.543083,0.05817923,-0.8373168,0.05081984,0.5412331,8.51577,245.5734,357.5418,0.4607476,0.008425747,-0.8874909,-0.1439182,0.003023213,-0.03591923,0.5874113,0.005627275,-4.890538,-0.2602043,0.20896,1.9929,-0.407364,-0.04241815,0.9122804,-0.1524396,0.9880651,-0.02212754,-0.9004537,-0.1480816,-0.4089684,moving,60.96696,0.1871005,-7.438782,5.985719,63.37599329418088,4.000668349642244,68.6510707496912,70.8425918925177,111.48277961616238
05/18/2023 18:41:22.790433,3835,True,True,True,True,Eyes,1.592448,0.02602886,-3.552543,-0.874535,-0.002293317,-0.4849569,0.0,0.0,0.0,0.0,0.0,0.0,0.0,3.887497,0.1322904,0.00751543,1.599652,0.02606502,-3.545507,0.04757584,-0.8375697,0.03629801,0.5430434,6.458049,245.7841,357.6771,0.4538874,0.008213568,-0.8910208,-0.6435795,-0.01300757,-0.1429192,0.5700858,-0.004581824,-4.884135,-0.255901,0.20896,1.992901,-0.4056809,-0.04027336,0.9131272,-0.119119,0.992838,-0.009132742,-0.9062195,-0.1124757,-0.4075728,moving,60.99026,0.2709445,-7.317096,5.985715,63.39609427356386,4.079682767329423,68.54599540147044,70.73887359533813,111.58497837688236
05/18/2023 18:41:22.800703,3836,True,True,True,True,Eyes,1.591614,0.02636888,-3.552712,-0.8750712,-0.003705771,-0.4839801,0.0,0.0,0.0,0.0,0.0,0.0,0.0,3.88491,0.1339873,0.03819513,1.590097,0.02906363,-3.547208,0.05268665,-0.8342437,0.04344115,0.5471514,7.47746,246.3664,357.6665,0.4482378,0.008036613,-0.8938779,-0.6049648,-0.01222712,-0.1343441,0.5511919,-0.004989281,-4.87667,-0.2515641,0.2089601,1.992902,-0.3956991,-0.04036923,0.9174926,-0.1354448,0.990674,-0.01482586,-0.9083375,-0.1301361,-0.3974766,moving,61.05411,0.4386975,-7.1944,5.985717,63.45236796729007,4.23816735047265,68.47356090166102,70.66837874185092,111.65232506348778
05/18/2023 18:41:22.820571,3837,True,True,True,True,Eyes,1.590306,0.02663739,-3.552966,-0.8756245,-0.003185714,-0.482982,0.0,0.0,0.0,0.0,0.0,0.0,0.0,3.882022,0.1453083,0.06842756,1.578588,0.03496809,-3.550032,0.05820473,-0.8307573,0.04827299,0.5514747,8.302718,246.9714,357.4824,0.443568,0.007895137,-0.8962056,-0.5686669,-0.01149349,-0.1262834,0.5330138,0.006918594,-4.870303,-0.2472454,0.2089601,1.992902,-0.384976,-0.04346535,0.9219027,-0.1499507,0.9885638,-0.0160094,-0.9106638,-0.1444031,-0.3870909,moving,61.1195,0.3779133,-7.07215,5.985714,63.51446283187884,4.182768123817352,68.42184269963371,70.60963478810811,111.70550431125586
05/18/2023 18:41:22.840663,3838,True,True,True,True,Eyes,1.588689,0.026872,-3.553297,-0.8764759,-0.003436423,-0.4814334,0.0,0.0,0.0,0.0,0.0,0.0,0.0,3.879558,0.1294063,0.06263208,1.565891,0.03292073,-3.552259,0.04370391,-0.8317365,0.02950861,0.5526604,5.589104,247.0927,357.6918,0.439687,0.007782051,-0.898117,-0.5345469,-0.01080388,-0.1187064,0.5155277,0.0008366406,-4.863309,-0.2428902,0.2089601,1.992901,-0.3853127,-0.04008378,0.9219149,-0.1053168,0.9944384,-0.0007799437,-0.9167563,-0.09739362,-0.3873913,moving,61.22076,0.4089645,-6.948809,5.985718,63.60821761163717,4.2141513194546585,68.3972975872989,70.57926361743154,111.72898072257777
05/18/2023 18:41:22.850764,3839,True,True,True,True,Eyes,1.586701,0.02721087,-3.553701,-0.8775276,-0.004418049,-0.4795058,0.0,0.0,0.0,0.0,0.0,0.0,0.0,3.876229,0.1366525,0.08764315,1.556544,0.03246702,-3.553536,0.0482327,-0.8288907,0.03515856,0.5562175,6.427215,247.594,357.6441,0.4364408,0.007692238,-0.8996998,-0.502474,-0.01015565,-0.111584,0.4973797,-0.009594202,-4.85541,-0.238219,0.20896,1.992899,-0.3765917,-0.04084767,0.9254784,-0.1190709,0.992875,-0.004629456,-0.9186953,-0.1119409,-0.3787723,moving,61.34657,0.5278943,-6.816445,5.98572,63.72316064472323,4.328354080287872,68.38117047303157,70.5590733095673,111.74160866502211
05/18/2023 18:41:22.870790,3840,True,True,True,True,Eyes,1.584317,0.02760876,-3.554163,-0.8787416,-0.004654051,-0.4772751,0.0,0.0,0.0,0.0,0.0,0.0,0.0,3.872183,0.1613364,0.1236982,1.545801,0.03563958,-3.555891,0.0560532,-0.8248094,0.04114793,0.5611187,7.514867,248.2792,357.3239,0.4335849,0.007622509,-0.9010803,-0.4723256,-0.009546308,-0.104889,0.4801321,-0.01633793,-4.848626,-0.2341012,0.2089601,1.992901,-0.3640077,-0.04628867,0.9302449,-0.1386442,0.9903297,-0.004973419,-0.921019,-0.1307834,-0.3669053,moving,61.49208,0.5586905,-6.699691,5.985719,63.858151012829225,4.360511604984936,68.40738461932493,70.5765567917859,111.71445461556502
05/18/2023 18:41:22.890452,3841,True,True,True,True,Eyes,1.58163,0.02799458,-3.554661,-0.8800332,-0.00491555,-0.4748866,0.0,0.0,0.0,0.0,0.0,0.0,0.0,3.869754,0.1477504,0.1351857,1.5341,0.03729674,-3.558125,0.04878876,-0.8238677,0.03248465,0.5637432,6.23086,248.6275,357.4767,0.4309562,0.00757003,-0.9023408,-0.443986,-0.00897353,-0.09859566,0.4633375,-0.01903552,-4.842542,-0.2297714,0.20896,1.9929,-0.3596264,-0.04376496,0.9320694,-0.117017,0.9931288,0.001482564,-0.9257299,-0.1085348,-0.3622765,moving,61.64766,0.5930473,-6.576878,5.985718,64.00245593805523,4.39623251294824,68.43733252101576,70.59722971372929,111.68347518333178
05/18/2023 18:41:22.900604,3842,True,True,True,True,Eyes,1.578622,0.02839832,-3.55521,-0.8814834,-0.005632775,-0.4721814,0.0,0.0,0.0,0.0,0.0,0.0,0.0,3.866904,0.1362922,0.1535215,1.524188,0.03741252,-3.55957,0.04767858,-0.8218743,0.03355096,0.566678,6.268401,249.0447,357.6738,0.4285254,0.007532787,-0.9034981,-0.4173469,-0.008435118,-0.09267993,0.4475077,-0.01195669,-4.838025,-0.2254828,0.2089599,1.992899,-0.3532059,-0.04034641,0.9346754,-0.1163968,0.9932022,-0.001112538,-0.9282767,-0.1091861,-0.355501,moving,61.82352,0.6834639,-6.455173,5.98572,64.1645811602743,4.484891687842716,68.48425977944302,70.63570034536468,111.6340854696393
05/18/2023 18:41:22.924889,3843,True,True,True,True,Eyes,1.575304,0.02881479,-3.555794,-0.8829721,-0.005989128,-0.4693874,0.0,0.0,0.0,0.0,0.0,0.0,0.0,3.863284,0.1450601,0.1743059,1.513554,0.0383366,-3.561471,0.05087128,-0.81929,0.03639372,0.5699574,6.754937,249.5079,357.5835,0.4262658,0.007509744,-0.9045665,-0.3923061,-0.007929011,-0.08711913,0.4318745,-0.01543801,-4.83267,-0.2210342,0.20896,1.9929,-0.3451214,-0.04187093,0.9376236,-0.1248424,0.9921752,-0.001645111,-0.930218,-0.1176229,-0.3476482,moving,62.00492,0.7310235,-6.328855,5.985718,64.33269091445182,4.533561991997072,68.5355135680689,70.67646587154569,111.5815151770883
05/18/2023 18:41:22.940225,3844,True,True,True,True,Eyes,1.571713,0.02919433,-3.556439,-0.8845814,-0.006358435,-0.4663426,0.0,0.0,0.0,0.0,0.0,0.0,0.0,3.860114,0.14141,0.1849785,1.502849,0.03898559,-3.56295,0.04831239,-0.8179721,0.03301954,0.572274,6.275769,249.8248,357.622,0.4241537,0.00749984,-0.9055588,-0.3687677,-0.007453271,-0.08189198,0.4158744,-0.02623217,-4.826557,-0.2168519,0.2089601,1.992901,-0.3403371,-0.04124392,0.9393987,-0.1168288,0.9931512,0.001277741,-0.9330178,-0.1093139,-0.3428247,moving,62.20225,0.7811616,-6.210046,5.985717,64.51559423012553,4.585010551760882,68.60998207916458,70.7395092187901,111.50572855040383
05/18/2023 18:41:22.950676,3845,True,True,True,True,Eyes,1.567863,0.02958358,-3.557111,-0.8862346,-0.006913937,-0.4631849,0.0,0.0,0.0,0.0,0.0,0.0,0.0,3.856685,0.1349109,0.2003121,1.492471,0.03846752,-3.564182,0.04687482,-0.8161803,0.03247232,0.5749765,6.137243,250.2062,357.7419,0.4221682,0.00750083,-0.9064862,-0.3466417,-0.007006074,-0.07697847,0.3985584,-0.03139228,-4.819213,-0.2124333,0.2089601,1.992901,-0.3344096,-0.03917497,0.9416134,-0.1138583,0.9934965,0.0008972994,-0.9355248,-0.1069104,-0.3366952,moving,62.40647,0.8551875,-6.084468,5.985717,64.70445894936663,4.658976687466743,68.6828284294569,70.80135887466896,111.43096795691997
05/18/2023 18:41:22.970362,3846,True,True,True,True,Eyes,1.563741,0.02999957,-3.557811,-0.8879651,-0.007474805,-0.4598502,0.0,0.0,0.0,0.0,0.0,0.0,0.0,3.853208,0.1363505,0.2154856,1.482423,0.03913607,-3.565548,0.04837761,-0.8141724,0.03440198,0.5775806,6.424983,250.578,357.7487,0.4202912,0.007511898,-0.9073579,-0.3258432,-0.00658571,-0.07235976,0.3811347,-0.03155939,-4.811909,-0.2081444,0.20896,1.9929,-0.3281205,-0.0390356,0.9438289,-0.1185153,0.9929522,-0.0001343483,-0.9371718,-0.1119022,-0.3304343,moving,62.62173,0.9312536,-5.962526,5.985719,64.90357122042047,4.735105263456802,68.77025368248493,70.87713150214331,111.34164737631362
05/18/2023 18:41:22.990403,3847,True,True,True,True,Eyes,1.559375,0.03038818,-3.55852,-0.8897223,-0.008013001,-0.4564318,0.0,0.0,0.0,0.0,0.0,0.0,0.0,3.849659,0.1363321,0.2264032,1.471775,0.04020592,-3.566789,0.04820813,-0.8125969,0.03385304,0.5798419,6.368578,250.8954,357.7459,0.4185055,0.007532748,-0.9081828,-0.3062926,-0.006190567,-0.06801817,0.3629388,-0.03549756,-4.803413,-0.203866,0.2089601,1.9929,-0.322919,-0.03908873,0.9456192,-0.1176063,0.9930599,0.0008884479,-0.9390912,-0.1109239,-0.325275,moving,62.84196,1.005767,-5.840822,5.985721,65.10734417449451,4.809894234771527,68.86308506813822,70.95790901728655,111.24700334034219
05/18/2023 18:41:23.000469,3848,True,True,True,True,Eyes,1.554785,0.03076542,-3.559242,-0.8915742,-0.008807624,-0.4527889,0.0,0.0,0.0,0.0,0.0,0.0,0.0,3.845933,0.1341524,0.2395477,1.461613,0.03994138,-3.567726,0.04789666,-0.8108734,0.03396625,0.5822685,6.365013,251.2402,357.8017,0.4167968,0.007561722,-0.908968,-0.287915,-0.005819133,-0.06393708,0.3447202,-0.04208039,-4.794321,-0.1994967,0.20896,1.9929,-0.3173386,-0.0381213,0.9475457,-0.1172312,0.9931044,0.0006927721,-0.9410383,-0.1108621,-0.3196194,moving,63.07611,1.114374,-5.716477,5.985718,65.32343297783491,4.91691471733529,68.96484625168756,71.04794965455318,111.14271851191747
05/18/2023 18:41:23.020520,3849,True,True,True,True,Eyes,1.549977,0.03115119,-3.559972,-0.8934504,-0.009756619,-0.4490559,0.0,0.0,0.0,0.0,0.0,0.0,0.0,3.841843,0.1389244,0.2544951,1.451637,0.04011524,-3.568609,0.04995721,-0.8088155,0.03609939,0.5848238,6.70906,251.608,357.7732,0.4151525,0.007597735,-0.9097198,-0.2706401,-0.005469985,-0.06010085,0.3264504,-0.04846014,-4.78507,-0.1951743,0.2089601,1.992901,-0.310971,-0.03858876,0.9496357,-0.1230359,0.9924023,3.68522e-05,-0.942422,-0.1168278,-0.3133561,moving,63.31551,1.244667,-5.593413,5.985718,65.54399734521922,5.0443542669656845,69.07182662710268,71.1436386214676,111.03289020744373
05/18/2023 18:41:23.040562,3850,True,True,True,True,Eyes,1.54497,0.03151193,-3.560734,-0.8953927,-0.01070172,-0.4451486,0.0,0.0,0.0,0.0,0.0,0.0,0.0,3.837733,0.1459478,0.2689304,1.441655,0.04074223,-3.569564,0.05196082,-0.8067964,0.03747778,0.5873458,6.979362,251.9688,357.7009,0.4135611,0.007640337,-0.910444,-0.2544017,-0.005141786,-0.0564948,0.3071658,-0.05648051,-4.774362,-0.1908517,0.2089601,1.992901,-0.30465,-0.03981877,0.9516318,-0.1278684,0.991791,0.0005640689,-0.9438423,-0.1215118,-0.3072407,moving,63.56552,1.37717,-5.470292,5.985717,65.77440534563983,5.174105351787629,69.18946483353193,71.24932009036532,110.91250171134625
05/18/2023 18:41:23.051032,3851,True,True,True,True,Eyes,1.539778,0.03183815,-3.561488,-0.8973373,-0.01181543,-0.4411872,0.0,0.0,0.0,0.0,0.0,0.0,0.0,3.833822,0.1478625,0.2803273,1.431673,0.04052339,-3.570337,0.05238608,-0.8051356,0.03773923,0.5895661,7.038746,252.2859,357.6985,0.4120133,0.007688221,-0.9111452,-0.2391376,-0.004833279,-0.05310511,0.2881701,-0.06353921,-4.76376,-0.186413,0.2089601,1.992901,-0.299335,-0.03985624,0.9533154,-0.1288553,0.9916629,0.0009997251,-0.9454074,-0.1225405,-0.3019751,moving,63.81838,1.534072,-5.343814,5.985718,66.0070005992248,5.326760026201539,69.30531170843221,71.35385742609984,110.7936353817027
05/18/2023 18:41:23.070745,3852,True,True,True,True,Eyes,1.534404,0.03215203,-3.562258,-0.8993376,-0.01310268,-0.4370587,0.0,0.0,0.0,0.0,0.0,0.0,0.0,3.829781,0.150773,0.2925529,1.422104,0.04001398,-3.570933,0.0539572,-0.80331,0.03968909,0.5917825,7.332495,252.6096,357.7052,0.4104996,0.007740024,-0.9118276,-0.2247893,-0.004543282,-0.0499188,0.26888,-0.06719571,-4.753092,-0.1819956,0.2089601,1.9929,-0.2937644,-0.03971409,0.9550525,-0.1336633,0.9910268,9.656345e-05,-0.9464865,-0.1276271,-0.2964367,moving,64.08125,1.717168,-5.217891,5.98572,66.2484201074901,5.5041623893404985,69.43047947057966,71.46793351598286,110.66528773102169
05/18/2023 18:41:23.090694,3853,True,True,True,True,Eyes,1.528852,0.03246508,-3.563018,-0.9013191,-0.01444931,-0.4329146,0.0,0.0,0.0,0.0,0.0,0.0,0.0,3.825643,0.157457,0.3037772,1.412285,0.0399752,-3.571619,0.05660071,-0.8014276,0.04230399,0.593903,7.760806,252.9222,357.6589,0.4090133,0.007795028,-0.9124949,-0.211302,-0.004270685,-0.04692367,0.2493739,-0.07116096,-4.741948,-0.1777892,0.20896,1.9929,-0.2881515,-0.0404738,0.9567292,-0.1409717,0.9900135,-0.0005765181,-0.9471514,-0.1350378,-0.2909794,moving,64.34445,1.91164,-5.097935,5.985718,66.48992876256378,5.692220653652979,69.56179228598346,71.58846540316189,110.53098805884254
05/18/2023 18:41:23.100590,3854,True,True,True,True,Eyes,1.523128,0.03275471,-3.563778,-0.9034778,-0.01532633,-0.428361,0.0,0.0,0.0,0.0,0.0,0.0,0.0,3.821676,0.1627288,0.3120704,1.402495,0.04034251,-3.572178,0.05793683,-0.7999163,0.04301447,0.5957574,7.923371,253.1895,357.6023,0.4075472,0.007852933,-0.9131501,-0.1986239,-0.004014444,-0.04410825,0.228945,-0.06772755,-4.730374,-0.1731138,0.20896,1.9929,-0.2834328,-0.04143685,0.9580964,-0.1439416,0.9895861,0.0002166364,-0.9481279,-0.1378486,-0.2864456,moving,64.63322,2.049113,-4.964551,5.985719,66.7563566680093,5.8275111731160605,69.70901372826671,71.72108216166014,110.38175282760561
05/18/2023 18:41:23.120856,3855,True,True,True,True,Eyes,1.517234,0.03302047,-3.564528,-0.9056041,-0.01622447,-0.4238136,0.0,0.0,0.0,0.0,0.0,0.0,0.0,3.817692,0.1665913,0.3206844,1.392618,0.04017624,-3.572725,0.0585269,-0.7984397,0.04300434,0.5976784,7.968766,253.4644,357.5662,0.4060962,0.007912839,-0.9137959,-0.1867064,-0.003773578,-0.04146176,0.2087618,-0.06263258,-4.718973,-0.1687323,0.20896,1.992901,-0.2787106,-0.04205487,0.9594539,-0.1448659,0.9894505,0.00128777,-0.9493862,-0.1386332,-0.2818626,moving,64.92088,2.192331,-4.839502,5.985717,67.02164004982086,5.9681538085607935,69.86344304520726,71.86114419608295,110.22544218989948
05/18/2023 18:41:23.140242,3856,True,True,True,True,Eyes,1.511188,0.03327432,-3.56529,-0.9078282,-0.01668928,-0.4190099,0.0,0.0,0.0,0.0,0.0,0.0,0.0,3.81378,0.169625,0.3281422,1.38267,0.0398794,-3.573234,0.05919044,-0.7970275,0.04332677,0.599472,8.049656,253.7234,357.5453,0.4046541,0.007973979,-0.9144348,-0.175504,-0.003547163,-0.03897405,0.1886633,-0.06568994,-4.706994,-0.1647469,0.2089601,1.9929,-0.2742601,-0.04240645,0.9607201,-0.1462992,0.9892386,0.00190076,-0.950462,-0.1400313,-0.2775126,moving,65.22422,2.280901,-4.725718,5.985719,67.3025823833037,6.058002907540452,70.04798000383,72.02833665350546,110.03971551361516
05/18/2023 18:41:23.150923,3857,True,True,True,True,Eyes,1.504979,0.03349849,-3.566033,-0.9100014,-0.01708451,-0.4142531,0.0,0.0,0.0,0.0,0.0,0.0,0.0,3.810138,0.1713186,0.3325362,1.372863,0.03980752,-3.573617,0.05923792,-0.7959383,0.04288286,0.6009446,8.016695,253.9332,357.5251,0.4032169,0.008035921,-0.9150689,-0.1649738,-0.003334333,-0.03663561,0.1682661,-0.06567611,-4.694659,-0.1604298,0.2089598,1.992898,-0.2707132,-0.04275899,0.9617101,-0.1458399,0.9893039,0.002933194,-0.9515489,-0.1394616,-0.2740535,moving,65.5239,2.361639,-4.602429,5.985719,67.58026476654813,6.140437183302227,70.21991152702088,72.18285957976111,109.86665834799615
05/18/2023 18:41:23.170377,3858,True,True,True,True,Eyes,1.498617,0.03370326,-3.566751,-0.9122637,-0.0172451,-0.4092402,0.0,0.0,0.0,0.0,0.0,0.0,0.0,3.806343,0.172821,0.3365569,1.362773,0.03930587,-3.57389,0.05904186,-0.7948769,0.04218888,0.6024157,7.944017,254.1421,357.5098,0.4017805,0.008097847,-0.9156999,-0.1550754,-0.003134273,-0.03443747,0.1469658,-0.06319191,-4.681404,-0.1562945,0.2089599,1.9929,-0.2672185,-0.04303152,0.9626745,-0.1446925,0.9894683,0.004065559,-0.9527109,-0.1382054,-0.2706305,moving,65.83907,2.412977,-4.484282,5.985718,67.8729444880264,6.1957066118971085,70.41404912919711,72.357531192383,109.6716927545039
05/18/2023 18:41:23.190633,3859,True,True,True,True,Eyes,1.492111,0.03386337,-3.567447,-0.9144721,-0.01741602,-0.4042741,0.0,0.0,0.0,0.0,0.0,0.0,0.0,3.802268,0.1784695,0.3408399,1.352764,0.03901996,-3.574041,0.05997613,-0.793685,0.04223701,0.6038901,8.017975,254.3535,357.4422,0.4003414,0.00815928,-0.9163295,-0.1457708,-0.002946217,-0.03237123,0.1248815,-0.06505577,-4.666318,-0.1519994,0.2089601,1.992901,-0.2634394,-0.04419129,0.9636633,-0.1462173,0.9892378,0.005392222,-0.9535304,-0.1394837,-0.2670659,moving,66.15051,2.466762,-4.36153,5.985718,68.16210175364357,6.253181129639208,70.59979345785324,72.52412494655702,109.48505273026244
05/18/2023 18:41:23.200350,3860,True,True,True,True,Eyes,1.326218,0.03676548,-3.584993,-0.9620083,-0.0183388,-0.2724038,0.0,0.0,0.0,0.0,0.0,0.0,0.0,3.798141,0.1868782,0.3449783,1.342863,0.0380986,-3.574223,0.06090946,-0.7925097,0.04175574,0.6053717,8.04376,254.5628,357.338,0.398897,0.008219117,-0.9169586,-0.1370246,-0.002769444,-0.03042895,0.1016843,-0.06378937,-4.650142,-0.1474482,0.2089601,1.9929,-0.2596305,-0.04598719,0.9646125,-0.1470982,0.989093,0.007562074,-0.9544392,-0.1399294,-0.2635633,moving,74.18992,3.851461,-4.231419,5.985719,75.62638336616398,7.73335611548484,78.4503758293323,79.87692303939058,101.62459602688858
05/18/2023 18:41:23.220930,3861,True,True,True,True,Eyes,1.32582,0.03673077,-3.584996,-0.9620478,-0.01838546,-0.2722611,0.0,0.0,0.0,0.0,0.0,0.0,0.0,3.794001,0.1952157,0.3494225,1.332979,0.03710337,-3.574414,0.06213175,-0.7912672,0.04177428,0.6068696,8.13587,254.7773,357.2426,0.3923236,0.008379766,-0.9197887,-0.626482,0.00610305,-0.0812396,0.07944906,-0.06683037,-4.634169,-0.1425567,0.2089601,1.9929,-0.2556978,-0.04762253,0.9655831,-0.1490287,0.9887891,0.009302496,-0.955201,-0.141521,-0.2599283,moving,74.1984,3.86325,-4.091529,5.985719,75.6340584882513,7.74458517806442,78.31869417630125,79.74498674261065,101.7555586945639
05/18/2023 18:41:23.240449,3862,True,True,True,True,Eyes,1.325034,0.03665875,-3.585011,-0.9621972,-0.0182206,-0.2717437,0.0,0.0,0.0,0.0,0.0,0.0,0.0,3.789964,0.2012848,0.3531561,1.323062,0.03623702,-3.574529,0.06302382,-0.7901073,0.04177557,0.6082871,8.203392,254.9813,357.1758,0.3868827,0.008516317,-0.9220892,-0.5888931,0.005736867,-0.07636523,0.05639438,-0.06645463,-4.617654,-0.1384442,0.20896,1.9929,-0.2520296,-0.04876808,0.9664899,-0.1504142,0.9885656,0.01065879,-0.9559584,-0.1426875,-0.2564832,moving,74.22927,3.835981,-3.973879,5.985717,75.66334550481623,7.719767119173172,78.23269059917277,79.6561011890885,101.84090555576984
05/18/2023 18:41:23.250999,3863,True,True,True,True,Eyes,1.323878,0.03653878,-3.585017,-0.9623778,-0.0180916,-0.2711118,0.0,0.0,0.0,0.0,0.0,0.0,0.0,3.786007,0.2027773,0.356205,1.312948,0.0352075,-3.574461,0.06267893,-0.7891193,0.04095343,0.6096599,8.109183,255.177,357.1638,0.3823607,0.008631696,-0.9239725,-0.5535595,0.005392655,-0.07178331,0.03453117,-0.07087146,-4.601708,-0.1344898,0.20896,1.9929,-0.2487728,-0.04898697,0.9673225,-0.1488576,0.9887883,0.01179136,-0.9570547,-0.1410599,-0.2532758,moving,74.26692,3.817754,-3.860721,5.985717,75.69877636178762,7.703567913530466,78.15771460191407,79.57804114340468,101.91523223241084
05/18/2023 18:41:23.270753,3864,True,True,True,True,Eyes,1.322367,0.03637689,-3.584991,-0.962647,-0.01829385,-0.2701411,0.0,0.0,0.0,0.0,0.0,0.0,0.0,3.781971,0.2042511,0.3596482,1.302925,0.03394446,-3.574298,0.06293555,-0.7880234,0.04116068,0.6110353,8.151026,255.3784,357.1692,0.3785817,0.008727968,-0.9255264,-0.520346,0.005069096,-0.06747631,0.0112857,-0.0619418,-4.58577,-0.1303017,0.20896,1.992901,-0.2453499,-0.04888811,0.968201,-0.1494906,0.9886898,0.01204054,-0.9578391,-0.1417828,-0.2498833,moving,74.32465,3.874133,-3.740841,5.985716,75.75148521038628,7.75766230857666,78.09404374110083,79.51207279438101,101.97823499645116
05/18/2023 18:41:23.291005,3865,True,True,True,True,Eyes,1.320512,0.03616683,-3.584954,-0.9629415,-0.01846227,-0.269078,0.0,0.0,0.0,0.0,0.0,0.0,0.0,3.777688,0.209767,0.3634825,1.293079,0.03277817,-3.574062,0.06380202,-0.7868495,0.04132546,0.6124454,8.232152,255.5834,357.1165,0.3753492,0.008807618,-0.9268413,-0.4891252,0.00476495,-0.06342773,-0.01051577,-0.0521903,-4.571031,-0.1259314,0.2089601,1.992901,-0.2416798,-0.04978599,0.969078,-0.1510243,0.988443,0.01311669,-0.9585314,-0.1431843,-0.2464055,moving,74.38786,3.925089,-3.615711,5.985716,75.80940422479442,7.806806033966693,78.03078413283549,79.44598981310311,102.04079810333315
05/18/2023 18:41:23.306680,3866,True,True,True,True,Eyes,1.318321,0.03591153,-3.584914,-0.9633061,-0.0187379,-0.2677506,0.0,0.0,0.0,0.0,0.0,0.0,0.0,3.773578,0.2115525,0.3663702,1.282964,0.03140491,-3.573779,0.06371904,-0.7858286,0.04092875,0.6137899,8.19521,255.7778,357.1101,0.3723941,0.008873896,-0.928032,-0.4597777,0.004479053,-0.05962207,-0.03254775,-0.0582947,-4.554002,-0.121654,0.2089601,1.992901,-0.2384035,-0.04990118,0.9698832,-0.1503878,0.9885294,0.01389425,-0.9594514,-0.1425462,-0.2431735,moving,74.46674,4.003185,-3.493209,5.985717,75.88140313936361,7.881712512979775,77.98515295371051,79.39725342390408,102.08579498293543
05/18/2023 18:41:23.320618,3867,True,True,True,True,Eyes,1.315809,0.03561001,-3.584857,-0.9636897,-0.01897246,-0.2663497,0.0,0.0,0.0,0.0,0.0,0.0,0.0,3.769407,0.2128367,0.3693161,1.272734,0.03003245,-3.573426,0.0637392,-0.7847754,0.04081767,0.6151413,8.191532,255.9751,357.1146,0.3696816,0.00892699,-0.9291153,-0.432191,0.00421031,-0.05604474,-0.0538669,-0.06378882,-4.537862,-0.1173073,0.2089601,1.992901,-0.2350772,-0.04982466,0.970699,-0.1502592,0.9885424,0.01435182,-0.9602922,-0.1424826,-0.2398704,moving,74.54998,4.074376,-3.368691,5.985718,75.95759708419435,7.950255476627986,77.94211004743974,79.35061051254533,102.12822999303184
05/18/2023 18:41:23.340291,3868,True,True,True,True,Eyes,1.312985,0.03528289,-3.58476,-0.964121,-0.01934476,-0.2647576,0.0,0.0,0.0,0.0,0.0,0.0,0.0,3.765188,0.2145441,0.3716254,1.262529,0.0285852,-3.572951,0.0636128,-0.7837948,0.04037818,0.6164324,8.147525,256.1621,357.1084,0.3671808,0.008967059,-0.9301061,-0.4062596,0.003957692,-0.05268206,-0.07492816,-0.06176685,-4.522527,-0.1128936,0.2089601,1.992901,-0.2319291,-0.04993793,0.9714499,-0.1494996,0.988646,0.01512956,-0.9611756,-0.1417224,-0.2367616,moving,74.64451,4.178942,-3.242218,5.985717,76.04367012270218,8.050297107228273,77.90768148550313,79.31276408261667,102.16218522084827
05/18/2023 18:41:23.350873,3869,True,True,True,True,Eyes,1.309847,0.03492957,-3.584636,-0.9645669,-0.01962103,-0.2631077,0.0,0.0,0.0,0.0,0.0,0.0,0.0,3.760935,0.2143242,0.3728476,1.252306,0.02764367,-3.572191,0.06396176,-0.7828416,0.04101878,0.6175641,8.234414,256.3317,357.1342,0.3648638,0.008994771,-0.9310172,-0.381884,0.00372023,-0.04952113,-0.09564459,-0.07044744,-4.506137,-0.1083882,0.2089601,1.992901,-0.229047,-0.04948038,0.9721569,-0.1508073,0.9884527,0.01477854,-0.9616625,-0.1432234,-0.2338642,moving,74.74245,4.264889,-3.113088,5.985718,76.13327783619869,8.132988747392503,77.87455328742944,79.27545187450681,102.19482388368976
05/18/2023 18:41:23.371211,3870,True,True,True,True,Eyes,1.30641,0.03454264,-3.58448,-0.96509,-0.01985345,-0.261165,0.0,0.0,0.0,0.0,0.0,0.0,0.0,3.756516,0.2143295,0.3744297,1.241655,0.02667171,-3.571431,0.06338247,-0.7819419,0.04014621,0.61882,8.118949,256.5122,357.1376,0.3627059,0.009010709,-0.9318599,-0.3589709,0.003497016,-0.04654986,-0.1176219,-0.062784,-4.490539,-0.1041346,0.2089602,1.992902,-0.2260895,-0.04943625,0.9728515,-0.1488093,0.9887419,0.01566067,-0.9626732,-0.1412287,-0.2309007,moving,74.85774,4.347194,-2.991141,5.985718,76.23912160876291,8.21266853887896,77.86612250427484,79.26155323835225,102.20279888850658
05/18/2023 18:41:23.390446,3871,True,True,True,True,Eyes,1.302683,0.03413339,-3.584289,-0.9656323,-0.02001917,-0.2591399,0.0,0.0,0.0,0.0,0.0,0.0,0.0,3.751709,0.2167766,0.377841,1.23109,0.02543662,-3.570552,0.06309645,-0.7808641,0.03923354,0.6202669,8.021541,256.7202,357.1133,0.3606846,0.009015203,-0.9326441,-0.3374327,0.003287195,-0.04375687,-0.1366199,-0.01604573,-4.482401,-0.09988141,0.2089602,1.992901,-0.2225759,-0.04986898,0.9736392,-0.14721,0.9889591,0.01700115,-0.9637372,-0.1395454,-0.2274597,moving,74.97789,4.41746,-2.869183,5.985719,76.34972483054187,8.281190652293077,77.86286798569914,79.25215800197728,102.20557495687642
05/18/2023 18:41:23.400685,3872,True,True,True,True,Eyes,1.298674,0.03370358,-3.584061,-0.9662445,-0.02002392,-0.2568474,0.0,0.0,0.0,0.0,0.0,0.0,0.0,3.746734,0.2169103,0.3831573,1.220452,0.02447981,-3.569562,0.06265306,-0.7796312,0.03860594,0.6218999,7.939343,256.9581,357.1251,0.3587798,0.009008843,-0.9333785,-0.3171867,0.003089964,-0.04113146,-0.1543481,-0.04770106,-4.466284,-0.0955267,0.2089601,1.9929,-0.2186304,-0.04967451,0.9745427,-0.1457106,0.9891683,0.01773109,-0.9648675,-0.1381246,-0.2235003,moving,75.11387,4.457783,-2.744287,5.985719,76.47565261301358,8.322047434591276,77.8731481311546,79.25438324057413,102.19457711651962
05/18/2023 18:41:23.421279,3873,True,True,True,True,Eyes,1.294395,0.03326449,-3.583793,-0.9668698,-0.01991316,-0.2544921,0.0,0.0,0.0,0.0,0.0,0.0,0.0,3.742103,0.2107182,0.3880987,1.209751,0.02350698,-3.568516,0.06067476,-0.7785792,0.03713026,0.6235015,7.670697,257.19,357.2135,0.3569739,0.0089922,-0.9340709,-0.2981555,0.002904566,-0.03866357,-0.1774978,-0.05735575,-4.445772,-0.09101641,0.20896,1.9929,-0.2151286,-0.04817868,0.9753965,-0.1407818,0.9898798,0.01784393,-0.966385,-0.1334793,-0.2197341,moving,75.25352,4.474088,-2.614901,5.985719,76.60546095139266,8.340506519848073,77.88309198608772,79.25535169295064,102.18371824426073
05/18/2023 18:41:23.440990,3874,True,True,True,True,Eyes,1.289849,0.03284499,-3.583471,-0.9675454,-0.0197205,-0.2519267,0.0,0.0,0.0,0.0,0.0,0.0,0.0,3.737286,0.2040277,0.3934879,1.199013,0.02283327,-3.567297,0.05916711,-0.7774233,0.03645445,0.6251267,7.507442,257.4295,357.3164,0.3552508,0.008966079,-0.9347277,-0.2802662,0.002730292,-0.03634376,-0.1960525,0.01286916,-4.438877,-0.08674628,0.2089601,1.9929,-0.2114318,-0.04641846,0.97629,-0.1375731,0.9903407,0.01729279,-0.9676624,-0.130655,-0.2157754,moving,75.40555,4.475914,-2.492378,5.985719,76.74708245781015,8.345696154865731,77.91255802392327,79.27459609368152,102.15324228205897
05/18/2023 18:41:23.450938,3875,True,True,True,True,Eyes,1.285045,0.03253831,-3.583107,-0.9682317,-0.01950277,-0.2492931,0.0,0.0,0.0,0.0,0.0,0.0,0.0,3.732286,0.1967918,0.3998079,1.188143,0.02289023,-3.565995,0.05768201,-0.7761754,0.03578704,0.6268523,7.346539,257.6841,357.4182,0.3535971,0.008931977,-0.9353549,-0.2634502,0.002566474,-0.03416313,-0.2159063,-0.01995523,-4.417853,-0.08219784,0.20896,1.992901,-0.2074579,-0.04467634,0.9772233,-0.1344091,0.9907842,0.01676218,-0.9689662,-0.1278702,-0.2115509,moving,75.56151,4.473269,-2.361845,5.985717,76.8924516195656,8.34679074232119,77.93803149559737,79.28945832756564,102.12667269711403
05/18/2023 18:41:23.470823,3876,True,True,True,True,Eyes,1.279962,0.03226697,-3.582674,-0.968966,-0.01896805,-0.2464652,0.0,0.0,0.0,0.0,0.0,0.0,0.0,3.727205,0.1895817,0.4065905,1.17722,0.02529506,-3.564663,0.05698628,-0.7748192,0.03577952,0.6285919,7.301325,257.9434,357.4965,0.3519995,0.008893661,-0.9359577,-0.2476432,0.002412486,-0.03211334,-0.2375312,-0.04284687,-4.396836,-0.07812625,0.20896,1.992901,-0.2032497,-0.04332669,0.978168,-0.1332895,0.9909447,0.01619693,-0.9700122,-0.1270875,-0.2071842,moving,75.72894,4.400829,-2.244976,5.985717,77.0498477055646,8.282817274971434,77.99002145369367,79.32808920029426,102.07324601232395
05/18/2023 18:41:23.490607,3877,True,True,True,True,Eyes,1.274644,0.0319327,-3.582183,-0.9696987,-0.01802045,-0.2436386,0.0,0.0,0.0,0.0,0.0,0.0,0.0,3.722419,0.1757121,0.4108286,1.16561,0.02581508,-3.56325,0.05256297,-0.7739635,0.03202449,0.6302319,6.651227,258.1738,357.6344,0.3504464,0.008852509,-0.9365407,-0.2327846,0.002267737,-0.03018654,-0.2546593,0.0495836,-4.392552,-0.07386589,0.20896,1.9929,-0.20009,-0.04099793,0.9789194,-0.1217293,0.9924232,0.01668215,-0.9721862,-0.1158253,-0.2035645,moving,75.89627,4.230114,-2.122669,5.985717,77.20903677899801,8.126852572423388,78.03868902396638,79.36059477691056,102.02289268317539
05/18/2023 18:41:23.500662,3878,True,True,True,True,Eyes,1.269132,0.03175123,-3.581647,-0.9704884,-0.01784634,-0.2404865,0.0,0.0,0.0,0.0,0.0,0.0,0.0,3.717674,0.1619346,0.4124513,1.154657,0.02389139,-3.561408,0.04805395,-0.7733242,0.02871778,0.6315348,6.033605,258.358,357.8072,0.3489285,0.00880718,-0.9371077,-0.2188175,0.002131673,-0.02837535,-0.2730311,0.01969002,-4.373679,-0.06949949,0.20896,1.9929,-0.1977099,-0.03805001,0.979522,-0.1105951,0.9937323,0.01627917,-0.9740021,-0.1051118,-0.2006788,moving,76.08248,4.244102,-1.997298,5.98572,77.38227266310729,8.144208763327423,78.09919952078387,79.40891204644888,101.96135548505838
05/18/2023 18:41:23.521416,3879,True,True,True,True,Eyes,1.263353,0.03163361,-3.581086,-0.9713033,-0.01707201,-0.2372305,0.0,0.0,0.0,0.0,0.0,0.0,0.0,3.710976,0.181237,0.424861,1.1446,0.02751123,-3.560031,0.05434019,-0.7709392,0.03282778,0.6337369,6.862738,258.6966,357.5652,0.3474379,0.008762122,-0.9376618,-0.2056885,0.002003772,-0.02667283,-0.2949236,-0.01503979,-4.348819,-0.06523389,0.20896,1.9929,-0.1908498,-0.04217763,0.9807129,-0.1253943,0.9919389,0.01825832,-0.9735774,-0.1194912,-0.1946002,moving,76.27483,4.116128,-1.874801,5.985718,77.56395423353405,8.028823963493178,78.17199109786229,79.46502447637826,101.88732981200508
05/18/2023 18:41:23.540504,3880,True,True,True,True,Eyes,1.257407,0.03157005,-3.58046,-0.972145,-0.01622061,-0.2338186,0.0,0.0,0.0,0.0,0.0,0.0,0.0,3.704798,0.1881763,0.4340663,1.132457,0.02875772,-3.558941,0.0510298,-0.7695242,0.02557163,0.6360618,5.985237,259.0132,357.3486,0.3459659,0.008719016,-0.9382063,-0.1933472,0.001883546,-0.02507246,-0.313324,0.03118895,-4.336594,-0.06093824,0.20896,1.9929,-0.1856429,-0.04600706,0.9815397,-0.1110676,0.9934841,0.02556022,-0.9763201,-0.1042722,-0.1895431,moving,76.4762,3.968401,-1.751426,5.985718,77.754419456924,7.895156138418328,78.25363274298749,79.52877099405427,101.80472895349034
05/18/2023 18:41:23.551261,3881,True,True,True,True,Eyes,1.25126,0.03157657,-3.579811,-0.9730023,-0.01568121,-0.2302621,0.0,0.0,0.0,0.0,0.0,0.0,0.0,3.700183,0.1696333,0.4406133,1.122593,0.02999511,-3.557128,0.04744529,-0.7684492,0.02419812,0.6376907,5.606792,259.2559,357.578,0.3445069,0.008679111,-0.9387434,-0.1817463,0.001770533,-0.02356811,-0.3301219,0.02963681,-4.321141,-0.05655521,0.2089601,1.992901,-0.1821994,-0.04205676,0.9823618,-0.1037804,0.9943268,0.02332078,-0.9777696,-0.09770087,-0.1855303,moving,76.68584,3.895919,-1.625523,5.985718,77.95114623833679,7.832109673954862,78.33924198496032,79.59808696998508,101.71826353340816
05/18/2023 18:41:23.570371,3882,True,True,True,True,Eyes,1.244918,0.03162787,-3.579111,-0.9738668,-0.01483063,-0.2266353,0.0,0.0,0.0,0.0,0.0,0.0,0.0,3.693999,0.164838,0.4572759,1.111706,0.03176194,-3.555981,0.04898948,-0.7659702,0.02737896,0.6404218,6.009354,259.6765,357.696,0.3430545,0.008643937,-0.9392754,-0.1708416,0.001664301,-0.02215403,-0.3483495,0.01343641,-4.303586,-0.05219966,0.20896,1.9929,-0.17492,-0.0399808,0.9837706,-0.1101171,0.9937009,0.02080493,-0.9784055,-0.1046908,-0.1782206,moving,76.89948,3.744002,-1.500394,5.985719,78.15312466153125,7.694800755644066,78.43191657943828,79.67185196548643,101.62519218498797
05/18/2023 18:41:23.591690,3883,True,True,True,True,Eyes,1.238415,0.03170415,-3.578375,-0.974733,-0.01394321,-0.2229375,0.0,0.0,0.0,0.0,0.0,0.0,0.0,3.689688,0.148621,0.4588003,1.100756,0.03282251,-3.554383,0.04392438,-0.7653345,0.02311432,0.6417162,5.26454,259.8588,357.8379,0.341604,0.008614244,-0.9398043,-0.1605911,0.001564443,-0.02082478,-0.3647128,0.03063344,-4.290785,-0.04778242,0.2089601,1.992901,-0.1725424,-0.03756801,0.9842855,-0.09689934,0.9950727,0.02099359,-0.9802244,-0.09175432,-0.1753325,moving,77.1171,3.578797,-1.373479,5.985717,78.35906655059387,7.545144904295497,78.5274745273375,79.74779392162658,101.52971565390634
05/18/2023 18:41:23.600687,3884,True,True,True,True,Eyes,1.231742,0.03183909,-3.577611,-0.9756349,-0.01339683,-0.2189905,0.0,0.0,0.0,0.0,0.0,0.0,0.0,3.683863,0.1482134,0.4690928,1.090433,0.03345802,-3.552844,0.04344879,-0.7636184,0.0222812,0.643819,5.162167,260.1718,357.8326,0.3401512,0.008590152,-0.9403313,-0.1509556,0.001470577,-0.0195753,-0.3811841,0.03471073,-4.275951,-0.04349524,0.20896,1.992901,-0.1672191,-0.03766647,0.9852002,-0.0950467,0.9952315,0.02191763,-0.9813278,-0.08997497,-0.1700017,moving,77.3491,3.500731,-1.250287,5.985717,78.57673481650289,7.477383503355188,78.63865965411647,79.84095741566267,101.41826009559604
05/18/2023 18:41:23.620762,3885,True,True,True,True,Eyes,1.224907,0.03201184,-3.576828,-0.9765413,-0.01258008,-0.2149625,0.0,0.0,0.0,0.0,0.0,0.0,0.0,3.676939,0.1596829,0.4852219,1.079746,0.03502836,-3.551583,0.04546427,-0.7611802,0.02219207,0.6465642,5.31179,260.5825,357.668,0.3386924,0.008572677,-0.9408579,-0.1418983,0.001382342,-0.01840078,-0.3971772,0.02514269,-4.261074,-0.03917682,0.20896,1.9929,-0.1597757,-0.04051581,0.9863217,-0.0979102,0.994881,0.02500682,-0.9822859,-0.09257547,-0.1629247,moving,77.58568,3.349256,-1.126187,5.985718,78.80007949380658,7.341013479973029,78.75600890410288,79.93775642008615,101.30154183178554
05/18/2023 18:41:23.640757,3886,True,True,True,True,Eyes,1.217937,0.03217472,-3.575989,-0.9774626,-0.01188959,-0.2107732,0.0,0.0,0.0,0.0,0.0,0.0,0.0,3.671055,0.1605075,0.4968252,1.069069,0.03605485,-3.550357,0.04363286,-0.7594024,0.01884876,0.6488828,4.890563,260.9228,357.5951,0.3372244,0.00856218,-0.9413851,-0.1333844,0.001299401,-0.01729673,-0.41308,0.02801543,-4.247743,-0.03479141,0.20896,1.9929,-0.1540944,-0.04180852,0.9871711,-0.09073107,0.9954818,0.02799764,-0.9838814,-0.08525281,-0.1571915,moving,77.83146,3.2286,-1.00015,5.985718,79.03140492812857,7.233701768806909,78.87981005845555,80.04128464549571,101.17834032873628
05/18/2023 18:41:23.651048,3887,True,True,True,True,Eyes,1.040699,0.03570364,-3.554612,-0.994719,-0.0008194632,-0.1026325,0.0,0.0,0.0,0.0,0.0,0.0,0.0,3.665133,0.1615325,0.5091181,1.058991,0.03601098,-3.549047,0.0433749,-0.7574705,0.01818301,0.6511734,4.820555,261.2674,357.5826,0.3357448,0.008557726,-0.9419138,-0.1253813,0.001221437,-0.01625893,-0.4286329,0.02768215,-4.233353,-0.03039575,0.20896,1.9929,-0.1481843,-0.04202982,0.9880664,-0.08939099,0.995576,0.02894296,-0.9849116,-0.08403533,-0.1512858,moving,84.10921,0.4574651,-0.8738085,5.98572,84.93399144898558,4.783536474057355,85.16263873090544,85.8162209451988,94.99447160396244
05/18/2023 18:41:23.670653,3888,True,True,True,True,Eyes,1.040304,0.0357204,-3.554548,-0.9947534,-0.001048376,-0.1022973,0.0,0.0,0.0,0.0,0.0,0.0,0.0,3.658863,0.169245,0.5226579,1.049086,0.03567646,-3.547849,0.04560722,-0.7552471,0.01981698,0.6535513,5.137532,261.6314,357.5263,0.3285558,0.008710681,-0.9444442,-0.6495709,0.0117349,0.04884858,-0.4441028,0.01566948,-4.217894,-0.02612078,0.20896,1.9929,-0.1415816,-0.04298661,0.988993,-0.09479226,0.9950545,0.02967989,-0.9853778,-0.08954675,-0.1449561,moving,84.12852,0.5871651,-0.7509282,5.985718,84.94949457646148,4.905382418947979,85.05095590380265,85.70723183624544,95.09884778639487
05/18/2023 18:41:23.690549,3889,True,True,True,True,Eyes,1.039524,0.03577352,-3.554433,-0.9948138,-0.001336285,-0.1017036,0.0,0.0,0.0,0.0,0.0,0.0,0.0,3.652701,0.1751006,0.5353036,1.039277,0.03615534,-3.546552,0.04702232,-0.7531644,0.02042916,0.6558315,5.304595,261.9792,357.4653,0.3226306,0.008834383,-0.9464834,-0.6105967,0.0110308,0.04591767,-0.4593991,0.006695017,-4.202516,-0.02182478,0.20896,1.992901,-0.1353481,-0.04403491,0.9898191,-0.09762724,0.9947431,0.0309044,-0.9859765,-0.09245045,-0.1389356,moving,84.16272,0.7527665,-0.627436,5.985718,84.97818267069977,5.061174247391442,84.95148224666646,85.61061107797181,95.18938209498705
05/18/2023 18:41:23.701073,3890,True,True,True,True,Eyes,1.038376,0.03584222,-3.554222,-0.994907,-0.001571183,-0.1007852,0.0,0.0,0.0,0.0,0.0,0.0,0.0,3.646248,0.1787054,0.550344,1.029306,0.03709315,-3.545292,0.04789904,-0.750881,0.02067334,0.6583739,5.400522,262.3672,357.4259,0.3177282,0.008935695,-0.9481395,-0.5739608,0.01036896,0.04316261,-0.4741552,0.004222706,-4.188496,-0.01737249,0.2089601,1.992901,-0.1284994,-0.04471139,0.9907013,-0.09915453,0.9945566,0.03202452,-0.9867403,-0.09411739,-0.1322332,moving,84.21561,0.8931361,-0.4994454,5.985718,85.02476975881613,5.193776072079866,84.86798572979846,85.52788171437822,95.26547648766625
05/18/2023 18:41:23.720751,3891,True,True,True,True,Eyes,1.036891,0.03592156,-3.553974,-0.9950178,-0.001717368,-0.09968251,0.0,0.0,0.0,0.0,0.0,0.0,0.0,3.640254,0.1797282,0.5641663,1.019481,0.03757116,-3.54419,0.04726959,-0.7488205,0.01931045,0.660803,5.243687,262.7348,357.3943,0.3136513,0.00901965,-0.9494951,-0.5395232,0.009746818,0.04057285,-0.4882426,-0.006730378,-4.174157,-0.01306218,0.2089601,1.992901,-0.1222101,-0.04527206,0.9914711,-0.09631367,0.9947854,0.03355164,-0.98782,-0.09139188,-0.1259332,moving,84.27911,0.9870159,-0.3755315,5.985719,85.08213516138935,5.28310466200689,84.80209525816842,85.4605549836712,95.32643640257008
05/18/2023 18:41:23.740675,3892,True,True,True,True,Eyes,1.035088,0.03601239,-3.553659,-0.9951507,-0.001915826,-0.09834306,0.0,0.0,0.0,0.0,0.0,0.0,0.0,3.634816,0.1800433,0.5749755,1.009938,0.0378863,-3.543089,0.04676832,-0.7470337,0.0183371,0.6628855,5.129145,263.0515,357.378,0.3102385,0.009090179,-0.950615,-0.5071518,0.009162009,0.03813848,-0.5022675,-0.02191962,-4.159879,-0.008619308,0.20896,1.992901,-0.1167911,-0.04556422,0.9921108,-0.09418583,0.9949529,0.03460723,-0.9886805,-0.08940096,-0.1204932,moving,84.35622,1.11604,-0.2478031,5.985717,85.15150739964122,5.405641159442503,84.74405276354005,85.40128056296889,95.37795399916487
05/18/2023 18:41:23.751220,3893,True,True,True,True,Eyes,1.032974,0.03610206,-3.553308,-0.9952987,-0.002111922,-0.09682975,0.0,0.0,0.0,0.0,0.0,0.0,0.0,3.629234,0.1847368,0.5858798,1.000581,0.03830336,-3.542047,0.0474648,-0.7451564,0.01811582,0.6649517,5.170617,263.368,357.3155,0.3071923,0.009154503,-0.9516032,-0.4767227,0.008612288,0.03585017,-0.5159042,-0.02741601,-4.147061,-0.004247725,0.20896,1.9929,-0.1111726,-0.04664511,0.9927059,-0.09482971,0.9948378,0.03612537,-0.9892666,-0.09012187,-0.115022,moving,84.44334,1.249461,-0.1221217,5.985717,85.23012223811882,5.53252247353508,84.69798954775553,85.35344709237559,95.41747812615499
05/18/2023 18:41:23.770810,3894,True,True,True,True,Eyes,1.030593,0.03619138,-3.552892,-0.99549,-0.002214655,-0.09484086,0.0,0.0,0.0,0.0,0.0,0.0,0.0,3.623413,0.1901706,0.5968435,0.9910367,0.03836213,-3.540887,0.04802398,-0.7432566,0.01757642,0.6670491,5.174899,263.6892,357.241,0.3043986,0.009214988,-0.9525,-0.4481193,0.008095551,0.03369916,-0.5296993,-0.02935252,-4.134132,4.976988e-05,0.20896,1.9929,-0.1054786,-0.0479396,0.9932655,-0.09483695,0.9947696,0.03794111,-0.989889,-0.09019628,-0.1094735,moving,84.55782,1.337686,0.001430881,5.985717,85.33509765845403,5.617725055237829,84.68404296572467,85.3344602359268,95.42711504431101
05/18/2023 18:41:23.790989,3895,True,True,True,True,Eyes,1.02795,0.03628255,-3.55245,-0.9956949,-0.002604663,-0.09265492,0.0,0.0,0.0,0.0,0.0,0.0,0.0,3.617388,0.1985385,0.6093316,0.9822888,0.03852086,-3.539748,0.05041224,-0.7411287,0.01917425,0.6691929,5.502675,264.0243,357.1748,0.3018259,0.009272071,-0.9533178,-0.4212322,0.007609818,0.03167721,-0.5432541,-0.03265962,-4.121767,0.004293561,0.20896,1.9929,-0.09927887,-0.04906138,0.9938495,-0.1003865,0.9941819,0.03904986,-0.989983,-0.09589221,-0.1036264,moving,84.68362,1.610243,0.1234395,5.985719,85.44708285068151,5.875728189412157,84.67330698879758,85.32371424529472,95.42568558166464
05/18/2023 18:41:23.810746,3896,True,True,True,True,Eyes,1.025074,0.03637213,-3.551986,-0.9959366,-0.002924826,-0.09001014,0.0,0.0,0.0,0.0,0.0,0.0,0.0,3.610676,0.2101272,0.6249328,0.9734038,0.03871832,-3.538737,0.05350971,-0.7386169,0.02110342,0.6716669,5.915182,264.4131,357.0784,0.2994464,0.009326168,-0.9540673,-0.3959582,0.007153229,0.02977658,-0.5563232,-0.03177495,-4.110746,0.008755147,0.20896,1.9929,-0.09200065,-0.05069742,0.9944676,-0.1073953,0.9933828,0.04070672,-0.9899506,-0.1030561,-0.09683657,moving,84.83578,1.861137,0.2517084,5.985719,85.58404519548516,6.11405743523027,84.68457560328594,85.3324333048816,95.4038356224004
05/18/2023 18:41:23.821553,3897,True,True,True,True,Eyes,1.02197,0.03646651,-3.551498,-0.9961847,-0.003547882,-0.08719733,0.0,0.0,0.0,0.0,0.0,0.0,0.0,3.604352,0.217845,0.6392579,0.964897,0.0388193,-3.537645,0.0558235,-0.7362966,0.0228025,0.6739668,6.247597,264.7766,357.0321,0.2972352,0.009377575,-0.954758,-0.3722008,0.006724035,0.02798999,-0.5696382,-0.02993104,-4.099704,0.01316768,0.20896,1.9929,-0.08530545,-0.05146907,0.9950246,-0.1129416,0.9927276,0.04166755,-0.989933,-0.1088252,-0.09049808,moving,84.99758,2.329964,0.3785647,5.985719,85.72580704900864,6.556600521534019,84.69794740701606,85.34915162022433,95.37282310072239
05/18/2023 18:41:23.840753,3898,True,True,True,True,Eyes,1.02197,0.03646651,-3.551498,-0.9961847,-0.003547882,-0.08719733,0.0,0.0,0.0,0.0,0.0,0.0,0.0,3.597647,0.2287724,0.654784,0.9563355,0.03901412,-3.536671,0.0589942,-0.733754,0.02504233,0.6763858,6.693351,265.1628,356.9585,0.29517,0.00942672,-0.9553979,-0.3498687,0.006320593,0.02631059,-0.5826676,-0.0330155,-4.088369,0.01741311,0.20896,1.9929,-0.07804418,-0.05269791,0.9955564,-0.120451,0.9917852,0.04305586,-0.9896469,-0.1165555,-0.08375047,moving,84.99758,2.329964,0.5006133,5.985719,85.72580704900864,6.556600521534019,84.5760127111756,85.22710575437658,95.49420454187836
05/18/2023 18:41:23.853383,3899,True,True,True,True,Eyes,1.02197,0.03646651,-3.551498,-0.9961847,-0.003547882,-0.08719733,0.0,0.0,0.0,0.0,0.0,0.0,0.0,3.590745,0.2411674,0.6702867,0.9475719,0.03966666,-3.535735,0.06157655,-0.7312381,0.02585888,0.678845,6.974054,265.5508,356.8268,0.2933104,0.009470909,-0.95597,-0.3288766,0.005941357,0.02473195,-0.595629,-0.03508697,-4.0769,0.02176908,0.20896,1.992901,-0.07075552,-0.05494587,0.9959794,-0.1251626,0.9910793,0.04578387,-0.9896101,-0.1214199,-0.07700144,moving,84.99758,2.329964,0.6258348,5.985716,85.72580704900864,6.556600521534019,84.45090828865742,85.10188708788405,95.61874149334162
05/18/2023 18:41:23.870886,3900,True,True,True,True,Eyes,1.017942,0.03657425,-3.550901,-0.9965165,-0.004120186,-0.0832936,0.0,0.0,0.0,0.0,0.0,0.0,0.0,3.583806,0.2497226,0.6865051,0.9388003,0.03987946,-3.534738,0.06304718,-0.728739,0.02601374,0.6813868,7.113396,265.9507,356.7394,0.2916356,0.009510652,-0.9564818,-0.309144,0.005584876,0.02324803,-0.6084496,-0.03955819,-4.065304,0.02607444,0.20896,1.9929,-0.06347449,-0.05643903,0.9963863,-0.1273407,0.9906967,0.04800456,-0.9898261,-0.1238335,-0.07007085,moving,85.22205,2.831874,0.7495959,5.985718,85.92532779411523,7.031545198089673,84.53130919164178,85.18215222818958,95.52200252696984
05/18/2023 18:41:23.891000,3901,True,True,True,True,Eyes,1.013736,0.03667052,-3.550292,-0.996842,-0.0047828,-0.07926603,0.0,0.0,0.0,0.0,0.0,0.0,0.0,3.577118,0.2516953,0.7042062,0.930204,0.0395854,-3.533862,0.06352518,-0.7261843,0.02643607,0.6840484,7.198283,266.3732,356.7587,0.2900319,0.009549771,-0.956969,-0.2905954,0.005249783,0.02185315,-0.621143,-0.04303344,-4.054132,0.03033042,0.20896,1.9929,-0.05608494,-0.05609486,0.9968491,-0.1284291,0.9905313,0.04851367,-0.9901317,-0.1253035,-0.06275811,moving,85.45357,3.45296,0.8719307,5.985719,86.1291301861844,7.618204306802071,84.61955196541392,85.27282728105106,95.41737808298201
05/18/2023 18:41:23.918747,3902,True,True,True,True,Eyes,1.009346,0.03677236,-3.549661,-0.9971823,-0.00505914,-0.07484543,0.0,0.0,0.0,0.0,0.0,0.0,0.0,3.570776,0.2511627,0.7210937,0.9217405,0.03943548,-3.533035,0.06415685,-0.7236814,0.02771223,0.6865867,7.366059,266.7826,356.8322,0.2884869,0.009588052,-0.9574355,-0.2731596,0.004934797,0.02054196,-0.6340976,-0.04099222,-4.043208,0.03467637,0.20896,1.9929,-0.04896546,-0.05480454,0.9972958,-0.1309119,0.9902318,0.04798882,-0.9901841,-0.1282081,-0.05566176,moving,85.7076,3.866997,0.9968434,5.985719,86.35788048830193,8.011573403875182,84.73724840150126,85.38507327897634,95.2906134713791
05/18/2023 18:41:23.920707,3903,True,True,True,True,Eyes,1.004771,0.03686404,-3.549006,-0.9975122,-0.005270498,-0.07029723,0.0,0.0,0.0,0.0,0.0,0.0,0.0,3.563995,0.2489623,0.7393332,0.9129216,0.03964183,-3.53209,0.06367119,-0.7211301,0.02754609,0.6893176,7.32561,267.2166,356.8875,0.2869909,0.009625742,-0.9578848,-0.25677,0.004638709,0.01930944,-0.6467664,-0.04392603,-4.031985,0.03903013,0.2089601,1.9929,-0.04157452,-0.0538544,0.997683,-0.1298064,0.9903744,0.04805071,-0.9906675,-0.127508,-0.04816507,moving,85.96889,4.287699,1.121971,5.98572,86.59326750011964,8.411347385104198,84.86390834217454,85.50570854406583,95.15646663222657
05/18/2023 18:41:23.940508,3904,True,True,True,True,Eyes,1.000029,0.03694464,-3.548328,-0.9978449,-0.005192458,-0.06541078,0.0,0.0,0.0,0.0,0.0,0.0,0.0,3.55676,0.2473761,0.7578192,0.9039512,0.03947973,-3.530912,0.06305433,-0.7185355,0.02710009,0.6920957,7.251448,267.658,356.9315,0.2855341,0.009662651,-0.9583197,-0.2413638,0.004360386,0.01815088,-0.659214,-0.04818736,-4.020366,0.04335704,0.20896,1.9929,-0.03405534,-0.05310185,0.9980082,-0.1281253,0.9905795,0.04833451,-0.9911731,-0.126224,-0.04053811,moving,86.24951,4.538753,1.246317,5.98572,86.84992157584223,8.652767240214938,85.01550760710859,85.64514146966361,95.00057473744802
05/18/2023 18:41:23.950966,3905,True,True,True,True,Eyes,0.9951123,0.03700531,-3.547633,-0.9981638,-0.004989302,-0.0603673,0.0,0.0,0.0,0.0,0.0,0.0,0.0,3.549036,0.2470605,0.7789035,0.8951876,0.03925826,-3.529941,0.06262551,-0.715668,0.0266854,0.6951154,7.195751,268.1398,356.9644,0.2841085,0.009698575,-0.9587428,-0.226882,0.004098763,0.01706182,-0.6719509,-0.04849827,-4.00912,0.04781619,0.20896,1.992899,-0.02578568,-0.05253928,0.998286,-0.126737,0.9907319,0.04886812,-0.9916013,-0.1252597,-0.03220531,moving,86.53906,4.724705,1.37445,5.985721,87.11614581595741,8.833453709457284,85.17394529904293,85.78897355127104,94.83882648073214
05/18/2023 18:41:23.970815,3906,True,True,True,True,Eyes,0.9900362,0.03702935,-3.546946,-0.998474,-0.004536613,-0.05503743,0.0,0.0,0.0,0.0,0.0,0.0,0.0,3.540753,0.2481323,0.8010588,0.8861176,0.03881108,-3.528949,0.06170341,-0.7127005,0.02516534,0.6982962,7.010153,268.6434,356.9502,0.2827072,0.009733085,-0.9591566,-0.2132691,0.003852837,0.01603811,-0.6846927,-0.04995419,-3.997831,0.05216166,0.2089601,1.9929,-0.01715053,-0.05280637,0.9984576,-0.1230978,0.9911188,0.05030381,-0.9922464,-0.1220452,-0.02349856,moving,86.84496,4.712111,1.499303,5.985721,87.40141508511839,8.828668260560693,85.35515948783501,85.94914315925769,94.65606570527521
05/18/2023 18:41:23.990650,3907,True,True,True,True,Eyes,0.9848094,0.03700252,-3.546248,-0.9987637,-0.004105417,-0.04954081,0.0,0.0,0.0,0.0,0.0,0.0,0.0,3.532366,0.2485428,0.8237131,0.8772414,0.0378806,-3.528015,0.06081671,-0.7096659,0.02400355,0.7014981,6.857165,269.1546,356.9607,0.2813224,0.009765357,-0.9595633,-0.2004729,0.003621667,0.01507583,-0.6973069,-0.05007982,-3.986892,0.05634859,0.20896,1.9929,-0.008403791,-0.05264219,0.9985783,-0.119996,0.9914504,0.0512566,-0.9927389,-0.1193946,-0.01464879,moving,87.16034,4.737243,1.619588,5.985718,87.69479344199785,8.859412735152853,85.54986231754631,86.12316246697506,94.4594676734893
05/18/2023 18:41:24.000828,3908,True,True,True,True,Eyes,0.9794331,0.03693211,-3.545546,-0.999037,-0.004037293,-0.04368884,0.0,0.0,0.0,0.0,0.0,0.0,0.0,3.523332,0.2500252,0.8484809,0.8684184,0.03663513,-3.527153,0.06074261,-0.7063096,0.02400273,0.7048838,6.865537,269.7042,356.9996,0.2799495,0.009794236,-0.9599646,-0.1884446,0.003404367,0.01417128,-0.7095645,-0.05423352,-3.976338,0.06051788,0.20896,1.9929,0.001101476,-0.05196791,0.9986481,-0.1196444,0.9914684,0.05172625,-0.9928162,-0.1195397,-0.005125534,moving,87.49599,5.279717,1.739352,5.98572,87.99712952003476,9.374872030615066,85.75954408285445,86.32433338394475,94.24434193705098
05/18/2023 18:41:24.020697,3909,True,True,True,True,Eyes,0.9739039,0.03682053,-3.544825,-0.9992814,-0.003963029,-0.03769553,0.0,0.0,0.0,0.0,0.0,0.0,0.0,3.514263,0.2486517,0.8732212,0.8594756,0.03550676,-3.526248,0.06061064,-0.7029188,0.02463404,0.7082548,6.92021,270.2576,357.0948,0.2785827,0.009818895,-0.9603618,-0.1771379,0.003200105,0.013321,-0.7226396,-0.05138709,-3.965118,0.06496677,0.20896,1.992901,0.01059657,-0.05031437,0.9986773,-0.1201031,0.991439,0.05122408,-0.9927049,-0.120487,0.004462985,moving,87.83968,6.001608,1.867129,5.985716,88.30351350607185,10.05845617194603,85.97255246881568,86.53228171607218,94.02917500285619
05/18/2023 18:41:24.040665,3910,True,True,True,True,Eyes,0.9682316,0.03666935,-3.544094,-0.9994991,-0.004149193,-0.03137328,0.0,0.0,0.0,0.0,0.0,0.0,0.0,3.505131,0.2422503,0.897948,0.8503003,0.03441487,-3.525158,0.05974178,-0.6995497,0.025373,0.7116303,6.922544,270.8151,357.259,0.2772181,0.009838641,-0.9607564,-0.1665096,0.003008098,0.01252174,-0.735742,-0.04946965,-3.95277,0.06936276,0.2089601,1.992901,0.01997307,-0.04747229,0.998673,-0.1196971,0.9915742,0.04952876,-0.9926097,-0.1205274,0.0141225,moving,88.20213,7.533785,1.99337,5.985716,88.61182585400935,11.500926719419825,86.22265838146235,86.79386178649139,93.79535969299506
05/18/2023 18:41:24.051408,3911,True,True,True,True,Eyes,0.9624145,0.03648433,-3.54334,-0.9996804,-0.004305648,-0.02490819,0.0,0.0,0.0,0.0,0.0,0.0,0.0,3.495671,0.2358463,0.9230838,0.8412336,0.03330317,-3.524009,0.05902823,-0.6961044,0.02639203,0.715023,6.95884,271.3802,357.4341,0.2758517,0.009852896,-0.9611495,-0.156519,0.002827612,0.01177044,-0.7490032,-0.0477553,-3.939407,0.0737415,0.20896,1.992901,0.0294844,-0.04443779,0.9985769,-0.1199214,0.9916383,0.04766986,-0.9923455,-0.1211563,0.02390876,moving,88.57271,9.807276,2.119097,5.985717,88.91348563956066,13.637480039122607,86.53803507096895,87.13102419300475,93.55278293393943
05/18/2023 18:41:24.070890,3912,True,True,True,True,Eyes,0.9564606,0.03627384,-3.542599,-0.9998247,-0.004667668,-0.01812873,0.0,0.0,0.0,0.0,0.0,0.0,0.0,3.485554,0.2318924,0.9489844,0.8319664,0.0323082,-3.522814,0.05830663,-0.6925405,0.02671909,0.7185223,6.938119,271.9614,357.5541,0.2744794,0.009861306,-0.9615421,-0.1471279,0.002657956,0.01106421,-0.7623715,-0.03942022,-3.926542,0.07807463,0.20896,1.9929,0.03934754,-0.04236288,0.9983273,-0.1191559,0.9917729,0.0467811,-0.9920956,-0.1207973,0.03397605,moving,88.96124,14.43854,2.243495,5.985719,89.18661857747773,17.981404888953044,87.128740842176,87.76675462471535,93.29225269861826
05/18/2023 18:41:24.090882,3913,True,True,True,True,Eyes,0.9503633,0.03603567,-3.541837,-0.9999253,-0.004955715,-0.0111789,0.0,0.0,0.0,0.0,0.0,0.0,0.0,3.474531,0.2320207,0.9764824,0.8228238,0.03146616,-3.521603,0.05821672,-0.688736,0.02699479,0.722167,6.965342,272.5699,357.621,0.2730983,0.009863757,-0.9619354,-0.1383002,0.002498478,0.01040036,-0.775614,-0.0344331,-3.913239,0.08241779,0.2089601,1.9929,0.04982816,-0.0412024,0.9979076,-0.1191814,0.9917642,0.0468998,-0.9916214,-0.1212689,0.04450719,moving,89.35947,23.90818,2.368158,5.985719,89.37592808080781,26.85444631252454,88.81837068860172,89.47544821949329,93.02188083447128
05/18/2023 18:41:24.100583,3914,True,True,True,True,Eyes,0.9441255,0.03577449,-3.541088,-0.9999782,-0.005304649,-0.003945708,0.0,0.0,0.0,0.0,0.0,0.0,0.0,3.462837,0.2318419,1.005524,0.8133193,0.03055191,-3.520461,0.05758295,-0.6847579,0.02646487,0.7260101,6.883771,273.2094,357.6659,0.2717057,0.009860095,-0.9623296,-0.1300022,0.00234857,0.009776335,-0.7890214,-0.0287898,-3.899188,0.08688349,0.2089601,1.992901,0.06081236,-0.04043324,0.9973301,-0.1172883,0.9919676,0.04736754,-0.9912344,-0.1198556,0.05558157,moving,89.77393,53.35736,2.496315,5.985718,89.19689853130377,54.4294296187185,99.30485660764225,99.31658663116724,92.73922685519149
05/18/2023 18:41:24.120887,3915,True,True,True,True,Eyes,0.9377439,0.03549151,-3.540306,-0.9999787,-0.005539053,0.003433776,0.0,0.0,0.0,0.0,0.0,0.0,0.0,3.451047,0.2306544,1.033909,0.8038405,0.02969348,-3.519212,0.0566947,-0.6808418,0.02574088,0.7297792,6.76516,273.8386,357.7128,0.2702989,0.009850303,-0.9627258,-0.1222021,0.002207655,0.009189755,-0.8022975,-0.02485941,-3.885009,0.0911575,0.20896,1.992901,0.07158375,-0.03962993,0.9966471,-0.1147705,0.9922462,0.04769829,-0.9908096,-0.1178001,0.06648035,moving,-89.80326,-58.20435,2.618947,5.985716,-75.98604695010326,-54.10742906275231,112.52656983946149,98.94408096207052,92.44206959556173
05/18/2023 18:41:24.140690,3916,True,True,True,True,Eyes,0.9312206,0.03518532,-3.539532,-0.9999229,-0.005666685,0.01105936,0.0,0.0,0.0,0.0,0.0,0.0,0.0,3.438781,0.2305946,1.061849,0.7940499,0.02886584,-3.51775,0.05581724,-0.6769048,0.02468947,0.7335358,6.621664,274.4672,357.73,0.2688751,0.009834403,-0.9631246,-0.11487,0.002075196,0.00863837,-0.8164021,-0.001551002,-3.871978,0.09548226,0.20896,1.9929,0.08238069,-0.0393447,0.995824,-0.1117871,0.9925498,0.04846304,-0.9903116,-0.1153127,0.07736869,moving,-89.36633,-27.13007,2.743012,5.985717,-76.17532977528883,-25.0107791135704,97.88149075439306,84.7873070682156,92.13166436746617
05/18/2023 18:41:24.151229,3917,True,True,True,True,Eyes,0.9245584,0.03486224,-3.538721,-0.9998056,-0.005699305,0.01887224,0.0,0.0,0.0,0.0,0.0,0.0,0.0,3.425889,0.2302457,1.09107,0.7843117,0.02795564,-3.516282,0.05456703,-0.6728362,0.02309527,0.7374148,6.405004,275.1167,357.7296,0.2674327,0.009812375,-0.9635264,-0.1079778,0.001950684,0.008120067,-0.8292722,0.01826721,-3.860187,0.09979615,0.2089601,1.992901,0.09351616,-0.03936775,0.9948392,-0.1074909,0.9929781,0.04939839,-0.9897982,-0.1115557,0.08862785,moving,-88.91862,-16.80401,2.866738,5.985717,-75.9563534614758,-15.334964920230572,94.57231941706142,81.65568703457112,91.80964215450636
05/18/2023 18:41:24.170822,3918,True,True,True,True,Eyes,0.9177638,0.03451271,-3.53788,-0.9996203,-0.005748258,0.02694635,0.0,0.0,0.0,0.0,0.0,0.0,0.0,3.411271,0.2358358,1.122992,0.7743746,0.02719778,-3.514698,0.05426175,-0.6683272,0.0214608,0.7415754,6.267127,275.8195,357.6534,0.2659697,0.009784368,-0.9639315,-0.1014991,0.001833643,0.007632863,-0.84173,-0.007741585,-3.841859,0.1041857,0.2089601,1.992902,0.1057565,-0.04069959,0.9935589,-0.1043588,0.9931902,0.05179267,-0.9889008,-0.109164,0.100789,moving,-88.45587,-12.04197,2.992608,5.985716,-75.61657471594661,-10.86692989232028,93.20848454422527,80.39536852854783,91.47489024328335
05/18/2023 18:41:24.190735,3919,True,True,True,True,Eyes,0.9108448,0.03416809,-3.537016,-0.9993626,-0.005755026,0.03523093,0.0,0.0,0.0,0.0,0.0,0.0,0.0,3.395468,0.241242,1.157748,0.7644895,0.02619693,-3.513211,0.05390782,-0.6634684,0.0198759,0.745995,6.131112,276.5726,357.5861,0.2644847,0.009750267,-0.9643403,0.0,0.0,0.0,-0.8565956,0.02356213,-3.824882,0.1084613,0.2089601,1.992901,0.1188292,-0.04187763,0.9920313,-0.1011869,0.9933978,0.05405587,-0.9877454,-0.106804,0.1138072,moving,-87.98096,-9.277414,3.115182,5.985718,-75.22712853976174,-8.268333580557307,92.36595847894174,79.62848489811702,91.12451138100711
05/18/2023 18:41:24.210355,3920,True,True,True,True,Eyes,0.9037972,0.03383782,-3.536096,-0.9990265,-0.005770912,0.04373419,0.0,0.0,0.0,0.0,0.0,0.0,0.0,3.379335,0.2446644,1.193348,0.7546453,0.02595802,-3.511934,0.05377086,-0.6584543,0.01901813,0.7504566,6.070409,277.343,357.5639,0.2629763,0.009710801,-0.9647532,0.0,0.0,0.0,-0.8682715,0.03831074,-3.811028,0.1129625,0.2089601,1.992901,0.1321526,-0.04226673,0.9903279,-0.09935585,0.993494,0.05566024,-0.9862374,-0.1057505,0.1270934,moving,-87.49337,-7.516993,3.244195,5.985717,-74.8065954790683,-6.609353575205518,91.73673680414693,79.06049390942248,90.767975151838
05/18/2023 18:41:24.221293,3921,True,True,True,True,Eyes,0.7246321,0.0281378,-3.512142,-0.9654467,-0.00574675,0.2605374,0.0,0.0,0.0,0.0,0.0,0.0,0.0,3.362009,0.2449283,1.230434,0.7444968,0.02598865,-3.510287,0.05300593,-0.6532416,0.01784981,0.7550809,5.933148,278.1457,357.5629,0.2614439,0.009666921,-0.96517,0.0,0.0,0.0,-0.8816406,0.02608818,-3.791672,0.1170365,0.2089601,1.9929,0.1459136,-0.04229525,0.9883928,-0.09620745,0.9937435,0.05672704,-0.9846082,-0.103368,0.1409316,moving,-74.89779,-1.263585,3.360932,5.985719,-63.19046830355029,-0.4675865861408024,78.59376551328802,66.8635478818729,78.35861902896714
05/18/2023 18:41:24.241140,3922,True,True,True,True,Eyes,0.7242023,0.02814589,-3.512052,-0.9652966,-0.005524836,0.2610975,0.0,0.0,0.0,0.0,0.0,0.0,0.0,3.344024,0.2448092,1.267981,0.734526,0.02821406,-3.508544,0.05296655,-0.6478882,0.01746802,0.759691,5.918346,278.9574,357.5746,0.2551424,0.009473755,-0.9668568,-0.5374954,-0.01710005,0.07186317,-0.8939332,0.05333385,-3.779895,0.1214301,0.20896,1.9929,0.1598715,-0.04209221,0.98624,-0.0951734,0.9937788,0.05784177,-0.9825392,-0.1031111,0.1548709,moving,-74.86457,-1.212201,3.486799,5.985718,-63.16050119897393,-0.4187288004182976,78.68130058727246,66.95430951500836,78.44933526744293
05/18/2023 18:41:24.250965,3923,True,True,True,True,Eyes,0.723402,0.0281019,-3.511874,-0.9650093,-0.005044369,0.2621672,0.0,0.0,0.0,0.0,0.0,0.0,0.0,3.324742,0.2351252,1.308034,0.7238435,0.02837719,-3.506479,0.04986061,-0.6423573,0.0148297,0.764638,5.468735,279.8203,357.6177,0.2497677,0.009309724,-0.9682608,-0.5052456,-0.01607405,0.06755138,-0.9061648,0.05736938,-3.763053,0.1258701,0.20896,1.992901,0.1743146,-0.04137795,0.9838203,-0.08673534,0.994588,0.0571987,-0.9808627,-0.09530255,0.1697823,moving,-74.80111,-1.102295,3.613956,5.985716,-63.10348065338657,-0.3144000247675835,78.73476027600819,67.01423591688696,78.50968712197545
05/18/2023 18:41:24.270835,3924,True,True,True,True,Eyes,0.7222578,0.02817712,-3.511607,-0.9645394,-0.005261894,0.2638862,0.0,0.0,0.0,0.0,0.0,0.0,0.0,3.306531,0.2197778,1.345273,0.7141946,0.02704096,-3.504341,0.04647195,-0.6371784,0.01370193,0.7691921,5.103368,280.6273,357.8053,0.2449911,0.009163435,-0.9694818,-0.4749309,-0.01510961,0.0634983,-0.9191129,0.05315009,-3.742636,0.1301951,0.2089601,1.992901,0.1876319,-0.03814303,0.9814986,-0.08030067,0.9953052,0.05403057,-0.9789516,-0.08895285,0.1836881,moving,-74.699,-1.142327,3.737789,5.985717,-63.007569591937454,-0.349533809997963,78.7600081252945,67.04534507623852,78.5326023532707
05/18/2023 18:41:24.290701,3925,True,True,True,True,Eyes,0.7207263,0.0283216,-3.511257,-0.963928,-0.004967593,0.2661167,0.0,0.0,0.0,0.0,0.0,0.0,0.0,3.281947,0.2436967,1.390898,0.7047446,0.03013874,-3.502511,0.05229758,-0.6302202,0.01700958,0.7744664,5.879982,281.6091,357.7202,0.2406581,0.009033799,-0.9705677,-0.446435,-0.01420303,0.0596884,-0.9313827,0.06855003,-3.725067,0.1344308,0.20896,1.9929,0.2050663,-0.03957129,0.9779478,-0.09226467,0.9939513,0.05956587,-0.9743896,-0.102445,0.2001749,moving,-74.56649,-1.069414,3.859034,5.985719,-62.88550053191278,-0.2782510507557001,78.74222321170684,67.03782671506036,78.51956693271082
05/18/2023 18:41:24.300940,3926,True,True,True,True,Eyes,0.7188904,0.02844282,-3.510766,-0.963091,-0.004205128,0.2691433,0.0,0.0,0.0,0.0,0.0,0.0,0.0,3.261277,0.2310218,1.430236,0.6939587,0.03182235,-3.500325,0.04785061,-0.6246747,0.01210977,0.7793238,5.147012,282.4656,357.646,0.2367156,0.00892116,-0.9715378,-0.4196489,-0.01335085,0.05610709,-0.9430946,0.07073648,-3.707298,0.1388556,0.20896,1.9929,0.2192699,-0.04090726,0.9748064,-0.07865697,0.9951274,0.05945288,-0.9724886,-0.08971154,0.2149839,moving,-74.38657,-0.8951234,3.98565,5.985718,-62.72120210510934,-0.1109898397205739,78.67369856629568,66.9848786238793,78.46186680083756
05/18/2023 18:41:24.320620,3927,True,True,True,True,Eyes,0.7167602,0.02862759,-3.510202,-0.9620949,-0.003969361,0.2726861,0.0,0.0,0.0,0.0,0.0,0.0,0.0,3.240482,0.2180861,1.46812,0.6845395,0.03136285,-3.497725,0.04450844,-0.6192176,0.009969128,0.7838938,4.710773,283.2944,357.729,0.2331177,0.008823241,-0.9724083,-0.39447,-0.0125498,0.05274067,-0.9547552,0.05899002,-3.688916,0.1431906,0.20896,1.992901,0.2329407,-0.03949133,0.9716888,-0.07075028,0.9958392,0.05743366,-0.969914,-0.08212589,0.2291775,moving,-74.1757,-0.8339683,4.109659,5.985716,-62.52589410904229,-0.0489189983077107,78.5818396813828,66.90824880170453,78.37404520924434
05/18/2023 18:41:24.340786,3928,True,True,True,True,Eyes,0.714313,0.02893351,-3.509539,-0.960907,-0.003612285,0.2768479,0.0,0.0,0.0,0.0,0.0,0.0,0.0,3.214584,0.2471521,1.51048,0.6753649,0.03317273,-3.495564,0.05031301,-0.6124379,0.01210705,0.7888231,5.405609,284.2333,357.5518,0.2298232,0.008740397,-0.9731929,-0.3708018,-0.01179681,0.04957623,-0.9660384,0.0532776,-3.67099,0.1474911,0.20896,1.9929,0.2495464,-0.04252654,0.9674287,-0.08072785,0.994644,0.0645465,-0.9649921,-0.09420577,0.2447767,moving,-73.92773,-0.7475476,4.232645,5.985719,-62.29650246902008,0.0376506891453432,78.44986360247735,66.79451309490335,78.24755927364565
05/18/2023 18:41:24.351207,3929,True,True,True,True,Eyes,0.7115759,0.02922492,-3.508777,-0.9595889,-0.002738155,0.2813923,0.0,0.0,0.0,0.0,0.0,0.0,0.0,3.190197,0.261465,1.54864,0.6652714,0.03636259,-3.492863,0.05152467,-0.6063753,0.00928722,0.7934533,5.337824,285.0961,357.2513,0.2267945,0.008674567,-0.9739038,-0.3485537,-0.011089,0.04660165,-0.9774137,0.05055505,-3.651586,0.1519547,0.20896,1.9929,0.2644456,-0.04774861,0.9632179,-0.07722451,0.9945179,0.07050174,-0.9613038,-0.09302791,0.2593085,moving,-73.65662,-0.5575127,4.360254,5.985718,-62.0475383761808,0.2217367519295559,78.29078168421425,66.65747045985204,78.0995030567391
05/18/2023 18:41:24.370860,3930,True,True,True,True,Eyes,0.7086026,0.02948854,-3.50791,-0.9580828,-0.002165514,0.2864835,0.0,0.0,0.0,0.0,0.0,0.0,0.0,3.167905,0.2476313,1.585331,0.6555869,0.03617585,-3.489859,0.04667997,-0.6009491,0.00416211,0.7979122,4.559566,285.9161,357.1558,0.2239979,0.008623693,-0.9745513,-0.3276405,-0.01042366,0.04380555,-0.9883481,0.05623969,-3.633384,0.156099,0.20896,1.9929,0.2776857,-0.04946258,0.9593978,-0.06274657,0.9956073,0.0694906,-0.9586207,-0.07949547,0.2733624,moving,-73.35242,-0.4330876,4.478694,5.985718,-61.76648287973536,0.3451672062469746,78.09534795243304,66.48488003361615,77.91127755499842
05/18/2023 18:41:24.390934,3931,True,True,True,True,Eyes,0.7053757,0.02976759,-3.506958,-0.9564189,-0.00178566,0.2919928,0.0,0.0,0.0,0.0,0.0,0.0,0.0,3.140518,0.2691092,1.626161,0.6467736,0.03584382,-3.48713,0.0503696,-0.5942796,0.005124741,0.8026633,4.988208,286.8392,357.0287,0.2214046,0.008585555,-0.975144,-0.3079821,-0.009798243,0.04117722,-0.998825,0.06031302,-3.616789,0.1604657,0.20896,1.9929,0.2936109,-0.05164038,0.9545291,-0.06809414,0.9948732,0.0747686,-0.9534966,-0.08695072,0.2885892,moving,-73.02267,-0.3503838,4.603448,5.985719,-61.46081998881418,0.4301299362931787,77.88427565588636,66.29745149508115,77.70511325949916
05/18/2023 18:41:24.400728,3932,True,True,True,True,Eyes,0.7019286,0.03009094,-3.50588,-0.9545916,-0.001350595,0.2979146,0.0,0.0,0.0,0.0,0.0,0.0,0.0,3.112406,0.2878601,1.66673,0.6374584,0.03651834,-3.484284,0.05298236,-0.5875743,0.004445646,0.8074215,5.208625,287.7677,356.8293,0.2189883,0.008559357,-0.9756898,-0.2895031,-0.009210348,0.03870659,-1.009076,0.05888953,-3.600039,0.1648887,0.20896,1.992901,0.3094732,-0.05508313,0.9493114,-0.06944117,0.9943462,0.0803339,-0.9483693,-0.09078249,0.3038985,moving,-72.66759,-0.2597485,4.729768,5.985716,-61.13170766425803,0.523096717931649,77.64893336164332,66.08762506017656,77.4749692268639
05/18/2023 18:41:24.420640,3933,True,True,True,True,Eyes,0.6982569,0.03043095,-3.504701,-0.9526018,-0.0009072485,0.3042187,0.0,0.0,0.0,0.0,0.0,0.0,0.0,3.085041,0.2894857,1.706469,0.6284945,0.03791105,-3.48093,0.05276604,-0.5811778,0.003196933,0.8120579,5.129902,288.6737,356.7687,0.2167258,0.008545195,-0.9761949,-0.2721329,-0.008657727,0.03638419,-1.019379,0.05836482,-3.583052,0.1692155,0.20896,1.992901,0.3244444,-0.05614071,0.9442374,-0.06652509,0.9944111,0.08198218,-0.9435626,-0.08941412,0.3188963,moving,-72.28883,-0.1708684,4.853293,5.985717,-60.78049740770301,0.6149626768912295,77.38740649960188,65.85316579543824,77.21845257255059
05/18/2023 18:41:24.440771,3934,True,True,True,True,Eyes,0.6944089,0.03075731,-3.503369,-0.9504668,-0.0004013358,0.3108259,0.0,0.0,0.0,0.0,0.0,0.0,0.0,3.055888,0.2894332,1.74808,0.6194151,0.03864548,-3.477475,0.05250559,-0.5744109,0.002614774,0.8168773,5.093722,289.6283,356.7743,0.2145965,0.00854238,-0.9766652,-0.255805,-0.008138264,0.03420114,-1.028851,0.04664915,-3.565669,0.1735042,0.20896,1.992901,0.3400907,-0.05604767,0.9387209,-0.06459147,0.9944727,0.08277735,-0.9381719,-0.08878516,0.3345907,moving,-71.89098,-0.07397979,4.975689,5.985717,-60.41165342225233,0.7147619188371677,77.10515370805182,65.59944753206779,76.94146154380273
05/18/2023 18:41:24.450806,3935,True,True,True,True,Eyes,0.6903868,0.03106376,-3.501941,-0.9481734,-0.0001038725,0.3177532,0.0,0.0,0.0,0.0,0.0,0.0,0.0,3.026691,0.2890142,1.788249,0.6108063,0.03825057,-3.473855,0.0520292,-0.5677917,0.002039518,0.8215239,5.037199,290.5587,356.7927,0.212583,0.008549454,-0.9771053,-0.2404567,-0.007649968,0.03214907,-1.038281,0.03189372,-3.546256,0.1779452,0.20896,1.9929,0.3552167,-0.05573247,0.9331211,-0.06243452,0.9945776,0.08317041,-0.9326968,-0.0878025,0.349811,moving,-71.4729,-0.0187298,5.102383,5.985718,-60.023160630155246,0.7760490368531556,76.81033367921931,65.33358312406286,76.64988281862605
05/18/2023 18:41:24.470915,3936,True,True,True,True,Eyes,0.6862298,0.03137542,-3.500363,-0.9457271,-1.843422e-05,0.3249619,0.0,0.0,0.0,0.0,0.0,0.0,0.0,2.996835,0.2990873,1.826635,0.6025647,0.03812414,-3.470235,0.05395911,-0.561122,0.003044304,0.825967,5.310516,291.4711,356.8032,0.2106697,0.008564916,-0.9775195,-0.2260293,-0.00719097,0.03022013,-1.047085,0.02000314,-3.527975,0.1822233,0.20896,1.9929,0.3702658,-0.0555263,0.9272649,-0.06558427,0.9941583,0.08572043,-0.9266078,-0.09255332,0.3644611,moving,-71.03673,-0.003250237,5.224383,5.985719,-59.61704886870452,0.800523735828466,76.49591563293104,65.04842455210915,76.33696444720829
05/18/2023 18:41:24.490669,3937,True,True,True,True,Eyes,0.6819219,0.03169956,-3.498692,-0.9431249,-2.23577e-05,0.3324387,0.0,0.0,0.0,0.0,0.0,0.0,0.0,2.966285,0.3131644,1.86398,0.5945417,0.03908968,-3.466458,0.05661535,-0.5544429,0.003926828,0.8302844,5.645207,292.3722,356.7592,0.2088437,0.008588128,-0.977911,-0.2124675,-0.006759512,0.02840692,-1.055671,0.004135847,-3.508718,0.1866916,0.20896,1.9929,0.3851553,-0.05625919,0.9211353,-0.06930072,0.9935586,0.08965927,-0.920246,-0.09836809,0.3787756,moving,-70.58315,-0.003853348,5.351756,5.985717,-59.19440637183965,0.8103430399701761,76.17076146516114,64.7533132168389,76.01260614160394
05/18/2023 18:41:24.500714,3938,True,True,True,True,Eyes,0.6774919,0.03202423,-3.496885,-0.9403898,-4.936755e-06,0.3400986,0.0,0.0,0.0,0.0,0.0,0.0,0.0,2.936481,0.3205343,1.899997,0.5865498,0.0397322,-3.462662,0.05770786,-0.5480123,0.0037603,0.8344687,5.76406,293.2473,356.7173,0.2070926,0.008618705,-0.978283,-0.1997195,-0.006353941,0.0267025,-1.064282,-0.005702615,-3.489522,0.1908705,0.2089601,1.992901,0.3993368,-0.05697352,0.9150323,-0.06952494,0.9933113,0.09218943,-0.9141644,-0.1004322,0.3927047,moving,-70.11713,-0.000831686,5.470829,5.985718,-58.76024226148032,0.8238400521928118,75.82465511249377,64.43815251344053,75.6675151397229
05/18/2023 18:41:24.520998,3939,True,True,True,True,Eyes,0.6729276,0.03235931,-3.494979,-0.9375027,-0.0001470681,0.347978,0.0,0.0,0.0,0.0,0.0,0.0,0.0,2.906459,0.3254317,1.935061,0.5787107,0.04010644,-3.45852,0.05838589,-0.5416611,0.003601657,0.8385591,5.844088,294.1114,356.7032,0.2054061,0.008655982,-0.9786382,-0.1877363,-0.005972705,0.02510035,-1.072822,-0.01090726,-3.469892,0.1951648,0.2089601,1.992901,0.4131804,-0.05721033,0.9088504,-0.06929114,0.9931563,0.09401828,-0.9080093,-0.1018218,0.4063885,moving,-69.63631,-0.02421528,5.59314,5.985716,-58.31178120945707,0.8129596094699192,75.46912892893903,64.1139326781838,75.31192692525329
05/18/2023 18:41:24.540699,3940,True,True,True,True,Eyes,0.6682645,0.03270408,-3.492945,-0.934285,-0.0002564963,0.3565271,0.0,0.0,0.0,0.0,0.0,0.0,0.0,2.876561,0.334559,1.968152,0.5708462,0.04072688,-3.454364,0.06010252,-0.5353739,0.004225241,0.8424634,6.07283,294.9541,356.7003,0.2037745,0.008699625,-0.9789789,-0.1764721,-0.005614343,0.02359433,-1.081064,-0.01434954,-3.449781,0.1996439,0.2089601,1.992901,0.4267139,-0.05723541,0.9025737,-0.07147385,0.9927396,0.09674418,-0.9015579,-0.1057925,0.4195251,moving,-69.11294,-0.0412203,5.720665,5.985717,-57.8237958894578,0.8090238422032168,75.07591098690814,63.75497362388139,74.91900266892291
05/18/2023 18:41:24.551100,3941,True,True,True,True,Eyes,0.6634905,0.03303812,-3.490813,-0.9309335,-0.0003300339,0.3651888,0.0,0.0,0.0,0.0,0.0,0.0,0.0,2.848531,0.3386147,1.99826,0.5633581,0.04132874,-3.450037,0.06074733,-0.5296007,0.004163803,0.8460589,6.154045,295.7324,356.6962,0.2021901,0.008749322,-0.9793069,-0.1658838,-0.005277482,0.02217867,-1.088954,-0.02034454,-3.430255,0.2042324,0.20896,1.992901,0.4390117,-0.057298,0.8966525,-0.0713893,0.9925849,0.09838133,-0.8956407,-0.1072019,0.4316658,moving,-68.5808,-0.05178019,5.851243,5.985717,-57.327762671533904,0.8113217213719528,74.676504989676,63.3905444379775,74.52019181465892
05/18/2023 18:41:24.570828,3942,True,True,True,True,Eyes,0.6586477,0.03336121,-3.488548,-0.9273003,-0.0004952109,0.3743179,0.0,0.0,0.0,0.0,0.0,0.0,0.0,2.821588,0.3363703,2.026964,0.5558439,0.04139723,-3.445636,0.06026902,-0.5240763,0.003930042,0.8495271,6.114725,296.4848,356.7429,0.2006452,0.008804225,-0.9796241,-0.1559308,-0.004960833,0.02084795,-1.097169,-0.01874468,-3.410099,0.2084211,0.2089599,1.9929,0.4506572,-0.05649377,0.8909078,-0.06984848,0.9927044,0.09828104,-0.8899603,-0.1065196,0.4434234,moving,-68.01783,-0.07580047,5.970392,5.985716,-56.80274473245628,0.8017259831195627,74.23610291924925,62.9868275731265,74.07995267691715
05/18/2023 18:41:24.590491,3943,True,True,True,True,Eyes,0.6537194,0.03367773,-3.486181,-0.9235276,-0.0007619605,0.3835312,0.0,0.0,0.0,0.0,0.0,0.0,0.0,2.793553,0.3444787,2.054456,0.5488197,0.04149969,-3.440998,0.06161797,-0.5184809,0.004203055,0.8528559,6.28424,297.2266,356.7284,0.1991345,0.008863565,-0.9799318,-0.1465749,-0.004663183,0.01959707,-1.105404,-0.01642071,-3.388473,0.2135528,0.20896,1.9929,0.4623197,-0.05672628,0.884897,-0.07106469,0.9923711,0.1007441,-0.883861,-0.1094609,0.4547615,moving,-67.44741,-0.1138292,6.116293,5.985717,-56.27051626827905,0.7791883835806908,73.8161422923072,62.603689275554856,73.65951841301737
05/18/2023 18:41:24.600410,3944,True,True,True,True,Eyes,0.6487283,0.03397669,-3.483681,-0.9194883,-0.001023451,0.393116,0.0,0.0,0.0,0.0,0.0,0.0,0.0,2.764726,0.3540662,2.081871,0.5417483,0.04168468,-3.436281,0.06301648,-0.5127984,0.0040032,0.8561839,6.431373,297.975,356.6669,0.1976528,0.008926738,-0.9802312,-0.1377804,-0.004383392,0.01842125,-1.113051,-0.01474547,-3.367357,0.2169263,0.2089601,1.9929,0.4740437,-0.05777454,0.8786039,-0.07148444,0.9920258,0.1038017,-0.8775948,-0.112013,0.4661336,moving,-66.85146,-0.1491653,6.212163,5.985719,-55.71455146890376,0.7597556429023586,73.32073247902339,62.14683143912375,73.16398268516527
05/18/2023 18:41:24.620659,3945,True,True,True,True,Eyes,0.6436635,0.0342563,-3.481081,-0.9153081,-0.00134038,0.4027522,0.0,0.0,0.0,0.0,0.0,0.0,0.0,2.735746,0.3625488,2.10841,0.5348042,0.04158304,-3.431239,0.06410427,-0.5071968,0.003539263,0.8594356,6.533101,298.7118,356.5987,0.1961962,0.008992921,-0.9805232,-0.1295136,-0.004120388,0.01731597,-1.120845,-0.008980736,-3.344574,0.2210348,0.2089601,1.992901,0.4854779,-0.05894341,0.8722596,-0.07111049,0.9917563,0.1065967,-0.8713521,-0.1137772,0.4772842,moving,-66.24963,-0.1906826,6.328869,5.985717,-55.15298924496161,0.7346716872382248,72.84082940982948,61.70569155377996,72.68367363551108
05/18/2023 18:41:24.640441,3946,True,True,True,True,Eyes,0.638547,0.0345152,-3.47836,-0.9108474,-0.00167843,0.4127399,0.0,0.0,0.0,0.0,0.0,0.0,0.0,2.706445,0.371103,2.134774,0.5278696,0.04141638,-3.42629,0.06510933,-0.5015576,0.002850811,0.8626661,6.614868,299.4507,356.5144,0.1947595,0.009061352,-0.9808089,-0.1217428,-0.003873165,0.01627702,-1.128156,-0.004749164,-3.321493,0.225326,0.20896,1.992901,0.4968638,-0.06039357,0.8657246,-0.07023076,0.9915053,0.1094755,-0.8649821,-0.1151949,0.4884016,moving,-65.62289,-0.2329953,6.450716,5.985717,-54.56820143665536,0.7094134747997316,72.34139247010253,61.24661349030985,72.18386570733026
05/18/2023 18:41:24.651258,3947,True,True,True,True,Eyes,0.6333678,0.03475654,-3.475528,-0.9062489,-0.002036771,0.4227397,0.0,0.0,0.0,0.0,0.0,0.0,0.0,2.67746,0.3766429,2.160079,0.5212674,0.04119475,-3.42099,0.06595603,-0.496039,0.002943551,0.8657866,6.726376,300.1755,356.5169,0.1933405,0.009131232,-0.981089,-0.1144382,-0.003640775,0.01530039,-1.134913,-0.006361276,-3.297055,0.2298145,0.20896,1.992901,0.5078734,-0.06033655,0.8593162,-0.0705305,0.9912823,0.1112875,-0.8585395,-0.1171279,0.4991903,moving,-64.99227,-0.2760503,6.5781,5.985716,-53.97978412524554,0.6835492678820472,71.84377202745355,60.78955750605398,71.68584909209476
05/18/2023 18:41:24.670980,3948,True,True,True,True,Eyes,0.628163,0.03496699,-3.472543,-0.9013855,-0.002405751,0.4330109,0.0,0.0,0.0,0.0,0.0,0.0,0.0,2.6484,0.3770068,2.185439,0.5144801,0.04101854,-3.415542,0.06611975,-0.4904864,0.003327446,0.8689306,6.786561,300.9107,356.5891,0.1919357,0.009201978,-0.9813641,-0.1075719,-0.003422328,0.01438237,-1.141503,-0.009216413,-3.272916,0.2340435,0.20896,1.9929,0.5188241,-0.05907904,0.8528371,-0.07064431,0.9912342,0.1116428,-0.8519571,-0.1181711,0.5101027,moving,-64.34113,-0.3183245,6.698058,5.985719,-53.37226193860224,0.6588856836927082,71.31835104760371,60.30604025058978,71.16017139158299
05/18/2023 18:41:24.690718,3949,True,True,True,True,Eyes,0.6229078,0.03515758,-3.469438,-0.8963817,-0.002811958,0.443274,0.0,0.0,0.0,0.0,0.0,0.0,0.0,2.618968,0.3762379,2.210221,0.5080724,0.04050647,-3.40967,0.06616455,-0.4849709,0.003993762,0.8720146,6.849779,301.641,356.6967,0.1905437,0.00927268,-0.9816347,-0.1011176,-0.003216989,0.01351943,-1.148122,-0.009903356,-3.248558,0.2384225,0.2089601,1.992901,0.5295745,-0.05721053,0.8463321,-0.07114101,0.9912126,0.1115192,-0.845275,-0.1192666,0.5208508,moving,-63.68693,-0.3634574,6.822208,5.985718,-52.7618336784142,0.6316163059458901,70.79442470818594,59.82411242705798,70.63587518890931
05/18/2023 18:41:24.702540,3950,True,True,True,True,Eyes,0.6176316,0.03530746,-3.466187,-0.8911012,-0.003210671,0.4537933,0.0,0.0,0.0,0.0,0.0,0.0,0.0,2.588722,0.378623,2.234638,0.5014943,0.04022861,-3.403723,0.06660642,-0.4793475,0.004321992,0.8750835,6.933415,302.3775,356.7493,0.1891621,0.00934283,-0.9819011,0.0,0.0,0.0,-1.154309,-0.0117314,-3.223824,0.2429217,0.2089601,1.992901,0.5404147,-0.05629103,0.8395138,-0.07141944,0.9910898,0.1124289,-0.8383623,-0.1207158,0.5315792,moving,-63.01253,-0.4053713,6.949698,5.985717,-52.13264550414456,0.6078224683191149,70.25353625535429,59.32659659491362,70.09482770122798
05/18/2023 18:41:24.720880,3951,True,True,True,True,Eyes,0.612325,0.03541432,-3.462813,-0.8856777,-0.003672614,0.4642859,0.0,0.0,0.0,0.0,0.0,0.0,0.0,2.557019,0.3833266,2.259341,0.4952626,0.03937868,-3.397509,0.06713799,-0.4735861,0.00416158,0.878175,6.999434,303.1266,356.7493,0.1877896,0.009411383,-0.9821639,0.0,0.0,0.0,-1.160354,-0.0116592,-3.19856,0.2471811,0.2089601,1.992901,0.5513977,-0.05628204,0.8323418,-0.07090042,0.9909503,0.1139761,-0.8312242,-0.1218595,0.5424173,moving,-62.33578,-0.453214,7.070335,5.985718,-51.50115388741492,0.5785328586833032,69.70415084264242,58.82054880431707,69.54507238989842
05/18/2023 18:41:24.740656,3952,True,True,True,True,Eyes,0.6070137,0.03547725,-3.459302,-0.8800028,-0.004138005,0.4749506,0.0,0.0,0.0,0.0,0.0,0.0,0.0,2.525524,0.3887268,2.282978,0.4891047,0.03846771,-3.391263,0.06794852,-0.4678733,0.004481408,0.8811684,7.119639,303.866,356.783,0.1864242,0.009477354,-0.9824234,0.0,0.0,0.0,-1.165749,-0.01333578,-3.172089,0.251542,0.20896,1.9929,0.562149,-0.05568483,0.8251593,-0.07148033,0.9907258,0.1155547,-0.8239412,-0.1239416,0.5529552,moving,-61.6436,-0.4991767,7.193778,5.985718,-50.85532118662747,0.5513562369201299,69.14216129963664,58.30291762983169,68.98285504391968
05/18/2023 18:41:24.750782,3953,True,True,True,True,Eyes,0.6016744,0.03549368,-3.455665,-0.8742049,-0.004706187,0.4855344,0.0,0.0,0.0,0.0,0.0,0.0,0.0,2.494361,0.3950625,2.305237,0.4832805,0.03752763,-3.384828,0.06907576,-0.4622819,0.005283741,0.8840228,7.29709,304.5862,356.849,0.1850663,0.009539749,-0.9826795,0.0,0.0,0.0,-1.171054,-0.01137677,-3.144503,0.2559754,0.20896,1.992901,0.5725352,-0.05452303,0.8180652,-0.07320682,0.9904013,0.1172439,-0.8166053,-0.1270142,0.5630481,moving,-60.95216,-0.555339,7.319203,5.985717,-50.20998223547053,0.5146154806716039,68.58399535950718,57.78875414552453,68.42404327561927
05/18/2023 18:41:24.770849,3954,True,True,True,True,Eyes,0.5963182,0.03545314,-3.451913,-0.8681876,-0.00529866,0.4962078,0.0,0.0,0.0,0.0,0.0,0.0,0.0,2.46461,0.402627,2.324849,0.4771506,0.03645064,-3.378214,0.0703444,-0.4569803,0.005968052,0.8866709,7.481103,305.2648,356.8948,0.1837138,0.009597684,-0.9829327,0.0,0.0,0.0,-1.176083,-0.008052066,-3.117185,0.2604446,0.2089601,1.992901,0.5822668,-0.05370861,0.8112218,-0.0748754,0.9900321,0.1192901,-0.8095424,-0.1301992,0.5724414,moving,-60.25012,-0.6117988,7.44557,5.985718,-49.55476084321342,0.4778389202100439,68.01642207954181,57.265822688523166,67.85586391849394
05/18/2023 18:41:24.790846,3955,True,True,True,True,Eyes,0.5909461,0.03535949,-3.448034,-0.8620605,-0.00600754,0.5067698,0.0,0.0,0.0,0.0,0.0,0.0,0.0,2.434604,0.4109744,2.343807,0.4715719,0.03503305,-3.371353,0.07164119,-0.4517508,0.00653764,0.8892391,7.661432,305.9314,356.9287,0.1823659,0.009650015,-0.9831831,0.0,0.0,0.0,-1.181101,-0.003949299,-3.089915,0.2646257,0.2089601,1.9929,0.5917571,-0.05310087,0.8043656,-0.07635497,0.9896496,0.1215055,-0.8024921,-0.1333191,0.5815777,moving,-59.55049,-0.6791853,7.563728,5.985719,-48.90157529662131,0.4307794020047897,67.4443415497526,56.73788708012317,67.28276877491463
05/18/2023 18:41:24.800888,3956,True,True,True,True,Eyes,0.5855675,0.03522619,-3.444028,-0.8557625,-0.006927135,0.5173225,0.0,0.0,0.0,0.0,0.0,0.0,0.0,2.405655,0.4187758,2.361179,0.4657123,0.03368992,-3.364476,0.07305116,-0.4466589,0.007633803,0.8916845,7.879871,306.5801,357.0114,0.1810225,0.009695794,-0.9834309,0.0,0.0,0.0,-1.185571,0.002542391,-3.061805,0.2689162,0.2089601,1.9929,0.6008752,-0.05164401,0.7976727,-0.07887178,0.9892105,0.1234578,-0.7954422,-0.1370966,0.5903188,moving,-58.84635,-0.7671653,7.68491,5.985721,-48.24379223521246,0.3645468724957537,66.8730889862905,56.21047351060817,66.70967052047689
05/18/2023 18:41:24.820649,3957,True,True,True,True,Eyes,0.5801865,0.03504572,-3.439888,-0.8493749,-0.007838381,0.5277318,0.0,0.0,0.0,0.0,0.0,0.0,0.0,2.377576,0.4238058,2.377236,0.4602629,0.03259817,-3.357205,0.07388816,-0.4418605,0.008179651,0.8939984,8.009675,307.1927,357.0669,0.179683,0.009734588,-0.9836761,0.0,0.0,0.0,-1.189308,0.006057993,-3.031456,0.2733166,0.20896,1.9929,0.6093849,-0.05067131,0.7912538,-0.07992169,0.9889473,0.1248832,-0.7888362,-0.1393403,0.5985998,moving,-58.14658,-0.8509494,7.80912,5.985718,-47.59016152674978,0.3021418140730105,66.30908221072151,55.69006582812877,66.14397345315162
05/18/2023 18:41:24.840472,3958,True,True,True,True,Eyes,0.574819,0.03480817,-3.435607,-0.8428475,-0.008807043,0.5380805,0.0,0.0,0.0,0.0,0.0,0.0,0.0,2.350198,0.426842,2.392448,0.4547286,0.03129057,-3.349877,0.07418788,-0.4372268,0.008129871,0.8962494,8.053103,307.785,357.088,0.1783472,0.009765766,-0.9839189,0.0,0.0,0.0,-1.192128,0.009296432,-2.99958,0.2777426,0.20896,1.9929,0.6175334,-0.05030107,0.7849346,-0.07944664,0.9888601,0.1258725,-0.7825221,-0.1400909,0.6066578,moving,-57.44552,-0.937706,7.933983,5.985717,-46.93527178837952,0.2369839204563146,65.74506216107746,55.169584492290205,65.57813962951269
05/18/2023 18:41:24.860670,3959,True,True,True,True,Eyes,0.5694596,0.03453716,-3.431191,-0.8362458,-0.009776097,0.5482676,0.0,0.0,0.0,0.0,0.0,0.0,0.0,2.323249,0.4289561,2.40676,0.4495473,0.02967717,-3.342306,0.07440881,-0.4327237,0.008400469,0.8984115,8.103956,308.3618,357.1455,0.1770153,0.009788483,-0.9841592,0.0,0.0,0.0,-1.19429,0.01087877,-2.967505,0.2822443,0.20896,1.9929,0.6253593,-0.04930276,0.778778,-0.07949107,0.9887856,0.1264293,-0.7762777,-0.1409696,0.614427,moving,-56.74996,-1.021526,8.060899,5.985719,-46.28556313039221,0.1744488785218303,65.18856438676883,54.656278747413275,65.01993840688534
05/18/2023 18:41:24.870900,3960,True,True,True,True,Eyes,0.5641309,0.03423312,-3.426614,-0.8295003,-0.01064512,0.5584048,0.0,0.0,0.0,0.0,0.0,0.0,0.0,2.296831,0.4307584,2.420179,0.444291,0.02860715,-3.334673,0.07472699,-0.4283021,0.008844891,0.9004971,8.172824,308.9268,357.2158,0.1756868,0.009802651,-0.9843971,0.0,0.0,0.0,-1.196046,0.01552692,-2.934519,0.2863752,0.20896,1.9929,0.6329581,-0.04808186,0.7726915,-0.07994105,0.9886753,0.1270063,-0.7700477,-0.1421595,0.6219463,moving,-56.05227,-1.092123,8.177298,5.98572,-45.63412359376137,0.1243398039255203,64.61836632877122,54.12970415349101,64.44861873842422
05/18/2023 18:41:24.890982,3961,True,True,True,True,Eyes,0.5588207,0.03389755,-3.421885,-0.8226925,-0.01130889,0.5683741,0.0,0.0,0.0,0.0,0.0,0.0,0.0,2.270253,0.4230337,2.434552,0.439284,0.02748816,-3.326608,0.07349562,-0.4239086,0.009146286,0.9026718,8.073262,309.5019,357.3487,0.1743632,0.009808184,-0.9846323,0.0,0.0,0.0,-1.196983,0.01814632,-2.901078,0.2907373,0.20896,1.9929,0.6404358,-0.04579865,0.766645,-0.07882302,0.9890294,0.1249304,-0.7639561,-0.1404392,0.6297999,moving,-55.36055,-1.139858,8.300132,5.98572,-44.98868549059004,0.0954937146041317,64.05822581479453,53.61336433426449,63.888327889273235
05/18/2023 18:41:24.900698,3962,True,True,True,True,Eyes,0.5535411,0.0335393,-3.417001,-0.8156915,-0.01183463,0.578366,0.0,0.0,0.0,0.0,0.0,0.0,0.0,2.244601,0.4081766,2.448588,0.4343245,0.02634522,-3.318297,0.071165,-0.4196922,0.009520825,0.9048224,7.86127,310.0635,357.5408,0.1730451,0.009805057,-0.9848648,0.0,0.0,0.0,-1.197616,0.03407052,-2.86592,0.2950206,0.20896,1.9929,0.6475356,-0.04250548,0.7608489,-0.0769641,0.9896898,0.1207917,-0.7581386,-0.136775,0.637588,moving,-54.66145,-1.172233,8.42067,5.985719,-44.33666574633024,0.081194090333871,63.486928895078115,53.08672046246483,63.31759314151719
05/18/2023 18:41:24.920851,3963,True,True,True,True,Eyes,0.5482832,0.03316311,-3.411962,-0.8085964,-0.01215181,0.5882381,0.0,0.0,0.0,0.0,0.0,0.0,0.0,2.215978,0.3970013,2.464139,0.4295735,0.02539873,-3.309829,0.06924883,-0.4150294,0.009333086,0.9071208,7.665018,310.6725,357.6552,0.1717328,0.009793499,-0.9850946,0.0,0.0,0.0,-1.197354,0.04632435,-2.833082,0.2994363,0.20896,1.992901,0.655327,-0.04054813,0.7542562,-0.07441308,0.990235,0.1178871,-0.751671,-0.1333811,0.6459103,moving,-53.96484,-1.183447,8.544857,5.985717,-43.68737223921002,0.0866449218409677,62.91946544187026,52.56429227793999,62.75155826603582
05/18/2023 18:41:24.940384,3964,True,True,True,True,Eyes,0.5430495,0.03275006,-3.406779,-0.8012806,-0.01225377,0.5981632,0.0,0.0,0.0,0.0,0.0,0.0,0.0,2.185507,0.3852564,2.48061,0.4247289,0.02454741,-3.301104,0.0670227,-0.4100993,0.008391006,0.9095362,7.400339,311.3115,357.7052,0.170426,0.009773836,-0.9853218,0.0,0.0,0.0,-1.194144,0.02165942,-2.794258,0.3035725,0.2089601,1.992901,0.6634963,-0.03970808,0.7471251,-0.07023577,0.9908751,0.1150369,-0.7448756,-0.1288014,0.654653,moving,-53.25833,-1.173578,8.66111,5.985718,-43.029258877820105,0.1120568434240176,62.33195463908714,52.02301538845459,62.166395707466165
05/18/2023 18:41:24.951095,3965,True,True,True,True,Eyes,0.5378506,0.03232337,-3.401451,-0.7938594,-0.01225293,0.6079779,0.0,0.0,0.0,0.0,0.0,0.0,0.0,2.153838,0.3695368,2.498204,0.4201035,0.0229917,-3.292352,0.06399206,-0.4049813,0.007234342,0.9120543,7.041486,311.9772,357.769,0.1691258,0.009745827,-0.9855461,0.0,0.0,0.0,-1.193018,0.04837917,-2.759234,0.3079858,0.20896,1.992901,0.6718757,-0.03863495,0.7396557,-0.06502739,0.9917053,0.1108689,-0.7378039,-0.122588,0.6637903,moving,-52.55327,-1.154559,8.785074,5.985717,-42.37267219207567,0.1460003002024748,61.75253829615842,51.48997267999593,61.58964827878873
05/18/2023 18:41:24.970910,3966,True,True,True,True,Eyes,0.532699,0.0319359,-3.395963,-0.7862646,-0.01231583,0.6177672,0.0,0.0,0.0,0.0,0.0,0.0,0.0,2.121227,0.3623815,2.514825,0.4156266,0.02221091,-3.2836,0.06273386,-0.3996769,0.007068282,0.9144796,6.914481,312.6543,357.8514,0.1678327,0.00970991,-0.9857674,0.0,0.0,0.0,-1.190431,0.06345008,-2.725502,0.3123369,0.20896,1.992901,0.6804169,-0.03721895,0.7318794,-0.06307414,0.992029,0.1090876,-0.7301057,-0.1203877,0.6726457,moving,-51.84332,-1.142099,8.90721,5.985717,-41.711403280186026,0.1739162434262544,61.16725150119756,50.951163268792364,61.006739606671445
05/18/2023 18:41:24.990473,3967,True,True,True,True,Eyes,0.5275798,0.03159326,-3.390322,-0.7785855,-0.01208857,0.6274222,0.0,0.0,0.0,0.0,0.0,0.0,0.0,2.089074,0.3580308,2.529925,0.4111049,0.02295841,-3.27466,0.06225418,-0.3944613,0.007198655,0.9167731,6.88201,313.3137,357.9268,0.1665466,0.009667994,-0.9859859,0.0,0.0,0.0,-1.185599,0.03980153,-2.687849,0.3167278,0.2089601,1.992901,0.6886969,-0.03591467,0.7241594,-0.0623128,0.9921452,0.1084668,-0.7223668,-0.1198251,0.6810494,moving,-51.13644,-1.103784,9.030381,5.985718,-41.05349112096229,0.2259631178136372,60.58306188906306,50.413976464188714,60.42587493484535
05/18/2023 18:41:25.001100,3968,True,True,True,True,Eyes,0.5224798,0.03128009,-3.384552,-0.7707365,-0.01185874,0.6370437,0.0,0.0,0.0,0.0,0.0,0.0,0.0,2.058132,0.3364824,2.545462,0.4066446,0.0236209,-3.265362,0.05875145,-0.3895232,0.006307289,0.9191192,6.483256,313.9539,358.0289,0.1652694,0.009622035,-0.9862013,0.0,0.0,0.0,-1.181765,0.04345503,-2.652175,0.3209869,0.20896,1.992901,0.6964638,-0.0341758,0.7167776,-0.05736439,0.993017,0.1030855,-0.7152953,-0.1129128,0.6896399,moving,-50.42495,-1.066453,9.149773,5.985717,-40.39126462977207,0.2771944697406394,59.99067196019419,49.868844371139886,59.83671047789027
05/18/2023 18:41:25.020983,3969,True,True,True,True,Eyes,0.5174214,0.0310219,-3.378646,-0.7627966,-0.01160228,0.6465344,0.0,0.0,0.0,0.0,0.0,0.0,0.0,2.026409,0.3248934,2.559852,0.4023134,0.02398014,-3.256117,0.05684806,-0.3844671,0.005655542,0.9213694,6.263716,314.5956,358.0808,0.1639998,0.009573258,-0.9864137,0.0,0.0,0.0,-1.177639,0.06970315,-2.618499,0.3252616,0.20896,1.9929,0.7043062,-0.03329072,0.7091153,-0.05413409,0.9934726,0.1004074,-0.7078293,-0.1091048,0.6979068,moving,-49.71591,-1.028081,9.269525,5.985717,-39.73134094759565,0.3293441472116103,59.40096720192382,49.32625484935989,59.25019155268897
05/18/2023 18:41:25.040386,3970,True,True,True,True,Eyes,0.5123968,0.03085332,-3.372596,-0.7547112,-0.01152119,0.655956,0.0,0.0,0.0,0.0,0.0,0.0,0.0,1.993852,0.3221616,2.573517,0.3981408,0.02503445,-3.247011,0.05647998,-0.3792786,0.005071585,0.9235432,6.209863,315.2416,358.0703,0.1627386,0.00952357,-0.986623,0.0,0.0,0.0,-1.1709,0.0534269,-2.581748,0.3296163,0.20896,1.9929,0.712244,-0.03347565,0.7011333,-0.05221096,0.9935686,0.1004763,-0.6999876,-0.1081705,0.7059154,moving,-49.00451,-1.006238,9.391433,5.985717,-39.0689010586623,0.3660761119350422,58.81303931596525,48.78508317906157,58.66477319484945
05/18/2023 18:41:25.051127,3971,True,True,True,True,Eyes,0.5074157,0.03081897,-3.36642,-0.746542,-0.0114429,0.6652399,0.0,0.0,0.0,0.0,0.0,0.0,0.0,1.960062,0.3208571,2.58701,0.3937816,0.02703563,-3.237532,0.05657729,-0.3738739,0.004774712,0.9257401,6.218595,315.9111,358.0709,0.1614864,0.009475708,-0.9868292,0.0,0.0,0.0,-1.163665,0.04497385,-2.544703,0.3340891,0.20896,1.9929,0.7203911,-0.03346524,0.6927602,-0.05114581,0.9935524,0.1011814,-0.6916797,-0.108322,0.7140347,moving,-48.29593,-0.9854566,9.516556,5.985719,-38.40906837796579,0.4017498223026923,58.23127017974304,48.24983091986274,58.08539736093094
05/18/2023 18:41:25.070835,3972,True,True,True,True,Eyes,0.5024726,0.03090207,-3.360102,-0.7382682,-0.01141577,0.6744106,0.0,0.0,0.0,0.0,0.0,0.0,0.0,1.927752,0.3158594,2.599817,0.3897319,0.03021722,-3.22835,0.05647445,-0.3686795,0.005230132,0.9278248,6.237689,316.558,358.1589,0.160243,0.009433431,-0.9870322,0.0,0.0,0.0,-1.156038,0.04851138,-2.508734,0.3384072,0.2089601,1.9929,0.7280962,-0.03193665,0.6847306,-0.05134723,0.9935666,0.1009403,-0.683549,-0.1086533,0.7217722,moving,-47.58819,-0.9697549,9.637262,5.985719,-37.74992088839543,0.432649520010925,57.6466041825352,47.71144184310324,57.5029314632679
05/18/2023 18:41:25.090656,3973,True,True,True,True,Eyes,0.4975778,0.03105075,-3.353656,-0.7299442,-0.01114885,0.6834157,0.0,0.0,0.0,0.0,0.0,0.0,0.0,1.895516,0.3047523,2.612355,0.3854537,0.03311196,-3.218786,0.05536082,-0.3634958,0.005712273,0.929932,6.149113,317.2088,358.2927,0.1590094,0.009399693,-0.987232,0.0,0.0,0.0,-1.14722,0.05030371,-2.471684,0.3426878,0.2089601,1.992901,0.7356763,-0.02962279,0.6766851,-0.05087089,0.9938051,0.09881081,-0.67542,-0.1071164,0.7296121,moving,-46.88553,-0.9346073,9.756836,5.985719,-37.095879995328566,0.4816349849672399,57.063548278883154,47.174907917063884,56.92263823373978
05/18/2023 18:41:25.100717,3974,True,True,True,True,Eyes,0.4927611,0.03124283,-3.34707,-0.721549,-0.01103026,0.6922755,0.0,0.0,0.0,0.0,0.0,0.0,0.0,1.86609,0.2834597,2.623669,0.3816145,0.03477014,-3.209275,0.05230758,-0.3588613,0.00575746,0.9319063,5.832683,317.7996,358.4556,0.1577852,0.009375605,-0.9874287,0.0,0.0,0.0,-1.137755,0.05175728,-2.435553,0.3469905,0.2089601,1.992901,0.7423708,-0.02681151,0.6694526,-0.04827316,0.9944615,0.09335927,-0.668248,-0.1016238,0.7369649,moving,-46.18615,-0.912836,9.876945,5.985718,-36.44463857082767,0.5180246612258759,56.48593336636955,46.64316428970109,56.3472904453051
05/18/2023 18:41:25.120852,3975,True,True,True,True,Eyes,0.4879849,0.03142803,-3.340369,-0.7130734,-0.01081396,0.7010059,0.0,0.0,0.0,0.0,0.0,0.0,0.0,1.833375,0.2813478,2.635066,0.3777714,0.03602759,-3.199998,0.05231624,-0.3536365,0.006095188,0.9338989,5.855913,318.4445,358.5244,0.1565725,0.009361555,-0.9876218,0.0,0.0,0.0,-1.127703,0.04190755,-2.400241,0.3512993,0.20896,1.992901,0.7498081,-0.02561729,0.6611593,-0.04838645,0.9944517,0.09340521,-0.6598838,-0.1020271,0.7444084,moving,-45.48894,-0.8837945,9.997133,5.985717,-35.79555861581761,0.5611698290452733,55.90969938400636,46.112864988322784,55.77348585402777
05/18/2023 18:41:25.140623,3976,True,True,True,True,Eyes,0.4832841,0.03159687,-3.333553,-0.7045098,-0.01074579,0.7096128,0.0,0.0,0.0,0.0,0.0,0.0,0.0,1.800507,0.2743909,2.646399,0.3738429,0.0360238,-3.19053,0.05111108,-0.3484241,0.005471814,0.9359266,5.70954,319.0888,358.5388,0.1553707,0.009356393,-0.9878117,0.0,0.0,0.0,-1.116977,0.03066617,-2.365404,0.3554934,0.20896,1.992899,0.7571414,-0.02537424,0.6527581,-0.04585911,0.9947155,0.09185941,-0.6516395,-0.09948545,0.7519765,moving,-44.79324,-0.8675737,10.11404,5.98572,-35.14763956507822,0.5922797905441919,55.333326590192094,45.58189151784725,55.19911166300899
05/18/2023 18:41:25.150956,3977,True,True,True,True,Eyes,0.4786187,0.03176215,-3.326645,-0.6958453,-0.01075657,0.7181111,0.0,0.0,0.0,0.0,0.0,0.0,0.0,1.767557,0.2753956,2.657072,0.3701746,0.03582996,-3.181481,0.05107015,-0.3432042,0.004501035,0.9378606,5.674848,319.7245,358.4675,0.1541817,0.00935881,-0.9879979,0.0,0.0,0.0,-1.106038,0.02663035,-2.331327,0.3600421,0.20896,1.9929,0.7643812,-0.02661229,0.6442152,-0.04349767,0.9947432,0.09270383,-0.6432957,-0.09888293,0.7592054,moving,-44.09783,-0.8581678,10.24073,5.985719,-34.49985993035919,0.6170041207628087,54.76785452621651,45.06155220108492,54.63535242396902
05/18/2023 18:41:25.170560,3978,True,True,True,True,Eyes,0.474011,0.03192081,-3.319629,-0.6867546,-0.01060417,0.726812,0.0,0.0,0.0,0.0,0.0,0.0,0.0,1.732394,0.2840284,2.667835,0.3662236,0.03594318,-3.172348,0.05220471,-0.3375931,0.003047577,0.9398383,5.749863,320.3977,358.2999,0.1530048,0.009367996,-0.9881808,0.0,0.0,0.0,-1.094772,0.02386752,-2.297785,0.3644133,0.20896,1.9929,0.7720432,-0.02951945,0.6348842,-0.04097636,0.9945307,0.09607031,-0.6342478,-0.1001857,0.766611,moving,-43.3768,-0.8358845,10.36238,5.985718,-33.82845557479905,0.6543686824180097,54.17041376748387,44.51127086868007,54.04004400772664
05/18/2023 18:41:25.190644,3979,True,True,True,True,Eyes,0.4694453,0.03206262,-3.312527,-0.6776074,-0.01037035,0.7353507,0.0,0.0,0.0,0.0,0.0,0.0,0.0,1.699942,0.2798393,2.67762,0.3623955,0.03595284,-3.16309,0.05125215,-0.3324585,0.001465501,0.9417232,5.595522,321.0225,358.1967,0.1518406,0.009383127,-0.9883602,0.0,0.0,0.0,-1.083436,0.01622804,-2.265218,0.3687886,0.2089599,1.9929,0.7789384,-0.03131823,0.626318,-0.03683861,0.9947421,0.09555623,-0.6260175,-0.09750511,0.7736892,moving,-42.6598,-0.8079655,10.48406,5.985717,-33.16091440504304,0.6969162035525165,53.57633785180176,43.96424916544539,53.4481821096132
05/18/2023 18:41:25.200948,3980,True,True,True,True,Eyes,0.4649436,0.03216871,-3.30533,-0.6681375,-0.0100094,0.7439705,0.0,0.0,0.0,0.0,0.0,0.0,0.0,1.668337,0.2737571,2.686772,0.3587097,0.03566983,-3.153901,0.05019642,-0.327425,0.0009341476,0.9435424,5.470695,321.6392,358.2092,0.1506884,0.009403174,-0.9885364,0.0,0.0,0.0,-1.072718,0.0137227,-2.234735,0.3730291,0.20896,1.9929,0.785584,-0.0311083,0.6179726,-0.03463393,0.9949589,0.09411316,-0.6177849,-0.09533662,0.7805464,moving,-41.92606,-0.7708129,10.60189,5.985718,-32.477952671882164,0.7484899374063625,52.96070468758091,43.39702066287198,52.83499995313899
05/18/2023 18:41:25.221475,3981,True,True,True,True,Eyes,0.4604904,0.03227377,-3.298065,-0.6586333,-0.009808213,0.7524001,0.0,0.0,0.0,0.0,0.0,0.0,0.0,1.63666,0.2727548,2.695059,0.3551958,0.03493284,-3.14468,0.04999337,-0.3223893,0.0008549301,0.9452857,5.455193,322.2522,358.2374,0.1495493,0.009426614,-0.988709,0.0,0.0,0.0,-1.06233,0.01523598,-2.205281,0.3772779,0.20896,1.9929,0.7921289,-0.03061835,0.6095855,-0.03385096,0.9949999,0.09396481,-0.6094145,-0.09506729,0.7871316,moving,-41.19814,-0.7468598,10.71986,5.985719,-31.80016048899516,0.7875752253489003,52.3527109259703,42.83658297631257,52.22902996196094
05/18/2023 18:41:25.240796,3982,True,True,True,True,Eyes,0.4561188,0.03238268,-3.290693,-0.6488746,-0.009573542,0.7608352,0.0,0.0,0.0,0.0,0.0,0.0,0.0,1.60617,0.2826956,2.701533,0.351783,0.03504602,-3.135762,0.05178173,-0.3175389,0.001130522,0.9468297,5.668629,322.8325,358.2295,0.1484229,0.009453128,-0.9888785,0.0,0.0,0.0,-1.05102,0.00906986,-2.175907,0.381677,0.20896,1.9929,0.7983356,-0.0307446,0.6014276,-0.03502625,0.9946347,0.09733898,-0.6011934,-0.09877492,0.7929754,moving,-40.45904,-0.7209112,10.84191,5.985719,-31.111989448986904,0.8287843177923246,51.73747538817537,42.26965405929246,51.61582201424846
05/18/2023 18:41:25.250781,3983,True,True,True,True,Eyes,0.3478454,0.03519996,-3.104638,-0.372215,-0.002433137,0.9281433,2.03282,-0.4088005,0.03025384,-1.21789,0.3418244,0.07679939,-0.9366205,0.5230352,0.2078181,1.974601,0.348252,0.03528177,-3.126463,0.05195042,-0.3126261,0.0006078934,0.9484545,5.677287,323.4244,358.1958,0.147311,0.009482558,-0.9890445,0.0,0.0,0.0,-1.039165,0.00344646,-2.146489,0.3860033,0.2089601,1.9929,0.8045291,-0.031329,0.5930864,-0.03363523,0.9946015,0.09816512,-0.5929601,-0.0989253,0.7991322,moving,-21.85236,-0.1502011,10.96184,5.98572,-13.785850648838473,1.788953554486964,33.38294848250264,25.10101673336742,33.304630139435254
05/18/2023 18:41:25.270473,3984,True,True,True,True,Eyes,0.347738,0.03519994,-3.104267,-0.3715875,-0.002510185,0.9283945,0.0,0.0,0.0,0.0,0.0,0.0,0.0,1.545423,0.2811798,2.714825,0.344771,0.03548574,-3.117298,0.05149553,-0.3079191,-0.0004245009,0.9500179,5.599943,323.9914,358.1275,0.1428137,0.009715045,-0.9897017,-0.3248202,0.008451853,0.5581656,-1.027049,-0.0009368211,-2.117265,0.3903873,0.2089601,1.9929,0.8103713,-0.03251948,0.5850136,-0.03090634,0.9946961,0.09810477,-0.5851011,-0.09758192,0.8050681,moving,-21.81363,-0.1549155,11.08327,5.985721,-13.749672826889766,1.7854273545101476,33.465107892178274,25.185660923468305,33.38627962214469
05/18/2023 18:41:25.290968,3985,True,True,True,True,Eyes,0.3475013,0.03522999,-3.103555,-0.3705822,-0.002746232,0.9287956,0.0,0.0,0.0,0.0,0.0,0.0,0.0,1.512395,0.2932828,2.721436,0.3413572,0.03556184,-3.10834,0.05332739,-0.3026674,-0.001744098,0.9516017,5.76434,324.6091,357.9495,0.1390645,0.009906426,-0.9902335,-0.305331,0.007944741,0.5246756,-1.014513,-0.004808322,-2.088372,0.3947064,0.20896,1.9929,0.8167788,-0.03560029,0.5758516,-0.02896154,0.9943063,0.1025486,-0.5762236,-0.1004371,0.8110973,moving,-21.75161,-0.1694098,11.20281,5.985719,-13.69160644632503,1.7732799948161593,33.52431070254822,25.248299201638364,33.444936207098635
05/18/2023 18:41:25.300706,3986,True,True,True,True,Eyes,0.3471401,0.03528097,-3.102507,-0.3690732,-0.002985264,0.9293955,0.0,0.0,0.0,0.0,0.0,0.0,0.0,1.480057,0.3055271,2.72726,0.3378788,0.03637136,-3.099416,0.05538092,-0.2975012,-0.002784288,0.9531097,5.964459,325.2149,357.7954,0.135925,0.0100656,-0.9906678,-0.2870111,0.007468057,0.4931951,-1.001772,-0.009170294,-2.059963,0.3990808,0.20896,1.9929,0.8229706,-0.03825924,0.566794,-0.02764431,0.9938504,0.1072248,-0.5674109,-0.1039115,0.816852,moving,-21.65858,-0.1840363,11.32378,5.985719,-13.60464343069115,1.7617188051919472,33.55446246971449,25.283759063588032,33.474558807533505
05/18/2023 18:41:25.320861,3987,True,True,True,True,Eyes,0.3466763,0.0353358,-3.10115,-0.3672458,-0.003386989,0.9301177,0.0,0.0,0.0,0.0,0.0,0.0,0.0,1.447982,0.3103423,2.733088,0.3343878,0.03695596,-3.090235,0.05624971,-0.2923606,-0.003579875,0.9546458,6.044673,325.8246,357.7106,0.1332833,0.01019948,-0.9910253,-0.2697904,0.007019973,0.4636033,-0.9887998,-0.01119493,-2.031507,0.4035037,0.20896,1.9929,0.829025,-0.03972542,0.5577988,-0.02605537,0.9936464,0.1094903,-0.5586042,-0.1053039,0.8227226,moving,-21.54599,-0.2086395,11.44598,5.985717,-13.499263570600313,1.7412668528059942,33.56843959629331,25.303765210904707,33.48797710090312
05/18/2023 18:41:25.340596,3988,True,True,True,True,Eyes,0.3461436,0.03540282,-3.099475,-0.364954,-0.004024521,0.9310168,0.0,0.0,0.0,0.0,0.0,0.0,0.0,1.417209,0.3223994,2.737491,0.3313285,0.03719092,-3.081414,0.05837769,-0.2874564,-0.003753809,0.9560058,6.284226,326.4006,357.651,0.1310485,0.01031316,-0.991322,-0.253603,0.006598775,0.4357871,-0.9753928,-0.0133855,-2.003246,0.4077793,0.20896,1.992901,0.8347094,-0.04073941,0.5491817,-0.02638475,0.9931559,0.1137769,-0.5500582,-0.1094607,0.8279217,moving,-21.40494,-0.2476718,11.56401,5.985717,-13.367088685208651,1.707960278915342,33.55304457175929,25.295432082026146,33.471949474777595
05/18/2023 18:41:25.350728,3989,True,True,True,True,Eyes,0.3455147,0.03548627,-3.097514,-0.3623533,-0.004824529,0.9320283,0.0,0.0,0.0,0.0,0.0,0.0,0.0,1.383119,0.3465072,2.741656,0.3281242,0.03766186,-3.072569,0.06254483,-0.281982,-0.003926598,0.9573708,6.750308,327.0309,357.5304,0.1290443,0.01041712,-0.9915839,-0.2383868,0.006202848,0.4096399,-0.9614496,-0.01645029,-1.974809,0.4121874,0.20896,1.9929,0.8409415,-0.04279145,0.5394315,-0.02775461,0.9921455,0.1219716,-0.5404137,-0.1175427,0.8331486,moving,-21.24505,-0.2965819,11.6856,5.985717,-13.217169725832116,1.665839033222407,33.52454308251555,25.274676766789145,33.44275666307409
05/18/2023 18:41:25.370866,3990,True,True,True,True,Eyes,0.3448043,0.0355769,-3.095266,-0.3593667,-0.005520111,0.9331802,0.0,0.0,0.0,0.0,0.0,0.0,0.0,1.350898,0.3588574,2.745819,0.3250445,0.038141,-3.063677,0.06485504,-0.2767852,-0.003743762,0.9587334,7.023992,327.6406,357.5122,0.127227,0.01051406,-0.9918177,-0.2240836,0.005830677,0.3850615,-0.9464508,-0.01984675,-1.946051,0.4164849,0.2089601,1.9929,0.8467519,-0.04308037,0.5302408,-0.02872329,0.9915596,0.1264298,-0.531212,-0.122285,0.8383676,moving,-21.06164,-0.3389221,11.80403,5.98572,-13.045461698471046,1.6304058959402736,33.468692269671855,25.228277757655256,33.38629865037529
05/18/2023 18:41:25.390964,3991,True,True,True,True,Eyes,0.3440061,0.03567569,-3.092741,-0.3560762,-0.006267899,0.934436,0.0,0.0,0.0,0.0,0.0,0.0,0.0,1.317914,0.3617729,2.750987,0.3219829,0.03840747,-3.054596,0.06555414,-0.2714365,-0.003693909,0.9602143,7.116469,328.2773,357.5348,0.1255765,0.01060504,-0.992027,-0.2106386,0.005480837,0.3619578,-0.931301,-0.02494675,-1.917889,0.4208198,0.20896,1.9929,0.8526171,-0.04268146,0.52079,-0.02849368,0.991378,0.1278973,-0.5217586,-0.1238867,0.8440498,moving,-20.85984,-0.3843161,11.92339,5.985718,-12.85655986341297,1.5925352951941538,33.396369618089665,25.16636583837773,33.31335322134651
05/18/2023 18:41:25.400757,3992,True,True,True,True,Eyes,0.343136,0.03577853,-3.089939,-0.3523861,-0.006872742,0.9358295,0.0,0.0,0.0,0.0,0.0,0.0,0.0,1.284395,0.3659022,2.755714,0.3189282,0.03871057,-3.045373,0.06652054,-0.2659786,-0.003329636,0.9616752,7.248392,328.9265,357.5856,0.1240746,0.01069101,-0.9922151,-0.1980003,0.005151987,0.3402404,-0.9159927,-0.03182749,-1.890396,0.4251916,0.20896,1.9929,0.8584886,-0.04179014,0.5111271,-0.02898203,0.9911278,0.1297136,-0.5120131,-0.1261711,0.8496608,moving,-20.63384,-0.4207733,12.04366,5.985718,-12.645280785980908,1.5635838739459698,33.2995816344136,25.081847367418597,33.21602989139376
05/18/2023 18:41:25.420605,3993,True,True,True,True,Eyes,0.3421846,0.03587769,-3.086862,-0.3483919,-0.007309396,0.9373204,0.0,0.0,0.0,0.0,0.0,0.0,0.0,1.250389,0.3623143,2.761097,0.3159422,0.03888506,-3.035962,0.06614152,-0.2604358,-0.003227538,0.9632176,7.223273,329.5918,357.6505,0.1227046,0.01077275,-0.9923845,-0.1861203,0.004842868,0.319826,-0.9018503,-0.03920472,-1.864191,0.4293258,0.20896,1.9929,0.8643255,-0.04066887,0.5012857,-0.02823359,0.9912298,0.1290985,-0.5021396,-0.1257362,0.855597,moving,-20.38956,-0.4467939,12.1573,5.985719,-12.417169312646031,1.544819972147722,33.17642714440881,24.972507406621403,33.092474669874875
05/18/2023 18:41:25.440951,3994,True,True,True,True,Eyes,0.3411513,0.03596719,-3.08353,-0.343962,-0.007574809,0.938953,0.0,0.0,0.0,0.0,0.0,0.0,0.0,1.215331,0.3505272,2.767195,0.3128828,0.0388513,-3.026196,0.06432195,-0.2547017,-0.003388775,0.9648722,7.030557,330.2859,357.7303,0.1214525,0.01085064,-0.9925377,-0.1749531,0.004552295,0.3006364,-0.8870122,-0.04689232,-1.838067,0.433721,0.20896,1.9929,0.8702311,-0.03930529,0.4910732,-0.02622635,0.9917024,0.1258512,-0.4919451,-0.1223987,0.8619794,moving,-20.11905,-0.4622118,12.278,5.985717,-12.164821082868032,1.5365810652833858,33.03247847970796,24.844442297115155,32.948217571177224
05/18/2023 18:41:25.451073,3995,True,True,True,True,Eyes,0.3400417,0.03605094,-3.079933,-0.3392242,-0.007643114,0.9406745,0.0,0.0,0.0,0.0,0.0,0.0,0.0,1.178211,0.3405508,2.773604,0.3099822,0.03864153,-3.01653,0.06283204,-0.248591,-0.003118468,0.9665635,6.887016,331.0239,357.8487,0.1203041,0.0109249,-0.9926768,-0.1644559,0.004279158,0.2825982,-0.8726804,-0.05545664,-1.812663,0.4382358,0.20896,1.9929,0.8763856,-0.03726735,0.4801661,-0.02521056,0.9920848,0.1230127,-0.4809498,-0.1199118,0.8685093,moving,-19.83022,-0.4655261,12.40188,5.98572,-11.895635180760411,1.5400909657392636,32.87136818954704,24.70086762584555,32.78688941740015
05/18/2023 18:41:25.470813,3996,True,True,True,True,Eyes,0.3388599,0.0361121,-3.07609,-0.3341102,-0.0075821,0.9425036,0.0,0.0,0.0,0.0,0.0,0.0,0.0,1.140979,0.3254392,2.779736,0.3068778,0.03852414,-3.006496,0.06049323,-0.2424287,-0.002864763,0.9682771,6.64743,331.7706,357.9877,0.1192476,0.01099581,-0.9928034,-0.1545885,0.004022408,0.2656423,-0.8588711,-0.06086348,-1.788049,0.4424762,0.2089601,1.9929,0.8824402,-0.03487837,0.4691298,-0.02378283,0.9926648,0.1185374,-0.469823,-0.1157594,0.8751377,moving,-19.51902,-0.4609139,12.51811,5.98572,-11.60575777967229,1.5515324741256205,32.679302123477626,24.52800472247449,32.59473769452754
05/18/2023 18:41:25.490631,3997,True,True,True,True,Eyes,0.3376152,0.03613264,-3.071996,-0.3287149,-0.007371129,0.9444004,0.0,0.0,0.0,0.0,0.0,0.0,0.0,1.104232,0.3100866,2.785305,0.3039734,0.03795286,-2.996592,0.05805019,-0.2363445,-0.002416659,0.9699307,6.399889,332.5075,358.1473,0.1182729,0.01106306,-0.9929193,-0.1453132,0.003781064,0.2497038,-0.8453339,-0.06374799,-1.763714,0.4469831,0.2089601,1.9929,0.8882709,-0.03212767,0.458195,-0.0227517,0.9932487,0.1137516,-0.4587561,-0.111467,0.8815429,moving,-19.19133,-0.4471895,12.64154,5.98572,-11.300690426958782,1.571880837184036,32.476359664717506,24.34568491484269,32.39174424293132
05/18/2023 18:41:25.500758,3998,True,True,True,True,Eyes,0.3363127,0.03610007,-3.06766,-0.3227483,-0.007390833,0.946456,0.0,0.0,0.0,0.0,0.0,0.0,0.0,1.066911,0.2982891,2.789869,0.3010591,0.03693583,-2.986409,0.05616975,-0.2301557,-0.00160469,0.9715301,6.223238,333.2538,358.3299,0.1173698,0.01112586,-0.9930257,-0.1365944,0.0035542,0.2347216,-0.8319694,-0.06688802,-1.740042,0.4511608,0.20896,1.9929,0.8940516,-0.02897359,0.4470261,-0.02273757,0.9936848,0.1098799,-0.4473867,-0.1084026,0.8877466,moving,-18.82975,-0.4474111,12.75584,5.985719,-10.96377782558876,1.5799510871280604,32.23406053434203,24.125319908637067,32.14934590155235
05/18/2023 18:41:25.521476,3999,True,True,True,True,Eyes,0.3349565,0.0360185,-3.063095,-0.3165219,-0.007405291,0.9485563,0.0,0.0,0.0,0.0,0.0,0.0,0.0,1.029038,0.2910331,2.793539,0.2982993,0.03559506,-2.97611,0.05497297,-0.2238973,-0.000895413,0.9730608,6.118383,334.0028,358.4809,0.116531,0.01118297,-0.9931238,-0.1283987,0.003340948,0.2206383,-0.8187891,-0.07000554,-1.716769,0.4554054,0.2089601,1.9929,0.8997385,-0.02635917,0.4356328,-0.02287401,0.9939544,0.107385,-0.4358297,-0.1065831,0.893696,moving,-18.45324,-0.4472937,12.87187,5.98572,-10.612960447736226,1.5886804468093951,31.97883959396413,23.892911459075915,31.894029418605623
05/18/2023 18:41:25.540805,4000,True,True,True,True,Eyes,0.3335517,0.03587085,-3.058304,-0.3098332,-0.007773192,0.9507591,0.0,0.0,0.0,0.0,0.0,0.0,0.0,0.9909545,0.2909856,2.796215,0.2954898,0.03432471,-2.965971,0.05494222,-0.2175888,-0.0006114239,0.9744928,6.131777,334.749,358.5534,0.1157483,0.01123352,-0.9932148,-0.1206948,0.003140491,0.2074,-0.8051422,-0.06678811,-1.692799,0.4598948,0.20896,1.9929,0.9053095,-0.02510129,0.4240103,-0.02271798,0.9939619,0.1073477,-0.4241447,-0.1068155,0.8992729,moving,-18.04975,-0.4684269,12.99447,5.985718,-10.236596136781108,1.578136133116633,31.70803654909266,23.645490305019624,31.622955888509697
05/18/2023 18:41:25.550970,4001,True,True,True,True,Eyes,0.2971218,0.03012743,-2.932941,-0.1317594,-0.01621957,0.9911491,0.0,0.0,0.0,0.0,0.0,0.0,0.0,0.9529977,0.2904803,2.798245,0.292726,0.03260435,-2.955673,0.05471187,-0.2113124,-0.0007363345,0.9758859,6.11209,335.4887,358.5847,0.1150155,0.01127608,-0.9932995,-0.1134531,0.002952062,0.194956,-0.7921002,-0.05915692,-1.669261,0.4641474,0.20896,1.9929,0.910693,-0.02455974,0.4123529,-0.02168543,0.9940122,0.1070963,-0.4125141,-0.1064739,0.9047074,moving,-7.572274,-0.9375278,13.1105,5.985718,-0.4650253815557539,1.378902335828082,21.810742141025226,14.33588643750097,21.72985640353205
05/18/2023 18:41:25.580772,4002,True,True,True,True,Eyes,0.296999,0.03003632,-2.932538,-0.1310533,-0.01653122,0.9912375,0.0,0.0,0.0,0.0,0.0,0.0,0.0,0.9147046,0.2911318,2.799595,0.28985,0.03047262,-2.945205,0.05458525,-0.2049578,-0.001129181,0.9772469,6.097672,336.2346,358.5834,0.1132079,0.01114963,-0.9935085,-0.2159356,-0.01445534,0.5593451,-0.7770193,-0.05249019,-1.64466,0.4684098,0.2089599,1.9929,0.915982,-0.02458232,0.4004655,-0.02016837,0.9940383,0.1071494,-0.4007121,-0.1062237,0.9100254,moving,-7.531498,-0.9554533,13.22668,5.985717,-0.4266876072314565,1.363056908794568,21.887937294621576,14.41469504835328,21.806215880692108
05/18/2023 18:41:25.590540,4003,True,True,True,True,Eyes,0.2967719,0.02988029,-2.931731,-0.1298354,-0.0168572,0.9913923,0.0,0.0,0.0,0.0,0.0,0.0,0.0,0.876147,0.2954291,2.800305,0.287025,0.02828349,-2.934866,0.05506944,-0.1985361,-0.001585904,0.978544,6.150823,336.9846,358.5609,0.1117387,0.01104153,-0.9936761,-0.2029794,-0.01358802,0.5257844,-0.7606461,-0.0438654,-1.619097,0.4728947,0.20896,1.9929,0.9211618,-0.0249703,0.388378,-0.01876279,0.9939297,0.1084055,-0.3887273,-0.107146,0.9151015,moving,-7.461148,-0.9741386,13.34881,5.985721,-0.3607791700461629,1.3471773211404985,21.942971485500234,14.473041237837142,21.860362217407854
05/18/2023 18:41:25.600607,4004,True,True,True,True,Eyes,0.2964376,0.02967777,-2.930527,-0.1279247,-0.01723279,0.9916342,0.0,0.0,0.0,0.0,0.0,0.0,0.0,0.8362991,0.2981474,2.800818,0.2841322,0.02651334,-2.924284,0.05533597,-0.1918757,-0.002384117,0.9798551,6.17281,337.7605,358.5068,0.1105396,0.01094615,-0.9938112,-0.1908007,-0.01277274,0.4942374,-0.7433032,-0.03251991,-1.593429,0.4770987,0.20896,1.9929,0.9263561,-0.02590743,0.3757569,-0.01656307,0.9938645,0.1093574,-0.3762845,-0.1075275,0.9202433,moving,-7.35078,-0.9955956,13.46318,5.985717,-0.257530080575461,1.329619457076416,21.95357958284978,14.48920734355141,21.870114496264
05/18/2023 18:41:25.620448,4005,True,True,True,True,Eyes,0.2960002,0.02944242,-2.928936,-0.1255608,-0.01743985,0.9919327,0.0,0.0,0.0,0.0,0.0,0.0,0.0,0.796608,0.291953,2.801433,0.2810138,0.02515989,-2.913459,0.05412035,-0.1851882,-0.003608906,0.9812052,6.019657,338.5417,358.4369,0.1095501,0.01085912,-0.9939218,-0.1793526,-0.01200637,0.4645831,-0.7250245,-0.02833284,-1.567958,0.481406,0.20896,1.9929,0.9313846,-0.02712706,0.3630246,-0.01296275,0.9941159,0.107543,-0.3638059,-0.1048697,0.9255526,moving,-7.214244,-1.007252,13.58024,5.985718,-0.1300866097445316,1.321834374035202,21.938828461136115,14.481880617599757,21.854530105346562
05/18/2023 18:41:25.640286,4006,True,True,True,True,Eyes,0.2954742,0.02918923,-2.926964,-0.1226613,-0.01762166,0.9922921,0.0,0.0,0.0,0.0,0.0,0.0,0.0,0.7581645,0.2806324,2.801539,0.2779498,0.02410032,-2.902473,0.05213955,-0.1786588,-0.004167515,0.9825199,5.794866,339.31,358.4553,0.1086501,0.01077336,-0.9940215,-0.1685915,-0.01128599,0.4367082,-0.7070237,-0.02596603,-1.543011,0.4856957,0.20896,1.9929,0.9361274,-0.02681971,0.350637,-0.01044104,0.9945282,0.1039454,-0.3515062,-0.1009671,0.930725,moving,-7.046817,-1.017383,13.69672,5.985717,0.0261108020248608,1.3161843101970605,21.893783064613775,14.446109904915605,21.808637263776507
05/18/2023 18:41:25.650661,4007,True,True,True,True,Eyes,0.2948546,0.02889105,-2.924619,-0.1193469,-0.01756329,0.9926972,0.0,0.0,0.0,0.0,0.0,0.0,0.0,0.7194576,0.2686718,2.801074,0.2749065,0.02339877,-2.891314,0.05014717,-0.1720365,-0.004236036,0.9838043,5.578677,340.0903,358.5267,0.1078293,0.01068827,-0.9941118,-0.158476,-0.01060883,0.4105057,-0.689428,-0.01065625,-1.518053,0.4902284,0.20896,1.9929,0.940771,-0.02558915,0.3380757,-0.008919429,0.9949346,0.1001275,-0.3389254,-0.09721249,0.9357774,moving,-6.855477,-1.013599,13.81966,5.985718,0.2043224938325885,1.3241066303663445,21.82777424373035,14.391248589623723,21.74180073183069
05/18/2023 18:41:25.671045,4008,True,True,True,True,Eyes,0.2941521,0.02854392,-2.921925,-0.1152738,-0.01695931,0.993189,0.0,0.0,0.0,0.0,0.0,0.0,0.0,0.6812701,0.2521547,2.800128,0.2718853,0.02195307,-2.879935,0.04724628,-0.1654664,-0.004041993,0.9850748,5.263982,340.8672,358.642,0.1070767,0.01060225,-0.994194,-0.1489674,-0.009972301,0.3858753,-0.6713899,-0.002319336,-1.493658,0.494446,0.20896,1.9929,0.945209,-0.02359868,0.3256117,-0.007672019,0.9955029,0.09441987,-0.3263756,-0.09174462,0.9407773,moving,-6.620375,-0.9782656,13.93394,5.985718,0.4227046588326999,1.362562173722843,21.70200296517107,14.280302876285527,21.615399168266755
05/18/2023 18:41:25.690931,4009,True,True,True,True,Eyes,0.2933667,0.02816821,-2.918898,-0.1107826,-0.01642853,0.9937089,0.0,0.0,0.0,0.0,0.0,0.0,0.0,0.64177,0.2473618,2.79811,0.2690141,0.0203917,-2.868744,0.04635273,-0.1586592,-0.003740861,0.9862377,5.177563,341.6644,358.7292,0.1063864,0.01051413,-0.9942691,-0.1400294,-0.009373963,0.3627228,-0.6525515,0.0003819764,-1.469515,0.4987378,0.20896,1.9929,0.9496265,-0.02208733,0.3126046,-0.007329821,0.9956748,0.09261665,-0.3132982,-0.09024256,0.9453573,moving,-6.361296,-0.9471583,14.05012,5.985717,0.6635089139420476,1.3976108420883306,21.556684880806838,14.151044996240973,21.46937384166834
05/18/2023 18:41:25.700580,4010,True,True,True,True,Eyes,0.292508,0.02784384,-2.915552,-0.1055981,-0.01576288,0.994284,0.0,0.0,0.0,0.0,0.0,0.0,0.0,0.6000331,0.2506784,2.795382,0.2660717,0.01934505,-2.857599,0.04691133,-0.1514464,-0.004242091,0.9873425,5.241289,342.4995,358.7004,0.1057479,0.0104229,-0.994338,-0.1316276,-0.008811525,0.3409594,-0.6328243,0.001932397,-1.444765,0.5032402,0.20896,1.9929,0.954092,-0.02258589,0.2986609,-0.005832305,0.9955627,0.09392,-0.2994569,-0.0913502,0.9497266,moving,-6.06238,-0.9082628,14.17187,5.985718,0.9412824983320888,1.4408615378135967,21.37643198322088,13.989430506677841,21.288379122669923
05/18/2023 18:41:25.720630,4011,True,True,True,True,Eyes,0.2915693,0.0276248,-2.911881,-0.09997446,-0.01513918,0.9948748,0.0,0.0,0.0,0.0,0.0,0.0,0.0,0.5561487,0.2588289,2.792092,0.2630757,0.02029434,-2.84648,0.04867151,-0.143812,-0.004934933,0.988395,5.439462,343.3781,358.6327,0.1051554,0.01033083,-0.9944019,-0.12373,-0.008282834,0.3205019,-0.6136579,0.005086645,-1.421266,0.5076042,0.20896,1.9929,0.9585875,-0.02375443,0.2838058,-0.004243772,0.9952135,0.09763277,-0.2847666,-0.09479395,0.9538984,moving,-5.73836,-0.8718121,14.28975,5.985719,1.2424940863691916,1.4823985201071763,21.169575408107907,13.802564334948642,21.08073738244709
05/18/2023 18:41:25.740723,4012,True,True,True,True,Eyes,0.2905884,0.02736387,-2.907886,-0.09375811,-0.0139229,0.9954976,0.0,0.0,0.0,0.0,0.0,0.0,0.0,0.5103924,0.2556125,2.789075,0.2600341,0.02262013,-2.834898,0.04868294,-0.1358064,-0.006091753,0.9895198,5.433529,344.3015,358.545,0.1046046,0.01024198,-0.9944609,-0.1163062,-0.007785864,0.3012717,-0.5946324,0.01214156,-1.397703,0.5118946,0.20896,1.9929,0.963039,-0.02527873,0.2681732,-0.00116709,0.9951857,0.09800009,-0.2693594,-0.09469089,0.9583732,moving,-5.380369,-0.8012789,14.40553,5.985718,1.5747045988475383,1.5566156525564383,20.9175793570578,13.573762487939346,20.82807463771527
05/18/2023 18:41:25.750800,4013,True,True,True,True,Eyes,0.2895565,0.02711272,-2.903629,-0.08716539,-0.01289764,0.9961103,0.0,0.0,0.0,0.0,0.0,0.0,0.0,0.4691814,0.2225442,2.78688,0.2574011,0.02123062,-2.823056,0.04282342,-0.1285384,-0.006071891,0.990761,4.777965,345.1606,358.6752,0.1040879,0.01015419,-0.9945161,-0.1093278,-0.007318712,0.2831954,-0.5770158,0.02620682,-1.375501,0.516195,0.20896,1.9929,0.9668821,-0.02304049,0.2541815,0.001022682,0.9962586,0.08641649,-0.2552216,-0.08329461,0.9632881,moving,-5.000972,-0.7418247,14.52145,5.985719,1.9270731539813228,1.620952490275113,20.649087267516055,13.329272854283811,20.558798247899915
05/18/2023 18:41:25.770852,4014,True,True,True,True,Eyes,0.2884916,0.02701306,-2.89908,-0.07997384,-0.01219183,0.9967224,0.0,0.0,0.0,0.0,0.0,0.0,0.0,0.4246551,0.2325081,2.782152,0.2549724,0.02122675,-2.812348,0.04481837,-0.1206659,-0.005211196,0.9916672,5.027403,346.0713,358.7833,0.1036014,0.01006782,-0.9945677,-0.1027681,-0.006879589,0.2662037,-0.5571018,0.02716303,-1.352775,0.5205601,0.20896,1.9929,0.9708251,-0.02115164,0.2388537,-0.0004805519,0.9959283,0.09014744,-0.2397879,-0.08763219,0.9668621,moving,-4.587404,-0.7008027,14.63899,5.985719,2.3116348866884984,1.6688184027635065,20.355927851311687,13.06136726595298,20.264663921895682
05/18/2023 18:41:25.790701,4015,True,True,True,True,Eyes,0.2873811,0.02691353,-2.894228,-0.07248364,-0.01077921,0.9973114,0.0,0.0,0.0,0.0,0.0,0.0,0.0,0.3748786,0.2521946,2.775655,0.2521504,0.02487981,-2.800749,0.04915924,-0.111883,-0.006999598,0.99248,5.509619,347.0674,358.5669,0.1031437,0.009988302,-0.994616,-0.09660204,-0.006466814,0.2502315,-0.5369937,0.03229691,-1.33011,0.5248667,0.20896,1.9929,0.9748664,-0.02489409,0.2213951,0.002893759,0.9950688,0.0991454,-0.2227715,-0.09601285,0.9701311,moving,-4.156894,-0.619244,14.75484,5.985719,2.711204608253158,1.7550159834280752,20.031954949982413,12.76510875252412,19.939845927285557
05/18/2023 18:41:25.800681,4016,True,True,True,True,Eyes,0.2862567,0.02693325,-2.889174,-0.06446046,-0.009757816,0.9978725,0.0,0.0,0.0,0.0,0.0,0.0,0.0,0.335098,0.1966156,2.772632,0.2497904,0.02461264,-2.788447,0.03939525,-0.1047818,-0.008780553,0.9936759,4.384663,347.9044,358.5227,0.1027098,0.009914786,-0.9946608,-0.09080592,-0.006078805,0.2352176,-0.5164794,0.0325463,-1.308214,0.529133,0.2089601,1.9929,0.9778874,-0.02570586,0.2075464,0.00919424,0.9967418,0.08013231,-0.2089301,-0.07645214,0.9749376,moving,-3.696051,-0.5602558,14.86947,5.98572,3.1394708104745592,1.8207811771519329,19.68574024962299,12.447473494020162,19.592593923109465
05/18/2023 18:41:25.820710,4017,True,True,True,True,Eyes,0.2850756,0.02712519,-2.883839,-0.05598625,-0.00898237,0.9983912,0.0,0.0,0.0,0.0,0.0,0.0,0.0,0.2845903,0.2232244,2.766012,0.2477691,0.02758856,-2.778397,0.04492331,-0.09578387,-0.008759642,0.9943493,5.029053,348.9298,358.5029,0.102298,0.009850938,-0.9947032,-0.08535756,-0.005714077,0.2211045,-0.4942153,0.02834287,-1.285594,0.5337991,0.20896,1.9929,0.9814975,-0.02602614,0.1896982,0.00881443,0.9958104,0.09101699,-0.1912723,-0.08766085,0.9776147,moving,-3.209584,-0.5154673,14.99472,5.985718,3.591885143690241,1.8738415513072015,19.33034129107275,12.121558096613953,19.23588617409535
05/18/2023 18:41:25.840310,4018,True,True,True,True,Eyes,0.2838961,0.02722546,-2.87824,-0.04728723,-0.007059424,0.9988564,0.0,0.0,0.0,0.0,0.0,0.0,0.0,0.2312626,0.2287266,2.757996,0.2450235,0.03202515,-2.766094,0.04699953,-0.08619649,-0.0111949,0.995106,5.256185,350.0185,358.2516,0.1019051,0.009801833,-0.9947435,-0.08023611,-0.005371232,0.2078383,-0.473971,0.03265297,-1.264397,0.537811,0.20896,1.9929,0.9848896,-0.0303826,0.170497,0.01417783,0.9953315,0.09546894,-0.1726016,-0.0916091,0.9807224,moving,-2.710437,-0.4049315,15.10229,5.985719,4.054852414499555,1.9887340546143517,18.92441959452599,11.748266504432362,18.829031833532827
05/18/2023 18:41:25.850959,4019,True,True,True,True,Eyes,0.2827092,0.02729838,-2.872476,-0.03821983,-0.005831244,0.9992523,0.0,0.0,0.0,0.0,0.0,0.0,0.0,0.1977677,0.146805,2.753962,0.2434829,0.02963864,-2.754053,0.03201092,-0.0800591,-0.01186826,0.9962054,3.547646,350.7596,358.3481,0.1015301,0.009762947,-0.9947817,-0.07542194,-0.005048958,0.195368,-0.45373,0.03671171,-1.24359,0.5422475,0.20896,1.9929,0.9868994,-0.02877197,0.1587508,0.01852091,0.9976689,0.06567921,-0.1602704,-0.06187856,0.9851317,moving,-2.190406,-0.3343519,15.22111,5.985719,4.538045577430225,2.066704211881976,18.523071710687805,11.379215366898714,18.42636086292015
05/18/2023 18:41:25.870796,4020,True,True,True,True,Eyes,0.2814795,0.02749763,-2.86649,-0.02873489,-0.005221268,0.9995734,0.0,0.0,0.0,0.0,0.0,0.0,0.0,0.1468096,0.1893938,2.744467,0.2419319,0.02919863,-2.744109,0.03990153,-0.0709405,-0.01210546,0.9966087,4.462976,351.7902,358.2877,0.1011713,0.009732382,-0.9948183,-0.07089662,-0.004746021,0.1836459,-0.4334075,0.03665262,-1.223175,0.5465934,0.20896,1.9929,0.9896418,-0.02979008,0.1404338,0.01846754,0.9965227,0.08124995,-0.1423659,-0.07781488,0.9867505,moving,-1.646637,-0.2992816,15.33738,5.985719,5.044038547699736,2.1119798187762537,18.109612530319065,10.99812408994329,18.01126059076384
05/18/2023 18:41:25.890954,4021,True,True,True,True,Eyes,0.2802599,0.02773613,-2.860281,-0.01901552,-0.003823691,0.9998118,0.0,0.0,0.0,0.0,0.0,0.0,0.0,0.08973771,0.214096,2.73336,0.2398281,0.03259049,-2.732502,0.04543257,-0.06064136,-0.01587065,0.9969989,5.086959,352.9437,357.8622,0.1008264,0.009713788,-0.9948533,-0.06664282,-0.00446126,0.1726272,-0.4139292,0.02910215,-1.203833,0.5508027,0.20896,1.9929,0.9921415,-0.03715624,0.1194766,0.02613587,0.9953681,0.09251727,-0.1223608,-0.0886676,0.988517,moving,-1.089583,-0.2191215,15.44987,5.985718,5.561544648185268,2.199765239778755,17.665037185354844,10.588315095706625,17.565208692822473
05/18/2023 18:41:25.900381,4022,True,True,True,True,Eyes,0.2790588,0.02795207,-2.853902,-0.009038432,-0.002526861,0.999956,0.0,0.0,0.0,0.0,0.0,0.0,0.0,0.04950699,0.1530519,2.726664,0.2387017,0.03358898,-2.720747,0.03475751,-0.0531528,-0.01638218,0.997847,3.877519,353.831,357.9098,0.1004949,0.009707442,-0.9948867,-0.06264425,-0.004193584,0.1622695,-0.3937441,0.02856901,-1.184028,0.5552843,0.20896,1.9929,0.9938128,-0.03638874,0.1049379,0.0289989,0.997047,0.07110687,-0.1072155,-0.06762384,0.9919334,moving,-0.5178728,-0.1447845,15.5695,5.985718,6.092818674755128,2.282435554459852,17.215882914003746,10.17456582914921,17.11437353039289
05/18/2023 18:41:25.921688,4023,True,True,True,True,Eyes,0.2778676,0.02819562,-2.847353,0.001263949,-0.00157396,0.999998,0.0,0.0,0.0,0.0,0.0,0.0,0.0,-0.0005541891,0.1554576,2.716206,0.2376587,0.03321178,-2.710048,0.03537866,-0.04396409,-0.0152248,0.9982905,3.973648,354.8899,358.0751,0.1001767,0.009711435,-0.9949186,-0.0588856,-0.003941969,0.1525334,-0.3743367,0.03067196,-1.165066,0.5594944,0.20896,1.9929,0.9956707,-0.03350832,0.08670059,0.02728676,0.9970331,0.07197503,-0.08885513,-0.06929766,0.993631,moving,0.07241907,-0.09018135,15.68176,5.985718,6.641785236281233,2.34705966495313,16.750166482166787,9.744792363507713,16.64674658552852
05/18/2023 18:41:25.944222,4024,True,True,True,True,Eyes,0.2767331,0.02846254,-2.840631,0.01167184,-0.0004978034,0.9999317,0.0,0.0,0.0,0.0,0.0,0.0,0.0,-0.05059443,0.1719578,2.703819,0.2365369,0.03419113,-2.699193,0.0389439,-0.03476937,-0.01592571,0.9985093,4.396852,355.9352,358.0164,0.09987121,0.009725802,-0.9949491,-0.05535246,-0.003705451,0.1433814,-0.3525491,0.02309947,-1.145809,0.5638022,0.20896,1.992901,0.9970749,-0.03451205,0.06819467,0.02909582,0.9964595,0.07887915,-0.07067551,-0.07666424,0.9945489,moving,0.6687627,-0.02852398,15.79649,5.985718,7.19625523903696,2.4184253232453643,16.279411532889007,9.310725803357345,16.173977021064438
05/18/2023 18:41:25.950936,4025,True,True,True,True,Eyes,0.275638,0.028739,-2.833761,0.02233857,0.0004773131,0.9997503,0.0,0.0,0.0,0.0,0.0,0.0,0.0,-0.09368184,0.1557498,2.692577,0.2361169,0.03495315,-2.688128,0.03636736,-0.02679494,-0.01575951,0.9988549,4.117776,356.8577,358.0792,0.09957966,0.00975043,-0.9949781,-0.05203131,-0.003483124,0.1347785,-0.3310291,0.01521984,-1.127018,0.5682607,0.20896,1.9929,0.9980673,-0.03343185,0.05238225,0.029534,0.9968581,0.073496,-0.05467477,-0.0718069,0.9959189,moving,1.280012,0.02735485,15.91511,5.985718,7.764724760588206,2.4847232961176604,15.80152476493588,8.870498490357452,15.693839636200293
05/18/2023 18:41:25.970850,4026,True,True,True,True,Eyes,0.2745847,0.02904527,-2.826746,0.03316421,0.001188509,0.9994491,0.0,0.0,0.0,0.0,0.0,0.0,0.0,-0.140304,0.159043,2.679703,0.2358194,0.03544803,-2.677484,0.03732517,-0.01815896,-0.01503914,0.999025,4.24557,357.8504,358.1954,0.09930244,0.009784736,-0.9950054,-0.04890943,-0.003274136,0.1266918,-0.3095683,0.01197994,-1.108336,0.5726378,0.20896,1.9929,0.9988882,-0.03140453,0.03515983,0.02869338,0.9967613,0.07512375,-0.03740519,-0.07403136,0.9965541,moving,1.900519,0.06813407,16.03142,5.985717,8.342110104950729,2.5370994263720683,15.319926592684066,8.427244498128557,15.209707462119876
05/18/2023 18:41:25.990871,4027,True,True,True,True,Eyes,0.2735771,0.02937138,-2.819597,0.04417149,0.001850167,0.9990223,0.0,0.0,0.0,0.0,0.0,0.0,0.0,-0.1868444,0.1681409,2.665526,0.2355063,0.03649553,-2.666723,0.03955992,-0.009497307,-0.01539146,0.9990535,4.516868,358.8393,358.189,0.09903999,0.009828911,-0.9950312,-0.04597487,-0.003077688,0.1190903,-0.2888452,0.003073692,-1.090847,0.5769084,0.20896,1.9929,0.9993458,-0.0315052,0.01775887,0.03000236,0.9963962,0.07933731,-0.02019441,-0.0787526,0.9966896,moving,2.531668,0.1061104,16.14477,5.985718,8.929465109869863,2.5870955784845275,14.828564717880884,7.9756666819497655,14.715592401037798
05/18/2023 18:41:26.000287,4028,True,True,True,True,Eyes,0.2726073,0.02969184,-2.812322,0.05523239,0.002327643,0.9984708,0.0,0.0,0.0,0.0,0.0,0.0,0.0,-0.2285591,0.1664599,2.651814,0.2354664,0.03730273,-2.656168,0.03972616,-0.001682354,-0.01570897,0.9990858,4.549872,359.735,358.1879,0.09879281,0.009882782,-0.9950553,-0.04321637,-0.002893027,0.1119448,-0.2658912,-0.01414174,-1.073169,0.5812234,0.20896,1.9929,0.9995008,-0.03152287,0.002113519,0.03125554,0.9963502,0.07943252,-0.004609746,-0.0793268,0.996838,moving,3.166203,0.1335682,16.25917,5.985719,9.520176957348744,2.627323522922927,14.34131980847752,7.529465280440158,14.225266840949608
05/18/2023 18:41:26.020780,4029,True,True,True,True,Eyes,0.2716912,0.02999508,-2.804935,0.0664534,0.002579466,0.9977862,0.0,0.0,0.0,0.0,0.0,0.0,0.0,-0.2707314,0.1743814,2.636808,0.2356208,0.03754313,-2.645663,0.04164366,0.006216597,-0.01633871,0.9989797,4.78434,0.6359027,358.1526,0.09856109,0.009945296,-0.9950778,-0.04062339,-0.002719445,0.1052281,-0.243613,-0.02359931,-1.055879,0.5857642,0.20896,1.9929,0.9993888,-0.0321263,-0.01378131,0.03316183,0.9959977,0.08299921,0.0110597,-0.08340548,0.9964543,moving,3.81032,0.1481201,16.37941,5.985719,10.120064696457096,2.655690440677349,13.858556358632063,7.090027773915212,13.738964648608757
05/18/2023 18:41:26.040464,4030,True,True,True,True,Eyes,0.2708297,0.03028083,-2.797431,0.07768798,0.00270607,0.9969741,0.0,0.0,0.0,0.0,0.0,0.0,0.0,-0.3117065,0.1849742,2.621221,0.2358745,0.03748864,-2.635362,0.04406149,0.01392584,-0.01720412,0.9987836,5.077029,1.51309,358.0934,0.0983455,0.01001509,-0.9950985,-0.03818599,-0.002556279,0.09891446,-0.220698,-0.02651215,-1.038472,0.5900491,0.20896,1.9929,0.9990202,-0.0331392,-0.02933389,0.03559358,0.9955252,0.08753662,0.02630173,-0.08849495,0.9957293,moving,4.455699,0.1555166,16.49274,5.985717,10.721265657205084,2.67738853690737,13.374662341152439,6.652439650928738,13.251201989656396
05/18/2023 18:41:26.051133,4031,True,True,True,True,Eyes,0.2700273,0.03054525,-2.789822,0.08904966,0.002669946,0.9960235,0.0,0.0,0.0,0.0,0.0,0.0,0.0,-0.3509127,0.1919733,2.605214,0.2362314,0.03741208,-2.624868,0.04583175,0.02135956,-0.01813802,0.998556,5.296283,2.35957,358.0279,0.09814671,0.01009093,-0.9951175,0.0,0.0,0.0,-0.1970482,-0.03047885,-1.021056,0.5946152,0.2089599,1.9929,0.9984295,-0.03426578,-0.04432004,0.03818156,0.995141,0.09075629,0.04099485,-0.09230598,0.9948864,moving,5.108956,0.153587,16.61336,5.985717,11.329986072358984,2.6905374186293844,12.89825770141518,6.226736587712594,12.770382982811531
05/18/2023 18:41:26.070883,4032,True,True,True,True,Eyes,0.2509024,0.03670803,-2.59684,0.3699363,0.001199976,0.9290563,0.0,0.0,0.0,0.0,0.0,0.0,0.0,-0.3897112,0.1980214,2.58886,0.2367378,0.03717264,-2.614547,0.04745313,0.02874932,-0.01936381,0.9982719,5.50057,3.199831,357.9313,0.09796546,0.01017157,-0.9951347,0.0,0.0,0.0,-0.1730661,-0.02892202,-1.003669,0.5988548,0.20896,1.9929,0.997597,-0.03593219,-0.05923702,0.04138918,0.9947465,0.09362886,0.05556153,-0.09585565,0.9938434,moving,21.7117,0.07400363,16.72521,5.985717,26.801404133588527,2.9961322607755125,7.733914758331434,10.510342769423259,7.541783731777292
05/18/2023 18:41:26.090588,4033,True,True,True,True,Eyes,0.2509422,0.03669316,-2.596427,0.3704561,0.001227379,0.9288492,0.0,0.0,0.0,0.0,0.0,0.0,0.0,-0.4269322,0.1988513,2.572347,0.237407,0.03702562,-2.604045,0.04811053,0.03589789,-0.0205274,0.9979857,5.595286,4.014535,357.8396,0.09778232,0.01062002,-0.9951483,-0.05737451,0.01848832,0.5789444,-0.1484204,-0.02154405,-0.9860411,0.6027989,0.20896,1.9929,0.9965799,-0.03751798,-0.07362632,0.04442624,0.994528,0.09455346,0.06967599,-0.09750102,0.9927934,moving,21.74376,0.07571044,16.82916,5.985718,26.83124382851712,2.9984638482806285,7.686447978049235,10.43864781854663,7.491072697219074
05/18/2023 18:41:26.100413,4034,True,True,True,True,Eyes,0.250998,0.03666368,-2.595611,0.371428,0.001387769,0.9284607,0.0,0.0,0.0,0.0,0.0,0.0,0.0,-0.4627359,0.1926288,2.556021,0.2383038,0.03670664,-2.593519,0.04736817,0.04283119,-0.02155418,0.997726,5.53002,4.807927,357.7572,0.09762152,0.01099594,-0.9951595,-0.05393204,0.01737902,0.5442078,-0.1216583,-0.01565228,-0.9684316,0.607167,0.20896,1.9929,0.9954018,-0.03895266,-0.08750954,0.047068,0.9945834,0.09267452,0.08342562,-0.09636728,0.9918435,moving,21.80374,0.08563988,16.94415,5.985717,26.88694064629606,3.0091312886085717,7.643724549592791,10.378783567130208,7.445608081603128
05/18/2023 18:41:26.120781,4035,True,True,True,True,Eyes,0.2511034,0.03661848,-2.59441,0.3728484,0.001607042,0.9278909,0.0,0.0,0.0,0.0,0.0,0.0,0.0,-0.4973856,0.1882082,2.539172,0.239256,0.03633007,-2.582952,0.04696264,0.04959666,-0.02252348,0.9974104,5.504057,5.581952,357.6813,0.09748314,0.0113109,-0.9951693,-0.05069612,0.01633628,0.5115553,-0.09475567,-0.00607504,-0.9507737,0.6115388,0.20896,1.9929,0.9940658,-0.04027192,-0.101052,0.04958868,0.9945744,0.09144787,0.09682092,-0.09591622,0.9906694,moving,21.89142,0.09923217,17.05909,5.985719,26.96837711272483,3.023861426681503,7.6159136305937345,10.342464472602192,7.415703527728591
05/18/2023 18:41:26.140703,4036,True,True,True,True,Eyes,0.2512542,0.03654016,-2.592829,0.3747098,0.002016441,0.9271399,0.0,0.0,0.0,0.0,0.0,0.0,0.0,-0.5304521,0.1795924,2.522388,0.2404612,0.03590586,-2.572346,0.04571936,0.05609436,-0.02341892,0.9971032,5.382324,6.32732,357.6068,0.09736749,0.01158454,-0.9951774,-0.04765435,0.0153561,0.480862,-0.06808086,0.0035768,-0.9338608,0.6157525,0.20896,1.9929,0.99261,-0.04157297,-0.1140051,0.05183135,0.9947226,0.08854649,0.1097223,-0.09380117,0.9895263,moving,22.00643,0.1246126,17.16974,5.985717,27.075052527594465,3.050251356675421,7.599086454554874,10.33112650258716,7.398160149726303
05/18/2023 18:41:26.150591,4037,True,True,True,True,Eyes,0.251463,0.036424,-2.5909,0.3769849,0.002432548,0.9262162,0.0,0.0,0.0,0.0,0.0,0.0,0.0,-0.5629833,0.1656941,2.505347,0.2419141,0.03500143,-2.561527,0.04330977,0.06254291,-0.02408961,0.9968111,5.126593,7.070625,357.5482,0.09727495,0.01182866,-0.9951836,-0.04479509,0.01443474,0.4520103,-0.04073667,0.01056933,-0.9169823,0.6202689,0.20896,1.9929,0.9910161,-0.04260814,-0.1267736,0.05344301,0.9950879,0.08333004,0.1226003,-0.08935659,0.9884253,moving,22.14711,0.1504772,17.2882,5.985719,27.20563711140138,3.077682152315256,7.593355862368578,10.335000588586997,7.391888673426834
05/18/2023 18:41:26.170785,4038,True,True,True,True,Eyes,0.2516922,0.03629442,-2.588624,0.3796857,0.002695229,0.9251116,0.0,0.0,0.0,0.0,0.0,0.0,0.0,-0.5959013,0.1598088,2.487524,0.243429,0.03398841,-2.551078,0.04251944,0.06907261,-0.02518872,0.9963868,5.060714,7.818435,357.4498,0.09720673,0.01204492,-0.9951878,-0.04210738,0.01356865,0.4248897,-0.01314247,0.01442051,-0.9005633,0.6245182,0.20896,1.9929,0.989189,-0.04432156,-0.1397881,0.05606928,0.9951153,0.08125192,0.1355041,-0.08821132,0.9868422,moving,22.3143,0.1669256,17.39951,5.985718,27.361103563497785,3.096905940239764,7.616659749417573,10.372009517973684,7.414726804550085
05/18/2023 18:41:26.190923,4039,True,True,True,True,Eyes,0.251988,0.03612235,-2.586023,0.3827347,0.003010634,0.9238534,0.0,0.0,0.0,0.0,0.0,0.0,0.0,-0.6290207,0.1615801,2.468498,0.2450409,0.03356035,-2.540489,0.04342551,0.07566072,-0.0265316,0.9958342,5.192603,8.568878,357.337,0.09716249,0.01223579,-0.99519,-0.03958094,0.01275453,0.3993963,0.0149238,0.0133611,-0.8846675,0.6290216,0.20896,1.9929,0.987143,-0.04627095,-0.1529954,0.05941337,0.9948206,0.08247442,0.1483868,-0.09050402,0.9847794,moving,22.50329,0.1867136,17.51732,5.985718,27.53681844239537,3.1197547831445758,7.647767574404922,10.421328811506308,7.445733669725577
05/18/2023 18:41:26.200511,4040,True,True,True,True,Eyes,0.2522985,0.03589765,-2.583115,0.3861243,0.003223654,0.9224411,0.0,0.0,0.0,0.0,0.0,0.0,0.0,-0.6594768,0.1537846,2.450325,0.2468524,0.03236542,-2.529955,0.04218203,0.08180207,-0.0273503,0.99538,5.07438,9.274961,357.264,0.0971436,0.01240232,-0.9951899,-0.03720608,0.01198926,0.3754325,0.04299841,0.01256332,-0.8690873,0.6334769,0.20896,1.9929,0.9851208,-0.04754672,-0.1651556,0.06134903,0.9949452,0.07949968,0.1605409,-0.08844892,0.9830582,moving,22.71368,0.2002307,17.63374,5.985719,27.732593492849,3.137223749042975,7.699199002041504,10.492891263362694,7.49708813752287
05/18/2023 18:41:26.220661,4041,True,True,True,True,Eyes,0.2526773,0.03560748,-2.579922,0.3897777,0.003224368,0.9209033,0.0,0.0,0.0,0.0,0.0,0.0,0.0,-0.6873202,0.1559474,2.432159,0.2485763,0.03086952,-2.519799,0.04285112,0.0874329,-0.02814632,0.9948503,5.17412,9.918954,357.2081,0.09714927,0.01254508,-0.9951878,-0.03497372,0.01126991,0.3529066,0.07114884,0.01081841,-0.8538612,0.6376678,0.20896,1.9929,0.9831266,-0.04850955,-0.1763775,0.06349594,0.9947431,0.08033907,0.1715531,-0.09018273,0.9810386,moving,22.94079,0.2006095,17.7431,5.985719,27.944199848883898,3.1427775641917237,7.77711214160438,10.589842025938571,7.5745588147998255
05/18/2023 18:41:26.240557,4042,True,True,True,True,Eyes,0.2530812,0.03527106,-2.576446,0.3936845,0.003006272,0.9192408,0.0,0.0,0.0,0.0,0.0,0.0,0.0,-0.7146352,0.1657216,2.413267,0.2505226,0.02906239,-2.509665,0.04507867,0.09291808,-0.02928099,0.9942218,5.4558,10.54171,357.1298,0.09718077,0.01266405,-0.9951834,-0.0328753,0.01059371,0.3317322,0.09987285,0.006410688,-0.839136,0.6420841,0.20896,1.9929,0.9810177,-0.04984634,-0.1874022,0.06660084,0.9942211,0.08419492,0.1821224,-0.09507786,0.9786683,moving,23.18406,0.1873786,17.8582,5.985717,28.171124768369918,3.1359621610639894,7.873087891070095,10.699416802802707,7.6691661998096405
05/18/2023 18:41:26.250988,4043,True,True,True,True,Eyes,0.2535666,0.03489657,-2.572705,0.3978037,0.002737862,0.9174665,0.0,0.0,0.0,0.0,0.0,0.0,0.0,-0.7402321,0.1745261,2.394548,0.2526085,0.02762645,-2.499538,0.04710907,0.09810093,-0.02990903,0.9936109,5.709478,11.13306,357.1086,0.09723761,0.01275994,-0.9951769,-0.03090278,0.009958089,0.3118282,0.1297086,0.003149182,-0.824535,0.6465492,0.2089599,1.9929,0.9789633,-0.05019299,-0.1977663,0.06867875,0.9937724,0.08774796,0.1921303,-0.09948438,0.9763139,moving,23.44104,0.170979,17.97443,5.985717,28.410885030764803,3.1264946043681268,7.980914916270188,10.82103259013939,7.775571241633248
05/18/2023 18:41:26.270640,4044,True,True,True,True,Eyes,0.2540634,0.03448504,-2.568692,0.402125,0.002550902,0.9155812,0.0,0.0,0.0,0.0,0.0,0.0,0.0,-0.7652549,0.176782,2.376074,0.2549834,0.02634965,-2.489354,0.047775,0.1032174,-0.03011556,0.9930543,5.802702,11.72207,357.1221,0.09732146,0.0128337,-0.9951679,-0.02904861,0.009360604,0.2931185,0.1592461,0.006246388,-0.8102651,0.6506116,0.20896,1.9929,0.9768784,-0.04995036,-0.2078785,0.0696752,0.9936212,0.08866943,0.2021234,-0.1011032,0.9741274,moving,23.71117,0.1596314,18.08003,5.985718,28.66280106893345,3.1220569457997245,8.1026552913412,10.963375307394994,7.896875135856539
05/18/2023 18:41:26.290769,4045,True,True,True,True,Eyes,0.2686021,0.02255624,-2.462528,0.5094744,-0.001072415,0.8604852,0.0,0.0,0.0,0.0,0.0,0.0,0.0,-0.7863898,0.171944,2.359053,0.2573513,0.02497553,-2.479164,0.04689484,0.1076253,-0.03010275,0.9926286,5.714868,12.23335,357.1389,0.09743118,0.0128862,-0.9951566,-0.0273057,0.008798968,0.2755314,0.1843067,0.01325029,-0.7977828,0.6506115,0.20896,1.9929,0.9750212,-0.04966756,-0.2164872,0.06985584,0.9937894,0.08661868,0.2108406,-0.09957795,0.9724354,static,30.62884,-0.07140718,18.08003,5.985718,35.112892646103724,3.0641631886883904,13.93418091824166,17.28160560933311,13.786300531609688
05/18/2023 18:41:26.300403,4046,True,True,True,True,Eyes,0.2686604,0.02248853,-2.462128,0.5097628,-0.001292908,0.860314,0.0,0.0,0.0,0.0,0.0,0.0,0.0,-0.8039984,0.1696351,2.343087,0.2599162,0.02291474,-2.469244,0.04636419,0.1112652,-0.03013592,0.9922512,5.665236,12.65509,357.1495,0.09871192,0.01245799,-0.9950361,0.01794876,-0.02751538,0.5774936,0.2096748,0.02091698,-0.7855244,0.6506116,0.20896,1.9929,0.9734238,-0.04948736,-0.2236004,0.07012223,0.9938844,0.08530369,0.2180115,-0.098716,0.9709408,static,30.64806,-0.08610593,18.08003,5.985719,35.13108331871006,3.050844633105732,13.957880786905637,17.301789122138395,13.809045891854732
05/18/2023 18:41:26.320669,4047,True,True,True,True,Eyes,0.2688365,0.02240507,-2.461353,0.510225,-0.001671838,0.8600394,0.0,0.0,0.0,0.0,0.0,0.0,0.0,-0.8195063,0.1828721,2.326701,0.2624929,0.02120975,-2.459516,0.04914179,0.1143951,-0.03031791,0.9917559,5.993162,13.01199,357.1821,0.09977928,0.01209484,-0.9949342,0.01687184,-0.02586446,0.542844,0.2348122,0.03178193,-0.7734832,0.6506116,0.20896,1.9929,0.9719892,-0.04889276,-0.2298839,0.07137909,0.9933318,0.0905369,0.2239244,-0.1044098,0.9689977,static,30.67886,-0.1113776,18.08003,5.985719,35.16026677739094,3.02789454464602,13.996610458201355,17.33445164637255,13.846126820336673
05/18/2023 18:41:26.340628,4048,True,True,True,True,Eyes,0.2691155,0.02231737,-2.460198,0.5109683,-0.001772394,0.8595978,0.0,0.0,0.0,0.0,0.0,0.0,0.0,-0.8330702,0.190064,2.311235,0.2654607,0.02078797,-2.449701,0.05107237,0.1170829,-0.03106902,0.9913214,6.230789,13.31594,357.1378,0.1006796,0.01178459,-0.9948473,0.01585953,-0.02431259,0.5102733,0.2609485,0.03423323,-0.7620039,0.6506116,0.20896,1.9929,0.9706526,-0.04963936,-0.235307,0.07355817,0.9928526,0.09398296,0.22896,-0.1085336,0.9673664,static,30.7284,-0.1181373,18.08004,5.985719,35.20655625655961,3.0227013441375297,14.04414726569932,17.380938775427328,13.89349012394851
05/18/2023 18:41:26.350789,4049,True,True,True,True,Eyes,0.2695102,0.02221674,-2.458703,0.5117846,-0.001717365,0.8591121,0.0,0.0,0.0,0.0,0.0,0.0,0.0,-0.8440787,0.1766856,2.297848,0.2685703,0.02054805,-2.439516,0.04868512,0.1193668,-0.03159165,0.9911525,5.972479,13.58101,357.0606,0.1014853,0.01150792,-0.9947688,0.01490795,-0.02285383,0.4796569,0.2888087,0.03063137,-0.7509514,0.6506115,0.20896,1.9929,0.969507,-0.05100152,-0.2396975,0.07424706,0.9932634,0.08896676,0.2335453,-0.1040507,0.9667626,static,30.78283,-0.1145341,18.08003,5.985719,35.25720318465613,3.0273201390388103,14.091636374958716,17.430071785170764,13.941575716336043
05/18/2023 18:41:26.371109,4050,True,True,True,True,Eyes,0.27,0.02213724,-2.456857,0.512854,-0.001413259,0.8584746,0.0,0.0,0.0,0.0,0.0,0.0,0.0,-0.8511444,0.1648996,2.286183,0.2717204,0.02010497,-2.429822,0.04646209,0.1207894,-0.03184824,0.9910787,5.727022,13.7479,357.0099,0.102233,0.01125529,-0.9946952,0.01401348,-0.0214826,0.4508775,0.3183456,0.02388438,-0.7404076,0.6506114,0.20896,1.9929,0.9687912,-0.05190397,-0.242383,0.07435247,0.9936539,0.08440129,0.2364641,-0.09978902,0.9665024,static,30.85416,-0.09432278,18.08003,5.985718,35.32327822182715,3.047871626352714,14.147271579472948,17.491728060849155,13.999141045052562
05/18/2023 18:41:26.390583,4051,True,True,True,True,Eyes,0.2706195,0.02206552,-2.454685,0.5139452,-0.000581616,0.8578229,0.0,0.0,0.0,0.0,0.0,0.0,0.0,-0.8568767,0.1480927,2.274859,0.2750791,0.02044939,-2.419724,0.04345331,0.1219324,-0.032653,0.991049,5.399041,13.88115,356.8835,0.1029327,0.01102562,-0.9946257,0.01317267,-0.02019365,0.4238249,0.3495481,0.02541804,-0.7300016,0.6506115,0.20896,1.9929,0.9681325,-0.05412469,-0.2445198,0.07531817,0.9940912,0.0781658,0.2388442,-0.09409165,0.9664886,static,30.92698,-0.03884733,18.08003,5.985719,35.39006477755344,3.1014657223942623,14.189415906480072,17.548681459570943,14.045754104709257
05/18/2023 18:41:26.400806,4052,True,True,True,True,Eyes,0.2713681,0.02201083,-2.452212,0.5153404,0.0004878484,0.8569854,0.0,0.0,0.0,0.0,0.0,0.0,0.0,-0.8601539,0.1114575,2.26552,0.278795,0.02044596,-2.409714,0.03593796,0.1226251,-0.03272089,0.9912623,4.546762,13.976,356.7764,0.1035966,0.01081682,-0.9945592,0.01238231,-0.01898203,0.3983954,0.3780483,0.04842059,-0.7198887,0.6506114,0.20896,1.9929,0.9677849,-0.05605619,-0.2454592,0.07368378,0.9952756,0.06322308,0.2407555,-0.07927269,0.9673431,static,31.02021,0.03261625,18.08003,5.985718,35.47556184416949,3.170492532507176,14.24386460474309,17.62186206319681,14.105877173876895
05/18/2023 18:41:26.421212,4053,True,True,True,True,Eyes,0.272233,0.0220826,-2.449442,0.5167766,0.001597569,0.8561188,0.0,0.0,0.0,0.0,0.0,0.0,0.0,-0.8648149,0.08692883,2.25491,0.282488,0.0207056,-2.399969,0.03097534,0.1235492,-0.03267371,0.9913167,3.984485,14.09422,356.7172,0.1042354,0.01062737,-0.9944946,0.01163937,-0.01784311,0.3744917,0.4086286,0.04093226,-0.7112502,0.6506115,0.20896,1.9929,0.9673361,-0.05712603,-0.2469769,0.07243394,0.9959459,0.05333911,0.2429286,-0.06948636,0.9675522,static,31.11632,0.1069173,18.08003,5.985718,35.56368794128023,3.242241248955684,14.300529872505443,17.697597568348417,14.168319933655878
05/18/2023 18:41:26.440692,4054,True,True,True,True,Eyes,0.2732014,0.02217246,-2.446359,0.5185214,0.003190405,0.8550587,0.0,0.0,0.0,0.0,0.0,0.0,0.0,-0.8714164,0.07378128,2.242761,0.2861246,0.02379802,-2.390054,0.02929431,0.1248571,-0.03368991,0.9911698,3.812071,14.24565,356.5831,0.1048572,0.01046077,-0.994431,0.01094101,-0.01677252,0.3520222,0.4430531,0.02526896,-0.7026151,0.6506115,0.20896,1.9929,0.9665514,-0.05946964,-0.249483,0.07410005,0.9960137,0.04965842,0.2455353,-0.06648412,0.9671052,static,31.2333,0.2137817,18.08003,5.985718,35.67063503866038,3.344948214262629,14.363974392352477,17.787721908311003,14.239767308823994
05/18/2023 18:41:26.450586,4055,True,True,True,True,Eyes,0.2742813,0.02220714,-2.44304,0.5202234,0.005049143,0.8540152,0.0,0.0,0.0,0.0,0.0,0.0,0.0,-0.8738775,0.02911112,2.232273,0.2902107,0.02412358,-2.379653,0.01965031,0.1254293,-0.03251492,0.9913749,2.70068,14.34098,356.5828,0.1054699,0.01031541,-0.9943678,0.01028455,-0.01576617,0.3309008,0.4715597,0.0638058,-0.6937174,0.6506115,0.20896,1.9929,0.9664205,-0.05953951,-0.2499727,0.0693984,0.9971133,0.03080501,0.247417,-0.04711829,0.9677628,static,31.34769,0.3387425,18.08003,5.985718,35.77482154018771,3.4645347698653217,14.419401311191814,17.873500287593664,14.304157151021244
05/18/2023 18:41:26.470914,4056,True,True,True,True,Eyes,0.2754341,0.02240809,-2.439472,0.5223049,0.005901978,0.8527384,0.0,0.0,0.0,0.0,0.0,0.0,0.0,-0.8768255,0.01660535,2.222128,0.293963,0.02275401,-2.370658,0.01619478,0.1258643,-0.03019855,0.9914555,2.27608,14.40627,356.7985,0.1060796,0.01018717,-0.9943044,0.009667474,-0.0148202,0.3110468,0.5069979,0.04404086,-0.6876701,0.6506115,0.20896,1.9929,0.9664925,-0.05580435,-0.2505559,0.06395773,0.9976515,0.02451097,0.2485996,-0.03971465,0.9677918,static,31.4876,0.3965496,18.08003,5.985718,35.904075600002905,3.521847270370259,14.525898826181413,17.993533853118155,14.415158038678685
05/18/2023 18:41:26.490831,4057,True,True,True,True,Eyes,0.2767115,0.02265221,-2.435618,0.5243763,0.007720286,0.8514516,0.0,0.0,0.0,0.0,0.0,0.0,0.0,-0.8848693,0.03823529,2.209274,0.2977013,0.02705245,-2.361353,0.02262388,0.1272388,-0.0327256,0.9910739,3.047957,14.54146,356.6065,0.1066906,0.01008124,-0.9942402,0.009087426,-0.01393099,0.292384,0.544789,0.03767456,-0.6807362,0.6506115,0.20896,1.9929,0.9654787,-0.05910972,-0.2536868,0.07062425,0.9968344,0.03651595,0.2507253,-0.05317181,0.9665969,static,31.62732,0.5194983,18.08003,5.985718,36.031902379853925,3.640130309187028,14.608512044447515,18.104460874542923,14.50628470332914
05/18/2023 18:41:26.500624,4058,True,True,True,True,Eyes,0.2780948,0.02286175,-2.431559,0.5267526,0.009314482,0.8499676,0.0,0.0,0.0,0.0,0.0,0.0,0.0,-0.8870044,-0.02383471,2.197712,0.3019536,0.02810272,-2.3506,0.009158481,0.1278643,-0.03147712,0.9912497,1.501681,14.65518,356.5555,0.1073087,0.009997318,-0.9941745,0.00854218,-0.01309513,0.274841,0.5700382,0.09607437,-0.6737747,0.6506115,0.20896,1.9929,0.9653199,-0.06006128,-0.2540674,0.06474545,0.9978507,0.01010709,0.2529142,-0.02620628,0.9671338,static,31.78784,0.6278582,18.08003,5.985718,36.17938991409126,3.745233880635773,14.71770079300962,18.237505267687705,14.622903108883557
05/18/2023 18:41:26.521527,4059,True,True,True,True,Eyes,0.3152853,0.02940907,-2.324524,0.5871358,0.04040123,0.8084797,0.0,0.0,0.0,0.0,0.0,0.0,0.0,-0.8899796,-0.03902853,2.187444,0.3063677,0.02738412,-2.34177,0.005153727,0.128163,-0.02916006,0.991311,1.013751,14.70473,356.761,0.1079393,0.009931793,-0.994107,0.008029649,-0.01230942,0.2583505,0.6059422,0.06297296,-0.669268,0.6506115,0.20896,1.9929,0.9654479,-0.05649234,-0.2543993,0.05913441,0.9982462,0.002743413,0.2537982,-0.01769237,0.9670954,static,35.98798,2.860797,18.08003,5.985719,40.05008602457548,5.931499255581087,18.17855359231267,21.970122928733698,18.17764083939795
05/18/2023 18:41:26.540351,4060,True,True,True,True,Eyes,0.3154838,0.02949385,-2.324133,0.5870202,0.0407448,0.8085464,0.0,0.0,0.0,0.0,0.0,0.0,0.0,-0.9047164,-0.02986644,2.171741,0.3103113,0.02896696,-2.332109,0.008158003,0.131173,-0.0309735,0.990842,1.391987,15.04127,356.6028,0.1110346,0.01022712,-0.9937631,0.1191194,0.008071102,0.5639542,0.6469352,0.03970264,-0.6654209,0.6506115,0.20896,1.9929,0.9636686,-0.05923948,-0.2604488,0.06351992,0.9979482,0.008040806,0.2594381,-0.02429236,0.9654542,static,35.98037,2.884846,18.08003,5.985718,40.042533711317205,5.953835771052956,18.166936430669427,21.962526852485453,18.16634773808365
05/18/2023 18:41:26.550805,4061,True,True,True,True,Eyes,0.3158593,0.02961489,-2.323374,0.5870596,0.0415164,0.8084785,0.0,0.0,0.0,0.0,0.0,0.0,0.0,-0.9101381,-0.06990011,2.158535,0.3148404,0.03096987,-2.32216,-0.0002092808,0.1323184,-0.03072028,0.9907311,0.4420434,15.20092,356.5069,0.113607,0.01047937,-0.9934697,0.1119722,0.007586836,0.530117,0.6776775,0.08348946,-0.6607906,0.6506115,0.20896,1.9929,0.9630962,-0.06092646,-0.2621711,0.06081569,0.9981124,-0.0085444,0.2621968,-0.007715037,0.9649836,static,35.98449,2.939629,18.08003,5.985719,40.04532115722277,6.005208955136078,18.161727676069255,21.96529980400723,18.161844995947252
05/18/2023 18:41:26.570901,4062,True,True,True,True,Eyes,0.316422,0.02972592,-2.322278,0.5872331,0.04217956,0.8083181,0.0,0.0,0.0,0.0,0.0,0.0,0.0,-0.9203214,-0.09884287,2.143391,0.319428,0.03185959,-2.312539,-0.006415349,0.1344554,-0.0304545,0.9904308,359.7411,15.46984,356.4424,0.1157643,0.01069815,-0.9932182,0.1052539,0.007131626,0.49831,0.714076,0.0816476,-0.6583923,0.6506115,0.20896,1.9929,0.9619886,-0.06205131,-0.2659468,0.058601,0.9980627,-0.02089746,0.2667283,0.004518372,0.9637612,static,35.99794,2.987092,18.08003,5.985718,40.05694248085729,6.04994394742871,18.167092685842057,21.977006328514896,18.167787048199568
05/18/2023 18:41:26.591504,4063,True,True,True,True,Eyes,0.3171366,0.02979456,-2.320871,0.5875461,0.04285663,0.8080551,0.0,0.0,0.0,0.0,0.0,0.0,0.0,-0.9325809,-0.1153181,2.127672,0.3237437,0.03171194,-2.303081,-0.01006403,0.1370525,-0.03039246,0.9900463,359.3355,15.78371,356.3913,0.1176892,0.01089669,-0.9929899,0.09893864,0.006703728,0.4684114,0.750476,0.06717321,-0.656306,0.6506115,0.20896,1.9929,0.9605859,-0.06293848,-0.2707649,0.05742128,0.99795,-0.02825843,0.2719883,0.01159698,0.9622307,static,36.02132,3.035938,18.08003,5.985718,40.07778970827563,6.096200805787378,18.18216403271349,21.998037154105578,18.183409379797325
05/18/2023 18:41:26.600605,4064,True,True,True,True,Eyes,0.3180144,0.0298295,-2.319189,0.5880849,0.04279695,0.8076661,0.0,0.0,0.0,0.0,0.0,0.0,0.0,-0.944097,-0.1157424,2.113588,0.3280742,0.03075313,-2.294208,-0.01045388,0.1393176,-0.02990067,0.989741,359.2917,16.04683,356.4393,0.1194595,0.01107901,-0.9927765,0.09300232,0.006301505,0.4403067,0.782681,0.07840151,-0.6539231,0.6506115,0.20896,1.9929,0.9593931,-0.06210066,-0.2751515,0.05627503,0.9979933,-0.02902465,0.2764018,0.01236189,0.9609627,static,36.05944,3.033176,18.08003,5.985717,40.1133616804346,6.094488157884226,18.220227284663082,22.033600162134885,18.221451620297838
05/18/2023 18:41:26.620829,4065,True,True,True,True,Eyes,0.3190408,0.02984912,-2.317243,0.5887997,0.04220734,0.8071762,0.0,0.0,0.0,0.0,0.0,0.0,0.0,-0.9586632,-0.09471254,2.099619,0.332683,0.03012047,-2.285787,-0.005484341,0.1421008,-0.03086196,0.9893557,359.8808,16.35069,356.4095,0.1210988,0.01124539,-0.9925761,0.08742218,0.005923414,0.4138883,0.8171584,0.07576203,-0.6528782,0.6506115,0.20896,1.9929,0.9577097,-0.06262558,-0.280838,0.05950827,0.998035,-0.01962295,0.281515,0.002080909,0.9595546,static,36.10912,2.993277,18.08003,5.985719,40.16041764016381,6.058278581895651,18.275743359750482,22.08050686086765,18.276553413672303
05/18/2023 18:41:26.640467,4066,True,True,True,True,Eyes,0.3201976,0.02983514,-2.315051,0.5898456,0.04097956,0.8064755,0.0,0.0,0.0,0.0,0.0,0.0,0.0,-0.9745443,-0.06801547,2.085003,0.3372364,0.02989437,-2.277494,0.001127695,0.1451909,-0.03248741,0.9888696,0.6683154,16.68418,356.3347,0.122628,0.01139691,-0.9923866,0.08217685,0.005568009,0.389055,0.851716,0.06725878,-0.6522882,0.6506115,0.20896,1.9929,0.9557283,-0.06392415,-0.2872231,0.06457907,0.9978866,-0.007203468,0.2870766,-0.01166404,0.9578366,static,36.18125,2.908877,18.08003,5.985718,40.22924586634878,5.98092841362972,18.36085825956077,22.14921638420317,18.360695327235376
05/18/2023 18:41:26.656593,4067,True,True,True,True,Eyes,0.3214933,0.02978369,-2.312643,0.5911267,0.03905077,0.8056329,0.0,0.0,0.0,0.0,0.0,0.0,0.0,-0.9930223,-0.03716376,2.069113,0.3420911,0.02924945,-2.269542,0.008850963,0.1487936,-0.03462056,0.9882225,1.592803,17.07258,356.2262,0.1240657,0.01153379,-0.9922063,0.07724624,0.005233929,0.3657117,0.8830975,0.06690052,-0.6515965,0.6506115,0.20896,1.9929,0.9533238,-0.06579168,-0.2946952,0.07105955,0.9974462,0.007190808,0.2934694,-0.02779607,0.9555643,static,36.26906,2.775078,18.08003,5.985719,40.313632301639856,5.857697962289551,18.470220030410605,22.23397087102485,18.468223018606
05/18/2023 18:41:26.671118,4068,True,True,True,True,Eyes,0.3228872,0.02972378,-2.310017,0.5926853,0.03661683,0.8046013,0.0,0.0,0.0,0.0,0.0,0.0,0.0,-1.014294,-0.0001972802,2.051467,0.3466603,0.02847037,-2.26193,0.0181555,0.1530703,-0.03703009,0.9873543,2.704692,17.53332,356.1215,0.1254279,0.01165597,-0.9920335,0.07261147,0.004919893,0.343769,0.9148051,0.0585463,-0.651452,0.6506115,0.20896,1.9929,0.9503965,-0.06756552,-0.303614,0.07868179,0.9965983,0.0245154,0.3009247,-0.04718824,0.9524797,static,36.3761,2.605692,18.08003,5.985719,40.41661962945391,5.70159702862182,18.60566472786256,22.33839657561052,18.600851679546757
05/18/2023 18:41:26.695619,4069,True,True,True,True,Eyes,0.3244365,0.02966308,-2.3072,0.5944271,0.03374422,0.8034412,0.0,0.0,0.0,0.0,0.0,0.0,0.0,-1.034571,0.03551325,2.033419,0.3513247,0.02838148,-2.254364,0.02730113,0.1571203,-0.03898817,0.9864318,3.790765,17.97025,356.0728,0.1267279,0.0117647,-0.991867,0.06825478,0.004624699,0.3231429,0.9457031,0.04759126,-0.6517667,0.6506117,0.20896,1.9929,0.9475862,-0.06833921,-0.3121058,0.08549746,0.9954691,0.04160974,0.3078481,-0.06611308,0.9491357,static,36.49594,2.404987,18.08004,5.985718,40.53213467282257,5.516473412194136,18.760783760396603,22.456997699616323,18.751939868134055
05/18/2023 18:41:26.700445,4070,True,True,True,True,Eyes,0.3260051,0.02962682,-2.304149,0.5946358,0.03389568,0.8032804,0.0,0.0,0.0,0.0,0.0,0.0,0.0,-1.05395,0.06200605,2.01542,0.3565513,0.02842438,-2.246917,0.03423202,0.1609371,-0.04025862,0.985549,4.613448,18.39032,356.0689,0.1279796,0.01186134,-0.9917052,0.06415949,0.004347217,0.3037543,0.9754981,0.03910644,-0.6520293,0.6506113,0.20896,1.9929,0.944957,-0.06833527,-0.319979,0.09037207,0.9944148,0.05451645,0.3144665,-0.08043288,0.9458548,static,36.51104,2.416252,18.08003,5.985718,40.545988150099454,5.527363543977488,18.773471100072463,22.47063337801976,18.764894907507557
05/18/2023 18:41:26.720835,4071,True,True,True,True,Eyes,0.3277144,0.02963067,-2.300916,0.5951483,0.03356119,0.8029147,0.0,0.0,0.0,0.0,0.0,0.0,0.0,-1.077389,0.08662783,1.99457,0.3619673,0.02859563,-2.239362,0.04122584,0.1657536,-0.04246522,0.9843897,5.465254,18.92348,355.9712,0.1291904,0.0119483,-0.9915471,0.06030992,0.004086384,0.285529,1.005163,0.03062624,-0.6528924,0.6506115,0.20896,1.9929,0.9414449,-0.06993797,-0.3298335,0.09727129,0.9929943,0.06708705,0.3228309,-0.09524209,0.9416524,static,36.54713,2.393524,18.08003,5.98572,40.58005183680756,5.50691552674664,18.813230836632396,22.50511578242655,18.8041681680119
05/18/2023 18:41:26.740473,4072,True,True,True,True,Eyes,0.3294095,0.02965197,-2.297425,0.5958905,0.03367284,0.8023595,0.0,0.0,0.0,0.0,0.0,0.0,0.0,-1.098822,0.09651607,1.974744,0.3669754,0.02964553,-2.231768,0.04572733,0.1703198,-0.04660096,0.9832237,6.072944,19.42235,355.6131,0.1303715,0.01202836,-0.9913915,0.05669133,0.003841201,0.2683973,1.033934,0.02612275,-0.6536508,0.6506116,0.20896,1.9929,0.9376391,-0.07606179,-0.3391867,0.1072149,0.9914747,0.07404625,0.3306629,-0.1057945,0.9378004,static,36.60027,2.403138,18.08003,5.985719,40.62938142176812,5.517131115267741,18.86356743246518,22.55421965283024,18.854763885529156
05/18/2023 18:41:26.750598,4073,True,True,True,True,Eyes,0.37592,0.03076922,-2.205941,0.6184616,0.03644522,0.7849694,0.0,0.0,0.0,0.0,0.0,0.0,0.0,-1.114459,0.08531798,1.958464,0.3722443,0.02966829,-2.223833,0.04453521,0.1737137,-0.04928982,0.9825532,6.006486,19.80596,355.3059,0.1315268,0.01210307,-0.9912381,0.05328985,0.003610729,0.2522934,1.062018,0.02714135,-0.654443,0.6506115,0.20896,1.9929,0.9347882,-0.08138699,-0.3457561,0.1123325,0.9911743,0.07039179,0.3369756,-0.1046411,0.9356803,static,38.23386,2.658267,18.08003,5.985718,42.146610221382105,5.793338951667478,20.426668691353,24.067349111409374,20.42395117732405
05/18/2023 18:41:26.770873,4074,True,True,True,True,Eyes,0.3761651,0.03076876,-2.205613,0.6187583,0.03712317,0.7847037,0.0,0.0,0.0,0.0,0.0,0.0,0.0,-1.128884,0.07918779,1.942798,0.3780094,0.03026,-2.216147,0.0439837,0.1767064,-0.05006827,0.9820049,5.974116,20.15248,355.225,0.1355622,0.01228728,-0.9906921,0.1896241,0.006745829,0.5116073,1.089323,0.02680352,-0.6552842,0.6506115,0.20896,1.9929,0.9325359,-0.08279017,-0.3514575,0.113879,0.9911172,0.06868964,0.3426487,-0.1040792,0.9336806,static,38.25666,2.708559,18.08003,5.985719,42.166889271215005,5.840936040220272,20.441041456405785,24.087294402999245,20.43912008063487
05/18/2023 18:41:26.791919,4075,True,True,True,True,Eyes,0.3766474,0.03073802,-2.205009,0.6193171,0.03798079,0.7842218,0.0,0.0,0.0,0.0,0.0,0.0,0.0,-1.147486,0.06589631,1.92448,0.3843782,0.0300734,-2.208176,0.04053269,0.1808247,-0.04785808,0.9815137,5.559225,20.65519,355.4308,0.1389223,0.01243909,-0.9902246,0.1782466,0.006341079,0.4809108,1.115761,0.02977888,-0.6559893,0.6506115,0.20896,1.9929,0.9300241,-0.07928811,-0.3588434,0.1086053,0.9921334,0.06225894,0.3510841,-0.09687462,0.9313191,static,38.29892,2.772736,18.08003,5.985717,42.20503401796839,5.901975488866098,20.47258556554255,24.125149357209747,20.471631485271697
05/18/2023 18:41:26.810648,4076,True,True,True,True,Eyes,0.3773242,0.03069753,-2.204127,0.6201936,0.03899155,0.7834791,0.0,0.0,0.0,0.0,0.0,0.0,0.0,-1.168347,0.06404817,1.904837,0.3904634,0.02932297,-2.200959,0.03924416,0.1854554,-0.04461415,0.9808547,5.36692,21.21658,355.7973,0.1418721,0.01256967,-0.9898046,0.1675518,0.005960614,0.4520562,1.142178,0.03713491,-0.6567621,0.6506116,0.20896,1.9929,0.9272318,-0.07296391,-0.3673112,0.1020761,0.9929389,0.06043776,0.3603079,-0.09353349,0.9281324,static,38.36476,2.849099,18.08004,5.985718,42.26491595052118,5.974961291743096,20.525794606532553,24.184878342651842,20.525879220171728
05/18/2023 18:41:26.820670,4077,True,True,True,True,Eyes,0.3782282,0.03066961,-2.202998,0.6212673,0.04006711,0.7825737,0.0,0.0,0.0,0.0,0.0,0.0,0.0,-1.190662,0.07466349,1.88351,0.3965409,0.02904323,-2.193803,0.04134088,0.1903853,-0.04217118,0.9799317,5.571049,21.80177,356.1453,0.1445617,0.01268576,-0.9894139,0.1574987,0.005602978,0.4249328,1.168769,0.03729522,-0.6583702,0.6506116,0.20896,1.9929,0.9239501,-0.06690836,-0.376616,0.09839115,0.9930251,0.06496492,0.3696424,-0.09708002,0.9240887,static,38.44526,2.930936,18.08004,5.985718,42.33835252784371,6.053406568506601,20.59305413764369,24.25840696420203,20.59411412809901
05/18/2023 18:41:26.840902,4078,True,True,True,True,Eyes,0.3794389,0.03066493,-2.20167,0.6226454,0.04103059,0.7814277,0.0,0.0,0.0,0.0,0.0,0.0,0.0,-1.209386,0.07907429,1.864466,0.4028144,0.02936202,-2.186773,0.04164856,0.1944858,-0.03879279,0.9792528,5.546767,22.29942,356.5569,0.1470294,0.01278952,-0.9890489,0.1480488,0.005266799,0.3994369,1.195423,0.03096819,-0.660229,0.6506115,0.20896,1.9929,0.9213408,-0.05977579,-0.3841327,0.09217599,0.993521,0.06647963,0.37767,-0.09665821,0.9208814,static,38.54801,3.005682,18.08003,5.985719,42.43265701870407,6.125723784181235,20.683781709391752,24.353029463533055,20.685615692517178
05/18/2023 18:41:26.850912,4079,True,True,True,True,Eyes,0.3808757,0.03066816,-2.200101,0.6241781,0.04221406,0.7801408,0.0,0.0,0.0,0.0,0.0,0.0,0.0,-1.226035,0.08205992,1.846532,0.4092647,0.0300322,-2.17972,0.04181227,0.1980646,-0.03586433,0.9786399,5.511481,22.73412,356.9113,0.1493121,0.01288331,-0.9887057,0.1391659,0.004950791,0.3754706,1.220545,0.03306489,-0.6616577,0.6506116,0.20896,1.9929,0.9189683,-0.05363346,-0.390667,0.08675957,0.9939309,0.06763139,0.3846687,-0.09604521,0.9180443,static,38.66274,3.097301,18.08003,5.985719,42.53780024073704,6.214108995610985,20.78439100591653,24.45883658596168,20.787010038770337
05/18/2023 18:41:26.870698,4080,True,True,True,True,Eyes,0.383246,0.03062095,-2.198673,0.6268533,0.03649553,0.778282,0.0,0.0,0.0,0.0,0.0,0.0,0.0,-1.242364,0.07386841,1.828732,0.4160591,0.03019382,-2.172365,0.03935838,0.2016292,-0.03358247,0.9780945,5.194376,23.16603,357.1324,0.1514406,0.01296864,-0.9883808,0.1308159,0.004653743,0.3529424,1.243366,0.02744501,-0.6626524,0.6506114,0.20896,1.9929,0.9164357,-0.04982206,-0.3970684,0.08156525,0.9946463,0.06345001,0.3917813,-0.09053484,0.9155932,static,38.84909,2.684771,18.08003,5.985718,42.71935261099466,5.832232154213124,21.02974332654607,24.639800661400038,21.027734613886306
05/18/2023 18:41:26.890713,4081,True,True,True,True,Eyes,0.3858052,0.0305787,-2.197022,0.6296386,0.03125188,0.7762593,0.0,0.0,0.0,0.0,0.0,0.0,0.0,-1.258377,0.06523432,1.811558,0.4227903,0.03035435,-2.165604,0.03693013,0.2050962,-0.03178535,0.9775282,4.889745,23.58337,357.2966,0.1534697,0.01304391,-0.9880668,0.122967,0.004374519,0.3317659,1.265653,0.01490356,-0.6636094,0.6506115,0.20896,1.9929,0.9138505,-0.04699369,-0.4033224,0.07729062,0.9952517,0.05916238,0.398627,-0.0852386,0.9131434,static,39.04616,2.305459,18.08003,5.985719,42.9102559809384,5.481693973053794,21.286684120466017,24.835341018239642,21.27754317999266
05/18/2023 18:41:26.900662,4082,True,True,True,True,Eyes,0.3881861,0.03055505,-2.194982,0.6318247,0.02854102,0.7745856,0.0,0.0,0.0,0.0,0.0,0.0,0.0,-1.27599,0.05176857,1.792685,0.42987,0.03037036,-2.158434,0.03368888,0.2090193,-0.03099444,0.9768395,4.518106,24.05006,357.3282,0.1554194,0.01311046,-0.9877611,0.1155889,0.004112048,0.3118599,1.286781,0.004366562,-0.664175,0.6506115,0.20896,1.9929,0.9107005,-0.04646992,-0.410445,0.07463644,0.9958088,0.05286037,0.4062683,-0.07877412,0.9103519,static,39.20391,2.110213,18.08003,5.985718,43.06098954205837,5.302548053803182,21.476448618415127,24.99029933428857,21.46260550099127
05/18/2023 18:41:26.921032,4083,True,True,True,True,Eyes,0.3907568,0.03052896,-2.192754,0.634164,0.02609274,0.7727581,0.0,0.0,0.0,0.0,0.0,0.0,0.0,-1.293562,0.03672516,1.773803,0.4370055,0.03037412,-2.151541,0.03039287,0.2129453,-0.03109218,0.9760963,4.161877,24.51393,357.2556,0.1572934,0.01317027,-0.9874636,0.1086536,0.003865325,0.2931483,1.307923,-1.017749e-05,-0.6647352,0.6506115,0.20896,1.9929,0.9073751,-0.04775389,-0.4176003,0.07364196,0.9962191,0.04609086,0.4138203,-0.07257459,0.9074611,static,39.37402,1.933899,18.08003,5.985719,43.22287638804738,5.141406127964972,21.676052579575,25.157018677077602,21.657364664532366
05/18/2023 18:41:26.940458,4084,True,True,True,True,Eyes,0.3933553,0.03047163,-2.190261,0.6367799,0.02387846,0.7706758,0.0,0.0,0.0,0.0,0.0,0.0,0.0,-1.310946,0.02014156,1.754707,0.4440854,0.03026434,-2.144727,0.02723805,0.2168919,-0.0325085,0.975274,3.854949,24.97624,357.0359,0.1591087,0.01322399,-0.9871721,0.1021344,0.003633405,0.2755594,1.326493,0.001874566,-0.6639466,0.6506115,0.20896,1.9929,0.9038022,-0.05159396,-0.424829,0.07522481,0.9964026,0.03902746,0.4212871,-0.06723078,0.9044319,static,39.56562,1.774673,18.08003,5.985717,43.40445894390257,4.996751158716362,21.894370719845686,25.343732060807383,21.87085216472558
05/18/2023 18:41:26.950354,4085,True,True,True,True,Eyes,0.3961413,0.03037348,-2.187599,0.6395837,0.02176807,0.7684132,0.0,0.0,0.0,0.0,0.0,0.0,0.0,-1.330195,0.006916702,1.733627,0.4511677,0.02933726,-2.137877,0.02527873,0.2214011,-0.03511203,0.9742226,3.715479,25.50042,356.7128,0.160875,0.01327098,-0.9868852,0.09600633,0.003415401,0.2590258,1.342365,0.001668632,-0.6619075,0.6506115,0.20896,1.9929,0.8994974,-0.0572204,-0.4331631,0.07960736,0.9962563,0.03370653,0.4296128,-0.06480191,0.900685,static,39.77208,1.622675,18.08003,5.985718,43.59974883392413,4.859202049254498,22.126481361082902,25.54457060805341,22.097941293074197
05/18/2023 18:41:26.970736,4086,True,True,True,True,Eyes,0.3990967,0.03022532,-2.184771,0.6426561,0.01960837,0.7659038,0.0,0.0,0.0,0.0,0.0,0.0,0.0,-1.350236,-0.003746692,1.711517,0.4583802,0.02824679,-2.131087,0.02369372,0.226161,-0.03715806,0.9730925,3.607421,26.05672,356.4614,0.1626069,0.01331016,-0.9866008,0.09024595,0.003210477,0.2434843,1.356055,-0.01111208,-0.6590469,0.6506115,0.20896,1.9929,0.894941,-0.06159928,-0.4419121,0.08303366,0.9961157,0.02930494,0.4383904,-0.06291977,0.8965796,static,39.99941,1.466544,18.08003,5.985719,43.81456402683126,4.718262080998413,22.38039682992741,25.765727015158355,22.346263965078837
05/18/2023 18:41:26.990903,4087,True,True,True,True,Eyes,0.4022281,0.03004274,-2.181796,0.6459208,0.01742628,0.7632056,0.0,0.0,0.0,0.0,0.0,0.0,0.0,-1.371692,-0.008933507,1.687855,0.4655789,0.02693678,-2.124379,0.02338668,0.2313515,-0.03900339,0.9718068,3.640826,26.66282,356.2664,0.1643161,0.01334012,-0.9863172,0.0848312,0.003017848,0.2288752,1.368644,-0.02033801,-0.6552913,0.6506116,0.20896,1.9929,0.8899105,-0.06498642,-0.4514822,0.08662859,0.9958636,0.02740768,0.4478336,-0.06350165,0.8918591,static,40.24211,1.308008,18.08004,5.985718,44.043746638557344,4.5754228124224365,22.65034917013422,26.001980596277107,22.610109074077766
05/18/2023 18:41:27.000703,4088,True,True,True,True,Eyes,0.4054865,0.0298309,-2.17866,0.6494232,0.01511801,0.7602769,0.0,0.0,0.0,0.0,0.0,0.0,0.0,-1.393093,-0.01177569,1.663903,0.4728571,0.02594596,-2.117818,0.0237488,0.236559,-0.04076182,0.9704712,3.748684,27.27048,356.0994,0.1660152,0.01336032,-0.9860323,0.07974133,0.002836777,0.2151427,1.38029,-0.01244451,-0.6502141,0.6506116,0.20896,1.9929,0.8847567,-0.06788035,-0.4610835,0.09035232,0.995549,0.02680992,0.4572113,-0.06538022,0.8869517,static,40.50372,1.13917,18.08003,5.985718,44.2907466895154,4.423373408053246,22.941466839162747,26.257238811459715,22.894206662154975
05/18/2023 18:41:27.021006,4089,True,True,True,True,Eyes,0.4089117,0.02957569,-2.175387,0.6530989,0.01286823,0.7571632,0.0,0.0,0.0,0.0,0.0,0.0,0.0,-1.415602,-0.009637982,1.638491,0.479985,0.02504002,-2.111318,0.02500992,0.2421656,-0.04160059,0.96902,3.934654,27.92722,356.0623,0.1677119,0.01337046,-0.985745,0.07495685,0.00266657,0.2022342,1.388813,-0.004899979,-0.6437399,0.6506116,0.20896,1.9929,0.8792505,-0.06851051,-0.4714074,0.09273668,0.9952878,0.02832177,0.4672457,-0.06861869,0.8814607,static,40.77975,0.9736663,18.08003,5.985717,44.551118827793,4.274775146831038,23.246460812299375,26.526324015095504,23.19184273553404
05/18/2023 18:41:27.040486,4090,True,True,True,True,Eyes,0.4125011,0.02927591,-2.171993,0.6569455,0.01046049,0.7538655,0.0,0.0,0.0,0.0,0.0,0.0,0.0,-1.436728,-0.009553548,1.613557,0.4873281,0.02375267,-2.104707,0.02528771,0.2474532,-0.04172764,0.9676706,3.990532,28.5519,356.0775,0.1694152,0.01336963,-0.9854537,0.07045944,0.002506576,0.1901001,1.396689,0.005445302,-0.6363633,0.6506116,0.20896,1.9929,0.8740515,-0.06824217,-0.4810167,0.09327228,0.9952387,0.02828908,0.476796,-0.06959163,0.8762549,static,41.07006,0.7949743,18.08004,5.985718,44.825049719562,4.1141590739691125,23.56872588324387,26.810413605781466,23.505610835441598
05/18/2023 18:41:27.051215,4091,True,True,True,True,Eyes,0.5057501,0.021386,-2.08438,0.7403095,0.01085603,0.6721786,0.0,0.0,0.0,0.0,0.0,0.0,0.0,-1.458563,-0.0002044886,1.587811,0.4947717,0.02244151,-2.098391,0.02834721,0.25287,-0.04249616,0.9661509,4.374045,29.18506,356.1022,0.171133,0.01335695,-0.9851571,0.06623188,0.002356182,0.1786941,1.403646,0.03396542,-0.6283837,0.6506116,0.20896,1.9929,0.8685017,-0.06777909,-0.4910305,0.09645172,0.994781,0.03328335,0.4862118,-0.07626736,0.8705064,static,47.7615,0.9252755,18.08004,5.98572,51.05741253384328,4.3893132897718665,30.109752012747965,33.015990271690214,30.056303594939312
05/18/2023 18:41:27.070946,4092,True,True,True,True,Eyes,0.5060566,0.02131407,-2.084155,0.7405254,0.01081222,0.6719414,0.0,0.0,0.0,0.0,0.0,0.0,0.0,-1.482045,0.01260543,1.560104,0.5023729,0.02127475,-2.092297,0.03222381,0.2587916,-0.04284316,0.9644445,4.837558,29.88057,356.2044,0.1783336,0.01299164,-0.9838841,0.342005,-0.02145493,0.4308132,1.411116,0.05317223,-0.6212743,0.6506113,0.20896,1.9929,0.8623827,-0.0659612,-0.5019414,0.0993182,0.9942521,0.03998124,0.4964191,-0.08433104,0.863977,static,47.77988,0.9218677,18.08003,5.985717,51.07460381809068,4.386544240604413,30.12845266115753,33.03330523807492,30.074840855012795
05/18/2023 18:41:27.090984,4093,True,True,True,True,Eyes,0.5066302,0.02120429,-2.083731,0.7411238,0.01021258,0.6712907,0.0,0.0,0.0,0.0,0.0,0.0,0.0,-1.506367,0.0238272,1.530965,0.5096505,0.01957096,-2.086489,0.03592761,0.2651576,-0.04374661,0.9625419,5.299573,30.62954,356.2477,0.1843463,0.01267887,-0.9827794,0.3214847,-0.02016763,0.4049644,1.419785,0.0607372,-0.6146493,0.6506114,0.20896,1.9929,0.8555554,-0.06516293,-0.5135942,0.1032689,0.9935909,0.04596417,0.5073073,-0.09236316,0.8568012,static,47.83054,0.8715935,18.08003,5.985718,51.122772037843454,4.340645538271625,30.186869905003405,33.083667644077856,30.1308356766756
05/18/2023 18:41:27.110717,4094,True,True,True,True,Eyes,0.5074073,0.0211253,-2.083059,0.742003,0.009588244,0.6703279,0.0,0.0,0.0,0.0,0.0,0.0,0.0,-1.532342,0.03682632,1.499759,0.5165244,0.01857308,-2.081241,0.04183558,0.2721359,-0.04715739,0.9601917,6.085175,31.43954,356.0909,0.1895617,0.01240122,-0.9817902,0.3021956,-0.01895758,0.3806665,1.426554,0.09984123,-0.6071964,0.6506116,0.20896,1.9929,0.8474365,-0.06779035,-0.5265509,0.1133302,0.9920519,0.05467392,0.5186595,-0.1060068,0.8483837,static,47.90524,0.8194922,18.08003,5.985718,51.193375005707615,4.293586953770194,30.269341594436533,33.156551764992635,30.210760071267064
05/18/2023 18:41:27.121239,4095,True,True,True,True,Eyes,0.5084593,0.02106727,-2.082185,0.7432464,0.008977352,0.6689575,0.0,0.0,0.0,0.0,0.0,0.0,0.0,-1.557944,0.03697687,1.467757,0.5236006,0.01917893,-2.075655,0.0451088,0.2793266,-0.05094968,0.9577819,6.59624,32.27654,355.8206,0.1942928,0.01214758,-0.9808681,0.2840638,-0.01782012,0.3578265,1.431573,0.115769,-0.5998383,0.6506112,0.20896,1.9929,0.8387616,-0.07239717,-0.5396643,0.1227975,0.9907386,0.05794559,0.5304713,-0.114872,0.8398838,static,48.01127,0.7688583,18.08002,5.985718,51.29314207344496,4.248619148435985,30.38248429098556,33.2585175599524,30.321373562764293
05/18/2023 18:41:27.140322,4096,True,True,True,True,Eyes,0.5097671,0.0210395,-2.081139,0.7446622,0.008510975,0.6673872,0.0,0.0,0.0,0.0,0.0,0.0,0.0,-1.581869,0.02148403,1.436734,0.5311183,0.0196953,-2.069904,0.04345274,0.2863294,-0.05348828,0.9556499,6.527595,33.10352,355.5348,0.198603,0.01191668,-0.9800074,0.26702,-0.01675091,0.3363569,1.440281,0.09092742,-0.5924435,0.6506116,0.20896,1.9929,0.8303089,-0.0773485,-0.5519097,0.1271157,0.9905017,0.05242067,0.5426129,-0.1136817,0.8322546,static,48.13241,0.7306351,18.08003,5.985719,51.40674994703571,4.215614120354175,30.508383281656194,33.37369523611513,30.44534120797209
05/18/2023 18:41:27.151168,4097,True,True,True,True,Eyes,0.5113271,0.02094797,-2.079924,0.7464889,0.0079093,0.6653508,0.0,0.0,0.0,0.0,0.0,0.0,0.0,-1.606366,0.01444653,1.404409,0.5383109,0.02038275,-2.064652,0.04478381,0.2935654,-0.05695912,0.9531892,6.823851,33.95221,355.2459,0.2025483,0.01170772,-0.9792021,0.2509988,-0.01574586,0.3161755,1.447564,0.1453105,-0.5863861,0.6506115,0.20896,1.9929,0.8211501,-0.08229166,-0.5647483,0.1348796,0.9895002,0.05193242,0.554545,-0.1188173,0.8236275,static,48.28916,0.6810666,18.08003,5.985718,51.55375579420019,4.172804704271675,30.671336159880973,33.52278289705573,30.60573755715197
05/18/2023 18:41:27.172666,4098,True,True,True,True,Eyes,0.5130887,0.02087204,-2.078554,0.7484663,0.007307702,0.6631325,0.0,0.0,0.0,0.0,0.0,0.0,0.0,-1.633387,0.005295761,1.367844,0.545773,0.01877218,-2.05931,0.04481057,0.3018506,-0.05997647,0.950411,6.97203,34.93336,354.9744,0.2061787,0.01151561,-0.9784463,0.2359389,-0.01480111,0.297205,1.45265,0.163964,-0.5793872,0.6506114,0.20896,1.9929,0.810578,-0.08695238,-0.5791395,0.1410568,0.9887897,0.04896906,0.5683892,-0.1213848,0.8137564,static,48.45942,0.6313723,18.08003,5.985719,51.71335222933851,4.130186820199279,30.847631438343868,33.684467694366084,30.779433888742297
05/18/2023 18:41:27.192282,4099,True,True,True,True,Eyes,0.5150963,0.02102555,-2.076998,0.7508262,0.006350116,0.6604693,0.0,0.0,0.0,0.0,0.0,0.0,0.0,-1.661412,0.01189484,1.329114,0.552654,0.01909307,-2.054552,0.04974139,0.3105088,-0.06276089,0.9471912,7.654826,35.95939,354.9058,0.2095367,0.01133949,-0.9777347,0.2217826,-0.01391304,0.2793727,1.467592,0.1505441,-0.5758263,0.6506115,0.20896,1.9929,0.7992907,-0.08800285,-0.594466,0.1497834,0.9871737,0.0552536,0.5819787,-0.1332048,0.8022202,static,48.66331,0.5508562,18.08003,5.985719,51.90487554612034,4.059488513113705,31.062433085855073,33.879647874609134,30.989886251832644
05/18/2023 18:41:27.206021,4100,True,True,True,True,Eyes,0.5173681,0.02134045,-2.075225,0.7532209,0.006856625,0.6577318,0.0,0.0,0.0,0.0,0.0,0.0,0.0,-1.686822,0.005329743,1.290511,0.560411,0.0248235,-2.048448,0.05297559,0.3188529,-0.06604488,0.9440153,8.171506,36.94938,354.7303,0.2126629,0.01118853,-0.9770613,0.2084756,-0.01307826,0.2626103,1.476682,0.1845207,-0.5714015,0.6506114,0.20896,1.9929,0.7879419,-0.09091191,-0.6090013,0.1584776,0.9856634,0.05790232,0.5950063,-0.1421367,0.7910529,static,48.8717,0.597267,18.08003,5.985719,52.098155742937145,4.107701382924073,31.259596228121755,34.0699255830172,31.189575739407374
05/18/2023 18:41:27.221191,4101,True,True,True,True,Eyes,0.5198789,0.02156914,-2.073314,0.7557989,0.007951791,0.6547555,0.0,0.0,0.0,0.0,0.0,0.0,0.0,-1.70621,-0.03101448,1.257283,0.5690149,0.02873889,-2.041635,0.04174238,0.325992,-0.06146614,0.9424484,6.820256,37.8555,354.8782,0.2155947,0.01106787,-0.97642,0.1959671,-0.01229356,0.2468537,1.489117,0.2090481,-0.5692537,0.6506115,0.20896,1.9929,0.7799023,-0.08864195,-0.6195927,0.1430727,0.988959,0.03860514,0.6093296,-0.118755,0.7839736,static,49.09732,0.6958043,18.08003,5.985717,52.30648983779895,4.205100985089466,31.46514667561112,34.27274640907875,31.40032686256212
05/18/2023 18:41:27.240728,4102,True,True,True,True,Eyes,0.5226358,0.02171493,-2.071314,0.7587335,0.007839338,0.651354,0.0,0.0,0.0,0.0,0.0,0.0,0.0,-1.723574,-0.03424863,1.228317,0.5771598,0.02681161,-2.036372,0.03672216,0.3315117,-0.05515004,0.9411218,6.066679,38.5668,355.4169,0.2183638,0.0109705,-0.9758055,0.184209,-0.01155595,0.2320425,1.502756,0.2224067,-0.5675185,0.6506114,0.20896,1.9929,0.7741169,-0.07945815,-0.6280362,0.1281534,0.9912199,0.03255428,0.6199352,-0.1056858,0.777503,static,49.35472,0.6895471,18.08003,5.985719,52.546446782175465,4.205136695833334,31.719956989101508,34.512379795437724,31.654811711479663
05/18/2023 18:41:27.250420,4103,True,True,True,True,Eyes,0.5256046,0.02186264,-2.069201,0.7619075,0.007186615,0.647646,0.0,0.0,0.0,0.0,0.0,0.0,0.0,-1.746335,-0.01386364,1.191377,0.5848652,0.02521047,-2.031392,0.044156,0.338782,-0.05647725,0.9381297,6.956461,39.44464,355.6062,0.2209989,0.01089026,-0.9752131,0.1731565,-0.01086259,0.2181199,1.514867,0.2235264,-0.5641871,0.6506115,0.20896,1.9929,0.7640741,-0.07604747,-0.6406305,0.1358845,0.9897211,0.04458116,0.6306553,-0.1211151,0.766554,static,49.63439,0.6357576,18.08003,5.985719,52.808066453809005,4.1611902873743,32.00468281347419,34.77593163324719,31.936681599647866
05/18/2023 18:41:27.270728,4104,True,True,True,True,Eyes,0.5287768,0.02207687,-2.066972,0.7652698,0.006053675,0.6436812,0.0,0.0,0.0,0.0,0.0,0.0,0.0,-1.766766,-0.006402582,1.156485,0.5928057,0.02552193,-2.026546,0.04995591,0.3455092,-0.05981226,0.935174,7.745105,40.25127,355.5229,0.2235239,0.01082556,-0.9746381,0.1627671,-0.01021084,0.2050327,1.529246,0.202072,-0.5603072,0.6506115,0.20896,1.9929,0.7540917,-0.07734929,-0.6521984,0.1463902,0.9878538,0.05210357,0.6402465,-0.1347663,0.7562556,static,49.93225,0.5388379,18.08003,5.985717,53.087462754674576,4.077288880428356,32.31458511041751,35.0594130863686,32.241312572232054
05/18/2023 18:41:27.291247,4105,True,True,True,True,Eyes,0.5321768,0.02238731,-2.064628,0.7687838,0.005047695,0.6394889,0.0,0.0,0.0,0.0,0.0,0.0,0.0,-1.784495,-0.01279512,1.124746,0.6011057,0.02739464,-2.021771,0.0517503,0.3515596,-0.06254908,0.9326389,8.077252,40.97945,355.3488,0.2259607,0.01077801,-0.9740766,0.1530011,-0.009598188,0.1927308,1.544654,0.1735777,-0.5569968,0.6506114,0.20896,1.9929,0.744987,-0.08028478,-0.6622302,0.1530581,0.986819,0.05254923,0.6492824,-0.1405082,0.7474555,static,50.24567,0.452245,18.08003,5.985718,53.3811591522893,4.003409947025568,32.638132913071615,35.356742845509636,32.55998991442807
05/18/2023 18:41:27.300855,4106,True,True,True,True,Eyes,0.5357987,0.02275614,-2.062148,0.7723986,0.004558894,0.6351217,0.0,0.0,0.0,0.0,0.0,0.0,0.0,-1.798857,-0.03735878,1.096531,0.6098744,0.02996098,-2.016636,0.04829705,0.3568387,-0.06527972,0.93063,7.844327,41.61163,354.9597,0.2283294,0.01075044,-0.9735243,0.143821,-0.009022296,0.1811669,1.562038,0.1394762,-0.5554274,0.6506116,0.20896,1.9929,0.7368094,-0.08703402,-0.6704751,0.155971,0.9868119,0.0433047,0.6578639,-0.136482,0.7406672,static,50.5705,0.4112612,18.08003,5.985719,53.68461165002897,3.972483986765467,32.96521227877778,35.66145467717341,32.88466187981336
05/18/2023 18:41:27.320507,4107,True,True,True,True,Eyes,0.5396451,0.02308497,-2.059562,0.7760741,0.004660096,0.6306244,0.0,0.0,0.0,0.0,0.0,0.0,0.0,-1.809762,-0.08160202,1.070932,0.618958,0.0315159,-2.011142,0.03699843,0.3614746,-0.06611584,0.9292987,6.693819,42.18456,354.4454,0.2306487,0.01074366,-0.9729775,0.1351917,-0.008480959,0.1702969,1.581153,0.09871921,-0.5561446,0.6506115,0.20896,1.9929,0.7299296,-0.09613473,-0.6767281,0.1496307,0.9885196,0.02096679,0.6669434,-0.1165636,0.7359344,static,50.90329,0.4233882,18.08003,5.985718,53.99446167340015,3.991453880434558,33.29122872216596,35.96975801700526,33.21131267502635
05/18/2023 18:41:27.340924,4108,True,True,True,True,Eyes,0.5437106,0.02335862,-2.056895,0.7799039,0.004373,0.6258839,0.0,0.0,0.0,0.0,0.0,0.0,0.0,-1.819192,-0.1175899,1.046939,0.6281197,0.03070956,-2.005964,0.02723958,0.3653317,-0.06692681,0.9280688,5.708156,42.67358,353.9819,0.2329343,0.01075376,-0.9724329,0.1270802,-0.007972101,0.1600791,1.599211,0.06017569,-0.5571965,0.6506115,0.20896,1.9929,0.7241071,-0.1043224,-0.681752,0.1441283,0.9895576,0.001659447,0.6744596,-0.09946137,0.7315815,static,51.25246,0.4003144,18.08003,5.985718,54.32024964083055,3.9778495436667978,33.63936452253213,36.295799417475,33.558050143725794
05/18/2023 18:41:27.350584,4109,True,True,True,True,Eyes,0.5479907,0.023621,-2.054158,0.7839645,0.003902649,0.6207935,0.0,0.0,0.0,0.0,0.0,0.0,0.0,-1.833495,-0.1357199,1.015763,0.6372515,0.02965712,-2.001232,0.02491115,0.3708836,-0.07015616,0.9256906,5.6332,43.35106,353.5724,0.2352009,0.0107765,-0.9718868,0.1194554,-0.007493775,0.1504743,1.616935,0.0314629,-0.5587135,0.6506114,0.20896,1.9929,0.7150471,-0.1114075,-0.6901422,0.1483641,0.9889151,-0.005919491,0.6831514,-0.09815955,0.7236497,static,51.62556,0.360188,18.08003,5.985718,54.66866208068557,3.948831189136808,34.01395552948525,36.645284900189296,33.93020060967746
05/18/2023 18:41:27.370733,4110,True,True,True,True,Eyes,0.5524726,0.02390109,-2.051339,0.7883316,0.003113569,0.6152427,0.0,0.0,0.0,0.0,0.0,0.0,0.0,-1.852314,-0.1460114,0.9764692,0.6465426,0.0296705,-1.996742,0.02530551,0.3783954,-0.07305446,0.9224097,5.852683,44.26774,353.3256,0.2374609,0.0108101,-0.9713367,0.1122881,-0.007044148,0.1414459,1.638178,0.0007813126,-0.563318,0.6506117,0.20896,1.9929,0.70296,-0.1156213,-0.7017686,0.1539233,0.9880454,-0.008602851,0.6943738,-0.101971,0.7123531,static,52.03023,0.2899553,18.08004,5.985719,55.04706822956853,3.892354985689672,34.42465867895189,37.02625216008401,34.336617557360796
05/18/2023 18:41:27.390397,4111,True,True,True,True,Eyes,0.5571502,0.0241887,-2.048458,0.7929998,0.00239231,0.6092171,0.0,0.0,0.0,0.0,0.0,0.0,0.0,-1.874655,-0.1542435,0.9285467,0.6560078,0.03037266,-1.992248,0.02497233,0.3878579,-0.07377704,0.9184224,5.917728,45.44253,353.2944,0.2397245,0.01085434,-0.97078,0.1055508,-0.006621499,0.1329591,1.658396,-0.0235005,-0.5680321,0.6506115,0.20896,1.9929,0.6882464,-0.1161455,-0.7161196,0.1548884,0.9878666,-0.01135972,0.7087499,-0.1031003,0.6978853,static,52.46696,0.2249913,18.08003,5.985718,55.45524571103761,3.841544427305336,34.86612864854647,37.436669586869435,34.773989794600006
05/18/2023 18:41:27.401725,4112,True,True,True,True,Eyes,0.6786427,0.03315757,-1.974831,0.8978066,-0.01923994,0.4399694,0.0,0.0,0.0,0.0,0.0,0.0,0.0,-1.896128,-0.1594777,0.8800706,0.6653824,0.03066066,-1.98786,0.0242967,0.3972807,-0.07319044,0.9144512,5.888368,46.62431,353.3871,0.2420015,0.01090854,-0.9702143,0.09921777,-0.006224209,0.1249816,1.67546,-0.02470641,-0.5693588,0.6506116,0.20896,1.9929,0.6736224,-0.1145529,-0.7301441,0.1531634,0.9881057,-0.01371799,0.723031,-0.1025906,0.6831554,static,63.89287,-2.50396,18.08004,5.985719,66.15390873109017,1.5487216813242943,46.592811056341525,48.278191763776995,46.2485796978511
05/18/2023 18:41:27.421141,4113,True,True,True,True,Eyes,0.6790584,0.0332459,-1.974654,0.8981599,-0.01849567,0.4392797,0.0,0.0,0.0,0.0,0.0,0.0,0.0,-1.918716,-0.1535946,0.8280587,0.6745341,0.03293132,-1.983598,0.02526363,0.4074101,-0.06974405,0.9102278,5.901591,47.90899,353.8606,0.2516178,0.01146658,-0.9677585,0.4577424,0.02105587,0.3383633,1.691389,-0.02391981,-0.5697238,0.6506115,0.20896,1.9929,0.6583055,-0.1063806,-0.745196,0.1475513,0.988995,-0.01083755,0.738148,-0.1028202,0.6667574,static,63.93727,-2.410988,18.08003,5.985717,66.19349480518778,1.6367632800972531,46.61964301959663,48.309614923096824,46.285810360527186
05/18/2023 18:41:27.440783,4114,True,True,True,True,Eyes,0.6798866,0.03338046,-1.974325,0.8986953,-0.01696712,0.4382453,0.0,0.0,0.0,0.0,0.0,0.0,0.0,-1.937524,-0.1588696,0.7795461,0.6847613,0.03502178,-1.979092,0.01873174,0.4162432,-0.062538,0.9069068,4.93571,49.06434,354.3643,0.2596177,0.01194183,-0.9656374,0.4302779,0.01979252,0.3180615,1.711832,-0.007257596,-0.5726078,0.6506115,0.20896,1.9929,0.6456612,-0.09783833,-0.7573304,0.1290262,0.9914762,-0.01808615,0.7526445,-0.0860379,0.6527815,static,64.00401,-2.217158,18.08003,5.985718,66.25196081738522,1.8197230370996165,46.65082114724,48.351736604861046,46.338229930359255
05/18/2023 18:41:27.450561,4115,True,True,True,True,Eyes,0.681084,0.03351213,-1.973843,0.8994635,-0.01469379,0.4367487,0.0,0.0,0.0,0.0,0.0,0.0,0.0,-1.954117,-0.1657242,0.733627,0.6951016,0.03612145,-1.974785,0.008173807,0.4241576,-0.05258227,0.9040237,3.40451,50.12022,354.9346,0.2663217,0.0123512,-0.9638048,0.4044612,0.01860497,0.2989779,1.733118,0.002933428,-0.5776317,0.6506115,0.20896,1.9929,0.6346509,-0.08813727,-0.7677565,0.1020052,0.9943366,-0.0298277,0.7660373,-0.05938495,0.6400472,static,64.10038,-1.926909,18.08003,5.985719,66.33618454631188,2.093612778632382,46.69563465666661,48.412859267305684,46.4136549805751
05/18/2023 18:41:27.470964,4116,True,True,True,True,Eyes,0.6826395,0.03353743,-1.973189,0.900232,-0.01246475,0.4352322,0.0,0.0,0.0,0.0,0.0,0.0,0.0,-1.967168,-0.1701812,0.6948197,0.7050502,0.03603334,-1.970556,0.0004660234,0.4304072,-0.04571978,0.9014762,2.303708,50.94928,355.291,0.2723546,0.01272325,-0.9621126,0.3801935,0.01748867,0.2810392,1.754894,-0.0004563779,-0.5836423,0.6506115,0.20896,1.9929,0.6253188,-0.08202943,-0.7760462,0.08283175,0.995819,-0.03851603,0.775961,-0.04019646,0.6294989,static,64.19778,-1.640463,18.08003,5.985719,66.4214409852504,2.363966354807971,46.74404258255402,48.476892518681964,46.490821082439695
05/18/2023 18:41:27.490744,4117,True,True,True,True,Eyes,0.6845417,0.03341852,-1.97242,0.9011292,-0.01056696,0.4334217,0.0,0.0,0.0,0.0,0.0,0.0,0.0,-1.97782,-0.1725819,0.6612453,0.715435,0.0334291,-1.966173,-0.005551261,0.4353138,-0.04105,0.8993254,1.475786,51.59996,355.4865,0.2778525,0.01305902,-0.9605347,0.3573819,0.01643935,0.2641768,1.774169,0.005447194,-0.5875784,0.6506115,0.20896,1.9929,0.6176336,-0.07866769,-0.7825216,0.06900153,0.9965681,-0.04572404,0.7834331,-0.02575448,0.6209422,static,64.31355,-1.396613,18.08003,5.985718,66.52463151875031,2.594869083723536,46.81919673151133,48.56312667738269,46.589272824710235
05/18/2023 18:41:27.510226,4118,True,True,True,True,Eyes,0.6867748,0.03310614,-1.971642,0.9016522,-0.01252745,0.4322806,0.0,0.0,0.0,0.0,0.0,0.0,0.0,-1.988938,-0.1584901,0.6310925,0.7255718,0.02992901,-1.962631,-0.001648348,0.4399347,-0.0409121,0.8970959,1.893389,52.17554,355.7048,0.282887,0.0133553,-0.95906,0.335939,0.01545299,0.2483262,1.791892,0.01142098,-0.5901897,0.6506116,0.20896,1.9929,0.6095673,-0.07485448,-0.7891924,0.07195381,0.996647,-0.03895475,0.7894621,-0.03303985,0.6129094,static,64.38547,-1.659961,18.08003,5.98572,66.59669857194972,2.350012323233696,46.9324004451867,48.652702901599525,46.676946614175826
05/18/2023 18:41:27.520604,4119,True,True,True,True,Eyes,0.689237,0.03270296,-1.970793,0.9022271,-0.0162818,0.4309538,0.0,0.0,0.0,0.0,0.0,0.0,0.0,-1.999644,-0.1328535,0.6036763,0.7348285,0.02666178,-1.959583,0.0139802,0.4443441,-0.04784104,0.8944687,3.87187,52.69129,355.7948,0.2875199,0.01360674,-0.9576777,0.3157826,0.01452581,0.2334266,1.810128,0.02519341,-0.5927578,0.6506114,0.20896,1.9929,0.6005391,-0.07316059,-0.7962413,0.09800866,0.9950316,-0.01750606,0.793566,-0.06752546,0.6047258,static,64.46826,-2.163655,18.08003,5.985718,66.68350682600331,1.880431882393022,47.09862166588348,48.77654491334187,46.791031704136614
05/18/2023 18:41:27.540802,4120,True,True,True,True,Eyes,0.6918792,0.03236506,-1.969821,0.9028846,-0.02121827,0.429359,0.0,0.0,0.0,0.0,0.0,0.0,0.0,-2.006966,-0.1154225,0.5838761,0.7428052,0.02446447,-1.956984,0.03369734,0.4470462,-0.06063712,0.8918168,6.564343,52.98854,355.4953,0.2918032,0.01381353,-0.9563784,0.2968357,0.01365426,0.219421,1.827926,0.03787551,-0.5958437,0.6506116,0.20896,1.9929,0.5929456,-0.07802586,-0.8014532,0.1382829,0.9903752,0.005888532,0.79328,-0.1143189,0.5980284,static,64.56697,-2.829169,18.08003,5.985718,66.78825457756922,1.2597465405166313,47.31530221171972,48.936958913839035,46.93197927522613
05/18/2023 18:41:27.550807,4121,True,True,True,True,Eyes,0.6948191,0.03210966,-1.968764,0.9035562,-0.02643212,0.4276534,0.0,0.0,0.0,0.0,0.0,0.0,0.0,-2.013735,-0.1145638,0.5613081,0.7507753,0.02597991,-1.954221,0.05084314,0.4501843,-0.07472967,0.8883495,9.068615,53.34752,354.9459,0.2957819,0.01398331,-0.9551529,0.2790256,0.012835,0.2062558,1.847631,0.05123176,-0.6001881,0.6506115,0.20896,1.9929,0.5834992,-0.08699452,-0.8074409,0.1785496,0.9836609,0.02304871,0.7922429,-0.1576172,0.5894982,static,64.6718,-3.536801,18.08003,5.985718,66.89951310259505,0.5997773365436725,47.55493034206087,49.11568270150417,47.0826231036104
05/18/2023 18:41:27.570598,4122,True,True,True,True,Eyes,0.6981697,0.03189934,-1.96768,0.9057218,-0.02849436,0.4229139,0.0,0.0,0.0,0.0,0.0,0.0,0.0,-2.018948,-0.1238572,0.5431244,0.7608436,0.02777731,-1.951107,0.0544814,0.4521102,-0.07953361,0.886737,9.702785,53.57645,354.6569,0.2995011,0.01412377,-0.9539912,0.262284,0.0120649,0.1938804,1.867445,0.06284092,-0.6051263,0.6506114,0.20896,1.9929,0.5785416,-0.0917876,-0.8104718,0.190314,0.9814124,0.02470544,0.7931394,-0.1685373,0.5852564,static,64.97044,-3.85455,18.08003,5.985719,67.18387449579264,0.3091895935786852,47.911809024085706,49.43086617053105,47.39627108328279
05/18/2023 18:41:27.590606,4123,True,True,True,True,Eyes,0.7018118,0.03167688,-1.966512,0.908008,-0.03015054,0.4178665,0.0,0.0,0.0,0.0,0.0,0.0,0.0,-2.025195,-0.1387877,0.5181068,0.7718955,0.02766396,-1.94744,0.04708729,0.4554117,-0.07669418,0.8857207,8.816315,54.00534,354.6015,0.3030052,0.01423993,-0.9528822,0.246547,0.01134101,0.1822476,1.887412,0.07092076,-0.6105276,0.6506116,0.20896,1.9929,0.5734363,-0.09297103,-0.8139578,0.1787474,0.9838016,0.0135575,0.7995124,-0.1532672,0.5807659,static,65.28805,-4.12694,18.08004,5.985718,67.48504094849453,0.0614937927267837,48.27900226791213,49.75892433703513,47.724886164876104
05/18/2023 18:41:27.600883,4124,True,True,True,True,Eyes,0.705772,0.03141939,-1.965314,0.9103251,-0.03132199,0.4127071,0.0,0.0,0.0,0.0,0.0,0.0,0.0,-2.034855,-0.1462532,0.4803175,0.7824498,0.02707918,-1.944163,0.04325795,0.4614444,-0.07457663,0.8829702,8.34984,54.79478,354.6777,0.3063299,0.01433366,-0.9518173,0.2317542,0.01066055,0.1713127,1.909201,0.07114299,-0.6176788,0.6506116,0.20896,1.9929,0.5630149,-0.09177557,-0.8213352,0.1716201,0.9851341,0.007565015,0.808431,-0.1452169,0.5703957,static,65.61224,-4.340086,18.08003,5.985718,67.79120137546451,-0.1305968501358756,48.64085952910902,50.086024666235936,48.05552672296343
05/18/2023 18:41:27.621066,4125,True,True,True,True,Eyes,0.7099813,0.03110822,-1.964035,0.9126566,-0.03232842,0.4074468,0.0,0.0,0.0,0.0,0.0,0.0,0.0,-2.042589,-0.1466818,0.4494826,0.7930142,0.02580602,-1.940666,0.04017137,0.4657913,-0.07141982,0.8810925,7.89296,55.37291,354.8779,0.309507,0.01440547,-0.9507878,0.2178489,0.01002092,0.161034,1.931658,0.07092512,-0.6256828,0.6506114,0.20896,1.9929,0.5558755,-0.088432,-0.8265485,0.1632779,0.986571,0.004255932,0.8150724,-0.1373229,0.5628495,static,65.94209,-4.536568,18.08003,5.985718,68.10231577680837,-0.3069598129743864,49.00505372009499,50.41653368087283,48.39018776716436
05/18/2023 18:41:27.640585,4126,True,True,True,True,Eyes,0.7143636,0.03077165,-1.96261,0.9149207,-0.03356257,0.4022357,0.0,0.0,0.0,0.0,0.0,0.0,0.0,-2.049162,-0.1472214,0.4223671,0.8031683,0.02418249,-1.937387,0.03909728,0.4693996,-0.0702759,0.8793162,7.743162,55.84804,354.9696,0.3125634,0.01445499,-0.9497865,0.204778,0.00941966,0.1513719,1.955154,0.06619909,-0.6350053,0.6506115,0.20896,1.9929,0.5494507,-0.08688499,-0.8309965,0.160294,0.9870654,0.002782772,0.8200061,-0.1347327,0.5562708,static,66.26779,-4.769716,18.08003,5.985718,68.41026706480166,-0.51773848100283,49.37347034942912,50.74867199444171,48.72286737855735
05/18/2023 18:41:27.651752,4127,True,True,True,True,Eyes,0.7190242,0.0304316,-1.961127,0.9171734,-0.03465709,0.3969786,0.0,0.0,0.0,0.0,0.0,0.0,0.0,-2.055101,-0.1467022,0.3999046,0.8131204,0.02312773,-1.934731,0.043492,0.4720976,-0.07320399,0.8774244,8.362803,56.19413,354.9321,0.3155207,0.0144833,-0.9488078,0.1924913,0.00885448,0.1422896,1.978546,0.05951592,-0.6445957,0.6506114,0.20896,1.9929,0.54353,-0.08739699,-0.8348275,0.1695269,0.9854993,0.007203022,0.8220924,-0.1454407,0.5504645,static,66.59568,-4.989396,18.08003,5.985719,68.72000043524915,-0.7158604792690939,49.74154645953144,51.08148170521161,49.056394116830795
05/18/2023 18:41:27.675896,4128,True,True,True,True,Eyes,0.723912,0.03005737,-1.959559,0.9194365,-0.0352504,0.3916555,0.0,0.0,0.0,0.0,0.0,0.0,0.0,-2.061367,-0.1489545,0.3752341,0.8244175,0.02268753,-1.931849,0.0426092,0.4750296,-0.07239167,0.8759515,8.246001,56.58105,354.9949,0.3184015,0.01449232,-0.9478449,0.1809418,0.008323211,0.1337522,2.002588,0.05169144,-0.6554396,0.6506115,0.20896,1.9929,0.5382128,-0.08634192,-0.8383748,0.1673044,0.9858879,0.005870822,0.8260366,-0.1434236,0.5450628,static,66.92728,-5.142969,18.08003,5.985719,69.03192188877728,-0.8520190070252891,50.09891744502912,51.40865635375395,49.388948821827086
05/18/2023 18:41:27.691093,4129,True,True,True,True,Eyes,0.7290451,0.0296226,-1.95795,0.9216871,-0.03589699,0.3862697,0.0,0.0,0.0,0.0,0.0,0.0,0.0,-2.067783,-0.1491181,0.349865,0.8353454,0.02134758,-1.929277,0.04032467,0.478152,-0.07014721,0.8745422,7.909762,56.9978,355.1275,0.3212241,0.01448236,-0.9468923,0.1700853,0.007823818,0.1257271,2.025693,0.04862943,-0.6654625,0.6506114,0.20896,1.9929,0.5329001,-0.08413075,-0.8419855,0.161256,0.9869066,0.003449211,0.8306709,-0.1376133,0.5394893,static,67.26194,-5.309388,18.08003,5.985717,69.34694109926058,-1.0001318014939071,50.46225984048995,51.74068280508889,49.725001719756186
05/18/2023 18:41:27.706627,4130,True,True,True,True,Eyes,0.7343956,0.02913073,-1.956292,0.9239454,-0.03647313,0.3807816,0.0,0.0,0.0,0.0,0.0,0.0,0.0,-2.074149,-0.1467664,0.3240624,0.8463139,0.01948811,-1.926661,0.04163564,0.4812942,-0.0701236,0.8727572,8.058018,57.41418,355.2307,0.3240057,0.01445238,-0.9459445,0.1598802,0.007354389,0.1181835,2.048955,0.03421988,-0.6760741,0.6506118,0.20896,1.9929,0.5268772,-0.08232377,-0.8459452,0.1624797,0.9866983,0.005175452,0.8342665,-0.1401758,0.5332447,static,67.60219,-5.471379,18.08004,5.985719,69.66708390249113,-1.1439718559441427,50.83019216178613,52.077399995572755,50.06591479735444
05/18/2023 18:41:27.720728,4131,True,True,True,True,Eyes,0.7399777,0.02860231,-1.954623,0.9261746,-0.03722941,0.3752527,0.0,0.0,0.0,0.0,0.0,0.0,0.0,-2.080461,-0.1441194,0.2997361,0.8572488,0.01759963,-1.924512,0.04273757,0.4841579,-0.0698759,0.8711383,8.170692,57.79575,355.3434,0.3267598,0.01440163,-0.9449974,0.1502874,0.006913126,0.1110925,2.073516,0.01805522,-0.6886919,0.6506118,0.20896,1.9929,0.5214168,-0.0803597,-0.8495098,0.1631266,0.9865817,0.006798712,0.8375645,-0.1421226,0.5275291,static,67.94398,-5.665864,18.08004,5.985719,69.98928527516371,-1.3181922114959406,51.20714694971288,52.42057672348257,50.410013481412996
05/18/2023 18:41:27.740381,4132,True,True,True,True,Eyes,0.7457829,0.0280836,-1.952947,0.9284128,-0.03816991,0.3695845,0.0,0.0,0.0,0.0,0.0,0.0,0.0,-2.086705,-0.1427169,0.2752711,0.8683394,0.0162496,-1.922551,0.04528177,0.4870366,-0.07088289,0.8693219,8.497948,58.17823,355.4108,0.3294986,0.01433041,-0.9440471,0.1412701,0.006498338,0.1044269,2.098876,0.0007254183,-0.7035154,0.6506116,0.2089601,1.9929,0.5155419,-0.07913233,-0.8532025,0.1673478,0.9858503,0.00968375,0.8403638,-0.147774,0.5214898,static,68.29339,-5.896482,18.08003,5.98572,70.31928020354319,-1.5260599135955697,51.600079911356765,52.77656771047815,50.763310854184894
05/18/2023 18:41:27.750740,4133,True,True,True,True,Eyes,0.7518202,0.02756677,-1.951246,0.9306264,-0.03896622,0.3638903,0.0,0.0,0.0,0.0,0.0,0.0,0.0,-2.092083,-0.1506925,0.2503017,0.8794087,0.01600577,-1.920561,0.0466721,0.4901237,-0.07340851,0.8673015,8.795954,58.57833,355.2645,0.3322329,0.01424118,-0.9430897,0.1327939,0.006108438,0.0981613,2.125194,-0.02949385,-0.7216522,0.6506115,0.20896,1.9929,0.5087801,-0.08158442,-0.8570221,0.1730848,0.9848658,0.008999066,0.8433176,-0.152916,0.5152011,static,68.64368,-6.112073,18.08003,5.985719,70.64980667803104,-1.7198416556013694,51.990761415830065,53.13150746021807,51.1161533876524
05/18/2023 18:41:27.771015,4134,True,True,True,True,Eyes,0.758072,0.02699026,-1.949539,0.9328313,-0.03960378,0.3581303,0.0,0.0,0.0,0.0,0.0,0.0,0.0,-2.096649,-0.1627078,0.2264994,0.8909625,0.01548555,-1.918244,0.04383436,0.4928878,-0.07413329,0.8658202,8.568058,58.93303,355.0594,0.3349733,0.01413578,-0.9421213,0.1248263,0.005741931,0.09227163,2.152144,-0.04982711,-0.7408538,0.6506115,0.20896,1.9929,0.5031317,-0.08516135,-0.8600036,0.171583,0.9851657,0.002826558,0.8470052,-0.1489841,0.5102804,static,68.99733,-6.310403,18.08003,5.985717,70.9831326045099,-1.8973895580989533,52.380969887397086,53.48721000566066,51.47085127622081
05/18/2023 18:41:27.790701,4135,True,True,True,True,Eyes,0.7645218,0.02637618,-1.947832,0.9349939,-0.04036823,0.3523589,0.0,0.0,0.0,0.0,0.0,0.0,0.0,-2.101717,-0.1676969,0.2030449,0.902288,0.01342304,-1.916315,0.04116034,0.4955312,-0.07343642,0.864501,8.276269,59.2809,355.004,0.3377274,0.01401294,-0.9411393,0.1173367,0.005397416,0.08673533,2.179262,-0.0502096,-0.7594284,0.6506113,0.20896,1.9929,0.498112,-0.08617926,-0.8628196,0.1677642,0.9858258,-0.001613767,0.8507289,-0.1439464,0.5055094,moving,69.35074,-6.535634,18.08003,5.985717,71.31675121013213,-2.10012326155639,52.77755142832321,53.84727753508749,51.82646931517342
05/18/2023 18:41:27.800673,4136,True,True,True,True,Eyes,0.771211,0.02581931,-1.946182,0.9371298,-0.04116466,0.3465447,0.0,0.0,0.0,0.0,0.0,0.0,0.0,-2.1071,-0.1673522,0.1796312,0.9134393,0.01182778,-1.914584,0.04298206,0.4981508,-0.07422714,0.8628376,8.518324,59.63055,355.0538,0.3405015,0.0138726,-0.9401414,0.1102965,0.005073571,0.08153121,2.203236,-0.0648976,-0.7779831,0.6475267,0.2069992,1.993145,0.4926722,-0.08526882,-0.8660274,0.170915,0.9852857,0.0002204491,0.8532655,-0.1481257,0.4999966,moving,69.70592,-6.774194,17.99778,5.929232,71.65227486323136,-2.3152928692112877,53.24573949525987,54.28422431376876,52.25867101085579
05/18/2023 18:41:27.820821,4137,True,True,True,True,Eyes,0.7781256,0.02529139,-1.944527,0.9392534,-0.04173356,0.3406776,0.0,0.0,0.0,0.0,0.0,0.0,0.0,-2.113253,-0.1713868,0.1556442,0.9255919,0.01270144,-1.913781,0.04425128,0.5008822,-0.07510123,0.8611148,8.710653,59.99433,355.0662,0.3433023,0.01371915,-0.9391245,0.1036787,0.004769156,0.07663934,2.229973,-0.07656346,-0.800277,0.6443099,0.2049547,1.9934,0.4869537,-0.08501219,-0.8692808,0.1736709,0.9848033,0.0009771152,0.8559875,-0.1514446,0.4943177,moving,70.06374,-6.984029,17.91195,5.870331,71.98970707071524,-2.5035144027307297,53.712603467097914,54.72225412597809,52.69478095321656
05/18/2023 18:41:27.840756,4138,True,True,True,True,Eyes,0.7852201,0.02481646,-1.94286,0.9405821,-0.04334899,0.336788,0.0,0.0,0.0,0.0,0.0,0.0,0.0,-2.118431,-0.1763261,0.1287137,0.9378736,0.01294371,-1.911972,0.04187166,0.5040701,-0.07390298,0.8594757,8.422987,60.41957,355.081,0.3461359,0.01355523,-0.9380862,0.09745798,0.004483007,0.07204098,2.255669,-0.1026222,-0.825053,0.6410203,0.2028636,1.993661,0.4809034,-0.08482312,-0.8726608,0.1692481,0.9855703,-0.002529212,0.860283,-0.1464799,0.4883203,moving,70.29942,-7.334384,17.82412,5.810096,72.21603020494507,-2.826063885726564,54.09652913598431,55.07325261244918,53.02145262302279
05/18/2023 18:41:27.850913,4139,True,True,True,True,Eyes,0.7925336,0.02438848,-1.941182,0.9419594,-0.04493158,0.3327065,0.0,0.0,0.0,0.0,0.0,0.0,0.0,-2.123365,-0.1771997,0.1004226,0.9493474,0.01392177,-1.91016,0.04256055,0.5076244,-0.07340885,0.8573897,8.482667,60.90021,355.2054,0.3490058,0.01338443,-0.9370247,0.0916105,0.004214026,0.06771851,2.281032,-0.1187264,-0.8478375,0.637626,0.2007061,1.99393,0.4738571,-0.08267045,-0.8767127,0.1690896,0.9855995,-0.001546298,0.8642154,-0.1475102,0.481012,moving,70.54643,-7.691188,17.73342,5.747947,72.45303403424978,-3.154390486949992,54.496095041831445,55.43904556166909,53.36155177956787
05/18/2023 18:41:27.871424,4140,True,True,True,True,Eyes,0.7999997,0.02392158,-1.939469,0.9433717,-0.04605895,0.3285248,0.0,0.0,0.0,0.0,0.0,0.0,0.0,-2.128514,-0.1764355,0.06919217,0.9618543,0.01464531,-1.908169,0.04368199,0.5115256,-0.07271531,0.8550707,8.57442,61.43132,355.379,0.3519167,0.01320963,-0.9359378,0.08611387,0.003961185,0.0636554,2.307488,-0.06774311,-0.8637775,0.6345999,0.1987826,1.99417,0.4661082,-0.07966458,-0.8811338,0.1690424,0.9856088,0.0003108887,0.8684283,-0.1490939,0.472867,moving,70.79956,-7.980811,17.6525,5.692546,72.69445089237102,-3.419693142618056,54.87777945847525,55.79112169718802,53.694787423016095
05/18/2023 18:41:27.891104,4141,True,True,True,True,Eyes,0.8075839,0.02357966,-1.937767,0.9447857,-0.04771581,0.3241964,0.0,0.0,0.0,0.0,0.0,0.0,0.0,-2.133515,-0.1668956,0.04091585,0.9732449,0.01316395,-1.906314,0.04077946,0.5148906,-0.06779793,0.8535972,8.015182,61.89746,355.7288,0.3548706,0.01302938,-0.9348244,0.08094703,0.003723514,0.05983607,2.327657,-0.03905514,-0.8759151,0.6315146,0.1968217,1.994415,0.4605821,-0.07375032,-0.884548,0.1577382,0.9874809,-0.0001985809,0.8734889,-0.1394355,0.4664493,moving,71.06071,-8.372782,17.56995,5.636067,72.9453048587156,-3.7806136167311832,55.294748897905315,56.17031065933496,54.04197429622023
05/18/2023 18:41:27.900795,4142,True,True,True,True,Eyes,0.8152814,0.02337545,-1.935944,0.9461857,-0.04920859,0.3198612,0.0,0.0,0.0,0.0,0.0,0.0,0.0,-2.136942,-0.1713235,0.01518345,0.9836093,0.01596227,-1.904826,0.04722699,0.5181507,-0.07142565,0.8509923,8.881891,62.34513,355.7846,0.3578669,0.01285016,-0.933684,0.0,0.0,0.0,2.349374,-0.07136197,-0.8962141,0.6283298,0.1947971,1.994668,0.4528363,-0.07262396,-0.888631,0.1705068,0.9853359,0.006361085,0.8751381,-0.1543981,0.4585788,moving,71.32201,-8.746017,17.48467,5.577755,73.19593899540222,-4.123993084864538,55.710229065976606,56.549707417282335,54.39029030325602
05/18/2023 18:41:27.921146,4143,True,True,True,True,Eyes,0.8231145,0.02324387,-1.934128,0.9476062,-0.05008643,0.3154899,0.0,0.0,0.0,0.0,0.0,0.0,0.0,-2.138082,-0.182078,-0.01386452,0.9945641,0.01894589,-1.901373,0.04473913,0.5218594,-0.07116192,0.8488799,8.64022,62.83832,355.7004,0.3609067,0.01267848,-0.9325155,0.0,0.0,0.0,2.369729,-0.1012169,-0.91559,0.6252026,0.1928095,1.994916,0.4451976,-0.07412078,-0.8923594,0.1675109,0.9858688,0.001683269,0.8796245,-0.1502293,0.4513224,moving,71.58566,-9.020857,17.40088,5.520514,73.44687431750505,-4.375217484066768,56.10206639873474,56.91290697761413,54.734300407877214
05/18/2023 18:41:27.940839,4144,True,True,True,True,Eyes,0.831068,0.02311314,-1.932341,0.948999,-0.05079336,0.3111606,0.0,0.0,0.0,0.0,0.0,0.0,0.0,-2.141811,-0.178048,-0.0372386,1.005593,0.0204598,-1.899686,0.03994091,0.52437,-0.06609246,0.8479815,7.877301,63.18324,355.9359,0.3639905,0.01251697,-0.9313183,0.0,0.0,0.0,2.389134,-0.114608,-0.9323685,0.6220229,0.1907884,1.995168,0.4413357,-0.07020274,-0.8945917,0.153978,0.9880731,-0.001575503,0.8840325,-0.1370521,0.4468816,moving,71.84657,-9.271099,17.31564,5.462315,73.69478449532897,-4.60347999474716,56.48624447385661,57.27065708459664,55.07548863986934
05/18/2023 18:41:27.954685,4145,True,True,True,True,Eyes,0.8391295,0.02305237,-1.930551,0.9504254,-0.05148411,0.3066608,0.0,0.0,0.0,0.0,0.0,0.0,0.0,-2.144667,-0.1751985,-0.06489122,1.016048,0.02034412,-1.897824,0.03796375,0.5277853,-0.0634715,0.8461518,7.541533,63.65072,356.1051,0.3671173,0.01236463,-0.9300922,0.0,0.0,0.0,2.407905,-0.1100279,-0.9453523,0.6187208,0.1886896,1.99543,0.4348282,-0.06733961,-0.8979922,0.1474864,0.9890603,-0.002752445,0.8883537,-0.1312448,0.440003,moving,72.11738,-9.530293,17.22704,5.401877,73.9520909806414,-4.839895259053977,56.885139766238595,57.642218102383026,55.42943111328292
05/18/2023 18:41:27.971272,4146,True,True,True,True,Eyes,0.8473108,0.0230664,-1.928728,0.9518512,-0.05194534,0.3021272,0.0,0.0,0.0,0.0,0.0,0.0,0.0,-2.146309,-0.18262,-0.09383118,1.026625,0.02195965,-1.895878,0.0374853,0.5315403,-0.06401394,0.8437783,7.545331,64.15783,356.0565,0.3702861,0.01222383,-0.9288371,0.0,0.0,0.0,2.427181,-0.07576868,-0.9550757,0.6155202,0.1866552,1.995684,0.4267341,-0.06817725,-0.9018037,0.147877,0.9889941,-0.004793415,0.8922054,-0.1313105,0.4321194,moving,72.39004,-9.755597,17.14111,5.343298,74.21047079395188,-5.044545908389074,57.27495871989717,58.00706200537404,55.780946719649414
05/18/2023 18:41:27.990967,4147,True,True,True,True,Eyes,0.8555903,0.02304566,-1.926907,0.9533488,-0.05190127,0.297376,0.0,0.0,0.0,0.0,0.0,0.0,0.0,-2.14687,-0.1928352,-0.1280924,1.037689,0.02366073,-1.893484,0.03179437,0.5361658,-0.06231337,0.8412089,6.91011,64.77803,355.9136,0.3734967,0.01209695,-0.9275524,0.0,0.0,0.0,2.44436,-0.0489483,-0.9629813,0.612407,0.1846764,1.995931,0.4172865,-0.07074302,-0.9060174,0.1389312,0.9902123,-0.01332919,0.8980926,-0.120312,0.4230306,moving,72.67584,-9.900159,17.05747,5.286324,74.47954436870683,-5.173318317532463,57.654421750340966,58.36693192395857,56.13937246158109
05/18/2023 18:41:28.000839,4148,True,True,True,True,Eyes,0.8639396,0.02302224,-1.925113,0.9547955,-0.05237477,0.2926131,0.0,0.0,0.0,0.0,0.0,0.0,0.0,-2.148449,-0.1883993,-0.1620327,1.048235,0.02271088,-1.891631,0.02715305,0.5406606,-0.05816695,0.838788,6.225884,65.39543,356.0651,0.3767475,0.01198092,-0.9262383,0.0,0.0,0.0,2.463528,-0.05362888,-0.9780869,0.6090369,0.1825345,1.996198,0.4086055,-0.06821832,-0.9101581,0.1269407,0.9917586,-0.01734585,0.9038405,-0.1084485,0.4138977,moving,72.96144,-10.1479,16.96687,5.22466,74.75041187526438,-5.398674572123727,58.06640569587978,58.7519612360448,56.50827295548306
05/18/2023 18:41:28.021114,4149,True,True,True,True,Eyes,0.872368,0.0230455,-1.923311,0.9562685,-0.05290265,0.2876661,0.0,0.0,0.0,0.0,0.0,0.0,0.0,-2.149065,-0.185824,-0.1949962,1.057932,0.02276401,-1.889788,0.03054074,0.545235,-0.05862958,0.8356727,6.60235,66.02948,356.2664,0.3800357,0.01187448,-0.9248953,0.0,0.0,0.0,2.486544,-0.06557634,-1.001331,0.6059113,0.1805475,1.996446,0.3985628,-0.06468651,-0.9148571,0.131294,0.9912596,-0.01288968,0.9076946,-0.1149779,0.4035722,moving,73.25758,-10.42043,16.88278,5.167455,75.03157597529486,-5.646992932197697,58.49017211304157,59.14587692692267,56.88218864217938
05/18/2023 18:41:28.040408,4150,True,True,True,True,Eyes,0.8808695,0.02305909,-1.921531,0.957689,-0.05335578,0.282816,0.0,0.0,0.0,0.0,0.0,0.0,0.0,-2.148997,-0.1897718,-0.2255616,1.068189,0.02392811,-1.887718,0.03124714,0.5492412,-0.0590837,0.8329868,6.716649,66.58156,356.299,0.3833595,0.01177886,-0.9235238,0.0,0.0,0.0,2.513599,-0.06916559,-1.032388,0.602667,0.1784852,1.996703,0.3896863,-0.06410742,-0.9187137,0.1327563,0.9910655,-0.0128455,0.911329,-0.1169593,0.3947153,moving,73.54755,-10.68379,16.79545,5.108089,75.30681507511032,-5.886869091635753,58.908270189852296,59.53544277478472,57.25246262732492
05/18/2023 18:41:28.050750,4151,True,True,True,True,Eyes,0.8894325,0.02303155,-1.919777,0.9591321,-0.05383769,0.2777896,0.0,0.0,0.0,0.0,0.0,0.0,0.0,-2.149918,-0.1871235,-0.2529065,1.078306,0.02371261,-1.886219,0.02865575,0.5525579,-0.05656604,0.831059,6.323459,67.03986,356.4033,0.3867165,0.01169247,-0.9221243,0.0,0.0,0.0,2.540076,-0.06853335,-1.063735,0.599454,0.176443,1.996959,0.3829601,-0.06235152,-0.9216582,0.1256873,0.9919583,-0.01488279,0.9151745,-0.1101413,0.3877173,moving,73.84761,-10.96837,16.70889,5.049306,75.59186297440078,-6.146376945662909,59.341379051041415,59.937866352780865,57.63232361786276
05/18/2023 18:41:28.071021,4152,True,True,True,True,Eyes,0.8980478,0.02297481,-1.918057,0.9605111,-0.0546981,0.2728122,0.0,0.0,0.0,0.0,0.0,0.0,0.0,-2.150363,-0.1843379,-0.2831149,1.088275,0.0227254,-1.88503,0.02986415,0.5565,-0.05611052,0.8284127,6.426624,67.59027,356.5542,0.390104,0.0116124,-0.9206973,0.0,0.0,0.0,2.567069,-0.06332827,-1.09821,0.5963182,0.1744501,1.997207,0.3743188,-0.05972653,-0.9253746,0.1262041,0.9919195,-0.01297132,0.9186718,-0.1119307,0.3788319,moving,74.14396,-11.33733,16.62436,4.991947,75.87507349910625,-6.484952457514049,59.792555318390015,60.35201961252878,58.00961937286763
05/18/2023 18:41:28.090751,4153,True,True,True,True,Eyes,0.9067172,0.02295646,-1.91637,0.9618894,-0.05576079,0.2676927,0.0,0.0,0.0,0.0,0.0,0.0,0.0,-2.150438,-0.1814993,-0.3130778,1.098034,0.02205988,-1.883926,0.03333195,0.5604447,-0.05663877,0.8255804,6.806822,68.14832,356.7578,0.393519,0.0115366,-0.9192438,0.0,0.0,0.0,2.59331,-0.02394176,-1.127457,0.5930753,0.172389,1.997464,0.3653879,-0.0561583,-0.9291598,0.1308811,0.991362,-0.008449381,0.9216083,-0.1185222,0.3695817,moving,74.44817,-11.76654,16.5369,4.932628,76.16676407434953,-6.879744203749829,60.270866966596095,60.788591253666354,58.39893981163701
05/18/2023 18:41:28.101038,4154,True,True,True,True,Eyes,0.915458,0.02302664,-1.91471,0.9631912,-0.05685855,0.2627355,0.0,0.0,0.0,0.0,0.0,0.0,0.0,-2.150806,-0.1775045,-0.3408296,1.107947,0.02304856,-1.882966,0.03747573,0.5639366,-0.05674319,0.8230136,7.220327,68.65217,357.0456,0.396959,0.01146642,-0.9177644,0.0,0.0,0.0,2.617088,0.03481647,-1.154006,0.5897465,0.170273,1.997728,0.3575116,-0.05113296,-0.9325079,0.1356687,0.9907515,-0.002313045,0.9240019,-0.1256852,0.3611423,moving,74.74228,-12.21107,16.44705,4.871735,76.44933783428186,-7.289107242738535,60.74665478378973,61.2222233294478,58.780673654491714
05/18/2023 18:41:28.120524,4155,True,True,True,True,Eyes,0.924282,0.02319428,-1.913053,0.9644721,-0.05761045,0.2578267,0.0,0.0,0.0,0.0,0.0,0.0,0.0,-2.151532,-0.1735212,-0.364483,1.118277,0.02530279,-1.881719,0.03955068,0.5665359,-0.05557694,0.8212088,7.350073,69.02956,357.3146,0.4004218,0.01140542,-0.9162597,0.0,0.0,0.0,2.636252,0.07526117,-1.174677,0.5867599,0.1683745,1.997965,0.3518965,-0.04646679,-0.9348848,0.1360943,0.9906939,0.001986071,0.9260924,-0.1279314,0.3549456,moving,75.03342,-12.59563,16.36639,4.817105,76.72799325875917,-7.642404190342686,61.19659916368823,61.63410190172386,59.14846965501175
05/18/2023 18:41:28.141346,4156,True,True,True,True,Eyes,0.9331676,0.02338866,-1.911371,0.9656959,-0.05800075,0.2531154,0.0,0.0,0.0,0.0,0.0,0.0,0.0,-2.152184,-0.176537,-0.3836181,1.129067,0.02773703,-1.880069,0.03605669,0.5681939,-0.05364586,0.8203522,6.899079,69.2509,357.284,0.4039068,0.01135723,-0.9147294,0.0,0.0,0.0,2.652773,0.1017936,-1.189595,0.5834975,0.1663009,1.998224,0.3485557,-0.04704261,-0.9361069,0.1289914,0.9916441,-0.001804112,0.9283698,-0.1201209,0.3517112,moving,75.31277,-12.90636,16.27823,4.75744,76.99424615091246,-7.926863503335274,61.62050586818969,62.02681817248557,59.50888099342799
05/18/2023 18:41:28.150648,4157,True,True,True,True,Eyes,0.9420941,0.0235674,-1.909683,0.9669145,-0.05850176,0.2483019,0.0,0.0,0.0,0.0,0.0,0.0,0.0,-2.150969,-0.1937423,-0.4028265,1.139474,0.02843964,-1.878101,0.02943756,0.5699564,-0.05436001,0.8193461,6.327121,69.46973,356.7976,0.4074134,0.01132179,-0.9131735,0.0,0.0,0.0,2.668839,0.08417348,-1.202104,0.5802894,0.164262,1.998479,0.3443893,-0.05552308,-0.9371837,0.1226356,0.9923568,-0.01372657,0.9307828,-0.1102048,0.3485661,moving,75.59775,-13.25752,16.19148,4.698778,77.26652085334209,-8.249037867122503,62.060724723271676,62.43241586681004,59.87444076160862
05/18/2023 18:41:28.170797,4158,True,True,True,True,Eyes,0.9510513,0.02372175,-1.908009,0.9681191,-0.05927259,0.2433765,0.0,0.0,0.0,0.0,0.0,0.0,0.0,-2.147226,-0.2206484,-0.4273463,1.149325,0.0282025,-1.876205,0.02632333,0.5729177,-0.05926663,0.8170434,6.368607,69.86279,356.1526,0.4109392,0.01129705,-0.9115925,0.0,0.0,0.0,2.683441,0.01091868,-1.213272,0.5771262,0.1622511,1.99873,0.3365055,-0.0666846,-0.9393175,0.127009,0.9915891,-0.02489519,0.9330771,-0.1109244,0.3421448,moving,75.88876,-13.68751,16.10589,4.640929,77.54592707317471,-8.644861909999758,62.5293788679659,62.86008587058495,60.24689293444197
05/18/2023 18:41:28.190988,4159,True,True,True,True,Eyes,0.9600292,0.02387094,-1.906328,0.9693266,-0.0601723,0.2382966,0.0,0.0,0.0,0.0,0.0,0.0,0.0,-2.142436,-0.2411818,-0.4563307,1.15879,0.02783479,-1.874265,0.02584071,0.5767758,-0.06370539,0.8140047,6.635717,70.39268,355.7331,0.4144819,0.01128075,-0.9099874,0.0,0.0,0.0,2.691016,-0.090168,-1.22056,0.5739176,0.1602116,1.998984,0.3265427,-0.0739044,-0.9422886,0.1335216,0.9905478,-0.03141854,0.9357039,-0.1155564,0.333324,moving,76.18845,-14.17152,16.01902,4.582262,77.83445782194833,-9.091051910159257,63.024317892607336,63.309619066970505,60.63003092638352
05/18/2023 18:41:28.210716,4160,True,True,True,True,Eyes,0.9690307,0.02400761,-1.904661,0.9705287,-0.06109054,0.2331138,0.0,0.0,0.0,0.0,0.0,0.0,0.0,-2.139085,-0.2467989,-0.4843632,1.168209,0.02789538,-1.872354,0.02711543,0.5803676,-0.06507789,0.8112972,6.865299,70.89971,355.7185,0.4180389,0.01127176,-0.908359,0.0,0.0,0.0,2.695865,-0.1832322,-1.232785,0.5706421,0.1581295,1.999244,0.3178766,-0.07412118,-0.9452304,0.1370689,0.9900593,-0.03154087,0.9381719,-0.1195356,0.3248764,moving,76.49384,-14.68489,15.93028,4.522375,78.1288631413315,-9.564593439178443,63.53631897311825,63.77386944976396,61.02065889125776
05/18/2023 18:41:28.220658,4161,True,True,True,True,Eyes,0.9780511,0.02412922,-1.903006,0.9717394,-0.06203318,0.2277596,0.0,0.0,0.0,0.0,0.0,0.0,0.0,-2.136197,-0.2436969,-0.5139329,1.177634,0.02779927,-1.870629,0.0288278,0.5841759,-0.0644795,0.8085482,7.004774,71.44649,355.9217,0.4216076,0.01126872,-0.9067081,0.0,0.0,0.0,2.704848,-0.2079935,-1.237096,0.5676423,0.1562228,1.999482,0.309162,-0.07058855,-0.9483861,0.1379506,0.9900227,-0.02871741,0.9409509,-0.1219521,0.3158151,moving,76.80894,-15.23567,15.84896,4.467537,78.43303391876007,-10.072929786309118,64.06508821257682,64.25100374805504,61.414243893174365
05/18/2023 18:41:28.240905,4162,True,True,True,True,Eyes,0.9870955,0.02425468,-1.901377,0.9729471,-0.06289653,0.2223013,0.0,0.0,0.0,0.0,0.0,0.0,0.0,-2.133906,-0.2329522,-0.544022,1.187055,0.02761128,-1.869202,0.03194203,0.5880364,-0.06256867,0.8057781,7.184317,72.01244,356.3439,0.4251855,0.0112703,-0.9050357,0.0,0.0,0.0,2.721912,-0.1796411,-1.243364,0.5643952,0.1541589,1.999739,0.3005968,-0.06326677,-0.9516507,0.1383991,0.9901297,-0.02210895,0.9436564,-0.1250617,0.3063859,moving,77.12985,-15.798,15.76089,4.408185,78.74283993891098,-10.591944341453733,64.6098998895357,64.74357032453361,61.819257870286535
05/18/2023 18:41:28.250574,4163,True,True,True,True,Eyes,0.9961617,0.02435112,-1.899766,0.9741668,-0.06367876,0.216666,0.0,0.0,0.0,0.0,0.0,0.0,0.0,-2.131203,-0.2214144,-0.5747581,1.196538,0.02790285,-1.867864,0.03488533,0.5919841,-0.0602475,0.8029373,7.316633,72.59576,356.7954,0.4287706,0.01127615,-0.9033427,0.0,0.0,0.0,2.741381,-0.164989,-1.263162,0.5612044,0.1521309,1.999992,0.2918502,-0.0554468,-0.9548557,0.138053,0.9903066,-0.01530964,0.9464486,-0.1273526,0.2966758,moving,77.46085,-16.37821,15.67429,4.349869,79.06239065486612,-11.127464230675848,65.17079296482314,65.25028083131001,62.232380891769346
05/18/2023 18:41:28.270756,4164,True,True,True,True,Eyes,1.005236,0.02439237,-1.898176,0.9753715,-0.06446535,0.2109379,0.0,0.0,0.0,0.0,0.0,0.0,0.0,-2.127805,-0.2109785,-0.6061374,1.206076,0.02732342,-1.866575,0.03655425,0.596007,-0.05789304,0.8000549,7.325159,73.18757,357.1647,0.4323608,0.01128447,-0.9016297,0.0,0.0,0.0,2.758056,-0.1501303,-1.275419,0.5580181,0.1501054,2.000245,0.282848,-0.04906205,-0.9579092,0.1362084,0.9906244,-0.0105185,0.9494443,-0.1275001,0.2868788,moving,77.79691,-16.99383,15.58777,4.291632,79.38733572641692,-11.696013318613163,65.7498896736188,65.77225395037915,62.65048721039947
05/18/2023 18:41:28.290737,4165,True,True,True,True,Eyes,1.014312,0.0244016,-1.896606,0.976558,-0.0654299,0.205069,0.0,0.0,0.0,0.0,0.0,0.0,0.0,-2.124067,-0.2035033,-0.6357472,1.215269,0.02609664,-1.865393,0.03884727,0.5997776,-0.0566577,0.7972123,7.463993,73.74655,357.4718,0.435954,0.01129238,-0.8998979,0.0,0.0,0.0,2.772157,-0.1474114,-1.285188,0.5547963,0.1480576,2.000502,0.2741133,-0.04373699,-0.9607022,0.1369359,0.9905615,-0.006025009,0.9518983,-0.1299031,0.2775153,moving,78.14069,-17.69595,15.50021,4.232756,79.72113420990101,-12.345352793099238,66.36789797383098,66.32616977882626,63.078362974334006
05/18/2023 18:41:28.300874,4166,True,True,True,True,Eyes,1.023412,0.02439704,-1.895047,0.9777115,-0.06630867,0.1992069,0.0,0.0,0.0,0.0,0.0,0.0,0.0,-2.119525,-0.2046538,-0.6638812,1.224346,0.02539804,-1.864226,0.04172627,0.6033791,-0.05755755,0.7942792,7.801569,74.28262,357.6236,0.4395474,0.01129842,-0.8981481,0.0,0.0,0.0,2.782419,-0.1722317,-1.292717,0.5514755,0.1459469,2.000765,0.2652414,-0.04108002,-0.9633065,0.1417871,0.9898921,-0.003173433,0.9536998,-0.1357427,0.268385,moving,78.48373,-18.41071,15.40992,4.172084,80.05448578165817,-13.006540704523507,66.9946870487693,66.88815315015056,63.507465669450234
05/18/2023 18:41:28.320992,4167,True,True,True,True,Eyes,1.03252,0.02435017,-1.8935,0.978861,-0.06713966,0.1931925,0.0,0.0,0.0,0.0,0.0,0.0,0.0,-2.113966,-0.2115356,-0.6928029,1.233983,0.02508134,-1.862856,0.04196556,0.6070591,-0.05873934,0.7913709,7.916926,74.81522,357.5686,0.4431402,0.0113021,-0.8963808,0.0,0.0,0.0,2.79652,-0.1697417,-1.300018,0.5483136,0.1439372,2.001015,0.2560578,-0.04201806,-0.9657479,0.1439204,0.9895772,-0.00489587,0.9558878,-0.1377372,0.2594362,moving,78.83533,-19.16373,15.32391,4.114319,80.3965475931034,-13.70334539175662,67.64294520245848,67.46789849773481,63.940809680102035
05/18/2023 18:41:28.340584,4168,True,True,True,True,Eyes,1.041634,0.02425663,-1.891945,0.9799874,-0.06796465,0.1870976,0.0,0.0,0.0,0.0,0.0,0.0,0.0,-2.107582,-0.2177631,-0.7225181,1.243219,0.02400623,-1.861501,0.04079832,0.610927,-0.05945618,0.7883962,7.872971,75.36928,357.4599,0.4467305,0.01130167,-0.8945969,0.0,0.0,0.0,2.811146,-0.1598393,-1.30815,0.5451675,0.1419377,2.001265,0.2464662,-0.04390046,-0.9681566,0.1435996,0.9896009,-0.008316273,0.9584538,-0.1369773,0.2502073,moving,79.19125,-19.96394,15.23827,4.05685,80.7435403426818,-14.444222723613208,68.31531309380424,68.06783480170537,64.37805683736939
05/18/2023 18:41:28.350597,4169,True,True,True,True,Eyes,1.050756,0.02410755,-1.890384,0.981097,-0.0689309,0.1808238,0.0,0.0,0.0,0.0,0.0,0.0,0.0,-2.099565,-0.2276548,-0.7538385,1.252451,0.0227977,-1.85987,0.04112782,0.6151278,-0.06154215,0.7849452,8.063976,75.98074,357.3362,0.4503174,0.01129538,-0.8927969,0.0,0.0,0.0,2.824321,-0.1677245,-1.316995,0.5418348,0.139819,2.001529,0.2356606,-0.0460167,-0.9707454,0.1472122,0.9890422,-0.01114641,0.960621,-0.1402788,0.2398525,moving,79.55714,-20.86709,15.14751,3.995967,81.10179850841763,-15.28122736579233,69.04181370823154,68.71374240476301,64.83078088992757
05/18/2023 18:41:28.371322,4170,True,True,True,True,Eyes,1.059871,0.02390561,-1.888806,0.9821682,-0.06994923,0.1745071,0.0,0.0,0.0,0.0,0.0,0.0,0.0,-2.090848,-0.2399341,-0.7845452,1.261685,0.02133886,-1.858069,0.04126962,0.6192265,-0.06417099,0.7814969,8.27804,76.57754,357.1509,0.4538995,0.01128124,-0.8909812,0.0,0.0,0.0,2.837225,-0.1742228,-1.325191,0.5386785,0.1378129,2.001779,0.2248813,-0.0491884,-0.9731438,0.1514094,0.9883578,-0.0149686,0.9625506,-0.1439769,0.2297108,moving,79.92509,-21.84284,15.06149,3.938326,81.46336950554736,-16.18614106775496,69.7993920122486,69.38446351043139,65.28146204037702
05/18/2023 18:41:28.390884,4171,True,True,True,True,Eyes,1.068994,0.02366032,-1.887215,0.9832196,-0.07111332,0.1679945,0.0,0.0,0.0,0.0,0.0,0.0,0.0,-2.08155,-0.2518639,-0.8151692,1.270653,0.01988026,-1.856295,0.04225511,0.6233652,-0.06695767,0.777912,8.581709,77.18855,357.0149,0.457476,0.01125761,-0.8891505,0.0,0.0,0.0,2.849622,-0.1880525,-1.334167,0.5355902,0.1358499,2.002025,0.2138652,-0.05149361,-0.9755049,0.1568551,0.9874623,-0.01773663,0.9641878,-0.1492197,0.2192609,moving,80.30398,-22.9433,14.97728,3.881925,81.837527558345,-17.20753737925442,70.6199010845429,70.10747554297735,65.74216709905107
05/18/2023 18:41:28.400744,4172,True,True,True,True,Eyes,1.078131,0.02336453,-1.885603,0.9842326,-0.07252817,0.1613252,0.0,0.0,0.0,0.0,0.0,0.0,0.0,-2.07156,-0.2608927,-0.8471196,1.279922,0.01863155,-1.854317,0.04331889,0.6276614,-0.06898212,0.7742131,8.839725,77.8288,356.9582,0.4610458,0.01122347,-0.8873051,0.0,0.0,0.0,2.861965,-0.2018505,-1.344,0.5323331,0.1337797,2.002283,0.2025652,-0.05243455,-0.9778638,0.1611929,0.9867299,-0.01951873,0.965911,-0.153671,0.2083292,moving,80.69144,-24.2076,14.88842,3.822453,82.22281538975086,-18.382097648723903,71.52427079183128,70.90107807371513,66.21708288371431
05/18/2023 18:41:28.421038,4173,True,True,True,True,Eyes,1.087276,0.02300429,-1.883985,0.9852298,-0.07396206,0.1544402,0.0,0.0,0.0,0.0,0.0,0.0,0.0,-2.061128,-0.2647519,-0.8807689,1.289366,0.01712,-1.852387,0.04349753,0.632171,-0.06955894,0.7704736,8.915269,78.5014,356.9717,0.4646089,0.01117754,-0.8854452,0.0,0.0,0.0,2.875948,-0.1981334,-1.351069,0.5291288,0.1317429,2.002537,0.1910429,-0.0521909,-0.9801933,0.1621824,0.9865391,-0.02091889,0.9680908,-0.1549737,0.1969356,moving,81.09106,-25.58995,14.80096,3.763952,82.62169920920026,-19.66687859788565,72.4984752986958,71.75413917948683,66.70278705230514
05/18/2023 18:41:28.440588,4174,True,True,True,True,Eyes,1.096428,0.02262489,-1.882364,0.9861658,-0.075752,0.1474406,0.0,0.0,0.0,0.0,0.0,0.0,0.0,-2.050115,-0.2662453,-0.9149829,1.298626,0.01523818,-1.85051,0.04444656,0.6367954,-0.06987588,0.7665726,9.040716,79.20125,357.0675,0.4681647,0.01111809,-0.883571,0.0,0.0,0.0,2.889875,-0.1923023,-1.357913,0.5259704,0.1297353,2.002788,0.179218,-0.05052314,-0.9825113,0.1637366,0.9862837,-0.02085025,0.9700883,-0.1571363,0.1850323,moving,81.49675,-27.19318,14.71469,3.706291,83.03047814201496,-21.15827223576585,73.58410729174773,72.70002348259641,67.19532469939492
05/18/2023 18:41:28.450646,4175,True,True,True,True,Eyes,1.105606,0.02224218,-1.880725,0.9870766,-0.07747707,0.1402744,0.0,0.0,0.0,0.0,0.0,0.0,0.0,-2.038531,-0.2718133,-0.9479183,1.30788,0.01447225,-1.848589,0.0475698,0.6412703,-0.07143988,0.7624997,9.448934,79.89814,357.2146,0.471712,0.01104561,-0.8816832,0.0,0.0,0.0,2.901875,-0.2037016,-1.365654,0.5226369,0.1276164,2.003052,0.1673374,-0.04793558,-0.9847338,0.169956,0.9852669,-0.01908061,0.9711402,-0.1641685,0.173019,moving,81.9118,-28.91298,14.6236,3.645444,83.45021570977194,-22.75856532052845,74.75127311694281,73.71753345208438,67.70107281412793
05/18/2023 18:41:28.470757,4176,True,True,True,True,Eyes,1.11481,0.021824,-1.879079,0.9879497,-0.07903456,0.1330744,0.0,0.0,0.0,0.0,0.0,0.0,0.0,-2.026991,-0.274876,-0.9804876,1.317641,0.01401484,-1.846411,0.04751354,0.6455276,-0.07149068,0.7588977,9.463209,80.54289,357.2593,0.4752513,0.01096131,-0.8797815,0.0,0.0,0.0,2.91523,-0.2110867,-1.375066,0.5195922,0.1256813,2.003293,0.1563663,-0.04716562,-0.9865724,0.1698508,0.985263,-0.02018258,0.9729853,-0.1644143,0.162073,moving,82.32858,-30.7066,14.54035,3.589882,83.87298204089286,-24.42791698380622,75.97034160848051,74.77974943535727,68.2001865903005
05/18/2023 18:41:28.490877,4177,True,True,True,True,Eyes,1.124033,0.02137009,-1.877412,0.9887886,-0.08059681,0.1257033,0.0,0.0,0.0,0.0,0.0,0.0,0.0,-2.015279,-0.275695,-1.012635,1.327355,0.01271878,-1.844113,0.04541701,0.6496559,-0.07074039,0.7555662,9.238528,81.15491,357.2191,0.4787829,0.01086476,-0.8778659,0.0,0.0,0.0,2.930733,-0.2024962,-1.384511,0.516353,0.1236225,2.00355,0.145886,-0.04788724,-0.9881418,0.165909,0.9858662,-0.0232827,0.9752906,-0.1605449,0.151769,moving,82.75494,-32.66665,14.45173,3.530772,84.3078689445276,-26.252833816505916,77.30188778904552,75.94039322830868,68.71365548160453
05/18/2023 18:41:28.501046,4178,True,True,True,True,Eyes,1.133294,0.02088899,-1.875719,0.9895654,-0.08209095,0.1184121,0.0,0.0,0.0,0.0,0.0,0.0,0.0,-2.002169,-0.2808975,-1.045241,1.337,0.01142177,-1.84185,0.04560541,0.6539662,-0.07154723,0.7517506,9.331526,81.81438,357.2163,0.4823063,0.01075561,-0.8759364,0.0,0.0,0.0,2.944746,-0.2042889,-1.396309,0.5130736,0.1215381,2.00381,0.1344181,-0.04792256,-0.9897652,0.1672202,0.9856023,-0.02501117,0.9767134,-0.1621467,0.1404964,moving,83.17639,-34.73222,14.36197,3.470936,84.74020608706839,-28.176633581470288,78.70772216432601,77.16647442472112,69.22280441737173
05/18/2023 18:41:28.520899,4179,True,True,True,True,Eyes,1.142577,0.02040618,-1.874002,0.9903057,-0.08349533,0.1110095,0.0,0.0,0.0,0.0,0.0,0.0,0.0,-1.989576,-0.2799995,-1.077676,1.347087,0.01026942,-1.839416,0.04493416,0.6580837,-0.0707467,0.7482659,9.227786,82.44282,357.2862,0.4858224,0.01063394,-0.8739926,0.0,0.0,0.0,2.960151,-0.2069242,-1.40984,0.5099792,0.119571,2.004056,0.1238417,-0.04673382,-0.9912009,0.1650155,0.9859517,-0.0258691,0.9784851,-0.1603599,0.1298137,moving,83.60406,-36.94851,14.27723,3.414478,85.18123154709961,-30.24137030972768,80.22082122577058,78.48626351686327,69.73287254059488
05/18/2023 18:41:28.541121,4180,True,True,True,True,Eyes,1.151898,0.01998306,-1.872257,0.9909788,-0.08492341,0.1036777,0.0,0.0,0.0,0.0,0.0,0.0,0.0,-1.97735,-0.281059,-1.107718,1.356873,0.009742856,-1.837048,0.04466719,0.6618572,-0.07039186,0.7449799,9.191283,83.02367,357.3434,0.4893312,0.01050098,-0.8720345,0.0,0.0,0.0,2.975988,-0.1875629,-1.419789,0.506876,0.1175985,2.004302,0.11398,-0.04575442,-0.9924291,0.1640076,0.9860997,-0.02662641,0.9798522,-0.159731,0.1198997,moving,84.02736,-39.32123,14.1922,3.357869,85.62118750143222,-32.452631204892896,81.84408997403173,79.90301734230312,70.23885692042516
05/18/2023 18:41:28.550671,4181,True,True,True,True,Eyes,1.161271,0.01961329,-1.870483,0.9916279,-0.08611525,0.09622022,0.0,0.0,0.0,0.0,0.0,0.0,0.0,-1.963103,-0.2894904,-1.138788,1.367058,0.01076317,-1.834516,0.04487758,0.6658841,-0.07141855,0.7412718,9.302444,83.64874,357.3217,0.4928337,0.01036062,-0.8700615,0.0,0.0,0.0,2.985608,-0.2163066,-1.432328,0.5035698,0.1154971,2.004565,0.1029954,-0.04611456,-0.9936124,0.1656476,0.9857708,-0.02857997,0.980792,-0.1616459,0.1091686,moving,84.45779,-41.82793,14.10156,3.297567,86.0703583952545,-34.78913898665796,83.58414669846137,81.42545741579175,70.75575474020853
05/18/2023 18:41:28.570734,4182,True,True,True,True,Eyes,1.170674,0.01919888,-1.868717,0.9922249,-0.0871293,0.08887205,0.0,0.0,0.0,0.0,0.0,0.0,0.0,-1.94915,-0.2907634,-1.170644,1.377616,0.01162797,-1.831986,0.04245633,0.6698749,-0.07035536,0.7379129,9.027974,84.25096,357.2751,0.4963306,0.01021609,-0.8680732,0.0,0.0,0.0,2.999846,-0.2074361,-1.44292,0.5004212,0.1134955,2.004815,0.09263557,-0.04695138,-0.9945925,0.1607131,0.9864952,-0.03160043,0.9826444,-0.1569167,0.09893024,moving,84.88177,-44.43268,14.01519,3.240138,86.51540123706083,-37.21757276648503,85.40942416945289,83.02473721658502,71.26129671460342
05/18/2023 18:41:28.590442,4183,True,True,True,True,Eyes,1.180083,0.01885484,-1.866928,0.9927541,-0.08839799,0.08139549,0.0,0.0,0.0,0.0,0.0,0.0,0.0,-1.935891,-0.2850146,-1.201807,1.38764,0.01008837,-1.829645,0.03906369,0.6737046,-0.06816396,0.7348129,8.583683,84.82473,357.2442,0.4998215,0.01006579,-0.8660697,0.0,0.0,0.0,3.014764,-0.1790866,-1.448686,0.4972673,0.1114912,2.005064,0.08295167,-0.04754074,-0.995419,0.1528103,0.9876554,-0.03443573,0.984768,-0.1492537,0.08919239,moving,85.31283,-47.36161,13.92865,3.182643,86.97326288454549,-39.94928864023196,87.46669460772145,84.82852703230648,71.77524177470531
05/18/2023 18:41:28.600995,4184,True,True,True,True,Eyes,1.189583,0.01866996,-1.865255,0.9930964,-0.09153605,0.07335445,0.0,0.0,0.0,0.0,0.0,0.0,0.0,-1.920211,-0.3020458,-1.229844,1.397176,0.01149413,-1.827218,0.04080258,0.6774536,-0.071368,0.7309573,8.994919,85.42496,357.1535,0.5033055,0.009913574,-0.8640514,0.0,0.0,0.0,3.028411,-0.1679108,-1.459355,0.493968,0.1093941,2.005326,0.07192662,-0.04905023,-0.9962032,0.1596176,0.9864835,-0.03704712,0.9845552,-0.1563469,0.07878371,moving,85.77555,-51.29228,13.83806,3.122491,87.47985038955532,-43.61794450354404,90.19961070028263,87.2225980055637,72.33333672102431
05/18/2023 18:41:28.621557,4185,True,True,True,True,Eyes,1.199129,0.01865221,-1.863552,0.9934088,-0.09422545,0.06527378,0.0,0.0,0.0,0.0,0.0,0.0,0.0,-1.902741,-0.3194163,-1.261433,1.408785,0.01553589,-1.824485,0.03771646,0.6814733,-0.07314408,0.7272014,8.890488,86.03341,356.8102,0.506782,0.009766786,-0.8620186,0.0,0.0,0.0,3.041287,-0.1687136,-1.472256,0.4907004,0.107317,2.005586,0.06048855,-0.05497544,-0.9966539,0.1577865,0.9864548,-0.04483654,0.9856189,-0.1545464,0.0683436,moving,86.24068,-55.28809,13.74829,3.062922,87.98993366678451,-47.347518584899184,93.05905226970799,89.73869942399129,72.89045683765939
05/18/2023 18:41:28.640555,4186,True,True,True,True,Eyes,1.208748,0.01869903,-1.861724,0.9936761,-0.09669512,0.05707722,0.0,0.0,0.0,0.0,0.0,0.0,0.0,-1.88841,-0.3209759,-1.290628,1.419426,0.0194549,-1.822002,0.03313344,0.6849743,-0.07134584,0.724308,8.380006,86.5564,356.6413,0.5102516,0.00963246,-0.859971,0.0,0.0,0.0,3.05728,-0.1477607,-1.488273,0.4877468,0.1054395,2.00582,0.0514399,-0.05796161,-0.9969926,0.1487438,0.9876239,-0.0497425,0.987537,-0.1457378,0.05942469,moving,86.71252,-59.44749,13.66712,3.009085,88.50940883763572,-51.230065196310576,96.10647336101052,92.42972255975904,73.44492311007197
05/18/2023 18:41:28.650838,4187,True,True,True,True,Eyes,1.218389,0.01872336,-1.859881,0.9939029,-0.09883834,0.04886859,0.0,0.0,0.0,0.0,0.0,0.0,0.0,-1.87053,-0.3283442,-1.323373,1.430773,0.0209318,-1.819467,0.03052564,0.6891072,-0.07167529,0.7204597,8.208103,87.19713,356.4545,0.5137181,0.009512274,-0.857906,0.0,0.0,0.0,3.072377,-0.1255429,-1.503801,0.4842023,0.1031867,2.006101,0.03998782,-0.06120744,-0.9973238,0.1453492,0.9878617,-0.05479894,0.988572,-0.1427689,0.04839889,moving,87.18513,-63.69085,13.56965,2.944496,89.03121288957236,-55.191183769447,99.29505643369218,95.25862027130445,74.01324679844446
05/18/2023 18:41:28.670746,4188,True,True,True,True,Eyes,1.228041,0.01875607,-1.858054,0.9940186,-0.1013604,0.04065841,0.0,0.0,0.0,0.0,0.0,0.0,0.0,-1.857617,-0.3222821,-1.350679,1.440925,0.02036475,-1.817212,0.02823584,0.6922421,-0.06968848,0.7177377,7.87512,87.68529,356.4727,0.5171807,0.009403784,-0.8558243,0.0,0.0,0.0,3.084172,-0.1386404,-1.521644,0.4812252,0.1012942,2.006337,0.03188886,-0.06094403,-0.9976318,0.1391281,0.9886925,-0.05595076,0.9897609,-0.1370144,0.04000729,moving,87.65773,-68.14294,13.48775,2.890245,89.55701371940528,-59.347681382767526,102.6980978618622,98.28576887443684,74.56870486670263
05/18/2023 18:41:28.690806,4189,True,True,True,True,Eyes,1.237719,0.01882478,-1.856224,0.9940494,-0.1039967,0.03240838,0.0,0.0,0.0,0.0,0.0,0.0,0.0,-1.842458,-0.3385279,-1.37515,1.450882,0.02075318,-1.815159,0.03130354,0.6953386,-0.07310224,0.7142692,8.417196,88.20137,356.4707,0.5206376,0.009306183,-0.8537269,0.0,0.0,0.0,3.096323,-0.1430151,-1.536159,0.4780562,0.09928002,2.006589,0.02232075,-0.06089622,-0.9978945,0.1479625,0.9873524,-0.05694329,0.9887411,-0.1463799,0.03104877,moving,88.13268,-72.69145,13.40052,2.832514,90.08685476358146,-63.59437779633883,106.24859940977525,101.45602935850874,75.13150916437164
05/18/2023 18:41:28.706629,4190,True,True,True,True,Eyes,1.247411,0.01888901,-1.854482,0.9940198,-0.1064961,0.02415048,0.0,0.0,0.0,0.0,0.0,0.0,0.0,-1.826151,-0.3537409,-1.40113,1.461203,0.02172882,-1.813156,0.03196877,0.698611,-0.0757911,0.7107579,8.704651,88.73389,356.3417,0.5240885,0.009219967,-0.8516137,0.0,0.0,0.0,3.108971,-0.1304961,-1.547186,0.4748068,0.0972146,2.006847,0.01239693,-0.06307075,-0.9979321,0.1524056,0.9864674,-0.06045287,0.9882403,-0.1513411,0.02184149,moving,88.60823,-77.22294,13.31104,2.773324,90.61692820799531,-67.82512913996527,109.85931492528887,104.69165170816125,75.69595444326887
05/18/2023 18:41:28.721061,4191,True,True,True,True,Eyes,1.25711,0.01902927,-1.852741,0.993893,-0.1092064,0.01583481,0.0,0.0,0.0,0.0,0.0,0.0,0.0,-1.811668,-0.3567924,-1.427309,1.471267,0.02178159,-1.811506,0.03122605,0.701762,-0.07586949,0.7076715,8.666349,89.24014,356.314,0.5275302,0.009143753,-0.8494869,0.0,0.0,0.0,3.120733,-0.1356147,-1.562443,0.471731,0.09525948,2.00709,0.003547862,-0.06355485,-0.9979721,0.1512078,0.9865375,-0.06228908,0.9884956,-0.1506802,0.01311017,moving,89.08723,-81.74967,13.22631,2.717304,91.15012489157932,-72.05134597075994,113.53214910307598,107.9929254428601,76.26000068128418
05/18/2023 18:41:28.740876,4192,True,True,True,True,Eyes,1.266855,0.01921476,-1.850976,0.9937409,-0.1114525,0.007575333,0.0,0.0,0.0,0.0,0.0,0.0,0.0,-1.7938,-0.3762667,-1.452675,1.481188,0.02381489,-1.809717,0.03285339,0.7051485,-0.07932866,0.7038419,9.098032,89.80429,356.206,0.5309616,0.009079918,-0.847347,0.0,0.0,0.0,3.131353,-0.1498444,-1.578015,0.4683633,0.0931189,2.007357,-0.007054579,-0.06533664,-0.9978384,0.1580027,0.9852552,-0.06562977,0.9874135,-0.1581241,0.003372832,moving,89.56324,-86.11163,13.13348,2.655979,91.67737320775122,-76.12340058670932,117.1375115888778,111.24447765303886,76.82605900960229
05/18/2023 18:41:28.750454,4193,True,True,True,True,Eyes,1.276592,0.01938921,-1.84923,0.9935459,-0.1134283,-0.0007113575,0.0,0.0,0.0,0.0,0.0,0.0,0.0,-1.778653,-0.3768849,-1.480107,1.491963,0.02498692,-1.808255,0.02913414,0.7083147,-0.07833897,0.7009313,8.732374,90.29661,356.0232,0.5343838,0.009029206,-0.8451935,0.0,0.0,0.0,3.141627,-0.1628446,-1.591873,0.4651232,0.09105946,2.007614,-0.01569322,-0.06854817,-0.9975244,0.1510927,0.9860284,-0.07013521,0.988395,-0.1518193,-0.005116872,moving,-89.95898,89.64068,13.04413,2.596988,-78.96868936509496,84.27728855217674,134.85638652530685,123.03670357176966,77.38922863452078
05/18/2023 18:41:28.770707,4194,True,True,True,True,Eyes,1.286321,0.01960681,-1.847467,0.9932443,-0.1156876,-0.009053444,0.0,0.0,0.0,0.0,0.0,0.0,0.0,-1.762977,-0.375804,-1.506908,1.501501,0.02485196,-1.806921,0.02621796,0.7115902,-0.07742988,0.6978229,8.440813,90.81651,355.8983,0.5377948,0.008989772,-0.8430277,0.0,0.0,0.0,3.152438,-0.1647943,-1.600767,0.4619896,0.0890677,2.007863,-0.02471194,-0.07075177,-0.9971879,0.1453775,0.9866344,-0.07360569,0.9890677,-0.1467877,-0.01409586,moving,-89.47776,85.52528,12.95767,2.539944,-78.44131869833424,80.43614226532148,131.83164760526128,120.08993646125602,77.95397412721998
05/18/2023 18:41:28.791462,4195,True,True,True,True,Eyes,1.29607,0.01985858,-1.845726,0.9928886,-0.1177536,-0.01750692,0.0,0.0,0.0,0.0,0.0,0.0,0.0,-1.741466,-0.4035481,-1.532212,1.511009,0.02615564,-1.805379,0.02762848,0.7152231,-0.08278038,0.6934264,9.017116,91.42812,355.6284,0.5411935,0.008962375,-0.8408501,0.0,0.0,0.0,3.164468,-0.1487794,-1.603387,0.4587501,0.08700865,2.008121,-0.03679322,-0.07528313,-0.9964833,0.1543252,0.9847682,-0.08009624,0.9873348,-0.1567295,-0.02461476,moving,-88.98985,81.54355,12.86825,2.480983,-77.9102799999899,76.7202690760811,128.94170014483092,117.26983033178344,78.52691449588667
05/18/2023 18:41:28.800982,4196,True,True,True,True,Eyes,1.305803,0.02010968,-1.844067,0.9924873,-0.1195598,-0.02596793,0.0,0.0,0.0,0.0,0.0,0.0,0.0,-1.72108,-0.4066085,-1.562713,1.52125,0.0271995,-1.804044,0.02529032,0.7192281,-0.08255284,0.6893883,8.836675,92.07962,355.5049,0.5445793,0.008947275,-0.8386614,0.0,0.0,0.0,3.176169,-0.1338158,-1.606226,0.455628,0.08502407,2.008368,-0.04820811,-0.07744291,-0.9958306,0.150201,0.9850909,-0.08387894,0.9874794,-0.1536184,-0.03585744,moving,-88.50123,77.7459,12.78204,2.424164,-77.38211274212709,73.17671766276796,126.22069836578545,114.61020150714545,79.09629122899796
05/18/2023 18:41:28.820944,4197,True,True,True,True,Eyes,1.315524,0.02035908,-1.842433,0.9919961,-0.1214619,-0.03450718,0.0,0.0,0.0,0.0,0.0,0.0,0.0,-1.705448,-0.3972402,-1.590073,1.530692,0.02746435,-1.803028,0.02505006,0.7226605,-0.08004479,0.6860957,8.63063,92.65116,355.729,0.5479491,0.008943137,-0.8364636,0.0,0.0,0.0,3.186289,-0.1425139,-1.615948,0.4523698,0.08295305,2.008627,-0.05729051,-0.07363138,-0.9956386,0.1460421,0.9859306,-0.08131693,0.9876181,-0.1500639,-0.04573121,moving,-88.00774,74.14021,12.69203,2.36488,-76.85309201220741,69.81295922486588,123.66139929121698,112.10518394483324,79.67399186104193
05/18/2023 18:41:28.840793,4198,True,True,True,True,Eyes,1.325215,0.02059984,-1.840887,0.991419,-0.123435,-0.0430367,0.0,0.0,0.0,0.0,0.0,0.0,0.0,-1.686413,-0.4044474,-1.61619,1.540164,0.02771136,-1.801879,0.02687161,0.7262124,-0.08119215,0.68213,8.892749,93.26172,355.836,0.5513015,0.008948736,-0.8342578,0.0,0.0,0.0,3.196015,-0.1572939,-1.630537,0.4492607,0.08097702,2.008873,-0.06795333,-0.07173821,-0.9951061,0.1497962,0.9853715,-0.08126564,0.986379,-0.1545854,-0.05621311,moving,-87.5144,70.77844,12.6061,2.308325,-76.32889253458887,66.67751527395858,121.29415141862046,109.78536129034902,80.24774165286344
05/18/2023 18:41:28.850811,4199,True,True,True,True,Eyes,1.334872,0.02082149,-1.839365,0.9907398,-0.125582,-0.05161142,0.0,0.0,0.0,0.0,0.0,0.0,0.0,-1.668287,-0.4138322,-1.64025,1.549314,0.02784114,-1.80103,0.02790188,0.7294388,-0.08278211,0.6784453,9.127312,93.81651,355.8401,0.5546334,0.008962645,-0.8320463,0.0,0.0,0.0,3.205681,-0.1672522,-1.643614,0.4459171,0.07885162,2.009138,-0.07786741,-0.07162084,-0.994388,0.1530317,0.9847373,-0.08290917,0.9851488,-0.1586287,-0.0657186,moving,-87.01794,67.65842,12.51364,2.247505,-75.80642578265896,63.76842947208208,119.10131493158933,107.63483714742561,80.83072570800041
05/18/2023 18:41:28.871022,4200,True,True,True,True,Eyes,1.344495,0.02103539,-1.837843,0.9899651,-0.1279001,-0.06008795,0.0,0.0,0.0,0.0,0.0,0.0,0.0,-1.648649,-0.4276961,-1.663675,1.558199,0.02766006,-1.800009,0.02944527,0.732716,-0.08539353,0.6745133,9.489152,94.38895,355.8109,0.557943,0.008983145,-0.8298304,0.0,0.0,0.0,3.215859,-0.1724183,-1.658161,0.4427724,0.07685279,2.009387,-0.08832953,-0.07204809,-0.9934822,0.1583482,0.9836819,-0.08541594,0.9834245,-0.1648609,-0.07547956,moving,-86.52658,64.83569,12.42665,2.190317,-75.29441684542039,61.1375010821735,117.11611539725021,105.68706675708414,81.40386715435496
05/18/2023 18:41:28.891027,4201,True,True,True,True,Eyes,1.354089,0.02124185,-1.83634,0.9891046,-0.1302748,-0.06856058,0.0,0.0,0.0,0.0,0.0,0.0,0.0,-1.627503,-0.4481355,-1.685983,1.567,0.02774524,-1.798853,0.03137293,0.735966,-0.08932731,0.670366,9.994079,94.96655,355.7149,0.5612299,0.009009201,-0.8276106,0.0,0.0,0.0,3.225969,-0.1774226,-1.673494,0.4396163,0.07484663,2.009638,-0.09925042,-0.07358516,-0.9923379,0.1659428,0.9820728,-0.08942102,0.9811281,-0.1735464,-0.08526015,moving,-86.03484,62.24322,12.3393,2.132929,-74.78647315142186,58.72211305971497,115.28537853884282,103.89050052712867,81.9774250810016
05/18/2023 18:41:28.901059,4202,True,True,True,True,Eyes,1.363653,0.02145173,-1.834859,0.9882098,-0.1324036,-0.07688115,0.0,0.0,0.0,0.0,0.0,0.0,0.0,-1.609599,-0.4579914,-1.707497,1.575896,0.02780608,-1.797746,0.03205358,0.7388104,-0.09097966,0.6669742,10.2062,95.46534,355.6879,0.5644926,0.009039886,-0.8253883,0.0,0.0,0.0,3.236264,-0.1800628,-1.689559,0.4365707,0.07291084,2.00988,-0.1082362,-0.07399912,-0.9913673,0.1687252,0.9813905,-0.09167562,0.9797024,-0.1771913,-0.09373651,moving,-85.55144,59.85809,12.25498,2.077564,-74.29027981273533,56.50061183016943,113.59878950962936,102.2347794597258,82.53875443306829
05/18/2023 18:41:28.920699,4203,True,True,True,True,Eyes,1.373203,0.02165466,-1.833408,0.9872629,-0.1343731,-0.08518027,0.0,0.0,0.0,0.0,0.0,0.0,0.0,-1.593849,-0.4635822,-1.727912,1.584754,0.02809645,-1.796859,0.03232594,0.741354,-0.09167776,0.6640366,10.30351,95.90974,355.6968,0.5677303,0.009074845,-0.8231643,0.0,0.0,0.0,3.24682,-0.1800146,-1.705792,0.4333777,0.07088126,2.010134,-0.1160212,-0.07382484,-0.9904995,0.1696847,0.9811004,-0.09300014,0.9786453,-0.1788626,-0.1013015,moving,-85.06878,57.62903,12.16654,2.019525,-73.79777138885703,54.42518081096479,112.0139478004745,100.67877429497084,83.10216372653761
05/18/2023 18:41:28.940719,4204,True,True,True,True,Eyes,1.382735,0.02183797,-1.831972,0.9863156,-0.1359262,-0.09330386,0.0,0.0,0.0,0.0,0.0,0.0,0.0,-1.577977,-0.4625429,-1.750272,1.59398,0.02811597,-1.796064,0.03146615,0.74405,-0.0910043,0.6611487,10.19688,96.37029,355.7166,0.5709424,0.0091133,-0.8209392,0.0,0.0,0.0,3.256275,-0.185724,-1.721088,0.4300973,0.06879615,2.010393,-0.1237846,-0.07350998,-0.9895825,0.1671595,0.9814562,-0.0938159,0.9781283,-0.1770311,-0.1092012,moving,-84.59599,55.53311,12.07565,1.959911,-73.31701482444298,52.47414768104528,110.52372429204148,99.21489461410683,83.65640493931255
05/18/2023 18:41:28.950555,4205,True,True,True,True,Eyes,1.392256,0.02201747,-1.830569,0.9853244,-0.1373485,-0.1013476,0.0,0.0,0.0,0.0,0.0,0.0,0.0,-1.564471,-0.4576607,-1.771089,1.603023,0.02777892,-1.795362,0.03117117,0.7464173,-0.08963235,0.6586773,10.07108,96.77898,355.833,0.5741289,0.009154006,-0.8187135,0.0,0.0,0.0,3.264595,-0.1989867,-1.736036,0.4268896,0.06675743,2.010648,-0.1303456,-0.07154418,-0.988884,0.164611,0.9819888,-0.0927428,0.9777083,-0.1748698,-0.116221,moving,-84.12738,53.5769,11.98673,1.901633,-72.84283446083313,50.65379245902228,109.12495296958157,97.840830222012,84.20408718459544
05/18/2023 18:41:28.970868,4206,True,True,True,True,Eyes,1.401771,0.02218093,-1.829211,0.9843313,-0.1384128,-0.1092419,0.0,0.0,0.0,0.0,0.0,0.0,0.0,-1.551731,-0.4554832,-1.790477,1.612285,0.02785265,-1.794688,0.03085404,0.7485141,-0.08876,0.6564269,9.984576,97.14229,355.9044,0.577289,0.009196525,-0.8164877,0.0,0.0,0.0,3.27398,-0.2056559,-1.750637,0.4236767,0.06471522,2.010902,-0.1363036,-0.07033954,-0.9881669,0.1627183,0.9823394,-0.0923694,0.9772124,-0.1733831,-0.1224508,moving,-83.66718,51.71783,11.89763,1.843267,-72.37835463895203,48.924171251236295,107.79659059904013,96.53524295291827,84.74237460690907
05/18/2023 18:41:28.990789,4207,True,True,True,True,Eyes,1.411274,0.02230337,-1.8279,0.9832999,-0.1393583,-0.1170505,0.0,0.0,0.0,0.0,0.0,0.0,0.0,-1.539256,-0.4497855,-1.810617,1.621649,0.02759381,-1.79428,0.02958944,0.7506343,-0.0872351,0.6542652,9.769327,97.50123,355.9427,0.5804223,0.009239928,-0.8142629,0.0,0.0,0.0,3.283463,-0.2078822,-1.765943,0.4205171,0.06270678,2.011153,-0.1421234,-0.06972806,-0.9873902,0.1585715,0.983029,-0.09224462,0.9770652,-0.169682,-0.1286546,moving,-83.21154,49.97225,11.80997,1.785876,-71.92030185636531,47.30067638592882,106.54113760396956,95.30139285084864,85.27437632897319
05/18/2023 18:41:29.000689,4208,True,True,True,True,Eyes,1.420768,0.02239581,-1.826631,0.9822119,-0.1403539,-0.1247422,0.0,0.0,0.0,0.0,0.0,0.0,0.0,-1.527825,-0.4449083,-1.829502,1.630918,0.02671576,-1.794064,0.02968781,0.7525837,-0.08601037,0.6521798,9.682228,97.84371,356.0734,0.5835283,0.009282308,-0.8120394,0.0,0.0,0.0,3.291928,-0.2185547,-1.783215,0.4173184,0.06067367,2.011407,-0.14756,-0.06750333,-0.9867467,0.1568736,0.9834417,-0.09073643,0.9765329,-0.1681836,-0.1345272,moving,-82.76211,48.37029,11.7212,1.727791,-71.47079180531587,45.81147285666768,105.36896403363326,94.15029743222075,85.8011925551708
05/18/2023 18:41:29.020764,4209,True,True,True,True,Eyes,1.430249,0.02246502,-1.825418,0.9810675,-0.1414106,-0.1323241,0.0,0.0,0.0,0.0,0.0,0.0,0.0,-1.515828,-0.4480439,-1.846717,1.64015,0.0260849,-1.793898,0.03087929,0.7544097,-0.08638403,0.6499617,9.81565,98.17851,356.1768,0.5866067,0.00932243,-0.8098179,0.0,0.0,0.0,3.300009,-0.2307262,-1.79981,0.4140851,0.05861873,2.011664,-0.1531925,-0.06570136,-0.9860098,0.1588839,0.9831685,-0.09019721,0.9753399,-0.1704786,-0.1401752,moving,-82.31844,46.90121,11.63142,1.669094,-71.02919906084081,44.44651793782015,104.2713791596575,93.07355124995193,86.32315148223475
05/18/2023 18:41:29.040687,4210,True,True,True,True,Eyes,1.439728,0.02250493,-1.82423,0.9798415,-0.1429439,-0.1395624,0.0,0.0,0.0,0.0,0.0,0.0,0.0,-1.504708,-0.4531316,-1.862727,1.649333,0.02562011,-1.793954,0.03207687,0.7560357,-0.08712129,0.6479129,9.979722,98.48028,356.2513,0.5896564,0.009359482,-0.8075996,0.0,0.0,0.0,3.307247,-0.2456756,-1.816889,0.4107909,0.05652466,2.011925,-0.1583601,-0.06439149,-0.9852797,0.1613965,0.9827619,-0.09016757,0.9741014,-0.1732996,-0.1452377,moving,-81.89368,45.68577,11.53992,1.609291,-70.61009407267318,43.3185463027215,103.30814880733001,92.13189887356063,86.82872174950514
05/18/2023 18:41:29.050809,4211,True,True,True,True,Eyes,1.449198,0.02250823,-1.82311,0.9785694,-0.1444814,-0.1467206,0.0,0.0,0.0,0.0,0.0,0.0,0.0,-1.49385,-0.4543083,-1.879597,1.658585,0.02494098,-1.794251,0.03263258,0.7577177,-0.08709218,0.6459213,10.02854,98.78546,356.3286,0.5926781,0.009392487,-0.8053842,0.0,0.0,0.0,3.314827,-0.2582574,-1.834631,0.4074695,0.05441339,2.012187,-0.163442,-0.06305681,-0.9845359,0.1619619,0.9827001,-0.08982638,0.9731677,-0.1741387,-0.1504016,moving,-81.47295,44.55943,11.44764,1.54901,-70.19645417689836,42.27388322340408,102.39205181323646,91.23745619551535,87.33068496803354
05/18/2023 18:41:29.070907,4212,True,True,True,True,Eyes,1.458664,0.02248184,-1.822053,0.9772245,-0.1463846,-0.1536353,0.0,0.0,0.0,0.0,0.0,0.0,0.0,-1.482552,-0.4570427,-1.89642,1.667859,0.02408294,-1.794693,0.03367954,0.7594398,-0.08738983,0.6438012,10.14271,99.1047,356.4257,0.595671,0.009420249,-0.8031728,0.0,0.0,0.0,3.323356,-0.2640809,-1.853595,0.4044388,0.05248708,2.012429,-0.1687715,-0.0613682,-0.983743,0.1636785,0.9824573,-0.08936879,0.97197,-0.1761005,-0.1557661,moving,-81.06532,43.61557,11.36339,1.494019,-69.7985227169202,41.39972810901424,101.57406898864346,90.44181386594497,87.81281909894832
05/18/2023 18:41:29.091015,4213,True,True,True,True,Eyes,1.468138,0.02244311,-1.821074,0.9758612,-0.1481567,-0.1604511,0.0,0.0,0.0,0.0,0.0,0.0,0.0,-1.47221,-0.4599935,-1.912439,1.677199,0.0233816,-1.795237,0.03492935,0.760994,-0.08768265,0.6418567,10.27024,99.39732,356.5393,0.5986343,0.009441992,-0.8009663,0.0,0.0,0.0,3.331257,-0.2715934,-1.873278,0.4011448,0.05039339,2.01269,-0.1736001,-0.05939734,-0.9830235,0.1657214,0.9821834,-0.08861266,0.9707727,-0.1782912,-0.1606637,moving,-80.66297,42.71865,11.27179,1.434262,-69.40641189331294,40.56938965288224,100.77896997286757,89.66900510848524,88.29565758767838
05/18/2023 18:41:29.101278,4214,True,True,True,True,Eyes,1.477628,0.02235511,-1.820192,0.9744693,-0.149914,-0.167139,0.0,0.0,0.0,0.0,0.0,0.0,0.0,-1.463255,-0.4567791,-1.929318,1.686886,0.02298537,-1.796084,0.03522204,0.7624837,-0.08667088,0.640208,10.21074,99.66592,356.6644,0.6015677,0.009457768,-0.7987652,0.0,0.0,0.0,3.337549,-0.2873937,-1.893146,0.3979864,0.04838597,2.012941,-0.1777865,-0.05726231,-0.9824018,0.1646872,0.9824951,-0.0870714,0.9701908,-0.1772691,-0.165244,moving,-80.26745,41.89026,11.18393,1.376979,-69.02198031581655,39.80304138974826,100.0234014683032,88.9356526954721,88.76797404374284
05/18/2023 18:41:29.120620,4215,True,True,True,True,Eyes,1.487117,0.02221031,-1.819395,0.9730561,-0.1515736,-0.173745,0.0,0.0,0.0,0.0,0.0,0.0,0.0,-1.455644,-0.445492,-1.947369,1.69678,0.02170502,-1.79724,0.03465495,0.7639514,-0.08422674,0.638814,9.960337,99.91816,356.8186,0.6044708,0.009466043,-0.7965704,0.0,0.0,0.0,3.346076,-0.2898635,-1.910668,0.3949064,0.04642826,2.013186,-0.1814319,-0.05466102,-0.9818834,0.1605598,0.9834098,-0.08441415,0.9702079,-0.1729664,-0.1696455,moving,-79.87619,41.10115,11.09822,1.321126,-68.64227195604538,39.07336309941861,99.29145776092058,88.22571883188516,89.23361158402062
05/18/2023 18:41:29.140869,4216,True,True,True,True,Eyes,1.496624,0.02203176,-1.818667,0.9715776,-0.1534056,-0.1802878,0.0,0.0,0.0,0.0,0.0,0.0,0.0,-1.446371,-0.4426591,-1.964261,1.706269,0.02024607,-1.798469,0.03520726,0.7654864,-0.08350348,0.6370388,9.944741,100.1996,356.9453,0.6073429,0.009465138,-0.7943828,0.0,0.0,0.0,3.355546,-0.2855417,-1.926593,0.3916695,0.04437056,2.013442,-0.1858841,-0.05248856,-0.9811688,0.1602913,0.9835753,-0.08298476,0.9694091,-0.1726983,-0.1744176,moving,-79.48766,40.39422,11.00812,1.262432,-68.26668457784288,38.42054575617591,98.59403141106132,87.55124247417673,89.70030281672898
05/18/2023 18:41:29.161002,4217,True,True,True,True,Eyes,1.506151,0.02180743,-1.818035,0.9700851,-0.1551033,-0.1867559,0.0,0.0,0.0,0.0,0.0,0.0,0.0,-1.436271,-0.4456538,-1.980752,1.71611,0.01928566,-1.799849,0.03640422,0.767018,-0.08380803,0.6350862,10.06726,100.4913,357.0539,0.6101843,0.009454539,-0.7922024,0.0,0.0,0.0,3.36312,-0.2919118,-1.944606,0.388588,0.04241194,2.013686,-0.1906808,-0.05060525,-0.9803469,0.162296,0.9833019,-0.08232491,0.968143,-0.1748042,-0.1792838,moving,-79.10303,39.71008,10.92231,1.206576,-67.89516849332594,37.78897139226111,97.91364390315384,86.89342074450529,90.1587238055535
05/18/2023 18:41:29.170927,4218,True,True,True,True,Eyes,1.515706,0.02154174,-1.817474,0.9685555,-0.1568403,-0.193136,0.0,0.0,0.0,0.0,0.0,0.0,0.0,-1.426775,-0.4419594,-1.998536,1.726124,0.01795211,-1.801481,0.03643194,0.7685934,-0.08289,0.6332979,9.994985,100.7756,357.1489,0.6129944,0.009433279,-0.7900302,0.0,0.0,0.0,3.372072,-0.2909445,-1.960919,0.3852888,0.04031488,2.013947,-0.1952132,-0.04898544,-0.9795368,0.1609908,0.9836039,-0.08127286,0.9674575,-0.1735619,-0.1841262,moving,-78.72278,39.07908,10.83041,1.146785,-67.52875344962716,37.207037714069536,97.25550289388835,86.258334799183,90.61784854860018
05/18/2023 18:41:29.190900,4219,True,True,True,True,Eyes,1.525279,0.02122658,-1.817013,0.9670047,-0.1585213,-0.1994315,0.0,0.0,0.0,0.0,0.0,0.0,0.0,-1.417524,-0.4393548,-2.015842,1.736157,0.01669735,-1.803192,0.03623765,0.7700807,-0.08220241,0.6315898,9.926202,101.0428,357.2055,0.615774,0.009400691,-0.7878661,0.0,0.0,0.0,3.380327,-0.2916985,-1.9758,0.3821269,0.03830511,2.014199,-0.1995628,-0.04802457,-0.9787077,0.1596482,0.9838592,-0.08083031,0.9667923,-0.1723796,-0.1886748,moving,-78.34692,38.48,10.74229,1.089494,-67.16704149498845,36.65488180702495,96.61747915030766,85.64321773415615,91.06882004405648
05/18/2023 18:41:29.201439,4220,True,True,True,True,Eyes,1.534876,0.02087875,-1.816695,0.9655369,-0.1601771,-0.2051388,0.0,0.0,0.0,0.0,0.0,0.0,0.0,-1.408294,-0.4398773,-2.032451,1.746184,0.01520108,-1.805063,0.03666192,0.7715018,-0.08214973,0.6298351,9.958759,101.3074,357.27,0.6185226,0.009355845,-0.7857108,0.0,0.0,0.0,3.387849,-0.2966025,-1.992112,0.3788951,0.03625124,2.014455,-0.2039272,-0.0469121,-0.9778615,0.1600511,0.9838147,-0.0805754,0.9658144,-0.1729393,-0.1931184,moving,-78.00525,37.98355,10.6522,1.030958,-66.83915640594381,36.19800856900993,96.0501821758864,85.0977776640278,91.48733446376787
05/18/2023 18:41:29.221214,4221,True,True,True,True,Eyes,1.544501,0.02048667,-1.816482,0.9640856,-0.1616236,-0.2107528,0.0,0.0,0.0,0.0,0.0,0.0,0.0,-1.401453,-0.4324992,-2.049507,1.756602,0.01409611,-1.807142,0.03653615,0.7727425,-0.08046938,0.628537,9.80485,101.5282,357.4006,0.6212388,0.009298613,-0.7835655,0.0,0.0,0.0,3.39766,-0.2884024,-2.007408,0.3756882,0.03421234,2.01471,-0.2072126,-0.04468989,-0.9772745,0.157622,0.9843796,-0.07843559,0.9655144,-0.1702929,-0.1969318,moving,-77.66891,37.48414,10.56278,0.9728618,-66.51618082510701,35.73824264414157,95.48771939916617,84.55647761772357,91.89946153732463
05/18/2023 18:41:29.240684,4222,True,True,True,True,Eyes,1.554162,0.02004331,-1.81638,0.9626894,-0.163064,-0.2159613,0.0,0.0,0.0,0.0,0.0,0.0,0.0,-1.395225,-0.424085,-2.06631,1.766915,0.01261169,-1.809417,0.03597841,0.7739041,-0.07871249,0.6273615,9.611973,101.7299,357.4961,0.6239227,0.009228415,-0.781431,0.0,0.0,0.0,3.407727,-0.2765764,-2.021821,0.3724934,0.03218184,2.014963,-0.2102464,-0.04307469,-0.9766991,0.15445,0.9850198,-0.07668889,0.9653713,-0.1669748,-0.2004439,moving,-77.35609,37.05505,10.47366,0.915018,-66.21647003825275,35.34376033155133,94.97455921468402,84.06375166393937,92.28774240533743
05/18/2023 18:41:29.251081,4223,True,True,True,True,Eyes,1.563851,0.01956052,-1.816388,0.9612977,-0.1643928,-0.221092,0.0,0.0,0.0,0.0,0.0,0.0,0.0,-1.388776,-0.4170421,-2.083179,1.777416,0.01095806,-1.811886,0.0357541,0.7750761,-0.07723889,0.6261094,9.468422,101.9384,357.6006,0.6265742,0.009144451,-0.7793075,0.0,0.0,0.0,3.412633,-0.2920021,-2.037374,0.3692089,0.03009421,2.015224,-0.2134173,-0.04129568,-0.9760879,0.1521443,0.9855117,-0.07496006,0.9650415,-0.164504,-0.2040423,moving,-77.0476,36.63263,10.38202,0.8555593,-65.92092181835878,34.95542225263888,94.46659325506133,83.57595098785653,92.67360181585923
05/18/2023 18:41:29.270909,4224,True,True,True,True,Eyes,1.573577,0.0190378,-1.816499,0.9599438,-0.1656963,-0.2259486,0.0,0.0,0.0,0.0,0.0,0.0,0.0,-1.38222,-0.4140576,-2.099219,1.787792,0.009517848,-1.814499,0.03560136,0.776181,-0.07654031,0.6248336,9.398965,102.1383,357.6541,0.6291929,0.009046525,-0.7771959,0.0,0.0,0.0,3.421855,-0.2883187,-2.052908,0.3661312,0.02813808,2.015468,-0.2166309,-0.04038372,-0.975418,0.1509161,0.9857482,-0.07432842,0.9645183,-0.1633081,-0.207449,moving,-76.75498,36.25394,10.29611,0.7998582,-65.6410000398142,34.60765371857275,93.99406463425865,83.12287121499399,93.03840416826115
05/18/2023 18:41:29.290667,4225,True,True,True,True,Eyes,1.583328,0.01847069,-1.816724,0.958591,-0.166884,-0.2307665,0.0,0.0,0.0,0.0,0.0,0.0,0.0,-1.374214,-0.4094862,-2.116744,1.79838,0.008057579,-1.817281,0.03436695,0.7775024,-0.07563104,0.623369,9.233204,102.3661,357.628,0.6317793,0.008934434,-0.7750962,0.0,0.0,0.0,3.432575,-0.269587,-2.065321,0.362897,0.02608217,2.015724,-0.2204599,-0.04085131,-0.9745402,0.1477329,0.9861977,-0.07476003,0.9641434,-0.1604532,-0.211382,moving,-76.46445,35.87342,10.20581,0.741329,-65.36299053184015,34.25812439196562,93.52003949154364,82.66812679121217,93.40469185822884
05/18/2023 18:41:29.301683,4226,True,True,True,True,Eyes,1.593105,0.01785706,-1.817054,0.9572509,-0.1680707,-0.235421,0.0,0.0,0.0,0.0,0.0,0.0,0.0,-1.365917,-0.406786,-2.13384,1.808694,0.006410494,-1.820182,0.03367801,0.7788415,-0.07509246,0.6217983,9.140273,102.6049,357.6243,0.6343329,0.008807853,-0.7730092,0.0,0.0,0.0,3.441588,-0.2651758,-2.081897,0.3596472,0.02401658,2.015982,-0.2244659,-0.04092504,-0.9736223,0.1458444,0.9864538,-0.0750884,0.9635065,-0.1588521,-0.2154565,moving,-76.1832,35.52362,10.11504,0.6825376,-65.09421742278953,33.937137646105214,93.0660370376927,82.23320999641108,93.76194158912789
05/18/2023 18:41:29.320881,4227,True,True,True,True,Eyes,1.6029,0.0172557,-1.817491,0.9558896,-0.1692705,-0.2400468,0.0,0.0,0.0,0.0,0.0,0.0,0.0,-1.356827,-0.4024971,-2.151715,1.819103,0.004710019,-1.823103,0.03269405,0.7802981,-0.07428738,0.6201189,9.002699,102.8624,357.6144,0.6368536,0.008666401,-0.7709354,0.0,0.0,0.0,3.450937,-0.2559381,-2.093273,0.3563434,0.02191656,2.016244,-0.2287674,-0.0411118,-0.9726126,0.1431562,0.986825,-0.07538421,0.9628976,-0.156481,-0.2198681,moving,-75.90316,35.18982,10.02274,0.6227802,-64.82687883538344,33.63109977693357,92.61825161027811,81.80473458850143,94.11904934192876
05/18/2023 18:41:29.340843,4228,True,True,True,True,Eyes,1.612749,0.01688132,-1.818025,0.9544495,-0.1709034,-0.2445774,0.0,0.0,0.0,0.0,0.0,0.0,0.0,-1.34722,-0.4087779,-2.167685,1.829336,0.004415616,-1.826052,0.03261972,0.7816355,-0.07520211,0.6183259,9.085053,103.1136,357.562,0.6393411,0.008512198,-0.7688755,0.0,0.0,0.0,3.455506,-0.2762201,-2.106216,0.3532739,0.01996561,2.016488,-0.2332185,-0.04200536,-0.9715169,0.1439923,0.9865612,-0.077222,0.9617046,-0.1579005,-0.2240358,moving,-75.62724,34.94471,9.936955,0.5672774,-64.56508133039574,33.40798462837368,92.21192622522082,81.41907312562188,94.46598864136008
05/18/2023 18:41:29.350918,4229,True,True,True,True,Eyes,1.622688,0.01643104,-1.818688,0.9532083,-0.1712972,-0.2491008,0.0,0.0,0.0,0.0,0.0,0.0,0.0,-1.332948,-0.4394807,-2.182353,1.84049,0.009600073,-1.828952,0.03318223,0.7831276,-0.07972717,0.6158358,9.540382,103.4142,357.3133,0.6417963,0.008355957,-0.766829,0.0,0.0,0.0,3.4613,-0.2879022,-2.119497,0.3500308,0.01790426,2.016745,-0.2392905,-0.04622585,-0.9698471,0.1501695,0.985085,-0.0840035,0.9592649,-0.1657427,-0.2287799,moving,-75.35449,34.51484,9.846295,0.5086471,-64.30269148094744,33.011854882403895,91.73655171287089,80.96005627652347,94.81407580700599
05/18/2023 18:41:29.370585,4230,True,True,True,True,Eyes,1.632557,0.01594195,-1.819445,0.9519293,-0.1720266,-0.2534512,0.0,0.0,0.0,0.0,0.0,0.0,0.0,-1.327684,-0.3765061,-2.210446,1.852536,0.007056996,-1.832657,0.02246632,0.7849608,-0.06881141,0.6153024,7.797691,103.6219,357.1414,0.64422,0.008194828,-0.7647957,0.0,0.0,0.0,3.468692,-0.2885144,-2.1322,0.3468515,0.0158835,2.016997,-0.2417967,-0.04940928,-0.9690683,0.11995,0.9895205,-0.08038134,0.9628846,-0.1356757,-0.2333362,moving,-75.09087,34.16617,9.757393,0.451185,-64.0503671136507,32.69152225252595,91.30130309950343,80.54206850553825,95.15137394033171
05/18/2023 18:41:29.390904,4231,True,True,True,True,Eyes,1.642471,0.01571625,-1.820292,0.9503902,-0.1738579,-0.2579375,0.0,0.0,0.0,0.0,0.0,0.0,0.0,-1.320908,-0.3803316,-2.223085,1.860776,0.005532354,-1.835494,0.0243968,0.7859921,-0.0693391,0.6138512,7.987206,103.8321,357.2927,0.64661,0.008027823,-0.7627779,0.0,0.0,0.0,3.472813,-0.3039329,-2.146796,0.3437144,0.01388941,2.017246,-0.2451829,-0.04677638,-0.9683477,0.1234792,0.9891938,-0.07904794,0.9615811,-0.138952,-0.2367574,moving,-74.8156,33.98119,9.669647,0.3944943,-63.790329315279024,32.52467607304147,90.91657213454216,80.17927850143104,95.49830944992566
05/18/2023 18:41:29.401306,4232,True,True,True,True,Eyes,1.652435,0.0154973,-1.821294,0.9490687,-0.1744237,-0.2623835,0.0,0.0,0.0,0.0,0.0,0.0,0.0,-1.290893,-0.4624117,-2.236848,1.871815,0.01187547,-1.838446,0.02907251,0.7885789,-0.08303559,0.6086078,9.575534,104.4107,356.7897,0.6489671,0.00786637,-0.7607752,0.0,0.0,0.0,3.482496,-0.2929933,-2.159021,0.3404567,0.0118187,2.017504,-0.2575029,-0.05522028,-0.9646985,0.1469241,0.9845198,-0.09557272,0.9550423,-0.1663477,-0.2454036,moving,-74.54578,33.61463,9.578503,0.3356394,-63.53188463427252,32.18773969469056,90.46759754530335,79.74763365277127,95.84326041038912
05/18/2023 18:41:29.420961,4233,True,True,True,True,Eyes,1.662343,0.0152953,-1.822406,0.9476665,-0.1751726,-0.2669131,0.0,0.0,0.0,0.0,0.0,0.0,0.0,-1.286885,-0.3816999,-2.266871,1.883193,0.01170851,-1.84226,0.01886618,0.7906401,-0.06845243,0.6081502,7.538329,104.6624,356.9107,0.6512909,0.007710201,-0.7587883,0.0,0.0,0.0,3.490288,-0.2855091,-2.172445,0.3373072,0.009816624,2.017754,-0.2595948,-0.05342599,-0.9642386,0.1130914,0.9899166,-0.08529551,0.9590729,-0.1311894,-0.2509353,moving,-74.26997,33.27652,9.490359,0.2787488,-63.26840470109724,31.87757067233065,90.02580529134849,79.32416554260995,96.19118968259349
05/18/2023 18:41:29.440753,4234,True,True,True,True,Eyes,1.672258,0.01518699,-1.823608,0.9462758,-0.1763744,-0.2710243,0.0,0.0,0.0,0.0,0.0,0.0,0.0,-1.274152,-0.3887172,-2.282979,1.891789,0.01196221,-1.845955,0.0231844,0.7925552,-0.0688506,0.6054572,7.88644,105.0594,357.3022,0.6535792,0.007559544,-0.7568197,0.0,0.0,0.0,3.492368,-0.3076365,-2.188565,0.3340676,0.007757582,2.018011,-0.2657681,-0.04662237,-0.962909,0.120122,0.9894441,-0.08106149,0.956524,-0.1372101,-0.2573623,moving,-74.01768,33.05485,9.399667,0.2202537,-63.02907472995679,31.675855246319216,89.64688781381305,78.96440652107495,96.51753913192668
05/18/2023 18:41:29.450693,4235,True,True,True,True,Eyes,1.682193,0.01519629,-1.824909,0.9449636,-0.1769072,-0.2752232,0.0,0.0,0.0,0.0,0.0,0.0,0.0,-1.24815,-0.4245265,-2.301849,1.902062,0.0142307,-1.848936,0.0253735,0.795379,-0.07462411,0.6009656,8.580923,105.6381,357.1404,0.6558324,0.007417663,-0.7548694,0.0,0.0,0.0,3.499159,-0.3029115,-2.206227,0.3307194,0.005629115,2.018276,-0.276393,-0.04932996,-0.9597778,0.1300561,0.9875748,-0.08821169,0.952204,-0.1492061,-0.2665431,moving,-73.76166,32.73199,9.305918,0.1598016,-62.784327156619824,31.379507720383017,89.22538860633324,78.55999934435228,96.85063244585281
05/18/2023 18:41:29.470802,4236,True,True,True,True,Eyes,1.692108,0.01522679,-1.82632,0.9437014,-0.1775368,-0.2791206,0.0,0.0,0.0,0.0,0.0,0.0,0.0,-1.233888,-0.3968773,-2.325881,1.912461,0.01692304,-1.852545,0.01838202,0.797653,-0.06954727,0.5988111,7.6409,105.9992,356.8787,0.6580508,0.007288437,-0.7529377,0.0,0.0,0.0,3.505986,-0.2959554,-2.221831,0.3276254,0.003662545,2.018522,-0.2821743,-0.05396642,-0.9578438,0.1126163,0.9896505,-0.08893447,0.9527302,-0.1329639,-0.2731765,moving,-73.52325,32.45871,9.219256,0.1039613,-62.55693957677481,31.129165716430467,88.84341316383667,78.19453664135828,97.1599481819537
05/18/2023 18:41:29.491097,4237,True,True,True,True,Eyes,1.702014,0.01531216,-1.827799,0.9423421,-0.1783581,-0.2831603,0.0,0.0,0.0,0.0,0.0,0.0,0.0,-1.210241,-0.4006546,-2.348214,1.922132,0.01749298,-1.855913,0.01578751,0.8005613,-0.07028937,0.594905,7.546226,106.5446,356.6255,0.6602336,0.007171434,-0.7510255,0.0,0.0,0.0,3.509634,-0.3059688,-2.238444,0.3245341,0.001698162,2.018768,-0.2916782,-0.05835323,-0.9547351,0.1089087,0.9896203,-0.09375776,0.9502963,-0.131326,-0.2822954,moving,-73.27523,32.20617,9.132648,0.04819649,-62.32099577201777,30.898457103188253,88.46012444447919,77.82905491010442,97.47824702419842
05/18/2023 18:41:29.501193,4238,True,True,True,True,Eyes,1.711906,0.01543488,-1.829366,0.9410259,-0.1792137,-0.2869714,0.0,0.0,0.0,0.0,0.0,0.0,0.0,-1.187169,-0.4204081,-2.366897,1.931879,0.01894744,-1.858977,0.01535309,0.8030642,-0.07358599,0.5911323,7.836109,107.0396,356.3922,0.6623812,0.007067619,-0.749133,0.0,0.0,0.0,3.513277,-0.3157624,-2.25325,0.3213631,-0.0003175214,2.01902,-0.300654,-0.06233908,-0.951694,0.1116571,0.9886988,-0.1000371,0.9471749,-0.13634,-0.2902956,moving,-73.0406,31.98478,9.043784,-0.009010629,-62.09812618183578,30.696599475698108,88.09908475955777,77.48552042944623,97.78504743531741
05/18/2023 18:41:29.521565,4239,True,True,True,True,Eyes,1.72176,0.01553945,-1.831003,0.9396423,-0.1801296,-0.2909049,0.0,0.0,0.0,0.0,0.0,0.0,0.0,-1.166673,-0.4193379,-2.387715,1.94163,0.01998878,-1.862209,0.01271974,0.8055417,-0.07337427,0.5878411,7.652608,107.5055,356.1949,0.6644933,0.006977153,-0.747261,0.0,0.0,0.0,3.515524,-0.3304573,-2.268344,0.3181951,-0.002331417,2.01927,-0.3085623,-0.06577224,-0.9489274,0.1067574,0.9889089,-0.1032577,0.9451942,-0.1331664,-0.2981184,moving,-72.79794,31.76598,8.954989,-0.06615276,-61.86782421096922,30.49735001299489,87.73155690017877,77.13623385200177,98.09935984352808
05/18/2023 18:41:29.541245,4240,True,True,True,True,Eyes,1.73158,0.01562585,-1.832674,0.9382038,-0.1814664,-0.2946923,0.0,0.0,0.0,0.0,0.0,0.0,0.0,-1.147647,-0.4266821,-2.405402,1.950581,0.01967935,-1.865465,0.01278581,0.8077583,-0.07457355,0.5846381,7.783195,107.9455,356.1491,0.66657,0.006897934,-0.7454099,0.0,0.0,0.0,3.516428,-0.3502364,-2.283166,0.3149344,-0.004404187,2.019529,-0.3160693,-0.06654138,-0.9463996,0.1078528,0.9885506,-0.1055246,0.9425857,-0.1354249,-0.3052739,moving,-72.56236,31.62403,8.863571,-0.1249504,-61.64559411138413,30.369872840219244,87.39668183435995,76.82106878426416,98.4080048109941
05/18/2023 18:41:29.560761,4241,True,True,True,True,Eyes,1.741351,0.01571448,-1.834402,0.9366521,-0.1830249,-0.2986381,0.0,0.0,0.0,0.0,0.0,0.0,0.0,-1.124804,-0.4446157,-2.422506,1.959387,0.01938507,-1.868645,0.01410796,0.8102182,-0.07754453,0.5808048,8.166138,108.4523,356.1064,0.6686118,0.006828106,-0.7435796,0.0,0.0,0.0,3.519854,-0.3594616,-2.295538,0.3117459,-0.006430909,2.019782,-0.3249331,-0.06721544,-0.9433452,0.1129375,0.9875756,-0.109268,0.9389692,-0.1420439,-0.3133049,moving,-72.31586,31.50268,8.774158,-0.182427,-61.41358448500489,30.26192800302168,87.06053655268714,76.50606477065313,98.72485413679057
05/18/2023 18:41:29.570766,4242,True,True,True,True,Eyes,1.751082,0.01583475,-1.836184,0.9350599,-0.1847791,-0.3025221,0.0,0.0,0.0,0.0,0.0,0.0,0.0,-1.100865,-0.464081,-2.439144,1.968013,0.01958871,-1.871694,0.01524277,0.8127056,-0.08073223,0.5768533,8.557899,108.9695,356.0357,0.6706187,0.006766802,-0.7417707,0.0,0.0,0.0,3.524434,-0.3643933,-2.306139,0.3083723,-0.008574933,2.02005,-0.3340159,-0.06836556,-0.9400851,0.1179171,0.9865,-0.1136374,0.9351627,-0.1488087,-0.3214452,moving,-72.07193,31.41638,8.679523,-0.243214,-61.18464220476294,30.18673239528944,86.73596171056181,76.20356433513197,99.04285769305558
05/18/2023 18:41:29.591142,4243,True,True,True,True,Eyes,1.760778,0.01598121,-1.838025,0.9334039,-0.1864462,-0.3065859,0.0,0.0,0.0,0.0,0.0,0.0,0.0,-1.077008,-0.4827881,-2.45565,1.976821,0.02053723,-1.874835,0.0161655,0.8151456,-0.08365248,0.5729562,8.91112,109.4797,355.9657,0.6725907,0.006714405,-0.7399837,0.0,0.0,0.0,3.530532,-0.3622948,-2.31785,0.305334,-0.01050603,2.020291,-0.3429198,-0.06950394,-0.9367898,0.1222129,0.9854819,-0.1178536,0.9313806,-0.1549021,-0.329447,moving,-71.81671,31.30532,8.594282,-0.2979501,-60.944705062311286,30.08861899692188,86.39846245991659,75.88816971790995,99.36351935235156
05/18/2023 18:41:29.600913,4244,True,True,True,True,Eyes,1.770402,0.01611083,-1.839969,0.9317587,-0.1879903,-0.3106209,0.0,0.0,0.0,0.0,0.0,0.0,0.0,-1.05356,-0.4840934,-2.475094,1.985684,0.02130794,-1.878038,0.01541177,0.8178028,-0.08364128,0.5691796,8.879,110.0096,355.9369,0.674528,0.006671026,-0.7382187,0.0,0.0,0.0,3.537091,-0.3595458,-2.32769,0.3020235,-0.01261014,2.020553,-0.3515945,-0.07000624,-0.9335313,0.1204214,0.9855332,-0.11926,0.9283751,-0.1543483,-0.3380778,moving,-71.56314,31.18267,8.501379,-0.3575745,-60.70608289199971,29.979619166809595,86.05297337001866,75.56466172166792,99.68895772156604
05/18/2023 18:41:29.621004,4245,True,True,True,True,Eyes,1.779954,0.01621647,-1.841953,0.9300061,-0.1897134,-0.3147976,0.0,0.0,0.0,0.0,0.0,0.0,0.0,-1.030599,-0.4866736,-2.49335,1.994164,0.02110777,-1.881128,0.01552232,0.8203627,-0.08389025,0.5654439,8.928097,110.5314,355.9714,0.6764294,0.006635066,-0.7364771,0.0,0.0,0.0,3.54392,-0.3578793,-2.336157,0.2989056,-0.01459209,2.020801,-0.360065,-0.06940258,-0.9303423,0.1203383,0.9854429,-0.1200868,0.9251337,-0.1551948,-0.3464716,moving,-71.29956,31.07535,8.413865,-0.4137224,-60.45842795734343,29.885197929434923,85.70759479674521,75.2423903815634,100.01867055774571
05/18/2023 18:41:29.641019,4246,True,True,True,True,Eyes,1.789428,0.0163393,-1.844024,0.9281885,-0.1915038,-0.3190491,0.0,0.0,0.0,0.0,0.0,0.0,0.0,-1.007944,-0.5012226,-2.508194,2.00206,0.0206876,-1.884023,0.017577,0.8226734,-0.08602715,0.5616927,9.281796,111.0327,356.0653,0.6782948,0.006604833,-0.7347597,0.0,0.0,0.0,3.551683,-0.3522838,-2.34478,0.2957437,-0.0166017,2.021052,-0.3683845,-0.06772136,-0.9272035,0.1255619,0.9845808,-0.1217987,0.921155,-0.1612902,-0.3542011,moving,-71.03046,30.97358,8.325096,-0.4706391,-60.205736187864034,29.796098062047115,85.35832228246957,74.91695628359194,100.35418709391584
05/18/2023 18:41:29.656783,4247,True,True,True,True,Eyes,1.798838,0.01649502,-1.846142,0.9262937,-0.1933001,-0.3234423,0.0,0.0,0.0,0.0,0.0,0.0,0.0,-0.9843135,-0.5204089,-2.522486,2.010168,0.02132665,-1.887167,0.02008297,0.824999,-0.08870091,0.5577684,9.715709,111.5505,356.1715,0.6801233,0.006580407,-0.7330678,0.0,0.0,0.0,3.558707,-0.3513521,-2.352884,0.2924698,-0.01868308,2.021311,-0.3769822,-0.06581226,-0.9238794,0.132086,0.9834576,-0.123953,0.9167539,-0.1687596,-0.3620531,moving,-70.75188,30.86397,8.233167,-0.5295728,-59.94406079537836,29.69987669806673,84.99524797968202,74.57850901445455,100.70111589833309
05/18/2023 18:41:29.672789,4248,True,True,True,True,Eyes,1.808179,0.01665967,-1.84833,0.9243482,-0.1946658,-0.3281548,0.0,0.0,0.0,0.0,0.0,0.0,0.0,-0.9629192,-0.5253146,-2.538408,2.018094,0.0222793,-1.890364,0.02145044,0.8273315,-0.08886051,0.554226,9.834972,112.0485,356.3338,0.681915,0.006562465,-0.7314015,0.0,0.0,0.0,3.564242,-0.3578598,-2.360738,0.2893789,-0.02064786,2.021554,-0.384747,-0.06300439,-0.9208695,0.1339909,0.9832874,-0.1232574,0.9132451,-0.170811,-0.3698749,moving,-70.45452,30.67699,8.14636,-0.5851905,-59.66340187632108,29.53166415429249,84.58972908331708,74.19695910204909,101.06270560753238
05/18/2023 18:41:29.690952,4249,True,True,True,True,Eyes,1.817438,0.01682736,-1.850567,0.9222992,-0.1961213,-0.3330175,0.0,0.0,0.0,0.0,0.0,0.0,0.0,-0.9383327,-0.5288935,-2.555695,2.026094,0.02265822,-1.893727,0.02302007,0.8300151,-0.08880763,0.550144,9.947867,112.6247,356.5368,0.6836697,0.006550677,-0.7297618,0.0,0.0,0.0,3.569802,-0.3654829,-2.367507,0.2861683,-0.02268817,2.021811,-0.3936235,-0.05949994,-0.9173442,0.1359279,0.9831666,-0.1220946,0.9091667,-0.172752,-0.3789097,moving,-70.14671,30.49477,8.056166,-0.6429295,-59.373097348388825,29.368146374826264,84.17390417952393,73.80630210809204,101.43670063154453
05/18/2023 18:41:29.700797,4250,True,True,True,True,Eyes,1.826614,0.01700808,-1.852867,0.9201886,-0.1972538,-0.3381477,0.0,0.0,0.0,0.0,0.0,0.0,0.0,-0.9153026,-0.536424,-2.570747,2.033447,0.0229135,-1.89706,0.02558844,0.8324723,-0.08927687,0.5462279,10.1715,113.1733,356.801,0.6853876,0.006544518,-0.7281488,0.0,0.0,0.0,3.576142,-0.3693226,-2.374734,0.2829574,-0.02472902,2.022066,-0.4019609,-0.05492767,-0.9140079,0.1401343,0.9827497,-0.1206868,0.9048701,-0.1765952,-0.3873298,moving,-69.82281,30.25656,7.965947,-0.7006683,-59.06672608764943,29.15258828463173,83.7224026149714,73.3798077810479,101.82697056594046
05/18/2023 18:41:29.721187,4251,True,True,True,True,Eyes,1.835711,0.01719984,-1.855226,0.9179754,-0.1984328,-0.343432,0.0,0.0,0.0,0.0,0.0,0.0,0.0,-0.8910084,-0.544997,-2.585961,2.040768,0.0233918,-1.900744,0.02882248,0.8350713,-0.0896958,0.5420147,10.43088,113.7665,357.1386,0.6870681,0.0065439,-0.7265631,0.0,0.0,0.0,3.581898,-0.3755123,-2.382516,0.2797536,-0.02676524,2.02232,-0.4107787,-0.04909526,-0.9104124,0.1453705,0.9822478,-0.1185604,0.9000714,-0.1810492,-0.3963495,moving,-69.48822,30.01905,7.875911,-0.7582605,-58.75040767150482,28.9379301465914,83.26134521492294,72.94470562443593,102.22693989711061
05/18/2023 18:41:29.740884,4252,True,True,True,True,Eyes,1.844731,0.01740203,-1.85765,0.9157089,-0.1993355,-0.3489161,0.0,0.0,0.0,0.0,0.0,0.0,0.0,-0.8660313,-0.5504953,-2.601715,2.048048,0.02385406,-1.904445,0.0306164,0.8376939,-0.08987143,0.5378242,10.57381,114.3518,357.3543,0.6887113,0.006548664,-0.7250056,0.0,0.0,0.0,3.587877,-0.3819474,-2.389482,0.276538,-0.02880939,2.022574,-0.4196155,-0.0453757,-0.906567,0.1479644,0.9819715,-0.117637,0.8955609,-0.1835019,-0.4053365,moving,-69.14146,29.7393,7.785532,-0.8160613,-58.42193894942984,28.684012453114185,82.77313696086189,72.48229825935965,102.6396165995501
05/18/2023 18:41:29.751167,4253,True,True,True,True,Eyes,1.85368,0.01762097,-1.860132,0.9133288,-0.2002566,-0.3545814,0.0,0.0,0.0,0.0,0.0,0.0,0.0,-0.8374536,-0.5575758,-2.618103,2.055373,0.02428482,-1.90828,0.03128539,0.8405536,-0.09061465,0.533179,10.70162,114.9839,357.4315,0.6903174,0.006558636,-0.7234765,0.0,0.0,0.0,3.595746,-0.3815784,-2.396145,0.2732974,-0.03086886,2.022832,-0.4294827,-0.04403355,-0.902001,0.1492217,0.9816204,-0.1189715,0.8906613,-0.1856944,-0.4150182,moving,-68.78231,29.45642,7.69443,-0.8742784,-58.081865559777,28.427448611815382,82.27176323903215,72.00772363741329,103.06457384856725
05/18/2023 18:41:29.770877,4254,True,True,True,True,Eyes,1.862566,0.01783955,-1.862677,0.9109224,-0.2008548,-0.3603856,0.0,0.0,0.0,0.0,0.0,0.0,0.0,-0.8067971,-0.5631909,-2.635044,2.062711,0.02491479,-1.912108,0.03124267,0.843566,-0.09122927,0.5282969,10.77348,115.6446,357.4515,0.6918862,0.006573897,-0.7219761,0.0,0.0,0.0,3.605311,-0.3753615,-2.40284,0.2700643,-0.03292437,2.023089,-0.4398527,-0.04368177,-0.8970071,0.1491028,0.9814022,-0.120905,0.8856062,-0.1869266,-0.4251594,moving,-68.4149,29.13237,7.603522,-0.9323666,-57.73330560976339,28.1325372617907,81.74771477049046,71.50992713325245,103.49824925860366
05/18/2023 18:41:29.791103,4255,True,True,True,True,Eyes,1.871387,0.01803465,-1.865282,0.9084235,-0.2013825,-0.3663494,0.0,0.0,0.0,0.0,0.0,0.0,0.0,-0.7761775,-0.5620416,-2.653128,2.070173,0.02509087,-1.916034,0.03041379,0.8466228,-0.0908787,0.523494,10.70328,116.3018,357.4539,0.6934186,0.006593868,-0.7205043,0.0,0.0,0.0,3.612493,-0.3775223,-2.410402,0.2669511,-0.03490299,2.023336,-0.4500581,-0.04365088,-0.8919317,0.1466469,0.9816321,-0.1220371,0.8808759,-0.1857228,-0.4353902,moving,-68.03674,28.79763,7.515973,-0.9882667,-57.374523993285614,27.827865786538087,81.21214246578796,71.00102880604847,103.93957471977735
05/18/2023 18:41:29.801053,4256,True,True,True,True,Eyes,1.880149,0.018215,-1.867948,0.9058143,-0.2019713,-0.3724354,0.0,0.0,0.0,0.0,0.0,0.0,0.0,-0.7463397,-0.5598759,-2.6707,2.077531,0.02471074,-1.919993,0.02959916,0.8495664,-0.09045609,0.5188242,10.62676,116.9394,357.4593,0.6949148,0.00661715,-0.7190613,0.0,0.0,0.0,3.618945,-0.3841038,-2.418189,0.2637683,-0.03692636,2.023589,-0.4598907,-0.04356874,-0.8869061,0.1441545,0.9818832,-0.1229834,0.8761964,-0.1844105,-0.4452782,moving,-67.64945,28.47093,7.42645,-1.045415,-57.00738965261362,27.530929055090414,80.66973027703158,70.48636131858152,104.39091877267849
05/18/2023 18:41:29.821501,4257,True,True,True,True,Eyes,1.888894,0.01838135,-1.870611,0.903169,-0.2043248,-0.3775408,0.0,0.0,0.0,0.0,0.0,0.0,0.0,-0.7166046,-0.5672047,-2.685997,2.084965,0.02455655,-1.924093,0.02926072,0.8522743,-0.09163506,0.5141747,10.73615,117.5519,357.4124,0.6963748,0.006642814,-0.7176472,0.0,0.0,0.0,3.626988,-0.3844739,-2.426058,0.2604351,-0.03904497,2.023852,-0.4695368,-0.04435653,-0.8817982,0.1441091,0.9814937,-0.1261062,0.8710731,-0.1862866,-0.4544551,moving,-67.3142,28.42221,7.332689,-1.105236,-56.69407966299694,27.49300027826694,80.27470401478436,70.12336432069208,104.78691245427903
05/18/2023 18:41:29.841162,4258,True,True,True,True,Eyes,1.89759,0.01850568,-1.873361,0.9004452,-0.2064866,-0.3828337,0.0,0.0,0.0,0.0,0.0,0.0,0.0,-0.6862663,-0.5711197,-2.701893,2.092425,0.0245022,-1.928347,0.02842776,0.8550486,-0.09230852,0.5094734,10.76743,118.1736,357.3487,0.6978015,0.006670075,-0.7162598,0.0,0.0,0.0,3.635174,-0.3850525,-2.433414,0.2571239,-0.04114956,2.024116,-0.4792576,-0.04544323,-0.8764971,0.1426717,0.981342,-0.1288902,0.8660007,-0.1868229,-0.4638322,moving,-66.96672,28.34081,7.239522,-1.164643,-56.36874694378685,27.42476182452805,79.85698534566511,69.73783726389762,105.19424518615118
05/18/2023 18:41:29.850867,4259,True,True,True,True,Eyes,1.906231,0.01859073,-1.876181,0.8976038,-0.2086176,-0.3883119,0.0,0.0,0.0,0.0,0.0,0.0,0.0,-0.6549143,-0.5664607,-2.719801,2.100085,0.02361731,-1.932923,0.02761221,0.8580571,-0.0915348,0.5045761,10.65816,118.8403,357.3763,0.6991953,0.006697167,-0.7148991,0.0,0.0,0.0,3.642645,-0.3892564,-2.440884,0.2539784,-0.04314904,2.024364,-0.4892811,-0.04498685,-0.8709652,0.1397583,0.9817179,-0.1292192,0.8608552,-0.1849491,-0.4740486,moving,-66.60624,28.24658,7.151012,-1.221066,-56.03105500972431,27.344811637750304,79.42590498932209,69.33962039726073,105.60958955166954
05/18/2023 18:41:29.870912,4260,True,True,True,True,Eyes,1.914841,0.01864128,-1.879067,0.8946644,-0.2107347,-0.3939117,0.0,0.0,0.0,0.0,0.0,0.0,0.0,-0.6226525,-0.5702034,-2.735412,2.107476,0.02276876,-1.937351,0.02773331,0.8609583,-0.09205245,0.499508,10.73184,119.5151,357.4211,0.7005559,0.006722618,-0.7135656,0.0,0.0,0.0,3.652277,-0.3862496,-2.447587,0.2509749,-0.04505832,2.024601,-0.4994455,-0.04420741,-0.8652168,0.1397163,0.9815144,-0.1308006,0.8550051,-0.1862126,-0.4840365,moving,-66.23659,28.14587,7.066485,-1.27493,-55.684694402550186,27.25900586659948,78.98686142071747,68.93399750812549,106.02968425485997
05/18/2023 18:41:29.890853,4261,True,True,True,True,Eyes,1.923407,0.01865675,-1.882032,0.891626,-0.2127668,-0.3996666,0.0,0.0,0.0,0.0,0.0,0.0,0.0,-0.5909786,-0.5730133,-2.751132,2.115197,0.02200276,-1.942109,0.02744059,0.8637625,-0.09249827,0.4945762,10.77402,120.1679,357.4276,0.7018835,0.00674528,-0.7122594,0.0,0.0,0.0,3.662284,-0.3825438,-2.453684,0.2477814,-0.04708805,2.024855,-0.5092829,-0.04409058,-0.859469,0.1388992,0.9813822,-0.1326502,0.8493162,-0.186936,-0.493677,moving,-65.85595,28.02908,6.976595,-1.332175,-55.32778505606965,27.15840023007877,78.52810265345809,68.50947854940911,106.4644438869826
05/18/2023 18:41:29.900607,4262,True,True,True,True,Eyes,1.931924,0.01862441,-1.885108,0.888501,-0.2147408,-0.4055273,0.0,0.0,0.0,0.0,0.0,0.0,0.0,-0.5593722,-0.5733181,-2.766843,2.122761,0.02117485,-1.946905,0.02681196,0.8665507,-0.09261053,0.4896881,10.7639,120.8152,357.4194,0.7031788,0.00676413,-0.7109804,0.0,0.0,0.0,3.672076,-0.3807412,-2.46006,0.2444974,-0.04917538,2.025116,-0.5189737,-0.04423269,-0.8536452,0.1371684,0.9814088,-0.1342444,0.8437129,-0.1867624,-0.503258,moving,-65.46722,27.90277,6.884146,-1.391026,-54.96315499909024,27.049068734984303,78.05668867019388,68.07295813615676,106.90853018142565
05/18/2023 18:41:29.921594,4263,True,True,True,True,Eyes,1.940404,0.0185509,-1.888267,0.8852706,-0.2166562,-0.411529,0.0,0.0,0.0,0.0,0.0,0.0,0.0,-0.5269367,-0.5745996,-2.78243,2.130504,0.02001715,-1.951998,0.02641336,0.8693583,-0.09288879,0.4846545,10.78418,121.479,357.4262,0.7044417,0.006777781,-0.7097289,0.0,0.0,0.0,3.681279,-0.3814112,-2.46631,0.2413878,-0.0511517,2.025363,-0.5288245,-0.04411259,-0.8475839,0.1359633,0.981348,-0.1359046,0.8377699,-0.18711,-0.5129632,moving,-65.06805,27.7653,6.796594,-1.44673,-54.58858310287149,26.929530080852608,77.57492993208332,67.62656359838999,107.35808127178935
05/18/2023 18:41:29.940878,4264,True,True,True,True,Eyes,1.948858,0.01843742,-1.89149,0.8819237,-0.2185865,-0.4176489,0.0,0.0,0.0,0.0,0.0,0.0,0.0,-0.4941202,-0.5762528,-2.797548,2.138211,0.01896061,-1.957088,0.02563279,0.8721165,-0.0933575,0.479625,10.80258,122.1349,357.3834,0.7056723,0.006785238,-0.7085054,0.0,0.0,0.0,3.690994,-0.3791308,-2.473625,0.2382055,-0.05317472,2.025616,-0.5386056,-0.04484361,-0.8413637,0.1342627,0.9812547,-0.138249,0.8317916,-0.1874255,-0.5224885,moving,-64.65936,27.62638,6.706983,-1.503734,-54.20511295441637,26.80885211641068,77.08254312648646,67.17057366257339,107.81751653981976
05/18/2023 18:41:29.951368,4265,True,True,True,True,Eyes,1.957279,0.01826727,-1.894795,0.8784564,-0.2204587,-0.4239248,0.0,0.0,0.0,0.0,0.0,0.0,0.0,-0.4575505,-0.582729,-2.811783,2.145853,0.01790489,-1.962152,0.02422462,0.8749911,-0.09495682,0.4741173,10.90279,122.8321,357.2187,0.7068714,0.006785671,-0.707309,0.0,0.0,0.0,3.699862,-0.3795753,-2.481172,0.2348483,-0.05530835,2.025882,-0.5492522,-0.04764869,-0.8342973,0.132434,0.9807928,-0.1432021,0.8250961,-0.1891433,-0.5323923,moving,-64.23901,27.47632,6.612441,-1.563837,-53.81056459471337,26.67801364319615,76.57191931374092,66.6973892506398,108.29164273767837
05/18/2023 18:41:29.970899,4266,True,True,True,True,Eyes,1.965658,0.01805629,-1.898187,0.8748885,-0.2222974,-0.4302952,0.0,0.0,0.0,0.0,0.0,0.0,0.0,-0.420591,-0.5838132,-2.82681,2.153561,0.01638171,-1.967357,0.02273487,0.8779437,-0.09569421,0.4685519,10.91387,123.5455,357.0955,0.7080395,0.006777731,-0.7061399,0.0,0.0,0.0,3.708843,-0.3783986,-2.489656,0.2317375,-0.05728546,2.026129,-0.5598848,-0.04975552,-0.8270755,0.1295953,0.9806515,-0.1467233,0.8183731,-0.1893332,-0.5426039,moving,-63.81072,27.3216,6.524824,-1.619512,-53.40852856617539,26.542995012802866,76.05706222023356,66.22034091627476,108.7669741685092
05/18/2023 18:41:29.990779,4267,True,True,True,True,Eyes,1.974014,0.01782698,-1.901664,0.8711888,-0.2241513,-0.436791,0.0,0.0,0.0,0.0,0.0,0.0,0.0,-0.38525,-0.5875612,-2.840445,2.161135,0.01521105,-1.972572,0.02186393,0.8806936,-0.0966623,0.4632033,10.98282,124.2289,357.0198,0.7091767,0.006760804,-0.7049979,0.0,0.0,0.0,3.716286,-0.3836991,-2.497438,0.2284946,-0.05934693,2.026386,-0.5699293,-0.05103775,-0.8201072,0.1280594,0.9803568,-0.1500048,0.8116534,-0.1905146,-0.5521982,moving,-63.37202,27.16588,6.433479,-1.677547,-52.99677364940351,26.407278663166498,75.52980187808869,65.73212580239884,109.254269582381
05/18/2023 18:41:30.001400,4268,True,True,True,True,Eyes,1.982331,0.01753896,-1.90524,0.8674388,-0.2258089,-0.4433512,0.0,0.0,0.0,0.0,0.0,0.0,0.0,-0.3482428,-0.594154,-2.853628,2.169051,0.01456338,-1.978002,0.02099326,0.8834626,-0.09806668,0.4576418,11.09821,124.9319,356.9235,0.7102832,0.006735172,-0.7038832,0.0,0.0,0.0,3.72143,-0.3971372,-2.506025,0.2253677,-0.06133442,2.026635,-0.5802465,-0.0526653,-0.8127364,0.1268523,0.9798844,-0.1540617,0.8045015,-0.1924913,-0.5618938,moving,-62.92825,26.99079,6.345387,-1.73348,-52.57992291052629,26.25354736248993,74.99280278960555,65.23393172759349,109.74408203497298
05/18/2023 18:41:30.022420,4269,True,True,True,True,Eyes,1.990612,0.01721052,-1.908888,0.8635687,-0.2274576,-0.4500135,0.0,0.0,0.0,0.0,0.0,0.0,0.0,-0.3144653,-0.5842563,-2.869242,2.176814,0.01285155,-1.98346,0.01945173,0.8862313,-0.09688847,0.4525798,10.91416,125.5982,356.8929,0.7113597,0.006699617,-0.7027958,0.0,0.0,0.0,3.742896,-0.3416778,-2.515714,0.2220768,-0.06342646,2.026896,-0.5895864,-0.05322206,-0.8059499,0.122177,0.9804685,-0.1541243,0.7984114,-0.1893381,-0.5715684,moving,-62.47557,26.81415,6.252672,-1.792339,-52.15474037807253,26.098569183123512,74.443955169763,64.72502282720066,110.245277682093
05/18/2023 18:41:30.040979,4270,True,True,True,True,Eyes,1.998884,0.01686489,-1.912601,0.85962,-0.2290579,-0.4567122,0.0,0.0,0.0,0.0,0.0,0.0,0.0,-0.2793255,-0.5874213,-2.881599,2.184331,0.01156655,-1.988784,0.01890676,0.8888371,-0.09769735,0.4472881,10.98707,126.2722,356.8591,0.7124063,0.006653734,-0.7017354,0.0,0.0,0.0,3.748277,-0.3510878,-2.522291,0.2189569,-0.06540956,2.027143,-0.599152,-0.05378766,-0.7988267,0.1210078,0.9801955,-0.1567605,0.7914381,-0.1905876,-0.5807774,moving,-62.01849,26.63545,6.164767,-1.848115,-51.72541853338125,25.94176349892892,73.89363984970069,64.21488089278478,110.74612619522304
05/18/2023 18:41:30.050921,4271,True,True,True,True,Eyes,2.007138,0.01649015,-1.916395,0.8555866,-0.2304199,-0.4635495,0.0,0.0,0.0,0.0,0.0,0.0,0.0,-0.2417959,-0.5901195,-2.894219,2.192212,0.01080383,-1.994318,0.0177767,0.8915471,-0.09856019,0.4417168,11.03722,126.9752,356.7658,0.7134238,0.006598028,-0.7007014,0.0,0.0,0.0,3.742585,-0.4036629,-2.537719,0.2158048,-0.06741299,2.027392,-0.6091404,-0.05537385,-0.7911268,0.1187689,0.9799398,-0.1600376,0.7841184,-0.1914466,-0.5903442,moving,-61.55154,26.43093,6.075942,-1.904445,-51.28640459148448,25.76101531769621,73.3237328431317,63.68529265907171,111.25797700546873
05/18/2023 18:41:30.070974,4272,True,True,True,True,Eyes,2.015381,0.0160724,-1.920231,0.8514754,-0.2317466,-0.4704076,0.0,0.0,0.0,0.0,0.0,0.0,0.0,-0.2058138,-0.5759351,-2.909721,2.200107,0.009692043,-1.999993,0.01580343,0.8943983,-0.09673277,0.4363996,10.76775,127.6732,356.7229,0.7144128,0.006532523,-0.6996936,0.0,0.0,0.0,3.764824,-0.3344361,-2.550089,0.2125475,-0.0694834,2.027651,-0.6186113,-0.05615916,-0.7836877,0.1126974,0.980786,-0.159242,0.7775728,-0.1868285,-0.6003963,moving,-61.08103,26.22719,5.984147,-1.96264,-50.84408852902761,25.581078743929123,72.7489139538882,63.15144333732451,111.77492940288782
05/18/2023 18:41:30.090778,4273,True,True,True,True,Eyes,2.023601,0.01570877,-1.924146,0.8472139,-0.2331822,-0.4773414,0.0,0.0,0.0,0.0,0.0,0.0,0.0,-0.1707815,-0.5728707,-2.921978,2.2076,0.008203104,-2.005427,0.01521704,0.8969713,-0.09650034,0.4311597,10.73332,128.3477,356.7375,0.7153751,0.006456732,-0.6987106,0.0,0.0,0.0,3.767274,-0.346754,-2.563739,0.2094408,-0.07145792,2.027897,-0.6277397,-0.05591561,-0.7764126,0.1105126,0.9809123,-0.1599941,0.7705387,-0.186238,-0.6095783,moving,-60.60201,26.0356,5.89659,-2.018122,-50.39407632004082,25.41270982855901,72.17392271460159,62.618604659963985,112.29481123084216
05/18/2023 18:41:30.101082,4274,True,True,True,True,Eyes,2.031813,0.01543069,-1.928164,0.842913,-0.2343917,-0.4843123,0.0,0.0,0.0,0.0,0.0,0.0,0.0,-0.1347872,-0.5851593,-2.931579,2.215,0.008506238,-2.012072,0.01509527,0.8993688,-0.09855518,0.42567,10.96014,129.0257,356.6861,0.7163111,0.006373682,-0.6977517,0.0,0.0,0.0,3.766754,-0.3712223,-2.58084,0.2060916,-0.07358652,2.028163,-0.6371546,-0.05675155,-0.7686441,0.1110564,0.980118,-0.1644237,0.7626932,-0.1901261,-0.6181841,moving,-60.11963,25.8255,5.802188,-2.077914,-49.94057811642643,25.227091806032305,71.5841225501893,62.07108277111071,112.82414264007556
05/18/2023 18:41:30.122592,4275,True,True,True,True,Eyes,2.03998,0.01510483,-1.932328,0.8385472,-0.2351077,-0.4914905,0.0,0.0,0.0,0.0,0.0,0.0,0.0,-0.09610295,-0.568969,-2.946809,2.223122,0.010225,-2.018481,0.01237541,0.9023147,-0.09623612,0.4200164,10.6067,129.7603,356.5874,0.7172208,0.006287249,-0.6968172,0.0,0.0,0.0,3.779209,-0.3385318,-2.59434,0.2029579,-0.07557868,2.028411,-0.6468664,-0.05850847,-0.7603559,0.1031745,0.9811709,-0.1632748,0.755592,-0.1840663,-0.6286499,moving,-59.62452,25.56443,5.713861,-2.133856,-49.47424026489645,24.99405545319691,70.9668872012783,61.495122579249795,113.36413626235203
05/18/2023 18:41:30.140964,4276,True,True,True,True,Eyes,2.048081,0.01478558,-1.936595,0.8339804,-0.2358118,-0.498868,0.0,0.0,0.0,0.0,0.0,0.0,0.0,-0.05633032,-0.5330483,-2.964732,2.2306,0.009318799,-2.025162,0.009011824,0.9056234,-0.09112568,0.414079,9.934036,130.5581,356.5576,0.7181028,0.006196176,-0.6959091,0.0,0.0,0.0,3.783258,-0.3374092,-2.611998,0.1997206,-0.07763682,2.028667,-0.6569151,-0.05914383,-0.7516416,0.0917891,0.9832298,-0.1575879,0.7483568,-0.1725143,-0.6404697,moving,-59.1131,25.29981,5.622602,-2.191632,-48.9926371578133,24.758069558212465,70.33129102094009,60.90246926309197,113.92140996540662
05/18/2023 18:41:30.150940,4277,True,True,True,True,Eyes,2.056145,0.01462993,-1.94099,0.8290159,-0.2366325,-0.5066929,0.0,0.0,0.0,0.0,0.0,0.0,0.0,0.002331257,-0.5283739,-2.975613,2.237258,0.009148404,-2.03176,0.007706988,0.9096739,-0.09087908,0.405185,9.880056,131.6819,356.5302,0.7189568,0.00610118,-0.6950277,0.0,0.0,0.0,3.785629,-0.3486697,-2.627068,0.1965672,-0.07964054,2.02892,-0.6715314,-0.05962398,-0.7385732,0.08766736,0.9833632,-0.1590952,0.7357716,-0.1715862,-0.6551322,moving,-58.56681,25.03322,5.533698,-2.247859,-48.478505522279285,24.521037953430167,69.66442705759019,60.28177148554513,114.50841652567475
05/18/2023 18:41:30.171035,4278,True,True,True,True,Eyes,2.064214,0.01480212,-1.945495,0.8238619,-0.2373518,-0.5146997,0.0,0.0,0.0,0.0,0.0,0.0,0.0,0.07900071,-0.5376529,-2.983505,2.244644,0.01294851,-2.039123,0.006145309,0.9145499,-0.09269825,0.3936594,10.04332,133.106,356.405,0.7197815,0.006008575,-0.6941742,0.0,0.0,0.0,3.791224,-0.343744,-2.642153,0.1933185,-0.08170576,2.029177,-0.6899889,-0.06174269,-0.7211816,0.08422346,0.9827385,-0.164716,0.718903,-0.1743927,-0.6728784,moving,-58.00532,24.75661,5.442112,-2.305796,-47.95001871580269,24.27497524174717,68.97789824214318,59.64274492492322,115.11204774854932
05/18/2023 18:41:30.190843,4279,True,True,True,True,Eyes,2.072273,0.01503021,-1.950127,0.8185928,-0.2372368,-0.5230913,0.0,0.0,0.0,0.0,0.0,0.0,0.0,0.1491148,-0.5238601,-2.994311,2.252538,0.02091342,-2.046507,0.002282183,0.9191644,-0.09062213,0.3833007,9.69148,134.4048,356.2031,0.7205791,0.005929575,-0.6933469,0.0,0.0,0.0,3.794346,-0.3505438,-2.656164,0.1901956,-0.08369092,2.029423,-0.7061509,-0.06527565,-0.7050462,0.07366644,0.9835648,-0.1648437,0.7042189,-0.1683428,-0.6897366,moving,-57.4209,24.39565,5.354065,-2.361469,-47.39854758413042,23.95048282465506,68.23957537918437,58.95046177320686,115.74199819752127
05/18/2023 18:41:30.201436,4280,True,True,True,True,Eyes,2.08028,0.01517193,-1.9548,0.8132817,-0.2373859,-0.5312448,0.0,0.0,0.0,0.0,0.0,0.0,0.0,0.2058512,-0.4576918,-3.01287,2.260471,0.02230122,-2.054023,-0.004695409,0.9234507,-0.08163626,0.3749033,8.467793,135.5075,355.9485,0.7213486,0.005864836,-0.692547,0.0,0.0,0.0,3.794773,-0.3661889,-2.671514,0.1869217,-0.08577155,2.029682,-0.7188513,-0.06988337,-0.6916427,0.05253945,0.9866269,-0.1542948,0.693176,-0.1472535,-0.7055663,moving,-56.84698,24.07741,5.261759,-2.4198,-46.857679919833934,23.66573749174248,67.52479246879787,58.28285493651973,116.36200050189838
05/18/2023 18:41:30.223033,4281,True,True,True,True,Eyes,2.088221,0.01542913,-1.959513,0.8075388,-0.2386203,-0.53939,0.0,0.0,0.0,0.0,0.0,0.0,0.0,0.2583094,-0.4526753,-3.018495,2.26684,0.02034943,-2.06009,-0.006208475,0.9265711,-0.08196339,0.3670281,8.472367,136.4736,355.8446,0.7220906,0.005809875,-0.6917737,0.0,0.0,0.0,3.794642,-0.3817122,-2.686861,0.1836377,-0.08785909,2.029944,-0.7305039,-0.07167093,-0.6791376,0.04866056,0.9864869,-0.1564472,0.6811731,-0.1473324,-0.7171449,moving,-56.25933,23.86408,5.16916,-2.478302,-46.30603260105886,23.479506025945028,66.83846552034258,57.649833051171285,116.9834222726675
05/18/2023 18:41:30.241216,4282,True,True,True,True,Eyes,2.096138,0.01577927,-1.96433,0.8016726,-0.239696,-0.5476012,0.0,0.0,0.0,0.0,0.0,0.0,0.0,0.3234239,-0.5341125,-3.007635,2.273359,0.02362496,-2.065677,-0.003813237,0.9290206,-0.09543186,0.3574899,10.0548,137.5202,355.6131,0.7228064,0.005767696,-0.6910262,0.0,0.0,0.0,3.794869,-0.3951104,-2.702053,0.180374,-0.08993375,2.030204,-0.7443732,-0.075317,-0.6635031,0.0611467,0.9817564,-0.1800427,0.6649588,-0.1745899,-0.7261878,moving,-55.66406,23.63996,5.077127,-2.536424,-45.74707812757319,23.283349176008574,66.141476226982,57.006670782551126,117.61189048585396
05/18/2023 18:41:30.250751,4283,True,True,True,True,Eyes,2.292144,0.02374727,-2.086658,0.637349,-0.2538695,-0.7275552,2.015011,3.57641,-0.4878026,-3.55269,-0.100908,0.9917926,0.07851755,0.03022277,-0.1670344,2.02577,2.280777,0.02617989,-2.072923,-0.006075519,0.9315328,-0.09438827,0.351142,9.879975,138.3013,355.4819,0.7234945,0.005740267,-0.6903059,0.0,0.0,0.0,3.797228,-0.3949453,-2.719238,0.1774982,-0.09176127,2.030431,-0.753325,-0.07760646,-0.6530537,0.05496828,0.9821079,-0.1801183,0.6553475,-0.1715848,-0.7355806,moving,-41.21884,19.23567,4.996037,-2.587607,-32.20296708323906,19.4914702276448,51.1084168718212,43.2579652319563,131.08599683106894
05/18/2023 18:41:30.270974,4284,True,True,True,True,Eyes,2.292368,0.02379397,-2.086923,0.637183,-0.254593,-0.7274478,0.0,0.0,0.0,0.0,0.0,0.0,0.0,0.4017818,-0.4925739,-3.025042,2.286785,0.02567387,-2.079636,-0.007263014,0.9340754,-0.08926066,0.3456632,9.307399,139.0288,355.6252,0.7255049,0.006019043,-0.6881904,0.5880196,0.02390399,-0.3669834,3.798768,-0.3985606,-2.735614,0.1743162,-0.09378374,2.030685,-0.7609284,-0.07527664,-0.6444542,0.04813984,0.9839596,-0.1717735,0.6470475,-0.1617312,-0.745099,moving,-41.21563,19.28908,4.906303,-2.644229,-32.20100119379634,19.541537401496363,51.07154537847831,43.23378604000233,131.13803246652165
05/18/2023 18:41:30.290922,4285,True,True,True,True,Eyes,2.292861,0.0239549,-2.087481,0.6366294,-0.2551631,-0.7277327,0.0,0.0,0.0,0.0,0.0,0.0,0.0,0.4533786,-0.5338002,-3.019719,2.29292,0.02701148,-2.085901,-0.005457353,0.9362594,-0.0958695,0.3379312,10.12691,139.9198,355.6298,0.7271978,0.006247188,-0.6863992,0.5527384,0.02246975,-0.3449644,3.797813,-0.4128303,-2.75034,0.1710833,-0.09583885,2.03094,-0.7715454,-0.0750136,-0.6317362,0.05457561,0.9815586,-0.1832059,0.6338291,-0.1758291,-0.753223,moving,-41.17983,19.32207,4.815141,-2.70175,-32.168277099285945,19.57323680365464,50.99594106086524,43.17346698389625,131.22351477045675
05/18/2023 18:41:30.301239,4286,True,True,True,True,Eyes,2.293595,0.02412001,-2.088301,0.6362211,-0.2549149,-0.7281765,0.0,0.0,0.0,0.0,0.0,0.0,0.0,0.5009665,-0.5221724,-3.024838,2.3,0.02988996,-2.093413,-0.008660391,0.9388199,-0.09503676,0.3309235,9.945594,140.7647,355.3903,0.7286259,0.006437666,-0.6848812,0.5195741,0.02112157,-0.3242666,3.796096,-0.4288223,-2.765432,0.1677737,-0.09794277,2.031202,-0.7808294,-0.07916088,-0.619709,0.04663869,0.9817861,-0.1841766,0.6230012,-0.1727129,-0.7629156,moving,-41.1443,19.29377,4.721811,-2.760614,-32.13462826034183,19.54756037326059,50.892985684510364,43.081919163601185,131.32433842619926
05/18/2023 18:41:30.323375,4287,True,True,True,True,Eyes,2.294534,0.02425198,-2.089358,0.635438,-0.2545234,-0.7289969,0.0,0.0,0.0,0.0,0.0,0.0,0.0,0.539929,-0.4593776,-3.038119,2.306354,0.02998015,-2.100607,-0.01290369,0.9417393,-0.08583996,0.3249494,8.81773,141.5671,355.3511,0.7298323,0.006597908,-0.683594,0.4883997,0.01985427,-0.3048106,3.796544,-0.4333084,-2.781115,0.1647161,-0.09988604,2.031446,-0.7884827,-0.08009112,-0.6098201,0.03148347,0.98493,-0.1700638,0.6142507,-0.1532916,-0.7740788,moving,-41.07738,19.24623,4.635581,-2.814961,-32.0713619842555,19.504593222067573,50.757964416690335,42.960006563328164,131.4517380211359
05/18/2023 18:41:30.341063,4288,True,True,True,True,Eyes,2.295696,0.02439494,-2.090652,0.6346658,-0.2541368,-0.7298039,0.0,0.0,0.0,0.0,0.0,0.0,0.0,0.5821542,-0.4437993,-3.041792,2.312338,0.02928019,-2.107271,-0.01350931,0.9441361,-0.08360066,0.3184892,8.583795,142.375,355.4314,0.7308525,0.006732825,-0.6825019,0.4590957,0.01866302,-0.2865219,3.795917,-0.4382881,-2.799027,0.1612549,-0.1020863,2.031721,-0.7967644,-0.07876108,-0.5991356,0.02774258,0.9856569,-0.166466,0.6036532,-0.1492557,-0.7831512,moving,-41.01149,19.19946,4.537975,-2.876477,-32.00907020667404,19.46232323879709,50.61719822564456,42.83349751593438,131.58573039470116
05/18/2023 18:41:30.361112,4289,True,True,True,True,Eyes,2.297039,0.02453139,-2.09218,0.6336355,-0.253504,-0.7309184,0.0,0.0,0.0,0.0,0.0,0.0,0.0,0.6236261,-0.4330275,-3.044841,2.318603,0.0296621,-2.114398,-0.01435225,0.9463493,-0.08217339,0.3121934,8.428095,143.1499,355.45,0.7317175,0.006847856,-0.6815733,0.4315499,0.01754324,-0.2693306,3.79389,-0.446767,-2.816267,0.1583328,-0.1039437,2.031951,-0.8046585,-0.07847246,-0.5885291,0.0241435,0.9860831,-0.1644908,0.5932466,-0.1465681,-0.7915655,moving,-40.92212,19.12805,4.455572,-2.928392,-31.924427629051472,19.39752685572038,50.45415309908817,42.68431826516614,131.73535542241933
05/18/2023 18:41:30.370816,4290,True,True,True,True,Eyes,2.298531,0.02467499,-2.093931,0.6319284,-0.2527824,-0.7326443,0.0,0.0,0.0,0.0,0.0,0.0,0.0,0.6555591,-0.4108678,-3.050542,2.324364,0.02964999,-2.121517,-0.01502503,0.9482642,-0.07855064,0.3072443,8.032849,143.7823,355.5537,0.7324778,0.006952609,-0.6807549,0.4056569,0.01649064,-0.2531708,3.790747,-0.4562207,-2.834925,0.1551823,-0.105946,2.032202,-0.8107502,-0.07676387,-0.5803372,0.01977309,0.9872081,-0.1582062,0.585058,-0.1397408,-0.7988613,moving,-40.77879,19.03584,4.366725,-2.984332,-31.78910769018768,19.31449623210336,50.22952816346984,42.479194649212616,131.94060548241205
05/18/2023 18:41:30.391070,4291,True,True,True,True,Eyes,2.300171,0.0248306,-2.095902,0.6299083,-0.2522428,-0.7345672,0.0,0.0,0.0,0.0,0.0,0.0,0.0,0.6917096,-0.415798,-3.05082,2.329701,0.02999083,-2.128484,-0.01415486,0.950026,-0.079025,0.3016708,8.141102,144.459,355.6796,0.733155,0.007050895,-0.6800247,0.3813175,0.0155012,-0.2379805,3.788506,-0.4620672,-2.853301,0.1519277,-0.1080145,2.032459,-0.8175889,-0.07457406,-0.5709531,0.0207841,0.9871094,-0.1586919,0.5754275,-0.1416114,-0.8054996,moving,-40.61385,18.95194,4.274948,-3.042108,-31.633811755746407,19.2397387875223,49.9874217509876,42.26014343868855,132.16426173511022
05/18/2023 18:41:30.401187,4292,True,True,True,True,Eyes,2.301894,0.02499499,-2.098105,0.6273719,-0.2518247,-0.7368778,0.0,0.0,0.0,0.0,0.0,0.0,0.0,0.727971,-0.4266634,-3.049955,2.334991,0.03039713,-2.135674,-0.0128786,0.9516966,-0.08033201,0.2960649,8.353356,145.1338,355.8221,0.7337554,0.007143614,-0.6793757,0.3584385,0.01457113,-0.2237017,3.785545,-0.4677694,-2.872927,0.1487007,-0.1100656,2.032715,-0.8243595,-0.07208001,-0.5614588,0.02305394,0.9867618,-0.1605292,0.565597,-0.1452776,-0.8117847,moving,-40.41081,18.86763,4.183947,-3.099374,-31.44300762575572,19.165469794039986,49.71158433026516,42.011940744015355,132.41995590316307
05/18/2023 18:41:30.423623,4293,True,True,True,True,Eyes,2.303738,0.02515006,-2.100482,0.6245281,-0.2517726,-0.7393073,0.0,0.0,0.0,0.0,0.0,0.0,0.0,0.7632762,-0.4363151,-3.048739,2.340074,0.03088711,-2.142632,-0.01246762,0.9532358,-0.08189742,0.2906526,8.562468,145.7759,355.8607,0.7342852,0.007231634,-0.6788021,0.3369322,0.01369686,-0.2102796,3.782397,-0.471456,-2.893431,0.1455274,-0.1120826,2.032968,-0.8307314,-0.07137655,-0.5520787,0.02383822,0.9862748,-0.1633826,0.5561629,-0.1488876,-0.8176279,moving,-40.18937,18.80638,4.09446,-3.155665,-31.235501565138662,19.11320702504468,49.430648590231186,41.762529203365936,132.6843292686984
05/18/2023 18:41:30.440740,4294,True,True,True,True,Eyes,2.305674,0.02530399,-2.103041,0.6212387,-0.2520163,-0.7419908,0.0,0.0,0.0,0.0,0.0,0.0,0.0,0.8028724,-0.4596574,-3.043455,2.344928,0.03089789,-2.149153,-0.01214742,0.9546695,-0.086192,0.2846571,9.070753,146.4606,355.8034,0.7347505,0.007315055,-0.6782975,0.3167162,0.01287505,-0.1976628,3.780386,-0.4707407,-2.914325,0.1423566,-0.1140982,2.033219,-0.8376458,-0.07226387,-0.5414128,0.02587678,0.9848468,-0.1714855,0.5456009,-0.1576541,-0.8230829,moving,-39.93807,18.75999,4.005051,-3.211899,-31.00045814265196,19.07553733922924,49.13004976029398,41.498379352831186,132.96987030802563
05/18/2023 18:41:30.451370,4295,True,True,True,True,Eyes,2.307716,0.02546407,-2.105774,0.6177124,-0.2524011,-0.7447986,0.0,0.0,0.0,0.0,0.0,0.0,0.0,0.8412949,-0.4814593,-3.038068,2.349616,0.03113766,-2.155868,-0.01196153,0.9560227,-0.09023714,0.2788099,9.547633,147.1273,355.7438,0.7351561,0.007394217,-0.677857,0.2977132,0.01210255,-0.185803,3.778507,-0.4703636,-2.934607,0.1391744,-0.1161212,2.033471,-0.8442442,-0.07318899,-0.5309384,0.02744704,0.9834284,-0.1792075,0.535256,-0.1658675,-0.8282449,moving,-39.67124,18.72075,3.915321,-3.268323,-30.75108160500958,19.044915840741776,48.81913181536568,41.22669156185835,133.26632865693327
05/18/2023 18:41:30.470788,4296,True,True,True,True,Eyes,2.309854,0.02561177,-2.108669,0.613857,-0.2528048,-0.7478431,0.0,0.0,0.0,0.0,0.0,0.0,0.0,0.8778111,-0.4896885,-3.034943,2.354317,0.03147891,-2.162736,-0.01227608,0.9574604,-0.0920402,0.2732169,9.761169,147.7803,355.7054,0.7355069,0.007469677,-0.6774756,0.2798505,0.01137639,-0.1746549,3.775687,-0.4763937,-2.953184,0.135815,-0.1182564,2.033738,-0.8504037,-0.07380159,-0.520929,0.02678617,0.9827558,-0.1829578,0.5254486,-0.1695416,-0.8337623,moving,-39.3804,18.67758,3.820595,-3.327848,-30.479257911906807,19.011165383018238,48.482624005443526,40.93301147857447,133.58671131272192
05/18/2023 18:41:30.490810,4297,True,True,True,True,Eyes,2.312078,0.0257461,-2.111724,0.6097944,-0.253268,-0.7510034,0.0,0.0,0.0,0.0,0.0,0.0,0.0,0.9139456,-0.4957739,-3.031582,2.358744,0.03136028,-2.169544,-0.01259902,0.9588839,-0.09354733,0.2676412,9.942398,148.4332,355.6776,0.7358076,0.007541431,-0.6771483,0.2630594,0.01069381,-0.1641756,3.773129,-0.4795448,-2.972544,0.1326517,-0.1202669,2.03399,-0.856419,-0.07423624,-0.5109165,0.02591223,0.9821804,-0.1861461,0.5156309,-0.172658,-0.8392342,moving,-39.07566,18.63614,3.731402,-3.383877,-30.19451585950287,18.97935248136104,48.138609304300985,40.63350754544519,133.91389284736223
05/18/2023 18:41:30.501428,4298,True,True,True,True,Eyes,2.314366,0.02587222,-2.114955,0.6054904,-0.253584,-0.7543716,0.0,0.0,0.0,0.0,0.0,0.0,0.0,0.9494476,-0.4975895,-3.028755,2.363167,0.03118958,-2.176436,-0.01309426,0.9603119,-0.09437995,0.2621488,10.04392,149.0803,355.6532,0.7360618,0.007609475,-0.6768702,0.2472759,0.01005218,-0.154325,3.770927,-0.4786085,-2.994035,0.1292733,-0.1224141,2.034258,-0.862213,-0.07463234,-0.5010176,0.02433403,0.9818419,-0.1881337,0.5059609,-0.1744031,-0.8447408,moving,-38.752,18.5802,3.63615,-3.443695,-29.89186647917508,18.934400193371932,47.76826573566938,40.310135617626635,134.2640526622159
05/18/2023 18:41:30.524368,4299,True,True,True,True,Eyes,2.316734,0.02598097,-2.11835,0.6010106,-0.2538176,-0.7578673,0.0,0.0,0.0,0.0,0.0,0.0,0.0,0.9848442,-0.4913442,-3.027065,2.36754,0.03114032,-2.183631,-0.01398864,0.9618308,-0.09394783,0.2566313,9.993938,149.7385,355.6248,0.7362724,0.007673724,-0.6766397,0.2324393,0.009449051,-0.1450655,3.766594,-0.483748,-3.015017,0.1261669,-0.1243885,2.034503,-0.8678893,-0.07512932,-0.4910434,0.0213105,0.9819562,-0.1879037,0.4963003,-0.173544,-0.8506282,moving,-38.41543,18.51623,3.548573,-3.498679,-29.577033868069684,18.882227085158167,47.38811840601281,39.9776285886316,134.62146382745087
05/18/2023 18:41:30.541215,4300,True,True,True,True,Eyes,2.319154,0.02605899,-2.121911,0.5963396,-0.2538686,-0.7615312,0.0,0.0,0.0,0.0,0.0,0.0,0.0,1.019154,-0.4817504,-3.02597,2.371939,0.03081575,-2.190937,-0.01487147,0.9633328,-0.09293452,0.2512611,9.879725,150.3837,355.6133,0.7364424,0.007733949,-0.6764537,0.218493,0.008882108,-0.1363616,3.763103,-0.4877831,-3.035651,0.1230921,-0.1263434,2.034748,-0.8732937,-0.07535401,-0.4813319,0.0180493,0.982284,-0.186527,0.4868602,-0.1715805,-0.8564624,moving,-38.06377,18.43663,3.461891,-3.553099,-29.247840909267172,18.81576918939004,46.98860184108867,39.62692046640057,134.99462282772106
05/18/2023 18:41:30.551341,4301,True,True,True,True,Eyes,2.321641,0.02611042,-2.125623,0.5915097,-0.2539758,-0.7652532,0.0,0.0,0.0,0.0,0.0,0.0,0.0,1.051895,-0.472657,-3.024793,2.376136,0.03014628,-2.198256,-0.01550709,0.9647532,-0.0919142,0.2460945,9.771345,151.0056,355.626,0.7365741,0.007789532,-0.6763096,0.2053834,0.008349182,-0.1281799,3.75996,-0.4902659,-3.056018,0.1197482,-0.1284685,2.035013,-0.878394,-0.07516019,-0.4719902,0.01531812,0.9826226,-0.1849815,0.4776916,-0.1697166,-0.8619785,moving,-37.70257,18.36021,3.367628,-3.612236,-28.9098199251604,18.752506288229537,46.57842362062203,39.268503182326214,135.37891037188922
05/18/2023 18:41:30.570814,4302,True,True,True,True,Eyes,2.324199,0.02613285,-2.129479,0.586536,-0.2541333,-0.7690199,0.0,0.0,0.0,0.0,0.0,0.0,0.0,1.084443,-0.4729626,-3.021856,2.380334,0.02957258,-2.205551,-0.01598224,0.9659714,-0.09252712,0.2410039,9.849077,151.6034,355.6066,0.7366698,0.007840046,-0.6762047,0.1930604,0.007848231,-0.1204891,3.756229,-0.494031,-3.077034,0.1165153,-0.1305237,2.035269,-0.8833236,-0.07547556,-0.462648,0.01372201,0.9823666,-0.1864606,0.4685632,-0.1710535,-0.8667119,moving,-37.33298,18.28686,3.276498,-3.669406,-28.56404033671638,18.69230909067949,46.165001029949515,38.90843331937985,135.76638307131057
05/18/2023 18:41:30.591256,4303,True,True,True,True,Eyes,2.326801,0.02612882,-2.13348,0.5814192,-0.2544473,-0.7727925,0.0,0.0,0.0,0.0,0.0,0.0,0.0,1.115694,-0.4757637,-3.018627,2.384286,0.02887022,-2.213048,-0.01639968,0.9670778,-0.09357981,0.2360818,9.9771,152.1767,355.5798,0.7367321,0.007885039,-0.6761365,0.1814768,0.007377337,-0.1132598,3.752454,-0.4976364,-3.097737,0.1134263,-0.1324871,2.035513,-0.8879929,-0.07590449,-0.4535495,0.01246546,0.9819478,-0.1887412,0.4596882,-0.1732546,-0.8710164,moving,-36.95639,18.22449,3.189433,-3.724004,-28.211949114587,18.642549820778537,45.75394511094497,38.55268510135303,136.15279873656198
05/18/2023 18:41:30.600993,4304,True,True,True,True,Eyes,2.329453,0.0261033,-2.137624,0.5761806,-0.2548946,-0.7765595,0.0,0.0,0.0,0.0,0.0,0.0,0.0,1.146574,-0.4854271,-3.014203,2.388331,0.02861387,-2.220528,-0.01627582,0.968065,-0.09546972,0.231238,10.21338,152.7372,355.5906,0.7367626,0.007924191,-0.6761029,0.1705882,0.006934697,-0.1064642,3.7472,-0.5043371,-3.118675,0.1102253,-0.1345219,2.035768,-0.8925285,-0.07566455,-0.4445991,0.01264034,0.9812413,-0.192369,0.4508144,-0.1773146,-0.8748294,moving,-36.57415,18.17169,3.099216,-3.780562,-27.854777082628907,18.601877762010197,45.341783573669225,38.198472449293746,136.54172199442598
05/18/2023 18:41:30.624626,4305,True,True,True,True,Eyes,2.332141,0.02604361,-2.141906,0.5708445,-0.2554227,-0.7803178,0.0,0.0,0.0,0.0,0.0,0.0,0.0,1.176229,-0.4923366,-3.010255,2.39209,0.0280733,-2.228152,-0.01659192,0.9689956,-0.09718116,0.2265572,10.41742,153.2753,355.5571,0.7367631,0.007957377,-0.6761022,0.1603529,0.006518615,-0.1000763,3.742202,-0.5083807,-3.140537,0.1069625,-0.1365957,2.036028,-0.8967932,-0.07618917,-0.4358409,0.01187917,0.9805611,-0.1958542,0.4422906,-0.1808182,-0.8784555,moving,-36.18748,18.12491,3.007262,-3.838181,-27.493592862563855,18.566942056742764,44.92889011227459,37.84562968871005,136.93210171301243
05/18/2023 18:41:30.641165,4306,True,True,True,True,Eyes,2.334864,0.02593313,-2.146322,0.5655957,-0.2564783,-0.7837859,0.0,0.0,0.0,0.0,0.0,0.0,0.0,1.203904,-0.4955298,-3.007317,2.395722,0.02721717,-2.23577,-0.01714378,0.9698775,-0.09839949,0.2221743,10.5593,153.78,355.5089,0.736735,0.007984087,-0.6761326,0.1507317,0.006127498,-0.09407175,3.736911,-0.5138388,-3.161443,0.1039225,-0.138528,2.036269,-0.9006895,-0.07697841,-0.4275899,0.01046895,0.9800473,-0.1984887,0.4343376,-0.1832531,-0.8819124,moving,-35.81498,18.11965,2.921598,-3.891854,-27.14640866387516,18.57054617479761,44.55366184156023,37.5319123726941,137.29195977159605
05/18/2023 18:41:30.650838,4307,True,True,True,True,Eyes,2.337606,0.02578798,-2.150872,0.5602657,-0.2577161,-0.7872006,0.0,0.0,0.0,0.0,0.0,0.0,0.0,1.230953,-0.5051827,-3.003261,2.399232,0.0259332,-2.243444,-0.01726516,0.9706239,-0.1006054,0.2178757,10.82306,154.269,355.4829,0.7366797,0.008003348,-0.6761928,0.1416878,0.005759848,-0.08842744,3.731228,-0.5205579,-3.182413,0.1006035,-0.1406377,2.03653,-0.9044642,-0.07735489,-0.4194767,0.01032296,0.979161,-0.2028233,0.4264246,-0.1877767,-0.8848177,moving,-35.44019,18.12757,2.82808,-3.95043,-26.79734367852004,18.58653967353001,44.18029620535494,37.22338955814512,137.65202037033512
05/18/2023 18:41:30.670916,4308,True,True,True,True,Eyes,2.340361,0.02560745,-2.155566,0.5550048,-0.2591881,-0.7904373,0.0,0.0,0.0,0.0,0.0,0.0,0.0,1.255584,-0.5194347,-2.999083,2.402517,0.02500446,-2.251242,-0.01703985,0.9712188,-0.1033333,0.2139295,11.1529,154.7142,355.4805,0.736598,0.008014803,-0.6762816,0.1331865,0.005414257,-0.08312179,3.728126,-0.5178365,-3.204167,0.09744036,-0.1426477,2.036782,-0.9078876,-0.07731092,-0.4120232,0.01111325,0.9780638,-0.2080091,0.4190663,-0.1934278,-0.8871127,moving,-35.07457,18.15456,2.738961,-4.006216,-26.457189002568317,18.620173450899276,43.82879327120629,36.937361499655545,137.99319459709884
05/18/2023 18:41:30.690936,4309,True,True,True,True,Eyes,2.343113,0.02537939,-2.160393,0.5497169,-0.2607673,-0.7936068,0.0,0.0,0.0,0.0,0.0,0.0,0.0,1.277163,-0.5279567,-2.997087,2.405596,0.02400447,-2.259411,-0.01687656,0.9718154,-0.104994,0.2103957,11.35972,155.1201,355.4965,0.7364908,0.00801811,-0.6763983,0.1251953,0.005089402,-0.07813448,3.722516,-0.5235211,-3.224496,0.09429443,-0.1446475,2.037032,-0.9108979,-0.07698238,-0.4053877,0.01137879,0.9773829,-0.2111712,0.4124754,-0.1969681,-0.88942,moving,-34.70964,18.18975,2.650336,-4.061696,-26.117834626185555,18.6614669279184,43.48441854057028,36.65992054855071,138.32814305852276
05/18/2023 18:41:30.700747,4310,True,True,True,True,Eyes,2.411779,0.01881602,-2.284698,0.4134851,-0.30192,-0.8589962,0.0,0.0,0.0,0.0,0.0,0.0,0.0,1.29607,-0.538581,-2.995309,2.408326,0.02267127,-2.267419,-0.01660487,0.9722755,-0.107001,0.2072575,11.60632,155.4767,355.5125,0.7363585,0.008012595,-0.6765423,0.1176836,0.004784038,-0.07344642,3.716816,-0.5280517,-3.245552,0.09102476,-0.1467261,2.037291,-0.9135376,-0.07664254,-0.3994693,0.01206452,0.9765501,-0.2149519,0.4065762,-0.201186,-0.8911905,moving,-25.70423,19.36555,2.558235,-4.119341,-17.74945665527111,19.968219616133467,36.74652409627482,31.50576005751126,144.6717568771496
05/18/2023 18:41:30.724940,4311,True,True,True,True,Eyes,2.411893,0.01876493,-2.285036,0.4133403,-0.30201,-0.8590342,0.0,0.0,0.0,0.0,0.0,0.0,0.0,1.31338,-0.548357,-2.994592,2.411081,0.02165461,-2.275843,-0.01745452,0.9725732,-0.109529,0.2044507,11.88294,155.7761,355.3849,0.7352638,0.00776137,-0.6777348,0.3166212,-0.01519311,-0.4419547,3.71329,-0.5217543,-3.26855,0.08792603,-0.1486958,2.037536,-0.9157903,-0.07873817,-0.3938631,0.01083496,0.9753975,-0.2201871,0.4015102,-0.2059127,-0.8924065,moving,-25.6954,19.3701,2.470959,-4.173946,-17.741316478628953,19.972680726094204,36.710569068961554,31.48961197400362,144.709048395749
05/18/2023 18:41:30.740913,4312,True,True,True,True,Eyes,2.412153,0.01867071,-2.285684,0.4131315,-0.3021449,-0.8590872,0.0,0.0,0.0,0.0,0.0,0.0,0.0,1.329782,-0.5468827,-2.996365,2.41396,0.0204143,-2.284291,-0.0201317,0.9728571,-0.1112639,0.2019012,12.02618,156.0313,355.0673,0.7343216,0.00754618,-0.678758,0.297624,-0.01428153,-0.4154374,3.708025,-0.5239683,-3.289189,0.08460987,-0.1508031,2.0378,-0.9176611,-0.08409917,-0.3883621,0.005758091,0.9744301,-0.224617,0.3973218,-0.2083586,-0.8937124,moving,-25.68271,19.377,2.377567,-4.232339,-17.72962478386028,19.97942988808864,36.67124259325896,31.472351582351695,144.74979865830912
05/18/2023 18:41:30.757506,4313,True,True,True,True,Eyes,2.412519,0.01853813,-2.286652,0.4128271,-0.3023486,-0.8591619,0.0,0.0,0.0,0.0,0.0,0.0,0.0,1.345021,-0.5432224,-2.999015,2.416865,0.01926401,-2.292738,-0.02335053,0.9730707,-0.1129476,0.1995776,12.15115,156.2527,354.6867,0.7334816,0.007353535,-0.6796677,0.2797665,-0.01342463,-0.3905112,3.70057,-0.5334046,-3.309403,0.08140206,-0.1528423,2.038056,-0.9192474,-0.09052704,-0.3831314,-0.0003598308,0.9733952,-0.2291324,0.393681,-0.2104914,-0.8948236,moving,-25.66428,19.38754,2.287237,-4.288822,-17.712654607419182,19.989717627629595,36.63137207580864,31.455415285112622,144.79103874206675
05/18/2023 18:41:30.771174,4314,True,True,True,True,Eyes,2.413006,0.01837575,-2.287921,0.4124342,-0.3024168,-0.8593265,0.0,0.0,0.0,0.0,0.0,0.0,0.0,1.358432,-0.5404848,-3.002449,2.419806,0.01824057,-2.301383,-0.02624888,0.9732313,-0.1145283,0.197523,12.27216,156.4459,354.3421,0.7327153,0.007175961,-0.6804956,0.2629806,-0.01261916,-0.3670805,3.696625,-0.5214398,-3.334115,0.07829654,-0.1548162,2.038302,-0.9205916,-0.09633643,-0.3784586,-0.005848514,0.9723885,-0.2332946,0.3904836,-0.2125556,-0.8957361,moving,-25.6387,19.38814,2.1998,-4.343474,-17.688831520613235,19.990864853958687,36.581027668656276,31.427976569006375,144.84110074640108
05/18/2023 18:41:30.791657,4315,True,True,True,True,Eyes,2.413571,0.01818881,-2.289483,0.4119316,-0.3025303,-0.8595277,0.0,0.0,0.0,0.0,0.0,0.0,0.0,1.369008,-0.5333841,-3.007823,2.422569,0.0173163,-2.310095,-0.02859429,0.9734705,-0.1148559,0.1958207,12.26414,156.6169,354.0878,0.7320128,0.007011031,-0.681253,0.2472017,-0.01186201,-0.3450556,3.692357,-0.500952,-3.36262,0.0752182,-0.1567729,2.038546,-0.9216734,-0.1006537,-0.3746828,-0.01068909,0.971981,-0.2348163,0.3878197,-0.2124189,-0.896925,moving,-25.60623,19.39068,2.113139,-4.397635,-17.65862579235224,19.99398572352429,36.5273506881814,31.39862806755033,144.89421324357915
05/18/2023 18:41:30.800569,4316,True,True,True,True,Eyes,2.41421,0.0180027,-2.291341,0.4112453,-0.3025981,-0.8598324,0.0,0.0,0.0,0.0,0.0,0.0,0.0,1.380983,-0.5330567,-3.011005,2.425047,0.01655425,-2.318681,-0.02984278,0.9737346,-0.1156764,0.1938283,12.33971,156.8295,353.95,0.7313644,0.006856663,-0.6819507,0.2323696,-0.01115029,-0.3243523,3.675186,-0.5012443,-3.395227,0.0718385,-0.1589211,2.038814,-0.9230803,-0.1029606,-0.3705703,-0.01327519,0.9714568,-0.2368449,0.3843788,-0.2137074,-0.8980994,moving,-25.56111,19.38834,2.018007,-4.457069,-17.61653954981456,19.992828334323686,36.45834917926167,31.357820362324347,144.96135103582654
05/18/2023 18:41:30.826470,4317,True,True,True,True,Eyes,2.414917,0.01781405,-2.293489,0.410425,-0.3025281,-0.8602489,0.0,0.0,0.0,0.0,0.0,0.0,0.0,1.394371,-0.532985,-3.013696,2.427447,0.01639464,-2.327646,-0.03049368,0.9741243,-0.1160316,0.1915432,12.37896,157.089,353.8961,0.7307621,0.006711945,-0.6825977,0.2184274,-0.01048127,-0.3048912,3.649572,-0.505026,-3.434207,0.0687052,-0.1609129,2.039061,-0.9247628,-0.1038594,-0.3660973,-0.01495913,0.9712136,-0.2377401,0.3802502,-0.2143767,-0.8996958,moving,-25.50583,19.37551,1.929824,-4.512157,-17.564785221945307,19.98208452020129,36.37768196450407,31.305073971583393,145.03818889979357
05/18/2023 18:41:30.840806,4318,True,True,True,True,Eyes,2.415694,0.01761386,-2.295918,0.4093877,-0.3022583,-0.8608378,0.0,0.0,0.0,0.0,0.0,0.0,0.0,1.407081,-0.52218,-3.018616,2.429828,0.01611343,-2.336721,-0.03071942,0.9747903,-0.1141247,0.1892504,12.17323,157.3799,353.9465,0.7301972,0.006575624,-0.6832034,0.2053218,-0.009852393,-0.2865977,3.630381,-0.4869183,-3.472443,0.06553435,-0.1629281,2.039313,-0.9264811,-0.1030863,-0.3619473,-0.01669367,0.9720638,-0.2341227,0.3759707,-0.210868,-0.9023196,moving,-25.43431,19.34725,1.840595,-4.567865,-17.497602852756323,19.95726945276903,36.27469046349328,31.23216476837217,145.13454854008285
05/18/2023 18:41:30.851105,4319,True,True,True,True,Eyes,2.41653,0.01739764,-2.298609,0.4082395,-0.3018828,-0.8615144,0.0,0.0,0.0,0.0,0.0,0.0,0.0,1.419303,-0.5056553,-3.024748,2.432197,0.01557872,-2.345928,-0.03085146,0.9755675,-0.1111457,0.1869836,11.84839,157.68,354.0319,0.7296638,0.00644671,-0.6837744,0.1930025,-0.009261249,-0.2694018,3.62084,-0.4451944,-3.510668,0.06224561,-0.165018,2.039575,-0.9281708,-0.1017602,-0.3579721,-0.01863055,0.9733897,-0.2283976,0.3716882,-0.2053227,-0.9053677,moving,-25.35453,19.31094,1.748062,-4.625612,-17.42256958595359,19.92510839162412,36.15949411658255,31.148852100070556,145.24174573686435
05/18/2023 18:41:30.871114,4320,True,True,True,True,Eyes,2.41745,0.01717939,-2.301549,0.4071596,-0.3015472,-0.8621429,0.0,0.0,0.0,0.0,0.0,0.0,0.0,1.430426,-0.4972983,-3.029669,2.434454,0.01494907,-2.354895,-0.03057244,0.9761665,-0.109389,0.1849284,11.66893,157.9454,354.1307,0.7291549,0.006323749,-0.6843182,0.1814223,-0.008705574,-0.2532377,3.604988,-0.4491605,-3.53697,0.05913329,-0.1669965,2.039822,-0.9297337,-0.1001458,-0.3543533,-0.01922931,0.9741988,-0.2248711,0.3677304,-0.2022562,-0.9076712,moving,-25.27971,19.27803,1.660507,-4.680262,-17.35222313920392,19.896016303538246,36.05239309067226,31.072131606942545,145.34149247183566
05/18/2023 18:41:30.890913,4321,True,True,True,True,Eyes,2.41842,0.01694997,-2.304743,0.4060047,-0.3010443,-0.8628629,0.0,0.0,0.0,0.0,0.0,0.0,0.0,1.44046,-0.4901413,-3.035041,2.43672,0.01461606,-2.364068,-0.03036938,0.9766976,-0.1078311,0.1830624,11.50876,158.1848,354.213,0.7286662,0.006206203,-0.6848396,0.170537,-0.00818324,-0.2380435,3.577919,-0.502685,-3.553868,0.05598044,-0.1690007,2.040073,-0.9311317,-0.09880304,-0.3510437,-0.01984377,0.9749003,-0.2217558,0.3641427,-0.1995178,-0.9097213,moving,-25.19849,19.23337,1.571825,-4.7356,-17.27568786859934,19.8560723071323,35.9327328220402,30.98352930499357,145.4521653868438
05/18/2023 18:41:30.900746,4322,True,True,True,True,Eyes,2.419451,0.01673942,-2.308175,0.4049585,-0.3008478,-0.863423,0.0,0.0,0.0,0.0,0.0,0.0,0.0,1.449294,-0.4761053,-3.04204,2.438898,0.01407744,-2.373333,-0.0306098,0.9772779,-0.1053568,0.1813583,11.23439,158.4092,354.2632,0.7281924,0.006093081,-0.6853445,0.1603047,-0.007692246,-0.2237608,3.568907,-0.4961035,-3.577252,0.05255926,-0.1711752,2.040344,-0.9323445,-0.09804323,-0.348025,-0.0216139,0.975926,-0.2170284,0.3609248,-0.1948231,-0.9120183,moving,-25.12729,19.21019,1.475613,-4.795614,-17.2089011638788,19.836004977211363,35.83284908730849,30.916463623427347,145.54615216696698
05/18/2023 18:41:30.926493,4323,True,True,True,True,Eyes,2.420526,0.01666791,-2.31187,0.403841,-0.3006295,-0.8640221,0.0,0.0,0.0,0.0,0.0,0.0,0.0,1.457382,-0.4687692,-3.048272,2.441026,0.01428756,-2.382616,-0.03018043,0.9777823,-0.1034895,0.1797806,11.042,158.619,354.3734,0.7277296,0.00598457,-0.6858369,0.1506865,-0.007230711,-0.2103352,3.561117,-0.4784045,-3.602259,0.04953074,-0.1731004,2.040583,-0.9335362,-0.09623057,-0.3453257,-0.02180899,0.9767581,-0.2132321,0.3578192,-0.1915286,-0.9139378,moving,-25.05123,19.18493,1.390458,-4.84873,-17.1375461502001,19.81410195255193,35.73205391920459,30.847077944428523,145.6402940565004
05/18/2023 18:41:30.941079,4324,True,True,True,True,Eyes,2.421684,0.01660015,-2.315835,0.4028469,-0.3000763,-0.8646783,0.0,0.0,0.0,0.0,0.0,0.0,0.0,1.465199,-0.4715941,-3.053652,2.443167,0.01754557,-2.392618,-0.02977138,0.9781247,-0.1029096,0.1783125,10.99362,158.8023,354.45,0.7272727,0.005884192,-0.6863222,0.1416453,-0.006796869,-0.1977151,3.541152,-0.5072037,-3.620293,0.04633641,-0.1751309,2.040836,-0.9346369,-0.09494039,-0.3426961,-0.02154011,0.9770465,-0.2119341,0.3549511,-0.1906997,-0.9152287,moving,-24.98045,19.13873,1.300656,-4.904725,-17.07070897134431,19.77247745695048,35.61999804772961,30.764774857158624,145.74405786463953
05/18/2023 18:41:30.951044,4325,True,True,True,True,Eyes,2.42286,0.01645786,-2.320013,0.4018592,-0.2992119,-0.8654372,0.0,0.0,0.0,0.0,0.0,0.0,0.0,1.465047,-0.4163845,-3.071947,2.445522,0.0173763,-2.403271,-0.03090642,0.9791361,-0.09342915,0.1777874,9.902388,158.9438,354.5394,0.7268191,0.005791328,-0.6868033,0.1331466,-0.006389056,-0.1858522,3.529723,-0.5000316,-3.644639,0.04305398,-0.1772174,2.041097,-0.9348729,-0.09374423,-0.3423809,-0.02730214,0.9806316,-0.1939492,0.3539312,-0.1719702,-0.9193253,moving,-24.90744,19.07206,1.208392,-4.962237,-17.001401076961734,19.711743354306183,35.49202887038769,30.66597251727802,145.86158355856728
05/18/2023 18:41:30.972186,4326,True,True,True,True,Eyes,2.424074,0.01653464,-2.324412,0.4007825,-0.2995657,-0.8658139,0.0,0.0,0.0,0.0,0.0,0.0,0.0,1.463996,-0.3935267,-3.084001,2.447163,0.01537199,-2.412543,-0.0299721,0.9796615,-0.08872654,0.1774618,9.393041,159.0335,354.7534,0.7263641,0.005702705,-0.6872851,0.1251578,-0.006005713,-0.174701,3.523168,-0.4626707,-3.674608,0.03987753,-0.1792365,2.041349,-0.935218,-0.09021617,-0.3423864,-0.02723388,0.9824585,-0.1844817,0.3530236,-0.1632061,-0.9212698,moving,-24.83927,19.08527,1.119125,-5.017871,-16.938136049483923,19.72566901138825,35.42315170960803,30.63180453228932,145.9283513697904
05/18/2023 18:41:30.990770,4327,True,True,True,True,Eyes,2.42535,0.01669974,-2.329105,0.3997091,-0.2991449,-0.8664554,0.0,0.0,0.0,0.0,0.0,0.0,0.0,1.483783,-0.4552067,-3.075374,2.44924,0.02089341,-2.4223,-0.03099123,0.9791022,-0.09951962,0.1746257,10.6061,159.2573,354.4276,0.7259073,0.0056248,-0.6877683,0.1176483,-0.00564537,-0.164219,3.510434,-0.4569507,-3.698009,0.03676492,-0.1812147,2.041596,-0.9370906,-0.09544453,-0.3357844,-0.02592979,0.9782708,-0.2057035,0.3481213,-0.184056,-0.9192033,moving,-24.7646,19.0473,1.031667,-5.072353,-16.867832252657458,19.6918371467707,35.31579040564855,30.555804475112414,146.02798190494758
05/18/2023 18:41:31.000666,4328,True,True,True,True,Eyes,2.426632,0.01684026,-2.333977,0.3986075,-0.2987952,-0.8670834,0.0,0.0,0.0,0.0,0.0,0.0,0.0,1.489403,-0.3933558,-3.092633,2.452031,0.02300464,-2.434016,-0.03396627,0.9801712,-0.0899068,0.1732846,9.466822,159.4772,354.313,0.7254449,0.005559023,-0.6882566,0.1105894,-0.005306648,-0.1543659,3.498596,-0.4530111,-3.720188,0.03343856,-0.1833291,2.041859,-0.9376376,-0.09774442,-0.3335895,-0.03542659,0.9815261,-0.1880198,0.3458047,-0.1644764,-0.9237785,moving,-24.68875,19.01385,0.9382219,-5.130566,-16.79651572172756,19.662263179060982,35.20929582857978,30.482868913762307,146.12723648849266
05/18/2023 18:41:31.026572,4329,True,True,True,True,Eyes,2.42793,0.01698293,-2.339022,0.3972585,-0.2992342,-0.867551,0.0,0.0,0.0,0.0,0.0,0.0,0.0,1.490909,-0.3767396,-3.10214,2.453188,0.02249852,-2.44323,-0.03183369,0.9807953,-0.08529514,0.1724877,8.994074,159.6313,354.663,0.7249749,0.005503366,-0.6887522,0.103954,-0.004988249,-0.1451039,3.490976,-0.4410552,-3.741077,0.03019297,-0.185392,2.042116,-0.9384692,-0.0918694,-0.3329198,-0.03301994,0.9834227,-0.178296,0.3437808,-0.1563323,-0.9259456,moving,-24.60342,19.03025,0.8470643,-5.187335,-16.71732279556545,19.679567636289917,35.13144708572038,30.444548621478834,146.201986172944
05/18/2023 18:41:31.040873,4330,True,True,True,True,Eyes,2.429253,0.01715398,-2.34426,0.395929,-0.3000334,-0.8678826,0.0,0.0,0.0,0.0,0.0,0.0,0.0,1.5111,-0.4427041,-3.092313,2.454951,0.02287095,-2.452447,-0.02873984,0.9805682,-0.09480279,0.1693295,10.14781,159.9469,354.8436,0.7244951,0.005456785,-0.6892573,0.09771679,-0.004688954,-0.1363977,3.478848,-0.4461729,-3.75937,0.02713835,-0.1873334,2.042359,-0.9410032,-0.08846857,-0.3266291,-0.02425693,0.980373,-0.1956542,0.3375276,-0.1761882,-0.9246799,moving,-24.52253,19.07064,0.761287,-5.240735,-16.642727348582213,19.71922595388758,35.07583721709453,30.428594549621383,146.25700744191752
05/18/2023 18:41:31.050712,4331,True,True,True,True,Eyes,2.430574,0.01732313,-2.349655,0.3944856,-0.300907,-0.8682374,0.0,0.0,0.0,0.0,0.0,0.0,0.0,1.517139,-0.4501173,-3.097502,2.456589,0.02375961,-2.462404,-0.02755109,0.9808086,-0.09490374,0.1680743,10.18945,160.1052,354.9903,0.7240045,0.00541924,-0.6897729,0.09185378,-0.004407617,-0.1282138,3.466295,-0.4550062,-3.776802,0.02381271,-0.1894475,2.042623,-0.9419841,-0.08594645,-0.324468,-0.02214292,0.9804684,-0.195426,0.3349269,-0.1769035,-0.9254888,moving,-24.43478,19.1149,0.6679187,-5.298862,-16.561814255098426,19.762663777566654,35.016813918682345,30.412888254877117,146.3153444102463
05/18/2023 18:41:31.070793,4332,True,True,True,True,Eyes,2.431904,0.01752223,-2.355209,0.393361,-0.3020536,-0.8683494,0.0,0.0,0.0,0.0,0.0,0.0,0.0,1.529359,-0.4594793,-3.098501,2.457934,0.02390812,-2.47159,-0.02708155,0.9810744,-0.09610432,0.1659025,10.3456,160.3547,355.0417,0.7235025,0.005389764,-0.6902997,0.08634256,-0.00414316,-0.120521,3.454438,-0.4635177,-3.793121,0.02075118,-0.1913933,2.042865,-0.9434859,-0.08502591,-0.32032,-0.02125015,0.9800611,-0.1975568,0.3307306,-0.1795852,-0.9264807,moving,-24.37046,19.18013,0.5819837,-5.35234,-16.503134936033753,19.825193893286936,34.99237818300679,30.427117703702404,146.34264530932944
05/18/2023 18:41:31.090864,4333,True,True,True,True,Eyes,2.433255,0.01774681,-2.360936,0.3921412,-0.3030148,-0.8685663,0.0,0.0,0.0,0.0,0.0,0.0,0.0,1.546354,-0.4912449,-3.094,2.459607,0.02495239,-2.480942,-0.02692917,0.9809996,-0.1014019,0.1631948,10.96218,160.6279,354.9785,0.7229875,0.005368377,-0.6908392,0.08116201,-0.003894571,-0.1132897,3.439877,-0.4829261,-3.807191,0.01763439,-0.1933747,2.043114,-0.9452848,-0.08593152,-0.3147267,-0.01973847,0.9779849,-0.2077399,0.3256493,-0.1901611,-0.9261705,moving,-24.29827,19.23223,0.4945152,-5.406768,-16.43687060952837,19.875614023704944,34.95371826311677,30.42812294939761,146.38224366194237
05/18/2023 18:41:31.101272,4334,True,True,True,True,Eyes,2.434624,0.01795895,-2.366793,0.3912625,-0.3036302,-0.8687476,0.0,0.0,0.0,0.0,0.0,0.0,0.0,1.559079,-0.47859,-3.099023,2.461491,0.02575568,-2.490806,-0.02799366,0.9815153,-0.09964783,0.1609799,10.75437,160.8928,354.9174,0.7224583,0.005354979,-0.6913927,0.07629228,-0.003660897,-0.1064923,3.426025,-0.5011694,-3.820766,0.01416487,-0.1955796,2.04339,-0.9466037,-0.08703499,-0.3104293,-0.02286983,0.9785733,-0.2046245,0.3215873,-0.1865989,-0.9283116,moving,-24.24563,19.26469,0.3971704,-5.467312,-16.388445384903143,19.90720284600581,34.91331457312875,30.424051356592184,146.4233212350851
05/18/2023 18:41:31.125474,4335,True,True,True,True,Eyes,2.436,0.01813774,-2.372786,0.3902987,-0.3042901,-0.8689502,0.0,0.0,0.0,0.0,0.0,0.0,0.0,1.566563,-0.4680973,-3.10542,2.463112,0.02565181,-2.499857,-0.02828123,0.9819229,-0.09783845,0.1595472,10.55127,161.0742,354.937,0.7219158,0.0053484,-0.6919591,0.07171474,-0.003441243,-0.1001028,3.413356,-0.5099078,-3.836317,0.01116145,-0.1974887,2.043627,-0.9474897,-0.08675966,-0.3077921,-0.02432026,0.9792556,-0.201164,0.3188601,-0.1831152,-0.9299446,moving,-24.18777,19.2993,0.3129227,-5.519715,-16.335197600351314,19.94092364769664,34.87502614120968,30.420454136707978,146.46181457774924
05/18/2023 18:41:31.140734,4336,True,True,True,True,Eyes,2.437384,0.01829159,-2.378898,0.3896047,-0.3047938,-0.8690851,0.0,0.0,0.0,0.0,0.0,0.0,0.0,1.575969,-0.4729728,-3.108606,2.464699,0.0250452,-2.509072,-0.02833032,0.9821057,-0.09868591,0.157883,10.65496,161.2617,354.9324,0.7213594,0.005346933,-0.6925392,0.06741186,-0.003234768,-0.09409662,3.400698,-0.5181257,-3.851731,0.007899284,-0.1995625,2.043885,-0.9485409,-0.08680838,-0.304524,-0.02448508,0.978917,-0.2027857,0.3157071,-0.1848942,-0.9306684,moving,-24.14636,19.3261,0.2214378,-5.576613,-16.297127489495345,19.966957416623234,34.841565469738214,30.419352209610086,146.49609383148336
05/18/2023 18:41:31.151620,4337,True,True,True,True,Eyes,2.438763,0.01844348,-2.38513,0.3888394,-0.3053078,-0.8692473,0.0,0.0,0.0,0.0,0.0,0.0,0.0,1.582359,-0.4740613,-3.113664,2.466185,0.02452571,-2.518098,-0.02802976,0.9823253,-0.0985606,0.1566439,10.65272,161.4115,354.9828,0.7207888,0.005349307,-0.6931331,0.06336715,-0.003040682,-0.08845082,3.388402,-0.523562,-3.867669,0.004768491,-0.2015524,2.044133,-0.9493544,-0.08594654,-0.3022254,-0.02419085,0.9790003,-0.2024185,0.3132758,-0.1848558,-0.9314973,moving,-24.10035,19.35293,0.1336576,-5.631186,-16.25477182575772,19.993124574745217,34.80651054987146,30.4168688637414,146.53152350281135
05/18/2023 18:41:31.170975,4338,True,True,True,True,Eyes,2.440141,0.01857613,-2.39147,0.3882366,-0.3057095,-0.8693756,0.0,0.0,0.0,0.0,0.0,0.0,0.0,1.588833,-0.478261,-3.118097,2.467471,0.0246385,-2.527178,-0.02763156,0.9825127,-0.0988033,0.1553812,10.69403,161.5618,355.0375,0.7202038,0.005355054,-0.6937408,0.05956512,-0.002858241,-0.08314377,3.376634,-0.5237848,-3.88506,0.001384914,-0.2037032,2.044401,-0.9501864,-0.08500107,-0.2998678,-0.02359236,0.9789488,-0.2027378,0.3107882,-0.1855641,-0.9321892,moving,-24.06408,19.37385,0.03881318,-5.690145,-16.221378144630393,20.01353678114397,34.77288174722532,30.4150140394493,146.56582377314868
05/18/2023 18:41:31.190750,4339,True,True,True,True,Eyes,2.44151,0.01870808,-2.397907,0.3875387,-0.3062379,-0.869501,0.0,0.0,0.0,0.0,0.0,0.0,0.0,1.596848,-0.4816838,-3.121784,2.468752,0.02443919,-2.536166,-0.02751619,0.9827102,-0.09918943,0.1538995,10.7474,161.7337,355.0594,0.7196038,0.005363259,-0.6943632,0.0,0.0,0.0,3.365032,-0.5218126,-3.903,-0.001548469,-0.2055674,2.044636,-0.9511157,-0.08461129,-0.2970186,-0.02355047,0.9788086,-0.2034184,0.3079359,-0.1864794,-0.9329529,moving,-24.02265,19.40224,-0.04339195,-5.741219,-16.18331991485052,20.041059305301207,34.74475999504344,30.41748098252992,146.59466785836844
05/18/2023 18:41:31.200831,4340,True,True,True,True,Eyes,2.442834,0.01883631,-2.404444,0.3868645,-0.3068854,-0.869573,0.0,0.0,0.0,0.0,0.0,0.0,0.0,1.60661,-0.4925127,-3.123162,2.469921,0.02458537,-2.544954,-0.02773076,0.9827741,-0.1010763,0.1522162,10.9661,161.9129,355.0168,0.7189899,0.00537362,-0.6949987,0.0,0.0,0.0,3.353947,-0.5205384,-3.920267,-0.004741549,-0.2075969,2.044889,-0.9521225,-0.08527704,-0.2935824,-0.02373525,0.9780292,-0.2071124,0.3047941,-0.1902281,-0.9332277,moving,-23.98381,19.43871,-0.1328533,-5.796801,-16.147830039005015,20.076085707949296,34.72317887141665,30.42837075088397,146.61801256684907
05/18/2023 18:41:31.220796,4341,True,True,True,True,Eyes,2.444147,0.01894953,-2.411062,0.3860239,-0.3077367,-0.8696457,0.0,0.0,0.0,0.0,0.0,0.0,0.0,1.621634,-0.5075324,-3.121,2.4711,0.02474584,-2.553622,-0.02830818,0.9828233,-0.1040337,0.1497796,11.30394,162.1669,354.9212,0.7183611,0.005385805,-0.6956485,0.0,0.0,0.0,3.342919,-0.5256953,-3.935243,-0.008126199,-0.2097486,2.045157,-0.9535294,-0.08680812,-0.2885238,-0.02447963,0.9767513,-0.2129734,0.3003038,-0.1960135,-0.933486,moving,-23.93578,19.48706,-0.2276571,-5.855707,-16.104005232967864,20.122442606538662,34.70347144966615,30.445405023071988,146.63987825776533
05/18/2023 18:41:31.241144,4342,True,True,True,True,Eyes,2.445412,0.01907544,-2.41775,0.3851442,-0.3088612,-0.8696371,0.0,0.0,0.0,0.0,0.0,0.0,0.0,1.637753,-0.5245113,-3.117665,2.47218,0.02454957,-2.562206,-0.02826131,0.9829098,-0.1069689,0.1471309,11.6519,162.4528,354.9017,0.7177177,0.005399177,-0.6963122,0.0,0.0,0.0,3.331824,-0.5325255,-3.949598,-0.01118267,-0.2116912,2.0454,-0.9551078,-0.08703349,-0.2831867,-0.02407977,0.9755179,-0.2185977,0.295279,-0.2019653,-0.9338205,moving,-23.88756,19.55305,-0.313246,-5.908861,-16.060341950688155,20.1853155312854,34.69952726396308,30.477484799866033,146.64736498995825
05/18/2023 18:41:31.250923,4343,True,True,True,True,Eyes,2.446664,0.01922462,-2.424508,0.3840931,-0.3101284,-0.869651,0.0,0.0,0.0,0.0,0.0,0.0,0.0,1.656001,-0.5539483,-3.11046,2.473225,0.02511856,-2.570346,-0.02794913,0.98281,-0.1118059,0.1442331,12.22231,162.7539,354.8817,0.7170599,0.00541397,-0.6969896,0.0,0.0,0.0,3.320624,-0.5427063,-3.962643,-0.01432651,-0.2136894,2.045649,-0.9568316,-0.08718959,-0.2772577,-0.02268515,0.9734365,-0.2278302,0.2897572,-0.2117054,-0.9333928,moving,-23.8293,19.62687,-0.4012592,-5.963515,-16.007474005682262,20.25574746495191,34.69496937849477,30.51235265867141,146.65532096598102
05/18/2023 18:41:31.270794,4344,True,True,True,True,Eyes,2.447862,0.01939569,-2.431342,0.3829829,-0.3113571,-0.8697016,0.0,0.0,0.0,0.0,0.0,0.0,0.0,1.673321,-0.5683407,-3.106364,2.474192,0.02586746,-2.578801,-0.02792777,0.9829524,-0.1141666,0.141388,12.50609,163.0677,354.8763,0.7163876,0.005430712,-0.6976806,0.0,0.0,0.0,3.310355,-0.5521952,-3.975378,-0.0177713,-0.2158788,2.045923,-0.9584592,-0.08718693,-0.2715785,-0.02261977,0.9723721,-0.232338,0.2843321,-0.2165435,-0.9339511,moving,-23.76684,19.6976,-0.4976702,-6.023365,-15.950633333361711,20.32338319801289,34.684611915263766,30.544151816845915,146.6684900902692
05/18/2023 18:41:31.290752,4345,True,True,True,True,Eyes,2.449044,0.01959074,-2.438259,0.3816773,-0.3126106,-0.869826,0.0,0.0,0.0,0.0,0.0,0.0,0.0,1.690879,-0.5791607,-3.102561,2.475032,0.02663588,-2.587255,-0.02742743,0.9832253,-0.1155603,0.1384253,12.68849,163.4102,354.9469,0.7157008,0.005449816,-0.6983849,0.0,0.0,0.0,3.300821,-0.5595576,-3.988221,-0.0207141,-0.2177497,2.046156,-0.9601725,-0.08592761,-0.2658675,-0.02194176,0.9717871,-0.2348369,0.2785456,-0.2196503,-0.9349687,moving,-23.69174,19.76816,-0.5800096,-6.074491,-15.882011862126872,20.39114917332,34.66979510741425,30.570923816819555,146.68472121289352
05/18/2023 18:41:31.302120,4346,True,True,True,True,Eyes,2.450218,0.01979111,-2.445252,0.3803164,-0.3136056,-0.8700638,0.0,0.0,0.0,0.0,0.0,0.0,0.0,1.709762,-0.5856108,-3.099117,2.475893,0.02742045,-2.59614,-0.02702,0.9835997,-0.1162603,0.1352233,12.79126,163.7861,355.0234,0.7149996,0.005471728,-0.6991026,0.0,0.0,0.0,3.291482,-0.5718389,-3.999406,-0.02418262,-0.2199544,2.046432,-0.9619694,-0.08459593,-0.2597285,-0.02171151,0.9715069,-0.2360146,0.272294,-0.2213997,-0.9363967,moving,-23.61077,19.82118,-0.6770309,-6.13471,-15.80758427777604,20.442631458070142,34.63617494468707,30.58249048878433,146.71782377158786
05/18/2023 18:41:31.326068,4347,True,True,True,True,Eyes,2.451376,0.01997751,-2.452326,0.3787884,-0.3144769,-0.8704158,0.0,0.0,0.0,0.0,0.0,0.0,0.0,1.727489,-0.5794064,-3.098564,2.476758,0.02769062,-2.604982,-0.02667997,0.9841923,-0.1148695,0.1321322,12.65364,164.1665,355.1277,0.7142841,0.005496303,-0.6998335,0.0,0.0,0.0,3.282417,-0.5857691,-4.009521,-0.0271793,-0.221859,2.046668,-0.9636587,-0.08287235,-0.2539575,-0.02216051,0.9721864,-0.233158,0.2662163,-0.2190568,-0.9386923,moving,-23.51776,19.86454,-0.7608308,-6.186712,-15.721752815898457,20.485347266813903,34.591119631797355,30.58149658041981,146.76019707083069
05/18/2023 18:41:31.341143,4348,True,True,True,True,Eyes,2.452533,0.02015433,-2.459474,0.377176,-0.3152213,-0.8708466,0.0,0.0,0.0,0.0,0.0,0.0,0.0,1.744646,-0.5723237,-3.098488,2.477588,0.02752072,-2.613957,-0.026497,0.9847539,-0.1135019,0.1291324,12.51526,164.5333,355.2112,0.7135554,0.005522822,-0.7005764,0.0,0.0,0.0,3.275049,-0.5956789,-4.020377,-0.03040475,-0.2239094,2.046925,-0.9652456,-0.08149958,-0.2483123,-0.02287251,0.9728305,-0.2303861,0.2603421,-0.2166996,-0.9408844,moving,-23.41812,19.89879,-0.8510013,-6.242661,-15.629568892502489,20.51968756789791,34.5347695345617,30.571708505672888,146.8125020331709
05/18/2023 18:41:31.351075,4349,True,True,True,True,Eyes,2.453669,0.02031578,-2.466709,0.3753992,-0.3158878,-0.8713727,0.0,0.0,0.0,0.0,0.0,0.0,0.0,1.763635,-0.568036,-3.096765,2.47836,0.02739904,-2.622976,-0.02655779,0.9852512,-0.1128235,0.1258795,12.45266,164.9205,355.2573,0.7128132,0.005550812,-0.7013314,0.0,0.0,0.0,3.268673,-0.607285,-4.029834,-0.0336467,-0.2259698,2.047182,-0.9668983,-0.08073651,-0.2420531,-0.02392787,0.9731311,-0.2290051,0.2540385,-0.2156328,-0.9428506,moving,-23.30703,19.92647,-0.9416068,-6.29886,-15.52659013966098,20.548140237556648,34.467087032762116,30.552956661730057,146.87451849219093
05/18/2023 18:41:31.371565,4350,True,True,True,True,Eyes,2.454782,0.0204612,-2.474027,0.3736275,-0.316684,-0.8718451,0.0,0.0,0.0,0.0,0.0,0.0,0.0,1.781868,-0.5627887,-3.095712,2.479019,0.02717964,-2.632289,-0.02664085,0.9857426,-0.1119913,0.1227179,12.37156,165.2977,355.3016,0.7120577,0.005579656,-0.7020983,0.0,0.0,0.0,3.264381,-0.6194075,-4.038291,-0.03680396,-0.2279767,2.047431,-0.9684611,-0.08000874,-0.2359695,-0.02503537,0.9734964,-0.2273278,0.2479037,-0.2142506,-0.9447964,moving,-23.19746,19.96276,-1.029819,-6.35358,-15.425192922095468,20.584617380412126,34.408633487839666,30.543301531808723,146.92803988480154
05/18/2023 18:41:31.391072,4351,True,True,True,True,Eyes,2.455871,0.02057488,-2.481424,0.3716707,-0.3175001,-0.8723844,0.0,0.0,0.0,0.0,0.0,0.0,0.0,1.801938,-0.55959,-3.093056,2.479637,0.02690201,-2.641551,-0.02692184,0.9861869,-0.1117074,0.119298,12.35131,165.698,355.317,0.7112893,0.005608766,-0.7028765,0.0,0.0,0.0,3.262863,-0.6269608,-4.047167,-0.03992736,-0.2299618,2.047678,-0.9700863,-0.07975286,-0.2292855,-0.026447,0.9735934,-0.2267521,0.241315,-0.2139052,-0.9465789,moving,-23.07595,19.99873,-1.11706,-6.407681,-15.312664263678776,20.621068334953897,34.34372420010708,30.529796445812504,146.98683306399042
05/18/2023 18:41:31.400667,4352,True,True,True,True,Eyes,2.456926,0.02065408,-2.488903,0.3696778,-0.3187715,-0.8727675,0.0,0.0,0.0,0.0,0.0,0.0,0.0,1.823628,-0.5599456,-3.088705,2.480228,0.0262652,-2.650854,-0.02741308,0.986541,-0.1122873,0.1156594,12.4279,166.1143,355.2974,0.7105072,0.00563723,-0.703667,0.0,0.0,0.0,3.263059,-0.6338621,-4.055483,-0.04337341,-0.2321523,2.047954,-0.971743,-0.0800624,-0.2220491,-0.02811409,0.9732801,-0.2278932,0.2343617,-0.2152109,-0.9480292,moving,-22.95604,20.06433,-1.21328,-6.46734,-15.202195112792095,20.685217409676262,34.3027276671477,30.544248557112493,147.0243334828772
05/18/2023 18:41:31.431228,4353,True,True,True,True,Eyes,2.457957,0.0207103,-2.49647,0.3674756,-0.3200488,-0.8732299,0.0,0.0,0.0,0.0,0.0,0.0,0.0,1.846605,-0.5623303,-3.083058,2.480741,0.02548537,-2.660204,-0.02781172,0.986869,-0.1132016,0.1118106,12.54528,166.5537,355.2867,0.7097113,0.005664099,-0.7044694,0.0,0.0,0.0,3.263688,-0.6402642,-4.063848,-0.04641318,-0.2340842,2.048195,-0.9734496,-0.08020732,-0.2143881,-0.02957877,0.9728238,-0.2296496,0.2269814,-0.217211,-0.9493676,moving,-22.8225,20.12847,-1.29813,-6.519934,-15.078997954958078,20.7483119042372,34.25545123982628,30.552734023094224,147.06645122905016
05/18/2023 18:41:31.441961,4354,True,True,True,True,Eyes,2.458961,0.02072535,-2.504122,0.3651831,-0.321587,-0.8736264,0.0,0.0,0.0,0.0,0.0,0.0,0.0,1.87133,-0.562508,-3.076947,2.481298,0.02500268,-2.66991,-0.02837837,0.9872392,-0.1138304,0.1076863,12.62938,167.0255,355.2651,0.708902,0.005688859,-0.7052836,0.0,0.0,0.0,3.265248,-0.6423212,-4.073366,-0.04961234,-0.2361178,2.048449,-0.9751968,-0.0805484,-0.2061637,-0.03151651,0.9724746,-0.2308675,0.2190849,-0.2186436,-0.9508927,moving,-22.68533,20.20896,-1.387402,-6.575274,-14.952732283451786,20.82679369056465,34.21983237919117,30.57599547712913,147.09778771983565
05/18/2023 18:41:31.450782,4355,True,True,True,True,Eyes,2.459935,0.02070068,-2.511852,0.3626834,-0.3231001,-0.8741093,0.0,0.0,0.0,0.0,0.0,0.0,0.0,1.896148,-0.5550046,-3.071848,2.481735,0.02412088,-2.679566,-0.02930481,0.987699,-0.1134758,0.1035144,12.59705,167.5058,355.2166,0.7080793,0.005710531,-0.7061093,0.0,0.0,0.0,3.264606,-0.6472789,-4.082563,-0.0529893,-0.238264,2.048717,-0.9768519,-0.0813814,-0.1978313,-0.0343959,0.9725289,-0.2302268,0.2111328,-0.2180929,-0.9528159,moving,-22.53442,20.286,-1.481604,-6.633649,-14.813597917112656,20.902360703166327,34.17438461498695,30.59369039816542,147.13729339853015
05/18/2023 18:41:31.470724,4356,True,True,True,True,Eyes,2.460867,0.02062183,-2.519659,0.3601308,-0.3247702,-0.8745457,0.0,0.0,0.0,0.0,0.0,0.0,0.0,1.923791,-0.5492305,-3.064361,2.482087,0.02315396,-2.689172,-0.0309399,0.988052,-0.1140358,0.09895398,12.66342,168.0153,355.0782,0.7072431,0.005728297,-0.7069467,0.0,0.0,0.0,3.261933,-0.6502963,-4.093484,-0.0559907,-0.240172,2.048954,-0.9785018,-0.08370905,-0.1884868,-0.03857188,0.9720771,-0.2314698,0.2025999,-0.2192233,-0.954408,moving,-22.38147,20.37292,-1.565303,-6.685525,-14.672752369920168,20.987222454110217,34.139013670431574,30.62002907647189,147.1669439916774
05/18/2023 18:41:31.491269,4357,True,True,True,True,Eyes,2.461754,0.02048485,-2.527536,0.3573262,-0.3263931,-0.8750917,0.0,0.0,0.0,0.0,0.0,0.0,0.0,1.95481,-0.538877,-3.055185,2.4823,0.02182431,-2.698802,-0.03360173,0.9883799,-0.1147272,0.09388289,12.73716,168.57,354.8258,0.7063936,0.005741004,-0.7077955,0.0,0.0,0.0,3.259233,-0.6453807,-4.107594,-0.05927306,-0.2422586,2.049213,-0.980114,-0.0879644,-0.1778738,-0.04488071,0.9714172,-0.2330974,0.193294,-0.2204789,-0.9560475,moving,-22.21167,20.45459,-1.656806,-6.742231,-14.516105785323296,21.067555763823552,34.09060730706535,30.63895936251999,147.20753609856004
05/18/2023 18:41:31.500932,4358,True,True,True,True,Eyes,2.462597,0.02030749,-2.535487,0.3542973,-0.3281299,-0.8756736,0.0,0.0,0.0,0.0,0.0,0.0,0.0,1.991335,-0.5222006,-3.042804,2.482194,0.02030681,-2.70833,-0.03746811,0.9887075,-0.1154278,0.08792067,12.80657,169.2128,354.4454,0.7055305,0.005747522,-0.7086559,0.0,0.0,0.0,3.256433,-0.6366228,-4.123317,-0.06240714,-0.2442504,2.049462,-0.9817324,-0.094387,-0.1652059,-0.05379303,0.9705452,-0.2348372,0.1825054,-0.2216603,-0.957893,moving,-22.02824,20.54184,-1.744146,-6.796331,-14.346866310498262,21.153424187387944,34.04144625344342,30.659702775134082,147.24773663174074
05/18/2023 18:41:31.526281,4359,True,True,True,True,Eyes,2.463405,0.02009485,-2.543515,0.3508256,-0.3297156,-0.8764753,0.0,0.0,0.0,0.0,0.0,0.0,0.0,2.039732,-0.5051856,-3.022201,2.482161,0.01921199,-2.718073,-0.04180557,0.9890569,-0.1166662,0.08005029,12.94913,170.0674,354.0293,0.7046532,0.005747342,-0.7095283,0.0,0.0,0.0,3.253911,-0.6329679,-4.136741,-0.06558716,-0.2462718,2.049715,-0.9836887,-0.1013745,-0.1485939,-0.06401783,0.9692826,-0.237472,0.1681031,-0.2240859,-0.9599621,moving,-21.81468,20.61547,-1.832736,-6.851203,-14.149291288140622,21.227233567664648,33.966103864118196,30.660987170184065,147.31004352036155
05/18/2023 18:41:31.541026,4360,True,True,True,True,Eyes,2.464174,0.01986099,-2.551616,0.3472015,-0.3310941,-0.8773983,0.0,0.0,0.0,0.0,0.0,0.0,0.0,2.090038,-0.4811264,-3.000634,2.48226,0.01813696,-2.72793,-0.04431337,0.9897462,-0.1153615,0.07162772,12.82707,171.0309,353.8626,0.703762,0.005740147,-0.7104123,0.0,0.0,0.0,3.252224,-0.6296917,-4.149738,-0.06883425,-0.2483358,2.049973,-0.9858118,-0.1042442,-0.1315624,-0.07119182,0.969456,-0.2347054,0.1520106,-0.2220092,-0.9631225,moving,-21.58955,20.67445,-1.923162,-6.907213,-13.940654547141753,21.2875948921472,33.87499004888581,30.649099810527776,147.38574021335216
05/18/2023 18:41:31.550968,4361,True,True,True,True,Eyes,2.464916,0.01958866,-2.559795,0.3431598,-0.3322306,-0.878558,0.0,0.0,0.0,0.0,0.0,0.0,0.0,2.136275,-0.4563137,-2.980995,2.482485,0.01738855,-2.737735,-0.04514811,0.9905796,-0.1124933,0.06370912,12.5396,171.969,353.897,0.7028572,0.005726066,-0.7113075,0.0,0.0,0.0,3.251465,-0.6226434,-4.163762,-0.0720523,-0.2503811,2.050227,-0.9878057,-0.1037793,-0.1160602,-0.0751119,0.9706138,-0.2286198,0.1363756,-0.2171144,-0.9665728,moving,-21.33534,20.71433,-2.01275,-6.962689,-13.70455543798345,21.33074365789501,33.75470137676322,30.61399428311339,147.4862964297582
05/18/2023 18:41:31.570888,4362,True,True,True,True,Eyes,2.465641,0.01927863,-2.568046,0.3390316,-0.3332834,-0.8797611,0.0,0.0,0.0,0.0,0.0,0.0,0.0,2.180111,-0.4327545,-2.962151,2.482727,0.01614408,-2.747782,-0.04521493,0.9913988,-0.1092582,0.05609691,12.21403,172.882,354.0149,0.7019389,0.005704724,-0.7122139,0.0,0.0,0.0,3.250563,-0.6177899,-4.176785,-0.07533431,-0.2524674,2.050489,-0.9896175,-0.1019101,-0.1013486,-0.07739395,0.9720365,-0.2217097,0.121109,-0.211564,-0.9698316,moving,-21.07506,20.74839,-2.104082,-7.019241,-13.462688800918103,21.36858365457251,33.629441530133164,30.57591432936418,147.59069154584162
05/18/2023 18:41:31.591286,4363,True,True,True,True,Eyes,2.466343,0.01895805,-2.576381,0.3345453,-0.3341998,-0.8811299,0.0,0.0,0.0,0.0,0.0,0.0,0.0,2.219503,-0.4165716,-2.944515,2.48283,0.01488231,-2.757757,-0.04452971,0.9920852,-0.1066072,0.04918329,11.95519,173.716,354.2014,0.7010074,0.005675815,-0.713131,0.0,0.0,0.0,3.249831,-0.6146606,-4.18872,-0.07839876,-0.2544152,2.050732,-0.9911964,-0.09884112,-0.08809366,-0.07786794,0.973304,-0.2159071,0.1070824,-0.2071467,-0.9724319,moving,-20.79065,20.77101,-2.189332,-7.072021,-13.198119059044666,21.396267808211395,33.48497284759367,30.522726945329172,147.71105204950737
05/18/2023 18:41:31.600980,4364,True,True,True,True,Eyes,2.467004,0.01861248,-2.584795,0.3301306,-0.3350565,-0.8824686,0.0,0.0,0.0,0.0,0.0,0.0,0.0,2.260995,-0.4001456,-2.925062,2.483067,0.01428299,-2.768099,-0.04497974,0.9925925,-0.1047557,0.04199223,11.78161,174.5612,354.2492,0.7000625,0.005639821,-0.7140588,0.0,0.0,0.0,3.254827,-0.5792265,-4.211073,-0.08171266,-0.2565216,2.050994,-0.9924272,-0.09809095,-0.07393859,-0.08049524,0.9740061,-0.2117371,0.09278612,-0.2041819,-0.9745261,moving,-20.51077,20.79081,-2.281487,-7.129068,-12.93771609867878,21.42120863450277,33.34406013413743,30.47414501688543,147.82804835127283
05/18/2023 18:41:31.625888,4365,True,True,True,True,Eyes,2.467647,0.01823353,-2.593277,0.3254175,-0.3358218,-0.8839272,0.0,0.0,0.0,0.0,0.0,0.0,0.0,2.300099,-0.3758067,-2.907835,2.48343,0.01336753,-2.778414,-0.04575572,0.9931309,-0.1017935,0.03515127,11.47684,175.3684,354.2585,0.6991044,0.005596794,-0.7149971,0.0,0.0,0.0,3.25768,-0.5657219,-4.225554,-0.08483547,-0.2585067,2.051242,-0.9933416,-0.09803917,-0.06050433,-0.08372648,0.975089,-0.2054054,0.07913488,-0.1989719,-0.976805,moving,-20.21117,20.8028,-2.368295,-7.182805,-12.658788795977124,21.43929047030068,33.18979173603911,30.415762552927227,147.95594753958642
05/18/2023 18:41:31.640919,4366,True,True,True,True,Eyes,2.468246,0.01783697,-2.601829,0.3208313,-0.3367366,-0.8852546,0.0,0.0,0.0,0.0,0.0,0.0,0.0,2.336188,-0.365302,-2.890294,2.48375,0.01216713,-2.788523,-0.0454825,0.9934902,-0.1003834,0.02883855,11.35203,176.1147,354.3713,0.6981334,0.005546528,-0.7159457,0.0,0.0,0.0,3.252626,-0.6031535,-4.2249,-0.08799905,-0.2605175,2.051491,-0.9941992,-0.09616265,-0.04817026,-0.084583,0.975709,-0.2020831,0.06643301,-0.1968365,-0.9781829,moving,-19.92138,20.82601,-2.456206,-7.237215,-12.389217470804338,21.46765004993356,33.05415102904476,30.3748908543558,148.06676546624573
05/18/2023 18:41:31.661105,4367,True,True,True,True,Eyes,2.48285,0.009229735,-2.817491,0.1983428,-0.3572409,-0.9127097,0.0,0.0,0.0,0.0,0.0,0.0,0.0,2.369817,-0.3589245,-2.873917,2.484145,0.01143919,-2.798775,-0.04520258,0.9937396,-0.0995509,0.02297934,11.29017,176.8041,354.4752,0.697149,0.005489287,-0.7169046,0.0,0.0,0.0,3.256336,-0.5632398,-4.249592,-0.09118766,-0.262544,2.051745,-0.9948577,-0.09441441,-0.03667105,-0.08526395,0.9760926,-0.1999328,0.05467088,-0.1957779,-0.9791235,moving,-12.26044,21.37572,-2.544776,-7.292014,-5.261556046312048,22.15758086481716,30.26934257058868,29.57464338790756,150.2138403097741
05/18/2023 18:41:31.670824,4368,True,True,True,True,Eyes,2.482831,0.009294351,-2.81793,0.1982364,-0.3572942,-0.912712,0.0,0.0,0.0,0.0,0.0,0.0,0.0,2.400664,-0.359606,-2.858669,2.484484,0.01235297,-2.809211,-0.04500476,0.9938446,-0.09967932,0.01765121,11.33486,177.4246,354.5588,0.6928001,0.005108446,-0.7211111,0.04381371,-0.0258217,-0.6469846,3.25596,-0.5498258,-4.264666,-0.09440577,-0.2645895,2.052001,-0.9953264,-0.09297439,-0.02611303,-0.08593655,0.9760773,-0.1997203,0.0440572,-0.1965428,-0.9795053,moving,-12.25403,21.37857,-2.634132,-7.347305,-5.255638118436695,22.160395312215005,30.29386624460518,29.623920605559533,150.18881510251015
05/18/2023 18:41:31.691111,4369,True,True,True,True,Eyes,2.482818,0.00936367,-2.818785,0.1977656,-0.3571211,-0.9128819,0.0,0.0,0.0,0.0,0.0,0.0,0.0,2.430524,-0.3502045,-2.84568,2.484756,0.01403287,-2.820241,-0.0449478,0.9940961,-0.09797487,0.01240486,11.16749,178.0449,354.6311,0.6891249,0.00479239,-0.7246262,0.04118488,-0.0242724,-0.6081655,3.245924,-0.5914482,-4.266093,-0.0975703,-0.2666011,2.052253,-0.995652,-0.09179558,-0.01585575,-0.08693413,0.9767613,-0.195908,0.03347076,-0.1936777,-0.9804944,moving,-12.2236,21.36553,-2.721965,-7.401647,-5.2270341725490415,22.148886037774894,30.295734686958063,29.656523302232866,150.18435371837896
05/18/2023 18:41:31.701358,4370,True,True,True,True,Eyes,2.482805,0.009355897,-2.820022,0.1969356,-0.3568013,-0.9131863,0.0,0.0,0.0,0.0,0.0,0.0,0.0,2.456851,-0.329988,-2.836384,2.484957,0.01416065,-2.831056,-0.04493893,0.9944707,-0.09460367,0.007660481,10.80533,178.6152,354.6943,0.6860086,0.004530133,-0.7275789,0.03871379,-0.02281606,-0.5716756,3.245107,-0.5941789,-4.276702,-0.1009797,-0.2687681,2.052524,-0.9958435,-0.0908303,-0.006733471,-0.08793147,0.9780613,-0.1888496,0.02373902,-0.1874726,-0.9819828,moving,-12.16989,21.34165,-2.816556,-7.46016,-5.176530639518354,22.12776308283712,30.282488606315965,29.681891325437054,150.19309904871724
05/18/2023 18:41:31.726108,4371,True,True,True,True,Eyes,2.482762,0.009486103,-2.821609,0.1953731,-0.3570811,-0.9134126,0.0,0.0,0.0,0.0,0.0,0.0,0.0,2.482238,-0.3170991,-2.826208,2.485021,0.01225595,-2.841483,-0.04393439,0.9947838,-0.09201039,0.003041627,10.53252,179.1761,354.8664,0.6833541,0.0043104,-0.7300739,0.03639096,-0.02144709,-0.537375,3.240715,-0.601183,-4.286647,-0.1039947,-0.270685,2.052762,-0.996121,-0.08797014,0.002033315,-0.0868507,0.9792078,-0.1833281,0.01413636,-0.1827936,-0.9830498,moving,-12.07328,21.35206,-2.900175,-7.5119,-5.08671241609297,22.13971891774638,30.286532357181883,29.73212825068581,150.182151013981
05/18/2023 18:41:31.743042,4372,True,True,True,True,Eyes,2.482744,0.009794835,-2.823603,0.1931565,-0.3570462,-0.9138975,0.0,0.0,0.0,0.0,0.0,0.0,0.0,2.516521,-0.3583695,-2.800916,2.484858,0.0159003,-2.851606,-0.04549397,0.9938961,-0.1004705,-0.002554948,11.53385,179.7624,354.7344,0.6810794,0.004129395,-0.7321974,0.0342075,-0.02016027,-0.5051326,3.234882,-0.622954,-4.291994,-0.1071942,-0.272718,2.053016,-0.9958478,-0.08991916,0.0142203,-0.09094595,0.9756719,-0.1994819,0.004062896,-0.1999469,-0.9797987,moving,-11.9341,21.33985,-2.988873,-7.56674,-4.956794727960379,22.131476174402422,30.259015706225952,29.763345911858032,150.1992666626759
05/18/2023 18:41:31.750706,4373,True,True,True,True,Eyes,2.482689,0.01026194,-2.825951,0.1906577,-0.3567349,-0.9145435,0.0,0.0,0.0,0.0,0.0,0.0,0.0,2.548305,-0.3357388,-2.786686,2.484579,0.02039194,-2.863328,-0.04734074,0.9940601,-0.09765181,-0.008227821,11.2402,180.4155,354.5877,0.6790276,0.003977099,-0.7341015,0.03215506,-0.01895065,-0.4748246,3.232556,-0.616626,-4.306399,-0.1103704,-0.274737,2.053268,-0.9953824,-0.09251215,0.02560371,-0.09572599,0.976446,-0.1933645,-0.007112077,-0.1949225,-0.9807929,moving,-11.77596,21.30921,-3.076889,-7.62118,-4.808857013846826,22.10641633864972,30.209953687735787,29.778006939261207,150.2363516712136
05/18/2023 18:41:31.770915,4374,True,True,True,True,Eyes,2.482625,0.01065531,-2.82862,0.1874379,-0.3559936,-0.9154975,0.0,0.0,0.0,0.0,0.0,0.0,0.0,2.576349,-0.3072918,-2.774597,2.48372,0.02460635,-2.874181,-0.04911808,0.9942923,-0.09375709,-0.01341849,10.82221,181.0193,354.4403,0.6771451,0.003852299,-0.7358389,0.03022575,-0.01781361,-0.4463351,3.232215,-0.611544,-4.318892,-0.1135498,-0.2767579,2.053519,-0.9948148,-0.09515928,0.03589413,-0.1001916,0.9775941,-0.1851257,-0.01747347,-0.187762,-0.9820592,moving,-11.57077,21.2487,-3.164959,-7.675646,-4.616506371225526,22.05447422399903,30.12101343075025,29.76553440313726,150.30960351145055
05/18/2023 18:41:31.790753,4375,True,True,True,True,Eyes,2.482526,0.01104012,-2.831547,0.1838543,-0.3556847,-0.9163438,0.0,0.0,0.0,0.0,0.0,0.0,0.0,2.610756,-0.2707932,-2.756437,2.483197,0.02312116,-2.884529,-0.05022747,0.9945638,-0.08902413,-0.01987274,10.31598,181.7816,354.3786,0.6754116,0.003750278,-0.7374309,0.02841221,-0.0167448,-0.419555,3.230706,-0.6174924,-4.328348,-0.1167995,-0.2788237,2.053778,-0.9941648,-0.09637055,0.04847232,-0.1034472,0.9791038,-0.175084,-0.0305865,-0.1790767,-0.9833598,moving,-11.34513,21.21404,-3.254937,-7.731287,-4.40559722309853,22.0271968052917,30.054669818751595,29.780721571829478,150.3596328957692
05/18/2023 18:41:31.810917,4376,True,True,True,True,Eyes,2.482429,0.01150154,-2.834768,0.1796524,-0.3557999,-0.9171322,0.0,0.0,0.0,0.0,0.0,0.0,0.0,2.651931,-0.2860961,-2.72429,2.482372,0.0233947,-2.89372,-0.05211269,0.9938281,-0.09409779,-0.02712412,10.94467,182.5748,354.2434,0.6738087,0.00366849,-0.7388962,0.02670747,-0.01574011,-0.3943817,3.230318,-0.6197854,-4.338328,-0.1199371,-0.2808176,2.054028,-0.9930974,-0.09847747,0.06372081,-0.1086868,0.9768597,-0.184207,-0.04410604,-0.1898611,-0.9808201,moving,-11.08305,21.20368,-3.341772,-7.784961,-4.161200864816472,22.02349928675953,30.00447786748113,29.81972113102023,150.3917726862621
05/18/2023 18:41:31.826418,4377,True,True,True,True,Eyes,2.482274,0.01199757,-2.838278,0.1750772,-0.3556083,-0.9180908,0.0,0.0,0.0,0.0,0.0,0.0,0.0,2.696099,-0.3005919,-2.689348,2.481537,0.02572418,-2.904001,-0.05494546,0.9928914,-0.09965432,-0.0348822,11.63785,183.4135,354.0131,0.6723204,0.003606941,-0.7402511,0.02510503,-0.0147957,-0.3707188,3.229754,-0.6230823,-4.34783,-0.1232983,-0.2829544,2.054295,-0.9915283,-0.1021574,0.08021956,-0.1160621,0.9741,-0.1940586,-0.05831736,-0.2017251,-0.9777044,moving,-10.79651,21.17311,-3.434761,-7.84246,-3.893625598465597,22.00144444346805,29.93490689419129,29.84743186859762,150.4417727763895
05/18/2023 18:41:31.841292,4378,True,True,True,True,Eyes,2.482062,0.01251021,-2.842024,0.1698569,-0.355379,-0.9191596,0.0,0.0,0.0,0.0,0.0,0.0,0.0,2.733128,-0.2653971,-2.665514,2.480089,0.02698439,-2.914415,-0.05634478,0.9929839,-0.09506886,-0.0420774,11.15976,184.2584,353.9209,0.6709307,0.003564488,-0.741511,0.02359872,-0.01390796,-0.3484757,3.228488,-0.6269605,-4.357403,-0.12654,-0.2850148,2.054551,-0.9901099,-0.1038984,0.09427761,-0.1198994,0.9755744,-0.184062,-0.07285108,-0.1935453,-0.9783831,moving,-10.46991,21.13824,-3.524402,-7.897876,-3.5886412133835397,21.976281741332325,29.855252699374695,29.87422680891578,150.49972242051743
05/18/2023 18:41:31.850738,4379,True,True,True,True,Eyes,2.481782,0.0130287,-2.846012,0.1641991,-0.3552535,-0.9202356,0.0,0.0,0.0,0.0,0.0,0.0,0.0,2.778694,-0.255083,-2.627988,2.478452,0.02787671,-2.923871,-0.05751137,0.992511,-0.09507635,-0.0507433,11.21933,185.2522,353.8836,0.6696267,0.003539639,-0.742689,0.0221828,-0.01307348,-0.3275672,3.226479,-0.6359326,-4.365041,-0.1296636,-0.2870004,2.054799,-0.9882354,-0.1045124,0.1116625,-0.1238103,0.9753059,-0.182892,-0.08979063,-0.1945653,-0.9767715,moving,-10.11691,21.10889,-3.610739,-7.951247,-3.2591641206346798,21.956890335361567,29.779553783426806,29.910203673105425,150.5527999442438
05/18/2023 18:41:31.870771,4380,True,True,True,True,Eyes,2.481473,0.01355976,-2.850237,0.1580355,-0.354834,-0.9214758,0.0,0.0,0.0,0.0,0.0,0.0,0.0,2.82405,-0.2489923,-2.589206,2.476681,0.02855208,-2.933679,-0.05830723,0.9919347,-0.09555391,-0.05945883,11.33238,186.2542,353.893,0.6683955,0.003530749,-0.7437973,0.02085183,-0.01228907,-0.3079131,3.221857,-0.6487712,-4.372145,-0.1327145,-0.2889396,2.05504,-0.9861299,-0.1043109,0.1291015,-0.127037,0.9749395,-0.1826327,-0.1068156,-0.1965002,-0.9746684,moving,-9.731702,21.06027,-3.69503,-8.003352,-2.8993068294737743,21.920198854039054,29.683927176074057,29.934128867872097,150.6244302724654
05/18/2023 18:41:31.890938,4381,True,True,True,True,Eyes,2.481083,0.01407116,-2.85466,0.1515124,-0.3544728,-0.9227096,0.0,0.0,0.0,0.0,0.0,0.0,0.0,2.866058,-0.222968,-2.554474,2.474798,0.02926084,-2.943443,-0.05956101,0.9915846,-0.09279586,-0.06783367,11.07597,187.2278,353.8269,0.6672263,0.00353652,-0.7448463,0.01960072,-0.01155173,-0.2894383,3.216039,-0.6626543,-4.379331,-0.1360698,-0.2910723,2.055306,-0.9837022,-0.1055302,0.1455797,-0.1307089,0.9756829,-0.1759494,-0.1234716,-0.1921104,-0.9735751,moving,-9.324968,21.01503,-3.787691,-8.060622,-2.5194571910829886,21.887163970853884,29.598225889398048,29.974627629883127,150.68596747993863
05/18/2023 18:41:31.901174,4382,True,True,True,True,Eyes,2.480603,0.01457983,-2.859279,0.1446415,-0.3542299,-0.9239048,0.0,0.0,0.0,0.0,0.0,0.0,0.0,2.908019,-0.2066373,-2.516598,2.472607,0.02930763,-2.952609,-0.06152929,0.9908669,-0.09265991,-0.07623001,11.12838,188.1833,353.692,0.6661093,0.00355494,-0.7458454,0.01842468,-0.01085863,-0.272072,3.208602,-0.6831536,-4.383649,-0.1391264,-0.2930151,2.05555,-0.9808063,-0.1078077,0.1624702,-0.1360616,0.9752566,-0.1742465,-0.139665,-0.193008,-0.9712062,moving,-8.897694,20.97708,-3.872063,-8.112761,-2.120608971342339,21.86142301431893,29.52076923715644,30.025310964896825,150.73928612077617
05/18/2023 18:41:31.926312,4383,True,True,True,True,Eyes,2.480047,0.0150874,-2.864069,0.1380682,-0.3543,-0.9248831,0.0,0.0,0.0,0.0,0.0,0.0,0.0,2.950534,-0.192151,-2.476505,2.470084,0.02977243,-2.962,-0.06399065,0.9899471,-0.09333723,-0.08484279,11.28306,189.1552,353.5093,0.6650355,0.003584648,-0.7468029,0.0173192,-0.01020711,-0.2557477,3.201708,-0.6937349,-4.391653,-0.1422229,-0.2949829,2.055797,-0.977414,-0.1108567,0.1799252,-0.1425327,0.9743867,-0.1739395,-0.1560343,-0.1956561,-0.9681799,moving,-8.490518,20.96061,-3.957498,-8.165545,-1.7408996663263938,21.855328007929348,29.47679045290421,30.102593315710614,150.76163562721644
05/18/2023 18:41:31.940934,4384,True,True,True,True,Eyes,2.479434,0.01558041,-2.869023,0.1316602,-0.3544847,-0.9257463,0.0,0.0,0.0,0.0,0.0,0.0,0.0,2.99141,-0.1742916,-2.436595,2.467586,0.03025875,-2.97086,-0.06701986,0.988926,-0.09399965,-0.09326274,11.44448,190.0988,353.2605,0.6639979,0.003624437,-0.7477252,0.01628005,-0.009594681,-0.2404029,3.193881,-0.7011161,-4.401183,-0.1454207,-0.2970157,2.056049,-0.9736209,-0.115022,0.1970596,-0.1500887,0.9733448,-0.1734165,-0.1718602,-0.1984183,-0.9649323,moving,-8.094357,20.95273,-4.045691,-8.220051,-1.3716186413531029,21.857021384333883,29.452382716064196,30.1957107250639,150.76616594953262
05/18/2023 18:41:31.950805,4385,True,True,True,True,Eyes,2.478733,0.01606091,-2.87411,0.1249807,-0.3549111,-0.9265084,0.0,0.0,0.0,0.0,0.0,0.0,0.0,3.030483,-0.16046,-2.397202,2.465131,0.03036906,-2.979657,-0.06971505,0.9878286,-0.0951549,-0.1013914,11.66157,191.0105,353.054,0.66299,0.003672889,-0.7486188,0.01530324,-0.009019,-0.2259787,3.185355,-0.7058453,-4.412445,-0.1487024,-0.2991017,2.056309,-0.9697192,-0.1184372,0.2135821,-0.1570288,0.9721707,-0.1738564,-0.1870472,-0.2021305,-0.9613307,moving,-7.6825,20.95999,-4.136158,-8.275951,-0.9880031776846164,21.87324567660543,29.450242575171515,30.313114967451025,150.74888738397482
05/18/2023 18:41:31.976482,4386,True,True,True,True,Eyes,2.459232,0.02793829,-3.00458,-0.03936753,-0.3640695,-0.9305394,2.087781,2.377041,-0.7321592,-4.947343,0.07840685,0.2926295,0.953006,-0.2750085,-0.378875,2.051635,2.462441,0.03060174,-2.987933,-0.07152329,0.9866281,-0.09780846,-0.1090098,12.04001,191.8668,352.9633,0.6620055,0.00372879,-0.7494892,0.01438505,-0.008477859,-0.21242,3.177323,-0.7029957,-4.426667,-0.1519217,-0.3011478,2.056565,-0.9660026,-0.1198096,0.2290953,-0.1624579,0.9706358,-0.1774077,-0.201113,-0.2085946,-0.9571007,moving,2.422519,21.36771,-4.224856,-8.330752,8.419695824188098,22.4862211951296,30.433308061334195,33.31021656705214,149.63157044490418
05/18/2023 18:41:31.990629,4387,True,True,True,True,Eyes,2.459104,0.02793837,-3.004903,-0.03990865,-0.364228,-0.9304544,0.0,0.0,0.0,0.0,0.0,0.0,0.0,3.101922,-0.1619828,-2.319614,2.459656,0.0309642,-2.996314,-0.07276148,0.985429,-0.1004111,-0.1164177,12.40599,192.7071,352.9409,0.6586605,0.004117635,-0.7524287,-0.04498097,0.02766294,-0.591087,3.169665,-0.7004575,-4.440836,-0.1550577,-0.3031413,2.056811,-0.9623055,-0.1200233,0.2440548,-0.1667818,0.9692467,-0.1809546,-0.2148306,-0.2148374,-0.9527293,moving,2.456001,21.37795,-4.311225,-8.384128,8.450696716843385,22.4965727103062,30.521740360162294,33.41383429459039,149.54550736880108
05/18/2023 18:41:32.001043,4388,True,True,True,True,Eyes,2.458852,0.02793328,-3.005539,-0.04070999,-0.3643999,-0.9303523,0.0,0.0,0.0,0.0,0.0,0.0,0.0,3.135629,-0.1614656,-2.281213,2.456583,0.03100143,-3.004397,-0.07341207,0.9843228,-0.1019664,-0.1237832,12.64503,193.5562,352.9784,0.655859,0.004449453,-0.7548699,-0.04228211,0.02600317,-0.5556218,3.161423,-0.7004635,-4.454237,-0.1584256,-0.305282,2.05708,-0.958577,-0.1192789,0.2586564,-0.1697658,0.968427,-0.1825614,-0.2287141,-0.2189101,-0.9485613,moving,2.505528,21.38926,-4.403929,-8.441398,8.4966272764232,22.50829310336641,30.620397658224704,33.53069834696199,149.44974431835004
05/18/2023 18:41:32.026495,4389,True,True,True,True,Eyes,2.458471,0.02793639,-3.006473,-0.04203488,-0.36474,-0.93016,0.0,0.0,0.0,0.0,0.0,0.0,0.0,3.169192,-0.1639041,-2.241676,2.453401,0.03087838,-3.012578,-0.07339993,0.9832059,-0.103438,-0.131222,12.86562,194.4246,353.096,0.6535014,0.004733281,-0.75691,-0.03974519,0.02444297,-0.5222845,3.153105,-0.6997581,-4.468097,-0.1614695,-0.3072169,2.057321,-0.9547864,-0.1171878,0.2732211,-0.1714811,0.967826,-0.1841384,-0.2428517,-0.2226651,-0.9441627,moving,2.587494,21.41144,-4.48768,-8.493142,8.57257480416134,22.530930836864485,30.730149881264815,33.66100638627271,149.34353311258351
05/18/2023 18:41:32.041032,4390,True,True,True,True,Eyes,2.457963,0.02794853,-3.007697,-0.04362784,-0.3648321,-0.9300507,0.0,0.0,0.0,0.0,0.0,0.0,0.0,3.202229,-0.1667236,-2.201339,2.45003,0.03111584,-3.020653,-0.07356409,0.9819925,-0.1051264,-0.1386637,13.11275,195.2923,353.1996,0.6514731,0.004979448,-0.7586548,-0.03736047,0.0229764,-0.4909474,3.144112,-0.7011914,-4.481319,-0.1646979,-0.3092691,2.057576,-0.9507214,-0.1153243,0.2878004,-0.1736332,0.9670736,-0.1860653,-0.2568663,-0.2268679,-0.9394416,moving,2.685724,21.41865,-4.576463,-8.547997,8.663963906980364,22.539928443083745,30.834060589639797,33.79005790219696,149.24369608212362
05/18/2023 18:41:32.060958,4391,True,True,True,True,Eyes,2.457322,0.02794373,-3.0092,-0.04570062,-0.3648966,-0.9299258,0.0,0.0,0.0,0.0,0.0,0.0,0.0,3.232877,-0.1589096,-2.164233,2.446552,0.0313253,-3.028868,-0.07366032,0.9809949,-0.1046597,-0.1458411,13.11031,196.1388,353.2784,0.6496208,0.005201171,-0.76024,-0.03511884,0.02159781,-0.4614906,3.134514,-0.7062021,-4.493481,-0.1680007,-0.3113682,2.057839,-0.9466093,-0.1139934,0.3015572,-0.1750481,0.967241,-0.1838558,-0.2707201,-0.2268266,-0.9355537,moving,2.813502,21.42471,-4.66724,-8.604064,8.78290693571347,22.548526052183743,30.946546961068854,33.932142867076635,149.13613930131788
05/18/2023 18:41:32.070891,4392,True,True,True,True,Eyes,2.456509,0.02790829,-3.010947,-0.04801434,-0.3647511,-0.9298663,0.0,0.0,0.0,0.0,0.0,0.0,0.0,3.261316,-0.1501798,-2.129159,2.442832,0.03090665,-3.037049,-0.07340474,0.9800744,-0.1036753,-0.1527003,13.04033,196.9547,353.3853,0.6479223,0.005400409,-0.7616867,-0.03301171,0.02030194,-0.4338011,3.123714,-0.7126534,-4.505443,-0.1711005,-0.3133388,2.058085,-0.9425888,-0.1122217,0.3145359,-0.1755467,0.9677263,-0.1808011,-0.2840948,-0.2256368,-0.9318681,moving,2.955885,21.41818,-4.752401,-8.656676,8.915700059243841,22.545673320278592,31.04697467513593,34.06469711696249,149.04099897602288
05/18/2023 18:41:32.090794,4393,True,True,True,True,Eyes,2.455567,0.02784381,-3.012943,-0.05074101,-0.3646625,-0.9297563,0.0,0.0,0.0,0.0,0.0,0.0,0.0,3.288336,-0.1386177,-2.095284,2.439078,0.03021518,-3.045089,-0.07374435,0.979083,-0.1028134,-0.1593355,12.99264,197.7365,353.421,0.6463567,0.005578661,-0.7630146,-0.03103101,0.01908383,-0.4077731,3.112165,-0.7176917,-4.518425,-0.1743,-0.3153721,2.058339,-0.9383479,-0.11164,0.3271692,-0.1771673,0.9679824,-0.1778256,-0.2968415,-0.2248259,-0.9280832,moving,3.123791,21.41575,-4.840255,-8.710935,9.072195984350143,22.547242636082263,31.161565714503833,34.21447006049953,148.9326168596267
05/18/2023 18:41:32.101605,4394,True,True,True,True,Eyes,2.454471,0.02774778,-3.015164,-0.05368261,-0.3647034,-0.929575,0.0,0.0,0.0,0.0,0.0,0.0,0.0,3.315849,-0.1273599,-2.059409,2.435165,0.02946419,-3.053088,-0.07480376,0.9778626,-0.1028707,-0.1661531,13.06431,198.529,353.3912,0.6449063,0.005737219,-0.7642397,-0.02916915,0.0179388,-0.3833067,3.100869,-0.7191882,-4.532786,-0.1776859,-0.3175243,2.058607,-0.9335952,-0.112111,0.3403399,-0.1804801,0.9676441,-0.176329,-0.3095595,-0.2260446,-0.9236216,moving,3.305139,21.42174,-4.93318,-8.768334,9.241055120156831,22.55700110431114,31.29393660233939,34.382925422931585,148.8072021481607
05/18/2023 18:41:32.126513,4395,True,True,True,True,Eyes,2.453243,0.02763347,-3.017611,-0.05696432,-0.3648042,-0.9293401,0.0,0.0,0.0,0.0,0.0,0.0,0.0,3.341328,-0.1209525,-2.025503,2.431193,0.02870206,-3.061084,-0.07568322,0.976615,-0.1036011,-0.1725174,13.20702,199.2696,353.3891,0.6435545,0.005877255,-0.7653774,-0.027419,0.01686247,-0.3603083,3.088446,-0.7236419,-4.546125,-0.1807986,-0.3195031,2.058854,-0.9290197,-0.1120807,0.3526478,-0.1835727,0.9670777,-0.1762435,-0.3212843,-0.2284702,-0.9190092,moving,3.507582,21.43205,-5.018566,-8.821077,9.42948697042016,22.571286177681483,31.431622500215177,34.55758528189606,148.67718644922675
05/18/2023 18:41:32.141236,4396,True,True,True,True,Eyes,2.451864,0.02748513,-3.020265,-0.06048759,-0.3651831,-0.9289685,0.0,0.0,0.0,0.0,0.0,0.0,0.0,3.365219,-0.1127172,-1.992961,2.426893,0.028161,-3.06899,-0.07649476,0.9754189,-0.1038224,-0.178683,13.28985,199.9898,353.3842,0.6422868,0.006000148,-0.7664406,-0.02577386,0.01585072,-0.3386898,3.075036,-0.7283014,-4.559741,-0.1839527,-0.3215075,2.059105,-0.9244419,-0.1121263,0.3644652,-0.1863314,0.9667389,-0.175204,-0.3326977,-0.2298772,-0.9145867,moving,3.72542,21.46008,-5.105038,-8.874475,9.631923280274634,22.602510249195152,31.593705315106508,34.7559869397254,148.52365074424048
05/18/2023 18:41:32.150809,4397,True,True,True,True,Eyes,2.450349,0.02730399,-3.023117,-0.06430554,-0.3656121,-0.9285433,0.0,0.0,0.0,0.0,0.0,0.0,0.0,3.387727,-0.1058677,-1.96159,2.422404,0.02725272,-3.07684,-0.07691498,0.9742697,-0.1038971,-0.1846301,13.34707,200.6905,353.4193,0.6410902,0.006106714,-0.7674409,-0.02422743,0.01489968,-0.3183684,3.059134,-0.732496,-4.574088,-0.187111,-0.3235152,2.059357,-0.9199919,-0.1115068,0.3757414,-0.1882369,0.966579,-0.1740459,-0.3437765,-0.2308492,-0.9102345,moving,3.961649,21.49194,-5.191581,-8.927927,9.851422210776246,22.63774036531448,31.76712023036695,34.96688864936519,148.35976270591956
05/18/2023 18:41:32.170916,4398,True,True,True,True,Eyes,2.448676,0.02708833,-3.02616,-0.06826215,-0.3662355,-0.9280151,0.0,0.0,0.0,0.0,0.0,0.0,0.0,3.409198,-0.100394,-1.930682,2.41772,0.02629478,-3.084506,-0.07729028,0.9730943,-0.1041775,-0.1904233,13.42573,201.3741,353.4623,0.6399537,0.006197693,-0.7683881,-0.02277378,0.0140057,-0.2992663,3.03644,-0.7385762,-4.589631,-0.1903157,-0.325552,2.05961,-0.9155306,-0.1107458,0.3867035,-0.1900971,0.9663466,-0.1733132,-0.3544959,-0.2321847,-0.9057722,moving,4.206939,21.53637,-5.279353,-8.982136,10.07912263053962,22.684943889065416,31.958863314913128,35.19498149444507,148.1783644309884
05/18/2023 18:41:32.190954,4399,True,True,True,True,Eyes,2.446865,0.0268342,-3.029385,-0.07248054,-0.3668648,-0.9274464,0.0,0.0,0.0,0.0,0.0,0.0,0.0,3.430449,-0.0925594,-1.899611,2.412779,0.02531932,-3.092398,-0.07797282,0.9718555,-0.1043589,-0.1962811,13.50043,202.0625,353.4695,0.6388659,0.006273812,-0.7692921,-0.02140735,0.01316536,-0.2813103,3.009468,-0.736577,-4.609486,-0.1935118,-0.3275837,2.059863,-0.9107881,-0.1105893,0.397788,-0.192524,0.966059,-0.1722344,-0.3652394,-0.2334528,-0.9011661,moving,4.46862,21.58199,-5.366845,-9.036179,10.32207280551846,22.733636536031263,32.15911448841193,35.4325178487469,147.9894840608607
05/18/2023 18:41:32.201275,4400,True,True,True,True,Eyes,2.44488,0.02654181,-3.032773,-0.07683647,-0.3676658,-0.9267783,0.0,0.0,0.0,0.0,0.0,0.0,0.0,3.45055,-0.08511364,-1.870318,2.408107,0.02445745,-3.100331,-0.07838161,0.9706959,-0.1042298,-0.2018462,13.53227,202.7211,353.4981,0.637818,0.006335538,-0.7701606,-0.02012291,0.01237543,-0.2644317,2.982643,-0.729479,-4.630776,-0.1968429,-0.3297012,2.060127,-0.9062288,-0.1100926,0.4082021,-0.1942462,0.9659849,-0.1707089,-0.3755232,-0.233993,-0.8967885,moving,4.739386,21.63891,-5.457982,-9.092471,10.573271206918538,22.79311437423909,32.379068737296706,35.688816652310365,147.78190224813767
05/18/2023 18:41:32.220992,4401,True,True,True,True,Eyes,2.442772,0.02622565,-3.036345,-0.08138404,-0.3684223,-0.9260895,0.0,0.0,0.0,0.0,0.0,0.0,0.0,3.46888,-0.07822365,-1.842638,2.402848,0.02334255,-3.108108,-0.07857408,0.9695898,-0.1039395,-0.2071674,13.53936,203.3544,353.5447,0.6368008,0.006383363,-0.7710015,-0.01891554,0.01163291,-0.2485658,2.95572,-0.7217405,-4.652209,-0.1998737,-0.3316277,2.060367,-0.9018157,-0.1093035,0.4180687,-0.195435,0.9660454,-0.1690013,-0.385401,-0.2341132,-0.8925566,moving,5.022208,21.69394,-5.540857,-9.143657,10.835739266717272,22.85109910308144,32.59656010883103,35.942416771535065,147.57757380000086
05/18/2023 18:41:32.241043,4402,True,True,True,True,Eyes,2.440503,0.0258629,-3.040071,-0.08599073,-0.3692042,-0.9253615,0.0,0.0,0.0,0.0,0.0,0.0,0.0,3.484437,-0.07120866,-1.819582,2.397526,0.0221367,-3.115866,-0.07855666,0.9686553,-0.1032532,-0.2118365,13.49237,203.9136,353.597,0.635808,0.006418017,-0.7718201,-0.01778061,0.01093493,-0.2336518,2.930848,-0.7166986,-4.671628,-0.2031633,-0.3337185,2.060628,-0.8979084,-0.108443,0.4266156,-0.1959342,0.9663353,-0.1667513,-0.3941706,-0.2333159,-0.8889283,moving,5.309057,21.7512,-5.63076,-9.199175,11.101916752874232,22.911263382770095,32.826899162639684,36.20860014485306,147.3613337105427
05/18/2023 18:41:32.250920,4403,True,True,True,True,Eyes,2.438097,0.02545178,-3.043946,-0.09068639,-0.3699425,-0.9246179,0.0,0.0,0.0,0.0,0.0,0.0,0.0,3.497591,-0.06153384,-1.80062,2.392022,0.0206918,-3.123612,-0.07841925,0.9678985,-0.101821,-0.2159991,13.35487,204.4147,353.6378,0.6348324,0.006439647,-0.7726226,-0.01671377,0.01027884,-0.2196327,2.906108,-0.7132907,-4.690134,-0.2063568,-0.3357478,2.060884,-0.8943899,-0.1078173,0.4340999,-0.1957902,0.9669659,-0.1632277,-0.402161,-0.2309817,-0.885954,moving,5.601645,21.80651,-5.71798,-9.25302,11.373479076217793,22.96973377541764,33.05795386834347,36.47497545201668,147.14512497063518
05/18/2023 18:41:32.271195,4404,True,True,True,True,Eyes,2.435562,0.02501735,-3.047971,-0.09541032,-0.3707252,-0.9238289,0.0,0.0,0.0,0.0,0.0,0.0,0.0,3.508376,-0.05554354,-1.78524,2.386363,0.01911467,-3.131097,-0.0785265,0.9671474,-0.1013204,-0.219531,13.32424,204.8366,353.6628,0.6338679,0.006448324,-0.7734141,-0.01571095,0.009662108,-0.2064548,2.883039,-0.7055933,-4.709675,-0.2096122,-0.3378172,2.061142,-0.8912796,-0.1074075,0.4405504,-0.1963793,0.9671355,-0.1615055,-0.4087251,-0.2304615,-0.8830809,moving,5.896434,21.8652,-5.806852,-9.30791,11.647027347570576,23.03141835766277,33.29759285999359,36.74874233091905,146.92109620729588
05/18/2023 18:41:32.291377,4405,True,True,True,True,Eyes,2.432883,0.02455568,-3.052139,-0.1002038,-0.3713868,-0.9230553,0.0,0.0,0.0,0.0,0.0,0.0,0.0,3.519017,-0.04864722,-1.769952,2.38055,0.0181081,-3.138665,-0.07898951,0.9663427,-0.100948,-0.2230516,13.31699,205.2528,353.6499,0.6329098,0.006444739,-0.7741984,-0.01476829,0.009082382,-0.1940675,2.860934,-0.7046788,-4.726021,-0.212732,-0.3398008,2.061386,-0.8880174,-0.1076286,0.4470363,-0.1976951,0.9671403,-0.1598633,-0.415141,-0.2303382,-0.8801152,moving,6.195576,21.91715,-5.891982,-9.360513,11.92476096001706,23.08689371024497,33.53209300274787,37.017165368560676,146.7028513477682
05/18/2023 18:41:32.301440,4406,True,True,True,True,Eyes,2.430076,0.0240663,-3.056448,-0.1050247,-0.3720892,-0.9222361,0.0,0.0,0.0,0.0,0.0,0.0,0.0,3.527739,-0.04008052,-1.758095,2.374483,0.01697117,-3.146265,-0.07886053,0.9657795,-0.09945658,-0.2261847,13.16643,205.631,353.6714,0.6319535,0.006429425,-0.7749794,-0.01388219,0.008537439,-0.1824234,2.840812,-0.705453,-4.741114,-0.2159198,-0.3418266,2.061641,-0.8852432,-0.1073326,0.4525754,-0.1973149,0.9677789,-0.1564322,-0.4212027,-0.2277803,-0.877898,moving,6.496884,21.97231,-5.978905,-9.414177,12.204451171385928,23.14542332503356,33.77509255906918,37.29292178123624,146.47689772041406
05/18/2023 18:41:32.320723,4407,True,True,True,True,Eyes,2.427128,0.02355042,-3.060875,-0.1098738,-0.3727267,-0.9214134,0.0,0.0,0.0,0.0,0.0,0.0,0.0,3.535768,-0.03317007,-1.747396,2.368374,0.01578328,-3.15384,-0.07857564,0.965251,-0.09807819,-0.2291223,13.02328,205.9877,353.7098,0.6309952,0.006402854,-0.7757599,-0.01304926,0.008025193,-0.171478,2.823065,-0.7082081,-4.754443,-0.2192093,-0.3439175,2.061903,-0.8826576,-0.1067466,0.457734,-0.1966342,0.9684131,-0.1533333,-0.4269079,-0.225347,-0.8757673,moving,6.80012,22.02413,-6.068552,-9.469539,12.486001933395652,23.20087071714573,34.021374253917855,37.57162683133987,146.2484039288131
05/18/2023 18:41:32.340897,4408,True,True,True,True,Eyes,2.424025,0.02301399,-3.065412,-0.1147527,-0.3734362,-0.920531,0.0,0.0,0.0,0.0,0.0,0.0,0.0,3.542793,-0.03131378,-1.737911,2.362097,0.01461741,-3.161165,-0.07805499,0.9647325,-0.09736808,-0.2317721,12.94703,206.3124,353.7872,0.6300318,0.006365497,-0.7765428,-0.01226631,0.007543681,-0.1611893,2.805271,-0.7028437,-4.770874,-0.2223857,-0.3459363,2.062155,-0.8803785,-0.10547,0.4623963,-0.1957388,0.9688538,-0.1516863,-0.431996,-0.2240502,-0.8736025,moving,7.105792,22.08116,-6.155069,-9.522967,12.76972248601336,23.26125062475528,34.273477761870765,37.8543611497592,146.01480691891769
05/18/2023 18:41:32.350954,4409,True,True,True,True,Eyes,2.420782,0.02245773,-3.070057,-0.1196421,-0.3740408,-0.9196626,0.0,0.0,0.0,0.0,0.0,0.0,0.0,3.549016,-0.03007734,-1.729808,2.355637,0.01361586,-3.168507,-0.07713964,0.9643219,-0.09622838,-0.2342499,12.81067,206.6214,353.8957,0.6290593,0.006317887,-0.7773314,-0.01153033,0.00709106,-0.151518,2.789045,-0.6922703,-4.789078,-0.2254749,-0.3479,2.062399,-0.8783531,-0.1036919,0.4666307,-0.1938578,0.9695792,-0.1494503,-0.4369386,-0.2217302,-0.8717343,moving,7.412179,22.13232,-6.23917,-9.574914,13.054221913349757,23.316152369111144,34.52112422054874,38.13210220299143,145.7861529992408
05/18/2023 18:41:32.370939,4410,True,True,True,True,Eyes,2.417409,0.02189243,-3.074799,-0.124588,-0.3747575,-0.9187136,0.0,0.0,0.0,0.0,0.0,0.0,0.0,3.554871,-0.0244028,-1.722244,2.349043,0.01256454,-3.175794,-0.07689196,0.9638616,-0.09501232,-0.236709,12.68316,206.92,353.9251,0.6280753,0.00626058,-0.7781271,-0.01083851,0.006665597,-0.1424269,2.772278,-0.6872829,-4.805488,-0.2285975,-0.3498849,2.062647,-0.876113,-0.1032459,0.4709207,-0.1932069,0.9701206,-0.1467554,-0.441698,-0.2195595,-0.8698831,moving,7.722845,22.19131,-6.324127,-9.627388,13.342558093145312,23.378481235421848,34.781416946179576,38.42090455128185,145.5458407281517
05/18/2023 18:41:32.391367,4411,True,True,True,True,Eyes,2.329651,0.008785442,-3.195896,-0.2470531,-0.3896382,-0.8872129,0.0,0.0,0.0,0.0,0.0,0.0,0.0,3.56196,-0.01707658,-1.711912,2.342575,0.01181126,-3.182875,-0.07758963,0.9631577,-0.0946317,-0.2394829,12.67692,207.2449,353.8727,0.6270772,0.006194281,-0.7789322,-0.0101882,0.006265661,-0.1338813,2.756164,-0.7191276,-4.805923,-0.2318768,-0.3519691,2.062907,-0.8732557,-0.1041368,0.4760045,-0.1947874,0.9700493,-0.1451277,-0.4466348,-0.2194533,-0.8673857,moving,15.56038,23.70969,-6.413295,-9.682458,20.616173520775952,24.97916492254478,39.973465462222926,43.9547525546476,140.978871526647
05/18/2023 18:41:32.401436,4412,True,True,True,True,Eyes,2.329371,0.008831795,-3.196191,-0.2474404,-0.3895629,-0.8871381,0.0,0.0,0.0,0.0,0.0,0.0,0.0,3.569113,-0.01283196,-1.701368,2.335782,0.01228046,-3.190198,-0.07837112,0.9623939,-0.09471486,-0.2422501,12.72529,207.5681,353.8229,0.6229132,0.005761241,-0.7822695,-0.2728518,-0.03343126,-0.4891382,2.737737,-0.705658,-4.82443,-0.2350322,-0.3539747,2.063158,-0.8703456,-0.1049584,0.4811259,-0.1967371,0.9697741,-0.1443352,-0.4514343,-0.2202768,-0.8646879,moving,15.58484,23.70739,-6.499042,-9.735415,20.63900868730493,24.977572004001857,40.07641513980447,44.062061479766626,140.88043049463167
05/18/2023 18:41:32.426888,4413,True,True,True,True,Eyes,2.328815,0.008939192,-3.196775,-0.2480226,-0.389376,-0.8870576,0.0,0.0,0.0,0.0,0.0,0.0,0.0,3.575447,-0.005885512,-1.692636,2.328885,0.01344463,-3.197652,-0.0779525,0.96196,-0.09262972,-0.2449008,12.49729,207.8924,353.8494,0.6193934,0.005393823,-0.785062,-0.2564807,-0.03142538,-0.45979,2.720447,-0.6882456,-4.843215,-0.2383416,-0.356079,2.063418,-0.8678944,-0.1046042,0.485611,-0.1953446,0.9706863,-0.1400309,-0.4567281,-0.2163934,-0.862887,moving,15.62107,23.69918,-6.588929,-9.790961,20.672924181559253,24.9707165636291,40.185489915887324,44.176723123502576,140.7768101955537
05/18/2023 18:41:32.440845,4414,True,True,True,True,Eyes,2.327986,0.009046551,-3.197618,-0.2490191,-0.3889503,-0.8869652,0.0,0.0,0.0,0.0,0.0,0.0,0.0,3.581179,0.000941515,-1.68492,2.321722,0.01499248,-3.205181,-0.07788016,0.9614906,-0.09087718,-0.2474105,12.31533,208.1956,353.8425,0.616376,0.005080753,-0.7874352,-0.2410919,-0.02953986,-0.4322026,2.697236,-0.6737764,-4.86287,-0.2415233,-0.3581008,2.063672,-0.8654455,-0.1047942,0.4899209,-0.19473,0.971352,-0.1362183,-0.4616107,-0.2132918,-0.8610588,moving,15.68231,23.67832,-6.675284,-9.844282,20.730385958856377,24.95259282245921,40.29425336594835,44.29326408500121,140.67513205014066
05/18/2023 18:41:32.453848,4415,True,True,True,True,Eyes,2.326916,0.009258396,-3.198703,-0.2501422,-0.3886883,-0.8867639,0.0,0.0,0.0,0.0,0.0,0.0,0.0,3.585536,0.01692039,-1.678584,2.314302,0.01495516,-3.212129,-0.07674404,0.9613551,-0.08631329,-0.2499138,11.78936,208.5114,353.8769,0.6136292,0.004801624,-0.7895793,-0.2266264,-0.02776747,-0.4062704,2.673567,-0.696192,-4.867315,-0.2447717,-0.3601656,2.06393,-0.8633071,-0.1044148,0.4937598,-0.1906983,0.9733208,-0.1275966,-0.4672637,-0.2043142,-0.8601864,moving,15.75293,23.66891,-6.7634,-9.89871,20.796367954962065,24.94540143139855,40.419923665604564,44.42581356795926,140.55800347395993
05/18/2023 18:41:32.471097,4416,True,True,True,True,Eyes,2.325579,0.009601278,-3.200029,-0.2516385,-0.3884491,-0.8864453,0.0,0.0,0.0,0.0,0.0,0.0,0.0,3.593739,0.01670897,-1.66496,2.307485,0.01771551,-3.219087,-0.0784048,0.9602938,-0.08796529,-0.252885,12.04031,208.8494,353.7723,0.6111207,0.004555713,-0.791524,-0.2130288,-0.02610142,-0.3818942,2.648853,-0.7180519,-4.87176,-0.2477692,-0.3620709,2.064168,-0.8598039,-0.106093,0.4994816,-0.1950735,0.9722296,-0.1292902,-0.471894,-0.2085998,-0.8566228,moving,15.84785,23.66351,-6.844662,-9.948908,20.88491492882397,24.9425198465772,40.55545271201972,44.56838760628961,140.43325020333737
05/18/2023 18:41:32.500695,4417,True,True,True,True,Eyes,2.324001,0.01003997,-3.201588,-0.2534085,-0.3879225,-0.8861717,0.0,0.0,0.0,0.0,0.0,0.0,0.0,3.601919,0.02414632,-1.651701,2.300271,0.02132612,-3.22658,-0.07879892,0.9595574,-0.08639373,-0.2560796,11.89724,209.2302,353.7236,0.6088204,0.00434301,-0.793296,-0.2002471,-0.02453533,-0.3589805,2.62209,-0.7018374,-4.890865,-0.2512079,-0.3642563,2.064441,-0.856428,-0.1069768,0.5050616,-0.1954715,0.9726537,-0.1254418,-0.4778306,-0.206157,-0.8539189,moving,15.95834,23.64145,-6.937828,-10.00645,20.988289267088582,24.92440034571038,40.69908701057339,44.72172102557769,140.30140813087348
05/18/2023 18:41:32.501019,4418,True,True,True,True,Eyes,2.322195,0.01053273,-3.203342,-0.2555241,-0.3875239,-0.8857385,0.0,0.0,0.0,0.0,0.0,0.0,0.0,3.608981,0.02612844,-1.640096,2.292958,0.0239796,-3.233744,-0.07608573,0.9593355,-0.08227251,-0.2590711,11.37777,209.6214,353.9483,0.6067017,0.004162625,-0.7949184,-0.1882322,-0.02306321,-0.3374417,2.589764,-0.7044664,-4.902019,-0.254349,-0.3662527,2.064692,-0.8541867,-0.1033546,0.5095915,-0.1886123,0.9748844,-0.1184306,-0.4845524,-0.1972771,-0.8522272,moving,16.09217,23.6301,-7.022873,-10.05898,21.113205495496956,24.91684011548238,40.85657014652905,44.8881599740438,140.15816141127567
05/18/2023 18:41:32.521060,4419,True,True,True,True,Eyes,2.320183,0.01107001,-3.205297,-0.2578171,-0.3870811,-0.8852674,0.0,0.0,0.0,0.0,0.0,0.0,0.0,3.616557,0.01445258,-1.626886,2.286004,0.02577523,-3.240365,-0.07408968,0.958748,-0.08192518,-0.2619188,11.29743,209.9849,354.1969,0.6047407,0.004012668,-0.7964121,-0.1769383,-0.02167942,-0.3171952,2.556806,-0.7093673,-4.912297,-0.2574828,-0.3682452,2.064939,-0.8518188,-0.09915115,0.5143679,-0.1849821,0.975598,-0.1182802,-0.4900887,-0.1959022,-0.8493738,moving,16.23719,23.61724,-7.107678,-10.11139,21.248577178762783,24.90812264420289,41.01954831070576,45.06044244790099,140.01040822894112
05/18/2023 18:41:32.540860,4420,True,True,True,True,Eyes,2.317993,0.01161835,-3.207443,-0.2604129,-0.3866682,-0.884688,0.0,0.0,0.0,0.0,0.0,0.0,0.0,3.624763,0.01560745,-1.612484,2.279066,0.0273609,-3.24721,-0.07354894,0.9580029,-0.0808809,-0.2651026,11.18423,210.3741,354.2646,0.6029168,0.003891263,-0.7977942,-0.166322,-0.02037866,-0.2981635,2.524762,-0.7013105,-4.926874,-0.2607993,-0.370353,2.065201,-0.8486223,-0.09803671,0.5198355,-0.1838037,0.9760976,-0.1159723,-0.4960406,-0.1939643,-0.8463578,moving,16.40209,23.60857,-7.197371,-10.1668,21.402391974510984,24.903782278296635,41.20327873030763,45.25364276538391,139.8441487980322
05/18/2023 18:41:32.550970,4421,True,True,True,True,Eyes,2.315624,0.01217474,-3.209764,-0.2631838,-0.3862201,-0.8840635,0.0,0.0,0.0,0.0,0.0,0.0,0.0,3.633188,0.02529278,-1.596769,2.272217,0.02812593,-3.253705,-0.07340985,0.9572263,-0.07883377,-0.2685405,10.97324,210.79,354.2592,0.6012115,0.003795814,-0.7990806,-0.1563427,-0.01915594,-0.2802737,2.493632,-0.7040017,-4.936582,-0.2639012,-0.3723249,2.065445,-0.8449942,-0.09819957,0.5256823,-0.1828798,0.9767925,-0.1114965,-0.5025337,-0.1903505,-0.8433427,moving,16.57815,23.59904,-7.28121,-10.21861,21.56662179683837,24.898892407999703,41.387226424732795,45.447072235233634,139.6785404567711
05/18/2023 18:41:32.570870,4422,True,True,True,True,Eyes,2.313089,0.0127452,-3.212258,-0.2661423,-0.3857871,-0.8833667,0.0,0.0,0.0,0.0,0.0,0.0,0.0,3.643106,0.03650475,-1.577835,2.265611,0.02886934,-3.260259,-0.07422625,0.9561746,-0.07773159,-0.2723576,10.89922,211.2424,354.1782,0.5996079,0.003723912,-0.8002849,-0.1469621,-0.01800658,-0.2634573,2.462014,-0.7094668,-4.944887,-0.2669332,-0.3742521,2.065688,-0.8406238,-0.0996049,0.5323822,-0.1842881,0.9768965,-0.1082178,-0.5093033,-0.1890821,-0.8395584,moving,16.7666,23.59203,-7.363098,-10.2692,21.742347847899385,24.896644993740622,41.579144083111,45.648259902528544,139.5062585898942
05/18/2023 18:41:32.590655,4423,True,True,True,True,Eyes,2.310394,0.01330133,-3.214915,-0.2692814,-0.3852011,-0.8826707,0.0,0.0,0.0,0.0,0.0,0.0,0.0,3.653333,0.05190387,-1.558108,2.259065,0.02978627,-3.26695,-0.07547179,0.9550535,-0.07631012,-0.2763218,10.80514,211.7089,354.0404,0.5980915,0.003673563,-0.801419,-0.1381444,-0.01692618,-0.2476498,2.431992,-0.7148346,-4.952327,-0.2701104,-0.3762716,2.065939,-0.8359008,-0.1019869,0.5393227,-0.1863315,0.9769616,-0.1040515,-0.5162857,-0.1874695,-0.8356463,moving,16.96568,23.57665,-7.448862,-10.3222,21.928139226271824,24.88680631079412,41.77561360880608,45.855014190837586,139.33016189906493
05/18/2023 18:41:32.601248,4424,True,True,True,True,Eyes,2.307553,0.01383402,-3.217707,-0.2723143,-0.3845857,-0.8820084,0.0,0.0,0.0,0.0,0.0,0.0,0.0,3.661799,0.06189072,-1.542266,2.252592,0.02995814,-3.273548,-0.07487266,0.9543046,-0.07375168,-0.2797458,10.52437,212.1291,354.0663,0.5966488,0.003642233,-0.8024939,-0.1298557,-0.01591061,-0.2327908,2.403318,-0.7227883,-4.958594,-0.2735224,-0.3784403,2.06621,-0.8322727,-0.1016392,0.5449692,-0.1841661,0.9779096,-0.0988725,-0.5228813,-0.1826537,-0.832606,moving,17.15773,23.55884,-7.540901,-10.37907,22.10742692022585,24.874532121901737,41.97385029327499,46.063432471262914,139.15177100645062
05/18/2023 18:41:32.621077,4425,True,True,True,True,Eyes,2.304564,0.01436028,-3.220631,-0.2754385,-0.3840597,-0.8812672,0.0,0.0,0.0,0.0,0.0,0.0,0.0,3.669538,0.05749372,-1.527577,2.246237,0.02992052,-3.279607,-0.07371701,0.9535392,-0.07337774,-0.2827445,10.46433,212.5024,354.2167,0.595269,0.003627436,-0.803518,-0.1220644,-0.01495598,-0.2188234,2.375862,-0.7365445,-4.961624,-0.2766156,-0.3804062,2.066456,-0.8292428,-0.09908981,0.5500344,-0.1820785,0.978363,-0.09825096,-0.5283976,-0.1816233,-0.8293425,moving,17.35655,23.54776,-7.624284,-10.43059,22.292893510474205,24.868712441907206,42.17309967334694,46.271786901722955,138.97316623855616
05/18/2023 18:41:32.641056,4426,True,True,True,True,Eyes,2.301406,0.01487611,-3.223666,-0.278526,-0.3835176,-0.8805324,0.0,0.0,0.0,0.0,0.0,0.0,0.0,3.676844,0.05076075,-1.513838,2.239721,0.03029714,-3.285755,-0.07314547,0.9526864,-0.07407859,-0.2855708,10.54011,212.8495,354.3342,0.5939417,0.003627346,-0.8044996,-0.1147405,-0.01405862,-0.205694,2.348712,-0.7501351,-4.964414,-0.2798126,-0.3824379,2.06671,-0.8261985,-0.09706003,0.5549559,-0.1816788,0.9783242,-0.09937092,-0.5332818,-0.1829238,-0.8259237,moving,17.55297,23.53563,-7.710411,-10.48381,22.476144012032503,24.861854980664017,42.3740571277375,46.481653761670344,138.7927265928759
05/18/2023 18:41:32.651331,4427,True,True,True,True,Eyes,2.298115,0.01536293,-3.226811,-0.2817141,-0.3830332,-0.8797287,0.0,0.0,0.0,0.0,0.0,0.0,0.0,3.68379,0.04836491,-1.500182,2.232991,0.0306026,-3.291809,-0.07242899,0.9518965,-0.07374337,-0.2884598,10.49664,213.2059,354.4354,0.5926578,0.003640224,-0.8054458,-0.1078561,-0.0132151,-0.1933524,2.32044,-0.7600738,-4.96806,-0.2830516,-0.384497,2.066967,-0.82309,-0.09534579,0.55985,-0.1804338,0.9786319,-0.09860642,-0.5384853,-0.1821778,-0.8227059,moving,17.75654,23.52828,-7.797614,-10.53771,22.665964907179195,24.85963545732596,42.58528456328332,46.70119597247171,138.60306769766495
05/18/2023 18:41:32.676482,4428,True,True,True,True,Eyes,2.294702,0.01584121,-3.230052,-0.2849217,-0.3826652,-0.8788555,0.0,0.0,0.0,0.0,0.0,0.0,0.0,3.691307,0.04786065,-1.484884,2.226531,0.03039611,-3.297658,-0.07236755,0.9509505,-0.07398602,-0.2915172,10.53912,213.5771,354.4842,0.5914091,0.003664037,-0.806363,-0.1013847,-0.01242219,-0.1817512,2.291072,-0.7700219,-4.971428,-0.2863536,-0.3865963,2.067227,-0.8195616,-0.09449954,0.5651452,-0.1807723,0.978578,-0.09852131,-0.5437285,-0.1829069,-0.8190879,moving,17.96251,23.52894,-7.886461,-10.59264,22.85786830971402,24.864968526362546,42.80714336948029,46.93032907526772,138.40361235597842
05/18/2023 18:41:32.691121,4429,True,True,True,True,Eyes,2.291175,0.01631294,-3.233391,-0.2881928,-0.3824168,-0.8778965,0.0,0.0,0.0,0.0,0.0,0.0,0.0,3.69892,0.05211693,-1.469074,2.220327,0.03073294,-3.303348,-0.07436638,0.9497147,-0.07574962,-0.2945741,10.81823,213.9298,354.3544,0.5901895,0.003697466,-0.8072561,-0.09530164,-0.01167686,-0.1708461,2.261627,-0.7803204,-4.973931,-0.2894569,-0.3885683,2.067474,-0.8153916,-0.09662591,0.570789,-0.1858814,0.9774633,-0.1000682,-0.5482561,-0.1876938,-0.8149763,moving,18.17379,23.53822,-7.969899,-10.6442,23.054553954343334,24.878491788611345,43.03405990125869,47.16331533114417,138.20005118858367
05/18/2023 18:41:32.701120,4430,True,True,True,True,Eyes,2.287548,0.01676973,-3.236818,-0.2915981,-0.3822702,-0.8768352,0.0,0.0,0.0,0.0,0.0,0.0,0.0,3.707227,0.0620549,-1.451079,2.214054,0.03108521,-3.309079,-0.07654665,0.9484006,-0.07666133,-0.2979935,11.01302,214.3247,354.1819,0.5889919,0.003739397,-0.80813,-0.08958354,-0.01097625,-0.1605954,2.232215,-0.7821524,-4.979784,-0.2926886,-0.3906224,2.067731,-0.8106812,-0.09950459,0.5769708,-0.1908829,0.9765273,-0.09979048,-0.5534982,-0.1910321,-0.8106459,moving,18.39493,23.55556,-8.056728,-10.69788,23.26027212929607,24.89978522732637,43.27803556981952,47.412532802362826,137.98111470015607
05/18/2023 18:41:32.720949,4431,True,True,True,True,Eyes,2.283838,0.01718632,-3.240309,-0.2950175,-0.3823755,-0.8756448,0.0,0.0,0.0,0.0,0.0,0.0,0.0,3.715229,0.07203153,-1.433215,2.207898,0.03121712,-3.314577,-0.07902166,0.9470301,-0.07798902,-0.3013426,11.26465,214.7087,353.9909,0.5878123,0.003788582,-0.8089882,-0.08420853,-0.01031768,-0.1509597,2.203084,-0.7824477,-4.986193,-0.2958158,-0.3926099,2.067979,-0.8058967,-0.1026689,0.5830867,-0.1966746,0.9753466,-0.1000907,-0.5584354,-0.1953411,-0.8062209,moving,18.61942,23.58987,-8.140697,-10.74978,23.46878602364909,24.93703989011928,43.53522049991465,47.67293289584954,137.750403460955
05/18/2023 18:41:32.740993,4432,True,True,True,True,Eyes,2.280069,0.01761282,-3.24387,-0.2985634,-0.3827603,-0.8742737,0.0,0.0,0.0,0.0,0.0,0.0,0.0,3.723461,0.07361156,-1.414676,2.202187,0.0307311,-3.319686,-0.08121239,0.9455739,-0.08080758,-0.3045732,11.67086,215.0821,353.8827,0.5866463,0.003843291,-0.8098339,-0.07915601,-0.009698615,-0.1419021,2.175873,-0.7835221,-4.992297,-0.2992429,-0.3947888,2.068249,-0.8012796,-0.104361,0.5891181,-0.2028083,0.9737493,-0.1033489,-0.5628678,-0.2022893,-0.8014108,moving,18.85498,23.64399,-8.232661,-10.80666,23.687234372106825,24.993090853946214,43.82450890047007,47.96354742688315,137.4904250263627
05/18/2023 18:41:32.750922,4433,True,True,True,True,Eyes,2.276208,0.0180642,-3.247496,-0.3021389,-0.3833624,-0.8727802,0.0,0.0,0.0,0.0,0.0,0.0,0.0,3.732176,0.06776944,-1.394144,2.196396,0.03143349,-3.324487,-0.08420539,0.9438022,-0.08595496,-0.3078291,12.36219,215.4528,353.7686,0.585491,0.003903199,-0.8106692,-0.07440665,-0.009116698,-0.133388,2.148879,-0.7882167,-4.996583,-0.3025027,-0.3968605,2.068509,-0.7963017,-0.1060276,0.5955352,-0.2118654,0.9710424,-0.1104072,-0.5665837,-0.2140907,-0.7957063,moving,19.09482,23.71314,-8.320067,-10.86069,23.909382217237106,25.063308422406543,44.12398157568817,48.26252230768232,137.22176816366652
05/18/2023 18:41:32.770956,4434,True,True,True,True,Eyes,2.272247,0.0185272,-3.251188,-0.3060561,-0.383617,-0.8713023,0.0,0.0,0.0,0.0,0.0,0.0,0.0,3.740708,0.0645639,-1.374352,2.190331,0.03253446,-3.329759,-0.0857219,0.9423265,-0.08862919,-0.3111547,12.7314,215.8469,353.7375,0.5843433,0.003968396,-0.8114967,-0.06994225,-0.008569696,-0.1253847,2.123543,-0.7953354,-4.999731,-0.3054875,-0.3987583,2.068745,-0.791669,-0.1064013,0.6016136,-0.2167108,0.9695932,-0.1136898,-0.5712237,-0.2203808,-0.7906552,moving,19.35448,23.76294,-8.400047,-10.91017,24.15036906535345,25.115867433301805,44.41326745541054,48.553114824625645,136.96399186008347
05/18/2023 18:41:32.790995,4435,True,True,True,True,Eyes,2.268187,0.01898778,-3.254935,-0.3101237,-0.3838338,-0.8697672,0.0,0.0,0.0,0.0,0.0,0.0,0.0,3.748326,0.06247351,-1.356007,2.183872,0.03323463,-3.334997,-0.08492444,0.94134,-0.08818895,-0.3144673,12.67635,216.2621,353.8559,0.5831989,0.004038686,-0.812319,-0.06574572,-0.008055515,-0.1178616,2.098579,-0.8003002,-5.003551,-0.3086805,-0.4007875,2.068998,-0.7877966,-0.1044205,0.60702,-0.2153506,0.9700211,-0.1126197,-0.5770624,-0.2194435,-0.7866662,moving,19.62417,23.81217,-8.485555,-10.96304,24.40071247733764,25.168122521103093,44.71545448857391,48.85660133203455,136.69472244616793
05/18/2023 18:41:32.806897,4436,True,True,True,True,Eyes,2.264013,0.01944808,-3.258727,-0.3146271,-0.3836983,-0.8682081,0.0,0.0,0.0,0.0,0.0,0.0,0.0,3.75718,0.06080759,-1.333709,2.177494,0.0336201,-3.340099,-0.08392606,0.9402096,-0.08757141,-0.3182666,12.59703,216.7393,353.9963,0.582056,0.004113455,-0.8131379,-0.06180098,-0.007572184,-0.1107899,2.070577,-0.8033569,-5.006348,-0.3086997,-0.4008001,2.069,-0.7833256,-0.1020741,0.6131738,-0.2135583,0.9705753,-0.1112492,-0.5837756,-0.2180927,-0.7820755,moving,19.91984,23.84269,-8.486065,-10.96336,24.67562229430999,25.203459135730448,44.92612330784312,49.06868971760137,136.51556118142034
05/18/2023 18:41:32.820943,4437,True,True,True,True,Eyes,2.259733,0.0198863,-3.262566,-0.3193538,-0.3834501,-0.8665906,0.0,0.0,0.0,0.0,0.0,0.0,0.0,3.766905,0.06231007,-1.307787,2.170808,0.03403774,-3.345176,-0.08278929,0.9389611,-0.08620575,-0.3225932,12.43326,217.2819,354.1312,0.5809115,0.004192276,-0.8139557,-0.05809292,-0.007117853,-0.1041425,2.043083,-0.8072197,-5.008459,-0.3087,-0.4007999,2.069,-0.7781589,-0.09985306,0.6200787,-0.2110906,0.971429,-0.1084732,-0.591531,-0.2153022,-0.7770042,static,20.22972,23.86849,-8.486072,-10.96336,24.96386311140155,25.234702970550742,45.14260165973783,49.28689401632985,136.33189711135955
05/18/2023 18:41:32.841054,4438,True,True,True,True,Eyes,2.255351,0.02029656,-3.266436,-0.3244335,-0.3830061,-0.8648984,0.0,0.0,0.0,0.0,0.0,0.0,0.0,3.777346,0.06355947,-1.278959,2.164058,0.03390564,-3.350197,-0.08111496,0.9376463,-0.08436723,-0.3272949,12.19915,217.8757,354.3111,0.5797637,0.004274128,-0.814773,-0.05460734,-0.006690782,-0.09789397,2.015423,-0.8107519,-5.010675,-0.3086995,-0.4008,2.069,-0.772597,-0.09688839,0.6274605,-0.2073402,0.972605,-0.1051162,-0.6000868,-0.2113103,-0.7715205,static,20.56166,23.88537,-8.486061,-10.96336,25.272829909759,25.258102384606502,45.36743411200088,49.5142106140901,136.1416785752211
05/18/2023 18:41:32.861250,4439,True,True,True,True,Eyes,2.250868,0.02068723,-3.270347,-0.3296813,-0.3826324,-0.8630775,0.0,0.0,0.0,0.0,0.0,0.0,0.0,3.787998,0.06308258,-1.248174,2.157321,0.03360956,-3.354949,-0.08021741,0.9360639,-0.08394478,-0.3321185,12.14807,218.4795,354.4577,0.5786101,0.004358068,-0.8155922,-0.0513309,-0.006289335,-0.09202033,1.988757,-0.8128552,-5.013377,-0.3086999,-0.4008,2.069,-0.766525,-0.094418,0.6352361,-0.2059365,0.9730369,-0.103872,-0.6083007,-0.2104388,-0.7653013,static,20.90603,23.90938,-8.486072,-10.96336,25.59324172911432,25.288460296757723,45.607057075479055,49.75534241743106,135.93869850335378
05/18/2023 18:41:32.870856,4440,True,True,True,True,Eyes,2.246276,0.02105054,-3.274297,-0.3347377,-0.3823699,-0.8612456,0.0,0.0,0.0,0.0,0.0,0.0,0.0,3.799447,0.06599301,-1.214316,2.150472,0.03353944,-3.35992,-0.08031873,0.9341713,-0.0841473,-0.3373311,12.20464,219.1235,354.5228,0.5774494,0.004443372,-0.8164141,0.0,0.0,0.0,1.962175,-0.8144867,-5.016129,-0.3087002,-0.4008,2.069,-0.7595134,-0.09329189,0.6437672,-0.2068339,0.9729363,-0.103028,-0.6167328,-0.211404,-0.7582541,static,21.23946,23.93993,-8.48608,-10.96336,25.9033344960269,25.32468943471647,45.845909099021036,49.99454331380547,135.73614575472965
05/18/2023 18:41:32.891029,4441,True,True,True,True,Eyes,2.128923,0.02931702,-3.373824,-0.4628781,-0.372158,-0.8045137,0.0,0.0,0.0,0.0,0.0,0.0,0.0,3.810568,0.07166028,-1.179951,2.143388,0.03321543,-3.364911,-0.07996936,0.9323326,-0.08324894,-0.3426814,12.12466,219.7878,354.597,0.5762796,0.004529221,-0.8172398,0.0,0.0,0.0,1.937702,-0.8144247,-5.019921,-0.3087,-0.4008001,2.069,-0.752349,-0.09206035,0.6523009,-0.2061718,0.973349,-0.1004234,-0.6256714,-0.2100394,-0.7512784,static,29.91403,24.82467,-8.486073,-10.96336,33.96903287121053,26.351425518474954,52.49143741308204,56.52282046063769,130.1188067451225
05/18/2023 18:41:32.901856,4442,True,True,True,True,Eyes,2.128645,0.02928291,-3.374009,-0.4629944,-0.3723019,-0.8043802,2.11309,1.150296,-0.7574245,-5.073736,0.9466749,0.3219067,0.01351564,-0.3195806,-0.3990451,2.058834,2.136264,0.03274731,-3.369723,-0.07972237,0.9304337,-0.08259477,-0.3480168,12.07473,220.451,354.6684,0.5720817,0.004811821,-0.8201822,-0.3520596,0.02479944,-0.2985821,1.914522,-0.8114859,-5.025235,-0.3087,-0.4008,2.069,-0.7450575,-0.090864,0.6607825,-0.2058415,0.9736449,-0.09820846,-0.6344439,-0.2091874,-0.7441249,static,29.92437,24.83674,-8.486071,-10.96336,33.97843568695196,26.36296018829992,52.50722938629005,56.53749646885396,130.10580129219846
05/18/2023 18:41:32.920872,4443,True,True,True,True,Eyes,2.128092,0.02920709,-3.374362,-0.4634596,-0.3725587,-0.8039933,0.0,0.0,0.0,0.0,0.0,0.0,0.0,3.832187,0.08442673,-1.107962,2.129207,0.03187753,-3.374288,-0.08046267,0.9282276,-0.08292996,-0.3536127,12.17281,221.1409,354.6746,0.5682838,0.005065199,-0.8228167,-0.330936,0.02331147,-0.2806672,1.894557,-0.8121814,-5.029457,-0.3086998,-0.4008,2.069,-0.7369677,-0.09072516,0.6698117,-0.2080255,0.9732968,-0.09705053,-0.6431206,-0.210861,-0.7361615,static,29.96117,24.86231,-8.486068,-10.96336,34.012233958514216,26.387737095802866,52.55158171527803,56.57923756659457,130.06899142979782
05/18/2023 18:41:32.941151,4444,True,True,True,True,Eyes,2.127284,0.02911277,-3.374891,-0.4640914,-0.3729797,-0.8034335,0.0,0.0,0.0,0.0,0.0,0.0,0.0,3.84272,0.08968109,-1.070515,2.122129,0.03082455,-3.37878,-0.08134285,0.9259309,-0.08397237,-0.3591436,12.35292,221.8253,354.6949,0.5648418,0.005291244,-0.825182,-0.3110799,0.02191278,-0.2638271,1.874991,-0.8128664,-5.03355,-0.3086998,-0.4007999,2.069,-0.7287986,-0.09031943,0.6787453,-0.210952,0.9726639,-0.0970777,-0.6514231,-0.2139327,-0.7279292,static,30.01224,24.90224,-8.486067,-10.96336,34.059052939204406,26.42628216551435,52.61616581646983,56.639849681178504,130.01551282911842
05/18/2023 18:41:32.951379,4445,True,True,True,True,Eyes,2.126215,0.02897134,-3.375579,-0.4650925,-0.3733905,-0.8026633,0.0,0.0,0.0,0.0,0.0,0.0,0.0,3.853446,0.09639955,-1.030155,2.114829,0.03026489,-3.383215,-0.08243753,0.9234413,-0.08497875,-0.3650189,12.54042,222.5528,354.6972,0.5617156,0.005492234,-0.8273119,-0.2924151,0.02059801,-0.2479975,1.855373,-0.8090584,-5.039647,-0.3086999,-0.4008,2.069,-0.7199304,-0.09021474,0.6881579,-0.2142901,0.9719654,-0.09676327,-0.6601361,-0.2171283,-0.7190795,static,30.08957,24.94735,-8.486071,-10.96336,34.130240705690674,26.470277074093644,52.70350245728438,56.72236955550734,129.94294416199844
05/18/2023 18:41:32.970910,4446,True,True,True,True,Eyes,2.124911,0.02877606,-3.37642,-0.4662379,-0.3739026,-0.80176,0.0,0.0,0.0,0.0,0.0,0.0,0.0,3.863227,0.1071212,-0.9918699,2.107553,0.02899334,-3.387798,-0.08298146,0.9211538,-0.08449992,-0.3707423,12.54488,223.2639,354.6967,0.5588686,0.005669524,-0.8292366,-0.2748702,0.01936213,-0.2331176,1.836389,-0.8056468,-5.045648,-0.3086995,-0.4008,2.068999,-0.7113287,-0.09022195,0.6970452,-0.2155327,0.9719477,-0.09414534,-0.6689975,-0.2172043,-0.7108201,static,30.17877,25.0021,-8.486064,-10.96337,34.212303529881794,26.52356711121439,52.80610211489252,56.819196084571686,129.85781390164098
05/18/2023 18:41:32.991479,4447,True,True,True,True,Eyes,2.123363,0.02854045,-3.377406,-0.4676735,-0.3745327,-0.800629,0.0,0.0,0.0,0.0,0.0,0.0,0.0,3.87256,0.1147321,-0.9530964,2.100326,0.02748464,-3.39207,-0.08396515,0.9186937,-0.08535015,-0.3763871,12.71068,223.9674,354.7047,0.5562683,0.005824139,-0.8309821,-0.2583779,0.0182004,-0.2191306,1.818522,-0.8047004,-5.050594,-0.3086995,-0.4008001,2.069,-0.7025655,-0.09002712,0.7059019,-0.2185259,0.9713305,-0.09361449,-0.6772361,-0.2200281,-0.7020965,static,30.29059,25.0701,-8.486062,-10.96337,34.31518862240607,26.589777467611523,52.93429607135627,56.94019616726126,129.751519717346
05/18/2023 18:41:33.001366,4448,True,True,True,True,Eyes,2.121583,0.02827008,-3.378542,-0.4692405,-0.375097,-0.799447,0.0,0.0,0.0,0.0,0.0,0.0,0.0,3.881319,0.121744,-0.9158773,2.092968,0.02631054,-3.396628,-0.08517019,0.9162216,-0.08653449,-0.3818324,12.92121,224.6473,354.7027,0.5538851,0.005957341,-0.8325715,-0.2428753,0.01710838,-0.2059827,1.800457,-0.8017414,-5.056273,-0.3086998,-0.4008,2.069,-0.6939003,-0.0899862,0.7144264,-0.2221529,0.9705156,-0.09352802,-0.6849458,-0.223611,-0.6934317,static,30.41108,25.13576,-8.48607,-10.96336,34.42619704664819,26.65399598247822,53.067266209000245,57.0659980565953,129.64120203415732
05/18/2023 18:41:33.021004,4449,True,True,True,True,Eyes,2.119568,0.02794897,-3.379816,-0.4710954,-0.3756532,-0.7980938,0.0,0.0,0.0,0.0,0.0,0.0,0.0,3.889053,0.1308271,-0.8803596,2.085376,0.02516665,-3.401095,-0.08562849,0.9139773,-0.08618718,-0.3871502,12.93517,225.3142,354.714,0.5516922,0.006070404,-0.8340253,-0.2283027,0.01608188,-0.1936238,1.783063,-0.7986563,-5.062136,-0.3087,-0.4007998,2.069,-0.6855651,-0.0897902,0.722453,-0.2232597,0.9704791,-0.09124404,-0.6929328,-0.2238484,-0.685373,static,30.55232,25.20581,-8.486072,-10.96336,34.556455382207126,26.72279872690361,53.21846398041345,57.209315002344006,129.51572183312035
05/18/2023 18:41:33.041205,4450,True,True,True,True,Eyes,2.117327,0.02758893,-3.381216,-0.4730828,-0.3761071,-0.7967033,0.0,0.0,0.0,0.0,0.0,0.0,0.0,3.89619,0.1373159,-0.8472176,2.077786,0.02362728,-3.405756,-0.08572001,0.9118554,-0.08590044,-0.3921648,12.93763,225.9483,354.7632,0.5496655,0.006164085,-0.8353617,-0.2146046,0.01511696,-0.1820064,1.766132,-0.7988864,-5.06627,-0.3086997,-0.4008001,2.069,-0.677718,-0.08895421,0.7299219,-0.2237027,0.9705464,-0.0894248,-0.7004683,-0.2238903,-0.677656,static,30.70186,25.27102,-8.486068,-10.96337,34.69454027744614,26.787261069160092,53.372509024827416,57.355689145280834,129.38778371945327
05/18/2023 18:41:33.051822,4451,True,True,True,True,Eyes,2.114856,0.02719176,-3.382755,-0.4753333,-0.3764794,-0.7951864,0.0,0.0,0.0,0.0,0.0,0.0,0.0,3.902593,0.1452849,-0.8151045,2.070164,0.02231602,-3.410228,-0.08607001,0.909741,-0.08557951,-0.3970385,12.94741,226.5632,354.7813,0.5477834,0.006239347,-0.8365965,-0.2017283,0.01420995,-0.171086,1.749293,-0.799757,-5.06991,-0.3086994,-0.4008001,2.068998,-0.6699051,-0.08864612,0.7371359,-0.2245595,0.9705362,-0.08736416,-0.7076726,-0.2240566,-0.6700734,static,30.86944,25.33512,-8.486063,-10.96337,34.84945555509597,26.85109740231365,53.5391071336001,57.51435571541864,129.2493080371218
05/18/2023 18:41:33.070866,4452,True,True,True,True,Eyes,2.112155,0.02676424,-3.384412,-0.4777574,-0.3766657,-0.7936441,0.0,0.0,0.0,0.0,0.0,0.0,0.0,3.90833,0.1561856,-0.7854805,2.062199,0.02101304,-3.41516,-0.08620797,0.9077886,-0.08423678,-0.4017364,12.83853,227.1544,354.7724,0.5460262,0.006297111,-0.8377441,-0.1896246,0.01335735,-0.1608208,1.730128,-0.791033,-5.076748,-0.3087,-0.4007999,2.069001,-0.6623519,-0.08883526,0.7439073,-0.2241992,0.9709448,-0.08367261,-0.7148597,-0.2222041,-0.6630239,static,31.04707,25.38914,-8.486071,-10.96336,35.01392855468283,26.905728567101264,53.70636362272055,57.67423887803259,129.11001802025214
05/18/2023 18:41:33.091432,4453,True,True,True,True,Eyes,2.109226,0.02629752,-3.386206,-0.4804572,-0.3767284,-0.7919827,0.0,0.0,0.0,0.0,0.0,0.0,0.0,3.913762,0.1680889,-0.7554679,2.054267,0.01984598,-3.419959,-0.08628415,0.9058278,-0.08255673,-0.4064672,12.69186,227.75,354.7537,0.5443761,0.006338369,-0.8388169,-0.1782471,0.01255591,-0.1511716,1.71186,-0.7832762,-5.083353,-0.3086997,-0.4008,2.069,-0.6546788,-0.08920392,0.750625,-0.2234303,0.9714789,-0.07942102,-0.7221318,-0.2197077,-0.6559375,static,31.24314,25.43939,-8.486065,-10.96336,35.195655696144776,26.95725302403685,53.88478391433453,57.845186619931965,128.96124311852662
05/18/2023 18:41:33.101197,4454,True,True,True,True,Eyes,2.106116,0.02579592,-3.38816,-0.4833538,-0.3766732,-0.7902446,0.0,0.0,0.0,0.0,0.0,0.0,0.0,3.919429,0.1797743,-0.7245278,2.046069,0.01861002,-3.425264,-0.08607788,0.9038194,-0.08053267,-0.4113584,12.49719,228.3684,354.7495,0.5428168,0.0063638,-0.8398266,-0.1675523,0.01180255,-0.1421013,1.690468,-0.7656449,-5.093137,-0.3087001,-0.4007999,2.069,-0.64675,-0.08934214,0.7574515,-0.2218533,0.9722102,-0.07475624,-0.7297232,-0.2163917,-0.6485977,static,31.45208,25.48499,-8.486074,-10.96336,35.38946392632092,27.004719546979903,54.069754601350056,58.022735999001455,128.8068257371117
05/18/2023 18:41:33.120941,4455,True,True,True,True,Eyes,2.102795,0.02527248,-3.390242,-0.4864959,-0.3765999,-0.7883491,0.0,0.0,0.0,0.0,0.0,0.0,0.0,3.924673,0.1859407,-0.6936078,2.037862,0.01716661,-3.430093,-0.08528299,0.9018508,-0.07889279,-0.4161346,12.31449,228.9804,354.8225,0.5413343,0.006374107,-0.8407829,-0.1574991,0.0110944,-0.1335752,1.674744,-0.7707962,-5.09381,-0.3087001,-0.4008,2.069,-0.6391179,-0.08816501,0.7640391,-0.2194851,0.9730055,-0.07132065,-0.7371263,-0.2132775,-0.6412161,static,31.67904,25.53414,-8.486075,-10.96336,35.59999446551028,27.055921531097606,54.270654770448694,58.2155244677797,128.6391743853697
05/18/2023 18:41:33.140770,4456,True,True,True,True,Eyes,2.099268,0.02473206,-3.392438,-0.4899828,-0.3766709,-0.7861527,0.0,0.0,0.0,0.0,0.0,0.0,0.0,3.930179,0.1920266,-0.6604447,2.02939,0.01591134,-3.435213,-0.08509056,0.8995982,-0.07814191,-0.4211611,12.2552,229.6243,354.8761,0.5399161,0.006370252,-0.8416944,-0.1480492,0.01042874,-0.1255607,1.654364,-0.7620286,-5.098972,-0.3086994,-0.4008001,2.068999,-0.6307659,-0.08727396,0.7710498,-0.2189153,0.9733069,-0.06891893,-0.7444533,-0.2122663,-0.6330344,static,31.93391,25.60057,-8.486061,-10.96337,35.83619897435075,27.123937164229297,54.504089424229825,58.438905672987126,128.44488751504605
05/18/2023 18:41:33.152474,4457,True,True,True,True,Eyes,2.095539,0.02415734,-3.394748,-0.4937057,-0.3766729,-0.783819,0.0,0.0,0.0,0.0,0.0,0.0,0.0,3.935088,0.19877,-0.6259418,2.02072,0.01494011,-3.439869,-0.08460885,0.8973253,-0.07677355,-0.426327,12.11788,230.2872,354.9313,0.5385509,0.006353233,-0.8425687,-0.1391663,0.009803013,-0.1180271,1.629703,-0.7430148,-5.106845,-0.3086997,-0.4008001,2.069,-0.6221736,-0.08638206,0.7780993,-0.2173046,0.9738944,-0.06563962,-0.7521164,-0.2099237,-0.6247026,static,32.20568,25.66713,-8.486063,-10.96336,36.08814785213967,27.192461374901328,54.7504406011326,58.67475588261431,128.23984515369486
05/18/2023 18:41:33.171010,4458,True,True,True,True,Eyes,2.091632,0.02362794,-3.397182,-0.4976117,-0.3769601,-0.7812065,0.0,0.0,0.0,0.0,0.0,0.0,0.0,3.940052,0.2052598,-0.5923305,2.012213,0.01352336,-3.444968,-0.08408525,0.895062,-0.07546459,-0.4313917,11.98399,230.9391,354.9908,0.537228,0.0063235,-0.8434131,-0.1308163,0.009214832,-0.1109454,1.609108,-0.739958,-5.109097,-0.3086997,-0.4008001,2.069,-0.6136618,-0.08541342,0.7849355,-0.2156326,0.9744695,-0.06254362,-0.7595537,-0.2076383,-0.6164127,static,32.49626,25.75897,-8.486065,-10.96337,36.35713807723718,27.285079196318787,55.0280039387331,58.93943270977176,128.00984696592644
05/18/2023 18:41:33.191194,4459,True,True,True,True,Eyes,2.087514,0.02312993,-3.39974,-0.5017343,-0.3771535,-0.7784716,0.0,0.0,0.0,0.0,0.0,0.0,0.0,3.944793,0.2112722,-0.5568604,2.0036,0.01409261,-3.449857,-0.08551811,0.8923222,-0.07677042,-0.436525,12.22021,231.5977,354.9756,0.535939,0.006283469,-0.844233,-0.1229673,0.008661943,-0.1042887,1.588396,-0.7349072,-5.112315,-0.3086998,-0.4008001,2.068999,-0.6042649,-0.08559497,0.7921724,-0.2196438,0.9735859,-0.06234629,-0.7659114,-0.2116695,-0.6071042,static,32.80227,25.84924,-8.486073,-10.96337,36.64053560126198,27.37658068112834,55.316322389487794,59.214547385611624,127.77093871869832
05/18/2023 18:41:33.201510,4460,True,True,True,True,Eyes,2.083202,0.02269603,-3.402382,-0.5060026,-0.3774284,-0.7755702,0.0,0.0,0.0,0.0,0.0,0.0,0.0,3.949219,0.2195028,-0.5232205,1.994507,0.01432744,-3.455431,-0.08531679,0.8899607,-0.07515106,-0.4416374,12.07085,232.2547,354.9853,0.5346753,0.006234959,-0.8450342,-0.1155893,0.008142226,-0.09803139,1.566623,-0.7268936,-5.116171,-0.3086997,-0.4008001,2.069,-0.5953552,-0.08547813,0.798903,-0.2182362,0.9741468,-0.05840481,-0.7732564,-0.2091211,-0.5986177,static,33.1215,25.9497,-8.486066,-10.96336,36.93605551258387,27.477923019965917,55.6216104316295,59.505473386278126,127.51850553093523
05/18/2023 18:41:33.220867,4461,True,True,True,True,Eyes,2.078692,0.02224088,-3.405133,-0.5104604,-0.3775786,-0.7725702,0.0,0.0,0.0,0.0,0.0,0.0,0.0,3.952992,0.2191945,-0.4933519,1.985764,0.01545632,-3.460359,-0.08501153,0.8877715,-0.07500457,-0.4461046,12.06504,232.8378,355.0711,0.5334297,0.006180416,-0.8458216,-0.1086539,0.007653693,-0.0921495,1.545226,-0.7231336,-5.118277,-0.3086997,-0.4008,2.069,-0.5875277,-0.08402184,0.8048304,-0.2178614,0.9742947,-0.05732577,-0.7793254,-0.2090219,-0.5907303,static,33.45394,26.04617,-8.486065,-10.96336,37.24396064624177,27.575832992267767,55.9345092963273,59.80388484121405,127.25972691755211
05/18/2023 18:41:33.243651,4462,True,True,True,True,Eyes,2.074019,0.02186534,-3.407981,-0.5149757,-0.3778,-0.7694591,0.0,0.0,0.0,0.0,0.0,0.0,0.0,3.956708,0.2179241,-0.4643431,1.976541,0.01446092,-3.465793,-0.08331565,0.8857881,-0.07340425,-0.4506104,11.83694,233.4308,355.2265,0.5321954,0.006119917,-0.8465991,-0.1021347,0.007194471,-0.08662053,1.523594,-0.7181709,-5.120687,-0.3087,-0.4008,2.069,-0.5800175,-0.0814466,0.810522,-0.2137534,0.9753406,-0.05495542,-0.7860592,-0.205127,-0.5831242,static,33.7932,26.15077,-8.486073,-10.96336,37.55806439474691,27.68150906863472,56.25829335365079,60.112299022398496,126.99252945783246
05/18/2023 18:41:33.250885,4463,True,True,True,True,Eyes,2.06914,0.02157151,-3.410938,-0.5196285,-0.3778907,-0.7662798,0.0,0.0,0.0,0.0,0.0,0.0,0.0,3.959504,0.2153005,-0.4385972,1.967671,0.01597096,-3.470505,-0.08325917,0.8837364,-0.07395783,-0.4545418,11.91194,233.9482,355.3147,0.5309671,0.006056036,-0.8473704,-0.09600659,0.006762803,-0.0814233,1.501487,-0.7085226,-5.124813,-0.3086998,-0.4008001,2.069,-0.5729195,-0.07992448,0.8157057,-0.2143922,0.9751963,-0.05502889,-0.7910749,-0.206408,-0.575844,static,34.14192,26.2502,-8.486071,-10.96337,37.88108188636514,27.782562406884857,56.586176835345405,60.42483053237675,126.72187830656446
05/18/2023 18:41:33.271118,4464,True,True,True,True,Eyes,2.06408,0.02136613,-3.413958,-0.5244039,-0.3777038,-0.7631124,0.0,0.0,0.0,0.0,0.0,0.0,0.0,3.961889,0.2261553,-0.411397,1.957907,0.01760978,-3.476096,-0.08344734,0.8816186,-0.07179006,-0.4589461,11.72289,234.5116,355.2405,0.5297402,0.005991219,-0.8481384,-0.09024619,0.006357034,-0.0765379,1.481947,-0.7073969,-5.125933,-0.3087001,-0.4008,2.069,-0.5648103,-0.08124192,0.8212121,-0.213033,0.9757655,-0.04998725,-0.7972494,-0.2031785,-0.5684295,static,34.49649,26.33319,-8.486076,-10.96336,38.20986574376998,27.86836123640613,56.908115606184474,60.73231058933551,126.45543911578802
05/18/2023 18:41:33.290966,4465,True,True,True,True,Eyes,2.058841,0.02133286,-3.417073,-0.5291643,-0.3777299,-0.759806,0.0,0.0,0.0,0.0,0.0,0.0,0.0,3.963555,0.2328352,-0.3899355,1.948825,0.01948491,-3.481054,-0.0820023,0.8801482,-0.0678766,-0.4626094,11.26535,234.9825,355.2304,0.5285093,0.005927722,-0.8489063,-0.08483142,0.005975612,-0.07194562,1.464225,-0.710322,-5.126078,-0.3086998,-0.4008,2.069,-0.5585361,-0.08154763,0.8254617,-0.207149,0.9773368,-0.04361286,-0.8031976,-0.195353,-0.5627704,static,34.85514,26.4338,-8.486069,-10.96336,38.54211303529333,27.9707464253978,57.24515677022189,61.05337458887009,126.177657675975
05/18/2023 18:41:33.301423,4466,True,True,True,True,Eyes,1.923583,0.02151306,-3.497516,-0.6477266,-0.3622049,-0.670267,0.0,0.0,0.0,0.0,0.0,0.0,0.0,3.965458,0.2478485,-0.3618426,1.939305,0.02363131,-3.48651,-0.08555236,0.8774043,-0.06937226,-0.4669368,11.6323,235.5325,355.0013,0.5272708,0.005869749,-0.8496765,-0.07974154,0.005617075,-0.06762888,1.445271,-0.7091258,-5.12729,-0.3086995,-0.4008001,2.068999,-0.5493019,-0.08534313,0.8312547,-0.214913,0.9757366,-0.04183996,-0.8075148,-0.2016301,-0.5543152,static,44.02022,28.3863,-8.486064,-10.96337,47.04435927681772,30.0081736741452,65.61483360184307,69.00938559605446,119.27829528913165
05/18/2023 18:41:33.321070,4467,True,True,True,True,Eyes,1.923237,0.02151461,-3.497694,-0.6479765,-0.3621641,-0.6700476,0.0,0.0,0.0,0.0,0.0,0.0,0.0,3.966765,0.2577526,-0.3409934,1.92971,0.02446852,-3.491927,-0.08261476,0.8761901,-0.06257804,-0.4706907,10.80299,236.0151,354.9853,0.5222099,0.005829451,-0.8527965,-0.480732,0.00582065,-0.3048984,1.427009,-0.7110802,-5.127323,-0.3087001,-0.4008,2.069001,-0.5432505,-0.08586269,0.8351688,-0.2036823,0.9785177,-0.03188852,-0.8144894,-0.1874325,-0.5490687,static,44.04064,28.39144,-8.486073,-10.96336,47.063287310454456,30.013452376052424,65.63425829263532,69.02775226966973,119.26241972908441
05/18/2023 18:41:33.341228,4468,True,True,True,True,Eyes,1.922549,0.02159982,-3.498052,-0.648267,-0.3626243,-0.6695174,0.0,0.0,0.0,0.0,0.0,0.0,0.0,3.968854,0.251175,-0.3185215,1.921113,0.02449612,-3.496437,-0.08119147,0.874457,-0.06216384,-0.4742033,10.70321,236.4861,355.1521,0.5179461,0.005789313,-0.8553932,-0.4518881,0.005471411,-0.2866045,1.412198,-0.7195444,-5.125628,-0.3086998,-0.4008,2.069,-0.5370787,-0.08304028,0.839435,-0.2009535,0.9790872,-0.0317167,-0.8192464,-0.1857217,-0.5425341,static,44.07614,28.44088,-8.48607,-10.96336,47.09541615465986,30.060542703827963,65.69231347777075,69.08156191208903,119.22015322787642
05/18/2023 18:41:33.350994,4469,True,True,True,True,Eyes,1.921506,0.02174969,-3.498594,-0.6487988,-0.3629189,-0.6688423,0.0,0.0,0.0,0.0,0.0,0.0,0.0,3.970638,0.2536103,-0.2944255,1.912311,0.02670173,-3.501331,-0.08460102,0.8718231,-0.06673794,-0.4778214,11.37419,236.9635,355.1002,0.5143343,0.005752217,-0.8575701,-0.4247748,0.005143126,-0.2694083,1.395629,-0.7248352,-5.12442,-0.3086997,-0.4008,2.069,-0.5290589,-0.08373661,0.8444437,-0.2112919,0.9767774,-0.035519,-0.8218594,-0.1972157,-0.5344658,static,44.12851,28.4846,-8.486065,-10.96336,47.143373692188085,30.1026651112761,65.76043681874555,69.14515794795665,119.16841743395739
05/18/2023 18:41:33.370845,4470,True,True,True,True,Eyes,1.920161,0.02190929,-3.499285,-0.6495782,-0.363232,-0.6679152,0.0,0.0,0.0,0.0,0.0,0.0,0.0,3.971323,0.2637177,-0.2737904,1.902812,0.0283715,-3.50634,-0.0846876,0.8700414,-0.06437258,-0.4813648,11.15973,237.4205,355.0069,0.5110723,0.005722249,-0.8595183,-0.3992883,0.004834538,-0.2532438,1.380103,-0.7321686,-5.12253,-0.3087,-0.4008001,2.069,-0.5222318,-0.08539004,0.8485177,-0.2093368,0.9773684,-0.03048238,-0.8267115,-0.1935449,-0.5282881,static,44.20261,28.53866,-8.486073,-10.96336,47.21138007613281,30.15496359817343,65.85215942059067,69.23093827684356,119.09806311330611
05/18/2023 18:41:33.391166,4471,True,True,True,True,Eyes,1.91852,0.02212391,-3.500131,-0.6504543,-0.3638737,-0.6667122,0.0,0.0,0.0,0.0,0.0,0.0,0.0,3.972491,0.264525,-0.250423,1.894221,0.02877348,-3.510622,-0.08441521,0.8680882,-0.06397977,-0.4849776,11.12553,237.9004,355.0595,0.5080977,0.005699219,-0.8612802,-0.375331,0.004544466,-0.2380491,1.366254,-0.745868,-5.118243,-0.3087001,-0.4008001,2.069,-0.5153416,-0.08450221,0.8528085,-0.2086172,0.9775614,-0.02920119,-0.8312051,-0.1929591,-0.5214066,static,44.29283,28.62453,-8.486076,-10.96336,47.29379602545118,30.237406429074177,65.97585886677746,69.34621314476254,119.00523376106916
05/18/2023 18:41:33.401842,4472,True,True,True,True,Eyes,1.916582,0.0224154,-3.501162,-0.6516456,-0.3643738,-0.6652742,0.0,0.0,0.0,0.0,0.0,0.0,0.0,3.973843,0.2686234,-0.2223654,1.885515,0.03038447,-3.515245,-0.08722816,0.8652716,-0.06752392,-0.4890162,11.66359,238.4384,355.0261,0.5053754,0.005683825,-0.8628804,-0.3528112,0.004271798,-0.2237662,1.354868,-0.7679832,-5.110394,-0.3087001,-0.4008,2.069,-0.5065086,-0.08491152,0.8580436,-0.2169927,0.9756635,-0.03154107,-0.8344837,-0.202165,-0.5126073,static,44.40708,28.70973,-8.486074,-10.96336,47.39861519731848,30.31977223622529,66.11837725032139,69.47946095008616,118.89630489172835
05/18/2023 18:41:33.420765,4473,True,True,True,True,Eyes,1.91435,0.02271258,-3.502318,-0.6531281,-0.3645509,-0.6637216,0.0,0.0,0.0,0.0,0.0,0.0,0.0,3.97432,0.2767995,-0.1974559,1.876062,0.03245043,-3.519966,-0.08713751,0.8632107,-0.06532483,-0.4929574,11.46027,238.9535,354.964,0.5028735,0.005677238,-0.864341,-0.3316425,0.00401549,-0.2103402,1.339715,-0.7792003,-5.105775,-0.3086994,-0.4008001,2.068999,-0.4988002,-0.08603138,0.8624368,-0.2148408,0.9762794,-0.026868,-0.8396678,-0.1986883,-0.5054514,static,44.53909,28.77791,-8.486061,-10.96337,47.52030921291665,30.38661329016066,66.26489247415407,69.61705697975779,118.78143340398556
05/18/2023 18:41:33.441095,4474,True,True,True,True,Eyes,1.911855,0.02299315,-3.50359,-0.6548741,-0.3647161,-0.661908,0.0,0.0,0.0,0.0,0.0,0.0,0.0,3.974685,0.2786873,-0.1738954,1.866844,0.03281493,-3.52418,0.08485032,-0.8615646,0.061458,0.4967189,10.96408,239.4517,355.0241,0.5005637,0.00567873,-0.8656807,-0.3117439,0.003774561,-0.1977198,1.319435,-0.7773437,-5.104858,-0.3087001,-0.4008,2.069,-0.4921414,-0.08515336,0.8663405,-0.2072628,0.9780467,-0.02160656,-0.8454815,-0.1901936,-0.4989864,static,44.69395,28.85508,-8.486075,-10.96336,47.66312156425042,30.46239241507165,66.4351053512691,69.77696781865521,118.64776966143279
05/18/2023 18:41:33.456820,4475,True,True,True,True,Eyes,1.909108,0.02327383,-3.504979,-0.6567444,-0.3649998,-0.6598955,0.0,0.0,0.0,0.0,0.0,0.0,0.0,3.975227,0.2829691,-0.1453567,1.858171,0.0327161,-3.528421,0.08491214,-0.8591721,0.06099945,0.5008916,10.94587,240.0088,355.0451,0.4984208,0.005687089,-0.8669162,-0.2930393,0.003548087,-0.1858566,1.297069,-0.77511,-5.102911,-0.3086997,-0.4008001,2.069,-0.4837954,-0.08480004,0.8710635,-0.2070165,0.978138,-0.01975451,-0.8503451,-0.1898816,-0.4907736,static,44.86287,28.94775,-8.486066,-10.96337,47.81873707392498,30.55300197577961,66.62586939009874,69.95598610000984,118.49906704482459
05/18/2023 18:41:33.472489,4476,True,True,True,True,Eyes,1.906116,0.02355719,-3.506447,-0.6587815,-0.3653769,-0.6576524,0.0,0.0,0.0,0.0,0.0,0.0,0.0,3.975276,0.2908548,-0.1179304,1.84943,0.03302615,-3.532681,0.08641113,-0.8565972,0.06187562,0.5049216,11.14348,240.5462,354.9976,0.4964229,0.005701636,-0.8680617,-0.2754569,0.003335202,-0.1747052,1.271753,-0.7699466,-5.100739,-0.3086997,-0.4008002,2.068998,-0.4751747,-0.08555438,0.8757223,-0.2105237,0.9774091,-0.01874327,-0.8543354,-0.1932666,-0.4824513,static,45.04914,29.05557,-8.486073,-10.96338,47.990227973152095,30.65818967784992,66.83962440093353,70.15645112217533,118.33325446450293
05/18/2023 18:41:33.490784,4477,True,True,True,True,Eyes,1.902897,0.02382957,-3.507993,-0.6609097,-0.3659052,-0.6552188,0.0,0.0,0.0,0.0,0.0,0.0,0.0,3.974759,0.29718,-0.09042025,1.840546,0.03343676,-3.536449,0.08743101,-0.8540807,0.06233051,0.5089372,11.27185,241.0843,354.9749,0.4945498,0.005721835,-0.8691302,-0.2589295,0.00313509,-0.1642229,1.244081,-0.7632059,-5.098039,-0.3086995,-0.4008,2.068999,-0.4666775,-0.08590163,0.880246,-0.2127909,0.9769415,-0.01747677,-0.8584476,-0.1954643,-0.4741957,static,45.24774,29.18106,-8.486062,-10.96337,48.17286842544257,30.78019940900597,67.0738155870091,70.37584801591836,118.15299355256398
05/18/2023 18:41:33.500758,4478,True,True,True,True,Eyes,1.899485,0.0240935,-3.509634,-0.6630992,-0.3667543,-0.6525265,0.0,0.0,0.0,0.0,0.0,0.0,0.0,3.974043,0.302624,-0.06294918,1.832125,0.03346803,-3.539881,0.08908138,-0.8514366,0.06413306,0.5128425,11.57087,241.6132,354.9689,0.4927844,0.005746849,-0.8701321,-0.2433937,0.002946984,-0.1543695,1.217913,-0.7626345,-5.092822,-0.3087,-0.4008,2.069,-0.4581145,-0.08591399,0.8847318,-0.2174746,0.9759029,-0.01784103,-0.8618795,-0.2005799,-0.4657594,static,45.46043,29.33828,-8.486072,-10.96336,48.36802849130955,30.932232128350822,67.3383045875496,70.62315047108177,117.95221951270456
05/18/2023 18:41:33.526042,4479,True,True,True,True,Eyes,1.89587,0.02435781,-3.511351,-0.6653264,-0.3678101,-0.6496588,0.0,0.0,0.0,0.0,0.0,0.0,0.0,3.973272,0.3107161,-0.03463793,1.823919,0.03358298,-3.543561,0.09197788,-0.8484851,0.06737489,0.5167918,12.08719,242.1518,354.9281,0.4911111,0.005775995,-0.8710775,-0.2287901,0.002770165,-0.1451073,1.191813,-0.765009,-5.086184,-0.3086998,-0.4008001,2.069,-0.4489327,-0.08644615,0.8893742,-0.2257213,0.9740014,-0.01926635,-0.8645863,-0.2094,-0.4567738,static,45.68263,29.51676,-8.486069,-10.96336,48.571641625166265,31.10438268786149,67.62313262905676,70.88919040754617,117.73792776676748
05/18/2023 18:41:33.541422,4480,True,True,True,True,Eyes,1.892069,0.02461297,-3.513145,-0.6676915,-0.3688364,-0.6466434,0.0,0.0,0.0,0.0,0.0,0.0,0.0,3.972006,0.3203229,-0.00853157,1.815483,0.03390862,-3.547165,0.09447534,-0.8457372,0.06951895,0.520548,12.47112,242.6626,354.8629,0.4895163,0.005808868,-0.8719744,-0.2150627,0.002603955,-0.1364009,1.163758,-0.7630554,-5.08042,-0.3086997,-0.4008,2.069,-0.4402086,-0.08742673,0.8936292,-0.2321785,0.972483,-0.01923162,-0.8673579,-0.2159474,-0.448394,static,45.91747,29.69983,-8.486065,-10.96336,48.786944200610094,31.281119021365345,67.92083363352017,71.16736324102324,117.51385658292801
05/18/2023 18:41:33.550709,4481,True,True,True,True,Eyes,1.888079,0.0248557,-3.515,-0.6701109,-0.3700135,-0.6434606,0.0,0.0,0.0,0.0,0.0,0.0,0.0,3.970246,0.328796,0.01731777,1.806997,0.03393654,-3.550333,0.09610622,-0.8431551,0.07058817,0.5242808,12.69769,243.1708,354.8217,0.4879884,0.005844865,-0.8728302,-0.2021589,0.002447718,-0.1282168,1.136101,-0.7622485,-5.073939,-0.3087002,-0.4008,2.069,-0.4317866,-0.08804887,0.8976681,-0.2360809,0.9715618,-0.01826026,-0.8705322,-0.2198068,-0.4402941,static,46.16228,29.90049,-8.486078,-10.96336,49.011198894176935,31.474548473427884,68.23706667873894,71.46266805713802,117.27740089211514
05/18/2023 18:41:33.571053,4482,True,True,True,True,Eyes,1.883895,0.02506979,-3.51688,-0.6726782,-0.3710199,-0.6401939,0.0,0.0,0.0,0.0,0.0,0.0,0.0,3.968384,0.3389575,0.04484081,1.798538,0.03392183,-3.553742,0.09822226,-0.840337,0.07212969,0.5281889,13.00207,243.7055,354.7661,0.4865156,0.005883381,-0.8736517,-0.1900294,0.002300855,-0.1205238,1.109469,-0.7664844,-5.065279,-0.3087001,-0.4008,2.069,-0.4227378,-0.08888339,0.9018829,-0.2412758,0.9702994,-0.01746665,-0.8735439,-0.2249863,-0.4316276,static,46.41738,30.09414,-8.486074,-10.96336,49.24517601214748,31.661651882230444,68.55733051527106,71.76202941615688,117.0369117974476
05/18/2023 18:41:33.590978,4483,True,True,True,True,Eyes,1.879537,0.02526307,-3.518806,-0.6753098,-0.3721205,-0.6367755,0.0,0.0,0.0,0.0,0.0,0.0,0.0,3.966081,0.3481899,0.07212782,1.789969,0.03349768,-3.556841,0.09940926,-0.8376994,0.07244932,0.5320984,13.13066,244.2397,354.7299,0.4850885,0.005923458,-0.8744447,-0.1786276,0.002162804,-0.1132924,1.083864,-0.7737643,-5.055485,-0.3086995,-0.4008,2.069,-0.4139783,-0.08944979,0.9058812,-0.2436505,0.9697378,-0.01559049,-0.8770728,-0.2271725,-0.4232449,static,46.68222,30.30127,-8.486062,-10.96337,49.48796982386978,31.861596035891814,68.89346742007638,72.07611311586075,116.78574970911444
05/18/2023 18:41:33.601329,4484,True,True,True,True,Eyes,1.875005,0.02544647,-3.520772,-0.6780562,-0.3730907,-0.6332796,0.0,0.0,0.0,0.0,0.0,0.0,0.0,3.964055,0.3529176,0.09861708,1.781473,0.03321995,-3.559952,0.1004444,-0.8350838,0.07356948,0.5358483,13.32765,244.7612,354.7572,0.4836984,0.005964437,-0.8752141,-0.16791,0.002033036,-0.1064949,1.057137,-0.7806879,-5.044641,-0.3086997,-0.4008002,2.068999,-0.4055549,-0.08891474,0.9097357,-0.2466031,0.968997,-0.01522752,-0.8801771,-0.2305193,-0.4149081,static,46.95565,30.50406,-8.486071,-10.96337,49.73885081137347,32.05767444441468,69.23389472105943,72.3944181897255,116.53080289990426
05/18/2023 18:41:33.621042,4485,True,True,True,True,Eyes,1.870299,0.02560962,-3.522774,-0.6808857,-0.3740365,-0.6296756,0.0,0.0,0.0,0.0,0.0,0.0,0.0,3.961685,0.3565016,0.1243753,1.772751,0.03316768,-3.56283,0.1011678,-0.8325565,0.07437012,0.5395221,13.47371,245.2738,354.7959,0.4823384,0.006005971,-0.8759641,-0.1578354,0.001911053,-0.1001052,1.02937,-0.7821074,-5.035929,-0.3087004,-0.4007999,2.069001,-0.3973624,-0.08820712,0.9134127,-0.2487044,0.9684683,-0.01467018,-0.8833173,-0.2329991,-0.4067704,static,47.23769,30.71093,-8.486082,-10.96336,49.9976760073336,32.2577689894651,69.58365621977681,72.72149573395984,116.26924670945021
05/18/2023 18:41:33.640985,4486,True,True,True,True,Eyes,1.865415,0.0257433,-3.524774,-0.6838283,-0.3747726,-0.6260387,0.0,0.0,0.0,0.0,0.0,0.0,0.0,3.959235,0.3599608,0.1480289,1.763921,0.03284708,-3.565745,0.10127,-0.8302889,0.07415482,0.5430153,13.48096,245.7585,354.8298,0.4810013,0.006047511,-0.8766987,-0.1483653,0.00179639,-0.09409887,1.003592,-0.7892712,-5.025098,-0.3086997,-0.4008,2.069,-0.3897572,-0.08763233,0.9167386,-0.2487012,0.9684908,-0.0131575,-0.8867,-0.2331222,-0.3992706,static,47.52618,30.90648,-8.486065,-10.96336,50.26272836263586,32.447415266363805,69.9317888486032,73.0473553990316,116.00771915507451
05/18/2023 18:41:33.650696,4487,True,True,True,True,Eyes,1.860374,0.02585568,-3.526805,-0.6867879,-0.3756018,-0.6222906,0.0,0.0,0.0,0.0,0.0,0.0,0.0,3.956402,0.3632907,0.1708488,1.755022,0.03230554,-3.568352,0.1015892,-0.8280091,0.0743669,0.5463974,13.54265,246.2313,354.8679,0.4796813,0.006088334,-0.8774214,-0.1394634,0.001688607,-0.08845294,0.979061,-0.7975444,-5.014395,-0.3087,-0.4008001,2.069,-0.3822591,-0.08696578,0.9199539,-0.2495013,0.9682984,-0.0121368,-0.8897344,-0.2341691,-0.391839,static,47.82064,31.11432,-8.486073,-10.96337,50.53310748905212,32.64870209831808,70.29209005713565,73.38444316275898,115.73861829116949
05/18/2023 18:41:33.676530,4488,True,True,True,True,Eyes,1.855171,0.02594594,-3.528851,-0.6897991,-0.3763312,-0.6185079,0.0,0.0,0.0,0.0,0.0,0.0,0.0,3.953338,0.3708394,0.1932693,1.746236,0.0319332,-3.571189,0.1029321,-0.8255516,0.07524148,0.549735,13.73326,246.6985,354.8483,0.4783731,0.006127987,-0.878135,-0.1310955,0.00158729,-0.08314576,0.9528152,-0.7992253,-5.005583,-0.3087001,-0.4007999,2.069,-0.3743931,-0.0872258,0.9231585,-0.2526773,0.9674875,-0.01106064,-0.8921795,-0.2374022,-0.3842607,static,48.11903,31.31842,-8.486076,-10.96336,50.80722024093112,32.84657812508559,70.65328686791321,73.72249085346103,115.46871469379286
05/18/2023 18:41:33.690844,4489,True,True,True,True,Eyes,1.849812,0.02601223,-3.530917,-0.692829,-0.377114,-0.6146323,0.0,0.0,0.0,0.0,0.0,0.0,0.0,3.949893,0.3776665,0.2143545,1.737223,0.03148895,-3.573694,0.1039519,-0.8232334,0.07571607,0.5529448,13.86431,247.148,354.8339,0.4770727,0.00616603,-0.8788419,-0.1232298,0.001492053,-0.07815702,0.9273888,-0.8011364,-4.99731,-0.3086996,-0.4008,2.069,-0.3668925,-0.08741976,0.9261469,-0.254887,0.9669222,-0.009704691,-0.8946636,-0.2396233,-0.3770387,static,48.42267,31.53163,-8.486065,-10.96336,51.08604992444783,33.05310162916109,71.02413881491506,74.06946584742616,115.19290550019224
05/18/2023 18:41:33.710980,4490,True,True,True,True,Eyes,1.844298,0.02606202,-3.532982,-0.6958845,-0.3778402,-0.6107221,0.0,0.0,0.0,0.0,0.0,0.0,0.0,3.946611,0.3825762,0.2349458,1.72814,0.03099722,-3.576293,0.1047321,-0.8209609,0.07625686,0.5560929,13.98627,247.5925,354.8472,0.4757759,0.006202032,-0.8795444,-0.115836,0.00140253,-0.0734676,0.9027927,-0.8028828,-4.989147,-0.3086997,-0.4008,2.069,-0.3595838,-0.08715001,0.9290342,-0.2567736,0.9664322,-0.008726303,-0.897088,-0.2416893,-0.3698912,static,48.72917,31.74416,-8.486066,-10.96336,51.36755751291921,33.259054102875865,71.396887152635,74.41826494021821,114.91601960836307
05/18/2023 18:41:33.721047,4491,True,True,True,True,Eyes,1.838634,0.02609179,-3.535061,-0.6989366,-0.3786065,-0.6067494,0.0,0.0,0.0,0.0,0.0,0.0,0.0,3.942942,0.3886811,0.2547684,1.719037,0.03066271,-3.578651,0.1059044,-0.818655,0.07711785,0.5591432,14.16395,248.0252,354.8427,0.4744782,0.006235815,-0.8802449,-0.1088859,0.001318378,-0.06905954,0.877482,-0.8004584,-4.983064,-0.3087,-0.4008,2.068999,-0.3522863,-0.08715852,0.9318249,-0.2596381,0.9656742,-0.00783436,-0.8991564,-0.2446973,-0.3628234,static,49.03864,31.96382,-8.486076,-10.96337,51.65169560561603,33.47174850626249,71.77629547543364,74.77319927858396,114.63547105916724
05/18/2023 18:41:33.741235,4492,True,True,True,True,Eyes,1.832823,0.02609785,-3.537136,-0.7019373,-0.3796059,-0.6026469,0.0,0.0,0.0,0.0,0.0,0.0,0.0,3.939639,0.3925548,0.2716346,1.709792,0.03022654,-3.581107,0.1065538,-0.8166394,0.07756782,0.5618984,14.26664,248.4168,354.8579,0.4731774,0.00626709,-0.8809447,-0.1023527,0.001239275,-0.06491597,0.851827,-0.7965605,-4.976979,-0.3086996,-0.4008,2.068999,-0.3458331,-0.08686164,0.934267,-0.2612026,0.9652591,-0.006944992,-0.9012064,-0.2464347,-0.356507,static,49.35233,32.20673,-8.486067,-10.96337,51.939319524835554,33.70630235728686,72.17297071300037,75.14390837042704,114.34535749058662
05/18/2023 18:41:33.753500,4493,True,True,True,True,Eyes,1.826866,0.02607568,-3.539219,-0.7049211,-0.3806025,-0.5985214,0.0,0.0,0.0,0.0,0.0,0.0,0.0,3.936093,0.3972127,0.2863274,1.700508,0.02966778,-3.583292,0.1070764,-0.8148155,0.07756159,0.5644419,14.31623,248.7756,354.8523,0.4718702,0.006295535,-0.8816453,-0.09621154,0.001164919,-0.06102101,0.8248425,-0.7911862,-4.971076,-0.3087001,-0.4007999,2.069,-0.3398801,-0.0869369,0.936442,-0.2620529,0.9650378,-0.005520006,-0.903222,-0.2472735,-0.3507792,static,49.6667,32.45247,-8.486075,-10.96336,52.22752273029784,33.94352075770762,72.57189218140536,75.51667953997578,114.05467678745062
05/18/2023 18:41:33.770962,4494,True,True,True,True,Eyes,1.820758,0.02602824,-3.541273,-0.7078694,-0.3816732,-0.5943454,0.0,0.0,0.0,0.0,0.0,0.0,0.0,3.932413,0.4043681,0.299757,1.691061,0.02897681,-3.585625,0.1079383,-0.8130019,0.07750698,0.566895,14.38321,249.1197,354.8095,0.4705547,0.006320716,-0.8823479,-0.09043884,0.001095024,-0.05735975,0.7980133,-0.7868685,-4.964041,-0.3087,-0.4008,2.069,-0.3339588,-0.08763139,0.9385054,-0.2633847,0.964684,-0.003647308,-0.9050415,-0.248406,-0.3452455,static,49.98232,32.70753,-8.486072,-10.96336,52.51671176852481,34.189491630741294,72.97739030999783,75.89545202380134,113.76103463493102
05/18/2023 18:41:33.791838,4495,True,True,True,True,Eyes,1.664469,0.02393387,-3.592649,-0.7754872,-0.4033287,-0.4857422,0.0,0.0,0.0,0.0,0.0,0.0,0.0,3.928703,0.4121121,0.3099384,1.681586,0.02836244,-3.587766,0.1087307,-0.8114522,0.0770591,0.569021,14.40649,249.4142,354.7418,0.4692284,0.006342356,-0.8830538,-0.08501251,0.001029322,-0.05391817,0.7715752,-0.7864275,-4.955361,-0.3086996,-0.4008001,2.069,-0.3287857,-0.08876296,0.9402241,-0.264156,0.9644791,-0.001319489,-0.9067094,-0.2487996,-0.3405541,static,57.93819,39.70404,-8.486065,-10.96337,59.795447663852,40.9206117072184,83.54261241075194,85.75728849175884,106.47235910497578
05/18/2023 18:41:33.800693,4496,True,True,True,True,Eyes,1.664087,0.02388108,-3.592733,-0.7755982,-0.4033455,-0.4855511,0.0,0.0,0.0,0.0,0.0,0.0,0.0,3.925138,0.4181104,0.318821,1.671887,0.02756505,-3.589875,0.1090616,-0.8100696,0.07624213,0.571034,14.36384,249.6922,354.6918,0.4636098,0.006305948,-0.8860168,-0.5487787,-0.005315573,-0.2048107,0.7437524,-0.7830628,-4.946268,-0.3086996,-0.4008001,2.069,-0.3240512,-0.08962121,0.9417847,-0.2637686,0.9645854,0.001032841,-0.9085244,-0.2480786,-0.3362143,static,57.95203,39.71629,-8.486064,-10.96337,59.80810820975697,40.932394989276126,83.56104518295852,85.77449726834963,106.4601173847487
05/18/2023 18:41:33.820843,4497,True,True,True,True,Eyes,1.663323,0.02379672,-3.592886,-0.7757969,-0.4033267,-0.4852492,0.0,0.0,0.0,0.0,0.0,0.0,0.0,3.922269,0.4191214,0.3254781,1.662326,0.0262116,-3.591904,0.1087483,-0.8089449,0.07563777,0.5727659,14.297,249.9365,354.7126,0.4588934,0.006275085,-0.8884689,-0.515852,-0.004996639,-0.192522,0.7165599,-0.7802805,-4.937568,-0.3087004,-0.4008,2.069,-0.3202261,-0.08929728,0.9431232,-0.2625882,0.9649055,0.002201024,-0.9102213,-0.2469482,-0.3324364,static,57.97465,39.73249,-8.486085,-10.96336,59.828873859578536,40.9480766149924,83.58886590905948,85.80052945884589,106.44107136224534
05/18/2023 18:41:33.841076,4498,True,True,True,True,Eyes,1.662192,0.02368066,-3.59309,-0.7761344,-0.4032513,-0.4847718,0.0,0.0,0.0,0.0,0.0,0.0,0.0,3.919351,0.4189705,0.3306255,1.652445,0.0251969,-3.593737,0.108377,-0.8079239,0.07508209,0.5743484,14.22992,250.1605,354.7393,0.4549141,0.006247828,-0.8905131,-0.4849009,-0.00469684,-0.1809707,0.6934994,-0.7876415,-4.92551,-0.3086996,-0.4008001,2.068999,-0.3167567,-0.08887422,0.944334,-0.2613674,0.9652342,0.003171099,-0.9117852,-0.2458136,-0.3289733,static,58.0112,39.75495,-8.486068,-10.96337,59.86249887871174,40.96993672701543,83.63154091062907,85.84052039669842,106.41130837005258
05/18/2023 18:41:33.860719,4499,True,True,True,True,Eyes,1.660702,0.0235121,-3.593352,-0.776608,-0.4030491,-0.4841813,0.0,0.0,0.0,0.0,0.0,0.0,0.0,3.915693,0.4256747,0.3375068,1.642667,0.02431092,-3.595665,0.1082278,-0.806803,0.07320671,0.5761914,14.05461,250.4076,354.6603,0.4514381,0.006221613,-0.8922805,-0.4558068,-0.00441503,-0.1701125,0.6658951,-0.7823951,-4.917183,-0.3086997,-0.4008001,2.069,-0.3125807,-0.09027484,0.9455919,-0.2589991,0.9658551,0.006593023,-0.9138999,-0.2428466,-0.3252889,static,58.05825,39.77515,-8.486066,-10.96337,59.90595082793977,40.98992177470903,83.6812010173029,85.88720796498886,106.37522580641944
05/18/2023 18:41:33.870878,4500,True,True,True,True,Eyes,1.658871,0.02329576,-3.593669,-0.7772299,-0.4028309,-0.4833642,0.0,0.0,0.0,0.0,0.0,0.0,0.0,3.911726,0.4302419,0.3466568,1.632592,0.0228545,-3.59736,0.1076505,-0.8055531,0.07132468,0.5782806,13.85207,250.6933,354.6253,0.4482709,0.006193746,-0.893876,-0.4284584,-0.004150128,-0.1599057,0.6420287,-0.7815698,-4.908054,-0.3087001,-0.4008001,2.069,-0.3080059,-0.09094496,0.9470279,-0.2559277,0.9666483,0.009592749,-0.9163153,-0.239416,-0.3210087,static,58.12226,39.80749,-8.486073,-10.96336,59.96497254762564,41.021658566863685,83.751711831827,85.9534047723549,106.32489392280262
05/18/2023 18:41:33.890855,4501,True,True,True,True,Eyes,1.656709,0.0230315,-3.594039,-0.7779526,-0.4025311,-0.4824504,0.0,0.0,0.0,0.0,0.0,0.0,0.0,3.908237,0.4293582,0.3556252,1.622554,0.02145527,-3.598886,0.1068125,-0.804316,0.07034932,0.580274,13.71705,250.9761,354.6738,0.4453748,0.006163212,-0.8953227,-0.4027509,-0.003901121,-0.1503114,0.6149091,-0.7757207,-4.900458,-0.3086995,-0.4008001,2.068999,-0.3037466,-0.09017831,0.9484757,-0.2534658,0.9672841,0.01079491,-0.918419,-0.2371272,-0.3166664,static,58.19471,39.83983,-8.486064,-10.96337,60.03185838164125,41.05358857651254,83.82893743498767,86.02598251137407,106.26902987417381
05/18/2023 18:41:33.901437,4502,True,True,True,True,Eyes,1.654235,0.02271904,-3.594474,-0.7787727,-0.4022353,-0.481373,0.0,0.0,0.0,0.0,0.0,0.0,0.0,3.904655,0.4315721,0.3630648,1.612458,0.02002036,-3.600553,0.1062649,-0.8031446,0.06906009,0.5821487,13.57126,251.2374,354.6707,0.4427165,0.006129093,-0.8966404,-0.3785858,-0.003667054,-0.1412927,0.5937261,-0.7772731,-4.891678,-0.3087,-0.4007999,2.069,-0.2996212,-0.09028565,0.9497765,-0.2510986,0.9678769,0.01279341,-0.9204218,-0.2346544,-0.3126671,static,58.27907,39.88213,-8.486073,-10.96336,60.10965040237668,41.0951141619716,83.92167880321836,86.11305360494443,106.20279910382025
05/18/2023 18:41:33.921067,4503,True,True,True,True,Eyes,1.651447,0.02236481,-3.594948,-0.7796609,-0.4018839,-0.4802271,0.0,0.0,0.0,0.0,0.0,0.0,0.0,3.901241,0.4320515,0.367425,1.602329,0.01849647,-3.601882,0.105799,-0.8021662,0.06828279,0.5836724,13.47684,251.4527,354.6882,0.4402657,0.006090546,-0.8978465,-0.3558707,-0.00344703,-0.1328151,0.5681394,-0.768774,-4.885649,-0.3086997,-0.4008002,2.069,-0.2962661,-0.09002718,0.950853,-0.2494463,0.968288,0.01395562,-0.9219561,-0.2330522,-0.3093279,static,58.36928,39.92469,-8.486066,-10.96337,60.192888270545,41.1370170412598,84.01923553177163,86.20469296705767,106.13266707367913
05/18/2023 18:41:33.941060,4504,True,True,True,True,Eyes,1.64835,0.02196547,-3.595442,-0.7806569,-0.4014636,-0.478959,0.0,0.0,0.0,0.0,0.0,0.0,0.0,3.898016,0.4312689,0.3715382,1.592009,0.01712373,-3.6033,0.1051319,-0.8012254,0.0674287,0.5851825,13.36149,251.6667,354.7188,0.437995,0.006046977,-0.8989567,-0.3345185,-0.003240208,-0.1248462,0.5424553,-0.7512432,-4.882766,-0.3086998,-0.4008001,2.068999,-0.2930176,-0.08955258,0.9519041,-0.247385,0.9688013,0.01499158,-0.9235485,-0.2310939,-0.3060298,static,58.4695,39.96975,-8.486073,-10.96337,60.28540514560164,41.18148917036231,84.12628286506381,86.30528688456974,106.05531111436616
05/18/2023 18:41:33.951368,4505,True,True,True,True,Eyes,1.64497,0.02151075,-3.59596,-0.7816879,-0.4009966,-0.4776669,0.0,0.0,0.0,0.0,0.0,0.0,0.0,3.895006,0.4285162,0.3735309,1.581598,0.01563734,-3.604514,0.1038798,-0.800557,0.06602892,0.5864791,13.15384,251.848,354.7634,0.4358803,0.005997764,-0.8999843,-0.3144473,-0.003045796,-0.1173554,0.5242644,-0.7582712,-4.873226,-0.3086998,-0.4008,2.069,-0.2905026,-0.08887423,0.9527381,-0.2437726,0.9696983,0.01612683,-0.9253018,-0.2275665,-0.303365,static,58.5721,40.01313,-8.48607,-10.96336,60.38017187012044,41.22444324435013,84.23420146513529,86.40674786603725,105.97683218550165
05/18/2023 18:41:33.970909,4506,True,True,True,True,Eyes,1.641314,0.02102554,-3.596524,-0.7827668,-0.4005343,-0.4762861,0.0,0.0,0.0,0.0,0.0,0.0,0.0,3.892348,0.4253075,0.3727722,1.571434,0.01383814,-3.605637,0.1029974,-0.8000122,0.06540138,0.5874478,13.0414,251.9871,354.8199,0.4339002,0.00594209,-0.9009409,-0.2955805,-0.002863048,-0.1103141,0.4938695,-0.7290134,-4.872985,-0.3087,-0.4008,2.069,-0.2885937,-0.08795865,0.953403,-0.2416382,0.9702284,0.01636744,-0.9264583,-0.225655,-0.3012559,static,58.68096,40.06226,-8.486072,-10.96336,60.48066109857369,41.27292283641143,84.35060215596226,86.51612288386177,105.8927717893103
05/18/2023 18:41:33.990986,4507,True,True,True,True,Eyes,1.637379,0.02050889,-3.597114,-0.7839341,-0.3998858,-0.474909,0.0,0.0,0.0,0.0,0.0,0.0,0.0,3.889503,0.4245069,0.369863,1.560998,0.01258481,-3.60671,0.1025349,-0.7995558,0.06468868,0.5882285,12.94833,252.096,354.8275,0.4320352,0.005879831,-0.9018372,-0.2778457,-0.002691265,-0.1036953,0.4724314,-0.7265457,-4.865361,-0.3087007,-0.4008001,2.069,-0.286948,-0.08786128,0.9539085,-0.2400682,0.9706039,0.01718348,-0.9273771,-0.2240723,-0.2996055,static,58.79242,40.09826,-8.486091,-10.96336,60.58382492184707,41.309171796701904,84.46115722272292,86.62026821644132,105.81027350331402
05/18/2023 18:41:34.000998,4508,True,True,True,True,Eyes,1.633191,0.02007401,-3.597744,-0.7851008,-0.3992964,-0.4734756,0.0,0.0,0.0,0.0,0.0,0.0,0.0,3.886472,0.4239598,0.3694067,1.550381,0.0112676,-3.607915,0.1010382,-0.7991321,0.0622279,0.5893276,12.62363,252.241,354.8177,0.4302678,0.005810868,-0.9026822,-0.2611749,-0.002529789,-0.09747354,0.4598905,-0.7469804,-4.853584,-0.3087006,-0.4008,2.069,-0.2849689,-0.08814049,0.9544759,-0.234831,0.9718379,0.01963255,-0.9293264,-0.2185458,-0.2976417,static,58.90682,40.14196,-8.486088,-10.96336,60.689580356484846,41.35269554043855,84.5787076101241,86.73086394056403,105.72391529299838
05/18/2023 18:41:34.021292,4509,True,True,True,True,Eyes,1.628717,0.01977801,-3.598424,-0.7862676,-0.3985121,-0.4721985,0.0,0.0,0.0,0.0,0.0,0.0,0.0,3.884291,0.422991,0.36199,1.540036,0.01278765,-3.609127,0.1013887,-0.7989095,0.06215252,0.5895771,12.64217,252.2747,354.7836,0.4285826,0.005737933,-0.903484,-0.2455045,-0.002378002,-0.09162512,0.4374613,-0.7374421,-4.849088,-0.3087,-0.4008001,2.068999,-0.2842385,-0.08871339,0.9546406,-0.2352882,0.9717148,0.02024444,-0.9294343,-0.2188614,-0.297072,static,59.01279,40.16271,-8.486074,-10.96337,60.78792146729132,41.37454426754542,84.67569130191318,86.82248394211739,105.64881270393666
05/18/2023 18:41:34.041114,4510,True,True,True,True,Eyes,1.623984,0.0193535,-3.599115,-0.7877126,-0.3968765,-0.4711666,0.0,0.0,0.0,0.0,0.0,0.0,0.0,3.882178,0.4303281,0.3464475,1.52869,0.01577733,-3.611006,0.1014532,-0.7994225,0.05891241,0.5892032,12.3419,252.1934,354.5498,0.4269649,0.005664946,-0.9042502,-0.2307742,-0.002235322,-0.08612762,0.417158,-0.7361797,-4.84097,-0.3086997,-0.4008001,2.068999,-0.2850939,-0.09278514,0.9539984,-0.2316307,0.9724731,0.02536126,-0.9300909,-0.2137449,-0.2987381,static,59.11444,40.10835,-8.486069,-10.96337,60.883678909106,41.32598842653063,84.72396001614585,86.86966633774476,105.59503616283347
05/18/2023 18:41:34.050821,4511,True,True,True,True,Eyes,1.619083,0.0190071,-3.59981,-0.7888635,-0.3956141,-0.4703019,0.0,0.0,0.0,0.0,0.0,0.0,0.0,3.883101,0.4170666,0.3175836,1.517935,0.01210067,-3.61234,0.09362915,-0.8023236,0.04897584,0.5874623,10.87087,251.9075,354.5836,0.4254024,0.005588665,-0.9049867,-0.2169277,-0.002101202,-0.08095996,0.4022985,-0.7527287,-4.828065,-0.3086997,-0.4008001,2.068999,-0.2922436,-0.09269886,0.9518409,-0.2077847,0.9776699,0.03141826,-0.9334986,-0.1885961,-0.3049792,static,59.1976,40.07027,-8.48607,-10.96337,60.96189551981598,41.292247960091736,84.76739701275781,86.91184915322313,105.54928475136285
05/18/2023 18:41:34.070861,4512,True,True,True,True,Eyes,1.613894,0.01885233,-3.600564,-0.7899045,-0.3946702,-0.4693467,0.0,0.0,0.0,0.0,0.0,0.0,0.0,3.882352,0.418725,0.2891431,1.508962,0.01365505,-3.613092,0.09670711,-0.8032858,0.05236352,0.5853528,11.38153,251.6124,354.4939,0.4238862,0.005511415,-0.9056983,-0.2039121,-0.00197513,-0.07610236,0.3788774,-0.7433706,-4.82121,-0.3087003,-0.4008,2.069,-0.2960198,-0.0940646,0.950539,-0.2166691,0.9758116,0.02908982,-0.9302833,-0.1973413,-0.3092404,static,59.282,40.06024,-8.486081,-10.96336,61.04072916605284,41.28479169313817,84.82877200208996,86.9703782170431,105.49569294814448
05/18/2023 18:41:34.090916,4513,True,True,True,True,Eyes,1.608486,0.01868867,-3.601304,-0.7911943,-0.3929058,-0.4686542,0.0,0.0,0.0,0.0,0.0,0.0,0.0,3.877314,0.4492397,0.2691488,1.496743,0.01813146,-3.614866,0.1033569,-0.8029028,0.05385768,0.5846056,11.96599,251.4839,353.9562,0.422405,0.005438143,-0.9063905,-0.1916773,-0.001856623,-0.07153622,0.352538,-0.7264099,-4.815361,-0.3087,-0.4008002,2.069,-0.2951071,-0.1030002,0.9498961,-0.2289422,0.9728333,0.03436115,-0.9276298,-0.2073311,-0.3106711,static,59.36014,39.97547,-8.486073,-10.96337,61.11516441381776,41.20723277886104,84.84028547209734,86.98335498153844,105.46432893107382
05/18/2023 18:41:34.101350,4514,True,True,True,True,Eyes,1.60292,0.01857454,-3.602041,-0.7923983,-0.3918161,-0.4675307,0.0,0.0,0.0,0.0,0.0,0.0,0.0,3.877956,0.4245613,0.2454309,1.486125,0.01760463,-3.615266,0.09483401,-0.8055128,0.04526248,0.5831869,10.57549,251.2679,354.1621,0.4209505,0.005368233,-0.9070674,-0.1801767,-0.001745225,-0.06724405,0.331128,-0.7260088,-4.804811,-0.3087001,-0.4008,2.069,-0.3017994,-0.09998707,0.9481139,-0.205573,0.9779156,0.0376929,-0.9309442,-0.1835309,-0.3156889,static,59.45856,39.96484,-8.486074,-10.96336,61.20707295043564,41.19953585107251,84.91263065430228,87.0522971289377,105.40127862001039
05/18/2023 18:41:34.121389,4515,True,True,True,True,Eyes,1.597147,0.0185858,-3.602787,-0.7934281,-0.3911473,-0.4663428,0.0,0.0,0.0,0.0,0.0,0.0,0.0,3.875049,0.4225311,0.2454352,1.47667,0.01878752,-3.61578,0.09895498,-0.8040242,0.05184883,0.5840076,11.47593,251.4055,354.2277,0.4195161,0.005302587,-0.907732,-0.1693661,-0.001640512,-0.0632094,0.3128749,-0.7321773,-4.793696,-0.3087001,-0.4008,2.069,-0.2982863,-0.09856415,0.949374,-0.2196846,0.9750392,0.03220551,-0.9288511,-0.1989564,-0.3124938,static,59.55482,39.98841,-8.486076,-10.96336,61.296312479235965,41.2238019082381,85.00380223622774,87.13829014792327,105.33132233151508
05/18/2023 18:41:34.141132,4516,True,True,True,True,Eyes,1.591173,0.0186624,-3.603538,-0.7947999,-0.3900014,-0.4649646,0.0,0.0,0.0,0.0,0.0,0.0,0.0,3.872352,0.4205413,0.2417889,1.465926,0.02189381,-3.616766,0.1019578,-0.8029608,0.05600665,0.5845699,12.07226,251.5003,354.2332,0.4180959,0.005243997,-0.9083873,-0.1592041,-0.001542081,-0.05941683,0.2937689,-0.7360193,-4.782287,-0.3086996,-0.4008001,2.068999,-0.2957656,-0.09825668,0.9501941,-0.2292159,0.9729357,0.02926067,-0.9273528,-0.2091453,-0.3102829,static,59.672,39.98913,-8.486065,-10.96337,61.40548312933838,41.227158463928845,85.09805568163249,87.22774651026926,105.25280379764827
05/18/2023 18:41:34.150940,4517,True,True,True,True,Eyes,1.585054,0.01875718,-3.604274,-0.7960814,-0.3890768,-0.4635447,0.0,0.0,0.0,0.0,0.0,0.0,0.0,3.871606,0.3968665,0.237565,1.455093,0.02340464,-3.617379,0.09591006,-0.8035969,0.05123226,0.5851568,11.22048,251.5804,354.4897,0.4166839,0.005193416,-0.9090363,-0.1496519,-0.001449556,-0.05585182,0.2774805,-0.746152,-4.769503,-0.3087002,-0.4008,2.069,-0.2967854,-0.09418824,0.9502878,-0.2141038,0.976353,0.02990469,-0.9306329,-0.194585,-0.3099334,static,59.78849,40.00846,-8.486078,-10.96336,61.51365368370044,41.24791885487596,85.20295223581765,87.32685769825726,105.1702040686944
05/18/2023 18:41:34.170911,4518,True,True,True,True,Eyes,1.578776,0.01889691,-3.605008,-0.7973391,-0.3884068,-0.461942,0.0,0.0,0.0,0.0,0.0,0.0,0.0,3.86951,0.3874722,0.235064,1.445528,0.02397583,-3.617786,0.09630495,-0.8029684,0.05365049,0.5857377,11.47721,251.6783,354.6245,0.4152758,0.005150508,-0.9096807,-0.1406728,-0.001362583,-0.05250071,0.2641456,-0.7633593,-4.755454,-0.3086998,-0.4008,2.069,-0.2952732,-0.09180942,0.9509913,-0.2175099,0.975694,0.02665957,-0.9303241,-0.1989782,-0.3080658,static,59.91395,40.05755,-8.486071,-10.96336,61.62961101373362,41.29674103042336,85.3328549272116,87.44899670071158,105.07447877076306
05/18/2023 18:41:34.190863,4519,True,True,True,True,Eyes,1.572346,0.01907086,-3.605739,-0.798628,-0.3875945,-0.4603953,0.0,0.0,0.0,0.0,0.0,0.0,0.0,3.866325,0.3902974,0.2325444,1.435405,0.02524565,-3.618542,0.09847153,-0.8020521,0.05575377,0.5864362,11.82537,251.7838,354.5732,0.4138682,0.005115675,-0.9103221,-0.1322324,-0.001280828,-0.04935067,0.2498701,-0.775669,-4.743047,-0.3086996,-0.4008,2.068999,-0.2927921,-0.09256653,0.951685,-0.2233506,0.9743897,0.02605966,-0.9297244,-0.2049294,-0.3059685,static,60.03729,40.09312,-8.486065,-10.96337,61.743852483030885,41.332859464847104,85.45300083423709,87.56218890544748,104.98333043168671
05/18/2023 18:41:34.201565,4520,True,True,True,True,Eyes,1.565773,0.01925065,-3.606437,-0.7999558,-0.3868728,-0.4586939,0.0,0.0,0.0,0.0,0.0,0.0,0.0,3.863564,0.3901212,0.227344,1.42536,0.02620251,-3.619209,0.09753045,-0.8019462,0.05364657,0.5869345,11.56803,251.845,354.5261,0.4124571,0.005088971,-0.9109625,-0.1242985,-0.001203978,-0.04638963,0.2337802,-0.783065,-4.731092,-0.3086997,-0.4008001,2.068999,-0.2919914,-0.09345432,0.9518442,-0.2194024,0.9752197,0.02844464,-0.9309154,-0.2005313,-0.3052599,static,60.17008,40.14504,-8.486069,-10.96337,61.86658535052637,41.38449842869333,85.59051564418981,87.69147793937803,104.88196594080853
05/18/2023 18:41:34.221121,4521,True,True,True,True,Eyes,1.559072,0.01943745,-3.607128,-0.8012091,-0.3862825,-0.4570009,0.0,0.0,0.0,0.0,0.0,0.0,0.0,3.860666,0.3907788,0.2231688,1.415553,0.0265818,-3.619773,0.09834746,-0.8014171,0.05429624,0.5874611,11.68778,251.9217,354.501,0.41104,0.005069753,-0.9116029,-0.1168406,-0.001131739,-0.04360626,0.218379,-0.7930325,-4.718189,-0.3086994,-0.4008001,2.068999,-0.2904346,-0.09384079,0.9522825,-0.2214285,0.9747595,0.02852274,-0.9309229,-0.2025785,-0.3038829,static,60.30004,40.20635,-8.486061,-10.96337,61.98650109752565,41.44486198396056,85.73137077908297,87.82371427054446,104.78031665673066
05/18/2023 18:41:34.241165,4522,True,True,True,True,Eyes,1.552236,0.01961148,-3.607804,-0.8025943,-0.3856302,-0.4551174,0.0,0.0,0.0,0.0,0.0,0.0,0.0,3.858101,0.3883215,0.2186689,1.405748,0.02695998,-3.620317,0.09903281,-0.8009132,0.05547,0.5879233,11.8471,251.9936,354.5232,0.4096148,0.005057465,-0.9122443,-0.1098301,-0.001063835,-0.04098988,0.2007563,-0.7975799,-4.705931,-0.3086999,-0.4008,2.069,-0.2890777,-0.09340917,0.9527377,-0.2238576,0.9742312,0.02759408,-0.9307643,-0.2053007,-0.3025388,static,60.44426,40.27528,-8.486072,-10.96336,62.119557594886295,41.51268458931762,85.88823492586062,87.97096217633597,104.66730199040782
05/18/2023 18:41:34.253956,4523,True,True,True,True,Eyes,1.545283,0.01975202,-3.608462,-0.8039337,-0.385057,-0.4532346,0.0,0.0,0.0,0.0,0.0,0.0,0.0,3.85597,0.3795522,0.214427,1.39573,0.02681185,-3.62074,0.09768318,-0.800723,0.05507943,0.5884448,11.72233,252.0722,354.6314,0.4081793,0.005051099,-0.9128876,-0.1032403,-0.001000005,-0.03853049,0.1844204,-0.8046503,-4.693129,-0.3086993,-0.4008001,2.068999,-0.2883819,-0.09161191,0.9531231,-0.2212567,0.9748484,0.02675558,-0.9316018,-0.203169,-0.3013984,static,60.58696,40.35041,-8.486059,-10.96337,62.251078811416,41.58627582091542,86.0475796967164,88.12041728030408,104.55391170710296
05/18/2023 18:41:34.271062,4524,True,True,True,True,Eyes,1.368614,0.02322589,-3.623712,-0.8341293,-0.3634714,-0.4148697,0.0,0.0,0.0,0.0,0.0,0.0,0.0,3.853614,0.3717685,0.2111974,1.385963,0.02616046,-3.620991,0.09726927,-0.800282,0.05607216,0.5890189,11.79051,252.1644,354.7465,0.4067316,0.005049223,-0.9135334,-0.0970459,-0.0009400045,-0.03621866,0.1675142,-0.80984,-4.680528,-0.3086991,-0.4008,2.068999,-0.2871908,-0.08963057,0.9536707,-0.2217408,0.9747892,0.02483981,-0.9318543,-0.204334,-0.2998252,static,63.55569,41.22192,-8.486051,-10.96337,65.0005171124804,42.47000396400837,88.95682626249197,90.85923808907813,102.33982359283746
05/18/2023 18:41:34.290952,4525,True,True,True,True,Eyes,1.368216,0.02325395,-3.623724,-0.834113,-0.3635583,-0.4148263,0.0,0.0,0.0,0.0,0.0,0.0,0.0,3.851164,0.366219,0.2076368,1.376377,0.0263122,-3.621269,0.09786002,-0.7997144,0.05790147,0.5895148,12.00454,252.2474,354.8234,0.4001175,0.005169923,-0.9164491,-0.6212283,0.00953799,-0.07979401,0.1493365,-0.8106017,-4.669559,-0.3086998,-0.4008,2.068999,-0.2857915,-0.08825259,0.9542194,-0.2247877,0.9741417,0.02277056,-0.9315545,-0.2079891,-0.2982396,static,63.55764,41.23168,-8.486073,-10.96337,65.0021467374206,42.479184317644695,88.96414911259967,90.86597301613966,102.33651396129821
05/18/2023 18:41:34.301266,4526,True,True,True,True,Eyes,1.367427,0.02328005,-3.623713,-0.8341752,-0.3632529,-0.4149687,0.0,0.0,0.0,0.0,0.0,0.0,0.0,3.848238,0.365819,0.2023044,1.36643,0.02695381,-3.621578,0.0986979,-0.7992618,0.05871084,0.5899089,12.13971,252.3069,354.8061,0.3946156,0.005270065,-0.9188309,-0.5839546,0.008965711,-0.07500637,0.132166,-0.8134379,-4.658192,-0.3086998,-0.4008001,2.069,-0.2845326,-0.08850281,0.9545724,-0.227039,0.9736235,0.02259487,-0.931394,-0.2102962,-0.2971213,static,63.5515,41.19807,-8.48607,-10.96336,64.99707075460019,42.44758358151388,88.93945283815164,90.84327641288618,102.3474735750407
05/18/2023 18:41:34.320816,4527,True,True,True,True,Eyes,1.366297,0.02328518,-3.623713,-0.8341957,-0.3630815,-0.4150776,0.0,0.0,0.0,0.0,0.0,0.0,0.0,3.845005,0.3699076,0.1968803,1.356508,0.02696148,-3.62199,0.09923111,-0.7988974,0.05812787,0.5903708,12.12485,252.3666,354.7231,0.3900192,0.005353522,-0.9207908,-0.5489174,0.008427768,-0.07050599,0.1171641,-0.8200943,-4.64677,-0.3086999,-0.4007999,2.069001,-0.2832316,-0.08991695,0.9548272,-0.2271849,0.9735487,0.02428988,-0.9317549,-0.2100427,-0.2961674,moving,63.54607,41.17721,-8.486065,-10.96335,64.99241161929491,42.42793355949818,88.92281186383967,90.82794551470934,102.35540053540322
05/18/2023 18:41:34.341031,4528,True,True,True,True,Eyes,1.364845,0.02331095,-3.623722,-0.8341781,-0.3628941,-0.4152766,0.0,0.0,0.0,0.0,0.0,0.0,0.0,3.841511,0.3779465,0.1908956,1.347215,0.02657381,-3.622264,0.1012071,-0.7983522,0.05892299,0.5906938,12.33619,252.4105,354.597,0.3861585,0.00542292,-0.9224162,-0.5159823,0.007922102,-0.06627563,0.1003139,-0.8222131,-4.634863,-0.3075975,-0.3979383,2.069151,-0.281676,-0.09198699,0.9550902,-0.2312088,0.9725704,0.02548228,-0.9312366,-0.2136475,-0.2952179,moving,63.53463,41.14895,-8.455596,-10.88618,64.98229458981142,42.40121928314184,88.82706453355293,90.73406580023898,102.42786567959229
05/18/2023 18:41:34.351321,4529,True,True,True,True,Eyes,1.363071,0.02335014,-3.623744,-0.8341171,-0.3628356,-0.4154506,0.0,0.0,0.0,0.0,0.0,0.0,0.0,3.837771,0.3904085,0.1827111,1.338007,0.02712897,-3.622608,0.1047575,-0.797708,0.06079505,0.5907554,12.754,252.4176,354.3925,0.3828112,0.005482951,-0.9238099,-0.4850234,0.007446776,-0.0622991,0.08355662,-0.8244532,-4.623085,-0.3065882,-0.3953146,2.069288,-0.2800681,-0.09530178,0.9552381,-0.2389618,0.9706597,0.02677874,-0.9297632,-0.2207655,-0.2946242,moving,63.52338,41.13248,-8.4277,-10.81541,64.97212831395785,42.385545221867154,88.74424594653166,90.65250373286776,102.49293041948528
05/18/2023 18:41:34.371064,4530,True,True,True,True,Eyes,1.361001,0.02339768,-3.623755,-0.8340679,-0.3627336,-0.4156382,0.0,0.0,0.0,0.0,0.0,0.0,0.0,3.833939,0.4015326,0.1760635,1.328497,0.02752452,-3.622934,0.107197,-0.7971292,0.0613263,0.5910442,12.97267,252.4518,354.2042,0.3797546,0.005538032,-0.9250703,-0.455922,0.006999969,-0.05856115,0.06790015,-0.8282796,-4.611148,-0.3055695,-0.3926712,2.069426,-0.2783513,-0.09840663,0.9554249,-0.2433928,0.9694958,0.02894639,-0.929129,-0.2244863,-0.2938119,moving,63.5117,41.11168,-8.399547,-10.74408,64.96164448271037,42.36580828034111,88.65803567794974,90.56779035017476,102.55960987604978
05/18/2023 18:41:34.391128,4531,True,True,True,True,Eyes,1.358658,0.02345949,-3.623769,-0.8339256,-0.3629356,-0.4157475,0.0,0.0,0.0,0.0,0.0,0.0,0.0,3.830455,0.4082703,0.1703291,1.31939,0.02780583,-3.623053,0.1093117,-0.7965347,0.06244007,0.5913415,13.22363,252.4938,354.0865,0.3769536,0.005588901,-0.9262149,-0.4285667,0.006579971,-0.05504748,0.0518024,-0.8296323,-4.600681,-0.3044779,-0.3898345,2.069575,-0.2767325,-0.1002942,0.9556989,-0.2479879,0.9683045,0.02980967,-0.9283971,-0.2287524,-0.2928331,moving,63.50179,41.12003,-8.369372,-10.6675,64.95225041156577,42.3733973113159,88.58562067701024,90.49528772623347,102.62328882692458
05/18/2023 18:41:34.401078,4532,True,True,True,True,Eyes,1.356026,0.02352273,-3.623719,-0.8338445,-0.3631016,-0.4157649,0.0,0.0,0.0,0.0,0.0,0.0,0.0,3.826932,0.414821,0.1670094,1.310467,0.02827948,-3.623157,0.1125008,-0.7955182,0.06523658,0.5918095,13.70671,252.5699,353.9866,0.3743773,0.005636367,-0.927259,-0.4028527,0.006185173,-0.05174463,0.03580371,-0.829604,-4.591418,-0.3035493,-0.3874243,2.069702,-0.2742097,-0.1017777,0.9562687,-0.2562082,0.9661755,0.02936438,-0.9269121,-0.2369519,-0.2910111,moving,63.49861,41.13182,-8.343704,-10.60241,64.94906111006641,42.38436037675829,88.53106028150513,90.44018604823123,102.6728761633069
05/18/2023 18:41:34.425626,4533,True,True,True,True,Eyes,1.353135,0.02360155,-3.62367,-0.8337725,-0.3633575,-0.415686,0.0,0.0,0.0,0.0,0.0,0.0,0.0,3.823751,0.4162993,0.1660109,1.301324,0.02852053,-3.623214,0.1142358,-0.7945687,0.06711416,0.5925425,14.00655,252.6848,353.9656,0.3719971,0.005680849,-0.9282162,-0.3786815,0.005814062,-0.04863995,0.02013993,-0.8298471,-4.582746,-0.3025245,-0.384762,2.069841,-0.2716872,-0.1020004,0.956965,-0.2610724,0.9648918,0.02872556,-0.9262977,-0.2420328,-0.2887782,moving,63.50097,41.1572,-8.315378,-10.5305,64.95077296929722,42.40817100014269,88.48280155683987,90.39044067332121,102.72112610657096
05/18/2023 18:41:34.441317,4534,True,True,True,True,Eyes,1.349979,0.02370055,-3.623599,-0.8339236,-0.3633498,-0.4153894,0.0,0.0,0.0,0.0,0.0,0.0,0.0,3.820848,0.4140533,0.1667986,1.292197,0.02899144,-3.623193,0.1148449,-0.7937074,0.06815181,0.59346,14.1521,252.8255,353.9965,0.3697882,0.005723065,-0.9290981,-0.3559606,0.005465219,-0.04572156,0.004743464,-0.8283389,-4.575651,-0.3014678,-0.382019,2.069984,-0.2692321,-0.1014158,0.9577209,-0.2631973,0.964332,0.02812656,-0.9264133,-0.2444969,-0.2863215,moving,63.52144,41.17687,-8.286171,-10.45638,64.96946872112852,42.42705145096485,88.44391162250695,90.34957704926283,102.7595778051413
05/18/2023 18:41:34.461144,4535,True,True,True,True,Eyes,1.346563,0.02379624,-3.623525,-0.8341793,-0.3632337,-0.4149773,0.0,0.0,0.0,0.0,0.0,0.0,0.0,3.817576,0.4134372,0.1703873,1.282848,0.02958717,-3.623157,0.1152648,-0.7926662,0.06856197,0.5947216,14.22878,253.0118,354.0083,0.367728,0.005763785,-0.9299153,-0.334603,0.005137306,-0.04297826,-0.01147736,-0.8249264,-4.569203,-0.3004182,-0.3792935,2.070127,-0.2660408,-0.1011824,0.9586368,-0.2642835,0.9640266,0.02840736,-0.9270257,-0.2457944,-0.2832112,moving,63.55114,41.19598,-8.25716,-10.38271,64.99677543121994,42.44561902459944,88.4126303816717,90.31595320702027,102.79132931207207
05/18/2023 18:41:34.471138,4536,True,True,True,True,Eyes,1.342899,0.02388542,-3.623422,-0.8346561,-0.3628767,-0.4143306,0.0,0.0,0.0,0.0,0.0,0.0,0.0,3.814102,0.4127885,0.1753645,1.273207,0.02971052,-3.623062,0.1146827,-0.7917078,0.06760926,0.5962178,14.11124,253.2249,354.024,0.3657959,0.005803089,-0.9306768,-0.3145268,0.004829067,-0.04039957,-0.02725764,-0.8218085,-4.563364,-0.2994317,-0.3767326,2.070261,-0.2627444,-0.1009707,0.9595678,-0.26221,0.9645537,0.02969817,-0.9285533,-0.2438053,-0.2799067,moving,63.5998,41.21234,-8.229893,-10.31346,65.04180122550873,42.46204655158032,88.39916776822194,90.29947544948612,102.80692950560311
05/18/2023 18:41:34.491047,4537,True,True,True,True,Eyes,1.338998,0.02395041,-3.623317,-0.8352167,-0.3624792,-0.4135479,0.0,0.0,0.0,0.0,0.0,0.0,0.0,3.810443,0.4128196,0.183279,1.263729,0.0295018,-3.622927,0.1141759,-0.7904995,0.06677818,0.5980092,14.01245,253.4823,354.046,0.3639737,0.005840976,-0.9313907,-0.2956552,0.004539323,-0.03797559,-0.04305143,-0.8182214,-4.557802,-0.2983811,-0.3740059,2.070404,-0.2586978,-0.1006441,0.960701,-0.2603799,0.965009,0.03098028,-0.9302032,-0.2421327,-0.2758515,moving,63.65822,41.23491,-8.200849,-10.2397,65.09580187993508,42.484510298970186,88.39321960534564,90.28976343896977,102.81785625939843
05/18/2023 18:41:34.500989,4538,True,True,True,True,Eyes,1.334862,0.02399791,-3.623209,-0.8358828,-0.361927,-0.4126848,0.0,0.0,0.0,0.0,0.0,0.0,0.0,3.806616,0.4133675,0.1926789,1.254151,0.02897166,-3.622787,0.1137063,-0.7891442,0.06599545,0.5999727,13.92202,253.7656,354.0705,0.3622451,0.005876982,-0.9320641,-0.2779159,0.004266964,-0.03569706,-0.06045573,-0.8103797,-4.552834,-0.2973762,-0.3713935,2.070542,-0.2542076,-0.1002703,0.9619378,-0.2586522,0.965431,0.03228144,-0.9319215,-0.2406011,-0.2713552,moving,63.72392,41.25095,-8.173067,-10.16902,65.1567111272885,42.50102839228434,88.39225109973763,90.28505057783893,102.82245652858727
05/18/2023 18:41:34.526036,4539,True,True,True,True,Eyes,1.330496,0.0240107,-3.623096,-0.836644,-0.3612936,-0.4116961,0.0,0.0,0.0,0.0,0.0,0.0,0.0,3.802617,0.4141369,0.2024903,1.24438,0.02853387,-3.622583,0.113187,-0.7877504,0.06506846,0.6020004,13.81529,254.0577,354.0902,0.3605952,0.005910859,-0.9327034,-0.2612409,0.004010946,-0.03355524,-0.07918598,-0.8023217,-4.546232,-0.2963254,-0.368666,2.070685,-0.249569,-0.09998363,0.9631817,-0.2566686,0.9659096,0.03376176,-0.9337222,-0.2387926,-0.2667236,moving,63.7991,41.26933,-8.144019,-10.09519,65.22640861580143,42.51995383631373,88.39754683405282,90.28606209953749,102.82224298048855
05/18/2023 18:41:34.541893,4540,True,True,True,True,Eyes,1.325911,0.02397957,-3.622951,-0.8373102,-0.360824,-0.4107525,0.0,0.0,0.0,0.0,0.0,0.0,0.0,3.798286,0.4178531,0.212153,1.234471,0.02769362,-3.622417,0.1126824,-0.7863593,0.06355625,0.6040716,13.65604,254.3511,354.0676,0.3590117,0.005941926,-0.9333139,-0.2455664,0.003770289,-0.03154192,-0.09693381,-0.7968419,-4.538623,-0.2952368,-0.365839,2.070834,-0.2448002,-0.1004327,0.9643579,-0.2540028,0.9665266,0.03618046,-0.9357111,-0.2360926,-0.262116,moving,63.86919,41.29757,-8.113924,-10.01865,65.2911741695942,42.54799207038863,88.4020539140658,90.28599169220058,102.82568682505068
05/18/2023 18:41:34.550945,4541,True,True,True,True,Eyes,1.321123,0.02389868,-3.622804,-0.8380229,-0.360424,-0.4096488,0.0,0.0,0.0,0.0,0.0,0.0,0.0,3.793373,0.426553,0.2232652,1.224802,0.02663744,-3.62224,0.1134659,-0.784606,0.06290604,0.6062688,13.66795,254.6657,353.9877,0.3574828,0.005969348,-0.9339004,-0.2308325,0.003544072,-0.02964941,-0.1142935,-0.7910475,-4.532222,-0.2942779,-0.3633482,2.070963,-0.2391272,-0.1017762,0.9656395,-0.2543281,0.9663366,0.0388688,-0.9370887,-0.2362946,-0.2569619,moving,63.94933,41.3425,-8.087424,-9.9512,65.36498365632222,42.59188282199446,88.43267261904118,90.31075098209246,102.81187789286103
05/18/2023 18:41:34.571172,4542,True,True,True,True,Eyes,1.316134,0.02376015,-3.622624,-0.8386788,-0.3601978,-0.4085039,0.0,0.0,0.0,0.0,0.0,0.0,0.0,3.788387,0.4351888,0.235538,1.215099,0.02537981,-3.622103,0.1145622,-0.7826666,0.0628184,0.608574,13.75501,255.0008,353.9206,0.3559978,0.005992222,-0.9344674,-0.2169825,0.003331428,-0.02787044,-0.1303066,-0.7869744,-4.526384,-0.2932307,-0.3606305,2.071105,-0.2330266,-0.1028687,0.9670144,-0.2557873,0.9658588,0.04110739,-0.938228,-0.2377709,-0.2513833,moving,64.0302,41.40419,-8.058476,-9.877577,65.43915166311706,42.65147825026282,88.46805544418429,90.33937634050477,102.79907458023975
05/18/2023 18:41:34.590994,4543,True,True,True,True,Eyes,1.310954,0.02357526,-3.622441,-0.8393809,-0.360026,-0.4072114,0.0,0.0,0.0,0.0,0.0,0.0,0.0,3.784011,0.4389743,0.2466569,1.205449,0.02389898,-3.621959,0.1150515,-0.7809068,0.06298222,0.6107218,13.82136,255.3187,353.9254,0.3545484,0.006009511,-0.9350181,-0.2039636,0.003131542,-0.02619822,-0.1466949,-0.7821898,-4.520692,-0.2922181,-0.3579999,2.071244,-0.2275643,-0.1027598,0.9683261,-0.2566183,0.9655928,0.04216246,-0.9393412,-0.2388954,-0.2461045,moving,64.12045,41.48072,-8.030483,-9.806284,65.52177482541394,42.725179190956105,88.52182731996955,90.38522697984966,102.77505320038475
05/18/2023 18:41:34.601183,4544,True,True,True,True,Eyes,1.30558,0.02335217,-3.622257,-0.8400919,-0.3598816,-0.4058705,0.0,0.0,0.0,0.0,0.0,0.0,0.0,3.779314,0.4443871,0.2580066,1.195663,0.02261309,-3.621759,0.1157498,-0.77908,0.06303141,0.6129141,13.89258,255.6419,353.9038,0.3531264,0.006020581,-0.9355561,-0.1917257,0.00294365,-0.02462632,-0.1638575,-0.774397,-4.516046,-0.2911784,-0.3553009,2.071386,-0.2218769,-0.103091,0.9696096,-0.2576223,0.9652581,0.04367633,-0.9404262,-0.2401023,-0.2407271,moving,64.21358,41.56311,-8.00174,-9.733119,65.60696900764624,42.804431235121854,88.57965653762065,90.43470697956782,102.7493107623694
05/18/2023 18:41:34.621708,4545,True,True,True,True,Eyes,1.300014,0.02308545,-3.622075,-0.8408925,-0.3597146,-0.4043579,0.0,0.0,0.0,0.0,0.0,0.0,0.0,3.77414,0.4521962,0.2712269,1.185611,0.0214742,-3.621608,0.1162974,-0.7771246,0.06229295,0.6153633,13.88354,255.9975,353.8448,0.3517246,0.006025065,-0.9360839,-0.1802222,0.002767031,-0.02314874,-0.1788087,-0.7702074,-4.512091,-0.2901433,-0.352614,2.071526,-0.215606,-0.1040895,0.9709168,-0.2574207,0.965189,0.04631152,-0.9419388,-0.239949,-0.2348953,moving,64.31861,41.65612,-7.973128,-9.660265,65.70304739173493,42.89389640998078,88.65363361153828,90.49927459300434,102.71294186138577
05/18/2023 18:41:34.641082,4546,True,True,True,True,Eyes,1.294271,0.02277762,-3.621896,-0.8417252,-0.359561,-0.4027587,0.0,0.0,0.0,0.0,0.0,0.0,0.0,3.768786,0.4598071,0.2866459,1.175418,0.02015959,-3.621507,0.1166203,-0.7750068,0.06135699,0.6180613,13.84293,256.3904,353.7967,0.3503367,0.006022494,-0.9366043,-0.1694089,0.002601009,-0.02175982,-0.1932302,-0.7659087,-4.509209,-0.289129,-0.3499826,2.071663,-0.2088004,-0.1049183,0.9723142,-0.2566077,0.96527,0.04905279,-0.9436924,-0.2392611,-0.2284715,moving,64.42926,41.75674,-7.945093,-9.588896,65.80421625036226,42.9906134784609,88.73793612887954,90.57353604613837,102.67006927790325
05/18/2023 18:41:34.656897,4547,True,True,True,True,Eyes,1.288347,0.02243571,-3.621724,-0.8426397,-0.3594118,-0.4009756,0.0,0.0,0.0,0.0,0.0,0.0,0.0,3.763255,0.4690582,0.3027816,1.165395,0.01887235,-3.621502,0.1174044,-0.7727333,0.06074779,0.6208135,13.86624,256.7937,353.7307,0.3489563,0.006012503,-0.9371194,-0.1592443,0.002444948,-0.02045423,-0.2113846,-0.7535498,-4.506333,-0.2880583,-0.3471997,2.07181,-0.2016139,-0.1060184,0.9737105,-0.2568706,0.9650518,0.05188875,-0.9451823,-0.2396561,-0.2218008,moving,64.55225,41.87125,-7.91549,-9.513387,65.91661652818965,43.100614588570046,88.83667182154771,90.66097902378948,102.61900278238959
05/18/2023 18:41:34.681089,4548,True,True,True,True,Eyes,1.282244,0.02204018,-3.621535,-0.8436697,-0.3591491,-0.3990407,0.0,0.0,0.0,0.0,0.0,0.0,0.0,3.757672,0.4772314,0.3200774,1.155113,0.01771748,-3.62156,0.1179635,-0.7703725,0.06004395,0.6237032,13.86652,257.219,353.6812,0.3475788,0.005994947,-0.9376314,-0.1496897,0.002298251,-0.01922698,-0.2230261,-0.7500731,-4.505657,-0.2870581,-0.3446052,2.071945,-0.194158,-0.1068524,0.9751335,-0.2566508,0.9649587,0.05463595,-0.9468015,-0.2396608,-0.2147782,moving,64.68668,41.9882,-7.887843,-9.442977,66.03962939142228,43.21316152341591,88.95070183131136,90.76309877026935,102.55554575275869
05/18/2023 18:41:34.691432,4549,True,True,True,True,Eyes,1.275984,0.02160406,-3.621352,-0.844777,-0.3589091,-0.3969082,0.0,0.0,0.0,0.0,0.0,0.0,0.0,3.752739,0.4782658,0.3386617,1.144783,0.01604648,-3.62156,0.1168702,-0.7681965,0.05868155,0.6267151,13.68871,257.6644,353.7363,0.3461994,0.005969188,-0.9381417,-0.1407083,0.002160356,-0.01807336,-0.2377533,-0.7331877,-4.511596,-0.2860658,-0.3420262,2.072081,-0.1871388,-0.1060054,0.9765971,-0.2531118,0.9657956,0.05633076,-0.9491645,-0.2366466,-0.207569,moving,64.83409,42.12185,-7.860412,-9.372962,66.17441607326803,43.34163741284287,89.08538760056751,90.88445829235519,102.47954531807927
05/18/2023 18:41:34.701538,4550,True,True,True,True,Eyes,1.269568,0.02113756,-3.621199,-0.84596,-0.3586689,-0.3945991,0.0,0.0,0.0,0.0,0.0,0.0,0.0,3.747556,0.4812542,0.3578782,1.134729,0.01463258,-3.621606,0.1168661,-0.7657405,0.05847695,0.6297336,13.69452,258.1187,353.7763,0.344815,0.005934991,-0.9386517,-0.1322658,0.002030735,-0.01698896,-0.2627218,-0.6839279,-4.52624,-0.2849804,-0.3392062,2.072229,-0.1795561,-0.1053283,0.9780928,-0.2526279,0.9658456,0.05763261,-0.950757,-0.2367453,-0.2000322,moving,64.99325,42.26912,-7.830405,-9.296383,66.3198896137577,43.48313110724676,89.2316414014784,91.01617054515161,102.39773743864927
05/18/2023 18:41:34.721488,4551,True,True,True,True,Eyes,1.263004,0.02062441,-3.621049,-0.847243,-0.3584221,-0.3920625,0.0,0.0,0.0,0.0,0.0,0.0,0.0,3.741448,0.4882332,0.3794899,1.124443,0.01339301,-3.621638,0.1174127,-0.7629513,0.05817167,0.6330369,13.73417,258.6147,353.7644,0.3434216,0.005892397,-0.9391626,-0.1243299,0.001908891,-0.01596962,-0.2619088,-0.6971085,-4.533696,-0.2839988,-0.3366584,2.072362,-0.1709572,-0.1055107,0.9796129,-0.25281,0.9656606,0.05988889,-0.9522925,-0.2374175,-0.1917609,moving,65.16762,42.43344,-7.80327,-9.227181,66.47920809604446,43.64093242040192,89.40677015471334,91.1752376949016,102.29658823473747
05/18/2023 18:41:34.743124,4552,True,True,True,True,Eyes,1.256298,0.02007298,-3.62092,-0.848605,-0.3582077,-0.3893031,0.0,0.0,0.0,0.0,0.0,0.0,0.0,3.735443,0.4917689,0.4033914,1.114288,0.01175006,-3.621646,0.1171428,-0.7601058,0.05760373,0.6365519,13.69214,259.1453,353.8109,0.3420162,0.005841007,-0.9396757,-0.1168701,0.001794357,-0.01501144,-0.265814,-0.7072986,-4.538987,-0.2829568,-0.3339528,2.072503,-0.1621582,-0.1047464,0.9811894,-0.2514175,0.9659187,0.06156513,-0.9541979,-0.2367049,-0.1829668,moving,65.3564,42.61796,-7.774471,-9.153677,66.65156564939302,43.81797155151005,89.60148821798893,91.3522330411331,102.18495412763069
05/18/2023 18:41:34.750824,4553,True,True,True,True,Eyes,1.249446,0.0195835,-3.620789,-0.8499991,-0.3581687,-0.3862859,0.0,0.0,0.0,0.0,0.0,0.0,0.0,3.729012,0.495387,0.4299479,1.104095,0.01024407,-3.621694,0.1170358,-0.7569684,0.05730398,0.6403263,13.68813,259.7196,353.8672,0.3405969,0.005780717,-0.9401914,-0.1098579,0.001686696,-0.01411075,-0.2902311,-0.6584884,-4.54933,-0.2818953,-0.3311986,2.072646,-0.1525698,-0.1037983,0.9828267,-0.2505713,0.9660378,0.06312758,-0.9560002,-0.2366368,-0.1733971,moving,65.56036,42.83703,-7.745128,-9.078827,66.83740431899932,44.02769824600046,89.82733870577817,91.55794422560318,102.05769307625022
05/18/2023 18:41:34.770782,4554,True,True,True,True,Eyes,1.242407,0.01923426,-3.620666,-0.8515426,-0.3580318,-0.3829995,0.0,0.0,0.0,0.0,0.0,0.0,0.0,3.72236,0.4975663,0.4569945,1.093674,0.01126781,-3.62162,0.1181718,-0.7535107,0.05868232,0.6440603,13.9252,260.3031,353.9382,0.3391608,0.005713997,-0.9407108,-0.1032664,0.001585494,-0.01326411,-0.2926485,-0.6863499,-4.540782,-0.2809089,-0.3286348,2.072783,-0.1424438,-0.1024975,0.9844816,-0.2536773,0.9651837,0.06378401,-0.9567433,-0.240655,-0.1634858,moving,65.78314,43.07025,-7.717853,-9.009124,67.04050726851196,44.25110069858192,90.08139190875065,91.79032609692626,101.9108556988234
05/18/2023 18:41:34.791014,4555,True,True,True,True,Eyes,1.062517,0.007954672,-3.61731,-0.8964074,-0.3325312,-0.2930474,0.0,0.0,0.0,0.0,0.0,0.0,0.0,3.71486,0.4992274,0.487957,1.082119,0.01419832,-3.621649,0.117809,-0.7499902,0.05746033,0.6483316,13.82446,260.9507,353.9582,0.3377047,0.005645133,-0.9412349,0.0,0.0,0.0,-0.2989107,-0.7012856,-4.535435,-0.2798776,-0.3259593,2.072923,-0.131574,-0.1022044,0.9860235,-0.2512179,0.9656387,0.06656923,-0.9589462,-0.238948,-0.1527286,moving,71.89675,48.61147,-7.689344,-8.936371,72.63061687230393,49.57784184276246,98.21252650216324,99.37408726190417,96.73268771738967
05/18/2023 18:41:34.801208,4556,True,True,True,True,Eyes,1.062151,0.007943138,-3.617293,-0.896596,-0.3324309,-0.2925841,0.0,0.0,0.0,0.0,0.0,0.0,0.0,3.710524,0.4725937,0.51998,1.071199,0.01108091,-3.621342,0.1081231,-0.7481327,0.0500302,0.6527665,12.47518,261.591,354.3301,0.3318053,0.005267474,-0.943333,-0.5396708,-0.03383878,0.01006722,-0.3221967,-0.6693474,-4.534539,-0.278843,-0.3232734,2.073062,-0.1244109,-0.09646471,0.9875306,-0.2270968,0.9716128,0.06629977,-0.9658929,-0.2160167,-0.1427861,moving,71.92706,48.64787,-7.660749,-8.863323,72.65816011827073,49.61260744501453,98.19244707055492,99.35070006476657,96.75801141349679
05/18/2023 18:41:34.821026,4557,True,True,True,True,Eyes,1.061351,0.008107053,-3.617254,-0.8967346,-0.3328446,-0.2916875,0.0,0.0,0.0,0.0,0.0,0.0,0.0,3.704909,0.4541452,0.5510616,1.061956,0.0108145,-3.620553,0.1072885,-0.744602,0.05382647,0.6566277,12.77105,262.228,354.7589,0.3267695,0.00494726,-0.9450908,-0.5072906,-0.03180845,0.009463191,-0.3314794,-0.6757915,-4.529191,-0.277791,-0.3205397,2.073204,-0.1146587,-0.08908653,0.9894024,-0.2304623,0.9711838,0.06073859,-0.9663026,-0.2210557,-0.1318858,moving,71.98147,48.77037,-7.631673,-8.788955,72.70650645853425,49.72851747680765,98.24117483415024,99.39073228317416,96.75562410428836
05/18/2023 18:41:34.842297,4558,True,True,True,True,Eyes,1.060114,0.008308567,-3.617169,-0.8973721,-0.332103,-0.2905698,0.0,0.0,0.0,0.0,0.0,0.0,0.0,3.694496,0.4685645,0.5834317,1.050623,0.01530483,-3.620111,0.1125382,-0.7397539,0.0579788,0.6608616,13.56359,262.921,354.6956,0.3222785,0.00466799,-0.9466332,-0.4768532,-0.02989994,0.0088954,-0.3401968,-0.6837705,-4.524603,-0.2767708,-0.3178879,2.073344,-0.1011946,-0.08986924,0.9907994,-0.243133,0.9679472,0.06296426,-0.9647,-0.2345244,-0.1198013,moving,72.05801,48.81606,-7.603466,-8.716785,72.77694699723581,49.77303720079036,98.26484118082419,99.40860171376652,96.74545038901063
05/18/2023 18:41:34.851025,4559,True,True,True,True,Eyes,1.058545,0.008706736,-3.617043,-0.8979182,-0.3319306,-0.2890761,0.0,0.0,0.0,0.0,0.0,0.0,0.0,3.68852,0.449414,0.6110597,1.038986,0.0162112,-3.619501,0.1034339,-0.7381127,0.04829757,0.6649499,12.05525,263.4816,354.8102,0.3182012,0.00442194,-0.9480126,-0.448242,-0.02810595,0.008361676,-0.355209,-0.6712241,-4.523586,-0.2757382,-0.3152078,2.073485,-0.09428623,-0.08846082,0.9916072,-0.2169227,0.9739376,0.06625859,-0.9716248,-0.2088548,-0.1110181,moving,72.15453,48.94761,-7.574921,-8.643833,72.86435635603107,49.8983823862143,98.35425595053651,99.48702590733326,96.71029375558429
05/18/2023 18:41:34.870868,4560,True,True,True,True,Eyes,1.056579,0.009085592,-3.616894,-0.8986446,-0.3315195,-0.2872852,0.0,0.0,0.0,0.0,0.0,0.0,0.0,3.677584,0.465486,0.6418514,1.029364,0.02145372,-3.618456,0.1091485,-0.7334705,0.05261042,0.6688348,12.89594,264.1245,354.7178,0.3144895,0.004211023,-0.9492514,-0.4213475,-0.02641959,0.007859975,-0.3658299,-0.672387,-4.520438,-0.2747209,-0.3125669,2.073623,-0.08149352,-0.08973905,0.9926258,-0.2304898,0.9706374,0.06882827,-0.9696564,-0.223181,-0.09978452,moving,72.27158,49.08875,-7.546799,-8.57193,72.97071083525887,50.03317415234482,98.46688602900998,99.58728645152549,96.65821485856682
05/18/2023 18:41:34.890720,4561,True,True,True,True,Eyes,1.054335,0.009397046,-3.616702,-0.8995656,-0.3308049,-0.285219,0.0,0.0,0.0,0.0,0.0,0.0,0.0,3.666226,0.4745304,0.6790328,1.017819,0.02133399,-3.618157,0.108585,-0.7291799,0.05002942,0.6737977,12.66731,264.8848,354.652,0.3110982,0.004031247,-0.9503689,-0.3960666,-0.02483441,0.007388377,-0.3759167,-0.6751997,-4.517049,-0.2737222,-0.3099712,2.07376,-0.06841229,-0.0909366,0.9935041,-0.2257754,0.9714127,0.07336775,-0.9717743,-0.2192895,-0.08698785,moving,72.4081,49.23219,-7.519186,-8.501232,73.0951626766906,50.17056452949699,98.59776398659294,99.70482897315328,96.59072213152253
05/18/2023 18:41:34.901591,4562,True,True,True,True,Eyes,1.051829,0.00980356,-3.616479,-0.9002496,-0.3309885,-0.2828379,0.0,0.0,0.0,0.0,0.0,0.0,0.0,3.659382,0.4609136,0.7053769,1.008894,0.01993276,-3.617016,0.1043651,-0.7267014,0.0473181,0.6773286,12.13121,265.4255,354.8603,0.3079899,0.003877742,-0.9513815,-0.3723026,-0.02334435,0.006945074,-0.3897208,-0.6690451,-4.513907,-0.2726573,-0.3072093,2.073905,-0.06066805,-0.0875847,0.9943081,-0.2157843,0.9737378,0.07260665,-0.9745547,-0.2101512,-0.07797415,moving,72.55846,49.48529,-7.489748,-8.425997,73.23040550158198,50.41091746338802,98.79996339072011,99.88756521655235,96.50282042997465
05/18/2023 18:41:34.926184,4563,True,True,True,True,Eyes,1.048978,0.01029837,-3.616223,-0.9010421,-0.3310734,-0.2802027,0.0,0.0,0.0,0.0,0.0,0.0,0.0,3.646407,0.4870067,0.7378817,0.9999405,0.02280641,-3.616286,0.1133086,-0.7211018,0.05518473,0.6812697,13.53121,266.128,354.7937,0.3051303,0.003750412,-0.952303,-0.3499645,-0.02194369,0.00652837,-0.4012099,-0.6701423,-4.509449,-0.2716256,-0.3045282,2.074045,-0.04606605,-0.08822268,0.9950351,-0.2386054,0.9682316,0.07479979,-0.9700235,-0.233975,-0.06565299,moving,72.72555,49.75721,-7.461231,-8.352949,73.38087558315655,50.66926959735767,99.02883633642901,100.09529701717616,96.39896071354048
05/18/2023 18:41:34.941183,4564,True,True,True,True,Eyes,1.045849,0.01079528,-3.615911,-0.9021572,-0.330406,-0.2773882,0.0,0.0,0.0,0.0,0.0,0.0,0.0,3.636704,0.4905933,0.7631173,0.9887806,0.0254064,-3.615289,0.1130378,-0.7178487,0.05344874,0.6848789,13.38956,266.69,354.7463,0.3024868,0.003649003,-0.9531463,-0.3289666,-0.02062707,0.006136667,-0.4106973,-0.6751533,-4.50491,-0.2705502,-0.3017356,2.074191,-0.03632689,-0.08907628,0.9953622,-0.2354999,0.9687313,0.07809822,-0.9711952,-0.2315706,-0.05616835,moving,72.9088,49.98529,-7.431506,-8.276844,73.54724442973846,50.886955861501775,99.24233484963759,100.28914814282602,96.29095137381563
05/18/2023 18:41:34.951410,4565,True,True,True,True,Eyes,1.042509,0.01127276,-3.615563,-0.9032017,-0.3301595,-0.2742652,0.0,0.0,0.0,0.0,0.0,0.0,0.0,3.627557,0.4764447,0.795274,0.978958,0.02579302,-3.613808,0.1070179,-0.7151262,0.04747717,0.6891208,12.43904,267.3167,354.8517,0.3000315,0.003570998,-0.9539223,-0.3092286,-0.01938944,0.005768467,-0.4209589,-0.6766978,-4.501983,-0.2695653,-0.2991775,2.074325,-0.02731933,-0.08762754,0.9957786,-0.2184976,0.9725862,0.07959213,-0.975455,-0.2154008,-0.04571682,moving,73.10863,50.28341,-7.404277,-8.207107,73.72771771703556,51.17058165984936,99.51617342180084,100.53909924676613,96.15795960835614
05/18/2023 18:41:34.971094,4566,True,True,True,True,Eyes,1.038911,0.01180385,-3.615203,-0.9042651,-0.3299931,-0.2709411,0.0,0.0,0.0,0.0,0.0,0.0,0.0,3.616287,0.4853323,0.825218,0.9704748,0.02587504,-3.612696,0.1102388,-0.710789,0.05104203,0.6928357,13.0214,267.9562,354.9368,0.2977412,0.003513566,-0.95464,-0.2906749,-0.01822608,0.005422359,-0.4329608,-0.6732933,-4.49999,-0.2685404,-0.2965183,2.074465,-0.01565243,-0.08598553,0.9961734,-0.2274405,0.9704843,0.08019449,-0.9736662,-0.2253149,-0.03474702,moving,73.32043,50.61226,-7.375945,-8.1346,73.91875446437152,51.4832458770002,99.81532196010903,100.8122795497465,96.01476148696952
05/18/2023 18:41:34.990973,4567,True,True,True,True,Eyes,1.035069,0.01232279,-3.614803,-0.9055141,-0.3294454,-0.2674135,0.0,0.0,0.0,0.0,0.0,0.0,0.0,3.604572,0.4969756,0.8528452,0.9606036,0.027684,-3.611612,0.1126889,-0.7067385,0.05206941,0.6964989,13.33088,268.5657,354.8851,0.2955932,0.003476094,-0.9553074,-0.2732344,-0.01713251,0.005097018,-0.4414112,-0.6779106,-4.497739,-0.2675417,-0.2939237,2.074601,-0.00438117,-0.08675058,0.9962205,-0.2318157,0.96918,0.08337645,-0.97275,-0.2305743,-0.02435628,moving,73.54725,50.93349,-7.348339,-8.063839,74.12393260205405,51.78912135309327,100.1238290757558,101.09454932402546,95.86045973708582
05/18/2023 18:41:35.000897,4568,True,True,True,True,Eyes,1.031031,0.01281059,-3.614344,-0.9068147,-0.3288001,-0.2637759,0.0,0.0,0.0,0.0,0.0,0.0,0.0,3.595423,0.4913809,0.8780775,0.9508924,0.02782618,-3.610342,0.1091602,-0.7041085,0.04783528,0.7000194,12.72025,269.0972,354.8978,0.2935677,0.003456281,-0.9559318,-0.2568403,-0.01610456,0.004791196,-0.446778,-0.6881919,-4.496251,-0.2665052,-0.2912328,2.074742,0.003886175,-0.08675,0.9962226,-0.2206925,0.9715917,0.08546609,-0.9753358,-0.220191,-0.01536935,moving,73.78125,51.2621,-7.319685,-7.990434,74.33565918527692,52.10206914769494,100.44015354077959,101.38394433327088,95.70215079923787
05/18/2023 18:41:35.021147,4569,True,True,True,True,Eyes,1.026803,0.01329248,-3.613842,-0.9080778,-0.3284102,-0.2598874,0.0,0.0,0.0,0.0,0.0,0.0,0.0,3.58405,0.4961947,0.9052713,0.9420747,0.0275531,-3.608721,0.1095469,-0.7005097,0.0476919,0.7035704,12.76573,269.6811,354.9194,0.2916476,0.003451554,-0.9565193,-0.2414299,-0.01513829,0.004503725,-0.4551707,-0.6919734,-4.494587,-0.2655101,-0.2886494,2.074877,0.01402321,-0.0863682,0.9961647,-0.2205866,0.9714499,0.08733068,-0.9752667,-0.2209652,-0.005428822,moving,74.02914,51.64368,-7.292181,-7.919951,74.55931137537274,52.46491675823901,100.80170329458328,101.7152842902959,95.52577622463494
05/18/2023 18:41:35.041031,4570,True,True,True,True,Eyes,1.022387,0.01378973,-3.613306,-0.9094331,-0.3279242,-0.2557288,0.0,0.0,0.0,0.0,0.0,0.0,0.0,3.571191,0.5090804,0.9335175,0.9332162,0.02794382,-3.607263,0.1121304,-0.6963394,0.04904343,0.7072009,13.11458,270.2986,354.8871,0.289819,0.003460268,-0.9570749,-0.2269441,-0.01422999,0.004233501,-0.4629357,-0.6972554,-4.49198,-0.2644853,-0.2859872,2.075016,0.02541265,-0.08679445,0.9959021,-0.2255287,0.9700431,0.09029565,-0.9739051,-0.2268991,0.005076733,moving,74.29424,52.05143,-7.263854,-7.847299,74.798497003899,52.85265442273201,101.19081199757356,102.07210097675544,95.33567488567434
05/18/2023 18:41:35.051238,4571,True,True,True,True,Eyes,1.01781,0.01428908,-3.612717,-0.9107647,-0.3276197,-0.2513423,0.0,0.0,0.0,0.0,0.0,0.0,0.0,3.5594,0.5122644,0.9610651,0.9242359,0.02876126,-3.6056,0.1125574,-0.692633,0.04913321,0.7107577,13.18316,270.8934,354.9279,0.2880679,0.003481506,-0.9576035,-0.2133275,-0.01337619,0.003979491,-0.468252,-0.7102135,-4.487247,-0.2633986,-0.2831651,2.075163,0.03569109,-0.08607836,0.9956489,-0.2257656,0.9698335,0.09193957,-0.9735277,-0.2280647,0.0151809,moving,74.57217,52.50541,-7.233821,-7.77027,75.04874992507592,53.28395875332719,101.61386599748324,102.4599449868277,95.13448467414604
05/18/2023 18:41:35.070942,4572,True,True,True,True,Eyes,1.01305,0.01481259,-3.612442,-0.9129049,-0.3260582,-0.2455416,0.0,0.0,0.0,0.0,0.0,0.0,0.0,3.547434,0.5149206,0.9886994,0.91572,0.02933271,-3.603825,0.1135821,-0.6887774,0.0505005,0.7142369,13.40403,271.4944,355.0269,0.2863821,0.003514106,-0.9581088,-0.2005278,-0.01257362,0.003740722,-0.4765292,-0.7176186,-4.481637,-0.2623537,-0.2804538,2.075305,0.04607072,-0.08432697,0.9953725,-0.2286043,0.9690976,0.09268189,-0.9724286,-0.2318163,0.02536951,moving,74.94559,53.01804,-7.204937,-7.696248,75.38685163391564,53.77234765915819,102.15152399119982,102.95529030631927,94.85503650982174
05/18/2023 18:41:35.091252,4573,True,True,True,True,Eyes,1.008152,0.01531624,-3.612102,-0.9149327,-0.3247955,-0.2395956,0.0,0.0,0.0,0.0,0.0,0.0,0.0,3.535404,0.5193478,1.014641,0.9072418,0.02953643,-3.601991,0.115114,-0.6849424,0.05235342,0.7175387,13.70457,272.0767,355.1251,0.2847491,0.003557551,-0.9585952,-0.1884961,-0.0118192,0.003516278,-0.4870409,-0.719851,-4.475539,-0.2613377,-0.2778157,2.075445,0.05622614,-0.08256169,0.9949986,-0.2328241,0.9680157,0.09347934,-0.9708922,-0.2369156,0.03520545,moving,75.32535,53.5845,-7.176849,-7.624199,75.7298276022826,54.31126852929786,102.72836839504559,103.48680671133003,94.56436861255999
05/18/2023 18:41:35.101001,4574,True,True,True,True,Eyes,1.003142,0.01578236,-3.611426,-0.9168363,-0.3238012,-0.2335893,0.0,0.0,0.0,0.0,0.0,0.0,0.0,3.523038,0.527495,1.039448,0.8990603,0.0296175,-3.600182,0.1172083,-0.6811007,0.05422544,0.7207105,14.0526,272.6427,355.1807,0.2831604,0.003610253,-0.9590655,-0.1771864,-0.01111005,0.003305302,-0.4993009,-0.7194916,-4.468348,-0.2603122,-0.2751488,2.075585,0.06632277,-0.08149965,0.9944643,-0.237823,0.9666437,0.09508056,-0.9690416,-0.2428125,0.04472801,moving,75.70641,54.19342,-7.148501,-7.551356,76.07319994516791,54.88996325243872,103.33128103390617,104.04215423659747,94.2695655447015
05/18/2023 18:41:35.120883,4575,True,True,True,True,Eyes,0.9980065,0.01622912,-3.610704,-0.9186088,-0.3230883,-0.2275343,0.0,0.0,0.0,0.0,0.0,0.0,0.0,3.511219,0.5382064,1.06035,0.8906656,0.02959126,-3.598403,0.1198473,-0.6774831,0.05629546,0.723522,14.45993,273.1558,355.2059,0.2816111,0.003670336,-0.9595213,-0.1665552,-0.01044345,0.003106983,-0.5146241,-0.7130412,-4.460979,-0.2592992,-0.2725212,2.075722,0.07569489,-0.08092712,0.9938416,-0.2438511,0.9649348,0.09714593,-0.9668542,-0.2497028,0.05330642,moving,76.08815,54.84495,-7.120502,-7.479575,76.41638808806175,55.50855804029078,103.96165727869447,104.62273610208386,93.9700917127554
05/18/2023 18:41:35.140848,4576,True,True,True,True,Eyes,0.9927264,0.01666117,-3.610017,-0.9203399,-0.3223762,-0.221468,0.0,0.0,0.0,0.0,0.0,0.0,0.0,3.500339,0.5509374,1.076895,0.8824702,0.02962678,-3.596662,0.1225882,-0.6742969,0.05786578,0.7259115,14.83367,273.5937,355.1749,0.2800945,0.003736552,-0.9599648,-0.1565619,-0.009816839,0.002920564,-0.5303478,-0.7071398,-4.451865,-0.2580993,-0.2694048,2.075885,0.08395053,-0.08131088,0.993147,-0.2493326,0.9632473,0.099939,-0.9647724,-0.2560139,0.0605917,moving,76.46976,55.51146,-7.087338,-7.394419,76.75916759434996,56.141171672542136,104.58937918806214,105.1998468748514,93.67945626488508
05/18/2023 18:41:35.151532,4577,True,True,True,True,Eyes,0.9873116,0.01707891,-3.609272,-0.9220037,-0.321732,-0.2154009,0.0,0.0,0.0,0.0,0.0,0.0,0.0,3.491058,0.5630697,1.090472,0.8736332,0.02855826,-3.595777,0.1245222,-0.6715066,0.05836366,0.7281258,15.05337,273.9871,355.1145,0.2786027,0.003807945,-0.9603986,-0.1471681,-0.009227829,0.00274533,-0.5460478,-0.7026039,-4.442171,-0.2572164,-0.2671112,2.076006,0.09134526,-0.08224272,0.9924175,-0.252227,0.9621758,0.1029524,-0.9633471,-0.2597187,0.06714635,moving,76.85027,56.19753,-7.062932,-7.331733,77.10054674730654,56.79206898816923,105.2491934753705,105.80809579737391,93.37310378386341
05/18/2023 18:41:35.171154,4578,True,True,True,True,Eyes,0.8483194,0.02582661,-3.590469,-0.9534365,-0.295269,-0.06144276,0.0,0.0,0.0,0.0,0.0,0.0,0.0,3.481769,0.5689852,1.103311,0.8649708,0.02864214,-3.59371,0.1253141,-0.6690844,0.05816118,0.7302327,15.12029,274.3513,355.0828,0.2771308,0.003883602,-0.960824,-0.1383381,-0.00867416,0.002580611,-0.5623459,-0.6970595,-4.432029,-0.2561941,-0.2644562,2.076145,0.09788658,-0.08274907,0.9917514,-0.2526338,0.9618273,0.1051874,-0.9625978,-0.2608464,0.0732448,moving,86.31276,78.24503,-7.034675,-7.259158,85.49423221840094,77.64594991835776,126.5887427325928,125.58055590599774,84.69947766195956
05/18/2023 18:41:35.191014,4579,True,True,True,True,Eyes,0.8479737,0.02581516,-3.590379,-0.9534545,-0.2952571,-0.0612183,0.0,0.0,0.0,0.0,0.0,0.0,0.0,3.473053,0.5699959,1.116486,0.8563673,0.0283412,-3.591569,0.1251019,-0.6668364,0.05762471,0.7323648,15.07558,274.7142,355.1022,0.2719671,0.004214223,-0.962297,-0.5470145,0.01808938,0.0588337,-0.5793585,-0.6899322,-4.422202,-0.2551799,-0.2618234,2.076283,0.1040171,-0.08244042,0.9911529,-0.2512496,0.9620578,0.106388,-0.9623171,-0.260093,0.07935741,moving,86.32626,78.28632,-7.006646,-7.187174,85.50601860702508,77.68490790457382,126.55729737542941,125.54625999809232,84.73376153083946
05/18/2023 18:41:35.200820,4580,True,True,True,True,Eyes,0.8472963,0.025785,-3.590165,-0.9534316,-0.2954815,-0.06048796,0.0,0.0,0.0,0.0,0.0,0.0,0.0,3.464996,0.5698907,1.12782,0.8477204,0.02805068,-3.589364,0.1249042,-0.664757,0.0573587,0.7343074,15.05199,275.0494,355.1394,0.2676275,0.004498831,-0.9635116,-0.5141937,0.01700402,0.05530368,-0.5943375,-0.6884953,-4.411259,-0.2541183,-0.2590688,2.076425,0.1096165,-0.08182406,0.9906004,-0.2502997,0.9622179,0.107177,-0.9619431,-0.2596954,0.08499445,moving,86.36989,78.43083,-6.977309,-7.111858,85.54389806626865,77.82117330324333,126.61457669404004,125.59376403053247,84.7401820899016
05/18/2023 18:41:35.220957,4581,True,True,True,True,Eyes,0.8463076,0.02573011,-3.589861,-0.9534195,-0.2957121,-0.05954554,0.0,0.0,0.0,0.0,0.0,0.0,0.0,3.455855,0.5757928,1.139052,0.8389451,0.02763617,-3.587104,0.1258012,-0.662409,0.05742284,0.7362683,15.1485,275.3963,355.1204,0.2638512,0.004748318,-0.9645514,-0.483342,0.01598378,0.05198546,-0.6085895,-0.6900762,-4.399442,-0.2531319,-0.2565074,2.07656,0.1158338,-0.08210645,0.9898692,-0.2512209,0.9617534,0.1091721,-0.9609738,-0.2613217,0.09077673,moving,86.42625,78.61499,-6.950044,-7.041798,85.59287792952274,77.99484396129317,126.7131311729427,125.67984275653319,84.73103652767252
05/18/2023 18:41:35.241046,4582,True,True,True,True,Eyes,0.8450158,0.0256501,-3.589464,-0.9533331,-0.2962599,-0.05819092,0.0,0.0,0.0,0.0,0.0,0.0,0.0,3.44673,0.5777927,1.151724,0.8304715,0.02698923,-3.584668,0.1259311,-0.6600898,0.05730606,0.7383353,15.1658,275.7588,355.1484,0.2604259,0.004971394,-0.9654807,-0.4543415,0.01502475,0.04886634,-0.6228093,-0.6913266,-4.387828,-0.2520677,-0.2537431,2.076706,0.1219951,-0.08162952,0.9891683,-0.2508738,0.9617147,0.1103045,-0.9603018,-0.261613,0.09684581,moving,86.50703,78.88752,-6.920627,-6.966175,85.6629154850809,78.2517911765704,126.88413627267465,125.8324842731712,84.70048611823225
05/18/2023 18:41:35.251144,4583,True,True,True,True,Eyes,0.8434431,0.02554731,-3.588981,-0.9532455,-0.296841,-0.05664315,0.0,0.0,0.0,0.0,0.0,0.0,0.0,3.437457,0.5772181,1.165632,0.8218825,0.02633896,-3.58215,0.1259364,-0.6576218,0.05772499,0.740501,15.21456,276.1483,355.2357,0.2573097,0.005170078,-0.9663149,-0.427081,0.01412326,0.04593436,-0.6370862,-0.6924881,-4.376077,-0.251029,-0.251046,2.076847,0.1284029,-0.08014618,0.9884784,-0.2511278,0.9616157,0.1105896,-0.9593996,-0.2624344,0.1033473,moving,86.59941,79.19671,-6.891922,-6.892385,85.74305793404604,78.54331903417796,127.09036720795659,126.01785203373673,84.65762501015818
05/18/2023 18:41:35.271183,4584,True,True,True,True,Eyes,0.8416042,0.02541303,-3.588391,-0.953109,-0.2976291,-0.05477424,0.0,0.0,0.0,0.0,0.0,0.0,0.0,3.428006,0.5796736,1.178663,0.8135524,0.02569898,-3.579659,0.1263578,-0.6551725,0.05803026,0.7425735,15.28969,276.5221,355.2791,0.2544656,0.005346218,-0.9670667,-0.4014561,0.01327587,0.04317829,-0.6529365,-0.6906227,-4.363723,-0.2500089,-0.2483965,2.076986,0.1347632,-0.07938883,0.9876924,-0.2517557,0.9613324,0.1116202,-0.9583622,-0.2636995,0.1095656,moving,86.71088,79.57224,-6.863729,-6.81988,85.83971457219751,78.89738055408888,127.3570015648817,126.25916682380401,84.59467643951196
05/18/2023 18:41:35.291173,4585,True,True,True,True,Eyes,0.8395057,0.02525919,-3.587715,-0.9529649,-0.2984625,-0.05270724,0.0,0.0,0.0,0.0,0.0,0.0,0.0,3.418041,0.5842381,1.191803,0.8052146,0.024867,-3.577114,0.1270741,-0.652622,0.05833672,0.7446702,15.39074,276.9027,355.3012,0.2518606,0.005501252,-0.9677475,-0.3773688,0.01247932,0.0405876,-0.6696696,-0.6879725,-4.350251,-0.2490166,-0.2458217,2.077121,0.1413627,-0.07897953,0.9868024,-0.252746,0.960898,0.113113,-0.95715,-0.2654003,0.1158734,moving,86.83427,79.98506,-6.836304,-6.749406,85.9467621778172,79.28661974484311,127.65987633471462,126.53416572343025,84.51899165205423
05/18/2023 18:41:35.300885,4586,True,True,True,True,Eyes,0.8371661,0.02507705,-3.586892,-0.9528118,-0.2993537,-0.05036883,0.0,0.0,0.0,0.0,0.0,0.0,0.0,3.407791,0.5853716,1.206716,0.7968613,0.02425531,-3.574393,0.1274623,-0.6499255,0.05901245,0.7469055,15.49248,277.3152,355.3855,0.2494649,0.0056368,-0.968367,-0.3547266,0.01173056,0.03815234,-0.6855916,-0.6871915,-4.33627,-0.2479366,-0.2430126,2.077269,0.1482288,-0.07752848,0.9859096,-0.2538354,0.9605418,0.1136971,-0.9558222,-0.2671119,0.1227004,moving,86.97397,80.44895,-6.806453,-6.672507,86.06802673285348,79.72403568420984,128.00357810569898,126.8464882187627,84.43180086184415
05/18/2023 18:41:35.325979,4587,True,True,True,True,Eyes,0.8346024,0.02486067,-3.585981,-0.9526532,-0.300265,-0.04788241,0.0,0.0,0.0,0.0,0.0,0.0,0.0,3.398084,0.5801359,1.222491,0.7884697,0.02346754,-3.571523,0.1268325,-0.6473361,0.05970828,0.7492026,15.50659,277.7378,355.5515,0.2472526,0.005754061,-0.9689336,-0.333443,0.01102672,0.0358632,-0.7021486,-0.6857126,-4.321649,-0.2469143,-0.2403633,2.077407,0.1547817,-0.07473932,0.9851177,-0.2536737,0.9606969,0.1127438,-0.9548259,-0.2673491,0.1297389,moving,87.12261,80.93949,-6.778203,-6.599977,86.19710979989401,80.18660164917192,128.37648135349815,127.18615893196491,84.33340284838496
05/18/2023 18:41:35.342550,4588,True,True,True,True,Eyes,0.8318329,0.02460792,-3.584929,-0.952462,-0.3012835,-0.04521441,0.0,0.0,0.0,0.0,0.0,0.0,0.0,3.389691,0.5744963,1.234545,0.7804962,0.02242728,-3.56854,0.1263856,-0.6451287,0.06082245,0.75109,15.56495,278.0962,355.7313,0.2452,0.005853981,-0.9694545,-0.3134364,0.01036512,0.03371141,-0.7209376,-0.6791803,-4.306355,-0.2459229,-0.237786,2.077541,0.1602191,-0.07170374,0.9844738,-0.2544363,0.9606546,0.1113774,-0.9537255,-0.2683306,0.1356712,moving,87.28215,81.46516,-6.750806,-6.529405,86.33567488822618,80.68230009611224,128.78369572130302,127.55772979292688,84.22289890255617
05/18/2023 18:41:35.350845,4589,True,True,True,True,Eyes,0.8288481,0.02434246,-3.583793,-0.9522597,-0.3023245,-0.04244079,0.0,0.0,0.0,0.0,0.0,0.0,0.0,3.380958,0.5748306,1.244471,0.7724996,0.02138256,-3.565501,0.1269515,-0.6429096,0.06203124,0.7527966,15.71772,278.4289,355.8392,0.2432867,0.005937341,-0.9699358,-0.2946303,0.009743214,0.03168873,-0.7373135,-0.6784357,-4.290241,-0.2448505,-0.2350018,2.077687,0.1656388,-0.06984283,0.9837102,-0.2566305,0.9600709,0.1113763,-0.9522104,-0.2708982,0.1411012,moving,87.4481,82.00895,-6.721172,-6.453151,86.47986483166356,81.19510626141214,129.2029221896478,127.94002605697638,84.11017097995187
05/18/2023 18:41:35.370908,4590,True,True,True,True,Eyes,0.8256633,0.02404808,-3.58255,-0.9521009,-0.3032221,-0.03949928,0.0,0.0,0.0,0.0,0.0,0.0,0.0,3.37124,0.5801926,1.254266,0.7643087,0.02082562,-3.562368,0.1277896,-0.6406526,0.06214458,0.7545676,15.81177,278.7561,355.8307,0.2414942,0.006005451,-0.9703833,-0.2769524,0.009158621,0.0297874,-0.7538345,-0.6785533,-4.272851,-0.2438237,-0.2323383,2.077827,0.1714047,-0.06995284,0.9827141,-0.257522,0.9596158,0.1132255,-0.9509484,-0.2724778,0.1464682,moving,87.62437,82.57815,-6.692796,-6.380192,86.63318292467169,81.73193336000043,129.65074011998743,128.34907470529225,83.98643896385137
05/18/2023 18:41:35.391157,4591,True,True,True,True,Eyes,0.8222862,0.02372849,-3.58123,-0.9519609,-0.3040342,-0.03651664,0.0,0.0,0.0,0.0,0.0,0.0,0.0,3.362821,0.5813093,1.262495,0.7561878,0.01985225,-3.559237,0.127254,-0.6389121,0.06098688,0.7562264,15.68785,279.0355,355.8084,0.2398057,0.006059084,-0.9708017,-0.2603353,0.008609103,0.02800016,-0.7713357,-0.6766599,-4.254279,-0.2428539,-0.2298175,2.077959,0.1761441,-0.07036849,0.9818459,-0.254848,0.960174,0.1145352,-0.9508026,-0.2703962,0.1511957,moving,87.80325,83.15118,-6.665998,-6.311134,86.78885942171111,82.27240522768773,130.10743423771027,128.76666415581187,83.85818896195624
05/18/2023 18:41:35.401598,4592,True,True,True,True,Eyes,0.8187237,0.02337936,-3.579784,-0.951866,-0.3046858,-0.0334337,0.0,0.0,0.0,0.0,0.0,0.0,0.0,3.355109,0.5838458,1.268142,0.7481672,0.01892126,-3.55608,0.1271221,-0.6373681,0.06006842,0.7576239,15.61624,279.2738,355.7705,0.2382063,0.006099009,-0.971195,-0.2447152,0.008092557,0.02632015,-0.7887689,-0.6758083,-4.234025,-0.2418117,-0.2271103,2.0781,0.1803076,-0.07102863,0.9810424,-0.2530657,0.9604635,0.1160501,-0.9504983,-0.2691929,0.1552039,moving,87.98835,83.73788,-6.637198,-6.236958,86.95006914569187,82.82581510348982,130.5736030269003,129.1927015147636,83.72835572825309
05/18/2023 18:41:35.421125,4593,True,True,True,True,Eyes,0.8149746,0.02299775,-3.578253,-0.9518101,-0.3051827,-0.03034921,0.0,0.0,0.0,0.0,0.0,0.0,0.0,3.348167,0.585327,1.271567,0.7399296,0.01789972,-3.552731,0.1268137,-0.6360855,0.05905875,0.7588317,15.5211,279.4758,355.7326,0.2366831,0.006125815,-0.9715672,-0.2300323,0.007607004,0.02474094,-0.8034631,-0.6807455,-4.212711,-0.240753,-0.2243613,2.078245,0.1838145,-0.07169735,0.9803427,-0.25096,0.9608607,0.1173276,-0.9503848,-0.2675933,0.158627,moving,88.1737,84.32084,-6.607941,-6.161624,87.1115835922049,83.37572992761478,131.03677255703522,129.61592123712217,83.59991602742775
05/18/2023 18:41:35.441266,4594,True,True,True,True,Eyes,0.811049,0.02259164,-3.576663,-0.9518011,-0.305513,-0.02713862,0.0,0.0,0.0,0.0,0.0,0.0,0.0,3.342509,0.5804479,1.273981,0.7316867,0.01670873,-3.549179,0.1254486,-0.6351505,0.057937,0.7599277,15.32306,279.6514,355.7603,0.2352241,0.006139941,-0.9719214,-0.2162303,0.007150583,0.02325649,-0.823686,-0.6720518,-4.190234,-0.239747,-0.2217479,2.078382,0.1864544,-0.07130168,0.9798729,-0.2474134,0.9618118,0.1170664,-0.9508005,-0.2642612,0.1616931,moving,88.36678,84.92376,-6.580142,-6.089996,87.27991751179894,83.94450499533875,131.52346474489494,130.06122458687713,83.46251286109177
05/18/2023 18:41:35.450904,4595,True,True,True,True,Eyes,0.8069526,0.02217286,-3.57498,-0.9518081,-0.305758,-0.02394812,0.0,0.0,0.0,0.0,0.0,0.0,0.0,3.337786,0.5730288,1.274854,0.7237092,0.01558188,-3.545481,0.1240589,-0.634402,0.05745057,0.7608173,15.16893,279.8005,355.8416,0.2338188,0.006141993,-0.9722604,-0.2032565,0.006721548,0.0218611,-0.8569875,-0.6277214,-4.168381,-0.238708,-0.2190521,2.078523,0.188467,-0.06998762,0.9795825,-0.2448252,0.9626176,0.1158788,-0.9510735,-0.2616658,0.1642869,moving,88.5587,85.52152,-6.55143,-6.0161,87.44726961596972,84.5084235609242,132.004063209741,130.5007467236323,83.32815429644839
05/18/2023 18:41:35.473135,4596,True,True,True,True,Eyes,0.8027017,0.02174683,-3.573167,-0.9518591,-0.3058435,-0.02059443,0.0,0.0,0.0,0.0,0.0,0.0,0.0,3.332788,0.5662099,1.275515,0.7155014,0.01483546,-3.541588,0.122928,-0.6335903,0.05714886,0.7616996,15.05145,279.9526,355.9198,0.2324567,0.006132838,-0.972587,-0.1910611,0.006318255,0.02054943,-0.8695287,-0.6376954,-4.143021,-0.2376958,-0.2164219,2.078661,0.1905948,-0.06871145,0.9792612,-0.2428325,0.9632455,0.1148505,-0.9511604,-0.2596863,0.1669042,moving,88.76054,86.14772,-6.52346,-5.943991,87.62331900894209,85.09919009189721,132.5138630140542,130.96746474254806,83.18387402315702
05/18/2023 18:41:35.491015,4597,True,True,True,True,Eyes,0.7983148,0.02133271,-3.571224,-0.9519851,-0.3056574,-0.01726165,0.0,0.0,0.0,0.0,0.0,0.0,0.0,3.327513,0.5560757,1.277972,0.7073416,0.01431137,-3.537546,0.1210042,-0.6327625,0.05634458,0.7627549,14.82684,280.1248,356.0151,0.2311311,0.006113412,-0.972903,-0.1795975,0.00593916,0.01931646,-0.8788779,-0.657854,-4.117101,-0.2366669,-0.2137495,2.078802,0.1928739,-0.06717964,0.9789211,-0.2390881,0.9643665,0.1132876,-0.9516494,-0.2558986,0.1699393,moving,88.96121,86.76772,-6.49503,-5.870716,87.79839722924457,85.68412641427646,133.0179445769017,131.42883849498116,83.04259845650091
05/18/2023 18:41:35.501464,4598,True,True,True,True,Eyes,0.7937819,0.02091448,-3.569169,-0.9521464,-0.3053336,-0.01373489,0.0,0.0,0.0,0.0,0.0,0.0,0.0,3.323104,0.5359902,1.279889,0.6996991,0.01410438,-3.532512,0.1172859,-0.6324337,0.05501124,0.7637051,14.40211,280.2615,356.192,0.2298354,0.006085078,-0.9732102,-0.1688216,0.00558281,0.01815748,-0.912984,-0.6026433,-4.097911,-0.2356061,-0.2109978,2.078945,0.1940026,-0.06432635,0.9788898,-0.2323758,0.9664356,0.1095617,-0.9530817,-0.2487256,0.1725431,moving,89.17356,87.42439,-6.465724,-5.795259,87.98365469239494,86.30365457079225,133.55439192971474,131.92003265728707,82.89217814821764
05/18/2023 18:41:35.521103,4599,True,True,True,True,Eyes,0.7891065,0.02058724,-3.567013,-0.9522923,-0.3050165,-0.01022418,0.0,0.0,0.0,0.0,0.0,0.0,0.0,3.317615,0.5204664,1.283113,0.6916667,0.0135355,-3.527782,0.1140971,-0.6317672,0.05349681,0.7648465,14.01221,280.4334,356.3166,0.2285633,0.006048622,-0.97351,-0.1586923,0.005247842,0.01706803,-0.9194809,-0.6237756,-4.073131,-0.2346017,-0.2083896,2.079082,0.1960168,-0.06233192,0.9786174,-0.2259993,0.9682399,0.1069385,-0.9542021,-0.2421286,0.1757042,moving,89.38488,88.08016,-6.437971,-5.723726,88.1679697088758,86.9223167149748,134.09395140150505,132.41439970092475,82.73996853423395
05/18/2023 18:41:35.541014,4600,True,True,True,True,Eyes,0.7842337,0.02046153,-3.564783,-0.9523835,-0.3048322,-0.006556439,0.0,0.0,0.0,0.0,0.0,0.0,0.0,3.311493,0.5124781,1.28534,0.6835527,0.01537806,-3.523243,0.1135081,-0.6306758,0.05387369,0.7658077,13.99307,280.6141,356.4158,0.2273089,0.006007341,-0.9738039,-0.1491708,0.004932971,0.01604395,-0.9402809,-0.6132441,-4.046187,-0.2335849,-0.20575,2.079221,0.1986913,-0.06065988,0.978183,-0.2256874,0.9684271,0.1058971,-0.9537225,-0.2418045,0.1787279,moving,89.60557,88.76785,-6.409877,-5.651326,88.36040275160197,87.57107163892046,134.66234387952997,132.93540290586967,82.57882695026238
05/18/2023 18:41:35.550992,4601,True,True,True,True,Eyes,0.7792054,0.02021356,-3.562444,-0.9527895,-0.3036177,-0.002903008,0.0,0.0,0.0,0.0,0.0,0.0,0.0,3.303741,0.5101695,1.287536,0.6741937,0.02004545,-3.518209,0.1134202,-0.6294444,0.05264669,0.7669184,13.90097,280.7987,356.3361,0.2260653,0.005967237,-0.9740936,-0.1402205,0.004636993,0.01508131,-0.9596319,-0.594406,-4.025121,-0.2325481,-0.2030591,2.079361,0.2020563,-0.06203203,0.9774074,-0.2235349,0.9687284,0.1076918,-0.9535226,-0.2402445,0.1818713,moving,89.82543,89.45219,-6.381233,-5.577508,88.55212672323245,88.21667184074725,135.22708866039662,133.45295410870114,82.42304336853746
05/18/2023 18:41:35.570903,4602,True,True,True,True,Eyes,0.7741352,0.01999681,-3.560037,-0.9529728,-0.3030544,0.0009150028,0.0,0.0,0.0,0.0,0.0,0.0,0.0,3.301246,0.4703036,1.291061,0.6654935,0.01662892,-3.513273,0.1023243,-0.6302017,0.04456291,0.7683683,12.32243,280.9007,356.4503,0.2248278,0.005924854,-0.9743801,-0.1318073,0.004358773,0.01417643,-0.9587556,-0.6373109,-3.998157,-0.2315078,-0.2003548,2.079503,0.20172,-0.06048846,0.9775736,-0.1974514,0.9750877,0.1010783,-0.9593341,-0.2134128,0.1847512,moving,-89.94498,-89.82701,-6.352492,-5.503316,-75.5111722576396,-83.71062421559293,118.73579670779904,104.39974192165026,82.25561657141718
05/18/2023 18:41:35.591133,4603,True,True,True,True,Eyes,0.7689003,0.02000099,-3.557543,-0.9529322,-0.3031463,0.004761958,0.0,0.0,0.0,0.0,0.0,0.0,0.0,3.294517,0.4768929,1.290351,0.6595154,0.01720375,-3.508706,0.1052196,-0.6289237,0.04746434,0.7688506,12.7971,281.0418,356.5099,0.223595,0.005881284,-0.974664,-0.1238988,0.004097247,0.01332584,-0.9760425,-0.6271162,-3.976931,-0.2304647,-0.1976471,2.079645,0.2044043,-0.05936427,0.9770849,-0.2053362,0.973352,0.1020934,-0.9571082,-0.2214992,0.1867677,moving,-89.71369,-89.10004,-6.323674,-5.429019,-75.30961637352253,-83.02485912785194,118.13015924675078,103.82761988175464,82.08429705878547
05/18/2023 18:41:35.601610,4604,True,True,True,True,Eyes,0.7634797,0.02000014,-3.554956,-0.9532286,-0.3021203,0.008869266,0.0,0.0,0.0,0.0,0.0,0.0,0.0,3.279036,0.5174637,1.297133,0.6502402,0.02268295,-3.50415,0.1140614,-0.6253051,0.05003234,0.7703768,13.7869,281.4003,356.1294,0.2223622,0.005842714,-0.9749463,-0.1164649,0.003851412,0.01252629,-1.000913,-0.5917026,-3.952867,-0.2294291,-0.1949571,2.079785,0.2129805,-0.06555887,0.9748546,-0.2197339,0.9689735,0.1131696,-0.9520276,-0.2383115,0.191967,moving,-89.46691,-88.31847,-6.295065,-5.355203,-75.09467533929819,-82.28763185644718,117.47535687120646,103.2084540751947,81.90148330024925
05/18/2023 18:41:35.621402,4605,True,True,True,True,Eyes,0.7580143,0.02000775,-3.552275,-0.9534709,-0.3012051,0.01299267,0.0,0.0,0.0,0.0,0.0,0.0,0.0,3.278296,0.4641713,1.299623,0.640642,0.02224375,-3.498683,0.1004428,-0.6266133,0.04039677,0.771774,11.86841,281.4658,356.2783,0.2211248,0.005808527,-0.9752278,-0.109477,0.003620327,0.01177472,-1.007368,-0.6097409,-3.927917,-0.2284029,-0.1922927,2.079925,0.2114478,-0.06352321,0.9753228,-0.1882319,0.9765587,0.104412,-0.9590926,-0.2056646,0.1945341,moving,-89.2193,-87.53004,-6.266715,-5.282081,-74.8790926004106,-81.54396437627811,116.81548749137636,102.58427372691376,81.7167808049198
05/18/2023 18:41:35.641184,4606,True,True,True,True,Eyes,0.7524384,0.02009575,-3.549511,-0.9534872,-0.300946,0.01713333,0.0,0.0,0.0,0.0,0.0,0.0,0.0,3.270174,0.4555901,1.306673,0.634073,0.02245213,-3.493771,0.1000435,-0.6249629,0.04198972,0.7730781,11.95637,281.7262,356.4765,0.2198828,0.005778548,-0.9755087,-0.1029084,0.003403108,0.01106823,-1.017804,-0.6160501,-3.904636,-0.2274044,-0.1896995,2.080061,0.2153165,-0.06012423,0.9746918,-0.1899696,0.9764563,0.1021988,-0.9578885,-0.2071668,0.1988254,moving,-88.97056,-86.74158,-6.239128,-5.210903,-74.66245754048072,-80.80024294585971,116.15395444344094,101.95832648124411,81.52751753109314
05/18/2023 18:41:35.656760,4607,True,True,True,True,Eyes,0.7524384,0.02009575,-3.549511,-0.9534872,-0.300946,0.01713333,0.0,0.0,0.0,0.0,0.0,0.0,0.0,3.25781,0.4788852,1.31265,0.6257715,0.02460718,-3.489056,0.106706,-0.621914,0.04653191,0.7743846,12.89357,282.0603,356.4324,0.2186334,0.005754577,-0.9757897,0.0,0.0,0.0,-1.037617,-0.5922567,-3.8838,-0.2263606,-0.1869896,2.080204,0.2221156,-0.06065667,0.9731317,-0.2047911,0.9728972,0.1073852,-0.9532707,-0.2231406,0.2036737,moving,-88.97056,-86.74158,-6.210294,-5.136514,-74.66245754048072,-80.80024294585971,116.22671132426966,102.03283085049264,81.57650761993128
05/18/2023 18:41:35.671047,4608,True,True,True,True,Eyes,0.7524384,0.02009575,-3.549511,-0.9534872,-0.300946,0.01713333,0.0,0.0,0.0,0.0,0.0,0.0,0.0,3.250784,0.4524103,1.320679,0.6164394,0.02587147,-3.483647,0.09950324,-0.6212252,0.04053714,0.7762313,11.82016,282.2906,356.4448,0.217509,0.005733,-0.9760411,0.0,0.0,0.0,-1.049332,-0.5916688,-3.860551,-0.2253088,-0.1842578,2.080347,0.2248719,-0.06069545,0.9724961,-0.1865602,0.9769117,0.1041097,-0.9563618,-0.2048405,0.2083566,moving,-88.97056,-86.74158,-6.181241,-5.061521,-74.66245754048072,-80.80024294585971,116.30005751815965,102.10793808933985,81.62589840549626
05/18/2023 18:41:35.690964,4609,True,True,True,True,Eyes,0.7524384,0.02009575,-3.549511,-0.9534872,-0.300946,0.01713333,0.0,0.0,0.0,0.0,0.0,0.0,0.0,3.241869,0.4385073,1.331037,0.609189,0.02464721,-3.478785,0.09588599,-0.6196609,0.03830235,0.7780485,11.34269,282.5862,356.5366,0.2164969,0.005713578,-0.9762662,0.0,0.0,0.0,-1.057716,-0.600834,-3.836477,-0.2242951,-0.1816263,2.080484,0.2291069,-0.05923139,0.9715976,-0.1784357,0.9786776,0.101739,-0.9569069,-0.1966768,0.2136528,moving,-88.97056,-86.74158,-6.153241,-4.989275,-74.66245754048072,-80.80024294585971,116.37073386019694,102.18030931582975,81.67350544241968
05/18/2023 18:41:35.701440,4610,True,True,True,True,Eyes,0.7524384,0.02009575,-3.549511,-0.9534872,-0.300946,0.01713333,0.0,0.0,0.0,0.0,0.0,0.0,0.0,3.2286,0.4534261,1.342193,0.6012844,0.02521615,-3.474011,0.09953356,-0.6166031,0.04037387,0.7799127,11.83209,282.9769,356.499,0.2155856,0.005696089,-0.976468,0.0,0.0,0.0,-1.068906,-0.5999876,-3.812708,-0.2232223,-0.1788403,2.08063,0.236341,-0.05976924,0.9698302,-0.1857216,0.9769261,0.1054657,-0.953756,-0.2050443,0.2197873,moving,-88.97056,-86.74158,-6.123607,-4.912778,-74.66245754048072,-80.80024294585971,116.44556864964598,102.25693800089772,81.72392011793113
05/18/2023 18:41:35.721056,4611,True,True,True,True,Eyes,0.7454291,0.02020439,-3.545918,-0.9537171,-0.299899,0.02200844,0.0,0.0,0.0,0.0,0.0,0.0,0.0,3.216748,0.4511645,1.354748,0.5924429,0.02563497,-3.469108,0.09748006,-0.6143363,0.03708211,0.7821214,11.42261,283.3411,356.3872,0.2147654,0.005680345,-0.9766488,0.0,0.0,0.0,-1.07762,-0.6050981,-3.788575,-0.2222296,-0.1762624,2.080765,0.2424319,-0.06176563,0.9682004,-0.1777765,0.9782451,0.1069207,-0.9537413,-0.1980442,0.2261773,moving,-88.67805,-85.8028,-6.096189,-4.841987,-74.40792408359191,-79.91481454210982,115.64781453985324,101.50085017032225,81.49452719274203
05/18/2023 18:41:35.741245,4612,True,True,True,True,Eyes,0.7383727,0.02032436,-3.542357,-0.9537874,-0.2992851,0.02679574,0.0,0.0,0.0,0.0,0.0,0.0,0.0,3.207431,0.4440174,1.363261,0.584703,0.02488603,-3.46421,0.09516274,-0.6126665,0.03502627,0.7838093,11.07523,283.6243,356.3955,0.2138625,0.005669936,-0.976847,0.0,0.0,0.0,-1.085082,-0.613349,-3.765111,-0.221247,-0.1737107,2.080898,0.2468259,-0.06169821,0.9670937,-0.1715139,0.9794344,0.10626,-0.9537609,-0.1920977,0.2311677,moving,-88.39075,-84.88381,-6.069049,-4.771913,-74.15786530945212,-79.04802956529366,114.86852700575562,100.76223696625341,81.26826330602633
05/18/2023 18:41:35.750875,4613,True,True,True,True,Eyes,0.7312699,0.02048334,-3.538739,-0.9537953,-0.2987866,0.03163805,0.0,0.0,0.0,0.0,0.0,0.0,0.0,3.193349,0.4628524,1.375055,0.577011,0.02529296,-3.45961,0.09970918,-0.6093387,0.03765487,0.785714,11.68758,284.0376,356.35,0.2128831,0.005664643,-0.977061,0.0,0.0,0.0,-1.091511,-0.6229658,-3.742308,-0.2201746,-0.1709252,2.081045,0.2545769,-0.06234141,0.965041,-0.1806853,0.9772804,0.1107967,-0.9500229,-0.202575,0.2375288,moving,-88.10016,-83.95557,-6.039427,-4.69541,-73.90491855417217,-78.17251093653148,114.08828539215973,100.02304387453248,81.0426120852453
05/18/2023 18:41:35.771271,4614,True,True,True,True,Eyes,0.7241309,0.02061951,-3.535088,-0.9538999,-0.2979016,0.03646417,0.0,0.0,0.0,0.0,0.0,0.0,0.0,3.180997,0.4665982,1.3865,0.5687738,0.02640802,-3.454654,0.1007455,-0.6066287,0.03805372,0.7876573,11.82218,284.4175,356.3516,0.2118328,0.005665054,-0.9772893,0.0,0.0,0.0,-1.097077,-0.6347702,-3.721637,-0.2191727,-0.168324,2.081181,0.261107,-0.0622837,0.9632984,-0.1821768,0.9768046,0.112537,-0.9479635,-0.2048748,0.2437038,moving,-87.81085,-83.02151,-6.011757,-4.623965,-73.65327616238702,-77.29157388090312,113.3016622898785,99.27717005970445,80.8155087741626
05/18/2023 18:41:35.791029,4615,True,True,True,True,Eyes,0.7169846,0.02074914,-3.531386,-0.953883,-0.2973104,0.04139793,0.0,0.0,0.0,0.0,0.0,0.0,0.0,3.169352,0.4533161,1.401984,0.5609346,0.02592751,-3.449714,0.09787816,-0.6041374,0.03691139,0.7899845,11.49273,284.8334,356.493,0.2107182,0.005669987,-0.9775302,0.0,0.0,0.0,-1.102551,-0.6450152,-3.703738,-0.2181302,-0.1656179,2.081323,0.267311,-0.05994486,0.9617441,-0.1765826,0.9781148,0.1100453,-0.9472929,-0.1992436,0.2508756,moving,-87.51496,-82.07302,-5.982965,-4.549631,-73.39577969396825,-76.39697918823367,112.5048534540859,98.5217185530408,80.5831651015945
05/18/2023 18:41:35.810922,4616,True,True,True,True,Eyes,0.7097968,0.02086795,-3.527625,-0.9538514,-0.2966814,0.04634324,0.0,0.0,0.0,0.0,0.0,0.0,0.0,3.155457,0.4558495,1.41753,0.5535825,0.02595392,-3.444847,0.09968834,-0.6007802,0.03960406,0.7921849,11.86052,285.3007,356.659,0.2095449,0.005678828,-0.9777822,0.0,0.0,0.0,-1.110254,-0.6510186,-3.688274,-0.2171239,-0.1630052,2.08146,0.2749894,-0.05703406,0.9597541,-0.182529,0.9769875,0.1103565,-0.9439619,-0.2055299,0.2582507,moving,-87.21845,-81.12183,-5.95517,-4.477858,-73.1377573502797,-75.4998430044425,111.70505413943984,97.76309322566065,80.34841902640015
05/18/2023 18:41:35.821031,4617,True,True,True,True,Eyes,0.529789,0.02306636,-3.432543,-0.9443072,-0.2801303,0.1726584,0.0,0.0,0.0,0.0,0.0,0.0,0.0,3.14095,0.4562178,1.434169,0.5453452,0.02583399,-3.439836,0.1001292,-0.597418,0.04044513,0.7946258,11.9733,285.7863,356.7558,0.2083178,0.005690908,-0.9780445,0.0,0.0,0.0,-1.119419,-0.6506685,-3.672423,-0.2160957,-0.1603352,2.0816,0.2829118,-0.05536051,0.957547,-0.1839155,0.9766766,0.1108052,-0.9413481,-0.2074558,0.2661317,moving,-79.63841,-58.35238,-5.926779,-4.404509,-66.51193303902821,-54.01328588126687,91.34427913182522,78.30448029064553,73.15075686473357
05/18/2023 18:41:35.841082,4618,True,True,True,True,Eyes,0.529494,0.02304828,-3.432361,-0.9441875,-0.2803836,0.1729014,0.0,0.0,0.0,0.0,0.0,0.0,0.0,3.125469,0.4620337,1.451756,0.5378224,0.02518789,-3.435076,0.100729,-0.593972,0.04013654,0.7971449,12.02106,286.275,356.737,0.2016552,0.005808028,-0.9794391,-0.5400233,0.006595206,0.2852468,-1.129695,-0.6470144,-3.656283,-0.2150494,-0.1576183,2.081742,0.2911727,-0.05567111,0.9550492,-0.1836496,0.9764854,0.1129112,-0.9388776,-0.2082711,0.2741019,moving,-79.62286,-58.33952,-5.897885,-4.329867,-66.49769087893773,-54.0008924700532,91.39154531974516,78.35526302560416,73.18368678043275
05/18/2023 18:41:35.858173,4619,True,True,True,True,Eyes,0.5288984,0.02304836,-3.432001,-0.9439437,-0.2809016,0.1733912,0.0,0.0,0.0,0.0,0.0,0.0,0.0,3.109036,0.4839551,1.466697,0.5303801,0.0248194,-3.430685,0.1050294,-0.5901207,0.04175544,0.7993641,12.54433,286.7584,356.6404,0.1960765,0.005904486,-0.9805706,-0.5076219,0.006199493,0.268132,-1.139606,-0.6441913,-3.641034,-0.2140232,-0.1549537,2.081882,0.3000281,-0.0572044,0.9522137,-0.1907156,0.9744506,0.1186319,-0.9346715,-0.2171949,0.2814528,moving,-79.59148,-58.31435,-5.869546,-4.256655,-66.46893510797484,-53.97661405741153,91.41749253514548,78.38596997505624,73.2006983563271
05/18/2023 18:41:35.871129,4620,True,True,True,True,Eyes,0.5280021,0.02303889,-3.431501,-0.9437429,-0.2811401,0.1740961,0.0,0.0,0.0,0.0,0.0,0.0,0.0,3.0939,0.5020522,1.479015,0.5225317,0.02531754,-3.426087,0.1086226,-0.586666,0.04285224,0.8013664,12.96601,287.1926,356.5425,0.1913821,0.005984638,-0.9814972,-0.4771646,0.005827523,0.2520441,-1.14823,-0.6454424,-3.625583,-0.2130078,-0.1523166,2.08202,0.3079734,-0.05876973,0.9495782,-0.1961311,0.9727297,0.1238131,-0.9309592,-0.2243729,0.2880482,moving,-79.54792,-58.23213,-5.841506,-4.184196,-66.42992535816161,-53.89865594876205,91.39920477995284,78.374001354515,73.20549102695539
05/18/2023 18:41:35.891005,4621,True,True,True,True,Eyes,0.5268498,0.0230044,-3.430837,-0.9434524,-0.2815569,0.1749952,0.0,0.0,0.0,0.0,0.0,0.0,0.0,3.081085,0.5063416,1.490916,0.5146809,0.02505237,-3.421516,0.109013,-0.5838937,0.04232243,0.8033637,12.97805,287.5829,356.5109,0.1874078,0.006051257,-0.9822633,-0.4485347,0.005477872,0.2369215,-1.157339,-0.6443783,-3.609229,-0.2119942,-0.1496836,2.082158,0.3145539,-0.05930342,0.9473854,-0.1953047,0.9726499,0.1257306,-0.9289306,-0.2245778,0.2943686,moving,-79.49198,-58.13794,-5.813517,-4.111845,-66.37961006844998,-53.80921007203694,91.36375020209816,78.34589794417741,73.19850659769455
05/18/2023 18:41:35.901914,4622,True,True,True,True,Eyes,0.5254536,0.0229787,-3.429994,-0.9431933,-0.2817619,0.1760588,0.0,0.0,0.0,0.0,0.0,0.0,0.0,3.068575,0.5163529,1.500295,0.5073588,0.02445877,-3.416964,0.1111347,-0.5811019,0.04337926,0.8050392,13.25888,287.948,356.5061,0.1838554,0.006109233,-0.9829341,-0.4216226,0.0051492,0.2227062,-1.166054,-0.6445469,-3.59172,-0.210948,-0.1469666,2.0823,0.3208778,-0.0593172,0.9452613,-0.1990052,0.9715347,0.12852,-0.9259776,-0.2293511,0.2999394,moving,-79.42671,-58.00082,-5.784628,-4.037182,-66.32142533497797,-53.6793665740161,91.29748335792048,78.28825148677724,73.18400685466165
05/18/2023 18:41:35.921118,4623,True,True,True,True,Eyes,0.5238099,0.02296102,-3.428986,-0.9428636,-0.2820794,0.1773119,0.0,0.0,0.0,0.0,0.0,0.0,0.0,3.055419,0.5348542,1.507945,0.4998125,0.02471372,-3.412496,0.1152448,-0.5780652,0.04528891,0.8065409,13.78381,288.3105,356.4472,0.1806207,0.00616081,-0.9835332,-0.3963253,0.004840248,0.2093438,-1.174158,-0.6454298,-3.574905,-0.2098937,-0.1442297,2.082444,0.327579,-0.06018326,0.9429051,-0.2062927,0.9693351,0.1335393,-0.9220279,-0.2382591,0.3051184,moving,-79.34953,-57.847,-5.75552,-3.96197,-66.25246377369056,-53.53361861699699,91.2122511836047,78.21271349700186,73.15861088151705
05/18/2023 18:41:35.941250,4624,True,True,True,True,Eyes,0.5219506,0.02294282,-3.427777,-0.9425749,-0.2820765,0.178845,0.0,0.0,0.0,0.0,0.0,0.0,0.0,3.041906,0.545413,1.517892,0.4922015,0.02491597,-3.407606,0.1170683,-0.5751933,0.04534144,0.8083267,13.9703,288.6854,356.374,0.1776662,0.006206903,-0.9840709,-0.3725457,0.004549833,0.1967832,-1.181862,-0.6474321,-3.557947,-0.2088875,-0.1416172,2.08258,0.3341937,-0.06137235,0.9405041,-0.2079751,0.9684783,0.1370986,-0.919272,-0.241419,0.3108954,moving,-79.25636,-57.62407,-5.727739,-3.890173,-66.16992966505167,-53.32281514624015,91.07024647473098,78.08229326773579,73.11545695329532
05/18/2023 18:41:35.951464,4625,True,True,True,True,Eyes,0.5198736,0.0229136,-3.426417,-0.9421884,-0.2822433,0.1806093,0.0,0.0,0.0,0.0,0.0,0.0,0.0,3.027177,0.5533251,1.531264,0.4846616,0.02491919,-3.402825,0.1183144,-0.5719735,0.04528882,0.8104302,14.09788,289.1208,356.3385,0.1749588,0.006248104,-0.9845556,-0.350193,0.004276843,0.1849762,-1.189422,-0.6492932,-3.539505,-0.2078086,-0.1388159,2.082727,0.3415905,-0.06193858,0.9378058,-0.2087523,0.9679013,0.1399632,-0.9163725,-0.2435792,0.317696,moving,-79.14854,-57.38456,-5.697952,-3.813182,-66.07406338361564,-53.09615681380837,90.91139322639725,77.93642558075929,73.0617935420099
05/18/2023 18:41:35.971112,4626,True,True,True,True,Eyes,0.5198736,0.0229136,-3.426417,-0.9421884,-0.2822433,0.1806093,0.0,0.0,0.0,0.0,0.0,0.0,0.0,3.01128,0.5634465,1.54561,0.4773122,0.02466172,-3.397904,0.1202739,-0.568422,0.04604726,0.812595,14.34834,289.5921,356.3369,0.1724685,0.006284626,-0.9849946,-0.3291814,0.004020232,0.1738776,-1.197755,-0.6488007,-3.520388,-0.2068125,-0.1362278,2.082864,0.3495523,-0.06189715,0.9348701,-0.2115682,0.9668277,0.1431194,-0.912717,-0.2478165,0.3248613,moving,-79.14854,-57.38456,-5.670449,-3.742049,-66.07406338361564,-53.09615681380837,90.97553980817811,78.00272167496182,73.10763960505295
05/18/2023 18:41:35.991027,4627,True,True,True,True,Eyes,0.5198736,0.0229136,-3.426417,-0.9421884,-0.2822433,0.1806093,0.0,0.0,0.0,0.0,0.0,0.0,0.0,2.995028,0.5739046,1.560466,0.4702181,0.02419228,-3.393069,0.1221765,-0.5648066,0.04668901,0.8147924,14.58627,290.0716,356.3311,0.1702261,0.006317462,-0.9853845,-0.3094305,0.003779018,0.163445,-1.205101,-0.6500698,-3.503409,-0.2057907,-0.1335754,2.083002,0.3576272,-0.06192851,0.9318089,-0.2140959,0.9657861,0.1463564,-0.9089917,-0.2518375,0.3321327,moving,-79.14854,-57.38456,-5.642241,-3.669147,-66.07406338361564,-53.09615681380837,91.04131801790861,78.07070164753982,73.1546680819532
05/18/2023 18:41:36.001708,4628,True,True,True,True,Eyes,0.5170297,0.02285933,-3.424488,-0.9415714,-0.2825347,0.1833507,0.0,0.0,0.0,0.0,0.0,0.0,0.0,2.978385,0.5855708,1.575063,0.4631746,0.02395059,-3.388125,0.1244709,-0.5610967,0.04763965,0.8169504,14.88228,290.5567,356.3312,0.1682071,0.006346989,-0.985731,-0.2908647,0.003552277,0.1536383,-1.211411,-0.654318,-3.487576,-0.2047636,-0.1309096,2.083141,0.3658021,-0.06184193,0.9286358,-0.2175189,0.9644749,0.1499122,-0.9049167,-0.256834,0.3393551,moving,-78.98078,-57.01848,-5.613888,-3.595875,-65.9247762042026,-52.74965218406628,90.75613239184274,77.80422255533858,73.04144774270443
05/18/2023 18:41:36.021214,4629,True,True,True,True,Eyes,0.5140048,0.02280483,-3.42242,-0.9408919,-0.2828576,0.1863175,0.0,0.0,0.0,0.0,0.0,0.0,0.0,2.961512,0.5970563,1.589234,0.4557194,0.02408825,-3.382963,0.1265927,-0.5574054,0.04814951,0.8191184,15.13335,291.0386,356.3028,0.1663177,0.006372425,-0.9860514,-0.2734128,0.00333914,0.14442,-1.218686,-0.655611,-3.471957,-0.2037274,-0.1282177,2.083282,0.3739617,-0.06224658,0.9253529,-0.2200072,0.9633119,0.1537112,-0.9009714,-0.2610664,0.346547,moving,-78.79907,-56.62722,-5.585286,-3.521886,-65.76297414631871,-52.37925880749754,90.44575538326944,77.51385055773186,72.91543354659186
05/18/2023 18:41:36.041111,4630,True,True,True,True,Eyes,0.5108014,0.02273661,-3.420228,-0.9402159,-0.282905,0.1896278,0.0,0.0,0.0,0.0,0.0,0.0,0.0,2.943561,0.6036861,1.606495,0.4483038,0.02403755,-3.377611,0.1273551,-0.5535894,0.04769326,0.8216113,15.19338,291.5605,356.2787,0.1645403,0.006394206,-0.9863493,-0.257008,0.003138792,0.1357548,-1.228438,-0.6498013,-3.457642,-0.2027072,-0.1255697,2.08342,0.3825283,-0.06263425,0.9218184,-0.2193756,0.963012,0.1564679,-0.8975225,-0.2620777,0.354639,moving,-78.59725,-56.16654,-5.557124,-3.449099,-65.58376661037043,-51.943425426565575,90.07768087425629,77.16798247096678,72.76907220871291
05/18/2023 18:41:36.056953,4631,True,True,True,True,Eyes,0.5074359,0.02263479,-3.417899,-0.9394704,-0.2829825,0.1931742,0.0,0.0,0.0,0.0,0.0,0.0,0.0,2.925823,0.607192,1.624049,0.4409131,0.02358846,-3.372195,0.1277621,-0.5497622,0.04768594,0.8241143,15.24891,292.0935,356.3226,0.1628589,0.006412333,-0.9866283,-0.2415875,0.002950464,0.1276095,-1.237535,-0.6455966,-3.44478,-0.2016472,-0.1228155,2.083565,0.3909751,-0.06188017,0.9183187,-0.2190748,0.9628058,0.1581492,-0.8939489,-0.2630129,0.3628767,moving,-78.38077,-55.68112,-5.527864,-3.373392,-65.39137419651486,-51.48409890060444,89.68636641745958,76.80026023083585,72.61063254692885
05/18/2023 18:41:36.071785,4632,True,True,True,True,Eyes,0.5039337,0.02249658,-3.415428,-0.9387132,-0.2828471,0.1970157,0.0,0.0,0.0,0.0,0.0,0.0,0.0,2.906885,0.6101691,1.643336,0.4336081,0.02268305,-3.366646,0.1279551,-0.5456901,0.04763615,0.8267894,15.28217,292.6639,356.3817,0.1612602,0.006426224,-0.9868908,-0.2270923,0.002773436,0.1199529,-1.247106,-0.6407882,-3.432994,-0.2006366,-0.1201923,2.083703,0.3999062,-0.06087751,0.9145322,-0.2184178,0.9627166,0.1595947,-0.890151,-0.2635729,0.3716996,moving,-78.1469,-55.14107,-5.499967,-3.301282,-65.18382685084217,-50.97323861306781,89.24651530559294,76.38572231780746,72.43288121271765
05/18/2023 18:41:36.091121,4633,True,True,True,True,Eyes,0.5002877,0.0223194,-3.412824,-0.9378561,-0.2828272,0.2010836,0.0,0.0,0.0,0.0,0.0,0.0,0.0,2.887584,0.6155856,1.66231,0.4265988,0.02165745,-3.361236,0.1286498,-0.5415256,0.04784525,0.8294034,15.38027,293.2365,356.4341,0.1597323,0.006435277,-0.9871392,-0.2134667,0.00260703,0.1127557,-1.257767,-0.6327958,-3.421598,-0.1996185,-0.1175483,2.083842,0.4089218,-0.05996829,0.9105969,-0.2187003,0.9623201,0.1615863,-0.8859757,-0.265224,0.3803986,moving,-77.89855,-54.58805,-5.471868,-3.2286,-64.96303644707545,-50.449906445931376,88.78861058622117,75.95426851506679,72.24187379737369
05/18/2023 18:41:36.101097,4634,True,True,True,True,Eyes,0.496507,0.02211748,-3.41008,-0.9369429,-0.2827259,0.2054361,0.0,0.0,0.0,0.0,0.0,0.0,0.0,2.866577,0.6242265,1.681972,0.4194415,0.02056561,-3.355532,0.1298707,-0.5370346,0.04809016,0.8321148,15.53261,293.8421,356.462,0.1582645,0.00643887,-0.9873755,-0.2006587,0.002450608,0.1059904,-1.267653,-0.6262419,-3.410866,-0.1985202,-0.1146962,2.083991,0.4185624,-0.05945702,0.9062397,-0.2195231,0.9616419,0.1644825,-0.8812578,-0.2677867,0.389455,moving,-77.63291,-53.99685,-5.441554,-3.1502,-64.72686856802689,-49.890440600063926,88.30047393610771,75.49436147674716,72.03785309683484
05/18/2023 18:41:36.121036,4635,True,True,True,True,Eyes,0.4925905,0.02187826,-3.407205,-0.9359387,-0.2826737,0.2100343,0.0,0.0,0.0,0.0,0.0,0.0,0.0,2.845048,0.6320814,1.702276,0.4122319,0.01975396,-3.349813,0.1309133,-0.5324484,0.04816439,0.8348897,15.6575,294.4618,356.4879,0.1568472,0.006436852,-0.9876016,-0.1886192,0.002303572,0.09963097,-1.277237,-0.6208985,-3.400095,-0.1975651,-0.1122158,2.084121,0.4283577,-0.05898525,0.901682,-0.219833,0.9610838,0.1673062,-0.8764606,-0.2698864,0.3987208,moving,-77.35178,-53.38665,-5.415195,-3.082014,-64.47663227818884,-49.31283545502759,87.78057111089403,75.00361475137098,71.8124998442831
05/18/2023 18:41:36.141218,4636,True,True,True,True,Eyes,0.488543,0.021601,-3.404204,-0.934903,-0.2824538,0.2148862,0.0,0.0,0.0,0.0,0.0,0.0,0.0,2.822108,0.6383798,1.72452,0.4049868,0.01862596,-3.343864,0.1314401,-0.5276318,0.04786675,0.8378765,15.71029,295.12,356.5165,0.1554725,0.006428723,-0.9878191,-0.1773021,0.002165358,0.09365311,-1.287844,-0.6115544,-3.38819,-0.1965653,-0.1096188,2.084256,0.4386269,-0.05849116,0.8967639,-0.2189169,0.9608645,0.1697492,-0.8715974,-0.2707733,0.4086563,moving,-77.05547,-52.73672,-5.387605,-3.010623,-64.21301429036089,-48.69769407970776,87.22939640116533,74.48313394333475,71.57431386508604
05/18/2023 18:41:36.151150,4637,True,True,True,True,Eyes,0.4843752,0.02128936,-3.401079,-0.9337719,-0.28228,0.2199728,0.0,0.0,0.0,0.0,0.0,0.0,0.0,2.799339,0.6403245,1.747585,0.3977349,0.0173779,-3.337944,0.1311541,-0.522854,0.04742768,0.8409358,15.67497,295.7868,356.5833,0.1541322,0.006413999,-0.9880292,-0.1666639,0.002035436,0.08803392,-1.299973,-0.5951651,-3.376015,-0.1955557,-0.1069981,2.084394,0.4487487,-0.05738163,0.8918138,-0.2169162,0.9610985,0.1709889,-0.8669326,-0.2701798,0.4188447,moving,-76.74426,-52.07173,-5.359743,-2.938582,-63.93580201503262,-48.06811489428959,86.65919166316516,73.94477283073734,71.3224106568081
05/18/2023 18:41:36.171014,4638,True,True,True,True,Eyes,0.4800863,0.0209533,-3.39784,-0.9325989,-0.2819424,0.2253167,0.0,0.0,0.0,0.0,0.0,0.0,0.0,2.775883,0.6445526,1.770203,0.3906089,0.01624377,-3.331929,0.1314127,-0.5179414,0.04729604,0.8439375,15.71196,296.4607,356.6472,0.1528195,0.006392343,-0.9882332,-0.1566641,0.00191331,0.08275189,-1.311956,-0.5800644,-3.363037,-0.1945212,-0.1043121,2.084535,0.4589997,-0.05629833,0.8866508,-0.215958,0.9609876,0.172815,-0.8617896,-0.2708014,0.428935,moving,-76.41757,-51.3696,-5.331193,-2.864744,-63.64487880245031,-47.403416944118106,86.05808532942656,73.37696736367627,71.05639964603749
05/18/2023 18:41:36.191172,4639,True,True,True,True,Eyes,0.475684,0.02061516,-3.394477,-0.9313501,-0.2815151,0.2309465,0.0,0.0,0.0,0.0,0.0,0.0,0.0,2.750805,0.6473931,1.795282,0.3834081,0.01526052,-3.325936,0.1311768,-0.512728,0.04663038,0.8471884,15.66905,297.1795,356.6951,0.1515284,0.006363743,-0.9884322,-0.1472643,0.001798511,0.07778677,-1.320158,-0.5753804,-3.350677,-0.1934837,-0.1016199,2.084675,0.4698711,-0.05550661,0.8809882,-0.2135255,0.9612365,0.1744455,-0.856521,-0.2700804,0.4398052,moving,-76.0733,-50.63558,-5.302569,-2.79074,-63.33818717994467,-46.708466343177385,85.42613815981593,72.77980258754857,70.77337411911898
05/18/2023 18:41:36.210912,4640,True,True,True,True,Eyes,0.4711596,0.02029891,-3.390962,-0.9301025,-0.2807341,0.2368495,0.0,0.0,0.0,0.0,0.0,0.0,0.0,2.726134,0.6375054,1.823161,0.3762153,0.01484129,-3.319695,0.1291331,-0.5075123,0.04646877,0.8506448,15.47749,297.9371,356.906,0.1502546,0.006328851,-0.9886268,-0.1384284,0.001690601,0.07311957,-1.330511,-0.5646476,-3.337757,-0.1924191,-0.09885408,2.08482,0.480544,-0.05201646,0.8754266,-0.2101301,0.9623306,0.1725259,-0.851424,-0.2668598,0.4515119,moving,-75.71334,-49.84637,-5.273192,-2.714711,-63.017935377613895,-45.96149671867129,84.75380658326908,72.14388305839348,70.47546015797887
05/18/2023 18:41:36.220952,4641,True,True,True,True,Eyes,0.4665161,0.01997047,-3.387321,-0.9289028,-0.2794176,0.2430336,0.0,0.0,0.0,0.0,0.0,0.0,0.0,2.702475,0.6150068,1.852351,0.3684144,0.01492813,-3.313134,0.1248856,-0.5025355,0.04582829,0.8542608,15.03627,298.6961,357.1974,0.1489921,0.006288915,-0.988818,-0.1301227,0.001589165,0.06873239,-1.354293,-0.5105549,-3.324903,-0.1913976,-0.09620068,2.08496,0.4907157,-0.04722028,0.8700393,-0.2038175,0.9646067,0.1673091,-0.8471462,-0.2594304,0.4637234,moving,-75.33807,-48.9837,-5.245007,-2.641771,-62.68482811787379,-45.14541539076001,84.02744708821642,71.45553048259823,70.15895731789561
05/18/2023 18:41:36.241127,4642,True,True,True,True,Eyes,0.4617901,0.01959852,-3.383546,-0.9276988,-0.277826,0.2493746,0.0,0.0,0.0,0.0,0.0,0.0,0.0,2.680422,0.5821708,1.881578,0.3608616,0.0141651,-3.306584,0.1176997,-0.498251,0.0426898,0.8579455,14.15231,299.3852,357.397,0.1477375,0.006244114,-0.9890065,-0.1223153,0.001493815,0.06460845,-1.355865,-0.5243387,-3.31481,-0.1903516,-0.09348539,2.085102,0.4998472,-0.04403693,0.8649935,-0.190539,0.9686487,0.1594194,-0.8448952,-0.2445003,0.4757855,moving,-74.95399,-48.08908,-5.216146,-2.567132,-62.34412519724626,-44.29922602212125,83.28033762829641,70.74725209244646,69.83387778608505
05/18/2023 18:41:36.256812,4643,True,True,True,True,Eyes,0.4569811,0.01917458,-3.379675,-0.9264134,-0.2761679,0.2559092,0.0,0.0,0.0,0.0,0.0,0.0,0.0,2.656748,0.5648283,1.907807,0.3537223,0.01262218,-3.300271,0.1133114,-0.4936106,0.04027744,0.8613286,13.58923,300.0692,357.4952,0.1464879,0.006193671,-0.9891927,-0.1149764,0.001404186,0.06073194,-1.355343,-0.5497965,-3.29867,-0.1893059,-0.09076872,2.085245,0.5094526,-0.04247918,0.8594496,-0.1812476,0.9710765,0.1554339,-0.8411941,-0.2349594,0.4870182,moving,-74.5579,-47.18046,-5.187293,-2.492457,-61.99250045176064,-43.43965720259696,82.51847506877752,70.02502979698843,69.49660583267745
05/18/2023 18:41:36.270888,4644,True,True,True,True,Eyes,0.4520847,0.0188585,-3.375709,-0.9249225,-0.2749211,0.2625583,0.0,0.0,0.0,0.0,0.0,0.0,0.0,2.631487,0.5648221,1.930842,0.3468415,0.01092234,-3.294159,0.1121102,-0.4886316,0.03856337,0.8643978,13.38552,300.7457,357.473,0.1452393,0.006136567,-0.9893772,-0.1080778,0.001319935,0.05708802,-1.38266,-0.4807354,-3.285842,-0.1882837,-0.08811559,2.085383,0.5195041,-0.04289298,0.8533908,-0.1762294,0.9718883,0.156129,-0.8360974,-0.2315021,0.4973409,moving,-74.15232,-46.31765,-5.159095,-2.419531,-61.6311540181791,-42.6227509407422,81.77475128448137,69.32093726542072,69.15018965356084
05/18/2023 18:41:36.291209,4645,True,True,True,True,Eyes,0.4470522,0.01871887,-3.371609,-0.9233365,-0.2736443,0.2693854,0.0,0.0,0.0,0.0,0.0,0.0,0.0,2.602829,0.5830816,1.952363,0.3397563,0.01323807,-3.287981,0.1151606,-0.4828429,0.03814057,0.8672636,13.68484,301.4679,357.3423,0.1439906,0.006076686,-0.9895601,-0.1015932,0.001240739,0.05366274,-1.387721,-0.4817243,-3.270338,-0.1872345,-0.08539234,2.085526,0.5308161,-0.04505309,0.8462887,-0.1773648,0.9705667,0.1629174,-0.8287195,-0.236581,0.5072016,moving,-73.73529,-45.44936,-5.130149,-2.344679,-61.25924402737732,-41.80045307553282,81.02270605047478,68.6092808335129,68.79361529387053
05/18/2023 18:41:36.301523,4646,True,True,True,True,Eyes,0.4419159,0.01836833,-3.367399,-0.9219598,-0.2712617,0.2764185,0.0,0.0,0.0,0.0,0.0,0.0,0.0,2.575099,0.5873455,1.974133,0.3313677,0.01732877,-3.280733,0.1153237,-0.4775073,0.03554893,0.8703008,13.57291,302.1568,357.1543,0.1427369,0.006019438,-0.989742,-0.09549758,0.001166294,0.05044298,-1.386853,-0.5099682,-3.254344,-0.1862037,-0.08271485,2.085666,0.541446,-0.04825934,0.8393493,-0.1720124,0.9708734,0.1667829,-0.8229508,-0.2346824,0.5173743,moving,-73.31042,-44.46054,-5.101717,-2.271087,-60.88234228054063,-40.865155299788846,80.20210165189823,67.83052605292734,68.42391706479202
05/18/2023 18:41:36.321077,4647,True,True,True,True,Eyes,0.4367955,0.01796025,-3.363139,-0.9202836,-0.2695858,0.2835517,0.0,0.0,0.0,0.0,0.0,0.0,0.0,2.55763,0.5255195,2.000895,0.3240341,0.01162323,-3.273543,0.1007143,-0.4747545,0.02766978,0.873899,11.67155,302.6902,357.2335,0.1414758,0.005958362,-0.9899235,-0.08976772,0.001096317,0.0474164,-1.405044,-0.4684037,-3.237503,-0.1852002,-0.08010885,2.085803,0.5476851,-0.04726797,0.8353484,-0.1439904,0.978182,0.1497556,-0.8242013,-0.202301,0.5289295,moving,-72.87524,-43.55368,-5.074034,-2.199462,-60.49426097990958,-40.00633901373824,79.4177239754827,67.0877150306718,68.04533038880571
05/18/2023 18:41:36.341142,4648,True,True,True,True,Eyes,0.4315714,0.01776127,-3.358771,-0.9181625,-0.2690141,0.2908761,0.0,0.0,0.0,0.0,0.0,0.0,0.0,2.527475,0.5614899,2.019778,0.3191807,0.009963989,-3.268169,0.1076459,-0.4685176,0.03099554,0.8763235,12.57452,303.4373,357.2667,0.1402086,0.005892146,-0.9901042,0.0,0.0,0.0,-1.415254,-0.4504032,-3.219893,-0.1841376,-0.07734887,2.085947,0.559061,-0.04654375,0.8278191,-0.1551922,0.9749033,0.1596213,-0.8144729,-0.2177091,0.5378073,moving,-72.42168,-42.76392,-5.044726,-2.123608,-60.08680633294877,-39.25671177821946,78.68474369136281,66.39652102017698,67.65616548433078
05/18/2023 18:41:36.351184,4649,True,True,True,True,Eyes,0.426235,0.01758428,-3.354223,-0.9162337,-0.2672576,0.2984781,0.0,0.0,0.0,0.0,0.0,0.0,0.0,2.481241,0.6389133,2.041587,0.3112859,0.01503918,-3.261245,0.121873,-0.4591977,0.0328289,0.8793217,14.15117,304.4535,356.7961,0.1389329,0.005827456,-0.9902844,0.0,0.0,0.0,-1.417737,-0.4645607,-3.20099,-0.1831197,-0.07470553,2.086086,0.5761195,-0.05419326,0.8155669,-0.1696619,0.9681385,0.1841812,-0.7995631,-0.244481,0.5485689,moving,-71.95613,-41.8413,-5.016648,-2.050962,-59.67072974267094,-38.3824483010511,77.8727503596898,65.62808505493682,67.24799995685042
05/18/2023 18:41:36.370960,4650,True,True,True,True,Eyes,0.420874,0.01758852,-3.349576,-0.9140978,-0.2657979,0.3062297,0.0,0.0,0.0,0.0,0.0,0.0,0.0,2.462213,0.5634866,2.072274,0.3027977,0.01511393,-3.253062,0.1057085,-0.4561416,0.02401901,0.8832801,12.0434,305.0407,356.8345,0.1376467,0.005764821,-0.9904644,0.0,0.0,0.0,-1.428612,-0.4467789,-3.181268,-0.1821024,-0.07206458,2.086225,0.5827159,-0.05400506,0.8108795,-0.1388671,0.9764976,0.1648283,-0.8007235,-0.2086525,0.5615211,moving,-71.47877,-40.95697,-4.988589,-1.978385,-59.2429140938464,-37.54375527830291,77.07317469791279,64.8723928525961,66.8293494827886
05/18/2023 18:41:36.391048,4651,True,True,True,True,Eyes,0.4154441,0.01762479,-3.344751,-0.9117448,-0.2645227,0.314244,0.0,0.0,0.0,0.0,0.0,0.0,0.0,2.430338,0.5730148,2.095363,0.2967286,0.01951208,-3.246075,0.1082228,-0.4498598,0.02483388,0.8861701,12.36573,305.8319,356.8687,0.1363505,0.005709403,-0.990644,0.0,0.0,0.0,-1.437973,-0.432761,-3.164433,-0.1811009,-0.06946399,2.086361,0.5940188,-0.05335606,0.8026798,-0.1413842,0.9753422,0.169464,-0.7919294,-0.2141511,0.5718279,moving,-70.98286,-40.08983,-4.960969,-1.906921,-58.79748424251973,-36.72072804938055,76.26811018320934,64.11217930104668,66.39270565213808
05/18/2023 18:41:36.401582,4652,True,True,True,True,Eyes,0.4099913,0.01764541,-3.339804,-0.9094138,-0.2626859,0.3224325,0.0,0.0,0.0,0.0,0.0,0.0,0.0,2.392945,0.5872427,2.120801,0.2887081,0.0203933,-3.238065,0.1102881,-0.4426198,0.02398953,0.8895779,12.55967,306.7384,356.7727,0.1350426,0.005661426,-0.9908234,0.0,0.0,0.0,-1.438991,-0.4513886,-3.145163,-0.1800556,-0.06674992,2.086502,0.6070245,-0.05495026,0.7927811,-0.1403125,0.9745221,0.1749832,-0.7821981,-0.2174562,0.5838485,moving,-70.47805,-39.16972,-4.932146,-1.832341,-58.34477830215252,-35.84791524092529,75.43437811612723,63.32431271150794,65.94635309504133
05/18/2023 18:41:36.421170,4653,True,True,True,True,Eyes,0.4045441,0.01771408,-3.334785,-0.9066675,-0.2617177,0.3308442,0.0,0.0,0.0,0.0,0.0,0.0,0.0,2.36732,0.5579051,2.144798,0.2825163,0.01993766,-3.230388,0.103889,-0.4380356,0.02042502,0.8927009,11.73453,307.3987,356.8063,0.1337239,0.005619729,-0.9910024,0.0,0.0,0.0,-1.444365,-0.4524948,-3.125778,-0.1790107,-0.06403655,2.086645,0.6154152,-0.05454732,0.7863134,-0.127481,0.9775798,0.1675899,-0.7778257,-0.2033774,0.5946637,moving,-69.9529,-38.34613,-4.903329,-1.757784,-57.87126773802922,-35.06498299003501,74.63346267124257,62.569737403295896,65.48451687267296
05/18/2023 18:41:36.441186,4654,True,True,True,True,Eyes,0.3990883,0.01782359,-3.329621,-0.9037442,-0.2609303,0.3393551,0.0,0.0,0.0,0.0,0.0,0.0,0.0,2.317991,0.6134256,2.172537,0.276987,0.02134634,-3.223679,0.1139201,-0.4284432,0.02250547,0.8960761,12.91157,308.5107,356.6308,0.1323951,0.005585116,-0.991181,0.0,0.0,0.0,-1.452604,-0.4391912,-3.10411,-0.177977,-0.06135154,2.086787,0.6318599,-0.05728339,0.7729629,-0.1379499,0.9730315,0.1848776,-0.7627076,-0.2234469,0.6069173,moving,-69.41889,-37.5567,-4.874821,-1.684011,-57.388846094222416,-34.31382289909975,73.842986526599,61.82578310193291,65.0144742187256
05/18/2023 18:41:36.451227,4655,True,True,True,True,Eyes,0.3936222,0.01792637,-3.324356,-0.9007151,-0.2597159,0.348224,0.0,0.0,0.0,0.0,0.0,0.0,0.0,2.277391,0.6306084,2.198045,0.2704454,0.02252932,-3.215887,0.1166122,-0.42079,0.02188458,0.8993656,13.18946,309.4524,356.5392,0.1310575,0.005558147,-0.9913589,0.0,0.0,0.0,-1.45435,-0.4501652,-3.082176,-0.1769301,-0.05863332,2.086929,0.6449136,-0.05877408,0.7619922,-0.137503,0.9718453,0.1913365,-0.7517841,-0.2281717,0.6186746,moving,-68.86308,-36.71668,-4.845956,-1.609331,-56.88708288711268,-33.51480967392749,73.01176699025423,61.04292307133567,64.52157125617042
05/18/2023 18:41:36.470927,4656,True,True,True,True,Eyes,0.3881891,0.01800866,-3.319003,-0.8974677,-0.2587172,0.3572353,0.0,0.0,0.0,0.0,0.0,0.0,0.0,2.235625,0.6077765,2.235136,0.2645647,0.02236824,-3.208232,0.1112082,-0.4131109,0.01821184,0.9036817,12.47658,310.4872,356.5376,0.1297112,0.005537875,-0.9915361,0.0,0.0,0.0,-1.458761,-0.4522408,-3.05913,-0.1759756,-0.05615425,2.087059,0.6580156,-0.05896716,0.750692,-0.124798,0.9746022,0.1859465,-0.7425907,-0.2160406,0.6339444,moving,-68.29507,-35.91284,-4.819639,-1.541224,-56.37325772891729,-32.74938293874731,72.18405867701827,60.26379334552949,64.01372662182686
05/18/2023 18:41:36.491080,4657,True,True,True,True,Eyes,0.382733,0.01817744,-3.313539,-0.8939918,-0.2578305,0.3664725,0.0,0.0,0.0,0.0,0.0,0.0,0.0,2.190157,0.6208293,2.265579,0.2593884,0.0220146,-3.20114,0.1135154,-0.4044261,0.01932334,0.9072929,12.8038,311.5757,356.6635,0.1283582,0.00552305,-0.9917123,0.0,0.0,0.0,-1.462943,-0.4518127,-3.035993,-0.1748695,-0.05328344,2.087209,0.6721323,-0.05675332,0.7382529,-0.126881,0.9734817,0.1903537,-0.7294789,-0.2216131,0.6471076,moving,-67.70988,-35.12817,-4.789143,-1.462361,-55.84305688757047,-32.00150671233715,71.36109472427991,59.49068451513078,63.49690228042426
05/18/2023 18:41:36.501315,4658,True,True,True,True,Eyes,0.3772516,0.01836333,-3.307944,-0.8905525,-0.2561749,0.3758865,0.0,0.0,0.0,0.0,0.0,0.0,0.0,2.146036,0.6276526,2.293638,0.2531866,0.02427705,-3.19304,0.1145236,-0.3962599,0.01827228,0.9107847,12.89082,312.5927,356.6197,0.1269979,0.005515743,-0.9918874,0.0,0.0,0.0,-1.463076,-0.4681703,-3.014868,-0.1739448,-0.05088191,2.087334,0.6852885,-0.057478,0.726,-0.1240465,0.973101,0.1941316,-0.7176296,-0.2230939,0.659725,moving,-67.11625,-34.27529,-4.76365,-1.396394,-55.30630106703808,-31.18959024732611,70.49020165199427,58.67021492645184,62.958642292245386
05/18/2023 18:41:36.521164,4659,True,True,True,True,Eyes,0.3717918,0.01848497,-3.302256,-0.8869866,-0.2543396,0.3854426,0.0,0.0,0.0,0.0,0.0,0.0,0.0,2.107368,0.5943327,2.325465,0.2469139,0.02475365,-3.184406,0.1069212,-0.3895631,0.01228204,0.91469,11.83938,313.4924,356.4362,0.1256304,0.00551576,-0.9920615,0.0,0.0,0.0,-1.464623,-0.4797614,-2.994946,-0.1729049,-0.04818147,2.087476,0.6961796,-0.06083661,0.7152852,-0.1057736,0.976834,0.1860303,-0.7100324,-0.2051688,0.673617,moving,-66.5125,-33.41938,-4.734982,-1.322221,-54.76017391737566,-30.374605915140187,69.61816821858793,57.84946754835114,62.41440772717669
05/18/2023 18:41:36.541202,4660,True,True,True,True,Eyes,0.3663301,0.01858191,-3.296515,-0.8831507,-0.2530092,0.395008,0.0,0.0,0.0,0.0,0.0,0.0,0.0,2.070939,0.5843287,2.349249,0.2418258,0.02328446,-3.176504,0.1041831,-0.3831168,0.009869171,0.9177527,11.46626,314.3211,356.3897,0.1242568,0.005520475,-0.9922345,0.0,0.0,0.0,-1.469751,-0.4778099,-2.975519,-0.1718588,-0.04546486,2.087619,0.7062482,-0.06171371,0.7052695,-0.09794356,0.978097,0.1836666,-0.7011566,-0.1987908,0.6847347,moving,-65.9024,-32.64024,-4.706142,-1.247609,-54.206656621832536,-29.631335701935,68.7784797324332,57.06081746098977,61.8673087785665
05/18/2023 18:41:36.551540,4661,True,True,True,True,Eyes,0.3608867,0.01870451,-3.290679,-0.8790957,-0.2518698,0.4046633,0.0,0.0,0.0,0.0,0.0,0.0,0.0,2.026059,0.6135982,2.369974,0.2368085,0.02287281,-3.168847,0.109117,-0.3749781,0.01033275,0.9205315,12.04269,315.2845,356.3177,0.1228773,0.005528698,-0.9924062,0.0,0.0,0.0,-1.47217,-0.4857258,-2.957695,-0.1707942,-0.0427001,2.087763,0.7185693,-0.06280973,0.6926132,-0.1008562,0.9759734,0.1931421,-0.6881034,-0.2086404,0.6949698,moving,-65.28255,-31.89889,-4.676795,-1.171682,-53.64332930432799,-28.92321508482948,67.9501203133246,56.28382601010094,61.312805416382595
05/18/2023 18:41:36.571210,4662,True,True,True,True,Eyes,0.3554831,0.01882093,-3.284721,-0.8749138,-0.2507635,0.4142988,0.0,0.0,0.0,0.0,0.0,0.0,0.0,1.98569,0.62422,2.389987,0.2316558,0.02349458,-3.160765,0.1108432,-0.3677418,0.00984205,0.9232458,12.23429,316.1654,356.2834,0.1214922,0.005540888,-0.9925767,0.0,0.0,0.0,-1.472637,-0.5013941,-2.94089,-0.1697907,-0.04009493,2.087899,0.7293383,-0.0633501,0.6812139,-0.09969661,0.9752339,0.1974324,-0.6768502,-0.2119097,0.7049596,moving,-64.661,-31.18535,-4.649138,-1.100143,-53.07788423332612,-28.241086712929736,67.13079219657618,55.51553194701748,60.75396266385314
05/18/2023 18:41:36.591059,4663,True,True,True,True,Eyes,0.3501359,0.01891542,-3.278702,-0.870458,-0.2501208,0.4239603,0.0,0.0,0.0,0.0,0.0,0.0,0.0,1.946182,0.6205682,2.411623,0.226653,0.02349097,-3.152258,0.1100481,-0.3606884,0.009197031,0.9261257,12.14997,317.0529,356.3432,0.1201038,0.005556491,-0.9927456,0.0,0.0,0.0,-1.475898,-0.5050077,-2.922266,-0.1687397,-0.03736447,2.088043,0.7396387,-0.0623509,0.6701097,-0.09642132,0.9756097,0.1972021,-0.6660613,-0.2104712,0.7155867,moving,-64.0314,-30.53902,-4.620168,-1.025169,-52.503648494735366,-27.62168503685768,66.33823850998779,54.7741030925065,60.192992893518664
05/18/2023 18:41:36.600912,4664,True,True,True,True,Eyes,0.3448224,0.01901877,-3.272617,-0.8657615,-0.2500684,0.4335007,0.0,0.0,0.0,0.0,0.0,0.0,0.0,1.905269,0.6450116,2.427592,0.2224693,0.02328178,-3.144719,0.1146872,-0.3532665,0.01107001,0.9284004,12.75441,317.9378,356.4451,0.1187131,0.005574536,-0.9929127,0.0,0.0,0.0,-1.478942,-0.5068773,-2.901535,-0.1676969,-0.0346577,2.088184,0.7501606,-0.06047544,0.6584846,-0.101585,0.9734486,0.2051299,-0.6534063,-0.2207725,0.7240993,moving,-63.40213,-29.97885,-4.591429,-0.9508538,-51.92806659489518,-27.0829397842644,65.58447312816209,54.07072384090518,59.63668045837085
05/18/2023 18:41:36.621202,4665,True,True,True,True,Eyes,0.339563,0.01912617,-3.266471,-0.860831,-0.2503729,0.4430389,0.0,0.0,0.0,0.0,0.0,0.0,0.0,1.863665,0.6810161,2.439586,0.217885,0.02372452,-3.136969,0.1210973,-0.3458667,0.01193569,0.9303598,13.50819,318.7841,356.3702,0.1173214,0.005595069,-0.9930781,0.0,0.0,0.0,-1.480229,-0.5134637,-2.879876,-0.1666662,-0.03198107,2.088325,0.7604675,-0.06155809,0.6464518,-0.105976,0.970386,0.2170718,-0.6406703,-0.2335844,0.7314233,moving,-62.76674,-29.47194,-4.563022,-0.8773715,-51.34576007635574,-26.593907707785725,64.84845516066451,53.38506173497657,59.077324445798574
05/18/2023 18:41:36.641173,4666,True,True,True,True,Eyes,0.3343943,0.01922733,-3.260253,-0.8550545,-0.2501567,0.4542065,0.0,0.0,0.0,0.0,0.0,0.0,0.0,1.822024,0.7088091,2.452927,0.2137554,0.02401628,-3.12934,0.1257965,-0.3385939,0.01177328,0.9324112,14.03773,319.624,356.2628,0.11593,0.005617992,-0.9932413,0.0,0.0,0.0,-1.481139,-0.5198178,-2.858058,-0.1656404,-0.02931739,2.088464,0.770431,-0.06323275,0.6343797,-0.1071429,0.9680733,0.2266153,-0.6284555,-0.2425608,0.7390588,moving,-62.02268,-28.84402,-4.534752,-0.8042524,-50.66452093752332,-25.989118115403585,63.96163250570763,52.55695047595706,58.40996178482611
05/18/2023 18:41:36.651490,4667,True,True,True,True,Eyes,0.3292677,0.01933692,-3.253972,-0.8490484,-0.2502559,0.4652836,0.0,0.0,0.0,0.0,0.0,0.0,0.0,1.78113,0.7335317,2.465655,0.2098612,0.02386136,-3.121752,0.1301103,-0.3314002,0.01226682,0.9343954,14.55323,320.465,356.2495,0.1145408,0.005642906,-0.9934023,0.0,0.0,0.0,-1.481263,-0.5279551,-2.836184,-0.1645952,-0.02660462,2.088606,0.7800469,-0.06331301,0.6225097,-0.1091613,0.9658417,0.2350184,-0.6161255,-0.2512794,0.7464905,moving,-61.277,-28.27388,-4.505954,-0.7297931,-49.98066338086932,-25.43837560102976,63.10014569784183,51.75387176322867,57.74530156049259
05/18/2023 18:41:36.671208,4668,True,True,True,True,Eyes,0.3241906,0.01944435,-3.247623,-0.8428952,-0.2503965,0.4762661,0.0,0.0,0.0,0.0,0.0,0.0,0.0,1.741,0.7545929,2.477694,0.2055781,0.02423609,-3.113938,0.133877,-0.3243174,0.01259642,0.9363422,15.00361,321.2967,356.2456,0.1131553,0.005669887,-0.9935609,0.0,0.0,0.0,-1.482075,-0.5341445,-2.814183,-0.163591,-0.02399562,2.088742,0.7893192,-0.06324817,0.6107167,-0.1104264,0.9638366,0.2425389,-0.6039712,-0.2588799,0.7537904,moving,-60.53199,-27.73311,-4.478284,-0.6581889,-49.29686641810997,-24.91513980471981,62.25005468998129,50.96179939094481,57.080616034167136
05/18/2023 18:41:36.691528,4669,True,True,True,True,Eyes,0.319153,0.01956565,-3.241209,-0.8366863,-0.2502871,0.4871473,0.0,0.0,0.0,0.0,0.0,0.0,0.0,1.705714,0.7595142,2.490368,0.2015496,0.02430401,-3.105968,0.134584,-0.318244,0.01176368,0.9383335,15.07343,322.0306,356.2243,0.1117739,0.005698695,-0.9937171,0.0,0.0,0.0,-1.484014,-0.5338258,-2.790036,-0.1625875,-0.02138922,2.088879,0.7971648,-0.06358456,0.6004042,-0.1077376,0.9634975,0.2450819,-0.5940714,-0.2600567,0.7612159,moving,-59.79058,-27.19325,-4.450633,-0.5866636,-48.61640635154169,-24.392838216288784,61.403747229493035,50.173194891306075,56.417883884069084
05/18/2023 18:41:36.710909,4670,True,True,True,True,Eyes,0.3140882,0.01966274,-3.234777,-0.8304211,-0.2498736,0.4979599,0.0,0.0,0.0,0.0,0.0,0.0,0.0,1.672091,0.761052,2.50249,0.1973787,0.02468824,-3.09806,0.134639,-0.3125038,0.01033743,0.9402696,15.04958,322.7233,356.1578,0.1103965,0.005729613,-0.9938709,0.0,0.0,0.0,-1.485643,-0.5337608,-2.765395,-0.1615106,-0.01859426,2.089026,0.8044689,-0.06471046,0.5904593,-0.1035903,0.963531,0.2467329,-0.584892,-0.2596548,0.7684274,moving,-59.0511,-26.64725,-4.420961,-0.509972,-47.93786243875269,-23.86483354993977,60.56079085025727,49.38795671868771,55.75827129020707
05/18/2023 18:41:36.721512,4671,True,True,True,True,Eyes,0.3090755,0.01974752,-3.228291,-0.8240428,-0.2495662,0.5085963,0.0,0.0,0.0,0.0,0.0,0.0,0.0,1.639598,0.7623487,2.513206,0.1934754,0.0240574,-3.089927,0.1345626,-0.3070159,0.00905825,0.9420999,15.01696,323.3868,356.108,0.1090224,0.005761688,-0.9940224,0.0,0.0,0.0,-1.486761,-0.53356,-2.739432,-0.1604971,-0.01596172,2.089164,0.8113185,-0.06555818,0.5809169,-0.09969328,0.9636217,0.2479808,-0.5760413,-0.2591049,0.7752683,moving,-58.31726,-26.137,-4.393038,-0.4377452,-47.26388755282197,-23.37042129040158,59.7350267061178,48.619105031334875,55.10274624476384
05/18/2023 18:41:36.740928,4672,True,True,True,True,Eyes,0.3041259,0.01982966,-3.221729,-0.8176183,-0.2490577,0.5191055,0.0,0.0,0.0,0.0,0.0,0.0,0.0,1.609506,0.7705383,2.520319,0.1896097,0.02387106,-3.082163,0.1359258,-0.3018851,0.008411444,0.9435672,15.16436,323.9932,356.0674,0.1076515,0.005794469,-0.9941715,0.0,0.0,0.0,-1.486773,-0.535738,-2.713847,-0.1594828,-0.01332843,2.089302,0.8175893,-0.06619442,0.5719844,-0.09794147,0.9629068,0.2514316,-0.567411,-0.2615888,0.7807791,moving,-57.58855,-25.63087,-4.365096,-0.3655061,-46.59461355812867,-22.87998294095743,58.915826979594705,47.85638745887852,54.45075424086053
05/18/2023 18:41:36.756360,4673,True,True,True,True,Eyes,0.2992264,0.01989925,-3.215094,-0.8111365,-0.2484123,0.5294799,0.0,0.0,0.0,0.0,0.0,0.0,0.0,1.578486,0.7754917,2.527989,0.186003,0.02386935,-3.073852,0.1368506,-0.29662,0.007996325,0.9451057,15.27311,324.6245,356.0728,0.1062856,0.005827822,-0.9943183,0.0,0.0,0.0,-1.485915,-0.5394606,-2.686951,-0.1583185,-0.01030493,2.08946,0.8239053,-0.06607053,0.562863,-0.09630001,0.9624159,0.2539329,-0.5584859,-0.2634203,0.786577,moving,-56.86499,-25.13423,-4.333024,-0.2825726,-45.929956025131006,-22.39854547322535,58.113787756023356,47.11073136805041,53.80997417904963
05/18/2023 18:41:36.771001,4674,True,True,True,True,Eyes,0.2943652,0.01993067,-3.208374,-0.804603,-0.2474088,0.5398175,0.0,0.0,0.0,0.0,0.0,0.0,0.0,1.551592,0.7643625,2.537551,0.1822148,0.02360077,-3.065467,0.1348994,-0.2920399,0.00714635,0.9468179,15.04777,325.2039,356.1252,0.1049247,0.005861344,-0.9944626,0.0,0.0,0.0,-1.484901,-0.5424201,-2.659841,-0.1573565,-0.007807225,2.089592,0.8293233,-0.06525942,0.5549452,-0.09232458,0.9635022,0.2512762,-0.551089,-0.2596243,0.7930297,moving,-56.14188,-24.62291,-4.306524,-0.21407,-45.265999536396485,-21.90337729770015,57.294813044396406,46.347650288560814,53.15656548548318
05/18/2023 18:41:36.791251,4675,True,True,True,True,Eyes,0.2895763,0.0199183,-3.201596,-0.7979578,-0.2465468,0.54998,0.0,0.0,0.0,0.0,0.0,0.0,0.0,1.522094,0.7529578,2.547955,0.1782454,0.02264721,-3.056715,0.132728,-0.2870193,0.006032155,0.9486658,14.79087,325.835,356.1603,0.1035697,0.005893852,-0.9946045,0.0,0.0,0.0,-1.483843,-0.5431994,-2.631054,-0.1564074,-0.005342349,2.089721,0.8351671,-0.06474597,0.546172,-0.08763596,0.9646938,0.2483663,-0.5429695,-0.2552916,0.8000064,moving,-55.42405,-24.1459,-4.280384,-0.1464757,-44.60630427587473,-21.44044539552417,56.49466292182817,45.602773945124284,52.509494741343566
05/18/2023 18:41:36.801311,4676,True,True,True,True,Eyes,0.2848331,0.01989425,-3.194764,-0.7911909,-0.2457565,0.5600184,0.0,0.0,0.0,0.0,0.0,0.0,0.0,1.493289,0.7572119,2.553702,0.1750894,0.02159428,-3.048533,0.1336782,-0.282025,0.006836517,0.9500239,14.94259,326.4459,356.2964,0.1022218,0.005924101,-0.9947438,0.0,0.0,0.0,-1.483184,-0.5408646,-2.601615,-0.1553591,-0.002620324,2.089863,0.8408303,-0.06241144,0.5376888,-0.08839086,0.9641669,0.2501387,-0.5340331,-0.257851,0.8051841,moving,-54.70849,-23.69362,-4.251513,-0.07183889,-43.94824949080997,-21.00071363290361,55.71261141597368,44.87592546148717,51.87064484827419
05/18/2023 18:41:36.821194,4677,True,True,True,True,Eyes,0.2801601,0.01984632,-3.187871,-0.7843491,-0.2449699,0.5699003,0.0,0.0,0.0,0.0,0.0,0.0,0.0,1.461908,0.7689756,2.558139,0.1717875,0.02130472,-3.040166,0.1358555,-0.2766938,0.006806431,0.9512821,15.20304,327.0707,356.3026,0.1008808,0.00595198,-0.9948805,0.0,0.0,0.0,-1.481385,-0.5409639,-2.572265,-0.1543173,8.378923e-05,2.090004,0.8467885,-0.06223106,0.528277,-0.08813041,0.9629939,0.2547072,-0.5245782,-0.2622404,0.8099678,moving,-53.99822,-23.2603,-4.222822,0.002297014,-43.29475985981641,-20.57885021871474,54.94304929555845,44.16106825628244,51.23708792541337
05/18/2023 18:41:36.841225,4678,True,True,True,True,Eyes,0.2755522,0.01976263,-3.180914,-0.7774377,-0.2440447,0.5796834,0.0,0.0,0.0,0.0,0.0,0.0,0.0,1.433484,0.7673743,2.564547,0.1687068,0.02067738,-3.03179,0.1355679,-0.2719181,0.006249979,0.9527029,15.17161,327.6514,356.3277,0.09954827,0.005976978,-0.9950145,0.0,0.0,0.0,-1.479455,-0.5381329,-2.54127,-0.1533073,0.002708137,2.090142,0.852043,-0.06181801,0.5198089,-0.08563551,0.9631645,0.254913,-0.5164198,-0.2617109,0.8153637,moving,-53.29057,-22.83092,-4.195007,0.07423646,-42.6436358393264,-20.160734766524502,54.17582946982952,43.44825796464752,50.60337360257442
05/18/2023 18:41:36.850962,4679,True,True,True,True,Eyes,0.2710194,0.01964513,-3.173891,-0.7704681,-0.2430481,0.5893273,0.0,0.0,0.0,0.0,0.0,0.0,0.0,1.406879,0.7626773,2.570365,0.1657691,0.01970532,-3.023225,0.1348255,-0.2674175,0.006205779,0.9540816,15.10496,328.2103,356.421,0.09822489,0.005998278,-0.9951459,0.0,0.0,0.0,-1.477814,-0.5297987,-2.508245,-0.1522476,0.005459756,2.090286,0.8568988,-0.06026777,0.5119495,-0.08395104,0.9635671,0.25395,-0.5086027,-0.2605882,0.8206199,moving,-52.5878,-22.41204,-4.165825,0.1496542,-41.9968573187719,-19.752559411360107,53.4201994387417,42.74675558374193,49.976310663528665
05/18/2023 18:41:36.871213,4680,True,True,True,True,Eyes,0.2665634,0.01947626,-3.166795,-0.7634443,-0.2419299,0.5988512,0.0,0.0,0.0,0.0,0.0,0.0,0.0,1.378938,0.7555451,2.577321,0.1629502,0.01875181,-3.014631,0.1335069,-0.2627581,0.005487939,0.9555648,14.95338,328.7851,356.459,0.0969111,0.006015201,-0.9952746,0.0,0.0,0.0,-1.478342,-0.5124476,-2.473983,-0.151235,0.008088753,2.090424,0.8618562,-0.05967187,0.5036302,-0.08064819,0.9642916,0.252265,-0.5006994,-0.2580329,0.8262682,moving,-51.88911,-21.99821,-4.137946,0.221701,-41.35378348477343,-19.349204442123938,52.66780903173035,42.04805464605495,49.34972765566517
05/18/2023 18:41:36.891259,4681,True,True,True,True,Eyes,0.2621835,0.01927198,-3.159641,-0.7564012,-0.2407266,0.6082006,0.0,0.0,0.0,0.0,0.0,0.0,0.0,1.351764,0.7500423,2.582886,0.16019,0.01732571,-3.005856,0.13247,-0.2582267,0.005044472,0.956946,14.84105,329.3434,356.515,0.09560885,0.00602656,-0.9954005,0.0,0.0,0.0,-1.482573,-0.480014,-2.440177,-0.1502365,0.01068234,2.09056,0.866587,-0.05875999,0.4955544,-0.07806914,0.9648525,0.250928,-0.4928814,-0.2561384,0.8315414,moving,-51.19823,-21.59373,-4.110453,0.2927674,-40.71780729993861,-18.95478020510944,51.92569220763394,41.35899512382026,48.72917561163741
05/18/2023 18:41:36.901263,4682,True,True,True,True,Eyes,0.2578723,0.01902936,-3.152425,-0.7493513,-0.2393925,0.6173847,0.0,0.0,0.0,0.0,0.0,0.0,0.0,1.327769,0.7414992,2.587663,0.1575681,0.0162427,-2.997282,0.1309258,-0.2542728,0.004384243,0.9582195,14.66346,329.8333,356.5522,0.09431776,0.006031792,-0.9955236,0.0,0.0,0.0,-1.483396,-0.4593076,-2.408226,-0.1492102,0.01334746,2.090699,0.8706522,-0.05817961,0.4884463,-0.07498388,0.9656785,0.2486818,-0.4861503,-0.253141,0.8364075,moving,-50.51516,-21.19393,-4.082195,0.3657833,-40.08901839425022,-18.564915411816845,51.194154708027185,40.680003498799124,48.11598901037065
05/18/2023 18:41:36.921088,4683,True,True,True,True,Eyes,0.25364,0.01873972,-3.145144,-0.7423356,-0.2379524,0.6263517,0.0,0.0,0.0,0.0,0.0,0.0,0.0,1.30484,0.7354978,2.590796,0.1549352,0.01505353,-2.988571,0.1297801,-0.2505508,0.003515722,0.9593588,14.52326,330.2866,356.5481,0.09303939,0.006030279,-0.9956439,0.0,0.0,0.0,-1.481108,-0.4511607,-2.37824,-0.1481703,0.01604681,2.090841,0.8744239,-0.05828732,0.4816487,-0.07177868,0.9662895,0.2472496,-0.4798236,-0.250773,0.8407629,moving,-49.84373,-20.8019,-4.053566,0.4397255,-39.47092613021203,-18.182590094188,50.47718071593487,40.01474773983551,47.51335034735783
05/18/2023 18:41:36.941026,4684,True,True,True,True,Eyes,0.2494936,0.0184085,-3.137796,-0.735332,-0.2364402,0.6351244,0.0,0.0,0.0,0.0,0.0,0.0,0.0,1.285776,0.7259302,2.592703,0.1525364,0.01360412,-2.97974,0.1279993,-0.2475433,0.00267746,0.9603809,14.3108,330.66,356.5549,0.09177439,0.006021186,-0.9957613,0.0,0.0,0.0,-1.474508,-0.4564976,-2.348822,-0.1470787,0.01888217,2.09099,0.8774303,-0.05822795,0.476157,-0.06851347,0.967218,0.2445305,-0.4747862,-0.2471817,0.844677,moving,-49.18202,-20.41898,-4.023516,0.5173814,-38.8617157967516,-17.809014585881254,49.77571408015586,39.36441228965203,46.92174116970986
05/18/2023 18:41:36.952909,4685,True,True,True,True,Eyes,0.2454342,0.01805651,-3.130382,-0.7283369,-0.2349031,0.643697,0.0,0.0,0.0,0.0,0.0,0.0,0.0,1.264411,0.7204098,2.59433,0.1504216,0.01225458,-2.970774,0.1269906,-0.2441479,0.002103792,0.9613848,14.19371,331.0746,356.5723,0.09052389,0.006003927,-0.9958758,0.0,0.0,0.0,-1.472313,-0.4456154,-2.31792,-0.146118,0.02137609,2.09112,0.8807748,-0.05796387,0.4699745,-0.06605408,0.9677379,0.2431464,-0.4689058,-0.2452009,0.8485304,moving,-48.53007,-20.04844,-3.997074,0.5856751,-38.26136190437232,-17.447250640605223,49.081100626372105,38.7198635891179,46.33274754859333
05/18/2023 18:41:36.971101,4686,True,True,True,True,Eyes,0.2414264,0.01768135,-3.122906,-0.7213168,-0.2331932,0.652168,0.0,0.0,0.0,0.0,0.0,0.0,0.0,1.243042,0.7152024,2.595692,0.1483839,0.01138836,-2.961779,0.1261018,-0.2407639,0.001432535,0.9623561,14.08726,331.4845,356.5739,0.08928862,0.005978621,-0.9959875,0.0,0.0,0.0,-1.482509,-0.3809685,-2.284964,-0.1450517,0.02414377,2.091265,0.8840614,-0.05796431,0.4637625,-0.06347875,0.9681926,0.2420198,-0.4630399,-0.2433995,0.8522621,moving,-47.88215,-19.67533,-3.967723,0.6614534,-37.66481235868835,-17.08317334166438,48.39485156291777,38.08366591399019,45.75052115390507
05/18/2023 18:41:36.991178,4687,True,True,True,True,Eyes,0.2375149,0.01727655,-3.11537,-0.7143093,-0.2313652,0.6604789,0.0,0.0,0.0,0.0,0.0,0.0,0.0,1.221278,0.7005462,2.599318,0.1463873,0.01035969,-2.95249,0.1234185,-0.2373443,0.000185981,0.9635538,13.76434,331.9096,356.5631,0.08806834,0.005945295,-0.9960964,0.0,0.0,0.0,-1.468893,-0.4125811,-2.25838,-0.1440528,0.02673836,2.091401,0.8873354,-0.05822694,0.4574338,-0.05894375,0.9695356,0.2377524,-0.457342,-0.237929,0.8568711,moving,-47.24229,-19.30532,-3.940231,0.7324811,-37.07571335841692,-16.72218227270398,47.713538818270884,37.4516416806977,45.170964002311166
05/18/2023 18:41:37.008150,4688,True,True,True,True,Eyes,0.2336756,0.01685274,-3.107771,-0.7072533,-0.2293926,0.668709,0.0,0.0,0.0,0.0,0.0,0.0,0.0,1.199543,0.6875672,2.602601,0.1447207,0.009201884,-2.943493,0.1211182,-0.2338732,-0.0004128492,0.9646935,13.50268,332.344,356.6129,0.08686478,0.00590378,-0.9962023,0.0,0.0,0.0,-1.448421,-0.4599642,-2.225055,-0.1429772,0.02953276,2.091547,0.8906063,-0.05744915,0.4511319,-0.05585606,0.9706604,0.2338771,-0.4513319,-0.2334908,0.8612674,moving,-46.60459,-18.93391,-3.91063,0.8089658,-36.48865384488508,-16.359930202256685,47.037807828765004,36.825244433325985,44.59520295592601
05/18/2023 18:41:37.020827,4689,True,True,True,True,Eyes,0.2299327,0.01642362,-3.100122,-0.7002197,-0.2272709,0.6767868,0.0,0.0,0.0,0.0,0.0,0.0,0.0,1.177228,0.6708868,2.60657,0.1430464,0.008246735,-2.934218,0.1182322,-0.2302645,-0.0008587578,0.9659186,13.17993,332.8014,356.6964,0.08567723,0.005854208,-0.9963054,0.0,0.0,0.0,-1.459255,-0.3822598,-2.188358,-0.141969,0.03215012,2.091685,0.8939551,-0.05610834,0.4446305,-0.05279038,0.9720409,0.2288008,-0.4450366,-0.2280099,0.8659988,moving,-45.97492,-18.5625,-3.882883,0.8805922,-35.90907642117169,-15.997861963145702,46.365649063795814,36.20164747615378,44.021390764103515
05/18/2023 18:41:37.041243,4690,True,True,True,True,Eyes,0.2262899,0.01608502,-3.09242,-0.6931154,-0.2252956,0.6847138,0.0,0.0,0.0,0.0,0.0,0.0,0.0,1.156649,0.6534098,2.610188,0.1415588,0.007636636,-2.925365,0.1152832,-0.2269261,-0.001101608,0.9670642,12.8543,333.2277,356.7982,0.08450695,0.005797159,-0.9964057,0.0,0.0,0.0,-1.448498,-0.3870647,-2.15719,-0.1409779,0.03472279,2.091819,0.8970066,-0.05445216,0.4386501,-0.05019087,0.9734172,0.2234724,-0.4391582,-0.2224725,0.8704286,moving,-45.34937,-18.21308,-3.85561,0.950984,-35.332915830092844,-15.656471476903192,45.70550806996566,35.589722670154636,43.45290635738463
05/18/2023 18:41:37.061139,4691,True,True,True,True,Eyes,0.2227343,0.01584763,-3.084641,-0.6860582,-0.2231647,0.692475,0.0,0.0,0.0,0.0,0.0,0.0,0.0,1.13588,0.6528898,2.609433,0.1400861,0.009489715,-2.916491,0.1158604,-0.2235592,-0.0008048331,0.9677796,12.9379,333.6295,356.8614,0.08335461,0.005736221,-0.9965031,0.0,0.0,0.0,-1.437817,-0.390377,-2.12108,-0.1399463,0.03740191,2.09196,0.9000413,-0.05336112,0.4325255,-0.05024552,0.9731514,0.2246145,-0.4328985,-0.2238948,0.8731953,moving,-44.7333,-17.86263,-3.827226,1.024276,-34.76560815962572,-15.314333899781882,45.05576664919055,34.987621584101674,42.89299399717572
05/18/2023 18:41:37.071264,4692,True,True,True,True,Eyes,0.2192531,0.01557943,-3.076834,-0.6790501,-0.2205358,0.7001821,0.0,0.0,0.0,0.0,0.0,0.0,0.0,1.116936,0.6336203,2.611572,0.1385701,0.01163061,-2.906887,0.1130075,-0.2205834,-0.001524033,0.9687982,12.60865,334.0035,356.898,0.08222184,0.005675067,-0.9965976,0.0,0.0,0.0,-1.435362,-0.3586357,-2.088724,-0.1388525,0.04024251,2.092109,0.9026812,-0.0528081,0.4270572,-0.04690218,0.974454,0.2196352,-0.4277461,-0.2182905,0.8771445,moving,-44.12221,-17.48282,-3.797132,1.10197,-34.20350418745565,-14.944828310791898,44.40164788665151,34.380913391434355,42.332818745286524
05/18/2023 18:41:37.091196,4693,True,True,True,True,Eyes,0.2158815,0.01544461,-3.069031,-0.6719806,-0.2184471,0.7076177,0.0,0.0,0.0,0.0,0.0,0.0,0.0,1.104258,0.5923695,2.616856,0.137513,0.01047899,-2.898138,0.1054455,-0.2187766,-0.003376988,0.9700551,11.7182,334.2648,356.9153,0.08110801,0.005612656,-0.9966893,0.0,0.0,0.0,-1.4118,-0.3966112,-2.052512,-0.1378658,0.04280455,2.092243,0.9042508,-0.05268975,0.4237384,-0.03958629,0.9777397,0.2060535,-0.4251627,-0.2030983,0.8820361,moving,-43.52029,-17.15587,-3.769986,1.172033,-33.648929992642046,-14.625011518494237,43.77212236652257,33.79789800615904,41.784594139339596
05/18/2023 18:41:37.100711,4694,True,True,True,True,Eyes,0.2125661,0.01540342,-3.06116,-0.6648245,-0.216248,0.7150141,0.0,0.0,0.0,0.0,0.0,0.0,0.0,1.079386,0.6216608,2.611912,0.136697,0.0136518,-2.890458,0.1113828,-0.2148557,-0.003769193,0.9702663,12.3875,334.6763,356.7615,0.08001484,0.005553438,-0.996778,0.0,0.0,0.0,-1.397074,-0.402637,-2.01694,-0.1368296,0.04549529,2.092384,0.9076455,-0.05517671,0.416095,-0.04054823,0.9751593,0.2177616,-0.4177742,-0.2145223,0.8828618,moving,-42.91687,-16.82735,-3.74148,1.245602,-33.09298827974121,-14.303690809946849,43.14328192947778,33.21583274863332,41.235712704552455
05/18/2023 18:41:37.120935,4695,True,True,True,True,Eyes,0.2093635,0.01537091,-3.053279,-0.6578464,-0.2133473,0.7223026,0.0,0.0,0.0,0.0,0.0,0.0,0.0,1.054963,0.6035601,2.615422,0.1349336,0.01580946,-2.880834,0.1084913,-0.2109359,-0.005854814,0.9714429,12.02369,335.1455,356.6505,0.07894094,0.005500095,-0.9968638,0.0,0.0,0.0,-1.384696,-0.3747733,-1.974688,-0.13581,0.0481426,2.092523,0.9109436,-0.05714463,0.4085539,-0.03439416,0.9763907,0.2132561,-0.4110947,-0.2083161,0.8874714,moving,-42.3261,-16.45561,-3.713431,1.317969,-32.54966292984052,-13.942204219275542,42.50692082205911,32.625161433989085,40.685938575517035
05/18/2023 18:41:37.141290,4696,True,True,True,True,Eyes,0.2062432,0.01535214,-3.045419,-0.6507319,-0.2107876,0.7294632,0.0,0.0,0.0,0.0,0.0,0.0,0.0,1.045599,0.546079,2.622907,0.1344135,0.01580597,-2.872769,0.09837327,-0.209515,-0.006570083,0.9728222,10.8738,335.3918,356.8476,0.07788841,0.005452365,-0.996947,0.0,0.0,0.0,-1.3642,-0.3845991,-1.936775,-0.1347682,0.05084805,2.092664,0.9121206,-0.05400439,0.406349,-0.02843831,0.9805591,0.1941525,-0.4089344,-0.1886463,0.8928523,moving,-41.73518,-16.11732,-3.684778,1.391913,-32.0055558185315,-13.612024601564103,41.88563396452169,32.04972074446601,40.1427996803953
05/18/2023 18:41:37.151013,4697,True,True,True,True,Eyes,0.2032119,0.01542321,-3.037527,-0.6436139,-0.2082098,0.7364847,0.0,0.0,0.0,0.0,0.0,0.0,0.0,1.022083,0.5525082,2.622554,0.1337103,0.01613623,-2.865235,0.09986588,-0.2056391,-0.006227348,0.9734993,11.06237,335.8438,356.8928,0.07685658,0.0054101,-0.9970272,0.0,0.0,0.0,-1.346956,-0.3828032,-1.899045,-0.1337213,0.05356698,2.092807,0.9153476,-0.05319729,0.3991352,-0.02894802,0.9799761,0.1969998,-0.4016228,-0.1918775,0.8954788,moving,-41.15021,-15.786,-3.655982,1.466209,-31.46685894824244,-13.288505369094256,41.2729433006136,31.482478821462568,39.60508949300393
05/18/2023 18:41:37.171196,4698,True,True,True,True,Eyes,0.2002717,0.01556433,-3.029573,-0.6365848,-0.2046041,0.7435704,0.0,0.0,0.0,0.0,0.0,0.0,0.0,0.9996473,0.5410837,2.624105,0.1327491,0.01833826,-2.856577,0.09840033,-0.2019683,-0.006698892,0.9744135,10.89789,336.2859,356.9176,0.07584644,0.005375735,-0.9971048,0.0,0.0,0.0,-1.337482,-0.3417205,-1.859051,-0.1327228,0.05615899,2.092943,0.9183278,-0.05280247,0.3922828,-0.02669251,0.980545,0.1944711,-0.3949195,-0.1890593,0.8990524,moving,-40.56746,-15.38501,-3.62852,1.537023,-30.931567757426137,-12.89982332545004,40.63053641261322,30.884930770020397,39.04876132102388
05/18/2023 18:41:37.191207,4699,True,True,True,True,Eyes,0.1974329,0.01571074,-3.021604,-0.6296019,-0.2006294,0.750566,0.0,0.0,0.0,0.0,0.0,0.0,0.0,0.9801125,0.4791453,2.633301,0.1318173,0.01996632,-2.847227,0.08768818,-0.1986909,-0.00778692,0.9761005,9.676819,336.7422,357.0899,0.07485847,0.005350813,-0.9971796,0.0,0.0,0.0,-1.324527,-0.3271559,-1.825385,-0.131704,0.05880512,2.093081,0.9209226,-0.05004731,0.3865189,-0.01964404,0.9845003,0.1742793,-0.3892501,-0.1680905,0.9056655,moving,-39.99114,-14.96551,-3.600505,1.609302,-30.40262308623653,-12.493962456368097,39.98753191356737,30.286227930114094,38.492476943888086
05/18/2023 18:41:37.201176,4700,True,True,True,True,Eyes,0.1946706,0.01585404,-3.013626,-0.6225316,-0.1967628,0.7574555,0.0,0.0,0.0,0.0,0.0,0.0,0.0,0.9612852,0.4393723,2.638176,0.1313564,0.02011999,-2.838913,0.08086958,-0.195537,-0.007404102,0.9773284,8.927044,337.1633,357.3254,0.07389331,0.005334593,-0.9972516,0.0,0.0,0.0,-1.30364,-0.3456244,-1.792742,-0.1306646,0.06150416,2.093223,0.9234209,-0.04609847,0.3810102,-0.01715351,0.9868106,0.1609678,-0.3834053,-0.1551767,0.9104508,moving,-39.41583,-14.56177,-3.571923,1.68301,-29.874317022617724,-12.102876637926428,39.35325331243973,29.69623884795506,37.9395894789291
05/18/2023 18:41:37.220957,4701,True,True,True,True,Eyes,0.1920037,0.01597985,-3.00564,-0.6154703,-0.1929299,0.7641821,0.0,0.0,0.0,0.0,0.0,0.0,0.0,0.9382449,0.4308657,2.638952,0.1306942,0.02016695,-2.830641,0.07950637,-0.1917579,-0.007833466,0.9781854,8.774132,337.6135,357.3428,0.07295099,0.005326137,-0.9973211,0.0,0.0,0.0,-1.286184,-0.3493132,-1.760669,-0.1296367,0.064173,2.093363,0.9263351,-0.04581711,0.3739038,-0.01516679,0.9872347,0.1585482,-0.3763951,-0.1525397,0.9138154,moving,-38.84788,-14.16914,-3.543659,1.755879,-29.352655533787484,-11.72235867332893,38.72975923714479,29.116441967723283,37.39309481260871
05/18/2023 18:41:37.241110,4702,True,True,True,True,Eyes,0.1894117,0.01609772,-2.997675,-0.6083075,-0.1894408,0.770762,0.0,0.0,0.0,0.0,0.0,0.0,0.0,0.9173498,0.4233088,2.638747,0.1302589,0.01984945,-2.822471,0.07819504,-0.1884221,-0.008616176,0.9789323,8.618137,338.0078,357.3138,0.07203148,0.005324117,-0.9973879,0.0,0.0,0.0,-1.26932,-0.3439199,-1.727187,-0.1286168,0.06682117,2.093501,0.9288457,-0.04633665,0.3675575,-0.01259804,0.9876226,0.1563422,-0.3702524,-0.1498483,0.9167653,moving,-38.28152,-13.80865,-3.515618,1.828168,-28.831858700761764,-11.37196130836315,38.120572123706744,28.55092742760582,36.85345837981728
05/18/2023 18:41:37.260884,4703,True,True,True,True,Eyes,0.1869078,0.01622952,-2.989717,-0.6010971,-0.1862522,0.7771695,0.0,0.0,0.0,0.0,0.0,0.0,0.0,0.8951336,0.4280967,2.637405,0.1300078,0.01973553,-2.814808,0.07913259,-0.1848795,-0.009429967,0.9795247,8.716059,338.412,357.232,0.07113477,0.005327655,-0.9974523,0.0,0.0,0.0,-1.248287,-0.3634958,-1.698433,-0.1275566,0.06957507,2.093646,0.9314613,-0.04773375,0.3606956,-0.01078621,0.9872982,0.1585114,-0.3636805,-0.1515378,0.9191152,moving,-37.71994,-13.47701,-3.486469,1.903327,-28.31496200462669,-11.048678013208589,37.529792204879186,28.003722944333255,36.32552975471638
05/18/2023 18:41:37.271057,4704,True,True,True,True,Eyes,0.1255865,0.01906936,-2.791261,-0.399734,-0.1061931,0.9104592,0.0,0.0,0.0,0.0,0.0,0.0,0.0,0.8698213,0.4409593,2.635449,0.1295479,0.0202426,-2.807033,0.08158345,-0.1807991,-0.01079889,0.9800711,8.975393,338.8649,357.0597,0.07026149,0.005336681,-0.9975141,0.0,0.0,0.0,-1.227423,-0.3874905,-1.671655,-0.1265421,0.072209,2.093784,0.9343902,-0.0506678,0.35263,-0.008333063,0.986455,0.16382,-0.356154,-0.1560103,0.9213116,moving,-23.70371,-6.652739,-3.45858,1.975195,-15.386076308841607,-4.340039621552512,22.006965575136796,13.496197854310141,21.765413479438422
05/18/2023 18:41:37.291385,4705,True,True,True,True,Eyes,0.1255936,0.01906308,-2.79096,-0.399471,-0.1064114,0.910549,0.0,0.0,0.0,0.0,0.0,0.0,0.0,0.84909,0.4409674,2.633878,0.1293774,0.01998899,-2.799212,0.08163678,-0.1775248,-0.01180819,0.9806534,8.970288,339.2407,356.9739,0.06722043,0.005526971,-0.9977226,-0.1839636,0.008519506,0.5953674,-1.206911,-0.4034958,-1.64448,-0.1255276,0.07484317,2.093922,0.936691,-0.05214458,0.3462527,-0.005825625,0.986392,0.1643072,-0.3501086,-0.1559222,0.9236407,moving,-23.68776,-6.665645,-3.430695,2.047055,-15.370966922395732,-4.351754958782858,22.05129981892734,13.546765756791197,21.807897946262376
05/18/2023 18:41:37.301412,4706,True,True,True,True,Eyes,0.1255941,0.01908108,-2.790371,-0.3988,-0.106894,0.9107866,0.0,0.0,0.0,0.0,0.0,0.0,0.0,0.8263221,0.4561451,2.630559,0.1294969,0.01987944,-2.791694,0.08451175,-0.1739461,-0.01256518,0.9810416,9.290939,339.6358,356.8601,0.06467145,0.005682871,-0.9978902,-0.1729258,0.008008336,0.5596454,-1.185898,-0.4194558,-1.617769,-0.124446,0.07765248,2.094069,0.9391698,-0.05405491,0.339173,-0.004747057,0.9853998,0.1701904,-0.3434206,-0.1614478,0.9252011,moving,-23.64684,-6.693868,-3.400964,2.123675,-15.33229733661807,-4.377235920761943,22.082675552664018,13.58744118622692,21.836660905383596
05/18/2023 18:41:37.320960,4707,True,True,True,True,Eyes,0.1256032,0.01910894,-2.789505,-0.3978865,-0.1074149,0.9111248,0.0,0.0,0.0,0.0,0.0,0.0,0.0,0.8012587,0.4763611,2.626755,0.129432,0.02056215,-2.78417,0.08837016,-0.1699899,-0.01414494,0.9813735,9.708714,340.0603,356.6378,0.06252754,0.005811871,-0.9980261,-0.1625503,0.007527836,0.5260667,-1.165545,-0.4326634,-1.591222,-0.1234073,0.08034974,2.09421,0.9418067,-0.05780699,0.3311471,-0.002281133,0.9839813,0.1782573,-0.3361471,-0.1686393,0.9265884,moving,-23.5908,-6.723715,-3.372417,2.197222,-15.279508263307664,-4.403890862148418,22.099007400620014,13.61445971647641,21.850476719736502
05/18/2023 18:41:37.341858,4708,True,True,True,True,Eyes,0.1256044,0.01916886,-2.788389,-0.3965624,-0.1079875,0.9116343,0.0,0.0,0.0,0.0,0.0,0.0,0.0,0.7779641,0.4808125,2.625032,0.1295904,0.02083772,-2.776684,0.08930911,-0.1663034,-0.01564925,0.9818973,9.798266,340.4727,356.4838,0.06071793,0.005919585,-0.9981372,-0.1527973,0.007076166,0.4945027,-1.149138,-0.4325418,-1.564827,-0.1223649,0.08305582,2.094352,0.9441966,-0.06043671,0.3237904,0.001027104,0.983558,0.1805898,-0.3293808,-0.1701797,0.9287342,moving,-23.50912,-6.755483,-3.34377,2.270991,-15.20279181232876,-4.431756950582718,22.09340565633049,13.622159462960713,21.84250143382066
05/18/2023 18:41:37.351140,4709,True,True,True,True,Eyes,0.1256225,0.0192576,-2.787013,-0.3949706,-0.1086477,0.9122466,0.0,0.0,0.0,0.0,0.0,0.0,0.0,0.7519307,0.4931437,2.622714,0.1297995,0.02170731,-2.769458,0.09186883,-0.162094,-0.01670085,0.9823477,10.08331,340.9388,356.3549,0.05914702,0.006014414,-0.9982309,-0.1436294,0.006651596,0.4648325,-1.134205,-0.4289178,-1.539206,-0.1214252,0.08549625,2.09448,0.9468932,-0.06259485,0.3153968,0.0030293,0.9825624,0.1859085,-0.3215339,-0.17508,0.9305713,moving,-23.41091,-6.791882,-3.317946,2.337505,-15.110584369708766,-4.463579399695004,22.069728346789073,13.613268113517128,21.81647998460263
05/18/2023 18:41:37.371156,4710,True,True,True,True,Eyes,0.1256606,0.019384,-2.785398,-0.393153,-0.1092548,0.912959,0.0,0.0,0.0,0.0,0.0,0.0,0.0,0.7253385,0.4987194,2.621178,0.1301532,0.02251063,-2.761877,0.09325212,-0.1577449,-0.01737723,0.9829134,10.24369,341.4329,356.2955,0.05773574,0.006103276,-0.998313,-0.1350117,0.0062525,0.4369426,-1.119555,-0.4256806,-1.514036,-0.12034,0.08831376,2.094627,0.9496291,-0.06358071,0.3068582,0.004740526,0.9820042,0.1887998,-0.3133401,-0.1778352,0.9328411,moving,-23.29845,-6.824197,-3.28813,2.414277,-15.005177628955368,-4.491252851231706,22.04001606966465,13.600571593336095,21.78468478695372
05/18/2023 18:41:37.391238,4711,True,True,True,True,Eyes,0.1257228,0.0195783,-2.783546,-0.3913933,-0.1068387,0.9140004,0.0,0.0,0.0,0.0,0.0,0.0,0.0,0.7021713,0.4931745,2.620862,0.1306117,0.02353624,-2.754554,0.0927166,-0.1538838,-0.01720815,0.9835789,10.20043,341.8915,356.3657,0.0564692,0.00618819,-0.9983848,-0.126911,0.00587735,0.410726,-1.105445,-0.4285998,-1.491986,-0.1193158,0.09097305,2.094767,0.9520473,-0.0623863,0.2995227,0.005315984,0.982215,0.1876843,-0.3059046,-0.177092,0.9354469,moving,-23.18158,-6.667124,-3.259988,2.48672,-14.899296665346414,-4.341551342969802,21.92402079434336,13.49439868020916,21.6781970162963
05/18/2023 18:41:37.400942,4712,True,True,True,True,Eyes,0.1258116,0.01978792,-2.781458,-0.3894271,-0.1043845,0.9151232,0.0,0.0,0.0,0.0,0.0,0.0,0.0,0.6773878,0.4864334,2.620693,0.1311122,0.0247131,-2.746944,0.09197924,-0.149739,-0.01721462,0.9842875,10.13177,342.3826,356.422,0.05533517,0.006271985,-0.9984478,-0.1192963,0.005524709,0.3860824,-1.090475,-0.4301609,-1.468918,-0.1183411,0.09350419,2.094899,0.9545637,-0.06143403,0.2916057,0.006342506,0.982487,0.1862234,-0.2979393,-0.1759126,0.9382361,moving,-23.05199,-6.507379,-3.233209,2.555656,-14.781614907153395,-4.189057546473228,21.79272088880106,13.37373694299222,21.556524217601158
05/18/2023 18:41:37.420770,4713,True,True,True,True,Eyes,0.125929,0.02000384,-2.77915,-0.3872215,-0.1019763,0.9163299,0.0,0.0,0.0,0.0,0.0,0.0,0.0,0.6536571,0.4730075,2.621205,0.1316581,0.02525877,-2.739297,0.08986216,-0.1457734,-0.01747631,0.9850734,9.90101,342.8589,356.4714,0.05432053,0.006355483,-0.998503,-0.1121385,0.005193227,0.3629175,-1.078504,-0.4199846,-1.444965,-0.1173056,0.09619352,2.09504,0.9568895,-0.0606299,0.2840539,0.00823188,0.9832388,0.1821368,-0.2903358,-0.1719465,0.9413499,moving,-22.90788,-6.350188,-3.204763,2.628882,-14.650354872462351,-4.038621978780488,21.652633040362296,13.246025162969827,21.4257627282576
05/18/2023 18:41:37.441299,4714,True,True,True,True,Eyes,0.1260078,0.02022567,-2.776645,-0.3847983,-0.09972196,0.9175979,0.0,0.0,0.0,0.0,0.0,0.0,0.0,0.6283166,0.4670296,2.620621,0.1323931,0.02561475,-2.731734,0.08908786,-0.141564,-0.01773594,0.9857528,9.823617,343.3542,356.4979,0.05341543,0.006438956,-0.9985512,-0.1054102,0.004881633,0.3411424,-1.065145,-0.4093159,-1.419501,-0.1162701,0.09888223,2.095181,0.9592901,-0.06018977,0.275934,0.009743247,0.9834976,0.1806587,-0.2822542,-0.1706157,0.944046,moving,-22.75093,-6.202403,-3.176316,2.702073,-14.50695042151383,-3.8966968194750686,21.50477170498613,13.112095161506762,21.28657693773983
05/18/2023 18:41:37.450951,4715,True,True,True,True,Eyes,0.1261224,0.02045912,-2.773933,-0.3821505,-0.09760261,0.9189313,0.0,0.0,0.0,0.0,0.0,0.0,0.0,0.6031042,0.4663534,2.618852,0.1331012,0.02594144,-2.724192,0.08929688,-0.1373837,-0.01796513,0.9863212,9.858443,343.8396,356.51,0.05260746,0.006522724,-0.9985936,-0.09908559,0.004588735,0.3206739,-1.049737,-0.4134933,-1.397928,-0.1152055,0.1016465,2.095326,0.961606,-0.05997464,0.2678003,0.01090292,0.9834067,0.181087,-0.2742172,-0.1712145,0.9463037,moving,-22.58067,-6.062836,-3.147077,2.777303,-14.350986424716863,-3.762159297950388,21.3497680181535,12.972746569002801,21.139675401716495
05/18/2023 18:41:37.471083,4716,True,True,True,True,Eyes,0.1263075,0.02068964,-2.771003,-0.3792669,-0.09559751,0.9203357,0.0,0.0,0.0,0.0,0.0,0.0,0.0,0.5773025,0.4670113,2.616627,0.13401,0.02646292,-2.716515,0.08978574,-0.1331399,-0.01837483,0.9868509,9.922588,344.3287,356.4977,0.05188912,0.006607188,-0.9986306,-0.09314045,0.004313411,0.3014335,-1.033346,-0.4207408,-1.376703,-0.1142153,0.1042179,2.09546,0.9638723,-0.06017458,0.259479,0.0123583,0.9832018,0.1821031,-0.2660781,-0.1723174,0.9484246,moving,-22.39638,-5.930185,-3.119879,2.847264,-14.181816998674924,-3.633774212219586,21.18081919451186,12.820699224097671,20.97845528624536
05/18/2023 18:41:37.491360,4717,True,True,True,True,Eyes,0.1265311,0.02090976,-2.767881,-0.3761632,-0.09374596,0.9217987,0.0,0.0,0.0,0.0,0.0,0.0,0.0,0.5504717,0.4657361,2.614532,0.1348644,0.02667119,-2.708654,0.08985606,-0.1286927,-0.01899259,0.9874227,9.936893,344.8419,356.4707,0.0512543,0.006692246,-0.9986629,-0.08755203,0.004054606,0.2833475,-1.019091,-0.4177931,-1.354689,-0.1131774,0.1069133,2.095602,0.9661549,-0.06063505,0.250735,0.01437978,0.9831304,0.1823402,-0.2575614,-0.1725634,0.9507282,moving,-22.19916,-5.806956,-3.091375,2.920581,-14.000418990252989,-3.5139124510772826,21.006602526172433,12.66530484249121,20.81134897980521
05/18/2023 18:41:37.501346,4718,True,True,True,True,Eyes,0.1268086,0.02112752,-2.764567,-0.3728723,-0.09221895,0.9232886,0.0,0.0,0.0,0.0,0.0,0.0,0.0,0.5237767,0.4681931,2.611683,0.1359392,0.02665841,-2.700971,0.09062963,-0.1242613,-0.01905163,0.9879183,10.03994,345.3541,356.4969,0.05069624,0.006777543,-0.9986908,-0.0822989,0.00381133,0.2663466,-1.00543,-0.4140672,-1.333002,-0.1121477,0.1095868,2.095742,0.9683923,-0.06016641,0.2420668,0.01511938,0.9828466,0.1838041,-0.2489733,-0.1743345,0.9526908,moving,-21.99144,-5.70384,-3.063099,2.993282,-13.808851404181176,-3.4126368064241666,20.830795090326365,12.510275396107968,20.641553841109193
05/18/2023 18:41:37.521095,4719,True,True,True,True,Eyes,0.127125,0.02132979,-2.761072,-0.3693929,-0.09075063,0.9248315,0.0,0.0,0.0,0.0,0.0,0.0,0.0,0.4965347,0.4738033,2.608001,0.1369164,0.02689119,-2.693183,0.09203558,-0.1197309,-0.01935302,0.9883419,10.212,345.8714,356.4876,0.05020874,0.00686318,-0.9987148,-0.07736097,0.00358265,0.2503658,-0.9912554,-0.4070792,-1.310464,-0.1110793,0.1123609,2.095887,0.97058,-0.0602938,0.2331077,0.01621581,0.9823098,0.1865595,-0.2402323,-0.1772909,0.954388,moving,-21.77258,-5.604302,-3.033765,3.068701,-13.606835261070673,-3.3144552700921075,20.64858757015196,12.350485768339366,20.465106452195393
05/18/2023 18:41:37.541109,4720,True,True,True,True,Eyes,0.1274766,0.0215128,-2.757396,-0.3657856,-0.0897,0.9263664,0.0,0.0,0.0,0.0,0.0,0.0,0.0,0.4711132,0.471697,2.605111,0.1380951,0.02672055,-2.68538,0.09191413,-0.1155305,-0.01977821,0.9888446,10.20715,346.3582,356.4842,0.04978704,0.00694854,-0.9987345,-0.07271931,0.003367691,0.2353438,-0.9772698,-0.4021641,-1.288631,-0.1100807,0.1149542,2.096023,0.972523,-0.06035291,0.2248476,0.01787737,0.9823212,0.1863475,-0.2321192,-0.1772076,0.956409,moving,-21.54711,-5.530704,-3.006346,3.139183,-13.39816227837702,-3.2404031865297247,20.467703102606922,12.193808489348292,20.288707673510327
05/18/2023 18:41:37.551109,4721,True,True,True,True,Eyes,0.1370854,0.0257162,-2.661121,-0.2688795,-0.06495696,0.960981,0.0,0.0,0.0,0.0,0.0,0.0,0.0,0.4451104,0.4717429,2.601501,0.1392611,0.02649206,-2.677382,0.0922086,-0.1112115,-0.02010213,0.9893057,10.25176,346.857,356.4878,0.04942634,0.007033015,-0.9987513,-0.06835616,0.003165629,0.2212232,-0.9652606,-0.3944965,-1.268074,-0.1090716,0.1175745,2.096161,0.9744558,-0.06028362,0.2163371,0.01926499,0.982187,0.1869162,-0.2237515,-0.1779738,0.9582592,moving,-15.63146,-3.866993,-2.978642,3.21038,-7.918085361617294,-1.547682283730868,14.49768988226238,6.858371338626056,14.419635631772893
05/18/2023 18:41:37.571111,4722,True,True,True,True,Eyes,0.1371893,0.02568678,-2.660785,-0.2686084,-0.06510361,0.9610469,0.0,0.0,0.0,0.0,0.0,0.0,0.0,0.4186794,0.472504,2.597564,0.1403549,0.02631046,-2.669363,0.09263413,-0.1068155,-0.0208284,0.989735,10.30668,347.3598,356.4443,0.04962806,0.007294755,-0.9987391,-0.03542841,0.01558588,0.4967751,-0.9540152,-0.3881125,-1.248367,-0.1080263,0.1202885,2.096303,0.9763132,-0.06101872,0.2075792,0.02143968,0.9819702,0.1878161,-0.2152969,-0.1789169,0.9600187,moving,-15.61545,-3.875432,-2.949946,3.284103,-7.903005803006822,-1.555214974201887,14.549018282696636,6.924723811647323,14.470242047313981
05/18/2023 18:41:37.590923,4723,True,True,True,True,Eyes,0.137343,0.02562551,-2.660143,-0.2680408,-0.06528133,0.9611933,0.0,0.0,0.0,0.0,0.0,0.0,0.0,0.3943108,0.4687477,2.593764,0.1415477,0.0256419,-2.661226,0.09213071,-0.1027727,-0.02135607,0.9901988,10.25712,347.8287,356.4325,0.04981415,0.007529338,-0.9987279,-0.03330271,0.01465073,0.4669686,-0.9451594,-0.3795398,-1.229855,-0.1070395,0.1228513,2.096437,0.9779634,-0.06123056,0.1995957,0.02335647,0.9821116,0.1868451,-0.2074659,-0.1780658,0.9618995,moving,-15.5818,-3.885389,-2.922858,3.353701,-7.871460738197767,-1.563764733724231,14.582634761505343,6.976398662838186,14.503219452008908
05/18/2023 18:41:37.601012,4724,True,True,True,True,Eyes,0.137572,0.02553665,-2.659194,-0.2672117,-0.06561697,0.9614012,0.0,0.0,0.0,0.0,0.0,0.0,0.0,0.3703206,0.4696823,2.589039,0.1428302,0.02482407,-2.653271,0.09249942,-0.09880098,-0.02166476,0.9905618,10.30988,348.2862,356.4337,0.04998862,0.007738391,-0.9987174,-0.03130454,0.01377168,0.4389505,-0.9343278,-0.3741717,-1.211047,-0.1059946,0.125564,2.096579,0.979538,-0.06119864,0.191729,0.02464251,0.981949,0.1875338,-0.199745,-0.1789718,0.9633645,moving,-15.53273,-3.904462,-2.894181,3.427346,-7.825372863899052,-1.5804943870547854,14.611239830153533,7.028166086597643,14.531002325610276
05/18/2023 18:41:37.620985,4725,True,True,True,True,Eyes,0.1378513,0.02542513,-2.657946,-0.2661377,-0.06592904,0.9616777,0.0,0.0,0.0,0.0,0.0,0.0,0.0,0.3474444,0.4724453,2.583374,0.1440877,0.02412974,-2.645071,0.09325098,-0.09503801,-0.0220053,0.9908521,10.40548,348.7168,356.4248,0.05015605,0.007923541,-0.9987075,-0.02942627,0.01294538,0.4126135,-0.9234269,-0.3687464,-1.192486,-0.1049805,0.1281976,2.096717,0.9809671,-0.06133276,0.1842332,0.02588321,0.98164,0.1889785,-0.1924412,-0.1806132,0.9645441,moving,-15.46906,-3.921849,-2.866349,3.498826,-7.76571354884922,-1.5953116447589455,14.625140751635385,7.067815173465612,14.544224046072348
05/18/2023 18:41:37.641235,4726,True,True,True,True,Eyes,0.138165,0.02530318,-2.65641,-0.2647843,-0.06623539,0.9620302,0.0,0.0,0.0,0.0,0.0,0.0,0.0,0.3256707,0.4697429,2.578191,0.1455131,0.02353069,-2.636676,0.09299889,-0.0914423,-0.02199699,0.9912143,10.38961,349.1371,356.4669,0.05031963,0.00808643,-0.9986979,-0.02766069,0.01216866,0.3878566,-0.9125465,-0.3556049,-1.172189,-0.1039504,0.1308726,2.096857,0.9823089,-0.06061553,0.1771864,0.0265994,0.9817347,0.1883866,-0.1853692,-0.1803408,0.965979,moving,-15.38876,-3.938576,-2.838081,3.571409,-7.690571614107487,-1.6091304069280348,14.62598434503695,7.0982148253441535,14.54450431682565
05/18/2023 18:41:37.651086,4727,True,True,True,True,Eyes,0.1385232,0.02517097,-2.654583,-0.2632028,-0.06645272,0.9624492,0.0,0.0,0.0,0.0,0.0,0.0,0.0,0.3044384,0.465695,2.57295,0.1469034,0.02314981,-2.628215,0.09251216,-0.08796187,-0.02253004,0.9915627,10.34062,349.5396,356.4476,0.0504816,0.008228991,-0.9986886,-0.02600105,0.01143854,0.3645852,-0.9008288,-0.3448399,-1.152592,-0.1029012,0.1335966,2.097,0.9835102,-0.06095497,0.1702708,0.0284048,0.9818678,0.1874268,-0.178608,-0.1794996,0.9674084,moving,-15.29482,-3.949744,-2.809288,3.645298,-7.602827068419556,-1.617433483073099,14.614142886423,7.118592519830967,14.532328169261808
05/18/2023 18:41:37.671252,4728,True,True,True,True,Eyes,0.1389245,0.02502235,-2.652474,-0.2613448,-0.06650479,0.9629518,0.0,0.0,0.0,0.0,0.0,0.0,0.0,0.2826519,0.4590459,2.567697,0.148261,0.02269623,-2.619387,0.09151877,-0.08437476,-0.02341374,0.991946,10.23072,349.9534,356.394,0.05064438,0.008352969,-0.9986794,-0.02444099,0.01075223,0.3427101,-0.8885362,-0.3318011,-1.13224,-0.1018945,0.1362113,2.097137,0.9846655,-0.06189409,0.1631048,0.03100659,0.9821522,0.1855144,-0.171676,-0.1776123,0.9690104,moving,-15.1843,-3.950772,-2.781667,3.716203,-7.499828438340469,-1.6158655862856035,14.581077154425664,7.119831653002531,14.499335740105478
05/18/2023 18:41:37.691339,4729,True,True,True,True,Eyes,0.1393704,0.02484464,-2.650082,-0.2592508,-0.06643999,0.9635221,0.0,0.0,0.0,0.0,0.0,0.0,0.0,0.261586,0.4482259,2.562869,0.1497231,0.02212422,-2.610503,0.08970303,-0.08088829,-0.02414556,0.9923847,10.02824,350.3613,356.3648,0.05081009,0.008459697,-0.9986702,-0.02297453,0.01010709,0.3221475,-0.8769131,-0.318225,-1.113024,-0.1008486,0.1389268,2.097279,0.9857481,-0.06243522,0.1562128,0.03341152,0.9827407,0.181946,-0.1648765,-0.1741337,0.9708209,moving,-15.05967,-3.944606,-2.752973,3.78982,-7.38382064686818,-1.6072408247391516,14.535340952288838,7.111470697010472,14.453953730327136
05/18/2023 18:41:37.700927,4730,True,True,True,True,Eyes,0.1398569,0.02463289,-2.64742,-0.2568397,-0.06631637,0.9641761,0.0,0.0,0.0,0.0,0.0,0.0,0.0,0.2382274,0.4391325,2.557492,0.1511708,0.02122334,-2.601356,0.0881784,-0.07694222,-0.02471966,0.992821,9.862643,350.8223,356.3539,0.05098069,0.008549897,-0.9986607,-0.02159606,0.009500667,0.3028186,-0.8648568,-0.3170457,-1.09643,-0.09984332,0.1415375,2.097416,0.9869376,-0.06265367,0.1484202,0.0355151,0.983227,0.1788947,-0.1571392,-0.1712867,0.9726089,moving,-14.91622,-3.934628,-2.725394,3.860571,-7.250350161193678,-1.594617046110323,14.47001610268202,7.087616304453112,14.38922100742812
05/18/2023 18:41:37.720924,4731,True,True,True,True,Eyes,0.1403833,0.02440428,-2.644488,-0.25419,-0.06620702,0.9648855,0.0,0.0,0.0,0.0,0.0,0.0,0.0,0.2142887,0.4344115,2.551226,0.1526283,0.02020129,-2.592235,0.08748034,-0.07288478,-0.02527058,0.9931749,9.792639,351.2918,356.3375,0.05115779,0.00862402,-0.9986511,-0.02030029,0.008930626,0.2846495,-0.8546124,-0.3005008,-1.077552,-0.09881371,0.1442109,2.097556,0.9880984,-0.06294818,0.1403533,0.03744425,0.9834172,0.1774502,-0.149196,-0.1700829,0.97407,moving,-14.75871,-3.92528,-2.697151,3.933003,-7.103766938672655,-1.5822610936761698,14.395617986685046,7.059490212044883,14.315489071535643
05/18/2023 18:41:37.741809,4732,True,True,True,True,Eyes,0.1409399,0.02414605,-2.641293,-0.251193,-0.06602156,0.9656828,0.0,0.0,0.0,0.0,0.0,0.0,0.0,0.1890826,0.4330635,2.543981,0.1540388,0.01957063,-2.582832,0.08753119,-0.06859496,-0.0261146,0.993454,9.807227,351.7813,356.2821,0.05134284,0.008683116,-0.9986411,-0.01908228,0.008394789,0.2675706,-0.8484733,-0.2664221,-1.058901,-0.09763342,0.1472757,2.097717,0.9892255,-0.0638957,0.1317202,0.0398789,0.9833127,0.1774991,-0.1408636,-0.1703338,0.9752661,moving,-14.58063,-3.911098,-2.664778,4.016012,-6.938110044478762,-1.5649094324154729,14.311764455789648,7.029086057032123,14.232494818215237
05/18/2023 18:41:37.751435,4733,True,True,True,True,Eyes,0.1415394,0.02386121,-2.637842,-0.2479556,-0.06579741,0.9665344,0.0,0.0,0.0,0.0,0.0,0.0,0.0,0.1628751,0.4283991,2.537024,0.1555049,0.01860364,-2.573328,0.08688862,-0.06406396,-0.02680595,0.9937945,9.745046,352.3036,356.2527,0.05153678,0.008727643,-0.9986307,-0.01793734,0.007891102,0.2515163,-0.8335806,-0.2851096,-1.046009,-0.09671772,0.1496531,2.097841,0.9903545,-0.06441207,0.1226745,0.04214636,0.9834636,0.1761335,-0.1319911,-0.1692643,0.9766924,moving,-14.38842,-3.894436,-2.639664,4.080381,-6.7593348790874135,-1.544912922621791,14.199682170070744,6.972490219992174,14.121555727796988
05/18/2023 18:41:37.771153,4734,True,True,True,True,Eyes,0.1421747,0.02352098,-2.634149,-0.2444214,-0.06553209,0.9674522,0.0,0.0,0.0,0.0,0.0,0.0,0.0,0.1365061,0.4233579,2.529808,0.1570539,0.01766992,-2.563751,0.08618717,-0.05947515,-0.02737254,0.9941254,9.677701,352.834,356.2382,0.0517409,0.008758115,-0.9986199,-0.0168611,0.007417636,0.2364253,-0.8199641,-0.2671086,-1.025577,-0.09571815,0.1522491,2.097977,0.9914269,-0.06467546,0.1135332,0.04417147,0.983645,0.1746177,-0.1229698,-0.1681057,0.9780689,moving,-14.17876,-3.875112,-2.612252,4.150649,-6.5643514687986215,-1.5220252007424535,14.078243744984137,6.913633111400067,14.001408601253024
05/18/2023 18:41:37.791530,4735,True,True,True,True,Eyes,0.1428514,0.02312449,-2.630222,-0.2406541,-0.06529244,0.9684123,0.0,0.0,0.0,0.0,0.0,0.0,0.0,0.1097947,0.4211085,2.521941,0.1585222,0.01601315,-2.554249,0.08589709,-0.05477629,-0.02774117,0.9944102,9.659627,353.3767,356.2438,0.05195612,0.008773895,-0.9986086,-0.01584943,0.006972577,0.2222398,-0.8143645,-0.2230118,-1.007875,-0.09470481,0.1548805,2.098115,0.99246,-0.06458244,0.1041744,0.04576195,0.9837043,0.173873,-0.113706,-0.1677947,0.9792425,moving,-13.95553,-3.857167,-2.584465,4.221854,-6.356697512198512,-1.5001176136860348,13.948895997628846,6.853517146248068,13.873415144851752
05/18/2023 18:41:37.801075,4736,True,True,True,True,Eyes,0.143531,0.02269216,-2.626078,-0.2365835,-0.06509176,0.9694284,0.0,0.0,0.0,0.0,0.0,0.0,0.0,0.08270848,0.4204576,2.513541,0.160109,0.01426946,-2.544734,0.08591165,-0.04998931,-0.02791759,0.9946561,9.678179,353.9298,356.2702,0.05218346,0.008774362,-0.9985967,-0.01489847,0.006554223,0.2089054,-0.7992972,-0.227071,-0.9926347,-0.09366775,0.1575733,2.098256,0.9934434,-0.06412613,0.09464745,0.04694748,0.9836796,0.1736962,-0.1042412,-0.1681139,0.9802405,moving,-13.71463,-3.841329,-2.55603,4.294695,-6.132538791877199,-1.4797777341407952,13.809751644710197,6.792344992394775,13.735694295956455
05/18/2023 18:41:37.820973,4737,True,True,True,True,Eyes,0.1614242,0.01123977,-2.516942,-0.1271971,-0.05984768,0.9900702,0.0,0.0,0.0,0.0,0.0,0.0,0.0,0.05384564,0.4236668,2.504376,0.1615039,0.01298086,-2.535358,0.08680704,-0.04486145,-0.02888117,0.9947955,9.794748,354.5104,356.2034,0.05242237,0.008759714,-0.9985842,-0.01400456,0.006160969,0.1963711,-0.7852889,-0.2163332,-0.9751743,-0.09262639,0.1602774,2.098398,0.9943067,-0.06525028,0.08424176,0.04967312,0.9832608,0.1753018,-0.09427012,-0.1701192,0.980904,moving,-7.320848,-3.459201,-2.52748,4.367819,-0.1823571494516445,-0.9757188521400808,9.17815988441169,5.835494662958563,9.14855548653911
05/18/2023 18:41:37.841572,4738,True,True,True,True,Eyes,0.161483,0.01135312,-2.516551,-0.1267183,-0.06003284,0.9901205,0.0,0.0,0.0,0.0,0.0,0.0,0.0,0.02450502,0.4214488,2.495521,0.1629964,0.01190263,-2.525695,0.08671167,-0.03964149,-0.03049463,0.9949773,9.795645,355.0999,356.0689,0.05360908,0.008319266,-0.9985252,0.0405153,-0.02856587,0.5119964,-0.7726039,-0.1678008,-0.9536709,-0.09160978,0.1629173,2.098536,0.9949973,-0.06755769,0.07359629,0.05380817,0.9831023,0.17497,-0.08417324,-0.1701346,0.9818193,moving,-7.293223,-3.469701,-2.499611,4.439185,-0.1564155597795169,-0.9849148099894832,9.248199487875466,5.908588970287069,9.21861018538875
05/18/2023 18:41:37.851657,4739,True,True,True,True,Eyes,0.161594,0.01146772,-2.515728,-0.1257824,-0.05978923,0.9902545,0.0,0.0,0.0,0.0,0.0,0.0,0.0,-0.008052051,0.4314331,2.484146,0.1643188,0.01479402,-2.515942,0.08990428,-0.03379985,-0.0325002,0.994846,10.17672,355.7411,355.8784,0.05465201,0.007937614,-0.998472,0.03808438,-0.02685192,0.4812767,-0.7597192,-0.1378064,-0.9359711,-0.09051722,0.1657541,2.098685,0.9956026,-0.07074288,0.06140747,0.05858788,0.9817219,0.1810788,-0.0730951,-0.1766848,0.9815496,moving,-7.238962,-3.455189,-2.469662,4.515845,-0.1061354698210452,-0.9700888536128224,9.288896894634798,5.973418443828876,9.259673794889984
05/18/2023 18:41:37.881189,4740,True,True,True,True,Eyes,0.1618155,0.0113085,-2.514582,-0.1244848,-0.05886074,0.9904741,0.0,0.0,0.0,0.0,0.0,0.0,0.0,-0.03875293,0.4012982,2.477704,0.1655775,0.01484376,-2.50478,0.08456901,-0.02804432,-0.03490136,0.9954113,9.578822,356.4105,355.683,0.05559677,0.007598919,-0.9984226,0.03579931,-0.0252408,0.4524001,-0.7447666,-0.129679,-0.9194837,-0.08951551,0.1683554,2.098821,0.9959908,-0.07422576,0.04992811,0.06473905,0.98326,0.1703194,-0.0617344,-0.1664043,0.9841232,moving,-7.16349,-3.400907,-2.442206,4.586118,-0.0368549621970863,-0.917551157416097,9.278097378195652,6.006337303994237,9.249670661914607
05/18/2023 18:41:37.891084,4741,True,True,True,True,Eyes,0.1621112,0.01129066,-2.513149,-0.1226408,-0.05910734,0.9906894,0.0,0.0,0.0,0.0,0.0,0.0,0.0,-0.06480421,0.3676687,2.473557,0.1676903,0.00799419,-2.495933,0.07680524,-0.02293644,-0.0319178,0.9962711,8.718128,357.0654,356.1063,0.05645864,0.007287981,-0.9983767,0.03365136,-0.02372635,0.425256,-0.7312483,-0.1217153,-0.9040196,-0.08850634,0.1709759,2.098958,0.9969104,-0.06712084,0.04079892,0.06007429,0.9861645,0.1545018,-0.05060474,-0.1515735,0.9871497,moving,-7.056938,-3.414382,-2.414549,4.656888,0.062685307759966,-0.9277249414267192,9.31113178084281,6.109385527292724,9.283158889876876
05/18/2023 18:41:37.901237,4742,True,True,True,True,Eyes,0.1624309,0.01148193,-2.511258,-0.1203003,-0.05889802,0.9909889,0.0,0.0,0.0,0.0,0.0,0.0,0.0,-0.1085294,0.4299002,2.453661,0.1696339,0.01162097,-2.487596,0.09067757,-0.01493157,-0.0309943,0.9952859,10.34499,357.9411,356.2462,0.0572501,0.00700751,-0.9983338,0.03163227,-0.02230277,0.3997407,-0.716737,-0.1227073,-0.8895104,-0.08746433,0.1736813,2.0991,0.9976328,-0.0644043,0.02410139,0.05898846,0.9816338,0.1814258,-0.03534335,-0.1795746,0.9831093,moving,-6.921511,-3.401293,-2.385994,4.729928,0.1886205174468758,-0.9123728256337462,9.310621322346323,6.20195118655375,9.283464962254515
05/18/2023 18:41:37.921110,4743,True,True,True,True,Eyes,0.162845,0.01167941,-2.509028,-0.117742,-0.0569367,0.9914106,0.0,0.0,0.0,0.0,0.0,0.0,0.0,-0.1468021,0.3945455,2.444773,0.1711899,0.01668191,-2.474782,0.08530679,-0.007391934,-0.03196723,0.9958144,9.754497,358.827,356.2226,0.05797895,0.00676332,-0.9982936,0.02973434,-0.02096461,0.3757562,-0.7003432,-0.1289287,-0.8745728,-0.08644056,0.1763404,2.099239,0.9978469,-0.064928,0.009267947,0.06240568,0.9834017,0.170372,-0.02017603,-0.1694269,0.9853362,moving,-6.772842,-3.286886,-2.357941,4.80169,0.3249496195023713,-0.8018802561469331,9.21501017620583,6.212720957180389,9.189436954758024
05/18/2023 18:41:37.941002,4744,True,True,True,True,Eyes,0.1633119,0.01203554,-2.506517,-0.1146541,-0.05600404,0.9918256,0.0,0.0,0.0,0.0,0.0,0.0,0.0,-0.162049,0.2838321,2.448894,0.1737955,0.01663792,-2.464431,0.0630044,-0.003974913,-0.02923691,0.997577,7.207959,359.3292,356.6003,0.05865746,0.006551637,-0.9982554,0.02795028,-0.01970673,0.3532109,-0.6865928,-0.1260714,-0.86021,-0.08531129,0.1792727,2.099393,0.9982588,-0.05883301,0.004246455,0.05783127,0.9903513,0.1259359,-0.01161467,-0.1254711,0.9920293,moving,-6.594069,-3.231809,-2.327001,4.880796,0.4904673421847141,-0.746233534444606,9.166364012117837,6.292979361218736,9.142081105922498
05/18/2023 18:41:37.951410,4745,True,True,True,True,Eyes,0.1638473,0.01250258,-2.503629,-0.1111084,-0.05469442,0.9923021,0.0,0.0,0.0,0.0,0.0,0.0,0.0,-0.2113351,0.3305607,2.430135,0.1759022,0.02095789,-2.45522,0.07417095,0.005269619,-0.0309231,0.9967521,8.521818,0.3428531,356.4716,0.0592931,0.006375732,-0.9982191,0.02627326,-0.01852433,0.3320182,-0.671619,-0.1354501,-0.8469008,-0.08436626,0.1817264,2.099522,0.998032,-0.06086363,-0.0150922,0.06242704,0.9870849,0.1475342,0.005917815,-0.148186,0.9889418,moving,-6.388819,-3.154878,-2.301111,4.946969,0.6802360247808643,-0.6695245404588337,9.074650489394784,6.358728628600651,9.051894062567936
05/18/2023 18:41:37.981143,4746,True,True,True,True,Eyes,0.1644831,0.01294931,-2.500441,-0.1074729,-0.05235977,0.9928282,0.0,0.0,0.0,0.0,0.0,0.0,0.0,-0.2472052,0.2975943,2.419162,0.177947,0.02399134,-2.443312,0.06878253,0.01237139,-0.03251628,0.9970248,7.929838,1.168403,356.3451,0.05989384,0.006236567,-0.9981842,0.02469687,-0.01741287,0.3120971,-0.6552926,-0.1473204,-0.833397,-0.08336109,0.1843363,2.099658,0.9975793,-0.0631372,-0.02914228,0.06654094,0.9884233,0.1363512,0.02019607,-0.1379603,0.9902318,moving,-6.17817,-3.018868,-2.273576,5.017331,0.8739014314973055,-0.5373918711505845,8.934559232129864,6.384478080240252,8.913628723534433
05/18/2023 18:41:37.991224,4747,True,True,True,True,Eyes,0.1651879,0.01342157,-2.497019,-0.1033302,-0.05074993,0.9933516,0.0,0.0,0.0,0.0,0.0,0.0,0.0,-0.2710441,0.221892,2.41446,0.1805632,0.02369198,-2.432931,0.05356402,0.01730655,-0.03228334,0.9978925,6.201171,1.791624,356.3911,0.06046793,0.006129771,-0.9981503,0.02321505,-0.01636809,0.2933713,-0.6395695,-0.1475435,-0.8193964,-0.08231091,0.1870634,2.099801,0.9973166,-0.06257657,-0.03799861,0.0662846,0.9921774,0.1057848,0.0310817,-0.1080197,0.9936628,moving,-5.938653,-2.924675,-2.24481,5.090826,1.0952676726724828,-0.4437405455667957,8.825685944426644,6.464328712773848,8.806391339340312
05/18/2023 18:41:38.001073,4748,True,True,True,True,Eyes,0.1659679,0.013948,-2.493285,-0.09879119,-0.04919168,0.9938916,0.0,0.0,0.0,0.0,0.0,0.0,0.0,-0.3145109,0.2536888,2.39709,0.1827793,0.02491544,-2.423899,0.06124008,0.02558533,-0.0350282,0.99718,7.118806,2.699583,356.1443,0.0610216,0.006053194,-0.9981171,0.02182215,-0.01538601,0.275769,-0.6217713,-0.1543759,-0.8056529,-0.08125746,0.1897986,2.099945,0.9962368,-0.06672515,-0.05531663,0.07299254,0.9900454,0.1203424,0.04673611,-0.1239272,0.9911901,moving,-5.676461,-2.833485,-2.215957,5.164511,1.3378193685811244,-0.3523810360175377,8.714529703319164,6.5624251778560785,8.696875429255554
05/18/2023 18:41:38.020988,4749,True,True,True,True,Eyes,0.1668475,0.01447191,-2.48929,-0.09417929,-0.04730178,0.9944309,0.0,0.0,0.0,0.0,0.0,0.0,0.0,-0.3499054,0.2463209,2.381814,0.1852354,0.02673788,-2.4127,0.06082942,0.03257896,-0.03628941,0.9969562,7.102979,3.497955,356.0479,0.06156119,0.006006073,-0.9980843,0.02051282,-0.01446285,0.2592229,-0.6031988,-0.1569476,-0.7911479,-0.08026814,0.192368,2.100079,0.9952434,-0.06839436,-0.06937452,0.07632141,0.9899657,0.118924,0.06054467,-0.1236531,0.9904768,moving,-5.410159,-2.723317,-2.188864,5.233708,1.583836387913261,-0.2431633432074158,8.584345538691345,6.650517869084141,8.568337188176558
05/18/2023 18:41:38.041176,4750,True,True,True,True,Eyes,0.1678402,0.01497271,-2.485088,-0.08941145,-0.04611216,0.9949268,0.0,0.0,0.0,0.0,0.0,0.0,0.0,-0.3783956,0.2042426,2.371273,0.1883011,0.02707999,-2.402425,0.0525526,0.03838957,-0.03561896,0.9972442,6.174122,4.200602,356.1355,0.06209244,0.005985537,-0.9980516,0.01928205,-0.01359508,0.2436695,-0.586266,-0.1519035,-0.777047,-0.07924831,0.1950165,2.100218,0.9945151,-0.06700666,-0.08031129,0.07507654,0.9919391,0.1020807,0.07282382,-0.1075503,0.9915289,moving,-5.135227,-2.653605,-2.160938,5.305008,1.8386710178343613,-0.1716163589259478,8.49622951310109,6.781613868713183,8.48163732253376
05/18/2023 18:41:38.051123,4751,True,True,True,True,Eyes,0.1689306,0.01549891,-2.480645,-0.08425407,-0.04517784,0.9954196,0.0,0.0,0.0,0.0,0.0,0.0,0.0,-0.4167365,0.2218026,2.354044,0.1911304,0.02716742,-2.393141,0.05693286,0.04587257,-0.03641043,0.9966588,6.708943,5.042493,356.1113,0.06262069,0.005988108,-0.9980186,0.01812513,-0.01277937,0.2290494,-0.5680698,-0.1457127,-0.7622989,-0.07821012,0.1977117,2.100359,0.99314,-0.06735423,-0.09558449,0.07780086,0.9908659,0.1101448,0.08729269,-0.1168257,0.9893087,moving,-4.838084,-2.598627,-2.132511,5.377539,2.114483912303167,-0.1133524523325149,8.422550048404876,6.94167521038166,8.409330604294977
05/18/2023 18:41:38.074061,4752,True,True,True,True,Eyes,0.1701709,0.01603298,-2.475988,-0.07899859,-0.04423091,0.995893,0.0,0.0,0.0,0.0,0.0,0.0,0.0,-0.4539566,0.2282054,2.336411,0.1944357,0.02834903,-2.382931,0.05924062,0.05321006,-0.03703547,0.9961364,7.005509,5.876544,356.1016,0.06315172,0.006012593,-0.9979851,0.01703762,-0.01201261,0.2153064,-0.5503945,-0.1342052,-0.7474168,-0.07717925,0.2003889,2.100499,0.9915941,-0.06748035,-0.110397,0.08008914,0.9902379,0.1140821,0.1016209,-0.1219648,0.9873185,moving,-4.535455,-2.543024,-2.104289,5.449559,2.3953964856389387,-0.0543779318170258,8.354157715260408,7.10918358316123,8.342254013245677
05/18/2023 18:41:38.091217,4753,True,True,True,True,Eyes,0.1715214,0.01656106,-2.471134,-0.07335221,-0.04334041,0.9963639,0.0,0.0,0.0,0.0,0.0,0.0,0.0,-0.4876321,0.2112688,2.321298,0.1980519,0.02909908,-2.372925,0.0563478,0.06001607,-0.03663347,0.9959323,6.697903,6.673338,356.1778,0.0636925,0.006057289,-0.9979505,0.01601537,-0.01129185,0.202388,-0.5315962,-0.128502,-0.7329639,-0.07615358,0.2030524,2.100639,0.9901121,-0.06620535,-0.1236723,0.07973245,0.9909659,0.10784,0.1154154,-0.1166344,0.986446,moving,-4.210513,-2.490715,-2.07621,5.521182,2.6971627990980225,0.0020240988736404,8.291305255170503,7.296998822580035,8.28069754329495
05/18/2023 18:41:38.101188,4754,True,True,True,True,Eyes,0.1730305,0.01708401,-2.466089,-0.06749406,-0.04260723,0.9968095,0.0,0.0,0.0,0.0,0.0,0.0,0.0,-0.5252047,0.2076358,2.3039,0.2019135,0.02948524,-2.363317,0.05627592,0.06755681,-0.03659464,0.9954547,6.718111,7.543685,356.2327,0.06424666,0.006120029,-0.9979146,0.01505444,-0.01061434,0.1902447,-0.51296,-0.1269111,-0.7190759,-0.07511836,0.2057402,2.10078,0.9881938,-0.06525297,-0.1386183,0.08046026,0.9909877,0.1070958,0.1303807,-0.1169847,0.9845382,moving,-3.87359,-2.447538,-2.047874,5.593434,3.0102678820709774,0.0501525299178258,8.245633366663837,7.504183416982618,8.236241015741225
05/18/2023 18:41:38.120730,4755,True,True,True,True,Eyes,0.1746512,0.01759845,-2.460876,-0.06122138,-0.04187683,0.9972453,0.0,0.0,0.0,0.0,0.0,0.0,0.0,-0.5653753,0.2021458,2.285036,0.205824,0.02993489,-2.353432,0.05599712,0.07572687,-0.03741582,0.9948516,6.723866,8.481969,356.1915,0.06482086,0.006199043,-0.9978769,0.01415118,-0.009977481,0.17883,-0.4938344,-0.1261884,-0.7052222,-0.07408786,0.2084166,2.10092,0.985731,-0.06596541,-0.1548644,0.08292736,0.9909288,0.1057509,0.1464837,-0.1170844,0.9822595,moving,-3.513007,-2.404581,-2.019669,5.665352,3.345422797043518,0.0986166830138013,8.206940782455604,7.731283986511237,8.198728587877559
05/18/2023 18:41:38.141183,4756,True,True,True,True,Eyes,0.1763709,0.01811245,-2.455508,-0.05452081,-0.04136208,0.9976556,0.0,0.0,0.0,0.0,0.0,0.0,0.0,-0.6049693,0.1952218,2.266202,0.2099845,0.03023933,-2.344091,0.05532987,0.08382119,-0.03795194,0.9942195,6.683368,9.415055,356.1788,0.06541727,0.006292351,-0.9978374,0.01330211,-0.009378833,0.1681002,-0.4738614,-0.1239967,-0.6909665,-0.0730828,0.2110261,2.101057,0.9830673,-0.06618947,-0.1708731,0.08474074,0.9909965,0.1036577,0.1624736,-0.1163824,0.9798253,moving,-3.128042,-2.374082,-1.992163,5.735444,3.7035351603181983,0.13597787739352,8.188689336353956,7.987177122843199,8.181579453359037
05/18/2023 18:41:38.151042,4757,True,True,True,True,Eyes,0.177711,0.01867576,-2.449885,-0.04527775,-0.0382766,0.9982408,0.0,0.0,0.0,0.0,0.0,0.0,0.0,-0.6464507,0.199709,2.245217,0.2139464,0.03081273,-2.334964,0.05729826,0.09236435,-0.03888417,0.9933146,6.950593,10.39092,356.1493,0.06603881,0.00639869,-0.9977959,0.01250398,-0.008816103,0.1580142,-0.4536956,-0.1251521,-0.6772975,-0.07199994,0.2138381,2.101204,0.9799137,-0.06666381,-0.1879497,0.08783306,0.9904099,0.1066474,0.1790377,-0.1210134,0.9763715,moving,-2.597016,-2.195877,-1.962532,5.810946,4.194907478806637,0.314941001610415,8.031922839493978,8.253492101982642,8.026236416551567
05/18/2023 18:41:38.171123,4758,True,True,True,True,Eyes,0.1793385,0.01921702,-2.444167,-0.03579036,-0.03545007,0.9987304,0.0,0.0,0.0,0.0,0.0,0.0,0.0,-0.6867111,0.1996254,2.224076,0.2181862,0.03162771,-2.325797,0.05825357,0.1007453,-0.03927976,0.9924284,7.096422,11.35556,356.1733,0.06666918,0.006519028,-0.9977533,0.01175374,-0.008287136,0.1485334,-0.4333092,-0.1288063,-0.6638741,-0.07101443,0.216397,2.101338,0.976615,-0.06622713,-0.2045414,0.08970223,0.9901273,0.1077105,0.1953887,-0.1235395,0.9729138,moving,-2.052365,-2.032868,-1.935566,5.879626,4.699266776551029,0.479992039587567,7.913356007815964,8.554358706486132,7.9087203889056665
05/18/2023 18:41:38.191062,4759,True,True,True,True,Eyes,0.181081,0.01975072,-2.43833,-0.02605764,-0.03290029,0.9991189,0.0,0.0,0.0,0.0,0.0,0.0,0.0,-0.7248686,0.1983453,2.203145,0.2225468,0.03184769,-2.316912,0.05861091,0.1087706,-0.03870464,0.9915825,7.16083,12.28843,356.3012,0.06731943,0.00665115,-0.9977087,0.01104852,-0.007789908,0.1396214,-0.4138479,-0.1262661,-0.6504233,-0.06998903,0.2190599,2.101478,0.9733418,-0.0640074,-0.220247,0.08950798,0.9901335,0.1078153,0.211173,-0.124655,0.9694674,moving,-1.493971,-1.886029,-1.907512,5.951069,5.21674169577444,0.6302219935638016,7.848001097112882,8.891929126328932,7.844060801124532
05/18/2023 18:41:38.200927,4760,True,True,True,True,Eyes,0.182976,0.02027918,-2.432385,-0.01613019,-0.03069949,0.9993985,0.0,0.0,0.0,0.0,0.0,0.0,0.0,-0.7620724,0.2020731,2.181575,0.2268929,0.03223712,-2.30832,0.06036146,0.1165831,-0.03935166,0.9905637,7.397898,13.18607,356.3063,0.06799261,0.006793635,-0.9976621,0.01038561,-0.007322514,0.1312441,-0.3938858,-0.1255517,-0.636944,-0.06893978,0.2217844,2.101621,0.9697196,-0.06388641,-0.2357166,0.09203491,0.9896159,0.1104082,0.2262153,-0.1287592,0.9655297,moving,-0.924668,-1.759456,-1.878808,6.024136,5.744770221877421,0.7617319807952339,7.841854854692479,9.263468085248968,7.838267564293066
05/18/2023 18:41:38.220902,4761,True,True,True,True,Eyes,0.1849784,0.02079705,-2.426334,-0.005990353,-0.0285689,0.9995739,0.0,0.0,0.0,0.0,0.0,0.0,0.0,-0.800025,0.2050679,2.158862,0.231419,0.03270982,-2.299599,0.06222155,0.1246037,-0.04086769,0.9894102,7.660893,14.1025,356.2185,0.06869397,0.0069455,-0.9976131,0.009762469,-0.006883163,0.1233694,-0.3736001,-0.1250844,-0.6235427,-0.06787336,0.2245537,2.101766,0.9656075,-0.06536375,-0.251654,0.0963759,0.9889166,0.1129407,0.2414826,-0.1333098,0.9612048,moving,-0.3433642,-1.637129,-1.849638,6.098376,6.284062190873509,0.889542293956251,7.880793003600046,9.658624507259468,7.87723117202669
05/18/2023 18:41:38.241810,4762,True,True,True,True,Eyes,0.1870518,0.02130225,-2.420182,0.004240233,-0.02662804,0.9996365,0.0,0.0,0.0,0.0,0.0,0.0,0.0,-0.8348202,0.1976057,2.137691,0.2358495,0.03296223,-2.291066,0.06162419,0.1321168,-0.04204843,0.9884229,7.63906,14.96829,356.1331,0.06942579,0.00710551,-0.9975613,0.009176721,-0.006470173,0.1159673,-0.3546466,-0.1215194,-0.6103352,-0.06690022,0.2270806,2.101898,0.9615542,-0.06684006,-0.266357,0.09940643,0.9888688,0.1107109,0.2559921,-0.1329321,0.9574952,moving,0.2430343,-1.525868,-1.823022,6.166091,6.828313620310391,1.007111065155119,7.96459803709206,10.072769330396852,7.960750595733026
05/18/2023 18:41:38.250946,4763,True,True,True,True,Eyes,0.1892309,0.02181115,-2.413929,0.01459381,-0.02484208,0.9995849,0.0,0.0,0.0,0.0,0.0,0.0,0.0,-0.8679946,0.1976735,2.115988,0.2402124,0.03315097,-2.282782,0.06264706,0.1393006,-0.04301549,0.9873301,7.798567,15.79517,356.0941,0.07018861,0.007272446,-0.9975067,0.008626117,-0.006081963,0.1090092,-0.335872,-0.1216699,-0.5977604,-0.06584075,0.2298317,2.102042,0.95749,-0.06748742,-0.2804608,0.1023945,0.9884501,0.1117224,0.2696816,-0.1356908,0.9533414,moving,0.8364513,-1.423644,-1.794048,6.239781,7.379278101716015,1.116381553285115,8.102321229001323,10.507099202873395,8.097917426859107
05/18/2023 18:41:38.271211,4764,True,True,True,True,Eyes,0.1915959,0.0223147,-2.407602,0.02483699,-0.02282016,0.999431,0.0,0.0,0.0,0.0,0.0,0.0,0.0,-0.898297,0.1957824,2.094673,0.2447946,0.03376269,-2.274172,0.06329836,0.1459059,-0.04386458,0.9862965,7.912585,16.55723,356.0601,0.07098421,0.007445852,-0.9974492,0.008108551,-0.005717045,0.1024687,-0.3180106,-0.1233216,-0.5854188,-0.06480336,0.2325252,2.102183,0.9535747,-0.06805576,-0.293366,0.1049982,0.9881384,0.1120617,0.2822597,-0.1376621,0.9494096,moving,1.423572,-1.308016,-1.76568,6.311902,7.9241186387631455,1.238054527424831,8.260416372449273,10.93783003317996,8.25521875869826
05/18/2023 18:41:38.291134,4765,True,True,True,True,Eyes,0.1940737,0.02280135,-2.401186,0.03508379,-0.02065403,0.9991709,0.0,0.0,0.0,0.0,0.0,0.0,0.0,-0.9239123,0.1773049,2.076164,0.2495009,0.03417718,-2.265411,0.05984113,0.1516656,-0.04376801,0.9856476,7.541295,17.23563,356.0594,0.07181784,0.00762502,-0.9973881,0.0,0.0,0.0,-0.3005909,-0.1208557,-0.5728739,-0.06378213,0.2351773,2.102322,0.9501638,-0.06812799,-0.3042159,0.1044314,0.9890068,0.1046883,0.2937394,-0.1312407,0.9468332,moving,2.010995,-1.184202,-1.737757,6.382885,8.469083737433335,1.3673968135006795,8.444758565114398,11.372542353767821,8.438570495062143
05/18/2023 18:41:38.302893,4766,True,True,True,True,Eyes,0.196722,0.0232585,-2.394706,0.04528282,-0.01849364,0.998803,0.0,0.0,0.0,0.0,0.0,0.0,0.0,-0.9471419,0.1630357,2.058099,0.2545881,0.03421464,-2.256866,0.05696851,0.1568213,-0.04286793,0.9850504,7.219963,17.84841,356.1515,0.0726914,0.007808858,-0.9973234,0.0,0.0,0.0,-0.2835906,-0.1169157,-0.5603922,-0.06276768,0.2378114,2.10246,0.9471389,-0.06658638,-0.3138379,0.1023219,0.9898338,0.09878851,0.3040694,-0.1256789,0.9443234,moving,2.595846,-1.060756,-1.710023,6.453355,9.011659394039986,1.4963357573276204,8.66039098225259,11.81213414802301,8.653064786393626
05/18/2023 18:41:38.320824,4767,True,True,True,True,Eyes,0.1994808,0.02369501,-2.388154,0.05555777,-0.01629553,0.9983225,0.0,0.0,0.0,0.0,0.0,0.0,0.0,-0.9736814,0.1528887,2.037799,0.2599227,0.03402095,-2.248408,0.05522276,0.1627078,-0.04275258,0.9841995,7.042919,18.53906,356.1763,0.07360924,0.007995901,-0.9972547,0.0,0.0,0.0,-0.2660242,-0.1107007,-0.5473899,-0.06172317,0.2405237,2.102602,0.9433968,-0.06618381,-0.3249957,0.1021245,0.9902453,0.09478807,0.315552,-0.1226128,0.9409533,moving,3.185289,-0.9351511,-1.68147,6.525887,9.55847229001884,1.627400634418929,8.907998242800264,12.260973507708822,8.899405279563522
05/18/2023 18:41:38.341146,4768,True,True,True,True,Eyes,0.2023599,0.02410619,-2.381542,0.06592909,-0.01424824,0.9977226,0.0,0.0,0.0,0.0,0.0,0.0,0.0,-1.00034,0.141694,2.017149,0.2652193,0.03393323,-2.240124,0.05341061,0.1686916,-0.04321745,0.9832716,6.869889,19.23772,356.1323,0.07457139,0.008184891,-0.9971817,0.0,0.0,0.0,-0.2486328,-0.1011511,-0.5343202,-0.06065559,0.2432959,2.102748,0.9393507,-0.06696913,-0.3363558,0.1030088,0.9905591,0.09045342,0.3271227,-0.1196151,0.9373809,moving,3.780585,-0.8181718,-1.652289,6.599993,10.110904367527317,1.7505256318144258,9.194851216840599,12.723602161217372,9.184877832907336
05/18/2023 18:41:38.350903,4769,True,True,True,True,Eyes,0.2053417,0.02447345,-2.374874,0.07637204,-0.01219395,0.9970048,0.0,0.0,0.0,0.0,0.0,0.0,0.0,-1.027762,0.1317081,1.99556,0.2705629,0.0337724,-2.23194,0.05206612,0.1748987,-0.04434427,0.9822084,6.764637,19.95807,356.0216,0.07558076,0.00837498,-0.997104,0.0,0.0,0.0,-0.2294105,-0.09344919,-0.520932,-0.05964842,0.2459112,2.102885,0.9348881,-0.06889804,-0.3481916,0.1053232,0.9906454,0.08676805,0.3389562,-0.1177911,0.9333991,moving,4.380387,-0.700726,-1.624762,6.669871,10.667526034189542,1.8741904462064172,9.5072348581809,13.194654110264253,9.49580877830682
05/18/2023 18:41:38.371198,4770,True,True,True,True,Eyes,0.208433,0.02479618,-2.368155,0.08694917,-0.01041479,0.9961583,0.0,0.0,0.0,0.0,0.0,0.0,0.0,-1.053963,0.1216833,1.974204,0.2758996,0.03306217,-2.223941,0.05057752,0.180881,-0.04549597,0.9811494,6.644401,20.65313,355.9022,0.07663669,0.008564118,-0.9970218,0.0,0.0,0.0,-0.2097818,-0.08941357,-0.5078813,-0.05865076,0.2485018,2.10302,0.9304243,-0.07097965,-0.3595447,0.1075737,0.9907441,0.0827895,0.3503405,-0.1157069,0.9294479,moving,4.98839,-0.5990028,-1.597498,6.739063,11.232090882237769,1.9833260857572297,9.860077607893036,13.682667301543596,9.847115338412527
05/18/2023 18:41:38.390933,4771,True,True,True,True,Eyes,0.2116394,0.02505624,-2.361386,0.09759047,-0.008665266,0.9951889,0.0,0.0,0.0,0.0,0.0,0.0,0.0,-1.080515,0.1176579,1.951772,0.2814664,0.03236421,-2.215965,0.05037773,0.1869403,-0.04621283,0.9799898,6.662311,21.3585,355.858,0.07774017,0.008750666,-0.9969347,0.0,0.0,0.0,-0.1892459,-0.08810022,-0.4947266,-0.05766055,0.251073,2.103155,0.9258354,-0.07174095,-0.3710553,0.1094114,0.9906529,0.08146124,0.3617429,-0.1160174,0.9250308,moving,5.600647,-0.4988708,-1.57044,6.807708,11.80065000698166,2.091069691806865,10.237703967305288,14.178600950203789,10.2231511675698
05/18/2023 18:41:38.400945,4772,True,True,True,True,Eyes,0.2149494,0.02523676,-2.354577,0.1083404,-0.007119755,0.9940884,0.0,0.0,0.0,0.0,0.0,0.0,0.0,-1.107239,0.1129774,1.928703,0.2873204,0.03110993,-2.207966,0.04965222,0.193099,-0.04614868,0.9788349,6.605078,22.08221,355.8916,0.07889265,0.008932407,-0.9968426,0.0,0.0,0.0,-0.1675053,-0.08421965,-0.4813119,-0.05663449,0.2537373,2.103295,0.9211662,-0.07116828,-0.3826069,0.1095195,0.9908099,0.07938012,0.3734414,-0.1150252,0.9204948,moving,6.219817,-0.4103508,-1.542405,6.878808,12.375873303508335,2.188102306659557,10.648188878344591,14.687450113462422,10.631974903277396
05/18/2023 18:41:38.421001,4773,True,True,True,True,Eyes,0.2183486,0.02535471,-2.347752,0.1191525,-0.005971421,0.9928581,0.0,0.0,0.0,0.0,0.0,0.0,0.0,-1.133961,0.1103072,1.905181,0.2930553,0.02942079,-2.200228,0.04941185,0.1993228,-0.04643246,0.9775853,6.610471,22.81139,355.8963,0.08009447,0.009106527,-0.9967452,0.0,0.0,0.0,-0.1453582,-0.08000498,-0.4679537,-0.05555995,0.2565277,2.103441,0.916229,-0.07108556,-0.3942986,0.1104812,0.990805,0.07809851,0.3851214,-0.1151187,0.9156578,moving,6.843314,-0.3445942,-1.51305,6.95324,12.95556524774632,2.263926616084168,11.094467238726955,15.209552498344237,11.076506316046071
05/18/2023 18:41:38.441560,4774,True,True,True,True,Eyes,0.2218458,0.0254308,-2.34091,0.1299294,-0.005136321,0.9915099,0.0,0.0,0.0,0.0,0.0,0.0,0.0,-1.161307,0.1233873,1.880228,0.2984824,0.02811492,-2.192997,0.05327651,0.2056426,-0.04736083,0.9760275,7.092841,23.54292,355.9238,0.08134482,0.009271113,-0.9966425,0.0,0.0,0.0,-0.1229464,-0.0785054,-0.4549595,-0.05454969,0.259151,2.103578,0.9109361,-0.0705391,-0.4064721,0.1143628,0.9898372,0.08451986,0.3963792,-0.1234775,0.9097455,moving,7.465613,-0.2968068,-1.485453,7.023183,13.534485812746304,2.32290368006086,11.563037369500284,15.73820789111932,11.543259894389486
05/18/2023 18:41:38.451576,4775,True,True,True,True,Eyes,0.2254474,0.02543491,-2.33405,0.1406334,-0.004346636,0.9900522,0.0,0.0,0.0,0.0,0.0,0.0,0.0,-1.182534,0.1266417,1.858869,0.3039315,0.02727181,-2.185567,0.05499733,0.2105696,-0.04870347,0.9748148,7.338747,24.11203,355.849,0.08264504,0.009425528,-0.996534,0.0,0.0,0.0,-0.1000131,-0.07830092,-0.4421416,-0.05347532,0.2619409,2.103724,0.9065768,-0.07179217,-0.4158898,0.1181152,0.9892066,0.08671347,0.4051756,-0.1277353,0.9052715,moving,8.084578,-0.2515446,-1.456108,7.097537,14.110348331678534,2.379440740236185,12.042993386781154,16.26576143445034,12.02134570657976
05/18/2023 18:41:38.471239,4776,True,True,True,True,Eyes,0.2291832,0.02537844,-2.327207,0.151331,-0.003754207,0.988476,0.0,0.0,0.0,0.0,0.0,0.0,0.0,-1.20238,0.1252011,1.838539,0.3099552,0.02555183,-2.178277,0.05495141,0.2151408,-0.0488814,0.9738098,7.357341,24.64999,355.8624,0.08399473,0.00956765,-0.9964198,0.0,0.0,0.0,-0.07589532,-0.08146356,-0.4297387,-0.05250399,0.264463,2.103857,0.9026501,-0.0715578,-0.4243846,0.118847,0.9891819,0.08599169,0.4136402,-0.1280572,0.9013896,moving,8.704127,-0.2176069,-1.429581,7.164723,14.68697235050755,2.425391029360361,12.53757682256416,16.798945187948053,12.514002836319642
05/18/2023 18:41:38.490808,4777,True,True,True,True,Eyes,0.2330308,0.02530539,-2.320345,0.1619836,-0.00309195,0.9867886,0.0,0.0,0.0,0.0,0.0,0.0,0.0,-1.222497,0.1374186,1.817325,0.3162158,0.02416894,-2.171515,0.05790791,0.219635,-0.04797022,0.9726798,7.684817,25.18455,356.0723,0.08539595,0.00969616,-0.9962994,0.0,0.0,0.0,-0.05088923,-0.07983392,-0.4169645,-0.05142328,0.2672694,2.104004,0.8989186,-0.06788213,-0.4328249,0.1187565,0.988691,0.09157981,0.4217134,-0.1337236,0.8968142,moving,9.322094,-0.1795269,-1.400069,7.239449,15.262042811796665,2.475182443910549,13.038634238421976,17.32986456514552,13.01307802423039
05/18/2023 18:41:38.502744,4778,True,True,True,True,Eyes,0.2369754,0.0251985,-2.313476,0.1725356,-0.002179711,0.9850009,0.0,0.0,0.0,0.0,0.0,0.0,0.0,-1.243302,0.131727,1.795884,0.3226593,0.02367974,-2.164181,0.05673229,0.2246094,-0.04703904,0.9716582,7.549319,25.78018,356.1869,0.08684908,0.009811689,-0.9961727,0.0,0.0,0.0,-0.02385509,-0.08843394,-0.4048429,-0.05040653,0.2699095,2.104142,0.8946759,-0.06592651,-0.4418243,0.1168969,0.9891375,0.08911796,0.4311498,-0.1313796,0.8926641,moving,9.935302,-0.1267898,-1.372307,7.309716,15.832397683899,2.538584484797445,13.53379620839307,17.854006810672363,13.506305603707379
05/18/2023 18:41:38.521209,4779,True,True,True,True,Eyes,0.2408895,0.02504883,-2.306516,0.1839088,0.001078864,0.9829427,0.0,0.0,0.0,0.0,0.0,0.0,0.0,-1.260604,0.1184382,1.777248,0.3288591,0.02270105,-2.157104,0.05333068,0.2288235,-0.04579268,0.9709268,7.152878,26.28933,356.2719,0.08835419,0.009914079,-0.9960394,0.0,0.0,0.0,0.004163459,-0.0635801,-0.3899332,-0.04935552,0.2726387,2.104285,0.8910856,-0.06451606,-0.449226,0.1133293,0.9901177,0.08260348,0.4394574,-0.1245173,0.8895913,moving,10.59753,0.062887,-1.343613,7.382322,16.44579953453395,2.7312892440441634,14.005892505144898,18.387368055836806,13.976866017130012
05/18/2023 18:41:38.541542,4780,True,True,True,True,Eyes,0.244999,0.02486234,-2.299609,0.1951942,0.004383508,0.9807549,0.0,0.0,0.0,0.0,0.0,0.0,0.0,-1.279388,0.109021,1.756881,0.3356231,0.02096114,-2.149946,0.05066151,0.2333324,-0.04447996,0.9700571,6.837069,26.8332,356.382,0.08990639,0.01000284,-0.9958997,0.0,0.0,0.0,0.02950697,-0.03634629,-0.3780115,-0.04837129,0.2751944,2.104419,0.8871551,-0.06265426,-0.4571984,0.1099382,0.9909099,0.07753189,0.4481847,-0.1190464,0.8859788,moving,11.25618,0.2560832,-1.316745,7.450281,17.055799975638706,2.927206377278046,14.485679999266512,18.92111553065988,14.455182903716445
05/18/2023 18:41:38.551896,4781,True,True,True,True,Eyes,0.2492397,0.02460865,-2.292708,0.2064078,0.0077571,0.9784353,0.0,0.0,0.0,0.0,0.0,0.0,0.0,-1.298582,0.1045658,1.735933,0.3422723,0.01995497,-2.143167,0.04930573,0.2379644,-0.04302201,0.9690671,6.663414,27.39177,356.5416,0.09151039,0.01007769,-0.9957529,0.0,0.0,0.0,0.0646598,-0.08996122,-0.3691781,-0.04712644,0.278427,2.104588,0.8830441,-0.0599164,-0.4654494,0.1068484,0.9914361,0.07508571,0.4569644,-0.1160365,0.8818838,moving,11.91229,0.4542352,-1.282766,7.536195,17.663338613046808,3.127704169730917,14.975435133976978,19.452240781182,14.943384204573448
05/18/2023 18:41:38.571127,4782,True,True,True,True,Eyes,0.2535899,0.0242909,-2.285812,0.2176721,0.01105589,0.9759593,0.0,0.0,0.0,0.0,0.0,0.0,0.0,-1.320845,0.1014789,1.712232,0.3495619,0.01806232,-2.136387,0.04738481,0.2434164,-0.03990474,0.9679415,6.382096,28.05759,356.8747,0.09316701,0.01013704,-0.9955987,0.0,0.0,0.0,0.1000421,-0.06097253,-0.3535679,-0.0462934,0.2805901,2.104701,0.8783122,-0.05418241,-0.4750073,0.1003194,0.9923246,0.07230452,0.4674438,-0.1111584,0.8770064,moving,12.57312,0.6490318,-1.260031,7.593661,18.27533959040869,3.325169241997654,15.478499323716548,19.996267801585844,15.445006765874824
05/18/2023 18:41:38.591059,4783,True,True,True,True,Eyes,0.2580707,0.02392196,-2.278954,0.2290268,0.01408983,0.9733181,0.0,0.0,0.0,0.0,0.0,0.0,0.0,-1.347399,0.1079698,1.684577,0.3571643,0.01621985,-2.130049,0.04768458,0.2499913,-0.03630432,0.9663916,6.333502,28.85943,357.3284,0.09487721,0.01017961,-0.9954367,0.0,0.0,0.0,0.1205445,0.03573362,-0.3408855,-0.04526425,0.2832625,2.104842,0.8723727,-0.04632692,-0.4866413,0.09400985,0.9928163,0.07401242,0.4797167,-0.1103155,0.870461,moving,13.24112,0.8293606,-1.231946,7.664621,18.894299014256,3.5092560747449064,16.005949649307414,20.550737116607394,15.9708134674005
05/18/2023 18:41:38.600877,4784,True,True,True,True,Eyes,0.2626662,0.02363012,-2.272133,0.2405425,0.01664213,0.9704959,0.0,0.0,0.0,0.0,0.0,0.0,0.0,-1.377602,0.121772,1.652953,0.3646328,0.01468538,-2.124076,0.05012025,0.2576937,-0.03312529,0.9643572,6.530954,29.79656,357.8047,0.09664223,0.01020475,-0.9952666,0.0,0.0,0.0,0.1620285,-0.006106228,-0.3306774,-0.0442632,0.2858621,2.104978,0.8649934,-0.03805787,-0.5003381,0.08972057,0.9927814,0.07959529,0.4936971,-0.11374,0.8621638,moving,13.92053,0.9824158,-1.20463,7.733621,19.5244133551755,3.668075043731,16.563491077611236,21.12396511887105,16.52655491738233
05/18/2023 18:41:38.620899,4785,True,True,True,True,Eyes,0.2673762,0.02348519,-2.265317,0.2521035,0.01918207,0.9675101,0.0,0.0,0.0,0.0,0.0,0.0,0.0,-1.408366,0.1388653,1.619394,0.3718815,0.01636337,-2.118172,0.05499547,0.2657309,-0.03158303,0.9619591,7.041713,30.77244,358.1791,0.09846272,0.01021749,-0.995088,0.0,0.0,0.0,0.1965517,0.02153409,-0.318148,-0.04321729,0.2885779,2.10512,0.8567792,-0.03153516,-0.5147182,0.08999113,0.9919561,0.08902159,0.5077705,-0.1225919,0.8527252,moving,14.60477,1.13581,-1.176095,7.805673,20.15902162486064,3.827321902467263,17.13250631364232,21.702867986781026,17.093679816010717
05/18/2023 18:41:38.641512,4786,True,True,True,True,Eyes,0.2721653,0.02326408,-2.258482,0.2634735,0.02238901,0.9644068,0.0,0.0,0.0,0.0,0.0,0.0,0.0,-1.433703,0.1285742,1.59072,0.3792026,0.01972717,-2.111454,0.05383187,0.272551,-0.03139032,0.9601212,6.919873,31.58749,358.2144,0.1003391,0.01022544,-0.9949005,0.0,0.0,0.0,0.2231965,0.0878257,-0.3086096,-0.04221566,0.2911789,2.105257,0.8494611,-0.03093317,-0.5267436,0.08962089,0.9922336,0.0862593,0.5199845,-0.1204812,0.8456361,moving,15.28019,1.329901,-1.14877,7.874645,20.78463062660172,4.024460517537635,17.684580874511447,22.268766997658556,17.64392255677462
05/18/2023 18:41:38.651556,4787,True,True,True,True,Eyes,0.2770148,0.02302532,-2.251735,0.2747566,0.02496572,0.9611896,0.0,0.0,0.0,0.0,0.0,0.0,0.0,-1.452241,0.09639147,1.56922,0.386887,0.01747841,-2.104937,0.04459998,0.2774992,-0.02970969,0.9592301,5.857353,32.1746,358.1425,0.1022707,0.01022569,-0.9947038,0.0,0.0,0.0,0.2616115,0.05770869,-0.2994042,-0.04117246,0.2938877,2.105398,0.8442231,-0.03224394,-0.5350212,0.08174977,0.9942563,0.06907446,0.5297209,-0.1020521,0.8420101,moving,15.95262,1.487853,-1.120314,7.946439,21.40814725026778,4.187703274391849,18.25372314043773,22.83986997685801,18.21103484936005
05/18/2023 18:41:38.671200,4788,True,True,True,True,Eyes,0.2819426,0.02295601,-2.245019,0.2860028,0.02674812,0.9578553,0.0,0.0,0.0,0.0,0.0,0.0,0.0,-1.471181,0.1130841,1.545599,0.3930808,0.01692796,-2.100295,0.0504664,0.2822846,-0.03192278,0.9574705,6.584174,32.74519,358.1172,0.1042548,0.01021816,-0.9944979,0.0,0.0,0.0,0.2954401,0.06280272,-0.2891462,-0.04010657,0.2966554,2.105543,0.8385926,-0.03263845,-0.5437804,0.08962201,0.9928681,0.07861755,0.5373363,-0.1146628,0.8355371,moving,16.62492,1.59957,-1.091243,8.019761,22.03243011942541,4.3076654269275,18.843600609200195,23.41973339040523,18.798729708757946
05/18/2023 18:41:38.693150,4789,True,True,True,True,Eyes,0.2869907,0.02296977,-2.238335,0.2968355,0.02909236,0.9544854,0.0,0.0,0.0,0.0,0.0,0.0,0.0,-1.490544,0.1238961,1.519688,0.3997713,0.02105318,-2.094341,0.0578342,0.2872843,-0.03731351,0.9553694,7.582013,33.32673,357.7992,0.1062913,0.01021104,-0.9942823,0.0,0.0,0.0,0.3252055,0.1000446,-0.2808979,-0.03911817,0.2992218,2.105678,0.8321508,-0.03806666,-0.5532413,0.1045261,0.9905258,0.08906687,0.5446092,-0.1319452,0.8282459,moving,17.27518,1.745814,-1.064288,8.087716,22.63551417478586,4.459441534023339,19.405045928846135,23.975925398708657,19.358031339900602
05/18/2023 18:41:38.700883,4790,True,True,True,True,Eyes,0.2921178,0.02300026,-2.231708,0.3073376,0.03162198,0.951075,0.0,0.0,0.0,0.0,0.0,0.0,0.0,-1.498746,0.09163961,1.507099,0.4071185,0.02291425,-2.087992,0.04986666,0.2893466,-0.03665048,0.9552218,6.688813,33.56539,357.6248,0.1083811,0.01020796,-0.9940568,0.0,0.0,0.0,0.3606278,0.08288673,-0.27294,-0.03807652,0.3019265,2.105819,0.8298706,-0.04116118,-0.5564355,0.09887616,0.9923401,0.07405806,0.549125,-0.1164768,0.8275838,moving,17.90811,1.904307,-1.035885,8.159301,23.222215614715783,4.622286410210212,19.949934749268255,24.514606210218027,19.900690966427558
05/18/2023 18:41:38.721107,4791,True,True,True,True,Eyes,0.2973224,0.02307404,-2.225116,0.3176889,0.03392388,0.947588,0.0,0.0,0.0,0.0,0.0,0.0,0.0,-1.509109,0.08080985,1.492101,0.4142302,0.02328178,-2.082829,0.04764346,0.2917646,-0.0368927,0.9545903,6.458752,33.85213,357.5409,0.1105233,0.01020922,-0.9938208,0.0,0.0,0.0,0.3960973,0.07560693,-0.2648405,-0.0370533,0.3045837,2.105959,0.8270247,-0.04263348,-0.5605467,0.09823617,0.992738,0.06943198,0.5535159,-0.1124879,0.8252071,moving,18.53427,2.050328,-1.007987,8.229594,23.80284836292545,4.773302058320304,20.495929765512102,25.050419265798965,20.4443480456085
05/18/2023 18:41:38.741989,4792,True,True,True,True,Eyes,0.4297251,0.02682339,-2.060945,0.5589809,0.09829875,0.8233334,0.0,0.0,0.0,0.0,0.0,0.0,0.0,-1.522516,0.07541806,1.472592,0.4212181,0.02440386,-2.077077,0.04845434,0.2952218,-0.03952631,0.9533803,6.645669,34.25443,357.3019,0.1127171,0.01021631,-0.9935743,0.0,0.0,0.0,0.4299306,0.09026375,-0.2577893,-0.03604713,0.3071965,2.106096,0.8225636,-0.04675766,-0.5667477,0.1039767,0.9921797,0.06905278,0.5590867,-0.1157289,0.8209926,moving,34.17353,6.808384,-0.980557,8.298679,38.28367629338917,9.585044794427551,35.18566202291203,39.28529945252758,34.983671845320295
05/18/2023 18:41:38.751345,4793,True,True,True,True,Eyes,0.4300137,0.026847,-2.060712,0.5591921,0.09862881,0.8231503,0.0,0.0,0.0,0.0,0.0,0.0,0.0,-1.533492,0.04907671,1.455808,0.4285004,0.0262699,-2.071009,0.0431827,0.2982075,-0.04103954,0.9526401,6.128102,34.60179,356.9769,0.1241947,0.0105521,-0.9922015,0.3972082,0.01124803,0.4925122,0.4668741,0.09249146,-0.2516028,-0.03500107,0.3099129,2.106238,0.8187761,-0.05243702,-0.5717132,0.1039466,0.992902,0.05779855,0.5646244,-0.1067517,0.8184151,moving,34.18951,6.832534,-0.9520429,8.370466,38.29810242757167,9.60801589701855,35.17518976580116,39.269650342002116,34.9717101794793
05/18/2023 18:41:38.771323,4794,True,True,True,True,Eyes,0.4305777,0.02687698,-2.060248,0.5596805,0.09903567,0.8227695,0.0,0.0,0.0,0.0,0.0,0.0,0.0,-1.544224,0.02731788,1.438782,0.4356509,0.02676524,-2.065178,0.0384542,0.3011446,-0.04205399,0.9518743,5.654862,34.94971,356.7222,0.1337262,0.01082669,-0.9909589,0.3733757,0.01057315,0.4629615,0.506851,0.09538768,-0.2460959,-0.03393736,0.3126751,2.106383,0.8150868,-0.05689967,-0.576538,0.1032208,0.9935055,0.04787846,0.5700693,-0.09853578,0.8156664,moving,34.22509,6.863595,-0.9230513,8.443427,38.33065855606868,9.637904649101,35.18362838015701,39.271879434509174,34.97824592844632
05/18/2023 18:41:38.791177,4795,True,True,True,True,Eyes,0.4314119,0.02691479,-2.059568,0.5603816,0.09959447,0.8222247,0.0,0.0,0.0,0.0,0.0,0.0,0.0,-1.555273,0.01433221,1.420598,0.4428308,0.02684931,-2.059213,0.03634339,0.3041536,-0.04369522,0.9509262,5.491603,35.30519,356.487,0.1416875,0.01105262,-0.9898495,0.3509731,0.009938763,0.4351838,0.5465527,0.09964612,-0.2417664,-0.03295532,0.3152251,2.106516,0.8111627,-0.06099391,-0.5816312,0.1052098,0.9935398,0.04253965,0.5752791,-0.09569988,0.8123395,moving,34.27612,6.906479,-0.8962886,8.510751,38.37738357079239,9.679213853673986,35.20897634659857,39.29105026872263,35.00104925430306
05/18/2023 18:41:38.801464,4796,True,True,True,True,Eyes,0.4325145,0.02696775,-2.0587,0.5613471,0.1001803,0.8214946,0.0,0.0,0.0,0.0,0.0,0.0,0.0,-1.566679,0.000130944,1.401807,0.4500813,0.02702061,-2.053349,0.03365344,0.3073415,-0.04486671,0.9499451,5.250864,35.68603,356.2831,0.1483826,0.01123998,-0.988866,0.3299147,0.009342437,0.4090728,0.5877599,0.09286748,-0.2381806,-0.03192168,0.3179093,2.106657,0.8070564,-0.06455562,-0.5869349,0.105928,0.9937088,0.03635904,0.5808952,-0.09151664,0.8088173,moving,34.34575,6.952821,-0.8681232,8.581582,38.44137308517757,9.724185682081597,35.25152093372426,39.32609873059741,35.0407912337678
05/18/2023 18:41:38.821159,4797,True,True,True,True,Eyes,0.4338648,0.027012,-2.057636,0.5624818,0.1008304,0.8206384,0.0,0.0,0.0,0.0,0.0,0.0,0.0,-1.576975,-0.009464532,1.384197,0.4572456,0.02747901,-2.047709,0.03206316,0.3101391,-0.04568883,0.9490513,5.117525,36.02159,356.1525,0.1541285,0.01139963,-0.9879848,0.3101198,0.00878189,0.3845284,0.6284057,0.09079425,-0.2352178,-0.03090194,0.3205573,2.106796,0.8034526,-0.066834,-0.5916055,0.1066102,0.9937689,0.0325194,0.5857459,-0.08919895,0.8055714,moving,34.42751,7.004726,-0.8403394,8.651422,38.51655816541604,9.774642372124823,35.306271525289894,39.37292229412248,35.09242651233983
05/18/2023 18:41:38.841940,4798,True,True,True,True,Eyes,0.4354554,0.02706118,-2.056401,0.5638524,0.1013424,0.8196343,0.0,0.0,0.0,0.0,0.0,0.0,0.0,-1.587553,-0.01751907,1.365799,0.464479,0.02728691,-2.041948,0.03060037,0.3130715,-0.04630403,0.9481063,4.992065,36.37489,356.049,0.1593678,0.01154559,-0.9871515,0.2915126,0.008254977,0.3614567,0.6673325,0.09116553,-0.2328775,-0.02987066,0.3232352,2.106936,0.7996843,-0.06864208,-0.5964841,0.1069625,0.9938391,0.02903187,0.5908164,-0.08701777,0.8020996,moving,34.52531,7.048472,-0.812245,8.722017,38.606845383317584,9.817829148591846,35.377161364997185,39.434318694674594,35.16054834815182
05/18/2023 18:41:38.851120,4799,True,True,True,True,Eyes,0.4372806,0.0271402,-2.054983,0.5653427,0.1019061,0.8185369,0.0,0.0,0.0,0.0,0.0,0.0,0.0,-1.596388,-0.02189004,1.349603,0.471633,0.02747036,-2.036459,0.03055553,0.315356,-0.04747378,0.9472926,5.038916,36.64636,355.9317,0.1641642,0.01167961,-0.9863637,0.2740219,0.007759678,0.3397693,0.7055881,0.08532859,-0.2310916,-0.02882895,0.32594,2.107078,0.7965937,-0.07067138,-0.6003699,0.1092149,0.9936252,0.02794778,0.5945676,-0.08783235,0.7992339,moving,34.63186,7.096685,-0.7838695,8.793283,38.705199829488656,9.865397512579408,35.45634415433682,39.50362041683326,35.23667413521382
05/18/2023 18:41:38.871734,4800,True,True,True,True,Eyes,0.4393156,0.02726188,-2.053381,0.5670412,0.1026781,0.8172647,0.0,0.0,0.0,0.0,0.0,0.0,0.0,-1.604803,-0.03305577,1.333134,0.4790355,0.02823413,-2.030631,0.02899838,0.3176605,-0.04899966,0.9464936,4.934916,36.92091,355.7213,0.1685753,0.01180441,-0.9856179,0.2575806,0.007294097,0.3193831,0.7451077,0.07859553,-0.2300203,-0.02779531,0.328624,2.107219,0.7933818,-0.07433245,-0.604169,0.111179,0.9935162,0.02376305,0.5984852,-0.08602408,0.7965019,moving,34.754,7.160912,-0.7557175,8.863966,38.81777317260863,9.928312461303836,35.55053346796251,39.58780111858617,35.326911674915344
05/18/2023 18:41:38.891126,4801,True,True,True,True,Eyes,0.4415818,0.02739654,-2.051613,0.5687984,0.1037491,0.8159072,0.0,0.0,0.0,0.0,0.0,0.0,0.0,-1.610455,-0.05128665,1.319779,0.4864766,0.02927823,-2.024968,0.02512088,0.3191212,-0.04999891,0.9460607,4.556559,37.10018,355.4793,0.1726514,0.01192308,-0.9849106,0.2421257,0.006856452,0.3002202,0.782526,0.08225086,-0.2294714,-0.02675545,0.3313242,2.10736,0.7913235,-0.07857078,-0.6063281,0.1106372,0.9937381,0.01562032,0.6013041,-0.07944316,0.7950612,moving,34.88174,7.246721,-0.7273993,8.935038,38.935150194300206,10.01155714191625,35.649140466206106,39.677156221820205,35.420358760412164
05/18/2023 18:41:38.901649,4802,True,True,True,True,Eyes,0.444052,0.02751257,-2.049693,0.5708774,0.104569,0.814349,0.0,0.0,0.0,0.0,0.0,0.0,0.0,-1.616946,-0.07050624,1.304894,0.4942524,0.0296314,-2.019176,0.02047197,0.3208786,-0.05053975,0.9455494,4.079971,37.32102,355.2593,0.1764385,0.01203695,-0.9842378,0.2275982,0.006445065,0.282207,0.818159,0.07910867,-0.2290826,-0.02570575,0.3340498,2.107502,0.7889653,-0.08243763,-0.6088825,0.1087137,0.9940532,0.006280267,0.6047438,-0.07114877,0.7932357,moving,35.03134,7.317198,-0.6988169,9.006742,39.07318990753118,10.08095095979712,35.770080668437885,39.78651090995056,35.53683264548582
05/18/2023 18:41:38.921035,4803,True,True,True,True,Eyes,0.4467389,0.02761116,-2.047645,0.5730962,0.1052065,0.8127068,0.0,0.0,0.0,0.0,0.0,0.0,0.0,-1.62525,-0.07924984,1.288881,0.5019866,0.0292331,-2.013974,0.0187073,0.3230071,-0.05126107,0.9448223,3.925856,37.58094,355.1252,0.1799768,0.0121457,-0.9835956,0.2139423,0.006058361,0.2652745,0.851535,0.07805422,-0.2281818,-0.02466601,0.3367499,2.107644,0.7860776,-0.08478001,-0.6122863,0.1089504,0.9940447,0.002234782,0.6084505,-0.06846552,0.790633,moving,35.19033,7.37603,-0.6705089,9.077736,39.22020241301296,10.139659603419885,35.90119176186481,39.90484345035876,35.66405781971713
05/18/2023 18:41:38.941829,4804,True,True,True,True,Eyes,0.4496292,0.02770641,-2.045489,0.5755073,0.1055433,0.8109573,0.0,0.0,0.0,0.0,0.0,0.0,0.0,-1.636271,-0.07929951,1.269847,0.5098053,0.02893759,-2.008841,0.02004192,0.3259687,-0.05276487,0.9436942,4.141868,37.93158,355.0234,0.1833029,0.0122491,-0.9829798,0.2011058,0.005694859,0.2493581,0.8816002,0.09479768,-0.226969,-0.02365851,0.3393662,2.107781,0.7819204,-0.08652173,-0.6173446,0.1126539,0.9936284,0.003427485,0.6131146,-0.07222629,0.7866855,moving,35.36196,7.415168,-0.643082,9.14649,39.37937043599215,10.180223320837126,36.04664374514565,40.035800273878166,35.8066518875868
05/18/2023 18:41:38.951374,4805,True,True,True,True,Eyes,0.4496292,0.02770641,-2.045489,0.5755073,0.1055433,0.8109573,0.0,0.0,0.0,0.0,0.0,0.0,0.0,-1.649534,-0.07761881,1.248195,0.5174842,0.02900168,-2.004082,0.02267702,0.3297612,-0.05517165,0.9421781,4.5379,38.37688,354.8774,0.1864487,0.01234759,-0.9823868,0.1890394,0.005353168,0.2343966,0.9091621,0.10947,-0.2254119,-0.02258551,0.3421519,2.107927,0.7764273,-0.08900703,-0.6238899,0.118919,0.9928837,0.00634465,0.6188853,-0.07911852,0.7814866,moving,35.36196,7.415168,-0.6138756,9.219657,39.37937043599215,10.180223320837126,36.02106227846909,40.0047799163066,35.780874733511546
05/18/2023 18:41:38.971110,4806,True,True,True,True,Eyes,0.4496292,0.02770641,-2.045489,0.5755073,0.1055433,0.8109573,0.0,0.0,0.0,0.0,0.0,0.0,0.0,-1.663991,-0.07371133,1.224502,0.5252373,0.02889051,-1.999248,0.02583671,0.3340318,-0.05730032,0.9404637,4.983982,38.88078,354.7869,0.1892782,0.01243612,-0.9818444,0.1776971,0.005031978,0.2203328,0.9399639,0.1183479,-0.2251261,-0.02159029,0.3447362,2.108063,0.7702789,-0.09051716,-0.6312504,0.1250383,0.9920983,0.01031672,0.6253287,-0.08687722,0.7755104,moving,35.36196,7.415168,-0.5867897,9.2875,39.37937043599215,10.180223320837126,35.99747535746742,39.9761292641413,35.75709858095255
05/18/2023 18:41:38.991478,4807,True,True,True,True,Eyes,0.4496292,0.02770641,-2.045489,0.5755073,0.1055433,0.8109573,0.0,0.0,0.0,0.0,0.0,0.0,0.0,-1.680315,-0.06383294,1.198185,0.5331843,0.02843247,-1.994514,0.03051459,0.3388975,-0.05902253,0.9384742,5.582533,39.45746,354.806,0.1918237,0.01251571,-0.9813492,0.1670352,0.004730059,0.2071128,0.9712511,0.1271047,-0.2255961,-0.02062595,0.3472403,2.108194,0.7633296,-0.09009961,-0.6396953,0.1314649,0.9911705,0.01726913,0.6324911,-0.0972795,0.7684346,moving,35.36196,7.415168,-0.5605472,9.3532,39.37937043599215,10.180223320837126,35.97474797086251,39.94847917434462,35.73418196544358
05/18/2023 18:41:39.001151,4808,True,True,True,True,Eyes,0.4496292,0.02770641,-2.045489,0.5755073,0.1055433,0.8109573,0.0,0.0,0.0,0.0,0.0,0.0,0.0,-1.697179,-0.05271006,1.17051,0.5411333,0.02799474,-1.989894,0.03580162,0.3440421,-0.06088892,0.9362937,6.254121,40.06977,354.841,0.1941134,0.01258727,-0.980898,0.1570131,0.004446256,0.1946861,1.003747,0.1334555,-0.2268385,-0.01958269,0.3499507,2.108336,0.7558551,-0.08938529,-0.6486087,0.1386544,0.9900215,0.02514497,0.6398891,-0.1089384,0.7607065,moving,35.36196,7.415168,-0.5321606,9.424279,39.37937043599215,10.180223320837126,35.95030487572623,39.918689375443805,35.70952623226231
05/18/2023 18:41:39.021806,4809,True,True,True,True,Eyes,0.4540728,0.02773155,-2.042532,0.5800669,0.1033622,0.8079844,0.0,0.0,0.0,0.0,0.0,0.0,0.0,-1.715295,-0.04419361,1.140021,0.549226,0.02762256,-1.985302,0.04077049,0.3498498,-0.06310155,0.9337885,6.90908,40.76574,354.8379,0.1961733,0.01265161,-0.9804873,0.1475923,0.00417948,0.1830049,1.035272,0.1398077,-0.2283583,-0.01853943,0.3526593,2.108478,0.7472466,-0.08931994,-0.6585169,0.1463741,0.9887119,0.0319899,0.6482262,-0.1202942,0.7518858,moving,35.67526,7.290023,-0.5037775,9.495272,39.67369494105328,10.070255483655608,36.24618431750309,40.181586551031955,36.0109502161365
05/18/2023 18:41:39.041148,4810,True,True,True,True,Eyes,0.4540728,0.02773155,-2.042532,0.5800669,0.1033622,0.8079844,0.0,0.0,0.0,0.0,0.0,0.0,0.0,-1.734613,-0.0361553,1.106808,0.557536,0.0278898,-1.980805,0.04563739,0.3562706,-0.06483257,0.931013,7.537432,41.54424,354.8956,0.1982591,0.01271194,-0.9800668,0.1387368,0.003928711,0.1720246,1.066916,0.1410064,-0.2299851,-0.01750523,0.3553442,2.108619,0.7377359,-0.08820141,-0.6693028,0.1532384,0.9874279,0.03878212,0.6574676,-0.1311739,0.7419769,moving,35.67526,7.290023,-0.4756444,9.565605,39.67369494105328,10.070255483655608,36.22245384256378,40.152510776210526,35.9869569463421
05/18/2023 18:41:39.051429,4811,True,True,True,True,Eyes,0.4540728,0.02773155,-2.042532,0.5800669,0.1033622,0.8079844,0.0,0.0,0.0,0.0,0.0,0.0,0.0,-1.753437,-0.03506207,1.072756,0.5660533,0.02817728,-1.9762,0.04755001,0.362882,-0.06525969,0.9283302,7.796055,42.3587,354.9823,0.2001357,0.01276619,-0.9796847,0.1304126,0.003692989,0.1617031,1.0989,0.1445464,-0.2321436,-0.01643676,0.3581188,2.108764,0.7281156,-0.08665497,-0.6799549,0.1556752,0.9869604,0.04092108,0.6675425,-0.1356473,0.7321113,moving,35.67526,7.290023,-0.4465828,9.638247,39.67369494105328,10.070255483655608,36.198089496851736,40.122603571418516,35.962313445732455
05/18/2023 18:41:39.081524,4812,True,True,True,True,Eyes,0.4594155,0.02778637,-2.039205,0.5858756,0.1018089,0.8039805,0.0,0.0,0.0,0.0,0.0,0.0,0.0,-1.771802,-0.03900404,1.038468,0.57459,0.02825735,-1.971869,0.04732868,0.3696051,-0.06496083,0.9257064,7.795898,43.19384,355.0619,0.201824,0.01281497,-0.9793376,0.1225878,0.003471409,0.1520009,1.130946,0.1451413,-0.2349395,-0.01543736,0.3607137,2.1089,0.7183443,-0.08528346,-0.6904405,0.1552551,0.9870802,0.03960522,0.6781425,-0.1356446,0.7223042,moving,36.08152,7.217014,-0.4194035,9.706144,40.05363588436318,10.011216963214082,36.58569644696889,40.474189139760384,36.35224632499461
05/18/2023 18:41:39.091176,4813,True,True,True,True,Eyes,0.4648987,0.0278615,-2.035824,0.59183,0.1007204,0.7997453,0.0,0.0,0.0,0.0,0.0,0.0,0.0,-1.788849,-0.04773408,1.004819,0.5831757,0.02873898,-1.967486,0.04575886,0.3761353,-0.06473158,0.9231675,7.653499,44.00624,355.0746,0.2036206,0.01286284,-0.978965,0.1152326,0.003263125,0.1428809,1.162914,0.1284428,-0.2377383,-0.01439309,0.3634252,2.109042,0.7086641,-0.08509313,-0.7003959,0.1539392,0.9874319,0.03579051,0.6885478,-0.1331818,0.7128567,moving,36.5023,7.178072,-0.3910072,9.77706,40.44645224772608,9.984398791302656,36.984738133150486,40.83798579165053,36.75177622417842
05/18/2023 18:41:39.101128,4814,True,True,True,True,Eyes,0.4648987,0.0278615,-2.035824,0.59183,0.1007204,0.7997453,0.0,0.0,0.0,0.0,0.0,0.0,0.0,-1.803698,-0.06597677,0.9726313,0.5919236,0.02920864,-1.962769,0.04044442,0.3822551,-0.06369245,0.9209715,7.076233,44.77341,355.0055,0.2055228,0.01291087,-0.9785668,0.1083186,0.003067337,0.134308,1.189655,0.1209775,-0.2388815,-0.01335704,0.3661156,2.109183,0.6996486,-0.08639769,-0.7092442,0.148238,0.988615,0.02580278,0.6989402,-0.1231898,0.7044905,moving,36.5023,7.178072,-0.3628381,9.84738,40.44645224772608,9.984398791302656,36.961650562859546,40.809520370057996,36.72834858805317
05/18/2023 18:41:39.121264,4815,True,True,True,True,Eyes,0.4648987,0.0278615,-2.035824,0.59183,0.1007204,0.7997453,0.0,0.0,0.0,0.0,0.0,0.0,0.0,-1.816901,-0.0847209,0.9419196,0.600815,0.02850245,-1.957991,0.03369383,0.3878169,-0.06178411,0.919046,6.306912,45.47911,354.9536,0.2072341,0.01295405,-0.9782053,0.1018195,0.002883297,0.1262495,1.215161,0.1211247,-0.2400115,-0.01232535,0.3687946,2.109323,0.6915615,-0.08743079,-0.7170066,0.139699,0.990095,0.01401051,0.7086797,-0.1098542,0.6969255,moving,36.5023,7.178072,-0.3347909,9.917364,40.44645224772608,9.984398791302656,36.938800557626756,40.7812982424199,36.705152633723486
05/18/2023 18:41:39.141514,4816,True,True,True,True,Eyes,0.4712295,0.02783185,-2.032042,0.5984781,0.1009856,0.794749,0.0,0.0,0.0,0.0,0.0,0.0,0.0,-1.829728,-0.09562141,0.9118955,0.609543,0.02757926,-1.953535,0.02983232,0.3930971,-0.06062378,0.9170113,5.875962,46.14707,354.9402,0.2087738,0.01299289,-0.9778773,0.09571032,0.002710299,0.1186746,1.239738,0.1100653,-0.2408085,-0.01131725,0.371413,2.10946,0.6835989,-0.08773138,-0.724566,0.1346394,0.9908696,0.007051076,0.7173318,-0.1023752,0.6891695,moving,36.98123,7.241543,-0.3073888,9.985728,40.89148528439113,10.05477411449337,37.38945898680453,41.19893194231425,37.15095496588899
05/18/2023 18:41:39.151190,4817,True,True,True,True,Eyes,0.4776693,0.02775484,-2.028239,0.6051793,0.1013518,0.7896112,0.0,0.0,0.0,0.0,0.0,0.0,0.0,-1.842939,-0.1000151,0.8808799,0.6183099,0.02641109,-1.949197,0.02819813,0.3985126,-0.05978032,0.9147782,5.695205,46.83023,354.9901,0.2104875,0.01302789,-0.9775094,0.08996771,0.002547681,0.1115541,1.266812,0.1173687,-0.2431387,-0.01022881,0.3742393,2.109608,0.6752281,-0.08689685,-0.7324725,0.1318461,0.9912624,0.003943653,0.7257298,-0.09923648,0.6807852,moving,37.46753,7.3143,-0.2778066,10.05948,41.343207221029374,10.13401019064661,37.84503201583662,41.621080551081754,37.601150838692604
05/18/2023 18:41:39.171026,4818,True,True,True,True,Eyes,0.4842012,0.02761596,-2.024414,0.6118988,0.1017907,0.7843586,0.0,0.0,0.0,0.0,0.0,0.0,0.0,-1.855946,-0.1027518,0.8493674,0.6272734,0.0251769,-1.944843,0.02689505,0.4039365,-0.05876952,0.912501,5.54122,47.51634,355.0706,0.212364,0.01305718,-0.9771031,0.08456964,0.00239482,0.1048608,1.290484,0.1337072,-0.2450201,-0.009229124,0.3768343,2.109745,0.6667628,-0.08552671,-0.7403461,0.1289823,0.9916456,0.001605203,0.7340237,-0.09656183,0.6722239,moving,37.95873,7.394277,-0.25064,10.12715,41.79935624505293,10.220116623340326,38.30697783212647,42.05009901298712,38.05734812329712
05/18/2023 18:41:39.191247,4819,True,True,True,True,Eyes,0.4908252,0.02739667,-2.020572,0.6186721,0.1021949,0.7789744,0.0,0.0,0.0,0.0,0.0,0.0,0.0,-1.869096,-0.1031254,0.8166229,0.6360539,0.02353179,-1.940595,0.02651003,0.4096313,-0.05809041,0.9100137,5.499685,48.23592,355.1587,0.2143914,0.01307832,-0.97666,0.07949546,0.002251131,0.09856918,1.315655,0.1462901,-0.2474566,-0.008227229,0.3794362,2.109881,0.6576555,-0.08400747,-0.7486201,0.1274448,0.9918454,0.0006576818,0.7424603,-0.09584028,0.6629989,moving,38.45708,7.474043,-0.2234169,10.19497,42.26217145350938,10.306189237857328,38.77607876217293,42.48573392872861,38.52067462269837
05/18/2023 18:41:39.200907,4820,True,True,True,True,Eyes,0.6586595,0.0203106,-1.924242,0.7747234,0.1062578,0.6233081,0.0,0.0,0.0,0.0,0.0,0.0,0.0,-1.881404,-0.1017312,0.7844895,0.6447942,0.02139182,-1.936294,0.02673291,0.4150971,-0.05765456,0.9075549,5.531191,48.9271,355.2481,0.2165596,0.01308824,-0.9761813,0.07472573,0.002116063,0.09265503,1.341009,0.1545079,-0.2503403,-0.007148147,0.3822383,2.110027,0.6487408,-0.08245584,-0.7565293,0.1268429,0.9919226,0.0006586867,0.7503642,-0.09638765,0.6539596,moving,51.18139,9.674439,-0.1941004,10.26796,54.076033315316266,12.65713778155681,51.378918643914,54.32269860702976,50.97345393571143
05/18/2023 18:41:39.221017,4821,True,True,True,True,Eyes,0.6589935,0.02026188,-1.924031,0.7743017,0.104026,0.6242079,0.0,0.0,0.0,0.0,0.0,0.0,0.0,-1.893242,-0.09945876,0.7525529,0.653558,0.01960164,-1.932116,0.02813659,0.4204746,-0.05803708,0.905009,5.72385,49.60526,355.3083,0.2319913,0.01266607,-0.972635,0.573745,-0.01926913,0.3760859,1.369151,0.1657145,-0.2550144,-0.00614804,0.3848352,2.110163,0.6396657,-0.08138671,-0.7643325,0.1287096,0.9916801,0.002121491,0.7578007,-0.09973396,0.6448188,moving,51.12577,9.46155,-0.1669329,10.33557,54.02829434724868,12.456592683797153,51.30014894469673,54.23671628708829,50.91142349111116
05/18/2023 18:41:39.241901,4822,True,True,True,True,Eyes,0.6596287,0.02014,-1.923562,0.7742482,0.1022266,0.6245714,0.0,0.0,0.0,0.0,0.0,0.0,0.0,-1.905054,-0.09899364,0.7193511,0.6626647,0.01876044,-1.927957,0.02914202,0.426064,-0.05824083,0.9023461,5.86708,50.31357,355.3714,0.2445211,0.01231598,-0.9695654,0.5393203,-0.01811298,0.3535207,1.401458,0.1683439,-0.2619377,-0.005133808,0.3874686,2.110302,0.630155,-0.080274,-0.7723087,0.1299395,0.9915175,0.002963739,0.7655197,-0.102221,0.6352405,moving,51.10754,9.295451,-0.1393853,10.40409,54.01449612390361,12.30070068609612,51.25891564534019,54.1870833812711,50.88276487035124
05/18/2023 18:41:39.251344,4823,True,True,True,True,Eyes,0.6606146,0.01993157,-1.922956,0.7745303,0.1004986,0.6245021,0.0,0.0,0.0,0.0,0.0,0.0,0.0,-1.917205,-0.1015017,0.6831524,0.6721662,0.01663955,-1.923692,0.02651947,0.4322125,-0.05618221,0.8996292,5.525036,51.10499,355.4961,0.2547359,0.01202145,-0.9669356,0.506961,-0.0170262,0.3323095,1.437996,0.1621052,-0.2714206,-0.00411278,0.390121,2.110441,0.6200719,-0.07816222,-0.7806418,0.1240104,0.9922805,-0.0008499181,0.774682,-0.09628068,0.6249782,moving,51.12084,9.142002,-0.1116566,10.47307,54.029833729388265,12.157371363258868,51.249784876520565,54.1676826730618,50.88486823296108
05/18/2023 18:41:39.271794,4824,True,True,True,True,Eyes,0.6619114,0.01966021,-1.922178,0.7752389,0.09857255,0.6239296,0.0,0.0,0.0,0.0,0.0,0.0,0.0,-1.929256,-0.09851221,0.6468551,0.6814143,0.01437257,-1.919798,0.02670941,0.4383782,-0.05515889,0.8966988,5.523932,51.89621,355.6496,0.2631065,0.01176786,-0.9646947,0.4765434,-0.01600463,0.3123709,1.47629,0.1473808,-0.2818739,-0.003072917,0.3928208,2.110583,0.6095641,-0.07550418,-0.789133,0.1223395,0.9924882,-0.0004603227,0.7832398,-0.09626152,0.6142223,moving,51.17212,8.977765,-0.08342013,10.54323,54.08076690037474,12.004813561900278,51.27944105276758,54.18390335856058,50.92610928444907
05/18/2023 18:41:39.291244,4825,True,True,True,True,Eyes,0.6635252,0.01937972,-1.92127,0.7762789,0.09654048,0.6229535,0.0,0.0,0.0,0.0,0.0,0.0,0.0,-1.941534,-0.09373871,0.6072159,0.6906302,0.01261663,-1.915704,0.03041214,0.4452091,-0.05667529,0.8931137,6.014935,52.7669,355.7237,0.2700111,0.01154402,-0.9627876,0.4479508,-0.01504435,0.2936287,1.510461,0.1579254,-0.2913617,-0.002037168,0.3955092,2.110723,0.5971537,-0.07415543,-0.7986918,0.1283145,0.991726,0.003858303,0.7917973,-0.1047877,0.6017281,moving,51.25342,8.809178,-0.05529909,10.61306,54.15975520803735,11.84887125349033,51.34041921260922,54.229137389353625,50.998513893984416
05/18/2023 18:41:39.311266,4826,True,True,True,True,Eyes,0.6654474,0.01903926,-1.920231,0.7776356,0.09470786,0.6215411,0.0,0.0,0.0,0.0,0.0,0.0,0.0,-1.951959,-0.09433918,0.5701297,0.6996784,0.01219584,-1.911647,0.03219617,0.4514779,-0.05769924,0.8898326,6.280629,53.57098,355.7529,0.2757547,0.01134318,-0.9611607,0.4210737,-0.01414169,0.2760109,1.536724,0.1979179,-0.2995195,-0.00103581,0.3981103,2.110859,0.585677,-0.07361362,-0.8071949,0.1317571,0.9912684,0.005198528,0.799764,-0.1093983,0.5902623,moving,51.36569,8.66385,-0.02811534,10.68059,54.267153939431445,11.715409206612758,51.43335948150201,54.30512974771671,51.10090298871575
05/18/2023 18:41:39.320984,4827,True,True,True,True,Eyes,0.6676564,0.01872253,-1.91908,0.7792801,0.09270643,0.6197805,0.0,0.0,0.0,0.0,0.0,0.0,0.0,-1.961504,-0.09644545,0.5342512,0.7090204,0.01038405,-1.907723,0.03193774,0.4573758,-0.05778343,0.8868194,6.286695,54.33245,355.7726,0.2809609,0.01114708,-0.9596541,0.3958093,-0.01329319,0.2594503,1.563318,0.1728163,-0.3049659,-1.788139e-07,0.4008,2.111,0.574937,-0.07327182,-0.8149102,0.131702,0.9912821,0.003788535,0.8075283,-0.1095035,0.5795748,moving,51.50391,8.507198,-4.853285e-06,10.75037,54.39894936540183,11.571941562265817,51.55274062390878,54.40515784297211,51.23001890324954
05/18/2023 18:41:39.341158,4828,True,True,True,True,Eyes,0.6701678,0.01850973,-1.917807,0.7811692,0.0908936,0.6176674,0.0,0.0,0.0,0.0,0.0,0.0,0.0,-1.970214,-0.09888449,0.4987128,0.7179494,0.01065971,-1.903856,0.03418364,0.4632462,-0.05955031,0.8835658,6.637072,55.08892,355.7529,0.2857556,0.01095494,-0.9582395,0.3720608,-0.0124956,0.2438833,1.591336,0.1395195,-0.3102154,0.0,0.4008,2.111,0.5637135,-0.07356234,-0.8226881,0.1369041,0.9905705,0.005234069,0.8145456,-0.1155799,0.5684689,static,51.66672,8.371348,0.0,10.75037,54.55325769750405,11.448508281025395,51.72146267493683,54.55772468193407,51.40720887460365
05/18/2023 18:41:39.351247,4829,True,True,True,True,Eyes,0.6729802,0.01837428,-1.916408,0.7832071,0.08965772,0.6152626,0.0,0.0,0.0,0.0,0.0,0.0,0.0,-1.977655,-0.1059135,0.4644824,0.7275625,0.01290996,-1.899623,0.03429896,0.4686919,-0.06024976,0.8806371,6.712475,55.79493,355.7289,0.2901962,0.01077153,-0.9569061,0.3497371,-0.01174586,0.2292503,1.605951,0.1747616,-0.3112805,1.192093e-07,0.4008,2.111,0.5533959,-0.07396506,-0.8296277,0.1382676,0.9903871,0.003932721,0.8213618,-0.116887,0.5583032,static,51.84795,8.290936,3.235523e-06,10.75037,54.72366517382273,11.37738865837424,51.90624624544137,54.727253981314135,51.59704506714957
05/18/2023 18:41:39.371599,4830,True,True,True,True,Eyes,0.6760624,0.01817738,-1.914906,0.7853872,0.0888785,0.6125908,0.0,0.0,0.0,0.0,0.0,0.0,0.0,-1.98341,-0.1190305,0.4332022,0.7374687,0.01450531,-1.895172,0.028196,0.4734084,-0.05787647,0.8784873,5.989032,56.41329,355.6757,0.2943341,0.01059982,-0.9556434,0.3287529,-0.01104111,0.2154952,1.622075,0.1837091,-0.3129884,0.0,0.4008,2.111,0.5450696,-0.07499103,-0.8350303,0.1283839,0.9917106,-0.005258762,0.8285027,-0.1043381,0.5501789,static,52.04628,8.255226,0.0,10.75037,54.90914791478172,11.348503192093524,52.10605536230061,54.91240559329797,51.799307080769005
05/18/2023 18:41:39.391065,4831,True,True,True,True,Eyes,0.6793771,0.01802941,-1.91332,0.787757,0.08771808,0.6097085,0.0,0.0,0.0,0.0,0.0,0.0,0.0,-1.98933,-0.1228567,0.402344,0.7468817,0.01272452,-1.891141,0.02426033,0.4779878,-0.05560465,0.8762688,5.490107,57.01802,355.7218,0.2982137,0.01043565,-0.9544417,0.3090277,-0.01037864,0.2025655,1.643124,0.1777658,-0.3162857,-1.192093e-07,0.4007999,2.111,0.5368715,-0.07425697,-0.8403897,0.1206415,0.9926391,-0.01063955,0.8349938,-0.09567384,0.5418781,static,52.26083,8.186902,-3.235523e-06,10.75037,55.11036986934658,11.28946117062022,52.32366633425232,55.113009744053834,52.02121421609748
05/18/2023 18:41:39.400920,4832,True,True,True,True,Eyes,0.6829622,0.01796117,-1.91161,0.7902624,0.08669945,0.6066041,0.0,0.0,0.0,0.0,0.0,0.0,0.0,-1.995096,-0.1227617,0.3719343,0.7556413,0.01385137,-1.887492,0.02860093,0.4826442,-0.058074,0.873421,6.085904,57.62276,355.7415,0.3018725,0.01028071,-0.9532925,0.2904861,-0.009755925,0.1904116,1.662084,0.1988721,-0.3201694,0.0,0.4008,2.111,0.5273641,-0.07383794,-0.8464249,0.1290542,0.9916188,-0.006096837,0.839781,-0.1060194,0.5324733,static,52.49022,8.133964,0.0,10.75037,55.32512394856039,11.245160733423695,52.55538769722126,55.32733644224573,52.256339295414804
05/18/2023 18:41:39.421291,4833,True,True,True,True,Eyes,0.686778,0.01795142,-1.909816,0.7928312,0.08611744,0.6033261,0.0,0.0,0.0,0.0,0.0,0.0,0.0,-1.99958,-0.1321749,0.3400126,0.7656067,0.01564825,-1.882817,0.02695041,0.4873229,-0.05836269,0.8708524,5.959336,58.23578,355.6532,0.3053469,0.010138,-0.9521868,0.2730569,-0.009170569,0.1789869,1.680438,0.2169532,-0.3241167,-1.192093e-07,0.4007999,2.111,0.5182204,-0.07538345,-0.8519185,0.1279177,0.9917349,-0.009943287,0.8456268,-0.1038226,0.5235801,static,52.72971,8.123401,-3.235523e-06,10.75037,55.54847558415936,11.24075604516014,52.79510984956325,55.55064335949664,52.49716061051456
05/18/2023 18:41:39.441578,4834,True,True,True,True,Eyes,0.6908265,0.01810431,-1.907936,0.7955844,0.08567802,0.5997539,0.0,0.0,0.0,0.0,0.0,0.0,0.0,-2.003697,-0.1360646,0.3128614,0.774861,0.01696558,-1.878963,0.02283148,0.4910898,-0.0552611,0.8690547,5.391459,58.7405,355.759,0.3086672,0.0100092,-0.951117,0.2566735,-0.008620336,0.1682477,1.699413,0.2230376,-0.3273143,0.0,0.4008,2.111,0.5115542,-0.07362521,-0.856091,0.1184744,0.9928498,-0.01459271,0.8510442,-0.09395992,0.5166192,static,52.98907,8.129998,0.0,10.75037,55.79001208504589,11.252868621313826,53.05382068129762,55.79227503260634,52.756096385144936
05/18/2023 18:41:39.451686,4835,True,True,True,True,Eyes,0.6951506,0.01827694,-1.905952,0.7983885,0.0860037,0.5959692,0.0,0.0,0.0,0.0,0.0,0.0,0.0,-2.007478,-0.1432568,0.2828946,0.7842942,0.02103467,-1.874822,0.02484246,0.4954887,-0.05712986,0.8663775,5.719609,59.31698,355.7134,0.3118603,0.009900951,-0.950076,0.2412731,-0.008103115,0.1581528,1.718807,0.2321075,-0.3313625,-1.192093e-07,0.4008,2.111,0.5024542,-0.07437373,-0.8613991,0.1236104,0.992238,-0.01356851,0.8557221,-0.09966029,0.5077475,static,53.25994,8.211605,-3.235523e-06,10.75037,56.04083357964968,11.335456763140217,53.320417113675674,56.04389099148288,53.01889030241725
05/18/2023 18:41:39.471349,4836,True,True,True,True,Eyes,0.6996979,0.01838022,-1.903918,0.8013124,0.08658147,0.5919476,0.0,0.0,0.0,0.0,0.0,0.0,0.0,-2.011252,-0.1494613,0.2513848,0.7951264,0.02151698,-1.870288,0.01675992,0.4997027,-0.05208234,0.8644674,4.647668,59.88864,355.7827,0.314953,0.009812166,-0.9490561,0.2267967,-0.007616928,0.1486637,1.736484,0.2374826,-0.3341142,-1.192093e-07,0.4008,2.111,0.4951693,-0.073297,-0.8656991,0.1067969,0.9940131,-0.02307455,0.8622075,-0.08102818,0.5000326,static,53.54588,8.321385,-3.235523e-06,10.75037,56.30515608807871,11.444760848020833,53.600947562543034,56.309440994437054,53.29404258516851
05/18/2023 18:41:39.491236,4837,True,True,True,True,Eyes,0.7044545,0.01853671,-1.901821,0.8044928,0.08648856,0.5876316,0.0,0.0,0.0,0.0,0.0,0.0,0.0,-2.015956,-0.1417545,0.221058,0.8047982,0.01995604,-1.866799,0.01581907,0.5039495,-0.04893822,0.8622006,4.393344,60.46086,356.0637,0.3179657,0.009737482,-0.9480518,0.2131889,-0.007159912,0.1397438,1.754563,0.2419231,-0.33708,-1.192093e-07,0.4008,2.111,0.4872801,-0.06844509,-0.8705593,0.1003331,0.9947096,-0.02204636,0.8674627,-0.0766032,0.4915694,static,53.85421,8.372771,-3.235523e-06,10.75037,56.59146160133796,11.499918617762264,53.90667175982934,56.59642846957801,53.597718267876566
05/18/2023 18:41:39.501108,4838,True,True,True,True,Eyes,0.7094547,0.01878819,-1.899655,0.8078084,0.08675655,0.5830256,0.0,0.0,0.0,0.0,0.0,0.0,0.0,-2.020487,-0.1406776,0.1810628,0.8143992,0.0214997,-1.863125,0.02285695,0.5104086,-0.05255271,0.8580204,5.328747,61.31488,356.1503,0.3209168,0.009678106,-0.9470575,0.2003976,-0.006730318,0.1313592,1.770539,0.2403012,-0.338075,1.192093e-07,0.4008,2.111,0.4734426,-0.06684981,-0.8782843,0.1135153,0.9934315,-0.01442325,0.8734795,-0.09287015,0.4779213,static,54.18061,8.463737,3.235523e-06,10.75037,56.893844498415454,11.592538373341618,54.22883771429717,56.90007400009477,53.91563714683989
05/18/2023 18:41:39.521131,4839,True,True,True,True,Eyes,0.7146789,0.01906314,-1.897443,0.811166,0.08754461,0.5782263,0.0,0.0,0.0,0.0,0.0,0.0,0.0,-2.024415,-0.1370246,0.1446316,0.8250893,0.02400084,-1.859194,0.02044308,0.5157083,-0.04829523,0.8551577,4.86318,62.03434,356.4605,0.3238239,0.009637185,-0.9460679,0.1883737,-0.006326498,0.1234777,1.786998,0.2448386,-0.3396908,-1.192093e-07,0.4007999,2.111,0.463425,-0.06151474,-0.8839984,0.1036854,0.9944993,-0.01484838,0.8800493,-0.08477663,0.4672541,static,54.51745,8.609309,-3.235523e-06,10.75037,57.20490700658552,11.736510318807674,54.55947992322836,57.21340951679135,54.2388458174021
05/18/2023 18:41:39.541125,4840,True,True,True,True,Eyes,0.7201031,0.01934198,-1.895196,0.8146485,0.08816737,0.5732141,0.0,0.0,0.0,0.0,0.0,0.0,0.0,-2.028573,-0.1258628,0.1095101,0.835573,0.02483611,-1.85584,0.01664048,0.5207033,-0.04149103,0.8525666,4.104929,62.71878,356.93,0.3267018,0.009614019,-0.9450781,0.1770713,-0.005946909,0.116069,1.800173,0.2598639,-0.3403333,2.384186e-07,0.4008,2.111,0.4542932,-0.05341822,-0.8892492,0.08807721,0.9960032,-0.0148348,0.8864875,-0.07158325,0.4571824,static,54.8685,8.744267,6.471045e-06,10.75037,57.52941363674167,11.870872487803382,54.90515487077316,57.540318166149255,54.577607845702374
05/18/2023 18:41:39.551048,4841,True,True,True,True,Eyes,0.7257615,0.01965472,-1.892919,0.8182424,0.08888523,0.5679601,0.0,0.0,0.0,0.0,0.0,0.0,0.0,-2.032731,-0.1163819,0.07389796,0.8459345,0.02524471,-1.853311,0.01921045,0.525966,-0.03975129,0.8493589,4.269552,63.43438,357.2803,0.3295628,0.009607002,-0.9440844,0.166447,-0.005590094,0.1091049,1.814439,0.2778528,-0.3421383,-2.384186e-07,0.4007999,2.111,0.4435591,-0.04731814,-0.8949952,0.08773433,0.9961016,-0.009182523,0.8919407,-0.07444879,0.4459814,static,55.23463,8.894589,-6.471046e-06,10.75037,57.867676437890665,12.019961142618406,55.26580307214006,57.881608364994975,54.93035772993527
05/18/2023 18:41:39.571154,4842,True,True,True,True,Eyes,0.7316396,0.0199683,-1.89065,0.8219218,0.08974601,0.5624858,0.0,0.0,0.0,0.0,0.0,0.0,0.0,-2.035815,-0.1138073,0.03534412,0.8570555,0.02637292,-1.850271,0.0185954,0.5316244,-0.03768843,0.845937,4.102057,64.20362,357.4721,0.3324186,0.009616164,-0.9430825,0.1564602,-0.005254689,0.1025586,1.830093,0.2831154,-0.3440517,1.192093e-07,0.4008,2.111,0.4319101,-0.04399253,-0.9008431,0.0835356,0.9964675,-0.008611102,0.8980398,-0.07153325,0.4340594,static,55.61404,9.065275,3.235523e-06,10.75037,58.21792226567231,12.188415256136867,55.63955994074382,58.23567695459303,55.2948022436973
05/18/2023 18:41:39.591236,4843,True,True,True,True,Eyes,0.7377292,0.02027693,-1.888376,0.8257249,0.09056402,0.5567554,0.0,0.0,0.0,0.0,0.0,0.0,0.0,-2.038979,-0.108904,-0.001866817,0.868015,0.02667439,-1.848009,0.01676844,0.5370311,-0.03448616,0.8426906,3.744163,64.9419,357.6962,0.3352788,0.009639883,-0.9420693,0.1470726,-0.004939407,0.09640505,1.849242,0.2747141,-0.3467741,0.0,0.4008,2.111,0.4208167,-0.04011198,-0.9062586,0.07613266,0.997059,-0.008779074,0.9039454,-0.06530148,0.4226329,static,56.00969,9.239037,0.0,10.75037,58.58324095437523,12.360120400066329,56.03007675644385,58.60535314345355,55.675667539289705
05/18/2023 18:41:39.601051,4844,True,True,True,True,Eyes,0.7440275,0.0205965,-1.886126,0.8296274,0.09122745,0.5508138,0.0,0.0,0.0,0.0,0.0,0.0,0.0,-2.041171,-0.1065507,-0.04186845,0.8790152,0.02688941,-1.845561,0.01735707,0.5429958,-0.03360518,0.8388833,3.762226,65.75788,357.8444,0.3381521,0.009676415,-0.9410414,0.1382482,-0.004643043,0.09062075,1.871614,0.2599302,-0.3518212,-1.192093e-07,0.4008,2.111,0.4080525,-0.03753199,-0.9121867,0.07523126,0.9971388,-0.007373825,0.9098535,-0.06561604,0.4097086,static,56.41866,9.404133,-3.235523e-06,10.75037,58.96113710493429,12.524018790981303,56.43472260358444,58.98781145525616,56.0711313277981
05/18/2023 18:41:39.620966,4845,True,True,True,True,Eyes,0.7505229,0.02093857,-1.883884,0.8335935,0.09191234,0.544678,0.0,0.0,0.0,0.0,0.0,0.0,0.0,-2.042913,-0.1060492,-0.0799669,0.8900095,0.02748746,-1.843438,0.01768762,0.5485705,-0.03300853,0.8352653,3.770647,66.52322,357.9476,0.3410454,0.009724963,-0.9399963,0.1299533,-0.00436446,0.0851835,1.895422,0.2431256,-0.3580109,0.0,0.4008,2.111,0.3959616,-0.03573594,-0.9175715,0.07454756,0.9971952,-0.006667302,0.9152362,-0.06576271,0.3975151,static,56.83901,9.57821,0.0,10.75037,59.34946439531855,12.69658424505682,56.85109512441867,59.38136638625661,56.47760571180505
05/18/2023 18:41:39.641239,4846,True,True,True,True,Eyes,0.7572057,0.02131384,-1.881655,0.8375918,0.09245563,0.5384162,0.0,0.0,0.0,0.0,0.0,0.0,0.0,-2.044125,-0.1055856,-0.1164833,0.9010974,0.02837405,-1.841298,0.01751012,0.5537667,-0.03206268,0.8318702,3.706342,67.23943,358.0503,0.3439642,0.009785374,-0.9389315,0.1221561,-0.004102592,0.08007249,1.921064,0.2203365,-0.3654273,1.192093e-07,0.4008,2.111,0.384629,-0.03395093,-0.9224467,0.072737,0.9973307,-0.006378194,0.9202011,-0.06464276,0.3860718,static,57.2665,9.743674,3.235523e-06,10.75037,59.7446098096628,12.861251076869705,57.275344508019074,59.78188549735977,56.89244810945837
05/18/2023 18:41:39.651540,4847,True,True,True,True,Eyes,0.764065,0.02170239,-1.879434,0.8415924,0.09307904,0.5320325,0.0,0.0,0.0,0.0,0.0,0.0,0.0,-2.044899,-0.1066348,-0.1514897,0.9121348,0.02955449,-1.839311,0.01762232,0.5586627,-0.03165751,0.8286033,3.702483,67.91661,358.118,0.3469136,0.009858049,-0.9378451,0.1148268,-0.003856437,0.07526814,1.947512,0.1948264,-0.3739644,1.192093e-07,0.4008,2.111001,0.3737876,-0.03277317,-0.9269352,0.0721529,0.9973745,-0.006167923,0.9247037,-0.06457556,0.3751709,static,57.70001,9.923462,3.235522e-06,10.75037,60.14508954549213,13.039463505780944,57.70593173549207,60.18863145405421,57.31248075014268
05/18/2023 18:41:39.671497,4848,True,True,True,True,Eyes,0.7710935,0.02208902,-1.877241,0.8455478,0.09362686,0.5256262,0.0,0.0,0.0,0.0,0.0,0.0,0.0,-2.045316,-0.10741,-0.1835425,0.9231167,0.0302448,-1.837248,0.01663453,0.562923,-0.03073316,0.8257704,3.558831,68.50693,358.161,0.349897,0.009942353,-0.9367352,0.1079372,-0.003625051,0.07075205,1.976298,0.1699573,-0.3852497,0.0,0.4008,2.111,0.3643464,-0.03202914,-0.9307126,0.06948498,0.9975575,-0.007128205,0.9286677,-0.06207341,0.3656821,static,58.13327,10.09985,0.0,10.75037,60.54540159478,13.214487688748694,58.136909594192396,60.59552401173863,57.73300866231962
05/18/2023 18:41:39.691246,4849,True,True,True,True,Eyes,0.7782894,0.022468,-1.875069,0.8494664,0.0941624,0.5191727,0.0,0.0,0.0,0.0,0.0,0.0,0.0,-2.046003,-0.1063735,-0.2121968,0.9340569,0.0305938,-1.835504,0.01603483,0.5665023,-0.02967195,0.8233698,3.441169,69.00526,358.2379,0.352917,0.01003696,-0.9356005,0.1014609,-0.003407548,0.06650693,2.006868,0.1467428,-0.3989482,1.192093e-07,0.4008,2.111,0.3563896,-0.03069443,-0.9338332,0.06702949,0.9977249,-0.007213261,0.93193,-0.06002363,0.3576362,static,58.56777,10.27999,3.235523e-06,10.75037,60.94679702420306,13.393052266497914,58.56965563431781,61.00406087041708,58.15487490358545
05/18/2023 18:41:39.701767,4850,True,True,True,True,Eyes,0.7856486,0.02281086,-1.87292,0.8533729,0.09446498,0.5126705,0.0,0.0,0.0,0.0,0.0,0.0,0.0,-2.046471,-0.1075667,-0.2398539,0.9451814,0.03078939,-1.833801,0.01590807,0.5698522,-0.02954741,0.8210618,3.428238,69.47242,358.2554,0.3559766,0.0101404,-0.9344396,0.09537327,-0.003203095,0.06251651,2.03763,0.1373994,-0.414312,0.0,0.4008,2.111,0.3487908,-0.03039,-0.9367079,0.066651,0.9977477,-0.007552295,0.9348277,-0.05979833,0.3500308,static,59.00433,10.44025,0.0,10.75037,61.35049344504346,13.55305560667069,59.00514497197088,61.41447787419641,58.580955588110456
05/18/2023 18:41:39.720979,4851,True,True,True,True,Eyes,0.7931519,0.02308883,-1.870805,0.8572828,0.09442277,0.5061132,0.0,0.0,0.0,0.0,0.0,0.0,0.0,-2.046525,-0.1114179,-0.2681797,0.956388,0.03030299,-1.832212,0.0163943,0.5733337,-0.03065046,0.8185844,3.553821,69.95864,358.1982,0.3590771,0.01024993,-0.9332513,0.08965088,-0.003010909,0.05876552,2.068375,0.1375332,-0.4312108,2.384186e-07,0.4008,2.111,0.3406979,-0.03138116,-0.939649,0.06897878,0.9975836,-0.008305647,0.9376391,-0.06198612,0.3420393,static,59.44372,10.56787,6.471045e-06,10.75037,61.757453217022245,13.682571516531793,59.443993677767544,61.82701702585826,59.01301797365169
05/18/2023 18:41:39.741588,4852,True,True,True,True,Eyes,0.8007889,0.02332333,-1.868719,0.8612213,0.09378528,0.4995019,0.0,0.0,0.0,0.0,0.0,0.0,0.0,-2.046386,-0.1140122,-0.2963867,0.9672513,0.02910273,-1.830878,0.01974345,0.57688,-0.03304168,0.8159217,4.033538,70.45982,358.2111,0.3622188,0.01036167,-0.9320351,0.08427183,-0.002830255,0.05523959,2.098399,0.1433548,-0.4483005,2.384186e-07,0.4008,2.111,0.3322355,-0.03113963,-0.9426824,0.07669805,0.9970369,-0.005903946,0.940073,-0.07034038,0.3336394,static,59.88659,10.63391,6.471045e-06,10.75037,62.16883742594989,13.754525992382112,59.88669676732976,62.24137286022944,59.454053874547476
05/18/2023 18:41:39.751273,4853,True,True,True,True,Eyes,0.8085647,0.02353706,-1.866666,0.8651432,0.09278579,0.4928671,0.0,0.0,0.0,0.0,0.0,0.0,0.0,-2.045862,-0.1199927,-0.3227285,0.978004,0.02844294,-1.829427,0.02496533,0.5800888,-0.03706349,0.8133266,4.796109,70.91975,358.1986,0.3654018,0.01047318,-0.9307906,0.0,0.0,0.0,2.1268,0.1653917,-0.4652481,1.192093e-07,0.4008,2.111,0.3242466,-0.03132522,-0.9454538,0.08925366,0.996006,-0.002390302,0.9417526,-0.08361015,0.3257474,static,60.33009,10.66156,3.235523e-06,10.75037,62.58154545651022,13.790560465703514,60.33015213162836,62.65534442348043,59.89910064721673
05/18/2023 18:41:39.774855,4854,True,True,True,True,Eyes,0.8165022,0.02374936,-1.864639,0.8689659,0.09184007,0.4862753,0.0,0.0,0.0,0.0,0.0,0.0,0.0,-2.04524,-0.1284156,-0.3485678,0.9890248,0.02827528,-1.828122,0.02835286,0.5831476,-0.04058609,0.8108562,5.354377,71.35735,358.1149,0.3686265,0.0105834,-0.929517,0.0,0.0,0.0,2.152829,0.1934302,-0.4811656,-1.192093e-07,0.4007999,2.111,0.3165831,-0.03275115,-0.9479991,0.09888677,0.9950978,-0.001355194,0.9433963,-0.09331555,0.3182698,static,60.76853,10.69516,-3.235524e-06,10.75037,62.98942454888213,13.832048514784503,60.76855831547334,63.064766352341294,60.33871015602995
05/18/2023 18:41:39.791296,4855,True,True,True,True,Eyes,0.8245903,0.02392163,-1.862622,0.8727299,0.0914693,0.4795581,0.0,0.0,0.0,0.0,0.0,0.0,0.0,-2.045358,-0.1347611,-0.3707301,1.000786,0.02843214,-1.826666,0.02748143,0.5852817,-0.04138476,0.8093068,5.331921,71.65475,357.996,0.3718939,0.0106923,-0.9282133,0.0,0.0,0.0,2.177794,0.2086057,-0.4958721,0.0,0.4008,2.111,0.3114654,-0.03481717,-0.9496194,0.09915469,0.9950641,-0.003961656,0.9450701,-0.0929253,0.3133804,static,61.21156,10.7987,0.0,10.75037,63.40023811370368,13.939108006575122,61.21157907963574,63.48037683370272,60.77744521986502
05/18/2023 18:41:39.801232,4856,True,True,True,True,Eyes,0.8328404,0.02407409,-1.860641,0.8764517,0.09149376,0.4727169,0.0,0.0,0.0,0.0,0.0,0.0,0.0,-2.045904,-0.1343096,-0.3937365,1.012613,0.02759685,-1.825553,0.0267814,0.5875213,-0.04071977,0.8077397,5.227598,71.97149,358.0254,0.3752046,0.01079799,-0.9268788,0.0,0.0,0.0,2.20317,0.2142208,-0.5104792,2.384186e-07,0.4008,2.111001,0.3063213,-0.03431267,-0.9513096,0.09725124,0.9952493,-0.004582677,0.9469475,-0.09111226,0.308203,static,61.65966,10.95408,6.471044e-06,10.75037,63.81478078733901,14.094807676676172,61.65999003466507,63.90235272987088,61.21744697860903
05/18/2023 18:41:39.820938,4857,True,True,True,True,Eyes,0.841249,0.02419264,-1.8587,0.8800508,0.09171087,0.4659395,0.0,0.0,0.0,0.0,0.0,0.0,0.0,-2.046001,-0.1377669,-0.4166494,1.024643,0.02725898,-1.824297,0.02668792,0.5897282,-0.04124487,0.8061064,5.259867,72.28404,357.9847,0.3785591,0.01089972,-0.9255126,0.0,0.0,0.0,2.228494,0.2187864,-0.5251348,0.0,0.4008,2.111,0.3010392,-0.03501827,-0.9529687,0.09797274,0.9951733,-0.005619915,0.9485657,-0.09167314,0.3030169,static,62.10119,11.13518,0.0,10.75037,64.2227081144727,14.274431787331736,62.10238222606441,64.31932251693645,61.64919398376547
05/18/2023 18:41:39.841230,4858,True,True,True,True,Eyes,0.8498269,0.0242334,-1.856826,0.8835878,0.09250566,0.4590372,0.0,0.0,0.0,0.0,0.0,0.0,0.0,-2.046491,-0.1393511,-0.4386315,1.036805,0.02650752,-1.823259,0.02425366,0.5916931,-0.04034562,0.8047878,4.978537,72.55723,357.9154,0.3819573,0.01099614,-0.9241142,0.0,0.0,0.0,2.254467,0.2187446,-0.5407405,0.0,0.4008,2.111,0.2965431,-0.03623787,-0.9543318,0.09364077,0.995568,-0.008706335,0.9504176,-0.08678254,0.2986221,static,62.54744,11.3937,0.0,10.75037,64.63354748226496,14.526631866684024,62.55074838914799,64.74376891893127,62.08015561900182
05/18/2023 18:41:39.851148,4859,True,True,True,True,Eyes,0.8585452,0.02419612,-1.854998,0.8870518,0.09310967,0.4521834,0.0,0.0,0.0,0.0,0.0,0.0,0.0,-2.047501,-0.1368297,-0.4612259,1.049288,0.02460182,-1.822663,0.02166849,0.593692,-0.03864399,0.8034718,4.629107,72.83748,357.9089,0.3853994,0.01108386,-0.9226829,0.0,0.0,0.0,2.279652,0.21548,-0.5555216,1.192093e-07,0.4008,2.111,0.292073,-0.03636989,-0.9557043,0.08782753,0.9960743,-0.0110652,0.9523547,-0.08070529,0.2941207,static,62.98934,11.63523,3.235523e-06,10.75037,65.04065974741057,14.76282910816878,62.995551614763194,65.16430639231933,62.50862920631883
05/18/2023 18:41:39.871149,4860,True,True,True,True,Eyes,0.8673947,0.02409668,-1.853218,0.8905176,0.09371033,0.4451929,0.0,0.0,0.0,0.0,0.0,0.0,0.0,-2.047431,-0.1402657,-0.4843059,1.061311,0.0227221,-1.821896,0.02292977,0.5959367,-0.04017866,0.8016977,4.856092,73.15958,357.8666,0.3888842,0.01115985,-0.9212186,0.0,0.0,0.0,2.304862,0.2065286,-0.5700527,0.0,0.4008,2.111,0.2864901,-0.0370929,-0.9573649,0.09175166,0.9957198,-0.01112239,0.9536797,-0.08465336,0.2886672,static,63.43834,11.88687,0.0,10.75037,65.45419352061435,15.008652215218696,63.44851940120903,65.59256373140542,62.944121985605705
05/18/2023 18:41:39.891254,4861,True,True,True,True,Eyes,0.8763909,0.02391649,-1.851489,0.8938883,0.09429609,0.4382602,0.0,0.0,0.0,0.0,0.0,0.0,0.0,-2.047195,-0.1508725,-0.5058495,1.073272,0.0211221,-1.821344,0.02345949,0.5979435,-0.04315548,0.8000317,5.114464,73.44349,357.641,0.3924105,0.01122219,-0.9197213,0.0,0.0,0.0,2.330757,0.200372,-0.5857766,2.384186e-07,0.4008,2.111,0.2812022,-0.0409966,-0.9587725,0.09710641,0.9951745,-0.01407241,0.9547229,-0.08914575,0.2838263,static,63.88197,12.14265,6.471046e-06,10.75037,65.86264424664411,15.258227575869924,63.897133800453126,66.01672390147796,63.37446417468985
05/18/2023 18:41:39.901216,4862,True,True,True,True,Eyes,0.8855137,0.02365831,-1.849843,0.897216,0.09486999,0.4312807,0.0,0.0,0.0,0.0,0.0,0.0,0.0,-2.047215,-0.1563777,-0.528111,1.085734,0.01897696,-1.820787,0.02238121,0.5999306,-0.04425479,0.7985135,5.097051,73.7235,357.4784,0.3959776,0.01126821,-0.9181907,0.0,0.0,0.0,2.357223,0.211097,-0.6047034,0.0,0.4008,2.111,0.2762496,-0.04382175,-0.9600863,0.09753045,0.9950812,-0.0173562,0.9561244,-0.08884302,0.2791648,static,64.32698,12.40593,0.0,10.75037,66.27223686590436,15.514854799564922,64.34828074497406,66.44328178691822,63.80627828864202
05/18/2023 18:41:39.920912,4863,True,True,True,True,Eyes,0.8947639,0.02333902,-1.848253,0.9004437,0.09537092,0.4243882,0.0,0.0,0.0,0.0,0.0,0.0,0.0,-2.047946,-0.158374,-0.5485208,1.097725,0.01685111,-1.820647,0.02297052,0.6016538,-0.04515293,0.7971489,5.218534,73.97153,357.4477,0.3995828,0.01129568,-0.9166272,0.0,0.0,0.0,2.383868,0.2089537,-0.6233587,-1.192093e-07,0.4008,2.111,0.2719479,-0.04434662,-0.9612896,0.09962783,0.9948671,-0.01771101,0.9571409,-0.09095472,0.2749702,static,64.76502,12.66542,-3.235523e-06,10.75037,66.67540780886573,15.767774881827537,64.79333029873008,66.86392741745269,64.23192297813259
05/18/2023 18:41:39.941222,4864,True,True,True,True,Eyes,0.9041507,0.02292686,-1.846756,0.9036117,0.09605145,0.4174448,0.0,0.0,0.0,0.0,0.0,0.0,0.0,-2.048321,-0.1616736,-0.5694276,1.109985,0.01506659,-1.82036,0.02297983,0.6034155,-0.04604079,0.7957651,5.286533,74.22384,357.3785,0.4032246,0.01130342,-0.9150308,0.0,0.0,0.0,2.413543,0.1888936,-0.6439095,0.0,0.4008,2.111001,0.2675401,-0.04554255,-0.9624699,0.1010081,0.9947044,-0.01899036,0.9582379,-0.09213654,0.2707235,static,65.20431,12.95787,0.0,10.75037,67.07911086879042,16.05157532966541,65.24166689184221,67.28825969583959,64.65709266089523
05/18/2023 18:41:39.956000,4865,True,True,True,True,Eyes,0.9136569,0.02245317,-1.845325,0.9066648,0.09658466,0.4106461,0.0,0.0,0.0,0.0,0.0,0.0,0.0,-2.049906,-0.1569036,-0.5896938,1.122479,0.01238459,-1.820539,0.02190107,0.6049499,-0.04470043,0.794706,5.099919,74.44439,357.4365,0.4069014,0.01128884,-0.913402,0.0,0.0,0.0,2.440789,0.1785565,-0.6635199,1.192093e-07,0.4008,2.111001,0.2640749,-0.04454929,-0.9634727,0.0975455,0.9950444,-0.01927321,0.9595568,-0.08889286,0.2671118,static,65.6333,13.2355,3.235522e-06,10.75037,67.47350116362615,16.32126792417742,65.68032822155307,67.70308579625807,65.07351954320015
05/18/2023 18:41:39.971314,4866,True,True,True,True,Eyes,0.9232885,0.021925,-1.844008,0.9096709,0.09700785,0.4038421,0.0,0.0,0.0,0.0,0.0,0.0,0.0,-2.05148,-0.1547952,-0.6084461,1.134818,0.01047544,-1.820664,0.02356843,0.6062653,-0.04491372,0.7936434,5.271143,74.63934,357.5415,0.410611,0.01125114,-0.9117408,0.0,0.0,0.0,2.466499,0.176528,-0.6827219,-2.384186e-07,0.4007999,2.111,0.2608504,-0.04271351,-0.9644339,0.09986838,0.9948546,-0.0170494,0.9601998,-0.0918691,0.2637739,static,66.06151,13.50724,-6.471048e-06,10.75037,67.86727772521935,16.585429409577397,66.11901610468388,68.11766424717025,65.49018405518406
05/18/2023 18:41:39.991281,4867,True,True,True,True,Eyes,0.9330189,0.02131972,-1.84277,0.9125655,0.09719998,0.3972108,0.0,0.0,0.0,0.0,0.0,0.0,0.0,-2.052969,-0.1545708,-0.6278292,1.147209,0.008679271,-1.821148,0.02564786,0.6077192,-0.04568923,0.7924218,5.519255,74.85574,357.6256,0.4143505,0.01118997,-0.9100482,0.0,0.0,0.0,2.492326,0.1636912,-0.7017205,1.192093e-07,0.4008,2.111,0.2571799,-0.0412369,-0.9654834,0.1035837,0.9945094,-0.01488461,0.9607961,-0.09618028,0.2600392,static,66.47804,13.75042,3.235523e-06,10.75037,68.25071939103962,16.82259031346031,66.54569611974658,68.52030440151371,65.89750437565799
05/18/2023 18:41:40.001220,4868,True,True,True,True,Eyes,0.9428455,0.02069219,-1.841645,0.9154191,0.09717067,0.3905967,0.0,0.0,0.0,0.0,0.0,0.0,0.0,-2.055271,-0.1521946,-0.6446984,1.159285,0.006289259,-1.8218,0.02847783,0.6087251,-0.04635395,0.7915139,5.826406,75.0117,357.7701,0.4181175,0.01110394,-0.9083248,0.0,0.0,0.0,2.516875,0.1631086,-0.7194686,5.960464e-08,0.4008,2.111,0.2546102,-0.03870924,-0.9662687,0.1080499,0.9940807,-0.01135242,0.9609885,-0.1015148,0.2572857,static,66.89272,13.97016,1.617761e-06,10.75037,68.63288716498182,17.037768179421278,66.97016365673325,68.92027535061438,66.30507247252775
05/18/2023 18:41:40.021068,4869,True,True,True,True,Eyes,0.9527752,0.020097,-1.840592,0.918171,0.09700113,0.384126,0.0,0.0,0.0,0.0,0.0,0.0,0.0,-2.057051,-0.1576007,-0.6613032,1.171225,0.005185187,-1.822587,0.03186568,0.6097763,-0.04878107,0.7904291,6.307601,75.17522,357.7943,0.4219081,0.01099446,-0.9065716,0.0,0.0,0.0,2.537894,0.1917252,-0.7358516,1.192093e-07,0.4008,2.111,0.2515867,-0.03825408,-0.9670785,0.1159778,0.99321,-0.009115966,0.9608607,-0.1098662,0.254315,static,67.29752,14.17228,3.235523e-06,10.75037,69.00618725562155,17.236226906117253,67.38445837664025,69.31031505354981,66.70421161041587
05/18/2023 18:41:40.041201,4870,True,True,True,True,Eyes,0.9628181,0.01954765,-1.839631,0.9208897,0.09705725,0.3775474,0.0,0.0,0.0,0.0,0.0,0.0,0.0,-2.058709,-0.1643461,-0.6780599,1.183607,0.005391821,-1.823212,0.0328321,0.6107861,-0.05030179,0.7895139,6.505007,75.32381,357.7319,0.4257205,0.01086548,-0.9047892,0.0,0.0,0.0,2.557907,0.2086067,-0.7515011,1.788139e-07,0.4008,2.111,0.2488201,-0.03932114,-0.9677513,0.1195347,0.9927836,-0.009604477,0.9611452,-0.1132901,0.2517247,static,67.7073,14.41702,4.853285e-06,10.75037,69.3833095528756,17.474693498077794,67.80650513267054,69.70838900407205,67.10613300534737
05/18/2023 18:41:40.051129,4871,True,True,True,True,Eyes,0.9729447,0.01910035,-1.838737,0.9235399,0.09693409,0.3710495,0.0,0.0,0.0,0.0,0.0,0.0,0.0,-2.060447,-0.1685366,-0.6962143,1.196263,0.005879357,-1.824138,0.03212105,0.6120035,-0.0505109,0.7885866,6.45865,75.49707,357.6728,0.4295525,0.01072116,-0.902978,0.0,0.0,0.0,2.580144,0.1874851,-0.7658847,0.0,0.4008,2.111,0.2458008,-0.04034805,-0.9684803,0.1189808,0.9928338,-0.01116523,0.9619905,-0.1124861,0.24884,static,68.11128,14.64091,0.0,10.75037,69.75542776906995,17.693510957948266,68.22230401217772,70.10012061050875,67.50402964142226
05/18/2023 18:41:40.071188,4872,True,True,True,True,Eyes,0.9831733,0.01872886,-1.837924,0.9259936,0.09684665,0.3649062,0.0,0.0,0.0,0.0,0.0,0.0,0.0,-2.060993,-0.177301,-0.7156298,1.20851,0.007680491,-1.82502,0.03322963,0.6135933,-0.05211489,0.7871996,6.676961,75.73129,357.6185,0.4334014,0.010568,-0.9011388,0.0,0.0,0.0,2.601994,0.1939661,-0.7815245,-1.192093e-07,0.4007999,2.111,0.2415746,-0.04127068,-0.9695043,0.1228286,0.9923597,-0.01163799,0.9625772,-0.1162714,0.2447981,static,68.4921,14.86372,-3.235524e-06,10.75037,70.1059869873456,17.910787295395256,68.61550738607255,70.47071335649501,67.87882857564533
05/18/2023 18:41:40.090964,4873,True,True,True,True,Eyes,0.9934537,0.01863288,-1.837177,0.9283928,0.09652012,0.3588462,0.0,0.0,0.0,0.0,0.0,0.0,0.0,-2.060904,-0.1852093,-0.7362171,1.220945,0.009273395,-1.825609,0.03171747,0.6153316,-0.05265785,0.7858679,6.583757,75.97648,357.477,0.4372652,0.01041054,-0.8992721,0.0,0.0,0.0,2.6189,0.2165504,-0.7942284,0.0,0.4008,2.111001,0.2371885,-0.04373071,-0.970479,0.1217977,0.9924423,-0.01495259,0.9637982,-0.1146555,0.2407223,static,68.86728,15.05474,0.0,10.75037,70.45190117560844,18.098177928913447,69.00166560087735,70.83403603224866,68.25032883494826
05/18/2023 18:41:40.101138,4874,True,True,True,True,Eyes,1.003854,0.01880018,-1.836526,0.9306096,0.09664095,0.3530244,0.0,0.0,0.0,0.0,0.0,0.0,0.0,-2.060721,-0.2032601,-0.7531223,1.232447,0.01584193,-1.826445,0.03324736,0.6167285,-0.05548373,0.7845139,6.926896,76.18285,357.3414,0.4411405,0.01026241,-0.8973791,0.0,0.0,0.0,2.640266,0.2083408,-0.8084052,-1.192093e-07,0.4008,2.111,0.2331349,-0.04604632,-0.9713537,0.1280647,0.9916324,-0.01627077,0.9639748,-0.1206028,0.237081,static,69.22589,15.30973,-3.235523e-06,10.75037,70.7811482249838,18.34506745241621,69.37587518630399,71.18743450545847,68.60134231050387
05/18/2023 18:41:40.121448,4875,True,True,True,True,Eyes,1.014324,0.0189975,-1.835956,0.9325706,0.09775343,0.3475001,0.0,0.0,0.0,0.0,0.0,0.0,0.0,-2.06083,-0.2052015,-0.7743024,1.245441,0.02221601,-1.82676,0.02887046,0.6184166,-0.05255619,0.7835594,6.329536,76.41505,357.3095,0.445026,0.01013521,-0.89546,0.0,0.0,0.0,2.658051,0.2488669,-0.8239679,5.960464e-08,0.4008,2.111,0.2295975,-0.04665384,-0.9721669,0.1180697,0.9928087,-0.0197598,0.9660976,-0.1102467,0.2334548,static,69.5633,15.71154,1.617762e-06,10.75037,71.08782393729209,18.7289004603357,69.73998630330506,71.53415569110734,68.92220543717033
05/18/2023 18:41:40.141665,4876,True,True,True,True,Eyes,1.024819,0.01922261,-1.835463,0.9344379,0.09863296,0.3421949,0.0,0.0,0.0,0.0,0.0,0.0,0.0,-2.068188,-0.1703806,-0.7860379,1.2576,0.02292837,-1.828169,0.02166834,0.6180791,-0.04158096,0.7847164,4.899467,76.35654,357.787,0.4489188,0.0100282,-0.893516,0.0,0.0,0.0,2.676225,0.2569262,-0.8379325,-5.960464e-08,0.4007999,2.111,0.2324985,-0.03847302,-0.9718355,0.092044,0.995603,-0.01739364,0.9682316,-0.08540763,0.2350174,static,69.88707,16.0789,-1.617762e-06,10.75037,71.38245153540613,19.080174763805825,70.08991376273119,71.8668231214332,69.23185797100942
05/18/2023 18:41:40.151134,4877,True,True,True,True,Eyes,1.03535,0.01950696,-1.835019,0.9362901,0.09933893,0.3368869,0.0,0.0,0.0,0.0,0.0,0.0,0.0,-2.069561,-0.1715447,-0.8029188,1.268669,0.02382724,-1.829508,0.02306455,0.6193336,-0.04177082,0.7836767,5.042257,76.5446,357.8771,0.4528145,0.009940588,-0.891549,0.0,0.0,0.0,2.703811,0.2236181,-0.8600139,5.960464e-08,0.4008,2.111,0.2293622,-0.03690033,-0.9726416,0.09403895,0.9954464,-0.01558984,0.9687878,-0.08789046,0.2317879,static,70.21075,16.42938,1.617762e-06,10.75037,71.6773192475237,19.41564671784718,70.44004786322932,72.19920278780515,69.54302006707547
05/18/2023 18:41:40.171253,4878,True,True,True,True,Eyes,1.045933,0.01981233,-1.834602,0.9380999,0.1002834,0.3315296,0.0,0.0,0.0,0.0,0.0,0.0,0.0,-2.067966,-0.1926435,-0.821687,1.280053,0.02553714,-1.830185,0.02203907,0.6209812,-0.04567896,0.7821829,5.233148,76.7767,357.4626,0.4567108,0.009873164,-0.8895601,0.0,0.0,0.0,2.724431,0.2436327,-0.8787724,1.788139e-07,0.4008,2.111001,0.2245915,-0.0440869,-0.9734552,0.0988303,0.9948554,-0.02225439,0.9694284,-0.09120872,0.2277933,static,70.53632,16.82989,4.853283e-06,10.75037,71.97298778789046,19.79799182493544,70.79782707052087,72.53943571046266,69.8537914770469
