Unnamed: 0,Time,Frame,EyeTrackingEnabled,EyeCalibrationValid,EyeTrackingEnabledAndValid,EyeTrackingDataValid,GazeInputSource,EyeGazeOrigin.x,EyeGazeOrigin.y,EyeGazeOrigin.z,EyeGazeDirection.x,EyeGazeDirection.y,EyeGazeDirection.z,EyeHitInfo.distance,EyeHitPosition.x,EyeHitPosition.y,EyeHitPosition.z,EyeHitNormal.x,EyeHitNormal.y,EyeHitNormal.z,LocalEyeHitPosition.x,LocalEyeHitPosition.y,LocalEyeHitPosition.z,HeadGazeOrigin.x,HeadGazeOrigin.y,HeadGazeOrigin.z,HeadRotation.x,HeadRotation.y,HeadRotation.z,HeadRotation.w,HeadEulerAngles.x,HeadEulerAngles.y,HeadEulerAngles.z,HeadMovementDirection.x,HeadMovementDirection.y,HeadMovementDirection.z,HeadVelocity.x,HeadVelocity.y,HeadVelocity.z,transform.position.x,transform.position.y,transform.position.z,localTransform.position.x,localTransform.position.y,localTransform.position.z,localXAxis.x,localXAxis.y,localXAxis.z,localYAxis.x,localYAxis.y,localYAxis.z,localZAxis.x,localZAxis.y,localZAxis.z,Movement,GazeAngleX,GazeAngleY,TargetAngleX,TargetAngleY,CalibratedGazeAngleX,CalibratedGazeAngleY,euclideanError,recalibratedEuclideanError,cosineError
0,05/05/2023 11:21:42.955715,182,True,True,True,True,Eyes,0.2409809,0.05060875,-3.222943,0.8288304,0.3076679,-0.467312,0.0,0.0,0.0,0.0,0.0,0.0,0.0,-2.3821,0.1715065,-2.278885,0.2951816,0.04174436,-3.287592,-0.01814718,0.9004312,0.04129891,0.432653,354.832,128.6639,0.1757893,0.06141869,0.01549539,-0.9979916,0.1447593,0.0105308,-0.190534,2.119188,0.6116386,-4.003149,-0.5795996,0.4008,1.915,-0.6249638,0.003055629,-0.7806475,-0.06841675,0.9959301,0.05867079,0.7776496,0.09007651,-0.6222113,moving,-60.58478,-33.36002,-16.83912,11.82109,-9.780339247777151,2.908375154628396,62.888913726249875,11.369383080134961,127.84685086900112
1,05/05/2023 11:21:42.975610,183,True,True,True,True,Eyes,0.2441433,0.05019023,-3.226036,0.8317432,0.3074619,-0.4622449,0.0,0.0,0.0,0.0,0.0,0.0,0.0,-2.415287,0.1631528,-2.254666,0.3022501,0.03985202,-3.294055,-0.01952473,0.8973475,0.04026555,0.4390503,354.8704,127.8564,0.01819357,0.06273259,0.01551167,-0.9979095,0.1360737,0.009898953,-0.179102,2.133518,0.6074561,-3.988006,-0.5757857,0.3981625,1.915,-0.6137075,0.0003162686,-0.7895336,-0.07039814,0.9959949,0.0551197,0.7863889,0.08940906,-0.6112273,moving,-60.9367,-33.62984,-16.73453,11.74547,-9.787662918579198,2.9036626738587183,63.346275267808764,11.244399452150994,127.51613111895264
2,05/05/2023 11:21:42.995855,184,True,True,True,True,Eyes,0.2474822,0.04976357,-3.229264,0.8347276,0.3075103,-0.4568009,0.0,0.0,0.0,0.0,0.0,0.0,0.0,-2.449627,0.153265,-2.228481,0.3094698,0.03848903,-3.300461,-0.02059161,0.8940756,0.03897887,0.4457413,354.9482,127.0082,359.8808,0.06400472,0.01551178,-0.9978287,0.1279093,0.009305016,-0.1683559,2.148662,0.6023101,-3.971536,-0.5719991,0.3955438,1.915,-0.6017812,-0.002071928,-0.7986581,-0.0715699,0.9961133,0.05134305,0.7954477,0.08805718,-0.5995904,moving,-61.31052,-33.94774,-16.63057,11.67034,-9.793802643600957,2.8970653065898864,63.8537951486746,11.12257779166115,127.15811753948007
3,05/05/2023 11:21:43.005836,185,True,True,True,True,Eyes,0.2510008,0.04930172,-3.232623,0.837678,0.3080845,-0.4509763,0.0,0.0,0.0,0.0,0.0,0.0,0.0,-2.485727,0.1617126,-2.198668,0.3170568,0.0378102,-3.307141,-0.02273725,0.8903931,0.04122252,0.4527514,354.6064,126.1033,359.818,0.06524502,0.01549705,-0.9977487,0.1202347,0.008746715,-0.1582545,2.161462,0.610693,-3.950727,-0.5680636,0.3928227,1.914999,-0.5889984,-0.003163072,-0.8081281,-0.07781729,0.9955674,0.05281986,0.8043789,0.09399714,-0.5866339,moving,-61.70355,-34.33894,-16.52241,11.59224,-9.797272711340986,2.887231257240864,64.42832224955109,11.000211305371591,126.76472184924107
4,05/05/2023 11:21:43.026097,186,True,True,True,True,Eyes,0.2546836,0.04882799,-3.236131,0.840697,0.3088982,-0.444759,0.0,0.0,0.0,0.0,0.0,0.0,0.0,-2.522769,0.182792,-2.166086,0.3247049,0.03638295,-3.314052,-0.02507616,0.8864377,0.04551053,0.4599221,354.0448,125.1633,359.8506,0.06646033,0.01546785,-0.997669,0.1130207,0.008221912,-0.1487592,2.172951,0.6246153,-3.927106,-0.5642614,0.3901929,1.915,-0.5756859,-0.002594308,-0.8176671,-0.08631952,0.9945999,0.05761833,0.8131021,0.1037507,-0.5728012,moving,-62.11955,-34.78112,-16.41779,11.51671,-9.799472118488374,2.8753922060344337,65.05489935282738,10.884599432089471,126.34538469510406
5,05/05/2023 11:21:43.045678,187,True,True,True,True,Eyes,0.2585355,0.0483564,-3.239799,0.8436522,0.3101711,-0.4382291,0.0,0.0,0.0,0.0,0.0,0.0,0.0,-2.559873,0.19789,-2.133308,0.3323524,0.03557377,-3.321354,-0.02659604,0.8824579,0.04863091,0.4671142,353.6457,124.2173,359.9131,0.06765942,0.01542519,-0.997589,0.1062394,0.007728598,-0.1398337,2.185415,0.6335045,-3.904522,-0.5603987,0.3875221,1.915,-0.5621938,-0.001507394,-0.8270041,-0.09237215,0.9938554,0.06098268,0.8218305,0.1106762,-0.5588787,moving,-62.5507,-35.29021,-16.3114,11.43997,-9.799089116380165,2.8605375436709397,65.74026610322171,10.771112027902497,125.89771479408309
6,05/05/2023 11:21:43.055769,188,True,True,True,True,Eyes,0.2625377,0.04784779,-3.243621,0.8466134,0.3117346,-0.4313552,0.0,0.0,0.0,0.0,0.0,0.0,0.0,-2.594784,0.2258194,-2.101313,0.3402626,0.03500459,-3.329026,-0.02885164,0.87849,0.05417302,0.4738016,352.9624,123.3185,0.03710752,0.068848,0.01537043,-0.9975085,0.09986505,0.007264882,-0.1314436,2.194746,0.6509919,-3.882155,-0.5561947,0.3846154,1.914999,-0.5493591,0.0006427692,-0.8355861,-0.1020263,0.9924657,0.06784102,0.8293341,0.1225208,-0.5451544,moving,-63.00085,-35.85513,-16.19548,11.35641,-9.796939160895093,2.843329493510325,66.48061499421091,10.64959457348813,125.41986971465893
7,05/05/2023 11:21:43.075996,189,True,True,True,True,Eyes,0.2666792,0.0472943,-3.247599,0.8495849,0.3131977,-0.4243971,0.0,0.0,0.0,0.0,0.0,0.0,0.0,-2.627129,0.2538753,-2.071106,0.3478302,0.03376321,-3.336707,-0.02996684,0.8747565,0.0591583,0.4800034,352.3994,122.4736,0.2523133,0.07002987,0.01530368,-0.9974273,0.09387314,0.006828989,-0.123557,2.204454,0.6634401,-3.861244,-0.5526447,0.3821601,1.914999,-0.5373973,0.004364986,-0.8433177,-0.1092197,0.9912046,0.07472984,0.8362266,0.1322666,-0.5321939,moving,-63.45628,-36.42668,-16.09748,11.28577,-9.794763787796445,2.825919408825761,67.22599067654191,10.54956414628418,124.94831257651144
8,05/05/2023 11:21:43.095674,190,True,True,True,True,Eyes,0.27093,0.04675931,-3.25172,0.8526595,0.3144671,-0.4172317,0.0,0.0,0.0,0.0,0.0,0.0,0.0,-2.657614,0.2661316,-2.044348,0.3553589,0.03209805,-3.344517,-0.02934175,0.8713897,0.06075981,0.4859291,352.2757,121.6768,0.4575799,0.0712104,0.01522466,-0.9973449,0.08824076,0.006419249,-0.1161436,2.217185,0.6612477,-3.844852,-0.5488843,0.3795602,1.914999,-0.5260237,0.007913731,-0.8504329,-0.1101861,0.9908947,0.07737493,0.8433018,0.134407,-0.520362,moving,-63.92612,-37.00529,-15.99356,11.21094,-9.793097299951036,2.808519240229776,67.98775730649233,10.44252901929969,124.46605847870511
9,05/05/2023 11:21:43.105993,191,True,True,True,True,Eyes,0.2752871,0.04622985,-3.255984,0.8558125,0.3153474,-0.4100498,0.0,0.0,0.0,0.0,0.0,0.0,0.0,-2.687638,0.2660254,-2.018816,0.3623165,0.03184428,-3.352238,-0.0275673,0.8681939,0.06008345,0.4918022,352.447,120.897,0.6491241,0.0723916,0.0151352,-0.9972612,0.08294632,0.006034094,-0.109175,2.231506,0.6509876,-3.830779,-0.5449556,0.3768429,1.914999,-0.5147412,0.01123082,-0.8572719,-0.1069659,0.9912601,0.07721286,0.8506466,0.1314435,-0.5090411,moving,-64.39928,-37.56196,-15.88488,11.13269,-9.792783059458095,2.792320153201458,68.73729661532013,10.328379074876482,123.98813716897034
10,05/05/2023 11:21:43.125870,192,True,True,True,True,Eyes,0.3864362,0.03364861,-3.365701,0.9221663,0.3196091,-0.2178512,0.0,0.0,0.0,0.0,0.0,0.0,0.0,-2.717775,0.2691552,-1.991676,0.3694106,0.03148369,-3.359771,-0.02586794,0.8648479,0.05993786,0.4977715,352.5635,120.098,0.8625448,0.0735765,0.01503646,-0.997176,0.07796954,0.005672049,-0.1026245,2.245445,0.6422584,-3.815293,-0.541118,0.3741889,1.915,-0.5031089,0.01492706,-0.8640942,-0.1044144,0.9914767,0.07792163,0.8578924,0.1294269,-0.4972621,moving,-76.70822,-55.72097,-15.7786,11.05623,-9.591883730075567,2.1838371375833856,90.39697469044194,10.816414068886647,113.16660778098345
11,05/05/2023 11:21:43.145751,193,True,True,True,True,Eyes,0.3867058,0.03381464,-3.365959,0.92248,0.3188335,-0.21766,0.0,0.0,0.0,0.0,0.0,0.0,0.0,-2.749533,0.2526719,-1.963999,0.3759886,0.03172266,-3.367296,-0.02210088,0.8615226,0.05579691,0.5041597,353.1988,119.2656,1.049094,0.07829065,0.01445838,-0.9968255,0.4067387,-0.032412,-0.4256184,2.263371,0.6175797,-3.801405,-0.5372528,0.371516,1.915001,-0.4906692,0.01818029,-0.8711564,-0.09434194,0.9927965,0.07385585,0.8662238,0.1184254,-0.4854195,moving,-76.72383,-55.67958,-15.67144,10.97917,-9.5950048154012,2.186342364561649,90.39238505689846,10.68816552918033,113.10437256189435
12,05/05/2023 11:21:43.155967,194,True,True,True,True,Eyes,0.3872478,0.03414407,-3.366521,0.9228584,0.31832,-0.2168055,0.0,0.0,0.0,0.0,0.0,0.0,0.0,-2.782836,0.2224532,-1.934304,0.3823854,0.03606804,-3.374562,-0.01667292,0.8580166,0.0493209,0.5109765,354.1643,118.3857,1.255215,0.08224688,0.01397304,-0.9965138,0.3823344,-0.03046728,-0.4000813,2.283798,0.585955,-3.78679,-0.5333257,0.3688005,1.915001,-0.4772503,0.02179236,-0.8784973,-0.07901492,0.994579,0.06759737,0.875208,0.1016753,-0.4729412,moving,-76.77934,-55.7415,-15.56246,10.90085,-9.59514545464056,2.184614227815052,90.49148695019274,10.563219628483301,112.99968514862064
13,05/05/2023 11:21:43.176076,195,True,True,True,True,Eyes,0.3880353,0.03451003,-3.367345,0.9233154,0.3178149,-0.2155977,0.0,0.0,0.0,0.0,0.0,0.0,0.0,-2.816153,0.2432433,-1.89878,0.3895134,0.04029068,-3.382588,-0.01699657,0.8537856,0.05364553,0.5175747,353.7309,117.4669,1.528131,0.08558439,0.01357019,-0.9962383,0.3593943,-0.02863924,-0.3760764,2.293067,0.5992547,-3.764467,-0.5295768,0.366208,1.915002,-0.4636555,0.02650828,-0.8856192,-0.08455399,0.9936665,0.07400957,0.8819721,0.1091975,-0.4584776,moving,-76.85672,-55.84801,-15.45831,10.82603,-9.594283211139098,2.181177967278219,90.63769834042401,10.44606513708067,112.87800796751391
14,05/05/2023 11:21:43.195908,196,True,True,True,True,Eyes,0.3890642,0.03493449,-3.368439,0.9239144,0.317256,-0.2138474,0.0,0.0,0.0,0.0,0.0,0.0,0.0,-2.849224,0.2577277,-1.862085,0.3960817,0.04152852,-3.390171,-0.01663005,0.8495513,0.05617193,0.5242429,353.5187,116.544,1.767075,0.08847655,0.01323173,-0.9959902,0.3378306,-0.02692088,-0.3535118,2.30301,0.6025521,-3.742974,-0.5256034,0.3634605,1.915001,-0.4497853,0.03063932,-0.892611,-0.08715165,0.9931363,0.0780055,0.8888744,0.1128782,-0.4440279,moving,-76.96792,-56.01793,-15.34782,10.74671,-9.592160654841212,2.175382283732742,90.85457543976308,10.324498695683243,112.72306920852904
15,05/05/2023 11:21:43.215560,197,True,True,True,True,Eyes,0.3903105,0.03542099,-3.369829,0.9245268,0.3171131,-0.2113988,0.0,0.0,0.0,0.0,0.0,0.0,0.0,-2.882159,0.2556593,-1.827032,0.4029511,0.0433863,-3.397939,-0.01578156,0.8454357,0.05587582,0.5309118,353.6134,115.6395,1.882478,0.09110511,0.01293918,-0.995757,0.3175608,-0.02530563,-0.3323011,2.314983,0.5976975,-3.724144,-0.5216945,0.3607575,1.915,-0.4357673,0.03264567,-0.8994672,-0.08601487,0.9932576,0.07772158,0.8959399,0.1112361,-0.430021,moving,-77.12038,-56.31118,-15.23901,10.66864,-9.586091454602457,2.1643696796337544,91.18991304036484,10.211664984847559,112.52329062655348
16,05/05/2023 11:21:43.226126,198,True,True,True,True,Eyes,0.3917692,0.03597061,-3.371457,0.9252194,0.3169779,-0.2085523,0.0,0.0,0.0,0.0,0.0,0.0,0.0,-2.913249,0.2663984,-1.791616,0.4099323,0.04523157,-3.405552,-0.0183679,0.8412228,0.05928822,0.5371142,353.1379,114.7707,1.892403,0.09350212,0.01268967,-0.995538,0.2985072,-0.02378729,-0.3123631,2.321131,0.6124226,-3.704385,-0.5178876,0.3581246,1.915,-0.4223419,0.03278611,-0.9058434,-0.09459209,0.992295,0.0800179,0.9014874,0.1194805,-0.4159864,moving,-77.29734,-56.6575,-15.13293,10.59254,-9.5787353821532,2.1512849426346774,91.58046598838477,10.104645703656015,112.3027579676728
17,05/05/2023 11:21:43.246019,199,True,True,True,True,Eyes,0.3934495,0.03664294,-3.373348,0.9259375,0.3170419,-0.2052421,0.0,0.0,0.0,0.0,0.0,0.0,0.0,-2.942479,0.255585,-1.760962,0.4165224,0.0472906,-3.413029,-0.01929522,0.837511,0.05844627,0.5429429,353.1742,113.9836,1.797572,0.09569585,0.0124807,-0.9953321,0.2805967,-0.02236006,-0.2936213,2.330295,0.6115904,-3.690001,-0.5139467,0.3553999,1.915,-0.4096813,0.03114606,-0.9116968,-0.09578589,0.9924235,0.07694639,0.9071859,0.1188512,-0.4035941,moving,-77.50197,-57.08236,-15.023,10.51376,-9.568951025056322,2.134913637689162,92.0481239967187,9.997585537733286,112.05060182187007
18,05/05/2023 11:21:43.255853,200,True,True,True,True,Eyes,0.3953508,0.03736366,-3.375438,0.9265855,0.3175109,-0.2015594,0.0,0.0,0.0,0.0,0.0,0.0,0.0,-2.9697,0.2502698,-1.732059,0.42393,0.05080961,-3.420451,-0.02181409,0.8338415,0.05950229,0.5483538,352.9258,113.2372,1.667494,0.09771252,0.01231172,-0.9951382,0.2637609,-0.02101845,-0.276004,2.337178,0.6218098,-3.675901,-0.5100745,0.3527221,1.915,-0.3976645,0.02887763,-0.9170763,-0.1016356,0.9919673,0.07530729,0.9118844,0.1231546,-0.3915352,moving,-77.72768,-57.59217,-14.91487,10.43629,-9.55600054575615,2.1147609244488788,92.59222683393946,9.897743580375806,111.77210716774505
19,05/05/2023 11:21:43.275666,201,True,True,True,True,Eyes,0.3974393,0.03807538,-3.377742,0.9272999,0.3180053,-0.1974525,0.0,0.0,0.0,0.0,0.0,0.0,0.0,-2.995708,0.2545329,-1.702018,0.4311785,0.05259153,-3.427424,-0.02616304,0.830057,0.06278006,0.553516,352.3463,112.5052,1.507064,0.09957519,0.01218009,-0.9949552,0.2479353,-0.01975735,-0.2594438,2.34042,0.6413429,-3.660605,-0.5063392,0.3501388,1.915001,-0.3858715,0.0260659,-0.9221844,-0.1129332,0.9907483,0.07525872,0.9156143,0.1331854,-0.3793578,moving,-77.97939,-58.16348,-14.81046,10.36151,-9.54141290653477,2.0921456727336207,93.1986479078157,9.805368103759294,111.4718427609354
20,05/05/2023 11:21:43.295975,202,True,True,True,True,Eyes,0.3997371,0.03872224,-3.3802,0.9280636,0.3184914,-0.1930315,0.0,0.0,0.0,0.0,0.0,0.0,0.0,-3.02245,0.2393128,-1.671574,0.4382032,0.05302641,-3.433919,-0.02843128,0.8263299,0.06170649,0.5590734,352.3125,111.752,1.272603,0.1013042,0.01208169,-0.9947819,0.2330592,-0.0185719,-0.2438771,2.348106,0.6423729,-3.646836,-0.50244,0.3474427,1.915001,-0.3732575,0.02200969,-0.9274669,-0.1159841,0.990768,0.07018949,0.9204493,0.1337702,-0.3672588,moving,-78.25036,-58.78075,-14.70137,10.28343,-9.52559140661018,2.067685763937527,93.85273085580674,9.71015640451718,111.15117327944671
21,05/05/2023 11:21:43.315774,203,True,True,True,True,Eyes,0.4022178,0.03925463,-3.382818,0.9289607,0.3187052,-0.1883056,0.0,0.0,0.0,0.0,0.0,0.0,0.0,-3.049175,0.2249998,-1.639602,0.4455339,0.05208851,-3.440228,-0.02994348,0.8224767,0.06021082,0.5648099,352.3646,110.9714,1.084533,0.1029181,0.01201123,-0.9946171,0.2190756,-0.01745759,-0.2292445,2.356892,0.6386252,-3.632334,-0.498266,0.3445562,1.915002,-0.3601865,0.01875972,-0.9326918,-0.117271,0.9909561,0.06521925,0.9254801,0.1328687,-0.3547289,moving,-78.54108,-59.42346,-14.58446,10.1998,-9.509641277375405,2.042437568598481,94.54019026240638,9.607098776672489,110.81275068978951
22,05/05/2023 11:21:43.326127,204,True,True,True,True,Eyes,0.4048776,0.03967978,-3.385539,0.9299942,0.3186077,-0.1833027,0.0,0.0,0.0,0.0,0.0,0.0,0.0,-3.075487,0.2101964,-1.606521,0.4526193,0.04991037,-3.446209,-0.03020256,0.8186058,0.0578187,0.5706396,352.5806,110.1783,0.9556766,0.1044331,0.01196246,-0.9944598,0.2059311,-0.01641013,-0.2154898,2.367144,0.6281402,-3.616827,-0.4946204,0.3420353,1.915001,-0.3469167,0.01653929,-0.9377502,-0.1154352,0.9914896,0.06019188,0.930765,0.129131,-0.3420551,moving,-78.84987,-60.08714,-14.48226,10.12672,-9.49369430538889,2.0165854431833496,95.25321702290007,9.521558182310415,110.47276913813613
23,05/05/2023 11:21:43.346275,205,True,True,True,True,Eyes,0.4077129,0.04000963,-3.388366,0.9311816,0.3181636,-0.1779682,0.0,0.0,0.0,0.0,0.0,0.0,0.0,-3.10122,0.1854992,-1.573076,0.4595722,0.04785284,-3.451528,-0.02897247,0.8147759,0.05307179,0.5766146,353.114,109.3775,0.8075219,0.1058642,0.01193,-0.9943088,0.1935752,-0.01542553,-0.2025604,2.379879,0.607505,-3.601625,-0.4908122,0.339402,1.915001,-0.3333527,0.01399179,-0.9426987,-0.1084161,0.9926879,0.05307132,0.9365481,0.1198951,-0.3293983,moving,-79.18007,-60.77907,-14.3754,10.05036,-9.477572689696888,1.9898446042387372,96.00236147061072,9.431893808077747,110.11640466343319
24,05/05/2023 11:21:43.355767,206,True,True,True,True,Eyes,0.4107249,0.04030447,-3.391259,0.9324746,0.3174812,-0.1723277,0.0,0.0,0.0,0.0,0.0,0.0,0.0,-3.126828,0.1628729,-1.537437,0.4668005,0.04601645,-3.456483,-0.02808367,0.8107091,0.0488698,0.5827299,353.5712,108.5466,0.6584969,0.1072239,0.01190936,-0.9941633,0.1819607,-0.01449999,-0.1904068,2.391843,0.5893429,-3.584857,-0.486766,0.336604,1.915002,-0.3192748,0.01142042,-0.9475936,-0.1024911,0.9936461,0.046508,0.9421039,0.1119688,-0.3160757,moving,-79.52949,-61.50704,-14.26174,9.96917,-9.460734629273269,1.9617626991975032,96.79218866223968,9.336392464474276,109.74183558890822
25,05/05/2023 11:21:43.381409,207,True,True,True,True,Eyes,0.4139168,0.04063981,-3.394217,0.9338089,0.3167573,-0.1663306,0.0,0.0,0.0,0.0,0.0,0.0,0.0,-3.152524,0.1385836,-1.499457,0.4740434,0.04553159,-3.461097,-0.0271462,0.806413,0.04458847,0.5890442,354.0366,107.6813,0.5039027,0.1085246,0.0118983,-0.9940224,0.171043,-0.01363,-0.1789824,2.403676,0.5725116,-3.566108,-0.4831004,0.3340692,1.915001,-0.3045802,0.00874705,-0.9524466,-0.09631125,0.9945499,0.03993281,0.947605,0.1038941,-0.3020777,moving,-79.90037,-62.29585,-14.15868,9.89559,-9.44201710237384,1.931135557115416,97.64002157583589,9.256319109809644,109.35426935012846
26,05/05/2023 11:21:43.395862,208,True,True,True,True,Eyes,0.417312,0.04100297,-3.397225,0.9350759,0.3163073,-0.1599463,0.0,0.0,0.0,0.0,0.0,0.0,0.0,-3.177733,0.1231686,-1.459669,0.4816384,0.04690595,-3.465489,-0.02705132,0.8018718,0.04249832,0.5953687,354.2397,106.7933,0.4158342,0.1097768,0.01189699,-0.9938849,0.1607805,-0.0128122,-0.1682435,2.413358,0.5653688,-3.545371,-0.479243,0.3314019,1.915001,-0.289609,0.007220966,-0.957118,-0.0939877,0.9949243,0.0359454,0.9525195,0.1003674,-0.2874603,moving,-80.2934,-63.17576,-14.05012,9.818124,-9.419876422875852,1.8964415687929583,98.57118872451451,9.17563121122431,108.93695912262386
27,05/05/2023 11:21:43.406099,209,True,True,True,True,Eyes,0.4208923,0.04133194,-3.400284,0.9362632,0.3161166,-0.1532372,0.0,0.0,0.0,0.0,0.0,0.0,0.0,-3.202191,0.1307025,-1.418102,0.4899295,0.04788506,-3.46984,-0.02893847,0.7970318,0.04517824,0.6015497,353.8672,105.8882,0.4739273,0.1109909,0.01190523,-0.9937499,0.1511336,-0.01204346,-0.1581489,2.418721,0.5753348,-3.521866,-0.4752868,0.3286657,1.915001,-0.2746012,0.008224164,-0.9615232,-0.1004837,0.994243,0.03720111,0.9562937,0.1068328,-0.2721939,moving,-80.70487,-64.13826,-13.93868,9.738619,-9.39453228340238,1.85801861003127,99.5766909366682,9.096875341381494,108.4953447528936
28,05/05/2023 11:21:43.426129,210,True,True,True,True,Eyes,0.4246494,0.04162651,-3.403375,0.9374922,0.3157814,-0.1462552,0.0,0.0,0.0,0.0,0.0,0.0,0.0,-3.226289,0.1409936,-1.374567,0.4980623,0.04736662,-3.473894,-0.02944544,0.7920789,0.04734078,0.6078677,353.639,104.9574,0.6288464,0.1121759,0.01192103,-0.9936166,0.1420656,-0.01132086,-0.1486599,2.425057,0.5784187,-3.496976,-0.4715087,0.3260531,1.915001,-0.2592599,0.01090765,-0.9657461,-0.1042001,0.9937836,0.0391974,0.9601703,0.1107931,-0.2565117,moving,-81.13294,-65.14863,-13.83215,9.662671,-9.367691957183853,1.8175857113883187,100.62865939649947,9.026447186000548,108.04337301596918
29,05/05/2023 11:21:43.446021,211,True,True,True,True,Eyes,0.4285682,0.04191478,-3.406477,0.938718,0.3153287,-0.1391983,0.0,0.0,0.0,0.0,0.0,0.0,0.0,-3.247081,0.140332,-1.338157,0.5060594,0.04687449,-3.477873,-0.02763114,0.78788,0.04635224,0.61346,353.861,104.1487,0.7682058,0.1133391,0.01194259,-0.9934843,0.1335417,-0.0106416,-0.1397403,2.434802,0.5669425,-3.477361,-0.4676608,0.3233931,1.915,-0.2458067,0.01333044,-0.9692272,-0.1004105,0.994176,0.0391388,0.9641042,0.1069412,-0.2430367,moving,-81.56533,-66.18148,-13.72355,9.585312,-9.339937047141351,1.7761199265792644,101.70110069974496,8.955419775758552,107.58702961902809
30,05/05/2023 11:21:43.476079,212,True,True,True,True,Eyes,0.4326384,0.04224563,-3.409589,0.9399452,0.3146403,-0.1323042,0.0,0.0,0.0,0.0,0.0,0.0,0.0,-3.264699,0.1374632,-1.307373,0.5138398,0.04704665,-3.481398,-0.02571103,0.7842294,0.04498555,0.6183039,354.1254,103.4487,0.8814492,0.1144872,0.01196912,-0.9933523,0.1255292,-0.01000311,-0.1313559,2.444316,0.5548723,-3.461272,-0.4636764,0.3206378,1.915,-0.2340787,0.01530278,-0.9720973,-0.09595615,0.9946305,0.03876351,0.9674709,0.1023524,-0.2313534,moving,-81.98784,-67.19357,-13.611,9.505141,-9.31266748135464,1.735457139635936,102.75254019948665,8.879394671420231,107.1398912939708
31,05/05/2023 11:21:43.495806,213,True,True,True,True,Eyes,0.4368765,0.04256653,-3.412687,0.9411308,0.3139489,-0.1253353,0.0,0.0,0.0,0.0,0.0,0.0,0.0,-3.27527,0.1219513,-1.294129,0.5215687,0.04845819,-3.484631,-0.02295676,0.7822591,0.04112373,0.6211704,354.6719,103.0551,0.8731794,0.1156253,0.01200133,-0.9932201,0.1179974,-0.009402922,-0.1234746,2.455854,0.5359362,-3.456109,-0.459924,0.3180427,1.915,-0.2272408,0.01517342,-0.9737204,-0.08700595,0.9955636,0.0358187,0.9699442,0.09285894,-0.2249125,moving,-82.41426,-68.23703,-13.5049,9.429598,-9.283992447298257,1.6932987453506207,103.82969228741835,8.812853495091312,106.69223086572222
32,05/05/2023 11:21:43.505778,214,True,True,True,True,Eyes,0.4412664,0.0428496,-3.415764,0.9422599,0.3132118,-0.1185103,0.0,0.0,0.0,0.0,0.0,0.0,0.0,-3.288409,0.1154818,-1.272224,0.5298374,0.04854786,-3.487469,-0.02314626,0.7793462,0.04027288,0.6248695,354.7386,102.518,0.8201023,0.1167599,0.01203837,-0.9930869,0.1109176,-0.008838747,-0.1160661,2.462976,0.5289593,-3.449077,-0.4520513,0.3125983,1.914999,-0.2180047,0.01425269,-0.9758435,-0.08640847,0.9956847,0.03384625,0.9721149,0.09169981,-0.2158324,moving,-82.83141,-69.2748,-13.28199,9.271008,-9.255050221022556,1.6511923832288131,104.91218125989596,8.618458911957577,106.17458668372524
33,05/05/2023 11:21:43.525893,215,True,True,True,True,Eyes,0.4458112,0.04310953,-3.418805,0.9434206,0.3122366,-0.1116506,0.0,0.0,0.0,0.0,0.0,0.0,0.0,-3.300674,0.104435,-1.251202,0.5379218,0.04796261,-3.489872,-0.02202769,0.7765822,0.03779867,0.628495,355.0437,101.9998,0.7649128,0.1178953,0.01207862,-0.9929522,0.1042625,-0.008308422,-0.1091021,2.472436,0.5162576,-3.438566,-0.4482865,0.3099953,1.914999,-0.2090174,0.01329994,-0.9778214,-0.08172517,0.9961721,0.03101896,0.9744909,0.08639613,-0.2071303,moving,-83.25063,-70.32379,-13.17526,9.195138,-9.225646261848226,1.6085682904467746,105.98970417406629,8.553098189457884,105.73475787943201
34,05/05/2023 11:21:43.545796,216,True,True,True,True,Eyes,0.4505033,0.04334979,-3.421777,0.9445604,0.3111361,-0.1048801,0.0,0.0,0.0,0.0,0.0,0.0,0.0,-3.312311,0.08922872,-1.231365,0.5461756,0.04772914,-3.49214,-0.02028698,0.7739269,0.03432025,0.6320188,355.4824,101.5,0.6886064,0.1190357,0.01212109,-0.9928157,0.09800677,-0.007809917,-0.102556,2.482936,0.4996307,-3.428851,-0.4444851,0.3073666,1.914999,-0.2002813,0.01198082,-0.9796651,-0.07478337,0.9968211,0.02747922,0.9768801,0.07876623,-0.1987486,moving,-83.66407,-71.37167,-13.06738,9.11848,-9.195947950917516,1.565852632871815,107.06333119223687,8.487058751850174,105.30010952608468
35,05/05/2023 11:21:43.555615,217,True,True,True,True,Eyes,0.4553287,0.04355161,-3.424691,0.9457415,0.3097661,-0.09807219,0.0,0.0,0.0,0.0,0.0,0.0,0.0,-3.322874,0.07598474,-1.212357,0.5543152,0.04756848,-3.49393,-0.01882048,0.771356,0.03132175,0.6353541,355.8576,101.0221,0.6184866,0.1201851,0.012165,-0.9926767,0.09212636,-0.007341322,-0.09640263,2.492677,0.4850268,-3.419274,-0.4406063,0.3046842,1.914999,-0.1919421,0.01076622,-0.9813473,-0.06883539,0.9973295,0.0244051,0.9789893,0.07223578,-0.1906885,moving,-84.07967,-72.43217,-12.95721,9.040218,-9.165720029458084,1.52255033369979,108.14876015412355,8.41966289928852,104.8646649040712
36,05/05/2023 11:21:43.576111,218,True,True,True,True,Eyes,0.4602879,0.04371295,-3.42753,0.9470289,0.3079305,-0.0911874,0.0,0.0,0.0,0.0,0.0,0.0,0.0,-3.333179,0.0649457,-1.192735,0.5623378,0.04692018,-3.495495,-0.01624227,0.7687645,0.02794301,0.6387147,356.3471,100.5385,0.615603,0.121346,0.01220908,-0.992535,0.08659878,-0.006900842,-0.09061847,2.503059,0.4656383,-3.409009,-0.4367601,0.3020246,1.915001,-0.1835594,0.01072227,-0.9829502,-0.06066819,0.9979107,0.02221483,0.9811348,0.06371155,-0.1825254,moving,-84.50007,-73.50441,-12.84786,8.962586,-9.13516962677707,1.478773768977628,109.24671449132059,8.354131631511576,104.43078184673207
37,05/05/2023 11:21:43.595762,219,True,True,True,True,Eyes,0.4653699,0.04383217,-3.4303,0.9483455,0.3058559,-0.08422003,0.0,0.0,0.0,0.0,0.0,0.0,0.0,-3.343051,0.06190438,-1.17298,0.5704601,0.04620676,-3.496877,-0.01311005,0.7661516,0.02552076,0.642019,356.7932,100.055,0.7277303,0.1225208,0.01225215,-0.99239,0.08140285,-0.006486792,-0.08518136,2.513148,0.446696,-3.397882,-0.4328886,0.2993477,1.915,-0.1752793,0.01268107,-0.984437,-0.0528582,0.9983536,0.02227175,0.9830987,0.05593934,-0.1743204,moving,-84.92503,-74.60465,-12.73771,8.884426,-9.103430003358554,1.4336896705585027,110.36953827989034,8.289840948103135,103.99385422080043
38,05/05/2023 11:21:43.615977,220,True,True,True,True,Eyes,0.4705714,0.04392831,-3.433012,0.9496725,0.3036143,-0.07707477,0.0,0.0,0.0,0.0,0.0,0.0,0.0,-3.353156,0.06310257,-1.151286,0.5784926,0.04538935,-3.498054,-0.009550995,0.7633532,0.02351269,0.6454826,357.2357,99.54323,0.9047875,0.1237115,0.0122931,-0.9922419,0.07651868,-0.006097584,-0.08007048,2.522894,0.4272227,-3.385274,-0.4289536,0.2966265,1.914999,-0.1665221,0.01577249,-0.9859117,-0.04493563,0.9987119,0.02356697,0.9850134,0.04822697,-0.1655989,moving,-85.36008,-75.75593,-12.62566,8.804936,-9.069631026358742,1.3862676546539805,111.53849519966798,8.2269059846102,103.54673870997333
39,05/05/2023 11:21:43.635647,221,True,True,True,True,Eyes,0.4759029,0.04400312,-3.435652,0.9509293,0.3014247,-0.06983244,0.0,0.0,0.0,0.0,0.0,0.0,0.0,-3.363307,0.0646133,-1.12849,0.586618,0.044987,-3.49905,-0.006355627,0.7604149,0.02182354,0.6490397,357.625,99.01407,1.070285,0.1249201,0.0123315,-0.9920899,0.07192756,-0.005731729,-0.07526625,2.532093,0.4100776,-3.371759,-0.4251132,0.2939706,1.915,-0.1574141,0.01866287,-0.9873563,-0.03799452,0.9989667,0.02493978,0.9868016,0.04144,-0.1565425,moving,-85.79997,-76.95615,-12.51619,8.727315,-9.033562549365216,1.336480089851138,112.74825313721995,8.170259153110756,103.09417430918691
40,05/05/2023 11:21:43.646025,222,True,True,True,True,Eyes,0.4813598,0.04404828,-3.438217,0.9520817,0.2993886,-0.0625049,0.0,0.0,0.0,0.0,0.0,0.0,0.0,-3.373071,0.07428347,-1.106047,0.5950825,0.04455899,-3.500051,-0.005215607,0.7574344,0.02268824,0.652496,357.6401,98.48749,1.244874,0.1261488,0.012367,-0.991934,0.0,0.0,0.0,2.539103,0.4052203,-3.357987,-0.4212049,0.291268,1.915,-0.1484433,0.02170701,-0.9886826,-0.03750893,0.9989161,0.02756338,0.9882094,0.04117603,-0.1474682,moving,-86.24388,-78.20745,-12.40471,8.6483,-8.99506241447633,1.2841971169570234,114.00063304364323,8.11515298250805,102.63236691026043
41,05/05/2023 11:21:43.655695,223,True,True,True,True,Eyes,0.6210253,0.04427481,-3.500309,0.9613887,0.2463151,0.1227216,0.0,0.0,0.0,0.0,0.0,0.0,0.0,-3.382041,0.08057614,-1.084846,0.6035475,0.04385392,-3.50077,-0.004348764,0.7545692,0.02311012,0.6557991,357.6743,97.98429,1.361927,0.1273988,0.01239905,-0.9917738,0.0,0.0,0.0,2.546055,0.3994801,-3.345688,-0.4166656,0.2881289,1.915,-0.1398174,0.0237483,-0.9898925,-0.03687407,0.998894,0.02917252,0.9894906,0.04058019,-0.1387871,moving,82.72552,63.51614,-12.27509,8.556479,-6.116647136512732,4.166067438333808,109.752814258255,7.563209119391677,92.73716340131723
42,05/05/2023 11:21:43.675552,224,True,True,True,True,Eyes,0.6213831,0.04423856,-3.500321,0.9613127,0.2464793,0.122987,0.0,0.0,0.0,0.0,0.0,0.0,0.0,-3.390219,0.08646704,-1.065519,0.6122597,0.04298612,-3.501383,-0.004509781,0.751847,0.02405503,0.6588834,357.5863,97.51029,1.429088,0.1321417,0.01240576,-0.9911529,0.4189965,0.0006795824,-0.1862762,2.552616,0.3990028,-3.332936,-0.4136108,0.2860168,1.915,-0.131705,0.02491758,-0.9909757,-0.03848024,0.998802,0.03022856,0.9905419,0.04211423,-0.1305882,moving,82.70938,63.48196,-12.1878,8.494676,-6.11584031609693,4.164742107218997,109.6771451745944,7.457682074129864,92.65146764884103
43,05/05/2023 11:21:43.695628,225,True,True,True,True,Eyes,0.6220866,0.04414899,-3.500337,0.9611686,0.2467868,0.1234951,0.0,0.0,0.0,0.0,0.0,0.0,0.0,-3.397555,0.09049711,-1.048211,0.62119,0.04199186,-3.501811,-0.005726356,0.7492871,0.02531213,0.6617366,357.3915,97.06847,1.429357,0.1364173,0.01241051,-0.9905735,0.3938567,0.0006388074,-0.1750996,2.558608,0.4018815,-3.322192,-0.409723,0.2833279,1.915,-0.1241436,0.02491856,-0.9919513,-0.0420813,0.998653,0.03035342,0.9913716,0.04551078,-0.1229278,moving,82.6785,63.41607,-12.07662,8.415966,-6.114270729379971,4.162181235425468,109.56068732088721,7.324226488045655,92.53151098299047
44,05/05/2023 11:21:43.705716,226,True,True,True,True,Eyes,0.6231412,0.04399769,-3.500295,0.9617435,0.2451553,0.1222633,0.0,0.0,0.0,0.0,0.0,0.0,0.0,-3.403678,0.09104705,-1.034163,0.6302029,0.04058846,-3.502,-0.007483323,0.7470301,0.02625358,0.6642295,357.1819,96.68212,1.359467,0.1402823,0.01241204,-0.9900334,0.3702253,0.000600479,-0.1645937,2.564653,0.4053782,-3.313384,-0.4058842,0.2806737,1.915,-0.1174865,0.02369627,-0.9927918,-0.04605734,0.9985095,0.02928313,0.9920061,0.04916571,-0.11622,moving,82.75504,63.49376,-11.96674,8.338237,-6.113673898134005,4.164172978964347,109.6099782126241,7.18896329414173,92.53345716857741
45,05/05/2023 11:21:43.726026,227,True,True,True,True,Eyes,0.6245213,0.04378245,-3.500244,0.9622539,0.2436798,0.1211917,0.0,0.0,0.0,0.0,0.0,0.0,0.0,-3.408042,0.08268575,-1.026049,0.639401,0.0391271,-3.501999,-0.009475166,0.7453287,0.02584424,0.6661287,357.0681,96.39343,1.165108,0.1437884,0.01240895,-0.9895304,0.3480118,0.0005644502,-0.154718,2.571665,0.406397,-3.308518,-0.4018778,0.2779029,1.915001,-0.1123656,0.02030695,-0.9934595,-0.0485554,0.9984846,0.02590154,0.99248,0.05114827,-0.1112092,moving,82.82165,63.557,-11.85197,8.257062,-6.11292544637737,4.165683985325481,109.64113036040919,7.048120774179992,92.52030434725394
46,05/05/2023 11:21:43.745936,228,True,True,True,True,Eyes,0.6262217,0.04348786,-3.500118,0.9627789,0.2420416,0.1203016,0.0,0.0,0.0,0.0,0.0,0.0,0.0,-3.410533,0.07349224,-1.023363,0.6486069,0.03734902,-3.50176,-0.01144953,0.7441549,0.02521608,0.6674328,356.9726,96.19691,0.9536089,0.14698,0.01239994,-0.9890615,0.3271311,0.0005305832,-0.1454349,2.579132,0.4068685,-3.306187,-0.3982937,0.2754246,1.915,-0.1088048,0.01661962,-0.9939242,-0.05070053,0.9984661,0.02224575,0.9927694,0.05281292,-0.1077953,moving,82.87767,63.5713,-11.74923,8.184433,-6.110258186011386,4.164976703287708,109.64467720635456,6.924884983892379,92.50774064165283
47,05/05/2023 11:21:43.755769,229,True,True,True,True,Eyes,0.6282294,0.04313993,-3.499967,0.9632875,0.2404142,0.1194908,0.0,0.0,0.0,0.0,0.0,0.0,0.0,-3.411449,0.06707339,-1.024817,0.6578653,0.03531043,-3.501242,-0.01238895,0.7433978,0.02435362,0.6682913,356.9752,96.0695,0.810791,0.1498986,0.01238338,-0.9886236,0.3075032,0.0004987482,-0.1367089,2.587552,0.4029766,-3.306166,-0.3941998,0.2725934,1.915,-0.1064668,0.01413079,-0.994216,-0.05097046,0.9985068,0.01965,0.9930091,0.05276771,-0.1055875,moving,82.92888,63.57168,-11.63177,8.101425,-6.107154811869346,4.163684518500269,109.62967535383623,6.784332913158495,92.47850497734771
48,05/05/2023 11:21:43.775659,230,True,True,True,True,Eyes,0.6305472,0.04273399,-3.499743,0.9638022,0.2386856,0.1188042,0.0,0.0,0.0,0.0,0.0,0.0,0.0,-3.411448,0.05906556,-1.028819,0.6672553,0.03368703,-3.50051,-0.01263113,0.7428876,0.02286586,0.6689064,357.084,95.9821,0.6783145,0.1525799,0.01235855,-0.9882137,0.289053,0.0004688233,-0.1285063,2.596972,0.3962588,-3.306743,-0.3906519,0.2701401,1.915,-0.1048094,0.01182322,-0.9944221,-0.04935726,0.9986352,0.01707543,0.9932668,0.05087161,-0.1040828,moving,82.97282,63.53846,-11.52989,8.029464,-6.102734032513448,4.160869340994378,109.59931949730397,6.664836571973218,92.45525533832583
49,05/05/2023 11:21:43.795837,231,True,True,True,True,Eyes,0.633165,0.0422745,-3.499479,0.9642781,0.237097,0.1181214,0.0,0.0,0.0,0.0,0.0,0.0,0.0,-3.410479,0.0537596,-1.035428,0.6769102,0.03198089,-3.49959,-0.01350159,0.7425976,0.02217812,0.6692345,357.076,95.93507,0.5526143,0.1550564,0.01232467,-0.9878285,0.2717098,0.0004406939,-0.1207959,2.606032,0.3929233,-3.308876,-0.3866056,0.267342,1.915001,-0.1038859,0.009632242,-0.9945428,-0.04973722,0.9986517,0.01486738,0.993345,0.0510103,-0.1032668,moving,83.01622,63.51758,-11.41362,7.947361,-6.098992862819882,4.158695710317216,109.56753133174792,6.5268098091256235,92.41845357090449
50,05/05/2023 11:21:43.806197,232,True,True,True,True,Eyes,0.6360703,0.04177726,-3.499162,0.9647866,0.2353247,0.1175117,0.0,0.0,0.0,0.0,0.0,0.0,0.0,-3.408096,0.04928198,-1.045811,0.6867303,0.03020933,-3.498393,-0.01485481,0.7426552,0.02188722,0.6691514,356.9969,95.9498,0.414691,0.1573575,0.01228114,-0.9874651,0.2554072,0.0004142523,-0.1135482,2.615028,0.3921009,-3.312579,-0.3827888,0.2647027,1.915001,-0.1040315,0.007227725,-0.9945478,-0.05135574,0.9986006,0.01262908,0.9932473,0.05238956,-0.1035147,moving,83.05554,63.46429,-11.30385,7.86989,-6.093802092137136,4.154977922858794,109.51909327844209,6.398841375055003,92.38420813654733
51,05/05/2023 11:21:43.826371,233,True,True,True,True,Eyes,0.6392623,0.04126721,-3.498781,0.965247,0.2337583,0.1168564,0.0,0.0,0.0,0.0,0.0,0.0,0.0,-3.404895,0.03943704,-1.057852,0.6965101,0.02884834,-3.49685,-0.0159632,0.7428835,0.0206298,0.6689125,357.0189,95.99274,0.222693,0.1595085,0.01222788,-0.9871206,0.2400828,0.0003893971,-0.1067353,2.624659,0.3886604,-3.317208,-0.3789474,0.2620461,1.915,-0.1046027,0.003881459,-0.9945066,-0.05131665,0.9986392,0.009295098,0.9931893,0.05200703,-0.1042612,moving,83.09715,63.43942,-11.1933,7.791888,-6.089960999065252,4.152647169746585,109.48669681241427,6.268025429036264,92.34940736019873
52,05/05/2023 11:21:43.845946,234,True,True,True,True,Eyes,0.642727,0.04072264,-3.498286,0.9657027,0.2321581,0.1162797,0.0,0.0,0.0,0.0,0.0,0.0,0.0,-3.400976,0.02562122,-1.071136,0.7065838,0.02797695,-3.494937,-0.01873553,0.7431677,0.01977921,0.6685504,356.8787,96.05337,359.9196,0.161533,0.01216551,-0.986792,0.2256778,0.0003660333,-0.1003312,2.633517,0.3916882,-3.322569,-0.3749753,0.2592995,1.915,-0.1053788,-0.001400484,-0.9944313,-0.05429407,0.9985155,0.004347241,0.992949,0.05444983,-0.1052984,moving,83.1341,63.39534,-11.07889,7.711205,-6.0853974223822345,4.149458578002747,109.43861464509831,6.133596473304544,92.30700128850545
53,05/05/2023 11:21:43.855908,235,True,True,True,True,Eyes,0.6464497,0.04013791,-3.49772,0.9661768,0.2304571,0.1157235,0.0,0.0,0.0,0.0,0.0,0.0,0.0,-3.39744,0.01107721,-1.081609,0.7165004,0.02659745,-3.492638,-0.02134288,0.7431926,0.01863006,0.6684776,356.7768,96.0703,359.6088,0.1634515,0.012094,-0.986477,0.2121371,0.0003440713,-0.0943113,2.642315,0.3929601,-3.326085,-0.3710321,0.2565728,1.915001,-0.1053645,-0.006816179,-0.9944104,-0.05663129,0.9983948,-0.0008430245,0.99282,0.05622591,-0.1055814,moving,83.16996,63.3366,-10.96522,7.631074,-6.080132070296825,4.145552169687327,109.38252941200929,6.001078778896163,92.26464826158009
54,05/05/2023 11:21:43.875835,236,True,True,True,True,Eyes,0.6504218,0.03956976,-3.497053,0.9667233,0.2282967,0.1154418,0.0,0.0,0.0,0.0,0.0,0.0,0.0,-3.394781,-0.006323604,-1.089277,0.7264189,0.02506445,-3.490385,-0.02112184,0.7430087,0.01534728,0.6687723,357.0733,96.036,359.377,0.1652818,0.01201316,-0.9861729,0.1994089,0.000323427,-0.08865263,2.65355,0.3804655,-3.327624,-0.367287,0.2539831,1.915001,-0.1045951,-0.01085975,-0.9944558,-0.05191511,0.9986367,-0.005445085,0.9931591,0.05105774,-0.1050163,moving,83.19025,63.17585,-10.85718,7.554943,-6.070470516378907,4.136855422690552,109.26392078407011,5.881828828412578,92.2153188689379
55,05/05/2023 11:21:43.895699,237,True,True,True,True,Eyes,0.6546366,0.03914684,-3.496326,0.9673063,0.2259568,0.1151618,0.0,0.0,0.0,0.0,0.0,0.0,0.0,-3.392043,-0.02294777,-1.096873,0.7363201,0.02499912,-3.488096,-0.01941879,0.742851,0.01158018,0.6690752,357.5246,95.99873,359.2341,0.1670404,0.01192439,-0.9858777,0.1874444,0.0003040214,-0.08333347,2.665681,0.3636154,-3.328824,-0.3634233,0.2513111,1.915001,-0.103923,-0.0133545,-0.9944959,-0.04434654,0.9989776,-0.008780564,0.9935964,0.04318994,-0.1044089,moving,83.21066,62.99376,-10.74564,7.476365,-6.059683325364492,4.127070068888399,109.1327973492663,5.759858200696518,92.16432214737948
56,05/05/2023 11:21:43.906033,238,True,True,True,True,Eyes,0.6591241,0.038814,-3.495537,0.9677336,0.2242109,0.1149837,0.0,0.0,0.0,0.0,0.0,0.0,0.0,-3.388736,-0.03995198,-1.106494,0.7463573,0.02811088,-3.485917,-0.01763567,0.7428686,0.008231783,0.6691543,357.9465,95.9924,359.1294,0.1687414,0.01183256,-0.9855891,0.1761977,0.0002857801,-0.07833346,2.67774,0.3505049,-3.331151,-0.3593678,0.2485065,1.915001,-0.1038431,-0.0151853,-0.9944779,-0.03721864,0.9992424,-0.0113717,0.9938972,0.03583223,-0.1043296,moving,83.22402,62.84956,-10.62847,7.393857,-6.051311730154956,4.119392676289843,109.01204004340211,5.627832125646739,92.09662877966385
57,05/05/2023 11:21:43.926117,239,True,True,True,True,Eyes,0.6638483,0.03847523,-3.494682,0.9681193,0.2226705,0.1147305,0.0,0.0,0.0,0.0,0.0,0.0,0.0,-3.383754,-0.03067145,-1.122891,0.7573635,0.02981059,-3.483838,-0.02328907,0.7432726,0.01313868,0.6684542,357.0958,96.09223,359.0215,0.170398,0.01174054,-0.9853051,0.1656259,0.0002686333,-0.07363345,2.683698,0.3784389,-3.336112,-0.3555824,0.2458888,1.915001,-0.1052534,-0.01705504,-0.9942994,-0.05218546,0.99857,-0.01160412,0.9930754,0.05066659,-0.1059929,moving,83.24149,62.74032,-10.51903,7.316823,-6.044521538467014,4.113388386802356,108.91647777255473,5.503019107123202,92.0371026943034
58,05/05/2023 11:21:43.945917,240,True,True,True,True,Eyes,0.6687962,0.03825008,-3.493773,0.9685897,0.2207,0.1145669,0.0,0.0,0.0,0.0,0.0,0.0,0.0,-3.378082,-0.03163962,-1.139264,0.7677622,0.02928681,-3.481386,-0.02500666,0.7438467,0.01374812,0.6677408,356.9132,96.20138,358.9188,0.1720217,0.01164818,-0.985024,0.1556883,0.0002525153,-0.06921545,2.692913,0.381853,-3.341465,-0.3517153,0.2432146,1.915001,-0.106994,-0.01884188,-0.9940811,-0.0555626,0.9983713,-0.01294294,0.992706,0.05384892,-0.1078665,moving,83.25427,62.56585,-10.40715,7.238096,-6.034599024208125,4.10418605916202,108.78245244110337,5.379646229370625,91.97417442394709
59,05/05/2023 11:21:43.955551,241,True,True,True,True,Eyes,0.6739846,0.03816234,-3.492815,0.9689518,0.2192085,0.1143678,0.0,0.0,0.0,0.0,0.0,0.0,0.0,-3.373351,-0.04619709,-1.152671,0.7780879,0.03187155,-3.479058,-0.0228106,0.7442352,0.01047945,0.6674457,357.3607,96.25354,358.8549,0.1736215,0.01155873,-0.9847443,0.146347,0.0002373644,-0.06506252,2.705692,0.3670972,-3.345454,-0.3476533,0.2404061,1.915,-0.1079916,-0.01996398,-0.9939513,-0.04794183,0.9987398,-0.01485134,0.9929951,0.04604803,-0.1088127,moving,83.26839,62.44758,-10.28954,7.155391,-6.02753993307369,4.097808222471628,108.67526135370746,5.245327159664875,91.9036695568882
60,05/05/2023 11:21:43.975822,242,True,True,True,True,Eyes,0.6793721,0.03814577,-3.491825,0.9693004,0.2177627,0.1141756,0.0,0.0,0.0,0.0,0.0,0.0,0.0,-3.368895,-0.03988079,-1.166888,0.7890546,0.03498467,-3.476901,-0.02661745,0.7444533,0.01400233,0.6669968,356.7693,96.31609,358.7975,0.1752069,0.01147574,-0.9844645,0.1375662,0.0002231225,-0.06115877,2.712966,0.3875568,-3.348856,-0.3439913,0.2378741,1.915,-0.1088136,-0.02095188,-0.9938414,-0.05830992,0.9981909,-0.01465935,0.9923506,0.05635567,-0.1098385,moving,83.28199,62.33145,-10.18344,7.080797,-6.020624702899108,4.091552561817695,108.57449637005601,5.124901316999288,91.84138552393696
61,05/05/2023 11:21:43.995838,243,True,True,True,True,Eyes,0.6849695,0.03823546,-3.4908,0.9696476,0.2163155,0.113979,0.0,0.0,0.0,0.0,0.0,0.0,0.0,-3.365158,-0.03923969,-1.17825,0.7992603,0.03668805,-3.474757,-0.02716346,0.7445713,0.01457096,0.6668308,356.6793,96.34034,358.7937,0.1767849,0.01140057,-0.9841833,0.1293122,0.0002097352,-0.05748925,2.72241,0.3895375,-3.351256,-0.3401543,0.2352207,1.915,-0.1091976,-0.02101754,-0.9937978,-0.05988299,0.9980997,-0.01452863,0.9922147,0.05792511,-0.1102487,moving,83.29583,62.21478,-10.07218,7.002602,-6.013666536581932,4.085263285654825,108.47105554415788,4.998239360711217,91.77483160782246
62,05/05/2023 11:21:44.005815,244,True,True,True,True,Eyes,0.690765,0.03840691,-3.489751,0.9699602,0.2151884,0.113451,0.0,0.0,0.0,0.0,0.0,0.0,0.0,-3.361658,-0.04164037,-1.189884,0.809892,0.03934339,-3.472871,-0.02653622,0.7447059,0.01415551,0.6667148,356.7629,96.35906,358.815,0.1783622,0.01133541,-0.9838993,0.1215535,0.0001971511,-0.05403989,2.733338,0.3865126,-3.35382,-0.3362368,0.2325119,1.915,-0.1095745,-0.02064799,-0.9937642,-0.05839873,0.9981909,-0.0143008,0.9922616,0.05646757,-0.1105822,moving,83.32874,62.20105,-9.958519,6.922747,-6.010939844235458,4.083722019041806,108.4352501463103,4.862452471081992,91.72203987935296
63,05/05/2023 11:21:44.026108,245,True,True,True,True,Eyes,0.69674,0.038598,-3.488678,0.9702712,0.2140543,0.1129364,0.0,0.0,0.0,0.0,0.0,0.0,0.0,-3.357849,-0.03401081,-1.202965,0.8204677,0.04144929,-3.471101,-0.02822652,0.7449128,0.01650864,0.6663601,356.4332,96.40753,358.8488,0.1799445,0.01128155,-0.9836118,0.1142603,0.000185322,-0.0507975,2.74177,0.3966069,-3.357108,-0.3323833,0.2298465,1.915001,-0.1103352,-0.0200512,-0.9936923,-0.064054,0.9978614,-0.01302307,0.9918284,0.06221305,-0.1113836,moving,83.36083,62.18359,-9.84663,6.844142,-6.008067693645499,4.08201201359474,108.39780950091338,4.729050923976681,91.66974429051436
64,05/05/2023 11:21:44.046157,246,True,True,True,True,Eyes,0.7028902,0.03876606,-3.487578,0.9706272,0.2127728,0.112297,0.0,0.0,0.0,0.0,0.0,0.0,0.0,-3.354571,-0.02902042,-1.214418,0.8307482,0.04213383,-3.469421,-0.02722775,0.7450883,0.01675734,0.6661991,356.4885,96.43098,358.9525,0.1815357,0.01123842,-0.9833199,0.1074046,0.0001742027,-0.04774965,2.752262,0.3921484,-3.359617,-0.3285432,0.2271912,1.915001,-0.1108748,-0.01824671,-0.9936668,-0.0629016,0.9979557,-0.01130682,0.9918419,0.0612496,-0.1117958,moving,83.40049,62.17585,-9.73506,6.765812,-6.005243224829185,4.080602578206278,108.37205813752891,4.595854960204401,91.6258784542331
65,05/05/2023 11:21:44.055981,247,True,True,True,True,Eyes,0.7091961,0.03889699,-3.486472,0.9710281,0.2112618,0.1116821,0.0,0.0,0.0,0.0,0.0,0.0,0.0,-3.351744,-0.02375643,-1.225346,0.8410897,0.04186806,-3.468003,-0.02536153,0.7452357,0.01644273,0.6661158,356.6581,96.44386,359.0877,0.18314,0.01120428,-0.9830227,0.1009604,0.0001637505,-0.04488467,2.76348,0.3827238,-3.362088,-0.3246099,0.2244715,1.915,-0.1112931,-0.01589511,-0.9936605,-0.05970616,0.9981729,-0.009280011,0.9919925,0.05829486,-0.1120388,moving,83.439,62.13713,-9.620706,6.685558,-6.00086539374866,4.077646689146593,108.32813908711631,4.461440061229469,91.58001331494334
66,05/05/2023 11:21:44.076019,248,True,True,True,True,Eyes,0.7156441,0.03903436,-3.485363,0.9715316,0.209268,0.1110552,0.0,0.0,0.0,0.0,0.0,0.0,0.0,-3.34909,-0.02355539,-1.235932,0.8511597,0.04099786,-3.466746,-0.02231584,0.7454073,0.0146183,0.6660752,357.0468,96.45423,359.2085,0.1847603,0.01117719,-0.9827198,0.09490275,0.0001539255,-0.04219159,2.775625,0.3655994,-3.364735,-0.3207882,0.2218289,1.915,-0.1116916,-0.01379501,-0.9936473,-0.05274256,0.9985766,-0.007934885,0.9923424,0.05152123,-0.1122602,moving,83.47886,62.04582,-9.509519,6.607553,-5.993649258274623,4.0719810520769375,108.26005762519678,4.334797012995467,91.541221367957
67,05/05/2023 11:21:44.095997,249,True,True,True,True,Eyes,0.7222457,0.03920578,-3.484257,0.97203,0.2072621,0.1104535,0.0,0.0,0.0,0.0,0.0,0.0,0.0,-3.347073,-0.03378733,-1.245127,0.8610176,0.04145968,-3.465733,-0.01820191,0.7454715,0.01081978,0.6662012,357.6855,96.4427,359.2705,0.1863987,0.01115661,-0.9824107,0.0,0.0,0.0,2.788665,0.3418119,-3.367268,-0.3169597,0.2191812,1.915001,-0.1116894,-0.01272171,-0.9936618,-0.04155432,0.9991032,-0.008120598,0.9928741,0.04038395,-0.1121179,moving,83.51718,61.94608,-9.398058,6.529369,-5.986085274682118,4.065926033853263,108.18619741285931,4.208338047943746,91.50041170070806
68,05/05/2023 11:21:44.115561,250,True,True,True,True,Eyes,0.7290023,0.03939235,-3.483178,0.972463,0.2055469,0.1098469,0.0,0.0,0.0,0.0,0.0,0.0,0.0,-3.345023,-0.04117879,-1.254672,0.8712676,0.04264732,-3.464701,-0.01766822,0.7454303,0.009493117,0.6662818,357.8396,96.43272,359.215,0.1880571,0.01114283,-0.9820946,0.0,0.0,0.0,2.799328,0.3354288,-3.370059,-0.3130537,0.2164801,1.915001,-0.1115128,-0.01369067,-0.9936686,-0.03899104,0.9991955,-0.009391118,0.9929978,0.03769694,-0.1119569,moving,83.55534,61.87939,-9.284274,6.449587,-5.980263027924771,4.061556316855175,108.12796580111828,4.076662734055227,91.45508618683097
69,05/05/2023 11:21:44.126173,251,True,True,True,True,Eyes,0.7358737,0.03956038,-3.482098,0.9728538,0.2040114,0.1092466,0.0,0.0,0.0,0.0,0.0,0.0,0.0,-3.343358,-0.04479231,-1.264652,0.8817793,0.04316525,-3.4641,-0.02024434,0.7453204,0.01028185,0.6663198,357.5754,96.42628,359.0552,0.189738,0.01113557,-0.9817713,0.0,0.0,0.0,2.808058,0.3429416,-3.373394,-0.309304,0.2138872,1.915,-0.1112164,-0.01647503,-0.9936599,-0.04387905,0.9989689,-0.01165186,0.9928272,0.04230497,-0.1118246,moving,83.59281,61.83128,-9.174973,6.372977,-5.97545654521984,4.058149407631772,108.08091845638108,3.949092595369003,91.41126829703954
70,05/05/2023 11:21:44.146191,252,True,True,True,True,Eyes,0.7429004,0.03971551,-3.481045,0.973211,0.2026849,0.1085323,0.0,0.0,0.0,0.0,0.0,0.0,0.0,-3.341024,-0.05318243,-1.274158,0.8914085,0.04284188,-3.462991,-0.02229419,0.7452694,0.009901676,0.6663172,357.4513,96.42818,358.8509,0.1914418,0.01113365,-0.9814405,0.0,0.0,0.0,2.816588,0.3449748,-3.376996,-0.305288,0.2111099,1.915001,-0.111049,-0.02003504,-0.9936131,-0.04642567,0.9988099,-0.01495117,0.99273,0.04446884,-0.1118469,moving,83.63668,61.83216,-9.057832,6.290892,-5.972827038651037,4.057070638317358,108.0606542917725,3.808833612466868,91.36541808543176
71,05/05/2023 11:21:44.156008,253,True,True,True,True,Eyes,0.7500526,0.03985243,-3.480011,0.9735478,0.2014506,0.1078069,0.0,0.0,0.0,0.0,0.0,0.0,0.0,-3.338994,-0.06146187,-1.286095,0.9021552,0.04264246,-3.462802,-0.02462064,0.7453254,0.009680129,0.6661757,357.2927,96.45125,358.6345,0.1931702,0.01113615,-0.9811018,0.0,0.0,0.0,2.826086,0.3483971,-3.382113,-0.3013988,0.2084208,1.915,-0.1112075,-0.02380344,-0.9935121,-0.04959811,0.9986002,-0.01837365,0.9925588,0.04723303,-0.1122324,moving,83.68103,61.8464,-8.944321,6.21139,-5.970868385033109,4.056659178957784,108.04957188981965,3.672095500474178,91.32218997951408
72,05/05/2023 11:21:44.175910,254,True,True,True,True,Eyes,0.7573181,0.0399899,-3.479024,0.9739265,0.2002597,0.1065982,0.0,0.0,0.0,0.0,0.0,0.0,0.0,-3.336349,-0.07229278,-1.297914,0.9123138,0.04231055,-3.462214,-0.0260654,0.7454579,0.008578125,0.6659877,357.277,96.48259,358.4261,0.194924,0.0111421,-0.9807548,0.0,0.0,0.0,2.835776,0.3469611,-3.387025,-0.2976344,0.2058173,1.915,-0.1115621,-0.02743547,-0.9933787,-0.05028717,0.998494,-0.02192921,0.9924843,0.04750774,-0.1127737,moving,83.75373,61.97363,-8.834379,6.134396,-5.973101888173575,4.061269291815843,108.1229761979508,3.5333781369743384,91.3090117355493
73,05/05/2023 11:21:44.195548,255,True,True,True,True,Eyes,0.9423091,0.04302151,-3.455377,0.9821535,0.1716028,0.07698689,0.0,0.0,0.0,0.0,0.0,0.0,0.0,-3.334253,-0.08734468,-1.308408,0.9223647,0.04248058,-3.461826,-0.02657737,0.745495,0.006426459,0.6659502,357.422,96.49131,358.2179,0.196703,0.01115114,-0.9803995,0.0,0.0,0.0,2.846159,0.3405729,-3.391573,-0.2937523,0.2031329,1.915001,-0.1116081,-0.03106719,-0.9932666,-0.048186,0.9985047,-0.02581663,0.9925835,0.04498021,-0.1129383,moving,85.51799,65.83737,-8.72093,6.054985,-6.06797851471574,4.212628286342019,111.60155733256873,3.2299272195565942,93.12577646897651
74,05/05/2023 11:21:44.206077,256,True,True,True,True,Eyes,0.9427221,0.04299879,-3.455409,0.9822085,0.1714525,0.07661857,0.0,0.0,0.0,0.0,0.0,0.0,0.0,-3.332717,-0.0996252,-1.319039,0.9329846,0.04219025,-3.461871,-0.02775094,0.7454621,0.004973796,0.6659515,357.4565,96.49285,358.0066,0.2040127,0.01124941,-0.9789034,0.554973,0.009094834,0.07094264,2.856518,0.3373571,-3.396264,-0.2898449,0.2004312,1.915,-0.1114769,-0.03474994,-0.9931594,-0.04799917,0.9984103,-0.02954602,0.9926072,0.04437712,-0.1129678,moving,85.5396,65.92113,-8.606677,5.975039,-6.071049950616127,4.216335587559104,111.61117909573848,3.0858454638070287,93.04988624613294
75,05/05/2023 11:21:44.226136,257,True,True,True,True,Eyes,0.9435254,0.04296602,-3.455438,0.9822922,0.1711315,0.07626317,0.0,0.0,0.0,0.0,0.0,0.0,0.0,-3.331608,-0.1159104,-1.328218,0.9433767,0.0416642,-3.462009,-0.02730747,0.7453665,0.002061681,0.6660923,357.739,96.47221,357.8228,0.2102183,0.01133075,-0.9775885,0.5216746,0.008549144,0.06668608,2.86789,0.3255841,-3.400221,-0.2860501,0.1978071,1.915001,-0.1111509,-0.03796161,-0.9930784,-0.04345469,0.9985002,-0.03330518,0.9928532,0.03945201,-0.1126338,moving,85.56058,65.9803,-8.495647,5.897367,-6.072871176191587,4.21880816727469,111.60883780130506,2.947439981976001,92.97721131559413
76,05/05/2023 11:21:44.246024,258,True,True,True,True,Eyes,0.9447077,0.04291928,-3.455478,0.9824212,0.1706367,0.0757075,0.0,0.0,0.0,0.0,0.0,0.0,0.0,-3.330369,-0.1307288,-1.337046,0.9535429,0.04141566,-3.461962,-0.02660535,0.7452699,-0.0006930692,0.6662315,358.0276,96.45004,357.6729,0.2155666,0.01139867,-0.9764224,0.4903741,0.008036196,0.06268492,2.879018,0.3136305,-3.403871,-0.2821804,0.1951307,1.915,-0.1108553,-0.04057983,-0.9930077,-0.03873285,0.9985834,-0.0364837,0.9930815,0.03441761,-0.11227,moving,85.59337,66.07426,-8.382363,5.818124,-6.07579527496752,4.222748001441709,111.63440472604215,2.804546174862766,92.91520695460022
77,05/05/2023 11:21:44.256104,259,True,True,True,True,Eyes,0.9462662,0.04285111,-3.455534,0.9825599,0.1700689,0.07518496,0.0,0.0,0.0,0.0,0.0,0.0,0.0,-3.329333,-0.1437365,-1.345888,0.9638595,0.04106612,-3.462054,-0.02671022,0.7451286,-0.002770485,0.66638,358.1966,96.42576,357.5058,0.2204054,0.0114581,-0.9753408,0.4609517,0.007554024,0.05892382,2.889655,0.305444,-3.407792,-0.2780797,0.1922952,1.915,-0.1104486,-0.04349748,-0.9929296,-0.0361127,0.9985578,-0.03972704,0.9932256,0.03146958,-0.1118602,moving,85.62428,66.15048,-8.262248,5.73415,-6.077904373519978,4.22583357640492,111.64592724575171,2.654500991190349,92.84582133487238
78,05/05/2023 11:21:44.275810,260,True,True,True,True,Eyes,0.9481924,0.04275855,-3.455612,0.9827212,0.1694301,0.07451494,0.0,0.0,0.0,0.0,0.0,0.0,0.0,-3.328933,-0.1543276,-1.354366,0.9744489,0.04049245,-3.462474,-0.02663462,0.7449274,-0.004585609,0.666598,358.3567,96.39016,357.3741,0.2247962,0.0115093,-0.9743376,0.4332946,0.007100783,0.05538839,2.900556,0.2975043,-3.411035,-0.2744749,0.1898025,1.915001,-0.1098756,-0.04579523,-0.9928899,-0.0335682,0.9985392,-0.04234106,0.9933784,0.02867728,-0.1112523,moving,85.66383,66.26022,-8.156588,5.6603,-6.081243128868527,4.230402988192865,111.68984348498805,2.5202503444115787,92.79766178256678
79,05/05/2023 11:21:44.296759,261,True,True,True,True,Eyes,0.9504622,0.04262556,-3.45571,0.9828917,0.1687199,0.07387531,0.0,0.0,0.0,0.0,0.0,0.0,0.0,-3.328551,-0.1605735,-1.363864,0.9851973,0.03982032,-3.463085,-0.02671412,0.7448034,-0.005663363,0.6667249,358.4422,96.36909,357.2853,0.228794,0.01155243,-0.9734061,0.4072969,0.006674736,0.05206509,2.91128,0.2915398,-3.415016,-0.2706045,0.1871259,1.915,-0.1095286,-0.04734536,-0.9928554,-0.03224173,0.9985086,-0.04405812,0.9934605,0.02718575,-0.1108917,moving,85.70166,66.35342,-8.043089,5.580989,-6.083820011378337,4.234175085279637,111.72003551164295,2.377528693971735,92.74136873237697
80,05/05/2023 11:21:44.305947,262,True,True,True,True,Eyes,0.9530579,0.04244924,-3.455804,0.9831001,0.1678334,0.07311685,0.0,0.0,0.0,0.0,0.0,0.0,0.0,-3.328016,-0.1650319,-1.373605,0.9957143,0.03873507,-3.463635,-0.02609631,0.7447547,-0.006862537,0.6667926,358.5915,96.35651,357.2466,0.2324473,0.01158716,-0.9725397,0.3828591,0.006274252,0.04894118,2.922055,0.2826823,-3.419219,-0.2665805,0.1843434,1.915,-0.1094133,-0.04802247,-0.9928357,-0.02971891,0.9985438,-0.04502346,0.993552,0.02457984,-0.1106811,moving,85.74653,66.45959,-7.925016,5.498515,-6.086647215841868,4.238426648588831,111.76140297609788,2.228771509134386,92.68894964324743
81,05/05/2023 11:21:44.326117,263,True,True,True,True,Eyes,0.9559735,0.04223465,-3.45593,0.9833218,0.166829,0.07243228,0.0,0.0,0.0,0.0,0.0,0.0,0.0,-3.328068,-0.1679003,-1.382127,1.006071,0.03752728,-3.464234,-0.02454404,0.7446328,-0.00827195,0.6669715,358.8299,96.32593,357.2719,0.2357998,0.01161313,-0.971732,0.3598876,0.005897797,0.04600471,2.933055,0.2706897,-3.422364,-0.262888,0.1817897,1.915001,-0.1090931,-0.0475869,-0.9928918,-0.02551828,0.9986584,-0.04505948,0.993704,0.02042122,-0.110161,moving,85.78716,66.53092,-7.816607,5.422799,-6.087907234033951,4.241014542373376,111.78491691073948,2.0940433102347544,92.64124053827722
82,05/05/2023 11:21:44.346131,264,True,True,True,True,Eyes,0.9591906,0.04197353,-3.456079,0.9835595,0.1657337,0.07171483,0.0,0.0,0.0,0.0,0.0,0.0,0.0,-3.329202,-0.170678,-1.389002,1.016668,0.03643006,-3.465126,-0.02309314,0.7443124,-0.009583345,0.6673634,359.0513,96.26248,357.2961,0.2388899,0.01163012,-0.9709768,0.3382943,0.005543929,0.04324443,2.944143,0.2593001,-3.424788,-0.2590935,0.1791663,1.915001,-0.1081857,-0.04716817,-0.9930112,-0.02158587,0.9987497,-0.04508904,0.9938964,0.01655703,-0.1090686,moving,85.82974,66.60133,-7.705148,5.345001,-6.08900010969322,4.243505696631389,111.80837676904528,1.955818474881083,92.59315537276173
83,05/05/2023 11:21:44.355975,265,True,True,True,True,Eyes,0.9627029,0.04166222,-3.45627,0.9838144,0.1644907,0.07107776,0.0,0.0,0.0,0.0,0.0,0.0,0.0,-3.330936,-0.1750231,-1.394186,1.027104,0.03507243,-3.466027,-0.02180853,0.7438317,-0.0110811,0.6679192,359.2753,96.173,357.2917,0.2417517,0.01163774,-0.9702681,0.3179967,0.005211293,0.04064976,2.954981,0.2474994,-3.426677,-0.2550468,0.1763676,1.915001,-0.1068168,-0.04724632,-0.9931557,-0.0176412,0.9988032,-0.04561763,0.9941224,0.01264773,-0.1075224,moving,85.86773,66.63044,-7.586218,5.261977,-6.088208610539104,4.244013534612163,111.80218534433516,1.8111548105497277,92.53472882297287
84,05/05/2023 11:21:44.382803,266,True,True,True,True,Eyes,0.9664986,0.04131432,-3.456489,0.9840843,0.1631677,0.07038686,0.0,0.0,0.0,0.0,0.0,0.0,0.0,-3.332652,-0.1820448,-1.39997,1.03771,0.03359579,-3.467226,-0.02030176,0.743398,-0.01310105,0.6684128,359.561,96.09103,357.266,0.2444155,0.01163549,-0.9696006,0.2989169,0.004898616,0.03821078,2.966184,0.2338157,-3.428928,-0.2512841,0.1737655,1.915001,-0.1056245,-0.04769838,-0.9932616,-0.01267075,0.9988324,-0.04661849,0.9943255,0.007661324,-0.1061055,moving,85.90887,66.66572,-7.47557,5.184769,-6.0875483310797165,4.244754558023304,111.80590758085191,1.6763744523575301,92.48679262438532
85,05/05/2023 11:21:44.396022,267,True,True,True,True,Eyes,0.9705655,0.04091882,-3.456752,0.9843478,0.161838,0.06977077,0.0,0.0,0.0,0.0,0.0,0.0,0.0,-3.334,-0.1900628,-1.406568,1.04823,0.03269598,-3.468467,-0.01895981,0.7430468,-0.01509592,0.6688005,359.8323,96.02465,357.2276,0.2469085,0.01162332,-0.9689689,0.2809819,0.004604699,0.03591813,2.97718,0.2211387,-3.431894,-0.2473906,0.1710732,1.915,-0.1046928,-0.04836838,-0.9933277,-0.007983727,0.9988253,-0.04779462,0.9944726,0.002926711,-0.1049559,moving,85.94564,66.67841,-7.361024,5.104867,-6.085970752759239,4.244458380260697,111.79192611446386,1.5382014745217547,92.43095096860854
86,05/05/2023 11:21:44.405898,268,True,True,True,True,Eyes,0.9748965,0.04048986,-3.457088,0.9846083,0.1605759,0.06900644,0.0,0.0,0.0,0.0,0.0,0.0,0.0,-3.335888,-0.1920229,-1.412968,1.058813,0.0311667,-3.46979,-0.01855571,0.7426348,-0.01581169,0.6692528,359.9225,95.95237,357.2072,0.2492544,0.01160089,-0.9683684,0.264123,0.004328417,0.03376304,2.987613,0.2137889,-3.434632,-0.2434806,0.1683693,1.915,-0.103513,-0.04872427,-0.9934341,-0.006396197,0.9988113,-0.04832155,0.9946077,0.001352299,-0.1037015,moving,85.99097,66.7447,-7.245929,5.024599,-6.086679998697738,4.246669527411935,111.81453484492256,1.3960775448883338,92.38240019576915
87,05/05/2023 11:21:44.425988,269,True,True,True,True,Eyes,0.9794847,0.04001922,-3.45747,0.9848588,0.1593088,0.06836542,0.0,0.0,0.0,0.0,0.0,0.0,0.0,-3.338751,-0.1944337,-1.417483,1.069557,0.02958985,-3.471238,-0.01845362,0.7420071,-0.0164543,0.669936,359.9824,95.84457,357.1666,0.2514743,0.01156825,-0.9677946,0.2482756,0.004068712,0.03173726,2.998099,0.2076225,-3.43617,-0.2397584,0.1657956,1.915001,-0.1016906,-0.0494321,-0.9935873,-0.005338778,0.9987774,-0.04914391,0.9948018,0.0003070695,-0.1018303,moving,86.0291,66.774,-7.136307,4.948174,-6.0858899178817865,4.24718344493248,111.813352610759,1.262839579954482,92.33131806057705
88,05/05/2023 11:21:44.445745,270,True,True,True,True,Eyes,0.9843274,0.03951018,-3.457914,0.9851629,0.1578346,0.06739604,0.0,0.0,0.0,0.0,0.0,0.0,0.0,-3.342496,-0.1979555,-1.420052,1.080332,0.02812636,-3.472765,-0.01821136,0.741185,-0.01730654,0.6708305,0.06997072,95.70312,357.1216,0.2535875,0.01152525,-0.9672435,0.233379,0.003824589,0.02983302,3.008666,0.2005755,-3.436777,-0.2359272,0.1631465,1.915001,-0.09930972,-0.05021548,-0.9937888,-0.003776472,0.9987376,-0.05008817,0.9950495,-0.001221219,-0.09937397,moving,86.08643,66.87731,-7.023422,4.869498,-6.087807311649895,4.250970417265208,111.86783849028836,1.1215842436750836,92.29713654565137
89,05/05/2023 11:21:44.456238,271,True,True,True,True,Eyes,0.989408,0.03895542,-3.45841,0.9854426,0.1564191,0.0666024,0.0,0.0,0.0,0.0,0.0,0.0,0.0,-3.347342,-0.1985761,-1.421092,1.091312,0.02669092,-3.474473,-0.01847632,0.7401699,-0.01747318,0.671939,0.05937698,95.53107,357.0862,0.2556102,0.01147183,-0.9667115,0.2193763,0.003595114,0.02804304,3.019116,0.1966979,-3.436597,-0.2319662,0.1604074,1.915001,-0.09631334,-0.05083305,-0.9940522,-0.003869409,0.9987066,-0.05069617,0.9953436,-0.001036324,-0.09638554,moving,86.13348,66.93596,-6.906655,4.788126,-6.0880112824902906,4.252748879067737,111.88753278051036,0.9781647089503053,92.24885656155035
90,05/05/2023 11:21:44.475965,272,True,True,True,True,Eyes,0.9947251,0.03836305,-3.458982,0.9857572,0.1548402,0.06562898,0.0,0.0,0.0,0.0,0.0,0.0,0.0,-3.353095,-0.1977715,-1.420328,1.102122,0.02503837,-3.47626,-0.01850462,0.7389964,-0.01756238,0.6732263,0.05967228,95.33138,357.0768,0.2575573,0.01140776,-0.9661953,0.2062137,0.003379407,0.02636046,3.02943,0.1921943,-3.435416,-0.2280861,0.1577241,1.915001,-0.09284817,-0.0509966,-0.9943736,-0.003702781,0.9986983,-0.05087266,0.9956735,-0.001041477,-0.09291611,moving,86.19102,67.03036,-6.792213,4.708392,-6.089448941678,4.256077234959141,111.93707747893596,0.8357427644575658,92.21352629355424
91,05/05/2023 11:21:44.495965,273,True,True,True,True,Eyes,1.000271,0.03773162,-3.459619,0.9860349,0.1533878,0.06486452,0.0,0.0,0.0,0.0,0.0,0.0,0.0,-3.359833,-0.1959888,-1.418156,1.113168,0.02356973,-3.478268,-0.01828067,0.7376629,-0.01758766,0.6746925,0.07333085,95.10387,357.0937,0.259442,0.011333,-0.9656919,0.1938409,0.003176642,0.02477883,3.040011,0.1873575,-3.433411,-0.2242458,0.1550685,1.915001,-0.08891185,-0.05070247,-0.9947483,-0.003237419,0.998713,-0.05061519,0.9960344,-0.001279866,-0.08896157,moving,86.23632,67.07751,-6.678892,4.629463,-6.08915698953933,4.257315527557759,111.95086062696952,0.697338600543664,92.16617707548951
92,05/05/2023 11:21:44.506202,274,True,True,True,True,Eyes,1.006039,0.03705332,-3.460346,0.9863289,0.15183,0.06405453,0.0,0.0,0.0,0.0,0.0,0.0,0.0,-3.367342,-0.1886764,-1.415412,1.124236,0.02199214,-3.480458,-0.01845787,0.736254,-0.01660971,0.6762497,359.971,94.86574,357.1544,0.2612757,0.01124754,-0.9651985,0.1822104,0.002986044,0.0232921,3.050272,0.1860269,-3.431214,-0.2202687,0.1523179,1.915001,-0.08469164,-0.04964399,-0.9951699,-0.004714739,0.9987669,-0.04942219,0.9963961,0.0005063209,-0.08482123,moving,86.2843,67.12593,-6.561483,4.547694,-6.088768138809966,4.258549786938679,111.96595483339918,0.5541333015951698,92.11811321338534
93,05/05/2023 11:21:44.526146,275,True,True,True,True,Eyes,1.012024,0.03633587,-3.461148,0.9865931,0.1503417,0.06349416,0.0,0.0,0.0,0.0,0.0,0.0,0.0,-3.37553,-0.1766696,-1.412261,1.135357,0.02021916,-3.482879,-0.01782179,0.7348195,-0.01532928,0.6778553,359.9065,94.62045,357.3076,0.2630679,0.01115114,-0.9647126,0.1712778,0.002806881,0.02189457,3.060722,0.1830226,-3.428623,-0.216446,0.1496751,1.915,-0.08038925,-0.04697366,-0.9956561,-0.005409528,0.9988948,-0.0466897,0.9967489,0.001632678,-0.08055454,moving,86.3177,67.1041,-6.448583,4.469113,-6.085587082621159,4.256583936413894,111.93178662974276,0.420635993351132,92.05901613403582
94,05/05/2023 11:21:44.546096,276,True,True,True,True,Eyes,1.018224,0.03558629,-3.462037,0.9868776,0.1487163,0.06289692,0.0,0.0,0.0,0.0,0.0,0.0,0.0,-3.385177,-0.1576241,-1.407035,1.146601,0.01858339,-3.485538,-0.01626341,0.7331848,-0.01339492,0.679703,359.8587,94.33852,357.5896,0.264828,0.01104378,-0.9642322,0.1610011,0.002638468,0.0205809,3.071329,0.1791651,-3.424696,-0.2126432,0.1470453,1.915,-0.07547868,-0.0420573,-0.9962601,-0.005639025,0.9991121,-0.04175048,0.9971315,0.002466666,-0.07564888,moving,86.35329,67.07493,-6.336215,4.390902,-6.081887807563863,4.254188624141754,111.89562861635751,0.2887436024416919,92.00291764014328
95,05/05/2023 11:21:44.555821,277,True,True,True,True,Eyes,1.024629,0.03479672,-3.463016,0.987137,0.1471174,0.06258724,0.0,0.0,0.0,0.0,0.0,0.0,0.0,-3.395748,-0.1340512,-1.4006,1.157977,0.01709002,-3.488489,-0.01445504,0.7314159,-0.0108814,0.6816916,359.7828,94.03447,357.938,0.2665638,0.01092565,-0.9637551,0.1513411,0.00248016,0.01934604,3.081949,0.1760459,-3.42036,-0.2086514,0.1442849,1.915,-0.07017507,-0.03598081,-0.9968856,-0.006309767,0.9993452,-0.03562542,0.9975147,0.003790099,-0.07035609,moving,86.37214,66.95395,-6.218209,4.308785,-6.074398217653411,4.247551796080414,111.79172342270705,0.1563043389717495,91.9249076573294
96,05/05/2023 11:21:44.575611,278,True,True,True,True,Eyes,1.031239,0.03397347,-3.464096,0.9874215,0.1453488,0.06222899,0.0,0.0,0.0,0.0,0.0,0.0,0.0,-3.407322,-0.1083207,-1.392097,1.169318,0.01538269,-3.4917,-0.01176224,0.7294548,-0.008491376,0.6838751,359.788,93.69733,358.3511,0.2682817,0.01079673,-0.9632797,0.1422606,0.00233135,0.01818528,3.092721,0.1700181,-3.414802,-0.204933,0.1417135,1.915,-0.06435291,-0.02877412,-0.9975123,-0.005545953,0.9995791,-0.02847595,0.9979119,0.003699651,-0.06448542,moving,86.3939,66.82252,-6.108239,4.232277,-6.066183517302521,4.240308865697169,111.68788760816622,0.04281558701565705,91.85729843932789
97,05/05/2023 11:21:44.596000,279,True,True,True,True,Eyes,1.038037,0.0331352,-3.465272,0.9876839,0.1435949,0.06213782,0.0,0.0,0.0,0.0,0.0,0.0,0.0,-3.418566,-0.07982974,-1.384816,1.180866,0.01380425,-3.495145,-0.009183032,0.727584,-0.005633289,0.6859341,359.7479,93.37817,358.7915,0.269988,0.01065713,-0.9628045,0.133725,0.00219147,0.01709416,3.103558,0.1654033,-3.410311,-0.2009597,0.1389659,1.915001,-0.05882027,-0.02109098,-0.9980459,-0.005634723,0.9997679,-0.02079529,0.9982527,0.004400527,-0.05892548,moving,86.40012,66.60043,-5.990678,4.150508,-6.054165579845257,4.228852185660435,111.51704942690553,0.10083890232149816,91.76723744922724
98,05/05/2023 11:21:44.615847,280,True,True,True,True,Eyes,1.045017,0.03242255,-3.466537,0.9880182,0.1413235,0.06202996,0.0,0.0,0.0,0.0,0.0,0.0,0.0,-3.429816,-0.05679312,-1.376798,1.192224,0.01264928,-3.498696,-0.006509361,0.7256523,-0.003582772,0.6880216,359.7847,93.05116,359.1762,0.2716871,0.01050755,-0.9623281,0.1257015,0.002059981,0.01606851,3.114362,0.158981,-3.405726,-0.1971295,0.1363171,1.915001,-0.05316806,-0.01437711,-0.998482,-0.004517016,0.9998896,-0.01415685,0.9985754,0.003757467,-0.05322715,moving,86.40756,66.30228,-5.877307,4.071665,-6.038087326136678,4.213495203558438,111.3065412295518,0.21439710798899358,91.68399708041697
99,05/05/2023 11:21:44.635704,281,True,True,True,True,Eyes,1.052207,0.03192186,-3.467901,0.9882751,0.1394533,0.06217089,0.0,0.0,0.0,0.0,0.0,0.0,0.0,-3.441479,-0.05695787,-1.366583,1.203582,0.01508736,-3.502247,-0.001675516,0.7235139,-0.005451877,0.6902864,0.319474,92.69107,359.4298,0.273384,0.0103524,-0.961849,0.1181594,0.001936383,0.0151044,3.12621,0.1400079,-3.400424,-0.1933204,0.1336832,1.915001,-0.04700404,-0.009951231,-0.9988452,0.005102193,0.999935,-0.01020219,0.9988818,-0.005575844,-0.04695019,moving,86.40035,65.9718,-5.764512,3.99325,-6.021208326071666,4.196868837367957,111.06620749616664,0.32764864527382,91.58463058617282
100,05/05/2023 11:21:44.646226,282,True,True,True,True,Eyes,1.05958,0.03149249,-3.469372,0.9884862,0.1378928,0.06229477,0.0,0.0,0.0,0.0,0.0,0.0,0.0,-3.4531,-0.04701072,-1.35829,1.215849,0.01960991,-3.50605,-0.004058112,0.7214124,-0.00219727,0.6924904,359.8596,92.34432,359.4901,0.2750824,0.01019814,-0.9613664,0.1110698,0.0018202,0.01419814,3.136612,0.1568971,-3.396381,-0.1893188,0.1309161,1.915001,-0.04088134,-0.008898321,-0.9991244,-0.002811968,0.9999574,-0.008790682,0.9991601,0.002450131,-0.04090469,moving,86.39397,65.68833,-5.645969,3.910854,-6.006742253868481,4.18261254208492,110.85038074835059,0.45167471249005353,91.47927019318371
101,05/05/2023 11:21:44.656002,283,True,True,True,True,Eyes,1.067074,0.03114443,-3.470928,0.9887367,0.1359157,0.06266318,0.0,0.0,0.0,0.0,0.0,0.0,0.0,-3.463017,-0.02657602,-1.353506,1.227651,0.02084979,-3.509645,-0.006295555,0.719709,0.002046338,0.6942443,359.3304,92.06561,359.6436,0.2767859,0.01004659,-0.9608788,0.1044056,0.001710988,0.01334625,3.146407,0.1722462,-3.394605,-0.1849234,0.127877,1.915001,-0.03597044,-0.006220619,-0.9993336,-0.01190325,0.9999123,-0.005795772,0.9992821,0.01168684,-0.03604138,moving,86.37362,65.2482,-5.515706,3.820338,-5.9849184741106125,4.160744968394015,110.53067656820579,0.579687200127971,91.35098539019255
102,05/05/2023 11:21:44.676227,284,True,True,True,True,Eyes,1.074737,0.03091448,-3.472566,0.9889864,0.1338866,0.06308846,0.0,0.0,0.0,0.0,0.0,0.0,0.0,-3.474302,-0.02828904,-1.343514,1.238085,0.02257904,-3.513294,-0.0005898987,0.7176936,-0.0005721627,0.6963586,-1.644515e-05,91.72881,359.9058,0.2784961,0.009899719,-0.9603861,0.0,0.0,0.0,3.157691,0.1485513,-3.38962,-0.1817366,0.1256731,1.915001,-0.03016884,-0.001643594,-0.9995435,-4.987238e-05,0.9999986,-0.001642837,0.9995449,2.872093e-07,-0.03016896,moving,86.34999,64.76981,-5.421224,3.754688,-5.961289733469545,4.137015168847312,110.20345199542835,0.6616986175796347,91.2512466622948
103,05/05/2023 11:21:44.695664,285,True,True,True,True,Eyes,1.082502,0.0307686,-3.474261,0.9892119,0.1318985,0.06373954,0.0,0.0,0.0,0.0,0.0,0.0,0.0,-3.484142,-0.01427328,-1.33847,1.24983,0.02524518,-3.51685,0.0009372872,0.7160006,0.001186677,0.6980982,359.9776,91.45061,0.171832,0.2802152,0.009760309,-0.9598873,0.0,0.0,0.0,3.168682,0.1484559,-3.387151,-0.1778657,0.1229965,1.915002,-0.02531646,0.002999031,-0.9996752,-0.0003146384,0.9999954,0.00300796,0.9996796,0.0003906866,-0.02531533,moving,86.31326,64.20798,-5.306417,3.674939,-5.934087303213553,4.1093764004606825,109.81081124503183,0.7633517304986143,91.11979426340278
104,05/05/2023 11:21:44.706116,286,True,True,True,True,Eyes,1.090379,0.03077728,-3.47601,0.989477,0.1295208,0.06449513,0.0,0.0,0.0,0.0,0.0,0.0,0.0,-3.494808,-0.0046084,-1.328506,1.260076,0.02714164,-3.519958,0.002433935,0.7139675,0.002196325,0.7001712,0.01559207,91.11797,0.3753535,0.2819436,0.009629947,-0.9593825,0.0,0.0,0.0,3.178153,0.1457266,-3.38268,-0.1738915,0.1202479,1.915001,-0.0195088,0.006551107,-0.9997882,0.0003998937,0.9999785,0.006544551,0.9998096,-0.0002721332,-0.01951092,moving,86.27068,63.52891,-5.188511,3.593034,-5.901097725187052,4.075923632043823,109.34849267485062,0.8607916342810411,90.98079662493332
105,05/05/2023 11:21:44.735899,287,True,True,True,True,Eyes,1.098376,0.03089749,-3.477791,0.98965,0.1277369,0.06539316,0.0,0.0,0.0,0.0,0.0,0.0,0.0,-3.506335,-0.02248793,-1.315971,1.270677,0.03096316,-3.522938,0.004800153,0.7116615,-0.0009712942,0.7025054,0.4656327,90.7432,0.3132761,0.2836832,0.009511881,-0.9588706,0.0,0.0,0.0,3.188616,0.1320838,-3.377072,-0.1700897,0.1176189,1.915001,-0.01292621,0.00546749,-0.9999015,0.008196848,0.999952,0.005361801,0.9998829,-0.008126733,-0.01297045,moving,86.21956,62.89045,-5.075673,3.514679,-5.87075715881803,4.044755346796288,108.90501251259617,0.9555834620985615,90.83522329433714
106,05/05/2023 11:21:44.745810,288,True,True,True,True,Eyes,1.106469,0.03105428,-3.479605,0.9898119,0.1259893,0.06632638,0.0,0.0,0.0,0.0,0.0,0.0,0.0,-3.51502,-0.03104894,-1.310184,1.281588,0.03362426,-3.525522,-0.001645944,0.7099587,0.001138298,0.7042406,359.7746,90.46342,359.9579,0.2854344,0.009407985,-0.9583519,0.0,0.0,0.0,3.197403,0.1563035,-3.374761,-0.1663361,0.1150233,1.915001,-0.008085356,-0.0007338336,-0.9999672,-0.003940376,0.999992,-0.0007019922,0.9999596,0.003934571,-0.008088218,moving,86.1664,62.23569,-4.964227,3.437305,-5.839686813498918,4.012810150651724,108.45294489326398,1.0476812795302894,90.68836523403134
107,05/05/2023 11:21:44.755555,289,True,True,True,True,Eyes,1.114636,0.03117965,-3.481423,0.9899672,0.1241913,0.06739019,0.0,0.0,0.0,0.0,0.0,0.0,0.0,-3.523337,-0.03976844,-1.304778,1.292004,0.0346537,-3.528094,-0.003972435,0.7083539,0.001084403,0.7058455,359.5907,90.20409,359.7653,0.2871973,0.00931782,-0.9578259,0.0,0.0,0.0,3.206715,0.1606874,-3.37385,-0.1615224,0.1116947,1.915001,-0.003532726,-0.004096939,-0.9999855,-0.007158621,0.9999661,-0.00407157,0.9999682,0.007144133,-0.003562012,moving,86.10571,61.51432,-4.821251,3.338062,-5.805585038041089,3.977669451721746,107.94530666767355,1.1738872138090022,90.50533151128285
108,05/05/2023 11:21:44.776062,290,True,True,True,True,Eyes,1.122887,0.03129401,-3.483252,0.990158,0.1220325,0.06852217,0.0,0.0,0.0,0.0,0.0,0.0,0.0,-3.530912,-0.0540101,-1.298949,1.301968,0.03403922,-3.530049,-0.003848228,0.7067819,-0.001146734,0.7074202,359.7809,89.94905,359.5954,0.2889727,0.009239108,-0.9572925,0.0,0.0,0.0,3.21639,0.1522756,-3.370348,-0.1587775,0.1097964,1.915001,0.0009162846,-0.007062161,-0.9999747,-0.00381727,0.9999678,-0.00706561,0.9999923,0.003823648,0.0008892948,moving,86.04126,60.68546,-4.739694,3.281454,-5.766079592866989,3.937157194533364,107.40764178585317,1.2179548696754647,90.37496947665285
109,05/05/2023 11:21:44.795724,291,True,True,True,True,Eyes,1.1312,0.03147208,-3.485073,0.9903337,0.119815,0.06988368,0.0,0.0,0.0,0.0,0.0,0.0,0.0,-3.539787,-0.06347919,-1.290053,1.312292,0.03398188,-3.53201,-0.002312266,0.7048805,-0.003243741,0.7093149,0.07406347,89.6404,359.5496,0.290761,0.009170384,-0.9567515,0.0,0.0,0.0,3.226426,0.1398324,-3.365944,-0.154895,0.1071117,1.915001,0.006265956,-0.007861409,-0.9999495,0.001341925,0.9999683,-0.007853149,0.9999794,-0.001292651,0.006276263,moving,85.96357,59.74656,-4.624308,3.201388,-5.721615029110684,3.891386452186239,106.78726570641496,1.2962177981169374,90.20059510788994
110,05/05/2023 11:21:44.806027,292,True,True,True,True,Eyes,1.139609,0.03172284,-3.48688,0.9904729,0.1177867,0.07134187,0.0,0.0,0.0,0.0,0.0,0.0,0.0,-3.550371,-0.07013218,-1.275229,1.322105,0.03572065,-3.533698,-0.001007029,0.7024315,-0.004559814,0.7117361,0.2849008,89.24492,359.547,0.2925613,0.009112396,-0.956203,0.0,0.0,0.0,3.235462,0.1317651,-3.358356,-0.1509421,0.1043779,1.915,0.01313843,-0.007905507,-0.9998825,0.005076032,0.9999564,-0.007839392,0.9999008,-0.004972437,0.013178,moving,85.88021,58.79725,-4.506788,3.119845,-5.6769507436410045,3.845231380532393,106.15923339486787,1.3767593281570052,90.01757347535663
111,05/05/2023 11:21:44.826174,293,True,True,True,True,Eyes,1.148096,0.03199276,-3.48867,0.9905354,0.116232,0.07300556,0.0,0.0,0.0,0.0,0.0,0.0,0.0,-3.561614,-0.06371541,-1.260455,1.332858,0.03770062,-3.535529,-0.003164174,0.6998452,-0.002325727,0.7142839,359.9275,88.83031,359.5559,0.2943745,0.009066035,-0.9556469,0.0,0.0,0.0,3.244341,0.1429836,-3.35016,-0.1471032,0.1017235,1.915001,0.02042268,-0.007751323,-0.9997616,-0.001106404,0.9999691,-0.007775536,0.999791,0.001264939,0.02041348,moving,85.78474,57.867,-4.392621,3.040655,-5.634023880109467,3.800356005684769,105.53617646562408,1.4554129066290875,89.82369409784177
112,05/05/2023 11:21:44.845950,294,True,True,True,True,Eyes,1.156652,0.03226411,-3.490427,0.9905966,0.1145899,0.07475045,0.0,0.0,0.0,0.0,0.0,0.0,0.0,-3.571759,-0.04983545,-1.247427,1.343286,0.03834681,-3.536966,-0.006516384,0.6974433,0.001360447,0.7166091,359.3561,88.44924,359.5909,0.2962008,0.009030635,-0.9550828,0.0,0.0,0.0,3.252485,0.1598969,-3.342748,-0.1431902,0.09901751,1.915001,0.02714192,-0.007139799,-0.9996061,-0.01103943,0.9999114,-0.007441731,0.9995706,0.01123707,0.0270607,moving,85.68464,56.88237,-4.276214,2.959914,-5.588529626641568,3.7528329791523007,104.88368087305695,1.5332621470014767,89.62307453283393
113,05/05/2023 11:21:44.855967,295,True,True,True,True,Eyes,1.165267,0.03255143,-3.492149,0.9906348,0.1129769,0.07667358,0.0,0.0,0.0,0.0,0.0,0.0,0.0,-3.581504,-0.04327369,-1.234314,1.353525,0.03867095,-3.538227,-0.007030156,0.6950938,0.002611546,0.7188799,359.2128,88.07487,359.6551,0.2980402,0.009005127,-0.9545106,0.0,0.0,0.0,3.261273,0.1620835,-3.33538,-0.1392265,0.09627678,1.915,0.03367562,-0.006018461,-0.9994146,-0.01352801,0.9998875,-0.006477138,0.9993412,0.01373822,0.03359038,moving,85.57422,55.83659,-4.158264,2.878126,-5.5404602347729135,3.702463645136533,104.19461403570509,1.6093473784766494,89.41035163945934
114,05/05/2023 11:21:44.876086,296,True,True,True,True,Eyes,1.173943,0.03285412,-3.493819,0.9906963,0.1111078,0.07858612,0.0,0.0,0.0,0.0,0.0,0.0,0.0,-3.590466,-0.04383586,-1.222028,1.363595,0.03935162,-3.539177,-0.006574509,0.6928593,0.00242242,0.7210389,359.2644,87.7185,359.6781,0.2998926,0.008988936,-0.9539303,0.0,0.0,0.0,3.270337,0.1583662,-3.328163,-0.1354695,0.0936785,1.915001,0.03988033,-0.005617101,-0.9991888,-0.01260374,0.9999018,-0.006124162,0.9991251,0.01283775,0.0398056,moving,85.46456,54.72839,-4.046433,2.800577,-5.489073383363965,3.6488996360774384,103.4829243441111,1.673577775483978,89.20430849219203
115,05/05/2023 11:21:44.896048,297,True,True,True,True,Eyes,1.391688,0.04065123,-3.534096,0.98967,0.06050391,0.1299712,0.0,0.0,0.0,0.0,0.0,0.0,0.0,-3.598863,-0.05097681,-1.210583,1.373771,0.04007718,-3.539925,-0.006590303,0.6906937,0.001502098,0.7231159,359.335,87.3749,359.6028,0.3017579,0.008981539,-0.953342,0.0,0.0,0.0,3.279571,0.154182,-3.321482,-0.1315605,0.09097565,1.915001,0.04587978,-0.00693138,-0.9989231,-0.01127615,0.9999086,-0.007456126,0.9988835,0.01160609,0.04579747,moving,82.51829,24.96282,-3.930044,2.719897,-4.108907232809953,2.2102255949418312,89.26400212268932,0.540145348202866,86.29437943763071
116,05/05/2023 11:21:44.905936,298,True,True,True,True,Eyes,1.392083,0.04068323,-3.534101,0.9896906,0.06012821,0.1299889,0.0,0.0,0.0,0.0,0.0,0.0,0.0,-3.606404,-0.07037568,-1.198815,1.383347,0.04064164,-3.540191,-0.005610971,0.688576,-0.001688252,0.7251408,359.667,87.03853,359.417,0.3100098,0.009219751,-0.9506884,0.6532359,0.02339132,-0.1208339,3.288689,0.1413528,-3.314684,-0.1276729,0.08828715,1.915001,0.05172063,-0.0101756,-0.99861,-0.005278718,0.9999313,-0.01046247,0.9986478,0.005812507,0.0516634,moving,82.51743,24.82358,-3.81426,2.639634,-4.101662840423314,2.2031646916634946,89.13634588868346,0.5225953021250157,86.18356439945671
117,05/05/2023 11:21:44.926150,299,True,True,True,True,Eyes,1.392851,0.04072658,-3.534096,0.9896907,0.05963371,0.1302161,0.0,0.0,0.0,0.0,0.0,0.0,0.0,-3.613414,-0.08976303,-1.188191,1.393257,0.04151893,-3.5403,-0.004743863,0.6865398,-0.004777291,0.7270612,359.9806,86.71622,359.2288,0.3169009,0.009414781,-0.9484117,0.6140417,0.02198784,-0.1135838,3.298058,0.1294508,-3.30815,-0.1238225,0.08562455,1.915,0.05728061,-0.01346047,-0.9982675,0.0004330633,0.9999094,-0.01345776,0.9983581,0.0003385564,0.05728125,moving,82.50451,24.60587,-3.699553,2.560136,-4.0910417808534,2.192421000990154,88.97839549748424,0.5371012809804988,86.06194593154547
118,05/05/2023 11:21:44.946020,300,True,True,True,True,Eyes,1.393988,0.04078177,-3.534096,0.9897106,0.05881935,0.1304345,0.0,0.0,0.0,0.0,0.0,0.0,0.0,-3.619957,-0.100129,-1.178348,1.403021,0.04185558,-3.540113,-0.00401418,0.6845877,-0.00656869,0.72889,0.1800178,86.4082,359.1364,0.3226809,0.009575077,-0.9464591,0.5771992,0.02066857,-0.1067688,3.307077,0.1206222,-3.30162,-0.1200047,0.08298449,1.915,0.06259324,-0.01507182,-0.9979253,0.004079589,0.9998814,-0.01484548,0.9980308,-0.003141898,0.06264734,moving,82.49223,24.27297,-3.585787,2.481299,-4.074345179501414,2.175801378402409,88.79359174864214,0.5762099370537798,85.94250573173471
119,05/05/2023 11:21:44.955855,301,True,True,True,True,Eyes,1.395472,0.04085328,-3.534076,0.9897067,0.05794442,0.1308555,0.0,0.0,0.0,0.0,0.0,0.0,0.0,-3.626696,-0.1040825,-1.1688,1.413018,0.04226456,-3.539978,-0.002555692,0.6826467,-0.007760464,0.730703,0.3930754,86.10228,359.1502,0.3275549,0.009707549,-0.944782,0.5425673,0.01942846,-0.1003627,3.316307,0.1109829,-3.295334,-0.1159027,0.08014783,1.915,0.06786658,-0.01483046,-0.9975842,0.007851918,0.9998665,-0.01433021,0.9976635,-0.006860407,0.06797395,moving,82.46825,23.88435,-3.463521,2.396581,-4.0554421637163625,2.1566470067433183,88.57761276865504,0.6387010139145154,85.80322016084902
120,05/05/2023 11:21:44.975896,302,True,True,True,True,Eyes,1.39731,0.04093226,-3.534045,0.9897054,0.05694578,0.131302,0.0,0.0,0.0,0.0,0.0,0.0,0.0,-3.633185,-0.09901057,-1.159591,1.422876,0.0427585,-3.539503,-0.0009724734,0.6807413,-0.007691617,0.7324831,0.5183826,85.80311,359.2785,0.3316914,0.00981796,-0.9433366,0.5100132,0.01826275,-0.09434091,3.325237,0.1044178,-3.288402,-0.1121914,0.07758164,1.915,0.07306456,-0.01259196,-0.9972478,0.009943952,0.9998798,-0.01189664,0.9972777,-0.00904736,0.07318096,moving,82.44283,23.44641,-3.352875,2.319933,-4.034042368775276,2.1350206803867438,88.35853680815767,0.7058197717753367,85.67375815658517
121,05/05/2023 11:21:44.995762,303,True,True,True,True,Eyes,1.399467,0.04099572,-3.533985,0.9896766,0.05595233,0.1319458,0.0,0.0,0.0,0.0,0.0,0.0,0.0,-3.639783,-0.0846737,-1.1514,1.433193,0.04306496,-3.53907,0.0001588273,0.6788729,-0.00609694,0.7342306,0.4876689,85.51109,359.4994,0.3353119,0.009913868,-0.9420547,0.4794124,0.01716699,-0.08868046,3.334468,0.1026047,-3.281823,-0.1083112,0.07489813,1.915,0.07818879,-0.00873747,-0.9969003,0.009168766,0.9999256,-0.008044863,0.9968964,-0.008511325,0.0782631,moving,82.40599,22.97964,-3.237165,2.239771,-4.011828247186048,2.112220287666251,88.11862552543127,0.785093835638568,85.52784861865773
122,05/05/2023 11:21:45.005908,304,True,True,True,True,Eyes,1.401946,0.04104974,-3.533912,0.9896426,0.05486392,0.1326556,0.0,0.0,0.0,0.0,0.0,0.0,0.0,-3.646239,-0.06782909,-1.142212,1.443064,0.04278523,-3.538367,0.001980816,0.6769478,-0.004554451,0.7360144,0.5203714,85.21143,359.7695,0.3386163,0.01000154,-0.9408711,0.4506477,0.01613697,-0.08335964,3.343274,0.09794788,-3.27479,-0.1043205,0.07213875,1.915,0.08344196,-0.004022463,-0.9965045,0.009386099,0.9999506,-0.003250433,0.9964685,-0.009082068,0.08347561,moving,82.36536,22.46908,-3.118131,2.157333,-3.987550470999748,2.087289427715059,87.86349810779839,0.8722363891583045,85.37496534140362
123,05/05/2023 11:21:45.025978,305,True,True,True,True,Eyes,1.404722,0.04107508,-3.533801,0.9895838,0.05377255,0.1335385,0.0,0.0,0.0,0.0,0.0,0.0,0.0,-3.652535,-0.05205127,-1.133636,1.453245,0.04266086,-3.53767,0.004420513,0.6750524,-0.003438225,0.7377486,0.6396874,84.91837,0.05128663,0.3416441,0.01008153,-0.939775,0.4236088,0.01516875,-0.07835806,3.352447,0.09082124,-3.267625,-0.1006992,0.06963474,1.915,0.08858497,0.0008950641,-0.9960682,0.01104125,0.9999373,0.00188049,0.9960074,-0.01116442,0.08856951,moving,82.3147,21.93339,-3.010094,2.082517,-3.962567490075541,2.06133711618201,87.60352521448303,0.9527089465178886,85.22246825139182
124,05/05/2023 11:21:45.045966,306,True,True,True,True,Eyes,1.407787,0.04105602,-3.533683,0.9895065,0.05275748,0.1345125,0.0,0.0,0.0,0.0,0.0,0.0,0.0,-3.658183,-0.03431183,-1.125702,1.463164,0.0420285,-3.536675,0.006404238,0.6732321,-0.001900814,0.7394011,0.6892837,84.63835,0.3330375,0.3444309,0.01015386,-0.9387565,0.3981923,0.01425863,-0.07365658,3.361359,0.08537905,-3.260883,-0.0968267,0.0669567,1.915,0.09350993,0.005812147,-0.9956014,0.01143401,0.9999107,0.006911223,0.9955527,-0.01202998,0.09343509,moving,82.25873,21.41574,-2.894539,2.002493,-3.9388537475181993,2.0364384640498665,87.33815535302637,1.0448663007359178,85.05710607773405
125,05/05/2023 11:21:45.055837,307,True,True,True,True,Eyes,1.41112,0.04099617,-3.533517,0.9894118,0.05162733,0.1356426,0.0,0.0,0.0,0.0,0.0,0.0,0.0,-3.663666,-0.01726835,-1.118122,1.473124,0.04096191,-3.535699,0.009006879,0.6714376,-0.0008210884,0.741006,0.8280057,84.36498,0.6233553,0.3470077,0.01021811,-0.9378064,0.3743007,0.01340311,-0.06923719,3.370402,0.07641241,-3.254594,-0.0927583,0.06414355,1.914999,0.09834172,0.01087825,-0.9950933,0.01331198,0.9998364,0.01224568,0.9950637,-0.01445092,0.09818084,moving,82.19375,20.83747,-2.773113,1.918424,-3.912512744455487,2.00868691494994,87.04767722122678,1.142969453432807,84.87710745860242
126,05/05/2023 11:21:45.075853,308,True,True,True,True,Eyes,1.414722,0.04091362,-3.533303,0.989297,0.05047415,0.1369078,0.0,0.0,0.0,0.0,0.0,0.0,0.0,-3.668736,-0.00467122,-1.110432,1.482893,0.03997179,-3.534421,0.01178007,0.6696423,-0.0004544046,0.7425904,1.037346,84.09393,0.8654554,0.3494022,0.010274,-0.9369162,0.3518427,0.01259892,-0.06508295,3.379249,0.06547166,-3.247871,-0.08897945,0.0615301,1.915,0.103158,0.015102,-0.9945503,0.01645174,0.999722,0.01688696,0.9945289,-0.01810411,0.1028809,moving,82.12094,20.23755,-2.660305,1.840315,-3.8855147277674185,1.9800345934602384,86.75435297087547,1.2331506160289607,84.69744060186156
127,05/05/2023 11:21:45.095774,309,True,True,True,True,Eyes,1.414722,0.04091362,-3.533303,0.989297,0.05047415,0.1369078,0.0,0.0,0.0,0.0,0.0,0.0,0.0,-3.673372,0.005469088,-1.104299,1.492976,0.03936985,-3.533077,0.01335609,0.6679713,0.0001788863,0.7440673,1.125171,83.84072,1.037836,0.3516396,0.01032178,-0.9360783,0.3307321,0.01184299,-0.06117798,3.388426,0.05907622,-3.241838,-0.0851377,0.0588734,1.915,0.1076287,0.01810918,-0.9940264,0.01757677,0.9996431,0.02011465,0.9940359,-0.01963668,0.107272,moving,82.12094,20.23755,-2.545598,1.760906,-3.8855147277674185,1.9800345934602384,86.6591543370242,1.3577165307319523,84.58670410711964
128,05/05/2023 11:21:45.106115,310,True,True,True,True,Eyes,1.414722,0.04091362,-3.533303,0.989297,0.05047415,0.1369078,0.0,0.0,0.0,0.0,0.0,0.0,0.0,-3.676953,0.0145712,-1.100275,1.502905,0.03818684,-3.531377,0.01401288,0.6665281,0.001014766,0.7453475,1.119412,83.62075,1.157254,0.3536515,0.01036473,-0.9353195,0.3108882,0.01113241,-0.0575073,3.397598,0.05525699,-3.236728,-0.0811896,0.05614355,1.915,0.1114786,0.02019266,-0.9935616,0.01716724,0.9996052,0.02224166,0.9936184,-0.01953618,0.1110879,moving,82.12094,20.23755,-2.427696,1.679304,-3.8855147277674185,1.9800345934602384,86.5614252658597,1.4885141359329987,84.47288356613325
129,05/05/2023 11:21:45.126080,311,True,True,True,True,Eyes,1.414722,0.04091362,-3.533303,0.989297,0.05047415,0.1369078,0.0,0.0,0.0,0.0,0.0,0.0,0.0,-3.680246,0.02142495,-1.096841,1.512737,0.03681418,-3.529589,0.01488971,0.6651527,0.001397258,0.7465578,1.167384,83.41226,1.254802,0.3554607,0.01040334,-0.934633,0.2922349,0.01046446,-0.05405686,3.406742,0.04955532,-3.231855,-0.07732749,0.0534729,1.914999,0.1151401,0.02189413,-0.993108,0.0177216,0.9995527,0.02409084,0.9931912,-0.02037328,0.1147005,moving,82.12094,20.23755,-2.312342,1.599465,-3.8855147277674185,1.9800345934602384,86.46593156705565,1.6185504770805483,84.36152753455053
130,05/05/2023 11:21:45.146036,312,True,True,True,True,Eyes,1.419732,0.04059102,-3.532717,0.9891995,0.04932076,0.1380285,0.0,0.0,0.0,0.0,0.0,0.0,0.0,-3.682673,0.02831055,-1.094765,1.522276,0.03501832,-3.527441,0.01586946,0.6639364,0.001679289,0.7476189,1.231881,83.22904,1.351676,0.3570881,0.01043806,-0.9340121,0.2747008,0.009836595,-0.05081345,3.415709,0.04301032,-3.227287,-0.07364318,0.05092478,1.915,0.1183714,0.02358356,-0.9926893,0.01856168,0.9994907,0.02595849,0.9927959,-0.02149873,0.1178734,moving,82.0565,19.66298,-2.20228,1.523283,-3.8593346879500223,1.952457428085764,86.18927203741896,1.7117303901549124,84.19236339959862
131,05/05/2023 11:21:45.155538,313,True,True,True,True,Eyes,1.42492,0.04020815,-3.53205,0.9890997,0.04806466,0.1391819,0.0,0.0,0.0,0.0,0.0,0.0,0.0,-3.684481,0.03192037,-1.095149,1.532084,0.03337391,-3.525248,0.01735901,0.6629382,0.001281839,0.7484717,1.391617,83.08143,1.429226,0.3586709,0.01046045,-0.9334053,0.2582187,0.009246399,-0.04776464,3.425168,0.0332557,-3.224201,-0.06963721,0.04815484,1.915,0.1210224,0.02493475,-0.9923366,0.02109707,0.9993941,0.02768502,0.9924256,-0.0242859,0.120423,moving,81.99017,19.05168,-2.082591,1.440464,-3.831345090755072,1.9230602670176888,85.89752075096101,1.8141223847557826,84.01195598697191
132,05/05/2023 11:21:45.175932,314,True,True,True,True,Eyes,1.430292,0.03977174,-3.531295,0.9890312,0.04649487,0.140198,0.0,0.0,0.0,0.0,0.0,0.0,0.0,-3.685023,0.03904222,-1.097942,1.541544,0.03159031,-3.522646,0.0195529,0.6621969,0.001052123,0.749074,1.598743,82.97666,1.574839,0.360219,0.01047018,-0.9328088,0.2427256,0.008691614,-0.04489876,3.434443,0.02186224,-3.221849,-0.06586188,0.04554416,1.915001,0.1229882,0.02747197,-0.9920279,0.0243195,0.9992332,0.03068656,0.9921103,-0.02789971,0.1222258,moving,81.93192,18.34745,-1.969775,1.3624,-3.797992718352527,1.8887289643063536,85.60365849293783,1.9024726553530062,83.84636993717476
133,05/05/2023 11:21:45.195914,315,True,True,True,True,Eyes,1.435827,0.03926558,-3.530441,0.9889609,0.04484441,0.1412279,0.0,0.0,0.0,0.0,0.0,0.0,0.0,-3.684616,0.05236939,-1.103557,1.551378,0.02988652,-3.519845,0.0215476,0.661689,0.001830188,0.7494665,1.712045,82.90807,1.792098,0.3617402,0.01046712,-0.9322199,0.2281621,0.008170118,-0.04220484,3.444284,0.01352025,-3.220619,-0.06192657,0.04282279,1.915,0.1243285,0.03125894,-0.9917486,0.02577228,0.9990647,0.03472043,0.9919063,-0.02987637,0.1234066,moving,81.87286,17.61632,-1.852164,1.281022,-3.7632800587142814,1.8530500437791733,85.30370217375902,1.9948886366776057,83.67517673132134
134,05/05/2023 11:21:45.215824,316,True,True,True,True,Eyes,1.44153,0.03872818,-3.529493,0.9889175,0.04279842,0.1421638,0.0,0.0,0.0,0.0,0.0,0.0,0.0,-3.68361,0.0706424,-1.108899,1.560805,0.02776643,-3.516639,0.02460926,0.6611537,0.002772155,0.7498417,1.904889,82.8418,2.104297,0.3632416,0.01045074,-0.931636,0.2144724,0.00767991,-0.03967255,3.453675,0.002046067,-3.219009,-0.05800807,0.04011311,1.915001,0.125736,0.03669836,-0.9913849,0.02838365,0.9987733,0.04057173,0.9916577,-0.03324046,0.1245401,moving,81.81937,16.75442,-1.73504,1.199987,-3.721374710848431,1.8105764004164075,84.98988067058094,2.0780627996819994,83.51010622056305
135,05/05/2023 11:21:45.226210,317,True,True,True,True,Eyes,1.447382,0.03816931,-3.52842,0.98886,0.04074285,0.1431645,0.0,0.0,0.0,0.0,0.0,0.0,0.0,-3.682592,0.08808161,-1.113817,1.570541,0.02653905,-3.513194,0.02819894,0.6605173,0.003490658,0.750273,2.160708,82.76536,2.436945,0.3647298,0.01042155,-0.9310548,0.201604,0.007219116,-0.03729219,3.46324,-0.01054996,-3.216744,-0.0541918,0.03747446,1.915,0.1274095,0.04248967,-0.9909396,0.03201389,0.9983853,0.04692509,0.9913334,-0.03770253,0.1258435,moving,81.76212,15.8857,-1.620957,1.121073,-3.6793412839529154,1.7678521295240053,84.68017324283801,2.1576072633387633,83.34389305487753
136,05/05/2023 11:21:45.246049,318,True,True,True,True,Eyes,1.453398,0.03758183,-3.527271,0.9887658,0.03872321,0.1443696,0.0,0.0,0.0,0.0,0.0,0.0,0.0,-3.681993,0.1068982,-1.114715,1.579987,0.02551282,-3.509142,0.03077664,0.6595006,0.004894712,0.7510578,2.27948,82.62718,2.750384,0.3662107,0.0103803,-0.9304739,0.1895078,0.006785969,-0.03505466,3.472265,-0.01835424,-3.211953,-0.05029425,0.03477902,1.914999,0.13007,0.04794685,-0.9903448,0.03324201,0.9980577,0.0526862,0.9909473,-0.03977394,0.1282235,moving,81.69295,15.01463,-1.504432,1.040456,-3.637911704276994,1.725313595101741,84.36279932906564,2.2407064899558775,83.16307234241326
137,05/05/2023 11:21:45.266111,319,True,True,True,True,Eyes,1.459555,0.03694543,-3.525985,0.9886507,0.03675366,0.145667,0.0,0.0,0.0,0.0,0.0,0.0,0.0,-3.682084,0.120376,-1.113643,1.589793,0.02418348,-3.504912,0.03198431,0.6582825,0.006114567,0.7520664,2.295793,82.4502,2.943304,0.3676892,0.01032745,-0.9298911,0.1781373,0.006378811,-0.03295138,3.481542,-0.0228992,-3.205793,-0.0463869,0.03207716,1.914999,0.1332538,0.05130653,-0.9897529,0.0329123,0.9978793,0.05615887,0.9905353,-0.04005843,0.1312826,moving,81.61839,14.1609,-1.387601,0.9596425,-3.597719558796097,1.6837951609802215,84.04919833926668,2.325730233784579,82.97620111774198
138,05/05/2023 11:21:45.276000,320,True,True,True,True,Eyes,1.465856,0.03625616,-3.524595,0.9885215,0.03485492,0.1470046,0.0,0.0,0.0,0.0,0.0,0.0,0.0,-3.682465,0.1281766,-1.110811,1.599342,0.02238646,-3.500354,0.03282381,0.6569209,0.00662133,0.7532155,2.335303,82.24906,3.046363,0.36917,0.0102629,-0.929305,0.1674491,0.005996082,-0.0309743,3.490415,-0.02850101,-3.198425,-0.04262167,0.02947314,1.914999,0.1368222,0.05309987,-0.9891714,0.03315072,0.9977575,0.05814619,0.9900407,-0.04074743,0.1347551,moving,81.54144,13.33857,-1.275008,0.8817514,-3.5593186895063607,1.6439352065416557,83.74805304584703,2.4081111853789796,82.79072577634845
139,05/05/2023 11:21:45.295993,321,True,True,True,True,Eyes,1.47228,0.03554971,-3.523068,0.988382,0.03290724,0.1483856,0.0,0.0,0.0,0.0,0.0,0.0,0.0,-3.682633,0.1342004,-1.109234,1.609026,0.02012577,-3.49583,0.03365493,0.6556726,0.006818653,0.7542642,2.397257,82.06541,3.122276,0.3706563,0.01018648,-0.928714,0.1574021,0.005636317,-0.02911584,3.499509,-0.03534046,-3.191784,-0.03876522,0.02680681,1.914999,0.1400941,0.05441936,-0.9886416,0.0338471,0.9976417,0.05971102,0.9895595,-0.04182781,0.1379218,moving,81.46196,12.50403,-1.159677,0.8019931,-3.520432261881953,1.6035189424792802,83.4462256076854,2.493112328529432,82.59977612733184
140,05/05/2023 11:21:45.306155,322,True,True,True,True,Eyes,1.478873,0.03481961,-3.521429,0.9882398,0.03111021,0.1497143,0.0,0.0,0.0,0.0,0.0,0.0,0.0,-3.682005,0.132216,-1.110021,1.618413,0.01903497,-3.491012,0.03486472,0.6546928,0.005884841,0.7550678,2.576022,81.9252,3.129529,0.3721515,0.01009894,-0.9281168,0.147958,0.005298138,-0.02736889,3.508437,-0.04496738,-3.186512,-0.03473839,0.02402181,1.915,0.1426855,0.05453826,-0.9882644,0.03676445,0.9974996,0.06035597,0.989085,-0.04494492,0.1403237,moving,81.38544,11.73885,-1.03924,0.7186821,-3.4850001009951117,1.5665551096293435,83.15811429828476,2.588557728171721,82.40640490586247
141,05/05/2023 11:21:45.326055,323,True,True,True,True,Eyes,1.485575,0.03409809,-3.519655,0.9880952,0.0293234,0.1510236,0.0,0.0,0.0,0.0,0.0,0.0,0.0,-3.680225,0.1341474,-1.115273,1.628965,0.01790529,-3.485977,0.03458166,0.6540899,0.006198348,0.7556006,2.530505,81.83179,3.133307,0.3736596,0.01000079,-0.9275118,0.1390805,0.00498025,-0.02572676,3.518975,-0.04689264,-3.182139,-0.03109583,0.02150289,1.915,0.144256,0.05460598,-0.9880326,0.03587208,0.9975314,0.06036839,0.9888899,-0.04415129,0.1419411,moving,81.30999,10.98808,-0.9302891,0.6433281,-3.450257834108096,1.5302968884393198,82.88834295797238,2.6715081981060576,82.22508622497608
142,05/05/2023 11:21:45.346071,324,True,True,True,True,Eyes,1.492425,0.03357236,-3.517787,0.9879735,0.02732159,0.1521905,0.0,0.0,0.0,0.0,0.0,0.0,0.0,-3.677614,0.1329561,-1.12195,1.63827,0.01740319,-3.480956,0.0352001,0.6537361,0.005759442,0.7558817,2.618406,81.78259,3.140651,0.3751825,0.009893358,-0.9268979,0.1307357,0.004681435,-0.02418315,3.528373,-0.05276103,-3.179442,-0.02727485,0.0188612,1.915001,0.145192,0.05473006,-0.9878887,0.03731623,0.9974556,0.06074453,0.9886997,-0.04568391,0.1427803,moving,81.24282,10.17746,-0.8159935,0.5642987,-3.411874144662333,1.4907821330984854,82.61998392161306,2.756259761549786,82.04661405701567
143,05/05/2023 11:21:45.355922,325,True,True,True,True,Eyes,1.499427,0.03323391,-3.515769,0.9878374,0.02611491,0.1532819,0.0,0.0,0.0,0.0,0.0,0.0,0.0,-3.674554,0.1169194,-1.132911,1.648535,0.02155389,-3.475827,0.03785968,0.6536969,0.002997593,0.7558029,3.05588,81.79607,3.101539,0.3767228,0.009782692,-0.9262741,0.1228915,0.004400549,-0.02273216,3.53859,-0.06578266,-3.179037,-0.02321348,0.01605236,1.915,0.1453426,0.05402869,-0.9879051,0.04496633,0.9971153,0.06114794,0.988359,-0.05330987,0.1424939,moving,81.1798,9.668749,-0.6945007,0.4802667,-3.3890588266973163,1.4665187485618278,82.38828388849615,2.8693791317013084,81.8647123194157
144,05/05/2023 11:21:45.376011,326,True,True,True,True,Eyes,1.506543,0.03294092,-3.513586,0.9879345,0.02396994,0.1530063,0.0,0.0,0.0,0.0,0.0,0.0,0.0,-3.669349,0.1236762,-1.147429,1.659178,0.02555223,-3.470227,0.03035735,0.6542564,0.007928311,0.7556217,2.034603,81.82809,2.965648,0.3782837,0.009674024,-0.9256389,0.115518,0.004136516,-0.02136823,3.551103,-0.02995401,-3.178113,-0.01955074,0.0135196,1.915,0.1437715,0.0517046,-0.9882594,0.02774138,0.9980311,0.05625165,0.989222,-0.03550306,0.142054,moving,81.19627,8.90358,-0.5849273,0.4044924,-3.347955800205492,1.4271739528582277,82.22164387710818,2.94621860212448,81.77397980322394
145,05/05/2023 11:21:45.395626,327,True,True,True,True,Eyes,1.513741,0.03276,-3.51126,0.9880217,0.02177949,0.1527698,0.0,0.0,0.0,0.0,0.0,0.0,0.0,-3.663929,0.130586,-1.161041,1.669034,0.0264442,-3.464545,0.0244393,0.6547157,0.01168636,0.7553897,1.238825,81.86342,2.846979,0.3798667,0.00956838,-0.9249915,0.108587,0.003888325,-0.02008614,3.562242,-0.004936324,-3.177547,-0.01563832,0.01081402,1.915001,0.1424217,0.04965711,-0.9885598,0.01434606,0.9985323,0.05222489,0.9897022,-0.0216199,0.1415003,moving,81.21043,8.113647,-0.4678797,0.3235461,-3.3056959078284978,1.3866286102124934,82.04896067276718,3.0304034802207136,81.67330271993518
146,05/05/2023 11:21:45.406079,328,True,True,True,True,Eyes,1.696826,0.03056437,-3.450418,0.9884946,-0.026386,0.148937,1.884718,3.55986,-0.0191658,-3.169714,-0.784296,-0.527029,0.3272921,-0.01853311,0.0001827516,1.904262,1.678196,0.02897929,-3.458813,0.02534406,0.6544171,0.01023559,0.7556396,1.427114,81.82275,2.788832,0.3814722,0.009468434,-0.9243316,0.1020717,0.003655026,-0.01888097,3.571617,-0.01126233,-3.174625,-0.01161015,0.008028663,1.915001,0.1432669,0.04864,-0.9884883,0.01770233,0.9985058,0.05169864,0.9895259,-0.02490526,0.1421918,moving,81.43167,-10.04641,-0.3473651,0.2402118,-2.340528463579223,0.4571878892800525,82.4234503642214,2.0049386068490245,81.78838893143107
147,05/05/2023 11:21:45.426109,329,True,True,True,True,Eyes,1.697164,0.03061944,-3.450205,0.988481,-0.02658208,0.1489919,0.0,0.0,0.0,0.0,0.0,0.0,0.0,-3.657894,0.1208431,-1.175063,1.688493,0.03117374,-3.453053,0.02131619,0.6540892,0.01241379,0.7560152,0.9162719,81.75279,2.67447,0.3894652,0.009305635,-0.9209939,0.645202,-0.003151178,0.164778,3.582363,0.00562441,-3.17034,-0.0078789,0.005448201,1.915001,0.1440264,0.04665541,-0.9884735,0.00911536,0.998783,0.04847018,0.989532,-0.01599128,0.1434258,moving,81.42844,-10.11587,-0.235731,0.1630067,-2.337085423609796,0.4537372860596145,82.3085179755476,2.1213709452368357,81.67154835097796
148,05/05/2023 11:21:45.446089,330,True,True,True,True,Eyes,1.697852,0.03075378,-3.449788,0.9884385,-0.02744842,0.1491173,0.0,0.0,0.0,0.0,0.0,0.0,0.0,-3.655924,0.1111225,-1.178767,1.696944,0.03259195,-3.447744,0.02295288,0.6535079,0.01058126,0.7564975,1.197438,81.6724,2.637639,0.3960536,0.009163853,-0.9181813,0.6064898,-0.002962107,0.1548913,3.590791,-0.004824789,-3.166325,-0.00403738,0.002791714,1.915,0.1456308,0.04600918,-0.9882685,0.01399038,0.9987224,0.04855747,0.98924,-0.02089771,0.144801,moving,81.42097,-10.42984,-0.1207961,0.08352653,-2.321087484055515,0.4379574173484966,82.21672879956508,2.228655071709298,81.54730039735134
149,05/05/2023 11:21:45.455763,331,True,True,True,True,Eyes,1.698871,0.03091707,-3.449189,0.9883915,-0.02818996,0.1492906,0.0,0.0,0.0,0.0,0.0,0.0,0.0,-3.653985,0.1056218,-1.183224,1.706147,0.03487517,-3.442475,0.02709964,0.6528681,0.008418245,0.7569399,1.721057,81.59764,2.759911,0.4015087,0.009042542,-0.9158102,0.5701004,-0.002784381,0.1455978,3.599731,-0.02261198,-3.16273,-4.264712e-05,2.927054e-05,1.914999,0.1473848,0.04812919,-0.9879075,0.02264077,0.9983895,0.05201761,0.98882,-0.03003359,0.1460578,moving,81.41074,-10.69304,-0.00127598,0.0008757592,-2.307918467794744,0.4248308268339409,82.11136450085726,2.3452798267738597,81.41548288476399
150,05/05/2023 11:21:45.475941,332,True,True,True,True,Eyes,1.700194,0.03102463,-3.448452,0.9883083,-0.02948343,0.1495904,1.917541,3.595315,-0.02551106,-3.161607,-0.9093639,-0.378476,-0.1726646,0.004005194,-0.008687249,1.901302,1.715115,0.03571999,-3.437537,0.027596,0.6523091,0.01076719,0.7573742,1.590387,81.51678,2.999772,0.4060504,0.008939956,-0.9138066,0.5358944,-0.002617318,0.136862,3.608944,-0.01983745,-3.15902,0.003775477,-0.002610761,1.915,0.148754,0.05231182,-0.9874897,0.01969266,0.9982451,0.05584806,0.9886782,-0.02775392,0.1474628,moving,81.39304,-11.14977,0.1129601,-0.07811251,-2.285063145458333,0.402050968353004,82.03068321138291,2.445623121354264,81.2815773449613
151,05/05/2023 11:21:45.495857,333,True,True,True,True,Eyes,1.701791,0.03110704,-3.447568,0.9881981,-0.03129303,0.1499509,1.926372,3.605429,-0.02917499,-3.158707,-0.7747284,0.5864921,-0.2362686,0.009890825,0.002967155,1.902683,1.723664,0.03463413,-3.432925,0.03243734,0.6514379,0.01057316,0.7579347,2.028421,81.41673,3.343725,0.4098568,0.008852369,-0.9121066,0.5037407,-0.002460279,0.1286502,3.617045,-0.03797166,-3.155165,0.007637262,-0.005281352,1.915001,0.1510339,0.05828935,-0.9868087,0.02623428,0.9976721,0.06294628,0.9881805,-0.03539524,0.1491531,moving,81.37166,-11.78779,0.2285015,-0.1580147,-2.252931800369268,0.3701434083268844,81.97233585109439,2.537018370365684,81.14256154299103
152,05/05/2023 11:21:45.505974,334,True,True,True,True,Eyes,1.703666,0.03123823,-3.446526,0.9880533,-0.03359014,0.1504071,0.0,0.0,0.0,0.0,0.0,0.0,0.0,-3.649523,0.1415983,-1.190095,1.731893,0.03423864,-3.428523,0.03973745,0.6502838,0.008258357,0.7586064,2.840148,81.29832,3.686082,0.4131576,0.0087767,-0.9106169,0.4735163,-0.002312662,0.1209312,3.62399,-0.06785505,-3.151093,0.01152933,-0.007972708,1.915,0.1541256,0.06421093,-0.9859625,0.03915156,0.9967055,0.07103073,0.9872752,-0.04954962,0.1511039,moving,81.34456,-12.58918,0.3449471,-0.2385378,-2.2125879456535005,0.3300719555321239,81.93580202025404,2.6199814052454946,80.99669880805568
153,05/05/2023 11:21:45.526022,335,True,True,True,True,Eyes,1.705815,0.03144177,-3.445345,0.9878836,-0.03580254,0.151011,0.0,0.0,0.0,0.0,0.0,0.0,0.0,-3.650054,0.1451765,-1.187279,1.740482,0.03571423,-3.423894,0.04480841,0.6488424,0.006897315,0.7595711,3.389292,81.12605,3.941932,0.4161744,0.008711948,-0.9092427,0.4451053,-0.002173902,0.1136754,3.631168,-0.08701512,-3.144934,0.01534542,-0.0106116,1.915001,0.1579119,0.0686252,-0.9850658,0.0476692,0.9958892,0.0770209,0.986302,-0.05911981,0.1539915,moving,81.30887,-13.33774,0.4591169,-0.3174901,-2.1755365386772514,0.2929078793612056,81.89144939362967,2.7044379148248363,80.84429407420116
154,05/05/2023 11:21:45.545980,336,True,True,True,True,Eyes,1.708246,0.03165668,-3.444055,0.987691,-0.03770459,0.1518049,0.0,0.0,0.0,0.0,0.0,0.0,0.0,-3.651958,0.1496719,-1.18085,1.749221,0.03765721,-3.419416,0.04539822,0.6471732,0.007576411,0.7609523,3.398789,80.88071,4.03785,0.4189434,0.00865892,-0.9079707,0.418399,-0.002043468,0.1068548,3.639184,-0.087771,-3.136429,0.01924178,-0.01330581,1.915,0.1622189,0.07029161,-0.984248,0.04723046,0.9957632,0.07889826,0.9856237,-0.05928526,0.1582117,moving,81.2622,-13.94859,0.5756844,-0.3980962,-2.146371464054443,0.2630301062575317,81.81643894653985,2.801191910572874,80.67821393920408
155,05/05/2023 11:21:45.555835,337,True,True,True,True,Eyes,1.710928,0.0318424,-3.442641,0.9874775,-0.03941612,0.1527566,0.0,0.0,0.0,0.0,0.0,0.0,0.0,-3.65399,0.1563731,-1.1744,1.758315,0.03803939,-3.414994,0.04327834,0.6455571,0.00947025,0.7624261,3.082045,80.61882,4.038103,0.4214973,0.008616745,-0.9067885,0.3932951,-0.00192086,0.1004435,3.64816,-0.0792468,-3.127331,0.02316168,-0.01601603,1.915001,0.1663328,0.07031801,-0.9835594,0.04143655,0.9960746,0.07822025,0.9851988,-0.0537659,0.1627661,moving,81.2064,-14.46856,0.692951,-0.4791797,-2.122525774106287,0.2380090854435868,81.71975422780974,2.905386242739163,80.50207879912236
156,05/05/2023 11:21:45.575985,338,True,True,True,True,Eyes,1.713839,0.03202464,-3.441102,0.9873077,-0.04054981,0.1535555,0.0,0.0,0.0,0.0,0.0,0.0,0.0,-3.656502,0.1589374,-1.166508,1.767008,0.0375,-3.410614,0.04199276,0.6438037,0.01029512,0.7639681,2.917972,80.34448,4.007733,0.4238641,0.008583596,-0.9056849,0.3696974,-0.001805608,0.09441693,3.656321,-0.07666709,-3.117762,0.02694374,-0.01863204,1.915,0.1708215,0.0698005,-0.9828264,0.03833991,0.9962612,0.07741835,0.9845557,-0.0509062,0.1675067,moving,81.15965,-14.79257,0.8060891,-0.557443,-2.1083973699915486,0.222724478398685,81.60473999723385,3.0171000444325276,80.33909657017614
157,05/05/2023 11:21:45.595566,339,True,True,True,True,Eyes,1.716977,0.03222056,-3.439459,0.9871063,-0.04165158,0.154552,0.0,0.0,0.0,0.0,0.0,0.0,0.0,-3.660128,0.1563508,-1.156106,1.775467,0.03757003,-3.406444,0.04234364,0.6417649,0.009785797,0.765669,2.996908,80.04201,3.981228,0.4260692,0.008558483,-0.9046499,0.3475155,-0.001697272,0.08875191,3.663623,-0.08163623,-3.107642,0.03080556,-0.0213025,1.915,0.176084,0.06933469,-0.9819303,0.03936397,0.9962225,0.07740278,0.9835878,-0.05228206,0.1726896,moving,81.1014,-15.08281,0.9216065,-0.6373332,-2.0967400585639497,0.2094522212063942,81.47067623189328,3.1348782268475004,80.16207635910094
158,05/05/2023 11:21:45.605961,340,True,True,True,True,Eyes,1.720323,0.03240352,-3.43769,0.9869394,-0.04231851,0.1554339,0.0,0.0,0.0,0.0,0.0,0.0,0.0,-3.664483,0.1521512,-1.143953,1.784073,0.03809617,-3.402329,0.04207418,0.6395534,0.009360756,0.7675374,3.01593,79.70887,3.915282,0.4281347,0.008540967,-0.9036744,0.3266646,-0.001595436,0.0834268,3.671025,-0.08422831,-3.096614,0.03474665,-0.02402795,1.915001,0.1817676,0.06818683,-0.9809747,0.03944791,0.9962843,0.07656042,0.98255,-0.05261361,0.1784024,moving,81.04996,-15.23023,1.039487,-0.7188653,-2.092151859342604,0.2032705938772263,81.31577642216875,3.264582140507633,79.98941732796722
159,05/05/2023 11:21:45.635884,341,True,True,True,True,Eyes,1.723867,0.03257732,-3.435825,0.9867339,-0.04313128,0.1565115,0.0,0.0,0.0,0.0,0.0,0.0,0.0,-3.669294,0.1432575,-1.130772,1.792585,0.03798241,-3.398246,0.04145117,0.6372628,0.008325348,0.7694861,3.048503,79.36118,3.769117,0.4300808,0.008529956,-0.9027499,0.3070647,-0.001499709,0.07842119,3.678168,-0.08787944,-3.084948,0.03853044,-0.02664412,1.915001,0.1876537,0.06564306,-0.9800395,0.0400181,0.996425,0.07440306,0.9814198,-0.05318133,0.1843559,moving,80.98708,-15.40709,1.152654,-0.7971261,-2.0867185863444417,0.1958843826166401,81.16025270973951,3.3881565152375135,79.81005101632147
160,05/05/2023 11:21:45.645788,342,True,True,True,True,Eyes,1.727596,0.03274829,-3.433823,0.9865538,-0.04378198,0.157464,0.0,0.0,0.0,0.0,0.0,0.0,0.0,-3.674162,0.1264309,-1.117673,1.800883,0.0379676,-3.394116,0.04195267,0.6349791,0.00571847,0.7713683,3.294013,79.024,3.566271,0.4319245,0.008524568,-0.9018692,0.2886408,-0.001409727,0.07371592,3.684648,-0.09864333,-3.073722,0.0423899,-0.02931309,1.915001,0.1935378,0.06210023,-0.9791254,0.04445605,0.9964145,0.07198413,0.9800851,-0.0574597,0.1900831,moving,80.9315,-15.53829,1.268076,-0.8769634,-2.0832328906905406,0.1906338697291465,81.00133098335881,3.517248244175351,79.63565229095786
161,05/05/2023 11:21:45.655671,343,True,True,True,True,Eyes,1.731506,0.03290556,-3.431728,0.9863368,-0.04452149,0.1586116,0.0,0.0,0.0,0.0,0.0,0.0,0.0,-3.678768,0.108105,-1.105371,1.809316,0.0381348,-3.389953,0.04167035,0.6327943,0.003256493,0.7731911,3.458003,78.69528,3.318058,0.4336811,0.008524177,-0.9010258,0.2713224,-0.001325143,0.06929296,3.691506,-0.1068711,-3.063171,0.04672578,-0.03231141,1.915001,0.1991214,0.0577733,-0.9782705,0.04770174,0.996506,0.06855967,0.9788132,-0.0603169,0.1956698,moving,80.86455,-15.67917,1.397732,-0.966648,-2.0799333707174945,0.1851821415048058,80.81728445478483,3.6634504371653005,79.43513108746708
162,05/05/2023 11:21:45.676032,344,True,True,True,True,Eyes,1.735579,0.03302753,-3.429517,0.9861267,-0.04520293,0.1597213,0.0,0.0,0.0,0.0,0.0,0.0,0.0,-3.683389,0.08802605,-1.09216,1.817594,0.03797399,-3.385678,0.04118243,0.6305352,0.0005827586,0.7750672,3.617962,78.35419,3.034818,0.4353647,0.008527927,-0.9002135,0.255043,-0.001245635,0.06513538,3.697968,-0.1148905,-3.051315,0.05032229,-0.03479837,1.915001,0.20485,0.0528373,-0.9773663,0.05103059,0.9966073,0.06457321,0.9774623,-0.0631034,0.2014586,moving,80.7998,-15.80211,1.505269,-1.041033,-2.0774398151889573,0.1805866508150337,80.65675446427218,3.7852552127551595,79.25950847204213
163,05/05/2023 11:21:45.695553,345,True,True,True,True,Eyes,1.739808,0.03311543,-3.427212,0.9858723,-0.04599755,0.1610596,0.0,0.0,0.0,0.0,0.0,0.0,0.0,-3.688009,0.06951956,-1.077776,1.825748,0.03728316,-3.381286,0.04138127,0.6281322,-0.002237359,0.7770023,3.848436,77.99811,2.786738,0.4369871,0.008534498,-0.8994271,0.2397404,-0.001170897,0.06122726,3.703957,-0.1257534,-3.03885,0.05386415,-0.03724756,1.915,0.2108899,0.04850895,-0.9763055,0.05546268,0.9965652,0.06149597,0.9759352,-0.0671174,0.2074751,moving,80.72169,-15.93899,1.611162,-1.114286,-2.0750305606295703,0.1756242099658247,80.48756108322826,3.9053660447920717,79.07210160092839
164,05/05/2023 11:21:45.706094,346,True,True,True,True,Eyes,1.744188,0.03316496,-3.424802,0.9856035,-0.04681627,0.1624628,0.0,0.0,0.0,0.0,0.0,0.0,0.0,-3.693062,0.05667005,-1.060474,1.833753,0.03657295,-3.376765,0.04177239,0.6254075,-0.004361486,0.7791672,4.045622,77.5976,2.611667,0.4385583,0.008542719,-0.8986619,0.225356,-0.001100643,0.05755362,3.709637,-0.1357772,-3.025299,0.05786896,-0.04001684,1.915,0.2176929,0.04545288,-0.9749584,0.05904619,0.9964721,0.05963995,0.9742296,-0.07055078,0.2142411,moving,80.63977,-16.07518,1.730881,-1.197108,-2.0728898365393222,0.1707944444610598,80.29925148873747,4.042255518206339,78.86656700286369
165,05/05/2023 11:21:45.726251,347,True,True,True,True,Eyes,1.748711,0.03317248,-3.422296,0.985276,-0.04776822,0.1641625,0.0,0.0,0.0,0.0,0.0,0.0,0.0,-3.698648,0.04883477,-1.040445,1.841862,0.03575823,-3.372118,0.04293245,0.622337,-0.006134997,0.7815472,4.286487,77.15414,2.520126,0.4400882,0.00855144,-0.8979136,0.2118347,-0.001034604,0.05410041,3.714921,-0.1471664,-3.010123,0.06168503,-0.04265586,1.915,0.2253182,0.04384733,-0.9732981,0.06302649,0.9962384,0.05947141,0.9722444,-0.07474354,0.2217071,moving,80.54052,-16.22401,1.844945,-1.276029,-2.0711436691811125,0.1657655316026964,80.10265701309156,4.173071043757599,78.64935379040402
166,05/05/2023 11:21:45.746112,348,True,True,True,True,Eyes,1.753373,0.03312311,-3.419694,0.9849221,-0.04870581,0.1660008,0.0,0.0,0.0,0.0,0.0,0.0,0.0,-3.70521,0.04929174,-1.015614,1.849873,0.03479385,-3.36738,0.04471987,0.6187109,-0.007060416,0.7843132,4.524507,76.63733,2.544801,0.4415847,0.008559521,-0.8971785,0.1991246,-0.0009725279,0.05085438,3.719551,-0.1584505,-2.99252,0.06545317,-0.04526132,1.915,0.2342938,0.0442622,-0.9711577,0.0664125,0.9959006,0.06141206,0.9698947,-0.07888547,0.2303938,moving,80.43316,-16.35206,1.957562,-1.353943,-2.0709811007840946,0.1620013672640805,79.89595105512728,4.304328848904881,78.42545807671141
167,05/05/2023 11:21:45.755946,349,True,True,True,True,Eyes,1.758162,0.03301198,-3.417001,0.9844977,-0.0498554,0.1681632,0.0,0.0,0.0,0.0,0.0,0.0,0.0,-3.712487,0.05733629,-0.9872146,1.857962,0.03340549,-3.362632,0.04708157,0.6146381,-0.00725096,0.7873695,4.764168,76.06394,2.672038,0.4430551,0.00856555,-0.8964531,0.1871771,-0.0009141762,0.04780312,3.72384,-0.1703077,-2.97355,0.06957892,-0.04811439,1.915001,0.2443349,0.04645788,-0.9685774,0.06929462,0.9954615,0.06522775,0.9672118,-0.08305462,0.2400067,moving,80.30679,-16.51353,2.080848,-1.439254,-2.070226580358428,0.1570240340589466,79.66512285003733,4.4474176477723555,78.17130524354855
168,05/05/2023 11:21:45.775953,350,True,True,True,True,Eyes,1.763063,0.03286734,-3.414218,0.984035,-0.0512058,0.1704494,0.0,0.0,0.0,0.0,0.0,0.0,0.0,-3.719695,0.06403206,-0.9576951,1.865872,0.03155855,-3.357816,0.05019329,0.6104204,-0.008040533,0.7904449,5.115644,75.47906,2.79491,0.4445053,0.008568128,-0.8957349,0.1759465,-0.0008593256,0.04493493,3.727209,-0.1859916,-2.953783,0.07319215,-0.05061303,1.915001,0.2546447,0.04856681,-0.9658144,0.07398921,0.994832,0.06953385,0.9642002,-0.08916627,0.2497353,moving,80.17303,-16.72113,2.188804,-1.513962,-2.067505341417512,0.1498893992381145,79.4531148753735,4.5699639701626324,77.92527151524942
169,05/05/2023 11:21:45.795585,351,True,True,True,True,Eyes,1.768086,0.0326708,-3.411363,0.9834864,-0.05278652,0.1731131,0.0,0.0,0.0,0.0,0.0,0.0,0.0,-3.728841,0.07351197,-0.9197975,1.873598,0.03067717,-3.353263,0.05534973,0.6052272,-0.009274164,0.794072,5.689034,74.77763,3.011038,0.4459405,0.008566733,-0.8950213,0.1653897,-0.0008077661,0.04223884,3.728528,-0.2080325,-2.931084,0.07698542,-0.05323637,1.915,0.2672282,0.0522696,-0.9622146,0.08172702,0.9937007,0.07667738,0.9601613,-0.09912928,0.2612731,moving,80.01707,-16.95778,2.302123,-1.592394,-2.06461571688203,0.1418455884091618,79.21936678705407,4.69850976071372,77.65119084771449
170,05/05/2023 11:21:45.805926,352,True,True,True,True,Eyes,1.773208,0.03244954,-3.408422,0.9829121,-0.054497,0.1758239,0.0,0.0,0.0,0.0,0.0,0.0,0.0,-3.73743,0.08468354,-0.8831377,1.881635,0.0296201,-3.34874,0.05935603,0.6001373,-0.009819468,0.7976313,6.112127,74.08668,3.204312,0.4473655,0.008560413,-0.8943099,0.1554663,-0.0007593001,0.03970451,3.730516,-0.2252943,-2.908806,0.0808585,-0.05591461,1.914999,0.2794777,0.0555789,-0.9585422,0.08690816,0.9927608,0.0829024,0.9562108,-0.1064745,0.2726243,moving,79.85816,-17.22094,2.417808,-1.672461,-2.060516761165588,0.1325288049911499,78.9858425105243,4.8283931967675136,77.37145218591519
171,05/05/2023 11:21:45.826095,353,True,True,True,True,Eyes,1.778436,0.03219569,-3.405412,0.982248,-0.05635856,0.1789204,0.0,0.0,0.0,0.0,0.0,0.0,0.0,-3.745964,0.09013364,-0.8447917,1.889332,0.0288324,-3.344195,0.0627657,0.5949261,-0.01092312,0.8012516,6.521678,73.3755,3.299193,0.4487844,0.008549022,-0.8935988,0.1461383,-0.0007137421,0.03732223,3.731748,-0.2419596,-2.885916,0.08475649,-0.05861001,1.914999,0.2918874,0.05717756,-0.954742,0.09218621,0.9918823,0.08758532,0.9519995,-0.1135791,0.284247,moving,79.67653,-17.48403,2.534216,-1.753034,-2.057807162176557,0.1237974534189216,78.72992343719515,4.960763351189872,77.06796272671994
172,05/05/2023 11:21:45.845969,354,True,True,True,True,Eyes,1.783786,0.03191107,-3.402348,0.9815501,-0.05817508,0.1821403,0.0,0.0,0.0,0.0,0.0,0.0,0.0,-3.754538,0.09059265,-0.8053161,1.897201,0.02784085,-3.339633,0.06493869,0.5896336,-0.0122512,0.8049628,6.834043,72.64146,3.282748,0.4502004,0.00853222,-0.8928864,0.13737,-0.0006709176,0.0350829,3.733074,-0.2557518,-2.862157,0.08863819,-0.0612944,1.914999,0.3043643,0.05685653,-0.9508573,0.09630357,0.9912658,0.090099,0.947675,-0.1189939,0.2962304,moving,79.48754,-17.71334,2.650117,-1.833271,-2.0573166821258715,0.1169729328246118,78.46123988776681,5.09542768265161,76.7575450947192
173,05/05/2023 11:21:45.856007,355,True,True,True,True,Eyes,1.789242,0.03158534,-3.399227,0.9807611,-0.06007951,0.185737,0.0,0.0,0.0,0.0,0.0,0.0,0.0,-3.763019,0.08952405,-0.7655898,1.905459,0.02675041,-3.33511,0.06616051,0.5843111,-0.01340177,0.8087174,7.046331,71.89535,3.213892,0.451617,0.008509743,-0.892171,0.1291278,-0.0006306625,0.03297792,3.734902,-0.2664752,-2.838058,0.09261703,-0.06404579,1.915,0.3168018,0.05564016,-0.9468585,0.09899313,0.9908864,0.09134869,0.9433118,-0.1226719,0.3084066,moving,79.2763,-17.92461,2.768895,-1.915502,-2.0591286077552877,0.1116359138677385,78.16440723749966,5.2363250547385265,76.42168169913869
174,05/05/2023 11:21:45.875790,356,True,True,True,True,Eyes,1.794804,0.03122558,-3.396021,0.9799169,-0.06216779,0.1894674,0.0,0.0,0.0,0.0,0.0,0.0,0.0,-3.771307,0.08638677,-0.7250807,1.913557,0.02546291,-3.330706,0.06728002,0.578922,-0.01485215,0.8124667,7.268659,71.14084,3.107045,0.453037,0.008481081,-0.891451,0.1213801,-0.0005928227,0.03099925,3.736131,-0.2776808,-2.813702,0.0964129,-0.06667082,1.915,0.3292573,0.05376603,-0.9427083,0.1020335,0.9905056,0.09212908,0.9387112,-0.126522,0.3206453,moving,79.05686,-18.16563,2.882189,-1.99395,-2.059881607150156,0.104995563657936,77.87235540280416,5.3693234550785665,76.08296272011187
175,05/05/2023 11:21:45.895902,357,True,True,True,True,Eyes,1.800473,0.03082147,-3.392771,0.9789866,-0.06425186,0.193538,0.0,0.0,0.0,0.0,0.0,0.0,0.0,-3.779246,0.08103402,-0.6857438,1.922061,0.02431842,-3.32635,0.06804901,0.5736346,-0.01643675,0.8161144,7.465484,70.39894,2.96237,0.4544628,0.008445974,-0.8907254,0.1140973,-0.0005572534,0.02913929,3.737745,-0.2880039,-2.789855,0.1002511,-0.069325,1.915,0.3413464,0.051242,-0.9385399,0.1048991,0.9901984,0.09221416,0.9340658,-0.1299289,0.3326253,moving,78.81726,-18.36543,2.996725,-2.073261,-2.06402428667274,0.1009683206568152,77.55119791731644,5.508035628185646,75.7226845927382
176,05/05/2023 11:21:45.906088,358,True,True,True,True,Eyes,1.806254,0.03039227,-3.389465,0.9779624,-0.06666689,0.1978511,0.0,0.0,0.0,0.0,0.0,0.0,0.0,-3.786641,0.07749832,-0.6470398,1.930404,0.02285306,-3.322098,0.06818832,0.5684408,-0.01751762,0.8197064,7.568086,69.66689,2.821943,0.4558962,0.008403909,-0.889993,0.1072515,-0.0005238182,0.02739094,3.73957,-0.2956028,-2.766427,0.1041783,-0.07204063,1.915,0.3531364,0.04880343,-0.9342981,0.1062407,0.990087,0.09187334,0.9295201,-0.1317043,0.3444508,moving,78.56289,-18.6215,3.113891,-2.154402,-2.0661189678295004,0.0944569752171471,77.22510451040908,5.647111647313846,75.34438456839011
177,05/05/2023 11:21:45.926119,359,True,True,True,True,Eyes,1.9538,0.0193342,-3.305797,0.9421661,-0.124122,0.3113146,0.0,0.0,0.0,0.0,0.0,0.0,0.0,-3.793609,0.07398529,-0.6101584,1.939138,0.02186509,-3.317906,0.06862819,0.5633825,-0.01865258,0.8231298,7.700617,68.96006,2.696481,0.4573394,0.008354923,-0.8892527,0.1008164,-0.0004923891,0.02574748,3.741642,-0.3036256,-2.743889,0.1079912,-0.07467673,1.915,0.3645045,0.04662085,-0.9300339,0.1080348,0.9898846,0.09196272,0.9249135,-0.1339969,0.3557807,moving,71.71519,-21.73732,3.227622,-2.233157,-2.320474954661811,0.1113330906575296,71.21066875746355,6.023123243261673,68.38174349101399
178,05/05/2023 11:21:45.946023,360,True,True,True,True,Eyes,1.954165,0.01929523,-3.305626,0.9420244,-0.1242787,0.3116809,0.0,0.0,0.0,0.0,0.0,0.0,0.0,-3.800015,0.07537192,-0.5742546,1.948025,0.02110076,-3.313657,0.0683766,0.5584105,-0.0187148,0.8265302,7.696852,68.26333,2.6274,0.4636026,0.007958394,-0.8860072,0.5374053,-0.03363705,0.2752059,3.744577,-0.3069205,-2.721587,0.1119364,-0.07740501,1.915,0.3756551,0.04542771,-0.9256455,0.1073011,0.9899487,0.09212957,0.9205268,-0.1339317,0.3670048,moving,71.69254,-21.73899,3.345271,-2.314657,-2.3217688577599542,0.1118282185969574,71.05388020546978,6.164671221201459,68.23302417130674
179,05/05/2023 11:21:45.955731,361,True,True,True,True,Eyes,1.954875,0.01920114,-3.305293,0.9417433,-0.1243688,0.3124932,0.0,0.0,0.0,0.0,0.0,0.0,0.0,-3.806037,0.08133456,-0.5393664,1.957213,0.02009972,-3.309435,0.06690054,0.5535412,-0.01754812,0.8299449,7.497026,67.57374,2.597758,0.4688118,0.007626517,-0.8832648,0.5051609,-0.03161883,0.2586935,3.748806,-0.3039748,-2.699293,0.1159687,-0.08019399,1.914999,0.3865684,0.04493645,-0.9211653,0.1031923,0.9904328,0.0916203,0.9164694,-0.1304747,0.3782329,moving,71.64291,-21.702,3.465491,-2.397961,-2.326734235188032,0.1149808941722883,70.85764872767852,6.3138538262011785,68.0547798483655
180,05/05/2023 11:21:45.975903,362,True,True,True,True,Eyes,1.95594,0.01905615,-3.304836,0.9412954,-0.1247521,0.3136874,0.0,0.0,0.0,0.0,0.0,0.0,0.0,-3.811848,0.0876638,-0.5037138,1.966317,0.01866881,-3.305274,0.06629462,0.5485384,-0.01680792,0.8333237,7.407725,66.87747,2.584559,0.4731691,0.007346383,-0.8809406,0.4748513,-0.0297217,0.2431719,3.75204,-0.3048769,-2.67685,0.1196985,-0.08277299,1.915,0.3976461,0.04471742,-0.9164487,0.1007432,0.990645,0.09205015,0.9119915,-0.1289293,0.3894211,moving,71.56931,-21.6875,3.576661,-2.474983,-2.331982954431627,0.1176034216468027,70.6549441123018,6.452408676916612,67.86257161877545
181,05/05/2023 11:21:45.995553,363,True,True,True,True,Eyes,1.957327,0.01888451,-3.304225,0.940691,-0.1251179,0.3153507,0.0,0.0,0.0,0.0,0.0,0.0,0.0,-3.81769,0.09549098,-0.4652026,1.975586,0.01725985,-3.301068,0.06613701,0.5431617,-0.01608735,0.8368647,7.363944,66.13775,2.596037,0.4768391,0.007107362,-0.8789615,0.4463602,-0.0279384,0.2285816,3.754592,-0.3072785,-2.653305,0.1235425,-0.08543103,1.915,0.4094332,0.04492031,-0.9112337,0.09877206,0.9907342,0.09321938,0.9069777,-0.1281715,0.4012026,moving,71.46716,-21.6411,3.69121,-2.554357,-2.34064464558809,0.1225798342945028,70.41223726562416,6.599186410483136,67.63839519103632
182,05/05/2023 11:21:46.006088,364,True,True,True,True,Eyes,1.959038,0.01868735,-3.303468,0.9399093,-0.1257667,0.3174165,0.0,0.0,0.0,0.0,0.0,0.0,0.0,-3.823511,0.1025021,-0.423189,1.9848,0.01644794,-3.296836,0.0662332,0.5373863,-0.01555408,0.8405874,7.35789,65.34882,2.602722,0.480152,0.00688876,-0.8771579,0.4195786,-0.02626209,0.2148667,3.756142,-0.3103785,-2.628428,0.1274515,-0.08813456,1.915,0.4219481,0.04503651,-0.9055007,0.09733475,0.9907425,0.09463249,0.9013799,-0.1280667,0.4136583,moving,71.33968,-21.61445,3.807666,-2.635079,-2.349816213833789,0.1272003088090709,70.14833881462795,6.74868684956964,67.38711222128528
183,05/05/2023 11:21:46.026089,365,True,True,True,True,Eyes,1.961053,0.01843821,-3.30257,0.9389728,-0.1263161,0.3199599,0.0,0.0,0.0,0.0,0.0,0.0,0.0,-3.829346,0.1084678,-0.3780969,1.99437,0.01563856,-3.292546,0.06551208,0.5312631,-0.01478759,0.8445407,7.25973,64.50797,2.578695,0.4831702,0.006686774,-0.8755005,0.3944039,-0.02468637,0.2019747,3.757612,-0.3104625,-2.601648,0.1312863,-0.09078585,1.915,0.4350815,0.04463086,-0.8992842,0.09458575,0.990979,0.09494303,0.8954092,-0.1263674,0.4269352,moving,71.18319,-21.54347,3.92188,-2.714232,-2.36308020090174,0.1348187446477808,69.84714759084112,6.900566271871962,67.10942677408772
184,05/05/2023 11:21:46.046167,366,True,True,True,True,Eyes,1.963353,0.0181534,-3.301519,0.9378356,-0.1272497,0.3229118,0.0,0.0,0.0,0.0,0.0,0.0,0.0,-3.834735,0.1142603,-0.3320374,2.003769,0.01412238,-3.288345,0.06460269,0.5250397,-0.01405359,0.8485059,7.145469,63.65558,2.540936,0.4859316,0.006498403,-0.8739722,0.3707396,-0.02320519,0.1898562,3.758554,-0.3107537,-2.574627,0.135112,-0.09343158,1.915,0.4482716,0.04398885,-0.8928145,0.09168706,0.991258,0.09487415,0.8891828,-0.1243889,0.4403196,moving,71.0006,-21.50789,4.035793,-2.793208,-2.3760808921718253,0.141304870611318,69.53074642852883,7.051488679484506,66.80620102029611
185,05/05/2023 11:21:46.055810,367,True,True,True,True,Eyes,1.965937,0.01790877,-3.300332,0.9365153,-0.1282034,0.3263478,0.0,0.0,0.0,0.0,0.0,0.0,0.0,-3.8398,0.1199924,-0.2836387,2.013253,0.01304442,-3.284137,0.06520267,0.5184562,-0.01404852,0.8524989,7.223347,62.77185,2.522173,0.4884696,0.006321395,-0.8725576,0.3484952,-0.02181287,0.1784648,3.758003,-0.3170093,-2.547427,0.1391091,-0.0961953,1.915,0.4620117,0.04365675,-0.8857986,0.09156214,0.9911025,0.09660333,0.8821347,-0.1257375,0.4539036,moving,70.78808,-21.44702,4.154771,-2.875694,-2.3922323255937865,0.1498439835594771,69.17291390195845,7.212290387615938,66.46783370317155
186,05/05/2023 11:21:46.075839,368,True,True,True,True,Eyes,1.968795,0.01782566,-3.298978,0.9349834,-0.1294909,0.3302091,0.0,0.0,0.0,0.0,0.0,0.0,0.0,-3.844445,0.1232232,-0.2315853,2.022771,0.01377155,-3.279752,0.06568865,0.5114655,-0.0141243,0.8566731,7.29601,61.83594,2.484326,0.4908144,0.006155642,-0.871242,0.3275855,-0.0205041,0.167757,3.756394,-0.3211757,-2.518336,0.1428537,-0.09878465,1.915,0.4764071,0.04299513,-0.878173,0.09139475,0.990971,0.09809918,0.8744618,-0.1269955,0.4681761,moving,70.54826,-21.41254,4.266206,-2.952966,-2.408665818185674,0.1577398443390505,68.80455329933037,7.364129591419101,66.11051159484113
187,05/05/2023 11:21:46.095878,369,True,True,True,True,Eyes,1.971935,0.01788443,-3.297477,0.9333264,-0.1302112,0.3345848,0.0,0.0,0.0,0.0,0.0,0.0,0.0,-3.848539,0.1214871,-0.1776479,2.032644,0.01762798,-3.274998,0.06594478,0.5042506,-0.01436577,0.8609161,7.355984,60.87139,2.413815,0.4929931,0.006004225,-0.870012,0.3079304,-0.01927386,0.1576915,3.754477,-0.3219661,-2.488224,0.1467259,-0.1014626,1.915,0.4910501,0.04176993,-0.8701295,0.09124082,0.9908898,0.09905794,0.8663401,-0.1280337,0.4827654,moving,70.27793,-21.26461,4.3814,-3.032871,-2.432905433721295,0.1721881121444859,68.37213594005252,7.53041582227595,65.7188677804608
188,05/05/2023 11:21:46.105811,370,True,True,True,True,Eyes,1.975326,0.01793996,-3.295856,0.9315172,-0.1308992,0.3393244,0.0,0.0,0.0,0.0,0.0,0.0,0.0,-3.851827,0.1204461,-0.1231766,2.042701,0.02097227,-3.270043,0.05988181,0.4972123,-0.01120433,0.8654875,6.591846,59.88714,2.316569,0.4950296,0.005869435,-0.868856,0.2894545,-0.01811743,0.14823,3.756205,-0.2962222,-2.455138,0.1506609,-0.1041835,1.915,0.5053087,0.04015353,-0.862004,0.07894235,0.9925773,0.09251206,0.8593203,-0.1147958,0.4983882,moving,69.9848,-21.09484,4.498426,-3.114043,-2.459680137550322,0.1883312676302377,67.91004520999148,7.702007324387702,65.3026505062963
189,05/05/2023 11:21:46.125860,371,True,True,True,True,Eyes,1.978932,0.0179939,-3.294121,0.9295042,-0.1318361,0.3444433,0.0,0.0,0.0,0.0,0.0,0.0,0.0,-3.854045,0.1279924,-0.07263482,2.052141,0.02089766,-3.265517,0.05617483,0.4904763,-0.008446172,0.8696011,6.083902,58.97194,2.329381,0.4969445,0.005749511,-0.867763,0.2720873,-0.01703038,0.1393362,3.756593,-0.2819907,-2.4255,0.1545353,-0.1068629,1.915001,0.5187233,0.04041526,-0.8539864,0.06979446,0.9935461,0.0894141,0.8520886,-0.1059847,0.5125547,moving,69.66698,-20.94441,4.613615,-3.193966,-2.4869471709586053,0.2041229503292587,67.4315842911937,7.8717845281739125,64.86395348791152
190,05/05/2023 11:21:46.145950,372,True,True,True,True,Eyes,1.982751,0.0180434,-3.292262,0.9273249,-0.1330785,0.349798,0.0,0.0,0.0,0.0,0.0,0.0,0.0,-3.855259,0.1411586,-0.01986909,2.061095,0.02108476,-3.261101,0.05978188,0.4831628,-0.008798781,0.8734431,6.48451,58.03869,2.445626,0.4987559,0.005642907,-0.8667237,0.255762,-0.01600856,0.1309761,3.751791,-0.297183,-2.398226,0.1583665,-0.1095122,1.915001,0.5329527,0.04239829,-0.8450822,0.07313921,0.9926974,0.09592964,0.8429782,-0.1129346,0.5259597,moving,69.33293,-20.82901,4.727482,-3.27298,-2.513368328958093,0.218548368645262,66.94832410629563,8.03869913825783,64.41063201716545
191,05/05/2023 11:21:46.155826,373,True,True,True,True,Eyes,1.986746,0.01814604,-3.290279,0.9249349,-0.1344984,0.3555357,0.0,0.0,0.0,0.0,0.0,0.0,0.0,-3.855449,0.152625,0.03298736,2.070095,0.02109312,-3.256245,0.06049876,0.4759132,-0.007860673,0.8773739,6.525306,57.09743,2.526207,0.5004794,0.005548211,-0.8657303,0.2404163,-0.01504804,0.1231175,3.748285,-0.3008617,-2.369557,0.1623634,-0.112276,1.915,0.5468897,0.04379082,-0.8360586,0.0713778,0.9925562,0.09867805,0.8341564,-0.113642,0.5396931,moving,68.97374,-20.72153,4.846236,-3.355398,-2.5409077247054723,0.2332147570469738,66.43733370561645,8.212675199318168,63.92718611315781
192,05/05/2023 11:21:46.176136,374,True,True,True,True,Eyes,1.990905,0.01835319,-3.288134,0.9223931,-0.1361678,0.3614544,0.0,0.0,0.0,0.0,0.0,0.0,0.0,-3.854861,0.1554702,0.08913732,2.078496,0.02240958,-3.251372,0.06278417,0.4682873,-0.008926832,0.8812976,6.835762,56.11739,2.486042,0.5021291,0.005465589,-0.864775,0.2259913,-0.01414516,0.1157304,3.741579,-0.3122071,-2.340263,0.1659496,-0.1147563,1.915,0.5612546,0.04306766,-0.826522,0.07453645,0.9919569,0.1023024,0.8242801,-0.1190237,0.5535303,moving,68.60149,-20.6425,4.952751,-3.429345,-2.567752730908512,0.2467684103658518,65.93523095693338,8.370889210381446,63.444003566924785
193,05/05/2023 11:21:46.195877,375,True,True,True,True,Eyes,1.995232,0.01860866,-3.285836,0.9197186,-0.1373663,0.367761,0.0,0.0,0.0,0.0,0.0,0.0,0.0,-3.853446,0.1465535,0.1450189,2.087033,0.02520585,-3.2458,0.06249051,0.4607989,-0.0100741,0.8852444,6.887661,55.13506,2.294967,0.5037174,0.00539656,-0.8638512,0.2124319,-0.01329645,0.1087866,3.735764,-0.3141862,-2.309663,0.1698193,-0.1174316,1.915,0.5751257,0.03975502,-0.8170984,0.0754272,0.9919869,0.1013545,0.8145804,-0.119923,0.5675187,moving,68.20538,-20.48169,5.067646,-3.509096,-2.6003386179960835,0.2650931557135934,65.37921995361823,8.546490033044597,62.928223323411075
194,05/05/2023 11:21:46.205797,376,True,True,True,True,Eyes,1.999699,0.01882467,-3.283422,0.9169185,-0.1387123,0.3741918,0.0,0.0,0.0,0.0,0.0,0.0,0.0,-3.851161,0.1362324,0.1977307,2.095549,0.02651391,-3.239918,0.05703011,0.453846,-0.008632271,0.8892114,6.272606,54.19382,2.099401,0.5052546,0.005341063,-0.8629534,0.1996859,-0.01249866,0.1022594,3.733407,-0.2957475,-2.277927,0.1737604,-0.120157,1.915,0.5878986,0.03641395,-0.8081146,0.06711761,0.9933461,0.0935882,0.8061455,-0.1092591,0.5815427,moving,67.79977,-20.33966,5.184619,-3.590325,-2.6325197461951904,0.2827058908044488,64.81664414095368,8.723991429293795,62.40086184830003
195,05/05/2023 11:21:46.226106,377,True,True,True,True,Eyes,2.004276,0.01900961,-3.28087,0.9139103,-0.1402378,0.3809215,0.0,0.0,0.0,0.0,0.0,0.0,0.0,-3.847557,0.1394815,0.2493044,2.103209,0.02580624,-3.23437,0.05674245,0.4467722,-0.008419452,0.8928068,6.248638,53.28022,2.056282,0.506751,0.005296679,-0.8620759,0.1877048,-0.01174875,0.09612385,3.727674,-0.2982723,-2.249528,0.1775609,-0.122785,1.915,0.6006473,0.03566801,-0.798718,0.06573579,0.9934188,0.09379693,0.7968071,-0.1088432,0.5943497,moving,67.37343,-20.21139,5.29738,-3.668641,-2.6652441030965406,0.3001495816082467,64.24249783499627,8.896891664389104,61.85760678302171
196,05/05/2023 11:21:46.246131,378,True,True,True,True,Eyes,2.00896,0.0191415,-3.278186,0.9107307,-0.141997,0.3878227,0.0,0.0,0.0,0.0,0.0,0.0,0.0,-3.842423,0.1494592,0.303221,2.110559,0.02529532,-3.228529,0.05948416,0.4392313,-0.008977129,0.8963576,6.576184,52.33123,2.086066,0.5082134,0.005261522,-0.8612148,0.1764425,-0.01104382,0.09035642,3.719238,-0.3120106,-2.221425,0.1814301,-0.1254608,1.915,0.6139905,0.03616117,-0.7884846,0.06834804,0.9927621,0.09875207,0.7863487,-0.1145242,0.607075,moving,66.93391,-20.10965,5.412137,-3.748363,-2.6973820064361727,0.3165812780895649,63.66019372700571,9.071277225381364,61.29929811023413
197,05/05/2023 11:21:46.256153,379,True,True,True,True,Eyes,2.013723,0.01924208,-3.275353,0.9073016,-0.1439213,0.3950828,0.0,0.0,0.0,0.0,0.0,0.0,0.0,-3.835574,0.162397,0.3616842,2.117699,0.02422087,-3.222356,0.06108419,0.4311358,-0.008556517,0.9001764,6.739254,51.31044,2.150569,0.5096492,0.005233287,-0.8603661,0.165856,-0.01038119,0.08493503,3.709878,-0.3208764,-2.190878,0.1854746,-0.1282578,1.915,0.6280974,0.03726642,-0.7772418,0.0680759,0.992391,0.102595,0.7751511,-0.1173511,0.6207812,moving,66.46938,-20.01574,5.532048,-3.831684,-2.7306349352804427,0.333255193452735,63.04983822254709,9.253034517072404,60.710853061263464
198,05/05/2023 11:21:46.275680,380,True,True,True,True,Eyes,2.018581,0.01935759,-3.272377,0.9036655,-0.1459294,0.4026079,0.0,0.0,0.0,0.0,0.0,0.0,0.0,-3.826913,0.1755457,0.4251703,2.12453,0.02362047,-3.216001,0.06390332,0.4223479,-0.008839834,0.9041352,7.066513,50.21279,2.194098,0.5110638,0.005210482,-0.8595267,0.1559046,-0.00975832,0.07983893,3.697384,-0.3344964,-2.158646,0.1891602,-0.1308065,1.915,0.6430882,0.03799406,-0.7648491,0.06996368,0.9916764,0.1080875,0.7625895,-0.1230215,0.6350772,moving,65.98571,-19.92357,5.641272,-3.907591,-2.764964024668248,0.3503307830301976,62.43366704642845,9.423094078530326,60.1151853433352
199,05/05/2023 11:21:46.295896,381,True,True,True,True,Eyes,2.02352,0.01949381,-3.269229,0.8997993,-0.1477361,0.4105304,0.0,0.0,0.0,0.0,0.0,0.0,0.0,-3.816413,0.1838287,0.4932653,2.131415,0.02414168,-3.209143,0.06564631,0.4129917,-0.009103435,0.9083202,7.283273,49.03893,2.177283,0.5124633,0.005192954,-0.8586932,0.1465503,-0.00917282,0.0750486,3.683541,-0.3436318,-2.123822,0.1929743,-0.1334438,1.915,0.65871,0.03768508,-0.7514526,0.07076041,0.9912154,0.1117364,0.7490621,-0.126775,0.6502569,moving,65.47532,-19.7921,5.754261,-3.986125,-2.80298227010507,0.3700898173405242,61.777291408592085,9.60224035934196,59.48914223722063
200,05/05/2023 11:21:46.305881,382,True,True,True,True,Eyes,2.028521,0.01960803,-3.265927,0.895779,-0.1494033,0.4186388,0.0,0.0,0.0,0.0,0.0,0.0,0.0,-3.80532,0.1808718,0.5593485,2.138464,0.02473675,-3.201938,0.06362517,0.4040205,-0.008697515,0.9124932,7.07353,47.89108,2.052284,0.5138523,0.00518073,-0.8578628,0.1377573,-0.008622452,0.07054568,3.671883,-0.3392445,-2.08803,0.1970915,-0.1362909,1.915,0.6733837,0.03553889,-0.7384385,0.06728459,0.9917524,0.1090871,0.7362249,-0.123143,0.6654387,moving,64.95115,-19.6404,5.876181,-4.070886,-2.8429011040658594,0.3912308341596522,61.09223951163647,9.79453313737477,58.839968416630406
201,05/05/2023 11:21:46.326085,383,True,True,True,True,Eyes,2.154443,0.02157472,-3.179314,0.7651317,-0.1886833,0.6156071,0.0,0.0,0.0,0.0,0.0,0.0,0.0,-3.793525,0.1808534,0.6196412,2.144873,0.02433034,-3.194749,0.06345939,0.3956151,-0.009105894,0.9161763,7.093263,46.83046,1.936068,0.5152346,0.005172723,-0.8570334,0.1294919,-0.008105105,0.06631294,3.659452,-0.3430987,-2.055518,0.2007597,-0.1388274,1.915,0.6868116,0.03352577,-0.7260619,0.06689618,0.99178,0.1090751,0.7237505,-0.1234848,0.6789232,moving,51.18065,-17.04028,5.984761,-4.146388,-3.819019982163616,0.8761646964619567,46.99915779466676,11.015450836664392,45.266954315782094
202,05/05/2023 11:21:46.346142,384,True,True,True,True,Eyes,2.154682,0.02154695,-3.179059,0.7646862,-0.1888467,0.6161103,0.0,0.0,0.0,0.0,0.0,0.0,0.0,-3.780577,0.1917102,0.6761904,2.150908,0.02358286,-3.187441,0.06507853,0.3874667,-0.009014423,0.9195397,7.277215,45.82261,1.955781,0.5207652,0.005215041,-0.8536838,0.4994868,-0.001718726,0.3221715,3.64694,-0.3523574,-2.025679,0.2046484,-0.1415166,1.915,0.6995766,0.03385328,-0.7137554,0.06700976,0.9913671,0.112699,0.7114087,-0.1266701,0.6912686,moving,51.14149,-17.04106,6.099819,-4.226419,-3.8213674672257456,0.8771279270683028,46.82912715854441,11.156887207203072,45.10159072267109
203,05/05/2023 11:21:46.355967,385,True,True,True,True,Eyes,2.155106,0.02152398,-3.178514,0.7637317,-0.1893677,0.6171336,0.0,0.0,0.0,0.0,0.0,0.0,0.0,-3.765294,0.209458,0.7361082,2.156135,0.02289929,-3.180207,0.06770343,0.3788196,-0.008561056,0.9229511,7.553974,44.76626,2.051778,0.5253521,0.005253477,-0.8508685,0.4695176,-0.001615603,0.3028412,3.632024,-0.3643469,-1.995582,0.2085965,-0.1442471,1.915,0.7128448,0.03549191,-0.7004232,0.06709766,0.9906859,0.1184877,0.6981047,-0.1314601,0.7038239,moving,51.06005,-17.05865,6.216587,-4.307662,-3.825412676684947,0.8783188712392049,46.62106679183256,11.302042076695676,44.89480764678664
204,05/05/2023 11:21:46.376059,386,True,True,True,True,Eyes,2.155722,0.02152123,-3.177701,0.7623574,-0.190039,0.6186245,0.0,0.0,0.0,0.0,0.0,0.0,0.0,-3.748072,0.2258351,0.7989868,2.161127,0.02306816,-3.172763,0.07213168,0.3696371,-0.009463876,0.926324,8.084359,43.65403,2.071759,0.5291773,0.005288389,-0.8484946,0.4413465,-0.001518667,0.2846708,3.613844,-0.3839715,-1.965347,0.2124178,-0.146889,1.915,0.7265576,0.03579186,-0.6861727,0.07085832,0.9894149,0.1266382,0.6834422,-0.140631,0.7163308,moving,50.94196,-17.07675,6.329552,-4.386251,-3.8316664360878567,0.8804224980990156,46.382277999549196,11.445008075203367,44.65717862850892
205,05/05/2023 11:21:46.395978,387,True,True,True,True,Eyes,2.156498,0.02153195,-3.17661,0.7605188,-0.1909213,0.6206127,0.0,0.0,0.0,0.0,0.0,0.0,0.0,-3.728978,0.2380828,0.8646323,2.165953,0.02358564,-3.165065,0.0757954,0.3600779,-0.01054107,0.9297784,8.542157,42.49149,2.027272,0.5324345,0.00532036,-0.8464543,0.4148657,-0.001427547,0.2675905,3.594192,-0.4010958,-1.933748,0.2162654,-0.14955,1.915,0.7404655,0.03498278,-0.6711833,0.07418622,0.9882879,0.1333546,0.6679875,-0.1485371,0.7291979,moving,50.78423,-17.09965,6.443246,-4.465392,-3.8400862883849047,0.8832971572921284,46.10582758501163,11.591177621565201,44.3810364928266
206,05/05/2023 11:21:46.416226,388,True,True,True,True,Eyes,2.157422,0.02151122,-3.175264,0.7584102,-0.1917703,0.6229271,0.0,0.0,0.0,0.0,0.0,0.0,0.0,-3.709445,0.2481274,0.927357,2.17069,0.02396556,-3.157384,0.07841751,0.3508733,-0.01129817,0.9330654,8.874216,41.36971,1.968878,0.5353869,0.005349422,-0.8445898,0.3899738,-0.001341894,0.2515351,3.575502,-0.4143148,-1.903076,0.2201645,-0.1522463,1.915,0.7535205,0.03394537,-0.6565475,0.07611307,0.9874461,0.1384089,0.6530036,-0.1542658,0.7414773,moving,50.60172,-17.11117,6.558411,-4.545568,-3.850613834638199,0.8873853286095748,45.800736034390155,11.741583363369893,44.07891249595682
207,05/05/2023 11:21:46.426103,389,True,True,True,True,Eyes,2.158463,0.02146433,-3.17366,0.7558716,-0.1929138,0.6256536,0.0,0.0,0.0,0.0,0.0,0.0,0.0,-3.688783,0.264971,0.9868162,2.17495,0.02321555,-3.149634,0.08172748,0.3419079,-0.01164617,0.9361004,9.263441,40.28948,1.978984,0.5380719,0.005375075,-0.8428816,0.3665754,-0.00126138,0.236443,3.556704,-0.4302357,-1.874265,0.2240506,-0.1549339,1.915,0.7659268,0.03408256,-0.6420237,0.0776905,0.98637,0.1450464,0.6382166,-0.1609741,0.7528393,moving,50.38461,-17.13661,6.673139,-4.625465,-3.862522153435469,0.8916515346169245,45.46670700847892,11.892801637820781,43.74499367357154
208,05/05/2023 11:21:46.445979,390,True,True,True,True,Eyes,2.159617,0.02139583,-3.171824,0.7530309,-0.1939886,0.6287391,0.0,0.0,0.0,0.0,0.0,0.0,0.0,-3.666721,0.2865101,1.045419,2.17891,0.02260833,-3.141922,0.08585663,0.3328828,-0.01184748,0.9389769,9.736797,39.21343,2.029933,0.5405223,0.005397008,-0.8413122,0.3445808,-0.001185698,0.2222564,3.537094,-0.4486451,-1.846787,0.228074,-0.1577158,1.915,0.7780974,0.03491136,-0.6271728,0.07940941,0.9849765,0.1533471,0.623104,-0.1691224,0.7636354,moving,50.13999,-17.14688,6.791859,-4.708148,-3.8769032825313694,0.8973939610437718,45.09747792239589,12.051746318197475,43.37950321119051
209,05/05/2023 11:21:46.455580,391,True,True,True,True,Eyes,2.16086,0.0213115,-3.169741,0.7497816,-0.1952537,0.632221,0.0,0.0,0.0,0.0,0.0,0.0,0.0,-3.642871,0.3087659,1.104951,2.182459,0.02204042,-3.13419,0.08965175,0.3236743,-0.01175561,0.9418383,10.16508,38.11771,2.089727,0.542767,0.005415055,-0.8398656,0.323906,-0.001114556,0.208921,3.516239,-0.4652187,-1.818821,0.2317052,-0.160227,1.915,0.7901936,0.03589216,-0.6118054,0.08017968,0.9836487,0.1612649,0.6075898,-0.1764849,0.774395,moving,49.86218,-17.16266,6.898962,-4.782767,-3.893019912868597,0.9037061153125868,44.71129445237493,12.198477368051135,42.995607476916575
210,05/05/2023 11:21:46.476076,392,True,True,True,True,Eyes,2.162192,0.02120433,-3.167425,0.7462807,-0.1963014,0.6360274,0.0,0.0,0.0,0.0,0.0,0.0,0.0,-3.617663,0.3301927,1.164383,2.185944,0.02162264,-3.126257,0.09268206,0.3144165,-0.0112536,0.944683,10.49717,37.01596,2.157666,0.5448321,0.005429223,-0.8385273,0.3044716,-0.001047682,0.1963858,3.495501,-0.478581,-1.79056,0.2355338,-0.1628744,1.915,0.8020313,0.03701936,-0.5961338,0.07954369,0.9825668,0.1680336,0.5919617,-0.1821869,0.7851046,moving,49.56027,-17.15215,7.011829,-4.861414,-3.9119841195835967,0.9119728157132938,44.28805734001185,12.355633872668726,42.58076540052867
211,05/05/2023 11:21:46.495816,393,True,True,True,True,Eyes,2.163595,0.02107959,-3.164881,0.7424084,-0.1974882,0.6401783,0.0,0.0,0.0,0.0,0.0,0.0,0.0,-3.591658,0.3509296,1.222187,2.189277,0.02093408,-3.118258,0.09527919,0.3053017,-0.01059409,0.9474179,10.77818,35.93239,2.222946,0.5467405,0.005439328,-0.837284,0.2862033,-0.0009848214,0.1846026,3.474963,-0.490541,-1.76278,0.2393579,-0.1655191,1.915,0.8133574,0.03810372,-0.5805153,0.07825185,0.9816192,0.1740696,0.5764777,-0.1870072,0.7954255,moving,49.22882,-17.14444,7.124514,-4.939966,-3.9326032317418576,0.9208536191555988,43.83744711269478,12.514353682262696,42.138188207340676
212,05/05/2023 11:21:46.506150,394,True,True,True,True,Eyes,2.165065,0.02092993,-3.162111,0.7383107,-0.1985719,0.6445668,0.0,0.0,0.0,0.0,0.0,0.0,0.0,-3.565122,0.3702305,1.278447,2.192504,0.02042273,-3.110322,0.09759704,0.2963373,-0.009934281,0.9500318,11.03032,34.86758,2.275295,0.5485122,0.005445339,-0.8361244,0.2690311,-0.0009257321,0.1735265,3.454698,-0.5015255,-1.735842,0.2433448,-0.168276,1.915,0.8241711,0.03896752,-0.5649988,0.07671905,0.9807523,0.1795528,0.5611205,-0.1913284,0.805318,moving,48.87809,-17.12251,7.241934,-5.021829,-3.955143423540562,0.930951543360333,43.358920271613044,12.681093763006844,41.67115331075322
213,05/05/2023 11:21:46.526099,395,True,True,True,True,Eyes,2.166593,0.02075682,-3.159106,0.7338938,-0.1996505,0.6492607,0.0,0.0,0.0,0.0,0.0,0.0,0.0,-3.538026,0.3883677,1.332168,2.195431,0.01962686,-3.102068,0.09964667,0.287625,-0.009286219,0.9524999,11.25459,33.83355,2.315872,0.5501651,0.005447039,-0.8350378,0.2528893,-0.0008701882,0.1631149,3.434527,-0.5117834,-1.709326,0.247108,-0.1708783,1.914999,0.8343712,0.0396315,-0.5497764,0.075012,0.9799686,0.184485,0.5460749,-0.1951688,0.8146848,moving,48.50148,-17.09289,7.352711,-5.099084,-3.979665024389489,0.9421034465409496,42.86108459408134,12.84206728382941,41.18642695811064
214,05/05/2023 11:21:46.545815,396,True,True,True,True,Eyes,2.168164,0.02054871,-3.155871,0.7294326,-0.2007437,0.6539343,0.0,0.0,0.0,0.0,0.0,0.0,0.0,-3.510781,0.4017028,1.384324,2.198482,0.01889645,-3.09348,0.1001516,0.2791696,-0.008197132,0.9549696,11.29498,32.82355,2.353096,0.5517151,0.00544427,-0.8340144,0.2377159,-0.0008179769,0.153328,3.415865,-0.5161625,-1.68207,0.2510444,-0.1736003,1.915,0.8439943,0.04026252,-0.534839,0.07157457,0.9798049,0.1867066,0.5315551,-0.1958602,0.824068,moving,48.12386,-17.06536,7.468526,-5.179871,-4.004138698921444,0.9531749012076308,42.35706589721103,13.009084799485242,40.69542552875652
215,05/05/2023 11:21:46.556006,397,True,True,True,True,Eyes,2.169773,0.02031,-3.152404,0.7247005,-0.2017102,0.6588795,0.0,0.0,0.0,0.0,0.0,0.0,0.0,-3.483556,0.4095492,1.434757,2.201128,0.01777894,-3.084824,0.09921668,0.2710649,-0.006911555,0.9574091,11.17048,31.84782,2.369115,0.5531767,0.005436585,-0.8330458,0.223453,-0.0007688983,0.1441283,3.3982,-0.5157588,-1.654527,0.2550645,-0.1763803,1.915,0.8529521,0.04055394,-0.5204114,0.06702268,0.9802165,0.1862349,0.5176685,-0.1937288,0.8333597,moving,47.72367,-17.02151,7.586744,-5.262358,-4.030844159624458,0.9656545590786,41.82404194346333,13.181672696690931,40.1792316008892
216,05/05/2023 11:21:46.576084,398,True,True,True,True,Eyes,2.1714,0.02002455,-3.148707,0.7198877,-0.2029519,0.6637561,0.0,0.0,0.0,0.0,0.0,0.0,0.0,-3.457088,0.4109332,1.482405,2.203771,0.0167855,-3.075866,0.09787238,0.2633312,-0.006296605,0.9597073,11.0213,30.9095,2.30399,0.5545619,0.005423699,-0.8321244,0.2100458,-0.0007227644,0.1354806,3.380832,-0.5146211,-1.627293,0.2588002,-0.1789637,1.915,0.861234,0.03945992,-0.5066743,0.0636315,0.9807627,0.1845415,0.5042093,-0.1911739,0.8421553,moving,47.3231,-17.00168,7.696535,-5.338993,-4.056314033284058,0.9769220878560564,41.30717760582528,13.342422710893768,39.67390634426992
217,05/05/2023 11:21:46.596023,399,True,True,True,True,Eyes,2.173032,0.0196944,-3.144797,0.7148325,-0.2041412,0.6688355,0.0,0.0,0.0,0.0,0.0,0.0,0.0,-3.43099,0.4072877,1.527733,2.205966,0.0153108,-3.066761,0.09633781,0.2559141,-0.006411357,0.9618659,10.87165,30.00328,2.15772,0.5558825,0.005404921,-0.8312429,0.197443,-0.0006793985,0.1273518,3.363395,-0.5143982,-1.60083,0.2626399,-0.1816187,1.915,0.8689337,0.03697468,-0.4935455,0.06164214,0.9813558,0.1820466,0.4910749,-0.1886096,0.8504539,moving,46.90398,-16.97318,7.809326,-5.417729,-4.083369617414922,0.9891057216044414,40.76665818034533,13.508654270445904,39.147161637853976
218,05/05/2023 11:21:46.606104,400,True,True,True,True,Eyes,2.174629,0.01931731,-3.140654,0.709708,-0.2058477,0.6737517,0.0,0.0,0.0,0.0,0.0,0.0,0.0,-3.405747,0.4022126,1.56975,2.207836,0.01390279,-3.057821,0.09553456,0.2488753,-0.007312128,0.9637846,10.82379,29.14301,1.952088,0.5571472,0.005379695,-0.8303959,0.1855965,-0.0006386346,0.1197107,3.34596,-0.5177237,-1.576509,0.2665353,-0.1843123,1.915,0.8760152,0.03345775,-0.4811216,0.06164702,0.9816393,0.1805099,0.4783274,-0.1877891,0.8578684,moving,46.48879,-16.9892,7.923692,-5.497591,-4.107852450146418,0.9989240408985438,40.240823316111275,13.673432982702993,38.626069213292986
219,05/05/2023 11:21:46.626165,401,True,True,True,True,Eyes,2.176217,0.01890306,-3.136299,0.7043989,-0.2075621,0.6787784,0.0,0.0,0.0,0.0,0.0,0.0,0.0,-3.381132,0.4012728,1.606888,2.209392,0.01242019,-3.04854,0.09601153,0.2422755,-0.008513045,0.9654077,10.92393,28.34355,1.755851,0.5583636,0.005347466,-0.8295788,0.1744607,-0.0006003165,0.112528,3.328927,-0.525861,-1.554484,0.2704049,-0.1869878,1.915,0.8824602,0.03008536,-0.469424,0.0629596,0.9814186,0.1812555,0.4661545,-0.1895055,0.8641687,moving,46.06116,-17.00299,8.037235,-5.576896,-4.133210858756532,1.009174391810978,39.703582917697254,13.838210708282096,38.094340280759454
220,05/05/2023 11:21:46.649356,402,True,True,True,True,Eyes,2.177772,0.01843683,-3.131729,0.6990274,-0.2095871,0.6836914,0.0,0.0,0.0,0.0,0.0,0.0,0.0,-3.357572,0.402923,1.639673,2.210848,0.01112515,-3.039111,0.09648559,0.2361992,-0.009178371,0.9668591,11.006,27.61296,1.62471,0.5595399,0.005307949,-0.8287861,0.163993,-0.0005642975,0.1057763,3.313717,-0.5329266,-1.533755,0.2742572,-0.1896517,1.915,0.8882514,0.02783125,-0.4585137,0.06332801,0.9812126,0.1822401,0.4549714,-0.1909118,0.869801,moving,45.63545,-17.04303,8.150209,-5.655837,-4.157076541077212,1.018040272700968,39.17666980802899,14.000354111260284,37.56772619657608
221,05/05/2023 11:21:46.659912,403,True,True,True,True,Eyes,2.179296,0.01793528,-3.126953,0.6935085,-0.2115617,0.6886854,0.0,0.0,0.0,0.0,0.0,0.0,0.0,-3.335144,0.4048139,1.668589,2.211908,0.009468948,-3.029624,0.09681842,0.2306491,-0.009695548,0.9681597,11.06625,26.94654,1.51158,0.5606816,0.00526054,-0.8280144,0.1541535,-0.0005304397,0.09942975,3.300053,-0.5397421,-1.514345,0.2783614,-0.1924896,1.915,0.893414,0.02588848,-0.4484877,0.06343584,0.9810644,0.1829989,0.4447329,-0.1919439,0.8748544,moving,45.19993,-17.07677,8.270498,-5.739907,-4.181870683601388,1.027477864285235,38.63039490509246,14.172472745914646,37.023728881811934
222,05/05/2023 11:21:46.675926,404,True,True,True,True,Eyes,2.18077,0.01739239,-3.121952,0.6879193,-0.213594,0.693646,0.0,0.0,0.0,0.0,0.0,0.0,0.0,-3.313377,0.4059376,1.694917,2.212804,0.008077124,-3.019839,0.09683711,0.2254407,-0.009993413,0.969381,11.08412,26.32176,1.41815,0.5617947,0.005205106,-0.8272601,0.1449042,-0.0004986133,0.09346396,3.287076,-0.5445352,-1.494936,0.2819892,-0.1949986,1.915,0.8981532,0.02428721,-0.4390113,0.0630369,0.9810454,0.1832382,0.4351403,-0.1922499,0.8795981,moving,44.7625,-17.11514,8.376767,-5.814213,-4.206538682455326,1.0367288508644652,38.1002954976286,14.327420777726838,36.494715534223644
223,05/05/2023 11:21:46.696174,405,True,True,True,True,Eyes,2.182199,0.01682459,-3.116749,0.6822766,-0.2154619,0.6986234,0.0,0.0,0.0,0.0,0.0,0.0,0.0,-3.293239,0.4013079,1.718065,2.213584,0.006519949,-3.009688,0.09511551,0.2208378,-0.009776938,0.9706123,10.89203,25.76406,1.343908,0.5628838,0.005141368,-0.8265198,0.13621,-0.0004686965,0.08785613,3.276712,-0.5427145,-1.474764,0.2857093,-0.197571,1.915,0.9022702,0.02303096,-0.4305555,0.06098942,0.981715,0.1803223,0.4268358,-0.1889588,0.8843675,moving,44.32178,-17.14025,8.485675,-5.890378,-4.2321022253491964,1.0467386122162683,37.56043186103441,14.486733394561302,35.95909109747087
224,05/05/2023 11:21:46.715952,406,True,True,True,True,Eyes,2.183577,0.01627877,-3.111334,0.6765426,-0.2174992,0.7035512,0.0,0.0,0.0,0.0,0.0,0.0,0.0,-3.274342,0.3979194,1.737862,2.213974,0.005333958,-2.999685,0.09388268,0.2166818,-0.009646778,0.9716697,10.75597,25.26294,1.279562,0.5639538,0.005069456,-0.8257905,0.1280374,-0.0004405747,0.08258476,3.267477,-0.5425038,-1.456525,0.2897635,-0.2003745,1.915,0.9059119,0.02193838,-0.4228977,0.05943231,0.982186,0.1782653,0.419275,-0.1866265,0.8884701,moving,43.87886,-17.17872,8.6043,-5.973361,-4.257099817758471,1.0561251137104453,37.01154756981233,14.657055648904578,35.41246291458741
225,05/05/2023 11:21:46.725861,407,True,True,True,True,Eyes,2.184906,0.01570266,-3.105699,0.6708301,-0.2190947,0.7085086,0.0,0.0,0.0,0.0,0.0,0.0,0.0,-3.256413,0.3923139,1.754827,2.214133,0.005304353,-2.989171,0.09332644,0.2128419,-0.01024225,0.9725655,10.71315,24.79694,1.154952,0.565008,0.004990792,-0.82507,0.1203551,-0.0004141402,0.07762968,3.257931,-0.5441698,-1.439002,0.2933834,-0.2028778,1.915,0.9091869,0.01980503,-0.415917,0.05965007,0.9823706,0.1771722,0.4120935,-0.1858921,0.891977,moving,43.43528,-17.18337,8.710151,-6.047438,-4.283909993597839,1.0672488904271074,36.46702024535683,14.814330584071497,34.87687131568136
226,05/05/2023 11:21:46.745884,408,True,True,True,True,Eyes,2.186184,0.01505378,-3.099901,0.6649941,-0.2207581,0.7134765,0.0,0.0,0.0,0.0,0.0,0.0,0.0,-3.2403,0.3744242,1.770194,2.214309,0.00392203,-2.978279,0.08857825,0.2096405,-0.009572023,0.9737111,10.16669,24.39647,1.076851,0.5660495,0.004905304,-0.8243564,0.1131338,-0.0003892918,0.0729719,3.252658,-0.5310257,-1.418255,0.2974561,-0.205694,1.915,0.9119185,0.01849841,-0.4099543,0.05577995,0.9841245,0.1684859,0.4065628,-0.1765126,0.8964095,moving,42.98567,-17.19269,8.829174,-6.130752,-4.310843207575802,1.078289542748342,35.90310141636597,14.987672673916373,34.32184077090112
227,05/05/2023 11:21:46.755898,409,True,True,True,True,Eyes,2.18738,0.01437762,-3.093908,0.6591528,-0.222432,0.7183604,0.0,0.0,0.0,0.0,0.0,0.0,0.0,-3.223013,0.3821102,1.782318,2.21359,0.001523942,-2.968249,0.08858395,0.206357,-0.008645677,0.9744204,10.14874,24.01609,1.147373,0.5670817,0.004811647,-0.8236472,0.1063458,-0.0003659343,0.06859358,3.245136,-0.5349308,-1.403184,0.301166,-0.2082596,1.915,0.9146841,0.01971079,-0.4036887,0.05340888,0.9841563,0.1690678,0.4006252,-0.1762042,0.8991393,moving,42.53886,-17.20454,8.937523,-6.206623,-4.3374730659663365,1.089129788333302,35.35539600296478,15.147723568242684,33.78232374688937
228,05/05/2023 11:21:46.776451,410,True,True,True,True,Eyes,2.18851,0.01370884,-3.087731,0.6531368,-0.2240195,0.7233447,0.0,0.0,0.0,0.0,0.0,0.0,0.0,-3.203937,0.4000292,1.794122,2.212869,0.0002132319,-2.957586,0.09014434,0.2027736,-0.00703111,0.9750424,10.29058,23.61581,1.330529,0.5681059,0.004709986,-0.8229417,0.09996505,-0.0003439783,0.06447797,3.237185,-0.5425382,-1.388779,0.3052449,-0.2110799,1.915,0.9176669,0.02284652,-0.3966933,0.05026904,0.9836491,0.1729376,0.3941581,-0.1786405,0.9015138,moving,42.08014,-17.20773,9.056575,-6.290006,-4.365283138468507,1.1007155763406369,34.78149713064981,15.322174823051732,33.219256470775214
229,05/05/2023 11:21:46.795657,411,True,True,True,True,Eyes,2.189568,0.01306421,-3.081389,0.6470888,-0.2254263,0.7283262,0.0,0.0,0.0,0.0,0.0,0.0,0.0,-3.183712,0.3956443,1.812717,2.21226,-0.0002957415,-2.946931,0.08745984,0.1987596,-0.005628217,0.9761219,9.961142,23.13921,1.383442,0.5691244,0.004601272,-0.8222383,0.09396715,-0.0003233396,0.06060929,3.22812,-0.5345138,-1.368677,0.3088693,-0.2135867,1.915,0.9209259,0.02377932,-0.3890117,0.04575462,0.9846382,0.1685056,0.3870427,-0.1729802,0.9056907,moving,41.61982,-17.19797,9.162298,-6.364098,-4.393869436752139,1.1130010881075685,34.21788299840988,15.481494964848778,32.66881649895499
230,05/05/2023 11:21:46.806162,412,True,True,True,True,Eyes,2.19055,0.01255138,-3.074873,0.6409364,-0.2272807,0.7331738,0.0,0.0,0.0,0.0,0.0,0.0,0.0,-3.166679,0.37424,1.82957,2.211616,-0.000390688,-2.936664,0.08511268,0.1951893,-0.007512119,0.9770367,9.744156,22.68719,1.07828,0.5701383,0.004486856,-0.8215361,0.08832912,-0.0003039392,0.05697273,3.218089,-0.5318077,-1.350345,0.3127401,-0.2162633,1.915,0.9236894,0.01854693,-0.3826929,0.04790539,0.9853988,0.1633838,0.3801354,-0.169249,0.909314,moving,41.15977,-17.22321,9.275138,-6.443184,-4.420605099972212,1.1234992879391232,33.65766953216013,15.646982937308191,32.115451723562146
231,05/05/2023 11:21:46.825980,413,True,True,True,True,Eyes,2.191473,0.01217184,-3.068168,0.6348875,-0.2288394,0.7379366,0.0,0.0,0.0,0.0,0.0,0.0,0.0,-3.154461,0.3576304,1.83592,2.210854,0.002369422,-2.925961,0.08752543,0.1927494,-0.01210955,0.9772617,10.12165,22.36687,0.5862476,0.5711498,0.004370727,-0.820834,0.0,0.0,0.0,3.208638,-0.5464851,-1.338963,0.3165852,-0.2189221,1.915,0.9254021,0.01007253,-0.3788528,0.05740934,0.9843854,0.1664023,0.3746133,-0.1757387,0.910374,moving,40.70722,-17.22903,9.387156,-6.521722,-4.447901040761339,1.1347932749034246,33.099740989484495,15.812369508582492,31.5683602477057
232,05/05/2023 11:21:46.846058,414,True,True,True,True,Eyes,2.192302,0.01179639,-3.061332,0.6288573,-0.2304388,0.7425877,0.0,0.0,0.0,0.0,0.0,0.0,0.0,-3.14526,0.3254897,1.839262,2.210381,0.005138196,-2.914735,0.08390679,0.1913401,-0.01411504,0.977829,9.758432,22.16567,0.2619238,0.5721608,0.004256515,-0.8201301,0.0,0.0,0.0,3.20614,-0.536451,-1.322801,0.3205455,-0.2216609,1.915,0.9263794,0.004505275,-0.3765645,0.05971367,0.9855208,0.1586914,0.3718271,-0.1694945,0.9126973,moving,40.25945,-17.24009,9.502457,-6.602592,-4.474630849153456,1.1456982926950046,32.54456916448662,15.981082166199661,31.02335422103613
233,05/05/2023 11:21:46.856000,415,True,True,True,True,Eyes,2.193039,0.0115593,-3.054382,0.6227933,-0.2326712,0.7469891,0.0,0.0,0.0,0.0,0.0,0.0,0.0,-3.135008,0.3209196,1.840272,2.20906,0.004922254,-2.904806,0.08319975,0.1899296,-0.01423317,0.9781626,9.681573,21.99525,0.2185152,0.5731712,0.004144193,-0.8194249,0.0,0.0,0.0,3.203634,-0.5370654,-1.311102,0.3244409,-0.2243543,1.915,0.9274483,0.003759478,-0.3739324,0.05944889,0.9857504,0.1573592,0.3691956,-0.1681723,0.9140091,moving,39.81926,-17.3007,9.615789,-6.682099,-4.498301697236844,1.1538886491315976,32.015689085900405,16.14342772298283,30.495157060672422
234,05/05/2023 11:21:46.875858,416,True,True,True,True,Eyes,2.193695,0.01148001,-3.047262,0.6170105,-0.2347734,0.7511188,0.0,0.0,0.0,0.0,0.0,0.0,0.0,-3.118937,0.3519174,1.844908,2.207654,0.008153129,-2.89508,0.09208516,0.1868629,-0.01583713,0.9779325,10.72089,21.65413,0.2005589,0.5741806,0.004037261,-0.8187184,0.0,0.0,0.0,3.19228,-0.5699807,-1.306757,0.3282506,-0.2269887,1.915,0.9296629,0.003439303,-0.3683953,0.06538989,0.9825391,0.1741874,0.3625618,-0.1860249,0.9132051,moving,39.40157,-17.35742,9.72656,-6.75984,-4.52080412933731,1.1617006472512907,31.510552523821286,16.301478180213657,29.991354558589798
235,05/05/2023 11:21:46.895877,417,True,True,True,True,Eyes,2.194279,0.01151072,-3.040038,0.611212,-0.2365899,0.7552782,0.0,0.0,0.0,0.0,0.0,0.0,0.0,-3.101479,0.3402086,1.858137,2.206783,0.01189974,-2.884017,0.09029786,0.1835647,-0.01574701,0.9787249,10.51744,21.25787,0.1356065,0.575191,0.003939299,-0.8180094,0.0,0.0,0.0,3.184322,-0.5626947,-1.288855,0.3321316,-0.2296725,1.915,0.9321121,0.002327014,-0.3621624,0.06397498,0.9831967,0.1709723,0.3564748,-0.1825347,0.9163006,moving,38.98166,-17.3931,9.839321,-6.839012,-4.544544555688399,1.170639773725276,30.99459139757556,16.46359954142652,29.481238194554066
236,05/05/2023 11:21:46.906135,418,True,True,True,True,Eyes,2.194808,0.01164104,-3.0327,0.6055251,-0.2385058,0.7592459,0.0,0.0,0.0,0.0,0.0,0.0,0.0,-3.08233,0.3308541,1.875309,2.205702,0.01452812,-2.874312,0.08779053,0.1798238,-0.01486647,0.9796609,10.21582,20.81526,0.1423716,0.5762016,0.003852437,-0.8172983,0.0,0.0,0.0,3.175487,-0.5529889,-1.27069,0.3360552,-0.2323858,1.915,0.9348848,0.002445457,-0.3549428,0.06070184,0.9841436,0.1666632,0.3497223,-0.1773566,0.9199125,moving,38.57359,-17.43933,9.953248,-6.91903,-4.567009992152211,1.1787390090702965,30.49263334457954,16.62563547907025,28.983276642458172
237,05/05/2023 11:21:46.926004,419,True,True,True,True,Eyes,2.195293,0.01185567,-3.025244,0.599856,-0.2400486,0.7632493,0.0,0.0,0.0,0.0,0.0,0.0,0.0,-3.062276,0.3398568,1.890275,2.20499,0.01709884,-2.864244,0.0888999,0.1758202,-0.01381203,0.9803026,10.32052,20.35812,0.2434863,0.5772134,0.00377819,-0.8165843,0.0,0.0,0.0,3.165421,-0.5557723,-1.25572,0.3398581,-0.2350157,1.915,0.937793,0.004180864,-0.3471698,0.05834073,0.983812,0.1694407,0.3422582,-0.1791545,0.9223681,moving,38.16466,-17.45882,10.06359,-6.99656,-4.590929184060545,1.1882204928441498,29.98548014377125,16.785278199423463,28.48541045958288
238,05/05/2023 11:21:46.946063,420,True,True,True,True,Eyes,2.19575,0.01208548,-3.017724,0.5942632,-0.2415282,0.7671476,0.0,0.0,0.0,0.0,0.0,0.0,0.0,-3.044079,0.3333251,1.904751,2.204501,0.01927831,-2.854015,0.08554708,0.1723504,-0.01164283,0.9812449,9.898225,19.9576,0.3861502,0.5782267,0.003717609,-0.8158672,0.0,0.0,0.0,3.159277,-0.5418441,-1.236758,0.3438329,-0.237764,1.915,0.9403195,0.006639217,-0.3402279,0.05233708,0.9850923,0.163872,0.3362439,-0.1718986,0.9259541,moving,37.76279,-17.47605,10.17884,-7.077553,-4.614536222774801,1.1976361291190634,29.478857465334524,16.950596897786493,27.98884164909429
239,05/05/2023 11:21:46.955678,421,True,True,True,True,Eyes,2.196154,0.01230284,-3.010137,0.588648,-0.2431003,0.7709706,0.0,0.0,0.0,0.0,0.0,0.0,0.0,-3.026756,0.3321252,1.917869,2.203818,0.0198591,-2.844744,0.08366101,0.1690198,-0.01009359,0.9820037,9.65545,19.57333,0.4915107,0.5792428,0.00366972,-0.8151463,0.0,0.0,0.0,3.152518,-0.5354441,-1.22068,0.3477457,-0.2404699,1.915,0.9426609,0.008456856,-0.333645,0.04810462,0.9857979,0.1608988,0.3302673,-0.1677229,0.9288663,moving,37.36229,-17.50096,10.29222,-7.157269,-4.637657236631257,1.206626008988305,28.978968810300707,17.11303520776661,27.497763343572057
240,05/05/2023 11:21:46.975690,422,True,True,True,True,Eyes,2.196517,0.01253899,-3.002477,0.5829375,-0.2448545,0.7747453,0.0,0.0,0.0,0.0,0.0,0.0,0.0,-3.008938,0.3467126,1.928763,2.202987,0.01981099,-2.835578,0.08587713,0.1655418,-0.009415126,0.9824116,9.895431,19.17963,0.5777494,0.5802611,0.00363297,-0.814422,0.0,0.0,0.0,3.143537,-0.5452344,-1.208938,0.3515083,-0.2430717,1.915,0.9450145,0.009933448,-0.3268774,0.04693156,0.985073,0.1656162,0.3236433,-0.1718505,0.9304421,moving,36.9587,-17.53889,10.40116,-7.233893,-4.660284398560648,1.215032717650238,28.48676699840838,17.269379061023173,27.012162598400554
241,05/05/2023 11:21:46.995881,423,True,True,True,True,Eyes,2.196834,0.01283117,-2.994739,0.577137,-0.2465397,0.7785442,0.0,0.0,0.0,0.0,0.0,0.0,0.0,-2.989544,0.3549436,1.942564,2.202229,0.02055499,-2.826071,0.08747897,0.161634,-0.009258735,0.9829223,10.07651,18.72825,0.5864784,0.5812821,0.003606761,-0.8136937,0.0,0.0,0.0,3.132938,-0.5528618,-1.195462,0.3553769,-0.2457471,1.915,0.9475775,0.01007791,-0.3193672,0.04648038,0.9845235,0.168977,0.3161274,-0.1749631,0.9324437,moving,36.54964,-17.5713,10.51309,-7.312656,-4.683534449195701,1.2238603099215786,27.984669242662775,17.43013210963846,26.518284118956085
242,05/05/2023 11:21:47.006172,424,True,True,True,True,Eyes,2.197129,0.01312146,-2.986923,0.571221,-0.248107,0.7823998,0.0,0.0,0.0,0.0,0.0,0.0,0.0,-2.968623,0.3481104,1.961016,2.201481,0.02218959,-2.816465,0.08711283,0.1572647,-0.01004469,0.9836556,10.05174,18.20599,0.4444818,0.5823061,0.00359158,-0.8129612,0.0,0.0,0.0,3.120346,-0.5539436,-1.178841,0.3592995,-0.2484597,1.915,0.9503339,0.007638519,-0.3111387,0.04716057,0.9846209,0.1682187,0.3076386,-0.1745374,0.9353583,moving,36.13275,-17.59436,10.6265,-7.392486,-4.707752034842377,1.2333640529440204,27.47083948798027,17.59387889590985,26.014976763375834
243,05/05/2023 11:21:47.026258,425,True,True,True,True,Eyes,2.197386,0.01338672,-2.979041,0.5652563,-0.2495253,0.7862712,0.0,0.0,0.0,0.0,0.0,0.0,0.0,-2.947847,0.3339387,1.98028,2.201029,0.02242783,-2.806741,0.08452269,0.1529212,-0.01043859,0.9845619,9.766202,17.68347,0.307887,0.5833335,0.003586316,-0.8122244,0.0,0.0,0.0,3.108685,-0.5479348,-1.159635,0.363103,-0.2510899,1.915,0.9530123,0.005295741,-0.3028854,0.04640551,0.985494,0.163243,0.2993562,-0.1696282,0.938942,moving,35.71264,-17.60698,10.7364,-7.469865,-4.732713113721397,1.2434813288651898,26.95503042218326,17.754319608812267,25.5118847457554
244,05/05/2023 11:21:47.046168,426,True,True,True,True,Eyes,2.197639,0.01364235,-2.971106,0.5592095,-0.2511022,0.7900839,0.0,0.0,0.0,0.0,0.0,0.0,0.0,-2.928182,0.3284997,1.996274,2.20045,0.02207322,-2.797286,0.08325738,0.1489113,-0.01046778,0.9852839,9.624003,17.20915,0.2422449,0.5843642,0.003589337,-0.8114831,0.0,0.0,0.0,3.098127,-0.5467336,-1.142924,0.3669594,-0.2537568,1.915,0.9554318,0.004168455,-0.2951828,0.0454234,0.9859173,0.1609468,0.2916967,-0.1671818,0.9417872,moving,35.29029,-17.63115,10.84773,-7.548292,-4.757205534386541,1.2530684413136297,26.440551522269047,17.915857742521855,25.00846565504218
245,05/05/2023 11:21:47.056103,427,True,True,True,True,Eyes,2.197843,0.0139154,-2.963105,0.5531039,-0.252702,0.7938625,0.0,0.0,0.0,0.0,0.0,0.0,0.0,-2.909212,0.3290523,2.0099,2.199799,0.02214962,-2.78781,0.08399978,0.1450525,-0.01111675,0.9857892,9.720217,16.75339,0.1424903,0.5853984,0.003599579,-0.8107374,0.0,0.0,0.0,3.087224,-0.5530751,-1.128839,0.3709181,-0.2564937,1.915,0.9576724,0.002451221,-0.2878501,0.0462863,0.9856409,0.1623871,0.2841148,-0.1688372,0.9438076,moving,34.86589,-17.6573,10.96193,-7.628754,-4.781719222660349,1.2626073357243637,25.9224041816286,18.080895919411404,24.501577307960137
246,05/05/2023 11:21:47.076243,428,True,True,True,True,Eyes,2.197979,0.01419798,-2.955041,0.5470381,-0.2544621,0.7974951,0.0,0.0,0.0,0.0,0.0,0.0,0.0,-2.889753,0.3282053,2.023877,2.19892,0.02285995,-2.778254,0.08481676,0.1411229,-0.01199781,0.9862792,9.828075,16.28729,0.01586305,0.5864366,0.003616829,-0.8099867,0.0,0.0,0.0,3.075459,-0.5592347,-1.114634,0.3747209,-0.2591239,1.915,0.9598808,0.0002727995,-0.2804084,0.04760555,0.9853244,0.1639197,0.2763379,-0.1706923,0.9457809,moving,34.44799,-17.69667,11.07156,-7.706044,-4.805143685808831,1.2713072803276055,25.421842722681923,18.23903933702034,24.009980640627415
247,05/05/2023 11:21:47.095573,429,True,True,True,True,Eyes,2.198074,0.01444579,-2.94693,0.5409636,-0.2561956,0.8010756,0.0,0.0,0.0,0.0,0.0,0.0,0.0,-2.871388,0.3247812,2.036918,2.198193,0.02343001,-2.768896,0.0853483,0.1373992,-0.01313178,0.9867446,9.906595,15.84194,359.8568,0.5874782,0.003640683,-0.8092315,0.0,0.0,0.0,3.064373,-0.5648358,-1.100744,0.3785573,-0.2617764,1.915,0.9618981,-0.002461852,-0.2733973,0.049369,0.9850864,0.1648253,0.2689142,-0.1720425,0.9476742,moving,34.03102,-17.73503,11.18207,-7.783966,-4.828564357280445,1.280034784319025,24.92184164211377,18.398274993614617,23.519538375738264
248,05/05/2023 11:21:47.106103,430,True,True,True,True,Eyes,2.197664,0.0146415,-2.938681,0.5368803,-0.2581282,0.8031995,0.0,0.0,0.0,0.0,0.0,0.0,0.0,-2.855131,0.3226863,2.046663,2.197372,0.02285207,-2.759666,0.08566118,0.1342212,-0.01397723,0.9871432,9.954833,15.46266,359.7324,0.5885231,0.003669575,-0.8084717,0.0,0.0,0.0,3.055368,-0.570427,-1.087758,0.3824307,-0.2644548,1.915,0.9635786,-0.00459997,-0.2673856,0.05059015,0.9849336,0.1653676,0.2625964,-0.1728718,0.9492937,moving,33.75984,-17.8161,11.29355,-7.862617,-4.84085511615539,1.2828559372207518,24.57246447134249,18.546123683876864,23.168494362864507
249,05/05/2023 11:21:47.126362,431,True,True,True,True,Eyes,2.197222,0.01484251,-2.930408,0.5327349,-0.2603115,0.8052524,0.0,0.0,0.0,0.0,0.0,0.0,0.0,-2.840366,0.3371311,2.05214,2.196519,0.02202675,-2.750897,0.08924391,0.1313691,-0.01470782,0.9871989,10.37368,15.13036,359.6743,0.5895637,0.003701635,-0.807713,0.0,0.0,0.0,3.046968,-0.5877181,-1.079744,0.3862942,-0.2671269,1.915,0.9650517,-0.005591302,-0.2619999,0.05248685,0.9836384,0.1723386,0.2567496,-0.1800673,0.9495554,moving,33.48763,-17.91431,11.40467,-7.941052,-4.852310476348625,1.284831583068326,24.230621071201707,18.692414025393028,22.82235926171974
250,05/05/2023 11:21:47.146144,432,True,True,True,True,Eyes,2.196838,0.01504117,-2.922122,0.5285153,-0.2626049,0.8072857,0.0,0.0,0.0,0.0,0.0,0.0,0.0,-2.825348,0.3518687,2.05726,2.195382,0.02240363,-2.741992,0.09335192,0.1285069,-0.0156441,0.9871812,10.85542,14.79539,359.5978,0.5906007,0.003736722,-0.806955,0.0,0.0,0.0,3.03792,-0.6058937,-1.072383,0.3901419,-0.2697874,1.915,0.9664825,-0.006894397,-0.2566399,0.05487984,0.9820814,0.1802898,0.2507983,-0.1883312,0.9495428,moving,33.21204,-18.01938,11.51525,-8.019121,-4.863612485194134,1.2865448346485056,23.890497616650457,18.837795861911346,22.477203182462713
251,05/05/2023 11:21:47.155977,433,True,True,True,True,Eyes,2.19642,0.01524256,-2.913797,0.524234,-0.2649377,0.8093125,0.0,0.0,0.0,0.0,0.0,0.0,0.0,-2.809786,0.3587799,2.063958,2.194303,0.02258051,-2.732777,0.09570278,0.1255305,-0.01649334,0.9873253,11.13494,14.44303,359.5012,0.5916366,0.003774517,-0.8061956,0.0,0.0,0.0,3.028942,-0.6179618,-1.062497,0.3940509,-0.2724909,1.915,0.9679402,-0.008541337,-0.2510358,0.05659582,0.9811379,0.1848387,0.244722,-0.1931204,0.9501662,moving,32.93324,-18.12645,11.6275,-8.098418,-4.875005461727344,1.28823855902631,23.5477383784648,18.98531031801831,22.12960698472624
252,05/05/2023 11:21:47.176149,434,True,True,True,True,Eyes,2.196138,0.01542407,-2.905474,0.519873,-0.2671507,0.8113953,0.0,0.0,0.0,0.0,0.0,0.0,0.0,-2.790957,0.3637464,2.069963,2.189795,0.02346458,-2.722268,0.0974426,0.1226717,-0.01698425,0.987506,11.33922,14.10653,359.4368,0.5926707,0.003814815,-0.8054356,0.0,0.0,0.0,3.017282,-0.6266425,-1.050786,0.3978736,-0.2751342,1.915,0.9693264,-0.0096372,-0.245588,0.05745099,0.980433,0.1882834,0.2389681,-0.1966173,0.9509132,moving,32.64829,-18.22405,11.73718,-8.175918,-4.887269798973508,1.290571512697475,23.199988752616328,19.13078029805898,21.779119884476103
253,05/05/2023 11:21:47.195985,435,True,True,True,True,Eyes,2.195732,0.01561489,-2.897072,0.5154768,-0.2693089,0.8134841,0.0,0.0,0.0,0.0,0.0,0.0,0.0,-2.774101,0.3717196,2.077944,2.188758,0.02316943,-2.713017,0.09876036,0.1194645,-0.01674368,0.9877725,11.48469,13.73635,359.4456,0.5937064,0.003856852,-0.8046722,0.0,0.0,0.0,3.008713,-0.6341836,-1.03928,0.4017738,-0.2778311,1.915,0.9708958,-0.00948118,-0.2393146,0.05667459,0.9799321,0.1911049,0.2327002,-0.199106,0.9519492,moving,32.36103,-18.31744,11.849,-8.254963,-4.899895646857337,1.2931777830098503,22.847249683417676,19.279328250784378,21.424927355120584
254,05/05/2023 11:21:47.206053,436,True,True,True,True,Eyes,2.195328,0.01576868,-2.888646,0.5111188,-0.2713102,0.8155664,0.0,0.0,0.0,0.0,0.0,0.0,0.0,-2.757315,0.3789324,2.087067,2.188744,0.02299827,-2.703904,0.09927278,0.1160893,-0.01586113,0.988138,11.52953,13.35214,359.5148,0.5947426,0.003900746,-0.8039064,0.0,0.0,0.0,3.001213,-0.6378908,-1.026569,0.4055407,-0.2804359,1.915,0.9725434,-0.008296956,-0.2325737,0.05439501,0.9797867,0.1925078,0.2262754,-0.199873,0.9533363,moving,32.07554,-18.40047,11.95691,-8.331275,-4.91295645645811,1.2962657202389103,22.497732352948926,19.423746666866023,21.07588776565025
255,05/05/2023 11:21:47.226081,437,True,True,True,True,Eyes,2.194903,0.01588544,-2.880186,0.5066954,-0.2732898,0.8176628,0.0,0.0,0.0,0.0,0.0,0.0,0.0,-2.739618,0.390806,2.096166,2.188434,0.02224434,-2.694886,0.1000404,0.1126114,-0.01440829,0.9884852,11.59673,12.96323,359.6518,0.5957795,0.003945302,-0.803138,0.0,0.0,0.0,2.993651,-0.6424702,-1.014184,0.4093993,-0.2831042,1.915,0.9742221,-0.005953385,-0.2255122,0.05101615,0.9795686,0.1945319,0.2197465,-0.201022,0.9546212,moving,31.78598,-18.48132,12.06735,-8.409417,-4.92637973702174,1.2995687855957785,22.141987244109526,19.571695260243498,20.72162433051348
256,05/05/2023 11:21:47.245887,438,True,True,True,True,Eyes,2.18526,0.0181949,-2.667886,0.3905598,-0.3151961,0.8649361,0.0,0.0,0.0,0.0,0.0,0.0,0.0,-2.720445,0.4040729,2.105772,2.187546,0.02149775,-2.685619,0.1011928,0.1089322,-0.01305027,0.988799,11.71022,12.55083,359.7799,0.5968179,0.003989462,-0.8023666,0.0,0.0,0.0,2.984633,-0.6485322,-1.001769,0.4132297,-0.2857528,1.915,0.9759269,-0.003761874,-0.2180652,0.04785448,0.9791794,0.1972755,0.2127828,-0.2029619,0.9557876,moving,24.30144,-20.02253,12.1769,-8.486951,-5.302093585739503,1.4128527361791383,16.73541314329709,20.087840371358716,15.499053373300608
257,05/05/2023 11:21:47.255644,439,True,True,True,True,Eyes,2.185227,0.01815541,-2.667506,0.3902971,-0.3151491,0.8650718,0.0,0.0,0.0,0.0,0.0,0.0,0.0,-2.701371,0.4111142,2.11646,2.187165,0.02098176,-2.676134,0.1013285,0.1051648,-0.01190414,0.9892074,11.7109,12.12346,359.869,0.6014671,0.004147378,-0.7988865,-0.02892923,0.006928398,0.6368995,2.97592,-0.651161,-0.9877496,0.4172321,-0.2885207,1.915,0.9775973,-0.002238934,-0.2104721,0.04486371,0.9791817,0.197966,0.2056472,-0.2029736,0.9573458,moving,24.28361,-20.01689,12.29128,-8.567945,-5.303476597022399,1.4135962700545908,16.57993728703233,20.228856266093402,15.349320196237976
258,05/05/2023 11:21:47.275674,440,True,True,True,True,Eyes,2.185154,0.0180697,-2.66676,0.3898486,-0.3150779,0.8652999,0.0,0.0,0.0,0.0,0.0,0.0,0.0,-2.681474,0.4143778,2.128268,2.186408,0.01998868,-2.666601,0.1008706,0.1012739,-0.01104835,0.98967,11.6478,11.67701,359.9159,0.6053296,0.004278388,-0.7959632,-0.02719348,0.006512694,0.5986855,2.966005,-0.6524097,-0.972674,0.4210495,-0.2911604,1.915,0.9792431,-0.00143733,-0.2026843,0.04229956,0.9794061,0.1974194,0.1982265,-0.2018951,0.9591374,moving,24.25327,-20.00786,12.40027,-8.645155,-5.30580024303223,1.414832635731451,16.419642929035486,20.364387412398663,15.19589541805841
259,05/05/2023 11:21:47.295933,441,True,True,True,True,Eyes,2.185058,0.01793093,-2.665661,0.3891336,-0.3151156,0.8656079,0.0,0.0,0.0,0.0,0.0,0.0,0.0,-2.661197,0.4225063,2.139797,2.185909,0.01879091,-2.65719,0.1013769,0.09723504,-0.01019274,0.9900326,11.69577,11.21571,359.9727,0.6085567,0.004385921,-0.793498,-0.02556187,0.006121933,0.5627643,2.955707,-0.6573319,-0.9588467,0.4249033,-0.2938252,1.915,0.9808829,-0.0004675149,-0.1945983,0.03989707,0.9792377,0.1987507,0.1904651,-0.2027151,0.9605361,moving,24.20628,-20.00351,12.51021,-8.723066,-5.308894114872176,1.4162573520677857,16.2495067704234,20.50186209822029,15.033430293015101
260,05/05/2023 11:21:47.305984,442,True,True,True,True,Eyes,2.184961,0.01775378,-2.66422,0.3882151,-0.3152398,0.8659752,0.0,0.0,0.0,0.0,0.0,0.0,0.0,-2.640374,0.4362586,2.15026,2.185313,0.01740705,-2.647568,0.1030043,0.09311121,-0.009313828,0.9902697,11.87273,10.74749,0.04305066,0.6112702,0.004472448,-0.791409,-0.02402816,0.005754617,0.5289985,2.945017,-0.6665131,-0.9463176,0.4289036,-0.2965915,1.915,0.9824871,0.0007353034,-0.1863291,0.0376281,0.9786067,0.2022695,0.1824917,-0.2057384,0.9614409,moving,24.1466,-20.00295,12.62423,-8.80391,-5.3125633331778905,1.4178142743526017,16.068089722754845,20.64490741606811,14.860441755602517
261,05/05/2023 11:21:47.325843,443,True,True,True,True,Eyes,2.184845,0.01754067,-2.662454,0.3870061,-0.3154725,0.8664314,0.0,0.0,0.0,0.0,0.0,0.0,0.0,-2.619164,0.4468774,2.161663,2.18495,0.01632776,-2.637847,0.1041446,0.08884972,-0.00853761,0.9905488,11.99566,10.26094,0.09328596,0.6135792,0.004540633,-0.7896197,-0.02258647,0.005409339,0.4972586,2.933702,-0.6735848,-0.9327941,0.4325669,-0.2991246,1.915,0.9840657,0.001592594,-0.1777983,0.03542027,0.9781621,0.2048034,0.1742417,-0.2078377,0.9625193,moving,24.06873,-20.00685,12.72856,-8.877909,-5.317108230669764,1.4196101785676645,15.888762803012101,20.777031624473526,14.690120364637115
262,05/05/2023 11:21:47.345763,444,True,True,True,True,Eyes,2.184709,0.017297,-2.660358,0.3855622,-0.31586,0.8669338,0.0,0.0,0.0,0.0,0.0,0.0,0.0,-2.596078,0.4592885,2.174657,2.184449,0.01527775,-2.628241,0.1057533,0.08418544,-0.007891692,0.990791,12.17437,9.726826,0.1270602,0.6156764,0.004596001,-0.7879853,-0.02123128,0.005084779,0.4674231,2.920811,-0.6826352,-0.9195961,0.4364318,-0.3017974,1.915,0.985701,0.002167745,-0.1684895,0.03344381,0.9775079,0.2082301,0.1651512,-0.2108876,0.9634581,moving,23.97674,-20.01878,12.83853,-8.955957,-5.32209349372025,1.4213592293862685,15.698591488838385,20.91642746277068,14.509493325964753
263,05/05/2023 11:21:47.361238,445,True,True,True,True,Eyes,2.184567,0.01701547,-2.657945,0.3837979,-0.3162586,0.8675712,0.0,0.0,0.0,0.0,0.0,0.0,0.0,-2.57116,0.469592,2.189657,2.18416,0.01432102,-2.618248,0.1068989,0.07909144,-0.007224932,0.9910929,12.30034,9.141682,0.1517898,0.617588,0.004638976,-0.7864877,-0.0199574,0.004779692,0.4393777,2.90666,-0.689985,-0.9048479,0.4402992,-0.3044716,1.915,0.9873847,0.002588412,-0.1583186,0.03123073,0.9770408,0.2107506,0.1552292,-0.2130363,0.9646344,moving,23.86374,-20.02848,12.94848,-9.034013,-5.328477015286569,1.4237597939936348,15.492617773691087,21.05735428655334,14.314960988950668
264,05/05/2023 11:21:47.376236,446,True,True,True,True,Eyes,2.184408,0.0167034,-2.655221,0.3818242,-0.3166887,0.8682848,0.0,0.0,0.0,0.0,0.0,0.0,0.0,-2.544791,0.4766244,2.206653,2.183966,0.0131368,-2.608173,0.1072709,0.07367243,-0.006535446,0.991475,12.33785,8.517252,0.1669393,0.619338,0.004669741,-0.7851103,-0.01875996,0.004492911,0.413015,2.89153,-0.6948506,-0.8885866,0.4441835,-0.3071579,1.915,0.9890593,0.002846343,-0.1474909,0.02876527,0.9769005,0.2117498,0.1446866,-0.2136757,0.9661307,moving,23.73727,-20.03838,13.05881,-9.112384,-5.335671588580437,1.4264951586297698,15.277660048699081,21.199644497793486,14.112601319740113
265,05/05/2023 11:21:47.396753,447,True,True,True,True,Eyes,2.18426,0.0163599,-2.652192,0.3795103,-0.3170874,0.8691534,0.0,0.0,0.0,0.0,0.0,0.0,0.0,-2.516408,0.4856285,2.225092,2.183876,0.01210015,-2.598022,0.1079462,0.06781848,-0.005739507,0.9918243,12.41,7.844078,0.1910376,0.6209469,0.004688655,-0.7838383,-0.01763436,0.004223336,0.3882341,2.874914,-0.7005447,-0.8721858,0.4480041,-0.3097994,1.915,0.9907354,0.003256323,-0.1357671,0.02602665,0.9766294,0.2133488,0.1332889,-0.2149057,0.9674966,moving,23.58818,-20.04315,13.16724,-9.189418,-5.344514587882511,1.430070788610907,15.04657731218047,21.341476051422074,13.896420388101065
266,05/05/2023 11:21:47.406134,448,True,True,True,True,Eyes,2.184159,0.01599697,-2.648858,0.3769782,-0.31747,0.8701151,0.0,0.0,0.0,0.0,0.0,0.0,0.0,-2.487395,0.4906945,2.244578,2.184092,0.01100039,-2.587599,0.1077514,0.06179458,-0.004895788,0.9922435,12.38246,7.150203,0.2112527,0.622434,0.004696012,-0.7826579,-0.0165763,0.003969936,0.36494,2.858219,-0.703296,-0.8542401,0.451983,-0.3125513,1.915,0.9923149,0.003601279,-0.1236856,0.02303253,0.9767313,0.2132262,0.1215755,-0.2144364,0.9691421,moving,23.42472,-20.04499,13.28006,-9.269636,-5.354387556745055,1.4341634864590262,14.79940472927597,21.489857123568836,13.665905609082547
267,05/05/2023 11:21:47.426314,449,True,True,True,True,Eyes,2.18408,0.01561442,-2.645226,0.3741195,-0.3177423,0.8712488,0.0,0.0,0.0,0.0,0.0,0.0,0.0,-2.458316,0.4907136,2.26444,2.184371,0.01014515,-2.576864,0.1067453,0.05575408,-0.004216829,0.992713,12.26334,6.451332,0.2070227,0.6238171,0.004692418,-0.781556,-0.01558172,0.003731739,0.3430437,2.841214,-0.7030157,-0.8349341,0.4558264,-0.3152089,1.915,0.9937474,0.003530772,-0.1115959,0.02027518,0.9771753,0.2114647,0.1097954,-0.2124051,0.9709939,moving,23.23898,-20.03679,13.38893,-9.347072,-5.366145522623949,1.43933750635291,14.53594014579119,21.63560694545148,13.421799733199167
268,05/05/2023 11:21:47.446221,450,True,True,True,True,Eyes,2.184083,0.01521904,-2.641299,0.3710948,-0.3179032,0.8724828,0.0,0.0,0.0,0.0,0.0,0.0,0.0,-2.429295,0.4882662,2.284433,2.184914,0.009268921,-2.566043,0.1053396,0.04968004,-0.003641162,0.993188,12.09925,5.747268,0.1894945,0.6251112,0.004678413,-0.7805214,-0.01464682,0.003507835,0.322461,2.824242,-0.7014818,-0.8151199,0.4597266,-0.3179061,1.915,0.9950373,0.003233828,-0.09945033,0.01769926,0.9777806,0.2088822,0.0979161,-0.2096057,0.9728709,moving,23.0416,-20.02003,13.49932,-9.425623,-5.379061994887392,1.445245066979485,14.25821052166256,21.784606475090676,13.16541615030007
269,05/05/2023 11:21:47.455793,451,True,True,True,True,Eyes,2.18412,0.01478046,-2.637087,0.3677555,-0.3177852,0.8739384,0.0,0.0,0.0,0.0,0.0,0.0,0.0,-2.399726,0.4789732,2.305628,2.185467,0.008492237,-2.554933,0.1025459,0.043511,-0.003053578,0.9937716,11.77565,5.03127,0.1670747,0.6263314,0.00465467,-0.7795427,-0.01376801,0.003297365,0.3031134,2.806918,-0.694842,-0.7930986,0.4636121,-0.3205929,1.915,0.9961949,0.002854631,-0.08710625,0.01499286,0.9789501,0.2035486,0.08585373,-0.2040801,0.9751823,moving,22.82148,-19.98249,13.60918,-9.503837,-5.394454346973458,1.4527920580573577,13.952370407368383,21.93594854820133,12.884749818620877
270,05/05/2023 11:21:47.475691,452,True,True,True,True,Eyes,2.184198,0.01431843,-2.632598,0.3643275,-0.3177865,0.8753726,0.0,0.0,0.0,0.0,0.0,0.0,0.0,-2.369581,0.4682015,2.32756,2.186409,0.006959891,-2.543862,0.0988398,0.03720437,-0.001972623,0.9944057,11.34525,4.30521,0.2005216,0.62749,0.004620905,-0.7786106,-0.01294193,0.003099523,0.2849266,2.789838,-0.6850666,-0.7698389,0.4674237,-0.3232287,1.915,0.9972239,0.003431367,-0.0743824,0.01127772,0.9804536,0.1964269,0.07360251,-0.1967205,0.977693,moving,22.59694,-19.95242,13.71686,-9.580528,-5.40972481018522,1.460072260032404,13.654009098651722,22.084408540937556,12.611333999121461
271,05/05/2023 11:21:47.496067,453,True,True,True,True,Eyes,2.184322,0.01384322,-2.627825,0.3605628,-0.3175483,0.8770162,0.0,0.0,0.0,0.0,0.0,0.0,0.0,-2.337263,0.469966,2.348505,2.187326,0.005901378,-2.532728,0.09748388,0.03050458,-0.0005444128,0.9947694,11.18521,3.540665,0.2841002,0.6285981,0.00457744,-0.7777166,-0.01216541,0.002913552,0.267831,2.771455,-0.6829805,-0.7495366,0.4712788,-0.3258946,1.915,0.9981383,0.004864279,-0.06079618,0.007030539,0.9809932,0.1939147,0.06058389,-0.1939812,0.9791327,moving,22.34876,-19.90421,13.82567,-9.658067,-5.427387695386868,1.4688806491188051,13.327659566651189,22.237113000750032,12.313640513211508
272,05/05/2023 11:21:47.505848,454,True,True,True,True,Eyes,2.1845,0.01331629,-2.622795,0.356613,-0.3172439,0.8787397,0.0,0.0,0.0,0.0,0.0,0.0,0.0,-2.304343,0.4626528,2.371151,2.188662,0.005061926,-2.521137,0.0942883,0.02362115,0.0009379662,0.9952642,10.81504,2.75406,0.3687443,0.6296659,0.004524845,-0.7768526,-0.01143549,0.002738738,0.2517611,2.752898,-0.6740515,-0.7262776,0.4752382,-0.3286324,1.915,0.9988823,0.006321445,-0.0468417,0.002587348,0.9822177,0.1877278,0.04719546,-0.1876392,0.9811035,moving,22.08846,-19.85067,13.93731,-9.737656,-5.446069094592916,1.4782705667707017,12.989006832190677,22.394472395568833,12.005361186214152
273,05/05/2023 11:21:47.526102,455,True,True,True,True,Eyes,2.184712,0.0127388,-2.61752,0.3523154,-0.3168559,0.8806113,0.0,0.0,0.0,0.0,0.0,0.0,0.0,-2.270962,0.4500155,2.395036,2.190052,0.003234671,-2.509909,0.08988466,0.01664029,0.002347442,0.9958105,10.30791,1.954952,0.4464757,0.6307018,0.004462537,-0.7760122,-0.01074936,0.002574414,0.2366554,2.733723,-0.6617113,-0.7019246,0.47911,-0.3313099,1.915,0.9994351,0.007666626,-0.03271915,-0.0016838,0.9838305,0.1790943,0.03356314,-0.178938,0.9832877,moving,21.80538,-19.78942,14.04638,-9.815454,-5.466543882546558,1.4886360881511738,12.636537451737164,22.55075721937278,11.68580757117927
274,05/05/2023 11:21:47.547239,456,True,True,True,True,Eyes,2.18499,0.01214933,-2.612003,0.3479044,-0.3167287,0.8824089,0.0,0.0,0.0,0.0,0.0,0.0,0.0,-2.23621,0.4515455,2.416748,2.191176,0.001376262,-2.498788,0.08852928,0.009455064,0.003602865,0.9960223,10.15351,1.133536,0.51521,0.6317142,0.004389939,-0.7751886,-0.0101044,0.002419949,0.2224561,2.712955,-0.6605251,-0.6818274,0.4827508,-0.3338277,1.915,0.9997953,0.008851168,-0.01819699,-0.005502968,0.9842991,0.1764224,0.01947283,-0.1762861,0.9841463,moving,21.51767,-19.74491,14.14885,-9.88858,-5.486423797037901,1.4982686477507536,12.306370271582926,22.698112238937984,11.387556117607163
275,05/05/2023 11:21:47.555870,457,True,True,True,True,Eyes,2.185293,0.01168928,-2.606241,0.3431272,-0.3167555,0.8842679,0.0,0.0,0.0,0.0,0.0,0.0,0.0,-2.201144,0.4512028,2.438504,2.19265,0.0005067401,-2.48741,0.08724579,0.002138766,0.004601054,0.996174,10.00908,0.2946319,0.5550638,0.6327093,0.00430776,-0.7743771,-0.009498133,0.002274752,0.2091087,2.692343,-0.6593469,-0.6618168,0.4870589,-0.3368068,1.915,0.9999486,0.009540099,-0.00345832,-0.008793704,0.9847341,0.1738436,0.005064011,-0.1738043,0.9847673,moving,21.20801,-19.70814,14.26998,-9.975062,-5.507236824659123,1.508069636199934,11.952784932181455,22.869206752834163,11.068443991413007
276,05/05/2023 11:21:47.576055,458,True,True,True,True,Eyes,2.185629,0.01151535,-2.600206,0.3381486,-0.3170506,0.8860781,0.0,0.0,0.0,0.0,0.0,0.0,0.0,-2.163852,0.4630342,2.458615,2.193673,0.003231902,-2.475729,0.08914674,-0.005495056,0.005625778,0.9959876,10.23232,359.4211,0.5954258,0.6336935,0.004220719,-0.7735724,-0.008928245,0.002138267,0.1965622,2.669226,-0.66572,-0.6456344,0.4905209,-0.3392007,1.915,0.9998764,0.01022668,0.01194905,-0.01218614,0.9840424,0.1775163,-0.009942973,-0.1776399,0.9840453,moving,20.88805,-19.68789,14.36722,-10.04452,-5.527812320072775,1.5172940655933562,11.641125755089153,23.010603110394406,10.790235764167956
277,05/05/2023 11:21:47.595676,459,True,True,True,True,Eyes,2.186006,0.01136593,-2.593903,0.3329518,-0.3163983,0.8882766,0.0,0.0,0.0,0.0,0.0,0.0,0.0,-2.128277,0.444417,2.481503,2.194957,0.009925353,-2.463126,0.08721022,-0.01299882,0.004937286,0.9960929,10.01275,358.5433,0.4403678,0.6346728,0.004137674,-0.7727696,-0.00839255,0.002009971,0.1847685,2.645441,-0.6560078,-0.6240357,0.494479,-0.3419378,1.915,0.9996133,0.00756873,0.02675722,-0.01210325,0.98474,0.1736106,-0.0250349,-0.1738673,0.9844509,moving,20.54745,-19.60556,14.4783,-10.1239,-5.552899934739313,1.5302050119141897,11.257728815267313,23.174708940010955,10.447468332959952
278,05/05/2023 11:21:47.606072,460,True,True,True,True,Eyes,2.18644,0.01125143,-2.587475,0.3276647,-0.3165561,0.8901843,0.0,0.0,0.0,0.0,0.0,0.0,0.0,-2.103982,0.3741218,2.502442,2.196393,0.0101546,-2.450444,0.07399724,-0.01831913,0.003873004,0.9970827,8.493931,357.9164,0.2903686,0.635652,0.004058999,-0.7719647,-0.007888997,0.001889373,0.1736824,2.629091,-0.6110059,-0.5900106,0.498311,-0.3445878,1.915,0.9992989,0.00501228,0.03710456,-0.01043454,0.9890188,0.1474209,-0.03595819,-0.1477046,0.9883776,moving,20.20797,-19.57576,14.58573,-10.20072,-5.575166416955398,1.5404151527543344,10.931649354932675,23.33058076882032,10.158753576569975
279,05/05/2023 11:21:47.626098,461,True,True,True,True,Eyes,2.186883,0.01124054,-2.580827,0.3221472,-0.3168803,0.8920807,0.0,0.0,0.0,0.0,0.0,0.0,0.0,-2.071015,0.4080997,2.516274,2.197446,0.01099485,-2.440983,0.07950059,-0.02497358,0.005511501,0.9965068,9.132668,357.1613,0.4070165,0.6366347,0.003985234,-0.7711548,-0.007415657,0.001776011,0.1632614,2.610549,-0.6323015,-0.5820712,0.5022023,-0.3472788,1.915,0.9986919,0.007013669,0.05064901,-0.01495533,0.9872985,0.1581705,-0.04889634,-0.158721,0.9861119,moving,19.85561,-19.5558,14.69472,-10.27869,-5.597702784692202,1.5504546111871589,10.616004688403262,23.48853091840938,9.881787158370384
280,05/05/2023 11:21:47.645914,462,True,True,True,True,Eyes,2.18737,0.01133679,-2.574009,0.3163272,-0.3173035,0.8940109,0.0,0.0,0.0,0.0,0.0,0.0,0.0,-2.039274,0.4247779,2.528542,2.198226,0.01351018,-2.429037,0.08193067,-0.03134261,0.007176278,0.9961193,9.420288,356.4395,0.5320704,0.6376235,0.003919009,-0.7703378,-0.006970718,0.00166945,0.1534657,2.592588,-0.6404193,-0.5682705,0.5059338,-0.3498592,1.915,0.9979323,0.009161017,0.06361786,-0.0194327,0.9864717,0.1627756,-0.06126603,-0.1636753,0.98461,moving,19.48527,-19.54086,14.79913,-10.35342,-5.621072677070857,1.560699186987174,10.313532947210668,23.641719763468725,9.619848302940104
281,05/05/2023 11:21:47.655761,463,True,True,True,True,Eyes,2.187847,0.01155373,-2.567035,0.3102071,-0.3179068,0.8959391,0.0,0.0,0.0,0.0,0.0,0.0,0.0,-2.00246,0.4109536,2.550052,2.19853,0.0161611,-2.418201,0.07869382,-0.038659,0.008208686,0.9961152,9.056647,355.6021,0.5958171,0.638621,0.00386277,-0.7695115,-0.006552475,0.001569283,0.1442578,2.569787,-0.628267,-0.5477705,0.5099527,-0.3526382,1.915,0.9968762,0.01026914,0.07830957,-0.02243804,0.9874798,0.1561415,-0.07572569,-0.1574109,0.9846255,moving,19.09774,-19.53625,14.91147,-10.43386,-5.644949642684564,1.5708585361688012,10.018900150465619,23.80503425031736,9.368127649704638
282,05/05/2023 11:21:47.675943,464,True,True,True,True,Eyes,2.188337,0.01183754,-2.559885,0.3038742,-0.3185755,0.8978698,0.0,0.0,0.0,0.0,0.0,0.0,0.0,-1.967557,0.4167721,2.566406,2.198874,0.01931098,-2.407488,0.08085965,-0.04569015,0.007679977,0.9956482,9.306589,354.7824,0.4589188,0.6396289,0.003819081,-0.768674,-0.006159326,0.001475126,0.1356023,2.546494,-0.636807,-0.5350959,0.513622,-0.3551755,1.915,0.9957069,0.007904132,0.09222462,-0.02268209,0.9868055,0.1603137,-0.08974063,-0.1617173,0.9827483,moving,18.69783,-19.53532,15.01394,-10.50727,-5.66938881245161,1.581147747570928,9.750729835996893,23.956834816055704,9.144110560501682
283,05/05/2023 11:21:47.696021,465,True,True,True,True,Eyes,2.188786,0.01209547,-2.552626,0.2973286,-0.3192896,0.8998054,0.0,0.0,0.0,0.0,0.0,0.0,0.0,-1.93695,0.3937485,2.582479,2.198567,0.02119452,-2.396218,0.07804974,-0.05187139,0.005929986,0.9955815,8.976245,354.0519,0.2152308,0.6406494,0.0037887,-0.7678238,-0.005789767,0.001386619,0.1274662,2.524443,-0.6292064,-0.5163211,0.5175903,-0.3579195,1.915,0.9945484,0.003710472,0.10421,-0.01990466,0.9877462,0.1547946,-0.1023587,-0.1560249,0.9824352,moving,18.28544,-19.53687,15.12464,-10.58662,-5.694459171106279,1.5916304244318156,9.491977228296538,24.119383775223856,8.93193486708787
284,05/05/2023 11:21:47.706172,466,True,True,True,True,Eyes,2.189215,0.0123035,-2.545271,0.2906335,-0.3202663,0.9016439,0.0,0.0,0.0,0.0,0.0,0.0,0.0,-1.907208,0.3920809,2.595357,2.198121,0.02084475,-2.386394,0.07851469,-0.05775727,0.004826427,0.9952269,9.023372,353.3597,0.03116443,0.6416827,0.003769566,-0.7669606,-0.00544238,0.001303421,0.1198182,2.504129,-0.6353652,-0.5035897,0.5214797,-0.3606093,1.915,0.9932817,0.0005371891,0.1157211,-0.01867636,0.9876243,0.1557223,-0.1142053,-0.1568373,0.9809991,moving,17.86607,-19.55518,15.23303,-10.66436,-5.719076934246798,1.6014393068678905,9.27251745288193,24.27839816834038,8.759541026777214
285,05/05/2023 11:21:47.726015,467,True,True,True,True,Eyes,2.189566,0.01252419,-2.537809,0.2836648,-0.3215182,0.903416,0.0,0.0,0.0,0.0,0.0,0.0,0.0,-1.873457,0.4219127,2.605497,2.197017,0.01998701,-2.376801,0.08432627,-0.06419361,0.004733453,0.994357,9.689491,352.6055,359.9179,0.6427277,0.003759119,-0.7660852,-0.005115838,0.001225216,0.1126291,2.482394,-0.6611505,-0.498035,0.5253228,-0.363267,1.915,0.9917136,-0.001412933,0.128461,-0.0202399,0.9857333,0.1670931,-0.1268644,-0.1683086,0.9775365,moving,17.43184,-19.59022,15.34002,-10.74113,-5.743724273688102,1.610777731844305,9.092970072561549,24.43550484877018,8.628239288673377
286,05/05/2023 11:21:47.746087,468,True,True,True,True,Eyes,2.189824,0.01282844,-2.530236,0.2764427,-0.3224612,0.9053167,0.0,0.0,0.0,0.0,0.0,0.0,0.0,-1.834898,0.4413716,2.619361,2.195615,0.02057638,-2.366762,0.08819109,-0.07147323,0.004769867,0.9935246,10.13231,351.7544,359.8179,0.6437844,0.003756891,-0.7651974,-0.004808887,0.001151703,0.1058714,2.457139,-0.6782299,-0.4893915,0.5292314,-0.3659695,1.915,0.9897377,-0.003128643,0.1428621,-0.02208456,0.9843992,0.1745582,-0.1411795,-0.1759219,0.9742278,moving,16.9803,-19.60519,15.44872,-10.81916,-5.77047911090131,1.621580405512753,8.918523446025132,24.597285068589024,8.50466161294365
287,05/05/2023 11:21:47.755876,469,True,True,True,True,Eyes,2.189982,0.01316706,-2.522549,0.2688548,-0.3230879,0.9073761,0.0,0.0,0.0,0.0,0.0,0.0,0.0,-1.792149,0.4360082,2.639018,2.193721,0.02292249,-2.356561,0.08792532,-0.07947683,0.004128073,0.9929429,10.09413,350.8177,359.6637,0.6448524,0.003764601,-0.7642975,0.0,0.0,0.0,2.42755,-0.6788375,-0.4749564,0.5332651,-0.3687588,1.915,0.9873328,-0.005778171,0.1585578,-0.02217393,0.9845042,0.1739535,-0.157106,-0.1752658,0.9719051,moving,16.50451,-19.59921,15.56079,-10.89965,-5.799810831359272,1.6340698291632014,8.750597215733336,24.76629565826559,8.390274361568357
288,05/05/2023 11:21:47.776101,470,True,True,True,True,Eyes,2.189999,0.01348452,-2.514781,0.2610867,-0.3232906,0.9095696,0.0,0.0,0.0,0.0,0.0,0.0,0.0,-1.747535,0.410428,2.661975,2.191628,0.02402665,-2.346195,0.08356164,-0.08776976,0.003239143,0.9926246,9.582017,349.8538,359.5213,0.6459298,0.003782326,-0.7633872,0.0,0.0,0.0,2.395437,-0.6652462,-0.4549792,0.5369009,-0.3712731,1.915,0.984572,-0.008237865,0.1747862,-0.02109888,0.9860139,0.1653221,-0.1737035,-0.1664593,0.9706278,moving,16.01582,-19.56686,15.66169,-10.97217,-5.831311234751654,1.6482310305822796,8.601982576883074,24.924358050905912,8.294944909743261
289,05/05/2023 11:21:47.795804,471,True,True,True,True,Eyes,2.189912,0.01380536,-2.50694,0.2530003,-0.3235767,0.9117505,0.0,0.0,0.0,0.0,0.0,0.0,0.0,-1.701164,0.4004666,2.682849,2.189267,0.02380658,-2.336355,0.0811023,-0.09620676,0.00355467,0.9920453,9.299679,348.8814,359.5034,0.647015,0.00380849,-0.7624675,0.0,0.0,0.0,2.364033,-0.6592883,-0.4383802,0.5407544,-0.373938,1.915,0.9814633,-0.008552391,0.1914595,-0.02265797,0.9868196,0.1602304,-0.1903064,-0.1615983,0.9683333,moving,15.50873,-19.53958,15.76853,-11.04899,-5.863668158264659,1.6626055623632154,8.49456382565344,25.090569122670793,8.240319610104452
290,05/05/2023 11:21:47.806240,472,True,True,True,True,Eyes,2.189725,0.01414288,-2.499021,0.2447707,-0.3237649,0.9139276,0.0,0.0,0.0,0.0,0.0,0.0,0.0,-1.654511,0.4083922,2.700427,2.186809,0.02422348,-2.326752,0.08202677,-0.1046166,0.004271592,0.991115,9.409507,347.9074,359.495,0.648107,0.003842404,-0.7615393,0.0,0.0,0.0,2.333429,-0.6651717,-0.4270109,0.5446886,-0.3766586,1.915,0.9780743,-0.008695443,0.2080749,-0.02563,0.9865067,0.1617022,-0.2066734,-0.1634897,0.964654,moving,14.99325,-19.50703,15.87749,-11.12738,-5.8968129595180905,1.6774630433546351,8.42617436919626,25.2603300599542,8.222361045089313
291,05/05/2023 11:21:47.826156,473,True,True,True,True,Eyes,2.189417,0.01446525,-2.491045,0.2362812,-0.3239472,0.9160947,0.0,0.0,0.0,0.0,0.0,0.0,0.0,-1.609463,0.4092509,2.716811,2.183956,0.02498109,-2.317031,0.08201496,-0.1126664,0.004518321,0.9902321,9.40696,346.9723,359.4464,0.6492045,0.003883836,-0.7606038,0.0,0.0,0.0,2.303047,-0.6674311,-0.4148365,0.5485129,-0.3793031,1.915,0.9745718,-0.009532291,0.2238729,-0.02742904,0.9865063,0.1614096,-0.2223906,-0.1634458,0.9611596,moving,14.46265,-19.47449,15.98328,-11.20354,-5.930879402589936,1.692707246748324,8.409573681192168,25.427221149220863,8.252712185497641
292,05/05/2023 11:21:47.845860,474,True,True,True,True,Eyes,2.188943,0.01479132,-2.483046,0.2278005,-0.3242457,0.9181349,0.0,0.0,0.0,0.0,0.0,0.0,0.0,-1.566637,0.4080114,2.731605,2.180882,0.02493799,-2.307731,0.08166953,-0.1202536,0.004479263,0.9893681,9.362473,346.0886,359.3741,0.650306,0.003931637,-0.7596619,0.0,0.0,0.0,2.27384,-0.6693867,-0.4031416,0.5523409,-0.38195,1.915,0.971038,-0.01077882,0.2386817,-0.02850538,0.98662,0.1605251,-0.2372184,-0.1626797,0.9577383,moving,13.9344,-19.45103,16.08908,-11.27972,-5.964326684081485,1.7074293795413549,8.450618499169158,25.59333497963896,8.335049892506984
293,05/05/2023 11:21:47.856000,475,True,True,True,True,Eyes,2.188327,0.01512083,-2.47501,0.219068,-0.3246084,0.9201297,0.0,0.0,0.0,0.0,0.0,0.0,0.0,-1.522806,0.4193765,2.744447,2.177399,0.02539133,-2.298933,0.08380644,-0.1279085,0.004557689,0.9882284,9.602148,345.1895,359.2776,0.6514094,0.003985358,-0.7587156,0.0,0.0,0.0,2.244863,-0.680462,-0.395657,0.556641,-0.3849237,1.915,0.9672373,-0.01243104,0.2535696,-0.03044719,0.9859114,0.1644739,-0.2520417,-0.1668057,0.9532318,moving,13.39188,-19.43211,16.20778,-11.36526,-5.99840637233619,1.722286031540742,8.544200473566852,25.775930135120777,8.465434625654746
294,05/05/2023 11:21:47.876015,476,True,True,True,True,Eyes,2.187579,0.01543791,-2.466956,0.210321,-0.3250728,0.9220048,0.0,0.0,0.0,0.0,0.0,0.0,0.0,-1.479661,0.4204513,2.757281,2.173476,0.02581559,-2.290002,0.08438809,-0.1353887,0.004001232,0.9871842,9.653924,344.3082,359.1311,0.6525126,0.004044547,-0.7577668,0.0,0.0,0.0,2.214372,-0.68551,-0.3864903,0.5601375,-0.3873414,1.915,0.9633078,-0.01495048,0.2679825,-0.03075029,0.9857253,0.1655297,-0.2666319,-0.1676966,0.9490972,moving,12.85002,-19.42121,16.3042,-11.43478,-6.032025520865124,1.736717815318758,8.701403542952136,25.930586673230003,8.651640962190758
295,05/05/2023 11:21:47.895721,477,True,True,True,True,Eyes,2.186685,0.01573305,-2.458893,0.2013534,-0.3257119,0.9237795,0.0,0.0,0.0,0.0,0.0,0.0,0.0,-1.435625,0.4268209,2.769387,2.169449,0.02585749,-2.281561,0.08578411,-0.1429627,0.003619435,0.9859968,9.799482,343.4133,358.9888,0.6536139,0.004108345,-0.7568167,0.0,0.0,0.0,2.184011,-0.6941267,-0.3792485,0.5639708,-0.3899924,1.915,0.9590971,-0.01739036,0.2825425,-0.03166536,0.985256,0.1681308,-0.2813006,-0.1702006,0.9444055,moving,12.29626,-19.42195,16.40979,-11.51095,-6.065760456274388,1.750862255099102,8.916560438919259,26.096475482371805,8.889969151021354
296,05/05/2023 11:21:47.905969,478,True,True,True,True,Eyes,2.185619,0.01599248,-2.45085,0.192523,-0.3264467,0.9254012,0.0,0.0,0.0,0.0,0.0,0.0,0.0,-1.392271,0.4389506,2.779413,2.165153,0.02566356,-2.273256,0.08803135,-0.1503326,0.003573714,0.9847019,10.04629,342.5402,358.8694,0.6547111,0.004175664,-0.7558673,0.0,0.0,0.0,2.154708,-0.706001,-0.3736733,0.5678396,-0.3926677,1.915,0.9547747,-0.01942988,0.2966948,-0.03350605,0.9844754,0.1722948,-0.2954364,-0.1744438,0.9393011,moving,11.75233,-19.43093,16.51625,-11.58779,-6.098464046382237,1.7643357871072107,9.176588626826419,26.262226760775093,9.166383370395211
297,05/05/2023 11:21:47.926051,479,True,True,True,True,Eyes,2.184407,0.01621399,-2.442824,0.183534,-0.327382,0.9268961,0.0,0.0,0.0,0.0,0.0,0.0,0.0,-1.349416,0.4493471,2.789108,2.160782,0.02507289,-2.265469,0.08947347,-0.1575215,0.004078292,0.9834454,10.21075,341.6952,358.8259,0.655802,0.004245124,-0.7549207,0.0,0.0,0.0,2.126483,-0.7149198,-0.3676839,0.5716977,-0.3953356,1.915,0.9503407,-0.02016643,0.3105573,-0.03620954,0.9839557,0.1746997,-0.3090978,-0.1772694,0.9343629,moving,11.20022,-19.45335,16.62229,-11.66437,-6.130962212661647,1.77733514069801,9.490366300902194,26.427068005029607,9.490524930050473
298,05/05/2023 11:21:47.945871,480,True,True,True,True,Eyes,2.183017,0.01641584,-2.43483,0.1747028,-0.3284406,0.9282271,0.0,0.0,0.0,0.0,0.0,0.0,0.0,-1.307203,0.4702948,2.795943,2.156154,0.02442951,-2.257799,0.09243203,-0.1644885,0.005400359,0.9820238,10.56306,340.8758,358.8458,0.6568849,0.00431542,-0.7539782,0.0,0.0,0.0,2.100081,-0.729186,-0.3641832,0.575536,-0.3979898,1.915,0.9458288,-0.01980144,0.3240615,-0.04101457,0.9828543,0.1797643,-0.3220648,-0.1833175,0.9287997,moving,10.65902,-19.48564,16.72768,-11.74051,-6.162277744833762,1.7895530115170892,9.839495561892388,26.58971174450558,9.844278087162436
299,05/05/2023 11:21:47.955807,481,True,True,True,True,Eyes,2.181476,0.01658836,-2.426858,0.1657128,-0.3294917,0.9295023,0.0,0.0,0.0,0.0,0.0,0.0,0.0,-1.263921,0.490266,2.802619,2.151302,0.02417074,-2.250299,0.09495494,-0.1715388,0.007214392,0.9805642,10.87657,340.0519,358.9247,0.657957,0.00438589,-0.7530424,0.0,0.0,0.0,2.073851,-0.7413849,-0.3604001,0.5795923,-0.4007948,1.915,0.9410448,-0.01842857,0.3377797,-0.04672527,0.981863,0.1837437,-0.3350396,-0.1886939,0.923116,moving,10.10856,-19.51849,16.83892,-11.82094,-6.19412869592416,1.801979549413016,10.224970500304636,26.760143297048938,10.229395166338357
300,05/05/2023 11:21:47.975669,482,True,True,True,True,Eyes,2.179741,0.01670303,-2.418954,0.1567571,-0.3303391,0.9307541,0.0,0.0,0.0,0.0,0.0,0.0,0.0,-1.220358,0.5002146,2.810308,2.146261,0.02364762,-2.242838,0.09536844,-0.1785607,0.009232636,0.9792526,10.95727,339.2426,359.0676,0.6590171,0.004455675,-0.7521145,0.0,0.0,0.0,2.043367,-0.7430449,-0.3546156,0.5795925,-0.4007948,1.915,0.9360617,-0.01597595,0.3514731,-0.05214028,0.9816393,0.1834824,-0.3479511,-0.1900768,0.9180418,static,9.560011,-19.54057,16.83892,-11.82094,-6.226427495134702,1.8149049992223265,10.610146255692285,26.7945241404682,10.610338269370649
301,05/05/2023 11:21:47.995966,483,True,True,True,True,Eyes,2.177867,0.01677855,-2.411086,0.1476725,-0.331306,0.9318954,0.0,0.0,0.0,0.0,0.0,0.0,0.0,-1.175114,0.5176436,2.81719,2.141346,0.02232827,-2.235967,0.0964645,-0.1857655,0.01221748,0.9777712,11.1384,338.4173,359.3023,0.6600621,0.004523102,-0.751197,0.0,0.0,0.0,2.013551,-0.7477516,-0.3506458,0.5795925,-0.4007949,1.915,0.9306838,-0.01194776,0.3656295,-0.05973135,0.9810907,0.1841012,-0.3609153,-0.1931796,0.9123715,static,9.004483,-19.57124,16.83892,-11.82094,-6.258701785014324,1.827572224546655,11.020233808634416,26.828753569019337,11.013324581622651
302,05/05/2023 11:21:48.016077,484,True,True,True,True,Eyes,2.175815,0.01683194,-2.403262,0.138577,-0.3320707,0.9330195,0.0,0.0,0.0,0.0,0.0,0.0,0.0,-1.12933,0.5419987,2.821846,2.136213,0.02150861,-2.228923,0.09861783,-0.1929506,0.01590841,0.9761105,11.45878,337.5956,359.5908,0.6610905,0.004587197,-0.7502918,0.0,0.0,0.0,1.984718,-0.7557842,-0.348323,0.5795923,-0.400795,1.915,0.925034,-0.007000005,0.3798198,-0.06911344,0.9800429,0.1863847,-0.3735444,-0.1986628,0.9060892,static,8.448113,-19.59114,16.83892,-11.82094,-6.291591827949942,1.8408088675504348,11.43598050677112,26.86380389190905,11.419327982512627
303,05/05/2023 11:21:48.026143,485,True,True,True,True,Eyes,2.173618,0.01684038,-2.395475,0.1293558,-0.3327418,0.9341038,0.0,0.0,0.0,0.0,0.0,0.0,0.0,-1.085781,0.5486922,2.827898,2.130827,0.02098571,-2.22174,0.09842508,-0.1998274,0.01811164,0.9747069,11.4849,336.8047,359.7644,0.6621013,0.004647693,-0.7493996,0.0,0.0,0.0,1.954515,-0.7554109,-0.3429334,0.5795927,-0.4007948,1.915,0.919482,-0.004028956,0.3931115,-0.07464313,0.9799689,0.1846328,-0.3859809,-0.1991096,0.9007631,static,7.884243,-19.60666,16.83893,-11.82094,-6.325168827431348,1.854460393445752,11.866080026123583,26.8996663623931,11.837142525306103
304,05/05/2023 11:21:48.046252,486,True,True,True,True,Eyes,2.171232,0.01682264,-2.387748,0.1202618,-0.3333771,0.9350919,0.0,0.0,0.0,0.0,0.0,0.0,0.0,-1.046409,0.5463189,2.833545,2.125241,0.01990259,-2.214807,0.09735614,-0.206073,0.01883194,0.9734994,11.37992,336.0757,359.7978,0.6630934,0.004703569,-0.7485215,0.0,0.0,0.0,1.924652,-0.7528713,-0.3369422,0.5795925,-0.4007949,1.915,0.9143586,-0.003459193,0.4048908,-0.07679071,0.9803343,0.1817908,-0.3975572,-0.1973138,0.8961114,static,7.328557,-19.62207,16.83893,-11.82094,-6.358252450868067,1.8679079183657168,12.300602581826185,26.934992685928226,12.257419406387214
305,05/05/2023 11:21:48.055992,487,True,True,True,True,Eyes,2.168692,0.01677183,-2.380061,0.1111314,-0.3339259,0.9360253,0.0,0.0,0.0,0.0,0.0,0.0,0.0,-1.010783,0.5455482,2.837047,2.119632,0.01911311,-2.207926,0.09715587,-0.2117425,0.01880674,0.9723025,11.3554,335.402,359.7328,0.6640645,0.00475448,-0.7476599,0.0,0.0,0.0,1.896476,-0.7535343,-0.3325575,0.5795925,-0.4007949,1.915,0.9096228,-0.004572369,0.41541,-0.07771575,0.9804141,0.1809654,-0.4081012,-0.1968942,0.8914517,static,6.770855,-19.6338,16.83892,-11.82094,-6.39165187939828,1.88159427013467,12.743889289531081,26.970704760315503,12.684495957670325
306,05/05/2023 11:21:48.076143,488,True,True,True,True,Eyes,2.165967,0.01666937,-2.372456,0.1020914,-0.3344722,0.9368595,0.0,0.0,0.0,0.0,0.0,0.0,0.0,-0.9802908,0.5385514,2.839225,2.113479,0.01824742,-2.201153,0.09611365,-0.216503,0.01823263,0.9713683,11.22243,334.8345,359.638,0.6650141,0.004799933,-0.7468149,0.0,0.0,0.0,1.870475,-0.7511617,-0.3269203,0.5795926,-0.4007949,1.915,0.905588,-0.006196596,0.424113,-0.07703897,0.9808595,0.1788287,-0.4171034,-0.1946183,0.8877773,static,6.219095,-19.64729,16.83893,-11.82094,-6.42459667406264,1.8950389156444445,13.192143485792029,27.00592066435112,13.115032246836229
307,05/05/2023 11:21:48.095635,489,True,True,True,True,Eyes,2.163101,0.016509,-2.364916,0.09311044,-0.3350663,0.9375826,0.0,0.0,0.0,0.0,0.0,0.0,0.0,-0.9525129,0.535692,2.839936,2.107497,0.01694309,-2.194916,0.09561967,-0.2207738,0.0179345,0.9704608,11.15765,334.3251,359.5672,0.6659399,0.004838851,-0.7459893,0.0,0.0,0.0,1.847072,-0.7511306,-0.3224755,0.5795925,-0.4007949,1.915,0.9018745,-0.007411186,0.4319345,-0.0770301,0.9810705,0.1776713,-0.425075,-0.1935092,0.8842316,static,5.671394,-19.66549,16.83892,-11.82094,-6.45704708452131,1.9081400174664584,13.647366107171598,27.04051997519828,13.551230833847658
308,05/05/2023 11:21:48.106003,490,True,True,True,True,Eyes,2.160094,0.01630707,-2.357444,0.08431938,-0.335708,0.9381846,0.0,0.0,0.0,0.0,0.0,0.0,0.0,-0.9273217,0.5408383,2.838042,2.101295,0.01540005,-2.188888,0.09649239,-0.224545,0.0179018,0.9695094,11.25291,333.87,359.4963,0.6668413,0.004870089,-0.7451835,0.0,0.0,0.0,1.826181,-0.756365,-0.3200704,0.5795925,-0.4007948,1.915,0.8985181,-0.008621836,0.4388517,-0.0780457,0.9807375,0.1790611,-0.4319422,-0.1951401,0.8805375,static,5.135662,-19.68859,16.83892,-11.82094,-6.488510724498019,1.920685331361762,14.101991502517084,27.073996582584137,13.98598799704306
309,05/05/2023 11:21:48.125889,491,True,True,True,True,Eyes,2.15694,0.0160625,-2.350045,0.07563877,-0.3363463,0.9386959,0.0,0.0,0.0,0.0,0.0,0.0,0.0,-0.9046435,0.5452505,2.83516,2.094705,0.01420366,-2.183075,0.09750894,-0.2278554,0.01753305,0.9686416,11.3553,333.4649,359.3882,0.6677176,0.004893109,-0.7443982,0.0,0.0,0.0,1.806409,-0.7618403,-0.3180203,0.5795925,-0.4007949,1.915,0.8955491,-0.01046939,0.4448396,-0.07840236,0.9803692,0.1809124,-0.4380011,-0.1968924,0.8771479,static,4.606858,-19.71323,16.83892,-11.82094,-6.519471123715023,1.9329748780910048,14.55718318274329,27.106910749147012,14.420433646142406
310,05/05/2023 11:21:48.145936,492,True,True,True,True,Eyes,2.153617,0.01576932,-2.342726,0.06708143,-0.3369774,0.93912,0.0,0.0,0.0,0.0,0.0,0.0,0.0,-0.8852445,0.5445804,2.832124,2.088038,0.01292798,-2.177403,0.09776623,-0.2306305,0.01677939,0.967972,11.36214,333.1237,359.2629,0.6685676,0.004907366,-0.7436349,0.0,0.0,0.0,1.787999,-0.7645625,-0.314804,0.5795926,-0.4007948,1.915,0.893056,-0.01261178,0.4497687,-0.07757972,0.9803204,0.1815303,-0.4432068,-0.1970096,0.8745027,static,4.085703,-19.73913,16.83893,-11.82094,-6.549898981864742,1.9450044356448415,15.011413384143049,27.139243676789842,14.853212192290034
311,05/05/2023 11:21:48.155745,493,True,True,True,True,Eyes,2.150137,0.01547164,-2.335477,0.05871928,-0.3375884,0.9394606,0.0,0.0,0.0,0.0,0.0,0.0,0.0,-0.8693396,0.5424886,2.827977,2.080958,0.01143885,-2.171861,0.0976741,-0.2327403,0.01612145,0.9674875,11.33243,332.865,359.166,0.6693903,0.004912196,-0.7428943,0.0,0.0,0.0,1.7718,-0.7660714,-0.3107624,0.5795925,-0.4007949,1.915,0.8911441,-0.01427081,0.4534959,-0.07665998,0.9803997,0.1814927,-0.4471973,-0.1965012,0.8725835,static,3.576516,-19.76554,16.83892,-11.82094,-6.579570187571219,1.9567015435466333,15.459884508598893,27.17073957712288,15.279839384520782
312,05/05/2023 11:21:48.175671,494,True,True,True,True,Eyes,2.146491,0.01516754,-2.328282,0.05045424,-0.3380922,0.9397596,0.0,0.0,0.0,0.0,0.0,0.0,0.0,-0.8563659,0.5405372,2.822676,2.073725,0.01102566,-2.166239,0.09782938,-0.2343409,0.0154779,0.9670958,11.3309,332.6657,359.07,0.6701847,0.004908368,-0.7421778,0.0,0.0,0.0,1.757563,-0.7673786,-0.3066909,0.5795923,-0.4007949,1.915,0.8896896,-0.01591362,0.4562885,-0.07578807,0.9803798,0.1819665,-0.4502317,-0.196475,0.8710275,static,3.073171,-19.78694,16.83892,-11.82094,-6.609147638852838,1.9685038859079824,15.904496267754004,27.20221753237818,15.702019695130113
313,05/05/2023 11:21:48.196000,495,True,True,True,True,Eyes,2.14268,0.01478856,-2.32116,0.04240749,-0.3382671,0.9400941,0.0,0.0,0.0,0.0,0.0,0.0,0.0,-0.8457083,0.5236719,2.818961,2.066069,0.01050144,-2.16038,0.0952781,-0.2355239,0.014481,0.9670786,11.01722,332.5301,359.0151,0.6709505,0.004896515,-0.7414857,0.0,0.0,0.0,1.743255,-0.7585917,-0.2981025,0.5795924,-0.4007948,1.915,0.8886376,-0.01687201,0.4582996,-0.07288906,0.9814247,0.1774616,-0.4527807,-0.1911041,0.8709012,static,2.582852,-19.78988,16.83892,-11.82094,-6.638898029432735,1.980911657910632,16.33216089634878,27.23415224695139,16.107069013592188
314,05/05/2023 11:21:48.206201,496,True,True,True,True,Eyes,2.138685,0.01435524,-2.314144,0.0343019,-0.3385584,0.9403199,0.0,0.0,0.0,0.0,0.0,0.0,0.0,-0.8347577,0.5052329,2.81581,2.058294,0.008276662,-2.155045,0.09137598,-0.2365994,0.01467117,0.9671897,10.58524,332.4276,359.1339,0.6716863,0.004875047,-0.7408193,0.0,0.0,0.0,1.730142,-0.7460471,-0.2876671,0.5795925,-0.4007949,1.915,0.887611,-0.01485939,0.4603541,-0.0716186,0.9828704,0.1698134,-0.4549918,-0.1836982,0.8713424,static,2.089164,-19.80121,16.83892,-11.82094,-6.668414218441086,1.992978925142873,16.77021202407519,27.265713233434987,16.521769181131614
315,05/05/2023 11:21:48.225877,497,True,True,True,True,Eyes,2.134514,0.01389442,-2.307194,0.02637658,-0.3386482,0.9405433,0.0,0.0,0.0,0.0,0.0,0.0,0.0,-0.8211772,0.5088998,2.809794,2.050579,0.00652555,-2.150195,0.09119955,-0.2380218,0.01601217,0.9668361,10.60123,332.2719,359.2741,0.6723913,0.004843129,-0.7401797,0.0,0.0,0.0,1.718213,-0.7469217,-0.283208,0.5795923,-0.4007949,1.915,0.8861784,-0.01245268,0.4631767,-0.07437724,0.9828525,0.1687275,-0.4573355,-0.1839725,0.8700566,static,1.606381,-19.80172,16.83892,-11.82094,-6.697832333494368,2.0053173066813144,17.19660122800203,27.297327735857426,16.924749439983778
316,05/05/2023 11:21:48.246016,498,True,True,True,True,Eyes,2.130233,0.0133919,-2.300296,0.01827927,-0.338479,0.9407964,0.0,0.0,0.0,0.0,0.0,0.0,0.0,-0.806724,0.4972414,2.805851,2.042191,0.005376104,-2.144825,0.08882176,-0.2396258,0.01619265,0.9666582,10.33952,332.0957,359.3441,0.6730646,0.004800867,-0.7395677,0.0,0.0,0.0,1.702868,-0.7391183,-0.2754996,0.5795925,-0.4007949,1.915,0.8846345,-0.01126246,0.4661491,-0.07387349,0.983697,0.1639602,-0.460396,-0.1794809,0.8693803,static,1.113092,-19.78768,16.83892,-11.82094,-6.728653697212722,2.018664888866517,17.62868720333945,27.330663977545278,17.332447535319826
317,05/05/2023 11:21:48.255806,499,True,True,True,True,Eyes,2.125799,0.01282302,-2.293484,0.01038701,-0.3382511,0.9409986,0.0,0.0,0.0,0.0,0.0,0.0,0.0,-0.7910416,0.4789559,2.80378,2.03407,0.003820257,-2.13983,0.08530749,-0.2414949,0.01588722,0.9665146,9.937582,331.8894,359.3897,0.6737058,0.004747984,-0.738984,0.0,0.0,0.0,1.685826,-0.7275016,-0.2669492,0.5795925,-0.4007949,1.915,0.8828557,-0.01049218,0.4695272,-0.07191309,0.9849404,0.1572285,-0.464106,-0.1725752,0.8688058,static,0.6324217,-19.77147,16.83892,-11.82094,-6.758819167270992,2.0317996841822,18.051634674699216,27.363327476099684,17.73125118288031
318,05/05/2023 11:21:48.276207,500,True,True,True,True,Eyes,2.121243,0.01220467,-2.28674,0.00245626,-0.3382638,0.9410481,0.0,0.0,0.0,0.0,0.0,0.0,0.0,-0.7761064,0.4796889,2.798331,2.025954,0.001659784,-2.135089,0.08464512,-0.2431252,0.01693874,0.9661462,9.892235,331.7078,359.5098,0.6743147,0.00468333,-0.738429,0.0,0.0,0.0,1.672155,-0.7270354,-0.2622251,0.5795923,-0.400795,1.915,0.8812064,-0.008428124,0.4726565,-0.07388933,0.9850966,0.1553227,-0.4669214,-0.1717956,0.8674507,static,0.1495492,-19.77119,16.83892,-11.82094,-6.788284140699754,2.044180543968176,18.486253616197974,27.395005807721013,18.14123485440609
319,05/05/2023 11:21:48.295765,501,True,True,True,True,Eyes,2.116524,0.01161735,-2.280094,-0.005246377,-0.3384752,0.9409607,0.0,0.0,0.0,0.0,0.0,0.0,0.0,-0.7632542,0.4850234,2.791409,2.017784,-0.0001169965,-2.130332,0.08500126,-0.2444009,0.01796307,0.9657745,9.960225,331.5628,359.6014,0.6748922,0.004606334,-0.7379016,0.0,0.0,0.0,1.66015,-0.73006,-0.2586831,0.5795924,-0.4007948,1.915,0.8798911,-0.006852214,0.4751261,-0.07624533,0.9849042,0.1554037,-0.4690185,-0.1729645,0.866086,static,-0.3194524,-19.78428,16.83892,-11.82094,-6.816202478523111,2.055526051079464,18.916250351818718,27.424826882602016,18.546921499858794
320,05/05/2023 11:21:48.306103,502,True,True,True,True,Eyes,2.111653,0.01122008,-2.273525,-0.01307781,-0.3391575,0.9406387,0.0,0.0,0.0,0.0,0.0,0.0,0.0,-0.7492507,0.4993332,2.783153,2.00914,8.1921e-05,-2.126031,0.08781533,-0.2458192,0.01845661,0.9651533,10.28732,331.3822,359.5605,0.6754367,0.004519192,-0.7374037,0.0,0.0,0.0,1.647402,-0.7406216,-0.2594046,0.5795926,-0.4007948,1.915,0.8784646,-0.007546469,0.4777479,-0.07880029,0.9838956,0.1604365,-0.4712647,-0.1785845,0.8637229,static,-0.7965384,-19.82732,16.83893,-11.82094,-6.843044358731399,2.0655550926638364,19.36780489347718,27.453062770594258,18.973181936571034
321,05/05/2023 11:21:48.326009,503,True,True,True,True,Eyes,2.106599,0.01085479,-2.267003,-0.02083601,-0.3393044,0.9404458,0.0,0.0,0.0,0.0,0.0,0.0,0.0,-0.732039,0.5125665,2.775465,2.000345,0.004325775,-2.121418,0.09208962,-0.2479365,0.01736673,0.9642331,10.7313,331.0928,359.2901,0.6759474,0.004429022,-0.7369362,0.0,0.0,0.0,1.630547,-0.7530647,-0.2630852,0.5795923,-0.4007947,1.915,0.8764518,-0.0121736,0.4813357,-0.07915591,0.9824358,0.16898,-0.4749385,-0.1862034,0.860094,static,-1.269207,-19.83899,16.83892,-11.82094,-6.871260760981802,2.077066746811517,19.803873087116802,27.48321784749468,19.384044427033782
322,05/05/2023 11:21:48.345810,504,True,True,True,True,Eyes,2.101415,0.01053488,-2.260631,-0.02862912,-0.3399641,0.9400026,0.0,0.0,0.0,0.0,0.0,0.0,0.0,-0.7216711,0.4623656,2.77613,1.990922,0.004593557,-2.116057,0.08525845,-0.2491188,0.01229251,0.9646346,9.823349,330.9455,358.9089,0.6764249,0.004336932,-0.7364985,0.0,0.0,0.0,1.608562,-0.7278488,-0.2502812,0.5795926,-0.4007948,1.915,0.8755774,-0.01876341,0.4827133,-0.06619453,0.9851598,0.1583619,-0.4785212,-0.1706111,0.8613416,static,-1.744486,-19.88318,16.83892,-11.82094,-6.897932167096739,2.0869910114216137,20.2569171489256,27.511246715135762,19.81110615466473
323,05/05/2023 11:21:48.356030,505,True,True,True,True,Eyes,2.096069,0.01035299,-2.254317,-0.03623458,-0.3409339,0.9393888,0.0,0.0,0.0,0.0,0.0,0.0,0.0,-0.7038021,0.4870332,2.768519,1.982872,0.005388195,-2.113156,0.09044041,-0.2512667,0.01228254,0.9636052,10.39714,330.6549,358.7313,0.6768661,0.004244849,-0.7360936,0.0,0.0,0.0,1.593735,-0.7469519,-0.2567216,0.5795924,-0.4007949,1.915,0.8734283,-0.02177829,0.4864655,-0.06912036,0.9833393,0.1681253,-0.4820222,-0.18047,0.8573712,static,-2.208947,-19.94744,16.83892,-11.82094,-6.922892021260169,2.095617290846145,20.708965196254717,27.537143594844895,20.23709230029462
324,05/05/2023 11:21:48.376009,506,True,True,True,True,Eyes,2.090591,0.01026122,-2.248076,-0.04403162,-0.3415993,0.9388137,0.0,0.0,0.0,0.0,0.0,0.0,0.0,-0.6886202,0.5037761,2.758941,1.973658,0.008573348,-2.108161,0.09499162,-0.2530012,0.01161246,0.9627213,10.88141,330.4086,358.5,0.6772725,0.004156925,-0.7357202,0.0,0.0,0.0,1.578474,-0.7612875,-0.2602074,0.5795923,-0.4007948,1.915,0.8717111,-0.02570686,0.4893455,-0.07042513,0.9816835,0.177025,-0.4849332,-0.1887768,0.8539339,static,-2.685281,-19.99456,16.83892,-11.82094,-6.9494742255718185,2.1054195298855127,21.166069275914246,27.565035635508472,20.66728959004152
325,05/05/2023 11:21:48.395733,507,True,True,True,True,Eyes,2.084997,0.01024886,-2.241938,-0.05167408,-0.3424755,0.9381046,0.0,0.0,0.0,0.0,0.0,0.0,0.0,-0.6716985,0.4722101,2.759084,1.964888,0.01067046,-2.10376,0.09077056,-0.255142,0.008880471,0.9625925,10.32792,330.1556,358.2979,0.6776438,0.004075713,-0.7353787,0.0,0.0,0.0,1.556793,-0.743718,-0.2522347,0.5795923,-0.4007947,1.915,0.8696474,-0.02922221,0.4928077,-0.06341531,0.9833637,0.1702186,-0.4895834,-0.1792817,0.8533266,static,-3.152865,-20.05571,16.83892,-11.82094,-6.974787529810957,2.1142839919680885,21.621352974296613,27.591359771162026,21.095534610251182
326,05/05/2023 11:21:48.406056,508,True,True,True,True,Eyes,2.079286,0.01032919,-2.235853,-0.0592623,-0.3432238,0.9373822,0.0,0.0,0.0,0.0,0.0,0.0,0.0,-0.6530112,0.4865597,2.752306,1.956555,0.0126082,-2.10002,0.09400583,-0.2574506,0.009152925,0.9616644,10.69127,329.8571,358.2039,0.6779804,0.004003006,-0.7350688,0.0,0.0,0.0,1.540735,-0.754152,-0.2553079,0.5795925,-0.4007948,1.915,0.8672708,-0.03079963,0.4968829,-0.06600779,0.9821582,0.1760912,-0.4934412,-0.185517,0.8497642,static,-3.617486,-20.11027,16.83892,-11.82094,-7.000265468852333,2.1234077934137106,22.072098638003048,27.617957911511528,21.51912142850173
327,05/05/2023 11:21:48.425986,509,True,True,True,True,Eyes,2.073474,0.01044878,-2.229845,-0.06674361,-0.343663,0.9367182,0.0,0.0,0.0,0.0,0.0,0.0,0.0,-0.6327224,0.4836112,2.747818,1.947921,0.01494211,-2.095257,0.09352119,-0.2599944,0.0101479,0.961017,10.66275,329.5646,358.3017,0.6782821,0.003941002,-0.7347896,0.0,0.0,0.0,1.523019,-0.7499683,-0.2518467,0.5795925,-0.4007949,1.915,0.8645998,-0.02912538,0.5016163,-0.06813459,0.9823016,0.1744741,-0.4978201,-0.1850277,0.8473133,static,-4.075586,-20.14707,16.83892,-11.82094,-7.026276402523543,2.1332680130019925,22.510908511229307,27.645388776451522,21.9311466399456
328,05/05/2023 11:21:48.445979,510,True,True,True,True,Eyes,2.067551,0.01056536,-2.223945,-0.07351072,-0.3442527,0.9359948,0.0,0.0,0.0,0.0,0.0,0.0,0.0,-0.6135062,0.4655201,2.746339,1.939744,0.01595893,-2.091081,0.08989742,-0.2623816,0.01084436,0.9607065,10.27779,329.3107,358.4661,0.6785498,0.003890055,-0.734542,0.0,0.0,0.0,1.504955,-0.7352049,-0.2443264,0.5795923,-0.4007949,1.915,0.8620766,-0.02633836,0.5060931,-0.06801134,0.9836017,0.1670393,-0.5021936,-0.1784208,0.8461488,static,-4.490651,-20.19319,16.83892,-11.82094,-7.049174227207579,2.14155198947959,22.913864124292548,27.669337331498017,22.30929194681166
329,05/05/2023 11:21:48.455963,511,True,True,True,True,Eyes,1.917075,0.01412856,-2.078005,-0.2394967,-0.3544216,0.9038953,0.0,0.0,0.0,0.0,0.0,0.0,0.0,-0.5917798,0.4776566,2.740577,1.931819,0.01604788,-2.087328,0.09126695,-0.2651416,0.01316552,0.9597901,10.49651,328.9906,358.6523,0.678783,0.003848986,-0.7343262,0.0,0.0,0.0,1.489188,-0.7402006,-0.2445165,0.5795925,-0.4007949,1.915,0.8590532,-0.02312504,0.5113637,-0.0736696,0.982994,0.1682128,-0.5065574,-0.1821757,0.8427405,static,-14.84012,-21.41038,16.83892,-11.82094,-7.616599741362958,2.3446906738225817,33.09862436469528,28.261945053505016,31.802008228721004
330,05/05/2023 11:21:48.476319,512,True,True,True,True,Eyes,1.916726,0.01419285,-2.077828,-0.2394444,-0.3542389,0.9039807,0.0,0.0,0.0,0.0,0.0,0.0,0.0,-0.5692573,0.4831483,2.73521,1.92353,0.01683553,-2.082932,0.09170683,-0.2680683,0.015076,0.9589066,10.60047,328.6531,358.8193,0.6786237,0.004010792,-0.7344724,-0.4514283,0.01068961,0.4378195,1.471638,-0.7410572,-0.2430464,0.5795922,-0.4007949,1.915,0.8558242,-0.02025442,0.5168701,-0.07808035,0.9827251,0.1677938,-0.5113398,-0.1839594,0.8394585,static,-14.83569,-21.3985,16.83892,-11.82094,-7.616952125484009,2.3451815368541027,33.09094399085194,28.262496011763496,31.79556672035485
331,05/05/2023 11:21:48.496006,513,True,True,True,True,Eyes,1.916051,0.01429399,-2.077469,-0.2396766,-0.3537503,0.9041106,0.0,0.0,0.0,0.0,0.0,0.0,0.0,-0.5471369,0.4651162,2.733415,1.915005,0.01842376,-2.07838,0.08870413,-0.2710558,0.01485524,0.9583526,10.25753,328.312,358.8578,0.678508,0.004141986,-0.7345785,-0.4243426,0.01004823,0.4115503,1.45,-0.7282649,-0.2371806,0.5795925,-0.4007949,1.915,0.8526163,-0.01961441,0.5221694,-0.07656065,0.9838218,0.1619665,-0.5168986,-0.1780729,0.8373207,static,-14.84739,-21.36886,16.83892,-11.82094,-7.619218984330063,2.346988921953886,33.09357970577526,28.265363477485007,31.7999346774285
332,05/05/2023 11:21:48.516091,514,True,True,True,True,Eyes,1.91507,0.01439876,-2.076923,-0.2400116,-0.3530617,0.9042908,2.029647,1.427931,-0.7021918,-0.2415318,0.0609441,0.6194196,-0.7826909,0.573996,-0.393517,1.903138,1.906523,0.01933725,-2.073637,0.08446283,-0.2739302,0.0133437,0.9579407,9.737311,327.9809,358.796,0.6784222,0.004250417,-0.7346573,-0.3988821,0.009445339,0.3868573,1.42701,-0.7114854,-0.2297939,0.5795923,-0.4007948,1.915,0.8495683,-0.02070889,0.5270719,-0.07183879,0.9853759,0.1545103,-0.5225637,-0.1691312,0.8356565,static,-14.8644,-21.32714,16.83892,-11.82094,-7.622442748966324,2.349546790263619,33.09786001333621,28.2694351448619,31.80658762853949
333,05/05/2023 11:21:48.526196,515,True,True,True,True,Eyes,1.913787,0.01448737,-2.076216,-0.2405822,-0.3521401,0.9044986,0.0,0.0,0.0,0.0,0.0,0.0,0.0,-0.5071285,0.4088075,2.730932,1.897831,0.01947612,-2.068853,0.07972956,-0.2765382,0.01141346,0.9576218,9.149673,327.6818,358.7094,0.6783555,0.004341252,-0.7347184,-0.3749491,0.008878618,0.3636459,1.404289,-0.6935191,-0.2217352,0.5795923,-0.4007949,1.915,0.8467928,-0.02223698,0.531458,-0.06595609,0.9870259,0.146389,-0.527818,-0.1590141,0.8343396,static,-14.8949,-21.272,16.83892,-11.82094,-7.627192538430632,2.3531327996247704,33.1112951561246,28.275342658793996,31.82268836558913
334,05/05/2023 11:21:48.546133,516,True,True,True,True,Eyes,1.912226,0.01456755,-2.075353,-0.2412941,-0.3513573,0.9046133,0.0,0.0,0.0,0.0,0.0,0.0,0.0,-0.488453,0.3869337,2.728177,1.889336,0.01911449,-2.064291,0.07620282,-0.2790409,0.009870443,0.9572001,8.707558,327.391,358.6301,0.678295,0.004420185,-0.7347739,-0.3524522,0.008345901,0.3418271,1.38307,-0.6805583,-0.2155228,0.5795925,-0.4007947,1.915001,0.8440775,-0.02363142,0.5357003,-0.06142338,0.9881914,0.1403742,-0.5326916,-0.1513912,0.8326586,static,-14.93519,-21.22647,16.83892,-11.82093,-7.632035808017983,2.3564806898190778,33.1369619757711,28.281206693240044,31.849655246721376
335,05/05/2023 11:21:48.555832,517,True,True,True,True,Eyes,1.910385,0.01467334,-2.074356,-0.2422144,-0.3506485,0.9046424,0.0,0.0,0.0,0.0,0.0,0.0,0.0,-0.4685076,0.378762,2.723532,1.8806,0.01902011,-2.059992,0.07496441,-0.2816669,0.009321848,0.956534,8.549473,327.0785,358.5863,0.6782259,0.004494372,-0.7348374,-0.3313051,0.007845147,0.3213175,1.362982,-0.6760308,-0.2126252,0.5795925,-0.4007949,1.915,0.8411537,-0.02439667,0.5402455,-0.06006332,0.9885868,0.1381607,-0.5374504,-0.1486633,0.8300881,static,-14.98914,-21.18683,16.83892,-11.82094,-7.637403534113943,2.3598788043421823,33.1774818040143,28.2875597340634,31.890171250473244
336,05/05/2023 11:21:48.576182,518,True,True,True,True,Eyes,1.908283,0.01476641,-2.073211,-0.2434394,-0.3500737,0.9045361,0.0,0.0,0.0,0.0,0.0,0.0,0.0,-0.4459556,0.3799236,2.71806,1.872066,0.01974578,-2.055736,0.07548255,-0.2847638,0.009308009,0.9555759,8.601417,326.7018,358.5396,0.678146,0.004565255,-0.7349108,-0.3114268,0.007374438,0.3020384,1.342415,-0.6774254,-0.2125827,0.5795926,-0.4007949,1.915,0.8376459,-0.02520037,0.5456319,-0.06077841,0.9884315,0.1389574,-0.5428216,-0.1495598,0.8264239,static,-15.0632,-21.15744,16.83893,-11.82094,-7.643460616061986,2.3632705444491524,33.240278741113165,28.29450969793791,31.95091508282438
337,05/05/2023 11:21:48.595658,519,True,True,True,True,Eyes,1.905924,0.01482308,-2.071957,-0.2448509,-0.3496918,0.9043029,0.0,0.0,0.0,0.0,0.0,0.0,0.0,-0.4232827,0.3726639,2.713254,1.863232,0.01957752,-2.051287,0.07448381,-0.2879024,0.008571857,0.9547203,8.462273,326.3242,358.4636,0.678054,0.004632771,-0.7349954,-0.2927411,0.006931972,0.2839161,1.320114,-0.6738904,-0.2106578,0.5795926,-0.4007949,1.915,0.8340775,-0.02652068,0.5510094,-0.05925558,0.9887574,0.1372867,-0.5484555,-0.1471581,0.8231288,static,-15.15026,-21.14137,16.83893,-11.82094,-7.649612533621765,2.366317653071714,33.319344114808146,28.301360305392468,32.02606805924914
338,05/05/2023 11:21:48.605961,520,True,True,True,True,Eyes,1.903288,0.01488477,-2.070613,-0.2463945,-0.3497721,0.9038525,0.0,0.0,0.0,0.0,0.0,0.0,0.0,-0.3986915,0.3854912,2.706414,1.854759,0.01879458,-2.047377,0.07668123,-0.291335,0.009300754,0.9534976,8.722557,325.9005,358.438,0.6779479,0.004696017,-0.7350928,-0.2751767,0.006516053,0.2668811,1.299687,-0.6832436,-0.2135757,0.5795927,-0.4007949,1.915,0.8300748,-0.02694336,0.5570008,-0.06241635,0.988067,0.1408115,-0.554148,-0.15165,0.8184878,static,-15.24859,-21.1554,16.83893,-11.82094,-7.654874421973183,2.3681222507718256,33.4176762094853,28.306817952891688,32.117292782643986
339,05/05/2023 11:21:48.635739,521,True,True,True,True,Eyes,1.900393,0.0149718,-2.06916,-0.2482068,-0.3499663,0.9032812,0.0,0.0,0.0,0.0,0.0,0.0,0.0,-0.371471,0.4060031,2.698338,1.845953,0.01906576,-2.043514,0.08038161,-0.2951605,0.01060169,0.9520014,9.166572,325.4218,358.4174,0.6778256,0.004755651,-0.7352052,-0.2586661,0.00612509,0.2508683,1.278596,-0.6973321,-0.2190499,0.5795925,-0.4007949,1.915,0.8255358,-0.0272653,0.5636907,-0.06763659,0.9868528,0.1467884,-0.5602821,-0.1593052,0.8128381,static,-15.36472,-21.17831,16.83892,-11.82094,-7.660756574293674,2.36993100357995,33.53557517870388,28.312805796763424,32.2262607448298
340,05/05/2023 11:21:48.645913,522,True,True,True,True,Eyes,1.897256,0.01505943,-2.067603,-0.2502363,-0.3503463,0.9025737,0.0,0.0,0.0,0.0,0.0,0.0,0.0,-0.3418193,0.4112395,2.692106,1.836862,0.01977564,-2.039348,0.08184028,-0.2994936,0.01031243,0.9505259,9.309045,324.8835,358.2918,0.6776853,0.00481299,-0.7353341,-0.2431461,0.005757585,0.2358162,1.252784,-0.7023846,-0.2224484,0.5795926,-0.400795,1.915,0.8203945,-0.0294168,0.5710407,-0.06862574,0.9863917,0.1494056,-0.5676647,-0.1617596,0.8072115,static,-15.4959,-21.2144,16.83893,-11.82094,-7.666865927999416,2.3714547480613994,33.67162487763993,28.318864785678706,32.3513059671763
341,05/05/2023 11:21:48.655684,523,True,True,True,True,Eyes,1.893871,0.0151293,-2.065946,-0.2525229,-0.3507431,0.9017824,0.0,0.0,0.0,0.0,0.0,0.0,0.0,-0.3132436,0.4175867,2.685427,1.827828,0.01992976,-2.035354,0.08332163,-0.3036361,0.01022671,0.9490827,9.460559,324.3684,358.1882,0.6775261,0.004868338,-0.7354804,-0.2285573,0.00541213,0.2216672,1.228039,-0.7080579,-0.2259131,0.5795926,-0.4007949,1.915,0.8154011,-0.03118693,0.5780557,-0.07001089,0.9859058,0.1519479,-0.5746472,-0.1643686,0.8017253,static,-15.64365,-21.25326,16.83893,-11.82094,-7.673840721508752,2.3732619531734658,33.824350164323924,28.32580621152256,32.49174764950891
342,05/05/2023 11:21:48.676049,524,True,True,True,True,Eyes,1.89028,0.01515226,-2.064191,-0.2551237,-0.3512516,0.9008519,0.0,0.0,0.0,0.0,0.0,0.0,0.0,-0.2832786,0.4185131,2.679166,1.818523,0.01957366,-2.031237,0.08364128,-0.3080098,0.01007089,0.9476459,9.481462,323.8326,358.1154,0.6773466,0.004921317,-0.7356451,-0.2148439,0.005087402,0.2083672,1.201636,-0.7097877,-0.228108,0.5795926,-0.4007949,1.915,0.810057,-0.03243739,0.5854532,-0.07061195,0.9858054,0.1523208,-0.5820838,-0.1647285,0.7962682,static,-15.81227,-21.30133,16.83893,-11.82094,-7.681605724109242,2.3751351510937937,33.99968611608202,28.33346469976484,32.652670797079715
343,05/05/2023 11:21:48.695668,525,True,True,True,True,Eyes,1.886466,0.01513609,-2.062369,-0.2579859,-0.351922,0.8997744,0.0,0.0,0.0,0.0,0.0,0.0,0.0,-0.249953,0.4200365,2.673256,1.809296,0.01852601,-2.027636,0.08351453,-0.3128904,0.0108333,0.9460484,9.485433,323.2452,358.1545,0.6771466,0.004970535,-0.7358286,-0.2019533,0.004782157,0.1958651,1.174178,-0.7105802,-0.2307448,0.5795925,-0.4007949,1.915,0.8039644,-0.03176415,0.5938286,-0.07275946,0.9858159,0.1512383,-0.5902096,-0.1647969,0.7902498,static,-15.99881,-21.36159,16.83892,-11.82094,-7.689824849584929,2.3768472026880767,34.19562126903677,28.341427016804438,32.83195670527463
344,05/05/2023 11:21:48.716141,526,True,True,True,True,Eyes,1.882477,0.015086,-2.060442,-0.2612427,-0.3526903,0.8985332,0.0,0.0,0.0,0.0,0.0,0.0,0.0,-0.2131106,0.4351594,2.665187,1.800173,0.01761068,-2.024122,0.0857363,-0.3183672,0.01260137,0.9439983,9.781631,322.573,358.209,0.6769248,0.005015012,-0.7360319,-0.1898361,0.004495228,0.1841132,1.146581,-0.7203623,-0.2375041,0.5795925,-0.400795,1.915,0.796967,-0.0307999,0.603237,-0.0783826,0.984981,0.1538461,-0.5989155,-0.1698936,0.7825833,static,-16.21144,-21.43089,16.83892,-11.82094,-7.699161459754073,2.3787675816565983,34.41914343983737,28.350469786761604,33.03631285962925
345,05/05/2023 11:21:48.726159,527,True,True,True,True,Eyes,1.878279,0.01500767,-2.058459,-0.2647674,-0.353671,0.8971149,0.0,0.0,0.0,0.0,0.0,0.0,0.0,-0.1750495,0.4494209,2.656582,1.790751,0.01685258,-2.020637,0.08810613,-0.3240703,0.01376251,0.9418208,10.0717,321.8645,358.1852,0.6766818,0.005054044,-0.7362548,-0.1784459,0.004225514,0.1730664,1.117328,-0.7305366,-0.2453344,0.5795923,-0.4007949,1.915,0.789578,-0.03118153,0.6128574,-0.08302881,0.9840958,0.1570403,-0.6080073,-0.1748804,0.7744315,static,-16.44303,-21.51593,16.83892,-11.82094,-7.708829585175299,2.380372866107703,34.66527119326488,28.359642043184362,33.260496881684
346,05/05/2023 11:21:48.745913,528,True,True,True,True,Eyes,1.873908,0.01489745,-2.056391,-0.2683925,-0.3546204,0.8956617,0.0,0.0,0.0,0.0,0.0,0.0,0.0,-0.1373626,0.4658111,2.647187,1.781577,0.01614312,-2.017218,0.09112403,-0.3297928,0.01447305,0.9395337,10.41487,321.1413,358.0826,0.6764163,0.005087196,-0.7364979,-0.1677392,0.003971984,0.1626824,1.088159,-0.7430843,-0.2546815,0.5795923,-0.4007949,1.915,0.7820544,-0.03290825,0.6223407,-0.08729994,0.9829739,0.161682,-0.6170653,-0.1807744,0.7658662,static,-16.68128,-21.60016,16.83892,-11.82094,-7.718946350588066,2.382189920108527,34.91757368215037,28.369309107217042,33.49035476174785
347,05/05/2023 11:21:48.755805,529,True,True,True,True,Eyes,1.869349,0.01474972,-2.054251,-0.2721705,-0.3556418,0.8941153,0.0,0.0,0.0,0.0,0.0,0.0,0.0,-0.1040728,0.4782455,2.637605,1.77238,0.01535548,-2.013689,0.09370705,-0.3348317,0.01433061,0.9374975,10.67844,320.4955,357.9074,0.6761287,0.005113937,-0.7367612,-0.1576748,0.003733665,0.1529215,1.060587,-0.7538767,-0.2628539,0.5795926,-0.4007949,1.915,0.7753648,-0.03588234,0.6304933,-0.08962198,0.9820272,0.1661035,-0.6251218,-0.1852969,0.7582135,static,-16.93035,-21.6906,16.83893,-11.82094,-7.729397591926151,2.3839681866404057,35.182018990302424,28.379255403464757,33.73088590316211
348,05/05/2023 11:21:48.776049,530,True,True,True,True,Eyes,1.864659,0.0145708,-2.052004,-0.2758691,-0.3565945,0.892601,0.0,0.0,0.0,0.0,0.0,0.0,0.0,-0.08022404,0.4819992,2.628692,1.763356,0.01432695,-2.009763,0.09515209,-0.3384038,0.01261058,0.9360929,10.75894,320.0254,357.6204,0.6758186,0.005133582,-0.7370449,-0.1482143,0.003509645,0.1437462,1.03663,-0.7602118,-0.2674236,0.5795925,-0.4007949,1.915,0.7706476,-0.04079032,0.6359546,-0.088009,0.9815741,0.1696075,-0.631155,-0.1866773,0.7528579,static,-17.1744,-21.77673,16.83892,-11.82094,-7.739768529103571,2.385837131538736,35.44042454523507,28.38916071806103,33.96588169880227
349,05/05/2023 11:21:48.796018,531,True,True,True,True,Eyes,1.742708,0.009077391,-1.994323,-0.3640723,-0.3800923,0.850283,0.0,0.0,0.0,0.0,0.0,0.0,0.0,-0.06848943,0.4892415,2.618708,1.754269,0.01350054,-2.006,0.09754928,-0.339869,0.01047775,0.9353414,10.92979,319.8005,357.2734,0.6754881,0.005145732,-0.7373483,-0.1393214,0.003299066,0.1351214,1.02065,-0.769745,-0.2704546,0.5795927,-0.4007948,1.915,0.7687585,-0.04670741,0.6378313,-0.08590851,0.9807487,0.1753616,-0.6337429,-0.1896059,0.7499464,static,-23.17953,-24.08553,16.83893,-11.82094,-7.985028052566644,2.422186477284236,41.85567235918807,28.619845304325175,39.716285058237794
350,05/05/2023 11:21:48.816041,532,True,True,True,True,Eyes,1.742329,0.009033173,-1.994181,-0.3641686,-0.3798814,0.8503361,0.0,0.0,0.0,0.0,0.0,0.0,0.0,-0.06389987,0.4926669,2.609045,1.744935,0.01234961,-2.002241,0.09897149,-0.3399969,0.008782927,0.9351629,11.01589,319.754,357.0291,0.6734734,0.004949166,-0.7391906,-0.4968151,-0.0133791,0.3000556,1.009567,-0.7759379,-0.2697207,0.5795926,-0.4007949,1.915,0.7686499,-0.05087307,0.6376435,-0.08372693,0.980255,0.1791366,-0.6341664,-0.1910813,0.7492135,static,-23.18373,-24.07235,16.83893,-11.82094,-7.985974904946435,2.422964488152425,41.85582827353557,28.621053764794237,39.71798541772927
351,05/05/2023 11:21:48.826145,533,True,True,True,True,Eyes,1.741582,0.008936053,-1.993912,-0.3643953,-0.3796889,0.8503248,2.032654,1.000892,-0.7628402,-0.2654958,0.1976882,0.9724082,0.1238612,0.5823069,-0.386355,1.911778,1.735337,0.01128743,-1.998864,0.09911722,-0.3404131,0.008352407,0.9350001,11.01323,319.697,356.9713,0.6717873,0.004782588,-0.7407246,-0.4670062,-0.01257635,0.2820523,0.9979616,-0.7774692,-0.2674103,0.5795926,-0.4007949,1.915,0.7680983,-0.05186259,0.6382282,-0.08310059,0.980212,0.1796627,-0.6349167,-0.1910357,0.7485895,static,-23.1969,-24.06183,16.83893,-11.82094,-7.987329439131819,2.4238369152205146,41.86534452003232,28.622662823425095,39.72808969569797
352,05/05/2023 11:21:48.846139,534,True,True,True,True,Eyes,1.740486,0.008792249,-1.993513,-0.3649996,-0.3794584,0.8501686,0.0,0.0,0.0,0.0,0.0,0.0,0.0,-0.03919911,0.4948541,2.591157,1.72575,0.009897673,-1.995545,0.09916611,-0.342515,0.009463114,0.9342164,11.05596,319.4467,357.0651,0.6703649,0.004638591,-0.7420135,-0.4389858,-0.01182177,0.2651291,0.9816194,-0.7793026,-0.2671868,0.5795927,-0.4007948,1.915,0.7651879,-0.05025056,0.641843,-0.08561295,0.9801531,0.1788027,-0.6380892,-0.1917677,0.7456991,static,-23.23511,-24.05279,16.83893,-11.82094,-7.990133598962631,2.425275344387543,41.8992462503098,28.625810920216644,39.76067465440638
353,05/05/2023 11:21:48.855913,535,True,True,True,True,Eyes,1.739043,0.00858267,-1.992991,-0.3658605,-0.3793386,0.849852,0.0,0.0,0.0,0.0,0.0,0.0,0.0,-0.01469135,0.4998403,2.581412,1.716041,0.008612286,-1.992204,0.09969353,-0.345892,0.01061791,0.9329026,11.14859,319.0331,357.1282,0.6691051,0.004507028,-0.7431508,-0.4126467,-0.01111247,0.2492214,0.9605735,-0.7828884,-0.2698258,0.5795923,-0.4007949,1.915,0.760492,-0.04915544,0.6474841,-0.08877733,0.979897,0.1786634,-0.64325,-0.193354,0.7408398,static,-23.29183,-24.054,16.83892,-11.82094,-7.993529530955962,2.426666422303818,41.95384192807734,28.629440065644804,39.8112696796135
354,05/05/2023 11:21:48.876107,536,True,True,True,True,Eyes,1.737262,0.008323317,-1.992343,-0.3672598,-0.379063,0.8493713,0.0,0.0,0.0,0.0,0.0,0.0,0.0,0.01335049,0.5081409,2.570651,1.706331,0.006845832,-1.988723,0.1009655,-0.349987,0.01135912,0.9312283,11.30285,318.5177,357.1055,0.6679488,0.004380871,-0.7441913,-0.3878879,-0.01044572,0.2342681,0.936716,-0.7897044,-0.2749576,0.5795926,-0.4007949,1.915,0.7547602,-0.04951735,0.6541293,-0.09182907,0.9793539,0.1800928,-0.6495417,-0.1959949,0.7346302,static,-23.38318,-24.05057,16.83893,-11.82094,-7.9992806981778495,2.4291804223706333,42.04024242067355,28.635688270742527,39.89199231365582
355,05/05/2023 11:21:48.895831,537,True,True,True,True,Eyes,1.735137,0.008030507,-1.991564,-0.3689497,-0.378864,0.8487274,0.0,0.0,0.0,0.0,0.0,0.0,0.0,0.0427494,0.5201046,2.558529,1.696348,0.00541468,-1.98514,0.1031329,-0.3543485,0.01196176,0.9293318,11.54671,317.956,357.0246,0.6668807,0.004257685,-0.7451496,-0.3646146,-0.009818976,0.220212,0.9119069,-0.7995352,-0.2820551,0.5795926,-0.4007949,1.915,0.7485881,-0.0508571,0.661082,-0.0953229,0.978441,0.1832122,-0.6561473,-0.2001667,0.7276015,static,-23.49503,-24.05554,16.83893,-11.82094,-8.005841956146421,2.4317921428283213,42.14871013971365,28.64267911854845,39.99224250563288
356,05/05/2023 11:21:48.906029,538,True,True,True,True,Eyes,1.732649,0.007703177,-1.990692,-0.3711625,-0.3784745,0.847936,0.0,0.0,0.0,0.0,0.0,0.0,0.0,0.07387626,0.5239916,2.547155,1.686057,0.004334694,-1.981216,0.1039332,-0.3590654,0.01199467,0.9274299,11.61856,317.359,356.9341,0.6658876,0.004135977,-0.7460381,-0.3427377,-0.009229837,0.2069993,0.8842168,-0.8037222,-0.2877328,0.5795925,-0.4007949,1.915,0.7418564,-0.05238917,0.6685092,-0.09688604,0.978108,0.1841677,-0.6635225,-0.2013952,0.7205399,static,-23.64018,-24.0535,16.83892,-11.82094,-8.014801532265137,2.4356132817603164,42.2870318296709,28.652343455275187,40.12113416878695
357,05/05/2023 11:21:48.925817,539,True,True,True,True,Eyes,1.729839,0.007320901,-1.989694,-0.3737401,-0.3780387,0.8469976,0.0,0.0,0.0,0.0,0.0,0.0,0.0,0.108423,0.5192319,2.537104,1.675742,0.003070034,-1.977405,0.1031123,-0.3644349,0.01139143,0.9254324,11.48724,316.6928,356.837,0.664956,0.004014315,-0.7468694,-0.3221735,-0.008676047,0.1945793,0.8525951,-0.8018094,-0.2926535,0.5795926,-0.4007949,1.915,0.7341148,-0.05407141,0.676869,-0.09623942,0.9784762,0.182544,-0.6721706,-0.1991497,0.7131101,static,-23.80961,-24.05254,16.83893,-11.82094,-8.025185343694634,2.440001306190172,42.44897928916077,28.663542676423514,40.271906013796674
358,05/05/2023 11:21:48.946064,540,True,True,True,True,Eyes,1.726733,0.006888755,-1.988554,-0.3767599,-0.3775406,0.8458812,0.0,0.0,0.0,0.0,0.0,0.0,0.0,0.1445012,0.5143384,2.526242,1.665319,0.001356259,-1.973331,0.1022337,-0.3701494,0.01059758,0.923269,11.33959,315.9813,356.7191,0.6640753,0.003890615,-0.7476533,-0.3028431,-0.008155484,0.1829046,0.8193941,-0.8000286,-0.2982239,0.5795925,-0.4007948,1.915,0.7257542,-0.05611463,0.6856617,-0.0952523,0.9788719,0.180933,-0.6813281,-0.1966237,0.7050754,static,-24.00844,-24.05255,16.83892,-11.82094,-8.03731142276893,2.4450929375223964,42.639407854257314,28.676586016707606,40.44914795173815
359,05/05/2023 11:21:48.955791,541,True,True,True,True,Eyes,1.723322,0.006414581,-1.98728,-0.3801413,-0.3770186,0.8446003,0.0,0.0,0.0,0.0,0.0,0.0,0.0,0.1820627,0.5127583,2.513967,1.654919,-0.0003093053,-1.969096,0.1019306,-0.3761751,0.01014156,0.9208689,11.26572,315.2254,356.609,0.6632363,0.003763135,-0.7483986,-0.2846725,-0.007666155,0.1719303,0.7857977,-0.8004285,-0.3052969,0.5795926,-0.4007948,1.915,0.7167789,-0.05800942,0.6948834,-0.09536561,0.9790146,0.1800994,-0.6907485,-0.1953595,0.6962048,static,-24.23176,-24.05536,16.83893,-11.82094,-8.050784408766308,2.450669338761951,42.854201775467715,28.691056384667792,40.648786805621796
360,05/05/2023 11:21:48.975662,542,True,True,True,True,Eyes,1.719535,0.005912571,-1.985968,-0.3818358,-0.3771785,0.8437641,0.0,0.0,0.0,0.0,0.0,0.0,0.0,0.2199647,0.5088022,2.50118,1.644276,-0.001800563,-1.964566,0.1012818,-0.3823239,0.009364585,0.9184132,11.13946,314.4539,356.4798,0.6624313,0.003630769,-0.7491119,-0.2675921,-0.007206185,0.1616145,0.7510598,-0.799193,-0.3122581,0.5795926,-0.4007948,1.915,0.7074815,-0.06024382,0.7041596,-0.09464604,0.9793086,0.1788765,-0.7003657,-0.1931978,0.6871408,static,-24.34859,-24.08554,16.83893,-11.82094,-8.056328271093214,2.452126205024442,42.97478582739419,28.696590446905812,40.757259928128725
361,05/05/2023 11:21:48.995693,543,True,True,True,True,Eyes,1.715463,0.005389636,-1.984529,-0.3839525,-0.3773645,0.8427197,0.0,0.0,0.0,0.0,0.0,0.0,0.0,0.2580693,0.5065757,2.48752,1.63349,-0.003183702,-1.960275,0.1010444,-0.388523,0.008436168,0.9158431,11.04833,313.6679,356.3159,0.661649,0.003492818,-0.7498039,-0.2515366,-0.006773814,0.1519176,0.7161331,-0.7992734,-0.320614,0.5795923,-0.4007949,1.915,0.6979573,-0.06306376,0.7133573,-0.09396859,0.9794377,0.1785264,-0.7099475,-0.191637,0.6776797,static,-24.49454,-24.12253,16.83892,-11.82094,-8.063291279917959,2.453982435270898,43.125213415120626,28.703545724573363,40.892641172884574
362,05/05/2023 11:21:49.006068,544,True,True,True,True,Eyes,1.607272,-0.008507282,-1.944813,-0.4437175,-0.3826251,0.8103782,0.0,0.0,0.0,0.0,0.0,0.0,0.0,0.2961153,0.5069582,2.472489,1.622656,-0.004209721,-1.955726,0.1014343,-0.3947992,0.007460915,0.9131206,11.019,312.8616,356.1172,0.6608829,0.003349015,-0.7504799,-0.2364444,-0.006367385,0.1428026,0.681254,-0.8012589,-0.3302215,0.5795925,-0.4007948,1.915,0.6881558,-0.06646691,0.722512,-0.09371777,0.9793108,0.1793523,-0.7194849,-0.1911345,0.6676894,static,-28.70263,-25.27463,16.83892,-11.82094,-8.259566308526837,2.503148229763592,47.487204076662586,28.898330723302358,44.794097382566264
363,05/05/2023 11:21:49.026071,545,True,True,True,True,Eyes,1.60683,-0.008499979,-1.944634,-0.4441482,-0.3827152,0.8100997,0.0,0.0,0.0,0.0,0.0,0.0,0.0,0.3329301,0.5036548,2.457552,1.611746,-0.005491905,-1.950979,0.1010005,-0.4008926,0.006507676,0.9105173,10.90278,312.0876,355.963,0.6579379,0.002527536,-0.7530663,-0.546829,-0.0476761,0.2533828,0.6466894,-0.8003522,-0.338325,0.5795926,-0.400795,1.915,0.6784856,-0.06913,0.7313538,-0.0928314,0.9795131,0.1787076,-0.7287247,-0.1891432,0.6581681,static,-28.73436,-25.28744,16.83893,-11.82094,-8.260830209649827,2.503309226278537,47.521272959318964,28.899516924655714,44.82385587279096
364,05/05/2023 11:21:49.046228,546,True,True,True,True,Eyes,1.605994,-0.008354704,-1.944219,-0.4449086,-0.3831416,0.8094807,0.0,0.0,0.0,0.0,0.0,0.0,0.0,0.370092,0.5084076,2.440426,1.600781,-0.005292226,-1.946431,0.1021929,-0.4069923,0.006791101,0.9076716,11.01367,311.2986,355.8605,0.6555121,0.001849024,-0.755181,-0.5140193,-0.04481553,0.2381798,0.6143875,-0.8045935,-0.348954,0.5795923,-0.4007949,1.915,0.6686222,-0.0708553,0.7402188,-0.09551166,0.979021,0.1799874,-0.7374427,-0.1910431,0.6478277,static,-28.79418,-25.32903,16.83892,-11.82094,-8.262299104430031,2.502725627249678,47.59042247194387,28.900494762717422,44.88178587328048
365,05/05/2023 11:21:49.055950,547,True,True,True,True,Eyes,1.604718,-0.00811558,-1.94359,-0.4461618,-0.3831885,0.8087684,0.0,0.0,0.0,0.0,0.0,0.0,0.0,0.4076481,0.5135998,2.421912,1.589554,-0.001687055,-1.941374,0.1042924,-0.4132588,0.006782736,0.9045963,11.20331,310.4699,355.6778,0.6535029,0.001292229,-0.7569214,-0.4831781,-0.0421266,0.223889,0.5815223,-0.808642,-0.3613471,0.5795925,-0.4007947,1.915001,0.6583424,-0.07392823,0.7490794,-0.09847078,0.9781541,0.183079,-0.7462499,-0.1942911,0.6366806,static,-28.88358,-25.35125,16.83892,-11.82093,-8.26658715854515,2.5038849100714486,47.68245553190817,28.90478873639396,44.964158705846465
366,05/05/2023 11:21:49.076187,548,True,True,True,True,Eyes,1.603052,-0.00788944,-1.942827,-0.4475186,-0.3831183,0.8080517,0.0,0.0,0.0,0.0,0.0,0.0,0.0,0.4402453,0.4836214,2.410053,1.577834,0.0007279422,-1.935588,0.09968782,-0.4187711,0.003485079,0.9025968,10.53725,309.8054,355.4962,0.6518257,0.0008387055,-0.7583669,-0.4541874,-0.03959901,0.2104557,0.5437734,-0.7870418,-0.3627158,0.5795923,-0.400795,1.915,0.6492372,-0.07720152,0.7566578,-0.08978401,0.9801004,0.1770369,-0.7552681,-0.1828747,0.6293861,static,-28.97875,-25.36684,16.83892,-11.82094,-8.271574567629887,2.5055292236812594,47.77813611934753,28.90994046773629,45.05098897326554
367,05/05/2023 11:21:49.095842,549,True,True,True,True,Eyes,1.601025,-0.007613757,-1.941905,-0.4490647,-0.3833793,0.8070695,0.0,0.0,0.0,0.0,0.0,0.0,0.0,0.4712646,0.4723138,2.395876,1.567296,0.0005503129,-1.931055,0.09747382,-0.4238395,0.003683416,0.9004695,10.29211,309.1893,355.5703,0.6502985,0.0004416059,-0.7596772,-0.4269362,-0.03722306,0.1978284,0.5140505,-0.7788094,-0.3667468,0.5795926,-0.4007949,1.915,0.640693,-0.0759929,0.7640271,-0.08926012,0.9809706,0.1724221,-0.7625909,-0.1786668,0.6217179,static,-29.09217,-25.40895,16.83893,-11.82094,-8.276285265517151,2.506291896998173,47.89885137422504,28.914418750229576,45.15692247015677
368,05/05/2023 11:21:49.116192,550,True,True,True,True,Eyes,1.598632,-0.007272602,-1.940842,-0.450613,-0.3837476,0.8060309,0.0,0.0,0.0,0.0,0.0,0.0,0.0,0.5003009,0.4923219,2.375096,1.556653,0.002084108,-1.926289,0.1015831,-0.4285685,0.006539633,0.8977568,10.83605,308.5451,355.6013,0.6488925,9.500202e-05,-0.7608787,-0.40132,-0.03498968,0.1859587,0.4918413,-0.7940833,-0.37836,0.5795926,-0.4007949,1.915,0.6325726,-0.07532866,0.7708291,-0.09881266,0.9792762,0.1767886,-0.7681719,-0.1879993,0.6120199,static,-29.20745,-25.45891,16.83893,-11.82094,-8.28069802680481,2.5067028882512727,48.0235706380242,28.918455403743383,45.26527962077189
369,05/05/2023 11:21:49.126038,551,True,True,True,True,Eyes,1.595914,-0.006845816,-1.93966,-0.4523639,-0.3843197,0.8047765,0.0,0.0,0.0,0.0,0.0,0.0,0.0,0.5260088,0.490716,2.358821,1.545665,0.004008191,-1.921569,0.1020624,-0.4328017,0.006123595,0.8956721,10.84364,307.9899,355.4814,0.6475895,-0.0002036813,-0.7619879,-0.3772408,-0.0328903,0.1748011,0.4655838,-0.7935211,-0.3849617,0.5795925,-0.4007949,1.915,0.6252903,-0.07737605,0.7765468,-0.09931499,0.9790915,0.1775282,-0.7740469,-0.1881294,0.6045319,static,-29.34029,-25.52673,16.83892,-11.82094,-8.285245819451331,2.5066550890612227,48.17019945721836,28.922373504942122,45.39113477664765
370,05/05/2023 11:21:49.146145,552,True,True,True,True,Eyes,1.592871,-0.006351829,-1.938353,-0.4546307,-0.3852743,0.8030409,0.0,0.0,0.0,0.0,0.0,0.0,0.0,0.5481717,0.4999596,2.341601,1.535201,0.006532203,-1.917463,0.1051023,-0.4365022,0.00499248,0.8935292,11.08018,307.4577,355.1581,0.6463745,-0.0004557752,-0.7630187,-0.3546064,-0.03091688,0.1643131,0.4424553,-0.8014268,-0.3953263,0.5795928,-0.4007949,1.915,0.6188818,-0.08283295,0.7811044,-0.1006766,0.9778572,0.1834655,-0.7790055,-0.1921824,0.5968387,static,-29.51578,-25.63026,16.83893,-11.82094,-8.290523452102526,2.505883064897686,48.36792799000697,28.926584484419724,45.55872148032188
371,05/05/2023 11:21:49.156031,553,True,True,True,True,Eyes,1.589517,-0.005839912,-1.936952,-0.4570611,-0.3861401,0.8012433,0.0,0.0,0.0,0.0,0.0,0.0,0.0,0.5668127,0.5054486,2.325347,1.524239,0.008705335,-1.913273,0.1075462,-0.4395966,0.002756032,0.8917293,11.19958,307.0017,354.7571,0.645233,-0.0006633551,-0.7639841,-0.33333,-0.02906187,0.1544543,0.4194532,-0.8067111,-0.4038577,0.5795925,-0.4007948,1.915,0.6134945,-0.08963859,0.7845951,-0.09946913,0.9768525,0.189381,-0.7834095,-0.1942272,0.5903773,static,-29.70216,-25.73063,16.83892,-11.82094,-8.296630862892185,2.5055506837381705,48.5752159384032,28.931717067818095,45.73557561748858
372,05/05/2023 11:21:49.176060,554,True,True,True,True,Eyes,1.585909,-0.005374069,-1.935461,-0.4599229,-0.387134,0.7991234,0.0,0.0,0.0,0.0,0.0,0.0,0.0,0.5833179,0.4986994,2.312616,1.513475,0.00963485,-1.909569,0.107197,-0.4422168,5.947988e-05,0.8904791,11.00917,306.6476,354.4636,0.6441525,-0.0008300694,-0.7648953,-0.3133302,-0.02731816,0.145187,0.396252,-0.8025377,-0.4075779,0.5795925,-0.4007948,1.915,0.6088885,-0.09470273,0.7875825,-0.09491459,0.9770176,0.1908608,-0.7875571,-0.190966,0.5859061,static,-29.9219,-25.84779,16.83892,-11.82094,-8.303893017105501,2.505218587659976,48.819328221462655,28.937862158285185,45.94380267518232
373,05/05/2023 11:21:49.195908,555,True,True,True,True,Eyes,1.582028,-0.004954471,-1.933919,-0.4628512,-0.3882961,0.7968656,0.0,0.0,0.0,0.0,0.0,0.0,0.0,0.6023831,0.5089108,2.296324,1.503223,0.009123686,-1.906619,0.1094122,-0.4451707,0.0006022812,0.888736,11.24551,306.2317,354.3628,0.6431228,-0.0009617912,-0.7657613,-0.2945304,-0.02567907,0.1364758,0.3775179,-0.8113658,-0.4155209,0.5795927,-0.400795,1.915,0.6036454,-0.09634368,0.7914102,-0.09848476,0.9760572,0.1939409,-0.7911466,-0.1950134,0.579704,static,-30.14972,-25.97902,16.83893,-11.82095,-8.310910633489097,2.5043777049646065,49.075290879906156,28.943557102480092,46.16045200191222
374,05/05/2023 11:21:49.206484,556,True,True,True,True,Eyes,1.57789,-0.004535961,-1.932324,-0.4661449,-0.38937,0.794418,0.0,0.0,0.0,0.0,0.0,0.0,0.0,0.6261696,0.5222391,2.27778,1.492845,0.008474523,-1.903797,0.1118734,-0.4488796,0.003115462,0.8865562,11.60487,305.7267,354.4398,0.6421329,-0.001063878,-0.7665915,-0.2768585,-0.02413832,0.1282873,0.3584862,-0.8225135,-0.4251225,0.5795926,-0.4007948,1.915,0.5969948,-0.09491133,0.796611,-0.1059595,0.9749493,0.1955672,-0.7952169,-0.2011611,0.5719829,static,-30.40336,-26.11097,16.83893,-11.82094,-8.319465275210783,2.504161460626248,49.35624501362518,28.950878823983647,46.400001311620485
375,05/05/2023 11:21:49.225962,557,True,True,True,True,Eyes,1.573483,-0.004066162,-1.930678,-0.4696766,-0.3903797,0.7918382,0.0,0.0,0.0,0.0,0.0,0.0,0.0,0.6557339,0.5279644,2.259057,1.482383,0.008925904,-1.901192,0.1129782,-0.4536232,0.005547561,0.8839861,11.81635,305.1074,354.5661,0.6411736,-0.001139297,-0.7673939,-0.260247,-0.02269002,0.12059,0.3350043,-0.8274807,-0.4356755,0.5795923,-0.4007948,1.915001,0.5883902,-0.09269119,0.8032467,-0.1123071,0.9744102,0.1947094,-0.8007398,-0.2047754,0.5629237,static,-30.67418,-26.2435,16.83892,-11.82094,-8.32903732701819,2.5043557013263347,49.653850893597365,28.959284745052795,46.65468387689241
376,05/05/2023 11:21:49.246012,558,True,True,True,True,Eyes,1.568808,-0.003575636,-1.928982,-0.4737667,-0.3908892,0.7891456,0.0,0.0,0.0,0.0,0.0,0.0,0.0,0.6883824,0.5233828,2.240856,1.471606,0.01061881,-1.898288,0.1124449,-0.4590538,0.006584766,0.8812393,11.78427,304.4136,354.629,0.640236,-0.001188627,-0.7681763,-0.2446322,-0.02132862,0.1133546,0.3063626,-0.82421,-0.4460281,0.5795925,-0.400795,1.915001,0.5784526,-0.09163101,0.8105532,-0.114842,0.9746255,0.1921362,-0.8075916,-0.2042273,0.5532516,static,-30.97866,-26.35069,16.83892,-11.82094,-8.3419902331935,2.50670099968117,49.97634032338603,28.971702345355787,46.93676378408453
377,05/05/2023 11:21:49.255778,559,True,True,True,True,Eyes,1.563895,-0.003125511,-1.927261,-0.4780584,-0.3911958,0.7864007,0.0,0.0,0.0,0.0,0.0,0.0,0.0,0.7201528,0.5041788,2.225581,1.46057,0.01153652,-1.895423,0.1089286,-0.464381,0.005891914,0.8788915,11.35837,303.7697,354.6853,0.6393123,-0.001213578,-0.7689452,-0.2299543,-0.02004891,0.1065534,0.274123,-0.8095031,-0.4524998,0.5795923,-0.4007949,1.915001,0.5686311,-0.09081204,0.8175646,-0.1115255,0.9761997,0.1860007,-0.8149975,-0.1969451,0.5449697,static,-31.29571,-26.4481,16.83892,-11.82094,-8.3562223001225,2.509865716109686,50.30801541407194,28.98563761583147,47.228960261024234
378,05/05/2023 11:21:49.276590,560,True,True,True,True,Eyes,1.558782,-0.002708823,-1.925506,-0.4826179,-0.3915146,0.7834516,0.0,0.0,0.0,0.0,0.0,0.0,0.0,0.7510794,0.4914838,2.209245,1.450027,0.01097215,-1.893077,0.1061549,-0.4694696,0.007052323,0.8765157,11.11124,303.1553,354.8952,0.638396,-0.001218155,-0.7697061,-0.216157,-0.01884597,0.1001602,0.2458104,-0.8004023,-0.4594367,0.5795924,-0.4007949,1.915,0.5590972,-0.08731001,0.8244922,-0.1120359,0.9773628,0.1794711,-0.8214977,-0.1927145,0.5366589,static,-31.63369,-26.5527,16.83892,-11.82094,-8.371354093216391,2.51320071632436,50.661806846081795,29.00043982305243,47.5404064751737
379,05/05/2023 11:21:49.296064,561,True,True,True,True,Eyes,1.553452,-0.00231534,-1.923755,-0.4872619,-0.3919515,0.7803524,0.0,0.0,0.0,0.0,0.0,0.0,0.0,0.7820237,0.4942357,2.189416,1.439737,0.01065123,-1.891142,0.106415,-0.4744864,0.01050526,0.8737438,11.29894,302.5132,355.1665,0.6374815,-0.001205696,-0.7704636,-0.2031876,-0.01771521,0.09415054,0.2224993,-0.8040701,-0.4704545,0.5795925,-0.4007949,1.915001,0.5495045,-0.08262709,0.831395,-0.1193427,0.977131,0.1759896,-0.8269233,-0.195928,0.527077,static,-31.98118,-26.66923,16.83892,-11.82094,-8.386440710163853,2.516172411533009,51.02816751495295,29.015023957577775,47.86124207247988
380,05/05/2023 11:21:49.306215,562,True,True,True,True,Eyes,1.547935,-0.001924493,-1.922019,-0.492115,-0.39255,0.7769989,0.0,0.0,0.0,0.0,0.0,0.0,0.0,0.8138099,0.5000929,2.168103,1.429274,0.01050379,-1.889475,0.1074271,-0.479652,0.01414289,0.8707431,11.57498,301.8377,355.4084,0.6365629,-0.001178782,-0.7712228,-0.1909963,-0.0166523,0.08850151,0.1993267,-0.81058,-0.4834733,0.5795925,-0.4007948,1.915,0.5394679,-0.07842565,0.838346,-0.1276849,0.9765188,0.1735155,-0.8322687,-0.2006502,0.5167866,static,-32.34827,-26.8035,16.83892,-11.82094,-8.401793066249738,2.518743665981259,51.41844770361801,29.02964215647792,48.200943058820286
381,05/05/2023 11:21:49.326051,563,True,True,True,True,Eyes,1.542224,-0.001509587,-1.920308,-0.4970893,-0.3933526,0.7734183,0.0,0.0,0.0,0.0,0.0,0.0,0.0,0.8477085,0.5107581,2.144804,1.419157,0.01090325,-1.888264,0.1097079,-0.4853019,0.0174248,0.8672616,11.95852,301.0705,355.5292,0.6356351,-0.00113891,-0.7719877,-0.1795366,-0.01565316,0.08319142,0.175517,-0.8209943,-0.5007859,0.5795925,-0.4007947,1.915,0.5283569,-0.0762592,0.8455907,-0.1367067,0.9753211,0.1733783,-0.8379442,-0.2072035,0.5048925,static,-32.72955,-26.95742,16.83892,-11.82093,-8.416981113465758,2.520678767934179,51.82804788587932,29.043799391705754,48.55470649405303
382,05/05/2023 11:21:49.346338,564,True,True,True,True,Eyes,1.536303,-0.001068493,-1.918647,-0.5022821,-0.3940666,0.7696911,0.0,0.0,0.0,0.0,0.0,0.0,0.0,0.8820246,0.5207381,2.120646,1.408912,0.01193841,-1.887087,0.1121593,-0.491128,0.01996284,0.8636059,12.31766,300.267,355.5567,0.6346928,-0.001086299,-0.7727627,-0.1687644,-0.01471397,0.07819994,0.1505292,-0.8308519,-0.5196192,0.5795925,-0.4007949,1.915,0.5167896,-0.07568906,0.8527601,-0.1446492,0.9740436,0.1741142,-0.8438041,-0.2133314,0.4924272,static,-33.12751,-27.11155,16.83892,-11.82094,-8.433175465638564,2.5230303710054387,52.25367815873826,29.059048422627868,48.92305599515316
383,05/05/2023 11:21:49.356006,565,True,True,True,True,Eyes,1.530204,-0.0006404852,-1.917022,-0.5075551,-0.39483,0.7658311,0.0,0.0,0.0,0.0,0.0,0.0,0.0,0.9134413,0.5211027,2.099117,1.398432,0.01295433,-1.885851,0.1127819,-0.4965194,0.02078281,0.8604167,12.39892,299.5377,355.5233,0.6337321,-0.001021168,-0.7735509,-0.1586385,-0.01383113,0.07350794,0.1237193,-0.8326653,-0.5353609,0.5795924,-0.4007948,1.915,0.5060733,-0.07623302,0.8591149,-0.1477605,0.9736966,0.1734407,-0.8497392,-0.2147169,0.4814976,static,-33.53446,-27.27371,16.83892,-11.82094,-8.449497305665325,2.5252037387042416,52.69027911576575,29.074316672916606,49.29975427173073
384,05/05/2023 11:21:49.376469,566,True,True,True,True,Eyes,1.52392,-0.0002130012,-1.915479,-0.5128421,-0.3957214,0.7618383,0.0,0.0,0.0,0.0,0.0,0.0,0.0,0.9419569,0.5229027,2.078429,1.388152,0.01308218,-1.885057,0.1134885,-0.5013016,0.021976,0.8575164,12.5135,298.8888,355.5295,0.6327485,-0.0009451991,-0.7743558,-0.1491202,-0.01300127,0.06909747,0.09972072,-0.8360276,-0.5498614,0.5795926,-0.4007948,1.915,0.4964277,-0.07609436,0.8647366,-0.1514735,0.9732748,0.1726033,-0.8547605,-0.2166697,0.4716343,static,-33.94702,-27.4487,16.83893,-11.82094,-8.465488944987083,2.526868138723061,53.13604802786993,29.0890566455674,49.6821128366667
385,05/05/2023 11:21:49.395700,567,True,True,True,True,Eyes,1.517471,0.0002207632,-1.913978,-0.5181572,-0.3966491,0.7577484,0.0,0.0,0.0,0.0,0.0,0.0,0.0,0.9694312,0.5319438,2.056081,1.378037,0.0134416,-1.884427,0.1157062,-0.5057993,0.02469409,0.8544995,12.86898,298.2585,355.5968,0.6317371,-0.0008593978,-0.7751813,-0.140173,-0.01222119,0.06495162,0.07978869,-0.8460264,-0.5654666,0.5795925,-0.4007948,1.915,0.4871144,-0.07484611,0.8701251,-0.1592505,0.9720045,0.1727614,-0.8586961,-0.2227224,0.4615582,static,-34.36478,-27.63015,16.83892,-11.82094,-8.481459196325886,2.5283371030192296,53.58871163327311,29.103665680201946,50.069186540235265
386,05/05/2023 11:21:49.405957,568,True,True,True,True,Eyes,1.510862,0.000644864,-1.912536,-0.5235816,-0.3972849,0.7536756,0.0,0.0,0.0,0.0,0.0,0.0,0.0,0.9962943,0.5321302,2.035692,1.367686,0.01403871,-1.883891,0.116157,-0.5101861,0.02671178,0.8517653,13.0107,297.6685,355.7021,0.6306953,-0.0007644478,-0.7760293,-0.1317626,-0.01148792,0.06105452,0.0579918,-0.8488199,-0.578531,0.5795924,-0.400795,1.915,0.4779931,-0.07301909,0.8753233,-0.1640278,0.971588,0.1706211,-0.8629122,-0.225133,0.4524352,static,-34.78787,-27.79505,16.83892,-11.82095,-8.49862182268351,2.5307844448789973,54.04162577600807,29.119809532216422,50.459452874099505
387,05/05/2023 11:21:49.425887,569,True,True,True,True,Eyes,1.504107,0.001045712,-1.911145,-0.5290282,-0.3979028,0.7495349,0.0,0.0,0.0,0.0,0.0,0.0,0.0,1.022359,0.5276483,2.016633,1.357447,0.0141821,-1.8835,0.1155674,-0.5144842,0.02805626,0.8492134,13.0118,297.1035,355.8055,0.6296203,-0.0006615753,-0.7769018,-0.1238568,-0.01079864,0.05739125,0.03512226,-0.8477452,-0.5903153,0.5795926,-0.4007947,1.915,0.4690378,-0.07126366,0.8802984,-0.1665667,0.9717141,0.1674137,-0.8673288,-0.2251517,0.4439005,static,-35.21478,-27.96232,16.83893,-11.82094,-8.515893230736427,2.533209060613875,54.49892543040183,29.136037072948234,50.85298983393146
388,05/05/2023 11:21:49.445683,570,True,True,True,True,Eyes,1.497198,0.001421091,-1.909809,-0.5345042,-0.398321,0.7454164,0.0,0.0,0.0,0.0,0.0,0.0,0.0,1.047351,0.5246456,1.997483,1.347248,0.01402478,-1.883311,0.1152452,-0.5185707,0.029539,0.8467175,13.04972,296.5612,355.9087,0.6285098,-0.0005524523,-0.7778006,-0.1164254,-0.01015073,0.05394778,0.01341103,-0.8481082,-0.6021412,0.5795922,-0.4007949,1.915,0.4604239,-0.0695032,0.8849741,-0.1695479,0.971692,0.1645242,-0.8713572,-0.2257964,0.4356061,static,-35.64259,-28.11828,16.83891,-11.82094,-8.533812227843248,2.536232048422203,54.953718102832674,29.15310313636074,51.24627791503836
389,05/05/2023 11:21:49.456067,571,True,True,True,True,Eyes,1.490156,0.001767041,-1.908514,-0.5399505,-0.3986566,0.7413004,0.0,0.0,0.0,0.0,0.0,0.0,0.0,1.070424,0.518236,1.979558,1.336874,0.01371658,-1.882978,0.1141704,-0.5222932,0.03098986,0.8445204,13.01523,296.0812,356.0617,0.6273613,-0.0004386437,-0.7787274,-0.1094399,-0.009541682,0.05071091,-0.007896541,-0.8459222,-0.6115997,0.5795923,-0.4007949,1.915,0.4524989,-0.06691775,0.8892508,-0.171604,0.9720095,0.1604669,-0.8750982,-0.2252101,0.4283499,static,-36.06895,-28.27048,16.83892,-11.82094,-8.55183983175963,2.5394091664905987,55.40604727056876,29.170367036045768,51.6378235318196
390,05/05/2023 11:21:49.476368,572,True,True,True,True,Eyes,1.482967,0.002074014,-1.907302,-0.5453406,-0.39879,0.7372721,0.0,0.0,0.0,0.0,0.0,0.0,0.0,1.091083,0.5107926,1.96297,1.326675,0.01334315,-1.882652,0.1128462,-0.5255401,0.03261498,0.8426207,12.97077,295.6708,356.2552,0.6261741,-0.0003218318,-0.7796825,-0.1028735,-0.008969181,0.04766826,-0.02749798,-0.843115,-0.6191268,0.5795998,-0.4007999,1.915,0.4454877,-0.06364626,0.8930228,-0.1735745,0.972404,0.1558921,-0.878301,-0.224454,0.4221467,moving,-36.48935,-28.40893,16.83912,-11.82108,-8.570224502360086,2.543133087565747,55.84874645113711,29.188446441436582,52.02315006465154
391,05/05/2023 11:21:49.495863,573,True,True,True,True,Eyes,1.475654,0.002334835,-1.906129,-0.5506378,-0.3987953,0.7333214,0.0,0.0,0.0,0.0,0.0,0.0,0.0,1.108796,0.5027564,1.94805,1.316476,0.0125973,-1.882504,0.1112928,-0.5281358,0.03450174,0.841128,12.92446,295.3548,356.4992,0.6249455,-0.0002038463,-0.7806676,-0.0967011,-0.00843103,0.04480816,-0.04542984,-0.8374839,-0.6238542,0.5796,-0.3980747,1.915001,0.4397644,-0.05951467,0.8961392,-0.1755962,0.9728471,0.1507798,-0.88078,-0.2236662,0.417373,moving,-36.90223,-28.53826,16.83913,-11.74294,-8.588628461347641,2.547128338132532,56.30467608069511,29.16808107293201,52.42794635312528
392,05/05/2023 11:21:49.506007,574,True,True,True,True,Eyes,1.468189,0.002545184,-1.90506,-0.555921,-0.3986097,0.729426,0.0,0.0,0.0,0.0,0.0,0.0,0.0,1.124388,0.492341,1.934526,1.306175,0.0117318,-1.882235,0.1092013,-0.5303193,0.03631271,0.8399511,12.82431,295.1036,356.7769,0.6236739,-8.659042e-05,-0.7816838,-0.09089904,-0.007925169,0.04211967,-0.06272662,-0.8299138,-0.626387,0.5796,-0.3952832,1.915001,0.4348857,-0.05482134,0.8988153,-0.176825,0.9735129,0.1449329,-0.8829538,-0.2219622,0.4136731,moving,-37.31229,-28.6553,16.83913,-11.66286,-8.607504484009715,2.551676540750924,56.75490556040069,29.14762864507395,52.83014440999478
393,05/05/2023 11:21:49.526136,575,True,True,True,True,Eyes,1.460611,0.002689712,-1.904034,-0.5611047,-0.3983026,0.7256147,0.0,0.0,0.0,0.0,0.0,0.0,0.0,1.138854,0.4818448,1.921685,1.295827,0.0105936,-1.88222,0.1070532,-0.5322959,0.037567,0.8389217,12.68624,294.877,357.0072,0.6223578,2.787023e-05,-0.7827322,0.0,0.0,0.0,-0.08004423,-0.8220993,-0.6288276,0.5796002,-0.3927232,1.915,0.4304997,-0.0509364,0.9011524,-0.1769995,0.9742567,0.139625,-0.8850657,-0.219612,0.4104015,moving,-37.71413,-28.76316,16.83914,-11.58938,-8.626360246482388,2.5564811976051107,57.192639274484435,29.13068986181935,53.2221743927773
394,05/05/2023 11:21:49.545885,576,True,True,True,True,Eyes,1.452921,0.002759237,-1.903074,-0.5662602,-0.3980547,0.7217353,0.0,0.0,0.0,0.0,0.0,0.0,0.0,1.151142,0.4731178,1.909584,1.285557,0.009139198,-1.882217,0.1052462,-0.5339317,0.0379659,0.8380924,12.53022,294.6849,357.1375,0.6209959,0.0001371714,-0.7838132,0.0,0.0,0.0,-0.09687328,-0.8149284,-0.6311579,0.5796003,-0.3901108,1.915,0.4269509,-0.04875073,0.9029598,-0.1760264,0.9749636,0.1358697,-0.8869768,-0.2169545,0.4076802,moving,-38.11708,-28.87781,16.83914,-11.51435,-8.644927879083403,2.560968885101975,57.633981815071564,29.112751800251363,53.61609309625229
395,05/05/2023 11:21:49.555849,577,True,True,True,True,Eyes,1.445122,0.00276318,-1.902165,-0.5712352,-0.3978023,0.7179441,0.0,0.0,0.0,0.0,0.0,0.0,0.0,1.161994,0.4709432,1.896976,1.275353,0.007365219,-1.88254,0.1048041,-0.5352224,0.03860642,0.8372949,12.52291,294.518,357.2088,0.6195878,0.0002386972,-0.7849267,0.0,0.0,0.0,-0.111219,-0.8131106,-0.6345634,0.5796,-0.3873581,1.915,0.4240932,-0.04753711,0.9043701,-0.1768369,0.9750513,0.1341779,-0.8881856,-0.21683,0.4051063,moving,-38.50766,-28.99019,16.83913,-11.43525,-8.662860026668556,2.565255241914892,58.06412904459775,29.092363986950065,54.00018392615926
396,05/05/2023 11:21:49.576086,578,True,True,True,True,Eyes,1.437219,0.002697436,-1.901327,-0.5761819,-0.3976596,0.7140597,0.0,0.0,0.0,0.0,0.0,0.0,0.0,1.170018,0.4700791,1.885549,1.264945,0.005795984,-1.882842,0.1046977,-0.5359393,0.03885516,0.836838,12.52573,294.4221,357.2291,0.6181331,0.0003304937,-0.7860728,0.0,0.0,0.0,-0.1241177,-0.8120331,-0.636705,0.5795999,-0.3847517,1.915,0.4225187,-0.04719226,0.9051247,-0.1772542,0.9750574,0.133582,-0.8888526,-0.216878,0.403615,moving,-38.90041,-29.11341,16.83913,-11.36032,-8.68035645415768,2.5690457591453386,58.498448902169194,29.073551887170368,54.385327473406285
397,05/05/2023 11:21:49.595642,579,True,True,True,True,Eyes,1.429222,0.002567524,-1.900558,-0.5808949,-0.3975613,0.7102858,0.0,0.0,0.0,0.0,0.0,0.0,0.0,1.176311,0.4692641,1.875597,1.254644,0.004043736,-1.883516,0.1045389,-0.5362765,0.03857525,0.8366549,12.4918,294.3764,357.2069,0.616631,0.0004106206,-0.7872517,0.0,0.0,0.0,-0.1363473,-0.810344,-0.6380968,0.5796,-0.3820869,1.915,0.4218391,-0.04757515,0.9054217,-0.1766718,0.9751672,0.133552,-0.8892913,-0.2163,0.4029585,moving,-39.27742,-29.23662,16.83913,-11.28366,-8.696893426148685,2.5724336754501014,58.91838385991337,29.053051894141223,54.75689662517535
398,05/05/2023 11:21:49.606137,580,True,True,True,True,Eyes,1.421124,0.002373238,-1.899876,-0.5856203,-0.3975631,0.706394,0.0,0.0,0.0,0.0,0.0,0.0,0.0,1.181094,0.4724326,1.865814,1.244376,0.002383109,-1.884399,0.1052689,-0.5362246,0.03866268,0.8365923,12.56799,294.3715,357.1691,0.6150811,0.0004775289,-0.7884631,0.0,0.0,0.0,-0.1462601,-0.8120523,-0.6394562,0.5796002,-0.3793367,1.915,0.4219366,-0.04820569,0.9053428,-0.1775853,0.9748474,0.1346704,-0.8890629,-0.217598,0.4027631,moving,-39.65968,-29.37109,16.83914,-11.20451,-8.713160516632282,2.575383267813903,59.34763087342915,29.031112968066335,55.13455123632107
399,05/05/2023 11:21:49.626243,581,True,True,True,True,Eyes,1.412934,0.002118544,-1.89927,-0.5901351,-0.3975396,0.7026399,0.0,0.0,0.0,0.0,0.0,0.0,0.0,1.185777,0.4757097,1.856211,1.234011,0.0006343909,-1.885498,0.1060002,-0.5360777,0.03894522,0.836581,12.65682,294.3809,357.1515,0.6134822,0.0005298111,-0.7897078,0.0,0.0,0.0,-0.1557562,-0.814165,-0.6406221,0.5796,-0.3767072,1.914999,0.4222078,-0.04848707,0.9052013,-0.1788104,0.9744945,0.1356002,-0.8886886,-0.2191109,0.4027692,moving,-40.02632,-29.50031,16.83914,-11.12879,-8.72875007151892,2.5781998833939133,59.759461912922205,29.01031841212259,55.49667474874247
400,05/05/2023 11:21:49.645864,582,True,True,True,True,Eyes,1.404643,0.001814382,-1.898775,-0.594651,-0.3975726,0.6988034,0.0,0.0,0.0,0.0,0.0,0.0,0.0,1.190152,0.4756275,1.847794,1.223616,-0.001074651,-1.886739,0.1059787,-0.5358907,0.03850549,0.836724,12.62796,294.4044,357.1129,0.6118343,0.0005663319,-0.7909852,0.0,0.0,0.0,-0.1665341,-0.8127077,-0.6410381,0.5796005,-0.3740003,1.915,0.4226769,-0.04914911,0.9049469,-0.178023,0.9745716,0.1360804,-0.8886238,-0.2186194,0.4031793,moving,-40.39632,-29.637,16.83914,-11.05079,-8.74415308833692,2.5807225627181616,60.17761281054359,28.988325581021247,55.86291407302498
401,05/05/2023 11:21:49.665727,583,True,True,True,True,Eyes,1.396257,0.00147388,-1.898365,-0.5989431,-0.397608,0.695108,0.0,0.0,0.0,0.0,0.0,0.0,0.0,1.194143,0.4779943,1.839361,1.213211,-0.002618777,-1.888337,0.1065304,-0.5356072,0.03760993,0.8368761,12.62646,294.4283,356.9943,0.6101356,0.0005865301,-0.7922964,0.0,0.0,0.0,-0.1770401,-0.8126565,-0.642532,0.5796002,-0.3712505,1.915,0.4234208,-0.05116723,0.904487,-0.1770667,0.9744735,0.1380173,-0.8884606,-0.2185939,0.4035524,moving,-40.74998,-29.76995,16.83913,-10.97151,-8.758755525657604,2.5830170142655327,60.57959175354107,28.96509875635029,56.2146642113284
402,05/05/2023 11:21:49.676024,584,True,True,True,True,Eyes,1.387791,0.001087882,-1.898031,-0.6031899,-0.397739,0.6913505,0.0,0.0,0.0,0.0,0.0,0.0,0.0,1.195849,0.4810276,1.832146,1.202551,-0.003840923,-1.88999,0.1072831,-0.5348577,0.03597226,0.8373312,12.59999,294.5083,356.7974,0.6083852,0.0005904344,-0.7936411,0.0,0.0,0.0,-0.1869397,-0.8124319,-0.6431582,0.5795998,-0.3686879,1.915,0.4252664,-0.05452098,0.9034246,-0.1750038,0.9743927,0.1411829,-0.8879878,-0.218143,0.404835,moving,-41.10407,-29.91213,16.83913,-10.89761,-8.772900492339394,2.5848529621891343,60.98332884543448,28.943961606306154,56.56526928050865
403,05/05/2023 11:21:49.696039,585,True,True,True,True,Eyes,1.379239,0.0006684774,-1.897803,-0.6071947,-0.3978505,0.6877714,0.0,0.0,0.0,0.0,0.0,0.0,0.0,1.196208,0.482014,1.826858,1.191916,-0.005309217,-1.892081,0.1074711,-0.5337137,0.0341961,0.8381112,12.51219,294.652,356.6294,0.6065837,0.0005776719,-0.795019,0.0,0.0,0.0,-0.1961978,-0.8101569,-0.6420855,0.5796,-0.3660114,1.915,0.4279606,-0.05739732,0.9019731,-0.1720379,0.9745612,0.1436436,-0.8872727,-0.2166473,0.4071992,moving,-41.43947,-30.0478,16.83913,-10.82037,-8.786246714761255,2.586541403322923,61.36847140319612,28.920670897300752,56.89990754991619
404,05/05/2023 11:21:49.710810,586,True,True,True,True,Eyes,1.370612,0.0002158004,-1.897658,-0.6112838,-0.3978847,0.6841198,0.0,0.0,0.0,0.0,0.0,0.0,0.0,1.197242,0.4835609,1.821297,1.18128,-0.006536163,-1.894433,0.1078306,-0.532585,0.03310559,0.8388264,12.48391,294.7946,356.5169,0.6047299,0.0005484137,-0.7964299,0.0,0.0,0.0,-0.2046613,-0.8088919,-0.6412321,0.5795998,-0.363262,1.915,0.4305143,-0.05931824,0.9006324,-0.1703976,0.9745531,0.1456392,-0.8863533,-0.2161654,0.4094514,moving,-41.78185,-30.18232,16.83913,-10.74099,-8.800078911542784,2.588467104659415,61.76070440279402,28.897118546919003,57.24147302751451
405,05/05/2023 11:21:49.726312,587,True,True,True,True,Eyes,1.361899,-0.0002675503,-1.897617,-0.6152166,-0.3978171,0.6806248,0.0,0.0,0.0,0.0,0.0,0.0,0.0,1.200233,0.4821929,1.81539,1.170549,-0.007765613,-1.896961,0.1075236,-0.5318609,0.03169937,0.8393793,12.3701,294.8912,356.4102,0.6028237,0.0005028049,-0.7978736,0.0,0.0,0.0,-0.2152657,-0.8050572,-0.6411415,0.5796002,-0.360666,1.915,0.432238,-0.06115966,0.8996832,-0.1675908,0.9748676,0.1467869,-0.8860494,-0.2142255,0.411125,moving,-42.11042,-30.30578,16.83914,-10.666,-8.813648436133619,2.5906017301739723,62.135107488778026,28.875647940461565,57.5686200559805
406,05/05/2023 11:21:49.746265,588,True,True,True,True,Eyes,1.353128,-0.0007872193,-1.897643,-0.6192018,-0.397679,0.6770822,0.0,0.0,0.0,0.0,0.0,0.0,0.0,1.203794,0.4797828,1.809364,1.159809,-0.009011064,-1.89944,0.106956,-0.5313476,0.02951054,0.8398567,12.18191,294.9585,356.2405,0.6008644,0.0004410844,-0.7993501,0.0,0.0,0.0,-0.2275243,-0.7993664,-0.6416978,0.5795999,-0.3579239,1.915,0.4335978,-0.06409238,0.8988242,-0.1632309,0.9753791,0.1482947,-0.8861989,-0.2110161,0.4124604,moving,-42.44338,-30.42752,16.83913,-10.58674,-8.827575842219643,2.5929362796785904,62.514578642973355,28.852792856639624,57.90111706520043
407,05/05/2023 11:21:49.755922,589,True,True,True,True,Eyes,1.34427,-0.001221968,-1.897772,-0.6229399,-0.397684,0.6736419,0.0,0.0,0.0,0.0,0.0,0.0,0.0,1.206031,0.480937,1.803435,1.149211,-0.01035367,-1.901945,0.1071405,-0.530615,0.02683268,0.8403861,12.03765,295.0396,355.9778,0.5988525,0.0003632082,-0.8008586,0.0,0.0,0.0,-0.238867,-0.7959949,-0.6428542,0.5796003,-0.3551638,1.915,0.4354555,-0.06860108,0.8975927,-0.1588003,0.9756019,0.1516031,-0.8860932,-0.2085544,0.4139373,moving,-42.76063,-30.55545,16.83914,-10.50693,-8.840220712774336,2.5945536119449986,62.88144192242493,28.828431095896313,58.219881178604105
408,05/05/2023 11:21:49.776127,590,True,True,True,True,Eyes,1.335311,-0.001487535,-1.897956,-0.6266448,-0.3976237,0.6702326,0.0,0.0,0.0,0.0,0.0,0.0,0.0,1.204934,0.4919913,1.796987,1.13829,-0.008729884,-1.904548,0.1102278,-0.5291554,0.02387626,0.840996,12.16167,295.1654,355.5119,0.5967872,0.0002743556,-0.8023987,0.0,0.0,0.0,-0.2463887,-0.8001875,-0.6460612,0.5795998,-0.3526579,1.915,0.4388491,-0.07649563,0.8952987,-0.156815,0.9745595,0.1601338,-0.8847714,-0.2106708,0.4156889,moving,-43.07503,-30.67905,16.83913,-10.43443,-8.852918675143224,2.59631821477958,63.2420050872045,28.807668495782682,58.533316576411245
409,05/05/2023 11:21:49.796052,591,True,True,True,True,Eyes,1.326254,-0.001786333,-1.898228,-0.6301226,-0.3971295,0.6672584,0.0,0.0,0.0,0.0,0.0,0.0,0.0,1.195597,0.4979264,1.79624,1.126744,-0.004916651,-1.90638,0.1125094,-0.5262911,0.01651171,0.8426665,11.94635,295.4696,354.6866,0.5946681,0.0001828241,-0.8039705,0.0,0.0,0.0,-0.2553119,-0.7947226,-0.6447334,0.5795998,-0.3499492,1.915,0.4454901,-0.09059768,0.890691,-0.1462532,0.974138,0.1722359,-0.8832603,-0.2069958,0.4207186,moving,-43.36043,-30.75967,16.83913,-10.35603,-8.866100291216783,2.599526440118773,63.56331921354643,28.785505154462584,58.82115578045782
410,05/05/2023 11:21:49.815899,592,True,True,True,True,Eyes,1.317207,-0.002091628,-1.8986,-0.6327588,-0.3971431,0.6647509,0.0,0.0,0.0,0.0,0.0,0.0,0.0,1.178712,0.4861754,1.806087,1.115332,-0.00611159,-1.908842,0.109471,-0.5215287,0.007438506,0.8461493,11.12887,296.1248,354.0567,0.5924942,8.739992e-05,-0.8055739,0.0,0.0,0.0,-0.2634255,-0.7735441,-0.6306238,0.5795999,-0.3472828,1.915,0.4559051,-0.1015964,0.8842108,-0.1267727,0.9759215,0.1774989,-0.8809537,-0.1930164,0.4320479,moving,-43.58757,-30.85543,16.83913,-10.27881,-8.87493523260179,2.6004724475527805,63.83402982355414,28.75915623154374,59.056562841782544
411,05/05/2023 11:21:49.826186,593,True,True,True,True,Eyes,1.308072,-0.002220653,-1.899049,-0.6349694,-0.397509,0.6624202,0.0,0.0,0.0,0.0,0.0,0.0,0.0,1.170307,0.5101685,1.80287,1.106095,-0.006390775,-1.912261,0.1150894,-0.5180192,0.009352111,0.8475395,11.81631,296.5051,353.937,0.5902675,-1.186097e-05,-0.8072069,0.0,0.0,0.0,-0.2563281,-0.793856,-0.6294492,0.5796,-0.3445889,1.915,0.4631372,-0.1033844,0.8802362,-0.1350896,0.973334,0.1853964,-0.8759309,-0.2047747,0.436821,moving,-43.78788,-30.96737,16.83913,-10.20075,-8.881285907913538,2.5999082725487046,64.08499705675658,28.72971713551356,59.268638742482565
412,05/05/2023 11:21:49.845890,594,True,True,True,True,Eyes,1.078099,-0.000261113,-1.910698,-0.6847677,-0.3962832,0.6115986,0.0,0.0,0.0,0.0,0.0,0.0,0.0,1.164678,0.523581,1.798229,1.094815,-0.002211863,-1.914579,0.119418,-0.5148841,0.01185734,0.8488188,12.41194,296.861,353.9553,0.5879873,-0.0001069886,-0.8088694,0.0,0.0,0.0,-0.2525832,-0.8054856,-0.6264287,0.5796002,-0.3419054,1.915001,0.4695076,-0.1028434,0.8769184,-0.1431024,0.9711975,0.1905182,-0.8712545,-0.2149388,0.4412675,moving,-48.23044,-32.94108,16.83913,-10.12296,-9.048804912922265,2.613284907282769,68.95444539925835,28.851293010781784,63.36991139392531
413,05/05/2023 11:21:49.855966,595,True,True,True,True,Eyes,1.077676,-0.0002040738,-1.910796,-0.6847118,-0.3960394,0.6118191,0.0,0.0,0.0,0.0,0.0,0.0,0.0,1.16064,0.5079619,1.800491,1.083524,0.002924576,-1.916466,0.1170841,-0.5124915,0.008027602,0.8506345,11.97119,297.2086,353.7587,0.5752363,-6.855251e-05,-0.8179865,-0.6899167,0.005878621,-0.03494596,-0.2621502,-0.7856646,-0.6182279,0.5796002,-0.3390789,1.915,0.4745759,-0.1063522,0.8737659,-0.1336664,0.9724537,0.1909635,-0.8700063,-0.2074198,0.4472874,moving,-48.21786,-32.91557,16.83914,-10.04099,-9.049374507476934,2.6142603820600483,68.9612910202267,28.81615077758434,63.38683203198597
414,05/05/2023 11:21:49.875964,596,True,True,True,True,Eyes,1.076858,-0.0001158205,-1.910999,-0.6844627,-0.3959081,0.6121826,0.0,0.0,0.0,0.0,0.0,0.0,0.0,1.156098,0.4951311,1.803298,1.072921,0.004300626,-1.918964,0.114501,-0.5099024,0.004869772,0.852564,11.54895,297.5909,353.644,0.5646295,-4.285468e-05,-0.8253438,-0.6485217,0.005525903,-0.03284921,-0.2696538,-0.769761,-0.6094542,0.5796003,-0.3366457,1.915,0.4799514,-0.1084651,0.8705643,-0.1250722,0.9737316,0.1902726,-0.8683339,-0.200205,0.4537779,moving,-48.19059,-32.89139,16.83914,-9.970383,-9.048978463404808,2.614791983184886,68.95098509642158,28.78508827383831,63.38638666812186
415,05/05/2023 11:21:49.895889,597,True,True,True,True,Eyes,1.075665,-4.925969e-06,-1.911284,-0.6840482,-0.3958154,0.6127057,0.0,0.0,0.0,0.0,0.0,0.0,0.0,1.154914,0.4953818,1.80051,1.06275,0.005118933,-1.921354,0.1149827,-0.5077798,0.007023698,0.8537502,11.73971,297.8825,353.8566,0.5557817,-2.488933e-05,-0.8313276,-0.6096104,0.005194349,-0.03087826,-0.2708657,-0.7703884,-0.6042433,0.5796,-0.3340048,1.915,0.4842207,-0.1047788,0.8686495,-0.1287647,0.9734593,0.1892,-0.8654191,-0.203466,0.4578773,moving,-48.14902,-32.86296,16.83913,-9.89372,-9.047932985484872,2.615173544926077,68.92782911567794,28.750868643099366,63.37497433831065
416,05/05/2023 11:21:49.906056,598,True,True,True,True,Eyes,1.074135,0.0001310765,-1.911639,-0.6836568,-0.3957518,0.6131834,0.0,0.0,0.0,0.0,0.0,0.0,0.0,1.153725,0.4923625,1.798558,1.052534,0.005778596,-1.923656,0.1146859,-0.5055987,0.009331821,0.8550615,11.86248,298.1984,354.1345,0.5483713,-1.10298e-05,-0.8362343,-0.5730338,0.004882688,-0.02902556,-0.2722728,-0.7683079,-0.5975496,0.5796,-0.3312371,1.915001,0.4885657,-0.1000115,0.8667763,-0.1319287,0.9735201,0.1866907,-0.8624955,-0.2055633,0.4624342,moving,-48.11053,-32.83841,16.83912,-9.813335,-9.046872025563747,2.61543661733886,68.91016698483703,28.715134460133005,63.36774611031346
417,05/05/2023 11:21:49.926204,599,True,True,True,True,Eyes,1.07226,0.0003208139,-1.912061,-0.6832091,-0.3958136,0.6136424,0.0,0.0,0.0,0.0,0.0,0.0,0.0,1.155541,0.4934989,1.793896,1.042662,0.006592935,-1.926056,0.115405,-0.5041593,0.01178618,0.8557841,12.08764,298.3954,354.3545,0.5421312,1.734596e-06,-0.8402932,-0.5386518,0.004589727,-0.02728403,-0.2749195,-0.7699645,-0.5948536,0.5796,-0.3286337,1.915,0.491369,-0.0961921,0.8656232,-0.1365378,0.9730855,0.1856392,-0.8601825,-0.2094077,0.4650103,moving,-48.07056,-32.82295,16.83913,-9.737692,-9.04524444114558,2.6151993916199245,68.89264832202826,28.680912920313194,63.35768897071718
418,05/05/2023 11:21:49.946118,600,True,True,True,True,Eyes,1.070009,0.0005766146,-1.912571,-0.6829346,-0.3957074,0.6140162,0.0,0.0,0.0,0.0,0.0,0.0,0.0,1.162112,0.4955128,1.7854,1.032475,0.008096058,-1.928113,0.116534,-0.503912,0.01379931,0.8557465,12.319,298.4208,354.4888,0.5368388,1.713621e-05,-0.8436843,-0.5063326,0.004314343,-0.02564698,-0.2819251,-0.7719091,-0.5964227,0.5796,-0.3260279,1.915,0.4917644,-0.09382833,0.8656582,-0.1410632,0.9724588,0.1855398,-0.8592258,-0.2133543,0.4649849,moving,-48.04176,-32.80006,16.83913,-9.661941,-9.044687480485091,2.615626188296601,68.88325223194866,28.64804816084689,63.357764043722746
419,05/05/2023 11:21:49.955886,601,True,True,True,True,Eyes,1.067421,0.0008755176,-1.913119,-0.6827444,-0.3953792,0.6144391,0.0,0.0,0.0,0.0,0.0,0.0,0.0,1.167659,0.4860174,1.779964,1.021765,0.009804204,-1.929718,0.1149068,-0.5036995,0.01224967,0.8561153,12.06886,298.4703,354.4379,0.5320544,4.174918e-05,-0.8467098,-0.4759527,0.004055482,-0.02410817,-0.2949366,-0.7599975,-0.5950823,0.5796,-0.3230927,1.915,0.4922734,-0.0947827,0.8652647,-0.1367312,0.9732928,0.1844065,-0.8596345,-0.2090871,0.4661664,moving,-48.01422,-32.76046,16.83913,-9.576572,-9.045083051100264,2.6169352666719607,68.87270627047441,28.612481624933046,63.36208854379281
420,05/05/2023 11:21:49.975974,602,True,True,True,True,Eyes,1.064528,0.001170802,-1.913663,-0.6827229,-0.3949021,0.6147696,0.0,0.0,0.0,0.0,0.0,0.0,0.0,1.171648,0.4748044,1.775879,1.01112,0.01108915,-1.931181,0.1126769,-0.5033036,0.008986973,0.8566847,11.66,298.5444,354.2557,0.5276359,7.755843e-05,-0.8494702,-0.4473955,0.003812153,-0.02266168,-0.3092219,-0.7452129,-0.5930158,0.5795999,-0.3206531,1.915,0.4932094,-0.09802342,0.8643702,-0.1288195,0.9744462,0.1840109,-0.8603198,-0.2021036,0.4679787,moving,-47.998,-32.71498,16.83913,-9.505587,-9.046477166512163,2.618833362864134,68.86602464252856,28.584370336154343,63.37152456616317
421,05/05/2023 11:21:49.995887,603,True,True,True,True,Eyes,1.061338,0.001448723,-1.914235,-0.6826956,-0.3943102,0.6151798,0.0,0.0,0.0,0.0,0.0,0.0,0.0,1.174156,0.4644082,1.772287,1.000518,0.01133283,-1.932396,0.1103984,-0.5025668,0.006175708,0.8574386,11.27551,298.6682,354.1255,0.5235384,0.0001232931,-0.8520017,-0.4205518,0.003583424,-0.02130198,-0.3218665,-0.7315156,-0.5893499,0.5796,-0.318013,1.915001,0.494777,-0.1003745,0.8632038,-0.1215557,0.9755481,0.1831122,-0.8604767,-0.195527,0.4704777,moving,-47.97785,-32.65854,16.83913,-9.42873,-9.048205948536944,2.6211883283393043,68.85393938589498,28.5544163700129,63.379208994403996
422,05/05/2023 11:21:50.006071,604,True,True,True,True,Eyes,1.057863,0.001710334,-1.91483,-0.6826876,-0.3937672,0.6155363,0.0,0.0,0.0,0.0,0.0,0.0,0.0,1.17614,0.4576503,1.768281,0.9901802,0.01116649,-1.933645,0.108918,-0.5016311,0.004704943,0.8581848,11.0499,298.8123,354.0818,0.5197206,0.00017718,-0.8543358,-0.3953187,0.003368419,-0.02002386,-0.3317581,-0.7223644,-0.5856793,0.5796003,-0.315336,1.915001,0.496688,-0.1011979,0.8620094,-0.1173487,0.9762295,0.1822232,-0.8599596,-0.1916638,0.473006,moving,-47.96102,-32.60762,16.83913,-9.350767,-9.04984794225059,2.6233475266902584,68.84722689757453,28.524000378499373,63.3903507625827
423,05/05/2023 11:21:50.026070,605,True,True,True,True,Eyes,1.054119,0.00199211,-1.915448,-0.682627,-0.3933083,0.6158969,0.0,0.0,0.0,0.0,0.0,0.0,0.0,1.178297,0.4555225,1.762896,0.9798484,0.01104316,-1.934803,0.108588,-0.5007018,0.004295365,0.8587712,10.99982,298.9406,354.0731,0.5161453,0.0002376764,-0.8565006,-0.3715996,0.003166314,-0.01882242,-0.3399498,-0.718381,-0.5831388,0.5796001,-0.3126661,1.915,0.4985585,-0.1013629,0.8609093,-0.1161178,0.9763804,0.182203,-0.8590437,-0.1908058,0.4750127,moving,-47.9418,-32.56208,16.83913,-9.272981,-9.051062232532246,2.6251718434268247,68.84003939493861,28.493299123180154,63.39933151425849
424,05/05/2023 11:21:50.045981,606,True,True,True,True,Eyes,1.050099,0.002303669,-1.916103,-0.6825579,-0.3929819,0.6161817,0.0,0.0,0.0,0.0,0.0,0.0,0.0,1.181603,0.4573352,1.75584,0.9696165,0.01182229,-1.93598,0.1094207,-0.5000383,0.004392592,0.8590517,11.09223,299.015,354.0407,0.5127795,0.0003050567,-0.85852,-0.3493036,0.002976335,-0.01769308,-0.3477561,-0.7182178,-0.5828983,0.5796003,-0.3099995,1.915,0.4998849,-0.1018821,0.8600786,-0.116976,0.9760156,0.1836031,-0.858156,-0.192389,0.4759777,moving,-47.92574,-32.52849,16.83914,-9.195252,-9.051843013303628,2.6264692109752024,68.83988434751357,28.462187087172307,63.411391529936886
425,05/05/2023 11:21:50.055960,607,True,True,True,True,Eyes,1.045832,0.002609488,-1.916764,-0.6824488,-0.3926984,0.6164832,0.0,0.0,0.0,0.0,0.0,0.0,0.0,1.184922,0.4592331,1.748439,0.959334,0.01281559,-1.936876,0.1102997,-0.4994832,0.003876354,0.8592646,11.15277,299.0699,353.9431,0.5095927,0.0003800121,-0.8604155,-0.3283454,0.002797755,-0.01663149,-0.3565428,-0.7173114,-0.5830233,0.5796,-0.3071984,1.915001,0.5010031,-0.1035241,0.8592315,-0.1168473,0.9756379,0.1856809,-0.8575213,-0.1934256,0.4767011,moving,-47.90724,-32.49705,16.83912,-9.113564,-9.052362308639736,2.6275947216006923,68.83951300497264,28.42927477556233,63.422650049918
426,05/05/2023 11:21:50.076130,608,True,True,True,True,Eyes,0.9325352,0.0100852,-1.935615,-0.6370049,-0.393102,0.6630955,0.0,0.0,0.0,0.0,0.0,0.0,0.0,1.187033,0.4607971,1.741912,0.9491144,0.01298952,-1.937693,0.1108979,-0.4986735,0.003215032,0.8596605,11.17905,299.1632,353.8513,0.506558,0.0004615546,-0.8622056,-0.3086446,0.002629889,-0.0156336,-0.3647034,-0.7163021,-0.5819749,0.5796003,-0.3046165,1.915,0.5026287,-0.105076,0.8580928,-0.1161314,0.9753826,0.1874626,-0.8566667,-0.1938756,0.4780527,moving,-43.85034,-30.66068,16.83914,-9.038239,-8.901167357694016,2.617108762442244,64.42625968864623,28.256159582151714,59.723646667425065
427,05/05/2023 11:21:50.096083,609,True,True,True,True,Eyes,0.9321208,0.01011263,-1.935649,-0.6368995,-0.393279,0.6630918,0.0,0.0,0.0,0.0,0.0,0.0,0.0,1.189009,0.4692309,1.73395,0.9392015,0.01298463,-1.938617,0.1132109,-0.4977411,0.004486309,0.8598936,11.48812,299.2528,353.8501,0.4970496,0.001005719,-0.8677214,-0.6300151,0.02489923,-0.0712505,-0.3693624,-0.723455,-0.5822812,0.5795997,-0.3019423,1.915,0.5044672,-0.104984,0.8570246,-0.120415,0.9743264,0.1902327,-0.854993,-0.1991648,0.4788741,moving,-43.84575,-30.67213,16.83912,-8.960188,-8.900287379584798,2.616408765955574,64.45201216663654,28.222946071127254,59.747948290848015
428,05/05/2023 11:21:50.106349,610,True,True,True,True,Eyes,0.9312032,0.01018385,-1.935886,-0.6367763,-0.3934501,0.6631086,0.0,0.0,0.0,0.0,0.0,0.0,0.0,1.190993,0.4767113,1.72589,0.9288254,0.01370485,-1.939461,0.1154615,-0.4967886,0.005264169,0.8601409,11.76257,299.3425,353.804,0.4892617,0.001455027,-0.8721356,-0.5922142,0.02340527,-0.06697547,-0.3749275,-0.7291068,-0.5825791,0.5795999,-0.2991768,1.915001,0.5063469,-0.1056641,0.8558318,-0.1237758,0.9732819,0.1933959,-0.8534005,-0.2038567,0.4797396,moving,-43.83949,-30.68243,16.83912,-8.87943,-8.899365814013551,2.615724498659448,64.47685259480413,28.188796159932537,59.77174280975948
429,05/05/2023 11:21:50.125822,611,True,True,True,True,Eyes,0.9299099,0.01026188,-1.936151,-0.6366168,-0.3936886,0.6631202,0.0,0.0,0.0,0.0,0.0,0.0,0.0,1.193776,0.4793932,1.718536,0.918435,0.01429173,-1.940248,0.1164725,-0.4960814,0.004991593,0.8604141,11.85184,299.4159,353.725,0.482855,0.001829277,-0.8756981,-0.5566814,0.02200096,-0.06295694,-0.3830094,-0.7294745,-0.5822563,0.5796006,-0.2965203,1.915,0.5077566,-0.10697,0.8548337,-0.1241494,0.9728185,0.1954767,-0.8525082,-0.2053817,0.4806747,moving,-43.83183,-30.69723,16.83915,-8.801829,-8.898123041137604,2.6147754684351616,64.50097983062894,28.155746858905417,59.793497734127456
430,05/05/2023 11:21:50.145783,612,True,True,True,True,Eyes,0.9282852,0.01032039,-1.936376,-0.6365371,-0.3938084,0.6631255,0.0,0.0,0.0,0.0,0.0,0.0,0.0,1.198367,0.4818772,1.71019,0.9081225,0.01454683,-1.94117,0.1174126,-0.4957345,0.005341924,0.8604842,11.96767,299.4464,353.7078,0.4775556,0.00214299,-0.8785986,-0.5232805,0.0206809,-0.05917952,-0.3916424,-0.7304444,-0.5828173,0.5796001,-0.2938734,1.915,0.5084376,-0.1072176,0.8543978,-0.1256042,0.9723715,0.196767,-0.8518889,-0.2073597,0.4809233,moving,-43.82801,-30.70468,16.83914,-8.724475,-8.897499644357952,2.6142986660038137,64.52621561012644,28.123698342010407,59.81826917723389
431,05/05/2023 11:21:50.156076,613,True,True,True,True,Eyes,0.9263118,0.01036519,-1.936623,-0.6364485,-0.3939475,0.663128,0.0,0.0,0.0,0.0,0.0,0.0,0.0,1.204356,0.4808092,1.701575,0.8977537,0.01427972,-1.941866,0.1174396,-0.4956942,0.006068745,0.860499,12.01277,299.4563,353.7794,0.4730819,0.002409651,-0.8810149,-0.4918837,0.01944005,-0.05562875,-0.4015191,-0.7287822,-0.5825798,0.5796001,-0.2911168,1.914999,0.5085009,-0.1059839,0.854514,-0.1268725,0.9723423,0.1960968,-0.8516631,-0.2081298,0.4809905,moving,-43.82392,-30.71347,16.83914,-8.643881,-8.896789557905732,2.613746784957148,64.5528745075889,28.090429928253595,59.84412153785041
432,05/05/2023 11:21:50.176176,614,True,True,True,True,Eyes,0.9240251,0.01039015,-1.936849,-0.636494,-0.3940171,0.6630429,0.0,0.0,0.0,0.0,0.0,0.0,0.0,1.211528,0.4796895,1.692237,0.8874066,0.01401217,-1.942648,0.1175018,-0.4958886,0.00721789,0.8603696,12.08417,299.437,353.8878,0.4689676,0.002651829,-0.8832111,-0.4623706,0.01827364,-0.05229102,-0.4117114,-0.7277637,-0.5830643,0.5795999,-0.2885257,1.914999,0.5080849,-0.1041155,0.8549911,-0.1289557,0.9722825,0.1950313,-0.8515987,-0.2093484,0.4805757,moving,-43.82964,-30.72115,16.83913,-8.568094,-8.896735950772303,2.6135026071498824,64.58682174756733,28.05998750750162,59.87700098023053
433,05/05/2023 11:21:50.196100,615,True,True,True,True,Eyes,0.9214181,0.01038684,-1.937084,-0.6365405,-0.3940959,0.6629515,0.0,0.0,0.0,0.0,0.0,0.0,0.0,1.219197,0.4793839,1.68208,0.8771047,0.01365553,-1.94323,0.1177665,-0.4962676,0.008403761,0.8601042,12.1765,299.3892,353.985,0.4651668,0.002871096,-0.8852181,-0.4346284,0.01717722,-0.04915356,-0.4223364,-0.7275075,-0.5841866,0.5796001,-0.2858437,1.915,0.5072959,-0.1024312,0.8556629,-0.1313436,0.9721208,0.1942419,-0.8517041,-0.2109239,0.4796992,moving,-43.83568,-30.72965,16.83913,-8.48961,-8.8966588884451,2.613224912549041,64.62237961989408,28.02862416898004,59.9112447850427
434,05/05/2023 11:21:50.206173,616,True,True,True,True,Eyes,0.91853,0.01034067,-1.937279,-0.6366493,-0.3940713,0.6628616,0.0,0.0,0.0,0.0,0.0,0.0,0.0,1.226706,0.4779136,1.672231,0.8668087,0.01298605,-1.943717,0.1176805,-0.4966335,0.009461394,0.8598937,12.22687,299.3492,354.0908,0.4616373,0.003068455,-0.8870633,-0.4085507,0.01614659,-0.04620435,-0.433247,-0.7261489,-0.584722,0.5795999,-0.283146,1.915,0.5065314,-0.1006166,0.8563308,-0.1331597,0.9721236,0.1929877,-0.8518771,-0.2117831,0.479013,moving,-43.84445,-30.73149,16.83912,-8.410637,-8.897097344221185,2.613355918805114,64.65845765708079,27.997880331604694,59.94776844312729
435,05/05/2023 11:21:50.226121,617,True,True,True,True,Eyes,0.9153466,0.01026258,-1.937479,-0.6367041,-0.3941508,0.6627617,0.0,0.0,0.0,0.0,0.0,0.0,0.0,1.23366,0.4789328,1.662065,0.8563995,0.01206216,-1.94427,0.1182198,-0.4967934,0.01120929,0.8597062,12.38068,299.3295,354.2305,0.4583428,0.003244139,-0.8887693,-0.3840376,0.0151778,-0.04343209,-0.442591,-0.7280242,-0.5853228,0.5796,-0.2804998,1.915,0.5061412,-0.09818827,0.8568432,-0.1367351,0.9717969,0.1921312,-0.8515425,-0.214406,0.4784407,moving,-43.85123,-30.74036,16.83913,-8.333145,-8.89704602457635,2.6130783546495704,64.69469128905266,27.967312386031203,59.982452935237205
436,05/05/2023 11:21:50.246170,618,True,True,True,True,Eyes,0.9118791,0.01014548,-1.937685,-0.6368533,-0.3941985,0.6625899,0.0,0.0,0.0,0.0,0.0,0.0,0.0,1.240078,0.4811982,1.651703,0.8461183,0.01124915,-1.944588,0.1191479,-0.4968635,0.01327082,0.8595083,12.59187,299.3168,354.3792,0.4552494,0.003398847,-0.8903571,-0.3609954,0.01426713,-0.04082616,-0.4510079,-0.7314577,-0.5858426,0.5796002,-0.2778104,1.915,0.5059012,-0.09558775,0.8572789,-0.1412133,0.9712553,0.1916297,-0.8509542,-0.2180048,0.477861,moving,-43.86536,-30.74993,16.83913,-8.254354,-8.89740629664912,2.6129534198861686,64.73859780480171,27.93685148879613,60.024258520963954
437,05/05/2023 11:21:50.265986,619,True,True,True,True,Eyes,0.908139,0.009986372,-1.937898,-0.6369866,-0.3943123,0.662394,0.0,0.0,0.0,0.0,0.0,0.0,0.0,1.24726,0.4800881,1.641861,0.8357881,0.01021141,-1.945047,0.1191678,-0.4971049,0.0148489,0.8593401,12.68403,299.2954,354.5324,0.4523265,0.003532883,-0.8918451,-0.3393357,0.0134111,-0.03837659,-0.4610379,-0.7313154,-0.5859212,0.5795998,-0.2750987,1.915,0.5053325,-0.09295726,0.8579032,-0.1439983,0.9711571,0.1900484,-0.8508252,-0.2195742,0.4773716,moving,-43.87981,-30.76465,16.83912,-8.174879,-8.897516200766882,2.6125747077743515,64.78492273806724,27.9059778618847,60.06696519982961
438,05/05/2023 11:21:50.275722,620,True,True,True,True,Eyes,0.9041374,0.009792769,-1.938079,-0.6372561,-0.3944459,0.6620553,0.0,0.0,0.0,0.0,0.0,0.0,0.0,1.25507,0.4811907,1.630765,0.8254994,0.009065766,-1.945407,0.1197284,-0.4975667,0.01642452,0.8589662,12.82828,299.2338,354.649,0.4495465,0.003646386,-0.8932492,-0.3189755,0.01260643,-0.036074,-0.471427,-0.7333627,-0.5873939,0.5796,-0.2724982,1.915,0.5043153,-0.09092946,0.8587188,-0.1473619,0.9707907,0.1893406,-0.8508528,-0.2220298,0.476185,moving,-43.90657,-30.78606,16.83913,-8.098632,-8.898026301319394,2.61217095099639,64.84411660085426,27.876917231530776,60.11993236807758
439,05/05/2023 11:21:50.295983,621,True,True,True,True,Eyes,0.7974852,0.003975993,-1.942579,-0.6450194,-0.3975106,0.6526373,0.0,0.0,0.0,0.0,0.0,0.0,0.0,1.263385,0.4823315,1.618758,0.8148096,0.008124303,-1.945554,0.1203322,-0.4982154,0.01750656,0.8584841,12.94706,299.1425,354.7105,0.4468861,0.003739804,-0.8945828,-0.299837,0.01185005,-0.03390956,-0.4832807,-0.7348411,-0.5894842,0.5796002,-0.2698135,1.915,0.5029498,-0.08984454,0.8596333,-0.1499609,0.9704273,0.1891625,-0.8512069,-0.2240507,0.474603,moving,-44.66365,-31.3449,16.83913,-8.019886,-8.914914568134622,2.6031328186514213,65.77726222509261,27.85891850806285,60.856540146984706
440,05/05/2023 11:21:50.306179,622,True,True,True,True,Eyes,0.7970637,0.00392255,-1.942559,-0.645215,-0.3974291,0.6524934,0.0,0.0,0.0,0.0,0.0,0.0,0.0,1.272619,0.4808168,1.6068,0.8042008,0.006955037,-1.945704,0.1201668,-0.4991661,0.01795659,0.8579456,12.95113,299.0208,354.7511,0.4384457,0.003535145,-0.8987504,-0.6018033,-0.006311284,-0.04537436,-0.497108,-0.7330431,-0.5916517,0.5795997,-0.2670184,1.915,0.5010215,-0.08915482,0.8608304,-0.1507779,0.970475,0.1882665,-0.8521993,-0.2241198,0.4727862,moving,-44.67865,-31.3453,16.83912,-7.937871,-8.915808453306367,2.6034966290806114,65.82054206828549,27.828704086363032,60.90008920911754
441,05/05/2023 11:21:50.326057,623,True,True,True,True,Eyes,0.7962254,0.003814563,-1.942541,-0.6454906,-0.3973714,0.652256,0.0,0.0,0.0,0.0,0.0,0.0,0.0,1.282465,0.4798045,1.594031,0.7932855,0.005677981,-1.9459,0.1201259,-0.5002416,0.01845268,0.8573142,12.96954,298.88,354.7868,0.4315464,0.003356598,-0.9020842,-0.5656951,-0.005932607,-0.0426519,-0.511496,-0.7320948,-0.5944772,0.5795998,-0.2644763,1.915,0.4988356,-0.08854451,0.8621618,-0.1518235,0.9704585,0.1875098,-0.8532953,-0.224433,0.4706561,moving,-44.70131,-31.35086,16.83913,-7.863249,-8.916899111651027,2.60379413470532,65.87027877488391,27.80165512310368,60.948076038021064
442,05/05/2023 11:21:50.345886,624,True,True,True,True,Eyes,0.7949647,0.00366223,-1.94253,-0.645816,-0.3970348,0.6521388,0.0,0.0,0.0,0.0,0.0,0.0,0.0,1.293744,0.4798021,1.579479,0.7824559,0.004265448,-1.945889,0.1203231,-0.5017979,0.01886064,0.8563678,13.00346,298.6688,354.7915,0.425882,0.003197409,-0.9047728,-0.5317534,-0.005576651,-0.04009279,-0.5273107,-0.7320026,-0.598981,0.5796,-0.2618758,1.915,0.4956865,-0.0884524,0.8639856,-0.153059,0.9703333,0.1871531,-0.8549081,-0.22501,0.4674427,moving,-44.72089,-31.33387,16.83913,-7.786884,-8.918983649514695,2.6051598443371504,65.90976112902091,27.775438683195286,60.99256509642396
443,05/05/2023 11:21:50.355649,625,True,True,True,True,Eyes,0.7933098,0.003458596,-1.942506,-0.6462781,-0.3966386,0.6519221,0.0,0.0,0.0,0.0,0.0,0.0,0.0,1.305761,0.4771229,1.564557,0.7713036,0.002978321,-1.945657,0.119842,-0.5036124,0.01872107,0.8553725,12.93675,298.4316,354.7794,0.4212001,0.003052268,-0.9069624,-0.4998482,-0.005242052,-0.03768722,-0.5452178,-0.728578,-0.6033195,0.5796001,-0.2590585,1.915,0.4920482,-0.08868082,0.8660395,-0.1527348,0.9705749,0.1861627,-0.8570652,-0.2238753,0.4640249,moving,-44.7509,-31.31692,16.83914,-7.704124,-8.921702214862904,2.6067906369701195,65.96133080934023,27.747719767035765,61.04865518017064
444,05/05/2023 11:21:50.375681,626,True,True,True,True,Eyes,0.7912453,0.003230367,-1.942482,-0.6468667,-0.3959438,0.6517607,0.0,0.0,0.0,0.0,0.0,0.0,0.0,1.319656,0.4714635,1.548655,0.7602089,0.001531394,-1.945298,0.1187121,-0.5058854,0.01922142,0.8541768,12.84122,298.1495,354.8645,0.4169286,0.00291213,-0.9089342,-0.4698573,-0.004927529,-0.03542599,-0.5643092,-0.7237718,-0.6079292,0.5795998,-0.2565314,1.915,0.487421,-0.0872725,0.8687947,-0.1529465,0.9710759,0.1833546,-0.8596675,-0.22225,0.4599748,moving,-44.78408,-31.27863,16.83913,-7.62986,-8.925732436215839,2.6095881484994603,66.0051841389523,27.72497853458024,61.10298909087667
445,05/05/2023 11:21:50.396001,627,True,True,True,True,Eyes,0.7887974,0.002978164,-1.942427,-0.6476809,-0.395069,0.6514829,0.0,0.0,0.0,0.0,0.0,0.0,0.0,1.33488,0.4656289,1.530849,0.7486607,0.0006224383,-1.944664,0.1177183,-0.5085585,0.01970655,0.8527148,12.75627,297.8097,354.9339,0.4129938,0.002775138,-0.9107293,-0.4416659,-0.004631877,-0.03330043,-0.5850939,-0.7186928,-0.6137798,0.5796002,-0.2537879,1.915,0.4819598,-0.08612517,0.8719502,-0.1533415,0.9715081,0.1807165,-0.862671,-0.2208042,0.4550214,moving,-44.83233,-31.23325,16.83914,-7.549208,-8.93105332393955,2.613132268172737,66.06287957256075,27.701552730476028,61.17256229543824
446,05/05/2023 11:21:50.410420,628,True,True,True,True,Eyes,0.7859765,0.00268503,-1.942338,-0.6486993,-0.3937917,0.6512429,0.0,0.0,0.0,0.0,0.0,0.0,0.0,1.351022,0.4538575,1.51341,0.7370414,-0.000247227,-1.943818,0.1150468,-0.5116462,0.01890521,0.851249,12.42799,297.4363,354.9749,0.409348,0.002639844,-0.9123742,-0.4151659,-0.004353964,-0.0313024,-0.6093734,-0.7062051,-0.6190574,0.5796,-0.2510726,1.915,0.4757215,-0.08554039,0.8754267,-0.1499125,0.9728137,0.1765213,-0.8667267,-0.2152124,0.4499648,moving,-44.88789,-31.1604,16.83913,-7.469354,-8.938259606856489,2.618260958135949,66.1172493276491,27.68092828080881,61.24645844644461
447,05/05/2023 11:21:50.426283,629,True,True,True,True,Eyes,0.7827947,0.002355376,-1.942207,-0.6499375,-0.3923625,0.650871,0.0,0.0,0.0,0.0,0.0,0.0,0.0,1.368326,0.4407037,1.494701,0.7253808,-0.001620717,-1.942803,0.1119548,-0.515102,0.01836205,0.8495876,12.0724,297.0212,355.0642,0.4059489,0.002504144,-0.9138921,-0.390256,-0.004092726,-0.02942426,-0.6348051,-0.6929309,-0.6249039,0.5795997,-0.2484224,1.915,0.4686655,-0.08413599,0.87936,-0.1465367,0.9742579,0.1713142,-0.871137,-0.2091475,0.4442721,moving,-44.95888,-31.0827,16.83912,-7.391387,-8.946661125734137,2.624031530616836,66.18361667107631,27.66252187722027,61.33298584776104
448,05/05/2023 11:21:50.446185,630,True,True,True,True,Eyes,0.7792919,0.002015515,-1.941975,-0.6512755,-0.3908716,0.6504304,0.0,0.0,0.0,0.0,0.0,0.0,0.0,1.38502,0.4280481,1.475223,0.7138988,-0.003223551,-1.941166,0.1090636,-0.5185597,0.01849742,0.8478556,11.77824,296.6046,355.21,0.4027581,0.002366326,-0.9153032,-0.3668406,-0.003847163,-0.0276588,-0.6592951,-0.6812134,-0.6303601,0.5796002,-0.2457257,1.915001,0.4615074,-0.08174571,0.8833622,-0.1444783,0.975526,0.1657563,-0.8752926,-0.2041244,0.438402,moving,-45.0372,-31.00347,16.83913,-7.312024,-8.955589879225544,2.630067657008598,66.25680967145804,27.644398350553292,61.42641046909242
449,05/05/2023 11:21:50.455791,631,True,True,True,True,Eyes,0.775458,0.001645669,-1.941671,-0.6527959,-0.3892678,0.6498678,0.0,0.0,0.0,0.0,0.0,0.0,0.0,1.401922,0.415676,1.455052,0.7021451,-0.003769984,-1.939672,0.1065171,-0.5220559,0.01873847,0.8460264,11.52512,296.1752,355.3456,0.3997436,0.00222611,-0.916624,-0.3448302,-0.003616333,-0.02599928,-0.6838272,-0.6697788,-0.6367044,0.5796,-0.2429975,1.915001,0.4542128,-0.07950927,0.8873382,-0.1429222,0.976606,0.1606674,-0.8793544,-0.1997976,0.4322233,moving,-45.12879,-30.92141,16.83913,-7.231705,-8.965476273011372,2.6365875928447005,66.34173069880997,27.627176902519942,61.53176626534874
450,05/05/2023 11:21:50.476074,632,True,True,True,True,Eyes,0.7713085,0.00124201,-1.941315,-0.6543437,-0.3877575,0.6492137,0.0,0.0,0.0,0.0,0.0,0.0,0.0,1.417907,0.4037721,1.43478,0.6900681,-0.004530437,-1.938006,0.1040564,-0.5253595,0.01908258,0.8442782,11.28886,295.7694,355.49,0.3968757,0.002082292,-0.9178698,-0.3241404,-0.003399353,-0.02443932,-0.7078437,-0.6592005,-0.6425351,0.5796003,-0.240487,1.915,0.4472664,-0.07711206,0.8910705,-0.1415561,0.9776163,0.1556547,-0.8831278,-0.1957555,0.4263392,moving,-45.22548,-30.84871,16.83914,-7.157773,-8.9751832059289,2.642762013289585,66.43250372884022,27.612130832785695,61.63996294537286
451,05/05/2023 11:21:50.496054,633,True,True,True,True,Eyes,0.7668496,0.0009324252,-1.940913,-0.6559808,-0.3864732,0.6483269,0.0,0.0,0.0,0.0,0.0,0.0,0.0,1.434264,0.392959,1.413633,0.6783874,-0.005776683,-1.9364,0.1019385,-0.5288025,0.0203103,0.8423561,11.14061,295.3419,355.6984,0.3941275,0.001933588,-0.9190535,-0.3046919,-0.003195392,-0.02297296,-0.7309735,-0.6510939,-0.6491654,0.5796001,-0.2377891,1.915,0.4399107,-0.07359369,0.895021,-0.1420277,0.978392,0.1502568,-0.8867393,-0.1932174,0.4199528,moving,-45.33622,-30.79953,16.83913,-7.078291,-8.98451448484808,2.6480998347159432,66.54676045697207,27.5946243523892,61.76418706838058
452,05/05/2023 11:21:50.506200,634,True,True,True,True,Eyes,0.7620658,0.0008336217,-1.940432,-0.6576129,-0.3853841,0.6473209,0.0,0.0,0.0,0.0,0.0,0.0,0.0,1.451549,0.39105,1.388473,0.6665195,-0.003788266,-1.934815,0.1033927,-0.5324534,0.02341757,0.8397946,11.4548,294.8328,355.8591,0.3914751,0.001784975,-0.9201868,-0.2864104,-0.003003668,-0.02159458,-0.7513554,-0.6548405,-0.660394,0.5795998,-0.2350062,1.914999,0.43189,-0.07077169,0.8991453,-0.1494355,0.9775231,0.1487197,-0.8894605,-0.1985948,0.4116066,moving,-45.45189,-30.76756,16.83913,-6.996281,-8.993244556993224,2.652688469328345,66.67266964758679,27.57560855308222,61.89482934576982
453,05/05/2023 11:21:50.526360,635,True,True,True,True,Eyes,0.7569597,0.0007340282,-1.939874,-0.6594975,-0.3837765,0.646358,0.0,0.0,0.0,0.0,0.0,0.0,0.0,1.465576,0.3859836,1.365482,0.6540025,0.001143206,-1.932283,0.1035742,-0.5358911,0.02130534,0.8376391,11.32362,294.3438,355.5947,0.3888962,0.001646517,-0.9212799,-0.2692258,-0.002823448,-0.02029891,-0.7765016,-0.6457148,-0.6703793,0.5795999,-0.2323905,1.915,0.4247336,-0.07531662,0.9021801,-0.1467014,0.9776369,0.1506809,-0.8933533,-0.1963503,0.4041862,moving,-45.57649,-30.69982,16.83913,-6.919167,-9.004393787613632,2.659325371729582,66.792432783144,27.561481053750242,62.02937513347098
454,05/05/2023 11:21:50.546055,636,True,True,True,True,Eyes,0.751625,0.0006889482,-1.939314,-0.6611801,-0.3827994,0.6452175,0.0,0.0,0.0,0.0,0.0,0.0,0.0,1.473464,0.3659828,1.353014,0.641217,0.0008955337,-1.929903,0.09742016,-0.5376943,0.01515747,0.8373557,10.33777,294.1693,355.3718,0.3863712,0.001517166,-0.9223419,-0.2530723,-0.002654041,-0.01908097,-0.8034698,-0.6139616,-0.6686584,0.5795999,-0.229665,1.915,0.4213102,-0.07938014,0.9034359,-0.1301489,0.9805592,0.1468505,-0.8975294,-0.1794508,0.4027884,moving,-45.70005,-30.68012,16.83913,-6.838791,-9.012962062496452,2.663491917004846,66.92950024883378,27.543130625304638,62.1672568894676
455,05/05/2023 11:21:50.555978,637,True,True,True,True,Eyes,0.745992,0.0008107359,-1.938695,-0.6628959,-0.3819741,0.6439447,0.0,0.0,0.0,0.0,0.0,0.0,0.0,1.485784,0.3736385,1.330407,0.6306716,0.002190273,-1.928572,0.1013712,-0.5401951,0.01927046,0.8351897,10.96142,293.7773,355.4822,0.3838845,0.001398617,-0.9233798,-0.2378879,-0.002494799,-0.01793611,-0.816757,-0.6288105,-0.6790027,0.5795999,-0.2268773,1.915,0.4156359,-0.07733151,0.9062376,-0.1417095,0.978705,0.1485088,-0.8984237,-0.190148,0.3958263,moving,-45.83081,-30.6755,16.83912,-6.756551,-9.021179199677604,2.667075761230594,67.07932801891728,27.52380453410879,62.31319712284642
456,05/05/2023 11:21:50.576921,638,True,True,True,True,Eyes,0.740092,0.001054854,-1.938066,-0.6649257,-0.3804945,0.6427268,0.0,0.0,0.0,0.0,0.0,0.0,0.0,1.495521,0.3732521,1.31051,0.6178899,0.006334113,-1.926527,0.1029698,-0.5421515,0.01919469,0.8337269,11.09932,293.4776,355.3446,0.3814203,0.001297821,-0.9244004,-0.2236146,-0.002345111,-0.01685995,-0.835036,-0.6279645,-0.685483,0.5796002,-0.2244035,1.915,0.4114067,-0.0796442,0.9079655,-0.1436567,0.9780576,0.1508846,-0.9000596,-0.1925103,0.390938,moving,-45.97257,-30.62555,16.83913,-6.683552,-9.032442734070113,2.673247189774216,67.22000390599516,27.511596951322904,62.462765844896886
457,05/05/2023 11:21:50.596212,639,True,True,True,True,Eyes,0.7339692,0.001377377,-1.937427,-0.6669921,-0.3792706,0.6413075,0.0,0.0,0.0,0.0,0.0,0.0,0.0,1.505929,0.3633823,1.293495,0.60585,0.009361004,-1.92506,0.1004708,-0.5446343,0.01450893,0.8325075,10.54977,293.1541,355.0234,0.3789647,0.001218922,-0.92541,-0.2101978,-0.002204404,-0.01584835,-0.8600081,-0.6078323,-0.6911015,0.5796002,-0.2217169,1.915,0.4063259,-0.0852821,0.9097397,-0.1335973,0.9793903,0.1514813,-0.9039088,-0.1830895,0.3865582,moving,-46.12469,-30.60016,16.83913,-6.604246,-9.043051061093692,2.6784346132465187,67.38135140888609,27.49646260606589,62.62543811248053
458,05/05/2023 11:21:50.607854,640,True,True,True,True,Eyes,0.7275916,0.001782769,-1.936823,-0.6691911,-0.3778757,0.6398385,0.0,0.0,0.0,0.0,0.0,0.0,0.0,1.516773,0.3705143,1.271948,0.5943894,0.01159161,-1.924136,0.1033599,-0.5470521,0.01407203,0.8305738,10.78314,292.7639,354.7603,0.376507,0.00116355,-0.9264127,-0.1975859,-0.00207214,-0.01489745,-0.8779199,-0.6129192,-0.7020828,0.5796002,-0.2189987,1.915,0.4010719,-0.08971075,0.9116433,-0.1364622,0.9782374,0.1562997,-0.9058253,-0.1870923,0.3801014,moving,-46.28454,-30.56524,16.83913,-6.523981,-9.05463025701135,2.6843047827456736,67.54687149360791,27.48234610262189,62.79480032485683
459,05/05/2023 11:21:50.626035,641,True,True,True,True,Eyes,0.7210174,0.00223743,-1.936231,-0.6714554,-0.376557,0.6382417,0.0,0.0,0.0,0.0,0.0,0.0,0.0,1.527792,0.3685772,1.25209,0.5824165,0.0138331,-1.923103,0.1037885,-0.5494364,0.01327117,0.828958,10.75769,292.4203,354.6238,0.3740349,0.001133398,-0.9274136,-0.1857307,-0.001947811,-0.0140036,-0.8978185,-0.6086434,-0.7100798,0.5796,-0.2164183,1.915,0.3958871,-0.09204783,0.9136742,-0.1360528,0.9781037,0.1574892,-0.9081647,-0.1866559,0.3746952,moving,-46.4527,-30.54023,16.83913,-6.447764,-9.066196946700783,2.689883668959438,67.7222464387446,27.4696663455802,62.970819824521485
460,05/05/2023 11:21:50.645854,642,True,True,True,True,Eyes,0.7142344,0.002718362,-1.93571,-0.6738163,-0.3753822,0.6364431,0.0,0.0,0.0,0.0,0.0,0.0,0.0,1.538114,0.3695121,1.23333,0.5711305,0.01545621,-1.92276,0.1045348,-0.5516483,0.01178106,0.8274164,10.7186,292.0908,354.4025,0.3715405,0.001128385,-0.9284158,-0.1745869,-0.001830943,-0.01316339,-0.9168286,-0.6053066,-0.7188095,0.5796,-0.2137849,1.915,0.3910907,-0.09583718,0.9153488,-0.1348285,0.9778674,0.1599896,-0.9104226,-0.1859856,0.3695133,moving,-46.63383,-30.53265,16.83913,-6.369953,-9.07764125860139,2.694908085885757,67.91651181763835,27.456342418047477,63.16014099450797
461,05/05/2023 11:21:50.662597,643,True,True,True,True,Eyes,0.7072738,0.003170368,-1.935225,-0.6761973,-0.3743298,0.6345348,0.0,0.0,0.0,0.0,0.0,0.0,0.0,1.548224,0.3796597,1.211957,0.5598696,0.01644182,-1.922565,0.1080744,-0.5538108,0.01191336,0.825513,11.04787,291.7209,354.15,0.369015,0.001147336,-0.9294224,-0.1641117,-0.001721086,-0.01237358,-0.9328741,-0.6145715,-0.730405,0.5796001,-0.2110525,1.915001,0.3863035,-0.1000363,0.916931,-0.1393748,0.976356,0.1652382,-0.9117809,-0.1916291,0.3632272,moving,-46.82057,-30.53754,16.83913,-6.289195,-9.0887742355231,2.699441847787922,68.12150643760768,27.44178949026225,63.35631945868494
462,05/05/2023 11:21:50.678606,644,True,True,True,True,Eyes,0.7001669,0.00357204,-1.93479,-0.6787239,-0.3731095,0.6325528,0.0,0.0,0.0,0.0,0.0,0.0,0.0,1.558531,0.3827661,1.19301,0.5486445,0.01620105,-1.922896,0.1092602,-0.5558645,0.01158897,0.8239798,11.12442,291.4083,354.0114,0.3664526,0.001186513,-0.9304357,-0.154265,-0.001617821,-0.01163117,-0.9501559,-0.616037,-0.7394737,0.5796002,-0.2084573,1.915,0.3817608,-0.1023695,0.9185746,-0.1405658,0.9758558,0.1671725,-0.9135096,-0.1929401,0.3581538,moving,-47.0166,-30.53411,16.83914,-6.212472,-9.100909815634571,2.704636757259711,68.33079544356734,27.429929147309167,63.55895818729336
463,05/05/2023 11:21:50.696095,645,True,True,True,True,Eyes,0.6929084,0.003964672,-1.934422,-0.6812866,-0.3720762,0.6304029,0.0,0.0,0.0,0.0,0.0,0.0,0.0,1.571174,0.3828587,1.172856,0.5378998,0.01543288,-1.923846,0.1100067,-0.5584159,0.0127831,0.8221356,11.25392,291.0415,354.0399,0.3638487,0.00124151,-0.931457,-0.1450091,-0.001520752,-0.0109333,-0.9674942,-0.6180657,-0.7499726,0.5795997,-0.2057936,1.915,0.3760166,-0.1018402,0.9209996,-0.1438779,0.9754702,0.1666043,-0.9153746,-0.1951575,0.3521404,moving,-47.22153,-30.54994,16.83913,-6.133697,-9.112578888672518,2.709079873287192,68.55597043198097,27.41689072584904,63.771485453682736
464,05/05/2023 11:21:50.705664,646,True,True,True,True,Eyes,0.6855038,0.004383892,-1.934093,-0.6841605,-0.3706549,0.6281236,0.0,0.0,0.0,0.0,0.0,0.0,0.0,1.586298,0.3819763,1.149513,0.5269896,0.01564674,-1.925011,0.1112353,-0.5616399,0.01515322,0.8197303,11.50113,290.5749,354.1366,0.3611986,0.001310358,-0.9324877,-0.1363085,-0.001429507,-0.0102773,-0.98577,-0.6221254,-0.7634636,0.5796,-0.2030427,1.915,0.368662,-0.1001052,0.9241576,-0.1497914,0.9747941,0.1653446,-0.9174153,-0.1993872,0.3443747,moving,-47.44515,-30.5448,16.83913,-6.052317,-9.12648678972988,2.71506836216614,68.79208078422755,27.405844292045213,64.00054961411949
465,05/05/2023 11:21:50.725839,647,True,True,True,True,Eyes,0.6779637,0.004801825,-1.933856,-0.6872731,-0.3689086,0.6257492,0.0,0.0,0.0,0.0,0.0,0.0,0.0,1.603464,0.3694702,1.127002,0.5157139,0.01675338,-1.926525,0.1087524,-0.5655332,0.01506332,0.8173851,11.23437,290.0761,354.2434,0.3584989,0.001393024,-0.9335289,-0.12813,-0.001343736,-0.009660662,-1.010283,-0.6089283,-0.776229,0.5796001,-0.2004056,1.915,0.3598905,-0.09838115,0.9277931,-0.1476313,0.975892,0.1607476,-0.9212405,-0.1948228,0.3366901,moving,-47.68273,-30.52135,16.83913,-5.974283,-9.142205640270388,2.722345775950024,69.03353472162706,27.39819617637384,64.24005795017626
466,05/05/2023 11:21:50.745970,648,True,True,True,True,Eyes,0.6703079,0.00519188,-1.933693,-0.6906088,-0.3667639,0.6233328,0.0,0.0,0.0,0.0,0.0,0.0,0.0,1.622035,0.3492844,1.104998,0.5049414,0.01707465,-1.928408,0.1036651,-0.5699178,0.01420757,0.8150126,10.6711,289.5532,354.4523,0.3557462,0.001488102,-0.9345812,-0.1204422,-0.001263112,-0.009081023,-1.037626,-0.5859619,-0.7886362,0.5796,-0.1976995,1.915001,0.3499837,-0.09500248,0.931926,-0.1413199,0.9781034,0.1527824,-0.9260346,-0.185171,0.3288945,moving,-47.93108,-30.47221,16.83912,-5.894181,-9.159927630198158,2.73120582651933,69.27667946405083,27.392476623781313,64.48871003083218
467,05/05/2023 11:21:50.756336,649,True,True,True,True,Eyes,0.6625345,0.005579041,-1.933623,-0.6940976,-0.3643899,0.6208451,0.0,0.0,0.0,0.0,0.0,0.0,0.0,1.64136,0.3282144,1.081497,0.4943421,0.01678514,-1.930483,0.09925762,-0.5743621,0.01629005,0.8123983,10.36895,289.0161,354.8936,0.3529383,0.001593046,-0.9356449,-0.1132157,-0.001187325,-0.008536162,-1.062299,-0.5697465,-0.8017404,0.5796001,-0.1950601,1.915001,0.3396857,-0.08755161,0.9364552,-0.1404876,0.9797651,0.1425606,-0.9299877,-0.1799862,0.3205122,moving,-48.18852,-30.40976,16.83913,-5.816032,-9.17890152528026,2.7409757363111247,69.52299419228493,27.38905522010144,64.74443763654773
468,05/05/2023 11:21:50.776426,650,True,True,True,True,Eyes,0.6546643,0.005978055,-1.933657,-0.6977375,-0.3616972,0.6183345,0.0,0.0,0.0,0.0,0.0,0.0,0.0,1.660566,0.3011943,1.058757,0.483759,0.01707935,-1.932576,0.09380155,-0.5787187,0.01939777,0.8098826,10.04305,288.5079,355.5063,0.3500728,0.001706775,-0.9367206,-0.1064227,-0.001116086,-0.008023992,-1.086522,-0.5503554,-0.8134801,0.5796002,-0.1922939,1.915001,0.3294169,-0.07714958,0.9410274,-0.1399893,0.98165,0.1294848,-0.9337493,-0.1743882,0.3125719,moving,-48.45266,-30.32567,16.83913,-5.734108,-9.199418091820606,2.752018030687194,69.76935403888977,27.386498895235977,65.00668646401871
469,05/05/2023 11:21:50.796126,651,True,True,True,True,Eyes,0.6467132,0.006385284,-1.933801,-0.7015264,-0.3588586,0.6156958,0.0,0.0,0.0,0.0,0.0,0.0,0.0,1.680163,0.2724833,1.035485,0.4735309,0.01772007,-1.935168,0.0882089,-0.5832224,0.02303237,0.8071806,9.745203,287.9745,356.1772,0.3471487,0.00182901,-0.937808,-0.1000374,-0.001049121,-0.007542552,-1.110478,-0.5309628,-0.8265764,0.5796003,-0.1896037,1.915001,0.3186422,-0.06570826,0.945595,-0.1400734,0.9833774,0.115535,-0.9374682,-0.169267,0.3041416,moving,-48.72814,-30.23579,16.83914,-5.654412,-9.220929706522272,2.7636452769265545,70.02365565276698,27.38596212343864,65.27854620613739
470,05/05/2023 11:21:50.806136,652,True,True,True,True,Eyes,0.6386923,0.00678686,-1.934039,-0.7053611,-0.3560041,0.6129656,0.0,0.0,0.0,0.0,0.0,0.0,0.0,1.699674,0.2465134,1.010503,0.4636469,0.01831253,-1.937903,0.08338273,-0.5879594,0.02660841,0.8041414,9.520025,287.3866,356.7881,0.3441651,0.001959356,-0.9389068,0.0,0.0,0.0,-1.134302,-0.5145841,-0.8421307,0.5796005,-0.1870082,1.915001,0.3071916,-0.05525746,0.9500422,-0.1408452,0.9846786,0.1028137,-0.9411675,-0.1653923,0.2947023,moving,-49.00904,-30.14757,16.83913,-5.577498,-9.242684894013058,2.7753268905024173,70.28278544874331,27.38668931829764,65.5549217903029
471,05/05/2023 11:21:50.826266,653,True,True,True,True,Eyes,0.6306126,0.007205726,-1.934384,-0.7092378,-0.3533103,0.6100439,0.0,0.0,0.0,0.0,0.0,0.0,0.0,1.718944,0.2231772,0.9841706,0.4537855,0.01858088,-1.940851,0.07961196,-0.5927187,0.03102471,0.8008646,9.456262,286.7751,357.4038,0.3411222,0.002096754,-0.9400163,0.0,0.0,0.0,-1.157014,-0.5035635,-0.859267,0.5796003,-0.1843136,1.915001,0.2954441,-0.0446818,0.9543146,-0.1440682,0.9853988,0.09073892,-0.9444348,-0.1642946,0.2846931,moving,-49.29985,-30.07752,16.83914,-5.49763,-9.26409229536062,2.786338023913199,70.558748505286,27.38618013682766,65.84260311292248
472,05/05/2023 11:21:50.846582,654,True,True,True,True,Eyes,0.6224786,0.007623845,-1.934852,-0.7130294,-0.3508916,0.6070126,0.0,0.0,0.0,0.0,0.0,0.0,0.0,1.736812,0.2067187,0.9575697,0.4443356,0.01936674,-1.943805,0.07806301,-0.5972075,0.03573895,0.7974787,9.624729,286.1658,357.8936,0.3380209,0.002241359,-0.9411357,0.0,0.0,0.0,-1.177083,-0.5007746,-0.8776867,0.5796003,-0.1816388,1.915,0.284132,-0.03623752,0.9581002,-0.1502417,0.9852577,0.08182003,-0.9469405,-0.1671943,0.2744989,moving,-49.59175,-30.03062,16.83914,-5.418327,-9.284353004598431,2.796199467285751,70.84368788332486,27.384582009646252,66.13257111993029
473,05/05/2023 11:21:50.855937,655,True,True,True,True,Eyes,0.6143135,0.008025941,-1.935456,-0.7168455,-0.3486623,0.603794,0.0,0.0,0.0,0.0,0.0,0.0,0.0,1.753314,0.1933543,0.9324499,0.4348173,0.0198594,-1.947177,0.07668811,-0.6012801,0.03902775,0.7943918,9.716543,285.606,358.2433,0.3348611,0.002392456,-0.9422642,0.0,0.0,0.0,-1.196847,-0.496774,-0.8956033,0.5796001,-0.1785625,1.915001,0.2738782,-0.03021542,0.9612897,-0.1542287,0.9851915,0.07490757,-0.9493179,-0.168774,0.2651624,moving,-49.8928,-30.00439,16.83913,-5.327091,-9.304088563453629,2.8052437952757385,71.14857389618082,27.378874083478287,66.4360415456569
474,05/05/2023 11:21:50.876158,656,True,True,True,True,Eyes,0.6061398,0.008426444,-1.936182,-0.7205186,-0.3468973,0.6004292,0.0,0.0,0.0,0.0,0.0,0.0,0.0,1.769724,0.1844935,0.9066964,0.4259099,0.01991222,-1.950964,0.07661695,-0.605374,0.04259525,0.7910992,9.950385,285.0228,358.524,0.3316445,0.002548603,-0.9434007,0.0,0.0,0.0,-1.214909,-0.4992778,-0.9153985,0.5796003,-0.1762921,1.915001,0.2634159,-0.02536968,0.9643487,-0.1601579,0.9846309,0.0696511,-0.9512946,-0.1727953,0.2553044,moving,-50.19457,-30.01713,16.83914,-5.259738,-9.321825820118056,2.812324217847761,71.4594062038425,27.377989719666974,66.73431913741378
475,05/05/2023 11:21:50.896030,657,True,True,True,True,Eyes,0.5979376,0.008828926,-1.937044,-0.7242454,-0.3452381,0.5968913,0.0,0.0,0.0,0.0,0.0,0.0,0.0,1.785806,0.1785917,0.8803961,0.4174489,0.02031689,-1.954845,0.07765949,-0.6094718,0.04641867,0.7876284,10.30659,284.421,358.7455,0.3283733,0.002709234,-0.9445439,0.0,0.0,0.0,-1.231643,-0.5055842,-0.9363986,0.5796001,-0.1736356,1.915,0.252779,-0.0215412,0.9672841,-0.1677838,0.9836286,0.0657519,-0.9528647,-0.1789154,0.2450264,moving,-50.50615,-30.04481,16.83914,-5.180919,-9.339378459145676,2.81889590442012,71.78858656390987,27.37356146395301,67.04615990001615
476,05/05/2023 11:21:50.906216,658,True,True,True,True,Eyes,0.3927749,0.01866385,-1.960652,-0.8093139,-0.3036453,0.5028027,0.0,0.0,0.0,0.0,0.0,0.0,0.0,1.801464,0.1695652,0.8546842,0.4085689,0.0207835,-1.958864,0.07716518,-0.6135461,0.04867855,0.7843705,10.4155,283.8366,358.9324,0.3250488,0.002873998,-0.9456927,0.0,0.0,0.0,-1.250503,-0.5041009,-0.9566941,0.5795999,-0.1709048,1.915,0.242383,-0.01832477,0.9700075,-0.1710528,0.9833519,0.0613191,-0.9549823,-0.1807852,0.2352133,moving,-58.14854,-31.12801,16.83913,-5.099871,-9.74872146877624,2.9595207522229847,79.37641130608148,27.782506027021874,74.23190701545805
477,05/05/2023 11:21:50.926053,659,True,True,True,True,Eyes,0.3924279,0.01866744,-1.960821,-0.8094996,-0.3035987,0.5025319,0.0,0.0,0.0,0.0,0.0,0.0,0.0,1.816322,0.1595257,0.8299243,0.3999994,0.02098352,-1.962857,0.07616519,-0.6174816,0.05061678,0.7812512,10.4582,283.2762,359.1276,0.3098465,0.003657161,-0.9507794,-0.6154879,0.02950478,-0.07082391,-1.269083,-0.5007172,-0.9762197,0.5795999,-0.1682294,1.915,0.232309,-0.01497235,0.9725268,-0.17315,0.9832736,0.05649843,-0.9571059,-0.1815181,0.2258309,moving,-58.16827,-31.13777,16.83913,-5.020446,-9.749413326851474,2.959529571367952,79.42433296969499,27.760234983938577,74.27297194056544
478,05/05/2023 11:21:50.946128,660,True,True,True,True,Eyes,0.3917708,0.01867179,-1.961112,-0.8100668,-0.3027455,0.5021324,0.0,0.0,0.0,0.0,0.0,0.0,0.0,1.830441,0.148367,0.8063715,0.3913427,0.0210707,-1.96702,0.07474589,-0.6211451,0.05240501,0.7783609,10.45486,282.759,359.343,0.2970268,0.00431241,-0.9548592,-0.5785587,0.0277345,-0.06657448,-1.287306,-0.4957961,-0.9946163,0.5795996,-0.1655936,1.915,0.2228651,-0.01127604,0.974784,-0.1744361,0.9833335,0.05125631,-0.9591158,-0.1814608,0.2171838,moving,-58.20665,-31.0866,16.83912,-4.942179,-9.754435668951752,2.9631154437405947,79.46948058417232,27.743663841675122,74.3315385268722
479,05/05/2023 11:21:50.955812,661,True,True,True,True,Eyes,0.3908001,0.01867529,-1.961569,-0.8108287,-0.301754,0.5014992,0.0,0.0,0.0,0.0,0.0,0.0,0.0,1.843981,0.1343995,0.7838888,0.3830629,0.02102122,-1.971201,0.0721098,-0.6247709,0.05347322,0.7756302,10.29277,282.2595,359.5834,0.2861755,0.004862278,-0.9581646,-0.5438452,0.02607043,-0.06258,-1.306162,-0.4855437,-1.012242,0.5796001,-0.1628756,1.915,0.2136038,-0.007153326,0.9768943,-0.1730551,0.9838816,0.04504405,-0.9614704,-0.1786781,0.2089229,moving,-58.26313,-31.03549,16.83913,-4.86145,-9.760558782252511,2.9671618144455647,79.53257085640574,27.72779483215293,74.40797378953778
480,05/05/2023 11:21:50.976125,662,True,True,True,True,Eyes,0.3895465,0.01866776,-1.962143,-0.8119149,-0.300104,0.5007312,0.0,0.0,0.0,0.0,0.0,0.0,0.0,1.857158,0.120872,0.76157,0.3746017,0.0209714,-1.975568,0.06934141,-0.6282945,0.0540643,0.7729909,10.08664,281.7726,359.7933,0.2769441,0.005325173,-0.960871,-0.5112144,0.0245062,-0.0588252,-1.32517,-0.4742507,-1.029853,0.5796004,-0.160254,1.915,0.2046462,-0.003551234,0.9788297,-0.1707161,0.9845377,0.03926395,-0.963834,-0.1751372,0.2008756,moving,-58.33668,-30.93558,16.83914,-4.783569,-9.770280345524665,2.974127738989546,79.59479626217107,27.717198809023813,74.49980303777558
481,05/05/2023 11:21:50.995774,663,True,True,True,True,Eyes,0.3880111,0.01862431,-1.962885,-0.8131692,-0.2983066,0.4997691,0.0,0.0,0.0,0.0,0.0,0.0,0.0,1.869485,0.1086552,0.74049,0.3663894,0.02059172,-1.98001,0.06629135,-0.6315851,0.05372136,0.7705971,9.789393,281.3189,359.9452,0.2688017,0.005727992,-0.9631783,-0.4805416,0.02303583,-0.05529569,-1.343932,-0.4608318,-1.046724,0.5796004,-0.1575699,1.915,0.1964287,-0.0009421959,0.9805177,-0.1665323,0.9854389,0.03430863,-0.9662727,-0.1700271,0.1934116,moving,-58.42536,-30.8325,16.83914,-4.703812,-9.781090807760563,2.9816424038341736,79.67090621331819,27.707452023812273,74.60646932928563
482,05/05/2023 11:21:51.005920,664,True,True,True,True,Eyes,0.3862149,0.01855101,-1.963809,-0.8146059,-0.2961571,0.4987065,0.0,0.0,0.0,0.0,0.0,0.0,0.0,1.881398,0.09858761,0.7199601,0.3581356,0.01964052,-1.98471,0.06344484,-0.6346661,0.05301556,0.7683509,9.485044,280.8904,0.05440345,0.2613774,0.006087847,-0.9652173,-0.4517091,0.02165368,-0.05197795,-1.36216,-0.4481579,-1.063353,0.5796001,-0.1548857,1.915,0.1887767,0.0009365418,0.9820195,-0.1620017,0.9863282,0.03020142,-0.9685652,-0.1647901,0.1863475,moving,-58.52479,-30.70398,16.83914,-4.624033,-9.793890088388927,2.9907264761316847,79.74889077954445,27.700232012897786,74.7232755399823
483,05/05/2023 11:21:51.026208,665,True,True,True,True,Eyes,0.3841688,0.01844668,-1.964906,-0.8161498,-0.2940089,0.4974518,0.0,0.0,0.0,0.0,0.0,0.0,0.0,1.893129,0.0925463,0.6995884,0.3501806,0.01877126,-1.989711,0.0617929,-0.6376042,0.05243231,0.7660899,9.296289,280.4671,0.08922932,0.2545885,0.006407525,-0.967028,-0.4246065,0.02035446,-0.04885927,-1.378841,-0.4399183,-1.080633,0.5796002,-0.1522309,1.915,0.1814236,0.001536899,0.9834039,-0.1591345,0.9868649,0.02781569,-0.9704442,-0.1615399,0.1792851,moving,-58.63726,-30.58435,16.83914,-4.545112,-9.807018797461968,2.9996922887693325,79.84189922954391,27.693714998450314,74.85221583685072
484,05/05/2023 11:21:51.046048,666,True,True,True,True,Eyes,0.3818948,0.01832983,-1.966186,-0.8178436,-0.2915972,0.4960876,0.0,0.0,0.0,0.0,0.0,0.0,0.0,1.904562,0.08921344,0.6794784,0.3421666,0.01790368,-1.994895,0.0607858,-0.6403763,0.05167481,0.7639065,9.151873,280.0594,0.06371456,0.2483603,0.006689482,-0.9686444,-0.3991301,0.01913319,-0.04592771,-1.394804,-0.4336944,-1.097944,0.5795999,-0.1495536,1.915001,0.1744959,0.001097872,0.9846573,-0.156801,0.9872696,0.02668669,-0.9720929,-0.159052,0.1724466,moving,-58.75984,-30.44675,16.83912,-4.465499,-9.82170582763493,3.009831130517554,79.93890264825131,27.688990490296128,74.99088969973386
485,05/05/2023 11:21:51.055890,667,True,True,True,True,Eyes,0.3793992,0.01816834,-1.967645,-0.8196316,-0.2891423,0.4945713,0.0,0.0,0.0,0.0,0.0,0.0,0.0,1.915765,0.08866429,0.6599964,0.334482,0.01743791,-2.000358,0.06014712,-0.6430421,0.05007433,0.7618213,8.977263,279.6607,359.9386,0.2426262,0.006936837,-0.9700947,-0.3751823,0.0179852,-0.04317205,-1.410314,-0.4270293,-1.115567,0.5795999,-0.1468308,1.915,0.1679788,-0.001058884,0.9857899,-0.1536496,0.9877498,0.0272429,-0.9737426,-0.1560425,0.1657584,moving,-58.89293,-30.31194,16.83913,-4.384521,-9.836887651291374,3.020097215765503,80.04733579479809,27.68462188026514,75.13994075494706
486,05/05/2023 11:21:51.076206,668,True,True,True,True,Eyes,0.3767146,0.01796286,-1.969294,-0.8214706,-0.2867423,0.4929146,0.0,0.0,0.0,0.0,0.0,0.0,0.0,1.926355,0.09024711,0.6420839,0.3266992,0.01617401,-2.006057,0.05917364,-0.6453705,0.04739123,0.7600984,8.69215,279.3143,359.7488,0.2373261,0.007150802,-0.9714034,-0.3526714,0.01690609,-0.04058173,-1.425753,-0.4183234,-1.131936,0.5795998,-0.1442385,1.915,0.162502,-0.004333858,0.9866986,-0.1484218,0.9885051,0.02878578,-0.9754815,-0.1511254,0.1599908,moving,-59.03459,-30.18777,16.83913,-4.307406,-9.852034570568986,3.0300415424671434,80.16616884578492,27.681336719379253,75.29608499337597
487,05/05/2023 11:21:51.095742,669,True,True,True,True,Eyes,0.3047548,0.01192856,-2.015126,-0.8657824,-0.2264124,0.4462715,0.0,0.0,0.0,0.0,0.0,0.0,0.0,1.937002,0.09268752,0.624598,0.3195159,0.01490107,-2.012058,0.05934841,-0.6475806,0.04630654,0.7582698,8.625688,278.9747,359.6152,0.2324069,0.007332487,-0.9725907,-0.3315111,0.01589172,-0.03814682,-1.438832,-0.4161013,-1.148549,0.5796002,-0.1415489,1.915001,0.1569903,-0.006640051,0.987578,-0.1470914,0.988667,0.03002978,-0.976585,-0.1499786,0.1542345,moving,-62.73095,-26.90061,16.83913,-4.227378,-10.249737794868889,3.2919201106049187,82.73737414574035,28.113103750458283,78.93806910617471
488,05/05/2023 11:21:51.106087,670,True,True,True,True,Eyes,0.3044743,0.01186655,-2.015405,-0.8659104,-0.2263246,0.4460676,0.0,0.0,0.0,0.0,0.0,0.0,0.0,1.947612,0.09508778,0.6072447,0.3120094,0.01378275,-2.018277,0.05908506,-0.6497386,0.04448694,0.7565513,8.465363,278.6464,359.4516,0.2231845,0.007180284,-0.9747496,-0.5274999,-0.003164669,-0.1733559,-1.452659,-0.4109237,-1.165043,0.5796,-0.1388285,1.915001,0.1517215,-0.009466375,0.988378,-0.1440929,0.9890597,0.03159199,-0.9778639,-0.1472115,0.1486976,moving,-62.74506,-26.90221,16.83913,-4.146419,-10.250514513359626,3.2922000854837536,82.77360280905853,28.092381418440098,78.96880931375576
489,05/05/2023 11:21:51.126129,671,True,True,True,True,Eyes,0.3039225,0.01178459,-2.015944,-0.8661121,-0.226287,0.445695,0.0,0.0,0.0,0.0,0.0,0.0,0.0,1.958124,0.09723088,0.5909709,0.3050826,0.01218857,-2.024778,0.05837002,-0.6518136,0.04239226,0.7549404,8.244375,278.3351,359.3003,0.2154877,0.007043764,-0.976481,-0.4958499,-0.002974789,-0.1629546,-1.466007,-0.404211,-1.181234,0.5796001,-0.1362102,1.915001,0.1466839,-0.01208549,0.9891096,-0.1401,0.9895917,0.03286806,-0.9792119,-0.1433955,0.143464,moving,-62.76998,-26.91769,16.83913,-4.068484,-10.251223153101956,3.292050855482282,82.82328543243462,28.07249022296652,79.0093802889238
490,05/05/2023 11:21:51.146235,672,True,True,True,True,Eyes,0.3030955,0.01167849,-2.016763,-0.8664539,-0.2260805,0.445135,0.0,0.0,0.0,0.0,0.0,0.0,0.0,1.968182,0.1033326,0.5758438,0.2980304,0.01163403,-2.031516,0.05952387,-0.6534642,0.04105812,0.7534958,8.242435,278.0671,359.0783,0.2088854,0.006918767,-0.9779154,-0.4660989,-0.002796302,-0.1531773,-1.477133,-0.4042756,-1.196765,0.5796002,-0.1335411,1.915,0.1425975,-0.0159192,0.9896528,-0.1396676,0.9895423,0.03604195,-0.9798771,-0.143362,0.1388829,moving,-62.80847,-26.92565,16.83913,-3.989021,-10.253153508567838,3.2926316912923097,82.88443240828546,28.053774997764943,79.06375216283284
491,05/05/2023 11:21:51.156043,673,True,True,True,True,Eyes,0.3020394,0.0115177,-2.017848,-0.8668565,-0.2257713,0.4445077,0.0,0.0,0.0,0.0,0.0,0.0,0.0,1.977341,0.1085304,0.56405,0.2907209,0.01085982,-2.038424,0.05858893,-0.6546356,0.0371183,0.7527562,7.862966,277.8934,358.7953,0.2028902,0.006800619,-0.9791777,-0.438133,-0.002628524,-0.1439866,-1.48974,-0.3926521,-1.209333,0.5796003,-0.130718,1.915002,0.1401489,-0.02082673,0.9899115,-0.1325909,0.9903791,0.03960844,-0.9812126,-0.1368043,0.1360391,moving,-62.8521,-26.92662,16.83913,-3.904952,-10.25576366115168,3.293699735917574,82.94992065345889,28.03486845562409,79.1242121174694
492,05/05/2023 11:21:51.176122,674,True,True,True,True,Eyes,0.3007535,0.01132416,-2.019224,-0.8673474,-0.2253954,0.4437405,0.0,0.0,0.0,0.0,0.0,0.0,0.0,1.986622,0.1129142,0.5540273,0.2841756,0.00935852,-2.045855,0.05806635,-0.6555427,0.03465679,0.7521243,7.630513,277.7574,358.6126,0.1974302,0.006685946,-0.9802939,-0.411845,-0.002470813,-0.1353474,-1.499995,-0.3858726,-1.221155,0.5796001,-0.1282129,1.915,0.1381255,-0.02399752,0.9901239,-0.1282623,0.9908544,0.04190822,-0.9820743,-0.1327842,0.1337842,moving,-62.90543,-26.92802,16.83913,-3.830345,-10.258942880791754,3.2949943291527006,83.02227074706657,28.019207954691936,79.19222311911649
493,05/05/2023 11:21:51.196060,675,True,True,True,True,Eyes,0.2992416,0.01110583,-2.020862,-0.8679172,-0.2248598,0.4428968,0.0,0.0,0.0,0.0,0.0,0.0,0.0,1.996427,0.1166626,0.5430743,0.2774909,0.008310476,-2.05358,0.05868082,-0.6564862,0.03402322,0.7512822,7.633924,277.6047,358.5012,0.1924399,0.006572773,-0.9812865,-0.3871343,-0.002322564,-0.1272266,-1.509082,-0.3854744,-1.23382,0.5795997,-0.1255194,1.915,0.1357367,-0.02592421,0.9904057,-0.1281684,0.9907979,0.04350016,-0.9824197,-0.1328432,0.131165,moving,-62.96485,-26.91702,16.83913,-3.750111,-10.263143347805013,3.297075659720946,83.09862150754778,28.00350086035835,79.26751128390788
494,05/05/2023 11:21:51.216056,676,True,True,True,True,Eyes,0.297533,0.01084153,-2.022721,-0.8689052,-0.2238092,0.4414898,0.0,0.0,0.0,0.0,0.0,0.0,0.0,2.006764,0.1161225,0.5313379,0.2705636,0.007502882,-2.061467,0.05714132,-0.6577494,0.03190252,0.7503886,7.338096,277.4268,358.4232,0.1878608,0.006459724,-0.9821741,-0.3639062,-0.00218321,-0.119593,-1.520794,-0.3746813,-1.247083,0.5796,-0.1228269,1.915,0.1326962,-0.02729075,0.9907809,-0.1230479,0.9914342,0.04378866,-0.9834892,-0.1277241,0.1282014,moving,-63.06493,-26.88231,16.83913,-3.669889,-10.271066178012578,3.301404405959284,83.20742330564528,27.992171558532203,79.38300634541973
495,05/05/2023 11:21:51.226197,677,True,True,True,True,Eyes,0.295632,0.01053504,-2.024837,-0.869949,-0.2227345,0.4399751,0.0,0.0,0.0,0.0,0.0,0.0,0.0,2.017654,0.1151996,0.5184816,0.2640519,0.006081,-2.069604,0.05538841,-0.6592901,0.02992737,0.7492486,7.034154,277.2086,358.3725,0.1836417,0.006344525,-0.9829725,-0.3420719,-0.002052217,-0.1124174,-1.53265,-0.363958,-1.261812,0.5795999,-0.1201408,1.915,0.1288821,-0.02818798,0.9912593,-0.1178801,0.9920729,0.04353774,-0.9846287,-0.122461,0.1245377,moving,-63.17208,-26.85052,16.83913,-3.589843,-10.279267184147752,3.3057656825994237,83.32378304039267,27.981366745402795,79.50530007748951
496,05/05/2023 11:21:51.245938,678,True,True,True,True,Eyes,0.2935433,0.01031465,-2.027215,-0.8712749,-0.2216305,0.4379039,0.0,0.0,0.0,0.0,0.0,0.0,0.0,2.028985,0.1152386,0.5036449,0.2575511,0.00470241,-2.077826,0.05476684,-0.6610715,0.02918136,0.7477524,6.920152,276.9412,358.3394,0.1797367,0.006225323,-0.9836949,-0.3215475,-0.001929084,-0.1056724,-1.543905,-0.3592922,-1.278307,0.5796005,-0.1174943,1.915001,0.124266,-0.02876873,0.991832,-0.1160505,0.9922981,0.04332216,-0.9854392,-0.120486,0.1199703,moving,-63.31584,-26.84473,16.83914,-3.510965,-10.28833850241644,3.3097419797378995,83.48224606391244,27.97180962330667,79.66300524374206
497,05/05/2023 11:21:51.256061,679,True,True,True,True,Eyes,0.2912485,0.01018921,-2.029823,-0.8726755,-0.2203483,0.4357569,0.0,0.0,0.0,0.0,0.0,0.0,0.0,2.040764,0.1171774,0.4866683,0.2510334,0.00647215,-2.086201,0.05615462,-0.6631077,0.0291973,0.7458434,7.035657,276.6115,358.2147,0.1761039,0.006106702,-0.9843524,-0.3022547,-0.001813339,-0.09933203,-1.554458,-0.359913,-1.297335,0.5796,-0.1148212,1.915001,0.1188713,-0.0309199,0.9924282,-0.1180263,0.9919884,0.0450432,-0.9858699,-0.122487,0.1142696,moving,-63.46547,-26.82426,16.83912,-3.43128,-10.298537133233012,3.3146153600483226,83.64244549478751,27.963539455684685,79.82671454704101
498,05/05/2023 11:21:51.276172,680,True,True,True,True,Eyes,0.2887889,0.01000476,-2.032638,-0.8743013,-0.2187163,0.4333134,0.0,0.0,0.0,0.0,0.0,0.0,0.0,2.051119,0.1225643,0.4726286,0.2438084,0.008571148,-2.094271,0.0552423,-0.6646888,0.02442757,0.7446747,6.589122,276.3734,357.8622,0.1727052,0.005993221,-0.984955,-0.2841194,-0.001704539,-0.09337211,-1.567699,-0.3440614,-1.313344,0.5795997,-0.11223,1.915,0.1151842,-0.03705668,0.9926527,-0.1098191,0.9927031,0.04980161,-0.9872549,-0.1147485,0.1102742,moving,-63.63647,-26.7825,16.83912,-3.354024,-10.311154814283334,3.3211190273244924,83.8165501170901,27.95880821720316,80.0111133748505
499,05/05/2023 11:21:51.296085,681,True,True,True,True,Eyes,0.286208,0.009884384,-2.035669,-0.8758218,-0.2176583,0.4307681,0.0,0.0,0.0,0.0,0.0,0.0,0.0,2.061378,0.1225986,0.4619747,0.2373711,0.006932586,-2.102697,0.05242638,-0.6658604,0.02088435,0.7439392,6.074193,276.2214,357.767,0.1695087,0.005881479,-0.9855109,-0.2670722,-0.001602266,-0.08776978,-1.579474,-0.3269693,-1.326337,0.5796002,-0.1095054,1.915,0.1123877,-0.03874392,0.992909,-0.1008907,0.9936307,0.05019195,-0.9885293,-0.1058162,0.107763,moving,-63.80999,-26.80654,16.83913,-3.272778,-10.32047795415074,3.324340086577462,84.01260923603697,27.949351893584502,80.19808535759573
500,05/05/2023 11:21:51.306235,682,True,True,True,True,Eyes,0.2834528,0.009908835,-2.038896,-0.8774797,-0.2165423,0.4279474,0.0,0.0,0.0,0.0,0.0,0.0,0.0,2.072511,0.1228951,0.4464419,0.2318755,0.008456483,-2.110895,0.05703862,-0.66744,0.02629679,0.7420102,6.877646,275.9283,357.8576,0.1664871,0.005774387,-0.9860264,-0.2510479,-0.00150613,-0.08250359,-1.584483,-0.3482667,-1.343988,0.5796002,-0.1067331,1.915001,0.1076648,-0.03711474,0.9934943,-0.1151647,0.9921101,0.04954341,-0.9874945,-0.1197495,0.102541,moving,-64.00147,-26.83951,16.83913,-3.190097,-10.33042849611644,3.3275668551974853,84.2288391443487,27.940380294535018,80.40288194020208
501,05/05/2023 11:21:51.326418,683,True,True,True,True,Eyes,0.2805581,0.01001081,-2.042309,-0.8791836,-0.215161,0.4251376,0.0,0.0,0.0,0.0,0.0,0.0,0.0,2.08285,0.1218517,0.432683,0.2249539,0.01196393,-2.118863,0.05688348,-0.6689163,0.02476868,0.7407442,6.742567,275.6999,357.7259,0.163614,0.005678511,-0.9865078,-0.235985,-0.001415763,-0.07755337,-1.595442,-0.3390876,-1.3593,0.5796003,-0.1041763,1.915,0.1038751,-0.03940607,0.9938095,-0.1127951,0.9923015,0.05113587,-0.9881737,-0.1174085,0.09863062,moving,-64.19347,-26.84385,16.83914,-3.113831,-10.341911102054691,3.33226330611209,84.43576070097588,27.934954283402707,80.60711766567724
502,05/05/2023 11:21:51.346147,684,True,True,True,True,Eyes,0.2775458,0.01015598,-2.045888,-0.8808902,-0.2138667,0.4222481,0.0,0.0,0.0,0.0,0.0,0.0,0.0,2.092445,0.1207426,0.4219515,0.2187325,0.01386083,-2.126714,0.05441837,-0.6701286,0.02086445,0.7399535,6.228729,275.5378,357.5753,0.1608674,0.005596455,-0.9869599,-0.2218259,-0.001330817,-0.07290017,-1.607011,-0.3190909,-1.372217,0.5796002,-0.1014914,1.915,0.1009847,-0.04205718,0.9939987,-0.1038121,0.9932066,0.0525704,-0.9894571,-0.1084978,0.09593263,moving,-64.38962,-26.862,16.83913,-3.033731,-10.352923105472364,3.3363635468664734,84.65161681916571,27.92822687939296,80.81603267175409
503,05/05/2023 11:21:51.365680,685,True,True,True,True,Eyes,0.2744068,0.01036867,-2.049621,-0.8825625,-0.2125348,0.419419,0.0,0.0,0.0,0.0,0.0,0.0,0.0,2.101996,0.1161992,0.4113801,0.2129057,0.01507593,-2.134377,0.05504958,-0.6710722,0.02283188,0.7389929,6.430976,275.3854,357.685,0.1582285,0.005528886,-0.9873868,-0.2085164,-0.001250968,-0.06852616,-1.614056,-0.3207037,-1.384461,0.5796,-0.09872434,1.915001,0.0982817,-0.04013929,0.9943489,-0.1076297,0.9928965,0.05071882,-0.9893213,-0.1120062,0.09326337,moving,-64.58159,-26.87299,16.83912,-2.951165,-10.364055389831409,3.3407209540174674,84.86215722119447,27.92132840944878,81.02132777461225
504,05/05/2023 11:21:51.376072,686,True,True,True,True,Eyes,0.2711687,0.01062559,-2.053499,-0.8843007,-0.2110612,0.4164919,0.0,0.0,0.0,0.0,0.0,0.0,0.0,2.111371,0.1030975,0.4022906,0.2067356,0.01689221,-2.141805,0.05304005,-0.6719158,0.02433411,0.7383251,6.374264,275.2787,357.9619,0.15568,0.005477565,-0.9877921,-0.1960054,-0.00117591,-0.06441458,-1.622476,-0.3117203,-1.394534,0.5796002,-0.09617386,1.915001,0.095874,-0.03534393,0.9947659,-0.1072099,0.9931892,0.04562065,-0.9896032,-0.1110225,0.09143177,moving,-64.7803,-26.87405,16.83913,-2.875053,-10.376119125094508,3.345756100174259,85.07457440699253,27.917167671555944,81.23201145980289
505,05/05/2023 11:21:51.396095,687,True,True,True,True,Eyes,0.2678358,0.01091109,-2.057509,-0.8860089,-0.2097512,0.4135129,0.0,0.0,0.0,0.0,0.0,0.0,0.0,2.120903,0.08978892,0.3916613,0.2011419,0.01820591,-2.149163,0.05122996,-0.6730877,0.02632617,0.7373165,6.372101,275.1181,358.2619,0.1532078,0.005442942,-0.9881787,-0.1842451,-0.001105355,-0.06054971,-1.630735,-0.3047047,-1.406286,0.5796001,-0.09352383,1.915001,0.09251994,-0.03014307,0.9952545,-0.1077859,0.9933648,0.04010575,-0.9898598,-0.110985,0.08865705,moving,-64.98087,-26.89605,16.83913,-2.79596,-10.387198944994845,3.3497736957538797,85.29552589677901,27.911342326735003,81.44490337205805
506,05/05/2023 11:21:51.415136,688,True,True,True,True,Eyes,0.2644027,0.01122227,-2.061663,-0.8878218,-0.208343,0.4103239,0.0,0.0,0.0,0.0,0.0,0.0,0.0,2.130784,0.07936622,0.3765967,0.1955428,0.0192001,-2.156329,0.05112464,-0.6748739,0.0294498,0.7355709,6.601397,274.8428,358.5186,0.1507996,0.005424655,-0.9885492,-0.1731904,-0.001039034,-0.05691672,-1.639134,-0.3060478,-1.42176,0.5796004,-0.09084477,1.915001,0.08735602,-0.02568053,0.9958462,-0.1123302,0.9930379,0.03546179,-0.9898238,-0.1149614,0.08386312,moving,-65.19507,-26.91929,16.83914,-2.71599,-10.399045074005151,3.3540772858177794,85.53017795616995,27.906351301811426,81.671335056831
507,05/05/2023 11:21:51.426471,689,True,True,True,True,Eyes,0.2608725,0.01160031,-2.065934,-0.8896765,-0.2069741,0.4069858,0.0,0.0,0.0,0.0,0.0,0.0,0.0,2.140876,0.07042798,0.3589873,0.1897692,0.02011705,-2.163507,0.05018526,-0.6771138,0.03084186,0.7335171,6.626142,274.5036,358.6896,0.1484438,0.005422229,-0.9889057,-0.1627989,-0.0009766917,-0.05350172,-1.649561,-0.301585,-1.439413,0.5796001,-0.08817488,1.915001,0.08113136,-0.02271621,0.9964447,-0.1132083,0.9930604,0.03185659,-0.9902534,-0.1153904,0.07799669,moving,-65.4181,-26.95578,16.83912,-2.636282,-10.410735379471912,3.3579330093162323,85.77696791738678,27.90134820721118,81.90624229213363
508,05/05/2023 11:21:51.445939,690,True,True,True,True,Eyes,0.257228,0.01203864,-2.070325,-0.8917125,-0.2052611,0.4033815,0.0,0.0,0.0,0.0,0.0,0.0,0.0,2.150979,0.06754272,0.3379042,0.1839273,0.02209515,-2.170515,0.0500596,-0.679869,0.0305261,0.7309859,6.585931,274.0722,358.6479,0.1461304,0.005437214,-0.9892501,-0.153031,-0.0009180902,-0.05029162,-1.661291,-0.2959886,-1.460264,0.5796,-0.08544809,1.915001,0.07369275,-0.02343962,0.9970056,-0.1126962,0.9931244,0.03167823,-0.990893,-0.1146932,0.07054446,moving,-65.65957,-26.96931,16.83913,-2.554866,-10.424753551048132,3.3634289313276886,86.03546116293639,27.89884515852389,82.15978408463644
509,05/05/2023 11:21:51.455777,691,True,True,True,True,Eyes,0.2534779,0.0124918,-2.07482,-0.8938449,-0.2032844,0.3996458,0.0,0.0,0.0,0.0,0.0,0.0,0.0,2.160708,0.07221456,0.3159571,0.1776156,0.02390707,-2.177518,0.04913447,-0.6827097,0.02646657,0.7285553,6.18461,273.6324,358.3559,0.1438504,0.00547066,-0.9895841,-0.1438491,-0.0008630048,-0.04727412,-1.67521,-0.2808657,-1.481739,0.5795997,-0.08244619,1.915,0.06641395,-0.02852444,0.9973844,-0.1056539,0.9937707,0.03545638,-0.9921826,-0.1077323,0.0629865,moving,-65.91016,-26.96068,16.83912,-2.465223,-10.44048923990632,3.3702856669997585,86.29872973663777,27.896778338808435,82.42402558161282
510,05/05/2023 11:21:51.475797,692,True,True,True,True,Eyes,0.1573136,0.02353758,-2.189747,-0.9402667,-0.1446518,0.3081791,0.0,0.0,0.0,0.0,0.0,0.0,0.0,2.170001,0.07814892,0.2944038,0.171357,0.02464153,-2.184425,0.04716783,-0.6855016,0.0211499,0.7262338,5.595592,273.2098,358.0453,0.1415949,0.00552134,-0.9899091,-0.1352182,-0.0008112245,-0.04443767,-1.689528,-0.2614343,-1.50263,0.5795999,-0.08010319,1.915001,0.05928047,-0.03394771,0.9976641,-0.09538679,0.9946557,0.03951318,-0.9936737,-0.09750632,0.05572551,moving,-71.85307,-25.14422,16.83912,-2.395247,-10.898137381196005,3.614887266609042,91.56320406992556,28.380929529058424,88.37533238859628
511,05/05/2023 11:21:51.496038,693,True,True,True,True,Eyes,0.1570657,0.02354611,-2.19002,-0.9403893,-0.1445288,0.3078624,0.0,0.0,0.0,0.0,0.0,0.0,0.0,2.179306,0.08189546,0.2723391,0.165241,0.02473848,-2.191423,0.04601682,-0.6883028,0.01797326,0.7237396,5.241302,272.7769,357.8516,0.1336789,0.006105199,-0.9910055,-0.4155981,0.0323748,-0.3865504,-1.70255,-0.2489067,-1.523862,0.5796002,-0.07744984,1.915001,0.05183268,-0.0373311,0.9979579,-0.08936292,0.9951188,0.0418663,-0.9946496,-0.09135046,0.04824366,moving,-71.87272,-25.14814,16.83913,-2.315995,-10.89913040408805,3.615191108884623,91.60294305164831,28.36529673568082,88.4059111371145
512,05/05/2023 11:21:51.506070,694,True,True,True,True,Eyes,0.156593,0.02358641,-2.190513,-0.9405707,-0.1443611,0.3073866,0.0,0.0,0.0,0.0,0.0,0.0,0.0,2.188538,0.08123023,0.2482529,0.1590615,0.02492465,-2.198182,0.04503446,-0.6913853,0.01657954,0.7208908,5.040251,272.2965,357.7926,0.1270447,0.006597189,-0.9918747,-0.3906622,0.03043232,-0.3633574,-1.715396,-0.2399235,-1.546253,0.5796007,-0.07471053,1.915001,0.04342292,-0.03836824,0.9983199,-0.0861764,0.9953941,0.04200414,-0.9953333,-0.08785555,0.03991648,moving,-71.90216,-25.15664,16.83914,-2.234165,-10.900480503220688,3.6155127004900898,91.6540134735824,28.3496962040568,88.44662832741967
513,05/05/2023 11:21:51.525823,695,True,True,True,True,Eyes,0.1558918,0.02365885,-2.19125,-0.9408534,-0.1442023,0.306595,0.0,0.0,0.0,0.0,0.0,0.0,0.0,2.197787,0.08133814,0.2224174,0.1531951,0.02575733,-2.205045,0.04518738,-0.6947102,0.01605668,0.7176893,5.000849,271.7643,357.7139,0.121458,0.007014371,-0.9925715,-0.3672225,0.02860638,-0.341556,-1.727577,-0.2359853,-1.570575,0.5795999,-0.07211126,1.915001,0.0342399,-0.03973684,0.9986233,-0.08583169,0.9954006,0.04255152,-0.995721,-0.08717049,0.03067175,moving,-71.95082,-25.18923,16.83912,-2.156511,-10.90174039491887,3.6151011044354977,91.72872826839235,28.334905006624684,88.50569129009247
514,05/05/2023 11:21:51.546062,696,True,True,True,True,Eyes,0.1549847,0.02371896,-2.192261,-0.9411322,-0.1441357,0.3057694,0.0,0.0,0.0,0.0,0.0,0.0,0.0,2.206151,0.08503811,0.1973917,0.1470333,0.02660205,-2.211554,0.04587035,-0.6977807,0.01491491,0.7146858,4.95541,271.2651,357.5438,0.1164202,0.007390819,-0.9931722,-0.3451891,0.02688999,-0.3210626,-1.739484,-0.2327294,-1.593662,0.5796005,-0.0694896,1.915001,0.0257595,-0.04269593,0.9987561,-0.08533383,0.9953469,0.0447511,-0.9960195,-0.08638044,0.02199624,moving,-72.00127,-25.23858,16.83914,-2.078179,-10.902231154009886,3.613882795348797,91.80970876464482,28.319308624798758,88.56648263729608
515,05/05/2023 11:21:51.566089,697,True,True,True,True,Eyes,0.1538832,0.02376811,-2.193496,-0.9414547,-0.1442794,0.3047073,0.0,0.0,0.0,0.0,0.0,0.0,0.0,2.214332,0.08731993,0.1747994,0.1412251,0.02635812,-2.218289,0.04657216,-0.7004685,0.01471771,0.7120101,4.987493,270.8253,357.4521,0.1118397,0.007731733,-0.9936959,-0.3244778,0.02527659,-0.3017989,-1.749996,-0.2321872,-1.614922,0.5796002,-0.0667084,1.915,0.01825459,-0.04428635,0.9988521,-0.08620297,0.9952288,0.04570112,-0.9961103,-0.08693827,0.01434988,moving,-72.06552,-25.33764,16.83913,-1.995073,-10.900958530076784,3.610489238901563,91.91796465203083,28.30079220924207,88.64119796962359
516,05/05/2023 11:21:51.576135,698,True,True,True,True,Eyes,0.152599,0.02381963,-2.194957,-0.9417571,-0.1446172,0.3036104,0.0,0.0,0.0,0.0,0.0,0.0,0.0,2.222122,0.08708175,0.1533983,0.1354623,0.0261873,-2.224838,0.04847528,-0.7028739,0.01673749,0.7094634,5.296604,270.4164,357.4446,0.1076614,0.008040108,-0.9941548,-0.3050091,0.02376,-0.2836909,-1.758829,-0.2400629,-1.634888,0.5796002,-0.06407937,1.915,0.01137619,-0.04439476,0.9989493,-0.09189329,0.9947401,0.04525419,-0.9957039,-0.09231155,0.007236798,moving,-72.13134,-25.46962,16.83913,-1.916505,-10.89805649429618,3.605461300334668,92.03528539763498,28.281506792273255,88.71653546129055
517,05/05/2023 11:21:51.595707,699,True,True,True,True,Eyes,0.1511375,0.0238662,-2.196633,-0.9421132,-0.1450899,0.3022774,0.0,0.0,0.0,0.0,0.0,0.0,0.0,2.230093,0.08755652,0.1323009,0.129799,0.02635192,-2.231802,0.0504536,-0.7052168,0.01844958,0.7069538,5.587088,270.0143,357.4041,0.1038367,0.008319217,-0.9945592,-0.2867086,0.0223344,-0.2666695,-1.76745,-0.2470926,-1.655098,0.5796003,-0.06123038,1.915001,0.00465811,-0.04507545,0.9989729,-0.09724743,0.9942281,0.04531482,-0.9952494,-0.09735861,0.0002477391,moving,-72.21114,-25.6405,16.83913,-1.831356,-10.893968549487688,3.5988126126609066,92.17822912752032,28.259714901561264,88.80643262139215
518,05/05/2023 11:21:51.605991,700,True,True,True,True,Eyes,0.1495098,0.02389431,-2.19857,-0.9424747,-0.1454754,0.3009622,0.0,0.0,0.0,0.0,0.0,0.0,0.0,2.2377,0.08884206,0.1102512,0.1240931,0.02631052,-2.238584,0.05204896,-0.7076958,0.01946869,0.7043285,5.789556,269.592,357.3358,0.1003221,0.008571668,-0.9949177,-0.269506,0.02099434,-0.2506693,-1.77655,-0.2521166,-1.675864,0.5796,-0.05881125,1.915,-0.002424516,-0.04624493,0.9989272,-0.1010944,0.9938238,0.0457633,-0.9948738,-0.1008749,-0.007084749,moving,-72.29006,-25.79762,16.83913,-1.759048,-10.89054802362558,3.5928413381286983,92.3139504834198,28.24141927703916,88.89389544493322
519,05/05/2023 11:21:51.626314,701,True,True,True,True,Eyes,0.1477234,0.02390203,-2.200707,-0.9429106,-0.1459508,0.2993627,0.0,0.0,0.0,0.0,0.0,0.0,0.0,2.245533,0.08815146,0.08675647,0.1184606,0.02586969,-2.245666,0.05330055,-0.7104029,0.02084442,0.7014647,5.992182,269.1343,357.3209,0.09707855,0.008799188,-0.9952374,-0.2533357,0.01973468,-0.2356291,-1.785888,-0.2567355,-1.698032,0.5795999,-0.05611719,1.915,-0.01021348,-0.04648648,0.9988668,-0.104973,0.9934491,0.04516102,-0.9944227,-0.1043927,-0.01502637,moving,-72.38599,-25.991,16.83913,-1.678516,-10.886264736505805,3.585461207179599,92.47820779656502,28.220683360485268,88.99923573830459
520,05/05/2023 11:21:51.646187,702,True,True,True,True,Eyes,0.1457861,0.02389897,-2.203079,-0.9434201,-0.1460917,0.2976843,0.0,0.0,0.0,0.0,0.0,0.0,0.0,2.253095,0.08504874,0.06095409,0.1128694,0.02541094,-2.252554,0.05400454,-0.7134848,0.02234053,0.6982291,6.159369,268.6194,357.3559,0.09407144,0.00900326,-0.9955243,-0.2381355,0.0185506,-0.2214914,-1.795829,-0.2596318,-1.721865,0.5796001,-0.05335496,1.915001,-0.01911917,-0.04586521,0.9987646,-0.1082605,0.9931688,0.04353582,-0.9939387,-0.1072943,-0.02395396,moving,-72.48756,-26.13998,16.83913,-1.595938,-10.884652204778249,3.580484080458172,92.63729024563415,28.20289781729945,89.11099879345129
521,05/05/2023 11:21:51.655965,703,True,True,True,True,Eyes,0.1437016,0.02387335,-2.205634,-0.9440141,-0.1462492,0.2957171,0.0,0.0,0.0,0.0,0.0,0.0,0.0,2.260602,0.08016074,0.03446746,0.1072987,0.0250946,-2.2596,0.05427312,-0.7166749,0.02385456,0.6948832,6.293346,268.0895,357.4259,0.09126984,0.009185648,-0.9957835,-0.2238474,0.01743756,-0.2082019,-1.805942,-0.2609295,-1.746354,0.5796003,-0.05058609,1.915,-0.02838373,-0.0446401,0.9985998,-0.1109446,0.9929708,0.04123504,-0.9934211,-0.1096189,-0.03313682,moving,-72.60658,-26.31506,16.83914,-1.513157,-10.882736180022228,3.574626189791673,92.8206400470273,28.184888801036816,89.24004648612426
522,05/05/2023 11:21:51.675910,704,True,True,True,True,Eyes,0.1414816,0.02381901,-2.20836,-0.9447063,-0.1459838,0.2936301,0.0,0.0,0.0,0.0,0.0,0.0,0.0,2.267701,0.07272817,0.007136583,0.101675,0.02453771,-2.266465,0.05374767,-0.7200059,0.02536879,0.6914183,6.364639,267.5436,357.5597,0.08864675,0.009347398,-0.9960189,-0.2104166,0.01639131,-0.1957098,-1.816447,-0.260045,-1.771192,0.5796002,-0.04810755,1.915001,-0.03810405,-0.04231639,0.9983774,-0.1124781,0.9929352,0.0377929,-0.9929234,-0.1108556,-0.04259452,moving,-72.73391,-26.43515,16.83913,-1.439049,-10.884208720216694,3.5717783807379355,92.99534698060866,28.17253806165535,89.37666689467478
523,05/05/2023 11:21:51.695798,705,True,True,True,True,Eyes,0.1391334,0.02373327,-2.211257,-0.9454651,-0.1458588,0.2912405,0.0,0.0,0.0,0.0,0.0,0.0,0.0,2.274697,0.06309796,-0.02046585,0.09621671,0.02377833,-2.273505,0.05314671,-0.7233692,0.02753419,0.6878622,6.485398,266.9899,357.7499,0.08617754,0.009489239,-0.9962342,-0.1977916,0.01540783,-0.1839672,-1.826532,-0.2602664,-1.796444,0.5796004,-0.04546097,1.915001,-0.04804233,-0.03900993,0.9980832,-0.1147688,0.9928346,0.03328044,-0.9922298,-0.11295,-0.05217521,moving,-72.8791,-26.60258,16.83914,-1.359912,-10.884289695362842,3.5669798613590578,93.20168923606386,28.157819828375427,89.5314846649315
524,05/05/2023 11:21:51.706175,706,True,True,True,True,Eyes,0.1366754,0.02362633,-2.214329,-0.946335,-0.1455658,0.2885497,0.0,0.0,0.0,0.0,0.0,0.0,0.0,2.281199,0.05289124,-0.04954195,0.09078392,0.02297358,-2.280428,0.05327768,-0.7268724,0.03057109,0.6840201,6.737952,266.3996,357.9439,0.083841,0.009611674,-0.9964324,-0.1859241,0.01448336,-0.1729292,-1.836077,-0.2647851,-1.822834,0.5796005,-0.04274608,1.915,-0.0585561,-0.03562967,0.9976481,-0.1192746,0.9924538,0.02844345,-0.991133,-0.1173286,-0.06236389,moving,-73.04286,-26.76976,16.83914,-1.278727,-10.885516352404654,3.562669646489085,93.42679855056092,28.14419462957801,89.70514356594096
525,05/05/2023 11:21:51.726056,707,True,True,True,True,Eyes,0.1341035,0.02349625,-2.217563,-0.9472734,-0.1454099,0.2855327,0.0,0.0,0.0,0.0,0.0,0.0,0.0,2.287377,0.04438277,-0.07986307,0.085677,0.02234339,-2.287488,0.05398378,-0.7305313,0.03352307,0.6799162,7.029953,265.7715,358.0779,0.08161869,0.009715625,-0.9966159,-0.1747686,0.01361436,-0.1625534,-1.845102,-0.2710984,-1.850735,0.5796007,-0.04009853,1.915,-0.06959949,-0.03328793,0.9970195,-0.1244594,0.9919239,0.02442959,-0.9897807,-0.1223882,-0.07318031,moving,-73.22584,-26.98784,16.83915,-1.199551,-10.885247829464996,3.556262459784639,93.68424773273051,28.129344049776776,89.89734360198709
526,05/05/2023 11:21:51.746096,708,True,True,True,True,Eyes,0.1314241,0.02335204,-2.220933,-0.948337,-0.1449339,0.2822252,0.0,0.0,0.0,0.0,0.0,0.0,0.0,2.293007,0.03641845,-0.1116893,0.08036047,0.02168828,-2.294505,0.05436786,-0.7343619,0.03589217,0.6756246,7.248917,265.1144,358.1889,0.07949441,0.009801825,-0.9967868,-0.1642825,0.01279749,-0.1528002,-1.854658,-0.2752683,-1.879671,0.5796005,-0.03746775,1.915001,-0.08115115,-0.0313521,0.9962087,-0.1283506,0.9915118,0.02074884,-0.9884031,-0.1261802,-0.0844864,moving,-73.42699,-27.18231,16.83914,-1.120872,-10.887324768503763,3.5515216212698246,93.9530349472796,28.11739871878555,90.10778957104677
527,05/05/2023 11:21:51.756222,709,True,True,True,True,Eyes,0.1286472,0.02319309,-2.224464,-0.9494721,-0.1445441,0.2785853,0.0,0.0,0.0,0.0,0.0,0.0,0.0,2.298293,0.03001516,-0.1446538,0.07516271,0.02118573,-2.301712,0.05480042,-0.7383286,0.03771443,0.6711525,7.426263,264.429,358.2491,0.07745366,0.009871374,-0.9969468,-0.1544256,0.01202965,-0.1436322,-1.864209,-0.2782366,-1.909862,0.5796,-0.03465479,1.915,-0.09310271,-0.03029716,0.9951954,-0.1315457,0.9911491,0.01786759,-0.9869284,-0.1292501,-0.09626417,moving,-73.64774,-27.42256,16.83913,-1.036739,-10.888198016236412,3.5449539895794464,94.25542526688287,28.10332061466634,90.33826471695825
528,05/05/2023 11:21:51.775921,710,True,True,True,True,Eyes,0.1257645,0.02301333,-2.22814,-0.9507034,-0.1438372,0.2747251,0.0,0.0,0.0,0.0,0.0,0.0,0.0,2.303149,0.0263367,-0.1782196,0.07004058,0.02068613,-2.30903,0.0551639,-0.7423486,0.03859971,0.6666227,7.519054,263.7315,358.2406,0.07548302,0.00992525,-0.9970974,-0.14516,0.01130787,-0.1350143,-1.873808,-0.279313,-1.94073,0.5795996,-0.03205838,1.915001,-0.1051425,-0.0304388,0.9939913,-0.1333645,0.990934,0.01623814,-0.985474,-0.1308559,-0.1082487,moving,-73.88227,-27.6351,16.83912,-0.9590797,-10.891363840357696,3.540148836691215,94.56204662853969,28.093109323207997,90.58175247141457
529,05/05/2023 11:21:51.796145,711,True,True,True,True,Eyes,0.1227877,0.02281885,-2.231971,-0.9520078,-0.1431954,0.2705111,0.0,0.0,0.0,0.0,0.0,0.0,0.0,2.307389,0.0229552,-0.2132232,0.06464811,0.01996251,-2.316346,0.05522936,-0.7465072,0.03912434,0.6619261,7.55794,263.0096,358.2274,0.07357129,0.009964038,-0.9972398,-0.1364504,0.01062939,-0.1269134,-1.883824,-0.2788081,-1.972513,0.5795998,-0.02938991,1.915001,-0.1176073,-0.03066338,0.9925867,-0.1342531,0.9908381,0.0147023,-0.9839435,-0.1315287,-0.1206465,moving,-74.13761,-27.89457,16.83912,-0.879261,-10.89333950532413,3.5334893805969223,94.90306803185229,28.081340355045395,90.84603547271867
530,05/05/2023 11:21:51.805881,712,True,True,True,True,Eyes,0.1197097,0.02260802,-2.235941,-0.9534346,-0.1421668,0.2659904,0.0,0.0,0.0,0.0,0.0,0.0,0.0,2.311119,0.01946394,-0.2496762,0.05941219,0.01942107,-2.323807,0.05534839,-0.7508435,0.0396383,0.6569623,7.599511,262.2505,358.2058,0.07170808,0.009988557,-0.9973753,-0.1282634,0.00999163,-0.1192986,-1.893563,-0.2782582,-2.005767,0.5795997,-0.02668431,1.915,-0.1306742,-0.0310342,0.9909396,-0.1351977,0.9907307,0.01319929,-0.9821638,-0.1322479,-0.1336587,moving,-74.4119,-28.12366,16.83912,-0.7983285,-10.898062984778056,3.5288606285657096,95.25451376509827,28.072689320502207,91.12954746519355
531,05/05/2023 11:21:51.826349,713,True,True,True,True,Eyes,0.1165404,0.02237733,-2.240059,-0.954939,-0.141102,0.2611164,0.0,0.0,0.0,0.0,0.0,0.0,0.0,2.314122,0.01608642,-0.2873378,0.05394888,0.01876439,-2.331248,0.05496372,-0.7553009,0.03965313,0.6518645,7.559625,261.4722,358.1888,0.06988438,0.009999473,-0.9975047,-0.1205676,0.009392132,-0.1121407,-1.903714,-0.2750652,-2.039773,0.5796007,-0.02395655,1.915001,-0.1441035,-0.03133136,0.9890666,-0.1347252,0.9908133,0.01175771,-0.9803486,-0.1315579,-0.1470008,moving,-74.707,-28.38589,16.83914,-0.7167295,-10.90231896719662,3.523079049783683,95.63617616610546,28.06357999556494,91.43373128953672
532,05/05/2023 11:21:51.845929,714,True,True,True,True,Eyes,0.1132741,0.02212716,-2.244323,-0.9565792,-0.139715,0.2558045,0.0,0.0,0.0,0.0,0.0,0.0,0.0,2.316554,0.0142913,-0.3257055,0.04858929,0.01803857,-2.338808,0.05418218,-0.7598406,0.03887503,0.6466802,7.420751,260.6803,358.1472,0.06809226,0.009997234,-0.9976286,-0.1133335,0.008828604,-0.1054122,-1.913903,-0.2690105,-2.074524,0.5796002,-0.02132526,1.915,-0.1577379,-0.03206022,0.9869604,-0.1326191,0.991106,0.01099944,-0.978535,-0.1291547,-0.1605867,moving,-75.02851,-28.64242,16.83914,-0.6380141,-10.90848439772104,3.5182637952620595,96.04119879684163,28.05717921779821,91.76385986224584
533,05/05/2023 11:21:51.856001,715,True,True,True,True,Eyes,0.109912,0.02186408,-2.248724,-0.95828,-0.1383245,0.2501316,0.0,0.0,0.0,0.0,0.0,0.0,0.0,2.318158,0.01139138,-0.3651531,0.04297895,0.0172197,-2.346312,0.05321827,-0.7644544,0.03827591,0.6413363,7.283675,259.871,358.1357,0.06632433,0.009982266,-0.997748,-0.1065335,0.008298888,-0.09908751,-1.924064,-0.2626828,-2.109871,0.5796006,-0.0185707,1.915,-0.1717113,-0.03227043,0.9846187,-0.1304613,0.9914055,0.009741243,-0.9764708,-0.126782,-0.1744456,moving,-75.37098,-28.9429,16.83915,-0.555608,-10.91362498384984,3.5117496672080986,96.4808085668345,28.049240946899044,92.11516778658716
534,05/05/2023 11:21:51.876187,716,True,True,True,True,Eyes,0.1064396,0.02159808,-2.25322,-0.9600784,-0.1366256,0.244096,0.0,0.0,0.0,0.0,0.0,0.0,0.0,2.318904,0.006391543,-0.4061205,0.03731329,0.0166336,-2.353853,0.0522617,-0.7692192,0.03819912,0.6356977,7.193013,259.0264,358.1612,0.06457455,0.009955261,-0.997863,-0.1001415,0.007800954,-0.09314226,-1.933804,-0.2574346,-2.146488,0.5795997,-0.01596883,1.915001,-0.1863146,-0.03183523,0.9819742,-0.1289676,0.9916191,0.00767828,-0.9739888,-0.1252123,-0.1888589,moving,-75.73502,-29.23664,16.83912,-0.4777675,-10.920434328410105,3.506130811717769,96.93835228747628,28.043970872008476,92.48736722884759
535,05/05/2023 11:21:51.895993,717,True,True,True,True,Eyes,0.1028723,0.02130128,-2.257838,-0.9619133,-0.1349132,0.2377421,0.0,0.0,0.0,0.0,0.0,0.0,0.0,2.318886,0.00427728,-0.4470198,0.03136928,0.01621253,-2.36132,0.05135142,-0.7738805,0.03732892,0.6301417,7.036037,258.1941,358.1272,0.06283671,0.009917309,-0.9979743,-0.09413303,0.007332897,-0.08755372,-1.943571,-0.2503618,-2.182754,0.5795998,-0.01330725,1.915,-0.200569,-0.03243471,0.9791424,-0.1265247,0.9919392,0.006941088,-0.9714748,-0.1224936,-0.203056,moving,-76.11726,-29.57391,16.83913,-0.3981395,-10.926072506724047,3.4987637624205177,97.42749112083699,28.037338056171794,92.87778509925978
536,05/05/2023 11:21:51.906162,718,True,True,True,True,Eyes,0.09919802,0.02097545,-2.262531,-0.9637982,-0.1330899,0.2310412,0.0,0.0,0.0,0.0,0.0,0.0,0.0,2.318256,0.001765893,-0.4874094,0.02552685,0.01515796,-2.368755,0.0504021,-0.7784261,0.03674775,0.6246296,6.902267,257.3756,358.1204,0.0611058,0.009868147,-0.9980823,-0.08848505,0.006892923,-0.08230049,-1.952703,-0.2442887,-2.21854,0.5795997,-0.0105189,1.915,-0.214595,-0.03256116,0.9761602,-0.1243761,0.9922185,0.005754487,-0.9687516,-0.1201761,-0.2169749,moving,-76.51946,-29.94384,16.83913,-0.3147166,-10.931216500969022,3.4902465343035,97.94749246530269,28.02980358898883,93.28847409125821
537,05/05/2023 11:21:51.926124,719,True,True,True,True,Eyes,0.09542587,0.02064678,-2.267339,-0.965693,-0.1313386,0.2240251,0.0,0.0,0.0,0.0,0.0,0.0,0.0,2.316907,-0.003459054,-0.527935,0.01956285,0.01408168,-2.376174,0.04969516,-0.7829106,0.03711798,0.6190346,6.871681,256.5553,358.1611,0.0593761,0.009807617,-0.9981873,-0.08317594,0.006479348,-0.07736246,-1.961122,-0.2413857,-2.254311,0.5796003,-0.007940412,1.915001,-0.2286536,-0.03185911,0.9729865,-0.1237684,0.9923053,0.003405899,-0.9656082,-0.1196462,-0.2308374,moving,-76.93933,-30.3817,16.83913,-0.2375714,-10.933878327378824,3.47872634768576,98.50415244559458,28.0205435440162,93.71572811872915
538,05/05/2023 11:21:51.946274,720,True,True,True,True,Eyes,0.09153678,0.02029546,-2.272214,-0.9676012,-0.129508,0.2167386,0.0,0.0,0.0,0.0,0.0,0.0,0.0,2.314602,-0.006307051,-0.5698001,0.01345509,0.01368403,-2.383637,0.04957919,-0.7874789,0.03711404,0.6132223,6.849349,255.7044,358.1203,0.05764421,0.009736768,-0.9982895,-0.07818539,0.006090587,-0.07272071,-1.969199,-0.2387743,-2.291225,0.5796006,-0.00524134,1.915001,-0.2430008,-0.03256682,0.9694793,-0.1236034,0.9923289,0.002353089,-0.962119,-0.1192592,-0.2451621,moving,-77.3744,-30.85962,16.83914,-0.1568176,-10.935367862762124,3.465557649350988,99.09012662493194,28.00972847897219,94.15847998848312
539,05/05/2023 11:21:51.955935,721,True,True,True,True,Eyes,0.08755343,0.01991751,-2.277195,-0.9694988,-0.1277443,0.2091734,0.0,0.0,0.0,0.0,0.0,0.0,0.0,2.311682,-0.00317791,-0.6117911,0.007128254,0.01275084,-2.391225,0.04931874,-0.7919791,0.03555733,0.6075134,6.675435,254.8649,357.9854,0.05590542,0.009655654,-0.9983891,-0.07349426,0.005725152,-0.06835747,-1.977555,-0.2326326,-2.328076,0.5796003,-0.002556157,1.915001,-0.2569903,-0.0349157,0.9657832,-0.1213219,0.9926067,0.003602272,-0.9587686,-0.1162449,-0.2593264,moving,-77.82483,-31.41283,16.83913,-0.07647878,-10.933848644569148,3.4489524401357747,99.71575718343011,27.995839120833693,94.6162768224963
540,05/05/2023 11:21:51.976188,722,True,True,True,True,Eyes,0.08345588,0.01952327,-2.282247,-0.9713728,-0.1260366,0.2013693,0.0,0.0,0.0,0.0,0.0,0.0,0.0,2.308019,-0.00148327,-0.6530948,0.0009115227,0.01173535,-2.398613,0.04963404,-0.7963291,0.03487801,0.601814,6.620333,254.0356,357.8613,0.05415777,0.009564211,-0.9984864,0.0,0.0,0.0,-1.984867,-0.230477,-2.36426,0.5796006,5.354499e-05,1.915001,-0.2707131,-0.03706991,0.9619462,-0.1210302,0.99264,0.004192167,-0.9550217,-0.1152897,-0.2732072,moving,-78.28825,-32.04236,16.83914,0.001602037,-10.929122150021149,3.4287976285607726,100.3794592097447,27.978957315366685,95.08659292869126
541,05/05/2023 11:21:51.995690,723,True,True,True,True,Eyes,0.07926156,0.01910465,-2.287401,-0.9732329,-0.124281,0.1933182,0.0,0.0,0.0,0.0,0.0,0.0,0.0,2.30399,-0.001210227,-0.6937423,-0.005621923,0.01093924,-2.406137,0.04975433,-0.8005213,0.0343773,0.5962453,6.56735,253.2311,357.7695,0.05239695,0.009462764,-0.9985813,0.0,0.0,0.0,-1.992116,-0.2277422,-2.399724,0.5796003,0.002769222,1.915,-0.2840322,-0.03866419,0.958035,-0.1206534,0.9926854,0.004292066,-0.9511933,-0.1143711,-0.2866196,moving,-78.76528,-32.73627,16.83914,0.08285356,-10.921851906047038,3.4057164629010765,101.0806608347163,27.959150371194855,95.57073176690405
542,05/05/2023 11:21:52.006142,724,True,True,True,True,Eyes,0.07496779,0.01866225,-2.292595,-0.9750859,-0.1225051,0.1849328,0.0,0.0,0.0,0.0,0.0,0.0,0.0,2.299149,-0.001178624,-0.7345943,-0.01210005,0.009911579,-2.4136,0.04876311,-0.8047692,0.03319223,0.5906498,6.374578,252.4265,357.735,0.0506211,0.009351315,-0.9986739,0.0,0.0,0.0,-1.999522,-0.2200382,-2.435311,0.5796004,0.005471488,1.915001,-0.2975102,-0.03927614,0.9539105,-0.1176961,0.9930409,0.004179691,-0.9474364,-0.111028,-0.3000624,moving,-79.26095,-33.5217,16.83913,0.1637035,-10.9109224252416,3.378457193304928,101.83286200909906,27.93564122965991,96.07324404947
543,05/05/2023 11:21:52.025992,725,True,True,True,True,Eyes,0.07058424,0.01831397,-2.297888,-0.9768871,-0.1209356,0.1762561,0.0,0.0,0.0,0.0,0.0,0.0,0.0,2.293257,-0.008134803,-0.7763996,-0.0182635,0.008912606,-2.421049,0.0479558,-0.8091302,0.03392385,0.584686,6.37157,251.5828,357.8124,0.04882809,0.009229897,-0.9987643,0.0,0.0,0.0,-2.005555,-0.2175795,-2.472028,0.5796002,0.008069546,1.915,-0.311685,-0.03793535,0.9494278,-0.1172746,0.9930989,0.001180538,-0.9429204,-0.1109758,-0.3139828,moving,-79.77238,-34.45541,16.83914,0.2414351,-10.893183560814114,3.344058766067563,102.65308985414805,27.905340773674997,96.59084520598435
544,05/05/2023 11:21:52.046185,726,True,True,True,True,Eyes,0.0660793,0.01818262,-2.303237,-0.978679,-0.1193733,0.1671449,0.0,0.0,0.0,0.0,0.0,0.0,0.0,2.285894,-0.02042908,-0.8202286,-0.02474534,0.01084705,-2.428533,0.048386,-0.8136413,0.0360766,0.5782259,6.584182,250.6772,357.8645,0.04701644,0.009103653,-0.9988523,0.0,0.0,0.0,-2.01056,-0.2195276,-2.510645,0.5795994,0.01073793,1.914999,-0.3266273,-0.03701685,0.9444281,-0.1204586,0.9927145,-0.002750743,-0.9374458,-0.1146629,-0.3287067,moving,-80.30817,-35.53406,16.83912,0.3212698,-10.869334857110402,3.302911332426367,103.55288807856046,27.868416833333303,97.13281879045775
545,05/05/2023 11:21:52.056008,727,True,True,True,True,Eyes,0.06145054,0.01809901,-2.308689,-0.980464,-0.1172932,0.157901,0.0,0.0,0.0,0.0,0.0,0.0,0.0,2.277824,-0.02028896,-0.8644648,-0.03169604,0.01594049,-2.436172,0.04906288,-0.8181187,0.03446581,0.5719152,6.460247,249.7788,357.6435,0.04518341,0.008982526,-0.998938,0.0,0.0,0.0,-2.016527,-0.2097592,-2.54954,0.5796003,0.0135415,1.915001,-0.341012,-0.04085547,0.9391709,-0.1197015,0.9928098,-0.0002746233,-0.932407,-0.1125138,-0.3434505,moving,-80.85123,-36.60598,16.83913,0.4051475,-10.846282233564748,3.2622924322045064,104.46640606314958,27.832450982729465,97.68267559071474
546,05/05/2023 11:21:52.076176,728,True,True,True,True,Eyes,0.05677804,0.0180321,-2.3142,-0.9821634,-0.1154326,0.1484259,0.0,0.0,0.0,0.0,0.0,0.0,0.0,2.271212,-0.001423046,-0.9034293,-0.03923215,0.01690004,-2.443924,0.04586387,-0.8219475,0.02678114,0.5670819,5.511325,249.0807,357.4076,0.04332625,0.008868052,-0.9990214,0.0,0.0,0.0,-2.025821,-0.1771227,-2.58265,0.5796003,0.01608378,1.915001,-0.3526296,-0.04502117,0.9346795,-0.1057696,0.9943585,0.00799175,-0.9297664,-0.09604251,-0.3554021,moving,-81.40641,-37.87264,16.83913,0.4812066,-10.813763496739602,3.212077802070895,105.4665998262385,27.78741039147627,98.24349013069985
547,05/05/2023 11:21:52.096161,729,True,True,True,True,Eyes,0.05202016,0.01808772,-2.319805,-0.9837663,-0.1137794,0.1387742,0.0,0.0,0.0,0.0,0.0,0.0,0.0,2.26352,-0.01530908,-0.9416058,-0.04473755,0.01724152,-2.451139,0.04586544,-0.8257652,0.02952467,0.5613703,5.753905,248.2938,357.5461,0.04144751,0.008760354,-0.9991021,0.0,0.0,0.0,-2.028883,-0.1808013,-2.616848,0.5795996,0.0187495,1.915,-0.3655196,-0.0425996,0.9298282,-0.1088967,0.9940493,0.00273408,-0.9244116,-0.1002559,-0.3679834,moving,-81.9706,-39.34795,16.83912,0.5609573,-10.770860017643535,3.151480212629385,106.56491753085719,27.7312424087983,98.81348207387735
548,05/05/2023 11:21:52.106165,730,True,True,True,True,Eyes,0.04718214,0.01820655,-2.325457,-0.98535,-0.1117111,0.1288639,0.0,0.0,0.0,0.0,0.0,0.0,0.0,2.255121,-0.02928302,-0.9810278,-0.05148252,0.02025847,-2.458818,0.04620381,-0.8295578,0.03177553,0.5555982,5.973057,247.5002,357.6173,0.03954534,0.008663956,-0.99918,0.0,0.0,0.0,-2.032808,-0.1816317,-2.651722,0.5795996,0.02148693,1.914999,-0.3783516,-0.04134861,0.924738,-0.1119663,0.9937111,-0.001377753,-0.9188654,-0.1040608,-0.3806019,moving,-82.54916,-40.92178,16.83912,0.6428507,-10.723670041681434,3.0862390829051263,107.72951650585732,27.670878946494074,99.39811135668661
549,05/05/2023 11:21:52.126182,731,True,True,True,True,Eyes,0.04231804,0.01838022,-2.33119,-0.9868199,-0.1099105,0.1187692,0.0,0.0,0.0,0.0,0.0,0.0,0.0,2.245522,-0.02233404,-1.022103,-0.05771318,0.02184141,-2.466527,0.04297173,-0.8337013,0.0270664,0.5498756,5.301048,246.7028,357.5891,0.03762003,0.00858045,-0.9992551,0.0,0.0,0.0,-2.038461,-0.1553434,-2.687857,0.5796002,0.02414072,1.915,-0.3915809,-0.04188488,0.91919,-0.1014175,0.9948417,0.00212762,-0.9145377,-0.09238879,-0.3938088,moving,-83.13715,-42.78158,16.83913,0.7222392,-10.66206900043752,3.006692598767786,109.03136634760058,27.59591770158781,99.99163954263977
550,05/05/2023 11:21:52.146101,732,True,True,True,True,Eyes,0.03739956,0.0186581,-2.337021,-0.9881884,-0.1081732,0.1085466,0.0,0.0,0.0,0.0,0.0,0.0,0.0,2.235392,-0.02755718,-1.061918,-0.06312928,0.02338545,-2.47404,0.04482123,-0.8375384,0.02852338,0.5437894,5.539127,245.8662,357.463,0.03567342,0.008510838,-0.9993271,0.0,0.0,0.0,-2.039912,-0.1603867,-2.723907,0.5795999,0.02676091,1.915,-0.4045682,-0.04405757,0.9134459,-0.1061004,0.9943549,0.0009677706,-0.9083321,-0.09652545,-0.406959,moving,-83.73153,-44.90127,16.83913,0.8006201,-10.587238201948484,2.9140895544094585,110.46773470814037,27.507679398371153,100.59128958099063
551,05/05/2023 11:21:52.155852,733,True,True,True,True,Eyes,0.03244643,0.01900139,-2.342946,-0.989475,-0.1062406,0.09824562,0.0,0.0,0.0,0.0,0.0,0.0,0.0,2.22554,-0.02493839,-1.100946,-0.06933461,0.02619641,-2.481983,0.04628886,-0.8411562,0.02756127,0.538102,5.519409,245.0816,357.2238,0.03370696,0.008458151,-0.9993957,0.0,0.0,0.0,-2.042652,-0.1565934,-2.758816,0.5795999,0.02951469,1.914999,-0.416607,-0.04821077,0.9078072,-0.1075339,0.9941955,0.003449576,-0.9027042,-0.09618292,-0.4193732,moving,-84.32965,-47.23901,16.83913,0.8829943,-10.501208639840456,2.8104904195030995,112.03057325809601,27.40819874110396,101.19505926702172
552,05/05/2023 11:21:52.176200,734,True,True,True,True,Eyes,0.02748449,0.01937497,-2.348958,-0.9906443,-0.1044696,0.087806,0.0,0.0,0.0,0.0,0.0,0.0,0.0,2.216711,-0.01100186,-1.136957,-0.07505675,0.02808435,-2.490016,0.0458544,-0.8444867,0.02309869,0.5331099,5.043034,244.3931,356.9605,0.03172129,0.008423381,-0.999461,0.0,0.0,0.0,-2.04627,-0.1389275,-2.791041,0.5795995,0.032107,1.914999,-0.4273826,-0.05281856,0.9025268,-0.1020751,0.9947277,0.00987779,-0.89829,-0.08790394,-0.4305207,moving,-84.93481,-49.95318,16.83912,0.9605346,-10.39588170908204,2.6879231575748994,113.79867820855897,27.289726809232487,101.80516653030968
553,05/05/2023 11:21:52.196055,735,True,True,True,True,Eyes,0.02251371,0.01978391,-2.355069,-0.9917038,-0.1027328,0.07726276,0.0,0.0,0.0,0.0,0.0,0.0,0.0,2.207456,-0.00980733,-1.172369,-0.08014902,0.0292296,-2.498025,0.04729607,-0.8477145,0.02292634,0.5278425,5.094561,243.6748,356.7779,0.02971974,0.008405942,-0.9995226,0.0,0.0,0.0,-2.047433,-0.1386593,-2.823569,0.5796006,0.03480334,1.915,-0.4382911,-0.05598413,0.8970881,-0.1043901,0.9944749,0.01105975,-0.8927508,-0.08879972,-0.4417137,moving,-85.54514,-53.0541,16.83914,1.041183,-10.270602541254329,2.545814914148953,115.7965475908867,27.151465114246967,102.42064002707443
554,05/05/2023 11:21:52.206168,736,True,True,True,True,Eyes,0.0175364,0.02019033,-2.361243,-0.9926764,-0.1009206,0.06639682,0.0,0.0,0.0,0.0,0.0,0.0,0.0,2.197248,-0.007711396,-1.209159,-0.08527154,0.03049571,-2.506357,0.04771886,-0.8511059,0.02190524,0.5223616,4.999117,242.932,356.6425,0.02770405,0.00840549,-0.9995806,0.0,0.0,0.0,-2.0486,-0.1328343,-2.857412,0.5796006,0.03756645,1.915,-0.4497223,-0.0583427,0.8912608,-0.1041125,0.9944861,0.01256565,-0.8870797,-0.08714037,-0.4533167,moving,-86.17338,-56.65862,16.83915,1.123824,-10.120024646219935,2.378547984399588,118.11177829333549,26.988357302407557,103.05401350306767
555,05/05/2023 11:21:52.226202,737,True,True,True,True,Eyes,0.01258381,0.0205811,-2.367508,-0.9935271,-0.09919214,0.05536014,0.0,0.0,0.0,0.0,0.0,0.0,0.0,2.185245,-0.005626563,-1.247919,-0.08994382,0.03087865,-2.514674,0.04711399,-0.8547906,0.0204999,0.5164232,4.801721,242.1335,356.5842,0.0256768,0.008420113,-0.9996346,0.0,0.0,0.0,-2.048895,-0.1239049,-2.893255,0.5795994,0.04014062,1.914999,-0.4621746,-0.05937195,0.8847992,-0.1017184,0.9947201,0.01361528,-0.8809358,-0.08370776,-0.4657735,moving,-86.81073,-60.83368,16.83912,1.20081,-9.94010333672629,2.1824918591218787,120.79556843933723,26.797210709153944,103.69576344439207
556,05/05/2023 11:21:52.246200,738,True,True,True,True,Eyes,0.007659228,0.02094763,-2.37389,-0.9942668,-0.09743012,0.04405499,0.0,0.0,0.0,0.0,0.0,0.0,0.0,2.171444,-0.01062978,-1.288284,-0.0942248,0.03089416,-2.52292,0.0469643,-0.8586665,0.02103137,0.5099449,4.81946,241.2671,356.5938,0.02364137,0.008447525,-0.9996846,0.0,0.0,0.0,-2.047469,-0.1216892,-2.931027,0.5795996,0.04284913,1.914999,-0.4755011,-0.05920366,0.8777208,-0.102103,0.994704,0.01178056,-0.8737699,-0.08401629,-0.4790277,moving,-87.46294,-65.66895,16.83912,1.28181,-9.726490166213306,1.9532324214590413,123.94080839183356,26.57409361711616,104.35259556460593
557,05/05/2023 11:21:52.255752,739,True,True,True,True,Eyes,0.002770487,0.02128933,-2.380374,-0.9948881,-0.09558377,0.03257883,0.0,0.0,0.0,0.0,0.0,0.0,0.0,2.156598,-0.01572513,-1.329545,-0.09868415,0.03062055,-2.531437,0.0457724,-0.8626249,0.02106886,0.5033281,4.728033,240.3886,356.6775,0.02160015,0.008485311,-0.9997304,0.0,0.0,0.0,-2.045979,-0.1153685,-2.969581,0.5795997,0.04556593,1.915,-0.4891314,-0.05775974,0.8702956,-0.1001779,0.994922,0.009728035,-0.8664382,-0.08242612,-0.4924339,moving,-88.12445,-71.17881,16.83912,1.363051,-9.478092450411372,1.6898957880473606,127.59182036669993,26.31924198520089,105.01858195788452
558,05/05/2023 11:21:52.276303,740,True,True,True,True,Eyes,-0.002049873,0.02160456,-2.386977,-0.9953809,-0.09371017,0.02086251,0.0,0.0,0.0,0.0,0.0,0.0,0.0,2.141023,-0.01558348,-1.371028,-0.1026419,0.03032855,-2.540175,0.04438869,-0.8666099,0.01986675,0.4966106,4.503572,239.5003,356.7105,0.01955697,0.008531271,-0.9997721,0.0,0.0,0.0,-2.043658,-0.1052768,-3.008732,0.5795993,0.04814548,1.914999,-0.5028149,-0.05720329,0.8624991,-0.09666743,0.99527,0.009654348,-0.8589716,-0.07852121,-0.5059663,moving,-88.79929,-77.44904,16.83912,1.440184,-9.19066069494567,1.3882216703527712,131.8445422861723,26.029832560173507,105.69735330660332
559,05/05/2023 11:21:52.296131,741,True,True,True,True,Eyes,-0.006814171,0.02191073,-2.393687,-0.9957396,-0.09177639,0.008921837,0.0,0.0,0.0,0.0,0.0,0.0,0.0,2.124073,-0.01637202,-1.415383,-0.106392,0.02964059,-2.55011,-0.0435682,0.8708139,-0.01925417,-0.4892999,4.368418,238.5371,356.7207,0.0175159,0.008583364,-0.9998094,0.0,0.0,0.0,-2.039786,-0.09867251,-3.051376,0.5795996,0.05084095,1.915,-0.5173751,-0.05703747,0.853856,-0.09472171,0.9954622,0.009102232,-0.8505005,-0.07616943,-0.52043,moving,-89.48665,-84.44756,16.83912,1.520777,-8.865826643888655,1.0498211849611097,136.7323090298649,25.70926061451168,106.38874052111372
560,05/05/2023 11:21:52.305924,742,True,True,True,True,Eyes,-0.01154172,0.02217574,-2.400508,-0.9959642,-0.08969148,-0.003284264,0.0,0.0,0.0,0.0,0.0,0.0,0.0,2.104846,-0.0184749,-1.460008,-0.1097451,0.02969345,-2.559183,-0.04212396,0.8751307,-0.01846737,-0.4816959,4.180835,237.5418,356.7848,0.01548016,0.008640497,-0.9998426,0.0,0.0,0.0,-2.034787,-0.08876269,-3.094195,0.5796001,0.05380471,1.915,-0.5323892,-0.05593662,0.8446496,-0.09151926,0.9957691,0.008259161,-0.8415379,-0.0729046,-0.535256,moving,89.81107,87.90292,16.83913,1.609385,-6.962485017079151,5.2251214426640615,113.0109649996841,24.07468436852406,107.09552110231256
561,05/05/2023 11:21:52.326065,743,True,True,True,True,Eyes,-0.01618011,0.02241394,-2.40741,-0.9960302,-0.08762099,-0.01570306,0.0,0.0,0.0,0.0,0.0,0.0,0.0,2.084303,-0.01876738,-1.504693,-0.1126531,0.02925409,-2.568116,-0.03962369,0.8794965,-0.01691732,-0.4739511,3.859889,236.5356,356.9169,0.01345205,0.008700339,-0.9998714,0.0,0.0,0.0,-2.028788,-0.07473898,-3.137274,0.5796007,0.0562299,1.915001,-0.5476008,-0.05366182,0.8350175,-0.08573376,0.9962876,0.007801935,-0.8323362,-0.06731683,-0.5501685,moving,89.09677,79.83955,16.83914,1.681884,-6.583490785714872,4.833243594836287,106.44146676828753,23.633677247095612,107.81274903974577
562,05/05/2023 11:21:52.345958,744,True,True,True,True,Eyes,-0.02069976,0.02264335,-2.41444,-0.9959238,-0.08565758,-0.02825925,0.0,0.0,0.0,0.0,0.0,0.0,0.0,2.063103,-0.02739059,-1.548088,-0.1150825,0.0288096,-2.576751,-0.03787359,0.8837214,-0.01758239,-0.4661469,3.80639,235.5251,357.0962,0.01143483,0.008761449,-0.9998959,0.0,0.0,0.0,-2.021229,-0.06903319,-3.179789,0.5796008,0.05878723,1.915001,-0.5625454,-0.05054745,0.8252198,-0.08333135,0.9965129,0.004233444,-0.8225562,-0.06638517,-0.5647959,moving,88.37467,71.74179,16.83914,1.758329,-6.2031700739460565,4.43981614176068,100.07505616245948,23.197810819887803,108.53791247909226
563,05/05/2023 11:21:52.355955,745,True,True,True,True,Eyes,-0.02510647,0.02286246,-2.421544,-0.9956394,-0.0837945,-0.04099643,0.0,0.0,0.0,0.0,0.0,0.0,0.0,2.042741,-0.03907717,-1.589497,-0.1173106,0.02874956,-2.585774,-0.03623768,0.8876783,-0.01890672,-0.4586463,3.830598,234.5588,357.3005,0.009434199,0.00882322,-0.9999163,0.0,0.0,0.0,-2.013261,-0.0650231,-3.22102,0.5795999,0.06160453,1.915,-0.5766606,-0.0469918,0.8156312,-0.0816778,0.9966587,-0.0003256282,-0.8128906,-0.06680673,-0.578572,moving,87.64212,63.92983,16.83913,1.842539,-5.838463995986751,4.061194532625269,94.16950194547479,22.785866273180467,109.27390396986378
564,05/05/2023 11:21:52.376094,746,True,True,True,True,Eyes,-0.02937112,0.02307138,-2.428723,-0.9951569,-0.08224732,-0.05383344,0.0,0.0,0.0,0.0,0.0,0.0,0.0,2.020921,-0.05364057,-1.63069,-0.1189613,0.02869953,-2.59445,-0.0346834,0.8916497,-0.02087625,-0.4509127,3.928236,233.5672,357.5283,0.007454499,0.00888508,-0.9999324,0.0,0.0,0.0,-2.003751,-0.06351373,-3.262536,0.5795999,0.06412455,1.915001,-0.5909498,-0.04302415,0.8055604,-0.08067761,0.9967225,-0.005950234,-0.8026641,-0.06850696,-0.5924841,moving,86.90358,56.794,16.83912,1.917855,-5.509555700833671,3.7171200415866914,88.99674064342258,22.420987049434498,110.015102858404
565,05/05/2023 11:21:52.395950,747,True,True,True,True,Eyes,-0.03349805,0.02330317,-2.435965,-0.9944774,-0.08093095,-0.06682024,0.0,0.0,0.0,0.0,0.0,0.0,0.0,1.998734,-0.07698071,-1.670047,-0.120106,0.02866764,-2.60282,-0.0338167,0.895438,-0.02499267,-0.4431959,4.285917,232.5835,357.7927,0.005500213,0.008946544,-0.9999445,0.0,0.0,0.0,-1.992928,-0.07015222,-3.303103,0.5796004,0.0667927,1.915001,-0.6048678,-0.03840822,0.7953992,-0.08271482,0.9964636,-0.01478393,-0.7920185,-0.07473362,-0.6059056,moving,86.156,50.45538,16.83914,1.997591,-5.222976379942318,3.413829937313265,84.57531788310418,22.107526136808733,110.76556773841752
566,05/05/2023 11:21:52.406011,748,True,True,True,True,Eyes,-0.1335253,0.02942761,-2.618454,-0.9205593,-0.04495698,-0.388007,0.0,0.0,0.0,0.0,0.0,0.0,0.0,1.976225,-0.09933805,-1.708637,-0.1208982,0.02945825,-2.611377,-0.03295669,0.89913,-0.02869816,-0.4354945,4.606482,231.6073,358.0298,0.003575427,0.009008532,-0.9999527,0.0,0.0,0.0,-1.981322,-0.07498426,-3.343434,0.5796002,0.06948206,1.915001,-0.618517,-0.03426892,0.785024,-0.08426049,0.9961805,-0.02290186,-0.7812408,-0.08031168,-0.6190421,moving,67.14503,6.609185,16.83913,2.077954,-4.084700902499844,1.6703211334289907,50.50955978015807,20.927801226844554,129.73357643657718
567,05/05/2023 11:21:52.425888,749,True,True,True,True,Eyes,-0.1335229,0.02944305,-2.618802,-0.9202941,-0.04504833,-0.3886251,1.989358,-1.964317,-0.06017421,-3.391916,0.4018272,0.6566005,-0.6382873,0.5680588,0.08180567,1.915624,-0.1217694,0.03000475,-2.619983,-0.03135508,0.9026716,-0.02964064,-0.4281616,4.609351,230.6802,358.2049,-0.002797804,0.009272658,-0.9999527,-0.3000816,0.01837331,-0.5474689,-1.970339,-0.07002832,-3.382324,0.5796006,0.07222627,1.915001,-0.6313893,-0.03122473,0.7748373,-0.08198866,0.9962766,-0.02666144,-0.7711198,-0.08036161,-0.6315985,moving,67.10647,6.612057,16.83914,2.159946,-4.0872031759887815,1.6714547694420467,50.464103654827966,20.932043913616855,129.7744521880037
568,05/05/2023 11:21:52.446473,750,True,True,True,True,Eyes,-0.1335334,0.02949739,-2.619498,-0.9197741,-0.04498232,-0.3898619,0.0,0.0,0.0,0.0,0.0,0.0,0.0,1.930875,-0.1265068,-1.78334,-0.1216857,0.03038869,-2.62847,-0.03026702,0.9062042,-0.03215494,-0.4205283,4.803238,229.7207,358.4007,-0.008205097,0.009495792,-0.9999208,-0.2820767,0.01727091,-0.5146208,-1.957184,-0.07151086,-3.421773,0.5796004,0.07486331,1.915001,-0.6444799,-0.02781208,0.7641155,-0.08190033,0.9960999,-0.0328216,-0.7602226,-0.08373416,-0.6442441,moving,67.02951,6.581691,16.83913,2.238729,-4.090305627459594,1.6718810826680208,50.37792734400498,20.93711040820482,129.8533871304712
569,05/05/2023 11:21:52.455964,751,True,True,True,True,Eyes,-0.133541,0.0295698,-2.620527,-0.9190249,-0.04465079,-0.3916624,0.0,0.0,0.0,0.0,0.0,0.0,0.0,1.906932,-0.1373446,-1.820817,-0.122107,0.03132426,-2.637183,-0.02831262,0.9097042,-0.03296998,-0.4129766,4.782344,228.7747,358.6038,-0.01280306,0.009686161,-0.9998707,-0.2651521,0.01623466,-0.4837435,-1.944488,-0.06514615,-3.461075,0.5796005,0.07755068,1.915001,-0.6572976,-0.02428056,0.7532402,-0.0787439,0.9962228,-0.03660097,-0.7495063,-0.08337077,-0.6567268,moving,66.91767,6.503827,16.83913,2.319006,-4.093046280422235,1.6707845394259482,50.25308841587392,20.942210840706863,129.96692798066218
570,05/05/2023 11:21:52.476163,752,True,True,True,True,Eyes,-0.1335633,0.02964723,-2.621839,-0.9180591,-0.04407885,-0.3939856,0.0,0.0,0.0,0.0,0.0,0.0,0.0,1.882688,-0.1382955,-1.858399,-0.1220257,0.03174863,-2.646014,-0.02499504,0.9132192,-0.03137112,-0.4054897,4.448781,227.8395,358.8384,-0.01672213,0.009849925,-0.9998112,-0.249243,0.01526058,-0.4547189,-1.931257,-0.04855462,-3.500318,0.5796003,0.08021145,1.915001,-0.6699068,-0.02021056,0.74217,-0.07109322,0.9967822,-0.03702696,-0.7390336,-0.07756787,-0.669188,moving,66.77338,6.383667,16.83913,2.39848,-4.095549539390426,1.6683675240249871,50.093023850507066,20.94740727738272,130.11248027970623
571,05/05/2023 11:21:52.496010,753,True,True,True,True,Eyes,-0.1335607,0.02971645,-2.623456,-0.9168617,-0.0433448,-0.396845,0.0,0.0,0.0,0.0,0.0,0.0,0.0,1.856926,-0.1438942,-1.895706,-0.1217804,0.03186718,-2.654569,-0.0220023,0.9166949,-0.03095895,-0.3977786,4.25893,226.8811,359.0974,-0.02013886,0.009994725,-0.9997469,-0.2342884,0.01434494,-0.4274358,-1.916756,-0.03679618,-3.539657,0.5796002,0.0828962,1.914999,-0.682576,-0.01570918,0.7306456,-0.06496841,0.9971149,-0.03925573,-0.7279209,-0.07426392,-0.6816272,moving,66.5956,6.233335,16.83915,2.478664,-4.098514189493824,1.6652734009611876,49.89791449470349,20.953457613926556,130.2911391048594
572,05/05/2023 11:21:52.506124,754,True,True,True,True,Eyes,-0.1335379,0.0297795,-2.625357,-0.9154227,-0.0423714,-0.4002573,0.0,0.0,0.0,0.0,0.0,0.0,0.0,1.830404,-0.1495224,-1.932852,-0.121157,0.03166537,-2.663263,-0.01875821,0.9201334,-0.03057074,-0.3899592,4.065003,225.9134,359.3867,-0.0232102,0.01012687,-0.999679,-0.2202311,0.01348425,-0.4017896,-1.901133,-0.02484505,-3.579225,0.5796,0.08564939,1.914999,-0.6951599,-0.01067742,0.7187759,-0.05836279,0.9974271,-0.04162844,-0.7164821,-0.07088818,-0.6939944,moving,66.38325,6.04285,16.83914,2.560879,-4.101483047466573,1.6610221112150438,49.66631612810579,20.95994837866692,130.5038290847775
573,05/05/2023 11:21:52.525947,755,True,True,True,True,Eyes,-0.133479,0.02982998,-2.627538,-0.9137629,-0.04133105,-0.4041399,0.0,0.0,0.0,0.0,0.0,0.0,0.0,1.802972,-0.1522269,-1.969952,-0.12047,0.03148369,-2.671906,-0.01584474,0.923525,-0.02976571,-0.3820531,3.846623,224.9362,359.6255,-0.0259698,0.01024731,-0.99961,-0.2070172,0.01267519,-0.3776823,-1.88472,-0.01272878,-3.618698,0.5796004,0.08823761,1.915,-0.707569,-0.006521867,0.7066145,-0.05201019,0.9977259,-0.04287169,-0.7047279,-0.06708582,-0.7062991,moving,66.14111,5.839289,16.83914,2.638156,-4.105583546663315,1.656868602553952,49.40578405778607,20.967698238064642,130.74574900647866
574,05/05/2023 11:21:52.546204,756,True,True,True,True,Eyes,-0.1333394,0.0298642,-2.630037,-0.9120045,-0.04012949,-0.4082124,0.0,0.0,0.0,0.0,0.0,0.0,0.0,1.776235,-0.1541903,-2.005531,-0.1195265,0.03119317,-2.680611,-0.01414648,0.9267192,-0.02932486,-0.3743412,3.723583,223.9838,359.7551,-0.02844666,0.01035661,-0.9995415,-0.1945962,0.01191468,-0.3550213,-1.867911,-0.004877178,-3.656977,0.5796004,0.09096026,1.915001,-0.7193372,-0.00426462,0.6946481,-0.04817463,0.9978799,-0.0437606,-0.6929888,-0.06494304,-0.7180175,moving,65.88675,5.614446,16.83913,2.719437,-4.1093140624474005,1.651945471296811,49.13298387819003,20.975625063423994,130.9993416269875
575,05/05/2023 11:21:52.555891,757,True,True,True,True,Eyes,-0.1331485,0.02986732,-2.632794,-0.9100596,-0.03886785,-0.4126509,0.0,0.0,0.0,0.0,0.0,0.0,0.0,1.751376,-0.1505384,-2.039205,-0.1185671,0.03077826,-2.689485,-0.01308664,0.9296553,-0.02806351,-0.367127,3.542432,223.0922,359.7861,-0.03066561,0.01045515,-0.9994748,-0.1829204,0.0111998,-0.3337201,-1.851714,0.003727822,-3.693176,0.5796002,0.09361236,1.915,-0.7300931,-0.003726389,0.6833376,-0.04493788,0.9980823,-0.04256986,-0.6818686,-0.0617877,-0.7288605,moving,65.60891,5.380851,16.83913,2.798604,-4.114017972112233,1.6471784740770996,48.83809415627732,20.984760915554357,131.27587545828197
576,05/05/2023 11:21:52.576121,758,True,True,True,True,Eyes,-0.1329006,0.02983878,-2.635807,-0.9080217,-0.03760779,-0.4172315,0.0,0.0,0.0,0.0,0.0,0.0,0.0,1.72799,-0.145508,-2.070797,-0.1171536,0.03001222,-2.698276,-0.01242551,0.932378,-0.02677693,-0.3602776,3.375856,222.2472,359.7775,-0.03264999,0.01054273,-0.999411,-0.1719452,0.01052781,-0.3136969,-1.835478,0.01107311,-3.727562,0.5796004,0.09624149,1.915001,-0.7400915,-0.003876277,0.6724953,-0.0424648,0.9982572,-0.04097919,-0.6711645,-0.05888572,-0.7389662,moving,65.32145,5.150523,16.83913,2.877072,-4.119479810174974,1.64282403742719,48.53559448520026,20.994920652583517,131.5615457046456
577,05/05/2023 11:21:52.595946,759,True,True,True,True,Eyes,-0.1325743,0.02977049,-2.639053,-0.9058073,-0.03636281,-0.4221265,0.0,0.0,0.0,0.0,0.0,0.0,0.0,1.706263,-0.1414003,-2.100444,-0.1155855,0.02919848,-2.707208,-0.01221046,0.9348711,-0.02585819,-0.3538339,3.267005,221.4543,359.74,-0.03442035,0.01061913,-0.9993508,-0.1616285,0.009896142,-0.2948751,-1.819666,0.01622105,-3.76025,0.5796006,0.09894498,1.915001,-0.7493051,-0.004531407,0.6622096,-0.04112942,0.9983644,-0.0397072,-0.6609466,-0.0569891,-0.7482659,moving,65.01342,4.923417,16.83914,2.957749,-4.126365056795303,1.6391603074770296,48.21436615993851,21.006929295510066,131.86737120861693
578,05/05/2023 11:21:52.616053,760,True,True,True,True,Eyes,-0.132176,0.0296756,-2.642518,-0.9034425,-0.03525996,-0.427257,0.0,0.0,0.0,0.0,0.0,0.0,0.0,1.683821,-0.1393191,-2.129583,-0.1133904,0.02817011,-2.715904,-0.01200026,0.937351,-0.02539088,-0.3472527,3.206489,220.6477,359.7209,-0.03599534,0.01068391,-0.9992946,-0.1519308,0.009302374,-0.2771825,-1.80261,0.01971249,-3.792917,0.5796002,0.1016359,1.915001,-0.7585433,-0.004862805,0.6516047,-0.04013101,0.9984226,-0.03926609,-0.6503859,-0.05593458,-0.7575419,moving,64.68955,4.717721,16.83913,3.038042,-4.135338368597706,1.6369913425265723,47.87989155918631,21.021209914990916,132.18884784975782
579,05/05/2023 11:21:52.626244,761,True,True,True,True,Eyes,-0.1316978,0.02954959,-2.646204,-0.9009126,-0.03417359,-0.4326529,0.0,0.0,0.0,0.0,0.0,0.0,0.0,1.66104,-0.1397344,-2.158262,-0.1111052,0.02743574,-2.724624,-0.01203528,0.9397665,-0.0254334,-0.3406573,3.210399,219.8418,359.6963,-0.03739118,0.01073713,-0.9992428,-0.1428149,0.008744231,-0.2605516,-1.78514,0.02127375,-3.825358,0.5795999,0.104316,1.915001,-0.7676156,-0.005292567,0.6408888,-0.03994885,0.9984165,-0.03960309,-0.6396644,-0.05600271,-0.7666116,moving,64.34789,4.516197,16.83912,3.117996,-4.145615321852084,1.635490212089708,47.52934033783029,21.037037337500117,132.52769063075732
580,05/05/2023 11:21:52.645986,762,True,True,True,True,Eyes,-0.1311036,0.02939435,-2.650112,-0.8982507,-0.03316427,-0.4382304,0.0,0.0,0.0,0.0,0.0,0.0,0.0,1.638469,-0.1384296,-2.186408,-0.1086918,0.02660346,-2.733422,-0.01181732,0.9421049,-0.02508823,-0.3341697,3.162584,219.051,359.6844,-0.03862243,0.01077871,-0.9991955,-0.134246,0.008219577,-0.2449185,-1.767496,0.02461154,-3.857245,0.5795999,0.1070094,1.915001,-0.7763821,-0.00549886,0.6302388,-0.03903377,0.9984618,-0.03937351,-0.6290529,-0.05516947,-0.7754025,moving,63.9936,4.327764,16.83912,3.198336,-4.157348607523902,1.6349784619229657,47.1680038975319,21.05459049182859,132.87891253756538
581,05/05/2023 11:21:52.655947,763,True,True,True,True,Eyes,-0.1304146,0.02920663,-2.654218,-0.8954541,-0.03220051,-0.4439876,0.0,0.0,0.0,0.0,0.0,0.0,0.0,1.617839,-0.1361093,-2.212389,-0.1060268,0.025696,-2.742023,-0.01196789,0.9442274,-0.02469486,-0.3281488,3.123572,218.3179,359.6331,-0.03970093,0.01080864,-0.9991529,-0.1261913,0.007726402,-0.2302234,-1.750483,0.02736019,-3.887011,0.5796003,0.1098831,1.915001,-0.7843505,-0.006393651,0.6202853,-0.038808,0.9984939,-0.03878062,-0.6191031,-0.05448962,-0.7834173,moving,63.62669,4.148153,16.83913,3.284041,-4.170313899646345,1.6352386783440829,46.79553889316955,21.074042850584817,133.2424056802492
582,05/05/2023 11:21:52.676086,764,True,True,True,True,Eyes,-0.1296354,0.02898175,-2.658505,-0.8924775,-0.031218,-0.4500104,0.0,0.0,0.0,0.0,0.0,0.0,0.0,1.599387,-0.1316932,-2.236603,-0.1030853,0.02474038,-2.750733,-0.01279606,0.9461497,-0.02412915,-0.3225753,3.090598,217.6387,359.5038,-0.04063795,0.01082681,-0.999115,-0.1186198,0.007262819,-0.21641,-1.734091,0.02855058,-3.915022,0.5796003,0.1122367,1.915001,-0.791563,-0.008647045,0.6110266,-0.03978091,0.9985081,-0.03740418,-0.6097915,-0.05391495,-0.7907261,moving,63.24157,3.96835,16.83913,3.354223,-4.184379754415025,1.6359554956144362,46.40650374598079,21.093610539938656,133.62371180430372
583,05/05/2023 11:21:52.695820,765,True,True,True,True,Eyes,-0.1287401,0.02873525,-2.662979,-0.8893876,-0.03024249,-0.4561524,0.0,0.0,0.0,0.0,0.0,0.0,0.0,1.582491,-0.1214701,-2.259706,-0.09983411,0.0236184,-2.759489,-0.01383315,0.9479454,-0.02256695,-0.3173309,2.955702,216.999,359.317,-0.04144402,0.01083295,-0.9990819,-0.1115026,0.006827049,-0.2034254,-1.718058,0.03272585,-3.941706,0.5796005,0.1149127,1.915001,-0.7982198,-0.01190376,0.6022491,-0.04054852,0.9985988,-0.03400511,-0.6010004,-0.05156384,-0.7975839,moving,62.84745,3.793107,16.83914,3.434007,-4.199233483301511,1.637134767886698,46.00971138646819,21.11496882880541,134.01352585
584,05/05/2023 11:21:52.706267,766,True,True,True,True,Eyes,-0.1277333,0.02848829,-2.667633,-0.8860493,-0.02894657,-0.4626866,0.0,0.0,0.0,0.0,0.0,0.0,0.0,1.566377,-0.1094642,-2.28208,-0.09617287,0.02287075,-2.768327,-0.01559026,0.9496569,-0.02082108,-0.3122103,2.824717,216.3742,359.0471,-0.04212786,0.01082742,-0.9990533,-0.1048125,0.006417426,-0.1912199,-1.701838,0.03641227,-3.967776,0.5796006,0.1177003,1.915001,-0.8045636,-0.01660969,0.5936344,-0.04261191,0.9986469,-0.02981089,-0.592336,-0.04928065,-0.8041826,moving,62.42686,3.579869,16.83914,3.517102,-4.213710492175991,1.6370592024493549,45.58776321004013,21.136628746480287,134.42827482813675
585,05/05/2023 11:21:52.726080,767,True,True,True,True,Eyes,-0.09947395,0.02219691,-2.788476,-0.785598,0.008555279,-0.6186782,0.0,0.0,0.0,0.0,0.0,0.0,0.0,1.550783,-0.09450025,-2.303929,-0.0923741,0.02256453,-2.777212,-0.01768302,0.951292,-0.01854326,-0.3072247,2.644878,215.7668,358.7237,-0.04269656,0.01081137,-0.9990293,-0.09852371,0.006032381,-0.1797467,-1.685717,0.04141939,-3.993161,0.5796003,0.1202772,1.915001,-0.8106008,-0.02224954,0.5851765,-0.04503733,0.9986869,-0.0244148,-0.5838649,-0.04614544,-0.8105384,moving,51.77868,-0.7922539,16.83913,3.593906,-4.634020721217283,1.687361363646435,35.21378356369659,21.557623114493,144.85882124111197
586,05/05/2023 11:21:52.745789,768,True,True,True,True,Eyes,-0.09929375,0.02216034,-2.788843,-0.7852948,0.009209346,-0.6190535,0.0,0.0,0.0,0.0,0.0,0.0,0.0,1.539147,-0.06336054,-2.323568,-0.08825387,0.02221722,-2.786337,-0.01977726,0.952669,-0.01328609,-0.3030746,2.13777,215.2634,358.301,-0.04198382,0.01051249,-0.9990627,-0.007834293,-0.01320371,-0.5314914,-1.67137,0.05632228,-4.015497,0.5795994,0.1228517,1.915001,-0.8155093,-0.029629,0.5779849,-0.04573571,0.9988647,-0.01332653,-0.5769338,-0.03730246,-0.8159386,moving,51.75103,-0.8522974,16.83911,3.670627,-4.632560522059475,1.6850151724855382,35.20367883069204,21.56328568046723,144.87434443605417
587,05/05/2023 11:21:52.755923,769,True,True,True,True,Eyes,-0.09893445,0.02207909,-2.789565,-0.7848101,0.01002728,-0.6196552,0.0,0.0,0.0,0.0,0.0,0.0,0.0,1.528799,-0.03703469,-2.341534,-0.08385662,0.02122253,-2.795335,-0.02083603,0.9539121,-0.00879724,-0.2992325,1.676325,214.8033,358.0228,-0.04134442,0.01025569,-0.999092,-0.007364235,-0.01241149,-0.4996019,-1.657349,0.07064094,-4.036546,0.5795997,0.1255552,1.914999,-0.8200515,-0.03448664,0.5712495,-0.04501631,0.998977,-0.004313955,-0.5705163,-0.02925322,-0.820765,moving,51.70676,-0.9270808,16.83913,3.751178,-4.631341532042985,1.682344831761858,35.18007571362912,21.56991466107992,144.90451662306828
588,05/05/2023 11:21:52.775915,770,True,True,True,True,Eyes,-0.09837304,0.02195534,-2.790637,-0.7840707,0.01121706,-0.6205701,0.0,0.0,0.0,0.0,0.0,0.0,0.0,1.518576,-0.01627243,-2.35912,-0.07921761,0.02004979,-2.804479,-0.02179509,0.9551127,-0.005376703,-0.2953911,1.326336,214.3454,357.7954,-0.0407542,0.01002106,-0.9991186,-0.006922381,-0.0116668,-0.4696258,-1.642979,0.08147693,-4.057662,0.5795999,0.1281723,1.915,-0.8245384,-0.03845707,0.5644979,-0.04480999,0.9989921,0.002605436,-0.5640292,-0.02314686,-0.8254306,moving,51.63937,-1.035532,16.83912,3.829135,-4.629768272192274,1.6785539762041592,35.13861672125681,21.57633338599925,144.95471340739087
589,05/05/2023 11:21:52.796059,771,True,True,True,True,Eyes,-0.09762769,0.0217583,-2.792026,-0.7831563,0.01254828,-0.6216983,0.0,0.0,0.0,0.0,0.0,0.0,0.0,1.508014,0.003167717,-2.376483,-0.07435134,0.01883176,-2.813522,-0.02243924,0.956306,-0.002144907,-0.2914976,0.9846388,213.8836,357.6116,-0.04020231,0.009805463,-0.9991431,-0.006507038,-0.01096679,-0.4414482,-1.628121,0.09252188,-4.078696,0.5796006,0.1308814,1.915,-0.8290514,-0.04166709,0.557618,-0.04416803,0.9989837,0.008979594,-0.5574254,-0.01718434,-0.8300492,moving,51.55616,-1.156294,16.83915,3.909822,-4.628514726125005,1.674542047311577,35.084702003374005,21.58372315566067,145.0186070475207
590,05/05/2023 11:21:52.806175,772,True,True,True,True,Eyes,-0.09668038,0.02152258,-2.793719,-0.7819127,0.0138468,-0.6232341,0.0,0.0,0.0,0.0,0.0,0.0,0.0,1.496944,0.01940138,-2.39371,-0.06921558,0.01684257,-2.822408,-0.02236477,0.9575166,0.0005316908,-0.287509,0.6785092,213.4117,357.5276,-0.03967799,0.009604285,-0.999166,-0.006116616,-0.01030879,-0.4149613,-1.612522,0.1026642,-4.099852,0.5796002,0.1336338,1.915001,-0.8336768,-0.04313502,0.5505656,-0.04252356,0.9989991,0.01387836,-0.5506131,-0.01184194,-0.8346766,moving,51.44293,-1.272768,16.83913,3.991778,-4.629316805792991,1.671517070356866,35.0019773588024,21.593467045261438,145.11157098228978
591,05/05/2023 11:21:52.826162,773,True,True,True,True,Eyes,-0.09553026,0.02145821,-2.795682,-0.7804714,0.01457774,-0.6250215,0.0,0.0,0.0,0.0,0.0,0.0,0.0,1.484922,0.01467272,-2.411339,-0.06367235,0.01569732,-2.831159,-0.02300982,0.9587811,-0.0006837354,-0.2832122,0.8219032,212.895,357.4931,-0.03916914,0.00941394,-0.9991879,-0.005749619,-0.009690259,-0.3900636,-1.59568,0.09904683,-4.122574,0.5795997,0.1363126,1.915002,-0.838523,-0.04373547,0.5431085,-0.04451003,0.9989402,0.01172222,-0.5430455,-0.01434443,-0.839581,moving,51.31136,-1.336101,16.83911,4.071529,-4.634022281699927,1.6716649927118563,34.89381725004303,21.606822006969484,145.22674175355004
592,05/05/2023 11:21:52.846176,774,True,True,True,True,Eyes,-0.09422723,0.02154355,-2.79794,-0.778827,0.01581637,-0.6270393,0.0,0.0,0.0,0.0,0.0,0.0,0.0,1.471445,-0.01148199,-2.429249,-0.05768675,0.01987957,-2.839508,-0.0272174,0.9600426,-0.005773053,-0.2784677,1.503791,212.3135,357.1879,-0.03866743,0.009239698,-0.9992092,-0.005404641,-0.009108843,-0.3666598,-1.577562,0.07995366,-4.146737,0.5796004,0.138971,1.915001,-0.8434301,-0.04904452,0.5349959,-0.05547495,0.9984518,0.004073582,-0.5343673,-0.02624308,-0.844845,moving,51.16221,-1.444916,16.83913,4.15066,-4.637416483521502,1.669949547447123,34.776202947679266,21.619342571139043,145.3547180253614
593,05/05/2023 11:21:52.855880,775,True,True,True,True,Eyes,-0.09272035,0.02162424,-2.800442,-0.7770918,0.0171231,-0.6291543,0.0,0.0,0.0,0.0,0.0,0.0,0.0,1.463633,0.02690145,-2.444724,-0.05253678,0.02354341,-2.848914,-0.02996963,0.9609087,0.001167981,-0.2752363,0.8166538,211.9432,356.6609,-0.03816634,0.009085223,-0.9992298,-0.005080363,-0.008562312,-0.3446602,-1.56443,0.1039007,-4.164571,0.5795998,0.1416617,1.915001,-0.8466936,-0.05823909,0.5288839,-0.05695321,0.9982009,0.01874211,-0.5290239,-0.01425282,-0.8484873,moving,51.00544,-1.558981,16.83912,4.230733,-4.641000302492223,1.668162194793085,34.65340113963124,21.632437156761544,145.48868178616388
594,05/05/2023 11:21:52.876199,776,True,True,True,True,Eyes,-0.09102777,0.02183065,-2.80317,-0.7750804,0.0179398,-0.6316078,0.0,0.0,0.0,0.0,0.0,0.0,0.0,1.457731,0.03963472,-2.457576,-0.04615687,0.02350053,-2.857192,-0.03073473,0.9617358,0.003261684,-0.2722299,0.5993287,211.5912,356.5087,-0.03765895,0.00894849,-0.9992504,-0.004775541,-0.008048574,-0.3239806,-1.550155,0.112164,-4.181616,0.5795998,0.1442638,1.915,-0.8498926,-0.06089323,0.5234259,-0.05734152,0.9980895,0.02300758,-0.5238269,-0.01046007,-0.8517606,moving,50.82364,-1.626957,16.83913,4.308158,-4.64852598089136,1.6693603512581956,34.498876938290685,21.64907879296811,145.65123173024563
595,05/05/2023 11:21:52.896079,777,True,True,True,True,Eyes,-0.08916762,0.02211699,-2.80615,-0.7729375,0.01910489,-0.6341945,0.0,0.0,0.0,0.0,0.0,0.0,0.0,1.447019,0.0009373706,-2.473553,-0.03995046,0.02687259,-2.865312,-0.03369914,0.9628217,-0.003866169,-0.2679994,1.461634,211.0629,356.3971,-0.03713846,0.008831969,-0.9992709,-0.004489008,-0.007565659,-0.3045418,-1.532595,0.08824589,-4.204344,0.5795997,0.1469691,1.915,-0.8540814,-0.06282026,0.5163317,-0.0669648,0.9976988,0.01061783,-0.5158106,-0.02550756,-0.8563228,moving,50.63115,-1.725493,16.83912,4.388634,-4.655102149789087,1.669277743193636,34.34070238788119,21.665559865277327,145.820122018675
596,05/05/2023 11:21:52.906220,778,True,True,True,True,Eyes,-0.08710813,0.02244555,-2.809311,-0.7704785,0.02028204,-0.6371433,0.0,0.0,0.0,0.0,0.0,0.0,0.0,1.434776,0.02813636,-2.490765,-0.03409435,0.0290096,-2.874244,-0.03361896,0.963959,0.001490564,-0.2639141,0.852097,210.5947,356.2382,-0.03660025,0.008736473,-0.9992915,-0.004219668,-0.007111719,-0.2862692,-1.515785,0.1119004,-4.224541,0.5796003,0.1497311,1.915,-0.8584384,-0.06560136,0.5087046,-0.06402783,0.9977351,0.02061872,-0.5089051,-0.01487135,-0.8606943,moving,50.41113,-1.823268,16.83914,4.47078,-4.663397248094138,1.6699389037094303,34.15689612342439,21.684183612770532,146.01499148729044
597,05/05/2023 11:21:52.926134,779,True,True,True,True,Eyes,-0.08491605,0.02290677,-2.812673,-0.7677797,0.02125857,-0.6403612,0.0,0.0,0.0,0.0,0.0,0.0,0.0,1.415493,0.01382159,-2.51013,-0.0275567,0.03034184,-2.881472,-0.03337053,0.9654859,-0.0006819862,-0.2583078,1.063278,209.9223,356.325,-0.03604041,0.008661536,-0.9993126,-0.003966488,-0.006685016,-0.2690931,-1.493475,0.1096294,-4.249374,0.5796003,0.1523067,1.915001,-0.8643271,-0.06408522,0.4988306,-0.06478988,0.9977719,0.01592284,-0.4987396,-0.01855663,-0.8665533,moving,50.17044,-1.901395,16.83913,4.54736,-4.673982655095793,1.6721288977678477,33.9494133582029,21.704399784423572,146.2319974591718
598,05/05/2023 11:21:52.946158,780,True,True,True,True,Eyes,-0.08259606,0.02343628,-2.816252,-0.7648772,0.02310572,-0.6437615,0.0,0.0,0.0,0.0,0.0,0.0,0.0,1.393542,-0.01023442,-2.531607,-0.02223255,0.03400126,-2.889541,-0.03205228,0.9671088,-0.003867903,-0.2523064,1.355478,209.2029,356.5567,-0.03545513,0.008609512,-0.999334,-0.003728499,-0.006283915,-0.2529475,-1.470837,0.108605,-4.276328,0.5795999,0.1550286,1.915002,-0.8706285,-0.06004428,0.4882634,-0.06394787,0.9979154,0.008692623,-0.4877675,-0.02365536,-0.8726533,moving,49.91425,-2.055562,16.83912,4.628274,-4.681528543497951,1.6708478150525414,33.74370886834753,21.722906881266454,146.45411191228607
599,05/05/2023 11:21:52.955745,781,True,True,True,True,Eyes,-0.08016998,0.02395685,-2.819981,-0.7617958,0.02502223,-0.6473338,0.0,0.0,0.0,0.0,0.0,0.0,0.0,1.375069,0.01880743,-2.551078,-0.01752991,0.03592695,-2.897856,-0.02697903,0.9685221,0.003007258,-0.2474431,0.4312327,208.6517,356.9189,-0.03484148,0.008580384,-0.9993558,-0.003504789,-0.00590688,-0.2377707,-1.451512,0.1479862,-4.297579,0.5796002,0.1578571,1.915001,-0.8760882,-0.05374783,0.4791459,-0.05077133,0.9985262,0.01917674,-0.4794704,-0.007526356,-0.8775259,moving,49.64388,-2.213625,16.83912,4.712344,-4.689735098268539,1.669731705903184,33.527918594009996,21.742794011222028,146.68748390240782
600,05/05/2023 11:21:52.976175,782,True,True,True,True,Eyes,-0.07767372,0.02449934,-2.823877,-0.7585241,0.02708006,-0.651082,0.0,0.0,0.0,0.0,0.0,0.0,0.0,1.356882,0.009626113,-2.568987,-0.01260506,0.03616992,-2.905072,-0.02273119,0.9698742,0.002531828,-0.2425306,0.3503605,208.0714,357.4024,-0.03419969,0.008571534,-0.999378,-0.003294501,-0.005552467,-0.2235044,-1.431424,0.1583781,-4.319603,0.5796005,0.160354,1.915002,-0.8813248,-0.04532088,0.4703332,-0.0428647,0.9989538,0.01593713,-0.4705634,-0.006114908,-0.8823454,moving,49.35873,-2.381696,16.83913,4.786534,-4.698318615185685,1.6684850284315629,33.30026885015945,21.761983416978858,146.93380761490053
601,05/05/2023 11:21:52.995712,783,True,True,True,True,Eyes,-0.07511581,0.02507021,-2.827934,-0.7551338,0.02938524,-0.6549118,0.0,0.0,0.0,0.0,0.0,0.0,0.0,1.339766,-0.005721996,-2.586812,-0.008400911,0.03717399,-2.912928,-0.01878326,0.9711066,0.001006567,-0.2379037,0.4000566,207.5233,357.8818,-0.03352976,0.008581609,-0.9994006,-0.003096831,-0.005219319,-0.2100942,-1.412771,0.1653092,-4.34159,0.5796005,0.1630437,1.915001,-0.8860981,-0.03696002,0.4620219,-0.03600216,0.9992924,0.01089218,-0.4620975,-0.006982245,-0.8868017,moving,49.06558,-2.569082,16.83914,4.866442,-4.706377851940212,1.6664607102792977,33.073107689302134,21.781855287436766,147.18253766648894
602,05/05/2023 11:21:53.005941,784,True,True,True,True,Eyes,-0.07247511,0.02565163,-2.832147,-0.7516122,0.03167268,-0.6588445,0.0,0.0,0.0,0.0,0.0,0.0,0.0,1.324479,0.006269909,-2.603464,-0.004403166,0.03833904,-2.920757,-0.01591403,0.9721546,0.004047461,-0.2337649,359.9754,207.0418,358.1184,-0.03283329,0.008609589,-0.9994236,-0.002911021,-0.00490616,-0.1974885,-1.395814,0.185789,-4.360502,0.5795996,0.165748,1.915,-0.8902015,-0.0328341,0.4543824,-0.02904948,0.9994607,0.0153098,-0.45464,0.0004292317,-0.8906752,moving,48.763,-2.752265,16.83912,4.946763,-4.715232479917392,1.6648916996028795,32.83914046376951,21.80277023822641,147.4385472313571
603,05/05/2023 11:21:53.026091,785,True,True,True,True,Eyes,-0.005305152,0.040606,-2.941329,-0.6534517,0.08923885,-0.7516897,0.0,0.0,0.0,0.0,0.0,0.0,0.0,1.309125,0.01168797,-2.61983,-0.0001566559,0.0391366,-2.928468,-0.01594784,0.9731494,0.005151972,-0.2295639,359.845,206.5492,358.0857,-0.03210914,0.008653986,-0.9994467,-0.00273636,-0.004611791,-0.1856392,-1.379138,0.1932728,-4.379735,0.5796,0.1684117,1.915,-0.8940923,-0.03340466,0.4466356,-0.02867384,0.9994383,0.01734937,-0.4469643,0.00270518,-0.8945478,moving,41.00077,-6.770334,16.83913,5.025858,-4.978083300358569,1.659293362591853,26.887450477694316,22.07542873085798,153.90511692065346
604,05/05/2023 11:21:53.046112,786,True,True,True,True,Eyes,-0.005142174,0.0406313,-2.941653,-0.6532223,0.0893414,-0.7518768,0.0,0.0,0.0,0.0,0.0,0.0,0.0,1.293634,0.02592501,-2.63633,0.003597125,0.04012474,-2.936456,-0.017341,0.9740731,0.007508275,-0.2254426,359.6099,206.0698,357.8699,-0.02888709,0.009201848,-0.9995401,0.1989377,0.04052802,-0.5020479,-1.363496,0.2025649,-4.398336,0.5796,0.1710668,1.915,-0.8977499,-0.03716817,0.4389349,-0.03039743,0.9992858,0.02244602,-0.4394556,0.006808419,-0.8982385,moving,40.98375,-6.776371,16.83913,5.104679,-4.97880497911043,1.6594221606055537,26.909515492607813,22.08827927752827,153.8901624838171
605,05/05/2023 11:21:53.055999,787,True,True,True,True,Eyes,-0.004842808,0.04064698,-2.94228,-0.6528077,0.08953902,-0.7522133,0.0,0.0,0.0,0.0,0.0,0.0,0.0,1.279763,0.0487039,-2.651547,0.007400766,0.04073889,-2.944342,-0.01920439,0.9748649,0.01116453,-0.2216867,359.2406,205.6388,357.5701,-0.02613521,0.009669646,-0.9996114,0.1870015,0.03809634,-0.471925,-1.34899,0.2151739,-4.415105,0.5796004,0.1737981,1.915,-0.9009727,-0.04239342,0.4318003,-0.03249331,0.9990131,0.03028253,-0.4326579,0.0132531,-0.9014609,moving,40.95305,-6.78821,16.83914,5.185739,-4.980056945788958,1.6596061715854646,26.923151935512692,22.102284227716122,153.88467258345915
606,05/05/2023 11:21:53.076145,788,True,True,True,True,Eyes,-0.00439346,0.04066024,-2.943202,-0.6522606,0.08967157,-0.752672,0.0,0.0,0.0,0.0,0.0,0.0,0.0,1.267902,0.0638727,-2.665653,0.01093998,0.04051679,-2.952219,-0.02090372,0.9755527,0.01336892,-0.2183603,359.0285,205.2561,357.3273,-0.0236869,0.01008431,-0.9996684,0.1757814,0.03581056,-0.4436095,-1.335992,0.2221607,-4.431092,0.5796006,0.1764153,1.915,-0.9037638,-0.04662386,0.4254851,-0.03494689,0.9987687,0.03521327,-0.426603,0.01695509,-0.9042802,moving,40.91199,-6.794061,16.83915,5.263395,-4.982254566768308,1.6603601080781667,26.92366748527281,22.116861388971603,153.8910721380864
607,05/05/2023 11:21:53.096092,789,True,True,True,True,Eyes,-0.003837417,0.04070359,-2.944397,-0.6515177,0.0898165,-0.7532977,2.003633,-1.30924,0.220663,-4.45373,0.8879442,-0.2381057,-0.3935235,0.5652105,0.1748109,1.914705,0.0144494,0.0404918,-2.95991,-0.0215776,0.9762827,0.01349294,-0.2149994,359.0221,204.8626,357.2522,-0.02146815,0.01045745,-0.9997146,0.1652345,0.03366192,-0.4169929,-1.322566,0.2242367,-4.447815,0.5796002,0.1790749,1.915001,-0.9066197,-0.04793361,0.419218,-0.03632972,0.9987047,0.03562418,-0.4203826,0.0170675,-0.9071867,moving,40.85612,-6.799339,16.83912,5.342287,-4.985385474721554,1.661522484040177,26.911621484479074,22.132714850151125,153.90999383027088
608,05/05/2023 11:21:53.106269,790,True,True,True,True,Eyes,-0.003195499,0.04076752,-2.945845,-0.6504869,0.09011747,-0.7541523,1.998795,-1.303385,0.2208938,-4.45324,0.3619291,-0.51529,0.7768421,0.5798397,0.1742823,1.901999,0.01752249,0.04125246,-2.967603,-0.02118432,0.9770511,0.01343183,-0.2115232,359.0096,204.4544,357.3012,-0.01945202,0.01079418,-0.9997522,0.1553204,0.03164221,-0.3919733,-1.308818,0.2286351,-4.46491,0.5795996,0.181797,1.915002,-0.9096184,-0.04707861,0.4127689,-0.03571403,0.9987416,0.03520911,-0.4139071,0.01728521,-0.9101551,moving,40.7791,-6.814251,16.83911,5.423011,-4.989301449278656,1.6627364555174189,26.88631068883836,22.14992575718671,153.94371577611852
609,05/05/2023 11:21:53.126141,791,True,True,True,True,Eyes,-0.002468167,0.04083177,-2.947537,-0.649271,0.09040284,-0.7551652,0.0,0.0,0.0,0.0,0.0,0.0,0.0,1.228268,0.06735912,-2.709335,0.0204665,0.04183514,-2.975148,-0.02048904,0.9778404,0.01428259,-0.207857,358.8875,204.0268,357.3625,-0.01761544,0.01109872,-0.9997829,0.1460012,0.02974368,-0.3684549,-1.294433,0.2365845,-4.4819,0.5796,0.1844665,1.914999,-0.9127514,-0.0460075,0.4059167,-0.03413255,0.9987524,0.03644978,-0.4070872,0.01941461,-0.9131829,moving,40.68807,-6.826544,16.83914,5.502163,-4.994209139174913,1.6644424549739567,26.847131661254785,22.168067881861624,153.9907363373962
610,05/05/2023 11:21:53.146131,792,True,True,True,True,Eyes,-0.001654034,0.04090372,-2.949467,-0.6477866,0.09054872,-0.7564215,0.0,0.0,0.0,0.0,0.0,0.0,0.0,1.213729,0.06554364,-2.724179,0.0232027,0.0419064,-2.982665,-0.02030182,0.9786107,0.01402523,-0.2042357,358.9023,203.6018,357.3937,-0.01593817,0.01137409,-0.999808,0.1372411,0.02795906,-0.3463476,-1.28051,0.2390954,-4.499111,0.5795994,0.1870806,1.915,-0.9157512,-0.04546406,0.3991649,-0.03400626,0.9987822,0.03574319,-0.4003039,0.01915777,-0.916182,moving,40.57619,-6.826207,16.83912,5.579647,-5.001050339083357,1.6673249028153136,26.78345955350458,22.18781883449331,154.06001999604078
611,05/05/2023 11:21:53.156075,793,True,True,True,True,Eyes,-0.0007591437,0.04099273,-2.951627,-0.6461175,0.09063257,-0.7578377,0.0,0.0,0.0,0.0,0.0,0.0,0.0,1.199102,0.05647865,-2.739125,0.02604462,0.04220578,-2.990214,-0.02069221,0.9793807,0.01244448,-0.2005755,359.0789,203.1691,357.3905,-0.01440085,0.01162345,-0.9998286,0.1290067,0.02628151,-0.3255668,-1.266522,0.2362419,-4.51692,0.5795998,0.189859,1.915,-0.9186828,-0.04552322,0.3923645,-0.03553899,0.998834,0.03267647,-0.3933946,0.01607507,-0.9192294,moving,40.45026,-6.81982,16.83912,5.661976,-5.00906549477395,1.6708749328405843,26.707324154344178,22.209729785441603,154.1411431165514
612,05/05/2023 11:21:53.176175,794,True,True,True,True,Eyes,0.0002091692,0.04108147,-2.954012,-0.644125,0.09077103,-0.7595153,0.0,0.0,0.0,0.0,0.0,0.0,0.0,1.182391,0.05352762,-2.754777,0.02883274,0.04272,-2.997841,-0.02141801,0.9801791,0.01188988,-0.196593,359.147,202.7024,357.3252,-0.01298661,0.0118499,-0.9998453,0.1212663,0.02470462,-0.3060327,-1.251614,0.2363297,-4.535094,0.5795999,0.1923769,1.915002,-0.9217851,-0.0466619,0.3848835,-0.03731203,0.9987998,0.03172968,-0.3859021,0.01488716,-0.9224198,moving,40.3004,-6.815197,16.83911,5.736562,-5.01844769446363,1.674948090635067,26.60787068628719,22.23172363798077,154.24508706299696
613,05/05/2023 11:21:53.196128,795,True,True,True,True,Eyes,0.001255892,0.04115659,-2.95661,-0.6419246,0.09083461,-0.7613685,0.0,0.0,0.0,0.0,0.0,0.0,0.0,1.16462,0.05587857,-2.770745,0.0317492,0.04283348,-3.005602,-0.02258185,0.9809742,0.01208684,-0.1924419,359.1393,202.2191,357.1936,-0.0116808,0.01205559,-0.9998589,0.1139903,0.02322234,-0.2876708,-1.236138,0.238001,-4.553366,0.5796,0.1950307,1.915001,-0.9249126,-0.04895644,0.3770151,-0.03965239,0.9986879,0.03240513,-0.3781068,0.01502236,-0.9256403,moving,40.13489,-6.803482,16.83912,5.815162,-5.029156039421142,1.679782812413012,26.49383091007482,22.255849971669214,154.36273842270117
614,05/05/2023 11:21:53.206019,796,True,True,True,True,Eyes,0.002360596,0.04121539,-2.959413,-0.6393553,0.09096274,-0.763512,0.0,0.0,0.0,0.0,0.0,0.0,0.0,1.14384,0.05261477,-2.78775,0.03462418,0.04260156,-3.013249,-0.023413,0.9818655,0.01135981,-0.1877841,359.2256,201.6739,357.1198,-0.01047051,0.01224197,-0.99987,0.1071509,0.021829,-0.2704105,-1.218905,0.2369335,-4.573123,0.5795999,0.1978407,1.915001,-0.9283779,-0.05024321,0.3682255,-0.04171044,0.9986455,0.03110079,-0.3692894,0.01351444,-0.9292162,moving,39.94238,-6.79404,16.83912,5.898361,-5.041391993041565,1.6851933942009905,26.36015299220399,22.28245018736023,154.50058071943388
615,05/05/2023 11:21:53.226123,797,True,True,True,True,Eyes,0.003524496,0.04124743,-2.962415,-0.6365584,0.09109722,-0.7658293,0.0,0.0,0.0,0.0,0.0,0.0,0.0,1.120782,0.05145635,-2.805463,0.03739994,0.04228761,-3.020966,-0.0234712,0.9828099,0.01114724,-0.1827832,359.2362,201.0902,357.1217,-0.009343675,0.01241041,-0.999879,0.1007218,0.02051926,-0.2541859,-1.200292,0.2389144,-4.593482,0.5796,0.2004707,1.915,-0.9320789,-0.05021051,0.3587589,-0.0420604,0.9986497,0.0304915,-0.3598055,0.01333094,-0.9329321,moving,39.73341,-6.783594,16.83913,5.976212,-5.054684453282276,1.6910765971374857,26.209935251275155,22.30922447633753,154.65427228652632
616,05/05/2023 11:21:53.245839,798,True,True,True,True,Eyes,0.004727051,0.04125604,-2.965598,-0.633479,0.09131886,-0.7683523,0.0,0.0,0.0,0.0,0.0,0.0,0.0,1.096587,0.0487752,-2.823334,0.03992434,0.04166949,-3.028658,-0.0227316,0.9837699,0.01078984,-0.1776616,359.2464,200.492,357.2164,-0.008290317,0.01256166,-0.9998864,0.0946785,0.01928811,-0.2389348,-1.181135,0.2415963,-4.61405,0.5796002,0.2031422,1.914999,-0.9358392,-0.04855921,0.3490658,-0.04089145,0.9987337,0.0293065,-0.3500468,0.01315237,-0.9366398,moving,39.50436,-6.777824,16.83914,6.055264,-5.068956544006777,1.697236198296624,26.046119581698612,22.337347660408145,154.82224150115266
617,05/05/2023 11:21:53.255936,799,True,True,True,True,Eyes,0.00598036,0.04124786,-2.968964,-0.6301925,0.09150989,-0.7710275,0.0,0.0,0.0,0.0,0.0,0.0,0.0,1.072082,0.03993541,-2.840983,0.04245487,0.04114027,-3.036221,-0.02187532,0.9847201,0.009435781,-0.1725085,359.3677,199.8878,357.3439,-0.007302393,0.01269651,-0.9998924,0.08899779,0.01813082,-0.2245987,-1.161699,0.2411434,-4.634844,0.5796,0.2059606,1.915002,-0.9395249,-0.04633762,0.3393323,-0.03982661,0.9988649,0.02613056,-0.3401579,0.01103585,-0.9403039,moving,39.26054,-6.768523,16.83912,6.138629,-5.08431449549578,1.703953683492937,25.871116086622624,22.367461305233803,155.00105589592596
618,05/05/2023 11:21:53.276211,800,True,True,True,True,Eyes,0.007238013,0.04120098,-2.972494,-0.6266877,0.0917782,-0.7738471,0.0,0.0,0.0,0.0,0.0,0.0,0.0,1.047886,0.03405054,-2.858299,0.04486658,0.04072579,-3.043916,-0.02101951,0.9856155,0.008595346,-0.1674711,359.4326,199.2992,357.4601,-0.006371445,0.01281599,-0.9998973,0.08365792,0.01704297,-0.2111228,-1.142628,0.2422612,-4.655086,0.5796002,0.20847,1.915002,-0.9430233,-0.04431326,0.3297629,-0.03855537,0.9989686,0.02398374,-0.3304856,0.00990309,-0.9437591,moving,39.00173,-6.76368,16.83912,6.212841,-5.100353063601407,1.7108282986872347,25.68212178297465,22.39662020643457,155.19372505352314
619,05/05/2023 11:21:53.295842,801,True,True,True,True,Eyes,0.008540057,0.04111671,-2.976191,-0.6229916,0.09195589,-0.7768048,0.0,0.0,0.0,0.0,0.0,0.0,0.0,1.024318,0.02766201,-2.875072,0.04715678,0.0397938,-3.051593,-0.01992803,0.986461,0.007624887,-0.1626024,359.5094,198.7305,357.6045,-0.005491277,0.01292032,-0.9999012,0.07863844,0.01602039,-0.1984554,-1.12403,0.2429163,-4.674802,0.5796005,0.2111424,1.915001,-0.9463269,-0.0417961,0.3204979,-0.0368368,0.9990894,0.021524,-0.3211056,0.008562619,-0.9470049,moving,38.72935,-6.75109,16.83913,6.29185,-5.117625243318994,1.718444526839902,25.481366044464725,22.427998984237245,155.39719825752715
620,05/05/2023 11:21:53.316076,802,True,True,True,True,Eyes,0.009853162,0.04101104,-2.980047,-0.6191058,0.092223,-0.7798737,0.0,0.0,0.0,0.0,0.0,0.0,0.0,0.999958,0.01699542,-2.892056,0.04944446,0.0388726,-3.059451,-0.01889375,0.9873025,0.005936562,-0.1576124,359.6696,198.1467,357.7546,-0.004655267,0.01300971,-0.9999043,0.07392014,0.01505917,-0.1865481,-1.104947,0.2409866,-4.695135,0.5796008,0.213947,1.914999,-0.9496026,-0.03917904,0.3109978,-0.03543634,0.9992156,0.01767814,-0.3114465,0.005766585,-0.9502461,moving,38.44444,-6.744121,16.83916,6.374746,-5.13536705795422,1.7260957230552996,25.27632875324439,22.46085013569389,155.60599232703487
621,05/05/2023 11:21:53.326260,803,True,True,True,True,Eyes,0.01119548,0.04087176,-2.984074,-0.6150367,0.09246533,-0.7830582,0.0,0.0,0.0,0.0,0.0,0.0,0.0,0.9743108,0.008714229,-2.909273,0.05142812,0.0383347,-3.067427,-0.01815049,0.9881274,0.004663554,-0.1524902,359.7891,197.5496,357.8628,-0.003859452,0.0130848,-0.9999068,0.06948493,0.01415562,-0.1753552,-1.08572,0.2401243,-4.71552,0.5796,0.2165075,1.915,-0.9528347,-0.03729229,0.3011901,-0.0344477,0.9992976,0.01475192,-0.3015287,0.003680828,-0.95345,moving,38.14712,-6.734434,16.83913,6.450399,-5.154008192313718,1.7342030063957268,25.057339425365758,22.49312410929832,155.82762519367927
622,05/05/2023 11:21:53.346216,804,True,True,True,True,Eyes,0.0125495,0.04069955,-2.988259,-0.6108005,0.09283341,-0.7863235,0.0,0.0,0.0,0.0,0.0,0.0,0.0,0.9487191,0.005293135,-2.925927,0.05343389,0.0373279,-3.075206,-0.01755163,0.9889073,0.004092365,-0.1474375,359.8328,196.9627,357.9414,-0.003099177,0.01314581,-0.9999086,0.06531583,0.01330628,-0.1648339,-1.066651,0.2410982,-4.735049,0.5796003,0.2191435,1.915002,-0.9559086,-0.03592061,0.2914603,-0.03350713,0.9993504,0.01326947,-0.2917476,0.002918403,-0.9564912,moving,37.83936,-6.733177,16.83912,6.528252,-5.172844287827938,1.742148842224705,24.836980073665174,22.52628143403787,156.05197698623547
623,05/05/2023 11:21:53.356086,805,True,True,True,True,Eyes,0.01391982,0.04050712,-2.992607,-0.6063767,0.09321743,-0.7896948,0.0,0.0,0.0,0.0,0.0,0.0,0.0,0.9221475,0.002166582,-2.942491,0.05538737,0.03629806,-3.082893,-0.01727725,0.9896712,0.003514836,-0.1422677,359.8831,196.3628,357.9829,-0.002369101,0.01319312,-0.99991,0.06139688,0.0125079,-0.1549438,-1.047261,0.2415474,-4.754549,0.5796006,0.2218793,1.915,-0.9589228,-0.03519769,0.2814751,-0.03319749,0.9993783,0.01187305,-0.281718,0.002041073,-0.9594951,moving,37.51929,-6.732176,16.83914,6.609039,-5.192417752226271,1.7503969212420012,24.61009186692981,22.560938363444887,156.2829530650409
624,05/05/2023 11:21:53.376150,806,True,True,True,True,Eyes,0.01528952,0.04029487,-2.997104,-0.6017995,0.09373527,-0.7931273,0.0,0.0,0.0,0.0,0.0,0.0,0.0,0.8943808,0.002523832,-2.95959,0.05708664,0.03560868,-3.091046,-0.01679984,0.9904271,0.003600113,-0.1369646,359.8551,195.7493,358.0364,-0.001667416,0.01322726,-0.9999109,0.05771307,0.01175743,-0.1456472,-1.027473,0.2449129,-4.774335,0.5796003,0.2244526,1.915002,-0.9619172,-0.0342642,0.271186,-0.03229185,0.9994096,0.01173326,-0.2714279,0.002529329,-0.9624558,moving,37.19006,-6.740202,16.83913,6.684997,-5.212076825165216,1.7584204027925687,24.38024446256643,22.594841876285948,156.51774120039394
625,05/05/2023 11:21:53.395765,807,True,True,True,True,Eyes,0.01666419,0.04007302,-3.001749,-0.5970479,0.0943359,-0.7966396,0.0,0.0,0.0,0.0,0.0,0.0,0.0,0.8663907,0.006026786,-2.976249,0.05856935,0.03487963,-3.099044,-0.01645357,0.9911427,0.004168556,-0.1317124,359.7749,195.1431,358.068,-0.000992059,0.01324884,-0.9999115,0.05425028,0.01105198,-0.1369084,-1.008021,0.2499388,-4.793424,0.5796005,0.2272066,1.915001,-0.9647624,-0.03371377,0.2609544,-0.03151757,0.9994237,0.01259755,-0.2612287,0.00392899,-0.9652691,moving,36.85001,-6.753362,16.83914,6.766266,-5.232126761588622,1.766459831367726,24.149850090948473,22.630485593223586,156.75408415439367
626,05/05/2023 11:21:53.415684,808,True,True,True,True,Eyes,0.01799682,0.03984417,-3.006551,-0.5921462,0.09519889,-0.8001876,0.0,0.0,0.0,0.0,0.0,0.0,0.0,0.8378944,0.01345544,-2.992789,0.05999963,0.03440531,-3.107129,-0.01632144,0.9918271,0.005379524,-0.1264271,359.625,194.5348,358.0667,-0.0003379468,0.01325882,-0.9999118,0.05099526,0.01038886,-0.1286939,-0.98849,0.2571901,-4.812144,0.5796,0.2299421,1.915001,-0.9674994,-0.03373632,0.2506121,-0.03101585,0.9994093,0.01479806,-0.2509633,0.006544169,-0.9679744,moving,36.50178,-6.78463,16.83912,6.846961,-5.251726648601738,1.7737876274216509,23.925728232738933,22.66589053446338,156.98667018811847
627,05/05/2023 11:21:53.425972,809,True,True,True,True,Eyes,0.01932457,0.03959376,-3.011507,-0.587083,0.09618333,-0.8037924,0.0,0.0,0.0,0.0,0.0,0.0,0.0,0.8097084,0.02773329,-3.009446,0.06125112,0.03396387,-3.115808,-0.01637283,0.992457,0.00766853,-0.1212537,359.3553,193.9423,358.0309,0.000293052,0.01325807,-0.9999119,0.04793555,0.009765532,-0.1209722,-0.9694983,0.2679594,-4.830458,0.5796002,0.2325163,1.914999,-0.9700589,-0.03435834,0.2404269,-0.03063899,0.9993463,0.0191919,-0.2409292,0.01125084,-0.9704775,moving,36.14407,-6.823677,16.83915,6.922881,-5.271497062077216,1.780962505249313,23.699109541368088,22.700661649176727,157.22231895841304
628,05/05/2023 11:21:53.445920,810,True,True,True,True,Eyes,0.02060085,0.03933723,-3.016617,-0.5818444,0.09730937,-0.8074577,0.0,0.0,0.0,0.0,0.0,0.0,0.0,0.7808081,0.04021599,-3.025757,0.06239891,0.03316474,-3.124338,-0.01632955,0.9930661,0.00961005,-0.1160214,359.1235,193.3427,358.0133,0.0009047654,0.01324691,-0.9999116,0.04505942,0.0091796,-0.1137139,-0.9502746,0.2774335,-4.84867,0.5796002,0.235233,1.915,-0.9725449,-0.03466259,0.23012,-0.0302027,0.9992819,0.02287598,-0.2307477,0.01529767,-0.9728935,moving,35.77607,-6.871762,16.83913,7.002964,-5.291421426121317,1.7879411659463238,23.47585393843376,22.7367053370514,157.45600372777125
629,05/05/2023 11:21:53.456394,811,True,True,True,True,Eyes,0.05210331,0.03208486,-3.148265,-0.4397987,0.1278493,-0.8889498,0.0,0.0,0.0,0.0,0.0,0.0,0.0,0.7520735,0.05282057,-3.042017,0.06335121,0.03272308,-3.133239,-0.01640973,0.9936315,0.01159757,-0.1108725,358.8879,192.7534,357.9834,0.001496411,0.01322614,-0.9999111,0.04235585,0.008628824,-0.1068911,-0.9315001,0.2872171,-4.86681,0.5796004,0.2379102,1.915001,-0.9748761,-0.03518214,0.2199521,-0.03003874,0.9991924,0.0266862,-0.2207134,0.01940865,-0.9751456,moving,26.32343,-8.184194,16.83913,7.081857,-5.79915837611213,1.9632667752063704,17.972319261147153,23.2097407673883,162.99855971183973
630,05/05/2023 11:21:53.476574,812,True,True,True,True,Eyes,0.05221611,0.03206964,-3.148646,-0.4413397,0.1275842,-0.8882238,0.0,0.0,0.0,0.0,0.0,0.0,0.0,0.7240359,0.06832634,-3.057636,0.06416269,0.03158459,-3.14212,-0.01618231,0.9941463,0.01396365,-0.1059082,358.6055,192.1863,357.986,0.00303741,0.01291729,-0.9999117,0.1343219,-0.01364602,-0.4954197,-0.9132772,0.2980853,-4.884126,0.5796,0.2404797,1.915001,-0.9770433,-0.03513288,0.2101245,-0.02921743,0.9990863,0.03119149,-0.2110284,0.02433614,-0.977177,moving,26.42181,-8.174039,16.83912,7.157554,-5.793690369690791,1.961263781587568,18.079980408002356,23.22166094973294,162.8964146650155
631,05/05/2023 11:21:53.495709,813,True,True,True,True,Eyes,0.05234981,0.03204049,-3.149392,-0.4424744,0.12749,-0.8876726,0.0,0.0,0.0,0.0,0.0,0.0,0.0,0.6954345,0.07065997,-3.073522,0.06488938,0.03101173,-3.151188,-0.01619188,0.9946665,0.01426867,-0.10086,358.5606,191.6054,357.9885,0.004391623,0.01264402,-0.9999101,0.1262626,-0.01282726,-0.4656945,-0.8948655,0.3017089,-4.902725,0.5796002,0.2431588,1.915,-0.9791302,-0.03508931,0.200182,-0.02933276,0.9990684,0.03165137,-0.2011062,0.02511892,-0.9792473,moving,26.49468,-8.173085,16.83913,7.236455,-5.789296036703489,1.9594460714138195,18.184707003801297,23.235586674989268,162.7977183258836
632,05/05/2023 11:21:53.516015,814,True,True,True,True,Eyes,0.05241085,0.03197537,-3.150473,-0.4431562,0.1275275,-0.8873271,0.0,0.0,0.0,0.0,0.0,0.0,0.0,0.6674995,0.08529432,-3.088984,0.06546155,0.03061794,-3.160606,-0.01652807,0.9951065,0.01651798,-0.0960056,358.298,191.0521,357.9322,0.005614641,0.01239682,-0.9999071,0.1186868,-0.01205763,-0.4377528,-0.8773977,0.3123492,-4.919962,0.5795999,0.2460269,1.915,-0.9810194,-0.03606603,0.1905256,-0.02972275,0.9989079,0.03604788,-0.1916176,0.02970073,-0.9810202,moving,26.53884,-8.178598,16.83913,7.32089,-5.786313819238172,1.9580346728016904,18.284378642607575,23.252331609495897,162.70436103600449
633,05/05/2023 11:21:53.525984,815,True,True,True,True,Eyes,0.05248904,0.03188645,-3.151897,-0.4434599,0.1276295,-0.8871607,0.0,0.0,0.0,0.0,0.0,0.0,0.0,0.6387556,0.1005285,-3.104219,0.06600822,0.02976815,-3.170024,-0.01652988,0.9955301,0.01881734,-0.09106388,358.0254,190.4888,357.9162,0.006716046,0.01217205,-0.9999031,0.1115656,-0.01133417,-0.4114876,-0.8594016,0.3230722,-4.937111,0.5795999,0.2486952,1.915,-0.9828684,-0.03633915,0.1806915,-0.02948483,0.9987454,0.04047701,-0.1819357,0.03445591,-0.9827066,moving,26.55883,-8.186568,16.83913,7.399415,-5.78467696680262,1.9571172966214947,18.368326928881928,23.269190917677946,162.62606769496807
634,05/05/2023 11:21:53.546104,816,True,True,True,True,Eyes,0.05264433,0.0317715,-3.153671,-0.4433707,0.1278726,-0.8871702,0.0,0.0,0.0,0.0,0.0,0.0,0.0,0.6101467,0.1057626,-3.119519,0.06643471,0.02909096,-3.179561,-0.01641335,0.9959536,0.01955887,-0.0861666,357.9294,189.9268,357.9319,0.00770926,0.01196641,-0.9998984,0.1048717,-0.01065412,-0.3867984,-0.8415282,0.3283714,-4.95505,0.5796001,0.2513205,1.915001,-0.9846119,-0.0360645,0.1709938,-0.02932322,0.9986961,0.041788,-0.1722779,0.03613087,-0.9843856,moving,26.55397,-8.201861,16.83913,7.476644,-5.784171950733686,1.9564638319633163,18.44433884043082,23.287038889512257,162.55577481104638
635,05/05/2023 11:21:53.555905,817,True,True,True,True,Eyes,0.05282194,0.03167162,-3.155754,-0.442905,0.128041,-0.8873785,0.0,0.0,0.0,0.0,0.0,0.0,0.0,0.5818052,0.1166615,-3.134506,0.06683172,0.02829124,-3.189353,-0.01588508,0.9963328,0.02120817,-0.08135679,357.7261,189.3764,357.9867,0.008607549,0.01177702,-0.9998934,0.09857937,-0.01001487,-0.3635905,-0.8237072,0.3374417,-4.972321,0.5796,0.2538738,1.914999,-0.9862573,-0.0351045,0.1614431,-0.02820279,0.9985957,0.04484551,-0.1627906,0.03967607,-0.9858625,moving,26.52453,-8.210613,16.83914,7.551737,-5.785508843858049,1.9567726047097025,18.50022856546913,23.30618720195248,162.5041675438266
636,05/05/2023 11:21:53.576088,818,True,True,True,True,Eyes,0.05293595,0.03169543,-3.158143,-0.4419385,0.1280548,-0.8878583,0.0,0.0,0.0,0.0,0.0,0.0,0.0,0.5507698,0.108994,-3.149944,0.06747068,0.02856151,-3.19875,-0.01558987,0.9967778,0.02007877,-0.07607797,357.8419,188.766,358.0425,0.009419872,0.01160288,-0.999888,0.09266461,-0.009413981,-0.3417751,-0.8039723,0.3373167,-4.99161,0.5796,0.2567599,1.915001,-0.9879384,-0.03413437,0.1510396,-0.02802417,0.9987077,0.04240024,-0.1522917,0.03765606,-0.9876182,moving,26.46219,-8.207112,16.83912,7.636572,-5.789494417548994,1.9585472552065024,18.537146461005154,23.330112632831277,162.4699044852598
637,05/05/2023 11:21:53.596076,819,True,True,True,True,Eyes,0.05306932,0.0318247,-3.160856,-0.4406671,0.1284715,-0.8884298,0.0,0.0,0.0,0.0,0.0,0.0,0.0,0.5171847,0.1005518,-3.165996,0.06809087,0.03168821,-3.208657,-0.01675708,0.997192,0.01914789,-0.07043313,357.9468,188.1175,357.9289,0.0101534,0.01144612,-0.9998827,0.08710473,-0.008849142,-0.3212686,-0.7836272,0.338228,-5.011699,0.5796005,0.2591989,1.915001,-0.9895169,-0.03611734,0.139829,-0.03072276,0.9987051,0.04054874,-0.1411124,0.03582773,-0.9893452,moving,26.38172,-8.228225,16.83914,7.708245,-5.793295844804525,1.9595341474867292,18.575034565709426,23.351120502772382,162.43598921087164
638,05/05/2023 11:21:53.606497,820,True,True,True,True,Eyes,0.05327855,0.03194747,-3.163876,-0.4390521,0.1292507,-0.8891161,0.0,0.0,0.0,0.0,0.0,0.0,0.0,0.4857394,0.1377469,-3.180092,0.06862171,0.03429814,-3.219008,-0.01874449,0.9973707,0.02519127,-0.06531543,357.2601,187.5495,357.6658,0.01081665,0.01130819,-0.9998773,0.08187845,-0.008318193,-0.3019924,-0.7658625,0.3635492,-5.026476,0.5796006,0.2618063,1.915002,-0.9907653,-0.04068115,0.129343,-0.03409964,0.998028,0.05269867,-0.1312318,0.04780145,-0.9901988,moving,26.2805,-8.271142,16.83913,7.784836,-5.797220176389522,1.95994332156952,18.62616162856384,23.373782835120274,162.390720011704
639,05/05/2023 11:21:53.625977,821,True,True,True,True,Eyes,0.05352201,0.03211212,-3.167163,-0.4371038,0.1299884,-0.8899681,0.0,0.0,0.0,0.0,0.0,0.0,0.0,0.4586608,0.1677444,-3.192926,0.06946289,0.03411806,-3.229132,-0.01799841,0.9975387,0.02987519,-0.06082864,356.7086,187.0442,357.73,0.01141831,0.01118702,-0.999872,0.07696574,-0.007819101,-0.2838729,-0.7484685,0.3849899,-5.040484,0.5796003,0.264487,1.915001,-0.9919519,-0.03954275,0.1202824,-0.03227368,0.9975671,0.06179296,-0.1224333,0.05741369,-0.9908147,moving,26.15776,-8.309841,16.83913,7.863558,-5.802678052023346,1.9611181973620768,18.66589671808191,23.398509941627346,162.35580030066984
640,05/05/2023 11:21:53.646202,822,True,True,True,True,Eyes,0.05384004,0.03231472,-3.17072,-0.4345707,0.1313347,-0.8910104,0.0,0.0,0.0,0.0,0.0,0.0,0.0,0.4272704,0.1590835,-3.207454,0.07044758,0.035258,-3.238738,-0.01605415,0.9979103,0.02884571,-0.05554675,356.802,186.4284,357.977,0.01196506,0.01108223,-0.9998668,0.0723478,-0.007349955,-0.2668405,-0.727055,0.3882645,-5.059157,0.5796002,0.2671846,1.915001,-0.9933138,-0.03524576,0.1099352,-0.02883662,0.9978204,0.05935436,-0.1117875,0.05578734,-0.9921651,moving,25.99979,-8.385002,16.83913,7.942742,-5.8083738148958535,1.961340565007311,18.72199016571518,23.424060112889375,162.30705387068596
641,05/05/2023 11:21:53.655829,823,True,True,True,True,Eyes,0.05419631,0.03256289,-3.174494,-0.4316432,0.1324853,-0.8922621,0.0,0.0,0.0,0.0,0.0,0.0,0.0,0.3930413,0.1701468,-3.221233,0.07169908,0.03623047,-3.248587,-0.01375418,0.9981847,0.03085256,-0.04986241,356.5475,185.7723,358.247,0.01246577,0.01099307,-0.9998617,0.06800693,-0.006908957,-0.2508301,-0.703634,0.4032226,-5.076216,0.5796002,0.2699823,1.915,-0.9946491,-0.03053518,0.09869509,-0.02438165,0.9977179,0.06296474,-0.1003925,0.06022147,-0.9931237,moving,25.81597,-8.445716,16.83913,8.024837,-5.816403256322473,1.9629598616890005,18.75800555793203,23.45249542305277,162.27605113538033
642,05/05/2023 11:21:53.676871,824,True,True,True,True,Eyes,0.05458431,0.03293031,-3.178493,-0.4281895,0.1337287,-0.8937395,0.0,0.0,0.0,0.0,0.0,0.0,0.0,0.3525764,0.1512189,-3.235798,0.07286934,0.03758016,-3.257429,-0.01225396,0.9985911,0.02823244,-0.04323051,356.8284,185.0005,358.4554,0.01292441,0.01091961,-0.9998566,0.06392652,-0.00649442,-0.2357803,-0.6770599,0.399978,-5.09692,0.5795999,0.2725648,1.915,-0.995962,-0.02691438,0.08564727,-0.02203237,0.9981056,0.0574448,-0.0870311,0.05532582,-0.9946682,moving,25.59902,-8.509935,16.83913,8.100584,-5.826269611215516,1.965249340900632,18.778844859614264,23.481113068064605,162.2588923000594
643,05/05/2023 11:21:53.695987,825,True,True,True,True,Eyes,0.05501559,0.03341053,-3.182703,-0.4244758,0.1352172,-0.8952858,0.0,0.0,0.0,0.0,0.0,0.0,0.0,0.3147005,0.1316217,-3.249975,0.07418848,0.04084336,-3.26673,-0.0122021,0.9989087,0.02570803,-0.03703669,357.1078,184.2849,358.4921,0.01334892,0.01086348,-0.9998508,0.06009093,-0.006104755,-0.2216335,-0.6527304,0.396978,-5.117041,0.5796,0.2751899,1.915,-0.9969588,-0.02628184,0.07336515,-0.02247328,0.9983804,0.05226379,-0.07461992,0.05045608,-0.9959348,moving,25.36672,-8.58861,16.83913,8.177551,-5.836314595917512,1.9671965867508625,18.81020855509106,23.510514446959423,162.23180276119595
644,05/05/2023 11:21:53.706086,826,True,True,True,True,Eyes,0.05552714,0.03395921,-3.187104,-0.4203898,0.1371968,-0.896911,0.0,0.0,0.0,0.0,0.0,0.0,0.0,0.280294,0.1531357,-3.261484,0.07557261,0.04396557,-3.275919,-0.01219414,0.9989957,0.02945572,-0.03148758,356.6701,183.6544,358.4951,0.01374226,0.01082667,-0.9998453,0.05648547,-0.005738469,-0.2083355,-0.6308162,0.4174815,-5.131174,0.5796,0.278046,1.915,-0.9977198,-0.02621876,0.06219354,-0.02250881,0.9979673,0.05962019,-0.06363028,0.05808434,-0.9962818,moving,25.11289,-8.696889,16.83913,8.261257,-5.846121299598655,1.9681893164008932,18.86885847885123,23.54194824980086,162.17937010703943
645,05/05/2023 11:21:53.725975,827,True,True,True,True,Eyes,0.05610496,0.03454956,-3.191688,-0.4159594,0.139353,-0.8986426,0.0,0.0,0.0,0.0,0.0,0.0,0.0,0.2448876,0.1699616,-3.272465,0.07750207,0.04604892,-3.284775,-0.01145558,0.9990801,0.03234877,-0.02571982,356.3278,182.9945,358.5901,0.01410991,0.0108093,-0.9998399,0.05309634,-0.005394161,-0.1958353,-0.6069701,0.434375,-5.145576,0.5796003,0.2805651,1.915001,-0.9984148,-0.02455409,0.05065116,-0.02122608,0.9976447,0.06522729,-0.05213345,0.06404874,-0.9965842,moving,24.83825,-8.814682,16.83913,8.335054,-5.856698621924993,1.96923103820741,18.923513564983008,23.571685107702326,162.12994786479945
646,05/05/2023 11:21:53.746100,828,True,True,True,True,Eyes,0.05677176,0.035176,-3.196428,-0.4109673,0.1418352,-0.9005491,0.0,0.0,0.0,0.0,0.0,0.0,0.0,0.2030073,0.185458,-3.283433,0.07955804,0.04755783,-3.293621,-0.009736221,0.9991608,0.03498059,-0.01895807,356.0128,182.2156,358.8063,0.01445639,0.01081062,-0.9998346,0.04991056,-0.005070512,-0.1840852,-0.5785047,0.4512224,-5.161088,0.5796003,0.2833008,1.915002,-0.9990919,-0.02078243,0.03720317,-0.01812977,0.9973632,0.07027162,-0.03856549,0.0695333,-0.9968342,moving,24.52967,-8.950477,16.83912,8.415164,-5.868402547151231,1.9702262465898384,18.992368115729565,23.604423375179348,162.06627982227516
647,05/05/2023 11:21:53.755802,829,True,True,True,True,Eyes,0.05751295,0.03579948,-3.201317,-0.4055492,0.144303,-0.902611,0.0,0.0,0.0,0.0,0.0,0.0,0.0,0.1545586,0.1955716,-3.293921,0.0819139,0.04895625,-3.301961,-0.008097104,0.999229,0.03675392,-0.01118515,355.7982,181.3185,359.0231,0.01478646,0.0108298,-0.9998293,0.04691593,-0.004766281,-0.1730401,-0.5458046,0.4646453,-5.177637,0.5796001,0.2860427,1.915002,-0.9996186,-0.01700392,0.02175784,-0.01535952,0.9971672,0.07363229,-0.02294824,0.07327002,-0.9970481,moving,24.1947,-9.083174,16.83912,8.495428,-5.881878343411287,1.9720549072153808,19.055492788453517,23.63891203564506,162.00615146831612
648,05/05/2023 11:21:53.776219,830,True,True,True,True,Eyes,0.0583597,0.03639415,-3.206332,-0.3995989,0.1468114,-0.9048575,0.0,0.0,0.0,0.0,0.0,0.0,0.0,0.1020675,0.1982945,-3.304198,0.08429836,0.04947177,-3.310273,-0.00684193,0.999279,0.03723843,-0.002838398,355.7342,180.3552,359.2022,0.01510396,0.01086484,-0.9998239,0.04410097,-0.004480304,-0.1626577,-0.5109623,0.4716328,-5.195449,0.5796001,0.2885904,1.915,-0.9998904,-0.01388539,0.005163137,-0.0134626,0.997133,0.074462,-0.006182268,0.07438432,-0.9972105,moving,23.82699,-9.21582,16.83914,8.569984,-5.897353618563537,1.974724650612232,19.109287573034113,23.673732024179607,161.95277750573945
649,05/05/2023 11:21:53.796162,831,True,True,True,True,Eyes,0.05928842,0.03693821,-3.211463,-0.3932014,0.1492383,-0.9072599,0.0,0.0,0.0,0.0,0.0,0.0,0.0,0.04681445,0.1965807,-3.313543,0.0869315,0.04933976,-3.318194,-0.005409394,0.999285,0.03694675,0.005924825,355.7617,179.3426,359.404,0.01541328,0.01091317,-0.9998185,0.04145491,-0.004211486,-0.1528982,-0.4739596,0.4752759,-5.21344,0.5795999,0.2912329,1.915,-0.9998711,-0.01037324,-0.01224089,-0.01124886,0.9972113,0.07377657,0.01144146,0.07390478,-0.9971995,moving,23.43164,-9.341127,16.83913,8.647276,-5.914899250741574,1.9784755926636124,19.158387995614582,23.711152355305156,161.90140177635328
650,05/05/2023 11:21:53.810842,832,True,True,True,True,Eyes,0.06031727,0.03743371,-3.216692,-0.3863475,0.1516976,-0.9097931,0.0,0.0,0.0,0.0,0.0,0.0,0.0,-0.01048529,0.1947894,-3.321776,0.08966823,0.04864751,-3.325934,-0.004041249,0.9992119,0.03654267,0.01496515,355.8051,178.2986,359.5988,0.01571766,0.01097178,-0.999813,0.03896762,-0.003958797,-0.1437243,-0.4356433,0.477899,-5.231031,0.5795997,0.2940136,1.914999,-0.9995195,-0.006982394,-0.03020207,-0.009169861,0.9972966,0.07290678,0.02961136,0.07314868,-0.9968814,moving,23.00871,-9.466331,16.83913,8.728577,-5.9341323794622935,1.982938112356052,19.212454151015272,23.751318350911113,161.84292995515818
651,05/05/2023 11:21:53.826315,833,True,True,True,True,Eyes,0.06144514,0.03790575,-3.22201,-0.3791091,0.1540764,-0.9124345,0.0,0.0,0.0,0.0,0.0,0.0,0.0,-0.06804784,0.1945842,-3.328661,0.0926562,0.04796028,-3.333406,-0.003527204,0.9990438,0.03635895,0.02402156,355.8242,177.2563,359.6955,0.01602058,0.01103805,-0.9998074,0.03662957,-0.003721269,-0.1351009,-0.3974462,0.480216,-5.247599,0.5796002,0.2966737,1.915001,-0.9988211,-0.005300866,-0.04825367,-0.00879446,0.9973311,0.0724789,0.04774069,0.07281782,-0.9962022,moving,22.56249,-9.58472,16.83913,8.806307,-5.95514309944036,1.9883437698459696,19.26101564830705,23.792089205019447,161.78707984390073
652,05/05/2023 11:21:53.846238,834,True,True,True,True,Eyes,0.06271753,0.03838002,-3.227411,-0.3716163,0.1568568,-0.9150395,0.0,0.0,0.0,0.0,0.0,0.0,0.0,-0.1245488,0.1954667,-3.334411,0.09600257,0.04786938,-3.340734,-0.003960188,0.9987864,0.03642676,0.03291303,355.8122,176.2368,359.6833,0.01632508,0.01111041,-0.9998015,0.03443179,-0.003497993,-0.1269948,-0.360058,0.4830521,-5.263074,0.5796004,0.2993374,1.915002,-0.9978024,-0.005512933,-0.06603469,-0.01030859,0.9973148,0.07250442,0.06545766,0.07302578,-0.99518,moving,22.10308,-9.727146,16.83913,8.884114,-5.975698620908056,1.9928645042602435,19.341359010940778,23.832870675055887,161.69941422461832
653,05/05/2023 11:21:53.856044,835,True,True,True,True,Eyes,0.06409982,0.03882648,-3.232886,-0.3637675,0.1598841,-0.9176657,0.0,0.0,0.0,0.0,0.0,0.0,0.0,-0.1803041,0.2169107,-3.337994,0.09974195,0.04830989,-3.348057,-0.00474155,0.9983317,0.03965871,0.04169567,355.4355,175.2309,359.6459,0.01663535,0.01118825,-0.9997954,0.03236588,-0.003288113,-0.1193751,-0.3229686,0.4982997,-5.275042,0.5796003,0.3021274,1.915001,-0.9964781,-0.006160088,-0.08362831,-0.01277447,0.9968094,0.07878967,0.08287613,0.07958049,-0.9933773,moving,21.62363,-9.883386,16.83913,8.965588,-5.996752458252958,1.997195776229156,19.44672880210643,23.875427071184617,161.58558926643892
654,05/05/2023 11:21:53.876189,836,True,True,True,True,Eyes,0.1013093,0.04930119,-3.370937,-0.1516233,0.2333926,-0.9604885,0.0,0.0,0.0,0.0,0.0,0.0,0.0,-0.2360913,0.2464703,-3.339777,0.1036016,0.04800513,-3.355229,-0.004499969,0.9977459,0.04397425,0.05049048,354.9397,174.2176,359.7389,0.01695402,0.01127009,-0.9997889,0.03042393,-0.003090826,-0.1122126,-0.284924,0.5177683,-5.285089,0.5796002,0.3046727,1.915001,-0.9948611,-0.004539091,-0.1011491,-0.01342021,0.996092,0.08729583,0.1003576,0.08820466,-0.9910341,moving,8.970718,-13.65781,16.83913,9.039874,-6.57065319118009,2.1292442092593404,24.022838432741455,24.408497560536784,156.50796004501447
655,05/05/2023 11:21:53.895816,837,True,True,True,True,Eyes,0.1014745,0.04931707,-3.371189,-0.1509338,0.2334372,-0.9605864,0.0,0.0,0.0,0.0,0.0,0.0,0.0,-0.2926665,0.2526526,-3.341516,0.1076748,0.04769157,-3.361747,-0.003498083,0.9972204,0.04477765,0.05945038,354.8524,173.1809,359.9049,0.01836027,0.01162127,-0.9997604,0.1402269,0.02851874,-0.5196323,-0.2451327,0.5246603,-5.297117,0.5796004,0.3073483,1.915001,-0.9929071,-0.001652624,-0.1188835,-0.01230082,0.9959654,0.08889045,0.118257,0.08972229,-0.9889214,moving,8.929687,-13.65898,16.83913,9.117933,-6.573094350299251,2.130235518441188,24.11113963253952,24.4327682656413,156.42136964979034
656,05/05/2023 11:21:53.905945,838,True,True,True,True,Eyes,0.1018558,0.04934246,-3.371659,-0.1501594,0.2338351,-0.9606109,2.008397,-0.1997239,0.5189763,-5.300947,0.4453086,-0.7387623,0.5058958,0.5719474,0.2996577,1.907424,0.1116393,0.04806658,-3.367949,-0.002682709,0.9966525,0.04505973,0.06816413,354.8258,172.1729,0.04576284,0.01954813,0.01192388,-0.9997346,0.1318133,0.02680761,-0.4884543,-0.2063979,0.5300555,-5.308532,0.5796005,0.3100899,1.915002,-0.990693,0.0007954582,-0.1361137,-0.01149037,0.9959248,0.08945205,0.1356301,0.09018351,-0.9866467,moving,8.884382,-13.68105,16.83913,9.197882,-6.574700919639062,2.130273135584632,24.222376951986522,24.457280580510353,156.3120778716023
657,05/05/2023 11:21:53.926102,839,True,True,True,True,Eyes,0.1023957,0.04939466,-3.372334,-0.1488658,0.234213,-0.9607202,0.0,0.0,0.0,0.0,0.0,0.0,0.0,-0.3987887,0.264254,-3.342035,0.1158016,0.04824133,-3.373769,-0.001994508,0.9960049,0.04642949,0.07625353,354.6758,171.2357,0.1788325,0.02061297,0.01219426,-0.9997102,0.1239045,0.02519915,-0.4591471,-0.1699803,0.5390648,-5.317567,0.5796002,0.3126758,1.915001,-0.988363,0.003107744,-0.1520829,-0.0110539,0.9956807,0.09218382,0.1517126,0.09279218,-0.9840595,moving,8.808065,-13.70083,16.83913,9.273261,-6.578318911821764,2.1312214750635574,24.337355285866746,24.482353688188084,156.1977185449267
658,05/05/2023 11:21:53.946134,840,True,True,True,True,Eyes,0.1032838,0.0494739,-3.373162,-0.1484899,0.2360111,-0.9603382,0.0,0.0,0.0,0.0,0.0,0.0,0.0,-0.4426317,0.2624377,-3.342399,0.1200174,0.04893431,-3.379293,-0.001723104,0.9954543,0.04619558,0.08327124,354.7065,170.4252,0.2452978,0.02158613,0.01243869,-0.9996869,0.1164703,0.0236872,-0.4315982,-0.1378754,0.5421183,-5.326828,0.5796002,0.3153867,1.915001,-0.9861261,0.004262984,-0.1659446,-0.01112407,0.995726,0.0916842,0.1656262,0.09225813,-0.981864,moving,8.789612,-13.80728,16.83913,9.352242,-6.573865866311232,2.12627911542752,24.518527674002126,24.502712401795968,156.0205953819976
659,05/05/2023 11:21:53.956079,841,True,True,True,True,Eyes,0.104331,0.04953426,-3.374152,-0.1476573,0.2377845,-0.9600291,0.0,0.0,0.0,0.0,0.0,0.0,0.0,-0.4790098,0.274518,-3.342167,0.1246836,0.04933007,-3.384805,-0.0012288,0.9948542,0.04795873,0.08923929,354.5117,169.7316,0.3519594,0.02248731,0.01266061,-0.9996645,0.109482,0.02226597,-0.4057024,-0.1093812,0.5526141,-5.3332,0.5796003,0.3180471,1.915001,-0.9840698,0.006114651,-0.177678,-0.01100456,0.9953969,0.09520456,0.1774423,0.09564319,-0.9794727,moving,8.743859,-13.91132,16.83913,9.429722,-6.571204138059176,2.1221585160892564,24.705012734447337,24.52435990045336,155.83708619736012
660,05/05/2023 11:21:53.976027,842,True,True,True,True,Eyes,0.1055404,0.0495831,-3.375279,-0.1462935,0.2392242,-0.9598802,0.0,0.0,0.0,0.0,0.0,0.0,0.0,-0.5138644,0.277344,-3.341896,0.1294521,0.04893088,-3.389704,0.0001205921,0.9943078,0.04818637,0.09502678,354.5026,169.0556,0.5409504,0.02332791,0.01286154,-0.9996428,0.1029131,0.02093001,-0.3813602,-0.08063741,0.5570622,-5.340007,0.5796001,0.3207143,1.915,-0.9819397,0.0093978,-0.1889601,-0.008918177,0.9953561,0.09584707,0.1889833,0.09580123,-0.9772959,moving,8.665656,-13.99433,16.83913,9.507368,-6.571623601844458,2.119938742489491,24.88243328358141,24.548676038454612,155.6611803829965
661,05/05/2023 11:21:53.995770,843,True,True,True,True,Eyes,0.1069191,0.04965312,-3.376535,-0.1444938,0.2404823,-0.9598384,0.0,0.0,0.0,0.0,0.0,0.0,0.0,-0.5489463,0.2587795,-3.342448,0.1345093,0.04883172,-3.394081,0.001679127,0.9938658,0.04527976,0.1008851,354.8557,168.3755,0.7176032,0.02411967,0.01304344,-0.9996219,0.09673834,0.01967421,-0.3584786,-0.05085313,0.5498043,-5.349174,0.5795998,0.3233618,1.914999,-0.9796388,0.01247376,-0.2003805,-0.005798455,0.9958939,0.09034279,0.2006846,0.0896652,-0.9755439,moving,8.561009,-14.06561,16.83913,9.584405,-6.574270588301289,2.118992900893009,25.05694508097238,24.574777820313255,155.48707948961112
662,05/05/2023 11:21:54.005966,844,True,True,True,True,Eyes,0.1084546,0.04972473,-3.377913,-0.1420865,0.2417394,-0.959882,0.0,0.0,0.0,0.0,0.0,0.0,0.0,-0.5855681,0.246009,-3.341818,0.1398451,0.04944061,-3.398405,0.002475815,0.9933118,0.04337692,0.1069769,355.0869,167.6712,0.8165802,0.02487196,0.01320868,-0.9996015,0.09093404,0.01849376,-0.3369699,-0.02051186,0.5465987,-5.357143,0.5795999,0.3261515,1.915,-0.9770995,0.01419917,-0.212308,-0.004362142,0.9962246,0.0867033,0.2127376,0.08564388,-0.9733487,moving,8.420063,-14.13558,16.83912,9.665536,-6.579200094006359,2.1190433333412573,25.246259992614846,24.60421239530492,155.2970804693772
663,05/05/2023 11:21:54.026234,845,True,True,True,True,Eyes,0.1101627,0.04979623,-3.379395,-0.1392294,0.2429595,-0.9599926,0.0,0.0,0.0,0.0,0.0,0.0,0.0,-0.6224862,0.2445328,-3.339759,0.1454667,0.04958087,-3.402596,0.003288254,0.9926378,0.04306801,0.1131563,355.1379,166.9535,0.935894,0.0255927,0.01335881,-0.9995814,0.08547799,0.01738413,-0.3167517,0.0104046,0.54883,-5.36314,0.5795997,0.3287318,1.914999,-0.9743696,0.01627493,-0.2243633,-0.003218746,0.9962687,0.08624604,0.2249298,0.0847577,-0.9706815,moving,8.252172,-14.20247,16.83913,9.740549,-6.585934376801262,2.1199405162393363,25.43627344026882,24.633459252002115,155.10522935174782
664,05/05/2023 11:21:54.046315,846,True,True,True,True,Eyes,0.1120303,0.04986207,-3.380981,-0.135793,0.2443601,-0.9601294,0.0,0.0,0.0,0.0,0.0,0.0,0.0,-0.6628125,0.2440954,-3.336326,0.1511987,0.04964994,-3.406559,0.004621769,0.9918533,0.04285817,0.1198713,355.1866,166.1708,1.118024,0.02629096,0.01349549,-0.9995615,0.08034931,0.01634109,-0.2977466,0.04403878,0.5517524,-5.368544,0.5796003,0.3313771,1.915002,-0.9712194,0.01944316,-0.2373933,-0.001106696,0.9962837,0.08612606,0.2381856,0.08391,-0.9675884,moving,8.050061,-14.27905,16.83913,9.817399,-6.594247928295626,2.1212211755350934,25.649299957237858,24.664840446192187,154.88952676428485
665,05/05/2023 11:21:54.055958,847,True,True,True,True,Eyes,0.114078,0.04991894,-3.382654,-0.1319133,0.2458317,-0.9602945,0.0,0.0,0.0,0.0,0.0,0.0,0.0,-0.7042975,0.2533291,-3.331411,0.157197,0.04954112,-3.410474,0.00608012,0.9909315,0.04402288,0.1268075,355.0834,165.3579,1.335144,0.02697258,0.01361965,-0.9995419,0.07552835,0.01536062,-0.2798818,0.07886887,0.5599905,-5.372146,0.5796005,0.3341884,1.915002,-0.9677661,0.02321482,-0.2507797,0.0008851063,0.9960501,0.08878931,0.2518503,0.0857053,-0.963964,moving,7.82163,-14.35913,16.83913,9.899045,-6.60398331470169,2.1229978640508858,25.879999238420105,24.69911882935191,154.65567271257984
666,05/05/2023 11:21:54.075826,848,True,True,True,True,Eyes,0.1162958,0.04996452,-3.384416,-0.1274552,0.2474197,-0.9604887,0.0,0.0,0.0,0.0,0.0,0.0,0.0,-0.7477039,0.2636908,-3.32531,0.1634369,0.04935708,-3.414254,0.007154765,0.9899093,0.0453603,0.1340562,354.9579,164.5089,1.51445,0.02764476,0.01373232,-0.9995221,0.07099665,0.01443898,-0.2630889,0.1149001,0.5682346,-5.375113,0.5796002,0.3367353,1.915001,-0.9639555,0.02632679,-0.2647578,0.002003481,0.9957825,0.09172343,0.2660559,0.08788687,-0.9599428,moving,7.55889,-14.44522,16.83913,9.972982,-6.615496247544595,2.1253475043381505,26.122240397224815,24.73266786235382,154.40916525343215
667,05/05/2023 11:21:54.095922,849,True,True,True,True,Eyes,0.1186949,0.04998998,-3.386252,-0.1226168,0.2490556,-0.9606959,0.0,0.0,0.0,0.0,0.0,0.0,0.0,-0.7914867,0.2712761,-3.318792,0.1698341,0.04910019,-3.418064,0.007706895,0.9888447,0.0463141,0.1413581,354.87,163.656,1.630259,0.02831332,0.01383427,-0.9995021,0.06673685,0.01357265,-0.2473035,0.1509243,0.5746542,-5.378112,0.5796002,0.3393953,1.915001,-0.9599172,0.02833559,-0.2788486,0.002148096,0.9955912,0.09377376,0.2802763,0.08941602,-0.9557461,moving,7.273526,-14.53369,16.83913,10.05016,-6.62826429034642,2.128155490064505,26.3792808982223,24.768462815322675,154.14759227422815
668,05/05/2023 11:21:54.106207,850,True,True,True,True,Eyes,0.121267,0.04998199,-3.388155,-0.1172862,0.2506922,-0.9609357,0.0,0.0,0.0,0.0,0.0,0.0,0.0,-0.8347192,0.2812663,-3.31139,0.1764602,0.04861991,-3.421647,0.007562766,0.9877198,0.04765411,0.1485988,354.7276,162.8113,1.674772,0.02898423,0.013926,-0.9994817,0.06273264,0.01275829,-0.2324653,0.1863142,0.5819981,-5.380124,0.5796004,0.3421336,1.915001,-0.9557223,0.02910247,-0.2928272,0.0007770966,0.9953437,0.09638545,0.2942687,0.09189018,-0.9512949,moving,6.958769,-14.62162,16.83913,10.12957,-6.642853305104465,2.1317437148370835,26.65038348516623,24.80662744568168,153.87152257512201
669,05/05/2023 11:21:54.126185,851,True,True,True,True,Eyes,0.1240242,0.04994892,-3.390109,-0.1116993,0.2522565,-0.961192,0.0,0.0,0.0,0.0,0.0,0.0,0.0,-0.8750703,0.283169,-3.304698,0.1833318,0.04780223,-3.425063,0.006909451,0.9866671,0.04781431,0.1554166,354.7095,162.0212,1.639963,0.02966176,0.01400745,-0.9994607,0.05896868,0.01199279,-0.2185174,0.219938,0.5840982,-5.382895,0.5796002,0.3448144,1.915001,-0.951596,0.02849693,-0.3060282,-0.001227619,0.9953321,0.09650128,0.3073497,0.09220591,-0.9471191,moving,6.62856,-14.70516,16.83913,10.20729,-6.658614791393367,2.135950986054142,26.9237052562867,24.845332031580874,153.59311595237662
670,05/05/2023 11:21:54.145872,852,True,True,True,True,Eyes,0.1269591,0.04988705,-3.392115,-0.105822,0.2539262,-0.9614173,0.0,0.0,0.0,0.0,0.0,0.0,0.0,-0.9118719,0.2830918,-3.298425,0.1904231,0.04717164,-3.428231,0.005622926,0.9856633,0.04779075,0.1617176,354.6987,161.2943,1.527448,0.03035084,0.01407893,-0.9994391,0.05543056,0.01127322,-0.2054064,0.251184,0.585313,-5.385419,0.5796004,0.347435,1.915001,-0.9476318,0.02654183,-0.3182606,-0.004372581,0.9953688,0.09602981,0.3193355,0.0923925,-0.9431272,moving,6.281193,-14.79492,16.83913,10.28321,-6.675096782949918,2.140281280603507,27.209973134732586,24.88425504870844,153.30175324955434
671,05/05/2023 11:21:54.155747,853,True,True,True,True,Eyes,0.1300846,0.04977497,-3.394155,-0.09977792,0.2555686,-0.9616283,0.0,0.0,0.0,0.0,0.0,0.0,0.0,-0.9451248,0.2881183,-3.29235,0.1977551,0.04640505,-3.43141,0.003986959,0.9846659,0.04854636,0.1675132,354.5908,160.6248,1.388059,0.03105538,0.01414054,-0.9994166,0.05210472,0.01059683,-0.193082,0.2802343,0.5894303,-5.386944,0.5796002,0.3501858,1.915001,-0.9438471,0.02411596,-0.329502,-0.008412669,0.9952547,0.09693962,0.3302762,0.09426814,-0.9391653,moving,5.923774,-14.88326,16.83913,10.36287,-6.692266258844674,2.1449412453699184,27.50476461603764,24.925107079147022,153.00228516302764
672,05/05/2023 11:21:54.176271,854,True,True,True,True,Eyes,0.1333852,0.04962241,-3.396226,-0.09354486,0.2571974,-0.9618206,0.0,0.0,0.0,0.0,0.0,0.0,0.0,-0.9755546,0.2926824,-3.286469,0.2053607,0.04508132,-3.434246,0.002731542,0.9837012,0.04912494,0.1729495,354.5082,159.9951,1.287512,0.03177908,0.01419176,-0.9993933,0.04897844,0.009961018,-0.1814971,0.3084582,0.5923586,-5.388077,0.5796003,0.352749,1.915001,-0.9401622,0.0223663,-0.3399927,-0.01161822,0.9951586,0.09759334,0.3405295,0.09570367,-0.9353505,moving,5.555008,-14.971,16.83914,10.43706,-6.710159228944686,2.149922333818395,27.801099761646554,24.964898254802094,152.7013339919977
673,05/05/2023 11:21:54.195763,855,True,True,True,True,Eyes,0.1368764,0.04943057,-3.398321,-0.08718479,0.2587576,-0.9619997,0.0,0.0,0.0,0.0,0.0,0.0,0.0,-1.005289,0.2904268,-3.280998,0.2130507,0.04396178,-3.436942,0.001781233,0.9827691,0.04870772,0.1782966,354.5428,159.3769,1.20129,0.0325245,0.0142324,-0.9993688,0.04603973,0.009363357,-0.1706072,0.3368172,0.5919298,-5.389867,0.5796003,0.3554408,1.915001,-0.9364146,0.02086992,-0.3502752,-0.01386776,0.9952487,0.09637205,0.3506223,0.0951017,-0.9316761,moving,5.178495,-15.05503,16.83913,10.51493,-6.728719108860087,2.155290549070015,28.103260718372614,25.00654081170649,152.39509427266603
674,05/05/2023 11:21:54.206406,856,True,True,True,True,Eyes,0.2289362,0.04371346,-3.450897,0.07515281,0.2943355,-0.9527428,0.0,0.0,0.0,0.0,0.0,0.0,0.0,-1.032538,0.2908305,-3.275816,0.2210263,0.04283123,-3.439621,0.0007588999,0.9818485,0.0486922,0.1833088,354.5292,158.7963,1.113337,0.03329552,0.0142624,-0.999343,0.04327735,0.008801555,-0.1603708,0.3639894,0.593063,-5.391093,0.5796002,0.3581467,1.915001,-0.9327948,0.01934166,-0.359889,-0.01636116,0.995257,0.09589495,0.3600368,0.09533849,-0.9280542,moving,-4.51018,-17.16774,16.83913,10.59317,-7.20891338337852,2.2959522056326707,35.02086751501453,25.43918657693326,145.52072256528928
675,05/05/2023 11:21:54.226229,857,True,True,True,True,Eyes,0.2292735,0.04366346,-3.450986,0.07545986,0.294326,-0.9527214,0.0,0.0,0.0,0.0,0.0,0.0,0.0,-1.057499,0.295193,-3.270381,0.2292525,0.04171182,-3.44188,-0.0006915792,0.9809261,0.04932042,0.188019,354.4324,158.2508,0.9896075,0.03658702,0.01410068,-0.9992302,0.31686,-0.008877879,-0.308476,0.389698,0.596491,-5.391189,0.5796006,0.3607794,1.915002,-0.929297,0.01718957,-0.3689337,-0.01990313,0.9951341,0.09649929,0.3687972,0.09701943,-0.9244329,moving,-4.528632,-17.16759,16.83913,10.66926,-7.210046627997604,2.2964324012511805,35.09232780553527,25.465017936043086,145.45238036248517
676,05/05/2023 11:21:54.245852,858,True,True,True,True,Eyes,0.2299368,0.0435762,-3.451149,0.07607254,0.2944173,-0.9526445,0.0,0.0,0.0,0.0,0.0,0.0,0.0,-1.078938,0.2954007,-3.266264,0.2376085,0.04046619,-3.444089,-0.001921657,0.9801108,0.04929748,0.1922212,354.4121,157.7651,0.8742338,0.03955873,0.01395352,-0.9991191,0.2978484,-0.008345206,-0.2899675,0.4137874,0.597455,-5.391912,0.5796006,0.363488,1.915001,-0.9260949,0.01518516,-0.3769856,-0.02271891,0.9951321,0.09589522,0.3766066,0.09737276,-0.9212418,moving,-4.565614,-17.1739,16.83914,10.74751,-7.211971478747397,2.2970585494004645,35.18193613473562,25.492471301976092,145.36650337275586
677,05/05/2023 11:21:54.255991,859,True,True,True,True,Eyes,0.2309241,0.0434471,-3.45138,0.07690828,0.294564,-0.952532,0.0,0.0,0.0,0.0,0.0,0.0,0.0,-1.097504,0.2946741,-3.262762,0.2461863,0.03948629,-3.445983,-0.003062099,0.979358,0.04917007,0.1960386,354.4041,157.324,0.764593,0.04225163,0.01381838,-0.9990107,0.2799775,-0.007844494,-0.2725694,0.4366435,0.5983094,-5.392438,0.5796007,0.3661699,1.915001,-0.9231191,0.01328068,-0.384285,-0.02527625,0.9951459,0.09510961,0.3836828,0.09751077,-0.9183025,moving,-4.616098,-17.18386,16.83914,10.82494,-7.214528536356676,2.2978448208301763,35.282008376460716,25.520390323259875,145.27051630176072
678,05/05/2023 11:21:54.276397,860,True,True,True,True,Eyes,0.2322247,0.04326237,-3.451669,0.0780607,0.2948867,-0.9523384,0.0,0.0,0.0,0.0,0.0,0.0,0.0,-1.113639,0.3007628,-3.259327,0.2548891,0.03834189,-3.447814,-0.004202919,0.9786093,0.05001539,0.1995114,354.2857,156.9201,0.6755235,0.04470297,0.01369284,-0.9989058,0.2631789,-0.007373824,-0.2562152,0.4580356,0.6027514,-5.391868,0.5796002,0.3687953,1.915,-0.9203552,0.01173125,-0.3909079,-0.02818331,0.9949616,0.09621399,0.390067,0.09956811,-0.9153875,moving,-4.68591,-17.20487,16.83913,10.9007,-7.217685331953971,2.2985639956251016,35.40127698299173,25.548524570970798,145.1559538206254
679,05/05/2023 11:21:54.295735,861,True,True,True,True,Eyes,0.2338437,0.04304711,-3.451997,0.07942797,0.2952063,-0.9521263,0.0,0.0,0.0,0.0,0.0,0.0,0.0,-1.129678,0.308973,-3.255371,0.2639929,0.03680842,-3.449351,-0.005763119,0.9778197,0.05117302,0.2030198,354.1217,156.5131,0.547638,0.04694609,0.01357431,-0.9988045,0.2473882,-0.006931395,-0.2408423,0.4794939,0.6079534,-5.390617,0.5796003,0.3714779,1.915001,-0.9174998,0.009507682,-0.3976232,-0.03204884,0.9946963,0.0977359,0.3964435,0.102416,-0.9123289,moving,-4.768669,-17.22602,16.83914,10.97807,-7.221624425897976,2.2996076282552846,35.529819905377806,25.578039289522298,145.03251483805138
680,05/05/2023 11:21:54.316086,862,True,True,True,True,Eyes,0.235787,0.04278311,-3.45236,0.08119711,0.2957569,-0.9518062,0.0,0.0,0.0,0.0,0.0,0.0,0.0,-1.148681,0.3097209,-3.250712,0.2731877,0.03586523,-3.450595,-0.008169024,0.9769624,0.05144916,0.2069559,354.0357,156.063,0.3072665,0.0490106,0.01346121,-0.9987069,0.2325449,-0.006515511,-0.2263918,0.5021421,0.6101539,-5.389923,0.5796006,0.3742426,1.915001,-0.9142051,0.005333754,-0.4052169,-0.03725708,0.9945725,0.09714651,0.4035358,0.103909,-0.9090444,moving,-4.876009,-17.26171,16.83914,11.05777,-7.226300744547142,2.300541165296272,35.68670121435436,25.60926580542043,144.88172810820333
681,05/05/2023 11:21:54.326718,863,True,True,True,True,Eyes,0.2380356,0.04245874,-3.452749,0.08310832,0.2962879,-0.9514759,0.0,0.0,0.0,0.0,0.0,0.0,0.0,-1.1669,0.3178027,-3.245573,0.2826059,0.03440847,-3.451861,-0.01137213,0.9760428,0.0528306,0.2107609,353.8044,155.6297,0.004027508,0.0509235,0.01335159,-0.9986126,0.2185922,-0.006124581,-0.2128083,0.5234657,0.6157356,-5.388145,0.5796003,0.376814,1.915001,-0.9109012,6.988473e-05,-0.4126249,-0.04446862,0.9941592,0.09833624,0.4102217,0.1079234,-0.9055777,moving,-4.99193,-17.2965,16.83914,11.13186,-7.231547581036658,2.301740247863,35.843650339139565,25.63920855761645,144.730919326327
682,05/05/2023 11:21:54.345925,864,True,True,True,True,Eyes,0.2405557,0.04216818,-3.453155,0.08553727,0.2966028,-0.9511625,0.0,0.0,0.0,0.0,0.0,0.0,0.0,-1.182966,0.3183874,-3.24175,0.2920718,0.03259828,-3.45302,-0.01433683,0.975231,0.05303614,0.2142577,353.7084,155.2346,359.6982,0.05270899,0.01324334,-0.9985214,0.2054767,-0.005757106,-0.2000398,0.544057,0.6166241,-5.387599,0.5796003,0.3794898,1.915001,-0.9077765,-0.005236652,-0.4194221,-0.05069024,0.9939632,0.09730141,0.4163806,0.1095885,-0.9025619,moving,-5.13874,-17.31915,16.83913,11.20891,-7.239314525851132,2.3043479572819394,36.012178177673455,25.67221681034004,144.56917843497484
683,05/05/2023 11:21:54.355806,865,True,True,True,True,Eyes,0.243362,0.04204337,-3.453565,0.08810825,0.2967991,-0.9508666,0.0,0.0,0.0,0.0,0.0,0.0,0.0,-1.201133,0.2914508,-3.238921,0.3018605,0.03319404,-3.453412,-0.01639474,0.9745054,0.04947624,0.218226,354.0544,154.7864,359.4032,0.05438773,0.01313727,-0.9984329,0.1931481,-0.00541168,-0.1880374,0.5686947,0.6057894,-5.389972,0.5796009,0.3823111,1.915002,-0.9042172,-0.01035951,-0.4269471,-0.05354752,0.9945666,0.08927421,0.4237025,0.1035852,-0.899859,moving,-5.293967,-17.33499,16.83914,11.2901,-7.247951698514695,2.3075176448676062,36.18383897517715,25.70748475170979,144.40460919256984
684,05/05/2023 11:21:54.376204,866,True,True,True,True,Eyes,0.2464591,0.04192533,-3.454029,0.09080187,0.2976727,-0.9503399,0.0,0.0,0.0,0.0,0.0,0.0,0.0,-1.220179,0.2749271,-3.234601,0.3115159,0.037138,-3.453787,-0.02065084,0.973583,0.04823074,0.2222241,354.0828,154.3405,358.9185,0.05597802,0.01303801,-0.9983463,0.1815592,-0.005086979,-0.1767551,0.5907542,0.60635,-5.390085,0.5796002,0.3847919,1.915001,-0.9003804,-0.01877455,-0.4346993,-0.06164669,0.9944947,0.08473503,0.4307153,0.1030915,-0.8965808,moving,-5.457856,-17.392,16.83913,11.36147,-7.254959659478125,2.308814915123637,36.38567879983959,25.738603703478333,144.21075192254474
685,05/05/2023 11:21:54.396293,867,True,True,True,True,Eyes,0.2498178,0.04179438,-3.454459,0.09363446,0.2981114,-0.9499274,0.0,0.0,0.0,0.0,0.0,0.0,0.0,-1.229323,0.3268914,-3.229055,0.3217878,0.03706342,-3.455426,-0.02654647,0.9724678,0.05655281,0.2245068,352.9976,154.0932,358.4852,0.05749786,0.01294497,-0.9982612,0.1706656,-0.00478176,-0.1661498,0.6020278,0.639731,-5.38196,0.5796002,0.3874393,1.915001,-0.8977838,-0.02623818,-0.4396539,-0.07702415,0.9921941,0.09807186,0.4336488,0.1219113,-0.8927968,moving,-5.629467,-17.42319,16.83913,11.43758,-7.263791675523523,2.311623374198632,36.57570089747166,25.772735936109495,144.02863255958619
686,05/05/2023 11:21:54.416066,868,True,True,True,True,Eyes,0.2534267,0.04181275,-3.454901,0.09686517,0.298363,-0.9495244,0.0,0.0,0.0,0.0,0.0,0.0,0.0,-1.237521,0.2907107,-3.229923,0.3313606,0.03671878,-3.45503,-0.02634963,0.9721559,0.05118801,0.2271527,353.5984,153.7868,358.3868,0.05896132,0.01285721,-0.998177,0.1604257,-0.004494855,-0.1561808,0.6239218,0.6215805,-5.385761,0.5795999,0.3901482,1.914999,-0.8954147,-0.02797692,-0.4443531,-0.07448689,0.993371,0.08755467,0.438958,0.1114962,-0.8915628,moving,-5.824845,-17.44395,16.83913,11.51543,-7.274619818296708,2.315571076875547,36.77365161069846,25.809113400208023,143.8391646510554
687,05/05/2023 11:21:54.428776,869,True,True,True,True,Eyes,0.2572946,0.04188689,-3.455349,0.1000821,0.2990479,-0.9489752,0.0,0.0,0.0,0.0,0.0,0.0,0.0,-1.246437,0.2673807,-3.230115,0.3413263,0.04040351,-3.455518,-0.0271694,0.9716458,0.04840956,0.2298327,353.8828,153.4778,358.2396,0.06038067,0.01277852,-0.9980931,0.1508001,-0.004225163,-0.14681,0.6445935,0.6171939,-5.387573,0.5796007,0.3928483,1.915002,-0.8928778,-0.03054587,-0.4492624,-0.07505026,0.9938367,0.08158504,0.4440014,0.1065627,-0.8896672,moving,-6.020349,-17.49106,16.83913,11.59296,-7.284074779444014,2.3181816218084466,36.99237758663048,25.844738783658855,143.6297051470463
688,05/05/2023 11:21:54.446243,870,True,True,True,True,Eyes,0.261376,0.0420506,-3.455779,0.1038109,0.2993667,-0.948474,0.0,0.0,0.0,0.0,0.0,0.0,0.0,-1.255363,0.3044574,-3.225134,0.3513699,0.04171725,-3.456142,-0.02903865,0.9706987,0.05422348,0.2322946,353.1794,153.1909,358.2003,0.06176782,0.0127096,-0.9980091,0.1417521,-0.003971654,-0.1380014,0.6606259,0.6435972,-5.380124,0.5796007,0.3955208,1.915002,-0.8903922,-0.03118391,-0.4541252,-0.0815672,0.9924331,0.09177827,0.447827,0.1187604,-0.8861983,moving,-6.246185,-17.51725,16.83913,11.66967,-7.296475991692177,2.3226331538612905,37.213009388325816,25.882321657635003,143.41883372410564
689,05/05/2023 11:21:54.455837,871,True,True,True,True,Eyes,0.265687,0.04238812,-3.456239,0.1076535,0.299873,-0.9478855,0.0,0.0,0.0,0.0,0.0,0.0,0.0,-1.26746,0.2791001,-3.223474,0.3609248,0.04367438,-3.455858,-0.02752561,0.9701533,0.0506179,0.235548,353.6166,152.801,358.2954,0.06313249,0.01265203,-0.9979244,0.133247,-0.003733354,-0.1297213,0.6856334,0.6351245,-5.381104,0.5796006,0.3983165,1.915002,-0.8875192,-0.02956223,-0.4598219,-0.077254,0.9933603,0.08524703,0.4542487,0.1111814,-0.8839102,moving,-6.479448,-17.55529,16.83913,11.74987,-7.308709178411641,2.3266721036706124,37.450613914429816,25.92131932560183,143.19184078332765
690,05/05/2023 11:21:54.475871,872,True,True,True,True,Eyes,0.2702022,0.04282351,-3.456724,0.1117751,0.3009243,-0.9470749,0.0,0.0,0.0,0.0,0.0,0.0,0.0,-1.281986,0.2843626,-3.219744,0.3706246,0.04857419,-3.457078,-0.02563219,0.9692941,0.05183213,0.2390092,353.5271,152.3778,358.5633,0.0644836,0.01260966,-0.9978386,0.1252522,-0.003509353,-0.121938,0.7103702,0.6481108,-5.377731,0.5796006,0.4007712,1.915001,-0.8844353,-0.02491354,-0.4659977,-0.07446697,0.9933128,0.08822849,0.4606834,0.1127338,-0.8803761,moving,-6.730993,-17.62717,16.83914,11.82026,-7.320284002509917,2.3294578753885307,37.718726161451805,25.95675428672818,142.93561270382014
691,05/05/2023 11:21:54.495916,873,True,True,True,True,Eyes,0.2749066,0.04331511,-3.457244,0.1160045,0.3020412,-0.9462104,0.0,0.0,0.0,0.0,0.0,0.0,0.0,-1.294585,0.3282013,-3.212816,0.3800755,0.0512307,-3.458145,-0.02522098,0.9681805,0.05852583,0.2420024,352.7884,152.0069,358.8154,0.06582794,0.01258379,-0.9977512,0.1177371,-0.003298792,-0.1146218,0.7298975,0.6772855,-5.368507,0.5796002,0.4008,1.915001,-0.8815976,-0.02051014,-0.4715561,-0.0771637,0.9918772,0.1011201,0.4656518,0.1255342,-0.8760193,moving,-6.989531,-17.70368,16.83913,11.82109,-7.332042694121731,2.332187220382895,37.9409689992997,25.96699569395892,142.72333878042156
692,05/05/2023 11:21:54.505987,874,True,True,True,True,Eyes,0.2797787,0.04388046,-3.457825,0.1204846,0.303351,-0.945231,0.0,0.0,0.0,0.0,0.0,0.0,0.0,-1.306073,0.3374939,-3.20977,0.3892524,0.05302511,-3.459483,-0.02271387,0.9674249,0.05977016,0.2449507,352.7168,151.6367,359.1528,0.06717149,0.01257435,-0.9976618,0.1106728,-0.003100865,-0.1077444,0.7528538,0.6848192,-5.365378,0.5796003,0.4008,1.915001,-0.8789665,-0.01466644,-0.476658,-0.07322939,0.9918233,0.1045187,0.4712275,0.1267738,-0.8728534,static,-7.264081,-17.79288,16.83914,11.82109,-7.344112937661569,2.334681119931722,38.183143947764975,25.97733004153343,142.4922795352874
693,05/05/2023 11:21:54.526057,875,True,True,True,True,Eyes,0.284815,0.04445716,-3.458448,0.1249621,0.3048805,-0.9441569,0.0,0.0,0.0,0.0,0.0,0.0,0.0,-1.315558,0.3614234,-3.206431,0.3984416,0.05529433,-3.461316,-0.02123513,0.9665844,0.06332994,0.2474936,352.3606,151.3134,359.439,0.06851888,0.0125818,-0.99757,0.1040325,-0.002914813,-0.1012798,0.7724266,0.7014711,-5.360366,0.5796002,0.4007999,1.915001,-0.876592,-0.009703585,-0.4811364,-0.0723986,0.9910768,0.1119163,0.4757572,0.1329386,-0.8694726,static,-7.539453,-17.89594,16.83913,11.82108,-7.355506984366806,2.3364910340798994,38.43717714359743,25.987263931736702,142.25014730410066
694,05/05/2023 11:21:54.546039,876,True,True,True,True,Eyes,0.4140032,0.05800892,-3.47562,0.241101,0.3317128,-0.912051,0.0,0.0,0.0,0.0,0.0,0.0,0.0,-1.325307,0.3853252,-3.202561,0.4073648,0.05607071,-3.462978,-0.02093464,0.9657104,0.06683293,0.2499973,351.9782,151.0009,359.594,0.06987387,0.01260474,-0.9974758,0.09779052,-0.002739924,-0.09520299,0.790421,0.7161093,-5.355442,0.5796005,0.4008,1.915001,-0.8741264,-0.00701751,-0.4856482,-0.0738497,0.9901902,0.1186153,0.4800517,0.1395497,-0.8660697,static,-14.80744,-19.98631,16.83914,11.82108,-7.689234690550883,2.4162940102730377,44.86887656615106,26.26958630189333,136.2448317593546
695,05/05/2023 11:21:54.555873,877,True,True,True,True,Eyes,0.414367,0.05800731,-3.475698,0.2412619,0.3316399,-0.9120349,0.0,0.0,0.0,0.0,0.0,0.0,0.0,-1.336414,0.3840583,-3.201221,0.4162388,0.05582469,-3.464815,-0.02089734,0.9650264,0.06656548,0.2526984,352.0079,150.6794,359.6129,0.0747331,0.01300368,-0.9971184,0.4794878,0.03807976,-0.1410064,0.8101767,0.7150993,-5.355311,0.5796005,0.4008,1.915001,-0.8714138,-0.006690976,-0.4905033,-0.07397494,0.9902647,0.1179134,0.4849392,0.1390363,-0.8634252,static,-14.81714,-19.9826,16.83914,11.82108,-7.690020713457342,2.4167311544249386,44.873089095590466,26.27016373218652,136.24098345709987
696,05/05/2023 11:21:54.576139,878,True,True,True,True,Eyes,0.4150711,0.0580239,-3.475843,0.2417759,0.3312463,-0.9120418,0.0,0.0,0.0,0.0,0.0,0.0,0.0,-1.346785,0.3755006,-3.201164,0.4252805,0.05582038,-3.466743,-0.02281639,0.9643939,0.06553611,0.2552038,352.0649,150.3979,359.3892,0.07910398,0.01336153,-0.9967765,0.4507186,0.03579498,-0.132546,0.8276374,0.7110085,-5.356886,0.5796001,0.4008001,1.915,-0.8687008,-0.01055785,-0.4952245,-0.07745811,0.9903689,0.1147596,0.4892434,0.1380509,-0.8611521,static,-14.84721,-19.96062,16.83913,11.82109,-7.6930065343114595,2.4186193521859347,44.87873921045131,26.272270119293157,136.2358270782624
697,05/05/2023 11:21:54.596117,879,True,True,True,True,Eyes,0.4161254,0.05807381,-3.476057,0.2424358,0.3308278,-0.9120186,0.0,0.0,0.0,0.0,0.0,0.0,0.0,-1.361118,0.3574357,-3.200085,0.4343776,0.05640831,-3.468296,-0.02664754,0.9636185,0.06350613,0.2582563,352.1746,150.0672,358.9268,0.08305582,0.01368374,-0.9964505,0.4236754,0.03364728,-0.1245932,0.8458389,0.7033893,-5.359306,0.5796001,0.4008,1.915,-0.8651873,-0.0185544,-0.5011055,-0.08415783,0.9905138,0.1086276,0.4943365,0.1361551,-0.8585414,static,-14.88629,-19.93786,16.83913,11.82109,-7.69658274905732,2.4207779781678456,44.89023478752255,26.274837130076676,136.22530509025617
698,05/05/2023 11:21:54.615945,880,True,True,True,True,Eyes,0.4174899,0.05813415,-3.476362,0.2434248,0.3303579,-0.9119254,0.0,0.0,0.0,0.0,0.0,0.0,0.0,-1.378584,0.3465275,-3.197075,0.4437673,0.05732282,-3.470107,-0.03200478,0.9625692,0.06279302,0.2617123,352.0888,149.6942,358.3369,0.08664043,0.01397483,-0.9961413,0.3982549,0.03162844,-0.1171176,0.864026,0.7010553,-5.360291,0.5796002,0.4008,1.915,-0.8609649,-0.02874621,-0.5078517,-0.09448103,0.9900655,0.1041332,0.499813,0.1376373,-0.8551275,static,-14.94577,-19.91364,16.83913,11.82109,-7.701479666845418,2.423533326784239,44.91517512136516,26.27842450084801,136.20244792229403
699,05/05/2023 11:21:54.626173,881,True,True,True,True,Eyes,0.4191774,0.0581704,-3.476745,0.2445102,0.3299933,-0.9117671,0.0,0.0,0.0,0.0,0.0,0.0,0.0,-1.396201,0.3502146,-3.192646,0.4530494,0.05773406,-3.472236,-0.0379264,0.9613408,0.06420941,0.2650711,351.7461,149.3322,357.7484,0.08990327,0.01423819,-0.9958484,0.3743596,0.02973074,-0.1100906,0.8803433,0.7064598,-5.359133,0.5796002,0.4008,1.915001,-0.856598,-0.03888027,-0.5145178,-0.1069605,0.9888775,0.1033479,0.5047769,0.1435606,-0.8512291,static,-15.0119,-19.89657,16.83913,11.82108,-7.706407472560857,2.426095275677351,44.949943643828966,26.282106989112293,136.17056998525396
700,05/05/2023 11:21:54.646236,882,True,True,True,True,Eyes,0.4211507,0.05817417,-3.477219,0.245967,0.3295204,-0.9115462,0.0,0.0,0.0,0.0,0.0,0.0,0.0,-1.410791,0.3529876,-3.189669,0.4624259,0.05721821,-3.474451,-0.04232942,0.9602701,0.06513269,0.2680436,351.5016,149.0073,357.3122,0.09288534,0.01447585,-0.9955712,0.351898,0.02794689,-0.1034851,0.8968709,0.7093033,-5.358554,0.5796003,0.4008001,1.915,-0.8527219,-0.04637855,-0.5203025,-0.1162121,0.9879319,0.1023977,0.5092744,0.1477822,-0.8478208,static,-15.10076,-19.87473,16.83914,11.82109,-7.71297154743705,2.4294819944170154,44.997580129184726,26.28704019794397,136.12687537375285
701,05/05/2023 11:21:54.655859,883,True,True,True,True,Eyes,0.4234179,0.05818746,-3.477743,0.2476664,0.3289897,-0.9112778,0.0,0.0,0.0,0.0,0.0,0.0,0.0,-1.425385,0.3503666,-3.187221,0.4718449,0.05655254,-3.476639,-0.0446885,0.9593022,0.06497296,0.2711473,351.4373,148.6533,357.0724,0.0956222,0.01468941,-0.9953089,0.3307842,0.02627008,-0.09727604,0.9164078,0.7082229,-5.358524,0.5796008,0.4007999,1.915002,-0.8489645,-0.05050508,-0.5260314,-0.120974,0.9875629,0.1004231,0.5144173,0.1488917,-0.8445156,static,-15.20455,-19.85061,16.83914,11.82108,-7.720565683048478,2.433367058398309,45.054345143084696,26.292742297293366,136.07479762767716
702,05/05/2023 11:21:54.681036,884,True,True,True,True,Eyes,0.4259851,0.0582281,-3.478319,0.2498418,0.3283334,-0.9109205,0.0,0.0,0.0,0.0,0.0,0.0,0.0,-1.445499,0.3398358,-3.182543,0.4810653,0.05682862,-3.478345,-0.04585123,0.9581804,0.0636997,0.2751915,351.5291,148.1783,356.9395,0.09814724,0.01488156,-0.9950603,0.3109371,0.02469387,-0.09143948,0.9411401,0.7041767,-5.357993,0.5796,0.4008,1.915,-0.8443345,-0.05280826,-0.5332076,-0.1229267,0.98768,0.09683585,0.5215248,0.1473073,-0.8404239,static,-15.33757,-19.82126,16.83913,11.82109,-7.730216627765087,2.4382667601214667,45.128464813380255,26.300003149544988,136.00675701481163
703,05/05/2023 11:21:54.696958,885,True,True,True,True,Eyes,0.4288214,0.05826435,-3.478957,0.2522274,0.3277005,-0.910491,0.0,0.0,0.0,0.0,0.0,0.0,0.0,-1.470234,0.3325138,-3.175655,0.4902086,0.05756544,-3.48042,-0.04801182,0.9567705,0.06314069,0.2798184,351.5068,147.6391,356.723,0.1004897,0.01505519,-0.9948238,0.2922809,0.02321224,-0.08595311,0.9668237,0.7033824,-5.356469,0.5795999,0.4008001,1.915,-0.8387929,-0.05653673,-0.5415069,-0.1272084,0.9874162,0.09395311,0.529381,0.1476915,-0.8354297,static,-15.48398,-19.79463,16.83913,11.82109,-7.74054168494202,2.4433710244408564,45.21434718306237,26.30782912602449,135.9279142315926
704,05/05/2023 11:21:54.705857,886,True,True,True,True,Eyes,0.4318997,0.05828222,-3.479663,0.2550388,0.3268279,-0.9100213,0.0,0.0,0.0,0.0,0.0,0.0,0.0,-1.493048,0.3272355,-3.169299,0.4993986,0.05752087,-3.482531,-0.05011344,0.9554121,0.06274906,0.2841462,351.4669,147.1343,356.5159,0.1026747,0.01521195,-0.9945983,0.274744,0.02181951,-0.08079592,0.9913422,0.7024693,-5.354919,0.5796002,0.4008,1.915001,-0.8334995,-0.06009817,-0.5492424,-0.1314178,0.9871024,0.09142333,0.5366642,0.1483815,-0.8306473,static,-15.65584,-19.7554,16.83912,11.82108,-7.7530792330947875,2.449768019489944,45.31000457506046,26.317251971972286,135.84002117126144
705,05/05/2023 11:21:54.726009,887,True,True,True,True,Eyes,0.4352183,0.05831909,-3.480414,0.2580788,0.3258746,-0.909506,0.0,0.0,0.0,0.0,0.0,0.0,0.0,-1.512802,0.3104948,-3.165295,0.5084959,0.05722065,-3.48457,-0.0504249,0.9543443,0.06038756,0.2881626,351.702,146.6551,356.4401,0.104725,0.015353,-0.9943824,0.2582594,0.02051034,-0.07594816,1.017188,0.6938243,-5.355338,0.5796005,0.4008001,1.915,-0.8288393,-0.06144255,-0.5561027,-0.1310483,0.9876213,0.08619991,0.5439225,0.1443222,-0.8266314,static,-15.84167,-19.71253,16.83914,11.82109,-7.766659562289901,2.4567079548241324,45.413704237383016,26.327495573783658,135.74469535279627
706,05/05/2023 11:21:54.745942,888,True,True,True,True,Eyes,0.4387552,0.05836259,-3.481238,0.2614263,0.3249243,-0.9088897,0.0,0.0,0.0,0.0,0.0,0.0,0.0,-1.532861,0.2979491,-3.160342,0.5174757,0.05773684,-3.486413,-0.04986017,0.9532413,0.05862737,0.2922462,351.8992,146.1602,356.4796,0.1066604,0.0154804,-0.9941747,0.2427638,0.01927972,-0.07139128,1.043699,0.688407,-5.354339,0.5796,0.4008002,1.915,-0.8242123,-0.06079029,-0.5630085,-0.1293248,0.9881536,0.08262918,0.5513158,0.1409149,-0.8223101,static,-16.04696,-19.67176,16.83913,11.8211,-7.781316703040354,2.4640394470837084,45.53345085173866,26.338583448017715,135.63458642490426
707,05/05/2023 11:21:54.756226,889,True,True,True,True,Eyes,0.4425072,0.05840074,-3.482113,0.2650118,0.3239959,-0.9081824,0.0,0.0,0.0,0.0,0.0,0.0,0.0,-1.552921,0.2974572,-3.154527,0.5265162,0.05797897,-3.488626,-0.04869186,0.9520715,0.05846293,0.2962618,351.9421,145.6671,356.6374,0.1084985,0.01559568,-0.9939739,0.228198,0.01812293,-0.0671078,1.06976,0.6889091,-5.351584,0.5796,0.4008001,1.915,-0.8197161,-0.0580756,-0.5698182,-0.1273569,0.9884224,0.0824707,0.5584314,0.1401729,-0.817622,static,-16.26749,-19.63396,16.83913,11.82109,-7.796747686193503,2.47161016428244,45.66692959163009,26.350317693864266,135.51182600650623
708,05/05/2023 11:21:54.776201,890,True,True,True,True,Eyes,0.4464814,0.05842146,-3.483036,0.2688969,0.3229662,-0.9074069,0.0,0.0,0.0,0.0,0.0,0.0,0.0,-1.574473,0.2973091,-3.147662,0.5353201,0.05785875,-3.490734,-0.04636553,0.9508695,0.05813139,0.3005298,352.0436,145.1352,356.9187,0.110255,0.01569988,-0.993779,0.2145061,0.01703556,-0.06308133,1.09772,0.6884447,-5.348117,0.5796003,0.4008001,1.915,-0.8150641,-0.0532347,-0.5769197,-0.1231155,0.9889419,0.08268227,0.5661386,0.1384192,-0.812605,static,-16.50643,-19.59177,16.83914,11.82109,-7.813531548723587,2.479875683848654,45.81151396760972,26.363089716296845,135.3787776955946
709,05/05/2023 11:21:54.796289,891,True,True,True,True,Eyes,0.4506457,0.05842691,-3.484019,0.2730252,0.3219183,-0.9065461,0.0,0.0,0.0,0.0,0.0,0.0,0.0,-1.596559,0.2946734,-3.140794,0.5441058,0.05744131,-3.493002,-0.04331247,0.9496726,0.05727912,0.3049017,352.2295,144.5865,357.2617,0.1119437,0.01579356,-0.9935887,0.2016357,0.01601342,-0.05929645,1.126975,0.685589,-5.344893,0.5795999,0.4008001,1.915001,-0.8103181,-0.04733633,-0.5840753,-0.1171943,0.9896863,0.08238075,0.5741518,0.1352049,-0.8075082,static,-16.76077,-19.55016,16.83912,11.82109,-7.831224259484754,2.488506101724799,45.96855375770049,26.376561718689533,135.23422429199317
710,05/05/2023 11:21:54.805705,892,True,True,True,True,Eyes,0.4549698,0.05840991,-3.485083,0.2773562,0.3208059,-0.9056253,0.0,0.0,0.0,0.0,0.0,0.0,0.0,-1.620055,0.2914268,-3.133256,0.5527132,0.05706207,-3.495434,-0.04079078,0.9483737,0.05642674,0.3094181,352.3992,144.024,357.5454,0.1135763,0.01587729,-0.9934021,0.1895376,0.01505262,-0.05573867,1.156093,0.6826687,-5.341605,0.5795996,0.4008002,1.915,-0.8051931,-0.0424509,-0.5914911,-0.1122887,0.9903043,0.08178447,0.5822844,0.1322701,-0.8021529,static,-17.0277,-19.50603,16.83912,11.8211,-7.849816891985911,2.4975871446591618,46.13405001676419,26.390746424081467,135.08179853699355
711,05/05/2023 11:21:54.826024,893,True,True,True,True,Eyes,0.4594705,0.0583583,-3.486212,0.281813,0.3196774,-0.9046479,0.0,0.0,0.0,0.0,0.0,0.0,0.0,-1.641523,0.2840946,-3.12714,0.5612567,0.05656511,-3.498013,-0.03895467,0.9471632,0.05505409,0.313582,352.6043,143.5098,357.7308,0.1151627,0.01595139,-0.9932184,0.1781653,0.01414946,-0.05239435,1.183336,0.6774627,-5.339563,0.5795997,0.4008,1.915001,-0.800298,-0.03926491,-0.5983158,-0.1083208,0.9909031,0.07985944,0.5897374,0.1287214,-0.797271,static,-17.30269,-19.46199,16.83912,11.82109,-7.868896385891707,2.506870030233962,46.306525289234344,26.40531702840702,134.92286484019067
712,05/05/2023 11:21:54.845736,894,True,True,True,True,Eyes,0.4641635,0.05826018,-3.487401,0.2857223,0.318576,-0.9038097,0.0,0.0,0.0,0.0,0.0,0.0,0.0,-1.659626,0.2797662,-3.122513,0.5698979,0.0556847,-3.50069,-0.03797587,0.9460557,0.05416392,0.3171795,352.7283,143.0686,357.8337,0.1167125,0.01601582,-0.9930364,0.1674754,0.01330049,-0.04925068,1.207406,0.673635,-5.33795,0.5796006,0.4008,1.915001,-0.7959102,-0.0374952,-0.6042528,-0.1062139,0.9912483,0.07839382,0.5960251,0.1265745,-0.792927,static,-17.54337,-19.4166,16.83914,11.82108,-7.885954066027363,2.515342891270754,46.45373661700961,26.418308418797032,134.78701064790212
713,05/05/2023 11:21:54.856401,895,True,True,True,True,Eyes,0.4690193,0.05811503,-3.488658,0.2897384,0.3175103,-0.9029058,0.0,0.0,0.0,0.0,0.0,0.0,0.0,-1.675372,0.2799806,-3.118884,0.5787678,0.05446336,-3.503535,-0.03755153,0.9450055,0.05394261,0.3203823,352.7607,142.677,357.8967,0.1182337,0.01607015,-0.9928555,0.1574269,0.01250246,-0.04629564,1.229313,0.6720148,-5.336353,0.5796004,0.4008,1.915,-0.7918901,-0.03640828,-0.6095774,-0.1055373,0.9913601,0.07789043,0.6014748,0.1260138,-0.7888907,static,-17.7912,-19.37442,16.83914,11.82109,-7.903279603884628,2.5238355796894383,46.60922969408205,26.431539259200903,134.64350504520252
714,05/05/2023 11:21:54.876488,896,True,True,True,True,Eyes,0.4740572,0.05793021,-3.489975,0.293332,0.3165886,-0.9020687,0.0,0.0,0.0,0.0,0.0,0.0,0.0,-1.691852,0.280516,-3.114801,0.5874436,0.05318181,-3.506439,-0.03691864,0.9439222,0.05372982,0.3236682,352.8,142.2735,357.9832,0.1197336,0.01611404,-0.9926751,0.1479813,0.01175231,-0.0435179,1.251523,0.6703497,-5.334527,0.5796002,0.4008001,1.915001,-0.787752,-0.03491537,-0.6150026,-0.1044779,0.9915003,0.07753474,0.6070681,0.1253323,-0.7847042,static,-18.01333,-19.33895,16.83913,11.82109,-7.918686067555591,2.5313287501447816,46.75085091047221,26.443319014719492,134.5127825233195
715,05/05/2023 11:21:54.896184,897,True,True,True,True,Eyes,0.6039211,0.051994,-3.524825,0.3853313,0.293851,-0.8747408,0.0,0.0,0.0,0.0,0.0,0.0,0.0,-1.70918,0.2826111,-3.110335,0.59628,0.05199669,-3.509571,-0.03637698,0.94277,0.05376846,0.3270635,352.809,141.8562,358.0697,0.1212193,0.01614737,-0.9924942,0.1391024,0.01104718,-0.04090683,1.274099,0.6697644,-5.332407,0.5796005,0.4008,1.915002,-0.7834126,-0.03341883,-0.6206033,-0.1037616,0.9915713,0.07758741,0.6127796,0.1251777,-0.7802771,static,-23.77393,-18.56871,16.83913,11.82108,-8.310388212963526,2.7180416656045607,50.724352916599145,26.7462814847533,130.8254019837802
716,05/05/2023 11:21:54.906109,898,True,True,True,True,Eyes,0.6042858,0.05193838,-3.52496,0.3852384,0.29388,-0.8747719,0.0,0.0,0.0,0.0,0.0,0.0,0.0,-1.728836,0.2863891,-3.104433,0.6051397,0.05048181,-3.512784,-0.03610656,0.9414663,0.05405978,0.3307797,352.7801,141.4001,358.1387,0.1263651,0.01598009,-0.9918548,0.520348,-0.007424282,-0.1429999,1.297557,0.6698906,-5.329566,0.5796003,0.4008,1.915001,-0.7785624,-0.03222246,-0.6267397,-0.10375,0.9915477,0.07790428,0.618932,0.1256775,-0.7753248,static,-23.76808,-18.56979,16.83913,11.82108,-8.309974825420243,2.717836906085495,50.72031627800639,26.745962468134852,130.82917653892227
717,05/05/2023 11:21:54.925679,899,True,True,True,True,Eyes,0.604994,0.05186646,-3.525247,0.3854197,0.2939071,-0.874683,0.0,0.0,0.0,0.0,0.0,0.0,0.0,-1.749403,0.2847278,-3.098705,0.6140485,0.04905874,-3.516246,-0.03575486,0.9401457,0.05357597,0.3346302,352.8384,140.9286,358.188,0.1306974,0.01583414,-0.9912956,0.4891271,-0.006978825,-0.1344199,1.322003,0.6670879,-5.327501,0.5795999,0.4008001,1.915,-0.7734886,-0.03137327,-0.6330335,-0.1030858,0.9917024,0.07680912,0.625371,0.1246677,-0.7703047,static,-23.78017,-18.57315,16.83912,11.82109,-8.310536112064165,2.7179756191710127,50.732007108744476,26.74643703347311,130.81855155606993
718,05/05/2023 11:21:54.946089,900,True,True,True,True,Eyes,0.6060501,0.05176719,-3.525679,0.3854721,0.2941381,-0.8745822,0.0,0.0,0.0,0.0,0.0,0.0,0.0,-1.768991,0.2839754,-3.093849,0.6229079,0.04859472,-3.520155,-0.03591078,0.9388518,0.05343068,0.3382499,352.8412,140.4868,358.1932,0.1345501,0.01570171,-0.9907821,0.4597795,-0.006560096,-0.1263547,1.344848,0.6665888,-5.325893,0.5796001,0.4008,1.915001,-0.7685951,-0.03128396,-0.6389704,-0.1035756,0.9917112,0.07603335,0.6312955,0.1246206,-0.7654646,static,-23.78549,-18.58874,16.83913,11.82108,-8.31004358708194,2.717318827411728,50.745609687704025,26.74620346143926,130.80683789387808
719,05/05/2023 11:21:54.956072,901,True,True,True,True,Eyes,0.6074241,0.0516226,-3.526264,0.3857245,0.2944718,-0.8743585,0.0,0.0,0.0,0.0,0.0,0.0,0.0,-1.784627,0.2975514,-3.090144,0.6319668,0.0477635,-3.524308,-0.03650615,0.9376538,0.05531297,0.3411938,352.609,140.1237,358.2251,0.1380427,0.01557931,-0.9903035,0.4321927,-0.00616649,-0.1187734,1.363856,0.6735861,-5.323333,0.5796006,0.4008,1.915001,-0.7645085,-0.03071539,-0.6438817,-0.1062052,0.9912155,0.07881749,0.6358047,0.1286402,-0.7610549,static,-23.80474,-18.61281,16.83914,11.82108,-8.30995625743756,2.716587425437086,50.775453144078384,26.746379710273526,130.78055686660605
720,05/05/2023 11:21:54.976371,902,True,True,True,True,Eyes,0.609116,0.05142586,-3.526998,0.3859444,0.2949428,-0.8741028,0.0,0.0,0.0,0.0,0.0,0.0,0.0,-1.799142,0.3092394,-3.087276,0.6409036,0.04649511,-3.528583,-0.03621798,0.9365626,0.05669963,0.3439825,352.4655,139.775,358.3333,0.1412191,0.01546464,-0.9898574,0.4062612,-0.0057965,-0.111647,1.383173,0.6780539,-5.321339,0.5796002,0.4008002,1.915,-0.7607286,-0.02883346,-0.6484293,-0.1068482,0.9909468,0.0812888,0.6402152,0.1311222,-0.7569224,static,-23.82299,-18.6456,16.83914,11.82109,-8.309350968177059,2.7153868397218264,50.80972363330665,26.74622268694372,130.7506698755978
721,05/05/2023 11:21:54.996163,903,True,True,True,True,Eyes,0.6110972,0.05116634,-3.527898,0.3863959,0.2954642,-0.8737271,0.0,0.0,0.0,0.0,0.0,0.0,0.0,-1.814222,0.3201718,-3.08441,0.6498657,0.04497981,-3.533149,-0.03521443,0.9354696,0.05781443,0.3468634,352.3803,139.4106,358.5098,0.1441191,0.01535541,-0.989441,0.3818855,-0.005448711,-0.1049482,1.403651,0.6810886,-5.319479,0.5796003,0.4008001,1.915001,-0.7568918,-0.02577665,-0.653032,-0.1059915,0.9908349,0.08373809,0.6448885,0.1325965,-0.7526869,static,-23.85686,-18.68375,16.83914,11.82109,-8.309417449986093,2.7143136352566324,50.85970585272392,26.746650586058422,130.7065842913004
722,05/05/2023 11:21:55.005846,904,True,True,True,True,Eyes,0.6133546,0.05087125,-3.528955,0.3872427,0.2961035,-0.8731357,0.0,0.0,0.0,0.0,0.0,0.0,0.0,-1.830196,0.3302689,-3.081333,0.6587145,0.0431799,-3.538014,-0.0338906,0.9343495,0.05871181,0.3498506,352.3323,139.0312,358.7135,0.1467781,0.01524927,-0.9890516,0.3589724,-0.005121788,-0.09865131,1.424818,0.6829143,-5.317796,0.5796001,0.4008002,1.915,-0.7529121,-0.02225061,-0.6577449,-0.104412,0.9908087,0.0860014,0.6497858,0.133428,-0.748315,static,-23.91767,-18.73316,16.83913,11.82109,-8.310536919179336,2.7133575990647865,50.937991119620136,26.74801928428923,130.6369886604532
723,05/05/2023 11:21:55.025763,905,True,True,True,True,Eyes,0.6158807,0.05055272,-3.530178,0.388306,0.2967589,-0.8724406,0.0,0.0,0.0,0.0,0.0,0.0,0.0,-1.847648,0.3287565,-3.078534,0.6674452,0.04216578,-3.542878,-0.03258981,0.9332241,0.05808675,0.3530676,352.4478,138.6292,358.8549,0.1492267,0.01514486,-0.9886867,0.337434,-0.004814481,-0.09273224,1.44746,0.6796138,-5.317431,0.5796007,0.4008,1.915001,-0.7485626,-0.0198101,-0.6627685,-0.1018443,0.9911277,0.08540308,0.6551964,0.1314287,-0.7439387,static,-23.9929,-18.78563,16.83914,11.82108,-8.31237550270285,2.7126152090203965,51.02965988114853,26.750006783760202,130.55526543134815
724,05/05/2023 11:21:55.045918,906,True,True,True,True,Eyes,0.6186661,0.05024213,-3.531574,0.3895265,0.2976173,-0.8716037,0.0,0.0,0.0,0.0,0.0,0.0,0.0,-1.866327,0.3309401,-3.074954,0.6762633,0.04143782,-3.548096,-0.03212031,0.9319748,0.05817138,0.3563812,352.454,138.2171,358.936,0.1514922,0.01504131,-0.9883438,0.317188,-0.004525612,-0.0871683,1.469405,0.6795118,-5.316596,0.5796005,0.4007999,1.915001,-0.7439216,-0.01840826,-0.6680135,-0.101333,0.9911687,0.08553438,0.6605396,0.1313227,-0.7392173,static,-24.08024,-18.85296,16.83914,11.82108,-8.314173937526878,2.711427056655181,51.13992950235657,26.752102324639363,130.45725719006998
725,05/05/2023 11:21:55.055857,907,True,True,True,True,Eyes,0.6217845,0.04991863,-3.533069,0.393267,0.3004062,-0.8689632,0.0,0.0,0.0,0.0,0.0,0.0,0.0,-1.885041,0.3513954,-3.06973,0.6852525,0.0409295,-3.55371,-0.03286326,0.9305393,0.06107139,0.3595648,352.1089,137.8153,359.0026,0.1535996,0.01493867,-0.9880199,0.2981567,-0.004254075,-0.0819382,1.488448,0.6907936,-5.313357,0.5796003,0.4008002,1.915,-0.7392662,-0.01724286,-0.6731924,-0.1050793,0.9903806,0.09002572,0.6651644,0.1372916,-0.7339668,static,-24.3501,-19.0706,16.83914,11.82109,-8.319227267040118,2.7072672942054714,51.486406000357995,26.758273633699385,130.15009691704415
726,05/05/2023 11:21:55.076811,908,True,True,True,True,Eyes,0.625129,0.04954748,-3.534763,0.3970886,0.3032584,-0.8662304,0.0,0.0,0.0,0.0,0.0,0.0,0.0,-1.905584,0.3751321,-3.062864,0.6942648,0.03976214,-3.559427,-0.03370502,0.9289552,0.06436531,0.3629921,351.7175,137.3802,359.0798,0.1555734,0.01483645,-0.9877126,0.2802673,-0.003998831,-0.0770219,1.508075,0.7029832,-5.309186,0.5796,0.4008,1.915,-0.7342014,-0.01589271,-0.6787457,-0.1093491,0.9894422,0.09511566,0.670068,0.1440543,-0.7281877,static,-24.62719,-19.29463,16.83913,11.82109,-8.324386686212167,2.702967646186224,51.842489576223095,26.764579714174417,129.8352201387544
727,05/05/2023 11:21:55.096287,909,True,True,True,True,Eyes,0.6286965,0.04915985,-3.536624,0.4010435,0.3060702,-0.8634148,0.0,0.0,0.0,0.0,0.0,0.0,0.0,-1.926412,0.4002451,-3.055745,0.7033683,0.03818824,-3.565481,-0.03436793,0.9273369,0.06775316,0.366435,351.324,136.9393,359.1835,0.1574318,0.01473321,-0.9874196,0.2634512,-0.003758901,-0.07240059,1.527889,0.7150694,-5.304964,0.5796,0.4008001,1.915,-0.7290884,-0.01408705,-0.6842744,-0.1133955,0.9884567,0.1004728,0.6749603,0.1508472,-0.7222698,static,-24.91418,-19.51881,16.83913,11.82109,-8.33014204374417,2.698913912057922,52.20659180569155,26.771371869805705,129.51378482553963
728,05/05/2023 11:21:55.105814,910,True,True,True,True,Eyes,0.6324934,0.04887708,-3.538627,0.4052009,0.3084883,-0.8606086,0.0,0.0,0.0,0.0,0.0,0.0,0.0,-1.950476,0.4083633,-3.048334,0.7121997,0.03738103,-3.57139,-0.03388814,0.9256921,0.06867129,0.3704455,351.243,136.4318,359.3123,0.1591915,0.01462854,-0.987139,0.2476442,-0.003533367,-0.06805655,1.551934,0.7181532,-5.302054,0.5796007,0.4008,1.915001,-0.7232435,-0.01186204,-0.6904912,-0.1136179,0.9882717,0.1020295,0.6811826,0.1522444,-0.7161089,static,-25.21249,-19.72041,16.83914,11.82108,-8.33777110614508,2.6962986995029694,52.56619804662498,26.779441492096726,129.19594154349716
729,05/05/2023 11:21:55.126125,911,True,True,True,True,Eyes,0.6365137,0.04884567,-3.540775,0.4094078,0.3110206,-0.8577012,0.0,0.0,0.0,0.0,0.0,0.0,0.0,-1.977794,0.3926241,-3.041395,0.7212643,0.03968919,-3.576885,-0.03349126,0.9239989,0.06671517,0.375038,351.4652,135.8682,359.3134,0.1608677,0.01452546,-0.9868687,0.2327855,-0.003321365,-0.06397316,1.579817,0.71336,-5.301083,0.5796003,0.4008001,1.915,-0.7164498,-0.01185033,-0.697538,-0.1119332,0.9888548,0.09816851,0.6886006,0.1484105,-0.7097912,static,-25.51661,-19.93172,16.83914,11.82109,-8.345245668761777,2.693338351056216,52.936287185243735,26.787480875919062,128.8698561473873
730,05/05/2023 11:21:55.145738,912,True,True,True,True,Eyes,0.6407913,0.04889506,-3.543091,0.4133557,0.314288,-0.8546111,0.0,0.0,0.0,0.0,0.0,0.0,0.0,-2.009733,0.3915039,-3.02958,0.7305573,0.04566657,-3.582576,-0.03862044,0.921666,0.06840847,0.3799481,351.0573,135.2802,358.8859,0.1624742,0.01443072,-0.986607,0.2188184,-0.003122083,-0.06013477,1.601752,0.7280685,-5.296972,0.5796006,0.4008,1.915002,-0.7082961,-0.01920696,-0.7056544,-0.1231736,0.9876575,0.096752,0.6950867,0.1554471,-0.7019196,static,-25.81198,-20.19128,16.83913,11.82108,-8.349658039229913,2.6876995059791,53.32830746425111,26.7935380667394,128.52752690492449
731,05/05/2023 11:21:55.157108,913,True,True,True,True,Eyes,0.6452755,0.04890132,-3.54554,0.4174272,0.317661,-0.8513788,0.0,0.0,0.0,0.0,0.0,0.0,0.0,-2.037485,0.4547312,-3.012307,0.7408742,0.04742538,-3.589008,-0.0472126,0.9188068,0.07916623,0.383794,349.5302,134.7973,358.4854,0.1640238,0.01434567,-0.9863517,0.2056893,-0.002934758,-0.05652668,1.611745,0.7743377,-5.285175,0.5796001,0.4008,1.915,-0.7009462,-0.02599148,-0.7127402,-0.1475255,0.9830074,0.1092371,0.6977897,0.1817167,-0.6928697,static,-26.11851,-20.46123,16.83914,11.82109,-8.354206570115382,2.68181795072882,53.735536454983865,26.7998321821711,128.17300375048663
732,05/05/2023 11:21:55.176014,914,True,True,True,True,Eyes,0.6499559,0.04893427,-3.548114,0.42178,0.3204684,-0.8481755,0.0,0.0,0.0,0.0,0.0,0.0,0.0,-2.064739,0.4767811,-2.999381,0.7502298,0.04633158,-3.594684,-0.04715009,0.9166776,0.08212004,0.3882466,349.2125,134.216,358.6772,0.1655267,0.01426809,-0.9861017,0.1933479,-0.002758673,-0.05313508,1.635992,0.7852249,-5.277915,0.5796003,0.4008,1.915001,-0.6940831,-0.02267721,-0.7195379,-0.1502085,0.9820663,0.1139435,0.7040501,0.1871669,-0.685042,static,-26.4402,-20.6982,16.83913,11.82108,-8.361408016590017,2.678002293734494,54.13505312611506,26.80789037332867,127.82443918959675
733,05/05/2023 11:21:55.196044,915,True,True,True,True,Eyes,0.6548002,0.04906213,-3.55079,0.4263646,0.3230597,-0.8448939,0.0,0.0,0.0,0.0,0.0,0.0,0.0,-2.092916,0.473515,-2.989467,0.7594675,0.04706781,-3.600335,-0.0436557,0.9148436,0.08110479,0.3931634,349.4715,133.5742,359.0616,0.1669924,0.01419789,-0.9858556,0.181747,-0.002593152,-0.04994698,1.667713,0.7816514,-5.27344,0.5796004,0.4008,1.915001,-0.6870337,-0.0161014,-0.7264473,-0.1436511,0.9830324,0.1140688,0.7122846,0.182724,-0.6776894,static,-26.77719,-20.92521,16.83913,11.82108,-8.37006455885171,2.6750851278658323,54.54083680240431,26.81702281214571,127.47051615194597
734,05/05/2023 11:21:55.206122,916,True,True,True,True,Eyes,0.7795576,0.05483424,-3.620121,0.5385741,0.3671581,-0.7583752,0.0,0.0,0.0,0.0,0.0,0.0,0.0,-2.123515,0.4629124,-2.977978,0.768131,0.0494917,-3.605479,-0.04220122,0.9128147,0.07973454,0.3982848,349.6779,132.9254,359.212,0.1684281,0.01413693,-0.9856122,0.1708422,-0.002437563,-0.04695016,1.697693,0.7790595,-5.269043,0.5795996,0.4008002,1.915,-0.6791767,-0.0135297,-0.7338501,-0.1405579,0.9837229,0.1119495,0.7203906,0.1791819,-0.6700234,static,-35.38116,-25.83338,16.83912,11.82109,-8.637607378371264,2.6457660989306997,64.38025127521094,27.078593142949387,119.1188823196699
735,05/05/2023 11:21:55.226001,917,True,True,True,True,Eyes,0.7799153,0.05495294,-3.62033,0.5387015,0.3671196,-0.7583033,0.0,0.0,0.0,0.0,0.0,0.0,0.0,-2.150025,0.4244581,-2.972936,0.7766988,0.05237028,-3.610417,-0.04294686,0.9112534,0.07496051,0.4026835,350.1422,132.4084,358.959,0.173456,0.0142224,-0.9847385,0.5348639,0.01502503,-0.2521245,1.724714,0.7646683,-5.271051,0.5796001,0.4008,1.915001,-0.6720034,-0.01790021,-0.7403319,-0.1386416,0.985073,0.1020281,0.7274546,0.171204,-0.6644541,static,-35.39013,-25.83315,16.83913,11.82109,-8.638166510033662,2.64600752506212,64.38740086480584,27.079046805271517,119.11258268289743
736,05/05/2023 11:21:55.245888,918,True,True,True,True,Eyes,0.7805884,0.05512798,-3.620743,0.538809,0.3669896,-0.7582898,0.0,0.0,0.0,0.0,0.0,0.0,0.0,-2.164543,0.4108158,-2.973075,0.7855939,0.05536279,-3.615656,-0.04527657,0.910163,0.0738735,0.4050875,350.145,132.1282,358.6875,0.1776331,0.01429452,-0.9839926,0.5027721,0.01412353,-0.2369971,1.740863,0.7648283,-5.273343,0.5796005,0.4008,1.915001,-0.6677083,-0.02256768,-0.7440808,-0.1422686,0.9849855,0.09779193,0.7307019,0.1711558,-0.6608937,static,-35.39601,-25.82559,16.83914,11.82108,-8.638921310341045,2.646542680701766,64.38775238825626,27.07958166509766,119.11141640765625
737,05/05/2023 11:21:55.256032,919,True,True,True,True,Eyes,0.7815866,0.05534197,-3.621311,0.539055,0.3668625,-0.7581764,0.0,0.0,0.0,0.0,0.0,0.0,0.0,-2.171328,0.4135249,-2.975802,0.7943824,0.05693191,-3.620329,-0.04614931,0.909475,0.07450031,0.4064175,350.0363,131.9617,358.6394,0.1811204,0.01435762,-0.9833558,0.4726058,0.01327612,-0.2227772,1.753308,0.7693618,-5.274628,0.5795996,0.4008001,1.915,-0.6653902,-0.02338684,-0.7461293,-0.1444997,0.9846399,0.09800056,0.7323767,0.1730241,-0.6585491,static,-35.4124,-25.82117,16.83912,11.82109,-8.640152562453752,2.647187275870193,64.39845557323561,27.08050630072497,119.10150220474007
738,05/05/2023 11:21:55.276301,920,True,True,True,True,Eyes,0.7829052,0.05555034,-3.622006,0.5394268,0.3666543,-0.7580127,0.0,0.0,0.0,0.0,0.0,0.0,0.0,-2.180199,0.4156271,-2.976655,0.8031381,0.05807144,-3.624648,-0.04512167,0.9087053,0.07461977,0.4082287,350.0694,131.7233,358.7737,0.1841113,0.01441613,-0.9827994,0.4442494,0.01247955,-0.2094106,1.769674,0.7708085,-5.274381,0.5796,0.4008,1.915001,-0.662627,-0.02108073,-0.7486532,-0.1429285,0.9847918,0.09877484,0.7351853,0.1724547,-0.6555628,static,-35.43691,-25.81327,16.83912,11.82108,-8.642061420476685,2.6482168508140003,64.4137222374503,27.081950168644443,119.08718721627886
739,05/05/2023 11:21:55.296669,921,True,True,True,True,Eyes,0.7845037,0.05575657,-3.62283,0.540113,0.3663819,-0.7576558,0.0,0.0,0.0,0.0,0.0,0.0,0.0,-2.19523,0.4271172,-2.971261,0.8118196,0.05812982,-3.628694,-0.04297367,0.9074473,0.07572572,0.4110456,350.0515,131.3416,359.0844,0.1868316,0.01447392,-0.9822851,0.4175945,0.01173078,-0.196846,1.790141,0.7745706,-5.269854,0.5796003,0.4008,1.915001,-0.6583897,-0.01573924,-0.7525128,-0.1402461,0.9848378,0.1021059,0.7394958,0.1727625,-0.6506144,static,-35.48408,-25.80716,16.83913,11.82108,-8.64525850292045,2.6497357055838404,64.44845033204213,27.084453354913848,119.0559512456654
740,05/05/2023 11:21:55.306508,922,True,True,True,True,Eyes,0.7863591,0.05596679,-3.623793,0.5411006,0.3660516,-0.7571105,0.0,0.0,0.0,0.0,0.0,0.0,0.0,-2.215768,0.4291465,-2.962782,0.8200457,0.05827817,-3.63263,-0.03956924,0.9059388,0.07532581,0.4147712,350.2526,130.8456,359.4647,0.1893153,0.01453095,-0.9818085,0.3925388,0.01102693,-0.1850352,1.815639,0.7721576,-5.264491,0.5795996,0.4008001,1.915,-0.6527982,-0.009208674,-0.7574757,-0.1341805,0.9855206,0.1036568,0.7455534,0.1693055,-0.6445817,static,-35.55308,-25.80307,16.83912,11.82109,-8.649681135143299,2.6517108836944203,64.50209327258767,27.087940059838864,119.0082912017975
741,05/05/2023 11:21:55.325761,923,True,True,True,True,Eyes,0.7884772,0.05619007,-3.624866,0.5422481,0.3658633,-0.7563802,0.0,0.0,0.0,0.0,0.0,0.0,0.0,-2.236823,0.4372617,-2.952918,0.828288,0.05857825,-3.636594,-0.037266,0.904272,0.07600938,0.4184805,350.2903,130.351,359.7802,0.1915924,0.01458733,-0.981366,0.3689865,0.01036531,-0.1739331,1.839294,0.7744201,-5.258087,0.5795999,0.4008,1.915,-0.6469705,-0.003780312,-0.7625054,-0.1310141,0.9856676,0.1062761,0.7511752,0.1686565,-0.6381931,static,-35.6367,-25.81319,16.83913,11.82109,-8.654250766196245,2.6533376464109533,64.57593797466127,27.0916988412872,118.94447310370144
742,05/05/2023 11:21:55.346241,924,True,True,True,True,Eyes,0.7908399,0.05642882,-3.626042,0.5434717,0.3657229,-0.7555695,0.0,0.0,0.0,0.0,0.0,0.0,0.0,-2.255478,0.4491443,-2.943937,0.8366435,0.0590756,-3.640359,-0.03718691,0.9026383,0.07768498,0.4216946,350.1188,129.926,359.9061,0.1936896,0.01464344,-0.9809534,0.3468473,0.009743396,-0.1634971,1.858394,0.7816195,-5.252116,0.5796001,0.4008001,1.915,-0.6415817,-0.001613985,-0.7670531,-0.1326513,0.9851643,0.1088798,0.7554976,0.1716059,-0.6322775,static,-35.72699,-25.82866,16.83913,11.82109,-8.658946833603187,2.654863084893784,64.65833779890184,27.09560182154198,118.87372626545776
743,05/05/2023 11:21:55.356746,925,True,True,True,True,Eyes,0.7934602,0.05668081,-3.62729,0.5448111,0.3657687,-0.754582,0.0,0.0,0.0,0.0,0.0,0.0,0.0,-2.274264,0.4549252,-2.935065,0.8450824,0.05966763,-3.643641,-0.03804346,0.9009935,0.07874128,0.4249276,349.9666,129.5092,359.9048,0.1956306,0.01469964,-0.9805672,0.3260364,0.009158792,-0.1536873,1.877041,0.7870252,-5.246705,0.5796005,0.4008,1.915001,-0.6359787,-0.001635103,-0.7717051,-0.1354725,0.984705,0.1095593,0.7597228,0.1742222,-0.6264729,static,-35.82943,-25.86087,16.83914,11.82108,-8.66350667088877,2.6558481527184346,64.76038620674989,27.09956571671617,118.78764861871028
744,05/05/2023 11:21:55.376660,926,True,True,True,True,Eyes,0.7963106,0.05691181,-3.628607,0.5462696,0.3658491,-0.7534878,0.0,0.0,0.0,0.0,0.0,0.0,0.0,-2.294634,0.4646395,-2.923987,0.8538185,0.06020236,-3.646684,-0.0401461,0.8991114,0.08062105,0.428354,349.6671,129.0684,359.8181,0.1974372,0.01475624,-0.9802042,0.3064742,0.008609264,-0.144466,1.89485,0.7961801,-5.239917,0.5796003,0.4007999,1.915,-0.6298023,-0.003122945,-0.7767491,-0.1412603,0.983777,0.1105812,0.7638026,0.1793681,-0.6200262,static,-35.94166,-25.89847,16.83914,11.82108,-8.668381136531206,2.6568097663973536,64.87354854516978,27.10382783750446,118.69243881430963
745,05/05/2023 11:21:55.396355,927,True,True,True,True,Eyes,0.7993872,0.05714177,-3.629968,0.5480015,0.3658688,-0.7522197,0.0,0.0,0.0,0.0,0.0,0.0,0.0,-2.318202,0.4682814,-2.910558,0.8623528,0.05994475,-3.649307,-0.04120739,0.8970666,0.08138058,0.4323782,349.5346,128.5517,359.7928,0.1991289,0.0148126,-0.9798611,0.2880858,0.008092708,-0.1357981,1.916303,0.7998574,-5.232192,0.5796005,0.4008,1.915001,-0.6227023,-0.003557157,-0.782451,-0.1443059,0.9833584,0.1103732,0.769037,0.1816419,-0.6128529,static,-36.07381,-25.93762,16.83914,11.82108,-8.674389291676837,2.6582026955102407,65.00384375860015,27.109011369181015,118.58238214811345
746,05/05/2023 11:21:55.416119,928,True,True,True,True,Eyes,0.8026638,0.05738117,-3.631365,0.5499311,0.3658143,-0.7508367,0.0,0.0,0.0,0.0,0.0,0.0,0.0,-2.344048,0.462662,-2.896282,0.8707442,0.06015764,-3.651746,-0.04049724,0.8949766,0.08057022,0.4369046,349.6533,127.9701,359.8785,0.200722,0.01486865,-0.9795351,0.2708007,0.007607145,-0.1276502,1.942156,0.7971721,-5.224225,0.5796007,0.4008,1.915001,-0.6149491,-0.002085163,-0.7885644,-0.1428911,0.9837368,0.10883,0.7755129,0.1796038,-0.6052459,static,-36.21996,-25.97575,16.83914,11.82108,-8.68130475699677,2.660006057784231,65.14498024298494,27.114910591216574,118.46269773809732
747,05/05/2023 11:21:55.425995,929,True,True,True,True,Eyes,0.8061289,0.05763938,-3.632785,0.5521227,0.3657191,-0.7492731,0.0,0.0,0.0,0.0,0.0,0.0,0.0,-2.37162,0.4611691,-2.879128,0.8788552,0.0606583,-3.653843,-0.03971696,0.8926666,0.08037782,0.4417109,349.7125,127.3451,0.005795089,0.2022322,0.01492468,-0.9792237,0.2545526,0.007150717,-0.1199912,1.968318,0.7970689,-5.214155,0.5796001,0.4008001,1.915,-0.6066282,9.951479e-05,-0.7949857,-0.1419155,0.983924,0.1084144,0.7822162,0.178588,-0.5968619,static,-36.38567,-26.01693,16.83913,11.82109,-8.689253348297637,2.662155212971776,65.30386736297017,27.121660030512068,118.32779693421453
748,05/05/2023 11:21:55.445951,930,True,True,True,True,Eyes,0.8097656,0.0578958,-3.634242,0.5543666,0.3655838,-0.7476804,0.0,0.0,0.0,0.0,0.0,0.0,0.0,-2.397808,0.4574293,-2.862942,0.8867263,0.06136818,-3.655832,-0.03869685,0.890466,0.07983794,0.446317,349.8208,126.7462,0.1367752,0.2036713,0.01498112,-0.9789245,0.2392794,0.006721674,-0.1127917,1.993913,0.7956546,-5.204628,0.5796007,0.4008,1.915001,-0.5986076,0.002349616,-0.8010391,-0.1401825,0.9842569,0.1076438,0.7886813,0.1767281,-0.5888543,static,-36.55503,-26.05666,16.83914,11.82108,-8.697500539342693,2.6644716058714994,65.46495686622347,27.128646986516394,118.19083934854842
749,05/05/2023 11:21:55.455884,931,True,True,True,True,Eyes,0.8135613,0.05813089,-3.635708,0.5567713,0.3654135,-0.745975,0.0,0.0,0.0,0.0,0.0,0.0,0.0,-2.418956,0.4623868,-2.849409,0.894601,0.061583,-3.657893,-0.03797873,0.8885327,0.08044156,0.4501069,349.7968,126.2433,0.2866536,0.2050516,0.01503788,-0.9786354,0.2249227,0.006318373,-0.1060242,2.015498,0.7981148,-5.19572,0.5796,0.4008001,1.915,-0.5919226,0.004923906,-0.8059797,-0.1399053,0.9841735,0.1087609,0.7937594,0.1771389,-0.5818657,static,-36.73646,-26.09778,16.83913,11.82109,-8.70641103468119,2.6670264105684853,65.63676215296577,27.136166769717796,118.04467051028911
750,05/05/2023 11:21:55.476130,932,True,True,True,True,Eyes,0.8175043,0.05835742,-3.637165,0.559186,0.3649629,-0.7443877,0.0,0.0,0.0,0.0,0.0,0.0,0.0,-2.435895,0.4627703,-2.839478,0.9021276,0.06129956,-3.659614,-0.03646518,0.8869906,0.08013032,0.453318,349.9091,125.8183,0.4632742,0.2063818,0.01509431,-0.9783549,0.2114273,0.005939271,-0.09966276,2.036046,0.7960284,-5.188735,0.5796005,0.4008,1.915001,-0.5863463,0.007960489,-0.8100215,-0.1373376,0.9844989,0.109089,0.7983336,0.1752103,-0.5761641,static,-36.91397,-26.11807,16.83914,11.82108,-8.716174041854721,2.670540412634344,65.79343384711426,27.144178943518686,117.90927086549354
751,05/05/2023 11:21:55.495832,933,True,True,True,True,Eyes,0.8215881,0.05858637,-3.638611,0.5617059,0.3644131,-0.742758,0.0,0.0,0.0,0.0,0.0,0.0,0.0,-2.450097,0.4486274,-2.833601,0.909473,0.06140929,-3.66096,-0.03453341,0.8858182,0.0777578,0.4561657,350.2549,125.4578,0.567416,0.2076716,0.01515021,-0.9780809,0.1987417,0.005582915,-0.09368299,2.056857,0.7862052,-5.184764,0.5795999,0.4008001,1.914999,-0.5814404,0.00976022,-0.8135303,-0.1321215,0.9855224,0.1062526,0.8027893,0.1692645,-0.5717331,static,-37.09816,-26.13357,16.83913,11.8211,-8.726595479898984,2.674469153044248,65.95292432753078,27.152664236940705,117.77078303783644
752,05/05/2023 11:21:55.506187,934,True,True,True,True,Eyes,0.8257993,0.0588011,-3.640047,0.5641721,0.3637461,-0.7412142,0.0,0.0,0.0,0.0,0.0,0.0,0.0,-2.462798,0.4382921,-2.828129,0.916869,0.06172381,-3.662148,-0.03388252,0.8846652,0.0762258,0.4587037,350.4474,125.1376,0.5799049,0.2089283,0.01520569,-0.9778123,0.1868172,0.00524794,-0.08806201,2.074769,0.7805304,-5.180827,0.5796,0.4008003,1.914999,-0.5768856,0.009980727,-0.8167638,-0.1298795,0.9860832,0.1037845,0.8064328,0.1659527,-0.5675609,static,-37.27643,-26.1392,16.83914,11.8211,-8.737173093615965,2.6787483511467194,66.10203697704708,27.161192630920347,117.64016166179862
753,05/05/2023 11:21:55.526096,935,True,True,True,True,Eyes,0.8301312,0.05899898,-3.641456,0.5667424,0.3630186,-0.7396083,0.0,0.0,0.0,0.0,0.0,0.0,0.0,-2.474667,0.4295971,-2.822878,0.9241608,0.06162545,-3.663236,-0.03344968,0.8835495,0.07491133,0.4610965,350.606,124.8352,0.5792347,0.2101582,0.01526038,-0.977548,0.1756082,0.004933063,-0.08277829,2.091687,0.7753828,-5.176919,0.5796005,0.4008,1.915001,-0.5725427,0.009973818,-0.8198146,-0.1281916,0.9865389,0.1015287,0.8097916,0.1632228,-0.5635569,static,-37.462,-26.14298,16.83914,11.82108,-8.748292881786844,2.68330861276071,66.2561971213501,27.17012306570207,117.50480635741125
754,05/05/2023 11:21:55.546070,936,True,True,True,True,Eyes,0.834578,0.05919485,-3.642842,0.5692119,0.3624144,-0.7380066,0.0,0.0,0.0,0.0,0.0,0.0,0.0,-2.487413,0.4234636,-2.815952,0.9313204,0.0614347,-3.664015,-0.03258093,0.8823193,0.07384825,0.4636782,350.7624,124.5026,0.6379714,0.2113672,0.01531392,-0.9772865,0.1650717,0.00463708,-0.07781159,2.109369,0.7707964,-5.171598,0.5796,0.4008002,1.914999,-0.5678818,0.01099007,-0.8230365,-0.1259772,0.9869698,0.1001013,0.8134123,0.1605296,-0.5590977,static,-37.64239,-26.15436,16.83914,11.8211,-8.75869846632273,2.687349611360664,66.41063674858493,27.178571160197528,117.37012925173111
755,05/05/2023 11:21:55.556043,937,True,True,True,True,Eyes,0.8391351,0.0593737,-3.644196,0.571702,0.3618175,-0.7363728,0.0,0.0,0.0,0.0,0.0,0.0,0.0,-2.499335,0.4203243,-2.809275,0.9385052,0.06155925,-3.664803,-0.03284526,0.8810874,0.07350042,0.4660515,350.7852,124.197,0.6170785,0.2125604,0.01536634,-0.9770269,0.1551674,0.004358855,-0.07314289,2.124757,0.7699857,-5.166383,0.5796002,0.4008001,1.915001,-0.5634345,0.01063086,-0.8260924,-0.1263891,0.9870378,0.09890541,0.8164359,0.1601357,-0.5547876,static,-37.8249,-26.16724,16.83913,11.82109,-8.769154742055177,2.6913686015338656,66.56778043490559,27.187056851446542,117.23323836523647
756,05/05/2023 11:21:55.575927,938,True,True,True,True,Eyes,0.8438047,0.05953324,-3.645501,0.5740671,0.3613155,-0.7347776,0.0,0.0,0.0,0.0,0.0,0.0,0.0,-2.508986,0.4153959,-2.804534,0.9456568,0.0613433,-3.66537,-0.03374344,0.8800337,0.07299934,0.4680526,350.789,123.945,0.5191731,0.2137418,0.01541731,-0.9767683,0.1458573,0.004097324,-0.06875432,2.138285,0.7686795,-5.162407,0.5796007,0.4008,1.915002,-0.5595766,0.008944316,-0.8287306,-0.1277258,0.987065,0.09689634,0.8188777,0.1600712,-0.5511961,static,-37.9998,-26.18494,16.83914,11.82108,-8.77889429425349,2.6949475095232467,66.72156245595572,27.195035858319496,117.09991308298937
757,05/05/2023 11:21:55.596060,939,True,True,True,True,Eyes,0.8485792,0.05966751,-3.646758,0.5764111,0.3608871,-0.7331512,0.0,0.0,0.0,0.0,0.0,0.0,0.0,-2.516582,0.4141681,-2.800934,0.9527788,0.06102599,-3.665847,-0.03513194,0.8790909,0.0730933,0.4697047,350.7052,123.7356,0.4003825,0.2149162,0.01546646,-0.9765098,0.1371059,0.003851485,-0.06462906,2.149699,0.7698515,-5.158748,0.5796002,0.4008001,1.915,-0.5562868,0.006896184,-0.8309619,-0.1304328,0.9868463,0.09550801,0.8206904,0.1615146,-0.54807,static,-38.1748,-26.2083,16.83913,11.82109,-8.788343334294165,2.6982410629203617,66.87874847675457,27.202826364713165,116.96431288406689
758,05/05/2023 11:21:55.606180,940,True,True,True,True,Eyes,0.8534509,0.05977628,-3.647973,0.5786582,0.3605311,-0.7315545,0.0,0.0,0.0,0.0,0.0,0.0,0.0,-2.523211,0.4159713,-2.797271,0.9600332,0.0605478,-3.665926,-0.03625753,0.8781661,0.07351469,0.4712808,350.602,123.5314,0.3259112,0.2160869,0.01551331,-0.9762506,0.1288795,0.003620395,-0.06075132,2.161012,0.7719172,-5.154351,0.5796002,0.4008002,1.915,-0.55316,0.005611857,-0.8330564,-0.1329724,0.9865619,0.09494125,0.8223945,0.1632911,-0.5449803,static,-38.34393,-26.2354,16.83914,11.82109,-8.797238370241429,2.701194034408793,67.03333234850405,27.210225988870242,116.83152571126183
759,05/05/2023 11:21:55.626227,941,True,True,True,True,Eyes,0.8584176,0.05985361,-3.649122,0.5808879,0.3601986,-0.7299494,0.0,0.0,0.0,0.0,0.0,0.0,0.0,-2.529576,0.4164618,-2.793882,0.9674062,0.06002126,-3.665854,-0.03698628,0.8772694,0.07365361,0.4728695,350.5488,123.3256,0.2766696,0.2172565,0.0155574,-0.9759904,0.1211468,0.003403172,-0.05710624,2.173048,0.7725943,-5.149927,0.5796001,0.4008001,1.915,-0.550053,0.004763236,-0.8351163,-0.1345509,0.9864143,0.09424875,0.8242196,0.1642075,-0.5419393,static,-38.51249,-26.26435,16.83913,11.82109,-8.806001693129014,2.704038301196324,67.18855986414651,27.217520299185768,116.69841585540976
760,05/05/2023 11:21:55.646307,942,True,True,True,True,Eyes,0.863475,0.05987008,-3.650184,0.5830774,0.3598326,-0.7283826,0.0,0.0,0.0,0.0,0.0,0.0,0.0,-2.534658,0.4146134,-2.791481,0.9746191,0.05935058,-3.665428,-0.03795875,0.8764823,0.07350856,0.4742724,350.5107,123.1482,0.1850669,0.2184274,0.01559817,-0.9757283,0.113878,0.003198981,-0.05367986,2.184229,0.7722243,-5.146122,0.5796002,0.4008002,1.914999,-0.5472494,0.003185827,-0.8369634,-0.1362665,0.9863113,0.09285234,0.8258021,0.1648635,-0.5393242,static,-38.67761,-26.2901,16.83914,11.8211,-8.814722906427214,2.706957246952351,67.33923890275639,27.224773279950252,116.56889820820221
761,05/05/2023 11:21:55.655985,943,True,True,True,True,Eyes,0.8686186,0.05983778,-3.651162,0.5852823,0.3593556,-0.7268481,0.0,0.0,0.0,0.0,0.0,0.0,0.0,-2.539038,0.409444,-2.78987,0.9815251,0.05791804,-3.664831,-0.03836517,0.8758135,0.07267205,0.4756023,350.5732,122.9833,0.1117765,0.2196034,0.01563439,-0.9754637,0.1070453,0.003007042,-0.05045907,2.195865,0.7680733,-5.142959,0.5796007,0.4008001,1.915,-0.5446612,0.001924519,-0.838654,-0.1363274,0.9864938,0.09080119,0.8275017,0.1637875,-0.5370426,static,-38.84217,-26.30791,16.83915,11.82109,-8.823826059504313,2.7102657466142794,67.48503565934006,27.232250344155787,116.44259559537548
762,05/05/2023 11:21:55.676120,944,True,True,True,True,Eyes,0.8738595,0.05976401,-3.652034,0.5874724,0.3588492,-0.7253298,0.0,0.0,0.0,0.0,0.0,0.0,0.0,-2.542042,0.3981739,-2.789918,0.988703,0.05675251,-3.663797,-0.0383357,0.8752894,0.07092667,0.4768316,350.7512,122.837,0.03079424,0.2207856,0.01566521,-0.9751962,0.1006226,0.00282662,-0.04743153,2.208461,0.7604323,-5.14056,0.5796,0.4008,1.915001,-0.5423243,0.0005304833,-0.8401692,-0.1347498,0.9869996,0.08760339,0.8292931,0.1607221,-0.5352024,static,-39.00534,-26.32341,16.83913,11.82109,-8.832965491826956,2.713656153859371,67.62845340410277,27.23971068501481,116.3180691841707
763,05/05/2023 11:21:55.696015,945,True,True,True,True,Eyes,0.8791863,0.05964455,-3.652804,0.5896094,0.3583327,-0.7238497,0.0,0.0,0.0,0.0,0.0,0.0,0.0,-2.543483,0.3908017,-2.790565,0.9960163,0.05571058,-3.66253,-0.03879925,0.8748177,0.06983587,0.4778197,350.8358,122.7192,359.9334,0.2219771,0.01569014,-0.9749253,0.09458521,0.002657023,-0.04458564,2.219445,0.7557232,-5.137999,0.5796008,0.4008001,1.915001,-0.5403661,-0.001146629,-0.8414294,-0.1346224,0.9872352,0.08510921,0.8305911,0.1592654,-0.5336228,static,-39.16443,-26.33714,16.83915,11.82109,-8.841948842227909,2.7170321074006782,67.76762862568899,27.24706787630698,116.19700720658962
764,05/05/2023 11:21:55.706317,946,True,True,True,True,Eyes,0.8845887,0.05947834,-3.653453,0.5917917,0.357781,-0.7223401,0.0,0.0,0.0,0.0,0.0,0.0,0.0,-2.543198,0.3857562,-2.791906,1.003388,0.05451242,-3.660825,-0.03981465,0.8744208,0.0691625,0.4785602,350.8476,122.6332,359.8008,0.2231783,0.01570854,-0.9746507,0.0,0.0,0.0,2.228833,0.752821,-5.135428,0.5796001,0.4008001,1.915001,-0.5387901,-0.003432678,-0.8424333,-0.1358264,0.9872627,0.08284682,0.8314186,0.1590617,-0.5323936,static,-39.32674,-26.34959,16.83913,11.82109,-8.851195657941375,2.720555638486829,67.90880476432567,27.254587835374853,116.07396218484078
765,05/05/2023 11:21:55.726229,947,True,True,True,True,Eyes,0.8900765,0.05926415,-3.653987,0.5939227,0.3572845,-0.7208354,0.0,0.0,0.0,0.0,0.0,0.0,0.0,-2.544851,0.3779745,-2.791373,1.010424,0.05324221,-3.658839,-0.0405154,0.873886,0.06806011,0.4796351,350.9197,122.5048,359.6795,0.2243915,0.01571988,-0.974372,0.0,0.0,0.0,2.23962,0.7480347,-5.131979,0.5796006,0.4008,1.915001,-0.5366176,-0.005523653,-0.8438076,-0.1360997,0.9874527,0.08008832,0.8327777,0.1578188,-0.5306362,static,-39.48636,-26.36547,16.83914,11.82108,-8.8600986626308,2.723835798354511,68.04979464445502,27.26189134860658,115.95154791362384
766,05/05/2023 11:21:55.746349,948,True,True,True,True,Eyes,0.8956588,0.05897601,-3.654394,0.5960328,0.3568189,-0.7193228,0.0,0.0,0.0,0.0,0.0,0.0,0.0,-2.546491,0.377238,-2.789798,1.01794,0.05187896,-3.656638,-0.04206263,0.8732203,0.06810097,0.4807072,350.8294,122.3717,359.5365,0.2256179,0.01572363,-0.9740887,0.0,0.0,0.0,2.249297,0.7481152,-5.127291,0.5795999,0.4008,1.915,-0.5343026,-0.007986626,-0.8452555,-0.1389331,0.987186,0.07849466,0.8337975,0.1593739,-0.5285656,static,-39.64524,-26.38363,16.83912,11.82109,-8.868837051931795,2.726981026282595,68.1915211363407,27.269064410239988,115.8287980009793
767,05/05/2023 11:21:55.756037,949,True,True,True,True,Eyes,0.9013101,0.05864431,-3.654672,0.5981458,0.3561727,-0.7178876,0.0,0.0,0.0,0.0,0.0,0.0,0.0,-2.545476,0.3750929,-2.790749,1.025553,0.04980725,-3.654338,-0.04280239,0.8728161,0.06763539,0.481441,350.8349,122.2828,359.4433,0.2268591,0.01571864,-0.9738005,0.0,0.0,0.0,2.259028,0.7449336,-5.12374,0.5796001,0.4008001,1.914999,-0.532765,-0.009592332,-0.8462088,-0.1398421,0.9871868,0.07685288,0.8346289,0.1592802,-0.52728,static,-39.80115,-26.38785,16.83914,11.8211,-8.878124824347735,2.730759297689926,68.32310232554286,27.276583439457895,115.71297864472166
768,05/05/2023 11:21:55.776205,950,True,True,True,True,Eyes,0.9070407,0.05827846,-3.654811,0.6002048,0.3556234,-0.71644,0.0,0.0,0.0,0.0,0.0,0.0,0.0,-2.54269,0.359289,-2.794318,1.032838,0.04848209,-3.651502,-0.04211004,0.8727021,0.06507202,0.4820617,351.131,122.2178,359.3759,0.2281166,0.01570466,-0.9735069,0.0,0.0,0.0,2.270841,0.7334766,-5.121854,0.5796,0.4008001,1.915,-0.5316865,-0.01076159,-0.8468729,-0.1362365,0.9879848,0.07297771,0.8359121,0.1541763,-0.5267643,static,-39.95493,-26.39868,16.83913,11.82109,-8.886936292783703,2.7341467779777444,68.45667294089378,27.283750182497975,115.59632255101407
769,05/05/2023 11:21:55.795806,951,True,True,True,True,Eyes,0.9128453,0.05787,-3.654804,0.6022522,0.354988,-0.7150356,0.0,0.0,0.0,0.0,0.0,0.0,0.0,-2.538497,0.3579639,-2.797413,1.040206,0.04728678,-3.648747,-0.04311304,0.872525,0.06487387,0.4823203,351.095,122.1907,359.2661,0.2293907,0.01568176,-0.9732079,0.0,0.0,0.0,2.278284,0.7323245,-5.119016,0.5796003,0.4008,1.915001,-0.5310171,-0.01265445,-0.847267,-0.1378144,0.9878653,0.07161954,0.8360794,0.1547967,-0.5263174,static,-40.10639,-26.40265,16.83913,11.82108,-8.895965761761733,2.7378237996858936,68.5845885252897,27.291036936466732,115.48362902896699
770,05/05/2023 11:21:55.806114,952,True,True,True,True,Eyes,0.9187217,0.05746094,-3.654676,0.6043986,0.3542923,-0.7135679,0.0,0.0,0.0,0.0,0.0,0.0,0.0,-2.53697,0.3478613,-2.798267,1.047765,0.04588766,-3.645217,-0.04333879,0.8721536,0.06331201,0.4831785,351.2388,122.0906,359.1643,0.2306826,0.01564973,-0.972903,0.0,0.0,0.0,2.289626,0.7253003,-5.114905,0.5796002,0.4008001,1.914999,-0.5293205,-0.01441416,-0.8482994,-0.1367782,0.9882267,0.06855485,0.8373239,0.1523163,-0.5250602,static,-40.26491,-26.40478,16.83914,11.82109,-8.905522243592278,2.7417752296954854,68.71746258164224,27.298747054304812,115.36622302921892
771,05/05/2023 11:21:55.826369,953,True,True,True,True,Eyes,0.9246841,0.05707138,-3.65442,0.6064609,0.3536459,-0.7121375,0.0,0.0,0.0,0.0,0.0,0.0,0.0,-2.538145,0.3273686,-2.798078,1.055648,0.04551822,-3.64172,-0.04384288,0.8715987,0.06056162,0.4844853,351.4859,121.9408,358.9719,0.231993,0.01560953,-0.9725919,0.0,0.0,0.0,2.303369,0.7150749,-5.110967,0.5795997,0.4008002,1.915,-0.5267036,-0.01774436,-0.8498637,-0.1351092,0.9888203,0.06308839,0.8392429,0.1480533,-0.5232127,static,-40.41793,-26.40889,16.83913,11.82109,-8.914639519996367,2.7454850822290107,68.84694830305843,27.306102781476575,115.25208006067574
772,05/05/2023 11:21:55.845963,954,True,True,True,True,Eyes,0.9307345,0.05664993,-3.654027,0.6083765,0.3531751,-0.7107359,0.0,0.0,0.0,0.0,0.0,0.0,0.0,-2.537596,0.3191808,-2.798179,1.06366,0.04561307,-3.638354,-0.04675656,0.8710044,0.06007167,0.4853418,351.3713,121.8463,358.6589,0.2333225,0.01556254,-0.9722746,0.0,0.0,0.0,2.311952,0.715666,-5.10689,0.5795999,0.4008001,1.915,-0.5245143,-0.02313976,-0.8510871,-0.1397609,0.9884105,0.05925954,0.8398522,0.1500312,-0.5216695,static,-40.5629,-26.42345,16.83913,11.82109,-8.922718198357302,2.748457194359417,68.97563256638172,27.31273491654014,115.14018839380465
773,05/05/2023 11:21:55.855967,955,True,True,True,True,Eyes,0.9368603,0.05619222,-3.653493,0.610237,0.3526081,-0.709421,0.0,0.0,0.0,0.0,0.0,0.0,0.0,-2.532135,0.3220401,-2.801472,1.071624,0.04439314,-3.635012,-0.04972361,0.8707592,0.06085571,0.4853893,351.1266,121.8504,358.4041,0.2346728,0.01550863,-0.9719505,0.0,0.0,0.0,2.316803,0.7196863,-5.103791,0.5795999,0.4008002,1.915,-0.5238498,-0.02751715,-0.8513663,-0.145672,0.9876482,0.05771073,0.8392625,0.154252,-0.5213878,static,-40.70179,-26.42905,16.83912,11.82109,-8.930895605658783,2.751729376174471,69.0943524005233,27.31935223318617,115.03573589344269
774,05/05/2023 11:21:55.876197,956,True,True,True,True,Eyes,0.943065,0.05573663,-3.652811,0.6121699,0.3519269,-0.7080929,0.0,0.0,0.0,0.0,0.0,0.0,0.0,-2.525645,0.31065,-2.806521,1.079554,0.04310231,-3.631067,-0.05027824,0.8707541,0.05914298,0.4855529,351.2674,121.8432,358.2534,0.2360439,0.01544758,-0.9716194,0.0,0.0,0.0,2.325989,0.7123532,-5.101545,0.5796006,0.4008,1.915001,-0.5234212,-0.03012587,-0.8515416,-0.144994,0.9879485,0.0541725,0.8396472,0.1518235,-0.5214813,static,-40.84451,-26.42768,16.83914,11.82108,-8.9396718653365,2.7554541996516497,69.21250695401879,27.326410527918874,114.93069765121912
775,05/05/2023 11:21:55.895994,957,True,True,True,True,Eyes,0.9493328,0.05535908,-3.651979,0.614116,0.3509719,-0.7068807,0.0,0.0,0.0,0.0,0.0,0.0,0.0,-2.519213,0.2909282,-2.812155,1.087598,0.04276319,-3.626926,-0.05018723,0.8707918,0.05628512,0.4858342,351.559,121.8236,358.1047,0.2374366,0.01538023,-0.971281,0.0,0.0,0.0,2.33708,0.7011474,-5.099721,0.5795997,0.4008002,1.915,-0.5228926,-0.03271478,-0.8517705,-0.1420957,0.9886265,0.04925989,0.8404713,0.1467906,-0.521594,static,-40.9831,-26.40477,16.83913,11.8211,-8.949325036394262,2.760168958914932,69.31541978109777,27.33395113216213,114.83578954477873
776,05/05/2023 11:21:55.906240,958,True,True,True,True,Eyes,1.107829,0.04753491,-3.627687,0.6600037,0.3298193,-0.6749922,0.0,0.0,0.0,0.0,0.0,0.0,0.0,-2.514395,0.2579818,-2.816976,1.095358,0.04434788,-3.622473,-0.05057145,0.8707104,0.05202376,0.4864151,351.9641,121.7732,357.8321,0.2388512,0.01530931,-0.9709353,0.0,0.0,0.0,2.349437,0.686922,-5.098341,0.5796005,0.4008,1.915001,-0.5216861,-0.03745588,-0.8523151,-0.1386764,0.9894722,0.04139783,0.8417914,0.1397927,-0.5213881,static,-44.35675,-26.04137,16.83914,11.82109,-9.174127197734798,2.865055503926114,71.9618150837213,27.511826987599544,112.40883924725495
777,05/05/2023 11:21:55.926117,959,True,True,True,True,Eyes,1.108151,0.04756545,-3.627509,0.6599891,0.3297544,-0.6750381,0.0,0.0,0.0,0.0,0.0,0.0,0.0,-2.506733,0.2488828,-2.822398,1.103333,0.04560541,-3.618308,-0.05343258,0.8706324,0.0514506,0.4863098,351.8619,121.8042,357.5105,0.2442058,0.01503345,-0.9696066,0.4754899,-0.02347253,0.07287812,2.354924,0.688158,-5.096297,0.5795999,0.4008002,1.915001,-0.5212958,-0.0429984,-0.8522924,-0.1430821,0.9889956,0.03761954,0.8412958,0.1415587,-0.5217115,static,-44.35416,-26.03539,16.83912,11.82109,-9.174282614809872,2.8652933662357976,71.956449295034,27.511877597603903,112.41256888905797
778,05/05/2023 11:21:55.946193,960,True,True,True,True,Eyes,1.108787,0.04768742,-3.62715,0.6600295,0.3295628,-0.6750922,0.0,0.0,0.0,0.0,0.0,0.0,0.0,-2.497568,0.2388597,-2.828842,1.111373,0.04639455,-3.613853,-0.05450009,0.8707381,0.05027857,0.4861247,351.9205,121.8398,357.3354,0.2490279,0.01478561,-0.9683831,0.4469605,-0.02206417,0.06850544,2.362217,0.6852566,-5.094072,0.5796002,0.4008,1.915001,-0.5214254,-0.04602731,-0.8520548,-0.1437939,0.9890037,0.03457124,0.8410941,0.1405466,-0.52231,static,-44.35363,-26.02045,16.83913,11.82108,-9.17503321784614,2.8660397678762544,71.94814291667646,27.5123505626781,112.41733181663477
779,05/05/2023 11:21:55.955810,961,True,True,True,True,Eyes,1.109733,0.04785902,-3.626635,0.6599149,0.3295661,-0.6752026,0.0,0.0,0.0,0.0,0.0,0.0,0.0,-2.486005,0.2109773,-2.838771,1.119392,0.04877912,-3.609422,-0.05466595,0.8711556,0.04667904,0.4857168,352.2741,121.9108,357.1136,0.2533806,0.01456553,-0.9672568,0.4201429,-0.02074032,0.06439511,2.37122,0.673956,-5.094644,0.5796001,0.4008001,1.915001,-0.522182,-0.04989951,-0.8513733,-0.1405907,0.9896654,0.02822506,0.8411663,0.1344337,-0.5238008,static,-44.34396,-26.01698,16.83913,11.82109,-9.174625291060105,2.865968627786825,71.93809869097878,27.511991260798023,112.42573229423648
780,05/05/2023 11:21:55.975739,962,True,True,True,True,Eyes,1.110944,0.04800986,-3.625968,0.6598371,0.3295588,-0.6752821,0.0,0.0,0.0,0.0,0.0,0.0,0.0,-2.472,0.219336,-2.848271,1.127819,0.05010955,-3.605142,-0.05782627,0.8714744,0.04843077,0.4846062,351.9256,122.0653,356.8823,0.2573203,0.01437182,-0.966219,0.3949343,-0.0194959,0.0605314,2.371883,0.6841161,-5.093142,0.5796005,0.4008001,1.915001,-0.5236261,-0.05384851,-0.8502449,-0.1477279,0.9886212,0.02836641,0.8390427,0.1404583,-0.5256227,static,-44.33722,-26.01382,16.83914,11.82109,-9.174379818919206,2.8659567572943825,71.93071275580202,27.511772475867737,112.43180768808409
781,05/05/2023 11:21:55.996177,963,True,True,True,True,Eyes,1.11243,0.04818577,-3.625152,0.6598173,0.3292973,-0.675429,0.0,0.0,0.0,0.0,0.0,0.0,0.0,-2.45776,0.2111713,-2.858547,1.135549,0.04980584,-3.600627,-0.05755991,0.8720703,0.04701789,0.4837043,352.0858,122.1889,356.8222,0.2608969,0.01420137,-0.965262,0.3712382,-0.01832615,0.05689952,2.377761,0.6780298,-5.092621,0.5795999,0.4008001,1.915,-0.5254343,-0.05490706,-0.8490608,-0.1458781,0.9889524,0.02632186,0.8382354,0.1376898,-0.5276392,static,-44.33013,-25.99099,16.83913,11.82109,-9.17514380265878,2.866936506286496,71.91266761060946,27.51216651353871,112.4438905484781
782,05/05/2023 11:21:56.016077,964,True,True,True,True,Eyes,1.114172,0.04840935,-3.624209,0.6598945,0.3291167,-0.6754416,0.0,0.0,0.0,0.0,0.0,0.0,0.0,-2.445409,0.1939113,-2.868007,1.143615,0.05062933,-3.596204,-0.05536809,0.8726088,0.04416102,0.4832578,352.4966,122.2485,356.8808,0.2641549,0.01405256,-0.9643776,0.3489639,-0.01722658,0.05348555,2.388177,0.6662107,-5.091504,0.5795988,0.4008001,1.914999,-0.5267924,-0.05394705,-0.8482801,-0.1393117,0.9899684,0.02355646,0.8384997,0.1305847,-0.5290232,moving,-44.33295,-25.97819,16.83911,11.8211,-9.17598657528432,2.8676598446092285,71.9083253118003,27.51271234243425,112.44547939918832
783,05/05/2023 11:21:56.026228,965,True,True,True,True,Eyes,1.116164,0.04865579,-3.623142,0.6599854,0.3288592,-0.6754782,0.0,0.0,0.0,0.0,0.0,0.0,0.0,-2.433903,0.1930766,-2.875851,1.151672,0.05195444,-3.592023,-0.05451833,0.8729579,0.04387946,0.4827494,352.5739,122.3126,356.9467,0.2671341,0.01392454,-0.9635586,0.3280261,-0.01619298,0.05027641,2.397791,0.663309,-5.085579,0.57578,0.3981583,1.915,-0.5279617,-0.05281884,-0.8476243,-0.13755,0.9902046,0.02397246,0.8380554,0.1292472,-0.5300555,moving,-44.33534,-25.95932,16.73437,11.74534,-9.177121219397373,2.868680942132338,71.77151848191384,27.38978738950945,112.57081749490997
784,05/05/2023 11:21:56.046410,966,True,True,True,True,Eyes,1.118422,0.04890871,-3.621971,0.6601405,0.3287365,-0.6753865,0.0,0.0,0.0,0.0,0.0,0.0,0.0,-2.423094,0.1907323,-2.88329,1.159686,0.05277303,-3.587961,-0.05290892,0.8733004,0.04319084,0.482371,352.7337,122.3577,357.0678,0.2698691,0.01381588,-0.9627976,0.3083445,-0.0152214,0.04725983,2.408877,0.6576288,-5.079287,0.5717106,0.3953438,1.915002,-0.529038,-0.05074274,-0.8470798,-0.1340788,0.9906704,0.0243937,0.8379391,0.1264806,-0.5309057,moving,-44.34595,-25.95396,16.62263,11.66459,-9.178049210938592,2.869225324864814,71.6402334677861,27.258640602832248,112.69410450422171
785,05/05/2023 11:21:56.055916,967,True,True,True,True,Eyes,1.120911,0.04915838,-3.620697,0.6603093,0.3285987,-0.6752886,0.0,0.0,0.0,0.0,0.0,0.0,0.0,-2.412329,0.1990832,-2.890754,1.168256,0.05323528,-3.584378,-0.05160916,0.873593,0.04395729,0.4819125,352.7301,122.4094,357.2378,0.2723924,0.01372483,-0.9620881,0.2898439,-0.01430812,0.04442424,2.418766,0.6575875,-5.072705,0.5680082,0.3927839,1.915001,-0.5301939,-0.04780368,-0.8465279,-0.1325379,0.9908084,0.02705935,0.8374536,0.1265437,-0.5316564,moving,-44.35743,-25.94778,16.52088,11.59112,-9.1790732355427,2.869833700911614,71.52158864053636,27.139425768054647,112.80540587765054
786,05/05/2023 11:21:56.075891,968,True,True,True,True,Eyes,1.123649,0.0494022,-3.619344,0.6605861,0.3285089,-0.6750615,0.0,0.0,0.0,0.0,0.0,0.0,0.0,-2.403985,0.2029138,-2.896055,1.176313,0.05340173,-3.580627,-0.05019022,0.8737147,0.04409105,0.4818292,352.7954,122.4135,357.3878,0.2747319,0.01364957,-0.9614237,0.2724532,-0.01344963,0.04175879,2.429955,0.6547845,-5.065432,0.5642942,0.390216,1.915001,-0.5306429,-0.04521515,-0.8463885,-0.1301926,0.9910738,0.02867978,0.8375368,0.1254122,-0.5317929,moving,-44.37907,-25.9492,16.41869,11.51737,-9.180318640135493,2.870315679346292,71.41506485737095,27.02000724985224,112.90725799115368
787,05/05/2023 11:21:56.096141,969,True,True,True,True,Eyes,1.126606,0.0496187,-3.61791,0.6608344,0.3284916,-0.6748268,0.0,0.0,0.0,0.0,0.0,0.0,0.0,-2.397414,0.204807,-2.900734,1.185109,0.05351928,-3.577212,-0.04989072,0.8736404,0.04417558,0.4819876,352.803,122.391,357.4241,0.2769122,0.01358839,-0.9607989,0.256106,-0.01264265,0.03925326,2.441953,0.6524705,-5.058057,0.5603139,0.3874639,1.914999,-0.5303978,-0.04458893,-0.8465755,-0.1297573,0.9911189,0.02909372,0.8377597,0.1252806,-0.5314731,moving,-44.39979,-25.95585,16.30907,11.4383,-9.18123385703029,2.870508053906652,71.30138944454099,26.891683650438758,113.01698902945587
788,05/05/2023 11:21:56.106029,970,True,True,True,True,Eyes,1.129756,0.04980629,-3.616434,0.6595491,0.3284844,-0.6760865,0.0,0.0,0.0,0.0,0.0,0.0,0.0,-2.391661,0.2099046,-2.904327,1.193335,0.05306714,-3.573843,-0.05079905,0.8734673,0.04485387,0.4821438,352.684,122.3717,357.3713,0.2789558,0.01353917,-0.9602082,0.2407397,-0.0118841,0.03689807,2.451978,0.6527916,-5.05062,0.5563265,0.3847063,1.915,-0.5299136,-0.04549057,-0.8468307,-0.1319946,0.9908152,0.02937188,0.8377166,0.1273417,-0.531051,moving,-44.29062,-25.91333,16.19911,11.35901,-9.176803851784268,2.869875081386945,71.05093077890324,26.758221455836562,113.24107572608811
789,05/05/2023 11:21:56.126232,971,True,True,True,True,Eyes,1.133109,0.04996762,-3.614885,0.6583161,0.3285246,-0.6772677,0.0,0.0,0.0,0.0,0.0,0.0,0.0,-2.385224,0.2068094,-2.909141,1.201941,0.05265762,-3.570396,-0.05128867,0.8733809,0.04433998,0.4822961,352.7081,122.3559,357.2946,0.2808812,0.01349995,-0.9596473,0.2262953,-0.01117105,0.03468418,2.463345,0.64846,-5.044334,0.5525988,0.3821279,1.915001,-0.5295201,-0.04681907,-0.8470046,-0.1323591,0.9908069,0.02797873,0.837908,0.126924,-0.5308492,moving,-44.18705,-25.87679,16.09619,11.28483,-9.17240200877916,2.8690813342276837,70.8170532140529,26.633185459339753,113.45102741504228
790,05/05/2023 11:21:56.146242,972,True,True,True,True,Eyes,1.136741,0.05010715,-3.613153,0.6570013,0.3283958,-0.6786056,0.0,0.0,0.0,0.0,0.0,0.0,0.0,-2.381212,0.2100152,-2.911545,1.210154,0.05218249,-3.567096,-0.05219314,0.873077,0.04476866,0.4827094,352.6136,122.3039,357.2305,0.2827056,0.01346906,-0.959112,0.2127176,-0.01050079,0.03260313,2.474355,0.6479169,-5.036496,0.5486811,0.3794186,1.915001,-0.5285351,-0.04791675,-0.8475581,-0.1343578,0.9905433,0.02778471,0.8382117,0.1285612,-0.5299749,moving,-44.07329,-25.82361,15.98793,11.20686,-9.168250695435653,2.8688730675001697,70.55923650599757,26.501989609611336,113.67996626838062
791,05/05/2023 11:21:56.155850,973,True,True,True,True,Eyes,1.140555,0.05025563,-3.611371,0.6558482,0.3281981,-0.6798155,0.0,0.0,0.0,0.0,0.0,0.0,0.0,-2.381579,0.2029995,-2.911294,1.218726,0.05170611,-3.563817,-0.0520536,0.8724805,0.04366819,0.4839021,352.7282,122.1504,357.1935,0.2844478,0.01344511,-0.958597,0.1999545,-0.00987074,0.03064694,2.490258,0.6408185,-5.027346,0.5446764,0.3766494,1.915001,-0.5262581,-0.04856923,-0.8489365,-0.1330938,0.9907671,0.02582159,0.8398442,0.126577,-0.5278635,moving,-43.97199,-25.7701,15.87714,11.12711,-9.164876608656872,2.8690006944734314,70.30876522554638,26.368522240168698,113.9025018715345
792,05/05/2023 11:21:56.175869,974,True,True,True,True,Eyes,1.144571,0.05041042,-3.609537,0.6546219,0.3280848,-0.681051,0.0,0.0,0.0,0.0,0.0,0.0,0.0,-2.385559,0.1937004,-2.908469,1.226867,0.05208866,-3.560855,-0.0525175,0.8715968,0.04252076,0.4855441,352.8123,121.9403,357.0964,0.2861201,0.01342765,-0.9580994,0.1879572,-0.009278495,0.02880813,2.506535,0.6352006,-5.017666,0.541005,0.3741108,1.915,-0.5229778,-0.05025675,-0.8508635,-0.1328396,0.9908678,0.02312279,0.8419313,0.125121,-0.524878,moving,-43.86643,-25.72165,15.77547,11.05397,-9.16097753704324,2.8687618260731376,70.06855544389651,26.245457675914682,114.11630075327004
793,05/05/2023 11:21:56.195752,975,True,True,True,True,Eyes,1.148747,0.05055714,-3.607679,0.6535087,0.3280312,-0.6821451,0.0,0.0,0.0,0.0,0.0,0.0,0.0,-2.388271,0.2016011,-2.906181,1.235423,0.05234277,-3.55828,-0.05384846,0.8707247,0.04380786,0.4868469,352.6043,121.7694,357.0452,0.2877354,0.0134162,-0.9576157,0.1766798,-0.008721785,0.02707964,2.519876,0.6392567,-5.007231,0.5371598,0.3714519,1.915001,-0.5201612,-0.05111891,-0.8525372,-0.1364298,0.9903624,0.02385728,0.8431011,0.1287211,-0.5221221,moving,-43.77177,-25.68206,15.66886,10.97732,-9.157278947833342,2.868351417551329,69.83622725191631,26.116901549155237,114.32500835127645
794,05/05/2023 11:21:56.206383,976,True,True,True,True,Eyes,1.153057,0.05072781,-3.605837,0.6524767,0.3279336,-0.683179,0.0,0.0,0.0,0.0,0.0,0.0,0.0,-2.389375,0.2090569,-2.905194,1.243433,0.05228102,-3.555855,-0.05331191,0.8701059,0.04464972,0.4879347,352.5463,121.62,357.1558,0.2893031,0.01340994,-0.9571433,0.166079,-0.008198477,0.02545486,2.533774,0.6396542,-4.997237,0.5332559,0.3687524,1.915001,-0.5181556,-0.04920171,-0.8538703,-0.1363463,0.9903285,0.02567451,0.8443489,0.1297254,-0.5198526,moving,-43.68319,-25.64153,15.56052,10.89946,-9.154000437150836,2.868144537380185,69.60647329626894,25.98671869433428,114.53143645142097
795,05/05/2023 11:21:56.226277,977,True,True,True,True,Eyes,1.157515,0.0509183,-3.60398,0.6515579,0.3278923,-0.6840752,0.0,0.0,0.0,0.0,0.0,0.0,0.0,-2.39176,0.2093162,-2.903663,1.251565,0.05308757,-3.553357,-0.05193177,0.8694245,0.04450235,0.4893097,352.6342,121.4326,357.2981,0.2908317,0.01340896,-0.9566801,0.1561143,-0.007706569,0.02392757,2.550028,0.6365029,-4.986925,0.5293881,0.3660777,1.915002,-0.5157584,-0.04675062,-0.8554577,-0.1338523,0.9906452,0.02656142,0.8462134,0.1282043,-0.5171914,moving,-43.60535,-25.60942,15.45307,10.82227,-9.150935708612794,2.867784401538966,69.3913900217635,25.857898948784975,114.7262048458687
796,05/05/2023 11:21:56.246135,978,True,True,True,True,Eyes,1.162116,0.05108821,-3.6021,0.6506826,0.3277535,-0.6849743,0.0,0.0,0.0,0.0,0.0,0.0,0.0,-2.395459,0.2125387,-2.901137,1.25956,0.0537409,-3.551142,-0.05238687,0.8685682,0.0450675,0.490728,352.5475,121.2445,357.2964,0.2923281,0.01341325,-0.9562237,0.1467474,-0.007244174,0.02249192,2.564279,0.6375059,-4.976785,0.5255653,0.3634347,1.915001,-0.5128833,-0.04677135,-0.8571832,-0.1352349,0.9904491,0.02687299,0.8477395,0.1297038,-0.5143099,moving,-43.52931,-25.57066,15.34677,10.74597,-9.148329253610536,2.867808640084656,69.1757935315765,25.730824197003376,114.92028884867003
797,05/05/2023 11:21:56.256175,979,True,True,True,True,Eyes,1.166836,0.05123715,-3.600213,0.6499875,0.3274814,-0.685764,0.0,0.0,0.0,0.0,0.0,0.0,0.0,-2.401309,0.2092833,-2.897149,1.26755,0.0534301,-3.548805,-0.0527075,0.8675587,0.04462907,0.4925162,352.5677,121.0109,357.2548,0.2937992,0.01342173,-0.9557727,0.1379426,-0.006809524,0.0211424,2.580587,0.6335907,-4.966075,0.5215468,0.3606555,1.915,-0.5092996,-0.04749262,-0.8592778,-0.1354147,0.9904603,0.02551808,0.8498687,0.1293553,-0.5108723,moving,-43.46577,-25.52645,15.2349,10.66569,-9.146770777314323,2.868430243412673,68.96114598981444,25.598107930177953,115.1129770661013
798,05/05/2023 11:21:56.276067,980,True,True,True,True,Eyes,1.171679,0.05139451,-3.598318,0.6493149,0.3270784,-0.686593,0.0,0.0,0.0,0.0,0.0,0.0,0.0,-2.40614,0.1978168,-2.894703,1.275077,0.05310781,-3.546732,-0.05188141,0.8667531,0.04287411,0.4941753,352.7846,120.7944,357.2521,0.2952505,0.0134334,-0.9553252,0.129666,-0.006400953,0.01987386,2.597591,0.6237996,-4.956967,0.5177625,0.3580382,1.915,-0.506198,-0.04756207,-0.8611046,-0.1323114,0.9909403,0.02304552,0.8522071,0.1255996,-0.5079051,moving,-43.40159,-25.47214,15.12945,10.59005,-9.145702555969171,2.8695492277398373,68.74855773816422,25.473302961925576,115.30174100719329
799,05/05/2023 11:21:56.295996,981,True,True,True,True,Eyes,1.176629,0.05155145,-3.596427,0.6486965,0.3267255,-0.6873451,0.0,0.0,0.0,0.0,0.0,0.0,0.0,-2.407774,0.1913039,-2.894781,1.28282,0.05348621,-3.544748,-0.05169259,0.866164,0.04195651,0.4953056,352.8834,120.6473,357.2282,0.2966872,0.01344818,-0.9548798,0.1218861,-0.006016896,0.01868143,2.611964,0.6183782,-4.949056,0.5140349,0.3554608,1.915,-0.5040005,-0.04798592,-0.8623694,-0.1311111,0.9911351,0.02147517,0.853694,0.1238897,-0.5058241,moving,-43.34303,-25.4238,15.02546,10.51552,-9.144664240708998,2.8705084583227625,68.54571720350222,25.350367004911135,115.4827752449722
800,05/05/2023 11:21:56.316234,982,True,True,True,True,Eyes,1.18168,0.05169221,-3.594548,0.6481378,0.326302,-0.6880729,0.0,0.0,0.0,0.0,0.0,0.0,0.0,-2.407232,0.1934391,-2.89625,1.290386,0.05347269,-3.54295,-0.05236039,0.8657178,0.04227766,0.4959878,352.8111,120.5583,357.1853,0.2981133,0.01346572,-0.9544352,0.1145729,-0.005655882,0.01756054,2.623419,0.6177385,-4.941631,0.5099865,0.3526614,1.915,-0.5025091,-0.04872021,-0.8631982,-0.132597,0.990942,0.02126082,0.8543435,0.1251413,-0.5044175,moving,-43.28812,-25.37152,14.91242,10.43453,-9.144055013131922,2.87176158915402,68.33283305186534,25.217245212225908,115.67286099815924
801,05/05/2023 11:21:56.326020,983,True,True,True,True,Eyes,1.186815,0.05181655,-3.592677,0.6476774,0.3258215,-0.6887339,0.0,0.0,0.0,0.0,0.0,0.0,0.0,-2.406016,0.1939799,-2.898282,1.298048,0.05313164,-3.541021,-0.05232487,0.8653542,0.0422116,0.4966312,352.8176,120.4729,357.1904,0.2995318,0.0134853,-0.9539906,0.1076985,-0.005316529,0.01650691,2.635422,0.6148781,-4.934577,0.5062879,0.3501037,1.915001,-0.5012394,-0.04863189,-0.8639411,-0.1324863,0.9909606,0.02108366,0.8551063,0.1250283,-0.5031515,moving,-43.24034,-25.31757,14.80903,10.36049,-9.143968158878671,2.8732822733802026,68.13701873989278,25.095904055060462,115.84672408136636
802,05/05/2023 11:21:56.346231,984,True,True,True,True,Eyes,1.192032,0.05189632,-3.590812,0.6473095,0.3252029,-0.6893718,0.0,0.0,0.0,0.0,0.0,0.0,0.0,-2.405284,0.1901082,-2.900271,1.305144,0.05302918,-3.539334,-0.05118832,0.8650519,0.04140637,0.4973436,352.9605,120.3766,357.264,0.3009458,0.01350627,-0.9535453,0.1012366,-0.004997537,0.01551649,2.648579,0.6082305,-4.927518,0.5022571,0.3473164,1.915001,-0.5000585,-0.04737471,-0.864695,-0.1297475,0.9913306,0.02072096,0.8562169,0.1225537,-0.50187,moving,-43.19763,-25.25504,14.69625,10.27978,-9.144640156080602,2.875369254581689,67.92955743920903,24.964241264680307,116.03030581126049
803,05/05/2023 11:21:56.356111,985,True,True,True,True,Eyes,1.197311,0.05194137,-3.588966,0.6470423,0.3244452,-0.6899794,0.0,0.0,0.0,0.0,0.0,0.0,0.0,-2.402772,0.1859236,-2.903808,1.312297,0.05216423,-3.537673,-0.04966468,0.8649235,0.04037671,0.4978058,353.1487,120.3129,357.3611,0.3023573,0.01352729,-0.9530985,0.0,0.0,0.0,2.661237,0.5997068,-4.921545,0.4984876,0.3447095,1.915001,-0.4994458,-0.04571277,-0.8651384,-0.1261118,0.9918063,0.02039881,0.8571172,0.1192923,-0.5011184,moving,-43.16064,-25.18406,14.59067,10.20424,-9.14610383548828,2.878032566694049,67.73142242420501,24.84165347703225,116.20359415489376
804,05/05/2023 11:21:56.376425,986,True,True,True,True,Eyes,1.202647,0.05196141,-3.587148,0.6468974,0.3235632,-0.6905292,0.0,0.0,0.0,0.0,0.0,0.0,0.0,-2.39931,0.1777392,-2.908492,1.319024,0.05140948,-3.536262,-0.04729335,0.8649563,0.03868169,0.498114,353.4523,120.269,357.5033,0.3037677,0.01354743,-0.9526496,0.0,0.0,0.0,2.67397,0.5879299,-4.916588,0.4947361,0.3421164,1.914999,-0.4992913,-0.04327757,-0.8653524,-0.1203491,0.9925341,0.01980098,0.8580349,0.1140309,-0.500772,moving,-43.13146,-25.10651,14.48552,10.12909,-9.14838814478208,2.8812301029492837,67.53712972639865,24.720297071096713,116.37233103129523
805,05/05/2023 11:21:56.396136,987,True,True,True,True,Eyes,1.208034,0.05195025,-3.585351,0.6468067,0.3226593,-0.6910369,0.0,0.0,0.0,0.0,0.0,0.0,0.0,-2.39499,0.1758349,-2.913525,1.325904,0.05085614,-3.534814,-0.04514439,0.8650178,0.03789426,0.4982674,353.6532,120.2434,357.6739,0.3051782,0.0135661,-0.9521984,0.0,0.0,0.0,2.685713,0.5797743,-4.911196,0.4907761,0.3393769,1.915,-0.4993833,-0.04033844,-0.8654417,-0.1158643,0.9930521,0.02057045,0.8585989,0.1105464,-0.5005874,moving,-43.10644,-25.02883,14.37438,10.04963,-9.15093298429206,2.884540791878022,67.33901561386237,24.592251917407783,116.544965645935
806,05/05/2023 11:21:56.406181,988,True,True,True,True,Eyes,1.213467,0.05190301,-3.583585,0.6469115,0.3216791,-0.6913956,0.0,0.0,0.0,0.0,0.0,0.0,0.0,-2.391472,0.1765676,-2.917829,1.332512,0.05010335,-3.533545,-0.04339093,0.8650094,0.03751478,0.4984665,353.7908,120.2119,357.8286,0.3065904,0.01358261,-0.9517444,0.0,0.0,0.0,2.696801,0.5732723,-4.905572,0.486751,0.3365938,1.915001,-0.499297,-0.0376674,-0.8656119,-0.1124668,0.9934198,0.02164341,0.8591006,0.1081591,-0.5002478,moving,-43.09624,-24.9507,14.26132,9.968877,-9.15440527488424,2.8882539195572097,67.15107256784906,24.46285783297102,116.70855129287335
807,05/05/2023 11:21:56.426459,989,True,True,True,True,Eyes,1.218943,0.05184344,-3.581841,0.6471107,0.3205761,-0.6917216,0.0,0.0,0.0,0.0,0.0,0.0,0.0,-2.389392,0.1685942,-2.921497,1.339159,0.04922267,-3.532278,-0.04106587,0.864923,0.03587412,0.4989339,354.086,120.1476,357.9697,0.3080046,0.01359619,-0.9512874,0.0,0.0,0.0,2.709714,0.5615462,-4.900202,0.4830273,0.3340196,1.915001,-0.4987573,-0.03524001,-0.8660251,-0.1068353,0.9940533,0.02107839,0.8601323,0.103035,-0.4995562,moving,-43.09157,-24.86521,14.15662,9.89415,-9.158600538392763,2.892483065495788,66.9743858940543,24.343846216562028,116.86017565353303
808,05/05/2023 11:21:56.445816,990,True,True,True,True,Eyes,1.224472,0.05177695,-3.580108,0.6474375,0.3195042,-0.6919117,0.0,0.0,0.0,0.0,0.0,0.0,0.0,-2.388644,0.1584983,-2.924231,1.345628,0.04890089,-3.531112,-0.03915444,0.8647228,0.03410841,0.4995581,354.3698,120.0644,358.063,0.3094205,0.0136068,-0.9508277,0.0,0.0,0.0,2.722722,0.5502301,-4.894534,0.4791771,0.3313565,1.915001,-0.4978174,-0.0336372,-0.8666295,-0.1017937,0.9946071,0.0198688,0.8612875,0.09810847,-0.4985568,moving,-43.09814,-24.78608,14.04826,9.816801,-9.163148032825903,2.896676550111245,66.8062153280678,24.2210153641065,117.00548158694798
809,05/05/2023 11:21:56.457881,991,True,True,True,True,Eyes,1.23004,0.05170524,-3.578412,0.6478335,0.3184574,-0.6920236,0.0,0.0,0.0,0.0,0.0,0.0,0.0,-2.388463,0.1572554,-2.926312,1.352102,0.04865057,-3.530189,-0.03784951,0.8644416,0.03364353,0.5001764,354.4895,119.9797,358.1703,0.3108402,0.01361455,-0.9503644,0.0,0.0,0.0,2.734611,0.5443293,-4.888101,0.4751487,0.3285704,1.915002,-0.4967823,-0.03178198,-0.8672934,-0.09909277,0.9948711,0.02030286,0.8621998,0.09602859,-0.4973837,moving,-43.111,-24.71108,13.93478,9.735843,-9.167862721336355,2.900821038050645,66.6394141629136,24.09252219943038,117.15068391439084
810,05/05/2023 11:21:56.486151,992,True,True,True,True,Eyes,1.235647,0.05163098,-3.576775,0.6487316,0.3172949,-0.6917161,0.0,0.0,0.0,0.0,0.0,0.0,0.0,-2.390728,0.1595113,-2.926379,1.358572,0.04845232,-3.529398,-0.03657496,0.863947,0.03367846,0.5011225,354.5573,119.8498,358.3051,0.3122635,0.01361955,-0.9498976,0.0,0.0,0.0,2.74703,0.5405939,-4.880593,0.471426,0.3259961,1.915002,-0.4950773,-0.02944359,-0.8683501,-0.09695172,0.995056,0.02153573,0.8634229,0.09484988,-0.4954843,moving,-43.16331,-24.64125,13.8298,9.661006,-9.174712524903756,2.905712870983522,66.51961631099232,23.975854140517935,117.25357454525762
811,05/05/2023 11:21:56.496316,993,True,True,True,True,Eyes,1.241292,0.05154354,-3.575181,0.6496757,0.3162542,-0.6913066,0.0,0.0,0.0,0.0,0.0,0.0,0.0,-2.396446,0.1697392,-2.92352,1.365311,0.04829681,-3.528785,-0.03609325,0.8631055,0.03493405,0.5025197,354.4578,119.6579,358.4344,0.3136902,0.01362199,-0.9494274,0.0,0.0,0.0,2.760013,0.5421617,-4.870857,0.4674689,0.3232605,1.915002,-0.4923429,-0.02719445,-0.8699766,-0.09741464,0.9949538,0.02402841,0.8649331,0.09657867,-0.4925075,moving,-43.22182,-24.58282,13.71812,9.58145,-9.181343050608154,2.910183588382615,66.40296764329513,23.851440282317178,117.35606599215227
812,05/05/2023 11:21:56.516229,994,True,True,True,True,Eyes,1.241292,0.05154354,-3.575181,0.6496757,0.3162542,-0.6913066,0.0,0.0,0.0,0.0,0.0,0.0,0.0,-2.402118,0.179344,-2.920664,1.371849,0.04786906,-3.528222,-0.03552646,0.8622815,0.03605638,0.5038933,354.3769,119.4688,358.5645,0.3151207,0.01362175,-0.9489536,0.0,0.0,0.0,2.773132,0.5424675,-4.860824,0.4629575,0.3201401,1.915001,-0.4896588,-0.02493048,-0.8715577,-0.09760475,0.9948756,0.0263784,0.8664339,0.09798459,-0.4895829,moving,-43.22182,-24.58282,13.59067,9.490654,-9.181343050608154,2.910183588382615,66.24696710362502,23.70373745246179,117.5058565401924
813,05/05/2023 11:21:56.526056,995,True,True,True,True,Eyes,1.241292,0.05154354,-3.575181,0.6496757,0.3162542,-0.6913066,0.0,0.0,0.0,0.0,0.0,0.0,0.0,-2.410199,0.1903715,-2.916279,1.37853,0.04749547,-3.528085,-0.03557139,0.861248,0.03748396,0.5055507,354.2302,119.2422,358.654,0.3164071,0.01362152,-0.9485255,0.0,0.0,0.0,2.785866,0.5455528,-4.851391,0.4598386,0.3179834,1.915001,-0.4863063,-0.02337148,-0.8734757,-0.09917165,0.9946593,0.02859969,0.8681423,0.1005322,-0.4860269,moving,-43.22182,-24.58282,13.50248,9.42787,-9.181343050608154,2.910183588382615,66.13904478268567,23.60161147785218,117.60954510785398
814,05/05/2023 11:21:56.546043,996,True,True,True,True,Eyes,1.247522,0.05143411,-3.573665,0.6511199,0.3153729,-0.6903498,0.0,0.0,0.0,0.0,0.0,0.0,0.0,-2.418328,0.1956903,-2.912344,1.385297,0.04740128,-3.528038,-0.03584806,0.8602251,0.03821912,0.5072151,354.1388,119.0177,358.6807,0.3175648,0.01362128,-0.9481384,0.0,0.0,0.0,2.799291,0.5460983,-4.841997,0.4559771,0.3153136,1.915001,-0.4828959,-0.02290418,-0.8753785,-0.1004454,0.9945084,0.02938874,0.8698981,0.1021194,-0.4825447,moving,-43.32492,-24.55237,13.39319,9.350113,-9.189226825604171,2.914372978635648,66.07815339079467,23.48157361225864,117.6662363744044
815,05/05/2023 11:21:56.556113,997,True,True,True,True,Eyes,1.253775,0.05130019,-3.572226,0.6525648,0.3145994,-0.6893377,0.0,0.0,0.0,0.0,0.0,0.0,0.0,-2.425,0.2026802,-2.909948,1.392217,0.04717303,-3.528314,-0.03665182,0.8593249,0.03922775,0.5086048,353.9901,118.8302,358.6697,0.3187653,0.01361797,-0.9477356,0.0,0.0,0.0,2.81166,0.5478528,-4.83347,0.4517773,0.3124084,1.915002,-0.479956,-0.0230888,-0.8769889,-0.1028945,0.9942357,0.03013618,0.8712378,0.1047013,-0.4795651,moving,-43.43029,-24.53097,13.27421,9.265462,-9.196774784067346,2.9181601449526378,66.01211355638162,23.350233360822628,117.72984510199967
816,05/05/2023 11:21:56.577699,998,True,True,True,True,Eyes,1.26006,0.05114515,-3.570863,0.6542948,0.3136753,-0.6881178,0.0,0.0,0.0,0.0,0.0,0.0,0.0,-2.431316,0.2081965,-2.907992,1.398977,0.04643573,-3.528706,-0.03742805,0.8584799,0.03996382,0.5099161,353.8699,118.654,358.6453,0.3200052,0.0136112,-0.9473177,0.0,0.0,0.0,2.823412,0.5484905,-4.826064,0.4482257,0.3099527,1.915001,-0.4771696,-0.02350606,-0.8784968,-0.1050188,0.9940041,0.03044595,0.8725138,0.1067866,-0.4767771,moving,-43.5567,-24.50565,13.17352,9.193883,-9.205811394843645,2.922685561119461,65.98466780750275,23.241393912535802,117.75640371266715
817,05/05/2023 11:21:56.596135,999,True,True,True,True,Eyes,1.266375,0.05098597,-3.569586,0.6560085,0.3127849,-0.6868904,0.0,0.0,0.0,0.0,0.0,0.0,0.0,-2.436289,0.2068144,-2.908035,1.40589,0.04578413,-3.529352,-0.03755039,0.8578135,0.03967049,0.51105,353.8899,118.5039,358.6241,0.3212802,0.01360073,-0.9468863,0.0,0.0,0.0,2.835884,0.5445337,-4.819944,0.4444797,0.3073632,1.915,-0.4748355,-0.02387524,-0.8797505,-0.1049697,0.9940324,0.02967952,0.873792,0.10644,-0.4745081,moving,-43.68264,-24.48279,13.06722,9.118372,-9.214690424616071,2.9270738038596136,65.95138131813347,23.12608279679344,117.78903714981189
818,05/05/2023 11:21:56.606204,1000,True,True,True,True,Eyes,1.272731,0.050811,-3.568397,0.6578479,0.3118314,-0.6855636,0.0,0.0,0.0,0.0,0.0,0.0,0.0,-2.440197,0.2054407,-2.909195,1.412932,0.0455286,-3.530118,-0.03800278,0.8572336,0.03947289,0.5120041,353.8812,118.3786,358.5746,0.3225865,0.0135868,-0.9464422,0.0,0.0,0.0,2.847674,0.5416477,-4.814507,0.4406694,0.3047282,1.915,-0.4728152,-0.02473396,-0.8808144,-0.1055751,0.9939953,0.02875982,0.8748141,0.1065901,-0.4725873,moving,-43.81811,-24.45861,12.959,9.041501,-9.224219861568509,2.9317732612756755,65.92342267331408,23.00921590293822,117.81663083019862
819,05/05/2023 11:21:56.625957,1001,True,True,True,True,Eyes,1.279117,0.05061336,-3.567303,0.6596702,0.3109222,-0.6842241,0.0,0.0,0.0,0.0,0.0,0.0,0.0,-2.443796,0.2099774,-2.910651,1.420162,0.04497078,-3.53118,-0.03889421,0.8566605,0.04008447,0.5128482,353.767,118.2656,358.5287,0.3239209,0.0135693,-0.9459866,0.0,0.0,0.0,2.858569,0.5419341,-4.809198,0.4368464,0.302084,1.915001,-0.4709479,-0.02552377,-0.8817918,-0.1077528,0.9937609,0.02878391,0.8755556,0.1085712,-0.4707598,moving,-43.95328,-24.4378,12.85032,8.96432,-9.233554397420876,2.9362936087292875,65.89651427393106,22.89180225702899,117.84386358730556
820,05/05/2023 11:21:56.645783,1002,True,True,True,True,Eyes,1.285527,0.05040925,-3.566334,0.6616505,0.3098988,-0.6827747,0.0,0.0,0.0,0.0,0.0,0.0,0.0,-2.448019,0.2116636,-2.911909,1.427237,0.04422657,-3.5324,-0.03887309,0.8560902,0.04015108,0.513796,353.7601,118.138,358.5417,0.3252811,0.01354793,-0.9455201,0.0,0.0,0.0,2.870548,0.5389662,-4.803795,0.4329934,0.2994197,1.915001,-0.4690051,-0.02529882,-0.8828331,-0.1078167,0.9937536,0.02880022,0.8765899,0.1086916,-0.4688032,moving,-44.09982,-24.41242,12.74069,8.886523,-9.24382187727916,2.9413376168059706,65.87611996753716,22.77419574261125,117.8642847608736
821,05/05/2023 11:21:56.656188,1003,True,True,True,True,Eyes,1.29197,0.05020235,-3.565484,0.6635822,0.3089545,-0.6813265,0.0,0.0,0.0,0.0,0.0,0.0,0.0,-2.452827,0.2148468,-2.913078,1.434383,0.04389016,-3.534,-0.03836098,0.8554994,0.04039316,0.5147988,353.7649,118.0005,358.6139,0.3266635,0.01352287,-0.9450437,0.0,0.0,0.0,2.883017,0.5364283,-4.798215,0.4290768,0.2967113,1.915001,-0.4670215,-0.02404688,-0.8839191,-0.1072243,0.9937937,0.02961627,0.877721,0.108609,-0.4667014,moving,-44.2441,-24.3924,12.62916,8.807406,-9.253670630476124,2.9460510900058483,65.85434550176045,22.654221632689495,117.88702034636817
822,05/05/2023 11:21:56.678320,1004,True,True,True,True,Eyes,1.453955,0.04449714,-3.547311,0.7132633,0.2825169,-0.6414357,0.0,0.0,0.0,0.0,0.0,0.0,0.0,-2.455721,0.2197087,-2.916276,1.441621,0.04360508,-3.536005,-0.03832845,0.8550853,0.04091958,0.515447,353.714,117.9107,358.6531,0.3280647,0.0134944,-0.9445586,0.0,0.0,0.0,2.893982,0.5355557,-4.794241,0.4252387,0.2940575,1.915001,-0.4656906,-0.02336443,-0.8846391,-0.1077319,0.9937131,0.03046688,0.8783656,0.109492,-0.4652799,moving,-48.03504,-23.77083,12.51977,8.729851,-9.517452573810822,3.0747573672451587,68.72539035611119,22.751247499047206,115.11722083657047
823,05/05/2023 11:21:56.695832,1005,True,True,True,True,Eyes,1.45424,0.04445682,-3.547403,0.7133039,0.2824735,-0.6414096,0.0,0.0,0.0,0.0,0.0,0.0,0.0,-2.456359,0.2245666,-2.92168,1.448946,0.04288542,-3.538227,-0.0383217,0.8548872,0.04137011,0.5157401,353.6696,117.869,358.6827,0.3332278,0.01330728,-0.9427521,0.4859562,-0.01711565,0.05452037,2.904046,0.5339069,-4.791707,0.4213243,0.2913502,1.915001,-0.4650874,-0.02284902,-0.88497,-0.1081939,0.9936399,0.03120549,0.8786286,0.1102616,-0.4646015,moving,-48.03783,-23.76845,12.4081,8.650701,-9.517747458780978,3.0749498876029544,68.59090176638371,22.623699680934795,115.2458296539626
824,05/05/2023 11:21:56.707759,1006,True,True,True,True,Eyes,1.454808,0.04438769,-3.54759,0.7135617,0.2822198,-0.6412345,0.0,0.0,0.0,0.0,0.0,0.0,0.0,-2.45774,0.223969,-2.926869,1.456061,0.0418848,-3.540528,-0.03766989,0.8546832,0.04096762,0.5161582,353.7472,117.8126,358.7261,0.3378717,0.01313744,-0.9411002,0.4567989,-0.01608871,0.05124915,2.915248,0.5279756,-4.789147,0.4172376,0.288525,1.915001,-0.4643233,-0.02210007,-0.8853901,-0.1066832,0.9938052,0.03114144,0.8792171,0.1089159,-0.4638047,moving,-48.0559,-23.75523,12.29143,8.568066,-9.519542335961448,3.0760851511457874,68.45871531392125,22.491784453089913,115.37023227925674
825,05/05/2023 11:21:56.726116,1007,True,True,True,True,Eyes,1.455649,0.04428688,-3.547877,0.7138734,0.2819097,-0.6410239,0.0,0.0,0.0,0.0,0.0,0.0,0.0,-2.461058,0.2200753,-2.931006,1.463353,0.0411711,-3.543012,-0.03710301,0.854327,0.04019262,0.5168495,353.856,117.7215,358.7408,0.3420553,0.01298239,-0.9395899,0.4293909,-0.01512338,0.0481742,2.927337,0.5213557,-4.786476,0.4135455,0.2859716,1.915001,-0.4629802,-0.02184913,-0.8860995,-0.1049433,0.9940159,0.03032194,0.8801344,0.1070286,-0.4625026,moving,-48.07769,-23.73895,12.18592,8.493349,-9.521724453892055,3.077471343403661,68.34196213935843,22.373054295911633,115.47924332241436
826,05/05/2023 11:21:56.746311,1008,True,True,True,True,Eyes,1.456759,0.04415548,-3.548263,0.7144399,0.2814081,-0.6406131,0.0,0.0,0.0,0.0,0.0,0.0,0.0,-2.46582,0.2146385,-2.934373,1.470749,0.04032779,-3.545723,-0.03702727,0.8538529,0.03928158,0.5177078,353.9486,117.6102,358.7001,0.3458311,0.01283983,-0.9382087,0.4036275,-0.01421598,0.04528375,2.939858,0.5145764,-4.783489,0.4096252,0.2832609,1.915,-0.4612154,-0.02255893,-0.8870013,-0.1039044,0.9941719,0.02874276,0.8811834,0.10542,-0.4608714,moving,-48.11854,-23.71489,12.07381,8.414003,-9.52547674682766,3.0797414290438088,68.23038006583248,22.248225423144763,115.58206597628491
827,05/05/2023 11:21:56.755811,1009,True,True,True,True,Eyes,1.458123,0.0440358,-3.548747,0.7150954,0.2807245,-0.6401815,0.0,0.0,0.0,0.0,0.0,0.0,0.0,-2.472008,0.2043193,-2.937088,1.478196,0.03952783,-3.54858,-0.03704284,0.8532801,0.03775765,0.5187635,354.0956,117.4753,358.6151,0.3492461,0.01270769,-0.9369447,0.3794098,-0.01336302,0.04256672,2.953245,0.5057355,-4.780403,0.405687,0.2805373,1.915,-0.4590251,-0.02404126,-0.8880984,-0.1023904,0.9944044,0.02600276,0.8825037,0.1028686,-0.4589182,moving,-48.16385,-23.67782,11.96109,8.334243,-9.5301828406775,3.0827875366447417,68.1159349016041,22.123575497555684,115.68482121542696
828,05/05/2023 11:21:56.781719,1010,True,True,True,True,Eyes,1.459756,0.04404953,-3.549308,0.7159653,0.2798217,-0.6396043,0.0,0.0,0.0,0.0,0.0,0.0,0.0,-2.479006,0.1844203,-2.939686,1.485631,0.03974383,-3.551416,-0.03670747,0.852671,0.03506378,0.5199763,354.3777,117.3225,358.4952,0.352342,0.01258522,-0.9357864,0.3566452,-0.01256124,0.04001272,2.967777,0.4933465,-4.777586,0.4019129,0.2779265,1.915001,-0.4565543,-0.02613411,-0.8893116,-0.09906344,0.9948461,0.02162169,0.8841632,0.09796975,-0.4567903,moving,-48.22414,-23.62899,11.85298,8.257751,-9.536418842207022,3.086815503283562,68.01488512888544,22.005566494462467,115.77241188571689
829,05/05/2023 11:21:56.797864,1011,True,True,True,True,Eyes,1.461665,0.04418156,-3.549981,0.7167141,0.279395,-0.6389518,0.0,0.0,0.0,0.0,0.0,0.0,0.0,-2.487822,0.1604117,-2.941146,1.493398,0.04303388,-3.554327,-0.03756952,0.8518457,0.03243247,0.5214361,354.5812,117.1385,358.2625,0.3551565,0.01247492,-0.9347234,0.3352465,-0.01180756,0.03761195,2.982573,0.4857394,-4.774068,0.3980154,0.275232,1.915,-0.4533859,-0.03018395,-0.8908031,-0.09782978,0.9950733,0.0160747,0.8859293,0.09443512,-0.454105,moving,-48.28295,-23.61836,11.74125,8.178784,-9.54056271566458,3.0888623900928955,67.92615808506129,21.8820212608347,115.85687539159115
830,05/05/2023 11:21:56.806044,1012,True,True,True,True,Eyes,1.463825,0.04433645,-3.550777,0.7175328,0.2793892,-0.6380348,0.0,0.0,0.0,0.0,0.0,0.0,0.0,-2.495662,0.1823256,-2.941735,1.501938,0.04591717,-3.557729,-0.0433821,0.8508152,0.03651103,0.5223971,353.8315,117.0113,357.9437,0.3577236,0.01237859,-0.9337453,0.3151317,-0.01109911,0.03535524,2.990109,0.5084357,-4.769461,0.3941488,0.2725582,1.915001,-0.4504389,-0.03567377,-0.8920946,-0.1119668,0.9935699,0.01680291,0.8857589,0.1074536,-0.4515367,moving,-48.3563,-23.64814,11.6303,8.100387,-9.54347570314554,3.0892260582699707,67.87017862235025,21.758688184516938,115.91950747409966
831,05/05/2023 11:21:56.826045,1013,True,True,True,True,Eyes,1.466223,0.04453688,-3.551667,0.7184044,0.2793647,-0.637064,0.0,0.0,0.0,0.0,0.0,0.0,0.0,-2.502152,0.2085815,-2.94261,1.510367,0.04658213,-3.560878,-0.04687023,0.849939,0.04049499,0.5232275,353.23,116.8939,357.8475,0.3600728,0.01229539,-0.9328429,0.2962238,-0.01043316,0.03323392,2.998519,0.5256004,-4.764355,0.3903023,0.2698984,1.915001,-0.4480722,-0.03729749,-0.8932188,-0.1220499,0.9923267,0.01978897,0.8856268,0.1178841,-0.4491862,moving,-48.43415,-23.67837,11.51985,8.022374,-9.546639562595756,3.089682082974626,67.81901861685655,21.636275835717274,115.9777842350913
832,05/05/2023 11:21:56.845835,1014,True,True,True,True,Eyes,1.468868,0.04477523,-3.552652,0.7194834,0.2793161,-0.6358665,0.0,0.0,0.0,0.0,0.0,0.0,0.0,-2.510253,0.2066182,-2.943847,1.518448,0.04787822,-3.564031,-0.04651547,0.84916,0.04029615,0.5245379,353.2675,116.7163,357.8807,0.3622305,0.01222515,-0.9320081,0.2784504,-0.009807174,0.03123989,3.012707,0.5233714,-4.75945,0.3864068,0.2672047,1.915,-0.4453929,-0.03672444,-0.894582,-0.1212719,0.9924251,0.0196375,0.8870844,0.117234,-0.4464726,moving,-48.53033,-23.71437,11.40791,7.943335,-9.550618989523858,3.0903140373627345,67.78497547513479,21.513059983844897,116.02143985647817
833,05/05/2023 11:21:56.856199,1015,True,True,True,True,Eyes,1.471728,0.04503151,-3.55372,0.7206433,0.2790883,-0.6346518,0.0,0.0,0.0,0.0,0.0,0.0,0.0,-2.518907,0.2190019,-2.943931,1.527016,0.049029,-3.567268,-0.04793741,0.8482035,0.04221857,0.5258045,352.9907,116.5407,357.868,0.3642211,0.01216751,-0.9312328,0.2617434,-0.009218744,0.02936549,3.024915,0.5309322,-4.753669,0.3824875,0.2644947,1.915001,-0.4424633,-0.03692392,-0.8960262,-0.1257188,0.9918392,0.02120846,0.8879309,0.1220313,-0.4434945,moving,-48.63047,-23.73751,11.29519,7.863784,-9.555513861744,3.091701578177545,67.74752031558083,21.389825201969582,116.06555359471824
834,05/05/2023 11:21:56.878910,1016,True,True,True,True,Eyes,1.474812,0.04535518,-3.554865,0.7220744,0.2783803,-0.6333347,0.0,0.0,0.0,0.0,0.0,0.0,0.0,-2.527642,0.2009363,-2.945644,1.534991,0.04976369,-3.570364,-0.04744275,0.8474397,0.03983224,0.5272652,353.2498,116.3521,357.7836,0.3660648,0.01212165,-0.9305102,0.2460388,-0.008665619,0.02760356,3.040612,0.5201672,-4.749782,0.3786867,0.2618666,1.914999,-0.4394813,-0.03840544,-0.8974302,-0.122414,0.9923252,0.01748104,0.8898713,0.1175407,-0.4408097,moving,-48.74586,-23.72774,11.18579,7.786618,-9.563063470300214,3.09515376140107,67.71231373889586,21.27262929292103,116.10021697678498
835,05/05/2023 11:21:56.897448,1017,True,True,True,True,Eyes,1.478114,0.04572979,-3.556089,0.7234167,0.2777886,-0.6320616,0.0,0.0,0.0,0.0,0.0,0.0,0.0,-2.532639,0.1743511,-2.951249,1.543351,0.05182445,-3.573501,-0.04739202,0.8469934,0.03654601,0.5282241,353.5708,116.2359,357.5965,0.3677814,0.01208805,-0.9298334,0.2312764,-0.008145683,0.02594735,3.055458,0.5080021,-4.748395,0.3748642,0.2592227,1.915,-0.4374669,-0.0416725,-0.8982685,-0.1188904,0.9928368,0.01184125,0.8913406,0.1119757,-0.4392877,moving,-48.85573,-23.7253,11.07569,7.708949,-9.569892287981986,3.098091708525073,67.67486323156037,21.154197526074658,116.13860406379506
836,05/05/2023 11:21:56.905944,1018,True,True,True,True,Eyes,1.481635,0.04612333,-3.557356,0.7249528,0.2769764,-0.6306564,0.0,0.0,0.0,0.0,0.0,0.0,0.0,-2.53389,0.1735474,-2.958477,1.551879,0.0534139,-3.576606,-0.04983953,0.8466999,0.03689487,0.5284452,353.3876,116.2129,357.3802,0.3693874,0.01206679,-0.9291968,0.2173999,-0.007656942,0.02439051,3.065045,0.5114911,-4.747455,0.3707306,0.2563641,1.915001,-0.4365237,-0.04540443,-0.8985466,-0.1233921,0.9923096,0.009802834,0.8911912,0.1151527,-0.4387692,moving,-48.97909,-23.71048,10.95652,7.624938,-9.578192629505274,3.102004893472543,67.63272704325047,21.026919571408587,116.17891546662005
837,05/05/2023 11:21:56.926082,1019,True,True,True,True,Eyes,1.485363,0.04652857,-3.558693,0.726478,0.2762167,-0.6292329,0.0,0.0,0.0,0.0,0.0,0.0,0.0,-2.536237,0.169634,-2.964601,1.560401,0.05429018,-3.579432,-0.05035616,0.8463719,0.03647025,0.5289507,353.396,116.1477,357.3078,0.3708984,0.01205707,-0.9285949,0.2043559,-0.007197525,0.02292708,3.07675,0.509311,-4.745669,0.3671315,0.2538756,1.915001,-0.4353509,-0.04665816,-0.8990511,-0.123822,0.9922683,0.008462921,0.8917051,0.1150066,-0.4377622,moving,-49.1028,-23.70021,10.85269,7.551783,-9.58627587564458,3.1056955904802965,67.61174341497303,20.91695530709126,116.19987907837292
838,05/05/2023 11:21:56.945759,1020,True,True,True,True,Eyes,1.489293,0.04693614,-3.560095,0.7282284,0.2753269,-0.6275973,0.0,0.0,0.0,0.0,0.0,0.0,0.0,-2.541666,0.1723606,-2.968053,1.569048,0.05496925,-3.582483,-0.05012223,0.8457958,0.0367946,0.5298713,353.3757,116.0206,357.3577,0.3723279,0.01205798,-0.9280226,0.1920945,-0.006765674,0.02155145,3.08992,0.5084781,-4.741589,0.3632246,0.2511735,1.915001,-0.4334485,-0.04579352,-0.9000142,-0.1237791,0.9922678,0.009124781,0.8926373,0.1153581,-0.4357654,moving,-49.24478,-23.68706,10.7399,7.472318,-9.595624331347928,3.1100006929649955,67.59488643417698,20.798157661631972,116.2165783214924
839,05/05/2023 11:21:56.956079,1021,True,True,True,True,Eyes,1.493414,0.04732134,-3.561559,0.7299978,0.2744849,-0.6259085,0.0,0.0,0.0,0.0,0.0,0.0,0.0,-2.548638,0.1794033,-2.969923,1.577791,0.05545288,-3.585482,-0.05011678,0.845055,0.03769745,0.5309889,353.2847,115.865,357.4221,0.3736877,0.01206847,-0.9274758,0.1805688,-0.006359734,0.02025837,3.103209,0.5098984,-4.736452,0.3593893,0.2485218,1.915,-0.4310782,-0.04466902,-0.9012082,-0.1247367,0.9921345,0.01048994,0.8936511,0.1169358,-0.4332594,moving,-49.38983,-23.67929,10.6291,7.394311,-9.604878087959912,3.1141107472834464,67.58580204045893,20.68173066905661,116.22706674913627
840,05/05/2023 11:21:56.979396,1022,True,True,True,True,Eyes,1.497723,0.04768541,-3.563074,0.7320265,0.2735457,-0.6239472,0.0,0.0,0.0,0.0,0.0,0.0,0.0,-2.55779,0.184011,-2.970026,1.586451,0.05529263,-3.588498,-0.04930457,0.8441655,0.0381036,0.5324489,353.2905,115.6618,357.5378,0.3749888,0.01208694,-0.9269503,0.1697347,-0.00597815,0.01904286,3.118103,0.5077911,-4.730133,0.3555036,0.245835,1.915,-0.4281345,-0.04266598,-0.9027074,-0.1238189,0.9922343,0.01182715,0.8951926,0.1168358,-0.4300925,moving,-49.55719,-23.6732,10.51676,7.315244,-9.61540448708806,3.1187067132790838,67.59558513796323,20.564896599156747,116.220230901792
841,05/05/2023 11:21:56.996330,1023,True,True,True,True,Eyes,1.502209,0.04802043,-3.564637,0.7340931,0.2726257,-0.6219186,0.0,0.0,0.0,0.0,0.0,0.0,0.0,-2.568021,0.1896574,-2.968884,1.595195,0.05517647,-3.591278,-0.04816304,0.8431636,0.03861022,0.534102,353.3065,115.4305,357.6933,0.3762401,0.01211201,-0.9264427,0.1595506,-0.005619461,0.01790029,3.133681,0.5056507,-4.722721,0.3516611,0.2431777,1.915001,-0.4248312,-0.03997506,-0.9043898,-0.1224622,0.9923791,0.0136615,0.8969514,0.1165574,-0.4264889,moving,-49.72896,-23.67084,10.40557,7.237007,-9.62600438137618,3.123225882213352,67.61254842480284,20.449625113474927,116.20734843305536
842,05/05/2023 11:21:57.005979,1024,True,True,True,True,Eyes,1.506875,0.04832362,-3.566218,0.7363646,0.2716087,-0.619674,0.0,0.0,0.0,0.0,0.0,0.0,0.0,-2.579819,0.1917918,-2.966568,1.603905,0.05481277,-3.594058,-0.04714968,0.8420272,0.03866427,0.535978,353.3586,115.1709,357.8101,0.3774499,0.01214219,-0.9259502,0.1499776,-0.005282293,0.01682627,3.15003,0.5016947,-4.714614,0.3476222,0.2403843,1.915001,-0.4210093,-0.03795622,-0.906262,-0.120849,0.992564,0.01457036,0.8989699,0.1156551,-0.4224656,moving,-49.91833,-23.66827,10.28863,7.154745,-9.637688701256376,3.128206478711,67.6382753042375,20.329072518131856,116.18628108126602
843,05/05/2023 11:21:57.025852,1025,True,True,True,True,Eyes,1.511708,0.0485821,-3.567836,0.7386734,0.2706411,-0.6173452,0.0,0.0,0.0,0.0,0.0,0.0,0.0,-2.592424,0.1924341,-2.963266,1.612642,0.05437864,-3.596536,-0.04606988,0.8407965,0.03851606,0.5380107,353.4344,114.8903,357.9218,0.3786263,0.01217614,-0.9254693,0.1409789,-0.004965356,0.0158167,3.166716,0.4970821,-4.706026,0.3439539,0.2378482,1.915,-0.4168442,-0.03602669,-0.9082638,-0.1189149,0.9927881,0.01519615,0.901166,0.1143405,-0.418122,moving,-50.11286,-23.67241,10.18235,7.080033,-9.649336092362692,3.13297789794303,67.68474790831645,20.22065818030377,116.14681337221046
844,05/05/2023 11:21:57.045786,1026,True,True,True,True,Eyes,1.51671,0.04880057,-3.569458,0.7411776,0.2695715,-0.6148065,0.0,0.0,0.0,0.0,0.0,0.0,0.0,-2.606147,0.1977334,-2.958736,1.621431,0.05355554,-3.59907,-0.04509163,0.8394455,0.03893769,0.5401685,353.4491,114.5899,358.0596,0.3797762,0.01221228,-0.9249975,0.1325202,-0.004667434,0.01486769,3.183481,0.4940565,-4.696382,0.3400282,0.2351328,1.915,-0.4123698,-0.03363811,-0.9103955,-0.1177697,0.9929012,0.01665798,0.9033724,0.1140863,-0.413404,moving,-50.32431,-23.6758,10.06852,7.00001,-9.662054734582185,3.1382207985674717,67.73698572098554,20.10494951978825,116.1018434393395
845,05/05/2023 11:21:57.056285,1027,True,True,True,True,Eyes,1.521875,0.04900051,-3.571095,0.7437567,0.2685204,-0.6121461,0.0,0.0,0.0,0.0,0.0,0.0,0.0,-2.623019,0.1983455,-2.951182,1.630278,0.05284221,-3.601172,-0.0439257,0.8377832,0.03877197,0.5428506,353.5316,114.2194,358.183,0.3809054,0.01224932,-0.9245326,0.124569,-0.004387388,0.01397563,3.201969,0.4888532,-4.684666,0.3361675,0.2324635,1.915,-0.4067677,-0.03150565,-0.9129883,-0.1156952,0.9931345,0.01727481,0.906176,0.1126552,-0.4076201,moving,-50.54404,-23.68485,9.956505,6.921317,-9.67498176125692,3.143387838666637,67.80157375554725,19.991698807391497,116.04636964483706
846,05/05/2023 11:21:57.079657,1028,True,True,True,True,Eyes,1.527209,0.04919515,-3.572718,0.746505,0.2674096,-0.6092802,0.0,0.0,0.0,0.0,0.0,0.0,0.0,-2.642741,0.1944048,-2.941347,1.639303,0.05260381,-3.603238,-0.04394259,0.8358138,0.03828308,0.5459109,353.571,113.8015,358.1744,0.3820185,0.01228665,-0.9240727,0.1170948,-0.004124145,0.01313709,3.22096,0.4847592,-4.67192,0.3323295,0.2298098,1.914999,-0.4001004,-0.03165734,-0.9159242,-0.1152539,0.9932069,0.01601756,0.9091952,0.1119725,-0.4010311,moving,-50.77946,-23.69639,9.845073,6.843065,-9.68873523004852,3.148830045314135,67.88219437499876,19.88006629437473,115.97620516729314
847,05/05/2023 11:21:57.096001,1029,True,True,True,True,Eyes,1.532695,0.0493873,-3.574341,0.7492903,0.2663911,-0.6063001,0.0,0.0,0.0,0.0,0.0,0.0,0.0,-2.663718,0.19062,-2.929841,1.648451,0.05268282,-3.604932,-0.0454389,0.8336273,0.0380972,0.5491352,353.4874,113.3631,358.0437,0.3831215,0.01232408,-0.9236155,0.1100692,-0.003876696,0.01234887,3.239386,0.4842662,-4.658183,0.3284358,0.2271172,1.915,-0.3927716,-0.0339172,-0.9190103,-0.1175992,0.9929678,0.01361351,0.912086,0.1134219,-0.3939982,moving,-51.0214,-23.71933,9.731943,6.763631,-9.702288937715032,3.1538593317947727,67.97190299677632,19.76663407121911,115.90006101337721
848,05/05/2023 11:21:57.105883,1030,True,True,True,True,Eyes,1.538337,0.04959469,-3.575939,0.7521054,0.2653499,-0.6032635,0.0,0.0,0.0,0.0,0.0,0.0,0.0,-2.68414,0.1861901,-2.918703,1.657565,0.05280966,-3.606632,-0.04718648,0.8314706,0.03787725,0.552264,353.3902,112.9377,357.8866,0.3842183,0.01236153,-0.9231592,0.103465,-0.003644095,0.01160794,3.257285,0.484144,-4.644798,0.3245625,0.2244383,1.915001,-0.3855561,-0.03663186,-0.9219571,-0.1203048,0.9926775,0.01086885,0.914808,0.1151064,-0.3871399,moving,-51.26691,-23.74265,9.619325,6.684577,-9.71604046516688,3.1589607178120573,68.06577521327995,19.654168205263655,115.81990323086437
849,05/05/2023 11:21:57.126038,1031,True,True,True,True,Eyes,1.54412,0.0498091,-3.577518,0.754934,0.2643534,-0.6001598,0.0,0.0,0.0,0.0,0.0,0.0,0.0,-2.702673,0.1815554,-2.908714,1.666757,0.05339272,-3.60792,-0.04928915,0.8294225,0.03773892,0.5551619,353.262,112.5438,357.6996,0.3853133,0.01239937,-0.9227023,0.0,0.0,0.0,3.274302,0.4853856,-4.631873,0.3207479,0.2218007,1.915001,-0.3787318,-0.03986065,-0.9246477,-0.1236655,0.9922928,0.007876105,0.9172072,0.1173299,-0.3807422,moving,-51.51589,-23.77213,9.508345,6.606718,-9.729680813709855,3.1638376224507847,68.16767315335275,19.543670650701216,115.73344526789808
850,05/05/2023 11:21:57.145782,1032,True,True,True,True,Eyes,1.550049,0.0500221,-3.579026,0.757787,0.2632167,-0.597056,0.0,0.0,0.0,0.0,0.0,0.0,0.0,-2.718705,0.1742121,-2.90091,1.6759,0.05377905,-3.609078,-0.0506021,0.8276283,0.03709071,0.5577593,353.2324,112.1906,357.5538,0.386409,0.01243769,-0.9222434,0.0,0.0,0.0,3.291204,0.4833941,-4.619941,0.3168442,0.2191013,1.915001,-0.3726885,-0.04238408,-0.9269882,-0.1251348,0.9921274,0.004947052,0.9194808,0.1178422,-0.3750581,moving,-51.76563,-23.79065,9.394698,6.52701,-9.74394187105574,3.169291509718988,68.26233389610397,19.430949785688284,115.65111553306754
851,05/05/2023 11:21:57.156403,1033,True,True,True,True,Eyes,1.556094,0.05022776,-3.580498,0.7607043,0.2619334,-0.5939023,0.0,0.0,0.0,0.0,0.0,0.0,0.0,-2.732427,0.1634778,-2.89483,1.684967,0.05399272,-3.609832,-0.05075062,0.8260681,0.03579043,0.5601385,353.3395,111.8663,357.4754,0.3875097,0.01247643,-0.9217809,0.0,0.0,0.0,3.308426,0.4771408,-4.608485,0.3129335,0.2163965,1.915001,-0.3673389,-0.04375174,-0.9290578,-0.1239421,0.9922868,0.002275913,0.9217921,0.1159854,-0.3699282,moving,-52.01989,-23.79929,9.280768,6.447114,-9.75899636169668,3.175363737210533,68.35653316373043,19.318824413793866,115.56664675348296
852,05/05/2023 11:21:57.179830,1034,True,True,True,True,Eyes,1.562253,0.0504339,-3.581912,0.7637292,0.2603682,-0.5906998,0.0,0.0,0.0,0.0,0.0,0.0,0.0,-2.746404,0.147789,-2.888375,1.69373,0.05406774,-3.610491,-0.04928953,0.8245502,0.0335946,0.5626358,353.6348,111.5237,357.4925,0.3886167,0.01251533,-0.9213142,0.0,0.0,0.0,3.326835,0.4651852,-4.596619,0.3091405,0.2137738,1.915,-0.3620231,-0.04348032,-0.9311545,-0.1190864,0.9928839,-6.322947e-05,0.924531,0.110865,-0.3646249,moving,-52.28015,-23.78689,9.170204,6.369626,-9.775519388054832,3.18265990082816,68.45116115876758,19.211902238299007,115.47634470708363
853,05/05/2023 11:21:57.196306,1035,True,True,True,True,Eyes,1.568513,0.05061667,-3.583271,0.7668153,0.2586575,-0.5874441,0.0,0.0,0.0,0.0,0.0,0.0,0.0,-2.759739,0.1301487,-2.882079,1.702514,0.05435999,-3.610812,-0.04745293,0.8230679,0.03111581,0.5651012,353.9814,111.1848,357.5249,0.3897323,0.01255438,-0.9208423,0.0,0.0,0.0,3.345397,0.4518076,-4.584458,0.3053136,0.2111274,1.915001,-0.3568179,-0.04294682,-0.9331864,-0.1132811,0.99356,-0.002410573,0.9272802,0.1048523,-0.359385,moving,-52.54489,-23.76437,9.058579,6.291409,-9.792845985266542,3.190585588685483,68.54441803772794,19.104746263776647,115.38460799271301
854,05/05/2023 11:21:57.205931,1036,True,True,True,True,Eyes,1.574878,0.05076863,-3.584551,0.7700187,0.2565712,-0.5841597,0.0,0.0,0.0,0.0,0.0,0.0,0.0,-2.772862,0.1170225,-2.875189,1.7112,0.05417557,-3.610821,-0.04513081,0.8215815,0.02907286,0.5675579,354.3184,110.8433,357.6296,0.3908577,0.01259294,-0.9203647,0.0,0.0,0.0,3.363817,0.438478,-4.571309,0.3012475,0.2083162,1.915,-0.3516826,-0.0411562,-0.9352141,-0.1071583,0.994236,-0.003457238,0.9299658,0.09900013,-0.3540657,moving,-52.81494,-23.71176,8.939903,6.208298,-9.81207329862175,3.2001779012291154,68.62121031195831,18.99171929112004,115.3008954216505
855,05/05/2023 11:21:57.226000,1037,True,True,True,True,Eyes,1.581337,0.05091584,-3.585766,0.7732866,0.2543461,-0.5808063,0.0,0.0,0.0,0.0,0.0,0.0,0.0,-2.78661,0.09884463,-2.867758,1.719811,0.05364804,-3.610868,-0.04174954,0.8200711,0.02617734,0.5701362,354.8053,110.4846,357.7772,0.391995,0.0126303,-0.9198803,0.0,0.0,0.0,3.383065,0.420271,-4.558093,0.2975064,0.2057287,1.915001,-0.3464036,-0.03862589,-0.9372902,-0.09832449,0.9951434,-0.004671293,0.9329187,0.09054042,-0.3485191,moving,-53.09023,-23.64952,8.830637,6.131773,-9.83212485673363,3.210394276449565,68.71040083410617,18.890027362806144,115.20245390557487
856,05/05/2023 11:21:57.246089,1038,True,True,True,True,Eyes,1.587894,0.05104633,-3.586914,0.7766301,0.252058,-0.5773321,0.0,0.0,0.0,0.0,0.0,0.0,0.0,-2.800712,0.08699138,-2.859313,1.728462,0.05358883,-3.610647,-0.03892028,0.8184528,0.02423362,0.5727417,355.1671,110.1197,357.9324,0.3931454,0.01266645,-0.9193888,0.0,0.0,0.0,3.401509,0.4066119,-4.543931,0.2936964,0.2030952,1.915,-0.3409045,-0.03594962,-0.9394104,-0.09146802,0.9957959,-0.004914385,0.9356377,0.08425067,-0.3427595,moving,-53.37358,-23.58564,8.7193,6.053869,-9.852753936545056,3.220900496795412,68.804260336519,18.786881006758094,115.09878026066356
857,05/05/2023 11:21:57.256180,1039,True,True,True,True,Eyes,1.754207,0.05362564,-3.614241,0.8537406,0.1931151,-0.4835634,0.0,0.0,0.0,0.0,0.0,0.0,0.0,-2.81569,0.07941219,-2.85003,1.737211,0.05334838,-3.610587,-0.03677718,0.8167187,0.02292219,0.5754066,355.4249,109.7453,358.0629,0.3943101,0.0127011,-0.9188895,0.0,0.0,0.0,3.41943,0.3959865,-4.529343,0.2898064,0.2004045,1.915001,-0.3351096,-0.03369406,-0.9415765,-0.08645236,0.996244,-0.004881695,0.9382046,0.07976561,-0.3367639,moving,-60.47254,-21.76972,8.60555,5.974247,-10.380881044444346,3.4950816709595425,74.44132066900204,19.14760623509258,109.18605099844895
858,05/05/2023 11:21:57.280151,1040,True,True,True,True,Eyes,1.754567,0.05358981,-3.614195,0.8538499,0.1931327,-0.4833633,0.0,0.0,0.0,0.0,0.0,0.0,0.0,-2.830108,0.07773207,-2.841018,1.746121,0.05281441,-3.61043,-0.03539865,0.8149875,0.02243921,0.5779611,355.5555,109.3849,358.1744,0.3986154,0.01276733,-0.917029,0.4989374,0.00773795,-0.08198118,3.436395,0.3891732,-4.514825,0.285947,0.1977354,1.915001,-0.3294159,-0.03176092,-0.9436506,-0.08363688,0.9964868,-0.004342742,0.9404734,0.07749341,-0.3309149,moving,-60.48586,-21.77968,8.49263,5.895241,-10.381171476904324,3.4949161529631327,74.32316822523339,19.02582301927826,109.30047415779909
859,05/05/2023 11:21:57.296242,1041,True,True,True,True,Eyes,1.755269,0.05351297,-3.614135,0.8540899,0.193089,-0.4829567,0.0,0.0,0.0,0.0,0.0,0.0,0.0,-2.843332,0.08072117,-2.832393,1.754914,0.05190447,-3.609858,-0.03368689,0.8133387,0.02243547,0.5803811,355.6644,109.0409,358.3475,0.4024548,0.01282539,-0.9153497,0.4690011,0.007273673,-0.07706231,3.452762,0.3830195,-4.500119,0.2821318,0.1950974,1.915001,-0.3240462,-0.02875545,-0.9456044,-0.08083995,0.9967237,-0.002607191,0.9425813,0.07559774,-0.3253091,moving,-60.51342,-21.79182,8.38094,5.817139,-10.38221616174887,3.49500443549009,74.22053258279195,18.906304188970044,109.40039978695957
860,05/05/2023 11:21:57.305991,1042,True,True,True,True,Eyes,1.756309,0.05340987,-3.614004,0.85442,0.1931175,-0.4823609,0.0,0.0,0.0,0.0,0.0,0.0,0.0,-2.856137,0.08673656,-2.824393,1.763815,0.05086342,-3.609516,-0.03126124,0.8117565,0.02266818,0.5827181,355.8002,108.706,358.6018,0.4059193,0.01287546,-0.913818,0.440861,0.006837253,-0.07243857,3.469301,0.3759946,-4.485335,0.2779766,0.1922237,1.915002,-0.3189249,-0.0243347,-0.9474676,-0.07717134,0.9970177,0.0003691215,0.9446331,0.07323506,-0.3198518,moving,-60.55319,-21.81913,8.259219,5.732025,-10.383210551388157,3.4946337475169766,74.12296387906589,18.77621099144228,109.49912783006097
861,05/05/2023 11:21:57.326024,1043,True,True,True,True,Eyes,1.75766,0.05326427,-3.613851,0.8548485,0.1930985,-0.4816087,0.0,0.0,0.0,0.0,0.0,0.0,0.0,-2.867078,0.09357527,-2.817585,1.772588,0.05010401,-3.608753,-0.02925676,0.8103043,0.02309949,0.5848227,355.8909,108.4036,358.8283,0.4090548,0.0129177,-0.9124181,0.4144094,0.006427018,-0.06809226,3.484667,0.3708699,-4.471496,0.2742789,0.1896672,1.915001,-0.3142529,-0.02039554,-0.9491202,-0.07443196,0.9972209,0.003215191,0.9464169,0.07165527,-0.3148976,moving,-60.60375,-21.84806,8.150844,5.656292,-10.384778125266449,3.494456990121096,74.05189784904057,18.661265181669897,109.57286707775256
862,05/05/2023 11:21:57.345755,1044,True,True,True,True,Eyes,1.759313,0.05306563,-3.613643,0.8553854,0.1930715,-0.4806654,0.0,0.0,0.0,0.0,0.0,0.0,0.0,-2.877173,0.09843738,-2.811807,1.781421,0.04895648,-3.608077,-0.02746518,0.8089363,0.02326012,0.5867935,355.9938,108.121,359.0157,0.4119017,0.01295182,-0.9111359,0.3895448,0.006041396,-0.06400672,3.499758,0.364691,-4.458385,0.2705147,0.1870642,1.914999,-0.3098379,-0.0171374,-0.9506348,-0.07173294,0.9974092,0.005399131,0.9480794,0.06986468,-0.3102646,moving,-60.66713,-21.88412,8.040458,5.579162,-10.386753942270849,3.494245867290201,73.99300309481477,18.544784044194284,109.6365607161131
863,05/05/2023 11:21:57.356187,1045,True,True,True,True,Eyes,1.761248,0.05279836,-3.613406,0.8560001,0.1929847,-0.4796048,0.0,0.0,0.0,0.0,0.0,0.0,0.0,-2.885827,0.1026863,-2.806972,1.79017,0.04747681,-3.607031,-0.02584861,0.8076763,0.02332464,0.5885974,356.0948,107.8623,359.1789,0.4144963,0.01297732,-0.9099581,0.3661721,0.005678913,-0.06016632,3.514342,0.3580138,-4.445544,0.2666225,0.1843722,1.915,-0.3057702,-0.01429696,-0.9519982,-0.06921227,0.9975756,0.007248679,0.9495866,0.06810638,-0.3060184,moving,-60.7387,-21.919,7.926249,5.499367,-10.389291103443988,3.4943045194478444,73.9367437078432,18.42496363176283,109.69726042707491
864,05/05/2023 11:21:57.380556,1046,True,True,True,True,Eyes,1.763451,0.05247792,-3.613114,0.8567339,0.1927655,-0.4783811,0.0,0.0,0.0,0.0,0.0,0.0,0.0,-2.893873,0.1066834,-2.802879,1.798841,0.04558431,-3.606121,-0.02410449,0.8064945,0.0232795,0.5902911,356.2153,107.6192,359.3456,0.4168702,0.01299333,-0.9088728,0.3442018,0.005338178,-0.05655634,3.528621,0.3502994,-4.433351,0.2627798,0.1817149,1.915001,-0.3019508,-0.01139692,-0.9532554,-0.06636363,0.997754,0.009092241,0.9510109,0.0660069,-0.302029,moving,-60.82199,-21.94716,7.813431,5.42058,-10.392895225363828,3.4950051631612253,73.89055561135564,18.307871342038577,109.74638428925245
865,05/05/2023 11:21:57.396164,1047,True,True,True,True,Eyes,1.765916,0.05209514,-3.612771,0.8575019,0.1925341,-0.4770965,0.0,0.0,0.0,0.0,0.0,0.0,0.0,-2.899433,0.1039654,-2.800937,1.80745,0.04399876,-3.604713,-0.02270385,0.8055304,0.02247732,0.5916926,356.3834,107.4207,359.4272,0.4190519,0.01299949,-0.9078689,0.3235497,0.005017887,-0.05316296,3.542331,0.3408432,-4.422232,0.2588461,0.1789949,1.915,-0.2987688,-0.009977954,-0.9542733,-0.0631766,0.9979586,0.009344924,0.9522321,0.06307972,-0.2987893,moving,-60.90933,-21.97672,7.697881,5.339916,-10.396672989285236,3.4957383136034554,73.84543319363098,18.188289513040008,109.79472651001484
866,05/05/2023 11:21:57.406103,1048,True,True,True,True,Eyes,1.768626,0.05164251,-3.612335,0.8585715,0.1919115,-0.4754208,0.0,0.0,0.0,0.0,0.0,0.0,0.0,-2.904078,0.1055052,-2.799689,1.816177,0.04212656,-3.603164,-0.02231978,0.8046179,0.02234455,0.5929524,356.4209,107.2412,359.4593,0.4210668,0.01299521,-0.9069363,0.3041367,0.004716814,-0.04997319,3.555143,0.3352092,-4.41149,0.2549328,0.1762883,1.915,-0.2958185,-0.009419275,-0.9551976,-0.06241629,0.9980051,0.009488524,0.9532027,0.06242678,-0.2958163,moving,-61.02518,-21.98229,7.582869,5.259629,-10.403446763600869,3.4984219550546425,73.81860563834135,18.07233811666665,109.81871828148894
867,05/05/2023 11:21:57.425949,1049,True,True,True,True,Eyes,1.771569,0.05112035,-3.611833,0.8596841,0.1912238,-0.4736841,0.0,0.0,0.0,0.0,0.0,0.0,0.0,-2.909564,0.103832,-2.796766,1.824618,0.04001518,-3.601029,-0.02159838,0.8035787,0.02173024,0.5944095,356.5257,107.0346,359.4904,0.4229376,0.01297981,-0.9060656,0.2858885,0.004433805,-0.04697479,3.568257,0.3272325,-4.399621,0.2512233,0.1737241,1.914999,-0.2924217,-0.008878674,-0.9562482,-0.06054531,0.9981226,0.009247349,0.9543709,0.06060047,-0.2924102,moving,-61.14533,-21.98368,7.47379,5.183546,-10.410701846124216,3.501428352030445,73.80136718319977,17.963423069551478,109.83233596516172
868,05/05/2023 11:21:57.445803,1050,True,True,True,True,Eyes,1.774675,0.05055514,-3.611438,0.8620531,0.1891504,-0.4701984,0.0,0.0,0.0,0.0,0.0,0.0,0.0,-2.914628,0.1056456,-2.794371,1.83315,0.03785366,-3.599007,-0.01977471,0.8025995,0.02135934,0.5958077,356.6836,106.8339,359.639,0.4246846,0.01295267,-0.9052485,0.2687352,0.004167777,-0.04415631,3.5817,0.3178168,-4.387572,0.2473218,0.1710262,1.915,-0.2892442,-0.006290215,-0.9572346,-0.05719447,0.9983055,0.01072215,0.9555452,0.05784985,-0.2891138,moving,-61.39018,-21.91383,7.359004,5.103474,-10.429295675030165,3.5112522521691014,73.8673474283074,17.859416995606097,109.74486002006373
869,05/05/2023 11:21:57.456226,1051,True,True,True,True,Eyes,1.778005,0.04996614,-3.610968,0.8643352,0.1871712,-0.4667887,0.0,0.0,0.0,0.0,0.0,0.0,0.0,-2.915439,0.11887,-2.795373,1.841558,0.03654095,-3.596576,-0.01595654,0.8020203,0.02218073,0.5966715,356.8689,106.703,0.05016782,0.4263218,0.01291387,-0.9044792,0.2526111,0.00391771,-0.04150693,3.594305,0.3093844,-4.376449,0.2433569,0.1682839,1.914999,-0.2874568,0.0008742901,-0.9577931,-0.05206414,0.9985068,0.01653717,0.9563773,0.05462041,-0.2869821,moving,-61.62851,-21.84962,7.242292,5.022067,-10.447196287358803,3.5206222734320214,73.92749779580784,17.753093593386563,109.66430763215074
870,05/05/2023 11:21:57.481081,1052,True,True,True,True,Eyes,1.781544,0.04932432,-3.610391,0.8665913,0.1851788,-0.4633879,0.0,0.0,0.0,0.0,0.0,0.0,0.0,-2.911316,0.1467873,-2.80115,1.850264,0.03535802,-3.594304,-0.01188209,0.8018985,0.02480975,0.5968269,356.9061,106.6654,0.6058111,0.427866,0.01286396,-0.9037504,0.2374544,0.003682648,-0.03901651,3.605259,0.306655,-4.367898,0.2395625,0.1656604,1.915,-0.287313,0.01055779,-0.9577786,-0.0486707,0.9984866,0.02560668,0.9565995,0.05397289,-0.2863643,moving,-61.86548,-21.78261,7.13054,4.944163,-10.465160686976596,3.530099896153078,73.99169663437871,17.6524292132083,109.5789895983303
871,05/05/2023 11:21:57.496244,1053,True,True,True,True,Eyes,1.78527,0.04860955,-3.609708,0.8688396,0.1830058,-0.4600289,0.0,0.0,0.0,0.0,0.0,0.0,0.0,-2.904809,0.1712752,-2.808254,1.858789,0.03348145,-3.591285,-0.006564429,0.8019279,0.02673107,0.5967864,357.0934,106.6564,1.226488,0.4293318,0.01280277,-0.9030558,0.2232071,0.003461689,-0.03667552,3.616358,0.2984033,-4.359499,0.2357492,0.1630236,1.915001,-0.2876058,0.02137708,-0.9575103,-0.04243388,0.9984847,0.03503766,0.9568084,0.05070791,-0.2862628,moving,-62.0999,-21.69334,7.018176,4.865844,-10.484136093320087,3.540644544596084,74.0452475496411,17.552409584116404,109.49787394312285
872,05/05/2023 11:21:57.505930,1054,True,True,True,True,Eyes,1.789162,0.04781989,-3.608897,0.8712171,0.1803516,-0.4565677,0.0,0.0,0.0,0.0,0.0,0.0,0.0,-2.904593,0.1760896,-2.809448,1.866986,0.03105928,-3.588045,-0.001173409,0.8013318,0.02613719,0.5976478,357.5188,106.531,1.684088,0.4307319,0.01272961,-0.9023899,0.2098147,0.003253988,-0.03447499,3.629615,0.2807866,-4.347897,0.2317246,0.1602394,1.915,-0.2856314,0.02936109,-0.9578896,-0.03312225,0.9986309,0.04048656,0.957767,0.04329169,-0.2842679,moving,-62.34289,-21.55482,6.899529,4.783135,-10.506215118441803,3.5539139482639737,74.08238969251455,17.449094896604304,109.41913988748432
873,05/05/2023 11:21:57.525702,1055,True,True,True,True,Eyes,1.793212,0.04698682,-3.607975,0.8736002,0.1772037,-0.4532345,0.0,0.0,0.0,0.0,0.0,0.0,0.0,-2.908442,0.1487775,-2.807534,1.874814,0.02866823,-3.584364,0.002878889,0.8004222,0.02175501,0.599035,358.2019,106.3501,1.758556,0.4320771,0.01264388,-0.9017477,0.1972258,0.003058749,-0.03240649,3.643713,0.2532751,-4.335781,0.2280185,0.1576773,1.915001,-0.2822979,0.03067267,-0.9588364,-0.02145537,0.9990368,0.03827549,0.959087,0.03137727,-0.2813679,moving,-62.57916,-21.3543,6.790221,4.707001,-10.53113338934132,3.5701650955082087,74.10332266596258,17.35862073307944,109.33995225770015
874,05/05/2023 11:21:57.545709,1056,True,True,True,True,Eyes,1.79743,0.04612802,-3.606878,0.8759457,0.1738579,-0.4499916,0.0,0.0,0.0,0.0,0.0,0.0,0.0,-2.908171,0.09858575,-2.810668,1.88267,0.0269352,-3.580762,0.005950523,0.8000308,0.01475701,0.599748,359.056,106.2726,1.56012,0.4333779,0.01254573,-0.9011247,0.1853923,0.002875224,-0.0304621,3.656566,0.2194841,-4.327549,0.2241139,0.1549779,1.915001,-0.2805342,0.02722217,-0.959458,-0.008179763,0.9994937,0.03074975,0.9598092,0.01647449,-0.2801694,moving,-62.80949,-21.12444,6.675002,4.62677,-10.557226937471048,3.587756597704024,74.1027627350166,17.263524060966386,109.27389931826123
875,05/05/2023 11:21:57.556195,1057,True,True,True,True,Eyes,1.801783,0.04538571,-3.605631,0.8782586,0.1699563,-0.4469638,0.0,0.0,0.0,0.0,0.0,0.0,0.0,-2.900137,0.05596204,-2.82019,1.890605,0.02563474,-3.57664,0.007775353,0.8003389,0.008981887,0.5994303,359.7103,106.3324,1.330193,0.434643,0.01243583,-0.9005166,0.1742687,0.00270271,-0.02863437,3.666625,0.192669,-4.322807,0.2202185,0.1522837,1.915,-0.2812459,0.02321387,-0.959355,0.001677804,0.9997178,0.02369867,0.9596343,0.005055541,-0.2812054,moving,-63.02752,-20.81912,6.560005,4.54668,-10.586524776798443,3.60887162661952,74.06650690606129,17.17215676412891,109.22322208418724
876,05/05/2023 11:21:57.581250,1058,True,True,True,True,Eyes,1.806308,0.04481976,-3.604279,0.8804884,0.1666595,-0.4438072,0.0,0.0,0.0,0.0,0.0,0.0,0.0,-2.891339,-0.007701639,-2.828709,1.898207,0.02774588,-3.571768,0.01102117,0.8006293,0.0007972114,0.5990584,0.683446,106.3962,1.066004,0.4358802,0.01231829,-0.8999201,0.1638126,0.002540548,-0.02691631,3.676671,0.1585304,-4.317694,0.2163923,0.1496379,1.915001,-0.2820155,0.01860289,-0.9592297,0.01669258,0.9997558,0.01448118,0.9592649,-0.0119281,-0.2822571,moving,-63.24977,-20.58227,6.446991,4.468004,-10.612491836811126,3.626611766534531,74.06183039438194,17.080219423356052,109.16002311545715
877,05/05/2023 11:21:57.596253,1059,True,True,True,True,Eyes,1.811,0.04422936,-3.602793,0.8825528,0.1640267,-0.4406765,0.0,0.0,0.0,0.0,0.0,0.0,0.0,-2.884527,-0.02074318,-2.83585,1.907038,0.03131485,-3.56724,0.006453266,0.8006534,0.0003367511,0.599093,0.4121304,106.3905,0.615221,0.4370971,0.01219822,-0.8993313,0.1539838,0.002388115,-0.02530133,3.685678,0.1667651,-4.310259,0.2125128,0.1469553,1.915,-0.2820917,0.01073715,-0.9593272,0.009930167,0.9999165,0.008271454,0.9593359,-0.007192971,-0.2821748,moving,-63.46612,-20.41606,6.332359,4.388224,-10.63439718226802,3.640607454350226,74.07482821759424,16.983219537174318,109.09802715516794
878,05/05/2023 11:21:57.616431,1060,True,True,True,True,Eyes,1.815803,0.04375501,-3.601137,0.8847863,0.1611733,-0.4372371,0.0,0.0,0.0,0.0,0.0,0.0,0.0,-2.882144,0.01480062,-2.838253,1.915732,0.03011886,-3.562545,0.001675316,0.8001527,0.005362362,0.5997702,359.6235,106.2901,0.522177,0.4382998,0.01207532,-0.8987474,0.1447448,0.002244828,-0.02378325,3.694778,0.1887746,-4.298281,0.2084991,0.1441797,1.915,-0.280546,0.009113386,-0.9597973,-0.003751351,0.9999369,0.01059103,0.9598333,0.006571807,-0.2804941,moving,-63.70268,-20.23477,6.213708,4.305656,-10.658325396008395,3.6558878276135114,74.09813640860355,16.88454055027465,109.02171996061985
879,05/05/2023 11:21:57.626039,1061,True,True,True,True,Eyes,1.940442,0.03642756,-3.556598,0.9332483,0.0995073,-0.3451752,0.0,0.0,0.0,0.0,0.0,0.0,0.0,-2.891936,-0.02505727,-2.826338,1.923075,0.03248374,-3.557083,0.005670474,0.7983611,6.816149e-05,0.6021523,0.3850387,105.952,0.5234881,0.4394933,0.0119528,-0.8981661,0.1360601,0.002110138,-0.02235625,3.70928,0.1631255,-4.279337,0.2048389,0.1416485,1.915,-0.274761,0.00913626,-0.9614691,0.008972086,0.9999357,0.006937813,0.9614707,-0.006720143,-0.2748253,moving,-69.70237,-16.08124,6.105454,4.230343,-11.241910212127433,4.020826810862063,78.4817595596637,17.348629402396906,103.6507023170643
880,05/05/2023 11:21:57.645949,1062,True,True,True,True,Eyes,1.940772,0.03648155,-3.556406,0.9333213,0.1001513,-0.3447915,0.0,0.0,0.0,0.0,0.0,0.0,0.0,-2.904363,-0.0209894,-2.814075,1.932418,0.036476,-3.552351,0.0008616383,0.796267,0.001805409,0.6049423,359.895,105.5503,0.2037746,0.4435848,0.01165243,-0.8961563,0.5018125,-0.01999879,0.1126013,3.723329,0.17967,-4.258795,0.2009655,0.1389707,1.915001,-0.2680886,0.003556524,-0.9633879,-0.000812148,0.999992,0.003917657,0.9633942,0.001832692,-0.2680835,moving,-69.72455,-16.19695,5.990849,4.150653,-11.237199207224467,4.015508859437442,78.40182774384031,17.228578263141117,103.74797977695087
881,05/05/2023 11:21:57.656100,1063,True,True,True,True,Eyes,1.941426,0.03660861,-3.556019,0.9334925,0.1006438,-0.344184,0.0,0.0,0.0,0.0,0.0,0.0,0.0,-2.916378,-0.002908644,-2.800822,1.940752,0.0376734,-3.547102,-0.005531355,0.7941468,0.005199315,0.6076788,359.1416,105.1548,359.8587,0.4471599,0.01138836,-0.8943812,0.4717038,-0.01879887,0.1058452,3.735426,0.2020091,-4.237513,0.1968861,0.1361491,1.915001,-0.2613922,-0.002466389,-0.9652297,-0.01510444,0.9998847,0.001535464,0.9651147,0.01498061,-0.2613993,moving,-69.76078,-16.29959,5.870097,4.066662,-11.23403003976274,4.01121558698541,78.32505203519901,17.104216909787453,103.8388818207844
882,05/05/2023 11:21:57.681151,1064,True,True,True,True,Eyes,1.94242,0.03682393,-3.555417,0.9335713,0.1014396,-0.3437362,0.0,0.0,0.0,0.0,0.0,0.0,0.0,-2.928515,-0.02463616,-2.787526,1.949164,0.03958957,-3.542075,-0.006248473,0.7920449,0.002837971,0.6104244,359.3053,104.7598,359.6314,0.4503881,0.01115369,-0.8927628,0.4434015,-0.01767093,0.09949452,3.749811,0.1952455,-4.217294,0.1933371,0.1336948,1.915001,-0.2546864,-0.006433408,-0.9670026,-0.01336288,0.9999058,-0.003132838,0.9669316,0.01212404,-0.2547484,moving,-69.78655,-16.4418,5.765006,3.993595,-11.228149261202589,4.004641562390461,78.26648697129035,16.993158851663743,103.92171033647377
883,05/05/2023 11:21:57.697302,1065,True,True,True,True,Eyes,1.943705,0.03708357,-3.554641,0.9337371,0.1024183,-0.3429948,0.0,0.0,0.0,0.0,0.0,0.0,0.0,-2.938331,-0.002505886,-2.776926,1.958157,0.0418181,-3.536804,-0.009440073,0.7901288,0.00638523,0.612835,358.7589,104.4091,359.5936,0.4533138,0.01094772,-0.8912834,0.4167975,-0.01661068,0.09352485,3.762393,0.2129203,-4.196904,0.189439,0.1309993,1.915001,-0.2486885,-0.007091561,-0.9685576,-0.02274393,0.9997402,-0.001480106,0.9683165,0.02166072,-0.2487851,moving,-69.82993,-16.62563,5.64953,3.913332,-11.221161425568544,3.9964013925936968,78.22402343224903,16.87089593651558,103.99733789607225
884,05/05/2023 11:21:57.716337,1066,True,True,True,True,Eyes,1.945271,0.03735193,-3.553706,0.9339818,0.1032429,-0.3420804,0.0,0.0,0.0,0.0,0.0,0.0,0.0,-2.952824,0.02524776,-2.761032,1.966411,0.04308708,-3.531921,-0.008863049,0.7877684,0.009943605,0.6158278,358.4767,103.9692,359.9016,0.4559755,0.01076868,-0.8899268,0.3917896,-0.01561404,0.08791336,3.776,0.2218661,-4.173391,0.1854437,0.128237,1.915001,-0.2413556,-0.001716959,-0.9704355,-0.02621115,0.9996451,0.004750292,0.9700829,0.02658273,-0.2413149,moving,-69.88423,-16.79428,5.531129,3.831061,-11.215635103399933,3.9892130733473534,78.18491583716876,16.747510860221247,104.06625298853044
885,05/05/2023 11:21:57.725998,1067,True,True,True,True,Eyes,1.947123,0.03757799,-3.552659,0.9343244,0.1042087,-0.3408496,0.0,0.0,0.0,0.0,0.0,0.0,0.0,-2.971264,0.05758699,-2.74086,1.974668,0.04354962,-3.527439,-0.005199687,0.7849724,0.01349193,0.6193621,358.4171,103.4447,0.4900465,0.4584075,0.0106141,-0.8886783,0.3682822,-0.01467719,0.08263855,3.791042,0.223662,-4.147462,0.1817958,0.1257135,1.915001,-0.2327271,0.008549556,-0.9725044,-0.02487599,0.9995818,0.0147406,0.9722238,0.02762255,-0.2324171,moving,-69.9576,-17.00008,5.42298,3.75589,-11.209325018706648,3.980623382404004,78.18594587121972,16.633823232452038,104.10461198081937
886,05/05/2023 11:21:57.745802,1068,True,True,True,True,Eyes,1.949217,0.03776538,-3.551484,0.9347895,0.1045024,-0.3394818,0.0,0.0,0.0,0.0,0.0,0.0,0.0,-2.987331,0.1002695,-2.723651,1.983318,0.04271113,-3.523791,-0.001966755,0.7824118,0.01822256,0.6224917,358.2256,102.9706,1.124134,0.4606398,0.01048052,-0.8875248,0.3461853,-0.01379656,0.07768024,3.805412,0.2282937,-4.123321,0.1777059,0.1228851,1.915,-0.2250004,0.01960916,-0.9741612,-0.02576441,0.9993281,0.02606652,0.9740179,0.03096367,-0.2243441,moving,-70.04081,-17.10989,5.301682,3.671621,-11.208645409951384,3.9771685651965454,78.15601256597719,16.513154468434838,104.1510665342501
887,05/05/2023 11:21:57.755903,1069,True,True,True,True,Eyes,1.951554,0.0379889,-3.550203,0.9353636,0.1044866,-0.3379017,0.0,0.0,0.0,0.0,0.0,0.0,0.0,-3.003207,0.1012633,-2.706614,1.991192,0.04208099,-3.519751,0.003619236,0.7799155,0.01736706,0.6256335,358.7072,102.5104,1.569138,0.462699,0.01036489,-0.8864545,0.3254142,-0.01296877,0.07301942,3.820527,0.2103049,-4.100458,0.1740126,0.1203314,1.915001,-0.2171394,0.02737623,-0.9757567,-0.01608544,0.9993706,0.03161831,0.9760082,0.02256105,-0.2165623,moving,-70.13766,-17.18275,5.192103,3.595523,-11.210734059315328,3.975942666151163,78.14288081776034,16.407247871500047,104.17306764559422
888,05/05/2023 11:21:57.781267,1070,True,True,True,True,Eyes,1.954143,0.03823975,-3.548796,0.9359983,0.1043278,-0.3361886,0.0,0.0,0.0,0.0,0.0,0.0,0.0,-3.017983,0.08086464,-2.691951,1.999318,0.04323835,-3.515995,0.006078222,0.777631,0.01454823,0.6285232,359.1414,102.0941,1.589827,0.4646086,0.01026628,-0.8854563,0.3058893,-0.01219064,0.06863826,3.834844,0.194315,-4.079985,0.1702284,0.1177153,1.915,-0.2098433,0.02774103,-0.9773414,-0.008834578,0.9995028,0.03026692,0.9776951,0.01498571,-0.2094939,moving,-70.2429,-17.24044,5.079791,3.517551,-11.214129393887635,3.975703314351576,78.13067240103314,16.300360282689862,104.1904126357577
889,05/05/2023 11:21:57.796081,1071,True,True,True,True,Eyes,1.956971,0.03848885,-3.547289,0.9366908,0.1042762,-0.3342705,0.0,0.0,0.0,0.0,0.0,0.0,0.0,-3.032673,0.07404622,-2.676668,2.007856,0.04417767,-3.511936,0.003339311,0.775269,0.01425736,0.6314614,358.975,101.6621,1.328658,0.4663896,0.0101837,-0.8845204,0.287536,-0.0114592,0.06451996,3.847865,0.1972747,-4.058799,0.1663493,0.1150317,1.915001,-0.2024907,0.02318367,-0.9790098,-0.01282821,0.9995711,0.02632386,0.9792003,0.01788928,-0.2021064,moving,-70.36038,-17.32539,4.964618,3.437556,-11.216842688980446,3.974390760342626,78.13421305867821,16.190363232149288,104.19812542096707
890,05/05/2023 11:21:57.805810,1072,True,True,True,True,Eyes,1.960029,0.03872969,-3.545681,0.9374598,0.1040837,-0.3321683,0.0,0.0,0.0,0.0,0.0,0.0,0.0,-3.047539,0.06466606,-2.661347,2.016715,0.04395894,-3.5079,4.038823e-05,0.7728601,0.01360138,0.6344307,358.7983,101.2253,0.9926709,0.4680606,0.0101155,-0.8836381,0.2702838,-0.01077165,0.06064877,3.861088,0.1991272,-4.037408,0.1623052,0.1122359,1.915001,-0.1949955,0.0173207,-0.9806513,-0.01719584,0.99963,0.02107518,0.9806536,0.02097269,-0.1946256,moving,-70.48933,-17.39819,4.844505,3.354199,-11.220892255403909,3.9739900111510993,78.13992798188737,16.07734834702051,104.20045196526031
891,05/05/2023 11:21:57.825932,1073,True,True,True,True,Eyes,1.963301,0.0389538,-3.543977,0.9382842,0.1039518,-0.3298738,0.0,0.0,0.0,0.0,0.0,0.0,0.0,-3.063249,0.05981899,-2.644694,2.025248,0.04400003,-3.503985,-0.003244864,0.7703277,0.01355459,0.637496,358.5663,100.7713,0.7039893,0.4696385,0.01006001,-0.8828011,0.2540668,-0.01012535,0.05700984,3.873798,0.2034636,-4.015675,0.158559,0.109645,1.915002,-0.1871769,0.01228278,-0.9822496,-0.02228121,0.9996115,0.01674577,0.9820736,0.02502013,-0.1868305,moving,-70.62979,-17.49099,4.733201,3.27694,-11.224595718599332,3.9728666692953114,78.17216466844819,15.972964347333155,104.18155859863077
892,05/05/2023 11:21:57.845931,1074,True,True,True,True,Eyes,1.966763,0.03918233,-3.542176,0.9392546,0.1034118,-0.3272715,0.0,0.0,0.0,0.0,0.0,0.0,0.0,-3.077924,0.05373467,-2.628992,2.033633,0.0438136,-3.500073,-0.005114431,0.7679028,0.01309311,0.6404123,358.4724,100.3386,0.5109921,0.4711377,0.01001557,-0.8820024,0.2388228,-0.00951783,0.05358925,3.886425,0.2032332,-3.994427,0.1547769,0.1070297,1.915001,-0.179692,0.008915208,-0.9836827,-0.02462475,0.9996049,0.01355778,0.9834148,0.02665916,-0.1794016,moving,-70.78976,-17.53558,4.620797,3.198943,-11.232015528063828,3.974695358543163,78.20915899744593,15.87178177684291,104.14643245801935
893,05/05/2023 11:21:57.856192,1075,True,True,True,True,Eyes,1.970419,0.03942443,-3.540296,0.9402983,0.1029432,-0.3244101,0.0,0.0,0.0,0.0,0.0,0.0,0.0,-3.095801,0.03977246,-2.609078,2.041592,0.04419565,-3.496112,-0.004310426,0.7650898,0.01126701,0.6438107,358.6941,99.83469,0.4534418,0.4725702,0.009981185,-0.8812361,0.2244934,-0.00894676,0.05037389,3.899971,0.1933078,-3.970512,0.1508361,0.1043048,1.915001,-0.1709787,0.007911913,-0.985243,-0.02110337,0.9997089,0.01169035,0.9850488,0.02279074,-0.1707619,moving,-70.96517,-17.6055,4.503634,3.117661,-11.2390496066818,3.975630975433533,78.2623139130344,15.76604578259347,104.10061306642719
894,05/05/2023 11:21:57.881266,1076,True,True,True,True,Eyes,1.974239,0.03966192,-3.538353,0.9414679,0.1022508,-0.3212211,0.0,0.0,0.0,0.0,0.0,0.0,0.0,-3.115321,0.04587096,-2.587219,2.049879,0.04475211,-3.492423,-0.004200917,0.7620317,0.01209503,0.6474133,358.632,99.29198,0.530632,0.4739476,0.009956173,-0.8804964,0.2110238,-0.008409954,0.04735146,3.913202,0.1934579,-3.945293,0.1470131,0.101661,1.915001,-0.1616769,0.009258507,-0.9868004,-0.02206344,0.9996721,0.01299414,0.9865971,0.02387306,-0.1614197,moving,-71.16077,-17.65726,4.389942,3.03879,-11.248266740554932,3.978007440505378,78.33413412625076,15.666387650435507,104.03197554973463
895,05/05/2023 11:21:57.896189,1077,True,True,True,True,Eyes,1.978227,0.03991845,-3.536325,0.9427279,0.1014568,-0.3177589,0.0,0.0,0.0,0.0,0.0,0.0,0.0,-3.135439,0.04987831,-2.56385,2.05766,0.04489689,-3.48867,-0.002917514,0.7588724,0.01240255,0.6511146,358.7037,98.73303,0.6718618,0.4752796,0.009939468,-0.8797783,0.1983624,-0.007905357,0.04451037,3.926173,0.1888269,-3.919298,0.1431086,0.09896109,1.915,-0.1520823,0.01172293,-0.9882983,-0.02057901,0.9996753,0.01502464,0.9881536,0.02262319,-0.1517916,moving,-71.37294,-17.70769,4.27379,2.958232,-11.258564173890097,3.980875927010343,78.41879935196015,15.56598300090978,103.94985194876804
896,05/05/2023 11:21:57.906263,1078,True,True,True,True,Eyes,1.982371,0.04017862,-3.534189,0.944141,0.1003908,-0.3138781,0.0,0.0,0.0,0.0,0.0,0.0,0.0,-3.157211,0.04460296,-2.538122,2.065633,0.04563762,-3.484696,-0.001302112,0.7554474,0.01155495,0.6551061,358.9019,98.13065,0.7548652,0.4765736,0.009930722,-0.8790781,0.1864606,-0.007431035,0.04183975,3.939689,0.1803078,-3.891621,0.1390637,0.09616465,1.915,-0.1416688,0.01317208,-0.9898266,-0.01710679,0.9997296,0.01575227,0.9897665,0.01916436,-0.1414051,moving,-71.6107,-17.73637,4.153422,2.87478,-11.271562140645813,3.985506176387034,78.51765207106861,15.464923161079273,103.8478279895841
897,05/05/2023 11:21:57.925988,1079,True,True,True,True,Eyes,1.986665,0.04041189,-3.53197,0.945655,0.09928007,-0.309645,0.0,0.0,0.0,0.0,0.0,0.0,0.0,-3.18341,0.04114179,-2.505833,2.073462,0.04605906,-3.480463,-0.001145967,0.7513545,0.01115727,0.6598036,358.9527,97.41708,0.7450566,0.4778389,0.009929221,-0.8783911,0.175273,-0.006985173,0.03932936,3.953087,0.1763644,-3.860364,0.1353076,0.09356666,1.915001,-0.1293158,0.01300115,-0.9915183,-0.01644526,0.9997484,0.0152539,0.9914672,0.01827835,-0.1290695,moving,-71.8695,-17.77717,4.041613,2.797239,-11.285208186807004,3.9900587450593767,78.64987846524653,15.373167098440048,103.71568463370757
898,05/05/2023 11:21:57.946227,1080,True,True,True,True,Eyes,1.99109,0.04059957,-3.529676,0.9473335,0.09775603,-0.3049638,0.0,0.0,0.0,0.0,0.0,0.0,0.0,-3.211824,0.03170449,-2.470245,2.081297,0.04566707,-3.476355,-0.0009839949,0.7469185,0.009905271,0.6648412,359.0772,96.64926,0.6705165,0.4790815,0.00993358,-0.8777139,0.1647566,-0.006566063,0.0369696,3.966599,0.1689038,-3.827361,0.1314158,0.09087547,1.915001,-0.1159706,0.01170094,-0.9931839,-0.01464079,0.9998019,0.01348846,0.9931449,0.01610526,-0.1157763,moving,-72.1557,-17.77323,3.925735,2.716907,-11.302869944168668,3.997588898196277,78.79232491771006,15.282360899740786,103.56214294546784
899,05/05/2023 11:21:57.956245,1081,True,True,True,True,Eyes,1.995641,0.04077366,-3.5273,0.9491004,0.09602524,-0.2999793,0.0,0.0,0.0,0.0,0.0,0.0,0.0,-3.2395,0.01531777,-2.434483,2.088888,0.04488289,-3.472151,0.0001492718,0.7424967,0.00753848,0.6698073,359.3701,95.88942,0.5913573,0.4803072,0.00994209,-0.8770437,0.1548712,-0.006172099,0.03475143,3.979699,0.1554118,-3.79445,0.1275015,0.0881684,1.915,-0.1027163,0.01032033,-0.9946572,-0.009876991,0.9998863,0.01139456,0.9946617,0.01099463,-0.1026027,moving,-72.45998,-17.75019,3.809156,2.63609,-11.322635328801942,4.006553677693107,78.94670049105851,15.193725004431327,103.39182537471964
900,05/05/2023 11:21:57.981276,1082,True,True,True,True,Eyes,2.000316,0.04093742,-3.52484,0.9509448,0.09416325,-0.2946818,0.0,0.0,0.0,0.0,0.0,0.0,0.0,-3.265899,-0.004148217,-2.399416,2.096421,0.04479018,-3.467898,0.002004595,0.7381578,0.004713546,0.6746087,359.7563,95.14996,0.5339527,0.4815202,0.009954,-0.8763782,0.145579,-0.005801773,0.03266634,3.992277,0.1396117,-3.762142,0.123681,0.0855269,1.915,-0.08979833,0.009319014,-0.9959164,-0.003400185,0.9999475,0.009663315,0.9959543,0.004254049,-0.08976198,moving,-72.78268,-17.72087,3.695338,2.55722,-11.34385324777227,4.016309657105742,79.12071897585629,15.1098052937337,103.2003165544646
901,05/05/2023 11:21:57.996236,1083,True,True,True,True,Eyes,2.00511,0.04108151,-3.522314,0.9528352,0.09236182,-0.2890924,0.0,0.0,0.0,0.0,0.0,0.0,0.0,-3.292399,-0.008242033,-2.363678,2.104035,0.04480387,-3.463807,0.002982492,0.7337266,0.003995223,0.6794267,359.8963,94.40047,0.5618287,0.4827251,0.009968716,-0.8757149,0.1368442,-0.005453666,0.03070636,4.00411,0.1322453,-3.729305,0.1197455,0.08280519,1.915001,-0.07674127,0.009805589,-0.997003,-0.001052254,0.9999503,0.009915572,0.9970506,0.001810033,-0.07672709,moving,-73.12208,-17.7181,3.578061,2.475944,-11.36469834920202,4.0251427738622905,79.31400281472256,15.022851720266056,102.99515794289177
902,05/05/2023 11:21:58.006005,1084,True,True,True,True,Eyes,2.010019,0.0412005,-3.519744,0.9547639,0.09054983,-0.2832429,0.0,0.0,0.0,0.0,0.0,0.0,0.0,-3.318173,-0.003276885,-2.328333,2.111671,0.04447831,-3.459809,0.0037883,0.7293229,0.004401853,0.6841452,359.9291,93.66096,0.6617126,0.4839256,0.009985469,-0.8750519,0.1286336,-0.005126446,0.02886398,4.015326,0.1282697,-3.696732,0.1158193,0.08008991,1.915,-0.06386235,0.0115488,-0.997892,-0.0004972261,0.9999325,0.01160424,0.9979587,0.001237251,-0.06385228,moving,-73.47634,-17.72854,3.461037,2.394852,-11.385757491810043,4.033684490238401,79.52553605745636,14.936970195227078,102.77451631369424
903,05/05/2023 11:21:58.026131,1085,True,True,True,True,Eyes,2.135804,0.04374064,-3.453931,0.9908477,0.04830748,-0.1260447,0.0,0.0,0.0,0.0,0.0,0.0,0.0,-3.343808,3.883615e-05,-2.292474,2.11933,0.04404062,-3.455863,0.004428014,0.7248619,0.004615164,0.6888646,359.9662,92.91696,0.7321364,0.4851249,0.01000343,-0.8743874,0.1209155,-0.004818859,0.02713214,4.026148,0.1241209,-3.664277,0.1121087,0.07752402,1.915,-0.05089205,0.01277784,-0.9986225,6.094982e-05,0.9999182,0.01279132,0.9987043,0.0005901086,-0.05088861,moving,-82.7504,-20.96966,3.350409,2.318212,-11.781530383489644,4.106327129359789,89.1945866784687,15.237222359126033,93.77943340730762
904,05/05/2023 11:21:58.045765,1086,True,True,True,True,Eyes,2.136122,0.04371418,-3.453773,0.9909204,0.04834441,-0.1254574,0.0,0.0,0.0,0.0,0.0,0.0,0.0,-3.369827,0.006892834,-2.255327,2.127269,0.04370432,-3.451824,0.003673111,0.7202327,0.005585567,0.6937004,359.831,92.14895,0.7471847,0.4895618,0.01008288,-0.87191,0.4910152,0.003090685,0.2229448,4.036668,0.1256051,-3.630799,0.1082369,0.0748473,1.915,-0.03753267,0.01304041,-0.9992104,-0.00245843,0.9999106,0.01314189,0.9992924,0.002949738,-0.03749723,moving,-82.78436,-21.07393,3.234949,2.238252,-11.77813734935292,4.101892805387523,89.12227191021674,15.128315133703172,93.86475305130486
905,05/05/2023 11:21:58.056229,1087,True,True,True,True,Eyes,2.136743,0.04364751,-3.453463,0.9910606,0.04849074,-0.1242878,0.0,0.0,0.0,0.0,0.0,0.0,0.0,-3.39731,0.01613057,-2.215027,2.135201,0.04302856,-3.447808,0.002492041,0.7152763,0.006917012,0.6988031,359.6326,91.33243,0.7581901,0.493294,0.01015208,-0.8698031,0.4615543,0.002905244,0.2095681,4.046771,0.12877,-3.595586,0.1042506,0.07209028,1.915,-0.02333607,0.01323225,-0.9996402,-0.006102263,0.9998919,0.01337804,0.9997091,0.006412258,-0.02325283,moving,-82.85192,-21.31319,3.116045,2.155885,-11.769719449454872,4.091452257691086,89.11390737475746,15.011076039168554,93.91982464204594
906,05/05/2023 11:21:58.081329,1088,True,True,True,True,Eyes,2.137665,0.04354133,-3.453027,0.9912745,0.04853749,-0.1225519,0.0,0.0,0.0,0.0,0.0,0.0,0.0,-3.426846,0.02129729,-2.170621,2.143027,0.04197332,-3.443979,0.00122324,0.7099094,0.007720227,0.7042496,359.4707,90.45528,0.7225907,0.4966103,0.01021227,-0.8679132,0.433861,0.002730929,0.1969941,4.05644,0.1304294,-3.558815,0.1005123,0.06950554,1.915,-0.008062026,0.01261071,-0.999888,-0.009137155,0.9998778,0.01268426,0.9999259,0.009238391,-0.007945795,moving,-82.95226,-21.60637,3.004516,2.078656,-11.76047512886427,4.07910839399856,89.16023663570465,14.899891704844542,93.93483010023948
907,05/05/2023 11:21:58.096195,1089,True,True,True,True,Eyes,2.138875,0.0434017,-3.452464,0.9915453,0.04860145,-0.1203158,0.0,0.0,0.0,0.0,0.0,0.0,0.0,-3.454901,0.02218125,-2.128038,2.151147,0.04089817,-3.440388,0.0005303643,0.7047012,0.007858715,0.7094605,359.4085,89.61082,0.6817801,0.4996104,0.01026368,-0.8661892,0.4078294,0.002567073,0.1851744,4.065951,0.1286184,-3.523195,0.09661305,0.06680938,1.915001,0.006668968,0.01189839,-0.999907,-0.0104034,0.9998759,0.01182864,0.9999237,0.01032355,0.00679196,moving,-83.08146,-21.9962,2.888161,1.99809,-11.747926050662397,4.062587210555145,89.25526139947011,14.7809740168555,93.92596635370757
908,05/05/2023 11:21:58.105832,1090,True,True,True,True,Eyes,2.140369,0.04322308,-3.451784,0.991887,0.04858136,-0.1174732,0.0,0.0,0.0,0.0,0.0,0.0,0.0,-3.481742,0.02429473,-2.086333,2.159215,0.03995196,-3.436873,0.0003526778,0.6995877,0.008053252,0.7145013,359.3833,88.78781,0.687696,0.5023333,0.01030637,-0.8646124,0.3833596,0.002413049,0.1740639,4.074914,0.1255795,-3.48801,0.09242585,0.06391367,1.915,0.02102446,0.01200158,-0.999707,-0.01101466,0.9998701,0.01177189,0.9997184,0.01076393,0.02115396,moving,-83.24569,-22.46768,2.763188,1.911554,-11.733234593873242,4.042809751605569,89.39728265023294,14.652253038318388,93.89122347111571
909,05/05/2023 11:21:58.125757,1091,True,True,True,True,Eyes,2.142132,0.04297722,-3.450992,0.9922784,0.04863033,-0.1140992,0.0,0.0,0.0,0.0,0.0,0.0,0.0,-3.508745,0.03688194,-2.043176,2.167517,0.03880733,-3.433305,-8.296894e-05,0.6942967,0.009616047,0.7196247,359.2281,87.94221,0.7864622,0.5048147,0.01034027,-0.8631656,0.360358,0.002268266,0.1636201,4.083428,0.1273533,-3.452657,0.08898858,0.06153672,1.915,0.03571922,0.01372468,-0.9992677,-0.0139551,0.999815,0.01323336,0.9992645,0.01347219,0.03590415,moving,-83.44054,-23.08423,2.660576,1.840512,-11.71280828136996,4.016436995214117,89.6361809773934,14.537153273070025,93.80266628541109
910,05/05/2023 11:21:58.146180,1092,True,True,True,True,Eyes,2.144163,0.04267734,-3.450103,0.9927613,0.04835007,-0.1099419,0.0,0.0,0.0,0.0,0.0,0.0,0.0,-3.538209,0.05217395,-1.994503,2.175666,0.03692807,-3.429985,0.0003868854,0.6884593,0.01121137,0.7251884,359.1476,87.01621,0.9623439,0.507085,0.0103646,-0.8618335,0.3387365,0.00213217,0.1538029,4.091341,0.1256814,-3.414352,0.08510543,0.05885131,1.915,0.05179628,0.01679342,-0.9985166,-0.015728,0.9997483,0.01599828,0.9985339,0.01487602,0.05204738,moving,-83.68062,-23.73886,2.544635,1.760246,-11.693144963207232,3.989285530677458,89.91662252672896,14.411210757949107,93.68336244197474
911,05/05/2023 11:21:58.156224,1093,True,True,True,True,Eyes,2.146456,0.04235018,-3.449122,0.9932876,0.04805332,-0.1052174,0.0,0.0,0.0,0.0,0.0,0.0,0.0,-3.569637,0.06176964,-1.941229,2.184096,0.03536107,-3.426801,0.001929489,0.6821204,0.01184447,0.7311415,359.2358,86.01919,1.143357,0.5091715,0.01037898,-0.8606023,0.3184123,0.00200424,0.1445747,4.099099,0.1186929,-3.373844,0.0812514,0.05618606,1.915001,0.06914295,0.01995225,-0.9974073,-0.01468767,0.999712,0.01898016,0.9974988,0.01333725,0.06941608,moving,-83.9533,-24.54643,2.429541,1.680574,-11.667455123411596,3.955189142527934,90.2765249555348,14.279326796109785,93.53059545046901
912,05/05/2023 11:21:58.181372,1094,True,True,True,True,Eyes,2.149014,0.04198689,-3.448048,0.9939109,0.04763078,-0.0993606,0.0,0.0,0.0,0.0,0.0,0.0,0.0,-3.602433,0.06880496,-1.88389,2.192641,0.03438152,-3.423805,0.002911449,0.6753526,0.01235616,0.7373859,359.2898,84.96365,1.26959,0.5110993,0.01038373,-0.8594587,0.2993076,0.001883985,0.1359002,4.106107,0.1133298,-3.331652,0.07738594,0.05351302,1.915,0.08749235,0.02215502,-0.995919,-0.01429,0.9996777,0.02098325,0.9960629,0.01239581,0.08778075,moving,-84.29115,-25.6118,2.314087,1.600664,-11.632230033187124,3.909647895760041,90.77987261930623,14.136165159655024,93.31328644667846
913,05/05/2023 11:21:58.195896,1095,True,True,True,True,Eyes,2.151829,0.04159958,-3.446899,0.9945494,0.04720493,-0.09296961,0.0,0.0,0.0,0.0,0.0,0.0,0.0,-3.635105,0.07873873,-1.824879,2.201565,0.03315485,-3.420875,0.002839532,0.6683787,0.01348075,0.7436936,359.2095,83.88445,1.366584,0.5128899,0.01037892,-0.8583915,0.2813491,0.001770946,0.1277462,4.112466,0.1121583,-3.288845,0.07353184,0.05084798,1.915,0.1061767,0.02384686,-0.9940614,-0.01625533,0.9996204,0.02224397,0.9942144,0.013797,0.106524,moving,-84.65956,-26.91899,2.198953,1.520987,-11.586196263968944,3.8525882886647937,91.39602602045505,13.980940769462075,93.0650341654781
914,05/05/2023 11:21:58.205975,1096,True,True,True,True,Eyes,2.154907,0.04121405,-3.445673,0.9952339,0.04668929,-0.08561244,0.0,0.0,0.0,0.0,0.0,0.0,0.0,-3.668036,0.08226386,-1.763408,2.210502,0.03219438,-3.418115,0.003300023,0.6611512,0.01367635,0.7501208,359.2475,82.77609,1.425873,0.5145625,0.01036491,-0.85739,0.2644682,0.001664689,0.1200814,4.118073,0.1071026,-3.245135,0.06948268,0.04804784,1.915,0.125384,0.02488146,-0.9917962,-0.0161542,0.9996041,0.0230351,0.9919767,0.01313344,0.1257363,moving,-85.08338,-28.60612,2.077974,1.437264,-11.5236312621859,3.777620787084955,92.19385312093628,13.801483094188745,92.7675217030791
915,05/05/2023 11:21:58.225834,1097,True,True,True,True,Eyes,2.158239,0.04082035,-3.444374,0.9958987,0.04634411,-0.07770403,0.0,0.0,0.0,0.0,0.0,0.0,0.0,-3.701101,0.08405213,-1.699037,2.219865,0.03185016,-3.415131,0.002479061,0.6535848,0.01409416,0.7567181,359.1594,81.62466,1.408117,0.5161349,0.01034265,-0.8564447,0.2486001,0.001564808,0.1128765,4.122965,0.107006,-3.200247,0.06574431,0.04546303,1.915,0.1452565,0.02457116,-0.9890889,-0.01809006,0.9995904,0.02217536,0.9892287,0.01467156,0.1456416,moving,-85.53859,-30.81263,1.966263,1.359975,-11.435762728119716,3.677037124266174,93.23183904137917,13.600848153879657,92.42872023680319
916,05/05/2023 11:21:58.245759,1098,True,True,True,True,Eyes,2.161828,0.04040515,-3.443009,0.99656,0.0460275,-0.06891718,0.0,0.0,0.0,0.0,0.0,0.0,0.0,-3.735327,0.08472043,-1.629245,2.229247,0.03123198,-3.412296,0.0004007154,0.6454667,0.01472564,0.7636465,358.9458,80.39972,1.318581,0.5176226,0.01031275,-0.8555467,0.2336841,0.00147092,0.106104,4.126454,0.1106353,-3.153108,0.06184608,0.04276716,1.914999,0.166312,0.02300766,-0.9858047,-0.02197306,0.999566,0.01962182,0.9858284,0.0183978,0.1667453,moving,-86.04401,-33.73765,1.84976,1.279359,-11.313303123142036,3.541189848127525,94.61239730669011,13.355976548697704,92.04458951854193
917,05/05/2023 11:21:58.256298,1099,True,True,True,True,Eyes,2.165674,0.03993838,-3.441596,0.9971682,0.04584177,-0.0596153,0.0,0.0,0.0,0.0,0.0,0.0,0.0,-3.769793,0.08027188,-1.555913,2.238989,0.03027926,-3.409496,-0.002141706,0.6369448,0.01484138,0.7707636,358.7275,79.12657,1.154878,0.5190398,0.01027542,-0.8546881,0.219663,0.001382664,0.09973772,4.129026,0.1140503,-3.104645,0.05797884,0.04009292,1.915,0.188162,0.02015009,-0.9819313,-0.02560668,0.9995503,0.01560478,0.9818042,0.02220778,0.1885934,moving,-86.57867,-37.55884,1.734167,1.199384,-11.145663255187795,3.360504610378418,96.4435436233175,13.059880156228589,91.63004767532888
918,05/05/2023 11:21:58.285956,1100,True,True,True,True,Eyes,2.169765,0.0394291,-3.440147,0.997734,0.04541894,-0.0496396,0.0,0.0,0.0,0.0,0.0,0.0,0.0,-3.80293,0.07428445,-1.482972,2.248964,0.02855649,-3.407101,-0.004381469,0.62844,0.01460878,0.7777086,358.5573,77.86859,0.9867523,0.5203982,0.01023013,-0.8538622,0.2064832,0.001299705,0.09375346,4.130895,0.1150996,-3.057248,0.0541079,0.037416,1.915,0.2096995,0.01721577,-0.9776145,-0.02822973,0.9995347,0.01154647,0.9773584,0.0251765,0.2100879,moving,-87.15176,-42.4577,1.618449,1.119325,-10.923892150328376,3.1259841410653237,98.88936805215364,12.701850354953862,91.1774717441633
919,05/05/2023 11:21:58.296040,1101,True,True,True,True,Eyes,2.174083,0.03891767,-3.438632,0.9982173,0.044961,-0.03925163,0.0,0.0,0.0,0.0,0.0,0.0,0.0,-3.832267,0.06459382,-1.416147,2.258879,0.02698149,-3.404798,-0.004138327,0.6205638,0.0131384,0.784035,358.6938,76.71313,0.8863875,0.5217087,0.01017661,-0.8530628,0.1940943,0.001221722,0.08812825,4.132768,0.1061412,-3.013347,0.05024135,0.03474223,1.915001,0.229456,0.01546574,-0.9731961,-0.02573813,0.9996205,0.009817248,0.9729787,0.02279562,0.229767,moving,-87.74819,-48.87855,1.502849,1.039355,-10.623784973992148,2.814640090644058,102.26213963226344,12.255891999044527,90.70136413439694
920,05/05/2023 11:21:58.305833,1102,True,True,True,True,Eyes,2.287176,0.02758198,-3.398913,0.9712631,0.0225989,0.2369335,0.0,0.0,0.0,0.0,0.0,0.0,0.0,-3.860189,0.05840644,-1.347466,2.268625,0.02643323,-3.401879,-0.004030655,0.6124943,0.01229198,0.7903691,358.7721,75.53869,0.8306017,0.5229807,0.01011561,-0.8522843,0.1824486,0.001148419,0.08284055,4.133133,0.099666,-2.967661,0.04561803,0.03154578,1.914999,0.2493992,0.0144929,-0.9682923,-0.02436791,0.9996653,0.00868613,0.9680941,0.02142895,0.2496689,moving,76.29081,5.448432,1.36461,0.9437481,-3.4660725320886474,1.3770471863171498,75.06149228118849,4.850076476101141,74.91015028836928
921,05/05/2023 11:21:58.326009,1103,True,True,True,True,Eyes,2.287559,0.02779129,-3.398773,0.9710376,0.02235002,0.2378791,0.0,0.0,0.0,0.0,0.0,0.0,0.0,-3.888863,0.04553443,-1.271815,2.278112,0.02754015,-3.398865,-0.001549177,0.6037254,0.009979771,0.7971284,359.168,74.27294,0.8045304,0.5269219,0.009750669,-0.8498576,0.5107811,-0.03292755,0.1970267,4.132227,0.08535934,-2.92052,0.04254743,0.02942231,1.914999,0.2708322,0.01403976,-0.9625242,-0.01778087,0.999796,0.009580296,0.9624624,0.01451987,0.2710266,moving,76.23509,5.367489,1.272788,0.8802309,-3.4652290827768955,1.3743567565249712,75.09648597900716,4.76371349251529,74.94760411425439
922,05/05/2023 11:21:58.346198,1104,True,True,True,True,Eyes,2.28836,0.02810158,-3.398479,0.9705607,0.02278728,0.2397764,0.0,0.0,0.0,0.0,0.0,0.0,0.0,-3.918627,0.01474931,-1.186873,2.287683,0.03283684,-3.395577,-0.0005493754,0.5939736,0.006363607,0.8044592,359.5162,72.8784,0.5492593,0.5302076,0.009446416,-0.847815,0.4801342,-0.0309519,0.1852051,4.128857,0.07616091,-2.868659,0.03873467,0.0267856,1.914999,0.2943097,0.009585895,-0.9556621,-0.01089115,0.9999184,0.006675729,0.9556481,0.00844353,0.2943901,moving,76.12298,5.428831,1.158763,0.8013588,-3.4752812648439058,1.380348326922079,75.10690600327551,4.670074423477441,74.9508145963893
923,05/05/2023 11:21:58.356302,1105,True,True,True,True,Eyes,2.289497,0.02834403,-3.398066,0.9698942,0.02332205,0.2424072,0.0,0.0,0.0,0.0,0.0,0.0,0.0,-3.944235,0.009492425,-1.110542,2.298573,0.03544092,-3.392004,-0.009909068,0.5848835,0.009458591,0.8110017,358.445,71.59435,0.2149713,0.5330665,0.00918809,-0.8460233,0.4513262,-0.02909479,0.1740928,4.125278,0.1115946,-2.820721,0.03480047,0.02406509,1.915,0.3156437,0.003750567,-0.9488704,-0.02693317,0.9996247,-0.005008193,0.9484955,0.02713689,0.3156263,moving,75.96745,5.495524,1.041097,0.719977,-3.488262042343062,1.3877241034501813,75.07838718985523,4.578316232920239,74.9143768392561
924,05/05/2023 11:21:58.381062,1106,True,True,True,True,Eyes,2.290946,0.02854332,-3.397509,0.9690008,0.02322488,0.2459633,0.0,0.0,0.0,0.0,0.0,0.0,0.0,-3.966725,0.02182152,-1.037472,2.307789,0.03402512,-3.388906,-0.01041804,0.5763685,0.01117643,0.8170471,358.2862,70.39512,0.3584951,0.5356582,0.008961394,-0.8443872,0.4242466,-0.0273491,0.1636473,4.120724,0.1129409,-2.775973,0.03103191,0.02145885,1.914999,0.335349,0.00625408,-0.9420732,-0.03027259,0.9995331,-0.004140572,0.9416075,0.02990753,0.3353817,moving,75.75731,5.394114,0.9283772,0.6420106,-3.4957640699361834,1.387947325056811,74.97967505071763,4.486585291080626,74.81864841211613
925,05/05/2023 11:21:58.396195,1107,True,True,True,True,Eyes,2.292679,0.02878914,-3.396822,0.967902,0.02270354,0.2503006,0.0,0.0,0.0,0.0,0.0,0.0,0.0,-3.987905,0.04102822,-0.9618177,2.316911,0.0333294,-3.385406,-0.002769412,0.5676182,0.01077341,0.8232168,359.038,69.16647,0.8363087,0.5380177,0.008762094,-0.8428878,0.3987918,-0.02570815,0.1538284,4.11569,0.08460943,-2.729604,0.02709514,0.01873635,1.915001,0.3553869,0.01459377,-0.9346054,-0.02088164,0.9997525,0.007670713,0.9344861,0.01679002,0.3556038,moving,75.50088,5.182836,0.8106177,0.5605635,-3.500331705659307,1.383767238624813,74.83315231571538,4.388843717135551,74.68186286236218
926,05/05/2023 11:21:58.405926,1108,True,True,True,True,Eyes,2.294673,0.02916157,-3.395994,0.9665078,0.02222866,0.2556727,0.0,0.0,0.0,0.0,0.0,0.0,0.0,-4.009517,0.05700482,-0.8752298,2.325445,0.03477343,-3.381805,0.003598481,0.557712,0.01060027,0.8299591,359.6648,67.79663,1.238246,0.5401751,0.008588595,-0.8415086,0.3748643,-0.02416566,0.1445987,4.106831,0.06227139,-2.679022,0.02285439,0.01580412,1.915,0.37769,0.02160942,-0.9256799,-0.01358175,0.9997494,0.01779698,0.9258325,0.005850615,0.3778888,moving,75.18281,4.968908,0.6837588,0.4728403,-3.508519880316737,1.3810309832522256,74.63459824011385,4.289523382683021,74.4926073769077
927,05/05/2023 11:21:58.426041,1109,True,True,True,True,Eyes,2.296948,0.02964573,-3.395015,0.9649068,0.02187663,0.2616799,0.0,0.0,0.0,0.0,0.0,0.0,0.0,-4.029339,0.04138883,-0.7877498,2.333818,0.03829144,-3.377819,0.007539406,0.5476806,0.00740742,0.8366207,0.2579148,66.42293,1.183413,0.5421569,0.008441434,-0.8402346,0.3523724,-0.02271572,0.1359228,4.096677,0.0435399,-2.62943,0.01947838,0.01346945,1.915,0.3999821,0.02065277,-0.9162903,-0.00413603,0.9997765,0.02072905,0.9165136,-0.004501446,0.3999782,moving,74.82652,4.778857,0.5827627,0.4029921,-3.520290354642614,1.3804881489145011,74.37260040931979,4.217883698592879,74.23886329680452
928,05/05/2023 11:21:58.446144,1110,True,True,True,True,Eyes,2.29948,0.03013304,-3.393867,0.9630774,0.02228679,0.2683004,0.0,0.0,0.0,0.0,0.0,0.0,0.0,-4.045949,0.02485613,-0.7072757,2.342873,0.0414419,-3.373394,0.005289289,0.538279,0.006537842,0.8427248,0.1075135,65.1366,0.9576552,0.5439875,0.008320697,-0.8390518,0.3312301,-0.02135278,0.1277674,4.086868,0.04888254,-2.582186,0.01558226,0.01077516,1.915,0.420426,0.01671343,-0.907173,-0.005324977,0.9998586,0.0159532,0.9073113,-0.001876464,0.4204555,moving,74.43288,4.748461,0.4662028,0.3223838,-3.542705485726123,1.389023276077866,74.09898444236168,4.148381059556996,73.96355093515845
929,05/05/2023 11:21:58.456046,1111,True,True,True,True,Eyes,2.302239,0.03056045,-3.392584,0.9610635,0.02261006,0.2754012,0.0,0.0,0.0,0.0,0.0,0.0,0.0,-4.058873,0.02920349,-0.6368672,2.351788,0.04191707,-3.368714,0.001925673,0.5298782,0.008587504,0.8480281,359.6657,63.99445,0.9514927,0.5456887,0.008223814,-0.8379472,0.3113563,-0.02007161,0.1201014,4.077833,0.06127278,-2.539368,0.01155668,0.00799175,1.915,0.4383106,0.01660564,-0.8986702,-0.01252415,0.9998451,0.01236671,0.8987364,0.005834614,0.4384507,moving,74.00988,4.693379,0.3457657,0.2391075,-3.56561761275011,1.3970545886514767,73.79866035504422,4.0791863011361045,73.66291921726783
930,05/05/2023 11:21:58.481305,1112,True,True,True,True,Eyes,2.305196,0.03092849,-3.391121,0.9588183,0.02291242,0.2830943,0.0,0.0,0.0,0.0,0.0,0.0,0.0,-4.070292,0.05021972,-0.5659801,2.360037,0.04091546,-3.364325,0.004018174,0.5214773,0.01034343,0.8531929,359.7747,62.86466,1.251487,0.5472794,0.008146926,-0.8369099,0.2926749,-0.01886732,0.1128953,4.06767,0.05391575,-2.497644,0.007672191,0.005305835,1.915,0.4559087,0.02184066,-0.8897585,-0.01345911,0.9997537,0.01764429,0.8899247,0.003931174,0.4560905,moving,73.55059,4.627185,0.2295467,0.1587474,-3.5901607377538056,1.4054500564120276,73.45707811494798,4.018013492204394,73.32181763403582
931,05/05/2023 11:21:58.496470,1113,True,True,True,True,Eyes,2.308338,0.03125331,-3.389509,0.9563569,0.02303169,0.291292,0.0,0.0,0.0,0.0,0.0,0.0,0.0,-4.080202,0.07429072,-0.4925702,2.36823,0.03988925,-3.359476,0.007377793,0.51275,0.01191969,0.8584237,0.02537618,61.70144,1.606223,0.5487759,0.008086606,-0.8359301,0.2751144,-0.01773528,0.1061216,4.056181,0.04184793,-2.455008,0.003902078,0.002698507,1.915,0.4738907,0.02803022,-0.8801375,-0.01289837,0.999607,0.02489019,0.8804893,-0.0004428966,0.474066,moving,73.06006,4.520821,0.1167479,0.08073784,-3.6145040836914415,1.4126022096888804,73.07832181013546,3.9618308980884174,72.94603639245939
932,05/05/2023 11:21:58.506005,1114,True,True,True,True,Eyes,2.311662,0.03156925,-3.387755,0.9535812,0.02308204,0.3002499,0.0,0.0,0.0,0.0,0.0,0.0,0.0,-4.08913,0.08661456,-0.4124866,2.375888,0.03921207,-3.354438,0.009951597,0.5033211,0.01228634,0.8639548,0.2765973,60.4526,1.790655,0.5501924,0.008040152,-0.834999,0.2586076,-0.01667116,0.09975429,4.041772,0.02989804,-2.409998,-9.632111e-05,-6.636232e-05,1.914999,0.4930337,0.03124738,-0.8694489,-0.01121198,0.9995,0.02956341,0.869938,-0.004827516,0.4931376,moving,72.52258,4.396029,-0.002881877,-0.001985526,-3.6407451854621646,1.4200193724520784,72.65868944760211,3.9059118502952663,72.5303147707634
933,05/05/2023 11:21:58.526125,1115,True,True,True,True,Eyes,2.315151,0.03190386,-3.385829,0.9505528,0.02319637,0.3096956,0.0,0.0,0.0,0.0,0.0,0.0,0.0,-4.097004,0.08231019,-0.3249381,2.383394,0.03931883,-3.348984,0.01170889,0.4930632,0.01086205,0.8698469,0.5534012,59.10094,1.744611,0.5515416,0.008005956,-0.8341087,0.2430911,-0.01567089,0.09376903,4.024567,0.01804189,-2.362404,-0.003853917,-0.002664918,1.914999,0.5135413,0.03044308,-0.8575247,-0.007350198,0.9994898,0.03108123,0.8580334,-0.009658523,0.5135031,moving,71.95409,4.283488,-0.115307,-0.07973292,-3.669519592256587,1.4288539073428197,72.20135511706366,3.861121775674469,72.07634823891303
934,05/05/2023 11:21:58.546169,1116,True,True,True,True,Eyes,2.318802,0.03225151,-3.383738,0.9472117,0.02354102,0.3197433,0.0,0.0,0.0,0.0,0.0,0.0,0.0,-4.102832,0.0664822,-0.2384363,2.39091,0.04009281,-3.343119,0.009912281,0.4828763,0.009630872,0.8755796,0.4616337,57.75899,1.515011,0.5528356,0.007983248,-0.8332517,0.2285056,-0.01473064,0.08814289,4.006526,0.01915004,-2.315181,-0.007683039,-0.005312651,1.914999,0.5334753,0.026438,-0.8454024,-0.007292378,0.999618,0.02665902,0.8457842,-0.00805694,0.5334643,moving,71.34724,4.21079,-0.2298713,-0.1589514,-3.702721532245131,1.4406976150274908,71.71037234567578,3.823554067472236,71.58641583998387
935,05/05/2023 11:21:58.555999,1117,True,True,True,True,Eyes,2.322577,0.03259261,-3.381461,0.9436296,0.02398702,0.3301328,0.0,0.0,0.0,0.0,0.0,0.0,0.0,-4.106264,0.04578586,-0.1575284,2.39831,0.04068217,-3.33688,0.006855402,0.4732221,0.008359031,0.8808769,0.2387049,56.49344,1.215621,0.5540841,0.007971216,-0.8324221,0.2147953,-0.0138468,0.08285432,3.988748,0.02446099,-2.270264,-0.01156819,-0.007999413,1.915,0.5519818,0.02121481,-0.8335863,-0.008238298,0.9997663,0.01998889,0.8338155,-0.004166171,0.5520276,moving,70.71739,4.155735,-0.3461098,-0.2393368,-3.738250815564749,1.4540278374509268,71.19928131625876,3.7913196205076085,71.07540132772777
936,05/05/2023 11:21:58.581364,1118,True,True,True,True,Eyes,2.326444,0.03289873,-3.378993,0.9397551,0.02428215,0.3409852,0.0,0.0,0.0,0.0,0.0,0.0,0.0,-4.107327,0.02873366,-0.08019459,2.405153,0.04084909,-3.33031,0.004536713,0.463912,0.007200694,0.8858405,0.07772937,55.28249,0.9721623,0.5552957,0.007968646,-0.8316143,0.2019076,-0.01301599,0.07788306,3.970536,0.02733055,-2.227147,-0.01541674,-0.01066057,1.914999,0.5694676,0.0169666,-0.8218386,-0.00854806,0.9998552,0.01471859,0.8219693,-0.001356631,0.5695302,moving,70.05696,4.073256,-0.4612509,-0.3189554,-3.7742080180601327,1.4667462121997248,70.65486246196484,3.763564150365714,70.53271854105937
937,05/05/2023 11:21:58.596295,1119,True,True,True,True,Eyes,2.330367,0.03316819,-3.376348,0.9356037,0.02422342,0.35222,0.0,0.0,0.0,0.0,0.0,0.0,0.0,-4.106234,0.02258755,-6.270409e-05,2.41134,0.04031573,-3.323473,0.004957712,0.4542766,0.006069649,0.8908263,0.1901262,54.04004,0.8777159,0.5564784,0.007973762,-0.8308234,0.1897931,-0.01223503,0.07321008,3.950109,0.02028716,-2.183488,-0.01934773,-0.01337926,1.915,0.5871919,0.01531835,-0.8093028,-0.006309661,0.9998772,0.01434752,0.8094232,-0.003318321,0.5872164,moving,69.37051,3.934238,-0.5788541,-0.4002938,-3.8087892606171394,1.477254919255009,70.08353375736401,3.735996565170663,69.96633109150798
938,05/05/2023 11:21:58.606202,1120,True,True,True,True,Eyes,2.334328,0.03340835,-3.373515,0.9311131,0.0236552,0.3639624,0.0,0.0,0.0,0.0,0.0,0.0,0.0,-4.103004,0.02432492,0.0874697,2.416702,0.03977935,-3.316752,0.008765067,0.4438447,0.004233694,0.8960509,0.684683,52.70684,0.8806114,0.557637,0.007984917,-0.8300461,0.1784056,-0.01150093,0.06881747,3.925976,0.0004682485,-2.138376,-0.02324378,-0.01607328,1.915,0.6059679,0.01536787,-0.7953407,0.0001934465,0.9998105,0.0194661,0.7954892,-0.01194969,0.6058501,moving,68.64999,3.718625,-0.6954075,-0.4808927,-3.841434480610546,1.484739904912301,69.47244132276927,3.7096087799421418,69.3643562542659
939,05/05/2023 11:21:58.625865,1121,True,True,True,True,Eyes,2.434204,0.03890874,-3.298481,0.7628193,-0.001095403,0.6466109,0.0,0.0,0.0,0.0,0.0,0.0,0.0,-4.097505,0.02844039,0.179688,2.42194,0.0393921,-3.309879,0.01315503,0.4328068,0.002337317,0.9013878,1.242978,51.30625,0.8941083,0.5587777,0.008000828,-0.8292785,0.1677012,-0.01081087,0.06468842,3.89922,-0.02123998,-2.092394,-0.02700788,-0.01867655,1.915,0.6253456,0.01560083,-0.780192,0.007173517,0.999643,0.02573879,0.780315,-0.02169236,0.6250105,moving,49.71342,-0.09706287,-0.8080078,-0.5587747,-4.796411871140791,1.775617066418678,50.52353753216984,4.621336598194915,50.52289844069928
940,05/05/2023 11:21:58.645911,1122,True,True,True,True,Eyes,2.434369,0.0389088,-3.298167,0.7622263,-0.001487255,0.6473089,0.0,0.0,0.0,0.0,0.0,0.0,0.0,-4.089881,0.03166309,0.2701524,2.426856,0.03921442,-3.303021,0.01756584,0.4218915,0.0002275623,0.9064762,1.813945,49.93018,0.8733334,0.5626155,0.008154551,-0.8266783,0.4572662,0.006338952,0.2859088,3.871399,-0.04321529,-2.047978,-0.030882,-0.02135498,1.915,0.6440151,0.01523432,-0.7648611,0.0144092,0.9993828,0.03203805,0.7648771,-0.03165402,0.643398,moving,49.66094,-0.1316424,-0.923893,-0.6389033,-4.797800482986521,1.7752020981729832,50.587376323135764,4.564544233571069,50.58657671529748
941,05/05/2023 11:21:58.656195,1123,True,True,True,True,Eyes,2.434694,0.03889968,-3.297561,0.7610723,-0.002093672,0.6486636,0.0,0.0,0.0,0.0,0.0,0.0,0.0,-4.08018,0.03286945,0.356433,2.431522,0.03927601,-3.295778,0.02153204,0.4113425,-0.00198087,0.9112243,2.342369,48.60703,0.8088052,0.5658218,0.008289437,-0.8244855,0.4298302,0.005958615,0.2687543,3.843236,-0.06369856,-2.005235,-0.03504735,-0.0242356,1.915,0.6615868,0.01410405,-0.749736,0.02132412,0.9990649,0.0376114,0.7495654,-0.04087067,0.6606673,moving,49.55897,-0.1849312,-1.048481,-0.7250775,-4.801227024875902,1.7751028823588555,50.610333477885774,4.509324192332367,50.60935811946558
942,05/05/2023 11:21:58.681358,1124,True,True,True,True,Eyes,2.435149,0.03886287,-3.296667,0.7593259,-0.002807968,0.6507045,0.0,0.0,0.0,0.0,0.0,0.0,0.0,-4.068507,0.03355776,0.4402611,2.435783,0.03909612,-3.288333,0.0239293,0.4010077,-0.003488388,0.9157555,2.672357,47.31418,0.7343565,0.5686655,0.008409929,-0.8225256,0.4040404,0.005601098,0.252629,3.815089,-0.07732296,-1.964179,-0.03856832,-0.02667055,1.915,0.6783613,0.01280265,-0.734617,0.02558069,0.9988304,0.04102904,0.7342831,-0.04662452,0.6772404,moving,49.40507,-0.2472454,-1.153787,-0.7979168,-4.80734779315517,1.7758745124780004,50.561855782172664,4.469105972056141,50.560709880220124
943,05/05/2023 11:21:58.696223,1125,True,True,True,True,Eyes,2.435719,0.03880773,-3.29549,0.7570435,-0.003715485,0.6533539,0.0,0.0,0.0,0.0,0.0,0.0,0.0,-4.054805,0.03740614,0.5232388,2.439683,0.03837609,-3.280715,0.02591942,0.390687,-0.004444603,0.9201478,2.933238,46.02906,0.692678,0.5712368,0.008517495,-0.8207408,0.379798,0.005265032,0.2374713,3.785803,-0.08940648,-1.923691,-0.0423947,-0.02931632,1.915,0.6946879,0.01207337,-0.7192099,0.02843214,0.9986169,0.0442265,0.7187492,-0.0511723,0.6933838,moving,49.20471,-0.3258254,-1.26822,-0.8770604,-4.815449741909788,1.7770085907735405,50.47594003889501,4.430228103571538,50.47456529586966
944,05/05/2023 11:21:58.706024,1126,True,True,True,True,Eyes,2.436397,0.03874432,-3.294022,0.754197,-0.00450742,0.6566328,0.0,0.0,0.0,0.0,0.0,0.0,0.0,-4.038586,0.04365487,0.6086463,2.443112,0.03796197,-3.272964,0.02836584,0.3800067,-0.005345457,0.9245331,3.239679,44.70677,0.6699751,0.5735693,0.008613029,-0.8191115,0.3570101,0.00494913,0.223223,3.753954,-0.102989,-1.882906,-0.04662007,-0.03223821,1.914999,0.7111326,0.01167431,-0.7029608,0.03144252,0.9983336,0.0483877,0.7023544,-0.05651294,0.7095805,moving,48.95592,-0.3932975,-1.394573,-0.9644592,-4.8270875341873385,1.7799480287144342,50.353732443887374,4.394761320530088,50.352055192154
945,05/05/2023 11:21:58.725825,1127,True,True,True,True,Eyes,2.437168,0.03864348,-3.292278,0.7508727,-0.005222129,0.6604264,0.0,0.0,0.0,0.0,0.0,0.0,0.0,-4.020501,0.0438416,0.6929886,2.446673,0.03766707,-3.264805,0.0291838,0.369337,-0.006153665,0.9288169,3.368546,43.38682,0.5811942,0.5756931,0.008697596,-0.8176193,0.3355895,0.004652182,0.2098296,3.722269,-0.1099574,-1.842835,-0.05011696,-0.03465645,1.914999,0.7271047,0.01012605,-0.6864519,0.03298856,0.9982209,0.04966724,0.6857335,-0.05875835,0.725477,moving,48.66692,-0.4530402,-1.499131,-1.03679,-4.841582784183665,1.784310448624714,50.16944724395118,4.373853183501148,50.16746955083457
946,05/05/2023 11:21:58.745793,1128,True,True,True,True,Eyes,2.437998,0.03850039,-3.290244,0.7470914,-0.005858359,0.6646955,0.0,0.0,0.0,0.0,0.0,0.0,0.0,-4.001097,0.04214747,0.773085,2.449814,0.03665869,-3.256575,0.02843287,0.3591042,-0.006365155,0.9328426,3.303115,42.12325,0.4904333,0.577634,0.008771414,-0.8162484,0.3154541,0.004373051,0.1972398,3.690834,-0.1114334,-1.804171,-0.05401957,-0.03735487,1.914999,0.7420074,0.008545353,-0.6703373,0.0322961,0.9983021,0.04847528,0.6696132,-0.05761829,0.7404716,moving,48.34016,-0.5049689,-1.615809,-1.117496,-4.858790500319762,1.790037408200488,49.95972406025873,4.355534356565008,49.95739432337261
947,05/05/2023 11:21:58.756329,1129,True,True,True,True,Eyes,2.438888,0.03831541,-3.287943,0.7429072,-0.00649219,0.669363,0.0,0.0,0.0,0.0,0.0,0.0,0.0,-3.980775,0.04575869,0.8481557,2.452726,0.03547332,-3.248216,0.02882405,0.3493336,-0.00652796,0.9365322,3.356598,40.92509,0.454058,0.5794154,0.008834586,-0.8149842,0.2965269,0.004110668,0.1854054,3.659924,-0.1171246,-1.767819,-0.05796814,-0.0400858,1.915,0.7558469,0.007911124,-0.6547006,0.0323657,0.9982532,0.04942843,0.6539479,-0.05855018,0.7542705,moving,47.981,-0.5556976,-1.733847,-1.199171,-4.878037171923174,1.796655190863403,49.71901115519009,4.342914505615027,49.71629035125677
948,05/05/2023 11:21:58.776135,1130,True,True,True,True,Eyes,2.439819,0.03807506,-3.285378,0.7382959,-0.007108776,0.6744395,0.0,0.0,0.0,0.0,0.0,0.0,0.0,-3.95943,0.04976153,0.9192069,2.45523,0.03428757,-3.239625,0.02907825,0.3399518,-0.00653626,0.9399706,3.388696,39.77898,0.4294777,0.5810579,0.008887199,-0.8138134,0.2787353,0.003864028,0.1742811,3.629581,-0.1219372,-1.733192,-0.06166869,-0.0426445,1.915,0.7687802,0.007482622,-0.6394694,0.03205819,0.9982234,0.05022138,0.6387091,-0.05910943,0.7671745,moving,47.58804,-0.6038908,-1.844457,-1.27569,-4.89947817132565,1.8042675862100297,49.437061743393784,4.338120916952484,49.433948875531094
949,05/05/2023 11:21:58.796243,1131,True,True,True,True,Eyes,2.440774,0.03778189,-3.282557,0.7333195,-0.007860655,0.6798388,0.0,0.0,0.0,0.0,0.0,0.0,0.0,-3.936832,0.05169217,0.9885692,2.457392,0.03271632,-3.230904,0.02909218,0.3306987,-0.006745807,0.9432637,3.402209,38.65141,0.3739633,0.5825791,0.008928994,-0.8127246,0.2620112,0.003632186,0.1638242,3.598723,-0.1265831,-1.699383,-0.06552047,-0.045308,1.915,0.7811857,0.006515339,-0.6242647,0.03196764,0.9982163,0.05042153,0.6234797,-0.05934486,0.7795841,moving,47.16732,-0.6624545,-1.959573,-1.355338,-4.92206878381816,1.8120633979781924,49.13177895596719,4.336912828851254,49.12819396628259
950,05/05/2023 11:21:58.811628,1132,True,True,True,True,Eyes,2.441758,0.03745135,-3.279488,0.7278951,-0.008773171,0.6856324,0.0,0.0,0.0,0.0,0.0,0.0,0.0,-3.913081,0.05426376,1.055712,2.459077,0.0311885,-3.222056,0.03075499,0.3216151,-0.007955869,0.9463375,3.630779,37.5495,0.2712485,0.5839955,0.00895982,-0.8117072,0.2462905,0.003414255,0.1539948,3.56706,-0.1383534,-1.667068,-0.06947118,-0.04804006,1.915,0.7930009,0.004724661,-0.6092022,0.03484041,0.9979817,0.05309174,0.6082235,-0.06332665,0.7912357,moving,46.71256,-0.7331017,-2.077629,-1.437032,-4.946102255968842,1.820116322523116,48.79526678401277,4.3401790303078105,48.791136346382885
951,05/05/2023 11:21:58.827724,1133,True,True,True,True,Eyes,2.442741,0.03706938,-3.276166,0.7221783,-0.009692324,0.691639,0.0,0.0,0.0,0.0,0.0,0.0,0.0,-3.888985,0.05236985,1.118464,2.460563,0.02996938,-3.212886,0.03169733,0.3129804,-0.009313588,0.9491848,3.784456,36.5026,0.1240671,0.5853204,0.008979884,-0.8107522,0.2315131,0.0032094,0.1447551,3.536379,-0.1471841,-1.636051,-0.07333159,-0.05070967,1.915,0.8039129,0.002160654,-0.594743,0.03752192,0.997817,0.0543433,0.5935621,-0.06600318,0.802077,moving,46.23743,-0.8028653,-2.192971,-1.516852,-4.971424395343892,1.828735880790152,48.43566369968082,4.3488804925162,48.430933619745836
952,05/05/2023 11:21:58.846222,1134,True,True,True,True,Eyes,2.443912,0.03661679,-3.272737,0.7149611,-0.0134409,0.699035,0.0,0.0,0.0,0.0,0.0,0.0,0.0,-3.864909,0.04848236,1.176303,2.461671,0.02836142,-3.203582,0.03187419,0.3048905,-0.01050579,0.9517961,3.846385,35.52275,359.9677,0.5865668,0.008989053,-0.8098506,0.2176223,0.003016836,0.1360698,3.506901,-0.1533149,-1.606547,-0.07719153,-0.05337857,1.915,0.8138628,-0.0005624558,-0.5810568,0.039435,0.9977474,0.05426922,0.5797173,-0.06708167,0.8120517,moving,45.64531,-1.101535,-2.30828,-1.596645,-4.991885954934568,1.828707506687476,47.95614588142171,4.351411347646928,47.949409493234754
953,05/05/2023 11:21:58.856009,1135,True,True,True,True,Eyes,2.445056,0.0361559,-3.269042,0.7075374,-0.01713983,0.706468,0.0,0.0,0.0,0.0,0.0,0.0,0.0,-3.840914,0.04339541,1.229506,2.462411,0.0266047,-3.19406,0.03278732,0.29729,-0.01241356,0.9541433,4.011028,34.60332,359.7591,0.587746,0.008986671,-0.8089954,0.2045649,0.002835826,0.1279056,3.478188,-0.1628777,-1.578753,-0.08099437,-0.05600847,1.915,0.8229293,-0.004193958,-0.5681285,0.04318332,0.9975418,0.05518675,0.5665004,-0.06994846,0.8210874,moving,45.04333,-1.389797,-2.421865,-1.675266,-5.013494287394398,1.8294610762950212,47.466053437567204,4.358859282265928,47.456416091243256
954,05/05/2023 11:21:58.875906,1136,True,True,True,True,Eyes,2.446064,0.03566761,-3.265009,0.6999386,-0.02059687,0.713906,0.0,0.0,0.0,0.0,0.0,0.0,0.0,-3.817622,0.03210978,1.276784,2.462964,0.02599604,-3.184113,0.03343842,0.2903578,-0.01490363,0.9562175,4.163543,33.76311,359.4781,0.5888684,0.008973731,-0.8081789,0.1922911,0.002665676,0.1202313,3.451026,-0.1708606,-1.552281,-0.08495897,-0.05875,1.915,0.8309405,-0.009084018,-0.5562873,0.04792045,0.9973195,0.05529405,0.5542938,-0.07260359,0.8291484,moving,44.43399,-1.65258,-2.540262,-1.757218,-5.036886726591426,1.8316992175581492,46.97436854360629,4.371894534399594,46.96123822996616
955,05/05/2023 11:21:58.896296,1137,True,True,True,True,Eyes,2.44701,0.03513065,-3.26072,0.6921874,-0.02386543,0.7213232,0.0,0.0,0.0,0.0,0.0,0.0,0.0,-3.795619,0.01533698,1.316943,2.463303,0.02491476,-3.17377,0.03159046,0.2842804,-0.01650434,0.9580784,4.009162,33.02581,359.2152,0.589942,0.008950668,-0.8073956,0.1807536,0.002505735,0.1130174,3.42703,-0.1689968,-1.526803,-0.08877921,-0.06139146,1.915,0.8378246,-0.01366381,-0.5457686,0.049586,0.9974593,0.05114856,0.5436831,-0.069916,0.8363734,moving,43.81916,-1.894975,-2.654326,-1.836171,-5.061682428778448,1.835115067326876,46.47352320303047,4.390182953286726,46.45650297842249
956,05/05/2023 11:21:58.906396,1138,True,True,True,True,Eyes,2.447925,0.0345712,-3.256196,0.6840985,-0.02709598,0.7288861,0.0,0.0,0.0,0.0,0.0,0.0,0.0,-3.772338,0.008241221,1.357466,2.462837,0.02320664,-3.163418,0.03072686,0.2780992,-0.01743747,0.9599024,3.938649,32.28195,359.0589,0.5909725,0.008917377,-0.8066421,0.1699084,0.002355391,0.1062364,3.401639,-0.1707632,-1.501805,-0.09271145,-0.06411102,1.915,0.8447134,-0.01638631,-0.5349678,0.05056678,0.9975036,0.04929087,0.5328246,-0.06868826,0.8434333,moving,43.1845,-2.128962,-2.771713,-1.917451,-5.088128178332163,1.839466475990262,45.956699731426426,4.413638884164479,45.93531256461648
957,05/05/2023 11:21:58.935856,1139,True,True,True,True,Eyes,2.448769,0.03399836,-3.251411,0.675868,-0.03004882,0.7364099,0.0,0.0,0.0,0.0,0.0,0.0,0.0,-3.747007,0.000720337,1.401261,2.462242,0.02214614,-3.152851,0.030476,0.2714211,-0.01881037,0.9617942,3.947039,31.47956,358.872,0.5919678,0.008874317,-0.8059125,0.1597139,0.002214068,0.09986217,3.374154,-0.1743257,-1.476306,-0.0964849,-0.06672012,1.915,0.8519534,-0.01963976,-0.523249,0.05272708,0.9974347,0.04841223,0.5209559,-0.06883436,0.8508036,moving,42.54533,-2.336628,-2.884338,-1.995423,-5.116228338513215,1.8452722975898108,45.430949312580395,4.442102526065457,45.40523295438912
958,05/05/2023 11:21:58.946419,1140,True,True,True,True,Eyes,2.449502,0.03340494,-3.246362,0.6673645,-0.03284191,0.7440066,0.0,0.0,0.0,0.0,0.0,0.0,0.0,-3.722371,-0.02134773,1.440273,2.461449,0.02124377,-3.141927,0.02816428,0.2653336,-0.02088588,0.9635189,3.747357,30.74543,358.547,0.5929331,0.008822176,-0.8052031,0.150131,0.002081224,0.09387045,3.348314,-0.1706534,-1.451134,-0.1004327,-0.06945029,1.915,0.8583236,-0.02530202,-0.5124844,0.05519374,0.9975411,0.04319018,0.5101314,-0.06535708,0.8576097,moving,41.8917,-2.527507,-3.002142,-2.077005,-5.146090130578006,1.8523023766472595,44.896102298228165,4.476155721909538,44.866026354997246
959,05/05/2023 11:21:58.956159,1141,True,True,True,True,Eyes,2.450143,0.03277546,-3.241067,0.6588305,-0.03543628,0.7514564,0.0,0.0,0.0,0.0,0.0,0.0,0.0,-3.698842,-0.03863408,1.474926,2.460473,0.02013962,-3.131134,0.02660197,0.2597483,-0.0227912,0.9650407,3.622586,30.07441,358.2677,0.5938725,0.008761418,-0.8045112,0.1411232,0.00195635,0.08823822,3.323542,-0.1699351,-1.427485,-0.1047196,-0.07241454,1.915,0.8640227,-0.03016924,-0.5025481,0.05780851,0.9975458,0.03950401,0.500123,-0.06318392,0.8636463,moving,41.24228,-2.699886,-3.130037,-2.165573,-5.176664644262351,1.8601657024442988,44.37553387093454,4.516110806281968,44.3412227524167
960,05/05/2023 11:21:58.975964,1142,True,True,True,True,Eyes,2.450691,0.03210738,-3.235532,0.6500431,-0.0379675,0.7589482,0.0,0.0,0.0,0.0,0.0,0.0,0.0,-3.678015,-0.05203719,1.500239,2.458969,0.0186382,-3.119991,0.02525427,0.2553093,-0.02427112,0.9662248,3.508458,29.5426,358.0475,0.5947912,0.008691973,-0.8038329,0.1326558,0.001838969,0.08294392,3.302977,-0.1695185,-1.406287,-0.1082124,-0.07483023,1.915,0.8684562,-0.03400741,-0.4945982,0.059798,0.9975463,0.03640931,0.4921464,-0.06119587,0.8683588,moving,40.58023,-2.863918,-3.234216,-2.237742,-5.20844688201788,1.8687770884024173,43.818920281881574,4.556433539395315,43.780361938682894
961,05/05/2023 11:21:58.996036,1143,True,True,True,True,Eyes,2.451121,0.03141567,-3.229759,0.6412075,-0.04039677,0.7663035,0.0,0.0,0.0,0.0,0.0,0.0,0.0,-3.656877,-0.0626362,1.524921,2.457196,0.0170658,-3.108691,0.02399726,0.2509003,-0.02539681,0.9673821,3.392354,29.01667,357.8704,0.5956921,0.008613815,-0.8031662,0.1246964,0.001728631,0.07796729,3.282041,-0.169308,-1.385137,-0.1119255,-0.07739802,1.915,0.872808,-0.03709501,-0.4866519,0.06117868,0.9975582,0.03368489,0.4842141,-0.05917317,0.8729463,moving,39.92104,-3.017634,-3.344947,-2.314447,-5.240595296790868,1.8778399875951457,43.27170094924785,4.600951276799798,43.228968481467646
962,05/05/2023 11:21:59.006383,1144,True,True,True,True,Eyes,2.451407,0.03080866,-3.223738,0.6320263,-0.04314626,0.7737449,0.0,0.0,0.0,0.0,0.0,0.0,0.0,-3.633728,-0.06934079,1.552749,2.454861,0.01581658,-3.097292,0.02382955,0.2460454,-0.0267142,0.968597,3.400109,28.43769,357.7021,0.5965778,0.008527306,-0.8025095,0.1172146,0.001624913,0.07328925,3.258476,-0.1730039,-1.363625,-0.1158123,-0.08008566,1.915,0.877496,-0.04002428,-0.4779109,0.06347689,0.997437,0.03301666,0.4753646,-0.05930828,0.8777875,moving,39.24334,-3.191674,-3.460827,-2.394724,-5.272807557824154,1.8863430863848247,42.71160273820674,4.648742726809066,42.663916434590476
963,05/05/2023 11:21:59.026204,1145,True,True,True,True,Eyes,2.451592,0.03038633,-3.217467,0.6227508,-0.04557331,0.781092,0.0,0.0,0.0,0.0,0.0,0.0,0.0,-3.60793,-0.07481988,1.585602,2.4525,0.0172781,-3.085747,0.02514365,0.2404652,-0.02858958,0.9699108,3.584687,27.77065,357.5096,0.597451,0.008435334,-0.8018606,0.1101818,0.001527418,0.06889189,3.2318,-0.1797737,-1.34154,-0.1196619,-0.08274788,1.915,0.8827182,-0.04336634,-0.4678972,0.06755102,0.9971008,0.03502459,0.4650218,-0.06252379,0.8830886,moving,38.56474,-3.339173,-3.575571,-2.474233,-5.306465585340047,1.896219335195008,42.14918661588051,4.700728632857994,42.09713927849245
964,05/05/2023 11:21:59.046217,1146,True,True,True,True,Eyes,2.451681,0.0300089,-3.210922,0.6132076,-0.04734172,0.7885019,0.0,0.0,0.0,0.0,0.0,0.0,0.0,-3.580482,-0.1055195,1.618785,2.450349,0.02125908,-3.073563,0.02220807,0.234769,-0.03084994,0.9713076,3.303612,27.09406,357.1579,0.5983143,0.00834306,-0.8012177,0.1035709,0.001435773,0.06475838,3.205443,-0.1681299,-1.317507,-0.1234875,-0.08539304,1.915,0.8878635,-0.04950203,-0.4574361,0.07035709,0.9971101,0.02865651,0.4546956,-0.05762696,0.8887807,moving,37.87174,-3.435919,-3.689571,-2.553223,-5.3436615666095015,1.9090461039093056,41.57068347125336,4.75897690247075,41.51580150060263
965,05/05/2023 11:21:59.056025,1147,True,True,True,True,Eyes,2.45165,0.02965751,-3.204189,0.6036158,-0.04922955,0.795754,0.0,0.0,0.0,0.0,0.0,0.0,0.0,-3.555464,-0.153592,1.642554,2.448418,0.02179295,-3.060666,0.01197486,0.23008,-0.03073175,0.9726127,2.145387,26.56001,356.8868,0.5991707,0.008251626,-0.8005784,0.09735661,0.001349627,0.06087287,3.184518,-0.1309837,-1.292591,-0.1275494,-0.08820201,1.915,0.8922374,-0.05426983,-0.4482935,0.06529053,0.9978243,0.009152267,0.4468215,-0.03743532,0.8938395,moving,37.18198,-3.540108,-3.81058,-2.637093,-5.380269892020333,1.9214112803742247,41.00250494108653,4.821191515725229,40.944498387332345
966,05/05/2023 11:21:59.082113,1148,True,True,True,True,Eyes,2.451503,0.02945354,-3.197225,0.5942404,-0.05116837,0.8026582,0.0,0.0,0.0,0.0,0.0,0.0,0.0,-3.530808,-0.1405893,1.671569,2.445591,0.02210466,-3.049444,0.01449711,0.224904,-0.03075764,0.9737875,2.411101,25.9453,356.9373,0.6000215,0.008161602,-0.7999419,0.09151521,0.001268649,0.0572205,3.158865,-0.1420491,-1.272646,-0.1313226,-0.09081137,1.915,0.8969442,-0.05338189,-0.4389092,0.06642371,0.9976876,0.01439917,0.4371257,-0.04206924,0.898416,moving,36.51405,-3.647593,-3.922959,-2.714994,-5.415374083763239,1.9330497166139888,40.44776183870848,4.881763326278612,40.38647075829425
967,05/05/2023 11:21:59.097690,1149,True,True,True,True,Eyes,2.451248,0.02935457,-3.190061,0.5848773,-0.05284255,0.8093987,0.0,0.0,0.0,0.0,0.0,0.0,0.0,-3.508554,-0.1304823,1.693489,2.443262,0.02547103,-3.037219,0.01778169,0.2205257,-0.03133096,0.9747157,2.778946,25.42252,356.9448,0.6008685,0.008076536,-0.7993069,0.0860243,0.00119253,0.05378727,3.136156,-0.1534269,-1.253364,-0.1352016,-0.09349361,1.915,0.9007736,-0.05323491,-0.4310139,0.06892019,0.9974044,0.02084563,0.4287854,-0.04848275,0.9021045,moving,35.85215,-3.735322,-4.038458,-2.79506,-5.4511458161010165,1.9455386792654128,39.90168792467692,4.94661123433136,39.837736784927436
968,05/05/2023 11:21:59.105883,1150,True,True,True,True,Eyes,2.450903,0.02930543,-3.182733,0.575448,-0.0547202,0.8160057,0.0,0.0,0.0,0.0,0.0,0.0,0.0,-3.485533,-0.1377084,1.715054,2.440501,0.02785122,-3.025308,0.01562976,0.2161763,-0.0305911,0.9757499,2.506207,24.91761,356.9624,0.6017128,0.007998558,-0.7986722,0.0,0.0,0.0,3.114252,-0.1445287,-1.233046,-0.1391678,-0.09623637,1.915,0.904664,-0.05294095,-0.4228241,0.06645607,0.9976398,0.01727534,0.4209116,-0.04372761,0.906047,moving,35.19152,-3.836432,-4.15652,-2.87692,-5.48613886282677,1.9573144453108735,39.359737233875734,5.013751987545344,39.29266036310453
969,05/05/2023 11:21:59.126017,1151,True,True,True,True,Eyes,2.450463,0.02928856,-3.175234,0.5659809,-0.05672313,0.8224646,0.0,0.0,0.0,0.0,0.0,0.0,0.0,-3.460878,-0.1171179,1.741964,2.437566,0.02909336,-3.013844,0.01911493,0.2111046,-0.02998939,0.9768163,2.866291,24.3173,357.1007,0.6025547,0.007928313,-0.798038,0.0,0.0,0.0,3.088635,-0.1580334,-1.214257,-0.142929,-0.09883703,1.915,0.909071,-0.05051776,-0.4135672,0.06665875,0.9974705,0.02468175,0.4112742,-0.05000534,0.910139,moving,34.53389,-3.945285,-4.268445,-2.95453,-5.520543169808915,1.9686195050856232,38.81498160404369,5.0798770532625745,38.74448246331902
970,05/05/2023 11:21:59.146040,1152,True,True,True,True,Eyes,2.449927,0.02926239,-3.167611,0.5563677,-0.05895541,0.828842,0.0,0.0,0.0,0.0,0.0,0.0,0.0,-3.436317,-0.09207181,1.768281,2.434909,0.02988287,-3.002315,0.0219654,0.2059945,-0.0282058,0.9779,3.128782,23.71857,357.3529,0.6033962,0.007865761,-0.7974025,0.0,0.0,0.0,3.063442,-0.1691172,-1.195544,-0.1467904,-0.1015073,1.915,0.9135414,-0.04611539,-0.4041232,0.06421439,0.9974439,0.03133945,0.4016449,-0.05458041,0.9141676,moving,33.87185,-4.068588,-4.383318,-3.034206,-5.554459192551402,1.9793024576031917,38.26914977929544,5.148479265506412,38.19468394333918
971,05/05/2023 11:21:59.156154,1153,True,True,True,True,Eyes,2.449291,0.02923137,-3.159875,0.5466511,-0.06171507,0.8350831,0.0,0.0,0.0,0.0,0.0,0.0,0.0,-3.411339,-0.06008326,1.79553,2.431899,0.02972225,-2.991614,0.02601051,0.2007832,-0.02639589,0.9789346,3.527343,23.10875,357.6323,0.6042373,0.007809962,-0.7967659,0.0,0.0,0.0,3.037254,-0.1858103,-1.17836,-0.1507028,-0.1042128,1.915,0.9179787,-0.04123475,-0.3944803,0.06212465,0.9972534,0.04032548,0.3917341,-0.06152488,0.9180191,moving,33.20903,-4.226641,-4.499674,-3.114918,-5.586601720725291,1.9882377063552057,37.7250882754215,5.217624941808943,37.6453635485908
972,05/05/2023 11:21:59.182213,1154,True,True,True,True,Eyes,2.448582,0.0292687,-3.152021,0.5366737,-0.0647001,0.8413056,0.0,0.0,0.0,0.0,0.0,0.0,0.0,-3.383286,-0.01152579,1.827967,2.428943,0.02968948,-2.981203,0.03400393,0.1946797,-0.02507317,0.9799566,4.382083,22.39339,357.9365,0.6050779,0.007760154,-0.7961281,0.0,0.0,0.0,3.007074,-0.2175563,-1.162644,-0.1545238,-0.106855,1.915,0.9229423,-0.0359015,-0.3832605,0.062381,0.9964302,0.05688228,0.3798501,-0.07640722,0.9218871,moving,32.53404,-4.397642,-4.613276,-3.193733,-5.6188079575556005,1.9968259899675425,37.166819649845436,5.28705940443253,37.081278087296184
973,05/05/2023 11:21:59.196179,1155,True,True,True,True,Eyes,2.447802,0.02940178,-3.144032,0.5265839,-0.06751397,0.847438,0.0,0.0,0.0,0.0,0.0,0.0,0.0,-3.352748,0.01882584,1.862733,2.426244,0.03148335,-2.970421,0.03933581,0.1881295,-0.02435719,0.981054,4.953413,21.62873,358.1023,0.6059191,0.007717459,-0.7954887,0.0,0.0,0.0,2.975641,-0.2376842,-1.145589,-0.1583613,-0.1095088,1.915,0.928028,-0.03299098,-0.3710466,0.06259188,0.9957188,0.06801648,0.3672142,-0.08634571,0.9261199,moving,31.85613,-4.555038,-4.727327,-3.272879,-5.651905251851815,2.0061811220879493,36.605918343515576,5.359414213924559,36.51501800953017
974,05/05/2023 11:21:59.205790,1156,True,True,True,True,Eyes,2.44699,0.02956826,-3.135926,0.5163221,-0.06966507,0.8535563,0.0,0.0,0.0,0.0,0.0,0.0,0.0,-3.322075,0.01243374,1.896632,2.423842,0.03390754,-2.959289,0.03871312,0.1818048,-0.02479477,0.9822595,4.87995,20.88734,358.008,0.6067606,0.007683635,-0.7948472,0.0,0.0,0.0,2.945563,-0.2352316,-1.125821,-0.1624474,-0.1123343,1.915,0.9326644,-0.03463333,-0.3590788,0.06278626,0.995773,0.06703703,0.3552393,-0.08506828,0.9308966,moving,31.17004,-4.665992,-4.84873,-3.357134,-5.68793522623829,2.0181081826143306,36.04254293993508,5.440357886527516,35.94805128701132
975,05/05/2023 11:21:59.225796,1157,True,True,True,True,Eyes,2.446111,0.02971844,-3.1277,0.5060288,-0.07143482,0.8595533,0.0,0.0,0.0,0.0,0.0,0.0,0.0,-3.293168,-0.009327903,1.92629,2.421405,0.03479267,-2.948087,0.03477686,0.1761114,-0.02528145,0.9834309,4.43373,20.22225,357.8458,0.6076038,0.00765866,-0.7942031,0.0,0.0,0.0,2.918651,-0.221469,-1.10551,-0.1661154,-0.1148707,1.915,0.9366913,-0.03747591,-0.348145,0.06197431,0.9963028,0.05949657,0.3446282,-0.07730597,0.9355507,moving,30.48581,-4.750758,-4.957676,-3.432759,-5.7252241363503344,2.0313197515450865,35.467983043812865,5.517724779716851,35.37100267201379
976,05/05/2023 11:21:59.246205,1158,True,True,True,True,Eyes,2.445155,0.02983799,-3.119358,0.4956347,-0.07291545,0.865465,0.0,0.0,0.0,0.0,0.0,0.0,0.0,-3.265567,-0.02399188,1.953054,2.418988,0.03449335,-2.937045,0.03118362,0.1707377,-0.02500675,0.9845056,4.010545,19.59967,357.783,0.60845,0.007641262,-0.7935551,0.0,0.0,0.0,2.892888,-0.2100564,-1.08622,-0.1699902,-0.1175501,1.915,0.9404466,-0.03859012,-0.3377439,0.059887,0.9968045,0.0528617,0.3346247,-0.06994008,0.9397524,moving,29.79892,-4.815798,-5.072719,-3.512628,-5.763709016327342,2.045602876265877,34.895980550705566,5.6010175572425585,34.79732277247102
977,05/05/2023 11:21:59.256231,1159,True,True,True,True,Eyes,2.444154,0.02997088,-3.110919,0.4852005,-0.074298,0.8712407,0.0,0.0,0.0,0.0,0.0,0.0,0.0,-3.237921,-0.02071616,1.979681,2.416662,0.03385042,-2.92614,0.02988103,0.1652433,-0.02363515,0.9855168,3.824904,18.96627,357.8915,0.6092981,0.007629981,-0.7929041,0.0,0.0,0.0,2.866585,-0.2074742,-1.068371,-0.17399,-0.120316,1.915,0.944272,-0.0367104,-0.3271126,0.05646096,0.9970971,0.0510854,0.3242876,-0.0667076,0.9436036,moving,29.11376,-4.874299,-5.191433,-3.595067,-5.802431058892823,2.060174323829983,34.32903583378178,5.68815198977006,34.228996061044896
978,05/05/2023 11:21:59.282429,1160,True,True,True,True,Eyes,2.443132,0.0301143,-3.102385,0.4746935,-0.07538244,0.8769171,0.0,0.0,0.0,0.0,0.0,0.0,0.0,-3.210203,-0.0148457,2.006417,2.41464,0.03428803,-2.915419,0.02956306,0.1596768,-0.02245845,0.9864711,3.755469,18.3234,357.9975,0.6101496,0.007624564,-0.7922491,0.0,0.0,0.0,2.840271,-0.2075211,-1.051474,-0.1777505,-0.1229164,1.915,0.9479979,-0.03486815,-0.3163609,0.05375029,0.9972433,0.05115401,0.3137051,-0.06549838,0.9472587,moving,28.42761,-4.91324,-5.303006,-3.672555,-5.842238519151361,2.0757661134439127,33.75342582625771,5.773557597614783,33.65282169823884
979,05/05/2023 11:21:59.296094,1161,True,True,True,True,Eyes,2.442073,0.03024202,-3.093769,0.4642404,-0.07644522,0.8824041,0.0,0.0,0.0,0.0,0.0,0.0,0.0,-3.185536,-0.01979606,2.027381,2.412673,0.03466959,-2.904499,0.02823899,0.1549578,-0.02225482,0.9872667,3.592273,17.77696,357.9793,0.6110042,0.007624728,-0.7915902,0.0,0.0,0.0,2.816894,-0.2041713,-1.034865,-0.1815873,-0.1255696,1.915,0.9509856,-0.03519118,-0.3072262,0.05269459,0.9974145,0.0488617,0.3047124,-0.06265594,0.9503813,moving,27.74924,-4.951337,-5.416798,-3.751606,-5.881615708366166,2.091201586203728,33.18773012861538,5.861267438993942,33.08662631787339
980,05/05/2023 11:21:59.306138,1162,True,True,True,True,Eyes,2.440983,0.0303522,-3.085079,0.4538204,-0.07762088,0.887706,0.0,0.0,0.0,0.0,0.0,0.0,0.0,-3.163644,-0.022366,2.04424,2.410779,0.03443407,-2.893963,0.02857346,0.1508743,-0.02317369,0.9878682,3.637646,17.29926,357.8659,0.6118634,0.00762955,-0.7909262,0.0,0.0,0.0,2.795357,-0.2080269,-1.020106,-0.185388,-0.128198,1.915,0.9533999,-0.03716309,-0.2994121,0.05440709,0.9972931,0.049461,0.2967634,-0.06344625,0.952841,moving,27.0774,-4.997224,-5.529481,-3.829903,-5.920186400796911,2.1060735567324977,32.62776925971498,5.948820756443219,32.52589129985026
981,05/05/2023 11:21:59.325906,1163,True,True,True,True,Eyes,2.439865,0.03044476,-3.07631,0.4435202,-0.07878013,0.8927954,0.0,0.0,0.0,0.0,0.0,0.0,0.0,-3.143676,-0.01825994,2.057737,2.408714,0.03416198,-2.883442,0.03011548,0.1472633,-0.02396972,0.9883482,3.818086,16.87564,357.788,0.6127274,0.007638155,-0.790257,0.0,0.0,0.0,2.775007,-0.2166816,-1.006427,-0.1894547,-0.1310102,1.915,0.9554779,-0.03851105,-0.2925386,0.05625067,0.9970371,0.05246943,0.2896511,-0.06658886,0.9548132,moving,26.41713,-5.04271,-5.65,-3.913657,-5.958072455495204,2.120669611789781,32.08700028225931,6.042185556203085,31.984343081567584
982,05/05/2023 11:21:59.346067,1164,True,True,True,True,Eyes,2.438733,0.03053038,-3.067481,0.4332364,-0.08016085,0.8977085,0.0,0.0,0.0,0.0,0.0,0.0,0.0,-3.125834,-0.01932889,2.067956,2.406951,0.03384593,-2.87282,0.0305796,0.1441331,-0.02471321,0.9887769,3.875966,16.50921,357.699,0.6135963,0.007649745,-0.7895824,0.0,0.0,0.0,2.757365,-0.2209733,-0.9927645,-0.1930821,-0.1335184,1.915,0.9572298,-0.04005664,-0.2865424,0.05768676,0.9969083,0.05334883,0.2835195,-0.06759679,0.9565811,moving,25.76207,-5.102691,-5.757457,-3.988345,-5.994881145804586,2.134394897289755,31.539219224823004,6.127341517728124,31.435368383201563
983,05/05/2023 11:21:59.356242,1165,True,True,True,True,Eyes,2.437583,0.0306076,-3.058578,0.4230935,-0.08148596,0.9024145,0.0,0.0,0.0,0.0,0.0,0.0,0.0,-3.108521,-0.01745807,2.077461,2.405097,0.03381461,-2.862415,0.03233102,0.1411185,-0.02603238,0.9891223,4.089,16.15231,357.5652,0.6144699,0.007663865,-0.7889026,0.0,0.0,0.0,2.739358,-0.2301301,-0.9800816,-0.196974,-0.1362096,1.915,0.9588158,-0.0423734,-0.2808501,0.06062341,0.9965541,0.05661136,0.2774835,-0.07130596,0.9580806,moving,25.11935,-5.159685,-5.872705,-4.068468,-6.031093755030113,2.147956093127623,31.01125969166867,6.218441565483878,30.906295329385397
984,05/05/2023 11:21:59.381227,1166,True,True,True,True,Eyes,2.43643,0.03065649,-3.049606,0.412819,-0.08277606,0.9070438,0.0,0.0,0.0,0.0,0.0,0.0,0.0,-3.092191,-0.02107836,2.085373,2.403546,0.03370006,-2.851789,0.03241273,0.1383143,-0.02684586,0.9894938,4.104209,15.82388,357.4624,0.6153491,0.007680079,-0.7882169,0.0,0.0,0.0,2.722984,-0.232827,-0.9666561,-0.2007586,-0.1388267,1.915,0.9602969,-0.04416133,-0.2754627,0.06209391,0.9964574,0.05671806,0.2719821,-0.07157072,0.9596372,moving,24.4715,-5.214322,-5.98473,-4.146367,-6.067742760061504,2.161768567968685,30.4749482968376,6.30868175312439,30.369061471854447
985,05/05/2023 11:21:59.396168,1167,True,True,True,True,Eyes,2.435269,0.03067568,-3.040577,0.4026555,-0.0840884,0.911481,0.0,0.0,0.0,0.0,0.0,0.0,0.0,-3.076075,-0.02574846,2.09255,2.401886,0.03306849,-2.841041,0.03137498,0.1355938,-0.02693433,0.9899013,3.980705,15.50984,357.4251,0.6162342,0.007697471,-0.7875251,0.0,0.0,0.0,2.707201,-0.2317019,-0.952713,-0.2046005,-0.1414833,1.915,0.9617777,-0.04481615,-0.2701391,0.06183316,0.9965804,0.05481201,0.2667588,-0.06942052,0.9612598,moving,23.83391,-5.270885,-6.098403,-4.225428,-6.103665078048908,2.175220306149062,29.95056496743956,6.400650469169071,29.843694484720988
986,05/05/2023 11:21:59.406191,1168,True,True,True,True,Eyes,2.434107,0.03066519,-3.031487,0.3922911,-0.0854824,0.9158605,0.0,0.0,0.0,0.0,0.0,0.0,0.0,-3.058288,-0.02076527,2.102877,2.400444,0.03220779,-2.830633,0.03222588,0.1323405,-0.02704933,0.9903111,4.070662,15.13129,357.4117,0.6171255,0.007715184,-0.7868265,0.0,0.0,0.0,2.689085,-0.2380914,-0.9398162,-0.208627,-0.1442679,1.915,0.9635087,-0.04504492,-0.2638599,0.06210408,0.9964597,0.05666783,0.2603732,-0.07098672,0.962895,moving,23.18693,-5.332289,-6.217488,-4.308282,-6.1399063987030855,2.188666272775193,29.422243086732408,6.49741146642079,29.314285470753674
987,05/05/2023 11:21:59.425974,1169,True,True,True,True,Eyes,2.432946,0.03061799,-3.022348,0.3820284,-0.08688888,0.9200569,0.0,0.0,0.0,0.0,0.0,0.0,0.0,-3.040694,-0.01515971,2.113076,2.399311,0.03167992,-2.820185,0.03326454,0.1290615,-0.02715733,0.9907064,4.18176,14.7496,357.4011,0.6180235,0.007732438,-0.7861212,0.0,0.0,0.0,2.671521,-0.2446072,-0.9271995,-0.212267,-0.1467848,1.915,0.9652112,-0.04522353,-0.2575309,0.06239622,0.9963118,0.05890085,0.2539174,-0.07292071,0.9644732,moving,22.54933,-5.394932,-6.325095,-4.383154,-6.175510705436521,2.2018089866512214,28.892146230453513,6.586661749076435,28.78317445702056
988,05/05/2023 11:21:59.446114,1170,True,True,True,True,Eyes,2.431803,0.03053347,-3.01316,0.3714729,-0.0883643,0.9242293,0.0,0.0,0.0,0.0,0.0,0.0,0.0,-3.022456,-0.01047954,2.124288,2.398237,0.03077006,-2.809887,0.03424009,0.1256139,-0.02745711,0.991108,4.287963,14.3478,357.3662,0.6189284,0.007748347,-0.7854087,0.0,0.0,0.0,2.652974,-0.2514419,-0.9146847,-0.2162112,-0.1495125,1.915,0.9669344,-0.04582384,-0.2508742,0.06302798,0.9961475,0.06097326,0.2471137,-0.07476924,0.9660975,moving,21.89654,-5.46137,-6.441645,-4.46428,-6.2118425711266925,2.2151476784373814,28.35572107286861,6.683379629183984,28.24566492892676
989,05/05/2023 11:21:59.456339,1171,True,True,True,True,Eyes,2.43067,0.03041136,-3.003926,0.3610137,-0.08989827,0.9282173,0.0,0.0,0.0,0.0,0.0,0.0,0.0,-3.00444,-0.008741289,2.134907,2.397177,0.02982768,-2.799503,0.03565374,0.1222384,-0.02869958,0.9914449,4.457169,13.94958,357.2294,0.6198411,0.007762091,-0.7846885,0.0,0.0,0.0,2.634279,-0.2599506,-0.9024934,-0.2200989,-0.1522009,1.915,0.9684682,-0.04819158,-0.2444318,0.06562461,0.9958103,0.06368105,0.2403388,-0.07771381,0.9675732,moving,21.25267,-5.531869,-6.556472,-4.544218,-6.247417591876112,2.228051347439084,27.826674851192063,6.7793175719569145,27.715467717082866
990,05/05/2023 11:21:59.482483,1172,True,True,True,True,Eyes,2.429576,0.03026108,-2.994645,0.3502367,-0.0914394,0.9321873,0.0,0.0,0.0,0.0,0.0,0.0,0.0,-2.986144,-0.008077174,2.146086,2.396317,0.02884969,-2.7892,0.03728863,0.1187545,-0.0303632,0.9917585,4.656061,13.53619,357.0457,0.6207618,0.007772916,-0.7839603,0.0,0.0,0.0,2.615144,-0.2692415,-0.8906173,-0.2239489,-0.1548631,1.915,0.9699509,-0.05136954,-0.2378159,0.0690823,0.9953753,0.06675111,0.2332871,-0.08117417,0.9690139,moving,20.59195,-5.602292,-6.670135,-4.623361,-6.28402427362063,2.241390419735492,27.279655138032556,6.875601322632492,27.16746285841125
991,05/05/2023 11:21:59.496047,1173,True,True,True,True,Eyes,2.428499,0.03007513,-2.985314,0.3395638,-0.09293783,0.9359802,0.0,0.0,0.0,0.0,0.0,0.0,0.0,-2.967697,-0.01084562,2.157096,2.395515,0.02807475,-2.778691,0.03857435,0.1152595,-0.03231318,0.9920601,4.817658,13.12038,356.8232,0.6216907,0.007780373,-0.7832237,0.0,0.0,0.0,2.595904,-0.2769078,-0.8784897,-0.2278037,-0.1575287,1.915,0.9713422,-0.05522111,-0.2311815,0.07300534,0.9949358,0.06908734,0.2261957,-0.08398493,0.9704545,moving,19.94024,-5.670577,-6.783886,-4.702588,-6.32019347866446,2.2546074980601807,26.741651279754528,6.97263077701461,26.628607072436242
992,05/05/2023 11:21:59.506134,1174,True,True,True,True,Eyes,2.427419,0.02986106,-2.975929,0.3286705,-0.09449472,0.9397055,0.0,0.0,0.0,0.0,0.0,0.0,0.0,-2.94937,-0.02053371,2.167915,2.394861,0.02707599,-2.768207,0.03905579,0.1118137,-0.0348585,0.9923494,4.89381,12.70877,356.5217,0.6226286,0.00778387,-0.7824783,0.0,0.0,0.0,2.57655,-0.2817764,-0.8660131,-0.2319336,-0.1603845,1.915,0.9725652,-0.06044967,-0.2246393,0.07791755,0.9945191,0.06971864,0.2191936,-0.08530927,0.9719447,moving,19.27775,-5.742235,-6.905694,-4.787447,-6.35684339244405,2.267929078396693,26.200846547890016,7.0766919246938285,26.086902030552704
993,05/05/2023 11:21:59.525966,1175,True,True,True,True,Eyes,2.426349,0.02960613,-2.966494,0.3178472,-0.09601995,0.9432675,0.0,0.0,0.0,0.0,0.0,0.0,0.0,-2.930391,-0.03095192,2.179116,2.394017,0.02620783,-2.75766,0.04016738,0.1082834,-0.03812749,0.9925764,5.048301,12.28187,356.1439,0.6235757,0.007783066,-0.7817238,0.0,0.0,0.0,2.556709,-0.288412,-0.8540354,-0.2355525,-0.1628872,1.915,0.973642,-0.06698995,-0.218022,0.08438779,0.9938657,0.07148124,0.211896,-0.08799553,0.9733226,moving,18.62196,-5.812405,-7.01238,-4.861796,-6.393162652858176,2.281154760548999,25.65195986092449,7.169740280556115,25.537400880341544
994,05/05/2023 11:21:59.546228,1176,True,True,True,True,Eyes,2.42529,0.02931068,-2.957013,0.3068372,-0.09745341,0.9467596,0.0,0.0,0.0,0.0,0.0,0.0,0.0,-2.909697,-0.04195012,2.192353,2.393245,0.02502525,-2.747045,0.04090266,0.1043684,-0.04126732,0.9928401,5.154034,11.81159,355.7733,0.6245319,0.007777312,-0.7809602,0.0,0.0,0.0,2.535254,-0.2938907,-0.8417624,-0.239446,-0.1655794,1.915,0.9748085,-0.07340579,-0.2106182,0.09048157,0.993248,0.07260557,0.2038664,-0.08983359,0.9748684,moving,17.9571,-5.876966,-7.12711,-4.941756,-6.4303290293062085,2.2948980514840747,25.101637577421116,7.270121428283152,24.986685043919532
995,05/05/2023 11:21:59.556265,1177,True,True,True,True,Eyes,2.424243,0.02895907,-2.947481,0.2958262,-0.09884886,0.9501136,0.0,0.0,0.0,0.0,0.0,0.0,0.0,-2.88595,-0.05257551,2.20929,2.392373,0.0238332,-2.736498,0.04145755,0.09979854,-0.04425381,0.9931583,5.231536,11.26669,355.4137,0.6254976,0.007766025,-0.7801871,0.0,0.0,0.0,2.511202,-0.2984556,-0.829462,-0.243372,-0.1682944,1.915,0.9761637,-0.07962726,-0.2019008,0.09617687,0.9926457,0.07351487,0.1945621,-0.09118073,0.976643,moving,17.29444,-5.939627,-7.242733,-5.022376,-6.467460797291103,2.3086816493995377,24.554311397979177,7.3719368721600285,24.439128674227874
996,05/05/2023 11:21:59.582331,1178,True,True,True,True,Eyes,2.423227,0.02855658,-2.937906,0.2852744,-0.1002739,0.953186,0.0,0.0,0.0,0.0,0.0,0.0,0.0,-2.860555,-0.06068482,2.228097,2.3917,0.02218107,-2.725831,0.04212853,0.0948136,-0.04701883,0.9934913,5.314622,10.6744,355.0776,0.6264725,0.007748275,-0.7794047,0.0,0.0,0.0,2.485763,-0.3037253,-0.8172775,-0.2473183,-0.1710234,1.915,0.9775992,-0.08543687,-0.1923546,0.1014143,0.9920289,0.07479259,0.1844313,-0.09262469,0.9784712,moving,16.66166,-6.005349,-7.3589,-5.103391,-6.502609778796725,2.3215442964854445,24.037488033223525,7.474148586957831,23.921945496556866
997,05/05/2023 11:21:59.596351,1179,True,True,True,True,Eyes,2.422228,0.02809939,-2.92828,0.2746974,-0.1016306,0.9561446,0.0,0.0,0.0,0.0,0.0,0.0,0.0,-2.833932,-0.06505229,2.24816,2.391023,0.02065355,-2.715181,0.04265497,0.08953422,-0.04896453,0.9938647,5.368128,10.05295,354.8315,0.6274578,0.007723328,-0.7786121,0.0,0.0,0.0,2.459713,-0.3081707,-0.8053121,-0.2511247,-0.1736554,1.915,0.9791722,-0.08969005,-0.1821469,0.1049664,0.9915661,0.0760185,0.1737926,-0.0935545,0.9803283,moving,16.02919,-6.067308,-7.470889,-5.181505,-6.537937052705106,2.3345904224315506,23.516767634201983,7.573776451352247,23.401126356236215
998,05/05/2023 11:21:59.606052,1180,True,True,True,True,Eyes,2.421268,0.02759141,-2.91861,0.2643698,-0.1030112,0.9589043,0.0,0.0,0.0,0.0,0.0,0.0,0.0,-2.807498,-0.06678569,2.267655,2.390518,0.01899054,-2.704408,0.04286725,0.08424804,-0.05014594,0.9942585,5.376023,9.436278,354.6694,0.6284532,0.007690439,-0.7778091,0.0,0.0,0.0,2.434025,-0.3117127,-0.7933416,-0.2551162,-0.1764158,1.915,0.9807754,-0.0924931,-0.1718279,0.106939,0.9912956,0.07679287,0.1632294,-0.09369165,0.9821293,moving,15.41353,-6.131536,-7.58826,-5.263412,-6.572120181495761,2.3470906149087227,23.018166357976387,7.6780394751708805,22.902305311950496
999,05/05/2023 11:21:59.625820,1181,True,True,True,True,Eyes,2.420341,0.02706329,-2.908882,0.2539323,-0.1043187,0.9615799,0.0,0.0,0.0,0.0,0.0,0.0,0.0,-2.77692,-0.05976854,2.292414,2.390279,0.0172986,-2.69375,0.04333971,0.07790955,-0.04999737,0.9947623,5.394685,8.704563,354.6563,0.6294593,0.007649019,-0.7769954,0.0,0.0,0.0,2.405303,-0.3162168,-0.7819791,-0.2589251,-0.1790496,1.915,0.9828607,-0.09271785,-0.1593367,0.1062241,0.9912439,0.07843486,0.1506692,-0.09401596,0.9841036,moving,14.79287,-6.191618,-7.700203,-5.34154,-6.606825529595293,2.359929760747049,22.509130715987528,7.778695955524281,22.393365597357896
1000,05/05/2023 11:21:59.646116,1182,True,True,True,True,Eyes,2.419474,0.02651039,-2.899088,0.2436358,-0.1054126,0.9641212,0.0,0.0,0.0,0.0,0.0,0.0,0.0,-2.745801,-0.05977558,2.316782,2.390234,0.01621104,-2.682722,0.04344556,0.0715502,-0.05073204,0.9951981,5.378439,7.967731,354.5384,0.6304767,0.007599347,-0.7761707,0.0,0.0,0.0,2.376328,-0.3184649,-0.7703738,-0.262751,-0.1816954,1.915,0.9846137,-0.09475979,-0.1468214,0.1071939,0.9910775,0.0792141,0.1380051,-0.09373365,0.9859861,moving,14.18188,-6.239673,-7.812587,-5.420005,-6.641571378737389,2.3731330481513164,22.00973498805274,7.880626765859729,21.89442895144905
1001,05/05/2023 11:21:59.656115,1183,True,True,True,True,Eyes,2.418644,0.0259344,-2.889229,0.2332474,-0.1062473,0.9665956,0.0,0.0,0.0,0.0,0.0,0.0,0.0,-2.714267,-0.07016887,2.340521,2.390333,0.01507331,-2.671383,0.04113898,0.06522544,-0.05113894,0.99571,5.082846,7.248891,354.442,0.6315065,0.007541531,-0.7753336,0.0,0.0,0.0,2.348097,-0.3117588,-0.7572652,-0.2668061,-0.1844995,1.915,0.986261,-0.09647248,-0.1340988,0.1072057,0.9913848,0.07525387,0.1256836,-0.08859611,0.9881065,moving,13.56658,-6.272715,-7.931638,-5.503141,-6.6773668471266925,2.3872104055204177,21.5119878513586,7.989420593981029,21.397527986385995
1002,05/05/2023 11:21:59.682385,1184,True,True,True,True,Eyes,2.417881,0.02534617,-2.879306,0.2229313,-0.1069803,0.9689463,0.0,0.0,0.0,0.0,0.0,0.0,0.0,-2.682796,-0.07900889,2.363696,2.390488,0.01390399,-2.660088,0.03872524,0.05890942,-0.05113152,0.9962007,4.771403,6.534728,354.3961,0.632549,0.007475728,-0.7744839,0.0,0.0,0.0,2.320539,-0.3045861,-0.7446072,-0.2705129,-0.1870628,1.915,0.9878305,-0.09731194,-0.1213314,0.1064371,0.9917719,0.07113194,0.1134111,-0.08318046,0.9900601,moving,12.9569,-6.300446,-8.040402,-5.579119,-6.7130978746712815,2.4014139942998924,21.009688334673907,8.09015717487762,20.8963620371118
1003,05/05/2023 11:21:59.696012,1185,True,True,True,True,Eyes,2.417153,0.02473693,-2.869317,0.2125273,-0.1074213,0.9712326,0.0,0.0,0.0,0.0,0.0,0.0,0.0,-2.651065,-0.08729391,2.386444,2.390654,0.01304095,-2.648676,0.03652233,0.0525643,-0.05115271,0.9966376,4.483768,5.816848,354.3516,0.6336058,0.007402319,-0.7736203,0.0,0.0,0.0,2.29275,-0.2979221,-0.7323921,-0.2742771,-0.1896659,1.915,0.9892408,-0.09812189,-0.1085115,0.105801,0.992099,0.06742144,0.1010387,-0.07817667,0.9918062,moving,12.34304,-6.311438,-8.150793,-5.656255,-6.749961043464025,2.4165761226873936,20.50430334820908,8.19346889332489,20.392538690618874
1004,05/05/2023 11:21:59.711594,1186,True,True,True,True,Eyes,2.416464,0.02410084,-2.859273,0.2021623,-0.1079317,0.9733865,0.0,0.0,0.0,0.0,0.0,0.0,0.0,-2.619208,-0.09661253,2.408698,2.390883,0.01186716,-2.637223,0.03346629,0.04620487,-0.05057133,0.9970896,4.095039,5.105108,354.3756,0.6346766,0.00732149,-0.7727429,0.0,0.0,0.0,2.265103,-0.2887426,-0.7200458,-0.2783527,-0.1924838,1.915,0.9906153,-0.09775569,-0.09552567,0.1039409,0.9926451,0.06206451,0.08875593,-0.07141107,0.9934902,moving,11.73294,-6.327264,-8.270245,-5.739736,-6.786341565808519,2.43139605724054,20.011811494590113,8.30477985854347,19.901362505186373
1005,05/05/2023 11:21:59.725992,1187,True,True,True,True,Eyes,2.415806,0.02353606,-2.849166,0.1916522,-0.1085443,0.9754422,0.0,0.0,0.0,0.0,0.0,0.0,0.0,-2.587166,-0.09015261,2.431476,2.391199,0.01054117,-2.625964,0.03223726,0.03962119,-0.04870091,0.9975066,3.909052,4.363384,354.5587,0.6357619,0.007233178,-0.7718509,0.0,0.0,0.0,2.237285,-0.2870355,-0.7095675,-0.2820474,-0.195039,1.915,0.9921167,-0.0946044,-0.08218475,0.09971351,0.993178,0.06045458,0.07590482,-0.06817292,0.9947818,moving,11.11573,-6.349584,-8.378471,-5.815412,-6.822815408936454,2.446067742638757,19.50151820638549,8.40667067607848,19.39246378289037
1006,05/05/2023 11:21:59.746291,1188,True,True,True,True,Eyes,2.415208,0.02323404,-2.839014,0.1793485,-0.1108855,0.9775165,0.0,0.0,0.0,0.0,0.0,0.0,0.0,-2.55311,-0.06957932,2.455833,2.39137,0.01167435,-2.614487,0.03387254,0.03257365,-0.04642007,0.9978161,4.049673,3.555486,354.7986,0.6368617,0.007140007,-0.7709447,0.0,0.0,0.0,2.20707,-0.2940809,-0.7012282,-0.2858533,-0.1976709,1.915,0.9935682,-0.09043068,-0.06814973,0.09484409,0.9933956,0.064573,0.06186027,-0.07062127,0.9955832,moving,10.39664,-6.471739,-8.489891,-5.893335,-6.860271060814246,2.4582701724404235,18.895385796568878,8.509111005417981,18.786307974051436
1007,05/05/2023 11:21:59.756180,1189,True,True,True,True,Eyes,2.414628,0.02307496,-2.828751,0.1670717,-0.1122945,0.979529,0.0,0.0,0.0,0.0,0.0,0.0,0.0,-2.515005,-0.06893831,2.483249,2.391599,0.01814996,-2.603162,0.03540691,0.02501742,-0.04703424,0.9979521,4.187588,2.678202,354.7011,0.6379766,0.007049428,-0.7700231,0.0,0.0,0.0,2.17374,-0.2938825,-0.6936163,-0.2895915,-0.2002558,1.915,0.9943238,-0.09210426,-0.05326303,0.09564742,0.9930683,0.06831544,0.04660168,-0.07302215,0.996241,moving,9.679409,-6.539914,-8.599269,-5.969851,-6.900442143462863,2.473170873287024,18.287565208404672,8.612237284312073,18.179792590655808
1008,05/05/2023 11:21:59.782567,1190,True,True,True,True,Eyes,2.413924,0.02301257,-2.81849,0.1547295,-0.1139463,0.9813639,0.0,0.0,0.0,0.0,0.0,0.0,0.0,-2.482322,-0.1332015,2.500036,2.391519,0.02130177,-2.590373,0.02538182,0.0193076,-0.04942915,0.9982684,3.014257,2.0682,354.3851,0.6391075,0.00696499,-0.7690856,0.0,0.0,0.0,2.148398,-0.2524588,-0.6771154,-0.2935564,-0.2029974,1.915,0.994368,-0.097707,-0.04105754,0.09966724,0.9938251,0.04876702,0.03603913,-0.05258445,0.9979659,moving,8.959939,-6.622967,-8.715208,-6.050978,-6.939970103750899,2.4873720947209272,17.684399703912206,8.720945586821408,17.577734506867426
1009,05/05/2023 11:21:59.796377,1191,True,True,True,True,Eyes,2.413218,0.02313342,-2.808178,0.1423382,-0.1159809,0.9829996,0.0,0.0,0.0,0.0,0.0,0.0,0.0,-2.44991,-0.1169746,2.521461,2.390618,0.02337982,-2.580292,0.0282051,0.01295124,-0.04903029,0.998315,3.301212,1.325451,354.4148,0.6402512,0.006888674,-0.7681345,0.0,0.0,0.0,2.11879,-0.2622814,-0.6717874,-0.2973037,-0.2055887,1.915,0.9948567,-0.09716475,-0.02862464,0.09862591,0.993601,0.05504514,0.02309303,-0.05758515,0.9980735,moving,8.239158,-6.729034,-8.82472,-6.127636,-6.978371977728394,2.5004362041563075,17.074472523427715,8.823413793962116,16.968839374814493
1010,05/05/2023 11:21:59.806020,1192,True,True,True,True,Eyes,2.412541,0.02333799,-2.797848,0.1297772,-0.1180044,0.9844962,0.0,0.0,0.0,0.0,0.0,0.0,0.0,-2.417143,-0.08057642,2.542133,2.389969,0.02796235,-2.568808,0.03388796,0.006304872,-0.04695628,0.998302,3.913649,0.5401818,354.6325,0.641407,0.006824654,-0.7671702,0.0,0.0,0.0,2.088359,-0.2816072,-0.6675821,-0.3013495,-0.2083864,1.915,0.9955108,-0.09332579,-0.01577084,0.09418042,0.9932935,0.06706875,0.009405826,-0.06825296,0.9976237,moving,7.509485,-6.835022,-8.94288,-6.210373,-7.017320313039415,2.51373206096067,16.464218793080526,8.934080211343936,16.35980326353379
1011,05/05/2023 11:21:59.825885,1193,True,True,True,True,Eyes,2.411829,0.02361346,-2.787551,0.1170862,-0.120518,0.985782,0.0,0.0,0.0,0.0,0.0,0.0,0.0,-2.382544,-0.07821976,2.562843,2.388714,0.03028744,-2.558109,0.03077153,-0.0002909129,-0.04305881,0.9985985,3.521998,359.8145,355.0562,0.642575,0.006773969,-0.7661926,0.0,0.0,0.0,2.060316,-0.2709677,-0.6590804,-0.3051969,-0.2110471,1.915,0.9962918,-0.08601482,-0.00206896,0.08597901,0.9943981,0.06148185,-0.003230981,-0.06143175,0.9981061,moving,6.773567,-6.97018,-9.055177,-6.289037,-7.055120881826153,2.525704021665582,15.84339270497279,9.038798800442382,15.740191058497164
1012,05/05/2023 11:21:59.845920,1194,True,True,True,True,Eyes,2.411096,0.0239678,-2.777241,0.1039932,-0.1233367,0.9869009,0.0,0.0,0.0,0.0,0.0,0.0,0.0,-2.341607,-0.02398337,2.590827,2.387295,0.03231643,-2.548697,0.03763963,-0.008447424,-0.03914848,0.9984885,4.272728,358.8614,355.4669,0.643753,0.006737248,-0.7652034,0.0,0.0,0.0,2.024898,-0.2983474,-0.6598924,-0.3088781,-0.2135925,1.915,0.9967921,-0.07881451,0.01392225,0.07754268,0.9941013,0.07582688,-0.01981638,-0.07450406,0.9970238,moving,6.015258,-7.123538,-9.162556,-6.364268,-7.0933333060942125,2.5373236210713124,15.196793370691596,9.138928599420268,15.095183527974097
1013,05/05/2023 11:21:59.856057,1195,True,True,True,True,Eyes,2.410311,0.02430998,-2.76694,0.09081125,-0.1259917,0.9878661,0.0,0.0,0.0,0.0,0.0,0.0,0.0,-2.298367,0.003529578,2.617722,2.385723,0.03466942,-2.538129,0.04092859,-0.01669195,-0.03690922,0.9983407,4.616683,357.9101,355.6812,0.6449406,0.00671527,-0.764203,0.0,0.0,0.0,1.988707,-0.3109711,-0.658034,-0.312788,-0.2162963,1.915,0.9967182,-0.0750623,0.03030722,0.07232959,0.9939252,0.08295353,-0.03634978,-0.08048918,0.9960925,moving,5.252249,-7.268221,-9.276535,-6.44416,-7.13228699404474,2.5495048740657404,14.552135274604103,9.245745366277779,14.452570113571324
1014,05/05/2023 11:21:59.882476,1196,True,True,True,True,Eyes,2.409485,0.02461999,-2.75666,0.07739689,-0.128993,0.9886206,0.0,0.0,0.0,0.0,0.0,0.0,0.0,-2.255852,0.008966431,2.643218,2.383811,0.03468452,-2.528199,0.04020271,-0.02452444,-0.03541848,0.9982625,4.503987,357.0209,355.8188,0.6461362,0.006706283,-0.7631924,0.0,0.0,0.0,1.954051,-0.3103998,-0.6542526,-0.3166635,-0.2189765,1.915,0.9962882,-0.07268578,0.0461158,0.06874198,0.9942586,0.08200293,-0.05181148,-0.07852846,0.9955646,moving,4.476428,-7.433828,-9.389437,-6.523326,-7.170925565464268,2.5609498768117813,13.895726900390242,9.351249178114667,13.798546048535709
1015,05/05/2023 11:21:59.896086,1197,True,True,True,True,Eyes,2.408591,0.02500516,-2.746375,0.06384621,-0.1320926,0.989179,0.0,0.0,0.0,0.0,0.0,0.0,0.0,-2.211097,0.04795864,2.669277,2.381619,0.03435114,-2.518531,0.04588597,-0.03288755,-0.03394868,0.9978279,5.125617,356.0421,355.9256,0.6473386,0.006708161,-0.7621727,0.0,0.0,0.0,1.916495,-0.3342727,-0.6565717,-0.3205555,-0.221668,1.915,0.9955318,-0.07076802,0.06251668,0.06473172,0.993484,0.09380557,-0.06874775,-0.08933961,0.9936258,moving,3.693013,-7.606143,-9.502748,-6.602803,-7.209675762107255,2.572248140038845,13.233850517695938,9.457258784157412,13.139561516211435
1016,05/05/2023 11:21:59.906024,1198,True,True,True,True,Eyes,2.407637,0.02548747,-2.73606,0.05013287,-0.1344294,0.9896542,0.0,0.0,0.0,0.0,0.0,0.0,0.0,-2.165301,0.06283964,2.694604,2.379227,0.0365999,-2.508248,0.04901538,-0.0411815,-0.03429242,0.9973593,5.448297,355.0725,355.8269,0.6485465,0.006721929,-0.761145,0.0,0.0,0.0,1.878332,-0.3445478,-0.6570934,-0.3245664,-0.2244414,1.915,0.9942563,-0.07244078,0.0787838,0.06436667,0.992843,0.1005963,-0.08550723,-0.09494746,0.9918032,moving,2.899951,-7.735415,-9.619443,-6.684672,-7.251269986988543,2.585983000315001,12.563410642786655,9.568348214525916,12.472873141321704
1017,05/05/2023 11:21:59.925932,1199,True,True,True,True,Eyes,2.406587,0.02597034,-2.725736,0.03635742,-0.1361519,0.9900206,0.0,0.0,0.0,0.0,0.0,0.0,0.0,-2.121034,0.02298394,2.717925,2.376469,0.03937242,-2.497454,0.04362819,-0.04872361,-0.03676639,0.9971815,4.785615,354.2187,355.5351,0.6497589,0.006749126,-0.7601101,0.0,0.0,0.0,1.842702,-0.3204698,-0.6502526,-0.3283022,-0.227025,1.914999,0.9925485,-0.07757697,0.09396446,0.06907408,0.9934896,0.09059322,-0.1003807,-0.08342765,0.9914452,moving,2.10318,-7.830446,-9.728061,-6.760913,-7.294884815636934,2.601554637927737,11.879485024114892,9.673476449312098,11.793491649646406
1018,05/05/2023 11:21:59.946233,1200,True,True,True,True,Eyes,2.40542,0.02643499,-2.715408,0.02242282,-0.1375634,0.9902391,0.0,0.0,0.0,0.0,0.0,0.0,0.0,-2.076026,-0.01390268,2.740308,2.373258,0.03979038,-2.487051,0.03750912,-0.0562958,-0.03826778,0.9969752,4.041711,353.3728,355.3696,0.6509745,0.006788503,-0.759069,0.0,0.0,0.0,1.807099,-0.296846,-0.6440884,-0.3322201,-0.2297341,1.915,0.9907327,-0.08052725,0.1093802,0.07208084,0.9942573,0.07909994,-0.1151218,-0.07048268,0.9908477,moving,1.297175,-7.908877,-9.841893,-6.840831,-7.339932743746414,2.618207180004964,11.190154519341545,9.784334847840405,11.109041176734538
1019,05/05/2023 11:21:59.956152,1201,True,True,True,True,Eyes,2.40416,0.02689137,-2.705078,0.008377242,-0.1387215,0.990296,0.0,0.0,0.0,0.0,0.0,0.0,0.0,-2.028567,-0.01992097,2.763507,2.369954,0.03966801,-2.476731,0.03477874,-0.06450722,-0.03695981,0.996626,3.701271,352.4481,355.508,0.6521915,0.006838423,-0.7580231,0.0,0.0,0.0,1.770391,-0.2888733,-0.641863,-0.3360484,-0.2323812,1.915,0.9889456,-0.07815716,0.1260083,0.06918325,0.9948488,0.07409114,-0.1311499,-0.06455444,0.9892585,moving,0.4846724,-7.974151,-9.953051,-6.918891,-7.386066449103615,2.63569540570966,10.490931485931435,9.893408465676153,10.415076992332079
1020,05/05/2023 11:21:59.982353,1202,True,True,True,True,Eyes,2.402786,0.02731754,-2.694768,-0.00576303,-0.1399175,0.9901465,0.0,0.0,0.0,0.0,0.0,0.0,0.0,-1.978737,-0.02337763,2.787372,2.366468,0.03992377,-2.466501,0.03217543,-0.07309471,-0.03511056,0.9961874,3.38085,351.4803,355.711,0.6534088,0.006897681,-0.7569736,0.0,0.0,0.0,1.732385,-0.2816741,-0.6409548,-0.3400017,-0.2351151,1.915,0.9868489,-0.07465709,0.1433727,0.06524967,0.995464,0.06923831,-0.1478914,-0.05897272,0.9872438,moving,-0.3334795,-8.043207,-10.06776,-6.99949,-7.432346509238007,2.6531359283110545,9.790074669213165,10.00592782200597,9.719651797215425
1021,05/05/2023 11:21:59.996351,1203,True,True,True,True,Eyes,2.40131,0.02772905,-2.684489,-0.02006144,-0.1412124,0.989776,0.0,0.0,0.0,0.0,0.0,0.0,0.0,-1.924859,-0.01989372,2.813456,2.363004,0.03948362,-2.456758,0.03080555,-0.08239225,-0.03331468,0.9955665,3.201533,350.4234,355.8986,0.6546249,0.006964601,-0.7559214,0.0,0.0,0.0,1.692044,-0.2796375,-0.6429631,-0.3437351,-0.2376968,1.915,0.9842033,-0.07141024,0.1620014,0.06125768,0.9958823,0.06682769,-0.1661065,-0.05584821,0.984525,moving,-1.16115,-8.119653,-10.17601,-7.075572,-7.4788198355064255,2.6704443090943144,9.07512016196816,10.112352282262187,9.010584826471053
1022,05/05/2023 11:22:00.005939,1204,True,True,True,True,Eyes,2.399719,0.02810409,-2.674238,-0.03447094,-0.1428327,0.9891464,0.0,0.0,0.0,0.0,0.0,0.0,0.0,-1.870881,-0.005264089,2.838479,2.359273,0.03957475,-2.447335,0.03289348,-0.09162697,-0.03303424,0.9947017,3.404498,349.3516,355.8784,0.655838,0.007038057,-0.7548684,0.0,0.0,0.0,1.650497,-0.2886471,-0.6484669,-0.3477856,-0.2404977,1.915,0.9810265,-0.0717463,0.1801098,0.05969058,0.9956535,0.07149207,-0.1844562,-0.05938476,0.981045,moving,-1.995903,-8.216713,-10.29337,-7.158088,-7.524644849636873,2.686885473376877,8.36472626609586,10.226893059465699,8.30626019174787
1023,05/05/2023 11:22:00.038492,1205,True,True,True,True,Eyes,2.39801,0.02843719,-2.664037,-0.04899228,-0.1446157,0.9882743,0.0,0.0,0.0,0.0,0.0,0.0,0.0,-1.818571,0.003417492,2.860729,2.355034,0.03913923,-2.437882,0.03420554,-0.100394,-0.03329231,0.9938021,3.514572,348.3343,355.8035,0.657047,0.007116477,-0.7538157,0.0,0.0,0.0,1.610418,-0.2945871,-0.6534743,-0.3515769,-0.2431193,1.915,0.9776254,-0.07303999,0.197266,0.05930387,0.9954432,0.07467178,-0.2018211,-0.06130238,0.977502,moving,-2.838033,-8.325093,-10.40314,-7.235296,-7.570326563289536,2.7029397351886955,7.6431996848609165,10.334087356674944,7.591401922720435
1024,05/05/2023 11:22:00.046203,1206,True,True,True,True,Eyes,2.396209,0.0287442,-2.653883,-0.0635562,-0.1468803,0.9871103,0.0,0.0,0.0,0.0,0.0,0.0,0.0,-1.766267,0.0232054,2.882153,2.350652,0.03852859,-2.42899,0.03752737,-0.1091357,-0.03352668,0.9927523,3.852769,347.3084,355.7029,0.6582499,0.007198253,-0.7527648,0.0,0.0,0.0,1.570345,-0.3081226,-0.6612415,-0.3554453,-0.2457943,1.915,0.9739308,-0.07475853,0.2141732,0.05837623,0.9949353,0.08182868,-0.2192058,-0.06719284,0.9733622,moving,-3.683968,-8.463415,-10.51507,-7.314046,-7.614671238789795,2.7175683407552125,6.9271208761335314,10.442490088847359,6.882511391668638
1025,05/05/2023 11:22:00.060242,1207,True,True,True,True,Eyes,2.394278,0.02902349,-2.643779,-0.07817416,-0.1492561,0.9857036,0.0,0.0,0.0,0.0,0.0,0.0,0.0,-1.714295,0.05197054,2.9019,2.345958,0.03840475,-2.420234,0.04261646,-0.1177694,-0.03379072,0.9915505,4.390501,346.2831,355.5681,0.6594459,0.007282393,-0.7517164,0.0,0.0,0.0,1.530413,-0.3275722,-0.6711993,-0.3594144,-0.2485391,1.915,0.9699771,-0.07704824,0.2306685,0.05697258,0.994084,0.09247177,-0.2364286,-0.07655372,0.9686284,moving,-4.534522,-8.61037,-10.62983,-7.394821,-7.658845215610855,2.7318760936606825,6.215330963534042,10.553518115577742,6.1783349660678155
1026,05/05/2023 11:22:00.081346,1208,True,True,True,True,Eyes,2.392225,0.02925021,-2.633735,-0.09264152,-0.151893,0.9840458,0.0,0.0,0.0,0.0,0.0,0.0,0.0,-1.664381,0.07014005,2.919274,2.341081,0.03807727,-2.411459,0.04561528,-0.1259298,-0.03394953,0.9904083,4.692323,345.3218,355.4688,0.6606332,0.007367925,-0.7506723,0.0,0.0,0.0,1.492784,-0.3394143,-0.6794273,-0.3630344,-0.2510424,1.915,0.9659783,-0.07873642,0.2463465,0.05575915,0.9935334,0.09890601,-0.252541,-0.08180498,0.9641219,moving,-5.378174,-8.774678,-10.73441,-7.468467,-7.701688860387922,2.7451243618663423,5.513206985432073,10.654334611689308,5.484459587718543
1027,05/05/2023 11:22:00.097156,1209,True,True,True,True,Eyes,2.390042,0.02940952,-2.623757,-0.1071083,-0.1547176,0.9821356,0.0,0.0,0.0,0.0,0.0,0.0,0.0,-1.61587,0.09220655,2.934835,2.336034,0.03714273,-2.40299,0.04857963,-0.1338107,-0.0332371,0.9892574,5.003727,344.3952,355.4653,0.6618103,0.007453295,-0.7496339,0.0,0.0,0.0,1.456525,-0.3529447,-0.6881993,-0.3668999,-0.2537156,1.915,0.96198,-0.07876103,0.2615171,0.05275914,0.9930707,0.1050105,-0.2679757,-0.08722056,0.9594695,moving,-6.223885,-8.952338,-10.84601,-7.547081,-7.74395837435611,2.757746166078732,4.831023364844554,10.761607092386999,4.810677062043426
1028,05/05/2023 11:22:00.105962,1210,True,True,True,True,Eyes,2.387747,0.0295113,-2.613842,-0.121375,-0.1575648,0.9800212,0.0,0.0,0.0,0.0,0.0,0.0,0.0,-1.56722,0.1231977,2.949192,2.330927,0.03571501,-2.394701,0.05203759,-0.1417129,-0.03105821,0.9880512,5.395428,343.4691,355.6148,0.6629757,0.007536657,-0.7486027,0.0,0.0,0.0,1.421211,-0.370717,-0.6982907,-0.3709052,-0.256485,1.915,0.9579058,-0.07612298,0.2768067,0.04662541,0.992655,0.1116343,-0.2832715,-0.09402889,0.9544191,moving,-7.060094,-9.133677,-10.96156,-7.628497,-7.785455565948057,2.7699374739456464,4.181746498959018,10.87267579232204,4.169455380977535
1029,05/05/2023 11:22:00.126116,1211,True,True,True,True,Eyes,2.38532,0.02960128,-2.603998,-0.1356359,-0.1605704,0.9776605,0.0,0.0,0.0,0.0,0.0,0.0,0.0,-1.518635,0.1539926,2.962301,2.325619,0.03450435,-2.386524,0.05515623,-0.149515,-0.02835656,0.9868125,5.760953,342.5587,355.8237,0.6641282,0.007616638,-0.7475795,0.0,0.0,0.0,1.386958,-0.3876902,-0.7085972,-0.3747069,-0.2591141,1.915,0.9536824,-0.07245858,0.2919585,0.03947185,0.9923074,0.1173372,-0.2982147,-0.1003783,0.9492061,moving,-7.898525,-9.326956,-11.07115,-7.705759,-7.826462563639674,2.7815783186399594,3.562840033377024,10.977806729698464,3.5579198719510083
1030,05/05/2023 11:22:00.146111,1212,True,True,True,True,Eyes,2.32137,0.03147461,-2.359066,-0.487966,-0.2132239,0.8464189,0.0,0.0,0.0,0.0,0.0,0.0,0.0,-1.469375,0.1814436,2.974856,2.320186,0.03434087,-2.37851,0.05835044,-0.1573436,-0.02631511,0.9854673,6.126494,341.6402,355.9498,0.6652664,0.007693246,-0.7465661,0.0,0.0,0.0,1.352369,-0.4030872,-0.7198795,-0.378566,-0.2617829,1.915,0.949101,-0.0702275,0.3070429,0.03350322,0.9918055,0.1232859,-0.313185,-0.1067239,0.9436764,moving,-29.96373,-14.13935,-11.18232,-7.784156,-8.920022615630181,3.101880520281135,19.827502423798517,11.118623142108069,19.07082656556963
1031,05/05/2023 11:22:00.166044,1213,True,True,True,True,Eyes,2.321121,0.03141348,-2.358745,-0.4884614,-0.2131295,0.8461567,0.0,0.0,0.0,0.0,0.0,0.0,0.0,-1.422076,0.1827414,2.986426,2.314329,0.03402261,-2.370054,0.05770761,-0.1646748,-0.02562449,0.9843248,6.036768,340.7938,355.9953,0.6708028,0.007955022,-0.7415927,-0.1918502,0.005619971,0.7347958,1.318273,-0.403204,-0.7268243,-0.3825056,-0.2645071,1.915,0.9444512,-0.06945162,0.3212296,0.03143967,0.9920264,0.1220455,-0.3271445,-0.1051667,0.939104,moving,-29.99658,-14.13755,-11.29571,-7.864152,-8.922120459387035,3.102813389196062,19.725061754613193,11.220884865068868,18.972443976802175
1032,05/05/2023 11:22:00.176425,1214,True,True,True,True,Eyes,2.320625,0.03129436,-2.358123,-0.489726,-0.2128023,0.8455079,0.0,0.0,0.0,0.0,0.0,0.0,0.0,-1.374421,0.1827814,2.997739,2.308275,0.03245318,-2.362138,0.05634926,-0.1719884,-0.02455018,0.9831797,5.874982,339.955,356.1,0.6752757,0.008167859,-0.7375199,-0.1803392,0.005282773,0.690708,1.284592,-0.4025716,-0.7340416,-0.3863522,-0.2671672,1.915,0.9396346,-0.06765731,0.3354241,0.02889163,0.9924441,0.1192476,-0.3409577,-0.1023582,0.9344895,moving,-30.07982,-14.12711,-11.40634,-7.942235,-8.92774435689359,3.105476276036192,19.67108370365052,11.322339016328884,18.922703546245963
1033,05/05/2023 11:22:00.196165,1215,True,True,True,True,Eyes,2.31988,0.03111371,-2.357226,-0.4914041,-0.2125294,0.8446025,0.0,0.0,0.0,0.0,0.0,0.0,0.0,-1.327349,0.1941099,3.007344,2.302079,0.03091962,-2.354384,0.05692244,-0.179208,-0.02321264,0.9818888,5.938634,339.1158,356.1961,0.6789048,0.008339451,-0.7341787,-0.1695188,0.004965806,0.6492655,1.251294,-0.409434,-0.7436197,-0.3904916,-0.2700295,1.915,0.9346914,-0.06598637,0.3492819,0.02518255,0.9924421,0.1201028,-0.3545672,-0.1034632,0.9292887,moving,-30.19157,-14.12424,-11.52529,-8.026224,-8.934710369472336,3.1084842443908918,19.637102845752377,11.432096505445156,18.891869353582667
1034,05/05/2023 11:22:00.205811,1216,True,True,True,True,Eyes,2.318903,0.03087659,-2.356074,-0.4937408,-0.2121132,0.8433434,0.0,0.0,0.0,0.0,0.0,0.0,0.0,-1.282296,0.2027658,3.015502,2.295513,0.02926636,-2.347001,0.05750195,-0.1860107,-0.02259001,0.9806036,5.990828,338.3201,356.2125,0.68186,0.008475607,-0.7314332,-0.1593477,0.004667858,0.6103096,1.219162,-0.4152221,-0.7530012,-0.394209,-0.2726001,1.915,0.9297795,-0.06569564,0.3622075,0.02291174,0.9923664,0.1211772,-0.3674034,-0.1043693,0.9241871,moving,-30.34711,-14.11789,-11.63204,-8.101619,-8.944529494340479,3.112790719827766,19.65831533601852,11.531942511224974,18.91551768247991
1035,05/05/2023 11:22:00.225960,1217,True,True,True,True,Eyes,2.31768,0.03059251,-2.354687,-0.4963914,-0.2118633,0.841849,0.0,0.0,0.0,0.0,0.0,0.0,0.0,-1.239411,0.2210965,3.02154,2.288813,0.02765984,-2.339935,0.06005143,-0.1924629,-0.02221478,0.9792131,6.260858,337.5504,356.1571,0.6842751,0.008580974,-0.7291732,-0.1497868,0.004387787,0.573691,1.188349,-0.4275055,-0.7641994,-0.3977978,-0.2750818,1.915,0.9249291,-0.06662135,0.3742564,0.02039066,0.9918007,0.1261573,-0.3795925,-0.1090552,0.9187037,moving,-30.52548,-14.12596,-11.73501,-8.174383,-8.954985339338888,3.1169483598706678,19.710480248026148,11.628529614370114,18.96773897944903
1036,05/05/2023 11:22:00.245873,1218,True,True,True,True,Eyes,2.316222,0.03026974,-2.353066,-0.4994896,-0.2113943,0.8401324,0.0,0.0,0.0,0.0,0.0,0.0,0.0,-1.199099,0.2365317,3.025943,2.281805,0.02629376,-2.332978,0.06226635,-0.1984343,-0.02202503,0.9778863,6.490461,336.8365,356.088,0.6862552,0.008659462,-0.727309,-0.1407996,0.004124519,0.5392696,1.15859,-0.4382921,-0.7746835,-0.4016875,-0.2777714,1.915,0.9202775,-0.0677875,0.3853495,0.01836439,0.9912756,0.1305199,-0.3908352,-0.1130378,0.9134935,moving,-30.73304,-14.12358,-11.84653,-8.253212,-8.967769106878789,3.1223851467440964,19.77780272010832,11.734201068874542,19.036497020440915
1037,05/05/2023 11:22:00.256313,1219,True,True,True,True,Eyes,2.314516,0.02989231,-2.351235,-0.502787,-0.2109013,0.8382875,0.0,0.0,0.0,0.0,0.0,0.0,0.0,-1.161961,0.2399548,3.029274,2.274541,0.0250665,-2.325955,0.06271017,-0.2038224,-0.02239786,0.9767406,6.509778,336.1982,355.9994,0.6878843,0.008714392,-0.7257677,-0.1323517,0.003877048,0.5069134,1.130004,-0.4419702,-0.7824465,-0.4056864,-0.2805369,1.915,0.9159095,-0.06931729,0.3953542,0.01819033,0.9911315,0.1316335,-0.4009725,-0.1133728,0.9090477,moving,-30.95444,-14.12173,-11.96108,-8.334234,-8.981369198792187,3.128149422938123,19.85554920015098,11.843348774450629,19.11564853868969
1038,05/05/2023 11:22:00.282988,1220,True,True,True,True,Eyes,2.312572,0.02945091,-2.349206,-0.5063276,-0.2102332,0.8363219,0.0,0.0,0.0,0.0,0.0,0.0,0.0,-1.128936,0.2397842,3.030867,2.266989,0.02338281,-2.31913,0.06247231,-0.2084867,-0.02280333,0.9757615,6.454132,335.6488,355.9286,0.6892563,0.008749086,-0.7244644,-0.1244106,0.003644425,0.4764986,1.10373,-0.443626,-0.7881913,-0.40945,-0.2831394,1.915,0.9120267,-0.07055052,0.4040174,0.01845194,0.9911544,0.1314245,-0.4097157,-0.1124078,0.905261,moving,-31.19163,-14.11054,-12.06881,-8.410446,-8.996421780524834,3.134793200950598,19.954280652562648,11.947054765854896,19.216673699207234
1039,05/05/2023 11:22:00.296190,1221,True,True,True,True,Eyes,2.310372,0.02895772,-2.346999,-0.5099934,-0.2095635,0.8342601,0.0,0.0,0.0,0.0,0.0,0.0,0.0,-1.098112,0.2395363,3.031268,2.259089,0.02141128,-2.312547,0.06192875,-0.2127293,-0.02279972,0.9748802,6.375608,335.1532,355.9146,0.6904895,0.00876766,-0.723289,-0.1169459,0.00342576,0.4479087,1.078761,-0.4452885,-0.7930952,-0.4132951,-0.2857984,1.915,0.9084529,-0.0708021,0.4119472,0.01810588,0.99129,0.1304465,-0.417595,-0.1110459,0.9018221,moving,-31.43795,-14.10077,-12.17877,-8.488286,-9.01195678437751,3.1415985697720705,20.060308844149336,12.053336511060486,19.324915498430197
1040,05/05/2023 11:22:00.306079,1222,True,True,True,True,Eyes,2.307926,0.02841805,-2.344611,-0.513854,-0.2087132,0.8321015,0.0,0.0,0.0,0.0,0.0,0.0,0.0,-1.068378,0.2409736,3.030756,2.25087,0.01966468,-2.306118,0.06156188,-0.2167478,-0.02249904,0.9740249,6.325253,334.6841,355.9315,0.6915973,0.008770227,-0.7222296,-0.1099292,0.003220214,0.4210342,1.054089,-0.4481654,-0.7981848,-0.4176053,-0.2887791,1.915,0.9050285,-0.07051604,0.4194652,0.01714245,0.9914079,0.1296788,-0.4250056,-0.1101724,0.8984611,moving,-31.69689,-14.08081,-12.30194,-8.575502,-9.02879548444002,3.1492454932735554,20.161163202488193,12.173051334844724,19.429989118665667
1041,05/05/2023 11:22:00.326118,1223,True,True,True,True,Eyes,2.30522,0.02784449,-2.342067,-0.5177826,-0.2077746,0.8298982,0.0,0.0,0.0,0.0,0.0,0.0,0.0,-1.040076,0.2357062,3.029693,2.242245,0.01796758,-2.299646,0.06018265,-0.2204664,-0.02249602,0.9732762,6.155631,334.2553,355.9438,0.6925917,0.008757034,-0.7212763,-0.1033334,0.003027001,0.3957721,1.030458,-0.446566,-0.8012634,-0.4211199,-0.2912092,1.915,0.901777,-0.07032618,0.4264416,0.01725317,0.991744,0.1270679,-0.4318571,-0.1072294,0.8955452,moving,-31.96049,-14.05574,-12.40228,-8.646579,-9.046186185499504,3.1572716997816714,20.292427186712317,12.271685175006109,19.56524755123916
1042,05/05/2023 11:22:00.345858,1224,True,True,True,True,Eyes,2.302219,0.02724269,-2.339391,-0.5218552,-0.2067952,0.8275886,0.0,0.0,0.0,0.0,0.0,0.0,0.0,-1.013864,0.2290019,3.027791,2.233385,0.01654896,-2.293381,0.05859778,-0.2238033,-0.02247542,0.9726116,5.965271,333.8728,355.9671,0.6934825,0.008728673,-0.7204203,-0.09713341,0.002845381,0.3720258,1.007503,-0.4443253,-0.8037348,-0.4250124,-0.293901,1.915,0.8988139,-0.06994845,0.4327133,0.01749095,0.9921223,0.1240459,-0.4379813,-0.1039256,0.8929568,moving,-32.23444,-14.0296,-12.51332,-8.725282,-9.064264204181216,3.165617404471336,20.42200684309757,12.381012661730377,19.699516435876625
1043,05/05/2023 11:22:00.356402,1225,True,True,True,True,Eyes,2.29894,0.02658642,-2.336583,-0.5259433,-0.2056291,0.825288,0.0,0.0,0.0,0.0,0.0,0.0,0.0,-0.9894365,0.218712,3.025168,2.224108,0.01510587,-2.287264,0.0563883,-0.2267784,-0.022491,0.9720525,5.705994,333.5366,356.0064,0.6942773,0.008685855,-0.7196548,-0.0913054,0.002674658,0.3497042,0.9852486,-0.4399584,-0.8049473,-0.4288794,-0.2965751,1.915,0.8961314,-0.06930016,0.4383446,0.01814955,0.9926291,0.1198257,-0.4434175,-0.09942384,0.8907838,moving,-32.50873,-13.99096,-12.62354,-8.803432,-9.083018019331227,3.174607672843548,20.550698968329133,12.490345483605035,19.834826641994066
1044,05/05/2023 11:22:00.376307,1226,True,True,True,True,Eyes,2.29532,0.02591527,-2.333698,-0.5302202,-0.2044549,0.8228396,0.0,0.0,0.0,0.0,0.0,0.0,0.0,-0.9654725,0.2048505,3.022135,2.21423,0.01306241,-2.28132,0.05302051,-0.2295647,-0.02184707,0.9716026,5.336167,333.2332,356.1533,0.6949841,0.008628378,-0.7189729,-0.08582707,0.002514179,0.3287219,0.9633628,-0.4334226,-0.8048164,-0.4327735,-0.2992678,1.915,0.8936456,-0.06679662,0.4437746,0.01811007,0.993423,0.1130604,-0.4484079,-0.09299911,0.8889778,moving,-32.79686,-13.95396,-12.73444,-8.882092,-9.102529989532574,3.1838689665142166,20.69358695987296,12.6007215813055,19.984160568752397
1045,05/05/2023 11:22:00.396294,1227,True,True,True,True,Eyes,2.291425,0.02521074,-2.330691,-0.5345138,-0.2030602,0.8204034,0.0,0.0,0.0,0.0,0.0,0.0,0.0,-0.9386963,0.1994029,3.019458,2.204333,0.01178613,-2.275701,0.05113322,-0.2328151,-0.02090481,0.9709508,5.138398,332.8659,356.2924,0.6956078,0.008557269,-0.7183704,-0.08067745,0.002363328,0.3089986,0.9405277,-0.4316601,-0.807671,-0.436573,-0.3018952,1.915,0.8907202,-0.06440425,0.4499662,0.0167859,0.9938967,0.1090296,-0.4542419,-0.08956177,0.886365,moving,-33.08527,-13.90203,-12.84255,-8.958811,-9.12284144046508,3.193896897662984,20.83754129162942,12.709230543734645,20.136720350938127
1046,05/05/2023 11:22:00.406125,1228,True,True,True,True,Eyes,2.18679,0.006491017,-2.253658,-0.6443172,-0.1684861,0.7459677,0.0,0.0,0.0,0.0,0.0,0.0,0.0,-0.9135531,0.181691,3.016275,2.193932,0.01019589,-2.269816,0.04721334,-0.2357226,-0.02038812,0.9704588,4.704989,332.5486,356.4431,0.6961538,0.008472939,-0.7178423,-0.0758368,0.002221528,0.2904587,0.9175718,-0.4226958,-0.8077404,-0.4405798,-0.3046659,1.915,0.8880383,-0.06183015,0.455593,0.01731315,0.9947104,0.1012491,-0.4594434,-0.0820253,0.8844115,moving,-40.81826,-12.72741,-12.95645,-9.039681,-9.656030720179862,3.451693949239974,28.10480033114523,12.920031561304658,27.505821501879232
1047,05/05/2023 11:22:00.425896,1229,True,True,True,True,Eyes,2.186367,0.006446609,-2.253448,-0.6444703,-0.1685106,0.7458298,0.0,0.0,0.0,0.0,0.0,0.0,0.0,-0.8879658,0.173718,3.0129,2.183509,0.008227946,-2.264608,0.04451992,-0.2386889,-0.019042,0.9698882,4.431574,332.2191,356.6541,0.696353,0.007660767,-0.7176583,-0.3851937,-0.05407093,0.5041303,0.8954396,-0.4196851,-0.809688,-0.4443001,-0.3072385,1.915,0.88533,-0.05819004,0.4613076,0.01568439,0.9953108,0.09544892,-0.4646987,-0.07726846,0.8820912,moving,-40.83024,-12.73148,-13.06212,-9.114738,-9.65654809054086,3.4517937285413365,28.002666141440248,13.01981719207045,27.408573418869526
1048,05/05/2023 11:22:00.446225,1230,True,True,True,True,Eyes,2.18549,0.006431791,-2.253063,-0.6449054,-0.1690094,0.7453407,0.0,0.0,0.0,0.0,0.0,0.0,0.0,-0.8636175,0.178456,3.008178,2.173011,0.007084252,-2.259378,0.04396944,-0.2414896,-0.01705028,0.9692569,4.416172,331.8989,356.8787,0.6964677,0.006986999,-0.7175539,-0.3620821,-0.05082668,0.4738825,0.8743324,-0.4246036,-0.8132581,-0.4482114,-0.3099435,1.915,0.8827841,-0.05428853,0.4666315,0.01181588,0.995552,0.09347029,-0.4696302,-0.07700042,0.879499,moving,-40.86797,-12.77603,-13.17312,-9.19362,-9.656514602314616,3.450493822363804,27.925586438436707,13.124028645043463,27.331037235163055
1049,05/05/2023 11:22:00.466177,1231,True,True,True,True,Eyes,2.184229,0.006619783,-2.252476,-0.6454315,-0.1697086,0.7447262,0.0,0.0,0.0,0.0,0.0,0.0,0.0,-0.8411916,0.1875572,3.002365,2.162209,0.007693233,-2.254277,0.04418996,-0.2439253,-0.0143689,0.9686803,4.508214,331.6204,357.1599,0.696514,0.006429321,-0.7175142,-0.3403572,-0.04777708,0.4454495,0.8547187,-0.4317857,-0.8166765,-0.4521087,-0.3126385,1.915,0.880588,-0.04939583,0.4713013,0.006279637,0.9956816,0.09262176,-0.4738411,-0.078602,0.8770954,moving,-40.91448,-12.83738,-13.28362,-9.27218,-9.65613620403319,3.4485641859608687,27.859918797074766,13.227848325962126,27.26257238376644
1050,05/05/2023 11:22:00.483235,1232,True,True,True,True,Eyes,2.182499,0.006897319,-2.251689,-0.64621,-0.1698996,0.7440073,0.0,0.0,0.0,0.0,0.0,0.0,0.0,-0.8201172,0.2006934,2.995786,2.151781,0.01275985,-2.248839,0.04604166,-0.2462177,-0.01172246,0.9680494,4.782223,331.3505,357.3906,0.6965057,0.005971502,-0.7175261,-0.3199357,-0.04491045,0.4187226,0.8363018,-0.4400611,-0.8209175,-0.4559258,-0.3152779,1.915,0.8784789,-0.04536838,0.4756224,2.328743e-05,0.9954855,0.09491375,-0.4777812,-0.08336865,0.874514,moving,-40.97606,-12.86335,-13.39174,-9.349081,-9.658531003765772,3.4488202272391373,27.807279558898976,13.3312837053201,27.21187509287643
1051,05/05/2023 11:22:00.496288,1233,True,True,True,True,Eyes,2.18042,0.007246605,-2.250776,-0.6469746,-0.1702451,0.7432634,0.0,0.0,0.0,0.0,0.0,0.0,0.0,-0.8090993,0.1460779,2.988909,2.140225,0.01493759,-2.242493,0.03610539,-0.2466785,-0.01117573,0.9683601,3.693117,331.344,357.734,0.6964538,0.005594303,-0.7175786,-0.3007396,-0.04221582,0.3935992,0.8184847,-0.4075868,-0.8090445,-0.4602129,-0.3182425,1.915,0.8780496,-0.03945711,0.4769403,0.003831401,0.997143,0.07543967,-0.4785543,-0.06441243,0.8756922,moving,-41.03799,-12.9011,-13.51307,-9.43542,-9.660329821448393,3.448486001406448,27.742245022146278,13.44762584014379,27.147938407514868
1052,05/05/2023 11:22:00.505909,1234,True,True,True,True,Eyes,2.177932,0.007718818,-2.249711,-0.6479779,-0.1711464,0.7421816,0.0,0.0,0.0,0.0,0.0,0.0,0.0,-0.792765,0.1575924,2.982301,2.129776,0.01690897,-2.238571,0.03532103,-0.2480594,-0.005294813,0.9680862,3.770535,331.2033,358.4049,0.6963874,0.005266118,-0.7176449,-0.2826952,-0.03968288,0.3699833,0.8048596,-0.4161133,-0.8094358,-0.4639024,-0.3207937,1.915,0.876877,-0.02777511,0.4799118,-0.007271762,0.9974488,0.07101448,-0.4806599,-0.06576077,0.8744379,moving,-41.1233,-12.98536,-13.61738,-9.50968,-9.66111723379132,3.446384656173437,27.724645831981334,13.546646317455686,27.123981252304
1053,05/05/2023 11:22:00.525991,1235,True,True,True,True,Eyes,2.17511,0.008224036,-2.248505,-0.6490403,-0.1718764,0.7410838,0.0,0.0,0.0,0.0,0.0,0.0,0.0,-0.7747551,0.1731544,2.974188,2.118584,0.0203169,-2.233206,0.03550262,-0.2496956,0.0008090521,0.967673,3.963093,331.0302,359.0716,0.6963036,0.004986016,-0.7177277,-0.2657335,-0.03730191,0.3477843,0.7901496,-0.4270703,-0.8099511,-0.467685,-0.3234094,1.915,0.8753029,-0.0161639,0.4833049,-0.0192955,0.9974778,0.06830582,-0.4831901,-0.06911389,0.8727833,moving,-41.21184,-13.05751,-13.72424,-9.585787,-9.66273626527187,3.444982050320025,27.70597434397009,13.649056913574242,27.100783385239385
1054,05/05/2023 11:22:00.546089,1236,True,True,True,True,Eyes,2.17511,0.008224036,-2.248505,-0.6490403,-0.1718764,0.7410838,0.0,0.0,0.0,0.0,0.0,0.0,0.0,-0.7514478,0.1614369,2.969726,2.107799,0.02156121,-2.228615,0.0308072,-0.2521951,0.005890911,0.967168,3.586926,330.763,359.7621,0.6962009,0.004750296,-0.7178286,-0.2497895,-0.03506379,0.3269172,0.7717592,-0.421564,-0.8093871,-0.4713036,-0.3259118,1.915,0.8727259,-0.004143845,0.488193,-0.02693385,0.9980324,0.05662015,-0.4874671,-0.06256279,0.8708971,moving,-41.21184,-13.05751,-13.82636,-9.658564,-9.66273626527187,3.444982050320025,27.59560379374432,13.749133852619552,26.996152634061797
1055,05/05/2023 11:22:00.556340,1237,True,True,True,True,Eyes,2.17511,0.008224036,-2.248505,-0.6490403,-0.1718764,0.7410838,0.0,0.0,0.0,0.0,0.0,0.0,0.0,-0.723829,0.1999098,2.96396,2.097795,0.0219789,-2.224348,0.03360865,-0.2553706,0.01417867,0.966155,4.139436,330.41,0.5878097,0.6961085,0.004538149,-0.7179195,-0.2348021,-0.03295996,0.3073022,0.7562244,-0.4488838,-0.8173752,-0.4752519,-0.3286421,1.915,0.8691697,0.01023227,0.4944081,-0.04456291,0.9973388,0.05770069,-0.492502,-0.07218394,0.8673127,moving,-41.21184,-13.05751,-13.9377,-9.737937,-9.66273626527187,3.444982050320025,27.47541223788879,13.85873982801219,26.882283028921524
1056,05/05/2023 11:22:00.583087,1238,True,True,True,True,Eyes,2.171157,0.008684463,-2.246844,-0.6506323,-0.1739483,0.739202,0.0,0.0,0.0,0.0,0.0,0.0,0.0,-0.69631,0.2286067,2.957687,2.087844,0.02196644,-2.219334,0.03448581,-0.2585091,0.02273604,0.9651254,4.492075,330.0693,1.497696,0.6960253,0.004347216,-0.7180012,-0.220714,-0.03098237,0.288864,0.7412247,-0.4706208,-0.8227706,-0.4790243,-0.3312508,1.915,0.8653123,0.02605646,0.5005555,-0.06171605,0.9965876,0.05481131,-0.4974192,-0.0783212,0.8639675,moving,-41.35365,-13.24187,-14.04397,-9.813736,-9.661723881698848,3.439235763869143,27.524002696271413,13.95870128684178,26.91037323669788
1057,05/05/2023 11:22:00.595882,1239,True,True,True,True,Eyes,2.166973,0.009114735,-2.245085,-0.6522636,-0.176455,0.7371674,0.0,0.0,0.0,0.0,0.0,0.0,0.0,-0.66863,0.2491605,2.952447,2.078354,0.02117972,-2.214969,0.03418078,-0.261659,0.03057922,0.9640701,4.698246,329.7271,2.361948,0.6959116,0.004190444,-0.7181123,-0.2074711,-0.02912342,0.2715322,0.7260303,-0.4880065,-0.8279495,-0.4828615,-0.3339042,1.915,0.861199,0.04107361,0.5066056,-0.07684844,0.9957932,0.04990267,-0.5024248,-0.08190798,0.8607326,moving,-41.50319,-13.46154,-14.15196,-9.8908,-9.659332536023706,3.431891280424572,27.583327693744632,14.059793899043292,26.94374089591474
1058,05/05/2023 11:22:00.605950,1240,True,True,True,True,Eyes,2.162495,0.009614503,-2.24325,-0.6544062,-0.1790214,0.7346455,0.0,0.0,0.0,0.0,0.0,0.0,0.0,-0.6350838,0.2920993,2.946138,2.068848,0.02084018,-2.210841,0.03826634,-0.2655936,0.03841958,0.962559,5.398095,329.2946,3.08828,0.6957681,0.004063511,-0.7182521,-0.1950229,-0.02737602,0.2552403,0.7100267,-0.5204179,-0.8401353,-0.4872672,-0.3369507,1.915,0.855968,0.05363563,0.5142393,-0.0942888,0.9941193,0.05325922,-0.5083585,-0.0940752,0.8559914,moving,-41.69395,-13.69515,-14.27583,-9.979239,-9.65872466731221,3.4248933559533734,27.66877841348116,14.177038684755365,27.001401590196696
1059,05/05/2023 11:22:00.626051,1241,True,True,True,True,Eyes,2.15779,0.01018839,-2.241292,-0.6568276,-0.1811043,0.7319691,0.0,0.0,0.0,0.0,0.0,0.0,0.0,-0.5974519,0.3065456,2.94205,2.058836,0.023178,-2.206182,0.03967161,-0.2704516,0.0423973,0.9609811,5.691963,328.7353,3.458464,0.6955938,0.003965725,-0.7184212,-0.1833215,-0.02573346,0.2399258,0.6877726,-0.5331207,-0.8520657,-0.490535,-0.3392104,1.915,0.8501168,0.0600275,0.5231617,-0.1029445,0.9932573,0.0533145,-0.5164338,-0.09918016,0.8505642,moving,-41.90301,-13.89707,-14.36762,-10.0448,-9.66089361999543,3.419976126426015,27.80355528713909,14.263711626046108,27.11050543960393
1060,05/05/2023 11:22:00.645990,1242,True,True,True,True,Eyes,2.152821,0.01074725,-2.23924,-0.6597469,-0.1823998,0.7290159,0.0,0.0,0.0,0.0,0.0,0.0,0.0,-0.5585951,0.2718056,2.942391,2.048779,0.02545025,-2.201233,0.03456008,-0.2760465,0.04122683,0.9596376,5.111336,328.0578,3.45617,0.69539,0.003896627,-0.7186185,-0.1723222,-0.02418945,0.2255303,0.6558537,-0.5147516,-0.8609036,-0.4944016,-0.3418843,1.915,0.8441973,0.06004526,0.5326589,-0.09820602,0.9942119,0.04356926,-0.5269597,-0.08909136,0.8452078,moving,-42.14455,-14.04703,-14.47613,-10.12235,-9.667766474711517,3.4185338532994884,27.94538563696698,14.369269129634656,27.235134971876676
1061,05/05/2023 11:22:00.656322,1243,True,True,True,True,Eyes,2.147659,0.0112502,-2.237088,-0.6629047,-0.1833892,0.7258965,0.0,0.0,0.0,0.0,0.0,0.0,0.0,-0.5210085,0.2264803,2.94233,2.038728,0.02561892,-2.196129,0.0281737,-0.2815913,0.03783048,0.9583744,4.318883,327.3749,3.25649,0.6951566,0.003852949,-0.7188442,-0.1619829,-0.02273808,0.2119985,0.6217646,-0.4899138,-0.8691797,-0.4983621,-0.3446231,1.915,0.8385504,0.05664457,0.5418714,-0.08837844,0.9955502,0.03269644,-0.537608,-0.07530735,0.8398253,moving,-42.40302,-14.17842,-14.58717,-10.20175,-9.67664504388112,3.41846979413415,28.09867284252763,14.478385358360581,27.374023170769824
1062,05/05/2023 11:22:00.676202,1244,True,True,True,True,Eyes,2.14226,0.01169554,-2.234883,-0.6662562,-0.1842847,0.7225937,0.0,0.0,0.0,0.0,0.0,0.0,0.0,-0.4824256,0.2052478,2.940296,2.02901,0.02472702,-2.191509,0.02509935,-0.2870997,0.03633532,0.9568823,3.950692,326.7069,3.167579,0.6948946,0.003830429,-0.7190972,-0.1522639,-0.0213738,0.1992786,0.5914117,-0.4807998,-0.8808806,-0.5021741,-0.3472593,1.915,0.8325071,0.05512522,0.5512651,-0.08394928,0.9960996,0.02717052,-0.5476171,-0.06889796,0.8338877,moving,-42.67712,-14.30729,-14.69393,-10.27813,-9.686608943800884,3.4189342160128064,28.271771307820458,14.583649484866042,27.5326926968719
1063,05/05/2023 11:22:00.696054,1245,True,True,True,True,Eyes,2.136702,0.01212819,-2.232602,-0.6697838,-0.1852936,0.719066,0.0,0.0,0.0,0.0,0.0,0.0,0.0,-0.4436487,0.1958781,2.937055,2.019591,0.0238959,-2.186816,0.023629,-0.2925978,0.03607849,0.9552627,3.799016,326.0453,3.165633,0.6946035,0.003825171,-0.7193778,-0.1431281,-0.02009137,0.1873218,0.5632786,-0.4794486,-0.8939707,-0.505971,-0.3498847,1.915,0.8261697,0.05510127,0.5607204,-0.08275644,0.99628,0.02403082,-0.5573105,-0.06625676,0.8276564,moving,-42.96776,-14.44999,-14.80017,-10.35416,-9.69685685680022,3.4191187247245574,28.463818257517733,14.688329103969101,27.707926118779028
1064,05/05/2023 11:22:00.712084,1246,True,True,True,True,Eyes,2.13097,0.01256626,-2.230254,-0.6734027,-0.1863683,0.715399,0.0,0.0,0.0,0.0,0.0,0.0,0.0,-0.4039032,0.2051573,2.932656,2.010283,0.02405189,-2.182632,0.02579083,-0.2981597,0.03588034,0.9534928,4.047235,325.3785,3.048216,0.6942846,0.00383511,-0.7196847,-0.1345404,-0.01888589,0.1760825,0.5365415,-0.4894409,-0.911377,-0.5099844,-0.35266,1.915,0.8196268,0.05304371,0.570437,-0.08380286,0.9960949,0.02778659,-0.5667354,-0.07057887,0.8208713,moving,-43.26794,-14.60156,-14.91236,-10.43449,-9.707221782019213,3.419096354320483,28.660135895024993,14.79916615032411,27.88624447070381
1065,05/05/2023 11:22:00.727015,1247,True,True,True,True,Eyes,2.125083,0.0130031,-2.227823,-0.6771768,-0.1873923,0.7115586,0.0,0.0,0.0,0.0,0.0,0.0,0.0,-0.3664619,0.212837,2.927314,2.001003,0.02472013,-2.178104,0.02815016,-0.3034435,0.03480008,0.9517977,4.284342,324.74,2.825774,0.6939391,0.003858998,-0.7200182,-0.126468,-0.01775273,0.1655176,0.5102808,-0.4974532,-0.9281085,-0.5137689,-0.3552769,1.915,0.813422,0.04916131,0.5795928,-0.08332924,0.995993,0.03246679,-0.5756744,-0.07470623,0.8142593,moving,-43.58178,-14.75411,-15.01803,-10.5102,-9.718368471288995,3.4193739725233243,28.87730226580385,14.903672143968366,28.084595387511687
1066,05/05/2023 11:22:00.746084,1248,True,True,True,True,Eyes,2.119058,0.01341933,-2.225333,-0.6809357,-0.188613,0.7076381,0.0,0.0,0.0,0.0,0.0,0.0,0.0,-0.3312688,0.2113862,2.921782,1.991481,0.02511732,-2.173616,0.02911414,-0.3084102,0.03288634,0.950239,4.336603,324.1342,2.560224,0.6935679,0.003895426,-0.720376,-0.1188799,-0.01668757,0.1555865,0.4834385,-0.4993445,-0.9431215,-0.5176785,-0.3579806,1.915,0.8076034,0.04454157,0.5880416,-0.08045796,0.9961417,0.03504582,-0.5842118,-0.07561575,0.8080711,moving,-43.89833,-14.92458,-15.1271,-10.58838,-9.728741349011209,3.4188094319274005,29.096156209246956,15.011450026783027,28.28173609938334
1067,05/05/2023 11:22:00.756072,1249,True,True,True,True,Eyes,2.112891,0.01383875,-2.222787,-0.6848176,-0.1899205,0.7035305,0.0,0.0,0.0,0.0,0.0,0.0,0.0,-0.2974046,0.2232686,2.915177,1.98224,0.02510003,-2.169481,0.03241568,-0.3131307,0.03105388,0.9486486,4.643176,323.5559,2.220474,0.693173,0.003942438,-0.7207562,-0.1117471,-0.01568632,0.1462513,0.4587099,-0.5092487,-0.9600979,-0.5215284,-0.3606427,1.915,0.8019696,0.03861773,0.5961153,-0.07921914,0.9959698,0.04205435,-0.5920888,-0.08095004,0.8017967,moving,-44.22778,-15.10709,-15.23439,-10.66532,-9.739270041501827,3.417962810460075,29.33165498953307,15.117380661929671,28.493089465080313
1068,05/05/2023 11:22:00.775975,1250,True,True,True,True,Eyes,1.954795,0.02417247,-2.158349,-0.7730329,-0.2246448,0.5932578,0.0,0.0,0.0,0.0,0.0,0.0,0.0,-0.2640343,0.2347215,2.908085,1.972701,0.02560902,-2.165539,0.03599118,-0.3177656,0.02858699,0.9470546,4.953037,322.9815,1.798843,0.6927525,0.003999404,-0.7211604,-0.1050423,-0.01474514,0.1374763,0.4335375,-0.5179902,-0.9777506,-0.5254607,-0.3633621,1.915,0.7964156,0.03127335,0.6039405,-0.0770204,0.9957749,0.05000331,-0.599825,-0.08633916,0.7954593,moving,-52.49586,-20.73982,-15.34386,-10.74388,-9.948356577014296,3.3431841914460705,38.47323641810759,15.08498706401078,36.44625719376017
1069,05/05/2023 11:22:00.796016,1251,True,True,True,True,Eyes,1.954401,0.02416666,-2.158196,-0.773299,-0.2246659,0.592903,0.0,0.0,0.0,0.0,0.0,0.0,0.0,-0.2304981,0.2404792,2.901129,1.963188,0.02591162,-2.161649,0.03874075,-0.3224912,0.02540029,0.9454382,5.142707,322.3903,1.325646,0.6900072,0.004522305,-0.7237848,-0.5730261,0.01714072,0.3225441,0.4074738,-0.5223237,-0.9952837,-0.5292142,-0.3659577,1.915,0.7907085,0.02304171,0.6117591,-0.07301591,0.9957079,0.05687123,-0.6078231,-0.08963671,0.7889971,moving,-52.52194,-20.75296,-15.44825,-10.81882,-9.949258592151253,3.343183701912589,38.381579276466724,15.192144527899286,36.36079927504498
1070,05/05/2023 11:22:00.805997,1252,True,True,True,True,Eyes,1.953655,0.02413312,-2.157887,-0.7736739,-0.2247774,0.5923713,0.0,0.0,0.0,0.0,0.0,0.0,0.0,-0.1970363,0.2450693,2.893673,1.953367,0.02575143,-2.157758,0.04103058,-0.3271753,0.02247893,0.9438049,5.287815,321.8031,0.896696,0.6877236,0.00496309,-0.7259523,-0.5386446,0.01611228,0.3031915,0.3812945,-0.5261176,-1.012571,-0.5331663,-0.3686905,1.915,0.784902,0.01558306,0.6194239,-0.06927983,0.9956223,0.06274062,-0.6157346,-0.09215882,0.7825456,moving,-52.56016,-20.77943,-15.55804,-10.89768,-9.95020246761886,3.3428160471612074,38.298901649484684,15.304887110292468,36.28154157946348
1071,05/05/2023 11:22:00.826043,1253,True,True,True,True,Eyes,1.95255,0.02406676,-2.157459,-0.774322,-0.2249177,0.5914705,0.0,0.0,0.0,0.0,0.0,0.0,0.0,-0.1622564,0.2522113,2.885889,1.943676,0.02503939,-2.154017,0.04343173,-0.332071,0.02008107,0.94204,5.460847,321.1894,0.5174168,0.6858141,0.00533519,-0.7277541,-0.5063259,0.01514554,0.285,0.3555235,-0.5316729,-1.030926,-0.5370026,-0.3713433,1.915,0.7786512,0.008989515,0.6273926,-0.06667918,0.9954209,0.06849215,-0.6239039,-0.09516553,0.7756851,moving,-52.62539,-20.82025,-15.66451,-10.9742,-9.952041668941348,3.342410169790485,38.24985426085831,15.41420193156611,36.23221806240498
1072,05/05/2023 11:22:00.845900,1254,True,True,True,True,Eyes,1.951114,0.02395566,-2.156895,-0.7750886,-0.2250877,0.5904008,0.0,0.0,0.0,0.0,0.0,0.0,0.0,-0.1253189,0.2585564,2.878134,1.933967,0.02417916,-2.150673,0.04562712,-0.3373003,0.01765506,0.940125,5.606772,320.5326,0.1390831,0.6842059,0.005649271,-0.7292642,-0.4759463,0.01423681,0.2679,0.3290444,-0.536418,-1.050886,-0.5408219,-0.3739845,1.915,0.7718336,0.002415835,0.63582,-0.063976,0.9952129,0.07388029,-0.6325978,-0.09770051,0.7682933,moving,-52.70274,-20.86913,-15.7704,-11.05033,-9.954197684066653,3.341904691925377,38.21526620757207,15.523035425049084,36.195407264200725
1073,05/05/2023 11:22:00.866130,1255,True,True,True,True,Eyes,1.949346,0.02380887,-2.156222,-0.7761059,-0.225355,0.5889608,0.0,0.0,0.0,0.0,0.0,0.0,0.0,-0.08789659,0.2677914,2.869458,1.924184,0.02301141,-2.14714,0.04811537,-0.3426256,0.0156203,0.9381092,5.795535,319.8619,359.789,0.6828404,0.005913532,-0.730541,-0.4473895,0.0133826,0.251826,0.3028483,-0.5431878,-1.071649,-0.5448202,-0.3767495,1.915,0.7647274,-0.003664029,0.6443435,-0.06227819,0.9948819,0.0795711,-0.6413372,-0.1009787,0.7605852,moving,-52.80635,-20.93843,-15.88113,-11.13,-9.956885185588272,3.3410330118250195,38.20572170648396,15.636734731088003,36.17910505315521
1074,05/05/2023 11:22:00.876204,1256,True,True,True,True,Eyes,1.947219,0.02362978,-2.155471,-0.777427,-0.2260554,0.5869466,0.0,0.0,0.0,0.0,0.0,0.0,0.0,-0.04978418,0.2792828,2.860225,1.91448,0.02203085,-2.143746,0.05080561,-0.3480617,0.01415076,0.935987,6.024716,319.1762,359.4886,0.6816255,0.006141291,-0.7316731,-0.4205462,0.01257965,0.2367164,0.2774434,-0.5513992,-1.09326,-0.5486791,-0.3794179,1.915,0.7573056,-0.008877115,0.6530002,-0.06185683,0.9944371,0.08525611,-0.6501245,-0.1049575,0.7525437,moving,-52.9477,-21.06359,-15.98789,-11.20685,-9.958947110553186,3.338286359048369,38.25157354493668,15.745130805030554,36.203614279874074
1075,05/05/2023 11:22:00.896442,1257,True,True,True,True,Eyes,1.944761,0.0234028,-2.154632,-0.7789541,-0.226774,0.5846401,0.0,0.0,0.0,0.0,0.0,0.0,0.0,-0.01165855,0.2856833,2.850776,1.904476,0.02107351,-2.140375,0.05235261,-0.3534664,0.01313943,0.9338888,6.14654,318.4992,359.2815,0.6805032,0.006340648,-0.7327153,-0.3953134,0.01182487,0.2225135,0.2520607,-0.5569503,-1.113754,-0.5525537,-0.3820972,1.915,0.7497777,-0.01246824,0.6615724,-0.06155131,0.9941731,0.08849435,-0.6588207,-0.1070717,0.7446414,moving,-53.11012,-21.2006,-16.09496,-11.28396,-9.961673093912331,3.3354765283748917,38.320514332602585,15.85386806680214,36.248280973071125
1076,05/05/2023 11:22:00.906164,1258,True,True,True,True,Eyes,1.942025,0.02314423,-2.153677,-0.7807718,-0.2281195,0.5816845,0.0,0.0,0.0,0.0,0.0,0.0,0.0,0.02586663,0.2911866,2.840937,1.89413,0.01969155,-2.137351,0.05338427,-0.3586887,0.01280707,0.9318415,6.239163,317.8488,359.1684,0.67946,0.00651289,-0.7336815,-0.3715946,0.01111537,0.2091626,0.2274109,-0.5629014,-1.133541,-0.5564936,-0.3848218,1.915,0.7423568,-0.01442835,0.6698493,-0.06216497,0.9939722,0.09030385,-0.6671145,-0.1086788,0.7369851,moving,-53.31344,-21.41364,-16.20372,-11.36233,-9.962909223791726,3.329846636862157,38.44684839092145,15.962699441923835,36.330579487199884
1077,05/05/2023 11:22:00.926088,1259,True,True,True,True,Eyes,1.938979,0.02284969,-2.152638,-0.7827788,-0.2294794,0.5784432,0.0,0.0,0.0,0.0,0.0,0.0,0.0,0.0644542,0.3030444,2.82995,1.88426,0.0187077,-2.133969,0.0554153,-0.3641769,0.01319878,0.9295859,6.467519,317.1617,359.0876,0.6784849,0.006659652,-0.7345822,-0.3492989,0.01044845,0.1966129,0.2041649,-0.5730452,-1.155029,-0.5602612,-0.387427,1.915,0.7344019,-0.01582315,0.6785303,-0.06490074,0.9935099,0.09341318,-0.6756046,-0.1126399,0.7286086,moving,-53.53704,-21.63917,-16.30761,-11.43724,-9.964727691049998,3.3241007793079183,38.601940804184956,16.06640400301355,36.437638056596626
1078,05/05/2023 11:22:00.946115,1260,True,True,True,True,Eyes,1.935652,0.02250194,-2.151511,-0.7849631,-0.2312557,0.5747641,0.0,0.0,0.0,0.0,0.0,0.0,0.0,0.1036913,0.3097717,2.818699,1.873794,0.01756012,-2.130813,0.05663458,-0.3697197,0.01312279,0.9273229,6.588662,316.4678,358.9883,0.6775657,0.00678246,-0.7354291,-0.328341,0.009821545,0.1848161,0.1796458,-0.5797399,-1.176484,-0.5641317,-0.3901034,1.915,0.7262702,-0.01753972,0.6871854,-0.06621596,0.9932406,0.09533355,-0.6842126,-0.1147406,0.7201996,moving,-53.78774,-21.91733,-16.41422,-11.51414,-9.965440917702992,3.316371758344748,38.79441144503291,16.171914873219972,36.56780865266792
1079,05/05/2023 11:22:00.965978,1261,True,True,True,True,Eyes,1.932037,0.02209963,-2.150315,-0.7873294,-0.2331123,0.5707636,0.0,0.0,0.0,0.0,0.0,0.0,0.0,0.1444879,0.3190981,2.806684,1.863773,0.01597778,-2.127503,0.05807541,-0.3755939,0.01357801,0.9248633,6.754956,315.7321,358.932,0.6766945,0.006881729,-0.73623,-0.3086405,0.009232253,0.1737271,0.1558173,-0.5887441,-1.199424,-0.5680043,-0.3927814,1.915,0.7174897,-0.01850993,0.6963232,-0.06874116,0.9928858,0.097224,-0.6931689,-0.1176233,0.7111129,moving,-54.06028,-22.21617,-16.52078,-11.59105,-9.966402430563251,3.3081501108337035,39.01419274141656,16.27716281375236,36.71906404834221
1080,05/05/2023 11:22:00.983809,1262,True,True,True,True,Eyes,1.928154,0.02166286,-2.149029,-0.7898912,-0.2351613,0.5663665,0.0,0.0,0.0,0.0,0.0,0.0,0.0,0.1879517,0.3316873,2.793401,1.853257,0.0142939,-2.124538,0.06002153,-0.3818257,0.01433484,0.922172,6.987175,314.9476,358.8802,0.6758618,0.006958019,-0.7369939,-0.2901221,0.008678318,0.1633035,0.1316614,-0.6000176,-1.224877,-0.5718802,-0.395462,1.915,0.7080073,-0.01939716,0.7059387,-0.0722739,0.9923839,0.09975354,-0.7024971,-0.1216472,0.7012131,moving,-54.35878,-22.54874,-16.62731,-11.66799,-9.967179625060034,3.298877518350112,39.26900239277031,16.381833228397902,36.89527297990738
1081,05/05/2023 11:22:00.996369,1263,True,True,True,True,Eyes,1.923998,0.02119695,-2.147658,-0.792668,-0.2371015,0.5616585,0.0,0.0,0.0,0.0,0.0,0.0,0.0,0.2323389,0.3381152,2.779721,1.842882,0.01310376,-2.121029,0.06121487,-0.3883608,0.01421795,0.919362,7.099952,314.1226,358.7641,0.67506,0.007012499,-0.7377281,-0.2727148,0.008157619,0.1535053,0.1060484,-0.6064498,-1.250815,-0.5760341,-0.3983341,1.915,0.6979474,-0.02140402,0.715829,-0.0736898,0.9921012,0.1015139,-0.7123476,-0.1236006,0.6908573,moving,-54.67987,-22.88681,-16.74134,-11.75039,-9.96904635290274,3.2899036908640187,39.53924517460216,16.494677794669343,37.08533237603333
1082,05/05/2023 11:22:01.005819,1264,True,True,True,True,Eyes,1.91959,0.02071345,-2.14618,-0.7956597,-0.2388856,0.5566502,0.0,0.0,0.0,0.0,0.0,0.0,0.0,0.27812,0.3378409,2.765797,1.832214,0.01192764,-2.117537,0.06129517,-0.3951417,0.01365936,0.9164712,7.073659,313.2693,358.6487,0.6742815,0.007046392,-0.7384396,-0.2563519,0.007668162,0.144295,0.07950035,-0.6079693,-1.276394,-0.5796,-0.4007998,1.915,0.6873529,-0.02340375,0.7259465,-0.07347737,0.9921126,0.1015557,-0.7225975,-0.1231453,0.680212,moving,-55.02304,-23.22651,-16.83913,-11.82108,-9.97217431584597,3.281412428059556,39.850907346922476,16.590369432527158,37.313917316592395
1083,05/05/2023 11:22:01.026109,1265,True,True,True,True,Eyes,1.914918,0.02018619,-2.144603,-0.7988737,-0.2404208,0.5513607,0.0,0.0,0.0,0.0,0.0,0.0,0.0,0.3242543,0.331164,2.751494,1.82155,0.01103377,-2.113613,0.06043386,-0.4020983,0.01241289,0.9135157,6.915011,312.3947,358.5037,0.6735219,0.007061124,-0.7391325,-0.2409708,0.007208073,0.1356373,0.05414578,-0.6022507,-1.298771,-0.5796,-0.4007999,1.915,0.6763257,-0.02592198,0.7361465,-0.07127943,0.9923874,0.1004321,-0.7331459,-0.1203969,0.6693294,static,-55.38763,-23.55961,-16.83913,-11.82108,-9.976954552078505,3.273805474652101,40.29615290335916,16.581466140571514,37.66689757215997
1084,05/05/2023 11:22:01.046013,1266,True,True,True,True,Eyes,1.910011,0.01961816,-2.14292,-0.8022528,-0.2419486,0.5457576,0.0,0.0,0.0,0.0,0.0,0.0,0.0,0.3699234,0.3211389,2.736558,1.810607,0.009414645,-2.109581,0.0589074,-0.4090158,0.01076948,0.9105603,6.66634,311.5256,358.3514,0.6727745,0.007057129,-0.739813,-0.2265125,0.006775588,0.127499,0.02825293,-0.5942554,-1.320534,-0.5795999,-0.4007999,1.915,0.6651802,-0.02857558,0.746136,-0.06780064,0.9928279,0.0984677,-0.7435982,-0.1160873,0.658472,static,-55.77328,-23.90896,-16.83913,-11.82108,-9.98216765571035,3.265911265893576,40.767448768802055,16.57212231574928,38.040239961851235
1085,05/05/2023 11:22:01.056174,1267,True,True,True,True,Eyes,1.904854,0.01903096,-2.141136,-0.8058431,-0.2433108,0.5398303,0.0,0.0,0.0,0.0,0.0,0.0,0.0,0.4171112,0.3186844,2.719803,1.799831,0.007871773,-2.105568,0.05863491,-0.41623,0.009657918,0.9073154,6.571358,310.6099,358.1953,0.6720359,0.007034853,-0.7404842,-0.2129218,0.006369053,0.1198491,0.003517799,-0.5911179,-1.345127,-0.5795998,-0.4007999,1.915,0.6533187,-0.03128566,0.7564363,-0.06633678,0.9929373,0.0983609,-0.7541711,-0.1144406,0.6466291,static,-56.18206,-24.26191,-16.83913,-11.82109,-9.988602796293357,3.2584263019422224,41.263060274988085,16.56265482551834,38.43601353405626
1086,05/05/2023 11:22:01.076125,1268,True,True,True,True,Eyes,1.899468,0.01841825,-2.139229,-0.8095849,-0.2445363,0.5336426,0.0,0.0,0.0,0.0,0.0,0.0,0.0,0.4650954,0.3145082,2.701777,1.788735,0.006797818,-2.101241,0.05822034,-0.4236438,0.008160282,0.9039191,6.440252,309.6652,358.0059,0.6713021,0.006995462,-0.7411501,-0.2001465,0.00598691,0.1126582,-0.02189749,-0.5859907,-1.370477,-0.5796001,-0.4008,1.915,0.6409187,-0.03457689,0.7668296,-0.06408184,0.9930876,0.09833886,-0.7649293,-0.1121671,0.6342727,static,-56.60889,-24.61913,-16.83913,-11.82109,-9.995915034400689,3.2511863994608854,41.77826753587564,16.553039205147435,38.8492156998827
1087,05/05/2023 11:22:01.096351,1269,True,True,True,True,Eyes,1.893847,0.01776339,-2.137208,-0.813525,-0.2454977,0.5271698,0.0,0.0,0.0,0.0,0.0,0.0,0.0,0.513142,0.3051509,2.68319,1.777639,0.005561875,-2.096642,0.05691105,-0.431167,0.006134802,0.9004547,6.187466,308.7083,357.8079,0.6705695,0.006939751,-0.7418135,-0.1881377,0.005627695,0.1058987,-0.04796501,-0.5769728,-1.395482,-0.5796002,-0.4007999,1.915,0.6281147,-0.03802811,0.777191,-0.06012456,0.993447,0.0972014,-0.7757945,-0.1077819,0.6217122,static,-57.05648,-24.97092,-16.83914,-11.82109,-10.00477797891553,3.244754387300829,42.31255683251131,16.543523546621067,39.28256433025422
1088,05/05/2023 11:22:01.105847,1270,True,True,True,True,Eyes,1.888037,0.01704707,-2.13502,-0.8175901,-0.2464883,0.5203747,0.0,0.0,0.0,0.0,0.0,0.0,0.0,0.5588084,0.2951537,2.663906,1.766436,0.003847441,-2.091762,0.05546328,-0.4383868,0.00369213,0.897066,5.897295,307.7867,357.5798,0.6698354,0.006867864,-0.7424772,-0.1768494,0.005290034,0.09954475,-0.07363264,-0.5668877,-1.419297,-0.5795999,-0.4007999,1.915,0.6156068,-0.04200457,0.7869332,-0.05525291,0.9938203,0.09627128,-0.7861142,-0.1027456,0.6094818,static,-57.52432,-25.34573,-16.83913,-11.82108,-10.013669608626444,3.237669995600606,42.87424451764253,16.53338625279802,39.73537026231746
1089,05/05/2023 11:22:01.125881,1271,True,True,True,True,Eyes,1.882005,0.01626999,-2.13271,-0.8217653,-0.2473258,0.5133533,0.0,0.0,0.0,0.0,0.0,0.0,0.0,0.6014848,0.2895069,2.643775,1.755215,0.001713593,-2.086712,0.05470133,-0.4451876,0.001316085,0.893764,5.678824,306.9114,357.3301,0.669099,0.006779274,-0.7431418,-0.1662385,0.004972632,0.09357207,-0.0978282,-0.5593137,-1.442289,-0.5796,-0.4008,1.915,0.6036125,-0.04635217,0.7959293,-0.05105725,0.9940121,0.09660834,-0.7956413,-0.09895195,0.5976315,static,-58.00716,-25.72406,-16.83913,-11.82109,-10.023291620549514,3.2307907046457167,43.452264255177774,16.523158462039763,40.20265409896495
1090,05/05/2023 11:22:01.145932,1272,True,True,True,True,Eyes,1.875779,0.01541917,-2.13025,-0.8259627,-0.248253,0.5061187,0.0,0.0,0.0,0.0,0.0,0.0,0.0,0.640252,0.2884896,2.623059,1.743945,-0.0005412735,-2.081404,0.05467314,-0.4514126,-0.0006794378,0.8906386,5.553467,306.1031,357.0876,0.6683576,0.006673412,-0.7438098,-0.1562642,0.004674274,0.08795774,-0.1201182,-0.5549574,-1.463591,-0.5796,-0.4008,1.915,0.5924523,-0.05057056,0.8040168,-0.04815003,0.9940208,0.09800144,-0.8041654,-0.0967746,0.5864749,static,-58.50161,-26.12812,-16.83913,-11.82109,-10.032273348751271,3.22289990564011,44.05057714912825,16.512266039270642,40.68096793733093
1091,05/05/2023 11:22:01.156237,1273,True,True,True,True,Eyes,1.869357,0.01453115,-2.127666,-0.8301414,-0.2492359,0.4987451,0.0,0.0,0.0,0.0,0.0,0.0,0.0,0.674983,0.2899201,2.602203,1.732726,-0.003094301,-2.075758,0.05473505,-0.4570133,-0.001335105,0.8877732,5.506824,305.3773,356.9824,0.6676099,0.006549357,-0.7444822,-0.1468883,0.004393817,0.08268028,-0.1398617,-0.5548919,-1.481842,-0.5795997,-0.4007999,1.915,0.582274,-0.05239984,0.8113022,-0.04765876,0.9940046,0.09840493,-0.8115945,-0.09596429,0.5762857,static,-59.00275,-26.5525,-16.83913,-11.82109,-10.04059823332587,3.2141467933396566,44.66301928992821,16.500859965900926,41.165544342976574
1092,05/05/2023 11:22:01.176050,1274,True,True,True,True,Eyes,1.862742,0.01364176,-2.124951,-0.8343133,-0.2503409,0.4911729,0.0,0.0,0.0,0.0,0.0,0.0,0.0,0.707267,0.2958709,2.581059,1.721672,-0.00485898,-2.070134,0.05539301,-0.4621934,-8.308372e-05,0.8850475,5.62252,304.7054,357.0422,0.6668541,0.006407446,-0.7451605,-0.138075,0.004130188,0.07771946,-0.1565619,-0.5610563,-1.498571,-0.5795999,-0.4008,1.915,0.5727546,-0.05135163,0.818117,-0.05105751,0.9938632,0.09812769,-0.8181354,-0.09797409,0.5666178,static,-59.51403,-27.00702,-16.83913,-11.82109,-10.047962074019562,3.204120195487767,45.29635261226779,16.48869016075731,41.65963873300892
1093,05/05/2023 11:22:01.196265,1275,True,True,True,True,Eyes,1.855947,0.0128656,-2.122117,-0.8384097,-0.2517607,0.4834104,0.0,0.0,0.0,0.0,0.0,0.0,0.0,0.7392431,0.298805,2.559451,1.710441,-0.005714964,-2.064197,0.05552662,-0.467345,0.00192116,0.8823274,5.726561,304.0423,357.2055,0.6660903,0.006249554,-0.7458446,-0.1297905,0.003882377,0.07305629,-0.1727085,-0.5670047,-1.514196,-0.5796001,-0.4008,1.915,0.56317,-0.04850999,0.824916,-0.05529036,0.9938262,0.09618963,-0.8244893,-0.09978101,0.5570109,static,-60.0331,-27.51055,-16.83914,-11.82109,-10.05323266631154,3.1918000389821968,45.95516658193287,16.475296830830626,42.160779459115304
1094,05/05/2023 11:22:01.205859,1276,True,True,True,True,Eyes,1.849019,0.01232984,-2.119051,-0.8424848,-0.2534482,0.4753771,0.0,0.0,0.0,0.0,0.0,0.0,0.0,0.7734423,0.3155287,2.535202,1.699353,-0.003706979,-2.058446,0.05853904,-0.4728695,0.005654766,0.8791677,6.216128,303.3097,357.3813,0.6653166,0.006081097,-0.7465362,-0.1220031,0.003649434,0.06867291,-0.185816,-0.5827638,-1.534392,-0.5796,-0.4008,1.915001,0.5527248,-0.04541968,0.8321252,-0.06530563,0.9930825,0.09758332,-0.8308012,-0.1082792,0.5459352,static,-60.56587,-28.06439,-16.83913,-11.82108,-10.056702333721956,3.1772715529708826,46.64625291257273,16.460615855878476,42.674703132141474
1095,05/05/2023 11:22:01.225982,1277,True,True,True,True,Eyes,1.841874,0.01191694,-2.115845,-0.8466592,-0.2544375,0.4673646,0.0,0.0,0.0,0.0,0.0,0.0,0.0,0.808264,0.3188339,2.510914,1.687797,0.00171544,-2.052066,0.06031723,-0.478693,0.006296786,0.8758854,6.412769,302.5336,357.3055,0.6645343,0.005911426,-0.747234,-0.1146829,0.003430468,0.06455254,-0.2029523,-0.5829467,-1.555036,-0.5796,-0.4008,1.915,0.5416267,-0.04671634,0.8393199,-0.0687774,0.9926443,0.09963349,-0.8378007,-0.1116904,0.5344296,static,-61.10085,-28.56427,-16.83913,-11.82109,-10.063134551327815,3.165544529847275,47.32265772197077,16.447289407426286,43.1911329797793
1096,05/05/2023 11:22:01.245885,1278,True,True,True,True,Eyes,1.834577,0.0115988,-2.112559,-0.8508514,-0.2555043,0.4590963,0.0,0.0,0.0,0.0,0.0,0.0,0.0,0.8338695,0.2802913,2.493512,1.675556,0.00404257,-2.045483,0.05462043,-0.483086,0.0006513377,0.8738675,5.514135,301.9879,357.0265,0.6637427,0.005745216,-0.7479385,-0.1078019,0.00322464,0.06067939,-0.2286214,-0.5484532,-1.563134,-0.5796,-0.4007999,1.915,0.533255,-0.05163436,0.8443774,-0.05391109,0.9940324,0.09483273,-0.8442351,-0.09609132,0.527289,static,-61.6499,-29.09758,-16.83913,-11.82108,-10.068673003215563,3.1524773131953787,48.02585304024178,16.433091813680534,43.72088821605752
1097,05/05/2023 11:22:01.256289,1279,True,True,True,True,Eyes,1.827095,0.01137385,-2.109194,-0.8549578,-0.2564963,0.4508402,0.0,0.0,0.0,0.0,0.0,0.0,0.0,0.8587857,0.2790467,2.473499,1.664712,0.005999107,-2.040166,0.05518163,-0.4872854,-0.0008124501,0.8714972,5.473737,301.4258,356.8215,0.66294,0.005585323,-0.7486513,-0.1013338,0.003031162,0.05703862,-0.245301,-0.5430395,-1.57734,-0.5795999,-0.4007999,1.915,0.5251046,-0.05519449,0.849246,-0.0523623,0.9939086,0.09697305,-0.8494253,-0.09538948,0.5190159,static,-62.19622,-29.63682,-16.83913,-11.82109,-10.07373419250018,3.1390385296831105,48.73054328345827,16.41877054035334,44.24784164323485
1098,05/05/2023 11:22:01.276345,1280,True,True,True,True,Eyes,1.635932,0.008044446,-2.025114,-0.9385828,-0.2692069,0.2158471,2.00793,-0.2486765,-0.5325042,-1.591708,0.8416752,0.4664846,-0.2719833,-0.5769206,-0.3949006,1.90146,1.652816,0.008109021,-2.034878,0.055328,-0.4907509,-0.001218772,0.8695406,5.452682,300.9662,356.7507,0.662124,0.005434368,-0.7493742,-0.09525377,0.002849292,0.05361631,-0.2613144,-0.5395028,-1.587634,-0.5795999,-0.4007999,1.915,0.5183243,-0.05642406,0.8533207,-0.05218497,0.9938747,0.0974161,-0.8535904,-0.09502364,0.5122048,static,-77.04881,-51.27775,-16.83913,-11.82109,-9.845502280183387,2.418579710244342,71.98634303850974,15.864394792750133,58.530660361856945
1099,05/05/2023 11:22:01.296244,1281,True,True,True,True,Eyes,1.635478,0.00814332,-2.024961,-0.9386667,-0.269316,0.2153456,0.0,0.0,0.0,0.0,0.0,0.0,0.0,0.9075082,0.2785937,2.432627,1.641762,0.01012995,-2.03061,0.05628344,-0.4952393,-0.001229851,0.8669306,5.530151,300.3641,356.6663,0.6570329,0.005162429,-0.7538438,-0.6630267,-0.007309882,0.3026378,-0.2766696,-0.53913,-1.604306,-0.5796,-0.4008,1.915,0.509473,-0.05787994,0.8585377,-0.05361516,0.9936613,0.09880581,-0.8588147,-0.09636953,0.5031403,static,-77.07899,-51.35411,-16.83913,-11.82109,-9.843341322401304,2.415468318011959,72.05345517836047,15.862555026343442,58.55922879336552
1100,05/05/2023 11:22:01.306131,1282,True,True,True,True,Eyes,1.634604,0.008260369,-2.02467,-0.9394795,-0.2685171,0.2127834,0.0,0.0,0.0,0.0,0.0,0.0,0.0,0.9375575,0.2901015,2.408928,1.630475,0.01264284,-2.026696,0.05922208,-0.5002402,-0.001672642,0.8638574,5.776338,299.671,356.4191,0.6529064,0.004931861,-0.757422,-0.6232451,-0.006871289,0.2844796,-0.2919154,-0.5420628,-1.626047,-0.5795999,-0.4007999,1.915,0.4995137,-0.06214039,0.8640745,-0.05636069,0.9929799,0.1039923,-0.8644707,-0.1006454,0.4925049,static,-77.23835,-51.60532,-16.83913,-11.82109,-9.839896049394708,2.4067709377652458,72.32462051958034,15.856270140221879,58.715614260813155
1101,05/05/2023 11:22:01.336079,1283,True,True,True,True,Eyes,1.633329,0.008361724,-2.024276,-0.9402852,-0.2680727,0.2097637,0.0,0.0,0.0,0.0,0.0,0.0,0.0,0.9685282,0.285588,2.386385,1.61908,0.01312357,-2.023078,0.05876254,-0.505381,-0.003003764,0.8608881,5.632063,298.9872,356.28,0.6495486,0.004737116,-0.7603047,-0.5858504,-0.006459012,0.2674108,-0.3097242,-0.5354161,-1.645428,-0.5796002,-0.4007999,1.915,0.4891621,-0.06456675,0.8697999,-0.05422314,0.9930759,0.104212,-0.8705059,-0.09813984,0.482274,static,-77.42409,-51.95725,-16.83913,-11.82108,-9.832781476543424,2.393625688926133,72.67358199834725,15.847611096153615,58.89594216332703
1102,05/05/2023 11:22:01.346294,1284,True,True,True,True,Eyes,1.631657,0.008543679,-2.023779,-0.9410746,-0.2680011,0.2062865,0.0,0.0,0.0,0.0,0.0,0.0,0.0,1.001542,0.2995969,2.361003,1.608153,0.01296527,-2.020113,0.06134653,-0.5108528,-0.001239271,0.8574759,5.966107,298.2354,356.2642,0.6468022,0.004572333,-0.7626436,-0.5506994,-0.006071471,0.2513662,-0.3226574,-0.5463021,-1.66941,-0.5796001,-0.4008,1.915,0.478056,-0.06480338,0.8759356,-0.06055279,0.9924701,0.1064725,-0.8762397,-0.1039401,0.4705322,static,-77.63614,-52.41372,-16.83913,-11.82109,-9.821793148245115,2.375836461132358,73.10292767910872,15.836531736267172,59.10002966269855
1103,05/05/2023 11:22:01.355982,1285,True,True,True,True,Eyes,1.629566,0.008897316,-2.023158,-0.9419762,-0.2677597,0.2024493,0.0,0.0,0.0,0.0,0.0,0.0,0.0,1.038215,0.3237545,2.331779,1.597083,0.01511954,-2.017175,0.06614114,-0.5169573,0.002802893,0.8534476,6.649421,297.3777,356.3288,0.6445401,0.004436354,-0.7645572,-0.5176574,-0.005707183,0.2362842,-0.332462,-0.5670502,-1.698215,-0.5795999,-0.4007999,1.915,0.4654944,-0.06360006,0.8827627,-0.07316854,0.991235,0.109998,-0.8820212,-0.1157939,0.4567608,static,-77.87051,-52.9076,-16.83913,-11.82108,-9.810205649044928,2.356715870029908,73.57262718168218,15.824527584218314,59.32629371364966
1104,05/05/2023 11:22:01.376167,1286,True,True,True,True,Eyes,1.626958,0.009317448,-2.022668,-0.9429477,-0.2670268,0.1988625,0.0,0.0,0.0,0.0,0.0,0.0,0.0,1.073882,0.3066849,2.306396,1.584989,0.01955599,-2.013497,0.06395406,-0.5229962,0.00197038,0.84993,6.359933,296.5849,356.334,0.6426591,0.004331881,-0.7661395,-0.486598,-0.005364752,0.2221071,-0.3513737,-0.5532631,-1.719932,-0.5795997,-0.4008,1.915,0.452942,-0.06354611,0.8892725,-0.07024484,0.991812,0.106652,-0.8887683,-0.110774,0.4447696,static,-78.09115,-53.3239,-16.83913,-11.82109,-9.801846323784714,2.3411900237966377,73.98846661457785,15.814345924253567,59.541502658173016
1105,05/05/2023 11:22:01.395972,1287,True,True,True,True,Eyes,1.624,0.009689971,-2.022092,-0.9439754,-0.266262,0.1949742,0.0,0.0,0.0,0.0,0.0,0.0,0.0,1.107307,0.260967,2.284949,1.572956,0.02095373,-2.010123,0.05568254,-0.5286185,-0.000783735,0.8470309,5.365053,295.9023,356.5337,0.6410689,0.004257465,-0.767471,-0.4574021,-0.005042867,0.2087807,-0.3747292,-0.5215244,-1.734371,-0.5795997,-0.4008,1.915,0.4411238,-0.06019733,0.895425,-0.05754194,0.9937977,0.09515824,-0.8955996,-0.09350106,0.4349239,static,-78.32991,-53.78601,-16.83913,-11.82109,-9.79219147016169,2.3237979547611283,74.4457556588339,15.803075583444704,59.77435638357645
1106,05/05/2023 11:22:01.406165,1288,True,True,True,True,Eyes,1.620668,0.01003811,-2.02156,-0.9448599,-0.2660148,0.1909867,0.0,0.0,0.0,0.0,0.0,0.0,0.0,1.143151,0.2403411,2.25919,1.561608,0.02018592,-2.007354,0.0513185,-0.5346441,0.001926073,0.8435156,5.085108,295.1327,357.0291,0.6395904,0.004205413,-0.7687039,-0.429958,-0.004740295,0.1962539,-0.3902177,-0.518315,-1.753989,-0.5795999,-0.4007998,1.915,0.428304,-0.05162491,0.9021589,-0.0581236,0.9947254,0.08451636,-0.9017635,-0.08863542,0.4230443,static,-78.57264,-54.32335,-16.83912,-11.82108,-9.778836333360006,2.3026807231130366,74.94978616876301,15.790130538319623,60.008781530130065
1107,05/05/2023 11:22:01.425995,1289,True,True,True,True,Eyes,1.617028,0.01037575,-2.020947,-0.9457323,-0.2660164,0.1866162,0.0,0.0,0.0,0.0,0.0,0.0,0.0,1.181368,0.2355449,2.229877,1.5505,0.01990899,-2.004748,0.04995627,-0.5411315,0.007818855,0.8394165,5.297681,294.2751,357.6436,0.6381904,0.004172357,-0.7698666,-0.4041605,-0.004455877,0.1844786,-0.4008803,-0.5319256,-1.778044,-0.5796,-0.4007999,1.915,0.4142312,-0.04093926,0.9092506,-0.06719238,0.9948865,0.07540616,-0.9076882,-0.09233028,0.4093622,static,-78.83754,-54.94952,-16.83913,-11.82108,-9.762178222639944,2.277612628903709,75.52393779035691,15.775182417436048,60.26337404624675
1108,05/05/2023 11:22:01.446031,1290,True,True,True,True,Eyes,1.613121,0.01069406,-2.020253,-0.9465739,-0.2664064,0.1817296,0.0,0.0,0.0,0.0,0.0,0.0,0.0,1.218431,0.2328125,2.199912,1.539409,0.02008064,-2.002049,0.04931921,-0.5475491,0.01241726,0.8352267,5.507933,293.4126,358.0847,0.6368555,0.004156056,-0.7709714,-0.3799108,-0.004188525,0.1734099,-0.4117304,-0.5431728,-1.803051,-0.5796,-0.4007999,1.915,0.4000718,-0.03326692,0.9158798,-0.07475181,0.9948269,0.06878732,-0.9134302,-0.09598354,0.3955154,static,-79.13221,-55.70008,-16.83913,-11.82109,-9.740817146025924,2.2469794286495417,76.19575827634043,15.757430717670868,60.544761133219794
1109,05/05/2023 11:22:01.456791,1291,True,True,True,True,Eyes,1.508438,0.01839356,-2.001438,-0.9579275,-0.2825803,0.05023275,0.0,0.0,0.0,0.0,0.0,0.0,0.0,1.252761,0.2495317,2.169056,1.528838,0.02010291,-1.999682,0.0526094,-0.5535314,0.01719827,0.8309872,6.112155,292.5725,358.2907,0.6355744,0.004154154,-0.7720279,-0.3571162,-0.003937214,0.1630053,-0.4186921,-0.5649507,-1.830451,-0.5796,-0.4008,1.915,0.3866145,-0.02965882,0.9217644,-0.086825,0.9938729,0.0683959,-0.9181453,-0.106475,0.3816706,static,-86.99821,-79.92014,-16.83913,-11.82109,-8.951315686912885,1.2163939503195742,97.77411271573321,15.237900196306,67.99185105460094
1110,05/05/2023 11:22:01.476213,1292,True,True,True,True,Eyes,1.508027,0.01837888,-2.001316,-0.9578918,-0.2827726,0.04982864,0.0,0.0,0.0,0.0,0.0,0.0,0.0,1.281909,0.2655755,2.140113,1.51786,0.02023909,-1.997397,0.05597163,-0.5585903,0.02064002,0.8272958,6.642201,291.8505,358.3628,0.6305128,0.004607961,-0.7761647,-0.6497369,0.01939752,0.2096687,-0.4262917,-0.582765,-1.854349,-0.5796001,-0.4007999,1.915,0.3751019,-0.02837959,0.9265491,-0.09668121,0.9928823,0.06955153,-0.9219282,-0.1156688,0.3696882,static,-87.02221,-80.00625,-16.83913,-11.82108,-8.948266865381143,1.2126283173014247,97.85132664514722,15.236248669202643,68.0135757320561
1111,05/05/2023 11:22:01.496025,1293,True,True,True,True,Eyes,1.507209,0.01837679,-2.001135,-0.95777,-0.2833373,0.04895388,0.0,0.0,0.0,0.0,0.0,0.0,0.0,1.307968,0.2776227,2.113279,1.50706,0.01999179,-1.995538,0.05855775,-0.5630782,0.02325896,0.8239981,7.047734,291.2084,358.4055,0.6264498,0.004975429,-0.7794455,-0.6107526,0.01823366,0.1970886,-0.4343953,-0.5965837,-1.875599,-0.5796,-0.4008,1.915,0.3648039,-0.02761451,0.9306749,-0.1042759,0.9920601,0.07030973,-0.9252268,-0.1226962,0.3590278,static,-87.07403,-80.19745,-16.83913,-11.82109,-8.941407560372292,1.2042293995476574,98.02177199408099,15.232628308786097,68.05957940065147
1112,05/05/2023 11:22:01.506103,1294,True,True,True,True,Eyes,1.505999,0.01839373,-2.000813,-0.9577859,-0.283492,0.04773245,0.0,0.0,0.0,0.0,0.0,0.0,0.0,1.334204,0.2965339,2.084947,1.496409,0.02036726,-1.993836,0.06269106,-0.5676033,0.0265614,0.8204821,7.644515,290.5431,358.4053,0.6231784,0.005274145,-0.7820616,-0.5741075,0.01713965,0.1852633,-0.4402022,-0.6154765,-1.89874,-0.5796,-0.4008,1.915,0.3542418,-0.02758102,0.9347472,-0.1147536,0.9907286,0.07272112,-0.9280865,-0.1330265,0.3477925,static,-87.14696,-80.44257,-16.83913,-11.82109,-8.933010083635152,1.193628291010297,98.2450939065117,15.227922521680327,68.12821303238061
1113,05/05/2023 11:22:01.526043,1295,True,True,True,True,Eyes,1.504395,0.01839665,-2.00045,-0.9578211,-0.2836309,0.04617574,0.0,0.0,0.0,0.0,0.0,0.0,0.0,1.358581,0.2994849,2.058812,1.485099,0.02089139,-1.992031,0.06379652,-0.571924,0.02716292,0.8173709,7.7795,289.9258,358.3477,0.6205335,0.005518431,-0.7841602,-0.539661,0.01611127,0.1741475,-0.4512178,-0.6187124,-1.918652,-0.5795998,-0.4007998,1.915,0.3443303,-0.02856915,0.9384137,-0.1173779,0.9903843,0.07322057,-0.9314822,-0.1353611,0.337666,static,-87.23996,-80.75324,-16.83913,-11.82108,-8.92240153800866,1.180206756226572,98.52877522305096,15.22195936331904,68.21608889940286
1114,05/05/2023 11:22:01.546207,1296,True,True,True,True,Eyes,1.502414,0.01837494,-2.000053,-0.9579128,-0.2835926,0.04447688,0.0,0.0,0.0,0.0,0.0,0.0,0.0,1.381691,0.2967669,2.034335,1.474053,0.02055505,-1.990579,0.06358737,-0.5760241,0.02732919,0.8144974,7.762555,289.3503,358.338,0.6183798,0.005718429,-0.7858583,-0.5072813,0.01514459,0.1636986,-0.4631158,-0.6184046,-1.936647,-0.5796002,-0.4007999,1.915,0.3348987,-0.02873661,0.9418159,-0.1177748,0.9904195,0.07209895,-0.9348648,-0.135068,0.3283057,static,-87.34161,-81.0867,-16.83914,-11.82108,-8.91112624893171,1.165847459604024,98.8348338901083,15.215573826778433,68.3132753511497
1115,05/05/2023 11:22:01.556131,1297,True,True,True,True,Eyes,1.500073,0.01831156,-1.999626,-0.9579798,-0.2836691,0.04250398,0.0,0.0,0.0,0.0,0.0,0.0,0.0,1.404052,0.2975024,2.009511,1.463021,0.01991912,-1.989265,0.06400684,-0.5799519,0.02849877,0.8116323,7.871733,288.7932,358.3813,0.6166073,0.005881835,-0.7872486,-0.4768444,0.01423591,0.1538767,-0.4732735,-0.6229985,-1.954307,-0.5795999,-0.4007999,1.915,0.3256874,-0.02798073,0.9450634,-0.1205028,0.9901819,0.07084418,-0.9377669,-0.1369558,0.319118,static,-87.45955,-81.4784,-16.83913,-11.82109,-8.897792428548378,1.1489427776136378,99.19367196254254,15.208109437932162,68.42530662003439
1116,05/05/2023 11:22:01.576281,1298,True,True,True,True,Eyes,1.497396,0.01821734,-1.999168,-0.9580668,-0.2836872,0.04036683,0.0,0.0,0.0,0.0,0.0,0.0,0.0,1.424654,0.2987591,1.985491,1.452054,0.01887944,-1.988027,0.06445963,-0.5835411,0.03012741,0.8089605,8.016124,288.2833,358.4673,0.614966,0.006026288,-0.7885302,-0.4482338,0.01338176,0.1446441,-0.4826325,-0.6295611,-1.970306,-0.5795998,-0.4008,1.915,0.3171442,-0.02648592,0.9480073,-0.1239735,0.9898746,0.06912944,-0.9402394,-0.1394518,0.3106495,static,-87.58735,-81.90155,-16.83913,-11.82109,-8.883411836857357,1.1306908014059331,99.58203405725352,15.200068335998528,68.54708823545329
1117,05/05/2023 11:22:01.596241,1299,True,True,True,True,Eyes,1.494387,0.01808682,-1.9987,-0.9580995,-0.2839011,0.0380214,0.0,0.0,0.0,0.0,0.0,0.0,0.0,1.444246,0.3023744,1.961709,1.44124,0.01806621,-1.986978,0.06546191,-0.5868716,0.03292451,0.8063574,8.291903,287.8057,358.6254,0.6134276,0.006153079,-0.7897265,-0.4213397,0.01257885,0.1359655,-0.489986,-0.6408457,-1.985402,-0.5795999,-0.4008,1.915,0.3089952,-0.02373763,0.9507673,-0.1299334,0.9892614,0.06692647,-0.9421461,-0.1442164,0.3025928,static,-87.72746,-82.37206,-16.83913,-11.82109,-8.867300138598956,1.1103449591082333,100.01297264920086,15.191184333052243,68.6793734495007
1118,05/05/2023 11:22:01.606202,1300,True,True,True,True,Eyes,1.491063,0.01789815,-1.998208,-0.958171,-0.2840036,0.03536025,0.0,0.0,0.0,0.0,0.0,0.0,0.0,1.463562,0.3018838,1.938498,1.430238,0.01710837,-1.986214,0.06564183,-0.59009,0.03605087,0.8038566,8.515659,287.353,358.8696,0.6119736,0.006262601,-0.790853,-0.3960593,0.01182412,0.1278075,-0.4976234,-0.6514606,-1.999198,-0.5795998,-0.4007999,1.915,0.3009881,-0.01950973,0.9534283,-0.1354286,0.9887829,0.06298672,-0.9439626,-0.1480797,0.2949698,static,-87.88653,-82.90284,-16.83912,-11.82108,-8.849186370082808,1.087418848503984,100.50050284653156,15.181185129373478,68.83041590241113
1119,05/05/2023 11:22:01.626214,1301,True,True,True,True,Eyes,1.487428,0.01766257,-1.99772,-0.9581788,-0.2843196,0.0324934,0.0,0.0,0.0,0.0,0.0,0.0,0.0,1.483711,0.2949168,1.915378,1.419191,0.01553588,-1.985624,0.06441805,-0.5934829,0.03916088,0.8013082,8.610705,286.8898,359.206,0.610588,0.006354286,-0.7919225,-0.3722958,0.01111468,0.1201391,-0.5062787,-0.6594805,-2.012472,-0.5796,-0.4007999,1.915,0.292489,-0.01370214,0.9561707,-0.1392219,0.9886335,0.05675478,-0.94608,-0.14972,0.2872567,static,-88.05775,-83.48026,-16.83913,-11.82109,-8.829369468082533,1.062431399437937,101.03033445353579,15.170411577423932,68.99168197707039
1120,05/05/2023 11:22:01.646211,1302,True,True,True,True,Eyes,1.483483,0.0174052,-1.997238,-0.9582058,-0.2845717,0.02933704,0.0,0.0,0.0,0.0,0.0,0.0,0.0,1.504708,0.2914309,1.890685,1.408069,0.01422128,-1.985172,0.06404225,-0.5970215,0.04296796,0.7985098,8.834583,286.3961,359.5449,0.609256,0.006428068,-0.792947,-0.349958,0.01044779,0.1129307,-0.5133869,-0.6713722,-2.027266,-0.5795997,-0.4007999,1.915,0.2834383,-0.007848508,0.9589584,-0.1450899,0.9881046,0.05097115,-0.9479514,-0.1535823,0.278928,static,-88.24635,-84.11407,-16.83912,-11.82108,-8.807657462534667,1.0350205871762048,101.61333032340295,15.15861843303345,69.16987856693244
1121,05/05/2023 11:22:01.656252,1303,True,True,True,True,Eyes,1.479233,0.01710091,-1.996776,-0.958237,-0.2847888,0.02602243,0.0,0.0,0.0,0.0,0.0,0.0,0.0,1.525406,0.2863395,1.865889,1.396693,0.01343523,-1.984809,0.06347606,-0.6005882,0.04576338,0.79572,8.974113,285.8954,359.8018,0.607964,0.00648491,-0.7939376,-0.3289605,0.009820927,0.1061549,-0.521831,-0.6791934,-2.04255,-0.5795999,-0.4007999,1.915,0.274399,-0.003416277,0.9616098,-0.1490756,0.987753,0.04604845,-0.9499903,-0.1559882,0.2705292,static,-88.44443,-84.77912,-16.83913,-11.82109,-8.784886514559734,1.006263431081499,102.22618612454883,15.14634722197518,69.35729185561244
1122,05/05/2023 11:22:01.684196,1304,True,True,True,True,Eyes,1.474696,0.01674468,-1.996337,-0.9582667,-0.2849923,0.02245624,0.0,0.0,0.0,0.0,0.0,0.0,0.0,1.544683,0.2749031,1.842937,1.385114,0.01200098,-1.984779,0.06141163,-0.603959,0.04684995,0.7932636,8.860088,285.4323,0.008610601,0.6066995,0.00652464,-0.794904,-0.3092229,0.009231672,0.0997856,-0.5335107,-0.6790548,-2.056355,-0.5796,-0.4007999,1.915,0.2660771,0.0001484915,0.9639518,-0.148509,0.9880674,0.04084034,-0.9524432,-0.1540221,0.2629242,static,-88.65756,-85.49464,-16.83913,-11.82109,-8.760388593174152,0.975324380727112,102.88672828536926,15.133217890509677,69.55910470165867
1123,05/05/2023 11:22:01.696232,1305,True,True,True,True,Eyes,1.469866,0.01635578,-1.995932,-0.9582756,-0.2852299,0.01875348,0.0,0.0,0.0,0.0,0.0,0.0,0.0,1.563949,0.2657697,1.819487,1.373694,0.01036923,-1.984933,0.05983714,-0.6072853,0.04886817,0.7907188,8.857791,284.9709,0.2670627,0.6054519,0.006546887,-0.7958546,-0.2906695,0.008677771,0.09379847,-0.543462,-0.6831921,-2.070299,-0.5795998,-0.4007999,1.915,0.257633,0.004605514,0.966232,-0.1499584,0.9880628,0.03527487,-0.9545354,-0.1539825,0.2552482,static,-88.87886,-86.2383,-16.83912,-11.82108,-8.734914287579375,0.9431631290704954,103.57435383238459,15.11965782970152,69.76843862104077
1124,05/05/2023 11:22:01.706108,1306,True,True,True,True,Eyes,1.342301,0.005798815,-1.985104,-0.9520293,-0.2947697,-0.08216469,0.0,0.0,0.0,0.0,0.0,0.0,0.0,1.583057,0.2549879,1.79581,1.361819,0.009206128,-1.985292,0.05804405,-0.6105762,0.05077992,0.7881935,8.830385,284.5146,0.5316065,0.6042107,0.006552092,-0.7967973,-0.2732294,0.008157105,0.08817056,-0.5540531,-0.6861115,-2.084136,-0.5795999,-0.4008,1.915,0.2492361,0.009168175,0.9683994,-0.1509295,0.9881046,0.02948986,-0.9566095,-0.1535099,0.2476551,static,85.06732,74.42461,-16.83913,-11.82109,-6.545477340169212,4.660990098587504,133.50372773856353,19.432402050634288,75.45115146698862
1125,05/05/2023 11:22:01.726214,1307,True,True,True,True,Eyes,1.341827,0.005719905,-1.985134,-0.9520256,-0.2947099,-0.08242133,0.0,0.0,0.0,0.0,0.0,0.0,0.0,1.601723,0.2378242,1.77302,1.349791,0.007698035,-1.98587,0.0547698,-0.6138858,0.0513563,0.7858161,8.576616,284.0641,0.780435,0.5981151,0.00603133,-0.8013873,-0.6395299,-0.02400322,0.115364,-0.567423,-0.6819767,-2.097405,-0.5796003,-0.4008,1.915,0.2410134,0.01346841,0.9704282,-0.147958,0.9887256,0.02302417,-0.9591772,-0.1491318,0.2402889,static,85.05198,74.37532,-16.83914,-11.82109,-6.5438298914600885,4.658875656195429,133.4601866915467,19.431486774315157,75.46615470875892
1126,05/05/2023 11:22:01.746294,1308,True,True,True,True,Eyes,1.340908,0.005546659,-1.985155,-0.9518784,-0.2950008,-0.08307786,0.0,0.0,0.0,0.0,0.0,0.0,0.0,1.619792,0.223,1.750175,1.337952,0.005707052,-1.986559,0.05190045,-0.6170748,0.05236743,0.7834428,8.39237,283.6254,1.042595,0.5931684,0.005594561,-0.8050586,-0.6011581,-0.02256303,0.1084422,-0.5796838,-0.6806654,-2.110516,-0.5796002,-0.4008,1.915,0.2329525,0.01800086,0.9723216,-0.1461067,0.989128,0.01669281,-0.9614499,-0.1459513,0.2330499,static,85.01199,74.27177,-16.83914,-11.82109,-6.540842357305616,4.654632388980295,133.36278800796157,19.429471495032264,75.50171596828837
1127,05/05/2023 11:22:01.756377,1309,True,True,True,True,Eyes,1.339547,0.005303677,-1.98523,-0.9516804,-0.2953793,-0.08399753,0.0,0.0,0.0,0.0,0.0,0.0,0.0,1.638813,0.2145331,1.725634,1.326068,0.003483066,-1.987732,0.05043338,-0.6203326,0.05450807,0.7808155,8.417466,283.1641,1.306234,0.5891376,0.005222418,-0.8080156,-0.5650886,-0.02120925,0.1019356,-0.5894083,-0.6862931,-2.12543,-0.5796002,-0.4008,1.915,0.2244328,0.02255056,0.9742286,-0.1476924,0.9889707,0.01113207,-0.9632325,-0.1463846,0.225288,static,84.95601,74.12575,-16.83914,-11.82109,-6.536604418516039,4.64863824930314,133.22579280870542,19.426636044710285,75.55171841971696
1128,05/05/2023 11:22:01.783816,1310,True,True,True,True,Eyes,1.337768,0.005007497,-1.985359,-0.9513365,-0.296107,-0.08531995,0.0,0.0,0.0,0.0,0.0,0.0,0.0,1.65761,0.2088149,1.700566,1.314101,0.001575805,-1.989054,0.04963997,-0.6235585,0.05658735,0.7781444,8.500913,282.6994,1.515651,0.5858308,0.004899925,-0.8104182,-0.5311833,-0.01993669,0.09581951,-0.5985799,-0.6929292,-2.141092,-0.5796,-0.4007998,1.915,0.2159456,0.02615943,0.9760549,-0.1499731,0.9886675,0.006683087,-0.964819,-0.1478251,0.2174217,static,84.87518,73.92625,-16.83913,-11.82108,-6.531079467982206,4.640560084328218,133.03535417664358,19.422705785667297,75.62246539231282
1129,05/05/2023 11:22:01.796403,1311,True,True,True,True,Eyes,1.335584,0.00464448,-1.985559,-0.9509407,-0.2969255,-0.08687399,0.0,0.0,0.0,0.0,0.0,0.0,0.0,1.676544,0.2059585,1.674892,1.30229,-3.317371e-06,-1.990608,0.04955074,-0.6268251,0.05861458,0.7753705,8.645617,282.2206,1.667972,0.5830923,0.004615437,-0.8123926,-0.4993123,-0.01874049,0.09007034,-0.606877,-0.7006278,-2.157965,-0.5795999,-0.4007999,1.915,0.2073093,0.02877675,0.9778522,-0.1530153,0.9882181,0.003358177,-0.9662346,-0.1503226,0.2092701,static,84.78019,73.69167,-16.83912,-11.82108,-6.524579772901473,4.631060097766071,132.81157546478622,19.418101191747766,75.70585641058075
1130,05/05/2023 11:22:01.816276,1312,True,True,True,True,Eyes,1.333011,0.004236015,-1.985811,-0.9504112,-0.2980746,-0.08871321,0.0,0.0,0.0,0.0,0.0,0.0,0.0,1.694547,0.2031124,1.649911,1.290415,-0.001954453,-1.99243,0.04939726,-0.6298756,0.06056461,0.772754,8.779962,281.7724,1.819265,0.5806205,0.004348155,-0.8141625,-0.4693536,-0.01761606,0.08466612,-0.6153219,-0.7083489,-2.174016,-0.5795997,-0.4007999,1.915,0.1991773,0.03137482,0.979461,-0.1558314,0.9877837,4.75141e-05,-0.9674942,-0.1526402,0.2016333,static,84.66735,73.4259,-16.83912,-11.82109,-6.517534240309434,4.620430670861472,132.55418799842198,19.41284972807991,75.80344301021027
1131,05/05/2023 11:22:01.826048,1313,True,True,True,True,Eyes,1.330057,0.003782274,-1.986146,-0.9498664,-0.2992066,-0.09071493,0.0,0.0,0.0,0.0,0.0,0.0,0.0,1.71055,0.2003156,1.626449,1.278438,-0.003464498,-1.994249,0.04931805,-0.6325281,0.06225455,0.7704548,8.902304,281.3808,1.945421,0.5783134,0.004090577,-0.8158042,-0.4411924,-0.0165591,0.07958615,-0.6241598,-0.7149934,-2.188286,-0.5796002,-0.4007999,1.915,0.1920651,0.03353853,0.980809,-0.1583187,0.9873843,-0.002760866,-0.968528,-0.1547501,0.1949518,static,84.54464,73.13348,-16.83913,-11.82108,-6.509694089322524,4.608698374589165,132.2722423042964,19.407082822281954,75.91043473225751
1132,05/05/2023 11:22:01.846131,1314,True,True,True,True,Eyes,1.326732,0.00328962,-1.986595,-0.9492973,-0.3003438,-0.09288756,0.0,0.0,0.0,0.0,0.0,0.0,0.0,1.725914,0.1962583,1.603882,1.266341,-0.005003683,-1.996519,0.04885459,-0.635047,0.06298377,0.7683501,8.920863,281.0092,2.015083,0.5761428,0.003839868,-0.8173396,-0.4147208,-0.01556555,0.07481098,-0.6345292,-0.7178035,-2.202453,-0.5796002,-0.4007999,1.915,0.1854969,0.03473723,0.9820307,-0.1588371,0.9872926,-0.004920438,-0.9697226,-0.1550701,0.1886572,static,84.41147,72.81469,-16.83914,-11.82108,-6.501109977268796,4.595892562333671,131.96552424351216,19.400820932715924,76.0272058252576
1133,05/05/2023 11:22:01.856405,1315,True,True,True,True,Eyes,1.323069,0.002736161,-1.987139,-0.9487488,-0.3013372,-0.09524554,0.0,0.0,0.0,0.0,0.0,0.0,0.0,1.74074,0.1928355,1.581784,1.254263,-0.006413912,-1.999046,0.04835759,-0.6375334,0.06226563,0.7663783,8.83058,280.6386,1.958986,0.5740827,0.00359369,-0.818789,-0.3898376,-0.01463162,0.07032232,-0.6464974,-0.7157876,-2.217454,-0.5796002,-0.4007999,1.915001,0.1793482,0.03377891,0.9832057,-0.1570972,0.9875691,-0.005272426,-0.9711617,-0.1535133,0.1824253,static,84.26725,72.45949,-16.83913,-11.82108,-6.491291743994576,4.5815176246790665,131.62718015755448,19.39388989887219,76.1555158299254
1134,05/05/2023 11:22:01.876126,1316,True,True,True,True,Eyes,1.31908,0.00215772,-1.987777,-0.9481457,-0.302434,-0.09774134,0.0,0.0,0.0,0.0,0.0,0.0,0.0,1.756069,0.1917148,1.559037,1.242472,-0.008441033,-2.001829,0.04812204,-0.6401765,0.06090523,0.7642963,8.716135,280.2399,1.825405,0.5721105,0.003349031,-0.8201693,-0.3664473,-0.01375372,0.06610298,-0.6584831,-0.7128581,-2.234137,-0.5796002,-0.4007999,1.915,0.1729291,0.03148608,0.9844308,-0.1547125,0.9879497,-0.004421208,-0.9727074,-0.1515392,0.1757165,static,84.11435,72.09009,-16.83914,-11.82108,-6.481258754150902,4.566642653816776,131.2733468528513,19.38667474533815,76.29107878312564
1135,05/05/2023 11:22:01.896140,1317,True,True,True,True,Eyes,1.314764,0.001826735,-1.988504,-0.9473735,-0.3039792,-0.1004002,0.0,0.0,0.0,0.0,0.0,0.0,0.0,1.770355,0.1986742,1.536132,1.230669,-0.009571033,-2.004668,0.0499913,-0.6424684,0.06089664,0.7622511,8.88549,279.8767,1.658877,0.5702062,0.003104659,-0.8214953,-0.3444605,-0.0129285,0.0621368,-0.6671764,-0.7177636,-2.25053,-0.5795995,-0.4007999,1.915,0.1670519,0.02860141,0.9855331,-0.1570727,0.9875849,-0.002036497,-0.9733559,-0.1544602,0.1694704,static,83.95052,71.72231,-16.83912,-11.82108,-6.471977278654029,4.5521300129072095,130.9123735329159,19.379361556344463,76.43325208058017
1136,05/05/2023 11:22:01.906101,1318,True,True,True,True,Eyes,1.310066,0.001766485,-1.989301,-0.9468506,-0.3047297,-0.1030231,0.0,0.0,0.0,0.0,0.0,0.0,0.0,1.78289,0.2195132,1.512516,1.218471,-0.003849635,-2.007462,0.05688381,-0.6440634,0.06430572,0.760139,9.747886,279.5724,1.423819,0.5683519,0.002870918,-0.8227802,-0.3237928,-0.01215279,0.0584086,-0.6680002,-0.7371693,-2.266826,-0.5796,-0.4007998,1.915,0.1620943,0.02448901,0.9864712,-0.1710361,0.985258,0.00364528,-0.9718395,-0.1693131,0.1638932,static,83.79031,71.32063,-16.83913,-11.82108,-6.460698497517792,4.535800220152041,130.53286228547086,19.37161250356088,76.57834453828366
1137,05/05/2023 11:22:01.925885,1319,True,True,True,True,Eyes,1.305067,0.001777224,-1.990187,-0.9465386,-0.3048238,-0.1055795,0.0,0.0,0.0,0.0,0.0,0.0,0.0,1.791331,0.1948624,1.498047,1.204622,0.002478359,-2.009941,0.05233748,-0.6456438,0.05741197,0.7596768,8.83877,279.3661,1.139256,0.5665296,0.002658064,-0.8240367,-0.3043652,-0.01142362,0.05490408,-0.6929209,-0.699119,-2.276196,-0.5795997,-0.4008,1.915,0.1596958,0.01964634,0.9869708,-0.1548118,0.9879293,0.005383757,-0.9749516,-0.1536545,0.1608097,static,83.63538,70.89585,-16.83912,-11.82109,-6.447887139447477,4.518160141760234,130.14306479107367,19.36359510930856,76.72375685967276
1138,05/05/2023 11:22:01.946114,1320,True,True,True,True,Eyes,1.299804,0.00191263,-1.991176,-0.946085,-0.3053477,-0.1081021,0.0,0.0,0.0,0.0,0.0,0.0,0.0,1.796921,0.1740386,1.48819,1.192481,0.004073622,-2.012932,0.0474306,-0.6463438,0.05081996,0.7598734,7.919219,279.2952,0.9210018,0.5647254,0.002466991,-0.8252748,-0.2861033,-0.0107382,0.05160984,-0.7161606,-0.6659229,-2.281253,-0.5795998,-0.4007999,1.915,0.1593142,0.01592053,0.9870997,-0.1385464,0.9903353,0.006388179,-0.977458,-0.1377768,0.1599803,static,83.48151,70.50453,-16.83912,-11.82108,-6.436764596614873,4.5021949758378685,129.77570984382632,19.35609216435876,76.8646095843664
1139,05/05/2023 11:22:01.955956,1321,True,True,True,True,Eyes,1.294239,0.002141888,-1.992241,-0.9457102,-0.305621,-0.1105807,0.0,0.0,0.0,0.0,0.0,0.0,0.0,1.804992,0.1878511,1.471531,1.180872,0.007305577,-2.015981,0.05213352,-0.6469094,0.05402685,0.758862,8.570444,279.1697,0.8428962,0.5629274,0.00230077,-0.8265029,-0.2689371,-0.01009391,0.04851324,-0.7197464,-0.6827904,-2.290244,-0.5796,-0.4007999,1.915,0.1571786,0.0145465,0.9874631,-0.1494492,0.9887264,0.009223334,-0.9761966,-0.1490252,0.1575806,static,83.33076,70.10871,-16.83913,-11.82109,-6.425215944011285,4.485920996890125,129.40826476949647,19.3485972002679,77.00452672831683
1140,05/05/2023 11:22:01.981749,1322,True,True,True,True,Eyes,1.14986,0.008910209,-2.021129,-0.930227,-0.3248245,-0.1707829,0.0,0.0,0.0,0.0,0.0,0.0,0.0,1.811704,0.1775177,1.458268,1.168072,0.009743773,-2.018872,0.05040199,-0.6475813,0.05158661,0.7585756,8.237718,279.0807,0.7518175,0.5611244,0.002160907,-0.8277283,-0.2528009,-0.009488277,0.04560245,-0.7362751,-0.6687955,-2.296084,-0.5795997,-0.4008,1.915,0.1559547,0.01298593,0.9876788,-0.1435435,0.9895969,0.0096544,-0.9772786,-0.1432805,0.1561964,static,79.59676,62.26596,-16.83912,-11.82109,-6.241954175569112,4.182601847164138,121.60908653993295,19.19421986561251,80.34299806520353
1141,05/05/2023 11:22:01.996341,1323,True,True,True,True,Eyes,1.14942,0.008960935,-2.021229,-0.9299887,-0.3254684,-0.1708551,0.0,0.0,0.0,0.0,0.0,0.0,0.0,1.820185,0.1743602,1.44334,1.157275,0.01110882,-2.021707,0.05098426,-0.6484292,0.05453304,0.7576056,8.509511,278.9512,0.9565102,0.5517529,0.002400448,-0.8340037,-0.6707709,0.01138598,-0.0437973,-0.7427144,-0.678162,-2.302327,-0.5795998,-0.4007999,1.915,0.1531315,0.0165097,0.9880678,-0.1487484,0.9888535,0.0065303,-0.9769465,-0.1479736,0.1538804,static,79.58986,62.30271,-16.83913,-11.82109,-6.2443008814370895,4.1846479767126965,121.62601629117061,19.194636027565917,80.3435182862751
1142,05/05/2023 11:22:02.006078,1324,True,True,True,True,Eyes,1.148563,0.009037921,-2.021417,-0.929536,-0.3266134,-0.1711335,0.0,0.0,0.0,0.0,0.0,0.0,0.0,1.830496,0.1749176,1.424802,1.146248,0.01249219,-2.024187,0.05355149,-0.6494455,0.06289227,0.7559084,9.360761,278.7857,1.482321,0.5441197,0.002596202,-0.8390032,-0.6305247,0.01070282,-0.04116946,-0.7411819,-0.7091073,-2.308273,-0.5796,-0.4008,1.915001,0.1485301,0.02552404,0.9885786,-0.1646391,0.9863536,-0.000730167,-0.9751067,-0.1626503,0.1507055,static,79.5683,62.34711,-16.83913,-11.82108,-6.24794259454045,4.187458700444832,121.63598549393595,19.194961890590065,80.35310910338477
1143,05/05/2023 11:22:02.026032,1325,True,True,True,True,Eyes,1.147349,0.009072921,-2.021683,-0.9289213,-0.3281691,-0.171494,0.0,0.0,0.0,0.0,0.0,0.0,0.0,1.840947,0.1555211,1.407835,1.13532,0.01330402,-2.026362,0.05108802,-0.6509324,0.06815846,0.7543418,9.54422,278.5934,2.110662,0.5378855,0.002758134,-0.843013,-0.5926932,0.01006065,-0.0386993,-0.7471468,-0.7202545,-2.312739,-0.5796,-0.4007999,1.915,0.1432831,0.03631987,0.9890151,-0.1693392,0.9854889,-0.01165743,-0.9750868,-0.1658087,0.1473543,static,79.54004,62.40941,-16.83913,-11.82109,-6.252930985169719,4.191351560614569,121.6515990036255,19.195465462282762,80.3651501403224
1144,05/05/2023 11:22:02.046296,1326,True,True,True,True,Eyes,1.14578,0.009129587,-2.02204,-0.928027,-0.3303616,-0.172125,0.0,0.0,0.0,0.0,0.0,0.0,0.0,1.853314,0.141712,1.388112,1.12553,0.01240143,-2.028481,0.05005312,-0.6528271,0.0757235,0.7520489,10.0294,278.3278,2.825643,0.532773,0.002891354,-0.8462529,-0.5571316,0.009457014,-0.03637734,-0.7474011,-0.7434335,-2.319418,-0.5796,-0.4007999,1.915,0.1361655,0.04854346,0.9894961,-0.1792476,0.9835213,-0.02358391,-0.9743354,-0.1741535,0.1426229,static,79.49252,62.4796,-16.83913,-11.82108,-6.259507513292598,4.196139031804634,121.65680350964716,19.195825522077698,80.38929914304394
1145,05/05/2023 11:22:02.065723,1327,True,True,True,True,Eyes,1.14383,0.009311697,-2.02246,-0.9270903,-0.3325461,-0.172964,0.0,0.0,0.0,0.0,0.0,0.0,0.0,1.867941,0.1354478,1.363607,1.115423,0.01315741,-2.030427,0.05159735,-0.6552175,0.08482807,0.7488873,10.86192,277.9633,3.469814,0.5285536,0.003002521,-0.8488942,-0.5237037,0.008889593,-0.0341947,-0.7427124,-0.7750588,-2.330175,-0.5796,-0.4007999,1.915,0.1269886,0.05943836,0.9901218,-0.1946683,0.9802839,-0.03388046,-0.9726142,-0.1884428,0.1360557,static,79.43203,62.52015,-16.83913,-11.82108,-6.265321801082857,4.199750929463703,121.63369075078869,19.195636053487476,80.42557994800516
1146,05/05/2023 11:22:02.076155,1328,True,True,True,True,Eyes,1.141501,0.009607965,-2.02293,-0.9264175,-0.3337272,-0.1742888,0.0,0.0,0.0,0.0,0.0,0.0,0.0,1.882616,0.1132376,1.33907,1.104312,0.01644823,-2.032338,0.04891482,-0.6583822,0.08758826,0.7459682,10.85423,277.5052,3.868912,0.5249678,0.003103291,-0.851116,-0.4922815,0.008356217,-0.03214302,-0.7503567,-0.7753078,-2.343992,-0.5796,-0.4008,1.915,0.1177222,0.0662668,0.9908332,-0.1950854,0.9798713,-0.04235532,-0.9736957,-0.1883109,0.1282803,static,79.34537,62.42421,-16.83913,-11.82109,-6.265579461661274,4.197090014490213,121.50647148337409,19.19328168822145,80.49543776053326
1147,05/05/2023 11:22:02.096452,1329,True,True,True,True,Eyes,1.13882,0.009922627,-2.02345,-0.9259907,-0.3340701,-0.1758931,0.0,0.0,0.0,0.0,0.0,0.0,0.0,1.896962,0.07655716,1.314522,1.092947,0.01930984,-2.034057,0.04110255,-0.662406,0.08253944,0.7434489,9.814829,276.9398,3.973131,0.5216496,0.003206837,-0.8531534,-0.4627446,0.007854844,-0.03021443,-0.7722533,-0.7406862,-2.361527,-0.5795999,-0.4007999,1.915,0.1088111,0.06827454,0.9917151,-0.1771809,0.9829956,-0.04823394,-0.9781448,-0.1704645,0.1190578,static,79.24473,62.23251,-16.83913,-11.82109,-6.261671476582812,4.189915968158562,121.30970210770283,19.18944868741726,80.58602508774592
1148,05/05/2023 11:22:02.106188,1330,True,True,True,True,Eyes,1.135814,0.01021346,-2.024008,-0.9257536,-0.3336824,-0.1778663,0.0,0.0,0.0,0.0,0.0,0.0,0.0,1.910465,0.04402553,1.289645,1.081868,0.01981385,-2.035722,0.03292012,-0.666353,0.07501686,0.7411225,8.555716,276.3738,3.903606,0.5185611,0.003313703,-0.8550338,-0.4349799,0.007383554,-0.02840157,-0.7963268,-0.6995218,-2.380314,-0.5796001,-0.4007998,1.915,0.1006923,0.0673205,0.9926374,-0.1550662,0.9865775,-0.05117972,-0.9827592,-0.1487711,0.1097799,static,79.12422,61.94057,-16.83913,-11.82108,-6.25372230232423,4.178151745613093,121.03613325757313,19.184010857374098,80.70188509720543
1149,05/05/2023 11:22:02.126128,1331,True,True,True,True,Eyes,1.132498,0.01049046,-2.024604,-0.9255913,-0.3329397,-0.1800888,0.0,0.0,0.0,0.0,0.0,0.0,0.0,1.923599,0.0201239,1.26401,1.071124,0.01931912,-2.037322,0.02659822,-0.6700346,0.06882881,0.7386534,7.557962,275.8299,3.819677,0.5156686,0.003422582,-0.8567809,-0.4088811,0.00694054,-0.02669747,-0.8160705,-0.6672701,-2.399114,-0.5795997,-0.4008,1.915,0.09263235,0.06603781,0.9935081,-0.1373247,0.9891102,-0.05294165,-0.9861852,-0.1315291,0.1006923,static,78.98974,61.59082,-16.83912,-11.82109,-6.243595634471141,4.163804594739606,120.71652305607422,19.17764301955408,80.83411120560233
1150,05/05/2023 11:22:02.145880,1332,True,True,True,True,Eyes,1.128892,0.01077912,-2.025294,-0.9252817,-0.3324552,-0.1825576,0.0,0.0,0.0,0.0,0.0,0.0,0.0,1.935969,0.007880025,1.238296,1.060388,0.0191897,-2.03878,0.02341494,-0.6733053,0.06487741,0.7361405,6.998188,275.3314,3.696264,0.5129427,0.003532695,-0.8584151,-0.3843482,0.006524108,-0.02509562,-0.8304112,-0.6482033,-2.417288,-0.5795999,-0.4007998,1.915,0.08490179,0.06398696,0.9943328,-0.1270486,0.9904853,-0.05289124,-0.9882563,-0.121838,0.09222347,static,78.83892,61.22796,-16.83913,-11.82108,-6.233778513188645,4.149209033906546,120.37629125672589,19.17090535121718,80.97917100194857
1151,05/05/2023 11:22:02.156340,1333,True,True,True,True,Eyes,1.125015,0.01103801,-2.026014,-0.9249691,-0.3318416,-0.1852389,0.0,0.0,0.0,0.0,0.0,0.0,0.0,1.948117,0.00388515,1.212807,1.049877,0.01979657,-2.040451,0.02261204,-0.6763327,0.06255592,0.7335869,6.764749,274.8597,3.532969,0.5103557,0.003644462,-0.8599553,-0.3612874,0.006132661,-0.02358989,-0.8407261,-0.6384982,-2.435508,-0.5795998,-0.4007999,1.915001,0.07732183,0.06119388,0.9951265,-0.1223669,0.9911509,-0.05144142,-0.9894685,-0.117793,0.0841257,static,78.67547,60.8291,-16.83912,-11.82108,-6.2228451205449415,4.133105668378811,120.0045230685098,19.16354175660784,81.13727257077973
1152,05/05/2023 11:22:02.175967,1334,True,True,True,True,Eyes,1.120912,0.0112443,-2.026782,-0.9243296,-0.3320641,-0.1880112,0.0,0.0,0.0,0.0,0.0,0.0,0.0,1.959287,0.003378637,1.18795,1.039513,0.01931069,-2.041833,0.02233266,-0.6791649,0.06038455,0.7311566,6.585138,274.415,3.345165,0.5078846,0.003756463,-0.8614166,-0.3396101,0.005764702,-0.02217449,-0.850333,-0.6313749,-2.452797,-0.5795997,-0.4008,1.915,0.07017749,0.05796602,0.995849,-0.1186362,0.9917099,-0.0493648,-0.9904547,-0.1146795,0.07647257,static,78.50272,60.48192,-16.83913,-11.82109,-6.215187212889048,4.119869364183605,119.65698314967915,19.15678328411009,81.29609916810246
1153,05/05/2023 11:22:02.196303,1335,True,True,True,True,Eyes,1.116581,0.01146547,-2.027562,-0.9234697,-0.3328206,-0.1908776,0.0,0.0,0.0,0.0,0.0,0.0,0.0,1.969143,0.01491009,1.165294,1.029931,0.01840585,-2.043173,0.02603426,-0.6813108,0.06308401,0.7288061,7.117669,274.0612,3.262797,0.5055093,0.003866436,-0.8628122,-0.3192335,0.00541882,-0.02084403,-0.8513719,-0.6486778,-2.466849,-0.5796,-0.4007999,1.915001,0.06367179,0.05647718,0.9963717,-0.1274269,0.9906852,-0.04801179,-0.9898024,-0.1239075,0.0702754,static,78.32164,60.16508,-16.83912,-11.82108,-6.209627311789385,4.108389745572155,119.32132028821673,19.150303422761258,81.45753666286714
1154,05/05/2023 11:22:02.206248,1336,True,True,True,True,Eyes,1.112025,0.01170351,-2.028342,-0.9224892,-0.3338318,-0.1938302,0.0,0.0,0.0,0.0,0.0,0.0,0.0,1.977922,0.02670397,1.143184,1.020071,0.01909544,-2.044224,0.03102875,-0.6831044,0.06851886,0.7264371,7.972162,273.7523,3.308682,0.5032127,0.003975261,-0.8641533,-0.3000795,0.00509369,-0.01959338,-0.8487048,-0.6758929,-2.478356,-0.5795997,-0.4007999,1.915,0.05734722,0.05715752,0.9967168,-0.141941,0.9886848,-0.04853019,-0.9882125,-0.1386919,0.06481133,static,78.13383,59.85959,-16.83912,-11.82108,-6.205072666504256,4.097659843114837,118.9873089171757,19.143908714883693,81.62267258629092
1155,05/05/2023 11:22:02.226160,1337,True,True,True,True,Eyes,1.107249,0.01194915,-2.029143,-0.9214219,-0.334959,-0.1969367,0.0,0.0,0.0,0.0,0.0,0.0,0.0,1.987389,0.02758447,1.120124,1.010042,0.01979897,-2.045624,0.03251755,-0.6853864,0.07022487,0.7240557,8.241823,273.3816,3.308684,0.5009794,0.004083805,-0.8654494,-0.2820747,0.004788069,-0.01841778,-0.8525997,-0.6838244,-2.492034,-0.5796001,-0.4008,1.915,0.05062801,0.05711925,0.9970828,-0.1462676,0.9880222,-0.04917329,-0.9879487,-0.1433513,0.05837625,static,77.93562,59.54691,-16.83913,-11.82109,-6.200775524727089,4.086830545650837,118.64082207049351,19.13730707357488,81.79619756197056
1156,05/05/2023 11:22:02.246162,1338,True,True,True,True,Eyes,1.102253,0.01219942,-2.029939,-0.9202463,-0.3362695,-0.200174,0.0,0.0,0.0,0.0,0.0,0.0,0.0,1.996703,0.03425521,1.096353,0.9999884,0.02025996,-2.046851,0.0350863,-0.687695,0.07117639,0.7216499,8.542057,272.9962,3.157595,0.4987951,0.004192462,-0.8667096,-0.2651502,0.004500785,-0.01731271,-0.856178,-0.6915091,-2.507103,-0.5796,-0.4008,1.915,0.04401914,0.0544715,0.9975446,-0.1509862,0.9874058,-0.04725523,-0.9875553,-0.1485353,0.05168921,static,77.72807,59.23557,-16.83913,-11.82109,-6.197118250162692,4.076308614233406,118.28780260954889,19.13059582928628,81.97646122070402
1157,05/05/2023 11:22:02.256341,1339,True,True,True,True,Eyes,1.097038,0.01243122,-2.030753,-0.9190409,-0.3375285,-0.2035644,0.0,0.0,0.0,0.0,0.0,0.0,0.0,2.0063,0.04267131,1.071539,0.989644,0.02067204,-2.048276,0.03784543,-0.6901193,0.07132763,0.7191769,8.794112,272.587,2.920926,0.4966472,0.004301474,-0.8679417,-0.2492412,0.004230738,-0.01627395,-0.8604751,-0.6968628,-2.523675,-0.5795999,-0.4008,1.915,0.03729546,0.05035866,0.9980346,-0.1548301,0.9869601,-0.04401403,-0.9872369,-0.1528843,0.04460618,static,77.51082,58.9057,-16.83913,-11.82109,-6.193081515869709,4.065092511785521,117.91603745337866,19.12352329264179,82.16602919207133
1158,05/05/2023 11:22:02.284445,1340,True,True,True,True,Eyes,1.091618,0.01262702,-2.031585,-0.9177902,-0.3388503,-0.2069819,0.0,0.0,0.0,0.0,0.0,0.0,0.0,2.0152,0.04626692,1.047097,0.9791712,0.02046463,-2.049484,0.0390928,-0.6925679,0.07067347,0.7168172,8.855159,272.1833,2.736346,0.4945245,0.004410021,-0.8691523,-0.2342868,0.003976894,-0.01529751,-0.8671174,-0.6972364,-2.539307,-0.5796,-0.4007999,1.915,0.03070986,0.04717106,0.9984147,-0.1554687,0.986954,-0.04184757,-0.9873635,-0.1539371,0.03764286,static,77.29115,58.58193,-16.83913,-11.82108,-6.189512046155111,4.054248684579329,117.5461331985808,19.116496106930335,82.35700659138419
1159,05/05/2023 11:22:02.296070,1341,True,True,True,True,Eyes,1.085997,0.01276905,-2.032427,-0.9164971,-0.3401718,-0.2105141,0.0,0.0,0.0,0.0,0.0,0.0,0.0,2.023969,0.04599725,1.022739,0.9688174,0.01984267,-2.050746,0.03944855,-0.6950594,0.07032872,0.714416,8.866379,271.7789,2.648113,0.4924167,0.004516632,-0.8703477,-0.2202296,0.00373828,-0.01437966,-0.8739809,-0.6973637,-2.554246,-0.5796003,-0.4007999,1.915,0.0238926,0.04564974,0.9986717,-0.1553261,0.9869954,-0.04139992,-0.9875743,-0.1541306,0.03067248,static,77.06388,58.24886,-16.83914,-11.82109,-6.185918734374837,4.043126420395318,117.16473470342046,19.10927748418314,82.55481336024333
1160,05/05/2023 11:22:02.306388,1342,True,True,True,True,Eyes,1.080178,0.01286843,-2.0333,-0.9153794,-0.3411594,-0.2137543,0.0,0.0,0.0,0.0,0.0,0.0,0.0,2.032288,0.04535872,0.9982169,0.9583547,0.0187051,-2.051803,0.03990085,-0.6974883,0.07084893,0.711968,8.954431,271.3827,2.624007,0.4903148,0.004619199,-0.871533,-0.2070158,0.003513983,-0.01351688,-0.8798543,-0.701074,-2.56824,-0.5795997,-0.4007999,1.915,0.01698089,0.04522357,0.9988326,-0.1565451,0.9867768,-0.04201633,-0.9875249,-0.1556489,0.0238359,static,76.85615,57.93069,-16.83912,-11.82108,-6.181914513227433,4.032261667095904,116.80801786909065,19.10247289753278,82.73763604959635
1161,05/05/2023 11:22:02.325856,1343,True,True,True,True,Eyes,1.074172,0.01290904,-2.034181,-0.9142066,-0.3421712,-0.2171293,0.0,0.0,0.0,0.0,0.0,0.0,0.0,2.040737,0.04271211,0.9733205,0.9478343,0.01778725,-2.053066,0.0400285,-0.6999825,0.07157203,0.7094364,9.03244,270.9773,2.641386,0.4882105,0.004716304,-0.8727129,-0.1945948,0.003303144,-0.01270587,-0.8856643,-0.7046442,-2.582384,-0.5795999,-0.4007998,1.915,0.009804163,0.04551309,0.9989157,-0.1575901,0.9865503,-0.04340297,-0.987456,-0.1569937,0.0168447,static,76.63947,57.60228,-16.83913,-11.82108,-6.177919525745367,4.021105234643771,116.43818777209478,19.095450813875065,82.92829770463563
1162,05/05/2023 11:22:02.346456,1344,True,True,True,True,Eyes,1.067992,0.0128855,-2.035106,-0.9131448,-0.3429886,-0.220285,0.0,0.0,0.0,0.0,0.0,0.0,0.0,2.049266,0.03882346,0.9471462,0.9372846,0.0164286,-2.054096,0.03988748,-0.7026764,0.07254316,0.706677,9.109622,270.5402,2.697727,0.4860969,0.004805964,-0.8738915,-0.1829191,0.003104955,-0.01194352,-0.8910569,-0.7090036,-2.596975,-0.5796,-0.4007999,1.915,0.001966778,0.04647319,0.9989176,-0.1585852,0.986293,-0.0455736,-0.9873434,-0.1583239,0.009309809,static,76.43723,57.28933,-16.83913,-11.82108,-6.173854023591703,4.010365413090097,116.08931089991748,19.088812836858228,83.10738863144711
1163,05/05/2023 11:22:02.361797,1345,True,True,True,True,Eyes,0.9093149,0.01058165,-2.058254,-0.8798124,-0.3669299,-0.3021464,0.0,0.0,0.0,0.0,0.0,0.0,0.0,2.058041,0.03769174,0.9200642,0.9269648,0.01490492,-2.055233,0.04069392,-0.7054266,0.07432241,0.7036999,9.330586,270.0833,2.740981,0.4839677,0.004886141,-0.8750719,-0.171944,0.002918658,-0.01122691,-0.894109,-0.7179701,-2.612357,-0.5796002,-0.4007999,1.915,-0.006301135,0.04718818,0.9988661,-0.1620145,0.9856404,-0.0475854,-0.9867682,-0.1621306,0.001434508,static,71.04643,50.53045,-16.83913,-11.82108,-6.148440150567112,3.804612604151168,107.75706450091567,18.932858178737618,87.79823776059256
1164,05/05/2023 11:22:02.376127,1346,True,True,True,True,Eyes,0.9089064,0.01053114,-2.058296,-0.8798007,-0.3669073,-0.3022083,0.0,0.0,0.0,0.0,0.0,0.0,0.0,2.066111,0.04129907,0.8929451,0.9165599,0.01321202,-2.056116,0.0428084,-0.7079985,0.07659201,0.7007419,9.697673,269.6403,2.717026,0.4735924,0.004855037,-0.8807305,-0.6376595,-0.004167997,-0.07999676,-0.8954571,-0.7310793,-2.627454,-0.5795999,-0.4007999,1.915,-0.01425646,0.0467259,0.998806,-0.167959,0.9846022,-0.04845877,-0.9856909,-0.1684493,-0.006188882,static,71.04259,50.52295,-16.83913,-11.82109,-6.148281315461501,3.80432943489114,107.74959876342928,18.9327224168098,87.8020212914356
1165,05/05/2023 11:22:02.396241,1347,True,True,True,True,Eyes,0.9080985,0.01042744,-2.058372,-0.879617,-0.3670595,-0.3025578,0.0,0.0,0.0,0.0,0.0,0.0,0.0,2.073843,0.04740638,0.8661721,0.9063499,0.01199885,-2.057112,0.0457691,-0.7104329,0.07909491,0.6978067,10.15195,269.2072,2.640869,0.4650421,0.004829135,-0.885275,-0.5994,-0.003917918,-0.07519695,-0.895463,-0.7459307,-2.642616,-0.5795999,-0.4007999,1.915,-0.02194218,0.04535416,0.9987301,-0.1754177,0.9832984,-0.04850731,-0.9842496,-0.1762592,-0.01361974,static,71.01856,50.50211,-16.83913,-11.82108,-6.148654784576701,3.8038847564275056,107.71793585059174,18.932136275951045,87.82210544316374
1166,05/05/2023 11:22:02.406207,1348,True,True,True,True,Eyes,0.906914,0.01027169,-2.058505,-0.8793773,-0.3672121,-0.3030691,0.0,0.0,0.0,0.0,0.0,0.0,0.0,2.081195,0.05273054,0.8389418,0.895924,0.01065475,-2.057956,0.04815383,-0.712966,0.08053079,0.6948926,10.47199,268.7601,2.521203,0.4579721,0.004804837,-0.8889532,-0.563436,-0.003682842,-0.07068513,-0.897198,-0.7562199,-2.658305,-0.5796,-0.4007998,1.915001,-0.02961126,0.04325641,0.9986252,-0.1805846,0.9823921,-0.04790793,-0.9831138,-0.1817549,-0.02127837,static,70.98397,50.46631,-16.83913,-11.82108,-6.148888330313678,3.8029495324856657,107.66901061411356,18.931232548048268,87.85181139258286
1167,05/05/2023 11:22:02.426128,1349,True,True,True,True,Eyes,0.9053625,0.0100775,-2.058665,-0.8789948,-0.367447,-0.3038929,0.0,0.0,0.0,0.0,0.0,0.0,0.0,2.088638,0.05910861,0.8103135,0.8855923,0.009519079,-2.058676,0.05071178,-0.7157246,0.08147472,0.6917576,10.76536,268.2695,2.341133,0.4520966,0.004779063,-0.8919558,-0.5296298,-0.003461872,-0.06644402,-0.8986642,-0.7648557,-2.675582,-0.5795997,-0.4008,1.915,-0.03779947,0.0401302,0.9984792,-0.1853129,0.9815803,-0.04646641,-0.9819523,-0.1867874,-0.02966658,static,70.92832,50.40794,-16.83913,-11.82109,-6.149223545147204,3.801405564345972,107.5898575807376,18.929777274746606,87.8997179132964
1168,05/05/2023 11:22:02.445956,1350,True,True,True,True,Eyes,0.903468,0.009839909,-2.058853,-0.8786204,-0.3674648,-0.3049521,0.0,0.0,0.0,0.0,0.0,0.0,0.0,2.095821,0.06440318,0.7813904,0.8751975,0.008417537,-2.059403,0.05279602,-0.718566,0.0817922,0.6886114,10.96784,267.7672,2.146537,0.4471799,0.004749751,-0.8944311,-0.497852,-0.00325416,-0.06245738,-0.9011438,-0.7704421,-2.693273,-0.5796,-0.4008,1.915,-0.04605405,0.03677123,0.9982621,-0.1885209,0.9810452,-0.0448343,-0.9809888,-0.1902581,-0.03824902,static,70.8591,50.31136,-16.83913,-11.82108,-6.148384004440762,3.798265446042544,107.47753088662998,18.92765178526845,87.96259834843056
1169,05/05/2023 11:22:02.456551,1351,True,True,True,True,Eyes,0.9012371,0.009555539,-2.059056,-0.8780944,-0.3675515,-0.3063595,0.0,0.0,0.0,0.0,0.0,0.0,0.0,2.103148,0.06681471,0.7513397,0.8650265,0.007043846,-2.060069,0.05375156,-0.7217537,0.08117513,0.6852686,11.00212,267.2185,1.965233,0.4426937,0.004712942,-0.8966601,-0.4679809,-0.00305891,-0.05870994,-0.904974,-0.7711379,-2.712245,-0.5795998,-0.4008,1.915,-0.05503551,0.03366276,0.9979168,-0.1888443,0.9810427,-0.04350839,-0.9804637,-0.1908454,-0.04763516,static,70.76656,50.1883,-16.83912,-11.82109,-6.147579067044935,3.794375567530458,107.33088845451016,18.924899270849053,88.04591546549263
1170,05/05/2023 11:22:02.475988,1352,True,True,True,True,Eyes,0.8986729,0.009244499,-2.059215,-0.8775365,-0.3673858,-0.3081515,0.0,0.0,0.0,0.0,0.0,0.0,0.0,2.110462,0.07203995,0.7190955,0.854683,0.005647724,-2.06054,0.05576058,-0.7251002,0.08126085,0.6815549,11.17769,266.6247,1.746741,0.4385616,0.004667212,-0.8986886,-0.439902,-0.002875375,-0.05518734,-0.9063985,-0.7759258,-2.732505,-0.5795999,-0.4007999,1.915,-0.06474727,0.02990345,0.9974535,-0.1916315,0.9805749,-0.04183672,-0.9793289,-0.1938523,-0.05775913,static,70.65102,50.01115,-16.83913,-11.82109,-6.145342319839004,3.7883232544776426,107.13427206286558,18.921175362472212,88.15327460457546
1171,05/05/2023 11:22:02.495968,1353,True,True,True,True,Eyes,0.8957729,0.008900887,-2.059378,-0.8768929,-0.3671222,-0.3102906,0.0,0.0,0.0,0.0,0.0,0.0,0.0,2.117929,0.07503016,0.6853559,0.8442535,0.004655136,-2.06111,0.05721982,-0.7287285,0.08099306,0.6775845,11.27899,265.9865,1.540471,0.434738,0.004612308,-0.9005447,-0.4135079,-0.002702853,-0.0518761,-0.9081471,-0.7780904,-2.754077,-0.5796001,-0.4007999,1.915,-0.07521045,0.02636385,0.9968192,-0.1931547,0.980332,-0.04050139,-0.9782816,-0.1955864,-0.06863892,static,70.51356,49.7956,-16.83913,-11.82109,-6.142430125062005,3.7808789741039663,106.89765636716363,18.91668110645737,88.28179392625054
1172,05/05/2023 11:22:02.506081,1354,True,True,True,True,Eyes,0.8925489,0.00853079,-2.059522,-0.8762654,-0.3664648,-0.3128298,0.0,0.0,0.0,0.0,0.0,0.0,0.0,2.124747,0.07122188,0.6507881,0.8332768,0.003508693,-2.061257,0.05654962,-0.7326462,0.07977773,0.6735483,11.13232,265.327,1.43704,0.4311807,0.004547723,-0.9022537,-0.3886974,-0.002540682,-0.04876354,-0.9131582,-0.7736276,-2.775278,-0.5795999,-0.4007999,1.915,-0.08626989,0.02460659,0.995968,-0.1903301,0.9808753,-0.04071989,-0.9779224,-0.1930755,-0.07993653,static,70.35326,49.51454,-16.83912,-11.82108,-6.137477899349999,3.7706872433683953,106.60473446732468,18.911064206484525,88.436007326793
1173,05/05/2023 11:22:02.525988,1355,True,True,True,True,Eyes,0.8890035,0.008110642,-2.059655,-0.8755558,-0.365691,-0.3157089,0.0,0.0,0.0,0.0,0.0,0.0,0.0,2.131456,0.06440351,0.6149468,0.8223798,0.002398031,-2.061333,0.05509469,-0.7368307,0.0784847,0.6692423,10.91796,264.629,1.392396,0.4278522,0.004473268,-0.9038373,-0.3653756,-0.002388241,-0.04583772,-0.9181637,-0.7675673,-2.797175,-0.5796,-0.4007999,1.915,-0.09815852,0.02385966,0.9948848,-0.1862415,0.9816095,-0.04191646,-0.9775884,-0.1894033,-0.09190962,static,70.17165,49.19525,-16.83913,-11.82109,-6.13182193110039,3.759096570536797,106.2726191603651,18.904725855062217,88.61113121534497
1174,05/05/2023 11:22:02.546239,1356,True,True,True,True,Eyes,0.8851703,0.007632795,-2.059815,-0.8747669,-0.3649123,-0.3187818,0.0,0.0,0.0,0.0,0.0,0.0,0.0,2.137473,0.05636434,0.5780435,0.8111103,0.0007455163,-2.061117,0.05320494,-0.7411125,0.0772412,0.6647974,10.67453,263.9157,1.389993,0.4247182,0.004387714,-0.9053146,-0.3434531,-0.002244946,-0.04308746,-0.9233774,-0.7615345,-2.818932,-0.5795999,-0.4008002,1.915,-0.1104277,0.0238378,0.9935983,-0.1815612,0.982406,-0.04374782,-0.97716,-0.1852298,-0.1041568,moving,69.97729,48.86003,-16.83912,-11.82109,-6.126108774496746,3.7470220968356154,105.92113750211757,18.89800846061294,88.79801306019333
1175,05/05/2023 11:22:02.556350,1357,True,True,True,True,Eyes,0.8810437,0.007106952,-2.059953,-0.8738184,-0.3641856,-0.3221959,0.0,0.0,0.0,0.0,0.0,0.0,0.0,2.143483,0.04894434,0.539777,0.8002815,-0.001173979,-2.061024,0.05193976,-0.7455163,0.0770978,0.6599725,10.57445,263.1653,1.417708,0.4217483,0.00428959,-0.9067024,-0.3228459,-0.002110249,-0.04050221,-0.9265149,-0.7580217,-2.840734,-0.5786988,-0.3981329,1.915513,-0.1234771,0.02432099,0.9920494,-0.1792087,0.9827164,-0.04639769,-0.9760316,-0.1835129,-0.1169844,moving,69.75997,48.50073,-16.81017,-11.74156,-6.1205340363809455,3.734310727510181,105.46811197733511,18.808798255319353,89.05914130948032
1176,05/05/2023 11:22:02.576366,1358,True,True,True,True,Eyes,0.8766353,0.006529884,-2.060113,-0.8727707,-0.3634594,-0.3258352,0.0,0.0,0.0,0.0,0.0,0.0,0.0,2.148654,0.04105476,0.5000229,0.789078,-0.002850153,-2.060527,0.05105716,-0.7499982,0.0777562,0.6548663,10.574,262.3884,1.472121,0.4189157,0.004178014,-0.9080151,-0.3034751,-0.001983634,-0.03807208,-0.9280386,-0.7576789,-2.862491,-0.5778028,-0.3954808,1.916022,-0.1370867,0.02525428,0.9902371,-0.1784254,0.9826943,-0.0497628,-0.9743571,-0.1835052,-0.1302083,moving,69.52767,48.12431,-16.78141,-11.66248,-6.114975755472695,3.721112135277201,104.99389291263802,18.71971491442611,89.33367655402735
1177,05/05/2023 11:22:02.596401,1359,True,True,True,True,Eyes,0.8719545,0.005900248,-2.060243,-0.8715731,-0.362761,-0.3297953,0.0,0.0,0.0,0.0,0.0,0.0,0.0,2.153276,0.03012528,0.459554,0.7777101,-0.00468554,-2.060059,0.0489312,-0.7546634,0.07761189,0.6496655,10.41167,261.5915,1.57252,0.4161959,0.004052029,-0.9092656,-0.2852666,-0.001864616,-0.03578775,-0.9312425,-0.7527683,-2.884713,-0.5768858,-0.3927683,1.916543,-0.1510808,0.02699038,0.9881529,-0.1746967,0.9831643,-0.05356388,-0.9729623,-0.1807195,-0.1438221,moving,69.27381,47.72522,-16.75197,-11.5816,-6.10954439808451,3.707312517258344,104.48795970407691,18.62825994699143,89.62885240293231
1178,05/05/2023 11:22:02.606274,1360,True,True,True,True,Eyes,0.8670097,0.005291275,-2.060343,-0.870134,-0.3623723,-0.3339958,0.0,0.0,0.0,0.0,0.0,0.0,0.0,2.157013,0.01883925,0.4188669,0.7664419,-0.006578267,-2.059377,0.04712279,-0.7592726,0.07829997,0.6443241,10.34802,260.7911,1.709283,0.4135675,0.003910701,-0.9104647,-0.2681506,-0.001752739,-0.03364049,-0.9327371,-0.7512586,-2.906258,-0.5759273,-0.3899336,1.917088,-0.1652515,0.02934306,0.9858148,-0.1724592,0.9832972,-0.05817734,-0.971056,-0.1796267,-0.1574308,moving,69.001,47.33347,-16.7212,-11.49707,-6.105653448712972,3.694371593329477,103.96791817446187,18.532936255922394,89.93999680346109
1179,05/05/2023 11:22:02.626035,1361,True,True,True,True,Eyes,0.8617839,0.004907006,-2.060416,-0.868409,-0.3623253,-0.3385056,0.0,0.0,0.0,0.0,0.0,0.0,0.0,2.160393,0.00588505,0.3765366,0.7551331,-0.006677978,-2.058844,0.04656108,-0.7639409,0.08105282,0.6384802,10.56179,259.9502,1.886468,0.4110115,0.003756461,-0.911622,-0.2520616,-0.001647575,-0.03162206,-0.9296462,-0.7574317,-2.928199,-0.5750816,-0.3874315,1.917569,-0.1803503,0.03236142,0.98307,-0.1746411,0.9825251,-0.06438247,-0.9679744,-0.1832958,-0.1715471,moving,68.70418,46.94661,-16.69407,-11.42245,-6.103483124029209,3.682294324933469,103.43987755380465,18.447596903095388,90.26203727041647
1180,05/05/2023 11:22:02.646029,1362,True,True,True,True,Eyes,0.8562554,0.004648425,-2.06047,-0.8667844,-0.3617339,-0.3432686,0.0,0.0,0.0,0.0,0.0,0.0,0.0,2.162693,-0.01058851,0.3330829,0.7430815,-0.001604268,-2.058185,0.04740554,-0.7685999,0.0852826,0.6322451,11.0135,259.0778,2.041498,0.4085107,0.003600653,-0.9127461,-0.2369379,-0.001548721,-0.02972474,-0.9234773,-0.7655454,-2.950224,-0.5741791,-0.384759,1.918082,-0.1960376,0.03496723,0.9799727,-0.1807108,0.9809592,-0.07115254,-0.9638012,-0.1910402,-0.185986,moving,68.39518,46.50034,-16.66511,-11.34275,-6.098942286326654,3.66750689579425,102.86435726544059,18.35624450238152,90.60554915877127
1181,05/05/2023 11:22:02.656858,1363,True,True,True,True,Eyes,0.8505397,0.004396659,-2.060478,-0.8649145,-0.3615426,-0.3481519,0.0,0.0,0.0,0.0,0.0,0.0,0.0,2.163499,-0.03016439,0.2916827,0.73024,0.001058294,-2.057539,0.04149698,-0.7735887,0.08075269,0.6271505,10.19439,258.2562,2.159406,0.4060475,0.003449023,-0.9138451,-0.2227216,-0.001455797,-0.02794125,-0.9349973,-0.7354842,-2.974109,-0.5732504,-0.3820096,1.91861,-0.2099207,0.03708499,0.977015,-0.1654914,0.983514,-0.07288902,-0.963611,-0.1769884,-0.2003227,moving,68.07386,46.08094,-16.63531,-11.26075,-6.096560959868425,3.654401824565317,102.29229146981213,18.26272119046634,90.95685339945838
1182,05/05/2023 11:22:02.676176,1364,True,True,True,True,Eyes,0.8446292,0.004241963,-2.060444,-0.8625635,-0.3623347,-0.3531257,0.0,0.0,0.0,0.0,0.0,0.0,0.0,2.162996,-0.04273717,0.2581658,0.7199636,0.001048274,-2.056376,0.04226725,-0.7768515,0.08577467,0.6223809,10.7125,257.6253,2.397223,0.4036114,0.003301463,-0.9149242,-0.2093583,-0.001368449,-0.02626478,-0.9295737,-0.7516518,-2.987506,-0.5723643,-0.3793881,1.919114,-0.221711,0.04109829,0.974246,-0.1724398,0.9817124,-0.0806557,-0.9597442,-0.185881,-0.2105694,moving,67.73625,45.73744,-16.6069,-11.18257,-6.099150681270411,3.645574867004574,101.75290900177055,18.173790907296592,91.30786134789462
1183,05/05/2023 11:22:02.696234,1365,True,True,True,True,Eyes,0.8385084,0.004189343,-2.060402,-0.8600131,-0.3633517,-0.358264,0.0,0.0,0.0,0.0,0.0,0.0,0.0,2.162388,-0.05979548,0.2226167,0.7093111,0.003437193,-2.055705,0.04782175,-0.7797143,0.09888946,0.616425,12.30807,256.9578,2.777352,0.4011923,0.003161915,-0.915988,-0.1967968,-0.001286343,-0.02468889,-0.909231,-0.8004482,-2.997799,-0.5714619,-0.3767197,1.919627,-0.2354671,0.04734124,0.9707288,-0.1964904,0.9758679,-0.095254,-0.9518126,-0.2131681,-0.2204827,moving,67.38438,45.40396,-16.57797,-11.10298,-6.103135213348926,3.6376228177362977,101.20627690853021,18.08334966862862,91.6698181840432
1184,05/05/2023 11:22:02.706313,1366,True,True,True,True,Eyes,0.8322175,0.0042498,-2.060332,-0.857177,-0.3647304,-0.3636197,0.0,0.0,0.0,0.0,0.0,0.0,0.0,2.161298,-0.08002812,0.1854086,0.6980787,0.00588489,-2.055393,0.04690969,-0.7835566,0.1027965,0.6109596,12.61587,256.2273,3.060199,0.3987799,0.003034147,-0.9170412,-0.184989,-0.001209162,-0.02320755,-0.9053327,-0.8075408,-3.014416,-0.570496,-0.373859,1.920177,-0.249056,0.05209624,0.9670871,-0.1991218,0.9744647,-0.1037739,-0.9477985,-0.2184136,-0.2323227,moving,67.01305,45.08737,-16.547,-11.01766,-6.109191724034917,3.631028317988413,100.64818104319323,17.986992829357977,92.04852964451514
1185,05/05/2023 11:22:02.726307,1367,True,True,True,True,Eyes,0.8257259,0.004429322,-2.060278,-0.8541558,-0.3662448,-0.3691646,0.0,0.0,0.0,0.0,0.0,0.0,0.0,2.160002,-0.09186837,0.1470122,0.6876861,0.00874726,-2.054914,0.05020524,-0.7872181,0.1092317,0.6048436,13.45672,255.4416,3.129326,0.396367,0.002922089,-0.9180871,-0.1738897,-0.001136612,-0.0218151,-0.891879,-0.82904,-3.031848,-0.5696361,-0.3713177,1.920664,-0.2632875,0.0530912,0.9632554,-0.211181,0.9710957,-0.1112456,-0.9413194,-0.2327109,-0.2444655,moving,66.62608,44.77252,-16.51945,-10.94188,-6.116293299629227,3.624922877968776,100.08633036704313,17.90020713338448,92.43291186268819
1186,05/05/2023 11:22:02.745897,1368,True,True,True,True,Eyes,0.8190469,0.004654233,-2.060188,-0.8512399,-0.367075,-0.3750288,0.0,0.0,0.0,0.0,0.0,0.0,0.0,2.158628,-0.09708391,0.1105938,0.6763149,0.01182076,-2.055185,0.05236604,-0.7906883,0.1110111,0.5997888,13.79021,254.7249,2.972156,0.3939441,0.002829516,-0.9191297,-0.1634563,-0.001068415,-0.02050619,-0.8875691,-0.832239,-3.05122,-0.568711,-0.3685781,1.921191,-0.2750227,0.05035605,0.9601182,-0.2159769,0.9698687,-0.1127333,-0.9368654,-0.2383675,-0.2558602,moving,66.22326,44.38593,-16.48981,-10.86017,-6.120602043673518,3.615574059358175,99.46649442920413,17.80639322584975,92.84446329768748
1187,05/05/2023 11:22:02.756465,1369,True,True,True,True,Eyes,0.8122388,0.004853866,-2.060124,-0.8481797,-0.3680288,-0.3809802,0.0,0.0,0.0,0.0,0.0,0.0,0.0,2.156953,-0.09598552,0.07769322,0.6654948,0.0130084,-2.055394,0.05242409,-0.7940127,0.1081302,0.5959057,13.54406,254.0958,2.689592,0.3915055,0.002756582,-0.9201713,-0.1536489,-0.001004311,-0.01927582,-0.8921838,-0.8183336,-3.071154,-0.5678262,-0.3659595,1.921694,-0.2842965,0.04561999,0.9576505,-0.2121215,0.9711191,-0.1092338,-0.934976,-0.2341931,-0.2664088,moving,65.81162,44.00938,-16.46147,-10.78207,-6.125974861945722,3.606961845172102,98.84818830535336,17.716283390997123,93.25967403805907
1188,05/05/2023 11:22:02.776349,1370,True,True,True,True,Eyes,0.8052832,0.005056842,-2.060096,-0.8451195,-0.368768,-0.3870185,0.0,0.0,0.0,0.0,0.0,0.0,0.0,2.155425,-0.09186704,0.04775715,0.6555483,0.01263889,-2.055888,0.05555351,-0.7965387,0.10919,0.5920452,13.87051,253.5378,2.407986,0.3890461,0.002700199,-0.9212139,-0.14443,-0.0009440519,-0.01811927,-0.8889936,-0.8236794,-3.087015,-0.5669241,-0.3632911,1.922206,-0.2927925,0.04078977,0.9553055,-0.2177918,0.9699827,-0.1081677,-0.931042,-0.2397285,-0.27512,moving,65.39481,43.61671,-16.43258,-10.70249,-6.130818232223593,3.597662037349639,98.21556517605599,17.624433148652887,93.68324956622709
1189,05/05/2023 11:22:02.796390,1371,True,True,True,True,Eyes,0.7981625,0.005315701,-2.060121,-0.8420296,-0.3693526,-0.3931472,0.0,0.0,0.0,0.0,0.0,0.0,0.0,2.153534,-0.08998691,0.01842403,0.6450151,0.01293561,-2.05668,0.05867263,-0.7988781,0.1107578,0.5882891,14.24075,253.0056,2.162286,0.386561,0.002658886,-0.9222596,-0.1357642,-0.0008874089,-0.01703211,-0.8860877,-0.8300558,-3.101847,-0.5660284,-0.3606406,1.922715,-0.3009468,0.03657064,0.9529393,-0.2240597,0.9685804,-0.107931,-0.9269455,-0.2459968,-0.2832972,moving,64.97193,43.2126,-16.40391,-10.62344,-6.1354322997719,3.587935749886043,97.57226316216715,17.532964238386242,94.11382533789146
1190,05/05/2023 11:22:02.806056,1372,True,True,True,True,Eyes,0.7908866,0.005616438,-2.060221,-0.8391517,-0.3691228,-0.3994656,0.0,0.0,0.0,0.0,0.0,0.0,0.0,2.151303,-0.09423025,-0.01217127,0.6339124,0.01451271,-2.05793,0.05819462,-0.8017912,0.1091741,0.5846584,14.07061,252.4487,2.028771,0.3840445,0.002633686,-0.9233105,-0.1276183,-0.0008341643,-0.01601019,-0.8907611,-0.819389,-3.119183,-0.5650939,-0.3578773,1.923245,-0.3095759,0.03433916,0.9502543,-0.2209789,0.9693888,-0.1070216,-0.924841,-0.2431175,-0.2925112,moving,64.54392,42.73922,-16.37401,-10.54103,-6.136729164893135,3.574817184205918,96.88393280388344,17.43728937147917,94.56233455292708
1191,05/05/2023 11:22:02.826034,1373,True,True,True,True,Eyes,0.7834612,0.005906711,-2.060387,-0.8363202,-0.3685133,-0.4059144,0.0,0.0,0.0,0.0,0.0,0.0,0.0,2.148557,-0.1040522,-0.04377294,0.6227946,0.01570516,-2.059349,0.05392307,-0.8052363,0.1048822,0.5811082,13.39011,251.8755,2.065026,0.3814913,0.002624911,-0.9243684,-0.1199612,-0.0007841145,-0.01504958,-0.901725,-0.7950389,-3.1382,-0.5642409,-0.3553516,1.923732,-0.3188114,0.03505415,0.9471699,-0.2087374,0.9721841,-0.1062396,-0.9245476,-0.2315801,-0.3026263,moving,64.11003,42.23504,-16.3467,-10.4657,-6.136770582395478,3.5602824589498283,96.18031710719454,17.34851125172516,95.01643003532823
1192,05/05/2023 11:22:02.846377,1374,True,True,True,True,Eyes,0.7759094,0.006162532,-2.060637,-0.8335333,-0.3675304,-0.4124848,0.0,0.0,0.0,0.0,0.0,0.0,0.0,2.145318,-0.1176381,-0.07810712,0.611775,0.01566019,-2.061023,0.04859904,-0.8090205,0.1012067,0.5769587,12.69939,251.2391,2.241156,0.3788977,0.002630473,-0.9254346,-0.1127635,-0.0007370676,-0.0141466,-0.9111062,-0.7726502,-3.158226,-0.5633426,-0.3526932,1.924242,-0.3295138,0.03814893,0.9433796,-0.1954194,0.9747906,-0.1076773,-0.9237055,-0.2198358,-0.3137519,moving,63.67089,41.70153,-16.31796,-10.38642,-6.135595163749434,3.544390216167113,95.45349998572604,17.255376754431587,95.48326556732225
1193,05/05/2023 11:22:02.856419,1375,True,True,True,True,Eyes,0.7682519,0.006363836,-2.060947,-0.8305996,-0.3666509,-0.4191317,0.0,0.0,0.0,0.0,0.0,0.0,0.0,2.141495,-0.1320186,-0.1133988,0.6009909,0.01504106,-2.062735,0.04476768,-0.8126898,0.1001047,0.5722851,12.35381,250.5709,2.45321,0.3762599,0.002647399,-0.9265102,-0.1059977,-0.0006928435,-0.0132978,-0.9148083,-0.7618162,-3.177346,-0.5624176,-0.349958,1.924767,-0.3409713,0.04181239,0.9391433,-0.1873413,0.9759498,-0.1114684,-0.9212175,-0.2139479,-0.3249376,moving,63.22388,41.179,-16.28838,-10.30486,-6.135475139522683,3.5292580641924824,94.72479786627787,17.159962113009477,95.95756113090806
1194,05/05/2023 11:22:02.876216,1376,True,True,True,True,Eyes,0.7605011,0.006527606,-2.061311,-0.8274351,-0.3661421,-0.425783,0.0,0.0,0.0,0.0,0.0,0.0,0.0,2.137133,-0.1469108,-0.1481657,0.5907471,0.01394288,-2.064388,0.04266568,-0.8161077,0.1016486,0.5672879,12.37563,249.8981,2.681011,0.3735765,0.002672093,-0.9275953,-0.09963787,-0.0006512729,-0.01249994,-0.9129304,-0.7632042,-3.194705,-0.5615225,-0.3473084,1.925277,-0.3527284,0.0456885,0.9346098,-0.1849676,0.9756944,-0.117505,-0.9172621,-0.2143199,-0.3357043,moving,62.77048,40.69312,-16.25975,-10.22584,-6.137665475883387,3.516153893551533,94.0133912872762,17.067483449055064,96.4307362311653
1195,05/05/2023 11:22:02.896302,1377,True,True,True,True,Eyes,0.7526766,0.006669901,-2.061752,-0.8240327,-0.3659725,-0.4324746,0.0,0.0,0.0,0.0,0.0,0.0,0.0,2.132683,-0.1601676,-0.1820705,0.580792,0.01323495,-2.066313,0.04259161,-0.819231,0.104939,0.5621693,12.69881,249.2323,2.832188,0.3708464,0.002702087,-0.9286901,0.0,0.0,0.0,-0.9068829,-0.7729101,-3.211096,-0.5606146,-0.3446235,1.925792,-0.3643031,0.04820225,0.930032,-0.1877717,0.9743475,-0.1240512,-0.912154,-0.2198259,-0.3459068,moving,62.3083,40.23886,-16.23073,-10.14578,-6.142048342350281,3.5048830448942483,93.31125967036614,16.974159748118296,96.90780704669518
1196,05/05/2023 11:22:02.906128,1378,True,True,True,True,Eyes,0.7447625,0.006819969,-2.062243,-0.82041,-0.3660233,-0.4392658,0.0,0.0,0.0,0.0,0.0,0.0,0.0,2.128434,-0.1691753,-0.2150731,0.5711353,0.01292449,-2.068513,0.0444072,-0.8221008,0.1087475,0.5570928,13.19586,248.5747,2.834796,0.3680691,0.002735877,-0.9297941,0.0,0.0,0.0,-0.8982742,-0.7861649,-3.22744,-0.5596708,-0.3418309,1.926328,-0.375351,0.04815047,0.925631,-0.1941792,0.972404,-0.1293248,-0.9063144,-0.2282806,-0.3556429,moving,61.83441,39.80314,-16.20057,-10.06251,-6.14811698433966,3.494855197220554,92.6069174172367,16.877617211053987,97.39449759956258
1197,05/05/2023 11:22:02.925998,1379,True,True,True,True,Eyes,0.7367799,0.006970044,-2.062831,-0.8166203,-0.3662225,-0.446108,0.0,0.0,0.0,0.0,0.0,0.0,0.0,2.124102,-0.1771715,-0.2481101,0.5613878,0.01326417,-2.071093,0.04643008,-0.8249427,0.1120651,0.5520465,13.65987,247.9134,2.779805,0.3652439,0.002773451,-0.9309074,0.0,0.0,0.0,-0.8897563,-0.7974116,-3.244548,-0.5588138,-0.339294,1.926815,-0.3861778,0.04712596,0.9212196,-0.2003346,0.9705713,-0.1336314,-0.9004069,-0.2361577,-0.3653722,moving,61.35285,39.38352,-16.17319,-9.986864,-6.155497135336212,3.485842764911302,91.91148837000223,16.788924858489974,97.88047545919386
1198,05/05/2023 11:22:02.946278,1380,True,True,True,True,Eyes,0.7287325,0.007117786,-2.063489,-0.8126611,-0.3665208,-0.4530392,0.0,0.0,0.0,0.0,0.0,0.0,0.0,2.119632,-0.1842355,-0.2809079,0.5517186,0.01344511,-2.073914,0.04740199,-0.8278516,0.113816,0.5472302,13.90573,247.2633,2.721133,0.3623705,0.002814427,-0.9320295,0.0,0.0,0.0,-0.8841152,-0.8018709,-3.262538,-0.5579225,-0.336656,1.927322,-0.3965845,0.04608349,0.9168407,-0.2030507,0.9695979,-0.1365659,-0.8952603,-0.2403251,-0.3751702,moving,60.86138,38.97379,-16.14471,-9.908205,-6.163999978729979,3.477587222221902,91.21067553893089,16.697125679145383,98.37589839975415
1199,05/05/2023 11:22:02.956369,1381,True,True,True,True,Eyes,0.7206448,0.007235445,-2.064245,-0.8085496,-0.366924,-0.4600156,0.0,0.0,0.0,0.0,0.0,0.0,0.0,2.114691,-0.1916762,-0.3140867,0.5423402,0.0135093,-2.076774,0.04817901,-0.8308398,0.1154568,0.5422673,14.12889,246.5937,2.66909,0.3594489,0.002858367,-0.9331601,0.0,0.0,0.0,-0.8779745,-0.8056885,-3.280919,-0.5569916,-0.3339002,1.927852,-0.4072499,0.04515886,0.9121997,-0.205275,0.968697,-0.1396005,-0.8899492,-0.2441041,-0.3852318,moving,60.36275,38.57705,-16.11497,-9.826037,-6.173620247418224,3.470175832531938,90.50801338847279,16.601798414362964,98.87846603441233
1200,05/05/2023 11:22:02.976126,1382,True,True,True,True,Eyes,0.7125238,0.007353338,-2.06509,-0.8043429,-0.3674701,-0.4669028,0.0,0.0,0.0,0.0,0.0,0.0,0.0,2.10931,-0.2009553,-0.3471627,0.5332466,0.01292595,-2.079801,0.04816503,-0.8338633,0.1170473,0.5372638,14.29754,245.9251,2.687987,0.3564799,0.002903589,-0.9342983,0.0,0.0,0.0,-0.872104,-0.8091828,-3.299092,-0.5560881,-0.3312254,1.928367,-0.4180559,0.04544443,0.9072841,-0.2060966,0.9679601,-0.1434482,-0.8847337,-0.2469575,-0.3952956,moving,59.8658,38.20407,-16.08611,-9.746286,-6.184383191155483,3.4639300524503707,89.82165258541414,16.50920961007545,99.3754024146029
1201,05/05/2023 11:22:03.001102,1383,True,True,True,True,Eyes,0.7043764,0.007451193,-2.066033,-0.7999619,-0.3681768,-0.4738215,0.0,0.0,0.0,0.0,0.0,0.0,0.0,2.103203,-0.2127985,-0.3801074,0.5243388,0.01305578,-2.082817,0.04862344,-0.8368287,0.11974,0.5319924,14.60408,245.2396,2.725966,0.3534645,0.002949975,-0.935443,0.0,0.0,0.0,-0.8637109,-0.8164361,-3.31652,-0.5551908,-0.3285723,1.928877,-0.4292397,0.04602257,0.9020172,-0.2087805,0.9665962,-0.1486691,-0.8787286,-0.2521383,-0.4052929,moving,59.36153,37.84853,-16.05747,-9.667193,-6.196506519892775,3.45875888782515,89.13904583970331,16.417344904627818,99.87575202103228
1202,05/05/2023 11:22:03.005910,1384,True,True,True,True,Eyes,0.6962181,0.007505815,-2.067063,-0.7955444,-0.3688703,-0.4806702,0.0,0.0,0.0,0.0,0.0,0.0,0.0,2.097033,-0.2230279,-0.412605,0.5155145,0.01270736,-2.086052,0.04915589,-0.8397067,0.1220774,0.5268526,14.88111,244.5673,2.732881,0.3504035,0.002996484,-0.9365937,0.0,0.0,0.0,-0.8557819,-0.8228596,-3.333986,-0.5542583,-0.3258131,1.929407,-0.4400204,0.04608054,0.8968048,-0.2111866,0.9653616,-0.1532226,-0.8728015,-0.2568143,-0.4150472,moving,58.85951,37.50294,-16.02771,-9.58494,-6.209014049274297,3.4540362409859777,88.46108840740544,16.32242909575024,100.3760940433964
1203,05/05/2023 11:22:03.026243,1385,True,True,True,True,Eyes,0.6880528,0.007541237,-2.068174,-0.7909093,-0.3699221,-0.4874629,0.0,0.0,0.0,0.0,0.0,0.0,0.0,2.090436,-0.2344784,-0.4430599,0.5070518,0.01172246,-2.089011,0.04964989,-0.8423271,0.1250353,0.5219063,15.21646,243.9367,2.784149,0.3472995,0.003041107,-0.937749,0.0,0.0,0.0,-0.8474058,-0.8322846,-3.349304,-0.553387,-0.3232354,1.929902,-0.4502974,0.04687053,0.8916476,-0.2141563,0.9638021,-0.1588161,-0.8668156,-0.2624665,-0.42396,moving,58.35313,37.19386,-15.9999,-9.508101,-6.22370079326588,3.451282464533185,87.80345227510375,16.233289583770905,100.87055451998083
1204,05/05/2023 11:22:03.046075,1386,True,True,True,True,Eyes,0.679862,0.007567357,-2.06936,-0.7862856,-0.3707935,-0.4942338,0.0,0.0,0.0,0.0,0.0,0.0,0.0,2.083195,-0.2511419,-0.4716387,0.4986662,0.0113681,-2.091989,0.05071341,-0.8446169,0.1300703,0.5168484,15.79174,243.3307,2.906144,0.344154,0.003083142,-0.9389078,0.0,0.0,0.0,-0.8362504,-0.8489756,-3.361753,-0.5524753,-0.3205377,1.93042,-0.4605919,0.04878649,0.8862703,-0.2201201,0.9610197,-0.1672969,-0.8598851,-0.2721415,-0.431899,moving,57.84785,36.87866,-15.97083,-9.427697,-6.237999731127071,3.4481892013574904,87.14055436795115,16.140521382935475,101.3688550639984
1205,05/05/2023 11:22:03.056315,1387,True,True,True,True,Eyes,0.6716664,0.007583137,-2.070641,-0.7816031,-0.3716231,-0.5009919,0.0,0.0,0.0,0.0,0.0,0.0,0.0,2.076163,-0.2652273,-0.5003116,0.4901282,0.01110728,-2.095414,0.04970786,-0.8471231,0.132077,0.5123156,15.94433,242.7555,3.047162,0.340968,0.003122409,-0.9400694,0.0,0.0,0.0,-0.83145,-0.8527273,-3.376428,-0.5515735,-0.3178695,1.930933,-0.4701238,0.05111291,0.8811194,-0.2195476,0.9601696,-0.1728388,-0.8548583,-0.2747032,-0.4401768,moving,57.34095,36.56709,-15.94206,-9.348172,-6.252587701878856,3.445322079839795,86.47896182996617,16.048656148941348,101.868167050786
1206,05/05/2023 11:22:03.076110,1388,True,True,True,True,Eyes,0.6634575,0.007599566,-2.072019,-0.7770528,-0.3720609,-0.5077004,0.0,0.0,0.0,0.0,0.0,0.0,0.0,2.069373,-0.2754897,-0.5285704,0.4818004,0.01086841,-2.098889,0.04823219,-0.8496715,0.1324054,0.5081348,15.90356,242.2,3.135059,0.3377434,0.003158691,-0.9412326,0.0,0.0,0.0,-0.8293402,-0.85002,-3.392277,-0.5506681,-0.3151896,1.931448,-0.4789455,0.05259652,0.8762676,-0.2165225,0.9602849,-0.1759852,-0.8507227,-0.2740191,-0.4485359,moving,56.84074,36.23529,-15.91319,-9.268304,-6.265707501831043,3.4412545544117066,85.81207023118446,15.956403015733093,102.3674815767757
1207,05/05/2023 11:22:03.096228,1389,True,True,True,True,Eyes,0.6552343,0.007607459,-2.073497,-0.7725517,-0.3722531,-0.5143846,0.0,0.0,0.0,0.0,0.0,0.0,0.0,2.062981,-0.2844818,-0.5550952,0.4733055,0.01084474,-2.102573,0.0467465,-0.8519797,0.1323324,0.5044141,15.82192,241.7012,3.208344,0.3344811,0.003192298,-0.9423966,0.0,0.0,0.0,-0.8290987,-0.8457036,-3.407352,-0.5497633,-0.3125103,1.931963,-0.4867625,0.05384656,0.8718733,-0.2131549,0.9606057,-0.1783299,-0.847129,-0.2726483,-0.4561092,moving,56.34331,35.89274,-15.88434,-9.188457,-6.278094398579148,3.4365689954830025,85.1419270834018,15.86414939230714,102.86789965598496
1208,05/05/2023 11:22:03.106171,1390,True,True,True,True,Eyes,0.6470138,0.007573895,-2.075053,-0.7681821,-0.3720942,-0.5210011,0.0,0.0,0.0,0.0,0.0,0.0,0.0,2.057011,-0.2900234,-0.5810184,0.4647408,0.01059743,-2.106394,0.04389087,-0.8543361,0.1300156,0.5012777,15.43572,241.2504,3.291966,0.3311824,0.003223086,-0.9435608,0.0,0.0,0.0,-0.833896,-0.8322539,-3.423528,-0.5488446,-0.3097942,1.932484,-0.4935885,0.05535275,0.8679321,-0.205343,0.962339,-0.1781511,-0.8451062,-0.2661571,-0.4636332,moving,55.85386,35.53408,-15.85507,-9.107528,-6.28915035543228,3.4308595732432634,84.46918850427393,15.770795210869606,103.36745918253368
1209,05/05/2023 11:22:03.126021,1391,True,True,True,True,Eyes,0.6388187,0.00750006,-2.076711,-0.7637799,-0.3719715,-0.52752,0.0,0.0,0.0,0.0,0.0,0.0,0.0,2.051408,-0.2970324,-0.604543,0.4568831,0.00947568,-2.110246,0.04161705,-0.8563379,0.1291568,0.4982692,15.22894,240.8432,3.412455,0.3278491,0.003249412,-0.9447241,0.0,0.0,0.0,-0.8364875,-0.8256133,-3.437226,-0.5479615,-0.30718,1.932986,-0.4999919,0.05743315,0.8641237,-0.1999862,0.9631731,-0.1797307,-0.8426231,-0.2626766,-0.470093,moving,55.36832,35.18891,-15.82693,-9.029636,-6.300674782825105,3.425736229772646,83.80956647612858,15.680747298676282,103.86054128717628
1210,05/05/2023 11:22:03.146347,1392,True,True,True,True,Eyes,0.6306543,0.007383846,-2.078494,-0.7593492,-0.3717509,-0.5340319,0.0,0.0,0.0,0.0,0.0,0.0,0.0,2.045667,-0.3066891,-0.6271479,0.4492863,0.008434083,-2.114284,-0.04025593,0.8581271,-0.1299968,-0.4950742,15.24618,240.4377,3.543241,0.3244836,0.003269846,-0.9458854,0.0,0.0,0.0,-0.8359548,-0.8258826,-3.449386,-0.547067,-0.3045312,1.933496,-0.5065624,0.05962669,0.8601393,-0.1978055,0.9629605,-0.1832482,-0.8392068,-0.2629669,-0.4760051,moving,54.88221,34.84259,-15.79843,-8.950718,-6.3121737088933845,3.420568985537684,83.14810097887062,15.589669659716781,104.35634831204871
1211,05/05/2023 11:22:03.156451,1393,True,True,True,True,Eyes,0.6225165,0.007236287,-2.080381,-0.7548848,-0.3715962,-0.5404305,0.0,0.0,0.0,0.0,0.0,0.0,0.0,2.040042,-0.3142036,-0.6502202,0.4415321,0.007321993,-2.118555,-0.03881671,0.8599572,-0.1301051,-0.4919755,15.18659,240.0324,3.639132,0.321088,0.003282998,-0.9470434,0.0,0.0,0.0,-0.8365124,-0.8234438,-3.462511,-0.5461416,-0.3017958,1.934021,-0.5129071,0.06125557,0.8562561,-0.1947784,0.9631318,-0.1855758,-0.8360551,-0.2619633,-0.482066,moving,54.4007,34.51214,-15.76897,-8.869235,-6.324223745946718,3.4160912158143417,82.49682590742219,15.496208311468605,104.84870406325376
1212,05/05/2023 11:22:03.176522,1394,True,True,True,True,Eyes,0.6144002,0.007049329,-2.082361,-0.7503833,-0.3714085,-0.5467912,0.0,0.0,0.0,0.0,0.0,0.0,0.0,2.034854,-0.3218641,-0.6715019,0.4340133,0.006431896,-2.122906,-0.03832042,0.8615059,-0.1311028,-0.4890312,15.2702,239.6583,3.696795,0.3176646,0.003288126,-0.9481972,0.0,0.0,0.0,-0.8356274,-0.824978,-3.474188,-0.5452511,-0.2991584,1.934528,-0.5187603,0.06220015,0.8526542,-0.1942532,0.9626873,-0.1884118,-0.8325586,-0.2633713,-0.4873213,moving,53.91983,34.18635,-15.74061,-8.790674,-6.3364789558677215,3.4118341025131667,81.85109341291768,15.405806849597715,105.33872404295481
1213,05/05/2023 11:22:03.196036,1395,True,True,True,True,Eyes,0.6063348,0.006802469,-2.084452,-0.7459065,-0.3712271,-0.5530045,0.0,0.0,0.0,0.0,0.0,0.0,0.0,2.030596,-0.3270732,-0.6916571,0.4267238,0.005257567,-2.127573,-0.03752834,0.8629487,-0.1312165,-0.4865114,15.24709,239.3272,3.738433,0.3142151,0.003284194,-0.9493458,0.0,0.0,0.0,-0.8368236,-0.8233144,-3.486072,-0.5443497,-0.2964928,1.93504,-0.5237964,0.06290662,0.8495175,-0.1924467,0.9627477,-0.1899503,-0.8298201,-0.2629822,-0.4921777,moving,53.44728,33.87312,-15.71192,-8.711287,-6.348884934824953,3.408002817886468,81.21838870712499,15.314816725041933,105.82169671802164
1214,05/05/2023 11:22:03.207243,1396,True,True,True,True,Eyes,0.5983587,0.006518595,-2.0867,-0.73966,-0.374105,-0.5594181,0.0,0.0,0.0,0.0,0.0,0.0,0.0,2.027256,-0.3314251,-0.7096133,0.4198679,0.003572116,-2.132337,-0.03692946,0.8641258,-0.1314862,-0.4843908,15.2492,239.0519,3.777238,0.3107423,0.003269322,-0.9504883,0.0,0.0,0.0,-0.8386678,-0.8227209,-3.496636,-0.543377,-0.2936152,1.935592,-0.5280036,0.06355801,0.8468605,-0.1912048,0.9626952,-0.1914646,-0.8274377,-0.2630177,-0.496154,moving,52.89913,33.77221,-15.68098,-8.625594,-6.377028329133454,3.416908086155868,80.6275714109914,15.217929333154652,106.3236547801285
1215,05/05/2023 11:22:03.226142,1397,True,True,True,True,Eyes,0.5904239,0.006223925,-2.089078,-0.7335038,-0.3768462,-0.5656493,0.0,0.0,0.0,0.0,0.0,0.0,0.0,2.02409,-0.3399768,-0.725786,0.4130368,0.002824871,-2.137447,-0.03724041,0.8649941,-0.1335532,-0.4822469,15.48366,238.8016,3.830817,0.3072501,0.003242867,-0.951623,0.0,0.0,0.0,-0.8380175,-0.8288546,-3.505158,-0.5425193,-0.2910768,1.93608,-0.5321025,0.06438579,0.8442286,-0.1932368,0.9615533,-0.1951274,-0.8243343,-0.2669637,-0.4992032,moving,52.362,33.6723,-15.65368,-8.550004,-6.404552020574839,3.425581994965242,80.05532887279158,15.131458234505788,106.80912865907226
1216,05/05/2023 11:22:03.246272,1398,True,True,True,True,Eyes,0.5825549,0.005893824,-2.091602,-0.7273828,-0.3794748,-0.5717632,0.0,0.0,0.0,0.0,0.0,0.0,0.0,2.021101,-0.3460113,-0.7432818,0.4060821,0.002266694,-2.142926,-0.03630033,0.8661153,-0.1336806,-0.4802669,15.45213,238.5464,3.898056,0.3037402,0.003205468,-0.9527493,0.0,0.0,0.0,-0.8407096,-0.8265793,-3.516046,-0.5416336,-0.2884554,1.936585,-0.5360523,0.06552416,0.8416383,-0.1912852,0.9616235,-0.1966979,-0.8222277,-0.2664333,-0.5029467,moving,51.83069,33.57192,-15.62551,-8.471953,-6.431696121091916,3.434082942349134,79.48601245049426,15.042603016117667,107.2916890215956
1217,05/05/2023 11:22:03.256338,1399,True,True,True,True,Eyes,0.5747377,0.005542767,-2.094256,-0.7213471,-0.3820346,-0.5776746,0.0,0.0,0.0,0.0,0.0,0.0,0.0,2.018426,-0.3510696,-0.7604723,0.3995147,0.001118895,-2.148488,-0.03502928,0.8672369,-0.1334459,-0.4783987,15.36543,238.3025,3.979764,0.3002149,0.003156561,-0.9538661,0.0,0.0,0.0,-0.8439803,-0.8232414,-3.527094,-0.5407258,-0.2857706,1.937099,-0.5398152,0.06692332,0.839119,-0.188438,0.9619303,-0.1979425,-0.820421,-0.2649743,-0.5066537,moving,51.31129,33.47793,-15.59665,-8.39203,-6.458448699658211,3.4426039180613004,78.92886661700648,14.952099617782626,107.76481207103316
1218,05/05/2023 11:22:03.276077,1400,True,True,True,True,Eyes,0.5669791,0.005184443,-2.097073,-0.715385,-0.3844,-0.5834903,0.0,0.0,0.0,0.0,0.0,0.0,0.0,2.016112,-0.3578767,-0.7761343,0.3929268,0.0002723448,-2.154247,-0.03448225,0.8680978,-0.1342845,-0.4766392,15.42729,238.0883,4.053596,0.2966762,0.003096315,-0.9549729,0.0,0.0,0.0,-0.8460644,-0.8242794,-3.536612,-0.5398648,-0.2832238,1.937588,-0.5432522,0.06814256,0.8367996,-0.1878784,0.9615573,-0.2002729,-0.818278,-0.2660153,-0.5095656,moving,50.79824,33.37666,-15.56928,-8.31622,-6.484432486050842,3.4505919443654083,78.37693508708286,14.865810360884085,108.23134882630607
1219,05/05/2023 11:22:03.296009,1401,True,True,True,True,Eyes,0.5592661,0.004818452,-2.100028,-0.7095745,-0.3864754,-0.5891864,0.0,0.0,0.0,0.0,0.0,0.0,0.0,2.014399,-0.3604867,-0.792845,0.3862138,-0.0002444349,-2.160369,-0.03311182,0.8691532,-0.1330819,-0.4751481,15.23645,237.877,4.095501,0.2931257,0.003025514,-0.9560689,0.0,0.0,0.0,-0.8514612,-0.8166755,-3.548541,-0.5389457,-0.2805022,1.938112,-0.5462762,0.06890871,0.8347661,-0.1840257,0.9623857,-0.1998711,-0.8171398,-0.2628031,-0.5130473,moving,50.29588,33.26278,-15.54006,-8.235213,-6.509103466955899,3.457664742554299,77.82322544531065,14.774355004671223,108.69638429399339
1220,05/05/2023 11:22:03.306208,1402,True,True,True,True,Eyes,0.5516021,0.004428693,-2.103141,-0.7038208,-0.3882701,-0.5948804,0.0,0.0,0.0,0.0,0.0,0.0,0.0,2.01316,-0.3587013,-0.8104882,0.3795947,-0.0008289292,-2.166628,-0.03201466,0.8703229,-0.1308349,-0.473704,14.95546,237.6494,4.049595,0.2895651,0.002944855,-0.9571535,0.0,0.0,0.0,-0.8573085,-0.8055133,-3.562152,-0.5380167,-0.2777537,1.93864,-0.5491593,0.06822783,0.8329281,-0.1796802,0.9637146,-0.1974062,-0.8161736,-0.2580681,-0.5169736,moving,49.79498,33.13193,-15.51054,-8.15342,-6.532796093377472,3.4638369111331917,77.26118732645065,14.681980240831612,109.16481793963436
1221,05/05/2023 11:22:03.326052,1403,True,True,True,True,Eyes,0.5439862,0.003998905,-2.1064,-0.6982538,-0.3897063,-0.6004754,0.0,0.0,0.0,0.0,0.0,0.0,0.0,2.012661,-0.3539475,-0.8282077,0.3729427,-0.0018232,-2.173228,-0.03090735,0.8714743,-0.1278647,-0.4724702,14.59987,237.4371,3.967392,0.2859954,0.002854219,-0.9582265,0.0,0.0,0.0,-0.8642151,-0.7922261,-3.576508,-0.5371435,-0.2751694,1.939137,-0.5516337,0.06695462,0.8313952,-0.1746944,0.9653907,-0.193656,-0.8155874,-0.2520672,-0.5208453,moving,49.30555,32.98342,-15.4828,-8.076524,-6.554863698049367,3.468816989523493,76.70364591729415,14.59462041904685,109.62524049249662
1222,05/05/2023 11:22:03.346407,1404,True,True,True,True,Eyes,0.5364287,0.003560418,-2.109806,-0.6931083,-0.3906825,-0.605779,0.0,0.0,0.0,0.0,0.0,0.0,0.0,2.012865,-0.3463426,-0.8455458,0.3664825,-0.003265221,-2.179955,-0.02990445,0.8725767,-0.1243472,-0.4714377,14.19372,237.2423,3.847703,0.282418,0.002752769,-0.9592873,0.0,0.0,0.0,-0.8718224,-0.7773236,-3.591156,-0.5362357,-0.2724814,1.939654,-0.5537046,0.06505608,0.8301681,-0.1694318,0.967287,-0.1888088,-0.815294,-0.2452011,-0.5245686,moving,48.84643,32.81902,-15.45397,-7.99655,-6.574249989513685,3.472212512722054,76.16069980367105,14.504548977401875,110.06943412702063
1223,05/05/2023 11:22:03.362040,1405,True,True,True,True,Eyes,0.5289159,0.00319866,-2.113375,-0.6880177,-0.3916246,-0.6109515,0.0,0.0,0.0,0.0,0.0,0.0,0.0,2.012816,-0.3441982,-0.8613434,0.360282,-0.003942834,-2.186778,-0.03033411,0.8734056,-0.1233724,-0.4701293,14.12454,237.0464,3.725619,0.2788347,0.002641197,-0.9603353,0.0,0.0,0.0,-0.8751881,-0.7722778,-3.603429,-0.5353471,-0.2698551,1.940156,-0.5561161,0.06301406,0.828712,-0.16899,0.9677182,-0.1869864,-0.8137425,-0.2440303,-0.5275151,moving,48.39531,32.66018,-15.42577,-7.91843,-6.593439733188954,3.475685980543106,75.62905421792937,14.416516115903114,110.50527743847684
1224,05/05/2023 11:22:03.376067,1406,True,True,True,True,Eyes,0.5214057,0.00304728,-2.117089,-0.6830409,-0.3922993,-0.6160815,0.0,0.0,0.0,0.0,0.0,0.0,0.0,2.01232,-0.3467243,-0.877604,0.3538207,-0.002457889,-2.194229,-0.03123039,0.8742378,-0.1234324,-0.4685055,14.18666,236.8233,3.610445,0.2752464,0.002524047,-0.9613702,0.0,0.0,0.0,-0.876667,-0.7692562,-3.615897,-0.5344537,-0.2672112,1.940663,-0.5590543,0.06105194,0.82688,-0.1702631,0.9675782,-0.1865553,-0.8114607,-0.2450817,-0.5305339,moving,47.95053,32.48757,-15.39742,-7.839796,-6.611521187470747,3.478296618571502,75.0950012830445,14.327987942016343,110.94061454535368
1225,05/05/2023 11:22:03.396127,1407,True,True,True,True,Eyes,0.5139146,0.002917912,-2.120983,-0.6783315,-0.3922403,-0.6213002,0.0,0.0,0.0,0.0,0.0,0.0,0.0,2.010831,-0.3515635,-0.8960865,0.3469232,0.002356002,-2.202191,-0.03130976,0.875409,-0.1224939,-0.4665555,14.10384,236.5465,3.516242,0.2716522,0.002411542,-0.9623923,0.0,0.0,0.0,-0.8788708,-0.7585095,-3.630947,-0.5335584,-0.2645611,1.941173,-0.5626915,0.05948269,0.8245244,-0.1691181,0.9680299,-0.185249,-0.8091834,-0.24368,-0.5346425,moving,47.51268,32.26511,-15.369,-7.760986,-6.626567603379272,3.4781939815374496,74.53988221498352,14.23900596484445,111.38414676588619
1226,05/05/2023 11:22:03.406790,1408,True,True,True,True,Eyes,0.5065318,0.002840209,-2.125001,-0.673527,-0.3926796,-0.6262301,0.0,0.0,0.0,0.0,0.0,0.0,0.0,2.010042,-0.3349164,-0.9212267,0.339914,0.002617959,-2.210328,-0.02734132,0.8775302,-0.1136346,-0.4650596,12.99501,236.2308,3.395317,0.268052,0.002304222,-0.9634015,0.0,0.0,0.0,-0.8911985,-0.7193646,-3.654469,-0.5326163,-0.2617734,1.941709,-0.565944,0.05770802,0.8224215,-0.1536793,0.9726793,-0.1740048,-0.8099938,-0.2248662,-0.5416136,moving,47.08402,32.0899,-15.3391,-7.678091,-6.643529649522402,3.480259519887175,74.01445141802026,14.146438776058499,111.81260103545266
1227,05/05/2023 11:22:03.436081,1409,True,True,True,True,Eyes,0.4991805,0.002880251,-2.12919,-0.6686705,-0.3932635,-0.6310496,0.0,0.0,0.0,0.0,0.0,0.0,0.0,2.007823,-0.3486462,-0.9355171,0.334962,0.003881777,-2.21718,-0.03049703,0.878099,-0.1186874,-0.4625205,13.68888,235.9525,3.317895,0.26445,0.00220394,-0.9643967,0.0,0.0,0.0,-0.8830035,-0.7370439,-3.662752,-0.5317417,-0.259187,1.942205,-0.5702893,0.05623186,0.8195168,-0.1633495,0.9699665,-0.1802275,-0.8050383,-0.2366496,-0.5439761,moving,46.65799,31.93073,-15.31138,-7.601204,-6.661171865383465,3.483073633119176,73.50494285405068,14.060131984453491,112.23083728291208
1228,05/05/2023 11:22:03.446508,1410,True,True,True,True,Eyes,0.4918903,0.003007602,-2.133507,-0.6638565,-0.3937729,-0.6357967,0.0,0.0,0.0,0.0,0.0,0.0,0.0,2.005097,-0.3588413,-0.9546173,0.3283325,0.006783394,-2.22545,-0.03191068,0.8791522,-0.1207439,-0.4598847,13.98424,235.6264,3.246175,0.2608466,0.00211537,-0.9653777,0.0,0.0,0.0,-0.8795117,-0.7403688,-3.676182,-0.5308402,-0.2565181,1.942718,-0.5749755,0.05494786,0.8163233,-0.1671652,0.9688052,-0.1829541,-0.8009112,-0.241655,-0.5478539,moving,46.23684,31.7715,-15.28278,-7.521868,-6.678513306703679,3.4857597148962824,72.9974822423885,13.971444923096579,112.64777289476197
1229,05/05/2023 11:22:03.462068,1411,True,True,True,True,Eyes,0.4846819,0.003202268,-2.13795,-0.6589394,-0.3945206,-0.6404314,0.0,0.0,0.0,0.0,0.0,0.0,0.0,2.002791,-0.3585003,-0.9752767,0.3226965,0.008982544,-2.23308,-0.03158942,0.880645,-0.118834,-0.4575421,13.78081,235.2874,3.134439,0.2572437,0.002041317,-0.9663441,0.0,0.0,0.0,-0.8802794,-0.7276523,-3.693069,-0.5297319,-0.2532395,1.943348,-0.5793145,0.05310502,0.8133723,-0.1643813,0.9697611,-0.1803942,-0.7983567,-0.2382082,-0.5530673,moving,45.81605,31.63404,-15.24765,-7.424431,-6.69697364407526,3.4895439838784004,72.48682373057768,13.864664297865056,113.0731260378778
1230,05/05/2023 11:22:03.477939,1412,True,True,True,True,Eyes,0.4774914,0.00345754,-2.142487,-0.6539765,-0.3953032,-0.6450195,0.0,0.0,0.0,0.0,0.0,0.0,0.0,1.999048,-0.3705797,-0.993603,0.3174066,0.01084769,-2.240514,-0.0335583,0.8816997,-0.1221081,-0.4544989,14.23088,234.9231,3.064484,0.253644,0.001983377,-0.9672954,0.0,0.0,0.0,-0.8725461,-0.7373997,-3.705177,-0.5289931,-0.251051,1.94377,-0.5846094,0.05181931,0.8096585,-0.1701727,0.9679269,-0.184821,-0.7932675,-0.2458298,-0.557041,moving,45.39507,31.50224,-15.22422,-7.359396,-6.7157421806482125,3.49362103450406,72.00642382940981,13.790655298195103,113.4722659128203
1231,05/05/2023 11:22:03.496264,1413,True,True,True,True,Eyes,0.4703837,0.003697664,-2.147128,-0.6490499,-0.3959906,-0.6495581,0.0,0.0,0.0,0.0,0.0,0.0,0.0,1.995588,-0.3768723,-1.013977,0.3114677,0.0125012,-2.248418,-0.03351532,0.8830355,-0.1223256,-0.4518423,14.26003,234.577,3.037292,0.2500476,0.001942669,-0.9682313,0.0,0.0,0.0,-0.8706473,-0.7339666,-3.720221,-0.5281043,-0.248421,1.944275,-0.5894306,0.0513533,0.8061851,-0.1697342,0.9678264,-0.1857484,-0.789786,-0.2463229,-0.5617501,moving,44.97758,31.36777,-15.19606,-7.281258,-6.734157941996347,3.4974728855451374,71.51653176849662,13.70346036380049,113.88001031835506
1232,05/05/2023 11:22:03.506247,1414,True,True,True,True,Eyes,0.4634654,0.003923059,-2.152016,-0.6454993,-0.3955458,-0.6533561,0.0,0.0,0.0,0.0,0.0,0.0,0.0,1.990876,-0.382962,-1.034941,0.3063388,0.01232273,-2.255517,-0.03173665,0.8845958,-0.1217982,-0.4490528,14.12198,234.2179,3.147035,0.2464578,0.001916742,-0.9691514,0.0,0.0,0.0,-0.8695216,-0.7281401,-3.735244,-0.5271752,-0.2456735,1.944803,-0.5946886,0.05323941,0.8021913,-0.1655358,0.968316,-0.1869814,-0.7867295,-0.2439871,-0.5670335,moving,44.65342,31.19097,-15.16663,-7.199646,-6.744663229791327,3.496781243487203,71.07937660715628,13.614076540614658,114.23331279320007
1233,05/05/2023 11:22:03.525950,1415,True,True,True,True,Eyes,0.4565904,0.004190336,-2.157011,-0.6418575,-0.3952165,-0.6571323,0.0,0.0,0.0,0.0,0.0,0.0,0.0,1.98415,-0.4045596,-1.053536,0.3010681,0.0123069,-2.262667,-0.03123801,0.8857247,-0.1262931,-0.4456075,14.56994,233.8473,3.38924,0.2428801,0.001903394,-0.9700543,0.0,0.0,0.0,-0.86202,-0.7421192,-3.745351,-0.5263339,-0.2431848,1.945281,-0.6009165,0.05721774,0.7972614,-0.1678908,0.9661486,-0.1958821,-0.7814808,-0.2515616,-0.5709683,moving,44.32629,31.0238,-15.13999,-7.125733,-6.755854315483416,3.4966555282219707,70.65143540761566,13.53251156367088,114.5806946529321
1234,05/05/2023 11:22:03.546112,1416,True,True,True,True,Eyes,0.4496959,0.004507895,-2.162072,-0.6382428,-0.3944949,-0.6610748,0.0,0.0,0.0,0.0,0.0,0.0,0.0,1.975198,-0.4243913,-1.076896,0.2951803,0.01363974,-2.27022,-0.02837291,0.8874874,-0.1281563,-0.4417433,14.62795,233.4016,3.725079,0.2393149,0.001903224,-0.9709399,0.0,0.0,0.0,-0.8574823,-0.7429804,-3.759829,-0.525421,-0.240482,1.945801,-0.6081159,0.06286319,0.7913556,-0.1635856,0.9655418,-0.2024072,-0.7768109,-0.2525414,-0.5768778,moving,43.99329,30.82654,-15.11108,-7.045473,-6.765826551062817,3.495149513902332,70.19697943479527,13.444254464550372,114.94642061683984
1235,05/05/2023 11:22:03.556547,1417,True,True,True,True,Eyes,0.4428409,0.004836511,-2.167236,-0.6345757,-0.3935311,-0.6651669,0.0,0.0,0.0,0.0,0.0,0.0,0.0,1.964505,-0.4349678,-1.106704,0.2889789,0.01490867,-2.278056,-0.02320415,0.8900527,-0.125907,-0.4375104,14.14826,232.859,4.072556,0.2357606,0.001917149,-0.971809,0.0,0.0,0.0,-0.8562956,-0.7269605,-3.780649,-0.5245152,-0.2378025,1.946316,-0.6160926,0.0688654,0.7846578,-0.151477,0.967218,-0.2038236,-0.7729715,-0.2444318,-0.5854644,moving,43.65171,30.60973,-15.08241,-6.965922,-6.775297565440304,3.492868758909821,69.72536464873815,13.356437441888229,115.32422299180077
1236,05/05/2023 11:22:03.577106,1418,True,True,True,True,Eyes,0.4361043,0.005132793,-2.172602,-0.6309001,-0.392323,-0.6693636,0.0,0.0,0.0,0.0,0.0,0.0,0.0,1.952285,-0.4414187,-1.139338,0.2830321,0.0154437,-2.285609,-0.01824428,0.8929027,-0.1229613,-0.4327498,13.61375,232.2351,4.357352,0.2322176,0.0019442,-0.9726616,0.0,0.0,0.0,-0.8529339,-0.709302,-3.803477,-0.5236056,-0.2351111,1.946832,-0.6247895,0.07384223,0.7772936,-0.1390037,0.9690953,-0.2037946,-0.7683203,-0.2353754,-0.5952163,moving,43.30561,30.37514,-15.05363,-6.886034,-6.784112496490302,3.489799321751085,69.24013273554489,13.268113538164098,115.71151905361428
1237,05/05/2023 11:22:03.596062,1419,True,True,True,True,Eyes,0.4294148,0.005382064,-2.17804,-0.6270594,-0.3910818,-0.673685,0.0,0.0,0.0,0.0,0.0,0.0,0.0,1.938664,-0.4455074,-1.174057,0.2768957,0.01512185,-2.293121,-0.01375958,0.8958832,-0.1199997,-0.427556,13.10742,231.5529,4.591133,0.2286893,0.001981532,-0.9734972,0.0,0.0,0.0,-0.8475268,-0.692874,-3.827335,-0.5226938,-0.2324135,1.94735,-0.6340132,0.07795925,0.7693827,-0.1272671,0.9708214,-0.2032455,-0.7627782,-0.2267774,-0.605592,moving,42.9471,30.13565,-15.02478,-6.805979,-6.793427527538232,3.4867984555726323,68.74171094690647,13.17939419229301,116.1105041545393
1238,05/05/2023 11:22:03.606303,1420,True,True,True,True,Eyes,0.4227841,0.005605811,-2.18356,-0.6229407,-0.3900163,-0.6781093,0.0,0.0,0.0,0.0,0.0,0.0,0.0,1.923698,-0.4541491,-1.207476,0.2712416,0.01423544,-2.300237,-0.01046571,0.8986753,-0.1192547,-0.4219616,12.89557,230.8482,4.815566,0.2251764,0.00202594,-0.9743156,0.0,0.0,0.0,-0.8379276,-0.6862239,-3.848884,-0.521752,-0.2296267,1.947885,-0.6436778,0.08183125,0.7609091,-0.1194523,0.9713376,-0.2055102,-0.7559167,-0.2231747,-0.6154535,moving,42.57193,29.90547,-14.995,-6.72329,-6.804246537392768,3.4846978463117995,68.23208547862582,13.087836267147514,116.52222337098526
1239,05/05/2023 11:22:03.625983,1421,True,True,True,True,Eyes,0.4162055,0.005822885,-2.189149,-0.6185508,-0.3890778,-0.6826517,0.0,0.0,0.0,0.0,0.0,0.0,0.0,1.907727,-0.4648886,-1.240851,0.2657013,0.0139154,-2.30748,-0.009156547,0.9013924,-0.1201705,-0.4158928,12.95925,230.0944,4.912246,0.2216801,0.00207552,-0.975117,0.0,0.0,0.0,-0.8238326,-0.6868656,-3.869809,-0.5208529,-0.2269663,1.948397,-0.6538987,0.08344886,0.751966,-0.1164634,0.9709504,-0.2090254,-0.7475646,-0.2242579,-0.6251844,moving,42.17973,29.68101,-14.96657,-6.644369,-6.816403959068997,3.4833243519881822,67.71434680467382,12.999822272887062,116.9430122561933
1240,05/05/2023 11:22:03.646174,1422,True,True,True,True,Eyes,0.4096451,0.006027946,-2.194762,-0.6138282,-0.3885074,-0.6872241,0.0,0.0,0.0,0.0,0.0,0.0,0.0,1.89135,-0.4727638,-1.274791,0.260248,0.0139836,-2.314709,-0.009162089,0.9041469,-0.1210525,-0.4096102,13.08547,229.3026,4.864694,0.2182018,0.002129402,-0.9759011,0.0,0.0,0.0,-0.8075579,-0.688035,-3.891375,-0.5200015,-0.2244469,1.94888,-0.6642708,0.08260089,0.7429138,-0.1157364,0.9705247,-0.2113926,-0.7384775,-0.2264042,-0.6351314,moving,41.77121,29.48072,-14.93966,-6.569647,-6.830823358267654,3.4835983127426804,67.19934327797846,12.91591936334707,117.36649941327606
1241,05/05/2023 11:22:03.656233,1423,True,True,True,True,Eyes,0.4031531,0.006211831,-2.200434,-0.608775,-0.3881052,-0.6919302,0.0,0.0,0.0,0.0,0.0,0.0,0.0,1.873447,-0.4802265,-1.309921,0.2549478,0.01385175,-2.321879,-0.009902087,0.9070047,-0.1222754,-0.4028565,13.28452,228.4511,4.747875,0.2147411,0.00218658,-0.9766683,0.0,0.0,0.0,-0.7885895,-0.6909967,-3.913419,-0.5190938,-0.2217613,1.949396,-0.6752173,0.08055636,0.733207,-0.1164813,0.9699014,-0.2138304,-0.7283639,-0.2297868,-0.645511,moving,41.34201,29.28817,-14.91097,-6.490009,-6.846909639765197,3.4847956211849684,66.66690221869051,12.826760959974395,117.80786563391595
1242,05/05/2023 11:22:03.676532,1424,True,True,True,True,Eyes,0.3967209,0.006390917,-2.206167,-0.6034157,-0.3880886,-0.6966181,0.0,0.0,0.0,0.0,0.0,0.0,0.0,1.854214,-0.4877346,-1.345615,0.2499679,0.01354751,-2.32895,-0.01106504,0.9099171,-0.1237572,-0.3957433,13.53123,227.5555,4.590707,0.2113,0.00224573,-0.9774185,0.0,0.0,0.0,-0.7673627,-0.695338,-3.935559,-0.5181937,-0.2190962,1.949909,-0.6865296,0.07781561,0.7229258,-0.1180887,0.9691234,-0.2164597,-0.7174483,-0.2339754,-0.6561429,moving,40.89935,29.12234,-14.88252,-6.410994,-6.865217100166667,3.487696853258949,66.13799850201437,12.738179869827098,118.25152782265737
1243,05/05/2023 11:22:03.696297,1425,True,True,True,True,Eyes,0.390342,0.006580443,-2.211973,-0.5976897,-0.388201,-0.7014748,0.0,0.0,0.0,0.0,0.0,0.0,0.0,1.833019,-0.4981817,-1.381951,0.2449052,0.01366971,-2.336186,-0.01309516,0.9128352,-0.1262703,-0.3880931,13.92741,226.6007,4.378582,0.2078794,0.002306402,-0.9781515,0.0,0.0,0.0,-0.7429119,-0.7035457,-3.957418,-0.5172842,-0.2164067,1.950425,-0.6984246,0.07410184,0.7118372,-0.1219167,0.9677686,-0.2203637,-0.7052231,-0.2406923,-0.6668792,moving,40.43257,28.96045,-14.8538,-6.331278,-6.885202109579563,3.491416232959173,65.59031005417556,12.648473201672305,118.71322788309908
1244,05/05/2023 11:22:03.705902,1426,True,True,True,True,Eyes,0.3839866,0.006755487,-2.217822,-0.59177,-0.3882723,-0.7064368,0.0,0.0,0.0,0.0,0.0,0.0,0.0,1.810422,-0.5048042,-1.420613,0.2396641,0.01412283,-2.343706,-0.01474736,0.9159734,-0.1274293,-0.3801803,14.16156,225.5959,4.132656,0.2044804,0.002368861,-0.9788675,0.0,0.0,0.0,-0.71847,-0.7058479,-3.981421,-0.5163377,-0.2136045,1.950963,-0.710491,0.06987581,0.7002286,-0.1239086,0.9670886,-0.2222303,-0.6927115,-0.2446569,-0.6784495,moving,39.95234,28.79411,-14.8239,-6.248239,-6.905774230546239,3.495253709401968,65.0261692857222,12.555172873324247,119.18955075999573
1245,05/05/2023 11:22:03.726362,1427,True,True,True,True,Eyes,0.3776991,0.006901961,-2.223733,-0.5854931,-0.3884104,-0.7115723,0.0,0.0,0.0,0.0,0.0,0.0,0.0,1.786918,-0.5047513,-1.461366,0.2345171,0.01387782,-2.351223,-0.01607852,0.9193218,-0.1268882,-0.3721401,14.19773,224.5541,3.837205,0.2011027,0.002432243,-0.9795669,0.0,0.0,0.0,-0.6941676,-0.7023363,-4.007426,-0.5154724,-0.2110452,1.951455,-0.7225065,0.06487769,0.6883134,-0.124003,0.9672817,-0.2213352,-0.6801527,-0.245269,-0.6908223,moving,39.44809,28.62783,-14.79659,-6.172413,-6.927814470940149,3.499709402683791,64.44798073765732,12.468663925987771,119.67868762723305
1246,05/05/2023 11:22:03.746356,1428,True,True,True,True,Eyes,0.3714376,0.007020175,-2.229682,-0.5791089,-0.3885267,-0.7167146,0.0,0.0,0.0,0.0,0.0,0.0,0.0,1.762953,-0.5067921,-1.500326,0.2297265,0.01334335,-2.358573,-0.01801683,0.9224551,-0.1272606,-0.3640835,14.3535,223.5202,3.516869,0.1977475,0.002495151,-0.9802496,0.0,0.0,0.0,-0.6684217,-0.7026048,-4.031634,-0.5145625,-0.2083513,1.951974,-0.7342373,0.05942758,0.6762871,-0.1259064,0.9669602,-0.2216652,-0.6671157,-0.2479037,-0.702496,moving,38.93838,28.46186,-14.76786,-6.092612,-6.9502039611610575,3.504320698645162,63.86213079859131,12.378079946579748,120.17554863302257
1247,05/05/2023 11:22:03.759308,1429,True,True,True,True,Eyes,0.36524,0.007115428,-2.235693,-0.5724218,-0.3886589,-0.7219956,0.0,0.0,0.0,0.0,0.0,0.0,0.0,1.739353,-0.508697,-1.537789,0.2247688,0.01272934,-2.366058,-0.02000732,0.9253786,-0.1276317,-0.3563488,14.50559,222.5284,3.193598,0.1944146,0.002556348,-0.9809159,0.0,0.0,0.0,-0.6438493,-0.7028075,-4.054805,-0.5136494,-0.2056486,1.952493,-0.7452307,0.0539341,0.6646221,-0.1279915,0.9666197,-0.2219561,-0.6544079,-0.2504745,-0.7134517,moving,38.40854,28.29411,-14.73905,-6.012576,-6.973727895641627,3.509356988497709,63.25831982522691,12.286880613966984,120.68876665931708
1248,05/05/2023 11:22:03.759308,1430,True,True,True,True,Eyes,0.3590993,0.007164555,-2.24176,-0.5657303,-0.3888329,-0.7271576,0.0,0.0,0.0,0.0,0.0,0.0,0.0,1.715635,-0.509326,-1.574571,0.2199912,0.01227446,-2.373508,-0.02164994,0.9282408,-0.1274771,-0.3487835,14.58176,221.5564,2.886235,0.1911054,0.002614953,-0.9815658,0.0,0.0,0.0,-0.6201322,-0.7005292,-4.077751,-0.5127228,-0.2029088,1.953018,-0.7557627,0.04873111,0.6530299,-0.1291165,0.9665617,-0.2215566,-0.6419903,-0.2517612,-0.7241993,moving,37.883,28.13475,-14.70983,-5.931462,-6.997429250184378,3.5147099397250203,62.66189087027174,12.194723844376506,121.19748589998845
1249,05/05/2023 11:22:03.796343,1431,True,True,True,True,Eyes,0.3530259,0.007172179,-2.247892,-0.5587351,-0.3890959,-0.7324067,0.0,0.0,0.0,0.0,0.0,0.0,0.0,1.692317,-0.5102304,-1.609746,0.2152976,0.01120374,-2.380982,-0.02359445,0.9308878,-0.1276826,-0.3414503,14.70421,220.617,2.563811,0.1878209,0.002669168,-0.9821994,0.0,0.0,0.0,-0.5967237,-0.7001335,-4.0994,-0.5117631,-0.2000699,1.953563,-0.7657098,0.043267,0.6417291,-0.1311221,0.9662809,-0.2216038,-0.6296787,-0.2538291,-0.7342174,moving,37.33912,27.97977,-14.67957,-5.847436,-7.0224786907697005,3.520755391898416,62.05017304635448,12.099341191698404,121.72125351203539
1250,05/05/2023 11:22:03.806352,1432,True,True,True,True,Eyes,0.3470204,0.00714302,-2.254077,-0.5516387,-0.3890822,-0.7377736,0.0,0.0,0.0,0.0,0.0,0.0,0.0,1.668784,-0.5132049,-1.643693,0.2107257,0.01023276,-2.388605,-0.02600851,0.9333605,-0.1285464,-0.3341221,14.91231,219.6824,2.215121,0.1845622,0.002717587,-0.9828169,0.0,0.0,0.0,-0.5722124,-0.7025532,-4.119875,-0.5109456,-0.1976517,1.954027,-0.7753723,0.03734978,0.6303993,-0.134451,0.9655988,-0.2225803,-0.6170262,-0.2573404,-0.7436767,moving,36.78573,27.80597,-14.65379,-5.775876,-7.0471218861728255,3.526087055180604,61.43097426053176,12.016152315689908,122.24888776558691
1251,05/05/2023 11:22:03.826299,1433,True,True,True,True,Eyes,0.3410754,0.007076119,-2.260317,-0.544281,-0.3891538,-0.7431807,0.0,0.0,0.0,0.0,0.0,0.0,0.0,1.645786,-0.51825,-1.675231,0.2062349,0.009387066,-2.396033,-0.02868755,0.9355711,-0.129986,-0.327089,15.18813,218.789,1.86189,0.1813303,0.00275917,-0.9834181,0.0,0.0,0.0,-0.5483205,-0.706731,-4.138507,-0.5100383,-0.1949655,1.954545,-0.7843796,0.03135551,0.6194881,-0.1387125,0.9645613,-0.2244556,-0.6045721,-0.2619891,-0.7522328,moving,36.21782,27.63803,-14.62519,-5.6964,-7.072957745655907,3.532088672579077,60.79634766402502,11.924815101437657,122.79230048341446
1252,05/05/2023 11:22:03.846383,1434,True,True,True,True,Eyes,0.3351786,0.006981214,-2.266597,-0.5368103,-0.3890648,-0.7486409,0.0,0.0,0.0,0.0,0.0,0.0,0.0,1.622762,-0.5215329,-1.706586,0.2016308,0.008429836,-2.403552,-0.03102297,0.9377459,-0.1308371,-0.3202373,15.382,217.9153,1.522306,0.1781263,0.002792941,-0.9840035,0.0,0.0,0.0,-0.5256455,-0.7085948,-4.157231,-0.5091568,-0.1923564,1.955046,-0.7929714,0.0256145,0.6087203,-0.1419812,0.9638385,-0.2255145,-0.5924845,-0.2652533,-0.7606596,moving,35.64228,27.46067,-14.59741,-5.61923,-7.098765304192126,3.5378065170967696,60.15235851823351,11.835581525612136,123.34335750266227
1253,05/05/2023 11:22:03.856444,1435,True,True,True,True,Eyes,0.3293331,0.006850828,-2.272919,-0.5291169,-0.3890334,-0.7541143,0.0,0.0,0.0,0.0,0.0,0.0,0.0,1.600118,-0.5247506,-1.73657,0.1971427,0.007566096,-2.410911,-0.03372986,0.9397687,-0.1318042,-0.3135679,15.59787,217.0611,1.14594,0.1749502,0.00281847,-0.984573,0.0,0.0,0.0,-0.5031529,-0.7106984,-4.175053,-0.5082513,-0.1896771,1.955561,-0.801075,0.01926258,0.5982541,-0.1460556,0.96298,-0.2265776,-0.5804712,-0.268884,-0.7686057,moving,35.05505,27.28836,-14.56888,-5.540002,-7.125550477773648,3.544080634478897,59.499880506165255,11.744092629338693,123.90362046618918
1254,05/05/2023 11:22:03.876303,1436,True,True,True,True,Eyes,0.3235213,0.006693096,-2.279276,-0.5213596,-0.3888891,-0.7595719,0.0,0.0,0.0,0.0,0.0,0.0,0.0,1.57927,-0.524076,-1.765254,0.1924255,0.00659918,-2.418222,-0.03732244,0.9415989,-0.1322775,-0.3074107,15.78637,216.2525,0.6574425,0.1718024,0.00283505,-0.9851271,0.0,0.0,0.0,-0.4822438,-0.7111301,-4.192562,-0.5073618,-0.1870433,1.956067,-0.8082114,0.01104151,0.5887891,-0.1516126,0.9622194,-0.226158,-0.5690414,-0.2720513,-0.7760027,moving,34.46516,27.11175,-14.54086,-5.462138,-7.15227254362168,3.5502041413483933,58.8442705424831,11.65390644690763,124.466873299401
1255,05/05/2023 11:22:03.896851,1437,True,True,True,True,Eyes,0.3177454,0.006518704,-2.285677,-0.5134948,-0.3887773,-0.7649674,0.0,0.0,0.0,0.0,0.0,0.0,0.0,1.56187,-0.521926,-1.79062,0.1875025,0.005794624,-2.425484,-0.04252101,0.942991,-0.1330831,-0.3020744,16.06224,215.5261,0.01241086,0.1686826,0.002842408,-0.9856661,0.0,0.0,0.0,-0.4632609,-0.7127686,-4.208424,-0.5064338,-0.1842995,1.956594,-0.813886,0.0002081463,0.5810244,-0.1605959,0.9609617,-0.2253034,-0.5583891,-0.2766814,-0.7820799,moving,33.87203,26.94092,-14.51165,-5.381045,-7.17949511615468,3.5567046461710348,58.186681567207664,11.56044393517512,125.03373442738054
1256,05/05/2023 11:22:03.906379,1438,True,True,True,True,Eyes,0.31195,0.006313524,-2.292096,-0.5057054,-0.388412,-0.7703234,0.0,0.0,0.0,0.0,0.0,0.0,0.0,1.549505,-0.5159443,-1.812501,0.1825091,0.005237844,-2.432897,-0.04834941,0.9439721,-0.1332818,-0.2980185,16.28687,214.9414,359.2932,0.1655905,0.002840773,-0.9861903,0.0,0.0,0.0,-0.4490722,-0.7119142,-4.22332,-0.5055114,-0.18157,1.957117,-0.8176945,-0.01184011,0.5755304,-0.1707219,0.9597966,-0.2228106,-0.5497539,-0.2804466,-0.7868419,moving,33.28428,26.75813,-14.48262,-5.300399,-7.205762802186421,3.562458979265821,57.52761091209891,11.467471484072115,125.60133265811167
1257,05/05/2023 11:22:03.926101,1439,True,True,True,True,Eyes,0.3061937,0.006073574,-2.298546,-0.4979095,-0.3879448,-0.7756191,0.0,0.0,0.0,0.0,0.0,0.0,0.0,1.539273,-0.5021466,-1.83463,0.1773678,0.004295291,-2.440472,-0.05292041,0.9450198,-0.1313009,-0.2947828,16.22225,214.4565,358.6506,0.1625236,0.002829748,-0.9867004,0.0,0.0,0.0,-0.4402286,-0.7030237,-4.239699,-0.5046496,-0.17902,1.957607,-0.820605,-0.02261116,0.5710483,-0.1774322,0.959919,-0.2169639,-0.5432543,-0.279364,-0.7917262,moving,32.69847,26.57304,-14.45549,-5.225075,-7.231791636966665,3.5680466304252767,56.87368513851397,11.379842092381747,126.16476589302317
1258,05/05/2023 11:22:03.945957,1440,True,True,True,True,Eyes,0.3004372,0.005811688,-2.305011,-0.4899172,-0.3872482,-0.7810377,0.0,0.0,0.0,0.0,0.0,0.0,0.0,1.526557,-0.4939046,-1.856437,0.1724966,0.003215784,-2.447633,-0.05573316,0.9461588,-0.1298685,-0.2912243,16.15365,213.9639,358.2207,0.1594822,0.002808811,-0.9871966,0.0,0.0,0.0,-0.4312068,-0.6957486,-4.254867,-0.5037115,-0.1762441,1.958141,-0.8241646,-0.02982309,0.5655648,-0.1811066,0.9600559,-0.2132908,-0.5366129,-0.2782142,-0.7966453,moving,32.09859,26.37279,-14.42597,-5.143097,-7.257884141628715,3.5732234553397904,56.19417956150235,11.28519814416908,126.75072946942907
1259,05/05/2023 11:22:03.956439,1441,True,True,True,True,Eyes,0.2947059,0.005550437,-2.311528,-0.4818651,-0.3864406,-0.7864283,0.0,0.0,0.0,0.0,0.0,0.0,0.0,1.510022,-0.4914427,-1.879724,0.1675723,0.002407089,-2.454986,-0.05715552,0.9475023,-0.1290158,-0.2869277,16.09821,213.4062,357.9557,0.156465,0.002778061,-0.9876793,0.0,0.0,0.0,-0.4201337,-0.6901273,-4.269999,-0.5028098,-0.1735755,1.958653,-0.8288113,-0.03427356,0.5584772,-0.1823464,0.9601763,-0.2116866,-0.5289813,-0.2772846,-0.8020547,moving,31.49689,26.1689,-14.39761,-5.064312,-7.283896894284783,3.578261730105852,55.5141302920882,11.193703356384795,127.33778232466209
1260,05/05/2023 11:22:03.976369,1442,True,True,True,True,Eyes,0.2890096,0.005297548,-2.318105,-0.473282,-0.3852307,-0.792213,0.0,0.0,0.0,0.0,0.0,0.0,0.0,1.489948,-0.4881124,-1.906016,0.1623899,0.002144668,-2.462666,-0.05770065,0.9491761,-0.1274092,-0.2819611,15.92663,212.7748,357.7539,0.1534717,0.002738557,-0.988149,0.0,0.0,0.0,-0.4077522,-0.6806999,-4.286978,-0.501882,-0.1708319,1.95918,-0.834337,-0.03768731,0.5499646,-0.181385,0.960875,-0.2093288,-0.5205582,-0.2744062,-0.8085296,moving,30.85484,25.93234,-14.36845,-4.983338,-7.310658520967793,3.5826715159034443,54.78070011074871,11.099051292252323,127.97037116687149
1261,05/05/2023 11:22:03.996461,1443,True,True,True,True,Eyes,0.2833363,0.005032294,-2.324729,-0.4646189,-0.3837706,-0.7980285,0.0,0.0,0.0,0.0,0.0,0.0,0.0,1.466532,-0.4828904,-1.934867,0.1572096,0.001956794,-2.470403,-0.05713821,0.9511724,-0.1249023,-0.2764162,15.61637,212.0847,357.6407,0.1505022,0.002691583,-0.9886058,0.0,0.0,0.0,-0.3942103,-0.6676145,-4.305412,-0.5010088,-0.1682473,1.959677,-0.840659,-0.03964655,0.5401123,-0.1777466,0.9622693,-0.2060194,-0.5115656,-0.2691951,-0.8159873,moving,30.20832,25.68282,-14.34099,-4.907074,-7.337013605943668,3.5865365251228924,54.04056473064781,11.008955676220006,128.60895455675356
1262,05/05/2023 11:22:04.006122,1444,True,True,True,True,Eyes,0.2776583,0.004764929,-2.331385,-0.455499,-0.3821062,-0.8040619,0.0,0.0,0.0,0.0,0.0,0.0,0.0,1.438892,-0.4739747,-1.966969,0.1520243,0.001333658,-2.478087,-0.05535315,0.9535565,-0.1212026,-0.270141,15.13257,211.3185,357.6203,0.1475562,0.002637406,-0.98905,0.0,0.0,0.0,-0.3792472,-0.6499106,-4.325657,-0.5000609,-0.1654404,1.960218,-0.84792,-0.04008115,0.5286072,-0.1710483,0.9644919,-0.2012407,-0.5017715,-0.2610533,-0.8246679,moving,29.53144,25.41799,-14.31118,-4.824271,-7.364418024021492,3.590400273221605,53.26133380658544,10.911654072013176,129.2831701394427
1263,05/05/2023 11:22:04.026160,1445,True,True,True,True,Eyes,0.2719907,0.004496428,-2.338089,-0.4462368,-0.3802658,-0.8101053,0.0,0.0,0.0,0.0,0.0,0.0,0.0,1.40784,-0.4696339,-1.99951,0.1467852,0.0009166133,-2.485771,-0.05359969,0.9559522,-0.1184761,-0.2631466,14.75724,210.4734,357.6219,0.1446318,0.002576705,-0.989482,0.0,0.0,0.0,-0.3607113,-0.6358911,-4.34508,-0.4992055,-0.1629088,1.960705,-0.8557621,-0.04012429,0.5158117,-0.1648306,0.966181,-0.1983058,-0.4904105,-0.2547241,-0.8334347,moving,28.84764,25.1455,-14.28431,-4.749616,-7.391843070828952,3.594051593508786,52.4793585274816,10.822332894560454,129.96063336710222
1264,05/05/2023 11:22:04.046301,1446,True,True,True,True,Eyes,0.2663143,0.004234596,-2.344826,-0.4364958,-0.37831,-0.8163044,0.0,0.0,0.0,0.0,0.0,0.0,0.0,1.375425,-0.46369,-2.032428,0.1412982,0.0005705487,-2.493512,-0.05200878,0.9583465,-0.1154924,-0.2559856,14.35863,209.6082,357.6007,0.1417294,0.002510159,-0.9899021,0.0,0.0,0.0,-0.341649,-0.6206902,-4.364648,-0.4983063,-0.1602495,1.961214,-0.863533,-0.04055605,0.5026591,-0.1588136,0.9679132,-0.1947365,-0.4786326,-0.2479905,-0.8422658,moving,28.13439,24.86501,-14.25607,-4.671223,-7.420645029064481,3.598050195750857,51.66565744130127,10.72864920291704,130.6681283701883
1265,05/05/2023 11:22:04.056570,1447,True,True,True,True,Eyes,0.2606471,0.003971796,-2.351598,-0.4266508,-0.376262,-0.822433,0.0,0.0,0.0,0.0,0.0,0.0,0.0,1.343632,-0.4583991,-2.063628,0.1356651,0.0003780015,-2.501126,-0.05040778,0.9605671,-0.1127176,-0.2491277,13.98463,208.7845,357.5974,0.1388466,0.002438674,-0.9903107,0.0,0.0,0.0,-0.3237336,-0.6061739,-4.383058,-0.4973804,-0.15751,1.96174,-0.8707889,-0.04067797,0.4899715,-0.1530023,0.9695076,-0.1914296,-0.4672442,-0.2416615,-0.8504603,moving,27.41878,24.58403,-14.227,-4.590487,-7.449565244892691,3.602084313264669,50.84804257777962,10.632584191186245,131.3815405213444
1266,05/05/2023 11:22:04.076500,1448,True,True,True,True,Eyes,0.2550134,0.003710417,-2.358411,-0.4165582,-0.374404,-0.8284329,0.0,0.0,0.0,0.0,0.0,0.0,0.0,1.312675,-0.4559777,-2.09269,0.1301475,5.621463e-05,-2.508673,-0.04900767,0.9625595,-0.1107413,-0.2425159,13.70721,207.9944,357.603,0.1359834,0.002362763,-0.9907081,0.0,0.0,0.0,-0.3060576,-0.5950418,-4.399834,-0.4964769,-0.1548361,1.962254,-0.8775685,-0.04063252,0.4777263,-0.1480586,0.9706692,-0.1894199,-0.4560176,-0.2369604,-0.8578447,moving,26.69447,24.32023,-14.19864,-4.511705,-7.479916386406549,3.607215162947698,50.035256782755944,10.538411246870988,132.09414747248033
1267,05/05/2023 11:22:04.096513,1449,True,True,True,True,Eyes,0.2493966,0.003473785,-2.36525,-0.4063603,-0.372517,-0.8343275,0.0,0.0,0.0,0.0,0.0,0.0,0.0,1.282874,-0.4528733,-2.120343,0.1248371,-0.0002580546,-2.516173,-0.0479316,0.9644045,-0.1088049,-0.2361948,13.44468,207.238,357.5809,0.1331398,0.002282974,-0.9910944,0.0,0.0,0.0,-0.2889521,-0.5841902,-4.415909,-0.4955956,-0.1522286,1.962755,-0.8838293,-0.04105259,0.4660051,-0.1438492,0.9717281,-0.1872215,-0.4451443,-0.2325063,-0.8647472,moving,25.96846,24.06017,-14.17098,-4.434906,-7.510567204522898,3.612579798664184,49.225440574558355,10.44620152427938,132.8064251136428
1268,05/05/2023 11:22:04.106443,1450,True,True,True,True,Eyes,0.2437856,0.003337015,-2.372138,-0.3959811,-0.3708836,-0.8400264,0.0,0.0,0.0,0.0,0.0,0.0,0.0,1.252427,-0.4536159,-2.146717,0.1195497,8.282624e-05,-2.523578,-0.04749341,0.9661015,-0.1077702,-0.2297343,13.30035,206.4623,357.5117,0.1303163,0.002200805,-0.9914698,0.0,0.0,0.0,-0.2705381,-0.5759515,-4.430812,-0.4946427,-0.1494101,1.963296,-0.889933,-0.04224987,0.45413,-0.1412839,0.9722599,-0.1864123,-0.4336565,-0.2300557,-0.8712155,moving,25.23878,23.82214,-14.14108,-4.351917,-7.54259633285533,3.6191590577948665,48.42056238271969,10.347851961867523,133.51835229601596
1269,05/05/2023 11:22:04.132075,1451,True,True,True,True,Eyes,0.1032201,0.004481366,-2.545768,-0.1182796,-0.3105087,-0.9431831,0.0,0.0,0.0,0.0,0.0,0.0,0.0,1.221861,-0.4604107,-2.171774,0.1139063,0.002312629,-2.53151,-0.04710118,0.9676412,-0.107625,-0.2233138,13.25712,205.6957,357.463,0.1275123,0.002120734,-0.9918345,0.0,0.0,0.0,-0.2520818,-0.569581,-4.44484,-0.4937907,-0.1468865,1.963782,-0.895825,-0.04308579,0.4423138,-0.1392224,0.9723967,-0.187248,-0.4220368,-0.2293214,-0.8770958,moving,7.147846,18.22225,-14.11435,-4.277631,-8.35249780141948,3.7976193748456817,30.956834847196134,9.92011135898849,149.43796733902832
1270,05/05/2023 11:22:04.148213,1452,True,True,True,True,Eyes,0.1029785,0.004541399,-2.546093,-0.1178839,-0.310173,-0.943343,0.0,0.0,0.0,0.0,0.0,0.0,0.0,1.191134,-0.4598994,-2.198137,0.1079356,0.006697735,-2.539766,-0.04570677,0.9693761,-0.1052574,-0.2171213,12.93913,204.9634,357.4767,0.1166928,0.002098075,-0.9931656,-0.4216965,0.003433053,-0.5208914,-0.2363015,-0.5523959,-4.460992,-0.4928832,-0.1442024,1.964298,-0.9015386,-0.04290687,0.4305665,-0.1343213,0.9736636,-0.1842201,-0.4113225,-0.2239158,-0.8835586,moving,7.122984,18.20097,-14.08589,-4.198647,-8.352898955943564,3.7971736222011465,30.847352853925166,9.83871606123728,149.54418734757974
1271,05/05/2023 11:22:04.156389,1453,True,True,True,True,Eyes,0.1025499,0.004668871,-2.546689,-0.1170639,-0.3099394,-0.9435219,0.0,0.0,0.0,0.0,0.0,0.0,0.0,1.162501,-0.4332873,-2.227862,0.1021783,0.008085497,-2.547942,-0.04199411,0.9715154,-0.0976169,-0.2118145,11.97369,204.3516,357.6423,0.1075757,0.002075953,-0.9941944,-0.3963947,0.00322707,-0.4896379,-0.2268957,-0.5179982,-4.481207,-0.4919527,-0.1414476,1.964827,-0.9067423,-0.04024249,0.4197607,-0.1229492,0.9774149,-0.1718827,-0.4033634,-0.2074625,-0.8912111,moving,7.072611,18.18494,-14.05672,-4.117612,-8.3551311465803,3.797648279138276,30.722181794596963,9.754971078375576,149.66529440211812
1272,05/05/2023 11:22:04.176380,1454,True,True,True,True,Eyes,0.1019447,0.004885161,-2.54759,-0.1158852,-0.3099735,-0.9436561,0.0,0.0,0.0,0.0,0.0,0.0,0.0,1.132148,-0.4479196,-2.248343,0.09719032,0.009830398,-2.554974,-0.03941684,0.9727846,-0.09881151,-0.2058468,12.03284,203.6733,357.8901,0.09987099,0.002057708,-0.9949981,-0.372611,0.003033445,-0.4602597,-0.2103596,-0.517916,-4.491422,-0.4910766,-0.1388566,1.965324,-0.9121472,-0.03600812,0.4082788,-0.1173683,0.9773652,-0.176017,-0.3926994,-0.2084723,-0.8957271,moving,7.001126,18.18439,-14.02926,-4.041418,-8.3594621802234,3.799451069608877,30.598426047132882,9.676044392410189,149.78478034097694
1273,05/05/2023 11:22:04.196131,1455,True,True,True,True,Eyes,0.1011655,0.005169438,-2.548763,-0.1143747,-0.3098529,-0.9438801,0.0,0.0,0.0,0.0,0.0,0.0,0.0,1.102661,-0.4593524,-2.269469,0.09176456,0.0121635,-2.562964,-0.0368392,0.9740273,-0.09924111,-0.2001623,12.00955,203.0277,358.123,0.09333565,0.002047064,-0.9956324,-0.3502544,0.002851439,-0.4326441,-0.1956163,-0.5143611,-4.502942,-0.490194,-0.136243,1.965828,-0.917156,-0.03203611,0.3972391,-0.1114934,0.9775882,-0.1785794,-0.3826152,-0.2080747,-0.9001727,moving,6.909135,18.17375,-14.00159,-3.964582,-8.364515106448907,3.8012657663880582,30.45265446176817,9.596093209542019,149.92528631531974
1274,05/05/2023 11:22:04.206174,1456,True,True,True,True,Eyes,0.1002163,0.005553715,-2.55019,-0.1124037,-0.3101305,-0.9440257,0.0,0.0,0.0,0.0,0.0,0.0,0.0,1.07379,-0.4575921,-2.292002,0.0867469,0.01403544,-2.570596,-0.03428167,0.9754413,-0.09715971,-0.1946767,11.7063,202.3991,358.3,0.08776607,0.002046466,-0.9961388,-0.3292391,0.002680352,-0.4066854,-0.1819448,-0.5013868,-4.516334,-0.4892693,-0.133507,1.966353,-0.9218516,-0.02905006,0.3864529,-0.104709,0.9787695,-0.1761995,-0.3731297,-0.2028949,-0.905322,moving,6.79015,18.18634,-13.97263,-3.884178,-8.372431754878777,3.8049534685742,30.301828296601574,9.512358441820664,150.07047072823343
1275,05/05/2023 11:22:04.226236,1457,True,True,True,True,Eyes,0.09910859,0.006040825,-2.551906,-0.1101667,-0.3101605,-0.9442795,0.0,0.0,0.0,0.0,0.0,0.0,0.0,1.045106,-0.4761208,-2.30977,0.08184863,0.01688084,-2.578176,-0.03373735,0.9763391,-0.09950898,-0.1890024,11.95022,201.7386,358.3445,0.08292378,0.00205965,-0.9965536,-0.3094848,0.002519531,-0.3822843,-0.1649338,-0.5045257,-4.52533,-0.4883658,-0.1308356,1.966865,-0.9262799,-0.02826331,0.3757752,-0.103493,0.9779195,-0.1815561,-0.3623465,-0.2070619,-0.9087522,moving,6.654471,18.18342,-13.94435,-3.805702,-8.380553768763175,3.80827974255323,30.13026572934472,9.430193342591606,150.23546960346502
1276,05/05/2023 11:22:04.246192,1458,True,True,True,True,Eyes,0.09787517,0.00656739,-2.553874,-0.1078602,-0.3098277,-0.9446549,0.0,0.0,0.0,0.0,0.0,0.0,0.0,1.020748,-0.4679524,-2.331703,0.07688147,0.01979115,-2.586783,-0.03324705,0.9775572,-0.09649234,-0.1842981,11.59008,201.1785,358.2781,0.07851812,0.002090415,-0.9969103,-0.2909157,0.002368359,-0.3593473,-0.1531907,-0.4866895,-4.540025,-0.4874894,-0.128242,1.967363,-0.9298578,-0.02943507,0.3667401,-0.1005685,0.9791677,-0.1763988,-0.3539077,-0.2009083,-0.9134469,moving,6.513792,18.15845,-13.91691,-3.729533,-8.387825205953408,3.810612418970888,29.94156615845425,9.350110780038111,150.41694941789478
1277,05/05/2023 11:22:04.256299,1459,True,True,True,True,Eyes,0.09654214,0.00710409,-2.556086,-0.1052784,-0.3095545,-0.9450356,0.0,0.0,0.0,0.0,0.0,0.0,0.0,0.9986271,-0.455898,-2.352286,0.07254618,0.02122675,-2.594731,-0.03266095,0.9786981,-0.09306566,-0.1800621,11.18213,200.6756,358.2233,0.07450067,0.002138502,-0.9972184,-0.2734607,0.002226258,-0.3377864,-0.1429462,-0.4685248,-4.554021,-0.4865128,-0.1253528,1.967919,-0.9330222,-0.03041523,0.358532,-0.09744561,0.9805441,-0.1704043,-0.3463736,-0.1939283,-0.9178331,moving,6.356626,18.13665,-13.88634,-3.644712,-8.3962683052741,3.8135285891670554,29.73559152013291,9.261006419343929,150.61511504640333
1278,05/05/2023 11:22:04.275970,1460,True,True,True,True,Eyes,0.0954517,0.007666559,-2.55866,-0.1039149,-0.3072122,-0.9459505,0.0,0.0,0.0,0.0,0.0,0.0,0.0,0.9752267,-0.4635638,-2.369324,0.06876057,0.0220161,-2.602776,-0.03242772,0.9794822,-0.09379181,-0.175403,11.25119,200.1293,358.2108,0.07082865,0.002202524,-0.9974858,-0.2570531,0.002092682,-0.3175192,-0.1289761,-0.4676763,-4.564064,-0.485696,-0.1229342,1.968384,-0.9363646,-0.03062203,0.3496911,-0.09642748,0.980303,-0.172359,-0.3375253,-0.1951106,-0.9208738,moving,6.268939,17.99202,-13.86078,-3.57373,-8.394037012927303,3.808417189498346,29.500629825165788,9.185933595129395,150.84193659012993
1279,05/05/2023 11:22:04.296265,1461,True,True,True,True,Eyes,0.09429235,0.008203141,-2.561471,-0.1021113,-0.3048578,-0.9469081,0.0,0.0,0.0,0.0,0.0,0.0,0.0,0.9475983,-0.4618708,-2.389994,0.06538473,0.022703,-2.611234,-0.03146641,0.9806025,-0.09248209,-0.1699289,11.07364,199.4909,358.2318,0.06747665,0.002281821,-0.997718,-0.2416299,0.001967121,-0.2984681,-0.1122773,-0.4587641,-4.5766,-0.4847979,-0.1202767,1.968894,-0.9402683,-0.03028131,0.3390855,-0.09314283,0.9809139,-0.1706822,-0.3274452,-0.1920704,-0.9251426,moving,6.154792,17.846,-13.83268,-3.495766,-8.393346668181943,3.803912737033258,29.23987026218721,9.103387103629197,151.0935979661619
1280,05/05/2023 11:22:04.306316,1462,True,True,True,True,Eyes,0.09290535,0.008686672,-2.564459,-0.09970091,-0.3025506,-0.9479045,0.0,0.0,0.0,0.0,0.0,0.0,0.0,0.915203,-0.4597385,-2.412187,0.06245403,0.02259831,-2.619769,-0.03041961,0.9818513,-0.09120641,-0.1634752,10.89723,198.7392,358.2542,0.06441016,0.00237378,-0.9979205,-0.2271321,0.001849094,-0.28056,-0.09120756,-0.4505792,-4.589302,-0.4838625,-0.1175088,1.969426,-0.9447012,-0.02991508,0.3265657,-0.08955504,0.9815121,-0.1691566,-0.3154678,-0.189048,-0.9299146,moving,6.004313,17.70196,-13.80343,-3.414593,-8.394975966560898,3.800439485647352,28.95264225171613,9.017098690863392,151.37070865484438
1281,05/05/2023 11:22:04.326067,1463,True,True,True,True,Eyes,0.09147421,0.00912429,-2.567684,-0.09682292,-0.3002963,-0.9489191,0.0,0.0,0.0,0.0,0.0,0.0,0.0,0.878854,-0.4651318,-2.433815,0.05964179,0.02197346,-2.628335,-0.02910019,0.9830383,-0.09145361,-0.1562857,10.88864,197.9076,358.3295,0.06159156,0.002475008,-0.9980981,-0.2135042,0.001738148,-0.2637264,-0.06676646,-0.4490601,-4.600451,-0.4829649,-0.1148532,1.969936,-0.949456,-0.02862739,0.3125924,-0.08579899,0.9815788,-0.1707089,-0.3019471,-0.1889007,-0.934422,moving,5.82601,17.56057,-13.77538,-3.336741,-8.398441118007398,3.7978136229097776,28.651563604152933,8.933831283831541,151.66111791268858
1282,05/05/2023 11:22:04.346370,1464,True,True,True,True,Eyes,0.08998656,0.009546874,-2.571134,-0.09344053,-0.2981182,-0.9499444,0.0,0.0,0.0,0.0,0.0,0.0,0.0,0.8407743,-0.4670025,-2.456385,0.05703731,0.02130064,-2.637254,-0.02706983,0.9843003,-0.09089926,-0.1488551,10.77795,197.0549,358.4701,0.05899424,0.002582717,-0.9982547,-0.2006939,0.001633859,-0.2479028,-0.04165667,-0.4447307,-4.612274,-0.4820732,-0.1122148,1.970443,-0.9542191,-0.02622802,0.2979575,-0.0803513,0.9820091,-0.1708854,-0.288115,-0.1870033,-0.9391593,moving,5.617783,17.42327,-13.7475,-3.25942,-8.403945664018421,3.7961621815392914,28.333511100924095,8.85069561458546,151.96792414318503
1283,05/05/2023 11:22:04.355953,1465,True,True,True,True,Eyes,0.08847909,0.009949413,-2.574829,-0.08963148,-0.2958935,-0.9510064,0.0,0.0,0.0,0.0,0.0,0.0,0.0,0.8016769,-0.467777,-2.478798,0.05470986,0.02138927,-2.646222,-0.02506692,0.985553,-0.09003002,-0.1412509,10.63432,196.1822,358.6021,0.0565941,0.002695591,-0.9983934,-0.1886523,0.001535828,-0.2330286,-0.01566208,-0.438264,-4.624099,-0.481113,-0.1093719,1.970991,-0.9588399,-0.0239759,0.282934,-0.07484319,0.9825325,-0.1703773,-0.2739069,-0.1845402,-0.9438857,moving,5.38417,17.28287,-13.71748,-3.176132,-8.410836042380259,3.7950031965569977,27.990066015615326,8.761118422987893,152.29947379778963
1284,05/05/2023 11:22:04.376221,1466,True,True,True,True,Eyes,0.08695759,0.01030752,-2.578738,-0.08549289,-0.2937485,-0.9520519,0.0,0.0,0.0,0.0,0.0,0.0,0.0,0.7631903,-0.4629866,-2.501908,0.05261508,0.02128051,-2.655775,-0.02310041,0.9868107,-0.08816474,-0.1337842,10.38052,195.3249,358.7183,0.0543704,0.002812262,-0.9985166,-0.1773332,0.001443678,-0.2190469,0.0100077,-0.428374,-4.636882,-0.4802299,-0.1067616,1.97149,-0.9631365,-0.02200136,0.2681126,-0.06918154,0.9833867,-0.1678229,-0.259966,-0.1801847,-0.9486577,moving,5.131315,17.14722,-13.68992,-3.099696,-8.419148909363711,3.7945786345520176,27.64374241010578,8.678251588108898,152.6339257059084
1285,05/05/2023 11:22:04.395878,1467,True,True,True,True,Eyes,0.0854532,0.01063174,-2.582841,-0.08093648,-0.2918912,-0.9530209,0.0,0.0,0.0,0.0,0.0,0.0,0.0,0.7252699,-0.4631268,-2.522727,0.05100497,0.02058369,-2.664887,-0.02130107,0.9878846,-0.08746161,-0.1264151,10.26432,194.48,358.8369,0.05230479,0.002930559,-0.9986265,-0.1666932,0.001357057,-0.2059041,0.03608099,-0.4236678,-4.647764,-0.4793388,-0.1041235,1.971998,-0.9671313,-0.01997308,0.253493,-0.06419894,0.9837934,-0.1674184,-0.2460409,-0.1781895,-0.9527396,moving,4.854268,17.02878,-13.66208,-3.02247,-8.429839128250837,3.79564908897211,27.292998549437623,8.594363993420822,152.97284043092264
1286,05/05/2023 11:22:04.406187,1468,True,True,True,True,Eyes,0.08400485,0.01096101,-2.58715,-0.07612993,-0.2902384,-0.9539213,0.0,0.0,0.0,0.0,0.0,0.0,0.0,0.6867532,-0.4800599,-2.539514,0.04979541,0.02013189,-2.673637,-0.01961598,0.9886237,-0.08999238,-0.1189108,10.52137,193.6238,358.9869,0.05038205,0.00304894,-0.9987251,-0.1566916,0.001275634,-0.1935498,0.06362718,-0.4314504,-4.655018,-0.4784298,-0.1014348,1.972513,-0.970951,-0.01738352,0.2386466,-0.06018777,0.9830332,-0.1732721,-0.2315854,-0.1826023,-0.9555232,moving,4.562953,16.92281,-13.63371,-2.943793,-8.442053037480054,3.79771928436546,26.94068408736456,8.50889475177195,153.31354142251783
1287,05/05/2023 11:22:04.426455,1469,True,True,True,True,Eyes,0.08259462,0.01131412,-2.591666,-0.07093693,-0.2886492,-0.9548035,0.0,0.0,0.0,0.0,0.0,0.0,0.0,0.6473997,-0.4940554,-2.556695,0.04891955,0.02061205,-2.682739,-0.01771277,0.9893863,-0.0917565,-0.1112738,10.6907,192.7541,359.147,0.04858975,0.003167541,-0.9988136,-0.1472901,0.001199096,-0.1819368,0.09179111,-0.4354725,-4.66283,-0.4775347,-0.09878641,1.973021,-0.9746088,-0.01462935,0.2234361,-0.05546974,0.982534,-0.1776233,-0.2169351,-0.1855072,-0.9583977,moving,4.248972,16.82073,-13.60578,-2.866326,-8.455853196303071,3.800567846262172,26.577666243081612,8.424323096888228,153.66486894454658
1288,05/05/2023 11:22:04.446356,1470,True,True,True,True,Eyes,0.08119901,0.01168371,-2.596361,-0.06557544,-0.287049,-0.9556687,0.0,0.0,0.0,0.0,0.0,0.0,0.0,0.6081948,-0.4978637,-2.575472,0.04830772,0.02153394,-2.692215,-0.01596662,0.9902614,-0.09153413,-0.1036777,10.63759,191.8853,359.263,0.04691681,0.00328715,-0.9988931,-0.1384527,0.00112715,-0.1710206,0.119833,-0.4311767,-4.672418,-0.4766229,-0.09608719,1.973541,-0.9779923,-0.01264216,0.208259,-0.05060233,0.9827331,-0.1779747,-0.202413,-0.1845962,-0.961745,moving,3.925331,16.7184,-13.57732,-2.787399,-8.470229415453133,3.803651088675794,26.207231571766638,8.338124220122921,154.0237778193774
1289,05/05/2023 11:22:04.456190,1471,True,True,True,True,Eyes,0.0798646,0.01204014,-2.601228,-0.0598846,-0.2855376,-0.9564947,0.0,0.0,0.0,0.0,0.0,0.0,0.0,0.5691646,-0.5044407,-2.592634,0.04801401,0.02230027,-2.701362,-0.01449825,0.9910086,-0.0919444,-0.09611413,10.66244,191.019,359.3551,0.04535149,0.003408251,-0.998965,-0.1301455,0.001059521,-0.1607594,0.1482249,-0.4293396,-4.680742,-0.4756702,-0.09326807,1.974083,-0.9811037,-0.01106146,0.1931659,-0.04641009,0.982672,-0.1794484,-0.1878338,-0.1850224,-0.9646167,moving,3.58252,16.62168,-13.5476,-2.705001,-8.486068800082258,3.8075106570092094,25.825599890228318,8.248145620102834,154.39392826072162
1290,05/05/2023 11:22:04.481619,1472,True,True,True,True,Eyes,0.07859933,0.01239266,-2.606242,-0.05411688,-0.2841956,-0.9572378,0.0,0.0,0.0,0.0,0.0,0.0,0.0,0.5323166,-0.5086516,-2.608962,0.04804029,0.02234246,-2.710343,-0.01291079,0.9916835,-0.09207172,-0.08899532,10.65588,190.206,359.4625,0.04388541,0.003530112,-0.9990301,-0.1223368,0.00099595,-0.1511138,0.1751496,-0.4275684,-4.688733,-0.4748157,-0.0907394,1.974569,-0.9838265,-0.009218931,0.1788878,-0.04199474,0.9827122,-0.180314,-0.1741329,-0.18491,-0.9672056,moving,3.235739,16.5357,-13.52095,-2.631121,-8.502713141736628,3.8120182266791054,25.458861983379418,8.16680747048711,154.74992604476395
1291,05/05/2023 11:22:04.497293,1473,True,True,True,True,Eyes,0.0774111,0.01276912,-2.611423,-0.04803209,-0.2830986,-0.9578873,0.0,0.0,0.0,0.0,0.0,0.0,0.0,0.4948981,-0.5257617,-2.62185,0.04845241,0.02262784,-2.71893,-0.0111083,0.9920886,-0.09459086,-0.08178992,10.92373,189.3892,359.6168,0.04251189,0.003652388,-0.999089,-0.1149966,0.000936193,-0.142047,0.2028466,-0.43504,-4.693771,-0.473923,-0.08809748,1.975077,-0.9863744,-0.006567682,0.1643872,-0.037514,0.9818584,-0.1858679,-0.1601842,-0.1895021,-0.9687263,moving,2.870623,16.46477,-13.49311,-2.553962,-8.521264423644428,3.817760936013868,25.089518221422928,8.08196149511068,155.10879316556552
1292,05/05/2023 11:22:04.505912,1474,True,True,True,True,Eyes,0.07631136,0.01315131,-2.616756,-0.04192628,-0.2818886,-0.9585306,0.0,0.0,0.0,0.0,0.0,0.0,0.0,0.4576553,-0.5421843,-2.634773,0.04900498,0.0236129,-2.728092,-0.009387479,0.992452,-0.09685373,-0.07463444,11.16568,188.5775,359.7561,0.04122426,0.003775904,-0.9991426,-0.1080968,0.0008800214,-0.1335242,0.2303861,-0.4406981,-4.699269,-0.4729885,-0.08533251,1.975607,-0.9886832,-0.004175998,0.1499606,-0.03309049,0.9810624,-0.1908441,-0.1463238,-0.1936466,-0.9700981,moving,2.50453,16.38777,-13.46399,-2.473243,-8.53955719548859,3.823219895103589,24.712981252300764,7.9934650456209795,155.47518921136037
1293,05/05/2023 11:22:04.526112,1475,True,True,True,True,Eyes,0.07530225,0.013511,-2.622223,-0.03556271,-0.2807976,-0.9591079,0.0,0.0,0.0,0.0,0.0,0.0,0.0,0.4226723,-0.5434771,-2.649627,0.0498287,0.024104,-2.737055,-0.007763812,0.9929906,-0.09642318,-0.06791261,11.10158,187.8118,359.8644,0.04001731,0.003900676,-0.9991912,-0.101611,0.0008272202,-0.1255127,0.2563273,-0.4364972,-4.706809,-0.4721154,-0.08274922,1.976104,-0.9906555,-0.002322086,0.1363704,-0.02851548,0.9812846,-0.1904401,-0.1333759,-0.1925491,-0.9721812,moving,2.123495,16.31843,-13.43679,-2.397856,-8.559162697741362,3.829451179228872,24.339717149445697,7.9101582034883675,155.8387841510806
1294,05/05/2023 11:22:04.546057,1476,True,True,True,True,Eyes,0.07436963,0.01384612,-2.627812,-0.02918689,-0.2796333,-0.9596632,0.0,0.0,0.0,0.0,0.0,0.0,0.0,0.3883264,-0.5498767,-2.662524,0.05089371,0.02393482,-2.74573,-0.006205092,0.9933639,-0.09710658,-0.06131975,11.16793,187.0623,359.9756,0.03888671,0.004025615,-0.9992353,-0.09551432,0.0007775869,-0.117982,0.2820742,-0.4373389,-4.712767,-0.4712369,-0.08014983,1.976603,-0.9924028,-0.0004187269,0.1230308,-0.02423693,0.9810636,-0.1921633,-0.1206205,-0.1936853,-0.9736204,moving,1.742039,16.24543,-13.40942,-2.32203,-8.5786020751537,3.835507066716165,23.964917706520104,7.826369819462905,156.20438971813766
1295,05/05/2023 11:22:04.556540,1477,True,True,True,True,Eyes,0.07354229,0.01417434,-2.633523,-0.02258249,-0.2785419,-0.9601585,0.0,0.0,0.0,0.0,0.0,0.0,0.0,0.354435,-0.5593637,-2.67412,0.05223992,0.02367278,-2.754295,-0.00407206,0.9936286,-0.09835906,-0.05487706,11.29798,186.338,0.1579359,0.03782717,0.004149762,-0.9992754,-0.08978346,0.0007309317,-0.110903,0.3071005,-0.4407694,-4.71786,-0.4702818,-0.07732385,1.977146,-0.9939442,0.002703084,0.1098559,-0.01888754,0.9806178,-0.1950178,-0.1082538,-0.1959116,-0.9746283,moving,1.347322,16.17744,-13.37968,-2.239629,-8.59911278640474,3.842157426457849,23.581200530481162,7.735757818129319,156.57922464496764
1296,05/05/2023 11:22:04.576500,1478,True,True,True,True,Eyes,0.0728295,0.01449332,-2.63936,-0.01594636,-0.2772255,-0.9606726,0.0,0.0,0.0,0.0,0.0,0.0,0.0,0.3200534,-0.5620568,-2.686835,0.05384544,0.0238341,-2.762962,-0.001669958,0.993981,-0.09828029,-0.04837378,11.27621,185.6081,0.3615606,0.03683655,0.00427275,-0.9993119,-0.08439645,0.0006870758,-0.1042489,0.3324803,-0.4390684,-4.723851,-0.469407,-0.07473522,1.977643,-0.9953143,0.006188565,0.09649348,-0.01282819,0.9806764,-0.1952159,-0.09583698,-0.195539,-0.9760019,moving,0.9509746,16.09679,-13.35245,-2.16418,-8.61905949073402,3.848205546530672,23.195925948941664,7.652043235198045,156.9561988070927
1297,05/05/2023 11:22:04.596387,1479,True,True,True,True,Eyes,0.07221694,0.01478423,-2.645328,-0.009123472,-0.2757378,-0.9611896,0.0,0.0,0.0,0.0,0.0,0.0,0.0,0.2856802,-0.5588503,-2.700428,0.05552784,0.0238854,-2.771747,0.0006702413,0.9943855,-0.09717026,-0.0418939,11.1392,184.8789,0.5532887,0.03591159,0.004394359,-0.999345,-0.07933266,0.0006458513,-0.09799393,0.3578023,-0.4334154,-4.730649,-0.4685012,-0.0720562,1.978157,-0.9964889,0.009474637,0.0831871,-0.006808724,0.981115,-0.1933055,-0.08344761,-0.1931932,-0.9776056,moving,0.5438269,16.00667,-13.32427,-2.08613,-8.639168629858585,3.8540485433350393,22.79634890651987,7.565440897607948,157.34782349452817
1298,05/05/2023 11:22:04.615999,1480,True,True,True,True,Eyes,0.07169776,0.01504497,-2.651417,-0.002331876,-0.2740082,-0.9617245,0.0,0.0,0.0,0.0,0.0,0.0,0.0,0.2534358,-0.5462734,-2.715502,0.05727186,0.02364033,-2.780784,0.002426641,0.9948828,-0.09446464,-0.03575926,10.82378,184.181,0.6757761,0.03504959,0.004513587,-0.9993752,-0.0745727,0.0006071002,-0.09211429,0.3821219,-0.4215313,-4.739069,-0.4676116,-0.06942356,1.978663,-0.9974309,0.01158442,0.07069407,-0.001927523,0.9821411,-0.188136,-0.071611,-0.1877889,-0.9795954,moving,0.1389238,15.90297,-13.29659,-2.009461,-8.658429214152068,3.859143260689861,22.391253100256613,7.4801772334594245,157.74558587354568
1299,05/05/2023 11:22:04.626307,1481,True,True,True,True,Eyes,0.07129581,0.01526219,-2.657619,0.004613621,-0.2721596,-0.9622411,0.0,0.0,0.0,0.0,0.0,0.0,0.0,0.2228117,-0.5306818,-2.730482,0.05934266,0.02295624,-2.789758,0.004323025,0.9953623,-0.09132775,-0.0299089,10.46004,183.5173,0.8197432,0.03424865,0.004629339,-0.9994024,-0.07009834,0.0005706742,-0.08658744,0.4054957,-0.4083171,-4.747735,-0.466621,-0.06649205,1.979226,-0.9981737,0.01406898,0.05875075,0.003142926,0.9832811,-0.182067,-0.06033,-0.1815498,-0.9815295,moving,-0.2747118,15.79299,-13.26577,-1.924127,-8.677893289815264,3.86414216781763,21.969611465555694,7.385978111730613,158.16027294497079
1300,05/05/2023 11:22:04.646414,1482,True,True,True,True,Eyes,0.07101951,0.01542284,-2.663939,0.01157912,-0.270108,-0.9627604,0.0,0.0,0.0,0.0,0.0,0.0,0.0,0.1940979,-0.5135584,-2.745107,0.0616299,0.02203204,-2.798704,0.006277998,0.9958019,-0.08800036,-0.02440096,10.07607,182.8936,0.9775712,0.0335064,0.004740355,-0.999427,-0.06589244,0.0005364337,-0.08139219,0.4278264,-0.3949573,-4.756348,-0.4657088,-0.06379199,1.979747,-0.9987306,0.01679787,0.0474921,0.008208697,0.9844331,-0.1755682,-0.04970197,-0.1749555,-0.9833213,moving,-0.6890633,15.67177,-13.2374,-1.845563,-8.696811998187666,3.868587647708052,21.548032610181746,7.298524304741641,158.57569300908486
1301,05/05/2023 11:22:04.656570,1483,True,True,True,True,Eyes,0.07086615,0.01552268,-2.670358,0.0186411,-0.2680394,-0.9632276,0.0,0.0,0.0,0.0,0.0,0.0,0.0,0.1670518,-0.4992182,-2.758847,0.06408571,0.02076031,-2.807815,0.008080969,0.9961393,-0.08528323,-0.01918036,9.764445,182.3024,1.126268,0.03282073,0.004845074,-0.9994493,0.0,0.0,0.0,0.4493461,-0.3844349,-4.764483,-0.4648482,-0.06124595,1.980234,-0.9991336,0.01937106,0.03683427,0.01282802,0.985323,-0.1702179,-0.03959095,-0.169598,-0.9847178,moving,-1.108692,15.5504,-13.21065,-1.771516,-8.716044701244954,3.873160649169995,21.130692400979672,7.215528481357546,158.98769621506133
1302,05/05/2023 11:22:04.676087,1484,True,True,True,True,Eyes,0.07088632,0.01557823,-2.676888,0.02573245,-0.2659065,-0.9636553,0.0,0.0,0.0,0.0,0.0,0.0,0.0,0.1416518,-0.4906174,-2.770798,0.0668064,0.01937722,-2.816602,0.009637705,0.9963453,-0.08367199,-0.01422613,9.581953,181.7412,1.254364,0.03219176,0.004941622,-0.9994693,0.0,0.0,0.0,0.470222,-0.3783132,-4.771355,-0.4640231,-0.05880427,1.980704,-0.9994097,0.02158562,0.02673546,0.01682431,0.9858122,-0.1670066,-0.02996108,-0.1664582,-0.9855934,moving,-1.529604,15.42606,-13.18501,-1.700531,-8.73520003027987,3.877615437203761,20.71638502022293,7.135581717106859,159.39751258782132
1303,05/05/2023 11:22:04.695932,1485,True,True,True,True,Eyes,0.07475968,0.01591613,-2.842521,0.2038162,-0.2054604,-0.9572069,0.0,0.0,0.0,0.0,0.0,0.0,0.0,0.1188908,-0.4772837,-2.783565,0.06980452,0.01832736,-2.825767,0.01059124,0.9965961,-0.08118534,-0.009656827,9.300557,181.2175,1.316799,0.03161993,0.005029179,-0.9994871,0.0,0.0,0.0,0.4900875,-0.3677209,-4.779531,-0.4631113,-0.05610576,1.981223,-0.9995894,0.02267836,0.0175282,0.01954239,0.9865935,-0.1620225,-0.02096762,-0.1616134,-0.9866316,moving,-12.02036,12.11448,-13.15667,-1.622111,-9.201486533093997,3.977834101865205,13.783509448517856,6.85586328632585,166.5166366568179
1304,05/05/2023 11:22:04.706187,1486,True,True,True,True,Eyes,0.07491172,0.01586241,-2.84288,0.2045528,-0.2053422,-0.9570751,0.0,0.0,0.0,0.0,0.0,0.0,0.0,0.09826359,-0.4633979,-2.795827,0.07312641,0.01729269,-2.834678,0.01078833,0.9968295,-0.07865044,-0.005371336,9.014606,180.7197,1.296869,0.03108942,0.005085745,-0.9995035,0.01162007,0.001013699,-0.4968982,0.5094243,-0.3560469,-4.787655,-0.462116,-0.05316111,1.981787,-0.9997096,0.02235316,0.009011597,0.02066332,0.9873954,-0.1569181,-0.01240562,-0.1566863,-0.9875705,moving,-12.06415,12.10934,-13.12577,-1.536581,-9.203887916052723,3.978694122577239,13.687154450894496,6.767526782961853,166.6123920591627
1305,05/05/2023 11:22:04.730868,1487,True,True,True,True,Eyes,0.07521555,0.015745,-2.84358,0.2055293,-0.2050547,-0.9569275,0.0,0.0,0.0,0.0,0.0,0.0,0.0,0.08005381,-0.4510518,-2.807577,0.07673322,0.01588833,-2.843625,0.0111498,0.9970089,-0.07646404,-0.001507106,8.768184,180.2731,1.302388,0.030615,0.005134902,-0.9995178,0.01092286,0.000952877,-0.4670843,0.5274874,-0.3468583,-4.795521,-0.4613262,-0.05082452,1.982236,-0.9997468,0.02246337,0.001300079,0.02200241,0.9880579,-0.1525043,-0.004710312,-0.152437,-0.9883021,moving,-12.12186,12.09469,-13.10125,-1.468742,-9.206639907512647,3.979426882425633,13.598745985962235,6.697053974990444,166.7011196907168
1306,05/05/2023 11:22:04.746028,1488,True,True,True,True,Eyes,0.07569172,0.01557849,-2.844597,0.2069348,-0.2048041,-0.9566783,0.0,0.0,0.0,0.0,0.0,0.0,0.0,0.06410985,-0.4373857,-2.819273,0.08062491,0.01420644,-2.852544,0.01152351,0.9971819,-0.07410657,0.001986068,8.501842,179.8695,1.314468,0.03019764,0.005174913,-0.9995295,0.01026749,0.0008957044,-0.4390592,0.5442691,-0.3369844,-4.803776,-0.4604241,-0.04815444,1.982751,-0.9997268,0.0226877,-0.005668876,0.02327642,0.9887509,-0.1477497,0.002253006,-0.1478412,-0.9890088,moving,-12.20536,12.0834,-13.07323,-1.391251,-9.211140906179033,3.980991055748124,13.502570788879463,6.616397575279142,166.79857116053932
1307,05/05/2023 11:22:04.756284,1489,True,True,True,True,Eyes,0.07633454,0.0153729,-2.845932,0.2084985,-0.2044751,-0.9564091,0.0,0.0,0.0,0.0,0.0,0.0,0.0,0.05082218,-0.4290743,-2.829646,0.08491789,0.01281918,-2.861155,0.01113766,0.9972801,-0.07268064,0.005110235,8.341896,179.5035,1.243502,0.02983779,0.005204872,-0.9995396,0.009651442,0.0008419622,-0.4127157,0.5601996,-0.3295808,-4.811412,-0.4594552,-0.04528746,1.983302,-0.9996999,0.0214719,-0.01181166,0.02295756,0.989187,-0.1448521,0.008573687,-0.1450797,-0.989383,moving,-12.29815,12.06785,-13.04316,-1.308086,-9.215985255717335,3.982576451055975,13.39666763699824,6.529806711862817,166.90593831247523
1308,05/05/2023 11:22:04.775958,1490,True,True,True,True,Eyes,0.07715433,0.01511941,-2.847567,0.2104838,-0.2041235,-0.9560493,0.0,0.0,0.0,0.0,0.0,0.0,0.0,0.04066885,-0.4237465,-2.839802,0.08951733,0.01165694,-2.870111,0.01025286,0.9973403,-0.07174518,0.007750458,8.236975,179.1901,1.119667,0.02953524,0.005224354,-0.9995482,0.009072356,0.0007914444,-0.3879527,0.5747927,-0.3237288,-4.819361,-0.4585986,-0.04275367,1.983787,-0.9996697,0.01933905,-0.01693087,0.02156328,0.989495,-0.1429497,0.0139885,-0.1432676,-0.9895852,moving,-12.41616,12.05211,-13.0166,-1.234622,-9.222357811251356,3.9847980787067145,13.300292306315077,6.45279937274412,167.005198426219
1309,05/05/2023 11:22:04.796131,1491,True,True,True,True,Eyes,0.07814401,0.01482859,-2.849491,0.2125219,-0.2037194,-0.9556845,0.0,0.0,0.0,0.0,0.0,0.0,0.0,0.03384866,-0.4132174,-2.850536,0.09434045,0.01022011,-2.878966,0.009048728,0.9974604,-0.06995613,0.009862393,8.032537,178.9348,0.9647238,0.02929016,0.005232675,-0.9995553,0.008528015,0.0007439578,-0.3646756,0.5876347,-0.3144107,-4.828273,-0.4577098,-0.0401234,1.984293,-0.9996419,0.01667162,-0.02094072,0.01943136,0.9900485,-0.1393784,0.01840867,-0.1397354,-0.9900179,moving,-12.53724,12.0334,-12.98903,-1.158392,-9.228761963249344,3.986947251248287,13.199526142076616,6.372921756827469,167.10887889659665
1310,05/05/2023 11:22:04.816300,1492,True,True,True,True,Eyes,0.07929866,0.01452664,-2.851696,0.2148592,-0.2033806,-0.9552339,0.0,0.0,0.0,0.0,0.0,0.0,0.0,0.03034224,-0.4100051,-2.860168,0.09938008,0.009018626,-2.887841,0.007828877,0.9974923,-0.06940931,0.0114099,7.969686,178.7459,0.8119918,0.02910247,0.005229598,-0.9995608,0.008016334,0.0006993203,-0.342795,0.5983166,-0.3094454,-4.837011,-0.4567284,-0.03721929,1.984851,-0.9996172,0.01403458,-0.02384938,0.0172024,0.9902421,-0.1382919,0.02167579,-0.1386492,-0.9901044,moving,-12.67648,12.01947,-12.95859,-1.074266,-9.236524185042722,3.989804662237415,13.096774736162946,6.284790020597925,167.21529606590607
1311,05/05/2023 11:22:04.826260,1493,True,True,True,True,Eyes,0.08063444,0.01423163,-2.854182,0.2171566,-0.2027922,-0.9548394,0.0,0.0,0.0,0.0,0.0,0.0,0.0,0.0314477,-0.4054923,-2.870017,0.1046594,0.0084266,-2.896788,0.006105472,0.9975547,-0.06854122,0.01222609,7.868302,178.6374,0.6076299,0.02897186,0.005215839,-0.9995647,0.007535354,0.0006573611,-0.3222273,0.6066676,-0.3025708,-4.846615,-0.455895,-0.03475335,1.985324,-0.9996266,0.0105051,-0.02522934,0.01385707,0.9905296,-0.1365979,0.02355544,-0.1368965,-0.9903054,moving,-12.81269,11.99051,-12.93277,-1.002867,-9.243313963659029,3.9918199199651,12.993931855698222,6.209588011499901,167.32171825789143
1312,05/05/2023 11:22:04.846177,1494,True,True,True,True,Eyes,0.08212438,0.01408499,-2.856934,0.2196814,-0.2023723,-0.9543508,0.0,0.0,0.0,0.0,0.0,0.0,0.0,0.03537585,-0.3895094,-2.881672,0.1103322,0.008242978,-2.905988,0.004118317,0.9977559,-0.06562422,0.01263898,7.530735,178.5735,0.379093,0.02889865,0.005192673,-0.9995671,0.007083233,0.0006179194,-0.3028937,0.6138161,-0.2866786,-4.858209,-0.4549478,-0.03195065,1.985862,-0.9996466,0.006559303,-0.02576175,0.009876995,0.991353,-0.1308498,0.02468071,-0.131058,-0.9910675,moving,-12.96307,11.97235,-12.90342,-0.9217558,-9.251533939609226,3.994747458459268,12.894243774029311,6.1244000594766055,167.42565756602252
1313,05/05/2023 11:22:04.856099,1495,True,True,True,True,Eyes,0.08378384,0.01407947,-2.859996,0.2221646,-0.2012541,-0.9540124,0.0,0.0,0.0,0.0,0.0,0.0,0.0,0.03860492,-0.4010791,-2.889495,0.1161002,0.01167637,-2.915119,0.002910079,0.9976726,-0.06685136,0.01311264,7.670033,178.5097,0.2343408,0.02888212,0.005166207,-0.9995678,0.006658238,0.0005808442,-0.2847201,0.6209341,-0.2842238,-4.867123,-0.454019,-0.02920216,1.986391,-0.9996394,0.004053416,-0.02655333,0.007559806,0.9910449,-0.1333152,0.02577516,-0.1334678,-0.9907181,moving,-13.10905,11.9122,-12.87464,-0.8422514,-9.25728508308194,3.995426342829676,12.756605291497499,6.040561442318163,167.56643352411967
1314,05/05/2023 11:22:04.876349,1496,True,True,True,True,Eyes,0.08562984,0.01405148,-2.863315,0.2248813,-0.199397,-0.9537659,0.0,0.0,0.0,0.0,0.0,0.0,0.0,0.03976236,-0.3504711,-2.906842,0.1218118,0.01490865,-2.925591,0.003132298,0.9982534,-0.05734661,0.01384699,6.57938,178.426,0.2690865,0.02892213,0.005141659,-0.9995669,0.006258744,0.0005459936,-0.2676369,0.6288213,-0.2414255,-4.882873,-0.4531876,-0.02674213,1.986863,-0.9995968,0.004665499,-0.02800486,0.00784181,0.9934031,-0.1144061,0.02728635,-0.1145796,-0.9930392,moving,-13.26703,11.80834,-12.8489,-0.7711246,-9.261477490648227,3.994189091831096,12.586411812726976,5.964714145888022,167.73944186408679
1315,05/05/2023 11:22:04.896384,1497,True,True,True,True,Eyes,0.08763102,0.01403627,-2.866808,0.2276504,-0.1982873,-0.9533402,0.0,0.0,0.0,0.0,0.0,0.0,0.0,0.03991757,-0.2843348,-2.924725,0.1277963,0.01364474,-2.935973,0.003681617,0.9988239,-0.04602768,0.01478976,5.281898,178.3192,0.3448455,0.02901912,0.005118009,-0.9995643,0.005883219,0.0005132339,-0.2515787,0.6377059,-0.1959898,-4.89833,-0.4522868,-0.02407686,1.987375,-0.9995356,0.005993098,-0.02988365,0.008716051,0.9957358,-0.09183819,0.02920583,-0.09205599,-0.9953255,moving,-13.43029,11.74956,-12.821,-0.6940991,-9.268354332537006,3.995380215844521,12.458566775561017,5.883239540616817,167.87126167848336
1316,05/05/2023 11:22:04.906431,1498,True,True,True,True,Eyes,0.0897628,0.0141625,-2.870608,0.2307603,-0.197316,-0.9527938,0.0,0.0,0.0,0.0,0.0,0.0,0.0,0.0302669,-0.3354003,-2.927448,0.1334821,0.01407835,-2.943696,0.005382406,0.9983513,-0.05448865,0.0172307,6.256699,178.0504,0.5112257,0.02917249,0.005095587,-0.99956,0.005530226,0.0004824399,-0.2364839,0.6514738,-0.2276814,-4.900534,-0.4513263,-0.02123429,1.987921,-0.9993483,0.008869308,-0.03499115,0.01262482,0.994004,-0.1086121,0.03381802,-0.1089831,-0.9934681,moving,-13.6145,11.70011,-12.79128,-0.6119907,-9.276997847595922,3.997582483283159,12.339591355281605,5.796407851311799,167.99524141886673
1317,05/05/2023 11:22:04.926201,1499,True,True,True,True,Eyes,0.09202556,0.01437707,-2.874628,0.2338844,-0.1958437,-0.9523357,0.0,0.0,0.0,0.0,0.0,0.0,0.0,0.02457339,-0.3259325,-2.939141,0.1392383,0.01813817,-2.953924,0.005953438,0.998448,-0.05198338,0.01907981,5.971432,177.8402,0.5706047,0.02938064,0.005079144,-0.9995539,0.005198413,0.0004534935,-0.2222949,0.6635933,-0.2117067,-4.91078,-0.4504445,-0.0186248,1.988421,-0.9992012,0.00990473,-0.03871935,0.01387206,0.9945246,-0.1035782,0.03748143,-0.1040326,-0.9938674,moving,-13.7982,11.62062,-12.764,-0.5366526,-9.284036017819762,3.998243599963767,12.201182184965143,5.716242897368652,168.13798557763468
1318,05/05/2023 11:22:04.946154,1500,True,True,True,True,Eyes,0.09439297,0.01467304,-2.878841,0.2370484,-0.1944897,-0.9518307,0.0,0.0,0.0,0.0,0.0,0.0,0.0,0.01805843,-0.2843671,-2.953078,0.1446161,0.02035669,-2.963195,0.007436655,0.9987674,-0.04436497,0.02098207,5.102206,177.6263,0.7474404,0.0296422,0.005071104,-0.999546,0.004886508,0.0004262839,-0.2089572,0.6755066,-0.1782929,-4.921992,-0.4495552,-0.01599245,1.988929,-0.9990093,0.01299324,-0.04257227,0.01671671,0.9959529,-0.08830851,0.04125256,-0.08893266,-0.9951833,moving,-13.98472,11.5484,-12.73647,-0.4606902,-9.291627162154224,3.9993467522261694,12.073788779593425,5.635501024104267,168.26994773167402
1319,05/05/2023 11:22:04.956250,1501,True,True,True,True,Eyes,0.09685314,0.01507228,-2.883265,0.2402102,-0.1930186,-0.9513375,0.0,0.0,0.0,0.0,0.0,0.0,0.0,0.008712277,-0.2929367,-2.961481,0.1497464,0.02266057,-2.97209,0.01114056,0.9986481,-0.04519124,0.02314415,5.208249,177.3975,1.159903,0.02995503,0.005073399,-0.9995364,0.004593317,0.0004007069,-0.1964198,0.6874187,-0.1801633,-4.928912,-0.4486258,-0.01324242,1.989457,-0.9986804,0.02015917,-0.04723264,0.02434282,0.9956673,-0.0897446,0.04521882,-0.09077596,-0.9948442,moving,-14.17084,11.46916,-12.70774,-0.3813723,-9.298826028907213,4.000082563491244,11.940509930624543,5.55138191652517,168.40740805606922
1320,05/05/2023 11:22:04.976091,1502,True,True,True,True,Eyes,0.09943122,0.01549505,-2.887843,0.2431629,-0.1910637,-0.9509819,0.0,0.0,0.0,0.0,0.0,0.0,0.0,-0.001297802,-0.2750613,-2.972964,0.1544028,0.0254912,-2.981557,0.01590186,0.9986934,-0.04144907,0.02531149,4.795227,177.1678,1.705837,0.03031673,0.005088508,-0.999525,0.004317719,0.0003766645,-0.1846346,0.6989781,-0.1647634,-4.93802,-0.4477543,-0.01066484,1.989951,-0.9982131,0.02966389,-0.05187508,0.03386044,0.9960582,-0.08198483,0.04923861,-0.08359483,-0.9952827,moving,-14.34302,11.36017,-12.6808,-0.3070649,-9.303615655121336,3.998948026554341,11.785047540853538,5.4723963144994,168.56556348612952
1321,05/05/2023 11:22:04.996408,1503,True,True,True,True,Eyes,0.102078,0.01590935,-2.892565,0.2462202,-0.1894943,-0.9505091,0.0,0.0,0.0,0.0,0.0,0.0,0.0,-0.01511745,-0.2621383,-2.982714,0.1587867,0.02650953,-2.989918,0.02085968,0.9986312,-0.03889564,0.02806888,4.5228,176.8696,2.269624,0.03072606,0.005115893,-0.9995118,0.004058655,0.0003540646,-0.1735565,0.7125526,-0.1560552,-4.944836,-0.4468522,-0.007994965,1.990465,-0.9975543,0.03947873,-0.05768362,0.04384577,0.996104,-0.07651379,0.05443822,-0.07885582,-0.9953988,moving,-14.5227,11.27472,-12.65292,-0.2301348,-9.310096313748495,3.999203012747012,11.655803756819306,5.390896820724338,168.69830286137332
1322,05/05/2023 11:22:05.006514,1504,True,True,True,True,Eyes,0.1047538,0.01632355,-2.897436,0.2493258,-0.1878971,-0.9500165,0.0,0.0,0.0,0.0,0.0,0.0,0.0,-0.03504989,-0.2782509,-2.989565,0.1630317,0.02678399,-2.998142,0.02598952,0.9983026,-0.0413704,0.03170121,4.832792,176.482,2.834066,0.0311797,0.005153922,-0.9994979,0.003815136,0.0003328207,-0.1631431,0.7289219,-0.1681944,-4.948696,-0.4459401,-0.005296513,1.990984,-0.9966391,0.04926782,-0.06544519,0.05451379,0.995226,-0.08095255,0.06114441,-0.08424815,-0.994567,moving,-14.70529,11.18774,-12.62473,-0.1524207,-9.31667427337509,3.999454696770372,11.529439475335499,5.308606408537273,168.8280601257461
1323,05/05/2023 11:22:05.026394,1505,True,True,True,True,Eyes,0.1074811,0.0167535,-2.902446,0.2525558,-0.1865314,-0.9494323,0.0,0.0,0.0,0.0,0.0,0.0,0.0,-0.0548733,-0.2852161,-2.997322,0.1668674,0.02722184,-3.006611,0.02939517,0.9980457,-0.04233858,0.03533071,4.967391,176.0842,3.204141,0.03167512,0.005201574,-0.9994823,0.003586228,0.0003128515,-0.1533545,0.745362,-0.1726486,-4.953275,-0.4450496,-0.002661943,1.991489,-0.9957755,0.05568375,-0.07301243,0.06166715,0.9946867,-0.08243456,0.06803422,-0.08658877,-0.9939185,moving,-14.89614,11.11512,-12.59723,-0.07658491,-9.324508541651532,4.000648395196098,11.425377279574539,5.228244176483614,168.93620757468153
1324,05/05/2023 11:22:05.047155,1506,True,True,True,True,Eyes,0.110268,0.01724289,-2.907595,0.2559768,-0.1849018,-0.9488346,0.0,0.0,0.0,0.0,0.0,0.0,0.0,-0.07307212,-0.2978936,-3.004296,0.1707814,0.02806387,-3.014949,0.03022303,0.9978102,-0.04423906,0.03878694,5.199788,175.6965,3.274342,0.03220673,0.005258086,-0.9994652,0.003371054,0.0002940804,-0.1441533,0.7616457,-0.1777321,-4.957593,-0.44415,9.834766e-07,1.992001,-0.9951644,0.05688189,-0.08007808,0.06374549,0.9942589,-0.08593985,0.07472992,-0.09062888,-0.9930771,moving,-15.09784,11.02717,-12.56945,2.828766e-05,-9.332201183819432,4.00134015385418,11.313293522937022,5.146870558738469,169.05212457179798
1325,05/05/2023 11:22:05.056441,1507,True,True,True,True,Eyes,0.1131035,0.01775401,-2.9129,0.2595284,-0.1828948,-0.9482587,0.0,0.0,0.0,0.0,0.0,0.0,0.0,-0.08993682,-0.2992965,-3.012513,0.1747537,0.02999156,-3.023485,0.02874888,0.9977217,-0.04411084,0.0421837,5.189273,175.2979,3.087789,0.03277508,0.005324802,-0.9994466,0.003168791,0.0002764355,-0.1355041,0.7784893,-0.1712243,-4.962985,-0.4432065,0.002792954,1.992538,-0.9947882,0.05364524,-0.08671145,0.06108827,0.9944554,-0.08559521,0.0816389,-0.09044614,-0.9925497,moving,-15.30642,10.91684,-12.54033,0.08031185,-9.33914061654614,4.001069676130392,11.183988386700088,5.061615888221905,169.18444491348558
1326,05/05/2023 11:22:05.075968,1508,True,True,True,True,Eyes,0.1159546,0.01824245,-2.918342,0.2632451,-0.1805154,-0.9476899,0.0,0.0,0.0,0.0,0.0,0.0,0.0,-0.1034046,-0.2699302,-3.024191,0.1787043,0.03093392,-3.032556,0.02590682,0.9978784,-0.03905372,0.0451919,4.604849,174.9253,2.770178,0.03337586,0.00540115,-0.9994264,0.002978663,0.0002598494,-0.1273738,0.7946692,-0.1450761,-4.970973,-0.4423491,0.005329728,1.993025,-0.9945731,0.04817388,-0.09221555,0.05523353,0.9956073,-0.07560016,0.08816853,-0.08028328,-0.992865,moving,-15.52399,10.78448,-12.51386,0.1532194,-9.34547387000042,3.999908804196333,11.04918931695952,4.983541917264271,169.3216887041463
1327,05/05/2023 11:22:05.096040,1509,True,True,True,True,Eyes,0.1188408,0.01870019,-2.923911,0.2670589,-0.1780806,-0.9470834,0.0,0.0,0.0,0.0,0.0,0.0,0.0,-0.1171073,-0.2512861,-3.034183,0.1826161,0.03077205,-3.041188,0.02321157,0.9979222,-0.0359707,0.04815402,4.245338,174.5661,2.463351,0.03400839,0.005485631,-0.9994048,0.002799944,0.0002442584,-0.1197314,0.8101681,-0.1276229,-4.977753,-0.4414017,0.008132532,1.993562,-0.9942848,0.04286242,-0.09777778,0.04979094,0.9963347,-0.06955644,0.09443805,-0.07402736,-0.9927745,moving,-15.74741,10.64902,-12.48465,0.233731,-9.352001458955964,3.9987400614997632,10.914387191735548,4.897834226970187,169.45839593788116
1328,05/05/2023 11:22:05.106453,1510,True,True,True,True,Eyes,0.12177,0.01913209,-2.929595,0.2710063,-0.1755824,-0.9464282,0.0,0.0,0.0,0.0,0.0,0.0,0.0,-0.1319873,-0.2426643,-3.043145,0.1862976,0.03046646,-3.04982,0.02125107,0.9978653,-0.03456292,0.05117396,4.08023,174.2081,2.23354,0.03466864,0.0055761,-0.9993818,0.002631947,0.0002296029,-0.1125475,0.8253182,-0.1177961,-4.983768,-0.4405063,0.01078186,1.994071,-0.9938593,0.03887397,-0.1035984,0.04594886,0.9967076,-0.06680328,0.1006604,-0.07115328,-0.9923733,moving,-15.97887,10.51008,-12.45703,0.3097929,-9.358837037265856,3.997600205057471,10.791163695729319,4.816505201239859,169.58330868698778
1329,05/05/2023 11:22:05.127026,1511,True,True,True,True,Eyes,0.1247223,0.01957523,-2.935378,0.2750166,-0.1732924,-0.9456932,0.0,0.0,0.0,0.0,0.0,0.0,0.0,-0.1462733,-0.2391566,-3.051482,0.1899346,0.03026638,-3.058291,0.02006189,0.9977603,-0.03396958,0.05401999,4.011373,173.8751,2.089073,0.0353548,0.005670998,-0.9993573,0.00247403,0.0002158267,-0.1057947,0.8394988,-0.1118327,-4.989529,-0.4396017,0.01345871,1.994587,-0.993359,0.03636384,-0.109161,0.04370398,0.9968872,-0.06561951,0.106435,-0.06995448,-0.991856,moving,-16.21494,10.38389,-12.42913,0.3866041,-9.36662193971425,3.9972269863472207,10.69009273684933,4.734506652939621,169.6861672375399
1330,05/05/2023 11:22:05.146218,1512,True,True,True,True,Eyes,0.1277036,0.02004308,-2.941273,0.2791167,-0.1709024,-0.9449266,0.0,0.0,0.0,0.0,0.0,0.0,0.0,-0.1619429,-0.2502553,-3.05826,0.1933929,0.03100329,-3.066504,0.01943321,0.9975507,-0.03561017,0.05698175,4.201285,173.5346,1.994668,0.03606423,0.005770143,-0.9993315,0.0,0.0,0.0,0.8536642,-0.1143513,-4.994205,-0.4387131,0.01608894,1.995092,-0.9927509,0.03471296,-0.1150684,0.04282948,0.9967085,-0.06883121,0.1123003,-0.07326057,-0.9909701,moving,-16.45633,10.25187,-12.40175,0.4620381,-9.374425787977096,3.9966934523246183,10.596245920450205,4.653867246110182,169.7812001424756
1331,05/05/2023 11:22:05.156073,1513,True,True,True,True,Eyes,0.1307021,0.02047452,-2.947265,0.2832784,-0.1684625,-0.944126,0.0,0.0,0.0,0.0,0.0,0.0,0.0,-0.1770914,-0.2445044,-3.066733,0.1969797,0.03203835,-3.075088,0.01868331,0.9974345,-0.03444409,0.0599081,4.068554,173.1933,1.904149,0.03679451,0.005873789,-0.9993044,0.0,0.0,0.0,0.8679958,-0.1051889,-5.000046,-0.4377524,0.01893015,1.995638,-0.9921238,0.0331438,-0.1207959,0.04139772,0.9969291,-0.06647287,0.1182217,-0.07094999,-0.9904492,moving,-16.70151,10.11695,-12.37214,0.5434781,-9.382308813699842,3.996109463562617,10.506893395147284,4.567247952019823,169.87092268998774
1332,05/05/2023 11:22:05.177722,1514,True,True,True,True,Eyes,0.1337606,0.02087953,-2.95333,0.2874767,-0.1661904,-0.9432591,0.0,0.0,0.0,0.0,0.0,0.0,0.0,-0.1923596,-0.2335367,-3.075219,0.2003461,0.03156668,-3.083403,0.0180819,0.997326,-0.03268353,0.06281632,3.868337,172.854,1.835724,0.03754447,0.005980292,-0.999276,0.0,0.0,0.0,0.8821554,-0.09579219,-5.005562,-0.4369412,0.02133036,1.996098,-0.9914544,0.03196098,-0.1264787,0.04017321,0.9972096,-0.06292059,0.1241147,-0.06746394,-0.989972,moving,-16.94963,9.992246,-12.34716,0.6122409,-9.390906516835235,3.996120442211879,10.448312101814627,4.493336779379427,169.93009015599003
1333,05/05/2023 11:22:05.196115,1515,True,True,True,True,Eyes,0.1368441,0.02127965,-2.959478,0.2917508,-0.1641973,-0.9422954,0.0,0.0,0.0,0.0,0.0,0.0,0.0,-0.2087833,-0.2473633,-3.081293,0.2039076,0.03139644,-3.091372,0.01750673,0.997064,-0.03489873,0.06587091,4.123061,172.5032,1.741583,0.03831453,0.006088521,-0.9992462,0.0,0.0,0.0,0.8966623,-0.1014244,-5.009607,-0.436031,0.02402436,1.996616,-0.9907091,0.03031303,-0.1325769,0.03950827,0.9969512,-0.06728616,0.1301331,-0.07189889,-0.9888862,moving,-17.20342,9.884683,-12.31913,0.6893803,-9.400748302757174,3.9971485692787514,10.412006557274507,4.411154344845492,169.9670276531679
1334,05/05/2023 11:22:05.206400,1516,True,True,True,True,Eyes,0.2141504,0.03089546,-3.114864,0.4001357,-0.1172813,-0.9089205,0.0,0.0,0.0,0.0,0.0,0.0,0.0,-0.2266266,-0.26582,-3.086958,0.2075404,0.03171781,-3.099555,0.01646289,0.9967545,-0.03776871,0.06916007,4.448868,172.1234,1.586043,0.03910197,0.006197922,-0.9992151,0.0,0.0,0.0,0.9121488,-0.1085998,-5.013299,-0.4351282,0.02669644,1.99713,-0.9898919,0.02759474,-0.1391148,0.03804308,0.996605,-0.07301509,0.1366276,-0.0775694,-0.9875811,moving,-23.76062,7.352455,-12.29133,0.7658502,-9.667969769926062,4.036271271074804,13.226034019897385,4.192573538873666,167.08857074353094
1335,05/05/2023 11:22:05.226179,1517,True,True,True,True,Eyes,0.2142942,0.030889,-3.115182,0.4004198,-0.1174255,-0.9087768,0.0,0.0,0.0,0.0,0.0,0.0,0.0,-0.2474049,-0.2764409,-3.092525,0.2111564,0.03174896,-3.107369,0.0153542,0.9964391,-0.03941635,0.07293615,4.634077,171.685,1.428577,0.04214471,0.006579106,-0.9990891,0.2319188,0.02884744,-0.4661601,0.9295566,-0.1111237,-5.016166,-0.4342088,0.02941623,1.997653,-0.9888891,0.02484929,-0.1465633,0.0363488,0.9964212,-0.07631224,0.1441424,-0.08079173,-0.9862533,moving,-23.77896,7.362551,-12.26304,0.8436423,-9.669617401775373,4.0372545363006695,13.23301114959614,4.11400047263385,167.07891794047296
1336,05/05/2023 11:22:05.246267,1518,True,True,True,True,Eyes,0.2146061,0.03087566,-3.115798,0.4006709,-0.1171065,-0.9087073,0.0,0.0,0.0,0.0,0.0,0.0,0.0,-0.26912,-0.2901588,-3.097702,0.2146925,0.03161726,-3.11533,0.01468787,0.9960707,-0.04157794,0.07680395,4.880929,171.2377,1.315447,0.04479419,0.006910599,-0.9989715,0.2180037,0.02711659,-0.4381905,0.9471456,-0.1164005,-5.018754,-0.4333249,0.03203209,1.998155,-0.9877712,0.02287362,-0.1542257,0.03564701,0.9961111,-0.08057296,0.1517829,-0.0850853,-0.9847451,moving,-23.79384,7.34332,-12.23584,0.9184202,-9.669517133480628,4.036657368961915,13.223717383551422,4.038491809712609,167.08336676974338
1337,05/05/2023 11:22:05.257960,1519,True,True,True,True,Eyes,0.2150509,0.0308415,-3.116691,0.4012416,-0.1169032,-0.9084816,0.0,0.0,0.0,0.0,0.0,0.0,0.0,-0.2924559,-0.2968438,-3.103153,0.2183194,0.03140891,-3.123228,0.01423321,0.9957065,-0.04261712,0.08093147,5.000942,170.7603,1.23356,0.04718709,0.00720828,-0.9988592,0.2049235,0.02548959,-0.411899,0.9657633,-0.1173147,-5.021173,-0.4323489,0.03492131,1.99871,-0.9864953,0.02144607,-0.1623812,0.03524234,0.9959624,-0.08256445,0.1599548,-0.08717211,-0.9832678,moving,-23.82922,7.33251,-12.20582,1.000966,-9.671108456984912,4.037013580857668,13.23600683680452,3.955040773434026,167.06668891721063
1338,05/05/2023 11:22:05.276056,1520,True,True,True,True,Eyes,0.2154824,0.0308184,-3.117892,0.4008194,-0.1146716,-0.9089524,0.0,0.0,0.0,0.0,0.0,0.0,0.0,-0.3182307,-0.3064172,-3.107588,0.2218864,0.03089508,-3.130827,0.01374086,0.9952701,-0.04416872,0.08542675,5.178984,170.2399,1.13949,0.04935268,0.007474771,-0.9987526,0.192628,0.02396022,-0.3871851,0.9857522,-0.1208171,-5.022353,-0.4314916,0.03745599,1.999197,-0.9850269,0.01980536,-0.1712592,0.03489811,0.9957206,-0.08557192,0.1688315,-0.09026728,-0.9815028,moving,-23.79597,7.190332,-12.17946,1.07334,-9.661629737029475,4.028929651067324,13.128628858649483,3.88265108123644,167.15947968778303
1339,05/05/2023 11:22:05.296027,1521,True,True,True,True,Eyes,0.2160416,0.03078,-3.119357,0.4007681,-0.1125474,-0.9092404,0.0,0.0,0.0,0.0,0.0,0.0,0.0,-0.3452866,-0.3149168,-3.111888,0.2255212,0.03050988,-3.138543,0.01299474,0.9948047,-0.04551457,0.09013036,5.330386,169.6934,1.015714,0.05131275,0.007713474,-0.998652,0.1810704,0.02252261,-0.363954,1.006575,-0.1229456,-5.023283,-0.4306003,0.04009403,1.999704,-0.9834157,0.01764997,-0.1805071,0.03405894,0.9955191,-0.08821376,0.1781413,-0.09289864,-0.9796102,moving,-23.78656,7.056279,-12.15206,1.148625,-9.654030803005789,4.021869582581185,13.048446882051365,3.807319831635855,167.22594559695003
1340,05/05/2023 11:22:05.307958,1522,True,True,True,True,Eyes,0.2167266,0.03071618,-3.121076,0.4009617,-0.1104725,-0.9094094,0.0,0.0,0.0,0.0,0.0,0.0,0.0,-0.3734146,-0.318072,-3.116448,0.2290678,0.03011425,-3.146343,0.0123057,0.9943404,-0.04600254,0.09497172,5.383507,169.1308,0.9055369,0.05309095,0.007926549,-0.9985574,0.1702061,0.02117125,-0.3421167,1.027754,-0.1215007,-5.024264,-0.4296159,0.04300801,2.000264,-0.9816581,0.01573423,-0.1900006,0.03320999,0.9954647,-0.08914697,0.1877362,-0.09382174,-0.9777285,moving,-23.79284,6.926197,-12.12181,1.231737,-9.64759689847778,4.015413341947029,12.986139378294846,3.7243233544443743,167.2747971794789
1341,05/05/2023 11:22:05.326475,1523,True,True,True,True,Eyes,0.2175313,0.03063222,-3.123035,0.4015102,-0.1084994,-0.9094051,0.0,0.0,0.0,0.0,0.0,0.0,0.0,-0.4017364,-0.319413,-3.120951,0.2326441,0.029418,-3.154166,0.01155309,0.9938622,-0.04624116,0.09983189,5.406509,168.5653,0.7903082,0.05470908,0.008115688,-0.9984685,0.1599938,0.01990097,-0.3215897,1.049098,-0.1196555,-5.025017,-0.4287617,0.04553436,2.000749,-0.9798002,0.01373168,-0.1995067,0.03219704,0.9954566,-0.08960793,0.1973698,-0.09422139,-0.9757907,moving,-23.82187,6.803689,-12.09557,1.30375,-9.642947425951103,4.009925018611375,12.952043880937133,3.652224078844357,167.29681243827184
1342,05/05/2023 11:22:05.346254,1524,True,True,True,True,Eyes,0.2183965,0.03054043,-3.125237,0.4024034,-0.1064084,-0.9092572,0.0,0.0,0.0,0.0,0.0,0.0,0.0,-0.4306516,-0.3230766,-3.124766,0.2362389,0.02886158,-3.16186,0.01063407,0.9933361,-0.04681714,0.1047786,5.465062,167.9883,0.6513072,0.0561868,0.008282618,-0.9983851,0.1503941,0.01870692,-0.3022943,1.070682,-0.1185663,-5.025303,-0.4278495,0.04823402,2.001268,-0.977817,0.01131554,-0.2091565,0.03093729,0.9953901,-0.09078187,0.2071651,-0.09523875,-0.9736595,moving,-23.8724,6.674841,-12.06756,1.38066,-9.639276987854256,4.004664815274365,12.937642748443821,3.575186660533778,167.2987436378428
1343,05/05/2023 11:22:05.356537,1525,True,True,True,True,Eyes,0.2193783,0.03043257,-3.127661,0.4036954,-0.1042902,-0.9089299,0.0,0.0,0.0,0.0,0.0,0.0,0.0,-0.4621501,-0.3224957,-3.128379,0.2400071,0.02853285,-3.169531,0.009681568,0.9927716,-0.04668036,0.110145,5.44088,167.3627,0.5145469,0.05753946,0.008429225,-0.9983068,0.1413705,0.0175845,-0.2841567,1.094005,-0.1144671,-5.02485,-0.4269644,0.05085336,2.00177,-0.9755487,0.008939956,-0.2196015,0.02950638,0.9954544,-0.0905531,0.2177937,-0.0948186,-0.971378,moving,-23.94809,6.54547,-12.04039,1.45524,-9.637113645568116,4.000022368442305,12.950048677240561,3.5002363546632442,167.27424078246406
1344,05/05/2023 11:22:05.376151,1526,True,True,True,True,Eyes,0.2205681,0.03030979,-3.130276,0.4052217,-0.1019814,-0.9085126,0.0,0.0,0.0,0.0,0.0,0.0,0.0,-0.4970675,-0.3158338,-3.131842,0.2436884,0.02802638,-3.177276,0.008606382,0.992162,-0.04560579,0.116021,5.307083,166.6778,0.3737631,0.0587828,0.008556972,-0.9982333,0.1328883,0.01652943,-0.2671073,1.119104,-0.1066726,-5.023629,-0.4260708,0.05349705,2.002279,-0.9729304,0.006495387,-0.2310083,0.02766031,0.9956921,-0.0884996,0.2294383,-0.09249369,-0.9689187,moving,-24.03819,6.404697,-12.01296,1.530469,-9.635231646916456,3.995168966722124,12.975525235954189,3.4246661219770638,167.23610198678563
1345,05/05/2023 11:22:05.396176,1527,True,True,True,True,Eyes,0.2218589,0.03016141,-3.1331,0.4071693,-0.09968077,-0.907897,0.0,0.0,0.0,0.0,0.0,0.0,0.0,-0.5350451,-0.3112383,-3.134265,0.2474502,0.02752364,-3.185086,0.007269899,0.9914437,-0.04484287,0.1223761,5.203745,165.9359,0.1979137,0.05993302,0.008667128,-0.998164,0.124915,0.01553767,-0.2510808,1.145942,-0.09961026,-5.021297,-0.4251543,0.05620997,2.002801,-0.9699427,0.003440002,-0.24331,0.02539078,0.9958725,-0.08713903,0.2420059,-0.09069768,-0.9660267,moving,-24.15505,6.265582,-11.98483,1.607623,-9.635068622622398,3.991085242514745,13.031148717364903,3.3469793534034387,167.16820151877815
1346,05/05/2023 11:22:05.406189,1528,True,True,True,True,Eyes,0.2232389,0.02998948,-3.136129,0.4093794,-0.09729988,-0.9071611,0.0,0.0,0.0,0.0,0.0,0.0,0.0,-0.5745555,-0.308214,-3.135824,0.2510597,0.02675062,-3.192922,0.005615936,0.9906449,-0.0443448,0.1289371,5.123804,165.168,359.9822,0.06100282,0.008760653,-0.9980984,0.1174201,0.01460541,-0.236016,1.17329,-0.09342687,-5.018229,-0.424266,0.05883802,2.003304,-0.9666874,-0.0003085839,-0.2559598,0.02256218,0.996004,-0.08641169,0.2549637,-0.0893081,-0.9628176,moving,-24.28848,6.122001,-11.95759,1.682321,-9.635682159600051,3.9871987059816303,13.105785237615487,3.2716535970120515,167.08139154151155
1347,05/05/2023 11:22:05.425986,1529,True,True,True,True,Eyes,0.2247022,0.02978174,-3.139352,0.411989,-0.0949405,-0.9062292,0.0,0.0,0.0,0.0,0.0,0.0,0.0,-0.6149068,-0.3050825,-3.136829,0.2546275,0.02599727,-3.200838,0.003784057,0.9897875,-0.04380134,0.1356022,5.033276,164.3869,359.7476,0.06200271,0.008838421,-0.9980361,0.1103749,0.01372908,-0.221855,1.200844,-0.08673003,-5.01474,-0.4233812,0.061455,2.003808,-0.9631956,-0.00438829,-0.2687662,0.01936994,0.9961342,-0.08568179,0.2681032,-0.0877343,-0.9593871,moving,-24.44744,5.980737,-11.93046,1.75666,-9.637974188233692,3.98408386835357,13.210511527655886,3.196389883362324,166.96499377335928
1348,05/05/2023 11:22:05.446046,1530,True,True,True,True,Eyes,0.2262347,0.02955569,-3.142762,0.4147921,-0.092652,-0.9051868,0.0,0.0,0.0,0.0,0.0,0.0,0.0,-0.655811,-0.3025432,-3.13713,0.2579818,0.0249214,-3.208742,0.002319849,0.9888721,-0.04340702,0.1422759,4.962751,163.6059,359.5535,0.06294117,0.008900774,-0.9979769,0.1037524,0.01290534,-0.2085437,1.228029,-0.08133696,-5.010852,-0.4224896,0.06409325,2.004314,-0.9595044,-0.007763475,-0.2815867,0.01693961,0.9962208,-0.08518784,0.2811839,-0.08650809,-0.9557469,moving,-24.61911,5.844258,-11.90313,1.83156,-9.641292154244129,3.981537946172584,13.334087617816374,3.1206274384363875,166.83036761033304
1349,05/05/2023 11:22:05.456539,1531,True,True,True,True,Eyes,0.2278395,0.0293097,-3.146356,0.417991,-0.09037538,-0.9039446,0.0,0.0,0.0,0.0,0.0,0.0,0.0,-0.6974697,-0.3079123,-3.13591,0.2612641,0.02427681,-3.216574,0.001252292,0.987845,-0.04419283,0.1490227,5.030416,162.8155,359.3847,0.06382642,0.008948666,-0.9979202,0.09752723,0.01213102,-0.1960311,1.255212,-0.08049309,-5.006161,-0.421584,0.06677392,2.00483,-0.9555815,-0.01069733,-0.2945334,0.01564561,0.9960908,-0.08693809,0.2943121,-0.08768457,-0.9516788,moving,-24.81619,5.709395,-11.87537,1.907618,-9.64624455737272,3.979724990823677,13.487710355361616,3.0434565251352983,166.6660941826395
1350,05/05/2023 11:22:05.476286,1532,True,True,True,True,Eyes,0.2295105,0.02904218,-3.150125,0.4214683,-0.08815922,-0.9025477,0.0,0.0,0.0,0.0,0.0,0.0,0.0,-0.7408781,-0.3047515,-3.134801,0.2644911,0.02354163,-3.22463,7.690185e-05,0.9867927,-0.04364109,0.1559992,4.942353,161.9998,359.2256,0.06466616,0.008982901,-0.9978659,0.09167559,0.01140316,-0.1842692,1.283027,-0.07432863,-5.00121,-0.4206635,0.06949861,2.005354,-0.9513288,-0.01346417,-0.3078844,0.01376772,0.9961909,-0.08610542,0.307871,-0.0861534,-0.9475197,moving,-25.03145,5.578849,-11.84717,1.984879,-9.652531986672855,3.978597234022621,13.665352519393709,2.965020810418503,166.4783409837852
1351,05/05/2023 11:22:05.495943,1533,True,True,True,True,Eyes,0.2312353,0.02876603,-3.154074,0.4253188,-0.08603281,-0.9009453,0.0,0.0,0.0,0.0,0.0,0.0,0.0,-0.7850608,-0.3037125,-3.132618,0.2676131,0.02276257,-3.232603,-0.0009658335,0.98566,-0.04342683,0.163057,4.892886,161.1739,359.0761,0.06546576,0.009004094,-0.9978136,0.08617506,0.01071897,-0.1732131,1.310871,-0.06970581,-4.995542,-0.4197686,0.07214618,2.005862,-0.9468231,-0.01606606,-0.3213536,0.01225813,0.9962264,-0.08592314,0.3215214,-0.0852932,-0.9430531,moving,-25.27109,5.454732,-11.81977,2.059908,-9.660643257868085,3.9784208952511,13.873097697824234,2.888342088090318,166.2612989219438
1352,05/05/2023 11:22:05.507883,1534,True,True,True,True,Eyes,0.2330086,0.02848133,-3.158205,0.4296245,-0.08389747,-0.8991019,0.0,0.0,0.0,0.0,0.0,0.0,0.0,-0.8301308,-0.3062232,-3.129608,0.2705136,0.02228297,-3.240935,-0.001510302,0.9844437,-0.04374478,0.1701611,4.911365,160.3426,358.9728,0.06623065,0.009013255,-0.997763,0.08100456,0.01007583,-0.1628203,1.338407,-0.0672315,-4.989745,-0.4187793,0.07507239,2.006423,-0.9420857,-0.01786093,-0.3348958,0.0119137,0.9961683,-0.08664252,0.3351601,-0.08561455,-0.9382632,moving,-25.54021,5.330977,-11.78948,2.142781,-9.670571479079186,3.979017969050248,14.115493943440873,2.8038437057970387,166.0097135118205
1353,05/05/2023 11:22:05.526198,1535,True,True,True,True,Eyes,0.2348197,0.02819858,-3.162508,0.4342517,-0.0818018,-0.8970696,0.0,0.0,0.0,0.0,0.0,0.0,0.0,-0.8745522,-0.2957635,-3.126624,0.2733808,0.02210145,-3.248518,-0.001965076,0.9832841,-0.04202355,0.1771519,4.700426,159.5297,358.9218,0.06696549,0.00901129,-0.997714,0.07614429,0.009471279,-0.1530511,1.365446,-0.05726899,-4.983283,-0.417951,0.07752262,2.006893,-0.9372267,-0.01875356,-0.3482161,0.01102465,0.9964603,-0.08333839,0.3485464,-0.08194593,-0.9337024,moving,-25.83061,5.210267,-11.76414,2.212132,-9.68195713596145,3.980314929297058,14.38243344288876,2.731658168723403,165.73449470525782
1354,05/05/2023 11:22:05.546223,1536,True,True,True,True,Eyes,0.2366906,0.02791352,-3.166947,0.439191,-0.0796431,-0.8948566,0.0,0.0,0.0,0.0,0.0,0.0,0.0,-0.9191769,-0.2926871,-3.123159,0.2759938,0.02185605,-3.256997,-0.001938954,0.9820375,-0.04149101,0.184057,4.63327,158.7248,358.903,0.06767222,0.008999373,-0.9976664,0.07157563,0.008903001,-0.143868,1.391703,-0.05241301,-4.977382,-0.4170451,0.0802036,2.007408,-0.9322384,-0.01908167,-0.3613409,0.01146517,0.9965495,-0.08220521,0.3616626,-0.0807777,-0.928803,moving,-26.14157,5.085979,-11.73642,2.287968,-9.694409238899,3.9819564344171776,14.67437262981355,2.6531876609828124,165.43418579690595
1355,05/05/2023 11:22:05.556133,1537,True,True,True,True,Eyes,0.2385872,0.02760015,-3.171544,0.4444275,-0.07746939,-0.8924589,0.0,0.0,0.0,0.0,0.0,0.0,0.0,-0.9632999,-0.2769976,-3.120748,0.2787128,0.02114606,-3.265825,-0.002102039,0.9808403,-0.03906798,0.1908446,4.349291,157.9372,358.9061,0.0683574,0.008978384,-0.9976199,0.06728109,0.008368821,-0.1352359,1.417462,-0.0405101,-4.972075,-0.4161167,0.08295189,2.007937,-0.927148,-0.01903535,-0.3742119,0.01078829,0.9969385,-0.07744122,0.3745404,-0.07583657,-0.9241043,moving,-26.47243,4.961092,-11.70801,2.365658,-9.708043648503423,3.984077118693315,14.990809704107246,2.5727700734559575,165.10962162221855
1356,05/05/2023 11:22:05.576192,1538,True,True,True,True,Eyes,0.2405132,0.02729069,-3.1763,0.4499001,-0.0755113,-0.8898808,0.0,0.0,0.0,0.0,0.0,0.0,0.0,-1.008932,-0.2672634,-3.116194,0.2811188,0.02013046,-3.274235,-0.0018324,0.9795128,-0.03767137,0.1978189,4.190579,157.1258,358.9375,0.06902199,0.00894837,-0.9975744,0.06324422,0.007866692,-0.1271218,1.443437,-0.0336541,-4.965293,-0.4152403,0.08554421,2.008435,-0.9217286,-0.01849393,-0.3873941,0.0113145,0.997155,-0.07452413,0.3876703,-0.0730742,-0.918897,moving,-26.81995,4.850244,-11.68122,2.438895,-9.723429859188784,3.9873386169687888,15.329571096827888,2.4961209646948177,164.76387740183276
1357,05/05/2023 11:22:05.596078,1539,True,True,True,True,Eyes,0.2424624,0.0271069,-3.181212,0.4556641,-0.0737455,-0.8870918,0.0,0.0,0.0,0.0,0.0,0.0,0.0,-1.056094,-0.27198,-3.109459,0.2836425,0.01993742,-3.282864,-0.001299809,0.9780003,-0.03840446,0.2050338,4.277443,156.2801,358.949,0.06966987,0.00891028,-0.9975297,0.05944957,0.00739469,-0.1194945,1.470191,-0.03438084,-4.957519,-0.4143419,0.08820295,2.008945,-0.9159188,-0.01829085,-0.4009463,0.01320599,0.9970468,-0.07565214,0.4011459,-0.07458612,-0.9129724,moving,-27.18778,4.752172,-11.65376,2.513963,-9.740724296491136,3.9917701607467055,15.694437131929293,2.417357980782717,164.39289609029
1358,05/05/2023 11:22:05.606310,1540,True,True,True,True,Eyes,0.2444429,0.02709901,-3.186302,0.4616023,-0.07168504,-0.8841859,0.0,0.0,0.0,0.0,0.0,0.0,0.0,-1.104044,-0.2844261,-3.101138,0.2860363,0.02279316,-3.291584,-0.0008268155,0.9763801,-0.03985421,0.212351,4.443418,155.4185,358.9344,0.07030176,0.008868908,-0.9974858,0.0558826,0.006951008,-0.1123248,1.496974,-0.03463319,-4.949127,-0.4134374,0.09087901,2.009459,-0.9098128,-0.01854073,-0.4146046,0.01531159,0.9968219,-0.07817686,0.4147364,-0.07747456,-0.9066375,moving,-27.56747,4.635096,-11.62612,2.589471,-9.757746172173102,3.995538740557396,16.07206338536297,2.338342843028951,164.0084506854281
1359,05/05/2023 11:22:05.626421,1541,True,True,True,True,Eyes,0.2464482,0.02711544,-3.191562,0.4677499,-0.06911787,-0.8811542,0.0,0.0,0.0,0.0,0.0,0.0,0.0,-1.152272,-0.2662788,-3.095487,0.2885754,0.02694133,-3.30101,-0.001658097,0.9748974,-0.03625382,0.2196772,4.011633,154.5643,358.8994,0.0709205,0.008830003,-0.9974424,0.05252964,0.006533948,-0.1055853,1.523641,-0.01245392,-4.941741,-0.4125309,0.09356263,2.009977,-0.9034786,-0.01916123,-0.4282053,0.01269533,0.9973658,-0.07141601,0.4284458,-0.06995902,-0.9008555,moving,-27.96105,4.485106,-11.59841,2.665143,-9.773890344845965,3.9979887650859247,16.46354315118617,2.259502114526756,163.6089506421677
1360,05/05/2023 11:22:05.646285,1542,True,True,True,True,Eyes,0.2484665,0.02717501,-3.196934,0.4739855,-0.06691315,-0.8779866,0.0,0.0,0.0,0.0,0.0,0.0,0.0,-1.194676,-0.2192605,-3.093329,0.2910812,0.02741657,-3.310366,-0.002823927,0.9736935,-0.02877174,0.2260209,3.138695,153.834,358.9381,0.0715268,0.008794088,-0.9973994,0.04937786,0.006141911,-0.09925019,1.546614,0.02102038,-4.936515,-0.4116306,0.09622794,2.010489,-0.8978135,-0.01850531,-0.4399876,0.007506751,0.9983284,-0.05730624,0.4403126,-0.05475318,-0.8961738,moving,-28.36262,4.358203,-11.57091,2.740254,-9.791731695564764,4.001817818474377,16.86947787249804,2.181059079221994,163.19642401057
1361,05/05/2023 11:22:05.656054,1543,True,True,True,True,Eyes,0.2505196,0.02729834,-3.202451,0.4804007,-0.06467742,-0.8746611,0.0,0.0,0.0,0.0,0.0,0.0,0.0,-1.238398,-0.2338618,-3.083992,0.2932771,0.02855691,-3.318508,-0.001832165,0.9720739,-0.03090043,0.2326251,3.395191,153.053,358.9703,0.07212244,0.00876215,-0.9973568,0.04641519,0.005773396,-0.09329518,1.57032,0.01561616,-4.928369,-0.4107003,0.09897922,2.011017,-0.8917646,-0.01793843,-0.4521442,0.01081443,0.9980837,-0.0609274,0.4523707,-0.05922257,-0.8898618,moving,-28.77744,4.229079,-11.54251,2.817738,-9.81026477016363,4.005873232361751,17.29261968364484,2.1005567992011476,162.76686959964448
1362,05/05/2023 11:22:05.676056,1544,True,True,True,True,Eyes,0.2526087,0.02746435,-3.208066,0.4869457,-0.06257683,-0.8711878,0.0,0.0,0.0,0.0,0.0,0.0,0.0,-1.279929,-0.2281904,-3.077476,0.2960723,0.03018662,-3.327547,-0.002444532,0.9705846,-0.02962899,0.2389179,3.230144,152.3116,358.9152,0.07270929,0.008735726,-0.9973145,0.0,0.0,0.0,1.593261,0.02594117,-4.921824,-0.4098387,0.1015288,2.011507,-0.8858248,-0.01890304,-0.4636352,0.009412541,0.9982324,-0.05868297,0.4639249,-0.0563468,-0.8840811,moving,-29.20277,4.108461,-11.51622,2.889495,-9.829884602807375,4.010630500193993,17.72850611336601,2.025011575675567,162.3253522703455
1363,05/05/2023 11:22:05.696053,1545,True,True,True,True,Eyes,0.2547322,0.02775114,-3.213789,0.4936507,-0.06078528,-0.8675333,0.0,0.0,0.0,0.0,0.0,0.0,0.0,-1.321923,-0.2315468,-3.068519,0.2987226,0.03140587,-3.335667,-0.003109344,0.9689752,-0.02978522,0.2453369,3.221525,151.5502,358.8154,0.07328824,0.00871559,-0.9972723,0.0,0.0,0.0,1.616295,0.03085187,-4.913754,-0.408915,0.1042621,2.012033,-0.8796005,-0.02064058,-0.4752656,0.008589072,0.9982063,-0.05924796,0.475636,-0.05619661,-0.8778455,moving,-29.64109,4.007981,-11.48803,2.966375,-9.851352020787251,4.016744838322007,18.182918644234096,1.944734327587325,161.86628382691126
1364,05/05/2023 11:22:05.706604,1546,True,True,True,True,Eyes,0.3081928,0.03798645,-3.360559,0.6608191,-0.004067863,-0.7505342,0.0,0.0,0.0,0.0,0.0,0.0,0.0,-1.362991,-0.2610611,-3.057596,0.3015771,0.03464479,-3.344046,-0.004166036,0.9672182,-0.03351829,0.2516905,3.597209,150.7829,358.5686,0.07386019,0.008704823,-0.9972301,0.0,0.0,0.0,1.639241,0.02529387,-4.905729,-0.407992,0.1069929,2.012556,-0.873269,-0.0249314,-0.4866,0.00881354,0.9977183,-0.0669361,0.4871586,-0.0627419,-0.8710568,moving,-41.36279,0.3105376,-11.45989,3.043135,-10.372492467053751,4.128860333036748,30.02749601549364,1.5366303698207142,149.98583095010466
1365,05/05/2023 11:22:05.726300,1547,True,True,True,True,Eyes,0.3083296,0.03807535,-3.36088,0.6611569,-0.00373566,-0.7502384,0.0,0.0,0.0,0.0,0.0,0.0,0.0,-1.400438,-0.2462414,-3.051996,0.3050233,0.03797983,-3.352917,-0.007954346,0.9657749,-0.03004264,0.2575136,3.091584,150.0923,358.2303,0.0756073,0.008960046,-0.997097,0.1603818,0.03070594,-0.4403129,1.660352,0.05138017,-4.899872,-0.4071018,0.109627,2.013061,-0.8672471,-0.03083699,-0.4969224,0.000108564,0.9980683,-0.06212555,0.4978783,-0.05393215,-0.8655685,moving,-41.38852,0.2852904,-11.43275,3.117126,-10.372738660427729,4.128235004857753,30.08932450485267,1.4649114170236501,149.9252782756528
1366,05/05/2023 11:22:05.746417,1548,True,True,True,True,Eyes,0.3086164,0.03821874,-3.36152,0.6619257,-0.0032053,-0.7495626,0.0,0.0,0.0,0.0,0.0,0.0,0.0,-1.436035,-0.235899,-3.045494,0.3083591,0.04014948,-3.36098,-0.01169052,0.9643156,-0.02740683,0.2630736,2.677072,149.4315,357.8792,0.0771824,0.00919221,-0.9969743,0.1507589,0.02886359,-0.4138941,1.680225,0.07324584,-4.893625,-0.4061886,0.1123281,2.01358,-0.8613112,-0.03696672,-0.506731,-0.008126677,0.9982244,-0.05900859,0.5080125,-0.04670674,-0.8600823,moving,-41.44716,0.2450083,-11.40491,3.192951,-10.37420412746792,4.12768771630936,30.186539238955216,1.391433550152116,149.82972321798297
1367,05/05/2023 11:22:05.757005,1549,True,True,True,True,Eyes,0.3090624,0.03837824,-3.362456,0.6629923,-0.002330268,-0.7486226,0.0,0.0,0.0,0.0,0.0,0.0,0.0,-1.470894,-0.2321883,-3.038701,0.3122376,0.04158594,-3.369261,-0.01461875,0.962806,-0.02599501,0.2685428,2.418875,148.7796,357.5843,0.07860649,0.009405156,-0.996861,0.1417134,0.02713177,-0.3890605,1.700265,0.08861743,-4.887599,-0.4052256,0.1151775,2.014128,-0.8553423,-0.04211159,-0.5163492,-0.0141885,0.998221,-0.05790783,0.5178692,-0.04220479,-0.8544183,moving,-41.52862,0.1783463,-11.37556,3.272883,-10.3756789486357,4.12638295422718,30.31143653394287,1.3146194463582135,149.70721996951485
1368,05/05/2023 11:22:05.776009,1550,True,True,True,True,Eyes,0.309637,0.03851371,-3.363675,0.6645319,-0.001475964,-0.7472585,0.0,0.0,0.0,0.0,0.0,0.0,0.0,-1.505758,-0.2128951,-3.032457,0.316422,0.04206567,-3.377356,-0.0173262,0.9613202,-0.02240549,0.2739731,1.924577,148.1413,357.3856,0.07989864,0.009601193,-0.9967564,0.1332106,0.02550386,-0.3657168,1.720161,0.1102346,-4.880957,-0.404415,0.1175785,2.01459,-0.8492774,-0.04558906,-0.5259753,-0.02103505,0.9983956,-0.05257154,0.5275281,-0.03358389,-0.8488737,moving,-41.64648,0.1131688,-11.35086,3.340192,-10.3794515936588,4.126085929403644,30.467002969076855,1.24950532619267,149.5540349739446
1369,05/05/2023 11:22:05.796254,1551,True,True,True,True,Eyes,0.3103801,0.03860838,-3.365141,0.6663932,-0.0006169658,-0.7456002,0.0,0.0,0.0,0.0,0.0,0.0,0.0,-1.542659,-0.2099451,-3.023005,0.3207358,0.04167185,-3.384941,-0.0186123,0.9596372,-0.021651,0.2797879,1.784434,147.4485,357.2567,0.08107458,0.009781127,-0.9966597,0.1252179,0.02397363,-0.3437738,1.741675,0.1182494,-4.872546,-0.4035222,0.1202186,2.015097,-0.8427446,-0.0478375,-0.5361839,-0.02360674,0.9983696,-0.05196921,0.5377957,-0.03113922,-0.8424999,moving,-41.7893,0.04741083,-11.32368,3.41416,-10.384716124827865,4.126398615568699,30.651084841455376,1.1785317154771398,149.37258325861694
1370,05/05/2023 11:22:05.807370,1552,True,True,True,True,Eyes,0.3112974,0.03865733,-3.366831,0.6686512,0.000157034,-0.7435762,0.0,0.0,0.0,0.0,0.0,0.0,0.0,-1.582001,-0.2094597,-3.012194,0.325344,0.0405498,-3.392995,-0.01900923,0.9578111,-0.02152875,0.2859601,1.740294,146.711,357.2057,0.08215081,0.009945362,-0.9965699,0.1177048,0.02253521,-0.3231474,1.764645,0.1216543,-4.863278,-0.4026152,0.1229014,2.015612,-0.8357311,-0.04872722,-0.546973,-0.02410177,0.9983503,-0.0521127,0.54861,-0.03036918,-0.8355268,moving,-41.96305,-0.01210015,-11.29607,3.489273,-10.392194442924474,4.127821210106436,30.866215774790742,1.1066773871859525,149.1601387189237
1371,05/05/2023 11:22:05.826085,1553,True,True,True,True,Eyes,0.3123781,0.0386845,-3.36875,0.6712568,0.0007837072,-0.7412244,0.0,0.0,0.0,0.0,0.0,0.0,0.0,-1.623592,-0.2081492,-2.998747,0.3302661,0.03952904,-3.400179,-0.01883834,0.9558165,-0.0213795,0.2925797,1.710323,145.9193,357.2175,0.08314226,0.0100941,-0.9964862,0.1106425,0.0211831,-0.3037586,1.789183,0.1244024,-4.851525,-0.4016482,0.1257637,2.016162,-0.8280846,-0.04852239,-0.5584995,-0.02350157,0.9983761,-0.05189318,0.5601104,-0.02984633,-0.8278802,moving,-42.16416,-0.06057963,-11.26664,3.569358,-10.40191954560578,4.130505664246119,31.110017508000375,1.0308385738497672,148.91894455247962
1372,05/05/2023 11:22:05.836086,1554,True,True,True,True,Eyes,0.3136281,0.03872681,-3.370885,0.6741901,0.001334361,-0.7385567,0.0,0.0,0.0,0.0,0.0,0.0,0.0,-1.668307,-0.2177835,-2.981744,0.3352223,0.03929,-3.406986,-0.01811894,0.9535653,-0.02286075,0.2997706,1.875934,145.0517,357.2323,0.08406018,0.01022797,-0.9964079,0.104004,0.01991212,-0.285533,1.815649,0.1206262,-4.837242,-0.4008159,0.1282259,2.016635,-0.8196185,-0.04826114,-0.5708732,-0.02084922,0.9982982,-0.05446148,0.5725302,-0.03273538,-0.8192299,moving,-42.39133,-0.103517,-11.24132,3.638204,-10.41352447576781,4.134139447337995,31.373931839059335,0.964985698269764,148.65743072227582
1373,05/05/2023 11:22:05.856091,1555,True,True,True,True,Eyes,0.3150558,0.03877902,-3.373198,0.6774026,0.00201938,-0.7356098,0.0,0.0,0.0,0.0,0.0,0.0,0.0,-1.710934,-0.2134086,-2.966713,0.3406653,0.03972527,-3.414175,-0.01842832,0.9513985,-0.02193901,0.306627,1.744596,144.2303,357.2177,0.08491721,0.01034897,-0.996334,0.09776375,0.01871739,-0.2684011,1.840813,0.1283915,-4.82401,-0.3999162,0.1308878,2.017146,-0.8112806,-0.04851952,-0.5826403,-0.02161116,0.9983582,-0.05304671,0.5842575,-0.03044424,-0.8109972,moving,-42.64111,-0.1572867,-11.21395,3.712582,-10.42594071941274,4.137801260070971,31.664526988743088,0.895416129755856,148.3697923855024
1374,05/05/2023 11:22:05.876058,1556,True,True,True,True,Eyes,0.316667,0.03883317,-3.375674,0.680831,0.002476733,-0.7324364,0.0,0.0,0.0,0.0,0.0,0.0,0.0,-1.75198,-0.2026094,-2.951752,0.3462493,0.03998112,-3.420794,-0.01875926,0.9492663,-0.02008727,0.3132703,1.511804,143.4364,357.2363,0.08572455,0.01045865,-0.9962637,0.09189793,0.01759435,-0.252297,1.865131,0.1392789,-4.81043,-0.3990355,0.1334971,2.017647,-0.8030198,-0.04820056,-0.5940001,-0.02302959,0.9984892,-0.04988977,0.5955074,-0.02638289,-0.8029167,moving,-42.90877,-0.1937449,-11.18717,3.785443,-10.440354666392688,4.1428015987680205,31.970202421997676,0.8279120186495931,148.06662589820414
1375,05/05/2023 11:22:05.896304,1557,True,True,True,True,Eyes,0.3184642,0.03887847,-3.378275,0.6845102,0.002857866,-0.7289976,0.0,0.0,0.0,0.0,0.0,0.0,0.0,-1.790679,-0.2008263,-2.936694,0.3522494,0.04010959,-3.427149,-0.01814924,0.9471614,-0.01981795,0.3196295,1.486392,142.67,357.3024,0.08649186,0.01055813,-0.9961963,0.08638405,0.01653869,-0.2371592,1.88921,0.1425463,-4.797313,-0.3981032,0.1362536,2.018177,-0.795015,-0.04704931,-0.6047622,-0.02171171,0.9985557,-0.04914365,0.6062009,-0.02593953,-0.7948884,moving,-43.19732,-0.2246137,-11.15883,3.862361,-10.456335601779204,4.148621265591217,32.29811455299736,0.7585798040997092,147.74123286042658
1376,05/05/2023 11:22:05.906228,1558,True,True,True,True,Eyes,0.3204435,0.03893209,-3.380974,0.6883404,0.003001976,-0.7253817,0.0,0.0,0.0,0.0,0.0,0.0,0.0,-1.829854,-0.201755,-2.919777,0.3584034,0.03994688,-3.4328,-0.01694039,0.9449517,-0.02014519,0.3261499,1.548449,141.8808,357.4109,0.08722647,0.01064791,-0.9961313,0.08120101,0.01554636,-0.2229296,1.913934,0.1420535,-4.78264,-0.3972049,0.1389123,2.018688,-0.7866789,-0.04515641,-0.6157092,-0.01887501,0.9986144,-0.04912268,0.6170743,-0.02702225,-0.7864411,moving,-43.49912,-0.237116,-11.13154,3.936498,-10.474087144757524,4.155714547918585,32.635552529065535,0.6930369050402903,147.4057267045875
1377,05/05/2023 11:22:05.926609,1559,True,True,True,True,Eyes,0.3226145,0.03899785,-3.383764,0.6924272,0.003079253,-0.7214811,0.0,0.0,0.0,0.0,0.0,0.0,0.0,-1.87068,-0.2100414,-2.900045,0.3646134,0.04025038,-3.437914,-0.01527819,0.9425467,-0.0216199,0.3330241,1.752351,141.0431,357.5229,0.08793831,0.01072936,-0.9960679,0.07632895,0.01461358,-0.2095538,1.93973,0.1370682,-4.766056,-0.3962822,0.1416432,2.019214,-0.7777234,-0.04320071,-0.6271208,-0.01440092,0.9985983,-0.05093154,0.6284421,-0.03057952,-0.7772554,moving,-43.82281,-0.2445346,-11.1035,4.012595,-10.493440164843689,4.163627044699147,32.99509659490779,0.6284772716629865,147.04805336318938
1378,05/05/2023 11:22:05.946036,1560,True,True,True,True,Eyes,0.3251037,0.03909991,-3.386495,0.6960791,0.00590363,-0.7179408,0.0,0.0,0.0,0.0,0.0,0.0,0.0,-1.911819,-0.2117444,-2.879817,0.3712684,0.04061342,-3.442927,-0.01410455,0.9400586,-0.02200696,0.3400098,1.821413,140.1931,357.6213,0.0886341,0.01080355,-0.9960055,0.07174921,0.01373677,-0.1969806,1.965787,0.1369341,-4.748559,-0.3953802,0.1443117,2.019725,-0.7683888,-0.04148336,-0.6386374,-0.01155304,0.9986335,-0.05096702,0.639879,-0.0317843,-0.7678181,moving,-44.11424,-0.4711328,-11.07612,4.086906,-10.499339591839584,4.159564011108228,33.35105831659178,0.5813388218723212,146.70206710114823
1379,05/05/2023 11:22:05.956407,1561,True,True,True,True,Eyes,0.3277733,0.03922015,-3.389277,0.7000142,0.008488099,-0.7140784,0.0,0.0,0.0,0.0,0.0,0.0,0.0,-1.952616,-0.211034,-2.858657,0.3779703,0.0409324,-3.447408,-0.01310116,0.9375122,-0.02201732,0.347008,1.844704,139.3405,357.7152,0.08932612,0.01087242,-0.9959428,0.06744426,0.01291256,-0.1851618,1.991568,0.1384627,-4.730145,-0.3944584,0.147039,2.020249,-0.7588278,-0.03984537,-0.6500715,-0.009284633,0.9986871,-0.05037542,0.6512253,-0.03219058,-0.7582015,moving,-44.43017,-0.6810308,-11.04814,4.162795,-10.50760843963503,4.156977949227651,33.73162574353103,0.5405628602024721,146.33194223356205
1380,05/05/2023 11:22:05.976223,1562,True,True,True,True,Eyes,0.3305383,0.03936019,-3.392193,0.7041385,0.01100227,-0.7099774,0.0,0.0,0.0,0.0,0.0,0.0,0.0,-1.994843,-0.215493,-2.834939,0.3848955,0.04151738,-3.451499,-0.01125851,0.9347739,-0.02298635,0.3543202,2.005524,138.4447,357.8589,0.0900177,0.01093681,-0.9958799,0.0633976,0.01213781,-0.1740521,2.018463,0.1349732,-4.709859,-0.3935679,0.1496752,2.020756,-0.7486613,-0.03733738,-0.6619009,-0.004759267,0.9986898,-0.05095232,0.662936,-0.03499585,-0.747858,moving,-44.76342,-0.8878214,-11.02111,4.236101,-10.517096473529165,4.154993530322731,34.12913806261919,0.5104978516144966,145.94569012244065
1381,05/05/2023 11:22:05.996109,1563,True,True,True,True,Eyes,0.3334919,0.03950873,-3.395135,0.7084937,0.0134752,-0.7055884,0.0,0.0,0.0,0.0,0.0,0.0,0.0,-2.036377,-0.2107904,-2.811603,0.3921879,0.0422665,-3.455543,-0.010011,0.9320216,-0.02243572,0.3615694,1.981786,137.5588,357.9996,0.09071293,0.01099786,-0.9958161,0.05959374,0.01140954,-0.1636089,2.04494,0.1382204,-4.689285,-0.3926677,0.1523387,2.021268,-0.738335,-0.03488507,-0.6735317,-0.0024368,0.9987928,-0.04906048,0.6744301,-0.03458179,-0.7375286,moving,-45.11772,-1.094091,-10.9938,4.310112,-10.52789564573716,4.153574715380736,34.549201528133885,0.4914985135247574,145.53789648558012
1382,05/05/2023 11:22:06.006361,1564,True,True,True,True,Eyes,0.3366275,0.03963229,-3.398085,0.7129395,0.01572452,-0.7010492,0.0,0.0,0.0,0.0,0.0,0.0,0.0,-2.075788,-0.2029846,-2.788792,0.3995688,0.04260319,-3.459189,-0.009342951,0.9293164,-0.02134838,0.3685485,1.879188,136.7043,358.1021,0.09141681,0.01105614,-0.9957511,0.05601812,0.01072497,-0.1537924,2.070301,0.1441565,-4.668932,-0.3917504,0.1550531,2.021789,-0.7281694,-0.03310094,-0.6845974,-0.001629289,0.9989139,-0.04656545,0.6853954,-0.03279213,-0.7274324,moving,-45.48179,-1.284928,-10.96599,4.38549,-10.540099430584863,4.153191148269454,34.978480383440385,0.48512424556197875,145.12106684392813
1383,05/05/2023 11:22:06.026581,1565,True,True,True,True,Eyes,0.3399486,0.039742,-3.401026,0.7176022,0.01773767,-0.6962273,0.0,0.0,0.0,0.0,0.0,0.0,0.0,-2.114058,-0.2062056,-2.764724,0.4069609,0.04221914,-3.462378,-0.007522382,0.9265577,-0.02233808,0.3754135,2.048591,135.8559,358.2389,0.09213174,0.01111102,-0.9956847,0.05265703,0.01008147,-0.1445649,2.095613,0.1394094,-4.648248,-0.3908724,0.1576517,2.022286,-0.7180164,-0.03071187,-0.6953484,0.00283219,0.9988889,-0.04704305,0.6960205,-0.03574703,-0.7171315,moving,-45.86616,-1.4594,-10.93937,4.457602,-10.55439891295983,4.154159937560322,35.42444879418879,0.4901834586300685,144.68744192797192
1384,05/05/2023 11:22:06.046248,1566,True,True,True,True,Eyes,0.343456,0.03984416,-3.403948,0.7223721,0.01976221,-0.6912222,0.0,0.0,0.0,0.0,0.0,0.0,0.0,-2.152287,-0.2081396,-2.73958,0.4146329,0.04201911,-3.465151,-0.005262142,0.9237084,-0.02325695,0.3823536,2.231735,134.9967,358.4226,0.0928632,0.01116254,-0.9956161,0.04949761,0.009476581,-0.135891,2.121177,0.1341848,-4.626518,-0.3899451,0.1603932,2.022814,-0.7075561,-0.02750612,-0.7061217,0.008063387,0.9988629,-0.04698927,0.7066112,-0.03894128,-0.7065297,moving,-46.26236,-1.637654,-10.91127,4.533618,-10.56922170980578,4.15523931469897,35.88570972247984,0.5100661352363295,144.23962338153675
1385,05/05/2023 11:22:06.056041,1567,True,True,True,True,Eyes,0.3471475,0.03994061,-3.406839,0.7273372,0.02167008,-0.685938,0.0,0.0,0.0,0.0,0.0,0.0,0.0,-2.190101,-0.2084274,-2.713208,0.4225026,0.0422292,-3.467159,-0.003258083,0.9207693,-0.02382888,0.3893655,2.369549,134.1268,358.5917,0.09361555,0.01121086,-0.9955451,0.04652775,0.008907986,-0.1277375,2.146711,0.1311784,-4.603442,-0.3889832,0.1632412,2.023361,-0.6967677,-0.02455617,-0.7168763,0.0125564,0.9988431,-0.04641897,0.7171868,-0.04134463,-0.6956534,moving,-46.67789,-1.80948,-10.88212,4.612532,-10.585560297621846,4.157140725864397,36.36728458410174,0.5434416892670888,143.77203093458036
1386,05/05/2023 11:22:06.076137,1568,True,True,True,True,Eyes,0.3510782,0.04001242,-3.409625,0.7323419,0.02372283,-0.6805237,0.0,0.0,0.0,0.0,0.0,0.0,0.0,-2.227731,-0.2028034,-2.68696,0.430517,0.04219041,-3.469372,-0.001627382,0.9177939,-0.02346931,0.3963599,2.395084,133.2588,358.7617,0.09438971,0.01125599,-0.9954715,0.04373609,0.008373506,-0.1200733,2.171895,0.1315479,-4.58008,-0.3881402,0.1657365,2.023841,-0.6857926,-0.02159179,-0.7274769,0.01561738,0.9988931,-0.04437003,0.7276296,-0.04178992,-0.6846964,moving,-47.10044,-1.996503,-10.85658,4.681622,-10.601530638210182,4.15844887447327,36.853965067753904,0.5820311814866974,143.30082056265155
1387,05/05/2023 11:22:06.096105,1569,True,True,True,True,Eyes,0.4539324,0.04078095,-3.478009,0.847645,0.07274029,-0.5255538,0.0,0.0,0.0,0.0,0.0,0.0,0.0,-2.263799,-0.1897177,-2.661874,0.4388785,0.04145504,-3.471601,-0.0006714159,0.9148685,-0.02191508,0.4031565,2.267067,132.4151,358.9163,0.09519247,0.01129767,-0.9953946,0.04111192,0.007871096,-0.1128689,2.19637,0.1369454,-4.557159,-0.3872358,0.1684123,2.024356,-0.6749292,-0.01889892,-0.7376407,0.01644189,0.9990385,-0.0406402,0.7376996,-0.03955746,-0.6739696,moving,-58.20041,-7.88007,-10.8292,4.755657,-10.970188533870022,4.143436736549581,49.027473254111605,0.6282447116069656,131.85778734652453
1388,05/05/2023 11:22:06.106562,1570,True,True,True,True,Eyes,0.4542998,0.04073817,-3.47805,0.8480222,0.07283615,-0.5249316,0.0,0.0,0.0,0.0,0.0,0.0,0.0,-2.299872,-0.1811683,-2.634895,0.4473228,0.04049769,-3.473207,0.0004874126,0.9118052,-0.02114685,0.410078,2.233001,131.5506,359.0565,0.09861974,0.01133111,-0.9950604,0.3472081,0.009704435,-0.3112493,2.221035,0.1389869,-4.532899,-0.3862997,0.1711823,2.024888,-0.6636717,-0.01645486,-0.7478431,0.01823256,0.9991052,-0.03816386,0.7478018,-0.03896336,-0.6627779,moving,-58.24221,-7.899558,-10.80087,4.832247,-10.971716643119908,4.143515931251775,49.12005292702385,0.7096048622468797,131.7749679818512
1389,05/05/2023 11:22:06.126381,1571,True,True,True,True,Eyes,0.4550122,0.04064856,-3.478131,0.8486934,0.07294235,-0.5238311,0.0,0.0,0.0,0.0,0.0,0.0,0.0,-2.335193,-0.1755384,-2.607558,0.456074,0.03945488,-3.474729,0.00128532,0.9086848,-0.02072778,0.4169658,2.220304,130.6857,359.1428,0.1017136,0.01135984,-0.9947486,0.3263756,0.009122169,-0.2925743,2.245575,0.1404043,-4.50839,-0.3854131,0.173805,2.025392,-0.6522758,-0.01494965,-0.7578344,0.01962145,0.9991375,-0.03659817,0.7577278,-0.03874191,-0.6514198,moving,-58.31626,-7.927338,-10.77404,4.904711,-10.97477713305453,4.143999263770827,49.243519005720955,0.7867513852696763,131.66250663534265
1390,05/05/2023 11:22:06.146283,1572,True,True,True,True,Eyes,0.456059,0.04050882,-3.478249,0.8498405,0.07290659,-0.521973,0.0,0.0,0.0,0.0,0.0,0.0,0.0,-2.368795,-0.1721365,-2.58045,0.465004,0.0382382,-3.475895,0.001480555,0.9055812,-0.02048669,0.4236753,2.198364,129.8389,359.1584,0.1045166,0.011383,-0.9944577,0.306793,0.008574839,-0.2750198,2.269458,0.1424119,-4.484013,-0.3845395,0.1763899,2.025889,-0.6409943,-0.01467789,-0.7674055,0.02004093,0.9991562,-0.03585018,0.7672842,-0.03835928,-0.6401592,moving,-58.44171,-7.951348,-10.74761,4.976077,-10.981170065092504,4.145990751303353,49.4150330561523,0.8623186674781467,131.50160972947214
1391,05/05/2023 11:22:06.156099,1573,True,True,True,True,Eyes,0.4574421,0.04032332,-3.478383,0.8512136,0.07288799,-0.5197333,0.0,0.0,0.0,0.0,0.0,0.0,0.0,-2.400178,-0.1723153,-2.554216,0.4741519,0.03694043,-3.476835,0.001535531,0.9025463,-0.02074921,0.4300899,2.222205,129.0249,359.1355,0.1070679,0.01139971,-0.9941862,0.2883855,0.008060348,-0.2585186,2.292616,0.1432135,-4.460491,-0.3835831,0.1792203,2.026433,-0.6300407,-0.01507627,-0.7764158,0.02061982,0.9991342,-0.0361334,0.7762884,-0.03877507,-0.6291844,moving,-58.59264,-7.983161,-10.71869,5.054163,-10.988708102773384,4.148237868112088,49.61740526955713,0.9453095368245621,131.31193856767865
1392,05/05/2023 11:22:06.175991,1574,True,True,True,True,Eyes,0.4591534,0.04009172,-3.478526,0.8529435,0.07277123,-0.516906,0.0,0.0,0.0,0.0,0.0,0.0,0.0,-2.428798,-0.1710219,-2.529723,0.4835494,0.03565426,-3.477458,0.00139839,0.8996521,-0.02072585,0.4361131,2.207111,128.2585,359.1077,0.1094017,0.01140931,-0.9939319,0.2710823,0.007576727,-0.2430075,2.314842,0.1450382,-4.43778,-0.3827637,0.1816439,2.026897,-0.6196067,-0.0155615,-0.784758,0.02059376,0.999137,-0.0360724,0.7846421,-0.03851182,-0.6187516,moving,-58.78305,-8.013569,-10.69393,5.12098,-10.998727646730815,4.151567558541279,49.85057512013077,1.016199826366646,131.09056926280286
1393,05/05/2023 11:22:06.196448,1575,True,True,True,True,Eyes,0.461192,0.03981777,-3.478668,0.8548399,0.07262024,-0.5137851,0.0,0.0,0.0,0.0,0.0,0.0,0.0,-2.454929,-0.1709242,-2.506796,0.4930963,0.03434418,-3.477873,0.001741526,0.8968918,-0.02103944,0.4417458,2.25109,127.5393,359.1133,0.1115491,0.01141118,-0.9936932,0.2548174,0.007122124,-0.2284271,2.336287,0.1448091,-4.41631,-0.3818464,0.184359,2.027418,-0.609715,-0.01546425,-0.7924697,0.02171209,0.9991086,-0.03620158,0.7923232,-0.03927883,-0.6088358,moving,-58.99284,-8.0451,-10.66621,5.19578,-11.009870322543572,4.1553364555673085,50.10772465729511,1.0957304351173305,130.8463002638058
1394,05/05/2023 11:22:06.206329,1576,True,True,True,True,Eyes,0.4635336,0.0395093,-3.478813,0.8569978,0.07240561,-0.510208,0.0,0.0,0.0,0.0,0.0,0.0,0.0,-2.478598,-0.170309,-2.485664,0.5029423,0.03306187,-3.478064,0.00229946,0.894272,-0.02134223,0.447009,2.305475,126.8657,359.1417,0.1135381,0.01140489,-0.9934679,0.2395283,0.006694796,-0.2147214,2.357103,0.1440628,-4.39588,-0.3809374,0.1870499,2.027935,-0.6003556,-0.01496765,-0.7995933,0.02319302,0.9990784,-0.03611575,0.799397,-0.04022727,-0.5994551,moving,-59.23283,-8.077133,-10.63875,5.269858,-11.02282858328985,4.1598532543655935,50.39371766203086,1.1745751970277776,130.57348618286917
1395,05/05/2023 11:22:06.226225,1577,True,True,True,True,Eyes,0.4661888,0.03915844,-3.478939,0.8592727,0.0722047,-0.5063959,0.0,0.0,0.0,0.0,0.0,0.0,0.0,-2.500417,-0.1641873,-2.465949,0.5128477,0.0319427,-3.477918,0.002922084,0.8917743,-0.02081813,0.4519919,2.27935,126.2285,359.2197,0.1153928,0.01139027,-0.9932544,0.2251566,0.006293108,-0.2018381,2.377142,0.1459946,-4.375932,-0.3800338,0.1897231,2.02845,-0.5913898,-0.01360757,-0.8062712,0.02403093,0.9991161,-0.03448863,0.8060279,-0.03977166,-0.5905399,moving,-59.48784,-8.114848,-10.61145,5.34339,-11.036405146878169,4.1644656884476925,50.69542059690149,1.2531757295875663,130.28608504211675
1396,05/05/2023 11:22:06.246556,1578,True,True,True,True,Eyes,0.4691346,0.03878054,-3.47907,0.861684,0.07196388,-0.5023165,0.0,0.0,0.0,0.0,0.0,0.0,0.0,-2.520573,-0.1563077,-2.447591,0.5229843,0.03057157,-3.47764,0.003789416,0.8893755,-0.0201505,0.4567175,2.252539,125.6235,359.3311,0.1171359,0.01136695,-0.9930506,0.2116472,0.005915522,-0.1897278,2.396768,0.1474615,-4.356672,-0.379137,0.1923752,2.028958,-0.5827895,-0.01166574,-0.8125393,0.02514659,0.9991592,-0.03238132,0.8122338,-0.0393041,-0.582006,moving,-59.76006,-8.152946,-10.58439,5.416294,-11.051011273990952,4.169499396976104,51.0134373878736,1.3312521156679724,129.98260903383905
1397,05/05/2023 11:22:06.256265,1579,True,True,True,True,Eyes,0.4723884,0.03836916,-3.479166,0.8641568,0.07178415,-0.4980762,0.0,0.0,0.0,0.0,0.0,0.0,0.0,-2.538063,-0.1518983,-2.431396,0.5333602,0.02956027,-3.477236,0.004621507,0.8871546,-0.0199365,0.4610184,2.271497,125.0703,359.4161,0.1187863,0.01133501,-0.992855,0.1989484,0.00556059,-0.1783442,2.415695,0.1478581,-4.339023,-0.3782339,0.1950474,2.029471,-0.5748815,-0.01018221,-0.8181734,0.02658217,0.9991624,-0.03111232,0.8178049,-0.03963472,-0.5741293,moving,-60.04203,-8.201158,-10.55713,5.489695,-11.065682029617989,4.1742683241986445,51.34388750258017,1.410309365436669,129.66870211119996
1398,05/05/2023 11:22:06.276116,1580,True,True,True,True,Eyes,0.475917,0.03791232,-3.479241,0.8667232,0.07160116,-0.4936236,0.0,0.0,0.0,0.0,0.0,0.0,0.0,-2.55331,-0.1445688,-2.417179,0.5439634,0.02833341,-3.476542,0.00474952,0.8850944,-0.019075,0.4649963,2.188278,124.5582,359.4649,0.1203623,0.01129438,-0.9926655,0.1870115,0.005226955,-0.1676435,2.433849,0.1519108,-4.32234,-0.3773305,0.1977206,2.029986,-0.5675121,-0.009332061,-0.8233125,0.02614716,0.9992272,-0.02934934,0.8229501,-0.03818337,-0.5668294,moving,-60.33726,-8.253314,-10.52987,5.563059,-11.080954825561813,4.179176221619784,51.688182996573104,1.4895724316936854,129.34188372435267
1399,05/05/2023 11:22:06.295911,1581,True,True,True,True,Eyes,0.4797438,0.03744331,-3.479259,0.8693386,0.07136755,-0.489037,0.0,0.0,0.0,0.0,0.0,0.0,0.0,-2.567376,-0.1429382,-2.403104,0.5545255,0.02682949,-3.47542,0.005281443,0.8830693,-0.0192502,0.468818,2.23227,124.0629,359.4999,0.1218789,0.01124462,-0.992481,0.1757908,0.004913338,-0.1575849,2.451784,0.1512698,-4.305916,-0.3764221,0.2004062,2.030503,-0.5603636,-0.008721921,-0.8282008,0.02737744,0.9992031,-0.02904645,0.8277941,-0.03895059,-0.5596782,moving,-60.64054,-8.302842,-10.50247,5.636712,-11.096856309244323,4.184423966127657,52.03976584347604,1.569214968685261,129.00754366143605
1400,05/05/2023 11:22:06.316119,1582,True,True,True,True,Eyes,0.483874,0.03695733,-3.479206,0.8720419,0.07144728,-0.4841883,0.0,0.0,0.0,0.0,0.0,0.0,0.0,-2.581171,-0.1475804,-2.388699,0.5654575,0.02608306,-3.474145,0.005440692,0.8809912,-0.02012759,0.4726728,2.327296,123.5598,359.4586,0.1233509,0.01118631,-0.9922999,0.1652434,0.004618537,-0.1481298,2.470037,0.1501002,-4.289323,-0.3755042,0.2031239,2.031022,-0.5531015,-0.009441128,-0.8330602,0.02861394,0.9991305,-0.03032114,0.8326222,-0.04060781,-0.5523503,moving,-60.95943,-8.394044,-10.47481,5.711198,-11.111525926382072,4.1879515974920665,52.41807616102449,1.650965406561247,128.65427434195806
1401,05/05/2023 11:22:06.326630,1583,True,True,True,True,Eyes,0.4882874,0.03642258,-3.479082,0.874771,0.07164608,-0.4792103,0.0,0.0,0.0,0.0,0.0,0.0,0.0,-2.594974,-0.1400749,-2.374774,0.5766112,0.02517449,-3.472744,0.003402681,0.8789144,-0.01844466,0.4766107,2.043948,123.0487,359.3349,0.1247909,0.01111985,-0.9921204,0.1553288,0.004341425,-0.139242,2.487632,0.1626727,-4.272039,-0.3746152,0.2057538,2.031528,-0.5456614,-0.01160051,-0.8379256,0.02356317,0.9992965,-0.02917904,0.8376746,-0.03566606,-0.5450042,moving,-61.28553,-8.50323,-10.44801,5.783214,-11.125692832192284,4.19074906182182,52.806779128399185,1.7306642078621117,128.29397844294866
1402,05/05/2023 11:22:06.346410,1584,True,True,True,True,Eyes,0.4929833,0.0358843,-3.478865,0.8775961,0.07181408,-0.4739913,0.0,0.0,0.0,0.0,0.0,0.0,0.0,-2.608606,-0.1405645,-2.359883,0.5877725,0.02345171,-3.470966,0.00149971,0.8767601,-0.01812952,0.4805838,1.904402,122.5284,359.1518,0.1262109,0.01104465,-0.9919416,0.146009,0.00408094,-0.1308875,2.505356,0.1697905,-4.254423,-0.3736951,0.2084768,2.032053,-0.5380741,-0.01479574,-0.8427679,0.02005528,0.9993382,-0.03034902,0.8426591,-0.03323197,-0.5374212,moving,-61.62643,-8.615319,-10.42028,5.85772,-11.140610256011808,4.193777890649932,53.212204011091494,1.8131682274390282,127.91819985071541
1403,05/05/2023 11:22:06.356172,1585,True,True,True,True,Eyes,0.4979433,0.03549299,-3.478576,0.8804387,0.07180368,-0.4686918,0.0,0.0,0.0,0.0,0.0,0.0,0.0,-2.621198,-0.1564245,-2.344783,0.598976,0.02283164,-3.468985,0.0003643966,0.8746018,-0.02022396,0.48442,2.047549,122.0186,358.9131,0.1276207,0.01096154,-0.9917622,0.1372485,0.003836083,-0.1230343,2.523342,0.1683978,-4.23752,-0.3727428,0.2112955,2.032594,-0.5306745,-0.01895638,-0.8473638,0.02023119,0.9991817,-0.03502278,0.8473344,-0.03572887,-0.5298567,moving,-61.97189,-8.710006,-10.3916,5.934788,-11.156717741584671,4.197808716892114,53.618992043738906,1.8980258661128973,127.53852889031958
1404,05/05/2023 11:22:06.376287,1586,True,True,True,True,Eyes,0.5031967,0.03524598,-3.478228,0.8832511,0.07233495,-0.4632873,0.0,0.0,0.0,0.0,0.0,0.0,0.0,-2.63245,-0.1880463,-2.329816,0.6102301,0.02601605,-3.467007,-0.0007419026,0.8724672,-0.02412801,0.4880761,2.371438,121.5234,358.575,0.1290287,0.01087549,-0.9915809,0.1290136,0.003605918,-0.1156522,2.541263,0.1647161,-4.221538,-0.3718853,0.2138329,2.033081,-0.5235624,-0.02484718,-0.851625,0.02225803,0.9988346,-0.042826,0.8516966,-0.04137757,-0.5223992,moving,-62.32187,-8.874177,-10.36579,6.004112,-11.169459606322745,4.198420756643047,54.04440519178577,1.976462927166339,127.15285189276723
1405,05/05/2023 11:22:06.396133,1587,True,True,True,True,Eyes,0.6411986,0.02878972,-3.467719,0.9416577,0.09802637,-0.3219807,0.0,0.0,0.0,0.0,0.0,0.0,0.0,-2.640481,-0.1790782,-2.322369,0.622398,0.02909875,-3.465455,-0.006583222,0.8708112,-0.02026985,0.4911556,1.65239,121.1263,358.2012,0.1304446,0.01079087,-0.9913967,0.1212728,0.003389563,-0.1087131,2.556284,0.1983526,-4.208011,-0.3710018,0.2164494,2.033583,-0.5174459,-0.03137679,-0.8551406,0.008445814,0.9990916,-0.0417692,0.8556744,-0.02883565,-0.5167107,moving,-71.12292,-16.93276,-10.33919,6.075542,-11.283925550188798,4.013892302118288,64.99264415021213,2.267801741018444,118.2231657293465
1406,05/05/2023 11:22:06.406593,1588,True,True,True,True,Eyes,0.6416191,0.02885054,-3.467672,0.9418535,0.09772054,-0.3215007,0.0,0.0,0.0,0.0,0.0,0.0,0.0,-2.648019,-0.1561575,-2.315486,0.6342934,0.02846187,-3.46334,-0.01127513,0.869217,-0.01527823,0.4940663,0.883471,120.7565,358.0113,0.1359192,0.01051832,-0.9906638,0.5280021,-0.01618259,-0.07066396,2.570417,0.228916,-4.193952,-0.3700942,0.2191341,2.0341,-0.511543,-0.03469798,-0.8585571,-0.004504146,0.9992788,-0.03770151,0.8592462,-0.01541887,-0.5113304,moving,-71.15271,-16.90671,-10.31188,6.148775,-11.287107581411838,4.015980363681076,65.06275419680698,2.3451826786536594,118.1580053151756
1407,05/05/2023 11:22:06.426129,1589,True,True,True,True,Eyes,0.6425042,0.02909052,-3.467549,0.9421352,0.0975678,-0.3207207,0.0,0.0,0.0,0.0,0.0,0.0,0.0,-2.659718,-0.1783162,-2.299843,0.6455571,0.03007799,-3.460856,-0.009941126,0.8670177,-0.01883489,0.4978223,1.30431,120.2495,357.9369,0.1405443,0.01028521,-0.9900208,0.496322,-0.01521164,-0.06642412,2.589144,0.2186563,-4.176438,-0.3691915,0.2218049,2.034614,-0.5041487,-0.03599112,-0.8628669,0.00151459,0.9990929,-0.04255819,0.8636158,-0.02276254,-0.5036368,moving,-71.20045,-16.92051,-10.28472,6.221571,-11.289296048581711,4.016501024843902,65.16350262565281,2.423119194905393,118.0739722460778
1408,05/05/2023 11:22:06.446307,1590,True,True,True,True,Eyes,0.6438252,0.02945903,-3.467341,0.9424948,0.09785993,-0.3195731,0.0,0.0,0.0,0.0,0.0,0.0,0.0,-2.671423,-0.1830638,-2.286501,0.6575459,0.03459737,-3.458981,-0.01176402,0.864857,-0.01822493,0.5015494,1.130143,119.7574,357.7857,0.1447206,0.01008233,-0.9894209,0.4665427,-0.01429894,-0.06243868,2.606401,0.2329174,-4.159241,-0.3682993,0.2244434,2.03512,-0.4966196,-0.03862979,-0.867108,-0.002066989,0.9990589,-0.04332438,0.8679657,-0.01972344,-0.496232,moving,-71.26966,-17.02568,-10.2579,6.29344,-11.288005740790382,4.012923690119771,65.3162783375783,2.5023733687919236,117.96489938375608
1409,05/05/2023 11:22:06.456321,1591,True,True,True,True,Eyes,0.6455569,0.02990386,-3.46705,0.9429197,0.09833003,-0.3181724,0.0,0.0,0.0,0.0,0.0,0.0,0.0,-2.681866,-0.1674708,-2.275673,0.6692545,0.03792936,-3.456849,-0.01598117,0.8628668,-0.01388797,0.5049877,0.4484218,119.3146,357.6154,0.1485146,0.009910033,-0.9888603,0.4385501,-0.013441,-0.05869236,2.620906,0.2643227,-4.142622,-0.3673528,0.2272449,2.035656,-0.4894639,-0.04160574,-0.8710304,-0.01355272,0.9991035,-0.04010753,0.8719181,-0.007826354,-0.489589,moving,-71.3539,-17.17358,-10.22945,6.369686,-11.28539285290358,4.007557671025861,65.50178441652758,2.5874051772268505,117.83694607933276
1410,05/05/2023 11:22:06.476017,1592,True,True,True,True,Eyes,0.6476902,0.03039848,-3.466677,0.9434139,0.09878357,-0.3165627,0.0,0.0,0.0,0.0,0.0,0.0,0.0,-2.692203,-0.1645388,-2.263697,0.6808007,0.04017214,-3.454599,-0.01780537,0.8608389,-0.01245928,0.5084133,0.1917058,118.8635,357.5169,0.1519766,0.009767459,-0.9883356,0.4122371,-0.01263454,-0.05517082,2.636652,0.27889,-4.125978,-0.3664647,0.2298711,2.036161,-0.4823976,-0.04332404,-0.8748801,-0.01798619,0.9990555,-0.03955585,0.8757675,-0.003345889,-0.4827213,moving,-71.45081,-17.33056,-10.20277,6.441097,-11.283076870322244,4.002054251366283,65.69942222247657,2.667581763269528,117.69920712037886
1411,05/05/2023 11:22:06.495591,1593,True,True,True,True,Eyes,0.65017,0.03088186,-3.466226,0.9439791,0.09920256,-0.3147414,0.0,0.0,0.0,0.0,0.0,0.0,0.0,-2.700759,-0.1554969,-2.254616,0.6923918,0.04178083,-3.452595,-0.0192209,0.8590606,-0.01035293,0.5114082,359.8928,118.4707,357.5004,0.1551512,0.009653082,-0.9878433,0.3875029,-0.01187647,-0.05186057,2.651608,0.2938159,-4.111126,-0.3655769,0.2325004,2.036666,-0.4761846,-0.04361299,-0.8782632,-0.0224347,0.9990468,-0.03744704,0.8790591,0.001871863,-0.4767092,moving,-71.56059,-17.4942,-10.17609,6.512542,-11.281196810610844,3.996541654987328,65.91191471732986,2.7480026926774204,117.54919304454396
1412,05/05/2023 11:22:06.506301,1594,True,True,True,True,Eyes,0.6529738,0.03135067,-3.465699,0.9446821,0.09895863,-0.3127025,0.0,0.0,0.0,0.0,0.0,0.0,0.0,-2.709918,-0.1512478,-2.243711,0.7031482,0.04199195,-3.450302,-0.01838479,0.8572522,-0.009969389,0.514472,359.8955,118.0628,357.6056,0.1580776,0.009563776,-0.9873801,0.3642527,-0.01116388,-0.04874893,2.6672,0.2960092,-4.095649,-0.3646405,0.2352723,2.037199,-0.4699613,-0.04177874,-0.8816978,-0.02126285,0.9991252,-0.03600947,0.882431,0.00182435,-0.4704385,moving,-71.68476,-17.56063,-10.14797,6.587796,-11.285288664304243,3.996342519773581,66.10539313688086,2.83003973193883,117.38982848026748
1413,05/05/2023 11:22:06.526228,1595,True,True,True,True,Eyes,0.6560868,0.03182109,-3.465099,0.9454777,0.09855408,-0.3104174,0.0,0.0,0.0,0.0,0.0,0.0,0.0,-2.720397,-0.1569873,-2.230455,0.7136814,0.04216943,-3.448045,-0.014997,0.8553035,-0.01199427,0.5177716,0.28576,117.616,357.8179,0.1607899,0.009496641,-0.9869427,0.3423975,-0.01049405,-0.045824,2.684622,0.2834662,-4.079079,-0.3637913,0.2377838,2.037683,-0.4633755,-0.03807455,-0.8853439,-0.01323339,0.9992625,-0.03604751,0.8860634,-0.004987434,-0.4635376,moving,-71.82406,-17.61407,-10.12248,6.655925,-11.29098403204575,3.9971916534167193,66.30322489740922,2.9041805524349047,117.22113859311173
1414,05/05/2023 11:22:06.546282,1596,True,True,True,True,Eyes,0.6594928,0.03230729,-3.464431,0.9463981,0.09794059,-0.3077958,0.0,0.0,0.0,0.0,0.0,0.0,0.0,-2.732646,-0.1563621,-2.215337,0.724169,0.04270307,-3.445761,-0.01249216,0.8531351,-0.01269653,0.5213861,0.4948826,117.1298,358.0197,0.1633189,0.009449514,-0.9865277,0.3218537,-0.009864404,-0.04307456,2.701582,0.2779408,-4.060782,-0.3628887,0.2404552,2.038196,-0.4560014,-0.03455459,-0.8893083,-0.008075421,0.9993654,-0.03469019,0.8899426,-0.008637228,-0.4559911,moving,-71.98399,-17.65107,-10.09539,6.728342,-11.298799154310094,3.999405410070778,66.51732510726619,2.982497025066725,117.03219310304716
1415,05/05/2023 11:22:06.561884,1597,True,True,True,True,Eyes,0.6631871,0.03280566,-3.463709,0.947374,0.0973924,-0.3049546,0.0,0.0,0.0,0.0,0.0,0.0,0.0,-2.745974,-0.1595225,-2.198716,0.7345016,0.04358852,-3.443657,-0.01145193,0.8507863,-0.01339859,0.5252164,0.6170408,116.613,358.0767,0.1656908,0.009420861,-0.9861324,0.3025425,-0.00927254,-0.04049008,2.717975,0.2767642,-4.041947,-0.3619834,0.2431336,2.038711,-0.4480335,-0.0335606,-0.893387,-0.005411972,0.9993787,-0.03482815,0.8940007,-0.01076918,-0.4479368,moving,-72.15691,-17.71176,-10.06822,6.800888,-11.306165064566644,4.000746772910345,66.75234331383433,3.061584373250567,116.82982429998857
1416,05/05/2023 11:22:06.576121,1598,True,True,True,True,Eyes,0.6671591,0.03329947,-3.462947,0.9483965,0.09709296,-0.3018561,0.0,0.0,0.0,0.0,0.0,0.0,0.0,-2.758128,-0.1613747,-2.183815,0.7450766,0.04437328,-3.441693,-0.01200395,0.8485271,-0.01335244,0.5288472,0.5708653,116.1234,358.0231,0.1679302,0.009409179,-0.9857537,0.2843899,-0.008716187,-0.03806068,2.733365,0.2821569,-4.024275,-0.3610809,0.2458045,2.039224,-0.4403532,-0.03449415,-0.8971619,-0.006248541,0.9993553,-0.03535633,0.8978029,-0.009963318,-0.4402848,moving,-72.34474,-17.83055,-10.04116,6.873171,-11.311395614255837,3.999514529450593,67.02245826633221,3.1418784232453008,116.61047113777171
1417,05/05/2023 11:22:06.596401,1599,True,True,True,True,Eyes,0.6713891,0.0337614,-3.462132,0.9494246,0.09701641,-0.2986312,0.0,0.0,0.0,0.0,0.0,0.0,0.0,-2.767707,-0.1505941,-2.173564,0.7556311,0.04469956,-3.440099,-0.01401504,0.8466398,-0.01094744,0.5318693,0.2079121,115.7213,357.9726,0.1700576,0.009412645,-0.9853889,0.2673265,-0.008193216,-0.03577704,2.746506,0.2983784,-4.009377,-0.3601712,0.248496,2.03974,-0.4338373,-0.03537659,-0.9002965,-0.01208616,0.9993674,-0.03344541,0.9009103,-0.003628739,-0.4339905,moving,-72.5396,-17.99744,-10.01389,6.945961,-11.31453425165398,3.996015553665175,67.31743952684846,3.2239500004981636,116.38168243184727
1418,05/05/2023 11:22:06.606325,1600,True,True,True,True,Eyes,0.675858,0.03420293,-3.46128,0.9504511,0.09700338,-0.2953522,0.0,0.0,0.0,0.0,0.0,0.0,0.0,-2.775383,-0.1351005,-2.165197,0.7660264,0.04434888,-3.438069,-0.01501675,0.8449766,-0.008300336,0.534528,359.8839,115.3675,358.0372,0.1720921,0.009428847,-0.9850355,0.251287,-0.007701623,-0.03363042,2.759212,0.3118171,-3.995269,-0.3592658,0.2511761,2.040255,-0.4281086,-0.03425113,-0.903078,-0.01650408,0.9994112,-0.03008093,0.9035766,0.002026571,-0.4284217,moving,-72.7374,-18.18188,-9.986758,7.018377,-11.316932494933988,3.9916991308416816,67.62171266892175,3.3060766946073152,116.14958046402498
1419,05/05/2023 11:22:06.626732,1601,True,True,True,True,Eyes,0.6805471,0.0346344,-3.460394,0.9514812,0.09708507,-0.2919897,0.0,0.0,0.0,0.0,0.0,0.0,0.0,-2.781607,-0.1232841,-2.159093,0.7761203,0.04426336,-3.436553,-0.01512109,0.8435565,-0.006493137,0.5367883,359.6975,115.0645,358.1386,0.1740492,0.009455926,-0.9846914,0.2362097,-0.007239526,-0.03161259,2.77166,0.3203397,-3.9835,-0.3583783,0.2537999,2.040759,-0.4232593,-0.03248187,-0.9054263,-0.01854011,0.9994584,-0.02718831,0.905819,0.005278999,-0.4236324,moving,-72.93985,-18.3917,-9.960172,7.089214,-11.31828430712125,3.986210754707821,67.93906695899702,3.3871962120680283,115.91276651291267
1420,05/05/2023 11:22:06.646632,1602,True,True,True,True,Eyes,0.685443,0.03507988,-3.459467,0.9523689,0.09758181,-0.2889137,0.0,0.0,0.0,0.0,0.0,0.0,0.0,-2.787642,-0.1097059,-2.152996,0.7860707,0.04442635,-3.434894,-0.01478308,0.8421592,-0.004543104,0.5390073,359.5253,114.7661,358.2924,0.1759433,0.009492512,-0.9843543,0.2220372,-0.006805154,-0.02971583,2.784011,0.3284203,-3.971579,-0.3574479,0.256555,2.041289,-0.4185054,-0.02979695,-0.9077255,-0.02000189,0.9995216,-0.02358842,0.9079942,0.008284345,-0.4189011,moving,-73.12414,-18.66261,-9.932301,7.163536,-11.315327135521237,3.977149735543741,68.26564533801198,3.473588737581108,115.6875182977409
1421,05/05/2023 11:22:06.656204,1603,True,True,True,True,Eyes,0.6905293,0.03552939,-3.458526,0.9532591,0.09828328,-0.2857227,0.0,0.0,0.0,0.0,0.0,0.0,0.0,-2.795102,-0.09233467,-2.145389,0.7956961,0.04514048,-3.43346,-0.01444314,0.8406257,-0.001934977,0.5414205,359.2903,114.4408,358.4884,0.1777862,0.009538043,-0.9840227,0.2087149,-0.006396845,-0.02793288,2.796003,0.3390932,-3.958621,-0.3564964,0.2593683,2.041829,-0.4133106,-0.02637782,-0.9102079,-0.02218728,0.9995753,-0.0188928,0.9103197,0.01238644,-0.4137203,moving,-73.31482,-18.98226,-9.903817,7.239363,-11.310205479085722,3.96577303748756,68.6187205813409,3.562908895378501,115.45296572570518
1422,05/05/2023 11:22:06.676237,1604,True,True,True,True,Eyes,0.6957774,0.03600291,-3.457602,0.9536064,0.1006935,-0.2837176,0.0,0.0,0.0,0.0,0.0,0.0,0.0,-2.802335,-0.06401341,-2.138583,0.8053362,0.04562902,-3.43221,-0.01413517,0.8391481,0.002297824,0.5437145,358.8983,114.1304,358.7836,0.1795887,0.009591743,-0.9836948,0.196192,-0.006013034,-0.02625691,2.807202,0.3542117,-3.945438,-0.3556502,0.2618732,2.04231,-0.4083496,-0.02122428,-0.9125788,-0.02622172,0.9995899,-0.01151456,0.9124489,0.01922742,-0.4087387,moving,-73.43118,-19.54016,-9.878493,7.306827,-11.288065617922946,3.940373548098367,68.99061338978034,3.649644340071861,115.27718693340323
1423,05/05/2023 11:22:06.696874,1605,True,True,True,True,Eyes,0.7011796,0.03649008,-3.456694,0.9539592,0.1031314,-0.2816485,0.0,0.0,0.0,0.0,0.0,0.0,0.0,-2.807941,-0.0301258,-2.134504,0.8145005,0.0461451,-3.431618,-0.01298828,0.8379636,0.007063259,0.545526,358.5097,113.8811,359.1941,0.1813587,0.009653448,-0.9833694,0.1844205,-0.005652252,-0.0246815,2.817487,0.3686872,-3.934573,-0.3547496,0.2645391,2.042823,-0.4044655,-0.01406103,-0.9144453,-0.0294738,0.9995629,-0.002333387,0.9140784,0.0260084,-0.4047032,moving,-73.55121,-20.11124,-9.851543,7.37856,-11.265458894153412,3.914397602646268,69.37821473597377,3.741601164071232,115.09482030134879
1424,05/05/2023 11:22:06.706542,1606,True,True,True,True,Eyes,0.7067136,0.03698492,-3.455848,0.9543334,0.1055814,-0.2794645,0.0,0.0,0.0,0.0,0.0,0.0,0.0,-2.809011,0.00471616,-2.135988,0.823595,0.04691571,-3.431107,-0.0105252,0.837342,0.01151955,0.5464568,358.2353,113.7468,359.7113,0.1831039,0.009722739,-0.9830453,0.1733553,-0.005313117,-0.02320061,2.827409,0.3787227,-3.92758,-0.3538393,0.2672309,2.043339,-0.4025484,-0.00503651,-0.9153849,-0.03021624,0.999513,0.007788469,0.9148999,0.03079473,-0.4025046,moving,-73.67799,-20.6965,-9.824323,7.450939,-11.242520751584784,3.887873213049492,69.78229798169167,3.8349345059254114,114.90496520028468
1425,05/05/2023 11:22:06.726390,1607,True,True,True,True,Eyes,0.7123737,0.03747555,-3.455021,0.9547175,0.1079865,-0.2772245,0.0,0.0,0.0,0.0,0.0,0.0,0.0,-2.807865,0.03903934,-2.140358,0.8326438,0.04762084,-3.430918,-0.008281067,0.8369833,0.01595507,0.5469332,357.9503,113.6705,0.2058516,0.18483,0.009799049,-0.9827214,0.162954,-0.00499433,-0.02180857,2.836633,0.3892205,-3.922977,-0.352924,0.2699393,2.043859,-0.4015909,0.003590481,-0.915812,-0.03131494,0.9993537,0.01764986,0.9152836,0.03576662,-0.401219,moving,-73.80811,-21.28226,-9.796955,7.523699,-11.21976011257075,3.8614089283507753,70.19409689100435,3.928962071241964,114.71178296339028
1426,05/05/2023 11:22:06.746336,1608,True,True,True,True,Eyes,0.7181297,0.0379575,-3.454281,0.955197,0.1102572,-0.274667,0.0,0.0,0.0,0.0,0.0,0.0,0.0,-2.809401,0.06485789,-2.140596,0.8413227,0.04797794,-3.430592,-0.006007773,0.8362588,0.01905944,0.5479708,357.7958,113.5172,0.6215541,0.1865421,0.009881543,-0.982397,0.1531767,-0.00469467,-0.02050006,2.846661,0.3951379,-3.916128,-0.3520368,0.2725646,2.044364,-0.399384,0.01083992,-0.9167197,-0.03093613,0.9992013,0.02529308,0.9162617,0.03846142,-0.3987297,moving,-73.95741,-21.87158,-9.770435,7.594165,-11.197982696966058,3.835254761638301,70.62717528016853,4.020857944167327,114.50229573328413
1427,05/05/2023 11:22:06.758845,1609,True,True,True,True,Eyes,0.7240077,0.03842404,-3.453572,0.9557052,0.1125035,-0.2719754,0.0,0.0,0.0,0.0,0.0,0.0,0.0,-2.815451,0.07939131,-2.135432,0.8499608,0.04829559,-3.430506,-0.004656944,0.8349905,0.02079982,0.5498515,357.7158,113.2519,0.8656933,0.1882437,0.009969314,-0.9820715,0.1439861,-0.00441299,-0.01927005,2.857618,0.3995433,-3.906508,-0.3511136,0.2752962,2.044889,-0.3952836,0.01509662,-0.9184353,-0.03065064,0.9990913,0.02961405,0.9180479,0.03985656,-0.3944616,moving,-74.11466,-22.4726,-9.74285,7.667428,-11.176077014220404,3.808709037258382,71.07848627057898,4.116291013486884,114.283485081082
1428,05/05/2023 11:22:06.776169,1610,True,True,True,True,Eyes,0.7300234,0.03886653,-3.45284,0.9563198,0.1145015,-0.2689644,0.0,0.0,0.0,0.0,0.0,0.0,0.0,-2.82479,0.08395009,-2.126515,0.8587354,0.04837698,-3.430566,-0.005041366,0.833324,0.02162699,0.5523388,357.615,112.9076,0.8882402,0.1899387,0.01006137,-0.9817442,0.1353469,-0.00414821,-0.01811385,2.868731,0.4060049,-3.89519,-0.3501309,0.2782067,2.04545,-0.389793,0.01548867,-0.9207724,-0.03229304,0.9990137,0.03047549,0.9203363,0.04161366,-0.3889084,moving,-74.2914,-23.06007,-9.713492,7.745413,-11.15607010776197,3.783351729963198,71.54917179478566,4.2165105365123585,114.04565540297386
1429,05/05/2023 11:22:06.796331,1611,True,True,True,True,Eyes,0.7361438,0.03926557,-3.452139,0.9569558,0.1164616,-0.2658425,0.0,0.0,0.0,0.0,0.0,0.0,0.0,-2.835443,0.07496348,-2.116503,0.867415,0.04833174,-3.430772,-0.006567723,0.8315433,0.02081216,0.5550313,357.5984,112.5414,0.6984994,0.1916312,0.01015658,-0.9814141,0.1272261,-0.003899318,-0.01702702,2.879884,0.4103139,-3.884238,-0.3492627,0.2807726,2.045942,-0.3837943,0.01218011,-0.9233384,-0.03402549,0.9990474,0.02732183,0.9227917,0.041903,-0.3830144,moving,-74.47469,-23.65751,-9.687578,7.814113,-11.135940208729108,3.7576550127552366,72.02661268971818,4.3072734403513895,113.80672767942065
1430,05/05/2023 11:22:06.809205,1612,True,True,True,True,Eyes,0.8919722,0.04796602,-3.434847,0.970497,0.1585197,-0.1816783,0.0,0.0,0.0,0.0,0.0,0.0,0.0,-2.846479,0.06072024,-2.105739,0.8760196,0.04769545,-3.430828,-0.008785983,0.8296898,0.0193737,0.5578193,357.5957,112.1639,0.403421,0.1933248,0.01025341,-0.981081,0.1195926,-0.003665359,-0.0160054,2.890845,0.4142895,-3.873284,-0.3483576,0.2834518,2.046456,-0.3775209,0.007034768,-0.9259743,-0.03619332,0.999095,0.02234634,0.9252935,0.0419503,-0.3769245,moving,-79.39688,-41.10567,-9.660565,7.885787,-10.521776378393854,2.9961533414241805,85.22509306983521,4.964897013368212,108.50406950333556
1431,05/05/2023 11:22:06.826229,1613,True,True,True,True,Eyes,0.8923235,0.04793984,-3.434862,0.9705409,0.1584552,-0.1815005,0.0,0.0,0.0,0.0,0.0,0.0,0.0,-2.856336,0.0378447,-2.09712,0.8846006,0.04689673,-3.431221,-0.01081505,0.8280316,0.01654981,0.5603329,357.7346,111.8265,0.03649159,0.2000624,0.01061618,-0.9797254,0.5799021,0.02265592,0.03683028,2.902101,0.4131822,-3.864653,-0.3475573,0.2858206,2.046911,-0.3718203,0.0006364001,-0.9283046,-0.03645721,0.9992182,0.01528747,0.9275887,0.03952758,-0.3715064,moving,-79.40749,-41.1219,-9.636683,7.949103,-10.52157295041661,2.995599473491771,85.29905535735584,5.03192084709982,108.45792568215109
1432,05/05/2023 11:22:06.846427,1614,True,True,True,True,Eyes,0.8930168,0.04788116,-3.43489,0.9706559,0.1583869,-0.1809438,0.0,0.0,0.0,0.0,0.0,0.0,0.0,-2.865092,0.01381944,-2.089837,0.8933637,0.04627019,-3.431635,-0.01266832,0.8264817,0.0135184,0.562659,357.9024,111.5129,359.6716,0.205699,0.01092498,-0.978554,0.5451079,0.02129657,0.03462047,2.913501,0.4114966,-3.857086,-0.3466518,0.2885005,2.047426,-0.3665091,-0.00572777,-0.930397,-0.03615277,0.9993135,0.008089526,0.929712,0.03660131,-0.3664646,moving,-79.44047,-41.19689,-9.609673,8.020677,-10.519654558660054,2.9926294805491005,85.43248276302579,5.109728788786907,108.38538907930408
1433,05/05/2023 11:22:06.856036,1615,True,True,True,True,Eyes,0.8940278,0.04779083,-3.434941,0.9707955,0.1582966,-0.1802725,0.0,0.0,0.0,0.0,0.0,0.0,0.0,-2.872488,-0.001850899,-2.084548,0.9021209,0.04546297,-3.432294,-0.01463648,0.8251085,0.01175018,0.5646625,357.9415,111.2397,359.376,0.21044,0.01118763,-0.9775424,0.5124014,0.02001877,0.03254324,2.923945,0.4138519,-3.850634,-0.345716,0.2912695,2.047958,-0.3618841,-0.01088358,-0.9321596,-0.03742314,0.9992954,0.002861015,0.9314717,0.03591969,-0.3620364,moving,-79.48025,-41.28626,-9.581769,8.094567,-10.517397316635758,2.989102150290151,85.58191234899633,5.190488578015896,108.30518081555137
1434,05/05/2023 11:22:06.875964,1616,True,True,True,True,Eyes,0.8953665,0.04768475,-3.435007,0.970822,0.1586579,-0.179812,0.0,0.0,0.0,0.0,0.0,0.0,0.0,-2.878479,-0.01735207,-2.080968,0.9107462,0.04462729,-3.432917,-0.01606669,0.8239212,0.009809341,0.5663918,358.0307,111.0032,359.1192,0.2146004,0.01141618,-0.9766349,0.4816573,0.01881765,0.03059064,2.934342,0.4139931,-3.845342,-0.344833,0.2938824,2.04846,-0.3578847,-0.01536351,-0.9336395,-0.03758723,0.9992912,-0.002035829,0.9330091,0.03436433,-0.3582085,moving,-79.50681,-41.42371,-9.555452,8.164233,-10.511814166845296,2.982790492012152,85.74471748752462,5.268963376012062,108.23490573219293
1435,05/05/2023 11:22:06.895955,1617,True,True,True,True,Eyes,0.8970109,0.04755425,-3.435108,0.9708498,0.1590944,-0.1792752,0.0,0.0,0.0,0.0,0.0,0.0,0.0,-2.883035,-0.03174534,-2.080081,0.9197253,0.04411954,-3.433918,-0.01765172,0.8229436,0.008131859,0.5677904,358.0843,110.8115,358.8638,0.2183764,0.01161856,-0.9757951,0.4527579,0.01768859,0.0287552,2.944546,0.4157655,-3.841969,-0.3439279,0.2965586,2.048973,-0.3546046,-0.01981835,-0.9348062,-0.03828712,0.9992446,-0.006660833,0.934232,0.03342908,-0.3550956,moving,-79.53773,-41.58685,-9.528488,8.23553,-10.505150653431986,2.9752836841411017,85.92766442932663,5.350145908488471,108.15849575945815
1436,05/05/2023 11:22:06.906543,1618,True,True,True,True,Eyes,0.8989573,0.04738468,-3.435255,0.9707879,0.1600221,-0.1787838,0.0,0.0,0.0,0.0,0.0,0.0,0.0,-2.886368,-0.03563657,-2.080944,0.9287032,0.04338738,-3.434871,-0.0193358,0.8221315,0.00801789,0.5689129,357.9837,110.6566,358.7002,0.2218151,0.01179671,-0.975017,0.4255924,0.01662727,0.02702989,2.953722,0.4222648,-3.839075,-0.343017,0.2992535,2.049492,-0.3519288,-0.02267018,-0.9357523,-0.0409161,0.9991236,-0.008817254,0.9351322,0.03518429,-0.3525481,moving,-79.56512,-41.83043,-9.501352,8.307255,-10.494056404314591,2.9635946099205466,86.15520322950348,5.435086788529662,108.07933918689758
1437,05/05/2023 11:22:06.926076,1619,True,True,True,True,Eyes,0.9011899,0.04717049,-3.435449,0.970745,0.1609133,-0.1782162,0.0,0.0,0.0,0.0,0.0,0.0,0.0,-2.889198,-0.03170719,-2.083408,0.9378517,0.0422262,-3.436235,-0.02064012,0.821454,0.008862333,0.5698325,357.8175,110.5289,358.6347,0.2249583,0.01195193,-0.9742947,0.4000569,0.01562964,0.0254081,2.962641,0.4301097,-3.836927,-0.3420984,0.3019727,2.050015,-0.3497303,-0.02380973,-0.936548,-0.04400991,0.9989909,-0.008962822,0.9358163,0.03808282,-0.3504253,moving,-79.59708,-42.07921,-9.473996,8.379561,-10.482968373677853,2.951758059644114,86.39059254630389,5.520785271153112,107.99574561546524
1438,05/05/2023 11:22:06.946305,1620,True,True,True,True,Eyes,0.9037073,0.04691812,-3.435683,0.9706834,0.1619805,-0.1775842,0.0,0.0,0.0,0.0,0.0,0.0,0.0,-2.892584,-0.03166537,-2.085033,0.9469461,0.04094154,-3.43759,-0.02079167,0.8207285,0.008703521,0.5708737,357.8208,110.3838,358.6128,0.227843,0.01208522,-0.9736225,0.3760535,0.01469186,0.02388361,2.972769,0.4315345,-3.834332,-0.3411851,0.3046767,2.050534,-0.3473417,-0.0241914,-0.9374265,-0.04406585,0.9989839,-0.009452383,0.9367027,0.03802529,-0.3480548,moving,-79.63253,-42.36898,-9.446811,8.451407,-10.469945124927523,2.9379257907480527,86.65302583508975,5.607608980872821,107.90680327307157
1439,05/05/2023 11:22:06.956253,1621,True,True,True,True,Eyes,0.9064961,0.04661204,-3.435973,0.970648,0.1629551,-0.176884,0.0,0.0,0.0,0.0,0.0,0.0,0.0,-2.897206,-0.03640177,-2.085217,0.9561702,0.0397487,-3.439101,-0.02140014,0.8198301,0.008015896,0.5721508,357.8434,110.2064,358.5139,0.2305028,0.01219769,-0.9729948,0.3534902,0.01381035,0.0224506,2.983203,0.4329282,-3.831237,-0.340232,0.307498,2.051075,-0.3443711,-0.02591636,-0.9384759,-0.04426156,0.9989555,-0.01134487,0.9377898,0.03763156,-0.3451585,moving,-79.67216,-42.65294,-9.418452,8.526306,-10.457481285423624,2.9244961197501267,86.91892031587703,5.697355157477285,107.81299945956106
1440,05/05/2023 11:22:06.976078,1622,True,True,True,True,Eyes,0.9095447,0.04625567,-3.436325,0.9706277,0.1640076,-0.1760213,0.0,0.0,0.0,0.0,0.0,0.0,0.0,-2.901634,-0.04853736,-2.0858,0.965467,0.03816693,-3.440758,-0.02222365,0.8189535,0.006249061,0.5733954,357.9529,110.0339,358.3237,0.2329667,0.01228988,-0.9724067,0.3322808,0.01298172,0.02110356,2.99403,0.4310426,-3.829017,-0.3393854,0.3100004,2.051556,-0.3414477,-0.0292339,-0.939446,-0.04356663,0.9989341,-0.0152505,0.9388905,0.03572125,-0.3423573,moving,-79.72124,-42.9765,-9.393273,8.592673,-10.443518569714444,2.909294076040426,87.20895909398884,5.779603078933076,107.71393611296594
1441,05/05/2023 11:22:06.996232,1623,True,True,True,True,Eyes,0.9128487,0.04586694,-3.436733,0.9706217,0.1650099,-0.1751151,0.0,0.0,0.0,0.0,0.0,0.0,0.0,-2.905545,-0.06348611,-2.087181,0.9747769,0.036619,-3.44253,-0.02266062,0.8181596,0.003937062,0.5745311,358.1387,109.8754,358.1334,0.2352613,0.01236236,-0.9718531,0.312344,0.01220282,0.01983735,3.005263,0.4265901,-3.827654,-0.3384972,0.3126293,2.052061,-0.3388012,-0.03255607,-0.9402946,-0.04160393,0.998942,-0.01959617,0.9399377,0.03248075,-0.3397971,moving,-79.77298,-43.29823,-9.366861,8.662344,-10.429813987663536,2.894253245652081,87.50384473296951,5.865214403956327,107.610893063149
1442,05/05/2023 11:22:07.006295,1624,True,True,True,True,Eyes,0.9164143,0.04544481,-3.437191,0.9705981,0.1662578,-0.1740624,0.0,0.0,0.0,0.0,0.0,0.0,0.0,-2.909318,-0.07597002,-2.088879,0.9842014,0.03545897,-3.44433,-0.02401219,0.8173561,0.002370109,0.5756275,358.1938,109.7224,357.9058,0.2374095,0.01241617,-0.97133,0.2936033,0.01147065,0.01864711,3.015657,0.4274465,-3.82645,-0.337584,0.3153303,2.05258,-0.3361528,-0.03652441,-0.941099,-0.04198161,0.9988356,-0.0237697,0.9408713,0.03151859,-0.3372948,moving,-79.83292,-43.68626,-9.339716,8.733857,-10.413135084130284,2.8760498407592263,87.84737034470244,5.955344930818665,107.49566560678619
1443,05/05/2023 11:22:07.026359,1625,True,True,True,True,Eyes,0.9202396,0.04497893,-3.437708,0.9705695,0.1675702,-0.1729598,0.0,0.0,0.0,0.0,0.0,0.0,0.0,-2.913548,-0.08777703,-2.090365,0.9939186,0.03421354,-3.446309,-0.02624135,0.8164673,0.001199422,0.5767938,358.153,109.5597,357.6222,0.239433,0.01245222,-0.9708328,0.2759871,0.01078241,0.01752828,3.025658,0.4319124,-3.82518,-0.3366795,0.318005,2.053093,-0.3332404,-0.04146676,-0.9419295,-0.04423403,0.9986199,-0.02831311,0.9418036,0.03223027,-0.3346149,moving,-79.89571,-44.09326,-9.312847,8.804619,-10.395635882587824,2.856954450627798,88.2050233942229,6.045423505108193,107.3771942349228
1444,05/05/2023 11:22:07.046247,1626,True,True,True,True,Eyes,0.9243326,0.04447831,-3.43827,0.9705375,0.1691512,-0.1715945,0.0,0.0,0.0,0.0,0.0,0.0,0.0,-2.918406,-0.09986041,-2.091027,1.003974,0.03267701,-3.44825,-0.02917986,0.8154362,0.0001948021,0.5781111,358.0483,109.3761,357.2837,0.2413502,0.01247101,-0.9703577,0.2594279,0.01013547,0.01647658,3.035574,0.4386622,-3.823314,-0.3357728,0.3206901,2.053609,-0.3298722,-0.04736339,-0.9428366,-0.04781385,0.998297,-0.0334207,0.9428139,0.03405609,-0.3315751,moving,-79.97352,-44.58917,-9.285912,8.875586,-10.37439343763068,2.833721013226358,88.62966805139914,6.139130586529971,107.24063363362856
1445,05/05/2023 11:22:07.056299,1627,True,True,True,True,Eyes,0.9286751,0.04394051,-3.438893,0.9705011,0.1708579,-0.1701032,0.0,0.0,0.0,0.0,0.0,0.0,0.0,-2.92468,-0.1095922,-2.090143,1.014347,0.03127826,-3.450301,-0.03202715,0.8142112,-0.0004659538,0.5796848,357.9156,109.1564,356.9774,0.2431785,0.01247328,-0.969901,0.2438622,0.00952734,0.01548799,3.045882,0.4464186,-3.820101,-0.3348419,0.3234457,2.05414,-0.3258798,-0.05269393,-0.9439417,-0.05161351,0.9979481,-0.03789007,0.9440014,0.03637253,-0.3279309,moving,-80.05855,-45.12682,-9.258262,8.948346,-10.351403962940182,2.808549233084684,89.08874428798791,6.23635018982774,107.09427563846803
1446,05/05/2023 11:22:07.076078,1628,True,True,True,True,Eyes,0.9332772,0.04337971,-3.439572,0.9704589,0.1728945,-0.1682764,0.0,0.0,0.0,0.0,0.0,0.0,0.0,-2.933464,-0.1041848,-2.086658,1.024677,0.02980838,-3.452441,-0.03403501,0.8127582,0.0008152159,0.5816059,357.6551,108.8892,356.8803,0.2449335,0.0124596,-0.9694596,0.2292305,0.008955699,0.01455871,3.055944,0.4573305,-3.81378,-0.333961,0.3260527,2.054641,-0.3211529,-0.05437619,-0.9454652,-0.05627273,0.9976819,-0.03826477,0.9453542,0.04091506,-0.3234683,moving,-80.1628,-45.77551,-9.232108,9.017124,-10.323767683912472,2.778221250215241,89.62921291775814,6.333689950317407,106.9274241908468
1447,05/05/2023 11:22:07.096049,1629,True,True,True,True,Eyes,0.9381229,0.04276821,-3.440327,0.9704072,0.1751333,-0.1662478,0.0,0.0,0.0,0.0,0.0,0.0,0.0,-2.945246,-0.08776955,-2.080265,1.035335,0.02857492,-3.454988,-0.03551053,0.810997,0.003579831,0.5839607,357.29,108.5608,356.9345,0.246628,0.01243091,-0.9690302,0.2154767,0.008418357,0.01368519,3.066171,0.4713767,-3.804588,-0.3330733,0.3286802,2.055145,-0.3154577,-0.05341689,-0.9474349,-0.06177881,0.9974524,-0.03566703,0.9469264,0.04727996,-0.3179541,moving,-80.2786,-46.49096,-9.205773,9.08639,-10.29333729304686,2.7447930885841028,90.22299358142816,6.4341780732577,106.74639185517262
1448,05/05/2023 11:22:07.106334,1630,True,True,True,True,Eyes,0.9431961,0.04209749,-3.441195,0.9703829,0.1774803,-0.1638834,0.0,0.0,0.0,0.0,0.0,0.0,0.0,-2.958517,-0.06526041,-2.071955,1.046032,0.02668697,-3.457627,-0.03699926,0.8090488,0.00715293,0.5865322,356.8485,108.1997,357.0448,0.2482743,0.01238725,-0.9686103,0.2025481,0.007913255,0.01286408,3.075995,0.4872172,-3.793822,-0.3321671,0.3313591,2.055658,-0.3092221,-0.05147756,-0.9495955,-0.06825925,0.9971598,-0.03182837,0.9485369,0.05497665,-0.3118577,moving,-80.41404,-47.28095,-9.178899,9.156949,-10.260198488570603,2.7080761804714424,90.88279131289971,6.538896636775752,106.54408228309018
1449,05/05/2023 11:22:07.126374,1631,True,True,True,True,Eyes,0.9484984,0.04142801,-3.442161,0.9704153,0.1796548,-0.1613019,0.0,0.0,0.0,0.0,0.0,0.0,0.0,-2.973011,-0.04838337,-2.06215,1.056737,0.02456445,-3.460678,-0.03657991,0.8070155,0.009211739,0.5893245,356.676,107.8026,357.2336,0.249882,0.01232842,-0.9681976,0.1903952,0.00743846,0.01209223,3.088089,0.4928928,-3.782416,-0.3312427,0.3340952,2.056185,-0.3027177,-0.04818369,-0.9518617,-0.0698985,0.9971541,-0.02824683,0.9505139,0.05798288,-0.3052241,moving,-80.56261,-48.08113,-9.151479,9.228936,-10.2273264753884,2.671177188610925,91.56414852781366,6.645423118105471,106.33032200641551
1450,05/05/2023 11:22:07.146282,1632,True,True,True,True,Eyes,0.9540209,0.04089352,-3.443232,0.9704877,0.181709,-0.158542,0.0,0.0,0.0,0.0,0.0,0.0,0.0,-2.988337,-0.03929502,-2.051373,1.067526,0.0239398,-3.464051,-0.03457753,0.8049132,0.009801112,0.5923033,356.7473,107.3761,357.471,0.2514601,0.01225596,-0.9677898,0.1789715,0.006992152,0.0113667,3.102319,0.4911562,-3.770586,-0.3303154,0.3368396,2.056713,-0.2959626,-0.04405336,-0.9541832,-0.06727429,0.9974166,-0.02518268,0.9528276,0.05673886,-0.2981617,moving,-80.72194,-48.89513,-9.12399,9.301082,-10.194386478255176,2.6338507634533235,92.2662751786992,6.752608457643964,106.10752798112536
1451,05/05/2023 11:22:07.156167,1633,True,True,True,True,Eyes,0.9597684,0.04058529,-3.444417,0.9705199,0.1840306,-0.15564,0.0,0.0,0.0,0.0,0.0,0.0,0.0,-3.004238,-0.04188922,-2.039958,1.078301,0.02662179,-3.467734,-0.03326886,0.8026858,0.009408438,0.5953994,356.8632,106.9333,357.5775,0.2530166,0.01217495,-0.9673851,0.1682332,0.006572623,0.0106847,3.116577,0.4917147,-3.759239,-0.3294411,0.3394286,2.05721,-0.2887859,-0.04220532,-0.9564632,-0.06461243,0.9976093,-0.02451247,0.9552112,0.05472055,-0.2908225,moving,-80.88918,-49.77782,-9.098084,9.369084,-10.158329225136445,2.5932327610526262,93.0178354815163,6.8583000772618075,105.87602128055944
1452,05/05/2023 11:22:07.176079,1634,True,True,True,True,Eyes,0.9658428,0.04044792,-3.445456,0.9700569,0.1870835,-0.1548849,0.0,0.0,0.0,0.0,0.0,0.0,0.0,-3.01851,-0.03938625,-2.031729,1.089454,0.03167031,-3.471737,-0.03697336,0.8005373,0.01183741,0.5980242,356.378,106.5602,357.4134,0.2545579,0.01209258,-0.9669817,0.1581392,0.006178266,0.01004361,3.125437,0.5174422,-3.750817,-0.328568,0.3420098,2.057707,-0.2820003,-0.045039,-0.9583567,-0.07335522,0.9969857,-0.02526935,0.956606,0.0631745,-0.2844541,moving,-80.9284,-50.37892,-9.072219,9.436819,-10.129220723207842,2.563660157324805,93.49456337146498,6.953960390993651,105.75745703773775
1453,05/05/2023 11:22:07.196408,1635,True,True,True,True,Eyes,0.9721066,0.04040891,-3.446601,0.9695641,0.1902455,-0.1541175,0.0,0.0,0.0,0.0,0.0,0.0,0.0,-3.027895,-0.02455929,-2.031612,1.101235,0.03479574,-3.475956,-0.04501178,0.7989451,0.01723097,0.5994697,355.3252,106.3566,357.0516,0.2560947,0.01201379,-0.9665768,0.1486508,0.00580757,0.009440997,3.128507,0.5625169,-3.748431,-0.3276317,0.3447814,2.058239,-0.2772203,-0.05126498,-0.9594379,-0.09258276,0.9953541,-0.02643319,0.9563356,0.08149959,-0.2806786,moving,-80.96809,-50.98913,-9.044495,9.509485,-10.099663478807956,2.5336361786126904,93.98449837415876,7.055200018250412,105.63351758142963
1454,05/05/2023 11:22:07.206680,1636,True,True,True,True,Eyes,0.9785278,0.04044561,-3.447998,0.9690788,0.1932463,-0.1534344,0.0,0.0,0.0,0.0,0.0,0.0,0.0,-3.032585,-0.03616545,-2.036705,1.112077,0.0370206,-3.479649,-0.04915954,0.7980863,0.01723852,0.600287,355.0357,106.2463,356.6756,0.2576319,0.01194089,-0.9661691,0.1397318,0.005459115,0.008874536,3.136431,0.5796342,-3.750798,-0.3267233,0.3474694,2.058756,-0.2744778,-0.05777099,-0.9598567,-0.09916322,0.9945723,-0.03150402,0.9564669,0.08653532,-0.2787168,moving,-81.00303,-51.55099,-9.017604,9.579894,-10.072350304655425,2.505950041337678,94.43985670797542,7.1521446362248176,105.51709273730442
1455,05/05/2023 11:22:07.226319,1637,True,True,True,True,Eyes,0.9851261,0.04055697,-3.449462,0.9686006,0.1961634,-0.1527505,0.0,0.0,0.0,0.0,0.0,0.0,0.0,-3.034494,-0.04210423,-2.046249,1.123448,0.03917775,-3.483302,-0.05263358,0.7976456,0.01776833,0.6005628,354.7463,106.2119,356.3944,0.2591712,0.01187532,-0.9657581,0.1313479,0.005131568,0.008342064,3.144637,0.5960397,-3.755223,-0.3258474,0.3500608,2.059253,-0.2731083,-0.06262388,-0.9599428,-0.1053079,0.9938279,-0.03487386,0.956202,0.09156519,-0.2780175,moving,-81.03813,-52.09245,-8.991689,9.647717,-10.046115946684568,2.4793057189098,94.8817046745808,7.245545975339318,105.402747514802
1456,05/05/2023 11:22:07.246072,1638,True,True,True,True,Eyes,0.9918853,0.04077036,-3.451002,0.9682372,0.1985799,-0.15193,0.0,0.0,0.0,0.0,0.0,0.0,0.0,-3.037297,-0.05775118,-2.052984,1.134302,0.04105742,-3.486391,-0.05467342,0.7970461,0.01638046,0.6012156,354.7298,106.124,356.1155,0.260716,0.01181841,-0.965343,0.123467,0.004823674,0.007841541,3.155081,0.6026345,-3.757988,-0.3249352,0.3527597,2.059771,-0.2711014,-0.0674581,-0.9601841,-0.1068508,0.993485,-0.03962907,0.9566018,0.09185299,-0.2765432,moving,-81.08221,-52.58104,-8.964708,9.718287,-10.023199918669352,2.4555807959487392,95.30026358501289,7.339435029227591,105.28446675318918
1457,05/05/2023 11:22:07.256036,1639,True,True,True,True,Eyes,0.9988168,0.04106675,-3.45259,0.9678253,0.2011865,-0.1511232,0.0,0.0,0.0,0.0,0.0,0.0,0.0,-3.040954,-0.09122814,-2.05732,1.145103,0.0438618,-3.489284,-0.05688865,0.7961701,0.0126457,0.60226,354.9135,105.9817,355.6613,0.262269,0.01177208,-0.9649227,0.116059,0.004534253,0.007371048,3.167214,0.6041626,-3.76038,-0.3239633,0.3556367,2.060323,-0.268093,-0.07535408,-0.9604414,-0.1058181,0.9932075,-0.04838726,0.9575639,0.08865977,-0.2742459,moving,-81.12509,-53.08759,-8.93597,9.793439,-9.999269512773411,2.430911542309776,95.73553600661167,7.438912314250427,105.16152256782352
1458,05/05/2023 11:22:07.276310,1640,True,True,True,True,Eyes,1.005902,0.04133751,-3.454222,0.9674445,0.2037024,-0.1501879,0.0,0.0,0.0,0.0,0.0,0.0,0.0,-3.043727,-0.1079965,-2.06326,1.156185,0.04619182,-3.492002,-0.06231109,0.7952441,0.01232435,0.6029531,354.5635,105.8919,355.1456,0.2638329,0.01173754,-0.9644968,0.1090954,0.004262198,0.006928785,3.174164,0.6238235,-3.763251,-0.3231465,0.3580527,2.060788,-0.2651299,-0.08424304,-0.9605257,-0.1139671,0.9919308,-0.0555396,0.9574539,0.09474305,-0.2725915,moving,-81.17574,-53.59898,-8.911823,9.85649,-9.975559358463356,2.4061950789400024,96.17000765885273,7.525850746001365,105.03955253478316
1459,05/05/2023 11:22:07.296132,1641,True,True,True,True,Eyes,1.013128,0.04156178,-3.455857,0.9671135,0.205961,-0.1492365,0.0,0.0,0.0,0.0,0.0,0.0,0.0,-3.045249,-0.1180587,-2.070614,1.167088,0.04585738,-3.494384,-0.06668717,0.7945578,0.01219786,0.6033922,354.2688,105.837,354.7379,0.2654105,0.01171285,-0.9640641,0.1025497,0.004006466,0.006513058,3.181428,0.6385323,-3.76664,-0.3222381,0.3607419,2.061305,-0.2629414,-0.09125341,-0.9604868,-0.1206938,0.9908081,-0.06109323,0.957233,0.09986086,-0.2715382,moving,-81.22781,-54.07343,-8.884978,9.926611,-9.953871642795534,2.3833940644730145,96.58928817307799,7.618573052483636,104.91504554650632
1460,05/05/2023 11:22:07.306273,1642,True,True,True,True,Eyes,1.020476,0.04181268,-3.457512,0.9669573,0.2075973,-0.1479762,0.0,0.0,0.0,0.0,0.0,0.0,0.0,-3.04761,-0.1372875,-2.074888,1.17769,0.04486564,-3.496136,-0.06677969,0.7938946,0.009244169,0.6043066,354.5263,105.7054,354.5318,0.2670027,0.01169571,-0.9636245,0.0,0.0,0.0,3.19466,0.6322628,-3.767042,-0.3212892,0.3635481,2.061844,-0.2607082,-0.09485945,-0.960746,-0.1172047,0.99091,-0.06603302,0.9582768,0.09538861,-0.2694563,moving,-81.29937,-54.51857,-8.856949,9.999711,-9.934908602980052,2.362583154468186,97.00779836454491,7.712828186512021,104.77847513988196
1461,05/05/2023 11:22:07.326224,1643,True,True,True,True,Eyes,1.027959,0.04216663,-3.459179,0.9668066,0.2092681,-0.1466011,0.0,0.0,0.0,0.0,0.0,0.0,0.0,-3.053471,-0.1619669,-2.073336,1.188077,0.045926,-3.497857,-0.06478397,0.7928013,0.005178466,0.6060053,355.0245,105.4541,354.4445,0.2686112,0.01168608,-0.9631776,0.0,0.0,0.0,3.210841,0.6186817,-3.762949,-0.320434,0.3660782,2.06233,-0.257121,-0.09644526,-0.9615543,-0.108998,0.9915525,-0.07030787,0.9602124,0.08672984,-0.2654614,moving,-81.37768,-54.98714,-8.831701,10.06556,-9.91512940001412,2.340753266800838,97.4411250261328,7.800413845638976,104.6393973577333
1462,05/05/2023 11:22:07.346255,1644,True,True,True,True,Eyes,1.035593,0.04256866,-3.460816,0.9666165,0.2113335,-0.1448812,0.0,0.0,0.0,0.0,0.0,0.0,0.0,-3.061412,-0.1625224,-2.071161,1.198821,0.04873085,-3.499831,-0.06579857,0.7914131,0.005833743,0.6077022,354.8821,105.211,354.4079,0.2702371,0.01168601,-0.9627227,0.0,0.0,0.0,3.221197,0.629256,-3.757379,-0.3195439,0.3687122,2.062836,-0.2527373,-0.09705734,-0.9626547,-0.1112381,0.991273,-0.07073808,0.9611193,0.08920567,-0.2613281,moving,-81.47569,-55.56713,-8.805426,10.13406,-9.890712753995846,2.31376013943051,97.96741109800644,7.895247763536115,104.4742546614023
1463,05/05/2023 11:22:07.356064,1645,True,True,True,True,Eyes,1.043349,0.0429733,-3.462452,0.9664103,0.2135336,-0.14302,0.0,0.0,0.0,0.0,0.0,0.0,0.0,-3.070364,-0.1362469,-2.069342,1.209884,0.05008101,-3.501648,-0.06939696,0.7898946,0.01095849,0.6092051,354.1534,105.0015,354.446,0.2718823,0.01169588,-0.9622592,0.0,0.0,0.0,3.225924,0.6588521,-3.750866,-0.3185763,0.3715776,2.063388,-0.2481069,-0.0962806,-0.9639364,-0.1229845,0.990128,-0.06724184,0.9608945,0.101866,-0.2574986,moving,-81.58184,-56.18672,-8.776868,10.20849,-9.864717335126462,2.2849610895650625,98.53368895390491,7.997857623791096,104.29553482929356
1464,05/05/2023 11:22:07.376133,1646,True,True,True,True,Eyes,1.051234,0.04339717,-3.464087,0.9660853,0.2163504,-0.1409678,0.0,0.0,0.0,0.0,0.0,0.0,0.0,-3.080307,-0.1164712,-2.064919,1.220593,0.05050929,-3.503334,-0.07012754,0.7883661,0.0140825,0.6110342,353.8055,104.7358,354.6114,0.2735474,0.0117147,-0.9617869,0.0,0.0,0.0,3.23447,0.6731579,-3.742266,-0.3177193,0.3741114,2.063873,-0.2434385,-0.09336256,-0.9654123,-0.1277821,0.9897677,-0.06349631,0.9614619,0.107905,-0.2528777,moving,-81.69819,-56.91286,-8.751595,10.27425,-9.833760281398352,2.251003229579665,99.17314894791899,8.095898371108936,104.1036625646192
1465,05/05/2023 11:22:07.396270,1647,True,True,True,True,Eyes,1.059232,0.04382109,-3.465708,0.9657558,0.2192313,-0.1387565,0.0,0.0,0.0,0.0,0.0,0.0,0.0,-3.090767,-0.09567446,-2.059596,1.231598,0.05130783,-3.504919,-0.07008554,0.7867807,0.01714328,0.6130013,353.5174,104.4459,354.8456,0.2752332,0.0117421,-0.9613054,0.0,0.0,0.0,3.244066,0.6854795,-3.732454,-0.3168304,0.3767416,2.064378,-0.2386353,-0.08926617,-0.966998,-0.1313016,0.9895882,-0.05894905,0.962192,0.112901,-0.2478715,moving,-81.82389,-57.66934,-8.725385,10.34246,-9.801783520883667,2.2157414780330558,99.84486152263933,8.197694048391972,103.90021166256652
1466,05/05/2023 11:22:07.406381,1648,True,True,True,True,Eyes,1.067329,0.04425728,-3.467298,0.9653913,0.2223081,-0.1363774,0.0,0.0,0.0,0.0,0.0,0.0,0.0,-3.101574,-0.07589377,-2.052919,1.242364,0.0517043,-3.50626,-0.07029246,0.7850754,0.02009251,0.6150706,353.2223,104.1391,355.0518,0.2769401,0.01177716,-0.9608147,0.0,0.0,0.0,3.253222,0.6978366,-3.721984,-0.3159204,0.3794339,2.064896,-0.233494,-0.08565313,-0.9685783,-0.1350864,0.9893105,-0.05492139,0.9629289,0.1180179,-0.2425687,moving,-81.95924,-58.4725,-8.69856,10.4122,-9.76794905617813,2.1783523269810177,100.55957999192518,8.303001894252082,103.68357483783036
1467,05/05/2023 11:22:07.426224,1649,True,True,True,True,Eyes,1.075528,0.04472864,-3.468862,0.9650627,0.2252575,-0.1338395,0.0,0.0,0.0,0.0,0.0,0.0,0.0,-3.113435,-0.07558136,-2.0431,1.252778,0.05241246,-3.507313,-0.06890971,0.7831663,0.01983136,0.6176642,353.3278,103.7571,355.1811,0.2786683,0.01181946,-0.9603145,0.0,0.0,0.0,3.266407,0.6968206,-3.710168,-0.315028,0.3820759,2.065404,-0.2274853,-0.08343728,-0.9702005,-0.1324338,0.9897164,-0.05406361,0.9647341,0.1161886,-0.2361958,moving,-82.10431,-59.28282,-8.672263,10.48058,-9.734332194056336,2.14084789182224,101.2876967166803,8.407087641337785,103.4601970901428
1468,05/05/2023 11:22:07.436248,1650,True,True,True,True,Eyes,1.083814,0.04522574,-3.470409,0.9646766,0.228422,-0.1312343,0.0,0.0,0.0,0.0,0.0,0.0,0.0,-3.125183,-0.07814833,-2.033416,1.263458,0.05372962,-3.508339,-0.06882045,0.7811396,0.01967793,0.6202399,353.3322,103.3793,355.2003,0.2804173,0.01186917,-0.9598046,0.0,0.0,0.0,3.278415,0.70056,-3.698951,-0.3141115,0.3847883,2.065925,-0.2211326,-0.08310667,-0.9716964,-0.1319268,0.9897531,-0.05462794,0.9662794,0.1161128,-0.2298307,moving,-82.25306,-60.12152,-8.645269,10.55072,-9.699452526345771,2.1019940556818604,102.04250292166144,8.514239425187268,103.22886870588171
1469,05/05/2023 11:22:07.455973,1651,True,True,True,True,Eyes,1.092188,0.0457425,-3.471933,0.9642989,0.2315173,-0.1285584,0.0,0.0,0.0,0.0,0.0,0.0,0.0,-3.135455,-0.08007946,-2.025596,1.273909,0.0548185,-3.509227,-0.0701765,0.779222,0.02004631,0.6224841,353.1882,103.0509,355.1234,0.2821875,0.01192627,-0.9592848,0.0,0.0,0.0,3.288104,0.7099861,-3.689721,-0.3131049,0.3877654,2.066497,-0.2151775,-0.08440912,-0.9729203,-0.1343232,0.9893468,-0.05612646,0.9672931,0.1186086,-0.2242233,moving,-82.40623,-60.95719,-8.615631,10.62762,-9.665001220105692,2.0634075495670148,102.80776976238177,8.628262441244821,102.98972447191669
1470,05/05/2023 11:22:07.476038,1652,True,True,True,True,Eyes,1.100652,0.04627218,-3.473413,0.9638655,0.2347263,-0.1259637,0.0,0.0,0.0,0.0,0.0,0.0,0.0,-3.143853,-0.08552685,-2.020818,1.284421,0.05579082,-3.510268,-0.07131039,0.777604,0.0197925,0.6243839,353.1176,102.7736,355.0198,0.2839788,0.0119905,-0.9587554,0.0,0.0,0.0,3.298406,0.7161794,-3.682533,-0.3123302,0.3900583,2.066937,-0.2101194,-0.08618626,-0.9738697,-0.1356187,0.9890462,-0.05826867,0.9682239,0.1198316,-0.2195063,moving,-82.55444,-61.78019,-8.592828,10.68679,-9.630911373177344,2.025338519013072,103.54604405750585,8.723437329812022,102.76484483916538
1471,05/05/2023 11:22:07.496231,1653,True,True,True,True,Eyes,1.314199,0.05937839,-3.509434,0.9488097,0.3101688,-0.05962801,0.0,0.0,0.0,0.0,0.0,0.0,0.0,-3.149707,-0.08515418,-2.019711,1.294981,0.05655107,-3.510978,-0.0726264,0.776353,0.02034032,0.6257697,352.9649,102.5702,354.953,0.2857906,0.01206149,-0.958216,0.0,0.0,0.0,3.307636,0.7252556,-3.677336,-0.3114153,0.3927664,2.067457,-0.2062753,-0.08731072,-0.9745907,-0.1382242,0.9886233,-0.05931226,0.9686818,0.1224773,-0.215997,moving,-86.40397,-79.11801,-8.565909,10.75662,-8.957108562615428,1.2419782945544866,118.89580672957571,9.5226804987248,98.02334287371332
1472,05/05/2023 11:22:07.506560,1654,True,True,True,True,Eyes,1.314612,0.05938673,-3.509474,0.9488096,0.3101796,-0.05957346,0.0,0.0,0.0,0.0,0.0,0.0,0.0,-3.155061,-0.0852834,-2.019012,1.305402,0.0569495,-3.511521,-0.07238459,0.7752764,0.02023678,0.6271343,352.9828,102.368,354.9797,0.2939293,0.01254484,-0.9557445,0.6406424,0.03931861,-0.1080623,3.318839,0.7275255,-3.671781,-0.310513,0.3954349,2.067969,-0.2029259,-0.08685375,-0.9753345,-0.1376185,0.9887019,-0.05941151,0.9694751,0.1221679,-0.2125859,moving,-86.40726,-79.1281,-8.539372,10.82536,-8.956780454698151,1.2415492901225615,118.97492570937854,9.5928962019202,97.97194949571586
1473,05/05/2023 11:22:07.526426,1655,True,True,True,True,Eyes,1.315423,0.05938339,-3.509532,0.9488348,0.3101435,-0.05935924,0.0,0.0,0.0,0.0,0.0,0.0,0.0,-3.160473,-0.07992491,-2.018536,1.315828,0.05720891,-3.512091,-0.07136987,0.7742908,0.02062393,0.6284541,353.0131,102.1696,355.1106,0.3007375,0.01294646,-0.9536188,0.6022038,0.0369595,-0.1015785,3.330384,0.7287297,-3.665669,-0.3096104,0.3981054,2.068482,-0.1999031,-0.08459967,-0.9761565,-0.1364445,0.988962,-0.05776755,0.9702687,0.1216432,-0.2092398,moving,-86.42023,-79.16503,-8.512836,10.89408,-8.955636183411865,1.2400028853110188,119.08066733883942,9.664226660151918,97.91230682547256
1474,05/05/2023 11:22:07.546294,1656,True,True,True,True,Eyes,1.316607,0.05936497,-3.509592,0.9489023,0.3099975,-0.05904126,0.0,0.0,0.0,0.0,0.0,0.0,0.0,-3.166055,-0.06801955,-2.017897,1.326219,0.0569446,-3.512597,-0.06958122,0.7733672,0.02159897,0.6297581,353.0475,101.9701,355.3531,0.306459,0.01328056,-0.9517909,0.5660716,0.03474193,-0.09548382,3.342162,0.7287604,-3.658669,-0.3086992,0.4008,2.069,-0.1971265,-0.08041938,-0.9770741,-0.1348279,0.9893839,-0.05423078,0.9710627,0.1210465,-0.2058766,moving,-86.43961,-79.21675,-8.48605,10.96336,-8.954107789867665,1.2378682989995071,119.20238989334777,9.736748272441126,97.8479808464018
1475,05/05/2023 11:22:07.556279,1657,True,True,True,True,Eyes,1.318154,0.05933534,-3.509686,0.9490225,0.3097161,-0.05858552,0.0,0.0,0.0,0.0,0.0,0.0,0.0,-3.171914,-0.05932952,-2.016444,1.336255,0.05655639,-3.513094,-0.06617567,0.7724957,0.02158115,0.6311938,353.2878,101.7507,355.6692,0.311294,0.0135587,-0.9502166,0.5321074,0.03265741,-0.0897548,3.356134,0.7184532,-3.649761,-0.3086997,0.4008,2.069,-0.1944305,-0.07499706,-0.9780452,-0.1294846,0.9903101,-0.05019666,0.9723325,0.116882,-0.2022574,static,-86.46747,-79.28856,-8.486064,10.96336,-8.95204377755179,1.2349289419792164,119.27492924090643,9.7395845909233,97.82645911673727
1476,05/05/2023 11:22:07.586368,1658,True,True,True,True,Eyes,1.320043,0.05927423,-3.509766,0.9491128,0.3095311,-0.05809743,0.0,0.0,0.0,0.0,0.0,0.0,0.0,-3.177914,-0.0518662,-2.015557,1.346425,0.05625703,-3.514012,-0.06362414,0.7715867,0.02168611,0.6325628,353.4565,101.5423,355.9164,0.3154074,0.01379042,-0.9488559,0.5001809,0.03069797,-0.08436951,3.369187,0.7110539,-3.641963,-0.3086995,0.4008002,2.069,-0.1916326,-0.07074743,-0.9789134,-0.1256187,0.9909633,-0.04702709,0.9733944,0.1139579,-0.1987881,static,-86.49716,-79.36955,-8.486062,10.96337,-8.949610300565125,1.2315694794898682,119.35563600807464,9.74283420766042,97.80180301967927
1477,05/05/2023 11:22:07.596196,1659,True,True,True,True,Eyes,1.322265,0.05917368,-3.509844,0.9492663,0.3091705,-0.05750699,0.0,0.0,0.0,0.0,0.0,0.0,0.0,-3.181035,-0.04368134,-2.018224,1.356606,0.05541185,-3.514353,-0.06197873,0.7709844,0.02207287,0.6334465,353.5373,101.4068,356.0987,0.3190876,0.01399289,-0.9476217,0.4701701,0.02885609,-0.07930734,3.380932,0.7064904,-3.636406,-0.3086995,0.4008,2.069,-0.1898082,-0.0676053,-0.9794908,-0.1235332,0.9913428,-0.04448475,0.9740187,0.1125561,-0.1965165,static,-86.53323,-79.46317,-8.48606,10.96336,-8.946904065983006,1.2277309431198795,119.45006518562391,9.746530171621089,97.77384769004907
1478,05/05/2023 11:22:07.606371,1660,True,True,True,True,Eyes,1.3248,0.05904327,-3.50993,0.9494845,0.3086239,-0.05683909,0.0,0.0,0.0,0.0,0.0,0.0,0.0,-3.184125,-0.04441826,-2.020185,1.366758,0.05432627,-3.514371,-0.05942258,0.7703544,0.02089153,0.6344972,353.8233,101.2498,356.249,0.3224473,0.01417192,-0.946481,0.4419599,0.02712472,-0.0745489,3.394867,0.6946377,-3.63044,-0.3086992,0.4008,2.069,-0.1877645,-0.06504166,-0.9800581,-0.1180641,0.9920651,-0.04321915,0.9750925,0.1075947,-0.1939538,static,-86.57419,-79.5648,-8.486053,10.96336,-8.944076309146233,1.2236101856084902,119.55377406471268,9.750513412054808,97.74409924271914
1479,05/05/2023 11:22:07.626390,1661,True,True,True,True,Eyes,1.327638,0.05888077,-3.510003,0.9497108,0.3080502,-0.05616419,0.0,0.0,0.0,0.0,0.0,0.0,0.0,-3.185661,-0.0448405,-2.024605,1.376822,0.05355646,-3.514394,-0.05705514,0.7699578,0.01984375,0.6352292,354.0855,101.1401,356.3889,0.3255267,0.01432904,-0.9454241,0.4154423,0.02549724,-0.07007597,3.408272,0.683969,-3.626152,-0.3086995,0.4008,2.069,-0.1864574,-0.06264942,-0.9804636,-0.1130708,0.9927019,-0.04192848,0.9759349,0.1030439,-0.1921804,static,-86.61558,-79.66724,-8.486058,10.96336,-8.94123233004229,1.2194592371457889,119.65837983320885,9.754526423516433,97.71433961486967
1480,05/05/2023 11:22:07.646170,1662,True,True,True,True,Eyes,1.33076,0.05867291,-3.510048,0.9498004,0.3078958,-0.05549266,0.0,0.0,0.0,0.0,0.0,0.0,0.0,-3.184458,-0.03639719,-2.033157,1.386918,0.05264199,-3.514187,-0.05576,0.7699275,0.02032291,0.6353657,354.137,101.1164,356.5399,0.3283614,0.01446556,-0.9444411,0.3905157,0.0239674,-0.06587141,3.419256,0.6805012,-3.624145,-0.3086994,0.4008002,2.069,-0.1864025,-0.06003736,-0.9806374,-0.1116873,0.9929556,-0.03956166,0.9761046,0.1021503,-0.1917948,static,-86.65627,-79.78316,-8.486057,10.96337,-8.937639241441051,1.2146046540941038,119.77276362974291,9.759218836070877,97.67905089501856
1481,05/05/2023 11:22:07.666397,1663,True,True,True,True,Eyes,1.334152,0.0584276,-3.510067,0.9499019,0.3077134,-0.05476115,0.0,0.0,0.0,0.0,0.0,0.0,0.0,-3.182613,-0.02193107,-2.042043,1.396865,0.05124069,-3.513629,-0.05396938,0.7699919,0.02140946,0.6354066,354.1713,101.1043,356.7786,0.3309831,0.01458233,-0.9435237,0.3670848,0.02252936,-0.06191913,3.430048,0.676714,-3.621544,-0.3086997,0.4008001,2.069,-0.1866918,-0.05590456,-0.9808267,-0.1103194,0.9932579,-0.03561479,0.9762049,0.1015552,-0.1916005,static,-86.70059,-79.90919,-8.486065,10.96336,-8.933737733360672,1.2093287568180826,119.89717371347052,9.764299072087232,97.64081493547927
1482,05/05/2023 11:22:07.675997,1664,True,True,True,True,Eyes,1.337808,0.05817203,-3.510094,0.9498076,0.3081397,-0.0539936,0.0,0.0,0.0,0.0,0.0,0.0,0.0,-3.182554,-0.002232663,-2.047984,1.406722,0.05012033,-3.513049,-0.05178307,0.7697949,0.02316507,0.6357654,354.174,101.0415,357.1036,0.3334201,0.01468033,-0.9426638,0.3450597,0.0211776,-0.05820398,3.440666,0.67388,-3.616453,-0.3086993,0.4008001,2.069,-0.1862416,-0.05026959,-0.981217,-0.1091798,0.9935638,-0.03017907,0.9764189,0.1015085,-0.1905313,static,-86.74641,-80.06128,-8.486056,10.96337,-8.928562041038298,1.2027656425164142,120.04236717021125,9.770629919287853,97.59227887703908
1483,05/05/2023 11:22:07.696422,1665,True,True,True,True,Eyes,1.341728,0.05789165,-3.510088,0.9496394,0.308795,-0.05320294,0.0,0.0,0.0,0.0,0.0,0.0,0.0,-3.182049,0.02469817,-2.054452,1.416896,0.04954323,-3.512374,-0.05109484,0.7695546,0.02646445,0.6359832,353.9312,100.9947,357.4075,0.3356967,0.01476111,-0.9418542,0.3243561,0.01990694,-0.05471174,3.44889,0.6803141,-3.611478,-0.3086996,0.4008,2.069,-0.1858293,-0.04497864,-0.981552,-0.1123024,0.9933779,-0.02425924,0.9761432,0.1057226,-0.1896499,static,-86.7934,-80.22437,-8.486064,10.96336,-8.922881254046763,1.1956729391524936,120.19667621847866,9.777449556611415,97.53935947253947
1484,05/05/2023 11:22:07.716344,1666,True,True,True,True,Eyes,1.345911,0.05757524,-3.510006,0.9493178,0.3099033,-0.05249638,0.0,0.0,0.0,0.0,0.0,0.0,0.0,-3.180671,0.05208808,-2.061717,1.427096,0.04863369,-3.511565,-0.05138758,0.7693554,0.03007255,0.6360404,353.59,100.9695,357.6461,0.3378358,0.01482573,-0.9410881,0.3048947,0.01871252,-0.05142904,3.455872,0.6901793,-3.607387,-0.3086995,0.4008,2.068999,-0.1856239,-0.0408159,-0.9817727,-0.1173253,0.9929099,-0.01909619,0.9755913,0.1116421,-0.1890965,static,-86.83482,-80.38559,-8.486062,10.96337,-8.916958750802104,1.18853270925639,120.34600273056085,9.784330128852137,97.48494659819333
1485,05/05/2023 11:22:07.726188,1667,True,True,True,True,Eyes,1.350345,0.05722141,-3.509867,0.9489764,0.311058,-0.05183227,0.0,0.0,0.0,0.0,0.0,0.0,0.0,-3.176231,0.07433486,-2.073142,1.437526,0.04730209,-3.510436,-0.05279587,0.7695028,0.03320387,0.6355909,353.211,101.0219,357.7465,0.3398582,0.01487487,-0.9403588,0.2866011,0.01758977,-0.04834329,3.462202,0.7016221,-3.606596,-0.3086994,0.4008001,2.069,-0.1864739,-0.03904497,-0.9816839,-0.1234613,0.9922202,-0.0160122,0.9746718,0.1182141,-0.1898438,static,-86.87366,-80.5396,-8.486054,10.96336,-8.911256732428114,1.1816931660159375,120.48820881386209,9.79090411630755,97.43225035508718
1486,05/05/2023 11:22:07.746673,1668,True,True,True,True,Eyes,1.355017,0.05682983,-3.509658,0.948541,0.3124885,-0.05119417,0.0,0.0,0.0,0.0,0.0,0.0,0.0,-3.171445,0.08525771,-2.084746,1.448014,0.04603277,-3.508936,-0.05327364,0.7696866,0.03447925,0.6352605,353.0639,101.0646,357.7945,0.3417819,0.01490907,-0.9396608,0.269405,0.01653439,-0.0454427,3.471059,0.7052535,-3.605946,-0.3086993,0.4008,2.069,-0.1872122,-0.03820139,-0.9815765,-0.1258146,0.9919462,-0.01460884,0.9742292,0.1207617,-0.1905107,static,-86.91066,-80.69604,-8.486055,10.96336,-8.905315149159904,1.1746828889888237,120.6311082505919,9.797651690905717,97.37723698604806
1487,05/05/2023 11:22:07.756261,1669,True,True,True,True,Eyes,1.359908,0.05639102,-3.509384,0.9481052,0.3139141,-0.05054135,0.0,0.0,0.0,0.0,0.0,0.0,0.0,-3.167859,0.09445658,-2.093808,1.458318,0.04467627,-3.507078,-0.05425129,0.7696149,0.03567713,0.6351985,352.8865,101.0682,357.7949,0.3436225,0.01492881,-0.9389889,0.2532407,0.01554232,-0.04271613,3.479345,0.7100998,-3.603821,-0.3086999,0.4008,2.069001,-0.1871597,-0.03818107,-0.9815873,-0.1288293,0.9915679,-0.01400537,0.9738452,0.123836,-0.1905004,static,-86.94859,-80.85365,-8.486067,10.96336,-8.899368972801406,1.1676369136153857,120.77553908331615,9.804438245297384,97.32146926972896
1488,05/05/2023 11:22:07.776084,1670,True,True,True,True,Eyes,1.365017,0.05591491,-3.509034,0.9476596,0.3153796,-0.04977047,0.0,0.0,0.0,0.0,0.0,0.0,0.0,-3.166369,0.09813381,-2.099805,1.468536,0.0430547,-3.505175,-0.05486587,0.7692479,0.03599693,0.6355721,352.8121,101.0115,357.7672,0.3453943,0.01493431,-0.9383385,0.2380463,0.01460978,-0.04015316,3.488752,0.711216,-3.599943,-0.3086998,0.4008001,2.069,-0.186076,-0.03865362,-0.9817749,-0.1301682,0.9913879,-0.01436131,0.9738749,0.1251235,-0.189505,static,-86.99363,-81.03204,-8.486067,10.96336,-8.892767462328676,1.159715981861519,120.94044430776235,9.812076299155077,97.25855388197543
1489,05/05/2023 11:22:07.796264,1671,True,True,True,True,Eyes,1.370342,0.05541056,-3.508601,0.9472107,0.3168474,-0.04898565,0.0,0.0,0.0,0.0,0.0,0.0,0.0,-3.165261,0.09722157,-2.104919,1.478912,0.04162962,-3.50287,-0.05495223,0.7687914,0.03556059,0.6361411,352.8428,100.9293,357.7328,0.3471098,0.01492599,-0.9377054,0.2237635,0.0137332,-0.03774397,3.499545,0.7088931,-3.595045,-0.3087003,0.4008,2.069,-0.1846096,-0.03925051,-0.9820279,-0.1297367,0.9914314,-0.01523741,0.9742115,0.1245921,-0.1881199,static,-87.03954,-81.21147,-8.486078,10.96336,-8.886164512000612,1.1517644280335242,121.10675322918348,9.819749329026529,97.1948286593548
1490,05/05/2023 11:22:07.806159,1672,True,True,True,True,Eyes,1.375875,0.05486661,-3.508106,0.9467021,0.3184928,-0.04814019,0.0,0.0,0.0,0.0,0.0,0.0,0.0,-3.163913,0.09961686,-2.110156,1.489431,0.04043206,-3.500427,-0.05578566,0.7683087,0.03582746,0.6366368,352.7567,100.8549,357.6831,0.3487801,0.0149045,-0.9370857,0.2103377,0.0129092,-0.03547934,3.509096,0.710955,-3.590137,-0.3086993,0.4008,2.069001,-0.1831635,-0.04010305,-0.9822643,-0.1313394,0.9912087,-0.0159773,0.9742697,0.1260835,-0.1868204,static,-87.089,-81.40481,-8.48605,10.96336,-8.879049124788914,1.1431962108834846,121.28603620306583,9.828024478864513,97.12524054414737
1491,05/05/2023 11:22:07.826223,1673,True,True,True,True,Eyes,1.381607,0.05427567,-3.507505,0.9461836,0.3201582,-0.04728053,0.0,0.0,0.0,0.0,0.0,0.0,0.0,-3.161511,0.1046403,-2.116742,1.500057,0.03887715,-3.497858,-0.0574341,0.7679271,0.03662505,0.6369051,352.5645,100.8127,357.5981,0.3504151,0.01487012,-0.9364761,0.1977174,0.01213465,-0.03335058,3.517397,0.7165375,-3.586247,-0.3086995,0.4008,2.069,-0.1821065,-0.04155704,-0.9824002,-0.1348637,0.9907199,-0.01690941,0.9739861,0.1294108,-0.1860211,static,-87.13933,-81.59936,-8.486061,10.96337,-8.871923388906778,1.1345887240162869,121.46685024910813,9.83635253304297,97.054600352542
1492,05/05/2023 11:22:07.846338,1674,True,True,True,True,Eyes,1.387537,0.05365648,-3.506794,0.9456841,0.3217669,-0.04634447,0.0,0.0,0.0,0.0,0.0,0.0,0.0,-3.159826,0.1083957,-2.121346,1.510599,0.03713762,-3.494719,-0.05854451,0.7673859,0.03707817,0.6374296,352.4413,100.7332,357.538,0.3520233,0.01482292,-0.9358735,0.1858544,0.01140657,-0.03134954,3.526504,0.719395,-3.580455,-0.3086997,0.4008001,2.069,-0.1805119,-0.04258303,-0.9826506,-0.1371219,0.9903955,-0.01772949,0.9739678,0.1315425,-0.1846173,static,-87.1944,-81.80399,-8.486064,10.96336,-8.864558504373976,1.125589876658423,121.6584702431828,9.845048455419276,96.98045926497272
1493,05/05/2023 11:22:07.855997,1675,True,True,True,True,Eyes,1.39366,0.05301201,-3.505975,0.9451401,0.323498,-0.04537842,0.0,0.0,0.0,0.0,0.0,0.0,0.0,-3.158587,0.1122314,-2.125098,1.521302,0.03577646,-3.491371,-0.05918835,0.7667641,0.03746043,0.6380958,352.358,100.632,357.5157,0.3536135,0.01476343,-0.9352748,0.1747031,0.01072218,-0.02946857,3.536334,0.7210456,-3.573517,-0.3086994,0.4008,2.069,-0.1786609,-0.04296032,-0.9829724,-0.1385737,0.9901869,-0.01808906,0.9741036,0.1329823,-0.182861,static,-87.25121,-82.01498,-8.486058,10.96336,-8.856966447609018,1.1163120680218863,121.85614830093188,9.854030954446113,96.90293719367851
1494,05/05/2023 11:22:07.876071,1676,True,True,True,True,Eyes,1.399974,0.05233226,-3.505047,0.9445884,0.3252479,-0.04434731,0.0,0.0,0.0,0.0,0.0,0.0,0.0,-3.156942,0.1250557,-2.128973,1.53206,0.03448452,-3.487986,-0.06080732,0.7661355,0.03935121,0.6385846,352.0703,100.5488,357.5166,0.3551925,0.01469224,-0.9346774,0.1642209,0.01007885,-0.02770045,3.543803,0.7297623,-3.566566,-0.3086993,0.4008001,2.069,-0.1770243,-0.04291513,-0.9832705,-0.1434315,0.9895079,-0.01736451,0.9736991,0.137958,-0.1813225,static,-87.312,-82.23564,-8.486054,10.96336,-8.849110375906697,1.106644290978489,122.0638495370145,9.863399743524438,96.82151437017872
1495,05/05/2023 11:22:07.896266,1677,True,True,True,True,Eyes,1.406467,0.05164603,-3.504022,0.9440461,0.326957,-0.04331362,0.0,0.0,0.0,0.0,0.0,0.0,0.0,-3.155075,0.1389659,-2.133067,1.542949,0.03287271,-3.484539,-0.06176545,0.765558,0.04114316,0.6390722,351.8399,100.4645,357.5692,0.3567661,0.01460964,-0.9340792,0.1543677,0.009474117,-0.02603843,3.552146,0.7358921,-3.559284,-0.3086993,0.4008,2.069,-0.1755434,-0.04198315,-0.9835761,-0.147157,0.9889846,-0.01595021,0.9734112,0.1419401,-0.1797879,static,-87.37306,-82.45368,-8.486053,10.96336,-8.841408072014213,1.0971167042155825,122.26979690741148,9.872640680122883,96.74048775891792
1496,05/05/2023 11:22:07.906184,1678,True,True,True,True,Eyes,1.413106,0.05115611,-3.502921,0.9436302,0.3282904,-0.04227843,0.0,0.0,0.0,0.0,0.0,0.0,0.0,-3.151951,0.1450885,-2.139673,1.553742,0.03202643,-3.481222,-0.0618123,0.7652469,0.04168831,0.6394048,351.7872,100.4106,357.6089,0.3583406,0.01451657,-0.9334778,0.1451056,0.008905671,-0.02447612,3.562452,0.7366738,-3.55368,-0.3086993,0.4008001,2.069,-0.1746813,-0.04129193,-0.9837588,-0.1479148,0.9888826,-0.01524247,0.9734514,0.1428498,-0.178847,static,-87.43463,-82.66164,-8.486056,10.96337,-8.834265113253768,1.088114933181937,122.4684442382346,9.881392220799093,96.66452313684266
1497,05/05/2023 11:22:07.926209,1679,True,True,True,True,Eyes,1.419933,0.05095084,-3.501739,0.9429651,0.3303202,-0.04129507,0.0,0.0,0.0,0.0,0.0,0.0,0.0,-3.148449,0.1208662,-2.14793,1.563952,0.03631032,-3.477597,-0.05921766,0.7651157,0.03805662,0.6400335,352.297,100.337,357.5766,0.3599187,0.01441933,-0.9328719,0.1363993,0.008371331,-0.02300755,3.578781,0.7233981,-3.548811,-0.3086994,0.4008001,2.069,-0.1737006,-0.04190169,-0.9839066,-0.1393317,0.99009,-0.01756714,0.9748921,0.134038,-0.1778175,static,-87.49246,-82.87412,-8.486057,10.96336,-8.826657182946743,1.0787874532297317,122.66818808374406,9.890438964827993,96.5818367447007
1498,05/05/2023 11:22:07.946429,1680,True,True,True,True,Eyes,1.426962,0.05082102,-3.500466,0.9419914,0.333196,-0.0404048,0.0,0.0,0.0,0.0,0.0,0.0,0.0,-3.143795,0.1475416,-2.156515,1.575389,0.04276873,-3.474491,-0.06680941,0.7645726,0.0444486,0.6395231,351.1748,100.3816,357.3719,0.3615058,0.01432584,-0.9322596,0.1282153,0.007869051,-0.0216271,3.576126,0.7698215,-3.546206,-0.3086996,0.4008,2.069,-0.1730937,-0.04530947,-0.9838627,-0.1590131,0.9871216,-0.01748395,0.9719844,0.1534207,-0.1780693,static,-87.54392,-83.08582,-8.486062,10.96336,-8.818701623315546,1.0693365116756617,122.8633109199836,9.899613624102367,96.4926223546179
1499,05/05/2023 11:22:07.956209,1681,True,True,True,True,Eyes,1.434123,0.05077987,-3.499095,0.9411577,0.3356505,-0.03950896,0.0,0.0,0.0,0.0,0.0,0.0,0.0,-3.136701,0.1939784,-2.166171,1.587298,0.04419082,-3.470929,-0.07646311,0.7641147,0.0533006,0.6383113,349.6844,100.5086,357.1564,0.3631055,0.01423774,-0.931639,0.1205224,0.007396908,-0.02032948,3.568142,0.82359,-3.54501,-0.3086994,0.4008,2.069,-0.1734244,-0.04880842,-0.983637,-0.1848979,0.9826249,-0.01615898,0.967335,0.1790701,-0.1794357,static,-87.59618,-83.28668,-8.486058,10.96336,-8.811362923504127,1.0604574729533227,123.05072711226246,9.908244130694575,96.40884122486496
1500,05/05/2023 11:22:07.976150,1682,True,True,True,True,Eyes,1.441466,0.05086574,-3.497638,0.9403529,0.3380008,-0.03862412,0.0,0.0,0.0,0.0,0.0,0.0,0.0,-3.134917,0.1704255,-2.172441,1.597625,0.04634216,-3.467232,-0.07432144,0.7637648,0.04961515,0.6392792,350.1649,100.3914,357.0858,0.3647201,0.01415687,-0.9310094,0.113291,0.006953093,-0.01910971,3.584826,0.8096166,-3.538918,-0.3086995,0.4008001,2.069,-0.1715965,-0.05009232,-0.983893,-0.1769641,0.9840293,-0.01923571,0.9691431,0.1708129,-0.1777206,static,-87.64795,-83.48096,-8.486062,10.96337,-8.804339162237175,1.0519005997291546,123.23285268496159,9.916578342579008,96.32706879756813
1501,05/05/2023 11:22:07.996330,1683,True,True,True,True,Eyes,1.448931,0.05098505,-3.496099,0.9396123,0.3401612,-0.03767142,0.0,0.0,0.0,0.0,0.0,0.0,0.0,-3.132031,0.1807684,-2.178949,1.609318,0.0494494,-3.463778,-0.07740451,0.7631571,0.05202401,0.6394478,349.7236,100.3513,356.9933,0.3663528,0.01408585,-0.9303692,0.1064936,0.006535908,-0.01796312,3.590526,0.8283132,-3.533652,-0.3086995,0.4008,2.069,-0.1702303,-0.05161032,-0.9840519,-0.1846769,0.9826041,-0.01958732,0.9679444,0.1783973,-0.1768003,static,-87.70409,-83.68049,-8.486058,10.96336,-8.797306801249949,1.0431885849203604,123.42185761353426,9.925052983276347,96.24410466169148
1502,05/05/2023 11:22:08.006468,1684,True,True,True,True,Eyes,1.456506,0.05117975,-3.494495,0.939242,0.3413028,-0.03656242,0.0,0.0,0.0,0.0,0.0,0.0,0.0,-3.132373,0.1776723,-2.180919,1.619695,0.05039288,-3.460315,-0.07635352,0.7624131,0.05129696,0.6405194,349.8614,100.1934,357.047,0.3680056,0.01402457,-0.9297175,0.100104,0.006143753,-0.01688534,3.603042,0.824273,-3.524683,-0.3086992,0.4008001,2.069,-0.1678101,-0.05071244,-0.9845141,-0.1821392,0.9830775,-0.01959289,0.9688473,0.1760308,-0.1742071,static,-87.77074,-83.88544,-8.486052,10.96336,-8.790631409136035,1.0344700294867617,123.62182902989805,9.93356052294584,96.16653622004036
1503,05/05/2023 11:22:08.026046,1685,True,True,True,True,Eyes,1.464208,0.05142305,-3.492852,0.9388741,0.3424415,-0.03534756,0.0,0.0,0.0,0.0,0.0,0.0,0.0,-3.134241,0.1552278,-2.182693,1.629883,0.05263097,-3.457228,-0.06978381,0.761856,0.04669185,0.6422817,350.7474,99.95283,357.3082,0.369679,0.01397405,-0.9290542,0.0,0.0,0.0,3.625574,0.7947561,-3.513468,-0.3086994,0.4008,2.069,-0.1652093,-0.04635178,-0.9851688,-0.166309,0.9859002,-0.01849678,0.9721355,0.1607866,-0.1705886,static,-87.84389,-84.10667,-8.486056,10.96336,-8.783499300702577,1.0250898034524036,123.83850944424539,9.942720302649523,96.08311877703284
1504,05/05/2023 11:22:08.046274,1686,True,True,True,True,Eyes,1.471994,0.05161266,-3.49122,0.9386907,0.3430772,-0.03402614,0.0,0.0,0.0,0.0,0.0,0.0,0.0,-3.134458,0.1786679,-2.184627,1.640631,0.05403966,-3.454671,-0.0681357,0.7611934,0.04945977,0.6430366,350.6233,99.81062,357.6695,0.3713736,0.01393449,-0.9283787,0.0,0.0,0.0,3.635607,0.7986329,-3.503162,-0.3086995,0.4008,2.069,-0.1637231,-0.04012001,-0.9856902,-0.1673378,0.9858225,-0.0123306,0.9722103,0.1629244,-0.1681156,static,-87.92402,-84.33598,-8.486059,10.96336,-8.776369470373323,1.0154773214726762,124.06592542786727,9.952117862794449,96.00074243049075
1505,05/05/2023 11:22:08.056247,1687,True,True,True,True,Eyes,1.479874,0.05177709,-3.489568,0.9387119,0.3431585,-0.03259189,0.0,0.0,0.0,0.0,0.0,0.0,0.0,-3.134794,0.1923502,-2.186584,1.65057,0.05314695,-3.452228,-0.06303984,0.760754,0.04971405,0.6440558,350.9763,99.64333,358.1503,0.3730888,0.01390336,-0.9276912,0.0,0.0,0.0,3.651124,0.7831286,-3.492315,-0.3086993,0.4008,2.069,-0.1624361,-0.03187837,-0.986204,-0.1599528,0.9871089,-0.005562032,0.9736681,0.1568426,-0.1654412,static,-88.01151,-84.57454,-8.486056,10.96336,-8.769203780664698,1.005582799414357,124.30522181435546,9.96180201781779,95.91977427910163
1506,05/05/2023 11:22:08.076234,1688,True,True,True,True,Eyes,1.487834,0.05197212,-3.487939,0.9388096,0.3430341,-0.03104978,0.0,0.0,0.0,0.0,0.0,0.0,0.0,-3.136107,0.1908686,-2.189165,1.660691,0.05282549,-3.450125,-0.0557384,0.7603424,0.04744007,0.6453854,351.7156,99.44888,358.6377,0.3748247,0.01387912,-0.9269915,0.0,0.0,0.0,3.671429,0.7547094,-3.481565,-0.3086995,0.4008,2.069,-0.1607421,-0.02352628,-0.9867161,-0.1459948,0.9892853,0.0001958886,0.9761392,0.1440869,-0.1624545,static,-88.10572,-84.82796,-8.486057,10.96336,-8.761669207202377,0.995104474323588,124.56029754129511,9.97206499747857,95.83566185179953
1507,05/05/2023 11:22:08.095998,1689,True,True,True,True,Eyes,1.495879,0.05223521,-3.486304,0.9388703,0.3430144,-0.02938616,0.0,0.0,0.0,0.0,0.0,0.0,0.0,-3.138364,0.1987111,-2.189857,1.67068,0.05388274,-3.448219,-0.0521445,0.7595897,0.04760477,0.6465589,351.9667,99.26323,358.9782,0.3765805,0.01386188,-0.92628,0.0,0.0,0.0,3.685162,0.7452787,-3.471289,-0.3086994,0.4008,2.069,-0.1584853,-0.01765827,-0.9872036,-0.1407754,0.9900295,0.0048912,0.9772742,0.1397492,-0.159391,static,-88.20726,-85.10341,-8.486055,10.96336,-8.75342721138971,0.9836932415566308,124.8370731188653,9.983247793629234,95.74331429625848
1508,05/05/2023 11:22:08.111014,1690,True,True,True,True,Eyes,1.504034,0.05254018,-3.484645,0.9386791,0.3436786,-0.02768574,0.0,0.0,0.0,0.0,0.0,0.0,0.0,-3.143415,0.2125817,-2.186311,1.680784,0.05575586,-3.446456,-0.05212972,0.7582611,0.04965882,0.6479635,351.7863,99.03076,359.1489,0.3783561,0.01385269,-0.9255562,0.0,0.0,0.0,3.693501,0.7525269,-3.459836,-0.3086996,0.4008,2.069001,-0.154852,-0.01470168,-0.9878286,-0.1434101,0.989633,0.00775239,0.9774738,0.142865,-0.1553549,static,-88.31059,-85.39436,-8.486058,10.96336,-8.744482113011252,0.9715393900529664,125.12699993453622,9.995161935834155,95.63941740772965
1509,05/05/2023 11:22:08.126636,1691,True,True,True,True,Eyes,1.710341,0.05946711,-3.443425,0.9286954,0.3704282,0.0175451,0.0,0.0,0.0,0.0,0.0,0.0,0.0,-3.149056,0.2369153,-2.181671,1.69148,0.05696362,-3.445,-0.05594682,0.756667,0.05401331,0.6491592,351.1193,98.81161,359.1568,0.3801512,0.01385184,-0.9248204,0.0,0.0,0.0,3.696099,0.7768103,-3.449363,-0.3086995,0.4008001,2.069,-0.1509244,-0.01453974,-0.9884383,-0.1547927,0.9879051,0.009103382,0.9763508,0.154377,-0.1513496,static,88.91769,87.28825,-8.486063,10.96337,-6.984760434758527,5.216734036710008,123.7456197426778,5.939506232590258,92.74268027608603
1510,05/05/2023 11:22:08.146373,1692,True,True,True,True,Eyes,1.710758,0.05944978,-3.443358,0.9285938,0.3706828,0.01754942,0.0,0.0,0.0,0.0,0.0,0.0,0.0,-3.155389,0.2629746,-2.175651,1.702105,0.05647227,-3.443652,-0.06004328,0.7549559,0.05844645,0.6504002,350.4241,98.58092,359.1497,0.3881045,0.01406324,-0.9215078,0.6189222,0.02078082,0.1236598,3.697932,0.8003463,-3.438668,-0.3086997,0.4008,2.069,-0.146749,-0.0146329,-0.9890656,-0.1666872,0.9859577,0.01014466,0.9750284,0.1663533,-0.1471274,static,88.9173,87.28944,-8.486063,10.96336,-6.984846582488599,5.21680455831466,123.74605291433004,5.9394065508743505,92.73885258664923
1511,05/05/2023 11:22:08.156281,1693,True,True,True,True,Eyes,1.711562,0.05943258,-3.443263,0.9285069,0.370893,0.01770558,0.0,0.0,0.0,0.0,0.0,0.0,0.0,-3.162681,0.2695321,-2.170685,1.712448,0.05600826,-3.442595,-0.06154187,0.7533863,0.0595922,0.6519744,350.2099,98.32952,359.1264,0.3947629,0.01423589,-0.9186724,0.5817869,0.01953397,0.1162403,3.705423,0.8073751,-3.428609,-0.3086993,0.4008001,2.069,-0.1422842,-0.01502442,-0.9897119,-0.1704347,0.9853227,0.00954446,0.9750422,0.1700393,-0.1427565,static,88.90757,87.26691,-8.486054,10.96336,-6.984259333275225,5.2159076816461925,123.72449126367778,5.9404204710402055,92.72714917007234
1512,05/05/2023 11:22:08.176269,1694,True,True,True,True,Eyes,1.712729,0.05940862,-3.443148,0.9284712,0.370975,0.01785576,0.0,0.0,0.0,0.0,0.0,0.0,0.0,-3.170312,0.2634559,-2.167134,1.722543,0.05600097,-3.441869,-0.06166379,0.7519668,0.05874411,0.6536763,350.2724,98.07872,359.0734,0.4003652,0.01437702,-0.9162426,0.5468796,0.01836193,0.1092658,3.716149,0.8054926,-3.419639,-0.3086992,0.4008,2.069,-0.1378099,-0.01593897,-0.9903306,-0.1695375,0.9854934,0.007730926,0.975841,0.1689635,-0.138513,static,88.89826,87.24437,-8.486049,10.96336,-6.983645944295396,5.214999539873755,123.70325834846703,5.941452930162229,92.71759811645929
1513,05/05/2023 11:22:08.196390,1695,True,True,True,True,Eyes,1.714233,0.05934818,-3.443021,0.9285541,0.3707575,0.0180649,0.0,0.0,0.0,0.0,0.0,0.0,0.0,-3.176773,0.2497199,-2.166409,1.732442,0.05587894,-3.44138,-0.06169331,0.7508225,0.05680599,0.6551585,350.4365,97.87341,358.942,0.4051064,0.01449229,-0.9141545,0.5140669,0.01726021,0.1027099,3.727833,0.8004061,-3.413206,-0.3086993,0.4008,2.069,-0.1339227,-0.01820761,-0.9908245,-0.1670753,0.985934,0.004464643,0.9768064,0.1661402,-0.135081,static,88.88546,87.21051,-8.486055,10.96336,-6.982652187461951,5.213604947532968,123.67230820405078,5.943055037614701,92.70898421583634
1514,05/05/2023 11:22:08.206565,1696,True,True,True,True,Eyes,1.716055,0.05928379,-3.442866,0.9288177,0.3700878,0.0182395,0.0,0.0,0.0,0.0,0.0,0.0,0.0,-3.181643,0.2228432,-2.169147,1.741996,0.05500605,-3.440949,-0.06006127,0.7500854,0.05256196,0.6565073,350.9258,97.70946,358.7764,0.4091983,0.01458727,-0.9123286,0.4832229,0.0162246,0.0965473,3.743233,0.7835182,-3.409056,-0.3086993,0.4008,2.069,-0.1307815,-0.02108752,-0.991187,-0.1591168,0.9872598,-9.402283e-06,0.9785592,0.1577133,-0.1324708,static,88.87501,87.1785,-8.486055,10.96336,-6.981612053454732,5.212244277169902,123.64434699230623,5.944634609191162,92.7086759109276
1515,05/05/2023 11:22:08.226467,1697,True,True,True,True,Eyes,1.718188,0.05924745,-3.4427,0.9291593,0.3692195,0.01843424,0.0,0.0,0.0,0.0,0.0,0.0,0.0,-3.185994,0.1832579,-2.173257,1.751406,0.0549859,-3.440457,-0.05793652,0.7494678,0.04661284,0.6578516,351.5992,97.55792,358.5221,0.4129144,0.01467058,-0.9106515,0.4542295,0.01525113,0.09075446,3.760473,0.7615044,-3.406148,-0.3086995,0.4008002,2.068999,-0.1277494,-0.02551446,-0.9914783,-0.1481718,0.9889412,-0.006357634,0.9806759,0.1460969,-0.1301171,static,88.86342,87.14173,-8.486064,10.96337,-6.980392001003359,5.210670668796645,123.61255829144487,5.946477761144832,92.71004202779108
1516,05/05/2023 11:22:08.246195,1698,True,True,True,True,Eyes,1.720622,0.05922326,-3.442505,0.92949,0.3683733,0.01869507,0.0,0.0,0.0,0.0,0.0,0.0,0.0,-3.190424,0.1468486,-2.176612,1.760975,0.05566582,-3.440041,-0.05804439,0.7486809,0.04176689,0.6590624,352.0071,97.41401,358.1564,0.4162996,0.0147441,-0.9091077,0.4269757,0.01433606,0.08530919,3.774289,0.749896,-3.403887,-0.3086998,0.4008,2.069,-0.1245351,-0.03185947,-0.9917036,-0.1419674,0.9897727,-0.0139696,0.9820063,0.1390499,-0.1277844,static,88.84775,87.09471,-8.486069,10.96336,-6.978883637814271,5.208680149345414,123.57125383335423,5.948777008723458,92.70739924518108
1517,05/05/2023 11:22:08.255986,1699,True,True,True,True,Eyes,1.723349,0.05919566,-3.442291,0.9298061,0.367557,0.01903775,0.0,0.0,0.0,0.0,0.0,0.0,0.0,-3.196152,0.1153409,-2.177109,1.77062,0.05596408,-3.439516,-0.05948079,0.747561,0.0378969,0.6604381,352.2282,97.23431,357.7515,0.4193948,0.01480913,-0.9076829,0.4013572,0.01347589,0.08019064,3.785809,0.7445624,-3.400234,-0.3086995,0.4008,2.069,-0.120567,-0.0388739,-0.9919438,-0.1389882,0.9900517,-0.02190627,0.9829273,0.1352272,-0.1247707,static,88.82703,87.035,-8.486061,10.96336,-6.977018256300095,5.206173441910457,123.51814478959713,5.951672627670329,92.69973700119338
1518,05/05/2023 11:22:08.276004,1700,True,True,True,True,Eyes,1.726362,0.05916167,-3.442054,0.9300443,0.3669291,0.01951046,0.0,0.0,0.0,0.0,0.0,0.0,0.0,-3.203672,0.09145676,-2.174166,1.78038,0.05584543,-3.438896,-0.06163227,0.7460704,0.0352069,0.6620733,352.2909,97.00414,357.3773,0.4222361,0.01486642,-0.9063637,0.3772757,0.01266734,0.07537921,3.795558,0.7441484,-3.39426,-0.3086995,0.4008,2.069,-0.115721,-0.04534491,-0.9922462,-0.1385831,0.9899238,-0.02907651,0.9835667,0.1341438,-0.120839,static,88.79823,86.95632,-8.486059,10.96336,-6.974651553461965,5.202908692265092,123.4470042398645,5.955430441054234,92.68215606050221
1519,05/05/2023 11:22:08.296047,1701,True,True,True,True,Eyes,1.729651,0.05911094,-3.441808,0.9302337,0.3664137,0.02015791,0.0,0.0,0.0,0.0,0.0,0.0,0.0,-3.212859,0.0748641,-2.168633,1.790251,0.05564585,-3.438451,-0.06371987,0.744323,0.03349156,0.6639289,352.2722,96.73159,357.0855,0.4248556,0.01491654,-0.905138,0.3546392,0.0119073,0.07085645,3.804525,0.74606,-3.38628,-0.3086996,0.4008,2.069,-0.1102767,-0.05038431,-0.992623,-0.1393283,0.9896362,-0.03475384,0.9840868,0.134468,-0.1161539,static,88.75861,86.8511,-8.486063,10.96336,-6.971553937072063,5.198570998781298,123.35102557005568,5.960413570404572,92.65322211882119
1520,05/05/2023 11:22:08.316333,1702,True,True,True,True,Eyes,1.733212,0.05901527,-3.441549,0.9303164,0.366152,0.02107315,0.0,0.0,0.0,0.0,0.0,0.0,0.0,-3.224369,0.06789383,-2.159354,1.80018,0.05516893,-3.438062,-0.06557343,0.7422275,0.03300263,0.6661153,352.1633,96.39854,356.9116,0.4272816,0.01495975,-0.9039946,0.3333609,0.01119286,0.06660506,3.812553,0.7502334,-3.37528,-0.3086999,0.4007999,2.069001,-0.1039816,-0.05337369,-0.9931462,-0.1413079,0.9892219,-0.038368,0.9844899,0.1363499,-0.1104029,static,88.70238,86.70609,-8.486066,10.96335,-6.96738417457667,5.192634638907853,123.21751782357293,5.967206236222777,92.6057485099456
1521,05/05/2023 11:22:08.326255,1703,True,True,True,True,Eyes,1.737028,0.0588749,-3.44129,0.9304215,0.3658177,0.02220533,0.0,0.0,0.0,0.0,0.0,0.0,0.0,-3.236997,0.06656379,-2.14823,1.81027,0.05392502,-3.437656,-0.06705587,0.7399722,0.03308852,0.6684685,352.0321,96.03439,356.8163,0.4295397,0.01499555,-0.9029232,0.3133592,0.01052129,0.06260876,3.820475,0.754024,-3.362601,-0.3086997,0.4008,2.069,-0.09730715,-0.05500169,-0.9937336,-0.1434762,0.9888173,-0.0406803,0.9848585,0.1386186,-0.1041104,static,88.63284,86.52638,-8.486062,10.96336,-6.962207740021296,5.185274018529387,123.05222922485397,5.975651379968753,92.54714944925196
1522,05/05/2023 11:22:08.346264,1704,True,True,True,True,Eyes,1.741096,0.05870422,-3.440998,0.9304706,0.3656067,0.02357845,0.0,0.0,0.0,0.0,0.0,0.0,0.0,-3.251009,0.05567506,-2.135378,1.820205,0.05272809,-3.437451,-0.06680453,0.7376069,0.03149981,0.671179,352.1752,95.62202,356.7441,0.4316522,0.01502349,-0.9019148,0.2945577,0.009890013,0.05885223,3.831452,0.7482079,-3.348619,-0.3086995,0.4008,2.069,-0.09011207,-0.05626693,-0.994341,-0.140835,0.9890898,-0.04320664,0.9859236,0.1361445,-0.0970533,static,88.54842,86.31004,-8.486059,10.96336,-6.956019246147475,5.17643116998223,122.85280746415134,5.985780394573453,92.47333379558424
1523,05/05/2023 11:22:08.366363,1705,True,True,True,True,Eyes,1.745409,0.05850179,-3.440712,0.9305416,0.3653213,0.02515435,0.0,0.0,0.0,0.0,0.0,0.0,0.0,-3.26483,0.04148899,-2.122807,1.830288,0.05172896,-3.437224,-0.06692466,0.7352204,0.02959371,0.6738668,352.3158,95.21376,356.6144,0.4336393,0.01504354,-0.9009607,0.2768842,0.009296613,0.05532109,3.842373,0.7429541,-3.335152,-0.3086998,0.4008,2.069,-0.08284958,-0.05852432,-0.9948423,-0.1382932,0.9892906,-0.04668082,0.9869201,0.1337124,-0.09005588,static,88.45156,86.0611,-8.486065,10.96336,-6.948881069151432,5.1662486036019,122.62370771489591,5.997452374092501,92.38922323060928
1524,05/05/2023 11:22:08.376110,1706,True,True,True,True,Eyes,1.749955,0.05827729,-3.440423,0.9305784,0.3650978,0.02697198,0.0,0.0,0.0,0.0,0.0,0.0,0.0,-3.279292,0.02889393,-2.109369,1.840473,0.05077879,-3.437165,-0.06676852,0.7327543,0.02784593,0.6766372,352.4631,94.78948,356.5205,0.4355189,0.01505565,-0.9000534,0.2602711,0.008738816,0.05200183,3.853393,0.7373366,-3.321023,-0.3086994,0.4008001,2.069,-0.07540836,-0.06016665,-0.9953359,-0.135533,0.9895332,-0.04954768,0.9878991,0.1311646,-0.0827737,static,88.3398,85.77489,-8.486058,10.96336,-6.940698513564426,5.154551765430725,122.36017243522119,6.01085593308609,92.29068307508322
1525,05/05/2023 11:22:08.396124,1707,True,True,True,True,Eyes,1.754738,0.0580319,-3.440156,0.9305895,0.3649123,0.02902253,0.0,0.0,0.0,0.0,0.0,0.0,0.0,-3.294429,0.02119014,-2.094905,1.85062,0.04995314,-3.437302,-0.06608016,0.7302331,0.02663644,0.679473,352.6055,94.34975,356.5133,0.4373063,0.01505999,-0.8991863,0.2446549,0.008214487,0.04888172,3.864275,0.7315844,-3.305896,-0.3086995,0.4008001,2.069,-0.06789976,-0.06031035,-0.9958677,-0.1327053,0.9898478,-0.05089776,0.9888271,0.128701,-0.07521394,static,88.21368,85.45267,-8.48606,10.96336,-6.931504674932604,5.141390920082424,122.06349585500038,6.025941107097854,92.17856663240048
1526,05/05/2023 11:22:08.416205,1708,True,True,True,True,Eyes,1.759753,0.0577541,-3.439861,0.9305686,0.3647813,0.03124991,0.0,0.0,0.0,0.0,0.0,0.0,0.0,-3.310238,0.02651787,-2.079645,1.861094,0.04920623,-3.437617,-0.06589268,0.7276167,0.02729363,0.6822662,352.5517,93.90546,356.6093,0.4390156,0.01505677,-0.898353,0.2299756,0.007721617,0.04594881,3.87314,0.73224,-3.289861,-0.3086997,0.4008,2.069,-0.06034188,-0.05864619,-0.9964534,-0.1331323,0.9898264,-0.05019411,0.9892597,0.1296313,-0.06753569,static,88.07664,85.10357,-8.486063,10.96336,-6.921568204099397,5.1271423966618,121.74204840362393,6.042274396277842,92.05576041912954
1527,05/05/2023 11:22:08.426772,1709,True,True,True,True,Eyes,1.765001,0.05743027,-3.4396,0.9305371,0.3646406,0.03373411,0.0,0.0,0.0,0.0,0.0,0.0,0.0,-3.326762,0.03407526,-2.063307,1.871652,0.04803237,-3.438074,-0.06534804,0.7249133,0.02810376,0.6851573,352.5135,93.44276,356.7487,0.4406596,0.01504588,-0.897548,0.216177,0.00725832,0.04319189,3.882135,0.7317113,-3.273037,-0.3086995,0.4008001,2.069,-0.05257829,-0.05623235,-0.9970325,-0.1332543,0.9898796,-0.04880181,0.9896863,0.130293,-0.05953927,static,87.92381,84.71442,-8.486057,10.96336,-6.910495950273163,5.111260980416791,121.3840240974128,6.060483112460845,91.91866613339752
1528,05/05/2023 11:22:08.446252,1710,True,True,True,True,Eyes,1.770465,0.05705594,-3.439373,0.930467,0.3645704,0.03632464,0.0,0.0,0.0,0.0,0.0,0.0,0.0,-3.344332,0.04116789,-2.04558,1.882521,0.04662057,-3.43869,-0.06442025,0.7220564,0.02872915,0.688229,352.5212,92.95025,356.9077,0.4422487,0.01502686,-0.8967664,0.2032064,0.006822821,0.04060037,3.891766,0.7292442,-3.255232,-0.3086994,0.4008,2.069,-0.04438169,-0.05348563,-0.9975818,-0.1325746,0.9900493,-0.04718362,0.9901789,0.1301599,-0.05103099,static,87.76436,84.31001,-8.486056,10.96336,-6.899027751794742,5.094772852691803,121.01187398927246,6.079389259304952,91.77458572096091
1529,05/05/2023 11:22:08.456248,1711,True,True,True,True,Eyes,1.776137,0.05661815,-3.439184,0.9304083,0.3644246,0.03918259,0.0,0.0,0.0,0.0,0.0,0.0,0.0,-3.362329,0.04516086,-2.026739,1.893209,0.04505364,-3.439286,-0.06378256,0.7190788,0.02901111,0.6913869,352.5351,92.44421,357.0161,0.4437932,0.01499917,-0.8960034,0.191014,0.006413452,0.03816435,3.901025,0.7266542,-3.237312,-0.3086996,0.4008001,2.069,-0.0358319,-0.05161355,-0.9980242,-0.1318452,0.9901803,-0.04647429,0.9906226,0.1299194,-0.04228503,static,87.58851,83.86319,-8.486062,10.96336,-6.886337298789352,5.076547404927972,120.60144526087606,6.100301767057279,91.61654220960034
1530,05/05/2023 11:22:08.476176,1712,True,True,True,True,Eyes,1.782019,0.05614591,-3.439031,0.9303104,0.3643768,0.04185686,0.0,0.0,0.0,0.0,0.0,0.0,0.0,-3.382671,0.03989884,-2.004469,1.904078,0.04288495,-3.440145,-0.06306909,0.7157037,0.02800973,0.6949864,352.66,91.87314,357.0325,0.4453009,0.014962,-0.8952557,0.1795532,0.006028645,0.03587449,3.911275,0.7200482,-3.218098,-0.3086998,0.4008001,2.068999,-0.02603241,-0.0513448,-0.9983416,-0.1292103,0.9904755,-0.047571,0.9912754,0.1277577,-0.03241868,static,87.42387,83.44701,-8.486071,10.96337,-6.874568832969842,5.059593473701634,120.21894547147333,6.119764415957079,91.46735794217778
1531,05/05/2023 11:22:08.498101,1713,True,True,True,True,Eyes,1.788107,0.05563495,-3.438914,0.9301609,0.3644021,0.04485393,0.0,0.0,0.0,0.0,0.0,0.0,0.0,-3.402197,0.033456,-1.983042,1.915039,0.04158793,-3.440845,-0.06312494,0.712357,0.02716408,0.6984447,352.7107,91.3214,356.9955,0.4467791,0.01491539,-0.8945197,0.16878,0.005666926,0.03372202,3.920574,0.7171654,-3.199762,-0.3087001,0.4008,2.069,-0.01638091,-0.05198978,-0.9985134,-0.1278802,0.9905547,-0.04947752,0.9916545,0.1268796,-0.02287459,static,87.23924,82.98281,-8.486076,10.96336,-6.861503075128318,5.040708791989118,119.79205859155421,6.141419585077939,91.29899575044126
1532,05/05/2023 11:22:08.506293,1714,True,True,True,True,Eyes,1.794394,0.0551073,-3.438822,0.9299121,0.3646396,0.04797382,0.0,0.0,0.0,0.0,0.0,0.0,0.0,-3.425198,0.03642681,-1.95517,1.926007,0.04036533,-3.441637,-0.06357349,0.7083671,0.0277397,0.7024279,352.6107,90.67316,357.0466,0.4482343,0.01485925,-0.8937923,0.1586532,0.00532691,0.0316987,3.927541,0.7191792,-3.177495,-0.3086995,0.4008001,2.069,-0.005106952,-0.05109647,-0.9986807,-0.129037,0.9903778,-0.05001181,0.9916267,0.1286114,-0.0116511,static,87.04675,82.50493,-8.486059,10.96336,-6.848199799569705,5.02132952805515,119.35122049436856,6.163627900024084,91.12067224493171
1533,05/05/2023 11:22:08.526347,1715,True,True,True,True,Eyes,1.800884,0.05455065,-3.438764,0.9294877,0.3652322,0.05155757,0.0,0.0,0.0,0.0,0.0,0.0,0.0,-3.451253,0.05549535,-1.921057,1.93712,0.03933296,-3.442486,-0.06490453,0.7037476,0.03076498,0.7068101,352.2384,89.93907,357.2312,0.4496723,0.01479409,-0.8930707,0.149134,0.005007296,0.02979678,3.930777,0.7301951,-3.151387,-0.3086994,0.4008002,2.069,0.007585883,-0.04786279,-0.9988251,-0.1348428,0.9896818,-0.04844876,0.9908379,0.1350519,0.001053665,static,86.82513,81.965,-8.486058,10.96337,-6.833421439545484,4.999539908910304,118.85055330383719,6.188576327099623,90.91126456176603
1534,05/05/2023 11:22:08.546392,1716,True,True,True,True,Eyes,1.807563,0.05395904,-3.438741,0.9289287,0.3660973,0.05535471,0.0,0.0,0.0,0.0,0.0,0.0,0.0,-3.480036,0.09042864,-1.880531,1.948622,0.03803114,-3.443349,-0.06667627,0.6984974,0.03603346,0.711588,351.6494,89.11327,357.5749,0.4510987,0.01472002,-0.8923523,0.140186,0.004706858,0.02800897,3.930883,0.7476323,-3.12117,-0.3086995,0.4008001,2.069,0.0216062,-0.04186445,-0.9988896,-0.1444284,0.9885117,-0.04455351,0.9892793,0.1452306,0.01531159,static,86.58978,81.40188,-8.486062,10.96337,-6.818265202367264,4.976922281981183,118.32581891974831,6.2144269598062465,90.68594282149049
1535,05/05/2023 11:22:08.556314,1717,True,True,True,True,Eyes,1.81443,0.05333271,-3.438748,0.9282328,0.3671583,0.05982308,0.0,0.0,0.0,0.0,0.0,0.0,0.0,-3.514022,0.1200974,-1.827888,1.959883,0.03649483,-3.444049,-0.06783412,0.6920617,0.04055343,0.7174989,351.1718,88.09211,357.9297,0.4525175,0.01463701,-0.8916351,0.1317748,0.004424447,0.02632843,3.930301,0.7608427,-3.08423,-0.3086993,0.4008001,2.068999,0.03881225,-0.03569672,-0.9986086,-0.1520849,0.9875079,-0.04121087,0.987605,0.1534728,0.03289846,static,86.31248,80.7458,-8.486057,10.96337,-6.800795937830594,4.950650281751655,117.71299908695416,6.244429778440686,90.4200166568073
1536,05/05/2023 11:22:08.576173,1718,True,True,True,True,Eyes,1.821481,0.05268134,-3.438792,0.9274761,0.3682827,0.06446636,0.0,0.0,0.0,0.0,0.0,0.0,0.0,-3.553712,0.1370944,-1.762822,1.971423,0.03501034,-3.444919,-0.0689356,0.6842862,0.04355919,0.7246398,350.8209,86.8643,358.1881,0.4539328,0.01454506,-0.8909169,0.1238683,0.00415898,0.02474873,3.929323,0.7701645,-3.041344,-0.3086993,0.4008001,2.069,0.05970993,-0.03121392,-0.9977276,-0.1574728,0.986701,-0.04029308,0.9857165,0.1595209,0.05400056,static,86.02392,80.07121,-8.486057,10.96337,-6.783043405758555,4.923725080275194,117.08129356138038,6.275154664112178,90.14317773368515
1537,05/05/2023 11:22:08.596408,1719,True,True,True,True,Eyes,1.828721,0.05198373,-3.438878,0.9266086,0.3695337,0.06957974,0.0,0.0,0.0,0.0,0.0,0.0,0.0,-3.593762,0.1344816,-1.69598,1.983043,0.03367622,-3.446152,-0.07118322,0.6761802,0.04440982,0.7319434,350.5456,85.61459,358.1843,0.4553479,0.0144444,-0.8901961,0.1164362,0.003909441,0.0232638,3.92813,0.7783403,-3.00027,-0.3086999,0.4008001,2.069,0.08161626,-0.03125443,-0.9961737,-0.1612763,0.9859214,-0.0441461,0.9835287,0.1642622,0.07542662,static,85.70568,79.33659,-8.486072,10.96337,-6.763955191299571,4.894506363721353,116.39150896005218,6.308469873000411,89.83790979721577
1538,05/05/2023 11:22:08.616133,1720,True,True,True,True,Eyes,1.83611,0.05127013,-3.438792,0.9265714,0.3685198,0.07522363,0.0,0.0,0.0,0.0,0.0,0.0,0.0,-3.628621,0.1189746,-1.638337,1.994925,0.03181918,-3.447383,-0.07414086,0.6688949,0.04364943,0.7383615,350.3354,84.51868,357.9812,0.4567659,0.01433468,-0.8894711,0.10945,0.003674875,0.02186798,3.92836,0.784748,-2.96611,-0.3086995,0.4008001,2.069,0.1013488,-0.03472677,-0.9942448,-0.163643,0.9851957,-0.05109174,0.9812999,0.1678793,0.09416555,static,85.35863,78.46307,-8.486062,10.96337,-6.739345067161194,4.858959853254994,115.59859738190973,6.349397080286378,89.53440016259151
1539,05/05/2023 11:22:08.626268,1721,True,True,True,True,Eyes,1.843645,0.0507553,-3.438747,0.9265524,0.3672874,0.08124391,0.0,0.0,0.0,0.0,0.0,0.0,0.0,-3.658337,0.08685496,-1.589764,2.006503,0.03093666,-3.448379,-0.07471354,0.6625862,0.03998726,0.7441764,350.5498,83.55097,357.7055,0.4581911,0.01421647,-0.8887397,0.102883,0.003454382,0.0205559,3.934311,0.7778812,-2.936202,-0.3086993,0.4008002,2.069,0.1187613,-0.03949315,-0.9921371,-0.1585234,0.9856378,-0.05821009,0.9801868,0.1641901,0.110795,static,84.98889,77.52702,-8.486055,10.96337,-6.712841929905245,4.820813638943973,114.75314742557401,6.393378077409839,89.21243821932957
1540,05/05/2023 11:22:08.646371,1722,True,True,True,True,Eyes,1.851389,0.05045354,-3.438823,0.926098,0.3670328,0.08734588,0.0,0.0,0.0,0.0,0.0,0.0,0.0,-3.686598,0.04332167,-1.542158,2.017707,0.03520744,-3.449457,-0.07360744,0.6564004,0.03493647,0.75,351.0092,82.58667,357.4336,0.4596247,0.01409568,-0.888001,0.0,0.0,0.0,3.942538,0.7676734,-2.906118,-0.3087,0.4008,2.069,0.1358359,-0.04422721,-0.9897438,-0.1490366,0.9867228,-0.06454655,0.9794574,0.1562758,0.1274409,static,84.61203,76.61384,-8.486073,10.96336,-6.68797153772358,4.784013133877067,113.91769970653819,6.435642668801921,88.87176892619834
1541,05/05/2023 11:22:08.656323,1723,True,True,True,True,Eyes,1.859316,0.05010114,-3.43891,0.9252278,0.3676552,0.09371934,0.0,0.0,0.0,0.0,0.0,0.0,0.0,-3.714565,0.05529386,-1.492398,2.03024,0.03978673,-3.45034,-0.08421028,0.649465,0.04118953,0.754591,349.5958,81.68674,357.2482,0.4610682,0.01397802,-0.8872543,0.0,0.0,0.0,3.927854,0.821762,-2.880888,-0.3086997,0.4008,2.069,0.1529972,-0.04722076,-0.987098,-0.1715457,0.9824241,-0.0735863,0.9732237,0.1805909,0.1422077,static,84.21606,75.69924,-8.486065,10.96336,-6.664192245925587,4.747629812625096,113.06820127202,6.477231051481978,88.5030053040098
1542,05/05/2023 11:22:08.676396,1724,True,True,True,True,Eyes,1.867381,0.04971579,-3.439096,0.9245561,0.3675689,0.1004442,0.0,0.0,0.0,0.0,0.0,0.0,0.0,-3.740501,0.08966476,-1.443307,2.042823,0.03804617,-3.45079,-0.09255686,0.6429147,0.04888316,0.7587519,348.2694,80.82098,357.3756,0.4625234,0.01386187,-0.8864984,0.0,0.0,0.0,3.913209,0.8645532,-2.85477,-0.3086994,0.4008002,2.069,0.1685426,-0.04483193,-0.9846742,-0.1931927,0.9780873,-0.07759997,0.9665764,0.2033108,0.1561881,static,83.79967,74.71613,-8.486057,10.96337,-6.638068113477901,4.708284458083623,112.1653681647599,6.522358320531039,88.12390350878782
1543,05/05/2023 11:22:08.696403,1725,True,True,True,True,Eyes,2.072458,0.04301442,-3.443861,0.8932291,0.3547576,0.2762043,0.0,0.0,0.0,0.0,0.0,0.0,0.0,-3.767269,0.07463083,-1.390241,2.05389,0.03718704,-3.451203,-0.08620892,0.6367327,0.04521516,0.7649152,349.0784,79.77618,357.6295,0.4639909,0.01374616,-0.885733,0.0,0.0,0.0,3.924307,0.8349309,-2.817294,-0.3086991,0.4008001,2.069,0.1850541,-0.04061256,-0.9818888,-0.1789556,0.9810472,-0.07430508,0.9662971,0.189465,0.1742789,static,72.81735,52.09668,-8.486049,10.96336,-6.122510045035417,3.8389301717842335,91.11636901882999,7.5062518455488565,78.13547520270633
1544,05/05/2023 11:22:08.706536,1726,True,True,True,True,Eyes,2.072892,0.0431487,-3.443889,0.8932358,0.3543673,0.2766836,0.0,0.0,0.0,0.0,0.0,0.0,0.0,-3.79197,0.06198934,-1.341196,2.065517,0.03979672,-3.451628,-0.0836115,0.6306348,0.04351112,0.770335,349.4148,78.81848,357.76,0.4701752,0.01339555,-0.8824712,0.6152294,-0.0201041,-0.01429367,3.929577,0.8254045,-2.784696,-0.3086994,0.4008,2.069,0.2008131,-0.03842038,-0.978876,-0.1724929,0.9822318,-0.07393846,0.9643238,0.1836969,0.1906178,static,72.78941,52.01792,-8.486056,10.96336,-6.120086698580568,3.835639327611188,91.05590738832245,7.510140659059453,78.11258232214686
1545,05/05/2023 11:22:08.725891,1727,True,True,True,True,Eyes,2.073741,0.04343221,-3.443908,0.8931349,0.3538767,0.2776354,0.0,0.0,0.0,0.0,0.0,0.0,0.0,-3.814902,0.03802091,-1.293818,2.076374,0.04330515,-3.451909,-0.08354162,0.624552,0.041307,0.7754028,349.563,77.91425,357.6519,0.4753746,0.01310079,-0.8796856,0.5783156,-0.01889785,-0.01343605,3.931723,0.8243881,-2.756001,-0.3086993,0.4008,2.069,0.2164572,-0.04029305,-0.9754604,-0.1684113,0.9826291,-0.07796008,0.961657,0.1811536,0.2059113,static,72.73189,51.8839,-8.486053,10.96336,-6.11657154162909,3.8302950499983375,90.94418540535095,7.516319442553367,78.06298922266134
1546,05/05/2023 11:22:08.746045,1728,True,True,True,True,Eyes,2.074997,0.0438061,-3.443901,0.8925737,0.3538348,0.2794873,0.0,0.0,0.0,0.0,0.0,0.0,0.0,-3.835237,-0.003602982,-1.250874,2.08726,0.04716678,-3.451791,-0.08429892,0.6187564,0.03706577,0.7801669,349.7814,77.07853,357.2926,0.4797695,0.01285671,-0.8773001,0.5436167,-0.01776398,-0.01262989,3.935415,0.8225679,-2.730836,-0.3086995,0.4008001,2.069,0.2315332,-0.04648602,-0.9717157,-0.162156,0.9830396,-0.08566508,0.9592173,0.1774038,0.2200684,static,72.61335,51.69547,-8.486058,10.96336,-6.113926637756407,3.8237457719611103,90.7536157020896,7.523370157379935,77.9533216181142
1547,05/05/2023 11:22:08.757188,1729,True,True,True,True,Eyes,2.076595,0.04416269,-3.443817,0.8919197,0.3536811,0.2817603,0.0,0.0,0.0,0.0,0.0,0.0,0.0,-3.852685,-0.03382176,-1.212307,2.09835,0.04965341,-3.450867,-0.08880337,0.6131884,0.03549057,0.7841265,349.4676,76.33719,356.8953,0.4835081,0.01265773,-0.8752481,0.5109997,-0.01669814,-0.01187209,3.933192,0.8377545,-2.709959,-0.3086995,0.4008001,2.069,0.2454808,-0.05324818,-0.9679379,-0.1645646,0.9817088,-0.09574133,0.9553313,0.182791,0.2322279,static,72.46851,51.45739,-8.486058,10.96336,-6.110283867721991,3.815344430193119,90.51744884665897,7.532491574094386,77.82007408071443
1548,05/05/2023 11:22:08.775995,1730,True,True,True,True,Eyes,2.078536,0.04447019,-3.443794,0.8901446,0.3539566,0.2869797,0.0,0.0,0.0,0.0,0.0,0.0,0.0,-3.869717,-0.06427675,-1.167996,2.108261,0.04960334,-3.449034,-0.08890252,0.6074597,0.03198688,0.7887116,349.6827,75.50923,356.6464,0.4868241,0.01249085,-0.8734105,0.4803397,-0.01569625,-0.01115977,3.935296,0.8315685,-2.682765,-0.3086994,0.4008,2.069,0.2599391,-0.05755254,-0.9639084,-0.1584662,0.9821463,-0.1013754,0.9525335,0.1790984,0.2461781,static,72.13085,50.96568,-8.486056,10.96336,-6.10510972398567,3.798979534490428,89.99595067776792,7.549652483647287,77.50458392965733
1549,05/05/2023 11:22:08.796249,1731,True,True,True,True,Eyes,2.080774,0.04474428,-3.443681,0.8883287,0.3538243,0.2927121,0.0,0.0,0.0,0.0,0.0,0.0,0.0,-3.888865,-0.09226385,-1.11321,2.117987,0.04909557,-3.447134,-0.08505641,0.6009858,0.02734025,0.7942507,350.3299,74.51678,356.5801,0.4898387,0.0123479,-0.8717254,0.4515193,-0.01475448,-0.01049018,3.939944,0.8091894,-2.647491,-0.3086997,0.4007999,2.069,0.2761373,-0.05880535,-0.9593176,-0.1456654,0.9840358,-0.10225,0.9500157,0.1679744,0.263163,static,71.7625,50.39969,-8.486065,10.96336,-6.097914729241375,3.779622114377292,89.41507875312823,7.570294031611686,77.16359668325278
1550,05/05/2023 11:22:08.816187,1732,True,True,True,True,Eyes,2.083242,0.04503655,-3.443366,0.8864241,0.3533638,0.2989756,0.0,0.0,0.0,0.0,0.0,0.0,0.0,-3.909205,-0.1123136,-1.049632,2.127403,0.04865852,-3.444998,-0.08054692,0.593716,0.02352265,0.8002877,350.9757,73.40756,356.6336,0.4925894,0.01222565,-0.8701757,0.4244282,-0.01386921,-0.00986077,3.941557,0.786246,-2.607438,-0.3086993,0.4008001,2.069,0.2938961,-0.05799422,-0.9540764,-0.1332937,0.9859178,-0.1009899,0.9464977,0.1568529,0.2820271,static,71.36163,49.76595,-8.486055,10.96336,-6.089152698143703,3.757651208337661,88.77665115652498,7.593904123366579,76.79464589774219
1551,05/05/2023 11:22:08.826255,1733,True,True,True,True,Eyes,2.08598,0.04539654,-3.442962,0.8843268,0.3528628,0.3057023,0.0,0.0,0.0,0.0,0.0,0.0,0.0,-3.929975,-0.1316302,-0.9786184,2.136387,0.04928875,-3.442839,-0.07547753,0.5857383,0.01970956,0.8067375,351.6702,72.2026,356.7196,0.4951098,0.01212254,-0.8687456,0.3989625,-0.01303706,-0.009269124,3.940768,0.7624259,-2.56401,-0.3087,0.4008,2.069,0.3130444,-0.05661927,-0.9480493,-0.120221,0.9878294,-0.0986918,0.9420988,0.1448704,0.3024276,static,70.93028,49.09601,-8.486073,10.96336,-6.080352582762552,3.7346194717168952,88.09685646970105,7.618541878283259,76.3974458568478
1552,05/05/2023 11:22:08.846243,1734,True,True,True,True,Eyes,2.088978,0.04581419,-3.442456,0.8819007,0.3527394,0.3127716,0.0,0.0,0.0,0.0,0.0,0.0,0.0,-3.949106,-0.1418418,-0.9099324,2.145745,0.05129696,-3.440448,-0.07444074,0.5776864,0.01883446,0.8126391,351.7931,71.04652,356.7916,0.4974297,0.0120383,-0.8674204,0.3750247,-0.01225483,-0.008712976,3.933347,0.7598163,-2.524384,-0.3086995,0.4008,2.069,0.3318475,-0.05539557,-0.9417052,-0.116618,0.9882077,-0.0992261,0.9360969,0.1427477,0.3214742,static,70.47263,48.43681,-8.486061,10.96336,-6.073719326774095,3.712807619380766,87.3998531997393,7.641328560694507,75.97288545821266
1553,05/05/2023 11:22:08.856164,1735,True,True,True,True,Eyes,2.092225,0.04626032,-3.441853,0.8790532,0.3532812,0.3200904,0.0,0.0,0.0,0.0,0.0,0.0,0.0,-3.966151,-0.1396036,-0.8454046,2.155149,0.05304329,-3.437597,-0.07793844,0.5697671,0.02143998,0.8178212,351.2623,69.96721,356.8829,0.4995754,0.01197248,-0.8661875,0.3525232,-0.01151954,-0.008190198,3.918769,0.7795007,-2.489653,-0.308699,0.4008001,2.069,0.3498117,-0.05374537,-0.9352771,-0.1238817,0.9869319,-0.1030478,0.9285931,0.151911,0.3385822,static,69.99187,47.82185,-8.486047,10.96336,-6.0708139333211015,3.693838048127162,86.70254749278703,7.660241521984815,75.5221749903295
1554,05/05/2023 11:22:08.876238,1736,True,True,True,True,Eyes,2.095692,0.04670942,-3.441118,0.8759056,0.3542548,0.327556,0.0,0.0,0.0,0.0,0.0,0.0,0.0,-3.981924,-0.1326555,-0.7799237,2.164254,0.0539193,-3.434341,-0.08077219,0.56182,0.02434153,0.822947,350.7761,68.87969,357.056,0.50157,0.01192395,-0.8650346,0.3313718,-0.01082837,-0.007698786,3.903424,0.7963116,-2.454117,-0.3086997,0.4008,2.069,0.3675315,-0.0506953,-0.9286283,-0.1308224,0.9857666,-0.1055913,0.9207639,0.1602936,0.3556682,static,69.49608,47.24248,-8.486065,10.96336,-6.070690303296773,3.677063812516465,86.00807803209781,7.676206553839683,75.05472606725421
1555,05/05/2023 11:22:08.896309,1737,True,True,True,True,Eyes,2.099347,0.04713495,-3.440254,0.8725241,0.3552074,0.335454,0.0,0.0,0.0,0.0,0.0,0.0,0.0,-3.99656,-0.1224107,-0.7127204,2.173158,0.05426244,-3.430727,-0.08223797,0.553802,0.02708187,0.8281346,350.4328,67.76894,357.3127,0.5034346,0.01189104,-0.8639513,0.3114895,-0.01017867,-0.007236859,3.888344,0.8072017,-2.416865,-0.3086996,0.4008001,2.069,0.3851397,-0.04623225,-0.9216995,-0.135942,0.985007,-0.1062122,0.912791,0.1662042,0.3730804,static,68.97005,46.63825,-8.486062,10.96336,-6.071108221807897,3.6597994484580703,85.27688469139011,7.692463745825766,74.55948916830991
1556,05/05/2023 11:22:08.906160,1738,True,True,True,True,Eyes,2.103168,0.04754207,-3.439275,0.8690615,0.3559023,0.3436069,0.0,0.0,0.0,0.0,0.0,0.0,0.0,-4.010464,-0.1116124,-0.6395987,2.181486,0.05414383,-3.426887,-0.08116166,0.5453829,0.0287965,0.8337511,350.4012,66.57766,357.6453,0.5051867,0.01187162,-0.862928,0.2928002,-0.009567947,-0.006802647,3.874145,0.8065049,-2.375434,-0.3086993,0.4008001,2.069,0.4034564,-0.04051013,-0.9141016,-0.1365466,0.9851671,-0.103927,0.904753,0.1667475,0.3919404,static,68.4273,46.00699,-8.486056,10.96337,-6.071129388273084,3.641588317079584,84.52052788457452,7.709757295296379,74.05049835782604
1557,05/05/2023 11:22:08.926476,1739,True,True,True,True,Eyes,2.107136,0.04793848,-3.438169,0.8654076,0.3563743,0.3522313,0.0,0.0,0.0,0.0,0.0,0.0,0.0,-4.02368,-0.1046425,-0.5592053,2.189318,0.05418374,-3.423099,-0.07716564,0.5363973,0.02874811,0.8399386,350.7658,65.28754,357.9975,0.5068424,0.01186388,-0.8619567,0.2752321,-0.008993871,-0.006394489,3.861392,0.7922067,-2.329394,-0.3086991,0.4008,2.069,0.422903,-0.03448958,-0.9055185,-0.1310762,0.986438,-0.09878799,0.8966449,0.1604696,0.4126468,static,67.85309,45.335,-8.486049,10.96336,-6.07093484674447,3.622111019178645,83.72021129662132,7.728305957431147,73.5136977137072
1558,05/05/2023 11:22:08.946533,1740,True,True,True,True,Eyes,2.111226,0.04831472,-3.436927,0.8617231,0.3566024,0.3609265,0.0,0.0,0.0,0.0,0.0,0.0,0.0,-4.034854,-0.1042371,-0.4786466,2.196976,0.0543871,-3.419116,-0.0739932,0.5272608,0.02814604,0.8460076,351.0903,64.00255,358.2364,0.5084162,0.01186639,-0.8610294,0.2587182,-0.008454238,-0.006010819,3.84725,0.779992,-2.284748,-0.3086995,0.4007999,2.069,0.4424077,-0.0304039,-0.8962985,-0.1256509,0.9874657,-0.09551702,0.8879681,0.1548782,0.433042,static,67.27399,44.65472,-8.486059,10.96336,-6.070604109618673,3.602337256959549,82.91376703016213,7.747198083889803,72.97378524704204
1559,05/05/2023 11:22:08.966247,1741,True,True,True,True,Eyes,2.115435,0.04869027,-3.435559,0.857875,0.3565799,0.3700016,0.0,0.0,0.0,0.0,0.0,0.0,0.0,-4.04373,-0.108762,-0.401221,2.204288,0.05434942,-3.415073,-0.07017424,0.5184547,0.02643166,0.8518109,351.5493,62.77228,358.3932,0.509919,0.01187764,-0.8601401,0.2431951,-0.007946984,-0.00565017,3.834532,0.763259,-2.241852,-0.3086991,0.4008,2.069,0.4610123,-0.02773477,-0.8869602,-0.1177939,0.9887539,-0.09214312,0.879541,0.1469576,0.4525607,static,66.66946,43.94173,-8.486049,10.96336,-6.070110182422864,3.581550862049622,82.07267158382247,7.767101552020787,72.4115173233735
1560,05/05/2023 11:22:08.976126,1742,True,True,True,True,Eyes,2.119756,0.04904756,-3.43407,0.8539864,0.3564436,0.3790185,0.0,0.0,0.0,0.0,0.0,0.0,0.0,-4.050688,-0.111829,-0.3269262,2.211511,0.05477875,-3.410818,-0.06675052,0.5099063,0.0250621,0.8572701,351.9519,61.59077,358.5472,0.5113618,0.01189675,-0.8592828,0.2286034,-0.007470165,-0.00531116,3.821131,0.7489235,-2.200865,-0.3086992,0.4008001,2.069,0.4787351,-0.02510303,-0.8776006,-0.111043,0.9898325,-0.0888878,0.870909,0.1400051,0.47108,static,66.06727,43.24186,-8.486051,10.96336,-6.070161089988076,3.561371933087073,81.24099478944753,7.786266846186225,71.85185263441963
1561,05/05/2023 11:22:08.996415,1743,True,True,True,True,Eyes,2.12416,0.04936751,-3.432451,0.8499427,0.3560479,0.3883649,0.0,0.0,0.0,0.0,0.0,0.0,0.0,-4.055849,-0.1131913,-0.2565945,2.218578,0.05472673,-3.406388,-0.06492322,0.5016563,0.02455715,0.8622778,352.1487,60.47047,358.6819,0.5127542,0.0119225,-0.8584524,0.2148872,-0.007021955,-0.00499249,3.805909,0.7413292,-2.163144,-0.3086996,0.4008,2.069,0.4954758,-0.02278812,-0.8683229,-0.1074885,0.9903639,-0.08732521,0.8619456,0.1366022,0.4882519,static,65.44289,42.51419,-8.486061,10.96336,-6.070108508054092,3.5403471576217047,80.38000167734076,7.8062760713065185,71.27263206674778
1562,05/05/2023 11:22:09.006374,1744,True,True,True,True,Eyes,2.128639,0.04966281,-3.430716,0.8459004,0.3554352,0.397641,0.0,0.0,0.0,0.0,0.0,0.0,0.0,-4.059319,-0.1166351,-0.1848078,2.225084,0.05422258,-3.401748,-0.06137418,0.493344,0.02280288,0.8673667,352.5901,59.3396,358.7866,0.5141034,0.01195329,-0.8576447,0.201994,-0.006600638,-0.004692941,3.791748,0.7249021,-2.124075,-0.3086995,0.4008,2.069,0.5121834,-0.02100025,-0.8586193,-0.1001141,0.9914265,-0.08396851,0.8530213,0.1289672,0.5056898,static,64.82272,41.79224,-8.48606,10.96336,-6.070098914462869,3.5195055296139808,79.52733534541943,7.826099752949465,70.69804171712816
1563,05/05/2023 11:22:09.026131,1745,True,True,True,True,Eyes,2.133167,0.04993618,-3.428852,0.8416712,0.3546414,0.4072088,0.0,0.0,0.0,0.0,0.0,0.0,0.0,-4.061353,-0.1218393,-0.1120216,2.231342,0.05399225,-3.397084,-0.05721612,0.4849185,0.02046273,0.8724459,353.1263,58.2005,358.8581,0.5154169,0.01198805,-0.8568553,0.1898743,-0.0062046,-0.004411364,3.777327,0.705561,-2.084801,-0.3086995,0.4008,2.069,0.5288708,-0.01978506,-0.8484718,-0.09119555,0.9926152,-0.07999043,0.8437886,0.1196814,0.5231608,static,64.18185,41.05287,-8.486059,10.96336,-6.070438918330959,3.498307910335951,78.65115136139063,7.846159766430985,70.10458868586035
1564,05/05/2023 11:22:09.046235,1746,True,True,True,True,Eyes,2.137736,0.05018742,-3.426867,0.8373815,0.3538879,0.4166001,0.0,0.0,0.0,0.0,0.0,0.0,0.0,-4.061726,-0.1263882,-0.03998196,2.237179,0.05379517,-3.392245,-0.05446217,0.4764746,0.01887406,0.8772967,353.4803,57.07596,358.9167,0.5166999,0.01202584,-0.8560817,0.1784819,-0.005832323,-0.004146683,3.760262,0.692655,-2.047338,-0.3086994,0.4008,2.069,0.5452315,-0.01878337,-0.838075,-0.08501599,0.9933553,-0.07757295,0.8339634,0.113545,0.5400117,static,63.5495,40.34679,-8.486058,10.96336,-6.072003844669069,3.4785855013929177,77.79786356280142,7.864445737613646,69.51838876293809
1565,05/05/2023 11:22:09.056002,1747,True,True,True,True,Eyes,2.142337,0.05041685,-3.424745,0.8328465,0.353158,0.4261999,0.0,0.0,0.0,0.0,0.0,0.0,0.0,-4.06073,-0.1300633,0.03043711,2.242836,0.05351771,-3.387357,-0.05231366,0.4681408,0.01765504,0.8819274,353.7536,55.97622,358.9717,0.5179583,0.01206585,-0.8553204,0.1677729,-0.005482384,-0.003897882,3.742141,0.6824962,-2.011433,-0.3086993,0.4008,2.069,0.5610651,-0.01783939,-0.8275796,-0.08012123,0.9939031,-0.07574361,0.8238851,0.1088038,0.556215,static,62.89941,39.64584,-8.486054,10.96336,-6.074919566762221,3.4595783784492973,76.93223725750926,7.88164372951905,68.9150482654995
1566,05/05/2023 11:22:09.076298,1748,True,True,True,True,Eyes,2.14696,0.0506219,-3.422475,0.8281151,0.3527639,0.435641,0.0,0.0,0.0,0.0,0.0,0.0,0.0,-4.058065,-0.1355512,0.0993681,2.248348,0.05323221,-3.382046,-0.05202738,0.4598036,0.01715192,0.8863294,353.8,54.89256,358.9948,0.5191961,0.01210732,-0.854569,0.1577066,-0.005153441,-0.003664009,3.721696,0.680462,-1.977578,-0.3086998,0.4008,2.069001,0.576573,-0.01744025,-0.8168595,-0.07824925,0.9939979,-0.07645375,0.8132901,0.1079998,0.5717476,moving,62.25279,38.99911,-8.486066,10.96336,-6.080465042199506,3.4432404764374733,76.09197741057355,7.895512245373122,68.31311187136887
1567,05/05/2023 11:22:09.095891,1749,True,True,True,True,Eyes,2.151591,0.05079826,-3.42006,0.8231086,0.3524856,0.4452484,0.0,0.0,0.0,0.0,0.0,0.0,0.0,-4.053837,-0.1458624,0.1675442,2.253754,0.05277583,-3.3765,-0.05295198,0.4514142,0.01660894,0.8905871,353.7244,53.81599,358.9495,0.5204175,0.01214957,-0.8538252,0.1482442,-0.004844234,-0.003444168,3.701803,0.680784,-1.947946,-0.3054829,0.3987602,2.068738,0.5918988,-0.01822313,-0.8058063,-0.07738996,0.9938405,-0.07932168,0.8022884,0.1093117,0.5868427,moving,61.58948,38.36727,-8.399954,10.91026,-6.087808744892233,3.428087445824276,75.1824997574599,7.831278427637331,67.62992602307172
1568,05/05/2023 11:22:09.115974,1750,True,True,True,True,Eyes,2.156227,0.05093694,-3.417482,0.8178879,0.352529,0.4547337,0.0,0.0,0.0,0.0,0.0,0.0,0.0,-4.047706,-0.1598117,0.2378337,2.258759,0.0522414,-3.370653,-0.05427077,0.4427175,0.01578905,0.894878,353.6206,52.709,358.8587,0.5216258,0.01219182,-0.853087,0.1393495,-0.00455358,-0.003237518,3.680325,0.6821952,-1.918222,-0.302195,0.3966752,2.068471,0.6075038,-0.01979469,-0.7940702,-0.07631179,0.9936108,-0.08315127,0.7906426,0.1111116,0.6021118,moving,60.92659,37.78437,-8.311868,10.85593,-6.097691522521089,3.415413162615036,74.29067873597174,7.762980631228579,66.94411306187561
1569,05/05/2023 11:22:09.130938,1751,True,True,True,True,Eyes,2.160858,0.05102624,-3.414758,0.8124426,0.3526206,0.464323,0.0,0.0,0.0,0.0,0.0,0.0,0.0,-4.04023,-0.1748147,0.3045038,2.263768,0.05133015,-3.36444,-0.05624797,0.4342972,0.01512887,0.8988845,353.439,51.64675,358.7508,0.5228242,0.01223319,-0.8523523,0.1309886,-0.004280366,-0.003043267,3.658963,0.6860815,-1.890282,-0.2989797,0.3946365,2.06821,0.622314,-0.02165847,-0.782468,-0.07605488,0.9932146,-0.08798,0.7790641,0.1142617,0.6164442,moving,60.2514,37.21412,-8.225677,10.80279,-6.1089873954169285,3.4036973752003847,73.39392636201464,7.695904531146036,66.24790252430388
1570,05/05/2023 11:22:09.146577,1752,True,True,True,True,Eyes,2.165475,0.05106961,-3.411881,0.8066785,0.3524084,0.4744241,0.0,0.0,0.0,0.0,0.0,0.0,0.0,-4.031778,-0.1889575,0.367969,2.268433,0.0502201,-3.358278,-0.05706296,0.4262798,0.01387172,0.9026831,353.4052,50.63523,358.6383,0.5240153,0.01227259,-0.8516201,0.1231292,-0.004023544,-0.002860671,3.639572,0.6845539,-1.863104,-0.2957141,0.3925657,2.067944,0.6361861,-0.02360605,-0.7711744,-0.07369312,0.9931027,-0.09119307,0.7680081,0.114846,0.6300586,moving,59.53935,36.60545,-8.138074,10.74878,-6.1205179603470885,3.3909712242883625,72.44861008166185,7.629409043502592,65.51688452318976
1571,05/05/2023 11:22:09.155959,1753,True,True,True,True,Eyes,2.280097,0.05097186,-3.336128,0.6240517,0.3316175,0.7075235,0.0,0.0,0.0,0.0,0.0,0.0,0.0,-4.022151,-0.2008758,0.4282651,2.27272,0.04909628,-3.351684,-0.05731615,0.4186074,0.01256564,0.9062698,353.4305,49.66803,358.5459,0.5252006,0.0123091,-0.8508891,0.1157415,-0.003782131,-0.002689031,3.621104,0.6808102,-1.836411,-0.2924131,0.3904725,2.067676,0.6492199,-0.02521022,-0.7601829,-0.07076164,0.9931139,-0.09336767,0.757302,0.1144079,0.6429655,moving,41.41302,25.11257,-8.049456,10.69415,-6.623757292721103,3.270570557816646,51.521135151964344,7.559242590256252,48.41938510341863
1572,05/05/2023 11:22:09.176031,1754,True,True,True,True,Eyes,2.280231,0.05092471,-3.335839,0.6235751,0.3311858,0.7081456,0.0,0.0,0.0,0.0,0.0,0.0,0.0,-4.011567,-0.2126224,0.4866853,2.276675,0.0479617,-3.345025,-0.05713742,0.4111444,0.01099519,0.9097114,353.5118,48.7294,358.4441,0.5291926,0.01234031,-0.8484118,0.4526648,-0.003848436,0.224732,3.603089,0.6753168,-1.810081,-0.2894003,0.3885623,2.06743,0.6616789,-0.02697856,-0.7493019,-0.06698834,0.9932289,-0.0949159,0.7467889,0.1129983,0.6553913,moving,41.36633,25.06457,-7.968526,10.64426,-6.624089476614549,3.2693246256279496,51.39915716270876,7.496477929106239,48.31128458659971
1573,05/05/2023 11:22:09.196394,1755,True,True,True,True,Eyes,2.2805,0.05084477,-3.335277,0.6227312,0.3306749,0.7091262,0.0,0.0,0.0,0.0,0.0,0.0,0.0,-4.000258,-0.2214299,0.5419697,2.28032,0.04681337,-3.338079,-0.05593986,0.4040653,0.009175803,0.912972,353.7101,47.8368,358.3597,0.5327432,0.01236745,-0.8461864,0.4255049,-0.00361753,0.211248,3.586639,0.6655533,-1.783939,-0.2863089,0.386602,2.067178,0.6732941,-0.02845221,-0.7388272,-0.06196121,0.9935731,-0.0947278,0.736774,0.1095583,0.6672039,moving,41.28853,25.00026,-7.885429,10.59304,-6.625464331169685,3.2680457717213303,51.24106001891531,7.43256694628555,48.17190885775213
1574,05/05/2023 11:22:09.206414,1756,True,True,True,True,Eyes,2.280892,0.05074837,-3.334453,0.6215334,0.3298108,0.710578,0.0,0.0,0.0,0.0,0.0,0.0,0.0,-3.988785,-0.2278779,0.5931461,2.283975,0.04596616,-3.330991,-0.05490454,0.3973932,0.007783979,0.9159715,353.8709,46.99776,358.3069,0.5359419,0.01238982,-0.8441638,0.3999746,-0.003400478,0.1985732,3.571049,0.6571292,-1.759358,-0.2830436,0.3845315,2.066914,0.6840361,-0.02937757,-0.7288564,-0.05789718,0.9938498,-0.09439538,0.7271468,0.1067686,0.6781283,moving,41.17577,24.89811,-7.797597,10.5389,-6.626988391908736,3.2657373980495104,51.03506233111496,7.366764469409117,47.99464935654083
1575,05/05/2023 11:22:09.226284,1757,True,True,True,True,Eyes,2.281396,0.05064784,-3.333351,0.6200001,0.3290033,0.7122897,0.0,0.0,0.0,0.0,0.0,0.0,0.0,-3.977209,-0.230714,0.6412544,2.287387,0.04552612,-3.323915,-0.05393011,0.3910579,0.006975588,0.9187582,353.9986,46.20153,358.3082,0.5388304,0.01240756,-0.8423227,0.3759761,-0.003196449,0.1866588,3.555639,0.6500352,-1.735919,-0.2798091,0.3824806,2.06665,0.6940502,-0.02936183,-0.7193276,-0.05499734,0.9940858,-0.09364177,0.7178228,0.1045532,0.6883306,moving,41.03737,24.79199,-7.710537,10.48525,-6.6298681842378935,3.2638837302534567,50.803949121187905,7.301778953871021,47.79389722451109
1576,05/05/2023 11:22:09.246251,1758,True,True,True,True,Eyes,2.281984,0.05051349,-3.331967,0.6181048,0.3281516,0.714327,0.0,0.0,0.0,0.0,0.0,0.0,0.0,-3.965393,-0.2312979,0.6844145,2.290694,0.04532639,-3.316162,-0.05404019,0.3851496,0.007171731,0.9212427,353.9675,45.46356,358.3628,0.5414465,0.01242112,-0.8406432,0.3534175,-0.003004662,0.1754592,3.540082,0.6485444,-1.714166,-0.2766184,0.3804573,2.06639,0.7032167,-0.02841331,-0.7104076,-0.05484092,0.9940564,-0.09404388,0.7088572,0.1050926,0.697479,moving,40.86953,24.67338,-7.6246,10.43229,-6.633888980568673,3.2621486887940945,50.541955728335246,7.238261859499434,47.565968228109476
1577,05/05/2023 11:22:09.255926,1759,True,True,True,True,Eyes,2.282653,0.05034439,-3.330314,0.6159093,0.3272794,0.7166198,0.0,0.0,0.0,0.0,0.0,0.0,0.0,-3.953297,-0.228988,0.7260405,2.293688,0.04433898,-3.308347,-0.05537769,0.3793464,0.008465054,0.9235573,353.759,44.74322,358.4794,0.5438229,0.01243016,-0.8391077,0.3322125,-0.002824382,0.1649317,3.523022,0.6521725,-1.694022,-0.2733525,0.3783867,2.066125,0.7120493,-0.02637873,-0.7016338,-0.05765058,0.9937233,-0.09586656,0.6997586,0.1087113,0.7060592,moving,40.67789,24.54613,-7.536578,10.37805,-6.638908556855119,3.2605836740097867,50.25305379187839,7.173850941493046,47.31375683594348
1578,05/05/2023 11:22:09.276307,1760,True,True,True,True,Eyes,2.283405,0.05015406,-3.328405,0.6134028,0.3262664,0.7192268,0.0,0.0,0.0,0.0,0.0,0.0,0.0,-3.940195,-0.2240307,0.7694456,2.296438,0.04335756,-3.300282,-0.05442246,0.3734448,0.008687176,0.9260139,353.8414,44.00282,358.5846,0.545989,0.01243434,-0.8376998,0.3122797,-0.002654919,0.1550358,3.507059,0.6458096,-1.671136,-0.2703325,0.3764719,2.065879,0.7209271,-0.02455867,-0.6925757,-0.05673646,0.9939255,-0.09430355,0.6906846,0.1072803,0.7151545,moving,40.45968,24.40071,-7.45513,10.32786,-6.644596437165904,3.2587748503508718,49.93870367218797,7.115400867798691,47.04087455966086
1579,05/05/2023 11:22:09.296286,1761,True,True,True,True,Eyes,2.28422,0.04993512,-3.32623,0.6106298,0.325317,0.7220111,0.0,0.0,0.0,0.0,0.0,0.0,0.0,-3.926674,-0.2227061,0.811235,2.299186,0.04266097,-3.292171,-0.0538705,0.3676464,0.008658282,0.9283637,353.8928,43.28102,358.6437,0.5479702,0.01243367,-0.836405,0.293543,-0.002495624,0.1457336,3.491605,0.6408789,-1.649448,-0.2670692,0.3744027,2.065614,0.7295223,-0.02353452,-0.6835521,-0.05568666,0.994046,-0.09365647,0.6816863,0.1063892,0.7238681,moving,40.22235,24.25493,-7.367066,10.2736,-6.651431576840847,3.257437387209828,49.60070668639668,7.052564812656807,46.7448950039394
1580,05/05/2023 11:22:09.306268,1762,True,True,True,True,Eyes,2.285082,0.04968318,-3.323798,0.607612,0.3242155,0.7250462,0.0,0.0,0.0,0.0,0.0,0.0,0.0,-3.912691,-0.2230114,0.8501343,2.301628,0.04175512,-3.283654,-0.05400883,0.3620948,0.00878551,0.9305339,353.8647,42.5949,358.6882,0.5497903,0.01242802,-0.8352098,0.2759304,-0.002345887,0.1369896,3.476367,0.6384761,-1.629099,-0.2636172,0.372214,2.065333,0.7376204,-0.0227622,-0.6748318,-0.05546306,0.9940117,-0.09415172,0.6729339,0.1068765,0.7319409,moving,39.96408,24.09254,-7.273849,10.21617,-6.658673399412278,3.2557912827992883,49.23388650701813,6.987511209752661,46.42431757381059
1581,05/05/2023 11:22:09.326569,1763,True,True,True,True,Eyes,2.285992,0.04943468,-3.321109,0.6043328,0.3232214,0.7282237,0.0,0.0,0.0,0.0,0.0,0.0,0.0,-3.898577,-0.2189948,0.8885668,2.303854,0.04072257,-3.275212,-0.05341354,0.3566463,0.009050236,0.9326674,353.9101,41.91814,358.7773,0.5514691,0.01241711,-0.8341025,0.2593746,-0.002205134,0.1287702,3.461081,0.6334486,-1.608151,-0.2605778,0.3702866,2.065085,0.745443,-0.02121776,-0.6662316,-0.05498121,0.9941302,-0.09317867,0.6642979,0.1060896,0.7399008,moving,39.68835,23.934,-7.19172,10.16557,-6.667181862455808,3.254788181776932,48.86011285158683,6.930659824058663,46.0960886021056
1582,05/05/2023 11:22:09.346531,1764,True,True,True,True,Eyes,2.286932,0.04918914,-3.318148,0.6008551,0.3222856,0.7315088,0.0,0.0,0.0,0.0,0.0,0.0,0.0,-3.884316,-0.2128449,0.9249995,2.306053,0.0405557,-3.266391,-0.0538206,0.3513116,0.01042792,0.9346523,353.8038,41.25705,358.944,0.5530254,0.01240162,-0.8330717,0.2438121,-0.002072826,0.121044,3.444734,0.6342646,-1.588164,-0.2575064,0.3683389,2.064836,0.7529428,-0.01832265,-0.6578309,-0.05730855,0.9939892,-0.09328019,0.6555859,0.107934,0.747367,moving,39.39939,23.77716,-7.108674,10.1144,-6.676586308783461,3.2542103843861403,48.47340536671316,6.873783625855347,45.75473196211135
1583,05/05/2023 11:22:09.356331,1765,True,True,True,True,Eyes,2.287916,0.04893161,-3.314929,0.5971084,0.3216568,0.7348459,0.0,0.0,0.0,0.0,0.0,0.0,0.0,-3.86937,-0.2120374,0.9604313,2.308228,0.04035455,-3.257279,-0.05552629,0.3459385,0.01188268,0.9365373,353.5563,40.59894,359.0681,0.5544749,0.01238214,-0.832108,0.2291834,-0.001948456,0.1137814,3.428101,0.6397515,-1.569909,-0.2537575,0.3659616,2.06453,0.7603707,-0.01616022,-0.6492882,-0.06067451,0.9935513,-0.09578353,0.646649,0.1122262,0.7544867,moving,39.09603,23.63996,-7.007246,10.05192,-6.687898238485892,3.255000435619399,48.06398744355046,6.804417576651499,45.386765682288825
1584,05/05/2023 11:22:09.376011,1766,True,True,True,True,Eyes,2.288922,0.04862312,-3.311459,0.5931566,0.3211192,0.7382735,0.0,0.0,0.0,0.0,0.0,0.0,0.0,-3.85436,-0.215227,0.9929817,2.310416,0.03975813,-3.247895,-0.05866487,0.3407507,0.01365203,0.9382224,353.1434,39.97044,359.1711,0.5558326,0.01235883,-0.8312021,0.2154324,-0.001831549,0.1069545,3.41042,0.6514646,-1.552908,-0.2511268,0.3642938,2.064317,0.7674052,-0.01436291,-0.6410015,-0.06559747,0.9927441,-0.1007775,0.637798,0.1193853,0.7608948,moving,38.7797,23.5071,-6.936023,10.00805,-6.700228642781011,3.2563434245580147,47.66709221585924,6.755822722641771,45.03036795427378
1585,05/05/2023 11:22:09.396417,1767,True,True,True,True,Eyes,2.289957,0.0482862,-3.307747,0.5890163,0.3206156,0.7417988,0.0,0.0,0.0,0.0,0.0,0.0,0.0,-3.838969,-0.2161035,1.026,2.312341,0.03822429,-3.238623,-0.06080098,0.3355781,0.01497232,0.9399289,352.857,39.3413,359.2689,0.557111,0.01233086,-0.8303463,0.2025064,-0.001721656,0.1005372,3.393741,0.6574227,-1.535637,-0.247894,0.3622437,2.064054,0.7743264,-0.01266111,-0.6326596,-0.06895278,0.9921581,-0.1042484,0.6290183,0.124346,0.7673812,moving,38.4509,23.37466,-6.848452,9.954099,-6.713341599970443,3.2580271414665787,47.245557983525025,6.697434819006405,44.64967280837337
1586,05/05/2023 11:22:09.405957,1768,True,True,True,True,Eyes,2.291016,0.04793065,-3.303797,0.5847767,0.3201129,0.7453616,0.0,0.0,0.0,0.0,0.0,0.0,0.0,-3.822868,-0.2183078,1.059296,2.31419,0.03720526,-3.229121,-0.06091,0.3304294,0.01477168,0.9417474,352.8489,38.71357,359.2822,0.5583217,0.01229804,-0.8295332,0.190356,-0.001618356,0.09450499,3.379161,0.6546,-1.516333,-0.2447796,0.3602689,2.063801,0.7811965,-0.01243052,-0.6241614,-0.06807528,0.9921435,-0.1049617,0.6205625,0.1244857,0.7742128,moving,38.11611,23.24223,-6.764037,9.902103,-6.726820410145621,3.259864774084633,46.82079220942057,6.64234248773516,44.26576253982347
1587,05/05/2023 11:22:09.426078,1769,True,True,True,True,Eyes,2.292099,0.04757329,-3.299616,0.5804086,0.3197095,0.7489403,0.0,0.0,0.0,0.0,0.0,0.0,0.0,-3.807077,-0.2296266,1.088366,2.316054,0.03644067,-3.219576,-0.06281331,0.3255978,0.01443086,0.9433094,352.6516,38.13655,359.2098,0.5594746,0.01226044,-0.8287566,0.1789347,-0.001521255,0.08883469,3.365251,0.6589289,-1.50011,-0.2415622,0.3582292,2.063539,0.7875556,-0.01367822,-0.6160918,-0.06812929,0.9916924,-0.1091074,0.612466,0.1279021,0.7800811,moving,37.77472,23.11678,-6.676778,9.848367,-6.741067538507536,3.2622264981946314,46.38950805928613,6.586454270264281,43.87398393623281
1588,05/05/2023 11:22:09.446094,1770,True,True,True,True,Eyes,2.293178,0.04732078,-3.295208,0.5760814,0.3189212,0.7526085,0.0,0.0,0.0,0.0,0.0,0.0,0.0,-3.791507,-0.2436568,1.114279,2.317801,0.03601016,-3.20983,-0.06405441,0.3211338,0.01322563,0.9447727,352.5577,37.60709,359.0668,0.5605789,0.01221853,-0.8280107,0.1681986,-0.00142998,0.08350461,3.353594,0.6602903,-1.484062,-0.2384016,0.3562248,2.063282,0.7933964,-0.01614964,-0.6084911,-0.06613049,0.9914442,-0.1125393,0.6051024,0.1295281,0.7855403,moving,37.43212,22.96502,-6.591004,9.795527,-6.754009694385038,3.263280861105605,45.95074528880271,6.534279644727694,43.48004675835379
1589,05/05/2023 11:22:09.456332,1771,True,True,True,True,Eyes,2.294297,0.04723152,-3.290567,0.5716172,0.318624,0.75613,0.0,0.0,0.0,0.0,0.0,0.0,0.0,-3.776182,-0.2555976,1.139178,2.319313,0.0383848,-3.2003,-0.06181538,0.3170155,0.01028425,0.946348,352.9048,37.11111,358.8609,0.5616418,0.01217542,-0.8272907,0.1581067,-0.001344181,0.07849433,3.345881,0.6492564,-1.465418,-0.2351968,0.3541927,2.063021,0.7987908,-0.0197279,-0.6012853,-0.05865782,0.9921462,-0.1104772,0.5987424,0.1235182,0.7913601,moving,37.08846,22.84997,-6.503984,9.741931,-6.768940279471828,3.2662297533792386,45.520565246036405,6.481119383680355,43.0870010375768
1590,05/05/2023 11:22:09.476226,1772,True,True,True,True,Eyes,2.295442,0.0471573,-3.285691,0.5670956,0.3187224,0.7594857,0.0,0.0,0.0,0.0,0.0,0.0,0.0,-3.761826,-0.2899157,1.154259,2.321511,0.04208713,-3.190065,-0.06800457,0.3132637,0.009977546,0.9471757,352.237,36.69468,358.6291,0.5626714,0.0121353,-0.8265912,0.1486203,-0.00126353,0.07378467,3.334789,0.6750124,-1.45645,-0.2319368,0.3521257,2.062756,0.8035327,-0.02370574,-0.5947884,-0.06150769,0.9905517,-0.1225734,0.5920744,0.1350757,0.7944825,moving,36.7481,22.76563,-6.415406,9.687377,-6.785278949445401,3.270656302210704,45.101318736197115,6.427371975556494,42.69849399131543
1591,05/05/2023 11:22:09.496418,1773,True,True,True,True,Eyes,2.296597,0.04715901,-3.280627,0.5625589,0.3184,0.7629868,0.0,0.0,0.0,0.0,0.0,0.0,0.0,-3.748022,-0.3234953,1.166093,2.323665,0.04226226,-3.179762,-0.0757699,0.3097518,0.01033486,0.9477373,351.3718,36.31779,358.4148,0.5636738,0.01209833,-0.8259085,0.1397031,-0.001187718,0.06935759,3.323217,0.7040039,-1.450056,-0.2288323,0.3501568,2.062503,0.8078941,-0.02735027,-0.5886928,-0.06652918,0.9883042,-0.1372174,0.5855604,0.1500224,0.7966255,moving,36.40178,22.65114,-6.331007,9.635388,-6.800401114101144,3.2737018048254045,44.67102959315884,6.3789797052685335,42.30517336136985
1592,05/05/2023 11:22:09.516381,1774,True,True,True,True,Eyes,2.297804,0.04729846,-3.27536,0.5578903,0.3182136,0.7664845,0.0,0.0,0.0,0.0,0.0,0.0,0.0,-3.732126,-0.3253762,1.193334,2.325162,0.04416516,-3.170229,-0.07075305,0.3055722,0.006887953,0.9495116,352.0348,35.79997,358.2549,0.564655,0.01206611,-0.8252386,0.1313209,-0.001116455,0.06519613,3.316885,0.6812485,-1.427996,-0.2254848,0.3480344,2.062231,0.8131564,-0.03015994,-0.5812633,-0.0563207,0.9898931,-0.1301522,0.5793139,0.1385712,0.8032393,moving,36.04922,22.54626,-6.239946,9.579312,-6.81640746522364,3.277395963268792,44.232514075171665,6.328226730680385,41.90194099716547
1593,05/05/2023 11:22:09.526345,1775,True,True,True,True,Eyes,2.299029,0.04748114,-3.269908,0.5531327,0.3182916,0.7698927,0.0,0.0,0.0,0.0,0.0,0.0,0.0,-3.716931,-0.3552086,1.209682,2.327468,0.04796791,-3.160011,-0.07509415,0.3016647,0.00597687,0.9504334,351.5845,35.36325,358.0335,0.5656192,0.01204168,-0.8245784,0.1234416,-0.001049468,0.06128437,3.306512,0.6994193,-1.417013,-0.2223715,0.3460602,2.061978,0.8179253,-0.03394527,-0.574322,-0.05666774,0.9886503,-0.139138,0.5725268,0.14635,0.8067185,moving,35.69552,22.46134,-6.155204,9.527121,-6.833529344427986,3.282134652735614,43.803848238073066,6.281717898028525,41.50458027879177
1594,05/05/2023 11:22:09.546249,1776,True,True,True,True,Eyes,2.300266,0.04766716,-3.264279,0.5483634,0.317861,0.773474,0.0,0.0,0.0,0.0,0.0,0.0,0.0,-3.702433,-0.3832676,1.22311,2.32933,0.04869811,-3.150039,-0.08031546,0.2981009,0.005472889,0.9511337,351.0226,34.9744,357.8258,0.5665722,0.01202535,-0.8239241,0.1160351,-0.0009864996,0.0576073,3.296532,0.7180846,-1.408402,-0.2189968,0.3439203,2.061703,0.8222119,-0.03747332,-0.5679468,-0.05829512,0.987039,-0.1495185,0.5661885,0.1560444,0.8093706,moving,35.33518,22.34033,-6.063298,9.47052,-6.849164906901801,3.2852075523192004,43.35280833063279,6.2350362365264935,41.092154336580776
1595,05/05/2023 11:22:09.556122,1777,True,True,True,True,Eyes,2.301525,0.0478431,-3.258468,0.543559,0.3174929,0.7770083,0.0,0.0,0.0,0.0,0.0,0.0,0.0,-3.688103,-0.3897931,1.241999,2.330965,0.04906037,-3.140191,-0.07803552,0.2946637,0.002899277,0.9524051,351.3527,34.56038,357.6542,0.5675163,0.01201648,-0.8232743,0.109073,-0.0009273096,0.05415086,3.291104,0.70549,-1.39082,-0.2158476,0.3419237,2.061446,0.8263298,-0.0404659,-0.5617309,-0.05151105,0.9878041,-0.1469342,0.5608259,0.1503515,0.8141676,moving,34.97485,22.22539,-5.977481,9.417677,-6.865117956581635,3.2885889675222506,42.90840158551621,6.1930299108394005,40.6850068450333
1596,05/05/2023 11:22:09.576041,1778,True,True,True,True,Eyes,2.302789,0.04795008,-3.252523,0.5388139,0.3168879,0.7805521,0.0,0.0,0.0,0.0,0.0,0.0,0.0,-3.674485,-0.4002632,1.256768,2.332842,0.04897158,-3.13001,-0.07878729,0.2913887,0.001784061,0.953353,351.2998,34.17868,357.535,0.5684558,0.01201409,-0.8226259,0.1025286,-0.000871671,0.05090181,3.284024,0.7055681,-1.376857,-0.212795,0.3399879,2.061198,0.8301789,-0.04251377,-0.5558736,-0.04931713,0.9875787,-0.1491845,0.5553114,0.1512639,0.8177704,moving,34.61726,22.09613,-5.894248,9.366412,-6.8801534575324,3.291171773141908,42.46443218498968,6.154717977716521,40.280710920250165
1597,05/05/2023 11:22:09.596356,1779,True,True,True,True,Eyes,2.304066,0.04802996,-3.246436,0.5340152,0.315836,0.7842675,0.0,0.0,0.0,0.0,0.0,0.0,0.0,-3.659891,-0.3948658,1.280158,2.334151,0.04756538,-3.120738,-0.07578886,0.2875803,0.0003257721,0.9547531,351.6681,33.70687,357.511,0.5693923,0.01201587,-0.8219779,0.09637691,-0.0008193707,0.0478477,3.275892,0.6893117,-1.358088,-0.2096248,0.3379777,2.060941,0.834595,-0.04296869,-0.5491858,-0.04421282,0.9885119,-0.1445319,0.549087,0.1449067,0.8231073,moving,34.25132,21.93537,-5.807761,9.313149,-6.894047472328715,3.2923660692321537,42.00060039496343,6.117993576278894,39.86254881592549
1598,05/05/2023 11:22:09.606320,1780,True,True,True,True,Eyes,2.305354,0.04812034,-3.240208,0.529168,0.3146885,0.7880052,0.0,0.0,0.0,0.0,0.0,0.0,0.0,-3.644258,-0.3777528,1.309532,2.335831,0.04710844,-3.111247,-0.06966456,0.2832352,-0.001387091,0.956516,352.3868,33.15129,357.5647,0.570329,0.01202076,-0.8213281,0.0905943,-0.0007702085,0.04497684,3.267115,0.6614968,-1.334421,-0.2064232,0.3359478,2.060681,0.8395519,-0.04211645,-0.5416446,-0.03680935,0.9902898,-0.1340563,0.5420312,0.1324848,0.8298495,moving,33.88248,21.76921,-5.720368,9.259335,-6.907835371670758,3.2933599459977048,41.53170526509511,6.083003953949097,39.44006373040868
1599,05/05/2023 11:22:09.626312,1781,True,True,True,True,Eyes,2.306653,0.04822318,-3.233846,0.5242125,0.313603,0.7917413,0.0,0.0,0.0,0.0,0.0,0.0,0.0,-3.628247,-0.3727993,1.336228,2.337766,0.04755016,-3.101814,-0.06739853,0.2787597,-0.002089864,0.9579906,352.6477,32.60268,357.5972,0.5712678,0.01202874,-0.8206753,0.0,0.0,0.0,3.256051,0.6504819,-1.315411,-0.2031192,0.3338528,2.060411,0.8445774,-0.04158013,-0.5338166,-0.03357185,0.9909061,-0.1302995,0.5343801,0.1279692,0.835501,moving,33.50858,21.60816,-5.630132,9.203766,-6.922199667932168,3.2947433499785417,41.057371658767686,6.048635179689902,39.01102470977775
1600,05/05/2023 11:22:09.646430,1782,True,True,True,True,Eyes,2.307974,0.04834315,-3.227349,0.5191846,0.3128058,0.7953615,0.0,0.0,0.0,0.0,0.0,0.0,0.0,-3.612109,-0.3781221,1.359025,2.339449,0.04794566,-3.092238,-0.06760102,0.2745001,-0.002654218,0.9592043,352.6327,32.09663,357.561,0.5722098,0.01203986,-0.8200187,0.0,0.0,0.0,3.244537,0.64944,-1.299618,-0.2000641,0.3319159,2.060163,0.8492853,-0.04220485,-0.5262445,-0.0320211,0.9908462,-0.1311435,0.5269622,0.1282292,0.8401595,moving,33.13512,21.4691,-5.546647,9.152357,-6.937689510115311,3.2972340833901104,40.59533540162389,6.018094684662099,38.589944358542
1601,05/05/2023 11:22:09.656112,1783,True,True,True,True,Eyes,2.309326,0.04845839,-3.220727,0.5140649,0.3122852,0.7988838,0.0,0.0,0.0,0.0,0.0,0.0,0.0,-3.596541,-0.3910468,1.378205,2.341531,0.04846534,-3.08259,-0.06906628,0.2705002,-0.003514185,0.9602329,352.4877,31.6328,357.4497,0.5731568,0.01205427,-0.8193568,0.0,0.0,0.0,3.234531,0.6531413,-1.286032,-0.1967945,0.3298422,2.059897,0.8536345,-0.04411376,-0.519001,-0.03061602,0.9904349,-0.1345406,0.5199718,0.1307382,0.844119,moving,32.76043,21.35062,-5.45725,9.09729,-6.954332860435579,3.30080319123488,40.133965175039705,5.986694949235179,38.16577628721051
1602,05/05/2023 11:22:09.676480,1784,True,True,True,True,Eyes,2.310697,0.04854657,-3.213988,0.5089519,0.311908,0.8022976,0.0,0.0,0.0,0.0,0.0,0.0,0.0,-3.582248,-0.4047394,1.393503,2.343725,0.04840648,-3.07291,-0.07222535,0.2668301,-0.003350926,0.9610275,352.1238,31.21393,357.3971,0.5741115,0.01207158,-0.8186879,0.0,0.0,0.0,3.224445,0.6637711,-1.274924,-0.1936418,0.3278431,2.05964,0.857581,-0.04498445,-0.512378,-0.03210313,0.9895445,-0.1406094,0.5133461,0.1370329,0.8471705,moving,32.38973,21.24451,-5.371008,9.044179,-6.971381108740951,3.3048993563000133,39.68275961691935,5.958231693696564,37.74927402822604
1603,05/05/2023 11:22:09.696245,1785,True,True,True,True,Eyes,2.312086,0.04863039,-3.20715,0.5037683,0.3114682,0.8057325,0.0,0.0,0.0,0.0,0.0,0.0,0.0,-3.568765,-0.4079403,1.409847,2.345843,0.04785269,-3.063478,-0.07301606,0.2633156,-0.003340361,0.9619369,352.0265,30.79872,357.4026,0.5750735,0.01209081,-0.818012,0.0,0.0,0.0,3.215646,0.6643916,-1.261595,-0.1904317,0.3258079,2.05938,0.8613076,-0.04487896,-0.5060981,-0.0320261,0.989315,-0.1422328,0.5070737,0.1387145,0.8506671,moving,32.01487,21.13477,-5.283139,8.990072,-6.9884928452342745,3.3089174085222104,39.225440276372744,5.931589098186461,37.32732980531161
1604,05/05/2023 11:22:09.706426,1786,True,True,True,True,Eyes,2.313493,0.04871519,-3.200219,0.4984531,0.3111158,0.8091671,0.0,0.0,0.0,0.0,0.0,0.0,0.0,-3.554174,-0.4050792,1.430556,2.34778,0.04785362,-3.054239,-0.0719327,0.25943,-0.003631117,0.9630725,352.1449,30.32871,357.4359,0.5760444,0.01211171,-0.8173284,0.0,0.0,0.0,3.206024,0.6579304,-1.245652,-0.1871472,0.3237253,2.059112,0.8653658,-0.04431706,-0.4991773,-0.03032894,0.989625,-0.1404369,0.5002221,0.1366688,0.8550436,moving,31.63339,21.0312,-5.193192,8.934678,-7.006331671826715,3.3134188609711672,38.76239139035682,5.906439687126846,36.898781896659436
1605,05/05/2023 11:22:09.726465,1787,True,True,True,True,Eyes,2.314927,0.04878616,-3.193203,0.4930839,0.3106431,0.812631,0.0,0.0,0.0,0.0,0.0,0.0,0.0,-3.538777,-0.405088,1.45243,2.34982,0.04800492,-3.045099,-0.07124715,0.255308,-0.004053845,0.9642227,352.2225,29.83484,357.4433,0.5770249,0.01213416,-0.8166361,0.0,0.0,0.0,3.195484,0.6532091,-1.22993,-0.1840027,0.3217312,2.058856,0.8696028,-0.04419755,-0.4917699,-0.02856232,0.9898148,-0.1394662,0.4929251,0.1353263,0.8594833,moving,31.24831,20.92027,-5.107031,8.881607,-7.024004362431372,3.3176381192232816,38.29673910470512,5.884941510204088,36.46884257768724
1606,05/05/2023 11:22:09.746609,1788,True,True,True,True,Eyes,2.316379,0.04884878,-3.186115,0.4876688,0.3099743,0.8161465,0.0,0.0,0.0,0.0,0.0,0.0,0.0,-3.524048,-0.4021547,1.473478,2.351998,0.04777371,-3.036051,-0.06948978,0.2513939,-0.004891768,0.9653746,352.4317,29.36228,357.4338,0.5780159,0.01215768,-0.8159347,0.0,0.0,0.0,3.186473,0.6435562,-1.213565,-0.1808403,0.3197257,2.058599,0.8735543,-0.0443834,-0.4846988,-0.02549385,0.9902945,-0.1366269,0.4860585,0.1317078,0.8639445,moving,30.85942,20.79689,-5.020335,8.828203,-7.04125698450227,3.3213216408820627,37.823356373595324,5.865992496657766,36.03316788894466
1607,05/05/2023 11:22:09.756022,1789,True,True,True,True,Eyes,2.317856,0.04892157,-3.178955,0.4822764,0.3091141,0.8196694,0.0,0.0,0.0,0.0,0.0,0.0,0.0,-3.510961,-0.3934766,1.492334,2.354135,0.04771589,-3.027292,-0.06583159,0.2479919,-0.006247871,0.9665026,352.8681,28.94282,357.4164,0.5790176,0.01218198,-0.8152238,0.0,0.0,0.0,3.180399,0.6259877,-1.196471,-0.1774307,0.3175641,2.058322,0.876922,-0.04472857,-0.4785471,-0.02057424,0.9912543,-0.1303516,0.4801923,0.1241539,0.8683324,moving,30.47167,20.66249,-4.926811,8.770613,-7.057862577356306,3.324415395803841,37.34259224652849,5.848286002693849,35.59164967944639
1608,05/05/2023 11:22:09.776193,1790,True,True,True,True,Eyes,2.319359,0.04898419,-3.171729,0.4768859,0.308359,0.8231006,0.0,0.0,0.0,0.0,0.0,0.0,0.0,-3.498732,-0.3895164,1.507404,2.35625,0.04807474,-3.018425,-0.06309592,0.244958,-0.007645743,0.9674483,353.2038,28.57404,357.3618,0.5800301,0.01220725,-0.8145033,0.0,0.0,0.0,3.17521,0.6126476,-1.180976,-0.174342,0.3156056,2.05807,0.8798743,-0.04570542,-0.4730035,-0.01611798,0.9919209,-0.1258299,0.4749331,0.1183383,0.8720289,moving,30.08703,20.53751,-4.842046,8.718405,-7.074772145080219,3.3279086831642,36.874538549177814,5.834596522532223,35.160849601309174
1609,05/05/2023 11:22:09.796130,1791,True,True,True,True,Eyes,2.32088,0.04902227,-3.164434,0.4714912,0.3074743,0.8265322,0.0,0.0,0.0,0.0,0.0,0.0,0.0,-3.486253,-0.3925387,1.520932,2.358351,0.04790187,-3.009513,-0.06251206,0.2418954,-0.008638139,0.9682481,353.2882,28.21292,357.2892,0.5810537,0.01223315,-0.8137729,0.0,0.0,0.0,3.169109,0.6075889,-1.16785,-0.1712329,0.3136341,2.057817,0.882824,-0.04697049,-0.4673496,-0.01351504,0.9920353,-0.1252334,0.4695095,0.1168753,0.8751577,moving,29.70238,20.40547,-4.756676,8.66582,-7.091312344851318,3.331043095101564,36.40392729546685,5.823261241584346,34.728311555137765
1610,05/05/2023 11:22:09.806029,1792,True,True,True,True,Eyes,2.322421,0.04904574,-3.157073,0.4661056,0.3065379,0.8299278,0.0,0.0,0.0,0.0,0.0,0.0,0.0,-3.472956,-0.3904362,1.537228,2.36038,0.04737908,-3.000549,-0.06050769,0.2385834,-0.009928307,0.9691843,353.5378,27.81569,357.2244,0.5820891,0.01225902,-0.8130322,0.0,0.0,0.0,3.162559,0.5962746,-1.152833,-0.1679938,0.3115799,2.057554,0.8859589,-0.04811697,-0.461261,-0.009627535,0.9924805,-0.1220237,0.463664,0.1125487,0.8788337,moving,29.31952,20.27196,-4.667696,8.611002,-7.10766633782145,3.3340568875272263,35.93200235038983,5.8137427677442695,34.29432589336695
1611,05/05/2023 11:22:09.826533,1793,True,True,True,True,Eyes,2.323979,0.04905361,-3.149659,0.4606937,0.3055192,0.8333182,0.0,0.0,0.0,0.0,0.0,0.0,0.0,-3.459159,-0.3876417,1.554678,2.362497,0.04707496,-2.991565,-0.05820182,0.2351063,-0.01130339,0.9701597,353.8221,27.39804,357.1577,0.5831357,0.01228449,-0.8122815,0.0,0.0,0.0,3.155393,0.5840452,-1.137238,-0.1649034,0.3096204,2.057302,0.8891945,-0.04929942,-0.4548655,-0.005435042,0.9929696,-0.1182451,0.4574971,0.1076151,0.8826752,moving,28.93568,20.13444,-4.582754,8.558682,-7.123869957574526,3.336891795625548,35.46101508821935,5.807268139869286,33.861559296752475
1612,05/05/2023 11:22:09.846550,1794,True,True,True,True,Eyes,2.32554,0.0490306,-3.142185,0.4552325,0.3045086,0.8366827,0.0,0.0,0.0,0.0,0.0,0.0,0.0,-3.445238,-0.3870676,1.572098,2.364561,0.04672784,-2.982892,-0.05668449,0.2315761,-0.01244471,0.9710843,354.0116,26.97785,357.0939,0.5841943,0.01230925,-0.8115201,0.0,0.0,0.0,3.147678,0.5750138,-1.122828,-0.1617149,0.3075985,2.057043,0.8924354,-0.05042326,-0.4483489,-0.002083813,0.993264,-0.1158546,0.4511705,0.104327,0.8863189,moving,28.55027,19.99885,-4.495074,8.504669,-7.140270472576836,3.339865088425481,34.98729707964159,5.802780697523247,33.425518811890726
1613,05/05/2023 11:22:09.856000,1795,True,True,True,True,Eyes,2.327123,0.04897589,-3.134671,0.4497544,0.3033824,0.8400477,0.0,0.0,0.0,0.0,0.0,0.0,0.0,-3.431627,-0.3824009,1.58961,2.366723,0.04592884,-2.974166,-0.05440627,0.2280854,-0.01358337,0.972025,354.2855,26.55838,357.049,0.5852646,0.01233258,-0.8107483,0.0,0.0,0.0,3.140509,0.5623133,-1.107837,-0.1582511,0.3054025,2.056762,0.8955851,-0.05122531,-0.4419315,0.001588199,0.9937109,-0.1119648,0.4448875,0.09957217,0.890034,moving,28.16422,19.85713,-4.399776,8.445971,-7.156388779663207,3.342542948125277,34.50548340787733,5.800335498715945,32.982019751515836
1614,05/05/2023 11:22:09.876218,1796,True,True,True,True,Eyes,2.328711,0.04888363,-3.12711,0.4442893,0.3023113,0.8433355,0.0,0.0,0.0,0.0,0.0,0.0,0.0,-3.418646,-0.376829,1.606208,2.368909,0.04514594,-2.965683,-0.05237231,0.2247143,-0.01438555,0.97291,354.5233,26.15318,357.0327,0.5863454,0.0123538,-0.8099666,0.0,0.0,0.0,3.13312,0.5510945,-1.093406,-0.1551949,0.3034646,2.056513,0.8985931,-0.05152931,-0.4357468,0.004454085,0.9941004,-0.1083724,0.4387604,0.0954418,0.8935212,moving,27.78133,19.72128,-4.315651,8.394141,-7.172621975107823,3.3454384766036966,34.037042574813725,5.801006836951387,32.55043370183398
1615,05/05/2023 11:22:09.896279,1797,True,True,True,True,Eyes,2.330322,0.04876895,-3.119512,0.4387941,0.3011263,0.8466302,0.0,0.0,0.0,0.0,0.0,0.0,0.0,-3.406065,-0.3696381,1.62198,2.371096,0.04410453,-2.957142,-0.0503611,0.2214388,-0.01495222,0.9737582,354.7526,25.75877,357.0399,0.587438,0.01237219,-0.8091744,0.0,0.0,0.0,3.125933,0.5398022,-1.079185,-0.1520696,0.3014824,2.056259,0.9014826,-0.0514235,-0.4297497,0.0068159,0.9944804,-0.1047011,0.4327617,0.09145705,0.8968573,moving,27.39695,19.57927,-4.22958,8.341105,-7.188623231827738,3.348058814870717,33.56387570600459,5.804002675280193,32.11467801592495
1616,05/05/2023 11:22:09.916237,1798,True,True,True,True,Eyes,2.331975,0.04864462,-3.111885,0.4331861,0.3002297,0.8498305,0.0,0.0,0.0,0.0,0.0,0.0,0.0,-3.392974,-0.3615492,1.638908,2.373331,0.04349061,-2.948631,-0.04826383,0.2179828,-0.01536159,0.9746375,354.987,25.34251,357.0663,0.5885409,0.01238745,-0.8083723,0.0,0.0,0.0,3.118067,0.5286062,-1.064773,-0.1487972,0.2994079,2.055992,0.9044951,-0.05098533,-0.4234256,0.008902588,0.9948692,-0.1007766,0.4263913,0.08738235,0.9003082,moving,27.00941,19.45739,-4.139419,8.285566,-7.20587212485268,3.351784065057912,33.091678705653734,5.809073846017079,31.676985387752325
1617,05/05/2023 11:22:09.926257,1799,True,True,True,True,Eyes,2.333662,0.04849973,-3.104223,0.427528,0.2993966,0.8529838,0.0,0.0,0.0,0.0,0.0,0.0,0.0,-3.379524,-0.3590411,1.655553,2.375799,0.04308089,-2.940182,-0.0479192,0.2143802,-0.01528686,0.9754544,355.0129,24.91645,357.1019,0.5896549,0.01239963,-0.8075598,0.0,0.0,0.0,3.109251,0.5249599,-1.051941,-0.1455438,0.2973449,2.055728,0.9076149,-0.05036912,-0.4167712,0.009277408,0.9949401,-0.1000404,0.4197013,0.08693159,0.9034898,moving,26.6207,19.34103,-4.049736,8.230306,-7.223481650417586,3.3558200736114734,32.62091096573288,5.816637731551137,31.23973814451551
1618,05/05/2023 11:22:09.946604,1800,True,True,True,True,Eyes,2.33541,0.04834337,-3.096536,0.4221129,0.2988483,0.8558682,0.0,0.0,0.0,0.0,0.0,0.0,0.0,-3.36629,-0.3586656,1.67107,2.378385,0.0424399,-2.931639,-0.04819299,0.2108479,-0.01512451,0.9762131,354.9678,24.50176,357.1314,0.5907801,0.01240852,-0.806737,0.0,0.0,0.0,3.100653,0.5236325,-1.039764,-0.1423312,0.2953081,2.055466,0.9106289,-0.04985226,-0.4102072,0.009206704,0.9948974,-0.1004712,0.4131227,0.0877153,0.9064412,moving,26.25244,19.24796,-3.961135,8.175719,-7.241064442119804,3.360517074092748,32.17848093124823,5.826157115332991,30.826637496213507
1619,05/05/2023 11:22:09.956363,1801,True,True,True,True,Eyes,2.337198,0.04816584,-3.088814,0.4166655,0.2984346,0.8586773,0.0,0.0,0.0,0.0,0.0,0.0,0.0,-3.353372,-0.3628919,1.685065,2.381169,0.04194122,-2.923101,-0.04892801,0.2074499,-0.01535756,0.9769006,354.881,24.10736,357.1049,0.5919171,0.01241413,-0.805903,0.0,0.0,0.0,3.093163,0.5239379,-1.028417,-0.1389688,0.2931757,2.055193,0.9134574,-0.05030584,-0.4038131,0.009705386,0.9947404,-0.1019675,0.4068187,0.08922376,0.9091411,moving,25.88457,19.16497,-3.868359,8.118534,-7.259151688128683,3.3657168408338105,31.737368075836677,5.838385564720054,30.41342474418583
1620,05/05/2023 11:22:09.976014,1802,True,True,True,True,Eyes,2.339037,0.04796246,-3.081064,0.4117743,0.2979398,0.8612049,0.0,0.0,0.0,0.0,0.0,0.0,0.0,-3.340654,-0.3712041,1.697547,2.383967,0.0412223,-2.914519,-0.05038373,0.2041748,-0.0157543,0.9775101,354.7174,23.73223,357.0426,0.5930656,0.01241623,-0.8050582,0.0,0.0,0.0,3.085895,0.5270637,-1.017834,-0.135985,0.2912837,2.05495,0.916129,-0.05137414,-0.3975783,0.0102258,0.9944265,-0.1049345,0.4007533,0.09206795,0.9115483,moving,25.55421,19.08341,-3.78599,8.067777,-7.275026145371875,3.3700286988466983,31.339934690912955,5.851684571531531,30.041820610048234
1621,05/05/2023 11:22:09.996487,1803,True,True,True,True,Eyes,2.340924,0.04772915,-3.073276,0.4068105,0.2975825,0.8636839,0.0,0.0,0.0,0.0,0.0,0.0,0.0,-3.328117,-0.377497,1.71011,2.386873,0.04036153,-2.905951,-0.05148258,0.2009048,-0.0161179,0.9781243,354.5926,23.35604,356.9934,0.5942262,0.0124145,-0.8042019,0.0,0.0,0.0,3.078865,0.5285646,-1.007015,-0.1328892,0.2893206,2.054698,0.9187549,-0.05221682,-0.3913602,0.01084443,0.9941795,-0.1071891,0.3946793,0.09423639,0.9139736,moving,25.22127,19.0114,-3.700494,8.015084,-7.2915584221042655,3.374892426069776,30.941677369586024,5.867462954844802,29.668235874140358
1622,05/05/2023 11:22:10.006282,1804,True,True,True,True,Eyes,2.342892,0.04745433,-3.065465,0.4021819,0.2971603,0.8659939,0.0,0.0,0.0,0.0,0.0,0.0,0.0,-3.314778,-0.3844074,1.723884,2.389975,0.03937944,-2.8972,-0.05295056,0.1973718,-0.01630417,0.9787619,354.4211,22.95037,356.9579,0.5953985,0.01240853,-0.8033345,0.0,0.0,0.0,3.070942,0.5314667,-0.9960986,-0.1296676,0.287278,2.054436,0.9215571,-0.05281769,-0.3846333,0.0110139,0.9938608,-0.1100879,0.3880866,0.09721601,0.9164812,moving,24.91094,18.93933,-3.611485,7.960225,-7.30670857503585,3.3791740472893337,30.562550195977593,5.885635488274145,29.312706249675735
1623,05/05/2023 11:22:10.026217,1805,True,True,True,True,Eyes,2.344906,0.04714521,-3.05762,0.3974599,0.2968078,0.8682919,0.0,0.0,0.0,0.0,0.0,0.0,0.0,-3.300761,-0.392827,1.738612,2.393142,0.03810546,-2.888516,-0.05457784,0.1936641,-0.01666309,0.9794069,354.2347,22.52637,356.9015,0.5965832,0.01239765,-0.8024552,0.0,0.0,0.0,3.062457,0.5346837,-0.9852359,-0.1265199,0.285282,2.05418,0.9244332,-0.05377942,-0.377533,0.01150035,0.9934872,-0.1133619,0.3811707,0.1004537,0.919031,moving,24.5959,18.87195,-3.524476,7.906596,-7.322391768440919,3.3838148672764694,30.182686009145904,5.905904956794694,28.955984639828486
1624,05/05/2023 11:22:10.046419,1806,True,True,True,True,Eyes,2.347016,0.04682036,-3.049741,0.3928843,0.2964004,0.8705107,0.0,0.0,0.0,0.0,0.0,0.0,0.0,-3.286461,-0.39752,1.754521,2.396363,0.03695673,-2.879804,-0.05519998,0.1898558,-0.01717044,0.9801086,354.1638,22.08632,356.8528,0.5977811,0.01238144,-0.8015635,0.0,0.0,0.0,3.053893,0.533893,-0.9733089,-0.1233054,0.2832437,2.053919,0.92732,-0.05461786,-0.3702629,0.01269773,0.9933163,-0.1147238,0.3740542,0.1016841,0.9218155,moving,24.2909,18.80321,-3.435583,7.851796,-7.337391353673139,3.3881293764821243,29.810926321546688,5.9286109802129,28.607005778250464
1625,05/05/2023 11:22:10.056386,1807,True,True,True,True,Eyes,2.349194,0.04646166,-3.041816,0.3881493,0.2962478,0.872684,0.0,0.0,0.0,0.0,0.0,0.0,0.0,-3.270943,-0.4028664,1.772374,2.399988,0.03637614,-2.870786,-0.05672438,0.1855876,-0.01694412,0.9808428,353.9736,21.59359,356.8704,0.5989933,0.01235998,-0.8006584,0.0,0.0,0.0,3.043577,0.5375034,-0.9615036,-0.1197544,0.2809923,2.05363,0.9305403,-0.0542937,-0.3621421,0.01218435,0.9929905,-0.1175646,0.3659867,0.1049862,0.9246792,moving,23.97837,18.75068,-3.337338,7.791234,-7.353699673867116,3.393461311112918,29.43225034155866,5.95580101400557,28.249598462750473
1626,05/05/2023 11:22:10.076326,1808,True,True,True,True,Eyes,2.351475,0.04606226,-3.033853,0.3834748,0.2960429,0.8748175,0.0,0.0,0.0,0.0,0.0,0.0,0.0,-3.256038,-0.4092406,1.788877,2.403877,0.03515944,-2.861728,-0.05959101,0.181363,-0.01590467,0.9814802,353.6152,21.10866,356.9524,0.600219,0.01233291,-0.7997403,0.0,0.0,0.0,3.032337,0.5467361,-0.9508725,-0.1168889,0.2791752,2.053397,0.933709,-0.05283545,-0.3541129,0.009605024,0.9923919,-0.1227438,0.357904,0.1112058,0.9271128,moving,23.67016,18.69609,-3.258026,7.742334,-7.369636564222109,3.398577819204104,29.070809616488702,5.981100165523513,27.9092359575094
1627,05/05/2023 11:22:10.096374,1809,True,True,True,True,Eyes,2.353829,0.04563483,-3.025842,0.3786414,0.295951,0.8769514,0.0,0.0,0.0,0.0,0.0,0.0,0.0,-3.241154,-0.4088821,1.806303,2.407758,0.03368717,-2.852465,-0.06132593,0.177091,-0.01465822,0.9821727,353.3806,20.61045,357.0851,0.6014603,0.01229969,-0.7988077,0.0,0.0,0.0,3.021175,0.5510036,-0.9390509,-0.1136286,0.277108,2.053132,0.9368478,-0.05051434,-0.3460701,0.007073261,0.9920486,-0.125657,0.3496658,0.1152736,0.9297557,moving,23.35324,18.64836,-3.167748,7.686671,-7.386464172679078,3.4042663527692785,28.69706309413674,6.011368871417498,27.556283992712732
1628,05/05/2023 11:22:10.106497,1810,True,True,True,True,Eyes,2.415422,0.03418925,-2.824731,0.254929,0.2868187,0.9234425,0.0,0.0,0.0,0.0,0.0,0.0,0.0,-3.227479,-0.402058,1.823325,2.41194,0.03258104,-2.843285,-0.06235527,0.1729586,-0.01279566,0.98287,353.2148,20.12057,357.3031,0.6027171,0.01226018,-0.7978604,0.0,0.0,0.0,3.010441,0.5530834,-0.9267901,-0.1103562,0.275033,2.052866,0.9398432,-0.0467227,-0.3383958,0.003583178,0.9918962,-0.1270005,0.3415874,0.118148,0.9323943,moving,15.4329,17.25465,-3.077094,7.630772,-7.7964870860656035,3.53621447072335,20.862380152775476,6.248045491300454,20.20926020588288
1629,05/05/2023 11:22:10.126610,1811,True,True,True,True,Eyes,2.4156,0.03414667,-2.824366,0.2545578,0.2869093,0.9235169,0.0,0.0,0.0,0.0,0.0,0.0,0.0,-3.21476,-0.393146,1.839618,2.416534,0.03142738,-2.834222,-0.06366555,0.1689098,-0.01033412,0.983519,353.0074,19.63746,357.5844,0.6086416,0.01187492,-0.793356,0.1847799,-0.03433676,0.6033354,2.999904,0.5565094,-0.91507,-0.1071264,0.2729847,2.052603,0.9427254,-0.04183507,-0.330936,-0.001179864,0.9916798,-0.1287236,0.3335677,0.1217415,0.9348324,moving,15.41031,17.25847,-2.987585,7.575563,-7.798065032098517,3.5369873300328782,20.790411934391155,6.280988105486981,20.139779112656775
1630,05/05/2023 11:22:10.147541,1812,True,True,True,True,Eyes,2.415976,0.03404408,-2.823662,0.2539984,0.2868327,0.9236947,0.0,0.0,0.0,0.0,0.0,0.0,0.0,-3.20081,-0.3838525,1.857741,2.421084,0.0303595,-2.825094,-0.06456283,0.1645956,-0.008106709,0.9842126,352.8528,19.12234,357.8508,0.6135671,0.01155491,-0.7895576,0.1736931,-0.03227655,0.5671353,2.988406,0.5582787,-0.9026408,-0.1039876,0.2709948,2.052347,0.9456851,-0.03721097,-0.3229473,-0.005296065,0.9915318,-0.1297558,0.3250409,0.1244184,0.9374799,moving,15.37524,17.25101,-2.900563,7.521901,-7.799813004825332,3.5375060121031145,20.704118846951445,6.3149072858878,20.057158977199865
1631,05/05/2023 11:22:10.156042,1813,True,True,True,True,Eyes,2.416515,0.03391777,-2.822626,0.2530718,0.2865147,0.9240476,0.0,0.0,0.0,0.0,0.0,0.0,0.0,-3.185787,-0.3782254,1.877079,2.425811,0.02885849,-2.816084,-0.06565943,0.1600434,-0.006404975,0.984903,352.6872,18.58359,358.0568,0.6176878,0.0112866,-0.7863421,0.1632715,-0.03033996,0.5331072,2.976909,0.5598443,-0.8905689,-0.1004447,0.268748,2.052059,0.9486901,-0.03363328,-0.3144134,-0.008400159,0.9912956,-0.1313865,0.3160956,0.1272862,0.9401498,moving,15.3162,17.22683,-2.80229,7.461277,-7.802146695033322,3.537788057250688,20.582655447631364,6.355496239849855,19.941688129194233
1632,05/05/2023 11:22:10.176376,1814,True,True,True,True,Eyes,2.417245,0.03398174,-2.821302,0.2519245,0.2854806,0.9246809,0.0,0.0,0.0,0.0,0.0,0.0,0.0,-3.168562,-0.3578432,1.902439,2.430349,0.02822853,-2.807084,-0.06230612,0.1550056,-0.005634152,0.9859308,353.0437,17.9763,358.2436,0.621159,0.01105984,-0.7836062,0.1534752,-0.02851956,0.5011207,2.963754,0.5446132,-0.8732582,-0.09768754,0.267,2.051835,0.951883,-0.03042536,-0.3049475,-0.008205832,0.9921724,-0.1246057,0.3063517,0.1211124,0.9441825,moving,15.24005,17.15725,-2.725785,7.414092,-7.803144743140309,3.5361988690494197,20.437718929963513,6.388868217167695,19.805777305662097
1633,05/05/2023 11:22:10.196526,1815,True,True,True,True,Eyes,2.418149,0.03419766,-2.819627,0.2503331,0.2855057,0.9251053,0.0,0.0,0.0,0.0,0.0,0.0,0.0,-3.148321,-0.3349783,1.933644,2.435043,0.03304618,-2.798676,-0.05605085,0.1492513,-0.005877156,0.987192,353.7474,17.28383,358.3666,0.624145,0.01086918,-0.7812326,0.1442667,-0.02680839,0.4710535,2.949334,0.5224425,-0.8534047,-0.09447458,0.2649625,2.051573,0.955379,-0.02833509,-0.2940205,-0.005127558,0.9936475,-0.1124202,0.2953381,0.1089115,0.9491647,moving,15.14159,17.15126,-2.636598,7.359066,-7.808835894716224,3.5384157787642025,20.296576851700387,6.430350919861813,19.671113921156568
1634,05/05/2023 11:22:10.206454,1816,True,True,True,True,Eyes,2.419216,0.03432624,-2.817647,0.248545,0.2858356,0.9254855,0.0,0.0,0.0,0.0,0.0,0.0,0.0,-3.128253,-0.3888354,1.94795,2.44021,0.03668338,-2.788494,-0.06906601,0.1437367,-0.00368428,0.9871961,352.2238,16.67486,358.431,0.6268619,0.01070344,-0.7790565,0.1356107,-0.02519988,0.4427903,2.932681,0.5770667,-0.8518142,-0.09118164,0.2628744,2.051306,0.9586523,-0.02712886,-0.2832837,-0.01258043,0.9904326,-0.1374225,0.2843015,0.1353042,0.9491393,moving,15.03245,17.16327,-2.545153,7.30264,-7.816121703725307,3.541821841641545,20.15450697046467,6.475095697817163,19.535029110639606
1635,05/05/2023 11:22:10.226149,1817,True,True,True,True,Eyes,2.420415,0.03451368,-2.815399,0.2463921,0.2853757,0.9262028,0.0,0.0,0.0,0.0,0.0,0.0,0.0,-3.110414,-0.4019703,1.966242,2.444965,0.03466875,-2.779084,-0.0745941,0.1386287,-0.00157467,0.9875299,351.5532,16.08363,358.6217,0.6293446,0.01055783,-0.7770543,0.1274741,-0.02368789,0.4162229,2.917823,0.5959961,-0.8441678,-0.08800012,0.2608571,2.051047,0.9615592,-0.02379183,-0.2735651,-0.0175717,0.9888665,-0.1477644,0.2740349,0.1468912,0.9504356,moving,14.89703,17.12478,-2.456767,7.248104,-7.82236388270101,3.54333209036254,19.967548650903172,6.520350052726433,19.358112936241742
1636,05/05/2023 11:22:10.246396,1818,True,True,True,True,Eyes,2.421749,0.03485128,-2.812854,0.2440438,0.2850649,0.9269201,0.0,0.0,0.0,0.0,0.0,0.0,0.0,-3.089716,-0.3511228,2.001695,2.449412,0.03645543,-2.770463,-0.06428912,0.1327718,-0.0007991691,0.9890593,352.7061,15.36009,358.9225,0.6316231,0.01043199,-0.7752051,0.1198256,-0.02226662,0.3912495,2.902295,0.5551768,-0.8196073,-0.08492941,0.2589101,2.050797,0.9647421,-0.01865241,-0.2625355,-0.01549071,0.9917325,-0.1273837,0.2627411,0.1269593,0.9564772,moving,14.75035,17.09475,-2.371428,7.19544,-7.829736151455516,3.545561060969161,19.777553447213435,6.566181854458999,19.178111228053574
1637,05/05/2023 11:22:10.256312,1819,True,True,True,True,Eyes,2.423189,0.03526311,-2.810053,0.2413917,0.284844,0.927682,0.0,0.0,0.0,0.0,0.0,0.0,0.0,-3.070668,-0.3667571,2.020584,2.454118,0.04041822,-2.760787,-0.06828595,0.1275365,0.0006506298,0.9894803,352.224,14.75239,359.0672,0.6337247,0.01032803,-0.7734894,0.1126361,-0.02093062,0.3677745,2.887649,0.5736242,-0.8101297,-0.08167258,0.2568449,2.050532,0.967468,-0.01613033,-0.2524785,-0.01870547,0.9906732,-0.1349692,0.2523009,0.1353011,0.9581429,moving,14.58546,17.06906,-2.280882,7.139553,-7.838446481386025,3.548477168414517,19.572138404477244,6.616823149590813,18.983354752788244
1638,05/05/2023 11:22:10.276156,1820,True,True,True,True,Eyes,2.424729,0.03581194,-2.80701,0.2385681,0.283978,0.9286774,0.0,0.0,0.0,0.0,0.0,0.0,0.0,-3.051201,-0.3731092,2.041652,2.458232,0.0425967,-2.751847,-0.06919686,0.1224034,0.0008106547,0.990065,352.1132,14.15677,359.113,0.6356728,0.01024582,-0.7718903,0.1058779,-0.01967478,0.3457081,2.873975,0.5775861,-0.7984537,-0.07859206,0.2548915,2.050282,0.9700335,-0.01533466,-0.2424868,-0.01854506,0.9904222,-0.1368203,0.2422624,0.1372172,0.9604584,moving,14.4072,17.00298,-2.195206,7.086667,-7.845855615362835,3.549681110287068,19.338385364419775,6.666341594880098,18.762914737507543
1639,05/05/2023 11:22:10.296269,1821,True,True,True,True,Eyes,2.426351,0.03645512,-2.803699,0.2355085,0.283649,0.9295585,0.0,0.0,0.0,0.0,0.0,0.0,0.0,-3.028618,-0.3641401,2.069522,2.462107,0.04663048,-2.742973,-0.06323565,0.1168343,-0.001889269,0.9911346,352.8245,13.513,358.9304,0.637488,0.01018692,-0.7703927,0.09952523,-0.0184943,0.3249656,2.861205,0.5549636,-0.7796678,-0.07544205,0.2528945,2.050025,0.9726923,-0.01852123,-0.2313582,-0.01103115,0.9919953,-0.1257915,0.231836,0.1249086,0.964702,moving,14.21703,16.96924,-2.107565,7.032571,-7.855685908990755,3.5528351603876667,19.11098617888637,6.719334453490111,18.547631742614396
1640,05/05/2023 11:22:10.306422,1822,True,True,True,True,Eyes,2.428043,0.03705831,-2.800167,0.2323665,0.2830598,0.9305283,0.0,0.0,0.0,0.0,0.0,0.0,0.0,-3.00814,-0.4106177,2.08215,2.465788,0.04941557,-2.733187,-0.06981783,0.1120249,-0.003990229,0.9912417,352.0957,12.98996,358.6374,0.6391889,0.0101516,-0.7689825,0.09355371,-0.01738464,0.3054677,2.849866,0.5813571,-0.7738133,-0.07216322,0.2508151,2.049758,0.974869,-0.02355323,-0.2215303,-0.007732109,0.9902191,-0.1393067,0.2226447,0.1375187,0.9651517,moving,14.02085,16.91937,-2.016307,6.97622,-7.865037462013414,3.5553226210051667,18.86946307039893,6.775705638152927,18.31933452028557
1641,05/05/2023 11:22:10.326295,1823,True,True,True,True,Eyes,2.429773,0.0376154,-2.796402,0.2289796,0.2822232,0.9316214,0.0,0.0,0.0,0.0,0.0,0.0,0.0,-2.986805,-0.4230784,2.102239,2.46888,0.04915311,-2.724266,-0.06914441,0.1070966,-0.006807585,0.9918182,352.201,12.43749,358.3624,0.6407913,0.01013647,-0.7676479,0.08794049,-0.01634156,0.2871396,2.838472,0.5756292,-0.7612714,-0.06899926,0.2488089,2.049501,0.9769679,-0.02831404,-0.2114993,-0.001306492,0.9903455,-0.1386155,0.2133821,0.1356992,0.9674988,moving,13.80878,16.85354,-1.928212,6.921821,-7.874521762528965,3.557405171736372,18.608921502951883,6.832122192804963,18.073396061172687
1642,05/05/2023 11:22:10.346527,1824,True,True,True,True,Eyes,2.431507,0.03810409,-2.792415,0.2253818,0.281164,0.9328182,0.0,0.0,0.0,0.0,0.0,0.0,0.0,-2.96353,-0.4190891,2.127003,2.471645,0.04866024,-2.714938,-0.0656032,0.1017264,-0.009207149,0.9926044,352.625,11.82076,358.1726,0.642309,0.01013834,-0.7663784,0.08266407,-0.01536107,0.2699112,2.824768,0.5583899,-0.7451447,-0.0657821,0.2467692,2.049239,0.9791339,-0.03162526,-0.2007401,0.004930957,0.9912229,-0.1321092,0.2031561,0.1283628,0.970696,moving,13.58313,16.77352,-1.838606,6.866489,-7.884090680572292,3.559113689500797,18.32973552696975,6.891053364147891,17.81000590427131
1643,05/05/2023 11:22:10.356050,1825,True,True,True,True,Eyes,2.433254,0.0385424,-2.788235,0.2214481,0.2797212,0.9341931,0.0,0.0,0.0,0.0,0.0,0.0,0.0,-2.938683,-0.4174735,2.152716,2.474107,0.04761212,-2.705708,-0.06384014,0.09599173,-0.01056982,0.9932765,352.8312,11.16034,358.0793,0.6437535,0.0101537,-0.7651653,0.07770422,-0.0144394,0.2537166,2.808277,0.5481123,-0.7308675,-0.06262872,0.2447695,2.048983,0.9813477,-0.03325375,-0.1893431,0.00874125,0.9916254,-0.128851,0.1920422,0.1247926,0.9734201,moving,13.33567,16.66904,-1.750744,6.812216,-7.893707965004589,3.560136529515489,18.021011812502984,6.950685373234191,17.518992838303756
1644,05/05/2023 11:22:10.376367,1826,True,True,True,True,Eyes,2.435008,0.03900205,-2.783853,0.2171766,0.2780874,0.9356825,0.0,0.0,0.0,0.0,0.0,0.0,0.0,-2.910473,-0.3960087,2.186272,2.476284,0.04693814,-2.6969,-0.05813711,0.08946513,-0.0117251,0.9942228,353.4826,10.39456,358.0552,0.6451359,0.01017993,-0.7639998,0.07304197,-0.01357304,0.2384936,2.788272,0.5224714,-0.7129136,-0.05936575,0.2427003,2.048718,0.983717,-0.03371722,-0.1765332,0.01291224,0.9929652,-0.1177004,0.1792598,0.1135045,0.9772321,moving,13.06726,16.55209,-1.659797,6.756028,-7.903949498081663,3.561061579907941,17.68753907668031,7.01407519526383,17.204513427427347
1645,05/05/2023 11:22:10.396289,1827,True,True,True,True,Eyes,2.436771,0.03949536,-2.779262,0.2125837,0.2767367,0.9371365,0.0,0.0,0.0,0.0,0.0,0.0,0.0,-2.880754,-0.3874409,2.217991,2.478406,0.04802873,-2.687664,-0.05520012,0.08271256,-0.01248528,0.9949653,353.8127,9.61013,358.0415,0.6464646,0.01021654,-0.7628753,0.06865945,-0.01275866,0.2241839,2.766778,0.5098565,-0.6974826,-0.05617949,0.2406799,2.048458,0.9860055,-0.03397631,-0.1632138,0.01571334,0.9935942,-0.1119098,0.1659706,0.107779,0.9802232,moving,12.7809,16.45189,-1.570958,6.701142,-7.916163578487925,3.563298386344734,17.35087647963837,7.078678999434246,16.886572046185258
1646,05/05/2023 11:22:10.406672,1828,True,True,True,True,Eyes,2.438509,0.03998945,-2.774469,0.2077145,0.2757772,0.9385103,0.0,0.0,0.0,0.0,0.0,0.0,0.0,-2.852517,-0.402052,2.242467,2.480503,0.04928361,-2.678029,-0.05783451,0.07639574,-0.01247758,0.9953207,353.499,8.888571,358.0577,0.6477482,0.01026348,-0.761785,0.06453988,-0.01199314,0.2107329,2.746634,0.5197957,-0.6874253,-0.05275348,0.2385078,2.048179,0.988016,-0.033675,-0.1506332,0.01600176,0.992999,-0.1170342,0.1535198,0.1132213,0.9816377,moving,12.47973,16.3752,-1.4754,6.642104,-7.930512954645064,3.567110402769617,17.0140768501296,7.150109711062787,16.568044952349627
1647,05/05/2023 11:22:10.426691,1829,True,True,True,True,Eyes,2.440229,0.04046183,-2.769481,0.2025589,0.275065,0.9398453,0.0,0.0,0.0,0.0,0.0,0.0,0.0,-2.826141,-0.41242,2.264373,2.482249,0.04976018,-2.668429,-0.06073706,0.07049293,-0.01157755,0.9955943,353.1479,8.209378,358.1752,0.6489939,0.01031981,-0.7607232,0.06066748,-0.01127355,0.1980889,2.726671,0.53053,-0.6780292,-0.04985514,0.2366699,2.047944,0.9897934,-0.03161616,-0.1389583,0.01449002,0.9923539,-0.1225712,0.1417711,0.1193067,0.9826835,moving,12.16256,16.3132,-1.394533,6.592124,-7.94660799413257,3.5720794456355143,16.682148818675156,7.21459325527669,16.25406618462083
1648,05/05/2023 11:22:10.446502,1830,True,True,True,True,Eyes,2.441902,0.0409104,-2.764315,0.1971393,0.2745863,0.9411367,0.0,0.0,0.0,0.0,0.0,0.0,0.0,-2.799801,-0.4169717,2.286289,2.483666,0.04967693,-2.658721,-0.06323786,0.06461259,-0.01004269,0.9958542,352.8392,7.526294,358.3728,0.6502076,0.01038404,-0.7596853,0.05702744,-0.01059714,0.1862036,2.706312,0.5389526,-0.6684266,-0.04664487,0.2346345,2.047683,0.9914487,-0.02817403,-0.1274193,0.01183018,0.9918003,-0.1272491,0.1299596,0.1246536,0.9836524,moving,11.83066,16.26515,-1.304934,6.536747,-7.964332460348746,3.57813534689852,16.345814591608608,7.287041290370402,15.935830230245617
1649,05/05/2023 11:22:10.456126,1831,True,True,True,True,Eyes,2.443521,0.04133685,-2.758985,0.1913699,0.2739786,0.9425038,0.0,0.0,0.0,0.0,0.0,0.0,0.0,-2.769864,-0.4168794,2.312481,2.484469,0.04955631,-2.649238,-0.06424145,0.05814483,-0.008979002,0.9961985,352.7066,6.77413,358.5349,0.6513951,0.01045487,-0.7586663,0.05360579,-0.009961309,0.1750314,2.683496,0.5410933,-0.657614,-0.04324406,0.2324778,2.047406,0.9930771,-0.02536035,-0.114694,0.01041912,0.9915848,-0.1290386,0.1170013,0.1269503,0.9849844,moving,11.47755,16.20874,-1.209987,6.478045,-7.98291241626564,3.5843091867622965,15.98937210491375,7.365203707373719,15.598697547084539
1650,05/05/2023 11:22:10.476089,1832,True,True,True,True,Eyes,2.445066,0.04174847,-2.753495,0.1853375,0.2733043,0.943904,0.0,0.0,0.0,0.0,0.0,0.0,0.0,-2.73515,-0.4064889,2.345327,2.484946,0.04949232,-2.639968,-0.06207988,0.05083656,-0.008878175,0.9967362,352.9433,5.92494,358.6137,0.6525595,0.01053103,-0.757664,0.05038944,-0.009363631,0.1645295,2.657327,0.5306734,-0.6438818,-0.04017662,0.2305327,2.047157,0.9946736,-0.02401025,-0.1002389,0.01138654,0.9921345,-0.1246572,0.1024436,0.1228519,0.9871234,moving,11.10882,16.1482,-1.124318,6.425078,-8.0022286011496,3.59067297611689,15.626540460189133,7.439052767444244,15.255684361973076
1651,05/05/2023 11:22:10.496362,1833,True,True,True,True,Eyes,2.44654,0.04212225,-2.747862,0.1789641,0.2724572,0.9453776,0.0,0.0,0.0,0.0,0.0,0.0,0.0,-2.698279,-0.4013544,2.378274,2.485055,0.04959995,-2.630593,-0.06026817,0.04329922,-0.009432844,0.9971981,353.1436,5.055634,358.613,0.6537047,0.01061169,-0.7566751,0.04736608,-0.008801813,0.1546577,2.630399,0.5216677,-0.6307416,-0.03699729,0.2285171,2.046898,0.9960724,-0.02403196,-0.08521879,0.0135937,0.9925575,-0.1210155,0.0874928,0.1193817,0.9889858,moving,10.71949,16.07695,-1.035497,6.370162,-8.022239920684992,3.5970195407062806,15.244718844475715,7.516973841864789,14.894764539229671
1652,05/05/2023 11:22:10.506448,1834,True,True,True,True,Eyes,2.447922,0.04247955,-2.742094,0.1723773,0.2713227,0.9469267,0.0,0.0,0.0,0.0,0.0,0.0,0.0,-2.660879,-0.389481,2.412019,2.48498,0.04911456,-2.621501,-0.05742408,0.03571938,-0.009818674,0.9976625,353.4611,4.179047,358.6334,0.6548336,0.01069544,-0.7556972,0.04452411,-0.008273704,0.1453783,2.603127,0.5078196,-0.6173366,-0.03362615,0.226379,2.046623,0.9972554,-0.02369375,-0.07014409,0.01548914,0.9932121,-0.1152811,0.07239942,0.1138783,0.9908532,moving,10.31708,15.98858,-0.9412885,6.311884,-8.04215181679658,3.6028302223970146,14.845514701693851,7.600081066263196,14.517342938251128
1653,05/05/2023 11:22:10.526315,1835,True,True,True,True,Eyes,2.449224,0.04283058,-2.736189,0.1654877,0.2701012,0.9485037,0.0,0.0,0.0,0.0,0.0,0.0,0.0,-2.623504,-0.3688073,2.445712,2.484559,0.04916706,-2.612441,-0.05288965,0.02825209,-0.01008697,0.9981498,353.972,3.312747,358.6675,0.655948,0.01078159,-0.7547287,0.04185266,-0.007777282,0.1366556,2.575499,0.4879065,-0.6029155,-0.03056293,0.2244368,2.046374,0.9982002,-0.02312509,-0.05533264,0.01714812,0.9942018,-0.1061535,0.05746662,0.1050136,0.9928091,moving,9.89691,15.89513,-0.8556581,6.258918,-8.06288067550502,3.6088373350308736,14.438639217532987,7.678996339607959,14.132626927949081
1654,05/05/2023 11:22:10.546357,1836,True,True,True,True,Eyes,2.450427,0.0431494,-2.730162,0.1584968,0.2688538,0.9500507,0.0,0.0,0.0,0.0,0.0,0.0,0.0,-2.586592,-0.3601977,2.475776,2.48404,0.04940223,-2.603224,-0.05094507,0.02097973,-0.01016782,0.9984294,354.1858,2.473169,358.7075,0.6570504,0.01086977,-0.753768,0.03934151,-0.007310645,0.1284562,2.548631,0.4784713,-0.5911372,-0.02731638,0.2223782,2.04611,0.9989129,-0.02244132,-0.04085754,0.01816607,0.9946024,-0.1021567,0.04292955,0.1013035,0.9939289,moving,9.471416,15.80093,-0.7648757,6.202754,-8.08389494034442,3.614942646715619,14.032343008010631,7.763041300979877,13.748414391583271
1655,05/05/2023 11:22:10.556404,1837,True,True,True,True,Eyes,2.451537,0.04342373,-2.724018,0.1512018,0.2674588,0.9516322,0.0,0.0,0.0,0.0,0.0,0.0,0.0,-2.549499,-0.347623,2.505459,2.48312,0.04901613,-2.594189,-0.04880604,0.01376106,-0.009799019,0.9986656,354.4214,1.637578,358.7959,0.6581422,0.01095902,-0.7528135,0.03698102,-0.006872006,0.1207489,2.521238,0.4676487,-0.5797611,-0.02410063,0.2203392,2.045849,0.9994292,-0.02091512,-0.02652888,0.01822863,0.9950439,-0.09775148,0.02844189,0.09721211,0.9948572,moving,9.028079,15.69816,-0.6749278,6.147097,-8.105548337200922,3.621068983992216,13.615107248597612,7.84824433268539,13.353730901461864
1656,05/05/2023 11:22:10.576195,1838,True,True,True,True,Eyes,2.452545,0.04365063,-2.717763,0.1438368,0.266008,0.9531792,0.0,0.0,0.0,0.0,0.0,0.0,0.0,-2.511862,-0.3290765,2.535505,2.482116,0.04827836,-2.585207,-0.04604398,0.00646206,-0.00895183,0.9988785,354.7289,0.7902659,358.9367,0.6592243,0.01104801,-0.7518647,0.03476216,-0.006459686,0.1135039,2.493113,0.453924,-0.5683178,-0.02087595,0.2182946,2.045586,0.9997562,-0.01847866,-0.01208527,0.0172885,0.9955996,-0.09210037,0.01373398,0.09186897,0.9956764,moving,8.581313,15.59306,-0.584704,6.091261,-8.127288764930368,3.627164616169498,13.202274496490746,7.934882225021758,12.963106889366887
1657,05/05/2023 11:22:10.596035,1839,True,True,True,True,Eyes,2.453453,0.04382141,-2.711413,0.1361862,0.2643593,0.9547604,0.0,0.0,0.0,0.0,0.0,0.0,0.0,-2.474485,-0.3093281,2.564124,2.480803,0.0474029,-2.57621,-0.04342666,-0.000689522,-0.007757903,0.9990264,355.0216,359.9595,359.1119,0.6602983,0.0111356,-0.7509204,0.03267642,-0.006072105,0.1066937,2.464946,0.4406635,-0.5573974,-0.01778583,0.216335,2.045335,0.9998787,-0.01544081,0.002051501,0.01556058,0.9961079,-0.08675802,-0.0007039018,0.08677943,0.9962273,moving,8.117859,15.47664,-0.4982203,6.037724,-8.149453768265474,3.633111805443,12.780060945040304,8.020195346256719,12.563315757112592
1658,05/05/2023 11:22:10.606158,1840,True,True,True,True,Eyes,2.454251,0.04392754,-2.704973,0.1285495,0.2627255,0.956269,0.0,0.0,0.0,0.0,0.0,0.0,0.0,-2.436782,-0.2844633,2.592892,2.479418,0.04629897,-2.567539,-0.03996393,-0.007841336,-0.006454307,0.9991496,355.4137,359.1289,359.2946,0.6613652,0.01122046,-0.7499798,0.03071584,-0.005707779,0.1002921,2.436707,0.4236321,-0.546577,-0.0146227,0.2143295,2.045078,0.9997937,-0.01227089,0.01618521,0.01352438,0.9967225,-0.07975866,-0.01515345,0.07996111,0.9966828,moving,7.656268,15.36241,-0.4096688,5.982907,-8.171619914092528,3.639122684304321,12.370707861258515,8.108095338367901,12.175632056424455
1659,05/05/2023 11:22:10.626414,1841,True,True,True,True,Eyes,2.454936,0.04395294,-2.698459,0.1206606,0.2609036,0.9577945,0.0,0.0,0.0,0.0,0.0,0.0,0.0,-2.39881,-0.2638263,2.620031,2.477591,0.04488458,-2.558904,-0.03697259,-0.01486578,-0.005595486,0.9991901,355.7533,358.3167,359.4207,0.6624249,0.01130112,-0.7490428,0.0,0.0,0.0,2.40884,0.4081549,-0.5365744,-0.0114636,0.2123262,2.044821,0.9994954,-0.01008265,0.03012124,0.01228116,0.9972034,-0.07371891,-0.02929372,0.07405165,0.996824,moving,7.180154,15.23769,-0.3212062,5.928124,-8.19412208857494,3.644971894327902,11.955685842246778,8.197291511603737,11.782236119664063
1660,05/05/2023 11:22:10.646217,1842,True,True,True,True,Eyes,2.455503,0.0439348,-2.691876,0.1128029,0.2589533,0.9592803,0.0,0.0,0.0,0.0,0.0,0.0,0.0,-2.360462,-0.2424717,2.646801,2.475667,0.04303591,-2.550559,-0.03355207,-0.02186537,-0.005146878,0.9991846,356.1425,357.5098,359.4936,0.6634775,0.01137585,-0.7481093,0.0,0.0,0.0,2.381317,0.3904265,-0.5269729,-0.008199178,0.2102564,2.044555,0.9989908,-0.008818104,0.04404045,0.01175262,0.9976955,-0.06682433,-0.0433497,0.06727449,0.9967924,moving,6.706679,15.10666,-0.2297692,5.871499,-8.216132636704563,3.650432538022982,11.550000533645193,8.289459401652838,11.397357193361993
1661,05/05/2023 11:22:10.656476,1843,True,True,True,True,Eyes,2.455945,0.04387275,-2.685216,0.1047405,0.2570212,0.960713,0.0,0.0,0.0,0.0,0.0,0.0,0.0,-2.321003,-0.2185483,2.673469,2.473326,0.04201267,-2.542273,-0.02913024,-0.0289246,-0.005099494,0.9991441,356.646,356.6979,359.5118,0.6645235,0.0114441,-0.7471794,0.0,0.0,0.0,2.353337,0.369469,-0.5172172,-0.004918002,0.2081762,2.044288,0.9982747,-0.008505098,0.05809679,0.01187542,0.9982508,-0.05791562,-0.05750258,0.05850562,0.9966296,moving,6.222023,14.97768,-0.1378378,5.814564,-8.238932541684024,3.6562838133617377,11.153946576204882,8.383669207320613,11.021574290522123
1662,05/05/2023 11:22:10.676098,1844,True,True,True,True,Eyes,2.456292,0.04374239,-2.678492,0.09682028,0.2553106,0.9619991,0.0,0.0,0.0,0.0,0.0,0.0,0.0,-2.283054,-0.2156547,2.695908,2.470895,0.04090889,-2.533726,-0.02820585,-0.03560179,-0.005691338,0.9989519,356.7463,355.933,359.4627,0.665562,0.01150533,-0.7462535,0.0,0.0,0.0,2.327171,0.3627684,-0.5097889,-0.001753658,0.2061698,2.044031,0.9974002,-0.009362387,0.07145,0.0133791,0.9983441,-0.05594733,-0.07080788,0.05675782,0.9958739,moving,5.747173,14.86342,-0.04915639,5.75962,-8.261905779204675,3.6626327360747934,10.792432943381106,8.476237851484953,10.67881610440343
1663,05/05/2023 11:22:10.696084,1845,True,True,True,True,Eyes,2.456502,0.04356476,-2.671724,0.08874793,0.253435,0.9632729,0.0,0.0,0.0,0.0,0.0,0.0,0.0,-2.246589,-0.2124858,2.716312,2.467998,0.03908244,-2.525495,-0.0272848,-0.04187837,-0.006397478,0.9987296,356.8451,355.2144,359.3979,0.6665944,0.01155844,-0.7453306,0.0,0.0,0.0,2.302145,0.3554467,-0.5028354,0.001324877,0.2042173,2.043781,0.9964105,-0.01049342,0.08399943,0.01506399,0.9984292,-0.05396444,-0.08330122,0.05503611,0.9950035,moving,5.263896,14.74034,0.03714188,5.706131,-8.28493076753067,3.6687488185858617,10.437235787631607,8.567836325696351,10.341631510384609
1664,05/05/2023 11:22:10.706440,1846,True,True,True,True,Eyes,2.456588,0.04335267,-2.664899,0.08080409,0.2517435,0.9644148,0.0,0.0,0.0,0.0,0.0,0.0,0.0,-2.211308,-0.1978848,2.736284,2.465005,0.03782032,-2.51766,-0.02412764,-0.04789912,-0.007070698,0.9985358,357.1993,354.5239,359.3225,0.6676191,0.01160293,-0.7444123,0.0,0.0,0.0,2.278198,0.3394535,-0.4950606,0.004673481,0.202094,2.043508,0.9953113,-0.0118093,0.09599914,0.01643207,0.9987357,-0.04750725,-0.09531675,0.04886198,0.9942471,moving,4.789376,14.62961,0.1310346,5.647938,-8.308068867340785,3.675268855590883,10.117834576357629,8.6665962687659,10.038850402640948
1665,05/05/2023 11:22:10.726391,1847,True,True,True,True,Eyes,2.45652,0.04308829,-2.658033,0.07285655,0.2500591,0.9654856,0.0,0.0,0.0,0.0,0.0,0.0,0.0,-2.179905,-0.198361,2.750794,2.461558,0.0367265,-2.509499,-0.02339696,-0.05308267,-0.008247813,0.998282,357.2723,353.9315,359.1979,0.668636,0.01163876,-0.7434984,0.0,0.0,0.0,2.257374,0.3336996,-0.4883383,0.007830188,0.2000923,2.043252,0.9942284,-0.01398334,0.1063689,0.01895123,0.9987691,-0.04583789,-0.105597,0.04758916,0.9932696,moving,4.31542,14.52044,0.2195689,5.593048,-8.331254320380127,3.681853803103628,9.822134399153537,8.761805807277536,9.758436919408297
1666,05/05/2023 11:22:10.746237,1848,True,True,True,True,Eyes,2.456313,0.04278082,-2.65113,0.06500838,0.2479342,0.9665933,0.0,0.0,0.0,0.0,0.0,0.0,0.0,-2.153561,-0.1973575,2.76113,2.457887,0.03521615,-2.501631,-0.02254242,-0.05730024,-0.009366075,0.9980587,357.3594,353.4496,359.0758,0.6696451,0.01166539,-0.7425894,0.0,0.0,0.0,2.240135,0.327062,-0.4815728,0.01091625,0.1981355,2.043,0.9932579,-0.01611241,0.1148003,0.02127915,0.9988083,-0.04392396,-0.1139557,0.04607067,0.992417,moving,3.847642,14.38639,0.3061424,5.539369,-8.352759147104985,3.687014920821928,9.52953304161548,8.854817425396458,9.47964272838515
1667,05/05/2023 11:22:10.762007,1849,True,True,True,True,Eyes,2.455942,0.0424622,-2.644192,0.05720348,0.2459014,0.9676054,0.0,0.0,0.0,0.0,0.0,0.0,0.0,-2.125894,-0.1906489,2.772383,2.453845,0.03390519,-2.493867,-0.02088788,-0.06170655,-0.01013198,0.9978244,357.5392,352.9443,358.9882,0.6706452,0.01168257,-0.7416859,0.0,0.0,0.0,2.221824,0.317131,-0.474638,0.01430869,0.1959845,2.042724,0.9921793,-0.01764204,0.1235678,0.02279771,0.998922,-0.04043446,-0.1227213,0.0429353,0.991512,moving,3.383309,14.25895,0.4013337,5.480338,-8.374400259641494,3.692424051001612,9.271256944792011,8.95601154640993,9.233717026820292
1668,05/05/2023 11:22:10.776296,1850,True,True,True,True,Eyes,2.455403,0.04212205,-2.637217,0.04948878,0.2437624,0.9685715,0.0,0.0,0.0,0.0,0.0,0.0,0.0,-2.102878,-0.194004,2.778919,2.449587,0.03331364,-2.486069,-0.02095836,-0.06521946,-0.01097376,0.9975906,357.5214,352.5428,358.9011,0.6716357,0.01169096,-0.7407889,0.0,0.0,0.0,2.206744,0.3151406,-0.4683316,0.01736635,0.1940457,2.042475,0.991252,-0.01916084,0.1305846,0.02462842,0.9988807,-0.04038432,-0.1296646,0.04324713,0.9906144,moving,2.924962,14.12638,0.4871513,5.427105,-8.395407450602407,3.697418921253206,9.034395748175939,9.049401300026089,9.007407150737539
1669,05/05/2023 11:22:10.796315,1851,True,True,True,True,Eyes,2.454686,0.04176268,-2.630203,0.04185402,0.2417755,0.9694291,0.0,0.0,0.0,0.0,0.0,0.0,0.0,-2.081015,-0.2039371,2.783484,2.444865,0.03242474,-2.47822,-0.02250015,-0.06844363,-0.0116366,0.9973335,357.3363,352.1751,358.8452,0.6726152,0.01169085,-0.7398998,0.0,0.0,0.0,2.192523,0.3187032,-0.4627014,0.02054487,0.19203,2.042217,0.9903601,-0.02013115,0.1370459,0.02629111,0.9987167,-0.04328741,-0.1359986,0.04647321,0.9896184,moving,2.472146,14.00388,0.5763808,5.371738,-8.416605023229511,3.702784385387967,8.837861800327898,9.146540339632988,8.8197279912407
1670,05/05/2023 11:22:10.806272,1852,True,True,True,True,Eyes,2.453819,0.04140026,-2.623148,0.03418937,0.2396911,0.970247,0.0,0.0,0.0,0.0,0.0,0.0,0.0,-2.06088,-0.2088706,2.786667,2.439928,0.03158665,-2.470247,-0.02339374,-0.07134923,-0.01195161,0.9971055,357.2282,351.8427,358.8242,0.6735834,0.0116826,-0.7390185,0.0,0.0,0.0,2.179305,0.3195049,-0.4564525,0.0238634,0.1899259,2.041947,0.9895329,-0.02049579,0.1428446,0.02717228,0.9986198,-0.04494657,-0.1417262,0.04835752,0.9887241,moving,2.018142,13.87659,0.669562,5.313915,-8.437624032779302,3.707936614762924,8.668221915250268,9.247702634141039,8.657277176391045
1671,05/05/2023 11:22:10.826400,1853,True,True,True,True,Eyes,2.452757,0.04101677,-2.616064,0.02659316,0.2378731,0.9709321,0.0,0.0,0.0,0.0,0.0,0.0,0.0,-2.039599,-0.2169451,2.789939,2.434426,0.0311225,-2.462395,-0.02494782,-0.0743623,-0.01211485,0.9968457,357.0457,351.4978,358.8271,0.6745398,0.01166693,-0.7381459,0.0,0.0,0.0,2.164821,0.3234991,-0.4508225,0.02692118,0.187987,2.041698,0.9886469,-0.02044292,0.1488599,0.02786363,0.9984617,-0.04793647,-0.147651,0.05154002,0.9876957,moving,1.5689,13.76601,0.7554401,5.260609,-8.459228292993163,3.713816899275265,8.544212262093504,9.343590284023142,8.538586061620396
1672,05/05/2023 11:22:10.846592,1854,True,True,True,True,Eyes,2.451483,0.04058711,-2.608958,0.01894526,0.2358615,0.971602,0.0,0.0,0.0,0.0,0.0,0.0,0.0,-2.018095,-0.228338,2.792774,2.428713,0.03019123,-2.454562,-0.02735429,-0.07738535,-0.01212702,0.9965523,356.767,351.1517,358.8558,0.6754833,0.01164404,-0.7372829,0.0,0.0,0.0,2.150204,0.3303669,-0.4457559,0.03008959,0.1859778,2.041441,0.9877288,-0.01993678,0.1549005,0.02840406,0.9982093,-0.05264303,-0.1535736,0.05639685,0.9865265,moving,1.117069,13.64491,0.8444435,5.205347,-8.480439157374018,3.7192283529299934,8.443965199728101,9.44256242801518,8.441901960619642
1673,05/05/2023 11:22:10.856038,1855,True,True,True,True,Eyes,2.45001,0.04013069,-2.601835,0.01131406,0.233844,0.9722083,0.0,0.0,0.0,0.0,0.0,0.0,0.0,-1.99593,-0.2268444,2.796794,2.42261,0.02863299,-2.446916,-0.02801614,-0.08051065,-0.01144458,0.9962943,356.6941,350.7902,358.9501,0.6764122,0.01161337,-0.7364312,0.0,0.0,0.0,2.134369,0.3293242,-0.4399657,0.03332213,0.1839282,2.041178,0.9867741,-0.01829314,0.1610659,0.02731553,0.9981682,-0.05398181,-0.1597833,0.05766745,0.9854662,moving,0.6667486,13.52437,0.9352676,5.14895,-8.501587237239022,3.724629605684252,8.379723302696872,9.54373709847381,8.379403743817347
1674,05/05/2023 11:22:10.876258,1856,True,True,True,True,Eyes,2.448339,0.03965986,-2.594694,0.00355289,0.2315208,0.9728234,0.0,0.0,0.0,0.0,0.0,0.0,0.0,-1.971985,-0.2156723,2.802674,2.41638,0.02755332,-2.439378,-0.02700604,-0.08395573,-0.01043865,0.9960488,356.8155,350.3899,359.0669,0.6773259,0.01157495,-0.7355915,0.0,0.0,0.0,2.116892,0.321867,-0.4335358,0.03661779,0.1818385,2.04091,0.9856849,-0.01626019,0.1678118,0.02532943,0.9983234,-0.05204589,-0.1666842,0.05555142,0.9844442,moving,0.2092514,13.38671,1.027885,5.091425,-8.522275858657583,3.729343791508525,8.335581215624616,9.646804530245284,8.335197345067407
1675,05/05/2023 11:22:10.896313,1857,True,True,True,True,Eyes,2.446472,0.039153,-2.587541,-0.004162407,0.2292644,0.9733553,0.0,0.0,0.0,0.0,0.0,0.0,0.0,-1.947548,-0.210141,2.808018,2.409888,0.02677329,-2.43183,-0.02677183,-0.08742251,-0.009709999,0.9957643,356.8463,349.9884,359.1589,0.6782231,0.01152918,-0.7347651,0.0,0.0,0.0,2.099075,0.3180446,-0.4276402,0.03970766,0.1798791,2.040658,0.984526,-0.01465682,0.1746243,0.02401866,0.998378,-0.05161912,-0.1735845,0.05501461,0.9832811,moving,-0.2450153,13.25389,1.114736,5.037464,-8.543021091714486,3.73422144602658,8.328179861850229,9.74529184771029,8.325989201849303
1676,05/05/2023 11:22:10.906708,1858,True,True,True,True,Eyes,2.444388,0.03859925,-2.580386,-0.01191661,0.226669,0.973899,0.0,0.0,0.0,0.0,0.0,0.0,0.0,-1.924583,-0.2041874,2.812264,2.403379,0.0254067,-2.424389,-0.02655031,-0.090625,-0.008997242,0.9954905,356.8763,349.6173,359.2482,0.6791032,0.01147577,-0.7339525,0.0,0.0,0.0,2.082489,0.313566,-0.421725,0.04296017,0.1778167,2.040394,0.9834123,-0.0131011,0.1809104,0.02272558,0.9984283,-0.0512304,-0.1799549,0.0544919,0.9821644,moving,-0.7010353,13.10199,1.206175,4.980643,-8.562873374714544,3.738173432713257,8.342285551504162,9.847742724764217,8.336663057998942
1677,05/05/2023 11:22:10.926501,1859,True,True,True,True,Eyes,2.442112,0.03805381,-2.573228,-0.01956666,0.2238568,0.9744256,0.0,0.0,0.0,0.0,0.0,0.0,0.0,-1.904818,-0.1905152,2.814645,2.39668,0.02380346,-2.417067,-0.02465566,-0.09322225,-0.008587093,0.9953031,357.095,349.3165,359.2831,0.6799648,0.01141416,-0.7331554,0.0,0.0,0.0,2.068062,0.3022105,-0.4146422,0.04609835,0.1758271,2.040138,0.9824718,-0.01249661,0.1859922,0.02169043,0.9986367,-0.04747869,-0.1851453,0.05068073,0.9814034,moving,-1.150356,12.93818,1.294418,4.925805,-8.581692927602056,3.741348003135304,8.37705634764987,9.94688420721396,8.366633676258507
1678,05/05/2023 11:22:10.946311,1860,True,True,True,True,Eyes,2.439648,0.03767016,-2.566069,-0.02728801,0.2206498,0.9749713,0.0,0.0,0.0,0.0,0.0,0.0,0.0,-1.88584,-0.1675568,2.816847,2.389842,0.02352699,-2.409812,-0.02063847,-0.09565966,-0.008294174,0.9951657,357.5548,349.0341,359.2797,0.6808072,0.0113454,-0.7323743,0.0,0.0,0.0,2.054188,0.2835079,-0.4064536,0.0493848,0.1737435,2.039871,0.9815609,-0.01255961,0.1907367,0.02045669,0.9990105,-0.03949055,-0.190052,0.04266423,0.9808466,moving,-1.603206,12.75203,1.386847,4.868349,-8.59955700869728,3.743476558740168,8.43165719491548,10.049557355129178,8.415149063324636
1679,05/05/2023 11:22:10.956406,1861,True,True,True,True,Eyes,2.436999,0.03744515,-2.558869,-0.03480747,0.2180988,0.9753057,0.0,0.0,0.0,0.0,0.0,0.0,0.0,-1.865915,-0.1517845,2.819066,2.382931,0.02715224,-2.402647,-0.01650028,-0.09821148,-0.008907834,0.994989,358.018,348.74,359.1695,0.6816295,0.01127477,-0.7316102,0.0,0.0,0.0,2.040119,0.2684945,-0.3985316,0.05262983,0.1716858,2.039607,0.9805503,-0.01448536,0.1957326,0.02096743,0.9992968,-0.0310855,-0.1951447,0.0345849,0.9801645,moving,-2.043949,12.60515,1.478127,4.811582,-8.618740622501042,3.747292653299639,8.55246873834684,10.152804912919864,8.529040723301078
1680,05/05/2023 11:22:10.976243,1862,True,True,True,True,Eyes,2.434139,0.03725894,-2.551664,-0.04222989,0.2158549,0.9755118,0.0,0.0,0.0,0.0,0.0,0.0,0.0,-1.849697,-0.1996465,2.813846,2.375859,0.03061253,-2.394436,-0.02319311,-0.09998897,-0.0112019,0.9946551,357.2271,348.5436,358.9877,0.6824313,0.01120699,-0.7308634,0.0,0.0,0.0,2.030535,0.2977238,-0.3943757,0.05582333,0.169661,2.039347,0.9797534,-0.01764594,0.1994287,0.02692216,0.9986731,-0.04389816,-0.1983895,0.04837842,0.9789286,moving,-2.478786,12.477,1.567973,4.755702,-8.638545572316211,3.75191025890634,8.717493975270932,10.255760294903718,8.686453545385998
1681,05/05/2023 11:22:10.996216,1863,True,True,True,True,Eyes,2.431103,0.03721669,-2.544457,-0.04960025,0.2134505,0.975694,0.0,0.0,0.0,0.0,0.0,0.0,0.0,-1.834237,-0.2255746,2.809482,2.368524,0.03131527,-2.386966,-0.02747796,-0.1016463,-0.0119868,0.9943689,356.7276,348.3567,358.9525,0.6832119,0.01114289,-0.7301347,0.0,0.0,0.0,2.020273,0.3140445,-0.3898946,0.05890393,0.1677076,2.039097,0.9790487,-0.01825253,0.2028064,0.02942465,0.9982026,-0.05220962,-0.201489,0.05708327,0.977826,moving,-2.910175,12.34007,1.654658,4.701768,-8.657680115182545,3.75599293410615,8.898390739964896,10.355617213720928,8.859272124704257
1682,05/05/2023 11:22:11.006137,1864,True,True,True,True,Eyes,2.427855,0.03730373,-2.537227,-0.05647305,0.2116506,0.9757125,0.0,0.0,0.0,0.0,0.0,0.0,0.0,-1.812489,-0.2091476,2.812658,2.361271,0.0347837,-2.379726,-0.0243845,-0.1045462,-0.01119653,0.9941581,357.0867,348.0186,359.0153,0.6839718,0.01108616,-0.7294238,0.0,0.0,0.0,2.003903,0.3027353,-0.382573,0.06217551,0.1656333,2.03883,0.9778894,-0.01716362,0.208417,0.02736085,0.9985601,-0.04614298,-0.2073249,0.0508252,0.9769509,moving,-3.312514,12.23893,1.746732,4.644475,-8.676918471789064,3.7611522068527847,9.125333793102639,10.461010864869692,9.078215553783853
1683,05/05/2023 11:22:11.026625,1865,True,True,True,True,Eyes,2.424452,0.0374459,-2.53,-0.06335806,0.2099971,0.975647,0.0,0.0,0.0,0.0,0.0,0.0,0.0,-1.789989,-0.2437355,2.81131,2.353841,0.03792291,-2.371693,-0.03047227,-0.1074897,-0.01123914,0.9936757,356.3894,347.6808,359.0938,0.6847095,0.01103983,-0.728732,0.0,0.0,0.0,1.98826,0.3285777,-0.3795312,0.06530145,0.163651,2.038576,0.9766393,-0.0157852,0.2143048,0.02888703,0.9978902,-0.05814291,-0.2129349,0.06297528,0.9750348,moving,-3.715544,12.14696,1.834721,4.589697,-8.696679524319288,3.766795640508639,9.376442055566386,10.563501486301089,9.321045245647943
1684,05/05/2023 11:22:11.046210,1866,True,True,True,True,Eyes,2.420869,0.03766132,-2.522775,-0.07007518,0.207964,0.9756231,0.0,0.0,0.0,0.0,0.0,0.0,0.0,-1.765274,-0.2449201,2.814907,2.346781,0.03937803,-2.364519,-0.03158676,-0.1109756,-0.009863172,0.9932721,356.2767,347.2733,359.2775,0.6854261,0.01100447,-0.7280586,0.0,0.0,0.0,1.969735,0.3321829,-0.3751301,0.06844682,0.1616564,2.03832,0.9751742,-0.01258291,0.221081,0.02660435,0.99781,-0.06055935,-0.2198348,0.06493764,0.9733734,moving,-4.108275,12.03309,1.92327,4.534559,-8.71466477783293,3.771061291505858,9.623279183572821,10.665298171561036,9.559785852527423
1685,05/05/2023 11:22:11.056420,1867,True,True,True,True,Eyes,2.417151,0.03791158,-2.515541,-0.07679433,0.2061394,0.9755046,0.0,0.0,0.0,0.0,0.0,0.0,0.0,-1.740498,-0.223958,2.820091,2.339831,0.04149726,-2.357089,-0.02919527,-0.114572,-0.007358918,0.9929586,356.5794,346.8497,359.5452,0.6861201,0.01098116,-0.727405,0.0,0.0,0.0,1.950536,0.321612,-0.3685889,0.0720458,0.1593743,2.038028,0.9736382,-0.007924283,0.2279601,0.02130412,0.9981869,-0.05629313,-0.2271007,0.05966564,0.9720418,moving,-4.501194,11.93196,2.024606,4.471447,-8.7333291345151,3.7759798218235554,9.91187771631435,10.780391595594065,9.840161540213593
1686,05/05/2023 11:22:11.076090,1868,True,True,True,True,Eyes,2.413293,0.03814057,-2.508324,-0.08342294,0.2039458,0.9754213,0.0,0.0,0.0,0.0,0.0,0.0,0.0,-1.717815,-0.2260238,2.821877,2.332917,0.04257021,-2.349606,-0.03110609,-0.1177815,-0.005238598,0.9925384,356.389,346.4706,359.8237,0.6867929,0.01096974,-0.72677,0.0,0.0,0.0,1.932719,0.327952,-0.3642961,0.07487404,0.1575808,2.037797,0.9722002,-0.003071575,0.2341312,0.01772646,0.9980099,-0.06051395,-0.2334794,0.062982,0.9703199,moving,-4.888328,11.80955,2.104251,4.421825,-8.750525491137603,3.779667713840104,10.172248608192094,10.873754579386175,10.09272019849001
1687,05/05/2023 11:22:11.096407,1869,True,True,True,True,Eyes,2.40932,0.03834435,-2.501104,-0.09009449,0.2015823,0.9753192,0.0,0.0,0.0,0.0,0.0,0.0,0.0,-1.69442,-0.2017223,2.826589,2.326303,0.0424405,-2.34262,-0.02880007,-0.1211798,-0.002280044,0.9922101,356.692,346.0697,0.1409193,0.687444,0.0109685,-0.726154,0.0,0.0,0.0,1.914245,0.3154508,-0.3583076,0.07814929,0.1555042,2.037531,0.9706205,0.002455405,0.2406029,0.01150454,0.9983307,-0.05659884,-0.2403403,0.05770403,0.968972,moving,-5.277684,11.67766,2.196497,4.364348,-8.767360569654837,3.7829302791655546,10.456955294449001,10.979263152588064,10.369769876716726
1688,05/05/2023 11:22:11.106555,1870,True,True,True,True,Eyes,2.405232,0.03852135,-2.493878,-0.09679451,0.199073,0.9751927,0.0,0.0,0.0,0.0,0.0,0.0,0.0,-1.670644,-0.1731429,2.831082,2.319643,0.04211736,-2.335281,-0.02592393,-0.1246395,0.0009956703,0.9918629,357.0664,345.6629,0.4840691,0.6880745,0.01097575,-0.7255566,0.0,0.0,0.0,1.895329,0.3003369,-0.351868,0.0813463,0.1534768,2.037271,0.968928,0.008437429,0.247199,0.004487154,0.9986539,-0.05167416,-0.2473022,0.05117775,0.9675859,moving,-5.66843,11.53767,2.286552,4.308212,-8.783855945164975,3.785816408359916,10.749269816786999,11.082726615167262,10.654738066803468
1689,05/05/2023 11:22:11.126222,1871,True,True,True,True,Eyes,2.401042,0.03867875,-2.486651,-0.1035452,0.1965024,0.9750206,0.0,0.0,0.0,0.0,0.0,0.0,0.0,-1.645594,-0.1614976,2.834893,2.31306,0.04177473,-2.327808,-0.02544782,-0.1283011,0.003204566,0.9914036,357.1549,345.2339,0.7391303,0.6886846,0.01098994,-0.7249772,0.0,0.0,0.0,1.876377,0.2951778,-0.3467557,0.08461601,0.1514037,2.037005,0.9670571,0.012884,0.2542332,0.0001759284,0.9986843,-0.05128041,-0.2545594,0.04963581,0.9657825,moving,-6.061975,11.39457,2.378666,4.250785,-8.800359052230393,3.788616020405369,11.057942151101441,11.18857458678693,10.956344247227758
1690,05/05/2023 11:22:11.146332,1872,True,True,True,True,Eyes,2.396711,0.0388377,-2.479415,-0.1103255,0.1940246,0.9747732,0.0,0.0,0.0,0.0,0.0,0.0,0.0,-1.618989,-0.146577,2.839662,2.30647,0.04150553,-2.320509,-0.02358017,-0.1321836,0.004473029,0.9909347,357.3893,344.7843,0.8660282,0.689275,0.01100986,-0.7244158,0.0,0.0,0.0,1.856855,0.284789,-0.3413675,0.08784685,0.149355,2.036742,0.965015,0.01509878,0.2617597,-0.002631137,0.9988479,-0.04791533,-0.2621816,0.04555028,0.9639429,moving,-6.457294,11.25736,2.469697,4.194011,-8.81727901945264,3.791760680912972,11.383411940621407,11.294141533684822,11.2750077689757
1691,05/05/2023 11:22:11.156469,1873,True,True,True,True,Eyes,2.39228,0.03899869,-2.472162,-0.1171346,0.1918867,0.9744018,0.0,0.0,0.0,0.0,0.0,0.0,0.0,-1.591291,-0.1504469,2.843346,2.299783,0.04177646,-2.312728,-0.02429145,-0.1362541,0.0045296,0.9903658,357.313,344.3119,0.8943491,0.6898463,0.01103507,-0.7238714,0.0,0.0,0.0,1.837011,0.285831,-0.3369897,0.09101796,0.1473441,2.036484,0.9628286,0.01559154,0.2696628,-0.002352302,0.9987788,-0.04934919,-0.2701029,0.04688048,0.9616895,moving,-6.854737,11.14057,2.559056,4.138264,-8.835398634931398,3.795998472701972,11.73250987489399,11.39959394534236,11.617330956335753
1692,05/05/2023 11:22:11.175985,1874,True,True,True,True,Eyes,2.387754,0.03915287,-2.464883,-0.1239502,0.1899075,0.9739464,0.0,0.0,0.0,0.0,0.0,0.0,0.0,-1.564069,-0.1693253,2.845516,2.292887,0.04182237,-2.304965,-0.02741259,-0.1402116,0.003887521,0.9897344,356.952,343.8501,0.8826273,0.6903988,0.01106513,-0.7233441,0.0,0.0,0.0,1.817713,0.2967022,-0.3338025,0.09410915,0.1453841,2.036233,0.9606512,0.01538236,0.2773314,-8.099247e-06,0.9984669,-0.05535251,-0.2777576,0.0531722,0.9591785,moving,-7.252813,11.03353,2.646172,4.083907,-8.854067803706064,3.8007484437132177,12.0949230618617,11.503725236232986,11.973130180394536
1693,05/05/2023 11:22:11.196201,1875,True,True,True,True,Eyes,2.383138,0.03928423,-2.457585,-0.130807,0.1882026,0.9733804,0.0,0.0,0.0,0.0,0.0,0.0,0.0,-1.537365,-0.184974,2.847263,2.286157,0.04180869,-2.297031,-0.02998549,-0.1441171,0.003308275,0.9891008,356.6541,343.3946,0.8716863,0.6909334,0.01109943,-0.7228328,0.0,0.0,0.0,1.798871,0.3052118,-0.3302116,0.09730253,0.1433592,2.035974,0.9584386,0.01518728,0.2848943,0.002098412,0.9981799,-0.06027091,-0.2852911,0.05836379,0.9566622,moving,-7.6538,10.94308,2.736178,4.027724,-8.873783909350687,3.806416875175758,12.480937122156334,11.612070977223306,12.352494635643698
1694,05/05/2023 11:22:11.206664,1876,True,True,True,True,Eyes,2.378427,0.03937997,-2.450272,-0.1377186,0.1865221,0.9727503,0.0,0.0,0.0,0.0,0.0,0.0,0.0,-1.509606,-0.1986853,2.849605,2.279566,0.04145951,-2.289213,-0.03241209,-0.1482342,0.002943974,0.9884167,356.3765,342.9137,0.8858172,0.6914515,0.01113695,-0.7223366,0.0,0.0,0.0,1.779285,0.3126853,-0.3269819,0.1005245,0.1413162,2.035711,0.9560359,0.01542891,0.2928434,0.003789416,0.9978815,-0.06494611,-0.2932251,0.06320052,0.9539522,moving,-8.058185,10.85455,2.826999,3.971023,-8.893807875561919,3.81226999868858,12.879059541503214,11.721881944877493,12.744147032469696
1695,05/05/2023 11:22:11.226598,1877,True,True,True,True,Eyes,2.373642,0.03943189,-2.44295,-0.1447157,0.1848404,0.9720553,0.0,0.0,0.0,0.0,0.0,0.0,0.0,-1.479456,-0.206991,2.853162,2.272815,0.04071182,-2.281408,-0.03401542,-0.1527431,0.002778196,0.9876766,356.196,342.3875,0.9118562,0.6919541,0.01117642,-0.7218546,0.0,0.0,0.0,1.757828,0.3163794,-0.3238524,0.1036949,0.1393059,2.035453,0.9533236,0.01587916,0.3015326,0.004903328,0.9976705,-0.06804118,-0.3019106,0.06634376,0.9510249,moving,-8.467772,10.76649,2.916378,3.915203,-8.914173740997368,3.818280256324512,13.286798138711562,11.830948758009962,13.145577973981712
1696,05/05/2023 11:22:11.246542,1878,True,True,True,True,Eyes,2.368794,0.03944143,-2.435621,-0.1517761,0.1826991,0.9713831,0.0,0.0,0.0,0.0,0.0,0.0,0.0,-1.449021,-0.2007804,2.857994,2.266341,0.03973069,-2.273813,-0.03320418,-0.1573365,0.00308027,0.9869819,356.2976,341.8545,0.9490545,0.6924412,0.01121636,-0.7213868,0.0,0.0,0.0,1.736017,0.3099067,-0.3198298,0.1068693,0.1372931,2.035195,0.9504715,0.0165288,0.310372,0.004368115,0.997776,-0.06651312,-0.3107811,0.06457458,0.9482855,moving,-8.880514,10.65183,3.005874,3.859293,-8.933338061730554,3.8230182133643633,13.690316964296809,11.939267168261116,13.543599064287882
1697,05/05/2023 11:22:11.256365,1879,True,True,True,True,Eyes,2.363876,0.03942943,-2.428293,-0.1588838,0.1802876,0.9706968,0.0,0.0,0.0,0.0,0.0,0.0,0.0,-1.420056,-0.1778954,2.86296,2.259889,0.03883673,-2.266305,-0.02957325,-0.1616726,0.003946397,0.9863933,356.7286,341.3552,0.9956266,0.6929138,0.01125552,-0.7209322,0.0,0.0,0.0,1.715129,0.2917694,-0.3142357,0.1102705,0.1351363,2.034918,0.9476928,0.01734777,0.3187121,0.00177697,0.9982197,-0.05961777,-0.319179,0.05706567,0.9459748,moving,-9.295753,10.52166,3.101776,3.799361,-8.951841875642826,3.827031149621421,14.10276671973418,12.053649635243108,13.951229864745079
1698,05/05/2023 11:22:11.276467,1880,True,True,True,True,Eyes,2.358864,0.03940947,-2.420972,-0.1660761,0.1774943,0.9700075,0.0,0.0,0.0,0.0,0.0,0.0,0.0,-1.392526,-0.1514778,2.867007,2.253362,0.03838796,-2.258912,-0.02517977,-0.1657381,0.004822254,0.9858366,357.246,340.8888,1.024219,0.6933715,0.0112933,-0.7204914,0.0,0.0,0.0,1.69484,0.2712455,-0.3084465,0.113247,0.133249,2.034676,0.9450153,0.0178544,0.3265385,-0.001161414,0.9986855,-0.05124473,-0.3270242,0.0480478,0.9437937,moving,-9.715478,10.36941,3.185709,3.746897,-8.969462191956818,3.830035798454333,14.501665574827534,12.155455514524553,14.34619359873147
1699,05/05/2023 11:22:11.296104,1881,True,True,True,True,Eyes,2.353785,0.03937021,-2.413652,-0.1733226,0.1745675,0.9692706,0.0,0.0,0.0,0.0,0.0,0.0,0.0,-1.365357,-0.1291298,2.870175,2.246805,0.03830877,-2.251484,-0.02129116,-0.1697397,0.005416458,0.985244,357.701,340.4293,1.026532,0.6938161,0.01132976,-0.7200628,0.0,0.0,0.0,1.675203,0.2530722,-0.3029554,0.1164879,0.131194,2.034412,0.9423182,0.01790098,0.3342394,-0.003445156,0.9990348,-0.04379275,-0.3347007,0.0401152,0.9414702,moving,-10.13834,10.20963,3.277105,3.689748,-8.986879225187757,3.8327377477758544,14.91586490425376,12.264817778655464,14.757077500565895
1700,05/05/2023 11:22:11.306655,1882,True,True,True,True,Eyes,2.348643,0.03930281,-2.406333,-0.1806836,0.1714786,0.9684774,0.0,0.0,0.0,0.0,0.0,0.0,0.0,-1.336463,-0.1108253,2.873556,2.24014,0.03786228,-2.24412,-0.0183076,-0.1740292,0.006110992,0.9845514,358.056,339.934,1.055212,0.6942477,0.01136448,-0.719646,0.0,0.0,0.0,1.654367,0.2381062,-0.2984735,0.119739,0.1291327,2.034148,0.9393529,0.01840529,0.3424576,-0.005661056,0.999255,-0.03817654,-0.3429052,0.03392258,0.9387574,moving,-10.56787,10.04073,3.368798,3.632404,-9.004225006716903,3.835146547441304,15.339405368673845,12.374683950117221,15.177929449378912
1701,05/05/2023 11:22:11.326724,1883,True,True,True,True,Eyes,2.343437,0.03920645,-2.399014,-0.1881448,0.168284,0.9676167,0.0,0.0,0.0,0.0,0.0,0.0,0.0,-1.305554,-0.09124126,2.877539,2.233487,0.0372324,-2.236777,-0.01535095,-0.1786726,0.007170793,0.9837627,358.4161,339.3966,1.123172,0.6946662,0.01139677,-0.7192416,0.0,0.0,0.0,1.631896,0.2229706,-0.294719,0.1228094,0.127186,2.033898,0.9360493,0.0195943,0.3513227,-0.008623125,0.9994258,-0.03276584,-0.351763,0.02764095,0.9356809,moving,-11.00338,9.86597,3.455396,3.578224,-9.021628415188603,3.837410408684031,15.766799078401805,12.4797161767269,15.60320767248237
1702,05/05/2023 11:22:11.346394,1884,True,True,True,True,Eyes,2.343437,0.03920645,-2.399014,-0.1881448,0.168284,0.9676167,0.0,0.0,0.0,0.0,0.0,0.0,0.0,-1.272818,-0.07263183,2.881784,2.226783,0.03649906,-2.229378,-0.01266918,-0.1836262,0.008355267,0.982879,358.7488,338.8222,1.208013,0.6950727,0.01142607,-0.7188483,0.0,0.0,0.0,1.608296,0.2086642,-0.2915807,0.1260038,0.1251604,2.033638,0.9324232,0.02107722,0.360753,-0.01177165,0.9995393,-0.02797304,-0.3611764,0.02183605,0.9322419,moving,-11.00338,9.86597,3.545503,3.521829,-9.021628415188603,3.837410408684031,15.871928728909099,12.571093175699849,15.708349548545579
1703,05/05/2023 11:22:11.356268,1885,True,True,True,True,Eyes,2.343437,0.03920645,-2.399014,-0.1881448,0.168284,0.9676167,0.0,0.0,0.0,0.0,0.0,0.0,0.0,-1.237866,-0.05802386,2.886526,2.220072,0.0357821,-2.222097,-0.01059197,-0.1889528,0.009332601,0.9818848,359.0103,338.2034,1.279703,0.6954383,0.01145244,-0.7184942,0.0,0.0,0.0,1.583586,0.1967277,-0.289376,0.1294404,0.1229813,2.033359,0.9284195,0.02232984,0.370862,-0.01432431,0.9996014,-0.02432703,-0.3712574,0.01727335,0.9283693,moving,-11.00338,9.86597,3.642443,3.461138,-9.021628415188603,3.837410408684031,15.985055655065858,12.669660048104447,15.821499592584706
1704,05/05/2023 11:22:11.376100,1886,True,True,True,True,Eyes,2.33761,0.03901036,-2.391118,-0.1958384,0.165307,0.9666028,0.0,0.0,0.0,0.0,0.0,0.0,0.0,-1.201408,-0.04932318,2.891199,2.213168,0.0349046,-2.214839,-0.009384412,-0.1945096,0.009891517,0.9808059,359.1657,337.5561,1.321156,0.6957668,0.01147614,-0.7181758,0.0,0.0,0.0,1.557568,0.1885753,-0.2881006,0.1324727,0.1210584,2.033112,0.9241364,0.02305403,0.3813666,-0.0157526,0.9996282,-0.02225656,-0.3817379,0.01456058,0.924156,moving,-11.45337,9.704757,3.727986,3.407562,-9.040624883805195,3.840734225692625,16.435578324682126,12.775956405652767,16.269789778226436
1705,05/05/2023 11:22:11.396445,1887,True,True,True,True,Eyes,2.33174,0.03878542,-2.383236,-0.2036294,0.1623883,0.965487,0.0,0.0,0.0,0.0,0.0,0.0,0.0,-1.165257,-0.04219528,2.895106,2.206349,0.03400299,-2.207285,-0.008221448,-0.2000484,0.0100614,0.9796999,359.3076,336.9105,1.318226,0.6960915,0.01149503,-0.7178607,0.0,0.0,0.0,1.532001,0.1806876,-0.2866594,0.1356557,0.1190401,2.032853,0.9197588,0.02300367,0.3918093,-0.01642492,0.9996623,-0.02013464,-0.3921402,0.01208357,0.9198261,moving,-11.90963,9.547399,3.817783,3.351307,-9.060205778988992,3.844414718694724,16.903936693712296,12.887426050767575,16.736175812627582
1706,05/05/2023 11:22:11.406373,1888,True,True,True,True,Eyes,2.325822,0.03851778,-2.375372,-0.210973,0.1598684,0.9643301,0.0,0.0,0.0,0.0,0.0,0.0,0.0,-1.130748,-0.03852556,2.897829,2.199505,0.03309462,-2.199675,-0.007455119,-0.2053178,0.009815376,0.9786178,359.3949,336.2952,1.276288,0.6964125,0.01150872,-0.7175491,0.0,0.0,0.0,1.507689,0.1745924,-0.2850569,0.1389149,0.1169735,2.032588,0.9154965,0.02227234,0.4017089,-0.01614966,0.9996961,-0.01862197,-0.4020016,0.01056088,0.9155781,moving,-12.34055,9.412985,3.909734,3.293684,-9.079443568099894,3.8486133676767382,17.36426142423734,13.001026132530447,17.194601137081662
1707,05/05/2023 11:22:11.426810,1889,True,True,True,True,Eyes,2.319859,0.03820362,-2.367532,-0.2183983,0.1572887,0.9631004,0.0,0.0,0.0,0.0,0.0,0.0,0.0,-1.097254,-0.0347956,2.899753,2.192537,0.03177457,-2.192149,-0.006585483,-0.2103953,0.009295248,0.9775501,359.4864,335.702,1.200153,0.696728,0.0115164,-0.7172413,0.0,0.0,0.0,1.484025,0.1678931,-0.2834191,0.1420987,0.1149546,2.032329,0.9112948,0.02094425,0.4112215,-0.01540203,0.9997404,-0.01678663,-0.4114664,0.008963924,0.9113809,moving,-12.77665,9.275374,3.999563,3.237371,-9.098829746276964,3.85278205260337,17.829716847145328,13.112841923068675,17.658544534316718
1708,05/05/2023 11:22:11.446377,1890,True,True,True,True,Eyes,2.313847,0.03784868,-2.359716,-0.2256009,0.1549357,0.9618208,0.0,0.0,0.0,0.0,0.0,0.0,0.0,-1.064772,-0.02447754,2.901127,2.185553,0.0303677,-2.18479,-0.004468611,-0.2152857,0.008761811,0.9765016,359.7161,335.1315,1.090756,0.6970384,0.01151725,-0.7169386,0.0,0.0,0.0,1.461081,0.1561154,-0.2815042,0.1452827,0.1129358,2.03207,0.9071506,0.0190359,0.4203754,-0.01518779,0.9998066,-0.0124998,-0.420532,0.004954626,0.9072642,moving,-13.20044,9.150929,4.0894,3.18104,-9.11815510147003,3.857305206527125,18.29147730222797,13.224857140548862,18.11886708058259
1709,05/05/2023 11:22:11.456329,1891,True,True,True,True,Eyes,2.307791,0.03744188,-2.35192,-0.2329086,0.1525457,0.96046,0.0,0.0,0.0,0.0,0.0,0.0,0.0,-1.031023,-0.01584049,2.902523,2.178486,0.0290038,-2.177441,-0.002614767,-0.2203898,0.008138961,0.9753746,359.9133,334.5345,0.9757727,0.6973432,0.01151069,-0.7166412,0.0,0.0,0.0,1.437331,0.1454642,-0.2801493,0.1485367,0.1108724,2.031806,0.9027242,0.0170296,0.4298826,-0.01472453,0.9998538,-0.008688241,-0.4299677,0.001513267,0.902843,moving,-13.63093,9.024658,4.181215,3.123443,-9.13779339720794,3.8619070650860015,18.764243869051853,13.339464526746152,18.590475501605685
1710,05/05/2023 11:22:11.476379,1892,True,True,True,True,Eyes,2.301702,0.03698237,-2.344132,-0.2401318,0.1502406,0.9590435,0.0,0.0,0.0,0.0,0.0,0.0,0.0,-0.9972299,-0.006986669,2.903528,2.171454,0.02737019,-2.17003,-0.0008653475,-0.2255224,0.007652442,0.9742076,0.1011579,333.9328,0.8766864,0.6976423,0.01149585,-0.7163495,0.0,0.0,0.0,1.413372,0.1349851,-0.2790541,0.1516564,0.1088942,2.031551,0.8981622,0.01530044,0.439398,-0.01451982,0.9998814,-0.00513765,-0.4394245,-0.001765538,0.8982778,moving,-14.0571,8.903405,4.269244,3.068204,-9.157431184244045,3.8666535442662737,19.232900330338556,13.450395093748504,19.058158057042238
1711,05/05/2023 11:22:11.496655,1893,True,True,True,True,Eyes,2.295568,0.03646535,-2.336362,-0.2474674,0.1478298,0.9575523,0.0,0.0,0.0,0.0,0.0,0.0,0.0,-0.9632553,0.005127877,2.904033,2.164331,0.02561554,-2.162477,0.001450986,-0.2306902,0.007213832,0.9729995,0.3524823,333.3262,0.7660047,0.6979355,0.0114719,-0.7160636,0.0,0.0,0.0,1.389235,0.1220641,-0.2779416,0.1548225,0.1068867,2.031294,0.89346,0.01336865,0.4489439,-0.01470757,0.9998918,-0.0005047034,-0.448902,-0.006151939,0.8935598,moving,-14.49033,8.776207,4.358579,3.012126,-9.177188012805605,3.8712784205656754,19.710555554444475,13.563005990808977,19.53526711358511
1712,05/05/2023 11:22:11.513587,1894,True,True,True,True,Eyes,2.289402,0.0358967,-2.328596,-0.2547817,0.1454809,0.9559925,0.0,0.0,0.0,0.0,0.0,0.0,0.0,-0.9288917,0.01862715,2.904333,2.157192,0.02374757,-2.155062,0.004095181,-0.2359222,0.00662915,0.9717407,0.635242,332.7107,0.6275168,0.6982228,0.01143796,-0.7157834,0.0,0.0,0.0,1.364896,0.1078191,-0.2772268,0.1580002,0.1048717,2.031035,0.8885936,0.01095134,0.4585647,-0.01481592,0.9998786,0.004830981,-0.4584561,-0.01108683,0.8886479,moving,-14.92304,8.652762,4.448247,2.95582,-9.19710980186272,3.876080888830848,20.19162965656148,13.676353401168491,20.015955552427418
1713,05/05/2023 11:22:11.526206,1895,True,True,True,True,Eyes,2.283191,0.03528116,-2.320838,-0.2622446,0.1430861,0.9543344,0.0,0.0,0.0,0.0,0.0,0.0,0.0,-0.8936478,0.02867206,2.904303,2.14996,0.02191863,-2.147463,0.006175792,-0.2413207,0.005879518,0.9704081,0.8493707,332.0735,0.4830833,0.6985043,0.01139335,-0.715509,0.0,0.0,0.0,1.339842,0.09604685,-0.276946,0.1611277,0.1028887,2.030781,0.8834594,0.008430369,0.4684317,-0.01439175,0.9998546,0.009148377,-0.4682865,-0.01482377,0.8834524,moving,-15.36523,8.527006,4.5365,2.900386,-9.217488666799843,3.881008587764413,20.681820751986514,13.78890223716494,20.506011943390583
1714,05/05/2023 11:22:11.546399,1896,True,True,True,True,Eyes,2.283191,0.03528116,-2.320838,-0.2622446,0.1430861,0.9543344,0.0,0.0,0.0,0.0,0.0,0.0,0.0,-0.8563882,0.038988,2.904398,2.142739,0.02023909,-2.139792,0.008043385,-0.2470764,0.005606803,0.9689465,1.051885,331.3931,0.394879,0.6987798,0.01133765,-0.7152404,0.0,0.0,0.0,1.313564,0.08485919,-0.2774093,0.1644499,0.1007821,2.030511,0.8778437,0.006890722,0.4788978,-0.01484004,0.9998077,0.0128166,-0.4787174,-0.01835784,0.8777771,moving,-15.36523,8.527006,4.630245,2.841479,-9.217488666799843,3.881008587764413,20.78807922207711,13.886696852400124,20.612271931724543
1715,05/05/2023 11:22:11.556226,1897,True,True,True,True,Eyes,2.283191,0.03528116,-2.320838,-0.2622446,0.1430861,0.9543344,0.0,0.0,0.0,0.0,0.0,0.0,0.0,-0.8176317,0.04756712,2.904426,2.135539,0.01877548,-2.132041,0.009507169,-0.2531047,0.005518047,0.9673766,1.214034,330.6791,0.3360276,0.6990278,0.01128751,-0.7149987,0.0,0.0,0.0,1.28632,0.07537552,-0.2785619,0.1678041,0.09865525,2.030238,0.8718151,0.005863439,0.4898,-0.01548867,0.9997584,0.01560073,-0.4895901,-0.02118731,0.8716953,moving,-15.36523,8.527006,4.724896,2.781983,-9.217488666799843,3.881008587764413,20.895417008674535,13.98563360879929,20.71961228149983
1716,05/05/2023 11:22:11.576079,1898,True,True,True,True,Eyes,2.276341,0.03451713,-2.312449,-0.2704212,0.1404723,0.952439,0.0,0.0,0.0,0.0,0.0,0.0,0.0,-0.7775288,0.04793692,2.904305,2.128275,0.01738453,-2.124142,0.009601882,-0.2593802,0.005093014,0.9657142,1.214039,329.9345,0.2782755,0.6992511,0.01124238,-0.7147811,0.0,0.0,0.0,1.257783,0.07199848,-0.2805898,0.1707008,0.09681842,2.030003,0.865392,0.004855715,0.501072,-0.01481787,0.9997637,0.01590329,-0.5008765,-0.0211874,0.8652594,moving,-15.85057,8.389894,4.806634,2.730581,-9.239904133015758,3.886463718152176,21.418400984424235,14.09401640343833,21.24271298766123
1717,05/05/2023 11:22:11.596773,1899,True,True,True,True,Eyes,2.269471,0.03372864,-2.304065,-0.2787797,0.1380208,0.9503853,0.0,0.0,0.0,0.0,0.0,0.0,0.0,-0.7359233,0.04653337,2.903715,2.12098,0.01586453,-2.115775,0.00920723,-0.2659528,0.004876466,0.9639298,1.16571,329.1537,0.258101,0.699474,0.01118183,-0.7145638,0.0,0.0,0.0,1.228414,0.07012077,-0.2828918,0.1739047,0.0947868,2.029742,0.8584907,0.004503763,0.5128095,-0.01429852,0.9997829,0.01515643,-0.5126299,-0.02034407,0.8583686,moving,-16.34817,8.26308,4.897042,2.67371,-9.263606998829186,3.89275667722891,21.968160822468594,14.213024128217922,21.792371764523832
1718,05/05/2023 11:22:11.606277,1900,True,True,True,True,Eyes,2.262563,0.03292407,-2.295683,-0.2869578,0.1355354,0.9483066,0.0,0.0,0.0,0.0,0.0,0.0,0.0,-0.6933105,0.04331775,2.902821,2.113685,0.01447457,-2.10738,0.008549187,-0.2727109,0.004547851,0.9620473,1.084671,328.3494,0.2342439,0.6996966,0.01110651,-0.7143471,0.0,0.0,0.0,1.198464,0.06950486,-0.2858141,0.1771304,0.09274156,2.029479,0.8512162,0.004087581,0.5247993,-0.01341341,0.9998124,0.01396895,-0.5246438,-0.01892994,0.8511114,moving,-16.83583,8.133837,4.988064,2.616438,-9.28657633472478,3.8986715081622103,22.510531780667403,14.332113572505818,22.335132728600186
1719,05/05/2023 11:22:11.626232,1901,True,True,True,True,Eyes,2.255639,0.03208308,-2.287289,-0.29531,0.1332872,0.9460584,0.0,0.0,0.0,0.0,0.0,0.0,0.0,-0.6502627,0.03510723,2.90122,2.106311,0.0132286,-2.098673,0.007206584,-0.2795767,0.003763564,0.960089,0.913467,327.5305,0.1832054,0.6999183,0.01101726,-0.7141312,0.0,0.0,0.0,1.168144,0.07217754,-0.2890193,0.1802949,0.09073506,2.029222,0.8436454,0.003197126,0.5368913,-0.0112563,0.9998678,0.01173352,-0.5367827,-0.01594233,0.8435699,moving,-17.33564,8.019443,5.077355,2.56023,-9.311064855560105,3.905652853117881,23.068275866423004,14.451186407820229,22.892807998868157
1720,05/05/2023 11:22:11.646414,1902,True,True,True,True,Eyes,2.255639,0.03208308,-2.287289,-0.29531,0.1332872,0.9460584,0.0,0.0,0.0,0.0,0.0,0.0,0.0,-0.6081604,0.02634619,2.898809,2.099054,0.01148031,-2.089852,0.005605776,-0.2863285,0.003057256,0.9581103,0.7157953,326.7237,0.151742,0.7001393,0.0109142,-0.7139161,0.0,0.0,0.0,1.138512,0.07530681,-0.2922131,0.1835121,0.08869487,2.02896,0.8360133,0.002648189,0.5487027,-0.009068561,0.9999185,0.008991145,-0.5486342,-0.01249266,0.8359692,moving,-17.33564,8.019443,5.168134,2.50306,-9.311064855560105,3.905652853117881,23.17003076488603,14.546974469300151,22.994537429481003
1721,05/05/2023 11:22:11.655947,1903,True,True,True,True,Eyes,2.255639,0.03208308,-2.287289,-0.29531,0.1332872,0.9460584,0.0,0.0,0.0,0.0,0.0,0.0,0.0,-0.5642101,0.0311416,2.896445,2.091989,0.009911223,-2.081389,0.005897394,-0.2933865,0.003722971,0.9559686,0.7712234,325.8789,0.2095876,0.7003382,0.01082146,-0.7137225,0.0,0.0,0.0,1.107984,0.06978045,-0.2964159,0.1869741,0.08649974,2.028679,0.827821,0.003657653,0.5609806,-0.01057852,0.9999027,0.009090907,-0.5608927,-0.01345998,0.8277791,moving,-17.33564,8.019443,5.265816,2.441525,-9.311064855560105,3.905652853117881,23.2795829544831,14.650226136393604,23.104063131204374
1722,05/05/2023 11:22:11.676065,1904,True,True,True,True,Eyes,2.248157,0.03110633,-2.27819,-0.3048573,0.1305716,0.943405,0.0,0.0,0.0,0.0,0.0,0.0,0.0,-0.5189058,0.03492411,2.893412,2.084945,0.008602265,-2.072498,0.00572639,-0.3007243,0.005020845,0.9536808,0.798848,324.9992,0.3513992,0.7005172,0.01073798,-0.7135482,0.0,0.0,0.0,1.075957,0.06615889,-0.3015001,0.1898392,0.08468302,2.028446,0.8190794,0.006132438,0.5736474,-0.0130207,0.999884,0.007902514,-0.5735324,-0.01394207,0.8190643,moving,-17.90802,7.879937,5.346652,2.390581,-9.338663417409574,3.913215344147672,23.89378159945219,14.764040918894302,23.7188609819905
1723,05/05/2023 11:22:11.697104,1905,True,True,True,True,Eyes,2.061511,0.009464448,-2.051542,-0.5403397,0.04826813,0.8400615,0.0,0.0,0.0,0.0,0.0,0.0,0.0,-0.470251,0.04486968,2.890248,2.077901,0.00728816,-2.063725,0.006420039,-0.3086089,0.006987337,0.9511417,0.9468813,324.0519,0.5346122,0.7007021,0.010636,-0.7133683,0.0,0.0,0.0,1.042262,0.05819377,-0.3080221,0.1930676,0.08263592,2.028183,0.8094235,0.009329335,0.5871513,-0.01725446,0.9998199,0.007900025,-0.5869718,-0.01652544,0.8094386,moving,-32.74971,3.288477,5.437737,2.333158,-10.0032406920054,4.059758137204836,38.19939453407043,15.537211465343587,38.150821455996116
1724,05/05/2023 11:22:11.706534,1906,True,True,True,True,Eyes,2.061238,0.009707271,-2.051154,-0.5408237,0.04783801,0.8397745,0.0,0.0,0.0,0.0,0.0,0.0,0.0,-0.4157751,0.08096829,2.886768,2.070896,0.009210311,-2.055276,0.01230123,-0.3174003,0.009937184,0.94816,1.69822,322.993,0.6325637,0.7023398,0.009081269,-0.7117782,-0.5599401,-0.06492566,0.6799443,1.005358,0.03182862,-0.316999,0.1962938,0.08059028,2.02792,0.7983167,0.01103525,0.6021369,-0.0266529,0.9994999,0.01701893,-0.6016479,-0.02963519,0.7982115,moving,-32.78196,3.260348,5.528757,2.275757,-10.003733518776857,4.059153196816999,38.32336697748998,15.63453752788084,38.27558875731161
1725,05/05/2023 11:22:11.726477,1907,True,True,True,True,Eyes,2.060664,0.0100582,-2.05038,-0.5418301,0.04819446,0.8391052,0.0,0.0,0.0,0.0,0.0,0.0,0.0,-0.3591999,0.08105537,2.88242,2.063405,0.01525709,-2.045987,0.01366225,-0.3266428,0.009775435,0.9449987,1.845688,321.873,0.547478,0.7036098,0.007892282,-0.7105376,-0.5263437,-0.06103012,0.6391476,0.9669694,0.03031933,-0.3269832,0.1995801,0.07850669,2.027653,0.7864178,0.009550189,0.6176211,-0.02740089,0.9994356,0.01943547,-0.6170869,-0.03220776,0.7862356,moving,-32.85128,3.287202,5.621465,2.217271,-10.009368610485106,4.062294540564789,38.48761957019148,15.739347865267769,38.43903337642357
1726,05/05/2023 11:22:11.746409,1908,True,True,True,True,Eyes,2.059879,0.01047975,-2.049269,-0.5431675,0.04826041,0.8382362,0.0,0.0,0.0,0.0,0.0,0.0,0.0,-0.3111554,0.02085539,2.876344,2.05565,0.01802491,-2.035826,0.00477983,-0.3346478,0.005559449,0.9423149,0.7293447,320.8993,0.4170581,0.7046002,0.0069885,-0.7095653,-0.4947631,-0.05736831,0.6007988,0.9333523,0.07020639,-0.334351,0.2027107,0.07652131,2.027399,0.7759599,0.007278384,0.6307403,-0.01367662,0.9998925,0.005287295,-0.630634,-0.01272913,0.775976,moving,-32.94278,3.295096,5.709779,2.161523,-10.015362861181616,4.065039459142135,38.66917771293837,15.839932495579374,38.62027932722289
1727,05/05/2023 11:22:11.756189,1909,True,True,True,True,Eyes,2.05881,0.01101132,-2.04783,-0.5449301,0.04844631,0.8370807,0.0,0.0,0.0,0.0,0.0,0.0,0.0,-0.2654897,0.02245819,2.870053,2.048846,0.02011103,-2.027318,0.005622131,-0.3421531,0.005385948,0.939612,0.816543,319.9851,0.3595208,0.7053768,0.00630934,-0.7088001,-0.4650773,-0.05392621,0.5647509,0.9023099,0.06691585,-0.3419391,0.2060416,0.07440946,2.027128,0.7658046,0.006274144,0.6430429,-0.01396866,0.9998788,0.006879606,-0.6429217,-0.01425088,0.7657993,moving,-33.06367,3.312317,5.803733,2.102203,-10.023638381796315,4.069011521341846,38.88623653501847,15.949107204383822,38.83674328726659
1728,05/05/2023 11:22:11.776276,1910,True,True,True,True,Eyes,2.057496,0.01157589,-2.04609,-0.5469287,0.04858895,0.8357679,0.0,0.0,0.0,0.0,0.0,0.0,0.0,-0.2240132,0.009482892,2.861472,2.041044,0.02325066,-2.017894,0.00435983,-0.3489826,0.00415077,0.9371099,0.634184,319.1505,0.271396,0.7059889,0.005809496,-0.708195,-0.4371727,-0.05069064,0.5308658,0.8727827,0.07426351,-0.347631,0.2091131,0.0724619,2.026878,0.7563878,0.004736446,0.6541063,-0.01082246,0.9999275,0.005274186,-0.654034,-0.01106837,0.7563843,moving,-33.20084,3.327253,5.890369,2.047481,-10.032787071496324,4.0732842883377804,39.112152043241814,16.05150392456328,39.062090298445504
1729,05/05/2023 11:22:11.797414,1911,True,True,True,True,Eyes,2.055924,0.01220163,-2.044106,-0.5493771,0.04841176,0.8341709,0.0,0.0,0.0,0.0,0.0,0.0,0.0,-0.1814814,-0.01620921,2.852943,2.033256,0.02457151,-2.009415,0.0009737826,-0.3559124,0.00139061,0.9345178,0.1609959,318.3013,0.1092026,0.706473,0.005453229,-0.7077154,-0.4109423,-0.0476492,0.4990138,0.8434348,0.08970311,-0.3549365,0.21233,0.07042192,2.026616,0.746649,0.001905937,0.6652156,-0.003292262,0.9999943,0.0008301639,-0.6652102,-0.002809905,0.7466509,moving,-33.36852,3.32148,5.981098,1.990143,-10.04271130928237,4.077284996822272,39.37213348236914,16.159165402184097,39.32209550012417
1730,05/05/2023 11:22:11.806360,1912,True,True,True,True,Eyes,2.054094,0.01289768,-2.041848,-0.5520709,0.04795235,0.8324171,0.0,0.0,0.0,0.0,0.0,0.0,0.0,-0.1353973,0.001510913,2.844497,2.025563,0.0267147,-2.00147,0.005575252,-0.3633779,-0.0003340148,0.9316251,0.5812954,317.3824,359.7322,0.7068575,0.005212472,-0.7073334,-0.3862858,-0.04479025,0.469073,0.8119389,0.07355431,-0.3637359,0.2155042,0.06840928,2.026358,0.7359129,-0.0046742,0.6770601,-0.003429493,0.9999376,0.01063084,-0.6770676,-0.01014534,0.7358509,moving,-33.55291,3.296946,6.070617,1.933555,-10.052671520372137,4.080759313412159,39.6469762647621,16.265636141101265,39.59749370376358
1731,05/05/2023 11:22:11.826540,1913,True,True,True,True,Eyes,2.052002,0.01355769,-2.039378,-0.5551065,0.04779784,0.8304049,0.0,0.0,0.0,0.0,0.0,0.0,0.0,-0.09093642,-0.01300899,2.834234,2.016982,0.02912058,-1.993052,0.005443579,-0.3705317,-0.005367126,0.9287884,0.3514823,316.4994,359.1976,0.7071643,0.005066438,-0.7070282,-0.3631086,-0.04210284,0.4409286,0.7813717,0.0799839,-0.3719446,0.2187309,0.06636322,2.026095,0.725355,-0.01400388,0.6882325,0.005935812,0.9998831,0.01408925,-0.6883495,-0.006134486,0.7253533,moving,-33.76181,3.294292,6.16161,1.876009,-10.065273208515316,4.085974346413899,39.94860437067218,16.37668115019483,39.899016540287136
1732,05/05/2023 11:22:11.846447,1914,True,True,True,True,Eyes,2.049682,0.01411227,-2.036707,-0.5583978,0.04695034,0.8282436,0.0,0.0,0.0,0.0,0.0,0.0,0.0,-0.04904759,-0.03507826,2.823824,2.008696,0.02883709,-1.985429,0.003342507,-0.3772059,-0.0106207,0.9260625,359.8956,315.6768,358.7284,0.70741,0.004994604,-0.7067823,-0.3413221,-0.03957666,0.4144729,0.7531312,0.09186607,-0.3801295,0.2220138,0.06428163,2.025828,0.7152059,-0.02219249,0.6985614,0.01714923,0.999752,0.01420312,-0.6987034,0.001821638,0.7154092,moving,-33.98766,3.244433,6.25418,1.817444,-10.076434905534033,4.089222230761744,40.267132803214594,16.487873104879636,40.21882584195705
1733,05/05/2023 11:22:11.856032,1915,True,True,True,True,Eyes,2.047102,0.01462626,-2.033874,-0.5620894,0.04579385,0.8258078,0.0,0.0,0.0,0.0,0.0,0.0,0.0,-0.006325483,-0.01762867,2.813522,2.000368,0.02699645,-1.978397,0.006888851,-0.3840562,-0.01214058,0.9232043,0.1944793,314.8223,358.4122,0.707608,0.004978634,-0.706584,-0.3208428,-0.03720206,0.3896045,0.7235103,0.07603412,-0.3894495,0.2253272,0.06218059,2.025558,0.7047068,-0.02770789,0.7089574,0.01712506,0.9996103,0.02204497,-0.709292,-0.003394298,0.7049067,moving,-34.24132,3.173995,6.3476,1.758314,-10.088214290785965,4.09213552109322,40.613600917182424,16.600684151369244,40.56716284873642
1734,05/05/2023 11:22:11.876366,1916,True,True,True,True,Eyes,2.044286,0.01516968,-2.030862,-0.56608,0.04427962,0.8231602,0.0,0.0,0.0,0.0,0.0,0.0,0.0,0.03973985,0.007306106,2.802296,1.991655,0.02660554,-1.971572,0.01160572,-0.39145,-0.01240014,0.9200428,0.6673648,313.8928,358.1716,0.7077858,0.004987617,-0.7064058,-0.3015922,-0.03496994,0.3662282,0.691369,0.0559534,-0.4012011,0.2283599,0.0602578,2.025312,0.6932264,-0.03190343,0.7200135,0.0137312,0.9994231,0.03106358,-0.720589,-0.01164745,0.6932645,moving,-34.51596,3.0791,6.433096,1.704181,-10.099991578102289,4.0943420295474695,40.97213186481388,16.70496496890573,40.92823051048177
1735,05/05/2023 11:22:11.897689,1917,True,True,True,True,Eyes,2.041205,0.01572889,-2.027709,-0.5704489,0.0430261,0.8202054,0.0,0.0,0.0,0.0,0.0,0.0,0.0,0.08818376,0.01137224,2.790022,1.982761,0.0279705,-1.96469,0.01319911,-0.3992068,-0.01408976,0.9166576,0.7419254,312.92,357.9156,0.7079494,0.005015284,-0.7062416,-0.2834967,-0.03287175,0.3442545,0.6584834,0.05151088,-0.4143409,0.2315621,0.05822728,2.025052,0.6808708,-0.03636932,0.7315,0.01529262,0.9992545,0.03544758,-0.7322439,-0.01294868,0.6809195,moving,-34.81843,3.002854,6.523367,1.646999,-10.11444350873606,4.098209925259337,41.36402448952754,16.817406860890262,41.32205546866843
1736,05/05/2023 11:22:11.906392,1918,True,True,True,True,Eyes,2.037891,0.01626525,-2.024395,-0.575109,0.04174549,0.817011,0.0,0.0,0.0,0.0,0.0,0.0,0.0,0.137754,-0.002416186,2.776727,1.973449,0.02886355,-1.958025,0.01172881,-0.4070629,-0.01709554,0.9131649,0.4298804,311.9393,357.6633,0.7080982,0.005060426,-0.7060921,-0.2664869,-0.03089944,0.3235992,0.6254387,0.06020161,-0.4283377,0.2348342,0.05615219,2.024786,0.6680151,-0.04077081,0.74303,0.02167336,0.9991404,0.03533858,-0.7438321,-0.007502756,0.6683245,moving,-35.14242,2.925006,6.615594,1.588543,-10.130123987513263,4.102547468078395,41.779395239454644,16.93337796728235,41.73936801193818
1737,05/05/2023 11:22:11.925981,1919,True,True,True,True,Eyes,2.034333,0.01677363,-2.020984,-0.5801145,0.04051822,0.8135266,0.0,0.0,0.0,0.0,0.0,0.0,0.0,0.1863734,-0.01144575,2.762543,1.964026,0.02891579,-1.951481,0.01036373,-0.4148029,-0.01854301,0.9096633,0.1989097,310.9702,357.5737,0.7082325,0.005120617,-0.7059571,-0.2504977,-0.02904547,0.3041833,0.5926235,0.0659913,-0.4427858,0.237877,0.05422306,2.024538,0.6551895,-0.04233361,0.7542776,0.02513799,0.9990975,0.0342384,-0.7550463,-0.003471621,0.6556622,moving,-35.49214,2.851298,6.70135,1.534182,-10.147590689848464,4.107754565161214,42.214042603588155,17.044356195473668,42.175809688307154
1738,05/05/2023 11:22:11.946435,1920,True,True,True,True,Eyes,2.030571,0.01723068,-2.017471,-0.5853236,0.03885488,0.8098682,0.0,0.0,0.0,0.0,0.0,0.0,0.0,0.2346789,-0.009243906,2.748082,1.9547,0.02875277,-1.945619,0.01038789,-0.4225126,-0.01806972,0.9061174,0.2037398,309.9975,357.6201,0.708351,0.00519349,-0.7058377,-0.2354678,-0.02730275,0.2859323,0.5600592,0.06369834,-0.4582401,0.2410684,0.05219936,2.024278,0.6423131,-0.0415246,0.7653166,0.02396854,0.9991311,0.03409466,-0.7660674,-0.003555922,0.6427504,moving,-35.85712,2.746762,6.791289,1.477139,-10.164372561610575,4.111784305043349,42.667302853513135,17.159132113112985,42.631632760680226
1739,05/05/2023 11:22:11.966328,1921,True,True,True,True,Eyes,2.026587,0.01765158,-2.013918,-0.5909048,0.03689774,0.8058971,0.0,0.0,0.0,0.0,0.0,0.0,0.0,0.2830367,0.005599074,2.733246,1.945486,0.02812354,-1.940379,0.01221204,-0.4302534,-0.01602477,0.9024833,0.4728614,309.0123,357.74,0.7084538,0.005276093,-0.7057342,-0.2213397,-0.02566458,0.2687764,0.5275303,0.0518725,-0.4748833,0.2443347,0.05012837,2.024012,0.6292503,-0.03943271,0.7762018,0.01841563,0.9991881,0.03583174,-0.7769845,-0.008252893,0.6294657,moving,-36.24984,2.621439,6.883324,1.418745,-10.18175695212218,4.1154670775270095,43.14992826771016,17.276842821126344,43.117268733313765
1740,05/05/2023 11:22:11.976240,1922,True,True,True,True,Eyes,2.022422,0.01806802,-2.010278,-0.5967236,0.03485379,0.8016895,0.0,0.0,0.0,0.0,0.0,0.0,0.0,0.3349282,0.03262836,2.717347,1.936298,0.0277524,-1.935768,0.01611872,-0.4385614,-0.01295913,0.8984632,1.008309,307.9449,357.8549,0.7085391,0.00536629,-0.705648,-0.2080593,-0.02412471,0.2526498,0.4933038,0.03091162,-0.4946156,0.2475677,0.04807824,2.023749,0.6149919,-0.03742471,0.7876448,0.009148506,0.9991445,0.04033091,-0.7884804,-0.01759741,0.6148081,moving,-36.66151,2.489391,6.97441,1.360921,-10.1999446772124,4.119293078811101,43.65050926148858,17.39445529770484,43.62089756892077
1741,05/05/2023 11:22:11.998258,1923,True,True,True,True,Eyes,2.018036,0.01849618,-2.006617,-0.6028622,0.03273512,0.7971734,0.0,0.0,0.0,0.0,0.0,0.0,0.0,0.3878148,0.05847201,2.699955,1.927008,0.02824626,-1.93117,0.02026384,-0.4470378,-0.01058924,0.8942229,1.534174,306.849,357.8756,0.708607,0.005463267,-0.7055792,-0.1955758,-0.02267722,0.2374908,0.4589134,0.01074176,-0.5155741,0.2508245,0.04601322,2.023485,0.6000901,-0.03705569,0.7990737,0.0008208827,0.9989545,0.04570835,-0.799932,-0.02677319,0.5994932,moving,-37.09839,2.351472,7.066152,1.302658,-10.21936228676135,4.123466072450178,44.17699379627772,17.514164620084816,44.15042322115171
1742,05/05/2023 11:22:12.006442,1924,True,True,True,True,Eyes,2.013442,0.01891068,-2.002943,-0.609045,0.03104464,0.7925279,0.0,0.0,0.0,0.0,0.0,0.0,0.0,0.4390672,0.07001862,2.681912,1.917445,0.02899418,-1.926888,0.02241231,-0.4551836,-0.01025911,0.8900565,1.751052,305.7948,357.783,0.7086558,0.005566857,-0.7055296,-0.1838412,-0.02131659,0.2232414,0.4257578,0.001274958,-0.5362042,0.2540309,0.04397991,2.023224,0.5854053,-0.03866579,0.8098183,-0.002141056,0.9987848,0.04923598,-0.8107381,-0.03055688,0.5846112,moving,-37.54171,2.243225,7.156466,1.245273,-10.24072762573035,4.129313367636856,44.70931497933378,17.63462602079533,44.68499881187473
1743,05/05/2023 11:22:12.026399,1925,True,True,True,True,Eyes,2.008643,0.01930768,-1.999272,-0.6154405,0.02920825,0.7876419,0.0,0.0,0.0,0.0,0.0,0.0,0.0,0.4862945,0.08245254,2.663713,1.907912,0.02911375,-1.922932,0.02466916,-0.4626721,-0.01004947,0.8861292,1.972562,304.8193,357.6696,0.7086839,0.00567602,-0.7055007,-0.1728107,-0.0200376,0.2098469,0.3948295,-0.008933106,-0.5556669,0.2570114,0.04209008,2.022982,0.571667,-0.04063771,0.8194788,-0.005017205,0.9985809,0.05301933,-0.8204704,-0.0344209,0.5706519,moving,-38.00304,2.123736,7.240402,1.191922,-10.262602256402502,4.135050044771454,45.253036597978266,17.7487227903183,45.2311330480919
1744,05/05/2023 11:22:12.046157,1926,True,True,True,True,Eyes,2.003649,0.01967904,-1.995628,-0.6217403,0.0275383,0.7827392,0.0,0.0,0.0,0.0,0.0,0.0,0.0,0.5299135,0.09792478,2.645305,1.898348,0.0291374,-1.919234,0.02718139,-0.4695717,-0.008730179,0.8824328,2.279404,303.9154,357.6521,0.7086896,0.005789682,-0.7054941,-0.1624421,-0.01883534,0.1972561,0.3661461,-0.0220041,-0.5736991,0.2602661,0.0400264,2.022717,0.5588525,-0.04093481,0.8282562,-0.01011963,0.9983699,0.05617039,-0.8292055,-0.03977261,0.5575272,moving,-38.46059,2.014947,7.33205,1.133646,-10.284807076911797,4.141234206960307,45.80111974201288,17.87174418155609,45.78130817414246
1745,05/05/2023 11:22:12.056251,1927,True,True,True,True,Eyes,1.998476,0.020026,-1.992021,-0.6282355,0.02564448,0.7776005,0.0,0.0,0.0,0.0,0.0,0.0,0.0,0.5715599,0.1118679,2.626884,1.888832,0.02890816,-1.916036,0.02913893,-0.47611,-0.006567227,0.8788784,2.577214,303.0583,357.746,0.7086713,0.00590658,-0.7055117,-0.1526956,-0.01770522,0.1854207,0.3389066,-0.03448864,-0.5913057,0.2635162,0.03796558,2.022453,0.5465522,-0.03929027,0.8365029,-0.01620309,0.9982156,0.05747261,-0.8372684,-0.04496571,0.5449403,moving,-38.93528,1.888872,7.423554,1.075433,-10.30715139341362,4.146978020799274,46.36596998711746,17.99478542697366,46.348476192748464
1746,05/05/2023 11:22:12.076257,1928,True,True,True,True,Eyes,1.993099,0.02035598,-1.988494,-0.6346926,0.02394019,0.7723938,0.0,0.0,0.0,0.0,0.0,0.0,0.0,0.6145375,0.1314669,2.607476,1.879505,0.02872624,-1.913244,0.03201464,-0.4828673,-0.003592281,0.875101,3.01302,302.1653,357.8649,0.7086274,0.006025615,-0.705555,-0.1435338,-0.01664291,0.1742955,0.3114478,-0.05156763,-0.6107746,0.2666267,0.03599331,2.0222,0.5336526,-0.03720486,0.8448851,-0.02463043,0.9979243,0.05950127,-0.8453451,-0.05256289,0.5316286,moving,-39.41068,1.775302,7.511112,1.019705,-10.33019433463593,4.153376128556236,46.92787541874949,18.114417088834713,46.912352238629815
1747,05/05/2023 11:22:12.098529,1929,True,True,True,True,Eyes,1.987543,0.02065659,-1.985005,-0.6413157,0.02223211,0.766955,0.0,0.0,0.0,0.0,0.0,0.0,0.0,0.6578645,0.1468963,2.587101,1.869934,0.02864541,-1.910494,0.03423391,-0.4896818,-0.0008525559,0.8712285,3.371863,301.2637,357.99,0.7085552,0.006146054,-0.7056264,-0.1349218,-0.01564433,0.1638377,0.2839435,-0.06585172,-0.6306865,0.2698443,0.03395316,2.021938,0.520422,-0.03501299,0.8531911,-0.0320419,0.9976546,0.06048609,-0.8533078,-0.05881615,0.5180796,moving,-39.90184,1.660397,7.601676,0.9620424,-10.354128514799443,4.160109948702165,47.50864901793774,18.238381282881274,47.49500336793316
1748,05/05/2023 11:22:12.106194,1930,True,True,True,True,Eyes,1.981807,0.02093665,-1.981574,-0.6478826,0.02096883,0.7614515,0.0,0.0,0.0,0.0,0.0,0.0,0.0,0.7000346,0.1513766,2.56672,1.86021,0.02825272,-1.907835,0.0345648,-0.4963119,0.0009984253,0.8674554,3.494797,300.3911,358.1296,0.7084535,0.006266796,-0.7057273,-0.1268265,-0.01470567,0.1540075,0.2570313,-0.07212386,-0.6498526,0.2731833,0.03183574,2.021666,0.507347,-0.03257766,0.8611259,-0.03604202,0.9976086,0.05897577,-0.8609878,-0.0609579,0.5049595,moving,-40.39287,1.577411,7.695639,0.9021782,-10.379727474931531,4.168464110762009,48.093249392999816,18.368110867857943,48.08088360550759
1749,05/05/2023 11:22:12.125996,1931,True,True,True,True,Eyes,1.975894,0.02118294,-1.978189,-0.6545415,0.01989245,0.7557643,0.0,0.0,0.0,0.0,0.0,0.0,0.0,0.7396226,0.1510901,2.546631,1.850386,0.02797588,-1.905384,0.034223,-0.5025176,0.002098948,0.863887,3.510939,299.5733,358.2335,0.708321,0.006387157,-0.7058592,-0.1192169,-0.01382333,0.144767,0.2311825,-0.0744736,-0.6680436,0.2762205,0.02990973,2.021419,0.4949433,-0.03076881,0.8683803,-0.03802182,0.9976487,0.05702009,-0.868093,-0.06123912,0.4926098,moving,-40.89471,1.507732,7.781095,0.8477096,-10.40668308546984,4.177772029536092,48.68027960033228,18.49012134819306,48.66894032895578
1750,05/05/2023 11:22:12.146331,1932,True,True,True,True,Eyes,1.969785,0.02136842,-1.974888,-0.6610664,0.01921272,0.7500814,0.0,0.0,0.0,0.0,0.0,0.0,0.0,0.776728,0.142494,2.526949,1.840328,0.02738146,-1.90303,0.0325503,-0.508328,0.001869641,0.8605462,3.320593,298.8093,358.2852,0.7081565,0.006506046,-0.706023,-0.1120639,-0.01299393,0.136081,0.2063201,-0.07023007,-0.6846587,0.2794424,0.02786712,2.021157,0.4831983,-0.02987463,0.8750011,-0.03631028,0.997874,0.05412129,-0.8747576,-0.05792285,0.4810863,moving,-41.39057,1.467264,7.871734,0.7899274,-10.4348047734276,4.188412716805884,49.26696033101815,18.6193196522202,49.25617376986384
1751,05/05/2023 11:22:12.156324,1933,True,True,True,True,Eyes,1.96351,0.02148337,-1.971658,-0.6676351,0.01863076,0.7442555,0.0,0.0,0.0,0.0,0.0,0.0,0.0,0.8106265,0.1305608,2.507761,1.830011,0.02596314,-1.900898,0.03033759,-0.5135989,0.0004612798,0.8574939,3.009552,298.1149,358.2572,0.7079579,0.006621503,-0.7062207,-0.1053401,-0.01221429,0.1279161,0.1827457,-0.06294703,-0.6995673,0.282664,0.0258242,2.020895,0.4724319,-0.03037162,0.8808438,-0.0319538,0.9981588,0.05155478,-0.8807877,-0.05250243,0.4705917,moving,-41.89372,1.433971,7.962344,0.7321197,-10.463747081473196,4.199605086182791,49.86100392911687,18.74951432560687,49.85065185420234
1752,05/05/2023 11:22:12.176359,1934,True,True,True,True,Eyes,1.957064,0.02153309,-1.968519,-0.6742446,0.01798349,0.7382891,0.0,0.0,0.0,0.0,0.0,0.0,0.0,0.8438752,0.1283868,2.488181,1.819812,0.02437013,-1.899301,0.02986076,-0.5187353,-0.0005082875,0.854413,2.894641,297.4279,358.1726,0.7077241,0.006731393,-0.7064534,-0.09901965,-0.01148144,0.1202412,0.1598894,-0.06300291,-0.7151288,0.285834,0.02381393,2.020637,0.4618267,-0.03184824,0.8863981,-0.03011109,0.9982161,0.05155418,-0.8864589,-0.05049952,0.4600438,moving,-42.40398,1.395353,8.051492,0.67522,-10.492843971507284,4.210708671667725,50.46061083935145,18.87834941862317,50.4507470445436
1753,05/05/2023 11:22:12.197517,1935,True,True,True,True,Eyes,1.950452,0.02149973,-1.965464,-0.6808388,0.01741672,0.7322261,0.0,0.0,0.0,0.0,0.0,0.0,0.0,0.8752838,0.1301802,2.468554,1.809525,0.02277055,-1.897875,0.03011952,-0.5235689,-0.001375291,0.8514497,2.857402,296.7756,358.056,0.7074536,0.006833969,-0.7067226,-0.09307847,-0.01079255,0.1130267,0.1379732,-0.0660166,-0.7299815,0.2890692,0.02176284,2.020374,0.4517475,-0.03388127,0.8915023,-0.0291973,0.9981818,0.05273062,-0.891668,-0.04985039,0.4499369,moving,-42.9173,1.36258,8.142454,0.6171486,-10.522433796372924,4.222187951663657,51.0651950599684,19.0098486363841,51.055733620671035
1754,05/05/2023 11:22:12.206344,1936,True,True,True,True,Eyes,1.943673,0.02138744,-1.962529,-0.6875175,0.01623419,0.7259863,0.0,0.0,0.0,0.0,0.0,0.0,0.0,0.9043286,0.1297783,2.449461,1.799016,0.02073076,-1.896741,0.02988257,-0.5279725,-0.00238501,0.8487322,2.763081,296.1815,357.9573,0.7071452,0.006926994,-0.7070295,-0.08749376,-0.010145,0.1062451,0.117189,-0.06752826,-0.7433132,0.2925244,0.01957176,2.020092,0.4424787,-0.03560282,0.8960719,-0.02750588,0.9982027,0.05324304,-0.8963569,-0.04820616,0.4407042,moving,-43.44107,1.28101,8.239581,0.5550954,-10.55010376794202,4.2314526319814965,51.68574890422209,19.145961876483902,51.67733192892837
1755,05/05/2023 11:22:12.226419,1937,True,True,True,True,Eyes,1.936742,0.02120088,-1.959693,-0.6940943,0.0150394,0.719727,0.0,0.0,0.0,0.0,0.0,0.0,0.0,0.9300768,0.1344759,2.431148,1.788611,0.01866206,-1.895819,0.03051617,-0.5318192,-0.002843569,0.8463032,2.787241,295.6572,357.8615,0.7067985,0.007008447,-0.7073758,-0.08224414,-0.009536297,0.09987039,0.09785955,-0.07283819,-0.7554734,0.2953779,0.01776262,2.01986,0.4343206,-0.03727121,0.8999868,-0.02764512,0.9981214,0.05467639,-0.9003339,-0.04862733,0.4324743,moving,-43.96133,1.197077,8.319781,0.5038453,-10.57743583276217,4.240507217130263,52.2857068192083,19.26311102359537,52.27832721870799
1756,05/05/2023 11:22:12.246199,1938,True,True,True,True,Eyes,1.929658,0.02095176,-1.956978,-0.7006119,0.01341691,0.7134163,0.0,0.0,0.0,0.0,0.0,0.0,0.0,0.9522648,0.1416606,2.413964,1.778077,0.01670228,-1.895326,0.03171549,-0.5350112,-0.003602175,0.8442418,2.848583,295.2166,357.7036,0.7064105,0.00707706,-0.7077629,-0.07730949,-0.008964119,0.09387816,0.08042194,-0.07994278,-0.7653626,0.2986232,0.01570464,2.019596,0.4275001,-0.04001851,0.9031291,-0.02785408,0.9979623,0.0574055,-0.903586,-0.04969669,0.4255143,moving,-44.48119,1.07741,8.410973,0.4455304,-10.602870868724644,4.247733823505344,52.89593726031768,19.390281316627497,52.88992716412794
1757,05/05/2023 11:22:12.256376,1939,True,True,True,True,Eyes,1.922428,0.02062728,-1.954381,-0.7069397,0.01183048,0.7071749,0.0,0.0,0.0,0.0,0.0,0.0,0.0,0.9705522,0.1473733,2.398299,1.767508,0.0149227,-1.895051,0.03277625,-0.5375175,-0.004980425,0.8426007,2.859126,294.8677,357.4963,0.7059804,0.0071317,-0.7081918,-0.07267092,-0.008426272,0.08824547,0.06472728,-0.08534047,-0.7727793,0.3018462,0.01366128,2.019334,0.4221002,-0.04362864,0.9054989,-0.0268426,0.9978018,0.06058871,-0.9061518,-0.04988045,0.4200012,moving,-44.99047,0.9584241,8.501518,0.3876137,-10.627696325445584,4.254724117088964,53.495033458302395,19.51618261051045,53.49026346393656
1758,05/05/2023 11:22:12.285874,1940,True,True,True,True,Eyes,1.915055,0.02023885,-1.951911,-0.7131243,0.009971235,0.7009668,0.0,0.0,0.0,0.0,0.0,0.0,0.0,0.9852326,0.153241,2.384169,1.756806,0.01279008,-1.895229,0.03377241,-0.539331,-0.006257577,0.8413933,2.870684,294.6129,357.3051,0.7055081,0.007170884,-0.7086622,-0.06831066,-0.007920696,0.08295075,0.05073718,-0.09104151,-0.7779137,0.3050351,0.01163929,2.019076,0.418166,-0.04695917,0.9071562,-0.02589884,0.9976406,0.06358156,-0.9080014,-0.05008194,0.4159632,moving,-45.49258,0.814976,8.591084,0.3302871,-10.65080254868776,4.2602864280951325,54.08583580748918,19.639121484205937,54.0823809937798
1759,05/05/2023 11:22:12.299357,1941,True,True,True,True,Eyes,1.907541,0.01982732,-1.949581,-0.7191043,0.00812621,0.6948546,0.0,0.0,0.0,0.0,0.0,0.0,0.0,0.9974614,0.1584091,2.371217,1.746041,0.01083694,-1.895762,0.03463287,-0.540661,-0.007383646,0.840495,2.879374,294.4246,357.1384,0.704991,0.007193915,-0.7091768,-0.06421202,-0.007445455,0.0779737,0.03798788,-0.09637545,-0.7814088,0.3082613,0.009593748,2.018813,0.4152624,-0.04986111,0.9083343,-0.02503745,0.9974921,0.0662016,-0.9093572,-0.0502334,0.4129725,moving,-45.98254,0.6700342,8.681682,0.2722774,-10.673089468745417,4.265461589002265,54.66566909255964,19.762406193949648,54.66332935386519
1760,05/05/2023 11:22:12.306526,1942,True,True,True,True,Eyes,1.899869,0.01936907,-1.947379,-0.7249848,0.006431077,0.6887348,0.0,0.0,0.0,0.0,0.0,0.0,0.0,1.010192,0.1655329,2.358083,1.735134,0.00987662,-1.896749,0.03609901,-0.5420166,-0.008732742,0.8395467,2.931788,294.2279,356.9122,0.7044282,0.007201445,-0.709736,0.0,0.0,0.0,0.02517066,-0.1027966,-0.7854264,0.3117814,0.007361136,2.018526,0.4122837,-0.05379561,0.9094658,-0.02446943,0.9972411,0.07008019,-0.9107268,-0.05114703,0.4098299,moving,-46.46883,0.5349851,8.780513,0.2089446,-10.69567098112808,4.271045985990335,55.25030501580321,19.895286128548506,55.24880933618045
1761,05/05/2023 11:22:12.326461,1943,True,True,True,True,Eyes,1.892063,0.01883584,-1.945329,-0.730646,0.004861771,0.6827392,0.0,0.0,0.0,0.0,0.0,0.0,0.0,1.021297,0.1549805,2.346397,1.72365,0.008224886,-1.897791,0.03435015,-0.5430151,-0.01263097,0.8389249,2.517057,294.0983,356.6432,0.703818,0.00719324,-0.7103415,0.0,0.0,0.0,0.01197382,-0.09334154,-0.78765,0.3147233,0.005495697,2.018286,0.4099501,-0.05849816,0.91023,-0.01611244,0.9973211,0.07135201,-0.9119655,-0.04391678,0.4079093,moving,-46.9413,0.4079951,8.863091,0.1560133,-10.717831949873451,4.276686399804367,55.80495990239946,20.009809853277773,55.804088730410015
1762,05/05/2023 11:22:12.347163,1944,True,True,True,True,Eyes,1.884123,0.01825883,-1.943413,-0.7362427,0.003141011,0.6767104,0.0,0.0,0.0,0.0,0.0,0.0,0.0,1.032219,0.1571983,2.334633,1.712619,0.005872589,-1.899368,0.03470385,-0.5439656,-0.0150518,0.8382546,2.396005,293.9632,356.3854,0.70316,0.007168041,-0.7109933,0.0,0.0,0.0,-0.0003524609,-0.09493838,-0.7907529,0.3177443,0.00358016,2.018041,0.4077497,-0.06298988,0.9109185,-0.01252093,0.9971381,0.07455666,-0.9130079,-0.04180601,0.4057941,moving,-47.41263,0.2659415,8.947867,0.101647,-10.739133985373943,4.281531355061641,56.360736464046845,20.125840132024393,56.36036489869572
1763,05/05/2023 11:22:12.356384,1945,True,True,True,True,Eyes,1.876043,0.01764873,-1.941648,-0.7416144,0.001623827,0.6708244,0.0,0.0,0.0,0.0,0.0,0.0,0.0,1.041696,0.162661,2.323075,1.701359,0.004276739,-1.900953,0.03586579,-0.544661,-0.01766643,0.8377029,2.340915,293.8569,356.0592,0.7024525,0.007125805,-0.7116929,0.0,0.0,0.0,-0.01214425,-0.09866964,-0.7929044,0.3209974,0.001517385,2.017776,0.4060647,-0.06866782,0.9112608,-0.009470958,0.9968031,0.07933418,-0.9137953,-0.04084532,0.4041161,moving,-47.86921,0.1386924,9.039136,0.04308691,-10.760312248020035,4.286751637661511,56.908426308108666,20.249119517816624,56.90832150000634
1764,05/05/2023 11:22:12.381310,1946,True,True,True,True,Eyes,1.867842,0.01710525,-1.940014,-0.746978,-0.0002776015,0.6648487,0.0,0.0,0.0,0.0,0.0,0.0,0.0,1.051391,0.1612021,2.311949,1.689927,0.002836196,-1.902802,0.03583404,-0.5453208,-0.02145692,0.8371863,2.097364,293.7629,355.6954,0.7016951,0.007066956,-0.7124406,0.0,0.0,0.0,-0.02422721,-0.09582469,-0.794914,0.324193,-0.0005087629,2.017517,0.4043296,-0.07500898,0.9115325,-0.003155226,0.996511,0.08340136,-0.914608,-0.03659773,0.4026822,moving,-48.32928,-0.02392332,9.128771,-0.01444844,-10.779849984627193,4.290262254482137,57.45805178120776,20.368694697322336,57.45804687471074
1765,05/05/2023 11:22:12.399686,1947,True,True,True,True,Eyes,1.859481,0.0167984,-1.938508,-0.7521202,-0.002120476,0.6590225,0.0,0.0,0.0,0.0,0.0,0.0,0.0,1.061547,0.1808556,2.299204,1.678609,0.004015451,-1.904779,0.04020564,-0.5461463,-0.02333293,0.8363992,2.393914,293.6135,355.2378,0.7008863,0.006995465,-0.713237,0.0,0.0,0.0,-0.0363901,-0.1099181,-0.7991989,0.3273793,-0.002529286,2.017257,0.4023598,-0.0829476,0.9117162,-0.004885028,0.9956781,0.0927423,-0.9154686,-0.04176954,0.4002156,moving,-48.77452,-0.1843547,9.218126,-0.0718388,-10.798597712301069,4.29350418134087,57.99275515018294,20.48720204223451,57.99257704217342
1766,05/05/2023 11:22:12.406327,1948,True,True,True,True,Eyes,1.859481,0.0167984,-1.938508,-0.7521202,-0.002120476,0.6590225,0.0,0.0,0.0,0.0,0.0,0.0,0.0,1.069395,0.1860035,2.287443,1.666536,0.009736492,-1.906085,0.04309544,-0.5465233,-0.02866,0.835843,2.333462,293.5308,354.5432,0.7000256,0.006921343,-0.7140827,0.0,0.0,0.0,-0.04863916,-0.108352,-0.8007261,0.3306092,-0.004577249,2.016994,0.4009817,-0.09501585,0.9111452,0.0008051923,0.9946428,0.1033688,-0.9160857,-0.04071534,0.3989101,moving,-48.77452,-0.1843547,9.308678,-0.1300235,-10.798597712301069,4.29350418134087,58.083223410779276,20.588106608381484,58.083049355581444
1767,05/05/2023 11:22:12.425965,1949,True,True,True,True,Eyes,1.859481,0.0167984,-1.938508,-0.7521202,-0.002120476,0.6590225,0.0,0.0,0.0,0.0,0.0,0.0,0.0,1.074639,0.1288937,2.280759,1.65328,0.01116591,-1.907843,0.03352233,-0.5457824,-0.04023459,0.8362889,0.6961624,293.7048,354.0365,0.69925,0.006854627,-0.7148429,0.0,0.0,0.0,-0.05951088,-0.05457906,-0.7939713,0.3337994,-0.006600246,2.016735,0.4010055,-0.1038873,0.9101659,0.03070368,0.9945148,0.09998735,-0.9155609,-0.01215003,0.4019957,moving,-48.77452,-0.1843547,9.398095,-0.1875135,-10.798597712301069,4.29350418134087,58.17261508576215,20.687820474269508,58.17241815084413
1768,05/05/2023 11:22:12.445996,1950,True,True,True,True,Eyes,1.849979,0.01677495,-1.937289,-0.7573139,-0.002973076,0.6530443,0.0,0.0,0.0,0.0,0.0,0.0,0.0,1.088443,0.1238751,2.268863,1.642149,0.01215852,-1.910757,0.03251721,-0.546957,-0.04017437,0.8355637,0.5954914,293.5521,354.1046,0.6985511,0.00679455,-0.7155266,0.0,0.0,0.0,-0.07228972,-0.05191875,-0.7988353,0.3368959,-0.008563764,2.016483,0.3984482,-0.1027075,0.9114221,0.03156545,0.9946573,0.0982877,-0.9166476,-0.0103931,0.3995614,moving,-49.22826,-0.2608453,9.484865,-0.2433269,-10.822262752672064,4.301233738228517,58.71312761350704,20.80943221132859,58.71274587009893
1769,05/05/2023 11:22:12.456424,1951,True,True,True,True,Eyes,1.84036,0.01686253,-1.936187,-0.7622923,-0.003068778,0.6472257,0.0,0.0,0.0,0.0,0.0,0.0,0.0,1.103297,0.1083438,2.254692,1.629387,0.01634468,-1.912451,0.02993393,-0.5483128,-0.0392463,0.8348155,0.3976427,293.386,354.3555,0.6977609,0.00674137,-0.7162978,0.0,0.0,0.0,-0.0869278,-0.04168598,-0.802564,0.3401607,-0.01063379,2.016217,0.3956259,-0.09835313,0.9131303,0.03270052,0.9951274,0.09301708,-0.9178293,-0.006940125,0.3969143,moving,-49.66702,-0.2716621,9.576324,-0.3021825,-10.848455787758416,4.31192037643653,59.24335186159838,20.93947407966028,59.24289888812836
1770,05/05/2023 11:22:12.476502,1952,True,True,True,True,Eyes,1.830692,0.0169796,-1.935186,-0.7668101,-0.003553379,0.6418642,0.0,0.0,0.0,0.0,0.0,0.0,0.0,1.117029,0.06207514,2.242167,1.616969,0.0189403,-1.91415,0.02133608,-0.5492487,-0.04217825,0.8343211,359.3852,293.3136,354.6164,0.6968825,0.006698524,-0.7171528,0.0,0.0,0.0,-0.0999376,-0.004191563,-0.8033819,0.343284,-0.0126141,2.015963,0.3930939,-0.09381802,0.9146996,0.04694277,0.9955316,0.08193496,-0.9182993,0.01073042,0.3957414,moving,-50.06873,-0.3171879,9.663798,-0.3585013,-10.870570232512677,4.31989255045348,59.73254228699633,21.060570925983622,59.731919051458604
1771,05/05/2023 11:22:12.496467,1953,True,True,True,True,Eyes,1.820942,0.01712572,-1.934275,-0.7711289,-0.004171374,0.6366655,0.0,0.0,0.0,0.0,0.0,0.0,0.0,1.12819,0.0642069,2.23019,1.605895,0.01992416,-1.916087,0.02129161,-0.5502585,-0.03794676,0.83386,359.6418,293.1745,355.0252,0.6959208,0.006666113,-0.7180865,0.0,0.0,0.0,-0.112031,-0.01212679,-0.8065649,0.3465128,-0.01466157,2.015701,0.3915514,-0.08671634,0.9160611,0.0398528,0.9962134,0.07726949,-0.9192929,0.006252608,0.3935247,moving,-50.45597,-0.3753914,9.754198,-0.4167439,-10.891137782508167,4.326849244786759,60.21018220050061,21.1832850496749,60.20932165362292
1772,05/05/2023 11:22:12.506311,1954,True,True,True,True,Eyes,1.811177,0.01723938,-1.933388,-0.7751687,-0.005318225,0.631732,0.0,0.0,0.0,0.0,0.0,0.0,0.0,1.135535,0.06400897,2.219078,1.594172,0.02079453,-1.917296,0.02068786,-0.5506289,-0.03239605,0.8338649,359.9327,293.1263,355.5947,0.6948792,0.006644211,-0.7190946,0.0,0.0,0.0,-0.1228011,-0.02051641,-0.8060026,0.3499602,-0.01684754,2.015421,0.3915168,-0.07681052,0.9169596,0.03124519,0.997045,0.07017815,-0.9196404,0.001174645,0.3927599,moving,-50.82132,-0.4823322,9.85069,-0.4789422,-10.907816197448096,4.330766132020958,60.67201009470677,21.30842260207458,60.67067876162662
1773,05/05/2023 11:22:12.526088,1955,True,True,True,True,Eyes,1.801393,0.01731892,-1.932586,-0.779047,-0.00709831,0.6269253,0.0,0.0,0.0,0.0,0.0,0.0,0.0,1.141486,0.06323241,2.209376,1.583391,0.02039111,-1.918538,0.01974522,-0.5507958,-0.02662584,0.8339815,0.2064652,293.1083,356.2064,0.693764,0.006630584,-0.7201708,0.0,0.0,0.0,-0.1322139,-0.0289239,-0.8049263,0.3529491,-0.01874268,2.015177,0.39183,-0.06616208,0.9176556,0.02265975,0.9978024,0.0622651,-0.9197585,-0.003603485,0.3924682,moving,-51.1752,-0.648699,9.934332,-0.5328789,-10.920680851981183,4.331366355779414,61.109641756064875,21.41477160664276,61.10739747543396
1774,05/05/2023 11:22:12.546033,1956,True,True,True,True,Eyes,1.791594,0.01744319,-1.931814,-0.7827234,-0.009571305,0.6222962,0.0,0.0,0.0,0.0,0.0,0.0,0.0,1.148733,0.09367196,2.198218,1.573141,0.01977693,-1.91973,0.02478112,-0.5513755,-0.01758838,0.8337035,1.256289,293.0065,356.7514,0.6925786,0.006623126,-0.7213109,0.0,0.0,0.0,-0.1417124,-0.06533025,-0.8065329,0.3561782,-0.0207903,2.014914,0.3913514,-0.0566544,0.9184957,0.001999581,0.998153,0.06071582,-0.9202391,-0.02192461,0.3907419,moving,-51.5139,-0.8811755,10.02466,-0.5911688,-10.929155216000645,4.32821491131083,61.53924333918679,21.523538468509553,61.53526067702654
1775,05/05/2023 11:22:12.556199,1957,True,True,True,True,Eyes,1.781749,0.01765431,-1.931097,-0.7862644,-0.0120528,0.6177726,0.0,0.0,0.0,0.0,0.0,0.0,0.0,1.156742,0.1197605,2.185889,1.562608,0.02125202,-1.920498,0.0297175,-0.5520416,-0.01118179,0.8332119,2.130538,292.8925,357.0491,0.6913281,0.006622941,-0.7225095,0.0,0.0,0.0,-0.1514838,-0.09494568,-0.808331,0.3594352,-0.02285568,2.014649,0.3902504,-0.05144418,0.9192704,-0.01417699,0.9979836,0.06186757,-0.9205996,-0.03717633,0.3887341,moving,-51.84307,-1.117704,10.11576,-0.649978,-10.93683600294086,4.324613279455985,61.96059540207773,21.63234515397443,61.954205341703386
1776,05/05/2023 11:22:12.576321,1958,True,True,True,True,Eyes,1.771865,0.01790266,-1.930378,-0.7896454,-0.01424477,0.6133981,0.0,0.0,0.0,0.0,0.0,0.0,0.0,1.165204,0.1231387,2.173926,1.551662,0.02356978,-1.921096,0.03080846,-0.552729,-0.01033277,0.8327273,2.286001,292.7923,357.059,0.6900156,0.006632633,-0.7237629,0.0,0.0,0.0,-0.1625296,-0.1002413,-0.8092816,0.3626921,-0.02492081,2.014385,0.3887678,-0.05126622,0.9199083,-0.01684871,0.9978881,0.06273254,-0.9211817,-0.03988766,0.3870831,moving,-52.15987,-1.330325,10.20681,-0.7087941,-10.945015213611429,4.321910983835278,62.36977693468252,21.741842228930242,62.36072510780691
1777,05/05/2023 11:22:12.596177,1959,True,True,True,True,Eyes,1.761931,0.01814305,-1.929695,-0.7929226,-0.0160799,0.6091101,0.0,0.0,0.0,0.0,0.0,0.0,0.0,1.174136,0.1173018,2.161685,1.540426,0.0247855,-1.921382,0.03005698,-0.5535439,-0.01223447,0.8321876,2.090698,292.6827,356.9232,0.6886449,0.006652692,-0.7250671,0.0,0.0,0.0,-0.1748181,-0.09514623,-0.8101615,0.3657967,-0.02688914,2.014132,0.386879,-0.05363845,0.9205692,-0.01291296,0.9978938,0.06357072,-0.9220401,-0.03648145,0.3853715,moving,-52.46912,-1.5122,10.29358,-0.7648665,-10.95434518906599,4.320579331321027,62.767149199642816,21.848022430953456,62.75545009609308
1778,05/05/2023 11:22:12.606264,1960,True,True,True,True,Eyes,1.751979,0.01835685,-1.929009,-0.7961719,-0.01761891,0.6048139,0.0,0.0,0.0,0.0,0.0,0.0,0.0,1.183656,0.1037759,2.149405,1.529323,0.02478208,-1.921539,0.02750378,-0.5544885,-0.01462818,0.8316082,1.691756,292.5655,356.8555,0.6872184,0.006681842,-0.726419,0.0,0.0,0.0,-0.1872992,-0.08398023,-0.8105959,0.3693082,-0.0291157,2.013846,0.3846571,-0.05483088,0.9214295,-0.006171234,0.9980591,0.06196704,-0.9230388,-0.02952242,0.3835721,moving,-52.77779,-1.668619,10.3917,-0.8283107,-10.964973806888022,4.320527732945326,63.17507882780321,21.96856966901559,63.16082958433652
1779,05/05/2023 11:22:12.626250,1961,True,True,True,True,Eyes,1.741994,0.01858966,-1.928339,-0.7993486,-0.0191437,0.6005626,0.0,0.0,0.0,0.0,0.0,0.0,0.0,1.193554,0.09644746,2.13666,1.518635,0.02437798,-1.921548,0.02593617,-0.5555869,-0.01494448,0.8309195,1.518276,292.4226,356.9232,0.6857399,0.006718207,-0.7278145,0.0,0.0,0.0,-0.199757,-0.07976431,-0.8123348,0.3720913,-0.03088063,2.013619,0.3821996,-0.0536549,0.9225209,-0.003984274,0.9982079,0.05970765,-0.9240713,-0.02649581,0.3813009,moving,-53.08192,-1.825758,10.46943,-0.8786125,-10.975287799538703,4.320323237489733,63.558407558879814,22.06592065390429,63.5413388060757
1780,05/05/2023 11:22:12.646306,1962,True,True,True,True,Eyes,1.731968,0.01883973,-1.927645,-0.8024489,-0.02044894,0.5963703,0.0,0.0,0.0,0.0,0.0,0.0,0.0,1.204678,0.09739749,2.122473,1.507892,0.02507093,-1.921265,0.02618941,-0.5570059,-0.01404004,0.8299769,1.594887,292.2262,356.9905,0.684212,0.006761857,-0.7292507,0.0,0.0,0.0,-0.2126562,-0.08355521,-0.8151517,0.3753531,-0.03294881,2.013354,0.3790947,-0.05248112,0.9238685,-0.005869495,0.998234,0.05911396,-0.9253392,-0.02783243,0.3781172,moving,-53.38071,-1.963846,10.56052,-0.9375695,-10.986274470370097,4.320951077421398,63.94946549712009,22.17918823157276,63.92973466490406
1781,05/05/2023 11:22:12.657078,1963,True,True,True,True,Eyes,1.480755,0.02426211,-1.910569,-0.8705438,-0.05427278,0.4890888,0.0,0.0,0.0,0.0,0.0,0.0,0.0,1.213578,0.09327989,2.109036,1.496649,0.02578193,-1.920647,0.02556632,-0.5580127,-0.0151417,0.8293005,1.461533,292.0898,356.9238,0.6826378,0.006812791,-0.730724,0.0,0.0,0.0,-0.225329,-0.08076824,-0.8158847,0.3785248,-0.03495968,2.013097,0.3767853,-0.05364668,0.924746,-0.003418628,0.9982342,0.05930283,-0.9262943,-0.0255058,0.3759366,moving,-60.67185,-6.332042,10.64905,-0.9949055,-11.202045269545568,4.285477448528962,71.52031741281377,22.480053571152183,71.29625421266121
1782,05/05/2023 11:22:12.676569,1964,True,True,True,True,Eyes,1.480346,0.02424091,-1.910556,-0.8705751,-0.05472086,0.4889832,0.0,0.0,0.0,0.0,0.0,0.0,0.0,1.219972,0.101445,2.097043,1.486065,0.02523731,-1.920205,0.02714851,-0.5586057,-0.01526474,0.8288485,1.601629,291.9991,356.8094,0.6721842,0.007330654,-0.7403466,-0.7536389,0.01626713,0.05123019,-0.2359867,-0.08916966,-0.8156506,0.3817157,-0.03698307,2.012838,0.3754532,-0.05563495,0.9251702,-0.005026315,0.9980599,0.06205795,-0.9268278,-0.02795006,0.3744451,moving,-60.67802,-6.385257,10.73809,-1.052611,-11.199632855496285,4.282928498836443,71.61492777971236,22.577237781185897,71.38840195754521
1783,05/05/2023 11:22:12.700386,1965,True,True,True,True,Eyes,1.47953,0.02423153,-1.910516,-0.8705904,-0.05546025,0.4888726,0.0,0.0,0.0,0.0,0.0,0.0,0.0,1.224898,0.1251373,2.085352,1.475807,0.0248551,-1.919922,0.03183215,-0.5589587,-0.01287378,0.8284843,2.198007,291.9241,356.7347,0.6636307,0.007744425,-0.7480193,-0.7084205,0.01529111,0.04815638,-0.2449457,-0.1132772,-0.8153133,0.3850836,-0.03911877,2.012564,0.374799,-0.05691716,0.9253573,-0.01425425,0.9976419,0.06713669,-0.9269965,-0.03835304,0.3731039,moving,-60.68398,-6.47226,10.83204,-1.113534,-11.195436980383024,4.278655426447806,71.7165048017782,22.67786253005339,71.4850304268085
1784,05/05/2023 11:22:12.706689,1966,True,True,True,True,Eyes,1.478319,0.0242287,-1.910437,-0.8706296,-0.05624222,0.4887136,0.0,0.0,0.0,0.0,0.0,0.0,0.0,1.227286,0.14183,2.074726,1.465215,0.02520197,-1.919203,0.03531341,-0.5588286,-0.01118278,0.8284555,2.637262,291.9207,356.6716,0.65662,0.008076117,-0.7541774,-0.6659153,0.01437364,0.045267,-0.2530842,-0.1309519,-0.8124557,0.388296,-0.04115537,2.012302,0.3751711,-0.05799715,0.9251394,-0.02093941,0.9972559,0.07100968,-0.926719,-0.04601265,0.3729271,moving,-60.69304,-6.564843,10.92162,-1.171643,-11.191137754913637,4.274177900510885,71.81745006024371,22.77347186548275,71.58045958489731
1785,05/05/2023 11:22:12.726440,1967,True,True,True,True,Eyes,1.476732,0.02420338,-1.910335,-0.8706562,-0.0570981,0.4885668,0.0,0.0,0.0,0.0,0.0,0.0,0.0,1.228934,0.1503961,2.064892,1.454375,0.02545217,-1.918546,0.0371695,-0.5584928,-0.01043598,0.8286105,2.862613,291.9548,356.6241,0.6508585,0.008342799,-0.7591523,-0.6259604,0.01351122,0.04255098,-0.2612434,-0.141037,-0.8084459,0.391386,-0.04311499,2.01205,0.3759538,-0.05881252,0.9247702,-0.02422308,0.997019,0.07325492,-0.9263218,-0.04994125,0.3734084,moving,-60.70113,-6.665837,11.00777,-1.227568,-11.186338592603882,4.269247677511916,71.91481842378774,22.864676661016535,71.67151882828918
1786,05/05/2023 11:22:12.746220,1968,True,True,True,True,Eyes,1.474765,0.02415071,-1.910215,-0.8707325,-0.05787072,0.4883398,0.0,0.0,0.0,0.0,0.0,0.0,0.0,1.231811,0.1544671,2.054777,1.443733,0.02489906,-1.917901,0.03789185,-0.5583872,-0.008953681,0.8286663,3.026634,291.9661,356.7188,0.6461048,0.008556731,-0.7631998,-0.5884028,0.01270055,0.03999792,-0.2697184,-0.1488683,-0.8048357,0.3945634,-0.04512955,2.011792,0.3762471,-0.05715588,0.9247547,-0.02747743,0.996968,0.07279865,-0.9261118,-0.05280017,0.3735359,moving,-60.71464,-6.758318,11.09631,-1.285073,-11.182316117060152,4.2648893069820994,72.01922625752464,22.959513567858462,71.77023764255544
1787,05/05/2023 11:22:12.756603,1969,True,True,True,True,Eyes,1.472451,0.02406744,-1.910056,-0.8708234,-0.05869965,0.4880789,0.0,0.0,0.0,0.0,0.0,0.0,0.0,1.23693,0.1539182,2.043256,1.43277,0.02417092,-1.917073,0.03756098,-0.5587001,-0.006166878,0.8284958,3.172791,291.9291,357.0038,0.6421602,0.008727374,-0.7665199,-0.5530986,0.01193851,0.03759804,-0.2794222,-0.1549817,-0.8021613,0.3978205,-0.04719487,2.011526,0.3756323,-0.05218911,0.9252981,-0.03175218,0.9971023,0.0691291,-0.9262246,-0.05534735,0.3728868,moving,-60.73025,-6.857837,11.18705,-1.34404,-11.178052895163582,4.260226706126254,72.12835778421139,23.056574611694806,71.87309113589814
1788,05/05/2023 11:22:12.776128,1970,True,True,True,True,Eyes,1.469714,0.02397702,-1.910092,-0.8698802,-0.05868884,0.4897591,0.0,0.0,0.0,0.0,0.0,0.0,0.0,1.243409,0.1516331,2.031,1.422129,0.02332785,-1.915992,0.03681103,-0.5593326,-0.002259332,0.8281225,3.350312,291.8526,357.4209,0.6388627,0.008862029,-0.7692688,-0.5199127,0.0112222,0.03534216,-0.2894689,-0.1613441,-0.8002926,0.4010617,-0.04925016,2.011263,0.3742839,-0.04492123,0.9262255,-0.03743722,0.9972797,0.06349552,-0.9265582,-0.05844065,0.3715839,moving,-60.61966,-6.833287,11.27731,-1.402732,-11.172594570231574,4.258643259929,72.10176990052967,23.15274033556807,71.84970508805624
1789,05/05/2023 11:22:12.796167,1971,True,True,True,True,Eyes,1.466657,0.02384477,-1.910069,-0.868983,-0.05876371,0.4913404,0.0,0.0,0.0,0.0,0.0,0.0,0.0,1.249554,0.1495219,2.018789,1.411507,0.0225253,-1.914783,0.0361554,-0.559933,0.001184487,0.8277478,3.507637,291.7792,357.7878,0.6359944,0.008971215,-0.7716406,-0.4887179,0.01054887,0.03322163,-0.2995963,-0.1671084,-0.7984253,0.4040767,-0.05116192,2.011018,0.3729474,-0.03852828,0.9270522,-0.04245011,0.9973828,0.05852864,-0.9268808,-0.06118156,0.3703358,moving,-60.51531,-6.820111,11.36124,-1.457336,-11.166920769553473,4.256641045199526,72.07633311707197,23.241505143426387,71.82643470339784
1790,05/05/2023 11:22:12.806581,1972,True,True,True,True,Eyes,1.463328,0.0236606,-1.909855,-0.8681512,-0.05895955,0.4927853,0.0,0.0,0.0,0.0,0.0,0.0,0.0,1.254207,0.1506411,2.006906,1.400767,0.02141058,-1.913319,0.03617527,-0.5602955,0.003797319,0.8274938,3.676606,291.7331,358.033,0.633328,0.009064689,-0.7738294,-0.4593949,0.009915939,0.03122833,-0.3090569,-0.1746969,-0.7952713,0.4075291,-0.05335125,2.010737,0.3721092,-0.03425317,0.9275568,-0.04682219,0.9973539,0.05561437,-0.9270073,-0.06412486,0.3695207,moving,-60.41962,-6.822751,11.45731,-1.519883,-11.160946306361494,4.254056081574654,72.0722795202866,23.343604924218468,71.82347315387491
1791,05/05/2023 11:22:12.826080,1973,True,True,True,True,Eyes,1.459704,0.02342449,-1.909582,-0.8673378,-0.05929594,0.4941752,0.0,0.0,0.0,0.0,0.0,0.0,0.0,1.257493,0.1553757,1.995137,1.389672,0.02010266,-1.911651,0.03696556,-0.5604091,0.005817563,0.8273702,3.881252,291.7156,358.1732,0.6308411,0.009141997,-0.7758573,-0.4318312,0.009320982,0.02935463,-0.3184533,-0.1840597,-0.7917285,0.4104061,-0.05517527,2.010503,0.3718157,-0.03180511,0.9277616,-0.05105823,0.9971994,0.05464796,-0.9269013,-0.06768882,0.3691504,moving,-60.3272,-6.842193,11.53734,-1.572003,-11.154290774473814,4.250700172013182,72.05752571416605,23.426779109267656,71.80822478248409
1792,05/05/2023 11:22:12.846144,1974,True,True,True,True,Eyes,1.455798,0.02314432,-1.909263,-0.8665572,-0.05971626,0.4954921,0.0,0.0,0.0,0.0,0.0,0.0,0.0,1.259366,0.1624544,1.984286,1.378981,0.01864834,-1.909934,0.03824745,-0.5602796,0.007505972,0.8273861,4.111733,291.728,358.2513,0.6285096,0.009202689,-0.7777464,-0.4059213,0.008761723,0.02759336,-0.3265767,-0.1951166,-0.7870799,0.4136173,-0.05721139,2.010242,0.3720609,-0.03043786,0.9277092,-0.05527921,0.9969616,0.05487993,-0.9265608,-0.0717017,0.3692478,moving,-60.23935,-6.872091,11.62663,-1.630195,-11.147366021465633,4.24692942162072,72.05689803922465,23.52010812587696,71.80640333845633
1793,05/05/2023 11:22:12.856569,1975,True,True,True,True,Eyes,1.451617,0.02280927,-1.908885,-0.865802,-0.06028257,0.4967423,0.0,0.0,0.0,0.0,0.0,0.0,0.0,1.261046,0.1715213,1.973566,1.368361,0.01733606,-1.908378,0.04000671,-0.5600898,0.008945404,0.827417,4.371607,291.7449,358.2752,0.6263121,0.009246666,-0.7795166,-0.381566,0.008236019,0.02593775,-0.3344021,-0.2074119,-0.7826132,0.416797,-0.05922754,2.009983,0.3724389,-0.03001154,0.9275713,-0.05961785,0.9966389,0.056184,-0.9261398,-0.07622492,0.3693979,moving,-60.15553,-6.919341,11.71502,-1.687828,-11.13977772937718,4.242379211619475,72.06070139522421,23.61163138843837,71.80762594086687
1794,05/05/2023 11:22:12.886076,1976,True,True,True,True,Eyes,1.447189,0.02241966,-1.908404,-0.8651522,-0.06094652,0.4977922,0.0,0.0,0.0,0.0,0.0,0.0,0.0,1.263516,0.1812362,1.961873,1.357571,0.01572046,-1.906572,0.04188363,-0.5601209,0.009744865,0.827294,4.601025,291.7288,358.2295,0.6242291,0.009273383,-0.7811854,-0.3586721,0.007741858,0.02438149,-0.3430747,-0.2194839,-0.7789012,0.4200375,-0.06128232,2.009719,0.3723391,-0.03079606,0.9275856,-0.06304353,0.9963017,0.05838354,-0.925953,-0.08021675,0.3690206,moving,-60.0847,-6.980194,11.80506,-1.746578,-11.132268832445495,4.237469718246382,72.0800133829972,23.705060241686482,71.82328984069198
1795,05/05/2023 11:22:12.896493,1977,True,True,True,True,Eyes,1.442509,0.0219764,-1.907857,-0.8645552,-0.06183562,0.4987188,0.0,0.0,0.0,0.0,0.0,0.0,0.0,1.267651,0.1935436,1.948718,1.346786,0.01410044,-1.904696,0.04433926,-0.5605233,0.01061156,0.8268828,4.888836,291.6563,358.1505,0.6222453,0.009282347,-0.7827664,-0.3371517,0.007277346,0.0229186,-0.3525932,-0.2338062,-0.776993,0.4232322,-0.063308,2.00946,0.3714021,-0.03215734,0.9279152,-0.06725541,0.9958428,0.06143069,-0.9260331,-0.0852228,0.3676954,moving,-60.0215,-7.067972,11.89379,-1.804506,-11.123814288635,4.2313859991028,72.10764876292428,23.795842061440514,71.84509982047368
1796,05/05/2023 11:22:12.906392,1978,True,True,True,True,Eyes,1.437579,0.02148457,-1.907256,-0.8640512,-0.0627711,0.4994751,0.0,0.0,0.0,0.0,0.0,0.0,0.0,1.273114,0.2081353,1.934103,1.336073,0.01242824,-1.902537,0.04730446,-0.5612728,0.01172596,0.8261948,5.240028,291.531,358.0592,0.620345,0.009273137,-0.7842734,-0.3169226,0.006840705,0.02154348,-0.3626426,-0.250604,-0.7763518,0.4266251,-0.06545967,2.009184,0.3696708,-0.03372554,0.9285505,-0.07247726,0.9952496,0.06500245,-0.9263318,-0.0913283,0.3654704,moving,-59.96943,-7.163044,11.98799,-1.86605,-11.115656320792176,4.225216290310536,72.15212012472284,23.893137055140485,71.88317436493627
1797,05/05/2023 11:22:12.926041,1979,True,True,True,True,Eyes,1.432416,0.02093995,-1.90658,-0.8636003,-0.06384908,0.5001178,0.0,0.0,0.0,0.0,0.0,0.0,0.0,1.278351,0.2200738,1.919647,1.325296,0.01079821,-1.900297,0.04974855,-0.5620297,0.01184744,0.8255348,5.477538,291.4053,357.9067,0.6185143,0.009245567,-0.7857183,-0.2979073,0.006430263,0.02025087,-0.3733331,-0.2636326,-0.7758703,0.4296796,-0.06739643,2.008936,0.3679648,-0.03635937,0.9291287,-0.07548125,0.9947694,0.06882109,-0.9267711,-0.09545553,0.3632956,moving,-59.92453,-7.275485,12.07276,-1.921457,-11.10702543097834,4.218346674183127,72.19608980525804,23.97915014723642,71.91912558062054
1798,05/05/2023 11:22:12.946328,1980,True,True,True,True,Eyes,1.427014,0.02036368,-1.905842,-0.8629862,-0.06528141,0.5009923,0.0,0.0,0.0,0.0,0.0,0.0,0.0,1.283261,0.2328759,1.904921,1.314531,0.009036363,-1.897799,0.05237823,-0.562807,0.01153751,0.8248466,5.704321,291.2726,357.7005,0.6167414,0.009199281,-0.7871112,-0.2800328,0.006044447,0.01903582,-0.3840718,-0.2769152,-0.775322,0.4328662,-0.06941703,2.008677,0.3662306,-0.03992432,0.9296672,-0.07799101,0.9942468,0.07342122,-0.92725,-0.09939479,0.3610099,moving,-59.86341,-7.424053,12.16116,-1.979274,-11.095512058491954,4.209223929513784,72.23007892868276,24.065957322737795,71.94200415104258
1799,05/05/2023 11:22:12.956611,1981,True,True,True,True,Eyes,1.286093,0.005397007,-1.885175,-0.8487644,-0.10005,0.5192196,0.0,0.0,0.0,0.0,0.0,0.0,0.0,1.288712,0.2450784,1.88953,1.303567,0.007742967,-1.895209,0.05500405,-0.563734,0.01088773,0.824051,5.907795,291.1168,357.4606,0.6150148,0.009134824,-0.7884617,-0.2632308,0.005681781,0.01789367,-0.3955092,-0.2891983,-0.7754051,0.4360732,-0.07145049,2.008415,0.3641711,-0.0440712,0.9302887,-0.07995938,0.993712,0.07837673,-0.9278932,-0.1029278,0.3583573,moving,-58.54438,-10.90681,12.2501,-2.03747,-10.8325515089964,3.998280299051016,71.3479052986561,23.858731784364988,70.69567276738104
1800,05/05/2023 11:22:12.976269,1982,True,True,True,True,Eyes,1.285647,0.005348636,-1.885033,-0.8487123,-0.1000776,0.5192995,0.0,0.0,0.0,0.0,0.0,0.0,0.0,1.294136,0.2493725,1.874466,1.292293,0.006621161,-1.89223,0.05595932,-0.5647359,0.009345992,0.8233193,5.894716,290.9637,357.2448,0.6075662,0.008229944,-0.7942254,-0.6702,-0.03955915,0.07882128,-0.4082235,-0.2936536,-0.7745762,0.4393108,-0.07350345,2.008152,0.3619721,-0.047815,0.9309618,-0.07859394,0.9935624,0.08158873,-0.9288698,-0.1027008,0.3558839,moving,-58.53889,-10.90812,12.33984,-2.096235,-10.832148024680482,3.998073059567404,71.42439137763881,23.960000411954166,70.77417785933578
1801,05/05/2023 11:22:12.996556,1983,True,True,True,True,Eyes,1.284758,0.005262073,-1.884753,-0.848731,-0.1000011,0.5192835,0.0,0.0,0.0,0.0,0.0,0.0,0.0,1.300136,0.246431,1.859793,1.28098,0.005257418,-1.889173,0.05526427,-0.5658712,0.007498103,0.8226054,5.70504,290.8076,357.1077,0.6015434,0.007482391,-0.7988041,-0.629988,-0.0371856,0.074092,-0.4219604,-0.2915839,-0.7733817,0.4424536,-0.07549635,2.007896,0.3594672,-0.05020895,0.931806,-0.07488087,0.9937793,0.08243544,-0.9301486,-0.09940729,0.3534713,moving,-58.54024,-10.90031,12.42692,-2.153291,-10.832639642365478,3.998504916666137,71.50418267382656,24.05933722605565,70.85703811207591
1802,05/05/2023 11:22:13.006053,1984,True,True,True,True,Eyes,1.283408,0.005135261,-1.884301,-0.8487179,-0.09978313,0.519347,0.0,0.0,0.0,0.0,0.0,0.0,0.0,1.306193,0.2422035,1.844516,1.26948,0.004236326,-1.885589,0.05436026,-0.5670807,0.006401434,0.8218414,5.544067,290.6451,357.0553,0.5966625,0.006860913,-0.802462,-0.5921887,-0.03495446,0.06964648,-0.4358124,-0.2896348,-0.7716317,0.4457474,-0.07758476,2.007629,0.3567569,-0.05113139,0.932797,-0.07217524,0.9940079,0.08209077,-0.9314051,-0.09661128,0.3509287,moving,-58.53672,-10.87581,12.51814,-2.213093,-10.833708875719603,3.9996610455961497,71.58097369721712,24.1641709716166,70.939009069498
1803,05/05/2023 11:22:13.025965,1985,True,True,True,True,Eyes,1.281615,0.004943681,-1.883697,-0.8487781,-0.09928753,0.5193434,0.0,0.0,0.0,0.0,0.0,0.0,0.0,1.312204,0.2314762,1.828725,1.256913,0.0032738,-1.881451,0.05202428,-0.5683212,0.004609968,0.8211476,5.202675,290.4904,357.0322,0.5926926,0.006340181,-0.805403,-0.5566574,-0.03285719,0.06546769,-0.451528,-0.2810048,-0.7689042,0.448835,-0.07954255,2.007377,0.3539796,-0.05156207,0.9338308,-0.06670392,0.9945444,0.08019934,-0.9328714,-0.0906791,0.3486089,moving,-58.53871,-10.82315,12.60362,-2.269165,-10.836589881924573,4.002390745134156,71.65474008890915,24.264703805589708,71.02123538366298
1804,05/05/2023 11:22:13.046326,1986,True,True,True,True,Eyes,1.27942,0.004707448,-1.882981,-0.8487851,-0.09893608,0.5193991,0.0,0.0,0.0,0.0,0.0,0.0,0.0,1.317312,0.2184485,1.813744,1.244529,0.001465553,-1.877191,0.04894669,-0.5694053,0.002733051,0.8205938,4.786506,290.3636,357.0517,0.5894448,0.005898479,-0.8077864,-0.5232579,-0.03088576,0.06153962,-0.4667658,-0.2703628,-0.7649481,0.4520336,-0.08157109,2.007116,0.3515402,-0.05125557,0.9347685,-0.06022646,0.9951935,0.07721827,-0.9342335,-0.08344313,0.3467636,moving,-58.53618,-10.78461,12.69213,-2.327274,-10.838455258504782,4.004286422057939,71.72864614415218,24.367541935655577,71.10183748047031
1805,05/05/2023 11:22:13.056499,1987,True,True,True,True,Eyes,1.27681,0.004452632,-1.882108,-0.8488675,-0.09833233,0.5193791,0.0,0.0,0.0,0.0,0.0,0.0,0.0,1.323029,0.2138278,1.797812,1.233012,0.0001011398,-1.872949,0.0478429,-0.5706729,0.002728364,0.8197781,4.67796,290.1963,357.1168,0.5867306,0.005515634,-0.8097627,-0.4918624,-0.02903262,0.05784725,-0.4804743,-0.2696778,-0.7625634,0.4553398,-0.08366742,2.006848,0.3486499,-0.05013199,0.9359114,-0.0590786,0.9954072,0.07532712,-0.9353892,-0.08155513,0.3440869,moving,-58.53965,-10.72073,12.78358,-2.387334,-10.842014511419592,4.007624769607989,71.80841612600653,24.47578831586443,71.19134402040015
1806,05/05/2023 11:22:13.076383,1988,True,True,True,True,Eyes,1.273848,0.004147792,-1.881093,-0.8489283,-0.09787667,0.5193658,0.0,0.0,0.0,0.0,0.0,0.0,0.0,1.328106,0.2007455,1.782082,1.220464,-0.0006583221,-1.868274,0.04493168,-0.571836,0.001096708,0.819136,4.293442,290.0556,357.1495,0.5842227,0.005160023,-0.8115763,-0.4623507,-0.02729066,0.05437641,-0.4959658,-0.2589324,-0.7587146,0.4584846,-0.08566108,2.006592,0.3460048,-0.0495904,0.9369214,-0.05318381,0.9959599,0.07235603,-0.9367242,-0.07486458,0.3419694,moving,-58.54213,-10.67246,12.87052,-2.444463,-10.844695345580575,4.010143705637455,71.88509243685027,24.577904438981783,71.27567515330547
1807,05/05/2023 11:22:13.096542,1989,True,True,True,True,Eyes,1.270532,0.003980233,-1.879939,-0.8490382,-0.09800421,0.5191622,0.0,0.0,0.0,0.0,0.0,0.0,0.0,1.333161,0.1919215,1.766846,1.209058,-0.002179816,-1.863886,0.04278419,-0.5730295,0.0004034528,0.8184171,4.042305,289.9049,357.2204,0.5818936,0.004826765,-0.8132499,-0.4346097,-0.02565322,0.05111383,-0.5098847,-0.2533051,-0.7555661,0.4616706,-0.08768155,2.006333,0.3432742,-0.04837282,0.9379888,-0.04969358,0.9963387,0.06956825,-0.9379197,-0.07049301,0.3396135,moving,-58.55543,-10.69014,12.95857,-2.50237,-10.844579993229033,4.009584970700046,71.98119041508622,24.6778343284127,71.37148205251785
1808,05/05/2023 11:22:13.106193,1990,True,True,True,True,Eyes,1.266854,0.00405643,-1.878579,-0.8492073,-0.09824242,0.5188404,0.0,0.0,0.0,0.0,0.0,0.0,0.0,1.341008,0.2119156,1.745686,1.197251,0.001065105,-1.85936,0.04846457,-0.5748141,0.005201378,0.8168309,4.884902,289.6151,357.2837,0.5797179,0.004519643,-0.8148041,-0.4085331,-0.02411403,0.048047,-0.522037,-0.2811395,-0.7579786,0.4650844,-0.08984635,2.006055,0.3391232,-0.04721894,0.9395562,-0.06421353,0.9952483,0.07319506,-0.9385478,-0.08515435,0.3344796,moving,-58.57631,-10.72202,13.05287,-2.564425,-10.844182795521462,4.0084980309811495,72.0922033486037,24.78452036015913,71.48062437828258
1809,05/05/2023 11:22:13.126221,1991,True,True,True,True,Eyes,1.262823,0.004143144,-1.87708,-0.8494446,-0.09773462,0.5185479,0.0,0.0,0.0,0.0,0.0,0.0,0.0,1.347141,0.1985496,1.728064,1.184618,0.007035159,-1.853927,0.04689633,-0.5764883,0.001692152,0.8157568,4.500225,289.387,357.0498,0.5776737,0.004246816,-0.8162561,-0.3840211,-0.02266719,0.04516418,-0.5394542,-0.2657098,-0.7566643,0.468087,-0.0917498,2.005811,0.3353167,-0.0513096,0.9407071,-0.05683114,0.9955958,0.07456098,-0.9403898,-0.07846301,0.3309239,moving,-58.59781,-10.67375,13.13577,-2.618998,-10.848023655792112,4.011504079132154,72.18438563427623,24.88344662511586,71.58026787286214
1810,05/05/2023 11:22:13.146419,1992,True,True,True,True,Eyes,1.258531,0.004334847,-1.875491,-0.8495973,-0.09833457,0.5181841,0.0,0.0,0.0,0.0,0.0,0.0,0.0,1.348444,0.1673172,1.716634,1.172131,0.007225562,-1.849104,0.0396936,-0.576915,-0.004873795,0.8158246,3.390594,289.3761,356.9133,0.5757402,0.004005359,-0.8176222,-0.3609798,-0.02130716,0.04245433,-0.5554205,-0.2301976,-0.7480441,0.4712844,-0.09377733,2.005551,0.3342905,-0.053752,0.940936,-0.03784735,0.9968013,0.07038957,-0.9417099,-0.0591425,0.3311869,moving,-58.62026,-10.74512,13.22401,-2.677137,-10.845652746735592,4.008448551324708,72.2958607495698,24.98090708732717,71.68497980328914
1811,05/05/2023 11:22:13.156738,1993,True,True,True,True,Eyes,1.253883,0.004661957,-1.87378,-0.8498043,-0.09868883,0.5177773,0.0,0.0,0.0,0.0,0.0,0.0,0.0,1.354258,0.1938232,1.697563,1.161728,0.01010269,-1.844881,0.0469203,-0.5783903,0.000692601,0.8144094,4.429125,289.1174,356.9442,0.5739006,0.003796855,-0.8189154,-0.339321,-0.02002873,0.03990707,-0.564975,-0.2653733,-0.7502902,0.4745036,-0.09581879,2.005289,0.3309285,-0.05314836,0.9421579,-0.05540461,0.9955961,0.07562347,-0.9420279,-0.07722586,0.3265264,moving,-58.64647,-10.79119,13.31281,-2.735686,-10.844837000656495,4.006776291835525,72.40876412985114,25.08092315615898,71.79411582893361
1812,05/05/2023 11:22:13.176278,1994,True,True,True,True,Eyes,1.248988,0.005049956,-1.872024,-0.8500079,-0.09942404,0.517302,0.0,0.0,0.0,0.0,0.0,0.0,0.0,1.357618,0.1820959,1.682146,1.148543,0.01364037,-1.840262,0.04510738,-0.5792032,-0.002053408,0.8139318,4.074296,289.0141,356.8049,0.5721366,0.003624023,-0.8201496,-0.3189618,-0.018827,0.03751265,-0.5803351,-0.2528129,-0.7457821,0.4776876,-0.09783768,2.00503,0.3290389,-0.05559535,0.9426785,-0.04891001,0.9959223,0.07580735,-0.943049,-0.07104998,0.324978,moving,-58.67594,-10.87943,13.4006,-2.793596,-10.842010171150644,4.003042398490406,72.52867246715023,25.177339840225596,71.90513672394707
1813,05/05/2023 11:22:13.201798,1995,True,True,True,True,Eyes,1.243822,0.005540605,-1.870202,-0.8502655,-0.1006338,0.5166444,0.0,0.0,0.0,0.0,0.0,0.0,0.0,1.364153,0.182919,1.66576,1.137897,0.01552819,-1.836866,0.04579406,-0.5807754,-0.003940353,0.8127654,4.006103,288.7835,356.5749,0.5704334,0.003486065,-0.8213357,-0.2998241,-0.01769738,0.03526189,-0.5943506,-0.252598,-0.7470434,0.4808339,-0.09983267,2.004775,0.325369,-0.05959728,0.9437073,-0.04678695,0.9957747,0.07901657,-0.9444291,-0.06986272,0.3212059,moving,-58.716,-11.02226,13.4873,-2.850829,-10.836968445945152,3.996802809786833,72.66421963716228,25.26974667132236,72.02509385380935
1814,05/05/2023 11:22:13.206472,1996,True,True,True,True,Eyes,1.238377,0.006081172,-1.868371,-0.8505365,-0.1018358,0.5159623,0.0,0.0,0.0,0.0,0.0,0.0,0.0,1.370555,0.2085489,1.645693,1.126271,0.01861203,-1.833408,0.05269985,-0.5823763,-0.003786494,0.8112006,4.651219,288.4916,356.1153,0.5687786,0.00338421,-0.8224829,-0.2818346,-0.01663554,0.03314618,-0.607109,-0.2780176,-0.7516195,0.4841875,-0.1019589,2.004502,0.3216471,-0.06752548,0.9444487,-0.05523906,0.9944168,0.08991061,-0.945247,-0.08108995,0.3161213,moving,-58.75768,-11.165,13.57967,-2.911838,-10.832030240656866,3.990609288292271,72.80664041157746,25.36877780279018,72.15185828295978
1815,05/05/2023 11:22:13.226052,1997,True,True,True,True,Eyes,1.232721,0.006547813,-1.866526,-0.8508494,-0.1031827,0.5151781,0.0,0.0,0.0,0.0,0.0,0.0,0.0,1.374432,0.2069712,1.631081,1.114468,0.02030596,-1.830266,0.05247101,-0.5833198,-0.009941208,0.8104851,4.21252,288.3499,355.5529,0.5671579,0.003317149,-0.8236017,-0.2649245,-0.01563741,0.03115741,-0.6224344,-0.267976,-0.7507397,0.4873505,-0.1039646,2.004244,0.3192783,-0.07732917,0.9445009,-0.04510037,0.9942959,0.09665176,-0.9465873,-0.07345615,0.3139695,moving,-58.80565,-11.32566,13.66676,-2.969397,-10.826536567326407,3.983665293666403,72.95256912908049,25.461081123837005,72.27962100840887
1816,05/05/2023 11:22:13.246414,1998,True,True,True,True,Eyes,1.226862,0.006947893,-1.864701,-0.8511167,-0.1053455,0.5142983,0.0,0.0,0.0,0.0,0.0,0.0,0.0,1.378584,0.2240059,1.615499,1.103776,0.01905253,-1.828066,0.05616691,-0.5842791,-0.01217253,0.8095154,4.399576,288.1705,355.0898,0.5655609,0.003278211,-0.8246993,-0.2490291,-0.01469916,0.02928796,-0.6343812,-0.2817352,-0.7528663,0.4904108,-0.1059049,2.003996,0.3169395,-0.085342,0.9445985,-0.04592661,0.9933942,0.1051603,-0.9473333,-0.07671164,0.3109264,moving,-58.85698,-11.57597,13.75097,-3.025089,-10.816549729895474,3.972246990406806,73.10972554372408,25.54458331313012,72.40692619355947
1817,05/05/2023 11:22:13.256659,1999,True,True,True,True,Eyes,1.220788,0.007389941,-1.862883,-0.8514583,-0.10781,0.5132211,0.0,0.0,0.0,0.0,0.0,0.0,0.0,1.385401,0.2572739,1.595422,1.093093,0.01805323,-1.826395,0.06419316,-0.5858046,-0.009462384,0.8078507,5.31497,287.8631,354.7853,0.5639781,0.003261713,-0.8257825,-0.2340873,-0.01381721,0.02753069,-0.6446584,-0.3192182,-0.760239,0.4935658,-0.1079057,2.003739,0.3134868,-0.09049767,0.9452705,-0.05992091,0.9915794,0.1148032,-0.9477002,-0.09263074,0.3054243,moving,-58.9203,-11.86337,13.83775,-3.082523,-10.80535046640124,3.959249045066315,73.28599534590431,25.629454815345223,72.54796772788738
1818,05/05/2023 11:22:13.277803,2000,True,True,True,True,Eyes,1.214502,0.007868098,-1.861096,-0.8518302,-0.1102289,0.5120888,0.0,0.0,0.0,0.0,0.0,0.0,0.0,1.395067,0.2747068,1.574399,1.081893,0.01958967,-1.8247,0.06903417,-0.5879035,-0.008082439,0.8059396,5.841182,287.5038,354.5665,0.5624009,0.003267389,-0.8268575,-0.2200421,-0.01298818,0.02587884,-0.6580468,-0.3400625,-0.7682218,0.4968894,-0.1100131,2.003468,0.3086084,-0.09419877,0.9465135,-0.06814294,0.9903379,0.1207781,-0.9487453,-0.1017713,0.2992076,moving,-58.98728,-12.14777,13.92913,-3.14303,-10.794531639981102,3.946497439700262,73.47032182967283,25.72004751563527,72.69673924976371
1819,05/05/2023 11:22:13.296555,2001,True,True,True,True,Eyes,1.207998,0.008335753,-1.859324,-0.8523247,-0.1124228,0.5107874,0.0,0.0,0.0,0.0,0.0,0.0,0.0,1.4055,0.2774483,1.555089,1.070675,0.02095248,-1.823165,0.07014941,-0.5901366,-0.008934236,0.8042002,5.87068,287.1685,354.3946,0.56082,0.00329475,-0.8279305,-0.2068396,-0.01220889,0.02432611,-0.673894,-0.3434325,-0.7747558,0.5000572,-0.1120218,2.00321,0.3033178,-0.09716531,0.9479225,-0.06842565,0.9899985,0.1233732,-0.9504294,-0.1022835,0.2936355,moving,-59.06628,-12.41273,14.01618,-3.200714,-10.785464660238569,3.93504255621908,73.66075752010602,25.80776238813361,72.85347081225709
1820,05/05/2023 11:22:13.306397,2002,True,True,True,True,Eyes,1.201291,0.008799308,-1.857619,-0.8528423,-0.1144648,0.5094681,0.0,0.0,0.0,0.0,0.0,0.0,0.0,1.418994,0.2680934,1.534608,1.058964,0.02113836,-1.821698,0.0682436,-0.5929503,-0.008343328,0.8022988,5.716663,286.7947,354.5608,0.5592279,0.003341269,-0.8290065,-0.1944292,-0.01147636,0.02286655,-0.6920875,-0.3386731,-0.7813739,0.5030618,-0.1139271,2.002966,0.2966807,-0.0943178,0.9503078,-0.06754243,0.9905464,0.1193979,-0.9525853,-0.09960916,0.2875056,moving,-59.14689,-12.66266,14.09869,-3.255431,-10.77728351814862,3.924393459058616,73.84721353575124,25.891387327420826,73.00755929210199
1821,05/05/2023 11:22:13.326473,2003,True,True,True,True,Eyes,1.194399,0.009247474,-1.855937,-0.8534312,-0.1164178,0.5080375,0.0,0.0,0.0,0.0,0.0,0.0,0.0,1.431988,0.2603276,1.514601,1.047723,0.02144177,-1.820492,0.0670066,-0.595567,-0.00541237,0.8004878,5.786915,286.4431,354.8978,0.5576171,0.003404957,-0.8300906,-0.1827634,-0.01078777,0.02149455,-0.7079376,-0.3402054,-0.7873113,0.5062823,-0.1159692,2.002704,0.2905414,-0.08847889,0.9527628,-0.07114874,0.9909617,0.1137228,-0.9542135,-0.100829,0.2816202,moving,-59.23516,-12.90661,14.1871,-3.314085,-10.769882938645,3.914244732054615,74.04623420122878,25.98268169598978,73.174617797546
1822,05/05/2023 11:22:13.346466,2004,True,True,True,True,Eyes,1.18734,0.009656155,-1.854364,-0.8539602,-0.118458,0.5066753,0.0,0.0,0.0,0.0,0.0,0.0,0.0,1.44392,0.2504098,1.495653,1.036403,0.02152098,-1.819338,0.06532377,-0.5978803,-0.00172393,0.7989174,5.872506,286.1411,355.3371,0.5559822,0.003483498,-0.8311862,-0.1717976,-0.01014051,0.02020488,-0.7228703,-0.3415641,-0.7915158,0.5095025,-0.1180112,2.002442,0.2850722,-0.08086615,0.9550887,-0.07535704,0.9914597,0.106438,-0.9555392,-0.1023152,0.2765438,moving,-59.31831,-13.15909,14.27545,-3.372748,-10.761723078435638,3.90353097097365,74.24159212111877,26.07305642656755,73.33619485748657
1823,05/05/2023 11:22:13.356245,2005,True,True,True,True,Eyes,1.180147,0.00999895,-1.852848,-0.8545407,-0.1206877,0.505168,0.0,0.0,0.0,0.0,0.0,0.0,0.0,1.456216,0.2480654,1.476047,1.025744,0.02096237,-1.818853,0.06551105,-0.600233,0.003256723,0.7971312,6.220289,285.8108,355.7628,0.5543166,0.003573735,-0.8322975,-0.1614898,-0.009532078,0.01899259,-0.7360067,-0.3526728,-0.7977387,0.5127457,-0.1200675,2.002178,0.2794195,-0.07345171,0.9573555,-0.08383586,0.9913954,0.1005322,-0.9565021,-0.1083514,0.2708574,moving,-59.41024,-13.43645,14.36439,-3.431828,-10.752794877429588,3.891776462280886,74.44990593009359,26.163106820232915,73.5064999332312
1824,05/05/2023 11:22:13.376452,2006,True,True,True,True,Eyes,1.172844,0.01028802,-1.851404,-0.8550846,-0.1231572,0.5036494,0.0,0.0,0.0,0.0,0.0,0.0,0.0,1.468622,0.2503703,1.455776,1.015334,0.01979318,-1.81866,0.06682429,-0.6026043,0.008782078,0.7951889,6.710926,285.464,356.1566,0.5526169,0.003671582,-0.8334267,-0.1518004,-0.008960154,0.01785303,-0.7482181,-0.3694539,-0.8051938,0.5159003,-0.1220677,2.001921,0.2735818,-0.06657039,0.9595423,-0.09450404,0.9909148,0.09569163,-0.9571947,-0.1168601,0.2648051,moving,-59.50169,-13.74087,14.45085,-3.489307,-10.742419327570964,3.878633159241219,74.65971280680478,26.24856875339468,73.67345145123268
1825,05/05/2023 11:22:13.396525,2007,True,True,True,True,Eyes,1.16543,0.01057888,-1.850033,-0.8557094,-0.1259768,0.5018877,0.0,0.0,0.0,0.0,0.0,0.0,0.0,1.483365,0.2568024,1.432996,1.005301,0.01893506,-1.819013,0.06942567,-0.6055019,0.01507125,0.7926667,7.372186,285.0249,356.521,0.5508798,0.003773924,-0.8345754,-0.1426924,-0.008422544,0.01678185,-0.7602451,-0.3921214,-0.8162366,0.5192931,-0.1242189,2.001646,0.2662807,-0.06018177,0.9620151,-0.1079677,0.9899058,0.09181148,-0.9578297,-0.1283142,0.2570952,moving,-59.60768,-14.09048,14.54379,-3.55113,-10.73056239681688,3.8635634861946695,74.89671822972886,26.339524835742594,73.85996126806334
1826,05/05/2023 11:22:13.406698,2008,True,True,True,True,Eyes,1.157889,0.01087303,-1.848744,-0.8563533,-0.1286221,0.5001155,0.0,0.0,0.0,0.0,0.0,0.0,0.0,1.498761,0.2670487,1.408255,0.9952358,0.019368,-1.819316,0.0732663,-0.6086904,0.02040295,0.7897543,8.08042,284.5216,356.7015,0.5491036,0.003880408,-0.8357447,-0.1341308,-0.007917192,0.01577494,-0.7727383,-0.4165409,-0.8299826,0.522547,-0.1262822,2.001381,0.2581595,-0.05696635,0.9644213,-0.1214196,0.9884315,0.0908866,-0.9584419,-0.1405629,0.2482562,moving,-59.71481,-14.42302,14.63287,-3.610437,-10.719669544287838,3.8493913342400345,75.12981746626494,26.427264332900766,74.0440177065912
1827,05/05/2023 11:22:13.426462,2009,True,True,True,True,Eyes,1.150246,0.01113848,-1.847526,-0.8570775,-0.1312697,0.4981831,0.0,0.0,0.0,0.0,0.0,0.0,0.0,1.512543,0.2687064,1.386074,0.9846646,0.01977164,-1.81968,0.07463255,-0.6115432,0.02296127,0.7873486,8.372447,284.0923,356.8059,0.5472839,0.00399089,-0.8369369,-0.126083,-0.007442161,0.01482844,-0.7873219,-0.4272085,-0.8411801,0.5255587,-0.128192,2.001136,0.2509756,-0.05512499,0.9664226,-0.1274391,0.9878055,0.08944003,-0.9595678,-0.1456072,0.24089,moving,-59.83236,-14.76173,14.71528,-3.665339,-10.709088867953517,3.835172185347336,75.36896259598164,26.50766305005563,74.23195438722475
1828,05/05/2023 11:22:13.446123,2010,True,True,True,True,Eyes,1.142498,0.01137063,-1.846441,-0.8577898,-0.1337821,0.4962851,0.0,0.0,0.0,0.0,0.0,0.0,0.0,1.525827,0.2656215,1.36541,0.9745982,0.01937895,-1.820118,0.0747498,-0.6142574,0.02604437,0.7851255,8.590526,283.7012,357.0472,0.5454195,0.004103686,-0.8381526,-0.118518,-0.006995631,0.01393874,-0.8012248,-0.4350096,-0.8505732,0.5287476,-0.1302141,2.000875,0.2440192,-0.05093501,0.9684318,-0.1327274,0.9874684,0.08538003,-0.9606445,-0.1493718,0.2342008,moving,-59.94793,-15.08646,14.8025,-3.723476,-10.699120050833844,3.821613469089842,75.60915414530938,26.59437911126449,74.42224536896502
1829,05/05/2023 11:22:13.456590,2011,True,True,True,True,Eyes,1.13467,0.01158633,-1.84543,-0.8585762,-0.1363957,0.4942095,0.0,0.0,0.0,0.0,0.0,0.0,0.0,1.539245,0.2624489,1.344638,0.9646546,0.01877705,-1.820795,0.07510326,-0.6168954,0.03058664,0.7828563,8.9358,283.3204,357.4023,0.5435071,0.004217083,-0.8393934,-0.1114069,-0.006575893,0.01310241,-0.8138491,-0.4462909,-0.8597788,0.5319428,-0.1322402,2.000617,0.2370091,-0.04477182,0.9704751,-0.1405516,0.9868479,0.07985261,-0.9612866,-0.1553276,0.2275992,moving,-60.07462,-15.42884,14.88983,-3.781733,-10.688904495729446,3.807441713012423,75.86385084657876,26.680840152207477,74.62315463735126
1830,05/05/2023 11:22:13.476401,2012,True,True,True,True,Eyes,1.126761,0.01177785,-1.844534,-0.8593877,-0.1387491,0.4921397,0.0,0.0,0.0,0.0,0.0,0.0,0.0,1.553332,0.260208,1.322637,0.9548707,0.01865814,-1.821479,0.07587089,-0.6197942,0.03500084,0.7803038,9.310884,282.8934,357.7103,0.5415459,0.004330308,-0.8406595,-0.1047225,-0.00618134,0.01231627,-0.8267068,-0.4584821,-0.8706064,0.535154,-0.1342761,2.000355,0.2292604,-0.03942608,0.9725665,-0.1486712,0.9860371,0.07501805,-0.9619442,-0.1617913,0.2201977,moving,-60.20182,-15.74476,14.97756,-3.840282,-10.680106676294947,3.794628998504507,76.11606777571266,26.769529790919773,74.82506612622957
1831,05/05/2023 11:22:13.496461,2013,True,True,True,True,Eyes,1.118789,0.01192429,-1.843717,-0.8602878,-0.1410749,0.4899007,0.0,0.0,0.0,0.0,0.0,0.0,0.0,1.567121,0.2553539,1.301468,0.9452186,0.01822769,-1.822394,0.07561491,-0.6227329,0.03762928,0.7778627,9.468307,282.4691,357.9296,0.5395342,0.004442279,-0.8419514,0.0,0.0,0.0,-0.8410141,-0.464301,-0.8815047,0.5382988,-0.1362702,2.0001,0.2215757,-0.03563495,0.974492,-0.1527166,0.9857329,0.07077006,-0.9631106,-0.164502,0.2129724,moving,-60.34016,-16.06462,15.06342,-3.897634,-10.671781808407744,3.781901163363272,76.3788938460135,26.856579686266944,75.03602086842231
1832,05/05/2023 11:22:13.516233,2014,True,True,True,True,Eyes,1.110751,0.01206218,-1.842993,-0.8611908,-0.143087,0.4877258,0.0,0.0,0.0,0.0,0.0,0.0,0.0,1.58054,0.2511624,1.280419,0.9357272,0.01732078,-1.823397,0.07539487,-0.6256295,0.04004321,0.7754352,9.615306,282.0485,358.1263,0.5374716,0.004551086,-0.8432691,0.0,0.0,0.0,-0.8550281,-0.4705472,-0.8922586,0.5416402,-0.1383889,1.999828,0.2139684,-0.03223668,0.9763085,-0.1564403,0.9854243,0.06682324,-0.9642323,-0.1670321,0.2058065,moving,-60.47544,-16.35041,15.1546,-3.95858,-10.66505574307109,3.770828049426137,76.63850469020451,26.951778633055692,75.249036337981
1833,05/05/2023 11:22:13.526227,2015,True,True,True,True,Eyes,1.102635,0.01218666,-1.842353,-0.8621914,-0.1448729,0.4854254,0.0,0.0,0.0,0.0,0.0,0.0,0.0,1.593263,0.2500958,1.259446,0.9261299,0.01719593,-1.824617,0.07593866,-0.6284045,0.04131848,0.773068,9.749499,281.6302,358.1651,0.5353577,0.004656649,-0.8446121,0.0,0.0,0.0,-0.8690747,-0.4768896,-0.9037981,0.5447854,-0.1403832,1.999572,0.2068013,-0.0315564,0.977874,-0.1593243,0.9850522,0.06548205,-0.9653233,-0.1693409,0.1986823,moving,-60.6199,-16.61749,15.24039,-4.015953,-10.659870057862909,3.760941789495881,76.89982011452608,27.042624939746823,75.46636404312993
1834,05/05/2023 11:22:13.546257,2016,True,True,True,True,Eyes,1.094459,0.01226095,-1.841818,-0.8632022,-0.1464057,0.4831639,0.0,0.0,0.0,0.0,0.0,0.0,0.0,1.603769,0.2465829,1.241301,0.9161435,0.0169538,-1.825952,0.07499714,-0.6307862,0.03891375,0.7713429,9.485009,281.2823,357.9907,0.5331911,0.004758712,-0.845981,0.0,0.0,0.0,-0.885354,-0.4720142,-0.9129418,0.5482524,-0.1425816,1.99929,0.201189,-0.03458262,0.9789419,-0.154646,0.9857222,0.06660452,-0.9672681,-0.1647895,0.1929684,moving,-60.76276,-16.85758,15.33488,-4.079207,-10.656001194375229,3.752387493233333,77.16305871397743,27.14516121828291,75.69022090195016
1835,05/05/2023 11:22:13.556638,2017,True,True,True,True,Eyes,1.086235,0.01229357,-1.841388,-0.8642678,-0.1479238,0.4807907,0.0,0.0,0.0,0.0,0.0,0.0,0.0,1.613525,0.246382,1.224149,0.9065698,0.0157068,-1.827729,0.07460156,-0.6328748,0.03667049,0.7697788,9.280564,280.9702,357.795,0.5309717,0.00485527,-0.8473752,0.0,0.0,0.0,-0.9003195,-0.4700159,-0.9221655,0.5511292,-0.144406,1.999056,0.1962496,-0.03797057,0.9798185,-0.1508832,0.9861798,0.06843773,-0.9688758,-0.161269,0.1878083,moving,-60.91289,-17.10145,15.41325,-4.131703,-10.652377636652874,3.7438271025768777,77.42024273110752,27.229412745948757,75.90645199101063
1836,05/05/2023 11:22:13.576240,2018,True,True,True,True,Eyes,1.077961,0.01227905,-1.841056,-0.8652271,-0.1498584,0.4784605,0.0,0.0,0.0,0.0,0.0,0.0,0.0,1.623769,0.2490522,1.206018,0.8971786,0.01473856,-1.82975,0.07541582,-0.6349591,0.03627037,0.7679999,9.317143,280.6446,357.6734,0.5286993,0.004944926,-0.8487944,0.0,0.0,0.0,-0.9132407,-0.4754432,-0.9319794,0.5543107,-0.146423,1.998797,0.1910228,-0.04006064,0.9807679,-0.1514832,0.9859938,0.06977829,-0.9698265,-0.1618991,0.1822788,moving,-61.05792,-17.39106,15.49987,-4.189752,-10.646046035608576,3.732809373599959,77.68764214851011,27.31988111356914,76.12400772134498
1837,05/05/2023 11:22:13.601523,2019,True,True,True,True,Eyes,1.06966,0.01220221,-1.840838,-0.8662373,-0.1517711,0.4760236,0.0,0.0,0.0,0.0,0.0,0.0,0.0,1.633704,0.2476441,1.189054,0.8876888,0.01352247,-1.831937,0.07482212,-0.6370015,0.03467586,0.7664389,9.14133,280.3431,357.552,0.5263734,0.005026158,-0.8502383,0.0,0.0,0.0,-0.9276434,-0.4739113,-0.9408938,0.557484,-0.1484353,1.998539,0.1860536,-0.04216973,0.9816343,-0.1484774,0.9863985,0.07051601,-0.9712563,-0.1588703,0.1772618,moving,-61.20987,-17.6839,15.58622,-4.247666,-10.639967216534618,3.721804564215186,77.962630941951,27.41031479189205,76.34790387887959
1838,05/05/2023 11:22:13.616387,2020,True,True,True,True,Eyes,1.061356,0.01205451,-1.840641,-0.866957,-0.1557881,0.4734085,0.0,0.0,0.0,0.0,0.0,0.0,0.0,1.643864,0.2511121,1.171293,0.8787164,0.01195224,-1.83439,0.0756931,-0.6390285,0.03443886,0.7646745,9.193894,280.0241,357.4412,0.5239947,0.005096844,-0.8517058,0.0,0.0,0.0,-0.9398237,-0.4804897,-0.9508492,0.5607934,-0.1505337,1.99827,0.1809131,-0.04407106,0.9825111,-0.1494091,0.9861691,0.07174633,-0.9720839,-0.159776,0.1718263,moving,-61.36291,-18.21521,15.67622,-4.308071,-10.62145790494722,3.698697061866605,78.28432835709981,27.489565256454608,76.5712268004533
1839,05/05/2023 11:22:13.626318,2021,True,True,True,True,Eyes,1.053026,0.01186885,-1.84057,-0.867695,-0.1597362,0.4707333,0.0,0.0,0.0,0.0,0.0,0.0,0.0,1.653784,0.257625,1.153189,0.8696946,0.01053723,-1.837046,0.0777192,-0.6408685,0.035484,0.7628816,9.442764,279.717,357.3577,0.521566,0.005154687,-0.8531949,0.0,0.0,0.0,-0.9501747,-0.4933155,-0.9608493,0.5641017,-0.1526318,1.998,0.176057,-0.04547539,0.9833291,-0.1537558,0.9854012,0.07309993,-0.9722979,-0.1640622,0.1664946,moving,-61.51972,-18.74386,15.76613,-4.36847,-10.60331792168236,3.67582142136378,78.6114142340322,27.5691568272616,76.7978031059315
1840,05/05/2023 11:22:13.646387,2022,True,True,True,True,Eyes,1.04466,0.01166294,-1.840706,-0.8684255,-0.1636361,0.4680386,0.0,0.0,0.0,0.0,0.0,0.0,0.0,1.66293,0.2607106,1.137123,0.8607383,0.009457015,-1.839944,0.07879023,-0.6424329,0.03596343,0.7614321,9.566662,279.4642,357.2991,0.5190874,0.005199126,-0.854705,0.0,0.0,0.0,-0.9607181,-0.5012572,-0.9692073,0.5672989,-0.1546591,1.997741,0.1719733,-0.04646744,0.9840051,-0.1560023,0.9849975,0.07377864,-0.9726709,-0.166195,0.1621443,moving,-61.67752,-19.27069,15.85297,-4.426837,-10.585333695051853,3.653063715926292,78.93869045991141,27.645410068418563,77.02215905534436
1841,05/05/2023 11:22:13.657430,2023,True,True,True,True,Eyes,1.036265,0.01143138,-1.840976,-0.8691725,-0.1673725,0.4653232,0.0,0.0,0.0,0.0,0.0,0.0,0.0,1.671591,0.2648405,1.121867,0.8518287,0.008710648,-1.843164,0.08018004,-0.6437775,0.03635368,0.7601317,9.712368,279.2385,357.2105,0.5165563,0.005230465,-0.8562369,0.0,0.0,0.0,-0.9704817,-0.5100085,-0.9770008,0.570673,-0.1567982,1.997466,0.168458,-0.04796903,0.9845409,-0.1585034,0.9844992,0.07508741,-0.9728816,-0.1687021,0.1582435,moving,-61.83703,-19.78319,15.94456,-4.488432,-10.5682047216982,3.6310787499197934,79.27108782656299,27.72820131213324,77.25226939249451
1842,05/05/2023 11:22:13.676222,2024,True,True,True,True,Eyes,1.027847,0.01116446,-1.841399,-0.8698691,-0.171027,0.4626852,0.0,0.0,0.0,0.0,0.0,0.0,0.0,1.679926,0.2653437,1.10799,0.8427523,0.007856807,-1.846593,0.08034231,-0.6450079,0.03582611,0.7590959,9.682671,279.0479,357.1361,0.5139726,0.005248733,-0.8577901,0.0,0.0,0.0,-0.9816043,-0.5125043,-0.9840119,0.5735927,-0.1586497,1.997228,0.1653627,-0.04925193,0.9850023,-0.1580337,0.9845232,0.07575879,-0.9734889,-0.1681913,0.15502,moving,-61.99139,-20.28634,16.02377,-4.541749,-10.551251635674603,3.609437510093549,79.58804769299773,27.79700732918751,77.46597138731768
1843,05/05/2023 11:22:13.696270,2025,True,True,True,True,Eyes,1.019418,0.01087057,-1.841963,-0.8705727,-0.1745719,0.4600303,0.0,0.0,0.0,0.0,0.0,0.0,0.0,1.688786,0.264109,1.094263,0.8338458,0.006712871,-1.850356,0.08000774,-0.6463099,0.03543897,0.758041,9.619681,278.8547,357.1111,0.511336,0.005253488,-0.8593644,0.0,0.0,0.0,-0.9928866,-0.513813,-0.9910575,0.5766987,-0.1606192,1.996976,0.1620551,-0.0496912,0.9855297,-0.157148,0.9846857,0.07548918,-0.9741881,-0.1671074,0.1517645,moving,-62.14702,-20.78071,16.10798,-4.598471,-10.534836120802428,3.5882754209580683,79.91063686426934,27.87225265040412,77.68508668400459
1844,05/05/2023 11:22:13.716333,2026,True,True,True,True,Eyes,1.010959,0.01054445,-1.84267,-0.8712309,-0.1779251,0.4574924,0.0,0.0,0.0,0.0,0.0,0.0,0.0,1.697464,0.2649611,1.080601,0.8251432,0.005777033,-1.85429,0.08043123,-0.6474901,0.03566826,0.7569777,9.669172,278.6684,357.0836,0.5086467,0.005244719,-0.8609589,0.0,0.0,0.0,-1.002779,-0.5188715,-0.9980431,0.5799991,-0.1627121,1.996707,0.1589686,-0.05015671,0.9860087,-0.158157,0.9845172,0.0755796,-0.9745334,-0.167959,0.1485747,moving,-62.29557,-21.25175,16.19741,-4.658751,-10.519211401965253,3.5681187711641256,80.22764813388463,27.954592563077036,77.90179901337235
1845,05/05/2023 11:22:13.726088,2027,True,True,True,True,Eyes,0.7990548,0.00224543,-1.863971,-0.8834015,-0.2567425,0.392027,0.0,0.0,0.0,0.0,0.0,0.0,0.0,1.705745,0.2630177,1.06805,0.815982,0.004661866,-1.858394,0.0798771,-0.6485024,0.03522187,0.7561904,9.583659,278.5225,357.0741,0.5059045,0.005222169,-0.8625733,0.0,0.0,0.0,-1.01384,-0.5192352,-1.003857,0.583093,-0.1646737,1.996456,0.1564083,-0.05033208,0.9864093,-0.1568698,0.9847581,0.07512164,-0.9751556,-0.1664875,0.1461287,moving,-66.06979,-33.2212,16.28119,-4.715254,-10.122143777060565,3.055910685475021,87.14512530437554,27.52320902641335,81.45966325597307
1846,05/05/2023 11:22:13.746355,2028,True,True,True,True,Eyes,0.7986731,0.002231212,-1.864171,-0.883423,-0.2566097,0.3920652,0.0,0.0,0.0,0.0,0.0,0.0,0.0,1.713914,0.261365,1.05607,0.8070883,0.00418306,-1.86271,0.07959925,-0.6494125,0.03498425,0.7554494,9.538179,278.3878,357.0631,0.4923421,0.004688349,-0.8703887,-0.6357123,-0.02489705,-0.06390309,-1.023988,-0.5205687,-1.009254,0.5865443,-0.1668621,1.996175,0.1540793,-0.05052781,0.9867657,-0.1562431,0.9848801,0.07482796,-0.9756268,-0.1657048,0.143855,moving,-66.06824,-33.20506,16.37458,-4.778297,-10.122895056248428,3.0566920065695067,87.20607446852868,27.631562335300057,81.53419238265516
1847,05/05/2023 11:22:13.766171,2029,True,True,True,True,Eyes,0.7979403,0.002179047,-1.864548,-0.8835243,-0.2562219,0.3920908,0.0,0.0,0.0,0.0,0.0,0.0,0.0,1.721142,0.256124,1.046287,0.7976462,0.003759447,-1.867189,0.07790185,-0.6500074,0.03324651,0.7551929,9.258143,278.3216,357.0346,0.4809391,0.004248715,-0.8767433,-0.5975696,-0.02340323,-0.06006891,-1.035935,-0.5137517,-1.012862,0.5894775,-0.1687223,1.995936,0.1527702,-0.0510585,0.9869418,-0.1514886,0.9856519,0.0744409,-0.976582,-0.1608828,0.1428434,moving,-66.06929,-33.16365,16.45392,-4.831892,-10.12512917809494,3.0588253617225023,87.25118165431722,27.725606858898114,81.60053913102865
1848,05/05/2023 11:22:13.776244,2030,True,True,True,True,Eyes,0.7968655,0.002093742,-1.865127,-0.8836128,-0.2557874,0.392175,0.0,0.0,0.0,0.0,0.0,0.0,0.0,1.728343,0.2476874,1.037774,0.7885004,0.002745461,-1.871832,0.07510696,-0.6505369,0.03131286,0.7551029,8.868505,278.2819,357.0743,0.4713168,0.003883959,-0.881955,-0.5617154,-0.02199903,-0.05646477,-1.048117,-0.5033033,-1.015153,0.5926799,-0.1707528,1.995676,0.1516428,-0.05043082,0.987148,-0.1450085,0.9867569,0.07268663,-0.9777408,-0.1541673,0.1423216,moving,-66.06686,-33.1135,16.54048,-4.890396,-10.127609073322692,3.061314182848951,87.29556816511602,27.82834291966909,81.66957081805822
1849,05/05/2023 11:22:13.796523,2031,True,True,True,True,Eyes,0.7954777,0.001955333,-1.865878,-0.8837544,-0.2551611,0.3922639,0.0,0.0,0.0,0.0,0.0,0.0,0.0,1.735499,0.2421202,1.028896,0.7793205,0.001816098,-1.876662,0.07339156,-0.650928,0.0304112,0.7549714,8.650574,278.2473,357.1227,0.4631562,0.003578421,-0.886269,-0.5280125,-0.02067909,-0.05307689,-1.058656,-0.4986388,-1.017444,0.5961155,-0.172931,1.995397,0.1507362,-0.04962604,0.9873278,-0.1414644,0.9873776,0.07122607,-0.9784001,-0.1504081,0.1418132,moving,-66.06544,-33.04333,16.63327,-4.953162,-10.131199712245202,3.0648472577403267,87.339190366824,27.93967271524311,81.74527647471685
1850,05/05/2023 11:22:13.806474,2032,True,True,True,True,Eyes,0.793804,0.00176397,-1.866786,-0.883839,-0.2548327,0.3922869,0.0,0.0,0.0,0.0,0.0,0.0,0.0,1.742226,0.2354622,1.021263,0.7704287,0.0003646817,-1.881545,0.07106016,-0.6511909,0.02903853,0.7550217,8.344412,278.24,357.1788,0.4561799,0.00331771,-0.889881,-0.4963318,-0.01943835,-0.04989227,-1.069348,-0.491197,-1.019079,0.5992218,-0.1749004,1.995145,0.1502144,-0.04869801,0.9874535,-0.1363969,0.9882144,0.06948468,-0.9791996,-0.1451232,0.1418018,moving,-66.06623,-33.00808,16.71712,-5.009912,-10.133095163206557,3.0666606042690594,87.38981890688827,28.038635475759456,81.81506904267029
1851,05/05/2023 11:22:13.826278,2033,True,True,True,True,Eyes,0.7918619,0.001538077,-1.867865,-0.8838943,-0.2546382,0.3922885,0.0,0.0,0.0,0.0,0.0,0.0,0.0,1.749039,0.2347656,1.012917,0.7618006,-0.001045959,-1.886772,0.07069997,-0.6513407,0.02893526,0.7549303,8.304883,278.2223,357.1957,0.4497935,0.003073458,-0.8931269,-0.4665518,-0.01827205,-0.04689874,-1.077593,-0.4931964,-1.021808,0.6023915,-0.1769103,1.994887,0.1498362,-0.04841134,0.9875251,-0.1357877,0.9883286,0.06905369,-0.9793422,-0.1444405,0.1415137,moving,-66.06747,-32.98798,16.80262,-5.067839,-10.134224126940264,3.0677148179330365,87.44704734905565,28.13859995528493,81.88629982698039
1852,05/05/2023 11:22:13.846373,2034,True,True,True,True,Eyes,0.7896596,0.001376968,-1.869135,-0.8837849,-0.2551317,0.3922141,0.0,0.0,0.0,0.0,0.0,0.0,0.0,1.755306,0.2396984,1.004289,0.7534133,-0.002080789,-1.89196,0.07214068,-0.6513255,0.02953153,0.754784,8.474576,278.2041,357.1375,0.4439284,0.002842356,-0.8960574,-0.4385587,-0.01717572,-0.04408481,-1.0838,-0.5025613,-1.025233,0.605371,-0.1787998,1.994644,0.1498061,-0.04939425,0.9874809,-0.138554,0.9878473,0.07043198,-0.9789592,-0.1473705,0.1411418,moving,-66.06888,-33.04364,16.88296,-5.122303,-10.13139327169139,3.06491958870335,87.52490399453842,28.22775046660144,81.9513867808895
1853,05/05/2023 11:22:13.856280,2035,True,True,True,True,Eyes,0.7871904,0.001449471,-1.870562,-0.8835829,-0.2560181,0.3920916,0.0,0.0,0.0,0.0,0.0,0.0,0.0,1.761374,0.2539432,0.9942633,0.7449701,-0.000583075,-1.897499,0.07722078,-0.6510761,0.03164743,0.7544107,9.074703,278.1666,356.9348,0.4385218,0.00262632,-0.8987163,-0.4122452,-0.01614518,-0.04143972,-1.086213,-0.525674,-1.030424,0.6087037,-0.1809129,1.994373,0.1501967,-0.05280288,0.9872452,-0.1483035,0.9860708,0.07530258,-0.9774699,-0.1577221,0.1402738,moving,-66.07066,-33.14272,16.97275,-5.183211,-10.126309566483062,3.0599251255996776,87.62386711364195,28.32504761819411,82.0232120119028
1854,05/05/2023 11:22:13.876250,2036,True,True,True,True,Eyes,0.7844252,0.001605572,-1.872171,-0.8834723,-0.2564799,0.3920392,2.10892,-1.078747,-0.53929,-1.045392,0.6705738,0.3124467,-0.6728356,0.6030536,-0.1806785,1.982096,0.7360883,0.005129253,-1.902715,0.08357776,-0.6502793,0.03062961,0.7544624,9.55232,278.1796,356.3674,0.4335165,0.00243538,-0.9011419,-0.3875105,-0.01517647,-0.03895334,-1.088816,-0.5439839,-1.035282,0.6117835,-0.1828659,1.994122,0.1523973,-0.06248001,0.9863423,-0.1549155,0.9841532,0.08627695,-0.9761025,-0.1659482,0.1403032,moving,-66.07083,-33.19352,17.05567,-5.239512,-10.12365777117722,3.0573453601768588,87.7008641092781,28.41748933576304,82.0891627814349
1855,05/05/2023 11:22:13.896658,2037,True,True,True,True,Eyes,0.7814728,0.001881405,-1.873957,-0.8832852,-0.2572216,0.391975,0.0,0.0,0.0,0.0,0.0,0.0,0.0,1.765494,0.2741396,0.9888352,0.7262981,0.00715502,-1.908496,0.08145556,-0.6485387,0.0223342,0.7564813,8.754927,278.4671,355.8303,0.4288591,0.002271163,-0.9033681,-0.3642599,-0.01426588,-0.03661614,-1.100034,-0.5227668,-1.030117,0.6149651,-0.1848835,1.993863,0.1577977,-0.07186335,0.9848532,-0.139445,0.9857323,0.09427001,-0.9775761,-0.1522084,0.1455253,moving,-66.06982,-33.27366,17.14128,-5.297675,-10.119396451222617,3.053242892888405,87.78805670437309,28.511091003888417,82.15514267536935
1856,05/05/2023 11:22:13.906613,2038,True,True,True,True,Eyes,0.7782544,0.002258508,-1.875905,-0.8831061,-0.2580508,0.3918335,2.121213,-1.095002,-0.5451224,-1.044743,0.4726429,-0.5022759,-0.7241046,0.6092386,-0.1964846,1.986291,0.7188441,0.01034252,-1.914542,0.08543511,-0.6478994,0.02289908,0.7565732,9.145863,278.4955,355.5818,0.4245054,0.002136896,-0.9054224,-0.3424043,-0.01340993,-0.03441917,-1.102088,-0.5375873,-1.033875,0.6182324,-0.186955,1.993598,0.159404,-0.07605706,0.9842795,-0.1453564,0.9843529,0.09960321,-0.9764538,-0.1589484,0.1458544,moving,-66.07317,-33.3678,17.22913,-5.357399,-10.114667379695693,3.0485399286364734,87.88546950133909,28.606696146423815,82.2267632518165
1857,05/05/2023 11:22:13.926256,2039,True,True,True,True,Eyes,0.7748589,0.002661068,-1.878016,-0.8829736,-0.2587445,0.3916744,2.132534,-1.108112,-0.5491204,-1.042758,0.1207631,-0.8481809,-0.5157572,0.6151529,-0.2026159,1.992426,0.7092319,0.01313621,-1.920456,0.08637694,-0.6471432,0.02029859,0.7571875,9.037404,278.5889,355.2921,0.4204126,0.002034576,-0.9073305,-0.32186,-0.01260533,-0.03235402,-1.109923,-0.5363711,-1.035002,0.621455,-0.1889984,1.993336,0.1615873,-0.08105681,0.983524,-0.1425361,0.984254,0.1045349,-0.9765108,-0.1570792,0.1474894,moving,-66.07861,-33.4492,17.31572,-5.416315,-10.110733413948262,3.0445385549171755,87.97986654668284,28.70185342003594,82.29971043051557
1858,05/05/2023 11:22:13.946459,2040,True,True,True,True,Eyes,0.7712767,0.003115822,-1.880254,-0.8827459,-0.2598566,0.3914514,0.0,0.0,0.0,0.0,0.0,0.0,0.0,1.782351,0.2890293,0.9712766,0.701589,0.01411322,-1.926464,0.08596437,-0.6473083,0.01811544,0.7571487,8.837241,278.5674,355.1317,0.4165451,0.001962249,-0.9091127,-0.3025484,-0.01184901,-0.03041278,-1.118587,-0.5325158,-1.039251,0.6246195,-0.1910048,1.993078,0.1613279,-0.08385871,0.9833316,-0.138723,0.9845639,0.1067231,-0.9771025,-0.1536282,0.1472045,moving,-66.08524,-33.57735,17.4007,-5.474171,-10.104422101915787,3.03818955588521,88.08910742872607,28.79222158977467,82.37091893395065
1859,05/05/2023 11:22:13.966177,2041,True,True,True,True,Eyes,0.7674753,0.003612472,-1.882606,-0.8825417,-0.2608424,0.3912563,2.124649,-1.107615,-0.550586,-1.051324,0.8478649,0.3600421,-0.3892234,0.6238474,-0.1903861,1.97866,0.6934116,0.01597215,-1.932142,0.09067935,-0.6472568,0.02149113,0.7565542,9.498874,278.4935,355.0638,0.4128712,0.001919473,-0.910787,-0.2843955,-0.01113807,-0.02858801,-1.120328,-0.5559866,-1.045483,0.6279998,-0.1931483,1.992803,0.1611936,-0.08486725,0.9832673,-0.149904,0.9826308,0.1093871,-0.9754721,-0.1650282,0.1456719,moving,-66.0909,-33.69057,17.49141,-5.535984,-10.098834033357004,3.032575181179298,88.19684380842376,28.8901673976037,82.44612528650148
1860,05/05/2023 11:22:13.976090,2042,True,True,True,True,Eyes,0.7634943,0.004077124,-1.885048,-0.8823611,-0.2612647,0.3913817,2.122667,-1.109464,-0.5505009,-1.054275,0.7238237,0.3653258,-0.5853344,0.6267486,-0.1970097,1.971902,0.684351,0.01746142,-1.937264,0.08968662,-0.6472386,0.02112439,0.7566983,9.385512,278.5145,355.1085,0.4093612,0.001905339,-0.9123701,-0.2673318,-0.01046979,-0.02687273,-1.129168,-0.5524186,-1.046712,0.6311685,-0.1951577,1.992545,0.161272,-0.08412771,0.9833177,-0.1480669,0.9830201,0.1083864,-0.9757394,-0.1630765,0.1460771,moving,-66.07975,-33.72488,17.57638,-5.593931,-10.096355988512798,3.0305443260255154,88.25926794517106,28.985546255662566,82.50240496897922
1861,05/05/2023 11:22:13.996112,2043,True,True,True,True,Eyes,0.759333,0.004525564,-1.887592,-0.8821422,-0.2618169,0.3915061,2.137928,-1.126624,-0.5552201,-1.05058,0.7429466,-0.5925817,-0.311251,0.6324659,-0.2081173,1.982137,0.6759701,0.01717341,-1.942328,0.08764879,-0.6470549,0.02043003,0.7571132,9.158073,278.5792,355.207,0.4059896,0.001915393,-0.9138753,-0.2512919,-0.0098416,-0.02526037,-1.137749,-0.5463443,-1.045915,0.6345207,-0.1972834,1.992272,0.1618052,-0.08249146,0.9833689,-0.1443628,0.9838006,0.1062814,-0.9762062,-0.1591588,0.1472753,moving,-66.06774,-33.77234,17.66621,-5.65524,-10.0931363693846,3.027822525200464,88.3286233053165,29.085681798300804,82.56122114663931
1862,05/05/2023 11:22:14.006527,2044,True,True,True,True,Eyes,0.6499487,0.017137,-1.953265,-0.8782854,-0.2640902,0.3985863,0.0,0.0,0.0,0.0,0.0,0.0,0.0,1.80893,0.2855029,0.9403031,0.6674732,0.01727656,-1.947329,0.08849516,-0.6470223,0.02308243,0.7569664,9.430166,278.5734,355.3734,0.4027342,0.001946399,-0.9153147,-0.2362144,-0.009251104,-0.02374475,-1.142878,-0.5556216,-1.048117,0.6374214,-0.1991225,1.992037,0.1616588,-0.07957143,0.9836336,-0.1494619,0.9832716,0.104106,-0.9754629,-0.1638454,0.1470616,moving,-65.59035,-33.52716,17.74388,-5.708283,-10.076869053484298,3.02806825426578,87.85490201026936,29.160211095512647,82.15568892032726
1863,05/05/2023 11:22:14.026206,2045,True,True,True,True,Eyes,0.6495841,0.01721309,-1.953447,-0.8784488,-0.2635475,0.3985856,0.0,0.0,0.0,0.0,0.0,0.0,0.0,1.816318,0.2750738,0.9322397,0.6579486,0.01910085,-1.952047,0.08615039,-0.6473754,0.02227636,0.756959,9.164351,278.5612,355.479,0.3924348,0.002679219,-0.9197757,-0.5501942,0.02913826,-0.2193383,-1.15425,-0.5459398,-1.049444,0.6406184,-0.2011498,1.991776,0.1608176,-0.07781871,0.9839115,-0.1452679,0.9841637,0.1015823,-0.976235,-0.1592669,0.1469664,moving,-65.5944,-33.47294,17.82944,-5.766758,-10.079957450169374,3.0309300663202867,87.90432072067178,29.26318132643468,82.23044547019641
1864,05/05/2023 11:22:14.046197,2046,True,True,True,True,Eyes,0.6488497,0.01730022,-1.95383,-0.8786997,-0.2626167,0.398647,0.0,0.0,0.0,0.0,0.0,0.0,0.0,1.8237,0.2607992,0.9251333,0.6488593,0.02088431,-1.956608,0.08090871,-0.6481282,0.01695101,0.7570313,8.306804,278.5298,355.4084,0.3838642,0.003301713,-0.9233833,-0.5171825,0.02738996,-0.206178,-1.170895,-0.5182321,-1.051203,0.6438093,-0.203173,1.991517,0.1592851,-0.07921353,0.9840496,-0.1305433,0.986333,0.100528,-0.9785637,-0.1444737,0.1467673,moving,-65.59724,-33.3757,17.91476,-5.825117,-10.08522650345899,3.0359492520152385,87.93911966605016,29.368652323804188,82.30541162349579
1865,05/05/2023 11:22:14.056384,2047,True,True,True,True,Eyes,0.6477767,0.0173659,-1.954387,-0.8790332,-0.2614591,0.3986726,0.0,0.0,0.0,0.0,0.0,0.0,0.0,1.831072,0.2544582,0.9158487,0.6393433,0.02109538,-1.961414,0.07743344,-0.6488673,0.01195046,0.756857,7.626834,278.4678,355.2313,0.3766986,0.003833367,-0.9263275,-0.4861516,0.02574657,-0.1938073,-1.18642,-0.4992367,-1.054897,0.6470894,-0.205253,1.99125,0.1576569,-0.08239847,0.9840503,-0.1185776,0.9877225,0.1017035,-0.9803488,-0.1327206,0.1459506,moving,-65.60403,-33.25783,18.00242,-5.885119,-10.091817577397723,3.042119016186665,87.97331293689024,29.4784966314925,82.38710246425869
1866,05/05/2023 11:22:14.076212,2048,True,True,True,True,Eyes,0.6463891,0.01739855,-1.95509,-0.8792912,-0.2605084,0.3987259,0.0,0.0,0.0,0.0,0.0,0.0,0.0,1.838481,0.24949,0.9060649,0.6301528,0.02058532,-1.966136,0.07499117,-0.6495353,0.009152467,0.756569,7.201642,278.4017,355.168,0.3705595,0.004294528,-0.9287984,-0.4569825,0.02420177,-0.1821789,-1.199436,-0.4881785,-1.058675,0.6501598,-0.2072001,1.991,0.1560403,-0.08356988,0.9842092,-0.1112678,0.9885851,0.1015823,-0.9814637,-0.1253617,0.1449605,moving,-65.60748,-33.15867,18.08441,-5.941289,-10.097224451674888,3.0472514917975726,88.00635363581007,29.580371541623908,82.46035863625588
1867,05/05/2023 11:22:14.096378,2049,True,True,True,True,Eyes,0.6447102,0.01742752,-1.95594,-0.8795159,-0.2597802,0.3987053,0.0,0.0,0.0,0.0,0.0,0.0,0.0,1.845741,0.2467145,0.8956492,0.6211391,0.01987787,-1.970687,0.07435917,-0.6500539,0.009428271,0.7561825,7.164353,278.3334,355.2353,0.3649507,0.004710926,-0.9310145,-0.4295636,0.02274966,-0.1712482,-1.209905,-0.4868871,-1.065044,0.65016,-0.2072002,1.991001,0.1546822,-0.08241593,0.9845209,-0.1109339,0.9887636,0.1002004,-0.9817166,-0.124716,0.1438014,static,-65.6141,-33.08664,18.08442,-5.94129,-10.101402921555666,3.051085090671363,87.99041014117903,29.585527264806686,82.4696362739822
1868,05/05/2023 11:22:14.106346,2050,True,True,True,True,Eyes,0.6427522,0.01744044,-1.95689,-0.8796855,-0.2594531,0.3985443,0.0,0.0,0.0,0.0,0.0,0.0,0.0,1.853101,0.248153,0.8836476,0.6124581,0.0198634,-1.975069,0.07593147,-0.6506449,0.01175538,0.755485,7.471172,278.2218,355.3114,0.359807,0.005086862,-0.9330124,-0.4037897,0.02138468,-0.1609733,-1.217692,-0.4964679,-1.073029,0.6501597,-0.2072001,1.991001,0.1530461,-0.08104682,0.9848901,-0.1165709,0.9881924,0.09943302,-0.9813197,-0.1300273,0.1417913,static,-65.62695,-33.06421,18.0844,-5.941287,-10.103362080108507,3.052555166069555,87.99569916130235,29.587820602284545,82.48332100493111
1869,05/05/2023 11:22:14.126071,2051,True,True,True,True,Eyes,0.6405515,0.01744083,-1.957967,-0.8798171,-0.2593745,0.3983048,0.0,0.0,0.0,0.0,0.0,0.0,0.0,1.860042,0.2502765,0.8719757,0.6035984,0.01966118,-1.979398,0.07757014,-0.6511108,0.01385707,0.7548813,7.767724,278.1273,355.3635,0.3550705,0.005425602,-0.9348233,-0.3795623,0.0201016,-0.1513149,-1.225409,-0.5061373,-1.080516,0.6501597,-0.2072,1.991001,0.1517256,-0.08009261,0.9851724,-0.1219344,0.9875817,0.09906752,-0.9808729,-0.1351575,0.1400754,static,-65.64311,-33.07201,18.08441,-5.941285,-10.1039389179741,3.0525722578895715,88.01348671866161,29.588384259650685,82.49921131836842
1870,05/05/2023 11:22:14.146433,2052,True,True,True,True,Eyes,0.6380917,0.01744194,-1.959173,-0.8798465,-0.2597418,0.3980004,0.0,0.0,0.0,0.0,0.0,0.0,0.0,1.867285,0.2525709,0.8596206,0.5955611,0.01941493,-1.983538,0.07960944,-0.6517913,0.01671635,0.7540234,8.154673,277.9939,355.4476,0.3506894,0.005730266,-0.9364738,-0.3567886,0.01889551,-0.142236,-1.232051,-0.5185403,-1.089022,0.6501598,-0.2072002,1.991001,0.1497774,-0.07856844,0.9855932,-0.1289865,0.9867657,0.09826361,-0.9802701,-0.1418459,0.137661,static,-65.66029,-33.12915,18.08441,-5.941291,-10.101992312869251,3.050105621223248,88.04745569915056,29.58578186465698,82.51428857011054
1871,05/05/2023 11:22:14.156283,2053,True,True,True,True,Eyes,0.635386,0.01746392,-1.960504,-0.8798517,-0.2603441,0.3975953,0.0,0.0,0.0,0.0,0.0,0.0,0.0,1.874853,0.2551989,0.8458897,0.5868549,0.01952256,-1.9877,0.08216147,-0.6525265,0.02013867,0.7530293,8.628203,277.8431,355.5393,0.3466164,0.00600428,-0.9379872,-0.3353813,0.01776178,-0.1337018,-1.238729,-0.5334,-1.098181,0.6501597,-0.2072001,1.991,0.1476072,-0.07689506,0.9860524,-0.1375551,0.9856879,0.09745797,-0.9794339,-0.150022,0.1349174,static,-65.68232,-33.21665,18.08441,-5.94129,-10.098750498755049,3.046218828278576,88.09546139286915,29.581511973477152,82.5331060254063
1872,05/05/2023 11:22:14.176247,2054,True,True,True,True,Eyes,0.6324295,0.01749022,-1.961954,-0.8797916,-0.2611373,0.3972077,2.125608,-1.237663,-0.5375856,-1.117645,0.5732879,0.5426767,-0.6138753,0.6416897,-0.2013163,1.98008,0.5782307,0.02010001,-1.992018,0.08448915,-0.6534328,0.02281274,0.7519087,9.025235,277.6676,355.5802,0.3428089,0.006251725,-0.9393838,-0.3152584,0.01669607,-0.1256797,-1.246272,-0.5457368,-1.108423,0.6501596,-0.2072001,1.991,0.1450101,-0.07610978,0.9864985,-0.1447222,0.9846823,0.09724306,-0.9787888,-0.1568695,0.1317742,static,-65.70181,-33.32223,18.08441,-5.94129,-10.094406291844738,3.041347282338398,88.14673299205137,29.575893226673475,82.54870524406765
1873,05/05/2023 11:22:14.196350,2055,True,True,True,True,Eyes,0.6292391,0.01750404,-1.963518,-0.8797317,-0.2620583,0.3967339,2.133551,-1.247713,-0.5416108,-1.117066,0.4971856,0.8642766,0.07636973,0.6513587,-0.1954384,1.981756,0.5692747,0.02024697,-1.996096,0.08633094,-0.6542957,0.02416907,0.7509062,9.281218,277.5042,355.5441,0.3392287,0.006475458,-0.9406811,-0.2963429,0.01569431,-0.1181389,-1.255173,-0.5545822,-1.118211,0.6501598,-0.2072,1.991001,0.1426261,-0.07667451,0.9868023,-0.1492693,0.9839256,0.09802543,-0.9784563,-0.1612803,0.1288883,static,-65.72599,-33.44633,18.08441,-5.941287,-10.089377590325846,3.035653765339246,88.2083359926478,29.569372206545207,82.5682947319183
1874,05/05/2023 11:22:14.206424,2056,True,True,True,True,Eyes,0.6258201,0.01749112,-1.965181,-0.8796729,-0.2629996,0.3962409,0.0,0.0,0.0,0.0,0.0,0.0,0.0,1.89722,0.2648058,0.8040832,0.56046,0.01999019,-2.0004,0.08815643,-0.6550562,0.02516298,0.7499978,9.508888,277.3551,355.4785,0.3358416,0.006677234,-0.9418942,-0.2785623,0.01475265,-0.1110506,-1.263904,-0.5631917,-1.127866,0.6501598,-0.2072001,1.991,0.1405364,-0.07775046,0.987018,-0.1532392,0.9831905,0.09926793,-0.9781449,-0.1652006,0.1262596,static,-65.75124,-33.57369,18.08442,-5.941291,-10.084243308268494,3.0298218203260125,88.27212109228371,29.56272074437009,82.58884389353678
1875,05/05/2023 11:22:14.226382,2057,True,True,True,True,Eyes,0.62219,0.01745581,-1.966951,-0.8796341,-0.2640243,0.3956451,0.0,0.0,0.0,0.0,0.0,0.0,0.0,1.904327,0.2687057,0.790202,0.5515011,0.01938099,-2.004633,0.08987606,-0.6558619,0.02616455,0.7490546,9.727639,277.2002,355.4204,0.3326175,0.006857952,-0.9430364,-0.2618486,0.01386749,-0.1043876,-1.272918,-0.5717615,-1.137588,0.6501597,-0.2072001,1.991,0.1383211,-0.07869521,0.987256,-0.1570899,0.9824754,0.1003235,-0.9778497,-0.1689648,0.1235349,static,-65.78255,-33.71621,18.08442,-5.941292,-10.07868416774708,3.0233739087895244,88.34656035685614,29.555467704294344,82.6148842708486
1876,05/05/2023 11:22:14.246491,2058,True,True,True,True,Eyes,0.6183397,0.01737595,-1.968841,-0.8796563,-0.2649701,0.3949629,0.0,0.0,0.0,0.0,0.0,0.0,0.0,1.912053,0.2710821,0.7755123,0.5427973,0.0188308,-2.008947,0.09119263,-0.6569337,0.0270875,0.7479227,9.904091,277.0112,355.3829,0.3295296,0.007018611,-0.9441186,-0.2461377,0.01303544,-0.09812432,-1.282607,-0.5786252,-1.148326,0.6501596,-0.2072001,1.991,0.1354087,-0.07929631,0.9876116,-0.1603337,0.9819003,0.1008207,-0.9777309,-0.1719994,0.120244,static,-65.82008,-33.85661,18.08441,-5.941289,-10.07361548198369,3.0171931358930597,88.42640210193527,29.548752955465954,82.64718246605179
1877,05/05/2023 11:22:14.256509,2059,True,True,True,True,Eyes,0.614283,0.01724351,-1.97083,-0.8797148,-0.265942,0.3941784,0.0,0.0,0.0,0.0,0.0,0.0,0.0,1.920148,0.2704066,0.7602623,0.5337368,0.01764739,-2.013181,0.09149759,-0.6581779,0.0278819,0.7467615,9.983017,276.8146,355.4107,0.3265533,0.007159046,-0.9451512,-0.2313694,0.01225331,-0.09223686,-1.293828,-0.5821469,-1.158795,0.6501598,-0.2072001,1.991,0.1320491,-0.0788011,0.988106,-0.1620856,0.9817016,0.09995124,-0.9779015,-0.1733562,0.1168603,static,-65.86404,-34.00653,18.08442,-5.941289,-10.06844006702679,3.010692770641007,88.51554489895932,29.541860259223366,82.68557477758499
1878,05/05/2023 11:22:14.276477,2060,True,True,True,True,Eyes,0.61002,0.01707536,-1.97293,-0.8798054,-0.2669228,0.3933126,0.0,0.0,0.0,0.0,0.0,0.0,0.0,1.928856,0.2680321,0.7440563,0.5247169,0.01627311,-2.017512,0.09170477,-0.659601,0.02942888,0.7454199,10.11007,276.593,355.508,0.3236671,0.007278732,-0.9461426,-0.2174873,0.01151811,-0.08670265,-1.304949,-0.5867122,-1.169896,0.6501597,-0.2072,1.991,0.128121,-0.07710336,0.9887569,-0.1648508,0.9814484,0.09789448,-0.9779618,-0.1755397,0.1130336,static,-65.91321,-34.1629,18.08441,-5.941286,-10.063244398032944,3.003997734456406,88.61184831854823,29.534870055597562,82.72892281080506
1879,05/05/2023 11:22:14.296332,2061,True,True,True,True,Eyes,0.6055564,0.01687611,-1.975119,-0.8799343,-0.2679342,0.3923352,0.0,0.0,0.0,0.0,0.0,0.0,0.0,1.93768,0.2659599,0.7266473,0.5155827,0.01522204,-2.021707,0.09239851,-0.6611409,0.03148655,0.7438844,10.31744,276.344,355.6086,0.3208515,0.007377993,-0.9471003,-0.204438,0.01082703,-0.08150049,-1.315716,-0.5935987,-1.181824,0.6501597,-0.2072001,1.991,0.1238028,-0.07533214,0.9894433,-0.1690216,0.9809422,0.09583353,-0.977806,-0.1791017,0.1087106,static,-65.96941,-34.33002,18.08441,-5.941288,-10.05791413583164,2.996935903988449,88.7184578380408,29.52765236729873,82.77887306208372
1880,05/05/2023 11:22:14.306150,2062,True,True,True,True,Eyes,0.4890726,0.01050862,-2.031997,-0.8834872,-0.2916006,0.3666324,0.0,0.0,0.0,0.0,0.0,0.0,0.0,1.946432,0.2635847,0.7093496,0.5062907,0.01429679,-2.026009,0.09274323,-0.6626907,0.03290442,0.7423995,10.44642,276.0986,355.6808,0.3180898,0.007457361,-0.9480308,-0.1921718,0.0101774,-0.07661046,-1.32733,-0.5980437,-1.193786,0.65016,-0.2072,1.991001,0.1195166,-0.07406372,0.9900659,-0.1717766,0.980632,0.09409417,-0.9778593,-0.181316,0.1044794,static,-67.46237,-38.49694,18.08442,-5.941287,-9.930602889258472,2.8232064666243764,91.53209175781198,29.35400915057733,84.11011085917124
1881,05/05/2023 11:22:14.326419,2063,True,True,True,True,Eyes,0.4887031,0.01044238,-2.032172,-0.8835071,-0.2917441,0.3664704,0.0,0.0,0.0,0.0,0.0,0.0,0.0,1.955012,0.2605991,0.6921147,0.4969456,0.01273458,-2.030243,0.09288911,-0.6642092,0.03453286,0.7409488,10.57522,275.8618,355.7867,0.3082587,0.007189244,-0.9512749,-0.5300927,-0.009535707,-0.2426474,-1.33889,-0.602752,-1.205256,0.6501598,-0.2072001,1.991001,0.1152671,-0.07222144,0.9907057,-0.1745698,0.9803582,0.09177807,-0.9778748,-0.1835263,0.1003954,static,-67.47179,-38.52301,18.08441,-5.941288,-9.929811220231862,2.822121576245212,91.55016093336637,29.35292043352953,84.11847283697361
1882,05/05/2023 11:22:14.346373,2064,True,True,True,True,Eyes,0.4879864,0.01032684,-2.032502,-0.8836214,-0.2918628,0.3661,0.0,0.0,0.0,0.0,0.0,0.0,0.0,1.964202,0.2572153,0.6733507,0.4876536,0.01118947,-2.03463,0.09362595,-0.6658964,0.03733806,0.7392037,10.84448,275.5878,355.9427,0.3000787,0.006956998,-0.9538886,-0.4982871,-0.008963564,-0.2280885,-1.349463,-0.6115739,-1.217997,0.6501595,-0.2072,1.991,0.1103757,-0.06948948,0.9914577,-0.1798912,0.9796801,0.08869071,-0.9774745,-0.1881438,0.09563234,static,-67.4949,-38.5626,18.08441,-5.941287,-9.929145988824164,2.820699551943884,91.58585241138539,29.351860715726893,84.14001566461222
1883,05/05/2023 11:22:14.357462,2065,True,True,True,True,Eyes,0.4869155,0.01016062,-2.033002,-0.8838041,-0.2920135,0.3655385,0.0,0.0,0.0,0.0,0.0,0.0,0.0,1.973931,0.2533084,0.6530051,0.4785295,0.00999725,-2.039091,0.0939981,-0.6679821,0.03942262,0.7371636,11.02581,275.2568,356.0593,0.2932392,0.006752408,-0.9560148,-0.4683899,-0.008425751,-0.2144032,-1.361501,-0.6175358,-1.232734,0.6501598,-0.2072001,1.991,0.1044915,-0.06745627,0.9922354,-0.1836999,0.9792204,0.08591674,-0.9774128,-0.1912512,0.08992853,static,-67.53017,-38.61991,18.08442,-5.941291,-9.928293780494322,2.818687561970945,91.63923919705609,29.350457539092762,84.17301143785535
1884,05/05/2023 11:22:14.376278,2066,True,True,True,True,Eyes,0.4855031,0.009937046,-2.033631,-0.8841161,-0.2920241,0.364775,0.0,0.0,0.0,0.0,0.0,0.0,0.0,1.983775,0.2486358,0.6316855,0.4689853,0.00852553,-2.043572,0.09382721,-0.6702429,0.0409205,0.7350488,11.11556,274.9075,356.1657,0.2872546,0.006564267,-0.9578313,-0.4402865,-0.007920206,-0.201539,-1.375132,-0.6208358,-1.248049,0.65016,-0.2072,1.991001,0.09820007,-0.06561691,0.9930012,-0.1859311,0.979044,0.0830818,-0.9776435,-0.1927885,0.08394193,static,-67.57958,-38.67935,18.08442,-5.941285,-9.928192345808185,2.816929354893631,91.70660715534203,29.349834226495897,84.2200964086043
1885,05/05/2023 11:22:14.396428,2067,True,True,True,True,Eyes,0.4837555,0.009681659,-2.034425,-0.8845136,-0.2920642,0.3637777,0.0,0.0,0.0,0.0,0.0,0.0,0.0,1.994073,0.2428161,0.6082189,0.4592796,0.007007126,-2.047982,0.09364092,-0.6728404,0.04281471,0.7325873,11.23393,274.5046,356.3009,0.2817891,0.006383977,-0.9594547,-0.4138693,-0.007444993,-0.1894467,-1.38933,-0.6248187,-1.264937,0.6501595,-0.2072001,1.991,0.09090561,-0.06327973,0.993847,-0.1887418,0.9787965,0.07958536,-0.9778101,-0.1948152,0.07703458,static,-67.64389,-38.75975,18.08441,-5.941291,-9.92790125473331,2.814486541071525,91.79538480786863,29.348819774920948,84.28126153611565
1886,05/05/2023 11:22:14.406088,2068,True,True,True,True,Eyes,0.4816736,0.009386276,-2.035387,-0.8850102,-0.292035,0.3625914,0.0,0.0,0.0,0.0,0.0,0.0,0.0,2.004731,0.2368062,0.5835375,0.4494778,0.006000251,-2.052675,0.0933456,-0.6756645,0.04426674,0.7299347,11.30848,274.0659,356.4032,0.2767758,0.006209265,-0.960914,-0.3890372,-0.006998294,-0.1780799,-1.404442,-0.6271906,-1.283407,0.65016,-0.2072,1.991001,0.08303583,-0.06151697,0.994646,-0.1907643,0.9786541,0.07645344,-0.9781177,-0.1960913,0.06952817,static,-67.72095,-38.84834,18.08442,-5.941287,-9.927958588415706,2.811953648480171,91.89905145311191,29.34812730023734,84.3548816922243
1887,05/05/2023 11:22:14.426061,2069,True,True,True,True,Eyes,0.4792937,0.00904222,-2.036516,-0.8856476,-0.2919521,0.3610989,0.0,0.0,0.0,0.0,0.0,0.0,0.0,2.015884,0.2293765,0.5567592,0.439386,0.004719045,-2.057498,0.09240434,-0.6788899,0.04527933,0.7269937,11.29345,273.5745,356.5139,0.2721541,0.006037678,-0.9622343,-0.3656949,-0.006578396,-0.1673951,-1.421439,-0.6267671,-1.303657,0.6501597,-0.2072001,1.991,0.07411651,-0.05962917,0.9954652,-0.1913003,0.9788224,0.07287535,-0.9787292,-0.1958341,0.06113983,static,-67.81815,-38.95589,18.08442,-5.941289,-9.928250661882164,2.8089720852542355,92.02834026425828,29.34751755551376,84.44796890324808
1888,05/05/2023 11:22:14.446247,2070,True,True,True,True,Eyes,0.4766068,0.008680909,-2.037815,-0.8864622,-0.2917646,0.3592467,0.0,0.0,0.0,0.0,0.0,0.0,0.0,2.028747,0.2148095,0.5262961,0.4298434,0.003214281,-2.062564,0.09035256,-0.6829737,0.04767099,0.7232641,11.29226,272.9675,356.8165,0.2678705,0.005866588,-0.9634366,-0.3437532,-0.006183692,-0.1573514,-1.439468,-0.6249333,-1.327156,0.6501598,-0.2072001,1.991,0.06254894,-0.05445939,0.996555,-0.1923743,0.9791278,0.06558144,-0.9793262,-0.1958136,0.05076683,static,-67.93931,-39.082,18.08442,-5.94129,-9.929031418109416,2.8056600309817368,92.18670610460599,29.347275771343206,84.5643719426725
1889,05/05/2023 11:22:14.456401,2071,True,True,True,True,Eyes,0.4736034,0.008327644,-2.039273,-0.8875859,-0.2912647,0.3568699,0.0,0.0,0.0,0.0,0.0,0.0,0.0,2.043973,0.1899677,0.4880556,0.4197988,0.002401873,-2.067819,0.08683156,-0.6885023,0.05158132,0.7181672,11.28836,272.1535,357.3419,0.2638766,0.005695138,-0.9645392,-0.323128,-0.005812671,-0.1479103,-1.460878,-0.6198721,-1.356796,0.6501594,-0.2072001,1.991,0.04660788,-0.04547944,0.9978774,-0.1936555,0.9795993,0.05369145,-0.9799619,-0.1957469,0.03684968,static,-68.09651,-39.22012,18.0844,-5.941289,-9.931380865359204,2.802660049363172,92.38306035824242,29.348605119727342,84.7165601200926
1890,05/05/2023 11:22:14.476570,2072,True,True,True,True,Eyes,0.4702748,0.007991371,-2.040891,-0.8889906,-0.2903608,0.3540994,0.0,0.0,0.0,0.0,0.0,0.0,0.0,2.060176,0.1582096,0.4419348,0.4091894,0.002210293,-2.072973,0.08075061,-0.6956066,0.05383905,0.7118373,10.94486,271.1218,357.9167,0.260128,0.005523751,-0.9655579,-0.3037404,-0.00546391,-0.1390357,-1.488855,-0.6023115,-1.393486,0.65016,-0.2072,1.991001,0.02646551,-0.03569205,0.9990125,-0.1889906,0.9811614,0.04006098,-0.9816223,-0.1898642,0.01922147,static,-68.28181,-39.35169,18.08442,-5.941285,-9.93578737756248,2.800712912001731,92.60335224319326,29.352249470441777,84.89743517817915
1891,05/05/2023 11:22:14.496414,2073,True,True,True,True,Eyes,0.4666176,0.007661985,-2.042634,-0.8907734,-0.2889528,0.3507549,0.0,0.0,0.0,0.0,0.0,0.0,0.0,2.075214,0.1269349,0.3912184,0.3980799,0.002137618,-2.077789,0.07354864,-0.7034024,0.05402534,0.7049093,10.3519,269.9785,358.4096,0.2565846,0.005353249,-0.9665065,-0.2855159,-0.005136075,-0.1306936,-1.520293,-0.5771319,-1.434349,0.6501597,-0.2072001,1.991,0.004612798,-0.02730265,0.9996166,-0.1796345,0.9833437,0.02768713,-0.9837227,-0.1796934,-0.0003685461,static,-68.50724,-39.48179,18.08441,-5.941289,-9.942718445727849,2.7998683015515584,92.86053551995863,29.358606231968764,85.11904542767239
1892,05/05/2023 11:22:14.506086,2074,True,True,True,True,Eyes,0.4626262,0.007330246,-2.044474,-0.8927333,-0.2871523,0.3472331,0.0,0.0,0.0,0.0,0.0,0.0,0.0,2.08803,0.1013796,0.3400624,0.3865246,0.00188127,-2.082399,0.06627664,-0.7110028,0.05199135,0.6981256,9.582689,268.8474,358.7417,0.2532099,0.005183876,-0.9673972,-0.268385,-0.004827911,-0.1228519,-1.552427,-0.5478995,-1.475827,0.6501596,-0.2072001,1.991,-0.01645624,-0.02165278,0.9996301,-0.1668387,0.9858086,0.01860685,-0.9858468,-0.1664708,-0.01983519,static,-68.7462,-39.58982,18.08441,-5.941289,-9.951631279788018,2.800492868998461,93.12238437362986,29.367300878479245,85.35558895458067
1893,05/05/2023 11:22:14.531963,2075,True,True,True,True,Eyes,0.458336,0.006977521,-2.046427,-0.894975,-0.2849232,0.3432761,0.0,0.0,0.0,0.0,0.0,0.0,0.0,2.098236,0.08464465,0.2924845,0.3745445,0.001332439,-2.086869,0.05973823,-0.7176643,0.04793669,0.6921644,8.713994,267.842,358.8763,0.2499711,0.005015418,-0.96824,-0.2522819,-0.004538236,-0.1154808,-1.583109,-0.5176801,-1.514208,0.6501594,-0.2072001,1.991,-0.03467973,-0.01938384,0.9992104,-0.1521041,0.9882668,0.01389244,-0.9877558,-0.1515022,-0.03722126,static,-69.01522,-39.69308,18.0844,-5.941289,-9.962627438286743,2.802129931415516,93.41053045482657,29.37827637446153,85.62313512886737
1894,05/05/2023 11:22:14.546338,2076,True,True,True,True,Eyes,0.458336,0.006977521,-2.046427,-0.894975,-0.2849232,0.3432761,0.0,0.0,0.0,0.0,0.0,0.0,0.0,2.106777,0.0747706,0.2482941,0.3630813,0.0003677756,-2.091393,0.05444674,-0.7235611,0.04346407,0.6867357,7.913553,266.9321,358.8954,0.2468406,0.004846801,-0.9690437,-0.237145,-0.004265942,-0.108552,-1.610504,-0.4913541,-1.550198,0.6501596,-0.2072001,1.991,-0.05085945,-0.01909443,0.9985232,-0.1384877,0.9902929,0.01188323,-0.9890574,-0.1376788,-0.05301008,static,-69.01522,-39.69308,18.08441,-5.941291,-9.962627438286743,2.802129931415516,93.41053905656159,29.378286516551185,85.62314014461454
1895,05/05/2023 11:22:14.556744,2077,True,True,True,True,Eyes,0.458336,0.006977521,-2.046427,-0.894975,-0.2849232,0.3432761,0.0,0.0,0.0,0.0,0.0,0.0,0.0,2.114072,0.06736733,0.2055132,0.3510182,-0.0006961673,-2.095915,0.05024124,-0.7289034,0.03980761,0.6816094,7.268634,266.0896,358.9039,0.2440208,0.004695,-0.9697583,-0.2229163,-0.004009986,-0.1020389,-1.635725,-0.4704353,-1.584136,0.6501597,-0.2072001,1.991001,-0.06576931,-0.01897553,0.9976546,-0.1275085,0.9917823,0.010458,-0.9896547,-0.1265216,-0.0676484,static,-69.01522,-39.69308,18.08441,-5.941288,-9.962627438286743,2.802129931415516,93.4105401405439,29.378285623706102,85.6231352512611
1896,05/05/2023 11:22:14.576482,2078,True,True,True,True,Eyes,0.4527776,0.006483948,-2.048859,-0.8976098,-0.2826532,0.3382364,0.0,0.0,0.0,0.0,0.0,0.0,0.0,2.12048,0.06113349,0.1621192,0.3388931,-0.002139792,-2.100381,0.04662759,-0.7341772,0.03681794,0.6763538,6.726799,265.2418,358.9233,0.2414812,0.004558343,-0.9703945,-0.2095413,-0.003769387,-0.09591652,-1.659577,-0.4532267,-1.618345,0.6501598,-0.2072001,1.991001,-0.08074325,-0.01866191,0.9965603,-0.1182697,0.9929406,0.009011706,-0.9896935,-0.1171352,-0.08238041,static,-69.35264,-39.88441,18.08441,-5.941288,-9.973180009241377,2.8010387657378155,93.79431349399272,29.388035565611002,85.95663219671287
1897,05/05/2023 11:22:14.596510,2079,True,True,True,True,Eyes,0.446973,0.006071236,-2.051381,-0.9002778,-0.2805994,0.3328121,0.0,0.0,0.0,0.0,0.0,0.0,0.0,2.126038,0.05482237,0.1183262,0.3270089,-0.003692036,-2.104779,0.04388019,-0.7393926,0.0351555,0.6709228,6.365346,264.3842,358.9786,0.238919,0.00441166,-0.9710292,-0.1969688,-0.003543223,-0.09016153,-1.681334,-0.4418383,-1.652778,0.6501598,-0.2072001,1.991,-0.0958745,-0.01771611,0.9952358,-0.1120626,0.9936773,0.006892985,-0.9890652,-0.1108679,-0.09725368,static,-69.7118,-40.1348,18.08442,-5.941291,-9.981963471400512,2.7975000798747,94.21980844823175,29.395379750930275,86.31025265114134
1898,05/05/2023 11:22:14.615938,2080,True,True,True,True,Eyes,0.4408979,0.005928947,-2.053814,-0.9022311,-0.280562,0.3275118,0.0,0.0,0.0,0.0,0.0,0.0,0.0,2.131062,0.04440187,0.07248974,0.3152502,-0.002131794,-2.109328,0.04412473,-0.7446915,0.03754088,0.6648898,6.579915,263.4671,359.0888,0.2363239,0.0042598,-0.9716648,-0.1851507,-0.00333063,-0.08475184,-1.698617,-0.4463584,-1.688942,0.6501598,-0.2072,1.991001,-0.1119494,-0.01579752,0.9935884,-0.1156397,0.9932873,0.002763417,-0.9869624,-0.1145889,-0.1130247,static,-70.049,-40.58491,18.08441,-5.941287,-9.97894131181468,2.783239532450132,94.69782770895132,29.388246801497992,86.63292136027803
1899,05/05/2023 11:22:14.617755,2081,True,True,True,True,Eyes,0.434537,0.005899059,-2.056333,-0.9045178,-0.2797165,0.321879,0.0,0.0,0.0,0.0,0.0,0.0,0.0,2.134812,0.03730398,0.02446103,0.3028723,0.00490413,-2.113683,0.04575543,-0.7501965,0.03823094,0.6585212,6.754956,262.4909,358.9441,0.2336884,0.00411621,-0.9723026,-0.1740416,-0.003130792,-0.07966673,-1.716247,-0.4469081,-1.72801,0.6501596,-0.2072,1.991,-0.1285125,-0.01829935,0.991539,-0.1190029,0.9928897,0.002900412,-0.984542,-0.1176233,-0.1297764,static,-70.41154,-40.99102,18.08441,-5.941287,-9.9797704448809,2.771866169134121,95.18412131113985,29.385664229205833,86.98401292780915
1900,05/05/2023 11:22:14.646062,2082,True,True,True,True,Eyes,0.4279806,0.005942787,-2.058898,-0.9068632,-0.2789437,0.3158946,0.0,0.0,0.0,0.0,0.0,0.0,0.0,2.137411,0.04243685,-0.0180161,0.2895574,0.00823536,-2.118192,0.04037828,-0.7550741,0.02796333,0.6537973,5.452884,261.7098,358.5948,0.2310023,0.003985394,-0.9729448,-0.1635991,-0.002942944,-0.07488672,-1.743729,-0.4030362,-1.762768,0.6501603,-0.2072,1.991001,-0.1418378,-0.02441248,0.989589,-0.09754188,0.9951753,0.01056963,-0.9850726,-0.09502719,-0.1435346,static,-70.79485,-41.4454,18.08442,-5.941285,-9.979336756775083,2.7585693144167074,95.70823798224542,29.381319037706838,87.3547061440049
1901,05/05/2023 11:22:14.659362,2083,True,True,True,True,Eyes,0.4212122,0.006061342,-2.061559,-0.9092261,-0.2782843,0.309622,0.0,0.0,0.0,0.0,0.0,0.0,0.0,2.139699,0.0340307,-0.06036901,0.2787037,0.009101717,-2.122582,0.03795701,-0.7599539,0.02703527,0.6483045,5.18124,260.875,358.6976,0.2282619,0.003869584,-0.9735917,-0.1537832,-0.002766368,-0.07039352,-1.761615,-0.3917163,-1.796749,0.65016,-0.2072,1.991001,-0.1565215,-0.02263697,0.9874153,-0.09274532,0.9956568,0.008124262,-0.9833106,-0.09030651,-0.1579413,static,-71.19457,-41.9488,18.08441,-5.941286,-9.97733502834712,2.743199155057241,96.2666989893213,29.374850066755638,87.74057387964756
1902,05/05/2023 11:22:14.676266,2084,True,True,True,True,Eyes,0.4142589,0.006279406,-2.064245,-0.9118136,-0.2774962,0.3026416,0.0,0.0,0.0,0.0,0.0,0.0,0.0,2.14148,0.01825124,-0.1045868,0.2668739,0.01102762,-2.127408,0.03717365,-0.7648152,0.0300782,0.6424728,5.380797,260.0137,358.9518,0.225462,0.003770826,-0.9742444,-0.1445562,-0.002600386,-0.0661699,-1.77716,-0.3937717,-1.831119,0.65016,-0.2072001,1.991001,-0.171694,-0.01821309,0.9849822,-0.09551081,0.9954268,0.00175758,-0.9805097,-0.09377465,-0.1726483,static,-71.63839,-42.51814,18.08441,-5.941287,-9.974567378197465,2.725604151575868,96.89193472742512,29.367008934235386,88.16943275161285
1903,05/05/2023 11:22:14.696247,2085,True,True,True,True,Eyes,0.2368082,0.01468627,-2.134248,-0.9591784,-0.2598143,0.1116833,0.0,0.0,0.0,0.0,0.0,0.0,0.0,2.142309,0.008704087,-0.1546741,0.2558861,0.01362619,-2.132562,0.03482962,-0.770708,0.02899486,0.6355748,5.10417,258.9792,359.0318,0.2226001,0.003692129,-0.9749026,-0.1358828,-0.002444363,-0.06219971,-1.795197,-0.380798,-1.873313,0.6501597,-0.2072001,1.991,-0.1896633,-0.01683013,0.981705,-0.09054373,0.9958924,-0.0004194867,-0.9776655,-0.08896679,-0.1904082,static,-83.3586,-66.73916,18.08441,-5.941288,-9.42008313057294,1.7936781680960237,118.26692486738835,28.57143405556193,99.50138296081212
1904,05/05/2023 11:22:14.706544,2086,True,True,True,True,Eyes,0.2364072,0.01479868,-2.134605,-0.9600902,-0.2570705,0.1101892,0.0,0.0,0.0,0.0,0.0,0.0,0.0,2.142275,0.01476544,-0.2042944,0.2453694,0.01686786,-2.137944,0.03852586,-0.7762316,0.02878924,0.6286109,5.343686,257.9393,358.6409,0.206388,0.004176395,-0.9784611,-0.6600821,0.02292289,-0.2684776,-1.807736,-0.3901489,-1.916996,0.6501598,-0.2072001,1.991,-0.2067283,-0.02361551,0.9781134,-0.09600443,0.9953739,0.003741314,-0.9736769,-0.09312978,-0.2080391,static,-83.45283,-66.79836,18.08442,-5.941289,-9.422727836141393,1.7930800330357035,118.37819152302312,28.573827997286603,99.61556568456335
1905,05/05/2023 11:22:14.726053,2087,True,True,True,True,Eyes,0.2356273,0.01490327,-2.135182,-0.9610217,-0.2544208,0.1082007,0.0,0.0,0.0,0.0,0.0,0.0,0.0,2.141697,0.0274039,-0.251035,0.2345525,0.01907159,-2.143655,0.04174222,-0.781216,0.02625915,0.62231,5.335145,256.9938,358.1273,0.1931057,0.004571459,-0.981167,-0.6204772,0.02154751,-0.2523689,-1.821,-0.3934006,-1.958479,0.6501597,-0.2072001,1.991001,-0.2219758,-0.0325367,0.9745092,-0.09790203,0.9951361,0.01092506,-0.9701248,-0.09298133,-0.2240815,static,-83.57616,-66.9608,18.08441,-5.941289,-9.42173707405466,1.7879755014110303,118.56750067115365,28.571483276027138,99.75678032478186
1906,05/05/2023 11:22:14.746016,2088,True,True,True,True,Eyes,0.2345363,0.01495897,-2.136038,-0.9618515,-0.2522561,0.1058704,0.0,0.0,0.0,0.0,0.0,0.0,0.0,2.141258,0.03340424,-0.2912071,0.224687,0.01898362,-2.149432,0.04267219,-0.7854112,0.02450753,0.6170152,5.2301,256.2093,357.8829,0.1822067,0.00489453,-0.9832478,-0.5832486,0.02025466,-0.2372268,-1.833463,-0.3926218,-1.993488,0.6501594,-0.2072001,1.990999,-0.2349425,-0.03678739,0.9713128,-0.09727346,0.9951569,0.0141618,-0.9671295,-0.09115575,-0.2373831,static,-83.71878,-67.23249,18.08442,-5.941294,-9.416197581499723,1.7778076143893675,118.82971950379424,28.56341186023057,99.91227393179753
1907,05/05/2023 11:22:14.756105,2089,True,True,True,True,Eyes,0.2331365,0.01501867,-2.137118,-0.9625959,-0.2505797,0.1030486,0.0,0.0,0.0,0.0,0.0,0.0,0.0,2.140568,0.02706357,-0.331769,0.2157738,0.0179465,-2.155448,0.04539049,-0.7896237,0.02871262,0.6112362,5.787138,255.3793,357.8928,0.1732388,0.005157574,-0.9848661,-0.5482537,0.01903938,-0.2229932,-1.840479,-0.412601,-2.028263,0.6501603,-0.2072001,1.991,-0.24866,-0.03658243,0.9678998,-0.1067832,0.9942306,0.0101443,-0.9626867,-0.100833,-0.2511317,static,-83.8896,-67.64554,18.08443,-5.941288,-9.404970059688685,1.7611711745554866,119.18941861306483,28.548117152928075,100.09057311884592
1908,05/05/2023 11:22:14.779280,2090,True,True,True,True,Eyes,0.2314625,0.01515023,-2.138445,-0.9633321,-0.249101,0.09969948,0.0,0.0,0.0,0.0,0.0,0.0,0.0,2.139133,0.01562699,-0.3745947,0.2069279,0.01818392,-2.161782,0.04803571,-0.7941219,0.03384539,0.6049113,6.42309,254.4813,357.9616,0.1658277,0.005372524,-0.9861398,-0.5153584,0.01789702,-0.2096136,-1.846502,-0.4332975,-2.065288,0.6501597,-0.2072,1.991001,-0.2635501,-0.03534549,0.963998,-0.1172393,0.9930941,0.004359941,-0.9574949,-0.1118694,-0.2658739,static,-84.09125,-68.18687,18.08441,-5.941287,-9.38890036652648,1.7387988974097643,119.64271018096125,28.526592889566807,100.29670157799794
1909,05/05/2023 11:22:14.796217,2091,True,True,True,True,Eyes,0.2295203,0.01532804,-2.14,-0.9640954,-0.2476954,0.09574445,0.0,0.0,0.0,0.0,0.0,0.0,0.0,2.136202,0.006655473,-0.4224455,0.1985255,0.0200652,-2.168421,0.04949636,-0.7994226,0.03635826,0.5976219,6.735807,253.44,357.941,0.1596655,0.005552217,-0.9871553,-0.4844369,0.0168232,-0.1970368,-1.85388,-0.4422968,-2.10862,0.6501599,-0.2072001,1.991,-0.2807965,-0.03568003,0.9591039,-0.122594,0.9924563,0.00102899,-0.9519055,-0.1172914,-0.2830524,static,-84.32854,-68.86643,18.08442,-5.941289,-9.36776043527218,1.7103078281015445,120.19978263637368,28.498581450145103,100.53646930331146
1910,05/05/2023 11:22:14.806540,2092,True,True,True,True,Eyes,0.2273404,0.0155036,-2.141771,-0.9649142,-0.2461893,0.09127625,0.0,0.0,0.0,0.0,0.0,0.0,0.0,2.132005,0.003517745,-0.4722362,0.1901108,0.02134962,-2.175285,0.04973386,-0.8049869,0.0360601,0.5901038,6.704692,252.3605,357.8354,0.1543809,0.005709946,-0.9879947,-0.4553707,0.01581381,-0.1852145,-1.863035,-0.4411287,-2.154601,0.6501597,-0.2072001,1.991001,-0.2986083,-0.03751181,0.9536384,-0.1226286,0.9924525,0.0006404726,-0.9464648,-0.1167521,-0.3009545,static,-84.59618,-69.65742,18.08441,-5.941288,-9.342632078351231,1.6769257624608946,120.84307609370725,28.465414419927168,100.80629128423107
1911,05/05/2023 11:22:14.826422,2093,True,True,True,True,Eyes,0.2249685,0.01568118,-2.143765,-0.9657232,-0.2448187,0.08627123,0.0,0.0,0.0,0.0,0.0,0.0,0.0,2.127092,-0.00477465,-0.521481,0.1823318,0.0214142,-2.182381,0.04904215,-0.8105165,0.0369,0.5824913,6.716076,251.2835,357.8931,0.1495128,0.005859439,-0.9887422,-0.4280485,0.01486498,-0.1741017,-1.870899,-0.4408092,-2.200067,0.6501597,-0.2072002,1.990999,-0.3165971,-0.03651109,0.947857,-0.1224868,0.9924665,-0.002682855,-0.9406183,-0.1169494,-0.3186842,static,-84.89513,-70.58814,18.08442,-5.941295,-9.3120907902862,1.637237708366436,121.58948263174955,28.425392899554584,101.10507525208284
1912,05/05/2023 11:22:14.846218,2094,True,True,True,True,Eyes,0.2224297,0.01587501,-2.145966,-0.9665858,-0.2433247,0.08065479,0.0,0.0,0.0,0.0,0.0,0.0,0.0,2.121305,-0.02319253,-0.5702009,0.1753089,0.02166133,-2.189611,0.04761743,-0.8160416,0.04007822,0.5746325,6.899954,250.194,358.1728,0.1450105,0.00600155,-0.9894116,-0.4023656,0.01397308,-0.1636556,-1.876543,-0.4437052,-2.244902,0.6501597,-0.2072001,1.991,-0.3350604,-0.03165513,0.9416648,-0.1237761,0.9922526,-0.01068594,-0.934031,-0.120136,-0.3363827,static,-85.23012,-71.6612,18.08442,-5.941291,-9.276288276345074,1.5912320368307475,122.44590893280134,28.378640923829384,101.43963301602221
1913,05/05/2023 11:22:14.856239,2095,True,True,True,True,Eyes,0.2197624,0.01609178,-2.148398,-0.9674548,-0.2418741,0.07435064,0.0,0.0,0.0,0.0,0.0,0.0,0.0,2.113262,-0.04674485,-0.6231043,0.1689262,0.02222491,-2.197109,0.04543039,-0.8221739,0.04391169,0.565719,7.100362,248.9723,358.5552,0.1408296,0.006137711,-0.9900145,-0.3782237,0.0131347,-0.1538363,-1.880787,-0.4456909,-2.294331,0.6501597,-0.2072001,1.991,-0.3557962,-0.02502,0.9342287,-0.1243867,0.9920157,-0.02080441,-0.926249,-0.1236078,-0.3560675,static,-85.60535,-72.91289,18.08441,-5.941288,-9.233578923711796,1.537170294600113,123.43727882331174,28.323132900512853,101.81253909416735
1914,05/05/2023 11:22:14.876567,2096,True,True,True,True,Eyes,0.2169651,0.01635624,-2.15101,-0.9684352,-0.2400372,0.06719641,0.0,0.0,0.0,0.0,0.0,0.0,0.0,2.10238,-0.06909914,-0.6812563,0.1631359,0.02299189,-2.204937,0.04252864,-0.8290116,0.0466264,0.5556591,7.155954,247.5978,358.9203,0.1369314,0.006269499,-0.9905604,-0.3555302,0.01234662,-0.1446061,-1.884246,-0.4427334,-2.350016,0.6501595,-0.2072001,1.991,-0.3788685,-0.01869672,0.9252616,-0.1223302,0.9920346,-0.03004478,-0.9173297,-0.1245705,-0.3781378,static,-86.0308,-74.36086,18.08441,-5.941289,-9.183646466022818,1.4744102458599428,124.58416692809782,28.258441194433505,102.2373345932381
1915,05/05/2023 11:22:14.896461,2097,True,True,True,True,Eyes,0.2140632,0.01667331,-2.153862,-0.9694632,-0.2379904,0.05917424,0.0,0.0,0.0,0.0,0.0,0.0,0.0,2.087831,-0.0865749,-0.7459259,0.1578279,0.02431516,-2.213016,0.03917695,-0.8366656,0.04733741,0.5442563,6.999217,246.039,359.1902,0.1332815,0.00639949,-0.9910572,-0.3341984,0.01160582,-0.1359297,-1.886763,-0.433056,-2.413462,0.6501592,-0.2072001,1.991,-0.4045002,-0.01402864,0.9144301,-0.1170834,0.9924487,-0.03656656,-0.907012,-0.1218558,-0.4030882,static,-86.5071,-76.03706,18.0844,-5.941292,-9.124854993663927,1.4013427770339997,125.90789714612751,28.182580484745085,102.71311012688544
1916,05/05/2023 11:22:14.906185,2098,True,True,True,True,Eyes,0.2110934,0.01701783,-2.156986,-0.9705341,-0.2355956,0.05057955,0.0,0.0,0.0,0.0,0.0,0.0,0.0,2.070159,-0.09216964,-0.8151727,0.1524075,0.02582915,-2.22141,0.03583123,-0.8447405,0.04468108,0.5321028,6.524014,244.371,359.2511,0.1298496,0.006530202,-0.9915118,-0.3141465,0.01090947,-0.1277739,-1.889013,-0.4146714,-2.482723,0.6501595,-0.2072001,1.991,-0.4311657,-0.01298633,0.9021794,-0.108086,0.9934394,-0.03735604,-0.8957755,-0.1136196,-0.4297406,static,-87.01672,-77.88321,18.0844,-5.941288,-9.05918950677388,1.3204835511828263,127.36516622023656,28.098181033188133,103.22446317619303
1917,05/05/2023 11:22:14.926520,2099,True,True,True,True,Eyes,0.2080529,0.01735226,-2.160328,-0.9716009,-0.2330086,0.04121441,0.0,0.0,0.0,0.0,0.0,0.0,0.0,2.050277,-0.09112427,-0.8845,0.1472788,0.02666106,-2.22977,0.03245004,-0.8526963,0.04054829,0.5198191,5.905444,242.6953,359.2405,0.1266102,0.006662696,-0.9919298,-0.2952977,0.0102549,-0.1201075,-1.889723,-0.3928415,-2.552827,0.6501603,-0.2072,1.991001,-0.4574705,-0.01318451,0.8891273,-0.0974956,0.9946057,-0.03541445,-0.8838641,-0.102887,-0.4562881,static,-87.57102,-79.96931,18.08442,-5.941287,-8.983674513916675,1.2285627096431533,129.00860510400898,28.001580053154072,103.78093206601179
1918,05/05/2023 11:22:14.946361,2100,True,True,True,True,Eyes,0.2049591,0.01767022,-2.163857,-0.9725527,-0.2305344,0.03154821,0.0,0.0,0.0,0.0,0.0,0.0,0.0,2.029355,-0.09246153,-0.9504654,0.1424863,0.02668766,-2.238124,0.02927007,-0.8601059,0.03767886,0.5078794,5.425245,241.0895,359.3048,0.1235401,0.006796233,-0.992316,-0.2775798,0.009639607,-0.112901,-1.887856,-0.3756647,-2.619626,0.6501597,-0.2072001,1.991,-0.4824035,-0.01207808,0.8758658,-0.08862334,0.9954472,-0.03508428,-0.8714542,-0.09454694,-0.4812776,static,-88.14206,-82.20758,18.08442,-5.941292,-8.90120605279573,1.12932993035353,130.76930732587576,27.896553692944295,104.35279115694233
1919,05/05/2023 11:22:14.956567,2101,True,True,True,True,Eyes,0.2018308,0.01796106,-2.16757,-0.9733862,-0.2281792,0.02129972,0.0,0.0,0.0,0.0,0.0,0.0,0.0,2.007531,-0.1027244,-1.01204,0.1381864,0.02655436,-2.246142,0.02660495,-0.8669074,0.03778765,0.4963226,5.27442,239.5612,359.5041,0.1206198,0.00692984,-0.9926743,-0.2609251,0.00906123,-0.106127,-1.882722,-0.3683887,-2.681653,0.65016,-0.2072001,1.991001,-0.5059124,-0.008618329,0.862542,-0.08363777,0.9957286,-0.0391075,-0.8585206,-0.09192605,-0.5044723,static,-88.74645,-84.66709,18.08442,-5.941287,-8.809177564915528,1.0196971175835063,132.7048862813714,27.779864828124712,104.95592784127393
1920,05/05/2023 11:22:14.976587,2102,True,True,True,True,Eyes,0.1986679,0.01823866,-2.171432,-0.9740325,-0.2261436,0.01094847,0.0,0.0,0.0,0.0,0.0,0.0,0.0,1.985135,-0.1208018,-1.069746,0.1341652,0.02619732,-2.254113,-0.0240894,0.8731601,-0.04021153,-0.4851744,5.370594,238.1096,359.8246,0.1178327,0.00706215,-0.9930081,-0.2452696,0.008517557,-0.09975936,-1.875408,-0.3684265,-2.739508,0.6501594,-0.2072001,1.991,-0.5280509,-0.003048595,0.8492072,-0.08108701,0.9956055,-0.04684709,-0.8453324,-0.09359732,-0.5259776,static,-89.356,-87.22826,18.08441,-5.94129,-8.712136313000762,0.905025164572832,134.72569611157704,27.657312335754074,105.56122843106363
1921,05/05/2023 11:22:14.996593,2103,True,True,True,True,Eyes,0.1954897,0.01851008,-2.175461,-0.9745231,-0.2242874,0.0001932383,0.0,0.0,0.0,0.0,0.0,0.0,0.0,1.962718,-0.1412743,-1.123232,0.1304509,0.0261825,-2.261895,-0.02205638,0.8788472,-0.04351854,-0.4746025,5.5911,236.7477,0.1462063,0.115164,0.007192583,-0.9933202,-0.2305534,0.008006504,-0.0937738,-1.866673,-0.3723598,-2.793292,0.6501598,-0.2072001,1.991,-0.5485322,0.002539641,0.8361256,-0.08007638,0.9952393,-0.05555627,-0.8322862,-0.09742831,-0.5457174,static,-89.98864,-89.95064,18.08442,-5.94129,-8.608055138745748,0.782744049489331,136.88446655916113,27.526366685984037,106.18720834993326
1922,05/05/2023 11:22:15.006207,2104,True,True,True,True,Eyes,0.1922843,0.01875925,-2.179624,-0.9748132,-0.2227701,-0.01062136,0.0,0.0,0.0,0.0,0.0,0.0,0.0,1.941678,-0.1579272,-1.17206,0.1268526,0.02632329,-2.2698,-0.02066319,0.8838881,-0.04621499,-0.4649507,5.791718,235.5101,0.3713126,0.1126008,0.007320955,-0.9936131,-0.2167202,0.007526114,-0.08814737,-1.857835,-0.3765396,-2.842897,0.6501596,-0.2072001,1.991,-0.5667878,0.006447495,0.8238387,-0.07950327,0.9948744,-0.06248302,-0.8200188,-0.1009125,-0.5633702,static,89.37575,87.27029,18.08441,-5.941289,-6.955882254119522,5.2040892831169705,117.34928043524101,27.408679159081956,106.81282275640477
1923,05/05/2023 11:22:15.026093,2105,True,True,True,True,Eyes,0.1122085,0.02388671,-2.28764,-0.9412047,-0.1799484,-0.2859239,0.0,0.0,0.0,0.0,0.0,0.0,0.0,1.922198,-0.1710684,-1.216443,0.1234445,0.0260547,-2.277702,-0.01944173,0.8883473,-0.04825026,-0.4562162,5.93875,234.3944,0.5462805,0.1101314,0.007446362,-0.9938889,-0.2037169,0.007074547,-0.08285853,-1.849388,-0.3798578,-2.888347,0.6501598,-0.2072001,1.991,-0.5829777,0.009483078,0.8124329,-0.07856711,0.9945878,-0.0679867,-0.8086805,-0.1034652,-0.5790775,static,73.10201,32.18457,18.08442,-5.941291,-5.061658649450273,2.8187409438360995,66.93666025728668,24.748315427591567,122.92297758005175
1924,05/05/2023 11:22:15.046467,2106,True,True,True,True,Eyes,0.1120953,0.02385552,-2.287975,-0.9410251,-0.1801699,-0.286375,0.0,0.0,0.0,0.0,0.0,0.0,0.0,1.904425,-0.1824568,-1.256717,0.1202642,0.0252149,-2.285687,-0.01852103,0.8922733,-0.05019248,-0.4483148,6.095001,233.3904,0.6887333,0.1027915,0.007796607,-0.9946721,-0.4317214,0.02203244,-0.4019365,-1.841105,-0.3844271,-2.929848,0.6501598,-0.2072001,1.991,-0.5973416,0.01195243,0.8018978,-0.07805569,0.9942753,-0.07296431,-0.7981793,-0.1061773,-0.592989,static,73.07382,32.17564,18.08442,-5.941291,-5.062909977263702,2.819008648839502,66.90840411501952,24.74958050177393,122.94683545764053
1925,05/05/2023 11:22:15.066219,2107,True,True,True,True,Eyes,0.1118812,0.0237981,-2.288632,-0.9406652,-0.1804946,-0.287351,0.0,0.0,0.0,0.0,0.0,0.0,0.0,1.888207,-0.1922241,-1.293715,0.1173361,0.02445391,-2.293819,-0.01861158,0.895768,-0.05229484,-0.4410429,6.321372,232.4685,0.7370399,0.0967216,0.008087728,-0.9952784,-0.4058181,0.0207105,-0.3778203,-1.832271,-0.3923762,-2.96836,0.65016,-0.2072001,1.991001,-0.6102698,0.01278521,0.7920906,-0.07947183,0.9938378,-0.07727106,-0.7881975,-0.1101051,-0.6054932,static,73.01333,32.13428,18.08442,-5.941288,-5.064431788316702,2.8184539086124745,66.83512573722535,24.75080639944798,123.00011685083787
1926,05/05/2023 11:22:15.076229,2108,True,True,True,True,Eyes,0.1115494,0.02369844,-2.289575,-0.9401082,-0.180922,-0.2889011,0.0,0.0,0.0,0.0,0.0,0.0,0.0,1.873863,-0.1959303,-1.328007,0.1146641,0.02379022,-2.302094,-0.01938634,0.898911,-0.05324616,-0.4344517,6.463598,231.6269,0.6580897,0.09168839,0.008328667,-0.9957527,-0.381469,0.01946787,-0.3551511,-1.82376,-0.3987901,-3.004705,0.65016,-0.2072001,1.991,-0.621752,0.01141257,0.7831311,-0.08111894,0.993578,-0.07888224,-0.7790022,-0.1125719,-0.6168333,static,72.91748,32.05653,18.08442,-5.94129,-5.066203188428384,2.816953652137104,66.71205883283771,24.75193297265484,123.08571251042801
1927,05/05/2023 11:22:15.096540,2109,True,True,True,True,Eyes,0.1111461,0.0235509,-2.290826,-0.9394181,-0.1813478,-0.2908719,0.0,0.0,0.0,0.0,0.0,0.0,0.0,1.860832,-0.1942385,-1.360723,0.1121716,0.02264045,-2.310605,-0.01994449,0.901836,-0.0528702,-0.428368,6.45643,230.8453,0.5375555,0.08739204,0.008530333,-0.9961372,-0.3585809,0.01829979,-0.333842,-1.816143,-0.4010586,-3.039855,0.6501603,-0.2072001,1.991001,-0.6322065,0.009322479,0.7747442,-0.08126911,0.9936139,-0.07827331,-0.7705263,-0.1124476,-0.6274115,static,72.79591,31.94201,18.08442,-5.941286,-5.067616322047136,2.81424166395921,66.54691017503154,24.7522938438389,123.19583163091154
1928,05/05/2023 11:22:15.116521,2110,True,True,True,True,Eyes,0.1105329,0.02337564,-2.292227,-0.9379835,-0.1807741,-0.2958168,0.0,0.0,0.0,0.0,0.0,0.0,0.0,1.84904,-0.1897148,-1.391418,0.1100301,0.02135054,-2.319143,-0.02080509,0.9045202,-0.05202648,-0.4227335,6.413785,230.1192,0.3660893,0.08350374,0.008704718,-0.9964692,-0.337066,0.01720181,-0.3138115,-1.808574,-0.402831,-3.073299,0.6501592,-0.2072001,1.991,-0.6417269,0.006349429,0.7669067,-0.08162391,0.9937208,-0.076528,-0.7625771,-0.111708,-0.6371791,static,72.49601,31.42916,18.0844,-5.941291,-5.059031365876324,2.795834355114402,66.00889266406081,24.737739889852733,123.49011736745003
1929,05/05/2023 11:22:15.126079,2111,True,True,True,True,Eyes,0.1098635,0.02316391,-2.29394,-0.9364607,-0.1801624,-0.3009698,0.0,0.0,0.0,0.0,0.0,0.0,0.0,1.838299,-0.1858361,-1.420421,0.107985,0.02034649,-2.32796,-0.02193752,0.9069708,-0.05143309,-0.4174658,6.408302,229.442,0.1816014,0.07997359,0.008853311,-0.9967574,-0.316842,0.0161697,-0.2949828,-1.800998,-0.4057314,-3.105111,0.6501598,-0.2072,1.991001,-0.6504825,0.003149739,0.759515,-0.08273648,0.9937468,-0.0749803,-0.7550017,-0.1116129,-0.6461542,static,72.18308,30.90501,18.08441,-5.941286,-5.050648932696804,2.7771859374474337,65.4546837490528,24.723323092646996,123.79738666995301
1930,05/05/2023 11:22:15.146080,2112,True,True,True,True,Eyes,0.1092345,0.02288846,-2.296048,-0.9347967,-0.1795597,-0.306453,0.0,0.0,0.0,0.0,0.0,0.0,0.0,1.829081,-0.177694,-1.447804,0.1059893,0.01926987,-2.337016,-0.02264022,0.9092086,-0.04963275,-0.4127517,6.254364,228.8324,359.9886,0.07676318,0.008976988,-0.9970087,-0.2978315,0.01519952,-0.2772838,-1.794837,-0.40373,-3.135548,0.6501598,-0.2072,1.991001,-0.6582472,-0.0001973518,0.7528021,-0.08214135,0.9940481,-0.07156347,-0.7483073,-0.1089426,-0.6543455,static,71.84938,30.36727,18.08441,-5.941285,-5.042821076626876,2.758378147557304,64.8766765894256,24.70936980484655,124.12429189128041
1931,05/05/2023 11:22:15.156479,2113,True,True,True,True,Eyes,0.1085889,0.02255893,-2.29844,-0.933045,-0.1790708,-0.3120266,0.0,0.0,0.0,0.0,0.0,0.0,0.0,1.821285,-0.1686797,-1.473006,0.1042363,0.01747351,-2.346084,-0.02322239,0.911194,-0.04778453,-0.4085377,6.088033,228.2885,359.8112,0.07384145,0.009075333,-0.9972285,-0.2799616,0.01428754,-0.2606468,-1.789245,-0.4018455,-3.163776,0.6501595,-0.2072001,1.991,-0.6651154,-0.003276632,0.7467334,-0.08136375,0.9943547,-0.06810751,-0.7422947,-0.1060564,-0.6616272,static,71.50916,29.85134,18.08441,-5.941291,-5.03653382266522,2.740846780000586,64.30642539019456,24.69731887638321,124.45574865026555
1932,05/05/2023 11:22:15.176474,2114,True,True,True,True,Eyes,0.1079488,0.02220571,-2.301146,-0.9311056,-0.178835,-0.3178999,0.0,0.0,0.0,0.0,0.0,0.0,0.0,1.814995,-0.1656906,-1.495397,0.1031823,0.0158776,-2.355202,-0.02478504,0.9128782,-0.04786349,-0.4046581,6.168111,227.793,359.6245,0.0711785,0.009148443,-0.9974214,-0.263164,0.01343029,-0.245008,-1.782092,-0.4082792,-3.189198,0.6501595,-0.2072001,1.991,-0.671275,-0.006514738,0.7411797,-0.08398814,0.9941896,-0.06732814,-0.7364345,-0.107446,-0.6679217,static,71.14897,29.35999,18.08441,-5.941292,-5.032752644983649,2.7250772020062084,63.73404144440492,24.68823938437306,124.80252236007792
1933,05/05/2023 11:22:15.196142,2115,True,True,True,True,Eyes,0.1073081,0.0218098,-2.304127,-0.9291069,-0.1786467,-0.3237989,0.0,0.0,0.0,0.0,0.0,0.0,0.0,1.809187,-0.1658551,-1.516924,0.1019459,0.01502093,-2.364552,-0.02635967,0.9144237,-0.04851329,-0.4009749,6.307393,227.3254,359.4637,0.06874835,0.009197721,-0.9975914,-0.2473741,0.01262447,-0.2303075,-1.775146,-0.4157004,-3.213508,0.6501592,-0.2072001,1.991,-0.6770484,-0.009302597,0.7358795,-0.08711305,0.9939032,-0.06758427,-0.7307643,-0.1098625,-0.6737311,static,70.78627,28.88645,18.0844,-5.94129,-5.030057881109421,2.710277874199817,63.17007657906154,24.680514375098987,125.15084506277115
1934,05/05/2023 11:22:15.206380,2116,True,True,True,True,Eyes,0.106668,0.02137329,-2.307362,-0.926942,-0.1787159,-0.3299078,0.0,0.0,0.0,0.0,0.0,0.0,0.0,1.804795,-0.1636447,-1.537061,0.1012815,0.01361425,-2.374063,-0.02720718,0.9158476,-0.04839122,-0.3976699,6.331279,226.9057,359.3458,0.06652744,0.009223635,-0.9977418,-0.2325317,0.01186701,-0.216489,-1.769003,-0.4192479,-3.236843,0.65016,-0.2072001,1.991001,-0.6822371,-0.01134779,0.7310432,-0.08832272,0.9938361,-0.06699901,-0.7257769,-0.1102769,-0.6790341,static,70.40886,28.44506,18.08442,-5.941288,-5.029945091432035,2.697490699069258,62.61204317134767,24.675947215689707,125.5092643248762
1935,05/05/2023 11:22:15.226314,2117,True,True,True,True,Eyes,0.1060383,0.0209168,-2.310864,-0.9247091,-0.1789422,-0.3359952,0.0,0.0,0.0,0.0,0.0,0.0,0.0,1.800414,-0.1697007,-1.555941,0.100775,0.01228841,-2.383471,-0.02890051,0.9171121,-0.05059386,-0.3943483,6.6379,226.4905,359.244,0.06449383,0.009226724,-0.9978752,-0.2185798,0.01115499,-0.2034997,-1.761148,-0.4321744,-3.258353,0.6501597,-0.2072,1.991001,-0.6873086,-0.01310682,0.7262475,-0.09291323,0.9932101,-0.07000676,-0.7203987,-0.1155942,-0.6838597,static,70.03127,28.03859,18.0844,-5.941285,-5.031673255352091,2.6864844614480567,62.07341788408727,24.673695479735095,125.8652543918058
1936,05/05/2023 11:22:15.246173,2118,True,True,True,True,Eyes,0.1054405,0.02045419,-2.314665,-0.9223635,-0.179072,-0.3423139,0.0,0.0,0.0,0.0,0.0,0.0,0.0,1.797007,-0.1727204,-1.574558,0.1003779,0.01139286,-2.393344,-0.0304667,0.9183154,-0.05190567,-0.3912475,6.844296,226.0998,359.1147,0.06262941,0.009208362,-0.9979941,-0.205465,0.01048569,-0.1912897,-1.753909,-0.4415503,-3.280014,0.6501598,-0.2072002,1.991,-0.6919944,-0.01534015,0.7217398,-0.096572,0.9927552,-0.07149149,-0.7154143,-0.1191716,-0.6884624,static,69.63876,27.61507,18.08442,-5.941293,-5.033417885426972,2.6749930250822005,61.51324630210447,24.67133586498529,126.2366091891431
1937,05/05/2023 11:22:15.261003,2119,True,True,True,True,Eyes,0.1048529,0.01998904,-2.318731,-0.9199914,-0.1791346,-0.3486067,0.0,0.0,0.0,0.0,0.0,0.0,0.0,1.793471,-0.1677038,-1.594306,0.09977785,0.01077742,-2.403414,-0.03149565,0.919621,-0.05101455,-0.3882048,6.792939,225.7099,358.9429,0.06091785,0.009170379,-0.9981004,-0.1931371,0.009856545,-0.1798123,-1.748101,-0.4423427,-3.303273,0.6501595,-0.2072001,1.991001,-0.6966102,-0.01831992,0.717216,-0.0975363,0.9928111,-0.06937456,-0.710789,-0.1182816,-0.6933892,static,69.24711,27.19676,18.0844,-5.941288,-5.035383093249315,2.66374458849238,60.9569776136777,24.669230959393783,126.6078534012254
1938,05/05/2023 11:22:15.276580,2120,True,True,True,True,Eyes,0.1042981,0.01954176,-2.323106,-0.917556,-0.1789283,-0.3550713,0.0,0.0,0.0,0.0,0.0,0.0,0.0,1.791178,-0.160015,-1.613221,0.09941866,0.01024556,-2.413797,-0.03229589,0.9208277,-0.04940885,-0.3854764,6.655117,225.3585,358.7663,0.0593444,0.009114616,-0.9981958,-0.1815489,0.009265153,-0.1690236,-1.743037,-0.4401574,-3.326055,0.6501598,-0.2072001,1.991,-0.70073,-0.02138601,0.713106,-0.09756979,0.9930314,-0.06609549,-0.7067233,-0.1158927,-0.6979335,static,68.8448,26.74454,18.08442,-5.94129,-5.036221405813689,2.6510442096210483,60.37366694622168,24.66560897659027,126.9930766802218
1939,05/05/2023 11:22:15.296455,2121,True,True,True,True,Eyes,0.1037383,0.01908672,-2.327746,-0.9151435,-0.1783906,-0.3615097,0.0,0.0,0.0,0.0,0.0,0.0,0.0,1.788705,-0.1484624,-1.632924,0.09862575,0.01014941,-2.424483,-0.03250248,0.9220792,-0.04655151,-0.3828139,6.357581,225.0151,358.599,0.05789566,0.009043566,-0.9982814,-0.1706559,0.008709243,-0.1588822,-1.739359,-0.4319826,-3.349714,0.6501594,-0.2072001,1.991,-0.7047942,-0.0242986,0.7089955,-0.09558085,0.9935531,-0.06096355,-0.7029433,-0.1107332,-0.7025729,static,68.44447,26.2645,18.08441,-5.941292,-5.035481057172527,2.636877960569162,59.777493101926446,24.659974906068683,127.38130837108966
1940,05/05/2023 11:22:15.306404,2122,True,True,True,True,Eyes,0.1029791,0.0186001,-2.33245,-0.9133147,-0.1785325,-0.366036,0.0,0.0,0.0,0.0,0.0,0.0,0.0,1.786715,-0.1324165,-1.652569,0.09793219,0.00943826,-2.435403,-0.03121265,0.9233488,-0.04216679,-0.3803616,5.832089,224.7022,358.5276,0.05655937,0.008958458,-0.9983588,-0.1604166,0.008186689,-0.1493493,-1.737511,-0.4155538,-3.373621,0.6501601,-0.2072,1.991001,-0.7087018,-0.02556306,0.7050452,-0.08971757,0.9944955,-0.05412511,-0.6997806,-0.1016135,-0.7070941,static,68.1602,26.0006,18.08442,-5.941285,-5.03898900398515,2.6307340694621515,59.395856420811256,24.661134501332345,127.64879901750459
1941,05/05/2023 11:22:15.326394,2123,True,True,True,True,Eyes,0.1022243,0.01811226,-2.337408,-0.9114753,-0.1785354,-0.3705912,0.0,0.0,0.0,0.0,0.0,0.0,0.0,1.784292,-0.1245136,-1.671617,0.09704196,0.008357847,-2.446225,-0.02925248,0.9245503,-0.03944434,-0.3778827,5.453885,224.3951,358.6024,0.05531517,0.008859378,-0.9984294,-0.1507916,0.007695487,-0.1403883,-1.735544,-0.4028625,-3.396092,0.6501599,-0.2072001,1.991001,-0.7126982,-0.02428011,0.7010508,-0.08390144,0.9951769,-0.05082854,-0.6964354,-0.09504455,-0.7112979,static,67.87413,25.72283,18.08441,-5.941288,-5.041879877945469,2.623930731359768,59.00536065813278,24.66147309944804,127.91997808100763
1942,05/05/2023 11:22:15.346400,2124,True,True,True,True,Eyes,0.1015025,0.01771935,-2.342649,-0.9095551,-0.178595,-0.375251,0.0,0.0,0.0,0.0,0.0,0.0,0.0,1.781209,-0.1263283,-1.690702,0.09640324,0.007792134,-2.45719,-0.02731118,0.9257515,-0.03881848,-0.3751421,5.299603,224.0614,358.7661,0.05415349,0.008747659,-0.9984941,-0.1417441,0.007233758,-0.131965,-1.731959,-0.3963111,-3.418186,0.65016,-0.2072001,1.991001,-0.7170451,-0.02144183,0.6966969,-0.07969161,0.9954945,-0.05138139,-0.6924562,-0.09236367,-0.7155233,static,67.58065,25.4514,18.08442,-5.941288,-5.045554932766731,2.6176396734392684,58.61209469109805,24.66274484540563,128.19715586249671
1943,05/05/2023 11:22:15.356757,2125,True,True,True,True,Eyes,0.1007567,0.01745753,-2.348144,-0.9076279,-0.1784402,-0.3799615,0.0,0.0,0.0,0.0,0.0,0.0,0.0,1.77725,-0.1338209,-1.710313,0.09558366,0.009743005,-2.468292,-0.02682385,0.9269511,-0.03954688,-0.3721269,5.35232,223.6917,358.832,0.05306759,0.008628649,-0.9985535,-0.1332394,0.006799732,-0.1240471,-1.726513,-0.3954264,-3.440672,0.6501599,-0.2072001,1.991,-0.7216042,-0.02029587,0.6920083,-0.0791617,0.995433,-0.05335228,-0.6877652,-0.09327979,-0.7199153,static,67.28429,25.15602,18.08442,-5.941289,-5.048150543395151,2.610204073523538,58.20369262390816,24.662600303529924,128.48029027148553
1944,05/05/2023 11:22:15.376490,2126,True,True,True,True,Eyes,0.1000229,0.0171955,-2.353903,-0.90566,-0.1780983,-0.3847867,0.0,0.0,0.0,0.0,0.0,0.0,0.0,1.774965,-0.1201987,-1.730237,0.09426338,0.01260392,-2.479843,-0.02719237,0.9280862,-0.03579173,-0.3696426,4.964502,223.3734,358.6188,0.05204837,0.008508634,-0.9986081,-0.1252451,0.006391748,-0.1166043,-1.723515,-0.3816697,-3.464706,0.6501599,-0.2072001,1.991001,-0.7252501,-0.02401343,0.6880669,-0.07693401,0.9959591,-0.04633269,-0.6841738,-0.08653853,-0.7241668,static,66.98087,24.83703,18.08441,-5.941286,-5.049939464849921,2.6017482788790804,57.77688583099175,24.66133734921739,128.7729390706747
1945,05/05/2023 11:22:15.396672,2127,True,True,True,True,Eyes,0.09930173,0.0169805,-2.359861,-0.9036163,-0.17813,-0.3895476,0.0,0.0,0.0,0.0,0.0,0.0,0.0,1.775593,-0.09873894,-1.747172,0.09320933,0.01232996,-2.491234,-0.02678543,0.9289224,-0.03074834,-0.3680226,4.407003,223.1652,358.4407,0.05108992,0.008387749,-0.9986586,-0.1177304,0.006008243,-0.109608,-1.722926,-0.3648108,-3.48579,0.6501601,-0.2072001,1.991001,-0.7276842,-0.02713101,0.6853759,-0.07239533,0.9966741,-0.03741034,-0.6820815,-0.07684091,-0.7272282,static,66.67921,24.57339,18.08441,-5.941286,-5.054521649635103,2.596062980550328,57.3811819190314,24.66366731656484,129.05786601291115
1946,05/05/2023 11:22:15.406409,2128,True,True,True,True,Eyes,0.09861867,0.01689512,-2.366096,-0.9014127,-0.178633,-0.3943926,0.0,0.0,0.0,0.0,0.0,0.0,0.0,1.774016,-0.117094,-1.762876,0.09277292,0.01332187,-2.501957,-0.02860099,0.929665,-0.03513978,-0.3656093,4.947911,222.8681,358.4192,0.05018553,0.008267945,-0.9987054,-0.1106666,0.005647749,-0.1030315,-1.715623,-0.3826202,-3.503283,0.6501596,-0.2072001,1.991,-0.7310235,-0.02748381,0.6817985,-0.07887355,0.9958943,-0.04442288,-0.6777783,-0.08625004,-0.73019,static,66.36931,24.36729,18.08441,-5.941291,-5.062621762310943,2.5935156857432804,57.009136550587755,24.67038719940244,129.34273717745944
1947,05/05/2023 11:22:15.426015,2129,True,True,True,True,Eyes,0.0979299,0.01691231,-2.372529,-0.8991753,-0.1790608,-0.3992756,0.0,0.0,0.0,0.0,0.0,0.0,0.0,1.771933,-0.1238592,-1.780755,0.09153984,0.01642521,-2.513469,-0.03007239,0.9305363,-0.03633028,-0.3631502,5.132247,222.5611,358.2981,0.04933163,0.008154619,-0.998749,-0.1040266,0.005308884,-0.09684964,-1.710161,-0.3871896,-3.523761,0.6501599,-0.2072,1.991001,-0.7344354,-0.02958021,0.6780338,-0.08235359,0.9955515,-0.0457717,-0.6736637,-0.08945487,-0.7336043,static,66.05656,24.15452,18.08441,-5.941287,-5.07054615595289,2.5907020881051688,56.631129024625224,24.67684810472452,129.63123371450874
1948,05/05/2023 11:22:15.446119,2130,True,True,True,True,Eyes,0.09724994,0.01701298,-2.379157,-0.8967897,-0.179789,-0.4042825,0.0,0.0,0.0,0.0,0.0,0.0,0.0,1.768223,-0.1169288,-1.800516,0.09069985,0.01890357,-2.524591,-0.03124309,0.9316479,-0.03454331,-0.3603651,4.98427,222.2099,358.0834,0.04852287,0.008051422,-0.9987894,-0.09778496,0.004990351,-0.09103866,-1.704699,-0.3820426,-3.547091,0.6501601,-0.2072001,1.991001,-0.7383221,-0.03331871,0.6736251,-0.08311152,0.9956612,-0.04184657,-0.6693082,-0.08688223,-0.7378877,static,65.73363,23.97525,18.08442,-5.941287,-5.080846986443508,2.589853299939235,56.262299985838375,24.686229954581094,129.92406042433734
1949,05/05/2023 11:22:15.456364,2131,True,True,True,True,Eyes,0.0965517,0.01716546,-2.385961,-0.8943806,-0.1804876,-0.4092771,0.0,0.0,0.0,0.0,0.0,0.0,0.0,1.764005,-0.1193283,-1.819636,0.08974933,0.02108184,-2.535455,-0.03375897,0.9326479,-0.03540918,-0.3574555,5.17415,221.8427,357.8331,0.04775476,0.007960769,-0.9988271,-0.09191786,0.00469093,-0.08557634,-1.697248,-0.3891637,-3.568925,0.6501597,-0.2072001,1.991,-0.7421718,-0.03765606,0.669151,-0.08828487,0.995213,-0.04191393,-0.6643695,-0.09018325,-0.7419434,static,65.41072,23.79706,18.08442,-5.941292,-5.091203194316328,2.589058937530357,55.894080646933475,24.69567568547899,130.21694397984731
1950,05/05/2023 11:22:15.476586,2132,True,True,True,True,Eyes,0.09587858,0.01733404,-2.392927,-0.8918618,-0.1814128,-0.414333,0.0,0.0,0.0,0.0,0.0,0.0,0.0,1.760991,-0.1169844,-1.837889,0.08859622,0.0224833,-2.54642,-0.0346593,0.9335739,-0.03474417,-0.3550092,5.133763,221.5372,357.6957,0.04702319,0.007883598,-0.9988624,-0.08640279,0.004409474,-0.08044176,-1.692549,-0.3879116,-3.589886,0.65016,-0.2072001,1.991001,-0.7455346,-0.04004504,0.6652631,-0.08938303,0.9951831,-0.04026376,-0.6604462,-0.08948124,-0.7455229,static,65.08179,23.64588,18.08441,-5.941287,-5.103342014327086,2.589792708333832,55.53516163612283,24.70730993993225,130.5112433370937
1951,05/05/2023 11:22:15.502491,2133,True,True,True,True,Eyes,0.09518901,0.01749871,-2.400012,-0.8892809,-0.182583,-0.4193364,0.0,0.0,0.0,0.0,0.0,0.0,0.0,1.757623,-0.1265089,-1.854536,0.08775334,0.02307239,-2.556621,-0.03534503,0.934413,-0.03669725,-0.352529,5.365052,221.2319,357.6871,0.04632528,0.007819123,-0.9988956,-0.08121862,0.004144906,-0.07561525,-1.686672,-0.395336,-3.608321,0.6501598,-0.2072,1.991001,-0.7489483,-0.04018001,0.6614094,-0.09192739,0.9948081,-0.04366047,-0.6562212,-0.09350106,-0.7487534,static,64.75399,23.52876,18.08441,-5.941285,-5.117196823165979,2.5922301199632813,55.19540967941469,24.721153684232135,130.79978791268073
1952,05/05/2023 11:22:15.516490,2134,True,True,True,True,Eyes,0.09451018,0.01766843,-2.407229,-0.8866931,-0.1837924,-0.424259,0.0,0.0,0.0,0.0,0.0,0.0,0.0,1.752251,-0.1469659,-1.871718,0.08677693,0.02332777,-2.56656,-0.03550012,0.93533,-0.0407654,-0.3496226,5.80145,220.8804,357.8166,0.04565596,0.007765755,-0.9989268,-0.0763455,0.003896211,-0.07107834,-1.679534,-0.4085581,-3.62644,0.6501599,-0.2072,1.991001,-0.7530078,-0.03790365,0.6569194,-0.09491366,0.9941558,-0.0514349,-0.6511306,-0.1010815,-0.7522047,static,64.43013,23.42264,18.08441,-5.941284,-5.13138778491148,2.595126179510048,54.864977854695034,24.73547180756299,131.08333965441963
1953,05/05/2023 11:22:15.532290,2135,True,True,True,True,Eyes,0.09380645,0.01784276,-2.414548,-0.884035,-0.1851456,-0.4291891,0.0,0.0,0.0,0.0,0.0,0.0,0.0,1.745272,-0.1663197,-1.89001,0.08561753,0.02351791,-2.57641,-0.03458456,0.9363827,-0.04411535,-0.3464759,6.118383,220.5051,358.0289,0.045014,0.007722622,-0.9989563,0.0,0.0,0.0,-1.672956,-0.4168217,-3.645635,0.6501603,-0.2072,1.991001,-0.7575172,-0.03419895,0.6519194,-0.09533855,0.9937155,-0.05865226,-0.6458165,-0.1065831,-0.756017,static,64.10395,23.33463,18.08442,-5.941283,-5.146669293839612,2.599002883792215,54.54242590318539,24.751161442551542,131.36592678593573
1954,05/05/2023 11:22:15.548376,2136,True,True,True,True,Eyes,0.09305829,0.01805182,-2.42195,-0.8813769,-0.1864574,-0.4340604,0.0,0.0,0.0,0.0,0.0,0.0,0.0,1.736286,-0.1851883,-1.909615,0.08428147,0.02384055,-2.586105,-0.03411952,0.9375424,-0.04746455,-0.3429246,6.453735,220.0798,358.1878,0.04439503,0.007688783,-0.9989842,0.0,0.0,0.0,-1.665239,-0.426164,-3.666103,0.6501601,-0.2072,1.991001,-0.7624775,-0.03142349,0.6462516,-0.09653051,0.993166,-0.06559921,-0.6397737,-0.1124009,-0.7603,static,63.78068,23.24669,18.08441,-5.941285,-5.161776990767983,2.602808622250606,54.22256888523012,24.766645825293622,131.64578130740472
1955,05/05/2023 11:22:15.556070,2137,True,True,True,True,Eyes,0.09226403,0.01828789,-2.42945,-0.878662,-0.1876524,-0.4390213,0.0,0.0,0.0,0.0,0.0,0.0,0.0,1.725835,-0.1981393,-1.930798,0.08282503,0.02491656,-2.595817,-0.03393449,0.9388369,-0.04948596,-0.3390942,6.657412,219.6168,358.2601,0.04379509,0.007664695,-0.9990108,0.0,0.0,0.0,-1.657164,-0.43122,-3.688566,0.6501597,-0.2072001,1.991001,-0.7677271,-0.03015709,0.6400669,-0.0972787,0.9927992,-0.06990451,-0.6333498,-0.1159325,-0.7651327,static,63.45111,23.14349,18.08441,-5.941288,-5.176469226306253,2.6059994538620934,53.88934755774358,24.78153799100762,131.93291220234238
1956,05/05/2023 11:22:15.576119,2138,True,True,True,True,Eyes,0.09144058,0.018517,-2.437044,-0.8759838,-0.1885871,-0.4439451,0.0,0.0,0.0,0.0,0.0,0.0,0.0,1.714572,-0.1975449,-1.953821,0.08089517,0.02578752,-2.605568,-0.03361332,0.9402673,-0.04865772,-0.3352612,6.548315,219.1474,358.2358,0.04321091,0.007650441,-0.9990363,0.0,0.0,0.0,-1.650535,-0.4269039,-3.713241,0.6501598,-0.2072001,1.991,-0.7729403,-0.03058492,0.6337413,-0.09583709,0.9930052,-0.06896403,-0.6271991,-0.114041,-0.7704649,static,63.12429,23.0157,18.08441,-5.941289,-5.189705105975399,2.6078690004089475,53.54528926395413,24.794607003986744,132.22150825565828
1957,05/05/2023 11:22:15.596088,2139,True,True,True,True,Eyes,0.09056476,0.01873244,-2.444713,-0.8732516,-0.1895473,-0.4488913,0.0,0.0,0.0,0.0,0.0,0.0,0.0,1.704732,-0.195285,-1.975221,0.0789935,0.02581314,-2.615117,-0.0337352,0.9415202,-0.04786914,-0.3318289,6.461071,218.7256,358.1686,0.04263994,0.007644672,-0.9990609,0.0,0.0,0.0,-1.644403,-0.4246558,-3.736145,0.65016,-0.2072001,1.991001,-0.7775033,-0.03175602,0.628077,-0.09529346,0.993141,-0.06775089,-0.6216174,-0.1125282,-0.7751966,static,62.79477,22.89223,18.08441,-5.941285,-5.203332046833965,2.610027447234176,53.20138981816946,24.808141288901524,132.51157197703256
1958,05/05/2023 11:22:15.606552,2140,True,True,True,True,Eyes,0.08966444,0.01893609,-2.452462,-0.8705112,-0.1904702,-0.4537964,0.0,0.0,0.0,0.0,0.0,0.0,0.0,1.695549,-0.1979889,-1.995123,0.07682894,0.02571441,-2.624506,-0.03440397,0.9425962,-0.04835066,-0.32862,6.532222,218.3316,358.0919,0.04207946,0.007645907,-0.9990847,0.0,0.0,0.0,-1.638171,-0.4280338,-3.757032,0.6501604,-0.2071999,1.991002,-0.7816507,-0.03308012,0.6228389,-0.09663608,0.9929572,-0.06853863,-0.616185,-0.113762,-0.7793424,moving,62.46703,22.76907,18.08442,-5.941279,-5.2168666713242615,2.6121560765622984,52.85924904984842,24.82158762344182,132.80005013257252
1959,05/05/2023 11:22:15.626073,2141,True,True,True,True,Eyes,0.0887139,0.01917263,-2.460269,-0.8676831,-0.1915534,-0.4587302,0.0,0.0,0.0,0.0,0.0,0.0,0.0,1.686209,-0.2054105,-2.014357,0.07486567,0.02563334,-2.633793,-0.03476167,0.9436329,-0.04966741,-0.3253951,6.681966,217.9396,358.0797,0.0415254,0.00765291,-0.9991078,0.0,0.0,0.0,-1.628403,-0.4332171,-3.779586,0.6461369,-0.2071999,1.991001,-0.7858195,-0.03328144,0.61756,-0.09792755,0.9926495,-0.07111305,-0.6106539,-0.1163581,-0.7833026,moving,62.1353,22.6641,17.97973,-5.941281,-5.231597888356749,2.615312189676027,52.61161643762773,24.73825032928598,132.99008459609632
1960,05/05/2023 11:22:15.646127,2142,True,True,True,True,Eyes,0.08772728,0.01942591,-2.46816,-0.8647929,-0.1924981,-0.4637647,0.0,0.0,0.0,0.0,0.0,0.0,0.0,1.674727,-0.2178527,-2.034455,0.07266729,0.02669997,-2.64295,-0.03578644,0.9447331,-0.05197783,-0.3217098,6.963441,217.4904,358.027,0.04097577,0.007666403,-0.9991304,0.0,0.0,0.0,-1.616487,-0.4421609,-3.803019,0.6417295,-0.2071999,1.991,-0.7904441,-0.03417369,0.61158,-0.1010608,0.9920353,-0.07518464,-0.6041396,-0.121236,-0.7876021,moving,61.79657,22.54222,17.86492,-5.941285,-5.245869868951993,2.617787390302113,52.3574247724955,24.64480327674145,133.17928008857862
1961,05/05/2023 11:22:15.656491,2143,True,True,True,True,Eyes,0.08668218,0.0196474,-2.476096,-0.8618337,-0.1934713,-0.4688407,0.0,0.0,0.0,0.0,0.0,0.0,0.0,1.66303,-0.2160018,-2.05635,0.07019873,0.0273588,-2.6524,-0.03668722,0.9459543,-0.05140112,-0.3180923,6.925926,217.0438,357.8808,0.04043066,0.007686297,-0.9991524,0.0,0.0,0.0,-1.606074,-0.4416758,-3.828621,0.6374698,-0.2072,1.991,-0.7949427,-0.03670826,0.6055731,-0.1021095,0.9920239,-0.07390635,-0.5980301,-0.1205861,-0.7923505,moving,61.45365,22.42393,17.7538,-5.941289,-5.260585530047399,2.62055251688727,52.098584807463446,24.555387830086286,133.3748848620581
1962,05/05/2023 11:22:15.677062,2144,True,True,True,True,Eyes,0.0855946,0.01984845,-2.484081,-0.8587836,-0.1946167,-0.4739356,0.0,0.0,0.0,0.0,0.0,0.0,0.0,1.651018,-0.2173624,-2.07725,0.06770685,0.02682956,-2.661348,-0.0376406,0.9470945,-0.05173397,-0.3145137,6.988544,216.6042,357.7622,0.03988791,0.007710571,-0.9991741,0.0,0.0,0.0,-1.595224,-0.4454581,-3.852756,0.633113,-0.2072,1.991001,-0.7993287,-0.03875634,0.5996429,-0.1038405,0.9918136,-0.07431695,-0.5918537,-0.1216709,-0.7968096,moving,61.10708,22.325,17.64,-5.941285,-5.276538360760808,2.624395935812122,51.84949287531774,24.465048954260382,133.5676381352355
1963,05/05/2023 11:22:15.696511,2145,True,True,True,True,Eyes,0.08444367,0.02005538,-2.492115,-0.8556617,-0.195878,-0.4790353,0.0,0.0,0.0,0.0,0.0,0.0,0.0,1.638729,-0.2326925,-2.096474,0.06513898,0.02649504,-2.670176,-0.03885517,0.9480701,-0.05490097,-0.3108689,7.368919,216.1611,357.715,0.0393431,0.007738032,-0.9991954,0.0,0.0,0.0,-1.582861,-0.4590481,-3.87456,0.6286355,-0.2072,1.991001,-0.8037018,-0.03954083,0.5937173,-0.1078088,0.9909523,-0.0799422,-0.5851845,-0.1282576,-0.800693,moving,60.75807,22.2397,17.52291,-5.941287,-5.293354283953125,2.628995181906869,51.60859510313925,24.37276456524178,133.7568307134557
1964,05/05/2023 11:22:15.706725,2146,True,True,True,True,Eyes,0.08322987,0.02025428,-2.500197,-0.852475,-0.1971071,-0.4841848,0.0,0.0,0.0,0.0,0.0,0.0,0.0,1.627306,-0.2408503,-2.116015,0.06242198,0.02687412,-2.679371,-0.04014243,0.9490346,-0.05649193,-0.3074584,7.579969,215.7427,357.6031,0.03879626,0.007768448,-0.9992166,0.0,0.0,0.0,-1.571659,-0.4668455,-3.897027,0.6242219,-0.2072,1.991001,-0.8077161,-0.04145528,0.5881127,-0.1109309,0.9903945,-0.08254134,-0.5790418,-0.1319098,-0.8045562,moving,60.40449,22.15078,17.40734,-5.941283,-5.310259225201788,2.633527324157434,51.36067475918195,24.28202394060606,133.95175459976582
1965,05/05/2023 11:22:15.726072,2147,True,True,True,True,Eyes,0.08194667,0.02042538,-2.508315,-0.8492117,-0.1984015,-0.4893633,0.0,0.0,0.0,0.0,0.0,0.0,0.0,1.614454,-0.246438,-2.136612,0.05954762,0.02698786,-2.688499,-0.04173331,0.9500719,-0.05768884,-0.3037986,7.757124,215.2912,357.4405,0.03824412,0.007801218,-0.9992376,0.0,0.0,0.0,-1.559889,-0.4742781,-3.920393,0.6199924,-0.2072,1.991001,-0.8119295,-0.0442477,0.5820761,-0.1143509,0.9898606,-0.08426005,-0.5724459,-0.1349741,-0.8087568,moving,60.04704,22.069,17.29645,-5.941285,-5.327774367234033,2.6385217801340204,51.109578467537034,24.196458678975734,134.15278571714842
1966,05/05/2023 11:22:15.746254,2148,True,True,True,True,Eyes,0.0805861,0.02056777,-2.516469,-0.8458424,-0.1996834,-0.4946485,0.0,0.0,0.0,0.0,0.0,0.0,0.0,1.600778,-0.2514477,-2.157416,0.05654946,0.02651274,-2.697454,-0.04282229,0.9511418,-0.05868656,-0.3000858,7.893907,214.8364,357.3244,0.03768666,0.007834847,-0.9992585,0.0,0.0,0.0,-1.548349,-0.4804097,-3.943802,0.6156641,-0.2072001,1.990999,-0.8162295,-0.04623812,0.5758744,-0.1166821,0.9894443,-0.08593776,-0.565822,-0.1373392,-0.8130088,moving,59.68091,21.98331,17.18285,-5.941295,-5.345613998034712,2.643539639648713,50.85143722816125,24.108734431754367,134.3589293815323
1967,05/05/2023 11:22:15.756212,2149,True,True,True,True,Eyes,0.07915647,0.02068432,-2.524649,-0.8423959,-0.2010528,-0.499947,0.0,0.0,0.0,0.0,0.0,0.0,0.0,1.587017,-0.2558362,-2.178257,0.05343356,0.02595503,-2.706539,-0.04335023,0.9522157,-0.05937001,-0.2964478,7.976578,214.3941,357.2591,0.0371186,0.007868256,-0.9992795,0.0,0.0,0.0,-1.537538,-0.4842434,-3.967183,0.6113166,-0.2072,1.990999,-0.8204789,-0.04735733,0.5697117,-0.1177578,0.9891919,-0.08736395,-0.5594169,-0.1387683,-0.8171879,moving,59.31162,21.90744,17.06858,-5.94129,-5.364160971706635,2.6491379569680173,50.59670138511501,24.021309705916188,134.5649726738475
1968,05/05/2023 11:22:15.784196,2150,True,True,True,True,Eyes,0.07765509,0.02077386,-2.532868,-0.8388869,-0.2024187,-0.5052677,0.0,0.0,0.0,0.0,0.0,0.0,0.0,1.572419,-0.2645109,-2.198532,0.05029657,0.02547887,-2.715295,-0.04414172,0.9532461,-0.06094756,-0.2926754,8.165586,213.9357,357.1927,0.0365411,0.007900274,-0.9993005,0.0,0.0,0.0,-1.525681,-0.4915881,-3.989774,0.6069151,-0.2071999,1.990999,-0.8247851,-0.04848013,0.563364,-0.1198315,0.9886739,-0.09035765,-0.5526026,-0.1420344,-0.8212529,moving,58.93914,21.83186,16.95276,-5.941288,-5.382917700250097,2.654832723712984,50.340876584881826,23.932734691758426,134.7718855754502
1969,05/05/2023 11:22:15.796395,2151,True,True,True,True,Eyes,0.07608294,0.02082668,-2.54111,-0.8353043,-0.2038417,-0.510603,0.0,0.0,0.0,0.0,0.0,0.0,0.0,1.557795,-0.2721581,-2.219064,0.04694866,0.02490859,-2.724374,-0.04490897,0.9542589,-0.0623063,-0.2889482,8.329487,213.4828,357.1207,0.03595223,0.007929976,-0.9993217,0.0,0.0,0.0,-1.514182,-0.498224,-4.01252,0.6025813,-0.2071999,1.991,-0.8289844,-0.04970297,0.5570591,-0.1217162,0.9882023,-0.09295996,-0.5458666,-0.1448654,-0.8252538,moving,58.56348,21.76275,16.83858,-5.941286,-5.40220743539854,2.6609380510368035,50.084737103226324,23.846401916658575,134.98135537505235
1970,05/05/2023 11:22:15.806383,2152,True,True,True,True,Eyes,0.07443119,0.02084326,-2.549376,-0.8315975,-0.2053731,-0.5160111,0.0,0.0,0.0,0.0,0.0,0.0,0.0,1.542507,-0.2786929,-2.239506,0.04362834,0.02410153,-2.733111,-0.04568971,0.9552819,-0.06348298,-0.2851652,8.473182,213.0229,357.0393,0.03535019,0.007956166,-0.999343,0.0,0.0,0.0,-1.502354,-0.5044878,-4.035161,0.5981522,-0.2071999,1.991001,-0.8331867,-0.05108682,0.5506271,-0.1234994,0.9877647,-0.09523004,-0.5390251,-0.1473465,-0.8293017,moving,58.18016,21.70262,16.72174,-5.941282,-5.422434947517537,2.6676963539823326,49.82956859819283,23.75876664319088,135.19237994768042
1971,05/05/2023 11:22:15.826411,2153,True,True,True,True,Eyes,0.07270549,0.02082645,-2.557665,-0.8278011,-0.2070082,-0.5214335,0.0,0.0,0.0,0.0,0.0,0.0,0.0,1.52627,-0.2896438,-2.259993,0.04018252,0.02325827,-2.742043,-0.04659906,0.9562777,-0.06552006,-0.2811918,8.714865,212.5407,356.9684,0.03473428,0.007977742,-0.9993644,0.0,0.0,0.0,-1.489907,-0.5139926,-4.057414,0.594134,-0.2071997,1.991001,-0.8375196,-0.05227587,0.5439013,-0.1259707,0.9870713,-0.0991042,-0.5316885,-0.1515173,-0.8332769,moving,57.79309,21.65299,16.61561,-5.941277,-5.443441421753729,2.6750848155123617,49.56842170593784,23.682133361743293,135.4137316205227
1972,05/05/2023 11:22:15.846277,2154,True,True,True,True,Eyes,0.07090731,0.02077691,-2.565978,-0.823902,-0.2085843,-0.5269515,0.0,0.0,0.0,0.0,0.0,0.0,0.0,1.509194,-0.2998036,-2.28064,0.03662836,0.02247171,-2.750822,-0.047562,0.9572879,-0.06737781,-0.2771246,8.937741,212.0466,356.8829,0.03410197,0.007993911,-0.9993862,0.0,0.0,0.0,-1.476887,-0.5229136,-4.079978,0.5897566,-0.2072001,1.991,-0.8418795,-0.05371694,0.5369852,-0.1284051,0.9863962,-0.1026387,-0.5241667,-0.1553611,-0.8373244,moving,57.39782,21.59525,16.49988,-5.941289,-5.464523009513572,2.682270739878767,49.30418315256953,23.5966264993873,135.6340050682626
1973,05/05/2023 11:22:15.856619,2155,True,True,True,True,Eyes,0.0690368,0.02069349,-2.574312,-0.8198977,-0.2102689,-0.5324987,0.0,0.0,0.0,0.0,0.0,0.0,0.0,1.490929,-0.3085544,-2.301989,0.03304436,0.02162842,-2.75965,-0.04853984,0.9583511,-0.06893998,-0.2728639,9.127207,211.5288,356.7826,0.03345463,0.008003898,-0.9994079,0.0,0.0,0.0,-1.463238,-0.530886,-4.103325,0.5853052,-0.2072,1.991001,-0.8463786,-0.05541394,0.5296914,-0.1306589,0.9857823,-0.1056478,-0.5163061,-0.1586269,-0.8415853,moving,56.9975,21.54769,16.38204,-5.941284,-5.486446076604063,2.690103838591508,49.04344280925102,23.51024328463683,135.85367036417279
1974,05/05/2023 11:22:15.876603,2156,True,True,True,True,Eyes,0.06713708,0.02059,-2.582701,-0.8157837,-0.211887,-0.5381458,0.0,0.0,0.0,0.0,0.0,0.0,0.0,1.471857,-0.3178193,-2.323428,0.02937811,0.02076406,-2.768464,-0.04985701,0.9593973,-0.07066943,-0.2684719,9.344518,210.9927,356.6465,0.03278997,0.008007053,-0.9994299,0.0,0.0,0.0,-1.44887,-0.5401482,-4.126653,0.5809476,-0.2071998,1.991001,-0.8508744,-0.05771985,0.5221891,-0.1336109,0.9850402,-0.1088297,-0.5080955,-0.1623705,-0.8458574,moving,56.58847,21.49131,16.26654,-5.941279,-5.508438154614987,2.6977113448798846,48.76889355078523,23.426092884066,136.08384327828807
1975,05/05/2023 11:22:15.896571,2157,True,True,True,True,Eyes,0.06516791,0.02046307,-2.591116,-0.8115492,-0.2135042,-0.5438786,0.0,0.0,0.0,0.0,0.0,0.0,0.0,1.451676,-0.3225805,-2.346083,0.02570059,0.02010819,-2.777492,-0.05117997,0.960534,-0.07146318,-0.2639093,9.456536,210.4347,356.4778,0.03211024,0.008003302,-0.9994521,0.0,0.0,0.0,-1.434307,-0.5459585,-4.15137,0.5767009,-0.2072001,1.990999,-0.855465,-0.0606006,0.5143026,-0.1360398,0.9845473,-0.1102719,-0.4996726,-0.1642994,-0.8504898,moving,56.17107,21.43292,16.15387,-5.941291,-5.530835383664503,2.70543096557265,48.48426263967021,23.345069036656216,136.3231763959798
1976,05/05/2023 11:22:15.906332,2158,True,True,True,True,Eyes,0.06309065,0.02031687,-2.599543,-0.8071415,-0.2149558,-0.5498332,0.0,0.0,0.0,0.0,0.0,0.0,0.0,1.428649,-0.3250286,-2.370371,0.02199209,0.01942513,-2.786481,-0.05228555,0.961827,-0.07170755,-0.2588692,9.497857,209.8211,356.3113,0.03141413,0.007992464,-0.9994742,0.0,0.0,0.0,-1.418387,-0.5493551,-4.177959,0.5721909,-0.2072,1.991,-0.860506,-0.06345356,0.5054733,-0.137705,0.9842485,-0.1108703,-0.4904763,-0.1650107,-0.8556896,moving,55.7369,21.35288,16.03405,-5.941287,-5.553120847954089,2.7124787719390784,48.17974522915609,23.257119496067077,136.57371213541245
1977,05/05/2023 11:22:15.926276,2159,True,True,True,True,Eyes,0.06093602,0.02014749,-2.608007,-0.8026046,-0.2162618,-0.5559286,0.0,0.0,0.0,0.0,0.0,0.0,0.0,1.402517,-0.3258997,-2.396479,0.01814323,0.01886014,-2.795655,-0.052933,0.9632859,-0.07144783,-0.2533253,9.466325,209.1514,356.1762,0.03070041,0.007974574,-0.9994966,0.0,0.0,0.0,-1.401729,-0.5498775,-4.206351,0.5679312,-0.2071998,1.991001,-0.8660489,-0.06578013,0.4956133,-0.1381783,0.9841866,-0.1108308,-0.4804855,-0.1644679,-0.8614432,moving,55.29137,21.25653,15.92075,-5.941278,-5.575244434237336,2.7189878487852512,47.85150446108528,23.174942961923307,136.84267241906676
1978,05/05/2023 11:22:15.946140,2160,True,True,True,True,Eyes,0.05867381,0.01994131,-2.616486,-0.7979078,-0.2172891,-0.5622531,0.0,0.0,0.0,0.0,0.0,0.0,0.0,1.374025,-0.3218478,-2.424191,0.01405577,0.01808727,-2.804945,-0.05293936,0.9648961,-0.07010363,-0.2475042,9.293444,208.4547,356.0804,0.02996632,0.00794943,-0.9995191,0.0,0.0,0.0,-1.385134,-0.5454614,-4.236483,0.563566,-0.2072,1.991,-0.871878,-0.06746009,0.4850542,-0.1368639,0.9845658,-0.10908,-0.4702092,-0.1614909,-0.8676542,moving,54.82921,21.12959,15.80453,-5.941289,-5.596779218322829,2.724366761545625,47.494822232902834,23.089166854520293,137.1292182608927
1979,05/05/2023 11:22:15.956683,2161,True,True,True,True,Eyes,0.05633934,0.01968144,-2.624997,-0.7930602,-0.2182109,-0.5687174,0.0,0.0,0.0,0.0,0.0,0.0,0.0,1.343628,-0.3181458,-2.452208,0.009984907,0.01701365,-2.814158,-0.05274015,0.9665422,-0.06882291,-0.2414087,9.120094,207.7287,356.0089,0.02921172,0.007916438,-0.9995416,0.0,0.0,0.0,-1.367607,-0.5410838,-4.266916,0.5592204,-0.2071999,1.991,-0.8778809,-0.06872226,0.4739228,-0.1351801,0.9849637,-0.1075767,-0.4594039,-0.1585044,-0.8739707,moving,54.35503,20.99128,15.68868,-5.941285,-5.618451257359948,2.7294751380627966,47.12164767706797,23.00382411231194,137.42833222943665
1980,05/05/2023 11:22:15.976571,2162,True,True,True,True,Eyes,0.05397777,0.01939003,-2.633544,-0.7880563,-0.2191973,-0.5752564,0.0,0.0,0.0,0.0,0.0,0.0,0.0,1.311481,-0.3173397,-2.480099,0.005844004,0.01547564,-2.82335,-0.05228194,0.9681793,-0.06809358,-0.2350716,8.999949,206.978,355.9811,0.02843653,0.007874402,-0.9995643,0.0,0.0,0.0,-1.348979,-0.5385255,-4.297194,0.5546721,-0.2071999,1.991001,-0.884016,-0.06922286,0.4623031,-0.1332503,0.9852597,-0.1072736,-0.4480628,-0.1564336,-0.8802092,moving,53.87172,20.85898,15.56728,-5.941281,-5.640995086142024,2.73512305825789,46.749161632929,22.914426013139114,137.72804288996988
1981,05/05/2023 11:22:15.996404,2163,True,True,True,True,Eyes,0.05154169,0.01907776,-2.642122,-0.7828813,-0.2201192,-0.5819316,0.0,0.0,0.0,0.0,0.0,0.0,0.0,1.278082,-0.3234164,-2.50685,0.002066102,0.01436467,-2.832344,-0.05186239,0.9697456,-0.0685671,-0.2284788,9.014486,206.1979,355.9791,0.02764215,0.007823085,-0.9995871,0.0,0.0,0.0,-1.328786,-0.5398556,-4.326246,0.5505061,-0.2071998,1.991002,-0.8902158,-0.06925437,0.4502448,-0.1319189,0.9852177,-0.1092864,-0.4360206,-0.1566842,-0.8861923,moving,53.37583,20.71943,15.45596,-5.941275,-5.663926231921407,2.740724362274168,46.35417707083069,22.834769702710652,138.04855224068538
1982,05/05/2023 11:22:16.006253,2164,True,True,True,True,Eyes,0.04903807,0.01875411,-2.650719,-0.7775448,-0.2208935,-0.588753,0.0,0.0,0.0,0.0,0.0,0.0,0.0,1.242798,-0.327242,-2.534422,-0.002245091,0.01354469,-2.841608,-0.05122922,0.9713537,-0.06850103,-0.2217098,8.96282,205.4001,355.9858,0.02682911,0.007762761,-0.9996096,0.0,0.0,0.0,-1.308558,-0.5385777,-4.356225,0.5462085,-0.2072,1.991,-0.8964405,-0.06914869,0.4377358,-0.1298981,0.9853663,-0.1103614,-0.4236988,-0.1557935,-0.8923046,moving,52.86718,20.56552,15.34102,-5.941287,-5.686883074772562,2.745921985052892,45.94369925986423,22.751709994460047,138.37950151477548
1983,05/05/2023 11:22:16.026237,2165,True,True,True,True,Eyes,0.04646046,0.01843799,-2.65935,-0.7720476,-0.2215747,-0.5956905,0.0,0.0,0.0,0.0,0.0,0.0,0.0,1.206554,-0.3279729,-2.561877,-0.006247381,0.0129315,-2.850675,-0.05026738,0.9729936,-0.06778124,-0.2148546,8.829914,204.5963,356.0137,0.02599574,0.007693866,-0.9996321,0.0,0.0,0.0,-1.288082,-0.5341744,-4.386383,0.5420431,-0.2072001,1.991,-0.9026214,-0.06869345,0.4249186,-0.1269459,0.9857577,-0.1103011,-0.4112898,-0.1535017,-0.8984864,moving,52.34722,20.40333,15.22949,-5.941292,-5.7100958006288485,2.750988071747253,45.51664518256793,22.67205298043368,138.72465743856966
1984,05/05/2023 11:22:16.046195,2166,True,True,True,True,Eyes,0.04383773,0.0182365,-2.668016,-0.7663567,-0.2223828,-0.6026966,0.0,0.0,0.0,0.0,0.0,0.0,0.0,1.170254,-0.3309739,-2.588641,-0.01068613,0.01278162,-2.860039,-0.04923521,0.9745374,-0.06738914,-0.2081139,8.733546,203.8081,356.0601,0.02514319,0.007617726,-0.9996545,0.0,0.0,0.0,-1.267884,-0.5303602,-4.415854,0.5376786,-0.2071999,1.991,-0.908529,-0.06791387,0.4122654,-0.1240123,0.9860691,-0.1108534,-0.3989937,-0.1518395,-0.9042946,moving,51.81693,20.25303,15.11249,-5.941285,-5.734561644190343,2.7569235414573834,45.09277163839926,22.588899798047304,139.06972632089088
1985,05/05/2023 11:22:16.056524,2167,True,True,True,True,Eyes,-0.02387002,0.01712216,-2.886048,-0.6013908,-0.2306215,-0.7649463,0.0,0.0,0.0,0.0,0.0,0.0,0.0,1.133974,-0.3418251,-2.613548,-0.014901,0.01530387,-2.869306,-0.04908597,0.9759237,-0.06813798,-0.2012974,8.786716,203.0042,356.0326,0.02427147,0.007539367,-0.9996768,0.0,0.0,0.0,-1.245755,-0.5295721,-4.443932,0.5332232,-0.2071999,1.991001,-0.91414,-0.06837633,0.3995911,-0.1232403,0.9858956,-0.1132332,-0.3862126,-0.1527567,-0.9096733,moving,38.17397,16.77739,14.99292,-5.941283,-6.384502926736566,2.929526310656028,32.457652132947466,23.1448799697597,150.10413690632964
1986,05/05/2023 11:22:16.086245,2168,True,True,True,True,Eyes,-0.02400811,0.01711002,-2.886455,-0.6011357,-0.2302609,-0.7652555,0.0,0.0,0.0,0.0,0.0,0.0,0.0,1.100256,-0.3297191,-2.6404,-0.01974428,0.01897512,-2.879277,-0.04960786,0.9773697,-0.0647345,-0.1951846,8.389657,202.2823,355.8438,0.02008491,0.00734505,-0.9997711,-0.2031233,-0.003343027,-0.6540935,-1.227376,-0.5138953,-4.474443,0.5290236,-0.2072,1.991,-0.918884,-0.07170008,0.3879577,-0.1222408,0.986697,-0.1071737,-0.3751123,-0.1459045,-0.9154248,moving,38.15091,16.74623,14.88009,-5.941286,-6.384276418258237,2.92853182718596,32.5000683956612,23.040116046960666,150.0466319104012
1987,05/05/2023 11:22:16.096411,2169,True,True,True,True,Eyes,-0.02427816,0.01709624,-2.887195,-0.6005131,-0.2299675,-0.7658322,0.0,0.0,0.0,0.0,0.0,0.0,0.0,1.072698,-0.2904832,-2.667017,-0.02386635,0.01849307,-2.88914,-0.04795201,0.978855,-0.05696968,-0.1905204,7.458139,201.7561,355.8261,0.0165777,0.007179234,-0.9998366,-0.1909359,-0.003142446,-0.6148479,-1.21575,-0.4827038,-4.504821,0.524597,-0.2072002,1.990999,-0.922805,-0.07216834,0.3784474,-0.1155839,0.9889101,-0.09325843,-0.3675201,-0.1298018,-0.9209127,moving,38.10111,16.7142,14.76106,-5.941298,-6.385635185020288,2.928177913479547,32.52736576531374,22.93142647608199,150.00217189373475
1988,05/05/2023 11:22:16.106275,2170,True,True,True,True,Eyes,-0.0246724,0.01719122,-2.888299,-0.5994216,-0.2299366,-0.7666962,0.0,0.0,0.0,0.0,0.0,0.0,0.0,1.037625,-0.3086409,-2.688227,-0.02739463,0.01845895,-2.897826,-0.04534972,0.980061,-0.05911323,-0.1841999,7.618474,201.0302,356.1175,0.01363019,0.007037253,-0.999882,-0.1794797,-0.002953899,-0.577957,-1.195248,-0.4853004,-4.528711,0.5200268,-0.2072,1.991,-0.9280276,-0.06711368,0.3664158,-0.1106683,0.988898,-0.0991623,-0.3556927,-0.132576,-0.9251521,moving,38.01915,16.69429,14.63799,-5.941287,-6.389590530054797,2.9292641602285765,32.543017516335645,22.82204681517791,149.96970043035498
1989,05/05/2023 11:22:16.126391,2171,True,True,True,True,Eyes,-0.0251999,0.01738526,-2.889748,-0.5980207,-0.2295925,-0.7678922,0.0,0.0,0.0,0.0,0.0,0.0,0.0,1.000877,-0.3232391,-2.710833,-0.03127655,0.0211588,-2.907478,-0.04301719,0.9813107,-0.06018607,-0.177642,7.666442,200.2773,356.3528,0.01114219,0.00691894,-0.9999138,-0.1687109,-0.002776665,-0.5432796,-1.174543,-0.4819028,-4.55458,0.5158145,-0.2072001,1.991,-0.933186,-0.0630433,0.3538219,-0.1058096,0.9890543,-0.1028392,-0.3434658,-0.1334058,-0.9296422,moving,37.91082,16.64617,14.52446,-5.941289,-6.393675837013246,2.9295907563749823,32.51330709303932,22.721375718644357,149.9762729993823
1990,05/05/2023 11:22:16.146230,2172,True,True,True,True,Eyes,-0.02582756,0.01766934,-2.891512,-0.5962037,-0.2295913,-0.7693042,0.0,0.0,0.0,0.0,0.0,0.0,0.0,0.9651297,-0.3092577,-2.735789,-0.0350875,0.02366503,-2.917167,-0.04150866,0.9826997,-0.05647606,-0.1714314,7.194027,199.5652,356.4045,0.009030357,0.006824125,-0.9999357,-0.1585883,-0.002610065,-0.5106828,-1.155426,-0.4626618,-4.583621,0.511592,-0.2072,1.991,-0.9377766,-0.06221756,0.3416196,-0.1009446,0.9901749,-0.09676626,-0.3322427,-0.1252298,-0.9348435,moving,37.77536,16.61722,14.41053,-5.941285,-6.400420397323019,2.931587314896324,32.47770664261756,22.623516958163087,149.99099490593974
1991,05/05/2023 11:22:16.158218,2173,True,True,True,True,Eyes,-0.02655912,0.0180397,-2.893596,-0.5941516,-0.2295764,-0.7708946,0.0,0.0,0.0,0.0,0.0,0.0,0.0,0.9334714,-0.3159552,-2.755839,-0.03844592,0.02611953,-2.926378,-0.04200665,0.9836401,-0.05678964,-0.1657183,7.21793,198.8935,356.3118,0.007225834,0.006752538,-0.9999509,-0.149073,-0.002453461,-0.4800419,-1.134456,-0.4615295,-4.607181,0.5070784,-0.2072,1.991001,-0.9415458,-0.06381668,0.3307855,-0.101461,0.9900208,-0.09779859,-0.3212433,-0.1256437,-0.9386248,moving,37.62252,16.58381,14.28862,-5.941286,-6.407991235076113,2.9338021108253862,32.432249983915945,22.51925632854675,150.01328995430998
1992,05/05/2023 11:22:16.176607,2174,True,True,True,True,Eyes,-0.02737087,0.01847794,-2.895965,-0.5916885,-0.2298965,-0.7726916,0.0,0.0,0.0,0.0,0.0,0.0,0.0,0.9065447,-0.3197936,-2.774744,-0.04174405,0.02855475,-2.936109,-0.04208863,0.9844484,-0.05657786,-0.1609006,7.177299,198.3305,356.2633,0.005586015,0.006700777,-0.9999617,-0.1401286,-0.002306253,-0.4512393,-1.117029,-0.457851,-4.629323,0.5027823,-0.2072,1.991,-0.944679,-0.06466134,0.3215593,-0.101075,0.990055,-0.09785178,-0.3120341,-0.1249401,-0.9418198,moving,37.44308,16.56916,14.17246,-5.941288,-6.418167515617519,2.937652439472667,32.37656597517878,22.423414655547187,150.04833844678512
1993,05/05/2023 11:22:16.196480,2175,True,True,True,True,Eyes,-0.02824199,0.01897585,-2.898604,-0.5889974,-0.2303535,-0.7746091,0.0,0.0,0.0,0.0,0.0,0.0,0.0,0.8811547,-0.3278431,-2.791759,-0.04450593,0.03066895,-2.94532,-0.04159495,0.9851716,-0.05709662,-0.1563552,7.210039,197.8027,356.2954,0.004082565,0.006668788,-0.9999692,-0.1317209,-0.002167878,-0.424165,-1.100283,-0.4563119,-4.649388,0.4986476,-0.2072001,1.991,-0.9476461,-0.06410161,0.3128232,-0.09981102,0.9900197,-0.09949277,-0.3033234,-0.1255071,-0.9445863,moving,37.24864,16.56144,14.06055,-5.941289,-6.429621808476126,2.9422394445692226,32.31192241720603,22.333029762357377,150.09309731293294
1994,05/05/2023 11:22:16.206144,2176,True,True,True,True,Eyes,-0.02916455,0.01952738,-2.901515,-0.5858672,-0.2309076,-0.7768148,0.0,0.0,0.0,0.0,0.0,0.0,0.0,0.8526049,-0.3489499,-2.807698,-0.04688018,0.03263487,-2.954422,-0.04035681,0.9858657,-0.05976283,-0.1512242,7.472025,197.2092,356.444,0.002700255,0.006656578,-0.999974,-0.1238176,-0.002037806,-0.3987151,-1.080817,-0.461724,-4.66847,0.4943292,-0.2071999,1.991001,-0.9510053,-0.06149763,0.3029971,-0.09764797,0.9895995,-0.1056304,-0.2933498,-0.1300421,-0.9471194,moving,37.02329,16.55454,13.94355,-5.941281,-6.443004268169144,2.947659783050081,32.229433146297204,22.2401632901734,150.1537356143649
1995,05/05/2023 11:22:16.226121,2177,True,True,True,True,Eyes,-0.03012022,0.02008185,-2.904684,-0.5824996,-0.2312946,-0.7792285,0.0,0.0,0.0,0.0,0.0,0.0,0.0,0.8203255,-0.3554292,-2.826469,-0.04903043,0.03451193,-2.963882,-0.03796416,0.9868076,-0.05974855,-0.1456014,7.410417,196.5712,356.6743,0.001425117,0.006663925,-0.9999765,-0.1163886,-0.001915537,-0.3747922,-1.060853,-0.4555933,-4.691066,0.4900386,-0.2072,1.991001,-0.954718,-0.0575277,0.2918977,-0.09232558,0.9899777,-0.1068654,-0.2828244,-0.1289759,-0.9504608,moving,36.77935,16.53221,13.82719,-5.941285,-6.456711922372401,2.9527713203519275,32.12257191105072,22.148158276164068,150.23483553834754
1996,05/05/2023 11:22:16.246421,2178,True,True,True,True,Eyes,-0.03105674,0.02060477,-2.908105,-0.5786146,-0.2318471,-0.7819541,0.0,0.0,0.0,0.0,0.0,0.0,0.0,0.7837252,-0.3567207,-2.846434,-0.05086802,0.03511551,-2.973187,-0.03493848,0.9878714,-0.0589917,-0.1393184,7.255116,195.8621,356.9609,0.0002458952,0.006688878,-0.9999772,-0.1094053,-0.001800605,-0.3523046,-1.038684,-0.447121,-4.715204,0.4857363,-0.2071999,1.991001,-0.9587395,-0.05259217,0.2793795,-0.0854667,0.9905986,-0.1068173,-0.2711352,-0.1262876,-0.9542208,moving,36.49995,16.51494,13.71039,-5.941284,-6.472847443356965,2.9590484013024065,31.9944689177954,22.05853554859434,150.33603051658872
1997,05/05/2023 11:22:16.256557,2179,True,True,True,True,Eyes,-0.03200363,0.02109706,-2.911763,-0.5744478,-0.2323603,-0.7848684,0.0,0.0,0.0,0.0,0.0,0.0,0.0,0.7434897,-0.3642599,-2.865854,-0.05250252,0.03487843,-2.982383,-0.03193149,0.9888932,-0.05946875,-0.132417,7.242725,195.0802,357.261,-0.0008463128,0.006728488,-0.9999766,-0.1028409,-0.001692569,-0.3311664,-1.013601,-0.4442675,-4.738946,0.4814459,-0.2072,1.991001,-0.9628922,-0.04740432,0.2656904,-0.07890302,0.9908877,-0.1091599,-0.2580947,-0.126073,-0.9578584,moving,36.20052,16.49139,13.59381,-5.941285,-6.489875488044256,2.965519006894029,31.847892311418743,21.970106517718637,150.45337199708558
1998,05/05/2023 11:22:16.280991,2180,True,True,True,True,Eyes,-0.03290328,0.02157823,-2.915651,-0.5698292,-0.2329888,-0.7880424,0.0,0.0,0.0,0.0,0.0,0.0,0.0,0.7016143,-0.3733788,-2.884896,-0.05380683,0.03464524,-2.991689,-0.02914132,0.9898677,-0.06026959,-0.1252218,7.274092,194.2632,357.5388,-0.001860461,0.006780141,-0.9999749,-0.09667048,-0.001591015,-0.3112964,-0.9865877,-0.4431113,-4.762636,0.4770459,-0.2072001,1.991,-0.9669405,-0.04259795,0.2514187,-0.07278621,0.9910368,-0.1120196,-0.2443933,-0.1266161,-0.9613741,moving,35.87049,16.47059,13.47413,-5.941291,-6.508913933979958,2.9729131827908897,31.684212964941402,21.881158129309785,150.58631107311393
1999,05/05/2023 11:22:16.296443,2181,True,True,True,True,Eyes,-0.03378853,0.02206833,-2.91976,-0.5649256,-0.233479,-0.7914206,0.0,0.0,0.0,0.0,0.0,0.0,0.0,0.6580334,-0.3827847,-2.903432,-0.05464931,0.034885,-3.000874,-0.02694074,0.9908007,-0.06113418,-0.1176894,7.324276,193.4037,357.7467,-0.002802083,0.006842121,-0.9999723,-0.09087025,-0.001495554,-0.2926186,-0.9572482,-0.4427194,-4.786264,0.4726515,-0.2072,1.990999,-0.9708467,-0.03899611,0.2365075,-0.06777548,0.9910736,-0.1148023,-0.2299194,-0.1274849,-0.9648235,moving,35.5197,16.43672,13.35448,-5.941289,-6.528533597620456,2.9801741819733487,31.497178674485767,21.79281383921007,150.73904296109376
2000,05/05/2023 11:22:16.306275,2182,True,True,True,True,Eyes,-0.03470289,0.02253232,-2.924073,-0.5595555,-0.2337085,-0.7951591,0.0,0.0,0.0,0.0,0.0,0.0,0.0,0.6146911,-0.380925,-2.922879,-0.05530635,0.03557286,-3.010289,-0.02520678,0.9917675,-0.06010435,-0.1102249,7.167815,192.5507,357.8774,-0.003678073,0.006913611,-0.9999691,-0.08541803,-0.00140582,-0.2750615,-0.9277157,-0.435502,-4.811186,0.4682175,-0.2072,1.991,-0.9744304,-0.03674853,0.2216651,-0.06324852,0.9915042,-0.1136623,-0.2156049,-0.1247759,-0.968476,moving,35.13415,16.37881,13.23362,-5.941288,-6.549013455651105,2.987102524426411,31.270113351417578,21.7041181299152,150.9255489321093
2001,05/05/2023 11:22:16.326090,2183,True,True,True,True,Eyes,-0.03557291,0.02293986,-2.928568,-0.5539172,-0.2338092,-0.7990676,0.0,0.0,0.0,0.0,0.0,0.0,0.0,0.571768,-0.3660153,-2.943186,-0.05573411,0.03543113,-3.019746,-0.02276284,0.9927913,-0.05701012,-0.1029427,6.770046,191.7255,358.0691,-0.004496392,0.006992719,-0.9999651,-0.08029295,-0.001321471,-0.2585578,-0.8994405,-0.4204422,-4.837071,0.4640232,-0.2071999,1.991001,-0.9777694,-0.03345995,0.2069967,-0.05693506,0.9924634,-0.1085118,-0.2018059,-0.1178848,-0.9723054,moving,34.72987,16.30961,13.11918,-5.941282,-6.57004400261506,2.993936246715528,31.01812562150982,21.621833107800807,151.13446747327467
2002,05/05/2023 11:22:16.346448,2184,True,True,True,True,Eyes,-0.03637718,0.02332124,-2.933233,-0.5478723,-0.2341092,-0.8031368,0.0,0.0,0.0,0.0,0.0,0.0,0.0,0.5257174,-0.3650742,-2.960943,-0.05565963,0.03447119,-3.028623,-0.01953144,0.9936734,-0.05638009,-0.09514799,6.647666,190.8451,358.3796,-0.005261505,0.007076717,-0.9999608,-0.07547537,-0.001242183,-0.2430443,-0.8684882,-0.4146494,-4.860538,0.4596704,-0.2071999,1.991001,-0.9811308,-0.02808683,0.1912944,-0.04954464,0.9928796,-0.10833,-0.1868897,-0.1157635,-0.9755363,moving,34.30046,16.25106,13.00032,-5.941282,-6.593165334467189,3.001955310815008,30.760299209607243,21.538016648464513,151.34941296850997
2003,05/05/2023 11:22:16.356482,2185,True,True,True,True,Eyes,-0.03711756,0.02369749,-2.938053,-0.5415217,-0.2344036,-0.807347,0.0,0.0,0.0,0.0,0.0,0.0,0.0,0.4767004,-0.3799106,-2.976212,-0.05525828,0.03428179,-3.037298,-0.01654828,0.994378,-0.05831201,-0.08682349,6.825272,189.9018,358.6851,-0.00597463,0.00716395,-0.9999563,-0.07094685,-0.001167652,-0.2284617,-0.8344002,-0.4183822,-4.881824,0.4552268,-0.2072,1.991,-0.9843759,-0.02278479,0.1746007,-0.0430362,0.9926517,-0.1130948,-0.1707408,-0.1188419,-0.978123,moving,33.85143,16.19003,12.87886,-5.941288,-6.617353322421614,3.0103506994977387,30.490062788095795,21.453068995360912,151.57519534183277
2004,05/05/2023 11:22:16.376627,2186,True,True,True,True,Eyes,-0.03775939,0.02405304,-2.943015,-0.5348535,-0.2348224,-0.8116589,0.0,0.0,0.0,0.0,0.0,0.0,0.0,0.4271896,-0.3870301,-2.991513,-0.05459367,0.03454447,-3.045859,-0.0141706,0.995074,-0.05897089,-0.07841758,6.868052,188.9462,358.9062,-0.006639825,0.007253975,-0.9999514,-0.06669004,-0.001097593,-0.214754,-0.7992228,-0.4177639,-4.903575,0.45072,-0.2072,1.991001,-0.9872998,-0.01895288,0.1577339,-0.03745029,0.9926433,-0.1151384,-0.1543913,-0.1195833,-0.9807463,moving,33.38342,16.13577,12.75554,-5.941286,-6.6430536773538655,3.019576555547713,30.21433161467478,21.368259039952,151.80642075873655
2005,05/05/2023 11:22:16.396514,2187,True,True,True,True,Eyes,-0.03832057,0.02439021,-2.948093,-0.527903,-0.2354303,-0.8160214,0.0,0.0,0.0,0.0,0.0,0.0,0.0,0.3788952,-0.3949191,-3.005363,-0.05372516,0.03444195,-3.054121,-0.01236885,0.9956558,-0.05989506,-0.07020899,6.950196,188.0103,359.0638,-0.007258343,0.007345732,-0.9999465,-0.06268863,-0.001031737,-0.2018687,-0.7643098,-0.4193752,-4.923761,0.4465621,-0.2071999,1.991001,-0.9898356,-0.0162199,0.1412896,-0.03304058,0.9925192,-0.1175329,-0.1383263,-0.1210065,-0.9829667,moving,32.89975,16.09338,12.64167,-5.941283,-6.670331177561284,3.0298072813240147,29.931858926735057,21.2939862477131,152.0458628361485
2006,05/05/2023 11:22:16.406216,2188,True,True,True,True,Eyes,-0.03882307,0.02474047,-2.953274,-0.5206451,-0.2363108,-0.8204181,0.0,0.0,0.0,0.0,0.0,0.0,0.0,0.3312089,-0.4161068,-3.016127,-0.05247844,0.03438929,-3.062014,-0.01048565,0.9960225,-0.06303273,-0.06209752,7.288546,187.087,359.2456,-0.007831722,0.007438315,-0.9999414,-0.05892732,-0.0009698331,-0.1897566,-0.7287891,-0.4294833,-4.940818,0.4421106,-0.2071999,1.991001,-0.9920679,-0.01305952,0.1250229,-0.02871623,0.9918339,-0.1242618,-0.1223792,-0.1268663,-0.9843417,moving,32.3996,16.06836,12.51965,-5.941284,-6.699524061055845,3.041343654140669,29.658672273202587,21.214717795956997,152.27716799229427
2007,05/05/2023 11:22:16.426410,2189,True,True,True,True,Eyes,-0.03923178,0.02508719,-2.958555,-0.5131484,-0.2372076,-0.8248705,0.0,0.0,0.0,0.0,0.0,0.0,0.0,0.2844342,-0.4351064,-3.026092,-0.05088137,0.03514221,-3.069792,-0.008685195,0.9963318,-0.06570425,-0.05413511,7.577482,186.1811,359.4108,-0.00836172,0.007531899,-0.9999365,-0.05539168,-0.0009116431,-0.1783712,-0.6936823,-0.4372487,-4.957252,0.4379911,-0.2071999,1.991,-0.9939879,-0.01019286,0.1090144,-0.02442049,0.991215,-0.1299861,-0.1067318,-0.1318668,-0.9855047,moving,31.88557,16.04362,12.40662,-5.941285,-6.729578156399883,3.0532497441744035,29.372870832819952,21.144638449147408,152.52059472637688
2008,05/05/2023 11:22:16.446120,2190,True,True,True,True,Eyes,-0.03955047,0.02540629,-2.963908,-0.5053864,-0.2381942,-0.8293661,0.0,0.0,0.0,0.0,0.0,0.0,0.0,0.2384095,-0.4434595,-3.036618,-0.04915729,0.03542062,-3.077478,-0.00673254,0.9966717,-0.06672367,-0.04634955,7.679249,185.2971,359.5817,-0.008850596,0.007626404,-0.9999315,-0.05206818,-0.0008569445,-0.1676689,-0.6590109,-0.4391052,-4.974312,0.4336576,-0.2072,1.991001,-0.9956129,-0.007235039,0.093289,-0.01960548,0.9910052,-0.1323791,-0.09149212,-0.1336273,-0.9867996,moving,31.35666,16.02408,12.28762,-5.941285,-6.760812284989502,3.065801434909857,29.087893462827886,21.07060460835824,152.76252309850187
2009,05/05/2023 11:22:16.456806,2191,True,True,True,True,Eyes,-0.04473291,0.03269197,-3.099088,-0.2924422,-0.2602642,-0.9201848,0.0,0.0,0.0,0.0,0.0,0.0,0.0,0.1923692,-0.4557252,-3.04525,-0.04699955,0.03511728,-3.084607,-0.004652808,0.9968941,-0.0685135,-0.0385558,7.871982,184.4138,359.769,-0.009298818,0.00772065,-0.9999267,-0.04894409,-0.0008055278,-0.1576088,-0.6237452,-0.4445307,-4.989494,0.4292744,-0.2072001,1.991001,-0.9969838,-0.003993529,0.07750966,-0.0145599,0.9905685,-0.1362426,-0.07623453,-0.1369602,-0.9876388,moving,17.63068,15.79298,12.16714,-5.941286,-7.585846393957767,3.40557523501775,22.410457110250025,21.852786697045257,158.41531322320142
2010,05/05/2023 11:22:16.476376,2192,True,True,True,True,Eyes,-0.04461141,0.03268908,-3.09935,-0.2917959,-0.2603792,-0.9203574,0.0,0.0,0.0,0.0,0.0,0.0,0.0,0.1450869,-0.473708,-3.051895,-0.04465422,0.03478741,-3.091327,-0.002580769,0.9969845,-0.07127469,-0.0305795,8.179649,183.5104,359.9544,-0.009880131,0.008022588,-0.9999188,-0.06155474,0.02109983,-0.553693,-0.587487,-0.4539132,-5.002894,0.4249346,-0.2071999,1.991001,-0.9981165,-0.0007868852,0.06134247,-0.009505063,0.9898265,-0.1419617,-0.06060669,-0.1422774,-0.9879698,moving,17.59103,15.79679,12.04774,-5.941281,-7.588464302032687,3.406784501141524,22.433720039822663,21.747800992394595,158.38627528173717
2011,05/05/2023 11:22:16.496600,2193,True,True,True,True,Eyes,-0.04437298,0.03266686,-3.099849,-0.2906074,-0.2606627,-0.9206532,0.0,0.0,0.0,0.0,0.0,0.0,0.0,0.09839794,-0.4911155,-3.057595,-0.04192712,0.03476162,-3.097869,-0.001063138,0.9970062,-0.07392584,-0.02263776,8.479594,182.6067,0.07108582,-0.01035771,0.00828241,-0.9999118,-0.05786145,0.01983384,-0.5204714,-0.5505791,-0.4632443,-5.01548,0.4206562,-0.2071999,1.991001,-0.998973,0.001227118,0.04529715,-0.005466941,0.9890677,-0.1473609,-0.04498278,-0.1474572,-0.9880452,moving,17.51848,15.8083,11.92993,-5.941281,-7.593492291643732,3.4092280407879567,22.4560941567776,21.647079186340793,158.35615949569322
2012,05/05/2023 11:22:16.506109,2194,True,True,True,True,Eyes,-0.0440303,0.03263693,-3.10057,-0.2885215,-0.2606809,-0.9213039,0.0,0.0,0.0,0.0,0.0,0.0,0.0,0.05255068,-0.5066869,-3.062438,-0.03900242,0.03431436,-3.104081,0.0001577514,0.9969695,-0.07637029,-0.01481565,8.758676,181.7142,0.1494224,-0.01075335,0.008507929,-0.9999058,-0.05438977,0.01864381,-0.4892431,-0.5133591,-0.4725719,-5.027148,0.416078,-0.2072,1.991001,-0.9995611,0.002577498,0.02951741,-0.001948405,0.9883351,-0.1522824,-0.0295656,-0.152273,-0.9878964,moving,17.38881,15.79875,11.80376,-5.941286,-7.600900373994884,3.412063163064276,22.44597845458727,21.54126237703544,158.35341761754518
2013,05/05/2023 11:22:16.526046,2195,True,True,True,True,Eyes,-0.04355915,0.03259994,-3.101501,-0.2859212,-0.2608249,-0.9220735,0.0,0.0,0.0,0.0,0.0,0.0,0.0,0.005943835,-0.525274,-3.065879,-0.03569997,0.03410657,-3.110165,0.001252521,0.9968281,-0.07928161,-0.006834854,9.093331,180.8022,0.2077795,-0.01109786,0.008709582,-0.9998995,-0.05112638,0.01752518,-0.4598885,-0.47533,-0.4836773,-5.037667,0.4118515,-0.2071999,1.991002,-0.9999037,0.003580853,0.01342774,0.00141334,0.9874257,-0.1580774,-0.01382495,-0.1580432,-0.9873356,moving,17.22788,15.7945,11.68717,-5.941281,-7.610492743092981,3.415968473235573,22.430863625461704,21.446629223505646,158.35399913658512
2014,05/05/2023 11:22:16.546277,2196,True,True,True,True,Eyes,-0.04296683,0.03254536,-3.102639,-0.2826434,-0.2604274,-0.9231957,0.0,0.0,0.0,0.0,0.0,0.0,0.0,-0.04115456,-0.5356222,-3.06981,-0.03227063,0.03392513,-3.116108,0.001985593,0.9967226,-0.08086086,0.00124863,9.276363,179.8741,0.2180691,-0.01139231,0.008889564,-0.9998941,-0.0480588,0.01647367,-0.4322952,-0.436432,-0.4899752,-5.048813,0.4076203,-0.2072001,1.991,-0.999989,0.00375624,-0.002810189,0.004160101,0.9869151,-0.1611867,0.002167962,-0.1611967,-0.9869199,moving,17.02237,15.75341,11.57036,-5.941289,-7.620873445103227,3.419141505348233,22.369273071351714,21.35230901775971,158.39657279381726
2015,05/05/2023 11:22:16.566205,2197,True,True,True,True,Eyes,-0.04221899,0.03246463,-3.103981,-0.2788496,-0.2599811,-0.9244744,0.0,0.0,0.0,0.0,0.0,0.0,0.0,-0.08822315,-0.532177,-3.075566,-0.02825338,0.03339189,-3.122208,0.002368255,0.9967268,-0.08025919,0.009428237,9.209079,178.9311,0.186182,-0.01163772,0.009049407,-0.9998896,-0.04517527,0.01548525,-0.4063575,-0.3960992,-0.4884776,-5.061795,0.4032938,-0.2072,1.991,-0.9998112,0.0032076,-0.01917489,0.00623441,0.9871057,-0.1599483,0.0184146,-0.1600376,-0.9869394,moving,16.78491,15.70707,11.45081,-5.941286,-7.6329276462420195,3.422865734063019,22.29582786784864,21.257384134675423,158.44875528170135
2016,05/05/2023 11:22:16.577286,2198,True,True,True,True,Eyes,-0.04132723,0.03236803,-3.105508,-0.274404,-0.2592934,-0.9259964,0.0,0.0,0.0,0.0,0.0,0.0,0.0,-0.1371639,-0.5248988,-3.081307,-0.02390753,0.03266608,-3.12844,0.002352621,0.9967046,-0.07906757,0.01796714,9.073338,177.943,0.1072533,-0.01183391,0.009190216,-0.9998859,-0.04246475,0.01455614,-0.381976,-0.3534875,-0.4851816,-5.075056,0.3988502,-0.2071998,1.991002,-0.9993434,0.0018485,-0.03618789,0.007530972,0.9874856,-0.1575295,0.03544383,-0.1576985,-0.9868512,moving,16.50634,15.64307,11.32791,-5.941277,-7.646563669629363,3.4267444738168926,22.196850512658525,21.161060402856762,158.52322056721454
2017,05/05/2023 11:22:16.596269,2199,True,True,True,True,Eyes,-0.04026983,0.03222992,-3.10723,-0.2695018,-0.258343,-0.9277002,0.0,0.0,0.0,0.0,0.0,0.0,0.0,-0.1847589,-0.5206326,-3.08545,-0.01949739,0.0324088,-3.134288,0.002616644,0.9965799,-0.07831334,0.02624695,8.988044,176.9877,0.06406502,-0.0119811,0.009313324,-0.999883,-0.03991687,0.01368277,-0.3590575,-0.3112606,-0.4828626,-5.086569,0.3937206,-0.2071998,1.991001,-0.9986088,0.001104417,-0.0527242,0.009326362,0.9877204,-0.1559536,0.05190453,-0.1562283,-0.9863565,moving,16.19886,15.56129,11.18593,-5.94128,-7.661031151056977,3.4304591720272724,22.07917534215895,21.048454568874202,158.6138002801822
2018,05/05/2023 11:22:16.606475,2200,True,True,True,True,Eyes,-0.03907153,0.03205367,-3.109112,-0.2641168,-0.2571217,-0.9295863,0.0,0.0,0.0,0.0,0.0,0.0,0.0,-0.2308235,-0.493656,-3.093226,-0.01459751,0.03120915,-3.140674,0.001787678,0.9966622,-0.07400537,0.03441923,8.49017,176.0376,359.9113,-0.01207881,0.009419104,-0.9998809,-0.03752185,0.0128618,-0.337514,-0.2698229,-0.4682684,-5.101499,0.3904322,-0.2071999,1.991001,-0.9976245,-0.001530992,-0.06887327,0.008657836,0.98904,-0.1473936,0.06834408,-0.1476398,-0.9866773,moving,15.86107,15.46134,11.09483,-5.941281,-7.67639503838328,3.4340258447139664,21.92690651704524,20.982260790347826,158.73803760770926
2019,05/05/2023 11:22:16.626046,2201,True,True,True,True,Eyes,-0.03770794,0.03182061,-3.111147,-0.2584031,-0.2559334,-0.9315181,0.0,0.0,0.0,0.0,0.0,0.0,0.0,-0.2742071,-0.481495,-3.09736,-0.009740654,0.02977107,-3.146376,0.00120323,0.9965037,-0.0721501,0.04211045,8.273414,175.145,359.787,-0.01212744,0.009508017,-0.9998796,-0.03527054,0.0120901,-0.3172632,-0.229397,-0.4631901,-5.112278,0.3860226,-0.2071999,1.991001,-0.9964506,-0.0036785,-0.08410007,0.008474592,0.9895858,-0.1436944,0.08375282,-0.143897,-0.9860423,moving,15.50401,15.36287,10.97258,-5.941281,-7.693011758366962,3.4381613175154637,21.78074166955067,20.889668591856996,158.8549465208392
2020,05/05/2023 11:22:16.646403,2202,True,True,True,True,Eyes,-0.03615987,0.03153424,-3.113326,-0.2522859,-0.2549418,-0.9334648,0.0,0.0,0.0,0.0,0.0,0.0,0.0,-0.3130336,-0.4774809,-3.10008,-0.004524376,0.02816831,-3.152088,0.0007911839,0.9962218,-0.07163375,0.04909395,8.210127,174.3348,359.6841,-0.01212657,0.009579879,-0.9998791,-0.03315431,0.01136469,-0.2982274,-0.1915622,-0.46331,-5.120874,0.3816218,-0.2071998,1.991001,-0.9951785,-0.005457177,-0.09793026,0.008609954,0.989736,-0.1426485,0.09770356,-0.1428039,-0.9849169,moving,15.1239,15.27571,10.85047,-5.94128,-7.711626991606918,3.443462435444672,21.643079000571984,20.79963546087908,158.96297972642773
2021,05/05/2023 11:22:16.656657,2203,True,True,True,True,Eyes,-0.03443697,0.03120358,-3.115633,-0.2459453,-0.2540781,-0.9353904,0.0,0.0,0.0,0.0,0.0,0.0,0.0,-0.3478589,-0.4798918,-3.101728,0.001211509,0.02660327,-3.157738,0.0007027962,0.9958491,-0.07215481,0.05547846,8.267136,173.5951,359.6175,-0.01207523,0.00963465,-0.9998792,-0.03116505,0.01068281,-0.2803338,-0.1557923,-0.4672138,-5.127704,0.3771735,-0.2071999,1.991001,-0.9938433,-0.006606319,-0.1105978,0.009405834,0.9895864,-0.1436326,0.1103949,-0.1437886,-0.9834316,moving,14.73153,15.19647,10.72695,-5.941282,-7.731405005842494,3.4494804167974014,21.5137449224886,20.709835544746493,159.06289503063547
2022,05/05/2023 11:22:16.676395,2204,True,True,True,True,Eyes,-0.03254176,0.03083792,-3.118079,-0.2393344,-0.2533741,-0.9372943,0.0,0.0,0.0,0.0,0.0,0.0,0.0,-0.380812,-0.4854833,-3.102472,0.007033557,0.02522592,-3.163125,0.001013583,0.995418,-0.07318176,0.06153456,8.384628,172.8955,359.5952,-0.01197288,0.00967259,-0.9998802,-0.02929515,0.01004184,-0.2635137,-0.1217575,-0.4726835,-5.133302,0.3729444,-0.2071998,1.991,-0.9924249,-0.006988537,-0.1226536,0.01102429,0.9892868,-0.1455681,0.1223569,-0.1458176,-0.9817159,moving,14.32417,15.12693,10.60942,-5.941283,-7.752605583778642,3.456375724207099,21.393199072973378,20.62716589927,159.15429548894164
2023,05/05/2023 11:22:16.696459,2205,True,True,True,True,Eyes,-0.03045495,0.03043979,-3.120646,-0.2325797,-0.2526008,-0.9392015,0.0,0.0,0.0,0.0,0.0,0.0,0.0,-0.408988,-0.4818672,-3.105255,0.01342807,0.0240079,-3.168804,0.001073874,0.9951071,-0.07268721,0.0669114,8.326095,172.2744,359.5605,-0.01181913,0.009694232,-0.9998818,-0.02753744,0.009439329,-0.2477029,-0.08945233,-0.4721098,-5.14013,0.3685497,-0.2072,1.991,-0.9910433,-0.007589967,-0.1333241,0.01186444,0.9894308,-0.1445194,0.1330119,-0.1448068,-0.9804789,moving,13.90867,15.05363,10.48719,-5.941287,-7.77410557670721,3.463288235746482,21.271884383554013,20.54071448379248,159.24658056341312
2024,05/05/2023 11:22:16.706325,2206,True,True,True,True,Eyes,-0.02820052,0.03000112,-3.123342,-0.2255914,-0.2519136,-0.9410888,0.0,0.0,0.0,0.0,0.0,0.0,0.0,-0.4356634,-0.4725651,-3.108654,0.02002823,0.02280906,-3.174259,0.0009997565,0.9948483,-0.07128136,0.07207625,8.161995,171.6782,359.5204,-0.01161304,0.009700148,-0.9998841,-0.02588519,0.008872969,-0.2328407,-0.05738536,-0.4679673,-5.147223,0.3638992,-0.2072001,1.991,-0.9896082,-0.008286173,-0.1435524,0.0122646,0.989836,-0.1416841,0.1432673,-0.1419724,-0.9794481,moving,13.48019,14.98577,10.35774,-5.941288,-7.796682299400742,3.470809896433693,21.158720437159335,20.449220910270164,159.33081239472196
2025,05/05/2023 11:22:16.726376,2207,True,True,True,True,Eyes,0.0335658,0.01827582,-3.193079,-0.04523064,-0.2285272,-0.9724863,0.0,0.0,0.0,0.0,0.0,0.0,0.0,-0.4588436,-0.457175,-3.113406,0.02717344,0.02134941,-3.179881,0.000882996,0.9946637,-0.06894345,0.07674859,7.890865,171.1404,359.4895,-0.01135456,0.009690595,-0.999887,-0.02433208,0.008340591,-0.2188703,-0.02725054,-0.4603943,-5.155096,0.3598469,-0.2071999,1.991002,-0.9882179,-0.008826058,-0.1527998,0.01233919,0.9904921,-0.1370156,0.1525563,-0.1372866,-0.9787132,moving,2.662925,13.22415,10.24485,-5.941279,-8.364107858431556,3.658234749208508,20.610658782767377,20.939053865877625,159.50842863165155
2026,05/05/2023 11:22:16.746490,2208,True,True,True,True,Eyes,0.03389438,0.01825603,-3.193279,-0.04456042,-0.2285104,-0.9725211,0.0,0.0,0.0,0.0,0.0,0.0,0.0,-0.4807313,-0.4469326,-3.116782,0.03475706,0.02012894,-3.184897,0.0007984813,0.9944086,-0.06740636,0.08128516,7.71171,170.6173,359.4582,-0.009168259,0.009294073,-0.9999134,0.1624268,-0.02733575,-0.4149518,0.002985235,-0.4556891,-5.161258,0.3555243,-0.2072,1.991001,-0.9867842,-0.009370243,-0.161769,0.01254631,0.9909115,-0.1339291,0.1615537,-0.1341887,-0.9776983,moving,2.623428,13.22276,10.12435,-5.941284,-8.366443930133507,3.659175580782712,20.579708775490968,20.834545455298628,159.5367268135061
2027,05/05/2023 11:22:16.756327,2209,True,True,True,True,Eyes,0.03454976,0.01819211,-3.193661,-0.04347019,-0.2283823,-0.9726006,0.0,0.0,0.0,0.0,0.0,0.0,0.0,-0.5041564,-0.4425004,-3.118875,0.04288965,0.01960735,-3.189849,0.0003325034,0.9940478,-0.06665839,0.08617214,7.618738,170.0494,359.3741,-0.007190114,0.008936469,-0.9999329,0.1526812,-0.0256956,-0.3900547,0.03544126,-0.4535212,-5.166315,0.3511532,-0.2072,1.991001,-0.9851487,-0.01082714,-0.1713628,0.01214924,0.9911131,-0.1324659,0.1712741,-0.1325805,-0.9762622,moving,2.55912,13.21457,10.0024,-5.941283,-8.369936867307292,3.6604059292880304,20.5511343072836,20.730055288412302,159.56246253775032
2028,05/05/2023 11:22:16.776538,2210,True,True,True,True,Eyes,0.03552422,0.01809456,-3.194211,-0.04158261,-0.2282542,-0.9727132,0.0,0.0,0.0,0.0,0.0,0.0,0.0,-0.5315827,-0.4322392,-3.120717,0.05129401,0.01846159,-3.194576,-0.0001234183,0.9936551,-0.06509484,0.09171926,7.431511,169.4068,359.2958,-0.005389461,0.008612544,-0.9999471,0.1435203,-0.02415387,-0.3666514,0.07095228,-0.4487251,-5.171584,0.3466922,-0.2071998,1.991001,-0.9831752,-0.01218617,-0.1822585,0.01169563,0.9915254,-0.1293863,0.1822907,-0.129341,-0.9747006,moving,2.447853,13.20594,9.877851,-5.941281,-8.376270766670226,3.662816540144004,20.538279925613175,20.626479365927278,159.57217955286737
2029,05/05/2023 11:22:16.796168,2211,True,True,True,True,Eyes,0.03681324,0.01798194,-3.194932,-0.03929552,-0.2280951,-0.9728456,0.0,0.0,0.0,0.0,0.0,0.0,0.0,-0.5618443,-0.4318655,-3.120306,0.05984023,0.01755314,-3.199155,-0.000260928,0.993084,-0.06508718,0.09771437,7.424696,168.7113,359.2351,-0.003738625,0.008317851,-0.9999572,0.1349091,-0.02270463,-0.3446523,0.1078851,-0.4497077,-5.174919,0.3424417,-0.2071999,1.991001,-0.980904,-0.01323815,-0.1940432,0.01220166,0.9915271,-0.129325,0.1941111,-0.129223,-0.9724314,moving,2.313054,13.19533,9.759087,-5.941281,-8.383936116653805,3.66572909818808,20.534198012155482,20.52958671863908,159.5731729651482
2030,05/05/2023 11:22:16.806525,2212,True,True,True,True,Eyes,0.03841915,0.01786456,-3.195827,-0.03630977,-0.2279048,-0.9730061,0.0,0.0,0.0,0.0,0.0,0.0,0.0,-0.5915536,-0.4283908,-3.120366,0.06857744,0.01707176,-3.203926,-0.0006139023,0.9925208,-0.06450076,0.1036428,7.348804,168.023,359.1572,-0.002213043,0.008049004,-0.999964,0.1268146,-0.02134236,-0.3239732,0.1450711,-0.4480031,-5.178548,0.3380276,-0.2071998,1.991002,-0.9785158,-0.0145887,-0.2056561,0.01215145,0.9916785,-0.1281639,0.2058145,-0.1279094,-0.9701959,moving,2.137121,13.1826,9.635665,-5.941278,-8.393999123151556,3.669587278233736,20.541442789609984,20.431287766316082,159.56263760593333
2031,05/05/2023 11:22:16.826523,2213,True,True,True,True,Eyes,0.04033853,0.01771212,-3.19689,-0.03300343,-0.2274579,-0.9732285,0.0,0.0,0.0,0.0,0.0,0.0,0.0,-0.6203414,-0.4137511,-3.122167,0.07766158,0.01680225,-3.208991,-0.001162231,0.9920498,-0.06209959,0.1094514,7.062811,167.3516,359.082,-0.0007901699,0.007803208,-0.9999682,0.1192057,-0.02006182,-0.3045348,0.1821099,-0.4389157,-5.183808,0.3338713,-0.2071998,1.991002,-0.9760383,-0.01589976,-0.2170181,0.01128779,0.9922846,-0.1234662,0.2173068,-0.1229573,-0.9683283,moving,1.942229,13.15475,9.519363,-5.941277,-8.404426074884322,3.673161876614272,20.544371658405254,20.339607904605597,159.55657841225525
2032,05/05/2023 11:22:16.846273,2214,True,True,True,True,Eyes,0.0425855,0.01754158,-3.198092,-0.02909053,-0.2270686,-0.9734442,0.0,0.0,0.0,0.0,0.0,0.0,0.0,-0.6467191,-0.3910814,-3.1252,0.0870233,0.01572631,-3.214069,-0.001519614,0.9916498,-0.05858251,0.1148766,6.651934,166.7289,359.0497,0.0005506328,0.007576923,-0.9999701,0.1120533,-0.01885811,-0.2862627,0.2178672,-0.4261138,-5.189761,0.329668,-0.2071999,1.991002,-0.9736024,-0.01647337,-0.2276567,0.01044567,0.9931315,-0.1165358,0.2280128,-0.1158375,-0.9667432,moving,1.711725,13.13021,9.401674,-5.94128,-8.417198455458104,3.6778168915880034,20.56348818762763,20.249425685526035,159.5343875026839
2033,05/05/2023 11:22:16.856544,2215,True,True,True,True,Eyes,0.04513912,0.01751738,-3.199436,-0.02489197,-0.2269071,-0.9735983,0.0,0.0,0.0,0.0,0.0,0.0,0.0,-0.6725906,-0.3856848,-3.1254,0.09672393,0.0151312,-3.218644,-0.001468873,0.9910583,-0.05775408,0.1202741,6.552985,166.1054,359.0308,0.001826868,0.007367759,-0.9999703,0.1053301,-0.01772662,-0.2690869,0.2535748,-0.4233685,-5.192456,0.3252732,-0.2072,1.991001,-0.9710642,-0.01680412,-0.2382277,0.01098117,0.9933246,-0.1148287,0.238567,-0.114122,-0.9643974,moving,1.464561,13.11918,9.278537,-5.941283,-8.431694914976406,3.6835858111307,20.599987152980095,20.15664689658787,159.49493826215075
2034,05/05/2023 11:22:16.876693,2216,True,True,True,True,Eyes,0.04801112,0.0176308,-3.200971,-0.02017155,-0.2264064,-0.973824,0.0,0.0,0.0,0.0,0.0,0.0,0.0,-0.6977118,-0.4070143,-3.122418,0.1065311,0.01869245,-3.223392,-0.002792543,0.9902298,-0.0603354,0.1256852,6.822268,165.4616,358.8056,0.003054855,0.00717849,-0.9999688,0.09901033,-0.01666302,-0.2529417,0.2902292,-0.430144,-5.191809,0.3207024,-0.2071999,1.991002,-0.9683911,-0.02069705,-0.2485775,0.009636013,0.9927036,-0.1201938,0.2492514,-0.1187899,-0.9611259,moving,1.186641,13.0883,9.150373,-5.941281,-8.447026941791695,3.689132668381824,20.628765847800615,20.060243072692955,159.46330869791186
2035,05/05/2023 11:22:16.896476,2217,True,True,True,True,Eyes,0.05117274,0.01772842,-3.202635,-0.01531119,-0.2254885,-0.9741256,0.0,0.0,0.0,0.0,0.0,0.0,0.0,-0.7155553,-0.369197,-3.129851,0.116688,0.02203518,-3.22958,-0.006841952,0.9900529,-0.05340277,0.1299868,5.967505,164.9581,358.4196,0.004248702,0.007011467,-0.9999656,0.09306971,-0.01566324,-0.2377652,0.3247662,-0.3996385,-5.200894,0.3164909,-0.2071999,1.991001,-0.9661134,-0.0274311,-0.2566568,0.0003355183,0.9942026,-0.1075219,0.2581183,-0.1039644,-0.9605033,moving,0.9004942,13.03316,9.032204,-5.941282,-8.461589379222367,3.693656148743397,20.643501483100682,19.971600835312007,159.44615534762616
2036,05/05/2023 11:22:16.906477,2218,True,True,True,True,Eyes,0.05461177,0.01789259,-3.20442,-0.0100864,-0.2251481,-0.9742724,0.0,0.0,0.0,0.0,0.0,0.0,0.0,-0.7308033,-0.3340475,-3.13553,0.1267322,0.02166286,-3.234297,-0.008742234,0.9898282,-0.04771342,0.1337434,5.28545,164.53,358.2695,0.005421448,0.006863844,-0.999961,0.08748553,-0.01472345,-0.2234993,0.3557451,-0.3773485,-5.207282,0.3119465,-0.2072,1.991001,-0.9640729,-0.03006933,-0.2639318,-0.004543908,0.995294,-0.09679461,0.2656003,-0.09211774,-0.9596725,moving,0.5931479,13.01226,8.904606,-5.941284,-8.47923911021677,3.7004642964017567,20.695824842416684,19.878666480103075,159.39171036334108
2037,05/05/2023 11:22:16.926301,2219,True,True,True,True,Eyes,0.05832255,0.01816855,-3.206358,-0.004729064,-0.2246091,-0.9744374,0.0,0.0,0.0,0.0,0.0,0.0,0.0,-0.7500283,-0.361324,-3.1333,0.1365963,0.02353605,-3.239051,-0.007690661,0.9890421,-0.05168717,0.138076,5.745954,164.0199,358.3018,0.006583221,0.006735796,-0.9999549,0.08223639,-0.01384004,-0.2100893,0.3860885,-0.3909443,-5.205711,0.3078544,-0.2071999,1.991001,-0.9617519,-0.02948629,-0.272331,-0.0009392587,0.9945386,-0.1043654,0.273921,-0.1001178,-0.956527,moving,0.2780612,12.98004,8.789632,-5.941282,-8.496767704428883,3.706894848452935,20.74760862632358,19.796639392591413,159.33840000166393
2038,05/05/2023 11:22:16.946144,2220,True,True,True,True,Eyes,0.06228471,0.01849901,-3.208415,0.001025402,-0.2240385,-0.9745797,0.0,0.0,0.0,0.0,0.0,0.0,0.0,-0.7690576,-0.3472744,-3.13659,0.1467587,0.02644977,-3.24469,-0.007695539,0.9885785,-0.04895122,0.1423276,5.427934,163.5351,358.3221,0.007743523,0.0066288,-0.9999474,0.07730221,-0.01300964,-0.197484,0.4176212,-0.3769159,-5.210157,0.3035107,-0.2072001,1.990999,-0.9593673,-0.02914951,-0.2806506,-0.001281071,0.9950891,-0.09897481,0.2821574,-0.09459365,-0.9546932,moving,-0.06028362,12.94635,8.667519,-5.941292,-8.515637771818897,3.713846276411641,20.80667101902279,19.709961232370162,159.27815520625677
2039,05/05/2023 11:22:16.956248,2221,True,True,True,True,Eyes,0.06647801,0.01888051,-3.210598,0.006903068,-0.2235718,-0.974663,0.0,0.0,0.0,0.0,0.0,0.0,0.0,-0.7902465,-0.3339982,-3.13835,0.1565599,0.0281042,-3.249612,-0.007354957,0.9880324,-0.04658332,0.1468604,5.157357,163.0179,358.3765,0.00890963,0.006542455,-0.9999382,0.07266407,-0.01222906,-0.1856349,0.4497859,-0.3655858,-5.213148,0.2990464,-0.2072,1.991001,-0.9567561,-0.02821636,-0.2895204,-0.000851382,0.9955518,-0.09421196,0.2908909,-0.08989136,-0.9525243,moving,-0.4057916,12.91922,8.541916,-5.941284,-8.535288494400987,3.721314853918521,20.875346282855133,19.621333541717718,159.2087371084411
2040,05/05/2023 11:22:16.976276,2222,True,True,True,True,Eyes,0.1773193,0.02987008,-3.268221,0.1607391,-0.2108332,-0.9642159,0.0,0.0,0.0,0.0,0.0,0.0,0.0,-0.8124961,-0.3420377,-3.137762,0.1662266,0.02972649,-3.254869,-0.006177721,0.9872884,-0.04760932,0.1515148,5.286515,162.4795,358.4678,0.01008872,0.006476189,-0.9999275,0.06830423,-0.01149532,-0.1744968,0.4814298,-0.3678088,-5.213565,0.2947234,-0.2071999,1.991001,-0.9540102,-0.02662542,-0.2985894,0.002228648,0.9953904,-0.09588029,0.2997659,-0.09213623,-0.9495533,moving,-9.464432,12.33404,8.420218,-5.941283,-9.0571069770183,3.923544137834746,25.57045436391049,20.069172947873774,154.66265897119558
2041,05/05/2023 11:22:16.996471,2223,True,True,True,True,Eyes,0.1776889,0.02988489,-3.268417,0.1610134,-0.2108948,-0.9641566,0.0,0.0,0.0,0.0,0.0,0.0,0.0,-0.8314564,-0.3378362,-3.139426,0.1756776,0.03156974,-3.260306,-0.005549297,0.9867026,-0.04665114,0.155599,5.18286,162.0107,358.5346,0.0146626,0.006750004,-0.9998692,0.3967298,0.0221631,-0.3368943,0.5109178,-0.3619703,-5.215847,0.2904917,-0.2071999,1.991001,-0.9515165,-0.02546875,-0.306542,0.003566728,0.9955858,-0.09378853,0.3075775,-0.09033467,-0.9472254,moving,-9.480862,12.33827,8.301018,-5.941282,-9.058330711812244,3.92418009241124,25.501711269150235,19.966830744890405,154.73045561565445
2042,05/05/2023 11:22:17.006118,2224,True,True,True,True,Eyes,0.1784389,0.02989326,-3.268789,0.1618052,-0.2113151,-0.963932,0.0,0.0,0.0,0.0,0.0,0.0,0.0,-0.8478676,-0.3432442,-3.140106,0.184862,0.03195311,-3.265235,-0.004594915,0.986086,-0.04744685,0.1592553,5.284996,161.5874,358.6089,0.01862658,0.006988505,-0.9998016,0.372926,0.02083332,-0.3166807,0.538352,-0.3646091,-5.216282,0.2859736,-0.2071998,1.991002,-0.9492335,-0.02417428,-0.3136427,0.006050361,0.9954554,-0.09503689,0.3145147,-0.09210982,-0.9447733,moving,-9.528808,12.36489,8.173665,-5.941278,-9.06264994468559,3.926762133643269,25.46553233608033,19.86123785043586,154.76693282468005
2043,05/05/2023 11:22:17.026061,2225,True,True,True,True,Eyes,0.1795127,0.02991376,-3.269343,0.1628572,-0.2119515,-0.9636151,0.0,0.0,0.0,0.0,0.0,0.0,0.0,-0.8650151,-0.3620344,-3.138969,0.1938459,0.03188316,-3.270145,-0.002705149,0.9853377,-0.05047421,0.1629556,5.65779,161.1568,358.7458,0.02221616,0.007203207,-0.9997268,0.3505505,0.01958332,-0.2976798,0.5644667,-0.3766858,-5.214942,0.2819738,-0.2072,1.991001,-0.9468765,-0.02178109,-0.3208597,0.01111914,0.9948901,-0.1003499,0.3214058,-0.09858665,-0.9417958,moving,-9.592708,12.40494,8.060859,-5.941285,-9.068646005316856,3.930435928936913,25.460408472255786,19.77045310118072,154.7732984021907
2044,05/05/2023 11:22:17.046215,2226,True,True,True,True,Eyes,0.1809072,0.02998361,-3.270068,0.1645165,-0.212859,-0.9631332,0.0,0.0,0.0,0.0,0.0,0.0,0.0,-0.8844094,-0.3810135,-3.137024,0.2026318,0.03224429,-3.275084,-0.001284984,0.9845106,-0.05341315,0.1669863,6.012328,160.6853,358.8264,0.02547835,0.007396821,-0.9996475,0.3295175,0.01840832,-0.279819,0.5922412,-0.3879697,-5.213049,0.2776154,-0.2072,1.991001,-0.9442278,-0.02036869,-0.3286623,0.01530837,0.9942908,-0.1056008,0.3289369,-0.1047425,-0.9385252,moving,-9.693361,12.46243,7.937864,-5.941286,-9.077797563907454,3.935938134170248,25.486405348916527,19.67466124369293,154.74984210489026
2045,05/05/2023 11:22:17.056688,2227,True,True,True,True,Eyes,0.1826165,0.03010774,-3.270978,0.1665242,-0.213672,-0.9626079,0.0,0.0,0.0,0.0,0.0,0.0,0.0,-0.9068847,-0.4011356,-3.133847,0.2116053,0.03358679,-3.280006,-0.001449776,0.9835579,-0.05620608,0.1716176,6.319135,160.1341,358.7234,0.02845545,0.007572931,-0.9995659,0.3097464,0.01730382,-0.2630299,0.6235008,-0.3974963,-5.210343,0.2732658,-0.2071999,1.991001,-0.9410907,-0.02214378,-0.3374287,0.01644002,0.9936776,-0.1110615,0.3377547,-0.1100663,-0.9347767,moving,-9.814618,12.51515,7.815044,-5.941283,-9.08795578558947,3.941725375901655,25.523418683979873,19.5802261557363,154.71589657953626
2046,05/05/2023 11:22:17.076606,2228,True,True,True,True,Eyes,0.184597,0.0302347,-3.272072,0.1693196,-0.2142152,-0.9619993,0.0,0.0,0.0,0.0,0.0,0.0,0.0,-0.9306316,-0.4001521,-3.133275,0.220789,0.03499617,-3.285367,-0.00342561,0.9827235,-0.05552821,0.17652,6.19591,159.5517,358.482,0.03118517,0.007734891,-0.9994832,0.2911616,0.01626559,-0.2472481,0.6575196,-0.3928881,-5.210332,0.2688818,-0.2072,1.991,-0.937658,-0.02633654,-0.3465603,0.01287083,0.9938098,-0.1103471,0.3473212,-0.1079284,-0.9315147,moving,-9.982275,12.55364,7.691181,-5.941288,-9.100198214039612,3.9479770872468736,25.581505208042785,19.4871234376837,154.6618881934451
2047,05/05/2023 11:22:17.096495,2229,True,True,True,True,Eyes,0.1868532,0.03035166,-3.27333,0.1723614,-0.2147067,-0.9613494,0.0,0.0,0.0,0.0,0.0,0.0,0.0,-0.9531154,-0.3877816,-3.134295,0.2296951,0.03518508,-3.290684,-0.005837067,0.9819937,-0.05323362,0.181165,5.879416,159.0034,358.2284,0.03370013,0.00788415,-0.9994004,0.2736919,0.01528966,-0.2324132,0.6904657,-0.3829133,-5.211605,0.2646447,-0.2072,1.991001,-0.9342906,-0.03075206,-0.3551844,0.007824214,0.9942642,-0.1066651,0.3564273,-0.1024352,-0.9286911,moving,-10.16463,12.58976,7.571398,-5.941285,-9.113212871294454,3.9544846637215705,25.650854137997218,19.39851791152997,154.59714745213307
2048,05/05/2023 11:22:17.106537,2230,True,True,True,True,Eyes,0.1893439,0.03044637,-3.274761,0.1759427,-0.2150188,-0.9606306,0.0,0.0,0.0,0.0,0.0,0.0,0.0,-0.9747779,-0.3866685,-3.133903,0.2384979,0.03505233,-3.295897,-0.006634796,0.981182,-0.05289659,0.1855801,5.816326,158.4837,358.1191,0.03602976,0.008021622,-0.9993181,0.2572704,0.01437228,-0.2184684,0.7214847,-0.3812289,-5.21112,0.2600495,-0.2071999,1.991002,-0.9310323,-0.03265299,-0.3634737,0.006613219,0.9943159,-0.1062649,0.3648775,-0.1013398,-0.9255242,moving,-10.37888,12.61661,7.441414,-5.941281,-9.127687005963654,3.9613375368962735,25.72854828035031,19.30277083822702,154.52475395091992
2049,05/05/2023 11:22:17.126492,2231,True,True,True,True,Eyes,0.1920885,0.03056017,-3.276328,0.1797188,-0.2154038,-0.9598449,0.0,0.0,0.0,0.0,0.0,0.0,0.0,-0.9946864,-0.3823286,-3.134464,0.247224,0.03464192,-3.30123,-0.0066817,0.9804445,-0.05219221,0.1896315,5.728171,158.0119,358.1053,0.03819952,0.008147764,-0.9992365,0.2418342,0.01350994,-0.2053603,0.7501642,-0.3785465,-5.211412,0.2558306,-0.2071999,1.991002,-0.9279907,-0.03289665,-0.3711488,0.006692504,0.9944626,-0.1048773,0.3725438,-0.09980901,-0.9226319,moving,-10.60512,12.64849,7.322009,-5.941277,-9.14315600452406,3.968753348722135,25.825595661996452,19.217449366104688,154.43375170245815
2050,05/05/2023 11:22:17.146325,2232,True,True,True,True,Eyes,0.1950459,0.03070438,-3.27805,0.183953,-0.2156676,-0.9589832,0.0,0.0,0.0,0.0,0.0,0.0,0.0,-1.016727,-0.3901663,-3.132216,0.2559888,0.03523228,-3.306051,-0.006308094,0.9795249,-0.05325468,0.1940492,5.847463,157.4918,358.0975,0.04023286,0.008264255,-0.9991557,0.2273241,0.01269934,-0.1930387,0.7798623,-0.381929,-5.209166,0.2515926,-0.2072,1.991,-0.9246101,-0.03302592,-0.3794802,0.008310185,0.9942483,-0.1067767,0.3808239,-0.1018804,-0.9190177,moving,-10.85863,12.67449,7.202005,-5.941288,-9.159980054900355,3.976568452761159,25.937111002355465,19.133176201414095,154.3290860693329
2051,05/05/2023 11:22:17.166364,2233,True,True,True,True,Eyes,0.1982331,0.03083998,-3.279904,0.1883299,-0.2158934,-0.9580824,0.0,0.0,0.0,0.0,0.0,0.0,0.0,-1.039011,-0.3914455,-3.131037,0.2644513,0.03613974,-3.311332,-0.006150945,0.9786519,-0.0532345,0.1984155,5.840253,156.9805,358.0895,0.04214958,0.00837294,-0.9990758,0.2136847,0.01193738,-0.1814564,0.8093146,-0.3806654,-5.208055,0.2472699,-0.2071999,1.991001,-0.9211871,-0.03316436,-0.3877045,0.009085827,0.9942566,-0.106637,0.3890142,-0.1017552,-0.9155949,moving,-11.12082,12.69888,7.079527,-5.941281,-9.17724912507299,3.984523957861644,26.052029345644648,19.04742434142354,154.22139180287482
2052,05/05/2023 11:22:17.176703,2234,True,True,True,True,Eyes,0.2016208,0.03096804,-3.281876,0.1931044,-0.2163152,-0.9570363,0.0,0.0,0.0,0.0,0.0,0.0,0.0,-1.060409,-0.3880887,-3.130354,0.2730882,0.03606063,-3.31637,-0.00506078,0.9778264,-0.05277685,0.2025952,5.806121,156.4977,358.1982,0.04396779,0.008474285,-0.9989966,0.2008636,0.01122114,-0.170569,0.837701,-0.3789865,-5.207123,0.2428654,-0.2072001,1.991001,-0.9178594,-0.03128179,-0.3956716,0.01148754,0.994378,-0.1052638,0.3967399,-0.1011626,-0.9123399,moving,-11.4076,12.73633,6.954671,-5.941288,-9.196702341193902,3.993773568147889,26.192105880042657,18.962391968565523,154.08983004365382
2053,05/05/2023 11:22:17.196349,2235,True,True,True,True,Eyes,0.2052124,0.03110936,-3.283967,0.1979924,-0.2169156,-0.955901,0.0,0.0,0.0,0.0,0.0,0.0,0.0,-1.083062,-0.4078448,-3.125913,0.2811779,0.03607673,-3.321193,-0.002713466,0.9767606,-0.05598675,0.2068743,6.214366,155.9943,358.3592,0.04570287,0.008568741,-0.9989179,0.1888118,0.01054787,-0.1603349,0.865026,-0.3921209,-5.202538,0.2380658,-0.2071999,1.991002,-0.9143915,-0.02846525,-0.4038295,0.01786362,0.9937162,-0.110494,0.4044372,-0.1082486,-0.9081373,moving,-11.702,12.78519,6.818535,-5.94128,-9.21721823834435,4.003798740061828,26.338012365156278,18.869286501272406,153.95313856283818
2054,05/05/2023 11:22:17.206297,2236,True,True,True,True,Eyes,0.2089821,0.03124977,-3.28617,0.2033038,-0.2174792,-0.9546572,0.0,0.0,0.0,0.0,0.0,0.0,0.0,-1.105854,-0.4224459,-3.122093,0.2895994,0.03657424,-3.326203,-0.0008335371,0.9757019,-0.05828134,0.2112076,6.510096,155.4855,358.4863,0.04736923,0.008657378,-0.9988395,0.1774831,0.009915,-0.1507148,0.892366,-0.4010995,-5.198892,0.2341474,-0.2071998,1.991004,-0.9107816,-0.02624549,-0.4120542,0.02299236,0.9932052,-0.1140825,0.4122485,-0.1133783,-0.9039896,moving,-12.02211,12.83346,6.70733,-5.941271,-9.239271264577548,4.014452346078892,26.519472974325133,18.799215920752825,153.78219490585155
2055,05/05/2023 11:22:17.226091,2237,True,True,True,True,Eyes,0.2129341,0.03137768,-3.288483,0.2087629,-0.2181507,-0.9533249,0.0,0.0,0.0,0.0,0.0,0.0,0.0,-1.131265,-0.4301715,-3.117872,0.2976439,0.03672929,-3.331064,0.0005475716,0.9745979,-0.05952988,0.2159048,6.676989,154.9348,358.5786,0.04897946,0.008740745,-0.9987612,0.1668341,0.0093201,-0.1416719,0.9212837,-0.4061667,-5.195158,0.2300224,-0.2071999,1.991002,-0.9067699,-0.02463824,-0.4209058,0.02677289,0.9929118,-0.115799,0.4207754,-0.1162718,-0.8996829,moving,-12.35188,12.88916,6.59022,-5.941278,-9.262302819961404,4.025731302603896,26.709334467220334,18.7254840844126,153.60364125078942
2056,05/05/2023 11:22:17.246472,2238,True,True,True,True,Eyes,0.2170474,0.03148134,-3.290909,0.2146729,-0.2188604,-0.9518486,0.0,0.0,0.0,0.0,0.0,0.0,0.0,-1.15758,-0.4398323,-3.11297,0.3058932,0.03658284,-3.336034,0.001476143,0.9734078,-0.06106112,0.2207864,6.86478,154.3576,358.6097,0.05054339,0.008818898,-0.9986826,0.156824,0.008760894,-0.1331716,0.9514655,-0.4124852,-5.190628,0.2256829,-0.2072,1.991,-0.9025022,-0.02408916,-0.4300108,0.02983671,0.9925388,-0.1182229,0.4296502,-0.1195266,-0.8950498,moving,-12.70943,12.94906,6.46696,-5.941288,-9.287248772293191,4.037935367071324,26.918008488616014,18.648860368690148,153.40760013600885
2057,05/05/2023 11:22:17.256717,2239,True,True,True,True,Eyes,0.2213289,0.03157422,-3.293438,0.2207162,-0.2196539,-0.9502823,0.0,0.0,0.0,0.0,0.0,0.0,0.0,-1.184479,-0.444641,-3.108389,0.3139624,0.03611852,-3.341093,0.002026013,0.972222,-0.06185585,0.2257303,6.960781,153.7731,358.6154,0.05207014,0.008891589,-0.9986035,0.1474146,0.00823524,-0.1251813,0.9820275,-0.4160908,-5.186403,0.2212743,-0.2072,1.990999,-0.8980834,-0.023986,-0.4391705,0.03186494,0.9923396,-0.1193606,0.4386692,-0.1211899,-0.8904395,moving,-13.07589,13.01511,6.341675,-5.941291,-9.313060433283884,4.050680462490292,27.13645093600167,18.571759076440074,153.2026532197266
2058,05/05/2023 11:22:17.276585,2240,True,True,True,True,Eyes,0.3316581,0.03344009,-3.359511,0.3680265,-0.231971,-0.9004143,0.0,0.0,0.0,0.0,0.0,0.0,0.0,-1.210867,-0.4539137,-3.103125,0.3221987,0.03597571,-3.346119,0.002273901,0.9709793,-0.06323685,0.2306412,7.114479,153.1869,358.5705,0.05356833,0.008959012,-0.9985237,0.1385697,0.007741126,-0.1176704,1.012621,-0.4215236,-5.181349,0.2168832,-0.2071999,1.991002,-0.8935993,-0.02475422,-0.4481832,0.03358586,0.9919919,-0.1217544,0.447608,-0.1238522,-0.8856118,moving,-22.23132,14.44679,6.216814,-5.941279,-9.946475229147625,4.35798319809682,34.999566934902454,19.165769500080756,145.77682666709075
2059,05/05/2023 11:22:17.297412,2241,True,True,True,True,Eyes,0.3319902,0.03341507,-3.359712,0.3683613,-0.2320563,-0.9002554,0.0,0.0,0.0,0.0,0.0,0.0,0.0,-1.236107,-0.4642781,-3.098,0.3302219,0.035616,-3.351238,0.002221948,0.9697475,-0.0647684,0.2353507,7.276851,152.6208,358.4878,0.05852436,0.009065235,-0.9982445,0.4612432,0.01287426,-0.308829,1.042213,-0.4275966,-5.176264,0.2125946,-0.2072001,1.991001,-0.88921,-0.02617712,-0.4567493,0.03479604,0.9916002,-0.1245721,0.4561737,-0.1266638,-0.8808301,moving,-22.25311,14.45432,6.09482,-5.941285,-9.948198805124248,4.35892429108106,34.922569186715414,19.06496167899749,145.85540801556516
2060,05/05/2023 11:22:17.306266,2242,True,True,True,True,Eyes,0.3326257,0.03334914,-3.360103,0.3689195,-0.2320916,-0.9000177,1.996231,1.069074,-0.4299593,-5.156746,-0.1598371,0.1608545,0.9739497,0.2032284,-0.2067429,1.976776,0.338447,0.03500948,-3.356281,0.002401131,0.9685602,-0.06587902,0.2398863,7.398383,152.0779,358.4424,0.06268676,0.009153026,-0.9979909,0.4335686,0.0121018,-0.2902992,1.071475,-0.4323716,-5.171352,0.2079613,-0.2072,1.991,-0.8848978,-0.02695567,-0.465005,0.03625823,0.9913084,-0.1264636,0.4643723,-0.1287676,-0.8762293,moving,-22.28884,14.46008,5.962961,-5.941288,-9.950679822509484,4.360132357512426,34.84795655436664,18.956878055471364,145.93210602554205
2061,05/05/2023 11:22:17.326465,2243,True,True,True,True,Eyes,0.3335629,0.03324641,-3.360672,0.3697924,-0.2322691,-0.8996137,0.0,0.0,0.0,0.0,0.0,0.0,0.0,-1.285063,-0.4817363,-3.087891,0.3463905,0.03394973,-3.361159,0.003189987,0.9672961,-0.06762803,0.2444475,7.607853,151.5318,358.4453,0.06627312,0.009225898,-0.9977585,0.4075544,0.0113757,-0.2728813,1.099413,-0.4404276,-5.165743,0.2039206,-0.2071999,1.991002,-0.8804706,-0.02689168,-0.4733376,0.03923433,0.9908325,-0.1292731,0.4724747,-0.1323922,-0.8713439,moving,-22.34545,14.47691,5.847905,-5.941279,-9.955014428121297,4.362438285802332,34.81045400732007,18.86528166652794,145.973512991066
2062,05/05/2023 11:22:17.346367,2244,True,True,True,True,Eyes,0.3347564,0.03310685,-3.361432,0.3710111,-0.2322776,-0.8991095,0.0,0.0,0.0,0.0,0.0,0.0,0.0,-1.310537,-0.4923978,-3.081728,0.3544889,0.03299352,-3.366045,0.003877308,0.9659725,-0.06940053,0.2491298,7.817023,150.9694,358.4332,0.069526,0.009288155,-0.9975365,0.3831012,0.01069315,-0.2565084,1.128185,-0.4484062,-5.159503,0.1995729,-0.2072,1.991,-0.8758387,-0.02708873,-0.4818432,0.04207022,0.9903371,-0.1321461,0.4807669,-0.1360099,-0.866236,moving,-22.42314,14.48519,5.724065,-5.941286,-9.96018663784804,4.364849158312399,34.777953808276315,18.76731657272136,146.01018569614325
2063,05/05/2023 11:22:17.356245,2245,True,True,True,True,Eyes,0.336235,0.03294627,-3.362361,0.372543,-0.2324572,-0.8984294,0.0,0.0,0.0,0.0,0.0,0.0,0.0,-1.336911,-0.504589,-3.074696,0.3625162,0.03196842,-3.370943,0.004546251,0.9645705,-0.07141351,0.2539358,8.052223,150.3896,358.4086,0.07248583,0.009339722,-0.9973254,0.3601151,0.01005157,-0.2411179,1.157282,-0.457366,-5.152513,0.1951295,-0.2072,1.991001,-0.870992,-0.02749853,-0.4905272,0.04503925,0.9897588,-0.1354578,0.4892286,-0.1400756,-0.8608336,moving,-22.52184,14.50643,5.59744,-5.941285,-9.967319409538195,4.368457363491924,34.767843712827876,18.669561405624606,146.02648937558408
2064,05/05/2023 11:22:17.376682,2246,True,True,True,True,Eyes,0.3379642,0.03276534,-3.363468,0.3745362,-0.2324042,-0.897614,0.0,0.0,0.0,0.0,0.0,0.0,0.0,-1.364335,-0.5187305,-3.066751,0.3707344,0.03144794,-3.375947,0.0049631,0.9630721,-0.07360575,0.2589391,8.299386,149.7818,358.3461,0.07518977,0.009381008,-0.9971247,0.3385082,0.009448471,-0.2266508,1.187352,-0.4663334,-5.144763,0.1906424,-0.2072,1.991,-0.8658518,-0.02855917,-0.4994847,0.04767846,0.9891151,-0.139205,0.4980235,-0.1443456,-0.8550655,moving,-22.64871,14.51588,5.469513,-5.941286,-9.9755524115327,4.37218727758755,34.77254815841492,18.57196210996663,146.02832741932284
2065,05/05/2023 11:22:17.396646,2247,True,True,True,True,Eyes,0.3399594,0.03256689,-3.364735,0.3768444,-0.2324117,-0.8966454,0.0,0.0,0.0,0.0,0.0,0.0,0.0,-1.392569,-0.5261928,-3.059343,0.3789319,0.03075553,-3.381001,0.004987456,0.9615901,-0.07475736,0.2640666,8.418699,149.1611,358.2685,0.07767017,0.009412396,-0.9969344,0.3181977,0.008881563,-0.2130518,1.217992,-0.4711844,-5.137646,0.1864203,-0.2071998,1.991001,-0.8604882,-0.02989007,-0.5085934,0.04907362,0.9887729,-0.1411378,0.507102,-0.1464059,-0.8493606,moving,-22.79616,14.53134,5.349089,-5.941278,-9.985355536550587,4.376749975833842,34.803493058110206,18.48261049080016,146.0053595988528
2066,05/05/2023 11:22:17.406412,2248,True,True,True,True,Eyes,0.3422319,0.0323317,-3.366144,0.3795815,-0.2322837,-0.8955234,0.0,0.0,0.0,0.0,0.0,0.0,0.0,-1.421828,-0.5306892,-3.051769,0.3872243,0.03004419,-3.386099,0.005025255,0.9600695,-0.07546803,0.2693437,8.488802,148.5242,358.2036,0.07995711,0.009434322,-0.9967533,0.2991058,0.00834867,-0.2002686,1.249453,-0.4743301,-5.130315,0.1819465,-0.2071999,1.991001,-0.8548577,-0.03100447,-0.5179357,0.05030285,0.9885587,-0.142202,0.5164188,-0.1476161,-0.8435174,moving,-22.97041,14.5411,5.221437,-5.941281,-9.996494481038614,4.381709085676044,34.84692480981027,18.388843434826235,145.97071995734234
2067,05/05/2023 11:22:17.426139,2249,True,True,True,True,Eyes,0.3447452,0.03206878,-3.367701,0.3826272,-0.2322731,-0.8942291,0.0,0.0,0.0,0.0,0.0,0.0,0.0,-1.452878,-0.5337523,-3.043407,0.3954354,0.02887343,-3.391293,0.005733367,0.9584619,-0.07614493,0.2748088,8.575653,147.8687,358.2115,0.08207736,0.009446609,-0.9965808,0.2811595,0.00784775,-0.1882525,1.280643,-0.4782859,-5.122717,0.1778075,-0.2072,1.991001,-0.8488947,-0.03086018,-0.5276608,0.05284104,0.9883382,-0.1428129,0.5259146,-0.1491152,-0.8373643,moving,-23.16535,14.56063,5.103294,-5.941283,-10.009407299456909,4.387695062342734,34.920547966180386,18.305232267823428,145.90768431434995
2068,05/05/2023 11:22:17.446177,2250,True,True,True,True,Eyes,0.3474964,0.03177646,-3.369404,0.3861435,-0.2322181,-0.8927306,0.0,0.0,0.0,0.0,0.0,0.0,0.0,-1.486321,-0.540396,-3.032858,0.4036257,0.02796636,-3.396427,0.006747998,0.9566691,-0.07738521,0.2806251,8.734231,147.1683,358.2305,0.08405393,0.009449366,-0.996416,0.2642899,0.007376885,-0.1769574,1.312743,-0.4843647,-5.113441,0.1735004,-0.2071999,1.991,-0.8424081,-0.03052126,-0.5379749,0.05634366,0.987932,-0.1442768,0.5358862,-0.1518514,-0.8305222,moving,-23.39051,14.58071,4.980307,-5.941284,-10.02419205244891,4.394482966641927,35.01507525314668,18.21985374814152,145.82523680869835
2069,05/05/2023 11:22:17.456550,2251,True,True,True,True,Eyes,0.3504706,0.03144563,-3.371243,0.3899812,-0.2323076,-0.8910375,0.0,0.0,0.0,0.0,0.0,0.0,0.0,-1.520965,-0.5491289,-3.021071,0.4119273,0.02694865,-3.401666,0.007356363,0.954748,-0.07889302,0.2866671,8.908884,146.4339,358.1911,0.08590814,0.009442649,-0.996258,0.2484325,0.006934272,-0.1663399,1.345997,-0.4912526,-5.103003,0.1689804,-0.2072,1.991,-0.8355358,-0.03118511,-0.5485503,0.05927901,0.9874436,-0.1464282,0.5462289,-0.1548636,-0.8231959,moving,-23.6376,14.61263,4.851189,-5.941288,-10.040934784655708,4.402434792583459,35.1293985692503,18.131959409487955,145.72513840088885
2070,05/05/2023 11:22:17.476602,2252,True,True,True,True,Eyes,0.3536652,0.03108884,-3.373221,0.394217,-0.2323416,-0.8891627,0.0,0.0,0.0,0.0,0.0,0.0,0.0,-1.558025,-0.5585909,-3.007344,0.4201388,0.02572359,-3.406817,0.00803312,0.9526557,-0.08056859,0.2930726,9.103408,145.6528,358.1475,0.08765826,0.009426235,-0.9961057,0.2335265,0.006518215,-0.1563595,1.379738,-0.4990359,-5.091465,0.1649957,-0.2071998,1.991002,-0.8280882,-0.0319193,-0.559689,0.06253048,0.9868883,-0.1487997,0.5571001,-0.1582168,-0.8152346,moving,-23.91047,14.64417,4.737315,-5.941275,-10.059229920238568,4.411027527747198,35.276849792098076,18.0584581070101,145.59311836842298
2071,05/05/2023 11:22:17.496343,2253,True,True,True,True,Eyes,0.3570748,0.03070619,-3.375341,0.3987709,-0.2324502,-0.8871012,0.0,0.0,0.0,0.0,0.0,0.0,0.0,-1.596142,-0.5702364,-2.992387,0.4284434,0.02472771,-3.412191,0.008616325,0.9504354,-0.08252411,0.2996468,9.324824,144.846,358.079,0.08932031,0.009400305,-0.9959583,0.219515,0.006127122,-0.1469779,1.414262,-0.5075372,-5.078826,0.1606318,-0.2071999,1.991001,-0.8202751,-0.03307764,-0.5710118,0.06583469,0.986231,-0.1517039,0.5681676,-0.1620314,-0.8068031,moving,-24.20493,14.68329,4.612571,-5.941282,-10.079239054076597,4.42055877721527,35.437569528230696,17.978237593196596,145.44966787626717
2072,05/05/2023 11:22:17.506542,2254,True,True,True,True,Eyes,0.3606638,0.03030371,-3.377615,0.40376,-0.2325209,-0.884823,0.0,0.0,0.0,0.0,0.0,0.0,0.0,-1.634357,-0.5760456,-2.978182,0.4368942,0.02374281,-3.417759,0.00855294,0.9482372,-0.08348355,0.3062735,9.413796,144.0329,357.9716,0.09090882,0.009365024,-0.9958149,0.2063441,0.005759495,-0.1381593,1.449635,-0.5116494,-5.066741,0.1562479,-0.2071999,1.991,-0.8122467,-0.03491717,-0.582268,0.06735804,0.9859146,-0.1530853,0.5794119,-0.1635635,-0.798454,moving,-24.52803,14.72374,4.48721,-5.941285,-10.101064634334788,4.430891167112621,35.62200739021069,17.89971494880281,145.2841179580896
2073,05/05/2023 11:22:17.526095,2255,True,True,True,True,Eyes,0.3644562,0.02987905,-3.380034,0.409076,-0.2325851,-0.8823611,0.0,0.0,0.0,0.0,0.0,0.0,0.0,-1.674851,-0.5813504,-2.962178,0.4452709,0.02285556,-3.423274,0.008656433,0.9458785,-0.08439685,0.3132351,9.501959,143.1783,357.8793,0.09243578,0.009320717,-0.9956747,0.1939634,0.005413925,-0.1298697,1.485646,-0.5155866,-5.053556,0.1520166,-0.2072,1.991,-0.8036178,-0.03649624,-0.5940259,0.06924798,0.9856044,-0.1542353,0.5911035,-0.1650813,-0.7895221,moving,-24.87316,14.76693,4.36617,-5.941287,-10.12437740915622,4.4419271364598965,35.82971769590139,17.826584081662553,145.09673690271535
2074,05/05/2023 11:22:17.546289,2256,True,True,True,True,Eyes,0.3684252,0.02943046,-3.382602,0.4148017,-0.2325393,-0.879696,0.0,0.0,0.0,0.0,0.0,0.0,0.0,-1.716909,-0.5796369,-2.946535,0.4538092,0.02189861,-3.429198,0.008736067,0.9434864,-0.08426531,0.3204006,9.474257,142.3052,357.8204,0.09391307,0.0092676,-0.9955369,0.1823256,0.00508909,-0.1220775,1.52281,-0.5155879,-5.040756,0.1475049,-0.2071998,1.991001,-0.7945343,-0.03751259,-0.6060594,0.07048203,0.9856461,-0.1534083,0.6031148,-0.1646044,-0.7804857,moving,-25.24521,14.80692,4.237063,-5.941278,-10.149164334211363,4.453489761886714,36.05124327251049,17.748654420410848,144.89671744724703
2075,05/05/2023 11:22:17.556767,2257,True,True,True,True,Eyes,0.3725812,0.02895178,-3.385318,0.4208496,-0.2324251,-0.876849,0.0,0.0,0.0,0.0,0.0,0.0,0.0,-1.761594,-0.5729412,-2.929584,0.4621954,0.0208263,-3.435095,0.008965184,0.9409649,-0.08345593,0.3279324,9.377481,141.392,357.8006,0.09534969,0.009205844,-0.9954009,0.1713861,0.004783744,-0.1147529,1.560786,-0.513284,-5.027367,0.1431409,-0.2071999,1.991001,-0.7847601,-0.03786397,-0.6186423,0.07160766,0.9859095,-0.1511783,0.6156496,-0.1629382,-0.770991,moving,-25.63899,14.8459,4.112144,-5.941282,-10.17522363890768,4.465557526775407,36.293758551396685,17.675722983384905,144.67679783547018
2076,05/05/2023 11:22:17.576397,2258,True,True,True,True,Eyes,0.3769205,0.02845682,-3.388174,0.4272258,-0.2321137,-0.8738429,0.0,0.0,0.0,0.0,0.0,0.0,0.0,-1.806541,-0.5642747,-2.912528,0.4706935,0.01960859,-3.441347,0.00922591,0.9383953,-0.08238068,0.3354739,9.253413,140.4779,357.796,0.09675496,0.009135392,-0.9952659,0.1611029,0.00449672,-0.1078677,1.598665,-0.5101675,-5.014019,0.1387867,-0.2071999,1.991001,-0.7747446,-0.03795804,-0.6311343,0.07258823,0.9862566,-0.1484212,0.6280941,-0.1608014,-0.7613416,moving,-26.05422,14.87563,3.987465,-5.941282,-10.202106430590833,4.477704103835374,36.5492361459849,17.603954351672076,144.44418463942347
2077,05/05/2023 11:22:17.596502,2259,True,True,True,True,Eyes,0.4897537,0.01547064,-3.46296,0.587282,-0.2175694,-0.7795919,0.0,0.0,0.0,0.0,0.0,0.0,0.0,-1.852607,-0.5533625,-2.894464,0.4792178,0.01864789,-3.447649,0.009462251,0.9357251,-0.08094167,0.3431876,9.089257,139.5432,357.8033,0.09813588,0.009056666,-0.9951315,0.1514367,0.004226916,-0.1013956,1.63697,-0.5054127,-5.000087,0.1344488,-0.2071998,1.991001,-0.7642657,-0.03784821,-0.6437901,0.07326446,0.9867179,-0.1449836,0.6407266,-0.1579729,-0.7513416,moving,-36.99144,15.59341,3.863217,-5.941278,-10.906780469879068,4.794324396910032,46.18274337720739,18.25940809787586,135.3844084144276
2078,05/05/2023 11:22:17.606351,2260,True,True,True,True,Eyes,0.4901204,0.01542628,-3.463205,0.5878758,-0.2174225,-0.7791852,0.0,0.0,0.0,0.0,0.0,0.0,0.0,-1.899308,-0.539413,-2.875659,0.4877535,0.01750898,-3.453916,0.009681142,0.932979,-0.0790876,0.351001,8.88028,138.5972,357.8274,0.1030077,0.008536572,-0.9946436,0.4808501,-0.03498524,-0.3196705,1.675559,-0.4992792,-4.985566,0.1299562,-0.2072001,1.991001,-0.7534093,-0.03745505,-0.6564843,0.07358425,0.9873029,-0.140778,0.6534217,-0.1543703,-0.7410871,moving,-37.03365,15.59114,3.734502,-5.941287,-10.90923589070526,4.795289945559631,46.10518007778988,18.158004954278415,135.46550243668617
2079,05/05/2023 11:22:17.626223,2261,True,True,True,True,Eyes,0.4908224,0.01534282,-3.463708,0.5890291,-0.2171672,-0.778385,0.0,0.0,0.0,0.0,0.0,0.0,0.0,-1.948823,-0.5245847,-2.854411,0.496449,0.0163305,-3.460352,0.01038368,0.9299889,-0.07723991,0.359231,8.692117,137.6,357.9025,0.1070722,0.008094945,-0.9942181,0.4519991,-0.03288612,-0.3004902,1.714661,-0.4937983,-4.969856,0.1259346,-0.2071999,1.991,-0.7416906,-0.03618053,-0.6697657,0.07480733,0.9878523,-0.1362042,0.6665576,-0.1511248,-0.7299742,moving,-37.11597,15.58895,3.619247,-5.941285,-10.914141805032738,4.79728680171117,46.075035791546746,18.070315838378622,135.50060328212533
2080,05/05/2023 11:22:17.646367,2262,True,True,True,True,Eyes,0.4918311,0.0152567,-3.464494,0.5907707,-0.216932,-0.7771297,0.0,0.0,0.0,0.0,0.0,0.0,0.0,-2.001757,-0.5079488,-2.830351,0.5050338,0.01527485,-3.467078,0.01185927,0.9267286,-0.07532042,0.3679137,8.530133,136.549,358.0621,0.1104822,0.00771745,-0.9938479,0.4248792,-0.03091295,-0.2824608,1.754521,-0.4889047,-4.952464,0.1215433,-0.2072,1.991001,-0.7289981,-0.03344219,-0.6836987,0.07740346,0.9883724,-0.1308768,0.6801257,-0.1483296,-0.7179331,moving,-37.24194,15.59682,3.493361,-5.941284,-10.922237116626173,4.800913294125626,46.078787651970806,17.97788284993525,135.5053986567861
2081,05/05/2023 11:22:17.656742,2263,True,True,True,True,Eyes,0.4931568,0.01530047,-3.465533,0.5930156,-0.2167151,-0.7754787,0.0,0.0,0.0,0.0,0.0,0.0,0.0,-2.055029,-0.4879813,-2.805833,0.5137688,0.01508959,-3.474159,0.01350416,0.9233968,-0.07284725,0.3766289,8.320253,135.4954,358.2664,0.1134943,0.007381973,-0.9935109,0.3993864,-0.02905818,-0.2655132,1.794255,-0.4814538,-4.935172,0.1172057,-0.2071998,1.991003,-0.715937,-0.02993336,-0.6975232,0.07981216,0.9890218,-0.1243617,0.6935883,-0.144706,-0.7056882,moving,-37.40547,15.61354,3.368983,-5.941274,-10.933086987765533,4.805951903855247,46.121210131823354,17.88999917729011,135.47448433045275
2082,05/05/2023 11:22:17.676617,2264,True,True,True,True,Eyes,0.4948291,0.01549317,-3.466824,0.5957947,-0.2163099,-0.773459,0.0,0.0,0.0,0.0,0.0,0.0,0.0,-2.107566,-0.4855545,-2.77768,0.522532,0.01824403,-3.481341,0.01496631,0.9198156,-0.07246526,0.3853104,8.32817,134.423,358.3604,0.1162372,0.007081112,-0.9931959,0.3754233,-0.02731469,-0.2495824,1.832929,-0.4782636,-4.915246,0.112844,-0.2072,1.991,-0.7026238,-0.02831075,-0.710998,0.08337571,0.9890496,-0.121776,0.7066599,-0.1448427,-0.6925693,moving,-37.60703,15.62448,3.243885,-5.941289,-10.94595340151256,4.811670461859689,46.19393519606861,17.80386618264242,135.4139504973588
2083,05/05/2023 11:22:17.696689,2265,True,True,True,True,Eyes,0.4967966,0.01566869,-3.468343,0.5989749,-0.2154355,-0.7712435,0.0,0.0,0.0,0.0,0.0,0.0,0.0,-2.154239,-0.4594926,-2.757872,0.5318682,0.02190264,-3.489179,0.01283693,0.9168597,-0.06755745,0.3932422,7.699497,133.4557,358.2887,0.118747,0.006815592,-0.9929008,0.3528979,-0.02567581,-0.2346074,1.87331,-0.4532985,-4.901096,0.1085192,-0.2072,1.991001,-0.6903916,-0.02959355,-0.7228305,0.07667223,0.9905424,-0.1137854,0.7193615,-0.1339775,-0.6815932,moving,-37.83418,15.60693,3.119811,-5.941287,-10.95888753179234,4.816595149877871,46.27693847595334,17.718402317922255,135.33957106884128
2084,05/05/2023 11:22:17.706599,2266,True,True,True,True,Eyes,0.4990626,0.01590103,-3.469998,0.6024194,-0.2153352,-0.7685842,0.0,0.0,0.0,0.0,0.0,0.0,0.0,-2.194953,-0.4200502,-2.742669,0.5407816,0.02155707,-3.496225,0.01145493,0.9143295,-0.06143756,0.4001197,6.979548,132.6313,358.371,0.1210543,0.006581373,-0.9926237,0.331724,-0.02413526,-0.220531,1.909672,-0.4288908,-4.889435,0.1038351,-0.2071999,1.991,-0.6795459,-0.02821758,-0.7330899,0.07011192,0.9921885,-0.1031817,0.7302749,-0.121515,-0.6722592,moving,-38.08949,15.65135,2.985398,-5.941285,-10.976786660138528,4.825393350412451,46.40461518486894,17.631334696643012,135.2319266585672
2085,05/05/2023 11:22:17.726385,2267,True,True,True,True,Eyes,0.5016152,0.01622633,-3.47187,0.6062121,-0.2151729,-0.7656419,0.0,0.0,0.0,0.0,0.0,0.0,0.0,-2.241854,-0.4381277,-2.711283,0.54901,0.02320671,-3.502423,0.01667466,0.9105979,-0.06534808,0.4077538,7.620439,131.6673,358.6747,0.1231869,0.00637696,-0.9923627,0.3118205,-0.02268714,-0.2072991,1.939268,-0.4484235,-4.866875,0.09983861,-0.2072,1.991,-0.6669178,-0.02292403,-0.7447788,0.08365968,0.9909031,-0.1054133,0.7404202,-0.13261,-0.6589332,moving,-38.37112,15.69727,2.87069,-5.941288,-10.99636964737012,4.834941922609144,46.57374887633015,17.56196101261637,135.08389663059623
2086,05/05/2023 11:22:17.746332,2268,True,True,True,True,Eyes,0.5044223,0.01660894,-3.473907,0.6104454,-0.2150775,-0.7622978,0.0,0.0,0.0,0.0,0.0,0.0,0.0,-2.287475,-0.4238347,-2.686511,0.5583199,0.02573904,-3.509578,0.01884834,0.907255,-0.06355073,0.4153246,7.525636,130.7345,358.9257,0.1251697,0.006201939,-0.9921156,0.2931113,-0.02132591,-0.1948612,1.973478,-0.4421761,-4.849174,0.09550154,-0.2072,1.991,-0.6543005,-0.01858786,-0.7560062,0.08698884,0.9912121,-0.09965708,0.7512149,-0.1309698,-0.6469337,moving,-38.68762,15.75608,2.74618,-5.941288,-11.018754846940318,4.846039228510994,46.77109749158581,17.488277790436843,134.91151206854724
2087,05/05/2023 11:22:17.766518,2269,True,True,True,True,Eyes,0.5074751,0.01707772,-3.476115,0.6149502,-0.2152297,-0.7586254,0.0,0.0,0.0,0.0,0.0,0.0,0.0,-2.333893,-0.4107692,-2.658538,0.5669566,0.02749993,-3.51588,0.02013469,0.9037195,-0.06185921,0.423154,7.402963,129.759,359.0779,0.1270241,0.006054985,-0.9918808,0.2755246,-0.02004636,-0.1831695,2.007878,-0.4359369,-4.829011,0.09125066,-0.2072,1.991001,-0.6410709,-0.01595972,-0.767316,0.08874416,0.9915361,-0.09476659,0.762334,-0.1288469,-0.6342286,moving,-39.02861,15.83917,2.624118,-5.941283,-11.04390607527519,4.858998822986463,47.00359435965715,17.420131158468184,134.70920126550953
2088,05/05/2023 11:22:17.776439,2270,True,True,True,True,Eyes,0.5108058,0.01759826,-3.47845,0.6198257,-0.2153427,-0.7546148,0.0,0.0,0.0,0.0,0.0,0.0,0.0,-2.376372,-0.4289951,-2.628238,0.5758001,0.03008696,-3.522266,0.02129647,0.9000577,-0.06461034,0.4304279,7.737761,128.816,359.0005,0.1287693,0.005935686,-0.9916565,0.2589931,-0.01884358,-0.1721793,2.038979,-0.4447618,-4.806079,0.08677256,-0.2071999,1.991002,-0.6285567,-0.01728409,-0.7775719,0.09395629,0.990744,-0.09797288,0.772068,-0.1346393,-0.6211149,moving,-39.39901,15.92704,2.495506,-5.941277,-11.071101508722686,4.872954774277902,47.25858397462565,17.349364488750954,134.48681119839173
2089,05/05/2023 11:22:17.796190,2271,True,True,True,True,Eyes,0.5143507,0.01806969,-3.480901,0.6249049,-0.2154286,-0.7503896,0.0,0.0,0.0,0.0,0.0,0.0,0.0,-2.412865,-0.4165577,-2.607351,0.585089,0.03181141,-3.528509,0.01926324,0.8971476,-0.06199344,0.4369346,7.357969,127.9925,358.867,0.1304226,0.005842756,-0.9914411,0.2434536,-0.01771296,-0.1618486,2.072066,-0.4302395,-4.789143,0.08228528,-0.2072001,1.991001,-0.6174338,-0.01961023,-0.7863781,0.08873809,0.9915715,-0.09440096,0.7816014,-0.1280681,-0.6104897,moving,-39.78665,16.01819,2.366608,-5.941288,-11.099520294151962,4.8875190996043685,47.53015710101376,17.28003687597344,134.24939862414615
2090,05/05/2023 11:22:17.816193,2272,True,True,True,True,Eyes,0.5181018,0.01848424,-3.483461,0.6303006,-0.215818,-0.7457504,0.0,0.0,0.0,0.0,0.0,0.0,0.0,-2.448098,-0.4136516,-2.584048,0.5936909,0.03109794,-3.533859,0.01904052,0.8941134,-0.06168045,0.443164,7.306365,127.1937,358.8088,0.131999,0.005772088,-0.9912329,0.2288463,-0.01665018,-0.1521377,2.101051,-0.4291919,-4.770432,0.07815969,-0.2072001,1.990999,-0.6064863,-0.02062033,-0.7948265,0.08871788,0.9916659,-0.09342248,0.7901288,-0.1271748,-0.5996025,moving,-40.20415,16.14029,2.248079,-5.941294,-11.13138216358493,4.9044225348233725,47.85173036597001,17.223226996751176,133.96874761282433
2091,05/05/2023 11:22:17.826384,2273,True,True,True,True,Eyes,0.5220631,0.01886247,-3.486107,0.6358751,-0.2164077,-0.740831,0.0,0.0,0.0,0.0,0.0,0.0,0.0,-2.485764,-0.4238743,-2.555165,0.6025027,0.03023394,-3.538874,0.02125833,0.8906007,-0.06409729,0.4497443,7.659855,126.3368,358.8559,0.1335116,0.005719787,-0.9910305,0.2151156,-0.01565117,-0.1430094,2.128261,-0.4419242,-4.747847,0.0739792,-0.2071999,1.991001,-0.5945565,-0.01978941,-0.8038105,0.09552016,0.9908792,-0.09504857,0.7983601,-0.1332918,-0.5872434,moving,-40.64038,16.28387,2.127949,-5.941284,-11.165512027074875,4.9228983102438,48.198417357585065,17.16818462588788,133.6681083687634
2092,05/05/2023 11:22:17.846404,2274,True,True,True,True,Eyes,0.5262477,0.01926177,-3.488805,0.6418104,-0.2170594,-0.735503,0.0,0.0,0.0,0.0,0.0,0.0,0.0,-2.525811,-0.4308688,-2.523355,0.611428,0.02993324,-3.54372,0.02352454,0.8868148,-0.06602697,0.4567786,7.96675,125.4211,358.9241,0.1349716,0.005682973,-0.9908329,0.2022086,-0.0147121,-0.1344288,2.156763,-0.4524706,-4.723151,0.06939065,-0.2072,1.991,-0.5815998,-0.01859559,-0.8132625,0.1020432,0.9901741,-0.09561636,0.8070494,-0.1385984,-0.5739875,moving,-41.10842,16.44222,1.996074,-5.941289,-11.202355995111253,4.942940083931397,48.56973211938807,17.107454430374805,133.34769429950583
2093,05/05/2023 11:22:17.856113,2275,True,True,True,True,Eyes,0.5306525,0.01971822,-3.491578,0.6479852,-0.2176033,-0.7299069,0.0,0.0,0.0,0.0,0.0,0.0,0.0,-2.567548,-0.4393052,-2.488112,0.620571,0.03088122,-3.548229,0.0240602,0.8827475,-0.0674879,0.4643528,8.134327,124.4253,358.8309,0.1363906,0.005660648,-0.9906387,0.1900761,-0.01382938,-0.1263631,2.187716,-0.457218,-4.695854,0.06491858,-0.2072001,1.991,-0.5675954,-0.02019821,-0.8230599,0.1051545,0.989733,-0.0968047,0.8165649,-0.1414944,-0.5596439,moving,-41.59753,16.60062,1.867526,-5.941289,-11.240487638599284,4.96352401473431,48.962728216955156,17.05095212696416,133.007089702581
2094,05/05/2023 11:22:17.876420,2276,True,True,True,True,Eyes,0.646178,0.03093557,-3.561971,0.7956139,-0.2121985,-0.5674243,0.0,0.0,0.0,0.0,0.0,0.0,0.0,-2.607499,-0.43911,-2.455499,0.6301553,0.03253996,-3.552913,0.02248671,0.8788695,-0.06687056,0.4718168,7.976111,123.4471,358.6359,0.1377777,0.005652951,-0.9904467,0.1786715,-0.01299961,-0.1187813,2.220407,-0.4503034,-4.670354,0.06084406,-0.2072001,1.990999,-0.5537665,-0.02357555,-0.8323381,0.1026271,0.9900454,-0.09632178,0.8263233,-0.1387602,-0.5458345,moving,-54.50389,20.50419,1.750389,-5.941294,-12.232209815466312,5.49263133209402,62.160337272283975,18.062328701864033,121.19749313777089
2095,05/05/2023 11:22:17.896159,2277,True,True,True,True,Eyes,0.6465408,0.03090632,-3.562105,0.7959445,-0.212221,-0.5669521,0.0,0.0,0.0,0.0,0.0,0.0,0.0,-2.643331,-0.4182453,-2.429253,0.639707,0.03272735,-3.55712,0.01998814,0.8755136,-0.0630724,0.4786422,7.445081,122.5738,358.5334,0.1428021,0.005980947,-0.9897329,0.5145279,0.02143242,-0.3228322,2.253003,-0.4320799,-4.648653,0.05657887,-0.2072,1.991001,-0.5410045,-0.02537845,-0.8406368,0.09537799,0.9912447,-0.09130716,0.8355941,-0.1295758,-0.5338473,moving,-54.53769,20.52183,1.627754,-5.941286,-12.235195691487544,5.494394287861001,62.087467400004265,17.97098099144527,121.28097704859461
2096,05/05/2023 11:22:17.906783,2278,True,True,True,True,Eyes,0.6472566,0.03086908,-3.562341,0.7966248,-0.2125516,-0.5658716,0.0,0.0,0.0,0.0,0.0,0.0,0.0,-2.678221,-0.4130036,-2.399194,0.6487044,0.03200028,-3.56058,0.02108433,0.8719087,-0.06292034,0.4851513,7.47998,121.723,358.5965,0.1469612,0.006260173,-0.9891222,0.4836562,0.02014648,-0.3034623,2.279988,-0.4338305,-4.624372,0.05220234,-0.2072,1.991,-0.5283673,-0.02428456,-0.8486685,0.09781899,0.991193,-0.0892634,0.8433619,-0.1301797,-0.5213385,moving,-54.61244,20.58709,1.501903,-5.941287,-12.24317461638908,5.499628351907357,62.069108875315564,17.883559566542385,121.32417424919689
2097,05/05/2023 11:22:17.926403,2279,True,True,True,True,Eyes,0.6482903,0.03081598,-3.562659,0.7975956,-0.2131266,-0.5642859,0.0,0.0,0.0,0.0,0.0,0.0,0.0,-2.714399,-0.4161454,-2.364604,0.6577472,0.03183738,-3.563544,0.02411826,0.8679236,-0.06463279,0.4918838,7.811787,120.8306,358.7439,0.1504218,0.006498146,-0.9886003,0.4546368,0.01893769,-0.2852546,2.305092,-0.4450428,-4.597048,0.04774165,-0.2072001,1.990999,-0.5149373,-0.02171804,-0.8569528,0.1054493,0.9904819,-0.08846587,0.8507174,-0.1359194,-0.5077458,moving,-54.72121,20.69118,1.373617,-5.941293,-12.255263292669731,5.507708909304974,62.0960404072245,17.799607376321262,121.3338387543768
2098,05/05/2023 11:22:17.946301,2280,True,True,True,True,Eyes,0.649619,0.03076992,-3.563055,0.7989092,-0.2140686,-0.5620665,0.0,0.0,0.0,0.0,0.0,0.0,0.0,-2.752578,-0.4184654,-2.32574,0.6663515,0.03145577,-3.565929,0.02764894,0.8635871,-0.0665174,0.4990274,8.191512,119.8795,358.9213,0.1533206,0.006700894,-0.9881535,0.4273586,0.01780143,-0.2681393,2.329686,-0.458086,-4.567213,0.04346162,-0.2072001,1.991,-0.5004147,-0.01863347,-0.8655855,0.1141425,0.9896219,-0.08729197,0.858229,-0.1424823,-0.4930944,moving,-54.87199,20.84983,1.250513,-5.94129,-12.272773356300526,5.519640749444504,62.18922297182534,17.726596049948974,121.29342677273405
2099,05/05/2023 11:22:17.956889,2281,True,True,True,True,Eyes,0.6512524,0.03076455,-3.563523,0.8004718,-0.215268,-0.5593787,0.0,0.0,0.0,0.0,0.0,0.0,0.0,-2.790952,-0.4358999,-2.282165,0.6748778,0.03170314,-3.568085,0.03200265,0.8588669,-0.07091511,0.5062556,8.871346,118.8902,359.024,0.155929,0.006880557,-0.9877441,0.4017171,0.01673334,-0.2520509,2.351997,-0.480691,-4.534142,0.03909296,-0.2071999,1.991001,-0.4853624,-0.01683031,-0.8741512,0.1267744,0.9878938,-0.08941024,0.8650734,-0.1542163,-0.4773529,moving,-55.05371,21.04843,1.124848,-5.941281,-12.294264016078138,5.534397175235677,62.32555558374819,17.65683314984975,121.22232439014064
2100,05/05/2023 11:22:17.976484,2282,True,True,True,True,Eyes,0.6531827,0.03079161,-3.56403,0.8023368,-0.2164025,-0.5562605,0.0,0.0,0.0,0.0,0.0,0.0,0.0,-2.82585,-0.4502776,-2.242383,0.6837652,0.03273347,-3.570415,0.03415934,0.8544718,-0.07396641,0.5130693,9.291455,117.9517,358.9826,0.1583172,0.007041899,-0.987363,0.3776141,0.01572934,-0.2369279,2.375251,-0.4937843,-4.503084,0.03470564,-0.2072002,1.990999,-0.4711858,-0.0175234,-0.8818596,0.1342762,0.9867242,-0.0913522,0.8717532,-0.1614566,-0.4625775,moving,-55.26641,21.25757,0.9986368,-5.941296,-12.318196486581463,5.550483168855065,62.49427016208883,17.589742387207814,121.1235002079328
2101,05/05/2023 11:22:17.996307,2283,True,True,True,True,Eyes,0.6553891,0.03082391,-3.564572,0.8043599,-0.2176636,-0.552836,0.0,0.0,0.0,0.0,0.0,0.0,0.0,-2.854414,-0.4594804,-2.209878,0.692596,0.03355533,-3.57233,0.03440835,0.850763,-0.07553271,0.5189541,9.452712,117.1394,358.847,0.1605153,0.007187642,-0.987007,0.3549572,0.01478558,-0.2227122,2.398024,-0.4983811,-4.475929,0.03034461,-0.2072001,1.990999,-0.4590057,-0.01984933,-0.8882117,0.1369427,0.9862217,-0.09280817,0.8778158,-0.1642336,-0.4499632,moving,-55.49929,21.49064,0.8731712,-5.941293,-12.34461377810755,5.5683032657288685,62.69262580130134,17.526569713653767,121.00305115261168
2102,05/05/2023 11:22:18.006348,2284,True,True,True,True,Eyes,0.6578551,0.03085569,-3.565152,0.8066019,-0.2188418,-0.5490916,0.0,0.0,0.0,0.0,0.0,0.0,0.0,-2.879461,-0.4674934,-2.18063,0.7013853,0.03374703,-3.573782,0.0355842,0.8473404,-0.07733823,0.5241821,9.692992,116.414,358.7924,0.1625492,0.007319451,-0.986673,0.3336598,0.01389844,-0.2093495,2.418181,-0.5062099,-4.450561,0.02589399,-0.2072,1.991,-0.4479336,-0.02077476,-0.8938252,0.1413825,0.9855051,-0.09375837,0.8828171,-0.1683688,-0.4385038,moving,-55.75505,21.72987,0.7451195,-5.941289,-12.372749329929976,5.587022681226367,62.91233737457233,17.46368955458006,120.8647434448429
2103,05/05/2023 11:22:18.026398,2285,True,True,True,True,Eyes,0.6605762,0.03087447,-3.56574,0.8089579,-0.2200735,-0.5451189,0.0,0.0,0.0,0.0,0.0,0.0,0.0,-2.90189,-0.4666299,-2.155795,0.7102475,0.03377391,-3.574991,0.03661749,0.8442832,-0.07777388,0.5289576,9.791574,115.7625,358.8111,0.1644422,0.007438702,-0.9863584,0.3136402,0.01306454,-0.1967885,2.437881,-0.5094056,-4.428057,0.02167672,-0.2072001,1.990999,-0.4377259,-0.02044711,-0.898876,0.1441092,0.9852207,-0.09258816,0.8874844,-0.1700646,-0.4283101,moving,-56.02581,21.98475,0.6237749,-5.941291,-12.40261986387975,5.606922346392121,63.15884130726267,17.408279410620192,120.70520973807429
2104,05/05/2023 11:22:18.046146,2286,True,True,True,True,Eyes,0.6635181,0.03088314,-3.566362,0.8114538,-0.2213053,-0.5408943,0.0,0.0,0.0,0.0,0.0,0.0,0.0,-2.923998,-0.4641905,-2.130629,0.7190496,0.03349924,-3.575844,0.03825097,0.8411862,-0.0782678,0.5336825,9.933397,115.1176,358.8838,0.1662151,0.007546272,-0.9860604,0.2948218,0.01228067,-0.1849812,2.456652,-0.5143446,-4.405254,0.01744646,-0.2071999,1.991001,-0.42744,-0.01918793,-0.9038403,0.1478927,0.984822,-0.09084781,0.891865,-0.1725033,-0.4181145,moving,-56.31359,22.25177,0.5020505,-5.941282,-12.434164638535394,5.627875446085501,63.4260607834031,17.354857133459436,120.53004852023561
2105,05/05/2023 11:22:18.056405,2287,True,True,True,True,Eyes,0.6666914,0.03088475,-3.566975,0.8140259,-0.222547,-0.5365022,0.0,0.0,0.0,0.0,0.0,0.0,0.0,-2.944462,-0.4617354,-2.106908,0.7276142,0.03327077,-3.576533,0.04062195,0.8382229,-0.07903688,0.5380386,10.14928,114.5212,359.0134,0.1678859,0.007643045,-0.9857766,0.2771325,0.01154383,-0.1738823,2.473421,-0.5217227,-4.383585,0.01327014,-0.2072,1.991001,-0.4177288,-0.01694928,-0.9084136,0.1531502,0.984206,-0.08878872,0.8955711,-0.1762134,-0.4085356,moving,-56.61221,22.52921,0.3818741,-5.941285,-12.466916600649023,5.649636213482715,63.70945540453864,17.30436005884784,120.34311774146445
2106,05/05/2023 11:22:18.076638,2288,True,True,True,True,Eyes,0.6700972,0.03086657,-3.567557,0.8167691,-0.2236279,-0.5318636,0.0,0.0,0.0,0.0,0.0,0.0,0.0,-2.96454,-0.4508306,-2.084844,0.736301,0.03310908,-3.577022,0.04290158,0.8353657,-0.07851567,0.5423644,10.2367,113.942,359.2145,0.1694706,0.007729887,-0.9855047,0.2605045,0.0108512,-0.1634494,2.490859,-0.5247256,-4.362797,0.008984804,-0.2071999,1.991001,-0.408001,-0.01349119,-0.912882,0.1568452,0.9839894,-0.084642,0.8994082,-0.1777152,-0.3993527,moving,-56.92864,22.80486,0.2585573,-5.941283,-12.500660986624506,5.671762049676023,64.00559563355048,17.252839378245483,120.14486445204906
2107,05/05/2023 11:22:18.096507,2289,True,True,True,True,Eyes,0.673714,0.03082868,-3.568118,0.8195425,-0.2246646,-0.5271394,0.0,0.0,0.0,0.0,0.0,0.0,0.0,-2.982377,-0.4346546,-2.066402,0.745041,0.03255536,-3.57734,0.0449832,0.8328094,-0.07716766,0.5463062,10.23472,113.4229,359.4533,0.1709848,0.007807274,-0.9852425,0.2448742,0.01020013,-0.1536424,2.508053,-0.5251453,-4.34402,0.004655838,-0.2072,1.991001,-0.3990525,-0.009389495,-0.9168803,0.1592392,0.9840433,-0.07938271,0.9029953,-0.1776811,-0.3911897,moving,-57.2504,23.0835,0.1339825,-5.941282,-12.534887138602116,5.694176486730017,64.30711721927699,17.201283443868718,119.9434817683905
2108,05/05/2023 11:22:18.106217,2290,True,True,True,True,Eyes,0.6775528,0.03076867,-3.568645,0.8225338,-0.2254697,-0.5221126,0.0,0.0,0.0,0.0,0.0,0.0,0.0,-2.997904,-0.4190994,-2.0504,0.7536815,0.03192248,-3.577451,0.0469707,0.8304861,-0.07586516,0.5498466,10.23368,112.9564,359.6849,0.172441,0.007875597,-0.9849882,0.2301818,0.009588118,-0.1444239,2.524422,-0.5257051,-4.326147,-0.0001034141,-0.2071998,1.991001,-0.390925,-0.00541139,-0.9204067,0.1614454,0.9840764,-0.07435653,0.906153,-0.1776633,-0.3838265,moving,-57.5942,23.35668,-0.002975985,-5.941279,-12.570171375724152,5.716877637734147,64.6151645135381,17.141966520168655,119.73653045015568
2109,05/05/2023 11:22:18.126092,2291,True,True,True,True,Eyes,0.6815997,0.03066228,-3.569139,0.8255485,-0.2261054,-0.5170552,0.0,0.0,0.0,0.0,0.0,0.0,0.0,-3.011666,-0.3973458,-2.037727,0.7627302,0.03125736,-3.577375,0.04824874,0.8284273,-0.07333545,0.5531747,10.07203,112.5286,359.9305,0.1738504,0.007935123,-0.9847399,0.2163709,0.00901283,-0.1357584,2.541685,-0.5209425,-4.310468,-0.004194856,-0.2072,1.991,-0.3833393,-0.00119349,-0.9236066,0.1610758,0.984588,-0.06812617,0.9094533,-0.1748861,-0.377239,moving,-57.94038,23.61949,-0.1207168,-5.941288,-12.605057330862945,5.739112235554906,64.93807087161366,17.09650572933833,119.51179582474386
2110,05/05/2023 11:22:18.146484,2292,True,True,True,True,Eyes,0.6858573,0.03052172,-3.569578,0.8287819,-0.2265358,-0.5116659,0.0,0.0,0.0,0.0,0.0,0.0,0.0,-3.024395,-0.3747236,-2.026076,0.7717447,0.03012449,-3.577132,0.04925117,0.8264642,-0.0706282,0.5563659,9.87776,112.1182,0.1639132,0.1752246,0.007985505,-0.9844959,0.2033886,0.008472061,-0.1276129,2.558924,-0.5155763,-4.294962,-0.008495033,-0.2072,1.990999,-0.3760626,0.002818421,-0.92659,0.1599989,0.985172,-0.06193999,0.9126759,-0.1715467,-0.3709373,moving,-58.31002,23.88097,-0.2444635,-5.941289,-12.641304408472934,5.76188000112368,65.27615172111307,17.048338018084056,119.27367415366967
2111,05/05/2023 11:22:18.156249,2293,True,True,True,True,Eyes,0.6903195,0.03034928,-3.569963,0.8320177,-0.226821,-0.5062595,0.0,0.0,0.0,0.0,0.0,0.0,0.0,-3.036069,-0.3571756,-2.014108,0.7809145,0.02910017,-3.576485,0.05032401,0.8244852,-0.06868354,0.5594411,9.762457,111.714,0.3566193,0.1765715,0.008026676,-0.9842548,0.1911853,0.007963737,-0.1199562,2.575474,-0.5127756,-4.278698,-0.01284426,-0.2071999,1.991,-0.3689864,0.006134001,-0.9294146,0.1598316,0.9855002,-0.05695049,0.9155889,-0.1695638,-0.3646166,moving,-58.68066,24.13396,-0.3696193,-5.941286,-12.677167559181544,5.784241503747445,65.61019653588589,16.998933478110338,119.03807515128176
2112,05/05/2023 11:22:18.176626,2294,True,True,True,True,Eyes,0.6948997,0.03013315,-3.570487,0.8359473,-0.2284454,-0.4990037,0.0,0.0,0.0,0.0,0.0,0.0,0.0,-3.046826,-0.3395095,-2.003014,0.7902586,0.02813483,-3.575637,0.05072587,0.822595,-0.06643213,0.5624511,9.575965,111.3176,0.5069216,0.1779002,0.00805871,-0.9840153,0.1797142,0.007485913,-0.1127588,2.592671,-0.5075337,-4.262427,-0.01727694,-0.2071999,1.991,-0.3621514,0.00872406,-0.9320784,0.1581833,0.9860273,-0.05223183,0.9185991,-0.1663551,-0.3584712,moving,-59.16568,24.59845,-0.4971728,-5.941286,-12.731090337985496,5.820291023135898,66.14128220730339,16.97066387615368,118.67718764951861
2113,05/05/2023 11:22:18.196459,2295,True,True,True,True,Eyes,0.6996735,0.02987032,-3.570941,0.8397703,-0.229949,-0.4918427,0.0,0.0,0.0,0.0,0.0,0.0,0.0,-3.05619,-0.324055,-1.992994,0.7994904,0.02688844,-3.574553,0.05105199,0.8208244,-0.0645043,0.5652258,9.416219,110.9489,0.6325123,0.1792148,0.008081282,-0.9837765,0.1689313,0.007036758,-0.1059933,2.609008,-0.5034795,-4.246735,-0.02150446,-0.2072,1.991,-0.355827,0.01089046,-0.9344885,0.1567284,0.9864658,-0.04818159,0.9213163,-0.1636052,-0.3527181,moving,-59.64304,25.05729,-0.6188182,-5.941288,-12.78424984778538,5.855856958969063,66.66911276684039,16.946101509192825,118.31983815532675
2114,05/05/2023 11:22:18.206364,2296,True,True,True,True,Eyes,0.8244291,0.02190477,-3.577657,0.915831,-0.2634867,-0.303032,0.0,0.0,0.0,0.0,0.0,0.0,0.0,-3.062551,-0.3130291,-1.986607,0.8088627,0.02548299,-3.57336,0.05159413,0.8193852,-0.0632896,0.567398,9.338444,110.6577,0.7392007,0.1805218,0.008094061,-0.9835373,0.1587955,0.006614553,-0.09963366,2.624014,-0.5023614,-4.232388,-0.02637488,-0.2072,1.991002,-0.3507954,0.01273014,-0.9363658,0.1563717,0.9866649,-0.04516832,0.9233043,-0.1622659,-0.3481082,moving,-71.69155,41.007,-0.7589551,-5.941283,-14.35492741372057,6.975763223381291,85.06217899804587,18.75368087316261,106.62897712611436
2115,05/05/2023 11:22:18.226383,2297,True,True,True,True,Eyes,0.8248137,0.02185406,-3.577573,0.9158686,-0.2635259,-0.3028843,0.0,0.0,0.0,0.0,0.0,0.0,0.0,-3.066782,-0.3059225,-1.981762,0.8181726,0.02391939,-3.571574,0.05266232,0.8181032,-0.06286756,0.5691938,9.370293,110.4131,0.8477908,0.1852615,0.007869277,-0.9826574,0.5235346,-0.01767895,-0.1138044,2.63696,-0.5050952,-4.219704,-0.03000849,-0.2072,1.991001,-0.3464905,0.01459877,-0.93794,0.1577341,0.9865487,-0.04291419,0.924697,-0.1628144,-0.3441325,moving,-71.70058,41.02505,-0.8635004,-5.941285,-14.356424058213616,6.97691266260757,84.99252008023389,18.679904167221533,106.71896401299041
2116,05/05/2023 11:22:18.246366,2298,True,True,True,True,Eyes,0.8256027,0.02174244,-3.577323,0.9160064,-0.2635948,-0.302407,0.0,0.0,0.0,0.0,0.0,0.0,0.0,-3.06988,-0.3031527,-1.977626,0.8277641,0.0226563,-3.569504,0.05343637,0.8168971,-0.06290591,0.5708472,9.426563,110.1825,0.8993902,0.189247,0.007676851,-0.9818992,0.4921225,-0.01661821,-0.1069761,2.650084,-0.5083454,-4.206201,-0.03437555,-0.2072,1.991,-0.342556,0.01548472,-0.9393697,0.1591233,0.9863748,-0.0417673,0.9259239,-0.1637833,-0.3403526,moving,-71.73006,41.07722,-0.9891402,-5.941288,-14.360955995835448,6.980321469826057,84.94126104959884,18.594984511110862,106.80921748889766
2117,05/05/2023 11:22:18.256499,2299,True,True,True,True,Eyes,0.826752,0.02160212,-3.576976,0.9161666,-0.2636943,-0.3018346,0.0,0.0,0.0,0.0,0.0,0.0,0.0,-3.071472,-0.300401,-1.975655,0.8375586,0.02114522,-3.567274,0.05329631,0.8159073,-0.06258537,0.5723093,9.388717,109.9785,0.8904985,0.1928215,0.007501804,-0.9812049,0.4625952,-0.01562112,-0.1005576,2.663954,-0.5086435,-4.193465,-0.0387373,-0.2071999,1.991,-0.3392433,0.01533333,-0.9405738,0.1586061,0.9864851,-0.04112376,0.9272316,-0.1631317,-0.3370906,moving,-71.76534,41.14171,-1.114617,-5.941286,-14.36648730140315,6.984505517847317,84.90190323401912,18.511838181230534,106.89348858713453
2118,05/05/2023 11:22:18.276565,2300,True,True,True,True,Eyes,0.8282578,0.02143448,-3.576562,0.9164639,-0.263816,-0.3008241,2.001516,2.662575,-0.5065975,-4.178666,-0.9388869,0.3069875,0.1557239,-0.04047185,-0.2049981,1.976387,0.847348,0.02032387,-3.564603,0.05336266,0.8150459,-0.06306131,0.5734769,9.439163,109.8089,0.8513783,0.1960686,0.00734036,-0.9805624,0.4348395,-0.01468385,-0.09452411,2.676664,-0.5112041,-4.181005,-0.04307926,-0.2072,1.991,-0.3365531,0.01465762,-0.9415503,0.1593145,0.9863514,-0.04159122,0.9280899,-0.1640002,-0.3342949,moving,-71.82787,41.25004,-1.239515,-5.941288,-14.375978005385164,6.991617527115314,84.91017194664965,18.434389213237925,106.9511522572437
2119,05/05/2023 11:22:18.296255,2301,True,True,True,True,Eyes,0.8301157,0.02121277,-3.576036,0.9168197,-0.2637262,-0.2998171,0.0,0.0,0.0,0.0,0.0,0.0,0.0,-3.068603,-0.2988356,-1.978972,0.8576708,0.01948258,-3.561739,0.05163715,0.814666,-0.06167903,0.5743243,9.195786,109.6958,0.7711961,0.1990307,0.007190452,-0.9799667,0.4087491,-0.01380282,-0.08885266,2.691905,-0.5038464,-4.17082,-0.04753023,-0.2072002,1.990999,-0.3349702,0.01328653,-0.9421349,0.1549816,0.9870586,-0.0411827,0.9293952,-0.1598086,-0.3326944,moving,-71.8913,41.33562,-1.367537,-5.941297,-14.384331391112196,6.997595327741337,84.90411078802403,18.3535247538279,107.01339308206212
2120,05/05/2023 11:22:18.306077,2302,True,True,True,True,Eyes,0.832316,0.02095771,-3.575376,0.9172626,-0.2637217,-0.2984632,0.0,0.0,0.0,0.0,0.0,0.0,0.0,-3.064445,-0.2909991,-1.985309,0.8679631,0.01792358,-3.558549,0.04969269,0.8144771,-0.05980724,0.5749616,8.891626,109.6163,0.7059855,0.2017466,0.00704945,-0.9794121,0.3842241,-0.01297465,-0.0835215,2.707202,-0.4951444,-4.161602,-0.05197155,-0.2072001,1.990999,-0.3338998,0.01217339,-0.94253,0.1497208,0.9879075,-0.04028048,0.9306421,-0.154566,-0.3316847,moving,-71.97591,41.46377,-1.495266,-5.941293,-14.396207413041935,7.0062810307674726,84.93975027446633,18.27769029787256,107.05433149610687
2121,05/05/2023 11:22:18.326434,2303,True,True,True,True,Eyes,0.8348631,0.02067082,-3.5746,0.9177791,-0.2634406,-0.2971201,0.0,0.0,0.0,0.0,0.0,0.0,0.0,-3.060459,-0.2916255,-1.989659,0.8782095,0.01687363,-3.555089,0.04811835,0.8141336,-0.0592797,0.5756363,8.73824,109.52,0.5856346,0.2042504,0.006915604,-0.978894,0.3611707,-0.01219617,-0.07851021,2.721284,-0.4909512,-4.151204,-0.05610508,-0.2071999,1.991001,-0.3326552,0.01010243,-0.9429946,0.1465966,0.9883411,-0.04112586,0.9315848,-0.1519205,-0.3302578,moving,-72.06126,41.56171,-1.61413,-5.941282,-14.406545418578965,7.013448948544593,84.96665448391482,18.206343570049313,107.08941265205019
2122,05/05/2023 11:22:18.346277,2304,True,True,True,True,Eyes,0.8377458,0.0203344,-3.573665,0.9183751,-0.2629978,-0.2956675,0.0,0.0,0.0,0.0,0.0,0.0,0.0,-3.055448,-0.2869667,-1.996508,0.8890572,0.01577307,-3.551546,0.04486221,0.8140025,-0.05730684,0.5762843,8.337428,109.4353,0.4045381,0.2065737,0.006787321,-0.9784072,0.3395005,-0.0114644,-0.0737996,2.738047,-0.4783554,-4.141257,-0.06059146,-0.2072,1.991001,-0.331768,0.00698584,-0.9433353,0.139086,0.9894066,-0.04158905,0.9330517,-0.1450026,-0.3292251,moving,-72.15423,41.65326,-1.743125,-5.941285,-14.417013299799136,7.020486968855616,84.98802516283132,18.128292175723463,107.1287689027798
2123,05/05/2023 11:22:18.356756,2305,True,True,True,True,Eyes,0.840936,0.01993609,-3.572613,0.9189684,-0.2625037,-0.29426,0.0,0.0,0.0,0.0,0.0,0.0,0.0,-3.04903,-0.2850802,-2.004623,0.8996315,0.01422776,-3.547791,0.04180572,0.8140118,-0.05589176,0.5766399,8.001948,109.3876,0.2084007,0.2087441,0.006662714,-0.9779474,0.3191304,-0.01077654,-0.06937162,2.753524,-0.4683481,-4.132123,-0.06497091,-0.2071998,1.991002,-0.3314779,0.003601864,-0.9434564,0.1325195,0.9902568,-0.04277939,0.93411,-0.1392068,-0.3287255,moving,-72.24458,41.73554,-1.869028,-5.941278,-14.426835595280398,7.02698633871234,85.00468983479574,18.051991900031428,107.16829273063685
2124,05/05/2023 11:22:18.376348,2306,True,True,True,True,Eyes,0.8444154,0.01958457,-3.571437,0.9194564,-0.2622745,-0.2929369,0.0,0.0,0.0,0.0,0.0,0.0,0.0,-3.041278,-0.2904794,-2.013544,0.9102001,0.01233406,-3.543938,0.04011364,0.8140798,-0.05612575,0.5766411,7.911539,109.3798,0.03370033,0.2107859,0.006539734,-0.9775101,0.2999826,-0.01012995,-0.06520932,2.766535,-0.4669834,-4.123664,-0.06922734,-0.2072,1.991,-0.331752,0.0005825868,-0.9433664,0.1300402,0.9904816,-0.04511934,0.9343608,-0.137644,-0.3286701,moving,-72.32822,41.83896,-1.991379,-5.941287,-14.43735648652439,7.034389221813977,85.03071918571717,17.97972549869493,107.20770868389116
2125,05/05/2023 11:22:18.396679,2307,True,True,True,True,Eyes,0.8482064,0.01940246,-3.570155,0.9199234,-0.262098,-0.2916259,0.0,0.0,0.0,0.0,0.0,0.0,0.0,-3.033134,-0.320326,-2.018629,0.9206713,0.01306918,-3.539712,0.04080746,0.8138537,-0.0604976,0.5764695,8.367445,109.3644,359.8073,0.2127198,0.006419529,-0.9770919,0.2819836,-0.009522148,-0.06129676,2.775345,-0.4814105,-4.112547,-0.07383877,-0.2072,1.991,-0.3320355,-0.003327453,-0.9432613,0.1361727,0.9893496,-0.05142388,0.9333861,-0.1455209,-0.328046,moving,-72.41081,41.94753,-2.123914,-5.941289,-14.448083223165025,7.042027186583234,85.05049520449353,17.901163265050744,107.25718581450904
2126,05/05/2023 11:22:18.406653,2308,True,True,True,True,Eyes,0.8523169,0.01918536,-3.568743,0.920459,-0.2616175,-0.2903646,0.0,0.0,0.0,0.0,0.0,0.0,0.0,-3.022749,-0.355121,-2.026875,0.9319453,0.01697485,-3.535892,0.03777612,0.8139827,-0.06367829,0.5761515,8.46444,109.366,359.3119,0.2145656,0.006306423,-0.976689,0.2650646,-0.008950819,-0.05761896,2.788008,-0.4800889,-4.102564,-0.07838064,-0.2072,1.991001,-0.3332452,-0.01187848,-0.9427656,0.1348749,0.9890361,-0.06013652,0.9331436,-0.1471956,-0.3279893,moving,-72.49179,42.01875,-2.254425,-5.941285,-14.45675444713445,7.047723980370344,85.04970546300821,17.821649705584104,107.3098219110661
2127,05/05/2023 11:22:18.426326,2309,True,True,True,True,Eyes,0.8566495,0.01896683,-3.567206,0.9208536,-0.2616032,-0.2891234,0.0,0.0,0.0,0.0,0.0,0.0,0.0,-3.007082,-0.3544127,-2.048636,0.9435079,0.01594883,-3.53194,0.02990538,0.8152583,-0.06050404,0.5751512,7.646053,109.5148,358.7953,0.2163414,0.006198764,-0.9762979,0.2491608,-0.00841377,-0.05416182,2.806611,-0.4525585,-4.100383,-0.08224487,-0.2072,1.991001,-0.3366137,-0.02083672,-0.9414123,0.1183592,0.9908898,-0.06425261,0.9341748,-0.1330531,-0.3310808,moving,-72.56911,42.13927,-2.365447,-5.941285,-14.46778600479475,7.055834856127138,85.08991754447523,17.759271773963896,107.34202694499385
2128,05/05/2023 11:22:18.446371,2310,True,True,True,True,Eyes,0.8612528,0.01889293,-3.565586,0.9211375,-0.2621904,-0.2876839,0.0,0.0,0.0,0.0,0.0,0.0,0.0,-2.995636,-0.3928708,-2.05503,0.9531941,0.01579216,-3.527394,0.03154707,0.8152629,-0.06661107,0.5743818,8.328659,109.5621,358.5474,0.2180607,0.006095964,-0.9759158,0.2342111,-0.007908944,-0.05091211,2.812255,-0.4753836,-4.090552,-0.08658928,-0.2072,1.991,-0.3381808,-0.02508205,-0.9407468,0.1279587,0.9891355,-0.07237092,0.9323414,-0.1448511,-0.3312972,moving,-72.65569,42.34553,-2.490244,-5.941288,-14.483875515159504,7.068544349511017,85.17515250907415,17.694714879980705,107.3714725627488
2129,05/05/2023 11:22:18.456685,2311,True,True,True,True,Eyes,0.8661144,0.01895539,-3.563869,0.9214958,-0.2624424,-0.2863031,0.0,0.0,0.0,0.0,0.0,0.0,0.0,-2.984124,-0.430761,-2.062458,0.964506,0.01931335,-3.523299,0.03244196,0.815265,-0.07178245,0.5737054,8.874328,109.5989,358.291,0.2197367,0.006001491,-0.9755404,0.2201584,-0.007434407,-0.04785739,2.82057,-0.4897817,-4.081097,-0.0909673,-0.2072,1.991,-0.3396194,-0.02946637,-0.9401014,0.1352616,0.9875896,-0.07981917,0.9307864,-0.1542677,-0.331419,moving,-72.7403,42.51023,-2.615982,-5.941286,-14.49766693233704,7.079089295788731,85.23478971443163,17.62681507461035,107.40761038827823
2130,05/05/2023 11:22:18.476460,2312,True,True,True,True,Eyes,0.8711933,0.01907803,-3.562073,0.9219144,-0.2627801,-0.284641,0.0,0.0,0.0,0.0,0.0,0.0,0.0,-2.974933,-0.434324,-2.073308,0.9755523,0.02259098,-3.519269,0.02815324,0.8155246,-0.07010497,0.5737703,8.432935,109.5952,357.9996,0.2213809,0.005918242,-0.9751691,0.2069489,-0.006988343,-0.04498594,2.837173,-0.4709379,-4.073245,-0.09526873,-0.2072,1.991001,-0.3399903,-0.03452896,-0.9397949,0.1263676,0.9885854,-0.08203766,0.9319003,-0.1466516,-0.3317461,moving,-72.84193,42.71314,-2.739495,-5.941284,-14.514498783219356,7.092013818087057,85.33231725261538,17.56466811840699,107.42452784516763
2131,05/05/2023 11:22:18.496824,2313,True,True,True,True,Eyes,0.8764876,0.01924767,-3.560203,0.9223056,-0.2631761,-0.2830031,0.0,0.0,0.0,0.0,0.0,0.0,0.0,-2.96953,-0.4427062,-2.07749,0.9859442,0.02418331,-3.515309,0.02736367,0.8151694,-0.07070612,0.5742393,8.435824,109.5187,357.88,0.2230023,0.005846744,-0.9748001,0.194532,-0.006569042,-0.04228679,2.849911,-0.4690736,-4.06235,-0.09957802,-0.2072,1.991,-0.3390007,-0.03659242,-0.940074,0.1258165,0.9885038,-0.08384833,0.932335,-0.1467015,-0.3304995,moving,-72.94173,42.921,-2.86321,-5.941289,-14.531478426490702,7.105143272148443,85.4313891477244,17.503082103001066,107.44268376388388
2132,05/05/2023 11:22:18.506564,2314,True,True,True,True,Eyes,0.881977,0.01945012,-3.558229,0.9227149,-0.2635823,-0.2812857,0.0,0.0,0.0,0.0,0.0,0.0,0.0,-2.965127,-0.4453389,-2.082057,0.9964069,0.02549389,-3.511664,0.02833416,0.8147995,-0.07112823,0.5746649,8.538608,109.4567,357.9383,0.2246096,0.005787099,-0.9744313,0.1828601,-0.0061749,-0.03974958,2.861574,-0.4711883,-4.052319,-0.1041096,-0.2072001,1.990999,-0.3379149,-0.03557648,-0.940504,0.1279231,0.9882759,-0.08334522,0.9324426,-0.1484758,-0.3294021,moving,-73.04638,43.13905,-2.993277,-5.941294,-14.549287875179449,7.118915287136721,85.53547455346784,17.438762971354304,107.46214701239364
2133,05/05/2023 11:22:18.526482,2315,True,True,True,True,Eyes,0.8876358,0.01965898,-3.556195,0.9230584,-0.2642243,-0.2795509,0.0,0.0,0.0,0.0,0.0,0.0,0.0,-2.961321,-0.4444839,-2.086164,1.006351,0.02651387,-3.507937,0.03020925,0.8144109,-0.07140692,0.5750856,8.688067,109.4004,358.0913,0.2262099,0.005739021,-0.9740614,0.1718885,-0.005804406,-0.03736461,2.872012,-0.4753792,-4.04287,-0.1083102,-0.2071999,1.991,-0.3367283,-0.03292468,-0.9410262,0.1313357,0.9879769,-0.08156335,0.9323976,-0.1510549,-0.3283555,moving,-73.15092,43.38552,-3.113814,-5.941284,-14.568579959256084,7.13413016740838,85.66405202714643,17.383271235029262,107.46992007402469
2134,05/05/2023 11:22:18.546244,2316,True,True,True,True,Eyes,0.893461,0.01986329,-3.55411,0.9234064,-0.2648993,-0.2777572,0.0,0.0,0.0,0.0,0.0,0.0,0.0,-2.960462,-0.4480066,-2.085555,1.016084,0.0269249,-3.504487,0.03348814,0.8135719,-0.07293217,0.5758993,9.046891,109.2778,358.2875,0.2278087,0.005701529,-0.9736888,0.1615752,-0.005456141,-0.03512273,2.881048,-0.4873516,-4.030922,-0.112656,-0.2072,1.991,-0.3344369,-0.02951314,-0.9419558,0.1384932,0.9871188,-0.08009953,0.9321864,-0.1572427,-0.3260416,moving,-73.25891,43.64267,-3.238492,-5.941288,-14.588642141371174,7.149976679435965,85.79876355659496,17.326486058595833,107.47793628337486
2135,05/05/2023 11:22:18.556602,2317,True,True,True,True,Eyes,0.8994497,0.02011155,-3.551984,0.9237391,-0.2657274,-0.2758536,0.0,0.0,0.0,0.0,0.0,0.0,0.0,-2.962101,-0.4476002,-2.082535,1.025942,0.02707737,-3.501149,0.0365923,0.8124529,-0.0738766,0.5771687,9.339396,109.0973,358.5006,0.2294107,0.005673452,-0.9733128,0.1518807,-0.005128773,-0.03301537,2.891106,-0.4973944,-4.017624,-0.1168017,-0.2072,1.991,-0.3310749,-0.02581947,-0.9432514,0.1447376,0.9864065,-0.07780264,0.9324381,-0.1622824,-0.3228374,moving,-73.37295,43.92884,-3.357399,-5.941286,-14.610594098955811,7.167454338653264,85.96049586344577,17.27638484178326,107.47296641171316
2136,05/05/2023 11:22:18.576317,2318,True,True,True,True,Eyes,0.9055979,0.02041365,-3.549877,0.9242234,-0.2661657,-0.273801,0.0,0.0,0.0,0.0,0.0,0.0,0.0,-2.965938,-0.4545117,-2.075337,1.03585,0.02841598,-3.498086,0.03851494,0.8109643,-0.07533712,0.5789453,9.601093,108.8333,358.5609,0.2310195,0.005655052,-0.9729323,0.1427678,-0.004821047,-0.03103445,2.902429,-0.5048906,-4.001241,-0.121177,-0.2072002,1.991,-0.3266777,-0.02476365,-0.9448111,0.1497006,0.9856819,-0.07759533,0.9332048,-0.1667875,-0.3182931,moving,-73.49809,44.18987,-3.482863,-5.941294,-14.63190558684699,7.183937440861976,86.11193654689474,17.221290630481782,107.46831797262679
2137,05/05/2023 11:22:18.596725,2319,True,True,True,True,Eyes,0.9119117,0.02071812,-3.547757,0.924802,-0.2662999,-0.2717088,0.0,0.0,0.0,0.0,0.0,0.0,0.0,-2.969009,-0.4571236,-2.07087,1.046193,0.03001928,-3.495291,0.03702546,0.8097089,-0.07492118,0.5808506,9.458965,108.5618,358.4271,0.2326387,0.005646818,-0.9725465,0.1342018,-0.004531784,-0.02917238,2.91801,-0.4980886,-3.985382,-0.1256128,-0.2072001,1.990999,-0.3224834,-0.02707633,-0.9461877,0.1469957,0.9860319,-0.07831616,0.9350917,-0.1643412,-0.3139988,moving,-73.62711,44.424,-3.610027,-5.941296,-14.652044026206816,7.199151549556268,86.24995624924401,17.163842862531705,107.46523663010818
2138,05/05/2023 11:22:18.616306,2320,True,True,True,True,Eyes,0.9183758,0.02099826,-3.545588,0.9254491,-0.2662712,-0.2695251,0.0,0.0,0.0,0.0,0.0,0.0,0.0,-2.969499,-0.453764,-2.072029,1.05645,0.03033039,-3.492867,0.03352851,0.8089647,-0.07308037,0.5823326,9.049539,108.3619,358.2088,0.2342717,0.005647791,-0.9721544,0.1261496,-0.004259877,-0.02742204,2.935293,-0.483332,-3.972519,-0.1302238,-0.2072001,1.990999,-0.3195292,-0.03086737,-0.9470736,0.1393609,0.9870702,-0.07918937,0.9372724,-0.1572883,-0.3110962,moving,-73.76248,44.65205,-3.742173,-5.941294,-14.67225112968256,7.2142190046533905,86.38593548417813,17.103629156894435,107.46279454258979
2139,05/05/2023 11:22:18.626078,2321,True,True,True,True,Eyes,0.9249774,0.02127371,-3.543407,0.9260991,-0.2662716,-0.2672823,0.0,0.0,0.0,0.0,0.0,0.0,0.0,-2.969152,-0.4574004,-2.072339,1.066295,0.02998276,-3.490242,0.03197031,0.808185,-0.07303579,0.5835073,8.937832,108.1895,358.0533,0.2359216,0.005656391,-0.9717553,0.1185807,-0.004004284,-0.02577671,2.94902,-0.4794056,-3.960244,-0.1342351,-0.2071999,1.991,-0.3169946,-0.03355796,-0.9478335,0.1369097,0.9872873,-0.08074304,0.9384937,-0.1553627,-0.3083703,moving,-73.90129,44.89147,-3.857097,-5.941285,-14.693263880607075,7.229952934658227,86.5456986447696,17.05590869451832,107.44048480130664
2140,05/05/2023 11:22:18.646354,2322,True,True,True,True,Eyes,0.93171,0.02158399,-3.541224,0.9268243,-0.2661371,-0.2648922,0.0,0.0,0.0,0.0,0.0,0.0,0.0,-2.970015,-0.4637645,-2.070584,1.076162,0.02989173,-3.487745,0.03146299,0.8072019,-0.07372885,0.5848071,8.964804,107.9931,357.9439,0.23759,0.005671727,-0.9713487,0.1114658,-0.003764027,-0.02423011,2.961756,-0.4799901,-3.946825,-0.1384933,-0.2071999,1.991001,-0.3140217,-0.03544033,-0.9487542,0.1370283,0.9871483,-0.08222858,0.9394753,-0.1558277,-0.3051296,moving,-74.04974,45.13432,-3.979064,-5.941284,-14.71504432170716,7.24610822900691,86.70995882285835,17.00495772619724,107.41732915371418
2141,05/05/2023 11:22:18.656624,2323,True,True,True,True,Eyes,1.103373,0.02988868,-3.486816,0.9444302,-0.2580525,-0.2036187,0.0,0.0,0.0,0.0,0.0,0.0,0.0,-2.971988,-0.4723635,-2.066819,1.086163,0.03130968,-3.485234,0.03059738,0.8060324,-0.07442381,0.5863759,8.966628,107.7567,357.7979,0.2392781,0.005694066,-0.9709342,0.1047779,-0.003538186,-0.0227763,2.97523,-0.478095,-3.931771,-0.1429989,-0.2072001,1.991,-0.310454,-0.0379557,-0.9498302,0.1366056,0.9870498,-0.08409286,0.9407216,-0.1558591,-0.3012487,moving,-77.83329,51.72447,-4.10808,-5.941289,-15.291157760172656,7.678237887077032,93.59885870345953,17.62250665535078,104.04375634526833
2142,05/05/2023 11:22:18.676814,2324,True,True,True,True,Eyes,1.103747,0.02985999,-3.486775,0.944517,-0.257947,-0.2033492,0.0,0.0,0.0,0.0,0.0,0.0,0.0,-2.973543,-0.4735484,-2.066312,1.09622,0.03213784,-3.483262,0.02822109,0.8051162,-0.07358526,0.5878578,8.72368,107.548,357.6185,0.247145,0.005998675,-0.9689597,0.6134789,0.02158818,0.1418131,2.990471,-0.4684188,-3.919056,-0.1471297,-0.2071999,1.991001,-0.3072537,-0.04107282,-0.9507409,0.1319579,0.9875776,-0.0853094,0.9424344,-0.1516693,-0.2980171,moving,-77.85,51.74997,-4.226326,-5.941283,-15.29351322209642,7.679962985348179,93.53462485073794,17.550526351146797,104.14167273124386
2143,05/05/2023 11:22:18.696237,2325,True,True,True,True,Eyes,1.104478,0.02980657,-3.486657,0.9445475,-0.2581313,-0.2029735,0.0,0.0,0.0,0.0,0.0,0.0,0.0,-2.973031,-0.4743788,-2.06847,1.105922,0.03145376,-3.481157,0.02700533,0.804477,-0.07329231,0.5888258,8.611095,107.4094,357.5154,0.253669,0.006252224,-0.9672706,0.5766702,0.02029289,0.1333043,3.003609,-0.4648347,-3.908263,-0.1514023,-0.2072,1.991001,-0.30511,-0.04286247,-0.9513522,0.1297631,0.9877979,-0.08612107,0.9434351,-0.1497268,-0.295825,moving,-77.87216,51.82136,-4.348592,-5.941284,-15.298605934493434,7.684162015895625,93.49993632790003,17.480148291638898,104.23518040566572
2144,05/05/2023 11:22:18.706312,2326,True,True,True,True,Eyes,1.105554,0.02977044,-3.486461,0.9445584,-0.2585513,-0.2023872,2.006257,3.000581,-0.48895,-3.892502,-0.7460227,-0.6222681,0.237134,-0.155669,-0.2182606,1.980865,1.11519,0.03086698,-3.479234,0.02907779,0.8035873,-0.07642739,0.589543,9.039618,107.2705,357.4824,0.2591054,0.006463013,-0.9658272,0.54207,0.01907531,0.125306,3.011777,-0.4796118,-3.896063,-0.156079,-0.2071999,1.991001,-0.3031873,-0.04338138,-0.951943,0.1368476,0.9866267,-0.08854695,0.9430537,-0.1571174,-0.293196,moving,-77.9063,51.94709,-4.482377,-5.941282,-15.307276981312285,7.691432054152771,93.49939080828449,17.407738281801837,104.32577709591632
2145,05/05/2023 11:22:18.726222,2327,True,True,True,True,Eyes,1.106972,0.02974201,-3.486202,0.9445601,-0.2590566,-0.2017324,2.011661,3.007106,-0.491392,-3.892019,-0.8779392,-0.02095674,-0.4783132,-0.149273,-0.2087424,1.980735,1.124602,0.03132605,-3.477156,0.03057674,0.8027974,-0.07928453,0.5901656,9.40369,107.1455,357.4154,0.2636622,0.006638921,-0.964592,0.5095457,0.01793079,0.1177877,3.020265,-0.4910678,-3.88484,-0.1600924,-0.2072001,1.990999,-0.3015394,-0.04448812,-0.9524152,0.1426758,0.985558,-0.09120814,0.9427181,-0.1633895,-0.290837,moving,-77.94431,52.09142,-4.597153,-5.941293,-15.31715878786245,7.699747359013175,93.52861176197912,17.349250882041876,104.39365100117833
2146,05/05/2023 11:22:18.746219,2328,True,True,True,True,Eyes,1.108713,0.02970189,-3.485892,0.9445483,-0.2598161,-0.2008089,0.0,0.0,0.0,0.0,0.0,0.0,0.0,-2.969171,-0.5224504,-2.068033,1.134197,0.03151081,-3.475385,0.03052402,0.8021858,-0.08114767,0.5907464,9.570144,107.0343,357.2737,0.2675796,0.006788665,-0.9635116,0.478973,0.01685495,0.1107204,3.030721,-0.4958725,-3.874299,-0.1644937,-0.2072001,1.990999,-0.3001739,-0.04690352,-0.9527306,0.1448473,0.9849667,-0.09412711,0.9428228,-0.1662549,-0.2888674,moving,-77.99774,52.29998,-4.722975,-5.941295,-15.331347017187,7.711724861128139,93.60148128865723,17.289953967069884,104.45464879578786
2147,05/05/2023 11:22:18.756657,2329,True,True,True,True,Eyes,1.110768,0.02964245,-3.485526,0.9445245,-0.2606575,-0.1998279,0.0,0.0,0.0,0.0,0.0,0.0,0.0,-2.967144,-0.5394799,-2.06885,1.143825,0.03121892,-3.473587,0.0310422,0.8014976,-0.08371224,0.5912952,9.840183,106.9182,357.1356,0.2711476,0.006922201,-0.9625127,0.4502346,0.01584365,0.1040772,3.040254,-0.504629,-3.863375,-0.1688098,-0.2072,1.991,-0.2988126,-0.04923678,-0.9530407,0.1487578,0.9840573,-0.09748011,0.9426463,-0.1709005,-0.2867244,moving,-78.05439,52.52513,-4.846316,-5.941289,-15.34660102923155,7.724628737345583,93.68961655099798,17.23407361302025,104.50931760524571
2148,05/05/2023 11:22:18.776569,2330,True,True,True,True,Eyes,1.113121,0.02954926,-3.485076,0.9445246,-0.2616377,-0.1985426,0.0,0.0,0.0,0.0,0.0,0.0,0.0,-2.965885,-0.5507222,-2.070153,1.153403,0.03072461,-3.47189,0.031392,0.800826,-0.08540623,0.5919443,10.01789,106.7994,357.0411,0.2744099,0.007040628,-0.9615868,0.4232205,0.01489303,0.09783255,3.050486,-0.5105854,-3.852773,-0.1732066,-0.2071999,1.990999,-0.2972329,-0.05083239,-0.9534508,0.1513905,0.9834406,-0.09962643,0.9427265,-0.1739557,-0.2846154,moving,-78.12904,52.80712,-4.971919,-5.941287,-15.36593154631677,7.740884967834021,93.82611405171957,17.182471491912143,104.54752665485198
2149,05/05/2023 11:22:18.797753,2331,True,True,True,True,Eyes,1.115757,0.02943436,-3.484578,0.9445043,-0.2627414,-0.1971766,0.0,0.0,0.0,0.0,0.0,0.0,0.0,-2.965685,-0.5581594,-2.070515,1.162696,0.02979092,-3.47003,0.03214511,0.8000656,-0.08675801,0.5927351,10.19106,106.6665,357.0057,0.2774058,0.007144545,-0.9607259,0.3978273,0.01399945,0.0919626,3.060399,-0.5170069,-3.841847,-0.1774852,-0.2072001,1.991,-0.2952637,-0.05141263,-0.9540316,0.1542854,0.9828795,-0.1007171,0.9428762,-0.1769313,-0.2822765,moving,-78.20818,53.11329,-5.094096,-5.941291,-15.386803055567665,7.758486189614491,93.98464138488062,17.135451951343853,104.5768482360312
2150,05/05/2023 11:22:18.806256,2332,True,True,True,True,Eyes,1.11868,0.02930908,-3.484029,0.9445318,-0.2636078,-0.1958841,0.0,0.0,0.0,0.0,0.0,0.0,0.0,-2.966977,-0.5689833,-2.068305,1.172159,0.02919064,-3.468395,0.03324252,0.799048,-0.08867818,0.5937623,10.43923,106.4909,356.9584,0.2801698,0.007234816,-0.9599228,0.3739577,0.01315948,0.08644484,3.070138,-0.5255429,-3.829134,-0.1821307,-0.2071998,1.991001,-0.2926829,-0.05218278,-0.9547848,0.1584322,0.9820622,-0.1022399,0.9429933,-0.1811925,-0.2791654,moving,-78.28366,53.38437,-5.226697,-5.941278,-15.405612457881215,7.774208701627276,94.11085141153103,17.079955953140153,104.62207121682295
2151,05/05/2023 11:22:18.826450,2333,True,True,True,True,Eyes,1.121867,0.02915446,-3.483445,0.944568,-0.2644667,-0.1945472,0.0,0.0,0.0,0.0,0.0,0.0,0.0,-2.9681,-0.5735617,-2.068318,1.18187,0.02878261,-3.466826,0.03335064,0.7981899,-0.0893218,0.5948127,10.50179,106.3288,356.909,0.2827326,0.007312513,-0.9591705,0.3515202,0.01236991,0.08125815,3.081501,-0.5276771,-3.818099,-0.186073,-0.2072001,1.991,-0.2901711,-0.05301918,-0.9555048,0.1594997,0.9818187,-0.1029167,0.9435891,-0.1822663,-0.2764388,moving,-78.36187,53.66103,-5.339185,-5.941288,-15.424880781119738,7.790284976529489,94.2589456528257,17.037527866420394,104.645619670299
2152,05/05/2023 11:22:18.846230,2334,True,True,True,True,Eyes,1.125296,0.02895884,-3.482836,0.9446367,-0.2652796,-0.1931014,0.0,0.0,0.0,0.0,0.0,0.0,0.0,-2.969436,-0.5738634,-2.069429,1.191418,0.02792891,-3.465422,0.0337429,0.7974204,-0.08949379,0.5957963,10.54083,106.185,356.9199,0.2851215,0.007378093,-0.9584626,0.330429,0.01162772,0.07638266,3.092797,-0.5296463,-3.807686,-0.1904314,-0.2071999,1.991,-0.2877766,-0.05282557,-0.9562397,0.1604547,0.9817045,-0.1025205,0.9441606,-0.1829361,-0.2740356,moving,-78.44684,53.9485,-5.463499,-5.941286,-15.445127891277814,7.807084266917737,94.41056366026038,16.989720430879952,104.67447649430157
2153,05/05/2023 11:22:18.856682,2335,True,True,True,True,Eyes,1.128963,0.02871265,-3.4822,0.9446878,-0.266181,-0.1916054,0.0,0.0,0.0,0.0,0.0,0.0,0.0,-2.972147,-0.5697464,-2.069353,1.200725,0.02674333,-3.463819,0.03537948,0.7965288,-0.08949471,0.5968927,10.64981,106.0322,357.056,0.2873602,0.007431639,-0.9577934,0.3106033,0.01093006,0.0717997,3.103041,-0.5347306,-3.796886,-0.194877,-0.2072,1.991,-0.2849347,-0.05047593,-0.9572169,0.163199,0.981478,-0.1003347,0.9445518,-0.1848057,-0.2714195,moving,-78.53458,54.25248,-5.590243,-5.941288,-15.46640914635962,7.824794337194657,94.57360100158708,16.942363491110754,104.70204783379529
2154,05/05/2023 11:22:18.876575,2336,True,True,True,True,Eyes,1.132857,0.02843054,-3.481549,0.9447882,-0.2670304,-0.1899212,0.0,0.0,0.0,0.0,0.0,0.0,0.0,-2.97671,-0.5627762,-2.068086,1.210099,0.0252961,-3.462588,0.0378391,0.7954737,-0.08939204,0.598163,10.8061,105.8587,357.2725,0.2894699,0.007472971,-0.9571576,0.2919671,0.01027425,0.06749172,3.1128,-0.5419738,-3.786034,-0.1991743,-0.2072002,1.990999,-0.2815386,-0.04674203,-0.9584109,0.167142,0.9811546,-0.09695014,0.9448809,-0.1874859,-0.2684202,moving,-78.6339,54.57825,-5.712711,-5.941294,-15.489538563872044,7.843909401674703,94.76346875849183,16.900242307115953,104.71510844976693
2155,05/05/2023 11:22:18.896472,2337,True,True,True,True,Eyes,1.136975,0.02811698,-3.480885,0.9448733,-0.2679715,-0.1881637,0.0,0.0,0.0,0.0,0.0,0.0,0.0,-2.982785,-0.5585282,-2.064005,1.219457,0.02415419,-3.461418,0.04079124,0.794145,-0.08982094,0.5996684,11.04525,105.6438,357.4926,0.2914698,0.00750233,-0.9565502,0.2744491,0.009657796,0.06344222,3.121904,-0.5517203,-3.773644,-0.2034755,-0.2071998,1.991001,-0.2774682,-0.04293723,-0.959775,0.1725139,0.9805366,-0.09373927,0.9451194,-0.1915841,-0.2646604,moving,-78.73737,54.92432,-5.835231,-5.941279,-15.513984906412515,7.864163380134374,94.97022171398845,16.860264425331703,104.7232806890042
2156,05/05/2023 11:22:18.906198,2338,True,True,True,True,Eyes,1.14131,0.02777075,-3.480177,0.9450318,-0.2687901,-0.1861903,0.0,0.0,0.0,0.0,0.0,0.0,0.0,-2.988608,-0.5550538,-2.060562,1.228953,0.0231021,-3.460479,0.04294572,0.7928617,-0.09007972,0.6011754,11.21419,105.428,357.6508,0.2933761,0.00752004,-0.9559671,0.2579821,0.009078328,0.05963568,3.131918,-0.5588095,-3.761167,-0.2080685,-0.2071999,1.991001,-0.2734879,-0.04020739,-0.9610349,0.1764074,0.9800826,-0.09120567,0.9455608,-0.1944773,-0.2609479,moving,-78.85432,55.28974,-5.966009,-5.941281,-15.540267424315791,7.88574689367655,95.19424254194769,16.818237860967816,104.72783394573463
2157,05/05/2023 11:22:18.926239,2339,True,True,True,True,Eyes,1.145854,0.02739221,-3.479465,0.9451865,-0.2696658,-0.1841272,0.0,0.0,0.0,0.0,0.0,0.0,0.0,-2.994566,-0.5527403,-2.056423,1.2383,0.02193856,-3.459474,0.04439443,0.7915295,-0.09030508,0.6027895,11.33115,105.194,357.7444,0.2952038,0.007526374,-0.9554043,0.2425032,0.008533629,0.05605754,3.142308,-0.5640634,-3.74832,-0.2122781,-0.2072,1.991,-0.2693477,-0.0385909,-0.9622693,0.1791489,0.9797482,-0.08943726,0.9462332,-0.1964792,-0.2569794,moving,-78.97655,55.67483,-6.085819,-5.941288,-15.567902770707184,7.908466213940097,95.44424897868014,16.784683625891198,104.71636438782167
2158,05/05/2023 11:22:18.946277,2340,True,True,True,True,Eyes,1.150595,0.02698693,-3.478774,0.9454366,-0.2704203,-0.1817213,0.0,0.0,0.0,0.0,0.0,0.0,0.0,-3.001441,-0.5507221,-2.051373,1.247813,0.02079921,-3.458699,0.04585822,0.7900806,-0.09057959,0.6045371,11.45372,104.9392,357.8333,0.2969663,0.007521581,-0.9548579,0.227953,0.008021611,0.05269409,3.152874,-0.569468,-3.734849,-0.2166186,-0.2072,1.990999,-0.2648638,-0.03705408,-0.9635737,0.1819808,0.9793847,-0.08768433,0.9469584,-0.1985763,-0.2526604,moving,-79.11993,56.09906,-6.209297,-5.941291,-15.598879175161148,7.933718189372844,95.73382660618914,16.753511077660253,104.68967620749063
2159,05/05/2023 11:22:18.956444,2341,True,True,True,True,Eyes,1.155535,0.02655341,-3.478091,0.9456971,-0.2711923,-0.1791975,0.0,0.0,0.0,0.0,0.0,0.0,0.0,-3.009508,-0.5469677,-2.045314,1.257423,0.01976069,-3.458051,0.04706031,0.7885056,-0.09051906,0.6065069,11.52727,104.656,357.9186,0.2986745,0.007506033,-0.9543251,0.2142758,0.007540314,0.04953244,3.164101,-0.5731303,-3.720594,-0.2210381,-0.2072,1.991,-0.2598696,-0.03558622,-0.9649878,0.1840155,0.9791833,-0.08566476,0.9479484,-0.1998344,-0.2479116,moving,-79.27039,56.54421,-6.334959,-5.941288,-15.63138369574741,7.960215656076431,96.04173340513887,16.723495927096366,104.65818687001726
2160,05/05/2023 11:22:18.976368,2342,True,True,True,True,Eyes,1.160661,0.02609094,-3.477407,0.9460808,-0.2717359,-0.176326,0.0,0.0,0.0,0.0,0.0,0.0,0.0,-3.019528,-0.5416811,-2.037136,1.267103,0.01865368,-3.457598,0.04826896,0.7866899,-0.090277,0.6088016,11.58447,104.3274,358.0124,0.3003384,0.00748003,-0.9538029,0.2014193,0.007087895,0.0465605,3.175637,-0.5763627,-3.705136,-0.225401,-0.2071998,1.991,-0.2540618,-0.03397615,-0.9665913,0.185867,0.9790403,-0.08326755,0.949161,-0.2008124,-0.2424217,moving,-79.44262,57.02098,-6.458951,-5.941282,-15.666873004019491,7.988879125439747,96.38911959789968,16.698359698270338,104.60704721499937
2161,05/05/2023 11:22:18.996553,2343,True,True,True,True,Eyes,1.165976,0.0256198,-3.476742,0.946485,-0.2722803,-0.1732902,0.0,0.0,0.0,0.0,0.0,0.0,0.0,-3.031048,-0.536602,-2.026476,1.276622,0.01746356,-3.457127,0.04913289,0.7846398,-0.09000228,0.6114132,11.61414,103.9505,358.0721,0.3019682,0.007443806,-0.9532886,0.1893341,0.006662622,0.04376687,3.187385,-0.5786409,-3.688159,-0.2295948,-0.2071999,1.991001,-0.24752,-0.03295392,-0.9683223,0.1871604,0.9789711,-0.08115774,0.9506341,-0.2013197,-0.2361472,moving,-79.62473,57.52568,-6.578078,-5.941281,-15.704428557491742,8.019216383638279,96.76708379911335,16.67890169336102,104.54193474159511
2162,05/05/2023 11:22:19.006173,2344,True,True,True,True,Eyes,1.171492,0.02514913,-3.476078,0.9470067,-0.2725535,-0.1699792,0.0,0.0,0.0,0.0,0.0,0.0,0.0,-3.043633,-0.5354939,-2.013815,1.286442,0.01678888,-3.456977,0.04954438,0.7823855,-0.09009415,0.6142486,11.64469,103.5314,358.0601,0.3035703,0.007398156,-0.9527799,0.1779741,0.006262864,0.04114085,3.199644,-0.5801348,-3.669516,-0.2341304,-0.2071999,1.991001,-0.2404882,-0.03315479,-0.9700857,0.188206,0.9788569,-0.08011157,0.9522311,-0.2018418,-0.2291635,moving,-79.82428,58.05009,-6.706857,-5.941283,-15.744080671684568,8.051002907240825,97.16508305243225,16.656994825058515,104.47249017160173
2163,05/05/2023 11:22:19.026262,2345,True,True,True,True,Eyes,1.177196,0.02466761,-3.475449,0.9475911,-0.2726603,-0.1665157,0.0,0.0,0.0,0.0,0.0,0.0,0.0,-3.056088,-0.5345701,-2.001666,1.296611,0.01626677,-3.456969,0.04887547,0.7801597,-0.08983099,0.617165,11.56582,103.1016,357.9749,0.3051527,0.007344028,-0.9522747,0.1672956,0.005887093,0.0386724,3.213237,-0.5775357,-3.651116,-0.2381928,-0.2071999,1.991001,-0.2334376,-0.03461973,-0.9717555,0.1871424,0.9790831,-0.07983659,0.9541934,-0.2004935,-0.222076,moving,-80.03344,58.58727,-6.822139,-5.941282,-15.784988107141672,8.08368513855337,97.59010511998284,16.644289331626396,104.38296198724755
2164,05/05/2023 11:22:19.046323,2346,True,True,True,True,Eyes,1.183082,0.02416908,-3.474854,0.9482504,-0.2725955,-0.1628276,0.0,0.0,0.0,0.0,0.0,0.0,0.0,-3.068475,-0.5317957,-1.990486,1.306807,0.01549833,-3.457224,0.04703391,0.7780176,-0.08894502,0.6201332,11.34616,102.6699,357.8297,0.306722,0.007281943,-0.9517709,0.1572579,0.005533867,0.03635206,3.228281,-0.5702001,-3.632646,-0.2426211,-0.2072001,1.991,-0.2264453,-0.0371291,-0.973316,0.1835019,0.9797532,-0.08006702,0.9565822,-0.1967362,-0.2150472,moving,-80.25655,59.14916,-6.947746,-5.941288,-15.828041272870202,8.117981596991493,98.0354383105983,16.628971878449075,104.29191120632085
2165,05/05/2023 11:22:19.056791,2347,True,True,True,True,Eyes,1.189153,0.02366384,-3.474308,0.9489524,-0.2724203,-0.1589859,0.0,0.0,0.0,0.0,0.0,0.0,0.0,-3.081191,-0.5290531,-1.978953,1.316975,0.01451923,-3.457637,0.04548513,0.7758285,-0.08818682,0.6230925,11.1582,102.2375,357.7031,0.3082826,0.007212262,-0.9512671,0.1478224,0.005201835,0.03417093,3.242749,-0.5641832,-3.61426,-0.2470266,-0.2072001,1.991,-0.2193738,-0.03931976,-0.9748482,0.1804744,0.9803084,-0.08015282,0.9588035,-0.1935186,-0.2079578,moving,-80.4891,59.73194,-7.072639,-5.94129,-15.872764918529292,8.153582461476866,98.5035526486097,16.616487170496356,104.19245021695367
2166,05/05/2023 11:22:19.076459,2348,True,True,True,True,Eyes,1.195408,0.02315161,-3.473813,0.9496883,-0.2721787,-0.154955,0.0,0.0,0.0,0.0,0.0,0.0,0.0,-3.094921,-0.5265036,-1.966311,1.327445,0.01383319,-3.458297,0.04422143,0.7734911,-0.0875098,0.6261774,10.99697,101.7849,357.5955,0.3098397,0.00713554,-0.9507616,0.1389531,0.004889725,0.03212068,3.257065,-0.5588289,-3.595471,-0.251348,-0.2072001,1.991001,-0.2118929,-0.04118356,-0.976425,0.1780031,0.980773,-0.07999518,0.9609458,-0.190757,-0.200488,moving,-80.73305,60.34656,-7.195074,-5.941288,-15.919852416641074,8.191094938580044,99.00460952222214,16.608612402670918,104.0805543976152
2167,05/05/2023 11:22:19.096560,2349,True,True,True,True,Eyes,1.201836,0.02261451,-3.473376,0.9504856,-0.2717409,-0.1507782,0.0,0.0,0.0,0.0,0.0,0.0,0.0,-3.108944,-0.5220112,-1.954042,1.338074,0.01307954,-3.459147,0.0417884,0.7711636,-0.08617312,0.6293923,10.69085,101.3199,357.4323,0.3113977,0.00705227,-0.9502531,0.1306159,0.004596342,0.03019344,3.272828,-0.5484179,-3.57658,-0.2555926,-0.2072001,1.991001,-0.2042386,-0.04402199,-0.9779308,0.1729248,0.9816558,-0.08030458,0.9635268,-0.1855097,-0.1928795,moving,-80.98612,60.97585,-7.315275,-5.94129,-15.968264920122213,8.229587224365606,99.52535872225543,16.60385484957576,103.95998157397094
2168,05/05/2023 11:22:19.106236,2350,True,True,True,True,Eyes,1.208418,0.02205786,-3.473013,0.9512742,-0.2713481,-0.1464497,0.0,0.0,0.0,0.0,0.0,0.0,0.0,-3.122821,-0.5187787,-1.941766,1.348623,0.0119093,-3.460155,0.03931401,0.7688367,-0.08505321,0.6325429,10.40003,100.8598,357.2525,0.3129604,0.0069624,-0.9497402,0.1227789,0.004320561,0.02838183,3.288175,-0.5388055,-3.557623,-0.2600675,-0.2072001,1.991,-0.1966877,-0.04714748,-0.9793319,0.1680517,0.9824407,-0.08104845,0.9659567,-0.1805196,-0.1853109,moving,-81.24796,61.64375,-7.441929,-5.94129,-16.019235653326724,8.270268146763637,100.07531086024444,16.599354637576933,103.8367037011242
2169,05/05/2023 11:22:19.126515,2351,True,True,True,True,Eyes,1.377081,0.007504949,-3.465315,0.9662145,-0.2554682,-0.03414166,0.0,0.0,0.0,0.0,0.0,0.0,0.0,-3.136122,-0.5201089,-1.928947,1.358957,0.01086201,-3.461174,0.03715229,0.7664966,-0.08466635,0.6355582,10.19611,100.4075,357.0491,0.3145296,0.006866096,-0.9492224,0.1154122,0.004061328,0.02667892,3.302231,-0.5318452,-3.538853,-0.2643307,-0.2072001,1.990999,-0.1893709,-0.05066659,-0.9805976,0.164575,0.9829027,-0.08256806,0.9680154,-0.1770178,-0.1777948,moving,-87.97626,82.3879,-7.562526,-5.941294,-17.516686287708787,9.497806973454637,119.45047144533332,18.369843382618335,97.69735982652568
2170,05/05/2023 11:22:19.146243,2352,True,True,True,True,Eyes,1.377506,0.007458646,-3.465334,0.966183,-0.2556379,-0.03375906,0.0,0.0,0.0,0.0,0.0,0.0,0.0,-3.149285,-0.5194843,-1.917099,1.369604,0.009638342,-3.462257,0.03465875,0.764204,-0.08389627,0.638555,9.932669,99.96294,356.8474,0.3213256,0.006290464,-0.9469475,0.6144754,-0.03984107,0.04817236,3.316927,-0.5230235,-3.520415,-0.2686382,-0.2072,1.990999,-0.1820925,-0.05417205,-0.981788,0.1601175,0.9835204,-0.08396468,0.970157,-0.1724908,-0.1704178,moving,-87.99886,82.47716,-7.684302,-5.94129,-17.522742309302455,9.502926292519582,119.44978244910227,18.31171004056789,97.79127922518981
2171,05/05/2023 11:22:19.156658,2353,True,True,True,True,Eyes,1.378341,0.007458452,-3.465393,0.9661442,-0.2558853,-0.03298726,0.0,0.0,0.0,0.0,0.0,0.0,0.0,-3.164054,-0.5220617,-1.901463,1.380122,0.008454086,-3.463313,0.03310955,0.7615541,-0.08391874,0.641792,9.806204,99.46966,356.6671,0.3269673,0.005804759,-0.9450175,0.5776069,-0.03745061,0.04528202,3.330034,-0.5188333,-3.500039,-0.2729999,-0.2072001,1.990999,-0.1740136,-0.05728732,-0.9830756,0.1581461,0.9837228,-0.08531839,0.9719615,-0.1703162,-0.1621214,moving,-88.0445,82.65427,-7.807538,-5.941294,-17.534807297243837,9.513104474710332,119.52884183939682,18.260837883192316,97.86388836251243
2172,05/05/2023 11:22:19.176492,2354,True,True,True,True,Eyes,1.379572,0.007622755,-3.465555,0.9660783,-0.2562982,-0.03168643,0.0,0.0,0.0,0.0,0.0,0.0,0.0,-3.181549,-0.5327317,-1.878923,1.390757,0.009582961,-3.464405,0.03345489,0.7582654,-0.08545168,0.6454553,9.949339,98.88748,356.5323,0.3316744,0.005394834,-0.9433782,0.5429505,-0.03520357,0.0425651,3.340527,-0.5216066,-3.476452,-0.2773021,-0.2071998,1.991001,-0.1645369,-0.05957509,-0.9845704,0.1610458,0.9831576,-0.08640285,0.9731353,-0.1727774,-0.1521714,moving,-88.12143,82.95222,-7.92902,-5.941281,-17.555113251610752,9.53023095826321,119.71999474459186,18.221672633525923,97.90345858849159
2173,05/05/2023 11:22:19.196499,2355,True,True,True,True,Eyes,1.38121,0.007836113,-3.465774,0.9661648,-0.2561602,-0.03012648,0.0,0.0,0.0,0.0,0.0,0.0,0.0,-3.200977,-0.5412607,-1.854152,1.401667,0.01378712,-3.465868,0.032652,0.7547391,-0.08587489,0.64956,9.906749,98.25244,356.3755,0.335626,0.005052226,-0.9419814,0.5103735,-0.03309136,0.04001119,3.352728,-0.5149142,-3.451528,-0.281701,-0.2072,1.991,-0.1540113,-0.06227428,-0.9861045,0.1608492,0.9831187,-0.0872074,0.9748886,-0.1720451,-0.1413946,moving,-88.21401,83.29237,-8.053165,-5.941287,-17.578585178779278,9.549904896690837,119.95168449299774,18.185451766794117,97.93531404991
2174,05/05/2023 11:22:19.206591,2356,True,True,True,True,Eyes,1.38317,0.008082067,-3.466041,0.9661462,-0.2564487,-0.02820706,0.0,0.0,0.0,0.0,0.0,0.0,0.0,-3.216918,-0.524277,-1.843144,1.413021,0.01507597,-3.467529,0.02753502,0.752354,-0.08149057,0.6531192,9.124877,97.77605,356.2245,0.3391058,0.004757303,-0.9407359,0.4797511,-0.03110588,0.03761052,3.371696,-0.4862026,-3.433084,-0.2861168,-0.2072,1.991,-0.1453545,-0.06501395,-0.9872414,0.1478783,0.9852022,-0.08665223,0.978266,-0.1585868,-0.1335894,moving,-88.3277,83.72321,-8.177711,-5.941288,-17.608097191587046,9.574732736444602,120.26530230408154,18.15706703232255,97.9437286320073
2175,05/05/2023 11:22:19.226357,2357,True,True,True,True,Eyes,1.38549,0.008472359,-3.466353,0.9660632,-0.256996,-0.02597978,0.0,0.0,0.0,0.0,0.0,0.0,0.0,-3.23423,-0.5294873,-1.820917,1.42271,0.01620116,-3.468714,0.03018502,0.7491754,-0.08303455,0.6564529,9.44176,97.24183,356.2924,0.3422772,0.00449834,-0.939588,0.450966,-0.02923953,0.03535389,3.378683,-0.4958602,-3.411742,-0.2902916,-0.2071999,1.991,-0.1363171,-0.06378878,-0.9886094,0.1542443,0.9843883,-0.0847848,0.9785839,-0.1640449,-0.1243499,moving,-88.45955,84.22757,-8.29538,-5.941285,-17.642569579780723,9.603765514539589,120.65121865857769,18.138868447065512,97.92597561265346
2176,05/05/2023 11:22:19.246585,2358,True,True,True,True,Eyes,1.388148,0.008918256,-3.466669,0.9660513,-0.2572743,-0.02355662,0.0,0.0,0.0,0.0,0.0,0.0,0.0,-3.251276,-0.5442642,-1.797507,1.433681,0.02011123,-3.470188,0.03283995,0.7458299,-0.08554382,0.6598043,9.84237,96.68404,356.2816,0.3451794,0.004275629,-0.9385267,0.423908,-0.02748515,0.03323266,3.385973,-0.5051192,-3.389402,-0.2946555,-0.2071999,1.991001,-0.1271599,-0.06389831,-0.989822,0.1618704,0.9832076,-0.08426637,0.978585,-0.1709381,-0.1146812,moving,-88.60316,84.76846,-8.418307,-5.941282,-17.679673555244577,9.63495769825084,121.06968218484005,18.12159357253021,97.90433291628585
2177,05/05/2023 11:22:19.256611,2359,True,True,True,True,Eyes,1.391102,0.009409213,-3.466991,0.9659849,-0.25776,-0.02080748,0.0,0.0,0.0,0.0,0.0,0.0,0.0,-3.26615,-0.5300894,-1.785296,1.444338,0.02178656,-3.47123,0.02865382,0.743418,-0.08181896,0.6631849,9.186985,96.22153,356.1712,0.3478476,0.004087018,-0.937542,0.3984735,-0.02583604,0.0312387,3.402415,-0.4804634,-3.370626,-0.2990453,-0.2072001,1.991,-0.1187294,-0.06591866,-0.9907361,0.1511257,0.9849692,-0.0836458,0.9813584,-0.1596569,-0.1069828,moving,-88.76604,85.38485,-8.541889,-5.941289,-17.721909366272563,9.670483967589394,121.55812629486407,18.110776601701378,97.8631296679341
2178,05/05/2023 11:22:19.286466,2360,True,True,True,True,Eyes,1.394384,0.009961501,-3.46728,0.9659025,-0.2582935,-0.01780119,0.0,0.0,0.0,0.0,0.0,0.0,0.0,-3.283038,-0.546141,-1.758566,1.454362,0.02340972,-3.471807,0.03028506,0.7398171,-0.08452687,0.6667901,9.523747,95.61488,356.0514,0.3503122,0.003930301,-0.9366245,0.3745651,-0.02428588,0.02936438,3.408904,-0.4892739,-3.345571,-0.3033171,-0.2071999,1.991001,-0.108948,-0.06791254,-0.991725,0.1575342,0.983876,-0.08468127,0.9814854,-0.1654564,-0.09649281,moving,-88.94418,86.0575,-8.662071,-5.941282,-17.768024175491888,9.709262914646374,122.10238701586225,18.106847858189298,97.80366643042184
2179,05/05/2023 11:22:19.296349,2361,True,True,True,True,Eyes,1.397945,0.01051904,-3.467573,0.9658984,-0.2585104,-0.01458073,0.0,0.0,0.0,0.0,0.0,0.0,0.0,-3.297232,-0.5543978,-1.739958,1.465441,0.02537675,-3.472519,0.0282161,0.7368548,-0.08470017,0.6701305,9.360188,95.08784,355.8189,0.3526017,0.00380393,-0.9357656,0.3520912,-0.02282873,0.02760251,3.420895,-0.4802091,-3.323457,-0.3076024,-0.2072,1.991001,-0.100258,-0.07193799,-0.9923576,0.1551027,0.9840595,-0.08700649,0.9827979,-0.1626404,-0.08750211,moving,-89.13515,86.77177,-8.782552,-5.941285,-17.81710257147902,9.750487591183798,122.68761377083926,18.106762026437497,97.73494706208244
2180,05/05/2023 11:22:19.306501,2362,True,True,True,True,Eyes,1.401767,0.01102149,-3.467829,0.9658281,-0.2589477,-0.01105378,0.0,0.0,0.0,0.0,0.0,0.0,0.0,-3.311025,-0.551213,-1.724217,1.475649,0.02600531,-3.472956,0.02489185,0.7341694,-0.08298306,0.6734164,8.938396,94.60137,355.6333,0.3547404,0.003704973,-0.9349573,0.3309658,-0.02145901,0.02594636,3.434103,-0.4639096,-3.30193,-0.3127197,-0.2071999,1.991001,-0.09178175,-0.07521463,-0.9929346,0.148314,0.9849885,-0.08832208,0.9846721,-0.1553724,-0.07924859,moving,-89.34428,87.55569,-8.926328,-5.941282,-17.87093853629641,9.79572034501228,123.32368295280145,18.101361839733126,97.6693855221407
2181,05/05/2023 11:22:19.326500,2363,True,True,True,True,Eyes,1.405851,0.01149951,-3.468074,0.9657413,-0.259404,-0.007292962,0.0,0.0,0.0,0.0,0.0,0.0,0.0,-3.325257,-0.558775,-1.702966,1.4857,0.02519577,-3.472998,0.02468968,0.731028,-0.08413493,0.6766906,8.999421,94.06541,355.4839,0.3567497,0.003629208,-0.9341927,0.3111078,-0.02017147,0.02438958,3.442412,-0.4656599,-3.279585,-0.3163154,-0.2071999,1.991001,-0.08296096,-0.07776894,-0.9935138,0.1499643,0.9846234,-0.08959541,0.9852048,-0.1564245,-0.07002272,moving,-89.56733,88.3896,-9.027282,-5.941283,-17.928243194902105,9.843852513037833,124.03634475185889,18.121744214013212,97.54926211785941
2182,05/05/2023 11:22:19.346222,2364,True,True,True,True,Eyes,1.410204,0.01200479,-3.468284,0.9656683,-0.2597577,-0.003269362,0.0,0.0,0.0,0.0,0.0,0.0,0.0,-3.340326,-0.5630875,-1.681089,1.49605,0.025096,-3.473055,0.02491462,0.7277872,-0.08488175,0.6800737,9.058292,93.51759,355.4007,0.3586487,0.003573652,-0.9334655,0.2924413,-0.01896118,0.02292621,3.450724,-0.4669381,-3.256428,-0.3205658,-0.2071999,1.991001,-0.07375807,-0.07918661,-0.9941275,0.1517168,0.9843487,-0.08966413,0.9856683,-0.1574392,-0.0605898,moving,-89.80602,89.27891,-9.146544,-5.941284,-17.989404959701936,9.895203343879995,124.7911712181283,18.138095857765553,97.4326544373593
2183,05/05/2023 11:22:19.356730,2365,True,True,True,True,Eyes,1.414804,0.01250256,-3.468477,0.9656709,-0.259767,0.0009238959,0.0,0.0,0.0,0.0,0.0,0.0,0.0,-3.355723,-0.5547882,-1.662683,1.506827,0.02621093,-3.473034,0.02263333,0.7247556,-0.08274131,0.6836455,8.677973,92.99006,355.3393,0.3604549,0.00353699,-0.9327697,0.2748949,-0.01782351,0.02155063,3.462996,-0.452233,-3.233925,-0.3250619,-0.2071998,1.991001,-0.0642334,-0.08032419,-0.9946971,0.1459387,0.9852833,-0.08898808,0.9872063,-0.1508808,-0.05156558,moving,89.94518,-89.79623,-9.272619,-5.941282,2.3579818072518046,-3.81760033757397,129.90698188506693,11.822897231261503,97.31583244633407
2184,05/05/2023 11:22:19.376791,2366,True,True,True,True,Eyes,1.41964,0.01300297,-3.468637,0.965645,-0.2598082,0.005409527,0.0,0.0,0.0,0.0,0.0,0.0,0.0,-3.370547,-0.5411337,-1.64639,1.517338,0.02646031,-3.472895,0.01977731,0.7219136,-0.07973794,0.6870891,8.18127,92.49567,355.305,0.3621841,0.003517105,-0.9320996,0.2584012,-0.0167541,0.0202576,3.475713,-0.4345858,-3.212679,-0.3293897,-0.2071999,1.991,-0.05503479,-0.08101913,-0.9951921,0.1381292,0.9865015,-0.08795026,0.988884,-0.1423053,-0.04310079,moving,89.67903,-88.80721,-9.393887,-5.941283,2.289919980296216,-3.760474144827765,129.1596095552252,11.885590974605183,97.1775370608108
2185,05/05/2023 11:22:19.396326,2367,True,True,True,True,Eyes,1.424695,0.01353524,-3.468773,0.9656294,-0.2597294,0.01003258,0.0,0.0,0.0,0.0,0.0,0.0,0.0,-3.385735,-0.53032,-1.627911,1.527844,0.0270086,-3.472678,0.01892098,0.7189044,-0.07783137,0.6904787,7.934196,91.98828,355.3509,0.363849,0.003512382,-0.9314511,0.2428971,-0.01574885,0.01904214,3.485959,-0.4255779,-3.191107,-0.3336423,-0.2072,1.991,-0.04576229,-0.08027707,-0.9957216,0.1346866,0.9871686,-0.08577756,0.989831,-0.1380357,-0.03436292,moving,89.40474,-87.78793,-9.512966,-5.941289,2.219775927231105,-3.701600201975986,128.3884153780446,11.944598739304764,97.03033467830763
2186,05/05/2023 11:22:19.406474,2368,True,True,True,True,Eyes,1.429953,0.01408179,-3.468881,0.9655249,-0.259887,0.01484816,0.0,0.0,0.0,0.0,0.0,0.0,0.0,-3.400159,-0.5195708,-1.61011,1.538114,0.02827903,-3.472304,0.01858309,0.7160047,-0.07602092,0.6936951,7.738072,91.50448,355.4353,0.3654609,0.003522132,-0.9308197,0.2283233,-0.01480392,0.01789961,3.495412,-0.4177866,-3.169925,-0.3382459,-0.2072,1.991001,-0.03688358,-0.07885952,-0.9962032,0.1320818,0.987751,-0.08308067,0.9905524,-0.1346446,-0.02601589,moving,89.11896,-86.73007,-9.641775,-5.941287,2.1469093243142128,-3.640469487947535,127.59510271307953,12.011113159158022,96.87953652265234
2187,05/05/2023 11:22:19.426181,2369,True,True,True,True,Eyes,1.435374,0.01458932,-3.468944,0.9653521,-0.2601992,0.01979167,0.0,0.0,0.0,0.0,0.0,0.0,0.0,-3.414626,-0.5064536,-1.592143,1.548294,0.02921125,-3.471745,0.01919475,0.7131003,-0.07427997,0.6968516,7.62506,91.02676,355.5938,0.3670304,0.00354527,-0.9302019,0.2146239,-0.01391569,0.01682563,3.503848,-0.4136874,-3.149764,-0.3420651,-0.2071999,1.991,-0.02805927,-0.07614866,-0.9967017,0.1308998,0.9882281,-0.07918637,0.9909986,-0.1326899,-0.01776106,moving,88.82549,-85.65026,-9.748564,-5.941284,2.072423424544792,-3.5780252656869798,126.76894326673033,12.05490504054482,96.69896374702468
2188,05/05/2023 11:22:19.446230,2370,True,True,True,True,Eyes,1.440943,0.01507095,-3.468976,0.9649748,-0.2611428,0.02506173,0.0,0.0,0.0,0.0,0.0,0.0,0.0,-3.429994,-0.4940181,-1.569926,1.557601,0.02881091,-3.470826,0.02233725,0.7098854,-0.073812,0.7000826,7.820611,90.51313,355.8535,0.3685652,0.003579389,-0.9295948,0.2017464,-0.01308075,0.0158161,3.50852,-0.4220301,-3.127818,-0.3463902,-0.2072001,1.991,-0.01877088,-0.07163521,-0.9972543,0.1350628,0.9881057,-0.07352028,0.9906592,-0.136072,-0.008872396,moving,88.51228,-84.51815,-9.869421,-5.941289,1.9939928152404311,-3.5124150697851872,125.90981763256876,12.109501059932843,96.50790772865653
2189,05/05/2023 11:22:19.456840,2371,True,True,True,True,Eyes,1.446646,0.01555798,-3.468957,0.9644596,-0.2624643,0.03049798,0.0,0.0,0.0,0.0,0.0,0.0,0.0,-3.44645,-0.4909685,-1.541592,1.566793,0.0288363,-3.469857,0.02806814,0.7061296,-0.07564352,0.703471,8.413638,89.93127,356.1288,0.370073,0.003622702,-0.9289953,0.1896417,-0.0122959,0.01486713,3.509144,-0.4435557,-3.103513,-0.3508253,-0.2072,1.991,-0.00868152,-0.06678657,-0.9977295,0.1460655,0.9869805,-0.067338,0.9892368,-0.1463185,0.001186737,moving,88.1888,-83.37203,-9.993255,-5.941289,1.914201649454367,-3.445829186303484,125.04093560043489,12.166135111053523,96.30691577148181
2190,05/05/2023 11:22:19.476358,2372,True,True,True,True,Eyes,1.452494,0.01607027,-3.468922,0.9638118,-0.2641169,0.03618016,0.0,0.0,0.0,0.0,0.0,0.0,0.0,-3.461926,-0.4944116,-1.512088,1.575748,0.02953382,-3.468707,0.03311583,0.7022868,-0.07808792,0.7068231,9.003471,89.33906,356.292,0.3715593,0.003674405,-0.9284016,0.1782632,-0.01155815,0.0139751,3.509082,-0.4635722,-3.078456,-0.3552673,-0.2071999,1.991,0.001391111,-0.06387506,-0.9979569,0.1569023,0.9856113,-0.06286614,0.9876131,-0.1564943,0.01139324,moving,87.85021,-82.19987,-10.11719,-5.941286,1.8321243068449435,-3.3775317124015096,124.1490358256763,12.221249872699145,96.08902147873843
2191,05/05/2023 11:22:19.496424,2373,True,True,True,True,Eyes,1.458477,0.01660028,-3.468836,0.963114,-0.2658024,0.04195917,0.0,0.0,0.0,0.0,0.0,0.0,0.0,-3.476672,-0.497099,-1.484589,1.58508,0.03079605,-3.467698,0.03688875,0.6985869,-0.07986849,0.7100964,9.437943,88.76675,356.403,0.3730298,0.00373432,-0.9278116,0.1675674,-0.01086466,0.0131366,3.510468,-0.4774306,-3.054375,-0.3594965,-0.2071999,1.991,0.01119482,-0.06188864,-0.9980204,0.1649686,0.9845205,-0.05920101,0.9862354,-0.1639793,0.02123123,moving,87.50542,-81.0294,-10.23509,-5.941285,1.7497573915415794,-3.3091614210108062,123.25352858767705,12.270478455773917,95.85933172115277
2192,05/05/2023 11:22:19.506943,2374,True,True,True,True,Eyes,1.464572,0.01712717,-3.468639,0.9624689,-0.2670841,0.04816256,0.0,0.0,0.0,0.0,0.0,0.0,0.0,-3.489702,-0.4925361,-1.462364,1.594328,0.03176743,-3.466444,0.03863392,0.6953677,-0.079863,0.7131572,9.565351,88.25997,356.5011,0.3744892,0.003802075,-0.9272232,0.1575133,-0.01021278,0.0123484,3.514666,-0.4811201,-3.032057,-0.3639089,-0.2071999,1.991001,0.02017143,-0.06018018,-0.9979837,0.1676393,0.9842587,-0.05596418,0.9856421,-0.1661724,0.02994244,moving,87.13527,-79.77787,-10.35801,-5.941282,1.66159584209693,-3.236018247120442,122.29792055730196,12.320283136844488,95.61360917574969
2193,05/05/2023 11:22:19.526089,2375,True,True,True,True,Eyes,1.470767,0.0176286,-3.468376,0.9617669,-0.2684038,0.05444112,0.0,0.0,0.0,0.0,0.0,0.0,0.0,-3.502814,-0.4801919,-1.440703,1.603141,0.03215308,-3.464798,0.04005101,0.6921887,-0.07873024,0.7162907,9.576755,87.75996,356.6662,0.3759418,0.003876779,-0.9266348,0.1480625,-0.009600013,0.0116075,3.519229,-0.4819412,-3.009948,-0.3681839,-0.2071999,1.991,0.02935283,-0.05734176,-0.997923,0.1682332,0.9843949,-0.05161602,0.9853101,-0.1663687,0.03854153,moving,86.76022,-78.53408,-10.47701,-5.941285,1.573541055714295,-3.163143303774392,121.34575717339659,12.366642714604646,95.35928413866178
2194,05/05/2023 11:22:19.546456,2376,True,True,True,True,Eyes,1.477056,0.01811237,-3.468304,0.9614764,-0.2678374,0.0618562,0.0,0.0,0.0,0.0,0.0,0.0,0.0,-3.517673,-0.4594164,-1.416323,1.611755,0.03205696,-3.462986,0.04278815,0.6886892,-0.07703313,0.7196822,9.653624,87.22357,356.9797,0.3773915,0.003957076,-0.9260451,0.1391788,-0.009024012,0.01091105,3.522339,-0.4864472,-2.986924,-0.3725568,-0.2071999,1.991001,0.03954647,-0.05194328,-0.9978668,0.1698142,0.9844701,-0.04451601,0.9846824,-0.1676915,0.047753,moving,86.31898,-76.99572,-10.59864,-5.941282,1.4660124736871536,-3.073588869368689,120.17386665144899,12.400786394512066,95.05911619251246
2195,05/05/2023 11:22:19.556329,2377,True,True,True,True,Eyes,1.483422,0.01858449,-3.468148,0.96103,-0.2675888,0.06940885,0.0,0.0,0.0,0.0,0.0,0.0,0.0,-3.536173,-0.4243335,-1.38502,1.619916,0.03181274,-3.460884,0.04848132,0.6844063,-0.07460864,0.7236515,9.921128,86.59674,357.5785,0.3788379,0.004041862,-0.925454,0.1308281,-0.008482571,0.01025638,3.521942,-0.4994519,-2.961719,-0.3769569,-0.2071999,1.991001,0.05204341,-0.04161948,-0.9977773,0.1743431,0.9841662,-0.03195808,0.9833088,-0.1722924,0.05847543,moving,85.86908,-75.45872,-10.72093,-5.941283,1.3580269904611066,-2.983881828989854,119.00547919675408,12.435731730127559,94.74871024463954
2196,05/05/2023 11:22:19.576167,2378,True,True,True,True,Eyes,1.644517,0.0306759,-3.460976,0.92994,-0.2596088,0.2604128,0.0,0.0,0.0,0.0,0.0,0.0,0.0,-3.558228,-0.3735377,-1.346939,1.628072,0.03173955,-3.458776,0.05561535,0.679263,-0.07064861,0.7283664,10.19476,85.86212,358.407,0.3802838,0.00413038,-0.9248604,0.1229784,-0.007973617,0.009641,3.519924,-0.5140756,-2.934052,-0.3812333,-0.2071999,1.991001,0.06722124,-0.02736126,-0.9973629,0.178471,0.9838314,-0.01496126,0.9816464,-0.1769947,0.07101755,moving,74.35606,-44.91142,-10.83969,-5.941283,-0.944974851939386,-1.1351324050029827,93.68557730975067,11.00020324371556,83.86574997178793
2197,05/05/2023 11:22:19.596381,2379,True,True,True,True,Eyes,1.644862,0.03066829,-3.460893,0.9298051,-0.2596117,0.2608913,0.0,0.0,0.0,0.0,0.0,0.0,0.0,-3.581475,-0.317027,-1.304504,1.636377,0.03237345,-3.456939,0.06122637,0.6735911,-0.06528094,0.7336655,10.24075,85.04175,359.2253,0.3861752,0.004569071,-0.9224139,0.5988837,0.02877903,0.03057886,3.51899,-0.5203459,-2.903812,-0.3855773,-0.2072,1.991,0.084027,-0.01330566,-0.9963747,0.1782718,0.9839795,0.001894034,0.9803871,-0.1777847,0.08505286,moving,74.32656,-44.85913,-10.96023,-5.941286,-0.9495142979327048,-1.131716981355452,93.74665396755468,11.106141679841931,83.95399009522211
2198,05/05/2023 11:22:19.606806,2380,True,True,True,True,Eyes,1.645553,0.03065777,-3.460752,0.9296328,-0.2592967,0.261817,0.0,0.0,0.0,0.0,0.0,0.0,0.0,-3.602226,-0.2640188,-1.264187,1.644955,0.03232511,-3.454994,0.06492822,0.668125,-0.05973122,0.7388002,10.12253,84.24074,359.9128,0.3910815,0.004942769,-0.9203425,0.5629507,0.02705229,0.02874413,3.51978,-0.5209909,-2.873665,-0.3899429,-0.2072,1.991001,0.1000825,-0.00149855,-0.994978,0.1750192,0.984433,0.01612211,0.979465,-0.1757538,0.09878682,moving,74.27094,-44.72289,-11.08127,-5.941285,-0.9600461801766532,-1.1233622012802966,93.7497340703435,11.209440294028182,84.01900667903142
2199,05/05/2023 11:22:19.626697,2381,True,True,True,True,Eyes,1.646564,0.03062848,-3.460523,0.9293981,-0.2588353,0.2631035,0.0,0.0,0.0,0.0,0.0,0.0,0.0,-3.619854,-0.218478,-1.228242,1.653747,0.03209603,-3.453078,0.06711709,0.6631551,-0.05459135,0.7434652,9.915958,83.50414,0.4562802,0.395189,0.005261903,-0.9185846,0.5291736,0.02542915,0.02701948,3.52201,-0.5179522,-2.845215,-0.3942639,-0.2072,1.991,0.1144902,0.007844548,-0.9933935,0.1701916,0.9850301,0.02739337,0.9787374,-0.1722035,0.1114412,moving,74.1937,-44.53148,-11.20098,-5.941289,-0.9747878345516838,-1.1116473072214763,93.70941368784078,11.30930789594576,84.06263930932744
2200,05/05/2023 11:22:19.646278,2382,True,True,True,True,Eyes,1.647886,0.03055909,-3.460225,0.9291848,-0.2580315,0.2646419,0.0,0.0,0.0,0.0,0.0,0.0,0.0,-3.633535,-0.182651,-1.198673,1.662393,0.03154064,-3.450827,0.0675055,0.6589617,-0.05003524,0.7474685,9.605248,82.86741,0.8233103,0.3986607,0.005535314,-0.9170815,0.4974232,0.0239034,0.02539831,3.525927,-0.5105964,-2.819012,-0.3985565,-0.2072,1.991,0.1265321,0.01416753,-0.9918614,0.1637666,0.985879,0.03497385,0.9783508,-0.1668591,0.1224251,moving,74.10247,-44.27541,-11.31979,-5.941285,-0.9937712303402932,-1.0962849655040197,93.62941654748909,11.40616889957494,84.09352510645817
2201,05/05/2023 11:22:19.656343,2383,True,True,True,True,Eyes,1.649493,0.03044006,-3.459832,0.9288782,-0.2572283,0.2664935,0.0,0.0,0.0,0.0,0.0,0.0,0.0,-3.645141,-0.1563259,-1.17202,1.671015,0.03040955,-3.448464,0.06746945,0.6551334,-0.04668021,0.7510454,9.352542,82.28294,1.061832,0.4018118,0.005779442,-0.9157038,0.4675778,0.0224692,0.02387442,3.529552,-0.5049318,-2.793498,-0.4033764,-0.2072,1.991001,0.1372424,0.01828505,-0.9903688,0.1585209,0.9865377,0.04018169,0.9777709,-0.1625088,0.1324963,moving,73.99191,-43.98649,-11.45309,-5.941286,-1.0156550565856728,-1.0787565425588754,93.53227021943613,11.514523043638809,84.11981568960779
2202,05/05/2023 11:22:19.676166,2384,True,True,True,True,Eyes,1.651367,0.03028109,-3.459342,0.9285146,-0.256374,0.2685759,0.0,0.0,0.0,0.0,0.0,0.0,0.0,-3.656037,-0.1390958,-1.144196,1.679383,0.02907341,-3.445862,0.0680313,0.6512308,-0.04490669,0.7544891,9.273477,81.69583,1.210232,0.4046825,0.005995939,-0.9144374,0.4395231,0.02112105,0.02244195,3.531154,-0.5047097,-2.76833,-0.4074477,-0.2071999,1.991001,0.147764,0.02084492,-0.988803,0.1563713,0.9867103,0.04416851,0.9765828,-0.161147,0.1425406,moving,73.86732,-43.66846,-11.56559,-5.941282,-1.0399200733838176,-1.0593880222973926,93.392301989574,11.602698660811685,84.11269258694294
2203,05/05/2023 11:22:19.696098,2385,True,True,True,True,Eyes,1.653501,0.03008331,-3.458758,0.9280421,-0.255624,0.2709135,0.0,0.0,0.0,0.0,0.0,0.0,0.0,-3.666282,-0.1293177,-1.116094,1.687633,0.02796126,-3.443127,0.06860075,0.6473471,-0.04416315,0.7578161,9.273727,81.11275,1.270448,0.4073077,0.006186501,-0.9132697,0.4131517,0.01985378,0.02109543,3.531729,-0.5063382,-2.742963,-0.4115572,-0.2071999,1.991001,0.1579828,0.02188189,-0.9871994,0.1557521,0.9866871,0.04679574,0.9750809,-0.1611513,0.1524715,moving,73.72645,-43.33672,-11.67905,-5.941284,-1.0658964739591583,-1.0389051557674849,93.23367451666857,11.690694851021117,84.09034072535337
2204,05/05/2023 11:22:19.706815,2386,True,True,True,True,Eyes,1.655892,0.02985348,-3.458118,0.9274527,-0.2549425,0.2735612,0.0,0.0,0.0,0.0,0.0,0.0,0.0,-3.675352,-0.1214344,-1.090838,1.695945,0.02683756,-3.440339,0.06975847,0.64373,-0.04391249,0.7608005,9.362493,80.57994,1.335364,0.4097196,0.006352744,-0.9121891,0.3883626,0.01866256,0.01982971,3.531852,-0.5110087,-2.719057,-0.4160118,-0.2072001,1.991001,0.167367,0.02299395,-0.9856266,0.1566285,0.9864109,0.04960899,0.9733735,-0.1626801,0.1614911,moving,73.56606,-42.98235,-11.80193,-5.941288,-1.0942493160521505,-1.0167712179623818,93.05769173328953,11.785808888912124,84.05797634249528
2205,05/05/2023 11:22:19.727458,2387,True,True,True,True,Eyes,1.658515,0.02958076,-3.457376,0.9267653,-0.254375,0.2764044,0.0,0.0,0.0,0.0,0.0,0.0,0.0,-3.683414,-0.1127182,-1.067858,1.70427,0.02583403,-3.437348,0.07120565,0.6403196,-0.04362949,0.7635555,9.47473,80.08482,1.42689,0.4119457,0.006496252,-0.9111849,0.3650609,0.0175428,0.01863992,3.532012,-0.5165458,-2.69644,-0.4204118,-0.2072,1.991001,0.1761745,0.02456165,-0.9840526,0.1578158,0.9860525,0.05286529,0.9716259,-0.1646126,0.1698411,moving,73.39298,-42.62337,-11.9232,-5.941286,-1.123617704886735,-0.9940777789061092,92.8677869682241,11.878798210752755,84.0112731668849
2206,05/05/2023 11:22:19.746590,2388,True,True,True,True,Eyes,1.661356,0.02927615,-3.456515,0.9258513,-0.2541526,0.279653,0.0,0.0,0.0,0.0,0.0,0.0,0.0,-3.690967,-0.1020028,-1.045472,1.712412,0.02453243,-3.434195,0.07272995,0.6369589,-0.0431384,0.766246,9.579318,79.60085,1.542477,0.4140106,0.006618164,-0.9102477,0.3431572,0.01649023,0.01752153,3.531997,-0.5223058,-2.674269,-0.424732,-0.2071999,1.991001,0.184845,0.02654271,-0.9824092,0.1587612,0.9856989,0.0565033,0.9698595,-0.1664128,0.1779875,moving,73.19308,-42.265,-12.04217,-5.941282,-1.1545898733928093,-0.9707284954374628,92.65236279721107,11.968533876587005,83.93488413085066
2207,05/05/2023 11:22:19.756211,2389,True,True,True,True,Eyes,1.66442,0.0289669,-3.455546,0.9248405,-0.2541015,0.2830241,0.0,0.0,0.0,0.0,0.0,0.0,0.0,-3.697331,-0.09327459,-1.026214,1.720524,0.02352804,-3.430935,0.07588505,0.6338533,-0.04357476,0.7684873,9.896761,79.17928,1.700111,0.4159369,0.006719842,-0.9093683,0.3225678,0.01550082,0.01647024,3.530608,-0.5352298,-2.654901,-0.4287527,-0.2072,1.991001,0.1926625,0.02922668,-0.9808298,0.1631733,0.9846854,0.06139339,0.9676031,-0.1718734,0.1849429,moving,72.9846,-41.91777,-12.15279,-5.941286,-1.1855015450207418,-0.9477261486541168,92.42663348307323,12.05060397007946,83.84133378527949
2208,05/05/2023 11:22:19.776466,2390,True,True,True,True,Eyes,1.66442,0.0289669,-3.455546,0.9248405,-0.2541015,0.2830241,0.0,0.0,0.0,0.0,0.0,0.0,0.0,-3.70355,-0.07941881,-1.007216,1.728919,0.02311142,-3.427446,0.07855204,0.6307248,-0.04298542,0.7708229,10.09748,78.75219,1.910452,0.4177443,0.006803178,-0.9085389,0.3032137,0.01457077,0.01548202,3.530246,-0.5440511,-2.634872,-0.4331449,-0.2072002,1.990999,0.200677,0.03282113,-0.9791074,0.1653577,0.9839637,0.06687548,0.965601,-0.1753234,0.1920316,moving,72.9846,-41.91777,-12.27354,-5.941294,-1.1855015450207418,-0.9477261486541168,92.53786933811571,12.160605110975933,83.95841815297611
2209,05/05/2023 11:22:19.796105,2391,True,True,True,True,Eyes,1.66442,0.0289669,-3.455546,0.9248405,-0.2541015,0.2830241,0.0,0.0,0.0,0.0,0.0,0.0,0.0,-3.709498,-0.06205966,-0.9878261,1.73724,0.02240942,-3.423672,0.08005844,0.6275777,-0.04143254,0.7733176,10.1267,78.30919,2.119331,0.4193699,0.006878175,-0.9077891,0.2850209,0.01369652,0.0145531,3.531084,-0.5474196,-2.613822,-0.437524,-0.2072,1.990999,0.2088591,0.03640475,-0.9772679,0.1645668,0.983748,0.07181694,0.9639997,-0.1758255,0.1994737,moving,72.9846,-41.91777,-12.39381,-5.941291,-1.1855015450207418,-0.9477261486541168,92.6486909533294,12.270365452852518,84.07504167834637
2210,05/05/2023 11:22:19.806283,2392,True,True,True,True,Eyes,1.668356,0.02858217,-3.45412,0.9232879,-0.2544793,0.2877148,0.0,0.0,0.0,0.0,0.0,0.0,0.0,-3.715687,-0.0452086,-0.9665875,1.745473,0.02155022,-3.419872,0.08249222,0.624185,-0.04041859,0.7758572,10.28017,77.84505,2.345175,0.4208317,0.006945649,-0.9071119,0.2679196,0.01287473,0.01367992,3.53009,-0.5552709,-2.592286,-0.4421193,-0.2072,1.990999,0.217519,0.04026271,-0.9752253,0.1656989,0.9831228,0.07754703,0.9618883,-0.1784617,0.2071764,moving,72.69193,-41.49227,-12.51989,-5.941289,-1.2256496716982097,-0.9185861754658764,92.33052863367978,12.360720377753943,83.91338509940759
2211,05/05/2023 11:22:19.826408,2393,True,True,True,True,Eyes,1.672475,0.02819953,-3.452582,0.9216918,-0.2548582,0.2924579,0.0,0.0,0.0,0.0,0.0,0.0,0.0,-3.721079,-0.02751115,-0.9472243,1.753835,0.02092065,-3.415852,0.08436167,0.6209853,-0.0389754,0.7782939,10.3536,77.40421,2.569782,0.4222445,0.006996249,-0.9064546,0.2518445,0.01210225,0.01285912,3.530294,-0.5602065,-2.571723,-0.4461563,-0.2072001,1.990999,0.2257165,0.04410607,-0.9731941,0.1654433,0.982728,0.08291006,0.960042,-0.1797226,0.2145209,moving,72.39548,-41.07005,-12.63056,-5.941291,-1.2658564521155151,-0.8895162431478498,91.9970498818396,12.436917420537405,83.73314555666579
2212,05/05/2023 11:22:19.846241,2394,True,True,True,True,Eyes,1.676763,0.02780598,-3.450919,0.9198693,-0.2551973,0.29785,0.0,0.0,0.0,0.0,0.0,0.0,0.0,-3.725542,-0.01128048,-0.9305259,1.762297,0.02056641,-3.411679,0.08540152,0.6181026,-0.03729083,0.7805544,10.33599,76.99936,2.759283,0.4236189,0.007031741,-0.9058129,0.2367338,0.01137611,0.01208757,3.531796,-0.5616015,-2.551431,-0.4506248,-0.2072,1.991,0.2331172,0.04735875,-0.9712948,0.1637888,0.9826319,0.08722194,0.9585559,-0.1794202,0.2213116,moving,72.05825,-40.5899,-12.75294,-5.941286,-1.3115862065798938,-0.8564551022235642,91.6158523473809,12.52038665078641,83.52516221629683
2213,05/05/2023 11:22:19.856496,2395,True,True,True,True,Eyes,1.681225,0.02740154,-3.449134,0.9180121,-0.2554545,0.3033096,0.0,0.0,0.0,0.0,0.0,0.0,0.0,-3.730009,0.00642246,-0.911575,1.77063,0.01988181,-3.407118,0.08561867,0.6150154,-0.03509901,0.7830667,10.21039,76.55373,2.932186,0.4249635,0.007053356,-0.9051827,0.2225298,0.01069355,0.01136232,3.533519,-0.5596031,-2.529403,-0.4549189,-0.2072001,1.990999,0.2410484,0.05034386,-0.9692064,0.1602833,0.982875,0.09091741,0.9571859,-0.1772631,0.2288511,moving,71.71654,-40.10487,-12.87045,-5.941293,-1.3578449307733846,-0.823030987938878,91.22559328771192,12.599074628880105,83.30850501111641
2214,05/05/2023 11:22:19.876564,2396,True,True,True,True,Eyes,1.685853,0.02698202,-3.447222,0.9159867,-0.2556172,0.309238,0.0,0.0,0.0,0.0,0.0,0.0,0.0,-3.734674,0.02424619,-0.8914665,1.77923,0.01917938,-3.402509,0.08566431,0.6117806,-0.03282387,0.78569,10.06546,76.08551,3.099433,0.4262849,0.007062194,-0.9045612,0.209178,0.01005193,0.01068058,3.535152,-0.5569586,-2.506529,-0.4593102,-0.2071999,1.991,0.2492944,0.05323674,-0.9669634,0.1563943,0.9831684,0.09444916,0.955716,-0.1747732,0.2367724,moving,71.34527,-39.57725,-12.99048,-5.941287,-1.4081384338395608,-0.7866833377129909,90.79590703880802,12.677561874054115,83.0662480065999
2215,05/05/2023 11:22:19.896301,2397,True,True,True,True,Eyes,1.690647,0.02653887,-3.445193,0.9139625,-0.25559,0.3151925,0.0,0.0,0.0,0.0,0.0,0.0,0.0,-3.738892,0.04518333,-0.8720763,1.787858,0.01835611,-3.397808,0.08517569,0.6086227,-0.02986244,0.7883095,9.825006,75.62374,3.29291,0.4275922,0.00705916,-0.9039439,0.1966273,0.009448818,0.01003974,3.537686,-0.5514462,-2.48386,-0.4635326,-0.2072001,1.991,0.2573734,0.05659802,-0.9646531,0.1507614,0.9837067,0.09793969,0.954479,-0.1706395,0.2446471,moving,70.97255,-39.03864,-13.1058,-5.941289,-1.4590963008186089,-0.7497395075430466,90.35819598652742,12.751387892663118,82.81882002454881
2216,05/05/2023 11:22:19.906551,2398,True,True,True,True,Eyes,1.695589,0.02609587,-3.443026,0.9118149,-0.2554665,0.3214505,0.0,0.0,0.0,0.0,0.0,0.0,0.0,-3.742357,0.06719148,-0.8549379,1.796605,0.01728231,-3.393019,0.08408,0.6057137,-0.02646727,0.7907851,9.499651,75.19157,3.487522,0.4288899,0.007044832,-0.9033291,0.1848297,0.008881889,0.009437359,3.541335,-0.5433812,-2.461504,-0.4681148,-0.2072001,1.991,0.2648211,0.05999695,-0.9624293,0.1437166,0.9844601,0.1009152,0.9535278,-0.1650416,0.2520832,moving,70.58044,-38.47523,-13.23082,-5.94129,-1.5125363990451204,-0.7110375508458593,89.90430776504093,12.83252552050028,82.56250920907524
2217,05/05/2023 11:22:19.926506,2399,True,True,True,True,Eyes,1.700691,0.02564738,-3.440738,0.9096845,-0.2550805,0.3277318,0.0,0.0,0.0,0.0,0.0,0.0,0.0,-3.745499,0.08458543,-0.8377258,1.80517,0.01682248,-3.388035,0.08379345,0.6027886,-0.02400971,0.7931255,9.315048,74.76888,3.656521,0.430184,0.007020351,-0.9027137,0.1737399,0.008348976,0.008871118,3.543571,-0.5392165,-2.439995,-0.472213,-0.2072,1.990999,0.2721388,0.06293403,-0.9601979,0.1391049,0.9848045,0.1039719,0.9521504,-0.161863,0.2592491,moving,70.18744,-37.89436,-13.34253,-5.94129,-1.566945765915133,-0.6714246369766839,89.43296132090114,12.901002480366436,82.29345552655435
2218,05/05/2023 11:22:19.946461,2400,True,True,True,True,Eyes,1.705926,0.02520985,-3.438336,0.9074054,-0.2548068,0.3341991,0.0,0.0,0.0,0.0,0.0,0.0,0.0,-3.748504,0.1022318,-0.820016,1.813914,0.01615393,-3.382841,0.08195784,0.599879,-0.02082814,0.7956095,8.940087,74.32752,3.783647,0.431479,0.006986606,-0.9020957,0.1633155,0.007848037,0.008338851,3.547164,-0.5285617,-2.416724,-0.4766945,-0.2071998,1.991001,0.2794227,0.06518745,-0.9579529,0.1314717,0.9856982,0.1054241,0.9511247,-0.1554016,0.2668562,moving,69.78115,-37.32335,-13.46456,-5.941282,-1.6216489760304196,-0.6319729225707258,88.96450092795847,12.978570969152695,82.02106638862722
2219,05/05/2023 11:22:19.956748,2401,True,True,True,True,Eyes,1.711299,0.024915,-3.435821,0.9050533,-0.2547562,0.3405552,0.0,0.0,0.0,0.0,0.0,0.0,0.0,-3.751155,0.1095157,-0.8061937,1.822551,0.0158584,-3.378042,0.08016037,0.5974602,-0.01904569,0.7976546,8.663941,73.95542,3.793254,0.4327792,0.0069448,-0.9014729,0.1535166,0.007377155,0.00783852,3.550695,-0.5199234,-2.39567,-0.4812336,-0.2072,1.991,0.2853572,0.0654015,-0.9561871,0.126169,0.9864231,0.1051225,0.9500803,-0.1506387,0.2732313,moving,69.37959,-36.79874,-13.58804,-5.941288,-1.6736321218874437,-0.5950026437945808,88.5201105498022,13.058938785215553,81.75370452672986
2220,05/05/2023 11:22:19.976692,2402,True,True,True,True,Eyes,1.716828,0.02475073,-3.433157,0.9026874,-0.2544167,0.3470268,0.0,0.0,0.0,0.0,0.0,0.0,0.0,-3.753085,0.09788907,-0.7966725,1.831229,0.01918077,-3.372854,0.08224715,0.5953742,-0.0211935,0.7989468,9.012985,73.68013,3.719485,0.4340881,0.006899463,-0.9008437,0.1443056,0.006934526,0.007368209,3.550196,-0.528051,-2.378604,-0.4856257,-0.2072002,1.991,0.2901608,0.06407072,-0.9548307,0.1318006,0.9855725,0.1061861,0.9478583,-0.1566583,0.2775299,moving,68.97137,-36.24636,-13.70739,-5.941293,-1.727476741002234,-0.5564491810210397,88.0577903482258,13.134491411847906,81.4770201109871
2221,05/05/2023 11:22:19.996550,2403,True,True,True,True,Eyes,1.722466,0.02457943,-3.430382,0.9004008,-0.2538369,0.3533345,0.0,0.0,0.0,0.0,0.0,0.0,0.0,-3.7532,0.08602858,-0.7952362,1.840664,0.02217074,-3.367162,0.07701515,0.5945088,-0.01993294,0.8001442,8.450047,73.48043,3.458687,0.435409,0.006854376,-0.9002064,0.1356472,0.006518454,0.006926116,3.56002,-0.5042016,-2.360394,-0.4897166,-0.2072,1.991,0.2923242,0.05967389,-0.9544557,0.1234708,0.9873427,0.09954584,0.9483151,-0.1469471,0.2812561,moving,68.57401,-35.69361,-13.81846,-5.941288,-1.7806784005981775,-0.5181550271717645,87.59977041689427,13.202975311492253,81.20360565038354
2222,05/05/2023 11:22:20.006230,2404,True,True,True,True,Eyes,1.865311,0.02299237,-3.357279,0.8239841,-0.2576372,0.5046515,0.0,0.0,0.0,0.0,0.0,0.0,0.0,-3.75209,0.06752987,-0.7985023,1.848947,0.02181744,-3.361736,0.07324605,0.5941592,-0.0207467,0.8007368,8.161007,73.37436,3.116415,0.4367443,0.006809333,-0.8995597,0.1275084,0.006127347,0.006510549,3.56766,-0.4922033,-2.345394,-0.4940944,-0.2072001,1.991,0.2930889,0.05381433,-0.9545695,0.1202649,0.9884092,0.09264793,0.948491,-0.1419553,0.2832197,moving,58.51449,-27.04545,-13.93719,-5.941289,-2.847411623301541,0.1793933542208137,75.46278252447573,12.666725580257856,71.59405153195297
2223,05/05/2023 11:22:20.026139,2405,True,True,True,True,Eyes,1.865692,0.02314054,-3.357047,0.824017,-0.2574747,0.5046808,0.0,0.0,0.0,0.0,0.0,0.0,0.0,-3.751661,0.0421088,-0.7990915,1.856959,0.02461417,-3.356542,0.07921791,0.5930876,-0.02659564,0.8007899,9.115252,73.28717,2.982348,0.4426055,0.006729267,-0.8966909,0.5483919,0.0009985282,0.2254281,3.564463,-0.5207027,-2.33561,-0.4982264,-0.2072,1.991,0.2950795,0.05137128,-0.9540908,0.1365614,0.9860344,0.0953267,0.9456634,-0.1584209,0.2839431,moving,58.51403,-27.02946,-14.04914,-5.941288,-2.848277631280204,0.1802185221905272,75.56536666192049,12.764488235108542,71.7026304116253
2224,05/05/2023 11:22:20.046462,2406,True,True,True,True,Eyes,1.866376,0.02336824,-3.356578,0.8238786,-0.257376,0.5049569,2.056904,3.561015,-0.5060296,-2.31793,-0.8923993,0.1908376,0.4089065,-0.5122721,-0.205599,1.979633,1.866475,0.02829689,-3.350724,0.07701876,0.5932196,-0.0264476,0.8009115,8.902233,73.27467,2.843687,0.4474826,0.006660266,-0.8942676,0.5154884,0.0009386165,0.2119024,3.574407,-0.5088947,-2.324071,-0.5026044,-0.2071999,1.991001,0.2947822,0.0490137,-0.9543067,0.1337425,0.9867373,0.09199195,0.9461588,-0.1547489,0.2843173,moving,58.49578,-27.00789,-14.16764,-5.941284,-2.8505210666618384,0.1817831475055218,75.65563095008616,12.867366950708387,71.80031667021079
2225,05/05/2023 11:22:20.056584,2407,True,True,True,True,Eyes,1.867374,0.0236614,-3.355918,0.8237069,-0.2574643,0.5051922,2.056799,3.561574,-0.505891,-2.31684,-0.853805,0.1997505,0.480746,-0.5100539,-0.2149591,1.970989,1.874728,0.03050305,-3.345428,0.07568308,0.5931962,-0.02589752,0.8010742,8.741696,73.25409,2.800919,0.4515647,0.006603506,-0.8922136,0.4845591,0.0008822995,0.1991882,3.582404,-0.5011297,-2.31326,-0.5070977,-0.2072,1.991001,0.2948954,0.04829813,-0.9543082,0.1312815,0.9872027,0.09053089,0.9464682,-0.1519801,0.2847809,moving,58.47857,-27.00505,-14.28914,-5.941285,-2.8517195308397536,0.1823683710899963,75.75501181188822,12.973577671468563,71.90167637702795
2226,05/05/2023 11:22:20.076318,2408,True,True,True,True,Eyes,1.868692,0.02401381,-3.355051,0.8233793,-0.2575808,0.5056664,2.0698,3.572922,-0.5091269,-2.308423,-0.9807973,-0.01597076,-0.194375,-0.5129384,-0.2097037,1.976253,1.883288,0.03239948,-3.34019,0.07788023,0.5931216,-0.02675994,0.8008903,9.003272,73.27198,2.873964,0.4550629,0.006559696,-0.8904348,0.4554856,0.0008293616,0.1872369,3.587674,-0.5088871,-2.305501,-0.5113628,-0.2072001,1.991,0.2949812,0.04952135,-0.9542189,0.1352485,0.9864371,0.09300324,0.9458826,-0.1564908,0.2842827,moving,58.44444,-26.99378,-14.40434,-5.94129,-2.8543917149544558,0.1838157460579115,75.82975723743616,13.073569741567072,71.98055439697212
2227,05/05/2023 11:22:20.096271,2409,True,True,True,True,Eyes,1.870318,0.02437648,-3.35404,0.82319,-0.2576772,0.5059257,2.088292,3.589379,-0.5137288,-2.29752,-0.6519192,-0.7443703,0.1446172,-0.5212027,-0.2193259,1.984053,1.892591,0.03423063,-3.335243,0.07746016,0.5938189,-0.02466668,0.8004816,8.818559,73.37296,3.045689,0.4582418,0.006529386,-0.8888033,0.4281565,0.0007795999,0.1760027,3.599178,-0.5025373,-2.299696,-0.515661,-0.2072001,1.991,0.2935416,0.05250416,-0.9545034,0.131485,0.986783,0.09471577,0.9468607,-0.1533059,0.2827583,moving,58.42546,-26.99058,-14.52032,-5.94129,-2.855716996815054,0.1844646129215128,75.92206154545923,13.175273537943735,72.07484103115029
2228,05/05/2023 11:22:20.106429,2410,True,True,True,True,Eyes,1.870318,0.02437648,-3.35404,0.82319,-0.2576772,0.5059257,0.0,0.0,0.0,0.0,0.0,0.0,0.0,-3.734394,0.04772115,-0.8736049,1.901621,0.03481942,-3.330734,0.07815882,0.5958401,-0.02237364,0.7989776,8.717141,73.68147,3.328402,0.4611418,0.006511506,-0.8873023,0.4024671,0.0007328239,0.1654426,3.613264,-0.5012557,-2.300812,-0.5204052,-0.2071999,1.991001,0.2889479,0.05738824,-0.9556232,0.1288924,0.9867812,0.09823205,0.9486284,-0.1515565,0.2777315,moving,58.42546,-26.99058,-14.64819,-5.941282,-2.855716996815054,0.1844646129215128,76.04492928930438,13.288611330630644,72.19914958642218
2229,05/05/2023 11:22:20.126390,2411,True,True,True,True,Eyes,1.870318,0.02437648,-3.35404,0.82319,-0.2576772,0.5059257,0.0,0.0,0.0,0.0,0.0,0.0,0.0,-3.724939,0.07183641,-0.9141939,1.910947,0.03464951,-3.326133,0.07999767,0.5988414,-0.01918412,0.7966313,8.652065,74.15199,3.78413,0.4637476,0.006495353,-0.8859434,0.3783191,0.0006888545,0.155516,3.6304,-0.5034712,-2.308361,-0.524345,-0.2071999,1.991,0.2820419,0.0652465,-0.9571809,0.1263772,0.9864647,0.1044808,0.9510422,-0.1504338,0.2699787,moving,58.42546,-26.99058,-14.75427,-5.941286,-2.855716996815054,0.1844646129215128,76.14686901489343,13.38283916593597,72.30228545881471
2230,05/05/2023 11:22:20.146470,2412,True,True,True,True,Eyes,1.872967,0.02464127,-3.352524,0.8229535,-0.2580052,0.5061431,0.0,0.0,0.0,0.0,0.0,0.0,0.0,-3.714238,0.1082719,-0.9545444,1.9199,0.03346352,-3.32134,0.08134269,0.6017901,-0.01418683,0.7943745,8.413036,74.61408,4.369194,0.4660892,0.006480768,-0.8847138,0.3556199,0.0006475232,0.146185,3.648389,-0.5020533,-2.315329,-0.5286772,-0.2071999,1.991,0.2752948,0.07536314,-0.9584014,0.1204418,0.9863642,0.1121581,0.9537854,-0.1463081,0.262464,moving,58.40714,-27.0101,-14.87078,-5.941285,-2.855811388467189,0.1839408447840389,76.24662959784271,13.486210082366693,72.39740467882325
2231,05/05/2023 11:22:20.156373,2413,True,True,True,True,Eyes,1.875858,0.02489814,-3.350861,0.8227457,-0.2584338,0.5062623,0.0,0.0,0.0,0.0,0.0,0.0,0.0,-3.705574,0.1418072,-0.9837098,1.928635,0.03262582,-3.31638,0.08436085,0.6034709,-0.01038092,0.792842,8.412497,74.91736,4.949989,0.4682642,0.006474514,-0.8835645,0.3342827,0.0006086718,0.1374139,3.661181,-0.5083579,-2.318014,-0.5330107,-0.2072,1.991,0.2714302,0.08535779,-0.9586656,0.1182795,0.9855509,0.1212405,0.9551626,-0.1462988,0.2574122,moving,58.39465,-27.04314,-14.98721,-5.941287,-2.854841696725579,0.1825800253420451,76.35565190012596,13.590294624855249,72.49793175301981
2232,05/05/2023 11:22:20.176524,2414,True,True,True,True,Eyes,1.87899,0.02514145,-3.349039,0.8223553,-0.2586098,0.5068064,0.0,0.0,0.0,0.0,0.0,0.0,0.0,-3.700491,0.1666721,-0.9984064,1.937353,0.03268514,-3.311167,0.08696795,0.603673,-0.00765504,0.7924374,8.457491,74.9984,5.387386,0.4702959,0.006475559,-0.8824848,0.3142258,0.0005721515,0.1291691,3.669651,-0.5140929,-2.313163,-0.5374203,-0.2071999,1.991,0.2710408,0.0928681,-0.9580774,0.1171327,0.984756,0.128591,0.9554145,-0.1470756,0.2560312,moving,58.35503,-27.03401,-15.10556,-5.941286,-2.857736568614344,0.1840591435085397,76.42879881882402,13.694123992921313,72.57446567218918
2233,05/05/2023 11:22:20.196540,2415,True,True,True,True,Eyes,1.882346,0.02534344,-3.347078,0.8218911,-0.258817,0.5074531,0.0,0.0,0.0,0.0,0.0,0.0,0.0,-3.698592,0.1856358,-1.00191,1.946366,0.03261004,-3.305823,0.08749018,0.6028162,-0.005046831,0.7930528,8.328783,74.89044,5.653676,0.4722054,0.006482827,-0.8814645,0.2953722,0.0005378224,0.1214189,3.676778,-0.5126098,-2.30142,-0.5416679,-0.2071999,1.990999,0.2731745,0.09747618,-0.9570131,0.1134858,0.9846399,0.132684,0.9552469,-0.1448533,0.2579163,moving,58.30793,-27.02301,-15.21944,-5.941288,-2.8611856412179764,0.1858249524502158,76.48995451431635,13.793765400659751,72.6393870083852
2234,05/05/2023 11:22:20.206449,2416,True,True,True,True,Eyes,1.885905,0.02547305,-3.344968,0.8210018,-0.2589513,0.5088224,0.0,0.0,0.0,0.0,0.0,0.0,0.0,-3.699488,0.1962182,-0.9962367,1.955092,0.03181876,-3.300576,0.08834004,0.601024,-0.003966744,0.794324,8.343618,74.64883,5.794209,0.4740113,0.006494626,-0.8804945,0.2776499,0.0005055531,0.1141338,3.679857,-0.5156095,-2.28528,-0.5461745,-0.2072,1.991,0.2775088,0.09988721,-0.9555165,0.1124907,0.9843606,0.135573,0.9541147,-0.1451094,0.2619323,moving,58.21111,-26.97258,-15.34011,-5.941287,-2.8697334480313934,0.1908698610259049,76.49900161923846,13.896533348864944,72.66300807422682
2235,05/05/2023 11:22:20.226162,2417,True,True,True,True,Eyes,1.88965,0.02553612,-3.342739,0.8199455,-0.2593239,0.5103337,0.0,0.0,0.0,0.0,0.0,0.0,0.0,-3.702474,0.2003154,-0.9841706,1.963741,0.03030335,-3.295426,0.08983226,0.5985349,-0.004243609,0.7960328,8.516763,74.3147,5.848771,0.4757296,0.006508624,-0.8795673,0.2609909,0.0004752199,0.1072858,3.679773,-0.523872,-2.266832,-0.550334,-0.2071999,1.991001,0.283476,0.1007794,-0.9536691,0.1142916,0.9838243,0.1379389,0.9521443,-0.1480987,0.2673723,moving,58.10189,-26.93721,-15.45137,-5.941282,-2.878248312230112,0.1954662606343595,76.49124818702322,13.990820854755748,72.66516688109388
2236,05/05/2023 11:22:20.246475,2418,True,True,True,True,Eyes,1.893573,0.02559455,-3.340381,0.8183681,-0.2599812,0.5125264,0.0,0.0,0.0,0.0,0.0,0.0,0.0,-3.706643,0.1994107,-0.9680411,1.971968,0.02881791,-3.290378,0.092513,0.5955881,-0.005765004,0.7979242,8.888023,73.93334,5.86741,0.477374,0.006522871,-0.8786758,0.2453314,0.0004467067,0.1008486,3.676359,-0.5384619,-2.247336,-0.5546879,-0.2072001,1.991,0.2904832,0.1009992,-0.9515348,0.1193993,0.9828162,0.1407696,0.9494015,-0.1545038,0.2734323,moving,57.94197,-26.8966,-15.56771,-5.94129,-2.8901299607162665,0.2016276645691128,76.4381977214174,14.087458006543288,72.62292896208552
2237,05/05/2023 11:22:20.256750,2419,True,True,True,True,Eyes,1.897666,0.02567811,-3.337894,0.8166196,-0.2607197,0.5149347,0.0,0.0,0.0,0.0,0.0,0.0,0.0,-3.712227,0.1925977,-0.9472228,1.980311,0.0288899,-3.285192,0.0965215,0.5920609,-0.008513568,0.8000469,9.469616,73.49091,5.857893,0.4789574,0.006537232,-0.8778136,0.2306115,0.0004199043,0.09479772,3.669654,-0.5582764,-2.226417,-0.5591376,-0.2072,1.991,0.2987828,0.1006707,-0.9489965,0.1279157,0.9812223,0.1443623,0.9457096,-0.1645245,0.280295,moving,57.76576,-26.85383,-15.68647,-5.941287,-2.9031183274984143,0.2083161398363113,76.37122852684608,14.185615910503628,72.56723367121728
2238,05/05/2023 11:22:20.286262,2420,True,True,True,True,Eyes,1.901944,0.0257418,-3.335313,0.8145124,-0.261136,0.5180517,0.0,0.0,0.0,0.0,0.0,0.0,0.0,-3.718487,0.1922665,-0.9204429,1.988485,0.02959946,-3.279692,0.09760647,0.5880801,-0.009138855,0.8028395,9.64095,72.93757,5.829076,0.4804901,0.006552347,-0.8769754,0.2167749,0.00039471,0.08910985,3.664541,-0.5634646,-2.201036,-0.5633581,-0.2071999,1.991,0.3081566,0.1001268,-0.9460519,0.1294749,0.9807789,0.1459759,0.9424838,-0.1674734,0.2892695,moving,57.54254,-26.75145,-15.79898,-5.941282,-2.922097674874032,0.2192408363201057,76.2367473604339,14.274667773085408,72.46059845710649
2239,05/05/2023 11:22:20.296488,2421,True,True,True,True,Eyes,1.906366,0.02576618,-3.332617,0.8121465,-0.2618192,0.5214103,0.0,0.0,0.0,0.0,0.0,0.0,0.0,-3.724948,0.1933606,-0.8926921,1.997022,0.02929093,-3.274227,0.09770773,0.5840039,-0.009311991,0.8057953,9.691392,72.35545,5.770915,0.4819826,0.006567631,-0.876156,0.2037684,0.0003710274,0.08376326,3.660139,-0.56536,-2.174312,-0.5677733,-0.2071998,1.991001,0.3177055,0.09911628,-0.942995,0.1291305,0.980733,0.1465884,0.9393556,-0.1683413,0.2987852,moving,57.29893,-26.6629,-15.91655,-5.941281,-2.9415958460822305,0.2299842201452979,76.0913398857686,14.367809496010274,72.3388590469258
2240,05/05/2023 11:22:20.306556,2422,True,True,True,True,Eyes,1.910968,0.02578749,-3.329864,0.8113104,-0.2626041,0.5223165,0.0,0.0,0.0,0.0,0.0,0.0,0.0,-3.734429,0.1829743,-0.8524436,2.004927,0.02827097,-3.268879,0.1003298,0.5785033,-0.01245097,0.8093904,10.18446,71.60858,5.593069,0.4834424,0.006582042,-0.8753512,0.1915423,0.0003487658,0.07873747,3.647253,-0.5816136,-2.144123,-0.5720598,-0.2071999,1.991001,0.3303578,0.09592685,-0.9389685,0.1362376,0.9795578,0.1480061,0.9339718,-0.1768178,0.3105356,moving,57.22682,-26.6918,-16.03056,-5.94128,-2.9444793224231507,0.2303608955453491,76.13952852976435,14.468402083285424,72.37906433567443
2241,05/05/2023 11:22:20.326409,2423,True,True,True,True,Eyes,1.915701,0.02579414,-3.326992,0.8101681,-0.2635848,0.5235941,0.0,0.0,0.0,0.0,0.0,0.0,0.0,-3.742924,0.1741154,-0.8143508,2.013232,0.02804446,-3.263292,0.1029085,0.5731752,-0.01523602,0.8128026,10.64682,70.88918,5.441769,0.4848772,0.006595581,-0.8745571,0.1800497,0.0003278399,0.07401322,3.635112,-0.5962453,-2.114768,-0.5764761,-0.2072,1.991,0.3424761,0.09320147,-0.9348924,0.142737,0.9783555,0.1498228,0.9286207,-0.1847544,0.32176,moving,57.12629,-26.72134,-16.14789,-5.941287,-2.9490625899812786,0.2314328661377409,76.16374503236568,14.570913339433226,72.39483430238212
2242,05/05/2023 11:22:20.346357,2424,True,True,True,True,Eyes,1.920473,0.0257574,-3.323776,0.8089744,-0.2645414,0.5249555,0.0,0.0,0.0,0.0,0.0,0.0,0.0,-3.750949,0.1710345,-0.7740514,2.021111,0.02775362,-3.257663,0.1051366,0.5676167,-0.01712269,0.8163728,11.01696,70.1367,5.342752,0.4862935,0.006607962,-0.8737704,0.1692467,0.0003081695,0.06957243,3.622485,-0.6082903,-2.084983,-0.5806184,-0.2071997,1.991,0.3550361,0.09139753,-0.9303741,0.1473116,0.9773062,0.152223,0.9231732,-0.1910995,0.3335151,moving,57.01986,-26.74495,-16.25782,-5.941278,-2.954316457827482,0.2329575889440946,76.17355942100896,14.666437590784632,72.39777698821506
2243,05/05/2023 11:22:20.362708,2425,True,True,True,True,Eyes,1.925349,0.02568389,-3.320456,0.8074852,-0.2656185,0.5267013,0.0,0.0,0.0,0.0,0.0,0.0,0.0,-3.758836,0.1705787,-0.7319034,2.029206,0.02726395,-3.251954,0.1065994,0.561852,-0.01837898,0.8201349,11.27419,69.34595,5.244356,0.4876978,0.006618219,-0.8729872,0.1590919,0.0002896793,0.06539808,3.609977,-0.6167712,-2.053803,-0.5849534,-0.2072,1.991,0.367969,0.0896397,-0.9255072,0.1499327,0.9765975,0.1541993,0.9176705,-0.1955044,0.3459177,moving,56.88465,-26.76207,-16.37272,-5.941288,-2.9616657194075504,0.2355495190529799,76.15869761496992,14.765151494440472,72.37768710841426
2244,05/05/2023 11:22:20.376586,2426,True,True,True,True,Eyes,1.930311,0.0255702,-3.31696,0.8059063,-0.2668405,0.528499,0.0,0.0,0.0,0.0,0.0,0.0,0.0,-3.766039,0.1735975,-0.688064,2.036666,0.02633669,-3.246215,0.1082163,0.5558981,-0.01931821,0.8239499,11.5257,68.5363,5.180915,0.4890942,0.006625609,-0.8722057,0.1495464,0.0002722986,0.0614742,3.596067,-0.625811,-2.022604,-0.5892684,-0.2072,1.991001,0.3812082,0.08847997,-0.9202455,0.1521489,0.975832,0.1568517,0.9118833,-0.1998075,0.358533,moving,56.74385,-26.78932,-16.48696,-5.941286,-2.9688250534322966,0.2377693141901695,76.1406071352288,14.863401259786967,72.35143858560305
2245,05/05/2023 11:22:20.396302,2427,True,True,True,True,Eyes,1.935376,0.02541912,-3.313367,0.8040258,-0.2681845,0.5306784,0.0,0.0,0.0,0.0,0.0,0.0,0.0,-3.773194,0.1764086,-0.6428468,2.044454,0.02537417,-3.240514,0.1106262,0.5496724,-0.02068557,0.8277646,11.88134,67.70522,5.122393,0.4904873,0.006629391,-0.871423,0.1405736,0.0002559607,0.05778575,3.580501,-0.6383499,-1.991798,-0.5935035,-0.2071999,1.991,0.3948648,0.08737078,-0.9145753,0.1558619,0.9746679,0.1604043,0.905422,-0.2058855,0.3712443,moving,56.57413,-26.81028,-16.59896,-5.941285,-2.978077838804798,0.2410497284052368,76.09084079216187,14.95826505792738,72.29508447536774
2246,05/05/2023 11:22:20.406550,2428,True,True,True,True,Eyes,1.940529,0.02521604,-3.309669,0.8020414,-0.2694993,0.5330101,0.0,0.0,0.0,0.0,0.0,0.0,0.0,-3.780269,0.1756663,-0.5956559,2.052344,0.02469152,-3.234713,0.1122304,0.5432931,-0.02221004,0.8317115,12.17039,66.83915,4.988605,0.4918799,0.006628953,-0.8706378,0.1321392,0.000240603,0.0543186,3.564166,-0.6477119,-1.958923,-0.5986313,-0.2071998,1.991001,0.4086788,0.08500325,-0.9087114,0.1588926,0.9738221,0.1625534,0.8987408,-0.2108197,0.3844741,moving,56.39331,-26.82196,-16.73438,-5.941282,-2.9884939275188325,0.2450864789829703,76.05038960107821,15.073836236187054,72.2508912104064
2247,05/05/2023 11:22:20.426506,2429,True,True,True,True,Eyes,1.945771,0.02498147,-3.305882,0.7997518,-0.2709261,0.5357203,0.0,0.0,0.0,0.0,0.0,0.0,0.0,-3.786897,0.1703987,-0.5472767,2.059834,0.02327904,-3.228881,0.1133614,0.5368669,-0.02431121,0.8356628,12.44882,65.9568,4.763347,0.4932757,0.006623368,-0.8698477,0.1242109,0.0002261668,0.05105948,3.547333,-0.656381,-1.926908,-0.6022533,-0.2071998,1.991001,0.4223658,0.08108798,-0.9027913,0.1623519,0.9731163,0.16336,0.8917674,-0.2155675,0.3978463,moving,56.18352,-26.82677,-16.82992,-5.94128,-3.0010369118518705,0.2502146328879444,75.94186008502624,15.151653812529826,72.14010651499456
2248,05/05/2023 11:22:20.446540,2430,True,True,True,True,Eyes,1.951082,0.02470896,-3.301956,0.7973437,-0.272292,0.5386094,0.0,0.0,0.0,0.0,0.0,0.0,0.0,-3.792912,0.1633546,-0.4993887,2.06733,0.02208258,-3.223028,0.1145099,0.5304883,-0.02665576,0.8394993,12.74093,65.08247,4.512378,0.4946767,0.006612333,-0.8690518,0.1167582,0.0002125968,0.04799591,3.5298,-0.6650338,-1.894892,-0.6065308,-0.2071998,1.991001,0.4357432,0.07673728,-0.8967938,0.1662473,0.9723539,0.1639808,0.8845844,-0.220543,0.4109393,moving,55.96079,-26.81871,-16.94263,-5.941281,-3.0150435539825606,0.2563288643888066,75.83386901211385,15.244278672421931,72.0337122635689
2249,05/05/2023 11:22:20.456346,2431,True,True,True,True,Eyes,1.956467,0.0243935,-3.297942,0.7946595,-0.2736672,0.5418695,0.0,0.0,0.0,0.0,0.0,0.0,0.0,-3.7982,0.1580321,-0.4517467,2.075017,0.02097689,-3.217022,0.1148445,0.524143,-0.02836691,0.8433742,12.91177,64.2037,4.268116,0.496085,0.006595417,-0.8682487,0.1097527,0.000199841,0.04511616,3.513148,-0.6696325,-1.862363,-0.6109423,-0.2071998,1.991,0.4489388,0.07254202,-0.890613,0.1682377,0.9720121,0.1639771,0.8775819,-0.2234503,0.4241697,moving,55.71036,-26.79572,-17.05873,-5.941283,-3.0315220173242787,0.2639119738710578,75.69840158163889,15.338416099877984,71.90409781541267
2250,05/05/2023 11:22:20.476479,2432,True,True,True,True,Eyes,1.96192,0.02403767,-3.293822,0.7916691,-0.2750147,0.5455521,0.0,0.0,0.0,0.0,0.0,0.0,0.0,-3.802616,0.1567354,-0.4025671,2.082315,0.01962318,-3.210933,0.1150926,0.5176018,-0.02953102,0.8473312,13.03897,63.30329,4.067285,0.4975028,0.006572082,-0.8674373,0.1031676,0.0001878505,0.04240919,3.495618,-0.6734393,-1.829687,-0.6152949,-0.2071999,1.991,0.4624327,0.06909916,-0.8839577,0.1691894,0.9717632,0.1644725,0.8703626,-0.2256137,0.4376843,moving,55.42864,-26.75283,-17.17314,-5.941285,-3.050951707110343,0.2733087194947989,75.5257496782086,15.429108116745242,71.74294003602957
2251,05/05/2023 11:22:20.496639,2433,True,True,True,True,Eyes,1.967442,0.02362904,-3.289628,0.7883844,-0.2764009,0.5495932,0.0,0.0,0.0,0.0,0.0,0.0,0.0,-3.806773,0.15585,-0.3514795,2.089886,0.01832689,-3.204901,0.1155399,0.5107753,-0.03076267,0.8513594,13.18863,62.37064,3.866283,0.4989311,0.006541928,-0.8666167,0.0969775,0.0001765795,0.03986464,3.476913,-0.6778828,-1.796967,-0.6195293,-0.2072,1.991,0.4763244,0.06564971,-0.8768154,0.1704101,0.9714084,0.1653064,0.8625981,-0.2281576,0.4515182,moving,55.11914,-26.6987,-17.28431,-5.941288,-3.072664723599318,0.283988687219407,75.32018139144544,15.51531280041364,71.55208873058554
2252,05/05/2023 11:22:20.506413,2434,True,True,True,True,Eyes,1.973168,0.02318303,-3.285605,0.7833829,-0.2784951,0.5556544,0.0,0.0,0.0,0.0,0.0,0.0,0.0,-3.810282,0.1576649,-0.2981755,2.09722,0.01664861,-3.19897,0.1162145,0.5036474,-0.03182314,0.8554652,13.34949,61.40608,3.689759,0.5003707,0.006504267,-0.8657865,0.0,0.0,0.0,3.456376,-0.683318,-1.763941,-0.624142,-0.2071999,1.991,0.4906531,0.06261509,-0.8691024,0.1715094,0.9709629,0.1667796,0.8543091,-0.2308902,0.4656669,moving,54.65188,-26.62012,-17.40525,-5.941284,-3.1052807891105205,0.2999527053792405,74.96562040129993,15.60263295232443,71.2189497065556
2253,05/05/2023 11:22:20.526408,2435,True,True,True,True,Eyes,2.117644,0.01070371,-3.183313,0.6341125,-0.326611,0.7008757,0.0,0.0,0.0,0.0,0.0,0.0,0.0,-3.813227,0.1618712,-0.2434944,2.104668,0.0149231,-3.193171,0.1175689,0.4962451,-0.03292149,0.8595549,13.57913,60.42018,3.544193,0.5018232,0.006458811,-0.8649459,0.0,0.0,0.0,3.434399,-0.6913159,-1.732083,-0.6282714,-0.2072,1.991,0.5053141,0.06009034,-0.8608408,0.1732817,0.9701874,0.1694396,0.8453586,-0.2347881,0.4798367,moving,42.137,-24.98571,-17.51339,-5.941288,-3.9542118126988512,0.703605276556019,62.61676322252839,15.09986489250161,59.503460431839535
2254,05/05/2023 11:22:20.546498,2436,True,True,True,True,Eyes,2.117982,0.01064858,-3.183147,0.6335814,-0.3268263,0.7012554,0.0,0.0,0.0,0.0,0.0,0.0,0.0,-3.81542,0.1671001,-0.1868488,2.111805,0.01317901,-3.187534,0.1192058,0.4885884,-0.03407987,0.8636606,13.83985,59.40826,3.401992,0.5073805,0.006072242,-0.8617005,0.4334303,-0.03743795,0.3068748,3.410461,-0.7003691,-1.700383,-0.6326639,-0.2072002,1.991,0.5202399,0.05761829,-0.8520741,0.1753521,0.9692571,0.1726047,0.8358241,-0.2392088,0.4941427,moving,42.09768,-24.98829,-17.62828,-5.941294,-3.956474727499403,0.7044810415666793,62.68953943478622,15.201466551365554,59.57686021168001
2255,05/05/2023 11:22:20.556364,2437,True,True,True,True,Eyes,2.118602,0.01054452,-3.182765,0.6325427,-0.3270718,0.7020782,0.0,0.0,0.0,0.0,0.0,0.0,0.0,-3.816949,0.1729372,-0.1295683,2.119257,0.01171757,-3.181887,0.1205289,0.4808165,-0.03498037,0.867793,14.05343,58.38102,3.261668,0.5121124,0.005743923,-0.8588988,0.4074245,-0.03519168,0.2884623,3.386448,-0.7075812,-1.668739,-0.6369997,-0.2072001,1.991,0.5351837,0.05519317,-0.8429308,0.176616,0.9684983,0.17555,0.8260661,-0.2428266,0.5085765,moving,42.01751,-24.97904,-17.74154,-5.941292,-3.9618490245958697,0.7070047706041684,62.718258153539345,15.299664484153235,59.61038747952075
2256,05/05/2023 11:22:20.576040,2438,True,True,True,True,Eyes,2.119522,0.01038791,-3.182221,0.6310722,-0.327362,0.7032651,0.0,0.0,0.0,0.0,0.0,0.0,0.0,-3.817451,0.1864948,-0.07059598,2.12669,0.01044825,-3.176441,0.1211817,0.47281,-0.03442296,0.8721129,14.11797,57.32747,3.224554,0.516371,0.00544584,-0.8563473,0.382979,-0.03308018,0.2711545,3.362782,-0.7108026,-1.636904,-0.6413184,-0.2072001,1.991,0.5505315,0.05455039,-0.8330302,0.1746332,0.9682602,0.1788171,0.8163444,-0.2439192,0.5235314,moving,41.90309,-24.96145,-17.8542,-5.941289,-3.969749278535165,0.7108299032011125,62.711244865733775,15.395735050302436,59.61133124388487
2257,05/05/2023 11:22:20.596085,2439,True,True,True,True,Eyes,2.120698,0.01016807,-3.181498,0.62911,-0.3276761,0.7048752,0.0,0.0,0.0,0.0,0.0,0.0,0.0,-3.816672,0.2102505,-0.009764194,2.134153,0.008929888,-3.171214,0.121133,0.4645133,-0.03206449,0.8766562,14.01482,56.24463,3.327577,0.5202165,0.005173354,-0.8540183,0.3600003,-0.03109537,0.2548853,3.339517,-0.7102954,-1.604752,-0.6457412,-0.2071999,1.991,0.5663985,0.05631673,-0.8222051,0.1687549,0.9685973,0.1825953,0.8066689,-0.2421728,0.5391083,moving,41.74932,-24.93235,-17.96944,-5.941287,-3.9806526605270935,0.7162483061261371,62.66570648933568,15.492222164083287,59.57779446517344
2258,05/05/2023 11:22:20.606732,2440,True,True,True,True,Eyes,2.122151,0.009920437,-3.180632,0.626667,-0.3280484,0.7068753,0.0,0.0,0.0,0.0,0.0,0.0,0.0,-3.814602,0.2404823,0.05380666,2.141528,0.007182648,-3.166342,0.1220542,0.4557263,-0.02934533,0.8812236,13.99641,55.12352,3.517215,0.5236993,0.004922278,-0.8518886,0.3384002,-0.02922964,0.2395921,3.313725,-0.7137293,-1.573907,-0.6500751,-0.2071999,1.991,0.5829048,0.05952705,-0.810357,0.1629663,0.9684833,0.1883673,0.7960301,-0.241861,0.5548326,moving,41.55799,-24.89519,-18.08221,-5.941285,-3.994269202277104,0.7230386402604791,62.57958110109898,15.584713199230837,59.506887049971155
2259,05/05/2023 11:22:20.626729,2441,True,True,True,True,Eyes,2.123852,0.009639042,-3.17961,0.6237401,-0.3283809,0.7093054,0.0,0.0,0.0,0.0,0.0,0.0,0.0,-3.811131,0.2732361,0.1212746,2.149112,0.006197836,-3.161544,0.1241345,0.4462923,-0.02684123,0.8858292,14.11577,53.94225,3.739269,0.5268637,0.004689769,-0.8499365,0.3180962,-0.02747586,0.2252166,3.287043,-0.7210076,-1.547231,-0.6501602,-0.2072,1.991,0.6002055,0.06324703,-0.7973414,0.158354,0.9677404,0.1959658,0.7840137,-0.243882,0.5708276,moving,41.32735,-24.84231,-18.08442,-5.941288,-4.011107056673369,0.7316353766382644,62.34586631988832,15.575173950594912,59.29360636568916
2260,05/05/2023 11:22:20.646527,2442,True,True,True,True,Eyes,2.125791,0.009309345,-3.178464,0.620402,-0.3287778,0.7120439,0.0,0.0,0.0,0.0,0.0,0.0,0.0,-3.806273,0.3068542,0.1908731,2.15682,0.005075345,-3.156962,0.1242433,0.436737,-0.02316257,0.8906671,13.97808,52.72933,3.974674,0.5297496,0.004473087,-0.848142,0.2990105,-0.02582731,0.2117036,3.261832,-0.7201647,-1.519068,-0.65016,-0.2072001,1.991,0.6174485,0.06726299,-0.7837303,0.1497836,0.9680543,0.2010869,0.7722191,-0.2415507,0.5876487,static,41.06555,-24.78457,-18.08442,-5.941292,-4.030100040726296,0.7412773577239613,62.07888591772716,15.56215418052496,59.04933978761031
2261,05/05/2023 11:22:20.656409,2443,True,True,True,True,Eyes,2.127953,0.00897205,-3.17719,0.6165496,-0.3292972,0.7151433,0.0,0.0,0.0,0.0,0.0,0.0,0.0,-3.80019,0.3396952,0.2605727,2.164358,0.003553946,-3.152822,0.1252623,0.4270655,-0.02016367,0.8952752,13.97574,51.51797,4.189116,0.5323915,0.004269401,-0.8464872,0.2810698,-0.02427767,0.1990014,3.234661,-0.7239111,-1.493013,-0.6501601,-0.2072001,1.991,0.6344169,0.07088637,-0.7697339,0.1430945,0.9678056,0.2070661,0.759631,-0.2415109,0.6038488,static,40.76575,-24.72433,-18.08442,-5.941291,-4.051541649393172,0.7520197098529064,61.774954982617515,15.547414031328858,58.77013025280119
2262,05/05/2023 11:22:20.676291,2444,True,True,True,True,Eyes,2.130321,0.008681111,-3.17577,0.6122918,-0.3297909,0.7185658,0.0,0.0,0.0,0.0,0.0,0.0,0.0,-3.793272,0.3646624,0.3308443,2.171909,0.003048554,-3.148674,0.1270264,0.4172818,-0.01863727,0.8996626,14.12958,50.2971,4.28618,0.53482,0.004077229,-0.8449559,0.2642056,-0.02282101,0.1870613,3.205171,-0.730477,-1.468189,-0.65016,-0.2072001,1.991,0.6510571,0.07247708,-0.7555606,0.1395461,0.967034,0.2130077,0.7460908,-0.2441157,0.6194803,static,40.43441,-24.6531,-18.08443,-5.94129,-4.075482805234742,0.7641288625219707,61.4376632727979,15.531041292443557,58.46129842744218
2263,05/05/2023 11:22:20.696107,2445,True,True,True,True,Eyes,2.132907,0.008626307,-3.174213,0.6075066,-0.3304647,0.722308,0.0,0.0,0.0,0.0,0.0,0.0,0.0,-3.78579,0.3809189,0.4001744,2.179649,0.003901251,-3.144289,0.1271894,0.4078047,-0.01725603,0.9040025,14.12471,49.09293,4.289688,0.5370628,0.003896631,-0.843533,0.2483533,-0.02145175,0.1758376,3.177417,-0.7295029,-1.442438,-0.6501602,-0.2072001,1.991,0.6667953,0.07253784,-0.7417024,0.1349359,0.9670502,0.2158849,0.7329233,-0.2440332,0.6350364,static,40.06595,-24.58467,-18.08442,-5.941289,-4.101541169248873,0.7770462459866412,61.06587579203348,15.513121184111677,58.118856256155276
2264,05/05/2023 11:22:20.707074,2446,True,True,True,True,Eyes,2.135779,0.008655206,-3.172523,0.6023614,-0.330125,0.7267587,0.0,0.0,0.0,0.0,0.0,0.0,0.0,-3.77677,0.3935325,0.4729364,2.187528,0.00955105,-3.139611,0.1294799,0.3977118,-0.01704885,0.9081683,14.40297,47.83896,4.26457,0.5391444,0.003732637,-0.8422049,0.2334521,-0.02016465,0.1652874,3.145133,-0.7326503,-1.418608,-0.6501602,-0.2072001,1.991,0.6830693,0.07202489,-0.7267935,0.1339578,0.9658886,0.2216179,0.7179635,-0.2487401,0.6501206,static,39.65305,-24.42959,-18.08443,-5.94129,-4.134850795704918,0.7955095155540501,60.625356358873475,15.4911338413194,57.72895180401484
2265,05/05/2023 11:22:20.726577,2447,True,True,True,True,Eyes,2.138805,0.008697798,-3.170767,0.596862,-0.3297716,0.7314414,0.0,0.0,0.0,0.0,0.0,0.0,0.0,-3.768399,0.3907382,0.5444335,2.196697,0.01132005,-3.134376,0.1185927,0.3890696,-0.01156925,0.9134697,13.04193,46.61966,4.187984,0.541088,0.003585778,-0.8409581,0.219445,-0.01895477,0.1553701,3.129799,-0.6855491,-1.38126,-0.6501599,-0.2072001,1.991,0.696982,0.07114526,-0.7135506,0.1134179,0.9716039,0.2076591,0.7080624,-0.2256641,0.6691213,static,39.21472,-24.26831,-18.08442,-5.94129,-4.170036302654334,0.8149394453148662,60.15871596718135,15.46792520006153,57.31506563942332
2266,05/05/2023 11:22:20.746609,2448,True,True,True,True,Eyes,2.14205,0.008834011,-3.16892,0.5908366,-0.3296807,0.7363578,0.0,0.0,0.0,0.0,0.0,0.0,0.0,-3.758248,0.4087948,0.6066839,2.203464,0.01167149,-3.131169,0.1181417,0.3804996,-0.00938711,0.9171557,12.9354,45.5492,4.277058,0.5429114,0.003454705,-0.8397827,0.2062783,-0.01781748,0.1460479,3.104694,-0.6826559,-1.360459,-0.65016,-0.2072001,1.991,0.7102639,0.07268685,-0.7001728,0.1071246,0.9719089,0.2095651,0.6957367,-0.2238522,0.6825252,static,38.74276,-24.11893,-18.08442,-5.94129,-4.206649279721308,0.8346253219061968,59.66368227592058,15.443624853455479,56.87125411422007
2267,05/05/2023 11:22:20.766519,2449,True,True,True,True,Eyes,2.145461,0.009036804,-3.166942,0.5845628,-0.3292321,0.7415474,0.0,0.0,0.0,0.0,0.0,0.0,0.0,-3.747407,0.4250439,0.664873,2.211298,0.01401684,-3.126619,0.1213885,0.3718272,-0.009428839,0.920283,13.32271,44.50306,4.297392,0.544632,0.003340262,-0.8386683,0.1939016,-0.01674843,0.137285,3.076757,-0.6932444,-1.343228,-0.6501603,-0.2072001,1.991,0.7233114,0.07291671,-0.6866614,0.1076255,0.9703518,0.2164118,0.6820831,-0.2304354,0.6940188,static,38.24876,-23.94025,-18.08443,-5.94129,-4.246141932597916,0.8563661011049768,59.1387424338538,15.41772827316958,56.404560965156335
2268,05/05/2023 11:22:20.776457,2450,True,True,True,True,Eyes,2.148985,0.009374162,-3.164844,0.5777958,-0.3291376,0.7468739,0.0,0.0,0.0,0.0,0.0,0.0,0.0,-3.737109,0.4204477,0.7245232,2.218737,0.01575382,-3.121642,0.1164783,0.364001,-0.007542194,0.9240559,12.75342,43.46641,4.166203,0.5462648,0.003242531,-0.837606,0.1822675,-0.01574353,0.1290479,3.056357,-0.6713935,-1.31722,-0.6501605,-0.2072,1.991,0.7348928,0.07085758,-0.6744715,0.09873521,0.9727519,0.2097741,0.6709574,-0.2207556,0.7078722,static,37.72622,-23.78246,-18.08444,-5.941289,-4.286280498374939,0.8777751618682852,58.59297869443779,15.391193640389377,55.913423582013564
2269,05/05/2023 11:22:20.796606,2451,True,True,True,True,Eyes,2.152669,0.009843619,-3.16258,0.5708097,-0.3287367,0.7524018,0.0,0.0,0.0,0.0,0.0,0.0,0.0,-3.726197,0.4175572,0.7813106,2.225418,0.01941987,-3.117127,0.1181221,0.3559075,-0.009312266,0.9269792,13.03946,42.45754,3.932717,0.5478222,0.003163369,-0.8365886,0.1713314,-0.01479891,0.1213051,3.02844,-0.6746171,-1.299659,-0.6501602,-0.2072,1.991,0.7464864,0.06681652,-0.6620376,0.1013456,0.9719209,0.2123648,0.6576377,-0.2256221,0.7187541,static,37.18577,-23.60131,-18.08443,-5.941289,-4.328735567582152,0.9008311949634952,58.02302430725617,15.363389537480938,55.403529549936586
2270,05/05/2023 11:22:20.807492,2452,True,True,True,True,Eyes,2.15644,0.01034005,-3.160164,0.5634954,-0.3278727,0.7582693,0.0,0.0,0.0,0.0,0.0,0.0,0.0,-3.716219,0.3975592,0.8347114,2.232972,0.0230287,-3.111011,0.1137648,0.3487653,-0.009688901,0.9302292,12.61584,41.50289,3.603184,0.5493165,0.003104377,-0.8356084,0.1610515,-0.01391098,0.1140268,3.008422,-0.6535028,-1.275063,-0.65016,-0.2072001,1.990999,0.7565377,0.06132865,-0.6510679,0.09738024,0.9739274,0.2048964,0.6466589,-0.218413,0.7308406,static,36.61728,-23.38347,-18.08443,-5.941294,-4.374823522867994,0.9264717119253674,57.41521210044492,15.333607391338726,54.864083764820776
2271,05/05/2023 11:22:20.826493,2453,True,True,True,True,Eyes,2.160288,0.0107924,-3.157636,0.5559394,-0.3270684,0.7641712,0.0,0.0,0.0,0.0,0.0,0.0,0.0,-3.706531,0.3718393,0.8858362,2.239568,0.02414221,-3.105655,0.1057432,0.3423387,-0.008812175,0.9335657,11.73994,40.61287,3.275769,0.5507573,0.003064254,-0.8346596,0.1513885,-0.01307632,0.1071851,2.99241,-0.6198747,-1.248724,-0.6501598,-0.2072001,1.991,0.7654532,0.05594646,-0.6410549,0.08885343,0.9774815,0.1914029,0.6373277,-0.2034699,0.7432452,static,36.03613,-23.17113,-18.08442,-5.941292,-4.421395382726419,0.952156681404881,56.79701796581176,15.303524966993278,54.31305296227307
2272,05/05/2023 11:22:20.846294,2454,True,True,True,True,Eyes,2.164222,0.01122691,-3.154959,0.5477504,-0.3265263,0.7702922,0.0,0.0,0.0,0.0,0.0,0.0,0.0,-3.694885,0.3653503,0.9326925,2.245358,0.02356562,-3.100546,0.1058321,0.3355036,-0.01057445,0.9360154,11.84218,39.75042,2.999787,0.5521528,0.003039958,-0.8337371,0.1423052,-0.01229174,0.100754,2.968932,-0.6208328,-1.232149,-0.6501598,-0.2072001,1.991,0.7746509,0.05121843,-0.6303115,0.0908098,0.9773755,0.1910254,0.625835,-0.2052165,0.7524737,static,35.41641,-22.97205,-18.08442,-5.941291,-4.469624731823076,0.978154932547552,56.14610906202656,15.272242212845553,53.72774552149883
2273,05/05/2023 11:22:20.856313,2455,True,True,True,True,Eyes,2.168237,0.01167645,-3.152133,0.5393749,-0.3257531,0.7765048,0.0,0.0,0.0,0.0,0.0,0.0,0.0,-3.681808,0.3619762,0.9791771,2.251488,0.02361328,-3.094473,0.1058748,0.328537,-0.01170254,0.9384653,11.912,38.87914,2.788562,0.5535112,0.003029443,-0.832836,0.1337668,-0.01155424,0.09470879,2.945692,-0.6207948,-1.214967,-0.6501603,-0.2072001,1.991,0.7838529,0.04760273,-0.6191192,0.09153245,0.9773072,0.1910302,0.6141632,-0.2064091,0.7617078,static,34.78458,-22.75864,-18.08443,-5.941292,-4.5193436281787465,1.005192272546239,55.479324185981255,15.240249736264266,53.129328005898145
2274,05/05/2023 11:22:20.876237,2456,True,True,True,True,Eyes,2.17235,0.01214898,-3.149173,0.5303727,-0.3249476,0.7830158,0.0,0.0,0.0,0.0,0.0,0.0,0.0,-3.666845,0.3553793,1.030367,2.257494,0.02438187,-3.088176,0.1024448,0.3212598,-0.01087494,0.9413708,11.52903,37.95412,2.652703,0.5548395,0.00303173,-0.8319517,0.1257408,-0.01086098,0.08902626,2.923629,-0.6058335,-1.193759,-0.6501603,-0.2072001,1.991,0.7933477,0.04534806,-0.6070774,0.08629748,0.9787736,0.1858896,0.6026211,-0.1998644,0.7725945,static,34.1116,-22.5382,-18.08443,-5.941292,-4.571940660757368,1.0336410909838536,54.77118679489577,15.206480847548109,52.49203358740175
2275,05/05/2023 11:22:20.896408,2457,True,True,True,True,Eyes,2.176545,0.01263722,-3.146051,0.5212838,-0.3236976,0.7896094,0.0,0.0,0.0,0.0,0.0,0.0,0.0,-3.65082,0.3484571,1.081931,2.263409,0.02531877,-3.081692,0.09801371,0.3139457,-0.009321127,0.9443223,11.00915,37.02668,2.565498,0.5561434,0.003046144,-0.8310804,0.1181964,-0.01020932,0.08368469,2.902014,-0.5866436,-1.171873,-0.6501604,-0.2072,1.991,0.8027024,0.04393768,-0.5947592,0.07914627,0.9806129,0.1792604,0.5911047,-0.1909658,0.7836628,static,33.43196,-22.29101,-18.08443,-5.941288,-4.62634571370312,1.06362120756068,54.0486063475219,15.17197369043459,51.844803318378716
2276,05/05/2023 11:22:20.907369,2458,True,True,True,True,Eyes,2.180779,0.01311857,-3.14275,0.5118426,-0.3223136,0.7963235,0.0,0.0,0.0,0.0,0.0,0.0,0.0,-3.635389,0.3391577,1.129198,2.269602,0.02608643,-3.0748,0.09169808,0.3072214,-0.006696791,0.9471863,10.2431,36.16904,2.542709,0.5574294,0.003071895,-0.8302184,0.1111046,-0.009596764,0.07866361,2.884228,-0.5600443,-1.149078,-0.6501603,-0.2072,1.991,0.8111403,0.043657,-0.5832199,0.06902944,0.9830932,0.1695955,0.5807636,-0.1778251,0.7944129,static,32.73117,-22.03574,-18.08443,-5.941287,-4.682464131786778,1.0945540040565267,53.3034391078963,15.13656988115588,51.17635661131738
2277,05/05/2023 11:22:20.926509,2459,True,True,True,True,Eyes,2.185054,0.01359561,-3.139301,0.5024207,-0.320729,0.8029361,0.0,0.0,0.0,0.0,0.0,0.0,0.0,-3.62204,0.3282285,1.16757,2.275536,0.02633979,-3.067796,0.08468869,0.3016447,-0.003725904,0.9496444,9.38665,35.45377,2.556961,0.5587019,0.003107682,-0.8293625,0.1044383,-0.009020958,0.07394379,2.871065,-0.5312235,-1.127645,-0.6501602,-0.2072001,1.991,0.8179932,0.04401522,-0.5735414,0.05816836,0.9856278,0.1586005,0.5722793,-0.1630961,0.8036766,static,32.03543,-21.774,-18.08443,-5.94129,-4.738613610372234,1.1256865865381531,52.56115554631291,15.101422885951363,50.510609806632345
2278,05/05/2023 11:22:20.946423,2460,True,True,True,True,Eyes,2.189276,0.0140538,-3.135655,0.4926701,-0.319669,0.809375,0.0,0.0,0.0,0.0,0.0,0.0,0.0,-3.609849,0.3272545,1.19734,2.2808,0.02665617,-3.060878,0.08142994,0.29684,-0.001700822,0.9514475,8.972614,34.85996,2.617359,0.5599648,0.003152403,-0.8285102,0.09817202,-0.0084797,0.06950717,2.858608,-0.5176426,-1.111622,-0.6501603,-0.2072001,1.991,0.8237663,0.04510683,-0.5651323,0.05157981,0.9867325,0.1539429,0.5645784,-0.1559624,0.8105104,static,31.32905,-21.55193,-18.08443,-5.94129,-4.793333122285889,1.1550737120345642,51.820691687008576,15.06690526107677,49.83926559511132
2279,05/05/2023 11:22:20.956384,2461,True,True,True,True,Eyes,2.193494,0.01447696,-3.13186,0.4828709,-0.3186134,0.8156723,0.0,0.0,0.0,0.0,0.0,0.0,0.0,-3.596626,0.331076,1.226182,2.285499,0.02676312,-3.053625,0.07955208,0.291993,0.0001004886,0.9531063,8.718762,34.27211,2.705034,0.56122,0.003204673,-0.8276602,0.0922817,-0.007970918,0.06533673,2.844842,-0.5099483,-1.096894,-0.6501603,-0.2072,1.991,0.8294802,0.04664886,-0.5565848,0.04626575,0.9873429,0.1517019,0.5566167,-0.1515845,0.8168231,static,30.62517,-21.33633,-18.08443,-5.941289,-4.8475611006626265,1.1840676921068356,51.084561459913516,15.032810989565348,49.170192580816284
2280,05/05/2023 11:22:20.976520,2462,True,True,True,True,Eyes,2.193494,0.01447696,-3.13186,0.4828709,-0.3186134,0.8156723,0.0,0.0,0.0,0.0,0.0,0.0,0.0,-3.580991,0.3384874,1.259078,2.289675,0.02633432,-3.046317,0.07908237,0.2864753,0.001338398,0.9548174,8.641508,33.61152,2.775104,0.5624704,0.003262856,-0.8268107,0.0867448,-0.007492663,0.06141653,2.826997,-0.5085449,-1.082924,-0.6501602,-0.2072,1.991,0.8358603,0.04786613,-0.5468515,0.04275443,0.9874883,0.1517853,0.5472749,-0.1502516,0.8233558,static,30.62517,-21.33633,-18.08443,-5.941287,-4.8475611006626265,1.1840676921068356,51.08456206264128,15.03281004159149,49.1701901168989
2281,05/05/2023 11:22:20.996467,2463,True,True,True,True,Eyes,2.193494,0.01447696,-3.13186,0.4828709,-0.3186134,0.8156723,0.0,0.0,0.0,0.0,0.0,0.0,0.0,-3.561115,0.3518431,1.29938,2.293216,0.02615527,-3.038782,0.08152652,0.2796899,0.001353925,0.9566219,8.929713,32.81333,2.796341,0.5635947,0.00331521,-0.8260445,0.08154012,-0.007043103,0.05773154,2.801719,-0.5186723,-1.070455,-0.65016,-0.2072,1.991,0.8435434,0.04819467,-0.5348941,0.0430139,0.9867032,0.1567374,0.5353357,-0.1552227,0.830254,static,30.62517,-21.33633,-18.08442,-5.941289,-4.8475611006626265,1.1840676921068356,51.084551924821476,15.032802184247577,49.17018518906396
2282,05/05/2023 11:22:21.007930,2464,True,True,True,True,Eyes,2.197893,0.01486836,-3.127252,0.4715206,-0.3185059,0.8223273,0.0,0.0,0.0,0.0,0.0,0.0,0.0,-3.538682,0.3575143,1.346002,2.29671,0.02625043,-3.030881,0.08224346,0.2721505,0.001363694,0.9587327,9.030297,31.91195,2.7498,0.5646058,0.003362332,-0.8253535,0.0,0.0,0.0,2.773556,-0.5214512,-1.055442,-0.6501602,-0.2072,1.991,0.8518645,0.04738003,-0.5216148,0.04215036,0.9864683,0.1584412,0.5220635,-0.1569567,0.8383403,static,29.82986,-21.17251,-18.08443,-5.941288,-4.904651856728063,1.212769271842245,50.2769262168779,14.99623577284205,48.42456082784289
2283,05/05/2023 11:22:21.026306,2465,True,True,True,True,Eyes,2.202228,0.01525206,-3.122506,0.4599647,-0.3185486,0.8288301,0.0,0.0,0.0,0.0,0.0,0.0,0.0,-3.513693,0.3651225,1.395815,2.299712,0.02615406,-3.02296,0.08346679,0.2640797,0.00122983,0.9608818,9.192612,30.9513,2.696848,0.56565,0.003415107,-0.8246382,0.0,0.0,0.0,2.742429,-0.5264264,-1.040947,-0.6501606,-0.2072001,1.991,0.8605208,0.04644721,-0.5072934,0.04172032,0.9860636,0.161053,0.507704,-0.1597539,0.8465905,static,29.02837,-21.02353,-18.08444,-5.941291,-4.961341842640472,1.2408742362332887,49.46807858962405,14.959919877066556,47.675332234751025
2284,05/05/2023 11:22:21.046533,2466,True,True,True,True,Eyes,2.206478,0.0156149,-3.117605,0.4481773,-0.3184116,0.8353149,0.0,0.0,0.0,0.0,0.0,0.0,0.0,-3.487186,0.3791347,1.445179,2.302628,0.02637871,-3.014956,0.08523684,0.2558863,0.001781978,0.9629403,9.395238,29.98774,2.733674,0.5667239,0.003472776,-0.8239002,0.0,0.0,0.0,2.711069,-0.5334205,-1.027616,-0.6501602,-0.2072001,1.991,0.8690382,0.04705374,-0.4925025,0.04018999,0.985463,0.1650679,0.4931101,-0.163244,0.8545138,static,28.2152,-20.86622,-18.08443,-5.941292,-5.019180721426877,1.269702066025554,48.6457522702865,14.923108728797471,46.91415493674699
2285,05/05/2023 11:22:21.056313,2467,True,True,True,True,Eyes,2.210639,0.01593455,-3.112569,0.4361759,-0.3183936,0.8416508,0.0,0.0,0.0,0.0,0.0,0.0,0.0,-3.458618,0.3920276,1.495897,2.305156,0.02628476,-3.006492,0.08528759,0.2475293,0.003421508,0.9651133,9.377035,29.00264,2.836607,0.5678253,0.003534342,-0.8231413,0.0,0.0,0.0,2.679739,-0.5340359,-1.01264,-0.6501603,-0.2072001,1.991,0.8774351,0.04882663,-0.477204,0.03561806,0.9854286,0.1663182,0.4783712,-0.1629305,0.8629106,static,27.39493,-20.72146,-18.08443,-5.94129,-5.076794947661711,1.2980733309918304,47.820765481519636,14.88646872474896,46.14843066842966
2286,05/05/2023 11:22:21.076383,2468,True,True,True,True,Eyes,2.214666,0.01620596,-3.107381,0.4241369,-0.3181319,0.8478797,0.0,0.0,0.0,0.0,0.0,0.0,0.0,-3.427674,0.4105762,1.547993,2.307302,0.0255836,-2.998251,0.08648919,0.2387795,0.004996285,0.9672017,9.492528,27.98137,2.962142,0.5689512,0.003598297,-0.8223631,0.0,0.0,0.0,2.646112,-0.5399975,-0.99949,-0.6501599,-0.2072,1.991,0.8859188,0.05096851,-0.4610316,0.03163885,0.9849893,0.169691,0.4627601,-0.1649189,0.8710079,static,26.57571,-20.56653,-18.08442,-5.941288,-5.134878091362787,1.3269350374375717,46.99388167810214,14.849838442403668,45.38187570158203
2287,05/05/2023 11:22:21.096290,2469,True,True,True,True,Eyes,2.21859,0.01644406,-3.10206,0.4118415,-0.3180613,0.8539459,0.0,0.0,0.0,0.0,0.0,0.0,0.0,-3.393866,0.4335895,1.601562,2.309053,0.02480958,-2.989814,0.08871877,0.2295756,0.006478628,0.9692174,9.729731,26.91564,3.099579,0.5700992,0.003663181,-0.8215675,0.0,0.0,0.0,2.609961,-0.5502415,-0.9876918,-0.6501598,-0.2072001,1.991,0.8945062,0.05329372,-0.4438677,0.02817693,0.9841741,0.1749502,0.4461668,-0.1690008,0.8788481,static,25.74711,-20.42838,-18.08442,-5.941289,-5.192653966988162,1.3551833973406602,46.16360934527521,14.813377092853337,44.60962921391004
2288,05/05/2023 11:22:21.116748,2470,True,True,True,True,Eyes,2.22235,0.01663956,-3.096582,0.3995409,-0.3177959,0.8598679,0.0,0.0,0.0,0.0,0.0,0.0,0.0,-3.358739,0.4540098,1.655507,2.310626,0.02427885,-2.981338,0.09076047,0.2202403,0.007701716,0.9711837,9.95634,25.83289,3.197492,0.5712669,0.003728063,-0.8207557,0.0,0.0,0.0,2.57294,-0.5594406,-0.976298,-0.65016,-0.2072001,1.991,0.9028699,0.05493778,-0.4263894,0.02501865,0.9834065,0.1796826,0.4291855,-0.1728977,0.8865135,static,24.92212,-20.28365,-18.08442,-5.94129,-5.25055449296336,1.3836740179144118,45.33503913245471,14.7771175036421,43.83942920961305
2289,05/05/2023 11:22:21.126674,2471,True,True,True,True,Eyes,2.225997,0.01679498,-3.090972,0.3870126,-0.3176113,0.8656467,0.0,0.0,0.0,0.0,0.0,0.0,0.0,-3.322541,0.4702172,1.709251,2.311841,0.02357341,-2.972668,0.09248014,0.2108691,0.008433904,0.9730932,10.16169,24.74091,3.22743,0.5724512,0.003791845,-0.8199298,0.0,0.0,0.0,2.535106,-0.5673479,-0.9650118,-0.6501599,-0.2072,1.991,0.9109261,0.05541636,-0.4088308,0.02258846,0.9827526,0.1835405,0.4119506,-0.1764267,0.8939632,static,24.08842,-20.14841,-18.08442,-5.941287,-5.308488918646517,1.4119049641765615,44.50158174270583,14.740890307492446,43.06308277485256
2290,05/05/2023 11:22:21.146679,2472,True,True,True,True,Eyes,2.229503,0.01689853,-3.085224,0.3747006,-0.3173342,0.8711478,0.0,0.0,0.0,0.0,0.0,0.0,0.0,-3.287639,0.4779367,1.760061,2.312914,0.02286787,-2.963901,0.09324834,0.2019789,0.008523151,0.9749035,10.27502,23.69413,3.16271,0.5736497,0.003853596,-0.8190913,0.0,0.0,0.0,2.498795,-0.5711351,-0.9533464,-0.65016,-0.2072,1.991,0.9182637,0.05428689,-0.3922303,0.0210499,0.9824643,0.1852593,0.3954094,-0.1783733,0.9010186,static,23.27365,-20.01523,-18.08442,-5.941288,-5.365160853425377,1.439546314177985,43.68713537809802,14.705654300678685,42.30415666916488
2291,05/05/2023 11:22:21.156193,2473,True,True,True,True,Eyes,2.232879,0.01695131,-3.079344,0.3622149,-0.3171014,0.8764971,0.0,0.0,0.0,0.0,0.0,0.0,0.0,-3.253504,0.4816313,1.807679,2.31355,0.02174319,-2.954991,0.09347889,0.1935435,0.008331648,0.9765927,10.33228,22.69594,3.056597,0.5748612,0.003912214,-0.8182414,0.0,0.0,0.0,2.463816,-0.5730116,-0.9416837,-0.6501598,-0.2072001,1.991,0.924943,0.05245771,-0.3764686,0.01991121,0.9823846,0.1858066,0.379584,-0.1793565,0.9076052,static,22.453,-19.88924,-18.08442,-5.941291,-5.421814617789186,1.4669725096149286,42.869892716952315,14.670512714063078,41.54140404255025
2292,05/05/2023 11:22:21.176302,2474,True,True,True,True,Eyes,2.236142,0.01694436,-3.073347,0.349859,-0.316489,0.8817219,0.0,0.0,0.0,0.0,0.0,0.0,0.0,-3.219678,0.4858999,1.852288,2.31393,0.02049192,-2.945965,0.09382281,0.1854299,0.008156273,0.9781343,10.39992,21.73816,2.957697,0.5760832,0.003966687,-0.8173811,0.0,0.0,0.0,2.429947,-0.5754398,-0.9307409,-0.6501597,-0.2072,1.991,0.9310985,0.05075096,-0.3612201,0.01883924,0.9822615,0.1865674,0.3642811,-0.1805178,0.9136261,static,21.64272,-19.74531,-18.08441,-5.941287,-5.478776059882683,1.495045704624666,42.057055401221675,14.63560901111081,40.78414505558445
2293,05/05/2023 11:22:21.196281,2475,True,True,True,True,Eyes,2.239256,0.0168738,-3.067225,0.3373624,-0.3159511,0.8867702,0.0,0.0,0.0,0.0,0.0,0.0,0.0,-3.18588,0.4892286,1.894907,2.313878,0.01899889,-2.936913,0.0938755,0.1775702,0.008048318,0.9795874,10.43152,20.81024,2.862101,0.5773143,0.004015869,-0.8165119,0.0,0.0,0.0,2.396821,-0.5769407,-0.9200594,-0.6501599,-0.2072,1.991,0.9368081,0.04910703,-0.3463799,0.01757091,0.9822452,0.1867768,0.3494021,-0.1810602,0.9193125,static,20.82879,-19.61069,-18.08442,-5.941287,-5.53547222612895,1.522738792411232,41.24427828051437,14.6009510396112,40.0254498078588
2294,05/05/2023 11:22:21.208622,2476,True,True,True,True,Eyes,2.242233,0.01674849,-3.060977,0.3250492,-0.3153335,0.891576,0.0,0.0,0.0,0.0,0.0,0.0,0.0,-3.152317,0.4941201,1.934783,2.313515,0.01741129,-2.927795,0.09456703,0.1699539,0.007667313,0.9808741,10.53934,19.91362,2.750974,0.5785521,0.00405863,-0.815635,0.0,0.0,0.0,2.364147,-0.5809113,-0.9105778,-0.6501598,-0.2072,1.991,0.9421138,0.04718542,-0.3319567,0.01710274,0.9819966,0.1881229,0.3348569,-0.1829105,0.9243455,static,20.03075,-19.47772,-18.08442,-5.941288,-5.591112796446932,1.5499409960030992,40.44751136249948,14.567128637892528,39.281206880918454
2295,05/05/2023 11:22:21.226274,2477,True,True,True,True,Eyes,2.245049,0.01656892,-3.054603,0.3126731,-0.3148019,0.8961781,0.0,0.0,0.0,0.0,0.0,0.0,0.0,-3.120931,0.4974822,1.96966,2.31293,0.01593605,-2.918452,0.09539302,0.1630068,0.006969912,0.9819779,10.66552,19.09401,2.61218,0.5797962,0.004094211,-0.8147509,0.0,0.0,0.0,2.333819,-0.5850772,-0.901507,-0.6501598,-0.2072001,1.991,0.9467604,0.04478801,-0.3188083,0.01741083,0.9817032,0.1896199,0.3214679,-0.1850754,0.9286579,static,19.23368,-19.35493,-18.08442,-5.941289,-5.646160725842653,1.576600516176911,39.65559673598269,14.533717918984257,38.54010471931826
2296,05/05/2023 11:22:21.246421,2478,True,True,True,True,Eyes,2.247659,0.01634027,-3.04809,0.3004907,-0.3142274,0.9005368,0.0,0.0,0.0,0.0,0.0,0.0,0.0,-3.09083,0.5014573,2.000834,2.311987,0.01446889,-2.909044,0.09640507,0.1565412,0.006253236,0.9829353,10.81055,18.33229,2.478428,0.5810445,0.004121904,-0.8138611,0.0,0.0,0.0,2.305146,-0.5899158,-0.8930095,-0.65016,-0.2072,1.991,0.9509115,0.04247579,-0.3065341,0.01788968,0.981334,0.1914777,0.3089455,-0.1875621,0.9324018,static,18.4528,-19.23559,-18.08442,-5.941289,-5.70004043373776,1.602669905720385,38.88067494793527,14.501178338757567,37.8142953764502
2297,05/05/2023 11:22:21.261868,2479,True,True,True,True,Eyes,2.250095,0.01606591,-3.041452,0.2883269,-0.3137076,0.9046851,0.0,0.0,0.0,0.0,0.0,0.0,0.0,-3.062531,0.5061904,2.027703,2.310769,0.01309891,-2.899496,0.09722999,0.1506896,0.005916268,0.9837704,10.92483,17.64582,2.389888,0.5822943,0.004141211,-0.8129672,0.0,0.0,0.0,2.27912,-0.594125,-0.8845519,-0.6501597,-0.2072,1.991,0.9545153,0.04094358,-0.2953373,0.0176626,0.9810227,0.193087,0.2976383,-0.1895209,0.9356779,static,17.6773,-19.12444,-18.08442,-5.941289,-5.753162821207785,1.62818489773733,38.11425045369777,14.46916855586531,37.095364127922686
2298,05/05/2023 11:22:21.276309,2480,True,True,True,True,Eyes,2.252374,0.01577558,-3.034691,0.2762904,-0.3131219,0.9086353,0.0,0.0,0.0,0.0,0.0,0.0,0.0,-3.034819,0.5121367,2.052052,2.309095,0.01173614,-2.889856,0.09781407,0.1451939,0.006060043,0.9845378,11.00201,17.00519,2.355057,0.5835446,0.00415178,-0.8120703,0.0,0.0,0.0,2.254565,-0.5976786,-0.8760636,-0.6501601,-0.2072,1.991,0.957764,0.04033669,-0.2847122,0.01647132,0.9807914,0.194363,0.2870832,-0.1908435,0.9387023,static,16.91304,-19.0143,-18.08442,-5.941288,-5.805546754415949,1.6533606503177745,37.35941446548305,14.437777401764215,36.3868418821366
2299,05/05/2023 11:22:21.296344,2481,True,True,True,True,Eyes,2.254466,0.01546867,-3.027791,0.2642894,-0.3124558,0.9124267,0.0,0.0,0.0,0.0,0.0,0.0,0.0,-3.007171,0.5177568,2.075247,2.307203,0.01103002,-2.880016,0.09816238,0.1398428,0.006506838,0.9852745,11.04698,16.38386,2.35191,0.5847943,0.004154071,-0.8111707,0.0,0.0,0.0,2.230692,-0.5998489,-0.8673828,-0.6501599,-0.2072001,1.991,0.9608033,0.04027664,-0.2742896,0.01463256,0.9806436,0.1952536,0.2768445,-0.1916139,0.9416163,static,16.15395,-18.90351,-18.08442,-5.941292,-5.857649433443797,1.6784370610188248,36.60990406620078,14.406741111387404,35.682836393827955
2300,05/05/2023 11:22:21.309170,2482,True,True,True,True,Eyes,2.256422,0.01512279,-3.020768,0.2525451,-0.3117275,0.915995,0.0,0.0,0.0,0.0,0.0,0.0,0.0,-2.978356,0.5175289,2.09999,2.304905,0.01030631,-2.869792,0.09680555,0.1343953,0.007462692,0.9861597,10.89009,15.74776,2.377675,0.5860426,0.004148477,-0.8102692,0.0,0.0,0.0,2.206594,-0.595625,-0.8566095,-0.6501598,-0.2072001,1.991,0.9637645,0.04073923,-0.2636256,0.0113016,0.981146,0.1929374,0.2665153,-0.1889256,0.9451331,static,15.41384,-18.79424,-18.08442,-5.94129,-5.908514870666211,1.7029500639168116,35.87940560725749,14.376615452648366,34.996194134948574
2301,05/05/2023 11:22:21.326599,2483,True,True,True,True,Eyes,2.258185,0.0147287,-3.013625,0.2408616,-0.3109564,0.9193975,0.0,0.0,0.0,0.0,0.0,0.0,0.0,-2.949866,0.5121111,2.124774,2.302487,0.008889856,-2.859564,0.09405207,0.1290852,0.008663905,0.9871252,10.57052,15.1237,2.412902,0.5872884,0.004134757,-0.8093668,0.0,0.0,0.0,2.183249,-0.5867611,-0.8444458,-0.65016,-0.2072001,1.991,0.9665239,0.04138619,-0.2532169,0.007176748,0.9821583,0.1879191,0.2564763,-0.1834456,0.9489824,static,14.6803,-18.68644,-18.08442,-5.94129,-5.958902569815091,1.7272200290096718,35.15630420281546,14.34692367773454,34.31588620346538
2302,05/05/2023 11:22:21.346575,2484,True,True,True,True,Eyes,2.259776,0.01433159,-3.006366,0.2292165,-0.310235,0.9226127,0.0,0.0,0.0,0.0,0.0,0.0,0.0,-2.922397,0.5140642,2.14571,2.299703,0.007326011,-2.84957,0.09313849,0.1241083,0.009536039,0.9878418,10.4656,14.54576,2.44547,0.5885307,0.004112437,-0.8084639,0.0,0.0,0.0,2.160531,-0.5851769,-0.8348018,-0.6501597,-0.2072001,1.991,0.9690124,0.04195871,-0.2434224,0.004278325,0.9824685,0.1863792,0.2469751,-0.1816452,0.9518447,static,13.95224,-18.58558,-18.08442,-5.94129,-6.008592355551718,1.7509966211343584,34.441626755420536,14.317712343810516,33.64257550847716
2303,05/05/2023 11:22:21.356344,2485,True,True,True,True,Eyes,2.261169,0.0138951,-2.998988,0.2176807,-0.309343,0.9257008,0.0,0.0,0.0,0.0,0.0,0.0,0.0,-2.89689,0.5172396,2.162844,2.296694,0.006768432,-2.839463,0.09316355,0.1196104,0.009991445,0.9883897,10.47309,14.02483,2.450126,0.5897685,0.004082296,-0.8075616,0.0,0.0,0.0,2.139207,-0.5860358,-0.8261328,-0.6501599,-0.2072,1.991,0.9711871,0.04203754,-0.2345817,0.002535779,0.9824415,0.1865539,0.238305,-0.1817736,0.9540278,static,13.23282,-18.47817,-18.08442,-5.941289,-6.058098440770266,1.7748851269512207,33.73340935075731,14.288868163833879,32.975137978634564
2304,05/05/2023 11:22:21.376444,2486,True,True,True,True,Eyes,2.262332,0.0134048,-2.991519,0.2061092,-0.3085662,0.9286043,0.0,0.0,0.0,0.0,0.0,0.0,0.0,-2.872212,0.5086926,2.180789,2.293388,0.005349984,-2.829233,0.09064597,0.1153334,0.01051469,0.9891264,10.18897,13.51802,2.428811,0.5910004,0.004044062,-0.8066607,0.0,0.0,0.0,2.118705,-0.5777157,-0.814477,-0.6501602,-0.2072,1.991,0.9731753,0.04170974,-0.2262525,0.0001082968,0.9833455,0.181746,0.2300649,-0.1768952,0.9569631,static,12.51426,-18.38115,-18.08443,-5.941289,-6.107007588938313,1.79822308412484,33.03074282264056,14.260389016899827,32.311833653248904
2305,05/05/2023 11:22:21.396238,2487,True,True,True,True,Eyes,2.263296,0.0129226,-2.983957,0.1946446,-0.307984,0.9312676,0.0,0.0,0.0,0.0,0.0,0.0,0.0,-2.847691,0.5101528,2.196586,2.289891,0.003575357,-2.819748,0.09087969,0.1110718,0.01021888,0.9895957,10.2299,13.0188,2.353586,0.5922244,0.003997103,-0.8057628,0.0,0.0,0.0,2.097301,-0.5800321,-0.8067815,-0.6501598,-0.2072,1.991,0.9751173,0.04041346,-0.2179749,-3.679261e-05,0.9832729,0.1821383,0.2216897,-0.1775982,0.9588079,static,11.80546,-18.29982,-18.08442,-5.941288,-6.154499245370541,1.8205129560240456,32.3440603451302,14.232658335415579,31.66246077996516
2306,05/05/2023 11:22:21.409824,2488,True,True,True,True,Eyes,2.264071,0.01262595,-2.976284,0.1828371,-0.3076807,0.9337576,0.0,0.0,0.0,0.0,0.0,0.0,0.0,-2.824716,0.5179338,2.207972,2.286153,0.003326155,-2.809967,0.09351134,0.1071691,0.009138277,0.9897913,10.55357,12.56454,2.223014,0.5934396,0.003942478,-0.8048686,0.0,0.0,0.0,2.076425,-0.5896692,-0.8014619,-0.65016,-0.2072,1.991,0.9768625,0.03813304,-0.2104411,0.001953084,0.9823442,0.1870721,0.2138592,-0.1831547,0.9595408,static,11.07879,-18.23747,-18.08442,-5.941288,-6.202086146631373,1.842295004034784,31.64946933648689,14.20471830708407,31.00434640403798
2307,05/05/2023 11:22:21.426482,2489,True,True,True,True,Eyes,2.264671,0.01243119,-2.968474,0.1712749,-0.3068059,0.9362346,0.0,0.0,0.0,0.0,0.0,0.0,0.0,-2.804865,0.5196981,2.216125,2.28263,0.007533321,-2.799662,0.09650704,0.1038234,0.007436713,0.9898747,10.92451,12.16923,2.028913,0.5946448,0.003885918,-0.8039789,0.0,0.0,0.0,2.057554,-0.5957106,-0.7958763,-0.6501597,-0.2072001,1.991,0.9783308,0.03476221,-0.204109,0.005316556,0.9812622,0.192604,0.2069798,-0.1895155,0.9598141,static,10.36706,-18.14407,-18.08442,-5.941289,-6.250389029067639,1.865273897417559,30.95794854838352,14.176978284963365,30.34976475488172
2308,05/05/2023 11:22:21.446310,2490,True,True,True,True,Eyes,2.265094,0.01223973,-2.960608,0.1596397,-0.3060447,0.938537,0.0,0.0,0.0,0.0,0.0,0.0,0.0,-2.789351,0.476016,2.227884,2.279066,0.00967372,-2.788602,0.08925682,0.1014008,0.006603903,0.9908116,10.10974,11.84733,1.815419,0.595841,0.003830293,-0.803093,0.0,0.0,0.0,2.043708,-0.5639723,-0.7773196,-0.65016,-0.2072001,1.991,0.9793485,0.03118787,-0.1997592,0.005014971,0.9839792,0.1782127,0.202117,-0.1755341,0.9635022,static,9.653293,-18.06047,-18.08442,-5.941291,-6.298302580750214,1.8878064482464385,30.26970799503044,14.149463971277575,29.697353738623114
2309,05/05/2023 11:22:21.456435,2491,True,True,True,True,Eyes,2.265346,0.01214449,-2.952658,0.1481903,-0.3056886,0.9405286,0.0,0.0,0.0,0.0,0.0,0.0,0.0,-2.77343,0.4638414,2.234698,2.275101,0.009534794,-2.779345,0.08803116,0.09900806,0.005507371,0.99117,9.986556,11.55284,1.649498,0.5970259,0.003775653,-0.8022128,0.0,0.0,0.0,2.029077,-0.5581462,-0.7676467,-0.6501598,-0.2072001,1.991,0.9803342,0.02834907,-0.1952979,0.006514105,0.9844404,0.1755982,0.1972372,-0.1734171,0.9648958,static,8.953949,-18.00509,-18.08442,-5.941289,-6.343857613153594,1.9085341097786663,29.60757829927605,14.123049529554438,29.068411772645074
2310,05/05/2023 11:22:21.476510,2492,True,True,True,True,Eyes,2.265471,0.0121631,-2.944602,0.1366944,-0.3053721,0.9423707,0.0,0.0,0.0,0.0,0.0,0.0,0.0,-2.755432,0.4820672,2.236876,2.271291,0.01183261,-2.769387,0.0937436,0.09620559,0.004001528,0.9909293,10.6621,11.2318,1.514158,0.5981994,0.003724459,-0.8013383,0.0,0.0,0.0,2.012202,-0.5769703,-0.7654147,-0.6501599,-0.2072,1.991,0.9814569,0.02596778,-0.1899156,0.01010686,0.9823923,0.1865565,0.1914161,-0.1850166,0.9639133,static,8.253404,-17.95475,-18.08442,-5.941287,-6.3892217741484565,1.9290361523657675,28.948303340737347,14.096795666555778,28.44162723015164
2311,05/05/2023 11:22:21.496466,2493,True,True,True,True,Eyes,2.265468,0.01228572,-2.936489,0.1255989,-0.3050376,0.9440217,0.0,0.0,0.0,0.0,0.0,0.0,0.0,-2.740593,0.4649587,2.241926,2.267809,0.01461437,-2.75864,0.09184194,0.09401585,0.003224335,0.9913202,10.45617,10.96151,1.378753,0.5993623,0.003679437,-0.800469,0.0,0.0,0.0,1.999203,-0.5658031,-0.7534757,-0.6501598,-0.2072001,1.991,0.9823012,0.02366189,-0.1858073,0.0108765,0.9831094,0.1826958,0.1869919,-0.1814833,0.9654522,static,7.578503,-17.90698,-18.08442,-5.941291,-6.43288723223638,1.948750706720779,28.315425657204063,14.071637217184884,27.839501697507387
2312,05/05/2023 11:22:21.510079,2494,True,True,True,True,Eyes,2.26534,0.0124888,-2.928298,0.1146337,-0.3048985,0.9454607,0.0,0.0,0.0,0.0,0.0,0.0,0.0,-2.733087,0.4647639,2.236383,2.264725,0.0172308,-2.749164,0.09172142,0.09350307,0.004113175,0.9913765,10.43336,10.91062,1.474575,0.6005147,0.003642785,-0.7996051,0.0,0.0,0.0,1.994712,-0.5634838,-0.7442738,-0.6501598,-0.2072001,1.991,0.9824805,0.02530788,-0.1846389,0.008997057,0.9831405,0.1826301,0.186148,-0.1810917,0.9656887,static,6.913164,-17.87382,-18.08442,-5.941289,-6.4752038717483895,1.9674771846521493,27.699539741718038,14.04715208417545,27.25288439143518
2313,05/05/2023 11:22:21.526749,2495,True,True,True,True,Eyes,2.265096,0.01273649,-2.920061,0.1040547,-0.3046993,0.9467476,0.0,0.0,0.0,0.0,0.0,0.0,0.0,-2.723444,0.4769572,2.230028,2.261563,0.01933024,-2.739091,0.0917834,0.09281664,0.007210732,0.9914178,10.40779,10.86319,1.825749,0.6016566,0.003615865,-0.7987464,0.0,0.0,0.0,1.991164,-0.5644102,-0.7351323,-0.6501597,-0.2072,1.991,0.9826662,0.03133574,-0.1827164,0.002740354,0.9830477,0.1833299,0.1853637,-0.1806528,0.9659218,static,6.272062,-17.84015,-18.08442,-5.941289,-6.516069027778272,1.985608883299692,27.107583966736044,14.023639123592869,26.68872820890919
2314,05/05/2023 11:22:21.546663,2496,True,True,True,True,Eyes,2.264767,0.01299529,-2.9118,0.09338132,-0.3047151,0.9478547,0.0,0.0,0.0,0.0,0.0,0.0,0.0,-2.70911,0.4930976,2.229449,2.258542,0.02062133,-2.72973,0.08993825,0.09131485,0.01276656,0.9916702,10.13957,10.73779,2.430538,0.6027877,0.003598951,-0.7978932,0.0,0.0,0.0,1.986439,-0.5608094,-0.7253303,-0.6501601,-0.2072001,1.991,0.9829972,0.04174583,-0.178812,-0.008895047,0.9834962,0.1807097,0.1834048,-0.1760466,0.9671454,static,5.626544,-17.82149,-18.08442,-5.941289,-6.556416918822278,2.0030901419996714,26.520727546764192,14.000286246769475,26.128875312839714
2315,05/05/2023 11:22:21.562022,2497,True,True,True,True,Eyes,2.264356,0.01325443,-2.9035,0.0829597,-0.3049345,0.9487532,0.0,0.0,0.0,0.0,0.0,0.0,0.0,-2.688933,0.5311205,2.231538,2.255853,0.02116674,-2.720825,0.09145907,0.08869337,0.01916079,0.9916661,10.25299,10.5052,3.15893,0.6039082,0.003591371,-0.7970455,0.0,0.0,0.0,1.978124,-0.5720579,-0.7206575,-0.6501601,-0.2072,1.991,0.9835327,0.05422584,-0.1724036,-0.02177859,0.9825363,0.1847926,0.1794133,-0.1779948,0.9675374,static,4.997276,-17.81769,-18.08443,-5.941288,-6.594994990269316,2.0193993239851964,25.957928968545236,13.977827424642348,25.591502492183196
2316,05/05/2023 11:22:21.578118,2498,True,True,True,True,Eyes,2.263853,0.01352934,-2.895169,0.07240312,-0.3052614,0.9495121,0.0,0.0,0.0,0.0,0.0,0.0,0.0,-2.665688,0.5669835,2.236994,2.2535,0.02145247,-2.711601,0.09287952,0.08537877,0.02519175,0.99169,10.36474,10.18953,3.836907,0.6050187,0.003592236,-0.796203,0.0,0.0,0.0,1.967181,-0.5829145,-0.7159853,-0.65016,-0.2072,1.991,0.9841517,0.06582469,-0.164659,-0.03410494,0.9814776,0.1885171,0.1740182,-0.1799137,0.9681677,static,4.360535,-17.82223,-18.08442,-5.941289,-6.633591782548272,2.035475650205532,25.395526456395938,13.955294377058383,25.054178972699706
2317,05/05/2023 11:22:21.596697,2499,True,True,True,True,Eyes,2.263275,0.01386974,-2.886795,0.06198807,-0.3055999,0.9501401,0.0,0.0,0.0,0.0,0.0,0.0,0.0,-2.643003,0.5901744,2.244637,2.251227,0.02216925,-2.702526,0.09403604,0.08187378,0.02903287,0.9917717,10.4729,9.828767,4.256555,0.6061194,0.003601163,-0.7953652,0.0,0.0,0.0,1.953831,-0.5903747,-0.711028,-0.65016,-0.2072,1.991,0.9849076,0.07298612,-0.1569399,-0.04218977,0.9806287,0.1912786,0.1678604,-0.1817705,0.9689078,static,3.732742,-17.82969,-18.08442,-5.941289,-6.671489816042708,2.051174277492086,24.845978267539497,13.933213722108155,24.528837310752547
2318,05/05/2023 11:22:21.612466,2500,True,True,True,True,Eyes,2.262611,0.01423101,-2.878358,0.0513175,-0.305359,0.9508535,0.0,0.0,0.0,0.0,0.0,0.0,0.0,-2.622103,0.5928162,2.254848,2.248917,0.02408669,-2.693137,0.09427775,0.07825281,0.02986904,0.9920162,10.50815,9.417793,4.317233,0.6072113,0.003619178,-0.7945318,0.0,0.0,0.0,1.937429,-0.5902922,-0.7043602,-0.65016,-0.2072001,1.991,0.9859687,0.07401614,-0.1496241,-0.04450615,0.9804391,0.1917247,0.1608881,-0.1823754,0.9699764,static,3.089252,-17.804,-18.08442,-5.941292,-6.712082425467226,2.0689612035277443,24.270315759314876,13.910219922551782,23.978239972115084
2319,05/05/2023 11:22:21.628486,2501,True,True,True,True,Eyes,2.26188,0.01456552,-2.869895,0.04075041,-0.3048353,0.951533,0.0,0.0,0.0,0.0,0.0,0.0,0.0,-2.604778,0.5615897,2.268823,2.24664,0.02491132,-2.683244,0.08960238,0.07489104,0.02855461,0.9927474,9.998833,8.985536,4.082756,0.608294,0.003645972,-0.7937031,0.0,0.0,0.0,1.920041,-0.5699039,-0.6909465,-0.6501601,-0.2072,1.991,0.9871519,0.07011586,-0.1435786,-0.04327419,0.9823121,0.182182,0.1538129,-0.1736281,0.9727255,static,2.452254,-17.7635,-18.08442,-5.941287,-6.753055204081465,2.087335228370365,23.696406883737566,13.887354068506522,23.428746173563873
2320,05/05/2023 11:22:21.646530,2502,True,True,True,True,Eyes,2.261108,0.01486776,-2.861414,0.03021381,-0.3040062,0.9521909,0.0,0.0,0.0,0.0,0.0,0.0,0.0,-2.587336,0.5341818,2.282378,2.244357,0.02455557,-2.674167,0.08647285,0.07142691,0.02616329,0.9933459,9.674891,8.542371,3.741756,0.6093685,0.003679992,-0.7928784,0.0,0.0,0.0,1.901469,-0.55569,-0.6803104,-0.6501601,-0.2072001,1.991,0.9884273,0.06433137,-0.1373784,-0.03962542,0.9836758,0.1755324,0.1464281,-0.1680574,0.9748412,static,1.817433,-17.70673,-18.08443,-5.94129,-6.794747833898535,2.1064811294138983,23.119466457173466,13.86447054751884,22.87562119962059
2321,05/05/2023 11:22:21.656272,2503,True,True,True,True,Eyes,2.260278,0.01515491,-2.852901,0.01976631,-0.303146,0.9527391,0.0,0.0,0.0,0.0,0.0,0.0,0.0,-2.568281,0.5226234,2.293669,2.242009,0.02404172,-2.665134,0.08643719,0.06777451,0.02381901,0.993664,9.703545,8.095449,3.434634,0.6104361,0.0037197,-0.7920565,0.0,0.0,0.0,1.882306,-0.5538046,-0.6735443,-0.65016,-0.2072001,1.991,0.9896786,0.05905266,-0.1305725,-0.03561971,0.9839226,0.1750077,0.1388079,-0.1685504,0.9758705,static,1.188535,-17.65022,-18.08442,-5.941291,-6.836065595848176,2.125462113530787,22.550960351148376,13.84189230546389,22.32980234198974
2322,05/05/2023 11:22:21.676192,2504,True,True,True,True,Eyes,2.259429,0.01544201,-2.844369,0.009550786,-0.3022587,0.953178,0.0,0.0,0.0,0.0,0.0,0.0,0.0,-2.548037,0.5134894,2.305446,2.239857,0.02396466,-2.655883,0.08618477,0.06393954,0.02226977,0.9939758,9.699649,7.634109,3.215658,0.6114962,0.003764116,-0.7912381,0.0,0.0,0.0,1.863263,-0.551351,-0.6666846,-0.6501599,-0.2072001,1.991,0.9908316,0.05529245,-0.1232701,-0.03325,0.9841524,0.174179,0.1309474,-0.1684833,0.9769679,static,0.574081,-17.59415,-18.08442,-5.941291,-6.87647936293061,2.144050797138247,21.998381359565574,13.81993796298023,21.798457406353304
2323,05/05/2023 11:22:21.696187,2505,True,True,True,True,Eyes,2.258531,0.0156986,-2.835812,-0.0006126881,-0.3014257,0.9534895,0.0,0.0,0.0,0.0,0.0,0.0,0.0,-2.5258,0.5135612,2.317196,2.237614,0.02422621,-2.646754,0.08715457,0.05982834,0.02141719,0.994166,9.830235,7.153039,3.084177,0.6125501,0.003812819,-0.7904223,0.0,0.0,0.0,1.843647,-0.5540254,-0.6617767,-0.6501601,-0.2072,1.991,0.9919238,0.05301312,-0.1152254,-0.03215586,0.9838908,0.1758549,0.1226918,-0.1707295,0.9776493,static,-0.03681681,-17.54326,-18.08442,-5.941287,-6.916404781838169,2.1622849060947744,21.455110309584224,13.79827676017345,21.275265796096868
2324,05/05/2023 11:22:21.710324,2506,True,True,True,True,Eyes,2.257644,0.01591465,-2.827253,-0.01046696,-0.3008123,0.9536259,0.0,0.0,0.0,0.0,0.0,0.0,0.0,-2.50214,0.5140527,2.330357,2.235626,0.02376109,-2.637599,0.08766606,0.05541337,0.02095369,0.9943868,9.90562,6.63834,2.990223,0.6135982,0.003864576,-0.7896087,0.0,0.0,0.0,1.823383,-0.5559858,-0.6567739,-0.65016,-0.2072001,1.991,0.9929807,0.05138789,-0.1065308,-0.03195641,0.9837512,0.1766702,0.1138785,-0.1720257,0.978488,static,-0.6288508,-17.50739,-18.08442,-5.941289,-6.954392580006945,2.179271858085036,20.939713189014547,13.777554899896426,20.778194765133925
2325,05/05/2023 11:22:21.726689,2507,True,True,True,True,Eyes,2.256712,0.01613851,-2.818681,-0.02026341,-0.3005585,0.9535481,0.0,0.0,0.0,0.0,0.0,0.0,0.0,-2.478134,0.5276712,2.341071,2.233535,0.02299102,-2.628876,0.0907247,0.05102111,0.02051453,0.9943566,10.27262,6.136778,2.915935,0.6146418,0.00391801,-0.7887962,0.0,0.0,0.0,1.803272,-0.5682268,-0.6552869,-0.65016,-0.2072001,1.991,0.993952,0.05005526,-0.09774402,-0.03153977,0.9826964,0.1825187,0.1051887,-0.178332,0.9783317,static,-1.217383,-17.49486,-18.08442,-5.94129,-6.990943676773791,2.1949818568871207,20.4446060589161,13.757330288364594,20.300092944895354
2326,05/05/2023 11:22:21.746601,2508,True,True,True,True,Eyes,2.255747,0.01635281,-2.810082,-0.02974138,-0.3004501,0.9533337,0.0,0.0,0.0,0.0,0.0,0.0,0.0,-2.455667,0.5463019,2.348668,2.231566,0.02331558,-2.62003,0.09555429,0.04689217,0.01951939,0.9941276,10.84517,5.665885,2.787953,0.6156814,0.003973194,-0.7879849,0.0,0.0,0.0,1.784001,-0.5856197,-0.6556974,-0.65016,-0.2072001,1.991,0.9948403,0.04777103,-0.08950326,-0.02984804,0.9809767,0.1918169,0.0969639,-0.1881557,0.9773411,static,-1.786891,-17.49262,-18.08442,-5.941289,-7.025795245935895,2.2096811992576835,19.976053148142203,13.737958241324883,19.846973497821736
2327,05/05/2023 11:22:21.756338,2509,True,True,True,True,Eyes,2.254732,0.01652957,-2.801471,-0.03917427,-0.3004291,0.9529993,0.0,0.0,0.0,0.0,0.0,0.0,0.0,-2.434335,0.5489817,2.357796,2.229384,0.02348517,-2.61072,0.0972675,0.04295579,0.01840781,0.9941605,11.05887,5.202419,2.625504,0.6167164,0.004029693,-0.7871748,0.0,0.0,0.0,1.765097,-0.5907919,-0.6519396,-0.6501601,-0.2072001,1.991,0.9956319,0.04495704,-0.08182893,-0.02824423,0.9804004,0.1949805,0.08899085,-0.1918176,0.9773876,static,-2.353892,-17.49724,-18.08442,-5.941289,-7.060134416762493,2.2239673782199727,19.51895270431242,13.718829554405882,19.40420967982739
2328,05/05/2023 11:22:21.776504,2510,True,True,True,True,Eyes,2.253675,0.01667736,-2.792836,-0.0483763,-0.3005639,0.952534,0.0,0.0,0.0,0.0,0.0,0.0,0.0,-2.412291,0.552434,2.367793,2.227267,0.02279264,-2.601834,0.09883135,0.03886927,0.01740063,0.9941925,11.25419,4.721314,2.470852,0.6177476,0.00408638,-0.7863655,0.0,0.0,0.0,1.745768,-0.5962921,-0.6487298,-0.6501599,-0.2072001,1.991,0.9963728,0.04228216,-0.07384764,-0.02691615,0.9798591,0.1978675,0.08072655,-0.1951621,0.9774431,static,-2.90738,-17.51264,-18.08442,-5.941289,-7.093084508653623,2.2373591198982634,19.085038829585887,13.700355504600818,18.983204106146246
2329,05/05/2023 11:22:21.796209,2511,True,True,True,True,Eyes,2.252575,0.01679688,-2.784174,-0.05755696,-0.300746,0.9519659,0.0,0.0,0.0,0.0,0.0,0.0,0.0,-2.388884,0.5616332,2.377172,2.225053,0.022285,-2.592641,0.1012621,0.03458782,0.01673836,0.9941174,11.54719,4.223618,2.356486,0.6187756,0.004142483,-0.7855566,0.0,0.0,0.0,1.725925,-0.6052893,-0.6466858,-0.65016,-0.2072001,1.991,0.9970471,0.04028465,-0.06537879,-0.02627491,0.9789317,0.2024907,0.07215863,-0.2001749,0.9770994,static,-3.459957,-17.53242,-18.08442,-5.94129,-7.125749505830542,2.250504726412084,18.660900640517568,13.682030545187844,18.570873388837096
2330,05/05/2023 11:22:21.810985,2512,True,True,True,True,Eyes,2.251438,0.01688019,-2.775489,-0.0666218,-0.3008434,0.9513437,0.0,0.0,0.0,0.0,0.0,0.0,0.0,-2.364503,0.5656301,2.388485,2.222963,0.02174263,-2.583338,0.1021093,0.03012184,0.01662868,0.994178,11.65557,3.705112,2.294783,0.6198,0.004197264,-0.7847483,0.0,0.0,0.0,1.705927,-0.6087558,-0.6430126,-0.6501601,-0.2072001,1.991,0.9976324,0.03921515,-0.05649706,-0.02691228,0.9785943,0.2040314,0.06328883,-0.2020279,0.9773328,static,-4.005836,-17.54852,-18.08442,-5.94129,-7.15819884293168,2.263665989689346,18.246487763894617,13.663952999257077,18.167028202252656
2331,05/05/2023 11:22:21.826724,2513,True,True,True,True,Eyes,2.250262,0.01692667,-2.766785,-0.07570115,-0.3010556,0.9505971,0.0,0.0,0.0,0.0,0.0,0.0,0.0,-2.338533,0.5697455,2.40106,2.220778,0.02093755,-2.57413,0.1025563,0.02539694,0.01690057,0.9942594,11.71693,3.15959,2.271935,0.6208217,0.004249884,-0.78394,0.0,0.0,0.0,1.685164,-0.611348,-0.6394328,-0.65016,-0.2072,1.991,0.9981388,0.03881633,-0.04703578,-0.02839786,0.9783932,0.2047936,0.05396881,-0.2030767,0.9776744,static,-4.553162,-17.57308,-18.08442,-5.941287,-7.190293087718555,2.2764339639794247,17.843585723094254,13.645986187253811,17.773442058968406
2332,05/05/2023 11:22:21.846329,2514,True,True,True,True,Eyes,2.249035,0.01694463,-2.758052,-0.0846709,-0.3012423,0.9497811,0.0,0.0,0.0,0.0,0.0,0.0,0.0,-2.310825,0.5804839,2.413622,2.218723,0.0201228,-2.565017,0.1040659,0.0203559,0.01744589,0.9942091,11.90071,2.583536,2.279912,0.6218403,0.004299521,-0.783132,0.0,0.0,0.0,1.663625,-0.6183482,-0.6378579,-0.6501601,-0.2072,1.991,0.9985626,0.03892643,-0.036845,-0.03045301,0.9777318,0.2076368,0.04410709,-0.2062163,0.9775118,static,-5.094326,-17.59748,-18.08443,-5.941289,-7.222019898088162,2.2890522651933214,17.453068227658342,13.628296686074178,17.390831584910877
2333,05/05/2023 11:22:21.856433,2515,True,True,True,True,Eyes,2.247772,0.01692076,-2.749295,-0.09367047,-0.3014661,0.9488646,0.0,0.0,0.0,0.0,0.0,0.0,0.0,-2.28207,0.586241,2.427789,2.216769,0.01950196,-2.555628,0.1046204,0.01507272,0.01797892,0.9942354,11.97545,1.976184,2.27925,0.6228564,0.004345715,-0.7823237,0.0,0.0,0.0,1.641243,-0.62144,-0.6352941,-0.65016,-0.2072,1.991,0.9988992,0.03890439,-0.02620974,-0.03259674,0.9774627,0.2085765,0.03373358,-0.2074925,0.9776548,static,-5.637886,-17.6257,-18.08442,-5.941288,-7.2536926537169775,2.301537611591315,17.07166343385729,13.610614567778656,17.01593910907583
2334,05/05/2023 11:22:21.876499,2516,True,True,True,True,Eyes,2.246465,0.01685351,-2.740514,-0.1026823,-0.3017086,0.9478545,0.0,0.0,0.0,0.0,0.0,0.0,0.0,-2.253568,0.5918859,2.441336,2.214707,0.01848302,-2.546321,0.1051163,0.009871038,0.01847886,0.9942393,12.04364,1.377661,2.274881,0.6238707,0.004387646,-0.781515,0.0,0.0,0.0,1.619116,-0.6246713,-0.632857,-0.65016,-0.2072001,1.991,0.9991223,0.03882003,-0.01574349,-0.0346696,0.9772182,0.2093863,0.0235132,-0.2086567,0.9777063,static,-6.182816,-17.65663,-18.08442,-5.94129,-7.285306948386231,2.3139201908003453,16.70022062993229,13.592988560130134,16.649454500006875
2335,05/05/2023 11:22:21.896329,2517,True,True,True,True,Eyes,2.245133,0.01673952,-2.73171,-0.1117338,-0.3020281,0.9467283,0.0,0.0,0.0,0.0,0.0,0.0,0.0,-2.224553,0.6021946,2.453879,2.212692,0.01735491,-2.537024,0.1065535,0.004583702,0.01895446,0.9941157,12.22078,0.7710956,2.267162,0.6248829,0.004424518,-0.7807057,0.0,0.0,0.0,1.59682,-0.6315816,-0.6319512,-0.6501601,-0.2072,1.991,0.9992395,0.03866267,-0.005074132,-0.03670904,0.9765741,0.2120268,0.01315279,-0.2116793,0.9772506,static,-6.730965,-17.69388,-18.08443,-5.941288,-7.316786370938157,2.326063721431741,16.340886947307634,13.575391479008497,16.29336332994844
2336,05/05/2023 11:22:21.911115,2518,True,True,True,True,Eyes,2.243817,0.01658901,-2.722885,-0.1209055,-0.3023286,0.9455048,0.0,0.0,0.0,0.0,0.0,0.0,0.0,-2.194996,0.6110726,2.466938,2.210855,0.01613563,-2.527659,0.1075925,-0.0008292778,0.01953436,0.9940028,12.35258,0.1498539,2.267905,0.625893,0.004455499,-0.7798958,0.0,0.0,0.0,1.574362,-0.6371702,-0.6308751,-0.65016,-0.2072001,1.991,0.9992355,0.03865597,0.005852111,-0.03901286,0.9760845,0.2138622,0.002554893,-0.213927,0.9768463,static,-7.287094,-17.73187,-18.08442,-5.94129,-7.348713712593665,2.3383739813443736,15.987495910450644,13.557589208020257,15.94139228971875
2337,05/05/2023 11:22:21.926517,2519,True,True,True,True,Eyes,2.242477,0.01640044,-2.714037,-0.1301505,-0.3026905,0.9441606,0.0,0.0,0.0,0.0,0.0,0.0,0.0,-2.1651,0.6194229,2.480049,2.208927,0.01507369,-2.518413,0.1090686,-0.006353172,0.01952461,0.9938222,12.53511,359.5088,2.197025,0.6269026,0.004480146,-0.7790844,0.0,0.0,0.0,1.550981,-0.6434912,-0.6307901,-0.65016,-0.2072001,1.991,0.9991569,0.03742212,0.01688689,-0.04019385,0.9754456,0.2165416,-0.008368801,-0.2170378,0.9761274,static,-7.848632,-17.77544,-18.08442,-5.941289,-7.380678529355041,2.3505389224031843,15.646676512018296,13.539737507246949,15.599884058427529
2338,05/05/2023 11:22:21.946317,2520,True,True,True,True,Eyes,2.24116,0.01617713,-2.705164,-0.139487,-0.3030106,0.9427236,0.0,0.0,0.0,0.0,0.0,0.0,0.0,-2.134484,0.6245309,2.494137,2.20709,0.01399889,-2.50905,0.110312,-0.01209932,0.01901565,0.9936415,12.69032,358.8341,2.063063,0.627912,0.004498001,-0.778271,0.0,0.0,0.0,1.526453,-0.6482278,-0.6307775,-0.6501601,-0.2072,1.991,0.998984,0.03512007,0.02824008,-0.04045887,0.9749393,0.2187611,-0.01984946,-0.2196814,0.9753697,static,-8.416513,-17.81846,-18.08442,-5.941289,-7.413059027092832,2.362894288669368,15.314555714218093,13.521738242766789,15.264785417893068
2339,05/05/2023 11:22:21.956178,2521,True,True,True,True,Eyes,2.239823,0.01591772,-2.696267,-0.1489189,-0.3033309,0.9411766,0.0,0.0,0.0,0.0,0.0,0.0,0.0,-2.103257,0.626856,2.509025,2.205279,0.01292375,-2.499685,0.1110702,-0.01798042,0.0184029,0.9934795,12.78856,358.1408,1.914045,0.6289219,0.004508728,-0.7774552,0.0,0.0,0.0,1.501392,-0.6509157,-0.6305722,-0.65016,-0.2072,1.991,0.9986761,0.03257164,0.03981438,-0.04055999,0.9746495,0.2200302,-0.03163833,-0.2213538,0.9746802,static,-8.991164,-17.86356,-18.08442,-5.941288,-7.44574342384402,2.37531723171113,14.994261379725247,13.503605513794264,14.938937135908674
2340,05/05/2023 11:22:21.976528,2522,True,True,True,True,Eyes,2.238457,0.01562689,-2.687348,-0.1584402,-0.3035625,0.9395459,0.0,0.0,0.0,0.0,0.0,0.0,0.0,-2.070807,0.6278108,2.524853,2.203564,0.01181781,-2.490268,0.1115339,-0.02411052,0.01777877,0.9933091,12.85195,357.4173,1.75987,0.6299328,0.004511997,-0.7766362,0.0,0.0,0.0,1.475533,-0.6524259,-0.6305712,-0.6501601,-0.2072001,1.991,0.9982052,0.02994135,0.05186427,-0.0406979,0.9744883,0.2207179,-0.04393252,-0.2224325,0.9739577,static,-9.57201,-17.90538,-18.08443,-5.94129,-7.478977540169982,2.388065680576437,14.683349201885108,13.485317494640812,14.619694005183266
2341,05/05/2023 11:22:21.996211,2523,True,True,True,True,Eyes,2.237081,0.01528622,-2.678408,-0.1680939,-0.3037722,0.937799,0.0,0.0,0.0,0.0,0.0,0.0,0.0,-2.036696,0.6280813,2.541743,2.201907,0.01079733,-2.480839,0.1119464,-0.03057287,0.01703602,0.9930978,12.90817,356.6529,1.586815,0.6309449,0.00450763,-0.7758142,0.0,0.0,0.0,1.448462,-0.6534058,-0.6312782,-0.6501603,-0.2072,1.991,0.9975502,0.02699182,0.06453793,-0.04068191,0.9743556,0.2213058,-0.05690946,-0.2233891,0.9730666,static,-10.16196,-17.9482,-18.08443,-5.941288,-7.512714502894809,2.400996419142313,14.385112675145928,13.46680652128034,14.309992492036315
2342,05/05/2023 11:22:22.011270,2524,True,True,True,True,Eyes,2.235704,0.01490934,-2.669443,-0.1778049,-0.3039006,0.9359647,0.0,0.0,0.0,0.0,0.0,0.0,0.0,-2.000997,0.6280016,2.559606,2.200406,0.009274759,-2.471454,0.1120555,-0.03733372,0.01641623,0.9928647,12.92866,355.8546,1.424609,0.6319591,0.004494926,-0.7749884,0.0,0.0,0.0,1.420619,-0.6538262,-0.6324465,-0.65016,-0.2072001,1.991,0.9966734,0.0242313,0.07781373,-0.04096509,0.9743482,0.2212862,-0.07045562,-0.2237377,0.9720995,static,-10.75629,-17.98822,-18.08442,-5.94129,-7.546865334395088,2.4141817635605225,14.100709617668182,13.448195667905383,14.010845161580779
2343,05/05/2023 11:22:22.026631,2525,True,True,True,True,Eyes,2.234331,0.01451218,-2.660441,-0.1876599,-0.3039483,0.9340231,0.0,0.0,0.0,0.0,0.0,0.0,0.0,-1.964112,0.628476,2.577618,2.198965,0.008018931,-2.461975,0.1121718,-0.04428969,0.01596598,0.992573,12.94946,355.0354,1.279321,0.6329749,0.004473649,-0.774159,0.0,0.0,0.0,1.392393,-0.6541741,-0.6342276,-0.65016,-0.2072001,1.991,0.995567,0.0217587,0.09150336,-0.04163091,0.9743252,0.221263,-0.08433962,-0.2240915,0.9709118,static,-11.36037,-18.02584,-18.08442,-5.941291,-7.581736588011013,2.4277388949368905,13.829286783341395,13.429334318379897,13.720997457546945
2344,05/05/2023 11:22:22.046568,2526,True,True,True,True,Eyes,2.232967,0.0140919,-2.651395,-0.1974386,-0.3039074,0.9320184,0.0,0.0,0.0,0.0,0.0,0.0,0.0,-1.926347,0.6243241,2.596664,2.197791,0.007130867,-2.452126,0.1112474,-0.05142681,0.01574896,0.9923364,12.85059,354.1979,1.164523,0.6339934,0.004444031,-0.7733253,0.0,0.0,0.0,1.364004,-0.6505376,-0.6349877,-0.6501601,-0.2072001,1.991,0.9942145,0.01981433,0.1055694,-0.04269873,0.9747519,0.2191699,-0.0985613,-0.2224095,0.9699585,static,-11.9607,-18.05982,-18.08443,-5.941289,-7.616569883307387,2.441385148154951,13.577881377846138,13.410642091144974,13.447718018927427
2345,05/05/2023 11:22:22.056148,2527,True,True,True,True,Eyes,2.231631,0.01364221,-2.642316,-0.2073215,-0.3037736,0.9299137,0.0,0.0,0.0,0.0,0.0,0.0,0.0,-1.88882,0.6106001,2.617164,2.196848,0.006088858,-2.442099,0.1080595,-0.05850694,0.01596676,0.9922929,12.49307,353.3737,1.117612,0.6350152,0.004406204,-0.7724867,0.0,0.0,0.0,1.336347,-0.6392439,-0.633009,-0.6501602,-0.2072001,1.991,0.992644,0.01904295,0.1195628,-0.04433186,0.9761364,0.2125849,-0.1126613,-0.2163216,0.9698002,static,-12.56838,-18.09059,-18.08443,-5.941289,-7.652019673068805,2.455382926554857,13.342875341960628,13.391761821047114,13.186863594811914
2346,05/05/2023 11:22:22.076453,2528,True,True,True,True,Eyes,2.230306,0.0131766,-2.633195,-0.2170418,-0.3038506,0.9276678,0.0,0.0,0.0,0.0,0.0,0.0,0.0,-1.851761,0.6075088,2.63467,2.196263,0.00490807,-2.432278,0.1063969,-0.06543747,0.01690322,0.9920242,12.31633,352.5762,1.15024,0.6360416,0.004360077,-0.7716421,0.0,0.0,0.0,1.310544,-0.6349313,-0.6334374,-0.6501602,-0.2072,1.991,0.9908645,0.01961212,0.133428,-0.0474615,0.9767879,0.2088844,-0.1262342,-0.2133088,0.9687953,static,-13.16834,-18.13582,-18.08443,-5.941289,-7.686240848196128,2.4684474333852395,13.148175812562782,13.373331840483837,12.962515477938267
2347,05/05/2023 11:22:22.096192,2529,True,True,True,True,Eyes,2.229018,0.01266613,-2.624038,-0.2267913,-0.3037897,0.9253527,0.0,0.0,0.0,0.0,0.0,0.0,0.0,-1.817472,0.6082395,2.648633,2.195813,0.004043782,-2.422149,0.1056527,-0.07186786,0.01779707,0.991643,12.2453,351.8361,1.179163,0.6370735,0.004305953,-0.7707906,0.0,0.0,0.0,1.286942,-0.6337606,-0.6341673,-0.6501601,-0.2072001,1.991,0.9890366,0.02011062,0.1462951,-0.05048274,0.9770415,0.2069814,-0.1387739,-0.2120975,0.9673451,static,-13.77097,-18.17481,-18.08442,-5.941291,-7.720951872024592,2.4818977396761044,12.971693722327128,13.354833588771086,12.7525199111458
2348,05/05/2023 11:22:22.111801,2530,True,True,True,True,Eyes,2.227773,0.01210533,-2.61487,-0.236447,-0.304024,0.9228555,0.0,0.0,0.0,0.0,0.0,0.0,0.0,-1.787163,0.6010926,2.661492,2.195524,0.002430722,-2.412151,0.103719,-0.07765882,0.01810411,0.9914051,12.03252,351.1643,1.159295,0.6381116,0.004243292,-0.7699317,0.0,0.0,0.0,1.265306,-0.6280982,-0.6325868,-0.6501601,-0.2072001,1.991,0.9872827,0.01978762,0.1577381,-0.05200639,0.9778292,0.2028431,-0.1502272,-0.2084669,0.966423,static,-14.37076,-18.23387,-18.08442,-5.94129,-7.754437920573627,2.4942543815230254,12.84129252263961,13.336676451571986,12.584395496379276
2349,05/05/2023 11:22:22.126401,2531,True,True,True,True,Eyes,2.226556,0.01154206,-2.605677,-0.2461281,-0.3043464,0.9202143,0.0,0.0,0.0,0.0,0.0,0.0,0.0,-1.757443,0.6086931,2.67075,2.19518,0.0006832145,-2.402749,0.1047896,-0.08330096,0.01825101,0.9908316,12.16328,350.5055,1.096643,0.639157,0.00417138,-0.7690645,0.0,0.0,0.0,1.24454,-0.6334926,-0.635314,-0.6501601,-0.2072001,1.991,0.9854558,0.01870921,0.1688994,-0.0536255,0.9773721,0.204617,-0.1612494,-0.2106983,0.9641602,static,-14.97429,-18.30082,-18.08442,-5.941292,-7.787738597166504,2.5063054543472725,12.744835856129495,13.318541611683756,12.4459109721848
2350,05/05/2023 11:22:22.146904,2532,True,True,True,True,Eyes,2.225345,0.0111311,-2.596437,-0.255817,-0.3049773,0.9173584,0.0,0.0,0.0,0.0,0.0,0.0,0.0,-1.726741,0.6167761,2.679786,2.194721,8.885376e-05,-2.39301,0.1062511,-0.08911972,0.01831204,0.9901682,12.33791,349.8238,1.016221,0.6402093,0.00409106,-0.7681891,0.0,0.0,0.0,1.223125,-0.638989,-0.6387871,-0.6501601,-0.2072001,1.991,0.9834447,0.01732587,0.1803784,-0.05520213,0.9767507,0.2071489,-0.1725957,-0.2136768,0.9615368,static,-15.5818,-18.38947,-18.08443,-5.941289,-7.82014482914128,2.517354610849024,12.697258252302383,13.300533891692739,12.35155951007413
2351,05/05/2023 11:22:22.156152,2533,True,True,True,True,Eyes,2.224153,0.01094105,-2.587119,-0.2656028,-0.3052787,0.9144726,0.0,0.0,0.0,0.0,0.0,0.0,0.0,-1.693424,0.6265142,2.688953,2.194084,0.003391225,-2.382575,0.1085424,-0.09536829,0.01870318,0.9893299,12.61131,349.0935,0.9573033,0.6412699,0.004007485,-0.7673044,0.0,0.0,0.0,1.200542,-0.6440884,-0.6437918,-0.6501601,-0.2072001,1.991,0.9811102,0.01630422,0.1927616,-0.05771022,0.9757375,0.211201,-0.1846412,-0.2183358,0.9582469,moving,-16.19561,-18.46057,-18.08443,-5.94129,-7.853855001041415,2.529457855608777,12.660964130381226,13.28225259670276,12.26484631021586
2352,05/05/2023 11:22:22.176490,2534,True,True,True,True,Eyes,2.222952,0.01072224,-2.577754,-0.2754723,-0.30491,0.9116715,0.0,0.0,0.0,0.0,0.0,0.0,0.0,-1.658308,0.5997502,2.706532,2.193457,0.008442446,-2.371429,0.1042386,-0.1020561,0.01875985,0.9891243,12.12464,348.3169,0.9280367,0.6423391,0.003927471,-0.7664101,0.0,0.0,0.0,1.178063,-0.6206884,-0.6396405,-0.6470828,-0.2052487,1.99125,0.9784653,0.01583529,0.2058032,-0.05838802,0.9775648,0.2023808,-0.1979812,-0.210039,0.9574378,moving,-16.81281,-18.4926,-18.00225,-5.884995,-7.889819383714353,2.5436353518792654,12.663588407304818,13.164462107424354,12.209433954746805
2353,05/05/2023 11:22:22.196152,2535,True,True,True,True,Eyes,2.221766,0.01055219,-2.568431,-0.2854098,-0.3051051,0.9085439,0.0,0.0,0.0,0.0,0.0,0.0,0.0,-1.624654,0.5483797,2.727905,2.192706,0.007386681,-2.360862,0.09369991,-0.1084199,0.0191521,0.9894943,10.9285,347.5921,1.026148,0.6434168,0.003849789,-0.765506,0.0,0.0,0.0,1.156128,-0.5809842,-0.6284363,-0.6438637,-0.2032078,1.991512,0.9757567,0.01758392,0.2181508,-0.05821965,0.981707,0.1812781,-0.2109726,-0.189584,0.9589309,moving,-17.43958,-18.56296,-17.91623,-5.826122,-7.924358763048048,2.5561081516808626,12.74575370312576,13.04221120560373,12.227960140135492
2354,05/05/2023 11:22:22.216600,2536,True,True,True,True,Eyes,2.220544,0.01057418,-2.559059,-0.2955297,-0.3057565,0.9050829,0.0,0.0,0.0,0.0,0.0,0.0,0.0,-1.580314,0.5928913,2.736909,2.192034,0.008421483,-2.352552,0.09996994,-0.1161471,0.02260179,0.9879298,11.69938,346.718,1.254321,0.6445026,0.003775579,-0.7645923,0.0,0.0,0.0,1.134938,-0.6061042,-0.6429018,-0.6405929,-0.2011336,1.991778,0.971998,0.02143552,0.2340093,-0.06788039,0.9789903,0.1922763,-0.2249713,-0.2027768,0.9530317,moving,-18.08301,-18.66608,-17.82876,-5.766291,-7.958197451473582,2.5673411710924503,12.902294342752418,12.91810474440579,12.315085479869042
2355,05/05/2023 11:22:22.226497,2537,True,True,True,True,Eyes,2.219279,0.01074284,-2.549655,-0.305922,-0.3059238,0.9015666,0.0,0.0,0.0,0.0,0.0,0.0,0.0,-1.531242,0.6125876,2.750078,2.190512,0.01310406,-2.341876,0.1027096,-0.1247471,0.02533028,0.9865331,12.06214,345.7372,1.426966,0.6455965,0.003710143,-0.7636693,0.0,0.0,0.0,1.108818,-0.6133935,-0.6531903,-0.6374659,-0.1991509,1.992033,0.9675931,0.02435287,0.2513375,-0.07560372,0.9776183,0.196333,-0.2409308,-0.2089725,0.9477779,moving,-18.74324,-18.74334,-17.74507,-5.709101,-7.994415956631526,2.58031990637796,13.072403361969098,12.798037085293743,12.41300152098569
2356,05/05/2023 11:22:22.246539,2538,True,True,True,True,Eyes,2.217934,0.01103881,-2.540276,-0.316851,-0.3062046,0.8976882,0.0,0.0,0.0,0.0,0.0,0.0,0.0,-1.477946,0.5753663,2.776841,2.188354,0.01674141,-2.331747,0.09562796,-0.1342696,0.0259883,0.9859775,11.27703,344.6379,1.493942,0.646697,0.003656989,-0.7627379,0.0,0.0,0.0,1.075581,-0.5821784,-0.6545063,-0.6340345,-0.1969751,1.992312,0.9625925,0.02556791,0.2697441,-0.07692762,0.9803598,0.1815951,-0.2598032,-0.1955529,0.9456539,moving,-19.44116,-18.83469,-17.65318,-5.646348,-8.032194784018808,2.593547165222202,13.3089908403817,12.66725024857332,12.570654199013902
2357,05/05/2023 11:22:22.256360,2539,True,True,True,True,Eyes,2.216493,0.01143666,-2.530879,-0.3283979,-0.3061424,0.89355,0.0,0.0,0.0,0.0,0.0,0.0,0.0,-1.409946,0.572917,2.80303,2.185704,0.02014797,-2.32281,0.09588131,-0.1461941,0.02565887,0.9842641,11.3176,343.2332,1.313412,0.6478024,0.003618674,-0.7617994,0.0,0.0,0.0,1.0342,-0.5762753,-0.6721098,-0.6309981,-0.1950499,1.992559,0.9559378,0.02247564,0.2927076,-0.07854477,0.9802968,0.1812427,-0.2828668,-0.1962474,0.9388682,moving,-20.17941,-18.91216,-17.57181,-5.590825,-8.073160708832118,2.608513351023273,13.574149842337274,12.548047168829305,12.752719890302098
2358,05/05/2023 11:22:22.276559,2540,True,True,True,True,Eyes,2.214909,0.01183757,-2.521528,-0.3404351,-0.3059054,0.8891152,0.0,0.0,0.0,0.0,0.0,0.0,0.0,-1.330539,0.5401582,2.837313,2.182193,0.02295403,-2.312998,0.0924527,-0.1602604,0.0219465,0.9824904,10.87705,341.5464,0.7871685,0.6489113,0.003596791,-0.7608551,0.0,0.0,0.0,0.9816937,-0.5511912,-0.6906395,-0.6279448,-0.1931138,1.992807,0.9476699,0.01349143,0.3189666,-0.07275745,0.9819417,0.1746335,-0.3108506,-0.1887021,0.9315382,moving,-20.95144,-18.98608,-17.48993,-5.534989,-8.116372906312634,2.62452524337912,13.889344857493498,12.42743920832138,12.980855475802807
2359,05/05/2023 11:22:22.296332,2541,True,True,True,True,Eyes,2.213229,0.01219839,-2.512216,-0.3531355,-0.3058066,0.8841819,0.0,0.0,0.0,0.0,0.0,0.0,0.0,-1.2426,0.5053148,2.873544,2.178674,0.02342783,-2.304232,0.08929971,-0.1756947,0.01634652,0.9802499,10.4173,339.6806,0.03893675,0.6500206,0.003589856,-0.7599077,0.0,0.0,0.0,0.9242272,-0.5253261,-0.7153916,-0.6247824,-0.1911085,1.993064,0.9377282,0.0006683727,0.347369,-0.06342634,0.9835167,0.169328,-0.34153,-0.1808161,0.9223138,moving,-21.77139,-19.07866,-17.40508,-5.477161,-8.161529861825658,2.6408151859379885,14.28514746382063,12.302225673121072,13.283448645342524
2360,05/05/2023 11:22:22.312119,2542,True,True,True,True,Eyes,2.21141,0.01254128,-2.50294,-0.3660451,-0.3060691,0.8788246,0.0,0.0,0.0,0.0,0.0,0.0,0.0,-1.150813,0.5132049,2.900631,2.17494,0.02288279,-2.295762,0.0934209,-0.1914602,0.01151418,0.9769764,10.77479,337.7513,359.2257,0.6511287,0.003595242,-0.7589584,0.0,0.0,0.0,0.8688687,-0.5271202,-0.7508057,-0.6213722,-0.1889462,1.993342,0.9264209,-0.01327461,0.3762555,-0.05827092,0.9822799,0.178131,-0.3719528,-0.186949,0.9092311,moving,-22.61254,-19.20174,-17.3135,-5.414812,-8.206381454985767,2.656096582658898,14.770213559687752,12.168778638079472,13.671316125202338
2361,05/05/2023 11:22:22.326379,2543,True,True,True,True,Eyes,2.209479,0.01290414,-2.493697,-0.3794822,-0.3063072,0.873023,0.0,0.0,0.0,0.0,0.0,0.0,0.0,-1.058429,0.5204674,2.92428,2.170697,0.02288266,-2.286945,0.09664694,-0.2070361,0.007838408,0.9735165,11.03569,335.8481,358.5546,0.6522329,0.003611243,-0.7580096,0.0,0.0,0.0,0.8152478,-0.5268785,-0.7862332,-0.6182528,-0.1869682,1.993595,0.9141493,-0.02475717,0.4046211,-0.05528043,0.9811959,0.1849291,-0.4015909,-0.1914204,0.8955909,moving,-23.49343,-19.33383,-17.22968,-5.35778,-8.253184615834751,2.671937416429045,15.31549991560837,12.043829589032049,14.115848437724896
2362,05/05/2023 11:22:22.346520,2544,True,True,True,True,Eyes,2.207192,0.01329376,-2.484611,-0.3916308,-0.3064328,0.8675968,0.0,0.0,0.0,0.0,0.0,0.0,0.0,-0.9654139,0.5194398,2.94665,2.166306,0.02372342,-2.278408,0.09716124,-0.2223756,0.006144573,0.9700881,11.02532,334.0017,358.1731,0.6533315,0.003637454,-0.7570628,0.0,0.0,0.0,0.7643684,-0.5198394,-0.8199184,-0.6151652,-0.1850104,1.993847,0.9010227,-0.03129102,0.4326418,-0.05513413,0.9810439,0.1857771,-0.4302538,-0.1912427,0.8822176,moving,-24.29428,-19.45308,-17.14666,-5.301334,-8.29577903017788,2.686381535438609,15.854349135581568,11.922319129139543,14.563812161829384
2363,05/05/2023 11:22:22.356480,2545,True,True,True,True,Eyes,2.204806,0.01369235,-2.475541,-0.4041666,-0.3063746,0.8618491,0.0,0.0,0.0,0.0,0.0,0.0,0.0,-0.8749186,0.5151017,2.965687,2.161834,0.02482227,-2.269795,0.09618808,-0.2370559,0.006044429,0.9667036,10.88489,332.2549,358.0207,0.6544176,0.003673746,-0.756124,0.0,0.0,0.0,0.7176847,-0.5104641,-0.851291,-0.6117921,-0.1828714,1.994121,0.8875359,-0.03391756,0.4594884,-0.05729026,0.9814226,0.183105,-0.4571628,-0.1888365,0.8691047,moving,-25.12436,-19.56955,-17.0559,-5.239669,-8.340301861879071,2.7017156643934204,16.44522837317138,11.790981354114678,15.062143420877158
2364,05/05/2023 11:22:22.376100,2546,True,True,True,True,Eyes,2.202094,0.01406967,-2.466661,-0.4149462,-0.3055146,0.8570184,0.0,0.0,0.0,0.0,0.0,0.0,0.0,-0.7920449,0.5010949,2.981123,2.157166,0.02539114,-2.260866,0.09307304,-0.2503548,0.006598053,0.9636474,10.52607,330.6912,358.0248,0.6554904,0.003719441,-0.7551938,0.0,0.0,0.0,0.6757137,-0.4960739,-0.8773465,-0.6086878,-0.1809031,1.994373,0.8745579,-0.03388617,0.4837357,-0.05931896,0.9825878,0.1760755,-0.4812793,-0.1826829,0.8573197,moving,-25.83507,-19.62041,-16.97232,-5.18293,-8.380982619023863,2.7173301469053355,16.9407545969151,11.671554668617999,15.484254182894091
2365,05/05/2023 11:22:22.396347,2547,True,True,True,True,Eyes,2.199312,0.01442287,-2.457836,-0.42586,-0.3049867,0.851837,0.0,0.0,0.0,0.0,0.0,0.0,0.0,-0.7191309,0.5026901,2.990027,2.152698,0.02489313,-2.252861,0.09219828,-0.2619249,0.008159288,0.9606397,10.45207,329.3234,358.099,0.6565433,0.003773021,-0.7542785,0.0,0.0,0.0,0.6409309,-0.4931059,-0.9024584,-0.6056436,-0.1789728,1.994621,0.8626575,-0.03262178,0.5047354,-0.06397432,0.9828658,0.1728644,-0.5017263,-0.1814128,0.8457896,moving,-26.5619,-19.6991,-16.8903,-5.127289,-8.42118810640334,2.731941800993444,17.489354544399887,11.553932882336838,15.956910245089
2366,05/05/2023 11:22:22.413688,2548,True,True,True,True,Eyes,2.196684,0.01475511,-2.44891,-0.4366374,-0.3047161,0.8464608,0.0,0.0,0.0,0.0,0.0,0.0,0.0,-0.6579517,0.5276725,2.990671,2.148193,0.02474258,-2.245018,0.09521247,-0.2715317,0.01087455,0.9576465,10.85157,328.1685,358.1983,0.6575764,0.003833031,-0.7533777,0.0,0.0,0.0,0.6142452,-0.5059039,-0.9262324,-0.6024233,-0.1769307,1.994883,0.8523046,-0.03087846,0.5221335,-0.07253434,0.9816327,0.1764542,-0.517992,-0.1882653,0.8344103,moving,-27.28644,-19.79829,-16.80349,-5.068431,-8.460179628834936,2.74545200297449,18.07929718939265,11.430992762387882,16.470117197460862
2367,05/05/2023 11:22:22.426533,2549,True,True,True,True,Eyes,2.128551,0.02309521,-2.227517,-0.683594,-0.2885464,0.670403,0.0,0.0,0.0,0.0,0.0,0.0,0.0,-0.6096356,0.5482216,2.987907,2.143485,0.02485311,-2.237107,0.09746265,-0.2790258,0.01386468,0.9552243,11.18249,327.2737,358.3702,0.6585965,0.003898261,-0.7524858,0.0,0.0,0.0,0.5938163,-0.5168504,-0.9427692,-0.5991949,-0.1748837,1.995146,0.8439049,-0.02790141,0.535767,-0.08087694,0.9806176,0.1784602,-0.5303618,-0.1939346,0.8252913,moving,-45.55817,-23.2874,-16.7164,-5.009435,-9.391722803004372,3.0359147878724286,34.14574206653188,10.880190680746669,30.69509360896102
2368,05/05/2023 11:22:22.446519,2550,True,True,True,True,Eyes,2.128418,0.02309425,-2.227189,-0.6838904,-0.2886046,0.6700755,0.0,0.0,0.0,0.0,0.0,0.0,0.0,-0.5689483,0.5607408,2.984553,2.138459,0.02526875,-2.229808,0.09847388,-0.2852131,0.01667024,0.9532464,11.37613,326.5434,358.5744,0.6630465,0.004407538,-0.748565,-0.2043965,0.0250203,0.6641779,0.5767517,-0.5229929,-0.9543309,-0.5956515,-0.1726368,1.995434,0.8367512,-0.02439038,0.5470399,-0.08795377,0.98005,0.1782306,-0.5404736,-0.1972488,0.8179128,moving,-45.58458,-23.30177,-16.62074,-4.944685,-9.39258048687977,3.035860181570338,34.291202913324945,10.767329814870353,30.831747280327598
2369,05/05/2023 11:22:22.456252,2551,True,True,True,True,Eyes,2.128061,0.02309952,-2.226625,-0.6845021,-0.2888053,0.6693642,0.0,0.0,0.0,0.0,0.0,0.0,0.0,-0.529299,0.5699131,2.98113,2.133151,0.02528726,-2.222864,0.09918635,-0.2912236,0.01880116,0.9513135,11.51739,325.8286,358.7135,0.6666982,0.00482262,-0.7453119,-0.1921327,0.02351908,0.6243272,0.5589536,-0.5274937,-0.966029,-0.5928172,-0.1708396,1.995665,0.8296707,-0.02199921,0.5578195,-0.0935424,0.9796172,0.1777639,-0.5503603,-0.1996653,0.8107018,moving,-45.64061,-23.33837,-16.54418,-4.892898,-9.394079730221083,3.035433352421666,34.45051053391929,10.676252708777781,30.975698344558154
2370,05/05/2023 11:22:22.476466,2552,True,True,True,True,Eyes,2.127542,0.02309823,-2.225794,-0.6855637,-0.2888865,0.6682417,0.0,0.0,0.0,0.0,0.0,0.0,0.0,-0.4882298,0.5815567,2.977123,2.127484,0.02547086,-2.216529,0.100796,-0.2974339,0.02014248,0.9491932,11.73186,325.0721,358.7288,0.6697078,0.005162105,-0.7426066,-0.1806047,0.02210793,0.5868676,0.5403176,-0.5328365,-0.9799513,-0.5896797,-0.1688502,1.99592,0.8222548,-0.0217221,0.568705,-0.0981985,0.978869,0.1793677,-0.5605838,-0.2033319,0.8027465,moving,-45.73307,-23.37923,-16.45938,-4.835577,-9.397577587768511,3.035722814815585,34.65279199141837,10.57480090044793,31.159717338522857
2371,05/05/2023 11:22:22.496512,2553,True,True,True,True,Eyes,2.126795,0.02309169,-2.224767,-0.6869463,-0.289058,0.666746,0.0,0.0,0.0,0.0,0.0,0.0,0.0,-0.4458346,0.5903446,2.97322,2.121667,0.02530718,-2.210248,0.1019443,-0.3038533,0.02126707,0.9470102,11.88856,324.2896,358.731,0.6721996,0.005440385,-0.7403497,-0.1697685,0.02078146,0.5516556,0.520973,-0.5363673,-0.9942171,-0.5863955,-0.166768,1.996187,0.8144419,-0.02167198,0.5798404,-0.1022325,0.9783101,0.1801606,-0.5711682,-0.2060088,0.794561,moving,-45.85493,-23.43844,-16.37056,-4.775588,-9.40190691762814,3.035831789783216,34.89455715539035,10.468065958650993,31.37679822538807
2372,05/05/2023 11:22:22.516301,2554,True,True,True,True,Eyes,2.125705,0.02310777,-2.223655,-0.6913374,-0.2876302,0.6628133,0.0,0.0,0.0,0.0,0.0,0.0,0.0,-0.400668,0.5978299,2.969443,2.115521,0.02519208,-2.204419,0.1028117,-0.3106219,0.02250563,0.944689,12.01874,323.4657,358.7492,0.6742715,0.005669075,-0.7384615,-0.1595823,0.01953457,0.5185562,0.5005895,-0.5391304,-1.010047,-0.5831282,-0.1646959,1.996453,0.806015,-0.02134951,0.5915099,-0.1063928,0.9778466,0.1802687,-0.5822546,-0.2082316,0.7858875,moving,-46.20671,-23.45861,-16.28214,-4.715895,-9.422304906864513,3.043815041673385,35.30961986847388,10.3571442703025,31.76949790588667
2373,05/05/2023 11:22:22.526408,2555,True,True,True,True,Eyes,2.124389,0.02311065,-2.22238,-0.6959402,-0.2862836,0.6585658,0.0,0.0,0.0,0.0,0.0,0.0,0.0,-0.3536366,0.608153,2.964554,2.109275,0.02524894,-2.198593,0.1040627,-0.3176429,0.02415169,0.9421734,12.20637,322.609,358.7924,0.6759973,0.0058584,-0.7368805,-0.1500074,0.01836249,0.4874429,0.4800852,-0.5439531,-1.027512,-0.5799667,-0.1626912,1.99671,0.7970393,-0.02059939,0.603576,-0.1116197,0.9771753,0.1807469,-0.5935228,-0.2114334,0.7765479,moving,-46.58054,-23.49496,-16.19653,-4.658148,-9.44319981174374,3.0515399534230934,35.74931537810821,10.249232018584147,32.18185241072925
2374,05/05/2023 11:22:22.546641,2556,True,True,True,True,Eyes,2.123084,0.02307798,-2.220773,-0.7021622,-0.284724,0.6526105,0.0,0.0,0.0,0.0,0.0,0.0,0.0,-0.3027383,0.6088026,2.961332,2.102598,0.02494285,-2.193225,0.1035806,-0.3251923,0.02559354,0.9396095,12.19833,321.6985,358.8702,0.6775075,0.006024351,-0.7354909,-0.141007,0.01726075,0.4581963,0.4574473,-0.5428119,-1.04547,-0.5766174,-0.1605678,1.996982,0.7871898,-0.01927138,0.6164095,-0.1154631,0.9772321,0.178005,-0.6058056,-0.2112963,0.767042,moving,-47.0947,-23.57091,-16.10578,-4.596989,-9.470578186223854,3.060844397532894,36.33624692893642,10.132537463730811,32.72525414938588
2375,05/05/2023 11:22:22.566467,2557,True,True,True,True,Eyes,2.121545,0.02301669,-2.219043,-0.7085328,-0.2833615,0.6462874,0.0,0.0,0.0,0.0,0.0,0.0,0.0,-0.2479738,0.6114558,2.957349,2.095942,0.02398924,-2.18809,0.1032347,-0.33331,0.02733259,0.9367497,12.21793,320.7168,358.9675,0.6788681,0.006173125,-0.7342339,-0.1325465,0.0162251,0.4307045,0.4338734,-0.5435352,-1.066303,-0.5734562,-0.1585632,1.997239,0.7763148,-0.01761071,0.6300994,-0.1200259,0.977191,0.1751897,-0.6188126,-0.2116306,0.7564941,moving,-47.63053,-23.67481,-16.02006,-4.53926,-9.497813495786453,3.069282047395363,36.95119872782749,10.021457556099765,33.28843684441964
2376,05/05/2023 11:22:22.578299,2558,True,True,True,True,Eyes,2.119859,0.02292037,-2.217118,-0.714965,-0.2820973,0.6397234,0.0,0.0,0.0,0.0,0.0,0.0,0.0,-0.1893615,0.6211631,2.951154,2.088908,0.02326228,-2.183331,0.1042539,-0.3419558,0.0290821,0.9334621,12.38758,319.6531,359.0023,0.680093,0.006305607,-0.7330983,-0.1245937,0.01525159,0.4048622,0.4094689,-0.5484814,-1.091358,-0.5703659,-0.1566037,1.997491,0.7644411,-0.01700632,0.6444693,-0.1255945,0.9765707,0.1747445,-0.6323416,-0.2145236,0.7443948,moving,-48.17904,-23.79593,-15.93623,-4.482832,-9.524919745523384,3.07716848330168,37.58449881338986,9.912542887003246,33.864900690535066
2377,05/05/2023 11:22:22.596649,2559,True,True,True,True,Eyes,2.117932,0.02278808,-2.215093,-0.7215329,-0.2808671,0.6328539,0.0,0.0,0.0,0.0,0.0,0.0,0.0,-0.1317499,0.6216067,2.945597,2.081669,0.02237615,-2.178635,0.1040487,-0.3505168,0.0297802,0.9302824,12.38421,318.597,358.9714,0.6811961,0.006422273,-0.7320725,-0.1171181,0.0143365,0.3805705,0.3842448,-0.5470816,-1.115127,-0.5671633,-0.154573,1.997752,0.7525023,-0.01753364,0.6583562,-0.1283496,0.976574,0.1727124,-0.6459619,-0.2144663,0.7326238,moving,-48.74612,-23.93214,-15.84929,-4.424359,-9.552367787604648,3.084762901104611,38.24597944350309,9.799905156408755,34.46459824690569
2378,05/05/2023 11:22:22.612385,2560,True,True,True,True,Eyes,2.115731,0.02261627,-2.213013,-0.7280747,-0.2796595,0.6258577,0.0,0.0,0.0,0.0,0.0,0.0,0.0,-0.07617998,0.6205711,2.939126,2.074115,0.02138099,-2.174159,0.1037817,-0.358756,0.03000809,0.9271587,12.35542,317.5735,358.8961,0.6821877,0.006523625,-0.7311476,-0.110091,0.01347631,0.3577363,0.3594613,-0.5445098,-1.138252,-0.5639571,-0.1525399,1.998013,0.7407873,-0.01882006,0.671476,-0.1301091,0.9766577,0.170913,-0.6590188,-0.2139753,0.721047,moving,-49.31744,-24.0771,-15.7622,-4.365824,-9.579615884509264,3.0920208082456497,38.91643011641453,9.687300734931013,35.07070181430349
2379,05/05/2023 11:22:22.628086,2561,True,True,True,True,Eyes,2.113292,0.02239667,-2.210864,-0.7346894,-0.2784621,0.6186197,0.0,0.0,0.0,0.0,0.0,0.0,0.0,-0.02337313,0.6193864,2.931629,2.066395,0.02022997,-2.169846,0.103518,-0.366552,0.03014394,0.9241294,12.32324,316.6012,358.8167,0.6830753,0.006609945,-0.7303177,-0.1034856,0.01266773,0.3362721,0.3358283,-0.5419516,-1.16025,-0.5607553,-0.1505097,1.998273,0.729462,-0.02017563,0.6837238,-0.1316032,0.9767507,0.1692294,-0.6712421,-0.2134267,0.7098473,moving,-49.9021,-24.23415,-15.67518,-4.307378,-9.60704401145718,3.0990053597203877,39.60502865832045,9.574799676577657,35.69108416427183
2380,05/05/2023 11:22:22.646393,2562,True,True,True,True,Eyes,2.110579,0.02215019,-2.208696,-0.7411572,-0.2772705,0.6113977,0.0,0.0,0.0,0.0,0.0,0.0,0.0,0.02645886,0.6175742,2.92346,2.058376,0.0188606,-2.165975,0.103212,-0.3738444,0.03003056,0.9212415,12.27593,315.6871,358.7193,0.6838667,0.006681226,-0.7295761,-0.09727644,0.01190767,0.3160958,0.3131318,-0.5389511,-1.18107,-0.5575749,-0.148493,1.998532,0.718677,-0.02183964,0.695001,-0.1325012,0.9768909,0.1677128,-0.6826029,-0.2126198,0.6991752,moving,-50.47999,-24.39442,-15.58869,-4.249329,-9.633890493979573,3.1056527314309443,40.28929767429908,9.463371144924205,36.306487729030884
2381,05/05/2023 11:22:22.656554,2563,True,True,True,True,Eyes,2.10763,0.0218793,-2.206476,-0.7476342,-0.2760674,0.6040114,0.0,0.0,0.0,0.0,0.0,0.0,0.0,0.072999,0.6195548,2.913755,2.050239,0.01795022,-2.162254,0.1038184,-0.3806486,0.02958649,0.9183971,12.31095,314.8187,358.5518,0.684567,0.006738118,-0.7289184,-0.09143986,0.01119321,0.29713,0.2918597,-0.537525,-1.201319,-0.5542662,-0.146395,1.998801,0.7084625,-0.02469235,0.7053163,-0.1333809,0.9766927,0.1681689,-0.6930299,-0.2132171,0.6886567,moving,-51.06536,-24.56309,-15.49866,-4.188943,-9.660752979974836,3.112064374540658,40.98897430855777,9.348040813858065,36.93447302800586
2382,05/05/2023 11:22:22.676247,2564,True,True,True,True,Eyes,2.025327,0.01419483,-2.152703,-0.8564123,-0.2581241,0.4471352,0.0,0.0,0.0,0.0,0.0,0.0,0.0,0.1146483,0.6173069,2.904253,2.041688,0.01708931,-2.15873,0.1038077,-0.3866732,0.02878461,0.9159034,12.26399,314.0497,358.3843,0.6851828,0.006781323,-0.7283393,-0.08595347,0.01052161,0.2793022,0.2714479,-0.5334446,-1.218498,-0.5511851,-0.1444414,1.999051,0.6993107,-0.02755145,0.7142867,-0.1330072,0.9767908,0.1678952,-0.7023344,-0.2124162,0.6794156,moving,-62.43082,-29.99716,-15.41477,-4.132722,-10.069158857245116,3.126716806943614,53.660768822840616,9.015265402710233,47.543284866696425
2383,05/05/2023 11:22:22.696451,2565,True,True,True,True,Eyes,2.024967,0.01414189,-2.152589,-0.8566052,-0.2580911,0.4467847,2.056788,0.2631114,-0.5166969,-1.233648,0.7205006,0.6880921,-0.08607016,-0.5417619,-0.1339777,1.9886,2.032999,0.01597337,-2.155464,0.1029599,-0.3919916,0.02796859,0.9137613,12.12754,313.3782,358.2647,0.6852183,0.006574598,-0.7283075,-0.3277054,-0.0131631,0.4238636,0.2523059,-0.5270106,-1.232359,-0.5479937,-0.1424177,1.99931,0.6911207,-0.02960565,0.7221328,-0.1318321,0.977234,0.1662347,-0.7106141,-0.2100885,0.6714837,moving,-62.45454,-30.01345,-15.32784,-4.074493,-10.069751861336536,3.1264956408405618,53.79363664168699,8.916374166636807,47.664396379153956
2384,05/05/2023 11:22:22.712272,2566,True,True,True,True,Eyes,2.024319,0.01404575,-2.1523,-0.85702,-0.2581387,0.4459609,0.0,0.0,0.0,0.0,0.0,0.0,0.0,0.1863757,0.6087813,2.885301,2.024013,0.01464263,-2.15255,0.1025732,-0.3967231,0.0281133,0.9117562,12.08426,312.7835,358.2348,0.6852172,0.006394797,-0.7283099,-0.3080431,-0.01237332,0.3984317,0.2351822,-0.5247635,-1.244855,-0.5447821,-0.1403814,1.999572,0.6836408,-0.03012136,0.7291967,-0.1326513,0.9773768,0.1647371,-0.717662,-0.2093499,0.6641791,moving,-62.50923,-30.06384,-15.2403,-4.015903,-10.07044671621836,3.12533301713765,53.970795485159094,8.816157600014408,47.81651991722712
2385,05/05/2023 11:22:22.726799,2567,True,True,True,True,Eyes,2.023314,0.01393354,-2.151926,-0.8575924,-0.2581601,0.4448468,0.0,0.0,0.0,0.0,0.0,0.0,0.0,0.2206522,0.6075063,2.874642,2.014841,0.01362346,-2.149778,0.1021597,-0.4013591,0.02885888,0.9097481,12.06638,312.2054,358.2715,0.6852065,0.006230681,-0.7283213,-0.2895605,-0.01163092,0.3745258,0.2186499,-0.5236672,-1.257163,-0.5415425,-0.1383272,1.999835,0.6761562,-0.02949684,0.7361676,-0.1345141,0.9774611,0.1627137,-0.7243748,-0.2090448,0.6569486,moving,-62.58352,-30.12809,-15.15195,-3.956805,-10.071610640842204,3.1239673224093893,54.17277906122341,8.71476819462266,47.988064846658006
2386,05/05/2023 11:22:22.746762,2568,True,True,True,True,Eyes,2.022009,0.01380878,-2.151409,-0.8583274,-0.2583837,0.4432968,0.0,0.0,0.0,0.0,0.0,0.0,0.0,0.253774,0.6040082,2.864106,2.005299,0.01311934,-2.147308,0.1015102,-0.4057725,0.02942881,0.9078426,12.0165,311.6557,358.3041,0.6851851,0.006079333,-0.7283426,-0.2721869,-0.01093306,0.3520543,0.2020045,-0.5210029,-1.268849,-0.5384223,-0.1363486,2.00009,0.6689653,-0.0289466,0.7427297,-0.1358135,0.9776593,0.1604277,-0.7307804,-0.2081933,0.6500888,moving,-62.68519,-30.23656,-15.0668,-3.899891,-10.072127126330214,3.121053439205829,54.41627697856278,8.616287943969146,48.18394287567524
2387,05/05/2023 11:22:22.756653,2569,True,True,True,True,Eyes,2.020354,0.01364228,-2.150825,-0.859212,-0.2584561,0.4415373,0.0,0.0,0.0,0.0,0.0,0.0,0.0,0.286045,0.5966048,2.85392,1.995386,0.01276899,-2.144968,0.1003136,-0.4100468,0.02963979,0.9060466,11.89302,311.1259,358.3277,0.6851512,0.005939097,-0.7283756,-0.2558556,-0.01027708,0.330931,0.1849732,-0.5154887,-1.279448,-0.5350819,-0.1342307,2.000361,0.6619662,-0.02855651,0.7489895,-0.1359766,0.9781173,0.1574702,-0.7370964,-0.206085,0.6435976,moving,-62.80199,-30.34278,-14.97559,-3.838976,-10.073684298370814,3.1186414972935728,54.67921143753279,8.510999985096369,48.399826733490414
2388,05/05/2023 11:22:22.776220,2570,True,True,True,True,Eyes,2.018353,0.01344273,-2.150209,-0.8602508,-0.2586304,0.4394074,0.0,0.0,0.0,0.0,0.0,0.0,0.0,0.3174061,0.5836684,2.844625,1.9854,0.011567,-2.142745,0.09798529,-0.4141792,0.0297672,0.9044163,11.6479,310.6259,358.4014,0.6851007,0.005807489,-0.728424,-0.2405043,-0.009660453,0.3110752,0.1675774,-0.5073144,-1.288784,-0.5319964,-0.1322742,2.000612,0.6551391,-0.02732306,0.7550142,-0.1350108,0.9790256,0.152581,-0.7433471,-0.2018969,0.637709,moving,-62.94252,-30.4806,-14.89129,-3.782712,-10.075032766993402,3.1152298488258423,54.96997296864394,8.412962348915586,48.63143859720679
2389,05/05/2023 11:22:22.796349,2571,True,True,True,True,Eyes,2.016018,0.01323422,-2.149536,-0.8614025,-0.2587106,0.4370979,0.0,0.0,0.0,0.0,0.0,0.0,0.0,0.348873,0.5782951,2.833749,1.975421,0.01056783,-2.140998,0.09679684,-0.4182259,0.03073748,0.9026476,11.5637,310.1295,358.5099,0.6850297,0.005682561,-0.7284917,-0.2260741,-0.009080825,0.2924107,0.1515818,-0.504616,-1.299399,-0.5288097,-0.1302534,2.000871,0.6482846,-0.02547566,0.7609718,-0.1364561,0.9793712,0.1490364,-0.7490705,-0.2004573,0.631435,moving,-63.09558,-30.62054,-14.80419,-3.724603,-10.07703433972002,3.112031258998784,55.276123012020925,8.31177289318187,48.87741785075529
2390,05/05/2023 11:22:22.816125,2572,True,True,True,True,Eyes,2.013326,0.01299711,-2.14885,-0.8627111,-0.2587066,0.4345116,0.0,0.0,0.0,0.0,0.0,0.0,0.0,0.3783205,0.5687562,2.823137,1.965133,0.01012295,-2.138892,0.0951841,-0.4220402,0.03105722,0.9010314,11.40498,309.6612,358.5751,0.6849351,0.005563374,-0.7285815,-0.2125096,-0.008535976,0.274866,0.1351938,-0.4983661,-1.308289,-0.5255044,-0.1281577,2.00114,0.641835,-0.02437596,0.7664552,-0.1363101,0.9799509,0.1453129,-0.7546306,-0.1977425,0.6256441,moving,-63.26751,-30.76941,-14.7138,-3.664351,-10.07971881526837,3.1088616841134704,55.60707669134911,8.206772720803185,49.14443657732268
2391,05/05/2023 11:22:22.826825,2573,True,True,True,True,Eyes,2.010327,0.01270818,-2.148143,-0.8641341,-0.2584769,0.4318123,0.0,0.0,0.0,0.0,0.0,0.0,0.0,0.4079201,0.5537342,2.813292,1.954468,0.009151653,-2.137195,0.09267345,-0.4258644,0.03073877,0.8995035,11.12215,309.1958,358.6198,0.6848129,0.00544841,-0.728697,-0.199759,-0.008023817,0.2583741,0.1175406,-0.4883666,-1.317082,-0.5224172,-0.1262,2.001392,0.6353892,-0.02363338,0.7718303,-0.1342319,0.9809335,0.1405391,-0.7604356,-0.1929013,0.6201022,moving,-63.44846,-30.90416,-14.62932,-3.608073,-10.083693374568371,3.106641379189747,55.931965778534625,8.108644190734385,49.41141901729994
2392,05/05/2023 11:22:22.846599,2574,True,True,True,True,Eyes,2.007012,0.01237478,-2.147437,-0.8657399,-0.2581214,0.428798,0.0,0.0,0.0,0.0,0.0,0.0,0.0,0.4339728,0.5374222,2.804447,1.944145,0.007403076,-2.135959,0.09007186,-0.4292148,0.02938809,0.8982195,10.77987,308.7834,358.5693,0.6846607,0.005335508,-0.7288406,-0.1877735,-0.007542388,0.2428716,0.1006138,-0.4760409,-1.324124,-0.5189693,-0.1240137,2.001673,0.629822,-0.02452642,0.7763522,-0.1301143,0.9820468,0.136581,-0.7657641,-0.1870362,0.6153235,moving,-63.65094,-31.04647,-14.53491,-3.54523,-10.088584864142796,3.104587903024452,56.291230262790485,7.999367809842232,49.7092121949165
2393,05/05/2023 11:22:22.856338,2575,True,True,True,True,Eyes,2.003419,0.01197895,-2.146728,-0.8674111,-0.2577105,0.4256562,0.0,0.0,0.0,0.0,0.0,0.0,0.0,0.4628066,0.5294011,2.793194,1.933622,0.005979342,-2.13482,0.08879461,-0.4329307,0.02884782,0.8965792,10.61456,308.3148,358.5335,0.6844756,0.005222962,-0.729015,-0.1765071,-0.007089845,0.2282993,0.08382792,-0.4697135,-1.334394,-0.5158567,-0.1220402,2.001925,0.6234775,-0.02515513,0.7814364,-0.1286125,0.9825667,0.1342446,-0.7711903,-0.184201,0.609373,moving,-63.86188,-31.19251,-14.44965,-3.488515,-10.093796857591396,3.1025613524104174,56.648740608533615,7.900363541099531,50.004275546457826
2394,05/05/2023 11:22:22.876456,2576,True,True,True,True,Eyes,1.999552,0.0116287,-2.146029,-0.8690543,-0.2576898,0.422304,0.0,0.0,0.0,0.0,0.0,0.0,0.0,0.4895636,0.5240895,2.781878,1.923375,0.004241399,-2.133963,0.08779432,-0.4362889,0.02880409,0.89505,10.50343,307.8923,358.5404,0.6842557,0.005108616,-0.7292217,-0.1659167,-0.006664454,0.2146014,0.06842708,-0.4660015,-1.343899,-0.5128853,-0.1201561,2.002167,0.6176447,-0.02504516,0.7860584,-0.1281696,0.982925,0.1320268,-0.775943,-0.1822944,0.6038883,moving,-64.08326,-31.39153,-14.36822,-3.434374,-10.09686917858899,3.0981071631260324,57.03672302832567,7.804982254058299,50.30837147664339
2395,05/05/2023 11:22:22.896419,2577,True,True,True,True,Eyes,1.895858,0.006113192,-2.127975,-0.9073126,-0.2541988,0.334913,0.0,0.0,0.0,0.0,0.0,0.0,0.0,0.5146238,0.5436877,2.765899,1.913165,0.005058616,-2.133167,0.0913233,-0.4392667,0.03055367,0.8931804,10.95155,307.4805,358.5029,0.6839993,0.004994203,-0.7294624,-0.1559617,-0.006264587,0.2017253,0.05692906,-0.4782386,-1.355813,-0.5097132,-0.1181447,2.002424,0.6122224,-0.0256507,0.7902694,-0.1348104,0.9814531,0.1362939,-0.7791083,-0.1899788,0.5974095,moving,-69.73956,-37.19847,-14.28123,-3.376585,-10.1375343193571,2.9475776965438047,64.95803469427108,7.560770311690129,55.80598329196332
2396,05/05/2023 11:22:22.916777,2578,True,True,True,True,Eyes,1.895435,0.006082396,-2.127924,-0.907563,-0.2535965,0.3346912,0.0,0.0,0.0,0.0,0.0,0.0,0.0,0.5359499,0.5359538,2.754828,1.902296,0.007936647,-2.131848,0.09099079,-0.4418529,0.02963438,0.891969,10.86584,307.1425,358.3929,0.6820811,0.004699755,-0.7312585,-0.4576865,-0.02243523,0.2437838,0.04217138,-0.4695782,-1.362022,-0.5064284,-0.1160618,2.002692,0.6077757,-0.02754318,0.7936309,-0.133275,0.981685,0.1361338,-0.7828451,-0.18851,0.5929735,moving,-69.75703,-37.15132,-14.19111,-3.316746,-10.141070697339556,2.9504235615855863,65.05651284235788,7.4619188327640735,55.92086395647022
2397,05/05/2023 11:22:22.926388,2579,True,True,True,True,Eyes,1.894648,0.006119534,-2.127868,-0.9077933,-0.2534618,0.334168,0.0,0.0,0.0,0.0,0.0,0.0,0.0,0.5545064,0.4928583,2.751058,1.891442,0.007067744,-2.130986,0.08400803,-0.4440714,0.02664779,0.8916463,9.990096,306.9124,358.4237,0.680403,0.004443343,-0.732822,-0.4302253,-0.02108911,0.2291568,0.02410852,-0.439068,-1.361478,-0.5032955,-0.1140753,2.002947,0.6041809,-0.02709032,0.7963865,-0.1221319,0.9844651,0.1261438,-0.787432,-0.1734779,0.5914865,moving,-69.79082,-37.17981,-14.10511,-3.259688,-10.14163853028131,2.9498396978767527,65.20332027357951,7.366636975036343,56.04976292237523
2398,05/05/2023 11:22:22.946471,2580,True,True,True,True,Eyes,1.893436,0.006277371,-2.127784,-0.908051,-0.2530143,0.3338071,0.0,0.0,0.0,0.0,0.0,0.0,0.0,0.5806842,0.5122815,2.735647,1.882057,0.008212216,-2.131005,0.08701801,-0.4470885,0.03043774,0.8897267,10.48984,306.5143,358.622,0.6788751,0.004213864,-0.7342391,-0.4044118,-0.01982377,0.2154074,0.0146243,-0.4546691,-1.373557,-0.4998544,-0.1118934,2.003227,0.598371,-0.02364694,0.8008702,-0.131972,0.9830028,0.1276277,-0.7902758,-0.1820612,0.5850796,moving,-69.81615,-37.16088,-14.01061,-3.197025,-10.14417542483114,2.951451352875522,65.32841450052668,7.2631314035979475,56.1781554379756
2399,05/05/2023 11:22:22.956166,2581,True,True,True,True,Eyes,1.891852,0.006514662,-2.127662,-0.9084818,-0.2520278,0.333381,0.0,0.0,0.0,0.0,0.0,0.0,0.0,0.60393,0.4951479,2.724923,1.870928,0.01179848,-2.129459,0.08462778,-0.4498733,0.03126952,0.8885238,10.2837,306.1846,358.8017,0.6774756,0.004012931,-0.7355319,-0.3801471,-0.01863434,0.2024829,-0.0002666116,-0.443642,-1.378601,-0.4965135,-0.1097748,2.003499,0.5932726,-0.02057613,0.8047386,-0.131711,0.9837207,0.1222529,-0.7941536,-0.1785222,0.5809044,moving,-69.84863,-37.08838,-13.9188,-3.136189,-10.14995572134799,2.9559711480284045,65.42856530239206,7.163700333344036,56.30693000939312
2400,05/05/2023 11:22:22.976523,2582,True,True,True,True,Eyes,1.889943,0.00678343,-2.127507,-0.9089075,-0.2509889,0.3330041,0.0,0.0,0.0,0.0,0.0,0.0,0.0,0.6247606,0.4463151,2.720671,1.860452,0.01382636,-2.128404,0.07682265,-0.4524935,0.02919358,0.887973,9.372512,305.9109,358.9734,0.6761855,0.003840542,-0.7367191,-0.3573383,-0.01751628,0.190334,-0.01833542,-0.4102786,-1.37967,-0.4936792,-0.1079778,2.003729,0.5887947,-0.01767727,0.8080894,-0.1213697,0.986492,0.110013,-0.7991184,-0.1628527,0.5786958,moving,-69.87826,-37.00574,-13.84088,-3.084595,-10.156093581536483,2.960933759667151,65.50444286745308,7.079976619569858,56.41692355200844
2401,05/05/2023 11:22:22.996504,2583,True,True,True,True,Eyes,1.887715,0.007050157,-2.127311,-0.9093874,-0.2499154,0.332501,0.0,0.0,0.0,0.0,0.0,0.0,0.0,0.6455097,0.4355552,2.710204,1.850736,0.01482527,-2.127475,0.07488227,-0.454928,0.03083098,0.8868386,9.257323,305.6232,359.2193,0.6749882,0.0036949,-0.7378172,-0.335898,-0.0164653,0.1789139,-0.03053795,-0.4055189,-1.384582,-0.4904822,-0.1059505,2.00399,0.5841799,-0.01344787,0.8115128,-0.1228163,0.9868842,0.1047652,-0.802278,-0.1608687,0.5748664,moving,-69.91598,-36.92936,-13.75294,-3.026397,-10.162396795240245,2.965785123688464,65.60257588098938,6.985574214672552,56.54583474327514
2402,05/05/2023 11:22:23.012552,2584,True,True,True,True,Eyes,1.885223,0.00729504,-2.127066,-0.9099646,-0.2487793,0.3317731,0.0,0.0,0.0,0.0,0.0,0.0,0.0,0.6657453,0.41933,2.700184,1.840839,0.01501941,-2.126296,0.07171906,-0.4572867,0.0328503,0.8858139,9.038812,305.3575,359.571,0.6738691,0.003573326,-0.7388403,-0.3157441,-0.01547738,0.1681791,-0.04304146,-0.3989139,-1.388083,-0.4873375,-0.1039565,2.004245,0.5796194,-0.007393834,0.8148537,-0.1237908,0.9875545,0.09701545,-0.8054298,-0.1571035,0.5714905,moving,-69.96815,-36.86432,-13.66641,-2.969167,-10.168987041267997,2.9704297110888023,65.71732894694526,6.892806137027404,56.6866811980463
2403,05/05/2023 11:22:23.026609,2585,True,True,True,True,Eyes,1.882469,0.007558791,-2.126797,-0.9105264,-0.2480204,0.3307984,0.0,0.0,0.0,0.0,0.0,0.0,0.0,0.6863288,0.4131083,2.689014,1.831661,0.01475903,-2.125395,0.07013451,-0.4596978,0.03564754,0.8845838,9.024332,305.0738,359.9179,0.6728164,0.003472702,-0.7397996,-0.2967995,-0.01454874,0.1580883,-0.05379655,-0.3995839,-1.393191,-0.4840523,-0.1018734,2.004512,0.5748144,-0.001414891,0.8182826,-0.1275478,0.9876208,0.09130551,-0.8082821,-0.1568539,0.5675182,moving,-70.03368,-36.86121,-13.57596,-2.909384,-10.173146682165262,2.9722661695706543,65.88019912183536,6.7950678578836845,56.84722936891105
2404,05/05/2023 11:22:23.046753,2586,True,True,True,True,Eyes,1.879443,0.007871346,-2.126475,-0.9111711,-0.2472472,0.3295995,0.0,0.0,0.0,0.0,0.0,0.0,0.0,0.710475,0.4273956,2.67361,1.822624,0.01553326,-2.124484,0.07229435,-0.4626158,0.03965772,0.8827161,9.457926,304.6985,0.1814581,0.6718188,0.003391603,-0.7407063,-0.2789915,-0.01367582,0.148603,-0.06306596,-0.4138886,-1.403323,-0.4808558,-0.09984649,2.004773,0.5688279,0.00312399,0.8224507,-0.136902,0.9864016,0.0909382,-0.8109826,-0.1643233,0.5615203,moving,-70.11333,-36.87519,-13.48791,-2.851226,-10.17727190118078,2.973594906151005,66.06109533189483,6.699915164394781,57.01859135586781
2405,05/05/2023 11:22:23.056585,2587,True,True,True,True,Eyes,1.876169,0.008206881,-2.126118,-0.9119056,-0.246368,0.3282241,0.0,0.0,0.0,0.0,0.0,0.0,0.0,0.7332234,0.4187403,2.661093,1.812991,0.01701863,-2.123004,0.07117458,-0.4656152,0.04027254,0.8812009,9.377657,304.3196,0.2727331,0.6708664,0.003329847,-0.7415693,-0.262252,-0.01285527,0.1396869,-0.07635605,-0.4083437,-1.410823,-0.4775059,-0.09772233,2.005045,0.5631612,0.004696445,0.8263337,-0.1372563,0.9866246,0.08793519,-0.8148683,-0.1629412,0.5562734,moving,-70.20457,-36.89222,-13.39559,-2.790286,-10.181944157423604,2.9750653197874635,66.25860028087492,6.600514786142335,57.20528742188024
2406,05/05/2023 11:22:23.076445,2588,True,True,True,True,Eyes,1.872661,0.008545379,-2.125715,-0.9127698,-0.2454065,0.3265378,0.0,0.0,0.0,0.0,0.0,0.0,0.0,0.7555406,0.4047096,2.649803,1.803826,0.01767657,-2.121789,0.06912035,-0.4686543,0.03986403,0.8797708,9.147986,303.9364,0.3107918,0.6699502,0.003286328,-0.7423974,-0.2465169,-0.01208395,0.1313056,-0.09031413,-0.3982228,-1.418426,-0.4744206,-0.09576615,2.005296,0.557548,0.005355323,0.8301274,-0.1349295,0.9872664,0.08425521,-0.8191057,-0.158985,0.5511711,moving,-70.31564,-36.92636,-13.31052,-2.734175,-10.18692919548091,2.9761732302312005,66.47322183622985,6.508832185928657,57.40244083562059
2407,05/05/2023 11:22:23.096150,2589,True,True,True,True,Eyes,1.868933,0.008843583,-2.125275,-0.9137056,-0.2443796,0.3246855,0.0,0.0,0.0,0.0,0.0,0.0,0.0,0.7777622,0.39855,2.636875,1.794672,0.01807032,-2.120304,0.06853684,-0.4717481,0.03916852,0.8781927,9.052096,303.5313,0.2396614,0.6690624,0.003259363,-0.7431978,-0.2317259,-0.01135891,0.1234273,-0.1038803,-0.3920554,-1.427145,-0.4713362,-0.0938103,2.005547,0.5518392,0.004130778,0.8339404,-0.1334593,0.987537,0.08342174,-0.8232024,-0.1573324,0.5455129,moving,-70.43732,-36.96751,-13.22544,-2.678083,-10.19219397776849,2.977196280205716,66.7005548486872,6.417379930197944,57.60948059298027
2408,05/05/2023 11:22:23.112684,2590,True,True,True,True,Eyes,1.865018,0.009123762,-2.124805,-0.9146465,-0.2435915,0.3226219,0.0,0.0,0.0,0.0,0.0,0.0,0.0,0.7987726,0.3911524,2.624471,1.785707,0.01758127,-2.118921,0.06756147,-0.4746702,0.03837885,0.8767273,8.91103,303.151,0.1830773,0.668197,0.003245926,-0.7439764,-0.2178223,-0.01067738,0.1160217,-0.1170814,-0.3852566,-1.434861,-0.4681144,-0.09176734,2.005809,0.5464305,0.003156725,0.8374986,-0.1314344,0.987925,0.08203138,-0.8271268,-0.1549006,0.5402473,moving,-70.57081,-37.05416,-13.13652,-2.6195,-10.195794631503915,2.9762072742178702,66.96598746468015,6.321376874673051,57.833752227918566
2409,05/05/2023 11:22:23.126429,2591,True,True,True,True,Eyes,1.860904,0.00945096,-2.124302,-0.9156028,-0.2430457,0.3203127,0.0,0.0,0.0,0.0,0.0,0.0,0.0,0.8216723,0.4050462,2.608613,1.777157,0.01747618,-2.117895,0.07024907,-0.4777691,0.03933591,0.8747882,9.235518,302.7253,0.09842123,0.6673477,0.003244064,-0.7447383,-0.204753,-0.01003674,0.1090604,-0.1276831,-0.3939038,-1.446381,-0.4650068,-0.08979677,2.006062,0.5403787,0.0016955,0.8414202,-0.1359468,0.9870355,0.08531915,-0.830367,-0.1604931,0.5336034,moving,-70.71822,-37.19037,-13.05072,-2.563004,-10.197647081711157,2.973053724405352,67.26511006716599,6.227998089677081,58.06948062181955
2410,05/05/2023 11:22:23.146356,2592,True,True,True,True,Eyes,1.753359,0.0185867,-2.110351,-0.9390494,-0.2252882,0.259676,0.0,0.0,0.0,0.0,0.0,0.0,0.0,0.84547,0.4187459,2.591686,1.768285,0.01897869,-2.116556,0.07324698,-0.4810562,0.04024264,0.8726972,9.588034,302.2692,359.9865,0.6665097,0.003254326,-0.7454883,-0.1924678,-0.009434532,0.1025167,-0.1386867,-0.4016386,-1.458648,-0.4618136,-0.08777221,2.006322,0.5339308,-0.0002325592,0.8455282,-0.1407111,0.9860309,0.08912694,-0.8337376,-0.1665628,0.5264395,moving,-74.54224,-40.94405,-12.96252,-2.504968,-10.234162489635722,2.880044843761436,72.59218236340001,6.036745649092463,61.77889831761886
2411,05/05/2023 11:22:23.156487,2593,True,True,True,True,Eyes,1.753025,0.0185685,-2.110306,-0.9391084,-0.2253153,0.2594388,0.0,0.0,0.0,0.0,0.0,0.0,0.0,0.8665965,0.4113342,2.578442,1.759361,0.02025045,-2.114896,0.07269787,-0.4841405,0.03893056,0.8710957,9.459435,301.8585,359.8509,0.6636771,0.003618534,-0.7480095,-0.5035533,0.01853876,0.1382189,-0.1521212,-0.3928908,-1.467165,-0.4585502,-0.08570302,2.006587,0.5281849,-0.002567463,0.8491256,-0.1382164,0.9863989,0.08895786,-0.8378049,-0.1643493,0.5206462,moving,-74.55662,-40.9734,-12.87233,-2.445664,-10.23350144232,2.878920132927589,72.72783562082537,5.942609893426604,61.89387381221335
2412,05/05/2023 11:22:23.176542,2594,True,True,True,True,Eyes,1.752378,0.01855545,-2.110213,-0.9391395,-0.2256136,0.2590668,0.0,0.0,0.0,0.0,0.0,0.0,0.0,0.8853174,0.4138647,2.565014,1.75104,0.019805,-2.113725,0.07342184,-0.4867286,0.03880709,0.8695968,9.524646,301.5077,359.7688,0.661238,0.003933729,-0.7501649,-0.4733401,0.01742644,0.1299258,-0.1629574,-0.3929871,-1.47497,-0.4553633,-0.08368218,2.006847,0.5231786,-0.003979985,0.8522137,-0.138966,0.9862065,0.08991776,-0.8408166,-0.1654719,0.5154091,moving,-74.57819,-41.05164,-12.78422,-2.387756,-10.230716841294347,2.875492601345689,72.89300826777803,5.849971300877218,62.014764873784024
2413,05/05/2023 11:22:23.196285,2595,True,True,True,True,Eyes,1.751413,0.01857381,-2.110078,-0.939195,-0.2260448,0.2584886,0.0,0.0,0.0,0.0,0.0,0.0,0.0,0.9023345,0.4320108,2.549484,1.742813,0.01997168,-2.112561,0.07690105,-0.4889284,0.04021877,0.8679965,9.952276,301.189,359.6871,0.6590249,0.004217008,-0.7521083,-0.4449397,0.01638085,0.1221302,-0.1710424,-0.4049162,-1.483088,-0.4521846,-0.08166657,2.007105,0.5186629,-0.005378718,0.854962,-0.1450177,0.9849374,0.09417147,-0.8425905,-0.1728279,0.5100704,moving,-74.61184,-41.16925,-12.69631,-2.330008,-10.226605820355925,2.870371752476256,73.08912076578473,5.757029468824736,62.14780431092093
2414,05/05/2023 11:22:23.212702,2596,True,True,True,True,Eyes,1.750158,0.01860926,-2.109879,-0.9392887,-0.2264633,0.2577812,0.0,0.0,0.0,0.0,0.0,0.0,0.0,0.9186014,0.4416791,2.535164,1.734228,0.02077748,-2.111395,0.07909315,-0.491055,0.04075561,0.8665727,10.20126,300.8861,359.59,0.65701,0.004472777,-0.7538675,-0.4182433,0.015398,0.1148024,-0.1803689,-0.409922,-1.489926,-0.4489309,-0.07960363,2.007369,0.514408,-0.00704277,0.8575166,-0.1483136,0.9841665,0.09705345,-0.8446226,-0.1771064,0.5052187,moving,-74.65342,-41.29961,-12.60627,-2.270914,-10.22231028744594,2.8648054218161105,73.30135015525236,5.662055977354873,62.29089935930715
2415,05/05/2023 11:22:23.226821,2597,True,True,True,True,Eyes,1.748612,0.01864579,-2.109642,-0.9394277,-0.2268895,0.2568984,0.0,0.0,0.0,0.0,0.0,0.0,0.0,0.9348003,0.4433055,2.52209,1.725773,0.02121865,-2.11011,0.07981892,-0.4932627,0.04070199,0.8652539,10.26964,300.5834,359.5162,0.6551697,0.004704442,-0.755466,-0.3931487,0.01447412,0.1079143,-0.1906799,-0.4093522,-1.496015,-0.44577,-0.07759918,2.007627,0.5100704,-0.008308275,0.8600925,-0.1491785,0.9839446,0.09797369,-0.8470973,-0.1782808,0.5006418,moving,-74.70567,-41.45055,-12.51877,-2.213506,-10.217587025089944,2.8584654819302475,73.53064771554739,5.569590451508047,62.44160594672964
2416,05/05/2023 11:22:23.246690,2598,True,True,True,True,Eyes,1.746521,0.01869576,-2.109806,-0.9393615,-0.2262093,0.257739,0.0,0.0,0.0,0.0,0.0,0.0,0.0,0.9508711,0.4449353,2.508967,1.717291,0.02129063,-2.108909,0.08048964,-0.4954551,0.04058058,0.8639439,10.32833,300.2824,359.4386,0.6534812,0.004914577,-0.7569257,-0.3695598,0.01360567,0.1014394,-0.2010346,-0.4087827,-1.502066,-0.4425798,-0.07557628,2.007886,0.5057549,-0.009639311,0.8626234,-0.1498767,0.9837493,0.09886536,-0.8495581,-0.1792888,0.4960914,moving,-74.65694,-41.27238,-12.43041,-2.15558,-10.223951954123782,2.8662807197918223,73.50010257190733,5.485211226306599,62.49015066939179
2417,05/05/2023 11:22:23.256279,2599,True,True,True,True,Eyes,1.744166,0.01873355,-2.109916,-0.9393519,-0.2255213,0.2583759,0.0,0.0,0.0,0.0,0.0,0.0,0.0,0.9658569,0.4431896,2.496318,1.708624,0.02130737,-2.107379,0.08054567,-0.4975211,0.0403125,0.8627631,10.31713,300.0037,359.3835,0.6519112,0.005105812,-0.758277,-0.3473862,0.01278933,0.09535304,-0.2116564,-0.4059271,-1.506564,-0.4391798,-0.07342039,2.008163,0.5016954,-0.01058606,0.8649797,-0.1497066,0.9837746,0.09887104,-0.8519917,-0.1790963,0.4919704,moving,-74.62068,-41.11581,-12.3362,-2.093857,-10.229945482471727,2.8733165615084406,73.49877049859138,5.395286950918988,62.557277803212735
2418,05/05/2023 11:22:23.276278,2600,True,True,True,True,Eyes,1.741591,0.01875207,-2.109905,-0.9394004,-0.2248034,0.258825,0.0,0.0,0.0,0.0,0.0,0.0,0.0,0.9806265,0.4396487,2.484166,1.699915,0.02104289,-2.106145,0.08018631,-0.4995081,0.04014711,0.8616554,10.27038,299.7405,359.364,0.6504439,0.005279616,-0.7595349,-0.326543,0.01202197,0.08963186,-0.2224219,-0.4026127,-1.511028,-0.4361224,-0.07148151,2.008411,0.4977598,-0.01092148,0.8672462,-0.1492934,0.9839168,0.0980783,-0.8543692,-0.1782935,0.4881237,moving,-74.59597,-40.97607,-12.25146,-2.038358,-10.235761470383204,2.87979208808994,73.50498855815871,5.315189634554763,62.62487011131607
2419,05/05/2023 11:22:23.296502,2601,True,True,True,True,Eyes,1.738769,0.01873615,-2.10984,-0.9395045,-0.2240879,0.2590673,0.0,0.0,0.0,0.0,0.0,0.0,0.0,0.9964418,0.4348527,2.471489,1.691207,0.02058338,-2.104673,0.07956279,-0.501725,0.03998418,0.860432,10.19733,299.4491,359.3579,0.6490659,0.005437133,-0.7607116,-0.3069504,0.01130065,0.08425395,-0.2335639,-0.3986168,-1.51599,-0.4329411,-0.06946442,2.00867,0.4933467,-0.01102993,0.8697629,-0.1486446,0.9841421,0.09679461,-0.8570378,-0.1770389,0.4838837,moving,-74.58386,-40.85913,-12.16324,-1.98063,-10.24115110052988,2.8854305057081984,73.53823198469215,5.231918441898667,62.708573596047955
2420,05/05/2023 11:22:23.312801,2602,True,True,True,True,Eyes,1.735732,0.01868657,-2.109678,-0.9396691,-0.2234426,0.2590275,0.0,0.0,0.0,0.0,0.0,0.0,0.0,1.012268,0.431721,2.458395,1.682444,0.01973648,-2.103275,0.07914941,-0.5039272,0.04003385,0.8591799,10.15755,299.1581,359.361,0.6477644,0.005578785,-0.7618192,-0.2885334,0.01062261,0.07919872,-0.2444819,-0.3961722,-1.521066,-0.4296851,-0.06739989,2.008935,0.4889093,-0.01097853,0.8722655,-0.1485636,0.9842653,0.09565886,-0.8595909,-0.1763554,0.4795855,moving,-74.5887,-40.78175,-12.07291,-1.921556,-10.245501374207883,2.889490664266497,73.60936541664883,5.146415479862584,62.81139687600035
2421,05/05/2023 11:22:23.326311,2603,True,True,True,True,Eyes,1.732458,0.01860551,-2.109461,-0.939873,-0.2228491,0.2587989,0.0,0.0,0.0,0.0,0.0,0.0,0.0,1.028216,0.4326273,2.444211,1.673684,0.01890857,-2.101662,0.07939266,-0.5061299,0.04094217,0.857819,10.23309,298.8643,359.4106,0.6465293,0.005704929,-0.7628669,-0.2712214,0.009985257,0.0744468,-0.2546178,-0.3980447,-1.526482,-0.426491,-0.06537457,2.009195,0.4843127,-0.01012405,0.8748364,-0.1506079,0.9840411,0.09476496,-0.8618345,-0.1776532,0.4750588,moving,-74.60484,-40.73141,-11.98427,-1.863615,-10.249123807043617,2.8924647377925456,73.7023831045301,5.062709431043011,62.92355299800656
2422,05/05/2023 11:22:23.346651,2604,True,True,True,True,Eyes,1.728991,0.01849704,-2.109107,-0.9401569,-0.2222512,0.2582814,0.0,0.0,0.0,0.0,0.0,0.0,0.0,1.04393,0.4312936,2.430263,1.664716,0.01808375,-2.100089,0.07925179,-0.5083001,0.04165541,0.8565134,10.25953,298.5776,359.4637,0.645349,0.005816062,-0.7638648,-0.2549481,0.009386142,0.06997999,-0.2651854,-0.3982545,-1.531536,-0.423305,-0.06335419,2.009455,0.4797917,-0.009210532,0.8773342,-0.1519242,0.983968,0.09341353,-0.8641291,-0.1781073,0.4707004,moving,-74.63858,-40.712,-11.89581,-1.805826,-10.252198780163182,2.894316194152723,73.82645570925898,4.979236335747506,63.05258173334927
2423,05/05/2023 11:22:23.356490,2605,True,True,True,True,Eyes,1.725299,0.01835628,-2.108698,-0.940474,-0.2217201,0.2575826,0.0,0.0,0.0,0.0,0.0,0.0,0.0,1.059309,0.4287629,2.416191,1.655642,0.0173445,-2.098213,0.07894772,-0.5104869,0.04211868,0.8552172,10.25544,298.2885,359.5014,0.6442165,0.005912732,-0.7648193,-0.2396512,0.008822973,0.06578119,-0.2760772,-0.397197,-1.536243,-0.4200917,-0.06131662,2.009716,0.4752583,-0.008562331,0.8798047,-0.1526448,0.9839866,0.09203282,-0.866504,-0.178037,0.4663407,moving,-74.68311,-40.72097,-11.80656,-1.747558,-10.254444585214472,2.8950003403401388,73.97558639729897,4.895141489709632,63.19327345054593
2424,05/05/2023 11:22:23.376408,2606,True,True,True,True,Eyes,1.721397,0.018187,-2.108205,-0.9408441,-0.2212248,0.2566555,0.0,0.0,0.0,0.0,0.0,0.0,0.0,1.075067,0.4292181,2.401361,1.646527,0.01643902,-2.096476,0.07916639,-0.5127185,0.04276309,0.853829,10.31385,297.9881,359.5251,0.6431234,0.005995204,-0.7657381,-0.2252721,0.008293594,0.06183432,-0.2867507,-0.3983916,-1.541767,-0.4169532,-0.05932667,2.00997,0.4705822,-0.008155406,0.8823184,-0.1542048,0.983808,0.09133825,-0.8687768,-0.1790399,0.461705,moving,-74.74139,-40.75978,-11.71936,-1.690663,-10.255965241022857,2.894518715505752,74.1496606093419,4.813046393378111,63.34519661725019
2425,05/05/2023 11:22:23.396555,2607,True,True,True,True,Eyes,1.717278,0.01798239,-2.107655,-0.941251,-0.2207802,0.2555437,0.0,0.0,0.0,0.0,0.0,0.0,0.0,1.090797,0.4299533,2.385997,1.63727,0.01560265,-2.094465,0.07950509,-0.5150176,0.04313058,0.8523939,10.36774,297.6749,359.5128,0.6420621,0.006063935,-0.7666278,-0.2117558,0.007795978,0.05812426,-0.2977319,-0.3990607,-1.547366,-0.4137401,-0.0572894,2.010232,0.4657933,-0.008364551,0.884854,-0.1554215,0.9836374,0.09111331,-0.8711375,-0.1799653,0.4568717,moving,-74.81068,-40.82579,-11.63005,-1.632425,-10.256731984178073,2.892935439629696,74.34992849505724,4.729153146298663,63.51044302538831
2426,05/05/2023 11:22:23.412751,2608,True,True,True,True,Eyes,1.712928,0.01773995,-2.107083,-0.941689,-0.2203535,0.2542953,0.0,0.0,0.0,0.0,0.0,0.0,0.0,1.107334,0.4301711,2.370186,1.62795,0.01455634,-2.092507,0.07971046,-0.5174606,0.04356898,0.8508717,10.4127,297.3436,359.5135,0.6410257,0.006118998,-0.7674941,-0.1990505,0.00732822,0.05463681,-0.3089531,-0.3997118,-1.553578,-0.4105031,-0.0552366,2.010495,0.4606726,-0.008350821,0.887531,-0.1566373,0.983496,0.09055628,-0.8736393,-0.1807372,0.4517616,moving,-74.8882,-40.90978,-11.54004,-1.573756,-10.257058435227025,2.890648322925005,74.5675006924208,4.645099315848778,63.684531857349135
2427,05/05/2023 11:22:23.431144,2609,True,True,True,True,Eyes,1.70838,0.01745154,-2.10645,-0.942176,-0.2199595,0.2528286,0.0,0.0,0.0,0.0,0.0,0.0,0.0,1.124861,0.431108,2.353284,1.618543,0.01340808,-2.090275,0.08006796,-0.5201454,0.0439308,0.8491808,10.46793,296.9765,359.494,0.6400067,0.006160412,-0.7683437,-0.1871074,0.006888526,0.0513586,-0.3205509,-0.4007245,-1.560845,-0.4073444,-0.05323397,2.010752,0.4550377,-0.008683579,0.8904299,-0.1579043,0.9833184,0.09028354,-0.8763601,-0.1816851,0.4460758,moving,-74.97883,-41.0231,-11.45217,-1.516532,-10.256647430002564,2.887204987393757,74.8091267553246,4.563132002201242,63.86912448242775
2428,05/05/2023 11:22:23.446540,2610,True,True,True,True,Eyes,1.589768,0.009112473,-2.088769,-0.954556,-0.2110965,0.2103833,0.0,0.0,0.0,0.0,0.0,0.0,0.0,1.14358,0.4315053,2.335816,1.609243,0.01201622,-2.088109,0.08031173,-0.5230866,0.04406894,0.847342,10.49832,296.5738,359.4559,0.6390003,0.006187853,-0.7691808,-0.175881,0.006475215,0.04827708,-0.3325159,-0.4010059,-1.569323,-0.4041949,-0.05123685,2.011009,0.4488767,-0.009337061,0.8935449,-0.1587029,0.9832159,0.08999925,-0.8793879,-0.1822067,0.4398609,moving,-77.57077,-45.09695,-11.36453,-1.459477,-10.201240074647671,2.746355331315256,79.29372777693914,4.363744842398894,66.45293386841459
2429,05/05/2023 11:22:23.456184,2611,True,True,True,True,Eyes,1.589383,0.009075113,-2.088673,-0.9546237,-0.2110938,0.2100786,0.0,0.0,0.0,0.0,0.0,0.0,0.0,1.163078,0.4336705,2.316963,1.599698,0.01059926,-2.085663,0.08093066,-0.5262339,0.04408331,0.8453313,10.55753,296.1367,359.3795,0.6354964,0.005902671,-0.7720804,-0.5211643,-0.01893051,0.09842096,-0.3448252,-0.4019968,-1.578713,-0.4009672,-0.04919019,2.011271,0.4422692,-0.01064688,0.8968193,-0.1597069,0.9830137,0.09043016,-0.8825485,-0.1832227,0.4330564,moving,-77.58907,-45.1381,-11.27467,-1.401019,-10.200199730793434,2.7447307655629265,79.43885637243629,4.282724305634661,66.5708875235411
2430,05/05/2023 11:22:23.476282,2612,True,True,True,True,Eyes,1.588631,0.009000883,-2.088444,-0.9547984,-0.2109235,0.2094547,0.0,0.0,0.0,0.0,0.0,0.0,0.0,1.1825,0.4355293,2.297804,1.590037,0.009651399,-2.083167,0.08164725,-0.5294521,0.04347692,0.8432818,10.58775,295.684,359.2346,0.6325442,0.005658509,-0.7745029,-0.4898944,-0.01779468,0.09251571,-0.3576049,-0.4010645,-1.588504,-0.3977393,-0.04714337,2.011534,0.4355805,-0.01313004,0.9000542,-0.1597832,0.982887,0.09166539,-0.885855,-0.1837412,0.4260284,moving,-77.62698,-45.2002,-11.18478,-1.342568,-10.199257516584556,2.7425427273076,79.61192012184748,4.202307011592677,66.7073747593894
2431,05/05/2023 11:22:23.496558,2613,True,True,True,True,Eyes,1.587516,0.008877664,-2.088111,-0.9550428,-0.2106815,0.2085821,0.0,0.0,0.0,0.0,0.0,0.0,0.0,1.200803,0.4340704,2.279156,1.580207,0.008667462,-2.080329,0.08177396,-0.5325993,0.04218604,0.8413509,10.51761,295.2436,359.0606,0.6298653,0.005435936,-0.7766845,-0.4605008,-0.016727,0.08696476,-0.3710763,-0.3965767,-1.597313,-0.3945814,-0.04514113,2.011791,0.4291166,-0.01611898,0.9031051,-0.158092,0.9830667,0.09266467,-0.8893063,-0.1825377,0.419302,moving,-77.68001,-45.2869,-11.09681,-1.285403,-10.197948310291403,2.7394905553244118,79.80886078926956,4.124041763721335,66.85617541755593
2432,05/05/2023 11:22:23.512922,2614,True,True,True,True,Eyes,1.586057,0.008709831,-2.087634,-0.9552559,-0.2103353,0.207955,0.0,0.0,0.0,0.0,0.0,0.0,0.0,1.217993,0.432315,2.26083,1.570356,0.007340178,-2.077421,0.08175457,-0.5355789,0.04094572,0.8395207,10.43551,294.8275,358.9034,0.6274279,0.005231013,-0.7786564,-0.4328707,-0.01572338,0.08174688,-0.3843092,-0.3920849,-1.605093,-0.3913147,-0.04306981,2.012056,0.4229574,-0.01882248,0.9059542,-0.1563216,0.9832792,0.09340998,-0.8925641,-0.1811286,0.412943,moving,-77.71858,-45.32604,-11.00578,-1.226279,-10.198249563441731,2.738487360507381,79.97116107758548,4.046168273734909,66.99387026399214
2433,05/05/2023 11:22:23.526717,2615,True,True,True,True,Eyes,1.584257,0.008493359,-2.087047,-0.9555417,-0.2098742,0.2071061,0.0,0.0,0.0,0.0,0.0,0.0,0.0,1.234091,0.4302522,2.242448,1.56031,0.006086139,-2.074142,0.08167028,-0.5384175,0.03988349,0.8377625,10.35744,294.432,358.7698,0.6252027,0.00504028,-0.7804455,-0.4068985,-0.01477998,0.07684206,-0.3974683,-0.3878916,-1.611932,-0.3881498,-0.04106275,2.012314,0.417032,-0.02111961,0.9086464,-0.1547712,0.9834785,0.09389265,-0.8956172,-0.1797885,0.4068733,moving,-77.77075,-45.38036,-10.91755,-1.169,-10.198584773169165,2.737060285130471,80.1498265955055,3.971676969299675,67.14124473828048
2434,05/05/2023 11:22:23.546528,2616,True,True,True,True,Eyes,1.582129,0.008238235,-2.086319,-0.9558201,-0.2092667,0.2064349,0.0,0.0,0.0,0.0,0.0,0.0,0.0,1.249586,0.4250409,2.224845,1.550327,0.004667744,-2.070875,0.08094699,-0.5412049,0.03842227,0.8361033,10.19208,294.0492,358.6395,0.6231636,0.004860542,-0.7820757,-0.3824846,-0.01389318,0.07223154,-0.4109318,-0.3808817,-1.618116,-0.3849759,-0.03905057,2.012572,0.4112421,-0.02336783,0.9112267,-0.1518678,0.9839427,0.09377143,-0.8987859,-0.1769487,0.4010898,moving,-77.81264,-45.3903,-10.82904,-1.111589,-10.200618732481775,2.7376274771070017,80.2957465671845,3.900177018687902,67.27829906909382
2435,05/05/2023 11:22:23.556355,2617,True,True,True,True,Eyes,1.579667,0.007945222,-2.08546,-0.9561753,-0.2084717,0.2055923,0.0,0.0,0.0,0.0,0.0,0.0,0.0,1.263874,0.4184251,2.207404,1.540172,0.003452029,-2.067111,0.0799806,-0.5438672,0.03689326,0.8345361,9.998563,293.686,358.5209,0.6212873,0.004689243,-0.7835681,-0.3595355,-0.01305959,0.06789765,-0.4244414,-0.3726491,-1.622856,-0.3815779,-0.03689575,2.012848,0.4056948,-0.02542014,0.913655,-0.1485751,0.984484,0.09336332,-0.901852,-0.1736234,0.3956232,moving,-77.86529,-45.39843,-10.73425,-1.050121,-10.203403794785176,2.73856231026038,80.45712549327797,3.8256919529722366,67.43207418975425
2436,05/05/2023 11:22:23.576277,2618,True,True,True,True,Eyes,1.576918,0.007603101,-2.084414,-0.9565479,-0.2074869,0.2048541,0.0,0.0,0.0,0.0,0.0,0.0,0.0,1.276484,0.4075481,2.191047,1.529678,0.002201229,-2.063075,0.07817063,-0.5462803,0.03499569,0.8332121,9.700638,293.3661,358.4252,0.6195523,0.004524106,-0.7849419,-0.3379633,-0.01227601,0.06382379,-0.4385672,-0.3612383,-1.626026,-0.3785914,-0.03500203,2.013091,0.4007063,-0.02708847,0.915806,-0.1437238,0.9853293,0.0920305,-0.9048635,-0.1685003,0.3909343,moving,-77.91214,-45.36583,-10.65091,-0.9961133,-10.207969563503726,2.7414204759214167,80.57757021126386,3.7636890089959496,67.56666728528192
2437,05/05/2023 11:22:23.596388,2619,True,True,True,True,Eyes,1.573867,0.007213929,-2.083239,-0.9569817,-0.2063839,0.2039408,0.0,0.0,0.0,0.0,0.0,0.0,0.0,1.288619,0.3960038,2.174978,1.519481,0.0006720182,-2.058898,0.07611654,-0.5486365,0.03349411,0.831915,9.404134,293.0586,358.3857,0.6179413,0.004362685,-0.7862115,-0.3176855,-0.01153945,0.05999436,-0.4520795,-0.3503695,-1.62844,-0.3753598,-0.03295298,2.013354,0.3957524,-0.02779211,0.9179367,-0.1392491,0.9861688,0.08989279,-0.9077389,-0.1633971,0.3864086,moving,-77.96975,-45.34114,-10.5607,-0.937688,-10.212777060608175,2.744151841051905,80.71955507446015,3.698242148225582,67.7189119815373
2438,05/05/2023 11:22:23.612845,2620,True,True,True,True,Eyes,1.57054,0.006770983,-2.081889,-0.957451,-0.2051159,0.2030146,0.0,0.0,0.0,0.0,0.0,0.0,0.0,1.301444,0.3854425,2.157941,1.509194,-0.0008775927,-2.054596,0.07420427,-0.5511098,0.03266934,0.8304844,9.163934,292.7354,358.4023,0.6164372,0.00420278,-0.7873923,-0.2986244,-0.01084708,0.0563947,-0.465351,-0.3418388,-1.631483,-0.3721607,-0.03092429,2.013615,0.3904215,-0.02752663,0.9202246,-0.1360521,0.9868528,0.08724219,-0.9105278,-0.1592598,0.3815435,moving,-78.02851,-45.29498,-10.47137,-0.8798563,-10.218779826932591,2.7480048047285512,80.84967766333952,3.6366437811163865,67.87061803226936
2439,05/05/2023 11:22:23.626590,2621,True,True,True,True,Eyes,1.56695,0.006309004,-2.08041,-0.9579509,-0.203914,0.2018644,0.0,0.0,0.0,0.0,0.0,0.0,0.0,1.315507,0.3737226,2.139744,1.498888,-0.002606908,-2.049892,0.07198694,-0.5538452,0.03273148,0.8288559,8.951013,292.3823,358.5219,0.6150259,0.004042208,-0.788496,-0.2807069,-0.01019626,0.05301102,-0.4785287,-0.3350583,-1.635232,-0.3689262,-0.02887357,2.013877,0.3843685,-0.02547985,0.9228281,-0.1339986,0.987493,0.08307725,-0.9134032,-0.15559,0.376147,moving,-78.10043,-45.28941,-10.38102,-0.8214105,-10.223458108485111,2.7501300509251667,81.0143287960846,3.5750143575320914,68.03654955609414
2440,05/05/2023 11:22:23.646252,2622,True,True,True,True,Eyes,1.56311,0.005959521,-2.078753,-0.9584428,-0.2029754,0.2004706,0.0,0.0,0.0,0.0,0.0,0.0,0.0,1.330948,0.3669019,2.119952,1.488975,-0.003518954,-2.045281,0.07084267,-0.55679,0.03424532,0.826918,8.934027,291.9919,358.7092,0.6136945,0.003880311,-0.7895335,-0.2638645,-0.009584484,0.04983036,-0.4904354,-0.3347277,-1.640935,-0.3658033,-0.02689313,2.014132,0.3776244,-0.02225283,0.9256914,-0.1355251,0.9876171,0.07902725,-0.9159873,-0.1552971,0.3699324,moving,-78.18617,-45.35572,-10.29376,-0.7649804,-10.225212412510214,2.748952807583516,81.22630973818217,3.5146017354899333,68.21359824494506
2441,05/05/2023 11:22:23.666094,2623,True,True,True,True,Eyes,1.558993,0.005802981,-2.076939,-0.9590031,-0.2019331,0.1988368,0.0,0.0,0.0,0.0,0.0,0.0,0.0,1.347781,0.3681584,2.097024,1.478786,-0.001099179,-2.040283,0.07197788,-0.5600007,0.03706478,0.8245269,9.218969,291.5418,358.8684,0.6124315,0.003721472,-0.7905143,-0.2480326,-0.009009414,0.04684054,-0.501333,-0.341225,-1.64879,-0.3624927,-0.02479404,2.0144,0.370051,-0.0194935,0.9288069,-0.1417371,0.9868907,0.07718278,-0.9181354,-0.160208,0.362437,moving,-78.28643,-45.44265,-10.20124,-0.7051837,-10.226771701650526,2.747098520784912,81.46799364339186,3.4523766306324073,68.41026693998968
2442,05/05/2023 11:22:23.676114,2624,True,True,True,True,Eyes,1.554623,0.005704942,-2.074983,-0.9596475,-0.2005449,0.1971248,0.0,0.0,0.0,0.0,0.0,0.0,0.0,1.363584,0.3522792,2.076343,1.468001,0.003487727,-2.034607,0.07024761,-0.5633767,0.03638927,0.8224037,9.006443,291.0867,358.8804,0.6112263,0.003572808,-0.7914472,-0.2331507,-0.00846885,0.0440301,-0.5156956,-0.3274932,-1.655262,-0.3593741,-0.02281679,2.014654,0.3625651,-0.01929839,0.9317588,-0.1390051,0.9874822,0.07454204,-0.9215336,-0.1565455,0.355344,moving,-78.39213,-45.49275,-10.11404,-0.6488707,-10.23059284392567,2.7472570416523494,81.6876434029105,3.3981271611062245,68.60492953185256
2443,05/05/2023 11:22:23.696161,2625,True,True,True,True,Eyes,1.550052,0.005721911,-2.0729,-0.9602554,-0.1995176,0.1951976,0.0,0.0,0.0,0.0,0.0,0.0,0.0,1.375125,0.3254946,2.060498,1.457624,0.004697444,-2.029255,0.06562242,-0.5661067,0.03303298,0.8210517,8.346498,290.7435,358.8386,0.6100698,0.003435615,-0.7923396,-0.2191616,-0.007960718,0.0413883,-0.5311512,-0.3012095,-1.657275,-0.3561801,-0.02079128,2.014915,0.3568642,-0.02005499,0.9339411,-0.1285421,0.9892051,0.07035841,-0.9252702,-0.1451592,0.350434,moving,-78.50966,-45.62705,-10.02472,-0.5911965,-10.230723011888296,2.743435408266188,81.96593870185994,3.3409889560628674,68.81498773936583
2444,05/05/2023 11:22:23.712847,2626,True,True,True,True,Eyes,1.429761,0.008715636,-2.016913,-0.9746133,-0.1708655,0.1446855,0.0,0.0,0.0,0.0,0.0,0.0,0.0,1.387418,0.3362215,2.03871,1.448214,0.007395491,-2.024088,0.06872937,-0.568686,0.03549011,0.8189095,8.796865,290.355,358.8378,0.608954,0.003313175,-0.793198,-0.206012,-0.007483075,0.038905,-0.5401034,-0.312194,-1.663129,-0.3528836,-0.01870125,2.015182,0.3506734,-0.02004447,0.9362833,-0.1362972,0.9880335,0.07220082,-0.9265263,-0.1529317,0.343745,moving,-81.55588,-49.74274,-9.9325,-0.5316998,-10.200829488980292,2.6120917624017017,86.90014407462404,3.1552220369546986,71.80966121823488
2445,05/05/2023 11:22:23.726306,2627,True,True,True,True,Eyes,1.429367,0.008815979,-2.016719,-0.9746686,-0.1707696,0.144426,0.0,0.0,0.0,0.0,0.0,0.0,0.0,1.397435,0.3261758,2.020325,1.437473,0.009969929,-2.018539,0.06768369,-0.5710009,0.03501523,0.817405,8.663869,290.0392,358.8378,0.6052252,0.003344419,-0.7960466,-0.5545242,0.001947084,0.2045328,-0.5529199,-0.3031462,-1.665141,-0.3497648,-0.01672376,2.015435,0.3454638,-0.02005165,0.9382179,-0.1345381,0.9883857,0.0706625,-0.9287379,-0.1506374,0.3387537,moving,-81.57127,-49.7776,-9.845231,-0.4754204,-10.199941290949583,2.61071263282354,87.03636931731572,3.1064507861529305,71.92022703334634
2446,05/05/2023 11:22:23.746772,2628,True,True,True,True,Eyes,1.428602,0.009044807,-2.016286,-0.9747376,-0.1708192,0.1439005,0.0,0.0,0.0,0.0,0.0,0.0,0.0,1.409811,0.3178049,2.001124,1.427635,0.01245958,-2.013644,0.06693714,-0.5737909,0.03416409,0.8155467,8.53345,289.651,358.778,0.602164,0.003372281,-0.7983646,-0.5212528,0.001830259,0.1922608,-0.5652604,-0.2938833,-1.670292,-0.3466003,-0.01471694,2.015694,0.3391938,-0.021091,0.9404802,-0.1325407,0.9887044,0.06997463,-0.9313328,-0.1483868,0.3325669,moving,-81.60209,-49.88874,-9.756649,-0.4183194,-10.195996727882225,2.6058484252979213,87.23009748260853,3.055915159418277,72.04782020060011
2447,05/05/2023 11:22:23.756388,2629,True,True,True,True,Eyes,1.427436,0.009364772,-2.015689,-0.9749067,-0.1704833,0.1431516,0.0,0.0,0.0,0.0,0.0,0.0,0.0,1.422683,0.3268452,1.97842,1.417497,0.01582741,-2.008844,0.06993656,-0.5767307,0.03295454,0.8132678,8.72929,289.1953,358.4308,0.5996391,0.003403243,-0.8002626,-0.4899776,0.001720444,0.1807252,-0.5768392,-0.293393,-1.678421,-0.3434445,-0.01271568,2.015951,0.3325915,-0.02706738,0.9426824,-0.1342708,0.9880458,0.07574251,-0.9334635,-0.1517661,0.3249812,moving,-81.6466,-49.98045,-9.668288,-0.3613904,-10.1939053404205,2.602323200543424,87.42384385256517,3.0099621084985078,72.18756107277
2448,05/05/2023 11:22:23.776519,2630,True,True,True,True,Eyes,1.425936,0.009672324,-2.01494,-0.9750966,-0.1700932,0.1423198,0.0,0.0,0.0,0.0,0.0,0.0,0.0,1.432471,0.3200326,1.960092,1.406751,0.01827564,-2.004263,0.06944392,-0.5792915,0.02688541,0.8117119,8.27277,288.8175,357.8683,0.5974865,0.003442179,-0.8018708,-0.4605789,0.001617217,0.1698816,-0.591912,-0.2698952,-1.682853,-0.3402836,-0.01071182,2.016207,0.3273973,-0.03681011,0.9441695,-0.1241029,0.9889095,0.08158792,-0.9367014,-0.1438859,0.319198,moving,-81.69606,-50.08022,-9.579766,-0.3044012,-10.191693469852742,2.5985147478544026,87.62643435348075,2.9667113490644494,72.33216710231066
2449,05/05/2023 11:22:23.796123,2631,True,True,True,True,Eyes,1.424102,0.009942334,-2.0141,-0.9752725,-0.1700525,0.1411579,0.0,0.0,0.0,0.0,0.0,0.0,0.0,1.442281,0.3306157,1.940213,1.397024,0.01832259,-2.000473,0.07198153,-0.5816839,0.02332682,0.8098879,8.263837,288.4338,357.3383,0.5955198,0.003489888,-0.8033323,-0.4329442,0.001520184,0.1596887,-0.6036757,-0.2646242,-1.689022,-0.3371272,-0.008710124,2.016464,0.3221996,-0.04595676,0.9455557,-0.1215252,0.9885491,0.08945627,-0.9388393,-0.1437316,0.3129252,moving,-81.76438,-50.30446,-9.491343,-0.2474877,-10.184109042224248,2.5888577088504063,87.91525665688712,2.919722601132825,72.49624045066177
2450,05/05/2023 11:22:23.812871,2632,True,True,True,True,Eyes,1.421941,0.01020788,-2.013176,-0.9754597,-0.1702441,0.1396262,0.0,0.0,0.0,0.0,0.0,0.0,0.0,1.455836,0.359078,1.914626,1.387219,0.01777861,-1.997371,0.0781744,-0.5845894,0.0235383,0.8072112,8.842974,287.9356,356.9021,0.5937136,0.003544035,-0.8046678,-0.4069676,0.001428973,0.1501074,-0.6131465,-0.2809978,-1.700729,-0.3339106,-0.00667065,2.016726,0.3154023,-0.05339909,0.9474545,-0.1294006,0.9866694,0.09868602,-0.9400941,-0.153727,0.304288,moving,-81.85407,-50.64299,-9.40121,-0.1895144,-10.171838622758482,2.5739342071528126,88.28912799603015,2.8688877075601016,72.6839085864894
2451,05/05/2023 11:22:23.826385,2633,True,True,True,True,Eyes,1.419459,0.01051762,-2.012184,-0.9756964,-0.1705361,0.1376013,0.0,0.0,0.0,0.0,0.0,0.0,0.0,1.474824,0.3776042,1.886057,1.377196,0.01802979,-1.99447,0.08254758,-0.5886105,0.02354877,0.8038465,9.232043,287.2954,356.5547,0.5920455,0.00360385,-0.8058957,-0.3825495,0.001343235,0.141101,-0.6242156,-0.2905549,-1.717386,-0.3307774,-0.004683867,2.016981,0.3059663,-0.05931754,0.9501927,-0.1350359,0.9852628,0.104989,-0.9424172,-0.1604332,0.2934472,moving,-81.97259,-51.10081,-9.313393,-0.133053,-10.155075171434325,2.553680954810957,88.75286565681053,2.815487208574126,72.89769641426406
2452,05/05/2023 11:22:23.846403,2634,True,True,True,True,Eyes,1.416659,0.01087485,-2.011108,-0.9760274,-0.1705417,0.1352257,0.0,0.0,0.0,0.0,0.0,0.0,0.0,1.499638,0.3872317,1.854017,1.367036,0.01943518,-1.991752,0.08536176,-0.5938714,0.02320709,0.7996821,9.444296,286.4936,356.2643,0.5904942,0.003670631,-0.8070328,-0.3595965,0.001262641,0.1326349,-0.6367494,-0.2930163,-1.73931,-0.3273681,-0.002522092,2.017258,0.2935563,-0.06427123,0.9537787,-0.1385044,0.9843496,0.1089605,-0.9458547,-0.1640886,0.2800602,moving,-82.11206,-51.58844,-9.21781,-0.07163444,-10.138027269614128,2.5324478532577404,89.26115021760221,2.7618914557517593,73.139789868012
2453,05/05/2023 11:22:23.856654,2635,True,True,True,True,Eyes,1.413552,0.01123784,-2.009956,-0.9764706,-0.170193,0.1324366,0.0,0.0,0.0,0.0,0.0,0.0,0.0,1.526705,0.3797493,1.822304,1.356619,0.020918,-1.988713,0.08458328,-0.5997614,0.02149099,0.7954056,9.22634,285.6496,356.0921,0.5890411,0.003745691,-0.8080937,-0.3380207,0.001186882,0.1246768,-0.6515801,-0.2813286,-1.762216,-0.3243327,-0.0005975123,2.017505,0.279649,-0.06727145,0.9577426,-0.1356477,0.9847676,0.1087771,-0.9504716,-0.160335,0.266264,moving,-82.27623,-52.11155,-9.132691,-0.01696895,-10.120626493884124,2.510042517619985,89.79878992625424,2.713264361900436,73.39366518032725
2454,05/05/2023 11:22:23.876711,2636,True,True,True,True,Eyes,1.410175,0.01156906,-2.00871,-0.9769597,-0.1695758,0.1295912,0.0,0.0,0.0,0.0,0.0,0.0,0.0,1.55247,0.3592735,1.79336,1.346184,0.0213468,-1.985627,0.08077563,-0.6054351,0.01924297,0.7915513,8.695132,284.8802,356.0935,0.5876703,0.003828477,-0.8090909,-0.3177395,0.001115669,0.1171962,-0.6671395,-0.2605675,-1.7819,-0.3209745,0.001532031,2.017777,0.2661563,-0.0673452,0.9615744,-0.1282724,0.98621,0.1045754,-0.955357,-0.1511768,0.2538475,moving,-82.44398,-52.61265,-9.038498,0.04350277,-10.104597491191766,2.488848483079712,90.33844813915005,2.6676363660732827,73.660200914563
2455,05/05/2023 11:22:23.896397,2637,True,True,True,True,Eyes,1.406543,0.01187775,-2.007419,-0.9774625,-0.1690711,0.1264199,0.0,0.0,0.0,0.0,0.0,0.0,0.0,1.575252,0.3445995,1.765595,1.33623,0.02091026,-1.982813,0.07807119,-0.6103938,0.01932613,0.7880043,8.431911,284.1996,356.2411,0.5863675,0.003917024,-0.810035,-0.2986751,0.001048729,0.1101644,-0.6802161,-0.2509966,-1.799661,-0.3179871,0.003426298,2.01802,0.2540918,-0.06485019,0.9650034,-0.1257665,0.9870628,0.09944774,-0.9589682,-0.146634,0.2426486,moving,-82.63057,-53.21337,-8.954685,0.09727963,-10.084496970791877,2.4630694319511512,90.94042772335,2.6217239512123873,73.93424569344035
2456,05/05/2023 11:22:23.913233,2638,True,True,True,True,Eyes,1.402614,0.01219993,-2.006384,-0.9779305,-0.1675103,0.1248684,0.0,0.0,0.0,0.0,0.0,0.0,0.0,1.595856,0.3407423,1.737553,1.326514,0.02068585,-1.980376,0.07780983,-0.6148216,0.02131305,0.784529,8.528167,283.5605,356.3918,0.5851194,0.004009951,-0.8109366,-0.2807546,0.0009858053,0.1035546,-0.6910204,-0.2535644,-1.816424,-0.3146485,0.005542967,2.018292,0.2430804,-0.06223692,0.9680075,-0.1291197,0.9869828,0.0958807,-0.9613739,-0.1482956,0.2318802,moving,-82.72349,-53.29778,-8.860992,0.1573547,-10.085740654839071,2.4611553525145373,91.17631291401922,2.6091199117818493,74.12373677789412
2457,05/05/2023 11:22:23.929023,2639,True,True,True,True,Eyes,1.398463,0.01253074,-2.005311,-0.9783924,-0.166195,0.1229941,0.0,0.0,0.0,0.0,0.0,0.0,0.0,1.614075,0.342101,1.710492,1.317121,0.02072438,-1.978084,0.07872459,-0.6187997,0.02332253,0.7812461,8.735342,282.9665,356.4624,0.5839083,0.004107317,-0.8118086,-0.2639093,0.000926657,0.09734129,-0.700763,-0.2594534,-1.832132,-0.3116005,0.00747586,2.018541,0.233086,-0.06098823,0.9705418,-0.1338708,0.986517,0.09414262,-0.9631976,-0.1518705,0.2217788,moving,-82.83492,-53.49639,-8.775436,0.2121995,-10.082128632635431,2.453906142456402,91.48453288084147,2.594743591767185,74.3232485999385
2458,05/05/2023 11:22:23.946400,2640,True,True,True,True,Eyes,1.394151,0.01287765,-2.003998,-0.9788078,-0.1651606,0.1210669,0.0,0.0,0.0,0.0,0.0,0.0,0.0,1.630154,0.3479171,1.68419,1.307607,0.02129527,-1.97602,0.080689,-0.622353,0.02489299,0.7781687,9.0075,282.4146,356.4188,0.5827241,0.004209176,-0.8126585,-0.2480748,0.0008710576,0.09150081,-0.710116,-0.2663723,-1.846402,-0.3083856,0.009514522,2.018803,0.2241142,-0.06169219,0.9726083,-0.139176,0.9857393,0.09459485,-0.964574,-0.1565637,0.2123321,moving,-82.94901,-53.75764,-8.685172,0.2700303,-10.075396206973092,2.443538654271487,91.8373932150502,2.5800895162265034,74.53134602541367
2459,05/05/2023 11:22:23.956416,2641,True,True,True,True,Eyes,1.281097,0.02190131,-1.970574,-0.9878985,-0.1391443,0.0685223,0.0,0.0,0.0,0.0,0.0,0.0,0.0,1.64374,0.3515901,1.660587,1.298307,0.02234124,-1.974068,0.08218654,-0.6254461,0.02527368,0.7755153,9.153992,281.9324,356.3061,0.5815645,0.004315793,-0.8134882,-0.2331903,0.0008187941,0.08601076,-0.7196341,-0.2680453,-1.858071,-0.3051155,0.01158801,2.019068,0.2163568,-0.06360626,0.9742403,-0.1420067,0.9852132,0.09585918,-0.9659317,-0.1590885,0.204125,moving,-86.03223,-63.78182,-8.593346,0.3288333,-9.738126101205246,2.0125866425907377,100.53336074019538,2.0360615901295755,77.60956409656295
2460,05/05/2023 11:22:23.976374,2642,True,True,True,True,Eyes,1.280741,0.02192689,-1.970498,-0.987882,-0.1392581,0.06852933,0.0,0.0,0.0,0.0,0.0,0.0,0.0,1.65402,0.3494022,1.640985,1.288762,0.02303287,-1.97212,0.08224285,-0.6278362,0.02474716,0.7735927,9.109352,281.5748,356.2265,0.5771555,0.004902564,-0.8166189,-0.558361,0.02784063,0.1811211,-0.7300084,-0.2636444,-1.865279,-0.3019406,0.01360103,2.019327,0.2104187,-0.06498164,0.9754493,-0.1415585,0.9852474,0.0961706,-0.9673082,-0.1583192,0.1981158,moving,-86.03175,-63.79807,-8.504169,0.3859058,-9.737245248183834,2.011747736603604,100.64844045094064,2.0405487096989576,77.70572193768885
2461,05/05/2023 11:22:23.996666,2643,True,True,True,True,Eyes,1.280033,0.02198256,-1.970355,-0.9878665,-0.1394341,0.06839541,0.0,0.0,0.0,0.0,0.0,0.0,0.0,1.662414,0.3489866,1.623449,1.279885,0.02365244,-1.970364,0.08276385,-0.6297182,0.02553513,0.77198,9.203644,281.2874,356.2355,0.5735317,0.005392633,-0.8191649,-0.5248593,0.02617019,0.1702538,-0.738809,-0.264604,-1.870367,-0.2987279,0.01563832,2.019588,0.2056061,-0.06481056,0.9764864,-0.143661,0.9849962,0.09562421,-0.9680329,-0.159944,0.1932105,moving,-86.03942,-63.87106,-8.413912,0.4436509,-9.733888014027505,2.008231278335129,100.80724939412167,2.0470096330694774,77.8112534526169
2462,05/05/2023 11:22:24.016793,2644,True,True,True,True,Eyes,1.279002,0.02204895,-1.970202,-0.9878567,-0.1395205,0.068361,0.0,0.0,0.0,0.0,0.0,0.0,0.0,1.668551,0.3469363,1.608175,1.27072,0.02444225,-1.968585,0.0829922,-0.6310499,0.02657564,0.7708321,9.293231,281.0871,356.2949,0.5705364,0.005805037,-0.8212512,-0.4933678,0.02459998,0.1600386,-0.7477208,-0.2653939,-1.872222,-0.2953501,0.0177803,2.019863,0.2021397,-0.06377372,0.9772781,-0.1457151,0.9848121,0.09440499,-0.9684558,-0.1614872,0.1897768,moving,-86.04137,-63.89648,-8.318997,0.5043461,-9.732674814266831,2.0069881418768047,100.93678054660536,2.063108835850872,77.91598097977824
2463,05/05/2023 11:22:24.026359,2645,True,True,True,True,Eyes,1.277678,0.02211435,-1.970002,-0.9878293,-0.1397864,0.06821356,0.0,0.0,0.0,0.0,0.0,0.0,0.0,1.674191,0.342777,1.594662,1.262145,0.02467814,-1.967165,0.08262975,-0.6322086,0.02770572,0.7698813,9.338202,280.9225,356.4081,0.5679555,0.006163501,-0.8230355,-0.4637657,0.02312398,0.1504363,-0.7561805,-0.26566,-1.873595,-0.2923647,0.0196731,2.020105,0.1990896,-0.06181822,0.9780295,-0.1471387,0.9848094,0.09219859,-0.9688723,-0.1622618,0.1869694,moving,-86.04977,-63.98836,-8.235094,0.557966,-9.728372176096205,2.0025294735429595,101.10070227789346,2.0776533253408056,78.01561421131922
2464,05/05/2023 11:22:24.046384,2646,True,True,True,True,Eyes,1.276077,0.0221882,-1.969728,-0.9878424,-0.1400435,0.06749212,0.0,0.0,0.0,0.0,0.0,0.0,0.0,1.679574,0.3423043,1.580798,1.253827,0.02467667,-1.9658,0.08320656,-0.6332242,0.03038175,0.7688829,9.580266,280.7668,356.5897,0.5655929,0.006489171,-0.8246583,-0.4359397,0.02173654,0.1414101,-0.7633238,-0.2731521,-1.874545,-0.2889911,0.02181233,2.02038,0.1962082,-0.0586568,0.9788064,-0.1520968,0.9843072,0.0894753,-0.9686945,-0.1664291,0.1842076,moving,-86.09147,-64.26888,-8.140256,0.6185498,-9.716214857984586,1.989327803924972,101.42371670434741,2.0887026255799572,78.16002173055394
2465,05/05/2023 11:22:24.057029,2647,True,True,True,True,Eyes,1.274203,0.02226459,-1.969416,-0.987851,-0.1403776,0.06666887,0.0,0.0,0.0,0.0,0.0,0.0,0.0,1.685557,0.3385752,1.566836,1.245405,0.02499372,-1.964447,0.08325839,-0.6343117,0.03372937,0.7678406,9.825509,280.6107,356.8685,0.5634204,0.00678585,-0.8261418,-0.4097833,0.02043235,0.1329255,-0.7704712,-0.2809973,-1.875824,-0.2858125,0.02382791,2.02064,0.1930218,-0.05382599,0.9797171,-0.1574211,0.9838607,0.08506847,-0.9684841,-0.1706482,0.1814333,moving,-86.13903,-64.59577,-8.050881,0.6756154,-9.701984929803832,1.97391744015596,101.77481400759982,2.100412429616332,78.30453223750487
2466,05/05/2023 11:22:24.076373,2648,True,True,True,True,Eyes,1.27209,0.02232697,-1.969034,-0.987926,-0.1405451,0.06518635,0.0,0.0,0.0,0.0,0.0,0.0,0.0,1.692848,0.3281714,1.552954,1.236996,0.02522214,-1.963237,0.08181204,-0.6356995,0.03666836,0.7667128,9.908359,280.4331,357.2194,0.5614122,0.007056594,-0.8275055,-0.3851963,0.01920641,0.12495,-0.7784292,-0.283673,-1.87807,-0.2827904,0.02574415,2.020885,0.1890834,-0.04778752,0.9807976,-0.1602439,0.9839244,0.07883256,-0.9687979,-0.1720728,0.1783862,moving,-86.22492,-65.11761,-7.965899,0.7298542,-9.679876426151331,1.9495719158647384,102.27591558841564,2.1036705834684852,78.48182631850572
2467,05/05/2023 11:22:24.096400,2649,True,True,True,True,Eyes,1.269736,0.02236538,-1.968627,-0.9879979,-0.1408002,0.06352498,0.0,0.0,0.0,0.0,0.0,0.0,0.0,1.702622,0.3153186,1.537252,1.228964,0.02496029,-1.962273,0.07980272,-0.6376516,0.03992547,0.7651392,9.96447,280.1794,357.6331,0.5595467,0.007303488,-0.8287659,-0.3620845,0.01805402,0.117453,-0.7862181,-0.2860749,-1.883098,-0.2795989,0.02776777,2.021144,0.1836127,-0.0406756,0.9821568,-0.1628698,0.984075,0.07120328,-0.9694121,-0.1730375,0.1740639,moving,-86.32114,-65.71648,-7.876135,0.7871167,-9.654361205855643,1.9215725485993995,102.84136902767425,2.109283885970104,78.67472623873691
2468,05/05/2023 11:22:24.113703,2650,True,True,True,True,Eyes,1.267156,0.02238972,-1.968184,-0.9881131,-0.1409692,0.06131976,0.0,0.0,0.0,0.0,0.0,0.0,0.0,1.714163,0.3029111,1.51897,1.220812,0.02442687,-1.961224,0.07791485,-0.6400927,0.04330434,0.763109,10.04099,279.8484,358.0414,0.557803,0.00752797,-0.8299385,-0.3403595,0.01697078,0.1104058,-0.7941132,-0.2892788,-1.890579,-0.2762141,0.02991398,2.02142,0.1768122,-0.0336536,0.9836691,-0.1658373,0.984108,0.06347748,-0.9701729,-0.1743526,0.1684213,moving,-86.44893,-66.49158,-7.780914,0.8478296,-9.621536136757369,1.8854171517887188,103.55314011005572,2.1129310868904763,78.90456451753687
2469,05/05/2023 11:22:24.126531,2651,True,True,True,True,Eyes,1.264345,0.02240041,-1.967723,-0.9882367,-0.1411143,0.05894883,0.0,0.0,0.0,0.0,0.0,0.0,0.0,1.72664,0.2915511,1.499308,1.21278,0.02409075,-1.960305,0.07622345,-0.6428605,0.04585515,0.7608008,10.07509,279.4609,358.3571,0.5561634,0.007731722,-0.8310363,-0.3199379,0.01595253,0.1037814,-0.8022132,-0.2905621,-1.900484,-0.2732331,0.03180415,2.021662,0.1692553,-0.02822884,0.9851679,-0.1677754,0.9841746,0.0570248,-0.971187,-0.1749386,0.1618407,moving,-86.58632,-67.32784,-7.697043,0.9012849,-9.586091492550088,1.8463964992342752,104.3011577606046,2.1122831586255018,79.13157222470714
2470,05/05/2023 11:22:24.146560,2652,True,True,True,True,Eyes,1.26132,0.02239566,-1.967244,-0.9884197,-0.1409694,0.05616077,0.0,0.0,0.0,0.0,0.0,0.0,0.0,1.737631,0.2819263,1.480373,1.20446,0.02376192,-1.959352,0.07470756,-0.6454215,0.04697208,0.7587119,10.02027,279.0973,358.536,0.5546106,0.007916316,-0.8320716,-0.3007416,0.01499538,0.09755455,-0.8111171,-0.2879364,-1.909098,-0.2700174,0.03384315,2.021924,0.1624497,-0.02515916,0.9863961,-0.1677123,0.9844248,0.05272944,-0.9723594,-0.1739966,0.1557,moving,-86.74802,-68.27817,-7.606548,0.9589325,-9.546151695589948,1.802195869987297,105.15297881145493,2.1149835949974927,79.38904908661466
2471,05/05/2023 11:22:24.156452,2653,True,True,True,True,Eyes,1.258081,0.02235179,-1.966756,-0.9886124,-0.1407242,0.05331265,0.0,0.0,0.0,0.0,0.0,0.0,0.0,1.746667,0.2749504,1.463326,1.196278,0.02334192,-1.958606,0.07351943,-0.6475867,0.04682903,0.7569898,9.901717,278.785,358.5852,0.5531298,0.008083095,-0.8330551,-0.2826971,0.01409566,0.09170128,-0.8202313,-0.2825365,-1.915915,-0.2667545,0.03591205,2.022189,0.1568772,-0.0243222,0.9873185,-0.1661186,0.9848039,0.0506552,-0.9735472,-0.1719586,0.1504529,moving,-86.91322,-69.25105,-7.514712,1.017409,-9.505243634829306,1.756937793152285,106.02725782958241,2.1234686306035937,79.65116458804228
2472,05/05/2023 11:22:24.176443,2654,True,True,True,True,Eyes,1.254644,0.02227347,-1.966302,-0.9888437,-0.1401928,0.05033944,0.0,0.0,0.0,0.0,0.0,0.0,0.0,1.753764,0.2695307,1.447922,1.187914,0.02233744,-1.957849,0.07241304,-0.6493323,0.04607813,0.755646,9.745802,278.5336,358.5812,0.5517076,0.008232189,-0.8339962,-0.2657353,0.01324992,0.0861992,-0.8296807,-0.2761766,-1.920534,-0.2635084,0.03797036,2.022453,0.1524889,-0.02440273,0.9880039,-0.1636778,0.9852663,0.04959722,-0.9746573,-0.1692773,0.146248,moving,-87.08574,-70.24816,-7.423336,1.075568,-9.463512251271831,1.7106346418613554,106.92601548209491,2.1367332018430947,79.91928782344522
2473,05/05/2023 11:22:24.196634,2655,True,True,True,True,Eyes,1.251009,0.02215908,-1.965849,-0.9890761,-0.1395851,0.04737515,0.0,0.0,0.0,0.0,0.0,0.0,0.0,1.75981,0.2672987,1.433789,1.179883,0.02138137,-1.957434,0.07200754,-0.6507451,0.04549443,0.7545039,9.664028,278.3225,358.543,0.5503311,0.008363966,-0.8349039,-0.2497912,0.01245492,0.08102725,-0.8383844,-0.2722797,-1.924245,-0.2603955,0.03994422,2.022706,0.1489221,-0.02506565,0.9885313,-0.1623686,0.9854903,0.04944936,-0.9754274,-0.1678705,0.1426914,moving,-87.25772,-71.25281,-7.335691,1.131325,-9.421352801066782,1.6639341124860896,107.82853851914653,2.1525932302997592,80.18261657331301
2474,05/05/2023 11:22:24.216354,2656,True,True,True,True,Eyes,1.247189,0.02199914,-1.965428,-0.9893087,-0.1388328,0.04465008,0.0,0.0,0.0,0.0,0.0,0.0,0.0,1.764386,0.266049,1.420827,1.171485,0.02038519,-1.956987,0.07167311,-0.6518407,0.04422845,0.7536648,9.5376,278.1575,358.4444,0.5489904,0.008478559,-0.8357849,-0.2348037,0.01170763,0.07616561,-0.8476822,-0.2664949,-1.926036,-0.2571079,0.04202897,2.022974,0.1462951,-0.02677206,0.9888786,-0.1601057,0.9858136,0.05037519,-0.9761987,-0.1656948,0.1399334,moving,-87.41585,-72.17167,-7.243119,1.190197,-9.382844449389813,1.6212428850072964,108.6721230386342,2.1827105977999373,80.4371720198312
2475,05/05/2023 11:22:24.226748,2657,True,True,True,True,Eyes,1.243195,0.02180835,-1.965014,-0.989527,-0.1381112,0.04197096,0.0,0.0,0.0,0.0,0.0,0.0,0.0,1.767958,0.2642142,1.409692,1.163302,0.01909016,-1.956804,0.07111427,-0.6526133,0.04307387,0.7531158,9.400566,278.0453,358.3771,0.5476747,0.008575819,-0.8366467,-0.2207155,0.01100517,0.07159567,-0.8567464,-0.2608576,-1.926386,-0.2539501,0.04403113,2.02323,0.1444813,-0.02794101,0.9891129,-0.1576994,0.9861748,0.05089342,-0.9768603,-0.1633357,0.1380776,moving,-87.57125,-73.09637,-7.15419,1.246719,-9.343863551541244,1.57818466883209,109.51620163749983,2.214619550156087,80.68513514508287
2476,05/05/2023 11:22:24.246669,2658,True,True,True,True,Eyes,1.239032,0.02159075,-1.964544,-0.9897214,-0.1374167,0.03960091,0.0,0.0,0.0,0.0,0.0,0.0,0.0,1.771341,0.2626097,1.399313,1.155453,0.01857086,-1.956852,0.07098459,-0.6531907,0.04321265,0.7526194,9.398546,277.959,358.3918,0.5463762,0.008656153,-0.8374946,-0.2074725,0.01034486,0.06729992,-0.8647562,-0.2595115,-1.926207,-0.2507691,0.04604812,2.023489,0.1429493,-0.02768759,0.9893428,-0.1577783,0.9861877,0.05039658,-0.9770731,-0.163301,0.1366064,moving,-87.70869,-73.92402,-7.064591,1.303643,-9.308873162106982,1.5396032744889832,110.28450473191313,2.2566523157740774,80.91609718923687
2477,05/05/2023 11:22:24.256431,2659,True,True,True,True,Eyes,1.130778,0.01535042,-1.953261,-0.9927551,-0.1188537,-0.01763623,0.0,0.0,0.0,0.0,0.0,0.0,0.0,1.773409,0.2584972,1.390526,1.147046,0.01770641,-1.956868,0.07001349,-0.6534833,0.0423362,0.7525061,9.247713,277.9268,358.3866,0.5450883,0.008720156,-0.8383327,-0.1950242,0.009724168,0.06326193,-0.8740211,-0.2531129,-1.923792,-0.2474147,0.04817536,2.023763,0.1423344,-0.02778881,0.9894286,-0.1552218,0.9866115,0.05003916,-0.9775721,-0.1607032,0.1361153,moving,88.98225,81.5597,-6.970096,1.36366,-6.680619445969494,4.923677942121726,125.05301889432863,3.5717676889128698,84.25335083064991
2478,05/05/2023 11:22:24.276418,2660,True,True,True,True,Eyes,1.13045,0.01530876,-1.953245,-0.9927406,-0.1189897,-0.01753504,0.0,0.0,0.0,0.0,0.0,0.0,0.0,1.775146,0.2552744,1.382018,1.138692,0.01667343,-1.956882,0.06927025,-0.6536613,0.04188914,0.7524453,9.14925,277.9095,358.4027,0.540579,0.008525658,-0.8412495,-0.5080842,-0.009580248,0.09331498,-0.8829388,-0.2490175,-1.921288,-0.2444283,0.0500691,2.024005,0.1419446,-0.02751997,0.989492,-0.1535971,0.9868939,0.04948153,-0.9778853,-0.1590067,0.1358573,moving,88.98808,81.61689,-6.88596,1.417073,-6.683260905611907,4.9264378016330514,124.99536868522405,3.5152138247632587,84.33783672820014
2479,05/05/2023 11:22:24.296392,2661,True,True,True,True,Eyes,1.129788,0.01525518,-1.953242,-0.99273,-0.1190932,-0.01742953,0.0,0.0,0.0,0.0,0.0,0.0,0.0,1.776741,0.254644,1.373721,1.130396,0.01563326,-1.957223,0.0692772,-0.6536509,0.04238432,0.752426,9.187221,277.9118,358.4453,0.5366623,0.00835219,-0.8437552,-0.4775992,-0.009005433,0.08771608,-0.8911504,-0.2496798,-1.918296,-0.2412089,0.05211038,2.024267,0.1418881,-0.0267841,0.9895204,-0.1543484,0.9868084,0.04884285,-0.9777754,-0.1596611,0.1358823,moving,88.99416,81.67376,-6.795247,1.47463,-6.685870348268509,4.929174980597675,124.93002419822285,3.45627607041402,84.42904744482703
2480,05/05/2023 11:22:24.313818,2662,True,True,True,True,Eyes,1.128812,0.01519505,-1.953228,-0.9927162,-0.1192322,-0.01727171,0.0,0.0,0.0,0.0,0.0,0.0,0.0,1.778114,0.2516761,1.365792,1.121744,0.01528535,-1.957517,0.06880959,-0.6536117,0.04233199,0.7525059,9.142859,277.9243,358.4771,0.533106,0.008193645,-0.8460082,-0.4489432,-0.008465107,0.08245312,-0.9000931,-0.2467086,-1.914822,-0.2379774,0.05415958,2.024531,0.1419996,-0.02623935,0.989519,-0.1536596,0.9869465,0.04822189,-0.9778676,-0.1588966,0.1361141,moving,89.00325,81.75759,-6.704178,1.532393,-6.689709044875348,4.933206486339847,124.88392213597389,3.400844265698355,84.51773443163613
2481,05/05/2023 11:22:24.326541,2663,True,True,True,True,Eyes,1.127522,0.01512543,-1.953238,-0.9927211,-0.11922,-0.01707129,0.0,0.0,0.0,0.0,0.0,0.0,0.0,1.779125,0.2478682,1.358891,1.113122,0.01506513,-1.958071,0.06805567,-0.6534396,0.04176169,0.7527558,9.034901,277.9604,358.4875,0.5298657,0.008048327,-0.8480428,-0.4220066,-0.007957201,0.07750593,-0.9092761,-0.2412775,-1.910695,-0.2347255,0.05622131,2.024795,0.1425454,-0.02606783,0.989445,-0.1518132,0.9872488,0.0478811,-0.9780766,-0.1570361,0.1367704,moving,89.01481,81.85112,-6.612531,1.59049,-6.693905423170415,4.937668158431203,124.84533261090372,3.348167173398786,84.60425352701724
2482,05/05/2023 11:22:24.346563,2664,True,True,True,True,Eyes,1.125941,0.01504706,-1.953219,-0.9927313,-0.119172,-0.01681457,0.0,0.0,0.0,0.0,0.0,0.0,0.0,1.779477,0.2425042,1.35308,1.104306,0.01473768,-1.958689,0.06675401,-0.6531081,0.04045075,0.7532315,8.824004,278.027,358.4774,0.5269005,0.007914553,-0.8498895,-0.3966862,-0.007479768,0.07285558,-0.9190572,-0.2322847,-1.905519,-0.2315242,0.05825135,2.025055,0.1436273,-0.0262576,0.9892836,-0.1481327,0.9878153,0.04772502,-0.9784826,-0.1533999,0.1379877,moving,89.02964,81.96887,-6.522296,1.647677,-6.699171608928575,4.943278118906225,124.82654572762695,3.3003441814407504,84.68594666454786
2483,05/05/2023 11:22:24.356322,2665,True,True,True,True,Eyes,1.124068,0.01495924,-1.953242,-0.9927586,-0.1189887,-0.01648968,0.0,0.0,0.0,0.0,0.0,0.0,0.0,1.779334,0.2381458,1.348207,1.095531,0.01445616,-1.959594,0.06566805,-0.6525549,0.03917355,0.7538735,8.634842,278.1243,358.4559,0.5241749,0.007790847,-0.8515742,-0.372885,-0.007030982,0.06848424,-0.9286289,-0.2239432,-1.899522,-0.228296,0.06029814,2.025318,0.1452752,-0.02664021,0.9890326,-0.1447678,0.9883063,0.04788503,-0.9787428,-0.1501366,0.1397198,moving,89.04841,82.1101,-6.431296,1.705317,-6.705427959431714,4.949981566033987,124.8250911761074,3.256224267039725,84.76421907124772
2484,05/05/2023 11:22:24.376287,2666,True,True,True,True,Eyes,1.121913,0.01487882,-1.953311,-0.9927969,-0.118706,-0.01622062,0.0,0.0,0.0,0.0,0.0,0.0,0.0,1.779394,0.2339042,1.343031,1.086622,0.01411186,-1.960545,0.06460022,-0.652028,0.03794549,0.7544844,8.450953,278.2171,358.4368,0.5216556,0.007675834,-0.853121,-0.3505119,-0.006609123,0.06437518,-0.938262,-0.2159277,-1.893864,-0.2251921,0.06226622,2.02557,0.1468395,-0.02698375,0.9887924,-0.1415008,0.9887739,0.0479967,-0.9789872,-0.1469627,0.1413729,moving,89.06396,82.21899,-6.34379,1.760723,-6.710185926048164,4.955122392126071,124.80453312562724,3.2153434421598117,84.84167966782307
2485,05/05/2023 11:22:24.396172,2667,True,True,True,True,Eyes,1.11948,0.01479605,-1.953434,-0.9928633,-0.118194,-0.01589277,0.0,0.0,0.0,0.0,0.0,0.0,0.0,1.779336,0.229074,1.338915,1.077708,0.01419445,-1.962027,0.06331473,-0.6513575,0.0360099,0.7552668,8.195412,278.3332,358.3739,0.5193121,0.007569013,-0.8545505,-0.3294812,-0.006212576,0.06051267,-0.9481119,-0.2047757,-1.887784,-0.222055,0.06425545,2.025825,0.1488736,-0.02808686,0.9884573,-0.1368752,0.989389,0.0487284,-0.9793375,-0.1425497,0.1434495,moving,89.08295,82.34175,-6.25534,1.816707,-6.715460942235117,4.960880663958043,124.79451947211444,3.177662554553374,84.91617196856937
2486,05/05/2023 11:22:24.413947,2668,True,True,True,True,Eyes,1.116783,0.01470819,-1.953632,-0.9929339,-0.1176424,-0.01557906,0.0,0.0,0.0,0.0,0.0,0.0,0.0,1.779827,0.2230218,1.334042,1.068594,0.01401348,-1.963442,0.06156611,-0.6508733,0.03350215,0.755944,7.856493,278.4254,358.294,0.5171174,0.007469499,-0.8558812,-0.3097124,-0.005839821,0.05688191,-0.9584169,-0.1908003,-1.882263,-0.2187718,0.06633732,2.026092,0.1504832,-0.02949197,0.9881726,-0.130795,0.9901745,0.04946974,-0.9799222,-0.1366924,0.1451472,moving,89.10111,82.45638,-6.162763,1.875281,-6.720360528979783,4.966246631712156,124.77387152368051,3.140857134724546,84.99573579159527
2487,05/05/2023 11:22:24.426522,2669,True,True,True,True,Eyes,1.11383,0.01462865,-1.953885,-0.9930261,-0.1169137,-0.01517446,0.0,0.0,0.0,0.0,0.0,0.0,0.0,1.78018,0.2173318,1.329718,1.059622,0.01377213,-1.965053,0.05989118,-0.6502763,0.03116091,0.7566921,7.536905,278.5336,358.2235,0.5150463,0.007376337,-0.8571301,-0.2911296,-0.005489432,0.053469,-0.9683746,-0.1775486,-1.876318,-0.2154069,0.06847107,2.026366,0.1523395,-0.03073319,0.9878503,-0.1250501,0.9908841,0.05011196,-0.9803852,-0.1311648,0.1471076,moving,89.12453,82.6048,-6.067874,1.935293,-6.726710067359323,4.973196734346012,124.77645266203982,3.1085244188854215,85.07204687661235
2488,05/05/2023 11:22:24.447336,2670,True,True,True,True,Eyes,1.110622,0.01466069,-1.954197,-0.9931046,-0.116293,-0.01480432,0.0,0.0,0.0,0.0,0.0,0.0,0.0,1.779831,0.2115529,1.326229,1.050491,0.01385449,-1.966651,0.0583214,-0.6494383,0.02916852,0.7576131,7.253319,278.677,358.1771,0.5130773,0.007289312,-0.8583109,-0.2736619,-0.005160066,0.05026086,-0.9782037,-0.1656015,-1.869649,-0.2125104,0.07030751,2.026601,0.1547581,-0.0315554,0.9874483,-0.1199492,0.9914956,0.05048379,-0.9806437,-0.1262564,0.1496569,moving,89.14595,82.74516,-5.986188,1.986927,-6.732759202705201,4.979788058006514,124.78788353735844,3.084572235049872,85.13644904638322
2489,05/05/2023 11:22:24.456403,2671,True,True,True,True,Eyes,1.107145,0.01488261,-1.954558,-0.9932221,-0.1153475,-0.01431788,0.0,0.0,0.0,0.0,0.0,0.0,0.0,1.77938,0.2092973,1.322356,1.041183,0.01658951,-1.968321,0.05839954,-0.6484645,0.02823683,0.7584761,7.192912,278.8225,358.0993,0.5111901,0.007212763,-0.8594369,-0.2572421,-0.004850462,0.0472452,-0.987456,-0.1584514,-1.862503,-0.2090921,0.07247511,2.02688,0.1573929,-0.03290614,0.9869878,-0.118574,0.9915844,0.05196815,-0.9803917,-0.1252105,0.1521665,moving,89.1741,82.92417,-5.889776,2.047852,-6.740423321973609,4.98817308993365,124.81233646310969,3.060896760475511,85.20897894161745
2490,05/05/2023 11:22:24.476491,2672,True,True,True,True,Eyes,1.103408,0.01511945,-1.954969,-0.9934343,-0.1136297,-0.01329244,0.0,0.0,0.0,0.0,0.0,0.0,0.0,1.778412,0.1972874,1.320138,1.031252,0.02130979,-1.969898,0.05602265,-0.6474387,0.02443449,0.7596629,6.704937,279.0003,357.9563,0.5093666,0.007154135,-0.8605193,-0.2418076,-0.004559434,0.04441049,-0.9984441,-0.1342312,-1.854228,-0.2060622,0.07439632,2.027127,0.1604521,-0.03541851,0.9864081,-0.1096664,0.9925289,0.05347698,-0.9809326,-0.1167563,0.1553691,moving,89.23341,83.32784,-5.804313,2.101833,-6.757960260074377,5.007188212613951,125.01933053007753,3.05786396167495,85.23674926522531
2491,05/05/2023 11:22:24.496495,2673,True,True,True,True,Eyes,1.099491,0.01539601,-1.955457,-0.9935917,-0.1123622,-0.01226101,0.0,0.0,0.0,0.0,0.0,0.0,0.0,1.776206,0.1729021,1.321626,1.021204,0.02177472,-1.971844,0.04901247,-0.6460328,0.01744089,0.7615348,5.577046,279.279,357.8831,0.5075912,0.007112359,-0.8615681,-0.2272992,-0.004285868,0.04174586,-1.01046,-0.0917962,-1.842481,-0.2028807,0.07641386,2.027385,0.1646749,-0.03676365,0.9856625,-0.08989102,0.9945872,0.05211464,-0.9822432,-0.09718418,0.1604788,moving,89.29301,83.77251,-5.71457,2.158504,-6.777628107715806,5.028281516268004,125.24889713216812,3.060345655846356,85.26986430703964
2492,05/05/2023 11:22:24.514231,2674,True,True,True,True,Eyes,1.09532,0.01582011,-1.955941,-0.9937207,-0.111334,-0.01114,0.0,0.0,0.0,0.0,0.0,0.0,0.0,1.778096,0.1792639,1.315388,1.012965,0.02307117,-1.974177,0.05182175,-0.6453598,0.02134027,0.7618201,6.113712,279.3564,358.019,0.505851,0.007087527,-0.8625912,-0.2136612,-0.004028716,0.03924111,-1.017292,-0.1080423,-1.839124,-0.1996448,0.0784657,2.027648,0.1661107,-0.03437246,0.9855079,-0.09940224,0.9937181,0.0514134,-0.9810843,-0.106502,0.1616506,moving,89.35772,84.28604,-5.623291,2.21612,-6.800592891614581,5.052746754268768,125.52634870571404,3.0712360845484734,85.30006642758862
2493,05/05/2023 11:22:24.526362,2675,True,True,True,True,Eyes,1.090925,0.01630489,-1.956503,-0.9938964,-0.1098571,-0.01007264,0.0,0.0,0.0,0.0,0.0,0.0,0.0,1.781027,0.1765168,1.306711,1.002427,0.02714657,-1.976135,0.05252169,-0.6450713,0.02212992,0.7619939,6.234226,279.3935,358.038,0.5041339,0.007084588,-0.8635959,-0.2008415,-0.003786993,0.03688665,-1.02739,-0.1064075,-1.836533,-0.1964356,0.08050042,2.027909,0.1667867,-0.03403473,0.9854054,-0.1014862,0.9935035,0.05149167,-0.9807562,-0.1085932,0.1622491,moving,89.41936,84.76128,-5.532755,2.273235,-6.821738334627059,5.075342862149538,125.77830381625938,3.084361604622024,85.33115890974187
2494,05/05/2023 11:22:24.546544,2676,True,True,True,True,Eyes,1.086337,0.0168162,-1.957091,-0.9940277,-0.108746,-0.00911814,0.0,0.0,0.0,0.0,0.0,0.0,0.0,1.785823,0.1622976,1.298264,0.9927028,0.0290014,-1.978558,0.04868061,-0.6454588,0.01732296,0.7620453,5.540895,279.3687,357.9018,0.5024281,0.007104099,-0.8645893,-0.188791,-0.003559774,0.03467345,-1.038538,-0.07770708,-1.836095,-0.1932473,0.08252224,2.028168,0.1661658,-0.03644089,0.9854243,-0.08924442,0.9946603,0.05183115,-0.9820511,-0.09655618,0.1620264,moving,89.47445,85.20708,-5.442807,2.329969,-6.841740463711497,5.096609150648083,126.00754423490037,3.1002116958475425,85.36903095174155
2495,05/05/2023 11:22:24.566338,2677,True,True,True,True,Eyes,0.9660134,0.03086368,-1.973411,-0.9969195,-0.07754114,0.01178265,0.0,0.0,0.0,0.0,0.0,0.0,0.0,1.794555,0.169923,1.281742,0.9832906,0.03029819,-1.981007,0.05140945,-0.6468124,0.01902279,0.7606766,5.901599,279.1386,357.8358,0.5007249,0.00714506,-0.8655764,-0.1774636,-0.003346187,0.03259304,-1.047737,-0.08705264,-1.84335,-0.1899948,0.08458453,2.028433,0.1625437,-0.03756416,0.9859861,-0.09544492,0.9939904,0.05360358,-0.9820742,-0.1028203,0.1579815,moving,-89.32285,-81.3598,-5.351045,2.387819,-9.017649942680118,1.202695865306135,118.59564799404397,3.8533762663504434,84.18049656827712
2496,05/05/2023 11:22:24.576256,2678,True,True,True,True,Eyes,0.965621,0.03086331,-1.973504,-0.9969325,-0.07738682,0.01169816,0.0,0.0,0.0,0.0,0.0,0.0,0.0,1.801495,0.1587801,1.26904,0.9731098,0.03202314,-1.983202,0.04918448,-0.6477344,0.01803183,0.760063,5.631285,279.0211,357.9092,0.4943347,0.007876011,-0.8692355,-0.5277867,0.03899701,-0.01832287,-1.058633,-0.07386772,-1.845992,-0.1863559,0.08689181,2.028729,0.1602299,-0.03630631,0.9864118,-0.09112763,0.9945115,0.05140694,-0.9828642,-0.09812629,0.156042,moving,-89.32771,-81.40398,-5.248374,2.452518,-9.015631109305492,1.200572962623104,118.74867156741124,3.969835324572722,84.29245345786101
2497,05/05/2023 11:22:24.596137,2679,True,True,True,True,Eyes,0.9648631,0.03081021,-1.973662,-0.9969345,-0.07739246,0.01149206,0.0,0.0,0.0,0.0,0.0,0.0,0.0,1.809108,0.1375645,1.256293,0.9633918,0.03192868,-1.985176,0.04424359,-0.6489311,0.01739097,0.7593606,5.150074,278.887,358.2158,0.4889302,0.008494785,-0.8722811,-0.4961195,0.03665718,-0.0172235,-1.0694,-0.05629635,-1.850321,-0.1836486,0.08860864,2.028949,0.1571721,-0.03101004,0.9870843,-0.08383412,0.9954801,0.0446226,-0.9840065,-0.08976477,0.153862,moving,-89.33956,-81.55383,-5.171985,2.500643,-9.008500980014327,1.1932538043154737,118.95097777104799,4.053161898308273,84.38428263435188
2498,05/05/2023 11:22:24.614418,2680,True,True,True,True,Eyes,0.9637395,0.03073987,-1.973884,-0.9969243,-0.07752751,0.01146324,0.0,0.0,0.0,0.0,0.0,0.0,0.0,1.817015,0.1254944,1.241511,0.9538932,0.0305622,-1.986906,0.0424228,-0.6501881,0.02157721,0.7582811,5.301423,278.7173,358.7085,0.4840199,0.00904913,-0.8750097,-0.4663523,0.03445775,-0.01619009,-1.078975,-0.06265529,-1.855656,-0.1804563,0.09063262,2.029209,0.1535798,-0.02244242,0.9878814,-0.08788878,0.9954695,0.03627833,-0.9842199,-0.09239531,0.1509115,moving,-89.34121,-81.58917,-5.081912,2.55736,-9.006749627748032,1.1914983692955787,119.080929667574,4.155710336202144,84.48068367195619
2499,05/05/2023 11:22:24.626677,2681,True,True,True,True,Eyes,0.9622593,0.03071639,-1.974144,-0.9969159,-0.07765157,0.01135538,0.0,0.0,0.0,0.0,0.0,0.0,0.0,1.823957,0.112233,1.227217,0.9440702,0.03006728,-1.988292,0.040745,-0.6512458,0.02642421,0.7573113,5.516397,278.5764,359.2489,0.4795434,0.009544795,-0.8774658,-0.4383712,0.03239029,-0.01521868,-1.08869,-0.07049392,-1.859748,-0.1772636,0.09265703,2.029468,0.1503611,-0.01304732,0.988545,-0.09309273,0.9952832,0.02729597,-0.9842383,-0.0961306,0.1484372,moving,-89.3474,-81.68032,-4.991824,2.61407,-9.002350457606354,1.187020235705459,119.25354245373121,4.256852534083566,84.58159537868463
2500,05/05/2023 11:22:24.646521,2682,True,True,True,True,Eyes,0.9604021,0.0307438,-1.974601,-0.9970274,-0.07599205,0.01271267,0.0,0.0,0.0,0.0,0.0,0.0,0.0,1.829771,0.09376304,1.214293,0.9340619,0.0310316,-1.989454,0.03760607,-0.6521429,0.02909457,0.7566036,5.442883,278.4679,359.7109,0.4754458,0.009989906,-0.8796878,-0.4120689,0.03044687,-0.01430556,-1.099014,-0.06634478,-1.862242,-0.1740347,0.09470454,2.029731,0.1477264,-0.005022947,0.9890156,-0.09307517,0.9954786,0.01895814,-0.984639,-0.0948534,0.146591,moving,-89.26949,-80.50296,-4.900712,2.671407,-9.059298050959356,1.244915443485333,118.47390441385805,4.396443574531733,84.59431671905051
2501,05/05/2023 11:22:24.656336,2683,True,True,True,True,Eyes,0.9581959,0.03077998,-1.975067,-0.9971563,-0.07405444,0.01397297,0.0,0.0,0.0,0.0,0.0,0.0,0.0,1.834618,0.07393694,1.202085,0.9238981,0.03201057,-1.990399,0.03342221,-0.6529422,0.02919918,0.7561063,5.087227,278.3762,0.02932589,0.471674,0.01039186,-0.8817114,-0.3873448,0.02862006,-0.01344723,-1.109898,-0.05163035,-1.863505,-0.1706786,0.09683258,2.030004,0.1456277,0.0005098204,0.9893394,-0.08780092,0.9960607,0.01241073,-0.9854357,-0.08867225,0.1450988,moving,-89.19717,-79.31476,-4.806009,2.730978,-9.117154645302756,1.3035052284955793,117.7003448546034,4.54132748085837,84.61532868782098
2502,05/05/2023 11:22:24.676173,2684,True,True,True,True,Eyes,0.9556885,0.03080685,-1.97543,-0.9972879,-0.07201745,0.01517335,0.0,0.0,0.0,0.0,0.0,0.0,0.0,1.838141,0.05316531,1.190804,0.913318,0.0322239,-1.991084,0.02842586,-0.653465,0.02800738,0.7559041,4.564317,278.3263,0.2983797,0.4681839,0.01075549,-0.8835652,-0.3641041,0.02690286,-0.01264039,-1.121221,-0.03179695,-1.863318,-0.1676906,0.09872736,2.030247,0.1443982,0.005191173,0.9895061,-0.07949238,0.9968151,0.006370776,-0.9863216,-0.07957812,0.144351,moving,-89.12833,-78.10236,-4.721693,2.784,-9.176491680203693,1.363415155540774,116.90630266884403,4.6758199902746265,84.62842501772978
2503,05/05/2023 11:22:24.696256,2685,True,True,True,True,Eyes,0.9528754,0.03082998,-1.975794,-0.9974114,-0.07003171,0.01631467,0.0,0.0,0.0,0.0,0.0,0.0,0.0,1.840503,0.03745504,1.180824,0.9032538,0.03189637,-1.99156,0.02478108,-0.6536775,0.02794964,0.755851,4.243864,278.313,0.5661461,0.4649393,0.01108436,-0.8852728,-0.3422579,0.02528868,-0.01188197,-1.131594,-0.01951791,-1.861485,-0.1645025,0.1007488,2.030507,0.1438494,0.009853869,0.9895507,-0.07464919,0.9972094,0.0009215109,-0.9867802,-0.0740017,0.1441835,moving,-89.0629,-76.8862,-4.631729,2.840547,-9.236233732371238,1.4236036799811922,116.12483293263871,4.817591950609251,84.65078353303785
2504,05/05/2023 11:22:24.716541,2686,True,True,True,True,Eyes,0.9498023,0.03083498,-1.976102,-0.9975111,-0.06832042,0.01743345,0.0,0.0,0.0,0.0,0.0,0.0,0.0,1.842577,0.02963324,1.170703,0.893107,0.03180081,-1.991949,0.0233296,-0.6537706,0.02880823,0.7557843,4.182423,278.3063,0.7492218,0.4619049,0.01138189,-0.886856,-0.3217224,0.02377136,-0.01116905,-1.141765,-0.01589492,-1.85919,-0.1612698,0.1027986,2.03077,0.1435082,0.0130412,0.9895632,-0.07405003,0.9972516,-0.002403653,-0.9868749,-0.07293224,0.1440795,moving,-88.99875,-75.6852,-4.540507,2.897866,-9.295259394802152,1.4830538196049303,115.36244220979114,4.960782583592134,84.67644153661294
2505,05/05/2023 11:22:24.726670,2687,True,True,True,True,Eyes,0.9464742,0.0308483,-1.976409,-0.9975863,-0.06693116,0.01849108,0.0,0.0,0.0,0.0,0.0,0.0,0.0,1.844168,0.02957249,1.161448,0.8835707,0.03141311,-1.992261,0.02360945,-0.6537224,0.02952858,0.7557894,4.26069,278.3129,0.7909862,0.4590515,0.01165051,-0.8883328,-0.3024191,0.02234508,-0.01049891,-1.15117,-0.01708165,-1.856078,-0.157995,0.104875,2.031035,0.1435502,0.01376673,0.9895473,-0.07550283,0.9971413,-0.002919447,-0.9867586,-0.07429454,0.1441793,moving,-88.9381,-74.55612,-4.448102,2.955911,-9.350729568716194,1.5389351343675708,114.65894954945718,5.1032908677950966,84.70771810710015
2506,05/05/2023 11:22:24.746668,2688,True,True,True,True,Eyes,0.9428746,0.03089955,-1.976697,-0.99764,-0.06583158,0.0195096,0.0,0.0,0.0,0.0,0.0,0.0,0.0,1.846246,0.03396691,1.151241,0.8740636,0.03147642,-1.992525,0.02540427,-0.6537956,0.03128659,0.7555972,4.54838,278.2948,0.8082498,0.4563521,0.01189358,-0.8897193,-0.2842739,0.02100438,-0.009868973,-1.160416,-0.02523131,-1.853862,-0.1548018,0.1068997,2.031295,0.143145,0.01406174,0.9896019,-0.08049852,0.9967515,-0.002519284,-0.9864225,-0.07930086,0.143812,moving,-88.87968,-73.49248,-4.357997,3.012491,-9.402906380129687,1.591544726711566,114.00405907187397,5.24120205346949,84.73965859379015
2507,05/05/2023 11:22:24.756588,2689,True,True,True,True,Eyes,0.9390201,0.03096486,-1.976983,-0.997696,-0.0646951,0.02042376,0.0,0.0,0.0,0.0,0.0,0.0,0.0,1.848902,0.03664435,1.139318,0.8639753,0.03269948,-1.992563,0.02684316,-0.6541366,0.03218524,0.7552145,4.741005,278.2365,0.7759042,0.453782,0.01211546,-0.89103,-0.2672175,0.01974411,-0.009276834,-1.170412,-0.02844421,-1.852318,-0.1511826,0.1091947,2.03159,0.142139,0.01349534,0.9897546,-0.0837317,0.9964871,-0.001562392,-0.9862989,-0.08265176,0.1427697,moving,-88.82727,-72.47948,-4.255874,3.076595,-9.452795961471402,1.64173225803725,113.40653195823616,5.391366149863745,84.78984143883697
2508,05/05/2023 11:22:24.776104,2690,True,True,True,True,Eyes,0.9349251,0.03100845,-1.977263,-0.9977443,-0.06372977,0.02109379,0.0,0.0,0.0,0.0,0.0,0.0,0.0,1.85234,0.03652282,1.126564,0.8540183,0.03310047,-1.992787,0.02673376,-0.6547678,0.0308974,0.754725,4.635386,278.14,0.6685099,0.4513187,0.01231902,-0.8922774,-0.2511844,0.01855947,-0.008720224,-1.180682,-0.02232946,-1.853112,-0.1485455,0.110867,2.031805,0.1406489,0.01162927,0.9899912,-0.0816469,0.9966613,-0.0001079754,-0.9866873,-0.08081453,0.1411288,moving,-88.78886,-71.68608,-4.181463,3.123291,-9.492031307171596,1.681107616609856,112.93738803660749,5.502910925724859,84.82563433111795
2509,05/05/2023 11:22:24.796624,2691,True,True,True,True,Eyes,0.8267778,0.03175596,-1.984354,-0.9984775,-0.04373133,0.03361988,0.0,0.0,0.0,0.0,0.0,0.0,0.0,1.856958,0.04108447,1.111737,0.8441585,0.03265463,-1.993055,0.02790121,-0.6557468,0.03064755,0.7538424,4.7185,277.9846,0.5527569,0.448943,0.01250512,-0.8934724,-0.2361134,0.0174459,-0.00819701,-1.190809,-0.02336093,-1.85543,-0.1452951,0.112928,2.032069,0.1381137,0.009614584,0.9903697,-0.08279911,0.9965644,0.001872171,-0.9869493,-0.08226029,0.1384352,moving,-88.07151,-52.44755,-4.089749,3.180821,-10.456471485628708,2.641370849345613,100.73456130233934,6.389535325362184,84.1362174141814
2510,05/05/2023 11:22:24.816230,2692,True,True,True,True,Eyes,0.8264015,0.03174374,-1.984335,-0.9984824,-0.04387244,0.0332878,0.0,0.0,0.0,0.0,0.0,0.0,0.0,1.862586,0.04773962,1.095134,0.8343205,0.032403,-1.993411,0.02985337,-0.6570379,0.03100942,0.7526277,4.915455,277.777,0.4282894,0.4418958,0.01276792,-0.896975,-0.5463887,0.01864166,-0.02897761,-1.200923,-0.02829296,-1.85977,-0.142138,0.1149297,2.032326,0.1346792,0.007447505,0.9908613,-0.08590668,0.9962943,0.00418822,-0.9871584,-0.08568567,0.13482,moving,-88.09055,-52.81094,-4.000672,3.236675,-10.438589353173455,2.623373373672353,101.05663129771895,6.46706415084527,84.24731887565068
2511,05/05/2023 11:22:24.826388,2693,True,True,True,True,Eyes,0.8256434,0.03172233,-1.984331,-0.9984921,-0.04404446,0.03276682,0.0,0.0,0.0,0.0,0.0,0.0,0.0,1.869453,0.05249369,1.076812,0.8248385,0.03212169,-1.993927,0.0312491,-0.6587732,0.03102323,0.7510519,5.037858,277.5035,0.3122077,0.4360231,0.01297954,-0.8998414,-0.5136054,0.01752316,-0.02723895,-1.210901,-0.03056399,-1.866484,-0.1388544,0.1170118,2.032593,0.1301109,0.005427974,0.9914845,-0.08777226,0.9961221,0.006064857,-0.9876068,-0.08781394,0.1300828,moving,-88.12044,-53.35265,-3.908028,3.294752,-10.412024137114782,2.596582903304641,101.49215973762381,6.54136116104167,84.37301035603342
2512,05/05/2023 11:22:24.846318,2694,True,True,True,True,Eyes,0.8245163,0.0316727,-1.984297,-0.9985126,-0.04418189,0.03194586,0.0,0.0,0.0,0.0,0.0,0.0,0.0,1.876389,0.05553994,1.057439,0.8149666,0.03190554,-1.994219,0.0321829,-0.6606537,0.03079106,0.7493684,5.101371,277.2096,0.2084772,0.4308931,0.01315938,-0.9023065,-0.4827891,0.01647177,-0.02560462,-1.221363,-0.03076316,-1.873777,-0.1356351,0.1190529,2.032855,0.1251773,0.003624194,0.9921278,-0.08867119,0.9960324,0.007549237,-0.988164,-0.08891814,0.1250021,moving,-88.16754,-54.13107,-3.817202,3.351664,-10.374103816653747,2.558192110121522,102.07469925906713,6.604737623347693,84.51388075386998
2513,05/05/2023 11:22:24.856334,2695,True,True,True,True,Eyes,0.8230394,0.03159183,-1.984274,-0.998538,-0.04431694,0.03095073,0.0,0.0,0.0,0.0,0.0,0.0,0.0,1.883419,0.05700654,1.037249,0.8049468,0.03116835,-1.994365,0.03262449,-0.662671,0.03058737,0.7475744,5.124326,276.897,0.143472,0.4262207,0.01331892,-0.9045206,-0.4538217,0.01548347,-0.02406834,-1.232036,-0.03013091,-1.881634,-0.1323946,0.1211078,2.033119,0.1198631,0.002494045,0.9927874,-0.08897128,0.9960001,0.008239748,-0.9887959,-0.08931719,0.1196056,moving,-88.22462,-55.06975,-3.725783,3.408938,-10.328393782051114,2.511904725990908,102.76093812608912,6.663267804458792,84.66531988587873
2514,05/05/2023 11:22:24.876436,2696,True,True,True,True,Eyes,0.8212228,0.03148097,-1.984272,-0.9985645,-0.0444799,0.02984137,0.0,0.0,0.0,0.0,0.0,0.0,0.0,1.890075,0.05910066,1.017615,0.7951297,0.03035472,-1.994559,0.03312666,-0.664602,0.03019584,0.7458519,5.137811,276.5964,0.05816951,0.4219489,0.01345888,-0.9065192,-0.4265924,0.01455446,-0.02262424,-1.242477,-0.02904291,-1.888815,-0.1289017,0.1233227,2.033403,0.1147847,0.001011172,0.9933899,-0.08907533,0.9959816,0.009278721,-0.9893888,-0.08955159,0.1144136,moving,-88.28827,-56.14251,-3.627247,3.470649,-10.276058015594831,2.458965156060727,103.54331239324833,6.725339554340948,84.83071078695544
2515,05/05/2023 11:22:24.896628,2697,True,True,True,True,Eyes,0.8190833,0.03133823,-1.984276,-0.9985921,-0.04467766,0.02859746,0.0,0.0,0.0,0.0,0.0,0.0,0.0,1.896204,0.06292835,0.9982468,0.7852654,0.02953955,-1.994626,0.03407085,-0.6664277,0.02984486,0.7441927,5.191765,276.3083,359.943,0.4180253,0.01357993,-0.9083334,-0.4009969,0.01368119,-0.02126678,-1.252862,-0.02982207,-1.896142,-0.1261812,0.1250479,2.033624,0.1099668,-0.0009908787,0.9939349,-0.08983216,0.9958969,0.01093168,-0.9898675,-0.09048943,0.1094266,moving,-88.35963,-57.37734,-3.550505,3.518698,-10.215699235458906,2.397978787334904,104.40744766233425,6.758759187160859,84.98151189949917
2516,05/05/2023 11:22:24.906416,2698,True,True,True,True,Eyes,0.8166501,0.0311431,-1.984294,-0.9986184,-0.04489872,0.02730148,0.0,0.0,0.0,0.0,0.0,0.0,0.0,1.901724,0.06832826,0.9796807,0.775421,0.02866732,-1.994717,0.03535239,-0.6680664,0.02940187,0.7426798,5.266926,276.0456,359.795,0.4144034,0.01368262,-0.90999,-0.3769371,0.01286032,-0.01999078,-1.263164,-0.0309217,-1.901804,-0.122763,0.1272152,2.033903,0.1056458,-0.003563133,0.9943975,-0.09090782,0.9957715,0.0132262,-0.9902399,-0.09179579,0.1048752,moving,-88.43397,-58.69755,-3.454089,3.579035,-10.15104788356978,2.332725586422662,105.35631549193616,6.8119413857281295,85.15561822181093
2517,05/05/2023 11:22:24.926358,2699,True,True,True,True,Eyes,0.8139231,0.03091934,-1.984317,-0.9986407,-0.04524288,0.02587929,0.0,0.0,0.0,0.0,0.0,0.0,0.0,1.907096,0.07464802,0.9614096,0.7660115,0.02724555,-1.994839,0.03690556,-0.6696863,0.02943196,0.7411425,5.400956,275.7832,359.666,0.4110424,0.01376643,-0.9115119,-0.3543209,0.0120887,-0.01879133,-1.272942,-0.03503368,-1.908037,-0.119848,0.1290636,2.03414,0.1013083,-0.005803755,0.9948382,-0.09305684,0.9955434,0.01528421,-0.9904934,-0.09412492,0.1003167,moving,-88.51554,-60.2301,-3.371871,3.630478,-10.075709853862495,2.2568561347517546,106.43128202401607,6.843120078388547,85.32280745646192
2518,05/05/2023 11:22:24.946394,2700,True,True,True,True,Eyes,0.8109007,0.03065313,-1.984371,-0.9986639,-0.04545271,0.02458448,0.0,0.0,0.0,0.0,0.0,0.0,0.0,1.912254,0.08312131,0.9427474,0.7562721,0.02639443,-1.994931,0.03921834,-0.671259,0.02959725,0.7395929,5.609392,275.5208,359.4893,0.4079049,0.01383201,-0.9129193,-0.3330616,0.01136338,-0.01766385,-1.28296,-0.04093627,-1.913793,-0.1166002,0.1311228,2.034404,0.09707089,-0.008871511,0.9952379,-0.09643115,0.9951718,0.01827638,-0.990595,-0.09774604,0.09574675,moving,-88.58981,-61.59192,-3.280272,3.687768,-10.008873669177763,2.1894845033000374,107.42045866198296,6.893397845688674,85.49186031407332
2519,05/05/2023 11:22:24.956140,2701,True,True,True,True,Eyes,0.8076035,0.03035043,-1.984425,-0.998688,-0.04567285,0.02315812,0.0,0.0,0.0,0.0,0.0,0.0,0.0,1.917272,0.09034213,0.9235998,0.7462738,0.02512794,-1.994887,0.04062352,-0.6729323,0.02846953,0.738039,5.640111,275.248,359.2716,0.404957,0.01387926,-0.91423,-0.3130779,0.01068158,-0.01660402,-1.293438,-0.04093367,-1.919749,-0.1134447,0.1331241,2.034661,0.09270336,-0.01265049,0.9956135,-0.096697,0.9950784,0.02164733,-0.9909874,-0.0982796,0.09102385,moving,-88.67163,-63.11301,-3.191283,3.74342,-9.934151445869707,2.114204407136778,108.52037576227475,6.936902646450649,85.66579458247398
2520,05/05/2023 11:22:24.976433,2702,True,True,True,True,Eyes,0.8040342,0.03001392,-1.984476,-0.9987179,-0.04552164,0.02214432,0.0,0.0,0.0,0.0,0.0,0.0,0.0,1.922148,0.09896846,0.9044876,0.7364215,0.02399454,-1.994907,0.04237501,-0.674593,0.02724358,0.7364689,5.691517,274.9729,359.0186,0.4021691,0.01390839,-0.9154595,-0.2942932,0.01004068,-0.01560778,-1.303738,-0.04146142,-1.9257,-0.1102346,0.1351593,2.034921,0.08836418,-0.01704367,0.9959424,-0.09729987,0.9949243,0.02565909,-0.9913246,-0.09917242,0.08625732,moving,-88.7298,-64.05907,-3.100765,3.8,-9.888121142770398,2.067569529030243,109.25742545152767,7.004963864685353,85.81625336428105
2521,05/05/2023 11:22:24.996259,2703,True,True,True,True,Eyes,0.8002025,0.02963864,-1.984518,-0.9987532,-0.04529964,0.02097368,0.0,0.0,0.0,0.0,0.0,0.0,0.0,1.926868,0.1045429,0.884961,0.7263778,0.02283762,-1.994683,0.04335468,-0.6763397,0.02602283,0.7348523,5.67693,274.6904,358.8254,0.3995146,0.01391969,-0.9166209,-0.2766356,0.00943824,-0.01467131,-1.3143,-0.03980499,-1.931795,-0.1070257,0.1371941,2.035182,0.08377486,-0.0203991,0.996276,-0.09689084,0.9948864,0.02851801,-0.9917631,-0.09891911,0.08136994,moving,-88.79697,-65.15591,-3.010284,3.856543,-9.834738152973785,2.0134951949351856,110.10029138898683,7.0689461518528605,85.97532162908351
2522,05/05/2023 11:22:25.006567,2704,True,True,True,True,Eyes,0.7961325,0.02922379,-1.984578,-0.9987942,-0.04484744,0.01997402,0.0,0.0,0.0,0.0,0.0,0.0,0.0,1.931704,0.106587,0.8651818,0.7162939,0.0215344,-1.994452,0.04337014,-0.67819,0.02475349,0.7331882,5.576349,274.3999,358.703,0.3969697,0.0139132,-0.9177259,-0.2600375,0.008871946,-0.01379103,-1.324983,-0.03536409,-1.938295,-0.1037891,0.1392463,2.035446,0.07889128,-0.02252844,0.9966288,-0.09512431,0.9950126,0.03002179,-0.9923345,-0.09717207,0.07635486,moving,-88.85435,-65.9929,-2.919031,3.913546,-9.794375458890189,1.972388310548013,110.77811265761245,7.144120282001878,86.12443836498014
2523,05/05/2023 11:22:25.026408,2705,True,True,True,True,Eyes,0.7918257,0.02876141,-1.98462,-0.9988348,-0.04446581,0.01875799,0.0,0.0,0.0,0.0,0.0,0.0,0.0,1.936672,0.1108777,0.844946,0.7066231,0.02006843,-1.994294,0.04417855,-0.680123,0.02411581,0.7313684,5.590909,274.0887,358.571,0.3945136,0.01388887,-0.9187847,-0.2444352,0.008339629,-0.01296357,-1.335127,-0.0352273,-1.945665,-0.1006279,0.1412509,2.035703,0.0737025,-0.02481861,0.9969715,-0.09536876,0.9949334,0.03181814,-0.9927099,-0.097425,0.07096214,moving,-88.92412,-67.12746,-2.829913,3.969207,-9.739174333731468,1.9164618044261876,111.6554904044926,7.207749649907946,86.28395283003064
2524,05/05/2023 11:22:25.046560,2706,True,True,True,True,Eyes,0.7872829,0.02825234,-1.984655,-0.9988829,-0.04386522,0.01757498,0.0,0.0,0.0,0.0,0.0,0.0,0.0,1.942204,0.1147528,0.8218939,0.6966578,0.01857395,-1.993779,0.04523717,-0.682485,0.02421836,0.7290964,5.682846,273.707,358.4779,0.3921281,0.01384631,-0.919806,-0.2297691,0.00783925,-0.01218576,-1.345525,-0.03789121,-1.955186,-0.09736256,0.1433214,2.035969,0.06725553,-0.02643234,0.9973857,-0.09706241,0.9947341,0.03290717,-0.9930034,-0.09902184,0.06433576,moving,-88.992,-68.16607,-2.73787,4.026677,-9.68888617789488,1.8653677258819137,112.47918768137913,7.279277689698696,86.44361948492309
2525,05/05/2023 11:22:25.056401,2707,True,True,True,True,Eyes,0.782513,0.02772025,-1.984663,-0.9989306,-0.04332224,0.01615201,0.0,0.0,0.0,0.0,0.0,0.0,0.0,1.947259,0.1165486,0.7992461,0.6865394,0.01689706,-1.993132,0.04562993,-0.6847785,0.02412236,0.7269214,5.70322,273.3412,358.4208,0.3897966,0.01378519,-0.9207973,-0.215983,0.007368895,-0.01145461,-1.35615,-0.03786603,-1.963416,-0.09343928,0.1458089,2.036288,0.06099309,-0.02742267,0.9977615,-0.0975629,0.994672,0.03330179,-0.9933587,-0.09937569,0.0579927,moving,-89.07365,-69.55283,-2.627292,4.095688,-9.621193122397408,1.7969164399788018,113.56529846330915,7.361997255842602,86.6361758940526
2526,05/05/2023 11:22:25.076363,2708,True,True,True,True,Eyes,0.7775052,0.02718198,-1.984646,-0.9989904,-0.04248675,0.01460381,0.0,0.0,0.0,0.0,0.0,0.0,0.0,1.952836,0.1139394,0.7751309,0.676374,0.01581136,-1.992397,0.04546121,-0.6873665,0.02492528,0.724458,5.746948,272.9336,358.4806,0.3875044,0.01370631,-0.9217655,-0.203024,0.006926761,-0.01076733,-1.366659,-0.03908226,-1.974763,-0.09088945,0.1474257,2.036496,0.05381198,-0.02638239,0.9982026,-0.09861165,0.994624,0.03160387,-0.99367,-0.1001351,0.0509211,moving,-89.16248,-71.03082,-2.555433,4.140523,-9.549157084282594,1.7240083054229176,114.68003923300628,7.399440508320976,86.79483342668603
2527,05/05/2023 11:22:25.096517,2709,True,True,True,True,Eyes,0.6466557,0.01321323,-1.983137,-0.9993988,-0.01711836,-0.03014724,0.0,0.0,0.0,0.0,0.0,0.0,0.0,1.958256,0.1061983,0.7500737,0.6657503,0.01501972,-1.991282,0.043591,-0.6901767,0.02475103,0.7219027,5.57232,272.5057,358.5932,0.3852381,0.01361119,-0.9227163,-0.1908426,0.006511156,-0.01012129,-1.377804,-0.03198934,-1.98607,-0.08782717,0.1493676,2.036745,0.04608697,-0.02443532,0.9986387,-0.09590666,0.9949744,0.02877175,-0.994323,-0.09710208,0.04351187,moving,88.27218,29.589,-2.469141,4.194361,-4.000412611437904,2.2981922543362576,94.22778266926035,2.4372625340795038,89.33244957865197
2528,05/05/2023 11:22:25.106399,2710,True,True,True,True,Eyes,0.6462417,0.01317588,-1.983126,-0.9993988,-0.01684289,-0.03030601,0.0,0.0,0.0,0.0,0.0,0.0,0.0,1.963366,0.09549116,0.7252579,0.6551457,0.01390304,-1.990104,0.0405568,-0.6930073,0.02402464,0.719388,5.258574,272.0829,358.7544,0.3765748,0.01280217,-0.9262972,-0.5719404,-0.03578575,-0.00498466,-1.388933,-0.02023346,-1.997131,-0.08462626,0.1513973,2.037005,0.03832762,-0.02164624,0.9990308,-0.09077838,0.9955559,0.02505365,-0.9951333,-0.09165064,0.03619225,moving,88.26308,29.06359,-2.378954,4.250606,-3.9734336154672674,2.27169849758488,93.97692537342031,2.541346128974858,89.43128827353023
2529,05/05/2023 11:22:25.127275,2711,True,True,True,True,Eyes,0.645418,0.0130751,-1.98306,-0.9993928,-0.01639655,-0.03074414,0.0,0.0,0.0,0.0,0.0,0.0,0.0,1.968114,0.08712245,0.7002381,0.644884,0.01286485,-1.988807,0.03850041,-0.6958321,0.02407873,0.7167675,5.088892,271.6494,358.9034,0.3693752,0.01211496,-0.9292009,-0.537624,-0.03363861,-0.00468558,-1.399506,-0.01350456,-2.008456,-0.08143828,0.1534187,2.037264,0.03047598,-0.01906193,0.9993537,-0.08809734,0.9958759,0.02168218,-0.9956456,-0.08870119,0.028671,moving,88.23798,28.07202,-2.289142,4.306601,-3.9230014372756496,2.221901654620026,93.59463103110372,2.648672879274146,89.54493214219903
2530,05/05/2023 11:22:25.146237,2712,True,True,True,True,Eyes,0.6442121,0.01288875,-1.982975,-0.9993822,-0.01585392,-0.03136877,0.0,0.0,0.0,0.0,0.0,0.0,0.0,1.97202,0.07817171,0.6760926,0.6342723,0.01118522,-1.987373,0.0357834,-0.6984501,0.02352713,0.7143763,4.817988,271.2521,359.0586,0.363358,0.01152604,-0.9315778,-0.5053666,-0.03162029,-0.004404446,-1.41038,-0.003789654,-2.018376,-0.07823856,0.1554475,2.037524,0.0232279,-0.01637139,0.9995961,-0.08360029,0.996332,0.01826057,-0.9962286,-0.08399068,0.02177399,moving,88.20218,26.81225,-2.199012,4.362777,-3.859166884058364,2.1587359156437094,93.14695031507253,2.759331683685978,89.66906999709232
2531,05/05/2023 11:22:25.161224,2713,True,True,True,True,Eyes,0.6426443,0.01267239,-1.98284,-0.9993569,-0.01555708,-0.03230741,0.0,0.0,0.0,0.0,0.0,0.0,0.0,1.975616,0.07206075,0.6516054,0.6239428,0.008874823,-1.985814,0.0342827,-0.701062,0.02426835,0.7118624,4.751618,270.8437,359.2228,0.3579713,0.01099305,-0.9336674,-0.4750446,-0.02972307,-0.004140179,-1.420807,-0.002047686,-2.028698,-0.07512912,0.1574194,2.037777,0.01584636,-0.01351714,0.9997833,-0.08262004,0.9964715,0.01478189,-0.9964553,-0.08283635,0.01467365,moving,88.14838,25.71234,-2.111434,4.417358,-3.804807577835991,2.1041630026149285,92.7378578666497,2.866772605220091,89.80959943417605
2532,05/05/2023 11:22:25.177217,2714,True,True,True,True,Eyes,0.6407129,0.01260584,-1.98268,-0.9993173,-0.01554776,-0.03351188,2.064984,-1.422861,-0.01950003,-2.051882,0.5349604,-0.4763253,-0.6978048,-0.08226825,0.1514835,2.030589,0.6137289,0.007976111,-1.98441,0.03536565,-0.7039564,0.02710308,0.7088444,5.065599,270.3675,359.3461,0.3530478,0.01050286,-0.9355459,-0.4465419,-0.02793969,-0.003891768,-1.430907,-0.01233985,-2.041397,-0.07192521,0.1594506,2.038038,0.007421711,-0.01136803,0.999908,-0.08821549,0.9960294,0.01197871,-0.9960738,-0.08829626,0.006389379,moving,88.07932,24.88883,-2.021209,4.473556,-3.7658636613193073,2.064040956344315,92.38446156456678,2.974824807088015,89.96923014525635
2533,05/05/2023 11:22:25.196458,2715,True,True,True,True,Eyes,0.6383904,0.01263144,-1.98247,-0.9992749,-0.01506575,-0.03496682,2.066986,-1.427097,-0.01850925,-2.054746,0.9394649,0.3423865,-0.01331335,-0.0689287,0.1652748,2.023772,0.6030871,0.01155854,-1.982863,0.03840689,-0.7069229,0.02995076,0.7056118,5.540336,269.8601,359.3073,0.3485278,0.01005849,-0.937244,-0.4197494,-0.02626331,-0.003658262,-1.4412,-0.02364697,-2.05455,-0.06865289,0.1615257,2.038305,-0.001274174,-0.0120342,0.9999269,-0.09656865,0.9952558,0.01185495,-0.9953256,-0.09654647,-0.002430214,moving,87.99592,23.3092,-1.929071,4.530942,-3.688170025220539,1.985823483493412,91.86472108412806,3.093874212633174,90.14292654556392
2534,05/05/2023 11:22:25.206408,2716,True,True,True,True,Eyes,0.6357659,0.01262926,-1.982226,-0.9992277,-0.01447512,-0.03653115,0.0,0.0,0.0,0.0,0.0,0.0,0.0,1.986513,0.06539907,0.570313,0.5914135,0.0137073,-1.981366,0.03535977,-0.7098037,0.02480765,0.7030741,4.87247,269.4167,359.1194,0.3443561,0.009659898,-0.9387889,-0.3945644,-0.02468751,-0.003438766,-1.453013,0.00450135,-2.065114,-0.06545363,0.163554,2.038564,-0.008873288,-0.01531376,0.9998434,-0.08508021,0.9962685,0.01450395,-0.9963347,-0.0849382,-0.01014305,moving,87.90623,21.61548,-1.839004,4.587014,-3.604881151969328,1.9019635149803056,91.34645959219169,3.213692303714187,90.32021303421763
2535,05/05/2023 11:22:25.226418,2717,True,True,True,True,Eyes,0.6328337,0.01275703,-1.98195,-0.9991584,-0.01441786,-0.03840164,0.0,0.0,0.0,0.0,0.0,0.0,0.0,1.98921,0.06237841,0.5466962,0.5815629,0.01300103,-1.980237,0.03459193,-0.712283,0.02458006,0.7006087,4.78901,269.0175,359.1469,0.3404863,0.009301224,-0.940203,-0.3708906,-0.02320626,-0.00323244,-1.462709,0.008662064,-2.075143,-0.06231018,0.1655472,2.03882,-0.01590239,-0.01483649,0.9997636,-0.08372048,0.9963984,0.0134549,-0.9963626,-0.08348672,-0.0170872,moving,87.79898,20.5786,-1.750522,4.642092,-3.5570848250889258,1.851965725157844,90.95650386685973,3.3239244682389892,90.51580388880654
2536,05/05/2023 11:22:25.246425,2718,True,True,True,True,Eyes,0.6295636,0.01297966,-1.981673,-0.9990865,-0.01385126,-0.04042657,0.0,0.0,0.0,0.0,0.0,0.0,0.0,1.992828,0.05854651,0.5184236,0.5712769,0.01634789,-1.979123,0.03802958,-0.7152529,0.03008379,0.6971816,5.512451,268.4995,359.2831,0.3368761,0.008984818,-0.9415057,-0.3486371,-0.02181388,-0.003038494,-1.47235,-0.01199291,-2.089665,-0.05908902,0.1675899,2.039083,-0.02498326,-0.0124538,0.9996103,-0.09634925,0.9952974,0.009992013,-0.995034,-0.09606206,-0.02606561,moving,87.68288,18.91287,-1.659866,4.698515,-3.4768735028183544,1.7702059395119187,90.46642554498624,3.44623130666454,90.71997496248686
2537,05/05/2023 11:22:25.256617,2719,True,True,True,True,Eyes,0.6260306,0.01331187,-1.981383,-0.9989941,-0.01346153,-0.04277484,0.0,0.0,0.0,0.0,0.0,0.0,0.0,1.995932,0.04668952,0.4914305,0.5599017,0.01872906,-1.978279,0.03395943,-0.7183001,0.02677104,0.6943883,4.911756,268.0319,359.3325,0.3334849,0.008711027,-0.9427148,-0.3277189,-0.02050505,-0.002856184,-1.483474,0.01376511,-2.102414,-0.05586669,0.1696333,2.039344,-0.03334341,-0.01160713,0.9993766,-0.0859651,0.9962601,0.008702775,-0.9957401,-0.08562133,-0.0342165,moving,87.54821,17.46914,-1.569193,4.754936,-3.409428625677326,1.7002145456809874,90.01978949552162,3.5662011050260305,90.94339880915724
2538,05/05/2023 11:22:25.276537,2720,True,True,True,True,Eyes,0.6221774,0.01378521,-1.981051,-0.9988905,-0.01287838,-0.04529832,0.0,0.0,0.0,0.0,0.0,0.0,0.0,1.999715,0.04157136,0.4618149,0.5500894,0.02172164,-1.977572,0.03489282,-0.7217332,0.02855946,0.6907013,5.130566,267.4547,359.3721,0.3302803,0.008480957,-0.9438444,-0.3080558,-0.01927475,-0.002684813,-1.49248,0.01089742,-2.119157,-0.05261828,0.171693,2.039609,-0.0434287,-0.01091449,0.998997,-0.08981871,0.9959337,0.006976408,-0.995011,-0.08942565,-0.04423237,moving,87.4035,15.87053,-1.477801,4.811778,-3.334479631578767,1.622601770001534,89.56663253271334,3.6902710695758425,91.17655908968881
2539,05/05/2023 11:22:25.296638,2721,True,True,True,True,Eyes,0.6180429,0.01432973,-1.980733,-0.9987772,-0.01174882,-0.04802221,0.0,0.0,0.0,0.0,0.0,0.0,0.0,2.002603,0.03947796,0.4328427,0.5386182,0.02554538,-1.97701,0.03470061,-0.724847,0.02658388,0.6875218,4.9481,266.9382,359.2091,0.3272302,0.008297106,-0.9449078,-0.2895724,-0.01811826,-0.002523724,-1.503252,0.02332426,-2.133334,-0.04944004,0.1737082,2.039867,-0.0522197,-0.01375126,0.9985411,-0.08685924,0.9961784,0.009176351,-0.9948512,-0.08625332,-0.05321455,moving,87.24728,13.74759,-1.3884,4.867372,-3.232755224120295,1.5186118968953355,89.07941423690394,3.8230668867919877,91.41642404175374
2540,05/05/2023 11:22:25.306367,2722,True,True,True,True,Eyes,0.6136752,0.01485153,-1.980452,-0.9986562,-0.01058909,-0.0507324,0.0,0.0,0.0,0.0,0.0,0.0,0.0,2.005229,0.03787651,0.4064777,0.5277663,0.02769455,-1.976941,0.03133416,-0.7277368,0.02015381,0.6848442,4.143307,266.4841,358.9658,0.3243066,0.008158337,-0.9459165,-0.2721981,-0.01703117,-0.002372301,-1.513351,0.05657196,-2.145162,-0.04591511,0.1759432,2.040155,-0.06001373,-0.01800161,0.9980354,-0.07321047,0.997224,0.01358471,-0.9955094,-0.07225136,-0.06116501,moving,87.09184,11.78976,-1.289264,4.929,-3.1396358002728952,1.4230009437045088,88.64699415116351,3.9643290960754043,91.66496163518119
2541,05/05/2023 11:22:25.326423,2723,True,True,True,True,Eyes,0.6090506,0.01534531,-1.980207,-0.9985127,-0.009455619,-0.05369306,0.0,0.0,0.0,0.0,0.0,0.0,0.0,2.008107,0.04187932,0.3794529,0.5178102,0.02767102,-1.977205,0.03204675,-0.7306216,0.01885929,0.6817694,4.086073,265.9948,358.7872,0.3214861,0.008059109,-0.9468796,-0.2558662,-0.0160093,-0.002229963,-1.522374,0.06046066,-2.159429,-0.04304992,0.1777601,2.040388,-0.06832702,-0.02111273,0.9974395,-0.07254348,0.9972347,0.01613898,-0.9950221,-0.071255,-0.06966975,moving,86.922,9.987668,-1.208698,4.97908,-3.055556047554972,1.335680938674077,88.27290571699193,4.084757198156235,91.90920522236297
2542,05/05/2023 11:22:25.346470,2724,True,True,True,True,Eyes,0.6041885,0.01581199,-1.979998,-0.9983508,-0.008319111,-0.05680193,0.0,0.0,0.0,0.0,0.0,0.0,0.0,2.011158,0.04317703,0.3503442,0.5070518,0.0274954,-1.977752,0.03241379,-0.7337152,0.01829369,0.6784371,4.061439,265.4703,358.6935,0.3187463,0.007994165,-0.947806,-0.2405142,-0.01504874,-0.002096165,-1.532046,0.06316563,-2.175142,-0.03984402,0.1797934,2.040648,-0.07734526,-0.02274275,0.996745,-0.0723872,0.9972294,0.01713672,-0.9943732,-0.07082614,-0.07877728,moving,86.74362,8.332202,-1.118568,5.035102,-2.9796810532138203,1.256038290480805,87.92402941492925,4.212489088110241,92.17133931540138
2543,05/05/2023 11:22:25.366176,2725,True,True,True,True,Eyes,0.5990905,0.01627978,-1.979842,-0.9981557,-0.007187339,-0.06027867,0.0,0.0,0.0,0.0,0.0,0.0,0.0,2.014374,0.04298323,0.3189857,0.4965202,0.02731691,-1.978388,0.03201603,-0.7372391,0.01721152,0.6746537,3.932286,264.8765,358.6225,0.3160681,0.007958828,-0.9487028,-0.2260834,-0.01414582,-0.001970395,-1.541051,0.06960072,-2.193432,-0.03660537,0.181847,2.040912,-0.087635,-0.0239833,0.995864,-0.07043055,0.9973574,0.01782145,-0.9936599,-0.06857746,-0.08909263,moving,86.54411,6.799572,-1.027535,5.091657,-2.911531968839788,1.1831852742527058,87.58829820046311,4.3388472904175295,92.45528991251066
2544,05/05/2023 11:22:25.376802,2726,True,True,True,True,Eyes,0.5937586,0.01675447,-1.979764,-0.9979402,-0.005886417,-0.06388091,0.0,0.0,0.0,0.0,0.0,0.0,0.0,2.017951,0.04361156,0.2843506,0.485895,0.02768172,-1.979399,0.03241106,-0.7412306,0.01670013,0.6702597,3.910892,264.1927,358.5261,0.3134339,0.00795023,-0.9495764,-0.2125184,-0.01329707,-0.001852171,-1.549708,0.07271989,-2.21522,-0.03338538,0.1838885,2.041173,-0.09940326,-0.02566129,0.9947163,-0.07043498,0.9973413,0.01869035,-0.9925513,-0.06820495,-0.1009464,moving,86.33733,5.264751,-0.9370447,5.147857,-2.8437114614499244,1.110406993658791,87.27445298300778,4.465017434783718,92.74486472425372
2545,05/05/2023 11:22:25.396687,2727,True,True,True,True,Eyes,0.4549644,0.0286404,-1.9795,-0.9862115,0.03401196,-0.1619567,0.0,0.0,0.0,0.0,0.0,0.0,0.0,2.021232,0.04280589,0.2483654,0.4748444,0.02840237,-1.980559,0.03069848,-0.7454361,0.01359234,0.6657313,3.505152,263.486,358.4115,0.3108272,0.007966065,-0.9504327,-0.1997673,-0.01249924,-0.001741041,-1.558183,0.09009761,-2.237587,-0.02989948,0.1860986,2.041457,-0.1117192,-0.02766981,0.9933547,-0.06386518,0.9977457,0.02060944,-0.9916856,-0.06113831,-0.1132344,moving,80.67406,-11.86013,-0.8391024,5.20867,-2.2916873261666684,0.3843294817689768,83.28108775639745,5.038279905242681,98.26781733557246
2546,05/05/2023 11:22:25.406406,2728,True,True,True,True,Eyes,0.4545426,0.02865281,-1.979585,-0.9861714,0.03411225,-0.1621799,0.0,0.0,0.0,0.0,0.0,0.0,0.0,2.024304,0.04174315,0.2126744,0.4640489,0.02882678,-1.982072,0.02838231,-0.7496009,0.01001806,0.6612055,3.012405,262.7853,358.3185,0.300161,0.008680753,-0.9538487,-0.6041639,0.02390851,-0.000845148,-1.56581,0.1098983,-2.260712,-0.02703503,0.187915,2.04169,-0.1240035,-0.02930281,0.991849,-0.05579881,0.9981881,0.02251399,-0.9907116,-0.05255218,-0.1254138,moving,80.66106,-11.87821,-0.7586375,5.25863,-2.2915327149554363,0.3837427162797109,83.20359623343877,5.110214649993781,98.35782581264847
2547,05/05/2023 11:22:25.426334,2729,True,True,True,True,Eyes,0.4537145,0.02868105,-1.979757,-0.9860527,0.03433022,-0.1628542,0.0,0.0,0.0,0.0,0.0,0.0,0.0,2.027034,0.04038616,0.1777613,0.4534902,0.02910258,-1.983833,0.0269198,-0.753595,0.007978003,0.6567392,2.715859,262.1017,358.2735,0.2913505,0.009284476,-0.956571,-0.5679141,0.022474,-0.0007944391,-1.573245,0.1226421,-2.283396,-0.02394953,0.1898713,2.04194,-0.1359382,-0.03009432,0.9902602,-0.05105219,0.9984233,0.02333421,-0.9894012,-0.04738294,-0.1372602,moving,80.62182,-11.90386,-0.6719806,5.312415,-2.2925817719568284,0.3834428964208993,83.09682389157955,5.1885560762517375,98.4792123312667
2548,05/05/2023 11:22:25.446400,2730,True,True,True,True,Eyes,0.4525067,0.02871006,-1.980031,-0.9859188,0.03438576,-0.1636511,0.0,0.0,0.0,0.0,0.0,0.0,0.0,2.02956,0.03785922,0.1433189,0.4429366,0.02948383,-1.985956,0.02585202,-0.7574577,0.007005986,0.6523347,2.541432,261.4329,358.2779,0.2840364,0.009797171,-0.9587631,-0.5338392,0.02112556,-0.0007467727,-1.580705,0.1311919,-2.305932,-0.02072489,0.1919162,2.042203,-0.1475826,-0.03002312,0.9885941,-0.04830411,0.9985652,0.02311485,-0.9878697,-0.04434181,-0.1488211,moving,80.57549,-11.86616,-0.5814348,5.368607,-2.2973830904294514,0.3865471739016035,82.96676223968936,5.269288248544706,98.6122561294957
2549,05/05/2023 11:22:25.461378,2731,True,True,True,True,Eyes,0.4509524,0.02872565,-1.980411,-0.9857131,0.03427822,-0.1649084,0.0,0.0,0.0,0.0,0.0,0.0,0.0,2.031862,0.03649889,0.108325,0.4325939,0.02956856,-1.988346,0.02596031,-0.7613651,0.007274702,0.6477627,2.562528,260.743,358.2731,0.2779231,0.01023449,-0.9605484,-0.5018089,0.01985803,-0.0007019663,-1.587957,0.1324461,-2.329484,-0.01751721,0.19395,2.042464,-0.1594595,-0.03010599,0.9867454,-0.04895511,0.9985463,0.02255482,-0.98599,-0.04470964,-0.1607016,moving,80.50246,-11.74241,-0.4913856,5.424474,-2.3083222693091265,0.3947124857381539,82.79314543696293,5.347874320758647,98.77228303468317
2550,05/05/2023 11:22:25.476666,2732,True,True,True,True,Eyes,0.4490773,0.02873668,-1.980913,-0.9854889,0.03379894,-0.1663407,0.0,0.0,0.0,0.0,0.0,0.0,0.0,2.034111,0.03722068,0.07279062,0.4227431,0.02929928,-1.99116,0.02753293,-0.7653419,0.008722972,0.6429757,2.794743,260.025,358.2256,0.2723698,0.01062694,-0.9621336,-0.4717003,0.01866654,-0.0006598484,-1.594712,0.1258003,-2.354344,-0.01430827,0.1959848,2.042725,-0.1716484,-0.03092689,0.9846728,-0.05336153,0.9983317,0.0220539,-0.9837121,-0.04875813,-0.1730123,moving,80.41935,-11.48563,-0.4013219,5.480346,-2.326847635277475,0.4099029866466925,82.58223385208241,5.423747939283244,98.94448113913906
2551,05/05/2023 11:22:25.496490,2733,True,True,True,True,Eyes,0.4469027,0.02875168,-1.981539,-0.9851966,0.03313224,-0.1681964,0.0,0.0,0.0,0.0,0.0,0.0,0.0,2.036005,0.04079476,0.03679204,0.4131177,0.02928569,-1.994194,0.03023134,-0.7693407,0.01028124,0.6380402,3.118268,259.288,358.0833,0.267272,0.01098039,-0.9635582,-0.4433983,0.01754655,-0.0006202575,-1.601085,0.1161866,-2.379688,-0.01102027,0.1980697,2.042992,-0.1839817,-0.03339671,0.9823623,-0.05963608,0.9979607,0.02275807,-0.981119,-0.05439717,-0.1855982,moving,80.31166,-11.14376,-0.3090609,5.537564,-2.351331254661255,0.4300513938563277,82.32841070267708,5.500686613818745,99.14435503850169
2552,05/05/2023 11:22:25.506144,2734,True,True,True,True,Eyes,0.4444574,0.02876537,-1.982321,-0.984901,0.03226582,-0.1700855,0.0,0.0,0.0,0.0,0.0,0.0,0.0,2.037734,0.04765708,0.001667261,0.403766,0.02945368,-1.997683,0.03351056,-0.7731609,0.01112066,0.6332265,3.4189,258.571,357.8336,0.2625702,0.01129893,-0.9648464,-0.4167944,0.01649376,-0.000583042,-1.607017,0.1074153,-2.404591,-0.007960498,0.2000099,2.043241,-0.1958028,-0.03773431,0.979917,-0.06590188,0.9975068,0.02524343,-0.9784265,-0.05963565,-0.1978013,moving,80.20206,-10.74157,-0.2232241,5.590789,-2.379092421793243,0.4533171043835002,82.06687683268197,5.57147966873801,99.34116605551777
2553,05/05/2023 11:22:25.526345,2735,True,True,True,True,Eyes,0.4417438,0.02876988,-1.98324,-0.9845383,0.03138486,-0.1723352,0.0,0.0,0.0,0.0,0.0,0.0,0.0,2.039145,0.05394099,-0.03187203,0.394668,0.02947106,-2.00135,0.03625897,-0.7767424,0.01153728,0.6286681,3.641462,257.8946,357.5983,0.2582116,0.01158597,-0.9660185,-0.3917868,0.01550413,-0.0005480595,-1.6127,0.101362,-2.428048,-0.004715592,0.2020673,2.043505,-0.2069237,-0.04182152,0.9774628,-0.07083401,0.9971043,0.02766672,-0.9757895,-0.06351271,-0.2092869,moving,80.07144,-10.32132,-0.1322155,5.647206,-2.40908202523988,0.4780398329762652,81.77787095648404,5.648398006166064,99.563994641031
2554,05/05/2023 11:22:25.546374,2736,True,True,True,True,Eyes,0.4387867,0.02876324,-1.984333,-0.9841445,0.03087408,-0.1746608,0.0,0.0,0.0,0.0,0.0,0.0,0.0,2.040601,0.05628479,-0.06454182,0.3855173,0.02927031,-2.005469,0.03739541,-0.7802022,0.01158228,0.6243013,3.713363,257.2504,357.4792,0.2541489,0.01184418,-0.9670922,-0.3682795,0.01457389,-0.0005151759,-1.618207,0.1004503,-2.451188,-0.001503319,0.2041043,2.043766,-0.2176993,-0.04389031,0.9750286,-0.07281363,0.9969348,0.02861897,-0.9732962,-0.06476504,-0.2202278,moving,79.93624,-10.02439,-0.04214463,5.703032,-2.4328884027103905,0.4966067557667544,81.51008410491491,5.729094135248847,99.78827760517152
2555,05/05/2023 11:22:25.556513,2737,True,True,True,True,Eyes,0.4355958,0.02874227,-1.985568,-0.9836758,0.030387,-0.1773655,0.0,0.0,0.0,0.0,0.0,0.0,0.0,2.041799,0.05462477,-0.09779668,0.3764832,0.02894736,-2.009704,0.03754195,-0.7837792,0.01199758,0.6197879,3.746547,256.5891,357.4741,0.2503398,0.01207582,-0.9680824,-0.3461828,0.01369945,-0.0004842654,-1.623152,0.1008203,-2.475376,0.001726508,0.2061522,2.044029,-0.2289074,-0.04397728,0.9724544,-0.0737211,0.9968933,0.02772917,-0.9706527,-0.06534299,-0.2314384,moving,79.77888,-9.721767,0.04839541,5.759139,-2.458344654777796,0.5160308020212705,81.21950888510139,5.811534163030787,100.0348780468294
2556,05/05/2023 11:22:25.576864,2738,True,True,True,True,Eyes,0.4321782,0.02871411,-1.98693,-0.9831606,0.03043723,-0.1801912,0.0,0.0,0.0,0.0,0.0,0.0,0.0,2.042873,0.05006257,-0.1317556,0.3676686,0.02857998,-2.014249,0.03691905,-0.7874875,0.01261175,0.6150947,3.742965,255.9057,357.5514,0.246747,0.01228282,-0.9690017,-0.3254118,0.01287748,-0.0004552094,-1.627379,0.1024785,-2.500891,0.004949331,0.2081958,2.044291,-0.2405914,-0.04263175,0.9696898,-0.07366141,0.9969558,0.02555422,-0.9678273,-0.06528059,-0.2429993,moving,79.61423,-9.587686,0.1387157,5.815099,-2.47541311361548,0.5270680722040324,80.95432761134965,5.898893162916358,100.28517300686813
2557,05/05/2023 11:22:25.596325,2739,True,True,True,True,Eyes,0.4285538,0.02866299,-1.988436,-0.9825703,0.03056369,-0.1833615,0.0,0.0,0.0,0.0,0.0,0.0,0.0,2.043495,0.0440288,-0.1658354,0.3588796,0.02834038,-2.018839,0.03573471,-0.7912081,0.01308618,0.6103618,3.688384,255.2203,357.6699,0.2433376,0.01246724,-0.9698612,-0.3058871,0.01210484,-0.0004278969,-1.631207,0.1060593,-2.5267,0.008080691,0.2101811,2.044545,-0.2523632,-0.04057257,0.9667817,-0.07252178,0.9971035,0.0229144,-0.9649111,-0.06432997,-0.2545746,moving,79.42938,-9.463365,0.2264499,5.869439,-2.4932020957372103,0.5381261984769306,80.67340959032227,5.98493134176167,100.55249876496951
2558,05/05/2023 11:22:25.606204,2740,True,True,True,True,Eyes,0.4247538,0.02856691,-1.990121,-0.9819466,0.03108925,-0.186586,0.0,0.0,0.0,0.0,0.0,0.0,0.0,2.044029,0.03581924,-0.1987219,0.3502857,0.02771626,-2.0237,0.03369845,-0.7947662,0.01358377,0.6058272,3.578885,254.5679,357.8694,0.240082,0.01263017,-0.9706701,-0.2875338,0.01137855,-0.0004022231,-1.634861,0.1114184,-2.551617,0.01147181,0.2123317,2.044822,-0.2636758,-0.03710596,0.9638974,-0.07002361,0.9973598,0.01923904,-0.9620665,-0.06242271,-0.265578,moving,79.24113,-9.459807,0.321436,5.928275,-2.5048698829719163,0.5431283692569,80.40591501060328,6.081760368406949,100.82755124216291
2559,05/05/2023 11:22:25.626324,2741,True,True,True,True,Eyes,0.4207883,0.02842997,-1.991955,-0.9812475,0.03152474,-0.1901565,0.0,0.0,0.0,0.0,0.0,0.0,0.0,2.044305,0.02638057,-0.2311044,0.3420092,0.02647513,-2.028698,0.03159117,-0.7982511,0.01468904,0.6013165,3.522681,253.923,358.1185,0.2369555,0.01277144,-0.9714362,-0.2702818,0.01069583,-0.0003780897,-1.637954,0.1140963,-2.576884,0.01453495,0.2142742,2.045071,-0.2748412,-0.03276984,0.9609311,-0.06810088,0.9975724,0.0145415,-0.9590749,-0.06144366,-0.2764056,moving,79.03256,-9.41306,0.407212,5.981396,-2.520040293744139,0.5508479049827031,80.11825399780652,6.16925105693765,101.11433334704496
2560,05/05/2023 11:22:25.646616,2742,True,True,True,True,Eyes,0.4166659,0.02825414,-1.993951,-0.9805061,0.0321907,-0.1938337,0.0,0.0,0.0,0.0,0.0,0.0,0.0,2.044322,0.01700391,-0.2642071,0.3340462,0.02537059,-2.033991,0.03048065,-0.8018027,0.0167602,0.5965758,3.626078,253.2492,358.3417,0.2339361,0.01289115,-0.9721662,-0.2540649,0.01005408,-0.0003554043,-1.640519,0.1112341,-2.603332,0.01765597,0.2162528,2.045325,-0.2863368,-0.02888148,0.9576937,-0.06887639,0.9975801,0.009491296,-0.9556503,-0.06324477,-0.2876332,moving,78.81753,-9.429267,0.4945852,6.035476,-2.532305607214826,0.5555305098585865,79.8350922727587,6.260341087650324,101.40743166171858
2561,05/05/2023 11:22:25.657422,2743,True,True,True,True,Eyes,0.4124004,0.02803264,-1.996108,-0.9796908,0.03286501,-0.1978022,0.0,0.0,0.0,0.0,0.0,0.0,0.0,2.044021,0.01136022,-0.2973363,0.3260613,0.02422798,-2.039524,0.02948822,-0.8053052,0.01764339,0.5918637,3.630549,252.58,358.4722,0.2310043,0.01298948,-0.9728658,-0.238821,0.009450838,-0.00033408,-1.642921,0.1119064,-2.629371,0.02085376,0.2182807,2.045585,-0.2976557,-0.02660907,0.9543024,-0.06837898,0.9976383,0.006489376,-0.9522213,-0.06332263,-0.2987722,moving,78.58528,-9.433563,0.5840828,6.09088,-2.546245358654586,0.5612600224825752,79.53109514582039,6.354183777372639,101.719413945127
2562,05/05/2023 11:22:25.676580,2744,True,True,True,True,Eyes,0.4080219,0.02777274,-1.99847,-0.9788672,0.03357783,-0.2017213,0.0,0.0,0.0,0.0,0.0,0.0,0.0,2.043782,0.009686605,-0.3295224,0.3183331,0.0229031,-2.045448,0.02889921,-0.8086408,0.01764649,0.5873277,3.582515,251.9362,358.5067,0.2281436,0.01306623,-0.9735396,-0.2244918,0.008883787,-0.0003140352,-1.64521,0.1143185,-2.654399,0.0241757,0.2203868,2.045856,-0.3084227,-0.02600962,0.9508941,-0.0674667,0.9977068,0.005407272,-0.9488542,-0.06248594,-0.3094701,moving,78.35571,-9.450607,0.6770277,6.148392,-2.559353601090968,0.5662724274182587,79.22945445770995,6.452458666946378,102.03158765624966
2563,05/05/2023 11:22:25.696614,2745,True,True,True,True,Eyes,0.4035187,0.02748729,-2.000998,-0.9779814,0.03427904,-0.2058572,0.0,0.0,0.0,0.0,0.0,0.0,0.0,2.043555,0.009243181,-0.3601878,0.3108522,0.02166259,-2.051546,0.02931559,-0.8117197,0.01821679,0.5830268,3.655508,251.3282,358.487,0.2253396,0.01312159,-0.9741916,-0.2110223,0.00835076,-0.0002951931,-1.647664,0.1123838,-2.678289,0.02739435,0.2224282,2.046118,-0.3184412,-0.02635034,0.9475765,-0.06883382,0.9976175,0.004609701,-0.9454404,-0.06375738,-0.3194963,moving,78.11323,-9.454063,0.7670559,6.204113,-2.5739612982734474,0.5723066652088642,78.9152021067835,6.548254615678328,102.35364071444313
2564,05/05/2023 11:22:25.706336,2746,True,True,True,True,Eyes,0.3989299,0.02716565,-2.00373,-0.9770961,0.03504327,-0.2098933,0.0,0.0,0.0,0.0,0.0,0.0,0.0,2.043524,0.01054624,-0.3894114,0.3033206,0.02075912,-2.057986,0.02952042,-0.8145543,0.01788836,0.5790595,3.630985,250.7675,358.4282,0.2225798,0.01315635,-0.9748255,-0.1983609,0.007849714,-0.0002774815,-1.650476,0.114296,-2.70061,0.03067791,0.2245097,2.046385,-0.3276375,-0.02737513,0.9444069,-0.06880882,0.9976171,0.005046084,-0.9422947,-0.06333023,-0.3287404,moving,77.87634,-9.478537,0.8588724,6.260904,-2.587126618464647,0.5771285862940054,78.60928900905752,6.64681970484442,102.67120604331292
2565,05/05/2023 11:22:25.726534,2747,True,True,True,True,Eyes,0.3942477,0.02680904,-2.00663,-0.9761618,0.03577736,-0.2140753,0.0,0.0,0.0,0.0,0.0,0.0,0.0,2.043794,0.01145756,-0.4163449,0.2962969,0.01949983,-2.064557,0.02942745,-0.817111,0.01756108,0.5754611,3.587191,250.2611,358.3993,0.2198538,0.01317072,-0.9754437,-0.1864593,0.007378731,-0.0002608326,-1.653054,0.1163551,-2.721595,0.03362083,0.2263763,2.046625,-0.3359573,-0.02787956,0.9414647,-0.06830242,0.9976513,0.005170017,-0.9393976,-0.0625674,-0.3370726,moving,77.63068,-9.487877,0.9411392,6.311804,-2.601619913417873,0.5829449553575814,78.30016339584884,6.735797509507441,102.98835352569178
2566,05/05/2023 11:22:25.746434,2748,True,True,True,True,Eyes,0.3894869,0.02641701,-2.009729,-0.975216,0.03653727,-0.2182173,0.0,0.0,0.0,0.0,0.0,0.0,0.0,2.044477,0.01087735,-0.4415588,0.289336,0.01830429,-2.071455,0.02931763,-0.8193995,0.01771197,0.5721988,3.587764,249.8044,358.4052,0.2171529,0.01316495,-0.9760486,-0.1752717,0.006936007,-0.0002451827,-1.656215,0.1170954,-2.741059,0.03687608,0.2284404,2.046889,-0.3434582,-0.02777616,0.9387572,-0.06831523,0.9976535,0.004524661,-0.93668,-0.06257739,-0.3445499,moving,77.38709,-9.505166,1.03211,6.36807,-2.61557039375933,0.5883039570269557,77.9874515028674,6.834564197263824,103.31133172698526
2567,05/05/2023 11:22:25.756569,2749,True,True,True,True,Eyes,0.3846525,0.02599267,-2.013005,-0.9742261,0.03727539,-0.2224726,0.0,0.0,0.0,0.0,0.0,0.0,0.0,2.04537,0.009643827,-0.465982,0.2824109,0.01700935,-2.078635,0.02912131,-0.8215527,0.01803456,0.5691029,3.599322,249.3727,358.4312,0.2144693,0.01313924,-0.9766421,-0.1647554,0.006519847,-0.0002304717,-1.659516,0.1173121,-2.760092,0.04005367,0.2304551,2.047148,-0.3505481,-0.02732235,0.9361464,-0.06837641,0.9976534,0.003513372,-0.9340457,-0.06277871,-0.3515936,moving,77.1366,-9.511584,1.120883,6.422961,-2.630511396285653,0.5943926626331884,77.66787595512776,6.931462239660425,103.63898461570265
2568,05/05/2023 11:22:25.776676,2750,True,True,True,True,Eyes,0.3797518,0.02556305,-2.016464,-0.9732206,0.0380621,-0.2267002,0.0,0.0,0.0,0.0,0.0,0.0,0.0,2.046529,0.008344281,-0.4896517,0.2757697,0.01580959,-2.086099,0.02877742,-0.823613,0.01822239,0.5661284,3.589052,248.9589,358.463,0.2117967,0.01309394,-0.9772258,-0.1548701,0.006128656,-0.0002166434,-1.662651,0.118431,-2.778772,0.0432573,0.2324863,2.047408,-0.3573411,-0.0267705,0.9335902,-0.06803534,0.9976796,0.00256704,-0.9314926,-0.06259982,-0.3583333,moving,76.88745,-9.530852,1.210356,6.478274,-2.6446972708595444,0.5997933900642907,77.35188861022536,7.029791604489779,103.96539456936767
2569,05/05/2023 11:22:25.797075,2751,True,True,True,True,Eyes,0.374782,0.02514654,-2.020112,-0.9721778,0.03890825,-0.2309901,0.0,0.0,0.0,0.0,0.0,0.0,0.0,2.047819,0.006625745,-0.5126822,0.2691889,0.0151854,-2.093742,0.02836189,-0.8255754,0.01830399,0.5632814,3.564613,248.5638,358.4952,0.2091297,0.01303071,-0.9778008,-0.1455779,0.005760937,-0.0002036448,-1.665854,0.1206251,-2.797001,0.04643726,0.234503,2.047666,-0.3638195,-0.02620916,0.9311008,-0.06745034,0.9977211,0.001728797,-0.9290242,-0.0621741,-0.3647582,moving,76.63432,-9.561219,1.299139,6.53317,-2.6585442440443874,0.6047314580185876,77.0351793246831,7.128088117177032,104.29441328603718
2570,05/05/2023 11:22:25.806614,2752,True,True,True,True,Eyes,0.3697599,0.02472486,-2.023952,-0.9710226,0.04002267,-0.2356125,0.0,0.0,0.0,0.0,0.0,0.0,0.0,2.049731,0.00618771,-0.5344124,0.2625245,0.01506457,-2.101877,0.02757999,-0.8273254,0.01752063,0.5607718,3.435374,248.2151,358.5083,0.2064633,0.01295189,-0.9783684,-0.1368432,0.00541528,-0.0001914261,-1.669608,0.1272002,-2.813806,0.0498299,0.236654,2.047942,-0.3695487,-0.0259851,0.928848,-0.06528539,0.9978648,0.001941643,-0.9269151,-0.05992267,-0.370456,moving,76.36113,-9.640609,1.393829,6.591691,-2.6710456324845104,0.6076895471293424,76.70452256884597,7.234049983638088,104.64665317066336
2571,05/05/2023 11:22:25.832045,2753,True,True,True,True,Eyes,0.3647015,0.02425695,-2.027983,-0.969826,0.04119381,-0.2402925,0.0,0.0,0.0,0.0,0.0,0.0,0.0,2.051862,0.007264253,-0.5555923,0.2562129,0.01440585,-2.110218,0.02605982,-0.8290395,0.01582358,0.5583586,3.172264,247.88,358.5343,0.2037942,0.01285877,-0.978929,-0.1286326,0.005090363,-0.0001799405,-1.67268,0.1378584,-2.830592,0.05288255,0.2385898,2.048191,-0.3751135,-0.02553878,0.9266272,-0.0608797,0.998141,0.00286471,-0.9249777,-0.05533818,-0.375971,moving,76.08414,-9.727764,1.479,6.644331,-2.683371858956176,0.6103499624097735,76.38044520103706,7.330366065499643,104.99288446590576
2572,05/05/2023 11:22:25.846158,2754,True,True,True,True,Eyes,0.3596274,0.02373306,-2.032214,-0.9685332,0.04216632,-0.2452863,0.0,0.0,0.0,0.0,0.0,0.0,0.0,2.053961,0.005386224,-0.5773208,0.2502443,0.01281208,-2.118796,0.02456846,-0.830834,0.01538917,0.5557648,3.03123,247.523,358.639,0.2011198,0.01275046,-0.9794834,-0.1209146,0.004784942,-0.0001691441,-1.675252,0.1433719,-2.848599,0.05607897,0.240617,2.048452,-0.3810441,-0.0237191,0.9242527,-0.05793014,0.9983191,0.001736873,-0.9227404,-0.05288026,-0.3817776,moving,75.78834,-9.75418,1.568153,6.699427,-2.700028318506046,0.6165818127200557,76.0220845651145,7.430906898895907,105.3626842651748
2573,05/05/2023 11:22:25.856530,2755,True,True,True,True,Eyes,0.3545443,0.02319503,-2.036635,-0.9671943,0.04288604,-0.2503918,0.0,0.0,0.0,0.0,0.0,0.0,0.0,2.055526,-0.0009193849,-0.6007919,0.2446342,0.0109276,-2.127481,0.02442754,-0.8328421,0.0175393,0.5526931,3.222685,247.1039,358.7775,0.1984387,0.01262573,-0.9800317,-0.1136598,0.004497845,-0.0001589955,-1.677282,0.1367417,-2.869145,0.05934793,0.2426895,2.048716,-0.387867,-0.02130086,0.9214691,-0.06007626,0.9981913,-0.002213069,-0.9197553,-0.05621679,-0.3884451,moving,75.48566,-9.719071,1.659301,6.755736,-2.7203285929174887,0.6261195471689511,75.64225372689612,7.533482145062514,105.74280041628569
2574,05/05/2023 11:22:25.876689,2756,True,True,True,True,Eyes,0.3494542,0.02266261,-2.04125,-0.9657748,0.04347592,-0.2557125,0.0,0.0,0.0,0.0,0.0,0.0,0.0,2.056724,-0.005539712,-0.6256042,0.2392858,0.01009797,-2.136391,0.025693,-0.8349946,0.01998022,0.5492947,3.531244,246.6401,358.7969,0.1957508,0.01248553,-0.980574,-0.1068402,0.004227974,-0.0001494557,-1.678778,0.1268045,-2.891066,0.06258088,0.2447389,2.048978,-0.3952303,-0.02095698,0.9183429,-0.0648571,0.9978814,-0.00514069,-0.9162895,-0.06159281,-0.3957521,moving,75.16985,-9.649089,1.749411,6.811388,-2.743257175888413,0.6377674845634482,75.24299413247887,7.6352902765552795,106.13565951112159
2575,05/05/2023 11:22:25.896286,2757,True,True,True,True,Eyes,0.3443685,0.02214281,-2.046055,-0.9643229,0.04388935,-0.2610654,0.0,0.0,0.0,0.0,0.0,0.0,0.0,2.058006,-0.004827085,-0.6497905,0.2338986,0.009717233,-2.145422,0.02720511,-0.8370268,0.02084219,0.5460877,3.704098,246.1996,358.692,0.1930552,0.01233163,-0.9811101,-0.1004298,0.003974296,-0.0001404884,-1.680439,0.1219983,-2.911765,0.06574655,0.2467466,2.049237,-0.4020965,-0.02277949,0.915314,-0.06830613,0.997651,-0.005178181,-0.913046,-0.06460369,-0.4027079,moving,74.85176,-9.543115,1.837615,6.865874,-2.768210968989289,0.651304672582321,74.83528773301501,7.735276645466324,106.53010209475347
2576,05/05/2023 11:22:25.906392,2758,True,True,True,True,Eyes,0.3393159,0.02176787,-2.051088,-0.9628439,0.04399635,-0.2664506,0.0,0.0,0.0,0.0,0.0,0.0,0.0,2.059989,-0.001340942,-0.6721311,0.2288762,0.009521001,-2.154726,0.02962219,-0.8387918,0.02155745,0.5432184,3.919054,245.8042,358.491,0.1903525,0.01216602,-0.9816402,0.0,0.0,0.0,-1.682522,0.1157364,-2.930838,0.06894052,0.2487715,2.049497,-0.4080725,-0.02627288,0.9125713,-0.0731145,0.9973156,-0.003981793,-0.9100171,-0.06834706,-0.408898,moving,74.53149,-9.376085,1.926576,6.920807,-2.7964973470149195,0.6680035179670467,74.41143881021964,7.836132542664534,106.92965264007796
2577,05/05/2023 11:22:25.926454,2759,True,True,True,True,Eyes,0.3342487,0.02153699,-2.056314,-0.9613543,0.04433618,-0.2717211,0.0,0.0,0.0,0.0,0.0,0.0,0.0,2.062529,0.002848366,-0.6928301,0.2241105,0.01266313,-2.164177,0.0353589,-0.8402335,0.02373805,0.5405496,4.480368,245.4331,358.0596,0.1876443,0.01199683,-0.9821636,0.0,0.0,0.0,-1.685523,0.09997965,-2.948563,0.07211125,0.2507821,2.049754,-0.4131117,-0.03375628,0.9100545,-0.08508266,0.9963725,-0.001664538,-0.906697,-0.07811748,-0.4144853,moving,74.21737,-9.26717,2.01486,6.975323,-2.8213631330874067,0.6815886364394492,74.00689852409131,7.937263157541944,107.32039795102318
2578,05/05/2023 11:22:25.946453,2760,True,True,True,True,Eyes,0.3292137,0.02131437,-2.061729,-0.9598383,0.04510716,-0.2769039,0.0,0.0,0.0,0.0,0.0,0.0,0.0,2.066117,0.02379468,-0.7106409,0.2186649,0.01579054,-2.174017,0.03790133,-0.8413063,0.01847462,0.5389118,4.125225,245.1937,357.4796,0.1849293,0.01183128,-0.9826804,0.0,0.0,0.0,-1.689805,0.116845,-2.96114,0.07516718,0.2527201,2.050003,-0.4162752,-0.04386087,0.9081801,-0.08368562,0.9964443,0.009765315,-0.9053793,-0.07193656,-0.4184656,moving,73.90768,-9.252117,2.099916,7.027846,-2.841039915475412,0.6902856822413641,73.63010366664619,8.036026141066268,107.70000330151211
2579,05/05/2023 11:22:25.956478,2761,True,True,True,True,Eyes,0.3242183,0.02117096,-2.067305,-0.958306,0.04537504,-0.2821182,0.0,0.0,0.0,0.0,0.0,0.0,0.0,2.070129,0.03822818,-0.7263811,0.2142508,0.01567695,-2.183661,0.03879533,-0.8422677,0.01485226,0.5374567,3.825661,244.9897,357.1628,0.1822097,0.01166936,-0.9831902,0.0,0.0,0.0,-1.693239,0.1289282,-2.973181,0.07844883,0.2548006,2.050271,-0.4192709,-0.0493872,0.9065171,-0.08131699,0.9965487,0.01668244,-0.9042123,-0.06672077,-0.4218398,moving,73.59596,-9.137031,2.19122,7.084201,-2.8660827160019027,0.7041232449038484,73.22407569963191,8.141357560158685,108.09130333676458
2580,05/05/2023 11:22:25.976424,2762,True,True,True,True,Eyes,0.319229,0.02114807,-2.073042,-0.9567943,0.04611595,-0.2870855,0.0,0.0,0.0,0.0,0.0,0.0,0.0,2.072807,0.0282369,-0.7461159,0.2101591,0.01753288,-2.193067,0.04229137,-0.843678,0.01971119,0.534818,4.502132,244.6286,357.1092,0.1794881,0.0115145,-0.9836926,0.0,0.0,0.0,-1.695248,0.1081571,-2.992118,0.08160788,0.2568038,2.050527,-0.4243622,-0.05027678,0.9040956,-0.09244438,0.9956458,0.01197657,-0.9007611,-0.07849616,-0.4271622,moving,73.29816,-9.125743,2.279083,7.138441,-2.88483702554465,0.7123242617446146,72.85762128369127,8.243849001765323,108.4614492672073
2581,05/05/2023 11:22:25.996376,2763,True,True,True,True,Eyes,0.3142801,0.02119903,-2.078919,-0.9552202,0.04692046,-0.2921519,0.0,0.0,0.0,0.0,0.0,0.0,0.0,2.074763,0.02354004,-0.7679563,0.205328,0.02038092,-2.202811,0.04139556,-0.8454649,0.01927179,0.5320754,4.395364,244.2576,357.155,0.1767644,0.01137166,-0.9841873,0.0,0.0,0.0,-1.696385,0.1167316,-3.011553,0.08474368,0.2587922,2.050782,-0.4303645,-0.04948888,0.9012977,-0.09050506,0.9958301,0.01146388,-0.8981067,-0.07663835,-0.4330489,moving,72.99387,-9.123958,2.366266,7.19225,-2.903489156163757,0.7202080876253949,72.48777200521533,8.34611561874433,108.83652853493714
2582,05/05/2023 11:22:26.006892,2764,True,True,True,True,Eyes,0.3093765,0.02126914,-2.084933,-0.9536721,0.04775397,-0.2970342,0.0,0.0,0.0,0.0,0.0,0.0,0.0,2.075373,0.01583368,-0.7915065,0.2012834,0.02219817,-2.211989,0.03953715,-0.8476082,0.01923638,0.5287978,4.268136,243.8177,357.317,0.1740406,0.01124308,-0.9846741,0.0,0.0,0.0,-1.695492,0.1252715,-3.033071,0.08796591,0.2608353,2.051045,-0.4376196,-0.04667972,0.8979478,-0.08736832,0.9961336,0.009204487,-0.8949056,-0.07442413,-0.4400059,moving,72.70008,-9.133248,2.455816,7.247509,-2.9209205107183536,0.7272596345197861,72.12895274988225,8.451209812431408,109.20284968199557
2583,05/05/2023 11:22:26.026406,2765,True,True,True,True,Eyes,0.304503,0.02130591,-2.091059,-0.9520611,0.04840028,-0.3020547,0.0,0.0,0.0,0.0,0.0,0.0,0.0,2.075017,-0.001763655,-0.8163054,0.1972332,0.02276645,-2.220953,0.03808633,-0.8498716,0.02261645,0.5251251,4.499036,243.3302,357.6439,0.1713194,0.01112818,-0.9851524,0.0,0.0,0.0,-1.694064,0.1199533,-3.056901,0.09116477,0.2628638,2.051305,-0.4455864,-0.04098405,0.8943006,-0.08848991,0.9960758,0.001558026,-0.890855,-0.07844232,-0.4474644,moving,72.39764,-9.103504,2.544683,7.302349,-2.9409249958525754,0.7365183130031405,71.75365923980084,8.555818353288677,109.57838078569748
2584,05/05/2023 11:22:26.046596,2766,True,True,True,True,Eyes,0.2996816,0.02133533,-2.097286,-0.9504479,0.04873284,-0.3070403,0.0,0.0,0.0,0.0,0.0,0.0,0.0,2.074564,-0.02270282,-0.8397195,0.1930113,0.02207788,-2.229735,0.03575826,-0.8519529,0.02659005,0.521719,4.739092,242.886,358.0918,0.1686025,0.01102395,-0.9856223,0.0,0.0,0.0,-1.693104,0.1133061,-3.079595,0.09439152,0.2649099,2.051568,-0.4530613,-0.03318364,0.8908615,-0.08867377,0.9960287,-0.007995414,-0.8870583,-0.08261847,-0.4542046,moving,72.09705,-9.018647,2.63429,7.35764,-2.963704835298317,0.7485331270234985,71.36706385107888,8.661283959924871,109.95522840848655
2585,05/05/2023 11:22:26.056669,2767,True,True,True,True,Eyes,0.2948916,0.02144513,-2.103617,-0.9487551,0.04865813,-0.3122434,0.0,0.0,0.0,0.0,0.0,0.0,0.0,2.073095,-0.05038222,-0.8637633,0.1893127,0.02208287,-2.238308,0.03594837,-0.854066,0.03400934,0.5178055,5.469793,242.3834,358.4927,0.1658923,0.01092892,-0.9860831,0.0,0.0,0.0,-1.691251,0.08955868,-3.104146,0.09756052,0.2669195,2.051825,-0.4611705,-0.0261841,0.8869252,-0.09662499,0.9951022,-0.02086391,-0.8820348,-0.09532095,-0.4614418,moving,71.78319,-8.857389,2.72226,7.411918,-2.991297788192393,0.7647741960493968,70.95140874376737,8.765230364879914,110.34705480157115
2586,05/05/2023 11:22:26.076384,2768,True,True,True,True,Eyes,0.290117,0.02168373,-2.11007,-0.9470001,0.04904257,-0.3174675,0.0,0.0,0.0,0.0,0.0,0.0,0.0,2.06983,-0.07355418,-0.8913958,0.1851875,0.02425146,-2.247066,0.03646929,-0.8565603,0.03965943,0.5132267,6.048796,241.7914,358.7457,0.1631903,0.01084591,-0.9865348,0.0,0.0,0.0,-1.688283,0.07321606,-3.13096,0.1007777,0.2689593,2.052087,-0.4705369,-0.02176773,0.882112,-0.1031848,0.9941943,-0.03050736,-0.8763266,-0.1053754,-0.4700511,moving,71.46705,-8.78167,2.811528,7.466979,-3.014547144106719,0.7767224174340726,70.55210340888276,8.871453360377027,110.73799876927112
2587,05/05/2023 11:22:26.096647,2769,True,True,True,True,Eyes,0.2853436,0.02195562,-2.116625,-0.9451433,0.04986201,-0.3228278,0.0,0.0,0.0,0.0,0.0,0.0,0.0,2.065617,-0.07617988,-0.92189,0.1804142,0.02751597,-2.255914,0.0351449,-0.8593969,0.0380005,0.5086824,5.800801,241.1796,358.7475,0.1604969,0.01077968,-0.9869772,0.0,0.0,0.0,-1.685314,0.08740388,-3.156976,0.1040509,0.2710347,2.052354,-0.4800144,-0.02174647,0.8769913,-0.0990672,0.9946416,-0.02955984,-0.8716492,-0.1010702,-0.4795966,moving,71.14163,-8.780173,2.902314,7.522974,-3.034472896745217,0.7851327435123818,70.15979511266738,8.98019729488124,111.13523753495795
2588,05/05/2023 11:22:26.106419,2770,True,True,True,True,Eyes,0.2806108,0.02218785,-2.123289,-0.943276,0.05103397,-0.3280639,0.0,0.0,0.0,0.0,0.0,0.0,0.0,2.061577,-0.06524049,-0.9523022,0.1755773,0.02845827,-2.264862,0.03295647,-0.8621752,0.03277465,0.5044736,5.150163,240.6038,358.633,0.1578118,0.01073001,-0.9874106,0.0,0.0,0.0,-1.682632,0.1136561,-3.180976,0.107447,0.2731881,2.052629,-0.4888406,-0.02376061,0.8720495,-0.08989639,0.9956794,-0.02326364,-0.8677289,-0.0897663,-0.4888645,moving,70.82273,-8.842121,2.996471,7.581045,-3.050676173646387,0.7901487377421086,69.78625789794604,9.093088638327886,111.52548870945012
2589,05/05/2023 11:22:26.126801,2771,True,True,True,True,Eyes,0.2758981,0.02242189,-2.130026,-0.9413083,0.05202501,-0.3335147,0.0,0.0,0.0,0.0,0.0,0.0,0.0,2.05665,-0.06601135,-0.9820812,0.1713094,0.02766318,-2.273442,0.03126327,-0.8648962,0.0315834,0.4999798,4.927477,240.0071,358.7061,0.1551369,0.01069327,-0.9878348,0.0,0.0,0.0,-1.678659,0.1228475,-3.206561,0.1104404,0.2750863,2.052873,-0.4980859,-0.02249685,0.866836,-0.0856611,0.9960502,-0.02337072,-0.8628864,-0.08589473,-0.4980456,moving,70.49026,-8.866124,3.079429,7.632208,-3.0696955821511143,0.7974424715433694,69.40039693613275,9.193788824842246,111.92002389432109
2590,05/05/2023 11:22:26.146523,2772,True,True,True,True,Eyes,0.2712334,0.02270204,-2.136882,-0.9393288,0.05297609,-0.3389025,0.0,0.0,0.0,0.0,0.0,0.0,0.0,2.050639,-0.07918738,-1.012013,0.166971,0.02799155,-2.281862,-0.03060652,0.8675955,-0.03409072,-0.4951557,5.132767,239.3788,358.8869,0.1524729,0.01066817,-0.9882498,0.0,0.0,0.0,-1.674525,0.1180392,-3.233603,0.1135995,0.2770897,2.05313,-0.5077683,-0.01934772,0.8612765,-0.08686858,0.9958021,-0.02884392,-0.8571029,-0.08946389,-0.5073174,moving,70.16095,-8.884384,3.166942,7.686177,-3.0888232236051563,0.8049474138252264,69.01290169061713,9.29978059690199,112.31558871399386
2591,05/05/2023 11:22:26.157484,2773,True,True,True,True,Eyes,0.2665863,0.02301424,-2.143794,-0.9372339,0.05394825,-0.3445026,0.0,0.0,0.0,0.0,0.0,0.0,0.0,2.043525,-0.08962453,-1.043446,0.1625684,0.02938053,-2.290309,-0.02995734,0.8704519,-0.03555396,-0.4900532,5.235949,238.7124,359.0042,0.1498216,0.01065557,-0.9886553,0.0,0.0,0.0,-1.669679,0.1179108,-3.261408,0.1168434,0.2791465,2.053394,-0.517901,-0.01730618,0.8552656,-0.0869995,0.995677,-0.03253464,-0.8510052,-0.0912574,-0.5171677,moving,69.8179,-8.900095,3.256766,7.741558,-3.1089224448151054,0.8129339084513476,68.60997867612527,9.408922423871978,112.72614645782228
2592,05/05/2023 11:22:26.176717,2774,True,True,True,True,Eyes,0.2619748,0.02331236,-2.150785,-0.9351362,0.05483902,-0.3500184,0.0,0.0,0.0,0.0,0.0,0.0,0.0,2.035687,-0.09259134,-1.075445,0.1582112,0.03045148,-2.298525,-0.02932588,0.8733599,-0.03515397,-0.4849193,5.15472,238.0367,359.0145,0.1471836,0.01065562,-0.9890515,0.0,0.0,0.0,-1.664388,0.1238628,-3.288647,0.1200148,0.2811571,2.053652,-0.5279866,-0.01713042,0.8490801,-0.08531778,0.9958084,-0.03296276,-0.8449564,-0.08984551,-0.5272351,moving,69.47929,-8.904408,3.344545,7.795666,-3.129348181136981,0.8213864913923574,68.21068074591032,9.515874504477052,113.1307857759481
2593,05/05/2023 11:22:26.196839,2775,True,True,True,True,Eyes,0.2573968,0.02361842,-2.157825,-0.9329494,0.05548947,-0.3557055,0.0,0.0,0.0,0.0,0.0,0.0,0.0,2.028105,-0.09739436,-1.10566,0.1538199,0.03039181,-2.306641,-0.02929023,0.8760051,-0.03592992,-0.4800692,5.225296,237.4032,359.0323,0.1445603,0.01066628,-0.9894382,0.0,0.0,0.0,-1.659885,0.1232347,-3.314503,0.1232154,0.2831868,2.053913,-0.5373515,-0.0168191,0.8431908,-0.08581447,0.9957022,-0.03482689,-0.8389812,-0.09107224,-0.5364854,moving,69.12965,-8.866584,3.433093,7.85026,-3.152654815854789,0.8322650038833794,67.7900470200057,9.624153368455536,113.54890645535535
2594,05/05/2023 11:22:26.206542,2776,True,True,True,True,Eyes,0.2528471,0.02394732,-2.164927,-0.9307724,0.05590145,-0.3613002,0.0,0.0,0.0,0.0,0.0,0.0,0.0,2.020906,-0.1056116,-1.134268,0.1499161,0.03092789,-2.31481,-0.03052905,0.8784527,-0.03823609,-0.4753176,5.520344,236.7863,359.0048,0.1419526,0.01068676,-0.9898155,0.0,0.0,0.0,-1.65562,0.1151575,-3.339588,0.1267036,0.2853985,2.054195,-0.5462824,-0.01728809,0.8374227,-0.08998523,0.995212,-0.03815519,-0.8327534,-0.09619918,-0.5452225,moving,68.78516,-8.795233,3.529556,7.909724,-3.1774043286251104,0.8447170899990697,67.35985036931619,9.741541946124952,113.9711634437534
2595,05/05/2023 11:22:26.228402,2777,True,True,True,True,Eyes,0.2483228,0.02427335,-2.172076,-0.9285146,0.05618718,-0.36702,0.0,0.0,0.0,0.0,0.0,0.0,0.0,2.013681,-0.1089986,-1.162623,0.1456449,0.03179013,-2.322986,-0.03239639,0.880792,-0.03957959,-0.4707327,5.752005,236.1866,358.8594,0.1393612,0.01071703,-0.9901834,0.0,0.0,0.0,-1.651645,0.1090234,-3.364004,0.1295479,0.2872023,2.054427,-0.5547222,-0.01980614,0.8317997,-0.09433177,0.9947678,-0.0392227,-0.8266708,-0.1002229,-0.5536883,moving,68.43228,-8.70385,3.608176,7.958191,-3.2037153187158287,0.8584030459512304,66.93121894668062,9.839148963729134,114.38639499919532
2596,05/05/2023 11:22:26.246699,2778,True,True,True,True,Eyes,0.2438371,0.0245763,-2.179288,-0.9262451,0.0563616,-0.372684,0.0,0.0,0.0,0.0,0.0,0.0,0.0,2.006655,-0.1092031,-1.190452,0.1416048,0.03204138,-2.331241,-0.0341308,0.8830602,-0.04016826,-0.46629,5.898799,235.6039,358.6855,0.1367871,0.01075587,-0.9905419,0.0,0.0,0.0,-1.64782,0.1054654,-3.387449,0.1327356,0.2892236,2.054686,-0.5628175,-0.022819,0.8262662,-0.09773921,0.9944432,-0.03911227,-0.8207822,-0.1027717,-0.5619203,moving,68.08212,-8.599767,3.69625,8.012478,-3.230525957427507,0.8726653710874124,66.4944128449671,9.94772082139298,114.8083603126314
2597,05/05/2023 11:22:26.256578,2779,True,True,True,True,Eyes,0.2393799,0.02485311,-2.186544,-0.923889,0.05639081,-0.3784829,0.0,0.0,0.0,0.0,0.0,0.0,0.0,1.99911,-0.1105105,-1.218337,0.1375687,0.03175993,-2.339458,-0.03573784,0.8853155,-0.04105898,-0.4617935,6.067921,235.017,358.5388,0.1342309,0.01080127,-0.9908909,0.0,0.0,0.0,-1.643801,0.1006631,-3.410981,0.1360135,0.2913019,2.054952,-0.5709389,-0.025357,0.8206007,-0.1012001,0.9940739,-0.03969328,-0.8147312,-0.1057073,-0.5701216,moving,67.72292,-8.474257,3.786779,8.068266,-3.259010821522131,0.8882491744404684,66.04154142036215,10.059612111030068,115.24262722686666
2598,05/05/2023 11:22:26.276453,2780,True,True,True,True,Eyes,0.2349637,0.02510864,-2.193873,-0.9214904,0.05638551,-0.3842864,0.0,0.0,0.0,0.0,0.0,0.0,0.0,1.991126,-0.1131434,-1.246398,0.1336652,0.03141592,-2.347773,-0.03726792,0.8875793,-0.04221451,-0.4572003,6.258553,234.42,358.4115,0.1316939,0.01085128,-0.9912308,0.0,0.0,0.0,-1.639231,0.09499385,-3.43502,0.1392015,0.2933233,2.055212,-0.579158,-0.02755549,0.8147495,-0.1047574,0.9936581,-0.04085964,-0.8084565,-0.1090152,-0.5783718,moving,67.36254,-8.347322,3.87478,8.122496,-3.287642330420315,0.903935685805048,65.58925654991619,10.168967826135251,115.67583921645243
2599,05/05/2023 11:22:26.296487,2781,True,True,True,True,Eyes,0.230574,0.02533117,-2.20125,-0.9189929,0.05634281,-0.3902275,0.0,0.0,0.0,0.0,0.0,0.0,0.0,1.982697,-0.1133087,-1.274887,0.1296021,0.03112009,-2.356162,-0.03858025,0.8898591,-0.04258529,-0.4526023,6.35641,233.8214,358.2637,0.1291765,0.01090438,-0.9915614,0.0,0.0,0.0,-1.634545,0.09259123,-3.459047,0.1422735,0.2952714,2.055462,-0.5873253,-0.03011356,0.8087904,-0.1072104,0.9933961,-0.0408668,-0.8022186,-0.1107128,-0.5866753,moving,66.9927,-8.215845,3.959545,8.174736,-3.317088825460746,0.9200955173786968,65.12933114021352,10.2751743713636,116.11554599765428
2600,05/05/2023 11:22:26.306931,2782,True,True,True,True,Eyes,0.2262257,0.0255127,-2.208707,-0.9164445,0.05634549,-0.396175,0.0,0.0,0.0,0.0,0.0,0.0,0.0,1.973547,-0.1132507,-1.304155,0.1257077,0.03053523,-2.364698,-0.03945239,0.8922276,-0.04268955,-0.4478295,6.402566,233.2025,358.1451,0.1266793,0.01095868,-0.991883,0.0,0.0,0.0,-1.629229,0.09198785,-3.483672,0.145611,0.2973879,2.055733,-0.5957847,-0.03216575,0.8024999,-0.1086363,0.9932422,-0.04084169,-0.795763,-0.1115135,-0.595253,moving,66.62138,-8.094533,4.051588,8.231457,-3.3460928906754788,0.9357761743396268,64.66464892352981,10.390026047617665,116.56248434192922
2601,05/05/2023 11:22:26.326399,2783,True,True,True,True,Eyes,0.2218966,0.02564538,-2.216217,-0.9137843,0.0563566,-0.4022712,0.0,0.0,0.0,0.0,0.0,0.0,0.0,1.963616,-0.1137778,-1.334008,0.1216307,0.02968566,-2.373317,-0.03990335,0.8946351,-0.04273705,-0.4429554,6.420179,232.5738,358.066,0.1242032,0.01101213,-0.9921955,0.0,0.0,0.0,-1.623478,0.09212841,-3.508896,0.1487484,0.2993767,2.055989,-0.6043968,-0.03353667,0.7959776,-0.1092591,0.9931625,-0.04111731,-0.7891562,-0.1118189,-0.6039283,moving,66.23968,-7.975008,4.138072,8.284727,-3.37563638270804,0.951631766526352,64.19492735766502,10.499052307878603,117.01420377201225
2602,05/05/2023 11:22:26.346660,2784,True,True,True,True,Eyes,0.2175734,0.02572595,-2.223755,-0.9110279,0.05637573,-0.4084726,0.0,0.0,0.0,0.0,0.0,0.0,0.0,1.952976,-0.1138063,-1.364548,0.1176036,0.02863015,-2.382102,-0.04013522,0.8970999,-0.04257528,-0.4379367,6.404209,231.9284,357.9978,0.121748,0.01106257,-0.9924992,0.0,0.0,0.0,-1.617242,0.0933893,-3.534621,0.1520346,0.3014607,2.056257,-0.6132014,-0.03472004,0.7891634,-0.1093011,0.993153,-0.04123517,-0.7823282,-0.1115419,-0.6127978,moving,65.85022,-7.858087,4.228616,8.340518,-3.405516693549472,0.9675536348171488,63.71512287894327,10.613226913289711,117.47674314480503
2603,05/05/2023 11:22:26.356841,2785,True,True,True,True,Eyes,0.2132602,0.0257634,-2.231339,-0.9081491,0.05631343,-0.4148419,0.0,0.0,0.0,0.0,0.0,0.0,0.0,1.941016,-0.1177915,-1.395545,0.1135524,0.02746671,-2.390672,-0.04033637,0.8996104,-0.04334961,-0.4326603,6.482481,231.2552,357.9777,0.1193133,0.0111079,-0.9927943,0.0,0.0,0.0,-1.61003,0.09109307,-3.561348,0.1550421,0.3033676,2.056501,-0.622356,-0.03506273,0.7819486,-0.1100853,0.9929876,-0.04309161,-0.7749543,-0.1128994,-0.6218516,moving,65.44911,-7.730462,4.311442,8.391546,-3.436668476553434,0.9843183619850144,63.2276331237402,10.719152822786423,117.9443815069028
2604,05/05/2023 11:22:26.376429,2786,True,True,True,True,Eyes,0.2089567,0.02574951,-2.238968,-0.9051865,0.05624981,-0.4212756,0.0,0.0,0.0,0.0,0.0,0.0,0.0,1.928385,-0.1248424,-1.426653,0.1093128,0.02649327,-2.399363,-0.04030234,0.9021026,-0.0446535,-0.4273089,6.604039,230.577,358.0067,0.1168987,0.01114671,-0.993081,0.0,0.0,0.0,-1.602787,0.08769798,-3.588308,0.158289,0.3054268,2.056765,-0.6315659,-0.03455202,0.7745521,-0.1108753,0.9927636,-0.04612097,-0.7673535,-0.1150072,-0.6308267,moving,65.04264,-7.605297,4.400818,8.446617,-3.468018249122367,1.0010952250673535,62.73033172671001,10.83302258912527,118.42280219879673
2605,05/05/2023 11:22:26.396422,2787,True,True,True,True,Eyes,0.2046676,0.02567664,-2.246638,-0.9021093,0.05602075,-0.4278557,0.0,0.0,0.0,0.0,0.0,0.0,0.0,1.915977,-0.1321071,-1.456571,0.1050304,0.02523962,-2.407977,-0.04007256,0.9044499,-0.0459674,-0.4221983,6.718279,229.9324,358.057,0.1145035,0.01117734,-0.9933597,0.0,0.0,0.0,-1.596021,0.08434723,-3.614182,0.1615282,0.3074803,2.057028,-0.6402853,-0.03367252,0.7673985,-0.1113019,0.9925624,-0.04931329,-0.7600304,-0.1169875,-0.639271,moving,64.62578,-7.459516,4.489938,8.501509,-3.501082083023779,1.0191868862266715,62.21795409766854,10.947216366800774,118.91270581612505
2606,05/05/2023 11:22:26.406442,2788,True,True,True,True,Eyes,0.2003863,0.02555892,-2.254351,-0.8989432,0.05569665,-0.4345099,0.0,0.0,0.0,0.0,0.0,0.0,0.0,1.903118,-0.1442524,-1.486002,0.1009243,0.02380629,-2.416634,-0.04000605,0.9067302,-0.0485277,-0.4169951,6.971045,229.2815,358.1481,0.1121279,0.011198,-0.9936305,0.0,0.0,0.0,-1.588853,0.07600079,-3.640351,0.1649085,0.3096239,2.057302,-0.6490291,-0.03207776,0.7600868,-0.113021,0.9920891,-0.0546384,-0.7523213,-0.1213677,-0.6475202,moving,64.2029,-7.304495,4.582896,8.558777,-3.534997295860577,1.0379027475592029,61.69431315369351,11.066333678504595,119.41267615603343
2607,05/05/2023 11:22:26.426539,2789,True,True,True,True,Eyes,0.1960995,0.02539332,-2.262108,-0.895648,0.05530007,-0.4413122,0.0,0.0,0.0,0.0,0.0,0.0,0.0,1.889449,-0.1572427,-1.515606,0.09654839,0.02266153,-2.425278,-0.03996503,0.9089935,-0.05118239,-0.4117211,7.236069,228.6241,358.2376,0.1097712,0.01120772,-0.9938935,0.0,0.0,0.0,-1.58126,0.06722507,-3.6669,0.1678262,0.311474,2.05754,-0.6577772,-0.03051016,0.7525945,-0.1148016,0.9915664,-0.06014001,-0.7444124,-0.1259578,-0.6557324,moving,63.76917,-7.142406,4.663088,8.608175,-3.5699446451814483,1.057256021527616,61.168698949939134,11.171356406277523,119.91247770121548
2608,05/05/2023 11:22:26.446533,2790,True,True,True,True,Eyes,0.1918027,0.0251854,-2.269899,-0.8922625,0.05493562,-0.4481626,0.0,0.0,0.0,0.0,0.0,0.0,0.0,1.874398,-0.1671367,-1.546727,0.09195443,0.02138525,-2.434081,-0.03938238,0.9113963,-0.05282269,-0.4062211,7.370252,227.9389,358.3318,0.1074324,0.01120551,-0.994149,0.0,0.0,0.0,-1.573269,0.06329766,-3.694016,0.1711034,0.3135517,2.057808,-0.6668671,-0.02887053,0.7446175,-0.1147013,0.9913176,-0.06428891,-0.7362964,-0.1282807,-0.6643886,moving,63.33069,-6.988433,4.753116,8.663615,-3.604756378766586,1.076318096821827,60.632654422512125,11.288095720568927,120.4249632619132
2609,05/05/2023 11:22:26.456575,2791,True,True,True,True,Eyes,0.1874847,0.02495256,-2.277736,-0.8887321,0.05454707,-0.4551702,0.0,0.0,0.0,0.0,0.0,0.0,0.0,1.858389,-0.1785259,-1.577931,0.08731592,0.02021857,-2.442808,-0.03886,0.9137921,-0.05478349,-0.4005904,7.54214,227.2402,358.4319,0.1051111,0.01119077,-0.9943973,0.0,0.0,0.0,-1.564779,0.05810591,-3.721399,0.1743288,0.3155969,2.058071,-0.6760347,-0.02712843,0.7363706,-0.1149114,0.9909773,-0.06898756,-0.7278551,-0.1312553,-0.6730524,moving,62.88044,-6.833672,4.841678,8.718163,-3.640327257346319,1.095721692324578,60.086250227151545,11.40377238788144,120.9476077099899
2610,05/05/2023 11:22:26.480968,2792,True,True,True,True,Eyes,0.1831447,0.02469224,-2.285615,-0.8851086,0.0542748,-0.4622088,0.0,0.0,0.0,0.0,0.0,0.0,0.0,1.841197,-0.1870187,-1.610365,0.08230691,0.01941328,-2.451756,-0.03808511,0.9162734,-0.05584013,-0.3948093,7.60844,226.5223,358.5142,0.1028053,0.0111637,-0.9946386,0.0,0.0,0.0,-1.555972,0.05702905,-3.749339,0.1774994,0.3176072,2.058329,-0.6853504,-0.02570035,0.7277599,-0.1138852,0.9908628,-0.07225694,-0.7192532,-0.1324024,-0.6820151,moving,62.42617,-6.697278,4.92869,8.771754,-3.675180796081064,1.114293940597587,59.542011700709466,11.517954993704386,121.47104357650598
2611,05/05/2023 11:22:26.496908,2793,True,True,True,True,Eyes,0.178781,0.02438856,-2.293544,-0.8813381,0.0540544,-0.4693839,0.0,0.0,0.0,0.0,0.0,0.0,0.0,1.823504,-0.1903435,-1.643076,0.07725522,0.01847037,-2.460647,-0.03723317,0.9187683,-0.0557257,-0.389067,7.548791,225.8065,358.5517,0.1005141,0.01112441,-0.9948731,0.0,0.0,0.0,-1.547139,0.06025619,-3.776769,0.1806749,0.3196213,2.058587,-0.6944811,-0.02505526,0.7190745,-0.1117794,0.9910167,-0.07342564,-0.7107751,-0.1313704,-0.6910431,moving,61.96109,-6.569263,5.015797,8.82542,-3.7102545348432727,1.1327168115450612,58.989513131796045,11.632783748286796,122.00410573162064
2612,05/05/2023 11:22:26.506430,2794,True,True,True,True,Eyes,0.1743896,0.02406041,-2.301522,-0.8774821,0.05396871,-0.4765633,0.0,0.0,0.0,0.0,0.0,0.0,0.0,1.805106,-0.1924958,-1.67628,0.0721456,0.01711963,-2.469793,-0.03661532,0.9212606,-0.05554733,-0.3832138,7.493293,225.0772,358.5614,0.09823605,0.01107232,-0.9951012,0.0,0.0,0.0,-1.53824,0.06305179,-3.804349,0.1842135,0.3218647,2.058874,-0.703613,-0.02489149,0.7101473,-0.1100375,0.9911476,-0.07428414,-0.7020117,-0.1304101,-0.7001234,moving,61.49348,-6.46097,5.112807,8.88516,-3.7444490504527135,1.1502012487837512,58.43187481084129,11.759275982231985,122.54620898635574
2613,05/05/2023 11:22:26.526729,2795,True,True,True,True,Eyes,0.1699523,0.0236988,-2.309552,-0.8734771,0.05404552,-0.4838563,0.0,0.0,0.0,0.0,0.0,0.0,0.0,1.785548,-0.1941753,-1.709853,0.06682679,0.01616377,-2.478862,-0.03622634,0.9237622,-0.05527831,-0.3772207,7.438312,224.3308,358.5423,0.09596977,0.01100771,-0.995323,0.0,0.0,0.0,-1.528455,0.06571372,-3.83248,0.1870521,0.3236649,2.059106,-0.7127847,-0.0252248,0.7009294,-0.1086333,0.9912639,-0.07479738,-0.6929193,-0.1294587,-0.7092981,moving,61.01606,-6.373375,5.190585,8.933066,-3.778157201617227,1.1668840492664814,57.88584278614337,11.863891383983962,123.07847947477862
2614,05/05/2023 11:22:26.546414,2796,True,True,True,True,Eyes,0.1654539,0.02331445,-2.317615,-0.8693721,0.05425314,-0.4911708,0.0,0.0,0.0,0.0,0.0,0.0,0.0,1.7657,-0.1888043,-1.744016,0.06108474,0.01495807,-2.488168,-0.03562193,0.9262656,-0.05342429,-0.3713611,7.205436,223.5983,358.4803,0.09371358,0.0109305,-0.9955388,0.0,0.0,0.0,-1.519577,0.07468271,-3.859752,0.190291,0.3257185,2.059369,-0.721644,-0.02631132,0.6917642,-0.1056701,0.9917539,-0.07251295,-0.6841518,-0.1254274,-0.7184737,moving,60.53477,-6.303155,5.279285,8.987692,-3.811190850022237,1.182782122481732,57.33217791574496,11.981375938347805,123.62184934266696
2615,05/05/2023 11:22:26.558476,2797,True,True,True,True,Eyes,0.1608988,0.02291079,-2.32574,-0.8651286,0.05457699,-0.4985718,0.0,0.0,0.0,0.0,0.0,0.0,0.0,1.745304,-0.1859511,-1.777552,0.05538629,0.01397297,-2.497416,-0.0353046,0.9286881,-0.05223118,-0.3654642,7.054769,222.8645,358.4181,0.09146472,0.01084106,-0.9957489,0.0,0.0,0.0,-1.510426,0.08085297,-3.886907,0.1934882,0.3277458,2.059629,-0.7303794,-0.02739668,0.6824924,-0.1037512,0.9920509,-0.07120781,-0.6751164,-0.1228181,-0.727416,moving,60.04525,-6.247105,5.366799,9.041587,-3.843983868588948,1.1981701638092117,56.77567354801055,12.097839010275049,124.17005950861042
2616,05/05/2023 11:22:26.581363,2798,True,True,True,True,Eyes,0.1562791,0.02248598,-2.333906,-0.8608179,0.05512267,-0.505919,0.0,0.0,0.0,0.0,0.0,0.0,0.0,1.72524,-0.1821295,-1.810676,0.04932921,0.01306246,-2.507104,-0.03486779,0.9309999,-0.0507846,-0.3597838,6.871941,222.1596,358.3619,0.08922169,0.0107399,-0.9959535,0.0,0.0,0.0,-1.502095,0.08829412,-3.913526,0.1967029,0.3297844,2.05989,-0.7386798,-0.02838085,0.6734589,-0.1014668,0.9924103,-0.06947117,-0.6663759,-0.1196506,-0.7359532,moving,59.55643,-6.218163,5.454744,9.095756,-3.875313605115629,1.2121613347875833,56.227293578662994,12.214787749287405,124.71430806718367
2617,05/05/2023 11:22:26.596813,2799,True,True,True,True,Eyes,0.1516236,0.02202889,-2.342127,-0.8563606,0.05583419,-0.5133508,0.0,0.0,0.0,0.0,0.0,0.0,0.0,1.705311,-0.1738624,-1.843072,0.04339446,0.01206243,-2.516585,-0.03379296,0.9332685,-0.0481911,-0.354324,6.540056,221.4841,358.3316,0.08698244,0.01062741,-0.9961528,0.0,0.0,0.0,-1.494066,0.1012566,-3.93882,0.2000867,0.3319298,2.060164,-0.746625,-0.02892529,0.6646159,-0.09722634,0.9930713,-0.06600315,-0.6581019,-0.1138978,-0.7442641,moving,59.05915,-6.207329,5.547266,9.152729,-3.9062103693776926,1.225448044190781,55.67273220341193,12.337341643106022,125.26769955445107
2618,05/05/2023 11:22:26.606525,2800,True,True,True,True,Eyes,0.1469322,0.0215292,-2.350383,-0.8518318,0.0564673,-0.5207629,0.0,0.0,0.0,0.0,0.0,0.0,0.0,1.68387,-0.1674629,-1.876077,0.03771232,0.010787,-2.52618,-0.03283582,0.9355891,-0.04613857,-0.3485199,6.270433,220.7696,358.312,0.08474626,0.01050347,-0.9963469,0.0,0.0,0.0,-1.484343,0.1115303,-3.965363,0.203154,0.3338745,2.060414,-0.7549114,-0.02928126,0.6551727,-0.09360208,0.9935861,-0.06344561,-0.6491128,-0.1092214,-0.7528103,moving,58.56069,-6.188511,5.631086,9.204344,-3.937597501492023,1.2391711080210184,55.12243612765895,12.450047516007416,125.81487835289558
2619,05/05/2023 11:22:26.626740,2801,True,True,True,True,Eyes,0.1422211,0.0210757,-2.358682,-0.8471354,0.05683502,-0.5283287,0.0,0.0,0.0,0.0,0.0,0.0,0.0,1.660067,-0.1631723,-1.909807,0.03223132,0.009236724,-2.535485,-0.03180034,0.9380084,-0.04458841,-0.3422588,6.051163,220.0031,358.321,0.08251222,0.0103675,-0.9965359,0.0,0.0,0.0,-1.472832,0.1198155,-3.992954,0.2062386,0.3358306,2.060666,-0.7636955,-0.02913641,0.6449192,-0.09017953,0.9940012,-0.06188071,-0.6392474,-0.1054165,-0.7617417,moving,58.04966,-6.139987,5.715329,9.256225,-3.971308012300058,1.2547271954250987,54.552044372016944,12.564032144366648,126.37738282483981
2620,05/05/2023 11:22:26.646372,2802,True,True,True,True,Eyes,0.1374794,0.02086813,-2.367036,-0.8423799,0.05680646,-0.5358817,0.0,0.0,0.0,0.0,0.0,0.0,0.0,1.635038,-0.1813643,-1.941862,0.02686267,0.009952095,-2.544848,-0.0321956,0.9402259,-0.04784621,-0.3356332,6.406653,219.1984,358.3609,0.08028148,0.01022287,-0.9967195,0.0,0.0,0.0,-1.460688,0.1096708,-4.022255,0.2094834,0.3378881,2.06093,-0.7726279,-0.02842471,0.6342228,-0.09265981,0.9933484,-0.06836068,-0.6280611,-0.1115843,-0.7701225,moving,57.53744,-6.051075,5.8039,9.310771,-4.007207625827217,1.272368235860044,53.96615118256365,12.683601690533248,126.94945379586676
2621,05/05/2023 11:22:26.656755,2803,True,True,True,True,Eyes,0.1326731,0.02075757,-2.375472,-0.8374993,0.05758134,-0.5433959,0.0,0.0,0.0,0.0,0.0,0.0,0.0,1.609205,-0.2022784,-1.973537,0.02092569,0.01568841,-2.554334,-0.03343637,0.9423806,-0.05087257,-0.3289573,6.769821,218.3843,358.2948,0.07805335,0.01008092,-0.9968979,0.0,0.0,0.0,-1.448975,0.1038172,-4.051295,0.212668,0.3399074,2.06119,-0.7813385,-0.02954978,0.6234078,-0.09648937,0.992588,-0.07388437,-0.6166039,-0.1178809,-0.7783985,moving,57.02322,-6.048816,5.890779,9.364273,-4.03868818628761,1.2856525902116134,53.404960772763445,12.800719758240623,127.50984645540137
2622,05/05/2023 11:22:26.676746,2804,True,True,True,True,Eyes,0.1278546,0.02066908,-2.383892,-0.8325337,0.05808438,-0.5509208,0.0,0.0,0.0,0.0,0.0,0.0,0.0,1.588979,-0.1683491,-2.006334,0.01443206,0.01773583,-2.56477,-0.02977425,0.944617,-0.04156815,-0.3241675,5.61455,217.799,358.3129,0.07582602,0.009945495,-0.9970713,0.0,0.0,0.0,-1.441512,0.1498707,-4.073361,0.2158593,0.3419306,2.06145,-0.7880582,-0.02930045,0.6149035,-0.0832006,0.9947712,-0.05922826,-0.6099529,-0.09783562,-0.7863754,moving,56.5058,-6.018542,5.977793,9.41785,-4.0718320344518055,1.300443978935376,52.833338805811934,12.918484580007698,128.07630297439167
2623,05/05/2023 11:22:26.696536,2805,True,True,True,True,Eyes,0.123014,0.02069854,-2.39236,-0.8274117,0.05831542,-0.55856,0.0,0.0,0.0,0.0,0.0,0.0,0.0,1.565099,-0.1853398,-2.034194,0.009620614,0.01827036,-2.573208,-0.02630012,0.946597,-0.04331351,-0.3184129,5.667163,217.1201,358.7212,0.07360055,0.009816926,-0.9972393,0.0,0.0,0.0,-1.429458,0.1520006,-4.09902,0.2190495,0.343954,2.06171,-0.7958435,-0.02220807,0.6050955,-0.07737438,0.9948645,-0.06525227,-0.600539,-0.09874947,-0.7934747,moving,55.97793,-5.960266,6.064723,9.471396,-4.1070806651507965,1.3169274170228515,52.24427648180318,13.036907136017215,128.65576795250465
2624,05/05/2023 11:22:26.706691,2806,True,True,True,True,Eyes,0.1181457,0.02081547,-2.400863,-0.8221852,0.05870296,-0.5661851,0.0,0.0,0.0,0.0,0.0,0.0,0.0,1.539879,-0.2170641,-2.062345,0.004080109,0.02125802,-2.582855,-0.02397251,0.948454,-0.04794748,-0.3123486,6.080606,216.4084,359.1057,0.07137702,0.009699468,-0.997402,0.0,0.0,0.0,-1.417782,0.1434972,-4.127009,0.2224368,0.3461017,2.061985,-0.8037276,-0.01552098,0.5947953,-0.07542629,0.9942527,-0.0759764,-0.5901977,-0.1059275,-0.8002791,moving,55.44736,-5.919365,6.156976,9.528207,-4.141583435017294,1.3325961635325312,51.65432639733714,13.161624649693016,129.2390185431004
2625,05/05/2023 11:22:26.726717,2807,True,True,True,True,Eyes,0.1133019,0.02102494,-2.409381,-0.816812,0.05886304,-0.5738931,0.0,0.0,0.0,0.0,0.0,0.0,0.0,1.513102,-0.2067431,-2.0951,-0.001223914,0.02344109,-2.592511,-0.02040621,0.9507613,-0.04375963,-0.3061399,5.491854,215.6634,359.3087,0.06915566,0.009595652,-0.9975595,0.0,0.0,0.0,-1.403877,0.1697695,-4.153248,0.2254671,0.348023,2.06223,-0.8117238,-0.01200973,0.5839179,-0.06559601,0.9953374,-0.07071561,-0.580346,-0.09570422,-0.8087268,moving,54.90808,-5.856231,6.239463,9.57901,-4.177782541895327,1.3496189367886076,51.0576237737399,13.27561230043276,129.82489001024828
2626,05/05/2023 11:22:26.746388,2808,True,True,True,True,Eyes,0.1084297,0.02134514,-2.417938,-0.811411,0.05884261,-0.5815064,0.0,0.0,0.0,0.0,0.0,0.0,0.0,1.48709,-0.2222498,-2.123054,-0.005639866,0.02590887,-2.601439,-0.02133841,0.9526196,-0.04628011,-0.2998647,5.795142,214.9082,359.2571,0.06693859,0.009507924,-0.9977116,0.0,0.0,0.0,-1.391115,0.1628972,-4.179505,0.2285972,0.350008,2.062483,-0.8192515,-0.01289922,0.573289,-0.0684103,0.9948056,-0.07537739,-0.5693388,-0.1009719,-0.8158785,moving,54.37231,-5.77809,6.324616,9.631465,-4.2145540133090655,1.367315200519386,50.458252883107846,13.39291889311992,130.4114136647815
2627,05/05/2023 11:22:26.756818,2809,True,True,True,True,Eyes,0.1035939,0.02168867,-2.426528,-0.8059374,0.05909114,-0.5890443,0.0,0.0,0.0,0.0,0.0,0.0,0.0,1.465675,-0.2218034,-2.15009,-0.01070431,0.02887421,-2.611386,-0.02267738,0.954237,-0.04559408,-0.294684,5.761078,214.2755,359.0551,0.06472613,0.00943921,-0.9978582,0.0,0.0,0.0,-1.382514,0.1682225,-4.202389,0.2317957,0.3520362,2.062743,-0.825294,-0.0164075,0.5644646,-0.07015087,0.9948139,-0.07364978,-0.5603288,-0.1003804,-0.8221649,moving,53.83765,-5.728574,6.411575,9.685024,-4.249757698788701,1.3835269260902596,49.867941537737735,13.512174827998383,130.99325674883374
2628,05/05/2023 11:22:26.772342,2810,True,True,True,True,Eyes,0.09876641,0.02200088,-2.4351,-0.8004168,0.05888278,-0.5965449,0.0,0.0,0.0,0.0,0.0,0.0,0.0,1.447408,-0.2060469,-2.175365,-0.01477484,0.02969385,-2.620793,-0.02270084,0.9557589,-0.04192375,-0.2902621,5.354426,213.7356,358.9034,0.06252039,0.009388469,-0.9979993,0.0,0.0,0.0,-1.374675,0.1851928,-4.221772,0.2350504,0.3541001,2.063009,-0.8304653,-0.01905531,0.5567445,-0.0677308,0.9954541,-0.0669596,-0.5529376,-0.09331638,-0.8279807,moving,53.3031,-5.637197,6.500006,9.739487,-4.2871483925023455,1.401865240297305,49.264307757327636,13.63373156900012,131.58236701682597
2629,05/05/2023 11:22:26.796485,2811,True,True,True,True,Eyes,0.0939949,0.02227947,-2.4437,-0.7947862,0.05853606,-0.60406,0.0,0.0,0.0,0.0,0.0,0.0,0.0,1.42742,-0.2194023,-2.197937,-0.01837007,0.02934998,-2.629714,-0.02345007,0.9570808,-0.04452223,-0.2854193,5.659072,213.1557,358.8788,0.06032214,0.009352538,-0.9981349,0.0,0.0,0.0,-1.365527,0.1755884,-4.243552,0.2382655,0.3561385,2.063271,-0.8359718,-0.01947223,0.5484267,-0.07030223,0.9949358,-0.07183652,-0.5442505,-0.09860893,-0.8331072,moving,52.76414,-5.534931,6.587312,9.793253,-4.325378687070282,1.4208704038751243,48.65442085647963,13.75440323560296,132.17611767748065
2630,05/05/2023 11:22:26.816451,2812,True,True,True,True,Eyes,0.08923453,0.02252881,-2.452277,-0.7889649,0.05798908,-0.6116958,0.0,0.0,0.0,0.0,0.0,0.0,0.0,1.404891,-0.2334701,-2.222019,-0.0219227,0.02886995,-2.638992,-0.02280357,0.9585494,-0.04683305,-0.2801246,5.886564,212.529,358.9932,0.05813453,0.009328484,-0.998265,0.0,0.0,0.0,-1.353938,0.1691594,-4.26707,0.2413337,0.3580839,2.063521,-0.8420206,-0.01747852,0.5391624,-0.06995488,0.9945733,-0.0770079,-0.5348906,-0.1025593,-0.8386739,moving,52.21306,-5.415485,6.670575,9.844535,-4.365248492460305,1.4410598876061609,48.03109566078651,13.871113658295842,132.78056597258592
2631,05/05/2023 11:22:26.826793,2813,True,True,True,True,Eyes,0.08455571,0.02280342,-2.460879,-0.7829354,0.05733057,-0.6194557,0.0,0.0,0.0,0.0,0.0,0.0,0.0,1.377698,-0.2467283,-2.248242,-0.02497112,0.02852922,-2.648034,-0.02131292,0.9602882,-0.04868283,-0.2739021,6.037215,211.796,359.1781,0.05595853,0.009313877,-0.9983894,0.0,0.0,0.0,-1.338324,0.1660755,-4.292686,0.2445542,0.3601261,2.063784,-0.8490469,-0.01426444,0.528125,-0.06760176,0.9943514,-0.0818238,-0.5239747,-0.1051744,-0.8452154,moving,51.64908,-5.287657,6.757921,9.898335,-4.406344323336942,1.4620061267362123,47.39019423242898,13.993300720978162,133.4016968380717
2632,05/05/2023 11:22:26.846315,2814,True,True,True,True,Eyes,0.07990398,0.02311459,-2.469501,-0.7767515,0.05695539,-0.6272265,0.0,0.0,0.0,0.0,0.0,0.0,0.0,1.345371,-0.2618951,-2.276836,-0.02784673,0.02945045,-2.657244,-0.02058539,0.9622486,-0.05082839,-0.2665907,6.245846,210.9314,359.2786,0.05379757,0.009308737,-0.9985083,0.0,0.0,0.0,-1.319053,0.1618161,-4.321029,0.2478312,0.3622038,2.06405,-0.8570117,-0.01251578,0.5151456,-0.06671727,0.9939854,-0.08684334,-0.5109603,-0.1087948,-0.8526921,moving,51.07914,-5.188522,6.846747,9.953046,-4.446300002681687,1.481645435037121,46.752237080219736,14.117278000267303,134.0240690807256
2633,05/05/2023 11:22:26.856243,2815,True,True,True,True,Eyes,0.07533474,0.02343358,-2.478154,-0.7703578,0.05695447,-0.635063,0.0,0.0,0.0,0.0,0.0,0.0,0.0,1.312305,-0.2490547,-2.30876,-0.03091605,0.03061332,-2.666956,-0.01910241,0.9644545,-0.04726041,-0.2592859,5.800617,210.0594,359.2894,0.0516529,0.009313527,-0.9986215,0.0,0.0,0.0,-1.299165,0.181282,-4.348036,0.2511292,0.364295,2.064319,-0.864812,-0.01233888,0.5019445,-0.06135472,0.9948031,-0.08125506,-0.4983334,-0.101067,-0.8610747,moving,50.49872,-5.124758,6.936084,10.00807,-4.485041245198266,1.4997538723010506,46.11621990738269,14.241964232344047,134.64934941131534
2634,05/05/2023 11:22:26.876507,2816,True,True,True,True,Eyes,0.07082626,0.02375201,-2.486818,-0.763823,0.05695777,-0.6429075,0.0,0.0,0.0,0.0,0.0,0.0,0.0,1.279719,-0.2321473,-2.339549,-0.03364533,0.03104417,-2.676372,-0.01749639,0.9665653,-0.04309898,-0.2521666,5.28673,209.2118,359.3045,0.04952698,0.009327493,-0.9987291,0.0,0.0,0.0,-1.278921,0.2023412,-4.373726,0.2541039,0.3661813,2.06456,-0.8722119,-0.01208656,0.4889791,-0.05555905,0.9956727,-0.07449194,-0.4859628,-0.09213996,-0.869109,moving,49.91278,-5.062846,7.016617,10.05769,-4.524022097763974,1.5179094712038714,45.48308926458124,14.356677967581636,135.27141175204952
2635,05/05/2023 11:22:26.896615,2817,True,True,True,True,Eyes,0.06641336,0.02407696,-2.495514,-0.7571056,0.05710705,-0.6507917,0.0,0.0,0.0,0.0,0.0,0.0,0.0,1.247952,-0.2286069,-2.367622,-0.03604247,0.03135484,-2.685702,-0.0163272,0.96843,-0.04171747,-0.2452276,5.095073,208.3911,359.3578,0.04742198,0.009349617,-0.998831,0.0,0.0,0.0,-1.259421,0.2118819,-4.39921,0.2573702,0.3682526,2.064826,-0.8791939,-0.01116295,0.4763338,-0.05208405,0.9959862,-0.07279312,-0.4736093,-0.08880865,-0.8762464,moving,49.31836,-5.014866,7.104985,10.11213,-4.562790040284025,1.535573547549573,44.84188930982548,14.480825079143244,135.90380619036057
2636,05/05/2023 11:22:26.906911,2818,True,True,True,True,Eyes,0.06207886,0.02437763,-2.5042,-0.7502763,0.05711816,-0.6586524,0.0,0.0,0.0,0.0,0.0,0.0,0.0,1.216815,-0.2264064,-2.39467,-0.03828794,0.03181454,-2.695156,-0.01457455,0.9701895,-0.04046651,-0.2385002,4.903193,207.6,359.4837,0.04534102,0.00937926,-0.9989274,0.0,0.0,0.0,-1.239939,0.2218597,-4.424162,0.2605394,0.3702618,2.065084,-0.8858106,-0.008977623,0.4639603,-0.0475827,0.9963001,-0.0715683,-0.4616012,-0.08547244,-0.8829604,moving,48.72076,-4.956275,7.190678,10.16492,-4.602307997664079,1.5538588308846557,44.19726517732459,14.602222200725038,136.5379882379169
2637,05/05/2023 11:22:26.926445,2819,True,True,True,True,Eyes,0.05786465,0.02467518,-2.512885,-0.7432263,0.05694658,-0.6666121,0.0,0.0,0.0,0.0,0.0,0.0,0.0,1.183058,-0.2326144,-2.420889,-0.03997128,0.03158486,-2.704041,-0.01252908,0.9719407,-0.0409197,-0.231301,4.895519,206.759,359.688,0.04328613,0.009414633,-0.9990181,0.0,0.0,0.0,-1.218137,0.2248976,-4.450039,0.2638538,0.3723633,2.065353,-0.892686,-0.005425514,0.4506471,-0.04328458,0.9963372,-0.07374705,-0.4485964,-0.085339,-0.8896511,moving,48.11054,-4.882744,7.28024,10.22009,-4.643378574028987,1.573227294219723,43.533998126999045,14.728914235324439,137.18892233276424
2638,05/05/2023 11:22:26.946828,2820,True,True,True,True,Eyes,0.05373965,0.02500809,-2.521557,-0.7361123,0.05654403,-0.6744935,0.0,0.0,0.0,0.0,0.0,0.0,0.0,1.146791,-0.2516646,-2.44598,-0.04143523,0.03185831,-2.712665,-0.01116172,0.9736182,-0.04387685,-0.2236467,5.188412,205.8681,359.8787,0.04126031,0.009454983,-0.9991034,0.0,0.0,0.0,-1.194761,0.2173775,-4.477236,0.2670868,0.3744133,2.065616,-0.8997152,-0.002108676,0.4364725,-0.04136032,0.9959005,-0.08044603,-0.4345135,-0.09043115,-0.8961139,moving,47.50124,-4.792006,7.367542,10.27388,-4.685294769075511,1.593447489955046,42.86834072039878,14.853308814652173,137.83996149349358
2639,05/05/2023 11:22:26.956289,2821,True,True,True,True,Eyes,0.04973186,0.02536169,-2.530239,-0.7288185,0.05613884,-0.6824016,0.0,0.0,0.0,0.0,0.0,0.0,0.0,1.110669,-0.2690466,-2.470404,-0.0427643,0.0331144,-2.721385,-0.01070156,0.9752178,-0.04651837,-0.2160363,5.47175,204.9795,359.9555,0.03926582,0.009501148,-0.9991834,0.0,0.0,0.0,-1.17152,0.2105808,-4.503768,0.2701905,0.3763812,2.065867,-0.9064276,-0.0007733861,0.4223605,-0.04097201,0.995443,-0.08610724,-0.4203693,-0.09535494,-0.9023288,moving,46.88386,-4.702938,7.451301,10.32549,-4.727616245747104,1.6137896683295434,42.19929332867631,14.973969011173471,138.4944234281
2640,05/05/2023 11:22:26.976662,2822,True,True,True,True,Eyes,-0.04851151,0.03389353,-2.746542,-0.5230545,0.0467363,-0.8510168,0.0,0.0,0.0,0.0,0.0,0.0,0.0,1.077525,-0.2730545,-2.494382,-0.04407537,0.0339675,-2.730287,-0.01057659,0.9767264,-0.04678822,-0.2090562,5.498563,204.1593,359.9368,0.03730504,0.009553296,-0.999258,0.0,0.0,0.0,-1.150451,0.2123575,-4.527765,0.2733889,0.3784096,2.066128,-0.9123672,-0.001098129,0.4093713,-0.04022361,0.995398,-0.08697637,-0.4073918,-0.09582078,-0.9082127,moving,31.57584,-3.143423,7.53756,10.37865,-5.742975478897604,2.085166216471962,27.580525077955443,15.657410254377977,152.77926794197046
2641,05/05/2023 11:22:26.996678,2823,True,True,True,True,Eyes,-0.04853407,0.03390595,-2.746885,-0.5226234,0.04656428,-0.8512911,0.0,0.0,0.0,0.0,0.0,0.0,0.0,1.04674,-0.2858218,-2.515269,-0.04494123,0.03404823,-2.738751,-0.01065972,0.9779906,-0.048898,-0.2025581,5.736982,203.3999,359.9401,0.0301691,0.009935707,-0.9994952,-0.2947301,0.02559554,-0.64891,-1.130765,0.2057191,-4.550568,0.276566,0.3804246,2.066387,-0.9177133,-0.001040832,0.3972424,-0.04065959,0.9949908,-0.09132515,-0.3951575,-0.099962,-0.9131585,moving,31.54654,-3.130869,7.623184,10.43142,-5.745420370005888,2.086555207759495,27.50022991217086,15.759325848605188,152.86146832932832
2642,05/05/2023 11:22:27.006688,2824,True,True,True,True,Eyes,-0.04856794,0.03392256,-2.747546,-0.5219884,0.04652105,-0.851683,0.0,0.0,0.0,0.0,0.0,0.0,0.0,1.017082,-0.2999407,-2.535016,-0.04560474,0.03439626,-2.747266,-0.01057471,0.9791478,-0.05116734,-0.1963152,5.989877,202.6726,359.9644,0.02418059,0.01025256,-0.9996548,-0.2770463,0.02405981,-0.6099755,-1.111748,0.1990097,-4.572639,0.2798974,0.3825365,2.066657,-0.9226971,-0.0006185535,0.3855254,-0.04079827,0.9945402,-0.09604882,-0.3833611,-0.1043527,-0.9176844,moving,31.50374,-3.126532,7.712915,10.48671,-5.748258013296463,2.087871954719821,27.410284783839604,15.866431842249433,152.95401069087754
2643,05/05/2023 11:22:27.026510,2825,True,True,True,True,Eyes,-0.04860117,0.03392912,-2.748505,-0.5209268,0.0462862,-0.8523456,0.0,0.0,0.0,0.0,0.0,0.0,0.0,0.9871314,-0.3101684,-2.554586,-0.04591315,0.03454483,-2.755584,-0.01040296,0.9803055,-0.05272651,-0.190034,6.161425,201.9405,359.9795,0.01914798,0.01051537,-0.9997612,-0.2604235,0.02261622,-0.573377,-1.091828,0.1949112,-4.594184,0.2830414,0.3845304,2.066913,-0.9275578,-0.0003565013,0.3736798,-0.04043582,0.9942234,-0.09942233,-0.3714857,-0.10733,-0.922214,moving,31.43196,-3.108365,7.797538,10.53887,-5.753587899475498,2.090634405791974,27.291627405109224,15.968897826671666,153.07368807290484
2644,05/05/2023 11:22:27.046803,2826,True,True,True,True,Eyes,-0.04863809,0.03392308,-2.749736,-0.5196652,0.0460954,-0.8531256,0.0,0.0,0.0,0.0,0.0,0.0,0.0,0.9555349,-0.3256739,-2.573316,-0.04603596,0.03435271,-2.763651,-0.01019675,0.9814115,-0.05530855,-0.1834904,6.448085,201.1811,0.01630424,0.01491168,0.01073317,-0.999831,-0.2447981,0.02125924,-0.5389743,-1.070697,0.1863929,-4.616085,0.2862334,0.3865542,2.067173,-0.9324549,0.0002827614,0.361287,-0.04031157,0.993674,-0.1048189,-0.3590311,-0.1123029,-0.9265448,moving,31.34689,-3.092753,7.883393,10.59178,-5.7595944459253925,2.093607251708783,27.16251341273664,16.07327118260242,153.20396684269036
2645,05/05/2023 11:22:27.066336,2827,True,True,True,True,Eyes,-0.04866622,0.03391102,-2.751242,-0.5179698,0.0458245,-0.8541706,0.0,0.0,0.0,0.0,0.0,0.0,0.0,0.9225937,-0.3422053,-2.59158,-0.04594379,0.03406616,-2.771515,-0.009393139,0.9824973,-0.05798524,-0.1767731,6.734086,200.4063,0.1178682,0.01133818,0.01091334,-0.999876,-0.2301102,0.01998369,-0.5066359,-1.048262,0.1781279,-4.637971,0.2894323,0.3885827,2.067435,-0.9373264,0.002042992,0.3484475,-0.03895792,0.993099,-0.1106198,-0.3462689,-0.1172616,-0.9307782,moving,31.23266,-3.070857,7.969379,10.64478,-5.767708766847708,2.0976465580177326,27.00553538074611,16.17903181247656,153.36132422478573
2646,05/05/2023 11:22:27.076749,2828,True,True,True,True,Eyes,-0.0487078,0.03388729,-2.752993,-0.5160058,0.0458534,-0.855357,0.0,0.0,0.0,0.0,0.0,0.0,0.0,0.8883283,-0.3537084,-2.610526,-0.04587026,0.03393069,-2.779536,-0.0078924,0.9836242,-0.05958933,-0.1699129,6.886854,199.6177,0.2726149,0.008316677,0.01106215,-0.999904,-0.2163036,0.01878467,-0.4762377,-1.024763,0.1751759,-4.659805,0.2926469,0.390621,2.067697,-0.9421348,0.004723678,0.3352014,-0.0357763,0.9927737,-0.114545,-0.3333202,-0.119909,-0.9351577,moving,31.10105,-3.068536,8.055727,10.69801,-5.775857266740827,2.1011352245320056,26.844081301926597,16.285545100887177,153.52458471536556
2647,05/05/2023 11:22:27.096605,2829,True,True,True,True,Eyes,-0.04872948,0.03384982,-2.754996,-0.5136159,0.04594561,-0.8567892,0.0,0.0,0.0,0.0,0.0,0.0,0.0,0.8526657,-0.3596111,-2.629907,-0.04559619,0.0335879,-2.787394,-0.006269947,0.9847947,-0.06020086,-0.1628372,6.927478,198.8033,0.4188372,0.005716146,0.01118692,-0.9999208,-0.2033254,0.01765759,-0.4476635,-1.000075,0.1761604,-4.681318,0.2959664,0.3927255,2.067964,-0.9468895,0.007256658,0.3214773,-0.0319551,0.992673,-0.116529,-0.3199675,-0.1206129,-0.9397197,moving,30.94125,-3.069565,8.144844,10.75295,-5.7855495132020325,2.105175442215038,26.65967080520802,16.396337037123086,153.71091837771
2648,05/05/2023 11:22:27.106584,2830,True,True,True,True,Eyes,-0.04872283,0.03380381,-2.757241,-0.5109689,0.04636508,-0.8583478,0.0,0.0,0.0,0.0,0.0,0.0,0.0,0.8166587,-0.3588231,-2.649812,-0.04525088,0.03320703,-2.79536,-0.005039955,0.9859862,-0.05967504,-0.1557077,6.848649,197.978,0.4988923,0.003376217,0.01129689,-0.9999302,-0.1911259,0.01659813,-0.4208037,-0.9748339,0.1810061,-4.702381,0.2990381,0.3946733,2.068215,-0.9514597,0.008645073,0.3076528,-0.02852237,0.9928269,-0.116108,-0.3064497,-0.119247,-0.9443883,moving,30.76507,-3.091922,8.22724,10.80375,-5.795123083222886,2.1085502371215648,26.477225712685307,16.499489851328534,153.89658237069153
2649,05/05/2023 11:22:27.126491,2831,True,True,True,True,Eyes,-0.04868888,0.03373358,-2.759727,-0.5079422,0.04699966,-0.860108,0.0,0.0,0.0,0.0,0.0,0.0,0.0,0.7803581,-0.3531936,-2.669844,-0.04471515,0.03287614,-2.803336,-0.003858929,0.9871788,-0.05829324,-0.1485435,6.675044,197.1471,0.5595278,0.001271972,0.01139315,-0.999934,-0.1796583,0.01560224,-0.3955554,-0.9489937,0.189232,-4.722928,0.3020245,0.396567,2.068458,-0.95584,0.00969925,0.2937278,-0.02493706,0.993174,-0.1139452,-0.292828,-0.1162381,-0.9490736,moving,30.56424,-3.127754,8.307299,10.85311,-5.805493897351912,2.111870878505051,26.28375888003801,16.600607963044617,154.09400567953585
2650,05/05/2023 11:22:27.146784,2832,True,True,True,True,Eyes,-0.04860485,0.03363241,-2.762449,-0.5047074,0.04789628,-0.8619608,0.0,0.0,0.0,0.0,0.0,0.0,0.0,0.7457762,-0.338792,-2.690146,-0.04413353,0.03217477,-2.811559,-0.002955488,0.98835,-0.05545897,-0.1417035,6.342026,196.3498,0.5693091,-0.0006189183,0.01147608,-0.9999337,-0.1688788,0.01466611,-0.3718221,-0.9244791,0.2028151,-4.742238,0.3052345,0.3986025,2.068718,-0.9598228,0.009875347,0.2804331,-0.02155958,0.9938311,-0.1087881,-0.2797775,-0.1104633,-0.9536888,moving,30.35043,-3.180465,8.393298,10.90615,-5.815771818632072,2.114665335243425,26.087321974929683,16.70891581525896,154.29589611441966
2651,05/05/2023 11:22:27.156662,2833,True,True,True,True,Eyes,-0.04847123,0.03350488,-2.765385,-0.5011793,0.04885506,-0.8639632,0.0,0.0,0.0,0.0,0.0,0.0,0.0,0.7131884,-0.3257772,-2.709112,-0.04332509,0.03111974,-2.819789,-0.002946643,0.9893925,-0.05308573,-0.1351873,6.075677,195.5871,0.4910538,-0.002316342,0.01154584,-0.9999304,-0.1587461,0.01378614,-0.3495128,-0.9014636,0.2131799,-4.760633,0.3085133,0.4006816,2.068985,-0.9634315,0.008522259,0.2678194,-0.02018381,0.9943464,-0.1042486,-0.2671938,-0.1058419,-0.9578126,moving,30.11773,-3.236493,8.481074,10.96028,-5.827028010642966,2.1177748439594515,25.878432071434798,16.819978614182865,154.51038057155458
2652,05/05/2023 11:22:27.176274,2834,True,True,True,True,Eyes,-0.0482984,0.03334184,-2.768529,-0.4975468,0.04984553,-0.8660038,0.0,0.0,0.0,0.0,0.0,0.0,0.0,0.6831636,-0.3169835,-2.726174,-0.04209905,0.03033787,-2.827811,-0.003638786,0.9902867,-0.0515295,-0.1290882,5.9118,194.8719,0.3511918,-0.003836812,0.01160267,-0.9999251,-0.1492213,0.01295897,-0.328542,-0.8769261,0.2177792,-4.778358,0.3087,0.4008,2.069001,-0.9666461,0.006096818,0.2560437,-0.02051059,0.9946629,-0.1011185,-0.2552937,-0.1029974,-0.961362,moving,29.87874,-3.294201,8.486071,10.96336,-5.838579788478283,2.120959983796037,25.708448662108765,16.834003037258114,154.68261154842367
2653,05/05/2023 11:22:27.196339,2835,True,True,True,True,Eyes,-0.04806261,0.03315528,-2.771867,-0.4937126,0.05076183,-0.8681423,0.0,0.0,0.0,0.0,0.0,0.0,0.0,0.6566288,-0.3076879,-2.742172,-0.04073465,0.02939789,-2.835986,-0.004733064,0.9910605,-0.04996584,-0.1236132,5.751175,194.228,0.1711084,-0.005197169,0.01164654,-0.9999183,-0.1402681,0.01218143,-0.3088295,-0.8546582,0.2217646,-4.794869,0.3087002,0.4008,2.069,-0.9693949,0.00297137,0.2454893,-0.02173438,0.994962,-0.09786819,-0.2445433,-0.1002085,-0.9644465,static,29.62689,-3.346376,8.486078,10.96336,-5.851205850947759,2.124755930287278,25.528464043280003,16.842761950576563,154.86399383938763
2654,05/05/2023 11:22:27.206673,2836,True,True,True,True,Eyes,-0.04775459,0.03294038,-2.775401,-0.4897679,0.0515773,-0.8703259,0.0,0.0,0.0,0.0,0.0,0.0,0.0,0.632558,-0.3074939,-2.756046,-0.03906751,0.02865414,-2.843962,-0.005968845,0.9916669,-0.0500104,-0.1185753,5.773885,193.6372,0.001254314,-0.006410598,0.01167782,-0.999911,-0.131852,0.01145055,-0.2902997,-0.8339037,0.2192802,-4.810837,0.3087001,0.4008,2.069001,-0.9718087,2.17807e-05,0.2357714,-0.02369821,0.9949266,-0.09777179,-0.2345773,-0.1006028,-0.9668779,static,29.36824,-3.391499,8.486073,10.96336,-5.864616202710387,2.129084752905956,25.34022248374647,16.851904928945185,155.05294806439613
2655,05/05/2023 11:22:27.226601,2837,True,True,True,True,Eyes,-0.04737519,0.0326968,-2.779127,-0.485715,0.05244372,-0.8725426,0.0,0.0,0.0,0.0,0.0,0.0,0.0,0.6123856,-0.3054078,-2.769222,-0.0372035,0.02775768,-2.852144,-0.007454534,0.992181,-0.04976849,-0.1142118,5.765746,193.1231,359.8028,-0.007490163,0.01169672,-0.9999033,-0.1239409,0.01076352,-0.2728817,-0.8156789,0.2176157,-4.825625,0.3087001,0.4007999,2.069,-0.9738001,-0.003424196,0.2273796,-0.02616079,0.994935,-0.0970559,-0.2258956,-0.1004615,-0.9689575,static,29.10321,-3.439596,8.486076,10.96336,-5.878259817575583,2.1334256877681312,25.14977844657666,16.86125391062048,155.24420028060953
2656,05/05/2023 11:22:27.246414,2838,True,True,True,True,Eyes,-0.04691686,0.03246055,-2.783039,-0.4815974,0.05321806,-0.8747753,0.0,0.0,0.0,0.0,0.0,0.0,0.0,0.595111,-0.2965669,-2.782472,-0.03517125,0.02680673,-2.860472,-0.008646131,0.9926769,-0.04831273,-0.1103805,5.61403,192.6715,359.6258,-0.008445074,0.01170335,-0.9998956,-0.1165044,0.0101177,-0.2565088,-0.7991385,0.2212659,-4.839169,0.3087001,0.4008,2.069001,-0.9754829,-0.006500065,0.2199797,-0.02783119,0.9951822,-0.09400913,-0.2183088,-0.09782659,-0.9709642,static,28.83447,-3.48137,8.486073,10.96336,-5.892461060138101,2.138183279117831,24.95410758257063,16.87086203705525,155.4400784467274
2657,05/05/2023 11:22:27.256623,2839,True,True,True,True,Eyes,-0.04637707,0.03225647,-2.787148,-0.4774377,0.05413193,-0.8769965,0.0,0.0,0.0,0.0,0.0,0.0,0.0,0.5796703,-0.2948306,-2.794451,-0.03277408,0.02672126,-2.868818,-0.009732504,0.9930713,-0.04795363,-0.1068414,5.585004,192.2558,359.4771,-0.009285104,0.01169918,-0.9998882,-0.1095141,0.009510643,-0.2411183,-0.7833374,0.2214379,-4.852612,0.3086998,0.4008,2.069,-0.9769803,-0.009083278,0.2131356,-0.029577,0.9952114,-0.09316308,-0.2112688,-0.09732242,-0.9725707,static,28.56391,-3.532057,8.48607,10.96336,-5.906306220211965,2.142534090779664,24.76361793174594,16.880386932321652,155.6313968512091
2658,05/05/2023 11:22:27.276493,2840,True,True,True,True,Eyes,-0.04574007,0.03200764,-2.791445,-0.4729297,0.05567782,-0.8793392,0.0,0.0,0.0,0.0,0.0,0.0,0.0,0.5674153,-0.2807715,-2.807467,-0.03032486,0.02725164,-2.877672,-0.01105261,0.9934964,-0.04534758,-0.1038582,5.301757,191.9024,359.2783,-0.01001982,0.01168639,-0.9998813,-0.1029433,0.008940004,-0.2266512,-0.7697635,0.2312557,-4.864708,0.3087001,0.4008,2.069,-0.9781827,-0.01254203,0.2073679,-0.0313809,0.9956428,-0.08780949,-0.205363,-0.09240111,-0.9743141,static,28.27243,-3.623006,8.486077,10.96336,-5.919317365180977,2.1453726074735697,24.581737898825725,16.8900055793698,155.81694681145774
2659,05/05/2023 11:22:27.296898,2841,True,True,True,True,Eyes,-0.04500102,0.03171146,-2.795896,-0.468394,0.05707968,-0.8816739,0.0,0.0,0.0,0.0,0.0,0.0,0.0,0.5583474,-0.2540216,-2.820721,-0.02748789,0.0257987,-2.886403,-0.01154357,0.9939346,-0.04082032,-0.1014612,4.789079,191.6219,359.1569,-0.01065604,0.01166418,-0.9998749,-0.0967667,0.008403604,-0.2130521,-0.7576172,0.2478929,-4.874941,0.3086999,0.4007999,2.069,-0.9791446,-0.01466376,0.2026341,-0.03123048,0.996401,-0.078803,-0.2007492,-0.08348791,-0.9760785,static,27.97972,-3.704167,8.486072,10.96336,-5.932916465742268,2.1487405258736976,24.395463935814647,16.899844521440286,156.00600060501856
2660,05/05/2023 11:22:27.306441,2842,True,True,True,True,Eyes,-0.04416641,0.03140431,-2.800518,-0.4635189,0.05857558,-0.8841488,0.0,0.0,0.0,0.0,0.0,0.0,0.0,0.5471912,-0.2590063,-2.830735,-0.02434769,0.02438456,-2.894542,-0.01181484,0.9941719,-0.04182011,-0.09866069,4.903862,191.2973,359.1236,-0.01119878,0.01163183,-0.9998694,-0.0909607,0.007899388,-0.200269,-0.7435088,0.2420996,-4.887556,0.3087002,0.4008,2.069001,-0.9802531,-0.01523997,0.1971595,-0.03174397,0.996223,-0.08082142,-0.1951832,-0.08548408,-0.9770345,static,27.66597,-3.790353,8.486076,10.96336,-5.947535457727724,2.152391675494784,24.197941671505966,16.910419939436256,156.20630591302483
2661,05/05/2023 11:22:27.326712,2843,True,True,True,True,Eyes,-0.04322788,0.03108765,-2.805294,-0.4586379,0.0601401,-0.8865858,0.0,0.0,0.0,0.0,0.0,0.0,0.0,0.5363492,-0.2617301,-2.841462,-0.02108269,0.02380462,-2.903285,-0.01212172,0.9944202,-0.04227233,-0.09588939,4.956397,190.9759,359.0797,-0.01165488,0.0115899,-0.9998646,-0.08550306,0.007425425,-0.1882529,-0.7293829,0.2393582,-4.900421,0.3087001,0.4008001,2.069002,-0.9813169,-0.01600123,0.1917335,-0.0322151,0.9961323,-0.08174822,-0.1896838,-0.0863976,-0.9780369,static,27.35288,-3.880621,8.486067,10.96335,-5.9619002800691,2.1558182770018783,24.006251432195945,16.92088572083523,156.40096995300058
2662,05/05/2023 11:22:27.346549,2844,True,True,True,True,Eyes,-0.04217327,0.03075464,-2.810217,-0.4535444,0.06177736,-0.8890899,0.0,0.0,0.0,0.0,0.0,0.0,0.0,0.5258509,-0.2521743,-2.852897,-0.01769299,0.02323211,-2.911747,-0.0122522,0.9947436,-0.04058619,-0.09320828,4.762735,190.6659,359.0335,-0.01203005,0.01153888,-0.9998601,-0.08037287,0.006979899,-0.1769577,-0.7153496,0.2456137,-4.911877,0.3087001,0.4008,2.069001,-0.9823244,-0.01680966,0.1864312,-0.03194154,0.9964053,-0.07846168,-0.1844421,-0.08302972,-0.9793301,static,27.02713,-3.974741,8.486073,10.96336,-5.976835370084792,2.1593731622955232,23.81003267875645,16.931801521395837,156.6001567190134
2663,05/05/2023 11:22:27.366340,2845,True,True,True,True,Eyes,-0.04101249,0.03040352,-2.815287,-0.4485058,0.06343448,-0.891526,0.0,0.0,0.0,0.0,0.0,0.0,0.0,0.516725,-0.2493276,-2.863323,-0.01410914,0.02248188,-2.920117,-0.01258079,0.9949871,-0.04012006,-0.09073382,4.710485,190.3789,358.9792,-0.0123275,0.01147919,-0.9998568,-0.0755505,0.006561105,-0.1663402,-0.7020665,0.2464756,-4.923424,0.3086998,0.4008,2.069,-0.9832181,-0.01775496,0.1815674,-0.03231594,0.9964642,-0.07755487,-0.1795485,-0.08212088,-0.9803154,static,26.70589,-4.06989,8.48607,10.96336,-5.991441471541743,2.162760200462005,23.62118638838659,16.942517382025937,156.7919364748581
2664,05/05/2023 11:22:27.376466,2846,True,True,True,True,Eyes,-0.03974122,0.03009702,-2.820478,-0.4432493,0.06496342,-0.8940414,0.0,0.0,0.0,0.0,0.0,0.0,0.0,0.5107583,-0.2424639,-2.873728,-0.01043125,0.02167748,-2.928719,-0.01278913,0.9952039,-0.03897084,-0.08880937,4.579338,190.1562,358.9346,-0.01255129,0.01141104,-0.9998547,-0.07101747,0.006167439,-0.1563598,-0.6908059,0.2502198,-4.934102,0.3087,0.4008,2.069001,-0.9838987,-0.01853363,0.1777637,-0.03237754,0.9966354,-0.07529628,-0.17577,-0.07983945,-0.9811884,static,26.37137,-4.155959,8.486071,10.96336,-6.007333353158307,2.166949232230639,23.419601348937643,16.95392615707279,156.99543073799475
2665,05/05/2023 11:22:27.396507,2847,True,True,True,True,Eyes,-0.03836066,0.02992389,-2.825798,-0.438054,0.06638946,-0.8964938,0.0,0.0,0.0,0.0,0.0,0.0,0.0,0.5051165,-0.2524028,-2.882105,-0.006381258,0.02246423,-2.936806,-0.01311437,0.9953115,-0.0404545,-0.08687104,4.749999,189.9308,358.9031,-0.01270496,0.01133686,-0.9998536,-0.06675642,0.005797393,-0.1469782,-0.6791878,0.2445952,-4.945459,0.3087002,0.4008,2.069001,-0.9845631,-0.01907712,0.1739886,-0.03313442,0.9963829,-0.07825115,-0.1718664,-0.08280819,-0.981634,static,26.04153,-4.235283,8.486075,10.96336,-6.023293272823434,2.1713615147123724,23.220524311446418,16.96528823927596,157.19579739596065
2666,05/05/2023 11:22:27.406413,2848,True,True,True,True,Eyes,-0.001754776,0.02592352,-2.962373,-0.2969038,0.1159768,-0.9478383,0.0,0.0,0.0,0.0,0.0,0.0,0.0,0.4992444,-0.2575614,-2.891267,-0.002409622,0.02550133,-2.945225,-0.01404776,0.9954575,-0.04077539,-0.08487954,4.793516,189.6966,358.7898,-0.01279178,0.01126197,-0.9998534,-0.06275103,0.005449549,-0.1381595,-0.6677895,0.2454173,-4.956594,0.3087001,0.4008,2.069,-0.9851963,-0.0210459,0.1701336,-0.03488989,0.9962801,-0.0787956,-0.1678424,-0.08356507,-0.9822658,static,17.39281,-6.975996,8.486076,10.96336,-6.407150525355991,2.253443817915632,20.0287394571274,17.253139894943832,160.37681226963534
2667,05/05/2023 11:22:27.426468,2849,True,True,True,True,Eyes,-0.00158237,0.02594643,-2.962659,-0.2966669,0.1158127,-0.9479326,0.0,0.0,0.0,0.0,0.0,0.0,0.0,0.4959007,-0.2163884,-2.90433,0.001663543,0.0254994,-2.954187,-0.01364176,0.9958518,-0.03360659,-0.08344898,3.968679,189.5371,358.7616,-0.0115227,0.01099975,-0.9998719,0.05083167,-0.006878538,-0.5395927,-0.6577424,0.275391,-4.964022,0.3087,0.4008,2.069001,-0.9857005,-0.02156147,0.1671225,-0.03277921,0.997369,-0.06465758,-0.1652887,-0.06921114,-0.9838139,static,17.37814,-6.965533,8.486069,10.96336,-6.408593557177039,2.2543517612623383,20.012849144349484,17.25392121213529,160.39184813014862
2668,05/05/2023 11:22:27.446340,2850,True,True,True,True,Eyes,-0.00127942,0.02611857,-2.963283,-0.2959016,0.1155711,-0.9482013,2.116597,-0.6275837,0.270736,-4.970243,0.8868237,0.2234714,0.4044805,0.2964899,0.403332,2.06065,0.005922683,0.02610547,-2.96134,-0.01175495,0.9960201,-0.03615576,-0.08061288,4.23911,189.2169,358.9895,-0.01041364,0.01077325,-0.9998865,0.04778177,-0.006465825,-0.5072172,-0.6408913,0.2673794,-4.976313,0.3087,0.4008,2.069,-0.9867266,-0.01758708,0.1614341,-0.02924557,0.9971091,-0.07012854,-0.1597341,-0.07391893,-0.9843886,static,17.33138,-6.949193,8.486073,10.96336,-6.412301734850558,2.2563805003547954,19.977462574162363,17.256102159736866,160.4252531387854
2669,05/05/2023 11:22:27.456625,2851,True,True,True,True,Eyes,-0.0008355014,0.02640988,-2.964225,-0.2949363,0.1158312,-0.9484702,2.122011,-0.6266936,0.272205,-4.976889,0.9461974,0.3213375,-0.0381115,0.3140069,0.4057609,2.056161,0.009815402,0.02994584,-2.970098,-0.01023946,0.9962312,-0.03769496,-0.077444,4.398433,188.858,359.1631,-0.00941611,0.01057747,-0.9998986,0.04491486,-0.006077876,-0.4767841,-0.6232924,0.2663518,-4.989995,0.3086999,0.4007999,2.068999,-0.987795,-0.01456324,0.1550762,-0.02624024,0.9969485,-0.07351981,-0.1535323,-0.07669176,-0.9851629,static,17.27361,-6.962726,8.486073,10.96336,-6.415115921854569,2.257171616936048,19.96410192835543,17.258132791417474,160.43764015833935
2670,05/05/2023 11:22:27.476756,2852,True,True,True,True,Eyes,-0.0002482368,0.02677236,-2.96545,-0.2940215,0.1163963,-0.948685,0.0,0.0,0.0,0.0,0.0,0.0,0.0,0.4581845,-0.2155577,-2.935516,0.01359057,0.03298967,-2.978654,-0.009560273,0.9966749,-0.03152957,-0.07452261,3.685191,188.5257,359.1756,-0.008503517,0.01041083,-0.9999086,0.04221997,-0.005713203,-0.4481771,-0.6072476,0.2955036,-4.999135,0.3087,0.4008,2.069001,-0.9887101,-0.01435764,0.1491525,-0.0237563,0.997829,-0.06142455,-0.1479468,-0.06427438,-0.9869046,static,17.21953,-6.99479,8.486068,10.96336,-6.416733943223177,2.2569255867336357,19.969189015279113,17.25964964741305,160.4324687258229
2671,05/05/2023 11:22:27.497499,2853,True,True,True,True,Eyes,0.0004608792,0.02718229,-2.966968,-0.2929381,0.1170762,-0.9489365,0.0,0.0,0.0,0.0,0.0,0.0,0.0,0.4462407,-0.214806,-2.945552,0.01733425,0.03504312,-2.98664,-0.009301669,0.996904,-0.03093602,-0.0716859,3.612834,188.2004,359.1899,-0.007662082,0.01027264,-0.9999169,0.03968677,-0.005370411,-0.4212865,-0.5918776,0.3002746,-5.010303,0.3086999,0.4008,2.069,-0.9895492,-0.01411039,0.1435034,-0.02298109,0.9979129,-0.06034688,-0.1423524,-0.06301407,-0.9878082,static,17.15554,-7.033392,8.486072,10.96336,-6.418613751020989,2.256600778623388,19.976054614275764,17.261440075373628,160.42550446698837
2672,05/05/2023 11:22:27.506478,2854,True,True,True,True,Eyes,0.001296826,0.02759482,-2.968748,-0.2918026,0.1179815,-0.9491741,0.0,0.0,0.0,0.0,0.0,0.0,0.0,0.4356178,-0.2081221,-2.956319,0.02092472,0.03655999,-2.995183,-0.008337,0.9971395,-0.02938377,-0.06913665,3.425591,187.9109,359.2789,-0.00688037,0.01016153,-0.9999238,0.03730557,-0.005048187,-0.3960093,-0.577329,0.3091065,-5.021142,0.3087,0.4008,2.069,-0.9903013,-0.01256331,0.1383677,-0.0206893,0.9981342,-0.05744665,-0.1373878,-0.05975223,-0.9887134,static,17.08889,-7.085472,8.486072,10.96336,-6.419949479879175,2.2556584890138334,19.99421951728419,17.26306872960454,160.40772152130216
2673,05/05/2023 11:22:27.526686,2855,True,True,True,True,Eyes,0.002241206,0.02798783,-2.970769,-0.2904801,0.1187035,-0.9494898,0.0,0.0,0.0,0.0,0.0,0.0,0.0,0.4241642,-0.1985404,-2.966791,0.02445661,0.03699475,-3.0032,-0.007207802,0.997381,-0.02753038,-0.06649308,3.203075,187.6111,359.385,-0.006149023,0.01007491,-0.9999295,0.03506723,-0.004745295,-0.3722487,-0.5623183,0.3182317,-5.031327,0.3087001,0.4008,2.069,-0.9910536,-0.01071669,0.1330347,-0.01803901,0.9983802,-0.05395801,-0.132241,-0.05587509,-0.9896416,static,17.0106,-7.126044,8.486074,10.96336,-6.422598204456808,2.2555997004408184,19.997351839678473,17.265387233842223,160.40413906851242
2674,05/05/2023 11:22:27.546642,2856,True,True,True,True,Eyes,0.00327726,0.02837708,-2.973036,-0.2889888,0.1193786,-0.9498601,0.0,0.0,0.0,0.0,0.0,0.0,0.0,0.4109112,-0.2114797,-2.975667,0.02795276,0.03695077,-3.010983,-0.006568092,0.99752,-0.0295622,-0.06353752,3.429046,187.2731,359.4635,-0.005459866,0.01000962,-0.9999342,0.0329632,-0.004460577,-0.3499138,-0.5464486,0.3103783,-5.043715,0.3087,0.4008,2.069,-0.9918398,-0.009346987,0.1271483,-0.01686022,0.9981659,-0.05814314,-0.1263716,-0.05981241,-0.9901783,static,16.92204,-7.163388,8.486073,10.96336,-6.426042457019239,2.2559681354056216,19.993612286942874,17.268174787367553,160.406970141529
2675,05/05/2023 11:22:27.556531,2857,True,True,True,True,Eyes,0.004411443,0.02877148,-2.975519,-0.2873091,0.1200196,-0.9502888,0.0,0.0,0.0,0.0,0.0,0.0,0.0,0.3963695,-0.2161883,-2.985581,0.03129617,0.03726188,-3.019134,-0.006277661,0.9976987,-0.03017618,-0.06039289,3.495591,186.9125,359.4902,-0.004804605,0.009963179,-0.999938,0.03098541,-0.004192943,-0.3289189,-0.530156,0.3084081,-5.055785,0.3087001,0.4008,2.068999,-0.9926267,-0.008881575,0.1208867,-0.01617128,0.9981,-0.05945523,-0.120129,-0.06097173,-0.9908842,static,16.8221,-7.198234,8.486078,10.96337,-6.430311680750944,2.256755087590716,19.983321111299293,17.271474295525582,160.41591507200573
2676,05/05/2023 11:22:27.576880,2858,True,True,True,True,Eyes,0.005633416,0.02918843,-2.97822,-0.2854741,0.1206106,-0.9507669,0.0,0.0,0.0,0.0,0.0,0.0,0.0,0.3804487,-0.2166413,-2.99541,0.03473005,0.03778339,-3.026801,-0.007069163,0.9978954,-0.03012455,-0.05698778,3.493081,186.5183,359.3872,-0.004177141,0.009933829,-0.9999411,0.02912628,-0.003941366,-0.3091838,-0.5134028,0.3084604,-5.06714,0.3087,0.4008,2.069001,-0.993405,-0.01067511,0.1141616,-0.01754203,0.9980851,-0.05931659,-0.1133098,-0.06092801,-0.99169,static,16.71273,-7.229707,8.486071,10.96336,-6.435332799725667,2.2579551264062734,19.966612260690844,17.275195089134506,160.430836128803
2677,05/05/2023 11:22:27.596845,2859,True,True,True,True,Eyes,0.006938702,0.02959485,-2.981138,-0.2835255,0.1213758,-0.9512525,0.0,0.0,0.0,0.0,0.0,0.0,0.0,0.3640155,-0.2183459,-3.005361,0.03805873,0.03875294,-3.034704,-0.009434069,0.9980655,-0.03030409,-0.05345981,3.525893,186.1045,359.1049,-0.003571351,0.0099205,-0.9999436,0.02737871,-0.003704884,-0.2906328,-0.4972739,0.3066896,-5.078799,0.3087,0.4008,2.069,-0.9941061,-0.01559153,0.1072846,-0.02207174,0.9979854,-0.05948224,-0.106141,-0.06149962,-0.9924474,static,16.59695,-7.271408,8.486074,10.96336,-6.440208867116082,2.258799045766013,19.957281215165555,17.278984392467574,160.43858045497035
2678,05/05/2023 11:22:27.606462,2860,True,True,True,True,Eyes,0.008296214,0.02997371,-2.984246,-0.2815092,0.122196,-0.9517462,0.0,0.0,0.0,0.0,0.0,0.0,0.0,0.3510695,-0.1999661,-3.016414,0.04131975,0.03886883,-3.042823,-0.01190376,0.9982765,-0.02731211,-0.05056294,3.194971,185.7655,358.7946,-0.002982372,0.009921148,-0.9999455,0.02573599,-0.003482591,-0.2731948,-0.4838704,0.3171598,-5.088166,0.3087001,0.4008,2.069001,-0.9946035,-0.02100452,0.1016018,-0.02652844,0.9982247,-0.0533263,-0.1003014,-0.05573386,-0.993395,static,16.47726,-7.316256,8.486073,10.96336,-6.445158486758815,2.2595830191323114,19.950023327716313,17.282864561289028,160.44423249499394
2679,05/05/2023 11:22:27.626371,2861,True,True,True,True,Eyes,0.00973244,0.03033968,-2.98754,-0.2793997,0.1229983,-0.9522642,0.0,0.0,0.0,0.0,0.0,0.0,0.0,0.3394302,-0.1925678,-3.026039,0.04444714,0.03859872,-3.050531,-0.01297598,0.9984228,-0.02611792,-0.04797415,3.060963,185.466,358.657,-0.002406829,0.009933376,-0.999947,0.02419183,-0.003273636,-0.2568031,-0.4709191,0.3210103,-5.097806,0.3087002,0.4008,2.068999,-0.9950603,-0.02340506,0.09647477,-0.028417,0.9982989,-0.05090844,-0.09511916,-0.05339849,-0.9940327,static,16.35199,-7.359805,8.486081,10.96336,-6.450516503347263,2.260575977375796,19.940183048645917,17.287000743953328,160.45220300258327
2680,05/05/2023 11:22:27.646561,2862,True,True,True,True,Eyes,0.01124467,0.03070761,-2.991003,-0.2771305,0.1237558,-0.9528291,0.0,0.0,0.0,0.0,0.0,0.0,0.0,0.3291987,-0.1914503,-3.035078,0.04773407,0.03865398,-3.058259,-0.01341707,0.9985338,-0.02586917,-0.0456178,3.031593,185.1944,358.5979,-0.001842035,0.00995547,-0.9999479,0.02274032,-0.003077217,-0.2413949,-0.4583088,0.3218079,-5.107757,0.3087,0.4007999,2.069,-0.995478,-0.02443462,0.09179602,-0.029155,0.9983015,-0.05043836,-0.09040766,-0.0528866,-0.9944996,static,16.21708,-7.40029,8.486075,10.96336,-6.456623029956409,2.261971682096367,19.92466008825558,17.291569711087913,160.46543108205535
2681,05/05/2023 11:22:27.656804,2863,True,True,True,True,Eyes,0.01282981,0.03110847,-2.994611,-0.2746831,0.124408,-0.9534526,0.0,0.0,0.0,0.0,0.0,0.0,0.0,0.3151805,-0.1884096,-3.044353,0.05105271,0.03906888,-3.065744,-0.01364493,0.9986778,-0.02522717,-0.04266293,2.955016,184.8551,358.5598,-0.001282965,0.009986483,-0.9999484,0.0213759,-0.002892584,-0.2269112,-0.4430761,0.3247998,-5.117791,0.3087001,0.4008,2.069,-0.9959876,-0.02510124,0.08590148,-0.0294063,0.9983548,-0.04922336,-0.08452459,-0.05155189,-0.995087,static,16.07133,-7.434045,8.486075,10.96336,-6.4637433703309455,2.263987349798519,19.89976392194264,17.29670933481158,160.48741998477308
2682,05/05/2023 11:22:27.676800,2864,True,True,True,True,Eyes,0.01444517,0.03151964,-2.998374,-0.2720141,0.1251357,-0.9541222,0.0,0.0,0.0,0.0,0.0,0.0,0.0,0.2973712,-0.1958973,-3.052871,0.05432735,0.04027851,-3.072824,-0.01397843,0.9987951,-0.0261762,-0.03908939,3.060025,184.4428,358.5151,-0.0007266119,0.01002657,-0.9999486,0.02009334,-0.002719029,-0.2132966,-0.4253634,0.3219368,-5.128857,0.3087,0.4008,2.069002,-0.9965534,-0.02587674,0.07881638,-0.02996959,0.9982387,-0.0511965,-0.07735276,-0.05338213,-0.9955738,static,15.91251,-7.471852,8.486065,10.96335,-6.471448503241299,2.2661316279034094,19.874827247521647,17.30227781569757,160.50918543505435
2683,05/05/2023 11:22:27.696672,2865,True,True,True,True,Eyes,0.01612751,0.03189961,-3.002263,-0.2692218,0.1257799,-0.9548293,0.0,0.0,0.0,0.0,0.0,0.0,0.0,0.2807168,-0.1924028,-3.06228,0.05749282,0.04109726,-3.080322,-0.01456032,0.9989318,-0.02540753,-0.03574799,2.969353,184.0585,358.4351,-0.0001730721,0.01007501,-0.9999484,0.01888774,-0.002555887,-0.2004988,-0.4089109,0.3256128,-5.139015,0.3087002,0.4008,2.069001,-0.9970204,-0.027273,0.07215948,-0.03090608,0.9982849,-0.04971978,-0.07067972,-0.05180178,-0.9961533,static,15.74622,-7.504376,8.486075,10.96336,-6.479886084532913,2.268735954829227,19.843562643505347,17.308277744207114,160.53682807883422
2684,05/05/2023 11:22:27.706605,2866,True,True,True,True,Eyes,0.01787211,0.0322733,-3.006279,-0.2662652,0.1261341,-0.9556113,0.0,0.0,0.0,0.0,0.0,0.0,0.0,0.2657501,-0.1950039,-3.070477,0.06069547,0.04069564,-3.087253,-0.0148314,0.9990216,-0.02582103,-0.03270007,3.012941,183.7073,358.3965,0.0003820038,0.01013003,-0.9999477,0.01775448,-0.002402534,-0.1884689,-0.3933586,0.3234084,-5.148953,0.3087003,0.4008,2.069002,-0.9974219,-0.02794508,0.06610208,-0.03132248,0.9982266,-0.05062157,-0.06457023,-0.05256151,-0.9965283,static,15.56961,-7.519185,8.486073,10.96335,-6.489881431561043,2.272505717610617,19.793448321517754,17.31502196004767,160.5823616090774
2685,05/05/2023 11:22:27.726377,2867,True,True,True,True,Eyes,0.01968258,0.03266124,-3.010422,-0.2631879,0.1264334,-0.9564239,0.0,0.0,0.0,0.0,0.0,0.0,0.0,0.2502618,-0.215669,-3.07752,0.06400926,0.04098694,-3.094267,-0.01520691,0.9990264,-0.0290501,-0.02951629,3.379049,183.3361,358.3543,0.0009375943,0.01019042,-0.9999468,0.01668921,-0.002258382,-0.1771607,-0.377067,0.3101252,-5.160596,0.3087001,0.4008,2.069,-0.9977952,-0.02866931,0.05985862,-0.03209911,0.9978497,-0.05714594,-0.05809157,-0.05894135,-0.9965699,static,15.38579,-7.530488,8.486075,10.96336,-6.500500246300624,2.2766384771733943,19.739009117185418,17.322140988577875,160.63187824864212
2686,05/05/2023 11:22:27.746576,2868,True,True,True,True,Eyes,0.02157087,0.03304506,-3.014685,-0.2598574,0.1267363,-0.9572942,0.0,0.0,0.0,0.0,0.0,0.0,0.0,0.2341406,-0.2191186,-3.085838,0.06734101,0.04162739,-3.101445,-0.01610246,0.9990918,-0.02944501,-0.02625537,3.421566,182.9582,358.2416,0.001496856,0.01025615,-0.9999455,0.01568786,-0.002122879,-0.1665311,-0.3608732,0.308587,-5.17076,0.3087001,0.4008,2.069001,-0.998103,-0.0306295,0.05341133,-0.03372186,0.9977474,-0.057991,-0.05151478,-0.0596821,-0.9968875,static,15.18697,-7.541538,8.486073,10.96336,-6.512047166542918,2.281168264288297,19.680784298269543,17.329860411028186,160.68474986732
2687,05/05/2023 11:22:27.756806,2869,True,True,True,True,Eyes,0.02353155,0.03340868,-3.019063,-0.2563815,0.1269994,-0.958196,0.0,0.0,0.0,0.0,0.0,0.0,0.0,0.2168273,-0.2178749,-3.094431,0.07074799,0.04191434,-3.108572,-0.0171168,0.9991686,-0.02913696,-0.02281332,3.382785,182.5602,358.1127,0.00206192,0.01032651,-0.9999437,0.01474658,-0.001995506,-0.1565392,-0.3439514,0.3095659,-5.180548,0.3087001,0.4008,2.069,-0.9983733,-0.03287572,0.04658617,-0.03553456,0.9977161,-0.05744448,-0.04459125,-0.05900645,-0.9972613,static,14.97956,-7.549986,8.486076,10.96336,-6.524254346494464,2.28605040559092,19.6191058556187,17.337984857189042,160.74074577934644
2688,05/05/2023 11:22:27.776515,2870,True,True,True,True,Eyes,0.02557586,0.0337557,-3.023547,-0.2527227,0.1273226,-0.9591247,0.0,0.0,0.0,0.0,0.0,0.0,0.0,0.1978519,-0.2202827,-3.102718,0.07438457,0.04180274,-3.115646,-0.01775167,0.999226,-0.02945703,-0.01909172,3.41377,182.1304,358.028,0.002633897,0.01040021,-0.9999416,0.01386179,-0.001875776,-0.1471469,-0.325342,0.3078491,-5.190768,0.3087001,0.4008,2.069,-0.998641,-0.0343511,0.03919971,-0.03660064,0.9976343,-0.05819064,-0.03710807,-0.05954628,-0.9975357,static,14.76152,-7.561731,8.486073,10.96336,-6.536937069475274,2.29103707333224,19.559147006147533,17.34646985677382,160.7948375557868
2689,05/05/2023 11:22:27.796909,2871,True,True,True,True,Eyes,0.02768848,0.03407116,-3.028134,-0.2489097,0.1276564,-0.960077,0.0,0.0,0.0,0.0,0.0,0.0,0.0,0.1781206,-0.2204633,-3.111027,0.07797204,0.04173687,-3.122658,-0.01805476,0.9992879,-0.02939239,-0.01529486,3.399359,181.6938,357.9801,0.003214864,0.01047633,-0.9999391,0.01303008,-0.001763229,-0.138318,-0.3062542,0.3080397,-5.200675,0.3087001,0.4008,2.069001,-0.9988803,-0.03518471,0.03162927,-0.03698292,0.9976202,-0.05819062,-0.02950658,-0.0592952,-0.9978045,static,14.5345,-7.573891,8.486073,10.96336,-6.550145732923934,2.2962326131351687,19.499054946620618,17.3553153507643,160.84883688709374
2690,05/05/2023 11:22:27.806460,2872,True,True,True,True,Eyes,0.0298521,0.03433583,-3.032815,-0.2449298,0.1279839,-0.9610565,0.0,0.0,0.0,0.0,0.0,0.0,0.0,0.1576521,-0.2194176,-3.119343,0.08165792,0.04129044,-3.129684,-0.01800995,0.999347,-0.02917587,-0.01140165,3.366593,181.2477,357.9717,0.003806853,0.01055364,-0.9999362,0.01224828,-0.001657436,-0.130019,-0.2864305,0.3087407,-5.210472,0.3087001,0.4008,2.069,-0.9990914,-0.03533108,0.02383932,-0.03666169,0.9976488,-0.05790295,-0.0217375,-0.05872432,-0.9980376,static,14.29773,-7.585447,8.486075,10.96336,-6.563980699476884,2.301708580091062,19.43794163388382,17.364572608543153,160.90357496913396
2691,05/05/2023 11:22:27.826718,2873,True,True,True,True,Eyes,0.03207961,0.03457363,-3.037591,-0.2407901,0.1282629,-0.9620649,0.0,0.0,0.0,0.0,0.0,0.0,0.0,0.1367209,-0.2232956,-3.127058,0.08535321,0.04036842,-3.136579,-0.01744856,0.9993756,-0.02980503,-0.007461328,3.430239,180.7963,358.0233,0.004409902,0.01063025,-0.9999329,0.01151338,-0.00155799,-0.1222178,-0.2659846,0.3057886,-5.22052,0.3087001,0.4008,2.069001,-0.99928,-0.03443057,0.01595345,-0.03532011,0.9976144,-0.05931246,-0.01387323,-0.05983321,-0.9981122,static,14.05159,-7.593919,8.486073,10.96336,-6.5785487568988135,2.3075813960529685,19.373889216188115,17.37427212630723,160.9609378608096
2692,05/05/2023 11:22:27.846707,2874,True,True,True,True,Eyes,0.03435837,0.03479254,-3.042461,-0.2368516,0.1288364,-0.9629655,0.0,0.0,0.0,0.0,0.0,0.0,0.0,0.1154434,-0.2279053,-3.134752,0.08904457,0.0399664,-3.143629,-0.01657628,0.9993926,-0.03045601,-0.003494924,3.49669,180.343,358.11,0.005024889,0.0107053,-0.9999292,0.01082258,-0.00146451,-0.1148848,-0.2452073,0.3034501,-5.230625,0.3087002,0.4008,2.069001,-0.9994263,-0.03291955,0.007995296,-0.03334532,0.9975953,-0.06075915,-0.005975906,-0.06099088,-0.9981207,static,13.81821,-7.620424,8.486073,10.96336,-6.591393568732918,2.312210110307192,19.33361613215244,17.383106527464836,160.99541555317933
2693,05/05/2023 11:22:27.856845,2875,True,True,True,True,Eyes,0.03669872,0.03496853,-3.047426,-0.2327682,0.1294631,-0.9638767,0.0,0.0,0.0,0.0,0.0,0.0,0.0,0.09422302,-0.2260326,-3.142792,0.09273897,0.03970587,-3.150703,-0.01576161,0.9994238,-0.03005741,0.0004298521,3.443638,179.8963,358.1898,0.005650708,0.01077811,-0.9999251,0.01017322,-0.001376639,-0.1079917,-0.2246864,0.305571,-5.240023,0.3087001,0.4008,2.069001,-0.9995028,-0.03153091,8.829799e-05,-0.03147923,0.9976962,-0.06009373,0.001806716,-0.06006664,-0.9981928,static,13.57652,-7.649899,8.486073,10.96336,-6.604589563614303,2.316900568585627,19.296788884705403,17.392221172350723,161.0262984758652
2694,05/05/2023 11:22:27.876735,2876,True,True,True,True,Eyes,0.0391102,0.03510269,-3.052479,-0.2287751,0.1302336,-0.9647285,0.0,0.0,0.0,0.0,0.0,0.0,0.0,0.0738754,-0.2211299,-3.151029,0.09649163,0.03883173,-3.15793,-0.01487633,0.9994518,-0.02928101,0.004195798,3.348269,179.4686,358.279,0.006289158,0.01084757,-0.9999206,0.00956283,-0.001294041,-0.1015122,-0.2047256,0.3086715,-5.249139,0.3087001,0.4008,2.069,-0.9995222,-0.02998207,-0.007515809,-0.02949064,0.9978426,-0.05865474,0.009258184,-0.05840506,-0.9982501,static,13.34066,-7.688169,8.486073,10.96336,-6.616969087757096,2.3209943291673047,19.2729486321738,17.400929995059165,161.04458724046606
2695,05/05/2023 11:22:27.896601,2877,True,True,True,True,Eyes,0.04158028,0.03520678,-3.057622,-0.224639,0.1309925,-0.9655973,0.0,0.0,0.0,0.0,0.0,0.0,0.0,0.05359361,-0.2209659,-3.158694,0.1002667,0.03791587,-3.165051,-0.01406273,0.9994409,-0.02927244,0.007952184,3.341578,179.0404,358.3597,0.006941002,0.01091261,-0.9999156,0.0,0.0,0.0,-0.1847609,0.3084504,-5.258438,0.3087002,0.4008,2.069001,-0.9994783,-0.0285753,-0.01507218,-0.02764418,0.9978908,-0.0587358,0.01671878,-0.05828848,-0.9981599,static,13.09648,-7.725557,8.486074,10.96336,-6.629902268114573,2.325346035295786,19.249193804357756,17.40999781139067,161.06253881984335
2696,05/05/2023 11:22:27.906565,2878,True,True,True,True,Eyes,0.04411209,0.03526831,-3.06285,-0.2205587,0.1318458,-0.9664215,0.0,0.0,0.0,0.0,0.0,0.0,0.0,0.03273754,-0.2201927,-3.166428,0.1040758,0.03729298,-3.172318,-0.01375206,0.9994112,-0.02913407,0.01180632,3.319805,178.5995,358.3827,0.007606885,0.01097266,-0.9999101,0.0,0.0,0.0,-0.1646791,0.3087491,-5.267736,0.3086999,0.4007999,2.069,-0.9993429,-0.02817586,-0.02279743,-0.02679999,0.9979242,-0.05855855,0.02440004,-0.0579091,-0.9980236,static,12.85598,-7.76872,8.486073,10.96336,-6.642308368296427,2.329309729184044,19.23504375651506,17.41880440511333,161.07112175965358
2697,05/05/2023 11:22:27.926765,2879,True,True,True,True,Eyes,0.0466896,0.03528647,-3.068165,-0.2163613,0.132636,-0.9672619,0.0,0.0,0.0,0.0,0.0,0.0,0.0,0.01250352,-0.2178362,-3.174139,0.1078318,0.03629793,-3.179594,-0.01362929,0.9993712,-0.02881207,0.01553921,3.277061,178.1722,358.385,0.008285687,0.01102666,-0.9999041,0.0,0.0,0.0,-0.1452782,0.3093247,-5.276757,0.3087001,0.4008,2.069001,-0.9991457,-0.02813687,-0.03027351,-0.026346,0.9979682,-0.05801148,0.03184426,-0.05716432,-0.997857,static,12.60861,-7.808002,8.486073,10.96336,-6.655336851453728,2.3336467879594887,19.218723751888756,17.42797298631618,161.0815926672035
2698,05/05/2023 11:22:27.946357,2880,True,True,True,True,Eyes,0.04930098,0.0352708,-3.07357,-0.2121748,0.1334193,-0.9680812,0.0,0.0,0.0,0.0,0.0,0.0,0.0,-0.006824501,-0.2203853,-3.181458,0.1114438,0.03528145,-3.186945,-0.01341167,0.9992993,-0.02926593,0.01909653,3.323794,177.7639,358.3973,0.008978031,0.01107386,-0.9998977,0.0,0.0,0.0,-0.126625,0.3066733,-5.28608,0.3087002,0.4008,2.069001,-0.9989112,-0.02792231,-0.0373813,-0.0256868,0.9979273,-0.05900309,0.03895132,-0.05797862,-0.997558,static,12.36208,-7.846976,8.486073,10.96336,-6.668330243850789,2.337978001391191,19.205524483776667,17.43711995425736,161.08896654067854
2699,05/05/2023 11:22:27.956424,2881,True,True,True,True,Eyes,0.05195218,0.03522087,-3.079063,-0.2079255,0.1341282,-0.9689049,0.0,0.0,0.0,0.0,0.0,0.0,0.0,-0.02403863,-0.2227058,-3.188901,0.115006,0.03444845,-3.194504,-0.01341234,0.9992211,-0.02965984,0.02230555,3.36377,177.395,358.3854,0.009683611,0.0111138,-0.9998906,0.0,0.0,0.0,-0.1096139,0.3043174,-5.295317,0.3087001,0.4007999,2.069,-0.9986452,-0.02812695,-0.04378073,-0.02548064,0.9978808,-0.05987182,0.04537196,-0.05867514,-0.9972456,static,12.11189,-7.881523,8.486073,10.96336,-6.681778854964044,2.3426281441302983,19.19052277039836,17.446511044473702,161.09795704977446
2700,05/05/2023 11:22:27.976552,2882,True,True,True,True,Eyes,0.05463149,0.03513322,-3.084652,-0.2037122,0.1348358,-0.9697014,0.0,0.0,0.0,0.0,0.0,0.0,0.0,-0.03954105,-0.2262746,-3.196206,0.1185618,0.0335864,-3.202079,-0.01336289,0.9991344,-0.03025458,0.02523154,3.427326,177.0583,358.3795,0.01040213,0.01114609,-0.9998831,0.0,0.0,0.0,-0.09373477,0.3011052,-5.304473,0.3087001,0.4008,2.069001,-0.9983697,-0.02822937,-0.04961082,-0.0251759,0.9978122,-0.06113111,0.05122797,-0.05978245,-0.9968961,static,11.86402,-7.916149,8.486073,10.96336,-6.6950818297486485,2.347214851848624,19.17932183409752,17.45581333478372,161.1032438766339
2701,05/05/2023 11:22:27.996567,2883,True,True,True,True,Eyes,0.05735251,0.03501259,-3.090326,-0.1993861,0.1355374,-0.9705023,0.0,0.0,0.0,0.0,0.0,0.0,0.0,-0.05413474,-0.2265592,-3.203968,0.1221018,0.03257541,-3.209937,-0.01289797,0.9990646,-0.03035263,0.02797266,3.435617,176.7451,358.4231,0.01113248,0.01117022,-0.9998749,0.0,0.0,0.0,-0.07839866,0.3000349,-5.313497,0.3087001,0.4007999,2.069,-0.9981026,-0.0274699,-0.05511002,-0.02407372,0.9978247,-0.06137006,0.05667597,-0.05992689,-0.9965927,static,11.60967,-7.950335,8.486078,10.96336,-6.708803076585665,2.35198989788206,19.1698900762495,17.465397389330477,161.1066177521645
2702,05/05/2023 11:22:28.006475,2884,True,True,True,True,Eyes,0.06012734,0.03486344,-3.096095,-0.194893,0.1362783,-0.971311,0.0,0.0,0.0,0.0,0.0,0.0,0.0,-0.07295259,-0.2259508,-3.211473,0.1257621,0.03165334,-3.217626,-0.01159966,0.9989824,-0.0302861,0.03134197,3.427383,176.3629,358.5606,0.01187358,0.01118591,-0.9998662,0.0,0.0,0.0,-0.05976156,0.3001779,-5.322424,0.3087002,0.4008,2.069001,-0.9977664,-0.02507416,-0.06191754,-0.02127726,0.9978964,-0.06123767,0.06332277,-0.05978344,-0.996201,static,11.34571,-7.98666,8.486073,10.96336,-6.722998341602161,2.3569022533317083,19.164571004125527,17.475324489666303,161.10570853752648
2703,05/05/2023 11:22:28.026704,2885,True,True,True,True,Eyes,0.06294066,0.03469133,-3.101958,-0.1901758,0.1370672,-0.9721346,0.0,0.0,0.0,0.0,0.0,0.0,0.0,-0.09623711,-0.2230973,-3.219248,0.1294047,0.03077511,-3.225662,-0.0103276,0.9988744,-0.02986051,0.03537825,3.377999,175.9046,358.6944,0.01262757,0.0111931,-0.9998569,0.0,0.0,0.0,-0.03837264,0.3018417,-5.331623,0.3087,0.4008,2.069,-0.9972834,-0.02274477,-0.0700601,-0.01851912,0.9980034,-0.06038454,0.07129365,-0.05892305,-0.9957135,static,11.06882,-8.025581,8.486074,10.96336,-6.737846161962781,2.362013698230199,19.16377982554582,17.485734279714592,161.10004045934159
2704,05/05/2023 11:22:28.046547,2886,True,True,True,True,Eyes,0.06575963,0.03449406,-3.107925,-0.1851926,0.1378952,-0.9729792,0.0,0.0,0.0,0.0,0.0,0.0,0.0,-0.125983,-0.2180178,-3.226844,0.1330512,0.03003226,-3.233778,-0.009324546,0.9987171,-0.02906999,0.0404009,3.285534,175.3325,358.7962,0.01339334,0.01119189,-0.9998469,0.0,0.0,0.0,-0.01302481,0.305032,-5.340846,0.3087001,0.4007999,2.069,-0.9965617,-0.02097407,-0.080156,-0.01627626,0.998136,-0.05881884,0.08124026,-0.05731196,-0.9950456,static,10.77653,-8.066504,8.486073,10.96336,-6.753528310936362,2.367417706448094,19.167209424622694,17.496733181664734,161.08985845589066
2705,05/05/2023 11:22:28.056585,2887,True,True,True,True,Eyes,0.06860056,0.03428416,-3.113997,-0.1799719,0.1387383,-0.9738387,0.0,0.0,0.0,0.0,0.0,0.0,0.0,-0.1593567,-0.2157328,-3.234004,0.1365668,0.02920358,-3.2421,-0.00841631,0.9984953,-0.02872973,0.04594424,3.244654,174.6994,358.8839,0.01416833,0.0111823,-0.9998364,0.0,0.0,0.0,0.01436727,0.3061771,-5.350429,0.3087001,0.4008,2.069001,-0.9956366,-0.01944722,-0.09126662,-0.01416736,0.9982076,-0.05814636,0.09223381,-0.05659964,-0.9941275,static,10.47051,-8.108104,8.486073,10.96336,-6.770012371899956,2.373138909161409,19.17442904782995,17.508284875000978,161.07564332471577
2706,05/05/2023 11:22:28.076847,2888,True,True,True,True,Eyes,0.071472,0.03406059,-3.120169,-0.1745493,0.1396466,-0.9746955,0.0,0.0,0.0,0.0,0.0,0.0,0.0,-0.1925575,-0.2130653,-3.241102,0.1398357,0.02867636,-3.250666,-0.007536685,0.9982492,-0.02829257,0.05139328,3.193682,174.0769,358.9696,0.01495311,0.01116475,-0.9998252,0.0,0.0,0.0,0.04111149,0.3079795,-5.359918,0.3087002,0.4008,2.069001,-0.9946041,-0.01795508,-0.1021801,-0.01213889,0.9982855,-0.05726075,0.1030331,-0.05571141,-0.9931167,static,10.15295,-8.153398,8.486074,10.96336,-6.78700667191274,2.3789677490982104,19.189291597918352,17.52023925430521,161.0536580037639
2707,05/05/2023 11:22:28.096387,2889,True,True,True,True,Eyes,0.07435561,0.03380686,-3.126447,-0.1688827,0.140608,-0.9755552,0.0,0.0,0.0,0.0,0.0,0.0,0.0,-0.2240881,-0.2095436,-3.248057,0.1431622,0.0280876,-3.259249,-0.00661729,0.9979914,-0.02774667,0.05656492,3.131814,173.4864,359.062,0.01574674,0.01113962,-0.9998134,0.0,0.0,0.0,0.06678414,0.3101528,-5.369061,0.3087002,0.4008,2.069001,-0.9935135,-0.01634697,-0.1125354,-0.01006902,0.9983727,-0.05613048,0.1132698,-0.05463326,-0.9920613,static,9.821389,-8.201631,8.486075,10.96336,-6.804700872507254,2.385005659461001,19.211453446022166,17.53271199715247,161.0241965879785
2708,05/05/2023 11:22:28.106475,2890,True,True,True,True,Eyes,0.1465135,0.02657664,-3.286093,-0.01939746,0.1645755,-0.9861737,0.0,0.0,0.0,0.0,0.0,0.0,0.0,-0.2601176,-0.202881,-3.254905,0.1460424,0.02709128,-3.268205,-0.005672045,0.9976805,-0.02678707,0.06232034,3.023349,172.8291,359.159,0.01654904,0.01110666,-0.9998008,0.0,0.0,0.0,0.09447426,0.3136407,-5.378164,0.3087001,0.4007999,2.069,-0.9921682,-0.01465654,-0.1240477,-0.007979019,0.9985006,-0.05415685,0.1246555,-0.05274291,-0.9907974,static,1.126829,-9.474373,8.486076,10.96336,-7.268282616686924,2.5429354147835834,21.72232599392381,17.86346454690396,158.40291865848113
2709,05/05/2023 11:22:28.126341,2891,True,True,True,True,Eyes,0.1466335,0.02655043,-3.286459,-0.0188909,0.1646074,-0.9861783,0.0,0.0,0.0,0.0,0.0,0.0,0.0,-0.2976646,-0.1965378,-3.261163,0.1491214,0.0259172,-3.277118,-0.004579301,0.9973171,-0.02592158,0.06830633,2.927855,172.1453,359.2728,0.01945332,0.0107906,-0.9997519,0.2164736,-0.02169066,-0.4789381,0.1234578,0.3165675,-5.386991,0.3087003,0.4008,2.069002,-0.9906268,-0.01267525,-0.1360088,-0.005592812,0.9986142,-0.05232967,0.1364836,-0.05107849,-0.9893249,static,1.097404,-9.476132,8.486073,10.96335,-7.269985061693823,2.543599526711633,21.733956244086922,17.864645635329758,158.39124957766472
2710,05/05/2023 11:22:28.146547,2892,True,True,True,True,Eyes,0.146856,0.02654393,-3.28718,-0.0179561,0.1646976,-0.9861807,0.0,0.0,0.0,0.0,0.0,0.0,0.0,-0.3370485,-0.194286,-3.266567,0.1521944,0.02524687,-3.286031,-0.003645902,0.9968815,-0.02561397,0.07455327,2.896076,171.4299,359.3639,0.02196603,0.01051886,-0.9997028,0.2034852,-0.02038922,-0.4502018,0.1534771,0.317552,-5.395831,0.3087002,0.4007999,2.069,-0.9888574,-0.01108827,-0.1484548,-0.003449853,0.9986613,-0.05161181,0.1488283,-0.05052456,-0.9875717,static,1.04311,-9.481211,8.486075,10.96336,-7.273030278267003,2.544731663320737,21.75725652202653,17.8668044776519,158.36789650425075
2711,05/05/2023 11:22:28.156615,2893,True,True,True,True,Eyes,0.1471963,0.02665679,-3.288246,-0.01657015,0.1647894,-0.9861895,0.0,0.0,0.0,0.0,0.0,0.0,0.0,-0.3764575,-0.1930193,-3.271709,0.1551556,0.02569245,-3.295196,-0.002870063,0.9964087,-0.02529209,0.08075824,2.862482,170.7186,359.4375,0.02423293,0.01027388,-0.999653,0.1912761,-0.01916587,-0.4231897,0.1831099,0.3196226,-5.404586,0.3087003,0.4008,2.069001,-0.9869401,-0.0098046,-0.1607912,-0.001634421,0.9987041,-0.05086609,0.1610816,-0.04993896,-0.9856771,static,0.9626042,-9.486317,8.486077,10.96336,-7.277672732507011,2.5465337243517023,21.7897207962073,17.87005232738725,158.33536453669726
2712,05/05/2023 11:22:28.176684,2894,True,True,True,True,Eyes,0.1476352,0.02684524,-3.289677,-0.01497284,0.1654045,-0.9861122,0.0,0.0,0.0,0.0,0.0,0.0,0.0,-0.4157713,-0.196323,-3.276295,0.1582095,0.02867033,-3.30449,-0.002857321,0.9958875,-0.02525949,0.08695972,2.855328,170.0049,359.4215,0.0262818,0.01005653,-0.9996034,0.1797995,-0.01801592,-0.3977983,0.2123211,0.3227735,-5.413346,0.3087001,0.4008,2.069001,-0.9848599,-0.01008426,-0.1730598,-0.001298025,0.9987076,-0.05080815,0.1733485,-0.04981427,-0.9836001,static,0.8698953,-9.521808,8.486073,10.96336,-7.281467131760114,2.5471026741187592,21.85516576798724,17.87312813085934,158.26989506976807
2713,05/05/2023 11:22:28.196687,2895,True,True,True,True,Eyes,0.1481696,0.02699096,-3.291424,-0.01306225,0.1662937,-0.9859897,0.0,0.0,0.0,0.0,0.0,0.0,0.0,-0.4503231,-0.1578151,-3.284183,0.1610821,0.03056463,-3.314614,-0.004093172,0.9955359,-0.01901838,0.09235729,2.126786,169.3871,359.3313,0.02813718,0.009866232,-0.9995548,0.1690116,-0.01693496,-0.3739304,0.2365908,0.3506785,-5.419021,0.3087003,0.4008,2.069001,-0.982907,-0.01166277,-0.1837343,-0.004636829,0.9992431,-0.03862303,0.1840457,-0.03711089,-0.9822171,static,0.7590017,-9.57322,8.486075,10.96336,-7.285536275600875,2.54732746633457,21.942168987590378,17.876613936547816,158.18291128470122
2714,05/05/2023 11:22:28.216452,2896,True,True,True,True,Eyes,0.1488121,0.02717803,-3.293462,-0.01098878,0.1667092,-0.9859449,0.0,0.0,0.0,0.0,0.0,0.0,0.0,-0.4814358,-0.1324099,-3.290404,0.1638194,0.02961448,-3.323906,-0.003765572,0.9951431,-0.01528506,0.09717286,1.701351,168.8369,359.4001,0.02982076,0.009698922,-0.9995077,0.1588709,-0.01591886,-0.3514946,0.2595313,0.365557,-5.425021,0.3087002,0.4008,2.069001,-0.9810867,-0.01046515,-0.1932867,-0.004523979,0.9995043,-0.03115346,0.1935169,-0.02968982,-0.9806479,static,0.6385597,-9.597124,8.486073,10.96336,-7.291629325598762,2.5491960884345093,22.00720262341248,17.881108606736206,158.11790094768332
2715,05/05/2023 11:22:28.226702,2897,True,True,True,True,Eyes,0.1495594,0.02742275,-3.295811,-0.008623068,0.1673735,-0.9858559,0.0,0.0,0.0,0.0,0.0,0.0,0.0,-0.5140309,-0.1586642,-3.293651,0.1666485,0.03086344,-3.332988,-0.00283901,0.9945735,-0.01903243,0.1022425,2.136354,168.251,359.4531,0.03135265,0.009553475,-0.9994622,0.1493386,-0.01496373,-0.3304049,0.2847109,0.3512942,-5.435388,0.3087001,0.4008,2.069001,-0.9790772,-0.009539054,-0.2032672,-0.001755363,0.9992594,-0.03843884,0.2034833,-0.03727777,-0.9783688,static,0.5011411,-9.635507,8.486073,10.96336,-7.297999006113727,2.550762965272308,22.09236200887824,17.88599222751962,158.03283793703272
2716,05/05/2023 11:22:28.246577,2898,True,True,True,True,Eyes,0.1504039,0.02770911,-3.298423,-0.005983797,0.1679474,-0.9857777,0.0,0.0,0.0,0.0,0.0,0.0,0.0,-0.5461624,-0.138423,-3.299501,0.1698211,0.03243581,-3.342793,-0.003663721,0.9941021,-0.01565472,0.1072501,1.738559,167.6755,359.39,0.03275066,0.00942938,-0.9994185,0.1403783,-0.01406591,-0.3105806,0.3080781,0.3669721,-5.441761,0.3087001,0.4008,2.069,-0.9769682,-0.01064217,-0.2131204,-0.003926286,0.999483,-0.03191066,0.2133498,-0.03033892,-0.9765049,static,0.3477885,-9.668674,8.486073,10.96336,-7.305613841606486,2.5530032501974467,22.179100558410752,17.891659340662528,157.94625025380518
2717,05/05/2023 11:22:28.266149,2899,True,True,True,True,Eyes,0.1513477,0.02808345,-3.301313,-0.003040389,0.1684914,-0.9856984,0.0,0.0,0.0,0.0,0.0,0.0,0.0,-0.5812832,-0.1348967,-3.302844,0.1728398,0.03372159,-3.351694,-0.004080912,0.9935104,-0.01485477,0.1126926,1.638709,167.048,359.3433,0.03403073,0.009325688,-0.9993767,0.1319556,-0.01322195,-0.2919458,0.3336292,0.3716274,-5.448516,0.3086999,0.4008,2.068999,-0.9745674,-0.0114569,-0.2238013,-0.004760811,0.9995253,-0.03043653,0.2240438,-0.02859697,-0.9741593,static,0.1767284,-9.700162,8.486073,10.96336,-7.314396641738939,2.555782441626524,22.271648998806377,17.898106081358975,157.85394921941392
2718,05/05/2023 11:22:28.276419,2900,True,True,True,True,Eyes,0.1524207,0.02852197,-3.304466,7.2968e-05,0.1692305,-0.9855765,0.0,0.0,0.0,0.0,0.0,0.0,0.0,-0.6152818,-0.1388206,-3.306421,0.1760698,0.03621256,-3.361243,-0.004453863,0.9928954,-0.01498619,0.1179587,1.645113,166.4395,359.2904,0.03520713,0.009242944,-0.9993367,0.1240383,-0.01242864,-0.2744291,0.3587663,0.3735965,-5.456354,0.3087,0.4008,2.069,-0.9721317,-0.01237994,-0.2341078,-0.005308937,0.9995112,-0.03081019,0.2343748,-0.0287087,-0.9717222,static,-0.004241942,-9.74308,8.486073,10.96336,-7.323184878804255,2.5582340127001846,22.379501899907165,17.904713835772885,157.74647826070904
2719,05/05/2023 11:22:28.296653,2901,True,True,True,True,Eyes,0.153596,0.0289811,-3.307842,0.003479442,0.16997,-0.9854431,0.0,0.0,0.0,0.0,0.0,0.0,0.0,-0.6466125,-0.1122523,-3.311407,0.1795956,0.03812184,-3.370819,-0.005359528,0.9923577,-0.01063432,0.1228183,1.133935,165.8819,359.2407,0.03629379,0.009180902,-0.9992984,0.116596,-0.01168292,-0.2579633,0.3815841,0.3937733,-5.461133,0.3086999,0.4008,2.068999,-0.9697737,-0.01324932,-0.2436454,-0.008024958,0.9997163,-0.0224226,0.2438734,-0.01978961,-0.969605,static,-0.2023014,-9.786134,8.486073,10.96336,-7.333008250686632,2.561116326834498,22.495096153842315,17.912035907709516,157.6314015861823
2720,05/05/2023 11:22:28.306583,2902,True,True,True,True,Eyes,0.1548871,0.02947616,-3.311442,0.007321708,0.1705445,-0.9853228,0.0,0.0,0.0,0.0,0.0,0.0,0.0,-0.6802722,-0.1113717,-3.313811,0.1831255,0.03906834,-3.379564,-0.004910559,0.9917038,-0.01034788,0.1280331,1.103965,165.2803,359.29,0.03730237,0.009138026,-0.9992616,0.1096002,-0.01098194,-0.2424855,0.4073352,0.3960758,-5.46738,0.3087001,0.4007999,2.069,-0.9671669,-0.01238938,-0.2538402,-0.007089899,0.9997377,-0.02178149,0.2540434,-0.01926663,-0.967001,static,-0.425744,-9.819747,8.486073,10.96336,-7.344874489141808,2.565128965875349,22.61322663431599,17.920635672500563,157.51398847972226
2721,05/05/2023 11:22:28.326675,2903,True,True,True,True,Eyes,0.1562923,0.0300125,-3.315242,0.01155931,0.1712798,-0.9851546,0.0,0.0,0.0,0.0,0.0,0.0,0.0,-0.718042,-0.1122902,-3.315189,0.1870128,0.04043392,-3.38852,-0.00314043,0.9909414,-0.01037301,0.1338566,1.129795,164.609,359.4842,0.03824379,0.009113397,-0.9992263,0.1030242,-0.01032303,-0.2279364,0.4370158,0.3975659,-5.473382,0.3087001,0.4008,2.069,-0.9641449,-0.00900096,-0.2652231,-0.003446972,0.999765,-0.02139883,0.2653533,-0.01971736,-0.9639496,static,-0.672249,-9.862906,8.486073,10.96336,-7.357647042727727,2.569246654419992,22.751004754921045,17.92999173593721,157.3771729918591
2722,05/05/2023 11:22:28.346412,2904,True,True,True,True,Eyes,0.1578071,0.03056931,-3.319228,0.01624342,0.1720275,-0.9849583,0.0,0.0,0.0,0.0,0.0,0.0,0.0,-0.7604344,-0.09786412,-3.315257,0.1910286,0.04190923,-3.397133,-0.0004536117,0.990068,-0.008214787,0.1403489,0.9247405,163.8619,359.8164,0.03912877,0.009106334,-0.9991922,0.09684274,-0.009703645,-0.2142602,0.4700653,0.4082741,-5.476704,0.3087001,0.4008,2.069001,-0.9606042,-0.003204085,-0.2779024,0.00140766,0.9998646,-0.01639372,0.2779174,-0.01613907,-0.9604696,static,-0.9448063,-9.907042,8.486073,10.96336,-7.371957321551418,2.5739818574442994,22.902296042379078,17.940423386811013,157.22715842138135
2723,05/05/2023 11:22:28.356617,2905,True,True,True,True,Eyes,0.1594382,0.03110592,-3.323393,0.02135425,0.172983,-0.9846933,0.0,0.0,0.0,0.0,0.0,0.0,0.0,-0.8068216,-0.08501413,-3.313543,0.1950609,0.04292969,-3.405563,0.002846601,0.9890485,-0.006453982,0.1474223,0.7795852,163.0459,0.213615,0.03996387,0.009115618,-0.9991591,0.09103218,-0.009121426,-0.2014046,0.5060803,0.4166899,-5.479272,0.3086999,0.4007999,2.068999,-0.9565172,0.003727932,-0.2916524,0.007533775,0.9999005,-0.0119273,0.2915789,-0.01360591,-0.95645,static,-1.242332,-9.963595,8.486073,10.96336,-7.387139707910342,2.5787248801963987,23.07767989673247,17.95162911166589,157.0534271384923
2724,05/05/2023 11:22:28.376640,2906,True,True,True,True,Eyes,0.1612149,0.03159108,-3.327699,0.026832,0.1738933,-0.9843988,0.0,0.0,0.0,0.0,0.0,0.0,0.0,-0.8537356,-0.06299776,-3.311243,0.1993397,0.04291437,-3.414027,0.006263796,0.987951,-0.00355977,0.1545995,0.5139795,162.2153,0.6461051,0.04075849,0.00913891,-0.9991268,0.08557025,-0.008574141,-0.1893203,0.5427544,0.4285936,-5.480429,0.3087001,0.4008,2.069,-0.9521197,0.01127597,-0.305518,0.01347732,0.9998962,-0.005096995,0.3054289,-0.008970514,-0.9521729,static,-1.561338,-10.01791,8.486073,10.96336,-7.403749455529208,2.5841318683134933,23.26293529664348,17.963794748078335,156.87024528426056
2725,05/05/2023 11:22:28.396533,2907,True,True,True,True,Eyes,0.1631207,0.03205472,-3.332137,0.03278447,0.1746944,-0.9840767,0.0,0.0,0.0,0.0,0.0,0.0,0.0,-0.9019802,-0.05290431,-3.307085,0.2037187,0.04217574,-3.421972,0.009958406,0.9867376,-0.002606584,0.1619971,0.4795996,161.3578,1.077729,0.04152057,0.009173184,-0.9990951,0.08043603,-0.008059693,-0.1779611,0.580844,0.4313783,-5.481826,0.3087001,0.4008,2.069001,-0.9473158,0.01880815,-0.3197492,0.02049719,0.999788,-0.001917562,0.3196454,-0.008370494,-0.9475005,static,-1.908101,-10.06634,8.486072,10.96336,-7.422360499409606,2.5905490887339933,23.45819930096786,17.977268623016315,156.6775460993709
2726,05/05/2023 11:22:28.406422,2908,True,True,True,True,Eyes,0.1651802,0.03252719,-3.336694,0.03913708,0.175436,-0.9837126,0.0,0.0,0.0,0.0,0.0,0.0,0.0,-0.9547223,-0.05652658,-3.300398,0.2085635,0.04213389,-3.429583,0.01320702,0.9853281,-0.00357149,0.1701216,0.6607369,160.4166,1.421824,0.04225753,0.009216657,-0.9990637,0.07560987,-0.007576111,-0.1672834,0.6221976,0.4265839,-5.483311,0.3087,0.4008,2.069,-0.9417685,0.02481132,-0.3353456,0.02724167,0.9996256,-0.002544579,0.3351569,-0.01153178,-0.9420918,static,-2.278315,-10.11186,8.486073,10.96336,-7.44255431318265,2.597714928798694,23.665099768708856,17.99180884568261,156.47375085976736
2727,05/05/2023 11:22:28.426702,2909,True,True,True,True,Eyes,0.1673741,0.03301051,-3.341371,0.04593903,0.1763712,-0.9832512,0.0,0.0,0.0,0.0,0.0,0.0,0.0,-1.010917,-0.04975994,-3.291985,0.213761,0.04287231,-3.437159,0.01484058,0.983763,-0.002764997,0.1788368,0.6158433,159.4023,1.616637,0.04297592,0.009268601,-0.9990327,0.07107328,-0.007121544,-0.1572464,0.6648835,0.4299599,-5.482483,0.3087001,0.4008,2.069,-0.9355943,0.02821026,-0.3519481,0.03018819,0.9995443,-0.0001321183,0.351784,-0.01074828,-0.9360195,static,-2.675003,-10.16931,8.486073,10.96336,-7.463737581877843,2.604951920746421,23.898940537326666,18.007205313904596,156.2437051203736
2728,05/05/2023 11:22:28.446329,2910,True,True,True,True,Eyes,0.1697262,0.03348336,-3.346143,0.05297972,0.1772838,-0.9827328,0.0,0.0,0.0,0.0,0.0,0.0,0.0,-1.068054,-0.03009288,-3.282471,0.2190217,0.04356793,-3.444764,0.01521909,0.9821023,4.643385e-05,0.1877323,0.3221772,158.3613,1.714048,0.04368029,0.009328346,-0.9990016,0.06680888,-0.006694252,-0.1478116,0.7071338,0.4417816,-5.47943,0.3086999,0.4007999,2.069,-0.92905,0.02991085,-0.3687432,0.02987598,0.9995368,0.005805435,0.368746,-0.005623024,-0.9295132,static,-3.085863,-10.2261,8.48607,10.96336,-7.48581978526786,2.612585438209144,24.14338104839687,18.023226656029077,156.003672098532
2729,05/05/2023 11:22:28.456514,2911,True,True,True,True,Eyes,0.1722187,0.03394924,-3.350993,0.06039888,0.1782537,-0.9821291,0.0,0.0,0.0,0.0,0.0,0.0,0.0,-1.122645,-0.0130946,-3.272376,0.224424,0.04376349,-3.452053,0.01545989,0.9804246,0.002406468,0.1962726,0.0773484,157.3602,1.791311,0.04437725,0.009394792,-0.9989702,0.06280035,-0.006292596,-0.1389429,0.7478582,0.4512238,-5.476081,0.3087,0.4007999,2.069,-0.9224762,0.03125915,-0.3847865,0.02936986,0.9995104,0.01078742,0.3849353,-0.001349983,-0.9229426,static,-3.519138,-10.28704,8.486072,10.96336,-7.509051595260657,2.62058191128744,24.40705978408911,18.04011987391344,155.74516525003986
2730,05/05/2023 11:22:28.476380,2912,True,True,True,True,Eyes,0.1748687,0.03441984,-3.355899,0.06798729,0.1790601,-0.9814862,0.0,0.0,0.0,0.0,0.0,0.0,0.0,-1.175595,-0.004297934,-3.261354,0.2301409,0.04404406,-3.458838,0.01569766,0.9787103,0.003580037,0.2046146,359.9666,156.3825,1.844783,0.04507104,0.009466965,-0.9989385,0.05903233,-0.005915041,-0.1306064,0.7880716,0.4557815,-5.472761,0.3087003,0.4007999,2.069001,-0.9157732,0.03219197,-0.4004043,0.02926186,0.9994815,0.01343158,0.4006292,0.0005836997,-0.9162404,static,-3.962534,-10.3392,8.486077,10.96335,-7.533360797177568,2.6292842137835097,24.673195016694148,18.05765875928066,155.48481818695686
2731,05/05/2023 11:22:28.496713,2913,True,True,True,True,Eyes,0.2445695,0.04577763,-3.479582,0.2653044,0.1949977,-0.9442402,0.0,0.0,0.0,0.0,0.0,0.0,0.0,-1.229036,0.0009142272,-3.24893,0.2359583,0.04466362,-3.465315,0.01584499,0.9769036,0.004287877,0.2130493,359.9068,155.3929,1.878788,0.04576681,0.009544422,-0.9989061,0.05549039,-0.005560138,-0.12277,0.8286302,0.4587328,-5.468808,0.3087,0.4008,2.069,-0.908718,0.03278511,-0.4161214,0.029131,0.9994611,0.01512921,0.4163931,0.001626156,-0.9091834,static,-15.69384,-11.66829,8.486072,10.96336,-8.179200185322108,2.8621202806603026,33.11887265669296,18.53001300596084,147.35982095698424
2732,05/05/2023 11:22:28.506597,2914,True,True,True,True,Eyes,0.2448144,0.0457981,-3.479812,0.265969,0.1947917,-0.9440957,0.0,0.0,0.0,0.0,0.0,0.0,0.0,-1.281791,0.00233103,-3.235356,0.2419151,0.04472963,-3.471312,0.01624227,0.9750341,0.004323428,0.221418,359.929,154.4105,1.92482,0.0484384,0.009925785,-0.9987765,0.2612633,0.02884686,-0.4864527,0.8692179,0.4582339,-5.46435,0.3086999,0.4007999,2.069,-0.9014204,0.03358809,-0.4316398,0.02975895,0.9994349,0.01562364,0.4319207,0.001238319,-0.9019107,static,-15.7335,-11.65803,8.486072,10.96336,-8.182156714221168,2.863657904639572,33.140835134246146,18.531999959615074,147.3388089029843
2733,05/05/2023 11:22:28.526256,2915,True,True,True,True,Eyes,0.2453012,0.04583138,-3.48025,0.2672122,0.1945409,-0.9437963,0.0,0.0,0.0,0.0,0.0,0.0,0.0,-1.333011,-0.00726917,-3.221351,0.2478407,0.04530965,-3.477154,0.01689073,0.9731507,0.002790147,0.2295316,0.1331238,153.4593,1.957341,0.05069418,0.01025418,-0.9986612,0.2455875,0.02711605,-0.4572655,0.9090025,0.4516112,-5.460706,0.3086999,0.4008,2.069,-0.8940598,0.03415529,-0.4466434,0.03159359,0.9994138,0.01318438,0.4468319,-0.002323447,-0.8946148,static,-15.80814,-11.64702,8.486072,10.96336,-8.187285970129333,2.8661295360320187,33.18791979689815,18.53553363641539,147.29383990328066
2734,05/05/2023 11:22:28.546634,2916,True,True,True,True,Eyes,0.2460228,0.04586708,-3.48088,0.2691157,0.1943675,-0.9432911,0.0,0.0,0.0,0.0,0.0,0.0,0.0,-1.380455,-0.009566497,-3.207743,0.2540051,0.04566344,-3.482637,0.01767685,0.9713107,0.002264333,0.2371454,0.2283373,152.5634,2.029478,0.05265589,0.01054246,-0.9985567,0.2308522,0.02548908,-0.4298296,0.9468723,0.4488955,-5.455968,0.3086998,0.4008,2.069,-0.8868992,0.03541339,-0.4606036,0.03326548,0.9993648,0.01278271,0.4607637,-0.003985226,-0.8875139,static,-15.92316,-11.64298,8.48607,10.96336,-8.194512732983467,2.869280766923917,33.26946223473563,18.540656917790688,147.21608780959068
2735,05/05/2023 11:22:28.556627,2917,True,True,True,True,Eyes,0.2469777,0.04591301,-3.481683,0.2715459,0.1941405,-0.9426411,0.0,0.0,0.0,0.0,0.0,0.0,0.0,-1.42633,-0.01202378,-3.19388,0.2601779,0.04578267,-3.487928,0.01925646,0.9694505,0.001537252,0.2445256,0.3688048,151.694,2.182864,0.05444068,0.01080265,-0.9984583,0.2170011,0.02395974,-0.4040398,0.9843437,0.4447236,-5.450866,0.3087003,0.4008,2.069,-0.879673,0.03808816,-0.4740516,0.03658457,0.9992537,0.01239797,0.47417,-0.006436813,-0.8804099,static,-16.07006,-11.63756,8.48608,10.96336,-8.203756169468868,2.8733186597596214,33.37372614117279,18.547220822821668,147.11665670642046
2736,05/05/2023 11:22:28.576732,2918,True,True,True,True,Eyes,0.2481675,0.04595851,-3.482643,0.2745163,0.1939707,-0.9418154,0.0,0.0,0.0,0.0,0.0,0.0,0.0,-1.471883,-0.0129926,-3.179167,0.2666045,0.04609006,-3.492922,0.02105404,0.9675207,0.0009961643,0.2519119,0.4973284,150.8223,2.363771,0.05607274,0.01103784,-0.9983654,0.203981,0.02252215,-0.3797974,1.022127,0.4413067,-5.444764,0.3087,0.4007999,2.069,-0.8721943,0.04124233,-0.487418,0.04023854,0.9991115,0.01253514,0.4875019,-0.008679908,-0.8730789,static,-16.25012,-11.63758,8.486074,10.96336,-8.214736945837043,2.877929072915833,33.50644389500676,18.555087699206368,146.99017155568876
2737,05/05/2023 11:22:28.596341,2919,True,True,True,True,Eyes,0.2495812,0.04598593,-3.483742,0.277968,0.1937527,-0.9408473,0.0,0.0,0.0,0.0,0.0,0.0,0.0,-1.516379,-0.007998861,-3.164206,0.273095,0.04613941,-3.49785,0.02248463,0.9655677,0.001331796,0.2591754,0.5204275,149.9614,2.52831,0.05757284,0.0112503,-0.9982777,0.1917422,0.02117082,-0.3570096,1.058969,0.441357,-5.43767,0.3087003,0.4007999,2.069,-0.8646451,0.04411119,-0.5004429,0.04273052,0.9989854,0.0142268,0.5005626,-0.009083049,-0.8656528,static,-16.45948,-11.63649,8.48608,10.96336,-8.227562892842485,2.883346338378153,33.66057313439716,18.564279666107698,146.84325816941546
2738,05/05/2023 11:22:28.606585,2920,True,True,True,True,Eyes,0.2512139,0.04598509,-3.484971,0.2818138,0.1935267,-0.9397491,0.0,0.0,0.0,0.0,0.0,0.0,0.0,-1.561412,-0.007550489,-3.14781,0.2797587,0.04574885,-3.502345,0.0241644,0.9635133,0.000877309,0.2665659,0.6412802,149.0858,2.695966,0.05896098,0.01144186,-0.9981945,0.1802376,0.01990058,-0.335589,1.096657,0.4374426,-5.430025,0.3087001,0.4007999,2.069,-0.8567172,0.04703316,-0.5136373,0.04609772,0.9988306,0.01457341,0.5137221,-0.01119222,-0.8578835,static,-16.69304,-11.6365,8.486079,10.96336,-8.241807147878335,2.889327423126834,33.8340317673753,18.574503412710367,146.67793711884792
2739,05/05/2023 11:22:28.626357,2921,True,True,True,True,Eyes,0.2530647,0.0459611,-3.486306,0.2861058,0.1932244,-0.9385136,0.0,0.0,0.0,0.0,0.0,0.0,0.0,-1.606195,-0.01143707,-3.130672,0.2865584,0.04510496,-3.5067,0.02598012,0.9613969,-0.0002886871,0.2739365,0.8473719,148.2128,2.854607,0.06025423,0.01161371,-0.9981153,0.1694234,0.01870654,-0.3154537,1.13445,0.4301377,-5.422302,0.3087001,0.4008,2.069001,-0.8485678,0.04979624,-0.5267383,0.05011257,0.9986499,0.01367872,0.5267084,-0.01478889,-0.8499176,static,-16.95384,-11.6337,8.486073,10.96336,-8.2578600227022,2.8961490789373574,34.02669972376353,18.585994326741027,146.49426988680932
2740,05/05/2023 11:22:28.646649,2922,True,True,True,True,Eyes,0.2551266,0.04592044,-3.487739,0.2907324,0.1929451,-0.9371483,0.0,0.0,0.0,0.0,0.0,0.0,0.0,-1.650927,-0.01343481,-3.112411,0.2935224,0.04454797,-3.510656,0.02745697,0.9592057,-0.00112128,0.2813704,1.008586,147.3295,2.983642,0.06146781,0.01176711,-0.9980395,0.159258,0.01758415,-0.2965265,1.172218,0.4243892,-5.413368,0.3087001,0.4008,2.069,-0.8401535,0.05204277,-0.5398457,0.05330476,0.9984897,0.01330008,0.5397226,-0.01760224,-0.8416588,static,-17.23551,-11.6338,8.486076,10.96336,-8.275033780872038,2.9033577077180435,34.2378683101182,18.598345034922726,146.2929967566124
2741,05/05/2023 11:22:28.656839,2923,True,True,True,True,Eyes,0.2574089,0.04585103,-3.489261,0.2957338,0.1926815,-0.9356363,0.0,0.0,0.0,0.0,0.0,0.0,0.0,-1.695051,-0.0169103,-3.093538,0.300635,0.04412721,-3.514417,0.02817017,0.9569846,-0.002002855,0.2887613,1.151855,146.449,3.024949,0.06261602,0.01190345,-0.9979665,0.1497025,0.0165291,-0.2787349,1.209241,0.4189832,-5.404026,0.3087007,0.4007999,2.069001,-0.8316469,0.05276014,-0.5527929,0.05507353,0.9984049,0.0124355,0.5525672,-0.02010231,-0.8332261,static,-17.54058,-11.6366,8.486089,10.96335,-8.293493207555915,2.911028277786317,34.46948272367981,18.61167010717097,146.07227748783652
2742,05/05/2023 11:22:28.676680,2924,True,True,True,True,Eyes,0.2599056,0.04575432,-3.490867,0.3009849,0.1925721,-0.933983,0.0,0.0,0.0,0.0,0.0,0.0,0.0,-1.737754,-0.01394308,-3.074762,0.3080881,0.04336897,-3.518145,0.02817812,0.9547622,-0.001849046,0.296027,1.158242,145.5781,3.022197,0.06371097,0.01202352,-0.9978957,0.1407203,0.01553735,-0.2620108,1.245316,0.4179797,-5.393771,0.3087003,0.4008,2.069001,-0.8231483,0.05271207,-0.5653749,0.05490154,0.9984052,0.01315217,0.5651665,-0.02021376,-0.8247295,static,-17.86203,-11.6502,8.486076,10.96335,-8.31238567547848,2.9185689685241205,34.72168390775044,18.625434666254456,145.83214840626994
2743,05/05/2023 11:22:28.696682,2925,True,True,True,True,Eyes,0.2626285,0.04562221,-3.492541,0.3065159,0.1925574,-0.9321854,0.0,0.0,0.0,0.0,0.0,0.0,0.0,-1.778617,-0.008208264,-3.056228,0.3157162,0.0426385,-3.521729,0.02736164,0.9525732,-0.001099133,0.303075,1.070306,144.7291,2.950356,0.06476436,0.01212819,-0.9978266,0.1322771,0.01460511,-0.2462901,1.279871,0.4200762,-5.383086,0.3086999,0.4008,2.069001,-0.8147939,0.05146169,-0.5774624,0.05279418,0.9985002,0.01449125,0.5773421,-0.01867927,-0.8162888,moving,-18.2016,-11.67118,8.486065,10.96336,-8.331996531300138,2.9261983124694844,34.99362605052276,18.639827297003208,145.57338515299458
2744,05/05/2023 11:22:28.706387,2926,True,True,True,True,Eyes,0.2655548,0.04545955,-3.49429,0.3122052,0.1927615,-0.9302531,0.0,0.0,0.0,0.0,0.0,0.0,0.0,-1.81733,-0.002423383,-3.038128,0.3237596,0.04163631,-3.525105,0.02548985,0.9504327,-0.0001221402,0.3098836,0.9184877,143.9057,2.773242,0.0657859,0.0122179,-0.9977587,0.1243405,0.01372881,-0.2315127,1.312793,0.4209663,-5.372386,0.3086995,0.3980793,2.069,-0.8066446,0.04837707,-0.5890533,0.04852846,0.9987005,0.0155656,0.5890409,-0.01602994,-0.8079441,moving,-18.55243,-11.70681,8.486061,10.89073,-8.351526402094132,2.933370807533198,35.238172620166914,18.6232090371422,145.34131535269285
2745,05/05/2023 11:22:28.726357,2927,True,True,True,True,Eyes,0.2687122,0.04525135,-3.496081,0.3180958,0.1930317,-0.9281992,0.0,0.0,0.0,0.0,0.0,0.0,0.0,-1.854383,0.001354083,-3.020238,0.3320034,0.04064373,-3.52827,0.0227603,0.948324,0.0007906747,0.3164855,0.7395358,143.1052,2.503039,0.06678447,0.01229325,-0.9976915,0.1168801,0.01290508,-0.217622,1.344358,0.422593,-5.36179,0.3086997,0.3955836,2.069,-0.798638,0.04366874,-0.6002256,0.04266779,0.9989627,0.01590624,0.6002975,-0.01290697,-0.7996728,moving,-18.9167,-11.74799,8.486065,10.82407,-8.37158512926963,2.94060518789701,35.502245313343565,18.60992706392291,145.0907585099379
2746,05/05/2023 11:22:28.746502,2928,True,True,True,True,Eyes,0.2720862,0.04500799,-3.49791,0.3245648,0.1932597,-0.9259095,0.0,0.0,0.0,0.0,0.0,0.0,0.0,-1.888973,0.002349328,-3.003046,0.3406079,0.03932869,-3.531139,0.01978399,0.946269,0.001347648,0.3227719,0.585628,142.3423,2.195764,0.06776899,0.0123544,-0.9976243,0.1098673,0.01213077,-0.2045646,1.374817,0.4226286,-5.351563,0.3087002,0.3929293,2.069,-0.7908539,0.03831193,-0.6108048,0.03657199,0.9992135,0.01532191,0.6109114,-0.01022096,-0.7916331,moving,-19.31742,-11.78975,8.486076,10.75313,-8.39383654009201,2.9487435680512144,35.79407532702047,18.596771089098823,144.8137832560246
2747,05/05/2023 11:22:28.766441,2929,True,True,True,True,Eyes,0.2756866,0.04471609,-3.49976,0.3311441,0.1934472,-0.9235376,0.0,0.0,0.0,0.0,0.0,0.0,0.0,-1.921788,-0.003538527,-2.98619,0.3492949,0.03823327,-3.533714,0.01703765,0.9442453,0.0009154694,0.3288005,0.5428924,141.6111,1.87843,0.06874696,0.01240175,-0.9975569,0.1032752,0.01140293,-0.1922908,1.404624,0.4187276,-5.341981,0.3087002,0.3902071,2.069001,-0.7832001,0.03277745,-0.6209054,0.03157343,0.9994178,0.01293283,0.6209679,-0.009475118,-0.7837791,moving,-19.72583,-11.83033,8.486073,10.68035,-8.41661880018014,2.957138917933137,36.09213466870322,18.58356745918386,144.53086780202113
2748,05/05/2023 11:22:28.776767,2930,True,True,True,True,Eyes,0.2794966,0.0443733,-3.501634,0.3380689,0.1935177,-0.9210105,0.0,0.0,0.0,0.0,0.0,0.0,0.0,-1.950454,-0.01169421,-2.97146,0.3582368,0.03678778,-3.536142,0.0144642,0.9423841,9.490832e-05,0.3342202,0.5437208,140.9529,1.565879,0.06972484,0.01243527,-0.9974885,0.0970787,0.01071875,-0.1807533,1.432499,0.4130007,-5.333556,0.3087002,0.3875737,2.069001,-0.7761754,0.02732511,-0.6299248,0.02719823,0.9995816,0.009847337,0.6299303,-0.009489577,-0.7765937,moving,-20.15632,-11.86607,8.486073,10.60992,-8.441001354390774,2.9663459516167388,36.40819692385973,18.572831513589737,144.23065496708324
2749,05/05/2023 11:22:28.796314,2931,True,True,True,True,Eyes,0.3803555,0.03496534,-3.548451,0.506498,0.189551,-0.8411481,0.0,0.0,0.0,0.0,0.0,0.0,0.0,-1.97261,-0.02606225,-2.960419,0.3673152,0.03525549,-3.538331,0.01237302,0.9408339,-0.001725415,0.3386378,0.6661703,140.4163,1.26719,0.07070847,0.01245489,-0.9974189,0.09125398,0.01007563,-0.1699081,1.457204,0.4026558,-5.327534,0.3087,0.3847495,2.069,-0.7703425,0.02211333,-0.6372465,0.0244505,0.9996879,0.00513329,0.6371611,-0.0116266,-0.7706429,moving,-31.05428,-12.69936,8.486073,10.53435,-9.061997428917016,3.203060189285624,45.86114690812593,19.017954308150923,135.26883950877667
2750,05/05/2023 11:22:28.816557,2932,True,True,True,True,Eyes,0.3807598,0.03492564,-3.548522,0.5069332,0.1895509,-0.840886,0.0,0.0,0.0,0.0,0.0,0.0,0.0,-1.995447,-0.03838803,-2.948354,0.376657,0.03410136,-3.540203,0.01067454,0.9391848,-0.003283598,0.3432305,0.7732567,139.8566,1.01982,0.07429982,0.01218979,-0.9971611,0.3883555,-0.01875278,-0.3001627,1.483045,0.3933425,-5.320276,0.3087008,0.3817647,2.069002,-0.7641578,0.01779667,-0.6447839,0.02230479,0.9997505,0.001159843,0.6446437,-0.01349547,-0.7643642,moving,-31.08393,-12.70318,8.486089,10.45442,-9.0636055903483,3.203625223626418,45.84823705902291,18.98857038072079,135.27921596302997
2751,05/05/2023 11:22:28.826541,2933,True,True,True,True,Eyes,0.3815555,0.03483042,-3.548664,0.507601,0.1896283,-0.8404655,0.0,0.0,0.0,0.0,0.0,0.0,0.0,-2.014419,-0.0426157,-2.939103,0.3863921,0.03312156,-3.542263,0.008774286,0.9377258,-0.00357759,0.3472474,0.7335945,139.3651,0.8005784,0.07754231,0.01194992,-0.9969172,0.3650542,-0.01762761,-0.2821529,1.506672,0.3903796,-5.313541,0.3087009,0.3795033,2.069002,-0.7586847,0.01397113,-0.6513085,0.01894037,0.9998204,-0.0006159011,0.6511829,-0.01280329,-0.7588131,moving,-31.12997,-12.71435,8.486089,10.39385,-9.065828199458185,3.204236131026992,45.86306834405523,18.967349444810814,135.26431237455125
2752,05/05/2023 11:22:28.846503,2934,True,True,True,True,Eyes,0.3827314,0.03468262,-3.54888,0.5086964,0.1897084,-0.8397849,0.0,0.0,0.0,0.0,0.0,0.0,0.0,-2.032503,-0.04033808,-2.930243,0.3965181,0.03167919,-3.54412,0.006767404,0.9362744,-0.002962217,0.3511917,0.590169,138.8815,0.6069022,0.08048112,0.01173123,-0.9966869,0.3431509,-0.01656996,-0.2652237,1.530094,0.390436,-5.306042,0.3087003,0.3768394,2.069001,-0.7532372,0.01059168,-0.6576638,0.01475291,0.9998909,-0.0007935844,0.6575837,-0.01030021,-0.7533112,moving,-31.20522,-12.72952,8.486079,10.32247,-9.069622701621665,3.205391647810925,45.89981981737511,18.94348084454175,135.22853292451495
2753,05/05/2023 11:22:28.866661,2935,True,True,True,True,Eyes,0.3842871,0.0344797,-3.549148,0.5099897,0.1897845,-0.8389829,0.0,0.0,0.0,0.0,0.0,0.0,0.0,-2.051462,-0.04680805,-2.920453,0.4070594,0.03027274,-3.54586,0.004628784,0.9347224,-0.003567334,0.3553305,0.5705856,138.3736,0.3505604,0.08315749,0.01153009,-0.9964695,0.3225619,-0.01557576,-0.2493103,1.554819,0.3856677,-5.29868,0.3087003,0.3741359,2.069,-0.7474374,0.006118091,-0.6643038,0.01118842,0.9999317,-0.00337944,0.6642378,-0.009958431,-0.7474549,moving,-31.29403,-12.74624,8.486083,10.24999,-9.074162998122336,3.2068155971112144,45.94871036825374,18.920056690826257,135.1812653987237
2754,05/05/2023 11:22:28.876570,2936,True,True,True,True,Eyes,0.3862053,0.03422355,-3.549475,0.5116866,0.1897428,-0.8379585,0.0,0.0,0.0,0.0,0.0,0.0,0.0,-2.06858,-0.05384511,-2.911582,0.4176688,0.02875385,-3.547388,0.002048698,0.9332461,-0.004149043,0.3592079,0.5280439,137.8966,0.04831051,0.0856083,0.01134319,-0.9962641,0.3032082,-0.01464121,-0.2343517,1.578306,0.3813941,-5.291695,0.3087001,0.3714638,2.069,-0.741931,0.0008431419,-0.6704757,0.006804616,0.9999572,-0.006272339,0.6704416,-0.009215972,-0.741905,moving,-31.40969,-12.75859,8.486075,10.17832,-9.080569879866486,3.209149484211835,46.01927753978027,18.898580634890827,135.112898162547
2755,05/05/2023 11:22:28.896479,2937,True,True,True,True,Eyes,0.3885082,0.03395492,-3.54984,0.5135995,0.1896566,-0.836807,0.0,0.0,0.0,0.0,0.0,0.0,0.0,-2.086965,-0.06814343,-2.901357,0.4286367,0.02726961,-3.548727,6.585274e-05,0.9316353,-0.005920652,0.3633467,0.634829,137.3862,359.7605,0.08786566,0.01116763,-0.9960696,0.2850157,-0.01376274,-0.2202906,1.603816,0.371643,-5.284323,0.3087006,0.3686133,2.069001,-0.7359585,-0.004179797,-0.6770139,0.0044252,0.9999299,-0.01098392,0.6770124,-0.01107963,-0.7358884,moving,-31.53998,-12.76997,8.486085,10.10183,-9.087919875122967,3.2119073956777693,46.09994701324748,18.876352424247546,135.03464394166446
2756,05/05/2023 11:22:28.916448,2938,True,True,True,True,Eyes,0.3911833,0.03367845,-3.550252,0.5158086,0.1897905,-0.8354166,0.0,0.0,0.0,0.0,0.0,0.0,0.0,-2.106266,-0.07959246,-2.890397,0.440099,0.02672148,-3.550025,-0.002152911,0.9299157,-0.007076934,0.3676986,0.6634231,136.8482,359.4724,0.08995967,0.0110019,-0.9958844,0.2679147,-0.01293698,-0.2070732,1.630279,0.3658381,-5.275845,0.3086998,0.3659555,2.069001,-0.7295864,-0.009208408,-0.6838269,0.001200306,0.9998906,-0.01474515,0.6838878,-0.01157866,-0.7294955,moving,-31.69229,-12.79925,8.486064,10.03047,-9.095674820081175,3.2143187048875195,46.211429813712925,18.85676160997463,134.9286913196257
2757,05/05/2023 11:22:28.926309,2939,True,True,True,True,Eyes,0.3942218,0.03344546,-3.550688,0.5181946,0.1899127,-0.833911,0.0,0.0,0.0,0.0,0.0,0.0,0.0,-2.124711,-0.07202228,-2.880667,0.4517387,0.02623051,-3.551489,-0.005372201,0.9282437,-0.005211065,0.3718973,0.3253536,136.3311,359.2065,0.09191678,0.01084479,-0.9957073,0.2518398,-0.01216076,-0.1946488,1.654831,0.3737546,-5.266147,0.3087003,0.3635889,2.069001,-0.7233272,-0.01384939,-0.6903666,-0.006097462,0.9998879,-0.01367009,0.6904787,-0.005678462,-0.7233306,moving,-31.85693,-12.82958,8.486077,9.966912,-9.104126744312593,3.216992379916219,46.33830231361647,18.840824892876128,134.80836447310182
2758,05/05/2023 11:22:28.946537,2940,True,True,True,True,Eyes,0.3976274,0.03328058,-3.551164,0.5207723,0.1902196,-0.8322336,0.0,0.0,0.0,0.0,0.0,0.0,0.0,-2.142189,-0.0806291,-2.870598,0.4634114,0.02712979,-3.552509,-0.007231872,0.9265748,-0.005827459,0.375996,0.3071551,135.8235,358.981,0.09376077,0.01069664,-0.995537,0.2367295,-0.01143111,-0.1829698,1.680578,0.3713576,-5.257296,0.3086998,0.3608716,2.069,-0.7171494,-0.01778394,-0.6966926,-0.009019536,0.9998274,-0.01623746,0.6968611,-0.005360843,-0.7171861,moving,-32.03638,-12.87466,8.486068,9.893906,-9.11270895684808,3.2192950365662387,46.48092500810478,18.82199197455139,134.67407134468863
2759,05/05/2023 11:22:28.958098,2941,True,True,True,True,Eyes,0.4013831,0.03306307,-3.551653,0.523388,0.1907752,-0.8304636,0.0,0.0,0.0,0.0,0.0,0.0,0.0,-2.155294,-0.07731678,-2.864649,0.475571,0.02856476,-3.553941,-0.01089823,0.9251641,-0.004174998,0.379388,359.9688,135.4056,358.663,0.0955132,0.01055843,-0.9953719,0.2225257,-0.01074525,-0.1719916,1.702333,0.3805314,-5.24967,0.3086997,0.3581412,2.069,-0.7118921,-0.02333319,-0.7019013,-0.01699741,0.9997276,-0.01599443,0.7020833,0.0005441997,-0.7120948,moving,-32.2206,-12.9376,8.486064,9.82051,-9.120646141123997,3.220811344201371,46.63650999786537,18.80298551669146,134.52908241244828
2760,05/05/2023 11:22:28.976731,2942,True,True,True,True,Eyes,0.4054279,0.0328657,-3.55213,0.5264426,0.190656,-0.828558,0.0,0.0,0.0,0.0,0.0,0.0,0.0,-2.165206,-0.06240229,-2.860547,0.4876927,0.02695475,-3.554739,-0.01375701,0.9239473,-0.001507975,0.3822695,359.557,135.0527,358.4772,0.09719225,0.01042773,-0.9952107,0.2091741,-0.01010053,-0.1616721,1.722321,0.3899804,-5.241824,0.3087007,0.3553694,2.069001,-0.7073616,-0.0265744,-0.7063522,-0.02426859,0.999617,-0.01330435,0.7064352,0.007731189,-0.7077356,moving,-32.43074,-12.95852,8.486086,9.745965,-9.132366230645845,3.2251289704405472,46.794019799857985,18.78646218764859,134.3782183405277
2761,05/05/2023 11:22:28.996705,2943,True,True,True,True,Eyes,0.4098007,0.03281823,-3.552624,0.5296571,0.1904601,-0.826552,0.0,0.0,0.0,0.0,0.0,0.0,0.0,-2.180711,-0.1046469,-2.849381,0.498863,0.02738835,-3.554688,-0.01110827,0.922333,-0.008209739,0.3861492,0.3761685,134.5602,358.4625,0.09881363,0.01030432,-0.9950524,0.1966237,-0.009494499,-0.1519718,1.751469,0.3580661,-5.234591,0.3087006,0.3526789,2.069,-0.7015311,-0.02683141,-0.7121338,-0.01415067,0.9996184,-0.02372312,0.7124985,-0.006565332,-0.701643,moving,-32.65187,-12.97601,8.486087,9.673581,-9.14493634658133,3.2299025352277804,46.960999548573604,18.771626898195723,134.21796179250921
2762,05/05/2023 11:22:29.006331,2944,True,True,True,True,Eyes,0.4144912,0.03285048,-3.553118,0.5329507,0.1906355,-0.8243917,0.0,0.0,0.0,0.0,0.0,0.0,0.0,-2.19756,-0.1190539,-2.8392,0.5110273,0.03096372,-3.555613,-0.01179856,0.9206019,-0.009569839,0.3902069,0.4819929,134.0526,358.3271,0.1003916,0.01019169,-0.9948955,0.1848263,-0.00892483,-0.1428535,1.77837,0.3544905,-5.225286,0.3087006,0.3501049,2.069001,-0.6951988,-0.02919198,-0.7182246,-0.01425512,0.9995384,-0.02682778,0.7186762,-0.008412261,-0.6952941,moving,-32.88176,-13.02043,8.486086,9.604298,-9.156629472094789,3.2335305597915305,47.15057793658207,18.7577207305822,134.03881476941945
2763,05/05/2023 11:22:29.026455,2945,True,True,True,True,Eyes,0.4194601,0.03294106,-3.553613,0.5363602,0.190682,-0.8221667,0.0,0.0,0.0,0.0,0.0,0.0,0.0,-2.211189,-0.102437,-2.832497,0.5229688,0.0328327,-3.556448,-0.01503667,0.9191154,-0.006039999,0.393655,359.9579,133.63,358.1435,0.1019399,0.01009093,-0.9947392,0.1737367,-0.00838934,-0.1342823,1.799694,0.3716805,-5.215355,0.3086998,0.3475091,2.069,-0.6896191,-0.03239623,-0.723447,-0.02288553,0.9994748,-0.02294144,0.7238104,0.0007356119,-0.6899983,moving,-33.11938,-13.05754,8.48607,9.534403,-9.169177127858,3.237728402337851,47.34352498724349,18.744488846980648,133.85567397732973
2764,05/05/2023 11:22:29.046409,2946,True,True,True,True,Eyes,0.4247358,0.03310027,-3.554106,0.539869,0.1907324,-0.8198552,0.0,0.0,0.0,0.0,0.0,0.0,0.0,-2.224344,-0.1154884,-2.82459,0.534555,0.03435413,-3.557024,-0.01492831,0.9176373,-0.00771375,0.3970635,0.131888,133.2013,358.0789,0.1034688,0.01000249,-0.9945822,0.1633125,-0.007885979,-0.1262254,1.824196,0.3638603,-5.207238,0.3087,0.3448121,2.068999,-0.6842355,-0.03352324,-0.7284902,-0.02127184,0.9994353,-0.02601182,0.7289509,-0.002301881,-0.6845623,moving,-33.36463,-13.09643,8.486074,9.461755,-9.182096855306169,3.2420311072548844,47.543171284526665,18.730969720606424,133.6661896178538
2765,05/05/2023 11:22:29.056558,2947,True,True,True,True,Eyes,0.4302578,0.03329291,-3.554604,0.5434725,0.1908111,-0.8174526,0.0,0.0,0.0,0.0,0.0,0.0,0.0,-2.235117,-0.1104836,-2.819976,0.5465256,0.03612387,-3.55812,-0.01477328,0.9163744,-0.006772446,0.3999928,0.03402096,132.8374,358.1379,0.1049888,0.009927046,-0.9944236,0.1535137,-0.007412821,-0.1186518,1.846505,0.3665901,-5.199402,0.3087004,0.3419061,2.069002,-0.6795755,-0.03249357,-0.7328861,-0.02165786,0.9994717,-0.0242306,0.7332863,-0.0005937756,-0.6799203,moving,-33.61742,-13.13882,8.486078,9.383426,-9.195293029109806,3.246348875795608,47.74888594219262,18.716158716400017,133.47104150645646
2766,05/05/2023 11:22:29.086240,2948,True,True,True,True,Eyes,0.4359846,0.0334967,-3.555117,0.547331,0.1905735,-0.8149297,0.0,0.0,0.0,0.0,0.0,0.0,0.0,-2.248122,-0.1047136,-2.812922,0.5579006,0.03710945,-3.55878,-0.01354779,0.9149717,-0.006114089,0.4032445,0.01502844,132.4319,358.2968,0.1065068,0.009864241,-0.9942628,0.1443029,-0.006968051,-0.1115327,1.870054,0.3667015,-5.190013,0.3087004,0.3394602,2.069003,-0.674421,-0.02972263,-0.7377489,-0.01986074,0.9995582,-0.02211458,0.7380801,-0.0002622947,-0.6747134,moving,-33.88649,-13.16224,8.486074,9.317475,-9.210476235910976,3.2520485588538213,47.96636077935579,18.707145377236905,133.2630424201007
2767,05/05/2023 11:22:29.096766,2949,True,True,True,True,Eyes,0.4419285,0.03369718,-3.55565,0.5512946,0.1903485,-0.8123065,0.0,0.0,0.0,0.0,0.0,0.0,0.0,-2.264611,-0.1132696,-2.802489,0.5685971,0.03763796,-3.559567,-0.01035283,0.9133413,-0.008097845,0.4069829,0.3647099,131.9601,358.5386,0.1080289,0.009813092,-0.9940991,0.1356447,-0.006549968,-0.1048408,1.896578,0.3532854,-5.180164,0.3087008,0.3368064,2.069001,-0.6685155,-0.0255027,-0.7432609,-0.01231996,0.9996545,-0.02321904,0.7435961,-0.006365345,-0.6685988,moving,-34.16388,-13.18821,8.48609,9.245904,-9.226033245671278,3.257831606806597,48.19034563028051,18.696960203625984,133.04879008508846
2768,05/05/2023 11:22:29.106496,2950,True,True,True,True,Eyes,0.5952067,0.03821535,-3.569196,0.6503922,0.1775723,-0.7385514,0.0,0.0,0.0,0.0,0.0,0.0,0.0,-2.280001,-0.107864,-2.793792,0.5796869,0.03775477,-3.560597,-0.008837741,0.9117717,-0.007694946,0.4105303,0.3882247,131.5158,358.7145,0.1095606,0.009772317,-0.9939318,0.1275061,-0.00615697,-0.09855033,1.920998,0.3501277,-5.170109,0.3087002,0.3334089,2.069,-0.6627736,-0.02243402,-0.7484838,-0.009797987,0.9997254,-0.02128839,0.7487558,-0.006775748,-0.6628114,moving,-41.36819,-13.5192,8.486078,9.154228,-9.64807725175214,3.425500782961535,54.767986772265125,19.017515669032246,126.77188047245853
2769,05/05/2023 11:22:29.126380,2951,True,True,True,True,Eyes,0.5956362,0.03826952,-3.569244,0.6506584,0.1773363,-0.7383736,0.0,0.0,0.0,0.0,0.0,0.0,0.0,-2.296704,-0.1176372,-2.783015,0.590177,0.03750552,-3.561481,-0.006508955,0.9100807,-0.00974365,0.4142654,0.7071708,131.0432,358.8585,0.1160853,0.009863024,-0.99319,0.5796903,0.00776697,-0.1332753,1.946559,0.3370183,-5.160334,0.3086996,0.3312891,2.069001,-0.6566837,-0.01992026,-0.7539031,-0.003774435,0.9997254,-0.02312788,0.7541568,-0.01234214,-0.6565786,moving,-41.38666,-13.50502,8.48606,9.096998,-9.649946833457951,3.4266951244619017,54.75526840287356,19.001765143364157,126.7787795277902
2770,05/05/2023 11:22:29.146295,2952,True,True,True,True,Eyes,0.5964836,0.03838142,-3.569357,0.6510695,0.1773219,-0.7380146,0.0,0.0,0.0,0.0,0.0,0.0,0.0,-2.312814,-0.1385695,-2.772582,0.6008501,0.038915,-3.562722,-0.00583184,0.9083709,-0.01271279,0.4179315,1.044057,130.5756,358.7838,0.1215314,0.009941306,-0.9925376,0.5449089,0.007300952,-0.1252788,1.971265,0.3233426,-5.151822,0.3087001,0.328807,2.069001,-0.6505985,-0.0212211,-0.7591254,3.120219e-05,0.9996088,-0.02797047,0.7594219,-0.01822123,-0.6503432,moving,-41.41843,-13.5103,8.486072,9.029968,-9.65160778227758,3.42724018511548,54.75877099953786,18.983308111394113,126.77224150694536
2771,05/05/2023 11:22:29.156687,2953,True,True,True,True,Eyes,0.5977274,0.03849656,-3.569523,0.6515552,0.1774877,-0.7375459,0.0,0.0,0.0,0.0,0.0,0.0,0.0,-2.324424,-0.1356586,-2.767343,0.6118566,0.04036679,-3.564203,-0.009678412,0.9069927,-0.0110327,0.4208905,0.6798908,130.2035,358.4617,0.126103,0.01001095,-0.9919664,0.5122144,0.006862895,-0.117762,1.98999,0.333532,-5.144465,0.3087008,0.3261432,2.069,-0.6455146,-0.02684361,-0.7632757,-0.008269378,0.9995692,-0.02816026,0.7637028,-0.01186605,-0.6454586,moving,-41.45769,-13.53074,8.486096,8.95801,-9.652931088055691,3.427205902291745,54.77340263829057,18.963493814918298,126.7568577911989
2772,05/05/2023 11:22:29.176673,2954,True,True,True,True,Eyes,0.5993606,0.03855741,-3.569711,0.6521568,0.1775935,-0.7369885,0.0,0.0,0.0,0.0,0.0,0.0,0.0,-2.33268,-0.1365185,-2.764627,0.6225812,0.0405294,-3.565662,-0.01386069,0.9058405,-0.009991277,0.4232744,0.3648195,129.9031,358.0762,0.1300169,0.01007419,-0.9914604,0.4814816,0.006451121,-0.1106963,2.00639,0.3401732,-5.139165,0.3087003,0.3233693,2.069,-0.6412934,-0.03356925,-0.7665612,-0.01665304,0.9994161,-0.02983475,0.7671152,-0.006367256,-0.6414781,moving,-41.50542,-13.54837,8.486082,8.883039,-9.654918234963649,3.427531481038723,54.79341549804397,18.943559639476266,126.73571746420085
2773,05/05/2023 11:22:29.196625,2955,True,True,True,True,Eyes,0.6013377,0.03860198,-3.569939,0.6529033,0.177491,-0.736352,0.0,0.0,0.0,0.0,0.0,0.0,0.0,-2.33906,-0.1438867,-2.762848,0.6330851,0.03926507,-3.566916,-0.0152623,0.9048516,-0.01084242,0.4253153,0.3803892,129.6423,357.8885,0.1335808,0.01013252,-0.9909859,0.4525927,0.006064054,-0.1040545,2.023494,0.334687,-5.134856,0.3087008,0.3207563,2.069001,-0.637748,-0.03684312,-0.7693634,-0.01839733,0.999299,-0.03260415,0.7700254,-0.006638996,-0.6379788,moving,-41.56253,-13.55212,8.486091,8.812387,-9.658204844802668,3.428803341097862,54.818205345986016,18.926131266482372,126.70826220605764
2774,05/05/2023 11:22:29.206354,2956,True,True,True,True,Eyes,0.6036501,0.03866892,-3.570179,0.6538585,0.1771379,-0.735589,0.0,0.0,0.0,0.0,0.0,0.0,0.0,-2.346527,-0.160067,-2.759557,0.6432738,0.03896601,-3.568144,-0.01453667,0.9038005,-0.01338424,0.4274976,0.674077,129.359,357.8381,0.136839,0.01018599,-0.9905407,0.4254371,0.005700211,-0.09781126,2.042434,0.3207898,-5.130239,0.3086996,0.3180572,2.069,-0.634069,-0.03771996,-0.772356,-0.01483303,0.9992191,-0.03662215,0.7731342,-0.01176459,-0.6341333,moving,-41.63361,-13.53966,8.486062,8.739385,-9.663192963953932,3.4312575583414824,54.84831234869136,18.90956563973627,126.6732159955489
2775,05/05/2023 11:22:29.226739,2957,True,True,True,True,Eyes,0.6062741,0.03873521,-3.570463,0.6549239,0.17672,-0.7347413,0.0,0.0,0.0,0.0,0.0,0.0,0.0,-2.3558,-0.1821091,-2.753972,0.6532046,0.03973932,-3.569182,-0.0140199,0.9025692,-0.01654686,0.4299983,1.020623,129.0321,357.7337,0.1398318,0.01023571,-0.990122,0.3999109,0.005358198,-0.09194259,2.062218,0.3058735,-5.124639,0.3087006,0.3154901,2.069001,-0.62981,-0.03953811,-0.7757425,-0.01107762,0.9990593,-0.04192644,0.7766705,-0.0178123,-0.6296555,moving,-41.71275,-13.5239,8.486086,8.669922,-9.668845596764008,3.434086062401269,54.8861446152176,18.894854306096953,126.6304346506949
2776,05/05/2023 11:22:29.246528,2958,True,True,True,True,Eyes,0.6091831,0.03878498,-3.570778,0.6561794,0.1761684,-0.7337529,0.0,0.0,0.0,0.0,0.0,0.0,0.0,-2.364091,-0.1927453,-2.750346,0.6632742,0.0398083,-3.570569,-0.01465815,0.9014432,-0.01786659,0.4322803,1.119549,128.7372,357.5996,0.1425933,0.010282,-0.9897276,0.3759162,0.005036706,-0.08642603,2.080208,0.298925,-5.119461,0.3086996,0.3128026,2.069001,-0.6258379,-0.04187373,-0.7788284,-0.01098022,0.9989318,-0.04488429,0.779876,-0.01953857,-0.6256292,moving,-41.80558,-13.50073,8.486058,8.597172,-9.675721499546931,3.437642110001425,54.93237775232971,18.880439170632442,126.57826056178321
2777,05/05/2023 11:22:29.256497,2959,True,True,True,True,Eyes,0.6123605,0.03883341,-3.571125,0.6575365,0.175372,-0.732728,0.0,0.0,0.0,0.0,0.0,0.0,0.0,-2.37112,-0.2064447,-2.747109,0.6729673,0.03936408,-3.571695,-0.0140783,0.9004226,-0.02002531,0.4343268,1.365679,128.4693,357.5493,0.1451548,0.01032476,-0.9893547,0.3533613,0.004734503,-0.08124047,2.097835,0.2865717,-5.114695,0.3086989,0.3100866,2.069,-0.6223238,-0.04274789,-0.7815915,-0.007957772,0.9988016,-0.04829166,0.7827192,-0.02383333,-0.6219182,moving,-41.90422,-13.46004,8.486046,8.523633,-9.683869885106448,3.442238170649329,54.97691139125301,18.867072287018868,126.52513291386848
2778,05/05/2023 11:22:29.276682,2960,True,True,True,True,Eyes,0.615788,0.0388893,-3.571512,0.6590635,0.1745323,-0.7315558,0.0,0.0,0.0,0.0,0.0,0.0,0.0,-2.376289,-0.2264867,-2.744925,0.6825558,0.03944082,-3.572844,-0.01276739,0.8995287,-0.02320892,0.436058,1.754644,128.2373,357.5223,0.1475431,0.01036428,-0.989001,0.3321596,0.004450433,-0.07636604,2.114857,0.2697932,-5.11104,0.3086994,0.3074746,2.069,-0.6193811,-0.04321014,-0.7839008,-0.002728402,0.9985967,-0.05288882,0.785086,-0.03061953,-0.6186298,moving,-42.0159,-13.41861,8.486056,8.452875,-9.692852357284,3.4472058351808075,55.03462015796203,18.855488136087907,126.45927337424803
2779,05/05/2023 11:22:29.296746,2961,True,True,True,True,Eyes,0.6194613,0.03893736,-3.571928,0.6606426,0.1736522,-0.7303398,0.0,0.0,0.0,0.0,0.0,0.0,0.0,-2.380569,-0.2386766,-2.744,0.6922076,0.03971782,-3.573917,-0.01260889,0.8987104,-0.02493195,0.4376517,1.935625,128.0268,357.4488,0.1497823,0.01040107,-0.988664,0.31223,0.004183407,-0.07178407,2.130475,0.2603242,-5.107418,0.3086998,0.3046988,2.069001,-0.6166041,-0.0444865,-0.7860155,-0.000840463,0.9984388,-0.05584981,0.7872729,-0.0337766,-0.6156789,moving,-42.13151,-13.37481,8.486063,8.377648,-9.702198718762574,3.4523947073798644,55.093630534319416,18.843327316232386,126.39150161869627
2780,05/05/2023 11:22:29.306301,2962,True,True,True,True,Eyes,0.6233904,0.03896353,-3.572343,0.6622186,0.1725163,-0.7291808,0.0,0.0,0.0,0.0,0.0,0.0,0.0,-2.385447,-0.2452735,-2.743068,0.7017583,0.03959515,-3.575039,-0.01244532,0.897884,-0.02591302,0.4392925,2.040133,127.8132,357.4125,0.1518937,0.01043518,-0.9883415,0.2934962,0.003932402,-0.06747703,2.145926,0.2534598,-5.103395,0.3087007,0.3019464,2.069,-0.6137342,-0.04511569,-0.7882224,0.0004178953,0.9983473,-0.05746805,0.7895124,-0.03559951,-0.6127011,moving,-42.24472,-13.31081,8.486091,8.303033,-9.712457281560582,3.458549657792981,55.14320804910039,18.832317393491778,126.32989758303941
2781,05/05/2023 11:22:29.326485,2963,True,True,True,True,Eyes,0.6275365,0.03896735,-3.57279,0.6638558,0.1713885,-0.7279571,0.0,0.0,0.0,0.0,0.0,0.0,0.0,-2.390328,-0.2502025,-2.742214,0.7112964,0.03906546,-3.576106,-0.01163751,0.8970769,-0.02688474,0.4409024,2.176236,127.6043,357.4427,0.153897,0.01046626,-0.9880313,0.2758864,0.003696458,-0.0634284,2.161516,0.2456225,-5.099227,0.3087003,0.2994018,2.069001,-0.6109395,-0.04458657,-0.790421,0.002827619,0.9982835,-0.05849738,0.7916725,-0.03797336,-0.6097648,moving,-42.36305,-13.24831,8.486079,8.234023,-9.722949504973071,3.4647594313442567,55.200765856838714,18.823246109059635,126.26107929200286
2782,05/05/2023 11:22:29.346616,2964,True,True,True,True,Eyes,0.6318732,0.03894841,-3.573286,0.665575,0.1701234,-0.7266828,0.0,0.0,0.0,0.0,0.0,0.0,0.0,-2.396422,-0.2479663,-2.741167,0.7206247,0.03854121,-3.577364,-0.01030086,0.8962519,-0.0269739,0.4426045,2.248429,127.3884,357.5714,0.1558085,0.01049398,-0.9877313,0.2593333,0.003474671,-0.0596227,2.177178,0.2405074,-5.094518,0.3087001,0.2967038,2.069001,-0.6079903,-0.04234188,-0.7928147,0.00541321,0.9983326,-0.05746925,0.7939261,-0.03923241,-0.6067473,moving,-42.48684,-13.17619,8.486071,8.160826,-9.734278866851607,3.471598393202226,55.25853696577731,18.814090592394674,126.19034603387281
2783,05/05/2023 11:22:29.356807,2965,True,True,True,True,Eyes,0.6364052,0.03890298,-3.573813,0.667358,0.1688981,-0.7253321,0.0,0.0,0.0,0.0,0.0,0.0,0.0,-2.403222,-0.2458604,-2.739531,0.7298075,0.03799808,-3.578672,-0.008391313,0.8953871,-0.02723481,0.4443757,2.367769,127.1636,357.7497,0.1576421,0.01051801,-0.98744,0.2437733,0.003266191,-0.05604533,2.193175,0.2339486,-5.08952,0.3087004,0.2940168,2.069,-0.6049195,-0.03923192,-0.7953196,0.009178031,0.9983757,-0.05622919,0.7962337,-0.0413136,-0.6035769,moving,-42.6163,-13.1081,8.486083,8.087907,-9.745742849607218,3.478377566709564,55.32381278457531,18.805510772291637,126.1128809696857
2784,05/05/2023 11:22:29.376707,2966,True,True,True,True,Eyes,0.6411157,0.03883849,-3.574378,0.6691703,0.1676836,-0.7239429,0.0,0.0,0.0,0.0,0.0,0.0,0.0,-2.410659,-0.2403556,-2.737635,0.738997,0.03731865,-3.579969,-0.006925349,0.8944776,-0.02691451,0.4462483,2.405296,126.9276,357.9116,0.1594108,0.010538,-0.9871559,0.2291469,0.003070219,-0.05268262,2.209154,0.2301226,-5.084095,0.3087003,0.2913256,2.069001,-0.6016293,-0.03641025,-0.7979454,0.01163197,0.9984553,-0.0543297,0.798691,-0.041968,-0.6002764,moving,-42.74848,-13.04119,8.486079,8.014841,-9.757310886977288,3.485166376019426,55.39256698689313,18.79731966976672,126.03214960871671
2785,05/05/2023 11:22:29.396632,2967,True,True,True,True,Eyes,0.646005,0.0387532,-3.57497,0.6710328,0.1664583,-0.7225003,0.0,0.0,0.0,0.0,0.0,0.0,0.0,-2.417589,-0.2431407,-2.735484,0.7480727,0.03679411,-3.581307,-0.006655419,0.893541,-0.02742973,0.4480935,2.467614,126.6892,357.9077,0.1611256,0.01055379,-0.9868773,0.215398,0.002886006,-0.04952166,2.224597,0.2246023,-5.079292,0.3087013,0.2886083,2.069001,-0.598336,-0.03647594,-0.8004146,0.01268838,0.9984066,-0.05498367,0.8011448,-0.04305467,-0.5969198,moving,-42.88485,-12.9741,8.486105,7.941043,-9.769143904497454,3.492071649742861,55.46546875599695,18.789557169889992,125.94725250218569
2786,05/05/2023 11:22:29.406595,2968,True,True,True,True,Eyes,0.6510852,0.03864137,-3.575575,0.6729294,0.1652943,-0.721002,0.0,0.0,0.0,0.0,0.0,0.0,0.0,-2.424855,-0.2513936,-2.732512,0.7572246,0.03622388,-3.582602,-0.007278718,0.8925164,-0.02848789,0.4500556,2.539043,126.4314,357.7837,0.1627961,0.01056523,-0.986603,0.2024742,0.002712846,-0.04655036,2.240245,0.2180271,-5.074373,0.3087004,0.2858812,2.069,-0.5947941,-0.03863502,-0.8029492,0.01264952,0.9982709,-0.05740347,0.8037786,-0.04430017,-0.593277,moving,-43.02482,-12.91229,8.486088,7.866953,-9.7809197880029,3.498800535725357,55.54413184700534,18.782021442808205,125.85745307193844
2787,05/05/2023 11:22:29.426696,2969,True,True,True,True,Eyes,0.6563305,0.03849241,-3.576207,0.6748661,0.1641787,-0.719445,0.0,0.0,0.0,0.0,0.0,0.0,0.0,-2.431804,-0.2553611,-2.730282,0.7665629,0.03542295,-3.583915,-0.00876537,0.8915172,-0.02874192,0.4519892,2.483067,126.1793,357.6129,0.164432,0.01057199,-0.9863315,0.1903257,0.002550075,-0.04375734,2.25545,0.2158043,-5.069525,0.3087007,0.2833761,2.069,-0.5912581,-0.04161103,-0.8054084,0.01035312,0.9981942,-0.05917154,0.8064161,-0.04332413,-0.5897596,moving,-43.16877,-12.85488,8.486091,7.798867,-9.79270782983927,3.5054075302349426,55.630943997646945,18.77626908840648,125.7606831368495
2788,05/05/2023 11:22:29.446608,2970,True,True,True,True,Eyes,0.6617376,0.03831063,-3.576869,0.6768914,0.1630591,-0.717795,0.0,0.0,0.0,0.0,0.0,0.0,0.0,-2.439534,-0.2593289,-2.727277,0.7757413,0.03438254,-3.5852,-0.009825234,0.8904625,-0.02914215,0.4540163,2.463237,125.9148,357.4781,0.1660408,0.01057353,-0.986062,0.1789062,0.002397071,-0.0411319,2.270997,0.2120455,-5.064218,0.3087007,0.2806866,2.069001,-0.5875453,-0.04396003,-0.8079963,0.00896402,0.9981084,-0.06082161,0.8091416,-0.04297834,-0.5860398,moving,-43.3201,-12.79848,8.486087,7.725743,-9.804893047601054,3.5121521532209097,55.72364615881392,18.77003726490175,125.65794695135244
2789,05/05/2023 11:22:29.456553,2971,True,True,True,True,Eyes,0.6672981,0.03810553,-3.577558,0.6789787,0.1619577,-0.716071,0.0,0.0,0.0,0.0,0.0,0.0,0.0,-2.448316,-0.2659198,-2.723292,0.7849973,0.03339336,-3.586635,-0.01046318,0.889312,-0.03001381,0.4561948,2.512469,125.6288,357.3612,0.1676292,0.01056944,-0.9857932,0.1681718,0.002253246,-0.03866398,2.287377,0.2059501,-5.058515,0.3087016,0.2780153,2.069,-0.5835536,-0.04599436,-0.8107709,0.008774217,0.9979794,-0.06292979,0.8120271,-0.04383679,-0.5819709,moving,-43.47695,-12.74447,8.486116,7.653097,-9.817289681632396,3.5189165705990018,55.823122159548234,18.764490597116016,125.54894174860719
2790,05/05/2023 11:22:29.476708,2972,True,True,True,True,Eyes,0.6729899,0.03786436,-3.578304,0.6810508,0.1606345,-0.7143993,0.0,0.0,0.0,0.0,0.0,0.0,0.0,-2.458279,-0.2720261,-2.718126,0.7942051,0.03263498,-3.587968,-0.0112851,0.8880525,-0.03073418,0.4585747,2.535421,125.3167,357.2328,0.1692033,0.01055962,-0.9855244,0.1580815,0.002118052,-0.03634414,2.304247,0.2009583,-5.05197,0.3087002,0.275329,2.069,-0.5791639,-0.04823136,-0.8137832,0.008144304,0.9978561,-0.06493726,0.8151706,-0.04423701,-0.5775294,moving,-43.63101,-12.67234,8.48608,7.580015,-9.830465728985777,3.5265312716318107,55.91376353916919,18.759706228461383,125.44577229965996
2791,05/05/2023 11:22:29.496475,2973,True,True,True,True,Eyes,0.6788203,0.03759684,-3.579089,0.6832312,0.1592958,-0.7126149,0.0,0.0,0.0,0.0,0.0,0.0,0.0,-2.469893,-0.2786948,-2.711654,0.8034673,0.03154086,-3.589506,-0.01219223,0.8866501,-0.03155318,0.4612019,2.562382,124.9714,357.0895,0.1707672,0.01054366,-0.9852548,0.1485966,0.001990969,-0.0341635,2.321949,0.1954468,-5.04476,0.3086991,0.2726879,2.069,-0.574288,-0.05072527,-0.8170801,0.007484289,0.9977115,-0.06719943,0.818619,-0.0447071,-0.5725941,moving,-43.79405,-12.60058,8.486051,7.508137,-9.844170075022769,3.534357133808208,56.01401128250226,18.756010532204343,125.33330205019907
2792,05/05/2023 11:22:29.506540,2974,True,True,True,True,Eyes,0.6847829,0.03731891,-3.579929,0.6854315,0.1576022,-0.7108763,0.0,0.0,0.0,0.0,0.0,0.0,0.0,-2.483643,-0.2819479,-2.703751,0.8125793,0.03065766,-3.591242,-0.0114466,0.8851444,-0.03229553,0.4640532,2.668012,124.5997,357.1173,0.1723251,0.01052142,-0.9849837,0.1396808,0.001871511,-0.03211369,2.340765,0.1880985,-5.036496,0.3086994,0.2698923,2.069001,-0.5690476,-0.05023748,-0.8207689,0.009709912,0.9976519,-0.0677961,0.8222476,-0.04654877,-0.5672235,moving,-43.95602,-12.50036,8.486053,7.432024,-9.8593006024257,3.543603309906752,56.1023257312991,18.752914820400022,125.22794864045076
2793,05/05/2023 11:22:29.526522,2975,True,True,True,True,Eyes,0.6908836,0.03701671,-3.58082,0.6877197,0.1560445,-0.7090076,0.0,0.0,0.0,0.0,0.0,0.0,0.0,-2.497904,-0.2798185,-2.696232,0.8218356,0.03019611,-3.593211,-0.0114052,0.8836231,-0.03203086,0.4669626,2.633945,124.2243,357.127,0.1738814,0.01049323,-0.9847105,0.1313,0.00175922,-0.03018687,2.359381,0.1863616,-5.028162,0.3087,0.2673208,2.069001,-0.563632,-0.05007022,-0.8245073,0.009758642,0.9976879,-0.06725802,0.8259686,-0.04595483,-0.56184,moving,-44.12681,-12.41226,8.486067,7.361992,-9.87433391380508,3.5524588447265426,56.206190658828966,18.751449666006685,125.10954294081489
2794,05/05/2023 11:22:29.546243,2976,True,True,True,True,Eyes,0.6970975,0.03667535,-3.581775,0.6900162,0.1542765,-0.7071609,0.0,0.0,0.0,0.0,0.0,0.0,0.0,-2.513087,-0.2774004,-2.688066,0.8312025,0.02929751,-3.595344,-0.01230021,0.881998,-0.03153363,0.470036,2.525391,123.8268,357.0542,0.1754387,0.010459,-0.9844345,0.123422,0.001653667,-0.02837565,2.378203,0.1863311,-5.019504,0.3086997,0.2646536,2.069001,-0.5578298,-0.05134139,-0.8283659,0.007946367,0.9977087,-0.06718827,0.8299174,-0.04406212,-0.5561436,moving,-44.29696,-12.307,8.486063,7.289334,-9.890227457986397,3.5621708920736914,56.30331982448357,18.750461216443952,124.99496183669797
2795,05/05/2023 11:22:29.556694,2977,True,True,True,True,Eyes,0.7034401,0.03632266,-3.582793,0.6924192,0.1525988,-0.7051732,0.0,0.0,0.0,0.0,0.0,0.0,0.0,-2.529207,-0.2754417,-2.678779,0.8403535,0.02804114,-3.597447,-0.01265809,0.8802959,-0.03129397,0.4732226,2.471115,123.4133,357.022,0.1769994,0.01041827,-0.9841556,0.1160166,0.001554447,-0.02667311,2.397363,0.1840632,-5.010246,0.3086993,0.261848,2.069,-0.5518005,-0.05190375,-0.8323594,0.007332301,0.9977209,-0.0670761,0.833944,-0.04311573,-0.5501624,moving,-44.47715,-12.21047,8.486052,7.212876,-9.906275845961622,3.5716959871542118,56.41247323002707,18.749291066045217,124.8696201402229
2796,05/05/2023 11:22:29.576707,2978,True,True,True,True,Eyes,0.7099085,0.03595622,-3.583891,0.6947816,0.1509139,-0.7032094,0.0,0.0,0.0,0.0,0.0,0.0,0.0,-2.546093,-0.2747032,-2.669243,0.8497344,0.02741249,-3.600015,-0.0128007,0.8785348,-0.03119013,0.476487,2.441797,122.9884,357.0042,0.1785662,0.01037133,-0.983873,0.1090556,0.00146118,-0.02507273,2.417048,0.1817867,-5.001072,0.3087,0.2592311,2.069002,-0.5455926,-0.0522151,-0.8364223,0.007231661,0.9977266,-0.06700196,0.8380194,-0.04260449,-0.5439746,moving,-44.65459,-12.11238,8.486065,7.141537,-9.92223826345021,3.5812300081421573,56.5211688986694,18.749437722647134,124.74476360981527
2797,05/05/2023 11:22:29.596710,2979,True,True,True,True,Eyes,0.8747486,0.02572653,-3.613169,0.7528714,0.1138399,-0.6482478,0.0,0.0,0.0,0.0,0.0,0.0,0.0,-2.561545,-0.2630485,-2.662517,0.8592864,0.0266987,-3.602862,-0.01448742,0.8769512,-0.02914522,0.4794761,2.133335,122.6074,356.9392,0.1801411,0.01031844,-0.9835864,0.1025123,0.001373509,-0.02356836,2.434988,0.1890414,-4.993041,0.3086993,0.2563764,2.069,-0.5397857,-0.05335841,-0.8401099,0.002539342,0.9978814,-0.06501061,0.8417988,-0.03722512,-0.5385065,moving,-49.27043,-9.960247,8.486053,7.063695,-10.31653953758827,3.808919830914293,60.213170733226235,19.08221809790117,120.81486952740661
2798,05/05/2023 11:22:29.616477,2980,True,True,True,True,Eyes,0.8751292,0.02567326,-3.613297,0.7529846,0.1135898,-0.6481602,0.0,0.0,0.0,0.0,0.0,0.0,0.0,-2.577429,-0.2535323,-2.655204,0.8688366,0.02522924,-3.605831,-0.0157849,0.8753163,-0.02761004,0.4825039,1.89698,122.2184,356.8869,0.1867352,0.009919787,-0.9823599,0.5908818,-0.02939797,-0.1099884,2.453238,0.1933499,-4.984933,0.3086997,0.2538788,2.069001,-0.5338818,-0.05427746,-0.8438153,-0.0009896592,0.9979771,-0.06356759,0.8455586,-0.03310249,-0.5328556,moving,-49.27853,-9.940122,8.486063,6.995565,-10.318088201510848,3.810151004468912,60.19606049084623,19.072046684407187,120.82393490034035
2799,05/05/2023 11:22:29.626782,2981,True,True,True,True,Eyes,0.8758916,0.02557844,-3.613552,0.7532688,0.1134345,-0.647857,0.0,0.0,0.0,0.0,0.0,0.0,0.0,-2.593822,-0.2492529,-2.646894,0.8784068,0.02392695,-3.608865,-0.01608083,0.8736154,-0.02705714,0.4855983,1.814139,121.8157,356.8815,0.1922442,0.009583689,-0.9813,0.5554289,-0.02763409,-0.1033891,2.472244,0.1924126,-4.976525,0.3087001,0.2512682,2.069002,-0.5278718,-0.05437472,-0.8475819,-0.001819128,0.9980186,-0.06289271,0.8493224,-0.03165741,-0.5269248,moving,-49.30247,-9.93135,8.486069,6.924329,-10.320007992325388,3.811210338737283,60.19658756362824,19.062005131684664,120.81699171215217
2800,05/05/2023 11:22:29.646371,2982,True,True,True,True,Eyes,0.8770195,0.02544319,-3.613934,0.7536771,0.1129999,-0.647458,0.0,0.0,0.0,0.0,0.0,0.0,0.0,-2.610569,-0.2424262,-2.638906,0.8882839,0.02281467,-3.612214,-0.01636702,0.8719007,-0.02612184,0.4887115,1.693555,121.4118,356.899,0.1968701,0.009298156,-0.9803852,0.5221032,-0.02597605,-0.09718574,2.491465,0.1930789,-4.96819,0.3086995,0.2485758,2.069002,-0.5217867,-0.05407293,-0.8513607,-0.003008753,0.9980995,-0.06154881,0.8530709,-0.0295538,-0.5209577,moving,-49.33527,-9.900031,8.486053,6.850842,-10.323649723727907,3.8136435140356593,60.19881344123369,19.05333281077516,120.80514693938055
2801,05/05/2023 11:22:29.666781,2983,True,True,True,True,Eyes,0.8785108,0.02526002,-3.614432,0.7543017,0.1126608,-0.6467894,0.0,0.0,0.0,0.0,0.0,0.0,0.0,-2.629033,-0.2401386,-2.628662,0.8981876,0.02174773,-3.615539,-0.01669835,0.8699777,-0.0257988,0.4921329,1.630465,120.9632,356.8776,0.2007809,0.009053106,-0.9795941,0.490777,-0.02441749,-0.09135459,2.511736,0.1914088,-4.958728,0.3087003,0.2458028,2.069002,-0.5150533,-0.05444724,-0.8554276,-0.003661501,0.9981111,-0.06132436,0.8571507,-0.02845314,-0.5142797,moving,-49.38797,-9.880918,8.486075,6.775132,-10.327865499344744,3.815965437945017,60.223160713005804,19.04523625095968,120.77305500063859
2802,05/05/2023 11:22:29.676741,2984,True,True,True,True,Eyes,0.8803614,0.02502568,-3.615032,0.7551732,0.1120644,-0.6458755,0.0,0.0,0.0,0.0,0.0,0.0,0.0,-2.651488,-0.235482,-2.614534,0.9083319,0.0203979,-3.61886,-0.01728778,0.867661,-0.02510427,0.4962209,1.51318,120.4274,356.851,0.2043329,0.008827364,-0.9788613,0.4613304,-0.02295244,-0.08587332,2.534024,0.1914892,-4.946649,0.3087006,0.2431311,2.069,-0.5069317,-0.05491439,-0.860235,-0.00508533,0.9981418,-0.06072111,0.861971,-0.02640689,-0.506269,moving,-49.46069,-9.84327,8.48609,6.702171,-10.33427361374775,3.8197429319303264,60.26259976347587,19.0398129749553,120.72380313853944
2803,05/05/2023 11:22:29.696672,2985,True,True,True,True,Eyes,0.8825611,0.02481782,-3.615756,0.7563463,0.1113762,-0.6446204,0.0,0.0,0.0,0.0,0.0,0.0,0.0,-2.679535,-0.2315868,-2.594548,0.9185251,0.01896188,-3.622315,-0.01703185,0.8648088,-0.02475311,0.5012015,1.474993,119.7709,356.8879,0.207571,0.008617626,-0.9781817,0.4336505,-0.02157529,-0.08072092,2.559313,0.1889888,-4.93105,0.3086998,0.240472,2.068999,-0.497014,-0.05427118,-0.8660437,-0.004646001,0.9981945,-0.05988619,0.8677301,-0.02574063,-0.4963688,moving,-49.55964,-9.80267,8.486073,6.629527,-10.342436189715592,3.82434235367598,60.326792521442556,19.036328931996746,120.64980247550382
2804,05/05/2023 11:22:29.706589,2986,True,True,True,True,Eyes,0.8851021,0.02476604,-3.616642,0.7577338,0.11052,-0.6431367,0.0,0.0,0.0,0.0,0.0,0.0,0.0,-2.709918,-0.2410168,-2.571035,0.9290143,0.0194164,-3.626088,-0.0161604,0.8616206,-0.02616623,0.5066203,1.645552,119.0454,356.8825,0.2105348,0.008422992,-0.9775497,0.4076315,-0.02028077,-0.07587767,2.586669,0.1805288,-4.914036,0.3086998,0.2377575,2.069,-0.4861496,-0.05436096,-0.8721832,-0.001335587,0.9981083,-0.06146511,0.8738747,-0.02871636,-0.4853026,moving,-49.67662,-9.750767,8.48607,6.555346,-10.352290743280143,3.829978499651309,60.40519703804358,19.03448090980984,120.56016414960598
2805,05/05/2023 11:22:29.726580,2987,True,True,True,True,Eyes,0.8880125,0.02478358,-3.617664,0.7591855,0.1103562,-0.6414506,0.0,0.0,0.0,0.0,0.0,0.0,0.0,-2.737982,-0.2562675,-2.549708,0.9399822,0.02321095,-3.630306,-0.01875168,0.8584951,-0.02691941,0.5117714,1.548734,118.3531,356.5733,0.21326,0.008246108,-0.9769604,0.3831736,-0.01906393,-0.071325,2.612242,0.1836254,-4.89886,0.3087004,0.2352849,2.069,-0.4754769,-0.05974963,-0.8776969,-0.004643292,0.9978475,-0.06541351,0.879716,-0.02702721,-0.4747308,moving,-49.80488,-9.761702,8.486087,6.487756,-10.359540249364152,3.832707058235665,60.51348377914506,19.031735372927518,120.45009966898711
2806,05/05/2023 11:22:29.746693,2988,True,True,True,True,Eyes,0.8912239,0.02480298,-3.618806,0.7607463,0.10998,-0.6396635,0.0,0.0,0.0,0.0,0.0,0.0,0.0,-2.758159,-0.2354643,-2.540495,0.9517072,0.02476025,-3.634644,-0.02681111,0.8561967,-0.02137137,0.515511,0.5129966,117.8788,356.1039,0.2157786,0.008087055,-0.9764085,0.3601832,-0.01792009,-0.0670455,2.630769,0.2173011,-4.889168,0.3087002,0.2325869,2.069,-0.4670591,-0.06794553,-0.8816118,-0.02387681,0.9976489,-0.06423905,0.8839037,-0.008953356,-0.4675833,moving,-49.94164,-9.755716,8.48608,6.413986,-10.368194910330775,3.836514051946411,60.623903925491334,19.029635940745994,120.3351662265137
2807,05/05/2023 11:22:29.766340,2989,True,True,True,True,Eyes,0.8947526,0.02492519,-3.620051,0.7624696,0.1094612,-0.6376977,0.0,0.0,0.0,0.0,0.0,0.0,0.0,-2.776409,-0.2436327,-2.528738,0.9624161,0.02494112,-3.638056,-0.02852079,0.8540092,-0.02189601,0.5190138,0.4465345,117.4067,355.903,0.2181189,0.007944052,-0.9758896,0.3385722,-0.01684489,-0.06302277,2.651278,0.2160695,-4.879074,0.3087002,0.2299019,2.069,-0.4596225,-0.07144269,-0.8852363,-0.02598537,0.9974142,-0.06700415,0.8877343,-0.007793413,-0.4602904,moving,-50.0923,-9.739937,8.48608,6.340547,-10.378210529755371,3.841175187014964,60.74544072684514,19.029143875922593,120.20794574688968
2808,05/05/2023 11:22:29.776616,2990,True,True,True,True,Eyes,0.8985795,0.02512808,-3.621393,0.7642414,0.1089158,-0.6356669,0.0,0.0,0.0,0.0,0.0,0.0,0.0,-2.795586,-0.2634288,-2.515142,0.9734374,0.02743109,-3.641744,-0.02761698,0.8517197,-0.02447368,0.5226968,0.7344848,116.8988,355.8347,0.2203061,0.007818217,-0.9753992,0.3182578,-0.01583419,-0.0592414,2.674012,0.2050505,-4.868188,0.3086995,0.2271806,2.069001,-0.452051,-0.07262848,-0.8890306,-0.02145922,0.9972767,-0.07056005,0.8917342,-0.01281882,-0.4523785,moving,-50.2476,-9.722704,8.486056,6.266096,-10.388585338451248,3.8460291176860695,60.871044615369755,19.029156822361976,120.07641100086234
2809,05/05/2023 11:22:29.796705,2991,True,True,True,True,Eyes,0.9026784,0.02542705,-3.62281,0.7661486,0.1082185,-0.6334864,0.0,0.0,0.0,0.0,0.0,0.0,0.0,-2.813224,-0.2546756,-2.505936,0.9844858,0.02976107,-3.645367,-0.0295392,0.8497046,-0.02228657,0.525959,0.3896821,116.4714,355.7766,0.2223625,0.007709977,-0.9749333,0.2991624,-0.01488414,-0.05568692,2.693155,0.2165958,-4.858583,0.3087003,0.2242541,2.069001,-0.4449894,-0.07364284,-0.892503,-0.02675555,0.9972615,-0.06894682,0.8951362,-0.00680119,-0.4457411,moving,-50.41451,-9.69426,8.486078,6.186004,-10.400255748948354,3.8517506731370057,61.003787189447834,19.030037863089934,119.93588745535959
2810,05/05/2023 11:22:29.806349,2992,True,True,True,True,Eyes,0.9070823,0.02582548,-3.624291,0.7680343,0.107487,-0.6313238,0.0,0.0,0.0,0.0,0.0,0.0,0.0,-2.829685,-0.2732756,-2.494413,0.9950466,0.03241092,-3.648661,-0.02897021,0.847649,-0.0245836,0.5291953,0.6311101,116.0224,355.6909,0.2243069,0.007620145,-0.9744886,0.2812126,-0.01399109,-0.0523457,2.713778,0.2077158,-4.848886,0.3087009,0.2219285,2.069001,-0.4382263,-0.07513218,-0.8957192,-0.02309409,0.9971127,-0.07233832,0.898568,-0.01101472,-0.4386961,moving,-50.57981,-9.66233,8.486094,6.122344,-10.412010648972306,3.8576083231987215,61.13866983034136,19.03332306795861,119.79392869848635
2811,05/05/2023 11:22:29.826589,2993,True,True,True,True,Eyes,0.9117385,0.02622733,-3.625833,0.7699084,0.1070438,-0.6291126,0.0,0.0,0.0,0.0,0.0,0.0,0.0,-2.841094,-0.2723633,-2.491572,1.006402,0.03516837,-3.652375,-0.03101476,0.8461921,-0.02340677,0.5314595,0.3808522,115.7227,355.5626,0.2261584,0.007549479,-0.9740611,0.2643399,-0.01315163,-0.04920496,2.730558,0.2161479,-4.843456,0.3087006,0.2192781,2.069,-0.4331778,-0.07736839,-0.8979817,-0.02760938,0.9969804,-0.07257942,0.9008855,-0.006647078,-0.4340059,moving,-50.74683,-9.656425,8.486088,6.049775,-10.422506616679396,3.8621861709466456,61.2798767397155,19.034718155594422,119.64859963313164
2812,05/05/2023 11:22:29.846520,2994,True,True,True,True,Eyes,0.916634,0.02659131,-3.627407,0.7718694,0.1062243,-0.6268445,0.0,0.0,0.0,0.0,0.0,0.0,0.0,-2.849887,-0.2606056,-2.491603,1.017083,0.03559685,-3.655425,-0.03342919,0.8450566,-0.02096558,0.5332189,359.9876,115.4978,355.4771,0.2279315,0.007496139,-0.973648,0.2484795,-0.01236253,-0.04625266,2.744704,0.2275863,-4.839243,0.3087008,0.2165605,2.069001,-0.4291206,-0.07885759,-0.8997985,-0.03414064,0.9968859,-0.07108435,0.9026019,0.0002159446,-0.4304765,moving,-50.91954,-9.617907,8.486093,5.975341,-10.435058693953389,3.868568716575372,61.418064242698115,19.038079495574166,119.50167138753669
2813,05/05/2023 11:22:29.856620,2995,True,True,True,True,Eyes,0.9217564,0.02691013,-3.629008,0.7739124,0.105237,-0.6244877,0.0,0.0,0.0,0.0,0.0,0.0,0.0,-2.859656,-0.2766938,-2.486751,1.027601,0.03513823,-3.657995,-0.03223457,0.8436797,-0.02355509,0.5353601,0.2997564,115.1934,355.4337,0.2296404,0.007457339,-0.9732468,0.2335707,-0.01162078,-0.0434775,2.762424,0.2128031,-4.832971,0.3087001,0.2137469,2.069,-0.4247007,-0.07961223,-0.9018264,-0.0291704,0.9968122,-0.07426012,0.9048635,-0.005231701,-0.4256692,moving,-51.09914,-9.565458,8.486076,5.898262,-10.448761042186096,3.875836367610292,61.559114694779815,19.04253815153562,119.34979637828773
2814,05/05/2023 11:22:29.876218,2996,True,True,True,True,Eyes,0.927098,0.02723979,-3.630608,0.7761265,0.1038729,-0.6219631,0.0,0.0,0.0,0.0,0.0,0.0,0.0,-2.871042,-0.2902197,-2.479845,1.038126,0.0344201,-3.660308,-0.03089349,0.8421239,-0.02586089,0.5377771,0.5917909,114.8521,355.42,0.2312964,0.007430395,-0.9728547,0.2195565,-0.01092353,-0.04086885,2.780757,0.1989028,-4.825141,0.3087009,0.2111868,2.069,-0.419683,-0.07984708,-0.9041519,-0.02421752,0.9967536,-0.07678375,0.9073476,-0.01032852,-0.4202541,moving,-51.29242,-9.481353,8.4861,5.828108,-10.464956657146889,3.8850646634504815,61.707787592012416,19.050405922974473,119.18662939521852
2815,05/05/2023 11:22:29.896282,2997,True,True,True,True,Eyes,0.9326646,0.0276276,-3.632228,0.7784467,0.1024251,-0.6192979,0.0,0.0,0.0,0.0,0.0,0.0,0.0,-2.885422,-0.3146366,-2.467528,1.048497,0.0351066,-3.662345,-0.02970669,0.8400906,-0.02940707,0.5408331,0.9899189,114.4143,355.3118,0.2329102,0.007414388,-0.9724698,0.2063831,-0.01026812,-0.03841672,2.800866,0.1819469,-4.814381,0.3087,0.2085415,2.069,-0.4132343,-0.08172126,-0.9069505,-0.01810399,0.9965054,-0.08154193,0.9104449,-0.01727649,-0.4132697,moving,-51.49579,-9.391084,8.486073,5.755596,-10.482090682404769,3.8948649228165824,61.86473796900112,19.059211778667432,119.01431672383936
2816,05/05/2023 11:22:29.916282,2998,True,True,True,True,Eyes,0.9384653,0.02805007,-3.633873,0.7808524,0.1012688,-0.6164529,0.0,0.0,0.0,0.0,0.0,0.0,0.0,-2.900831,-0.3337049,-2.454832,1.059411,0.03688559,-3.664514,-0.0300204,0.8379003,-0.03160875,0.5440799,1.163354,113.9563,355.14,0.2344919,0.007409742,-0.9720896,0.1940001,-0.009652032,-0.03611172,2.821133,0.1738042,-4.802944,0.3087006,0.2058559,2.069001,-0.406152,-0.08470356,-0.9098715,-0.01591284,0.9961994,-0.08563694,0.9136671,-0.02030296,-0.4059562,moving,-51.71027,-9.329031,8.486084,5.68196,-10.49842365071862,3.903514409808946,62.03975246320215,19.067627001215012,118.82784813700941
2817,05/05/2023 11:22:29.926828,2999,True,True,True,True,Eyes,0.9444711,0.0284486,-3.635521,0.7832773,0.100323,-0.6135243,0.0,0.0,0.0,0.0,0.0,0.0,0.0,-2.914193,-0.3252515,-2.448418,1.070815,0.03808812,-3.666738,-0.03325963,0.8360803,-0.02923581,0.546817,0.7169668,113.5972,354.9747,0.2360497,0.007416215,-0.9717124,0.1823601,-0.00907291,-0.03394501,2.838454,0.1873688,-4.793875,0.3087,0.2030051,2.069001,-0.3997701,-0.08758873,-0.9124212,-0.02364217,0.9960781,-0.08526085,0.9163107,-0.0125131,-0.400273,moving,-51.92917,-9.286772,8.486068,5.60378,-10.51398889346778,3.911270204447253,62.223223329086295,19.07529164555694,118.63531543015758
2818,05/05/2023 11:22:29.946320,3000,True,True,True,True,Eyes,0.9506812,0.0288099,-3.637151,0.7858338,0.09926252,-0.6104196,0.0,0.0,0.0,0.0,0.0,0.0,0.0,-2.926492,-0.3160179,-2.442436,1.081703,0.03791655,-3.668541,-0.03434279,0.8344563,-0.02760741,0.5493097,0.4781216,113.2664,354.9717,0.2375908,0.007432031,-0.9713365,0.1714185,-0.008528535,-0.03190831,2.855297,0.1932411,-4.784994,0.3086996,0.200424,2.069,-0.3941589,-0.08764516,-0.9148537,-0.02698508,0.9961168,-0.08380402,0.9186462,-0.008344701,-0.3949935,moving,-52.16068,-9.236227,8.486062,5.532977,-10.530757443799525,3.919770444058413,62.41920138874079,19.08512135539632,118.42980130925524
2819,05/05/2023 11:22:29.956397,3001,True,True,True,True,Eyes,0.9570704,0.02915899,-3.638767,0.7884626,0.09815355,-0.6072007,0.0,0.0,0.0,0.0,0.0,0.0,0.0,-2.939633,-0.3151178,-2.434076,1.092601,0.0374286,-3.670189,-0.03217635,0.8327761,-0.02814788,0.551957,0.6509993,112.9002,355.143,0.2391218,0.007455237,-0.9709606,0.1611333,-0.008016823,-0.02999381,2.873988,0.1848621,-4.774774,0.3087007,0.1978001,2.069001,-0.3886165,-0.08466423,-0.9175018,-0.02251854,0.9963447,-0.08240169,0.9211246,-0.01136184,-0.3891025,moving,-52.39988,-9.182391,8.486087,5.460978,-10.548167469918718,3.9286350367763374,62.62211456981671,19.095835100423383,118.21686800796435
2820,05/05/2023 11:22:29.976706,3002,True,True,True,True,Eyes,0.9636277,0.02949899,-3.640361,0.7912337,0.09694863,-0.60378,0.0,0.0,0.0,0.0,0.0,0.0,0.0,-2.954407,-0.3119169,-2.42335,1.103246,0.03750013,-3.671496,-0.02962165,0.830916,-0.02841464,0.5548818,0.8220695,112.4971,355.3673,0.2406483,0.007484755,-0.9705831,0.1514653,-0.007535813,-0.02819418,2.893079,0.1773521,-4.762858,0.3087007,0.1951246,2.069001,-0.3824575,-0.08075973,-0.920437,-0.01769267,0.9966303,-0.08009338,0.9238037,-0.01434733,-0.3825977,moving,-52.65322,-9.122087,8.486089,5.387552,-10.566778846106804,3.93819077965328,62.83744686815181,19.107915142899692,117.99065896208214
2821,05/05/2023 11:22:29.996724,3003,True,True,True,True,Eyes,0.9703494,0.02984326,-3.641922,0.7940717,0.09556845,-0.6002639,0.0,0.0,0.0,0.0,0.0,0.0,0.0,-2.968783,-0.3174537,-2.411383,1.11387,0.0376923,-3.672477,-0.0280031,0.8289155,-0.02957911,0.557889,1.019456,112.0756,355.4436,0.2421749,0.007519694,-0.9702031,0.1423774,-0.007083665,-0.02650253,2.91225,0.167974,-4.750381,0.3086998,0.1922505,2.069001,-0.3759515,-0.07942812,-0.9232292,-0.01342068,0.9966818,-0.08028241,0.9265424,-0.01779191,-0.3757699,moving,-52.91321,-9.046179,8.486065,5.308652,-10.586613528921774,3.948710584392343,63.05499301057916,19.121101090718565,117.75981439684557
2822,05/05/2023 11:22:30.006718,3004,True,True,True,True,Eyes,0.9772264,0.0301897,-3.643452,0.7969732,0.09412794,-0.5966352,0.0,0.0,0.0,0.0,0.0,0.0,0.0,-2.981738,-0.3355286,-2.399086,1.124495,0.03819185,-3.673283,-0.02682094,0.8268845,-0.03228562,0.5608033,1.335709,111.6549,355.3776,0.2437047,0.007559591,-0.9698196,0.1338348,-0.006658645,-0.02491238,2.931322,0.1541625,-4.738172,0.3086998,0.1897396,2.069,-0.3695605,-0.08056739,-0.9257071,-0.008143883,0.9964765,-0.08347549,0.9291708,-0.02331041,-0.3689145,moving,-53.1805,-8.965353,8.486067,5.239707,-10.607151164100909,3.959667517165382,63.281507687231105,19.136077992618247,117.5201358673204
2823,05/05/2023 11:22:30.026834,3005,True,True,True,True,Eyes,1.152997,0.03813837,-3.680676,0.8632972,0.05721702,-0.5014421,2.07242,2.942111,0.1567161,-4.719874,-0.4145369,0.7119564,0.5668132,0.3021925,0.1970695,2.059827,1.135123,0.03864393,-3.673981,-0.02663612,0.8252344,-0.03389658,0.5631428,1.486727,111.3193,355.2869,0.2452416,0.007603994,-0.9694318,0.1258047,-0.006259126,-0.02341764,2.94834,0.1460241,-4.728389,0.3086999,0.187113,2.068999,-0.3643217,-0.08213931,-0.9276439,-0.005784861,0.9962831,-0.08594512,0.9312554,-0.02594537,-0.3634427,moving,-59.85004,-6.509578,8.486073,5.167572,-11.14261949945709,4.255399477783064,69.32661950557858,19.64987602883363,111.22265547161147
2824,05/05/2023 11:22:30.046580,3006,True,True,True,True,Eyes,1.153419,0.03812434,-3.680657,0.8634421,0.05700864,-0.5012164,0.0,0.0,0.0,0.0,0.0,0.0,0.0,-2.998482,-0.3528526,-2.387675,1.145817,0.03829411,-3.67451,-0.02624666,0.8239576,-0.03473279,0.5649766,1.580372,111.0589,355.266,0.2523494,0.007879458,-0.9676037,0.6455681,0.01796243,-0.1336819,2.963959,0.1393815,-4.720538,0.3087002,0.1843148,2.069,-0.360225,-0.08249869,-0.9292104,-0.004005834,0.9962095,-0.08689419,0.9328569,-0.0275792,-0.3591901,moving,-59.86541,-6.488969,8.486076,5.090699,-11.144636923189768,4.256841460178378,69.32542354287077,19.64841490475522,111.21610566734729
2825,05/05/2023 11:22:30.056805,3007,True,True,True,True,Eyes,1.15425,0.0381141,-3.68064,0.8637072,0.0566511,-0.5007998,0.0,0.0,0.0,0.0,0.0,0.0,0.0,-3.006505,-0.3630174,-2.381169,1.156148,0.03795821,-3.674602,-0.02393189,0.8225497,-0.03684003,0.5669939,1.917878,110.764,355.3429,0.2582157,0.008112359,-0.9660529,0.6068341,0.01688468,-0.125661,2.980253,0.1246818,-4.711037,0.3087005,0.1817182,2.068999,-0.3558904,-0.08114647,-0.9309979,0.002405801,0.9961401,-0.08774398,0.9345245,-0.03346704,-0.3543214,moving,-59.89373,-6.453935,8.48609,5.019354,-11.14820010407398,4.259348876774282,69.33567727880012,19.648993757398035,111.19710382107785
2826,05/05/2023 11:22:30.076530,3008,True,True,True,True,Eyes,1.155475,0.03810463,-3.680591,0.8641117,0.05626063,-0.5001456,0.0,0.0,0.0,0.0,0.0,0.0,0.0,-3.016304,-0.3676807,-2.373301,1.166767,0.03807221,-3.674649,-0.02174508,0.8209702,-0.03809232,0.5692838,2.165555,110.4371,355.4614,0.2630781,0.00830983,-0.9647384,0.570424,0.0158716,-0.1181213,2.997205,0.1138474,-4.700256,0.3086997,0.1790559,2.068999,-0.3508861,-0.0790748,-0.9330734,0.007666555,0.9961523,-0.08730356,0.9363866,-0.03778707,-0.3489297,moving,-59.93785,-6.418136,8.486067,4.946184,-11.152767013560592,4.262299854005691,69.36122970857198,19.65073787259213,111.1627381446468
2827,05/05/2023 11:22:30.096821,3009,True,True,True,True,Eyes,1.157076,0.03810633,-3.68054,0.864637,0.05585159,-0.499283,0.0,0.0,0.0,0.0,0.0,0.0,0.0,-3.028302,-0.3661353,-2.363217,1.177198,0.03805491,-3.674536,-0.01945619,0.8191893,-0.03854819,0.5718955,2.344207,110.0711,355.6395,0.2671314,0.00847771,-0.9636225,0.5361986,0.01491931,-0.111034,3.014534,0.105762,-4.687848,0.3087004,0.176444,2.069,-0.345114,-0.07596769,-0.9354814,0.01221448,0.996271,-0.08541036,0.9384813,-0.04090271,-0.3428991,moving,-59.9958,-6.382776,8.486088,4.874384,-11.158154406358966,4.265582693484927,69.40095557922919,19.653673925009706,111.11450139040514
2828,05/05/2023 11:22:30.116493,3010,True,True,True,True,Eyes,1.159052,0.03810085,-3.680453,0.8652591,0.05573989,-0.4982166,0.0,0.0,0.0,0.0,0.0,0.0,0.0,-3.041094,-0.3564104,-2.353471,1.187801,0.0383301,-3.674474,-0.01695377,0.8174073,-0.03792018,0.5745608,2.436408,109.7057,355.9081,0.2705345,0.008621085,-0.9626713,0.5040267,0.01402415,-0.104372,3.031919,0.1013115,-4.675191,0.3086997,0.1735421,2.069,-0.339185,-0.07129116,-0.9380146,0.01585864,0.9965492,-0.08147441,0.9405861,-0.04251052,-0.3368841,moving,-60.06664,-6.383639,8.486065,4.79459,-11.162429698876457,4.267353043332197,69.45808927974815,19.65556722000799,111.0522150361765
2829,05/05/2023 11:22:30.126330,3011,True,True,True,True,Eyes,1.161366,0.03805891,-3.680337,0.8659798,0.05573275,-0.4969637,0.0,0.0,0.0,0.0,0.0,0.0,0.0,-3.05334,-0.3305263,-2.346603,1.198444,0.03802809,-3.674366,-0.01535115,0.8158228,-0.03490333,0.5770435,2.24848,109.3817,356.2514,0.2735295,0.008746731,-0.9618235,0.473785,0.0131827,-0.09810968,3.048321,0.1072206,-4.663548,0.3087007,0.1710308,2.069001,-0.3335703,-0.06532914,-0.940459,0.01523384,0.9970922,-0.07466645,0.9426023,-0.03923331,-0.3316051,moving,-60.14959,-6.398787,8.486089,4.725523,-11.16669497545144,4.268706880239481,69.53133613535081,19.658092454585567,110.97617479328672
2830,05/05/2023 11:22:30.146556,3012,True,True,True,True,Eyes,1.164008,0.03799036,-3.680187,0.8668149,0.05571054,-0.495508,0.0,0.0,0.0,0.0,0.0,0.0,0.0,-3.065428,-0.3084352,-2.337966,1.208853,0.03709013,-3.673603,-0.01337553,0.8141248,-0.03261646,0.5796191,2.154961,109.0375,356.5814,0.2762788,0.008858525,-0.9610364,0.4453579,0.01239174,-0.09222309,3.064836,0.1087963,-4.650626,0.3086994,0.1683187,2.069,-0.3277262,-0.05958894,-0.9428918,0.01603152,0.9975145,-0.06861316,0.9446369,-0.03760231,-0.3259562,moving,-60.24589,-6.414892,8.486056,4.650923,-11.171724314547635,4.270353936467208,69.61704290302154,19.661463824118865,110.88745717992309
2831,05/05/2023 11:22:30.156726,3013,True,True,True,True,Eyes,1.16698,0.0379009,-3.680023,0.8677546,0.05570655,-0.4938609,0.0,0.0,0.0,0.0,0.0,0.0,0.0,-3.079339,-0.3007559,-2.325026,1.219224,0.03635634,-3.672968,-0.01099015,0.812049,-0.0323879,0.5825863,2.280728,108.6231,356.8109,0.2788149,0.008957149,-0.9603028,0.4186365,0.01164823,-0.08668971,3.082559,0.1022128,-4.635867,0.3086993,0.165741,2.069,-0.320945,-0.05558658,-0.9454653,0.01988841,0.9976605,-0.06540655,0.946889,-0.0397957,-0.3190887,moving,-60.35471,-6.43565,8.486053,4.580003,-11.177273406504726,4.272084945349235,69.71653506477912,19.66573718163461,110.78577913069238
2832,05/05/2023 11:22:30.176569,3014,True,True,True,True,Eyes,1.170262,0.03775753,-3.679832,0.8687814,0.05581176,-0.4920406,0.0,0.0,0.0,0.0,0.0,0.0,0.0,-3.092319,-0.2934215,-2.313749,1.230091,0.03576259,-3.672541,-0.01001558,0.8100341,-0.03174942,0.5854371,2.27577,108.2255,356.9365,0.2811674,0.009043362,-0.9596159,0.3935183,0.01094934,-0.08148833,3.100128,0.099757,-4.622011,0.3086999,0.1629989,2.069,-0.3143264,-0.05340049,-0.947812,0.02094866,0.9977834,-0.0631632,0.9490839,-0.03970924,-0.312511,moving,-60.47464,-6.471354,8.486069,4.504541,-11.182716853144008,4.273340206698795,69.82871656298508,19.670144654873816,110.67273091144885
2833,05/05/2023 11:22:30.196580,3015,True,True,True,True,Eyes,1.173825,0.03754084,-3.679607,0.8698875,0.05582058,-0.4900814,0.0,0.0,0.0,0.0,0.0,0.0,0.0,-3.103116,-0.2836316,-2.30504,1.24075,0.03427159,-3.671833,-0.01017939,0.8082489,-0.03054896,0.5879598,2.144061,107.8758,356.9955,0.2833624,0.00911701,-0.9589693,0.3699072,0.01029238,-0.07659902,3.11641,0.1008234,-4.609529,0.3086994,0.1604594,2.069,-0.3083991,-0.05237808,-0.9498138,0.01946816,0.9979263,-0.06135247,0.9510577,-0.03741218,-0.3067399,moving,-60.60375,-6.498022,8.48606,4.434646,-11.18919371592743,4.275290220298305,69.94944656989306,19.675899040466756,110.55062218655516
2834,05/05/2023 11:22:30.206684,3016,True,True,True,True,Eyes,1.177662,0.03726707,-3.679363,0.8710804,0.05554143,-0.4879898,0.0,0.0,0.0,0.0,0.0,0.0,0.0,-3.112892,-0.2851166,-2.295588,1.251029,0.03221559,-3.670831,-0.009098877,0.8064825,-0.03134533,0.5903565,2.281878,107.5316,357.0349,0.2854225,0.009177435,-0.9583576,0.3477127,0.009674834,-0.07200308,3.132411,0.09128219,-4.597033,0.3086999,0.157737,2.069,-0.3027932,-0.051686,-0.9516538,0.02233366,0.9978694,-0.06130208,0.9527947,-0.03981576,-0.3009937,moving,-60.74192,-6.493279,8.486072,4.359697,-11.19786923336062,4.279070095313459,70.0735468233815,19.684106359602758,110.42152812467559
2835,05/05/2023 11:22:30.226731,3017,True,True,True,True,Eyes,1.181764,0.03693298,-3.679073,0.8723257,0.05518569,-0.4858008,0.0,0.0,0.0,0.0,0.0,0.0,0.0,-3.121524,-0.2930599,-2.286849,1.261567,0.03060109,-3.669739,-0.007907009,0.8047727,-0.03299086,0.592613,2.506269,107.2011,357.0263,0.2873677,0.009224471,-0.9577756,0.32685,0.009094344,-0.0676829,3.14839,0.07887818,-4.58499,0.3087003,0.1551082,2.069001,-0.2974949,-0.05182831,-0.9533156,0.02637493,0.9976982,-0.06247187,0.954359,-0.0437287,-0.2954432,moving,-60.88644,-6.480867,8.486077,4.287313,-11.207333928432623,4.2834027075786665,70.20327496226717,19.69341131664335,110.28622915606559
2836,05/05/2023 11:22:30.246313,3018,True,True,True,True,Eyes,1.186118,0.03654207,-3.678731,0.8736284,0.05417306,-0.4835687,0.0,0.0,0.0,0.0,0.0,0.0,0.0,-3.128706,-0.3013839,-2.279542,1.271975,0.02893926,-3.668404,-0.007896345,0.803185,-0.03432481,0.5946876,2.622004,106.8963,356.9294,0.2892165,0.009257901,-0.9572187,0.307239,0.008548683,-0.06362192,3.163561,0.06979334,-4.573675,0.3087,0.1524004,2.069,-0.2925687,-0.05350953,-0.9547464,0.02814063,0.9975189,-0.06453005,0.9558305,-0.04574662,-0.290337,moving,-61.0347,-6.39206,8.486072,4.212739,-11.221030189673243,4.291717201367282,70.32495646146099,19.70726044559505,110.15093296683229
2837,05/05/2023 11:22:30.256930,3019,True,True,True,True,Eyes,1.190717,0.03610143,-3.678331,0.8749636,0.05305879,-0.4812728,0.0,0.0,0.0,0.0,0.0,0.0,0.0,-3.134583,-0.3155025,-2.27294,1.282389,0.02723365,-3.666898,-0.007887432,0.8016753,-0.03644695,0.5965955,2.81011,106.6087,356.7782,0.2909849,0.009277619,-0.9566824,0.2888046,0.008035762,-0.05980461,3.178392,0.05786685,-4.562854,0.3087001,0.1498134,2.069001,-0.2880233,-0.05613448,-0.9559768,0.03084185,0.9972188,-0.06784844,0.9571267,-0.04902601,-0.285491,moving,-61.18705,-6.291271,8.486073,4.141479,-11.235603813470895,4.300745948417585,70.44988531669607,19.722319901468328,110.01157164553
2838,05/05/2023 11:22:30.276396,3020,True,True,True,True,Eyes,1.195545,0.03560837,-3.677863,0.8763191,0.05163848,-0.4789554,0.0,0.0,0.0,0.0,0.0,0.0,0.0,-3.139163,-0.32926,-2.267723,1.29282,0.02563076,-3.665143,-0.007861969,0.800299,-0.03851061,0.5983116,2.994046,106.3476,356.6321,0.2926865,0.009283706,-0.9561632,0.2714763,0.007553617,-0.05621633,3.192747,0.04614979,-4.552595,0.3086993,0.1471525,2.069001,-0.2839232,-0.05866654,-0.9570509,0.03349884,0.9969103,-0.07104782,0.958262,-0.05223219,-0.2810807,moving,-61.34103,-6.153563,8.486051,4.068167,-11.252211583269345,4.311694454341961,70.57127606309426,19.739764827046674,109.87212814293498
2839,05/05/2023 11:22:30.296564,3021,True,True,True,True,Eyes,1.20059,0.03505846,-3.677327,0.8776644,0.05017955,-0.4766417,0.0,0.0,0.0,0.0,0.0,0.0,0.0,-3.141861,-0.3405068,-2.265021,1.303109,0.02390855,-3.66318,-0.008403841,0.7991576,-0.04007275,0.5997257,3.093692,106.132,356.4691,0.2943344,0.009276175,-0.9556572,0.2551877,0.0071004,-0.05284335,3.20615,0.03719922,-4.543621,0.3087003,0.1444208,2.069001,-0.2805175,-0.06149729,-0.957877,0.03463332,0.9966471,-0.07412888,0.9592242,-0.05396888,-0.2774471,moving,-61.49451,-6.009807,8.486076,3.992894,-11.269105802363397,4.322937807623454,70.69184142600048,19.75793858071688,109.73310595373017
2840,05/05/2023 11:22:30.306627,3022,True,True,True,True,Eyes,1.205847,0.03446929,-3.676693,0.8789894,0.04851315,-0.474367,0.0,0.0,0.0,0.0,0.0,0.0,0.0,-3.141976,-0.3502488,-2.265789,1.313371,0.02201499,-3.661019,-0.008593122,0.798357,-0.04156274,0.600687,3.212553,105.9816,356.3447,0.2959397,0.009254927,-0.9551615,0.2398765,0.006674375,-0.04967275,3.21853,0.02763253,-4.536508,0.3087004,0.1417252,2.069,-0.2782026,-0.06365315,-0.9584109,0.03621163,0.9963974,-0.07668734,0.9598396,-0.05604024,-0.2748955,moving,-61.64546,-5.839294,8.486083,3.918602,-11.287247912341222,4.335477454429733,70.8071314057254,19.77772485685487,109.59723722654923
2841,05/05/2023 11:22:30.326511,3023,True,True,True,True,Eyes,1.211319,0.03386368,-3.675973,0.8802747,0.04698028,-0.4721328,0.0,0.0,0.0,0.0,0.0,0.0,0.0,-3.140872,-0.3588003,-2.267787,1.323559,0.02047788,-3.658476,-0.0086336,0.7976911,-0.04289159,0.601477,3.32747,105.8567,356.2455,0.2975118,0.009220336,-0.9546734,0.2254839,0.006273913,-0.04669238,3.23044,0.01876183,-4.529799,0.3087005,0.1390866,2.069,-0.2763017,-0.0653705,-0.9588451,0.03782272,0.9961715,-0.07881429,0.9603264,-0.05804265,-0.2727713,moving,-61.79324,-5.682596,8.48609,3.845869,-11.304472712394752,4.347233167714965,70.922322794062,19.796912347684376,109.46329860087081
2842,05/05/2023 11:22:30.346562,3024,True,True,True,True,Eyes,1.216995,0.03325192,-3.675164,0.8815663,0.04560601,-0.469852,0.0,0.0,0.0,0.0,0.0,0.0,0.0,-3.138093,-0.3598376,-2.27321,1.3342,0.01946112,-3.655698,-0.01004495,0.7972636,-0.0427144,0.6020344,3.211073,105.7766,356.1265,0.2990595,0.009173328,-0.9541902,0.2119549,0.005897478,-0.04389084,3.242099,0.01862778,-4.524364,0.3087,0.136407,2.068999,-0.2749075,-0.06744802,-0.959102,0.03541413,0.9961492,-0.08020408,0.9608182,-0.05601446,-0.2714602,moving,-61.94354,-5.544026,8.486076,3.771993,-11.320901212640273,4.3581312755567305,71.04307862076232,19.815647967707836,109.32580068356019
2843,05/05/2023 11:22:30.366675,3025,True,True,True,True,Eyes,1.222873,0.03262085,-3.674265,0.8827948,0.04452583,-0.4676439,0.0,0.0,0.0,0.0,0.0,0.0,0.0,-3.134692,-0.357374,-2.279645,1.344778,0.01866678,-3.652672,-0.01242464,0.7969071,-0.04175084,0.6025293,2.956092,105.7113,355.9741,0.3005912,0.009114975,-0.9537092,0.1992376,0.005543629,-0.04125739,3.253441,0.02347339,-4.519219,0.3087013,0.1336581,2.069,-0.2736082,-0.07011478,-0.9592823,0.03050964,0.996205,-0.0815155,0.9613574,-0.05157065,-0.2704307,moving,-62.08844,-5.438914,8.486106,3.696189,-11.335247008311068,4.367189128696257,71.16330971734469,19.832707234585815,109.19201773918216
2844,05/05/2023 11:22:30.376761,3026,True,True,True,True,Eyes,1.228935,0.03194894,-3.67327,0.8840293,0.0435731,-0.4653963,0.0,0.0,0.0,0.0,0.0,0.0,0.0,-3.130043,-0.3503959,-2.288552,1.355509,0.01751631,-3.649617,-0.01551863,0.7967378,-0.04002572,0.6027985,2.583242,105.6844,355.8104,0.3021137,0.009045932,-0.9532288,0.1872833,0.005211012,-0.03878194,3.26432,0.03227396,-4.515324,0.3086998,0.131022,2.069,-0.2727864,-0.07298344,-0.9593024,0.02352633,0.9963142,-0.08248921,0.961787,-0.04507079,-0.270064,moving,-62.23548,-5.34877,8.486068,3.623489,-11.348938927198963,4.375540388817486,71.28841969828889,19.849258955775984,109.05507779126876
2845,05/05/2023 11:22:30.396623,3027,True,True,True,True,Eyes,1.235171,0.03123608,-3.67217,0.8852061,0.04271129,-0.463234,0.0,0.0,0.0,0.0,0.0,0.0,0.0,-3.123955,-0.3423564,-2.298908,1.366023,0.01583033,-3.646232,-0.01794595,0.7967512,-0.03845364,0.6028158,2.271787,105.6929,355.6978,0.3036321,0.008966255,-0.952747,0.1760463,0.004898351,-0.03645503,3.274467,0.03839303,-4.512155,0.3087005,0.1281786,2.069001,-0.2725823,-0.07495783,-0.9592082,0.01776402,0.9963985,-0.08291216,0.9619686,-0.03963977,-0.2702691,moving,-62.37665,-5.267914,8.486084,3.545053,-11.361786100192225,4.3832688486563045,71.4086511376447,19.865561993637208,108.92365445825367
2846,05/05/2023 11:22:30.406492,3028,True,True,True,True,Eyes,1.241568,0.03051911,-3.670969,0.8864514,0.04164287,-0.4609446,0.0,0.0,0.0,0.0,0.0,0.0,0.0,-3.117788,-0.3410244,-2.30789,1.376423,0.01412209,-3.642598,-0.01892412,0.7967079,-0.03823079,0.6028572,2.183524,105.688,355.6238,0.305152,0.008875946,-0.952262,0.1654835,0.004604449,-0.03426773,3.28481,0.03676275,-4.508246,0.3087005,0.1254654,2.069001,-0.2724102,-0.07624941,-0.9591553,0.01594141,0.9963605,-0.08373464,0.9620492,-0.03810046,-0.2702033,moving,-62.52608,-5.162229,8.486084,3.4702,-11.37643820763148,4.392471865102709,71.53493039350032,19.883922496374144,108.78445762720321
2847,05/05/2023 11:22:30.426449,3029,True,True,True,True,Eyes,1.248116,0.02998376,-3.669674,0.8877065,0.04017124,-0.458654,0.0,0.0,0.0,0.0,0.0,0.0,0.0,-3.112505,-0.3464288,-2.314368,1.386721,0.01336744,-3.638794,-0.01909541,0.7964759,-0.03902478,0.6031075,2.242638,105.6454,355.5522,0.3066777,0.008775972,-0.9517726,0.1555545,0.004328182,-0.03221167,3.295683,0.03108145,-4.502941,0.3087001,0.1230628,2.069,-0.2717938,-0.07749034,-0.9592308,0.01665419,0.9962249,-0.08519777,0.9622115,-0.03913142,-0.2694771,moving,-62.67582,-5.005482,8.486074,3.403905,-11.393785115539666,4.404280267566282,71.65705092580217,19.905013165774694,108.64590603144691
2848,05/05/2023 11:22:30.446629,3030,True,True,True,True,Eyes,1.254858,0.02962341,-3.668332,0.8889647,0.03900573,-0.4563115,0.0,0.0,0.0,0.0,0.0,0.0,0.0,-3.109491,-0.3867325,-2.312639,1.396922,0.01729097,-3.635257,-0.01727125,0.7955928,-0.04444376,0.6039527,2.857736,105.4777,355.3386,0.3082131,0.008671986,-0.9512776,0.1462213,0.004068492,-0.03027897,3.308249,0.00891806,-4.493924,0.3086998,0.1203828,2.069,-0.269886,-0.0811656,-0.9594655,0.02620208,0.9954529,-0.09158028,0.9625358,-0.04985622,-0.2665322,moving,-62.82827,-4.885795,8.486065,3.329946,-11.409355184128936,4.414272888362822,71.78602076080904,19.924946903414114,108.50349092156898
2849,05/05/2023 11:22:30.456841,3031,True,True,True,True,Eyes,1.261745,0.02925225,-3.666897,0.8900714,0.0379918,-0.4542353,0.0,0.0,0.0,0.0,0.0,0.0,0.0,-3.098574,-0.3940209,-2.328546,1.408399,0.0211188,-3.632425,-0.02509819,0.7958464,-0.04266964,0.6034716,2.156255,105.5567,354.7493,0.3097605,0.008568972,-0.9507757,0.137448,0.003824382,-0.02846223,3.318081,0.03211956,-4.494335,0.308701,0.1176534,2.068999,-0.2703841,-0.09144843,-0.9583994,0.01155123,0.9950988,-0.09820902,0.9626831,-0.03762486,-0.2680025,moving,-62.96316,-4.781037,8.486102,3.254613,-11.42307192054457,4.423056372735861,71.89971287332895,19.94343165339863,108.37770148144669
2850,05/05/2023 11:22:30.476799,3032,True,True,True,True,Eyes,1.268714,0.02900167,-3.66544,0.8913153,0.03577029,-0.4519707,0.0,0.0,0.0,0.0,0.0,0.0,0.0,-3.078853,-0.4106573,-2.352252,1.418816,0.02046519,-3.62872,-0.02988347,0.7970766,-0.04370617,0.6015527,1.932459,105.8192,354.2448,0.3113242,0.008466482,-0.9502657,0.1292011,0.003594919,-0.02675449,3.324159,0.03411267,-4.499789,0.3087008,0.1150003,2.069,-0.2744826,-0.100222,-0.956355,0.004944307,0.9943935,-0.1056273,0.9615794,-0.03372137,-0.2724482,moving,-63.11121,-4.525125,8.486096,3.181373,-11.445512477151176,4.439865867071569,72.01086263808844,19.971299927218425,108.24328015707844
2851,05/05/2023 11:22:30.496873,3033,True,True,True,True,Eyes,1.446937,0.02642231,-3.627204,0.9161919,-0.01563435,-0.4004349,0.0,0.0,0.0,0.0,0.0,0.0,0.0,-3.061502,-0.4860586,-2.360526,1.428273,0.02360044,-3.624998,-0.0244626,0.7975104,-0.05494292,0.6002999,3.340249,105.885,353.9635,0.3129037,0.008367616,-0.9497477,0.121449,0.003379224,-0.02514922,3.332065,-0.01786741,-4.498226,0.308701,0.1123038,2.069,-0.2780832,-0.1049828,-0.9548027,0.0269461,0.9927657,-0.1170049,0.9601789,-0.05826531,-0.2732426,moving,-66.39157,2.235888,8.4861,3.106925,-11.999890495591396,4.867800109295212,74.88273612845799,20.561529314134113,105.14791861702584
2852,05/05/2023 11:22:30.506477,3034,True,True,True,True,Eyes,1.447285,0.02643512,-3.627081,0.9162866,-0.01597936,-0.4002043,0.0,0.0,0.0,0.0,0.0,0.0,0.0,-3.042494,-0.495807,-2.38458,1.43927,0.02702491,-3.621683,-0.02707426,0.7988228,-0.0551204,0.5984238,3.19068,106.1488,353.7195,0.3204947,0.008193031,-0.9472146,0.6488304,-0.004561613,0.09106744,3.338888,-0.0132087,-4.503652,0.3086998,0.1094687,2.069,-0.2823122,-0.1092258,-0.9530843,0.02271565,0.9924574,-0.1204666,0.9590537,-0.05565911,-0.2777016,moving,-66.40586,2.286493,8.486067,3.028639,-12.00341398455668,4.870740283505662,74.89560407966977,20.572121138939536,105.13453031785107
2853,05/05/2023 11:22:30.526888,3035,True,True,True,True,Eyes,1.447992,0.026469,-3.626832,0.9163562,-0.01691738,-0.4000065,0.0,0.0,0.0,0.0,0.0,0.0,0.0,-3.029379,-0.5057141,-2.398786,1.448235,0.02755073,-3.61786,-0.02513746,0.7996023,-0.05694113,0.5972956,3.499024,106.2909,353.7756,0.3267573,0.008040805,-0.9450738,0.6099006,-0.004287917,0.08560339,3.345393,-0.02601209,-4.504098,0.3086998,0.106948,2.069001,-0.2852124,-0.1082213,-0.9523351,0.02782143,0.9922516,-0.1210895,0.9580606,-0.06103155,-0.2799916,moving,-66.41784,2.421753,8.486066,2.959024,-12.01123291496898,4.877927569297926,74.90583284487448,20.586924338469135,105.1249928043409
2854,05/05/2023 11:22:30.546731,3036,True,True,True,True,Eyes,1.449058,0.02650582,-3.62646,0.9163691,-0.0179249,-0.3999328,0.0,0.0,0.0,0.0,0.0,0.0,0.0,-3.020373,-0.5261871,-2.406461,1.457575,0.02820838,-3.614589,-0.01792886,0.7999743,-0.06150937,0.5966041,4.417236,106.3436,354.1236,0.3319463,0.007908458,-0.9432649,0.5733066,-0.004030642,0.08046719,3.352988,-0.05924529,-4.501546,0.3087007,0.1042665,2.069001,-0.2874847,-0.1020787,-0.9523304,0.04470823,0.9917903,-0.1198047,0.9567415,-0.07701898,-0.2805607,moving,-66.422,2.566267,8.486086,2.884956,-12.019059859069085,4.885385317802783,74.90876391225606,20.602493153917635,105.12322724841535
2855,05/05/2023 11:22:30.563438,3037,True,True,True,True,Eyes,1.450435,0.02655047,-3.625979,0.916386,-0.01928081,-0.3998312,0.0,0.0,0.0,0.0,0.0,0.0,0.0,-3.013482,-0.5044615,-2.42098,1.467205,0.02834555,-3.611538,-0.01303796,0.8007237,-0.05985511,0.5958936,4.606748,106.4735,354.6918,0.33627,0.007793397,-0.9417331,0.5389082,-0.003788803,0.07563916,3.360627,-0.06548078,-4.501779,0.3087003,0.1015772,2.069001,-0.2894821,-0.09221414,-0.9527313,0.05045494,0.9924948,-0.1113933,0.9558529,-0.08031633,-0.2826568,moving,-66.42773,2.7608,8.486077,2.810667,-12.029603792592734,4.895427665748655,74.91382359719023,20.62133325992796,105.12064595948486
2856,05/05/2023 11:22:30.576681,3038,True,True,True,True,Eyes,1.452143,0.02667163,-3.625395,0.9164543,-0.02073849,-0.3996016,0.0,0.0,0.0,0.0,0.0,0.0,0.0,-3.011671,-0.5012801,-2.424649,1.476057,0.0286394,-3.608435,-0.005707562,0.8006006,-0.06126748,0.5960305,5.238273,106.4495,355.2667,0.339897,0.007693522,-0.9404308,0.5065737,-0.003561475,0.07110081,3.369054,-0.08752012,-4.496635,0.3087007,0.09885125,2.069001,-0.2894302,-0.08217353,-0.9536654,0.06389561,0.9924275,-0.1049053,0.9550642,-0.0912978,-0.281988,moving,-66.44135,2.970866,8.48609,2.735357,-12.041442939362254,4.906462220940798,74.92781012042646,20.64202767309933,105.11013380593397
2857,05/05/2023 11:22:30.596726,3039,True,True,True,True,Eyes,1.45419,0.0268915,-3.624736,0.9165322,-0.02184649,-0.3993639,0.0,0.0,0.0,0.0,0.0,0.0,0.0,-3.012128,-0.5027582,-2.425601,1.485612,0.03064595,-3.605723,6.054102e-05,0.8000681,-0.06264204,0.5966297,5.756909,106.358,355.6971,0.3431077,0.007607485,-0.9392649,0.4761792,-0.003347787,0.06683476,3.379123,-0.1044712,-4.489848,0.308701,0.09622025,2.069,-0.2880661,-0.07465132,-0.9546964,0.07484506,0.9921519,-0.1001635,0.9546812,-0.100308,-0.2802181,moving,-66.45563,3.131143,8.486099,2.66266,-12.050713157078343,4.914980987907513,74.94319329886291,20.659951679703646,105.097882627884
2858,05/05/2023 11:22:30.606561,3040,True,True,True,True,Eyes,1.45655,0.02714547,-3.623985,0.9166673,-0.02246928,-0.3990188,0.0,0.0,0.0,0.0,0.0,0.0,0.0,-3.010504,-0.4778343,-2.435334,1.495803,0.03316202,-3.603302,-0.0005147039,0.800035,-0.05878376,0.5970665,5.36174,106.3404,355.9095,0.3460453,0.007535593,-0.9381872,0.4476085,-0.003146919,0.06282467,3.390424,-0.08925987,-4.486602,0.3087007,0.09348252,2.069,-0.2870229,-0.07101919,-0.9552876,0.06937206,0.9930884,-0.09467276,0.9554086,-0.0934435,-0.2801124,moving,-66.47685,3.222998,8.486091,2.587005,-12.05682100318212,4.920196968180039,74.96563886518629,20.674985328431646,105.07734684237786
2859,05/05/2023 11:22:30.626653,3041,True,True,True,True,Eyes,1.459199,0.02738884,-3.623161,0.916806,-0.02297704,-0.3986712,0.0,0.0,0.0,0.0,0.0,0.0,0.0,-3.006413,-0.4576443,-2.446424,1.505519,0.03412875,-3.600721,-0.002857435,0.8001456,-0.05532948,0.5972416,4.883508,106.35,355.9332,0.3487456,0.007477305,-0.9371872,0.420752,-0.002958104,0.05905519,3.400769,-0.07338143,-4.484352,0.3086998,0.09099621,2.069,-0.2865885,-0.07066284,-0.9554442,0.06151739,0.993861,-0.09195642,0.9560766,-0.08513011,-0.2804821,moving,-66.49828,3.298539,8.48607,2.51829,-12.06208672532374,4.924588458142101,74.98840932720536,20.688572137248244,105.05631068658133
2860,05/05/2023 11:22:30.646759,3042,True,True,True,True,Eyes,1.462111,0.02762929,-3.622275,0.9170448,-0.02350021,-0.3980915,0.0,0.0,0.0,0.0,0.0,0.0,0.0,-3.003047,-0.4494504,-2.454191,1.515115,0.03409579,-3.59814,-0.003058413,0.8000415,-0.05415272,0.597488,4.760688,106.3271,355.9949,0.3512397,0.007430999,-0.9362558,0.3955069,-0.002780618,0.05551188,3.410814,-0.07142273,-4.480762,0.3086995,0.08820211,2.068999,-0.2859976,-0.0696049,-0.9556989,0.05981747,0.9941162,-0.09030356,0.9563615,-0.0829941,-0.2801513,moving,-66.53421,3.378374,8.486065,2.44106,-12.068461825840636,4.929569729957158,75.0261302388056,20.70461913946484,105.02060619679462
2861,05/05/2023 11:22:30.656860,3043,True,True,True,True,Eyes,1.465272,0.02789761,-3.62133,0.9173144,-0.02408894,-0.3974343,0.0,0.0,0.0,0.0,0.0,0.0,0.0,-3.002788,-0.4425922,-2.457784,1.524406,0.03429591,-3.5956,-0.001784767,0.7995994,-0.05349651,0.5981435,4.784972,106.2423,356.1534,0.3535548,0.007395397,-0.9353843,0.3717764,-0.002613781,0.05218117,3.421328,-0.0738579,-4.475011,0.3086994,0.08556205,2.069,-0.2844422,-0.06685137,-0.9563595,0.06114298,0.9942698,-0.08768664,0.9567415,-0.08341645,-0.2787248,moving,-66.57491,3.468518,8.486059,2.368078,-12.075668088761024,4.935197567207496,75.0690351304222,20.721359119155977,104.98020662985542
2862,05/05/2023 11:22:30.676867,3044,True,True,True,True,Eyes,1.468671,0.02816236,-3.620334,0.9176623,-0.02477148,-0.3965885,0.0,0.0,0.0,0.0,0.0,0.0,0.0,-3.004673,-0.4458203,-2.45715,1.533512,0.03525,-3.593259,-0.0005557269,0.7987844,-0.054069,0.5991825,4.917027,106.0892,356.22,0.355715,0.007370143,-0.9345651,0.3494698,-0.002456954,0.0490503,3.432413,-0.07994319,-4.467235,0.3087001,0.08290789,2.069,-0.2819601,-0.0656822,-0.9571751,0.06390658,0.9941525,-0.08704492,0.9572953,-0.08571299,-0.2761138,moving,-66.62732,3.574133,8.486078,2.294699,-12.084399296888837,4.941912290050478,75.12429374354716,20.740112690745892,104.9281465712203
2863,05/05/2023 11:22:30.696530,3045,True,True,True,True,Eyes,1.472288,0.02840969,-3.619291,0.9180271,-0.02562665,-0.3956887,0.0,0.0,0.0,0.0,0.0,0.0,0.0,-3.005606,-0.4474418,-2.458308,1.542647,0.03547719,-3.591118,-0.0006366022,0.7980909,-0.05419587,0.6000944,4.918718,105.9567,356.1982,0.3577418,0.007354105,-0.9337914,0.3285016,-0.002309537,0.04610728,3.443373,-0.08255181,-4.460488,0.3087006,0.08023659,2.069,-0.2797727,-0.0660614,-0.9577908,0.06402913,0.9941248,-0.0872705,0.9579288,-0.08574242,-0.273899,moving,-66.68296,3.705568,8.48609,2.220839,-12.094680593890176,4.950023159249231,75.18371165422695,20.760938428053574,104.8730474282366
2864,05/05/2023 11:22:30.706369,3046,True,True,True,True,Eyes,1.476131,0.02865129,-3.618095,0.9176699,-0.02809415,-0.3963493,0.0,0.0,0.0,0.0,0.0,0.0,0.0,-3.006063,-0.4601256,-2.457791,1.551465,0.03535086,-3.588951,0.0008935042,0.7973448,-0.05622724,0.6008985,5.206111,105.8216,356.1914,0.3596539,0.007345908,-0.9330566,0.3087915,-0.002170965,0.04334084,3.453438,-0.09593992,-4.453419,0.3086999,0.07735723,2.069,-0.2778405,-0.06614885,-0.958347,0.06899858,0.9936754,-0.08859119,0.958146,-0.0907388,-0.2715191,moving,-66.64008,4.054476,8.486071,2.141217,-12.11034980313351,4.966673402637431,75.1505098058282,20.789318261620696,104.91900366680395
2865,05/05/2023 11:22:30.726372,3047,True,True,True,True,Eyes,1.480176,0.02890807,-3.616861,0.9173401,-0.03065463,-0.3969226,0.0,0.0,0.0,0.0,0.0,0.0,0.0,-3.004879,-0.4824206,-2.457489,1.560278,0.03576315,-3.586855,0.002893327,0.7966734,-0.05956307,0.6014612,5.646183,105.7063,356.1373,0.3614694,0.007344636,-0.9323547,0.290264,-0.002040707,0.04074039,3.462726,-0.1141346,-4.447022,0.3087004,0.0748887,2.069,-0.2764723,-0.06703968,-0.9586808,0.07625981,0.9928877,-0.09142417,0.9579914,-0.09838507,-0.2693935,moving,-66.60242,4.41623,8.486085,2.072951,-12.127010571157284,4.984110789550761,75.12505933180263,20.8176502119226,104.95959943309768
2866,05/05/2023 11:22:30.748462,3048,True,True,True,True,Eyes,1.484419,0.02916691,-3.615579,0.9170485,-0.03335812,-0.397378,0.0,0.0,0.0,0.0,0.0,0.0,0.0,-3.002826,-0.4992274,-2.45922,1.569189,0.03642403,-3.584728,0.003743474,0.7961467,-0.06185132,0.6019228,5.91149,105.6142,356.0512,0.3632024,0.007349979,-0.931681,0.2728482,-0.001918264,0.03829597,3.472046,-0.1261384,-4.441456,0.3087003,0.07222829,2.069,-0.2753502,-0.0684987,-0.9589006,0.08042012,0.9923208,-0.09397887,0.9579744,-0.102992,-0.2677271,moving,-66.57182,4.798476,8.486081,1.99937,-12.145175806265094,5.002771383811455,75.11007586818853,20.848721238443865,104.99275808192722
2867,05/05/2023 11:22:30.756689,3049,True,True,True,True,Eyes,1.488852,0.02941084,-3.614259,0.9167901,-0.03604515,-0.3977395,0.0,0.0,0.0,0.0,0.0,0.0,0.0,-3.001185,-0.5139728,-2.460704,1.578049,0.03675961,-3.582562,0.004229819,0.7955821,-0.0638201,0.6024603,6.121943,105.5133,355.9532,0.3648662,0.00736132,-0.9310306,0.2564773,-0.001803169,0.03599821,3.481517,-0.136603,-4.435583,0.3087006,0.06951524,2.069,-0.2740478,-0.0701678,-0.9591531,0.08362849,0.9918182,-0.09645167,0.9580733,-0.1066449,-0.2659376,moving,-66.54691,5.178285,8.48609,1.924327,-12.16356036288412,5.021453735433996,75.10352409618183,20.880619103003156,105.01960976936923
2868,05/05/2023 11:22:30.776746,3050,True,True,True,True,Eyes,1.493425,0.02962112,-3.613028,0.9165846,-0.03884575,-0.3979495,0.0,0.0,0.0,0.0,0.0,0.0,0.0,-3.000352,-0.5244622,-2.462054,1.587021,0.03666361,-3.580348,0.004218046,0.794959,-0.06516306,0.6031387,6.239923,105.3983,355.8524,0.3664719,0.007377669,-0.9303997,0.2410887,-0.001694978,0.03383832,3.49154,-0.1441628,-4.42925,0.3087005,0.06682242,2.069001,-0.2724122,-0.07189837,-0.9594908,0.08531106,0.991472,-0.09851579,0.9583914,-0.1086921,-0.2639553,moving,-66.53117,5.575252,8.486082,1.849836,-12.18340335749212,5.041243737064178,75.1096985881621,20.91441388822011,105.03692710080337
2869,05/05/2023 11:22:30.796787,3051,True,True,True,True,Eyes,1.498176,0.02981363,-3.611757,0.9164234,-0.04158077,-0.3980442,0.0,0.0,0.0,0.0,0.0,0.0,0.0,-3.000833,-0.536343,-2.461297,1.595801,0.03629884,-3.578092,0.004369695,0.7941531,-0.0667702,0.6040229,6.392007,105.25,355.7458,0.3680279,0.00739764,-0.9297851,0.2266233,-0.00159328,0.03180802,3.501724,-0.1532138,-4.421726,0.3087003,0.06416202,2.069,-0.2702747,-0.07372102,-0.9599566,0.08760185,0.9910453,-0.1007727,0.9587895,-0.1113303,-0.2613963,moving,-66.52251,5.963641,8.48608,1.776237,-12.203228631597142,5.060778711293926,75.12538137039516,20.94840580824015,105.04655171047212
2870,05/05/2023 11:22:30.806509,3052,True,True,True,True,Eyes,1.503097,0.02997012,-3.610465,0.9163254,-0.04404267,-0.3980049,0.0,0.0,0.0,0.0,0.0,0.0,0.0,-3.002245,-0.5440713,-2.460521,1.604813,0.03607809,-3.575881,0.003997325,0.7932862,-0.06768436,0.6050619,6.443501,105.0868,355.6387,0.3695432,0.007420406,-0.9291837,0.2130259,-0.001497683,0.02989954,3.512636,-0.1586249,-4.413809,0.3087001,0.06137827,2.068999,-0.2677685,-0.07556441,-0.9605156,0.0882485,0.9908057,-0.1025489,0.9594333,-0.1122234,-0.2586381,moving,-66.52234,6.314581,8.486078,1.69922,-12.221609201996634,5.078626144829709,75.15027829637789,20.98162756192779,105.04672318713023
2871,05/05/2023 11:22:30.826633,3053,True,True,True,True,Eyes,1.508193,0.03008674,-3.609138,0.9162821,-0.04634655,-0.3978432,0.0,0.0,0.0,0.0,0.0,0.0,0.0,-3.004966,-0.5436862,-2.460001,1.613888,0.03534929,-3.573673,0.003075454,0.792378,-0.06746688,0.6062804,6.352655,104.9114,355.5603,0.3710259,0.00744476,-0.9285924,0.2002444,-0.001407822,0.02810556,3.524288,-0.1589932,-4.405612,0.3087,0.05887418,2.068999,-0.2648294,-0.07693385,-0.9612214,0.08668154,0.9908775,-0.1031894,0.9603915,-0.1106477,-0.2557446,moving,-66.52985,6.644693,8.486074,1.629934,-12.239366687041151,5.09561077829495,75.18335361901501,21.01320554326906,105.03886680118671
2872,05/05/2023 11:22:30.846505,3054,True,True,True,True,Eyes,1.513476,0.03015831,-3.607728,0.9162807,-0.04804009,-0.3976452,0.0,0.0,0.0,0.0,0.0,0.0,0.0,-3.008834,-0.5411127,-2.458848,1.623155,0.0344976,-3.571553,0.002417228,0.7913798,-0.06703941,0.6076332,6.260256,104.7197,355.52,0.3724832,0.007469512,-0.9280086,0.1882297,-0.001323353,0.02641923,3.536371,-0.1593845,-4.396919,0.3087001,0.05620645,2.069,-0.2615525,-0.07764483,-0.9620613,0.08529662,0.9909998,-0.1031697,0.961413,-0.1090448,-0.2525756,moving,-66.54025,6.888601,8.486073,1.556114,-12.252782929699062,5.108284358992372,75.21558721771372,21.04086641590878,105.02700127254042
2873,05/05/2023 11:22:30.856932,3055,True,True,True,True,Eyes,1.518917,0.0301931,-3.606292,0.9163332,-0.04969827,-0.3973205,0.0,0.0,0.0,0.0,0.0,0.0,0.0,-3.012893,-0.5353591,-2.458333,1.632531,0.03328797,-3.56949,0.001647867,0.7904111,-0.06621251,0.6089857,6.123809,104.5329,355.4984,0.3739223,0.007493467,-0.9274294,0.1769359,-0.001243951,0.02483408,3.548616,-0.1586315,-4.388447,0.3087006,0.05335491,2.069001,-0.2582678,-0.07803994,-0.9629164,0.08324991,0.9912264,-0.1026631,0.9624799,-0.1066772,-0.249505,moving,-66.55853,7.129732,8.486084,1.477203,-12.266534243913068,5.121018488807965,75.25719350669966,21.070086741493743,105.0066597665519
2874,05/05/2023 11:22:30.876759,3056,True,True,True,True,Eyes,1.524524,0.03021042,-3.604862,0.9164383,-0.05104624,-0.396907,0.0,0.0,0.0,0.0,0.0,0.0,0.0,-3.017512,-0.5368954,-2.455513,1.641761,0.03244712,-3.567456,0.001975204,0.7892919,-0.06655761,0.6103971,6.169957,104.324,355.4925,0.3753486,0.007515761,-0.9268529,0.1663198,-0.001169314,0.02334403,3.560463,-0.1635599,-4.379133,0.3087009,0.05093728,2.069001,-0.2548234,-0.07813511,-0.9638259,0.08437116,0.9911324,-0.1026554,0.9633,-0.1074781,-0.2459714,moving,-66.5827,7.328587,8.486093,1.410295,-12.27842932298179,5.131752948379756,75.30172549599453,21.09537002669467,104.98046341854955
2875,05/05/2023 11:22:30.896564,3057,True,True,True,True,Eyes,1.530296,0.03018299,-3.603411,0.9165781,-0.05226966,-0.3964245,0.0,0.0,0.0,0.0,0.0,0.0,0.0,-3.020683,-0.5380285,-2.455205,1.651491,0.03205054,-3.565611,0.001558845,0.7883472,-0.06660569,0.6116127,6.138006,104.1457,355.4418,0.3767673,0.007536101,-0.9262769,0.1563406,-0.001099156,0.02194339,3.572561,-0.165669,-4.371088,0.3087013,0.04832693,2.069001,-0.2518553,-0.07901596,-0.9645339,0.0839316,0.9911225,-0.10311,0.9641186,-0.1069237,-0.2429876,moving,-66.61128,7.511278,8.486103,1.338049,-12.289746295992671,5.1417781121052215,75.35068473302103,21.12118058083108,104.94928817810927
2876,05/05/2023 11:22:30.906601,3058,True,True,True,True,Eyes,1.536216,0.03010013,-3.601929,0.9167473,-0.05351056,-0.3958674,0.0,0.0,0.0,0.0,0.0,0.0,0.0,-3.022612,-0.5329639,-2.457651,1.661187,0.03093395,-3.563675,0.001066737,0.7876493,-0.06591168,0.6125875,6.035088,104.0121,355.4394,0.3781823,0.007553523,-0.9256999,0.1469602,-0.001033206,0.02062679,3.584242,-0.1658359,-4.364472,0.3087006,0.04556557,2.069001,-0.2494712,-0.07907291,-0.9651486,0.08243376,0.991309,-0.1025236,0.9648674,-0.1051375,-0.2407848,moving,-66.64448,7.698179,8.486085,1.26162,-12.301565666093024,5.15213575277688,75.4057762308678,21.14858229381163,104.91312574676436
2877,05/05/2023 11:22:30.926661,3059,True,True,True,True,Eyes,1.542288,0.02997489,-3.600428,0.9169564,-0.05485366,-0.3951986,0.0,0.0,0.0,0.0,0.0,0.0,0.0,-3.025445,-0.5374612,-2.456655,1.670614,0.02952679,-3.561672,0.002894317,0.7867449,-0.06705122,0.6136191,6.260926,103.8499,355.5149,0.3795975,0.007566901,-0.9251204,0.1381426,-0.0009712139,0.01938918,3.594981,-0.1775669,-4.356547,0.3087003,0.04292722,2.069001,-0.2469267,-0.07773364,-0.9659114,0.08684199,0.9909915,-0.1019524,0.9651352,-0.1090564,-0.2379518,moving,-66.68447,7.90218,8.486078,1.188591,-12.314695278966028,5.163537140042355,75.46975264224221,21.177166142314338,104.87013693933753
2878,05/05/2023 11:22:30.946502,3060,True,True,True,True,Eyes,1.548503,0.02981567,-3.598928,0.9172353,-0.05621151,-0.3943599,0.0,0.0,0.0,0.0,0.0,0.0,0.0,-3.030308,-0.5413843,-2.453617,1.680328,0.02841501,-3.559746,0.004954452,0.7856065,-0.06812833,0.6149443,6.496213,103.6458,355.6128,0.3810159,0.007575546,-0.924537,0.129854,-0.000912941,0.01822583,3.606486,-0.1893149,-4.347263,0.3086999,0.04018971,2.069,-0.2436379,-0.07600575,-0.9668834,0.09157475,0.990668,-0.1009507,0.9655333,-0.1131375,-0.2344041,moving,-66.735,8.112216,8.486071,1.112813,-12.328783987330285,5.175515453533472,75.54602017805736,21.207633988013264,104.81623117011648
2879,05/05/2023 11:22:30.956551,3061,True,True,True,True,Eyes,1.554875,0.0296299,-3.59742,0.9175706,-0.05764721,-0.3933713,0.0,0.0,0.0,0.0,0.0,0.0,0.0,-3.036955,-0.5465075,-2.448211,1.690049,0.02750117,-3.557876,0.006553994,0.7842153,-0.06923649,0.6165792,6.700231,103.3945,355.6634,0.3824405,0.007579056,-0.9239486,0.1220628,-0.0008581646,0.01713228,3.618657,-0.1998894,-4.336484,0.3087003,0.03755616,2.069,-0.2395746,-0.07510006,-0.9679691,0.09565904,0.9903267,-0.1005105,0.966154,-0.1166747,-0.2300731,moving,-66.79472,8.337154,8.486081,1.03991,-12.3442141282627,5.188487169932799,75.6336483927434,21.239394710429305,104.75304662146105
2880,05/05/2023 11:22:30.976572,3062,True,True,True,True,Eyes,1.561401,0.02942364,-3.595911,0.9179842,-0.05909757,-0.3921892,0.0,0.0,0.0,0.0,0.0,0.0,0.0,-3.044994,-0.5520886,-2.441558,1.700169,0.02670529,-3.55622,0.008049987,0.7826504,-0.07036226,0.6184197,6.897564,103.112,355.7006,0.3838739,0.007577256,-0.923354,0.114739,-0.0008066747,0.01610434,3.631576,-0.2102443,-4.324852,0.3086999,0.03485117,2.069,-0.2349847,-0.07442615,-0.9691455,0.09962747,0.9899687,-0.1001815,0.9668798,-0.1200946,-0.2252127,moving,-66.86643,8.569222,8.48607,0.9650247,-12.36074918315527,5.202128648808955,75.73521685997424,21.27305619623525,104.67754667384946
2881,05/05/2023 11:22:30.996282,3063,True,True,True,True,Eyes,1.568089,0.02918663,-3.594401,0.918454,-0.06046041,-0.3908796,0.0,0.0,0.0,0.0,0.0,0.0,0.0,-3.053043,-0.5537299,-2.435906,1.710398,0.02602085,-3.554601,0.008380283,0.781121,-0.07068788,0.6203089,6.939909,102.8305,355.6898,0.3853183,0.007570144,-0.9227522,0.1078547,-0.0007582742,0.01513808,3.645115,-0.2150946,-4.313436,0.3087008,0.03223546,2.069,-0.2302932,-0.07460461,-0.9702571,0.1007887,0.989866,-0.1000348,0.9678876,-0.1208283,-0.2204402,moving,-66.94616,8.792707,8.486096,0.8926083,-12.37732358593851,5.215538919832573,75.84482055301653,21.30657189607959,104.593892051019
2882,05/05/2023 11:22:31.006780,3064,True,True,True,True,Eyes,1.574934,0.02893151,-3.592892,0.918975,-0.06175464,-0.3894501,0.0,0.0,0.0,0.0,0.0,0.0,0.0,-3.060863,-0.5525218,-2.431594,1.720943,0.02504047,-3.553102,0.008059568,0.7796562,-0.07052209,0.622172,6.891806,102.558,355.6566,0.3867758,0.007557457,-0.9221423,0.1013834,-0.0007127778,0.0142298,3.659143,-0.2172781,-4.302495,0.3086994,0.02945746,2.069,-0.2256744,-0.07518633,-0.9712972,0.1003211,0.9899234,-0.09993709,0.9690237,-0.1199948,-0.2158576,moving,-67.03338,9.010303,8.486057,0.8156958,-12.39404619053228,5.228841449134976,75.9627339684352,21.34138148686151,104.50231519337196
2883,05/05/2023 11:22:31.026851,3065,True,True,True,True,Eyes,1.581941,0.02865602,-3.591394,0.919546,-0.06282848,-0.3879275,0.0,0.0,0.0,0.0,0.0,0.0,0.0,-3.068447,-0.5510952,-2.427907,1.731518,0.02432775,-3.551769,0.007652004,0.7782444,-0.07026869,0.6239707,6.829874,102.2957,355.6228,0.3882486,0.007539278,-0.9215234,0.0,0.0,0.0,3.673103,-0.2185271,-4.292073,0.3087,0.02685606,2.069,-0.221204,-0.07578094,-0.9722788,0.09960146,0.9900076,-0.09982316,0.970128,-0.1189217,-0.2114457,moving,-67.12665,9.199702,8.486071,0.7436696,-12.409660125454884,5.240864583325436,76.08408546452858,21.37419804309279,104.40473806424771
2884,05/05/2023 11:22:31.046772,3066,True,True,True,True,Eyes,1.589108,0.02834351,-3.589905,0.9201576,-0.06373399,-0.3863263,0.0,0.0,0.0,0.0,0.0,0.0,0.0,-3.075865,-0.5402406,-2.426962,1.742361,0.02352668,-3.550573,0.006439249,0.7770098,-0.06860329,0.625706,6.584535,102.0608,355.6213,0.389738,0.007515626,-0.9208946,0.0,0.0,0.0,3.687707,-0.2131611,-4.282864,0.3086998,0.02420534,2.069,-0.2169013,-0.07584424,-0.9732428,0.09585769,0.9905043,-0.09855271,0.9714758,-0.114669,-0.2075715,moving,-67.22501,9.367963,8.486066,0.6702757,-12.424476765938664,5.251942816962908,76.20903354226687,21.406598803565434,104.3018899686557
2885,05/05/2023 11:22:31.056414,3067,True,True,True,True,Eyes,1.59643,0.02799688,-3.588431,0.9208298,-0.06444153,-0.3846036,0.0,0.0,0.0,0.0,0.0,0.0,0.0,-3.084653,-0.524653,-2.425424,1.753306,0.02224495,-3.549428,0.005305042,0.7756812,-0.0664069,0.6275992,6.296872,101.8092,355.6655,0.3912452,0.0074861,-0.9202555,0.0,0.0,0.0,3.702749,-0.2067382,-4.273137,0.3087008,0.02132494,2.069001,-0.2121824,-0.07512379,-0.9743384,0.09158387,0.9911239,-0.09636228,0.9729292,-0.10968,-0.203419,moving,-67.33114,9.511733,8.486093,0.5905197,-12.438483851386872,5.261974224203721,76.34029647912291,21.43969225015366,104.1907452285367
2886,05/05/2023 11:22:31.076708,3068,True,True,True,True,Eyes,1.603907,0.02761843,-3.586987,0.9215676,-0.06502389,-0.3827338,0.0,0.0,0.0,0.0,0.0,0.0,0.0,-3.094801,-0.5119244,-2.421591,1.764277,0.02083508,-3.548359,0.004342895,0.7741336,-0.06464829,0.6296976,6.059559,101.5205,355.6923,0.392772,0.007450399,-0.9196053,0.0,0.0,0.0,3.71805,-0.2019515,-4.262189,0.3086998,0.01883802,2.069001,-0.2069245,-0.07469377,-0.9755015,0.08814169,0.9916035,-0.09462341,0.9743785,-0.1055622,-0.1986035,moving,-67.44653,9.642102,8.486062,0.521657,-12.45235342578409,5.271561096261641,76.47836978411928,21.47041754289833,104.07102835551889
2887,05/05/2023 11:22:31.096482,3069,True,True,True,True,Eyes,1.611546,0.0272005,-3.585548,0.9223628,-0.06544594,-0.380741,0.0,0.0,0.0,0.0,0.0,0.0,0.0,-3.104822,-0.4992793,-2.41821,1.775498,0.01964458,-3.547415,0.002935999,0.7725939,-0.06277058,0.6317832,5.779605,101.2336,355.6896,0.3943181,0.007408339,-0.9189436,0.0,0.0,0.0,3.733632,-0.1958331,-4.251403,0.3087003,0.01608618,2.069001,-0.2016829,-0.07477811,-0.9765922,0.08385145,0.9921024,-0.09328248,0.975855,-0.1007022,-0.1938198,moving,-67.56972,9.753315,8.486078,0.4454575,-12.46569485441986,5.280373293624247,76.62323812432565,21.502399784085544,103.9429982571827
2888,05/05/2023 11:22:31.106896,3070,True,True,True,True,Eyes,1.619334,0.02676184,-3.584118,0.9232362,-0.06595717,-0.3785295,0.0,0.0,0.0,0.0,0.0,0.0,0.0,-3.11507,-0.4906179,-2.413441,1.787014,0.01845707,-3.546167,0.001949302,0.7709185,-0.06151181,0.6339536,5.584446,100.9258,355.679,0.3958853,0.007359535,-0.91827,0.0,0.0,0.0,3.74939,-0.1927107,-4.239514,0.3087005,0.01342221,2.069001,-0.1961981,-0.07498575,-0.9776929,0.08099677,0.992425,-0.09236965,0.9772133,-0.09731273,-0.1886383,moving,-67.70623,9.884309,8.486082,0.371689,-12.48088528651601,5.290532852704402,76.78384170624535,21.536219307044597,103.80170428117427
2889,05/05/2023 11:22:31.126532,3071,True,True,True,True,Eyes,1.627272,0.0263182,-3.582703,0.9241757,-0.06625655,-0.3761772,0.0,0.0,0.0,0.0,0.0,0.0,0.0,-3.126511,-0.4818793,-2.407359,1.798285,0.01747373,-3.54521,0.001375511,0.769141,-0.0603135,0.6362254,5.424235,100.6019,355.7007,0.3974744,0.007304122,-0.9175837,0.0,0.0,0.0,3.76492,-0.1904902,-4.227318,0.3086997,0.01073396,2.069002,-0.190431,-0.07463004,-0.9788599,0.07886188,0.9927208,-0.09102891,0.9785281,-0.09452944,-0.1831594,moving,-67.85168,9.989121,8.486057,0.2972473,-12.495248905141668,5.299589531084304,76.9505198559303,21.569390934424227,103.65153065726484
2890,05/05/2023 11:22:31.146829,3072,True,True,True,True,Eyes,1.828974,0.01699922,-3.548202,0.9471787,-0.08089318,-0.3103369,0.0,0.0,0.0,0.0,0.0,0.0,0.0,-3.140061,-0.4650871,-2.400154,1.809798,0.01686556,-3.544203,0.000721146,0.7671955,-0.05801011,0.6387844,5.159667,100.2474,355.7963,0.399086,0.007242628,-0.9168844,0.0,0.0,0.0,3.781383,-0.1836952,-4.214097,0.3087005,0.008098945,2.069001,-0.1839081,-0.07300538,-0.9802286,0.07521842,0.9932686,-0.08808886,0.9800612,-0.0899315,-0.1771789,moving,-71.85896,14.60976,8.486081,0.2242787,-12.981795773202505,5.63726298367302,81.62271549957359,22.139786177935385,99.64114631005371
2891,05/05/2023 11:22:31.156295,3073,True,True,True,True,Eyes,1.829449,0.01718126,-3.548179,0.9472958,-0.08073688,-0.3100199,0.0,0.0,0.0,0.0,0.0,0.0,0.0,-3.156754,-0.4570793,-2.38688,1.821031,0.01823332,-3.543266,0.002149676,0.7647641,-0.0570787,0.6417735,5.167213,99.81283,355.971,0.4061795,0.006886493,-0.9137669,0.6051074,-0.02795694,0.1035011,3.797481,-0.1843786,-4.198006,0.3087006,0.005364254,2.069,-0.1762442,-0.06997521,-0.981856,0.07655119,0.9934748,-0.08454427,0.9813652,-0.09006269,-0.1697375,moving,-71.87836,14.59701,8.486089,0.1485492,-12.98231081430549,5.637111254565486,81.65294044039528,22.158892210886542,99.61578728124067
2892,05/05/2023 11:22:31.176559,3074,True,True,True,True,Eyes,1.830398,0.01736652,-3.548168,0.9475135,-0.0800739,-0.309526,0.0,0.0,0.0,0.0,0.0,0.0,0.0,-3.175059,-0.4504142,-2.372147,1.832837,0.02274846,-3.542759,0.001354185,0.7620773,-0.0554078,0.6451096,4.944875,99.33059,356.0042,0.4121364,0.006592458,-0.9110978,0.568801,-0.02627952,0.09729102,3.815307,-0.1743116,-4.180761,0.3087005,0.002730194,2.069001,-0.1676637,-0.06942421,-0.9833967,0.07355218,0.9938563,-0.08270285,0.9830966,-0.08619724,-0.1615273,moving,-71.90924,14.50435,8.486084,0.07560583,-12.979338351233306,5.633188633337079,81.67984316456715,22.17320642876836,99.57960777381163
2893,05/05/2023 11:22:31.196484,3075,True,True,True,True,Eyes,1.831723,0.01754594,-3.548108,0.9478167,-0.07956386,-0.308728,0.0,0.0,0.0,0.0,0.0,0.0,0.0,-3.187757,-0.3978287,-2.373358,1.845268,0.02291388,-3.542224,-0.005506021,0.7605906,-0.04695479,0.6475083,3.686452,99.05499,356.0247,0.4171669,0.006350204,-0.9088072,0.5346729,-0.02470275,0.09145355,3.834437,-0.1313502,-4.171087,0.3087001,0.0001224093,2.069,-0.1614056,-0.06918287,-0.9844602,0.05243156,0.9955299,-0.07855713,0.9854943,-0.06429636,-0.1570567,moving,-71.95826,14.45152,8.486076,0.003389819,-12.97955952621608,5.631756678864751,81.73150959212742,22.19126003753671,99.52536495369958
2894,05/05/2023 11:22:31.206613,3076,True,True,True,True,Eyes,1.833465,0.01783605,-3.548025,0.9481649,-0.07961547,-0.3076437,0.0,0.0,0.0,0.0,0.0,0.0,0.0,-3.206356,-0.3925158,-2.355416,1.855557,0.02296664,-3.541066,-0.002333171,0.7578409,-0.04696153,0.6507431,3.907284,98.56912,356.2842,0.4214416,0.006150972,-0.9068342,0.5025926,-0.02322059,0.08596634,3.849305,-0.1406158,-4.152849,0.3087004,-0.002648663,2.069001,-0.1530564,-0.06465612,-0.9861003,0.05758344,0.9955783,-0.07421532,0.9865385,-0.06814215,-0.1486564,moving,-72.02372,14.50932,8.486082,-0.07334803,-12.986580916051324,5.63637334224152,81.81981682301902,22.218824695626843,99.45394355895353
2895,05/05/2023 11:22:31.226860,3077,True,True,True,True,Eyes,1.835584,0.01815052,-3.547891,0.9486297,-0.07918089,-0.30632,0.0,0.0,0.0,0.0,0.0,0.0,0.0,-3.223566,-0.3950127,-2.339543,1.867306,0.02599482,-3.540248,-0.0008738087,0.7551303,-0.0471907,0.6538736,4.021313,98.09365,356.3771,0.4252398,0.005982907,-0.9050605,0.472437,-0.02182735,0.08080836,3.865609,-0.1437641,-4.135273,0.3086999,-0.005229969,2.069001,-0.1448974,-0.06303318,-0.987437,0.06039382,0.9955445,-0.07241298,0.9876019,-0.07012753,-0.1404451,moving,-72.10432,14.49319,8.486068,-0.1448306,-12.990651405073828,5.637617041567333,81.90898781621324,22.241541698626524,99.36827400038956
2896,05/05/2023 11:22:31.246490,3078,True,True,True,True,Eyes,1.838024,0.01851075,-3.547686,0.9490995,-0.07961755,-0.3047476,0.0,0.0,0.0,0.0,0.0,0.0,0.0,-3.240027,-0.3692089,-2.32789,1.87843,0.02678916,-3.53892,-0.005026458,0.7526639,-0.04276309,0.6569956,3.311692,97.6591,356.3384,0.4286956,0.005839349,-0.9034297,0.4440908,-0.02051771,0.07595986,3.882975,-0.1202929,-4.118822,0.3087007,-0.007908236,2.068999,-0.1366631,-0.06375679,-0.9885637,0.04862385,0.9962921,-0.07097718,0.9894234,-0.05776774,-0.1330563,moving,-72.19863,14.64168,8.486097,-0.2189978,-13.004184941646576,5.647585831707716,82.04184856364428,22.276647446132504,99.26790253723605
2897,05/05/2023 11:22:31.256301,3079,True,True,True,True,Eyes,1.840826,0.01893894,-3.547418,0.949644,-0.08002158,-0.3029402,0.0,0.0,0.0,0.0,0.0,0.0,0.0,-3.257311,-0.4010953,-2.304081,1.888516,0.0283817,-3.537293,-0.003553201,0.7494054,-0.04698379,0.660433,3.768568,97.09466,356.1278,0.4318516,0.005718989,-0.9019262,0.4174453,-0.01928665,0.07140227,3.897236,-0.1389221,-4.096955,0.3087,-0.01056092,2.069,-0.1276315,-0.06738486,-0.9895301,0.05673372,0.9955598,-0.0751131,0.9901978,-0.0657265,-0.1232418,moving,-72.30711,14.7967,8.486075,-0.2924559,-13.018924907079668,5.658249694169049,82.19015371818409,22.313133309151617,99.15347145325623
2898,05/05/2023 11:22:31.276507,3080,True,True,True,True,Eyes,1.843924,0.01936289,-3.547071,0.9502104,-0.08075913,-0.3009622,0.0,0.0,0.0,0.0,0.0,0.0,0.0,-3.269063,-0.4230444,-2.290259,1.899949,0.03045969,-3.535574,-0.006497514,0.746857,-0.0488014,0.6631599,3.685372,96.65639,355.7226,0.4347461,0.005621213,-0.9005351,0.3923986,-0.01812945,0.06711813,3.912872,-0.13866,-4.079422,0.3087001,-0.01321642,2.069,-0.1203537,-0.0744317,-0.9899369,0.05502084,0.9951524,-0.0815131,0.9912053,-0.06427754,-0.1156749,moving,-72.42533,15.0207,8.486074,-0.3659908,-13.03787379596422,5.672671911442013,82.361432424564,22.35499443225055,99.02887326313021
2899,05/05/2023 11:22:31.296670,3081,True,True,True,True,Eyes,1.847287,0.01973779,-3.546632,0.9508106,-0.08180653,-0.2987755,0.0,0.0,0.0,0.0,0.0,0.0,0.0,-3.277998,-0.4369006,-2.279954,1.910139,0.03084487,-3.533377,-0.009909554,0.7447323,-0.04968716,0.6654374,3.486817,96.29523,355.3518,0.4374129,0.005543646,-0.8992433,0.3688547,-0.01704168,0.06309104,3.92679,-0.1357621,-4.064104,0.3086999,-0.01588432,2.069,-0.1141899,-0.08088731,-0.9901607,0.05136746,0.994866,-0.08719563,0.9921302,-0.06081888,-0.1094487,moving,-72.55559,15.31263,8.48607,-0.4398679,-13.061116859819505,5.690857975813539,82.55841474765067,22.402389634508815,98.89178187491416
2900,05/05/2023 11:22:31.306915,3082,True,True,True,True,Eyes,1.850913,0.02005984,-3.546085,0.9513953,-0.08335511,-0.2964773,0.0,0.0,0.0,0.0,0.0,0.0,0.0,-3.288426,-0.4646145,-2.263481,1.919811,0.03012704,-3.530775,-0.008117351,0.7422708,-0.05374251,0.6678922,3.953104,95.87204,355.1792,0.4398813,0.005483037,-0.8980388,0.3467234,-0.01601918,0.05930558,3.938697,-0.1568833,-4.04607,0.3087001,-0.01860235,2.069001,-0.1077085,-0.08383895,-0.9906414,0.05973787,0.9940917,-0.09062603,0.9923863,-0.06893996,-0.1020637,moving,-72.69173,15.70342,8.486073,-0.5151315,-13.08989928174205,5.7142234888170265,82.78210623477132,22.457235882432208,98.74793208684265
2901,05/05/2023 11:22:31.336374,3083,True,True,True,True,Eyes,1.854759,0.0203766,-3.545434,0.9520358,-0.08522146,-0.2938794,0.0,0.0,0.0,0.0,0.0,0.0,0.0,-3.301286,-0.4730064,-2.246958,1.929734,0.02927676,-3.527934,-0.006216328,0.739725,-0.0553624,0.6705993,4.218979,95.4352,355.2001,0.4421777,0.005436371,-0.8969106,0.32592,-0.01505803,0.05574724,3.95144,-0.1698073,-4.027516,0.3087003,-0.02124184,2.069001,-0.1005159,-0.08344872,-0.9914297,0.06505523,0.9937927,-0.09024321,0.9928063,-0.07356855,-0.09446312,moving,-72.84531,16.17152,8.486079,-0.5882189,-13.123796780562268,5.741968292157251,83.0402533995742,22.517948422071747,98.58623696041306
2902,05/05/2023 11:22:31.346756,3084,True,True,True,True,Eyes,1.858832,0.02073482,-3.544693,0.9527022,-0.08742718,-0.2910585,0.0,0.0,0.0,0.0,0.0,0.0,0.0,-3.319744,-0.489075,-2.219172,1.93882,0.0295447,-3.524871,-0.001954011,0.7362401,-0.05843032,0.6741904,4.784182,94.84156,355.2994,0.444325,0.005402118,-0.895849,0.3063648,-0.01415455,0.05240241,3.963366,-0.1920371,-4.003147,0.3086996,-0.02397591,2.069,-0.09092713,-0.08166356,-0.9925037,0.07590907,0.9931642,-0.08867224,0.9929603,-0.08340273,-0.08410653,moving,-73.01165,16.71904,8.486062,-0.663923,-13.162634498105096,5.774079861103507,83.33093341547492,22.58570213446208,98.41089564016622
2903,05/05/2023 11:22:31.356630,3085,True,True,True,True,Eyes,1.863139,0.02115032,-3.543845,0.9534599,-0.08929557,-0.2879943,0.0,0.0,0.0,0.0,0.0,0.0,0.0,-3.337465,-0.5029484,-2.192704,1.948333,0.03104466,-3.521735,6.976794e-05,0.7327604,-0.06052901,0.6777895,5.094638,94.25345,355.2807,0.4463437,0.005380068,-0.8948451,0.2879829,-0.01330528,0.04925827,3.976188,-0.2048958,-3.97882,0.3087001,-0.02711186,2.069,-0.08120301,-0.08194959,-0.993323,0.08215408,0.9926725,-0.08861194,0.993306,-0.08880109,-0.07387546,moving,-73.19296,17.22658,8.486076,-0.750752,-13.200290089349632,5.804541097391827,83.63402051633965,22.655470459780936,98.2197882976044
2904,05/05/2023 11:22:31.376539,3086,True,True,True,True,Eyes,1.867645,0.02155492,-3.542913,0.9542536,-0.09094961,-0.2848303,0.0,0.0,0.0,0.0,0.0,0.0,0.0,-3.354702,-0.491399,-2.172429,1.958223,0.03278131,-3.518414,-0.001979764,0.7296247,-0.05831369,0.6813542,4.726322,93.72301,355.26,0.4482523,0.005370426,-0.8938906,0.2707039,-0.01250696,0.04630277,3.991515,-0.1922742,-3.956585,0.3086999,-0.02935463,2.069002,-0.07150543,-0.08235352,-0.9940348,0.07657558,0.9931912,-0.08779205,0.9944965,-0.08239637,-0.06471222,moving,-73.38043,17.70889,8.486064,-0.8128478,-13.236999204827658,5.833876682530715,83.93555629757859,22.7171833938015,98.02492282903057
2905,05/05/2023 11:22:31.396487,3087,True,True,True,True,Eyes,1.872332,0.02194819,-3.541861,0.955099,-0.09256268,-0.2814569,0.0,0.0,0.0,0.0,0.0,0.0,0.0,-3.371072,-0.4742104,-2.153535,1.967482,0.03296875,-3.514917,-0.00271804,0.7267109,-0.05589535,0.6846604,4.445893,93.23328,355.3694,0.4500669,0.00537167,-0.8929783,0.2544617,-0.01175654,0.0435246,4.005376,-0.1839598,-3.935644,0.3086999,-0.03189719,2.069002,-0.06246575,-0.08048912,-0.9947963,0.07258821,0.9937366,-0.08496138,0.9954041,-0.07751764,-0.0562319,moving,-73.58035,18.20447,8.486062,-0.8832421,-13.275163055016304,5.864206143505256,84.25696844633227,22.783304714063135,97.8167626121593
2906,05/05/2023 11:22:31.406593,3088,True,True,True,True,Eyes,1.877175,0.0223347,-3.540679,0.9560443,-0.09361936,-0.2778755,0.0,0.0,0.0,0.0,0.0,0.0,0.0,-3.388558,-0.4585703,-2.131258,1.976471,0.03307494,-3.511032,-1.105844e-05,0.723608,-0.05456583,0.688051,4.528405,92.71482,355.6793,0.4518019,0.005382429,-0.8921016,0.239194,-0.01105115,0.04091313,4.01768,-0.187966,-3.913372,0.3086999,-0.03470848,2.069002,-0.05317171,-0.07510415,-0.9957571,0.07507214,0.9940452,-0.07898375,0.9957595,-0.07895331,-0.04721688,moving,-73.79343,18.61925,8.486062,-0.9610733,-13.309895223636502,5.890762465080586,84.57720652936338,22.847568900130923,97.59555068425227
2907,05/05/2023 11:22:31.426649,3089,True,True,True,True,Eyes,1.882148,0.02273441,-3.539356,0.9570524,-0.0948202,-0.2739703,0.0,0.0,0.0,0.0,0.0,0.0,0.0,-3.408164,-0.4385108,-2.105085,1.985028,0.03329527,-3.506823,0.002814536,0.7201306,-0.05271176,0.6918278,4.577819,92.13825,356.0376,0.4534695,0.005401582,-0.8912551,0.2248424,-0.01038808,0.03845834,4.029929,-0.1901998,-3.88877,0.3086999,-0.03730613,2.069001,-0.04273307,-0.06888125,-0.9967093,0.07698858,0.9944271,-0.07202434,0.9961158,-0.07981304,-0.03719176,moving,-74.02545,19.09057,8.486066,-1.032988,-13.34874550627656,5.920679954270723,84.93001742139006,22.915333109795256,97.35567108091611
2908,05/05/2023 11:22:31.446482,3090,True,True,True,True,Eyes,1.887247,0.02317538,-3.537883,0.9581448,-0.09593516,-0.2697314,0.0,0.0,0.0,0.0,0.0,0.0,0.0,-3.430088,-0.4363568,-2.069532,1.993043,0.03403798,-3.502213,0.006258914,0.7158304,-0.05330222,0.6962089,4.877503,91.43225,356.2447,0.4550796,0.005428613,-0.8904339,0.2113518,-0.009764796,0.03615084,4.041168,-0.2017277,-3.858938,0.3086994,-0.03993216,2.069002,-0.03050854,-0.06525831,-0.9974021,0.08317959,0.9942394,-0.06759567,0.9960676,-0.08502572,-0.02490456,moving,-74.27733,19.57891,8.486051,-1.105683,-13.389698976069802,5.951971850093402,85.30902427133259,22.98605944912187,97.09601471737257
2909,05/05/2023 11:22:31.456488,3091,True,True,True,True,Eyes,1.892473,0.02364302,-3.536268,0.9592954,-0.09709328,-0.2651893,0.0,0.0,0.0,0.0,0.0,0.0,0.0,-3.452568,-0.4476292,-2.029098,2.00114,0.03553035,-3.497428,0.009219964,0.7110583,-0.05544322,0.7008833,5.265497,90.65467,356.28,0.4566431,0.005463785,-0.8896329,0.1986707,-0.009178909,0.03398179,4.052043,-0.2166863,-3.826164,0.3087004,-0.04266796,2.069001,-0.0173554,-0.06460658,-0.9977599,0.0908303,0.9936821,-0.06592248,0.9957151,-0.09177094,-0.0113776,moving,-74.54698,20.1091,8.486077,-1.181414,-13.433929375375165,5.985847691125752,85.71916087520599,23.062010312320275,96.81814772852839
2910,05/05/2023 11:22:31.476442,3092,True,True,True,True,Eyes,1.897802,0.02409064,-3.534489,0.960474,-0.09805238,-0.2605291,0.0,0.0,0.0,0.0,0.0,0.0,0.0,-3.472417,-0.4502433,-1.994063,2.009377,0.03665534,-3.492527,0.01043494,0.706728,-0.05605683,0.705184,5.390944,89.95088,356.2963,0.4581679,0.005506938,-0.8888483,0.1867505,-0.008628174,0.03194288,4.063368,-0.2225701,-3.795897,0.3087002,-0.04528232,2.069001,-0.005213437,-0.06431144,-0.9979164,0.09381009,0.9934975,-0.06451675,0.9955766,-0.09395096,0.000853547,moving,-74.82366,20.62426,8.486073,-1.25378,-13.477800888951576,6.019139020744329,86.13454734758227,23.136704763039905,96.53391991437161
2911,05/05/2023 11:22:31.496697,3093,True,True,True,True,Eyes,1.903221,0.02453043,-3.532562,0.961681,-0.09916646,-0.2556086,0.0,0.0,0.0,0.0,0.0,0.0,0.0,-3.491237,-0.4456176,-1.960911,2.017128,0.03660903,-3.487454,0.01273022,0.7026191,-0.05618988,0.70923,5.567448,89.29025,356.4392,0.4596618,0.005556797,-0.8880764,0.1755454,-0.008110483,0.03002631,4.073488,-0.2308353,-3.767129,0.3087003,-0.0479513,2.069002,0.006338167,-0.0618141,-0.9980676,0.09759209,0.9933613,-0.06090287,0.9952064,-0.09701748,0.01232864,moving,-75.1153,21.20437,8.486074,-1.327652,-13.52598850144384,6.05611739208917,86.58453528255701,23.217470706410353,96.23428186836956
2912,05/05/2023 11:22:31.516585,3094,True,True,True,True,Eyes,1.908727,0.02497463,-3.530482,0.9628938,-0.1001793,-0.2505982,0.0,0.0,0.0,0.0,0.0,0.0,0.0,-3.509746,-0.4426467,-1.926449,2.024697,0.03689197,-3.482054,0.01611345,0.6984163,-0.05682072,0.7132507,5.874792,88.62268,356.6259,0.4611307,0.005612491,-0.8873141,0.1650127,-0.007623854,0.02822473,4.08254,-0.243244,-3.737848,0.3086995,-0.05064346,2.069001,0.01797221,-0.05854703,-0.9981228,0.1035626,0.9930235,-0.05638317,0.9944605,-0.1023549,0.02391012,moving,-75.41209,21.78959,8.486053,-1.402163,-13.57475799993801,6.093487595596245,87.0445621854775,23.299445483235182,95.92958157640793
2913,05/05/2023 11:22:31.526930,3095,True,True,True,True,Eyes,1.914318,0.0254102,-3.528257,0.9641495,-0.1011533,-0.2453238,0.0,0.0,0.0,0.0,0.0,0.0,0.0,-3.529185,-0.4341716,-1.890425,2.032256,0.03744919,-3.476478,0.01866475,0.6939979,-0.05650639,0.7175136,6.039557,87.92324,356.8191,0.4625809,0.005673575,-0.8865587,0.155112,-0.007166423,0.02653125,4.092078,-0.2502724,-3.707247,0.3087001,-0.05337498,2.069001,0.03034797,-0.05518161,-0.998015,0.1069948,0.9929173,-0.05164621,0.9937963,-0.1052151,0.03603714,moving,-75.72427,22.40761,8.486072,-1.477758,-13.626185008813666,6.132920431451336,87.53223694303938,23.385344474922483,95.60942620443338
2914,05/05/2023 11:22:31.546760,3096,True,True,True,True,Eyes,1.919914,0.02584332,-3.525871,0.9654028,-0.1019,-0.2400288,0.0,0.0,0.0,0.0,0.0,0.0,0.0,-3.548597,-0.420302,-1.853543,2.037973,0.03780052,-3.471318,0.02037715,0.6896236,-0.05531867,0.7217645,6.068255,87.23276,357.0169,0.464017,0.005739298,-0.8858075,0.1458052,-0.006736437,0.02493937,4.100105,-0.252668,-3.67736,0.3086998,-0.05616345,2.069001,0.0427184,-0.05174898,-0.9977461,0.1079592,0.9930493,-0.04688311,0.9932371,-0.1057131,0.04800825,moving,-76.03762,23.0028,8.486064,-1.554923,-13.67648697429837,6.171221904026222,88.01894634609405,23.470662128844683,95.28837234448066
2915,05/05/2023 11:22:31.556689,3097,True,True,True,True,Eyes,2.059741,0.03570776,-3.463232,0.9881317,-0.1166191,-0.09997866,0.0,0.0,0.0,0.0,0.0,0.0,0.0,-3.567162,-0.4011445,-1.81819,2.043693,0.0380889,-3.466012,0.02210304,0.6853667,-0.05346115,0.7258967,6.048485,86.56585,357.2727,0.4654416,0.005809128,-0.8850593,0.1370569,-0.006332251,0.02344301,4.108058,-0.2529667,-3.648232,0.3087001,-0.05883184,2.069001,0.05482881,-0.04731716,-0.9973741,0.1079119,0.9933068,-0.04119193,0.9926474,-0.10537,0.05956795,moving,-84.2225,49.39321,8.486072,-1.628761,-15.55866523662517,7.72328121572311,105.82117390675661,25.79942019470624,87.12291969789723
2916,05/05/2023 11:22:31.576480,3098,True,True,True,True,Eyes,2.060041,0.03569151,-3.463024,0.9881641,-0.1165407,-0.09974895,0.0,0.0,0.0,0.0,0.0,0.0,0.0,-3.584319,-0.3750229,-1.787076,2.05103,0.03739251,-3.460276,0.02385788,0.6813238,-0.05080976,0.7298267,5.973014,85.93765,357.5996,0.4708569,0.006150479,-0.882188,0.5483167,0.023641,0.2099541,4.117589,-0.2517504,-3.620137,0.3087,-0.06137052,2.069001,0.06643263,-0.04165474,-0.996921,0.1066745,0.9936983,-0.03441155,0.992072,-0.10406,0.07045752,moving,-84.23588,49.43929,8.486068,-1.699004,-15.561896093170812,7.725967904448791,105.88902093298029,25.82895027727766,87.10173631457789
2917,05/05/2023 11:22:31.596281,3099,True,True,True,True,Eyes,2.060629,0.0356419,-3.462576,0.988249,-0.1163422,-0.0991379,0.0,0.0,0.0,0.0,0.0,0.0,0.0,-3.600088,-0.3512541,-1.756852,2.058392,0.03694638,-3.454302,0.02585058,0.6773684,-0.04850286,0.733588,5.948585,85.3283,357.9176,0.4753702,0.006441191,-0.879762,0.5154177,0.02222254,0.1973569,4.126588,-0.2522213,-3.592486,0.3087003,-0.0639744,2.069,0.07763926,-0.0361415,-0.9963262,0.106183,0.9939585,-0.02778124,0.9913108,-0.103636,0.08100776,moving,-84.27144,49.56492,8.48608,-1.771047,-15.570648505034672,7.73326922279782,106.01574894502934,25.866159614985087,87.0584874331025
2918,05/05/2023 11:22:31.608070,3100,True,True,True,True,Eyes,2.06148,0.03553957,-3.461892,0.9883623,-0.1160617,-0.09833427,0.0,0.0,0.0,0.0,0.0,0.0,0.0,-3.613921,-0.3266564,-1.729746,2.065871,0.03605552,-3.448192,0.02684514,0.6736891,-0.04583529,0.7371036,5.815921,84.76073,358.1913,0.4791541,0.006688687,-0.877705,0.4844926,0.02088919,0.1855155,4.135893,-0.2496239,-3.566102,0.3087003,-0.06670504,2.069001,0.08808445,-0.03140016,-0.9956181,0.1037413,0.9943569,-0.02218217,0.9906963,-0.1013327,0.09084488,moving,-84.31822,49.72678,8.486076,-1.846588,-15.581983848235062,7.742700856534902,106.17179306632735,25.908028980072746,87.00387862219038
2919,05/05/2023 11:22:31.626875,3101,True,True,True,True,Eyes,2.06257,0.03539453,-3.460973,0.9885055,-0.1158063,-0.09718907,0.0,0.0,0.0,0.0,0.0,0.0,0.0,-3.626423,-0.3039324,-1.703228,2.072982,0.03460294,-3.44178,0.02787924,0.6700994,-0.04349581,0.7404713,5.715019,84.21012,358.4421,0.4824313,0.006902306,-0.8759063,0.4554231,0.01963583,0.1743845,4.144435,-0.2487798,-3.540013,0.3087006,-0.06937001,2.069002,0.09814976,-0.02705105,-0.994804,0.1017785,0.9946617,-0.01700547,0.9899535,-0.09958058,0.100379,moving,-84.38477,49.99533,8.486081,-1.920308,-15.600116027450552,7.758065969313779,106.3965621362422,25.95796236099934,86.92984174045236
2920,05/05/2023 11:22:31.646694,3102,True,True,True,True,Eyes,2.063884,0.03520917,-3.459814,0.9886792,-0.1155387,-0.09573014,0.0,0.0,0.0,0.0,0.0,0.0,0.0,-3.637816,-0.2906528,-1.676231,2.079773,0.03342641,-3.435311,0.02944145,0.6665262,-0.04251538,0.7436857,5.765982,83.66681,358.6184,0.4854055,0.007090941,-0.8742602,0.4280977,0.01845768,0.1639215,4.151663,-0.2534571,-3.514116,0.3087004,-0.07199978,2.069,0.1078705,-0.02398917,-0.9938756,0.1024831,0.9946513,-0.01288486,0.9888686,-0.1004656,0.109752,moving,-84.46951,50.35639,8.486082,-1.993049,-15.624205578798264,7.778602781344531,106.68273453415593,26.01520989091204,86.83793016790746
2921,05/05/2023 11:22:31.656242,3103,True,True,True,True,Eyes,2.063884,0.03520917,-3.459814,0.9886792,-0.1155387,-0.09573014,0.0,0.0,0.0,0.0,0.0,0.0,0.0,-3.647946,-0.2768406,-1.650659,2.086427,0.03225997,-3.428499,0.03051927,0.6630918,-0.04131311,0.7467739,5.76052,83.14491,358.7774,0.4881146,0.007256106,-0.8727492,0.4024118,0.01735022,0.1540862,4.158794,-0.2564363,-3.488606,0.3087001,-0.07487083,2.069001,0.1172051,-0.02122894,-0.9928809,0.1021773,0.9947236,-0.009206779,0.9878375,-0.1003707,0.1187558,moving,-84.46951,50.35639,8.486073,-2.072455,-15.624205578798264,7.778602781344531,106.72171381168836,26.045131455967873,86.8290010841675
2922,05/05/2023 11:22:31.676268,3104,True,True,True,True,Eyes,2.063884,0.03520917,-3.459814,0.9886792,-0.1155387,-0.09573014,0.0,0.0,0.0,0.0,0.0,0.0,0.0,-3.656187,-0.2648903,-1.628151,2.093192,0.03156634,-3.421447,0.03150131,0.6599557,-0.04024477,0.7495642,5.758982,82.67046,358.92,0.4905488,0.007404703,-0.871382,0.3782671,0.01630921,0.144841,4.165835,-0.2588564,-3.464565,0.3087002,-0.07742618,2.069001,0.1256776,-0.01875314,-0.9918939,0.101911,0.9947761,-0.005895034,0.9868228,-0.100344,0.1269322,moving,-84.46951,50.35639,8.486074,-2.143124,-15.624205578798264,7.778602781344531,106.75644976776462,26.07194361169619,86.82104599604517
2923,05/05/2023 11:22:31.696681,3105,True,True,True,True,Eyes,2.063884,0.03520917,-3.459814,0.9886792,-0.1155387,-0.09573014,0.0,0.0,0.0,0.0,0.0,0.0,0.0,-3.661615,-0.2510424,-1.610594,2.099322,0.03052681,-3.414143,0.03223005,0.6573679,-0.03887023,0.7518762,5.714415,82.28041,359.0742,0.4927364,0.007538387,-0.8701457,0.3555711,0.01533065,0.1361506,4.172277,-0.2601168,-3.443324,0.3087,-0.08007834,2.069001,0.1327131,-0.01607719,-0.9910242,0.1008252,0.9949007,-0.002638056,0.9860129,-0.09957011,0.1336573,moving,-84.46951,50.35639,8.486071,-2.216462,-15.624205578798264,7.778602781344531,106.79253160432832,26.09993786753949,86.81280339553683
2924,05/05/2023 11:22:31.706621,3106,True,True,True,True,Eyes,2.063884,0.03520917,-3.459814,0.9886792,-0.1155387,-0.09573014,0.0,0.0,0.0,0.0,0.0,0.0,0.0,-3.666766,-0.236481,-1.593102,2.105995,0.02921509,-3.406318,0.03446617,0.6547047,-0.03790275,0.7541468,5.832196,81.88978,359.3067,0.4947023,0.00765865,-0.8690284,0.3342368,0.01441082,0.1279815,4.178399,-0.2671365,-3.421778,0.3087007,-0.08282796,2.069001,0.1398503,-0.01203815,-0.9900995,0.1022988,0.9947509,0.002354876,0.984874,-0.1016153,0.1403477,moving,-84.46951,50.35639,8.486087,-2.292488,-15.624205578798264,7.778602781344531,106.8299928310645,26.12916144389899,86.80423968830928
2925,05/05/2023 11:22:31.727180,3107,True,True,True,True,Eyes,2.063884,0.03520917,-3.459814,0.9886792,-0.1155387,-0.09573014,0.0,0.0,0.0,0.0,0.0,0.0,0.0,-3.671429,-0.2281004,-1.573777,2.111304,0.02866809,-3.398495,0.03747312,0.6520023,-0.03790884,0.756341,6.091597,81.49984,359.5114,0.4964697,0.007766871,-0.868019,0.3141826,0.01354617,0.1203026,4.182299,-0.278477,-3.400357,0.3086995,-0.08545457,2.069001,0.1469119,-0.008478901,-0.9891133,0.1062092,0.9943174,0.007251617,0.983431,-0.1061182,0.1469776,moving,-84.46951,50.35639,8.486058,-2.365105,-15.624205578798264,7.778602781344531,106.86577402160921,26.157209663732015,86.79611522363857
2926,05/05/2023 11:22:31.746689,3108,True,True,True,True,Eyes,2.063884,0.03520917,-3.459814,0.9886792,-0.1155387,-0.09573014,0.0,0.0,0.0,0.0,0.0,0.0,0.0,-3.674554,-0.2144737,-1.558118,2.11675,0.02786305,-3.390379,0.03714888,0.649643,-0.03619301,0.7584683,5.933699,81.1416,359.6178,0.4980584,0.007864227,-0.8671075,0.2953317,0.0127334,0.1130845,4.188349,-0.2757669,-3.379341,0.3087001,-0.08816761,2.069002,0.1533081,-0.006635489,-0.9881562,0.1031695,0.99462,0.009327413,0.982778,-0.1033776,0.1531679,moving,-84.46951,50.35639,8.486068,-2.440103,-15.624205578798264,7.778602781344531,106.90280236931646,26.18639417503261,86.78768422669354
2927,05/05/2023 11:22:31.756726,3109,True,True,True,True,Eyes,2.063884,0.03520917,-3.459814,0.9886792,-0.1155387,-0.09573014,0.0,0.0,0.0,0.0,0.0,0.0,0.0,-3.676648,-0.2060576,-1.542655,2.1215,0.02692433,-3.382084,0.03622045,0.6473907,-0.0349861,0.7604929,5.761637,80.79573,359.6363,0.4994868,0.007951828,-0.8662847,0.2776118,0.01196939,0.1062994,4.193626,-0.2731732,-3.35845,0.3087,-0.09090161,2.069001,0.1593224,-0.006315795,-0.9872066,0.1001109,0.9949281,0.009791431,0.9821376,-0.1003901,0.1591466,moving,-84.46951,50.35639,8.486067,-2.515673,-15.624205578798264,7.778602781344531,106.94014373133645,26.21597523813158,86.77920502658932
2928,05/05/2023 11:22:31.776331,3110,True,True,True,True,Eyes,2.066878,0.03473032,-3.45582,0.9889807,-0.1167578,-0.09102094,0.0,0.0,0.0,0.0,0.0,0.0,0.0,-3.676038,-0.2043118,-1.531575,2.126301,0.02587949,-3.373262,0.03546346,0.6455967,-0.03469114,0.7620655,5.672603,80.52014,359.5921,0.500771,0.008030636,-0.8655422,0.2609551,0.01125123,0.09992144,4.198464,-0.2737619,-3.339542,0.3087,-0.09340625,2.069001,0.1640028,-0.007083641,-0.9864344,0.09866403,0.9950777,0.009257992,0.9815133,-0.09884393,0.1638945,moving,-84.74159,52.06107,8.486071,-2.584896,-15.730133090707843,7.87228538690333,108.0628445655771,26.37758865251736,86.49871358925272
2929,05/05/2023 11:22:31.796495,3111,True,True,True,True,Eyes,2.069915,0.03421767,-3.451607,0.9892589,-0.1179575,-0.08632977,0.0,0.0,0.0,0.0,0.0,0.0,0.0,-3.674217,-0.2023035,-1.522344,2.130855,0.02458533,-3.364102,0.03415341,0.6440068,-0.03420949,0.763491,5.521194,80.27257,359.5253,0.5020254,0.008090105,-0.8648146,0.2452978,0.01057616,0.09392615,4.203316,-0.2726692,-3.321212,0.3087001,-0.09609102,2.069001,0.1681699,-0.008247226,-0.9857235,0.09622733,0.9953265,0.008089346,0.9810501,-0.09621392,0.1681776,moving,-85.0126,53.80065,8.486073,-2.659089,-15.8378242708615,7.967715899449669,109.22318426373154,26.543943957415053,86.2187062673059
2930,05/05/2023 11:22:31.806650,3112,True,True,True,True,Eyes,2.073006,0.03367588,-3.447268,0.9895203,-0.1191066,-0.08162951,0.0,0.0,0.0,0.0,0.0,0.0,0.0,-3.671793,-0.2056069,-1.512573,2.13495,0.02326306,-3.354648,0.0340248,0.6424095,-0.03481046,0.7648141,5.553228,80.03088,359.4513,0.5032557,0.008131323,-0.8640988,0.2305799,0.009941585,0.08829058,4.206728,-0.2782094,-3.302948,0.3087003,-0.09878013,2.069001,0.1721967,-0.009531351,-0.9850165,0.09696277,0.9952611,0.007320173,0.9802788,-0.09677043,0.1723048,moving,-85.28412,55.57528,8.486076,-2.733391,-15.947383343871888,8.064942413880999,110.42078958087855,26.713254014177668,85.9382185028085
2931,05/05/2023 11:22:31.827537,3113,True,True,True,True,Eyes,2.076132,0.03309328,-3.442712,0.9897739,-0.1201031,-0.07696034,0.0,0.0,0.0,0.0,0.0,0.0,0.0,-3.669726,-0.2034235,-1.502368,2.138922,0.02208354,-3.345131,0.03342012,0.6407515,-0.03452367,0.7662433,5.477685,79.77864,359.4199,0.5044672,0.008155408,-0.8633919,0.2167451,0.00934509,0.08299314,4.210562,-0.2794863,-3.284206,0.3087004,-0.1014239,2.069001,0.1764913,-0.01007908,-0.9842506,0.09573504,0.9953824,0.006973693,0.9796354,-0.09545807,0.1766412,moving,-85.55389,57.34884,8.486081,-2.806434,-16.05677961159144,8.16206968061686,111.63410382000617,26.882337695812694,85.65990681112596
2932,05/05/2023 11:22:31.846847,3114,True,True,True,True,Eyes,2.079248,0.03258517,-3.437824,0.9899639,-0.1213698,-0.07239409,0.0,0.0,0.0,0.0,0.0,0.0,0.0,-3.666885,-0.1947608,-1.494389,2.142888,0.02049988,-3.335384,0.03268599,0.6392875,-0.03337966,0.7675473,5.327845,79.5563,359.4562,0.5056648,0.00816307,-0.862691,0.2037404,0.008784384,0.07801355,4.214821,-0.2782079,-3.26636,0.3087001,-0.1041294,2.069,0.1803946,-0.00944946,-0.9835489,0.09303243,0.9956349,0.007497684,0.9791847,-0.09285448,0.1804863,moving,-85.81752,59.18496,8.486075,-2.881171,-16.16907984586132,8.262222031385132,112.89540578443919,27.056457061583682,85.38680815260476
2933,05/05/2023 11:22:31.866554,3115,True,True,True,True,Eyes,2.082442,0.03213645,-3.432726,0.9901918,-0.1221364,-0.06784377,0.0,0.0,0.0,0.0,0.0,0.0,0.0,-3.665044,-0.2034543,-1.480319,2.146329,0.02184827,-3.325369,0.03476018,0.6372972,-0.03506841,0.7690347,5.633315,79.26964,359.4454,0.5068528,0.008157847,-0.8619936,0.191516,0.008257321,0.07333274,4.216023,-0.2905511,-3.246287,0.3087,-0.1068504,2.069002,0.1852449,-0.009632518,-0.9826453,0.09824278,0.9951239,0.008765562,0.9777693,-0.09816156,0.1852879,moving,-86.08046,60.94891,8.486067,-2.956326,-16.277555943128593,8.35868553208454,114.13460131378838,27.22620993162014,85.11546596681697
2934,05/05/2023 11:22:31.876436,3116,True,True,True,True,Eyes,2.162022,0.01868442,-3.298424,0.990229,-0.131904,0.04525361,0.0,0.0,0.0,0.0,0.0,0.0,0.0,-3.660919,-0.1995362,-1.475715,2.151392,0.0227108,-3.315248,0.02902084,0.6361057,-0.03262128,0.7703657,4.945866,79.06114,359.2328,0.5080369,0.008142516,-0.8612964,0.180025,0.007761882,0.06893278,4.223921,-0.2687955,-3.227576,0.3087001,-0.1094276,2.069001,0.188611,-0.01333999,-0.9819613,0.08718126,0.9961873,0.003212163,0.9781744,-0.08621448,0.1890549,moving,87.3834,-71.06393,8.486073,-3.027501,1.2200770055658934,-2.799108029912758,104.18130292339872,7.269584660757294,78.60831336652923
2935,05/05/2023 11:22:31.896242,3117,True,True,True,True,Eyes,2.162178,0.01873567,-3.298024,0.9901843,-0.1321616,0.04547989,2.072559,4.214394,-0.2551771,-3.203764,-0.9573115,0.1824799,0.2241779,0.3025824,-0.1105017,2.055382,2.154702,0.01997313,-3.30537,0.02696949,0.6342118,-0.02919154,0.7721372,4.51244,78.77283,359.3752,0.5132568,0.007730708,-0.8581999,0.4079644,-0.03305992,0.4677025,4.228769,-0.2579175,-3.207129,0.3086997,-0.1121092,2.069,0.1938466,-0.01087101,-0.9809717,0.07928848,0.996841,0.004621061,0.9778225,-0.07867552,0.1940962,moving,87.37021,-71.01048,8.486064,-3.10155,1.2164715137461457,-2.796051306426568,104.08809376626232,7.276008821323239,78.58574942685988
2936,05/05/2023 11:22:31.906780,3118,True,True,True,True,Eyes,2.162547,0.01892324,-3.297228,0.9901794,-0.1320263,0.04597798,0.0,0.0,0.0,0.0,0.0,0.0,0.0,-3.660062,-0.1769042,-1.446569,2.158655,0.0213991,-3.2954,0.0305079,0.6317752,-0.03037748,0.7739552,4.91093,78.42824,359.5127,0.5175256,0.007387584,-0.8556354,0.3834866,-0.03107633,0.4396403,4.230004,-0.2731008,-3.18537,0.3087001,-0.1151903,2.069,0.1998747,-0.008473352,-0.9797848,0.0855699,0.9962929,0.008840019,0.9760778,-0.08560698,0.1998588,moving,87.34144,-70.7994,8.486076,-3.186617,1.2036552329542198,-2.784577171184369,103.87327306183043,7.293510009059682,78.54702375853701
2937,05/05/2023 11:22:31.936436,3119,True,True,True,True,Eyes,2.163083,0.01913095,-3.296085,0.9902304,-0.13139,0.04669593,0.0,0.0,0.0,0.0,0.0,0.0,0.0,-3.66108,-0.1593325,-1.431501,2.164192,0.02479617,-3.285384,0.02657188,0.6293598,-0.02638328,0.7762114,4.270193,78.05487,359.5684,0.5210354,0.007104692,-0.8535051,0.3604774,-0.02921175,0.4132619,4.237737,-0.2489429,-3.161331,0.3087002,-0.1176927,2.069,0.2064202,-0.007511451,-0.9784347,0.07440455,0.9971957,0.008041637,0.9756305,-0.07445994,0.2064002,moving,87.30013,-70.43482,8.486075,-3.255695,1.1820300040025638,-2.7649735670290942,103.56007967025059,7.320510967707937,78.49877285200967
2938,05/05/2023 11:22:31.946498,3120,True,True,True,True,Eyes,2.163773,0.01938189,-3.294584,0.9902231,-0.1311262,0.04758277,0.0,0.0,0.0,0.0,0.0,0.0,0.0,-3.661825,-0.1291011,-1.417892,2.16878,0.02532787,-3.275942,0.02282901,0.6271464,-0.02112682,0.7782802,3.556567,77.71689,359.756,0.5239403,0.006872372,-0.8517269,0.3388487,-0.02745904,0.3884662,4.244733,-0.22415,-3.139359,0.3087003,-0.1200496,2.069002,0.2124822,-0.004250907,-0.9771559,0.06151943,0.998065,0.009035513,0.9752266,-0.06203394,0.2123325,moving,87.24891,-70.0553,8.486073,-3.320746,1.1590174384402507,-2.744356187387472,103.23315935234902,7.34969172266886,78.44061977978967
2939,05/05/2023 11:22:31.966539,3121,True,True,True,True,Eyes,2.16464,0.01970207,-3.292777,0.9902233,-0.130732,0.0486511,0.0,0.0,0.0,0.0,0.0,0.0,0.0,-3.663367,-0.1136084,-1.400831,2.173389,0.02671198,-3.266674,0.02542362,0.6245891,-0.019744,0.7802899,3.688922,77.35335,0.0543458,0.5264625,0.0066771,-0.8501717,0.3185178,-0.0258115,0.3651582,4.247883,-0.2294446,-3.117692,0.3087001,-0.1235867,2.069001,0.2189973,0.0009465482,-0.975725,0.06257071,0.9979276,0.01501182,0.9737171,-0.06433935,0.2184842,moving,87.18723,-69.58756,8.486072,-3.41836,1.130743768515349,-2.718983303641528,102.82137569192975,7.388503309621267,78.3684891493695
2940,05/05/2023 11:22:31.976681,3122,True,True,True,True,Eyes,2.165641,0.02009007,-3.290681,0.9901873,-0.13054,0.04988458,0.0,0.0,0.0,0.0,0.0,0.0,0.0,-3.664479,-0.08514678,-1.386795,2.178571,0.02871782,-3.257585,0.02670442,0.6222525,-0.01610406,0.7821952,3.544154,77.02023,0.4615886,0.5287654,0.006509576,-0.8487427,0.2994067,-0.02426281,0.3432487,4.253008,-0.2218708,-3.097256,0.3087003,-0.1254137,2.069001,0.225085,0.00804075,-0.9743059,0.05842682,0.9980551,0.02173456,0.9725857,-0.06181772,0.2241775,moving,87.11594,-69.08614,8.486079,-3.468775,1.10011899306813,-2.6916510520928245,102.41237049508494,7.42673056293332,78.29216288620744
2941,05/05/2023 11:22:31.996288,3123,True,True,True,True,Eyes,2.1668,0.02051871,-3.288333,0.9901287,-0.1304181,0.0513438,0.0,0.0,0.0,0.0,0.0,0.0,0.0,-3.667125,-0.06898984,-1.36742,2.182961,0.03083821,-3.249021,0.02851973,0.6194596,-0.01428836,0.7843802,3.580035,76.6226,0.7416511,0.5308777,0.00636876,-0.8474243,0.2814423,-0.02280704,0.3226538,4.256141,-0.2224929,-3.074974,0.3087001,-0.1283863,2.069001,0.2321314,0.01291863,-0.9725987,0.05774864,0.9979649,0.0270385,0.9709687,-0.06244273,0.230913,moving,87.03155,-68.51113,8.486071,-3.550781,1.0648387823176106,-2.660239890648194,101.92761752116667,7.474473298916294,78.19898953991759
2942,05/05/2023 11:22:32.006666,3124,True,True,True,True,Eyes,2.168112,0.02096617,-3.285739,0.9900271,-0.1305078,0.05304801,0.0,0.0,0.0,0.0,0.0,0.0,0.0,-3.670523,-0.05380592,-1.347074,2.187981,0.03229658,-3.240668,0.03104871,0.6164778,-0.01292379,0.7866538,3.714429,76.20296,1.030599,0.5328242,0.006253067,-0.8462027,0.2645558,-0.02143862,0.3032946,4.259355,-0.2267042,-3.052248,0.3087006,-0.1308,2.069001,0.2395762,0.01794858,-0.9707118,0.05861478,0.9977379,0.03291471,0.9691066,-0.06478363,0.2379822,moving,86.93288,-67.87954,8.486085,-3.617362,1.025722573851291,-2.625584871880049,101.40772735386446,7.525996904155176,78.09309808048953
2943,05/05/2023 11:22:32.028139,3125,True,True,True,True,Eyes,2.169561,0.02140587,-3.28294,0.9898993,-0.1306653,0.05500805,0.0,0.0,0.0,0.0,0.0,0.0,0.0,-3.674785,-0.03082038,-1.325188,2.193133,0.03329695,-3.232672,0.03270283,0.6132931,-0.01029767,0.7891111,3.683406,75.7524,1.370085,0.5346276,0.00616048,-0.8450651,0.2486825,-0.0201523,0.2850969,4.263247,-0.2253251,-3.028719,0.3087004,-0.1333819,2.069002,0.2475309,0.02386083,-0.9685863,0.05636486,0.997649,0.03898134,0.9672392,-0.06424331,0.2456041,moving,86.81938,-67.16967,8.486076,-3.688571,0.9815996392299952,-2.5865680638028765,100.82636781023214,7.584957212848528,77.97183516869383
2944,05/05/2023 11:22:32.046695,3126,True,True,True,True,Eyes,2.171142,0.02185219,-3.279929,0.9897045,-0.1311867,0.05722911,0.0,0.0,0.0,0.0,0.0,0.0,0.0,-3.680067,-0.01555714,-1.29999,2.197999,0.0336059,-3.225024,0.03515502,0.6097832,-0.009082025,0.7917362,3.826945,75.26051,1.636385,0.5363077,0.006088512,-0.8440004,0.2337615,-0.01894316,0.2679911,4.265736,-0.2314779,-3.004134,0.3087,-0.1361468,2.069002,0.2561639,0.02849275,-0.9662134,0.05725502,0.9973633,0.04459086,0.9649363,-0.06674313,0.2538571,moving,86.69059,-66.43116,8.486063,-3.764812,0.9350432971539328,-2.545702797341659,100.21486523939866,7.648798977668047,77.83402983524624
2945,05/05/2023 11:22:32.056297,3127,True,True,True,True,Eyes,2.172858,0.02235037,-3.276726,0.9894806,-0.1317372,0.05977781,0.0,0.0,0.0,0.0,0.0,0.0,0.0,-3.686444,-0.01281893,-1.271032,2.202949,0.03431684,-3.217358,0.03748961,0.605885,-0.009489005,0.7946118,4.075898,74.7125,1.743527,0.5378818,0.006035298,-0.8429984,0.2197358,-0.01780657,0.2519116,4.267288,-0.241798,-2.977358,0.3087001,-0.1388386,2.069001,0.2656267,0.03034863,-0.9635982,0.06050894,0.9970089,0.04808088,0.9621752,-0.07107786,0.2629958,moving,86.54277,-65.59308,8.486073,-3.83903,0.8821083736577551,-2.499285187262176,99.53095316509487,7.7210876307630425,77.67751387150709
2946,05/05/2023 11:22:32.076456,3128,True,True,True,True,Eyes,2.174701,0.02287508,-3.273333,0.9892414,-0.1321921,0.06266332,0.0,0.0,0.0,0.0,0.0,0.0,0.0,-3.693447,-0.02287146,-1.239433,2.207991,0.03604623,-3.209633,0.03706047,0.6017774,-0.01059175,0.7977333,4.121774,74.1161,1.59173,0.5393652,0.006000312,-0.8420503,0.2065517,-0.01673818,0.2367969,4.26918,-0.2453853,-2.948037,0.3087008,-0.1416928,2.069001,0.2755036,0.02770551,-0.9609007,0.06150308,0.9970287,0.04638098,0.9593306,-0.07187648,0.2729811,moving,86.37546,-64.63754,8.48609,-3.917708,0.8218292916527892,-2.4463934154667277,98.76057896299072,7.804207763263047,77.50133030796978
2947,05/05/2023 11:22:32.096382,3129,True,True,True,True,Eyes,2.176678,0.02336774,-3.269773,0.9889976,-0.1324837,0.06581666,0.0,0.0,0.0,0.0,0.0,0.0,0.0,-3.699566,-0.03617898,-1.209417,2.213033,0.03714066,-3.201858,0.03333811,0.5978836,-0.0111041,0.8008123,3.822921,73.5321,1.268017,0.5407718,0.005982428,-0.8411478,0.1941586,-0.01573389,0.2225891,4.272364,-0.2377316,-2.918262,0.3087003,-0.1440976,2.069001,0.2848236,0.02208002,-0.9583256,0.05764922,0.9975306,0.04011722,0.9568449,-0.06667306,0.2828473,moving,86.19264,-63.58224,8.486077,-3.983987,0.7553763554337403,-2.3880297840763767,97.92988151695569,7.893719775299593,77.31169979727188
2948,05/05/2023 11:22:32.106568,3130,True,True,True,True,Eyes,2.178764,0.02382913,-3.26604,0.9887462,-0.1325828,0.06930292,0.0,0.0,0.0,0.0,0.0,0.0,0.0,-3.70474,-0.04282902,-1.182854,2.218285,0.0367975,-3.194359,0.0305108,0.5942832,-0.01118003,0.8035992,3.573282,73.00061,1.050361,0.542114,0.005979142,-0.8402834,0.1825091,-0.01478986,0.2092338,4.275654,-0.2329953,-2.890947,0.3087008,-0.1467999,2.069001,0.2934051,0.01829559,-0.9558132,0.05423263,0.9978882,0.03574871,0.9544487,-0.06232511,0.2917932,moving,85.9906,-62.40329,8.486089,-4.058453,0.6812713422740702,-2.3228840298676108,97.0106655471742,7.995459856720992,77.10248373465133
2949,05/05/2023 11:22:32.128472,3131,True,True,True,True,Eyes,2.180967,0.0242895,-3.262158,0.9884555,-0.1327505,0.07302739,0.0,0.0,0.0,0.0,0.0,0.0,0.0,-3.709724,-0.04425594,-1.155933,2.223213,0.03654714,-3.186876,0.03053996,0.590611,-0.01150197,0.8062963,3.602547,72.4771,1.006233,0.543402,0.005988225,-0.839451,0.1715585,-0.01390246,0.1966797,4.277399,-0.2371843,-2.864716,0.3087002,-0.1494549,2.069,0.3020926,0.01752647,-0.9531175,0.05462246,0.99787,0.03566211,0.9517123,-0.06283489,0.3004919,moving,85.77465,-61.18436,8.486077,-4.131602,0.6042228172195125,-2.255348311136029,96.06529400247986,8.10209560938341,76.87954246132188
2950,05/05/2023 11:22:32.147185,3132,True,True,True,True,Eyes,2.183266,0.02474048,-3.258093,0.9881509,-0.1327867,0.07697757,0.0,0.0,0.0,0.0,0.0,0.0,0.0,-3.715246,-0.04744171,-1.127198,2.228316,0.03699112,-3.179483,0.03105131,0.5867161,-0.01214453,0.8091061,3.698053,71.92594,0.9637148,0.5446452,0.006008436,-0.8386448,0.161265,-0.01306832,0.184879,4.278667,-0.2431943,-2.837724,0.3087001,-0.152258,2.069001,0.3112334,0.01678419,-0.9501852,0.05608904,0.9977766,0.03599682,0.9486768,-0.06449839,0.3096,moving,85.54562,-59.89876,8.48607,-4.208817,0.5228827178373878,-2.1840862046587874,95.07651654086696,8.21656171913772,76.64352050578553
2951,05/05/2023 11:22:32.156648,3133,True,True,True,True,Eyes,2.18567,0.02514788,-3.253901,0.9877912,-0.1329823,0.08114328,0.0,0.0,0.0,0.0,0.0,0.0,0.0,-3.720762,-0.05413416,-1.097389,2.233392,0.03726242,-3.172039,0.03120699,0.5827069,-0.01317451,0.8119763,3.786134,71.35792,0.8598719,0.5458522,0.00603845,-0.8378595,0.1515891,-0.01228422,0.1737862,4.279563,-0.2494096,-2.809965,0.3087005,-0.1550293,2.069001,0.3205582,0.01497428,-0.9471105,0.05776383,0.9977052,0.03532492,0.9454659,-0.06603242,0.3189576,moving,85.30392,-58.60925,8.486084,-4.285141,0.4405649748661053,-2.1123007170827,94.0855395178599,8.333763332304295,76.39466812892806
2952,05/05/2023 11:22:32.176448,3134,True,True,True,True,Eyes,2.188157,0.02551298,-3.249611,0.9873854,-0.1332876,0.08546658,0.0,0.0,0.0,0.0,0.0,0.0,0.0,-3.726072,-0.05826035,-1.06824,2.238414,0.03665064,-3.164854,0.03267418,0.5787446,-0.01443731,0.8147263,4.011233,70.80527,0.8210878,0.5470299,0.006076192,-0.8370908,0.1424938,-0.01154716,0.163359,4.279717,-0.2608096,-2.783437,0.3087003,-0.1575444,2.069001,0.3296927,0.01429509,-0.9439802,0.06134492,0.9974479,0.03652999,0.9420932,-0.06995206,0.3279744,moving,85.05289,-57.33122,8.486077,-4.354392,0.3582798040486947,-2.0408602535867457,93.10757841292273,8.450651832857384,76.13718536629115
2953,05/05/2023 11:22:32.196618,3135,True,True,True,True,Eyes,2.19073,0.02585357,-3.245204,0.9869049,-0.1338684,0.08998835,0.0,0.0,0.0,0.0,0.0,0.0,0.0,-3.731065,-0.05840227,-1.038485,2.242827,0.03609325,-3.15771,0.03621192,0.5747256,-0.01589858,0.8173901,4.443338,70.25871,0.8984507,0.548184,0.006119836,-0.8363352,0.1339441,-0.01085433,0.1535575,4.278148,-0.2791565,-2.75791,0.3086998,-0.160285,2.069001,0.3388753,0.01563316,-0.9407015,0.06761453,0.9968719,0.04092388,0.9383986,-0.07747316,0.3367583,moving,84.79005,-56.09041,8.486062,-4.429842,0.2772248500829741,-1.9710106549690725,92.14723474302832,8.569180762311209,75.86655876819754
2954,05/05/2023 11:22:32.206752,3136,True,True,True,True,Eyes,2.193393,0.02616873,-3.240709,0.9863679,-0.1345707,0.09470558,0.0,0.0,0.0,0.0,0.0,0.0,0.0,-3.736339,-0.05832034,-1.007542,2.247581,0.0359202,-3.150533,0.03973656,0.57052,-0.01730075,0.8201394,4.871418,69.68936,0.9754755,0.5493198,0.00616818,-0.8355892,0.1259075,-0.01020307,0.1443441,4.276479,-0.2968351,-2.731669,0.3087003,-0.1629044,2.069001,0.3484152,0.01696295,-0.9371868,0.07371906,0.9962434,0.04543818,0.9344369,-0.08491988,0.3458559,moving,84.51559,-54.86362,8.486077,-4.501938,0.1961959097940857,-1.90157663829756,91.19641364048421,8.68815329636791,75.58449908939701
2955,05/05/2023 11:22:32.228960,3137,True,True,True,True,Eyes,2.196135,0.02645784,-3.236099,0.9857538,-0.1354979,0.09964838,0.0,0.0,0.0,0.0,0.0,0.0,0.0,-3.741693,-0.06119636,-0.9744623,2.252252,0.03568675,-3.143196,0.04237999,0.5660879,-0.01883672,0.8230392,5.22616,69.08511,0.9766965,0.550442,0.00622012,-0.8348499,0.118353,-0.00959089,0.1356834,4.274453,-0.3123444,-2.703837,0.3087001,-0.1655237,2.069001,0.3583793,0.01697488,-0.9334217,0.07898832,0.9956982,0.04843431,0.9302285,-0.09108727,0.3554969,moving,84.22767,-53.66836,8.486072,-4.57402,0.1159983698949504,-1.8334017874445443,90.2609765492774,8.807333351268737,75.28852051041649
2956,05/05/2023 11:22:32.246432,3138,True,True,True,True,Eyes,2.198953,0.02670323,-3.231392,0.9850878,-0.1363878,0.1048833,0.0,0.0,0.0,0.0,0.0,0.0,0.0,-3.747192,-0.06544317,-0.9399595,2.257031,0.03539992,-3.135891,0.04494309,0.5614784,-0.02057021,0.8260139,5.586401,68.45769,0.9491632,0.5515546,0.006274645,-0.8341149,0.1112518,-0.009015437,0.1275424,4.27196,-0.3282861,-2.675304,0.3087009,-0.1681868,2.069001,0.3686378,0.01648659,-0.9294269,0.0844517,0.995114,0.05114778,0.925729,-0.09734669,0.3654443,moving,83.92255,-52.43943,8.486095,-4.647294,0.0329873358940853,-1.7630736936144291,89.30143899405833,8.931615528936131,74.97546116981152
2957,05/05/2023 11:22:32.256574,3139,True,True,True,True,Eyes,2.201841,0.02691209,-3.226575,0.9843346,-0.1375093,0.1103482,0.0,0.0,0.0,0.0,0.0,0.0,0.0,-3.752611,-0.06865537,-0.9040173,2.261668,0.03462995,-3.128532,0.04716203,0.5567024,-0.02213437,0.8290767,5.903103,67.80752,0.9106131,0.5526613,0.006330402,-0.8333817,0.1045767,-0.008474511,0.1198899,4.269042,-0.3433179,-2.645936,0.3087004,-0.1709665,2.069001,0.379185,0.01580825,-0.9251858,0.08921261,0.9945716,0.05355736,0.9210101,-0.1028464,0.3757164,moving,83.6036,-51.25372,8.486077,-4.723755,-0.0486022518947129,-1.6945899423393795,88.3610768639493,9.056301169863675,74.64772039662166
2958,05/05/2023 11:22:32.276541,3140,True,True,True,True,Eyes,2.204792,0.0270789,-3.221683,0.9835266,-0.1385685,0.1160786,0.0,0.0,0.0,0.0,0.0,0.0,0.0,-3.757929,-0.07422484,-0.8668094,2.266334,0.0340085,-3.121134,0.04968447,0.5517695,-0.0241476,0.8321651,6.277224,67.13924,0.8438518,0.5537651,0.006386342,-0.8326482,0.09830213,-0.007966041,0.1126965,4.265275,-0.3601392,-2.616113,0.3087005,-0.1735029,2.069,0.3899347,0.01463916,-0.9207262,0.09501833,0.9938967,0.05604354,0.9159271,-0.1093392,0.3861638,moving,83.26893,-50.04714,8.486086,-4.793512,-0.1322442874997067,-1.6246419683109687,87.4091791741046,9.182448160603556,74.3053783475088
2959,05/05/2023 11:22:32.296327,3141,True,True,True,True,Eyes,2.280177,0.03010073,-3.096697,0.9498254,-0.1675247,0.2641347,0.0,0.0,0.0,0.0,0.0,0.0,0.0,-3.763076,-0.0763721,-0.8273532,2.270554,0.03316952,-3.11361,0.05200129,0.5465916,-0.0256859,0.8353884,6.60143,66.43951,0.8035716,0.5548683,0.006441377,-0.8319129,0.09240401,-0.007488078,0.1059347,4.260762,-0.3754245,-2.585181,0.3087002,-0.176224,2.069001,0.4011557,0.01393152,-0.9159039,0.09976234,0.9932722,0.05880314,0.9105611,-0.1149619,0.397067,moving,74.45941,-32.38449,8.486075,-4.868331,-1.5951427508802398,-0.5005532588300725,71.48160558588137,10.986738994666355,65.54026991185906
2960,05/05/2023 11:22:32.306869,3142,True,True,True,True,Eyes,2.280374,0.03006666,-3.096418,0.9497121,-0.1673281,0.2646665,0.0,0.0,0.0,0.0,0.0,0.0,0.0,-3.768449,-0.07459669,-0.7866477,2.275247,0.03223072,-3.106091,0.05431778,0.5411814,-0.02672543,0.8387241,6.894518,65.71229,0.8057605,0.5592793,0.006585258,-0.8289527,0.3130143,0.002026671,0.4745357,4.256386,-0.3894078,-2.553486,0.3087008,-0.1788927,2.069001,0.4128169,0.01396102,-0.9107071,0.1036221,0.9926707,0.06218866,0.9049004,-0.1200419,0.4083446,moving,74.42787,-32.30199,8.48609,-4.941693,-1.601389764926885,-0.4955488526833767,71.39260607021296,11.023858026413768,65.49876339541437
2961,05/05/2023 11:22:32.329336,3143,True,True,True,True,Eyes,2.280753,0.03000459,-3.095837,0.949442,-0.167247,0.2656845,0.0,0.0,0.0,0.0,0.0,0.0,0.0,-3.773728,-0.07325657,-0.7437638,2.279947,0.03134762,-3.098457,0.0563504,0.5355064,-0.02774897,0.842192,7.159692,64.94953,0.7860692,0.5629461,0.006711238,-0.8264659,0.2942335,0.001905071,0.4460635,4.25144,-0.4024822,-2.52049,0.3087003,-0.1815944,2.069001,0.4249257,0.01361209,-0.9051259,0.1070919,0.9921092,0.06519622,0.8988712,-0.1246352,0.420115,moving,74.36666,-32.1902,8.486079,-5.015948,-1.610981282954817,-0.4882946443340232,71.26493474814288,11.065725067373444,65.42786429750343
2962,05/05/2023 11:22:32.346952,3144,True,True,True,True,Eyes,2.281342,0.02992414,-3.095013,0.949093,-0.1668862,0.2671547,0.0,0.0,0.0,0.0,0.0,0.0,0.0,-3.778574,-0.07369991,-0.7006125,2.284833,0.0306272,-3.090713,0.05726423,0.5297908,-0.02858036,0.8457101,7.304419,64.17524,0.7125289,0.5660139,0.006820958,-0.824367,0.2765795,0.001790767,0.4192997,4.246912,-0.4113327,-2.48663,0.3087007,-0.1842217,2.069001,0.4370098,0.01233473,-0.8993722,0.1090175,0.9918079,0.06657466,0.8928257,-0.1271411,0.432085,moving,74.27893,-31.9922,8.486087,-5.088138,-1.6267080679918813,-0.4759758725645726,71.08112789005598,11.114884775693834,65.33146107800779
2963,05/05/2023 11:22:32.356352,3145,True,True,True,True,Eyes,2.28211,0.02981094,-3.093898,0.9486135,-0.1665388,0.2690675,0.0,0.0,0.0,0.0,0.0,0.0,0.0,-3.782695,-0.07560186,-0.6581492,2.289852,0.03000997,-3.082748,0.05720235,0.5241364,-0.02921505,0.8492088,7.341258,63.40457,0.5975952,0.5687733,0.006917469,-0.8224649,0.2599847,0.001683321,0.3941417,4.242829,-0.4166864,-2.452357,0.3087003,-0.1870586,2.069001,0.4488549,0.01034433,-0.8935449,0.109583,0.9917487,0.06652813,0.8868602,-0.1277788,0.4440177,moving,74.16439,-31.75536,8.486074,-5.166071,-1.6461053919549211,-0.4609947506199803,70.85641454463651,11.17133840429319,65.20792556906966
2964,05/05/2023 11:22:32.376720,3146,True,True,True,True,Eyes,2.283052,0.02965959,-3.092531,0.9480656,-0.1660337,0.2713012,0.0,0.0,0.0,0.0,0.0,0.0,0.0,-3.78624,-0.07552513,-0.6170957,2.295036,0.02910055,-3.074749,0.05679946,0.5185918,-0.02946357,0.8526243,7.320319,62.65049,0.5007705,0.5712784,0.007001411,-0.8207261,0.2443856,0.001582321,0.3704932,4.239209,-0.4199384,-2.41856,0.3087005,-0.1896433,2.069002,0.4603889,0.008668739,-0.887675,0.1091542,0.9918115,0.06629808,0.880981,-0.1274163,0.4556728,moving,74.03085,-31.46623,8.48608,-5.237059,-1.6694017689485294,-0.4428671155050478,70.59806148684353,11.230230887421826,65.06692752319898
2965,05/05/2023 11:22:32.396460,3147,True,True,True,True,Eyes,2.284161,0.02946295,-3.090886,0.9473764,-0.1656398,0.2739369,0.0,0.0,0.0,0.0,0.0,0.0,0.0,-3.788828,-0.07498358,-0.5770705,2.299799,0.02794963,-3.066593,0.0567348,0.5131599,-0.02980948,0.8558969,7.337417,61.91694,0.4159605,0.5735621,0.007073088,-0.8191311,0.2297225,0.001487382,0.3482636,4.234825,-0.4247426,-2.385589,0.308701,-0.1922575,2.069001,0.4715564,0.007200377,-0.8818066,0.1092557,0.9917851,0.06652422,0.8750416,-0.1277123,0.466896,moving,73.87261,-31.15985,8.486098,-5.308843,-1.6951085768590373,-0.4232294190805143,70.31124031362405,11.292749329669132,64.90141399035363
2966,05/05/2023 11:22:32.406800,3148,True,True,True,True,Eyes,2.285443,0.02923742,-3.088989,0.9466078,-0.1652183,0.2768333,0.0,0.0,0.0,0.0,0.0,0.0,0.0,-3.791309,-0.07560454,-0.536088,2.304997,0.02667737,-3.058334,0.05736995,0.5075362,-0.03063134,0.8591725,7.450778,61.16404,0.3235583,0.5756536,0.007132578,-0.8176622,0.2159391,0.001398139,0.3273678,4.229601,-0.4333225,-2.352348,0.3087006,-0.1950822,2.069001,0.4829373,0.005599445,-0.875637,0.1108699,0.9915408,0.06748834,0.8686078,-0.1296744,0.4782312,moving,73.69856,-30.82939,8.486084,-5.386386,-1.7230415410593976,-0.4019619071078582,70.00009627560944,11.36092988495726,64.71968289169257
2967,05/05/2023 11:22:32.429803,3149,True,True,True,True,Eyes,2.286888,0.02897643,-3.08683,0.9456932,-0.164917,0.2801193,0.0,0.0,0.0,0.0,0.0,0.0,0.0,-3.793513,-0.07881202,-0.4936663,2.31026,0.02571891,-3.050032,0.05811942,0.5017307,-0.03184365,0.8624817,7.597187,60.38864,0.1960379,0.5775784,0.007180368,-0.8163033,0.2029828,0.001314251,0.3077258,4.223533,-0.4426005,-2.318489,0.3087006,-0.1975638,2.069001,0.4945047,0.003391468,-0.8691684,0.1132497,0.9912162,0.0683,0.8617654,-0.1322077,0.489777,moving,73.50043,-30.48695,8.486087,-5.454495,-1.7530709492286665,-0.3794682892829648,69.66698356501934,11.427871701403719,64.51541851419618
2968,05/05/2023 11:22:32.446683,3150,True,True,True,True,Eyes,2.288458,0.02865103,-3.084363,0.9442403,-0.167204,0.2836426,0.0,0.0,0.0,0.0,0.0,0.0,0.0,-3.795401,-0.07979102,-0.4512564,2.315738,0.02462112,-3.041679,0.0588653,0.4958611,-0.03276825,0.8657846,7.72545,59.60854,0.09468252,0.57936,0.007216733,-0.8150396,0.1908038,0.001235396,0.2892622,4.217406,-0.4515242,-2.284618,0.3087005,-0.2003413,2.069001,0.5060961,0.001637521,-0.8624756,0.1151185,0.9909223,0.06943235,0.8547601,-0.1344264,0.5013133,moving,73.28014,-30.51886,8.486082,-5.530705,-1.7648341565869643,-0.3754497609368559,69.44550267952123,11.474229326157975,64.28431532336236
2969,05/05/2023 11:22:32.456386,3151,True,True,True,True,Eyes,2.290186,0.02829315,-3.081648,0.9426439,-0.1695848,0.2875127,0.0,0.0,0.0,0.0,0.0,0.0,0.0,-3.796679,-0.07868502,-0.4103045,2.321276,0.02304512,-3.033226,0.05951427,0.4901046,-0.03341829,0.8689872,7.827506,58.8466,0.01482302,0.5810192,0.007241179,-0.8138573,0.1793556,0.001161272,0.2719065,4.211475,-0.4597706,-2.251363,0.3087005,-0.2030066,2.069001,0.5173614,0.000256302,-0.855767,0.1164166,0.9906825,0.07067735,0.8478116,-0.1361912,0.512511,moving,73.03795,-30.53357,8.486082,-5.603819,-1.7788344031656935,-0.3699954241661505,69.1985270595511,11.522214109576957,64.031924544707
2970,05/05/2023 11:22:32.476319,3152,True,True,True,True,Eyes,2.292109,0.02792626,-3.078753,0.94091,-0.1719332,0.2917662,0.0,0.0,0.0,0.0,0.0,0.0,0.0,-3.797515,-0.08188076,-0.3682922,2.32692,0.02193318,-3.024637,0.06105736,0.4841917,-0.03501894,0.8721262,8.071642,58.06881,359.8869,0.5825738,0.007254064,-0.8127452,0.1685942,0.001091596,0.2555921,4.203932,-0.472781,-2.218143,0.3087003,-0.2056373,2.069001,0.5286641,-0.001954943,-0.8488289,0.1202088,0.9900913,0.07258768,0.8402763,-0.1404112,0.5236607,moving,72.7719,-30.51017,8.486074,-5.675966,-1.796287013242602,-0.3619914222556772,68.91592786008103,11.574336863058912,63.756240732420785
2971,05/05/2023 11:22:32.496356,3153,True,True,True,True,Eyes,2.294199,0.02751942,-3.075608,0.9390649,-0.1741394,0.2963655,0.0,0.0,0.0,0.0,0.0,0.0,0.0,-3.797491,-0.09217952,-0.3258102,2.33248,0.02136939,-3.015736,0.06110309,0.4782741,-0.03692402,0.8753039,8.180216,57.27957,359.6416,0.5840405,0.007256315,-0.8116919,0.1584786,0.0010261,0.2402565,4.196453,-0.4810773,-2.183517,0.3087006,-0.2082662,2.069001,0.5397811,-0.006191433,-0.8417827,0.1230875,0.9898061,0.07164796,0.8327581,-0.1422872,0.5350406,moving,72.48449,-30.43778,8.486086,-5.748047,-1.817609676469539,-0.3509483323555704,68.59576247960587,11.63163009305172,63.459779055058746
2972,05/05/2023 11:22:32.506918,3154,True,True,True,True,Eyes,2.296431,0.02707465,-3.072197,0.9371058,-0.1763564,0.3012158,0.0,0.0,0.0,0.0,0.0,0.0,0.0,-3.797071,-0.1035716,-0.285344,2.338674,0.01997413,-3.006677,0.05917745,0.4725313,-0.03821565,0.8784942,8.053068,56.50484,359.3508,0.5854339,0.007247969,-0.8106874,0.1489699,0.000964534,0.2258411,4.191041,-0.4822339,-2.148131,0.3087004,-0.2109922,2.069001,0.5505074,-0.01121805,-0.8347549,0.1230708,0.9900752,0.0678579,0.825709,-0.1400903,0.5464244,moving,72.18093,-30.3482,8.486081,-5.82277,-1.8408181634845944,-0.3386172032151653,68.25342852793332,11.692766064163848,63.14708354837394
2973,05/05/2023 11:22:32.530196,3155,True,True,True,True,Eyes,2.298835,0.02660435,-3.068542,0.9350469,-0.1783816,0.3063778,0.0,0.0,0.0,0.0,0.0,0.0,0.0,-3.796067,-0.116742,-0.2454232,2.344782,0.01859961,-2.997605,0.05832932,0.4668177,-0.04023,0.8815104,8.070759,55.74109,359.047,0.5867671,0.00722912,-0.8097233,0.1400317,0.000906662,0.2122907,4.18425,-0.4884624,-2.113889,0.3087012,-0.2136443,2.069002,0.5609256,-0.01646802,-0.8277025,0.1253846,0.9899585,0.06527565,0.8183161,-0.1403959,0.5573579,moving,71.85808,-30.20915,8.486098,-5.895444,-1.8677956090527816,-0.3232755829904761,67.8760959547819,11.75806845256067,62.81600961865935
2974,05/05/2023 11:22:32.546757,3156,True,True,True,True,Eyes,2.301399,0.02610735,-3.064653,0.9328774,-0.1803247,0.3118058,0.0,0.0,0.0,0.0,0.0,0.0,0.0,-3.794589,-0.1289144,-0.2065721,2.351361,0.01754738,-2.988141,0.05634017,0.4611441,-0.04152733,0.8845605,7.930557,54.98213,358.7559,0.5880527,0.007200155,-0.8087903,0.1316298,0.0008522623,0.1995532,4.178817,-0.4887947,-2.078804,0.3087006,-0.2163574,2.069001,0.5712432,-0.02150501,-0.8204991,0.1254288,0.9902025,0.06137241,0.8111405,-0.1379728,0.5683438,moving,71.51826,-30.04181,8.486086,-5.969779,-1.897290583271616,-0.3060602826763361,67.47234719224785,11.827604109835422,62.46821571562659
2975,05/05/2023 11:22:32.556214,3157,True,True,True,True,Eyes,2.304125,0.02557638,-3.060532,0.930612,-0.1820932,0.3174952,0.0,0.0,0.0,0.0,0.0,0.0,0.0,-3.7928,-0.1358632,-0.1689651,2.357865,0.01628963,-2.978682,0.05349569,0.4555664,-0.04169353,0.8876143,7.640409,54.24058,358.5388,0.5893009,0.007161397,-0.8078815,0.123732,0.0008011265,0.18758,4.174485,-0.4838276,-2.043853,0.3087006,-0.2192474,2.069001,0.5814418,-0.02527386,-0.8131952,0.1227572,0.9907997,0.05697873,0.8042736,-0.1329554,0.5791949,moving,71.16199,-29.83558,8.486088,-6.048932,-1.9298268622662451,-0.2864454137667946,67.03784986550141,11.903677334105478,62.10381444264165
2976,05/05/2023 11:22:32.576588,3158,True,True,True,True,Eyes,2.306978,0.02501604,-3.056169,0.928229,-0.1837881,0.3234389,0.0,0.0,0.0,0.0,0.0,0.0,0.0,-3.790815,-0.1380323,-0.132182,2.364561,0.01491059,-2.969079,0.05186448,0.4499772,-0.04171656,0.8905563,7.464938,53.50864,358.4034,0.5905212,0.007112952,-0.8069906,0.1163081,0.0007530589,0.1763252,4.169619,-0.4821986,-2.009976,0.3087011,-0.2217422,2.069,0.5915604,-0.02762621,-0.8057873,0.1209775,0.9911396,0.05483348,0.7971329,-0.1299195,0.5896612,moving,70.78925,-29.6066,8.4861,-6.117243,-1.964559852445669,-0.2652514814544426,66.58402505253004,11.977566367365656,61.725007467829485
2977,05/05/2023 11:22:32.596277,3159,True,True,True,True,Eyes,2.309969,0.02441606,-3.051589,0.9257449,-0.1853714,0.3295963,0.0,0.0,0.0,0.0,0.0,0.0,0.0,-3.788287,-0.1376773,-0.09581411,2.370846,0.01361969,-2.959418,0.05054765,0.4444247,-0.04149686,0.8934256,7.308147,52.78727,358.3119,0.5917216,0.007055021,-0.8061112,0.1093296,0.0007078754,0.1657457,4.164187,-0.4809637,-1.976727,0.3087003,-0.2242935,2.069001,0.6015292,-0.02921948,-0.7983162,0.119078,0.9914459,0.05343667,0.7899259,-0.1272056,0.5998631,moving,70.40256,-29.35425,8.486079,-6.187084,-2.001368350471564,-0.2425114857909873,66.10876038691782,12.055060941596366,61.33255518553098
2978,05/05/2023 11:22:32.612270,3160,True,True,True,True,Eyes,2.313072,0.02383497,-3.046784,0.9230366,-0.1873349,0.3360195,0.0,0.0,0.0,0.0,0.0,0.0,0.0,-3.785691,-0.1309976,-0.05972004,2.377285,0.01205778,-2.949671,0.05024013,0.4388046,-0.0408554,0.8962463,7.233318,52.06659,358.3167,0.5929093,0.006987513,-0.8052386,0.1027698,0.0006654029,0.155801,4.158327,-0.4825595,-1.944266,0.3087006,-0.2270169,2.069001,0.6115627,-0.02914181,-0.7906591,0.1173242,0.9916136,0.05419999,0.7824488,-0.1259101,0.6098529,moving,69.99662,-29.14019,8.486088,-6.261616,-2.0373443226718564,-0.2212262420074386,65.62754524737687,12.133793152939283,60.92010432332306
2979,05/05/2023 11:22:32.630466,3161,True,True,True,True,Eyes,2.316303,0.02342678,-3.04177,0.9201636,-0.1893548,0.3427004,0.0,0.0,0.0,0.0,0.0,0.0,0.0,-3.782786,-0.1197516,-0.01834047,2.383472,0.01198895,-2.939909,0.05249351,0.4325046,-0.04058575,0.899187,7.441277,51.271,358.4061,0.5940903,0.006911888,-0.8043684,0.09660362,0.0006254787,0.1464529,4.148932,-0.4921532,-1.91141,0.3087004,-0.2296942,2.069001,0.6225852,-0.02758097,-0.7820659,0.1183957,0.9911945,0.05929591,0.7735439,-0.12951,0.6203685,moving,69.57295,-28.9223,8.486081,-6.334865,-2.0746023544959646,-0.1992920973646343,65.12908554633933,12.213651696257,60.49054003713387
2980,05/05/2023 11:22:32.646807,3162,True,True,True,True,Eyes,2.400229,0.01669228,-2.910147,0.8283038,-0.2305612,0.5106412,0.0,0.0,0.0,0.0,0.0,0.0,0.0,-3.779103,-0.1182416,0.02789986,2.389919,0.01575603,-2.929917,0.05418089,0.425651,-0.04096816,0.9023344,7.623033,50.40144,358.3922,0.5952697,0.006833484,-0.8034964,0.09080741,0.00058795,0.1376657,4.137952,-0.4975983,-1.875905,0.3087005,-0.2324515,2.069001,0.6342857,-0.02780966,-0.7725984,0.1200582,0.9907721,0.06290229,0.7637196,-0.1326548,0.6317714,moving,58.34657,-24.2998,8.486083,-6.410279,-3.001538256202481,0.3233609382315503,52.97266394553525,13.315680566298596,49.540635869625255
2981,05/05/2023 11:22:32.656532,3163,True,True,True,True,Eyes,2.400466,0.01667694,-2.909751,0.8281037,-0.2303423,0.5110644,0.0,0.0,0.0,0.0,0.0,0.0,0.0,-3.774616,-0.1313692,0.06508493,2.397023,0.01888758,-2.919442,0.04839472,0.4199181,-0.03990436,0.9053918,6.958217,49.6525,358.1749,0.600581,0.00654874,-0.7995366,0.3371347,-0.01965083,0.5242756,4.134557,-0.4748657,-1.838443,0.3087005,-0.2351945,2.069,0.6441528,-0.03161452,-0.7642432,0.1129018,0.9921312,0.05411924,0.7565185,-0.1211455,0.6426535,moving,58.31918,-24.26161,8.486086,-6.485285,-3.005210106099339,0.3260050779917707,52.908742076508126,13.358276787243293,49.4977977015178
2982,05/05/2023 11:22:32.676565,3164,True,True,True,True,Eyes,2.400928,0.01671901,-2.90899,0.8274978,-0.2307627,0.5118554,0.0,0.0,0.0,0.0,0.0,0.0,0.0,-3.770361,-0.1245755,0.09836662,2.403059,0.01845958,-2.909602,0.04623623,0.4145724,-0.03813682,0.9080405,6.637639,48.97535,358.216,0.6049376,0.00630805,-0.7962475,0.3169066,-0.01847178,0.4928191,4.129615,-0.4662718,-1.8066,0.3086992,-0.2377384,2.069,0.6533507,-0.03092305,-0.7564236,0.1075961,0.9928156,0.05234779,0.7493704,-0.1155897,0.651984,moving,58.26081,-24.26756,8.486053,-6.554826,-3.0084582725454583,0.3271972966336585,52.832446282221355,13.39723979221403,49.42800569644067
2983,05/05/2023 11:22:32.696579,3165,True,True,True,True,Eyes,2.401614,0.01683639,-2.907849,0.8267004,-0.2309852,0.5130422,0.0,0.0,0.0,0.0,0.0,0.0,0.0,-3.765975,-0.1082963,0.1360317,2.408914,0.019789,-2.899921,0.05031424,0.408603,-0.03778872,0.9105405,7.036838,48.23776,358.4007,0.6085321,0.006105462,-0.7935054,0.2978922,-0.01736347,0.4632499,4.118896,-0.480745,-1.777744,0.3086999,-0.2404193,2.069,0.6632313,-0.02769923,-0.7479018,0.1099334,0.992081,0.06074514,0.7402965,-0.1225075,0.6610242,moving,58.17667,-24.23854,8.486073,-6.628087,-3.015110741963686,0.3308283694580174,52.71891012797607,13.442608771577369,49.33179032766892
2984,05/05/2023 11:22:32.706552,3166,True,True,True,True,Eyes,2.402485,0.0170436,-2.906355,0.8256122,-0.2314764,0.5145707,0.0,0.0,0.0,0.0,0.0,0.0,0.0,-3.760889,-0.1007116,0.1707675,2.415087,0.02168265,-2.889719,0.04877869,0.4029981,-0.03585757,0.9131963,6.77612,47.53479,358.4896,0.6115201,0.005936666,-0.7912062,0.2800187,-0.01632166,0.4354549,4.11285,-0.4719112,-1.745536,0.3086997,-0.2431749,2.069,0.6726136,-0.02617455,-0.7395308,0.1048054,0.9926698,0.06018798,0.7325345,-0.1179901,0.6704264,moving,58.06638,-24.2203,8.486066,-6.703369,-3.02279317112088,0.3345807951180699,52.58374661430428,13.490240054917319,49.210578258675
2985,05/05/2023 11:22:32.730813,3167,True,True,True,True,Eyes,2.403538,0.01733592,-2.904506,0.8243178,-0.2319744,0.5164185,0.0,0.0,0.0,0.0,0.0,0.0,0.0,-3.754801,-0.109807,0.2066268,2.420567,0.02406185,-2.879853,0.04870797,0.3974057,-0.03705762,0.9155998,6.814072,46.82526,358.3179,0.6141105,0.005795252,-0.7891983,0.2632176,-0.01534236,0.4093276,4.102922,-0.4743473,-1.714637,0.3086997,-0.2457706,2.069,0.681391,-0.02914626,-0.7313391,0.1065735,0.9925085,0.05974021,0.7241191,-0.1186478,0.6793926,moving,57.93369,-24.18955,8.486068,-6.77426,-3.0324973559141557,0.3395432612528695,52.42479992559803,13.53822531568587,49.06851512253533
2986,05/05/2023 11:22:32.746541,3168,True,True,True,True,Eyes,2.404733,0.01765273,-2.902312,0.8228272,-0.2325347,0.5185392,0.0,0.0,0.0,0.0,0.0,0.0,0.0,-3.748084,-0.128784,0.2369965,2.42611,0.02636835,-2.869526,0.04773462,0.3924779,-0.03923976,0.9176834,6.800465,46.19269,358.006,0.6164777,0.005675775,-0.7873514,0.2474245,-0.01442182,0.384768,4.094186,-0.4758597,-1.685009,0.3086998,-0.2484655,2.069,0.6888427,-0.03454978,-0.7240872,0.1094889,0.9923633,0.05680906,0.7165948,-0.118412,0.6873649,moving,57.7812,-24.15346,8.486068,-6.847838,-3.0436889804696774,0.3452844534442216,52.24456518820218,13.589566095314915,48.906855637241925
2987,05/05/2023 11:22:32.756475,3169,True,True,True,True,Eyes,2.406047,0.01795917,-2.899808,0.8211376,-0.2332528,0.5208896,0.0,0.0,0.0,0.0,0.0,0.0,0.0,-3.741458,-0.1391363,0.2623067,2.431057,0.02723202,-2.859351,0.045241,0.3881497,-0.03955244,0.9196352,6.541045,45.64217,357.8295,0.6186516,0.005576743,-0.7856452,0.2325791,-0.01355651,0.3616819,4.088369,-0.4693488,-1.656925,0.3086995,-0.2510887,2.069,0.6955509,-0.03762707,-0.717491,0.1078682,0.9927777,0.05250588,0.7103334,-0.113915,0.6945862,moving,57.61095,-24.12269,8.486062,-6.919438,-3.0556849904713106,0.3512098681414795,52.0500384283052,13.640903343054806,48.728826063718365
2988,05/05/2023 11:22:32.776502,3170,True,True,True,True,Eyes,2.40747,0.01826754,-2.896997,0.8191199,-0.2343095,0.5235853,0.0,0.0,0.0,0.0,0.0,0.0,0.0,-3.734653,-0.134772,0.2919874,2.43536,0.02732702,-2.849443,0.04751962,0.3832295,-0.04024233,0.9215518,6.801368,45.03072,357.8213,0.6206585,0.005495847,-0.7840614,0.2186243,-0.01274312,0.339981,4.07781,-0.4811319,-1.631137,0.3086996,-0.2537468,2.069,0.7030315,-0.03774894,-0.7101562,0.1105926,0.9922449,0.0567395,0.702507,-0.1184277,0.7017542,moving,57.4131,-24.10898,8.486065,-6.991969,-3.068470293319602,0.3569743168235568,51.83480316800042,13.693584399946346,48.52473844677744
2989,05/05/2023 11:22:32.796600,3171,True,True,True,True,Eyes,2.408983,0.01855517,-2.893891,0.8169023,-0.235379,0.5265619,0.0,0.0,0.0,0.0,0.0,0.0,0.0,-3.72731,-0.124388,0.3247352,2.43956,0.0277807,-2.839285,0.05053134,0.3778481,-0.04039475,0.9236048,7.115396,44.36825,357.896,0.6225213,0.005431358,-0.7825837,0.2055069,-0.01197853,0.3195821,4.065827,-0.4939866,-1.604456,0.3086991,-0.256384,2.068999,0.7111983,-0.03643124,-0.7020469,0.1128039,0.9916297,0.06281581,0.693882,-0.1238681,0.7093549,moving,57.19483,-24.08517,8.486053,-7.063907,-3.0830302964328133,0.3637755040904586,51.59717386592892,13.74824191310919,48.301042422953834
2990,05/05/2023 11:22:32.806488,3172,True,True,True,True,Eyes,2.410569,0.01882514,-2.890512,0.8143169,-0.2366753,0.5299743,0.0,0.0,0.0,0.0,0.0,0.0,0.0,-3.719101,-0.1085305,0.3624705,2.443378,0.02759888,-2.829137,0.05205405,0.3718104,-0.03912071,0.9260222,7.20948,43.62944,358.0508,0.6242602,0.005381121,-0.7811975,0.1931764,-0.01125982,0.3004072,4.053288,-0.4993584,-1.57467,0.3086999,-0.2590832,2.069,0.7204533,-0.03374483,-0.6926821,0.1111618,0.9915199,0.06731542,0.6845365,-0.1254974,0.7180949,moving,56.94309,-24.06453,8.486071,-7.137509,-3.099465505152719,0.3712726224082789,51.328420298123355,13.806029753888067,48.045178923126024
2991,05/05/2023 11:22:32.831061,3173,True,True,True,True,Eyes,2.412231,0.01910904,-2.886855,0.8114804,-0.2379946,0.5337211,0.0,0.0,0.0,0.0,0.0,0.0,0.0,-3.709655,-0.08653294,0.4076055,2.446803,0.02754932,-2.819143,0.05517236,0.3647952,-0.03781467,0.9286821,7.473314,42.77757,358.2672,0.6258923,0.00534328,-0.7798908,0.1815859,-0.01058423,0.2823828,4.036776,-0.5101733,-1.543454,0.3086993,-0.2617056,2.068999,0.730989,-0.02998239,-0.6817302,0.1104888,0.9910521,0.07488596,0.673385,-0.1300644,0.7277609,moving,56.66656,-24.03285,8.486056,-7.209,-3.117991200096717,0.3799662136695878,51.03335080627683,13.865291905123778,47.76589293463452
2992,05/05/2023 11:22:32.846845,3174,True,True,True,True,Eyes,2.413974,0.01936852,-2.882949,0.8083781,-0.2390736,0.5379298,0.0,0.0,0.0,0.0,0.0,0.0,0.0,-3.698991,-0.06685218,0.4561996,2.450449,0.02820335,-2.808847,0.05708275,0.3572746,-0.03616284,0.9315518,7.596231,41.86422,358.463,0.6274339,0.005316985,-0.7786512,0.1706907,-0.009949178,0.2654398,4.019595,-0.5155571,-1.509576,0.3086993,-0.2644649,2.069,0.7420942,-0.02658668,-0.6697682,0.1081635,0.9908676,0.08051093,0.6615111,-0.1321912,0.7381928,moving,56.35849,-23.96193,8.486055,-7.284196,-3.140496877666852,0.3914636402687472,50.69434726085327,13.931706983615797,47.4546097479029
2993,05/05/2023 11:22:32.864433,3175,True,True,True,True,Eyes,2.415752,0.01956336,-2.878812,0.8050535,-0.2403244,0.5423402,0.0,0.0,0.0,0.0,0.0,0.0,0.0,-3.687953,-0.05048442,0.5014687,2.453913,0.0279058,-2.798669,0.0562445,0.3501976,-0.03365616,0.9343797,7.393324,41.00341,358.642,0.6288984,0.005300467,-0.7774689,0.1604493,-0.009352227,0.2495134,4.005039,-0.5106713,-1.47523,0.3086994,-0.2673805,2.068999,0.7524579,-0.0235019,-0.6582209,0.1022886,0.9914076,0.08153483,0.6506491,-0.1286801,0.7483964,moving,56.03304,-23.89932,8.486059,-7.363626,-3.163627074220553,0.4029834605952285,50.340287824723426,14.00126451936737,47.12621452641982
2994,05/05/2023 11:22:32.879829,3176,True,True,True,True,Eyes,2.417547,0.01972436,-2.874452,0.8016934,-0.2417448,0.5466691,0.0,0.0,0.0,0.0,0.0,0.0,0.0,-3.676827,-0.02588376,0.5430752,2.456709,0.02661665,-2.789001,0.05990914,0.3434979,-0.03243403,0.9366794,7.730481,40.20129,358.8665,0.630298,0.005291053,-0.7763348,0.1508223,-0.008791093,0.2345426,3.987755,-0.5251228,-1.447221,0.3086992,-0.269885,2.068999,0.7619144,-0.01960324,-0.6473811,0.1019179,0.9907179,0.08994927,0.6396086,-0.1345134,0.7568401,moving,55.7102,-23.85569,8.486056,-7.431832,-3.1856034443764667,0.4134709535501151,49.99862886256882,14.063300203667861,46.803365910626525
2995,05/05/2023 11:22:32.896775,3177,True,True,True,True,Eyes,2.419341,0.01987871,-2.869878,0.7981006,-0.2435155,0.5511222,0.0,0.0,0.0,0.0,0.0,0.0,0.0,-3.66549,0.001652211,0.5804905,2.459158,0.02611804,-2.779325,0.06683708,0.3372009,-0.0324097,0.9384978,8.471073,39.45897,359.0872,0.6316416,0.005287166,-0.7752421,0.141773,-0.008263627,0.22047,3.968708,-0.5529948,-1.424268,0.3086993,-0.2724708,2.068999,0.7704903,-0.01575782,-0.6372569,0.1059079,0.9889649,0.1035957,0.6285923,-0.1473101,0.7636567,moving,55.37328,-23.83843,8.486056,-7.50223,-3.2070566365631974,0.4229776406101413,49.651618350927656,14.125784908391438,46.46771869382309
2996,05/05/2023 11:22:32.906569,3178,True,True,True,True,Eyes,2.421138,0.02003586,-2.865112,0.7943755,-0.2452458,0.5557176,0.0,0.0,0.0,0.0,0.0,0.0,0.0,-3.653105,0.02561581,0.6186265,2.461095,0.02621734,-2.769631,0.07266943,0.3308221,-0.03229893,0.9403365,9.093024,38.70658,359.2652,0.6329383,0.005288101,-0.7741838,0.1332666,-0.00776781,0.2072418,3.949193,-0.5763164,-1.400593,0.3087,-0.2751244,2.069,0.7790272,-0.01266243,-0.6268623,0.108825,0.9873518,0.115297,0.6174737,-0.1580378,0.7705519,moving,55.02469,-23.81252,8.486073,-7.574447,-3.229674881260181,0.4332232148824646,49.29013985602007,14.190896049494837,46.120491617864815
2997,05/05/2023 11:22:32.932285,3179,True,True,True,True,Eyes,2.422923,0.02023478,-2.860134,0.7903816,-0.247162,0.5605426,0.0,0.0,0.0,0.0,0.0,0.0,0.0,-3.638841,0.04710892,0.6622435,2.462632,0.02654796,-2.759835,0.07806811,0.32371,-0.03240904,0.942373,9.678577,37.86386,359.3874,0.6341957,0.005293478,-0.773154,0.1252706,-0.007301741,0.1948073,3.926822,-0.5984328,-1.374624,0.3087,-0.2778556,2.069,0.7883229,-0.01053996,-0.6151713,0.1116257,0.98571,0.1261563,0.6050509,-0.1681208,0.7782344,moving,54.65554,-23.79429,8.486074,-7.648755,-3.2531446075444235,0.4436046714886181,48.911122366608815,14.258174447258407,45.75383014801543
2998,05/05/2023 11:22:32.947804,3180,True,True,True,True,Eyes,2.424724,0.02043172,-2.854971,0.7863124,-0.2485781,0.5656163,0.0,0.0,0.0,0.0,0.0,0.0,0.0,-3.623271,0.05795488,0.709339,2.464273,0.0277999,-2.749764,0.08126742,0.3162181,-0.03287141,0.9446276,10.03932,36.96166,359.377,0.63542,0.005303996,-0.7721481,0.1177544,-0.006863636,0.1831189,3.903739,-0.6123193,-1.345168,0.3086998,-0.2804485,2.069,0.7978512,-0.01070603,-0.6027594,0.1134989,0.9846302,0.1327458,0.5920739,-0.174324,0.7868034,moving,54.27149,-23.72462,8.48607,-7.719276,-3.280218784579202,0.4569843999112466,48.5023269661852,14.328181527649317,45.37211920242927
2999,05/05/2023 11:22:32.956707,3181,True,True,True,True,Eyes,2.426479,0.02058881,-2.849631,0.7820492,-0.2500165,0.5708684,0.0,0.0,0.0,0.0,0.0,0.0,0.0,-3.607736,0.05960867,0.7526618,2.465744,0.02790921,-2.739551,0.08049807,0.3093719,-0.03264026,0.9469656,9.942151,36.12346,359.3013,0.6366176,0.005319118,-0.7711608,0.1106891,-0.006451818,0.1721317,3.884486,-0.6120334,-1.313383,0.3087001,-0.2832893,2.069,0.8064473,-0.01201072,-0.5911839,0.1116261,0.9849094,0.1322618,0.5806739,-0.1726537,0.7956182,moving,53.87187,-23.65141,8.486076,-7.796507,-3.3084280858664146,0.4709429586047551,48.07544327564589,14.403508442374495,44.974202698478734
3000,05/05/2023 11:22:32.976462,3182,True,True,True,True,Eyes,2.428201,0.02072747,-2.84413,0.7777686,-0.2513269,0.576117,0.0,0.0,0.0,0.0,0.0,0.0,0.0,-3.592037,0.07248825,0.7933225,2.466524,0.02712819,-2.729995,0.08176634,0.3027498,-0.03194669,0.9490186,10.05185,35.32984,359.3525,0.6377928,0.00533735,-0.770189,0.1040478,-0.006064709,0.1618038,3.864624,-0.618848,-1.28577,0.3087002,-0.285825,2.069,0.8146439,-0.01112651,-0.5798548,0.1101455,0.9845874,0.1358519,0.5694062,-0.1745393,0.8033136,moving,53.47152,-23.56889,8.486079,-7.865426,-3.337169798351032,0.4853937986062053,47.64754645901273,14.474992347372847,44.57717415598364
3001,05/05/2023 11:22:32.996633,3183,True,True,True,True,Eyes,2.429859,0.0208504,-2.838456,0.7732935,-0.2527543,0.5814916,0.0,0.0,0.0,0.0,0.0,0.0,0.0,-3.575995,0.09216699,0.8315662,2.467148,0.02685211,-2.720331,0.08522124,0.2962439,-0.03136372,0.9507857,10.40686,34.56324,359.4671,0.6389498,0.005357921,-0.7692293,0.0978049,-0.005700827,0.1520956,3.843762,-0.6333513,-1.261463,0.3087001,-0.2883982,2.069,0.8225118,-0.009147812,-0.5686745,0.1101329,0.9835073,0.1434716,0.557983,-0.1806369,0.8099538,moving,53.05802,-23.49292,8.486076,-7.935336,-3.366370275378679,0.4998482283680632,47.209073406032786,14.547605152644445,44.16794022345601
3002,05/05/2023 11:22:33.016577,3184,True,True,True,True,Eyes,2.431437,0.02097464,-2.832621,0.7687925,-0.253998,0.5868929,0.0,0.0,0.0,0.0,0.0,0.0,0.0,-3.559026,0.1111917,0.8699121,2.467407,0.02665989,-2.710529,0.08789389,0.2897092,-0.03042987,0.9525845,10.66605,33.7938,359.5891,0.6400912,0.005380198,-0.7682796,0.09193661,-0.005358777,0.1429699,3.822916,-0.644575,-1.236463,0.3087,-0.2911578,2.069,0.8302851,-0.007046694,-0.5572942,0.1089014,0.9826974,0.1498211,0.5465959,-0.1850843,0.8166865,moving,52.64204,-23.4022,8.486073,-8.010288,-3.3964949778475813,0.515116482427707,46.761740522790994,14.624566432450814,43.75472679161725
3003,05/05/2023 11:22:33.031590,3185,True,True,True,True,Eyes,2.432947,0.02108533,-2.826632,0.7641057,-0.2552568,0.592441,0.0,0.0,0.0,0.0,0.0,0.0,0.0,-3.540894,0.1357426,0.9099916,2.467444,0.02683881,-2.701007,0.09117033,0.2828386,-0.02896816,0.9543853,10.97671,32.99422,359.7828,0.6412197,0.005404079,-0.7673377,0.08642042,-0.00503725,0.1343917,3.800909,-0.6566912,-1.212035,0.3087,-0.2938008,2.069,0.8383264,-0.00372061,-0.5451559,0.1068665,0.9816976,0.1576366,0.5345917,-0.1904099,0.8233806,moving,52.21218,-23.30909,8.486073,-8.082044,-3.4275914662828653,0.5308617862149863,46.30156977103006,14.700936946242118,43.32913996847407
3004,05/05/2023 11:22:33.046605,3186,True,True,True,True,Eyes,2.469172,0.02353586,-2.673592,0.6327393,-0.2760055,0.7235067,0.0,0.0,0.0,0.0,0.0,0.0,0.0,-3.522058,0.1582048,0.949827,2.467409,0.02663108,-2.691333,0.09281401,0.2760115,-0.02691308,0.9562839,11.09111,32.19803,359.9861,0.6423381,0.005429081,-0.7664016,0.08123519,-0.004735015,0.1263282,3.780039,-0.6624581,-1.185958,0.3086996,-0.2965416,2.069,0.8461866,-0.0002376162,-0.5328866,0.1027086,0.9813225,0.1626564,0.5228949,-0.1923697,0.8304064,moving,41.17116,-20.881,8.486064,-8.156431,-4.228224691925404,0.9371413358571256,35.074636944164894,15.631576848452884,32.89270132124279
3005,05/05/2023 11:22:33.056539,3187,True,True,True,True,Eyes,2.469157,0.02352204,-2.673205,0.6323551,-0.2760147,0.723839,0.0,0.0,0.0,0.0,0.0,0.0,0.0,-3.50251,0.1810505,0.989519,2.467123,0.02637179,-2.681811,0.0942271,0.2691789,-0.02465756,0.9581524,11.17711,31.40373,0.2030395,0.6468711,0.005543991,-0.7625786,0.185037,0.00290068,0.577869,3.759021,-0.6672499,-1.160123,0.3086995,-0.2993139,2.069,0.8538694,0.003476477,-0.5204756,0.09797928,0.9810265,0.1672932,0.5111819,-0.1938424,0.837328,moving,41.14088,-20.87288,8.48606,-8.231641,-4.230496990183662,0.9383298745782298,35.01625612037245,15.677984166505654,32.84231205835488
3006,05/05/2023 11:22:33.076513,3188,True,True,True,True,Eyes,2.469147,0.02349158,-2.672459,0.6317336,-0.2758145,0.7244578,0.0,0.0,0.0,0.0,0.0,0.0,0.0,-3.482899,0.1997078,1.027585,2.466847,0.02603927,-2.67215,0.09511382,0.262562,-0.0227221,0.959947,11.21788,30.63074,0.3693124,0.650599,0.005642748,-0.7594,0.1739348,0.002726639,0.5431969,3.738445,-0.6705664,-1.134316,0.3086998,-0.3018261,2.069,0.8610898,0.006322531,-0.5084136,0.09357058,0.9808742,0.1706765,0.4997688,-0.1945404,0.8440291,moving,41.08871,-20.84276,8.486068,-8.299773,-4.235257260779048,0.9411981343631064,34.932202739912256,15.723474930710045,32.771199177102694
3007,05/05/2023 11:22:33.096234,3189,True,True,True,True,Eyes,2.469105,0.02343887,-2.67135,0.6307938,-0.2755325,0.7253834,0.0,0.0,0.0,0.0,0.0,0.0,0.0,-3.463484,0.2106905,1.063799,2.466321,0.02552252,-2.662403,0.09441135,0.2563251,-0.02101596,0.9617392,11.09125,29.89262,0.4657093,0.6536811,0.005727438,-0.756748,0.1634987,0.00256304,0.510605,3.719021,-0.668793,-1.107598,0.3086995,-0.3044566,2.069,0.8677115,0.007976252,-0.4970041,0.08882374,0.9812896,0.1708244,0.4890675,-0.192372,0.8507679,moving,41.01024,-20.79898,8.486062,-8.371089,-4.242337412767772,0.9454348144187924,34.81773440767744,15.773704941946246,32.67356328959612
3008,05/05/2023 11:22:33.106566,3190,True,True,True,True,Eyes,2.468904,0.0233539,-2.669832,0.6282138,-0.2770501,0.7270424,0.0,0.0,0.0,0.0,0.0,0.0,0.0,-3.444385,0.2173121,1.09782,2.4656,0.02491758,-2.652625,0.09348677,0.2504117,-0.01983936,0.963411,10.95677,29.18816,0.5015171,0.6562456,0.005799621,-0.7545246,0.1536888,0.002409258,0.4799687,3.699835,-0.6672242,-1.081637,0.3086999,-0.3071539,2.069,0.8738008,0.00859345,-0.4862083,0.08504728,0.9817333,0.1701964,0.4787894,-0.1900684,0.8571084,moving,40.82924,-20.86007,8.486072,-8.444185,-4.250175158738716,0.946962762877821,34.64440382817186,15.824210817373645,32.49658527657389
3009,05/05/2023 11:22:33.131702,3191,True,True,True,True,Eyes,2.468668,0.02325585,-2.667979,0.62544,-0.2784511,0.7288963,0.0,0.0,0.0,0.0,0.0,0.0,0.0,-3.425545,0.2236705,1.129342,2.464609,0.02409746,-2.642901,0.09286969,0.2448057,-0.01888719,0.9649295,10.86367,28.52157,0.5262718,0.6585414,0.005862122,-0.7525212,0.1444675,0.002264702,0.4511706,3.680925,-0.6673676,-1.057175,0.3086999,-0.3098657,2.069,0.8794269,0.009020439,-0.4759485,0.08191968,0.9820369,0.169978,0.4689323,-0.1884728,0.8628908,moving,40.63172,-20.90773,8.486072,-8.51765,-4.259724252697762,0.9495969609537124,34.45078762156686,15.877156141292168,32.30286498097422
3010,05/05/2023 11:22:33.146673,3192,True,True,True,True,Eyes,2.46853,0.02311232,-2.665892,0.622514,-0.2797273,0.7309097,0.0,0.0,0.0,0.0,0.0,0.0,0.0,-3.407974,0.2276728,1.156159,2.463644,0.02367361,-2.633007,0.09221389,0.2398316,-0.01814646,0.9662547,10.77242,27.92946,0.5344503,0.660625,0.005915905,-0.7506924,0.1357994,0.00212882,0.4241004,3.663855,-0.6672049,-1.034288,0.3087,-0.3125145,2.069,0.884303,0.009163397,-0.4668235,0.07929981,0.9823346,0.1695,0.4601301,-0.1869084,0.8679548,moving,40.42096,-20.94241,8.486073,-8.589375,-4.270761065923675,0.9532305153157096,34.240830618050055,15.931043136167968,32.095990174252286
3011,05/05/2023 11:22:33.156642,3193,True,True,True,True,Eyes,2.468332,0.02292461,-2.663506,0.6194485,-0.2809963,0.7330243,0.0,0.0,0.0,0.0,0.0,0.0,0.0,-3.391618,0.2312126,1.178475,2.462231,0.0224159,-2.623404,0.09140308,0.2355277,-0.01744879,0.9674026,10.66501,27.41709,0.541986,0.6625227,0.005960605,-0.7490177,0.1276514,0.002001091,0.3986543,3.64852,-0.6674293,-1.013347,0.3086997,-0.3152721,2.069,0.8884445,0.009295896,-0.4588899,0.07681593,0.982682,0.1686278,0.4525104,-0.1850665,0.8723444,moving,40.19977,-20.97374,8.486065,-8.664024,-4.282609558888302,0.9573015968545732,34.01893873752797,15.987775212064072,31.87852325405884
3012,05/05/2023 11:22:33.176617,3194,True,True,True,True,Eyes,2.468114,0.02269676,-2.660863,0.6161634,-0.2824,0.7352502,0.0,0.0,0.0,0.0,0.0,0.0,0.0,-3.375466,0.2394851,1.198377,2.460619,0.02117741,-2.613836,0.09209104,0.2314121,-0.01690531,0.9683398,10.72965,26.93484,0.5762698,0.6642573,0.005995968,-0.7474795,0.1199924,0.001881026,0.3747351,3.632945,-0.6733022,-0.9950486,0.3086997,-0.3179079,2.069,0.8923253,0.009881794,-0.4512847,0.07536212,0.9824669,0.1705267,0.4450574,-0.186175,0.8759354,moving,39.9641,-21.01113,8.486064,-8.735347,-4.295023611187332,0.9614352557069452,33.78700339894595,16.04318505283285,31.649968172800804
3013,05/05/2023 11:22:33.196304,3195,True,True,True,True,Eyes,2.467819,0.02243776,-2.657943,0.6127509,-0.2837496,0.7375787,0.0,0.0,0.0,0.0,0.0,0.0,0.0,-3.358633,0.2461876,1.2194,2.45863,0.02002705,-2.604361,0.09268418,0.2271642,-0.01656479,0.9692944,10.78956,26.4347,0.5830894,0.6658493,0.006021861,-0.7460616,0.1127928,0.001768164,0.352251,3.616296,-0.6790989,-0.9765233,0.3086998,-0.3205738,2.069,0.896244,0.009996743,-0.4434487,0.07422138,0.9822705,0.1721507,0.4373075,-0.1872024,0.8796121,moving,39.71845,-21.04194,8.486069,-8.807456,-4.308391165299403,0.9661592222190284,33.54316952339801,16.100365381985114,31.411438337593964
3014,05/05/2023 11:22:33.206651,3196,True,True,True,True,Eyes,2.46747,0.02212416,-2.654783,0.6091231,-0.2852738,0.7399918,0.0,0.0,0.0,0.0,0.0,0.0,0.0,-3.34254,0.2455743,1.239027,2.456547,0.01901948,-2.594819,0.09246448,0.2232208,-0.01686106,0.9702262,10.77486,25.96034,0.4993711,0.6673158,0.006038407,-0.7447501,0.1060252,0.001662074,0.3311159,3.600122,-0.6826749,-0.9576246,0.3087,-0.3232483,2.069,0.8997763,0.008561901,-0.4362673,0.07399807,0.9823321,0.1718954,0.4300311,-0.1869504,0.8832456,moving,39.45945,-21.08212,8.486073,-8.879768,-4.322081900394529,0.9707484514585164,33.290351111336044,16.158016781553215,31.162441526167296
3015,05/05/2023 11:22:33.231655,3197,True,True,True,True,Eyes,2.46703,0.02177896,-2.651366,0.6054112,-0.2867514,0.7424628,0.0,0.0,0.0,0.0,0.0,0.0,0.0,-3.327104,0.2448766,1.256181,2.454057,0.01742797,-2.585514,0.09244881,0.2196445,-0.01737599,0.9710344,10.78797,25.52904,0.4004955,0.6686721,0.006045067,-0.7435324,0.09966373,0.00156235,0.311249,3.584466,-0.6878564,-0.9402113,0.3086995,-0.3259067,2.069,0.9029088,0.006866373,-0.4297774,0.07435708,0.9823025,0.1719088,0.4233518,-0.187175,0.8864191,moving,39.19413,-21.11738,8.486062,-8.951621,-4.336415922653552,0.975749812157754,33.030154894258445,16.216307573520535,30.907465502390913
3016,05/05/2023 11:22:33.246734,3198,True,True,True,True,Eyes,2.466424,0.02138946,-2.647679,0.6016253,-0.2882456,0.7449573,0.0,0.0,0.0,0.0,0.0,0.0,0.0,-3.311977,0.2437605,1.271609,2.451466,0.01632732,-2.575975,0.09238668,0.2162862,-0.01782196,0.9717857,10.79347,25.12446,0.3106353,0.669932,0.006041992,-0.7423975,0.09368391,0.001468609,0.292574,3.569503,-0.6922433,-0.9231179,0.3086999,-0.3285719,2.069,0.9058053,0.005325657,-0.4236606,0.07460217,0.9822941,0.1718508,0.4170745,-0.1872694,0.88937,moving,38.92424,-21.1529,8.486072,-9.023625,-4.351015043079254,0.9808549871338847,32.76585697371349,16.27514742067044,30.6486585751659
3017,05/05/2023 11:22:33.256468,3199,True,True,True,True,Eyes,2.465715,0.02094613,-2.643771,0.5977904,-0.289676,0.7474855,0.0,0.0,0.0,0.0,0.0,0.0,0.0,-3.297451,0.2373593,1.285856,2.448548,0.01489067,-2.566582,0.09103755,0.2132522,-0.01834056,0.9725736,10.65552,24.75172,0.1838136,0.6711067,0.006028969,-0.7413359,0.08806287,0.001380492,0.2750196,3.555601,-0.6923683,-0.9052296,0.3086999,-0.3313821,2.069,0.9083742,0.003152826,-0.4181462,0.074503,0.9827516,0.1692591,0.4114675,-0.1849038,0.8924714,moving,38.65055,-21.18304,8.486071,-9.099515,-4.366127862563373,0.9863311545599114,32.49472833810226,16.337175651143813,30.384730597380095
3018,05/05/2023 11:22:33.276467,3200,True,True,True,True,Eyes,2.464897,0.02045713,-2.639666,0.5938015,-0.2912991,0.7500297,0.0,0.0,0.0,0.0,0.0,0.0,0.0,-3.283424,0.2335367,1.298101,2.445415,0.01315154,-2.557392,0.09064583,0.2104397,-0.01909732,0.973208,10.63036,24.40809,0.05710826,0.6722066,0.006005523,-0.7403389,0.0827791,0.001297663,0.2585184,3.541703,-0.6963964,-0.8893859,0.3086995,-0.3339083,2.069,0.9107009,0.0009796162,-0.4130653,0.07532229,0.9828373,0.1683968,0.4061409,-0.1844722,0.8949969,moving,38.3688,-21.22535,8.486061,-9.167708,-4.38109449353166,0.9913946732863188,32.22366864188938,16.394238549597087,30.118228033013644
3019,05/05/2023 11:22:33.296339,3201,True,True,True,True,Eyes,2.463966,0.01992807,-2.63536,0.5897855,-0.2929095,0.7525671,0.0,0.0,0.0,0.0,0.0,0.0,0.0,-3.269648,0.235745,1.308463,2.441958,0.01161333,-2.548519,0.09204841,0.2077746,-0.01999322,0.973631,10.80987,24.08889,359.9603,0.6732403,0.005971449,-0.7393993,0.07781236,0.001219803,0.2430073,3.527265,-0.7072493,-0.8767863,0.3087003,-0.3365829,2.069,0.91286,-0.0006813863,-0.4082722,0.07718267,0.9822547,0.1709342,0.4009109,-0.1875505,0.8967136,moving,38.08574,-21.26668,8.48608,-9.23988,-4.396192377844621,0.996541592914718,31.94970720297136,16.45409580149785,29.849554500109292
3020,05/05/2023 11:22:33.316279,3202,True,True,True,True,Eyes,2.462919,0.01936905,-2.630884,0.5856563,-0.2946532,0.7551067,0.0,0.0,0.0,0.0,0.0,0.0,0.0,-3.256339,0.232388,1.317784,2.438342,0.01013105,-2.539426,0.09235542,0.2053608,-0.02107206,0.9740911,10.86992,23.79255,359.818,0.6742155,0.005926724,-0.7385106,0.07314362,0.001146615,0.2284269,3.513633,-0.7143515,-0.8630759,0.3086997,-0.3394396,2.069,0.9147658,-0.003119846,-0.4039726,0.07898458,0.9820529,0.1712704,0.3961881,-0.1885799,0.8985948,moving,37.79694,-21.31643,8.486064,-9.316933,-4.411199095272163,1.0014072042648574,31.67199678170584,16.51688650804436,29.576112850006865
3021,05/05/2023 11:22:33.331864,3203,True,True,True,True,Eyes,2.46175,0.0189033,-2.626217,0.5814387,-0.2965836,0.7576062,0.0,0.0,0.0,0.0,0.0,0.0,0.0,-3.242567,0.2276528,1.32837,2.434309,0.008893002,-2.530748,0.09331933,0.2028047,-0.02283257,0.974495,11.01929,23.4749,359.6119,0.675139,0.005871582,-0.7376668,0.068755,0.001077818,0.2147213,3.498117,-0.7242857,-0.8503425,0.3086996,-0.341971,2.069,0.9166979,-0.006649261,-0.3995257,0.08235164,0.9815404,0.1726173,0.3910029,-0.1911395,0.9003235,moving,37.50509,-21.37908,8.486062,-9.385181,-4.42571580975577,1.005694724205433,31.399961772062483,16.573602641682445,29.305459546847498
3022,05/05/2023 11:22:33.346523,3204,True,True,True,True,Eyes,2.460485,0.01860311,-2.621329,0.5774857,-0.2982692,0.7599643,0.0,0.0,0.0,0.0,0.0,0.0,0.0,-3.227794,0.2225162,1.340159,2.430251,0.01071683,-2.521499,0.09595956,0.1999298,-0.0253116,0.9747714,11.37317,23.11785,359.3585,0.6760173,0.005809632,-0.7368625,0.0646297,0.001013149,0.201838,3.480029,-0.7385744,-0.8388235,0.3086999,-0.3446894,2.069,0.9187747,-0.01097569,-0.3946296,0.08771641,0.9803022,0.1769562,0.384914,-0.1971983,0.9016396,moving,37.23067,-21.42891,8.48607,-9.458445,-4.439841301389796,1.0101879867753576,31.13750249259284,16.633444008478747,29.047014522097985
3023,05/05/2023 11:22:33.356587,3205,True,True,True,True,Eyes,2.459106,0.01823867,-2.616235,0.5736564,-0.299182,0.7625014,0.0,0.0,0.0,0.0,0.0,0.0,0.0,-3.215021,0.1819561,1.351376,2.426665,0.01434275,-2.511329,0.09212106,0.1978225,-0.02913206,0.9754647,11.0256,22.81315,358.8098,0.6768566,0.005746171,-0.7360922,0.06075192,0.0009523599,0.1897277,3.465669,-0.728606,-0.8186165,0.3086995,-0.3474508,2.069,0.9200351,-0.02038735,-0.3913051,0.09328182,0.98133,0.1681957,0.3805704,-0.1912476,0.9047599,moving,36.95542,-21.42351,8.486062,-9.532833,-4.456911731376344,1.0175119726934172,30.852755864760166,16.698213918079244,28.777991432718974
3024,05/05/2023 11:22:33.376650,3206,True,True,True,True,Eyes,2.45757,0.0179458,-2.611012,0.5697832,-0.3006506,0.7648244,0.0,0.0,0.0,0.0,0.0,0.0,0.0,-3.204601,0.1360968,1.355629,2.42256,0.01228064,-2.501354,0.08195148,0.1970173,-0.03042309,0.9764951,9.906343,22.67693,358.4222,0.6776627,0.005679525,-0.7353507,0.05710681,0.0008952183,0.178344,3.460404,-0.696697,-0.7929066,0.3087002,-0.3500067,2.069,0.9205172,-0.02712428,-0.3897592,0.0917077,0.9847168,0.1480627,0.3797864,-0.1720382,0.9089363,moving,36.68558,-21.45967,8.48608,-9.601659,-4.471474263243113,1.0225833113108802,30.591244255932466,16.75627456131995,28.523263519002548
3025,05/05/2023 11:22:33.396462,3207,True,True,True,True,Eyes,2.455944,0.01784933,-2.605557,0.565824,-0.3020025,0.7672274,0.0,0.0,0.0,0.0,0.0,0.0,0.0,-3.187968,0.1477618,1.369625,2.417624,0.01380494,-2.493141,0.08827003,0.1936186,-0.03267957,0.9765514,10.66435,22.26758,358.2713,0.6784369,0.005612138,-0.734637,0.0536804,0.0008415052,0.1676434,3.438419,-0.7247049,-0.7863741,0.3086997,-0.3527295,2.069,0.9228877,-0.02964511,-0.3839263,0.09800798,0.9822809,0.1597457,0.3723878,-0.1850551,0.9094405,moving,36.40847,-21.48601,8.486065,-9.674944,-4.486994806083687,1.028340366976884,30.317684295479776,16.818459411390684,28.259230006048924
3026,05/05/2023 11:22:33.406690,3208,True,True,True,True,Eyes,2.4542,0.01777736,-2.599934,0.5619218,-0.3028935,0.7697399,0.0,0.0,0.0,0.0,0.0,0.0,0.0,-3.171973,0.120197,1.38295,2.413909,0.01840125,-2.482158,0.08644908,0.190718,-0.03557166,0.9771838,10.51667,21.89123,357.8698,0.679186,0.005549448,-0.7339448,0.05045957,0.0007910149,0.1575848,3.421424,-0.7195223,-0.7667519,0.3086998,-0.3552131,2.069,0.9247226,-0.0365453,-0.3788834,0.1024949,0.9825224,0.1553849,0.3665828,-0.1825216,0.9123064,moving,36.13001,-21.47969,8.486069,-9.741767,-4.504309225758581,1.0357933616787407,30.032753959059598,16.879150861281246,27.99025964241557
3027,05/05/2023 11:22:33.432179,3209,True,True,True,True,Eyes,2.452341,0.01772233,-2.594213,0.5578626,-0.3043114,0.7721294,0.0,0.0,0.0,0.0,0.0,0.0,0.0,-3.155868,0.08537093,1.397863,2.409628,0.01880198,-2.472682,0.07867019,0.1879971,-0.03639932,0.9783369,9.649343,21.55036,357.5791,0.6799126,0.005491768,-0.7332723,0.047432,0.000743554,0.1481297,3.40883,-0.6935009,-0.7410752,0.3086998,-0.358027,2.069,0.9266644,-0.04164205,-0.3735761,0.1008011,0.9849722,0.140246,0.362122,-0.1676178,0.9169362,moving,35.84807,-21.51038,8.486069,-9.817443,-4.519896388504895,1.0414528382396449,29.75573683191142,16.94316247082361,27.722557377003415
3028,05/05/2023 11:22:33.446430,3210,True,True,True,True,Eyes,2.450398,0.0177185,-2.588346,0.5537164,-0.3060173,0.7744363,0.0,0.0,0.0,0.0,0.0,0.0,0.0,-3.138821,0.1091115,1.412386,2.405092,0.01927323,-2.464569,0.08604965,0.1842927,-0.03751893,0.9783784,10.49835,21.11177,357.5694,0.680619,0.005439052,-0.732617,0.04458608,0.0006989407,0.1392419,3.386795,-0.7248467,-0.7357995,0.3086993,-0.3606167,2.069,0.929257,-0.04169877,-0.367073,0.1051321,0.9823756,0.1545493,0.354159,-0.1822071,0.9172633,moving,35.5645,-21.56138,8.486056,-9.887057,-4.534518623253756,1.046120920951103,29.48782709813433,17.002051140109312,27.45985367356665
3029,05/05/2023 11:22:33.456359,3211,True,True,True,True,Eyes,2.44837,0.01774171,-2.582372,0.5494885,-0.3075859,0.7768225,0.0,0.0,0.0,0.0,0.0,0.0,0.0,-3.121595,0.1290558,1.425885,2.401226,0.02060544,-2.455169,0.08959257,0.180655,-0.03643577,0.9787796,10.86802,20.6987,357.7267,0.681308,0.005392279,-0.7319766,0.04191092,0.0006570042,0.1308874,3.369427,-0.7383658,-0.7246073,0.3087,-0.3636449,2.069,0.9320724,-0.03895449,-0.3601716,0.1036959,0.9812912,0.1622181,0.3471141,-0.1885474,0.9186739,moving,35.27384,-21.60128,8.486073,-9.968424,-4.5501549689486165,1.0515352224823786,29.204585248947215,17.06993675804256,27.185240361221357
3030,05/05/2023 11:22:33.476442,3212,True,True,True,True,Eyes,2.446222,0.01776762,-2.576291,0.5451125,-0.3093655,0.7791953,0.0,0.0,0.0,0.0,0.0,0.0,0.0,-3.102521,0.1378258,1.445186,2.397176,0.02119423,-2.446691,0.0891455,0.1765034,-0.03475847,0.9796385,10.77372,20.2255,357.8629,0.6819816,0.005351641,-0.7313494,0.03939626,0.000617584,0.1230342,3.352142,-0.7360623,-0.7075717,0.3086995,-0.3658879,2.069,0.9352767,-0.03663251,-0.3520162,0.09957046,0.9816899,0.1623907,0.339622,-0.1869307,0.9217992,moving,34.97602,-21.65466,8.486061,-10.02866,-4.565521585021154,1.0564471881247377,28.92890948206795,17.12376738179546,26.914920830517623
3031,05/05/2023 11:22:33.496487,3213,True,True,True,True,Eyes,2.444016,0.01781043,-2.570089,0.540567,-0.3110483,0.781688,0.0,0.0,0.0,0.0,0.0,0.0,0.0,-3.080988,0.1570569,1.468497,2.393244,0.02133881,-2.438353,0.09239549,0.1713818,-0.03399541,0.9802732,11.11612,19.63484,357.9571,0.6826413,0.005316619,-0.7307339,0.03703249,0.0005805289,0.1156521,3.329042,-0.7498623,-0.6943654,0.3086997,-0.3686501,2.069,0.9389451,-0.03497976,-0.3422841,0.0983194,0.9806148,0.1694933,0.32972,-0.192798,0.9241827,moving,34.66533,-21.69853,8.486063,-10.10282,-4.582171509494594,1.0621725205053951,28.632403166017845,17.18824630897774,26.62727206767006
3032,05/05/2023 11:22:33.516547,3214,True,True,True,True,Eyes,2.441713,0.01791549,-2.563747,0.5359111,-0.312404,0.7843488,0.0,0.0,0.0,0.0,0.0,0.0,0.0,-3.058368,0.1625456,1.494161,2.389722,0.02185237,-2.42926,0.09223302,0.1660353,-0.03321004,0.9812353,11.07143,19.01262,357.9827,0.6832894,0.005287159,-0.730128,0.03481054,0.0005456972,0.108713,3.306635,-0.7502943,-0.6751272,0.3086995,-0.3713031,2.069,0.9426587,-0.03454587,-0.3319655,0.09580162,0.9807804,0.1699765,0.3197132,-0.1920327,0.9278507,moving,34.34308,-21.71726,8.486058,-10.17401,-4.600843932664914,1.0694727443149383,28.3166418784252,17.253489688086187,26.325841412133077
3033,05/05/2023 11:22:33.532034,3215,True,True,True,True,Eyes,2.43937,0.01805655,-2.557288,0.5310925,-0.313401,0.7872233,0.0,0.0,0.0,0.0,0.0,0.0,0.0,-3.035101,0.14623,1.522588,2.386329,0.02335981,-2.419997,0.08866318,0.1606149,-0.03374556,0.9824474,10.66428,18.36377,357.7941,0.6839278,0.005264492,-0.7295303,0.0327219,0.0005129554,0.1021902,3.28353,-0.7384171,-0.6506394,0.3087001,-0.3739548,2.069,0.9461281,-0.03782522,-0.3215754,0.09478773,0.9820001,0.1633738,0.3096074,-0.1850539,0.9326834,moving,34.00519,-21.70797,8.486074,-10.24514,-4.621938618749353,1.0785988517282827,27.975377620871463,17.321866423553576,26.005172938205675
3034,05/05/2023 11:22:33.546612,3216,True,True,True,True,Eyes,2.436955,0.01817486,-2.5507,0.5262932,-0.3141679,0.7901354,0.0,0.0,0.0,0.0,0.0,0.0,0.0,-3.012888,0.119464,1.549087,2.383106,0.02427668,-2.410736,0.08389306,0.1555873,-0.03536249,0.983618,10.13926,17.75247,357.4695,0.6845587,0.005248981,-0.7289384,0.03075859,0.000482178,0.09605879,3.261049,-0.7238063,-0.6253691,0.3087006,-0.3766814,2.069,0.9490842,-0.04346097,-0.3120102,0.09567175,0.9834229,0.1540335,0.3001435,-0.1760413,0.9375091,moving,33.66678,-21.6834,8.48609,-10.31824,-4.643865764796548,1.0885155471158638,27.626690187239223,17.39280916060349,25.680243059547298
3035,05/05/2023 11:22:33.556630,3217,True,True,True,True,Eyes,2.434511,0.01823875,-2.544035,0.5214171,-0.3148128,0.7931061,0.0,0.0,0.0,0.0,0.0,0.0,0.0,-2.993017,0.09832275,1.569773,2.380039,0.0237169,-2.401428,0.07871629,0.1513205,-0.03581323,0.9846945,9.547288,17.24615,357.2852,0.6851847,0.005239289,-0.7283502,0.0,0.0,0.0,3.242926,-0.7076204,-0.6012633,0.3087004,-0.3794264,2.069,0.951639,-0.04670739,-0.3036472,0.09435298,0.9850423,0.1441845,0.2923709,-0.1658616,0.9418117,moving,33.32239,-21.64994,8.486084,-10.3918,-4.666623508508729,1.0990376142848466,27.26880657427523,17.465195787114595,25.348141836550163
3036,05/05/2023 11:22:33.576568,3218,True,True,True,True,Eyes,2.432037,0.01828686,-2.537298,0.5165191,-0.315884,0.7958803,0.0,0.0,0.0,0.0,0.0,0.0,0.0,-2.974257,0.1006648,1.587476,2.376971,0.02245618,-2.392891,0.07766993,0.1471822,-0.03509993,0.9854302,9.404809,16.76824,357.3093,0.6858051,0.005233346,-0.7277661,0.0,0.0,0.0,3.225267,-0.7063307,-0.5842444,0.3087004,-0.3819464,2.069,0.9542108,-0.0463138,-0.2955281,0.09204035,0.9854708,0.1427444,0.2846232,-0.1634088,0.9446095,moving,32.98321,-21.64807,8.486082,-10.4593,-4.687408027865897,1.1078193150870614,26.931354484341927,17.531089206428174,25.03017847446756
3037,05/05/2023 11:22:33.596416,3219,True,True,True,True,Eyes,2.429549,0.01837782,-2.530489,0.5115188,-0.3170632,0.798636,0.0,0.0,0.0,0.0,0.0,0.0,0.0,-2.955442,0.1198337,1.604075,2.374022,0.02220465,-2.384446,0.08041329,0.1428858,-0.03390523,0.9858842,9.685828,16.27693,357.449,0.6864229,0.005230329,-0.7271835,0.0,0.0,0.0,3.206484,-0.7182547,-0.5726078,0.3087003,-0.3846748,2.069,0.9568682,-0.04387343,-0.2871906,0.0898331,0.9847683,0.1488672,0.2762849,-0.1682455,0.9462348,moving,32.63918,-21.65337,8.486081,-10.53235,-4.7081126054037545,1.1163604998572785,26.590398213343875,17.600545480364023,24.7081205680021
3038,05/05/2023 11:22:33.606931,3220,True,True,True,True,Eyes,2.427033,0.01845528,-2.523608,0.5065319,-0.3184211,0.8012698,0.0,0.0,0.0,0.0,0.0,0.0,0.0,-2.936545,0.1329702,1.620959,2.371309,0.02336219,-2.375885,0.08267762,0.1385775,-0.03320614,0.9863357,9.921516,15.77998,357.5219,0.6870392,0.005231188,-0.7266012,0.0,0.0,0.0,3.187452,-0.7275742,-0.5603461,0.3087005,-0.3874535,2.069,0.9593872,-0.04259028,-0.2788587,0.08841933,0.9841235,0.1538925,0.2678771,-0.172299,0.9479213,moving,32.2995,-21.67266,8.486087,-10.60671,-4.727818734207185,1.1240786287054445,26.258977286083883,17.669711559724977,24.393166626977155
3039,05/05/2023 11:22:33.631821,3221,True,True,True,True,Eyes,2.424503,0.01850878,-2.516701,0.5014368,-0.3200308,0.8038292,0.0,0.0,0.0,0.0,0.0,0.0,0.0,-2.918669,0.1382096,1.636418,2.368659,0.02314287,-2.367386,0.08316907,0.1346216,-0.03286371,0.9868535,9.962275,15.32067,357.5286,0.6876545,0.005235176,-0.7260188,0.0,0.0,0.0,3.1699,-0.731715,-0.5462871,0.3087006,-0.3900492,2.069,0.961594,-0.04247064,-0.27117,0.08725604,0.9840057,0.155303,0.2602371,-0.1729997,0.9499199,moving,31.95633,-21.70913,8.48609,-10.67614,-4.746837403059818,1.131012217643149,25.934128749539667,17.73468948544764,24.081954715335293
3040,05/05/2023 11:22:33.647081,3222,True,True,True,True,Eyes,2.421933,0.0185699,-2.509739,0.4962944,-0.3220485,0.8062113,0.0,0.0,0.0,0.0,0.0,0.0,0.0,-2.900356,0.1594521,1.651928,2.36586,0.02269236,-2.359777,0.08746445,0.1304028,-0.03248896,0.9870611,10.4361,14.8318,357.5917,0.6882698,0.005241315,-0.7254356,0.0,0.0,0.0,3.150128,-0.7507355,-0.5385062,0.3087007,-0.3927322,2.069,0.9638792,-0.04132597,-0.2631142,0.08694839,0.9825889,0.1641922,0.2517477,-0.1811388,0.9506902,moving,31.61597,-21.77469,8.48609,-10.74787,-4.7641602350786325,1.1363940766870526,25.6238581819132,17.799013004563925,23.780561832088562
3041,05/05/2023 11:22:33.656375,3223,True,True,True,True,Eyes,2.419358,0.01863051,-2.502749,0.4910711,-0.3241798,0.8085521,0.0,0.0,0.0,0.0,0.0,0.0,0.0,-2.882566,0.1824663,1.665634,2.363409,0.02302108,-2.35172,0.09234975,0.1262977,-0.0320535,0.9871642,10.97761,14.35744,357.6673,0.6888846,0.005249619,-0.7248517,0.0,0.0,0.0,3.13103,-0.7713009,-0.531738,0.3087004,-0.3955569,2.069,0.9660429,-0.03995701,-0.2552735,0.08661127,0.9808882,0.1742322,0.2434329,-0.1904253,0.9510408,moving,31.27225,-21.84776,8.486084,-10.82335,-4.78129443283702,1.1414799647356584,25.312980401913485,17.86562303881802,23.4780881187296
3042,05/05/2023 11:22:33.676269,3224,True,True,True,True,Eyes,2.416753,0.0186755,-2.495736,0.4856868,-0.3266149,0.8108212,0.0,0.0,0.0,0.0,0.0,0.0,0.0,-2.864587,0.1978241,1.680235,2.360781,0.02311642,-2.344006,0.09515159,0.1222498,-0.03152902,0.9874245,11.28088,13.89024,357.7208,0.6894999,0.005259876,-0.7242664,0.0,0.0,0.0,3.11269,-0.7836955,-0.5224197,0.3087003,-0.3980359,2.069,0.9681218,-0.03900053,-0.2474249,0.08552957,0.9799042,0.1802012,0.2354248,-0.1956188,0.9520023,moving,30.92187,-21.94056,8.486082,-10.88957,-4.797800876102964,1.1457327835819335,25.009777351288914,17.925123635794446,23.180383340745262
3043,05/05/2023 11:22:33.696719,3225,True,True,True,True,Eyes,2.414145,0.01870482,-2.488709,0.4801807,-0.3292038,0.8130506,0.0,0.0,0.0,0.0,0.0,0.0,0.0,-2.845886,0.2166876,1.695559,2.358206,0.02286774,-2.336511,0.09886505,0.1179531,-0.03113842,0.9875946,11.69038,13.3929,357.7655,0.6901156,0.005271455,-0.7236795,0.0,0.0,0.0,3.093022,-0.8002495,-0.5146569,0.3087004,-0.4007143,2.069,0.9702349,-0.0381814,-0.2391367,0.08482715,0.9785122,0.1879314,0.2268227,-0.2026229,0.9526256,moving,30.56573,-22.043,8.486083,-10.96107,-4.814153438430024,1.1496427468045152,24.704655111324847,17.98793074685788,22.88035058001306
3044,05/05/2023 11:22:33.706902,3226,True,True,True,True,Eyes,2.411541,0.01871583,-2.481674,0.4744091,-0.3317959,0.8153817,0.0,0.0,0.0,0.0,0.0,0.0,0.0,-2.825251,0.237049,1.713434,2.355626,0.02258196,-2.329078,0.1024532,0.1131409,-0.03043911,0.9878138,12.08117,12.83878,357.8343,0.6907324,0.005283789,-0.7230908,0.0,0.0,0.0,3.072023,-0.8135045,-0.5057759,0.3087001,-0.4008001,2.069,0.9725452,-0.03695305,-0.2297614,0.08331963,0.9771536,0.1955215,0.217287,-0.2092972,0.953405,moving,30.19189,-22.14244,8.486075,-10.96336,-4.831742734707087,1.1541586217253197,24.415450732284775,18.005513787802293,22.595449677243842
3045,05/05/2023 11:22:33.732132,3227,True,True,True,True,Eyes,2.408934,0.01869781,-2.474642,0.4684679,-0.3345151,0.8177025,0.0,0.0,0.0,0.0,0.0,0.0,0.0,-2.803089,0.2513413,1.734332,2.353133,0.02222352,-2.321779,0.1051887,0.1079017,-0.03032124,0.988116,12.38154,12.22702,357.816,0.6913502,0.005296275,-0.7225001,0.0,0.0,0.0,3.048956,-0.8240968,-0.4952325,0.3087,-0.4008001,2.069,0.9748757,-0.03722173,-0.2196177,0.08262189,0.976032,0.2013338,0.2068599,-0.2144206,0.9545851,static,29.80872,-22.24905,8.486073,-10.96336,-4.849525323495612,1.1585487157510608,24.12513365481545,18.02162183485772,22.309668021625544
3046,05/05/2023 11:22:33.746924,3228,True,True,True,True,Eyes,2.406379,0.01866563,-2.467614,0.4620977,-0.3369208,0.8203353,0.0,0.0,0.0,0.0,0.0,0.0,0.0,-2.780632,0.2628397,1.755795,2.350576,0.02154273,-2.314766,0.1080857,0.1025837,-0.03096741,0.9883497,12.70941,11.59591,357.7065,0.6919696,0.005308071,-0.7219069,0.0,0.0,0.0,3.02446,-0.8363681,-0.4854039,0.3087,-0.4008,2.069,0.9770352,-0.0390376,-0.2094715,0.08338894,0.974717,0.2072994,0.196083,-0.2200064,0.9555882,static,29.39271,-22.3285,8.486073,-10.96336,-4.870734131737569,1.1651614474527243,23.796089549952722,18.041766245458238,21.992549494455048
3047,05/05/2023 11:22:33.756256,3229,True,True,True,True,Eyes,2.403825,0.0186274,-2.460573,0.4555936,-0.3392978,0.8229893,0.0,0.0,0.0,0.0,0.0,0.0,0.0,-2.758084,0.2691481,1.777561,2.348194,0.02121831,-2.307537,0.1103551,0.09724801,-0.0320692,0.9886032,12.96949,10.95568,357.5331,0.6925908,0.005318827,-0.7213107,0.0,0.0,0.0,2.999586,-0.8462933,-0.4745585,0.3087005,-0.4007999,2.069,0.9790288,-0.0419438,-0.1993574,0.08487105,0.9735866,0.2119575,0.1852014,-0.2244321,0.9567292,static,28.9682,-22.40512,8.486087,-10.96336,-4.892609658899442,1.1721358264105186,23.461262217586867,18.06266268421337,21.671665583523822
3048,05/05/2023 11:22:33.776711,3230,True,True,True,True,Eyes,2.401311,0.01857171,-2.453526,0.4489065,-0.3412438,0.8258545,0.0,0.0,0.0,0.0,0.0,0.0,0.0,-2.736211,0.2686386,1.798525,2.345752,0.02102913,-2.300155,0.1109552,0.09221444,-0.0331158,0.9889838,13.03659,10.35109,357.3503,0.6932142,0.005328468,-0.7207117,0.0,0.0,0.0,2.976246,-0.8496378,-0.4613743,0.3087001,-0.4008,2.069,0.9807997,-0.04503863,-0.1897459,0.08596531,0.9731846,0.2133583,0.1750484,-0.2255733,0.9583709,static,28.527,-22.45046,8.486075,-10.96336,-4.917142327902564,1.1811288112920666,23.099613444073583,18.08686935947141,21.330864705688512
3049,05/05/2023 11:22:33.796379,3231,True,True,True,True,Eyes,2.398796,0.01849245,-2.446473,0.4421223,-0.3430821,0.8287476,0.0,0.0,0.0,0.0,0.0,0.0,0.0,-2.714323,0.2667708,1.8194,2.343405,0.02053213,-2.292807,0.1104153,0.08724037,-0.03356649,0.9894801,12.9655,9.761973,357.2261,0.6938399,0.00533659,-0.7201092,0.0,0.0,0.0,2.954232,-0.8483604,-0.4465634,0.3087003,-0.4008,2.069,0.9825248,-0.04716141,-0.1800577,0.08569211,0.9733635,0.2126509,0.1652327,-0.2243643,0.9603952,static,28.07914,-22.48841,8.486081,-10.96336,-4.942468460446626,1.1906682803771065,22.731360242624742,18.112049692176416,20.985928497405382
3050,05/05/2023 11:22:33.806507,3232,True,True,True,True,Eyes,2.396326,0.01839866,-2.439411,0.4351297,-0.3445818,0.8318206,0.0,0.0,0.0,0.0,0.0,0.0,0.0,-2.691962,0.2683938,1.83998,2.340931,0.01987442,-2.285577,0.1099934,0.08221685,-0.03346183,0.9899607,12.90179,9.174806,357.1677,0.6944686,0.005342662,-0.7195029,0.0,0.0,0.0,2.932532,-0.8471658,-0.4322159,0.3087002,-0.4008,2.069,0.9842414,-0.04816516,-0.170144,0.0843384,0.9735636,0.212276,0.1554217,-0.2232805,0.9622837,static,27.6143,-22.50179,8.486079,-10.96336,-4.970117785702956,1.2018924548799084,22.338849690387843,18.14008266867944,20.622348085399402
3051,05/05/2023 11:22:33.832186,3233,True,True,True,True,Eyes,2.39385,0.01830016,-2.432333,0.4280137,-0.3459878,0.8349231,0.0,0.0,0.0,0.0,0.0,0.0,0.0,-2.668566,0.2730721,1.860979,2.338551,0.01944137,-2.278125,0.1101151,0.07693161,-0.03316841,0.9903818,12.89796,8.559353,357.133,0.6951007,0.005346453,-0.7188922,0.0,0.0,0.0,2.909963,-0.8476409,-0.41846,0.3087003,-0.4008,2.069,0.9859627,-0.0487561,-0.159688,0.08264145,0.973549,0.2130087,0.1450786,-0.2232155,0.9639123,static,27.14142,-22.50886,8.486081,-10.96336,-4.998588143254153,1.2136435181385732,21.939011906987083,18.169086839568738,20.253656980430094
3052,05/05/2023 11:22:33.846684,3234,True,True,True,True,Eyes,2.391398,0.01818886,-2.425237,0.4207308,-0.3472002,0.8381155,0.0,0.0,0.0,0.0,0.0,0.0,0.0,-2.643831,0.2744994,1.883642,2.336029,0.01921692,-2.27066,0.1096327,0.07138601,-0.03301633,0.9908556,12.82501,7.912544,357.0738,0.6957366,0.00534805,-0.7182767,0.0,0.0,0.0,2.886128,-0.8457048,-0.4035774,0.3087003,-0.4007999,2.069,0.9876279,-0.04977635,-0.1487058,0.08108129,0.9737812,0.2125464,0.1342271,-0.221974,0.9657695,static,26.65648,-22.50241,8.486081,-10.96336,-5.028502550690325,1.2263911862515564,21.524708470074593,18.199835233630846,19.873941513504125
3053,05/05/2023 11:22:33.856534,3235,True,True,True,True,Eyes,2.388947,0.01806019,-2.418116,0.4133188,-0.3483146,0.8413349,0.0,0.0,0.0,0.0,0.0,0.0,0.0,-2.618479,0.2755502,1.906689,2.333688,0.01879614,-2.263043,0.1090718,0.0656793,-0.03291697,0.9913153,12.74269,7.246828,357.0066,0.6963763,0.005347287,-0.7176564,0.0,0.0,0.0,2.861721,-0.8436881,-0.3884767,0.3087002,-0.4008,2.069,0.9892054,-0.05093467,-0.1373984,0.07958972,0.9740396,0.2119252,0.1230372,-0.2205731,0.9675791,static,26.16329,-22.48967,8.486078,-10.96336,-5.059249750184723,1.239670103960178,21.103071963793425,18.231561852405367,19.488994271950826
3054,05/05/2023 11:22:33.876514,3236,True,True,True,True,Eyes,2.386536,0.01790623,-2.410975,0.4057053,-0.3493065,0.8446231,0.0,0.0,0.0,0.0,0.0,0.0,0.0,-2.592547,0.2774139,1.929664,2.331321,0.01823573,-2.255321,0.1084123,0.05988731,-0.03259404,0.9917651,12.64695,6.574735,356.9647,0.6970202,0.005343883,-0.717031,0.0,0.0,0.0,2.837185,-0.8412336,-0.3732711,0.3087001,-0.4008,2.069,0.9907023,-0.05166622,-0.1258555,0.07763629,0.9743688,0.2111351,0.1117211,-0.2189429,0.9693206,static,25.65678,-22.46827,8.486076,-10.96336,-5.091263159417183,1.2537306749266826,20.6687210529272,18.264759598998936,19.09405846822895
3055,05/05/2023 11:22:33.896544,3237,True,True,True,True,Eyes,2.384118,0.01774558,-2.403806,0.3979157,-0.3502781,0.8479201,0.0,0.0,0.0,0.0,0.0,0.0,0.0,-2.565248,0.2825498,1.953363,2.328962,0.01750944,-2.247574,0.1082409,0.05378049,-0.03208064,0.9921504,12.60528,5.867946,356.9447,0.6976694,0.005337341,-0.7163996,0.0,0.0,0.0,2.811488,-0.8406554,-0.3588125,0.3087001,-0.4008,2.069,0.992157,-0.05201514,-0.1136616,0.07530013,0.9745094,0.2113319,0.09977181,-0.2182331,0.9707831,static,25.13993,-22.44566,8.486075,-10.96336,-5.123970613045074,1.268117609557897,20.22854665197243,18.298699027588917,18.694816214954287
3056,05/05/2023 11:22:33.906725,3238,True,True,True,True,Eyes,2.381739,0.01755488,-2.396607,0.3899034,-0.3511724,0.8512657,0.0,0.0,0.0,0.0,0.0,0.0,0.0,-2.536199,0.2868704,1.978533,2.326471,0.01718698,-2.23974,0.108432,0.04729806,-0.03200516,0.9924622,12.60667,5.111265,356.8708,0.6983235,0.005327766,-0.7157621,0.0,0.0,0.0,2.783468,-0.8413854,-0.3448241,0.3087003,-0.4008,2.069,0.9934771,-0.05327058,-0.1008238,0.07378508,0.9744363,0.2122019,0.0869423,-0.218257,0.9720108,static,24.6091,-22.4176,8.486081,-10.96336,-5.157816310291852,1.283139812543462,19.777546755145366,18.333921879194758,18.287078069642927
3057,05/05/2023 11:22:33.932402,3239,True,True,True,True,Eyes,2.379351,0.01733837,-2.38938,0.3816891,-0.3520419,0.8546227,0.0,0.0,0.0,0.0,0.0,0.0,0.0,-2.506236,0.2873932,2.004527,2.324014,0.01628884,-2.231734,0.107861,0.04064647,-0.03217806,0.9928135,12.52043,4.33364,356.7629,0.6989836,0.005314552,-0.7151176,0.0,0.0,0.0,2.754556,-0.8399061,-0.3295615,0.3087002,-0.4008,2.069,0.9946249,-0.05512527,-0.08765023,0.07266195,0.9746611,0.2115559,0.0737672,-0.2167877,0.9734277,static,24.06636,-22.38807,8.486079,-10.96336,-5.1924654311760765,1.2985418135196956,19.320174808294592,18.36999765487344,17.874654358813753
3058,05/05/2023 11:22:33.946667,3240,True,True,True,True,Eyes,2.376987,0.01711287,-2.382114,0.3732795,-0.3528768,0.8579863,0.0,0.0,0.0,0.0,0.0,0.0,0.0,-2.474377,0.292608,2.031484,2.321502,0.01545073,-2.223843,0.1079387,0.03359352,-0.03198351,0.993075,12.50538,3.512761,356.6957,0.699649,0.005297292,-0.7144668,0.0,0.0,0.0,2.724269,-0.8405644,-0.3155148,0.3087,-0.4007999,2.069,0.9956971,-0.05627197,-0.07362627,0.07077612,0.9746526,0.2122336,0.05981724,-0.2165313,0.9744414,static,23.51216,-22.35662,8.486073,-10.96336,-5.227914112442691,1.3143349785716478,18.857085245582603,18.40693446794136,17.458247651155354
3059,05/05/2023 11:22:33.956584,3241,True,True,True,True,Eyes,2.37462,0.0168626,-2.374804,0.3646798,-0.3535031,0.8614199,0.0,0.0,0.0,0.0,0.0,0.0,0.0,-2.440744,0.2974845,2.059602,2.319155,0.01500312,-2.215623,0.1077345,0.02616601,-0.03155209,0.9933344,12.45566,2.652243,356.6508,0.7003201,0.005276112,-0.7138091,0.0,0.0,0.0,2.692921,-0.839555,-0.3007534,0.3087001,-0.4008,2.069,0.9966396,-0.05704559,-0.0587817,0.06832152,0.9747955,0.2123816,0.0451847,-0.215684,0.9754173,static,22.94524,-22.3119,8.486074,-10.96336,-5.264833995667539,1.331128934300095,18.38088250185926,18.445647965331577,17.031730358704152
3060,05/05/2023 11:22:33.976582,3242,True,True,True,True,Eyes,2.372274,0.01657324,-2.367462,0.3560183,-0.3541123,0.8647863,0.0,0.0,0.0,0.0,0.0,0.0,0.0,-2.406761,0.2964671,2.087996,2.316826,0.01411728,-2.207315,0.1054318,0.01880092,-0.03052971,0.9937801,12.16337,1.813179,356.674,0.7009977,0.005250635,-0.7131438,0.0,0.0,0.0,2.662818,-0.8304713,-0.2828258,0.3087002,-0.4008,2.069,0.9974289,-0.05671519,-0.04380554,0.06464405,0.9759042,0.208404,0.03093034,-0.2106999,0.9770613,static,22.37616,-22.26809,8.486078,-10.96336,-5.301837928510082,1.3479319184308205,17.908972565159175,18.48444033105904,16.61011219491194
3061,05/05/2023 11:22:33.996336,3243,True,True,True,True,Eyes,2.369931,0.01626706,-2.360086,0.3471568,-0.3546599,0.8681582,0.0,0.0,0.0,0.0,0.0,0.0,0.0,-2.371852,0.3054482,2.115488,2.314626,0.0128602,-2.199229,0.1047039,0.01122483,-0.0288837,0.9940205,12.05228,0.953079,356.7718,0.7016826,0.005220079,-0.7124702,0.0,0.0,0.0,2.632433,-0.8274996,-0.26804,0.3087001,-0.4008001,2.069,0.9980795,-0.05507142,-0.0283639,0.05977256,0.9764056,0.2075073,0.01626695,-0.2088042,0.9778222,static,21.79535,-22.22099,8.486078,-10.96336,-5.339729683551424,1.3652026713072356,17.431894744602033,18.524211606513777,16.185112996839948
3062,05/05/2023 11:22:34.016561,3244,True,True,True,True,Eyes,2.36763,0.01593737,-2.352674,0.3382042,-0.3552059,0.8714625,0.0,0.0,0.0,0.0,0.0,0.0,0.0,-2.335585,0.3179789,2.143,2.312484,0.01213845,-2.19107,0.1043927,0.003412703,-0.02673199,0.994171,11.99057,0.07054476,356.9269,0.7023738,0.005184469,-0.7117891,0.0,0.0,0.0,2.601638,-0.8253776,-0.2541517,0.3087002,-0.4008,2.069,0.9985475,-0.05243981,-0.01236687,0.05386486,0.9767752,0.2073859,0.001204375,-0.2077508,0.978181,static,21.21064,-22.17568,8.48608,-10.96336,-5.377765494253486,1.3824822506237722,16.959674141209202,18.564106031959085,15.765646118801168
3063,05/05/2023 11:22:34.032699,3245,True,True,True,True,Eyes,2.365334,0.01557106,-2.345239,0.3290424,-0.3556399,0.8747865,0.0,0.0,0.0,0.0,0.0,0.0,0.0,-2.298226,0.3276312,2.171129,2.310433,0.01123416,-2.182831,0.1031119,-0.004553942,-0.02429993,0.9943625,11.82013,359.1765,357.115,0.7030724,0.005143558,-0.7110993,0.0,0.0,0.0,2.570657,-0.8195917,-0.2389411,0.3087001,-0.4008001,2.069,0.9987775,-0.049265,0.004045317,0.04738674,0.9775549,0.2052825,-0.01406776,-0.2048399,0.9786944,static,20.6133,-22.12395,8.486077,-10.96336,-5.416908044987267,1.4004118665242116,16.481150046032255,18.605263984383427,15.341975730150347
3064,05/05/2023 11:22:34.046503,3246,True,True,True,True,Eyes,2.36306,0.01518715,-2.337785,0.3197406,-0.3562154,0.8779958,0.0,0.0,0.0,0.0,0.0,0.0,0.0,-2.259261,0.3404655,2.199739,2.308423,0.0101693,-2.174881,0.1021596,-0.01279922,-0.0215031,0.9944534,11.69111,358.2532,357.3437,0.7037788,0.005096718,-0.7104005,0.0,0.0,0.0,2.538884,-0.8151564,-0.2249009,0.3087003,-0.4008,2.069,0.9987476,-0.04538278,0.02106295,0.04015253,0.978202,0.2037362,-0.02984994,-0.2026354,0.9787992,static,20.01016,-22.0831,8.486082,-10.96336,-5.455834172428924,1.4179365742961882,16.01414972509262,18.64600577656549,14.929968273300759
3065,05/05/2023 11:22:34.056486,3247,True,True,True,True,Eyes,2.360805,0.01486159,-2.330306,0.3102011,-0.356728,0.8812039,0.0,0.0,0.0,0.0,0.0,0.0,0.0,-2.218721,0.3584985,2.228216,2.306549,0.009356476,-2.167011,0.1022599,-0.02133872,-0.01849088,0.994357,11.68766,357.2948,357.5924,0.7044932,0.005043953,-0.7096924,0.0,0.0,0.0,2.506142,-0.8146169,-0.2130587,0.3087002,-0.4008,2.069,0.9984055,-0.04113725,0.03865486,0.03240887,0.978402,0.2041548,-0.04621837,-0.2025765,0.9781752,static,19.39307,-22.03903,8.48608,-10.96336,-5.495779851103015,1.4359823453777,15.544545564570232,18.687859574969064,14.517367453042464
3066,05/05/2023 11:22:34.076460,3248,True,True,True,True,Eyes,2.358527,0.01471968,-2.322796,0.3005215,-0.3573706,0.8842924,0.0,0.0,0.0,0.0,0.0,0.0,0.0,-2.176604,0.3720409,2.257809,2.304857,0.01020659,-2.158993,0.1017869,-0.03014083,-0.01551528,0.9942285,11.62256,356.3069,357.8359,0.7052152,0.004987612,-0.7089755,0.0,0.0,0.0,2.472403,-0.8103414,-0.2005945,0.3087001,-0.4008,2.069,0.9977016,-0.03698735,0.05677522,0.02471559,0.9787974,0.2033341,-0.06309224,-0.2014635,0.9774619,static,18.77002,-22.00519,8.486077,-10.96336,-5.535552927970522,1.4536603705316802,15.089118376371397,18.72934864642007,14.119321662812679
3067,05/05/2023 11:22:34.096273,3249,True,True,True,True,Eyes,2.356285,0.01466357,-2.315219,0.2906787,-0.3573775,0.8875738,0.0,0.0,0.0,0.0,0.0,0.0,0.0,-2.133242,0.3779248,2.288449,2.303229,0.01444131,-2.150691,0.1014021,-0.03917238,-0.01355438,0.9939817,11.56748,355.2796,357.9591,0.7059447,0.004933531,-0.7082495,0.0,0.0,0.0,2.436446,-0.8036191,-0.1886187,0.3087001,-0.4008,2.069,0.9965636,-0.03488994,0.07512437,0.01900129,0.9790678,0.2026456,-0.08062214,-0.2005218,0.9763663,static,18.13352,-21.93195,8.486077,-10.96336,-5.578211066641215,1.473687075645242,14.607639200991686,18.77456627417215,13.69929753950148
3068,05/05/2023 11:22:34.106504,3250,True,True,True,True,Eyes,2.354045,0.01459202,-2.307652,0.2808528,-0.3572936,0.8907654,0.0,0.0,0.0,0.0,0.0,0.0,0.0,-2.097007,0.3461822,2.316949,2.301962,0.01630764,-2.14155,0.09314718,-0.04663771,-0.01245911,0.9944815,10.60891,354.4488,358.0486,0.7066824,0.00488409,-0.7075136,0.0,0.0,0.0,2.40605,-0.7686564,-0.1642551,0.3087003,-0.4008,2.069,0.9953395,-0.03346905,0.09043962,0.01609237,0.9823367,0.1864284,-0.09508174,-0.1841042,0.978297,static,17.49974,-21.85614,8.486081,-10.96336,-5.620837993362137,1.4937748521551784,14.138553840357257,18.81981328839531,13.291639245359383
3069,05/05/2023 11:22:34.132897,3251,True,True,True,True,Eyes,2.351832,0.01461977,-2.300073,0.2708871,-0.3574475,0.8937849,0.0,0.0,0.0,0.0,0.0,0.0,0.0,-2.060874,0.3511737,2.340304,2.300553,0.01581726,-2.134187,0.08998957,-0.05391582,-0.008645176,0.9944447,10.25603,353.6527,358.4336,0.7074273,0.004838391,-0.7067692,0.0,0.0,0.0,2.379326,-0.7551142,-0.1502122,0.3087002,-0.4008,2.069,0.9940367,-0.02689802,0.1056767,0.007490576,0.9836543,0.1799115,-0.1087885,-0.1780471,0.97799,static,16.86094,-21.79774,8.486078,-10.96336,-5.662858721432615,1.513105573100423,13.693871019673146,18.864108872243726,12.907969621899221
3070,05/05/2023 11:22:34.146846,3252,True,True,True,True,Eyes,2.349624,0.01477069,-2.292438,0.2607506,-0.3573335,0.8968399,0.0,0.0,0.0,0.0,0.0,0.0,0.0,-2.022642,0.380251,2.360407,2.2991,0.01828063,-2.126265,0.09330586,-0.06165209,-0.005230931,0.9937131,10.64909,352.7806,358.7231,0.7081802,0.004799008,-0.7060149,0.0,0.0,0.0,2.350348,-0.7646174,-0.1460775,0.3087001,-0.4008,2.069,0.9923433,-0.02190109,0.1215528,-0.001108911,0.9825333,0.1860835,-0.1235051,-0.1847935,0.9749861,static,16.21146,-21.72413,8.486075,-10.96336,-5.706327897558933,1.5334835241255484,13.24672579889555,18.910192967633034,12.523494531883706
3071,05/05/2023 11:22:34.156442,3253,True,True,True,True,Eyes,2.347422,0.01499788,-2.284789,0.2504247,-0.3569071,0.899947,0.0,0.0,0.0,0.0,0.0,0.0,0.0,-1.985833,0.348477,2.386469,2.297116,0.02132542,-2.117312,0.08704147,-0.06910216,-0.00572276,0.9937887,9.916383,351.9267,358.6386,0.7089412,0.004769099,-0.705251,0.0,0.0,0.0,2.31688,-0.7369041,-0.1269868,0.3087001,-0.4008,2.069,0.9903843,-0.02340393,0.1363497,-0.0006550825,0.984782,0.1737926,-0.1383421,-0.1722108,0.9752974,static,15.55008,-21.63262,8.486075,-10.96336,-5.751460898202237,1.555076786300789,12.795830398517518,18.958340856340943,12.136743823877175
3072,05/05/2023 11:22:34.176629,3254,True,True,True,True,Eyes,2.345225,0.0153095,-2.277102,0.2400085,-0.3567169,0.902856,0.0,0.0,0.0,0.0,0.0,0.0,0.0,-1.950158,0.3211434,2.41071,2.295179,0.02330776,-2.109355,0.08247697,-0.07631958,-0.007193934,0.9936404,9.369852,351.0877,358.4385,0.7097104,0.004750053,-0.7044772,0.0,0.0,0.0,2.283309,-0.7171447,-0.112286,0.3087002,-0.4008,2.069,0.9882472,-0.02688558,0.1504818,0.001707153,0.9862916,0.165003,-0.1528551,-0.1628068,0.9747458,static,14.88679,-21.55889,8.48608,-10.96336,-5.795778632124454,1.575814522848333,12.378786066694909,19.00532514066614,11.78276987633223
3073,05/05/2023 11:22:34.196721,3255,True,True,True,True,Eyes,2.343019,0.01569166,-2.269376,0.2294957,-0.356129,0.9058167,0.0,0.0,0.0,0.0,0.0,0.0,0.0,-1.916441,0.3065068,2.430094,2.293065,0.02565358,-2.100772,0.08039089,-0.08306938,-0.008152483,0.9932625,9.110794,350.302,358.2849,0.7104876,0.004743415,-0.7036934,0.0,0.0,0.0,2.252189,-0.7066489,-0.1010817,0.3087001,-0.4008,2.069,0.986066,-0.02955115,0.1637086,0.002839068,0.9869417,0.161053,-0.1663302,-0.1583441,0.9732736,static,14.21717,-21.46266,8.486076,-10.96336,-5.841661539400181,1.5978589149871838,11.961636130849156,19.05435077949834,11.429143831196313
3074,05/05/2023 11:22:34.206838,3256,True,True,True,True,Eyes,2.340804,0.01610712,-2.26164,0.2189194,-0.3557616,0.9085747,0.0,0.0,0.0,0.0,0.0,0.0,0.0,-1.885072,0.2758675,2.448604,2.290747,0.02763689,-2.092122,0.07484089,-0.08923257,-0.009197185,0.9931525,8.454007,349.5963,358.1678,0.7112718,0.004750151,-0.7029007,0.0,0.0,0.0,2.222946,-0.682543,-0.08519787,0.3086998,-0.4008,2.069,0.9839059,-0.0316249,0.1758664,0.004911925,0.9886285,0.1502982,-0.1786197,-0.1470154,0.9728728,static,13.54709,-21.38333,8.486068,-10.96336,-5.886686860955528,1.6190554105117692,11.58402859481036,19.102179453031134,11.11340375381311
3075,05/05/2023 11:22:34.232786,3257,True,True,True,True,Eyes,2.338562,0.01655684,-2.253891,0.2082301,-0.355359,0.9112411,0.0,0.0,0.0,0.0,0.0,0.0,0.0,-1.853136,0.2642843,2.465029,2.288163,0.02887467,-2.084179,0.07277969,-0.09543189,-0.009674197,0.9927247,8.201447,348.8805,358.0836,0.7120642,0.004770019,-0.7020977,0.0,0.0,0.0,2.194114,-0.6729729,-0.07538241,0.3087001,-0.4008,2.069,0.9815983,-0.03309863,0.188067,0.005316621,0.9892191,0.1463469,-0.1908834,-0.1426539,0.9711918,static,12.8718,-21.30442,8.486073,-10.96336,-5.93200792938622,1.6403639720889498,11.232636522300943,19.15032416568817,10.82278635084229
3076,05/05/2023 11:22:34.246668,3258,True,True,True,True,Eyes,2.336254,0.01701707,-2.246141,0.1974118,-0.3551602,0.913723,0.0,0.0,0.0,0.0,0.0,0.0,0.0,-1.817513,0.262578,2.482325,2.285403,0.03013408,-2.076117,0.07207397,-0.1023052,-0.009297471,0.9920951,8.111856,348.0886,358.0785,0.7128628,0.004802799,-0.7012866,0.0,0.0,0.0,2.163339,-0.6686284,-0.06775238,0.3087,-0.4008,2.069,0.9788944,-0.03319503,0.2016528,0.003700862,0.9894378,0.1449108,-0.2043332,-0.1411061,0.968678,static,12.19149,-21.24089,8.486074,-10.96336,-5.976829180899792,1.6610187411329214,10.925096367261755,19.197669312175638,10.574131343252631
3077,05/05/2023 11:22:34.256529,3259,True,True,True,True,Eyes,2.333909,0.0174549,-2.238397,0.1864356,-0.3549074,0.9161237,0.0,0.0,0.0,0.0,0.0,0.0,0.0,-1.77841,0.2560874,2.501725,2.282246,0.03084787,-2.068177,0.06949023,-0.1097148,-0.008143485,0.9914976,7.817136,347.2471,358.1839,0.7136669,0.004847608,-0.700468,0.0,0.0,0.0,2.130631,-0.6571289,-0.05810268,0.3087002,-0.4008,2.069,0.9757927,-0.03139671,0.2164321,0.0009002778,0.9902096,0.1395857,-0.2186957,-0.1360119,0.9662676,static,11.50289,-21.17642,8.486078,-10.96336,-6.022205298411963,1.681933637780375,10.649307451986914,19.245616006058842,10.355360912339203
3078,05/05/2023 11:22:34.276555,3260,True,True,True,True,Eyes,2.331505,0.01784914,-2.230665,0.175281,-0.3550122,0.9182826,0.0,0.0,0.0,0.0,0.0,0.0,0.0,-1.735716,0.2618043,2.521891,2.279103,0.03073368,-2.060566,0.06859897,-0.1177791,-0.006114695,0.9906487,7.72824,346.3293,358.3649,0.7144754,0.004902629,-0.6996429,0.0,0.0,0.0,2.096287,-0.6532203,-0.05171487,0.3086999,-0.4008,2.069,0.9721814,-0.02827408,0.2325165,-0.004044024,0.9905136,0.1373553,-0.2341944,-0.1344746,0.9628446,static,10.80657,-21.13673,8.486071,-10.96336,-6.066753666412581,1.7017857265119367,10.434662082017846,19.292242535411223,10.1946844501366
3079,05/05/2023 11:22:34.296526,3261,True,True,True,True,Eyes,2.329066,0.01821463,-2.222943,0.1639632,-0.3550869,0.920342,0.0,0.0,0.0,0.0,0.0,0.0,0.0,-1.690153,0.2770961,2.541941,2.275814,0.03014895,-2.052955,0.06868687,-0.1262911,-0.002913996,0.989608,7.770771,345.364,358.6631,0.715287,0.004965547,-0.6988127,0.0,0.0,0.0,2.061313,-0.6537482,-0.04722036,0.3086999,-0.4007999,2.069,0.9680841,-0.02311651,0.2495571,-0.01158165,0.9905472,0.1366822,-0.2503577,-0.1352101,0.9586653,static,10.10153,-21.09764,8.48607,-10.96336,-6.111802422644467,1.721830617899125,10.262228906529028,19.339388311946163,10.072832124160055
3080,05/05/2023 11:22:34.306675,3262,True,True,True,True,Eyes,2.326605,0.01857287,-2.215216,0.1524893,-0.3553038,0.9222289,0.0,0.0,0.0,0.0,0.0,0.0,0.0,-1.64173,0.2935155,2.562874,2.272667,0.02982411,-2.045445,0.06821921,-0.135256,0.00133659,0.9884585,7.771647,344.3545,359.0856,0.7161009,0.005034739,-0.6979781,0.0,0.0,0.0,2.025674,-0.6519061,-0.04271301,0.3086997,-0.4007999,2.069,0.9634081,-0.01581179,0.2675723,-0.02109644,0.9906887,0.1345022,-0.2672075,-0.1352253,0.9541039,static,9.388831,-21.07,8.486065,-10.96336,-6.156718264900536,1.7414892160791764,10.146879251294754,19.38618826242433,10.003530421935757
3081,05/05/2023 11:22:34.332786,3263,True,True,True,True,Eyes,2.324102,0.01894179,-2.207495,0.1408211,-0.3553089,0.9240806,0.0,0.0,0.0,0.0,0.0,0.0,0.0,-1.592153,0.3033999,2.583724,2.269228,0.03006007,-2.037728,0.06655628,-0.1443113,0.005601692,0.9872757,7.645042,343.3363,359.5289,0.7169164,0.005109366,-0.6971399,0.0,0.0,0.0,1.989164,-0.64493,-0.03706545,0.3087,-0.4008,2.069,0.9582857,-0.008148819,0.2856957,-0.03027047,0.9910778,0.129802,-0.2842044,-0.1330356,0.9494891,static,8.664671,-21.03175,8.486073,-10.96336,-6.202889126195103,1.7619810511097975,10.069973904519514,19.434503163493897,9.9676598904656
3082,05/05/2023 11:22:34.346518,3264,True,True,True,True,Eyes,2.321529,0.01932108,-2.199791,0.1287575,-0.354909,0.9259919,0.0,0.0,0.0,0.0,0.0,0.0,0.0,-1.541586,0.3032978,2.605372,2.265856,0.0306407,-2.030122,0.06354339,-0.1535294,0.00912089,0.9860567,7.360704,342.2945,359.912,0.7177335,0.005189327,-0.6962979,0.0,0.0,0.0,1.950933,-0.6323973,-0.0306469,0.3087002,-0.4008,2.069,0.9526911,-0.00152413,0.3039365,-0.03749899,0.991758,0.1225141,-0.3016182,-0.1281154,0.9447819,static,7.916118,-20.97055,8.486079,-10.96336,-6.25175040186616,1.7842650354038436,10.023407965239217,19.48603498718417,9.956739994710585
3083,05/05/2023 11:22:34.356575,3265,True,True,True,True,Eyes,2.318895,0.01970103,-2.192104,0.1164738,-0.3544242,0.9278024,0.0,0.0,0.0,0.0,0.0,0.0,0.0,-1.489797,0.3019677,2.626592,2.26221,0.03126426,-2.022645,0.06095247,-0.1628991,0.01192595,0.984686,7.118597,341.226,0.2095089,0.7185511,0.00527449,-0.6954535,0.0,0.0,0.0,1.911066,-0.6217213,-0.02589642,0.3087001,-0.4008,2.069,0.9466434,0.003628424,0.3222627,-0.04334484,0.9922851,0.1161526,-0.3193551,-0.1239235,0.9394974,static,7.155323,-20.90706,8.486076,-10.96336,-6.301478321721936,1.806979032542242,10.032351331418225,19.538508689865484,9.994075615771088
3084,05/05/2023 11:22:34.376418,3266,True,True,True,True,Eyes,2.316168,0.02008691,-2.184461,0.104021,-0.3536752,0.9295663,0.0,0.0,0.0,0.0,0.0,0.0,0.0,-1.437475,0.3011496,2.646748,2.258262,0.03163686,-2.015329,0.05918595,-0.1722911,0.01386889,0.9831686,6.958968,340.1449,0.396921,0.7193682,0.005364413,-0.6946076,0.0,0.0,0.0,1.870077,-0.6147552,-0.02329804,0.3087002,-0.4008001,2.069,0.9402469,0.006876494,0.3404241,-0.04766534,0.9926093,0.1116006,-0.3371407,-0.1211585,0.9336256,static,6.384989,-20.83049,8.486078,-10.96336,-6.352473478052134,1.830602688275009,10.088351174638055,19.592551932705863,10.070501462298019
3085,05/05/2023 11:22:34.396559,3267,True,True,True,True,Eyes,2.313375,0.02049841,-2.176855,0.09136548,-0.353033,0.9311391,0.0,0.0,0.0,0.0,0.0,0.0,0.0,-1.38536,0.3049872,2.665358,2.254298,0.03219033,-2.008352,0.05904202,-0.1815958,0.01510819,0.981483,6.97202,339.064,0.4740977,0.7201828,0.005458872,-0.6937621,0.0,0.0,0.0,1.82914,-0.6142418,-0.02389679,0.3087002,-0.4008,2.069,0.9335894,0.008213286,0.3582505,-0.05110042,0.9925715,0.1104103,-0.3546824,-0.1213846,0.927074,static,5.604053,-20.76377,8.486079,-10.96336,-6.40359906107709,1.8539968121472823,10.215385946344663,19.64655563737366,10.209543683880337
3086,05/05/2023 11:22:34.406941,3268,True,True,True,True,Eyes,2.310522,0.0209049,-2.169295,0.07844453,-0.3523154,0.932588,0.0,0.0,0.0,0.0,0.0,0.0,0.0,-1.334045,0.3093105,2.682272,2.250035,0.03322881,-2.001541,0.05967744,-0.1906754,0.01564477,0.9797126,7.059478,338.0012,0.4559098,0.7209941,0.005558285,-0.6929181,0.0,0.0,0.0,1.788401,-0.6163617,-0.02628871,0.3087002,-0.4008,2.069,0.9267963,0.007896721,0.3754815,-0.0534128,0.9923877,0.1109673,-0.3717469,-0.1228996,0.920163,static,4.808109,-20.69568,8.486078,-10.96336,-6.455711773678932,1.8778449885574144,10.404110175664279,19.70161483734184,10.401803964128403
3087,05/05/2023 11:22:34.426788,3269,True,True,True,True,Eyes,2.307601,0.02129117,-2.161811,0.0653621,-0.3517988,0.9337909,0.0,0.0,0.0,0.0,0.0,0.0,0.0,-1.283582,0.310655,2.698221,2.245612,0.0335426,-1.995141,0.05977384,-0.1995171,0.01588592,0.9779406,7.079681,336.9636,0.4168099,0.7218013,0.005662109,-0.6920763,0.0,0.0,0.0,1.748133,-0.6169659,-0.02891369,0.3087002,-0.4008001,2.069,0.9198811,0.007219178,0.3921308,-0.05492278,0.9923494,0.1105715,-0.3883325,-0.1232495,0.91324,static,4.003974,-20.64353,8.486079,-10.96337,-6.507488721353348,1.9010920970449363,10.667462812525994,19.756048644936943,10.660365896499545
3088,05/05/2023 11:22:34.446620,3270,True,True,True,True,Eyes,2.304575,0.02167853,-2.154414,0.05220952,-0.3514822,0.9347376,0.0,0.0,0.0,0.0,0.0,0.0,0.0,-1.231678,0.3235438,2.712943,2.241183,0.03347747,-1.989409,0.06169719,-0.2084789,0.01678949,0.9759346,7.320837,335.9095,0.4070134,0.722602,0.005769216,-0.6912394,0.0,0.0,0.0,1.708682,-0.6255132,-0.03521591,0.3087001,-0.4008,2.069,0.9125093,0.007045758,0.4089952,-0.05849599,0.9918231,0.1134243,-0.4048518,-0.1274253,0.9054601,static,3.196919,-20.60738,8.486077,-10.96336,-6.558605282545354,1.9236000924409944,10.999196066502495,19.809497858524857,10.979669040200879
3089,05/05/2023 11:22:34.456430,3271,True,True,True,True,Eyes,2.301463,0.02206729,-2.147096,0.03888237,-0.3513876,0.9354223,0.0,0.0,0.0,0.0,0.0,0.0,0.0,-1.177877,0.3424223,2.726404,2.236518,0.03398534,-1.983623,0.06523885,-0.2177106,0.0173449,0.9736761,7.735223,334.8134,0.3105201,0.7233948,0.005879458,-0.6904089,0.0,0.0,0.0,1.668202,-0.6399819,-0.04468476,0.3087,-0.4008,2.069,0.9046025,0.005370254,0.4262223,-0.06218301,0.9908862,0.1194907,-0.4216961,-0.1345953,0.896692,static,2.380224,-20.58849,8.486073,-10.96336,-6.609405278709737,1.945476983155586,11.398443732707593,19.862314485494455,11.359515925064192
3090,05/05/2023 11:22:34.476515,3272,True,True,True,True,Eyes,2.298257,0.02243169,-2.13987,0.02551675,-0.3514879,0.9358446,0.0,0.0,0.0,0.0,0.0,0.0,0.0,-1.125378,0.3522709,2.739159,2.231495,0.03444039,-1.978081,0.06769873,-0.2266642,0.01677994,0.9714724,7.998186,333.7411,0.1106682,0.7241777,0.005992578,-0.6895866,0.0,0.0,0.0,1.62719,-0.6497539,-0.05366158,0.3087,-0.4008,2.069,0.8966835,0.00191273,0.442668,-0.06329225,0.9902706,0.1239281,-0.4381241,-0.1391417,0.8880804,static,1.56184,-20.58536,8.486073,-10.96336,-6.65948238709129,1.966595442663798,11.85444585960428,19.914105446459832,11.79014094071547
3091,05/05/2023 11:22:34.496534,3273,True,True,True,True,Eyes,2.294958,0.02277258,-2.132748,0.01203887,-0.3518484,0.9359795,0.0,0.0,0.0,0.0,0.0,0.0,0.0,-1.074559,0.3634846,2.750169,2.226409,0.03427053,-1.972855,0.0702754,-0.2352495,0.01624183,0.969255,8.271926,332.7083,359.9085,0.7249492,0.006107604,-0.6887743,0.0,0.0,0.0,1.587839,-0.6605166,-0.06335314,0.3087001,-0.4008,2.069,0.8887877,-0.001579565,0.4583164,-0.06454945,0.9895951,0.1285878,-0.4537508,-0.1438713,0.879438,static,0.7369163,-20.60197,8.486074,-10.96336,-6.7089238798587925,1.9868772433390425,12.367386457597632,19.964884302887377,12.272395102315166
3092,05/05/2023 11:22:34.516992,3274,True,True,True,True,Eyes,2.291556,0.02308463,-2.125733,-0.001405215,-0.3520723,0.9359717,0.0,0.0,0.0,0.0,0.0,0.0,0.0,-1.023201,0.3800339,2.759693,2.220982,0.03409281,-1.968082,0.07350995,-0.2437727,0.0163008,0.9669051,8.632819,331.6805,359.7498,0.7257085,0.006223734,-0.6879734,0.0,0.0,0.0,1.549439,-0.6740555,-0.07486944,0.3087,-0.4008,2.069,0.8806183,-0.004316768,0.4738066,-0.06736208,0.9886611,0.1342069,-0.4690135,-0.1501017,0.8703424,static,-0.08602059,-20.61414,8.486073,-10.96336,-6.758476874758536,2.007334016862357,12.908072788922405,20.015873804634893,12.77805269921999
3093,05/05/2023 11:22:34.536776,3275,True,True,True,True,Eyes,2.288046,0.02336957,-2.118824,-0.0149992,-0.3524019,0.9357285,0.0,0.0,0.0,0.0,0.0,0.0,0.0,-0.9701215,0.3914262,2.769416,2.215328,0.03368364,-1.963467,0.07555519,-0.2525127,0.01645736,0.9644989,8.862118,330.6289,359.6282,0.726453,0.00633991,-0.6871862,0.0,0.0,0.0,1.509855,-0.6830466,-0.08588784,0.3087002,-0.4008,2.069,0.8719329,-0.006411093,0.4895833,-0.06990349,0.9880412,0.1374344,-0.4846096,-0.1540572,0.8610575,static,-0.9183403,-20.63672,8.486078,-10.96336,-6.80805659211633,2.027501548335896,13.491366767343289,20.066714646144778,13.322190928619504
3094,05/05/2023 11:22:34.546722,3276,True,True,True,True,Eyes,2.284394,0.02363061,-2.112042,-0.02861061,-0.352579,0.9353446,0.0,0.0,0.0,0.0,0.0,0.0,0.0,-0.9144709,0.3980382,2.77944,2.209349,0.03338636,-1.958989,0.07651113,-0.2615928,0.01680164,0.9619943,8.974619,329.54,359.5532,0.7271814,0.006455359,-0.6864144,0.0,0.0,0.0,1.468615,-0.6876304,-0.09669396,0.3087002,-0.4008,2.069,0.8625738,-0.007703364,0.5058725,-0.07235568,0.9877275,0.1384162,-0.5007305,-0.1559969,0.8514305,static,-1.752035,-20.65398,8.486079,-10.96336,-6.8579989633554685,2.0479749143789494,14.097059773633509,20.11804077935194,13.885486188695278
3095,05/05/2023 11:22:34.556408,3277,True,True,True,True,Eyes,2.280621,0.02386987,-2.105359,-0.04238316,-0.352617,0.9348074,0.0,0.0,0.0,0.0,0.0,0.0,0.0,-0.8582963,0.40096,2.78897,2.203107,0.03306158,-1.954744,0.07669093,-0.270667,0.01719024,0.9594595,9.002022,328.4532,359.5052,0.7278903,0.006569279,-0.6856614,0.0,0.0,0.0,1.427095,-0.6891548,-0.1073382,0.3087001,-0.4008,2.069,0.8528876,-0.008528743,0.5220248,-0.07450209,0.987646,0.137858,-0.5167514,-0.1564693,0.8417157,static,-2.595951,-20.66689,8.486075,-10.96336,-6.908792690555556,2.0689313311714197,14.729894593159042,20.170338830823766,14.472757343277125
3096,05/05/2023 11:22:34.576399,3278,True,True,True,True,Eyes,2.276748,0.02407945,-2.098764,-0.05617294,-0.3523928,0.9341648,0.0,0.0,0.0,0.0,0.0,0.0,0.0,-0.8030263,0.3913868,2.798488,2.196558,0.03274497,-1.950289,0.07457566,-0.2795506,0.01726329,0.9570747,8.766087,327.3966,359.4985,0.7285794,0.006681298,-0.6849281,0.0,0.0,0.0,1.384984,-0.681346,-0.1150455,0.3087003,-0.4008001,2.069,0.8431069,-0.008650822,0.5376763,-0.07473984,0.9882809,0.133097,-0.5325266,-0.1524009,0.8325799,static,-3.441151,-20.66786,8.486083,-10.96337,-6.960290441915727,2.0905280016253496,15.376476743742568,20.22361751873185,15.071613304952878
3097,05/05/2023 11:22:34.596468,3279,True,True,True,True,Eyes,2.272742,0.02426098,-2.092269,-0.07008138,-0.3521192,0.9333278,0.0,0.0,0.0,0.0,0.0,0.0,0.0,-0.748234,0.3820057,2.806751,2.189698,0.03212609,-1.946233,0.07254478,-0.2882545,0.01720442,0.9546469,8.535828,326.3579,359.48,0.7292482,0.006790749,-0.6842148,0.0,0.0,0.0,1.343307,-0.6740856,-0.1237115,0.3087001,-0.4008,2.069,0.8332267,-0.008974415,0.5528587,-0.07467102,0.9888825,0.1285908,-0.5478663,-0.1484278,0.8232932,static,-4.294147,-20.67013,8.486077,-10.96336,-7.012195543570125,2.112258202671023,16.04853604921882,20.277283921097553,15.693764334295235
3098,05/05/2023 11:22:34.606485,3280,True,True,True,True,Eyes,2.268589,0.02440134,-2.085903,-0.08385837,-0.3517144,0.9323437,0.0,0.0,0.0,0.0,0.0,0.0,0.0,-0.6954168,0.3759757,2.812682,2.182609,0.03161253,-1.941998,0.071578,-0.2966209,0.01659495,0.9521645,8.404045,325.3478,359.3709,0.7298954,0.00689703,-0.6835233,0.0,0.0,0.0,1.302716,-0.6706029,-0.1338558,0.3087001,-0.4008002,2.069,0.8234813,-0.01086081,0.5672394,-0.07406528,0.9892024,0.1264632,-0.5624881,-0.1461529,0.8137854,static,-5.13956,-20.66832,8.486077,-10.96337,-7.06385197108835,2.134001742563856,16.728539630173014,20.330800219588085,16.323029638828036
3099,05/05/2023 11:22:34.626631,3281,True,True,True,True,Eyes,2.161247,0.02648589,-1.93034,-0.4229644,-0.3235036,0.8464316,2.111439,1.268184,-0.6565725,-0.1431507,0.2936978,0.9397528,0.1749463,0.3136132,-0.386836,2.066527,2.175212,0.03068292,-1.938564,0.07154369,-0.304408,0.01519958,0.9497296,8.345854,324.3945,359.1495,0.7305183,0.006999026,-0.6828566,0.0,0.0,0.0,1.26377,-0.6706738,-0.1457811,0.3087002,-0.4008,2.069,0.8142095,-0.01468597,0.5803855,-0.07242793,0.989301,0.1266406,-0.5760357,-0.1451481,0.8044345,static,-26.55144,-20.91671,8.486079,-10.96336,-8.35674155090789,2.6697359347577825,36.423850893307,21.668915729135925,34.73634980890953
3100,05/05/2023 11:22:34.647993,3282,True,True,True,True,Eyes,2.160895,0.02645384,-1.930255,-0.423284,-0.3236839,0.846203,0.0,0.0,0.0,0.0,0.0,0.0,0.0,-0.5992019,0.3766962,2.818743,2.167617,0.02940276,-1.935673,0.07289153,-0.3115078,0.01379149,0.9473435,8.435672,323.5136,358.8831,0.7322109,0.007231667,-0.6810389,-0.3220253,0.006253671,0.4666893,1.227979,-0.6764582,-0.1592892,0.3087002,-0.4008,2.069,0.8055454,-0.01928199,0.5922202,-0.0715431,0.9889932,0.1295143,-0.5881991,-0.1466989,0.7952995,static,-26.57493,-20.93252,8.486078,-10.96336,-8.357345681645409,2.669533295109193,36.45076724956093,21.669257045760627,34.75992659937985
3101,05/05/2023 11:22:34.656704,3283,True,True,True,True,Eyes,2.160233,0.02637823,-1.930085,-0.424022,-0.3239757,0.8457216,0.0,0.0,0.0,0.0,0.0,0.0,0.0,-0.5554721,0.3873034,2.818172,2.159488,0.02856074,-1.932988,0.07524541,-0.3180478,0.01307051,0.9449936,8.657466,322.696,358.6576,0.7336453,0.007429895,-0.6794913,-0.3027038,0.005878451,0.438688,1.195096,-0.6861537,-0.1734917,0.3087004,-0.4008,2.069,0.7973496,-0.02316017,0.6030732,-0.07256636,0.9883346,0.1338988,-0.5991392,-0.150527,0.7863675,static,-26.62795,-20.96064,8.486082,-10.96336,-8.359105738330141,2.669460743072155,36.5094624816009,21.67058262604692,34.81211395376104
3102,05/05/2023 11:22:34.676402,3284,True,True,True,True,Eyes,2.159266,0.02625827,-1.929838,-0.4254023,-0.3245862,0.8447939,0.0,0.0,0.0,0.0,0.0,0.0,0.0,-0.5157299,0.3944647,2.816992,2.151449,0.02744969,-1.930683,0.07691811,-0.3239047,0.01223456,0.9428785,8.799344,321.9626,358.4485,0.7348617,0.007597805,-0.6781737,-0.2845415,0.005525744,0.4123667,1.164639,-0.6932518,-0.1861225,0.3087003,-0.4008,2.069,0.7898721,-0.02675687,0.6126876,-0.07289967,0.9878678,0.1371232,-0.6089233,-0.1529745,0.7783388,static,-26.72788,-21.01774,8.486081,-10.96336,-8.362208135861614,2.6691154118108398,36.62121798211961,21.672776302523392,34.91098362671101
3103,05/05/2023 11:22:34.696659,3285,True,True,True,True,Eyes,2.158005,0.02608314,-1.929547,-0.4270411,-0.3254098,0.8436494,0.0,0.0,0.0,0.0,0.0,0.0,0.0,-0.479069,0.4075668,2.813775,2.143047,0.02629465,-1.928628,0.07951868,-0.3291631,0.0118555,0.9408444,9.057997,321.2962,358.2568,0.7359414,0.007744742,-0.6770002,-0.267469,0.005194199,0.3876247,1.137088,-0.704329,-0.1991966,0.3087001,-0.4008,2.069,0.7830222,-0.03004086,0.6212679,-0.07465758,0.9870725,0.1418246,-0.6174969,-0.1574342,0.7706569,static,-26.84776,-21.09247,8.486078,-10.96336,-8.365603383491022,2.668384199005424,36.75702622904013,21.67495364142253,35.03036128028041
3104,05/05/2023 11:22:34.706600,3286,True,True,True,True,Eyes,2.156472,0.02586455,-1.929203,-0.4291193,-0.326542,0.8421561,0.0,0.0,0.0,0.0,0.0,0.0,0.0,-0.4442508,0.4261197,2.809444,2.134749,0.02484011,-1.927211,0.08250998,-0.3340088,0.01262889,0.9388667,9.402446,320.6832,358.1758,0.7368973,0.007871327,-0.6759582,-0.2514209,0.004882547,0.3643672,1.112745,-0.718078,-0.2124867,0.3087001,-0.4008,2.069,0.7765573,-0.03140444,0.6292635,-0.0788318,0.9860652,0.1464954,-0.6250955,-0.1633681,0.7632605,static,-27.00104,-21.19356,8.486074,-10.96336,-8.369654300250655,2.6671674842680595,36.93226573186373,21.677335076786022,35.18365833288331
3105,05/05/2023 11:22:34.726704,3287,True,True,True,True,Eyes,2.154657,0.02562148,-1.928831,-0.431349,-0.3278126,0.8405219,0.0,0.0,0.0,0.0,0.0,0.0,0.0,-0.4116162,0.4434472,2.804414,2.126336,0.02364653,-1.925863,0.08505492,-0.3384374,0.01392822,0.9370337,9.719583,320.1271,358.1704,0.7377384,0.007978088,-0.6750388,-0.2363357,0.004589594,0.3425052,1.090366,-0.7302151,-0.2243473,0.3087002,-0.4008,2.069,0.7705324,-0.0314691,0.6366236,-0.08367392,0.9851434,0.149971,-0.6318849,-0.1688263,0.7564517,static,-27.16652,-21.30632,8.486078,-10.96336,-8.373837728688565,2.665669582634862,37.122561410969524,21.679649576107455,35.34953722635642
3106,05/05/2023 11:22:34.746892,3288,True,True,True,True,Eyes,2.152541,0.02536322,-1.928429,-0.4339134,-0.3289516,0.838755,0.0,0.0,0.0,0.0,0.0,0.0,0.0,-0.3815123,0.4587201,2.798938,2.117751,0.02285697,-1.924742,0.08718017,-0.342382,0.01546299,0.9353797,10.00195,319.6345,358.2095,0.7384729,0.008066267,-0.6742343,-0.2221555,0.004314219,0.3219548,1.069804,-0.7405051,-0.2348363,0.3086999,-0.4008001,2.069,0.765071,-0.03077031,0.6432105,-0.08862537,0.984321,0.1525047,-0.6378182,-0.1736816,0.7503484,static,-27.3539,-21.41463,8.48607,-10.96336,-8.379590035213955,2.664958916198966,37.3327268521039,21.683670466621646,35.534652257957354
3107,05/05/2023 11:22:34.756654,3289,True,True,True,True,Eyes,2.150144,0.02508282,-1.928009,-0.4365865,-0.3299854,0.83696,0.0,0.0,0.0,0.0,0.0,0.0,0.0,-0.3547295,0.4638841,2.793861,2.108783,0.02222121,-1.923335,0.08769187,-0.3457887,0.01639639,0.9340619,10.08789,319.2168,358.253,0.7391071,0.008137221,-0.6735383,-0.2088262,0.004055365,0.3026375,1.049504,-0.7438681,-0.241749,0.3087001,-0.4008001,2.069,0.7603227,-0.03001523,0.6488518,-0.0912762,0.9840826,0.1524799,-0.6431004,-0.1751586,0.7454807,static,-27.54806,-21.51767,8.486075,-10.96336,-8.386032025892147,2.664689966033718,37.54800054296267,21.688516347824965,35.72513101839509
3108,05/05/2023 11:22:34.776685,3290,True,True,True,True,Eyes,2.147506,0.02479864,-1.927539,-0.4396441,-0.3309149,0.83499,0.0,0.0,0.0,0.0,0.0,0.0,0.0,-0.3303132,0.4605096,2.789894,2.099633,0.02139837,-1.922438,0.08679362,-0.3487639,0.01672294,0.9330333,9.998791,318.8596,358.2931,0.7396472,0.008191979,-0.6729445,-0.1962966,0.003812043,0.2844793,1.029301,-0.7414296,-0.2463766,0.3087002,-0.4008,2.069,0.7561683,-0.02933484,0.6537194,-0.09174707,0.9843744,0.150298,-0.6479136,-0.1736274,0.7416613,static,-27.76798,-21.61892,8.486079,-10.96336,-8.394138918554875,2.665171797500105,37.78753435842409,21.69512931358955,35.938669463131646
3109,05/05/2023 11:22:34.796322,3291,True,True,True,True,Eyes,2.144584,0.0244617,-1.927065,-0.442768,-0.3315543,0.8330835,0.0,0.0,0.0,0.0,0.0,0.0,0.0,-0.3079163,0.4564815,2.785553,2.090358,0.02101818,-1.921577,0.08594482,-0.3514004,0.01690092,0.9321189,9.909916,318.5423,358.3191,0.7401007,0.008232156,-0.6724452,-0.1845188,0.003583321,0.2674105,1.010102,-0.7386256,-0.2504435,0.3087,-0.4007999,2.069,0.7524642,-0.02889474,0.657999,-0.09190943,0.9846557,0.1483436,-0.6521888,-0.1720996,0.7382624,static,-27.98979,-21.70179,8.486072,-10.96336,-8.403324282078241,2.66663699566946,38.02370822931325,21.70319158269209,36.151361779490735
3110,05/05/2023 11:22:34.806630,3292,True,True,True,True,Eyes,2.141389,0.02407775,-1.926623,-0.4461046,-0.3322101,0.8310398,0.0,0.0,0.0,0.0,0.0,0.0,0.0,-0.2871331,0.4401978,2.782705,2.080642,0.01936466,-1.920995,0.08253041,-0.3536938,0.01685636,0.9315607,9.537213,318.2878,358.4326,0.7404701,0.008257274,-0.6720381,-0.1734477,0.003368322,0.2513659,0.990256,-0.7268838,-0.2504056,0.3087002,-0.4008,2.069,0.7492332,-0.02697553,0.6617568,-0.08978643,0.9858092,0.1418402,-0.6561921,-0.1656881,0.7361789,static,-28.22703,-21.78918,8.486079,-10.96336,-8.41321384863559,2.6682674386200382,38.2759813867428,21.711917589408927,36.37855115506216
3111,05/05/2023 11:22:34.832955,3293,True,True,True,True,Eyes,2.055167,0.01361158,-1.915578,-0.5247201,-0.3457358,0.7779045,0.0,0.0,0.0,0.0,0.0,0.0,0.0,-0.2655858,0.4411287,2.777746,2.071398,0.01781938,-1.920936,0.08153313,-0.3560027,0.01885277,0.9307305,9.508503,318.0255,358.6661,0.7407607,0.008267397,-0.6717164,-0.1630408,0.003166222,0.2362839,0.9742286,-0.7262407,-0.2538153,0.3087001,-0.4008001,2.069,0.7458133,-0.02295834,0.6657593,-0.09314573,0.9859939,0.1383475,-0.6596109,-0.165194,0.7332289,static,-34.00085,-23.96252,8.486074,-10.96336,-8.651464573573966,2.70558346004639,44.431035005808454,21.92111410660235,41.87074353781562
3112,05/05/2023 11:22:34.846955,3294,True,True,True,True,Eyes,2.054816,0.01357895,-1.915533,-0.5249206,-0.3456892,0.77779,0.0,0.0,0.0,0.0,0.0,0.0,0.0,-0.2514771,0.4431925,2.771294,2.061848,0.01657792,-1.920478,0.08056911,-0.3570349,0.02150181,0.9303614,9.512955,317.9258,358.982,0.7398417,0.007925234,-0.6727327,-0.4119242,-0.02842224,0.2552429,0.9632981,-0.7260022,-0.2536074,0.3087002,-0.4008,2.069,0.7441276,-0.01752306,0.6678077,-0.09754086,0.9860926,0.134563,-0.6608781,-0.1652706,0.7320694,static,-34.01492,-23.96278,8.486079,-10.96336,-8.652309074897419,2.705930574278837,44.4445703808058,21.92199467680472,41.88354362945856
3113,05/05/2023 11:22:34.856421,3295,True,True,True,True,Eyes,2.054094,0.01350363,-1.915476,-0.5248485,-0.345588,0.7778836,0.0,0.0,0.0,0.0,0.0,0.0,0.0,-0.2490723,0.4424113,2.764279,2.052422,0.01577283,-1.919978,0.07917687,-0.356127,0.02414798,0.930764,9.473385,318.0694,359.3354,0.739009,0.007616383,-0.673651,-0.3872087,-0.0267169,0.2399283,0.9593673,-0.7236022,-0.2480773,0.3087001,-0.4008,2.069,0.7451809,-0.0114419,0.6667643,-0.1013462,0.9862958,0.1301904,-0.6591163,-0.1645894,0.7338092,static,-34.00806,-23.954,8.486076,-10.96336,-8.65235079892625,2.7062015114286924,44.435439932514406,21.922193892420673,41.87647400923304
3114,05/05/2023 11:22:34.876335,3296,True,True,True,True,Eyes,2.053034,0.01338371,-1.915404,-0.5248116,-0.3454513,0.7779692,0.0,0.0,0.0,0.0,0.0,0.0,0.0,-0.2594861,0.4424828,2.755932,2.042764,0.01467467,-1.919683,0.07769114,-0.3529696,0.02728583,0.9320043,9.443741,318.4954,359.7686,0.7382472,0.00733562,-0.674489,-0.3639762,-0.02511389,0.2255326,0.963949,-0.7213998,-0.2371109,0.3087001,-0.4008001,2.069,0.7493359,-0.003984186,0.6621781,-0.1057062,0.9864391,0.1255548,-0.6536986,-0.1640791,0.7387532,static,-34.00328,-23.94325,8.486077,-10.96336,-8.652622619197153,2.7066259293857318,44.42772785868696,21.922671825000542,41.871084196652156
3115,05/05/2023 11:22:34.896510,3297,True,True,True,True,Eyes,2.051615,0.01322596,-1.915362,-0.5244978,-0.3453037,0.7782463,0.0,0.0,0.0,0.0,0.0,0.0,0.0,-0.2740746,0.4435135,2.74715,2.032858,0.01349876,-1.919886,0.07596849,-0.3489282,0.03125039,0.9335424,9.418695,319.0372,0.3096792,0.737545,0.007078939,-0.6752595,-0.3421376,-0.02360705,0.2120007,0.9723347,-0.7188337,-0.2241038,0.3087001,-0.4008001,2.069,0.754545,0.005332037,0.6562267,-0.1113622,0.9865044,0.1200313,-0.6467305,-0.1636479,0.7449558,static,-33.97794,-23.9266,8.486075,-10.96336,-8.651949677346158,2.706823919099561,44.39862792044169,21.922267634150764,41.8464522681381
3116,05/05/2023 11:22:34.906617,3298,True,True,True,True,Eyes,2.04983,0.01309743,-1.915365,-0.5244728,-0.345418,0.7782125,0.0,0.0,0.0,0.0,0.0,0.0,0.0,-0.2821876,0.4476274,2.738691,2.022771,0.01243729,-1.920592,0.07483228,-0.3458579,0.03528329,0.9346324,9.455838,319.4545,0.8243206,0.7368894,0.006842325,-0.6759775,-0.3216094,-0.02219063,0.1992806,0.9773481,-0.7184056,-0.2148205,0.3087001,-0.4008,2.069,0.7582748,0.01419114,0.6517807,-0.1177165,0.9863104,0.1154753,-0.6412193,-0.1642873,0.7495649,static,-33.97783,-23.93456,8.486075,-10.96336,-8.651525826301361,2.706416188774395,44.40084748390536,21.921682032472518,41.84711823682152
3117,05/05/2023 11:22:34.932942,3299,True,True,True,True,Eyes,2.047683,0.01306422,-1.915384,-0.5244106,-0.3456137,0.7781675,0.0,0.0,0.0,0.0,0.0,0.0,0.0,-0.2803582,0.458861,2.730026,2.012537,0.0130882,-1.921384,0.07600866,-0.3444989,0.03824358,0.9349229,9.699119,319.6389,1.112602,0.7362702,0.006625358,-0.676654,-0.3023128,-0.02085919,0.1873238,0.9759744,-0.724573,-0.2131422,0.3087003,-0.4008,2.069,0.7597159,0.0191398,0.6499734,-0.1238794,0.9855202,0.1157747,-0.638346,-0.1684742,0.7510864,static,-33.97621,-23.94782,8.486081,-10.96336,-8.65073213523741,2.7057001835729566,44.40317959854092,21.92061976163505,41.84693920516525
3118,05/05/2023 11:22:34.946830,3300,True,True,True,True,Eyes,2.04518,0.01306312,-1.915425,-0.5244178,-0.3456926,0.7781276,0.0,0.0,0.0,0.0,0.0,0.0,0.0,-0.275683,0.4602923,2.722566,2.001693,0.01535846,-1.921777,0.07738347,-0.3439109,0.03748407,0.9350573,9.816792,319.6976,0.9811918,0.7356759,0.006428874,-0.6773021,-0.2841741,-0.01960764,0.1760844,0.9672512,-0.7270673,-0.214313,0.3087001,-0.4008,2.069,0.7606405,0.01687347,0.648954,-0.1233255,0.9852135,0.1189336,-0.6373515,-0.1704983,0.7514742,static,-33.97794,-23.95377,8.486074,-10.96336,-8.650525839073037,2.705441822269318,44.406567498066046,21.920291907294278,41.84907722289926
3119,05/05/2023 11:22:34.966520,3301,True,True,True,True,Eyes,2.042177,0.01311544,-1.915649,-0.5260446,-0.3462968,0.7767597,0.0,0.0,0.0,0.0,0.0,0.0,0.0,-0.26942,0.4469818,2.717726,1.990661,0.0160967,-1.922348,0.0767328,-0.34378,0.03409883,0.9352885,9.612253,319.6905,0.6407582,0.7350986,0.006252318,-0.6779304,-0.2671236,-0.01843118,0.1655193,0.9527084,-0.7211286,-0.2147624,0.3087002,-0.4008,2.069,0.7613052,0.0110261,0.6483,-0.1165429,0.9858987,0.1200896,-0.637834,-0.1669796,0.7518548,static,-34.10702,-24.02838,8.486079,-10.96336,-8.654488481492796,2.704952330481573,44.55184429430729,21.92308864077329,41.973527042611764
3120,05/05/2023 11:22:34.976604,3302,True,True,True,True,Eyes,2.038905,0.01323516,-1.915836,-0.5275078,-0.3466088,0.7756274,0.0,0.0,0.0,0.0,0.0,0.0,0.0,-0.2566437,0.4553378,2.710476,1.979955,0.01761578,-1.923369,0.07955822,-0.3445513,0.03284576,0.9348133,9.867967,319.5675,0.3829919,0.7345247,0.00609557,-0.6785538,-0.2510962,-0.01732531,0.1555882,0.9392806,-0.7297944,-0.2218781,0.3087001,-0.4008,2.069,0.7604111,0.00658553,0.6494086,-0.1162331,0.9851833,0.1261101,-0.6389561,-0.1713783,0.7499098,static,-34.21981,-24.0787,8.486078,-10.96336,-8.658730512437469,2.705281238879966,44.67443355191137,21.926609684248003,42.08077985907565
3121,05/05/2023 11:22:34.996331,3303,True,True,True,True,Eyes,2.035328,0.01339612,-1.91606,-0.529143,-0.3468166,0.7744197,0.0,0.0,0.0,0.0,0.0,0.0,0.0,-0.2406963,0.4454848,2.705778,1.968784,0.01902479,-1.923838,0.07923665,-0.3459785,0.03041464,0.9343958,9.736798,319.3738,0.1168642,0.7339505,0.005959275,-0.679176,-0.2360304,-0.0162858,0.1462529,0.9200017,-0.7252946,-0.2259735,0.3087,-0.4008,2.069,0.7587476,0.002010281,0.6513816,-0.111667,0.985593,0.1270311,-0.6417418,-0.1691224,0.7480409,static,-34.34389,-24.12477,8.486072,-10.96336,-8.663883838669262,2.7061154811434074,44.806566015591336,21.931154670876012,42.19785707793301
3122,05/05/2023 11:22:35.006858,3304,True,True,True,True,Eyes,2.031478,0.01356979,-1.916302,-0.5307952,-0.3470442,0.7731862,0.0,0.0,0.0,0.0,0.0,0.0,0.0,-0.2166642,0.4352952,2.702335,1.957896,0.02013914,-1.92491,0.07847645,-0.3487175,0.02852006,0.9335011,9.578954,319.0255,359.9137,0.733369,0.005842602,-0.679805,-0.2218686,-0.01530865,0.1374777,0.8965198,-0.7198259,-0.2329793,0.3087002,-0.4007999,2.069,0.7551655,-0.001485214,0.6555326,-0.1079792,0.9860561,0.1266248,-0.6465799,-0.1664066,0.7444751,static,-34.46974,-24.1729,8.486079,-10.96336,-8.669037162980466,2.706890264944012,44.94100947878631,21.935673066299003,42.31671270387129
3123,05/05/2023 11:22:35.032710,3305,True,True,True,True,Eyes,2.027352,0.01376997,-1.916566,-0.5326544,-0.347319,0.7717829,2.153117,0.8804845,-0.7340485,-0.2548265,0.5067577,-0.5560207,-0.6588154,0.3079097,-0.4111345,2.058147,1.947081,0.02083652,-1.925853,0.08022495,-0.3522734,0.02796155,0.9320329,9.743917,318.5688,359.7442,0.7327768,0.005744313,-0.6804442,-0.2085565,-0.01439013,0.129229,0.8728768,-0.7257035,-0.2449424,0.3087001,-0.4008001,2.069,0.7502431,-0.004400067,0.6611474,-0.1086444,0.9855642,0.1298444,-0.6521745,-0.1692448,0.7389348,static,-34.61192,-24.22878,8.486076,-10.96336,-8.674780313664016,2.7076890377777305,45.09333240061568,21.94066022733923,42.451076465255
3124,05/05/2023 11:22:35.046856,3306,True,True,True,True,Eyes,2.022995,0.01398796,-1.916836,-0.5346044,-0.347564,0.7703229,0.0,0.0,0.0,0.0,0.0,0.0,0.0,-0.1565791,0.4420809,2.691026,1.936339,0.02167091,-1.926577,0.08123334,-0.3561834,0.02695392,0.9304882,9.809587,318.0687,359.5518,0.7321694,0.005663497,-0.6810985,-0.1960431,-0.01352672,0.1214753,0.8471869,-0.7281409,-0.2567778,0.3087001,-0.4008,2.069,0.7448138,-0.007707329,0.6672278,-0.1080285,0.9853492,0.1319722,-0.6584696,-0.1703744,0.7330692,static,-34.76066,-24.28454,8.486074,-10.96336,-8.680929846050141,2.7086619198519992,45.25189320082814,21.946074920750952,42.59135401506659
3125,05/05/2023 11:22:35.056579,3307,True,True,True,True,Eyes,1.908076,0.01924428,-1.924222,-0.5848045,-0.3561247,0.7288202,0.0,0.0,0.0,0.0,0.0,0.0,0.0,-0.1284252,0.4454958,2.685091,1.925945,0.02233559,-1.927411,0.08265084,-0.3596704,0.02599855,0.9290481,9.92012,317.617,359.3517,0.7315448,0.005599163,-0.68177,-0.1842805,-0.01271512,0.1141868,0.8237246,-0.7323247,-0.2684062,0.3087001,-0.4008,2.069,0.7399226,-0.01114629,0.6725996,-0.1077619,0.9849858,0.1348713,-0.6640044,-0.172275,0.7276123,static,-38.74352,-26.0416,8.486074,-10.96336,-8.831765336032314,2.7212860558046525,49.57809870197158,22.07208864020979,46.35251825370921
3126,05/05/2023 11:22:35.076493,3308,True,True,True,True,Eyes,1.907658,0.01923323,-1.924263,-0.5848179,-0.3561247,0.7288094,0.0,0.0,0.0,0.0,0.0,0.0,0.0,-0.1039127,0.4534195,2.678032,1.915627,0.02237901,-1.928242,0.0846471,-0.3625193,0.02551349,0.9277735,10.11154,317.2425,359.1834,0.7287194,0.005754131,-0.6847879,-0.5179794,0.003816752,0.08517908,0.8035382,-0.739731,-0.2792593,0.3087003,-0.4008,2.069,0.7358577,-0.01403094,0.6769908,-0.1087139,0.9843679,0.1385684,-0.6683522,-0.1755649,0.7228293,static,-38.74458,-26.04194,8.486082,-10.96336,-8.831812167596437,2.7212959076715264,49.5792195155858,22.07213776940149,46.353505906760894
3127,05/05/2023 11:22:35.096526,3309,True,True,True,True,Eyes,1.906844,0.01920889,-1.924339,-0.5849956,-0.3562477,0.7286067,0.0,0.0,0.0,0.0,0.0,0.0,0.0,-0.08098912,0.4607574,2.670819,1.905421,0.02211573,-1.928993,0.08646684,-0.3651311,0.02501814,0.9265943,10.28293,316.8975,359.0228,0.7262898,0.005888873,-0.687363,-0.4869007,0.003587747,0.08006833,0.7842616,-0.7467048,-0.2892931,0.3087002,-0.4008,2.069,0.7321067,-0.01678012,0.6809832,-0.1095068,0.9837952,0.1419695,-0.6723302,-0.1785091,0.7184055,static,-38.76085,-26.05603,8.48608,-10.96336,-8.832066088181765,2.720995853856791,49.59900283426876,22.07214939842946,46.36930059882102
3128,05/05/2023 11:22:35.106855,3310,True,True,True,True,Eyes,1.905657,0.01919742,-1.924427,-0.5850989,-0.3562819,0.728507,0.0,0.0,0.0,0.0,0.0,0.0,0.0,-0.05858254,0.4681976,2.663386,1.895116,0.02178502,-1.929851,0.08848771,-0.3676774,0.02405454,0.9254214,10.45513,316.5538,358.8027,0.7240797,0.006009306,-0.6896898,-0.4576866,0.003372482,0.07526424,0.7647456,-0.75407,-0.2998175,0.3087002,-0.4008,2.069,0.7284694,-0.0205487,0.68477,-0.109591,0.9831826,0.1460882,-0.676256,-0.1814655,0.7139665,static,-38.76962,-26.0613,8.486079,-10.96336,-8.832324795511889,2.7209523811976,49.60895967687895,22.072324648088124,46.37764112044315
3129,05/05/2023 11:22:35.132913,3311,True,True,True,True,Eyes,1.904094,0.01921895,-1.924528,-0.5854174,-0.35618,0.728301,0.0,0.0,0.0,0.0,0.0,0.0,0.0,-0.0369153,0.4698995,2.656532,1.884742,0.02206995,-1.930438,0.08981011,-0.3701883,0.0222669,0.9243371,10.51631,316.2129,358.5238,0.7220611,0.006117426,-0.6918019,-0.4302254,0.003170133,0.07074838,0.7440162,-0.7573107,-0.3093248,0.3087,-0.4008,2.069,0.7249296,-0.02532905,0.6883571,-0.1076575,0.9828767,0.1495437,-0.6803579,-0.1825155,0.7097896,static,-38.79275,-26.06122,8.486073,-10.96336,-8.833739682107698,2.72154882204214,49.63096292482072,22.073799872493755,46.398644520929956
3130,05/05/2023 11:22:35.146617,3312,True,True,True,True,Eyes,1.902071,0.01926265,-1.924739,-0.5830248,-0.3557633,0.7304208,0.0,0.0,0.0,0.0,0.0,0.0,0.0,-0.01718867,0.4575266,2.651705,1.874187,0.02283578,-1.930819,0.08889461,-0.3724491,0.01918938,0.9235862,10.28227,315.9138,358.2079,0.7202086,0.006215767,-0.6937294,-0.4044119,0.002979925,0.06650348,0.7213954,-0.7501456,-0.3151869,0.3087002,-0.4008,2.069,0.7218269,-0.03077132,0.6913892,-0.1016635,0.9834591,0.1499095,-0.6845659,-0.1784978,0.7067589,static,-38.59701,-25.96915,8.486078,-10.96336,-8.82662644693775,2.7212192802652853,49.4165044204853,22.068018609401346,46.21421120030876
3131,05/05/2023 11:22:35.156734,3313,True,True,True,True,Eyes,1.899717,0.01928967,-1.924953,-0.5808539,-0.3552178,0.7324131,0.0,0.0,0.0,0.0,0.0,0.0,0.0,8.165836e-05,0.4409813,2.647413,1.863646,0.02301995,-1.931206,0.08689559,-0.3742561,0.01634391,0.9231005,9.942533,315.6849,357.9713,0.7184963,0.00630619,-0.6955019,-0.3801472,0.00280113,0.06251327,0.700163,-0.7395113,-0.3182732,0.3087001,-0.4008,2.069,0.7193305,-0.03486826,0.6937924,-0.09521655,0.984364,0.1481931,-0.6881115,-0.1726603,0.7047631,static,-38.41683,-25.87323,8.486077,-10.96336,-8.820663971608546,2.721484081885504,49.2157181037476,22.063504721686233,46.04354470556081
3132,05/05/2023 11:22:35.176447,3314,True,True,True,True,Eyes,1.897106,0.01930786,-1.925132,-0.5789459,-0.3548031,0.7341229,0.0,0.0,0.0,0.0,0.0,0.0,0.0,0.01564384,0.4302955,2.642071,1.853352,0.02260822,-1.931453,0.08523799,-0.3757004,0.01526372,0.9226867,9.716026,315.5122,357.9138,0.7169045,0.006388935,-0.6971418,-0.3573384,0.002633062,0.05876247,0.6826521,-0.7324323,-0.3202197,0.3087001,-0.4008,2.069,0.7172325,-0.03588061,0.6959095,-0.09221514,0.985003,0.1458267,-0.6907054,-0.1687651,0.7031675,static,-38.26011,-25.79457,8.486074,-10.96336,-8.815227810370308,2.721471716233281,49.04253774659256,22.059230798809537,45.895372671557745
3133,05/05/2023 11:22:35.196690,3315,True,True,True,True,Eyes,1.894191,0.01935043,-1.925304,-0.5772105,-0.3543915,0.7356866,0.0,0.0,0.0,0.0,0.0,0.0,0.0,0.03359842,0.4325426,2.634869,1.843288,0.02254061,-1.931977,0.08533832,-0.3774245,0.01648797,0.9219525,9.776288,315.3049,358.0219,0.7154173,0.006464515,-0.6986672,-0.3358981,0.002475078,0.05523672,0.6678086,-0.7340238,-0.3249436,0.3087002,-0.4007999,2.069,0.7145576,-0.03401531,0.6987491,-0.09481978,0.9848911,0.1449098,-0.6931209,-0.1698017,0.7005362,static,-38.11729,-25.72083,8.486079,-10.96336,-8.810381575845012,2.7215650638688107,48.88411728722389,22.055491888766966,45.760134373717676
3134,05/05/2023 11:22:35.206597,3316,True,True,True,True,Eyes,1.891002,0.01938124,-1.92547,-0.5758433,-0.3539677,0.7369609,2.150107,0.652877,-0.7416872,-0.3409249,0.04225395,-0.5775011,-0.8152958,0.3008568,-0.4111491,2.061493,1.833078,0.02317625,-1.931969,0.08502541,-0.3791589,0.0174014,0.9212526,9.779421,315.0977,358.1151,0.7140188,0.006534615,-0.7000955,-0.3157442,0.002326573,0.05192252,0.6522395,-0.7330234,-0.3286976,0.3087003,-0.4008,2.069,0.7118714,-0.03241409,0.7015615,-0.09653845,0.9849357,0.143464,-0.6956432,-0.1698555,0.6980184,static,-38.0032,-25.65531,8.486082,-10.96336,-8.806856811032638,2.7219760628162013,48.75558158486087,22.052985191903986,45.65156959493969
3135,05/05/2023 11:22:35.232874,3317,True,True,True,True,Eyes,1.887554,0.01939013,-1.925639,-0.5745993,-0.3536927,0.738063,0.0,0.0,0.0,0.0,0.0,0.0,0.0,0.0693289,0.4287317,2.620835,1.823009,0.02298173,-1.932228,0.08434919,-0.3809822,0.01812014,0.9205484,9.735609,314.8811,358.2028,0.7126958,0.006599392,-0.7014417,-0.2967995,0.002186979,0.04880717,0.6360989,-0.7312657,-0.3325242,0.3087001,-0.4008,2.069,0.7090484,-0.03091015,0.7044819,-0.09763201,0.9851137,0.1414881,-0.6983683,-0.1691019,0.6954756,static,-37.90159,-25.60455,8.486076,-10.96336,-8.803319704228466,2.721955862184614,48.64339627887485,22.050194422389012,45.55540610314915
3136,05/05/2023 11:22:35.246823,3318,True,True,True,True,Eyes,1.883829,0.01939406,-1.925827,-0.5749452,-0.3541608,0.7375692,0.0,0.0,0.0,0.0,0.0,0.0,0.0,0.08755052,0.4388846,2.612054,1.81336,0.02250518,-1.932441,0.08575325,-0.3828271,0.02004557,0.919613,9.966222,314.6508,358.325,0.7114357,0.006658624,-0.7027192,-0.2789916,0.00205576,0.04587874,0.6227393,-0.739042,-0.3389653,0.3086998,-0.4008,2.069,0.7060832,-0.028789,0.7075436,-0.1025257,0.9844891,0.1423716,-0.7006676,-0.1730676,0.6921796,moving,-37.9369,-25.64906,8.486069,-10.96336,-8.80314071686355,2.720596013284256,48.69046965541574,22.049204629808926,45.59084603707448
3137,05/05/2023 11:22:35.256448,3319,True,True,True,True,Eyes,1.879856,0.01939805,-1.926001,-0.5753766,-0.3546672,0.7369891,0.0,0.0,0.0,0.0,0.0,0.0,0.0,0.1064284,0.451072,2.60246,1.803471,0.02264477,-1.932504,0.0877065,-0.3847738,0.02203612,0.9185702,10.25835,314.4028,358.4271,0.7102269,0.006712719,-0.7039403,-0.2622521,0.001932415,0.04312601,0.606763,-0.7461333,-0.3486374,0.3052986,-0.3986379,2.06873,0.7029272,-0.02701086,0.7107489,-0.1079778,0.9836439,0.1441713,-0.703018,-0.178087,0.6885135,moving,-37.9796,-25.69863,8.394988,-10.90703,-8.803147275903408,2.719168031587415,48.6764197813453,21.941949087633713,45.56553715177039
3138,05/05/2023 11:22:35.276572,3320,True,True,True,True,Eyes,1.87572,0.01937298,-1.926103,-0.5759591,-0.3554209,0.7361705,0.0,0.0,0.0,0.0,0.0,0.0,0.0,0.1234192,0.4540662,2.594167,1.793544,0.02266213,-1.932303,0.08837195,-0.3865308,0.02245834,0.9177581,10.3447,314.1785,358.4218,0.7090591,0.006762282,-0.7051162,-0.246517,0.00181647,0.04053845,0.5893214,-0.747108,-0.3559922,0.3023084,-0.3967372,2.068494,0.7001792,-0.02709432,0.7134529,-0.1095396,0.983372,0.1448465,-0.7055143,-0.1795698,0.6855686,moving,-38.03862,-25.77111,8.314859,-10.85748,-8.802948594729274,2.716992616534098,48.69354551868596,21.84686805167288,45.56515157320567
3139,05/05/2023 11:22:35.296761,3321,True,True,True,True,Eyes,1.871358,0.01931874,-1.926194,-0.5765784,-0.356309,0.7352559,0.0,0.0,0.0,0.0,0.0,0.0,0.0,0.1401978,0.4621601,2.585242,1.783804,0.02204627,-1.932429,0.08993843,-0.3882484,0.02290193,0.9168695,10.52747,313.95,358.3773,0.7079271,0.006806687,-0.7062522,-0.231726,0.001707482,0.03810614,0.5726079,-0.7520638,-0.3650678,0.2991042,-0.3947007,2.068239,0.6974774,-0.02784073,0.7160659,-0.1118331,0.9827732,0.1471403,-0.7078268,-0.1827069,0.6823485,moving,-38.1031,-25.85508,8.228939,-10.80436,-8.802480786804193,2.7143725559970275,48.715315973684504,21.744548509337214,45.56652925318742
3140,05/05/2023 11:22:35.306969,3322,True,True,True,True,Eyes,1.866835,0.01923791,-1.926225,-0.5774413,-0.3573042,0.7340949,0.0,0.0,0.0,0.0,0.0,0.0,0.0,0.1550933,0.4731199,2.575504,1.774006,0.02132399,-1.932244,0.09206614,-0.3896735,0.02342285,0.9160405,10.7735,313.7526,358.3177,0.7068229,0.006845428,-0.707357,-0.2178224,0.001605033,0.03581978,0.5572953,-0.7593431,-0.3738905,0.2958921,-0.3926591,2.067984,0.6952119,-0.02883891,0.7182263,-0.114664,0.9819504,0.150418,-0.7096004,-0.1869271,0.6793568,moving,-38.1887,-25.95347,8.14275,-10.75107,-8.802545406441158,2.711559866073985,48.761831639741544,21.64221428880287,45.58824941823561
3141,05/05/2023 11:22:35.331892,3323,True,True,True,True,Eyes,1.862102,0.01912414,-1.926252,-0.5783521,-0.3583891,0.7328479,0.0,0.0,0.0,0.0,0.0,0.0,0.0,0.171051,0.4824158,2.566058,1.764165,0.02068451,-1.932338,0.09388644,-0.3912533,0.02390511,0.9151694,10.98487,313.5378,358.2656,0.7057412,0.006878122,-0.708436,-0.2047531,0.001508731,0.03367059,0.541151,-0.7652375,-0.3830876,0.2925841,-0.3905561,2.067722,0.6926988,-0.02971231,0.7206148,-0.1172212,0.9812278,0.1531381,-0.7116373,-0.1905499,0.6762124,moving,-38.27995,-26.0603,8.053923,-10.69615,-8.802512322014273,2.708462545555967,48.81480198057377,21.53655147096969,45.61408806730018
3142,05/05/2023 11:22:35.346697,3324,True,True,True,True,Eyes,1.738824,0.01533186,-1.926687,-0.6073691,-0.3832487,0.6958615,0.0,0.0,0.0,0.0,0.0,0.0,0.0,0.1875583,0.49108,2.556453,1.754402,0.01980716,-1.932219,0.09552585,-0.3929709,0.02444008,0.9142492,11.17915,313.3074,358.2249,0.7046759,0.006904172,-0.7094954,-0.1924679,0.001418207,0.03165035,0.5246993,-0.7708105,-0.3921169,0.2894152,-0.3885422,2.067471,0.6899532,-0.03038911,0.7232159,-0.1197664,0.980555,0.1554604,-0.7138773,-0.1938773,0.6728975,moving,-41.11545,-28.84396,7.968777,-10.64352,-8.829571785930206,2.639480603195922,52.3499508727671,21.41547634208182,48.329001555125046
3143,05/05/2023 11:22:35.356347,3325,True,True,True,True,Eyes,1.738429,0.01529906,-1.926678,-0.6074806,-0.3833203,0.6957247,0.0,0.0,0.0,0.0,0.0,0.0,0.0,0.2055182,0.4971317,2.547149,1.74455,0.01875018,-1.932237,0.09662685,-0.3949297,0.02489474,0.9132767,11.31234,313.0511,358.1971,0.7008938,0.006794644,-0.7132331,-0.5507535,-0.01004375,0.02844349,0.50695,-0.7743999,-0.4012341,0.2862282,-0.3865165,2.067218,0.6868216,-0.03085007,0.7261711,-0.1217932,0.980087,0.1568307,-0.7165491,-0.1961574,0.6693876,moving,-41.12624,-28.85325,7.883087,-10.59055,-8.829743025393542,2.6392843724670083,52.301437306090634,21.31542176407977,48.278632637637024
3144,05/05/2023 11:22:35.376666,3326,True,True,True,True,Eyes,1.737681,0.01521914,-1.926633,-0.6075747,-0.3830513,0.6957908,0.0,0.0,0.0,0.0,0.0,0.0,0.0,0.2237109,0.5017596,2.537747,1.734697,0.01794534,-1.931961,0.09754075,-0.396984,0.02523988,0.9122788,11.42052,312.7833,358.1647,0.6977235,0.006701784,-0.7163354,-0.5177082,-0.009441123,0.02673688,0.488814,-0.7770269,-0.4100066,0.2832297,-0.3846101,2.06698,0.6835334,-0.0313926,0.7292439,-0.1234958,0.9796975,0.157929,-0.7193962,-0.1980084,0.6657791,moving,-41.12794,-28.83395,7.802412,-10.54068,-8.830858120602208,2.6403096721802064,52.23813811897208,21.222727526004746,48.22128399167533
3145,05/05/2023 11:22:35.396799,3327,True,True,True,True,Eyes,1.736567,0.01508857,-1.926581,-0.6077732,-0.3828752,0.6957142,0.0,0.0,0.0,0.0,0.0,0.0,0.0,0.2419475,0.5052789,2.528487,1.724799,0.01670526,-1.931807,0.09812874,-0.3990309,0.02563101,0.9113114,11.49642,312.5202,358.1522,0.694971,0.006618613,-0.7190069,-0.4866458,-0.008874656,0.02513267,0.4704419,-0.7787825,-0.418543,0.2800612,-0.3825965,2.066729,0.6802348,-0.03159715,0.732313,-0.1250285,0.9794276,0.1583965,-0.7222524,-0.1993068,0.6622901,moving,-41.14034,-28.82549,7.717113,-10.48797,-8.832057738759824,2.6410575900605,52.18539406191745,21.12454538211874,48.17111709655724
3146,05/05/2023 11:22:35.406536,3328,True,True,True,True,Eyes,1.735095,0.01492358,-1.926529,-0.6080359,-0.3825512,0.6956629,0.0,0.0,0.0,0.0,0.0,0.0,0.0,0.2606734,0.5110722,2.518528,1.714917,0.01537682,-1.931567,0.09906694,-0.4011634,0.02636702,0.9102518,11.62508,312.2447,358.1581,0.692463,0.006538824,-0.7214234,-0.457447,-0.008342177,0.02362471,0.4523119,-0.7822204,-0.4278119,0.2767256,-0.3804762,2.066464,0.6767455,-0.03148279,0.7355435,-0.1274853,0.9789811,0.1591967,-0.7250951,-0.2015067,0.6585075,moving,-41.1547,-28.80678,7.627254,-10.43243,-8.833914046083251,2.6423771065694592,52.12768721112242,21.021908436566637,48.11855836014428
3147,05/05/2023 11:22:35.426722,3329,True,True,True,True,Eyes,1.733271,0.01472736,-1.926464,-0.608429,-0.3822835,0.6954664,2.125529,0.4400381,-0.7978274,-0.4482299,0.3856913,-0.6568323,-0.6479303,0.2705345,-0.390372,2.057672,1.704869,0.01437026,-1.931514,0.1005399,-0.4035206,0.02759418,0.9090112,11.83263,311.9381,358.1866,0.6901692,0.006460823,-0.7236188,-0.4300002,-0.007841646,0.02220722,0.4342587,-0.7879906,-0.4385297,0.2735114,-0.378433,2.066208,0.6728194,-0.03097302,0.7391581,-0.1313067,0.9782606,0.1605142,-0.7280608,-0.2050535,0.6541257,moving,-41.18106,-28.79669,7.540608,-10.37888,-8.836050501747724,2.643565462967924,52.08662647838046,20.923169681452183,48.07970005474974
3148,05/05/2023 11:22:35.446550,3330,True,True,True,True,Eyes,1.731122,0.01449138,-1.926373,-0.6089812,-0.381828,0.6952332,0.0,0.0,0.0,0.0,0.0,0.0,0.0,0.3018669,0.5223444,2.497423,1.694651,0.01343388,-1.931079,0.100954,-0.4060343,0.0282299,0.9078258,11.90104,311.6183,358.2006,0.6880618,0.006383275,-0.7256236,-0.4042002,-0.007371147,0.02087479,0.4143657,-0.7891338,-0.4478903,0.2704461,-0.3764848,2.065965,0.6686785,-0.03072592,0.7429165,-0.1332372,0.9780227,0.1603727,-0.7315168,-0.2062219,0.6498889,moving,-41.21635,-28.77597,7.457921,-10.32779,-8.839288659347663,2.6455232533564623,52.05304988849204,20.8304080481024,48.050523341999536
3149,05/05/2023 11:22:35.456486,3331,True,True,True,True,Eyes,1.728645,0.0142248,-1.926271,-0.6096854,-0.3814697,0.6948127,0.0,0.0,0.0,0.0,0.0,0.0,0.0,0.3245363,0.5244913,2.486888,1.684299,0.0122335,-1.930806,0.1012254,-0.4088543,0.02894735,0.9065062,11.95793,311.2613,358.2257,0.6861174,0.006304671,-0.7274631,-0.3799482,-0.006928878,0.0196223,0.3932602,-0.7899967,-0.4582537,0.2672212,-0.3744352,2.06571,0.6640005,-0.03029096,0.7471184,-0.1352548,0.9778309,0.1598524,-0.7353976,-0.2071934,0.6451831,moving,-41.26636,-28.7679,7.370876,-10.27401,-8.842761666238093,2.6472145442450463,52.034648966355064,20.73258522458922,48.03246252803766
3150,05/05/2023 11:22:35.476537,3332,True,True,True,True,Eyes,1.725849,0.01392347,-1.926145,-0.6106103,-0.3809526,0.694284,0.0,0.0,0.0,0.0,0.0,0.0,0.0,0.3496481,0.5292181,2.475215,1.674023,0.01124874,-1.930423,0.1019639,-0.4121186,0.03009419,0.9049067,12.0837,310.845,358.2667,0.6843134,0.006223975,-0.7291611,-0.3571513,-0.006513146,0.01844496,0.3715766,-0.7929021,-0.4704836,0.2639841,-0.3723776,2.065454,0.6585052,-0.02957756,0.7519948,-0.1385073,0.9773954,0.1597308,-0.7397208,-0.2093403,0.6395233,moving,-41.33105,-28.75351,7.283443,-10.21999,-8.84746120178302,2.6496032864380474,52.02749555030925,20.63570938265589,48.02649454568541
3151,05/05/2023 11:22:35.496642,3333,True,True,True,True,Eyes,1.722742,0.01357957,-1.926003,-0.6117115,-0.380508,0.693558,0.0,0.0,0.0,0.0,0.0,0.0,0.0,0.3758919,0.5300007,2.463589,1.663411,0.01020567,-1.929877,0.1019941,-0.4156097,0.03094928,0.9032763,12.12138,310.4047,358.308,0.6826295,0.006140083,-0.7307385,-0.3357222,-0.006122357,0.01733826,0.3482082,-0.7929636,-0.4822998,0.2608658,-0.3703955,2.065206,0.6526216,-0.02886799,0.757134,-0.140691,0.9772787,0.1585321,-0.7445073,-0.2099834,0.6337316,moving,-41.41198,-28.75057,7.199172,-10.16792,-8.852551176877212,2.6518254993100805,52.04189638925165,20.54272843646087,48.03818877789829
3152,05/05/2023 11:22:35.506743,3334,True,True,True,True,Eyes,1.719335,0.01320633,-1.925829,-0.6130102,-0.3800367,0.6926692,0.0,0.0,0.0,0.0,0.0,0.0,0.0,0.4034643,0.5329353,2.451034,1.652907,0.008957047,-1.929298,0.1024249,-0.4193778,0.03188191,0.9014516,12.20461,309.9237,358.3332,0.6810483,0.006051715,-0.7322132,-0.3155788,-0.005755016,0.01629797,0.3243464,-0.794723,-0.4957701,0.257566,-0.3682979,2.064944,0.6462116,-0.02842947,0.7626285,-0.1433894,0.9769853,0.1579211,-0.7495665,-0.2114033,0.6272628,moving,-41.50873,-28.75161,7.109936,-10.11279,-8.858397439618876,2.65425041405052,52.06899552144208,20.444681307686107,48.0607171106476
3153,05/05/2023 11:22:35.526662,3335,True,True,True,True,Eyes,1.715636,0.01279188,-1.925628,-0.6145146,-0.3795938,0.6915781,0.0,0.0,0.0,0.0,0.0,0.0,0.0,0.4322928,0.5358593,2.437676,1.642118,0.007667096,-1.928646,0.1028704,-0.4233721,0.03284375,0.8994972,12.2908,309.4125,358.3567,0.6795536,0.005958194,-0.7336014,-0.2966441,-0.005409715,0.01532009,0.2997192,-0.7967331,-0.509926,0.2544159,-0.3662959,2.064694,0.6393548,-0.02801921,0.7684011,-0.1461906,0.976678,0.157253,-0.7548866,-0.2128736,0.6203476,moving,-41.62329,-28.76153,7.024695,-10.06013,-8.864864576227674,2.6566797400041886,52.118795136881516,20.351789933319232,48.10262582715524
3154,05/05/2023 11:22:35.546685,3336,True,True,True,True,Eyes,1.711645,0.01234397,-1.925392,-0.6162341,-0.3791553,0.6902874,0.0,0.0,0.0,0.0,0.0,0.0,0.0,0.4616385,0.5356587,2.424441,1.631468,0.006265109,-1.927751,0.1028109,-0.4275858,0.03326989,0.8974928,12.29796,308.8734,358.346,0.6781313,0.005858479,-0.734917,-0.2788455,-0.005085132,0.01440088,0.2736567,-0.796256,-0.5242023,0.2511634,-0.3642284,2.064436,0.6321272,-0.02820194,0.7743514,-0.1476399,0.9766461,0.1560926,-0.7606694,-0.2129955,0.6132007,moving,-41.75596,-28.77874,6.936627,-10.00572,-8.872054207269038,2.659202041224158,52.18615054468924,20.25622501413693,48.15923666845754
3155,05/05/2023 11:22:35.556625,3337,True,True,True,True,Eyes,1.707369,0.01187716,-1.925112,-0.6181668,-0.3787378,0.688787,0.0,0.0,0.0,0.0,0.0,0.0,0.0,0.4910026,0.5371742,2.41013,1.620478,0.005012104,-1.926757,0.1032558,-0.4318461,0.0333457,0.8953968,12.33987,308.3175,358.2715,0.6767684,0.005751878,-0.7361731,-0.2621147,-0.004780024,0.01353683,0.2471381,-0.7970148,-0.5396554,0.2478406,-0.3621163,2.064172,0.6247941,-0.02946592,0.7802334,-0.1488965,0.9764526,0.1561094,-0.7664608,-0.2137102,0.6056945,moving,-41.90708,-28.80473,6.846603,-9.95011,-8.879908986132833,2.6617502312400463,52.27253869297807,20.158923526376945,48.23157892361962
3156,05/05/2023 11:22:35.576414,3338,True,True,True,True,Eyes,1.702825,0.01138624,-1.92476,-0.6202935,-0.3782244,0.6871552,0.0,0.0,0.0,0.0,0.0,0.0,0.0,0.5198675,0.5362531,2.395702,1.609411,0.004095385,-1.925356,0.1034643,-0.436164,0.03269138,0.8933014,12.31976,307.7495,358.1319,0.6754536,0.005638348,-0.7373806,-0.2463879,-0.004493223,0.01272462,0.2197045,-0.7957507,-0.5548161,0.2447581,-0.360157,2.063928,0.6173845,-0.03184832,0.7860167,-0.1486613,0.9764528,0.156332,-0.7724871,-0.2133672,0.5981122,moving,-42.0725,-28.82929,6.763037,-9.89849,-8.888710858078566,2.664737393653779,52.376376952958175,20.070174228379773,48.32095467915246
3157,05/05/2023 11:22:35.596534,3339,True,True,True,True,Eyes,1.698016,0.01084672,-1.924351,-0.6226099,-0.3776447,0.6853768,0.0,0.0,0.0,0.0,0.0,0.0,0.0,0.5472136,0.5289568,2.382387,1.59813,0.002993353,-1.923792,0.1024758,-0.4402894,0.03132654,0.8914385,12.13919,307.2153,357.9843,0.6741775,0.005517659,-0.7385484,-0.2316046,-0.00422363,0.01196114,0.1911761,-0.7891715,-0.5679531,0.2415513,-0.3581187,2.063673,0.6103278,-0.03438668,0.7914023,-0.1460894,0.9770347,0.1551163,-0.7785615,-0.2102873,0.5912878,moving,-42.25263,-28.8549,6.676048,-9.844756,-8.898354865035731,2.668047874927958,52.49191467005581,19.978295358084114,48.420990389138176
3158,05/05/2023 11:22:35.606775,3340,True,True,True,True,Eyes,1.692955,0.01025489,-1.923874,-0.6250528,-0.377009,0.6835008,0.0,0.0,0.0,0.0,0.0,0.0,0.0,0.5724909,0.523192,2.368788,1.587013,0.001273122,-1.921983,0.1016448,-0.4441138,0.03003508,0.8896794,11.97826,306.7183,357.8417,0.6729314,0.005388618,-0.7396849,-0.2177083,-0.003970212,0.01124347,0.1640802,-0.7838177,-0.5802785,0.2383249,-0.356068,2.063418,0.6037218,-0.03684053,0.7963434,-0.1437269,0.9775324,0.1541846,-0.7841318,-0.2075405,0.5848627,moving,-42.44252,-28.88049,6.588473,-9.790667,-8.908595180595121,2.671609332263083,52.616153572238424,19.886363508085093,48.52921164088924
3159,05/05/2023 11:22:35.633637,3341,True,True,True,True,Eyes,1.687647,0.009619607,-1.923324,-0.6276493,-0.3763103,0.6815034,0.0,0.0,0.0,0.0,0.0,0.0,0.0,0.5975717,0.520352,2.354175,1.575762,-0.0006041434,-1.920148,0.101251,-0.4478709,0.0293249,0.8878626,11.89164,306.2282,357.738,0.6717079,0.005249994,-0.7407973,-0.2046458,-0.003731999,0.01056887,0.138126,-0.7809876,-0.5929458,0.235122,-0.3540322,2.063163,0.5971034,-0.03862175,0.8012339,-0.1427677,0.9777765,0.1535263,-0.7893572,-0.2060614,0.5783197,moving,-42.64437,-28.90645,6.501488,-9.736942,-8.919545544459929,2.675458270096275,52.75211271141876,19.795857042433006,48.648446022627304
3160,05/05/2023 11:22:35.646592,3342,True,True,True,True,Eyes,1.682075,0.008964137,-1.922734,-0.6303238,-0.3755818,0.6794338,0.0,0.0,0.0,0.0,0.0,0.0,0.0,0.6216449,0.5141499,2.339932,1.564608,-0.002300102,-1.917831,0.1001698,-0.4515321,0.02871372,0.8861492,11.73943,305.7601,357.6837,0.6705,0.005101012,-0.7418916,-0.1923671,-0.003508079,0.009934735,0.1123891,-0.775588,-0.6038912,0.2319736,-0.3520309,2.062913,0.5905887,-0.03957048,0.806002,-0.141349,0.9782831,0.1516005,-0.794497,-0.2034611,0.5721696,moving,-42.85267,-28.93322,6.415932,-9.684096,-8.930846844689544,2.6794311923184098,52.89540545077408,19.707369828138084,48.77446044680834
3161,05/05/2023 11:22:35.656785,3343,True,True,True,True,Eyes,1.676261,0.008328517,-1.922057,-0.6331116,-0.3747934,0.6772737,0.0,0.0,0.0,0.0,0.0,0.0,0.0,0.6457129,0.5080489,2.325262,1.553354,-0.003524927,-1.915458,0.09902193,-0.4551336,0.02896506,0.8844259,11.62592,305.3067,357.7238,0.6693012,0.004941903,-0.7429743,-0.180825,-0.003297594,0.009338651,0.08754288,-0.7704617,-0.6145805,0.2285106,-0.3498297,2.062639,0.5840289,-0.03890152,0.8108002,-0.1413713,0.9787114,0.1487891,-0.7993276,-0.201521,0.5660962,moving,-43.06977,-28.9595,6.321766,-9.625937,-8.942710533561172,2.6836544126902746,53.04064938058607,19.60944376036755,48.90211394668424
3162,05/05/2023 11:22:35.676472,3344,True,True,True,True,Eyes,1.670215,0.007833231,-1.921297,-0.6359752,-0.3742059,0.6749114,0.0,0.0,0.0,0.0,0.0,0.0,0.0,0.6680932,0.4998185,2.310645,1.541773,-0.00370539,-1.912634,0.09771226,-0.4584949,0.02897981,0.8828335,11.48442,304.8842,357.7524,0.668106,0.004774347,-0.7440504,-0.1699755,-0.003099739,0.008778332,0.06304987,-0.7635992,-0.6237705,0.2253702,-0.3478336,2.06239,0.5778852,-0.03843245,0.8152126,-0.1407698,0.979225,0.1459531,-0.8038859,-0.1991015,0.5604695,moving,-43.29869,-29.00626,6.236322,-9.573164,-8.954221871743137,2.6871385627851447,53.21055002520985,19.52095392265422,49.0483117799471
3163,05/05/2023 11:22:35.696835,3345,True,True,True,True,Eyes,1.663926,0.00749711,-1.920431,-0.6390355,-0.3733949,0.6724656,0.0,0.0,0.0,0.0,0.0,0.0,0.0,0.692336,0.4980095,2.29394,1.530077,-0.0008305125,-1.91007,0.09832595,-0.4621666,0.02932935,0.880837,11.55616,304.3967,357.7059,0.6669101,0.00460466,-0.7451236,-0.159777,-0.002913754,0.008251632,0.03924856,-0.7612439,-0.63701,0.2222847,-0.3458727,2.062145,0.5710836,-0.03921719,0.8199547,-0.1425547,0.9789436,0.1461082,-0.8084193,-0.2003284,0.553468,moving,-43.53985,-29.04177,6.152327,-9.521297,-8.96706927909109,2.691508456159526,53.38877523546554,19.435759850188347,49.205305407016326
3164,05/05/2023 11:22:35.706686,3346,True,True,True,True,Eyes,1.657414,0.00719052,-1.919497,-0.6422467,-0.3723542,0.6699788,0.0,0.0,0.0,0.0,0.0,0.0,0.0,0.7154959,0.47741,2.280298,1.518018,0.002602756,-1.906628,0.09562289,-0.4659536,0.0269989,0.8792125,11.14579,303.9184,357.5678,0.6657099,0.004439322,-0.7461971,-0.1501904,-0.002738929,0.007756534,0.009945266,-0.7422412,-0.6461859,0.2192269,-0.3439288,2.061903,0.5643165,-0.04163614,0.824508,-0.1365872,0.9802547,0.1429852,-0.8141811,-0.1933061,0.547487,moving,-43.78931,-29.064,6.069037,-9.469847,-8.98111883750281,2.69676645038965,53.57037985080765,19.352872489228112,49.368963984461026
3165,05/05/2023 11:22:35.726680,3347,True,True,True,True,Eyes,1.650729,0.006989065,-1.918501,-0.6454823,-0.3716201,0.6672714,0.0,0.0,0.0,0.0,0.0,0.0,0.0,0.7379078,0.4496866,2.268709,1.506415,0.002909875,-1.903804,0.09061947,-0.4695282,0.02501328,0.8778985,10.52114,303.5004,357.5996,0.6645009,0.004278964,-0.7472749,-0.141179,-0.002574593,0.007291141,-0.01925384,-0.7182708,-0.6523441,0.2159975,-0.3418759,2.061646,0.5578352,-0.04117857,0.8289296,-0.129015,0.9823249,0.1356205,-0.8198628,-0.1825982,0.5426627,moving,-44.04909,-29.11453,5.981026,-9.415486,-8.994314755021026,2.700849166980916,53.76862320617287,19.263084088681442,49.5410114580722
3166,05/05/2023 11:22:35.746862,3348,True,True,True,True,Eyes,1.643815,0.006887096,-1.91746,-0.6487861,-0.3710488,0.6643789,0.0,0.0,0.0,0.0,0.0,0.0,0.0,0.7637647,0.4605296,2.248596,1.495637,0.005286966,-1.901224,0.09339932,-0.4735717,0.02755235,0.8753555,10.9301,302.9481,357.6519,0.6632813,0.004127289,-0.7483585,-0.1327082,-0.002420117,0.006853673,-0.03934036,-0.7275385,-0.6695853,0.2128053,-0.3398471,2.061393,0.5499414,-0.04022634,0.8342338,-0.1366987,0.9810349,0.1374192,-0.8239404,-0.1896112,0.5340129,moving,-44.31969,-29.18291,5.89398,-9.361738,-9.007235156653772,2.704300986898083,53.98417837035666,19.17382356177903,49.72491963161215
3167,05/05/2023 11:22:35.756459,3349,True,True,True,True,Eyes,1.636738,0.006859295,-1.91637,-0.6521994,-0.3705092,0.6613311,0.0,0.0,0.0,0.0,0.0,0.0,0.0,0.7875291,0.4492443,2.232301,1.483778,0.007533843,-1.898298,0.09206635,-0.4774093,0.0268235,0.8734326,10.74505,302.4536,357.6053,0.6620468,0.003987327,-0.7494515,-0.1247457,-0.00227491,0.006442453,-0.06569605,-0.7169362,-0.6814995,0.2095884,-0.3378026,2.061137,0.5427217,-0.04104961,0.8389089,-0.1347637,0.9816086,0.1352159,-0.8290307,-0.1864391,0.5272083,moving,-44.60168,-29.25963,5.806211,-9.307539,-9.020413176188445,2.7076202674633136,54.212926598184694,19.08383705349753,49.91912758388217
3168,05/05/2023 11:22:35.776434,3350,True,True,True,True,Eyes,1.629493,0.006898268,-1.915238,-0.6556582,-0.3703648,0.6579835,0.0,0.0,0.0,0.0,0.0,0.0,0.0,0.8104373,0.4473235,2.215205,1.472839,0.009289056,-1.89597,0.09265577,-0.4811964,0.0255661,0.8713273,10.72362,301.9357,357.3972,0.6607953,0.003860846,-0.7505558,-0.117261,-0.002138416,0.006055905,-0.09009449,-0.7129992,-0.6967232,0.206452,-0.3358087,2.060889,0.5355929,-0.04461834,0.8432967,-0.1337241,0.9815226,0.1368624,-0.8338214,-0.1860716,0.51973,moving,-44.89858,-29.37423,5.720588,-9.254648,-9.032515460105422,2.709394502564982,54.471072587814426,18.99453539067897,50.13135243668348
3169,05/05/2023 11:22:35.796428,3351,True,True,True,True,Eyes,1.622092,0.00696893,-1.914063,-0.6591904,-0.3701683,0.654556,0.0,0.0,0.0,0.0,0.0,0.0,0.0,0.8306038,0.4596404,2.195774,1.461595,0.01100907,-1.89373,0.09622401,-0.4844627,0.02465713,0.8691542,11.02037,301.446,357.0584,0.6595244,0.00374913,-0.7516733,-0.1102253,-0.002010111,0.005692551,-0.1109364,-0.7203521,-0.714224,0.2032929,-0.333801,2.060638,0.5293759,-0.05037218,0.8468906,-0.1360955,0.9802659,0.1433761,-0.8374002,-0.1911579,0.5120737,moving,-45.20212,-29.48928,5.634302,-9.201367,-9.044999134176448,2.711315900710535,54.73519174770152,18.904864339124867,50.348932639797425
3170,05/05/2023 11:22:35.816804,3352,True,True,True,True,Eyes,1.614567,0.007004347,-1.912889,-0.6626897,-0.3702218,0.6509825,0.0,0.0,0.0,0.0,0.0,0.0,0.0,0.8484997,0.4557387,2.180414,1.45051,0.01179372,-1.891491,0.09629197,-0.4873837,0.022468,0.8675715,10.89335,301.0417,356.7964,0.6582325,0.003652008,-0.7528054,-0.1036118,-0.001889504,0.005350998,-0.1340941,-0.7138458,-0.7262536,0.2001001,-0.3317715,2.060385,0.5239047,-0.05487706,0.8500074,-0.1328475,0.9804461,0.1451792,-0.8413534,-0.1889814,0.50637,moving,-45.5106,-29.62742,5.547043,-9.147473,-9.05657407117842,2.7121892614354657,55.011918143601015,18.812687753665887,50.57209520603523
3171,05/05/2023 11:22:35.826947,3353,True,True,True,True,Eyes,1.60693,0.007005112,-1.911711,-0.6660987,-0.3706576,0.6472445,0.0,0.0,0.0,0.0,0.0,0.0,0.0,0.8657774,0.4625078,2.163922,1.440235,0.01099425,-1.889879,0.09797761,-0.4900693,0.02230054,0.8658726,11.04208,300.6575,356.6465,0.6569182,0.003566662,-0.7539531,0.0,0.0,0.0,-0.1526162,-0.7179701,-0.7396259,0.1969064,-0.3297414,2.060132,0.5186697,-0.05741277,0.853045,-0.1346505,0.9798061,0.1478146,-0.8443052,-0.1915298,0.500465,moving,-45.82247,-29.79848,5.459718,-9.093537,-9.066630597779769,2.711474851190115,55.304226517514856,18.718256018949983,50.800896618342286
3172,05/05/2023 11:22:35.846520,3354,True,True,True,True,Eyes,1.599176,0.007052029,-1.910513,-0.6695057,-0.3713935,0.6432955,0.0,0.0,0.0,0.0,0.0,0.0,0.0,0.88489,0.4841786,2.143341,1.429943,0.01028283,-1.888524,0.1025723,-0.4929399,0.02473158,0.863642,11.62784,300.2191,356.5815,0.6555805,0.003490558,-0.7551169,0.0,0.0,0.0,-0.1670801,-0.7365307,-0.7573057,0.1935812,-0.3276278,2.059868,0.5127972,-0.0584055,0.8565208,-0.1438424,0.9777346,0.1527891,-0.8463737,-0.2015539,0.4929783,moving,-46.14376,-29.99911,5.368744,-9.037353,-9.07571203857291,2.709497510856146,55.61414680526049,18.618023718286178,51.037785076778285
3173,05/05/2023 11:22:35.856407,3355,True,True,True,True,Eyes,1.591296,0.007163173,-1.909303,-0.6730007,-0.3720409,0.6392618,0.0,0.0,0.0,0.0,0.0,0.0,0.0,0.9054815,0.4978957,2.123077,1.419178,0.01157173,-1.887075,0.106102,-0.4961605,0.02595973,0.8613323,12.03672,299.7384,356.4495,0.654218,0.003424607,-0.7562979,0.0,0.0,0.0,-0.1845596,-0.7473891,-0.7751279,0.1905201,-0.325682,2.059625,0.5063017,-0.06056735,0.8602269,-0.1500072,0.9761369,0.1570178,-0.8492094,-0.2085386,0.4851342,moving,-46.47278,-30.19877,5.284953,-8.985602,-9.085315763217148,2.707767482288195,55.936226382332165,18.526724323970587,51.28631944823145
3174,05/05/2023 11:22:35.879465,3356,True,True,True,True,Eyes,1.583318,0.007264207,-1.90809,-0.6769247,-0.3720753,0.635085,0.0,0.0,0.0,0.0,0.0,0.0,0.0,0.9264377,0.4921539,2.106744,1.408359,0.01321244,-1.88553,0.1058081,-0.4996375,0.02468018,0.859394,11.91872,299.2666,356.29,0.6528295,0.003370404,-0.7574972,0.0,0.0,0.0,-0.2079212,-0.7399318,-0.789533,0.1872743,-0.3236192,2.059368,0.4995067,-0.06331135,0.8639935,-0.1481514,0.9763911,0.1571994,-0.8535481,-0.2065239,0.4783342,moving,-46.82653,-30.36463,5.19606,-8.930706,-9.098199047825434,2.7083901568287665,56.2651132438732,18.433512987877418,51.550051590721544
3175,05/05/2023 11:22:35.896540,3357,True,True,True,True,Eyes,1.57527,0.007340828,-1.906891,-0.6807833,-0.3722652,0.6308349,0.0,0.0,0.0,0.0,0.0,0.0,0.0,0.9470977,0.4805783,2.092164,1.398009,0.01302451,-1.884277,0.1037576,-0.5030155,0.02389415,0.857694,11.65527,298.84,356.2886,0.651414,0.003326393,-0.7587149,0.0,0.0,0.0,-0.231058,-0.7289286,-0.8012723,0.1840768,-0.3215868,2.059114,0.4928088,-0.06339562,0.8678251,-0.1453711,0.9773268,0.1539462,-0.8579084,-0.2020228,0.4724194,moving,-47.18086,-30.5455,5.108442,-8.876591,-9.110331110552115,2.708264149460774,56.601349108457526,18.34073001827756,51.81626444334143
3176,05/05/2023 11:22:35.906840,3358,True,True,True,True,Eyes,1.567157,0.00742877,-1.9057,-0.6848165,-0.3725245,0.6263002,0.0,0.0,0.0,0.0,0.0,0.0,0.0,0.9684479,0.4848486,2.074035,1.388292,0.01254536,-1.883369,0.1046573,-0.5062774,0.02711152,0.855567,11.91935,298.406,356.5089,0.6499714,0.003290599,-0.7599513,0.0,0.0,0.0,-0.2470857,-0.7355019,-0.8158286,0.180822,-0.319518,2.058856,0.4858962,-0.05957986,0.8719833,-0.1523627,0.9766237,0.1516308,-0.8606338,-0.2065346,0.46546,moving,-47.55547,-30.74426,5.019204,-8.821475,-9.122762524766078,2.707747486213833,56.96231077091677,18.246045827088757,52.10052201851425
3177,05/05/2023 11:22:35.926737,3359,True,True,True,True,Eyes,1.55898,0.007539588,-1.904534,-0.6887655,-0.3729699,0.6216876,0.0,0.0,0.0,0.0,0.0,0.0,0.0,0.9893438,0.493778,2.054695,1.378494,0.01296651,-1.882545,0.1067211,-0.5093521,0.03144458,0.853336,12.36687,297.9843,356.7691,0.6485015,0.00326268,-0.7612062,0.0,0.0,0.0,-0.2605452,-0.7473559,-0.8310263,0.1776623,-0.3175094,2.058605,0.4791432,-0.05505167,0.8760086,-0.1623828,0.9752437,0.1501052,-0.8625854,-0.2141706,0.458342,moving,-47.93023,-30.96087,4.932533,-8.767937,-9.1342676618648,2.7063266620269246,57.332346778556506,18.153060553150578,52.38793755367931
3178,05/05/2023 11:22:35.949506,3360,True,True,True,True,Eyes,1.550739,0.007699747,-1.903394,-0.6929045,-0.3732997,0.6168717,0.0,0.0,0.0,0.0,0.0,0.0,0.0,1.010687,0.4987493,2.035964,1.368781,0.01366425,-1.881924,0.1081411,-0.5125979,0.03469081,0.8510848,12.68786,297.5414,356.9554,0.6470038,0.003242804,-0.7624796,0.0,0.0,0.0,-0.2757768,-0.7548147,-0.8467177,0.1744714,-0.3154814,2.058352,0.4720798,-0.05181621,0.8800316,-0.1699155,0.9742041,0.1485097,-0.8650257,-0.2196395,0.4510977,moving,-48.32231,-31.18022,4.844962,-8.713852,-9.146685553265442,2.705210032416513,57.71911730989489,18.05993297205101,52.68994991591848
3179,05/05/2023 11:22:35.956715,3361,True,True,True,True,Eyes,1.542413,0.00789923,-1.902275,-0.6970451,-0.37353,0.6120486,0.0,0.0,0.0,0.0,0.0,0.0,0.0,1.031979,0.5049517,2.016676,1.359005,0.01504033,-1.88144,0.110089,-0.5158982,0.03728248,0.8487283,13.02282,297.0756,357.0404,0.6454779,0.003232199,-0.7637718,0.0,0.0,0.0,-0.2913816,-0.762265,-0.8639536,0.1711865,-0.313393,2.058091,0.4649182,-0.05030399,0.8839234,-0.1768748,0.9729809,0.1484033,-0.8675059,-0.2253392,0.443459,moving,-48.71487,-31.39549,4.754764,-8.658125,-9.159346531335494,2.7043132392892217,58.103266063425224,17.96406063839363,52.989952632061836
3180,05/05/2023 11:22:35.976359,3362,True,True,True,True,Eyes,1.534054,0.008090472,-1.90116,-0.7013295,-0.3733864,0.6072229,0.0,0.0,0.0,0.0,0.0,0.0,0.0,1.050909,0.4959171,2.00153,1.348652,0.01616465,-1.880782,0.1088684,-0.5189296,0.03725045,0.8470374,12.8907,296.6819,357.0666,0.6439226,0.003231584,-0.7650834,0.0,0.0,0.0,-0.3118861,-0.7543505,-0.8764536,0.1678898,-0.3112978,2.05783,0.4586489,-0.04988504,0.8872163,-0.1760951,0.9735201,0.1457705,-0.8709947,-0.2230919,0.4377194,moving,-49.11343,-31.5877,4.664194,-8.602183,-9.17358190280814,2.70474313663461,58.483902356483235,17.86982430231614,53.29293350196693
3181,05/05/2023 11:22:35.996400,3363,True,True,True,True,Eyes,1.525645,0.008292976,-1.900084,-0.7054871,-0.3734161,0.602369,0.0,0.0,0.0,0.0,0.0,0.0,0.0,1.069518,0.4874898,1.987138,1.339081,0.01615258,-1.880647,0.1074371,-0.5218326,0.03797643,0.8454027,12.78481,296.3137,357.1836,0.6423391,0.003239669,-0.7664134,0.0,0.0,0.0,-0.3304513,-0.7483698,-0.8883398,0.1648033,-0.3093359,2.057585,0.4524968,-0.04791762,0.8904777,-0.1763391,0.9740301,0.1420205,-0.8741574,-0.2212899,0.4322958,moving,-49.50817,-31.7953,4.579357,-8.549777,-9.186777783430887,2.7042923357506323,58.87117220269406,17.780903899674744,53.597560307401736
3182,05/05/2023 11:22:36.006628,3364,True,True,True,True,Eyes,1.517176,0.008515273,-1.899045,-0.7097531,-0.3733168,0.5973986,0.0,0.0,0.0,0.0,0.0,0.0,0.0,1.087272,0.4908724,1.970004,1.329498,0.01665478,-1.880475,0.1086169,-0.5244148,0.04079817,0.8435206,13.06355,295.9579,357.3468,0.6407267,0.003256088,-0.7677618,0.0,0.0,0.0,-0.3441358,-0.7545906,-0.902134,0.1614686,-0.3072165,2.057321,0.4466491,-0.04509249,0.8935723,-0.1827489,0.9730757,0.1404509,-0.8758468,-0.2260316,0.4263828,moving,-49.91271,-32.00143,4.487652,-8.493131,-9.20064839920047,2.7041672946566697,59.26246288844604,17.684712520091267,53.905659735373106
3183,05/05/2023 11:22:36.026530,3365,True,True,True,True,Eyes,1.508661,0.008734667,-1.898049,-0.7139257,-0.3732352,0.5924573,0.0,0.0,0.0,0.0,0.0,0.0,0.0,1.104829,0.4850218,1.954863,1.319624,0.01731446,-1.880338,0.107883,-0.5270118,0.04266788,0.8419023,13.09856,295.6259,357.5364,0.6390846,0.00328087,-0.7691291,0.0,0.0,0.0,-0.3603768,-0.7525566,-0.9135172,0.1584029,-0.3052676,2.057078,0.440876,-0.04186689,0.8965911,-0.1855556,0.9730814,0.136681,-0.8781784,-0.2266269,0.4212397,moving,-50.31213,-32.21003,4.403306,-8.441014,-9.214077307320444,2.7037854825255394,59.655218198229335,17.596581589734722,54.21440529455171
3184,05/05/2023 11:22:36.046868,3366,True,True,True,True,Eyes,1.500102,0.008963278,-1.897092,-0.7180654,-0.3733033,0.5873896,0.0,0.0,0.0,0.0,0.0,0.0,0.0,1.121945,0.479225,1.940036,1.310031,0.01745811,-1.880337,0.1070398,-0.5295091,0.04489289,0.8403257,13.14634,295.3109,357.769,0.6374125,0.003313104,-0.7705152,0.0,0.0,0.0,-0.3758416,-0.7512481,-0.9246069,0.1551411,-0.3031944,2.056818,0.4352096,-0.03790776,0.8995308,-0.1888063,0.9730542,0.1323541,-0.8803095,-0.2274389,0.4163253,moving,-50.71626,-32.43715,4.313521,-8.385548,-9.226822940627958,2.7025822115458684,60.05627657184855,17.50107269908609,54.52458825638267
3185,05/05/2023 11:22:36.056673,3367,True,True,True,True,Eyes,1.491486,0.00920354,-1.896166,-0.7221213,-0.3733077,0.5823935,0.0,0.0,0.0,0.0,0.0,0.0,0.0,1.138927,0.4785162,1.923749,1.300399,0.01789691,-1.880316,0.1073808,-0.5318869,0.04832288,0.8385885,13.38547,294.9996,358.0453,0.6357101,0.003352476,-0.7719201,0.0,0.0,0.0,-0.3887904,-0.7560423,-0.936447,0.1519278,-0.3011522,2.056564,0.4295224,-0.03318288,0.9024464,-0.1952749,0.9722685,0.128692,-0.8816906,-0.2315012,0.4111313,moving,-51.1137,-32.65942,4.225028,-8.330876,-9.239414715387989,2.7014543183452595,60.45041662236846,17.40699657864747,54.82917807761135
3186,05/05/2023 11:22:36.076727,3368,True,True,True,True,Eyes,1.482833,0.009426869,-1.895257,-0.72629,-0.3729573,0.5774128,0.0,0.0,0.0,0.0,0.0,0.0,0.0,1.155115,0.4668753,1.910052,1.290449,0.01839191,-1.88015,0.1053865,-0.534223,0.0505515,0.8372241,13.32508,294.7247,358.3538,0.6339772,0.003398802,-0.7733439,0.0,0.0,0.0,-0.4049473,-0.7507052,-0.9451516,0.148826,-0.2991802,2.056318,0.4241007,-0.02795388,0.9051836,-0.1972456,0.9726765,0.1224526,-0.8838738,-0.2304757,0.406999,moving,-51.51471,-32.85887,4.139564,-8.278061,-9.253420101171344,2.701578673612532,60.84089402335864,17.318328744327342,55.137259438177956
3187,05/05/2023 11:22:36.096697,3369,True,True,True,True,Eyes,1.47414,0.009609986,-1.894393,-0.7303683,-0.3725693,0.5724984,0.0,0.0,0.0,0.0,0.0,0.0,0.0,1.169957,0.4515864,1.89815,1.280726,0.01812394,-1.88019,0.1024362,-0.5364214,0.05145443,0.8361288,13.09123,294.4743,358.5967,0.632214,0.003450739,-0.7747857,0.0,0.0,0.0,-0.4226816,-0.7404007,-0.9528486,0.1456426,-0.297157,2.056065,0.419209,-0.02385289,0.9075763,-0.195943,0.9737185,0.1160972,-0.8864931,-0.2265022,0.4035178,moving,-51.90892,-33.05519,4.051814,-8.223845,-9.267174783281607,2.701688095701411,61.222540328932624,17.226802826829132,55.43732889550491
3188,05/05/2023 11:22:36.106933,3370,True,True,True,True,Eyes,1.465405,0.00975989,-1.893575,-0.7345615,-0.3719822,0.5674933,0.0,0.0,0.0,0.0,0.0,0.0,0.0,1.18439,0.4435628,1.884766,1.271093,0.01732116,-1.880397,0.1009782,-0.5384901,0.05289205,0.8348858,13.03665,294.2197,358.7982,0.6304201,0.003506098,-0.7762458,0.0,0.0,0.0,-0.4383752,-0.7365963,-0.9623587,0.142162,-0.2949448,2.055789,0.4144618,-0.0204339,0.9098372,-0.1970692,0.9740117,0.1116469,-0.8884735,-0.2255743,0.3996637,moving,-52.31174,-33.24416,3.955824,-8.164533,-9.281839762862672,2.702391907771439,61.603785995287865,17.126756810609265,55.73856174380017
3189,05/05/2023 11:22:36.133932,3371,True,True,True,True,Eyes,1.456632,0.009857127,-1.892808,-0.7386855,-0.3713492,0.5625331,0.0,0.0,0.0,0.0,0.0,0.0,0.0,1.199456,0.4346985,1.87108,1.261386,0.01659662,-1.880752,0.09937576,-0.5407238,0.05397098,0.8335644,12.94637,293.9413,358.9715,0.6285954,0.003563187,-0.777724,0.0,0.0,0.0,-0.4547679,-0.7318374,-0.9724056,0.1390598,-0.2929729,2.055543,0.4094099,-0.01749309,0.9121829,-0.1974462,0.9744232,0.1073054,-0.8907293,-0.224039,0.3954846,moving,-52.70955,-33.4303,3.870227,-8.111631,-9.296347489084914,2.70311136895028,61.9863385376269,17.038701132521517,56.042424972026225
3190,05/05/2023 11:22:36.146857,3372,True,True,True,True,Eyes,1.447824,0.009914214,-1.892096,-0.7428508,-0.370706,0.5574493,0.0,0.0,0.0,0.0,0.0,0.0,0.0,1.213493,0.4274765,1.857511,1.251674,0.01552949,-1.881148,0.09807155,-0.5428401,0.05420805,0.8323269,12.83286,293.6682,359.0458,0.6267389,0.003619661,-0.7792206,0.0,0.0,0.0,-0.4714187,-0.7269097,-0.9827011,0.1360205,-0.291041,2.055302,0.4047722,-0.0162367,0.9142734,-0.196712,0.9748869,0.1044026,-0.8930084,-0.2221078,0.3914132,moving,-53.11475,-33.62406,3.78633,-8.059782,-9.310906605437392,2.7036324740022946,62.380006531160966,16.952542518394438,56.35444516923428
3191,05/05/2023 11:22:36.156424,3373,True,True,True,True,Eyes,1.438971,0.009946925,-1.89144,-0.7469096,-0.3701025,0.552404,0.0,0.0,0.0,0.0,0.0,0.0,0.0,1.227487,0.4284303,1.842331,1.242088,0.01446013,-1.881879,0.09859625,-0.5448835,0.05479586,0.83089,12.91822,293.3786,359.0366,0.6248505,0.00367392,-0.7807356,0.0,0.0,0.0,-0.4861865,-0.7284995,-0.9958583,0.1323676,-0.2887191,2.055012,0.4001986,-0.01638827,0.9162819,-0.1985056,0.9745524,0.1041305,-0.8946711,-0.22356,0.3867614,moving,-53.51388,-33.8215,3.68545,-7.997429,-9.324902664022945,2.703810927150604,62.75863283614408,16.84594350046002,56.6491750813979
3192,05/05/2023 11:22:36.176796,3374,True,True,True,True,Eyes,1.430076,0.009929213,-1.89086,-0.7509488,-0.3696235,0.5472242,0.0,0.0,0.0,0.0,0.0,0.0,0.0,1.239736,0.4282304,1.828166,1.232201,0.01391598,-1.882553,0.0989745,-0.5466176,0.05467864,0.8297129,12.94511,293.1295,358.9731,0.6229295,0.003725166,-0.7822688,0.0,0.0,0.0,-0.5009134,-0.7283123,-1.006897,0.1296507,-0.2869921,2.054796,0.3964389,-0.01746725,0.9178949,-0.1989376,0.9744286,0.1044642,-0.8962477,-0.2240175,0.3828265,moving,-53.91879,-34.03713,3.610383,-7.951031,-9.3382980004707,2.7032121113097016,63.167161619798385,16.768459557360693,56.96834919018792
3193,05/05/2023 11:22:36.196540,3375,True,True,True,True,Eyes,1.421155,0.009840338,-1.890352,-0.7548521,-0.3691885,0.5421237,0.0,0.0,0.0,0.0,0.0,0.0,0.0,1.250916,0.4237139,1.816002,1.222453,0.01262101,-1.883516,0.09817257,-0.5481438,0.05395425,0.8288482,12.82005,292.9241,358.9313,0.6209748,0.003771577,-0.7838212,0.0,0.0,0.0,-0.51672,-0.723442,-1.016377,0.1265656,-0.2850312,2.054552,0.3932546,-0.01818559,0.9192497,-0.1970651,0.9749022,0.1035909,-0.8980623,-0.2218897,0.3798011,moving,-54.31465,-34.25503,3.525112,-7.898319,-9.351022420290304,2.702266048779281,63.561893324177845,16.67834647037252,57.272247380432454
3194,05/05/2023 11:22:36.206835,3376,True,True,True,True,Eyes,1.412203,0.009702555,-1.88992,-0.7586957,-0.3689344,0.5369063,0.0,0.0,0.0,0.0,0.0,0.0,0.0,1.262028,0.4238243,1.80307,1.21295,0.01082933,-1.884685,0.09830503,-0.549505,0.05462778,0.8278866,12.87397,292.7354,358.9663,0.6189864,0.003810612,-0.7853922,0.0,0.0,0.0,-0.5298164,-0.7248689,-1.02624,0.1233313,-0.2829755,2.054295,0.3901201,-0.01758699,0.9205961,-0.1984894,0.9747038,0.1027344,-0.8991153,-0.2228073,0.3767607,moving,-54.7141,-34.49485,3.435676,-7.843034,-9.362817080412634,2.7002968907554736,63.96652050055585,16.582015902818593,57.57750395580509
3195,05/05/2023 11:22:36.226519,3377,True,True,True,True,Eyes,1.403214,0.009527564,-1.889566,-0.7624331,-0.3686297,0.531797,0.0,0.0,0.0,0.0,0.0,0.0,0.0,1.272822,0.4257925,1.789947,1.203263,0.009529172,-1.886094,0.09897563,-0.5507317,0.05540065,0.8269398,12.98615,292.5573,358.9773,0.6169634,0.003840916,-0.7869821,0.0,0.0,0.0,-0.5422353,-0.7278425,-1.036413,0.1201231,-0.2809362,2.054041,0.3872508,-0.01739202,0.9218103,-0.200644,0.9742692,0.1026719,-0.8998771,-0.2247155,0.3737969,moving,-55.10423,-34.72883,3.346922,-7.788162,-9.374349359544556,2.698386114642354,64.36098789183808,16.48631057465186,57.87445770677672
3196,05/05/2023 11:22:36.246474,3378,True,True,True,True,Eyes,1.394186,0.00930906,-1.88932,-0.7661463,-0.3683315,0.526642,0.0,0.0,0.0,0.0,0.0,0.0,0.0,1.282186,0.4234346,1.778746,1.193409,0.008454363,-1.887574,0.09866254,-0.5517826,0.05457801,0.826331,12.90212,292.4098,358.9018,0.614905,0.003861748,-0.7885914,0.0,0.0,0.0,-0.5567996,-0.7241073,-1.045197,0.1168989,-0.2788869,2.053785,0.3851143,-0.01868155,0.9226797,-0.1990795,0.9745739,0.1028254,-0.9011405,-0.2232862,0.3716033,moving,-55.49572,-34.9688,3.257689,-7.73299,-9.385650680092104,2.696205466593053,64.75918788463441,16.38969665206152,58.17244361474141
3197,05/05/2023 11:22:36.256750,3379,True,True,True,True,Eyes,1.385126,0.009053596,-1.889167,-0.7697158,-0.368018,0.5216323,0.0,0.0,0.0,0.0,0.0,0.0,0.0,1.289822,0.4225512,1.768908,1.183655,0.007162418,-1.88948,0.09856062,-0.5524474,0.05302383,0.8260002,12.79174,292.3087,358.7482,0.6128101,0.003872154,-0.7902203,0.0,0.0,0.0,-0.5709341,-0.7198912,-1.053154,0.1137685,-0.2768973,2.053537,0.3839808,-0.02130372,0.9230952,-0.1964945,0.9749486,0.1042364,-0.902191,-0.2214079,0.3701755,moving,-55.87472,-35.20344,3.171016,-7.679399,-9.396469555518983,2.6939760721717594,65.14577325315418,16.295662109166745,58.460679598608316
3198,05/05/2023 11:22:36.276745,3380,True,True,True,True,Eyes,1.158365,0.001433656,-1.88715,-0.8500935,-0.3555757,0.3884675,0.0,0.0,0.0,0.0,0.0,0.0,0.0,1.295682,0.4248449,1.759726,1.173841,0.00602537,-1.891555,0.09917929,-0.5526582,0.05159313,0.8258758,12.75874,292.2605,358.5661,0.6106777,0.003871548,-0.7918695,0.0,0.0,0.0,-0.5835019,-0.718123,-1.060231,0.1105651,-0.2748608,2.053282,0.3838141,-0.02440547,0.9230879,-0.1948435,0.9750032,0.1067928,-0.90262,-0.2208462,0.3694648,moving,-65.44101,-42.46878,3.082284,-7.624521,-9.599177075105214,2.569396885580597,76.87368994571237,16.270691960004918,67.27614615254429
3199,05/05/2023 11:22:36.296725,3381,True,True,True,True,Eyes,1.157987,0.001377783,-1.887261,-0.8500826,-0.3556252,0.3884462,0.0,0.0,0.0,0.0,0.0,0.0,0.0,1.300652,0.4261132,1.752031,1.164185,0.004553074,-1.894078,0.0994494,-0.552554,0.05040727,0.8259863,12.70863,292.2637,358.4356,0.5993032,0.003408037,-0.8005145,-0.6802837,-0.02285982,0.006049633,-0.5952834,-0.7159999,-1.065851,0.1073616,-0.2728246,2.053029,0.3842865,-0.02663091,0.9228297,-0.1931737,0.9751378,0.1085822,-0.9027779,-0.2199931,0.3695879,moving,-65.44193,-42.47432,2.993512,-7.569621,-9.598942863163844,2.569138635834683,76.8228334156972,16.166767346444043,67.2121086920102
3200,05/05/2023 11:22:36.306878,3382,True,True,True,True,Eyes,1.157238,0.001286159,-1.887491,-0.8501449,-0.3558167,0.3881344,0.0,0.0,0.0,0.0,0.0,0.0,0.0,1.306706,0.4295858,1.743411,1.154741,0.003171071,-1.896857,0.1002827,-0.5525522,0.0503092,0.8258927,12.78201,292.2496,358.371,0.5898278,0.003030348,-0.8075231,-0.6394666,-0.02148823,0.005686655,-0.6055613,-0.7178574,-1.072525,0.1041712,-0.270797,2.052776,0.3843101,-0.02772284,0.9227878,-0.1939228,0.9748248,0.1100485,-0.9026073,-0.2212423,0.3692589,moving,-65.46089,-42.5126,2.905069,-7.514924,-9.598093174342456,2.5676769655883858,76.80326604637759,16.062001948362223,67.16530562838861
3201,05/05/2023 11:22:36.334434,3383,True,True,True,True,Eyes,1.156129,0.00116453,-1.887837,-0.8502463,-0.3559183,0.3878186,0.0,0.0,0.0,0.0,0.0,0.0,0.0,1.313713,0.4331441,1.734188,1.145101,0.002248202,-1.899895,0.101251,-0.5527049,0.05017196,0.8256806,12.86547,292.2112,358.2912,0.5819091,0.002719947,-0.8132491,-0.6010987,-0.02019894,0.005345456,-0.6163129,-0.7195749,-1.080367,0.100924,-0.2687331,2.052518,0.3840002,-0.02907182,0.9228752,-0.1947758,0.974462,0.1117414,-0.9025553,-0.2226625,0.368531,moving,-65.48109,-42.54398,2.815014,-7.459221,-9.597680705964194,2.566598044958983,76.78084484861375,15.955940504581163,67.11847811567996
3202,05/05/2023 11:22:36.346758,3384,True,True,True,True,Eyes,1.154676,0.001010431,-1.888306,-0.8504802,-0.3559139,0.3873097,0.0,0.0,0.0,0.0,0.0,0.0,0.0,1.320665,0.4307674,1.726499,1.135334,0.001395673,-1.903031,0.1008044,-0.5529279,0.04883202,0.8256664,12.73621,292.1794,358.1883,0.5752614,0.002462088,-0.8179655,-0.5650327,-0.018987,0.005024728,-0.6296468,-0.7139652,-1.087293,0.0975638,-0.2665969,2.052252,0.3837724,-0.03083717,0.9229128,-0.192113,0.9749078,0.1124604,-0.9032229,-0.2204627,0.3682185,moving,-65.51543,-42.58111,2.721786,-7.401536,-9.597829305872672,2.565588763297142,76.77187033186134,15.846655714434618,67.08253174107385
3203,05/05/2023 11:22:36.356539,3385,True,True,True,True,Eyes,1.15289,0.0008262227,-1.888896,-0.8507589,-0.355775,0.3868247,0.0,0.0,0.0,0.0,0.0,0.0,0.0,1.327921,0.428142,1.718991,1.125668,0.0004503373,-1.906432,0.1002445,-0.553196,0.04728488,0.8256449,12.58268,292.142,358.0724,0.5696472,0.00224469,-0.8218858,-0.5311307,-0.01784778,0.004723245,-0.6431903,-0.7076959,-1.094513,0.09430599,-0.2645266,2.051993,0.3834766,-0.03282864,0.9229669,-0.1889907,0.9754304,0.113217,-0.9040067,-0.2178482,0.3678505,moving,-65.54957,-42.60574,2.631362,-7.345605,-9.59862076775422,2.5652102156361654,76.75882104753074,15.741560810099184,67.04836608012117
3204,05/05/2023 11:22:36.376389,3386,True,True,True,True,Eyes,1.150806,0.0006219005,-1.889585,-0.8512102,-0.3554907,0.3860925,0.0,0.0,0.0,0.0,0.0,0.0,0.0,1.334712,0.423568,1.712353,1.115892,-0.000478914,-1.909922,0.09920595,-0.5533313,0.0455843,0.8257753,12.37388,292.1304,357.9757,0.5648642,0.002057794,-0.8251809,-0.4992629,-0.01677692,0.00443985,-0.6569533,-0.6996334,-1.100495,0.09126848,-0.2625956,2.051752,0.3834932,-0.03450273,0.922899,-0.1850723,0.9761605,0.1133972,-0.9048101,-0.2142901,0.3679654,moving,-65.60187,-42.637,2.54702,-7.293409,-9.600172360723164,2.5649594969699248,76.76874776240253,15.64422294875844,67.0355072611327
3205,05/05/2023 11:22:36.396451,3387,True,True,True,True,Eyes,1.148414,0.0005405403,-1.890398,-0.8516046,-0.3554001,0.3853057,0.0,0.0,0.0,0.0,0.0,0.0,0.0,1.341888,0.4203399,1.70559,1.10639,-0.001156669,-1.913711,0.09853677,-0.5534618,0.04441405,0.8258317,12.23446,292.1165,357.9056,0.5604631,0.001880306,-0.8281769,-0.4693071,-0.0157703,0.004173459,-0.6696756,-0.693543,-1.107162,0.08811146,-0.260589,2.051501,0.3834148,-0.03571563,0.9228854,-0.1824297,0.9766358,0.1135866,-0.9053797,-0.2119125,0.367941,moving,-65.65578,-42.68797,2.459328,-7.239145,-9.600789248775374,2.563747393336855,76.78728496132864,15.541657805058984,67.02186324769039
3206,05/05/2023 11:22:36.406809,3388,True,True,True,True,Eyes,1.145711,0.0005278104,-1.891275,-0.852235,-0.3548491,0.3844184,0.0,0.0,0.0,0.0,0.0,0.0,0.0,1.349385,0.4288736,1.695437,1.096609,0.001768997,-1.917479,0.101486,-0.553571,0.04432877,0.8254058,12.51014,292.0511,357.6999,0.5563959,0.001716853,-0.8309152,-0.4411487,-0.01482408,0.003923052,-0.6790135,-0.6979812,-1.118074,0.08474094,-0.2584468,2.051234,0.3831881,-0.03918092,0.9228389,-0.1855378,0.9754711,0.1184559,-0.9048439,-0.2166124,0.3665194,moving,-65.72125,-42.7095,2.365669,-7.181186,-9.603653976141857,2.5643289156328555,76.79902105232303,15.43501711945989,67.01423940534576
3207,05/05/2023 11:22:36.426799,3389,True,True,True,True,Eyes,1.142748,0.0004648495,-1.892298,-0.8529267,-0.3540706,0.3836014,0.0,0.0,0.0,0.0,0.0,0.0,0.0,1.353142,0.4161689,1.692768,1.085991,0.003403401,-1.921006,0.09876873,-0.5532771,0.03842596,0.8262281,11.87232,292.1052,357.3177,0.5526198,0.001569149,-0.8334316,-0.4146798,-0.01393464,0.003687669,-0.6978154,-0.6730697,-1.12132,0.08173871,-0.2565383,2.050997,0.3848157,-0.04579575,0.9218568,-0.1727902,0.9775364,0.1206906,-0.9066756,-0.2057314,0.3682583,moving,-65.7843,-42.70753,2.282211,-7.12952,-9.607602620854294,2.5660438699442545,76.80393684748994,15.341826054770037,67.01153180824237
3208,05/05/2023 11:22:36.446795,3390,True,True,True,True,Eyes,1.139544,0.0005054614,-1.89345,-0.853474,-0.3537619,0.3826678,0.0,0.0,0.0,0.0,0.0,0.0,0.0,1.359332,0.4092605,1.688765,1.076829,0.002098566,-1.925523,0.09684403,-0.5532079,0.03531251,0.826641,11.48906,292.1302,357.1475,0.5490957,0.00143335,-0.8357579,-0.389799,-0.01309856,0.003466409,-0.7123611,-0.6593138,-1.126874,0.07856512,-0.2545209,2.050745,0.3854282,-0.04876821,0.9214481,-0.1655313,0.9787485,0.1210401,-0.9077689,-0.1991808,0.3691646,moving,-65.85021,-42.75222,2.193959,-7.074884,-9.609280488689198,2.565458546678077,76.83021045758926,15.239838150211556,67.00844146902652
3209,05/05/2023 11:22:36.456469,3391,True,True,True,True,Eyes,1.136036,0.0006852854,-1.894696,-0.8541548,-0.3531491,0.3817138,0.0,0.0,0.0,0.0,0.0,0.0,0.0,1.371548,0.4312525,1.672499,1.067732,0.004762966,-1.929845,0.103122,-0.5541433,0.03857972,0.8251078,12.29417,291.9094,357.0301,0.5457889,0.001312957,-0.8379213,-0.366411,-0.01231265,0.003258424,-0.7173527,-0.6818611,-1.145141,0.0751189,-0.2523307,2.05047,0.3828736,-0.05062385,0.9224126,-0.1779536,0.9757549,0.1274161,-0.9064989,-0.2129308,0.3645821,moving,-65.92058,-42.77399,2.09809,-7.015543,-9.612431488954222,2.566153352092881,76.8453381827467,15.130935811342555,67.00360465145545
3210,05/05/2023 11:22:36.476685,3392,True,True,True,True,Eyes,1.132307,0.000931829,-1.896046,-0.8548585,-0.3523741,0.3808536,0.0,0.0,0.0,0.0,0.0,0.0,0.0,1.38204,0.4176595,1.664536,1.05699,0.008241886,-1.933354,0.1007628,-0.5552346,0.03455221,0.824844,11.80587,291.7755,356.7852,0.542667,0.001212745,-0.8399466,-0.3444264,-0.01157389,0.003062919,-0.736885,-0.6599472,-1.154302,0.07214755,-0.2504418,2.050235,0.3810415,-0.05489357,0.9229269,-0.1688943,0.9773061,0.127858,-0.9090006,-0.2045963,0.3631229,moving,-65.98624,-42.77568,2.015401,-6.964335,-9.616347515511508,2.567748971198152,76.85489970979016,15.038557057180617,67.0037563549541
3211,05/05/2023 11:22:36.496740,3393,True,True,True,True,Eyes,1.033569,0.009119045,-1.932029,-0.8704384,-0.3394306,0.3565442,0.0,0.0,0.0,0.0,0.0,0.0,0.0,1.393941,0.4044964,1.656805,1.04792,0.01005989,-1.937383,0.09817531,-0.556546,0.03211543,0.8243706,11.39741,291.6233,356.7059,0.5397025,0.001133717,-0.8418547,-0.3237608,-0.01087946,0.002879143,-0.7538148,-0.6420491,-1.164464,0.06896925,-0.248422,2.049983,0.3784503,-0.05632813,0.9239061,-0.1622282,0.9786604,0.1261182,-0.9112943,-0.1976131,0.3612363,moving,-67.72528,-43.59142,1.926922,-6.909553,-9.67966254043407,2.5707912320060817,78.72095407230843,14.986318141944475,68.56083995313415
3212,05/05/2023 11:22:36.506805,3394,True,True,True,True,Eyes,1.033184,0.009205893,-1.932165,-0.8705107,-0.3392696,0.3565211,0.0,0.0,0.0,0.0,0.0,0.0,0.0,1.40681,0.4080343,1.643387,1.038682,0.01236734,-1.940958,0.1001292,-0.5577873,0.0348508,0.8231846,11.75507,291.4296,356.8191,0.5312663,0.00149246,-0.8472032,-0.600549,0.01433496,-0.1052439,-0.762993,-0.6496276,-1.17798,0.06574816,-0.2463744,2.049727,0.3753175,-0.05432435,0.925303,-0.1690789,0.9775191,0.125971,-0.9113446,-0.2037283,0.3576949,moving,-67.72825,-43.5797,1.837221,-6.853994,-9.680457864352189,2.571463473939572,78.66468227006499,14.882747562711277,68.49685736278524
3213,05/05/2023 11:22:36.534401,3395,True,True,True,True,Eyes,1.032472,0.009317571,-1.932429,-0.8706154,-0.3390879,0.3564381,0.0,0.0,0.0,0.0,0.0,0.0,0.0,1.419034,0.3910465,1.63487,1.029112,0.01447549,-1.944246,0.09703315,-0.5590416,0.03506294,0.8226954,11.47035,291.3074,357.0288,0.5243125,0.001797606,-0.8515236,-0.5645161,0.01347486,-0.09892931,-0.7782878,-0.6353015,-1.185997,0.06240529,-0.2442493,2.049462,0.3724862,-0.0507989,0.9266464,-0.1661834,0.9787103,0.1204542,-0.9130374,-0.1988607,0.3561141,moving,-67.73535,-43.57103,1.744094,-6.796299,-9.681345241545024,2.572086338437756,78.61153845760492,14.775226079884275,68.43419965481658
3214,05/05/2023 11:22:36.547001,3396,True,True,True,True,Eyes,1.031421,0.009470355,-1.932818,-0.8706965,-0.3390466,0.3562792,0.0,0.0,0.0,0.0,0.0,0.0,0.0,1.43164,0.3807197,1.624941,1.020575,0.01514703,-1.947606,0.09533573,-0.5603686,0.03704291,0.821904,11.43341,291.1591,357.3127,0.518558,0.002059952,-0.8550396,-0.5306451,0.01266637,-0.09299355,-0.7900393,-0.6309807,-1.195492,0.05927342,-0.2422588,2.049214,0.3692299,-0.04595485,0.9282013,-0.1677377,0.9790779,0.1151983,-0.9140753,-0.198229,0.3537964,moving,-67.74618,-43.5803,1.656816,-6.742234,-9.681519968696495,2.5718921494994755,78.57365309310985,14.67347295182114,68.37947002869262
3215,05/05/2023 11:22:36.556703,3397,True,True,True,True,Eyes,1.030038,0.009679979,-1.933302,-0.8708816,-0.3388287,0.3560343,0.0,0.0,0.0,0.0,0.0,0.0,0.0,1.445653,0.378049,1.611109,1.011539,0.01628793,-1.950648,0.09580814,-0.5619723,0.04068029,0.8205809,11.71005,290.944,357.6049,0.5137671,0.002289155,-0.8579263,-0.4988064,0.01190639,-0.08741394,-0.799898,-0.6367884,-1.208236,0.05593705,-0.240138,2.048949,0.3650646,-0.04092009,0.9300824,-0.1744459,0.9783319,0.1115143,-0.9144925,-0.202959,0.350016,moving,-67.76424,-43.58158,1.563807,-6.684602,-9.682554366455156,2.5722895638550707,78.53512008246179,14.566079960300447,68.32721259823593
3216,05/05/2023 11:22:36.576658,3398,True,True,True,True,Eyes,1.028339,0.009940473,-1.933856,-0.871204,-0.3384112,0.3556424,0.0,0.0,0.0,0.0,0.0,0.0,0.0,1.459301,0.3624034,1.599892,1.002208,0.01780638,-1.95341,0.092949,-0.563832,0.04079079,0.819628,11.4414,290.7286,357.7811,0.5094674,0.00250247,-0.860486,-0.468878,0.01119201,-0.0821691,-0.8158683,-0.6238129,-1.218846,0.05278122,-0.2381323,2.048699,0.3608592,-0.03794868,0.9318479,-0.1716818,0.9793932,0.1063689,-0.9166821,-0.1983655,0.346908,moving,-67.79376,-43.57781,1.475801,-6.630072,-9.684552351603749,2.573237360655124,78.5073717841157,14.465627885459217,68.28929605410191
3217,05/05/2023 11:22:36.596687,3399,True,True,True,True,Eyes,1.026329,0.01023363,-1.934485,-0.8716548,-0.3377626,0.3551538,0.0,0.0,0.0,0.0,0.0,0.0,0.0,1.47214,0.3483662,1.588604,0.992854,0.01925891,-1.956039,0.09019698,-0.5657185,0.03908899,0.818718,11.06477,290.4973,357.7783,0.5055174,0.002706373,-0.8628118,-0.4407453,0.01052049,-0.07723895,-0.8332894,-0.6073728,-1.230132,0.04969311,-0.2361694,2.048454,0.3568693,-0.03804649,0.9333792,-0.1660579,0.9806731,0.1034651,-0.9192764,-0.1919185,0.3436541,moving,-67.83167,-43.56226,1.389657,-6.576682,-9.687679369706531,2.574999260525245,78.48264197664993,14.368738669134183,68.26045741403182
3218,05/05/2023 11:22:36.606979,3400,True,True,True,True,Eyes,1.023995,0.01054743,-1.935227,-0.8723091,-0.336564,0.3546849,0.0,0.0,0.0,0.0,0.0,0.0,0.0,1.483479,0.3381517,1.577347,0.9834222,0.02029713,-1.958455,0.08806989,-0.5673822,0.03642581,0.8179207,10.68464,290.2827,357.6466,0.5018715,0.002903319,-0.8649369,-0.4143006,0.009889256,-0.07260462,-0.8506953,-0.5911788,-1.241387,0.04645693,-0.2341123,2.048197,0.3535011,-0.04035172,0.9345635,-0.1595254,0.9818337,0.1027336,-0.9217313,-0.1854031,0.3406422,moving,-67.87312,-43.49835,1.299353,-6.520703,-9.69355658759616,2.579311821741725,78.435817064606,14.270750889738867,68.23135769100641
3219,05/05/2023 11:22:36.631917,3401,True,True,True,True,Eyes,1.021391,0.01084773,-1.936033,-0.8730273,-0.3352519,0.3541603,0.0,0.0,0.0,0.0,0.0,0.0,0.0,1.492982,0.3259173,1.567816,0.9737767,0.02099267,-1.96076,0.08522559,-0.5686423,0.03299006,0.8174927,10.18702,290.1324,357.4968,0.4984874,0.00309496,-0.8668911,-0.3894425,0.0092959,-0.06824834,-0.8685111,-0.5712955,-1.250127,0.0432924,-0.2321008,2.047946,0.3511153,-0.04298747,0.9353449,-0.150864,0.9832965,0.1018235,-0.9240986,-0.1768617,0.3387653,moving,-67.91912,-43.42896,1.211019,-6.465939,-9.699998487378164,2.584019670148169,78.391587811485,14.17575587195484,68.20781100568836
3220,05/05/2023 11:22:36.646914,3402,True,True,True,True,Eyes,1.018523,0.01112092,-1.936908,-0.8737836,-0.3339316,0.353542,0.0,0.0,0.0,0.0,0.0,0.0,0.0,1.502098,0.3196899,1.557673,0.9647357,0.02094134,-1.963082,0.08381698,-0.5697376,0.031307,0.8169417,9.940228,289.9915,357.419,0.4953286,0.003281251,-0.8686993,-0.366076,0.008738146,-0.06415344,-0.882966,-0.5606765,-1.259318,0.04006606,-0.2300502,2.047691,0.348838,-0.04435539,0.9361329,-0.1466594,0.9839892,0.1012736,-0.9256366,-0.1726207,0.3367477,moving,-67.97123,-43.36606,1.120933,-6.410083,-9.70647292775681,2.588553862352001,78.3547779273421,14.078642850250288,68.1885766435738
3221,05/05/2023 11:22:36.656666,3403,True,True,True,True,Eyes,1.015417,0.01141015,-1.937836,-0.8745261,-0.3327558,0.3528138,0.0,0.0,0.0,0.0,0.0,0.0,0.0,1.511618,0.3163971,1.546353,0.9556147,0.02055037,-1.965371,0.08330276,-0.5708116,0.03148758,0.8162373,9.900435,289.848,357.4576,0.4923628,0.003461514,-0.870383,-0.3441114,0.008213857,-0.06030423,-0.8953663,-0.5574481,-1.268885,0.03680563,-0.2279777,2.047432,0.3463654,-0.04369768,0.9370814,-0.146503,0.9841384,0.1000427,-0.9265894,-0.1719366,0.3344696,moving,-68.02916,-43.32415,1.029866,-6.353606,-9.712202352164615,2.592169378219923,78.33243386825545,13.979232081918607,68.17411527773038
3222,05/05/2023 11:22:36.676719,3404,True,True,True,True,Eyes,1.012066,0.01172942,-1.938797,-0.8752686,-0.3317977,0.351874,0.0,0.0,0.0,0.0,0.0,0.0,0.0,1.522728,0.3156691,1.532937,0.9468293,0.02123804,-1.967564,0.08386048,-0.5722755,0.03288943,0.8150992,10.041,289.6385,357.5341,0.4895621,0.003637085,-0.8719606,-0.3234648,0.007721026,-0.05668598,-0.9063884,-0.5594406,-1.280863,0.03367418,-0.2259873,2.047183,0.3428383,-0.04236628,0.9384387,-0.1495989,0.9837714,0.09906558,-0.9274061,-0.1743528,0.3309365,moving,-68.09898,-43.31797,0.9423752,-6.299341,-9.716784522049377,2.594271872099033,78.33956612652516,13.882148101029804,68.17362831621189
3223,05/05/2023 11:22:36.696516,3405,True,True,True,True,Eyes,1.00849,0.01202651,-1.939795,-0.8760043,-0.3309266,0.3508618,0.0,0.0,0.0,0.0,0.0,0.0,0.0,1.533269,0.3146166,1.519249,0.9375768,0.02231788,-1.969382,0.08438378,-0.5736977,0.0337696,0.8140086,10.14415,289.4328,357.5637,0.4869007,0.003809854,-0.8734488,-0.3040569,0.007257764,-0.05328482,-0.918209,-0.5597606,-1.292419,0.03052425,-0.2239851,2.046933,0.3394613,-0.04184408,0.9396888,-0.151799,0.983478,0.09863119,-0.9282904,-0.1761253,0.3275008,moving,-68.17265,-43.32517,0.8543422,-6.244729,-9.720900326533505,2.59579234611145,78.35614051836234,13.78370676436694,68.17640684181869
3224,05/05/2023 11:22:36.706737,3406,True,True,True,True,Eyes,0.9139628,0.01911201,-1.966318,-0.8919946,-0.3182808,0.321003,0.0,0.0,0.0,0.0,0.0,0.0,0.0,1.542644,0.3144091,1.506629,0.9286259,0.02209138,-1.971218,0.08474967,-0.5748807,0.03442102,0.8131081,10.21819,289.2622,357.5852,0.4843562,0.003979112,-0.8748617,-0.2858135,0.006822298,-0.05008773,-0.9296044,-0.5603133,-1.302899,0.02726489,-0.2219134,2.046674,0.3366547,-0.04146587,0.9407148,-0.153418,0.9832654,0.09824535,-0.9290461,-0.1773973,0.3246593,moving,-70.20766,-44.75603,0.7632239,-6.188195,-9.770031266989577,2.575124328414307,80.77341306478577,13.702015547527028,70.02573424569069
3225,05/05/2023 11:22:36.727060,3407,True,True,True,True,Eyes,0.9136013,0.01913997,-1.966388,-0.8919636,-0.3184811,0.3208906,0.0,0.0,0.0,0.0,0.0,0.0,0.0,1.551655,0.3228636,1.492814,0.9201382,0.02210741,-1.973126,0.08761089,-0.5758509,0.03727603,0.8119918,10.67335,289.0928,357.6458,0.4771162,0.004526647,-0.8788283,-0.5522455,0.02766945,-0.1266536,-0.9367073,-0.5737914,-1.314483,0.02409124,-0.2198962,2.046423,0.3340125,-0.04036596,0.9417039,-0.1614373,0.9818696,0.09934777,-0.9286407,-0.1852095,0.3214402,moving,-70.21343,-44.78408,0.6744759,-6.133125,-9.768913223677565,2.5738452400241045,80.74027201650537,13.596900644970981,69.96365216860477
3226,05/05/2023 11:22:36.746802,3408,True,True,True,True,Eyes,0.9128878,0.01916721,-1.966561,-0.8919883,-0.3187604,0.3205442,0.0,0.0,0.0,0.0,0.0,0.0,0.0,1.559727,0.3284336,1.479873,0.911102,0.02284995,-1.974844,0.08976427,-0.5766696,0.03882568,0.8111025,10.97585,288.9492,357.633,0.4711382,0.004986178,-0.8820451,-0.5191107,0.02600928,-0.1190544,-0.9455639,-0.5812796,-1.324818,0.0209018,-0.2178691,2.04617,0.3318893,-0.04054546,0.9424466,-0.1665119,0.9808699,0.1008369,-0.928506,-0.1903952,0.3187889,moving,-70.23363,-44.84013,0.585261,-6.077756,-9.767207929013036,2.571511393785497,80.7331218310413,13.490123771685019,69.9149914036193
3227,05/05/2023 11:22:36.756394,3409,True,True,True,True,Eyes,0.9118437,0.0192007,-1.9668,-0.89202,-0.3191284,0.3200896,0.0,0.0,0.0,0.0,0.0,0.0,0.0,1.567722,0.3313842,1.467785,0.9022058,0.02287153,-1.976731,0.09092174,-0.5775426,0.0392427,0.8103319,11.10936,288.8079,357.5806,0.4661756,0.005373444,-0.8846756,-0.4879641,0.02444872,-0.1119111,-0.9560239,-0.5835263,-1.335016,0.01748312,-0.2156958,2.045899,0.3298092,-0.0414231,0.9431384,-0.1686216,0.9803865,0.1020249,-0.9288663,-0.1926823,0.3163556,moving,-70.26015,-44.91384,0.4896059,-6.018366,-9.764962621247143,2.568441068538223,80.73652121310566,13.374955371486323,69.86751968416769
3228,05/05/2023 11:22:36.776729,3410,True,True,True,True,Eyes,0.9104686,0.01923487,-1.967129,-0.892342,-0.3189585,0.3193608,0.0,0.0,0.0,0.0,0.0,0.0,0.0,1.576282,0.3346292,1.454738,0.8932366,0.02307997,-1.978509,0.09223109,-0.5785996,0.03970423,0.8094069,11.25937,288.6377,357.519,0.4616703,0.005722522,-0.8870328,-0.4586862,0.0229818,-0.1051964,-0.9665254,-0.5864563,-1.345724,0.01452279,-0.2138144,2.045663,0.3272921,-0.042456,0.943969,-0.1710035,0.979834,0.1033592,-0.9293211,-0.1952506,0.3134318,moving,-70.30819,-44.96388,0.4067535,-5.966935,-9.765270235597384,2.5671259388373686,80.7549685997166,13.277810925952604,69.85004048439804
3229,05/05/2023 11:22:36.796438,3411,True,True,True,True,Eyes,0.9087806,0.0192592,-1.967518,-0.892709,-0.3187566,0.3185355,0.0,0.0,0.0,0.0,0.0,0.0,0.0,1.585548,0.3336974,1.441746,0.8841619,0.02308171,-1.980321,0.09244488,-0.5798642,0.03978749,0.808473,11.28101,288.4537,357.4941,0.4575485,0.006038272,-0.8891639,-0.4311651,0.02160289,-0.09888466,-0.9785907,-0.5850055,-1.356582,0.01130289,-0.2117676,2.045408,0.3243488,-0.04287675,0.9449653,-0.1715452,0.9797418,0.1033357,-0.9302528,-0.195621,0.3104228,moving,-70.36263,-45.01989,0.3166122,-5.910955,-9.76565532808127,2.565671031599154,80.77786871910205,13.172141336448924,69.83308358214006
3230,05/05/2023 11:22:36.806711,3412,True,True,True,True,Eyes,0.9067979,0.01926458,-1.96797,-0.8933831,-0.3180667,0.317333,0.0,0.0,0.0,0.0,0.0,0.0,0.0,1.595698,0.3298353,1.428256,0.8749868,0.02286122,-1.982129,0.0919003,-0.5813852,0.03972782,0.807445,11.22154,288.2448,357.5048,0.4537607,0.006323623,-0.8911008,-0.4052952,0.02030672,-0.09295158,-0.9917593,-0.580995,-1.367867,0.008084714,-0.2097222,2.045154,0.3208259,-0.04270288,0.9461751,-0.171015,0.9799521,0.1022145,-0.9315711,-0.1946032,0.3070912,moving,-70.44477,-45.06615,0.2264953,-5.854983,-9.76824078493942,2.565421503572336,80.82043897805106,13.06896940892324,69.84213348192425
3231,05/05/2023 11:22:36.826620,3413,True,True,True,True,Eyes,0.9045296,0.01924453,-1.968467,-0.8940657,-0.3174521,0.3160233,0.0,0.0,0.0,0.0,0.0,0.0,0.0,1.606705,0.3283862,1.413218,0.8660024,0.02236559,-1.983951,0.09199893,-0.5831454,0.04020637,0.8061398,11.25759,287.9929,357.5179,0.4502626,0.006580785,-0.8928716,-0.3809775,0.01908831,-0.08737449,-1.004223,-0.5804583,-1.380997,0.004751861,-0.2076037,2.044889,0.3166498,-0.04247359,0.9475912,-0.1721214,0.9798393,0.1014356,-0.9327954,-0.1952203,0.3029553,moving,-70.53314,-45.12923,0.1331422,-5.796988,-9.770324759641255,2.5644759211201715,80.87489536757745,12.961201206867376,69.85463130401499
3232,05/05/2023 11:22:36.846376,3414,True,True,True,True,Eyes,0.9019831,0.01919355,-1.96903,-0.8949412,-0.3165518,0.3144444,0.0,0.0,0.0,0.0,0.0,0.0,0.0,1.617114,0.3276995,1.398057,0.8568958,0.02174443,-1.985514,0.09231225,-0.584806,0.04089583,0.8048653,11.32828,287.7522,357.5369,0.4470147,0.006811451,-0.8945003,-0.3581188,0.01794301,-0.08213202,-1.016213,-0.5813632,-1.393441,0.001604855,-0.2056032,2.044639,0.312659,-0.04213826,0.9489303,-0.1738008,0.9796119,0.1007656,-0.9338296,-0.1964301,0.2989608,moving,-70.64069,-45.19135,0.04497194,-5.742202,-9.773628827424666,2.564070382221886,80.94873737015216,12.860757439503098,69.88903763379565
3233,05/05/2023 11:22:36.856742,3415,True,True,True,True,Eyes,0.8991657,0.01911538,-1.969634,-0.8958011,-0.3157772,0.3127702,0.0,0.0,0.0,0.0,0.0,0.0,0.0,1.627559,0.3277226,1.382643,0.84785,0.02089898,-1.98715,0.09284186,-0.5864553,0.04196901,0.803548,11.44526,287.5107,357.5764,0.4439812,0.00701686,-0.8960082,-0.3366317,0.01686643,-0.0772041,-1.027605,-0.5840875,-1.406075,-0.001537919,-0.2036058,2.04439,0.3086176,-0.04144695,0.9502829,-0.1763434,0.979238,0.09997985,-0.934697,-0.1984316,0.2949011,moving,-70.75328,-45.27411,-0.04310148,-5.68747,-9.776158648866735,2.5627439947517603,81.03722239082401,12.75924891251934,69.92833834745674
3234,05/05/2023 11:22:36.876593,3416,True,True,True,True,Eyes,0.8960796,0.01900634,-1.970307,-0.8967775,-0.3148561,0.310895,0.0,0.0,0.0,0.0,0.0,0.0,0.0,1.637824,0.3280436,1.366929,0.8385425,0.02018568,-1.988721,0.09351459,-0.5880681,0.0430913,0.8022308,11.57917,287.2718,357.6103,0.4411302,0.007198332,-0.8974139,-0.3164338,0.01585445,-0.07257185,-1.038961,-0.5873548,-1.418517,-0.004541039,-0.2016968,2.044152,0.3046382,-0.04084756,0.9515918,-0.1791242,0.9787964,0.09935933,-0.9354732,-0.2007218,0.290862,moving,-70.87959,-45.36269,-0.1272811,-5.635144,-9.779220254541404,2.5614729290359186,81.14288093149722,12.662719238944202,69.98348188733159
3235,05/05/2023 11:22:36.896690,3417,True,True,True,True,Eyes,0.8927358,0.01886903,-1.971012,-0.8977515,-0.3139981,0.3089457,0.0,0.0,0.0,0.0,0.0,0.0,0.0,1.647714,0.3276168,1.351727,0.8292602,0.01926768,-1.990331,0.09382153,-0.5896447,0.04361845,0.8010083,11.63887,287.0412,357.6146,0.438432,0.007356872,-0.8987339,-0.2974478,0.01490318,-0.06821754,-1.051032,-0.5880899,-1.430855,-0.007823169,-0.1996108,2.043892,0.3008332,-0.04076525,0.9528052,-0.1805202,0.97859,0.09886485,-0.9364358,-0.2017424,0.2870334,moving,-71.00998,-45.46469,-0.2193034,-5.577938,-9.781827426279026,2.559623699133823,81.2543714429894,12.556344060289739,70.03653990148754
3236,05/05/2023 11:22:36.906539,3418,True,True,True,True,Eyes,0.889142,0.01868796,-1.97176,-0.8988305,-0.3130366,0.3067766,0.0,0.0,0.0,0.0,0.0,0.0,0.0,1.65722,0.3272758,1.33642,0.8197461,0.01845775,-1.991778,0.09411996,-0.5911877,0.04385162,0.7998223,11.67778,286.8139,357.5924,0.4358615,0.007493488,-0.8999822,-0.2796009,0.01400899,-0.06412449,-1.063422,-0.5881311,-1.442775,-0.01090795,-0.1976501,2.043646,0.2971483,-0.04113813,0.9539448,-0.1814321,0.9784369,0.0987094,-0.9374354,-0.2024075,0.2832771,moving,-71.15491,-45.57866,-0.3058129,-5.524148,-9.78469410440249,2.557537950410001,81.38770479282095,12.456437560082305,70.1074790709602
3237,05/05/2023 11:22:36.926484,3419,True,True,True,True,Eyes,0.793293,0.01319208,-1.991208,-0.9236449,-0.2907774,0.2496571,0.0,0.0,0.0,0.0,0.0,0.0,0.0,1.667102,0.3260968,1.320807,0.8102381,0.01717572,-1.993318,0.09417847,-0.5928158,0.04433334,0.7985829,11.71137,286.5792,357.6088,0.433396,0.007608367,-0.9011711,-0.2628249,0.01316845,-0.06027702,-1.075871,-0.5884067,-1.454998,-0.01409209,-0.195626,2.043394,0.293208,-0.04085328,0.9551755,-0.1824686,0.97833,0.09785558,-0.9384744,-0.2029816,0.2793997,moving,-74.87464,-49.35111,-0.3951291,-5.468594,-9.813865247464504,2.4609033469369943,86.44577927460352,12.31216954036271,73.58658271372241
3238,05/05/2023 11:22:36.946684,3420,True,True,True,True,Eyes,0.7929074,0.01315102,-1.991252,-0.9237998,-0.2906067,0.2492823,0.0,0.0,0.0,0.0,0.0,0.0,0.0,1.677919,0.3244873,1.303739,0.8006527,0.01603631,-1.994777,0.09436622,-0.5947055,0.04541309,0.7970937,11.79743,286.3063,357.6672,0.4264203,0.00745952,-0.904494,-0.5346025,-0.004109291,-0.1150035,-1.088157,-0.5902767,-1.46854,-0.01739269,-0.193528,2.043132,0.2885262,-0.03984323,0.9566427,-0.1846372,0.9780654,0.09642259,-0.9395009,-0.2044522,0.2748409,moving,-74.89873,-49.37702,-0.4877334,-5.410984,-9.813976683658725,2.4602023018683923,86.42921228704162,12.203867730547971,73.53710750580974
3239,05/05/2023 11:22:36.956482,3421,True,True,True,True,Eyes,0.7921367,0.01306187,-1.991342,-0.924023,-0.2903907,0.2487063,0.0,0.0,0.0,0.0,0.0,0.0,0.0,1.689742,0.3216556,1.285275,0.7909381,0.01499832,-1.9962,0.09429971,-0.5969413,0.04636895,0.7953734,11.85092,285.9863,357.7267,0.4206387,0.007326948,-0.9071983,-0.5025263,-0.003862734,-0.1081032,-1.101284,-0.590876,-1.483602,-0.02078313,-0.191373,2.042863,0.2830222,-0.03882152,0.9583274,-0.186344,0.977915,0.09464787,-0.940837,-0.205366,0.2695374,moving,-74.93551,-49.42147,-0.5828801,-5.351783,-9.813890495596278,2.458883152544146,86.43177011564869,12.09206593887518,73.49780783469953
3240,05/05/2023 11:22:36.976509,3422,True,True,True,True,Eyes,0.7910047,0.0129257,-1.99147,-0.9243683,-0.2900812,0.2477826,0.0,0.0,0.0,0.0,0.0,0.0,0.0,1.701998,0.3154798,1.266141,0.780952,0.0137415,-1.997339,0.09323912,-0.5994611,0.04670783,0.7935814,11.77007,285.6389,357.7957,0.415592,0.00720468,-0.9095222,-0.4723748,-0.00363097,-0.1016171,-1.116045,-0.5873987,-1.498507,-0.02374423,-0.189491,2.042628,0.2769295,-0.03765352,0.9601522,-0.1859194,0.9782497,0.09198657,-0.9427323,-0.2039847,0.2639057,moving,-74.99429,-49.49659,-0.6659963,-5.300058,-9.813538828210593,2.4565672981562203,86.4755958937577,11.993446974136273,73.4890431785344
3241,05/05/2023 11:22:36.996559,3423,True,True,True,True,Eyes,0.7895129,0.01275086,-1.991635,-0.924785,-0.2897438,0.2466193,0.0,0.0,0.0,0.0,0.0,0.0,0.0,1.715407,0.3108036,1.245013,0.7711209,0.01243024,-1.998623,0.09260227,-0.6023598,0.04717959,0.7914302,11.73671,285.2284,357.8412,0.4109924,0.007088194,-0.9116108,-0.4440323,-0.003413112,-0.09552003,-1.13068,-0.5854701,-1.516071,-0.02688804,-0.1874924,2.042379,0.2698735,-0.03688107,0.9621892,-0.1862385,0.9783978,0.08973826,-0.9447135,-0.2034146,0.257175,moving,-75.06801,-49.5968,-0.7542586,-5.245108,-9.812783512226131,2.4533577745872126,86.54251111681396,11.887945527630588,73.49054882154289
3242,05/05/2023 11:22:37.006848,3424,True,True,True,True,Eyes,0.787666,0.01253065,-1.991842,-0.9253449,-0.2892,0.2451531,0.0,0.0,0.0,0.0,0.0,0.0,0.0,1.728868,0.3055454,1.222911,0.7610307,0.01131683,-1.999639,0.09182958,-0.6054221,0.04739221,0.7891676,11.6728,284.7939,357.8705,0.4067821,0.00697517,-0.9134982,-0.4173903,-0.003208325,-0.08978882,-1.146011,-0.582158,-1.534362,-0.03023037,-0.1853684,2.042114,0.2624361,-0.03639052,0.964263,-0.1859921,0.9786426,0.08755327,-0.9468549,-0.2023224,0.2500627,moving,-75.16144,-49.71226,-0.8481144,-5.186684,-9.812431132197656,2.4498772899513392,86.63138738276902,11.776079263079971,73.50661152693552
3243,05/05/2023 11:22:37.026882,3425,True,True,True,True,Eyes,0.7854882,0.01227383,-1.992068,-0.9259623,-0.2886666,0.2434447,0.0,0.0,0.0,0.0,0.0,0.0,0.0,1.742563,0.2972099,1.200445,0.7507849,0.009912362,-2.000538,0.09027121,-0.6086296,0.04768678,0.7868591,11.54331,284.3506,357.9623,0.4029086,0.006863189,-0.9152141,-0.3923469,-0.003015826,-0.0844015,-1.161955,-0.5770389,-1.552385,-0.03341573,-0.1833434,2.041861,0.254592,-0.03483791,0.9664208,-0.184929,0.9791542,0.08401428,-0.9492019,-0.2001086,0.2428423,moving,-75.26972,-49.85765,-0.9375809,-5.13096,-9.811415975281324,2.445254627703508,86.75104438298048,11.668075120958113,73.54031049431565
3244,05/05/2023 11:22:37.046967,3426,True,True,True,True,Eyes,0.7829753,0.01198603,-1.992325,-0.9266788,-0.2880441,0.2414478,0.0,0.0,0.0,0.0,0.0,0.0,0.0,1.756064,0.2914761,1.176763,0.7406958,0.008771755,-2.001195,0.08956334,-0.6119153,0.04838708,0.7843449,11.52028,283.8812,358.0287,0.3993261,0.006750491,-0.9167837,-0.3688061,-0.002834876,-0.0793374,-1.176725,-0.5753349,-1.571394,-0.0365411,-0.1813569,2.041613,0.2464368,-0.03370604,0.9685726,-0.1855147,0.9792742,0.08127949,-0.9512377,-0.1997146,0.2350762,moving,-75.39617,-50.02917,-1.025379,-5.076272,-9.810139665852985,2.439768115031532,86.90096427867809,11.561266321951111,73.59272000166175
3245,05/05/2023 11:22:37.056683,3427,True,True,True,True,Eyes,0.7801419,0.01166745,-1.992594,-0.9274562,-0.2873931,0.2392284,0.0,0.0,0.0,0.0,0.0,0.0,0.0,1.769339,0.2863076,1.152401,0.7302771,0.007656543,-2.001798,0.08888746,-0.6152508,0.04864961,0.7817921,11.46951,283.4007,358.0523,0.3959924,0.006635734,-0.9182294,-0.3466777,-0.002664784,-0.07457716,-1.192083,-0.5725216,-1.590982,-0.03982401,-0.1792704,2.041353,0.2381995,-0.03330841,0.9706449,-0.1854439,0.9794645,0.07911959,-0.9533476,-0.1988464,0.227131,moving,-75.53638,-50.22572,-1.117621,-5.018808,-9.808390884142506,2.4333607648722477,87.07362737175835,11.448331777130496,73.65478653446222
3246,05/05/2023 11:22:37.076733,3428,True,True,True,True,Eyes,0.7769987,0.01133661,-1.992849,-0.9283029,-0.2867151,0.2367447,0.0,0.0,0.0,0.0,0.0,0.0,0.0,1.781872,0.2812795,1.128457,0.7198421,0.006422218,-2.002346,0.08810402,-0.6184735,0.04860481,0.7793369,11.38771,282.9361,358.058,0.3928703,0.006517727,-0.9195704,-0.3258771,-0.002504896,-0.07010253,-1.207461,-0.5687941,-1.609954,-0.0430398,-0.1772263,2.041098,0.2302565,-0.03322095,0.9725628,-0.184739,0.9797505,0.07720385,-0.9554337,-0.197447,0.2194566,moving,-75.69286,-50.45303,-1.207994,-4.962483,-9.806022435089016,2.4258053831963453,87.27763246901903,11.336352949863256,73.73390437767644
3247,05/05/2023 11:22:37.096535,3429,True,True,True,True,Eyes,0.7735446,0.01099985,-1.993097,-0.9292251,-0.2859154,0.2340793,0.0,0.0,0.0,0.0,0.0,0.0,0.0,1.793487,0.2771893,1.103973,0.7093019,0.005732508,-2.00226,0.08765443,-0.6216901,0.0484154,0.776836,11.32564,282.4648,358.0265,0.3899264,0.006396234,-0.9208234,-0.3063245,-0.002354603,-0.06589638,-1.222653,-0.5651414,-1.62876,-0.04629132,-0.1751596,2.040839,0.2223148,-0.03376614,0.9743901,-0.1842094,0.9799453,0.07598748,-0.9574148,-0.196385,0.2116363,moving,-75.86091,-50.69277,-1.299388,-4.905518,-9.803708246492038,2.4179140199447824,87.4979600257514,11.22301739309206,73.82332615411636
3248,05/05/2023 11:22:37.106660,3430,True,True,True,True,Eyes,0.7697877,0.01063886,-1.993324,-0.9302295,-0.2848723,0.231346,0.0,0.0,0.0,0.0,0.0,0.0,0.0,1.804547,0.2699162,1.080469,0.6983632,0.005388381,-2.002228,0.08612456,-0.6248277,0.04724023,0.7745587,11.09586,282.0191,357.9884,0.3871308,0.006271358,-0.9220031,-0.287945,-0.002213327,-0.0619426,-1.239494,-0.5554309,-1.646391,-0.04945201,-0.1731506,2.040589,0.2147174,-0.03444535,0.9760686,-0.1808067,0.9807018,0.07438304,-0.9597945,-0.1924511,0.2043457,moving,-76.034,-50.9198,-1.388245,-4.850117,-9.80236751145834,2.4107982722100285,87.71775436729168,11.113880880594449,73.91964147666866
3249,05/05/2023 11:22:37.126577,3431,True,True,True,True,Eyes,0.765747,0.01025015,-1.993535,-0.9312984,-0.2836939,0.2284753,0.0,0.0,0.0,0.0,0.0,0.0,0.0,1.814378,0.2596115,1.058787,0.6873845,0.004370235,-2.001969,0.08323739,-0.6277615,0.04508425,0.7726282,10.67439,281.6223,357.9683,0.384457,0.006142333,-0.923122,-0.2706683,-0.002080527,-0.05822604,-1.257672,-0.5397629,-1.661842,-0.05266428,-0.1711087,2.040334,0.2077657,-0.03483975,0.977558,-0.1741732,0.9820779,0.07201882,-0.9625472,-0.1852274,0.197974,moving,-76.21587,-51.15348,-1.478568,-4.793784,-9.801213775036084,2.403569109407288,87.94819909157674,11.003105219810484,74.02323653496993
3250,05/05/2023 11:22:37.146636,3432,True,True,True,True,Eyes,0.7614259,0.009836907,-1.99374,-0.9323805,-0.2825195,0.2254978,0.0,0.0,0.0,0.0,0.0,0.0,0.0,1.824214,0.249684,1.036636,0.6765679,0.003275247,-2.001739,0.08089864,-0.6306384,0.04433107,0.7705747,10.40417,281.2274,358.0356,0.3818813,0.006008275,-0.9241914,-0.2544282,-0.001955695,-0.05473248,-1.273979,-0.5294488,-1.677395,-0.05587739,-0.1690663,2.040079,0.2006601,-0.03371475,0.9790806,-0.1703564,0.9829804,0.06876315,-0.9647353,-0.1805906,0.1915014,moving,-76.40399,-51.40427,-1.568929,-4.737415,-9.799544578863156,2.395629652527993,88.19343348835413,10.891435113059392,74.13276631128464
3251,05/05/2023 11:22:37.156707,3433,True,True,True,True,Eyes,0.64698,-0.0005273744,-1.99839,-0.9568437,-0.25128,0.1459745,0.0,0.0,0.0,0.0,0.0,0.0,0.0,1.834137,0.2402486,1.013268,0.6656262,0.002234809,-2.001356,0.07887717,-0.6336368,0.04405259,0.7683374,10.19712,280.8085,358.1214,0.3793827,0.00586855,-0.9252208,-0.2391625,-0.001838353,-0.05144853,-1.289789,-0.5212231,-1.693817,-0.05917034,-0.1669732,2.039817,0.1931278,-0.03226445,0.980643,-0.1676534,0.9836755,0.06538188,-0.9667439,-0.1770352,0.1845658,moving,-81.32593,-59.84667,-1.661551,-4.679625,-9.657310505365718,2.0922309767973792,96.90106364476948,10.478082049599182,78.8387582201956
3252,05/05/2023 11:22:37.176716,3434,True,True,True,True,Eyes,0.6465568,-0.0004371055,-1.998376,-0.9568149,-0.2516112,0.1455915,2.027001,-1.292908,-0.5104533,-1.703262,0.7765562,0.3269145,0.5385976,-0.05228838,-0.1616149,2.028841,0.6549141,0.001769328,-2.00103,0.07754611,-0.6367491,0.04405237,0.7658961,10.07197,280.3608,358.1797,0.3710783,0.00517816,-0.9285867,-0.5681503,-0.0328209,-0.06231161,-1.304583,-0.5153654,-1.711359,-0.06225023,-0.1650157,2.039573,0.1852201,-0.03127576,0.9821993,-0.1662339,0.9840919,0.06268392,-0.9685349,-0.1748851,0.1770745,moving,-81.34809,-59.94475,-1.748193,-4.625553,-9.653522177197924,2.087809324613086,96.93480881053729,10.371280687619597,78.78879368568055
3253,05/05/2023 11:22:37.196392,3435,True,True,True,True,Eyes,0.6456923,-0.0002124952,-1.99834,-0.9568798,-0.2517713,0.1448873,0.0,0.0,0.0,0.0,0.0,0.0,0.0,1.854962,0.2311434,0.9612398,0.6443126,0.004084939,-2.000785,0.07936954,-0.6401013,0.04597813,0.7627954,10.36666,279.8302,358.1669,0.3642155,0.004601886,-0.9313029,-0.5340613,-0.03085164,-0.05857291,-1.315804,-0.5210912,-1.732792,-0.06540924,-0.1630075,2.039323,0.1763128,-0.03146527,0.9838312,-0.1717529,0.983173,0.06222413,-0.9692341,-0.1799468,0.1679418,moving,-81.38988,-60.08078,-1.837075,-4.57006,-9.648942316961012,2.0819599478331705,97.0056123030334,10.260343091932844,78.75638399683562
3254,05/05/2023 11:22:37.206663,3436,True,True,True,True,Eyes,0.6444339,4.382254e-05,-1.998269,-0.9570389,-0.2517128,0.1439351,0.0,0.0,0.0,0.0,0.0,0.0,0.0,1.864697,0.222739,0.9351214,0.6328903,0.007502645,-2.000139,0.07822189,-0.6435313,0.04431693,0.7601216,10.13424,279.3245,358.0612,0.3585105,0.004126648,-0.9335161,-0.5020176,-0.02900054,-0.05505854,-1.332342,-0.5072421,-1.752649,-0.06879655,-0.1608545,2.039055,0.1678071,-0.03330395,0.9852572,-0.168049,0.9838347,0.06187765,-0.971391,-0.175955,0.1594977,moving,-81.44703,-60.23809,-1.932394,-4.51054,-9.644184086111798,2.0754214672321227,97.09859508363132,10.141331016198933,78.73400683604976
3255,05/05/2023 11:22:37.226549,3437,True,True,True,True,Eyes,0.6428232,0.000414125,-1.998193,-0.9571564,-0.2520009,0.1426437,0.0,0.0,0.0,0.0,0.0,0.0,0.0,1.87351,0.2099681,0.9123752,0.6221056,0.008479673,-1.999867,0.07490553,-0.646621,0.04200719,0.7579616,9.66438,278.9016,358.0705,0.3533985,0.003716428,-0.9354652,-0.4718966,-0.02726051,-0.05175502,-1.349581,-0.4879065,-1.769254,-0.07195006,-0.1588502,2.038804,0.1602334,-0.0331913,0.9865209,-0.1605507,0.985249,0.05922557,-0.9739347,-0.1678765,0.1525409,moving,-81.52367,-60.4882,-2.021148,-4.455111,-9.635751381629069,2.0646615399728443,97.26437203438063,10.024451038959729,78.73523532148216
3256,05/05/2023 11:22:37.246786,3438,True,True,True,True,Eyes,0.6408153,0.000878554,-1.998126,-0.9573649,-0.2521091,0.1410439,0.0,0.0,0.0,0.0,0.0,0.0,0.0,1.883854,0.2072403,0.8838936,0.6120551,0.011655,-1.999593,0.07749626,-0.6500272,0.04583286,0.7545584,10.16806,278.3488,358.1613,0.3487213,0.003364801,-0.9372201,-0.4435828,-0.02562488,-0.04864972,-1.357864,-0.5002367,-1.791334,-0.07498072,-0.1569239,2.038563,0.1507282,-0.03158218,0.9880707,-0.1699165,0.9837873,0.0573657,-0.9738632,-0.1765361,0.1429181,moving,-81.61918,-60.77491,-2.106456,-4.401815,-9.62655153929758,2.052523096580859,97.46896489539223,9.910111865420006,78.75787689073626
3257,05/05/2023 11:22:37.256418,3439,True,True,True,True,Eyes,0.6384807,0.001410747,-1.998068,-0.957654,-0.2520606,0.1391558,0.0,0.0,0.0,0.0,0.0,0.0,0.0,1.892723,0.1933664,0.8594104,0.6005861,0.0143171,-1.999367,0.07439903,-0.6532836,0.04370653,0.7521803,9.731339,277.8943,358.171,0.3444196,0.003070412,-0.9388105,-0.4169678,-0.02408739,-0.04573074,-1.375328,-0.4800904,-1.80963,-0.07855175,-0.1546541,2.038281,0.1426207,-0.03145695,0.9892774,-0.1629577,0.985109,0.05481745,-0.9762706,-0.1690285,0.1353709,moving,-81.73227,-61.09811,-2.206986,-4.33899,-9.616511646795042,2.03897869501698,97.70296054089178,9.776479682642934,78.78540914676348
3258,05/05/2023 11:22:37.276647,3440,True,True,True,True,Eyes,0.6358082,0.002059746,-1.998008,-0.9579507,-0.2522009,0.1368402,0.0,0.0,0.0,0.0,0.0,0.0,0.0,1.902553,0.1828105,0.8328084,0.5904465,0.01644165,-1.999451,0.07256565,-0.6569487,0.04286467,0.7492098,9.500347,277.3576,358.1922,0.3404429,0.002830802,-0.9402606,-0.3919497,-0.02264214,-0.04298689,-1.389542,-0.4681391,-1.830603,-0.08132084,-0.1528939,2.03806,0.1331621,-0.03111457,0.9906057,-0.1595731,0.9857937,0.05241401,-0.9781637,-0.1650535,0.1263053,moving,-81.87048,-61.51645,-2.284952,-4.290255,-9.60301802604694,2.021238001768795,98.0239443259493,9.663800198315304,78.85533280623791
3259,05/05/2023 11:22:37.296744,3441,True,True,True,True,Eyes,0.6327884,0.002780411,-1.997967,-0.9584159,-0.2517954,0.1343057,0.0,0.0,0.0,0.0,0.0,0.0,0.0,1.911561,0.1826577,0.8044097,0.5796413,0.01993009,-1.999531,0.07397552,-0.6604005,0.04225421,0.7460654,9.566402,276.8024,357.9858,0.3367452,0.002646113,-0.9415919,-0.3684328,-0.02128361,-0.04040768,-1.401932,-0.4644415,-1.853616,-0.08457047,-0.1508284,2.037803,0.1241715,-0.03465812,0.9916553,-0.1607557,0.9854844,0.05457173,-0.9791523,-0.1661905,0.1167976,moving,-82.02292,-61.92489,-2.376458,-4.233042,-9.590911097705815,2.004365344278818,98.34586028284338,9.536958837987106,78.9288806033796
3260,05/05/2023 11:22:37.306598,3442,True,True,True,True,Eyes,0.6294851,0.003488306,-1.997965,-0.9590583,-0.2508501,0.1314588,0.0,0.0,0.0,0.0,0.0,0.0,0.0,1.919432,0.174897,0.7799213,0.5683391,0.02226536,-1.999895,0.07029862,-0.6636928,0.03609229,0.7438197,8.771099,276.3402,357.7024,0.3332838,0.002514302,-0.9428229,-0.3463268,-0.0200066,-0.03798322,-1.42141,-0.4318964,-1.873049,-0.08776659,-0.1487969,2.03755,0.1164187,-0.03962106,0.9924097,-0.1470057,0.9875109,0.05667059,-0.9822608,-0.1524874,0.1091402,moving,-82.19506,-62.34307,-2.466466,-4.176744,-9.579495245841644,1.9875017549879272,98.6912872626308,9.412391342272441,79.02354381594675
3261,05/05/2023 11:22:37.327002,3443,True,True,True,True,Eyes,0.6259035,0.004169073,-1.998006,-0.9597021,-0.249984,0.1283738,0.0,0.0,0.0,0.0,0.0,0.0,0.0,1.92752,0.1712772,0.7550511,0.5582689,0.02260481,-2.000649,0.0685278,-0.6668866,0.03295472,0.7412694,8.369083,275.8671,357.5354,0.3300229,0.002429517,-0.9439695,-0.3255472,-0.0188062,-0.03570423,-1.436034,-0.4151813,-1.89333,-0.09087348,-0.1468222,2.037303,0.1083525,-0.0425439,0.9932018,-0.1402572,0.9884359,0.05764099,-0.9841685,-0.1455492,0.1011324,moving,-82.3811,-62.81824,-2.553973,-4.122005,-9.565940603028237,1.9680951567930047,99.08389479753687,9.287465186243647,79.13352656455108
3262,05/05/2023 11:22:37.346729,3444,True,True,True,True,Eyes,0.622045,0.004816217,-1.998086,-0.9603795,-0.2491081,0.1249654,0.0,0.0,0.0,0.0,0.0,0.0,0.0,1.936191,0.1702304,0.7277586,0.5480312,0.02264438,-2.001648,0.06907611,-0.670145,0.03324179,0.738261,8.426817,275.3521,357.4796,0.3269301,0.002385797,-0.9450452,-0.3060144,-0.01767783,-0.03356197,-1.4471,-0.4148636,-1.915536,-0.09408426,-0.144781,2.037048,0.09960142,-0.04349978,0.9940761,-0.1416643,0.988247,0.05743876,-0.9848913,-0.146546,0.09226846,moving,-82.58628,-63.35931,-2.644416,-4.065399,-9.55009982912776,1.94582651059565,99.53124886923914,9.15550661007421,79.25963282874918
3263,05/05/2023 11:22:37.356624,3445,True,True,True,True,Eyes,0.6179494,0.005437016,-1.998217,-0.9610586,-0.248311,0.1212763,0.0,0.0,0.0,0.0,0.0,0.0,0.0,1.945243,0.1635586,0.6997341,0.5375292,0.02248163,-2.002724,0.06755763,-0.6737152,0.03253445,0.7351772,8.231411,274.8158,357.4987,0.323976,0.002377467,-0.9460621,-0.2876535,-0.01661716,-0.03154825,-1.460107,-0.4060728,-1.938206,-0.09727925,-0.1427503,2.036795,0.09009879,-0.04319203,0.9949959,-0.1388664,0.9887549,0.05549574,-0.9862041,-0.1431715,0.08308771,moving,-82.80784,-63.96889,-2.734422,-4.009062,-9.531667815761448,1.92049236460138,100.0346602133096,9.020097873230078,79.40181931239471
3264,05/05/2023 11:22:37.376632,3446,True,True,True,True,Eyes,0.6136099,0.006075965,-1.998395,-0.9617323,-0.2476605,0.1171974,0.0,0.0,0.0,0.0,0.0,0.0,0.0,1.955079,0.1579611,0.6691335,0.5277734,0.02247564,-2.00399,0.06733502,-0.6777029,0.03363691,0.7314736,8.285119,274.194,357.5641,0.3211357,0.002399765,-0.9470299,-0.2703943,-0.01562013,-0.02965536,-1.470305,-0.4058848,-1.964127,-0.1004789,-0.1407168,2.036542,0.07917472,-0.04205725,0.9959733,-0.1404753,0.9886691,0.0529159,-0.9869136,-0.1440992,0.07236962,moving,-83.05215,-64.67565,-2.824569,-3.952623,-9.509530622528136,1.890797458270156,100.61685127827391,8.878866737754555,79.56568997797984
3265,05/05/2023 11:22:37.396495,3447,True,True,True,True,Eyes,0.609017,0.00671157,-1.998619,-0.962474,-0.2467837,0.1128783,0.0,0.0,0.0,0.0,0.0,0.0,0.0,1.965256,0.1507949,0.6360958,0.5175889,0.02359051,-2.005276,0.06735378,-0.6820187,0.03527285,0.7273721,8.40075,273.5136,357.6502,0.3183864,0.002450533,-0.9479576,-0.2541706,-0.01468292,-0.02787604,-1.480183,-0.4067071,-1.992194,-0.1037818,-0.1386173,2.03628,0.06721291,-0.04056011,0.996914,-0.143186,0.9884385,0.04986904,-0.987411,-0.146096,0.06062819,moving,-83.31094,-65.42076,-2.917634,-3.894332,-9.486266837807031,1.8595225857615123,101.23529518922153,8.732341035026383,79.74154000351997
3266,05/05/2023 11:22:37.406902,3448,True,True,True,True,Eyes,0.4890429,0.02195028,-2.006005,-0.9742945,-0.2252688,-0.002092862,0.0,0.0,0.0,0.0,0.0,0.0,0.0,1.974393,0.138157,0.6053151,0.506961,0.02408619,-2.006522,0.06406909,-0.68617,0.03400762,0.723816,8.014195,272.9019,357.7606,0.3157073,0.002526805,-0.9488529,-0.2389204,-0.01380195,-0.02620348,-1.493855,-0.3907886,-2.017467,-0.1069688,-0.1365914,2.036027,0.05602863,-0.03869405,0.9976791,-0.1371551,0.9894772,0.04607844,-0.9889638,-0.1394185,0.05013201,moving,89.87692,89.4677,-3.007441,-3.838065,-7.040470813070893,5.30303298311673,131.6566378904366,9.991246259103985,86.33197222918861
3267,05/05/2023 11:22:37.426798,3449,True,True,True,True,Eyes,0.4886471,0.02197597,-2.006069,-0.9742686,-0.2253765,-0.002500033,0.0,0.0,0.0,0.0,0.0,0.0,0.0,1.983383,0.1282692,0.574378,0.4972485,0.02407104,-2.008067,0.06282832,-0.6902019,0.0353692,0.7200161,8.007258,272.2773,357.9284,0.3062551,0.003440822,-0.9519429,-0.5845074,0.0327423,-0.04678846,-1.50349,-0.3887131,-2.043573,-0.1101853,-0.1345471,2.035771,0.04474075,-0.03579568,0.9983572,-0.1376612,0.9896033,0.04165104,-0.9894685,-0.1392986,0.03934788,moving,89.85297,89.36446,-3.098089,-3.781264,-7.036521247914932,5.298394692365945,131.5903692095499,9.897042514876489,86.27940602236613
3268,05/05/2023 11:22:37.446648,3450,True,True,True,True,Eyes,0.4878818,0.02200938,-2.006203,-0.9742422,-0.2254797,-0.003325463,0.0,0.0,0.0,0.0,0.0,0.0,0.0,1.991761,0.1186971,0.5434886,0.4873695,0.02472961,-2.009587,0.06247915,-0.6940671,0.03775067,0.7161999,8.157695,271.6635,358.1095,0.2984559,0.004218166,-0.9544138,-0.549437,0.03077777,-0.04398115,-1.51186,-0.3915593,-2.069193,-0.113304,-0.1325646,2.035524,0.03369182,-0.03265538,0.9988986,-0.1408035,0.9893425,0.03709213,-0.9894642,-0.1418981,0.02873475,moving,89.80443,89.15504,-3.185985,-3.726157,-7.028507080982296,5.288984948242281,131.43109996505785,9.799885728404906,86.25309751394079
3269,05/05/2023 11:22:37.456633,3451,True,True,True,True,Eyes,0.4867951,0.02205928,-2.006423,-0.9741554,-0.2258326,-0.004571486,0.0,0.0,0.0,0.0,0.0,0.0,0.0,1.999933,0.1083886,0.5132188,0.4777519,0.02496458,-2.011468,0.06089931,-0.6979595,0.03858783,0.7124991,8.08528,271.0584,358.2623,0.2919881,0.004882111,-0.9564091,-0.5164708,0.0289311,-0.04134228,-1.521318,-0.3869523,-2.094985,-0.1165239,-0.130518,2.035268,0.02272721,-0.03002291,0.9992908,-0.1399981,0.9896045,0.03291591,-0.9898909,-0.1406469,0.01828778,moving,89.73112,88.84033,-3.27674,-3.669247,-7.016485930705378,5.274853633594324,131.18111090587138,9.694464181691004,86.24776408805292
3270,05/05/2023 11:22:37.476733,3452,True,True,True,True,Eyes,0.4853814,0.02214032,-2.006699,-0.9740227,-0.2263639,-0.006244016,0.0,0.0,0.0,0.0,0.0,0.0,0.0,2.008288,0.1036184,0.4809347,0.4689629,0.02545992,-2.013624,0.0623978,-0.7019942,0.04173241,0.7082155,8.451605,270.3835,358.3492,0.2864079,0.005463339,-0.9580918,-0.4854825,0.02719523,-0.03886175,-1.526363,-0.3972804,-2.123613,-0.1196916,-0.1285046,2.035017,0.01092522,-0.0284947,0.9995344,-0.1467168,0.9887298,0.02979035,-0.9891183,-0.146974,0.006621453,moving,89.63271,88.41995,-3.366033,-3.613243,-7.000458009898151,5.255989869868615,130.83911805479008,9.58500583476771,86.2676158729947
3271,05/05/2023 11:22:37.496613,3453,True,True,True,True,Eyes,0.4836528,0.02223692,-2.00706,-0.9738797,-0.2269118,-0.008322239,0.0,0.0,0.0,0.0,0.0,0.0,0.0,2.01637,0.1000838,0.4472446,0.4597116,0.02636631,-2.015878,0.06389333,-0.706171,0.0439298,0.703783,8.74157,269.6801,358.3531,0.2813102,0.005990279,-0.9595978,-0.4563536,0.02556352,-0.03653004,-1.532004,-0.404275,-2.153562,-0.1229769,-0.1264164,2.034757,-0.001214414,-0.02840512,0.9995958,-0.1520733,0.9879756,0.02789017,-0.9883685,-0.151978,-0.00551954,moving,89.5104,87.89956,-3.458644,-3.555131,-6.980646741931679,5.23265084008362,130.41166990794736,9.467291744901374,86.30797052133283
3272,05/05/2023 11:22:37.507237,3454,True,True,True,True,Eyes,0.4816515,0.02233275,-2.007525,-0.9736958,-0.2276013,-0.01069066,0.0,0.0,0.0,0.0,0.0,0.0,0.0,2.023823,0.0973638,0.4139643,0.4504541,0.02684643,-2.018186,0.06434589,-0.7103434,0.04424429,0.6995102,8.793775,268.9879,358.2885,0.2766334,0.006469112,-0.9609534,-0.4289724,0.02402971,-0.03433824,-1.539098,-0.4032797,-2.183259,-0.1262465,-0.1243381,2.034497,-0.01309033,-0.02951668,0.9994786,-0.153314,0.9878041,0.02716394,-0.9880909,-0.1528785,-0.01745602,moving,89.37095,87.31074,-3.550818,-3.497277,-6.9582947791354925,5.206269843977227,129.92517431090138,9.346797615528729,86.3650189933379
3273,05/05/2023 11:22:37.527004,3455,True,True,True,True,Eyes,0.4793767,0.02245379,-2.008077,-0.973465,-0.2284419,-0.01342979,0.0,0.0,0.0,0.0,0.0,0.0,0.0,2.031106,0.09572992,0.3807924,0.4419149,0.02696447,-2.020777,0.06635229,-0.714384,0.04660999,0.69504,9.138984,268.2881,358.2581,0.2723228,0.006904614,-0.9621808,-0.403234,0.02258793,-0.03227795,-1.54285,-0.4130006,-2.213178,-0.1293637,-0.1223568,2.03425,-0.02503381,-0.03001041,0.9992361,-0.1595936,0.9868498,0.02564013,-0.9868654,-0.1588298,-0.02949406,moving,89.20961,86.63554,-3.638702,-3.442099,-6.9327511570223725,5.176055442160159,129.3630166974459,9.226231399537118,86.44658663900806
3274,05/05/2023 11:22:37.546928,3456,True,True,True,True,Eyes,0.4768579,0.02260526,-2.00883,-0.9736239,-0.2274993,-0.01733398,0.0,0.0,0.0,0.0,0.0,0.0,0.0,2.037981,0.08928755,0.3475447,0.4330904,0.02772408,-2.023312,0.06722175,-0.7184786,0.04895633,0.6905601,9.392074,267.5915,358.3167,0.2683292,0.007302356,-0.9632992,-0.37904,0.02123265,-0.03034127,-1.547175,-0.4190159,-2.242769,-0.1325687,-0.1203194,2.033995,-0.03721612,-0.02898018,0.9988869,-0.1642093,0.9861691,0.02249316,-0.9857233,-0.1631895,-0.04146013,moving,88.98004,85.64285,-3.729064,-3.385342,-6.894730871088594,5.1314382098474205,128.5340302615291,9.086087820484487,86.59740887189072
3275,05/05/2023 11:22:37.556672,3457,True,True,True,True,Eyes,0.474124,0.02273445,-2.009671,-0.9737293,-0.2266867,-0.02155423,0.0,0.0,0.0,0.0,0.0,0.0,0.0,2.044593,0.08049187,0.3144333,0.4245842,0.02809326,-2.025992,0.06672101,-0.7226996,0.05040524,0.6860854,9.462862,266.8913,358.4156,0.2646085,0.007667499,-0.9643251,-0.3562976,0.01995869,-0.02852079,-1.552194,-0.4190646,-2.272743,-0.1359703,-0.1181573,2.033726,-0.04967067,-0.02727389,0.9983933,-0.1656031,0.9860152,0.01869691,-0.9849409,-0.1644083,-0.0534927,moving,88.73193,84.56844,-3.824973,-3.325086,-6.853558816331357,5.083138823732538,127.64032358805773,8.937034000904077,86.76128391008427
3276,05/05/2023 11:22:37.576526,3458,True,True,True,True,Eyes,0.4711922,0.02285083,-2.01083,-0.9737914,-0.225959,-0.02593963,0.0,0.0,0.0,0.0,0.0,0.0,0.0,2.050883,0.07174064,0.2816513,0.4166732,0.0277054,-2.028845,0.06633018,-0.7268811,0.05230562,0.6815486,9.581735,266.1906,358.5396,0.261123,0.008002225,-0.965272,-0.3349198,0.01876117,-0.02680955,-1.555876,-0.4218819,-2.302383,-0.1389626,-0.1162555,2.033489,-0.0621839,-0.02513067,0.9977484,-0.1677259,0.9857289,0.01437456,-0.9838706,-0.1664544,-0.06551159,moving,88.47413,83.45123,-3.909345,-3.272064,-6.810734827579101,5.032910432268145,126.7108368502318,8.79719632907025,86.94392010683806
3277,05/05/2023 11:22:37.596813,3459,True,True,True,True,Eyes,0.468055,0.02294718,-2.012063,-0.9737981,-0.2253454,-0.03060701,0.0,0.0,0.0,0.0,0.0,0.0,0.0,2.056561,0.06358802,0.248888,0.4084965,0.02737839,-2.031702,0.06622937,-0.7309448,0.05427814,0.6770433,9.731362,265.4998,358.6441,0.2578371,0.008308826,-0.9661523,-0.3148246,0.0176355,-0.02520097,-1.559269,-0.4255752,-2.331778,-0.1420918,-0.1142669,2.033241,-0.0744524,-0.02332271,0.9969519,-0.1703173,0.9853351,0.01033167,-0.9825727,-0.1690289,-0.07733288,moving,88.19976,82.26527,-3.997581,-3.216604,-6.765318610273408,4.979609198568728,125.72788262761031,8.65091222217138,87.13916461088917
3278,05/05/2023 11:22:37.606990,3460,True,True,True,True,Eyes,0.4647206,0.02302797,-2.01333,-0.9737822,-0.2247017,-0.03545985,0.0,0.0,0.0,0.0,0.0,0.0,0.0,2.061728,0.05508798,0.2164636,0.4003391,0.02702173,-2.034603,0.06586431,-0.7349426,0.05600032,0.6725961,9.840974,264.82,358.7507,0.2547213,0.008589112,-0.966976,-0.2959351,0.01657737,-0.02368891,-1.562656,-0.4278581,-2.3609,-0.1453221,-0.1122133,2.032984,-0.08655297,-0.02148177,0.9960156,-0.1721441,0.9850517,0.006286113,-0.981262,-0.1709142,-0.08895714,moving,87.91452,81.03219,-4.088672,-3.159312,-6.718096038230467,4.924189428065379,124.71085096015048,8.500403879249458,87.34268704128363
3279,05/05/2023 11:22:37.626390,3461,True,True,True,True,Eyes,0.4612056,0.02308258,-2.014679,-0.9737339,-0.2240471,-0.04056163,0.0,0.0,0.0,0.0,0.0,0.0,0.0,2.066532,0.04735281,0.184139,0.3923379,0.02673238,-2.03766,0.06537033,-0.7389275,0.05718498,0.6681639,9.896403,264.1403,358.8257,0.251749,0.008845008,-0.9677517,-0.278179,0.01558273,-0.02226758,-1.565974,-0.4280933,-2.390261,-0.148602,-0.1101287,2.032724,-0.09856763,-0.02018998,0.9949257,-0.1730257,0.9849132,0.002845089,-0.9799728,-0.1718673,-0.100574,moving,87.61469,79.73829,-4.181161,-3.101134,-6.668576047840553,4.866049493607297,123.64808299955959,8.34645112853554,87.55929158981789
3280,05/05/2023 11:22:37.646630,3462,True,True,True,True,Eyes,0.4575174,0.02311579,-2.016131,-0.9736915,-0.22324,-0.04570308,0.0,0.0,0.0,0.0,0.0,0.0,0.0,2.070875,0.0415543,0.1527271,0.3844194,0.02615131,-2.040861,0.06452294,-0.7427734,0.05726972,0.6639616,9.831912,263.4877,358.8484,0.2488973,0.009077637,-0.968487,-0.2614882,0.01464776,-0.02093153,-1.570009,-0.4244612,-2.4188,-0.1516932,-0.1081639,2.032479,-0.1099839,-0.01980206,0.9937361,-0.1719016,0.9851139,0.000604658,-0.9789553,-0.1707583,-0.1117508,moving,87.31262,78.42993,-4.268333,-3.046278,-6.618434901284066,4.807231368375197,122.57831546585828,8.19759649809479,87.7828963032566
3281,05/05/2023 11:22:37.666393,3463,True,True,True,True,Eyes,0.4536793,0.02312712,-2.017673,-0.9736141,-0.2224183,-0.05104561,0.0,0.0,0.0,0.0,0.0,0.0,0.0,2.074799,0.03782639,0.1222367,0.3764833,0.02562221,-2.044203,0.06406344,-0.7463965,0.05706643,0.6599483,9.77302,262.8639,358.819,0.2461452,0.009288271,-0.9691881,-0.2457989,0.0137689,-0.01967563,-1.57389,-0.4207371,-2.44669,-0.1549275,-0.1061077,2.032222,-0.1207283,-0.02031165,0.9924779,-0.1709552,0.9852786,-0.000631244,-0.9778544,-0.1697455,-0.1224234,moving,86.99879,77.0743,-4.35954,-2.988851,-6.566533820198438,4.746309869430158,121.47614007877307,8.043850781706334,88.01465713733633
3282,05/05/2023 11:22:37.676639,3464,True,True,True,True,Eyes,0.4496778,0.02310575,-2.019243,-0.973552,-0.2213736,-0.05648215,0.0,0.0,0.0,0.0,0.0,0.0,0.0,2.078529,0.0362912,0.0930829,0.3689793,0.02508963,-2.047801,0.06388932,-0.7498128,0.05645086,0.6561345,9.700332,262.2688,358.7367,0.2434752,0.009478002,-0.9698604,-0.231051,0.01294276,-0.01849509,-1.577366,-0.4164217,-2.473875,-0.1581126,-0.1040835,2.031969,-0.1308116,-0.02173135,0.991169,-0.1698887,0.9854628,-0.000815182,-0.9767427,-0.1684951,-0.132602,moving,86.67962,75.6867,-4.449362,-2.932298,-6.513283043388844,4.683898865096026,120.35546604488027,7.890895054506924,88.25336498428409
3283,05/05/2023 11:22:37.696656,3465,True,True,True,True,Eyes,0.4455401,0.02303776,-2.020903,-0.9734483,-0.2203455,-0.06201827,0.0,0.0,0.0,0.0,0.0,0.0,0.0,2.081816,0.03761076,0.06573939,0.3612472,0.02426101,-2.051489,0.06381468,-0.7528657,0.05505336,0.6527557,9.567323,261.7346,358.5929,0.2408711,0.009647376,-0.9705088,-0.2171879,0.0121662,-0.01738539,-1.581688,-0.4098811,-2.499574,-0.1616666,-0.1018241,2.031687,-0.1396753,-0.02421499,0.9899011,-0.1679606,0.9857937,0.0004152229,-0.9758483,-0.1662064,-0.1417582,moving,86.35462,74.28026,-4.549588,-2.86915,-6.459400530815165,4.620678807781294,119.22921829591672,7.729483777894173,88.48902274411597
3284,05/05/2023 11:22:37.706613,3466,True,True,True,True,Eyes,0.4412776,0.02292749,-2.022674,-0.9732817,-0.219412,-0.06768332,0.0,0.0,0.0,0.0,0.0,0.0,0.0,2.084815,0.04027269,0.0411489,0.3538004,0.0230579,-2.055252,0.06440569,-0.7554277,0.05422714,0.6498004,9.533893,261.2726,358.4408,0.2383195,0.009796125,-0.971137,-0.2041567,0.01143623,-0.01634226,-1.585378,-0.4074495,-2.522291,-0.1647354,-0.09987383,2.031444,-0.147223,-0.02683405,0.9887394,-0.1677813,0.9858226,0.001772334,-0.9747693,-0.165631,-0.149638,moving,86.02198,72.85627,-4.63613,-2.814621,-6.405064276211435,4.556761672880182,118.08885067399876,7.580660326356394,88.74331419096117
3285,05/05/2023 11:22:37.726379,3467,True,True,True,True,Eyes,0.4368916,0.02280723,-2.024549,-0.973071,-0.2185207,-0.07335858,0.0,0.0,0.0,0.0,0.0,0.0,0.0,2.08787,0.04158089,0.01900768,0.3464474,0.02193467,-2.059316,0.0655866,-0.757531,0.05466995,0.6471913,9.655428,260.877,358.3373,0.2358085,0.009924217,-0.9717485,-0.1919073,0.01075005,-0.01536173,-1.588222,-0.4105536,-2.542588,-0.1676324,-0.09803224,2.031214,-0.1536839,-0.02860393,0.987706,-0.1701316,0.9854192,0.00206578,-0.9733636,-0.1677225,-0.1563095,moving,85.6887,71.44283,-4.717824,-2.763115,-6.351319925668051,4.4933975912656985,116.96094157925371,7.438096794635825,89.00218731283957
3286,05/05/2023 11:22:37.746508,3468,True,True,True,True,Eyes,0.4323831,0.02265921,-2.026492,-0.9727457,-0.2177582,-0.07966924,0.0,0.0,0.0,0.0,0.0,0.0,0.0,2.090952,0.043775,-0.001378298,0.339065,0.02156517,-2.06363,0.06644531,-0.7593935,0.0541617,0.6449599,9.669764,260.5304,358.1949,0.2333272,0.01003321,-0.9723462,-0.1803928,0.01010505,-0.01444002,-1.592168,-0.4088885,-2.561879,-0.1707852,-0.09602882,2.030964,-0.1592238,-0.03105202,0.9867542,-0.1707805,0.9853031,0.003449036,-0.9723591,-0.1679692,-0.1621868,moving,85.31785,69.9044,-4.806734,-2.707064,-6.293316886840477,4.424637644582094,115.73618857296258,7.2849912166578425,89.29132830303742
3287,05/05/2023 11:22:37.756623,3469,True,True,True,True,Eyes,0.427786,0.02246612,-2.028556,-0.9723849,-0.2169862,-0.0859331,0.0,0.0,0.0,0.0,0.0,0.0,0.0,2.094235,0.04765611,-0.02109075,0.3317916,0.02076541,-2.068337,0.06663653,-0.7612076,0.0524445,0.6429402,9.527962,260.2063,358.0237,0.230867,0.01012364,-0.9729323,-0.1695693,0.009498746,-0.01357362,-1.597233,-0.40204,-2.581152,-0.1740759,-0.09393688,2.030703,-0.1643749,-0.0340111,0.9858114,-0.1688858,0.9856184,0.005844305,-0.9718325,-0.1655289,-0.167755,moving,84.94968,68.39494,-4.899532,-2.648518,-6.236668562236543,4.357282721809895,114.54280344752658,7.132263170956454,89.57463534661018
3288,05/05/2023 11:22:37.776329,3470,True,True,True,True,Eyes,0.4230857,0.02224451,-2.030669,-0.9718826,-0.2164316,-0.09274447,0.0,0.0,0.0,0.0,0.0,0.0,0.0,2.097697,0.05031994,-0.03953433,0.3250449,0.01947684,-2.073256,0.06701118,-0.7628501,0.05164083,0.6410168,9.479751,259.9065,357.9064,0.22842,0.01019516,-0.973509,-0.1593951,0.008928821,-0.0127592,-1.601207,-0.3991636,-2.59946,-0.1772345,-0.09192938,2.030452,-0.1692141,-0.03603369,0.9849205,-0.1684443,0.9856855,0.00712215,-0.9710785,-0.164699,-0.1728615,moving,84.5489,66.80408,-4.9886,-2.592314,-6.177743364913551,4.286622263191276,113.28205244633078,6.980961685567819,89.89232052140213
3289,05/05/2023 11:22:37.796699,3471,True,True,True,True,Eyes,0.4182982,0.02199571,-2.03292,-0.9713427,-0.2158689,-0.09946869,0.0,0.0,0.0,0.0,0.0,0.0,0.0,2.101347,0.05174082,-0.05768347,0.3182153,0.01865057,-2.078474,0.06767892,-0.7643947,0.05146933,0.6391177,9.508581,259.6165,357.8107,0.22598,0.01024828,-0.9740777,-0.1498314,0.008393092,-0.01199365,-1.604705,-0.3985184,-2.61763,-0.1804455,-0.08988818,2.030198,-0.1738966,-0.03767691,0.9840431,-0.1692567,0.9855409,0.007823837,-0.9701096,-0.1651953,-0.1777594,moving,84.15311,65.26056,-5.079144,-2.535148,-6.120994671441791,4.218242122311269,112.06539687674237,6.833281127373226,90.20396228893854
3290,05/05/2023 11:22:37.806880,3472,True,True,True,True,Eyes,0.4134268,0.02173292,-2.035274,-0.970678,-0.2154851,-0.1065376,0.0,0.0,0.0,0.0,0.0,0.0,0.0,2.105175,0.05323338,-0.07538199,0.3113218,0.01774206,-2.083997,0.06798588,-0.7658776,0.05090777,0.6373523,9.476331,259.3445,357.7197,0.2235412,0.01028345,-0.9746399,-0.1408415,0.007889506,-0.01127403,-1.608798,-0.3958477,-2.635542,-0.1836455,-0.0878542,2.029945,-0.1783201,-0.03924535,0.9831897,-0.1690301,0.9855727,0.008683661,-0.9693457,-0.1646401,-0.182381,moving,83.73652,63.69183,-5.169375,-2.478164,-6.064193441058908,4.149112285688363,110.82746172186323,6.687412878632996,90.53567724621344
3291,05/05/2023 11:22:37.826838,3473,True,True,True,True,Eyes,0.4084787,0.021478,-2.037774,-0.9699823,-0.215065,-0.1134965,0.0,0.0,0.0,0.0,0.0,0.0,0.0,2.109137,0.0533119,-0.09294057,0.3046052,0.01718102,-2.089703,0.06801402,-0.7673846,0.0504311,0.6355721,9.430768,259.0722,357.6598,0.2210988,0.01030178,-0.9751967,-0.132391,0.007416136,-0.01059759,-1.612715,-0.3924291,-2.653635,-0.1868885,-0.08579257,2.029687,-0.1828447,-0.04028061,0.9823164,-0.168491,0.9856616,0.009055521,-0.9685963,-0.1638557,-0.1870099,moving,83.32623,62.17799,-5.260818,-2.420388,-6.0098844740817245,4.082613274108259,109.63856763742031,6.546000775561127,90.86035898429601
3292,05/05/2023 11:22:37.846574,3474,True,True,True,True,Eyes,0.4034514,0.02119732,-2.040408,-0.9692309,-0.2145168,-0.1207223,0.0,0.0,0.0,0.0,0.0,0.0,0.0,2.113312,0.05156545,-0.1100235,0.2978113,0.01710462,-2.095678,0.06765505,-0.7688385,0.05001967,0.6338837,9.362773,258.8158,357.6407,0.2186485,0.01030528,-0.9757489,-0.1244476,0.006971168,-0.009961735,-1.616951,-0.3879394,-2.671331,-0.190039,-0.08379065,2.029437,-0.1872289,-0.0406183,0.9814764,-0.1674449,0.9858416,0.00885676,-0.96794,-0.1626849,-0.1913795,moving,82.9001,60.63076,-5.349649,-2.364264,-5.954791789534792,4.014821434362702,108.4268935611621,6.4077241493859844,91.20305707604972
3293,05/05/2023 11:22:37.856648,3475,True,True,True,True,Eyes,0.3983721,0.02088794,-2.043189,-0.9684555,-0.2139304,-0.1277801,0.0,0.0,0.0,0.0,0.0,0.0,0.0,2.117625,0.04880722,-0.1251006,0.2909428,0.01616647,-2.101776,0.06513033,-0.7701561,0.04797346,0.6327056,8.992822,258.6274,357.7014,0.2161863,0.01029413,-0.9762975,-0.1169807,0.006552898,-0.009364031,-1.623889,-0.3740252,-2.687249,-0.1932724,-0.08173512,2.029181,-0.1908838,-0.0396149,0.9808131,-0.1610272,0.9869131,0.008522524,-0.9683149,-0.1563107,-0.1947648,moving,82.48369,59.15022,-5.440811,-2.306619,-5.902601159835065,3.950173079839245,107.27376629899278,6.273810427647588,91.53446150764712
3294,05/05/2023 11:22:37.876829,3476,True,True,True,True,Eyes,0.3932361,0.02054439,-2.046096,-0.9676059,-0.2133263,-0.1350203,0.0,0.0,0.0,0.0,0.0,0.0,0.0,2.122228,0.0412748,-0.1395781,0.2846116,0.01515483,-2.108033,0.06330039,-0.7713601,0.04841866,0.6313892,8.895385,258.4387,357.882,0.2137101,0.01026839,-0.9768428,-0.1099619,0.006159724,-0.008802189,-1.628323,-0.3700481,-2.702837,-0.1965409,-0.0796574,2.028921,-0.1946815,-0.03651276,0.9801867,-0.1587968,0.9872974,0.005237919,-0.967927,-0.1546308,-0.1980067,moving,82.05621,57.66911,-5.53296,-2.248333,-5.851055816554494,3.885779238751916,106.12239479462923,6.14235442693724,91.8759076148943
3295,05/05/2023 11:22:37.896416,3477,True,True,True,True,Eyes,0.3880584,0.02017011,-2.049157,-0.9667537,-0.2126014,-0.1420844,0.0,0.0,0.0,0.0,0.0,0.0,0.0,2.127129,0.03348976,-0.1529746,0.2782634,0.01398705,-2.11461,0.06094597,-0.772423,0.04847748,0.6303161,8.726656,258.2844,358.0844,0.2112179,0.01022784,-0.977385,-0.1033642,0.005790141,-0.008274058,-1.63357,-0.3639649,-2.717484,-0.1996242,-0.07769776,2.028676,-0.1979746,-0.03303985,0.9796501,-0.1552644,0.9878711,0.001940196,-0.9678321,-0.1517207,-0.2007033,moving,81.63906,56.24466,-5.619884,-2.193341,-5.80184970424823,3.824003049529685,105.01963277821503,6.020094760710404,92.21202309535028
3296,05/05/2023 11:22:37.916723,3478,True,True,True,True,Eyes,0.3828246,0.01978034,-2.052306,-0.9658011,-0.2119951,-0.1492866,0.0,0.0,0.0,0.0,0.0,0.0,0.0,2.132036,0.02877281,-0.1669054,0.2720894,0.01284251,-2.121336,0.05885907,-0.773556,0.04777154,0.6291778,8.50951,258.1135,358.2068,0.2087081,0.01017243,-0.9779247,0.0,0.0,0.0,-1.63867,-0.3556772,-2.733337,-0.2030479,-0.07552138,2.028404,-0.2013419,-0.03094798,0.979032,-0.1511752,0.988507,0.0001577145,-0.9677849,-0.1479736,-0.2037064,moving,81.21317,54.84686,-5.716397,-2.132247,-5.754573230626052,3.76380634148283,103.93925270716997,5.896176933420134,92.5483158705097
3297,05/05/2023 11:22:37.935628,3479,True,True,True,True,Eyes,0.3775548,0.0194704,-2.055615,-0.9648132,-0.2114104,-0.1563365,0.0,0.0,0.0,0.0,0.0,0.0,0.0,2.137008,0.0264451,-0.180577,0.2658755,0.01213296,-2.128209,0.05828227,-0.7745129,0.04771612,0.6280576,8.46022,257.9476,358.242,0.2061795,0.01010291,-0.9784617,0.0,0.0,0.0,-1.642819,-0.3526785,-2.748798,-0.2062041,-0.07351513,2.028154,-0.204294,-0.0303438,0.9784392,-0.1502177,0.9886528,-0.0007042622,-0.9673153,-0.1471227,-0.206534,moving,80.79591,53.51735,-5.805358,-2.075909,-5.710349138411185,3.7068624237081274,102.90962085951394,5.783551851815259,92.88250501310648
3298,05/05/2023 11:22:37.947111,3480,True,True,True,True,Eyes,0.3722444,0.01929636,-2.059083,-0.9637536,-0.2108715,-0.1634387,0.0,0.0,0.0,0.0,0.0,0.0,0.0,2.142183,0.02215748,-0.1955478,0.2595754,0.01301754,-2.135446,0.05765713,-0.7756687,0.04770254,0.6266884,8.410763,257.7455,358.2821,0.2036318,0.01002448,-0.9789959,0.0,0.0,0.0,-1.646592,-0.3480186,-2.765936,-0.2094833,-0.071431,2.027894,-0.2078747,-0.0296564,0.9777059,-0.1492349,0.9888003,-0.001736628,-0.9667042,-0.1462688,-0.2099723,moving,80.37504,52.22206,-5.897789,-2.017365,-5.668138511471938,3.651751679590104,101.90640925866177,5.673766233613075,93.21718822714145
3299,05/05/2023 11:22:37.956625,3481,True,True,True,True,Eyes,0.3668655,0.01912994,-2.062711,-0.9628056,-0.2097469,-0.1703275,0.0,0.0,0.0,0.0,0.0,0.0,0.0,2.147071,0.01775404,-0.2103174,0.2534123,0.01682712,-2.14242,0.05760555,-0.7768328,0.0473565,0.6252758,8.372888,257.5331,358.2462,0.2010638,0.009944486,-0.9795273,0.0,0.0,0.0,-1.649985,-0.3404648,-2.783354,-0.2129039,-0.06925653,2.027622,-0.2114235,-0.03027802,0.9769254,-0.1487215,0.988878,-0.001537444,-0.9660134,-0.1456149,-0.213575,moving,79.96775,50.92127,-5.994194,-1.956264,-5.624811416596456,3.596013367901966,100.92318573142789,5.564550966882976,93.53694003241432
3300,05/05/2023 11:22:37.976534,3482,True,True,True,True,Eyes,0.361515,0.01891641,-2.066449,-0.9618007,-0.2088144,-0.17702,0.0,0.0,0.0,0.0,0.0,0.0,0.0,2.152495,0.02088076,-0.2220151,0.2464136,0.01671589,-2.149875,0.05298314,-0.7776882,0.04125961,0.6250533,7.493216,257.4633,358.2181,0.1984738,0.009863399,-0.9800562,0.0,0.0,0.0,-1.660762,-0.3079,-2.796974,-0.2156941,-0.06748337,2.027401,-0.2130025,-0.03082982,0.9765652,-0.1339876,0.9909809,0.002060357,-0.967821,-0.1304088,-0.2152123,moving,79.57139,49.71078,-6.072824,-1.906423,-5.585549856106795,3.5445885577162346,99.99633511894825,5.472747307674896,93.86047213342529
3301,05/05/2023 11:22:37.996432,3483,True,True,True,True,Eyes,0.3561508,0.01879694,-2.070334,-0.9606525,-0.208397,-0.1836229,0.0,0.0,0.0,0.0,0.0,0.0,0.0,2.157888,0.01150045,-0.235157,0.2419333,0.01544389,-2.157115,0.05267254,-0.778728,0.0440679,0.6235914,7.719655,257.2686,358.4344,0.1958649,0.009779051,-0.9805818,0.0,0.0,0.0,-1.661063,-0.3158054,-2.813162,-0.2188267,-0.06549221,2.027152,-0.2167185,-0.02707444,0.9758584,-0.1369959,0.9905673,-0.002941523,-0.9665738,-0.1343261,-0.2183834,moving,79.17879,48.61605,-6.161099,-1.85044,-5.552125352985911,3.4989559881881007,99.14516260238025,5.38394709680552,94.17077566701877
3302,05/05/2023 11:22:38.006711,3484,True,True,True,True,Eyes,0.3507513,0.01877703,-2.07434,-0.9595172,-0.2076631,-0.1902705,0.0,0.0,0.0,0.0,0.0,0.0,0.0,2.162644,-0.002979852,-0.2532489,0.2362255,0.017673,-2.1645,0.05503901,-0.7801641,0.04986802,0.6211506,8.405936,256.9503,358.614,0.1932375,0.009696196,-0.9811038,0.0,0.0,0.0,-1.65837,-0.336042,-2.833106,-0.2220774,-0.06342601,2.026895,-0.2222856,-0.02392782,0.974688,-0.14783,0.9889677,-0.009435457,-0.9637094,-0.1461855,-0.2233705,moving,78.78386,47.50266,-6.252692,-1.792327,-5.517865082643082,3.452433885181552,98.29145903576196,5.29598785319629,94.48147880784954
3303,05/05/2023 11:22:38.026667,3485,True,True,True,True,Eyes,0.3453655,0.01882199,-2.078467,-0.9583369,-0.2069517,-0.196879,0.0,0.0,0.0,0.0,0.0,0.0,0.0,2.167001,-0.006108081,-0.2727036,0.2301021,0.02002721,-2.171854,0.05260775,-0.7821084,0.04713325,0.6191263,7.982365,256.6345,358.6155,0.1905917,0.009619391,-0.9816219,0.0,0.0,0.0,-1.662574,-0.3167682,-2.8546,-0.2253226,-0.06136331,2.026638,-0.2278302,-0.02392706,0.9734069,-0.1406528,0.9900218,-0.00858493,-0.9634886,-0.1388683,-0.2289222,moving,78.39079,46.42884,-6.344119,-1.734293,-5.4855650289890505,3.407877012691352,97.46636437055591,5.21335087640961,94.7904572906786
3304,05/05/2023 11:22:38.046724,3486,True,True,True,True,Eyes,0.3399646,0.01891795,-2.082699,-0.957084,-0.206376,-0.2034678,0.0,0.0,0.0,0.0,0.0,0.0,0.0,2.170934,-0.01146293,-0.2921326,0.2250551,0.02162518,-2.178833,0.05218787,-0.7840227,0.04737993,0.6167172,7.970556,256.2833,358.6465,0.1879295,0.00955105,-0.9821357,0.0,0.0,0.0,-1.66276,-0.3127823,-2.876182,-0.2284824,-0.05935496,2.026387,-0.2338728,-0.02339292,0.9719858,-0.140273,0.9900632,-0.009923563,-0.9620952,-0.1386642,-0.2348302,moving,77.99809,45.40654,-6.433133,-1.677773,-5.455942304131877,3.3659314088313,96.67245702865785,5.137495091944665,95.10072630067509
3305,05/05/2023 11:22:38.056815,3487,True,True,True,True,Eyes,0.334585,0.01904527,-2.087049,-0.9558014,-0.2057963,-0.2099797,0.0,0.0,0.0,0.0,0.0,0.0,0.0,2.17483,-0.02120095,-0.3109148,0.2193828,0.02297943,-2.185943,0.05157454,-0.7857451,0.04889466,0.6144542,8.060454,255.9655,358.7869,0.1852522,0.0094927,-0.9826448,0.0,0.0,0.0,-1.663209,-0.3128702,-2.896747,-0.2318873,-0.0571904,2.026116,-0.2395722,-0.02096184,0.9706522,-0.1411359,0.9898987,-0.01345709,-0.9605653,-0.1402179,-0.2401107,moving,77.60954,44.42352,-6.529045,-1.616837,-5.428124931917344,3.3258776355314086,95.91150065810498,5.0638377703677975,95.40115452470907
3306,05/05/2023 11:22:38.076473,3488,True,True,True,True,Eyes,0.3292399,0.01919407,-2.091489,-0.9544014,-0.2054379,-0.2165948,0.0,0.0,0.0,0.0,0.0,0.0,0.0,2.178811,-0.03195205,-0.328537,0.2145292,0.02383636,-2.193076,0.04969732,-0.7874748,0.0497037,0.6123261,7.998245,255.6656,358.9932,0.1825617,0.009444748,-0.9831487,0.0,0.0,0.0,-1.66388,-0.3086317,-2.916584,-0.2349912,-0.05521756,2.02587,-0.2451738,-0.01740102,0.9693231,-0.1391405,0.9901194,-0.01741887,-0.9594426,-0.1391428,-0.2451726,moving,77.21369,43.48567,-6.616466,-1.56128,-5.403119909864898,3.2883085486611856,95.16681543104632,4.999071696400427,95.71526776245993
3307,05/05/2023 11:22:38.096401,3489,True,True,True,True,Eyes,0.3239131,0.0193521,-2.096026,-0.952933,-0.2051593,-0.2232224,0.0,0.0,0.0,0.0,0.0,0.0,0.0,2.181772,-0.04612876,-0.3490155,0.2100603,0.02455071,-2.19985,0.0497122,-0.7895262,0.05333341,0.6093709,8.325847,255.2664,359.2183,0.1798612,0.009407113,-0.9836467,0.0,0.0,0.0,-1.660583,-0.318242,-2.938677,-0.2380763,-0.05325671,2.025627,-0.2523919,-0.01349852,0.9675311,-0.1434978,0.9893685,-0.02362991,-0.9569258,-0.1448026,-0.2516457,moving,76.8163,42.5855,-6.703345,-1.506044,-5.380183424779507,3.252695626637772,94.4436093826891,4.939267090193907,96.03113788899958
3308,05/05/2023 11:22:38.107061,3490,True,True,True,True,Eyes,0.3186202,0.01951396,-2.100699,-0.9514145,-0.2046969,-0.2300211,0.0,0.0,0.0,0.0,0.0,0.0,0.0,2.184043,-0.0594626,-0.3721938,0.2051855,0.02492297,-2.206668,0.04817932,-0.7919759,0.05524372,0.6061363,8.389971,254.8174,359.4589,0.1771529,0.009379129,-0.9841383,0.0,0.0,0.0,-1.658301,-0.318838,-2.963136,-0.2415512,-0.05104778,2.025351,-0.2605554,-0.009343273,0.9654137,-0.1432842,0.9892538,-0.02909694,-0.9547673,-0.1459099,-0.2590941,moving,76.40855,41.66604,-6.801194,-1.443801,-5.35686790559347,3.2163667764769874,93.71403250095909,4.87885658447736,96.34840332047396
3309,05/05/2023 11:22:38.126735,3491,True,True,True,True,Eyes,0.3133644,0.01968302,-2.105464,-0.9498293,-0.2042087,-0.2369031,0.0,0.0,0.0,0.0,0.0,0.0,0.0,2.185742,-0.06801115,-0.3978148,0.2004244,0.02514133,-2.213492,0.04593087,-0.7947974,0.05501901,0.6026281,8.21085,254.3121,359.6122,0.1744387,0.009359919,-0.9846232,0.0,0.0,0.0,-1.656525,-0.3110837,-2.989373,-0.2445387,-0.04914885,2.025114,-0.26946,-0.006699475,0.9629885,-0.1393234,0.9897265,-0.03209947,-0.9528802,-0.1428164,-0.267625,moving,75.99522,40.76108,-6.885306,-1.390277,-5.334652579048529,3.18091842610896,92.98343124975614,4.827043987326817,96.68281533457527
3310,05/05/2023 11:22:38.146620,3492,True,True,True,True,Eyes,0.3081403,0.01990235,-2.110358,-0.9481945,-0.2034227,-0.2440213,0.0,0.0,0.0,0.0,0.0,0.0,0.0,2.18711,-0.07268181,-0.4246924,0.1960654,0.02547085,-2.220362,0.04509529,-0.7977328,0.05486909,0.598814,8.137499,253.7614,359.6391,0.1717212,0.009348876,-0.9851009,0.0,0.0,0.0,-1.652897,-0.3062604,-3.017192,-0.2477087,-0.04713393,2.024862,-0.2787763,-0.006235227,0.9603357,-0.1376607,0.9899116,-0.03353436,-0.9504384,-0.1415491,-0.2768223,moving,75.5679,39.8155,-6.974547,-1.333468,-5.311161817126806,3.1437620889392077,92.23065176075052,4.776236963960716,97.02746240206825
3311,05/05/2023 11:22:38.156491,3493,True,True,True,True,Eyes,0.3029408,0.02013616,-2.11534,-0.9465327,-0.2023721,-0.2512394,0.0,0.0,0.0,0.0,0.0,0.0,0.0,2.187897,-0.06567138,-0.4556003,0.1913584,0.0268307,-2.227429,0.04536534,-0.8010957,0.05182606,0.5945601,7.873135,253.1204,359.3605,0.1690021,0.009347452,-0.985571,0.0,0.0,0.0,-1.649214,-0.2923832,-3.048662,-0.2509322,-0.04508545,2.024605,-0.2888804,-0.01105654,0.9573013,-0.1343113,0.9905121,-0.02909042,-0.9478968,-0.1369801,-0.2876246,moving,75.13469,38.85128,-7.065283,-1.275695,-5.287053459788302,3.105808409117836,91.47135991036404,4.728601529183098,97.37739016183411
3312,05/05/2023 11:22:38.176544,3494,True,True,True,True,Eyes,0.2977929,0.02033176,-2.12041,-0.9448061,-0.2012627,-0.2585242,0.0,0.0,0.0,0.0,0.0,0.0,0.0,2.188758,-0.05798264,-0.4839146,0.1867522,0.02735976,-2.234406,0.04456966,-0.8041309,0.04800775,0.5908321,7.46239,252.5565,359.136,0.1662835,0.009355281,-0.9860333,0.0,0.0,0.0,-1.646966,-0.2745293,-3.077471,-0.2539898,-0.04314173,2.024364,-0.2978626,-0.01495064,0.9544919,-0.1284087,0.9914176,-0.02454268,-0.9459332,-0.1298754,-0.2972259,moving,74.69692,37.90098,-7.151331,-1.22086,-5.263952690707848,3.0686796026338703,90.71744350864722,4.68640020537628,97.73594607067547
3313,05/05/2023 11:22:38.196557,3495,True,True,True,True,Eyes,0.2926992,0.02050331,-2.125553,-0.9429643,-0.2003235,-0.2658737,0.0,0.0,0.0,0.0,0.0,0.0,0.0,2.189571,-0.05652877,-0.5103803,0.1827736,0.0266573,-2.241381,0.04430246,-0.8069167,0.04695338,0.5871271,7.342324,252.02,359.0547,0.1635676,0.009369571,-0.9864873,0.0,0.0,0.0,-1.642638,-0.2685917,-3.104836,-0.2571652,-0.04112335,2.024112,-0.3066384,-0.01636158,0.9516855,-0.126632,0.9916654,-0.0237526,-0.9433649,-0.1277973,-0.3061546,moving,74.25392,36.99633,-7.240685,-1.163903,-5.243563177192592,3.0340068856742253,89.98652136137008,4.6487571439444935,98.09636132536716
3314,05/05/2023 11:22:38.207042,3496,True,True,True,True,Eyes,0.2876737,0.0206708,-2.130799,-0.9410084,-0.1994798,-0.2733328,0.0,0.0,0.0,0.0,0.0,0.0,0.0,2.189506,-0.06310851,-0.5376589,0.1789686,0.02627589,-2.248172,0.04463454,-0.8097893,0.04865422,0.5829939,7.51829,251.4436,359.1008,0.1608572,0.009388484,-0.9869327,0.0,0.0,0.0,-1.635784,-0.2732118,-3.13265,-0.2603905,-0.03907309,2.023856,-0.3162519,-0.0155589,0.9485478,-0.1290194,0.991281,-0.02675602,-0.9398611,-0.1308426,-0.3155019,moving,73.80311,36.12218,-7.331431,-1.10603,-5.225248340301617,3.001085675785232,89.26787419382619,4.615669460684435,98.46299485229981
3315,05/05/2023 11:22:38.226777,3497,True,True,True,True,Eyes,0.2827082,0.0208697,-2.136117,-0.9389088,-0.1987691,-0.2809648,0.0,0.0,0.0,0.0,0.0,0.0,0.0,2.188479,-0.07209706,-0.5676372,0.175292,0.02636753,-2.255089,0.0442931,-0.8130495,0.05026316,0.5783272,7.640943,250.7953,359.1971,0.1581554,0.009411284,-0.987369,0.0,0.0,0.0,-1.627667,-0.2757343,-3.162776,-0.2636091,-0.0370278,2.023601,-0.3271516,-0.01388786,0.9448699,-0.130162,0.9910235,-0.03050106,-0.9359646,-0.1329647,-0.3260227,moving,73.34039,35.27758,-7.421975,-1.04828,-5.209208453684424,2.969972651041609,88.5557886596513,4.587231208048737,98.84108854199032
3316,05/05/2023 11:22:38.247241,3498,True,True,True,True,Eyes,0.277795,0.02111186,-2.141526,-0.9367191,-0.1980152,-0.2886992,0.0,0.0,0.0,0.0,0.0,0.0,0.0,2.186035,-0.0806936,-0.6015501,0.1717423,0.02733814,-2.262053,0.04430496,-0.8168064,0.05169793,0.5728801,7.771184,250.0374,359.2399,0.1554648,0.009438971,-0.987796,0.0,0.0,0.0,-1.617354,-0.2774662,-3.19616,-0.2667312,-0.03504293,2.023352,-0.3396908,-0.01314372,0.9404452,-0.1316106,0.9907288,-0.03369154,-0.9312834,-0.1352173,-0.3382713,moving,72.87057,34.44574,-7.509793,-0.9922204,-5.194270279870562,2.9396905429137883,87.84561339830087,4.563065760039058,99.22860992623
3317,05/05/2023 11:22:38.256421,3499,True,True,True,True,Eyes,0.2729321,0.0213559,-2.147007,-0.9344227,-0.1971633,-0.2966158,0.0,0.0,0.0,0.0,0.0,0.0,0.0,2.182694,-0.08523873,-0.637367,0.1678833,0.02861108,-2.269064,0.04419659,-0.8207443,0.05173503,0.5672292,7.762186,249.2436,359.1987,0.1527868,0.009472982,-0.9882134,0.0,0.0,0.0,-1.607061,-0.2735906,-3.230898,-0.2699378,-0.03300492,2.023098,-0.3525955,-0.01385696,0.9356732,-0.1312394,0.9907403,-0.03478328,-0.9265271,-0.1350616,-0.3511491,moving,72.38889,33.61236,-7.599969,-0.9346436,-5.179974741771674,2.909633838100424,87.13043682812737,4.542558885798403,99.62605988483094
3318,05/05/2023 11:22:38.276646,3500,True,True,True,True,Eyes,0.2681326,0.02157372,-2.152536,-0.9320887,-0.196205,-0.3044903,0.0,0.0,0.0,0.0,0.0,0.0,0.0,2.179156,-0.0872032,-0.6726792,0.1642006,0.0288719,-2.276186,0.04303658,-0.8246265,0.05051148,0.561772,7.565509,248.4745,359.1777,0.1501229,0.009512691,-0.9886212,0.0,0.0,0.0,-1.597479,-0.2642403,-3.265145,-0.273179,-0.03094447,2.022841,-0.3651206,-0.01422632,0.9308518,-0.1277301,0.9911929,-0.03495273,-0.9221564,-0.1316597,-0.363722,moving,71.90907,32.7966,-7.691102,-0.8764153,-5.166489135117013,2.8804258004826924,86.42950504210711,4.526314745110938,100.02122986640751
3319,05/05/2023 11:22:38.296448,3501,True,True,True,True,Eyes,0.263404,0.02179272,-2.15813,-0.9295486,-0.1955674,-0.3125585,0.0,0.0,0.0,0.0,0.0,0.0,0.0,2.174712,-0.0957933,-0.7077801,0.16104,0.02847444,-2.283146,0.04303646,-0.8284418,0.05225547,0.5559689,7.725956,247.6797,359.2367,0.1474756,0.009556244,-0.9890192,0.0,0.0,0.0,-1.584782,-0.2684261,-3.29904,-0.2763841,-0.0289073,2.022588,-0.378093,-0.01320156,0.9256737,-0.1294113,0.9908345,-0.03872737,-0.9166781,-0.1344351,-0.3763361,moving,71.4149,32.03416,-7.7812,-0.8188286,-5.156672955833715,2.8542975816527565,85.73996218311349,4.514421131430161,100.43039976289529
3320,05/05/2023 11:22:38.306879,3502,True,True,True,True,Eyes,0.2587336,0.02201712,-2.163792,-0.9269201,-0.194792,-0.320742,0.0,0.0,0.0,0.0,0.0,0.0,0.0,2.169027,-0.1090411,-0.7444263,0.1579694,0.02877678,-2.290187,0.04401891,-0.8323836,0.05577071,0.5496268,8.119211,246.8248,359.3069,0.144847,0.00960324,-0.9894072,0.0,0.0,0.0,-1.569314,-0.2800553,-3.334145,-0.2796484,-0.02683201,2.022328,-0.3919455,-0.01197508,0.9199105,-0.1345873,0.9899039,-0.04445729,-0.9100906,-0.1412332,-0.3896,moving,70.91286,31.27101,-7.872956,-0.7601491,-5.147299558919184,2.82833480100133,85.04822135750616,4.506264499843642,100.84633338910174
3321,05/05/2023 11:22:38.326817,3503,True,True,True,True,Eyes,0.2541337,0.02223134,-2.169519,-0.9241066,-0.1941029,-0.3291673,0.0,0.0,0.0,0.0,0.0,0.0,0.0,2.162006,-0.1173554,-0.7838714,0.1546434,0.02913403,-2.297332,0.04402833,-0.8366513,0.05705846,0.5429739,8.238185,245.9171,359.3221,0.142239,0.009653493,-0.9897851,0.0,0.0,0.0,-1.55396,-0.2817109,-3.371338,-0.2830378,-0.02467793,2.022058,-0.4064819,-0.01171021,0.9135839,-0.1356352,0.9896117,-0.0476636,-0.903535,-0.1432885,-0.4038475,moving,70.39407,30.52694,-7.96821,-0.6992236,-5.139947624738417,2.8037715673462884,84.35472849800635,4.502226472065987,101.27544474454628
3322,05/05/2023 11:22:38.346947,3504,True,True,True,True,Eyes,0.249595,0.02242525,-2.175321,-0.9212112,-0.193117,-0.3377508,0.0,0.0,0.0,0.0,0.0,0.0,0.0,2.154184,-0.1231667,-0.82394,0.1516957,0.02911426,-2.304495,0.04409314,-0.8409814,0.05778284,0.5361597,8.30662,244.987,359.2935,0.1396531,0.009706143,-0.9901527,0.0,0.0,0.0,-1.537721,-0.2820387,-3.408644,-0.2860088,-0.0227896,2.021823,-0.4211772,-0.01220137,0.9068964,-0.1361247,0.9894339,-0.04990666,-0.896705,-0.1444705,-0.4183879,moving,69.86516,29.75978,-8.051683,-0.6457996,-5.132002880683553,2.778292958772706,83.63930711034487,4.499882426261194,101.72547417923278
3323,05/05/2023 11:22:38.356740,3505,True,True,True,True,Eyes,0.2451047,0.02261094,-2.18119,-0.9181385,-0.1921424,-0.3465587,0.0,0.0,0.0,0.0,0.0,0.0,0.0,2.145645,-0.1286416,-0.864527,0.1485553,0.02879291,-2.311893,0.04423113,-0.8452843,0.05851734,0.5292579,8.380532,244.0494,359.2567,0.1370905,0.009759942,-0.9905102,0.0,0.0,0.0,-1.520813,-0.2825612,-3.446406,-0.2893678,-0.02065457,2.021557,-0.4358598,-0.01283423,0.8999233,-0.1367173,0.9892387,-0.05210823,-0.8895701,-0.1457469,-0.432924,moving,69.32059,29.00529,-8.146042,-0.5853795,-5.125677205739649,2.753859914716182,82.92579089090229,4.502568529095525,102.18158062461727
3324,05/05/2023 11:22:38.376759,3506,True,True,True,True,Eyes,0.2406555,0.0227739,-2.187096,-0.9149412,-0.1909746,-0.3555435,0.0,0.0,0.0,0.0,0.0,0.0,0.0,2.136537,-0.1297058,-0.905128,0.1451855,0.02877755,-2.319259,0.04442192,-0.8495193,0.05802621,0.5224718,8.337694,243.1221,359.1406,0.1345518,0.00981433,-0.9908577,0.0,0.0,0.0,-1.504532,-0.2784755,-3.483569,-0.2924618,-0.01868816,2.021312,-0.4501,-0.01484043,0.8928549,-0.1361087,0.9893193,-0.05217036,-0.8825443,-0.1450071,-0.4473125,moving,68.76402,28.24176,-8.232937,-0.5297164,-5.119609669122997,2.72927434578403,82.19689313773124,4.507086392592411,102.65646912316045
3325,05/05/2023 11:22:38.396571,3507,True,True,True,True,Eyes,0.2362507,0.02289728,-2.193068,-0.9115666,-0.1898507,-0.3646958,0.0,0.0,0.0,0.0,0.0,0.0,0.0,2.127291,-0.1300553,-0.9445872,0.1421336,0.02836286,-2.326697,0.04450467,-0.853597,0.05740999,0.5158446,8.275032,242.2206,359.0302,0.1320372,0.009868166,-0.9911953,0.0,0.0,0.0,-1.487979,-0.2740383,-3.519868,-0.2956705,-0.01664837,2.021058,-0.4638478,-0.01674885,0.8857569,-0.1352074,0.9894469,-0.05209501,-0.8755369,-0.143925,-0.4612172,moving,68.19484,27.50026,-8.323039,-0.4719605,-5.115465691587856,2.7061323583295103,81.4704297666292,4.515395967686894,103.14091391082401
3326,05/05/2023 11:22:38.406823,3508,True,True,True,True,Eyes,0.2319012,0.02297952,-2.199106,-0.9079792,-0.1886128,-0.3741645,0.0,0.0,0.0,0.0,0.0,0.0,0.0,2.117378,-0.1335927,-0.9834256,0.1387599,0.02753578,-2.334149,0.044257,-0.8575318,0.05751101,0.5092868,8.26282,241.3396,358.9969,0.1295473,0.009919644,-0.9915233,0.0,0.0,0.0,-1.47144,-0.2722001,-3.555044,-0.298817,-0.01464847,2.020808,-0.4773365,-0.01732436,0.8785497,-0.1344828,0.9894676,-0.05355602,-0.8683687,-0.143714,-0.4746387,moving,67.60418,26.75225,-8.411379,-0.4153196,-5.112290619871317,2.683209331020173,80.72448233375873,4.5260209540245295,103.64836111021394
3327,05/05/2023 11:22:38.426400,3509,True,True,True,True,Eyes,0.2276006,0.02303226,-2.20521,-0.9041898,-0.1875257,-0.3837642,0.0,0.0,0.0,0.0,0.0,0.0,0.0,2.106962,-0.1387228,-1.02177,0.1357315,0.02659951,-2.341669,0.04422481,-0.8613859,0.05820356,0.5026638,8.321754,240.4571,358.9764,0.1270825,0.00996709,-0.9918419,0.0,0.0,0.0,-1.453686,-0.2729579,-3.589882,-0.3020506,-0.0125929,2.020551,-0.4907468,-0.01767563,0.8711231,-0.1347029,0.989313,-0.05581103,-0.860827,-0.1447319,-0.4878832,moving,67.00224,26.04236,-8.502143,-0.3570863,-5.111801183941728,2.6625142971732925,79.98651522073752,4.540088699151439,104.16440191640292
3328,05/05/2023 11:22:38.446548,3510,True,True,True,True,Eyes,0.2233165,0.02306219,-2.211345,-0.9001589,-0.1862813,-0.3937173,0.0,0.0,0.0,0.0,0.0,0.0,0.0,2.095919,-0.1440925,-1.059945,0.1325609,0.02596791,-2.349229,0.04493078,-0.865131,0.05934593,0.4959914,8.46786,239.5715,358.9067,0.1246436,0.01000952,-0.9921508,0.0,0.0,0.0,-1.435223,-0.276241,-3.624219,-0.3052058,-0.01058752,2.0203,-0.5039472,-0.01887186,0.8635281,-0.1366122,0.9889186,-0.05811345,-0.8528622,-0.1472546,-0.5009409,moving,66.37608,25.32046,-8.590687,-0.3002596,-5.112159539528038,2.6418286196145955,79.22397002961992,4.555879320751648,104.70666455618654
3329,05/05/2023 11:22:38.456841,3511,True,True,True,True,Eyes,0.219073,0.02306162,-2.217551,-0.8959321,-0.1851192,-0.4037778,0.0,0.0,0.0,0.0,0.0,0.0,0.0,2.084432,-0.1473815,-1.098425,0.1293274,0.02545791,-2.357061,-0.04569747,0.8688492,-0.05993264,-0.4893068,8.561156,238.6835,358.7972,0.1222295,0.01004641,-0.9924507,0.0,0.0,0.0,-1.416591,-0.2773437,-3.658679,-0.3083559,-0.008585073,2.020051,-0.5169816,-0.02075752,0.8557451,-0.1380593,0.9886397,-0.05942469,-0.84479,-0.148865,-0.5139743,moving,65.73991,24.62995,-8.679068,-0.2435016,-5.1147733895791,2.6229960652288424,78.46574336015702,4.573948505901424,105.25873541047453
3330,05/05/2023 11:22:38.476638,3512,True,True,True,True,Eyes,0.2148559,0.02302923,-2.223805,-0.8915,-0.1838916,-0.4140188,0.0,0.0,0.0,0.0,0.0,0.0,0.0,2.072109,-0.1503263,-1.136983,0.126033,0.02473786,-2.36484,-0.04616112,0.8725474,-0.06026878,-0.4825951,8.611221,237.7952,358.7027,0.1198403,0.0100769,-0.9927418,0.0,0.0,0.0,-1.397649,-0.2770756,-3.693012,-0.3117228,-0.006445371,2.019784,-0.5299424,-0.02238469,0.8477382,-0.1387264,0.9884736,-0.06062046,-0.83661,-0.149729,-0.5269395,moving,65.08952,23.949,-8.773502,-0.182837,-5.1187555045088695,2.605013995210019,77.70515797530466,4.5966602134373815,105.81985065690802
3331,05/05/2023 11:22:38.496830,3513,True,True,True,True,Eyes,0.2106716,0.02296038,-2.230133,-0.8868636,-0.1827934,-0.4243342,0.0,0.0,0.0,0.0,0.0,0.0,0.0,2.059237,-0.1563313,-1.174824,0.1227607,0.02395125,-2.372648,-0.0467234,0.876119,-0.06143274,-0.4758767,8.749451,236.9147,358.6433,0.1174756,0.01010019,-0.9930241,0.0,0.0,0.0,-1.378078,-0.2802127,-3.726413,-0.3149594,-0.004388556,2.019528,-0.5427166,-0.02340168,0.83959,-0.1403393,0.9880859,-0.06317562,-0.8281085,-0.1521139,-0.5395348,moving,64.43046,23.30527,-8.864269,-0.124507,-5.125216907516723,2.589147293552606,76.94850063161185,4.620003265715303,106.39228899263057
3332,05/05/2023 11:22:38.506654,3514,True,True,True,True,Eyes,0.2065173,0.02286044,-2.23653,-0.8819747,-0.1815886,-0.4349093,0.0,0.0,0.0,0.0,0.0,0.0,0.0,2.045633,-0.1629483,-1.212789,0.1193433,0.02302637,-2.380599,-0.04694736,0.8796621,-0.06253816,-0.4691263,8.863062,236.0347,358.6129,0.1151351,0.01011536,-0.993298,0.0,0.0,0.0,-1.358306,-0.282753,-3.759646,-0.318238,-0.002304204,2.019267,-0.5554328,-0.02391902,0.8312172,-0.1412722,0.9877699,-0.06597643,-0.8194731,-0.1540734,-0.5520188,moving,63.75169,22.6621,-8.956194,-0.06538072,-5.132909766285422,2.5738138616301733,76.17725891390047,4.645734642817703,106.98352654758962
3333,05/05/2023 11:22:38.526457,3515,True,True,True,True,Eyes,0.2023907,0.02274004,-2.243001,-0.8768569,-0.1805459,-0.4455616,0.0,0.0,0.0,0.0,0.0,0.0,0.0,2.030833,-0.1715264,-1.25139,0.1159961,0.02216949,-2.388668,-0.04709113,0.883248,-0.06401432,-0.462123,9.009883,235.1281,358.6064,0.112819,0.01012182,-0.9935637,0.0,0.0,0.0,-1.337373,-0.2866912,-3.792944,-0.3212444,-0.0003929734,2.019027,-0.5684495,-0.02402131,0.8223674,-0.1423513,0.9873692,-0.06955723,-0.8103094,-0.1566048,-0.564689,moving,63.06329,22.05827,-9.040465,-0.01115177,-5.1432515615107945,2.560728225365364,75.40564211225959,4.669351057234977,107.59036900314013
3334,05/05/2023 11:22:38.546714,3516,True,True,True,True,Eyes,0.09914725,0.01914333,-2.40574,-0.7003338,-0.142463,-0.6994546,0.0,0.0,0.0,0.0,0.0,0.0,0.0,2.014583,-0.1810172,-1.290846,0.1125083,0.02158119,-2.396763,-0.04724259,0.8868858,-0.06559558,-0.4548616,9.167966,234.192,358.5998,0.1105261,0.01011955,-0.9938213,0.0,0.0,0.0,-1.315276,-0.2906401,-3.826677,-0.3244177,0.001623802,2.018776,-0.5817382,-0.02412375,0.8130183,-0.1434714,0.9869307,-0.07337387,-0.8006227,-0.1593293,-0.5775964,moving,45.03599,11.51237,-9.129389,0.04608583,-5.690077365923093,2.485962790095431,55.365729064836074,4.216854763529482,125.42165078540872
3335,05/05/2023 11:22:38.566577,3517,True,True,True,True,Eyes,0.09900166,0.01911226,-2.406078,-0.6998541,-0.1424756,-0.699932,0.0,0.0,0.0,0.0,0.0,0.0,0.0,1.997156,-0.1869882,-1.331337,0.1089841,0.02084679,-2.404942,-0.04683954,0.8906232,-0.06600686,-0.4474813,9.177534,233.2397,358.5861,0.1028682,0.009872125,-0.9946457,-0.3097304,-0.01079012,-0.4882185,-1.292929,-0.2894305,-3.861027,-0.3277299,0.003729366,2.018513,-0.595133,-0.02435907,0.8032579,-0.1425064,0.9868983,-0.07565484,-0.790891,-0.1594941,-0.5908071,moving,44.99681,11.50572,-9.222185,0.1058584,-5.69211845463621,2.486627934885212,55.40447872969459,4.257867235240454,125.37902926665905
3336,05/05/2023 11:22:38.576686,3518,True,True,True,True,Eyes,0.09868633,0.01906698,-2.406717,-0.6987563,-0.1422992,-0.7010639,0.0,0.0,0.0,0.0,0.0,0.0,0.0,1.978403,-0.1921076,-1.372652,0.1053284,0.02007843,-2.413225,-0.04679029,0.8943788,-0.06639349,-0.4398741,9.202576,232.2597,358.5321,0.09632533,0.009663404,-0.9953028,-0.2911466,-0.01014272,-0.4589254,-1.269556,-0.2886374,-3.895557,-0.33093,0.005763307,2.01826,-0.6086431,-0.02528694,0.7930413,-0.1421061,0.9868051,-0.07759819,-0.780615,-0.1599256,-0.6042056,moving,44.90555,11.47379,-9.311811,0.1636123,-5.696011099233507,2.487340920254715,55.38449560490642,4.298106981331882,125.39151039785773
3337,05/05/2023 11:22:38.596605,3519,True,True,True,True,Eyes,0.09821947,0.01899384,-2.407681,-0.6972323,-0.1420127,-0.7026376,0.0,0.0,0.0,0.0,0.0,0.0,0.0,1.9587,-0.1964933,-1.414149,0.1015259,0.01967567,-2.421619,-0.04702606,0.8980899,-0.06665742,-0.4321804,9.228732,231.2699,358.4412,0.09071181,0.009485981,-0.9958318,-0.2736778,-0.009534153,-0.4313899,-1.245441,-0.2870966,-3.930172,-0.334434,0.007990345,2.017982,-0.6220171,-0.0268512,0.782543,-0.1420833,0.9866907,-0.07908121,-0.7700044,-0.1603762,-0.6175537,moving,44.77877,11.42633,-9.40993,0.2268656,-5.701256255276746,2.48817360372768,55.333924590045726,4.343705196318284,125.43210130323054
3338,05/05/2023 11:22:38.606661,3520,True,True,True,True,Eyes,0.09758952,0.01888138,-2.408936,-0.6951596,-0.141464,-0.7047986,0.0,0.0,0.0,0.0,0.0,0.0,0.0,1.938058,-0.1965661,-1.456429,0.09741698,0.01891673,-2.430235,-0.04635295,0.9018524,-0.06549672,-0.424528,9.061409,230.2867,358.3754,0.08572485,0.009326599,-0.996275,-0.2572571,-0.008962104,-0.4055065,-1.222357,-0.2796156,-3.964622,-0.337481,0.009927168,2.017741,-0.6352552,-0.02799665,0.7717951,-0.1392174,0.9871232,-0.07878049,-0.7596512,-0.157493,-0.6309726,moving,44.60551,11.34935,-9.495221,0.2818897,-5.707789227960996,2.488695026468318,55.22117141302272,4.383449460958738,125.53110226899501
3339,05/05/2023 11:22:38.626499,3521,True,True,True,True,Eyes,0.09680691,0.01874901,-2.410496,-0.6926789,-0.1408411,-0.7073611,0.0,0.0,0.0,0.0,0.0,0.0,0.0,1.915833,-0.199299,-1.498843,0.0933294,0.01781454,-2.438779,-0.0453374,0.905612,-0.06487283,-0.416657,8.933008,229.2856,358.3725,0.08120655,0.009177894,-0.9966547,-0.2418217,-0.008424378,-0.3811761,-1.198112,-0.2742609,-3.998662,-0.3404249,0.01179859,2.017507,-0.648683,-0.02805675,0.7605414,-0.1361756,0.9874721,-0.07971891,-0.7487769,-0.1552795,-0.6443769,moving,44.39916,11.26077,-9.577612,0.3350679,-5.715732457705998,2.4894738269043115,55.07143435500776,4.422168981062275,125.66559478802911
3340,05/05/2023 11:22:38.646713,3522,True,True,True,True,Eyes,0.09586434,0.01859369,-2.412343,-0.6897292,-0.1399684,-0.7104101,0.0,0.0,0.0,0.0,0.0,0.0,0.0,1.89266,-0.2002849,-1.541408,0.08887836,0.01718998,-2.447452,-0.04470513,0.9093033,-0.06394654,-0.4087541,8.791569,228.2808,358.317,0.0771037,0.009037926,-0.9969819,-0.2273124,-0.007918916,-0.3583055,-1.173546,-0.267475,-4.032645,-0.3436475,0.01384696,2.017251,-0.6618433,-0.02902423,0.7490802,-0.1335779,0.9878246,-0.07974679,-0.7376453,-0.1528404,-0.6576621,moving,44.15377,11.14593,-9.667774,0.3932877,-5.724680579566404,2.4899166555992327,54.88513382488637,4.465852516566556,125.83301702448234
3341,05/05/2023 11:22:38.657177,3523,True,True,True,True,Eyes,0.09476369,0.01841633,-2.414475,-0.6864473,-0.1389351,-0.7137837,0.0,0.0,0.0,0.0,0.0,0.0,0.0,1.869364,-0.1961464,-1.583333,0.08421368,0.01640715,-2.45613,-0.04362067,0.9128948,-0.06171595,-0.401138,8.492277,227.313,358.2543,0.07336823,0.008904825,-0.997265,-0.2136737,-0.007443781,-0.3368072,-1.150323,-0.2553202,-4.065761,-0.3468267,0.01586708,2.017,-0.6743714,-0.03012894,0.7377777,-0.1291554,0.9885768,-0.07768451,-0.7270094,-0.1476761,-0.670559,moving,43.88157,11.01467,-9.756697,0.450718,-5.734403351395379,2.490210841799466,54.66864520565325,4.509809003423132,126.0287124787269
3342,05/05/2023 11:22:38.676913,3524,True,True,True,True,Eyes,0.09350716,0.01820913,-2.41689,-0.6827985,-0.1377161,-0.71751,0.0,0.0,0.0,0.0,0.0,0.0,0.0,1.846449,-0.1916546,-1.623615,0.07931399,0.01566737,-2.464892,-0.04269149,0.9162474,-0.0595478,-0.3938558,8.206985,226.3915,358.1863,0.06995648,0.008776933,-0.9975112,-0.2008532,-0.006997154,-0.3165988,-1.12807,-0.2435395,-4.097418,-0.3500391,0.01790968,2.016745,-0.6861102,-0.03132543,0.7268231,-0.1251384,0.9892629,-0.07549243,-0.7166544,-0.1427496,-0.6826634,moving,43.58002,10.865,-9.846529,0.5088011,-5.744951401758569,2.490320207938024,54.42101610320926,4.5551461853072786,126.25342148785711
3343,05/05/2023 11:22:38.696782,3525,True,True,True,True,Eyes,0.09209432,0.01796299,-2.419565,-0.6788889,-0.1363673,-0.7214665,0.0,0.0,0.0,0.0,0.0,0.0,0.0,1.824456,-0.1864349,-1.661846,0.07412276,0.01466624,-2.473746,-0.04143656,0.9193359,-0.05720672,-0.3870815,7.889499,225.5393,358.1544,0.06682944,0.008652438,-0.9977266,-0.188802,-0.006577325,-0.2976028,-1.107655,-0.2310506,-4.127369,-0.3533281,0.01999989,2.016483,-0.6969018,-0.0319009,0.7164567,-0.1204756,0.9900208,-0.07310572,-0.7069749,-0.137263,-0.6937907,moving,43.25846,10.70344,-9.938474,0.5682526,-5.756096765129868,2.490337214287282,54.15381621486592,4.602900020556586,126.49651704178375
3344,05/05/2023 11:22:38.706722,3526,True,True,True,True,Eyes,0.09053962,0.01767815,-2.422503,-0.674599,-0.1350577,-0.7257241,0.0,0.0,0.0,0.0,0.0,0.0,0.0,1.802979,-0.1832647,-1.698101,0.06894708,0.0134435,-2.482525,-0.039984,0.922203,-0.05536413,-0.3806284,7.617087,224.734,358.173,0.06395197,0.008529349,-0.9979162,-0.1774739,-0.006182685,-0.2797467,-1.08802,-0.2206802,-4.15567,-0.3565828,0.02206869,2.016225,-0.7070469,-0.0316004,0.7064605,-0.115893,0.9906722,-0.07167584,-0.6976058,-0.132552,-0.704114,moving,42.90909,10.54218,-10.02943,0.6271085,-5.768953976443787,2.491081709789793,53.859033992827165,4.650381927768022,126.76760309236755
3345,05/05/2023 11:22:38.726569,3527,True,True,True,True,Eyes,0.08883879,0.01736709,-2.425677,-0.670054,-0.13375,-0.7301635,0.0,0.0,0.0,0.0,0.0,0.0,0.0,1.781204,-0.1857607,-1.733092,0.06365762,0.01217675,-2.491305,-0.03844664,0.9249102,-0.05479559,-0.3742467,7.477625,223.9458,358.26,0.0612932,0.00840589,-0.998084,-0.1668255,-0.005811724,-0.2629619,-1.068382,-0.2155884,-4.182665,-0.3595945,0.02398278,2.015988,-0.7169228,-0.03010524,0.6965025,-0.1121335,0.9910386,-0.07258494,-0.6880757,-0.130139,-0.713874,moving,42.54188,10.38026,-10.11356,0.6815752,-5.782864658731792,2.492249523795956,53.54119767471915,4.69398164096709,127.06220048776105
3346,05/05/2023 11:22:38.746496,3528,True,True,True,True,Eyes,0.08701099,0.01705622,-2.429084,-0.6651209,-0.1326618,-0.7348572,0.0,0.0,0.0,0.0,0.0,0.0,0.0,1.758455,-0.1905355,-1.767776,0.05842848,0.01120778,-2.499992,-0.03675919,0.9275876,-0.05462557,-0.3677583,7.375815,223.1491,358.3812,0.05882523,0.008280993,-0.9982336,-0.156816,-0.00546302,-0.2471842,-1.047838,-0.2115894,-4.209385,-0.3628261,0.02603678,2.01573,-0.7268052,-0.02801671,0.6862719,-0.1083727,0.9913297,-0.07430302,-0.67824,-0.128377,-0.7235398,moving,42.14832,10.23324,-10.20383,0.7400367,-5.799163253848914,2.4948501155246454,53.205906801008766,4.741356268827988,127.37617368853714
3347,05/05/2023 11:22:38.766773,3529,True,True,True,True,Eyes,0.08504769,0.01689453,-2.432703,-0.6598859,-0.1318472,-0.7397074,0.0,0.0,0.0,0.0,0.0,0.0,0.0,1.734004,-0.1999002,-1.802558,0.05325094,0.01087537,-2.508583,-0.03512022,0.930274,-0.05534813,-0.360962,7.373214,222.3197,358.5332,0.05652363,0.008154782,-0.9983676,-0.147407,-0.005135239,-0.2323531,-1.025692,-0.2106497,-4.235927,-0.3660306,0.02807411,2.015475,-0.7369461,-0.0253857,0.6754746,-0.1053,0.9914063,-0.07762372,-0.6676993,-0.128332,-0.733286,moving,41.73585,10.1064,-10.29331,0.7980372,-5.817672694954926,2.498961528313713,52.85526566314867,4.787950799346271,127.70809354665869
3348,05/05/2023 11:22:38.776740,3530,True,True,True,True,Eyes,0.08297364,0.01686421,-2.436601,-0.6543578,-0.1308464,-0.7447785,0.0,0.0,0.0,0.0,0.0,0.0,0.0,1.708161,-0.2202265,-1.836368,0.04799609,0.0143366,-2.517151,-0.03530943,0.9328234,-0.05835918,-0.3538191,7.692932,221.4478,358.5789,0.05436645,0.008033522,-0.9984884,-0.1385626,-0.004827125,-0.2184119,-1.001293,-0.2165081,-4.261878,-0.3692576,0.03012526,2.015219,-0.7471308,-0.02457775,0.6642227,-0.1071721,0.9906949,-0.08389131,-0.6559803,-0.1338639,-0.7428126,moving,41.30234,9.964321,-10.38338,0.8564436,-5.836666764911614,2.502836601583065,52.48206439014981,4.8356190046145695,128.06112678534433
3349,05/05/2023 11:22:38.796971,3531,True,True,True,True,Eyes,0.08078039,0.01683751,-2.440686,-0.6486602,-0.1297044,-0.7499444,0.0,0.0,0.0,0.0,0.0,0.0,0.0,1.684994,-0.2087427,-1.871439,0.04186856,0.01733795,-2.526462,-0.03391482,0.9354172,-0.05402795,-0.3477434,7.161391,220.6919,358.5057,0.05233417,0.00792203,-0.9985979,-0.1302488,-0.004537497,-0.2053072,-0.9833805,-0.1923492,-4.288485,-0.372418,0.03213409,2.014969,-0.7558488,-0.0258733,0.6542349,-0.1010247,0.9918615,-0.07749004,-0.6469055,-0.1246646,-0.7523112,moving,40.85798,9.81235,-10.47156,0.9136574,-5.855804186033563,2.506486357924776,52.095186021367596,4.882858366097536,128.4271868499179
3350,05/05/2023 11:22:38.806645,3532,True,True,True,True,Eyes,0.07849643,0.01689134,-2.444963,-0.6425783,-0.1291281,-0.7552609,0.0,0.0,0.0,0.0,0.0,0.0,0.0,1.662466,-0.2072365,-1.902811,0.03677344,0.01734513,-2.534911,-0.03160696,0.9377413,-0.05222877,-0.3419278,6.867213,219.9851,358.6401,0.05040937,0.007819428,-0.9986978,-0.1224339,-0.004265247,-0.1929888,-0.9646219,-0.1806501,-4.312392,-0.3758267,0.03430043,2.014699,-0.764173,-0.02356136,0.6445811,-0.09499523,0.9925463,-0.07633955,-0.637978,-0.1195687,-0.7607152,moving,40.39124,9.702141,-10.56664,0.9753715,-5.878495088051244,2.512833647553925,51.69972959310842,4.93381116081596,128.80643988909114
3351,05/05/2023 11:22:38.826786,3533,True,True,True,True,Eyes,0.07609551,0.01701734,-2.449439,-0.6363206,-0.1283189,-0.7606776,0.0,0.0,0.0,0.0,0.0,0.0,0.0,1.637025,-0.236242,-1.932343,0.03169151,0.0193827,-2.543271,-0.03145467,0.9398397,-0.05726632,-0.3353094,7.396581,219.1927,358.8027,0.04857812,0.0077281,-0.9987893,-0.1150879,-0.004009333,-0.1814094,-0.9413971,-0.1962423,-4.334765,-0.3787687,0.0361705,2.014466,-0.7731564,-0.02072084,0.6338768,-0.09752856,0.9914623,-0.08654823,-0.6266716,-0.1287364,-0.7685764,moving,39.91309,9.575092,-10.64868,1.028657,-5.9009993870116695,2.5186165278900394,51.27898338249428,4.975987399270176,129.20968582527703
3352,05/05/2023 11:22:38.847113,3534,True,True,True,True,Eyes,0.07362773,0.017213,-2.45408,-0.6296611,-0.1274332,-0.7663469,0.0,0.0,0.0,0.0,0.0,0.0,0.0,1.61237,-0.2302411,-1.965549,0.02638771,0.021604,-2.552443,-0.02987639,0.9422557,-0.05434928,-0.3291012,7.012541,218.4329,358.8148,0.04682609,0.007649791,-0.9988735,-0.1081826,-0.003768773,-0.1705249,-0.9212919,-0.178591,-4.359708,-0.3819097,0.03816689,2.014217,-0.7815996,-0.02052956,0.6234427,-0.09207524,0.9923071,-0.08275715,-0.6169477,-0.1220866,-0.7774772,moving,39.40788,9.441134,-10.73624,1.085554,-5.924792005394944,2.5247409785551937,50.835504204353086,5.0220803422517895,129.63509031430044
3353,05/05/2023 11:22:38.856829,3535,True,True,True,True,Eyes,0.07106423,0.01754666,-2.458902,-0.6228331,-0.1265076,-0.7720588,0.0,0.0,0.0,0.0,0.0,0.0,0.0,1.586195,-0.2310661,-1.997272,0.02202757,0.02346695,-2.560754,-0.03070042,0.9445618,-0.05385299,-0.3224286,6.980548,217.613,358.6567,0.04514328,0.007585996,-0.9989515,-0.1016916,-0.003542646,-0.1602934,-0.8971808,-0.1722135,-4.383639,-0.3854538,0.04041922,2.013936,-0.7901946,-0.02326939,0.6124142,-0.09272438,0.9923147,-0.0819376,-0.605801,-0.1215324,-0.7862793,moving,38.89371,9.305648,-10.835,1.149759,-5.9490510179134,2.531017172443917,50.39308606986102,5.077437502766154,130.05949878545596
3354,05/05/2023 11:22:38.878267,3536,True,True,True,True,Eyes,0.06845748,0.01793712,-2.463926,-0.6157914,-0.125185,-0.7779008,0.0,0.0,0.0,0.0,0.0,0.0,0.0,1.563184,-0.2272984,-2.027248,0.01714825,0.02670334,-2.569813,-0.03304146,0.9465504,-0.05266186,-0.3165083,6.927309,216.8758,358.3135,0.04351835,0.00754077,-0.999024,-0.09559014,-0.003330088,-0.1506758,-0.8766387,-0.1627714,-4.40637,-0.388527,0.04237322,2.013691,-0.7974616,-0.02921498,0.602662,-0.09588663,0.99227,-0.07877841,-0.5957019,-0.12061,-0.7940986,moving,38.36537,9.142036,-10.92061,1.205472,-5.972700318725645,2.536225540319071,49.920906168523175,5.1237403524300715,130.51149081033404
3355,05/05/2023 11:22:38.896830,3537,True,True,True,True,Eyes,0.06581144,0.01831646,-2.469077,-0.6086632,-0.1239352,-0.7836895,0.0,0.0,0.0,0.0,0.0,0.0,0.0,1.544009,-0.2034652,-2.055788,0.01243286,0.02834326,-2.578888,-0.03344232,0.9484117,-0.04706667,-0.3117397,6.32268,216.2825,358.0345,0.04194458,0.007514472,-0.9990914,-0.08985473,-0.003130282,-0.1416352,-0.8613739,-0.1360658,-4.427855,-0.3915214,0.04427661,2.013453,-0.8034,-0.03408909,0.5944633,-0.09277928,0.9933326,-0.06842654,-0.5881672,-0.1101278,-0.8012062,moving,37.83519,8.986521,-11.00399,1.259753,-5.996886162403907,2.541892913704736,49.4466221980655,5.168652783732363,130.9668991835786
3356,05/05/2023 11:22:38.906915,3538,True,True,True,True,Eyes,0.06315921,0.01865675,-2.474378,-0.6012573,-0.1229561,-0.7895388,0.0,0.0,0.0,0.0,0.0,0.0,0.0,1.52571,-0.2034149,-2.079519,0.008784577,0.02847438,-2.58702,-0.03532406,0.9498757,-0.04722477,-0.3070153,6.396336,215.7005,357.8023,0.04041539,0.007504656,-0.9991544,-0.08446345,-0.002942465,-0.1331371,-0.8438224,-0.1347709,-4.446414,-0.3947295,0.04631524,2.013201,-0.808988,-0.03810947,0.5865889,-0.09610438,0.9930441,-0.06802527,-0.5799164,-0.1114054,-0.8070232,moving,37.29035,8.851657,-11.09329,1.317901,-6.0230483280539815,2.5489862224918647,48.966663140519756,5.2175589538572344,131.43022737860645
3357,05/05/2023 11:22:38.926920,3539,True,True,True,True,Eyes,-0.003451366,0.02624541,-2.609757,-0.3970013,-0.1001404,-0.9123386,0.0,0.0,0.0,0.0,0.0,0.0,0.0,1.507161,-0.2140323,-2.102322,0.005260747,0.02792273,-2.595437,-0.03729859,0.9512208,-0.0496923,-0.3021895,6.723564,215.1099,357.6382,0.0389263,0.007507995,-0.9992135,-0.07939564,-0.002765917,-0.1251489,-0.8252757,-0.1435087,-4.464512,-0.3979009,0.0483317,2.012948,-0.8145806,-0.0409254,0.5786049,-0.1009914,0.992279,-0.07199421,-0.5711911,-0.1170792,-0.8124243,moving,23.51612,6.26384,-11.18155,1.375431,-6.727521924512292,2.7701130988561387,35.040331704768164,4.667280177373381,145.1013864742259
3358,05/05/2023 11:22:38.946703,3540,True,True,True,True,Eyes,-0.003530943,0.02625879,-2.610088,-0.3963332,-0.1003977,-0.9126009,0.0,0.0,0.0,0.0,0.0,0.0,0.0,1.486941,-0.2249021,-2.12546,0.002233587,0.02738203,-2.603536,-0.03816348,0.9526858,-0.05180945,-0.2970677,6.972362,214.4897,357.5787,0.03422971,0.007800301,-0.9993832,-0.2744636,0.020166,-0.5237758,-0.8050842,-0.1501461,-4.482657,-0.401139,0.05038953,2.012691,-0.8205889,-0.04193378,0.5699789,-0.1034975,0.9917186,-0.07604198,-0.56207,-0.1213905,-0.8181334,moving,23.47481,6.278016,-11.27162,1.434152,-6.73078430376742,2.771892181196743,35.08243743235918,4.733786815285234,145.05964817856352
3359,05/05/2023 11:22:38.957081,3541,True,True,True,True,Eyes,-0.003724374,0.02634777,-2.61074,-0.3952405,-0.1007093,-0.9130403,0.0,0.0,0.0,0.0,0.0,0.0,0.0,1.464034,-0.2462566,-2.148449,-0.000524044,0.02777421,-2.611341,-0.03841256,0.9542126,-0.05561081,-0.2913938,7.383814,213.8103,357.6364,0.03029226,0.008047572,-0.9995083,-0.2579958,0.01895604,-0.4923493,-0.7821011,-0.1623657,-4.500555,-0.4043504,0.05243093,2.012435,-0.8272283,-0.0408982,0.5603756,-0.1057168,0.9908639,-0.0837427,-0.5518309,-0.1285154,-0.8239942,moving,23.40702,6.294343,-11.36093,1.492416,-6.735774415798288,2.77445884826888,35.097989260295655,4.799551858545718,145.04447247104642
3360,05/05/2023 11:22:38.976680,3542,True,True,True,True,Eyes,-0.004029429,0.02651583,-2.611712,-0.3937536,-0.1003392,-0.9137233,0.0,0.0,0.0,0.0,0.0,0.0,0.0,1.439327,-0.2577493,-2.173761,-0.003532298,0.02968762,-2.619626,-0.03745951,0.9559636,-0.05670372,-0.2855088,7.458233,213.1098,357.7319,0.02697884,0.008260146,-0.9996015,-0.2425161,0.01781868,-0.4628083,-0.7590825,-0.1615495,-4.519759,-0.4075451,0.05446152,2.012182,-0.8341632,-0.03924103,0.5501201,-0.1039987,0.9907629,-0.08702333,-0.5416237,-0.1298034,-0.830539,moving,23.31281,6.266744,-11.44974,1.550383,-6.740073945489239,2.77546769610054,35.08103395832028,4.866393619265782,145.05972332505272
3361,05/05/2023 11:22:38.996680,3543,True,True,True,True,Eyes,-0.004428258,0.0266715,-2.612978,-0.3919579,-0.0997223,-0.9145624,0.0,0.0,0.0,0.0,0.0,0.0,0.0,1.415615,-0.249366,-2.200475,-0.006715398,0.03167313,-2.628153,-0.03515121,0.9578384,-0.05343942,-0.2800968,7.011246,212.4683,357.8404,0.0241275,0.00844966,-0.9996728,-0.2279651,0.01674956,-0.4350398,-0.7388887,-0.1424879,-4.539533,-0.4107856,0.05652119,2.011925,-0.8406205,-0.03740194,0.5403319,-0.09727479,0.9918172,-0.08268117,-0.532818,-0.1220641,-0.8373802,moving,23.19873,6.222848,-11.53978,1.609192,-6.744731301685038,2.7761564212414247,35.04354289603773,4.935007394083149,145.09473628719476
3362,05/05/2023 11:22:39.006868,3544,True,True,True,True,Eyes,-0.004890992,0.02679523,-2.614513,-0.3897805,-0.09887885,-0.9155841,0.0,0.0,0.0,0.0,0.0,0.0,0.0,1.393062,-0.2425379,-2.225396,-0.009430677,0.03146615,-2.636428,-0.03138516,0.9595866,-0.05059153,-0.2750435,6.566626,211.8802,358.1308,0.02154571,0.008625646,-0.9997303,-0.2142872,0.01574459,-0.4089374,-0.719492,-0.1269938,-4.557982,-0.4140402,0.05859013,2.011667,-0.846732,-0.03240381,0.5310319,-0.0880633,0.992911,-0.07982934,-0.5246807,-0.1143585,-0.843583,moving,23.06032,6.163791,-11.63018,1.668277,-6.750078030767165,2.7766970332208767,34.98057227053606,5.004397086578518,145.1545182805476
3363,05/05/2023 11:22:39.027080,3545,True,True,True,True,Eyes,-0.00539405,0.02692262,-2.6163,-0.3871908,-0.09828645,-0.916746,0.0,0.0,0.0,0.0,0.0,0.0,0.0,1.368214,-0.2544296,-2.248752,-0.01156901,0.0308001,-2.644342,-0.02709108,0.9612494,-0.05144327,-0.2694795,6.51715,211.241,358.5952,0.01920444,0.008788117,-0.9997766,-0.20143,0.01479991,-0.3844012,-0.696834,-0.1271204,-4.575408,-0.417239,0.06062324,2.011413,-0.8532939,-0.02435677,0.5208614,-0.07980839,0.9932393,-0.08429863,-0.5152867,-0.1135006,-0.8494689,moving,22.89693,6.119438,-11.71899,1.726351,-6.757718845304454,2.778625366284482,34.89356861709575,5.071636108037867,145.23892044179135
3364,05/05/2023 11:22:39.046824,3546,True,True,True,True,Eyes,-0.005917768,0.02709104,-2.618338,-0.3840707,-0.09776411,-0.9181132,0.0,0.0,0.0,0.0,0.0,0.0,0.0,1.339333,-0.2778319,-2.272424,-0.01313253,0.03104618,-2.652127,-0.02335569,0.9629689,-0.05454735,-0.2630022,6.738612,210.4964,359.0602,0.01707831,0.008938457,-0.9998139,-0.1893442,0.01391192,-0.3613371,-0.6695886,-0.1359374,-4.592897,-0.4203501,0.06260037,2.011168,-0.8605689,-0.01628946,0.5090739,-0.07367376,0.9929582,-0.09276961,-0.503978,-0.11734,-0.8557091,moving,22.70083,6.078164,-11.80533,1.782834,-6.767515990758231,2.781548043586669,34.77247385151796,5.135854333270157,145.35746748755267
3365,05/05/2023 11:22:39.057441,3547,True,True,True,True,Eyes,-0.006463682,0.02729184,-2.620609,-0.3804343,-0.0974636,-0.9196578,0.0,0.0,0.0,0.0,0.0,0.0,0.0,1.30441,-0.3001278,-2.298971,-0.01451245,0.0322253,-2.659996,-0.02096489,0.9649349,-0.05758278,-0.2552359,6.997685,209.593,359.3612,0.0151446,0.009079382,-0.9998437,-0.1779835,0.0130772,-0.3396569,-0.6365826,-0.1438394,-4.611779,-0.4236844,0.06472006,2.010903,-0.8688305,-0.01106513,0.4949864,-0.06985388,0.9924894,-0.1004253,-0.4901575,-0.1218292,-0.8630779,moving,22.47338,6.049518,-11.89783,1.843404,-6.779886934377355,2.785915978013888,34.627611408312525,5.204005193277056,145.5002229466405
3366,05/05/2023 11:22:39.076823,3548,True,True,True,True,Eyes,-0.007023,0.02750085,-2.623107,-0.3762991,-0.09720507,-0.9213849,0.0,0.0,0.0,0.0,0.0,0.0,0.0,1.267114,-0.3179046,-2.326349,-0.01571733,0.03324296,-2.667805,-0.0204041,0.966942,-0.0602274,-0.2469404,7.270275,208.6166,359.4389,0.0133842,0.009212906,-0.9998677,-0.1673045,0.01229257,-0.3192774,-0.6012318,-0.1509255,-4.630603,-0.4267586,0.06667407,2.01066,-0.8772084,-0.009714008,0.4800118,-0.06920432,0.9919127,-0.1063956,-0.4750963,-0.12655,-0.8707864,moving,22.2154,6.022363,-11.98309,1.899249,-6.794198032321892,2.7911416465829144,34.44614328683395,5.264985502854027,145.67957550992537
3367,05/05/2023 11:22:39.096487,3549,True,True,True,True,Eyes,-0.007593253,0.02771835,-2.625816,-0.3717145,-0.09713621,-0.9232513,0.0,0.0,0.0,0.0,0.0,0.0,0.0,1.229971,-0.3336346,-2.352869,-0.01702745,0.03366274,-2.675577,-0.02002617,0.9688406,-0.06262679,-0.2387988,7.522482,207.6586,359.486,0.011778,0.009340088,-0.9998868,-0.1572662,0.01155502,-0.3001208,-0.5662944,-0.1575324,-4.648675,-0.4300501,0.06876619,2.010397,-0.8851483,-0.008893927,0.4652242,-0.06871473,0.9913537,-0.1117863,-0.4602075,-0.1309152,-0.8781062,moving,21.93044,6.006052,-12.07434,1.959054,-6.81072291282584,2.797609904914086,34.244755155503796,5.329994450846836,145.8792063668549
3368,05/05/2023 11:22:39.116925,3550,True,True,True,True,Eyes,-0.008170866,0.0279497,-2.628726,-0.3667442,-0.09669627,-0.925283,0.0,0.0,0.0,0.0,0.0,0.0,0.0,1.193539,-0.3492452,-2.378048,-0.01798463,0.0341195,-2.683306,-0.01954481,0.9706199,-0.06497139,-0.2308545,7.767239,206.7264,359.5406,0.01031135,0.0094617,-0.9999019,-0.1478303,0.01086171,-0.2821136,-0.531707,-0.163904,-4.665812,-0.4333366,0.07085496,2.010138,-0.8926485,-0.007943285,0.4506837,-0.06793904,0.9907934,-0.117101,-0.4456043,-0.1351491,-0.88497,moving,21.62134,5.966013,-12.1654,2.018772,-6.827476626276432,2.80348939374446,34.0165329118016,5.395294925376136,146.104678961362
3369,05/05/2023 11:22:39.127022,3551,True,True,True,True,Eyes,-0.00873521,0.02818654,-2.631827,-0.3613383,-0.09621536,-0.9274573,0.0,0.0,0.0,0.0,0.0,0.0,0.0,1.156281,-0.3533439,-2.404439,-0.01871803,0.0345839,-2.691026,-0.01901274,0.9725015,-0.06508193,-0.2228085,7.761913,205.7772,359.5386,0.008969507,0.009578782,-0.9999137,-0.1389605,0.01021001,-0.2651867,-0.4967339,-0.1611991,-4.683171,-0.4364812,0.07285383,2.009888,-0.8999898,-0.007978223,0.435838,-0.06598147,0.9908057,-0.1181122,-0.4308885,-0.135057,-0.8922415,moving,21.28594,5.922736,-12.2525,2.075932,-6.845664684898825,2.809877727128401,33.75833021119404,5.456422312742595,146.35996146587692
3370,05/05/2023 11:22:39.146500,3552,True,True,True,True,Eyes,-0.009279897,0.02841537,-2.635111,-0.3556083,-0.09558757,-0.9297342,0.0,0.0,0.0,0.0,0.0,0.0,0.0,1.117938,-0.3529729,-2.431063,-0.01909125,0.03493992,-2.698676,-0.01876229,0.9744025,-0.06442998,-0.2145617,7.678411,204.8019,359.4846,0.007741392,0.009691828,-0.9999228,-0.1306228,0.00959741,-0.2492755,-0.4604352,-0.1554226,-4.700312,-0.4397066,0.07490408,2.00963,-0.9072225,-0.008915624,0.4205566,-0.06421245,0.9909935,-0.1175101,-0.4157212,-0.1336128,-0.8996241,moving,20.93105,5.870052,-12.34181,2.134573,-6.864548462935563,2.8162866897085275,33.48189086564618,5.519522397829499,146.63313549339415
3371,05/05/2023 11:22:39.156719,3553,True,True,True,True,Eyes,-0.009794992,0.02861512,-2.638555,-0.3494745,-0.09508798,-0.9321083,0.0,0.0,0.0,0.0,0.0,0.0,0.0,1.079066,-0.3563963,-2.456501,-0.01915977,0.03500668,-2.706326,-0.01876197,0.9761872,-0.0646201,-0.2062302,7.695086,203.8191,359.4232,0.006615702,0.009800915,-0.9999298,-0.1227854,0.009021566,-0.234319,-0.423251,-0.1533641,-4.716535,-0.4429483,0.0769645,2.009375,-0.9142345,-0.009977152,0.4050633,-0.06328361,0.9909445,-0.1184241,-0.4002137,-0.1339012,-0.9065869,moving,20.55248,5.824814,-12.43151,2.193511,-6.88526668567946,2.823680876205761,33.18327828587629,5.581928786228149,146.92874865555962
3372,05/05/2023 11:22:39.182517,3554,True,True,True,True,Eyes,-0.01025576,0.02879279,-2.642162,-0.3430437,-0.094603,-0.9345433,0.0,0.0,0.0,0.0,0.0,0.0,0.0,1.040571,-0.3658157,-2.479621,-0.01909195,0.03452893,-2.71359,-0.01839387,0.9777854,-0.06599315,-0.198097,7.836217,202.867,359.4318,0.005582873,0.009905308,-0.9999351,-0.1154183,0.008480272,-0.2202598,-0.3866201,-0.1567657,-4.731058,-0.4461365,0.07899104,2.009122,-0.9208387,-0.009824437,0.3898204,-0.0621166,0.9906132,-0.1217667,-0.3849649,-0.1363418,-0.9128051,moving,20.15672,5.780311,-12.5197,2.251493,-6.907071840712223,2.831552695908922,32.86641112889456,5.642522849333271,147.2426611704544
3373,05/05/2023 11:22:39.196574,3555,True,True,True,True,Eyes,-0.01067237,0.0289535,-2.645917,-0.3362519,-0.09424887,-0.9370441,0.0,0.0,0.0,0.0,0.0,0.0,0.0,1.003412,-0.3808632,-2.500633,-0.01861661,0.03417687,-2.720945,-0.01803063,0.9791879,-0.06841371,-0.190225,8.096428,201.9496,359.4628,0.004636849,0.01000445,-0.9999389,-0.1084932,0.007971456,-0.2070443,-0.3507093,-0.1645339,-4.744327,-0.4490787,0.08086103,2.008889,-0.9269788,-0.009282751,0.374999,-0.06133874,0.989989,-0.12712,-0.3700649,-0.1408395,-0.9182681,moving,19.74018,5.743553,-12.60105,2.305003,-6.930550239048442,2.8403506786944783,32.52351124979281,5.695714588709239,147.58284635344748
3374,05/05/2023 11:22:39.206515,3556,True,True,True,True,Eyes,-0.01103184,0.02910462,-2.649829,-0.3292288,-0.09376184,-0.9395835,0.0,0.0,0.0,0.0,0.0,0.0,0.0,0.9656391,-0.3911675,-2.52176,-0.01809878,0.03395218,-2.728235,-0.01751907,0.9805954,-0.06988269,-0.1823242,8.247047,201.0287,359.4861,0.003769811,0.01009824,-0.9999417,-0.1019836,0.007493169,-0.1946216,-0.3144651,-0.1681369,-4.757359,-0.4522534,0.08287919,2.008636,-0.9329019,-0.008875633,0.3600211,-0.05984085,0.989619,-0.130665,-0.355124,-0.1434416,-0.9237486,moving,19.3104,5.698729,-12.68881,2.362766,-6.954413445341403,2.8490774395589527,32.17262951270022,5.75498068305414,147.93080463829983
3375,05/05/2023 11:22:39.226580,3557,True,True,True,True,Eyes,-0.01133361,0.02923711,-2.653894,-0.3218828,-0.09314856,-0.9421862,0.0,0.0,0.0,0.0,0.0,0.0,0.0,0.9277904,-0.3915774,-2.544035,-0.01723383,0.03382555,-2.735836,-0.01718006,0.9820698,-0.06950561,-0.1743928,8.193166,200.0995,359.45,0.002976871,0.01018669,-0.9999434,-0.09586461,0.007043579,-0.1829443,-0.2777936,-0.1640061,-4.770837,-0.4554758,0.08492731,2.00838,-0.9385843,-0.009501496,0.34492,-0.0579866,0.9897476,-0.1305266,-0.3401435,-0.1425109,-0.9295126,moving,18.86191,5.646158,-12.77783,2.421393,-6.979011790959317,2.857889295103504,31.80365162324643,5.815223266319263,148.29660171984
3376,05/05/2023 11:22:39.246683,3558,True,True,True,True,Eyes,-0.01156438,0.0293495,-2.658111,-0.3142866,-0.09222315,-0.9448379,0.0,0.0,0.0,0.0,0.0,0.0,0.0,0.8906525,-0.3842507,-2.566618,-0.01627288,0.03348086,-2.743547,-0.01692183,0.9835402,-0.06775541,-0.1666481,7.985375,199.1901,359.3807,0.002251629,0.0102697,-0.9999445,-0.09011273,0.006620964,-0.1719677,-0.2419231,-0.1545003,-4.784192,-0.4586238,0.08692802,2.008133,-0.9438844,-0.01070397,0.3301033,-0.05586921,0.9902457,-0.1276404,-0.3255171,-0.1389203,-0.9352755,moving,18.39896,5.574831,-12.86475,2.478671,-7.00350914484148,2.8661173894222114,31.416647970617426,5.874032606894151,148.67989971588207
3377,05/05/2023 11:22:39.256790,3559,True,True,True,True,Eyes,-0.01173198,0.02943851,-2.662479,-0.3064514,-0.09112096,-0.9475149,0.0,0.0,0.0,0.0,0.0,0.0,0.0,0.8541702,-0.3744992,-2.588594,-0.01518508,0.03300577,-2.751246,-0.01674084,0.9849409,-0.06561922,-0.1590762,7.734809,198.3017,359.3003,0.001591979,0.01034676,-0.999945,-0.08470596,0.006223706,-0.1616496,-0.2065557,-0.1434906,-4.796974,-0.4618328,0.08896786,2.007877,-0.9488291,-0.01210056,0.3155584,-0.05385439,0.9908277,-0.123936,-0.3111644,-0.1345883,-0.9407778,moving,17.92258,5.493149,-12.95334,2.537083,-7.028282940168356,2.8741626898489647,31.01710434651752,5.934637636753358,149.07552332951252
3378,05/05/2023 11:22:39.276793,3560,True,True,True,True,Eyes,-0.01401129,0.03083608,-2.775248,-0.08760399,-0.0627808,-0.9941751,0.0,0.0,0.0,0.0,0.0,0.0,0.0,0.8212045,-0.361733,-2.609452,-0.0139489,0.03248991,-2.759206,-0.01704406,0.9861957,-0.06304314,-0.152162,7.442587,197.488,359.166,0.0009931695,0.01041758,-0.999945,-0.0796236,0.005850284,-0.1519506,-0.1736724,-0.1305755,-4.809336,-0.465109,0.09105048,2.007615,-0.9531125,-0.01443203,0.302272,-0.0528031,0.9914701,-0.1191588,-0.2979739,-0.1295327,-0.9457446,moving,5.03574,3.613352,-13.04374,2.596731,-7.715738435474188,3.108578952585467,18.108040074178128,5.352531083343228,161.91519870438535
3379,05/05/2023 11:22:39.296798,3561,True,True,True,True,Eyes,-0.01393625,0.03079184,-2.775568,-0.0871559,-0.06270759,-0.9942191,0.0,0.0,0.0,0.0,0.0,0.0,0.0,0.7915452,-0.3525811,-2.628108,-0.01244121,0.03166509,-2.767065,-0.01757961,0.987249,-0.06126222,-0.1458674,7.243749,196.7479,359.0274,0.0003901973,0.01048674,-0.9999447,-0.08168411,0.009691962,-0.481141,-0.1431197,-0.1212642,-4.820593,-0.468258,0.09305204,2.007365,-0.9568272,-0.01683858,0.2901688,-0.05258323,0.9918758,-0.1158335,-0.285861,-0.1260907,-0.9499392,moving,5.009894,3.60899,-13.13058,2.654064,-7.717086188284787,3.1090189937812327,18.165590565961573,5.43257759225263,161.85819731450826
3380,05/05/2023 11:22:39.306704,3562,True,True,True,True,Eyes,-0.01373512,0.03071041,-2.776203,-0.08596964,-0.06282791,-0.9943148,0.0,0.0,0.0,0.0,0.0,0.0,0.0,0.7656733,-0.3486249,-2.644653,-0.01065727,0.03054475,-2.775056,-0.01788539,0.9881,-0.06048273,-0.1402863,7.154431,196.0949,358.9388,-0.0001512347,0.01054742,-0.9999442,-0.07678307,0.009110444,-0.4522725,-0.1149727,-0.1163281,-4.831139,-0.4716222,0.09519047,2.007097,-0.9599997,-0.01837533,0.2793972,-0.05231491,0.9920439,-0.1145078,-0.2750702,-0.1245441,-0.9533231,moving,4.941572,3.61555,-13.22332,2.715328,-7.721596909262194,3.111102453124528,18.187185076887186,5.5159400273120776,161.83720523979633
3381,05/05/2023 11:22:39.326796,3563,True,True,True,True,Eyes,-0.01344202,0.03060395,-2.777134,-0.0844106,-0.06291398,-0.9944428,0.0,0.0,0.0,0.0,0.0,0.0,0.0,0.7412755,-0.3494043,-2.659743,-0.008492483,0.02955516,-2.782958,-0.01793816,0.9888368,-0.0605257,-0.1349698,7.154325,195.4758,358.8948,-0.0006293984,0.01059866,-0.9999434,-0.07217608,0.008563817,-0.4251361,-0.08779788,-0.1149588,-4.840877,-0.4746506,0.09711519,2.006859,-0.9629229,-0.01913754,0.2690976,-0.05181411,0.9920297,-0.1148579,-0.2647547,-0.1245423,-0.9562398,moving,4.851768,3.620025,-13.30674,2.770476,-7.727308549254547,3.113630016895286,18.178370286949953,5.589974060125761,161.8465152211941
3382,05/05/2023 11:22:39.346630,3564,True,True,True,True,Eyes,-0.01302011,0.03047676,-2.778369,-0.08214477,-0.06301975,-0.9946259,0.0,0.0,0.0,0.0,0.0,0.0,0.0,0.7174917,-0.3487469,-2.67474,-0.006081384,0.02884136,-2.791017,-0.01825199,0.9895453,-0.06029278,-0.129738,7.126522,194.8651,358.8175,-0.001050448,0.01064071,-0.9999418,-0.06784552,0.008049988,-0.399628,-0.06039704,-0.1118291,-4.85064,-0.4780371,0.09926769,2.006593,-0.96567,-0.0204778,0.2589642,-0.05176687,0.9920633,-0.1145889,-0.2545624,-0.1240608,-0.959066,moving,4.721264,3.625429,-13.39998,2.832157,-7.735551158404445,3.1172471857224133,18.138598748897884,5.6715985855396,161.88680777646945
3383,05/05/2023 11:22:39.366815,3565,True,True,True,True,Eyes,-0.01250085,0.03033908,-2.779892,-0.0796083,-0.06304811,-0.9948303,0.0,0.0,0.0,0.0,0.0,0.0,0.0,0.6954581,-0.3449591,-2.689684,-0.003474399,0.02818574,-2.79933,-0.01873148,0.990217,-0.05950727,-0.1248139,7.037914,194.2892,358.7159,-0.001413994,0.01067349,-0.9999405,-0.06377479,0.007566989,-0.3756503,-0.03439637,-0.1064954,-4.860415,-0.4811327,0.1012353,2.006346,-0.9681413,-0.02224179,0.2494149,-0.05195112,0.992216,-0.1131743,-0.2449563,-0.1225261,-0.9617608,moving,4.575173,3.626313,-13.48519,2.888554,-7.7445075459878625,3.1210336201826605,18.07542530713593,5.745387873033732,161.95039811508863
3384,05/05/2023 11:22:39.376746,3566,True,True,True,True,Eyes,-0.01188066,0.03018534,-2.78169,-0.07644126,-0.06312419,-0.9950739,0.0,0.0,0.0,0.0,0.0,0.0,0.0,0.6743796,-0.3412146,-2.704246,-0.0006946884,0.02774328,-2.807737,-0.01885571,0.9908493,-0.05865505,-0.1200911,6.93628,193.7397,358.6563,-0.001722252,0.01069744,-0.9999394,-0.0599483,0.00711297,-0.3531113,-0.008886822,-0.1007051,-4.870053,-0.4844206,0.1033252,2.006084,-0.9704453,-0.02327844,0.2401963,-0.05145424,0.992408,-0.1117078,-0.2357723,-0.1207654,-0.9642756,moving,4.392816,3.62979,-13.57565,2.948466,-7.755811675507577,3.1258807478110606,17.981378500719348,5.822541894737351,162.04487336326602
3385,05/05/2023 11:22:39.397036,3567,True,True,True,True,Eyes,-0.01114896,0.02999473,-2.783747,-0.07305533,-0.06311996,-0.9953285,0.0,0.0,0.0,0.0,0.0,0.0,0.0,0.6549335,-0.3367746,-2.718337,0.002411045,0.02720943,-2.816196,-0.0187467,0.9914358,-0.05768093,-0.1156575,6.817674,193.2258,358.6248,-0.0019771,0.01071277,-0.9999387,-0.0563514,0.006686192,-0.3319246,0.01600817,-0.09445384,-4.879577,-0.4879904,0.1055941,2.005802,-0.972544,-0.02382983,0.2314967,-0.05051476,0.9926429,-0.1100375,-0.2271714,-0.1187103,-0.9665927,moving,4.19788,3.628622,-13.6738,3.013516,-7.767639575525092,3.130813746062445,17.88226220067349,5.907325090162632,162.14446221667052
3386,05/05/2023 11:22:39.406788,3568,True,True,True,True,Eyes,-0.01028433,0.02977356,-2.78605,-0.06908357,-0.06324717,-0.9956039,0.0,0.0,0.0,0.0,0.0,0.0,0.0,0.6358396,-0.3321576,-2.731986,0.005744599,0.02611772,-2.824474,-0.0179776,0.9920008,-0.05671344,-0.1113324,6.69145,192.7293,358.6707,-0.002179865,0.01071891,-0.9999382,-0.05297032,0.00628502,-0.3120091,0.04007481,-0.08957362,-4.88852,-0.4909144,0.1074529,2.005569,-0.9745638,-0.02303951,0.2229227,-0.04829567,0.9929208,-0.1085166,-0.2188445,-0.1165225,-0.9687775,moving,3.969312,3.634912,-13.75417,3.066819,-7.78190951965638,3.1369874545641303,17.732584240910096,5.972672672856778,162.2944509427845
3387,05/05/2023 11:22:39.426850,3569,True,True,True,True,Eyes,-0.009298604,0.02954302,-2.788602,-0.06487579,-0.06337447,-0.9958789,0.0,0.0,0.0,0.0,0.0,0.0,0.0,0.6157399,-0.3385158,-2.744261,0.009530958,0.02516714,-2.832661,-0.01715731,0.9924616,-0.05768675,-0.1067613,6.786339,192.2053,358.7456,-0.002330991,0.01071562,-0.999938,-0.0497921,0.005907919,-0.2932886,0.06583811,-0.09249268,-4.896698,-0.4939147,0.1093599,2.005332,-0.9766155,-0.02173852,0.2138924,-0.04637337,0.9927558,-0.1108403,-0.2099335,-0.1181672,-0.9705487,moving,3.727224,3.641206,-13.83659,3.121509,-7.797004255583643,3.143507620792303,17.57150099446274,6.039625808232993,162.45585768947257
3388,05/05/2023 11:22:39.446605,3570,True,True,True,True,Eyes,-0.008163324,0.02928776,-2.791389,-0.06013745,-0.06343217,-0.9961726,0.0,0.0,0.0,0.0,0.0,0.0,0.0,0.5935811,-0.3403331,-2.757711,0.01333799,0.02471311,-2.841187,-0.01644742,0.9929869,-0.05775936,-0.1018361,6.780064,191.6396,358.794,-0.002431322,0.01070341,-0.999938,-0.04680457,0.005553443,-0.2756913,0.09324025,-0.09100874,-4.905191,-0.4971365,0.1114078,2.005077,-0.9787178,-0.02090018,0.2041437,-0.04442813,0.9927866,-0.1113587,-0.2003437,-0.1180585,-0.9725867,moving,3.454668,3.643441,-13.92504,3.180246,-7.813744517857535,3.150601613199238,17.385879321256347,6.111367380523256,162.64178692004
3389,05/05/2023 11:22:39.456957,3571,True,True,True,True,Eyes,-0.006893399,0.02900452,-2.794403,-0.05516701,-0.06343114,-0.9964603,0.0,0.0,0.0,0.0,0.0,0.0,0.0,0.5699357,-0.333142,-2.772206,0.01760603,0.02384087,-2.849572,-0.01599637,0.9935985,-0.05633799,-0.09660351,6.606237,191.0368,358.7943,-0.002480619,0.01068223,-0.9999382,-0.0439963,0.005220237,-0.2591498,0.1222562,-0.08368107,-4.913549,-0.5003382,0.1134429,2.004821,-0.9808236,-0.02090305,0.1937726,-0.04267284,0.9931403,-0.1088641,-0.1901678,-0.1150453,-0.9749876,moving,3.16883,3.642333,-14.01292,3.238631,-7.831119657505583,3.157865711197785,17.18649203203795,6.182327919670663,162.84146739221197
3390,05/05/2023 11:22:39.486593,3572,True,True,True,True,Eyes,-0.005520687,0.02870429,-2.797631,-0.04962432,-0.06328434,-0.996761,0.0,0.0,0.0,0.0,0.0,0.0,0.0,0.5461565,-0.3300884,-2.786053,0.02201505,0.02287386,-2.858028,-0.01581226,0.9941356,-0.05570384,-0.09133223,6.525343,190.4283,358.7736,-0.002479229,0.0106519,-0.9999387,-0.04135652,0.004907023,-0.2436008,0.1515822,-0.07954019,-4.92149,-0.5035088,0.1154583,2.00457,-0.9828169,-0.02126394,0.1833548,-0.04161417,0.9932941,-0.107866,-0.1798316,-0.1136427,-0.9771111,moving,2.85015,3.632833,-14.09988,3.296455,-7.85005804332403,3.1655440215931567,16.953367428324796,6.251192860120098,163.0748008748915
3391,05/05/2023 11:22:39.497025,3573,True,True,True,True,Eyes,-0.004002742,0.02836448,-2.801068,-0.04390556,-0.06302243,-0.9970459,0.0,0.0,0.0,0.0,0.0,0.0,0.0,0.521983,-0.3238728,-2.800144,0.02642263,0.02218791,-2.866527,-0.01609087,0.9946724,-0.05451205,-0.08600317,6.385129,189.8106,358.695,-0.00242863,0.01061267,-0.9999394,-0.03887513,0.004612601,-0.2289848,0.1811572,-0.07247902,-4.929287,-0.5067589,0.117524,2.004313,-0.9846892,-0.02263386,0.1728442,-0.0413867,0.993539,-0.1056755,-0.1693356,-0.111211,-0.9792638,moving,2.521428,3.616806,-14.18898,3.355729,-7.869266842678814,3.173147494222922,16.712447358971488,6.3223500691649726,163.31595223866702
3392,05/05/2023 11:22:39.506613,3574,True,True,True,True,Eyes,-0.002344972,0.02798685,-2.80469,-0.03779214,-0.06271396,-0.9973158,0.0,0.0,0.0,0.0,0.0,0.0,0.0,0.4999791,-0.3158188,-2.813781,0.03134125,0.02087157,-2.875007,-0.01626425,0.9951636,-0.05311541,-0.08101819,6.220347,189.2342,358.6302,-0.00232866,0.01056398,-0.9999402,-0.03654262,0.004335845,-0.2152457,0.2098893,-0.06523144,-4.936909,-0.5101134,0.1196562,2.004047,-0.9863433,-0.02376455,0.1629805,-0.04097781,0.9938284,-0.1030816,-0.1595249,-0.1083524,-0.9812298,moving,2.17012,3.598179,-14.28089,3.416918,-7.8897169053250495,3.181197148024504,16.45200855732275,6.39551857523321,163.5766335163467
3393,05/05/2023 11:22:39.526701,3575,True,True,True,True,Eyes,-0.0005377376,0.02759108,-2.808501,-0.03152499,-0.06243468,-0.9975511,0.0,0.0,0.0,0.0,0.0,0.0,0.0,0.4775571,-0.3155068,-2.826008,0.03636877,0.01957132,-2.883091,-0.01680882,0.9955542,-0.0531184,-0.07594799,6.218345,188.6454,358.5359,-0.002179398,0.01050539,-0.9999411,-0.03435006,0.004075695,-0.2023309,0.2387235,-0.06367699,-4.943523,-0.5130508,0.1215232,2.003814,-0.987899,-0.02539972,0.1530064,-0.04153666,0.9937918,-0.1032113,-0.1494349,-0.1083177,-0.982821,moving,1.810081,3.581354,-14.36133,3.470506,-7.910793903407387,3.189562072306623,16.17179090298984,6.456651254632857,163.85699585175132
3394,05/05/2023 11:22:39.546850,3576,True,True,True,True,Eyes,0.001396813,0.02730406,-2.812479,-0.02494084,-0.06240202,-0.9977394,0.0,0.0,0.0,0.0,0.0,0.0,0.0,0.4562458,-0.3187083,-2.837729,0.04167651,0.01874327,-2.891428,-0.01825173,0.9958621,-0.05372724,-0.07098684,6.292322,188.0635,358.344,-0.001980604,0.01043722,-0.9999422,-0.03228906,0.003831153,-0.1901911,0.2675864,-0.06326793,-4.950131,-0.5162368,0.1235482,2.003561,-0.9892556,-0.02872456,0.1433474,-0.04398026,0.9935606,-0.1044186,-0.139425,-0.1096011,-0.9841487,moving,1.431944,3.578812,-14.44854,3.528636,-7.933723192681571,3.1991170504293667,15.880563267882911,6.5231450061335305,164.14847508207706
3395,05/05/2023 11:22:39.556899,3577,True,True,True,True,Eyes,0.003466681,0.02717018,-2.81667,-0.01842675,-0.06219239,-0.9978941,0.0,0.0,0.0,0.0,0.0,0.0,0.0,0.4378316,-0.3445852,-2.846009,0.04731512,0.02116687,-2.899571,-0.02105477,0.9958963,-0.05783677,-0.06634893,6.776275,187.506,358.0227,-0.001732881,0.01036427,-0.9999432,-0.03035172,0.003601284,-0.1787796,0.2956263,-0.07277895,-4.955863,-0.51944,0.1255843,2.003306,-0.9903091,-0.03426193,0.1345888,-0.04961156,0.9924232,-0.1124049,-0.1297178,-0.1179928,-0.9845055,moving,1.057883,3.566268,-14.53618,3.587094,-7.955879734749593,3.208058853444788,15.594076906641348,6.591207721137205,164.43524704761802
3396,05/05/2023 11:22:39.576611,3578,True,True,True,True,Eyes,0.05988586,0.02340167,-2.925804,0.1379597,-0.04323887,-0.9894935,0.0,0.0,0.0,0.0,0.0,0.0,0.0,0.4315856,-0.3389519,-2.857219,0.05259179,0.02467512,-2.908862,-0.02445321,0.9960627,-0.05634313,-0.06392726,6.62491,187.2058,357.6049,-0.001436522,0.01029242,-0.9999441,-0.02853061,0.003385207,-0.1680528,0.313704,-0.05801063,-4.964759,-0.5227194,0.1276689,2.003047,-0.9906308,-0.04151013,0.1301067,-0.05591758,0.9924549,-0.1091161,-0.1245956,-0.115369,-0.9854777,moving,-7.937271,2.502118,-14.62584,3.646947,-8.448725869611543,3.3842977376438794,6.785837362256924,6.1826954975043815,173.2385589118489
3397,05/05/2023 11:22:39.596855,3579,True,True,True,True,Eyes,0.06014945,0.02347849,-2.926107,0.1383008,-0.04394357,-0.9894149,0.0,0.0,0.0,0.0,0.0,0.0,0.0,0.4301897,-0.3262695,-2.867711,0.05901376,0.02407918,-2.917399,-0.0246484,0.9962758,-0.05412568,-0.06242889,6.368684,187.0353,357.5574,0.0007711335,0.01006144,-0.9999473,0.1424388,-0.008123439,-0.4853715,0.3290681,-0.04708558,-4.973247,-0.5258251,0.1296429,2.002799,-0.9909902,-0.04235519,0.127061,-0.05587122,0.9929258,-0.1047707,-0.1217246,-0.1109257,-0.9863461,moving,-7.957269,2.543046,-14.71072,3.703639,-8.452090367190626,3.3868918423494394,6.852450402669836,6.266639740926497,173.1728109784286
3398,05/05/2023 11:22:39.616714,3580,True,True,True,True,Eyes,0.0606673,0.02363846,-2.926762,0.1390464,-0.04437941,-0.9892909,2.067243,0.34811,-0.06810454,-4.971866,-0.5576515,0.7480608,0.3597636,-0.5206704,0.1426898,1.996725,0.06553017,0.02614926,-2.925006,-0.02384496,0.996014,-0.06310058,-0.05836074,7.381845,186.5571,357.6806,0.002749202,0.009857656,-0.999946,0.1338924,-0.007636033,-0.4562492,0.3564858,-0.07932921,-4.977262,-0.5291728,0.1317709,2.002536,-0.9920509,-0.04013462,0.1192655,-0.05486501,0.9908995,-0.1229149,-0.113247,-0.1284813,-0.9852249,moving,-8.000605,2.568556,-14.80214,3.764751,-8.45607026773626,3.38929935505458,6.90592215668914,6.3571664273044,173.1205253114068
3399,05/05/2023 11:22:39.627042,3581,True,True,True,True,Eyes,0.06142509,0.02381286,-2.927712,0.1402168,-0.04483422,-0.9891052,0.0,0.0,0.0,0.0,0.0,0.0,0.0,0.393052,-0.3840899,-2.883247,0.07215209,0.02830551,-2.93413,-0.02400232,0.9963118,-0.06285276,-0.05325731,7.342393,185.9671,357.6231,0.004546721,0.009679495,-0.9999413,0.1258589,-0.007177871,-0.4288743,0.3870675,-0.07315086,-4.983741,-0.5322855,0.1337493,2.002287,-0.9931751,-0.04113285,0.109139,-0.05452232,0.9909468,-0.1226853,-0.1031045,-0.1277985,-0.9864265,moving,-8.068557,2.59533,-14.88712,3.821581,-8.461617733006356,3.392401594129696,6.927950122508822,6.4398194342359965,173.0995843318977
3400,05/05/2023 11:22:39.647676,3582,True,True,True,True,Eyes,0.0623639,0.02403717,-2.928942,0.1419918,-0.04549975,-0.9888216,0.0,0.0,0.0,0.0,0.0,0.0,0.0,0.3671703,-0.3903518,-2.894185,0.07856709,0.02883454,-2.942192,-0.02423415,0.9965493,-0.06357914,-0.04753785,7.413172,185.3039,357.5577,0.006189171,0.009524863,-0.9999342,0.1183074,-0.006747198,-0.4031418,0.4203806,-0.07212733,-4.988297,-0.5357696,0.1359639,2.00201,-0.9943056,-0.04225621,0.09782918,-0.05434587,0.9907408,-0.1244154,-0.09166603,-0.1290236,-0.9873956,moving,-8.171641,2.634556,-14.98218,3.885204,-8.469960436644127,3.397036996468715,6.924417801550178,6.530490844086045,173.10424206028617
3401,05/05/2023 11:22:39.656750,3583,True,True,True,True,Eyes,0.06350881,0.02437943,-2.930476,0.1441278,-0.04620057,-0.98848,0.0,0.0,0.0,0.0,0.0,0.0,0.0,0.3404247,-0.4328469,-2.899825,0.08491279,0.03039144,-2.95027,-0.02319014,0.9963897,-0.07023238,-0.04168255,8.157278,184.6243,357.6634,0.00769865,0.009392969,-0.9999251,0.1112089,-0.006342366,-0.3789533,0.4542211,-0.09558924,-4.990868,-0.538691,0.1378208,2.001778,-0.9954498,-0.0403579,0.0863215,-0.05206776,0.9890593,-0.1380244,-0.07980671,-0.1418909,-0.9866602,moving,-8.295693,2.676001,-15.06184,3.93855,-8.479698260773137,3.4023222774012143,6.882933618960014,6.603948065040783,173.1465773480525
3402,05/05/2023 11:22:39.676684,3584,True,True,True,True,Eyes,0.06480958,0.02478506,-2.932272,0.1467416,-0.04625859,-0.9880926,0.0,0.0,0.0,0.0,0.0,0.0,0.0,0.3145618,-0.4418216,-2.910585,0.09091589,0.03357267,-2.959099,-0.0212941,0.9966052,-0.07078698,-0.03624789,8.200472,184.0111,357.8396,0.00909527,0.009285472,-0.9999145,0.1045364,-0.005961824,-0.3562161,0.4856667,-0.09337078,-4.995609,-0.5418956,0.1398576,2.001526,-0.9964653,-0.03731185,0.07526435,-0.04757537,0.9890715,-0.1395496,-0.06923497,-0.1426371,-0.9873505,moving,-8.447253,2.680405,-15.14915,3.997075,-8.48917266648293,3.406427832883517,6.830010489560687,6.686117121243382,173.20101526202404
3403,05/05/2023 11:22:39.696717,3585,True,True,True,True,Eyes,0.06629223,0.02518498,-2.934316,0.1497633,-0.04631649,-0.9876364,0.0,0.0,0.0,0.0,0.0,0.0,0.0,0.2859344,-0.4332492,-2.923337,0.09701212,0.03545763,-2.96727,-0.01868412,0.9970072,-0.06854235,-0.03048913,7.921357,183.3707,358.0862,0.01039499,0.009202038,-0.9999027,0.0982642,-0.005604115,-0.3348431,0.5182959,-0.08185247,-4.999784,-0.5451002,0.1418946,2.00127,-0.9974427,-0.0330768,0.06335708,-0.04143599,0.9899057,-0.1355351,-0.05823446,-0.1378138,-0.9887449,moving,-8.622535,2.684993,-15.23644,4.055614,-8.50010351485232,3.411150280961964,6.754431232506999,6.767094112415472,173.27817337835134
3404,05/05/2023 11:22:39.706583,3586,True,True,True,True,Eyes,0.06797067,0.02556268,-2.936599,0.1532668,-0.04601707,-0.9871128,0.0,0.0,0.0,0.0,0.0,0.0,0.0,0.2522594,-0.4323346,-2.934837,0.1027571,0.03570189,-2.975228,-0.01485286,0.9972968,-0.0678222,-0.02405161,7.815999,182.6589,358.4752,0.01161405,0.009139939,-0.9998899,0.09236835,-0.005267868,-0.3147525,0.553732,-0.0792564,-5.00231,-0.5485532,0.1440893,2.000996,-0.9984018,-0.02636296,0.04998789,-0.03288789,0.9903591,-0.1345633,-0.04595847,-0.1359922,-0.9896434,moving,-8.825713,2.669073,-15.33043,4.11869,-8.511661017318668,3.415543949191579,6.66428786118802,6.854927046143124,173.370432089735
3405,05/05/2023 11:22:39.726855,3587,True,True,True,True,Eyes,0.06980996,0.02593299,-2.939107,0.1572307,-0.04575977,-0.9865011,0.0,0.0,0.0,0.0,0.0,0.0,0.0,0.2147551,-0.4301434,-2.946441,0.1084714,0.03546856,-2.983225,-0.01106572,0.9975467,-0.06699927,-0.01701118,7.703474,181.8769,358.8553,0.01276605,0.009096242,-0.9998763,0.08682625,-0.004951796,-0.2958674,0.5911238,-0.07712556,-5.003863,-0.5516003,0.1460261,2.000756,-0.9991766,-0.01979767,0.03542169,-0.02435662,0.9907773,-0.1332933,-0.03245611,-0.1340463,-0.9904436,moving,-9.055758,2.655814,-15.41332,4.174358,-8.524996582060984,3.420761056353692,6.536403480797372,6.9294233427897955,173.50030773828908
3406,05/05/2023 11:22:39.746795,3588,True,True,True,True,Eyes,0.07179807,0.02634292,-2.941853,0.1616188,-0.04510049,-0.9858221,0.0,0.0,0.0,0.0,0.0,0.0,0.0,0.1745192,-0.4331013,-2.956903,0.1140476,0.03566166,-2.991158,-0.00931261,0.9976577,-0.06711362,-0.009408852,7.705889,181.0132,358.9986,0.01386398,0.009068726,-0.999862,0.08161668,-0.004654688,-0.2781153,0.6304802,-0.07639194,-5.00419,-0.5546193,0.147945,2.000517,-0.9996498,-0.01731867,0.02002363,-0.01984452,0.9908181,-0.1337376,-0.01752362,-0.1340881,-0.9908147,moving,-9.31043,2.619405,-15.4954,4.229517,-8.538620971756815,3.4254312683253483,6.391112153095421,7.003094195545777,173.64810552134324
3407,05/05/2023 11:22:39.766675,3589,True,True,True,True,Eyes,0.07393631,0.02677734,-2.944837,0.1663717,-0.04397318,-0.9850821,0.0,0.0,0.0,0.0,0.0,0.0,0.0,0.1348715,-0.4256772,-2.968843,0.1196991,0.03694363,-2.99962,-0.01035975,0.9978019,-0.06542997,-0.001733519,7.50474,180.1216,358.8183,0.01491673,0.009057056,-0.9998469,0.07671968,-0.004375407,-0.2614284,0.670276,-0.06408881,-5.005009,-0.5580459,0.150123,2.000244,-0.9997795,-0.02044711,0.004815094,-0.0209008,0.9912232,-0.1305364,-0.002103741,-0.1306082,-0.9914321,moving,-9.586287,2.555935,-15.58851,4.292135,-8.552119304341758,3.429267487032881,6.248285475370743,7.089099686623114,173.79439862210913
3408,05/05/2023 11:22:39.777044,3590,True,True,True,True,Eyes,0.07619809,0.02718987,-2.948045,0.1713931,-0.04221278,-0.9842979,0.0,0.0,0.0,0.0,0.0,0.0,0.0,0.09904788,-0.395453,-2.98342,0.1253253,0.03787791,-3.008296,-0.01345595,0.9980893,-0.06006809,0.005350401,6.878405,179.2903,358.4126,0.015935,0.009060366,-0.9998312,0.0721165,-0.004112882,-0.2457427,0.7068692,-0.03525433,-5.00692,-0.5611736,0.1521112,1.999996,-0.9995806,-0.02750325,-0.009063808,-0.0262177,0.9924215,-0.1200506,0.0122969,-0.1197627,-0.9927264,moving,-9.87772,2.455692,-15.67345,4.349301,-8.564640532627564,3.4316320283009376,6.097232263722697,7.16779522482494,173.94980165081014
3409,05/05/2023 11:22:39.796739,3591,True,True,True,True,Eyes,0.0785985,0.02757815,-2.951459,0.1766657,-0.04030071,-0.9834455,0.0,0.0,0.0,0.0,0.0,0.0,0.0,0.06717429,-0.366113,-2.996904,0.1309436,0.03763881,-3.016855,-0.01634295,0.9982806,-0.05506494,0.01168291,6.289875,178.5515,358.0446,0.01692524,0.009076324,-0.9998149,0.06778951,-0.003866109,-0.2309981,0.7403044,-0.009160167,-5.00878,-0.564404,0.1541645,1.999739,-0.999193,-0.03391634,-0.0215258,-0.03134307,0.9934015,-0.1103224,0.0251255,-0.1095587,-0.993663,moving,-10.18397,2.346617,-15.76112,4.408344,-8.577602607721364,3.433926770178408,5.946034001334755,7.249304177846509,174.10605419334928
3410,05/05/2023 11:22:39.806701,3592,True,True,True,True,Eyes,0.08115508,0.02794018,-2.955077,0.1821333,-0.03837791,-0.9825246,0.0,0.0,0.0,0.0,0.0,0.0,0.0,0.03709264,-0.3536208,-3.007578,0.1365744,0.03740927,-3.02521,-0.01800336,0.9982849,-0.05284387,0.01762884,6.019775,177.862,357.8212,0.01789455,0.009102742,-0.9997978,0.06372214,-0.003634142,-0.2171383,0.7721778,0.004309241,-5.009973,-0.5674632,0.156109,1.999498,-0.9987304,-0.03780812,-0.03329448,-0.03408181,0.9937668,-0.1061412,0.03709995,-0.1048717,-0.9937937,moving,-10.50187,2.236866,-15.8441,4.464261,-8.59123978841354,3.436485487534782,5.787979773541454,7.325319361832433,174.2696262151858
3411,05/05/2023 11:22:39.826828,3593,True,True,True,True,Eyes,0.08382937,0.0282909,-2.958869,0.187854,-0.03657452,-0.9815158,0.0,0.0,0.0,0.0,0.0,0.0,0.0,0.008417577,-0.3417028,-3.018037,0.1422114,0.03705845,-3.033773,-0.01854985,0.9982707,-0.05071403,0.02323081,5.761676,177.2196,357.731,0.01884996,0.009137591,-0.9997799,0.05989881,-0.003416094,-0.20411,0.8028256,0.01602154,-5.011332,-0.570617,0.1581136,1.999247,-0.9982327,-0.0393918,-0.0444998,-0.03467929,0.9941679,-0.1021145,0.04826276,-0.1003908,-0.993777,moving,-10.83491,2.134043,-15.92959,4.521914,-8.606163415186167,3.439784365076483,5.626516881254421,7.402944109605158,174.43708744362962
3412,05/05/2023 11:22:39.846774,3594,True,True,True,True,Eyes,0.08662106,0.02864022,-2.962843,0.1938203,-0.03520186,-0.9804052,0.0,0.0,0.0,0.0,0.0,0.0,0.0,-0.02366173,-0.3460842,-3.025722,0.1476118,0.03714351,-3.041736,-0.01760669,0.9981047,-0.05118083,0.02928678,5.80461,176.5272,357.8027,0.01979629,0.009179552,-0.9997612,0.05630488,-0.003211128,-0.1918634,0.8353912,0.01605744,-5.010842,-0.5737989,0.1601358,1.998994,-0.9976647,-0.03814449,-0.05666029,-0.0321488,0.994141,-0.1031989,0.0602648,-0.1011364,-0.9930458,moving,-11.18284,2.056345,-16.0158,4.580082,-8.62331185063765,3.444742654056795,5.452224390720634,7.479162818719051,174.61740520824128
3413,05/05/2023 11:22:39.857022,3595,True,True,True,True,Eyes,0.08951542,0.02897265,-2.966991,0.2000111,-0.03393677,-0.9792057,0.0,0.0,0.0,0.0,0.0,0.0,0.0,-0.05627593,-0.3525302,-3.033231,0.1528851,0.03745627,-3.050107,-0.015728,0.9979019,-0.05193404,0.03531876,5.885405,175.8421,357.9802,0.02073915,0.009227833,-0.9997416,0.05292659,-0.003018461,-0.1803516,0.867825,0.01395533,-5.010338,-0.5770057,0.1621743,1.99874,-0.9970105,-0.03505849,-0.06885567,-0.02772151,0.994111,-0.1047611,0.07212295,-0.1025392,-0.9921111,moving,-11.54435,1.984931,-16.10262,4.638718,-8.641617839384446,3.450368391502141,5.274505743125987,7.555046527502461,174.8016201949072
3414,05/05/2023 11:22:39.876911,3596,True,True,True,True,Eyes,0.1653067,0.03732982,-3.074474,0.3591869,-0.01376499,-0.9331641,2.05934,0.9049948,0.008983007,-4.996177,0.3416554,-0.2895278,0.894117,-0.5864214,0.158466,1.986042,0.158148,0.03738441,-3.058453,-0.01302828,0.9977139,-0.05194255,0.041224,5.88738,175.1782,358.2556,0.02168045,0.009281074,-0.9997212,0.04975099,-0.002837353,-0.1695305,0.8998688,0.01333104,-5.009604,-0.5803601,0.1643065,1.998476,-0.9962619,-0.03027956,-0.08090606,-0.02171444,0.9942645,-0.1047218,0.08361296,-0.1025735,-0.9912054,moving,-21.05236,0.845102,-16.19337,4.700053,-9.161777019718892,3.635892109051179,6.202453630016188,7.111662129359321,173.8818718237802
3415,05/05/2023 11:22:39.900063,3597,True,True,True,True,Eyes,0.1655258,0.03733825,-3.074806,0.3596813,-0.01384636,-0.9329726,0.0,0.0,0.0,0.0,0.0,0.0,0.0,-0.1235343,-0.3678438,-3.046485,0.1633966,0.03776535,-3.066515,-0.01102813,0.9973515,-0.05392505,0.04754525,6.114505,174.4579,358.4367,0.02518572,0.009585936,-0.9996361,0.2741398,0.02240439,-0.4818095,0.9330501,0.005945219,-5.007518,-0.5833501,0.1662069,1.998237,-0.9952358,-0.0271256,-0.09364926,-0.01687008,0.9939409,-0.1086131,0.09602802,-0.1065158,-0.9896633,moving,-21.08274,0.8502712,-16.27424,4.754735,-9.163900780889426,3.636933106088831,6.194070536853004,7.197666627793575,173.89358333835412
3416,05/05/2023 11:22:39.906784,3598,True,True,True,True,Eyes,0.1659557,0.03734459,-3.075457,0.3607806,-0.01411901,-0.9325439,0.0,0.0,0.0,0.0,0.0,0.0,0.0,-0.1596053,-0.3755815,-3.052543,0.1687676,0.03799281,-3.074837,-0.0103007,0.9969684,-0.05494348,0.05412387,6.225326,173.7021,358.4733,0.02815332,0.009847503,-0.9995543,0.2576914,0.02106013,-0.4529009,0.9673852,0.004196152,-5.005011,-0.5867555,0.1683717,1.997967,-0.9939292,-0.02648645,-0.1067877,-0.01459143,0.9937502,-0.1106688,0.1090515,-0.1084388,-0.9881039,moving,-21.15035,0.8674101,-16.36626,4.817019,-9.168922462208066,3.639536463392817,6.203783328829207,7.293019454034368,173.88673520268404
3417,05/05/2023 11:22:39.926497,3599,True,True,True,True,Eyes,0.1665829,0.03733664,-3.0764,0.3623491,-0.01442664,-0.9319308,0.0,0.0,0.0,0.0,0.0,0.0,0.0,-0.1964564,-0.3797503,-3.058582,0.1741676,0.03796418,-3.083172,-0.01043951,0.9965527,-0.05541987,0.06084696,6.268464,172.925,358.4117,0.03072703,0.0100755,-0.9994763,0.24223,0.01979652,-0.4257269,1.001725,0.005355267,-5.002007,-0.5898653,0.1703485,1.99772,-0.9923773,-0.0275513,-0.1201173,-0.01406277,0.9936393,-0.1117281,0.1224315,-0.1091872,-0.9864526,moving,-21.24685,0.8868896,-16.45025,4.873906,-9.17582879768393,3.642998771450885,6.237280764393161,7.377827351869928,173.85524371131572
3418,05/05/2023 11:22:39.947129,3600,True,True,True,True,Eyes,0.1674236,0.03731141,-3.077638,0.3644459,-0.01485502,-0.9311061,0.0,0.0,0.0,0.0,0.0,0.0,0.0,-0.2344139,-0.3867983,-3.063397,0.1794204,0.03762546,-3.091173,-0.01094439,0.9960476,-0.05641187,0.06772913,6.366928,172.1256,358.3023,0.03306191,0.01028001,-0.9993997,0.2276962,0.01860873,-0.4001833,1.036413,0.00480877,-4.997945,-0.5930459,0.1723699,1.997467,-0.9905861,-0.02944372,-0.1336881,-0.01416081,0.9933959,-0.1138603,0.1361577,-0.1108953,-0.984461,moving,-21.37596,0.9140288,-16.5361,4.932077,-9.18512541573896,3.647685875980253,6.290386010184369,7.462337964600135,173.80341807233881
3419,05/05/2023 11:22:39.956651,3601,True,True,True,True,Eyes,0.1684508,0.03725942,-3.079165,0.3669335,-0.01529277,-0.9301214,0.0,0.0,0.0,0.0,0.0,0.0,0.0,-0.2706282,-0.3928947,-3.068464,0.1848023,0.03717519,-3.099603,-0.0114753,0.9955245,-0.05725336,0.07430647,6.447275,171.3608,358.1917,0.03518817,0.01046269,-0.9993252,0.2140344,0.0174922,-0.3761723,1.069936,0.004836755,-4.994414,-0.5962692,0.1744188,1.997213,-0.988694,-0.03135647,-0.1466338,-0.01433929,0.9931807,-0.1156996,0.1492618,-0.1122889,-0.9824014,moving,-21.52927,0.9419549,-16.62303,4.99104,-9.195939224431593,3.653032783546774,6.361311270849904,7.546650959188072,173.7334791386711
3420,05/05/2023 11:22:39.976944,3602,True,True,True,True,Eyes,0.1696982,0.03717783,-3.080953,0.3698662,-0.01582778,-0.9289502,0.0,0.0,0.0,0.0,0.0,0.0,0.0,-0.3060855,-0.3970821,-3.073466,0.1902072,0.03648698,-3.108062,-0.01151569,0.9949936,-0.05782639,0.08069219,6.500699,170.6215,358.14,0.03713234,0.01062478,-0.9992532,0.2011923,0.01644267,-0.353602,1.102751,0.005037541,-4.99081,-0.5995866,0.1765274,1.996948,-0.9867123,-0.03224835,-0.1592446,-0.0135838,0.9930469,-0.1169322,0.1619082,-0.1132153,-0.9802898,moving,-21.71022,0.9761314,-16.71246,5.051734,-9.208766342290458,3.659405514331336,6.448886847412253,7.6317754894097085,173.64630980033917
3421,05/05/2023 11:22:39.996631,3603,True,True,True,True,Eyes,0.1711206,0.03706021,-3.082999,0.373183,-0.01644436,-0.927612,0.0,0.0,0.0,0.0,0.0,0.0,0.0,-0.341833,-0.4027482,-3.077677,0.1957158,0.03567845,-3.116338,-0.01110324,0.9944099,-0.05866879,0.08708599,6.589076,169.8829,358.1367,0.03891907,0.01076726,-0.9991837,0.1891208,0.01545611,-0.3323858,1.13543,0.003259366,-4.986581,-0.6026952,0.1785033,1.996702,-0.9845858,-0.03230079,-0.1718955,-0.01186388,0.9928694,-0.1186155,0.1745011,-0.1147478,-0.9779482,moving,-21.91517,1.015612,-16.79619,5.108608,-9.22333517576454,3.666662709184592,6.554126371715456,7.708912790442697,173.54056841021261
3422,05/05/2023 11:22:40.006505,3604,True,True,True,True,Eyes,0.1727811,0.03691178,-3.085283,0.3770924,-0.01661206,-0.9260266,0.0,0.0,0.0,0.0,0.0,0.0,0.0,-0.3801651,-0.4107296,-3.080873,0.2012321,0.03471771,-3.124629,-0.01020221,0.9937307,-0.05991925,0.09383556,6.728948,169.1044,358.1811,0.04056896,0.0108908,-0.9991167,0.1777735,0.01452874,-0.3124427,1.16942,-0.0009430777,-4.981183,-0.6058446,0.1805051,1.996452,-0.9821814,-0.0315216,-0.1852719,-0.009031375,0.9926112,-0.1210018,0.1877171,-0.1171725,-0.9752091,moving,-22.15692,1.027723,-16.88098,5.166234,-9.238714135828396,3.673470121053563,6.70543184147904,7.786691950820309,173.38987325890415
3423,05/05/2023 11:22:40.026658,3605,True,True,True,True,Eyes,0.1745988,0.03673355,-3.087812,0.3813452,-0.01683008,-0.9242795,0.0,0.0,0.0,0.0,0.0,0.0,0.0,-0.4203482,-0.4184176,-3.083567,0.2067502,0.03378651,-3.133092,-0.009321355,0.9929796,-0.06111639,0.1008437,6.862939,168.2955,358.2201,0.04210343,0.01099625,-0.999052,0.1671071,0.01365702,-0.2936961,1.204147,-0.004879771,-4.975012,-0.6089594,0.1824852,1.996204,-0.9794873,-0.03083824,-0.1991321,-0.006185419,0.9923558,-0.1232547,0.2014109,-0.1194947,-0.9721907,moving,-22.42038,1.043176,-16.96478,5.223238,-9.255592321404016,3.68100353983556,6.872880741279016,7.861937534344499,173.22253724350253
3424,05/05/2023 11:22:40.046796,3606,True,True,True,True,Eyes,0.176595,0.0365091,-3.090575,0.3861484,-0.01665367,-0.9222863,0.0,0.0,0.0,0.0,0.0,0.0,0.0,-0.459392,-0.4236235,-3.086298,0.2122413,0.032905,-3.141592,-0.00880428,0.9922211,-0.06189948,0.1076493,6.946378,167.5081,358.222,0.04353837,0.01108437,-0.9989896,0.1570807,0.0128376,-0.2760744,1.237985,-0.006504608,-4.968883,-0.6122361,0.1845678,1.995945,-0.9766683,-0.03079846,-0.2125339,-0.004144712,0.9921819,-0.1247315,0.2147138,-0.1209404,-0.9691604,moving,-22.71838,1.034474,-17.05287,5.283195,-9.27331125706108,3.688192817697232,7.0816406076516625,7.94138314126626,173.01508739668844
3425,05/05/2023 11:22:40.066792,3607,True,True,True,True,Eyes,0.1787379,0.03623115,-3.093568,0.3912213,-0.0165543,-0.9201477,0.0,0.0,0.0,0.0,0.0,0.0,0.0,-0.4962113,-0.4253477,-3.089525,0.2177426,0.03152971,-3.150223,-0.008176792,0.991492,-0.06221251,0.1140456,6.978759,166.7698,358.2447,0.04488876,0.0111553,-0.998929,0.1476559,0.01206734,-0.2595099,1.270095,-0.00708524,-4.963359,-0.615466,0.1866207,1.99569,-0.9738536,-0.03040457,-0.2251331,-0.002024328,0.9921255,-0.1252315,0.2271679,-0.1215014,-0.9662467,moving,-23.03386,1.030693,-17.13964,5.342298,-9.292354178521531,3.696080091308612,7.302860198882696,8.018100034726011,172.79467590223356
3426,05/05/2023 11:22:40.076709,3608,True,True,True,True,Eyes,0.1810588,0.03590717,-3.096772,0.3967875,-0.01623773,-0.9177669,0.0,0.0,0.0,0.0,0.0,0.0,0.0,-0.5329975,-0.4288825,-3.092087,0.2233195,0.0299648,-3.158837,-0.007013263,0.9907095,-0.06287707,0.1203836,7.059342,166.0402,358.3235,0.04616797,0.011209,-0.9988701,0.1387965,0.0113433,-0.2439393,1.301945,-0.01017133,-4.957459,-0.6186514,0.1886452,1.995437,-0.9709174,-0.02903494,-0.2376483,0.00124252,0.9919946,-0.1262744,0.2394122,-0.1228972,-0.9631087,moving,-23.38077,1.013609,-17.22516,5.400595,-9.312616868599369,3.704095600113658,7.558913985242588,8.092369802479988,172.53982491497743
3427,05/05/2023 11:22:40.096953,3609,True,True,True,True,Eyes,0.183513,0.03554085,-3.100195,0.4026207,-0.0159987,-0.9152271,0.0,0.0,0.0,0.0,0.0,0.0,0.0,-0.5714136,-0.4317638,-3.094026,0.2288616,0.02854712,-3.167449,-0.005527926,0.9898667,-0.06344146,0.1269206,7.134208,165.2894,358.438,0.04738775,0.01124562,-0.9988126,0.1304687,0.0106627,-0.229303,1.334376,-0.01327287,-4.950686,-0.6218768,0.1906957,1.995182,-0.9677214,-0.02704788,-0.2505676,0.005160243,0.9918892,-0.1270004,0.2519704,-0.124194,-0.959733,moving,-23.74534,1.001462,-17.3117,5.459637,-9.334215361122382,3.7128145284581215,7.82732700097709,8.166495570966289,172.27225103605224
3428,05/05/2023 11:22:40.116673,3610,True,True,True,True,Eyes,0.1861133,0.03511953,-3.10382,0.4089344,-0.01556261,-0.9124311,0.0,0.0,0.0,0.0,0.0,0.0,0.0,-0.611616,-0.4338622,-3.095468,0.2344322,0.02720636,-3.176245,-0.004052498,0.9889517,-0.06387959,0.1337066,7.196002,164.5094,358.5504,0.04855759,0.01126545,-0.9987562,0.1226406,0.01002294,-0.2155448,1.367711,-0.01569645,-4.94308,-0.6253041,0.1928742,1.994909,-0.9642121,-0.02509769,-0.2639409,0.009066794,0.991806,-0.1274314,0.2649764,-0.125264,-0.9560839,moving,-24.14102,0.9771534,-17.40359,5.522375,-9.35707392035759,3.7217115579220055,8.12723830080099,8.245532720908944,171.97393001525214
3429,05/05/2023 11:22:40.127502,3611,True,True,True,True,Eyes,0.1888348,0.03464451,-3.107649,0.4154803,-0.01517402,-0.9094756,0.0,0.0,0.0,0.0,0.0,0.0,0.0,-0.6527175,-0.4320108,-3.096741,0.2398666,0.02546156,-3.18501,-0.002623734,0.9880101,-0.06377068,0.140579,7.196607,163.7201,358.665,0.04968667,0.01126836,-0.9987006,0.1152822,0.009421566,-0.2026121,1.400623,-0.01666648,-4.934968,-0.6283587,0.1948159,1.994666,-0.9604614,-0.02311419,-0.2774524,0.01274509,0.9918528,-0.1267499,0.2781216,-0.1252745,-0.9523419,moving,-24.55258,0.9558547,-17.48544,5.578296,-9.381058730903394,3.731168391532768,8.44460960326442,8.312212470626926,171.65739411325433
3430,05/05/2023 11:22:40.146799,3612,True,True,True,True,Eyes,0.1916965,0.03415191,-3.111673,0.4223141,-0.01464943,-0.9063312,0.0,0.0,0.0,0.0,0.0,0.0,0.0,-0.6935927,-0.4304399,-3.097614,0.2454201,0.02371201,-3.193864,-0.001203905,0.9870213,-0.06372262,0.1474013,7.20595,162.9355,358.7777,0.05078303,0.01125428,-0.9986456,0.1083652,0.008856271,-0.1904554,1.433225,-0.01796377,-4.926625,-0.6313776,0.1967344,1.994426,-0.9565428,-0.02116215,-0.290823,0.01640904,0.991876,-0.1261461,0.2911299,-0.1254362,-0.9484245,moving,-24.98364,0.9260164,-17.56628,5.633554,-9.405785326680558,3.740690233771783,8.785108970582765,8.37714787685968,171.31811978169117
3431,05/05/2023 11:22:40.156920,3613,True,True,True,True,Eyes,0.1946669,0.0336456,-3.115913,0.4293638,-0.01401936,-0.9030229,0.0,0.0,0.0,0.0,0.0,0.0,0.0,-0.7358536,-0.4311908,-3.097611,0.250666,0.02276081,-3.203005,4.861324e-05,0.9859434,-0.06391635,0.1543707,7.241444,162.131,358.8657,0.05185266,0.01122433,-0.9985909,0.1018633,0.008324895,-0.179028,1.465878,-0.01905564,-4.917744,-0.6344935,0.198715,1.994179,-0.9523394,-0.01963776,-0.3044077,0.01982948,0.9918294,-0.1260208,0.3043953,-0.1260508,-0.9441689,moving,-25.42987,0.889441,-17.64966,5.690599,-9.43108408147173,3.7502578815307297,9.142362155650147,8.44451974860829,170.96261727413972
3432,05/05/2023 11:22:40.176799,3614,True,True,True,True,Eyes,0.2715634,0.01984142,-3.22687,0.6047623,0.01218819,-0.7963128,0.0,0.0,0.0,0.0,0.0,0.0,0.0,-0.7784302,-0.4189737,-3.099221,0.2561721,0.02190472,-3.212563,0.0007377037,0.9849386,-0.06202268,0.1613957,7.031511,161.3222,358.928,0.0529021,0.01117961,-0.9985364,0.09575151,0.007825402,-0.1682864,1.49879,-0.0110732,-4.908919,-0.6377906,0.2008112,1.993918,-0.9479018,-0.0185672,-0.3180211,0.02147357,0.9923052,-0.121939,0.3178381,-0.1224152,-0.9402093,moving,-37.21497,-0.8768886,-17.73781,5.750971,-10.05729090374819,3.962229923281165,20.573971044572612,7.886061642380814,159.59199108605074
3433,05/05/2023 11:22:40.196750,3615,True,True,True,True,Eyes,0.2717798,0.0197885,-3.22724,0.605285,0.01222493,-0.795915,0.0,0.0,0.0,0.0,0.0,0.0,0.0,-0.8237019,-0.4019769,-3.099942,0.2616151,0.02016094,-3.221934,0.001719152,0.9838489,-0.05957336,0.1687888,6.765306,160.4732,359.0348,0.05652701,0.01060442,-0.9983441,0.320696,-0.03405666,-0.4910585,1.53249,-0.002636584,-4.898523,-0.6408919,0.2027822,1.993672,-0.9430149,-0.01672786,-0.3323302,0.0234934,0.9928961,-0.116642,0.3319204,-0.1178027,-0.9359229,moving,-37.25261,-0.8799709,-17.82068,5.807747,-10.0594250327463,3.963037111373744,20.55055897621474,7.977470353433832,159.61918303816498
3434,05/05/2023 11:22:40.206506,3616,True,True,True,True,Eyes,0.2722238,0.01968625,-3.227969,0.6063647,0.01255353,-0.7950876,0.0,0.0,0.0,0.0,0.0,0.0,0.0,-0.8732677,-0.3945842,-3.097573,0.2669448,0.01883982,-3.231351,0.003001828,0.9824936,-0.05861762,0.176809,6.675403,159.5467,359.1445,0.05955759,0.0101166,-0.9981729,0.3014543,-0.03201326,-0.461595,1.568087,8.11778e-05,-4.885805,-0.6441051,0.2048243,1.993417,-0.9374593,-0.01482969,-0.3477792,0.02662679,0.9931099,-0.1141214,0.3470754,-0.1162444,-0.9306054,moving,-37.33055,-0.9045599,-17.90648,5.866571,-10.062889996726192,3.9637823901684976,20.570432883870843,8.07109091964409,159.60490322791034
3435,05/05/2023 11:22:40.226679,3617,True,True,True,True,Eyes,0.2728624,0.01954933,-3.229047,0.6079368,0.01300781,-0.7938789,0.0,0.0,0.0,0.0,0.0,0.0,0.0,-0.9239658,-0.3801404,-3.095241,0.2723241,0.01746249,-3.241029,0.003869099,0.9811041,-0.05655474,0.18499,6.453895,158.6008,359.2312,0.06210449,0.009699851,-0.9980218,0.283367,-0.03009246,-0.4338993,1.603795,0.007558515,-4.872449,-0.6472688,0.206835,1.993166,-0.9315276,-0.01333214,-0.3634265,0.0285161,0.9935732,-0.1095407,0.3625512,-0.1124037,-0.9251607,moving,-37.44418,-0.938715,-17.9909,5.924497,-10.0680303773744,3.96495509543345,20.62847017389666,8.161597119000412,159.5532047748459
3436,05/05/2023 11:22:40.246467,3618,True,True,True,True,Eyes,0.2737077,0.01940275,-3.230455,0.6100376,0.01366588,-0.7922547,0.0,0.0,0.0,0.0,0.0,0.0,0.0,-0.9755291,-0.3652929,-3.091792,0.2775594,0.01647234,-3.250686,0.004629142,0.9796267,-0.05438647,0.193267,6.21999,157.6419,359.3111,0.06431551,0.009333349,-0.9978853,0.266365,-0.02828691,-0.4078653,1.639347,0.01596392,-4.85817,-0.6504942,0.2088854,1.99291,-0.9252529,-0.01195256,-0.3791625,0.03009188,0.9940413,-0.1047676,0.3781555,-0.1083462,-0.9193799,moving,-37.59634,-0.9882171,-18.0769,5.983567,-10.074716438861971,3.966333895405372,20.72713949030625,8.252525137460665,159.46226728691343
3437,05/05/2023 11:22:40.256628,3619,True,True,True,True,Eyes,0.2747344,0.01929426,-3.232194,0.6125881,0.01437337,-0.7902716,0.0,0.0,0.0,0.0,0.0,0.0,0.0,-1.028027,-0.3490403,-3.087332,0.2828523,0.01600708,-3.260371,0.005447807,0.9780599,-0.0519536,0.2016682,5.959458,156.6678,359.4067,0.06632736,0.008998677,-0.9977567,0.2503831,-0.0265897,-0.3833934,1.672155,0.0236144,-4.844162,-0.6506119,0.2089601,1.992901,-0.9186007,-0.01029821,-0.3950533,0.03161134,0.9945422,-0.09943017,0.3939211,-0.1038248,-0.9132618,moving,-37.78146,-1.041974,-18.08003,5.985718,-10.083189752433857,3.968340382925944,20.917332499431282,8.247379365287204,159.2762700058157
3438,05/05/2023 11:22:40.276565,3620,True,True,True,True,Eyes,0.2759174,0.01937572,-3.234244,0.6156447,0.01482905,-0.7878844,0.0,0.0,0.0,0.0,0.0,0.0,0.0,-1.080044,-0.3401938,-3.081511,0.2881696,0.01680733,-3.270262,0.006424918,0.9763836,-0.05051142,0.2099584,5.816049,155.7029,359.501,0.06816468,0.008693771,-0.9976355,0.2353601,-0.02499432,-0.3603898,1.704215,0.02837038,-4.830163,-0.6506114,0.2089601,1.992901,-0.9117525,-0.008664223,-0.4106489,0.03375696,0.9948147,-0.0959391,0.4093508,-0.101335,-0.9067323,static,-38.0037,-1.078257,-18.08002,5.985718,-10.094842723746403,3.972186403889405,21.138892296973015,8.23512996993566,159.05724226495917
3439,05/05/2023 11:22:40.296708,3621,True,True,True,True,Eyes,0.2772743,0.01957803,-3.236646,0.6189688,0.01584233,-0.7852558,0.0,0.0,0.0,0.0,0.0,0.0,0.0,-1.130793,-0.3577824,-3.071961,0.2933107,0.0214219,-3.27981,0.006659567,0.9744939,-0.05248275,0.2180895,6.038287,154.7403,359.4289,0.06984938,0.008421379,-0.9975214,0.2212385,-0.02349466,-0.3387664,1.735167,0.02602223,-4.815923,-0.6506115,0.2089601,1.992901,-0.9047855,-0.009912457,-0.4257528,0.03587129,0.9944024,-0.09938347,0.4243547,-0.105193,-0.8993653,static,-38.24654,-1.155771,-18.08002,5.985717,-10.105591382970085,3.9744626429527408,21.393676162935254,8.22415076812477,158.8085250258862
3440,05/05/2023 11:22:40.306648,3622,True,True,True,True,Eyes,0.2787632,0.01980881,-3.23932,0.6224636,0.01689476,-0.7824664,0.0,0.0,0.0,0.0,0.0,0.0,0.0,-1.171003,-0.3254541,-3.072815,0.2987977,0.02437476,-3.290819,0.003003393,0.9733281,-0.04646222,0.2246432,5.266901,153.9678,359.1353,0.07140047,0.008182008,-0.9974136,0.2079642,-0.02208498,-0.3184404,1.760261,0.05926742,-4.807894,-0.6506112,0.20896,1.9929,-0.8990527,-0.01502827,-0.4375823,0.02672142,0.9956645,-0.08909658,0.4370241,-0.09179536,-0.8947533,static,-38.50277,-1.236919,-18.08003,5.985719,-10.116966256671695,3.976896950813896,21.662290017139092,8.21253616160112,158.54636812286182
3441,05/05/2023 11:22:40.326399,3623,True,True,True,True,Eyes,0.2804008,0.02007494,-3.242265,0.6260892,0.01783209,-0.7795476,0.0,0.0,0.0,0.0,0.0,0.0,0.0,-1.202032,-0.3139358,-3.07236,0.3037041,0.02519245,-3.299994,0.001578301,0.9722634,-0.04427757,0.2296541,4.980912,153.3768,359.0068,0.07283476,0.007973147,-0.9973115,0.1954863,-0.02075988,-0.299334,1.780264,0.07153556,-4.802072,-0.6506118,0.2089601,1.992901,-0.8945132,-0.017268,-0.4467083,0.0234061,0.996074,-0.08537401,0.4464288,-0.08682386,-0.8905972,static,-38.76949,-1.310408,-18.08003,5.985717,-10.129382281760918,3.9799895147997977,21.938258707272663,8.199740354695864,158.27629779376375
3442,05/05/2023 11:22:40.346871,3624,True,True,True,True,Eyes,0.2822007,0.02038274,-3.245451,0.6298653,0.01861217,-0.7764813,0.0,0.0,0.0,0.0,0.0,0.0,0.0,-1.229591,-0.3192639,-3.071698,0.3088771,0.02632797,-3.309539,0.002448861,0.9711911,-0.04493666,0.2340142,5.073311,152.8635,359.0638,0.07416745,0.007792801,-0.9972147,0.1837572,-0.01951429,-0.2813739,1.799036,0.06879751,-4.798242,-0.6506117,0.2089601,1.992901,-0.890463,-0.01627501,-0.4547652,0.02578826,0.9959494,-0.08613804,0.4543251,-0.08843032,-0.8864363,static,-39.04824,-1.373111,-18.08003,5.985717,-10.14309725233212,3.983938840877041,22.222020163290374,8.185475993449893,157.99755014742357
3443,05/05/2023 11:22:40.357034,3625,True,True,True,True,Eyes,0.284154,0.02079983,-3.248852,0.6338062,0.01924776,-0.7732523,0.0,0.0,0.0,0.0,0.0,0.0,0.0,-1.257935,-0.3013518,-3.072446,0.3144905,0.02762125,-3.318654,0.003287845,0.9702175,-0.04203973,0.2385369,4.769301,152.3418,359.2137,0.07541287,0.00763934,-0.9971226,0.1727317,-0.01834343,-0.2644915,1.818466,0.07903851,-4.793112,-0.6506114,0.20896,1.992901,-0.8861788,-0.01367621,-0.4631419,0.02643591,0.9964437,-0.08000682,0.462589,-0.08314391,-0.8826657,static,-39.3402,-1.42591,-18.08003,5.985718,-10.15813691532738,3.988730283454376,22.51504070703147,8.169721536565245,157.708702436341
3444,05/05/2023 11:22:40.376704,3626,True,True,True,True,Eyes,0.2862646,0.02132443,-3.252473,0.6380835,0.0199208,-0.7697094,0.0,0.0,0.0,0.0,0.0,0.0,0.0,-1.289858,-0.3130277,-3.068023,0.3200907,0.03068654,-3.327325,0.004022151,0.9688751,-0.0433837,0.2436859,4.935087,151.7312,359.2322,0.07658481,0.007513237,-0.9970343,0.1623678,-0.01724282,-0.248622,1.839814,0.0760956,-4.785744,-0.6506111,0.20896,1.9929,-0.881202,-0.01335007,-0.4725514,0.02893792,0.9962033,-0.08210648,0.4718534,-0.08602704,-0.87747,static,-39.65849,-1.482538,-18.08002,5.985718,-10.17458178195493,3.9940012756242735,22.83429909636895,8.152477471878449,157.39401870621333
3445,05/05/2023 11:22:40.396748,3627,True,True,True,True,Eyes,0.2885301,0.02185892,-3.256283,0.6425192,0.02086889,-0.7659854,0.0,0.0,0.0,0.0,0.0,0.0,0.0,-1.323627,-0.3038726,-3.064919,0.326161,0.03374404,-3.336246,0.002420687,0.9675606,-0.04120818,0.2492442,4.643145,151.0723,359.0884,0.07769337,0.007415121,-0.9969493,0.1526258,-0.01620826,-0.2337047,1.862014,0.0909847,-4.77725,-0.6506115,0.2089601,1.992901,-0.8757433,-0.01585747,-0.4825172,0.02522612,0.996592,-0.07853613,0.4821182,-0.0809495,-0.8723587,static,-39.99039,-1.560609,-18.08002,5.985717,-10.190733003828177,3.9985300539965634,23.17350533767336,8.135709020505361,157.0614170571069
3446,05/05/2023 11:22:40.406466,3628,True,True,True,True,Eyes,0.2909036,0.02234056,-3.260266,0.6476398,0.02162656,-0.7616397,0.0,0.0,0.0,0.0,0.0,0.0,0.0,-1.358392,-0.2836876,-3.061511,0.3321105,0.03444553,-3.344708,0.001039999,0.9662241,-0.03775878,0.25492,4.214875,150.4043,359.0094,0.07875017,0.00734231,-0.996867,0.1434682,-0.01523576,-0.2196824,1.88419,0.1075542,-4.767494,-0.6506114,0.2089601,1.992901,-0.8700296,-0.01724119,-0.4926983,0.02126068,0.9971464,-0.07243665,0.4925412,-0.07349711,-0.8671802,static,-40.37528,-1.626461,-18.08002,5.985717,-10.210756409707049,4.005037495970351,23.55894463619463,8.114702751869194,156.68149200415894
3447,05/05/2023 11:22:40.426819,3629,True,True,True,True,Eyes,0.2934345,0.02278203,-3.26439,0.6529874,0.02214572,-0.7570449,0.0,0.0,0.0,0.0,0.0,0.0,0.0,-1.397707,-0.2896431,-3.052321,0.3379807,0.03371099,-3.352427,0.002157095,0.9644806,-0.03889731,0.2612655,4.367792,149.6507,359.0711,0.07976232,0.007290642,-0.9967869,0.1348601,-0.01432161,-0.2065015,1.908911,0.1007769,-4.754673,-0.6506119,0.2089601,1.992901,-0.8634717,-0.0161641,-0.5041388,0.02448601,0.9969647,-0.07390425,0.5038032,-0.07615856,-0.8604549,static,-40.77934,-1.675587,-18.08003,5.985717,-10.232825512763323,4.012886717981155,23.957342370482497,8.091395280553163,156.28712222152114
3448,05/05/2023 11:22:40.446454,3630,True,True,True,True,Eyes,0.2961043,0.02325128,-3.268645,0.6590263,0.02243923,-0.7517852,0.0,0.0,0.0,0.0,0.0,0.0,0.0,-1.442489,-0.300763,-3.039513,0.3442374,0.03324102,-3.360098,0.004088077,0.9624056,-0.04093287,0.2684835,4.645083,148.7919,359.1888,0.08073882,0.007256694,-0.9967085,0.1267685,-0.01346232,-0.1941114,1.936492,0.08928306,-4.738575,-0.6506112,0.2089601,1.992901,-0.8558,-0.01411083,-0.5171148,0.02984838,0.9966156,-0.07659287,0.5164454,-0.0809832,-0.8524824,static,-41.2383,-1.709653,-18.08001,5.985717,-10.259032172376497,4.022908037065372,24.403383272837395,8.063517421395888,155.84369331974045
3449,05/05/2023 11:22:40.456674,3631,True,True,True,True,Eyes,0.2989424,0.02376776,-3.273032,0.6653648,0.02293086,-0.7461662,0.0,0.0,0.0,0.0,0.0,0.0,0.0,-1.496142,-0.3063705,-3.021801,0.3506868,0.03443481,-3.367404,0.005461894,0.9598941,-0.04183397,0.2771704,4.780582,147.7572,359.2695,0.08168737,0.007239472,-0.9966313,0.1191624,-0.01265458,-0.1824647,1.96786,0.08482821,-4.716783,-0.6506114,0.20896,1.9929,-0.8462936,-0.0127046,-0.5325656,0.03367596,0.9964402,-0.07728461,0.5316516,-0.08334011,-0.842853,static,-41.72375,-1.760235,-18.08003,5.985719,-10.28598893436003,4.03276763491309,24.880219026538253,8.034991920797248,155.3710980340093
3450,05/05/2023 11:22:40.476859,3632,True,True,True,True,Eyes,0.301921,0.02430035,-3.27755,0.6722642,0.02369502,-0.7399321,0.0,0.0,0.0,0.0,0.0,0.0,0.0,-1.554617,-0.2906837,-3.003206,0.3575028,0.03604056,-3.375125,0.005047993,0.9572074,-0.03916217,0.2866967,4.465977,146.624,359.2649,0.08261389,0.007238694,-0.996555,0.1120127,-0.0118953,-0.1715168,2.000867,0.09748983,-4.692013,-0.6506113,0.2089601,1.992901,-0.8355591,-0.01279137,-0.5492516,0.03211927,0.9968817,-0.07207814,0.5484609,-0.07786711,-0.8325428,static,-42.25667,-1.834169,-18.08002,5.985718,-10.314617125666455,4.042655083281448,25.409861036913778,8.004809510477717,154.84803818248997
3451,05/05/2023 11:22:40.497018,3633,True,True,True,True,Eyes,0.3050549,0.02480645,-3.282164,0.6794012,0.02460067,-0.7333544,0.0,0.0,0.0,0.0,0.0,0.0,0.0,-1.613299,-0.2677929,-2.983575,0.3643584,0.03691136,-3.382609,0.004143969,0.95443,-0.03542716,0.2962957,4.01865,145.4805,359.2485,0.0835254,0.007253122,-0.9964789,0.1052919,-0.01118159,-0.1612258,2.033325,0.1141872,-4.666038,-0.6506116,0.20896,1.992901,-0.8243835,-0.01308358,-0.5658806,0.02890409,0.9974555,-0.06516981,0.5652934,-0.07008117,-0.8219077,static,-42.81293,-1.921289,-18.08003,5.985717,-10.343977809420906,4.052469529336572,25.966075681435502,7.973954431659999,154.2998645498048
3452,05/05/2023 11:22:40.506645,3634,True,True,True,True,Eyes,0.3083335,0.0252736,-3.286846,0.6868713,0.02531528,-0.726338,0.0,0.0,0.0,0.0,0.0,0.0,0.0,-1.670761,-0.2501834,-2.962293,0.3711552,0.03674934,-3.389705,0.004290066,0.9515536,-0.03285097,0.305693,3.734995,144.3578,359.3156,0.08442675,0.007280349,-0.9964027,0.09897439,-0.01051069,-0.1515523,2.06489,0.1231849,-4.639668,-0.6506113,0.20896,1.992901,-0.8130668,-0.01192017,-0.5820484,0.02824908,0.9978048,-0.05989603,0.5814847,-0.0651418,-0.8109453,static,-43.40032,-1.996139,-18.08002,5.985717,-10.375880112666872,4.063705387283116,26.54858974210751,7.940270778948025,153.72437382916715
3453,05/05/2023 11:22:40.526813,3635,True,True,True,True,Eyes,0.3938198,0.03675662,-3.404907,0.8546649,0.03429956,-0.5180458,0.0,0.0,0.0,0.0,0.0,0.0,0.0,-1.726539,-0.2465601,-2.938774,0.3779181,0.03632957,-3.39617,0.005714701,0.9485596,-0.03269535,0.3148546,3.762771,143.2566,359.4403,0.08532371,0.007317879,-0.996326,0.09303593,-0.00988005,-0.1424591,2.095708,0.1203856,-4.613029,-0.6506118,0.2089601,1.992901,-0.8016683,-0.009747088,-0.5976902,0.03143002,0.9977967,-0.05842837,0.5969428,-0.06562556,-0.7995956,static,-58.77831,-3.787997,-18.08003,5.985716,-11.219878788375029,4.366394624998678,41.85541136776425,7.04867905085029,138.6397560129772
3454,05/05/2023 11:22:40.546853,3636,True,True,True,True,Eyes,0.3940835,0.036776,-3.405131,0.8551244,0.03391825,-0.5173122,0.0,0.0,0.0,0.0,0.0,0.0,0.0,-1.782466,-0.2642194,-2.911397,0.3846589,0.03666715,-3.402046,0.007948164,0.9453093,-0.03583105,0.324104,4.180277,142.1338,359.529,0.08885546,0.007698113,-0.9960143,0.3439128,0.02516182,-0.4880941,2.126525,0.1051263,-4.585189,-0.6506115,0.20896,1.992901,-0.789787,-0.008199023,-0.6133266,0.03825292,0.9973059,-0.06259077,0.6121874,-0.07289491,-0.7873456,static,-58.82793,-3.751302,-18.08003,5.985717,-11.224828096490596,4.369532038264712,41.89511777542058,7.043141839294327,138.5951784714937
3455,05/05/2023 11:22:40.556612,3637,True,True,True,True,Eyes,0.3946144,0.0368101,-3.405547,0.8559878,0.03323281,-0.5159267,0.0,0.0,0.0,0.0,0.0,0.0,0.0,-1.838065,-0.2865292,-2.881942,0.3916028,0.03726472,-3.407555,0.00970961,0.9419013,-0.03956232,0.3334103,4.646173,140.9957,359.5349,0.09180143,0.008024292,-0.9957445,0.323278,0.02365211,-0.4588084,2.156947,0.08936542,-4.556231,-0.6506109,0.20896,1.9929,-0.7774865,-0.008089982,-0.6288474,0.04467196,0.9966812,-0.06805303,0.6273109,-0.08100216,-0.7745447,static,-58.92151,-3.685548,-18.08002,5.985719,-11.233981347407267,4.375273477466772,41.97095079701422,7.032906939085789,138.51069784238612
3456,05/05/2023 11:22:40.576799,3638,True,True,True,True,Eyes,0.3953836,0.0368471,-3.406147,0.8572136,0.03228799,-0.5139478,0.0,0.0,0.0,0.0,0.0,0.0,0.0,-1.893775,-0.3126718,-2.850049,0.3984883,0.03771798,-3.412727,0.01115447,0.9383135,-0.04385786,0.3428117,5.160881,139.8369,359.4743,0.09427278,0.008305328,-0.9955113,0.3038813,0.02223299,-0.4312799,2.186818,0.07250032,-4.525957,-0.6506113,0.2089601,1.992901,-0.7647116,-0.009137206,-0.6443082,0.05100275,0.9959041,-0.07465708,0.6423513,-0.08995261,-0.7611134,static,-59.05494,-3.594796,-18.08002,5.985717,-11.246875057151032,4.383307106429477,42.08004632066805,7.018517455773344,138.38978813525355
3457,05/05/2023 11:22:40.596828,3639,True,True,True,True,Eyes,0.3964069,0.03690888,-3.406905,0.8587781,0.03118614,-0.5113977,0.0,0.0,0.0,0.0,0.0,0.0,0.0,-1.947741,-0.3325237,-2.817994,0.4054171,0.03791553,-3.417536,0.01241404,0.9347224,-0.04723309,0.352007,5.568706,138.7001,359.4217,0.09637731,0.008549472,-0.9953077,0.2856484,0.02089901,-0.4054031,2.215499,0.05902477,-4.49539,-0.6506112,0.2089601,1.992901,-0.751874,-0.01004539,-0.6592305,0.05646012,0.9952298,-0.07955999,0.656885,-0.0970393,-0.7477202,static,-59.22644,-3.489699,-18.08002,5.985718,-11.262842395588873,4.393045436417224,42.22335143188291,7.000751130048402,138.2330120324579
3458,05/05/2023 11:22:40.616828,3640,True,True,True,True,Eyes,0.3976818,0.03700039,-3.407809,0.8606413,0.03010322,-0.5083212,0.0,0.0,0.0,0.0,0.0,0.0,0.0,-1.998948,-0.3469784,-2.786942,0.4124845,0.03861272,-3.422221,0.01362351,0.9312143,-0.04972776,0.3608068,5.88,137.6104,359.3945,0.09829776,0.00877068,-0.9951179,0.2685095,0.01964507,-0.381079,2.242742,0.04913727,-4.465609,-0.6506113,0.2089601,1.992901,-0.7392659,-0.0105114,-0.6733318,0.06125704,0.9946831,-0.08278348,0.6706219,-0.1024453,-0.7346914,static,-59.4326,-3.389147,-18.08002,5.985718,-11.280685460909748,4.403440229805067,42.40193352224195,6.981013759943374,138.04177737998182
3459,05/05/2023 11:22:40.626487,3641,True,True,True,True,Eyes,0.3994183,0.03711153,-3.408633,0.8607395,0.0300821,-0.5081562,0.0,0.0,0.0,0.0,0.0,0.0,0.0,-2.047461,-0.3468458,-2.758318,0.4197494,0.03942375,-3.426801,0.01426666,0.9278861,-0.04987368,0.3692377,5.917121,136.5706,359.4035,0.1000595,0.00897208,-0.9949405,0.2523989,0.01846636,-0.3582142,2.268662,0.04854853,-4.436778,-0.6506117,0.2089601,1.992901,-0.7269202,-0.01035482,-0.6866441,0.06330615,0.9946182,-0.08201862,0.683798,-0.1030898,-0.7223525,static,-59.4436,-3.387872,-18.08003,5.985718,-11.281423164888782,4.403786802865804,42.41236980684999,6.980226444098172,138.0311899792472
3460,05/05/2023 11:22:40.646795,3642,True,True,True,True,Eyes,0.4012253,0.03721526,-3.409733,0.8611821,0.02993692,-0.5074142,0.0,0.0,0.0,0.0,0.0,0.0,0.0,-2.094674,-0.3363349,-2.73032,0.4270435,0.03962779,-3.43096,0.01484594,0.9246082,-0.04854435,0.377522,5.79551,135.5523,359.4702,0.1016922,0.009156259,-0.9947733,0.237255,0.01735838,-0.3367214,2.293721,0.05225653,-4.407673,-0.6506118,0.2089601,1.992901,-0.7145138,-0.009199768,-0.6995613,0.06410649,0.9948461,-0.07855967,0.6966785,-0.1009784,-0.7102414,static,-59.49313,-3.376479,-18.08003,5.985716,-11.285041037805268,4.405634836691006,42.45816231100947,6.976283500474458,137.9840263770462
3461,05/05/2023 11:22:40.656731,3643,True,True,True,True,Eyes,0.4032637,0.0373049,-3.410923,0.8619801,0.02969529,-0.5060717,0.0,0.0,0.0,0.0,0.0,0.0,0.0,-2.141601,-0.3308291,-2.700497,0.4344662,0.03948095,-3.434861,0.01625272,0.9211773,-0.04826595,0.3857959,5.823451,134.53,359.5797,0.1032096,0.009324603,-0.9946155,0.2230197,0.01631688,-0.3165181,2.318474,0.04989883,-4.377739,-0.6506112,0.20896,1.9929,-0.7017946,-0.007298337,-0.7123417,0.06718488,0.9948125,-0.07638254,0.7092039,-0.1014635,-0.6976637,static,-59.58265,-3.358152,-18.08002,5.985719,-11.29146126790948,4.408859757375148,42.54146473949317,6.969290834087346,137.8985282902241
3462,05/05/2023 11:22:40.677118,3644,True,True,True,True,Eyes,0.4055402,0.03739921,-3.412173,0.8630878,0.02943215,-0.5041957,0.0,0.0,0.0,0.0,0.0,0.0,0.0,-2.188421,-0.3309862,-2.668534,0.442032,0.03940151,-3.438439,0.01781315,0.9175732,-0.04890459,0.3941455,5.9574,133.4904,359.6624,0.1046295,0.009478259,-0.9944657,0.2096385,0.01533786,-0.297527,2.342993,0.04420168,-4.346699,-0.6506115,0.2089601,1.992901,-0.6886644,-0.005861308,-0.7250569,0.07124078,0.994582,-0.07570513,0.7215723,-0.103789,-0.6845157,static,-59.70753,-3.340819,-18.08002,5.985718,-11.299986007187035,4.412939702826894,42.659511028755,6.960064117216024,137.77847535415373
3463,05/05/2023 11:22:40.696659,3645,True,True,True,True,Eyes,0.4080384,0.03747275,-3.413496,0.8644966,0.02922383,-0.5017884,0.0,0.0,0.0,0.0,0.0,0.0,0.0,-2.23436,-0.3323744,-2.63566,0.4495862,0.03961134,-3.441778,0.01877233,0.913906,-0.0495377,0.4024544,6.064939,132.4488,359.6796,0.1059682,0.00961878,-0.9943226,0.1970602,0.01441759,-0.2796754,2.366775,0.04045549,-4.315276,-0.6506113,0.2089601,1.992901,-0.6753563,-0.005561046,-0.7374709,0.07418562,0.9943872,-0.07543559,0.7337511,-0.1056556,-0.6711532,static,-59.86741,-3.333104,-18.08002,5.985717,-11.31014136035794,4.41742676341436,42.813857427731755,6.949157579279065,137.6234060238128
3464,05/05/2023 11:22:40.706765,3646,True,True,True,True,Eyes,0.4107352,0.03751285,-3.41489,0.8661532,0.02909454,-0.498931,0.0,0.0,0.0,0.0,0.0,0.0,0.0,-2.277701,-0.3290539,-2.60438,0.4574012,0.0391726,-3.445032,0.01855536,0.9103575,-0.04920676,0.4104677,6.01704,131.4401,359.6191,0.1072403,0.009746891,-0.994185,0.1852366,0.01355254,-0.2628948,2.389574,0.04237414,-4.284858,-0.6506113,0.20896,1.9929,-0.6623439,-0.006611536,-0.7491708,0.07417959,0.9944688,-0.07435872,0.7455185,-0.1048242,-0.6581899,static,-60.05673,-3.337352,-18.08003,5.985719,-11.321465334857288,4.422059258031911,42.9995697159988,6.937090753447539,137.43854883231867
3465,05/05/2023 11:22:40.726665,3647,True,True,True,True,Eyes,0.4136455,0.03752532,-3.416328,0.8680426,0.02898795,-0.4956428,0.0,0.0,0.0,0.0,0.0,0.0,0.0,-2.318244,-0.329552,-2.573462,0.4652229,0.03838047,-3.44785,0.01782122,0.9068714,-0.04933779,0.4181297,5.991979,130.4672,359.4852,0.1084575,0.009862805,-0.9940518,0.1741224,0.01273939,-0.2471212,2.411171,0.04396707,-4.25523,-0.6506113,0.20896,1.9929,-0.6496997,-0.008936085,-0.7601381,0.07358229,0.9944963,-0.0745829,0.7566211,-0.1043892,-0.6454665,static,-60.27411,-3.347163,-18.08003,5.985719,-11.334209155439185,4.427127402485546,43.21392221810378,6.923532814593562,137.225815964952
3466,05/05/2023 11:22:40.746944,3648,True,True,True,True,Eyes,0.4167796,0.0375118,-3.417787,0.8703957,0.02903603,-0.491496,0.0,0.0,0.0,0.0,0.0,0.0,0.0,-2.355355,-0.3362539,-2.543774,0.4732486,0.03771102,-3.45053,0.01667037,0.903501,-0.05023255,0.4253057,6.024303,129.5462,359.2738,0.1096318,0.009966965,-0.9939219,0.1636751,0.01197502,-0.2322939,2.431612,0.04454578,-4.227304,-0.6506119,0.2089601,1.992901,-0.6376747,-0.01260497,-0.770203,0.07285178,0.9943976,-0.07659029,0.7668534,-0.1049503,-0.6331838,static,-60.5474,-3.380924,-18.08003,5.985717,-11.349107821239157,4.432409130906367,43.488061331126055,6.907827351108511,136.95646518707815
3467,05/05/2023 11:22:40.757041,3649,True,True,True,True,Eyes,0.4201258,0.03746639,-3.419275,0.8728739,0.0292078,-0.487071,0.0,0.0,0.0,0.0,0.0,0.0,0.0,-2.388669,-0.3415958,-2.516649,0.4815571,0.03702921,-3.452923,0.01480624,0.9003483,-0.05066581,0.4319567,5.971,128.6884,359.0143,0.1107733,0.01005974,-0.9937944,0.1538546,0.01125652,-0.2183563,2.450943,0.04864477,-4.20125,-0.6506108,0.20896,1.9929,-0.6263882,-0.01710933,-0.7793235,0.07043242,0.9944275,-0.07844242,0.7763227,-0.1040251,-0.6216927,static,-60.83812,-3.4317,-18.08001,5.985718,-11.364177871774768,4.437271723388935,43.78291598967369,6.892030691026625,136.66866251060853
3468,05/05/2023 11:22:40.779824,3650,True,True,True,True,Eyes,0.4236556,0.03738898,-3.420814,0.8756382,0.02967604,-0.482055,0.0,0.0,0.0,0.0,0.0,0.0,0.0,-2.416676,-0.3464475,-2.49392,0.4899956,0.03617071,-3.455225,0.01247825,0.8975753,-0.05085409,0.4377406,5.866747,127.9384,358.7258,0.1118911,0.01014132,-0.9936684,0.1446233,0.01058113,-0.2052549,2.468565,0.05467257,-4.178781,-0.6506118,0.2089601,1.992901,-0.6164553,-0.02212146,-0.7870795,0.06692214,0.9945163,-0.08036629,0.7845411,-0.1022152,-0.6115944,static,-61.16641,-3.522769,-18.08003,5.985717,-11.379427762926394,4.441046859165693,44.12309426498323,6.876341773316747,136.34090539213608
3469,05/05/2023 11:22:40.796710,3651,True,True,True,True,Eyes,0.4273991,0.03726666,-3.422367,0.8784071,0.03033707,-0.4769492,0.0,0.0,0.0,0.0,0.0,0.0,0.0,-2.438706,-0.3518613,-2.476174,0.4985689,0.03529647,-3.457269,0.00993701,0.8952457,-0.05101294,0.4425315,5.746836,127.3133,358.4244,0.1129925,0.01021187,-0.993543,0.1359459,0.009946262,-0.1929396,2.484432,0.06137147,-4.16032,-0.6506116,0.2089601,1.992901,-0.6081344,-0.02735754,-0.7933627,0.0629418,0.9945979,-0.08254337,0.791335,-0.1001331,-0.6031272,static,-61.49934,-3.639481,-18.08003,5.985718,-11.3936168306262,4.443636407114414,44.473373344797004,6.861933889997188,136.00660772972617
3470,05/05/2023 11:22:40.806429,3652,True,True,True,True,Eyes,0.4313569,0.03710278,-3.42391,0.8812801,0.03110065,-0.4715698,0.0,0.0,0.0,0.0,0.0,0.0,0.0,-2.454554,-0.3528421,-2.464899,0.5074364,0.03403505,-3.45925,0.006933985,0.8934568,-0.05036025,0.4462629,5.519136,126.8273,358.1256,0.1140848,0.01027117,-0.9934176,0.1277891,0.009349486,-0.1813632,2.498641,0.07142374,-4.146504,-0.6506116,0.20896,1.9929,-0.6016026,-0.03255739,-0.7981316,0.05733826,0.9948316,-0.08380066,0.7967348,-0.09617818,-0.5966265,static,-61.84893,-3.773267,-18.08003,5.985718,-11.407927229028155,4.445784097782408,44.843666168593145,6.847506977697012,135.65491304016555
3471,05/05/2023 11:22:40.826775,3653,True,True,True,True,Eyes,0.4355236,0.03691034,-3.425442,0.8840746,0.03196565,-0.4662513,0.0,0.0,0.0,0.0,0.0,0.0,0.0,-2.46444,-0.3604097,-2.457981,0.5163857,0.03282703,-3.460823,0.004257297,0.8920839,-0.05077456,0.4489881,5.417551,126.464,357.8125,0.1151759,0.01031919,-0.9932912,0.1201218,0.008788517,-0.1704814,2.511365,0.07726814,-4.136613,-0.6506121,0.20896,1.992901,-0.5967835,-0.03799861,-0.8015024,0.05319007,0.9948077,-0.08676738,0.8006377,-0.09441329,-0.5916635,static,-62.19333,-3.921995,-18.08004,5.985717,-11.421138057894073,4.447038792889202,45.21222303425308,6.8343621282179505,135.3073085216846
3472,05/05/2023 11:22:40.846813,3654,True,True,True,True,Eyes,0.4398939,0.03667542,-3.426954,0.8869594,0.03294453,-0.4606709,0.0,0.0,0.0,0.0,0.0,0.0,0.0,-2.46962,-0.3684734,-2.455355,0.5255657,0.03190283,-3.462127,0.001531783,0.8910896,-0.05118603,0.4509292,5.313438,126.2013,357.5,0.1162711,0.0103562,-0.9931633,0.1129145,0.008261206,-0.1602525,2.523059,0.08347392,-4.12994,-0.6506116,0.2089601,1.992901,-0.5933212,-0.04343263,-0.8037933,0.04889246,0.9947553,-0.0898412,0.8034797,-0.09260412,-0.5880858,static,-62.55344,-4.0905,-18.08003,5.985717,-11.434270626986274,4.447689803195527,45.60059589587826,6.821410799981924,134.9430908196253
3473,05/05/2023 11:22:40.856775,3655,True,True,True,True,Eyes,0.4444727,0.03639117,-3.42842,0.8897737,0.03395716,-0.4551369,0.0,0.0,0.0,0.0,0.0,0.0,0.0,-2.473513,-0.3713196,-2.454046,0.5350757,0.03063319,-3.462838,-0.001017796,0.8902,-0.05092311,0.4527138,5.148762,125.9645,357.2422,0.117375,0.01038205,-0.9930332,0.1061396,0.007765533,-0.1506374,2.534764,0.09083909,-4.123318,-0.6506119,0.20896,1.992901,-0.5900985,-0.04791927,-0.805908,0.04429509,0.9948116,-0.09158504,0.8061153,-0.08974195,-0.5849142,static,-62.90936,-4.266858,-18.08004,5.985717,-11.446736113938332,4.447834035176667,45.986772291529924,6.8092440445569755,134.58270331242244
3474,05/05/2023 11:22:40.876790,3656,True,True,True,True,Eyes,0.4492416,0.03604993,-3.42984,0.8927549,0.03480252,-0.4491965,0.0,0.0,0.0,0.0,0.0,0.0,0.0,-2.479303,-0.3758525,-2.450211,0.5446564,0.02911435,-3.46327,-0.002581624,0.8890959,-0.05128773,0.4548312,5.09751,125.6832,357.0509,0.1184938,0.01039649,-0.9929001,0.09977124,0.007299602,-0.1415991,2.547203,0.09324174,-4.114659,-0.6506112,0.2089601,1.992901,-0.586244,-0.05124514,-0.8085123,0.0420639,0.9947258,-0.09354782,0.809042,-0.088851,-0.5809965,static,-63.29039,-4.43027,-18.08001,5.985718,-11.461411487391176,4.449279890807141,46.39473316833005,6.7945925804633704,134.19922125199423
3475,05/05/2023 11:22:40.896998,3657,True,True,True,True,Eyes,0.4542125,0.03567493,-3.431195,0.8956898,0.0355797,-0.4432537,0.0,0.0,0.0,0.0,0.0,0.0,0.0,-2.487278,-0.3826543,-2.443045,0.5543405,0.02745559,-3.463148,-0.003354251,0.8877176,-0.05228963,0.4573969,5.150285,125.3411,356.9041,0.1196313,0.01039901,-0.9927637,0.09378497,0.006861625,-0.1331032,2.560548,0.09136477,-4.103195,-0.6506115,0.20896,1.992901,-0.5815537,-0.05378949,-0.8117279,0.04187899,0.9945091,-0.09590531,0.8124294,-0.08976842,-0.5761077,static,-63.67038,-4.589257,-18.08003,5.985717,-11.476255322662531,4.450924204556348,46.800748799812766,6.779780889821539,133.81747067287642
3476,05/05/2023 11:22:40.906947,3658,True,True,True,True,Eyes,0.5831271,0.02580756,-3.463857,0.9600061,0.05115999,-0.275265,0.0,0.0,0.0,0.0,0.0,0.0,0.0,-2.496452,-0.3928235,-2.434069,0.5641529,0.02629701,-3.462992,-0.00401339,0.8861704,-0.05376406,0.4602123,5.255329,124.9623,356.7417,0.1207911,0.01038985,-0.9926234,0.08815787,0.006449928,-0.125117,2.57438,0.08832801,-4.090488,-0.6506116,0.2089601,1.992901,-0.5763772,-0.05659886,-0.8152215,0.04237267,0.9941867,-0.09898227,0.8160847,-0.09159421,-0.5706283,static,-74.00068,-10.5287,-18.08002,5.985717,-11.795043024045718,4.413358088785525,58.30819996951963,6.478676418370577,123.48874247522605
3477,05/05/2023 11:22:40.926692,3659,True,True,True,True,Eyes,0.5835376,0.02575192,-3.463844,0.9600679,0.05123722,-0.2750354,0.0,0.0,0.0,0.0,0.0,0.0,0.0,-2.507093,-0.4011655,-2.423794,0.5740467,0.02547592,-3.462809,-0.004850041,0.884486,-0.05485623,0.4633054,5.310039,124.5491,356.5793,0.1254659,0.01007798,-0.9920465,0.469612,-0.02353917,-0.2155979,2.588537,0.0873883,-4.076494,-0.6506112,0.2089601,1.992901,-0.5706493,-0.05940996,-0.819042,0.04225078,0.9939345,-0.1015332,0.8201063,-0.09254503,-0.564678,static,-74.01432,-10.55284,-18.08002,5.985718,-11.794609873254178,4.41247945099031,58.328122009965,6.47931014796244,123.47459320803685
3478,05/05/2023 11:22:40.946552,3660,True,True,True,True,Eyes,0.5843225,0.0256554,-3.463828,0.9603161,0.05132125,-0.2741518,0.0,0.0,0.0,0.0,0.0,0.0,0.0,-2.515699,-0.4010257,-2.416908,0.5843027,0.02406567,-3.462516,-0.005848661,0.8830589,-0.05469614,0.466027,5.229686,124.1938,356.4703,0.1295419,0.00980399,-0.9915252,0.4414353,-0.02212682,-0.202662,2.602312,0.08999958,-4.064101,-0.6506116,0.20896,1.9929,-0.5655693,-0.06130918,-0.8224187,0.04065033,0.9939483,-0.1020511,0.8236983,-0.09114856,-0.5596544,static,-74.06698,-10.60305,-18.08003,5.985718,-11.795190351692924,4.41127399425639,58.39285738907049,6.479049570126364,123.42190790822802
3479,05/05/2023 11:22:40.956927,3661,True,True,True,True,Eyes,0.5854911,0.02565676,-3.463786,0.9606172,0.05125539,-0.2731074,0.0,0.0,0.0,0.0,0.0,0.0,0.0,-2.522683,-0.4054596,-2.410654,0.5944047,0.02303219,-3.462042,-0.00655474,0.881722,-0.05526511,0.4684753,5.239289,123.868,356.3532,0.1332305,0.00955447,-0.9910387,0.4149491,-0.02079921,-0.1905023,2.615626,0.08992472,-4.052639,-0.6506116,0.2089601,1.992901,-0.5609758,-0.06333959,-0.8254055,0.04022177,0.9938056,-0.1035984,0.8268545,-0.09131546,-0.5549533,static,-74.12933,-10.62933,-18.08003,5.985718,-11.797615868089736,4.41153398640491,58.46010477695283,6.476633588021184,123.36093160189084
3480,05/05/2023 11:22:40.977046,3662,True,True,True,True,Eyes,0.5870512,0.02578123,-3.463734,0.9610343,0.05176172,-0.2715397,0.0,0.0,0.0,0.0,0.0,0.0,0.0,-2.528589,-0.4257506,-2.402473,0.6047258,0.02452904,-3.461301,-0.006822221,0.8802573,-0.0579922,0.4708904,5.489944,123.5271,356.1621,0.1365811,0.009329821,-0.9905847,0.3900522,-0.01955126,-0.1790721,2.629359,0.08474922,-4.040823,-0.6506116,0.2089601,1.992901,-0.5564317,-0.06662655,-0.828218,0.04260531,0.9931808,-0.1085211,0.8298005,-0.09567106,-0.5497985,static,-74.22239,-10.79242,-18.08003,5.985718,-11.794744881459524,4.405621159772812,58.59582323951635,6.480857585678173,123.26464980365942
3481,05/05/2023 11:22:40.997014,3663,True,True,True,True,Eyes,0.5889859,0.02585565,-3.463643,0.9614244,0.05278319,-0.2699575,0.0,0.0,0.0,0.0,0.0,0.0,0.0,-2.529271,-0.4216332,-2.405304,0.6156515,0.02838527,-3.461307,-0.01167002,0.8795743,-0.05515258,0.4724098,4.933274,123.3403,355.8189,0.1396389,0.00913106,-0.9901602,0.3666491,-0.01837818,-0.1683278,2.641033,0.1118961,-4.035299,-0.6506112,0.20896,1.9929,-0.5533855,-0.07263855,-0.8297518,0.03157995,0.9936441,-0.1080476,0.8323264,-0.08599552,-0.5475742,static,-74.31583,-11.06313,-18.08002,5.985719,-11.786257266945524,4.394243598415682,58.76333532553186,6.491859771578043,123.16346269017812
3482,05/05/2023 11:22:41.006496,3664,True,True,True,True,Eyes,0.5912234,0.0259793,-3.46351,0.9619805,0.05318608,-0.2678897,2.126592,2.636963,0.1390844,-4.033202,-0.981945,0.005327334,-0.1890916,-0.6401386,0.2090473,1.98215,0.6265824,0.02714136,-3.460285,-0.01596212,0.8792207,-0.04997286,0.4735176,4.172394,123.2313,355.6646,0.1424439,0.008954179,-0.9897621,0.3446501,-0.01727549,-0.1582281,2.651701,0.139005,-4.030365,-0.6506116,0.2089601,1.992901,-0.5510527,-0.0753945,-0.8310575,0.0192576,0.9944959,-0.102991,0.8342482,-0.07275765,-0.5465679,static,-74.43869,-11.22932,-18.08003,5.985717,-11.785041321669704,4.388936273014282,58.92924618478475,6.494350710454407,123.03869182551337
3483,05/05/2023 11:22:41.026376,3665,True,True,True,True,Eyes,0.5938258,0.026265,-3.463356,0.9625516,0.05373621,-0.2657194,0.0,0.0,0.0,0.0,0.0,0.0,0.0,-2.534847,-0.4224514,-2.40106,0.6363854,0.02860538,-3.458785,-0.01262753,0.8776674,-0.05489787,0.4759483,4.838306,122.8781,355.7167,0.1450305,0.008798383,-0.9893878,0.3239711,-0.01623896,-0.1487345,2.666045,0.1165702,-4.016781,-0.6506116,0.2089601,1.992901,-0.5466278,-0.07442264,-0.8340622,0.03009155,0.9936535,-0.1083843,0.8368351,-0.08434404,-0.5409192,static,-74.56744,-11.43269,-18.08002,5.985717,-11.7822361960826,4.381888503186044,59.112008261215834,6.498795787534553,122.90680348702861
3484,05/05/2023 11:22:41.046574,3666,True,True,True,True,Eyes,0.5967543,0.02663475,-3.46314,0.9632076,0.05454407,-0.2631653,0.0,0.0,0.0,0.0,0.0,0.0,0.0,-2.539631,-0.4220941,-2.398249,0.6477431,0.03274471,-3.458156,-0.01413585,0.8765214,-0.05370696,0.4781485,4.624924,122.5975,355.619,0.1474305,0.008666202,-0.9890342,0.3045329,-0.01526462,-0.1398104,2.67966,0.1292611,-4.006436,-0.650612,0.20896,1.9929,-0.5423483,-0.07614055,-0.8366964,0.02657906,0.9938315,-0.1076687,0.8397332,-0.08063251,-0.5369791,static,-74.71873,-11.70943,-18.08004,5.985717,-11.776960840932034,4.371685773520477,59.33851558867738,6.506450928542222,122.75043609742511
3485,05/05/2023 11:22:41.056646,3667,True,True,True,True,Eyes,0.5999799,0.027078,-3.462889,0.9638997,0.05524819,-0.2604709,0.0,0.0,0.0,0.0,0.0,0.0,0.0,-2.546514,-0.3993263,-2.396111,0.6581909,0.03502776,-3.457036,-0.01694637,0.8754227,-0.04901893,0.4805675,3.987384,122.3167,355.5855,0.1496715,0.008557695,-0.9886985,0.2862609,-0.01434874,-0.1314218,2.691699,0.1542403,-3.994853,-0.6506114,0.2089601,1.992901,-0.5375355,-0.07678429,-0.8397381,0.01744333,0.99462,-0.1021123,0.8430608,-0.06953681,-0.5333042,static,-74.87836,-11.97546,-18.08002,5.985717,-11.772755396114986,4.362241437116292,59.570590948730135,6.512853421251039,122.58672891577619
3486,05/05/2023 11:22:41.076953,3668,True,True,True,True,Eyes,0.6034954,0.0275826,-3.462637,0.9646834,0.05589827,-0.2574124,0.0,0.0,0.0,0.0,0.0,0.0,0.0,-2.555202,-0.3945816,-2.389064,0.668541,0.03725369,-3.456016,-0.01516808,0.874042,-0.04853699,0.4831819,4.024835,121.9828,355.7791,0.1517784,0.008472552,-0.988378,0.2690852,-0.01348782,-0.1235365,2.705547,0.1530212,-3.981199,-0.6506119,0.20896,1.9929,-0.5326104,-0.07341947,-0.8431701,0.02038932,0.9948282,-0.09950461,0.8461149,-0.07018886,-0.5283588,static,-75.05952,-12.25182,-18.08004,5.985718,-11.76932172029093,4.352823023757624,59.82699167910622,6.518551312162219,122.40228149559282
3487,05/05/2023 11:22:41.096775,3669,True,True,True,True,Eyes,0.6072686,0.02810365,-3.462353,0.9654886,0.05650715,-0.2542419,0.0,0.0,0.0,0.0,0.0,0.0,0.0,-2.562999,-0.3668737,-2.387357,0.6792195,0.03927409,-3.455453,-0.0135338,0.8730485,-0.04458739,0.4854018,3.710504,121.7286,356.155,0.1537728,0.008410177,-0.9880702,0.2529401,-0.01267855,-0.1161243,2.718617,0.1618926,-3.969682,-0.650611,0.20896,1.9929,-0.5284035,-0.06691694,-0.8463518,0.01965427,0.9956576,-0.09099258,0.8487656,-0.06471524,-0.5247939,static,-75.24723,-12.53073,-18.08002,5.98572,-11.766153895469426,4.343442644670219,60.09117089711765,6.523954329834711,122.21170520478447
3488,05/05/2023 11:22:41.106683,3670,True,True,True,True,Eyes,0.6112921,0.02860978,-3.462033,0.9663884,0.05673018,-0.2507492,0.0,0.0,0.0,0.0,0.0,0.0,0.0,-2.571863,-0.3423512,-2.382891,0.6891742,0.04019658,-3.454457,-0.0107251,0.8718997,-0.04167244,0.4877902,3.566397,121.4436,356.5905,0.1556729,0.008368766,-0.987773,0.2377637,-0.01191784,-0.1091568,2.73157,0.1630325,-3.956595,-0.6506113,0.20896,1.9929,-0.5238916,-0.05935724,-0.8497143,0.02195239,0.9962968,-0.08313157,0.8515021,-0.06220518,-0.5206484,static,-75.45421,-12.74814,-18.08002,5.985718,-11.767384239085674,4.337684192372303,60.355240979721586,6.524215330678338,122.00553517574241
3489,05/05/2023 11:22:41.126843,3671,True,True,True,True,Eyes,0.6155544,0.02909609,-3.461683,0.9673392,0.05688745,-0.2470194,0.0,0.0,0.0,0.0,0.0,0.0,0.0,-2.585135,-0.3242419,-2.372582,0.6991187,0.04042883,-3.453519,-0.00637275,0.8702263,-0.04032928,0.4909576,3.665631,121.0458,357.0884,0.1574952,0.008345791,-0.9874843,0.2234979,-0.01120277,-0.1026074,2.745923,0.1542591,-3.939572,-0.6506116,0.2089601,1.992901,-0.5178405,-0.0506914,-0.8539742,0.02850846,0.9966659,-0.07644869,0.8550023,-0.0639337,-0.5146688,static,-75.6751,-12.96884,-18.08003,5.985718,-11.769290539128349,4.332114625103473,60.63387961593967,6.523790053678292,121.78620002440366
3490,05/05/2023 11:22:41.146459,3672,True,True,True,True,Eyes,0.6200411,0.02960397,-3.461292,0.9682175,0.05697772,-0.2435332,0.0,0.0,0.0,0.0,0.0,0.0,0.0,-2.60253,-0.2990213,-2.358366,0.7091053,0.04045763,-3.452535,-0.003067296,0.868118,-0.03762861,0.4949202,3.571611,120.5482,357.5553,0.1592544,0.00833884,-0.987202,0.210088,-0.0105306,-0.09645095,2.760601,0.15237,-3.918854,-0.6506115,0.2089601,1.992901,-0.5100895,-0.04257186,-0.8590673,0.03192076,0.9971493,-0.06836828,0.859529,-0.062296,-0.5072765,static,-75.88142,-13.16823,-18.08003,5.985718,-11.77142496387389,4.32725592002252,60.89231815195415,6.5229589890293616,121.58181595016147
3491,05/05/2023 11:22:41.167019,3673,True,True,True,True,Eyes,0.6247644,0.03017116,-3.460883,0.969149,0.0574032,-0.2396981,0.0,0.0,0.0,0.0,0.0,0.0,0.0,-2.623585,-0.2882389,-2.337675,0.7188913,0.04152743,-3.451444,-0.001219674,0.8654101,-0.03647938,0.4997333,3.550038,119.9226,357.7852,0.1609633,0.008346924,-0.9869249,0.1974827,-0.009898765,-0.0906639,2.775653,0.1516245,-3.894414,-0.6506117,0.20896,1.992901,-0.5005308,-0.03857096,-0.8648595,0.03434889,0.9973355,-0.06435828,0.8650374,-0.06192023,-0.4978723,static,-76.10792,-13.46763,-18.08003,5.985717,-11.769549159381953,4.31782667774179,61.20186865900835,6.5271760024447065,121.3546129205817
3492,05/05/2023 11:22:41.176814,3674,True,True,True,True,Eyes,0.6297096,0.03073511,-3.460435,0.9700382,0.05814444,-0.2358921,0.0,0.0,0.0,0.0,0.0,0.0,0.0,-2.645743,-0.2807696,-2.315406,0.7291474,0.04337383,-3.450559,-0.003105389,0.8624412,-0.03447612,0.504972,3.229238,119.2358,357.6938,0.1626333,0.008370216,-0.9866509,0.1856338,-0.009304839,-0.08522406,2.790373,0.1657096,-3.868882,-0.6506109,0.20896,1.9929,-0.489987,-0.04017539,-0.8708034,0.02946253,0.9976035,-0.06260353,0.8712316,-0.05633099,-0.4876291,static,-76.33221,-13.84667,-18.08002,5.98572,-11.763365049565614,4.304289669790849,61.5356915367675,6.536615157571578,121.12681499104724
3493,05/05/2023 11:22:41.196833,3675,True,True,True,True,Eyes,0.6348526,0.03127159,-3.459964,0.9709715,0.05903757,-0.2317948,0.0,0.0,0.0,0.0,0.0,0.0,0.0,-2.666109,-0.2680668,-2.295295,0.7394705,0.04385298,-3.449585,-0.007890729,0.8595867,-0.03090206,0.5099935,2.58363,118.5803,357.4133,0.1642746,0.008407098,-0.9863786,0.1744958,-0.008746549,-0.08011062,2.803595,0.1918858,-3.844664,-0.6506112,0.20896,1.9929,-0.4796885,-0.04508524,-0.8762798,0.01795417,0.9979656,-0.06117444,0.8772551,-0.04507756,-0.4779032,static,-76.57338,-14.28928,-18.08003,5.985719,-11.754879074872449,4.287951257636583,61.90757287014652,6.54904187898136,120.88108747214567
3494,05/05/2023 11:22:41.206440,3676,True,True,True,True,Eyes,0.6402034,0.03179532,-3.459443,0.971882,0.05988335,-0.2277264,0.0,0.0,0.0,0.0,0.0,0.0,0.0,-2.686767,-0.2653751,-2.27319,0.749361,0.0436896,-3.448634,-0.009748182,0.8566362,-0.02988866,0.5149624,2.359391,117.92,357.276,0.1658955,0.008455424,-0.9861069,0.164026,-0.008221756,-0.07530398,2.817164,0.2010877,-3.820157,-0.6506107,0.2089601,1.992901,-0.4694377,-0.04748436,-0.8816881,0.01408178,0.9980233,-0.0612473,0.8828535,-0.04116752,-0.4678411,static,-76.81266,-14.73305,-18.08,5.985717,-11.746217039884089,4.27150543414986,62.27995389108673,6.561655879299755,120.63762252977487
3495,05/05/2023 11:22:41.226749,3677,True,True,True,True,Eyes,0.6457292,0.0323289,-3.458905,0.9728314,0.06078216,-0.2233936,0.0,0.0,0.0,0.0,0.0,0.0,0.0,-2.706615,-0.2604026,-2.252159,0.7593159,0.04386561,-3.447798,-0.01027497,0.8537925,-0.02892465,0.5197079,2.21855,117.2889,357.2691,0.1675039,0.008513675,-0.9858344,0.1541844,-0.00772845,-0.07078574,2.830725,0.2062598,-3.796371,-0.6506114,0.2089601,1.992901,-0.4595965,-0.04761012,-0.886851,0.01251934,0.9981156,-0.06007126,0.8880398,-0.03871132,-0.4581344,static,-77.06724,-15.22089,-18.08002,5.985717,-11.736178669622916,4.253209677359726,62.68342925989969,6.576161832558767,120.37864253758553
3496,05/05/2023 11:22:41.246739,3678,True,True,True,True,Eyes,0.6514335,0.03288065,-3.458323,0.9737595,0.06158419,-0.2190882,0.0,0.0,0.0,0.0,0.0,0.0,0.0,-2.726022,-0.2574316,-2.231012,0.7690523,0.044617,-3.446947,-0.01082741,0.8509501,-0.02816253,0.5243794,2.09603,116.6646,357.249,0.169106,0.008581142,-0.9855603,0.1449334,-0.007264744,-0.06653859,2.843792,0.2115125,-3.772848,-0.6506117,0.20896,1.9929,-0.4498183,-0.04796287,-0.8918315,0.01110853,0.9981793,-0.05928515,0.8930512,-0.03657448,-0.4484664,static,-77.32005,-15.70031,-18.08003,5.985718,-11.726473595776884,4.235296902618749,63.08457640356463,6.590269569585296,120.12226951128778
3497,05/05/2023 11:22:41.256960,3679,True,True,True,True,Eyes,0.6572989,0.03341663,-3.457732,0.9747181,0.06244283,-0.2145357,0.0,0.0,0.0,0.0,0.0,0.0,0.0,-2.746017,-0.2586391,-2.208358,0.7786706,0.04558455,-3.446148,-0.01086374,0.847981,-0.02817106,0.529166,2.079124,116.0189,357.2332,0.1707076,0.00865742,-0.9852834,0.1362374,-0.006828859,-0.06254628,2.856883,0.2132467,-3.748691,-0.6506115,0.20896,1.9929,-0.4397306,-0.04823883,-0.8968333,0.01138984,0.9981767,-0.05927449,0.8980575,-0.0362796,-0.4383795,static,-77.5871,-16.22818,-18.08003,5.985719,-11.715098004462742,4.215284243442165,63.51809733270591,6.606572374162104,119.8513395739948
3498,05/05/2023 11:22:41.276821,3680,True,True,True,True,Eyes,0.8076347,0.04596898,-3.442106,0.9918427,0.07611404,-0.1022481,0.0,0.0,0.0,0.0,0.0,0.0,0.0,-2.76485,-0.2510535,-2.188078,0.788425,0.04572617,-3.445489,-0.01106903,0.8451903,-0.02692141,0.5336723,1.93083,115.4156,357.279,0.1723131,0.008741167,-0.9850032,0.1280631,-0.006419127,-0.0587935,2.869377,0.2180538,-3.725764,-0.6506116,0.20896,1.992901,-0.430143,-0.0474453,-0.9015135,0.01002355,0.9983055,-0.0573219,0.9027054,-0.03369296,-0.4289385,static,-84.11423,-36.66421,-18.08003,5.985717,-11.04224043926725,3.3428974922260046,78.60999836372807,7.517644368539235,113.29508259100149
3499,05/05/2023 11:22:41.296746,3681,True,True,True,True,Eyes,0.8080098,0.04598202,-3.442072,0.9918963,0.0758797,-0.1019026,0.0,0.0,0.0,0.0,0.0,0.0,0.0,-2.78195,-0.2544198,-2.168173,0.7976952,0.04544457,-3.444788,-0.009724529,0.8425287,-0.0279303,0.5378389,2.097706,114.8459,357.337,0.1787312,0.009211709,-0.9838547,0.5713869,0.03162306,-0.008385882,2.881859,0.2112997,-3.704335,-0.650611,0.20896,1.992901,-0.4212695,-0.0464304,-0.9057464,0.01365762,0.9982506,-0.05752463,0.9068328,-0.0366037,-0.4198984,static,-84.13428,-36.67245,-18.08001,5.985717,-11.043031469368405,3.3429918268402865,78.63132834330595,7.516851946222039,113.2771611880649
3500,05/05/2023 11:22:41.306621,3682,True,True,True,True,Eyes,0.8087602,0.04602113,-3.44197,0.9919685,0.07547889,-0.1014959,0.0,0.0,0.0,0.0,0.0,0.0,0.0,-2.795965,-0.2696869,-2.15052,0.8070912,0.04577421,-3.444037,-0.008063423,0.840098,-0.03075695,0.5415021,2.461323,114.333,357.3118,0.1841084,0.009612963,-0.9828587,0.5371037,0.02972568,-0.007882729,2.894385,0.199213,-3.685433,-0.6506113,0.2089601,1.992901,-0.4134212,-0.04685803,-0.9093337,0.01976177,0.9979779,-0.06041041,0.9103257,-0.04294498,-0.4116593,static,-84.15796,-36.63687,-18.08002,5.985718,-11.046340270570814,3.345408184810469,78.63192203209421,7.512914644555015,113.25704667433958
3501,05/05/2023 11:22:41.326436,3683,True,True,True,True,Eyes,0.8098583,0.04605351,-3.441841,0.9920679,0.07507644,-0.1008204,0.0,0.0,0.0,0.0,0.0,0.0,0.0,-2.807685,-0.2808143,-2.136286,0.8164189,0.04645182,-3.443396,-0.007662062,0.8379562,-0.03246213,0.5447171,2.63977,113.8841,357.234,0.1886403,0.009957044,-0.9819955,0.5048774,0.02794214,-0.007409765,2.905872,0.1945247,-3.668936,-0.6506108,0.20896,1.9929,-0.4064489,-0.0482063,-0.9124008,0.02252441,0.997775,-0.062751,0.9133956,-0.04605638,-0.4044588,static,-84.19716,-36.67341,-18.08002,5.98572,-11.046816199765232,3.3445533826919496,78.6846717864191,7.512770247786049,113.22160216684149
3502,05/05/2023 11:22:41.346899,3684,True,True,True,True,Eyes,0.8112893,0.04607571,-3.441667,0.99218,0.07468414,-0.1000064,2.111288,2.906068,0.2037555,-3.652809,-0.7262986,0.6868158,0.02782778,-0.6471329,0.2189756,1.98225,0.825895,0.04636768,-3.442671,-0.007566886,0.835975,-0.03289703,0.5477284,2.677432,113.4693,357.2062,0.1926943,0.01026456,-0.9812049,0.4745848,0.02626561,-0.006965179,2.916983,0.1934346,-3.653228,-0.6506114,0.20896,1.9929,-0.3998729,-0.04868872,-0.9152765,0.02338581,0.9977211,-0.06329138,0.9162723,-0.04671299,-0.3978229,static,-84.24433,-36.75215,-18.08003,5.985718,-11.045566735375202,3.341756046219753,78.76699788411021,7.5149323506198815,113.17819983389121
3503,05/05/2023 11:22:41.356896,3685,True,True,True,True,Eyes,0.813035,0.04609036,-3.441464,0.9923177,0.07434105,-0.09888935,2.108931,2.905764,0.2028705,-3.650015,-0.7475144,0.6288107,0.2140544,-0.6295065,0.2225254,1.977224,0.8351841,0.04616559,-3.441804,-0.006905411,0.8337963,-0.0336437,0.5510027,2.779603,113.016,357.2116,0.1963796,0.01054175,-0.9804711,0.4461097,0.02468967,-0.006547268,2.928117,0.1896024,-3.63589,-0.6506114,0.20896,1.9929,-0.3926965,-0.04859095,-0.9183835,0.02556012,0.9976408,-0.06371377,0.9193128,-0.04849418,-0.3905281,static,-84.30898,-36.93438,-18.08003,5.98572,-11.039960000585856,3.334142001799675,78.92026863938376,7.522861920651683,113.11712774317688
3504,05/05/2023 11:22:41.377044,3686,True,True,True,True,Eyes,0.8150764,0.04605404,-3.441216,0.9924668,0.07420844,-0.0974822,0.0,0.0,0.0,0.0,0.0,0.0,0.0,-2.844121,-0.2878511,-2.093788,0.8445233,0.04598716,-3.441002,-0.007303345,0.8314366,-0.03369429,0.554549,2.747194,112.5271,357.1586,0.1997426,0.01079146,-0.9797887,0.4193431,0.02320829,-0.006154432,2.938902,0.1911472,-3.617408,-0.6506116,0.20896,1.992901,-0.3848443,-0.04951482,-0.9216527,0.02522574,0.9976227,-0.06412946,0.922637,-0.0479292,-0.3826804,static,-84.39028,-37.28025,-18.08003,5.985717,-11.02679322545455,3.3186302531205776,79.17697364453626,7.540656517384953,113.03791381044068
3505,05/05/2023 11:22:41.396965,3687,True,True,True,True,Eyes,0.817394,0.04596952,-3.440926,0.9926499,0.07395951,-0.09579198,0.0,0.0,0.0,0.0,0.0,0.0,0.0,-2.857562,-0.292863,-2.076627,0.8536049,0.0446934,-3.439937,-0.008441266,0.8289655,-0.03422567,0.5581879,2.712259,112.02,357.0042,0.202824,0.011015,-0.979153,0.3941825,0.0218158,-0.005785166,2.949212,0.192794,-3.5984,-0.6506115,0.20896,1.992901,-0.3767103,-0.05220374,-0.9248592,0.02421367,0.9975147,-0.06616742,0.9260148,-0.04732018,-0.37451,static,-84.48795,-37.67118,-18.08002,5.985717,-11.01226349339603,3.301245614592687,79.4728747595902,7.560394742056357,112.94345702699164
3506,05/05/2023 11:22:41.406634,3688,True,True,True,True,Eyes,0.8199919,0.04586912,-3.440582,0.9928554,0.07415901,-0.09347949,0.0,0.0,0.0,0.0,0.0,0.0,0.0,-2.870419,-0.3116797,-2.057798,0.862592,0.04345626,-3.438754,-0.008593111,0.8263905,-0.03718764,0.5618025,2.969696,111.4988,356.7862,0.2056594,0.01121362,-0.9785591,0.3705316,0.02050685,-0.005438056,2.95993,0.1849854,-3.579296,-0.6506112,0.20896,1.9929,-0.3686083,-0.05598675,-0.9278973,0.02758169,0.9970865,-0.07111829,0.9291756,-0.05180777,-0.3659901,static,-84.62133,-38.42562,-18.08003,5.985719,-10.980862040372518,3.266284323568617,80.00069773110059,7.602204330217578,112.8101420517874
3507,05/05/2023 11:22:41.426563,3689,True,True,True,True,Eyes,0.8228465,0.04574887,-3.440211,0.9930706,0.07437033,-0.09099355,0.0,0.0,0.0,0.0,0.0,0.0,0.0,-2.881804,-0.3314029,-2.040685,0.8717884,0.04291701,-3.437608,-0.009188722,0.8239477,-0.04001754,0.5651767,3.18489,111.0082,356.5332,0.208282,0.01138938,-0.9780022,0.3482997,0.01927644,-0.005111773,2.970493,0.1797318,-3.561444,-0.6506118,0.20896,1.992901,-0.3609821,-0.06037601,-0.9306165,0.03009191,0.9966283,-0.07633121,0.9320874,-0.05555821,-0.3579482,static,-84.76469,-39.25962,-18.08003,5.985717,-10.945899940143027,3.227531528612165,80.5852616770534,7.648751454030246,112.66688630242443
3508,05/05/2023 11:22:41.446873,3690,True,True,True,True,Eyes,0.8259596,0.04559409,-3.439779,0.9932957,0.07489086,-0.08806278,0.0,0.0,0.0,0.0,0.0,0.0,0.0,-2.891057,-0.3440101,-2.027732,0.880844,0.04229248,-3.436651,-0.01044361,0.8218757,-0.04153817,0.5680547,3.233962,110.5936,356.3041,0.2107201,0.01154401,-0.977478,0.3274017,0.01811985,-0.004805067,2.980282,0.1799321,-3.546321,-0.6506112,0.2089601,1.992901,-0.3544098,-0.06435859,-0.932873,0.03002521,0.996331,-0.0801435,0.9346083,-0.05641333,-0.3511772,static,-84.93357,-40.3787,-18.08002,5.985718,-10.897554740877204,3.174930725490463,81.35758356835105,7.71286796859966,112.49594852236788
3509,05/05/2023 11:22:41.456936,3691,True,True,True,True,Eyes,0.8293126,0.0454189,-3.439331,0.993529,0.07530113,-0.08502857,0.0,0.0,0.0,0.0,0.0,0.0,0.0,-2.898475,-0.3530257,-2.017888,0.8898555,0.04120891,-3.435712,-0.01063843,0.8201261,-0.04297354,0.5704677,3.345091,110.2446,356.1817,0.2129999,0.01167865,-0.9769821,0.3077576,0.01703266,-0.004516763,2.990058,0.1763172,-3.533215,-0.650611,0.2089601,1.9929,-0.3489068,-0.06647973,-0.9347965,0.03158034,0.9960802,-0.0826252,0.9366252,-0.05834969,-0.3454398,static,-85.10841,-41.52804,-18.08002,5.985719,-10.847987271766128,3.120943280618272,82.16058885075118,7.778768366817782,112.32001532107498
3510,05/05/2023 11:22:41.476982,3692,True,True,True,True,Eyes,0.832902,0.04523129,-3.438882,0.9937623,0.07601465,-0.08159879,0.0,0.0,0.0,0.0,0.0,0.0,0.0,-2.905719,-0.3562407,-2.00963,0.8990033,0.0405646,-3.434948,-0.009749037,0.8185285,-0.04386497,0.5727059,3.47671,109.9253,356.1971,0.2151435,0.01179472,-0.9765109,0.2892921,0.0160107,-0.004245757,3.000016,0.1708983,-3.520782,-0.6506113,0.20896,1.9929,-0.343826,-0.06620319,-0.9366969,0.03428373,0.9959616,-0.08297613,0.9384075,-0.0606428,-0.3401678,static,-85.30592,-42.9709,-18.08002,5.985718,-10.784420586204067,3.0526055075519385,83.16292489329558,7.863136759584845,112.11930209996997
3511,05/05/2023 11:22:41.496754,3693,True,True,True,True,Eyes,0.8367153,0.04501397,-3.43844,0.9939936,0.07668161,-0.0780818,0.0,0.0,0.0,0.0,0.0,0.0,0.0,-2.913566,-0.346968,-2.003157,0.9083354,0.0400659,-3.434415,-0.008861531,0.8170474,-0.0428471,0.5749081,3.429887,109.6268,356.3385,0.2171708,0.0118937,-0.9760609,0.2719346,0.01505006,-0.003991012,3.009786,0.1704709,-3.508649,-0.6506115,0.20896,1.992901,-0.3388047,-0.06374685,-0.9386948,0.03478569,0.9961712,-0.08020534,0.9402136,-0.05982708,-0.3352899,static,-85.50843,-44.48164,-18.08003,5.985717,-10.71760161220485,2.9809428341001616,84.22317524960366,7.951982114760506,111.91401661700134
3512,05/05/2023 11:22:41.506897,3694,True,True,True,True,Eyes,0.8407444,0.0447669,-3.438016,0.9942228,0.07752102,-0.07423861,0.0,0.0,0.0,0.0,0.0,0.0,0.0,-2.921873,-0.3350903,-1.996925,0.9175541,0.03916121,-3.434225,-0.007600314,0.8155872,-0.04163437,0.5770843,3.390501,109.3331,356.5282,0.2190996,0.01197645,-0.9756287,0.2556185,0.01414705,-0.003751551,3.019428,0.1688406,-3.496838,-0.6506111,0.20896,1.9929,-0.3338316,-0.06045052,-0.9406922,0.03565565,0.9964176,-0.07668496,0.941958,-0.05914086,-0.3304803,static,-85.72965,-46.23906,-18.08002,5.985719,-10.638996542708666,2.897211094785932,85.46285731670655,8.056532205144448,111.68890787139196
3513,05/05/2023 11:22:41.526665,3695,True,True,True,True,Eyes,0.8449872,0.04447913,-3.437639,0.9944336,0.07832104,-0.07048187,0.0,0.0,0.0,0.0,0.0,0.0,0.0,-2.928173,-0.3285717,-1.993486,0.9267137,0.03818332,-3.434513,-0.006531173,0.814395,-0.04116046,0.5788128,3.410027,109.0954,356.6526,0.2209458,0.01204374,-0.9752114,0.2402814,0.01329823,-0.003526458,3.028969,0.1657994,-3.487886,-0.6506121,0.20896,1.992901,-0.3298664,-0.05828632,-0.9422268,0.03701049,0.9965263,-0.0746024,0.9433021,-0.05948108,-0.3265633,static,-85.94586,-48.01564,-18.08004,5.985717,-10.559081838417296,2.812376406520264,86.72898063573588,8.163020408556125,111.46909034627801
3514,05/05/2023 11:22:41.546942,3696,True,True,True,True,Eyes,0.8449872,0.04447913,-3.437639,0.9944336,0.07832104,-0.07048187,0.0,0.0,0.0,0.0,0.0,0.0,0.0,-2.929251,-0.3250291,-1.998188,0.9360939,0.03692555,-3.435298,-0.006221468,0.8139542,-0.04087666,0.5794559,3.401546,109.0076,356.6978,0.2227223,0.01209593,-0.9748067,0.2258645,0.01250034,-0.00331487,3.038446,0.1643361,-3.48525,-0.6506118,0.20896,1.992901,-0.3283846,-0.05750041,-0.9427924,0.03724445,0.9965808,-0.07375357,0.9438097,-0.05933331,-0.3251202,static,-85.94586,-48.01564,-18.08003,5.985716,-10.559081838417296,2.812376406520264,86.72898783813653,8.16301080636063,111.46908261899522
3515,05/05/2023 11:22:41.557118,3697,True,True,True,True,Eyes,0.8449872,0.04447913,-3.437639,0.9944336,0.07832104,-0.07048187,0.0,0.0,0.0,0.0,0.0,0.0,0.0,-2.924986,-0.3333853,-2.00881,0.9453015,0.03627784,-3.436145,-0.005658139,0.8141478,-0.0423673,0.5790825,3.579499,109.0488,356.6523,0.2243207,0.01214286,-0.9744395,0.2123126,0.01175032,-0.003115978,3.047948,0.1579693,-3.487931,-0.6506111,0.2089601,1.992901,-0.3292632,-0.05828144,-0.9424379,0.03985519,0.996346,-0.07553954,0.9433968,-0.06243343,-0.3257373,static,-85.94586,-48.01564,-18.08002,5.985718,-10.559081838417296,2.812376406520264,86.7289969084721,8.163002370406343,111.46906425370287
3516,05/05/2023 11:22:41.586560,3698,True,True,True,True,Eyes,0.8502171,0.04412441,-3.437417,0.994603,0.07907813,-0.06716812,0.0,0.0,0.0,0.0,0.0,0.0,0.0,-2.916983,-0.3363072,-2.026516,0.9552714,0.03580644,-3.437271,-0.007294288,0.8148957,-0.04219921,0.5780236,3.459521,109.1969,356.5152,0.2257587,0.01218508,-0.9741068,0.1995739,0.0110453,-0.00292902,3.057424,0.1632159,-3.494993,-0.6506115,0.2089601,1.992901,-0.3316713,-0.06067244,-0.9414423,0.03689611,0.996332,-0.07720844,0.9426735,-0.06034335,-0.3282161,static,-86.13654,-49.65578,-18.08003,5.985717,-10.48476017457386,2.733828378196581,87.90713703551668,8.262136729057644,111.27481192457101
3517,05/05/2023 11:22:41.596870,3699,True,True,True,True,Eyes,0.8556406,0.04373612,-3.437246,0.9947449,0.07991835,-0.06399794,0.0,0.0,0.0,0.0,0.0,0.0,0.0,-2.909174,-0.3348729,-2.044036,0.9651903,0.03485795,-3.438125,-0.01029886,0.8155878,-0.04098159,0.5770885,3.150647,109.3343,356.3193,0.2271934,0.01221268,-0.9737729,0.1875994,0.01038258,-0.002753278,3.066354,0.1752428,-3.501497,-0.6506113,0.2089601,1.992901,-0.3337259,-0.06409927,-0.9404885,0.03050075,0.9964289,-0.07873489,0.9421767,-0.05496146,-0.330579,static,-86.31889,-51.31255,-18.08002,5.985718,-10.40905897391009,2.654221071265315,89.10462891834926,8.363164164953298,111.08811102449117
3518,05/05/2023 11:22:41.606918,3700,True,True,True,True,Eyes,0.8612455,0.04329633,-3.43716,0.994895,0.08054549,-0.06079759,0.0,0.0,0.0,0.0,0.0,0.0,0.0,-2.90635,-0.335555,-2.054458,0.9752573,0.03361152,-3.439187,-0.01183519,0.815598,-0.04066693,0.5770669,3.019529,109.338,356.1966,0.2286303,0.01222617,-0.9734363,0.1763435,0.009759624,-0.002588082,3.075998,0.1799401,-3.503115,-0.6506116,0.20896,1.9929,-0.3337077,-0.06624059,-0.9403466,0.02762956,0.9964123,-0.07999513,0.9422718,-0.05267633,-0.3306802,static,-86.50303,-52.95365,-18.08003,5.985718,-10.334288128132616,2.575456716381248,90.30811718355899,8.463238101823006,110.90136873893057
3519,05/05/2023 11:22:41.626892,3701,True,True,True,True,Eyes,0.8670388,0.0428063,-3.437128,0.9950331,0.08115019,-0.05765157,0.0,0.0,0.0,0.0,0.0,0.0,0.0,-2.906296,-0.3341983,-2.061691,0.9854693,0.03190385,-3.440443,-0.01359007,0.8152579,-0.04004697,0.577552,2.842995,109.2728,356.0721,0.230073,0.01222546,-0.9730963,0.1657629,0.009174047,-0.002432797,3.085731,0.1857831,-3.50237,-0.6506109,0.2089601,1.992901,-0.3324983,-0.06841724,-0.9406191,0.02409958,0.9964231,-0.08099516,0.942796,-0.04959927,-0.3296602,static,-86.68403,-54.60886,-18.08001,5.985718,-10.258586342710576,2.4958941900877,91.53258678284192,8.564668017561306,110.7178729643559
3520,05/05/2023 11:22:41.646551,3702,True,True,True,True,Eyes,0.8730083,0.04229584,-3.437165,0.9951831,0.08165339,-0.05425246,0.0,0.0,0.0,0.0,0.0,0.0,0.0,-2.907864,-0.33915,-2.065721,0.9957959,0.03021267,-3.441712,-0.01409187,0.8146389,-0.04080444,0.5783599,2.876391,109.1525,355.9718,0.2315257,0.01221053,-0.9727518,0.1558171,0.008623604,-0.002286829,3.096174,0.1840335,-3.499695,-0.6506114,0.20896,1.9929,-0.3306027,-0.07015886,-0.9411587,0.02423973,0.9962728,-0.0827821,0.9434587,-0.05018142,-0.3276698,static,-86.8796,-56.39899,-18.08003,5.985718,-10.176702723855117,2.409841632637414,92.87213050442077,8.674645458375688,110.52083900289004
3521,05/05/2023 11:22:41.657139,3703,True,True,True,True,Eyes,0.8791685,0.04175476,-3.437251,0.9953127,0.08229576,-0.05079429,0.0,0.0,0.0,0.0,0.0,0.0,0.0,-2.912625,-0.3462496,-2.06494,1.006171,0.02920085,-3.442966,-0.01469863,0.8135394,-0.04174169,0.5798234,2.915998,108.938,355.8473,0.2329909,0.0121822,-0.9724023,0.1464681,0.008106188,-0.002149619,3.106738,0.1830131,-3.493668,-0.6506114,0.20896,1.9929,-0.3271775,-0.07232144,-0.9421912,0.02448978,0.9960831,-0.08496224,0.9446455,-0.0508718,-0.3241248,static,-87.07854,-58.31644,-18.08003,5.985717,-10.088352462179332,2.3173988067000115,94.31628585283005,8.793376384290799,110.31939615616594
3522,05/05/2023 11:22:41.677126,3704,True,True,True,True,Eyes,0.8855051,0.04117732,-3.437398,0.9954469,0.08298055,-0.04690211,0.0,0.0,0.0,0.0,0.0,0.0,0.0,-2.9207,-0.348989,-2.060554,1.016942,0.02787456,-3.4443,-0.01682944,0.8119789,-0.04154496,0.5819634,2.744315,108.6358,355.6544,0.2344722,0.01214092,-0.9720467,0.13768,0.007619817,-0.002020642,3.117123,0.1898187,-3.484624,-0.6506115,0.20896,1.992901,-0.3220711,-0.07568559,-0.9436855,0.02102499,0.9959816,-0.0870555,0.9464822,-0.04787902,-0.3191856,static,-87.30241,-60.52408,-18.08003,5.985717,-9.986315328980565,2.21083292441379,95.9963071677531,8.930731602729399,110.09298993677814
3523,05/05/2023 11:22:41.696867,3705,True,True,True,True,Eyes,0.8920189,0.04057466,-3.437594,0.9955713,0.08368076,-0.04284072,0.0,0.0,0.0,0.0,0.0,0.0,0.0,-2.932682,-0.3572839,-2.049637,1.027655,0.02638363,-3.445651,-0.0184685,0.8097945,-0.04235962,0.5848911,2.693954,108.2137,355.4373,0.2359718,0.01208694,-0.9716845,0.1294192,0.007162628,-0.001899403,3.127741,0.1924823,-3.471422,-0.6506116,0.2089601,1.992901,-0.315123,-0.0794629,-0.9457186,0.01964015,0.9957291,-0.09020929,0.9488478,-0.04700105,-0.3122164,static,-87.53601,-62.88963,-18.08003,5.985718,-9.876596385456343,2.09648358949744,97.81588173646192,9.078682028139436,109.85689172758869
3524,05/05/2023 11:22:41.706654,3706,True,True,True,True,Eyes,0.8987218,0.03995825,-3.437806,0.9956855,0.08447473,-0.0383991,0.0,0.0,0.0,0.0,0.0,0.0,0.0,-2.947333,-0.365564,-2.034971,1.038466,0.02515301,-3.447097,-0.01949036,0.8072425,-0.04333943,0.588304,2.696093,107.7207,355.2647,0.2374924,0.0120208,-0.9713148,0.121654,0.00673287,-0.001785439,3.138548,0.1930763,-3.455575,-0.6506116,0.20896,1.992901,-0.3070373,-0.08246041,-0.9481184,0.01952661,0.9954836,-0.09290337,0.9514973,-0.04703833,-0.3040404,static,-87.79146,-65.55521,-18.08003,5.985718,-9.752487058626476,1.967431771899622,99.88887751770007,9.246328766129894,109.59850681438701
3525,05/05/2023 11:22:41.726870,3707,True,True,True,True,Eyes,0.9055873,0.03938425,-3.438062,0.9957927,0.08520032,-0.03373227,0.0,0.0,0.0,0.0,0.0,0.0,0.0,-2.963106,-0.3650179,-2.02023,1.049543,0.02409413,-3.448542,-0.02081456,0.8046259,-0.04287729,0.5918662,2.54256,107.2177,355.1623,0.2390362,0.01194333,-0.970937,0.1143548,0.006328898,-0.001678313,3.149091,0.1985115,-3.438912,-0.6506116,0.20896,1.992901,-0.2985225,-0.0842511,-0.9506768,0.01725938,0.9954566,-0.09363922,0.9542467,-0.04436149,-0.2957121,static,-88.05986,-68.40054,-18.08003,5.985717,-9.619747787929253,1.829567999764357,102.12977938534357,9.426025123032531,109.3278818741417
3526,05/05/2023 11:22:41.746955,3708,True,True,True,True,Eyes,0.9126198,0.03898809,-3.438388,0.9958781,0.08594409,-0.02898803,0.0,0.0,0.0,0.0,0.0,0.0,0.0,-2.981525,-0.3704593,-2.000127,1.060371,0.02454326,-3.449965,-0.02044891,0.8015755,-0.04366757,0.5959463,2.615475,106.6294,355.1287,0.240605,0.01185683,-0.9705505,0.1074935,0.005949164,-0.001577614,3.159891,0.1967812,-3.418994,-0.6506115,0.20896,1.9929,-0.28886,-0.08482972,-0.9536057,0.01926436,0.99535,-0.09437858,0.9571775,-0.0456328,-0.2858825,static,-88.33271,-71.3613,-18.08003,5.985717,-9.481230836411637,1.6859464448326018,104.48923430660543,9.613915637387947,109.0527554462866
3527,05/05/2023 11:22:41.766948,3709,True,True,True,True,Eyes,1.093235,0.03201909,-3.447936,0.9887277,0.1170672,0.09334254,0.0,0.0,0.0,0.0,0.0,0.0,0.0,-3.000709,-0.3817691,-1.978227,1.071576,0.02842691,-3.45171,-0.02097114,0.7982823,-0.04449606,0.6002716,2.628739,106.0025,355.0094,0.2421992,0.01176721,-0.9701549,0.1010439,0.005592214,-0.001482957,3.170577,0.2015121,-3.398324,-0.6506116,0.20896,1.992901,-0.2784689,-0.0869012,-0.956506,0.01993765,0.9951606,-0.09621757,0.9602385,-0.04586407,-0.2753887,static,84.60688,51.4332,-18.08003,5.985716,-5.368699364570071,3.503243933933995,112.29459153173121,12.95147073046214,101.85446617920422
3528,05/05/2023 11:22:41.776816,3710,True,True,True,True,Eyes,1.093668,0.03206431,-3.447975,0.988852,0.117514,0.09144519,0.0,0.0,0.0,0.0,0.0,0.0,0.0,-3.016655,-0.3711171,-1.965602,1.083474,0.0308271,-3.4535,-0.02646324,0.7955842,-0.040518,0.6039073,1.862915,105.5126,354.7735,0.2498573,0.01142961,-0.9682149,0.6368281,-0.01565032,-0.03003711,3.179328,0.233258,-3.382581,-0.650612,0.2089601,1.992901,-0.2691916,-0.09104569,-0.9587736,0.00683076,0.995316,-0.09643363,0.9630625,-0.03250827,-0.2673088,moving,84.71654,52.11122,-18.08003,5.985717,-5.397542721377212,3.534925336646601,112.67074523037428,12.917115132628933,101.95922285608415
3529,05/05/2023 11:22:41.798216,3711,True,True,True,True,Eyes,1.094532,0.03217616,-3.44806,0.9889471,0.117886,0.08992483,0.0,0.0,0.0,0.0,0.0,0.0,0.0,-3.029436,-0.3790966,-1.952136,1.094186,0.03194316,-3.454529,-0.02788275,0.7931303,-0.04094536,0.6070341,1.782097,105.0577,354.6071,0.2562037,0.01114263,-0.9665583,0.5986184,-0.0147113,-0.02823488,3.187803,0.238595,-3.37201,-0.6460889,0.2089601,1.9929,-0.2614643,-0.09393974,-0.9606308,0.005481145,0.995092,-0.09880156,0.9651976,-0.03109844,-0.2596661,moving,84.80439,52.66318,-17.96246,5.985721,-5.421110117427606,3.5607528231864816,112.87076963332527,12.773641905723554,101.9266727501656
3530,05/05/2023 11:22:41.806870,3712,True,True,True,True,Eyes,1.095786,0.03231872,-3.448257,0.9890296,0.1182014,0.08859451,0.0,0.0,0.0,0.0,0.0,0.0,0.0,-3.042303,-0.3846418,-1.939638,1.105451,0.03366547,-3.455806,-0.0272931,0.7908009,-0.04164433,0.610045,1.86615,104.617,354.6047,0.2614881,0.01090015,-0.9651449,0.5627013,-0.01382862,-0.02654079,3.197572,0.2370063,-3.361391,-0.6418099,0.20896,1.9929,-0.2542005,-0.09397663,-0.9625749,0.007643009,0.9950416,-0.09916478,0.9671214,-0.03256471,-0.2522218,moving,84.88127,53.14764,-17.85107,5.98572,-5.441809248004521,3.58342763418069,113.04061385166837,12.63965035204254,101.88985614935369
3531,05/05/2023 11:22:41.826901,3713,True,True,True,True,Eyes,1.097414,0.03249188,-3.448473,0.9890943,0.1183699,0.08764135,0.0,0.0,0.0,0.0,0.0,0.0,0.0,-3.055205,-0.3697806,-1.930443,1.116565,0.03478097,-3.456833,-0.02782872,0.7887328,-0.03903184,0.6128646,1.573592,104.2315,354.7342,0.2659136,0.01069613,-0.9639373,0.5289392,-0.01299891,-0.02494834,3.206083,0.246563,-3.35139,-0.6377643,0.2089599,1.9929,-0.2472457,-0.09174129,-0.9646001,0.003943601,0.9954041,-0.09568184,0.968945,-0.0274609,-0.2457476,moving,84.93638,53.48367,-17.74562,5.985717,-5.456057682974089,3.5991095764954566,113.13553227518847,12.519154801263152,101.83857121298945
3532,05/05/2023 11:22:41.846720,3714,True,True,True,True,Eyes,1.099435,0.03267429,-3.448612,0.9891593,0.118408,0.08685276,0.0,0.0,0.0,0.0,0.0,0.0,0.0,-3.068881,-0.3702096,-1.916149,1.127221,0.03572457,-3.457572,-0.0259409,0.7863408,-0.03957236,0.6159784,1.73499,103.7755,354.86,0.2696647,0.01052502,-0.9628965,0.4972028,-0.01221897,-0.02345144,3.215462,0.2401312,-3.339276,-0.63341,0.20896,1.9929,-0.2397955,-0.08954821,-0.9666848,0.007954667,0.9955222,-0.09419278,0.9707909,-0.03027665,-0.2380093,moving,84.98203,53.73981,-17.63199,5.985717,-5.46669646245631,3.610969910805414,113.18167033054888,12.394909866241077,101.77083497442585
3533,05/05/2023 11:22:41.857010,3715,True,True,True,True,Eyes,1.101802,0.03280664,-3.448752,0.989186,0.1185236,0.08639042,0.0,0.0,0.0,0.0,0.0,0.0,0.0,-3.081673,-0.3638152,-1.904232,1.138201,0.03599297,-3.458087,-0.02555737,0.7840749,-0.03867118,0.6189329,1.662132,103.353,354.9523,0.2730872,0.01037576,-0.9619331,0.4673707,-0.01148584,-0.02204436,3.2243,0.2415676,-3.328198,-0.6289875,0.20896,1.9929,-0.2325378,-0.08794751,-0.9686028,0.007791956,0.9957027,-0.09227879,0.9725561,-0.02900562,-0.2308532,moving,85.00875,53.91214,-17.51644,5.985721,-5.474097733118393,3.6190517642758766,113.1740086004718,12.272698584420878,101.68196838902762
3534,05/05/2023 11:22:41.877123,3716,True,True,True,True,Eyes,1.104498,0.03292662,-3.448847,0.9892513,0.1182064,0.08607668,0.0,0.0,0.0,0.0,0.0,0.0,0.0,-3.094146,-0.3528382,-1.892898,1.148938,0.03491703,-3.458326,-0.02554334,0.7818691,-0.03716638,0.6218094,1.510051,102.9453,355.0553,0.2762235,0.01024476,-0.9610386,0.4393284,-0.01079669,-0.0207217,3.23264,0.2443393,-3.317131,-0.6247367,0.2089601,1.9929,-0.2254015,-0.0861639,-0.9704484,0.006277694,0.9959324,-0.08988467,0.9742458,-0.0263523,-0.2239437,moving,85.02711,53.93827,-17.40522,5.985719,-5.47434729756726,3.619910748700911,113.1009698306628,12.163172781950012,101.5923507143043
3535,05/05/2023 11:22:41.896995,3717,True,True,True,True,Eyes,1.107524,0.03313978,-3.448942,0.9892967,0.1178315,0.08606851,0.0,0.0,0.0,0.0,0.0,0.0,0.0,-3.107132,-0.3650062,-1.875803,1.15935,0.03476093,-3.458444,-0.02236332,0.7792931,-0.04008043,0.6249766,1.977997,102.458,355.1237,0.2791107,0.01012987,-0.9602052,0.4129687,-0.01014888,-0.01947839,3.242476,0.2267582,-3.303808,-0.620384,0.20896,1.9929,-0.2178082,-0.08495382,-0.9722872,0.01524352,0.9957868,-0.09042192,0.9758726,-0.03451571,-0.2155955,moving,85.0278,53.85421,-17.29121,5.985719,-5.469900067555184,3.615617072304792,112.96270286248102,12.056564671023956,101.48297120046851
3536,05/05/2023 11:22:41.912527,3718,True,True,True,True,Eyes,1.110872,0.03343203,-3.449053,0.989282,0.1178867,0.08616197,0.0,0.0,0.0,0.0,0.0,0.0,0.0,-3.118201,-0.3768666,-1.862247,1.17033,0.03721553,-3.458628,-0.0220565,0.7768915,-0.04151739,0.6278771,2.109618,102.0189,355.0397,0.2817828,0.01003204,-0.9594256,0.3881906,-0.009539952,-0.01830969,3.251609,0.2250941,-3.293029,-0.6157375,0.20896,1.9929,-0.2105679,-0.08640664,-0.9737532,0.01786463,0.9955796,-0.09220654,0.9774161,-0.03681146,-0.2080934,moving,85.02236,53.83739,-17.16935,5.985718,-5.469350403452145,3.614900785567353,112.84027696669166,11.937787266636567,101.35662953393064
3537,05/05/2023 11:22:41.928336,3719,True,True,True,True,Eyes,1.114522,0.03373089,-3.449143,0.9892211,0.1181865,0.08645009,0.0,0.0,0.0,0.0,0.0,0.0,0.0,-3.126262,-0.3737581,-1.856389,1.181541,0.03931849,-3.458584,-0.02665581,0.7749905,-0.03901232,0.6302041,1.539789,101.6958,354.8065,0.284269,0.009951733,-0.9586927,0.3648992,-0.008967554,-0.01721111,3.258949,0.2491448,-3.285849,-0.6116961,0.20896,1.9929,-0.2042644,-0.09048744,-0.9747246,0.007855457,0.995535,-0.09406557,0.9788842,-0.02687116,-0.2026416,moving,85.00549,53.81558,-17.06322,5.985718,-5.469236352905657,3.6142233933350334,112.71964008105749,11.834037496920994,101.23283331964367
3538,05/05/2023 11:22:41.946928,3720,True,True,True,True,Eyes,1.118453,0.0339998,-3.449206,0.9891557,0.118426,0.0868693,0.0,0.0,0.0,0.0,0.0,0.0,0.0,-3.133439,-0.3720957,-1.850989,1.192476,0.03971889,-3.458248,-0.0293486,0.7732437,-0.03767844,0.6323078,1.212156,101.3954,354.6605,0.2865961,0.009887354,-0.9580003,0.3430052,-0.008429501,-0.01617844,3.266788,0.262078,-3.279227,-0.6074125,0.20896,1.9929,-0.198651,-0.09303597,-0.9756445,0.0022615,0.995438,-0.09538391,0.9800677,-0.02115453,-0.1975343,moving,84.98106,53.73875,-16.95061,5.98572,-5.466700073485681,3.610940832413682,112.56294782551583,11.726882079013846,101.09561316540753
3539,05/05/2023 11:22:41.960100,3721,True,True,True,True,Eyes,1.12264,0.03425178,-3.449229,0.9890846,0.1184989,0.08757599,0.0,0.0,0.0,0.0,0.0,0.0,0.0,-3.142551,-0.3620537,-1.84342,1.203176,0.03926877,-3.457707,-0.0287426,0.7714515,-0.03645832,0.6345921,1.132926,101.0675,354.7997,0.2887872,0.009836473,-0.9573426,0.3224249,-0.007923731,-0.01520774,3.275398,0.2625809,-3.270293,-0.6031438,0.20896,1.9929,-0.1929334,-0.09061937,-0.9770184,0.001925276,0.9956893,-0.09273132,0.98121,-0.01977199,-0.1919272,moving,84.94009,53.53394,-16.83825,5.985719,-5.458465799825563,3.6015717203728195,112.33727704293193,11.626850248175273,100.94355319970131
3540,05/05/2023 11:22:41.976601,3722,True,True,True,True,Eyes,1.127065,0.03451818,-3.44921,0.9890265,0.1182802,0.08852291,0.0,0.0,0.0,0.0,0.0,0.0,0.0,-3.154067,-0.3516559,-1.830951,1.213571,0.03916807,-3.456861,-0.0258457,0.7693058,-0.03597806,0.6373432,1.284168,100.6637,355.0867,0.2908624,0.009797267,-0.9567145,0.3030794,-0.007448307,-0.01429527,3.284345,0.2539104,-3.258005,-0.5987061,0.20896,1.9929,-0.1862515,-0.08562723,-0.9787638,0.006094259,0.9960752,-0.08830141,0.9824834,-0.0224111,-0.1849986,moving,84.88537,53.18819,-16.7213,5.985718,-5.443684204226779,3.5853853482472178,112.0356583923158,11.530230478014921,100.77552197630686
3541,05/05/2023 11:22:41.997019,3723,True,True,True,True,Eyes,1.131727,0.03480801,-3.449159,0.9889522,0.1179614,0.08977058,0.0,0.0,0.0,0.0,0.0,0.0,0.0,-3.167448,-0.3530872,-1.812737,1.223703,0.0398621,-3.456063,-0.02259224,0.7666281,-0.03724067,0.6406122,1.613304,100.1676,355.2743,0.2928402,0.009768946,-0.9561112,0.2848946,-0.007001408,-0.01343756,3.293204,0.2408793,-3.242792,-0.5944833,0.20896,1.9929,-0.178211,-0.08235336,-0.9805399,0.01307396,0.9962054,-0.08604522,0.9839054,-0.02815375,-0.1764582,moving,84.81328,52.72826,-16.60987,5.985719,-5.42397842209424,3.5638356668751947,111.67596202880539,11.445072707149166,100.59656180613274
3542,05/05/2023 11:22:42.006840,3724,True,True,True,True,Eyes,1.136623,0.03509848,-3.449075,0.9888606,0.1176512,0.09117512,0.0,0.0,0.0,0.0,0.0,0.0,0.0,-3.180073,-0.3572063,-1.795451,1.23415,0.04074203,-3.455331,-0.02131103,0.7639217,-0.03814371,0.6438282,1.767071,99.67974,355.3129,0.2947361,0.009751059,-0.9555287,0.267801,-0.006581324,-0.0126313,3.301515,0.2356274,-3.228909,-0.5898556,0.20896,1.9929,-0.1700626,-0.08167589,-0.9820427,0.01655606,0.9961818,-0.08571888,0.9852943,-0.03083632,-0.168061,moving,84.73209,52.22571,-16.48762,5.985717,-5.402594154844212,3.54035102627381,111.28147485149604,11.351546711053503,100.39783638260452
3543,05/05/2023 11:22:42.026547,3725,True,True,True,True,Eyes,1.141732,0.03538324,-3.448961,0.9887689,0.1172287,0.09270182,0.0,0.0,0.0,0.0,0.0,0.0,0.0,-3.1892,-0.361062,-1.784544,1.244642,0.04102687,-3.454728,-0.02146109,0.7617857,-0.03856755,0.6463239,1.77753,99.30173,355.2625,0.2965649,0.00974256,-0.9549627,0.2517329,-0.006186444,-0.01187342,3.309811,0.2357102,-3.218936,-0.5857515,0.2089599,1.9929,-0.1636097,-0.08255175,-0.9830651,0.01715675,0.9961039,-0.08650203,0.9863759,-0.03101877,-0.1615559,moving,84.64391,51.66384,-16.37907,5.985716,-5.378527553913903,3.514027884485874,110.8698944720332,11.274802714394413,100.2065397721513
3544,05/05/2023 11:22:42.046554,3726,True,True,True,True,Eyes,1.14706,0.03568298,-3.448815,0.9886729,0.1168612,0.09417727,0.0,0.0,0.0,0.0,0.0,0.0,0.0,-3.194074,-0.3763035,-1.778375,1.254918,0.04118533,-3.453956,-0.0209778,0.7601984,-0.04091428,0.648062,2.006686,99.02001,355.1253,0.2983376,0.009742342,-0.9544104,0.2366289,-0.005815258,-0.01116102,3.318923,0.2288584,-3.21297,-0.5814599,0.20896,1.992901,-0.1591513,-0.08492456,-0.983595,0.02113541,0.9957719,-0.08939578,0.9870282,-0.03501611,-0.1566835,moving,84.55864,51.13502,-16.26543,5.985717,-5.356015451114404,3.489311419622099,110.47150154112465,11.191396991492107,100.01266682480062
3545,05/05/2023 11:22:42.056696,3727,True,True,True,True,Eyes,1.15259,0.03598501,-3.448628,0.9885645,0.1166037,0.09562361,0.0,0.0,0.0,0.0,0.0,0.0,0.0,-3.194635,-0.396345,-1.778704,1.265487,0.04182114,-3.453021,-0.02168562,0.759199,-0.04345019,0.6490445,2.167719,98.84818,354.8713,0.3000665,0.00974997,-0.9538681,0.2224312,-0.005466342,-0.01049136,3.328499,0.2259613,-3.211422,-0.5770401,0.2089601,1.992901,-0.1565422,-0.08932962,-0.9836234,0.0234748,0.9952836,-0.09412454,0.9873924,-0.0378248,-0.1537068,moving,84.47498,50.64574,-16.14826,5.985717,-5.335477240311355,3.46656506185043,110.0888463126857,11.102359996672002,99.81608916528937
3546,05/05/2023 11:22:42.077033,3728,True,True,True,True,Eyes,1.158322,0.03625836,-3.448379,0.9884545,0.11646,0.09692667,0.0,0.0,0.0,0.0,0.0,0.0,0.0,-3.192721,-0.4092379,-1.784403,1.2759,0.04212764,-3.45186,-0.02375792,0.7586817,-0.04449359,0.6495062,2.100424,98.76759,354.6114,0.3017604,0.00976471,-0.9533334,0.2090853,-0.005138362,-0.009861875,3.337599,0.2307325,-3.212738,-0.5727411,0.20896,1.992901,-0.1551551,-0.09384711,-0.9834226,0.02174832,0.9949118,-0.09837476,0.9876509,-0.03665111,-0.1523245,moving,84.39955,50.23026,-16.03415,5.985715,-5.318304557257027,3.447362023930734,109.74747312784484,11.012383002051603,99.62983312763218
3547,05/05/2023 11:22:42.096518,3729,True,True,True,True,Eyes,1.164245,0.03651318,-3.448078,0.9883403,0.1163471,0.09821886,0.0,0.0,0.0,0.0,0.0,0.0,0.0,-3.190459,-0.4110522,-1.792933,1.28641,0.0416402,-3.45051,-0.02463238,0.7584749,-0.04449146,0.649715,2.033468,98.73575,354.5349,0.3034288,0.009785054,-0.9528035,0.1965402,-0.00483006,-0.009270162,3.347069,0.2329128,-3.214746,-0.5684824,0.20896,1.9929,-0.1545272,-0.09517962,-0.9833931,0.02044745,0.9948274,-0.09949936,0.9877769,-0.03548325,-0.1517817,moving,84.32471,49.82932,-15.92101,5.985721,-5.301857855932712,3.4288835036248315,109.41419264241362,10.922628357758903,99.4448810055258
3548,05/05/2023 11:22:42.106465,3730,True,True,True,True,Eyes,1.170349,0.03675148,-3.447708,0.9882017,0.116391,0.09955148,0.0,0.0,0.0,0.0,0.0,0.0,0.0,-3.18954,-0.4048588,-1.800533,1.296928,0.04145475,-3.448949,-0.02444788,0.7582121,-0.0436742,0.6500843,1.973785,98.68811,354.6112,0.305079,0.009809924,-0.9522762,0.1847478,-0.004540256,-0.008713952,3.356493,0.2336395,-3.215752,-0.5637468,0.2089599,1.9929,-0.1535859,-0.09385718,-0.983668,0.01971046,0.9949897,-0.09801498,0.9879389,-0.03444224,-0.1509664,moving,84.24743,49.459,-15.79502,5.985716,-5.287164604549958,3.412025066106999,109.07987084584926,10.818452293876955,99.24369926770353
3549,05/05/2023 11:22:42.126609,3731,True,True,True,True,Eyes,1.176629,0.03694854,-3.447277,0.9880466,0.1164784,0.1009785,0.0,0.0,0.0,0.0,0.0,0.0,0.0,-3.191548,-0.3912571,-1.804174,1.307342,0.04126885,-3.44721,-0.02435992,0.7575409,-0.04174733,0.6509959,1.807077,98.56882,354.7612,0.3067173,0.009838401,-0.9517494,0.1736629,-0.004267841,-0.008191115,3.365294,0.2374825,-3.212995,-0.5596477,0.20896,1.992901,-0.1512219,-0.09126195,-0.984278,0.01744742,0.9953275,-0.09496704,0.9883459,-0.03153421,-0.1489231,moving,84.16463,49.07705,-15.68584,5.985717,-5.272198549133351,3.3947163981483333,108.75191648397644,10.731132856600171,99.05339839927396
3550,05/05/2023 11:22:42.146629,3732,True,True,True,True,Eyes,1.18308,0.03709695,-3.446785,0.9878665,0.1165764,0.1026147,0.0,0.0,0.0,0.0,0.0,0.0,0.0,-3.195694,-0.3753779,-1.804325,1.317853,0.04049262,-3.445371,-0.02366948,0.7565293,-0.03979335,0.6523185,1.680703,98.38689,354.9648,0.3083501,0.009868994,-0.9512213,0.1632431,-0.00401177,-0.007699648,3.374076,0.2388356,-3.207771,-0.5554566,0.20896,1.9929,-0.1478404,-0.0877292,-0.9851125,0.01610257,0.9957125,-0.09108977,0.9888802,-0.02932959,-0.1457938,moving,84.06966,48.64461,-15.5741,5.98572,-5.255328821568986,3.375151060257904,108.39123489918222,10.643876588065305,98.8485099312689
3551,05/05/2023 11:22:42.156779,3733,True,True,True,True,Eyes,1.189693,0.03719112,-3.446232,0.9876841,0.1166078,0.10432,0.0,0.0,0.0,0.0,0.0,0.0,0.0,-3.200337,-0.3604182,-1.803442,1.328418,0.03947985,-3.443575,-0.02222012,0.7554398,-0.03827992,0.6537214,1.649476,98.1882,355.2013,0.3099823,0.009900149,-0.9506904,0.1534485,-0.003771064,-0.00723767,3.38315,0.2363361,-3.202109,-0.5510621,0.20896,1.9929,-0.1443092,-0.0836207,-0.985993,0.01647687,0.9960818,-0.08688787,0.9893954,-0.02878481,-0.142366,moving,83.97073,48.18345,-15.4568,5.98572,-5.237195547931316,3.3542261970458704,108.01149077322191,10.552965213234053,98.63465379647735
3552,05/05/2023 11:22:42.176852,3734,True,True,True,True,Eyes,1.196461,0.03723378,-3.445638,0.9874861,0.1165875,0.1062011,0.0,0.0,0.0,0.0,0.0,0.0,0.0,-3.20344,-0.3482457,-1.804362,1.338941,0.03831409,-3.441627,-0.02055864,0.7545491,-0.03727173,0.6548616,1.680186,98.02437,355.4186,0.3116182,0.009930317,-0.9501551,0.1442416,-0.0035448,-0.006803409,3.392527,0.231727,-3.197717,-0.5466278,0.20896,1.992899,-0.1414671,-0.07984064,-0.9867179,0.01779064,0.9963763,-0.08317282,0.989783,-0.02932057,-0.139534,moving,83.86161,47.6692,-15.3383,5.98572,-5.21690158986373,3.330861696999352,107.6017409195525,10.46379368994441,98.40993359769651
3553,05/05/2023 11:22:42.196893,3735,True,True,True,True,Eyes,1.203377,0.03723412,-3.444973,0.9872886,0.1165006,0.1081157,0.0,0.0,0.0,0.0,0.0,0.0,0.0,-3.204892,-0.3411618,-1.806916,1.349472,0.03718676,-3.439507,-0.01885917,0.7538318,-0.037007,0.6557535,1.779903,97.89175,355.5836,0.3132614,0.009958181,-0.9496143,0.1355871,-0.003332112,-0.006395204,3.402272,0.2252681,-3.194412,-0.5423292,0.2089601,1.9929,-0.1392638,-0.07696822,-0.9872597,0.02010166,0.9965496,-0.08052804,0.9900514,-0.03106019,-0.1372361,moving,83.75058,47.13786,-15.2233,5.98572,-5.19582852438343,3.306676770582143,107.18828083719787,10.379183822410779,98.18721979256817
3554,05/05/2023 11:22:42.206457,3736,True,True,True,True,Eyes,1.210444,0.03718913,-3.444255,0.9870709,0.1165005,0.1100854,0.0,0.0,0.0,0.0,0.0,0.0,0.0,-3.20626,-0.3347459,-1.809103,1.359984,0.03620195,-3.43717,-0.01757834,0.7530621,-0.03666749,0.6566919,1.841727,97.75239,355.7176,0.3149152,0.009982808,-0.949067,0.1274519,-0.003132185,-0.006011492,3.411765,0.2205393,-3.19127,-0.5375262,0.2089601,1.992902,-0.1368939,-0.07463365,-0.9877704,0.02168332,0.996693,-0.07831289,0.9903486,-0.03213867,-0.1348228,moving,83.63625,46.62172,-15.09464,5.985715,-5.175753278142918,3.2833495599102487,106.76644389765974,10.280422791540442,97.94714895128246
3555,05/05/2023 11:22:42.226418,3737,True,True,True,True,Eyes,1.217653,0.03708907,-3.443459,0.986842,0.1165762,0.1120398,0.0,0.0,0.0,0.0,0.0,0.0,0.0,-3.206547,-0.3264583,-1.813586,1.370733,0.03507989,-3.434746,-0.01752289,0.7524509,-0.03564546,0.6574497,1.753644,97.64536,355.7979,0.3165823,0.01000328,-0.948512,0.1198048,-0.002944254,-0.005650803,3.421289,0.2214896,-3.188307,-0.5338024,0.2089601,1.992901,-0.1349059,-0.07324042,-0.9881479,0.02049996,0.9968448,-0.07668376,0.9906463,-0.03060209,-0.1329788,moving,83.52274,46.13676,-14.9948,5.985717,-5.15726200176154,3.261587428079401,106.38520546410318,10.207743912902492,97.73586846332805
3556,05/05/2023 11:22:42.246868,3738,True,True,True,True,Eyes,1.224995,0.03694203,-3.442585,0.9866011,0.1166979,0.114017,0.0,0.0,0.0,0.0,0.0,0.0,0.0,-3.2058,-0.318929,-1.819206,1.381336,0.03364626,-3.432078,-0.01796608,0.7519556,-0.03460896,0.6580595,1.627608,97.5605,355.8368,0.3182651,0.01001851,-0.9479486,0.1126165,-0.002767599,-0.005311755,3.43055,0.2237899,-3.186648,-0.5294843,0.20896,1.9929,-0.1332699,-0.07256889,-0.9884194,0.01853011,0.9969589,-0.07569429,0.9909065,-0.0284033,-0.13152,moving,83.40783,45.66575,-14.87891,5.985719,-5.139587157995168,3.240570766392238,105.99428343070471,10.118806661127431,97.50701569643655
3557,05/05/2023 11:22:42.256756,3739,True,True,True,True,Eyes,1.232468,0.03675026,-3.441616,0.9863521,0.1168855,0.1159616,0.0,0.0,0.0,0.0,0.0,0.0,0.0,-3.203997,-0.3156934,-1.825493,1.391932,0.03237375,-3.429163,-0.01808554,0.7515516,-0.03428525,0.6585346,1.588119,97.4906,355.85,0.319966,0.01002774,-0.9473757,0.1058595,-0.002601543,-0.004993049,3.440141,0.2234608,-3.185482,-0.5251129,0.2089601,1.9929,-0.1320104,-0.07234047,-0.9886052,0.01797162,0.9969949,-0.07535417,0.9910855,-0.02771436,-0.1303136,moving,83.29474,45.22736,-14.76146,5.98572,-5.123510757186381,3.2211668236478017,105.61687681582713,10.02660560069711,97.27795111226325
3558,05/05/2023 11:22:42.276837,3740,True,True,True,True,Eyes,1.240067,0.03652899,-3.440554,0.9860886,0.1172112,0.1178586,0.0,0.0,0.0,0.0,0.0,0.0,0.0,-3.201871,-0.3114061,-1.831985,1.402536,0.03109281,-3.425938,-0.01871094,0.7511505,-0.0336426,0.6590075,1.482981,97.42324,355.8438,0.3216868,0.01003037,-0.9467927,0.0,0.0,0.0,3.449541,0.2255899,-3.184091,-0.5208029,0.20896,1.9929,-0.1307178,-0.07245092,-0.9887687,0.01623198,0.9970362,-0.07520262,0.9912866,-0.02588001,-0.1291544,moving,83.18427,44.84221,-14.64553,5.985719,-5.110064594357962,3.204404019659907,105.26393808362427,9.932814984789575,97.05205366997798
3559,05/05/2023 11:22:42.296729,3741,True,True,True,True,Eyes,1.247789,0.03627401,-3.43939,0.9858017,0.1177523,0.1197056,0.0,0.0,0.0,0.0,0.0,0.0,0.0,-3.199566,-0.3077303,-1.838471,1.413175,0.03013015,-3.422561,-0.01986209,0.7507277,-0.03286819,0.6594948,1.326643,97.35445,355.8025,0.3234288,0.01002626,-0.9461992,0.0,0.0,0.0,3.458763,0.2301168,-3.182779,-0.5163395,0.20896,1.9929,-0.1293445,-0.07317485,-0.9888961,0.01353076,0.9970504,-0.07554802,0.9915075,-0.02315223,-0.1279729,moving,83.07648,44.52871,-14.52534,5.98572,-5.10020978239274,3.1912173066689795,104.9365396106261,9.830682830906905,96.82316002111725
3560,05/05/2023 11:22:42.306561,3742,True,True,True,True,Eyes,1.443685,0.02883456,-3.40853,0.9794946,0.134571,0.149937,0.0,0.0,0.0,0.0,0.0,0.0,0.0,-3.196445,-0.3003641,-1.846581,1.423874,0.02900864,-3.41893,-0.02219483,0.7504166,-0.03120072,0.6598551,1.00481,97.311,355.7276,0.3251933,0.01001518,-0.9455943,0.0,0.0,0.0,3.467532,0.2405352,-3.182192,-0.5118687,0.20896,1.9929,-0.1281972,-0.07448666,-0.9889475,0.007865167,0.9970678,-0.07611783,0.9917175,-0.01753634,-0.1272355,moving,81.29696,41.90852,-14.40483,5.985719,-5.071431842790302,3.103506637471816,102.22172098379924,9.768288962951274,94.8384574377197
3561,05/05/2023 11:22:42.326868,3743,True,True,True,True,Eyes,1.444116,0.02877345,-3.408369,0.9794652,0.1347933,0.1499289,0.0,0.0,0.0,0.0,0.0,0.0,0.0,-3.19242,-0.2926863,-1.855906,1.434521,0.02766681,-3.415111,-0.02457025,0.7502344,-0.02952651,0.6600552,0.6800117,97.29163,355.6499,0.3327455,0.009752295,-0.942966,0.5876902,-0.02231836,0.09258127,3.476304,0.2508602,-3.182039,-0.5076409,0.20896,1.9929,-0.127447,-0.07584514,-0.9889414,0.00211136,0.997049,-0.07673905,0.9918433,-0.01186816,-0.1269107,moving,81.29716,41.95707,-14.29074,5.985719,-5.073963897613796,3.105971180480051,102.1321923742715,9.656185024405204,94.72446257051831
3562,05/05/2023 11:22:42.346787,3744,True,True,True,True,Eyes,1.444962,0.02864216,-3.408074,0.9794663,0.1350936,0.1496506,0.0,0.0,0.0,0.0,0.0,0.0,0.0,-3.187379,-0.2861275,-1.866523,1.445303,0.02608236,-3.411098,-0.02696308,0.7501732,-0.02806324,0.6600952,0.3728938,97.2949,355.5549,0.3391128,0.009531571,-0.9406971,0.5524288,-0.02097926,0.08702639,3.485278,0.260442,-3.182744,-0.5032425,0.20896,1.9929,-0.1270946,-0.07750278,-0.9888579,-0.003405146,0.9969709,-0.07770098,0.9918847,-0.006508177,-0.1269735,moving,81.31308,42.0734,-14.17193,5.985717,-5.07908918967491,3.1114809922329383,102.0769709533379,9.536298371499194,94.62075966334736
3563,05/05/2023 11:22:42.366676,3745,True,True,True,True,Eyes,1.446197,0.02844169,-3.407622,0.9794618,0.1354738,0.1493369,0.0,0.0,0.0,0.0,0.0,0.0,0.0,-3.181097,-0.2802119,-1.879081,1.456134,0.02425062,-3.40704,-0.02885415,0.7503293,-0.02691632,0.6598856,0.1324292,97.33401,355.479,0.3445123,0.00934357,-0.9387351,0.5192831,-0.0197205,0.08180481,3.494671,0.2672745,-3.184624,-0.4988456,0.20896,1.9929,-0.1274369,-0.07882362,-0.9887096,-0.007776849,0.9968859,-0.07847309,0.9918162,-0.002311321,-0.127653,moving,81.33098,42.21334,-14.05303,5.98572,-5.085330999124032,3.1181411001644697,102.03210188241982,9.415021726851922,94.51840454424723
3564,05/05/2023 11:22:42.376964,3746,True,True,True,True,Eyes,1.447796,0.02831861,-3.407009,0.9795582,0.1353285,0.1488355,0.0,0.0,0.0,0.0,0.0,0.0,0.0,-3.173725,-0.2767263,-1.8926,1.466731,0.02236513,-3.402828,-0.02993244,0.7506489,-0.02640796,0.6594946,0.009490975,97.39674,355.4247,0.3491673,0.009178481,-0.9370152,0.4881261,-0.01853727,0.07689653,3.504417,0.2697848,-3.186984,-0.4946226,0.20896,1.992901,-0.1283421,-0.07976929,-0.9885167,-0.01010569,0.9968134,-0.07912675,0.9916786,-0.0001656528,-0.1287394,moving,81.36047,42.27864,-13.93872,5.985717,-5.0869544428424005,3.120707558174909,101.97603578557087,9.30387191338254,94.43544994572999
3565,05/05/2023 11:22:42.396813,3747,True,True,True,True,Eyes,1.449717,0.0283397,-3.406238,0.9796135,0.1355927,0.1482295,0.0,0.0,0.0,0.0,0.0,0.0,0.0,-3.165863,-0.2968717,-1.901188,1.475596,0.02447996,-3.398139,-0.02804217,0.7507866,-0.02964702,0.659283,0.4321126,97.4082,355.3424,0.3533926,0.009026389,-0.9354314,0.4588386,-0.01742504,0.07228273,3.514492,0.2575316,-3.187488,-0.4903694,0.2089601,1.992901,-0.1291189,-0.08119895,-0.9882991,-0.003015818,0.9966694,-0.08149265,0.9916247,-0.007541711,-0.1289338,moving,81.39561,42.45066,-13.82348,5.985717,-5.093825933851794,3.128558001821778,101.96257729393344,9.185326213885315,94.3544418172228
3566,05/05/2023 11:22:42.406777,3748,True,True,True,True,Eyes,1.451937,0.02831057,-3.405318,0.9796678,0.1361498,0.1473579,0.0,0.0,0.0,0.0,0.0,0.0,0.0,-3.154675,-0.3001794,-1.918527,1.485272,0.0278432,-3.393527,-0.03317558,0.7514175,-0.02809737,0.6583931,359.9164,97.55386,355.0172,0.3572416,0.00888992,-0.9339694,0.4313082,-0.01637953,0.06794577,3.521726,0.2811019,-3.193854,-0.4856329,0.2089601,1.9929,-0.1308356,-0.08685566,-0.987592,-0.01285919,0.9962198,-0.08591088,0.9913206,0.001459434,-0.1314579,moving,81.44592,42.73606,-13.69501,5.985719,-5.105713865132296,3.141787403071937,101.99207873595469,9.047870192507133,94.27341183012553
3567,05/05/2023 11:22:42.426590,3749,True,True,True,True,Eyes,1.454416,0.02827014,-3.404269,0.9798082,0.1360169,0.1465442,0.0,0.0,0.0,0.0,0.0,0.0,0.0,-3.142417,-0.2838857,-1.941314,1.496083,0.02619452,-3.388971,-0.03955213,0.7524112,-0.02415887,0.6570613,359.1049,97.7812,354.7629,0.3607609,0.0087662,-0.9326169,0.4054298,-0.01539676,0.06386902,3.528801,0.3093162,-3.202239,-0.4813066,0.20896,1.9929,-0.1334125,-0.09126664,-0.9868494,-0.02777121,0.995704,-0.08833116,0.9906716,0.01562154,-0.1353739,moving,81.49366,42.86633,-13.57754,5.985717,-5.109628984405941,3.14719139475484,101.97407849397695,8.93099908071049,94.20522811323208
3568,05/05/2023 11:22:42.446882,3750,True,True,True,True,Eyes,1.457215,0.02835961,-3.403139,0.9800536,0.1352956,0.1455681,0.0,0.0,0.0,0.0,0.0,0.0,0.0,-3.136018,-0.3129411,-1.946675,1.504758,0.02603303,-3.384835,-0.03348122,0.7524542,-0.0302482,0.6570972,0.08708666,97.73647,354.8284,0.3639916,0.00865367,-0.9313617,0.381104,-0.01447296,0.06003688,3.541362,0.2741444,-3.200707,-0.4773924,0.20896,1.992901,-0.1342047,-0.09013819,-0.9868457,-0.01063415,0.9959281,-0.08952161,0.9908966,-0.001519948,-0.1346167,moving,81.55158,42.90536,-13.47116,5.985717,-5.108141813982552,3.1476934304444675,101.94302897380993,8.831446708269901,94.16184758267173
3569,05/05/2023 11:22:42.456994,3751,True,True,True,True,Eyes,1.46028,0.02854193,-3.401927,0.9803165,0.1346397,0.1444006,0.0,0.0,0.0,0.0,0.0,0.0,0.0,-3.124955,-0.335073,-1.963214,1.515224,0.02935041,-3.381576,-0.03224004,0.7532248,-0.03337457,0.6561244,0.4566611,97.86147,354.7002,0.3669713,0.008554728,-0.9301926,0.3582377,-0.01360458,0.05643466,3.553097,0.2652135,-3.207011,-0.4729844,0.2089601,1.992901,-0.1369229,-0.09236372,-0.9862664,-0.004772253,0.9956934,-0.09258406,0.9905704,-0.007970156,-0.1367741,moving,81.62059,42.9966,-13.35125,5.985719,-5.108714320944332,3.1505672892293,101.92867950376754,8.716506160359877,94.11558336042089
3570,05/05/2023 11:22:42.476757,3752,True,True,True,True,Eyes,1.463591,0.02883466,-3.400675,0.9806541,0.1335465,0.1431189,0.0,0.0,0.0,0.0,0.0,0.0,0.0,-3.108087,-0.3542039,-1.988244,1.52467,0.03172919,-3.378335,-0.0342123,0.7548311,-0.03526299,0.6540765,0.4858903,98.157,354.3885,0.3697326,0.008470529,-0.9290993,0.3367434,-0.0127883,0.05304858,3.562745,0.2686031,-3.219944,-0.4686424,0.20896,1.992901,-0.142027,-0.09777839,-0.9850217,-0.005519633,0.9951721,-0.09799013,0.9898475,-0.00848028,-0.141881,moving,81.69674,43.0184,-13.23302,5.985717,-5.105212371744605,3.1497259810540865,101.8973941955146,8.608373940615525,94.08085037879654
3571,05/05/2023 11:22:42.496980,3753,True,True,True,True,Eyes,1.467174,0.02924092,-3.399364,0.9809998,0.132687,0.1415405,0.0,0.0,0.0,0.0,0.0,0.0,0.0,-3.088155,-0.390678,-2.014343,1.533947,0.03484976,-3.375307,-0.03226674,0.7568058,-0.04066008,0.6515754,1.117061,98.48905,354.1546,0.3723037,0.008402574,-0.9280726,0.3165388,-0.01202101,0.04986567,3.574592,0.2511032,-3.234462,-0.464239,0.20896,1.992901,-0.1488166,-0.1018255,-0.9836083,0.004146922,0.9946113,-0.103592,0.9888562,-0.01949515,-0.1475924,moving,81.78992,43.15083,-13.113,5.985717,-5.106469308591333,3.154076106568777,101.92060561451333,8.492509868220402,94.05958525509496
3572,05/05/2023 11:22:42.506933,3754,True,True,True,True,Eyes,1.471025,0.02969578,-3.398009,0.9813641,0.1318395,0.1397956,0.0,0.0,0.0,0.0,0.0,0.0,0.0,-3.066272,-0.3873398,-2.051172,1.544027,0.03793423,-3.372522,-0.0344634,0.7595528,-0.03925925,0.6483445,0.8566401,98.98836,354.0724,0.3747105,0.008352312,-0.9271041,0.2975465,-0.01129975,0.04687373,3.584074,0.2634303,-3.254104,-0.4597262,0.2089601,1.992901,-0.1569235,-0.1032606,-0.9821978,-0.001446501,0.9945419,-0.1043273,0.9876098,-0.01495064,-0.1562164,moving,81.89275,43.3223,-12.98987,5.985719,-5.109183576997091,3.160164996337401,101.96436563247947,8.371915785847115,94.04468546651235
3573,05/05/2023 11:22:42.526818,3755,True,True,True,True,Eyes,1.475099,0.03018812,-3.396592,0.9817489,0.1309306,0.1379351,0.0,0.0,0.0,0.0,0.0,0.0,0.0,-3.047011,-0.3821876,-2.084044,1.554292,0.03957867,-3.369895,-0.0350165,0.7619575,-0.03828127,0.6455455,0.7521955,99.41737,354.0998,0.3769762,0.008319271,-0.9261853,0.2796937,-0.01062176,0.04406131,3.594095,0.2680774,-3.270647,-0.4555669,0.20896,1.9929,-0.1640895,-0.1027868,-0.9810756,-0.003937563,0.9946167,-0.1035469,0.9864376,-0.01312791,-0.1636109,moving,82.00233,43.50766,-12.87628,5.985718,-5.112214066811466,3.1667875783890627,102.02865659697505,8.259969039698777,94.04627259595418
3574,05/05/2023 11:22:42.546769,3756,True,True,True,True,Eyes,1.47939,0.03070504,-3.395126,0.9821275,0.1303396,0.1357831,0.0,0.0,0.0,0.0,0.0,0.0,0.0,-3.032469,-0.3808561,-2.107655,1.563674,0.04099805,-3.366952,-0.03374743,0.763597,-0.03834915,0.6436694,0.8664718,99.69815,354.2079,0.3791209,0.008302733,-0.9253095,0.2629121,-0.009984455,0.04141763,3.603715,0.2642606,-3.281575,-0.4512089,0.20896,1.9929,-0.1691018,-0.1009072,-0.9804195,-0.002170529,0.9947809,-0.102011,0.9855963,-0.01512221,-0.1684383,moving,82.12853,43.82819,-12.75716,5.985717,-5.121314462155697,3.1798604071502106,102.15354584903956,8.135045685025709,94.05668772598048
3575,05/05/2023 11:22:42.556700,3757,True,True,True,True,Eyes,1.483873,0.03122897,-3.393619,0.9824852,0.129829,0.1336688,0.0,0.0,0.0,0.0,0.0,0.0,0.0,-3.022088,-0.3617147,-2.128635,1.57319,0.04208298,-3.364259,-0.0351596,0.7647689,-0.03522764,0.6423795,0.4990754,99.91702,354.3161,0.381162,0.008301708,-0.9244706,0.2471374,-0.009385387,0.03893257,3.611432,0.2769123,-3.290135,-0.4469393,0.20896,1.9929,-0.1722249,-0.09903696,-0.9800666,-0.008518902,0.9950456,-0.09905362,0.985021,-0.008710399,-0.1722154,moving,82.25238,44.16513,-12.64033,5.985718,-5.131418146225676,3.1938281725321,102.28535531448208,8.011142617409286,94.06656107378232
3576,05/05/2023 11:22:42.577069,3758,True,True,True,True,Eyes,1.488565,0.03179668,-3.392071,0.98282,0.1294496,0.1315585,0.0,0.0,0.0,0.0,0.0,0.0,0.0,-3.015973,-0.3504721,-2.141924,1.582282,0.04277082,-3.361744,-0.03498687,0.7652704,-0.03367105,0.6418748,0.3793312,100.0047,354.4464,0.3831148,0.008314821,-0.923663,0.2323091,-0.008822264,0.03659661,3.619459,0.2803674,-3.294506,-0.4424319,0.20896,1.9929,-0.1735449,-0.09677403,-0.9800595,-0.01032363,0.9952844,-0.0964493,0.9847717,-0.006620531,-0.1737256,moving,82.37581,44.53707,-12.5169,5.985719,-5.14338161383011,3.209587091427612,102.42476787901109,7.878812205210832,94.0686275467647
3577,05/05/2023 11:22:42.596602,3759,True,True,True,True,Eyes,1.493473,0.03240359,-3.390508,0.9830898,0.129537,0.1294397,0.0,0.0,0.0,0.0,0.0,0.0,0.0,-3.010765,-0.3453447,-2.153787,1.591932,0.04436131,-3.359546,-0.03537805,0.7655331,-0.03268753,0.641591,0.2664434,100.0546,354.4847,0.3849933,0.008341826,-0.9228813,0.2183706,-0.008292928,0.03440082,3.627959,0.2851815,-3.298166,-0.4380118,0.20896,1.9929,-0.1742189,-0.09611018,-0.9800055,-0.01222209,0.9953598,-0.09544324,0.9846312,-0.004650297,-0.1745851,moving,82.49923,45.02152,-12.39573,5.98572,-5.161241754788948,3.2310694800599444,102.61017062183261,7.741183349921568,94.0699044443855
3578,05/05/2023 11:22:42.606496,3760,True,True,True,True,Eyes,1.498567,0.03300927,-3.388924,0.983318,0.1298959,0.1273297,0.0,0.0,0.0,0.0,0.0,0.0,0.0,-3.003609,-0.328,-2.170918,1.602007,0.04580303,-3.357619,-0.03980855,0.7660657,-0.02901051,0.6408721,359.6232,100.1885,354.3657,0.3868103,0.008382379,-0.9221208,0.2052683,-0.007795352,0.03233677,3.63453,0.3094318,-3.305254,-0.4336756,0.20896,1.992901,-0.1753965,-0.098176,-0.9795906,-0.02380787,0.9951473,-0.09547231,0.9842101,0.006576464,-0.1768827,moving,82.62183,45.5716,-12.27675,5.985717,-5.182591234067555,3.255911368214714,102.82403716498439,7.601245120609045,94.07078200185435
3579,05/05/2023 11:22:42.626452,3761,True,True,True,True,Eyes,1.503852,0.03360324,-3.387332,0.9835186,0.1304459,0.1251999,0.0,0.0,0.0,0.0,0.0,0.0,0.0,-2.995684,-0.3207445,-2.187108,1.611537,0.04628808,-3.355777,-0.04361536,0.7665938,-0.0270665,0.6400774,359.1786,100.3206,354.1727,0.3885763,0.008435078,-0.9213775,0.1929522,-0.007327631,0.03039656,3.641206,0.3263271,-3.312575,-0.4295641,0.20896,1.992901,-0.1767973,-0.1015198,-0.9789976,-0.03222121,0.9947302,-0.09733245,0.9837198,0.01433638,-0.1791367,moving,82.74538,46.17559,-12.16384,5.985715,-5.20670791551499,3.2834712465843974,103.0678712961708,7.463498385063428,94.0773485179918
3580,05/05/2023 11:22:42.646922,3762,True,True,True,True,Eyes,1.509312,0.03419226,-3.385711,0.9837074,0.1309922,0.1231292,0.0,0.0,0.0,0.0,0.0,0.0,0.0,-2.986996,-0.3184822,-2.203748,1.621395,0.04654457,-3.353952,-0.04622697,0.7672064,-0.02618075,0.6391963,358.9156,100.4582,354.0063,0.3903,0.008498345,-0.9206482,0.1813751,-0.006887973,0.02857277,3.648947,0.336432,-3.320356,-0.4252186,0.20896,1.9929,-0.1785823,-0.1044005,-0.9783705,-0.03746198,0.9943553,-0.0992683,0.9832116,0.01892414,-0.1814853,moving,82.86548,46.77229,-12.04441,5.985717,-5.230652980839377,3.310748649973181,103.30262221694292,7.3200232506328735,94.07408419710347
3581,05/05/2023 11:22:42.661595,3763,True,True,True,True,Eyes,1.514938,0.03477427,-3.384094,0.9838788,0.1316085,0.1210853,0.0,0.0,0.0,0.0,0.0,0.0,0.0,-2.979513,-0.3151741,-2.218861,1.63094,0.04693355,-3.352314,-0.04837831,0.7677115,-0.02525315,0.6384677,358.682,100.5732,353.8832,0.3919907,0.008571001,-0.9199289,0.1704926,-0.006474695,0.0268584,3.65647,0.3453208,-3.327373,-0.420846,0.20896,1.9929,-0.1800371,-0.1065278,-0.9778745,-0.04203451,0.9940436,-0.1005502,0.9827613,0.02300172,-0.1834425,moving,82.98393,47.38467,-11.92411,5.985718,-5.255520386525168,3.338865928621017,103.54423829136948,7.1746716524665874,94.06789711292876
3582,05/05/2023 11:22:42.677135,3764,True,True,True,True,Eyes,1.520723,0.03530207,-3.382487,0.9840728,0.1319485,0.1191233,0.0,0.0,0.0,0.0,0.0,0.0,0.0,-2.973373,-0.3159814,-2.231725,1.640546,0.04731794,-3.350785,-0.04972284,0.7680193,-0.02509028,0.6380002,358.5728,100.6442,353.7755,0.3936544,0.008651862,-0.9192174,0.160263,-0.006086213,0.0252469,3.664646,0.349761,-3.332982,-0.4164794,0.20896,1.9929,-0.1809665,-0.1083914,-0.977498,-0.044361,0.9937962,-0.101986,0.9824882,0.02490673,-0.1846523,moving,83.09785,47.92425,-11.80388,5.985721,-5.276849006974866,3.363395996975237,103.75537851926877,7.034111315965896,94.05911145428695
3583,05/05/2023 11:22:42.696757,3765,True,True,True,True,Eyes,1.526641,0.03576387,-3.380897,0.9842893,0.1320169,0.1172434,0.0,0.0,0.0,0.0,0.0,0.0,0.0,-2.968246,-0.3143901,-2.243845,1.650123,0.04657904,-3.349491,-0.05024691,0.7683027,-0.02494545,0.6376236,358.5247,100.7013,353.739,0.395298,0.008738656,-0.918511,0.1506473,-0.00572104,0.02373208,3.673179,0.350474,-3.337974,-0.4122239,0.20896,1.9929,-0.1818228,-0.1090213,-0.9772692,-0.04539806,0.9937059,-0.1024086,0.9822829,0.02574592,-0.1856277,moving,83.20724,48.39193,-11.68661,5.985718,-5.2946860065037376,3.3843846366754136,103.9381045815799,6.90098743701065,94.05053932813247
3584,05/05/2023 11:22:42.706434,3766,True,True,True,True,Eyes,1.532715,0.03620942,-3.379188,0.9847471,0.1319382,0.1134257,0.0,0.0,0.0,0.0,0.0,0.0,0.0,-2.964597,-0.3248687,-2.252068,1.659254,0.04551641,-3.348282,-0.04785088,0.7684079,-0.02717593,0.63759,358.8968,100.6912,353.7877,0.3969257,0.008828959,-0.9178079,0.1416084,-0.005377778,0.02230816,3.683403,0.335678,-3.341106,-0.4075672,0.2089601,1.9929,-0.1823784,-0.1081922,-0.9772576,-0.03888378,0.9939435,-0.1027829,0.9824591,0.01925409,-0.1854807,moving,83.42947,49.31474,-11.55816,5.985722,-5.329491910556859,3.4256351602465074,104.40332204418222,6.734266908545154,94.14306326858858
3585,05/05/2023 11:22:42.726433,3767,True,True,True,True,Eyes,1.538911,0.03665021,-3.377504,0.9852039,0.131617,0.1097744,0.0,0.0,0.0,0.0,0.0,0.0,0.0,-2.961117,-0.3497263,-2.258072,1.668433,0.04552154,-3.347189,-0.04428108,0.7683471,-0.03148709,0.637723,359.5363,100.6403,353.7878,0.398544,0.008922007,-0.9171054,0.1331119,-0.005055111,0.02096967,3.694906,0.3130427,-3.342702,-0.4035632,0.2089601,1.9929,-0.1826974,-0.1082065,-0.9771966,-0.02788639,0.9940954,-0.1048641,0.9827737,0.00809208,-0.1846361,moving,83.64216,50.1704,-11.44762,5.985722,-5.361360675392115,3.4637141891969327,104.85395572133693,6.588101089398076,94.24544041491053
3586,05/05/2023 11:22:42.746916,3768,True,True,True,True,Eyes,1.545221,0.03705638,-3.375894,0.9856488,0.1311157,0.1063259,0.0,0.0,0.0,0.0,0.0,0.0,0.0,-2.957636,-0.3736458,-2.263943,1.677567,0.04587521,-3.346091,-0.04314902,0.7681276,-0.03503293,0.6378801,359.9296,100.5891,353.6281,0.4001556,0.009017342,-0.9164025,0.1251252,-0.004751805,0.01971149,3.704862,0.3002928,-3.345102,-0.3991714,0.2089601,1.9929,-0.1824944,-0.1109815,-0.9769232,-0.02159429,0.9938217,-0.1088673,0.9829698,0.001228285,-0.1837635,moving,83.84308,50.9603,-11.32628,5.98572,-5.390501150941525,3.498749542188837,105.2611985918173,6.435720053184059,94.32676319739566
3587,05/05/2023 11:22:42.757046,3769,True,True,True,True,Eyes,1.551648,0.03743597,-3.374307,0.9860861,0.1304233,0.1030729,0.0,0.0,0.0,0.0,0.0,0.0,0.0,-2.954978,-0.3981842,-2.268331,1.686793,0.04562151,-3.344908,-0.04262714,0.767709,-0.03858849,0.6382139,0.277254,100.509,353.4133,0.4017629,0.009113763,-0.9156981,0.1176177,-0.004466697,0.0185288,3.714602,0.2888398,-3.346584,-0.3947805,0.2089601,1.992901,-0.1817322,-0.1147059,-0.9766352,-0.01619506,0.9933877,-0.1136599,0.9832148,-0.004838986,-0.1823882,moving,84.0327,51.68085,-11.20486,5.985719,-5.416696538783156,3.530546564403642,105.63256047195279,6.287345063083297,94.3981299083971
3588,05/05/2023 11:22:42.776852,3770,True,True,True,True,Eyes,1.558185,0.03778058,-3.372796,0.9864777,0.1298564,0.09999435,0.0,0.0,0.0,0.0,0.0,0.0,0.0,-2.954188,-0.4175846,-2.271296,1.696058,0.04539175,-3.343908,-0.041541,0.7671645,-0.04154243,0.6387544,0.6114006,100.4015,353.2917,0.4033686,0.009210426,-0.9149909,0.1105606,-0.004198695,0.01741707,3.724358,0.2772518,-3.346783,-0.390453,0.20896,1.9929,-0.1805343,-0.1168084,-0.9766079,-0.01066674,0.9930972,-0.1168087,0.9835109,-0.01067076,-0.180534,moving,84.21198,52.40236,-11.08509,5.985718,-5.4435728698215335,3.562657233161053,106.00017077882971,6.139864738729284,94.46015259683396
3589,05/05/2023 11:22:42.797017,3771,True,True,True,True,Eyes,1.564829,0.03807963,-3.371314,0.9868529,0.1291824,0.09712457,0.0,0.0,0.0,0.0,0.0,0.0,0.0,-2.955127,-0.4261234,-2.274201,1.705395,0.04494572,-3.343046,-0.04085709,0.7665629,-0.04292784,0.6394289,0.7771474,100.2878,353.2494,0.4049746,0.009306351,-0.9142803,0.103927,-0.003946773,0.01637205,3.733561,0.2708026,-3.346337,-0.3862169,0.20896,1.9929,-0.1789228,-0.1175376,-0.976817,-0.007740453,0.9929758,-0.1180642,0.9838325,-0.01356337,-0.1785759,moving,84.37914,53.06266,-10.96776,5.98572,-5.467980699822227,3.591964641264805,106.33564604295965,5.998136132844717,94.51334587095049
3590,05/05/2023 11:22:42.806679,3772,True,True,True,True,Eyes,1.571576,0.03832861,-3.36988,0.9871923,0.128646,0.09434764,0.0,0.0,0.0,0.0,0.0,0.0,0.0,-2.957109,-0.4328456,-2.276142,1.714595,0.04417904,-3.342288,-0.03972631,0.7658958,-0.04419696,0.6402126,0.9645605,100.1586,353.2545,0.4065823,0.009400322,-0.9135655,0.0,0.0,0.0,3.742686,0.2629444,-3.345514,-0.3817132,0.20896,1.9929,-0.1770993,-0.1174433,-0.9771606,-0.004261528,0.9929369,-0.1185671,0.9841838,-0.01683396,-0.176349,moving,84.54073,53.74407,-10.84292,5.985719,-5.493834508259198,3.622488533764524,106.67193059826798,5.84786917043255,94.5527360276258
3591,05/05/2023 11:22:42.826624,3773,True,True,True,True,Eyes,1.578426,0.03853606,-3.368488,0.9875252,0.1279626,0.09175827,0.0,0.0,0.0,0.0,0.0,0.0,0.0,-2.959311,-0.4356884,-2.278963,1.723884,0.04320822,-3.341762,-0.03835383,0.7653172,-0.04500994,0.6409312,1.130486,100.0435,353.3142,0.4081929,0.00949115,-0.9128461,0.0,0.0,0.0,3.751897,0.2553326,-3.34486,-0.3775237,0.2089601,1.9929,-0.1754725,-0.1164022,-0.9775787,-0.001009132,0.9930062,-0.1180581,0.9844839,-0.01972943,-0.1743627,moving,84.69147,54.35679,-10.72668,5.985719,-5.51675037074023,3.649796143954759,106.97842707345038,5.709632416472482,94.59092786299296
3592,05/05/2023 11:22:42.846563,3774,True,True,True,True,Eyes,1.585375,0.03871846,-3.367156,0.9878224,0.1274816,0.08919179,0.0,0.0,0.0,0.0,0.0,0.0,0.0,-2.96122,-0.4391322,-2.282315,1.733185,0.04246566,-3.34139,-0.0363909,0.764828,-0.04600035,0.641559,1.356369,99.94022,353.4124,0.409808,0.00957802,-0.9121214,0.0,0.0,0.0,3.761306,0.2456097,-3.34483,-0.3731433,0.20896,1.9929,-0.1741557,-0.1146894,-0.9780164,0.003358315,0.9931194,-0.1170585,0.9847125,-0.02367089,-0.1725722,moving,84.84068,55.02166,-10.60506,5.985717,-5.542492457670164,3.679795729913956,107.30523281763499,5.5629904749592,94.62096116057354
3593,05/05/2023 11:22:42.856631,3775,True,True,True,True,Eyes,1.592424,0.03886157,-3.365867,0.9881026,0.1269846,0.08676501,0.0,0.0,0.0,0.0,0.0,0.0,0.0,-2.962106,-0.440986,-2.287619,1.742559,0.04205278,-3.341176,-0.03480205,0.7645097,-0.04664331,0.6419799,1.526202,99.87116,353.5036,0.4114286,0.009660636,-0.9113905,0.0,0.0,0.0,3.770564,0.2382277,-3.346148,-0.3687794,0.2089601,1.992901,-0.1733015,-0.1131012,-0.9783531,0.006675134,0.9932265,-0.116003,0.9848464,-0.02663411,-0.1713727,moving,84.98175,55.6563,-10.4838,5.985718,-5.567146804675716,3.708466031114485,107.61430180520257,5.418427370823148,94.64343460380748
3594,05/05/2023 11:22:42.877061,3776,True,True,True,True,Eyes,1.599573,0.0389786,-3.364597,0.9883459,0.1267766,0.08426189,0.0,0.0,0.0,0.0,0.0,0.0,0.0,-2.962495,-0.438601,-2.294393,1.751991,0.04126675,-3.34093,-0.03415041,0.7642769,-0.04655176,0.6422988,1.563643,99.82469,353.5669,0.4130556,0.009738323,-0.9106535,0.0,0.0,0.0,3.779409,0.235267,-3.348283,-0.3644088,0.20896,1.9929,-0.1725723,-0.112001,-0.9786086,0.007599515,0.9933333,-0.1150264,0.9849676,-0.02728732,-0.1705706,moving,85.12701,56.39005,-10.36226,5.985718,-5.596739443601036,3.7420706001161936,107.97591106121368,5.267270624191095,94.66787302159275
3595,05/05/2023 11:22:42.896984,3777,True,True,True,True,Eyes,1.606816,0.03905339,-3.363373,0.9885637,0.1265815,0.08197048,0.0,0.0,0.0,0.0,0.0,0.0,0.0,-2.964808,-0.4361289,-2.298797,1.761471,0.0406603,-3.340707,-0.03315277,0.7638023,-0.04648739,0.64292,1.62657,99.73282,353.6579,0.4146899,0.00981085,-0.9099097,0.0,0.0,0.0,3.78843,0.2314571,-3.348619,-0.3601544,0.20896,1.992901,-0.1711099,-0.1104197,-0.9790451,0.009131015,0.9934796,-0.1136435,0.9852098,-0.02838518,-0.1689859,moving,85.25995,57.07408,-10.24386,5.985716,-5.6244779105414455,3.7734615095004633,108.30973483816031,5.121792734887448,94.6831871376494
3596,05/05/2023 11:22:42.916629,3778,True,True,True,True,Eyes,1.614153,0.03907417,-3.362232,0.988733,0.1266831,0.07974014,0.0,0.0,0.0,0.0,0.0,0.0,0.0,-2.969963,-0.4296655,-2.300461,1.770953,0.03973065,-3.340593,-0.03261417,0.7629927,-0.0458093,0.6439565,1.598766,99.58485,353.7533,0.4163318,0.009877563,-0.9091588,0.0,0.0,0.0,3.797106,0.2304358,-3.347387,-0.3555188,0.20896,1.992901,-0.1685128,-0.1087671,-0.9796801,0.009229633,0.9936756,-0.1119085,0.9856563,-0.02790011,-0.1664432,moving,85.38914,57.81181,-10.11474,5.985718,-5.655259226731874,3.807680096168774,108.6597207204531,4.96294447658581,94.68227670646029
3597,05/05/2023 11:22:42.929376,3779,True,True,True,True,Eyes,1.621585,0.03904546,-3.36114,0.9888808,0.126746,0.07778458,0.0,0.0,0.0,0.0,0.0,0.0,0.0,-2.977269,-0.423881,-2.299507,1.78072,0.03851077,-3.340522,-0.03238549,0.7618518,-0.04518491,0.6453616,1.549908,99.38068,353.8169,0.4179815,0.009937563,-0.9084009,0.0,0.0,0.0,3.806093,0.2301194,-3.343751,-0.3514865,0.2089601,1.992901,-0.1649194,-0.1076671,-0.9804131,0.008975327,0.993819,-0.1106491,0.9862664,-0.02704769,-0.1629337,moving,85.50242,58.46237,-10.00235,5.985718,-5.682442764777784,3.837871940101169,108.97229050488939,4.82440060711672,94.68245562466927
3598,05/05/2023 11:22:42.946565,3780,True,True,True,True,Eyes,1.629126,0.0389691,-3.360106,0.9889921,0.1270145,0.07590763,0.0,0.0,0.0,0.0,0.0,0.0,0.0,-2.98664,-0.423016,-2.295216,1.790465,0.0373057,-3.340633,-0.03177751,0.760381,-0.04529493,0.647116,1.590469,99.11633,353.8582,0.4196394,0.00999016,-0.9076357,0.0,0.0,0.0,3.815287,0.2267973,-3.33864,-0.3471279,0.20896,1.9929,-0.1604619,-0.1069482,-0.9812308,0.01029611,0.9938771,-0.1100103,0.9869882,-0.02775533,-0.1583783,moving,85.61102,59.1362,-9.880782,5.985718,-5.711131194689294,3.869367351000251,109.28704399900076,4.675994857541,94.66759414575057
3599,05/05/2023 11:22:42.961158,3781,True,True,True,True,Eyes,1.636766,0.03884143,-3.359125,0.9890745,0.1273019,0.07433586,0.0,0.0,0.0,0.0,0.0,0.0,0.0,-2.997057,-0.4192711,-2.290666,1.800655,0.03606809,-3.340902,-0.03163927,0.7587994,-0.04491127,0.6490035,1.552292,98.83627,353.8951,0.4213061,0.0100348,-0.9068628,0.0,0.0,0.0,3.824661,0.2262233,-3.333092,-0.3427949,0.20896,1.9929,-0.1555869,-0.1063109,-0.982085,0.01027944,0.9939638,-0.1092253,0.9877688,-0.0270893,-0.153555,moving,85.7019,59.71791,-9.75983,5.985718,-5.736072834271133,3.8966305751899264,109.54492389753969,4.533752088199573,94.63578527775135
3600,05/05/2023 11:22:42.976795,3782,True,True,True,True,Eyes,1.644515,0.03868674,-3.358199,0.9891431,0.1276442,0.07282123,0.0,0.0,0.0,0.0,0.0,0.0,0.0,-3.009489,-0.4163533,-2.283274,1.81072,0.03470363,-3.341228,-0.03169615,0.7569146,-0.0446048,0.651219,1.503716,98.50522,353.9086,0.4229824,0.01007088,-0.9060817,0.0,0.0,0.0,3.833848,0.2260202,-3.325884,-0.3384799,0.20896,1.992901,-0.1498184,-0.1060775,-0.9830066,0.01011243,0.9940115,-0.1088063,0.9886618,-0.02624178,-0.1478484,moving,85.78945,60.29518,-9.639294,5.985716,-5.760984892618222,3.9237532263280888,109.8005603873898,4.392376579075297,94.60072889222407
3601,05/05/2023 11:22:42.996560,3783,True,True,True,True,Eyes,1.652371,0.03849804,-3.357334,0.9891675,0.1281355,0.07161699,0.0,0.0,0.0,0.0,0.0,0.0,0.0,-3.022923,-0.4196914,-2.273903,1.821082,0.03386377,-3.341759,-0.03184669,0.7547888,-0.04504255,0.6536443,1.51063,98.13407,353.8578,0.4246682,0.01009851,-0.9052925,0.0,0.0,0.0,3.843448,0.2247564,-3.317771,-0.3341669,0.20896,1.9929,-0.1434701,-0.1069587,-0.9838578,0.01080855,0.9939139,-0.109628,0.9895957,-0.02636242,-0.1414409,moving,85.85894,60.79848,-9.518732,5.985719,-5.783122044194228,3.947575661398939,110.00608657971024,4.255444748859874,94.54687621764717
3602,05/05/2023 11:22:43.006563,3784,True,True,True,True,Eyes,1.660346,0.03825623,-3.356554,0.9891585,0.1288544,0.070442,0.0,0.0,0.0,0.0,0.0,0.0,0.0,-3.037258,-0.4163973,-2.264768,1.831548,0.03281347,-3.342432,-0.03362701,0.7525711,-0.04425198,0.6561614,1.28789,97.7599,353.7588,0.4263642,0.01011759,-0.9044948,0.0,0.0,0.0,3.852282,0.2315022,-3.310149,-0.3295005,0.20896,1.9929,-0.1366429,-0.1086863,-0.9846399,0.007459454,0.993822,-0.110735,0.9905922,-0.02247604,-0.134988,moving,85.92661,61.33549,-9.388193,5.98572,-5.807136762847839,3.973159484363648,110.22027358876274,4.107841720751281,94.47988618616938
3603,05/05/2023 11:22:43.026573,3785,True,True,True,True,Eyes,1.668433,0.03795922,-3.355854,0.9891077,0.1297137,0.06957158,0.0,0.0,0.0,0.0,0.0,0.0,0.0,-3.051303,-0.4113769,-2.256824,1.842453,0.03127451,-3.343251,-0.03591801,0.7504,-0.04317966,0.6585935,1.002343,97.40026,353.6387,0.42807,0.01012754,-0.9036886,0.0,0.0,0.0,3.861362,0.2401123,-3.302611,-0.3254932,0.2089599,1.992899,-0.1299291,-0.1107814,-0.9853151,0.002969935,0.9936908,-0.1121147,0.9915189,-0.0174933,-0.1287803,moving,85.97657,61.79324,-9.276015,5.985718,-5.828078006934094,3.995165033274756,110.39716690641436,3.9812775112381993,94.41266401994395
3604,05/05/2023 11:22:43.046952,3786,True,True,True,True,Eyes,1.676635,0.0375959,-3.355349,0.9893077,0.129355,0.06736212,0.0,0.0,0.0,0.0,0.0,0.0,0.0,-3.066824,-0.4058858,-2.247488,1.853292,0.02960876,-3.344515,-0.03761994,0.7481153,-0.04217552,0.6611579,0.7654287,97.01875,353.5655,0.429786,0.01012775,-0.9028737,0.0,0.0,0.0,3.870442,0.2465946,-3.294951,-0.3211172,0.20896,1.992901,-0.1229102,-0.1120574,-0.9860712,-0.0005187594,0.993612,-0.1128497,0.9924178,-0.01335884,-0.1221833,moving,86.10474,62.49157,-9.153422,5.985715,-5.856856783813811,4.027405524231573,110.75662091676178,3.8343602109678105,94.4202356001648
3605,05/05/2023 11:22:43.057166,3787,True,True,True,True,Eyes,1.684937,0.03719065,-3.354942,0.989462,0.1291395,0.06548283,0.0,0.0,0.0,0.0,0.0,0.0,0.0,-3.082158,-0.3922773,-2.240439,1.864339,0.02793836,-3.346133,-0.03972613,0.7460199,-0.03999319,0.6635335,0.3983341,96.67576,353.5492,0.4315111,0.01011741,-0.9020506,0.0,0.0,0.0,3.87921,0.2572931,-3.288778,-0.3166781,0.2089601,1.992901,-0.1162903,-0.1123466,-0.9868408,-0.006199325,0.9936448,-0.1123907,0.9931959,-0.006952193,-0.1162477,moving,86.21368,63.11177,-9.028988,5.985719,-5.882714008049312,4.056164150519585,111.06102606500997,3.690829439242445,94.40610788487736
3606,05/05/2023 11:22:43.076773,3788,True,True,True,True,Eyes,1.693344,0.03677103,-3.354733,0.9895787,0.1290533,0.06386848,0.0,0.0,0.0,0.0,0.0,0.0,0.0,-3.097412,-0.3855599,-2.232483,1.875078,0.02649709,-3.34813,-0.04076653,0.743931,-0.03893615,0.6658745,0.2086053,96.32633,353.54,0.4332453,0.0100964,-0.9012192,0.0,0.0,0.0,3.888313,0.2620111,-3.282751,-0.3123151,0.20896,1.9929,-0.1098987,-0.1125081,-0.9875547,-0.008801783,0.9936441,-0.1122224,0.9939039,-0.003640847,-0.1101905,moving,86.30719,63.66919,-8.906602,5.985718,-5.906222331977169,4.082124423453747,111.3240725494448,3.553300811492456,94.37796552681834
3607,05/05/2023 11:22:43.097066,3789,True,True,True,True,Eyes,1.701861,0.03638537,-3.354626,0.9896458,0.1292084,0.06249928,0.0,0.0,0.0,0.0,0.0,0.0,0.0,-3.111007,-0.3823279,-2.226995,1.886222,0.02596457,-3.350453,-0.04304911,0.7419887,-0.03795492,0.6679515,359.9321,96.01569,353.4201,0.4349868,0.0100654,-0.9003803,0.0,0.0,0.0,3.897429,0.2712161,-3.278695,-0.3081136,0.2089601,1.9929,-0.1039756,-0.114588,-0.9879569,-0.01317982,0.9934124,-0.1138337,0.9944927,0.001185176,-0.1048009,moving,86.38639,64.18652,-8.788665,5.98572,-5.928502511807365,4.106411865251968,111.5599579369454,3.4223279393118373,94.33852037167662
3608,05/05/2023 11:22:43.106653,3790,True,True,True,True,Eyes,1.710476,0.03617709,-3.354623,0.9897043,0.129329,0.06131296,0.0,0.0,0.0,0.0,0.0,0.0,0.0,-3.123076,-0.3857782,-2.222582,1.897399,0.02633835,-3.352832,-0.04642889,0.740088,-0.03750579,0.6698565,359.6169,95.72614,353.1672,0.4367359,0.01002626,-0.8995336,0.0,0.0,0.0,3.906255,0.2832157,-3.276618,-0.3032795,0.2089601,1.992902,-0.09827375,-0.1189699,-0.9880226,-0.01847592,0.9928753,-0.1177165,0.994988,0.00668622,-0.09977155,moving,86.45501,64.63506,-8.652877,5.985716,-5.947823037954538,4.127471023051021,111.73744100002965,3.2818274378665864,94.27125954773116
3609,05/05/2023 11:22:43.126795,3791,True,True,True,True,Eyes,1.719228,0.03606948,-3.354721,0.9896247,0.1304422,0.06023131,0.0,0.0,0.0,0.0,0.0,0.0,0.0,-3.135588,-0.4142691,-2.213214,1.908329,0.03035085,-3.355474,-0.05061627,0.7376171,-0.03969791,0.6721483,359.4568,95.35268,352.6435,0.4384921,0.009984512,-0.8986793,0.0,0.0,0.0,3.915344,0.2948179,-3.272077,-0.2994813,0.20896,1.992901,-0.09130971,-0.1280366,-0.9875574,-0.02130507,0.9917242,-0.126607,0.9955948,0.009479559,-0.09328179,moving,86.51712,65.21502,-8.546123,5.985716,-5.974427645863514,4.1553820420934695,112.00504730592039,3.156539147856869,94.21971471174635
3610,05/05/2023 11:22:43.146704,3792,True,True,True,True,Eyes,1.728066,0.03592021,-3.35488,0.9894799,0.1317976,0.05965645,0.0,0.0,0.0,0.0,0.0,0.0,0.0,-3.144041,-0.4137767,-2.215625,1.92041,0.03242675,-3.358001,-0.06404172,0.7355399,-0.03626627,0.6734721,358.114,95.18025,351.7706,0.4402563,0.009943037,-0.8978169,0.0,0.0,0.0,3.919605,0.3469302,-3.275992,-0.295128,0.20896,1.992901,-0.08466823,-0.1430591,-0.986086,-0.04536184,0.9891669,-0.1396112,0.9953762,0.03291004,-0.09024042,moving,86.54977,65.64674,-8.423689,5.985715,-5.995060526684101,4.176506802380665,112.15790573327992,3.0284435876756417,94.12210469825507
3611,05/05/2023 11:22:43.166735,3793,True,True,True,True,Eyes,1.73698,0.03579378,-3.3551,0.9893435,0.1329324,0.05940175,0.0,0.0,0.0,0.0,0.0,0.0,0.0,-3.153305,-0.4247422,-2.212356,1.931342,0.03117448,-3.359643,-0.07219803,0.7333172,-0.03596317,0.6750853,357.436,94.93464,351.1064,0.4420276,0.009900699,-0.8969465,0.0,0.0,0.0,3.925601,0.3714863,-3.275839,-0.2908397,0.2089601,1.992901,-0.07809468,-0.1544445,-0.9849102,-0.05733169,0.9869882,-0.1502244,0.9952961,0.04473484,-0.0859331,moving,86.564,65.9222,-8.303009,5.985719,-6.008628066504496,4.190154598476644,112.21466549105531,2.9134576344964453,94.00954510945176
3612,05/05/2023 11:22:43.176829,3794,True,True,True,True,Eyes,1.745985,0.03570699,-3.355373,0.9891828,0.1339653,0.05975373,0.0,0.0,0.0,0.0,0.0,0.0,0.0,-3.167572,-0.4615443,-2.196593,1.942078,0.03162957,-3.361382,-0.07279493,0.7303906,-0.04044565,0.6779342,357.7295,94.45062,350.7175,0.4438059,0.009858172,-0.8960684,0.0,0.0,0.0,3.936769,0.3628345,-3.266774,-0.2865697,0.20896,1.9929,-0.07021248,-0.1611764,-0.9844249,-0.05149847,0.9861301,-0.1577826,0.9962019,0.03961808,-0.07753897,moving,86.54313,65.96127,-8.182773,5.985717,-6.01194837908576,4.192676521905596,112.11629523321406,2.8155769729937163,93.86356743768678
3613,05/05/2023 11:22:43.196824,3795,True,True,True,True,Eyes,1.755015,0.03569955,-3.355684,0.9890295,0.1347733,0.06047191,0.0,0.0,0.0,0.0,0.0,0.0,0.0,-3.183347,-0.468738,-2.184429,1.953312,0.03255152,-3.362835,-0.07675979,0.7275138,-0.04018458,0.6806004,357.3625,94.03761,350.4119,0.4455914,0.009816502,-0.8951824,0.0,0.0,0.0,3.944654,0.3769463,-3.259857,-0.2816755,0.2089601,1.992901,-0.06178242,-0.1663869,-0.9841232,-0.05698834,0.9849863,-0.1629552,0.9964616,0.04601581,-0.07033694,moving,86.50114,65.83454,-8.044865,5.98572,-6.007868081401138,4.18730534417227,111.89650717002934,2.7172875667984115,93.68086943392358
3614,05/05/2023 11:22:43.206584,3796,True,True,True,True,Eyes,1.764105,0.0358666,-3.356015,0.9889051,0.1350935,0.06177824,0.0,0.0,0.0,0.0,0.0,0.0,0.0,-3.201133,-0.5030851,-2.161375,1.962961,0.03448753,-3.364146,-0.07652877,0.724012,-0.04425184,0.6840993,357.6715,93.44839,350.1248,0.4473825,0.009777693,-0.894289,0.0,0.0,0.0,3.954615,0.3686854,-3.246281,-0.2773955,0.2089599,1.992901,-0.05230311,-0.1713608,-0.9838191,-0.05027017,0.9843702,-0.1687843,0.9973652,0.04062882,-0.06009987,moving,86.4253,65.42538,-7.92419,5.985713,-5.991051602470026,4.16843429541323,111.51188401390672,2.65321049940432,93.48506120151782
3615,05/05/2023 11:22:43.227012,3797,True,True,True,True,Eyes,1.773248,0.03616142,-3.356373,0.9887093,0.1358634,0.06320789,0.0,0.0,0.0,0.0,0.0,0.0,0.0,-3.21645,-0.5401952,-2.14148,1.973502,0.03883998,-3.365572,-0.07752097,0.7206321,-0.04810887,0.6872886,357.8669,92.90472,349.7478,0.4491792,0.009746051,-0.8933883,0.0,0.0,0.0,3.964762,0.3671366,-3.234405,-0.2734642,0.2089601,1.9929,-0.04325019,-0.1778576,-0.9831055,-0.04559886,0.9833521,-0.1758962,0.9980233,0.03722097,-0.05064017,moving,86.34207,65.05069,-7.813287,5.98572,-5.97649223147981,4.151505945204763,111.14810809410277,2.595795874191868,93.28870937559792
3616,05/05/2023 11:22:43.246870,3798,True,True,True,True,Eyes,1.782422,0.0364824,-3.356747,0.9885222,0.1364005,0.06495278,0.0,0.0,0.0,0.0,0.0,0.0,0.0,-3.227575,-0.5449809,-2.134899,1.983936,0.04209369,-3.366639,-0.08354869,0.7181822,-0.0467615,0.689237,357.2486,92.61269,349.3576,0.4509809,0.009724198,-0.8924804,0.0,0.0,0.0,3.97054,0.3925521,-3.231047,-0.2692314,0.2089601,1.9929,-0.03594435,-0.1844659,-0.9821815,-0.05554685,0.981666,-0.1823362,0.997809,0.04800314,-0.04553184,moving,86.24068,64.5366,-7.69381,5.985719,-5.9557352069791865,4.127951614784136,110.6882743448296,2.5440526023858334,93.06754322770983
3617,05/05/2023 11:22:43.256784,3799,True,True,True,True,Eyes,1.791616,0.03681315,-3.357101,0.988335,0.1368125,0.06690495,0.0,0.0,0.0,0.0,0.0,0.0,0.0,-3.237671,-0.5531402,-2.127272,1.99386,0.04315101,-3.366961,-0.08499113,0.716154,-0.04723459,0.6911361,357.144,92.30677,349.2072,0.4527872,0.009711817,-0.8915655,0.0,0.0,0.0,3.978881,0.3970007,-3.225662,-0.2648959,0.2089601,1.9929,-0.03021527,-0.1870245,-0.9818907,-0.05644241,0.9810908,-0.1851354,0.9979487,0.04982638,-0.04019998,moving,86.1273,63.94014,-7.571362,5.98572,-5.931392867309377,4.100514317127171,110.17329103792191,2.498699506326049,92.83248657247155
3618,05/05/2023 11:22:43.276721,3800,True,True,True,True,Eyes,1.800823,0.03714151,-3.357419,0.9881622,0.1369515,0.06913476,0.0,0.0,0.0,0.0,0.0,0.0,0.0,-3.251612,-0.5542122,-2.114726,2.003548,0.04374023,-3.36691,-0.08319371,0.7139907,-0.04754805,0.693567,357.2773,91.91666,349.341,0.454597,0.009708198,-0.890644,0.0,0.0,0.0,3.988317,0.3916671,-3.215817,-0.2605359,0.2089601,1.992899,-0.02408727,-0.1847546,-0.9824895,-0.05284356,0.981636,-0.1832986,0.9983123,0.04750311,-0.03340803,moving,85.99794,63.21481,-7.448156,5.985724,-5.901271738840757,4.066930853503889,109.578013953697,2.464674026410516,92.58271969147826
3619,05/05/2023 11:22:43.296643,3801,True,True,True,True,Eyes,1.81003,0.03744346,-3.357693,0.9879841,0.1368972,0.07174025,0.0,0.0,0.0,0.0,0.0,0.0,0.0,-3.270278,-0.5445045,-2.096717,2.013065,0.04406682,-3.366459,-0.08118986,0.7113013,-0.04647279,0.6966341,357.3057,91.43887,349.6041,0.4564105,0.009712385,-0.889716,0.0,0.0,0.0,3.996684,0.3892308,-3.201923,-0.2562059,0.2089603,1.992899,-0.01621849,-0.18025,-0.9834872,-0.05075185,0.982497,-0.1792316,0.9985797,0.04700693,-0.0250826,moving,85.84689,62.34346,-7.325727,5.985728,-5.864821331135637,4.026475065416516,108.89137024949459,2.443955284982527,92.3135821659464
3620,05/05/2023 11:22:43.307051,3802,True,True,True,True,Eyes,1.819225,0.03776997,-3.357812,0.987582,0.1386986,0.07378733,0.0,0.0,0.0,0.0,0.0,0.0,0.0,-3.293727,-0.5413093,-2.068504,2.022298,0.04377902,-3.365822,-0.07770043,0.7077096,-0.04661412,0.700669,357.5409,90.79031,349.8944,0.4582269,0.009722892,-0.8887818,0.0,0.0,0.0,4.005366,0.3789757,-3.181818,-0.2519119,0.2089602,1.9929,-0.006051547,-0.1753008,-0.9844964,-0.04465654,0.9835796,-0.1748631,0.9989841,0.04290604,-0.01378044,moving,85.72708,61.98712,-7.204249,5.985725,-5.853454595231533,4.011416984851955,108.50063664169103,2.3921826148167726,92.06436806901105
3621,05/05/2023 11:22:43.326776,3803,True,True,True,True,Eyes,1.828422,0.03812091,-3.357883,0.9871413,0.1404815,0.07627042,0.0,0.0,0.0,0.0,0.0,0.0,0.0,-3.320261,-0.5417187,-2.033323,2.031518,0.04411,-3.364963,-0.0748436,0.7033089,-0.04696278,0.705372,357.7347,90.02809,350.1155,0.4600471,0.009739748,-0.8878408,0.0,0.0,0.0,4.013146,0.3710433,-3.157921,-0.2475593,0.2089601,1.992899,0.00630224,-0.1715288,-0.9851591,-0.0390239,0.9843858,-0.1716438,0.9992185,0.03952649,-0.0004898784,moving,85.58188,61.50152,-7.081047,5.985724,-5.836862546732905,3.990433894619202,108.02046864238714,2.3514203278831407,91.78868825231324
3622,05/05/2023 11:22:43.346829,3804,True,True,True,True,Eyes,2.058584,0.04770467,-3.360409,0.9709209,0.1894822,0.1463182,0.0,0.0,0.0,0.0,0.0,0.0,0.0,-3.345869,-0.5437865,-1.998224,2.0408,0.04503839,-3.364007,-0.07481263,0.6986266,-0.04677214,0.7100256,357.6568,89.2747,350.1486,0.4618704,0.009762947,-0.8868935,0.0,0.0,0.0,4.019177,0.3737819,-3.135191,-0.243091,0.20896,1.992899,0.01946637,-0.170951,-0.9850873,-0.03811337,0.9844308,-0.1715903,0.9990838,0.04088524,0.01264775,moving,81.42999,52.32468,-6.954503,5.985722,-5.609175095693713,3.629953984070202,99.79537880780259,2.7128490770743148,87.29760231448945
3623,05/05/2023 11:22:43.356787,3805,True,True,True,True,Eyes,2.058947,0.04774518,-3.360332,0.9708151,0.1896641,0.1467841,0.0,0.0,0.0,0.0,0.0,0.0,0.0,-3.369264,-0.552126,-1.963528,2.050091,0.04644489,-3.362617,-0.07696599,0.6937599,-0.04680495,0.7145508,357.418,88.53462,349.9878,0.4699095,0.0100897,-0.8826567,0.6904864,0.0287513,-0.007576704,4.024095,0.3832686,-3.113215,-0.2388052,0.20896,1.992899,0.0330131,-0.1736808,-0.9842486,-0.03990281,0.983771,-0.174935,0.9986581,0.04504943,0.02554698,moving,81.40218,52.26313,-6.83306,5.985721,-5.607645707081584,3.627535257214969,99.63461327074484,2.657570354057128,87.1504409222036
3624,05/05/2023 11:22:43.376613,3806,True,True,True,True,Eyes,2.05965,0.0478032,-3.36016,0.970658,0.1899128,0.1474996,0.0,0.0,0.0,0.0,0.0,0.0,0.0,-3.390498,-0.5664913,-1.929024,2.059209,0.04741365,-3.360794,-0.07971367,0.688858,-0.0475345,0.7189304,357.184,87.80577,349.7242,0.4765863,0.01035848,-0.8790664,0.6490573,0.02702622,-0.007122101,4.028693,0.3924443,-3.091827,-0.2343985,0.2089601,1.992899,0.04643027,-0.1781708,-0.9829037,-0.0414748,0.9827724,-0.1801062,0.9980602,0.04912812,0.0382408,moving,81.35953,52.16458,-6.708128,5.985724,-5.605082429784715,3.623614456429466,99.44043004268285,2.6069658658675534,86.98498093273317
3625,05/05/2023 11:22:43.397152,3807,True,True,True,True,Eyes,2.060663,0.0478618,-3.359869,0.9704317,0.1900563,0.148798,0.0,0.0,0.0,0.0,0.0,0.0,0.0,-3.411744,-0.5781252,-1.892714,2.068031,0.04787011,-3.358206,-0.08175895,0.683863,-0.04813657,0.7234154,356.9933,87.05573,349.5301,0.4821552,0.01058053,-0.8760216,0.6101139,0.02540465,-0.006694775,4.032938,0.3993488,-3.068657,-0.2300424,0.2089601,1.9929,0.06002858,-0.1814693,-0.9815629,-0.04217836,0.9819967,-0.184129,0.9973052,0.05245372,0.05129384,moving,81.28263,51.94207,-6.584567,5.985721,-5.5981119549864,3.6142651581860754,99.15962042104947,2.5684424006596243,86.78799171464101
3626,05/05/2023 11:22:43.406638,3808,True,True,True,True,Eyes,2.061959,0.04792072,-3.359457,0.9701771,0.1899994,0.1505212,0.0,0.0,0.0,0.0,0.0,0.0,0.0,-3.436543,-0.5940303,-1.846308,2.076521,0.04796363,-3.355192,-0.08077865,0.6781559,-0.05007355,0.728747,357.1444,86.14439,349.4689,0.4868236,0.01076459,-0.8734338,0.573507,0.02388037,-0.006293089,4.037837,0.3936062,-3.039031,-0.2255527,0.2089601,1.9929,0.07519442,-0.1825429,-0.9803184,-0.03657915,0.9819349,-0.1856497,0.9964979,0.04981904,0.06715876,moving,81.18097,51.61305,-6.457152,5.985721,-5.58706995309616,3.600131973757307,98.80431963917937,2.539306553071908,86.56413901697202
3627,05/05/2023 11:22:43.426475,3809,True,True,True,True,Eyes,2.063509,0.04796045,-3.35892,0.9698332,0.1898564,0.1528995,0.0,0.0,0.0,0.0,0.0,0.0,0.0,-3.464305,-0.6096203,-1.791461,2.084601,0.04813593,-3.35179,-0.07895571,0.6716902,-0.05214756,0.7347646,357.365,85.10748,349.4617,0.4907603,0.01091779,-0.871226,0.5390966,0.02244755,-0.005915503,4.041578,0.3854125,-3.004238,-0.2213317,0.2089601,1.9929,0.09222596,-0.1826999,-0.9788336,-0.02943517,0.9820933,-0.1860817,0.9953029,0.0459737,0.08519668,moving,81.04076,51.15402,-6.337305,5.985719,-5.571565960861986,3.580372662758778,98.36209462171303,2.5242914408086414,86.31044890433944
3628,05/05/2023 11:22:43.446820,3810,True,True,True,True,Eyes,2.065292,0.04798334,-3.358294,0.9694823,0.1894425,0.1556137,0.0,0.0,0.0,0.0,0.0,0.0,0.0,-3.492958,-0.620065,-1.733908,2.092308,0.04773646,-3.348378,-0.07746106,0.6649462,-0.05353336,0.7409323,357.5015,84.04245,349.4836,0.4941035,0.01104547,-0.8693327,0.5067508,0.0211007,-0.005560573,4.043752,0.3794307,-2.9686,-0.2169668,0.2089601,1.992899,0.1099615,-0.182344,-0.9770667,-0.02368567,0.9822679,-0.1859804,0.9936537,0.04359319,0.1036927,moving,80.88111,50.5993,-6.213317,5.985723,-5.552232995647196,3.556243614644417,97.85607016017586,2.517816940263704,86.03515952181087
3629,05/05/2023 11:22:43.456906,3811,True,True,True,True,Eyes,2.067285,0.04802092,-3.357543,0.9690554,0.1888776,0.1589242,0.0,0.0,0.0,0.0,0.0,0.0,0.0,-3.520555,-0.6341154,-1.673908,2.099561,0.04758628,-3.34484,-0.07446817,0.6581421,-0.05583081,0.7471187,357.8346,82.95237,349.5385,0.4971011,0.01115852,-0.8676206,0.4763458,0.01983465,-0.005226939,4.045835,0.3668112,-2.931742,-0.2126568,0.20896,1.9929,0.1274636,-0.1814458,-0.9751054,-0.0145968,0.9826748,-0.1847624,0.9917359,0.0377839,0.1226068,moving,80.68645,49.92228,-6.090827,5.985721,-5.5286261771427725,3.526789974759381,97.26621726116015,2.522382118576054,85.72783667939527
3630,05/05/2023 11:22:43.476647,3812,True,True,True,True,Eyes,2.069476,0.04807798,-3.356619,0.9685922,0.188383,0.1622991,0.0,0.0,0.0,0.0,0.0,0.0,0.0,-3.545536,-0.648261,-1.616543,2.106635,0.04801504,-3.341267,-0.07223518,0.6515439,-0.05791815,0.7529398,358.0914,81.91608,349.5459,0.4998399,0.01126099,-0.8660443,0.447765,0.01864458,-0.004913323,4.047135,0.3575474,-2.897008,-0.2083379,0.20896,1.992899,0.1442725,-0.1813465,-0.9727789,-0.006911011,0.9828551,-0.1842499,0.9895138,0.03330506,0.1405457,moving,80.48779,49.25387,-5.968029,5.985721,-5.505714523144976,3.4978767546461493,96.67854651807176,2.530435469370836,85.41583575653715
3631,05/05/2023 11:22:43.496927,3813,True,True,True,True,Eyes,2.07185,0.04814246,-3.355561,0.9680222,0.1879535,0.1661516,0.0,0.0,0.0,0.0,0.0,0.0,0.0,-3.567199,-0.656732,-1.565795,2.113759,0.04832984,-3.337305,-0.07247784,0.6453627,-0.05859515,0.7581694,358.036,80.99039,349.4842,0.5023521,0.01135447,-0.8645884,0.4208991,0.0175259,-0.004618523,4.047274,0.3591544,-2.866336,-0.203931,0.2089599,1.9929,0.1601473,-0.1823991,-0.9700947,-0.004698899,0.9826272,-0.1855312,0.9870821,0.03427073,0.156508,moving,80.26064,48.5232,-5.84267,5.985715,-5.48127774619885,3.466526106205624,96.03758442964569,2.5449787904272223,85.07305106542405
3632,05/05/2023 11:22:43.506584,3814,True,True,True,True,Eyes,2.074392,0.04822873,-3.354371,0.9673845,0.1877674,0.1700315,0.0,0.0,0.0,0.0,0.0,0.0,0.0,-3.587886,-0.6645157,-1.514812,2.120569,0.04861503,-3.333164,-0.07259899,0.6391897,-0.05923123,0.7633203,357.9878,80.07037,349.4352,0.5046657,0.01144006,-0.8632388,0.3956452,0.01647435,-0.004341412,4.046835,0.3604271,-2.835801,-0.1994444,0.2089602,1.992901,0.1758565,-0.1832339,-0.9672126,-0.00238425,0.9824421,-0.1865525,0.9844131,0.03511259,0.172332,moving,80.03128,47.83781,-5.714983,5.98572,-5.459348645829815,3.43753538217336,95.41498339272124,2.560975159887402,84.72448019760296
3633,05/05/2023 11:22:43.526671,3815,True,True,True,True,Eyes,2.077128,0.04833048,-3.353045,0.9665983,0.1878721,0.1743322,0.0,0.0,0.0,0.0,0.0,0.0,0.0,-3.60843,-0.6666265,-1.464085,2.127158,0.04916175,-3.328887,-0.07317614,0.6330054,-0.05893311,0.7684246,357.8308,79.16195,349.4354,0.5068057,0.01151912,-0.8619831,0.3719065,0.01548588,-0.004080927,4.045244,0.3656458,-2.805208,-0.1952953,0.2089601,1.9929,0.1916621,-0.1832131,-0.9642088,-0.002070477,0.9823443,-0.1870706,0.9814588,0.03785072,0.1878988,moving,79.77625,47.14083,-5.596861,5.98572,-5.438377782209137,3.4086125144507884,94.7750555838952,2.5819759724666542,84.3586282980136
3634,05/05/2023 11:22:43.546470,3816,True,True,True,True,Eyes,2.080009,0.04841556,-3.351557,0.9657357,0.1882709,0.1786299,0.0,0.0,0.0,0.0,0.0,0.0,0.0,-3.628899,-0.6597706,-1.416451,2.134617,0.04952376,-3.324378,-0.07524797,0.6268847,-0.05697585,0.773374,357.4234,78.29271,349.4755,0.508795,0.01159273,-0.8608093,0.3495921,0.01455673,-0.003836071,4.043155,0.379197,-2.776125,-0.1909638,0.2089601,1.9929,0.2075387,-0.1824709,-0.9610579,-0.006216334,0.982183,-0.1878242,0.9782071,0.04495507,0.2027067,moving,79.52058,46.50521,-5.473489,5.985721,-5.4206615102696105,3.382827327911226,94.15848742411849,2.6034297017340404,83.9855082053884
3635,05/05/2023 11:22:43.556935,3817,True,True,True,True,Eyes,2.083041,0.04846018,-3.349917,0.9647343,0.1888109,0.1834075,0.0,0.0,0.0,0.0,0.0,0.0,0.0,-3.649263,-0.6497942,-1.365705,2.141044,0.04907493,-3.31934,-0.07698721,0.6205615,-0.05478487,0.7784441,357.027,77.39393,349.5668,0.5106537,0.01166102,-0.8597072,0.3286165,0.01368333,-0.003605907,4.039383,0.3914098,-2.745542,-0.1865861,0.20896,1.9929,0.2238042,-0.1808445,-0.9577093,-0.01025667,0.9821432,-0.1878552,0.9745803,0.0518657,0.2179529,moving,79.23585,45.83169,-5.348751,5.98572,-5.402731460371056,3.355858467419499,93.50003236133183,2.630415474910481,83.58194438631214
3636,05/05/2023 11:22:43.576902,3818,True,True,True,True,Eyes,2.086188,0.0484763,-3.348127,0.9636915,0.1893215,0.1882977,0.0,0.0,0.0,0.0,0.0,0.0,0.0,-3.670291,-0.6404148,-1.310649,2.147788,0.04811896,-3.31416,-0.07724787,0.6138982,-0.05319121,0.7837938,356.8021,76.4267,349.7173,0.5123993,0.01172351,-0.858667,0.3088996,0.01286233,-0.003389553,4.035751,0.397069,-2.712181,-0.1823106,0.2089601,1.9929,0.2405995,-0.1782265,-0.9541214,-0.01146278,0.982407,-0.1864008,0.9705569,0.05578483,0.2343236,moving,78.94415,45.15534,-5.226873,5.985722,-5.385078203851039,3.328924154441368,92.83867775411524,2.6615040256761846,83.1745576896134
3637,05/05/2023 11:22:43.596596,3819,True,True,True,True,Eyes,2.08945,0.04847783,-3.346179,0.962523,0.1898724,0.1936441,0.0,0.0,0.0,0.0,0.0,0.0,0.0,-3.689868,-0.6386338,-1.251001,2.153649,0.04750218,-3.308704,-0.07705614,0.6068533,-0.05271287,0.7893116,356.6942,75.40398,349.8031,0.514047,0.0117801,-0.8576808,0.2903656,0.01209059,-0.00318618,4.030964,0.3991963,-2.677048,-0.177987,0.20896,1.992899,0.2579009,-0.1767373,-0.9498689,-0.0103098,0.9825674,-0.1856205,0.9661162,0.05766464,0.2515828,moving,78.62486,44.43653,-5.103581,5.985722,-5.366882548493188,3.300536559737091,92.13531607447464,2.698063852846856,82.73862635174235
3638,05/05/2023 11:22:43.606797,3820,True,True,True,True,Eyes,2.092808,0.04845459,-3.344063,0.9613455,0.1902945,0.1990048,0.0,0.0,0.0,0.0,0.0,0.0,0.0,-3.706393,-0.6476046,-1.191946,2.15977,0.04709953,-3.303127,-0.07714403,0.5997729,-0.05358175,0.7946385,356.6561,74.38924,349.7469,0.515611,0.01183102,-0.8567409,0.2729436,0.01136515,-0.002995009,4.026785,0.3993703,-2.643262,-0.1730672,0.20896,1.992899,0.274803,-0.177694,-0.9449382,-0.007381557,0.9823555,-0.186877,0.9614722,0.05832949,0.2686426,moving,78.30459,43.71825,-4.963225,5.985722,-5.348774437686407,3.272201023642879,91.41812010835166,2.7407744266959306,82.28566214674603
3639,05/05/2023 11:22:43.626786,3821,True,True,True,True,Eyes,2.096269,0.04839101,-3.341791,0.960048,0.1907765,0.2047248,0.0,0.0,0.0,0.0,0.0,0.0,0.0,-3.720246,-0.6568488,-1.136311,2.165519,0.04646479,-3.297158,-0.07758199,0.593022,-0.05443872,0.7995889,356.5888,73.43415,349.6657,0.5171033,0.01187626,-0.8558404,0.256567,0.01068324,-0.002815308,4.022048,0.4005733,-2.610213,-0.1693362,0.2089601,1.992899,0.2907226,-0.1790728,-0.9399007,-0.004958455,0.9820349,-0.1886341,0.9567945,0.05950066,0.2846119,moving,77.9623,42.98016,-4.856743,5.985723,-5.330971183423397,3.24342172647961,90.70602103709994,2.783003529409298,81.84410762077881
3640,05/05/2023 11:22:43.646811,3822,True,True,True,True,Eyes,2.099812,0.04829892,-3.339359,0.9586917,0.1908674,0.2109025,0.0,0.0,0.0,0.0,0.0,0.0,0.0,-3.732972,-0.660257,-1.085625,2.17148,0.04541836,-3.291233,-0.07790962,0.5867794,-0.05463267,0.8041365,356.4922,72.5543,349.6517,0.5185345,0.01191537,-0.8549734,0.241173,0.01004225,-0.00264639,4.01798,0.4021312,-2.580062,-0.1650952,0.20896,1.992899,0.3054104,-0.1792957,-0.9351885,-0.00356728,0.9818907,-0.1894146,0.9522141,0.06118525,0.29924,moving,77.59313,42.1452,-4.735669,5.985723,-5.309730882678439,3.2104032096651576,89.91962478622744,2.834068980065332,81.36374652331519
3641,05/05/2023 11:22:43.656747,3823,True,True,True,True,Eyes,2.103431,0.04817232,-3.336756,0.9572269,0.1910285,0.2173123,0.0,0.0,0.0,0.0,0.0,0.0,0.0,-3.743074,-0.6630822,-1.039616,2.176942,0.04467364,-3.284815,-0.07830114,0.5810434,-0.05473374,0.8082462,356.3898,71.75164,349.6404,0.5199146,0.01194828,-0.8541344,0.2267026,0.009439714,-0.002487606,4.014119,0.4041401,-2.552227,-0.1606529,0.2089601,1.992898,0.3187856,-0.1794694,-0.9306807,-0.002516045,0.9817463,-0.1901785,0.9478235,0.06296784,0.3125151,moving,77.20935,41.3171,-4.6088,5.985724,-5.289741139890717,3.1781078204023525,89.12079330591642,2.889011846277921,80.86306124713514
3642,05/05/2023 11:22:43.676801,3824,True,True,True,True,Eyes,2.107106,0.04799901,-3.333957,0.9557344,0.1909003,0.2238942,0.0,0.0,0.0,0.0,0.0,0.0,0.0,-3.751524,-0.6651286,-0.9976506,2.182436,0.04370412,-3.278215,-0.07866183,0.5757173,-0.05480469,0.8120089,356.2936,71.00991,349.6329,0.5212511,0.01197476,-0.8533189,0.2131005,0.008873331,-0.00233835,4.010837,0.4057286,-2.526123,-0.1563459,0.2089601,1.992899,0.3310921,-0.1795777,-0.926353,-0.001570148,0.9816175,-0.1908522,0.9435972,0.06464418,0.3247239,moving,76.81542,40.45212,-4.485751,5.985723,-5.268437754803594,3.144196348081408,88.30522593897174,2.947350041937446,80.35740798312436
3643,05/05/2023 11:22:43.696719,3825,True,True,True,True,Eyes,2.110834,0.04779477,-3.330981,0.9541558,0.1907239,0.2306751,0.0,0.0,0.0,0.0,0.0,0.0,0.0,-3.759165,-0.6624917,-0.9577494,2.187575,0.0423671,-3.271118,-0.07840261,0.5706925,-0.05454979,0.8155904,356.2372,70.30258,349.697,0.5225531,0.01199433,-0.852522,0.2003144,0.008340931,-0.002198049,4.007624,0.4054299,-2.500384,-0.152007,0.20896,1.9929,0.3426687,-0.1784681,-0.922349,-0.000507,0.9817547,-0.1901511,0.9394563,0.06562649,0.3363261,moving,76.40905,39.58419,-4.361749,5.985717,-5.24773848875833,3.1104534086088043,87.48016551784828,3.0086738098654107,79.83877631526295
3644,05/05/2023 11:22:43.706461,3826,True,True,True,True,Eyes,2.114604,0.04757392,-3.327831,0.9525499,0.1903491,0.2375203,0.0,0.0,0.0,0.0,0.0,0.0,0.0,-3.766081,-0.660122,-0.9186578,2.192647,0.04143584,-3.263992,-0.07699855,0.5658671,-0.05473612,0.8190664,356.3198,69.60746,349.7949,0.5238264,0.01200693,-0.85174,0.1882956,0.007840476,-0.002066166,4.005207,0.4006438,-2.474918,-0.1473882,0.2089601,1.9929,0.3535968,-0.1768069,-0.9185361,0.002523128,0.9821504,-0.1880806,0.9353945,0.06418711,0.3477313,moving,75.9987,38.70874,-4.229704,5.98572,-5.226887878084396,3.0764298679794333,86.64521248348125,3.0754422054370787,79.30909757059557
3645,05/05/2023 11:22:43.728602,3827,True,True,True,True,Eyes,2.118416,0.04732092,-3.324498,0.9508635,0.1899665,0.244482,0.0,0.0,0.0,0.0,0.0,0.0,0.0,-3.771384,-0.658843,-0.8820078,2.197375,0.04088417,-3.256565,-0.07574242,0.5612878,-0.05500289,0.8223101,356.3982,68.95214,349.8729,0.525076,0.01201285,-0.8509702,0.1769978,0.007370047,-0.001942196,4.002643,0.3965223,-2.450111,-0.1432647,0.20896,1.9929,0.3638614,-0.1754854,-0.9147731,0.005432279,0.9824755,-0.1863124,0.9314374,0.06282258,0.3584382,moving,75.58068,37.84779,-4.111779,5.985718,-5.207264928746048,3.043340353133041,85.82586820766723,3.139693557795559,78.78565896178294
3646,05/05/2023 11:22:43.746785,3828,True,True,True,True,Eyes,2.12225,0.04704847,-3.320961,0.9491787,0.1893702,0.2513936,0.0,0.0,0.0,0.0,0.0,0.0,0.0,-3.77615,-0.6520296,-0.8499916,2.202249,0.03986779,-3.248915,-0.07456885,0.5571707,-0.05457911,0.8252403,356.4308,68.36356,350.0078,0.5263079,0.012012,-0.8502089,0.166378,0.006927845,-0.001825664,4.00069,0.3934166,-2.427161,-0.139109,0.2089599,1.9929,0.3731639,-0.1731769,-0.9114596,0.006986601,0.9829212,-0.1838942,0.9277391,0.06225466,0.3680006,moving,75.1656,36.99004,-3.992899,5.985715,-5.187630364721302,3.010338322515964,85.01374084604574,3.206282802056731,78.26488104858838
3647,05/05/2023 11:22:43.756659,3829,True,True,True,True,Eyes,2.126108,0.04675889,-3.317244,0.9474146,0.1887503,0.2584163,0.0,0.0,0.0,0.0,0.0,0.0,0.0,-3.781106,-0.6396413,-0.818254,2.206793,0.03908147,-3.240984,-0.07229006,0.5532145,-0.05381089,0.82815,356.5489,67.78139,350.246,0.5275264,0.0120046,-0.8494536,0.1563953,0.006512174,-0.001716125,3.998792,0.3873991,-2.403796,-0.1347458,0.2089601,1.992899,0.3821163,-0.1691108,-0.9085091,0.009143176,0.9837571,-0.1792719,0.924069,0.06019607,0.3774557,moving,74.74316,36.14482,-3.868051,5.985723,-5.169101317746648,2.97816216749798,84.19794312655108,3.276912279953325,77.73097047477468
3648,05/05/2023 11:22:43.776772,3830,True,True,True,True,Eyes,2.223225,0.03915747,-3.219156,0.8867612,0.1724262,0.4288633,0.0,0.0,0.0,0.0,0.0,0.0,0.0,-3.78634,-0.622247,-0.787558,2.211295,0.03839911,-3.233035,-0.07014865,0.5493459,-0.05229257,0.8310017,356.6099,67.21499,350.5452,0.5287352,0.01199091,-0.8487018,0.1470116,0.006121444,-0.001613157,3.9965,0.3834055,-2.380774,-0.1304888,0.20896,1.992899,0.3909692,-0.1639822,-0.9056781,0.009838681,0.9846894,-0.1740407,0.9203511,0.05913386,0.3865966,moving,64.19025,21.90279,-3.746202,5.985723,-5.0663705922814986,2.523957159322387,69.77617453135987,3.7049518009994267,67.2977307553643
3649,05/05/2023 11:22:43.796817,3831,True,True,True,True,Eyes,2.223403,0.03911518,-3.218815,0.8865873,0.1724695,0.4292055,1.98373,3.982153,0.3812481,-2.367387,-0.8010834,-0.3181999,-0.5069657,-0.1231744,0.2054615,1.978584,2.215993,0.03767399,-3.224602,-0.06948498,0.5457218,-0.04985804,0.8335909,356.4783,66.70496,350.8359,0.5328935,0.01178795,-0.8461,0.429541,-0.01705011,0.2927477,3.994173,0.3860246,-2.359777,-0.1260038,0.20896,1.9929,0.3994037,-0.1589614,-0.9028888,0.00728348,0.985372,-0.1702614,0.9167463,0.06142685,0.394719,moving,64.16793,21.89195,-3.617788,5.98572,-5.067163816775892,2.523977371750906,69.62694677772697,3.7529125066395737,67.14915114883809
3650,05/05/2023 11:22:43.816819,3832,True,True,True,True,Eyes,2.223756,0.03902241,-3.218148,0.8862709,0.1726209,0.4297974,0.0,0.0,0.0,0.0,0.0,0.0,0.0,-3.794116,-0.5855922,-0.7330316,2.220493,0.03661481,-3.216152,-0.06860516,0.541964,-0.04800164,0.8362202,356.4048,66.1758,351.0862,0.5364799,0.01160988,-0.843833,0.4037685,-0.0160271,0.2751828,3.99157,0.386438,-2.338065,-0.1217185,0.2089601,1.992899,0.4079418,-0.1546429,-0.8998162,0.005916826,0.9859784,-0.1667684,0.9129887,0.06270771,0.4031367,moving,64.12891,21.88203,-3.495061,5.985723,-5.069023783441249,2.5244720789001067,69.46721550520859,3.8023172911361547,66.98950034669062
3651,05/05/2023 11:22:43.826671,3833,True,True,True,True,Eyes,2.22427,0.0388832,-3.217149,0.8858067,0.1727801,0.4306896,0.0,0.0,0.0,0.0,0.0,0.0,0.0,-3.796399,-0.5713812,-0.7077665,2.224994,0.03535721,-3.207524,-0.06776347,0.5384712,-0.04652264,0.8386254,356.3562,65.68543,351.297,0.5397139,0.01144715,-0.8417704,0.3795424,-0.01506547,0.2586719,3.989697,0.3858775,-2.317552,-0.1173903,0.2089601,1.9929,0.4157688,-0.1510075,-0.8968462,0.005052783,0.9864875,-0.1637585,0.9094564,0.06355415,0.4109137,moving,64.07043,21.85921,-3.37107,5.985723,-5.07139458987874,2.5248089632998085,69.284367008649,3.856038080773415,66.80943275447697
3652,05/05/2023 11:22:43.849151,3834,True,True,True,True,Eyes,2.224938,0.03870058,-3.215836,0.8850681,0.1731301,0.4320652,0.0,0.0,0.0,0.0,0.0,0.0,0.0,-3.798317,-0.5574522,-0.681816,2.229414,0.03410605,-3.198654,-0.06677715,0.5348976,-0.04514137,0.8410634,356.3285,65.18359,351.5078,0.5426388,0.01129713,-0.8398897,0.3567699,-0.01416155,0.2431516,3.98806,0.3844722,-2.297397,-0.1119939,0.2089601,1.9929,0.4236937,-0.1473714,-0.8937367,0.00449562,0.9870061,-0.1606197,0.9057944,0.06403562,0.4188507,moving,63.97968,21.83615,-3.216437,5.985721,-5.075720960204345,2.525960090795521,69.0402363796774,3.927707014726602,66.56699217174906
3653,05/05/2023 11:22:43.860075,3835,True,True,True,True,Eyes,2.225744,0.03848051,-3.214209,0.8842243,0.1733837,0.4336883,0.0,0.0,0.0,0.0,0.0,0.0,0.0,-3.799561,-0.5452297,-0.6563846,2.233729,0.03295435,-3.189694,-0.06514162,0.5314271,-0.04426226,0.843435,356.3971,64.68917,351.7099,0.5452933,0.01115753,-0.8381705,0.3353637,-0.01331185,0.2285625,3.986144,0.3801556,-2.275608,-0.1083899,0.20896,1.992899,0.4312522,-0.1439007,-0.8906818,0.005428645,0.9875948,-0.1569298,0.9022151,0.06284114,0.4266837,moving,63.87329,21.79097,-3.113137,5.985722,-5.07984201703574,2.526386555885892,68.82577472551858,3.9793127973228875,66.35997345489301
3654,05/05/2023 11:22:43.876812,3836,True,True,True,True,Eyes,2.22667,0.03829123,-3.212264,0.883245,0.1735162,0.4356266,0.0,0.0,0.0,0.0,0.0,0.0,0.0,-3.799382,-0.5384341,-0.6327586,2.23791,0.0318576,-3.18062,-0.06352752,0.5281315,-0.04414525,0.8456316,356.5135,64.22185,351.8349,0.5477118,0.0110264,-0.8365939,0.3152419,-0.01251314,0.2148487,3.98504,0.374294,-2.255168,-0.1042851,0.20896,1.992899,0.4382567,-0.141763,-0.8876003,0.007559455,0.9880309,-0.1540707,0.8988181,0.06081276,0.4340828,moving,63.74696,21.71809,-2.995459,5.98572,-5.083727597783966,2.525914637648602,68.57155357572454,4.041177907720235,66.11944720632236
3655,05/05/2023 11:22:43.896802,3837,True,True,True,True,Eyes,2.227728,0.03819427,-3.210025,0.8821878,0.1735445,0.4377521,0.0,0.0,0.0,0.0,0.0,0.0,0.0,-3.797425,-0.5448066,-0.6058937,2.241839,0.03248296,-3.17135,-0.06008099,0.524607,-0.04641144,0.8479527,356.9507,63.70565,351.8394,0.5499248,0.01090373,-0.8351426,0.2963274,-0.01176235,0.2019578,3.984707,0.3592379,-2.232746,-0.1001017,0.20896,1.9929,0.4452669,-0.1417473,-0.884107,0.01567159,0.9884725,-0.1505872,0.8952608,0.05319614,0.4423555,moving,63.60885,21.62559,-2.875503,5.98572,-5.087303456373768,2.524746371613491,68.29915612542742,4.1073592142886755,65.86531790116383
3656,05/05/2023 11:22:43.906738,3838,True,True,True,True,Eyes,2.228914,0.03810186,-3.207471,0.8809628,0.1740779,0.4400016,0.0,0.0,0.0,0.0,0.0,0.0,0.0,-3.793097,-0.5625389,-0.5841414,2.246141,0.03461838,-3.162105,-0.05963887,0.5213013,-0.04883473,0.8498844,357.1078,63.25955,351.6411,0.5519588,0.01079112,-0.8338012,0.2785477,-0.01105661,0.1898403,3.984751,0.3555497,-2.214098,-0.09572786,0.20896,1.9929,0.4517203,-0.1451874,-0.8802667,0.0208281,0.9881167,-0.1522875,0.8919165,0.05045708,0.4493765,moving,63.45992,21.58525,-2.750058,5.98572,-5.094272658757937,2.5265085117782347,68.02283824555826,4.178694351897615,65.59407930965227
3657,05/05/2023 11:22:43.926528,3839,True,True,True,True,Eyes,2.230185,0.03802842,-3.204648,0.8796419,0.1742981,0.4425496,0.0,0.0,0.0,0.0,0.0,0.0,0.0,-3.790099,-0.5571545,-0.5706744,2.2504,0.03459394,-3.152054,-0.06209669,0.5186471,-0.04711983,0.8514276,356.7401,62.93284,351.6694,0.5538385,0.0106877,-0.8325552,0.2618348,-0.01039321,0.1784499,3.983646,0.3675587,-2.198818,-0.09138471,0.2089601,1.992899,0.4575697,-0.1446508,-0.877329,0.01582569,0.9878474,-0.1546188,0.889033,0.05686454,0.4542983,moving,63.29294,21.49699,-2.625468,5.985722,-5.0998314893759735,2.526295303893668,67.71880055215307,4.253246729651362,65.30660660438497
3658,05/05/2023 11:22:43.946900,3840,True,True,True,True,Eyes,2.231572,0.03804712,-3.201564,0.8781694,0.1745958,0.4453478,0.0,0.0,0.0,0.0,0.0,0.0,0.0,-3.791445,-0.5388759,-0.5410199,2.253776,0.03505265,-3.142834,-0.05718118,0.5149939,-0.04656544,0.8540161,357.1509,62.38058,352.033,0.5555845,0.0105931,-0.8313923,0.2461247,-0.009769621,0.1677429,3.981191,0.352854,-2.174362,-0.08709121,0.20896,1.9929,0.4652259,-0.1384312,-0.8743007,0.02063935,0.9891239,-0.1456291,0.8849514,0.04970544,0.4630232,moving,63.10897,21.40735,-2.502276,5.985718,-5.106354218180803,2.526447020257702,67.39927547990364,4.329870561309073,65.00365992406529
3659,05/05/2023 11:22:43.956785,3841,True,True,True,True,Eyes,2.233049,0.03812158,-3.198231,0.8765599,0.1749045,0.4483871,0.0,0.0,0.0,0.0,0.0,0.0,0.0,-3.792506,-0.5220726,-0.5116204,2.257882,0.03735454,-3.133367,-0.05443006,0.511044,-0.04504339,0.8566462,357.2937,61.81828,352.3597,0.5572152,0.01050886,-0.8303014,0.2313573,-0.009183444,0.1576783,3.977925,0.3493034,-2.150369,-0.0826596,0.2089601,1.9929,0.4736103,-0.1328048,-0.8706643,0.02154019,0.9900169,-0.1392929,0.8804711,0.04721629,0.4717429,moving,62.90887,21.3095,-2.375099,5.985721,-5.1134304691912025,2.5265942040458533,67.05829412707874,4.411804327670352,64.68091143118751
3660,05/05/2023 11:22:43.976935,3842,True,True,True,True,Eyes,2.234614,0.03826836,-3.194675,0.8748852,0.1750401,0.4515937,0.0,0.0,0.0,0.0,0.0,0.0,0.0,-3.792713,-0.509004,-0.4821417,2.261571,0.03876854,-3.124102,-0.0534895,0.5069542,-0.04339357,0.8592166,357.2533,61.2607,352.591,0.5587471,0.01043541,-0.829272,0.2174758,-0.008632437,0.1482176,3.973467,0.3513314,-2.127529,-0.07828814,0.20896,1.992899,0.4822289,-0.1288024,-0.8665249,0.02033551,0.9905118,-0.1359153,0.8758092,0.04792104,0.4802726,moving,62.69836,21.18659,-2.249625,5.985723,-5.119828359925597,2.525733229044561,66.70312671166108,4.495508485415689,64.34994809147685
3661,05/05/2023 11:22:43.996747,3843,True,True,True,True,Eyes,2.236282,0.03848606,-3.190901,0.8731149,0.17518,0.454953,0.0,0.0,0.0,0.0,0.0,0.0,0.0,-3.792444,-0.502702,-0.4493885,2.265241,0.04073064,-3.115175,-0.04902621,0.5027733,-0.04415518,0.8618966,357.7012,60.65776,352.7896,0.5601947,0.01037355,-0.8282955,0.2044273,-0.008114491,0.1393246,3.970359,0.3370928,-2.102487,-0.0740304,0.20896,1.992899,0.4905386,-0.1254125,-0.8623477,0.02681626,0.9912935,-0.1289111,0.8710067,0.04011094,0.4896308,moving,62.47738,21.05924,-2.127393,5.985721,-5.126632136639911,2.524914540116245,66.33994022777598,4.579586962983195,64.01188654767061
3662,05/05/2023 11:22:44.006809,3844,True,True,True,True,Eyes,2.238034,0.03869718,-3.186925,0.8713396,0.175452,0.45824,0.0,0.0,0.0,0.0,0.0,0.0,0.0,-3.791127,-0.4951088,-0.4273835,2.269413,0.04265245,-3.106183,-0.0483321,0.4994231,-0.04313476,0.8639329,357.6831,60.20572,352.94,0.5615712,0.01032399,-0.8273636,0.1921616,-0.007627621,0.1309651,3.968291,0.3389817,-2.08336,-0.06968141,0.20896,1.992898,0.4974319,-0.1228074,-0.8587665,0.02625473,0.9916068,-0.1265963,0.8671056,0.04042638,0.4964812,moving,62.25999,20.95097,-2.002523,5.985723,-5.134216843434434,2.524974480174215,65.98203691040598,4.667363993356582,63.67452999823826
3663,05/05/2023 11:22:44.026857,3845,True,True,True,True,Eyes,2.239849,0.03886034,-3.182758,0.8695025,0.1754595,0.4617134,0.0,0.0,0.0,0.0,0.0,0.0,0.0,-3.789857,-0.48168,-0.4085538,2.273144,0.04271436,-3.097247,-0.04737477,0.4964989,-0.04167152,0.8657414,357.6703,59.80764,353.1486,0.5628876,0.01028536,-0.8264691,0.180632,-0.007169964,0.1231072,3.966663,0.3387966,-2.065794,-0.06524384,0.20896,1.992899,0.5035046,-0.1191965,-0.855731,0.02511046,0.9920382,-0.1234083,0.8636277,0.04064887,0.5024889,moving,62.03131,20.80771,-1.875088,5.985721,-5.140656481370431,2.523543674611817,65.60273670549518,4.759265630215659,63.32401385396632
3664,05/05/2023 11:22:44.046543,3846,True,True,True,True,Eyes,2.241735,0.03897978,-3.178395,0.867678,0.1754265,0.4651456,0.0,0.0,0.0,0.0,0.0,0.0,0.0,-3.78924,-0.4654415,-0.3851283,2.276489,0.0417896,-3.088552,-0.04328685,0.4933341,-0.04131632,0.8677792,358.0309,59.34973,353.4261,0.5641532,0.01025538,-0.8256062,0.169794,-0.006739766,0.1157208,3.965044,0.3246831,-2.045595,-0.06075299,0.20896,1.9929,0.5098289,-0.1144166,-0.8526333,0.02899713,0.9928384,-0.1158923,0.859787,0.03436135,0.5094955,moving,61.80509,20.66362,-1.746105,5.985719,-5.146902588404091,2.522007646320808,65.22419155262736,4.8541446804665,62.97445740901033
3665,05/05/2023 11:22:44.057126,3847,True,True,True,True,Eyes,2.243667,0.03908704,-3.173866,0.8657769,0.1750806,0.4688039,0.0,0.0,0.0,0.0,0.0,0.0,0.0,-3.788624,-0.4488984,-0.3611757,2.280232,0.04088427,-3.079691,-0.03933001,0.4900154,-0.04086416,0.8698667,358.374,58.87652,353.703,0.5653771,0.0102321,-0.8247688,0.1596064,-0.00633538,0.1087775,3.96319,0.3112462,-2.024674,-0.05651885,0.20896,1.9929,0.51643,-0.1096374,-0.8492818,0.03254812,0.9935666,-0.1084719,0.8557106,0.02837561,0.5166761,moving,61.56519,20.47877,-1.624479,5.985718,-5.15184701654985,2.518748570377987,64.8304158910327,4.945927835109648,62.61915790069068
3666,05/05/2023 11:22:44.076614,3848,True,True,True,True,Eyes,2.245692,0.03922812,-3.169201,0.8638285,0.1748079,0.4724855,0.0,0.0,0.0,0.0,0.0,0.0,0.0,-3.786851,-0.4446926,-0.3314245,2.28333,0.04077369,-3.071249,-0.03517964,0.4860924,-0.04215761,0.8721809,358.8322,58.32756,353.8137,0.5665664,0.01021456,-0.8239524,0.15003,-0.005955257,0.1022509,3.959935,0.2947153,-2.002349,-0.0522024,0.20896,1.9929,0.5238739,-0.1077392,-0.8449548,0.039337,0.9939703,-0.102351,0.850887,0.02038105,0.5249534,moving,61.3228,20.30322,-1.500473,5.985717,-5.157430673903583,2.5160263415763047,64.4341099309018,5.041040834378845,62.25892350621428
3667,05/05/2023 11:22:44.097112,3849,True,True,True,True,Eyes,2.247794,0.03939448,-3.164371,0.861796,0.1747251,0.4762129,0.0,0.0,0.0,0.0,0.0,0.0,0.0,-3.783314,-0.4537638,-0.3048959,2.287153,0.04182503,-3.062599,-0.03378654,0.4822367,-0.04397984,0.8742837,359.0454,57.81285,353.7133,0.5677278,0.01020309,-0.8231528,0.1410282,-0.005597942,0.09611581,3.957389,0.287941,-1.982163,-0.04784381,0.20896,1.9929,0.5310272,-0.1094879,-0.8402515,0.04431549,0.9938485,-0.1014954,0.8461952,0.01666067,0.5326125,moving,61.07575,20.14837,-1.375243,5.985716,-5.164383323004311,2.514476435515648,64.03676518227451,5.138782784031519,61.89256947814291
3668,05/05/2023 11:22:44.106881,3850,True,True,True,True,Eyes,2.249955,0.03955949,-3.159369,0.8598038,0.1749802,0.4797076,0.0,0.0,0.0,0.0,0.0,0.0,0.0,-3.778494,-0.4666976,-0.2869303,2.291129,0.04255703,-3.053862,-0.03640489,0.4790497,-0.04461129,0.8758973,358.7949,57.419,353.5086,0.5688677,0.01019776,-0.8223655,0.1325665,-0.005262065,0.09034886,3.955845,0.2969358,-1.967031,-0.04326379,0.20896,1.9929,0.5370425,-0.1130293,-0.8359484,0.04327031,0.993369,-0.1065159,0.8424447,0.02103185,0.5383723,moving,60.84168,20.04016,-1.243636,5.985716,-5.172988484050202,2.51496661118383,63.656216184823556,5.242700855845135,61.5322221064532
3669,05/05/2023 11:22:44.126988,3851,True,True,True,True,Eyes,2.252168,0.03972157,-3.154217,0.8577468,0.1752654,0.4832728,0.0,0.0,0.0,0.0,0.0,0.0,0.0,-3.774155,-0.4717477,-0.2716157,2.294924,0.04258208,-3.045008,-0.03805494,0.4762335,-0.04465113,0.8773595,358.6106,57.0664,353.4177,0.5699912,0.01019794,-0.8215871,0.1246125,-0.004946341,0.08492793,3.954635,0.3029127,-1.952105,-0.0391562,0.2089601,1.9929,0.5424158,-0.1145963,-0.8322576,0.04210411,0.9931162,-0.1093045,0.8390544,0.024247,0.5435069,moving,60.60217,19.93386,-1.125594,5.98572,-5.182025522798559,2.5156932669025918,63.28402213749768,5.33813846088358,61.17985942565848
3670,05/05/2023 11:22:44.146564,3852,True,True,True,True,Eyes,2.254446,0.03988469,-3.148929,0.8556724,0.1756791,0.4867871,0.0,0.0,0.0,0.0,0.0,0.0,0.0,-3.770601,-0.4704405,-0.2548623,2.298408,0.0426656,-3.036314,-0.03827636,0.4733857,-0.04440733,0.8789021,358.5538,56.69767,353.4348,0.5711032,0.01020306,-0.8208146,0.1171358,-0.004649561,0.07983226,3.953169,0.3044689,-1.936426,-0.03483224,0.2089601,1.9929,0.547868,-0.1142983,-0.8287198,0.04182043,0.9931258,-0.1093259,0.8355188,0.02523875,0.5488818,moving,60.3647,19.84426,-1.001323,5.985721,-5.191813302414904,2.5172171809137485,62.91142886670951,5.439735997054385,60.82325604293706
3671,05/05/2023 11:22:44.157086,3853,True,True,True,True,Eyes,2.256757,0.04003488,-3.14351,0.853521,0.1759142,0.4904651,0.0,0.0,0.0,0.0,0.0,0.0,0.0,-3.767894,-0.4625031,-0.2377254,2.302113,0.04285134,-3.027521,-0.03815567,0.4704819,-0.04333845,0.8805184,358.4864,56.31853,353.5542,0.5722072,0.01021266,-0.8200452,0.1101076,-0.004370587,0.07504232,3.951612,0.3064487,-1.92032,-0.03021652,0.20896,1.9929,0.5535372,-0.1122237,-0.8252286,0.04041749,0.9933318,-0.1079734,0.831843,0.02641363,0.5543819,moving,60.11671,19.73129,-0.8686569,5.985718,-5.201017994737015,2.517821721038263,62.515243945255456,5.549383502410658,60.448292702909015
3672,05/05/2023 11:22:44.176905,3854,True,True,True,True,Eyes,2.259113,0.04018126,-3.137969,0.851336,0.1759928,0.4942202,0.0,0.0,0.0,0.0,0.0,0.0,0.0,-3.766115,-0.4483553,-0.2143843,2.305272,0.04273002,-3.019023,-0.0352447,0.4671172,-0.04267559,0.8824614,358.7202,55.85711,353.7842,0.5733068,0.01022599,-0.8192767,0.1035012,-0.004108352,0.07053978,3.948552,0.2977383,-1.900724,-0.02602166,0.2089599,1.9929,0.5599607,-0.1082459,-0.8214176,0.04239232,0.9938732,-0.1020732,0.8274339,0.02233517,0.5611187,moving,59.86385,19.60092,-0.7480791,5.985717,-5.20960786398573,2.517665872704724,62.12229633516967,5.65089528600611,60.08063016361983
3673,05/05/2023 11:22:44.196759,3855,True,True,True,True,Eyes,2.261506,0.04031861,-3.132303,0.8490621,0.1758921,0.4981521,0.0,0.0,0.0,0.0,0.0,0.0,0.0,-3.764436,-0.4335693,-0.1886213,2.308661,0.04277205,-3.010448,-0.03209118,0.4634316,-0.04200915,0.8845546,358.978,55.35479,354.0259,0.5744038,0.01024261,-0.8185076,0.09729109,-0.003861851,0.0663074,3.944873,0.2883813,-1.879839,-0.02183056,0.20896,1.9929,0.5669327,-0.1040629,-0.8171647,0.04457464,0.9944108,-0.09570952,0.8225572,0.01783605,0.5684026,moving,59.59948,19.44757,-0.6276025,5.985719,-5.217695463718077,2.5166358436114447,61.713231148660554,5.753563362083795,59.70194826159185
3674,05/05/2023 11:22:44.206552,3856,True,True,True,True,Eyes,2.263959,0.04044968,-3.126553,0.8467702,0.1754921,0.5021781,0.0,0.0,0.0,0.0,0.0,0.0,0.0,-3.762071,-0.4233924,-0.161276,2.312008,0.04279749,-3.001872,-0.02902954,0.4595288,-0.04198339,0.8866951,359.2611,54.82827,354.1951,0.5755016,0.01026198,-0.8177359,0.09145363,-0.00363014,0.06232895,3.941226,0.2780741,-1.859115,-0.01686728,0.2089601,1.9929,0.5741414,-0.1011327,-0.8124862,0.04777311,0.9947894,-0.09006584,0.8173612,0.01289555,0.5759812,moving,59.32989,19.26258,-0.4849219,5.98572,-5.224443342532005,2.514130022467652,61.270602527574205,5.8749468488083965,59.29654480817405
3675,05/05/2023 11:22:44.226875,3857,True,True,True,True,Eyes,2.266442,0.04058948,-3.120682,0.844391,0.1749391,0.5063596,0.0,0.0,0.0,0.0,0.0,0.0,0.0,-3.759293,-0.415104,-0.133908,2.315321,0.04293274,-2.993321,-0.02558719,0.4556241,-0.0424091,0.8887933,359.6082,54.30166,354.3354,0.576602,0.01028368,-0.81696,0.08596641,-0.003412332,0.05858922,3.936875,0.2658071,-1.837301,-0.01328921,0.2089601,1.9929,0.5812163,-0.09870214,-0.807741,0.05206957,0.9950935,-0.08412866,0.8120815,0.00683823,0.583504,moving,59.04996,19.05921,-0.3820585,5.985719,-5.230858655812383,2.510954051300514,60.85294561409023,5.965304216862433,58.92026914068677
3676,05/05/2023 11:22:44.245087,3858,True,True,True,True,Eyes,2.268835,0.0407059,-3.114537,0.8426099,0.1717825,0.5103914,0.0,0.0,0.0,0.0,0.0,0.0,0.0,-3.755357,-0.4140924,-0.1070282,2.318564,0.0433193,-2.984631,-0.02334945,0.4516759,-0.04331685,0.890824,359.8585,53.77987,354.3605,0.5777071,0.01030773,-0.8161787,0.0,0.0,0.0,3.932781,0.2570711,-1.816723,-0.008966565,0.2089599,1.9929,0.588225,-0.09826814,-0.8027046,0.05608262,0.9951569,-0.08073086,0.8067502,0.002470137,0.5908874,moving,58.79559,18.6017,-0.2577866,5.985716,-5.222396915116457,2.49419575755447,60.38596144924484,6.0694373037677565,58.55051757136159
3677,05/05/2023 11:22:44.256872,3859,True,True,True,True,Eyes,2.271243,0.04078588,-3.108272,0.8407001,0.1685564,0.514599,0.0,0.0,0.0,0.0,0.0,0.0,0.0,-3.751027,-0.4130589,-0.08060753,2.321748,0.04289369,-2.97573,-0.02181924,0.4477091,-0.04402019,0.8928285,0.02605888,53.2617,354.3678,0.5788178,0.01033337,-0.8153909,0.0,0.0,0.0,3.928384,0.2503948,-1.796325,-0.004649699,0.20896,1.992899,0.5952375,-0.0981423,-0.7975339,0.05906762,0.9951723,-0.07837815,0.8013758,-0.0004548065,0.598161,moving,58.52888,18.13616,-0.1336784,5.985721,-5.214266978124506,2.4773450236834536,59.90767000915769,6.1742272626916055,58.168813307568335
3678,05/05/2023 11:22:44.276997,3860,True,True,True,True,Eyes,2.331702,0.04189774,-2.948313,0.7809633,0.08806183,0.6183376,0.0,0.0,0.0,0.0,0.0,0.0,0.0,-3.74624,-0.4115776,-0.05119872,2.324583,0.04214397,-2.966625,-0.01933244,0.4434404,-0.04517749,0.8949558,0.3130481,52.70041,354.3754,0.579936,0.01035952,-0.8145957,0.0,0.0,0.0,3.922995,0.2392365,-1.774339,-0.0003097057,0.20896,1.9929,0.6026392,-0.09800928,-0.7919723,0.06371814,0.9951705,-0.0746704,0.7954659,-0.005463693,0.6059737,moving,51.62914,8.105392,-0.008904026,5.985718,-5.109420443873131,2.1438009584395226,51.681530634235195,6.385577051702232,51.38905944841017
3679,05/05/2023 11:22:44.296864,3861,True,True,True,True,Eyes,2.33181,0.04186514,-2.947941,0.7806956,0.08790822,0.6186974,0.0,0.0,0.0,0.0,0.0,0.0,0.0,-3.741271,-0.409391,-0.01870179,2.327536,0.04131819,-2.957352,-0.01689255,0.4387487,-0.04623904,0.8972603,0.5879003,52.08725,354.3872,0.5841212,0.01044086,-0.8115988,0.1813781,0.003335562,0.4798758,3.916479,0.2284181,-1.750875,0.004078031,0.20896,1.9929,0.610723,-0.09780008,-0.7857814,0.06815375,0.9951532,-0.07088866,0.7889059,-0.01026061,0.6144284,moving,51.60335,8.086797,0.117243,5.985718,-5.110018903811042,2.1435155542504614,51.52896027458433,6.487432978086015,51.23858304178077
3680,05/05/2023 11:22:44.306727,3862,True,True,True,True,Eyes,2.331992,0.04179428,-2.947172,0.7802561,0.08780721,0.6192659,0.0,0.0,0.0,0.0,0.0,0.0,0.0,-3.735941,-0.4072426,0.0157882,2.330332,0.04053786,-2.948094,-0.01487111,0.43378,-0.04711863,0.899663,0.8090583,51.44324,354.3936,0.5877985,0.01051152,-0.8089386,0.1704954,0.003135428,0.4510832,3.908798,0.2195216,-1.726704,0.00835079,0.20896,1.9929,0.6192294,-0.09768337,-0.7791104,0.07188019,0.9951174,-0.06763621,0.7819131,-0.01412026,0.6232275,moving,51.56202,8.07031,0.2400834,5.98572,-5.111675614641138,2.143735368341221,51.36425500133842,6.5880323663970355,51.07574767025636
3681,05/05/2023 11:22:44.326599,3863,True,True,True,True,Eyes,2.332276,0.04169098,-2.946047,0.7795302,0.08761957,0.6202061,1.996118,3.88831,0.21659,-1.708042,-0.78263,0.4329168,-0.4472955,0.009950042,0.2149634,1.979456,2.333011,0.03945836,-2.93858,-0.01267645,0.4284922,-0.04780251,0.902191,1.036701,50.75994,354.4259,0.591111,0.0105732,-0.8065205,0.1602657,0.002947302,0.4240182,3.900042,0.2100985,-1.701336,0.01277351,0.20896,1.992899,0.6282187,-0.09711751,-0.7719517,0.07539046,0.9951084,-0.06383917,0.7743756,-0.01809284,0.6324674,moving,51.49371,8.041242,0.367233,5.985721,-5.114318525713832,2.144006177852997,51.167781044451885,6.69374184621424,50.88211553973619
3682,05/05/2023 11:22:44.346544,3864,True,True,True,True,Eyes,2.332678,0.04156164,-2.944593,0.7786154,0.08763324,0.6213523,0.0,0.0,0.0,0.0,0.0,0.0,0.0,-3.724508,-0.395363,0.09068012,2.335859,0.03860426,-2.928953,-0.01105746,0.4229653,-0.04775498,0.9048191,1.168192,50.05219,354.5031,0.5941034,0.01062602,-0.8043181,0.1506498,0.002770464,0.3985772,3.89036,0.204293,-1.675287,0.01709336,0.20896,1.9929,0.6376396,-0.09577308,-0.7643581,0.07706539,0.9951944,-0.0604074,0.7664703,-0.02038739,0.6419562,moving,51.40936,8.027838,0.4914213,5.98572,-5.118760581979211,2.145484584134369,50.95887290141808,6.798643158613082,50.67475047022217
3683,05/05/2023 11:22:44.356765,3865,True,True,True,True,Eyes,2.333177,0.04139924,-2.942804,0.7773995,0.08767456,0.6228668,0.0,0.0,0.0,0.0,0.0,0.0,0.0,-3.718267,-0.3875417,0.1305346,2.33875,0.0378747,-2.919168,-0.01029738,0.4171182,-0.04720844,0.9075671,1.185641,49.31103,354.589,0.5968157,0.01067026,-0.802307,0.1416108,0.002604236,0.3746625,3.879549,0.2026021,-1.648508,0.02142662,0.20896,1.9929,0.6475676,-0.09428007,-0.756153,0.07709918,0.9953306,-0.0580741,0.7580975,-0.02069187,0.6518129,moving,51.29765,8.012298,0.6159905,5.985719,-5.12475938269453,2.1475550391964786,50.7221611538505,6.905628994209596,50.439704462516005
3684,05/05/2023 11:22:44.377007,3866,True,True,True,True,Eyes,2.333779,0.04119485,-2.940695,0.7760266,0.08787748,0.6245481,0.0,0.0,0.0,0.0,0.0,0.0,0.0,-3.711999,-0.3756031,0.1708757,2.341697,0.03692577,-2.909347,-0.009758112,0.4111474,-0.04596532,0.9103571,1.147729,48.55826,354.7367,0.5992829,0.01070599,-0.8004652,0.1331141,0.002447982,0.3521828,3.868216,0.202664,-1.621613,0.02595681,0.20896,1.9929,0.6576901,-0.09171375,-0.7476847,0.07566566,0.995584,-0.05556377,0.7494788,-0.02003031,0.6617253,moving,51.17281,8.009264,0.7462147,5.985719,-5.132214353925352,2.1505979217238043,50.467179908500995,7.018837640740244,50.18539264107577
3685,05/05/2023 11:22:44.396793,3867,True,True,True,True,Eyes,2.334478,0.04094083,-2.938277,0.7743604,0.08802955,0.6265913,0.0,0.0,0.0,0.0,0.0,0.0,0.0,-3.705721,-0.3591523,0.2107177,2.344706,0.03571508,-2.899455,-0.008845217,0.4051993,-0.04426541,0.9131133,1.129903,47.80923,354.9501,0.6015364,0.010733,-0.7987728,0.1251273,0.002301103,0.3310518,3.85655,0.2018662,-1.594484,0.03021032,0.2089599,1.9929,0.6677082,-0.08800682,-0.7392027,0.07367051,0.9959247,-0.05202599,0.7407688,-0.01971925,0.6714706,moving,51.02116,7.99712,0.8684786,5.985716,-5.140827054174302,2.153864010406758,50.19299948858528,7.12705016928048,49.912539282510096
3686,05/05/2023 11:22:44.406587,3868,True,True,True,True,Eyes,2.335269,0.04063821,-2.935572,0.7725855,0.0881873,0.6287566,0.0,0.0,0.0,0.0,0.0,0.0,0.0,-3.699709,-0.3359684,0.2511528,2.347861,0.03430488,-2.889666,-0.006939582,0.3991694,-0.04208187,0.9158847,1.196645,47.04843,355.2595,0.6036041,0.01075091,-0.7972112,0.1176197,0.002163037,0.3111887,3.844682,0.1980172,-1.567077,0.03471106,0.20896,1.9929,0.6777859,-0.08262444,-0.7306021,0.07154416,0.9963619,-0.04630731,0.7317703,-0.02088388,0.6812313,moving,50.86012,7.984033,0.9978404,5.985717,-5.149963030979928,2.157322612903309,49.90230649723951,7.2423815564441245,49.6232691183812
3687,05/05/2023 11:22:44.426871,3869,True,True,True,True,Eyes,2.336155,0.04030047,-2.932586,0.7705102,0.08824904,0.6312892,0.0,0.0,0.0,0.0,0.0,0.0,0.0,-3.693342,-0.3094521,0.2932471,2.35093,0.03288454,-2.88003,-0.004124695,0.3929405,-0.03987097,0.9186898,1.361201,46.26241,355.6114,0.6055104,0.01075939,-0.7957641,0.1105625,0.002033255,0.2925174,3.831709,0.1908674,-1.538705,0.03874385,0.20896,1.9929,0.6880162,-0.07649964,-0.7216519,0.07001661,0.9967867,-0.03891247,0.7223097,-0.02375521,0.6911616,moving,50.67178,7.957908,1.113744,5.985718,-5.1600807757748655,2.160817159288595,49.59726268226298,7.347839393889973,49.320584164025156
3688,05/05/2023 11:22:44.446621,3870,True,True,True,True,Eyes,2.337132,0.03990003,-2.929327,0.768317,0.08834014,0.6339439,0.0,0.0,0.0,0.0,0.0,0.0,0.0,-3.685875,-0.2883075,0.3366901,2.354196,0.03174628,-2.87035,-0.001824829,0.3864562,-0.03817387,0.9215158,1.497987,45.4496,355.8831,0.6072773,0.01075849,-0.7944165,0.1039287,0.001911259,0.2749663,3.818464,0.1849008,-1.510335,0.04315484,0.2089601,1.9929,0.6983888,-0.07176605,-0.7121115,0.06894519,0.9970789,-0.03286826,0.7123902,-0.02614183,0.7012966,moving,50.47372,7.933085,1.240506,5.985721,-5.170859572526646,2.16462687071611,49.271711836694806,7.4636699317043576,48.99732132530256
3689,05/05/2023 11:22:44.457075,3871,True,True,True,True,Eyes,2.338201,0.03945404,-2.925811,0.7658181,0.08827733,0.6369692,0.0,0.0,0.0,0.0,0.0,0.0,0.0,-3.677305,-0.2701061,0.3812147,2.35743,0.02987175,-2.860505,-0.0001843234,0.3797519,-0.03669847,0.9243602,1.577659,44.61463,356.1003,0.6089244,0.01074752,-0.793155,0.097693,0.001796584,0.2584684,3.804399,0.1801715,-1.481643,0.04749703,0.20896,1.9929,0.7088835,-0.0679852,-0.7020414,0.06770521,0.9973064,-0.02821339,0.7020685,-0.02753186,0.711577,moving,50.24801,7.89034,1.365279,5.985718,-5.182385538682314,2.1682330480175125,48.91982190259123,7.579254730494986,48.64910414817402
3690,05/05/2023 11:22:44.476901,3872,True,True,True,True,Eyes,2.339372,0.03897109,-2.922041,0.7632073,0.08821318,0.6401039,0.0,0.0,0.0,0.0,0.0,0.0,0.0,-3.667919,-0.2553142,0.4279343,2.360857,0.02837934,-2.850875,0.002401277,0.3727585,-0.03620827,0.9272186,1.802072,43.74303,356.2509,0.6104684,0.01072631,-0.7919675,0.09183142,0.001688789,0.2429603,3.789814,0.1707309,-1.452369,0.05183214,0.20896,1.9929,0.7194802,-0.06535577,-0.6914311,0.06893616,0.9973664,-0.02254086,0.6910833,-0.0314469,0.7220907,moving,50.01336,7.846549,1.489836,5.985717,-5.1944019382881095,2.172014974943469,48.55919147917107,7.695671507514492,48.29220149511901
3691,05/05/2023 11:22:44.496921,3873,True,True,True,True,Eyes,2.34065,0.03844123,-2.918029,0.7603095,0.08824548,0.6435388,0.0,0.0,0.0,0.0,0.0,0.0,0.0,-3.657833,-0.2451816,0.4725459,2.364554,0.02702444,-2.841005,0.003549121,0.365894,-0.03564022,0.9299671,1.872887,42.89441,356.3463,0.6119254,0.01069492,-0.7908427,0.08632154,0.001587461,0.2283826,3.775639,0.1667417,-1.424042,0.05611801,0.20896,1.9929,0.7297028,-0.06369125,-0.6807917,0.06888567,0.9974343,-0.01947995,0.6802857,-0.03268221,0.732218,moving,49.75486,7.808009,1.612964,5.985719,-5.208148122343624,2.176674823243139,48.17637274970913,7.812578839670579,47.91267371232949
3692,05/05/2023 11:22:44.506858,3874,True,True,True,True,Eyes,2.342016,0.03788329,-2.913776,0.7573167,0.08822909,0.6470604,0.0,0.0,0.0,0.0,0.0,0.0,0.0,-3.647992,-0.2318886,0.5146155,2.368549,0.02536197,-2.831215,0.00330966,0.3592383,-0.03385427,0.9326259,1.747611,42.0792,356.5144,0.6133087,0.01065315,-0.789771,0.08114225,0.001492214,0.2146797,3.76205,0.1693743,-1.397195,0.0606724,0.20896,1.9929,0.7396036,-0.06076882,-0.6702938,0.06552465,0.9976858,-0.01815015,0.6698456,-0.03049684,0.7418739,moving,49.48903,7.764608,1.74379,5.985719,-5.222086621969706,2.1812751249442224,47.7783673719804,7.937079457265972,47.51836390118965
3693,05/05/2023 11:22:44.526521,3875,True,True,True,True,Eyes,2.343496,0.03731873,-2.909297,0.7540131,0.08831587,0.6508952,0.0,0.0,0.0,0.0,0.0,0.0,0.0,-3.637405,-0.2134584,0.559749,2.372434,0.02412979,-2.82145,0.004723051,0.3521948,-0.03212408,0.9353634,1.803018,41.21473,356.744,0.6146311,0.01060129,-0.7887429,0.07627371,0.001402681,0.2017989,3.746765,0.1662634,-1.368681,0.0648666,0.20896,1.9929,0.7498538,-0.05676851,-0.6591635,0.06342226,0.9978914,-0.01379233,0.6585566,-0.0314634,0.7518731,moving,49.19788,7.726915,1.864253,5.985719,-5.237868510051489,2.1868142423850325,47.36564164545378,8.05430365090401,47.10882500700262
3694,05/05/2023 11:22:44.546653,3876,True,True,True,True,Eyes,2.345082,0.0367116,-2.904597,0.750527,0.08859385,0.6548744,0.0,0.0,0.0,0.0,0.0,0.0,0.0,-3.626256,-0.1971239,0.6050408,2.37678,0.02340485,-2.811589,0.004586829,0.3449956,-0.02975845,0.9381213,1.669782,40.33813,356.9796,0.6159034,0.01054019,-0.7877507,0.07169729,0.00131852,0.189691,3.731195,0.170268,-1.3405,0.06923997,0.2089601,1.9929,0.7601849,-0.0526692,-0.6475684,0.05899895,0.9981868,-0.01192707,0.6470224,-0.02913907,0.761914,moving,48.89359,7.704412,1.989845,5.98572,-5.255247833015918,2.1934625744191822,46.9352234171298,8.177566052371052,46.68044267243594
3695,05/05/2023 11:22:44.557138,3877,True,True,True,True,Eyes,2.346759,0.03605742,-2.899695,0.7466956,0.08874676,0.659219,0.0,0.0,0.0,0.0,0.0,0.0,0.0,-3.613896,-0.1809743,0.6519127,2.380974,0.02175493,-2.801514,0.003497571,0.33751,-0.02700517,0.940928,1.421709,39.43125,357.2216,0.6171352,0.01046965,-0.786787,0.06739545,0.001239409,0.1783095,3.714204,0.1773935,-1.311881,0.07358456,0.2089601,1.9929,0.7707154,-0.04845892,-0.6353341,0.05318078,0.998517,-0.01164711,0.6349563,-0.02481096,0.7721496,moving,48.56038,7.667295,2.114591,5.98572,-5.27362513749883,2.2001081706493766,46.47621983674174,8.301601930767188,46.22459165079247
3696,05/05/2023 11:22:44.576748,3878,True,True,True,True,Eyes,2.348531,0.0353835,-2.894602,0.7426485,0.08870819,0.6637802,0.0,0.0,0.0,0.0,0.0,0.0,0.0,-3.599952,-0.1614334,0.7051211,2.384992,0.02001648,-2.791831,0.005841664,0.3292663,-0.0257157,0.9438688,1.602322,38.42655,357.4372,0.6183351,0.01038934,-0.7858454,0.06335172,0.001165044,0.1676109,3.695103,0.1694706,-1.280976,0.07806951,0.2089601,1.9929,0.7818448,-0.04469758,-0.6218688,0.05239143,0.9986091,-0.005907101,0.621268,-0.02796216,0.7830992,moving,48.20962,7.611959,2.243347,5.98572,-5.292118050121232,2.206276458543864,45.995031327260236,8.43014988031963,45.7479502444695
3697,05/05/2023 11:22:44.596769,3879,True,True,True,True,Eyes,2.350384,0.03470192,-2.889313,0.7382337,0.08852952,0.6687103,0.0,0.0,0.0,0.0,0.0,0.0,0.0,-3.584349,-0.144784,0.761211,2.389096,0.01902867,-2.782053,0.008610266,0.320562,-0.02504096,0.9468573,1.854401,37.36855,357.5973,0.6195107,0.0102997,-0.7849202,0.05955062,0.001095142,0.1575543,3.674379,0.1597575,-1.248974,0.0823015,0.20896,1.9929,0.7932259,-0.04190018,-0.6074843,0.05294068,0.9985976,0.0002510258,0.6066218,-0.03235975,0.7943317,moving,47.82894,7.541445,2.36482,5.985718,-5.311640377763858,2.2124389313285677,45.49072975753334,8.553693872325125,45.24927733060508
3698,05/05/2023 11:22:44.607400,3880,True,True,True,True,Eyes,2.352326,0.03409848,-2.883856,0.7335804,0.08787922,0.6738968,0.0,0.0,0.0,0.0,0.0,0.0,0.0,-3.567222,-0.1288989,0.8185476,2.393072,0.01820844,-2.772108,0.0110799,0.3115951,-0.02431462,0.9498392,2.074611,36.28339,357.7471,0.6206678,0.01020149,-0.7840068,0.05597758,0.001029433,0.148101,3.652487,0.1513206,-1.2168,0.08666718,0.20896,1.9929,0.8046347,-0.03928508,-0.5924692,0.05309484,0.9985721,0.005895618,0.5913916,-0.03620087,0.8055716,moving,47.42815,7.429705,2.490108,5.985718,-5.330228770336662,2.217019327399984,44.96123571755933,8.681057359926657,44.72840994162283
3699,05/05/2023 11:22:44.626914,3881,True,True,True,True,Eyes,2.354367,0.03368386,-2.878211,0.7285347,0.08717764,0.6794389,0.0,0.0,0.0,0.0,0.0,0.0,0.0,-3.547861,-0.1091927,0.8815386,2.396935,0.01947809,-2.762368,0.0163942,0.3018374,-0.02442952,0.9529055,2.636061,35.1033,357.8968,0.6218122,0.01009765,-0.7831009,0.05261892,0.0009676672,0.139215,3.627801,0.1330855,-1.182607,0.09093899,0.20896,1.9929,0.8165948,-0.03666127,-0.576046,0.0564548,0.9982688,0.01649676,0.5744439,-0.04599172,0.8172508,moving,46.99709,7.311575,2.612679,5.985719,-5.350328457697967,2.2220499043203827,44.40420964221362,8.807649677020951,44.18030396500367
3700,05/05/2023 11:22:44.647205,3882,True,True,True,True,Eyes,2.356541,0.03332352,-2.872386,0.7233045,0.08704232,0.6850214,0.0,0.0,0.0,0.0,0.0,0.0,0.0,-3.527264,-0.1101032,0.9430054,2.401557,0.02361136,-2.752261,0.01755114,0.2921017,-0.02488419,0.9559025,2.756519,33.93236,357.8587,0.6229491,0.009993829,-0.7821981,0.04946179,0.0009096072,0.1308621,3.603838,0.1327806,-1.150068,0.09542185,0.20896,1.9929,0.8281148,-0.03732028,-0.5593149,0.05782714,0.9981455,0.01901692,0.5575679,-0.04809178,0.8287371,moving,46.55711,7.241488,2.74128,5.985719,-5.373489857682335,2.22975280188272,43.83382158071848,8.941855060587224,43.615386317792066
3701,05/05/2023 11:22:44.661044,3883,True,True,True,True,Eyes,2.35877,0.03301986,-2.86642,0.7177182,0.08674094,0.69091,0.0,0.0,0.0,0.0,0.0,0.0,0.0,-3.508319,-0.1179266,0.9923826,2.406256,0.02445407,-2.7416,0.01160981,0.2837702,-0.02247832,0.9585587,2.006606,32.94489,357.9067,0.6240846,0.009891428,-0.7812939,0.04649408,0.0008550307,0.1230103,3.583425,0.1597216,-1.122571,0.09982765,0.20896,1.9929,0.8379385,-0.03650454,-0.5445426,0.04968261,0.9987199,0.009500014,0.5434986,-0.03501472,0.8386794,moving,46.09029,7.155813,2.867644,5.985721,-5.397471338118677,2.237350147848381,43.23848103865098,9.075374129900347,43.0265539601035
3702,05/05/2023 11:22:44.676760,3884,True,True,True,True,Eyes,2.361086,0.03280449,-2.860284,0.7120112,0.08642314,0.6968293,0.0,0.0,0.0,0.0,0.0,0.0,0.0,-3.48802,-0.09246916,1.048516,2.409989,0.02556902,-2.73231,0.01485991,0.2747048,-0.02042841,0.9611968,2.28041,31.86378,358.216,0.625221,0.009791868,-0.780386,0.04370444,0.0008037289,0.1156297,3.559304,0.1517307,-1.092407,0.1039565,0.20896,1.9929,0.84824,-0.03110726,-0.5286978,0.04743562,0.9987237,0.01734304,0.5274835,-0.03979016,0.848633,moving,45.6174,7.069916,2.986038,5.985717,-5.421811392812862,2.24509165687595,42.64514642308835,9.20240236948187,42.43966230813212
3703,05/05/2023 11:22:44.696822,3885,True,True,True,True,Eyes,2.420269,0.02857814,-2.703398,0.5446173,0.0787268,0.8349816,0.0,0.0,0.0,0.0,0.0,0.0,0.0,-3.467177,-0.07493676,1.100797,2.414289,0.02749331,-2.721973,0.01567682,0.2659095,-0.01796326,0.9637031,2.279186,30.821,358.4926,0.626362,0.009697253,-0.7794718,0.04108217,0.0007555052,0.1086919,3.536426,0.1541145,-1.063113,0.1082703,0.20896,1.9929,0.8579389,-0.02628526,-0.5130787,0.04295972,0.9988631,0.02066241,0.5119523,-0.0397688,0.8580928,moving,33.11443,5.386248,3.109709,5.985717,-6.096132831286432,2.479653594436013,30.010708844840735,9.85088850949487,29.910991404446264
3704,05/05/2023 11:22:44.706596,3886,True,True,True,True,Eyes,2.420402,0.02867,-2.703019,0.5444012,0.07824543,0.8351676,0.0,0.0,0.0,0.0,0.0,0.0,0.0,-3.444504,-0.06916228,1.155585,2.418051,0.02842618,-2.712377,0.01528183,0.2568248,-0.01679615,0.9661912,2.186804,29.7444,358.589,0.6314536,0.009494896,-0.7753552,0.2161645,-0.01196885,0.5728287,3.512458,0.1583475,-1.035039,0.1129236,0.20896,1.9929,0.8675178,-0.02460708,-0.4967971,0.04030609,0.9989687,0.02090299,0.4957704,-0.03815767,0.867615,moving,33.09819,5.352321,3.243079,5.985717,-6.095345368264297,2.4783436941009347,29.861829202430602,9.975361506668607,29.76422522408736
3705,05/05/2023 11:22:44.726698,3887,True,True,True,True,Eyes,2.420671,0.02887005,-2.70224,0.5437291,0.07786521,0.8356409,0.0,0.0,0.0,0.0,0.0,0.0,0.0,-3.42175,-0.06680021,1.207468,2.421582,0.0308191,-2.702925,0.02007345,0.2481528,-0.01939583,0.9683188,2.780008,28.70947,358.4166,0.6356578,0.009323272,-0.7719143,0.2031946,-0.01125072,0.538459,3.490173,0.1395674,-1.00726,0.1169519,0.20896,1.9929,0.876088,-0.02760013,-0.4813606,0.04752525,0.9984417,0.02924874,0.4798032,-0.04850125,0.8760346,moving,33.05097,5.323462,3.35851,5.985718,-6.096712956931054,2.4780850092254627,29.699844509039707,10.08487631868859,29.604108208083165
3706,05/05/2023 11:22:44.746827,3888,True,True,True,True,Eyes,2.421036,0.02907821,-2.701102,0.542841,0.07760201,0.8362426,0.0,0.0,0.0,0.0,0.0,0.0,0.0,-3.402322,-0.08119217,1.245162,2.425235,0.0335872,-2.692568,0.0187121,0.2413029,-0.02056822,0.9700515,2.649714,27.89696,358.2289,0.639151,0.009180825,-0.769026,0.1910029,-0.01057568,0.5061514,3.473976,0.1463479,-0.9845124,0.1212971,0.20896,1.9929,0.8826997,-0.0308739,-0.4689222,0.04893503,0.9984536,0.02637706,0.4673826,-0.04622974,0.8828456,moving,32.98933,5.301775,3.482988,5.985719,-6.099335865787872,2.4785604568709125,29.514267695745055,10.203974309821207,29.42016750996491
3707,05/05/2023 11:22:44.757085,3889,True,True,True,True,Eyes,2.421466,0.02925629,-2.699624,0.541344,0.07726639,0.8372434,0.0,0.0,0.0,0.0,0.0,0.0,0.0,-3.383296,-0.06582219,1.280889,2.427715,0.03397293,-2.682676,0.01718991,0.234713,-0.01705095,0.9717633,2.37348,27.12774,358.5622,0.6420743,0.009063652,-0.7665883,0.1795427,-0.009941136,0.4757824,3.456022,0.1570048,-0.9626299,0.1256815,0.20896,1.9929,0.8892381,-0.02506959,-0.4567572,0.04120836,0.9988275,0.02540488,0.4555847,-0.0414132,0.8892286,moving,32.88586,5.2727,3.608559,5.985719,-6.104122811605124,2.4797313762440307,29.285982140590097,10.326090121213111,29.193876778858918
3708,05/05/2023 11:22:44.777086,3890,True,True,True,True,Eyes,2.421956,0.02940449,-2.6978,0.5393008,0.07696646,0.8385886,0.0,0.0,0.0,0.0,0.0,0.0,0.0,-3.358734,-0.004916906,1.330249,2.429856,0.03349332,-2.67308,0.02075743,0.22605,-0.009548052,0.9738477,2.564604,26.12438,359.4716,0.64467,0.008964447,-0.764408,0.1687702,-0.009344668,0.4472354,3.429044,0.1518635,-0.9353146,0.130015,0.20896,1.9929,0.8976204,-0.009212262,-0.4406729,0.02798112,0.998956,0.03611247,0.4398801,-0.04474582,0.8969411,moving,32.74529,5.24397,3.732636,5.985719,-6.111190558878279,2.481869995598389,29.022134375381782,10.448821903301996,28.932052728368554
3709,05/05/2023 11:22:44.796937,3891,True,True,True,True,Eyes,2.422489,0.02954197,-2.695658,0.5364726,0.0767174,0.8404235,0.0,0.0,0.0,0.0,0.0,0.0,0.0,-3.327495,0.05373944,1.39026,2.432121,0.03295568,-2.663013,0.02184297,0.2156467,-0.0006773727,0.9762269,2.46101,24.92296,0.4644254,0.6470328,0.008879405,-0.7624099,0.158644,-0.008783988,0.4204013,3.395237,0.1572298,-0.9050821,0.134334,0.20896,1.9929,0.9069921,0.008098188,-0.4210698,0.01074327,0.9990448,0.04235524,0.4210106,-0.04293953,0.9060388,moving,32.55156,5.215745,3.856262,5.985719,-6.121526988658472,2.4853957588696267,28.705626404408598,10.573955546274615,28.617629163966956
3710,05/05/2023 11:22:44.806951,3892,True,True,True,True,Eyes,2.42308,0.02973823,-2.693195,0.5330082,0.07641076,0.8426528,0.0,0.0,0.0,0.0,0.0,0.0,0.0,-3.289467,0.09604609,1.461156,2.433892,0.03286456,-2.653277,0.02310192,0.2036122,0.005437675,0.978764,2.464955,23.52799,1.15004,0.6491926,0.008806878,-0.7605727,0.1491253,-0.008256949,0.3951772,3.355733,0.158661,-0.8731195,0.1387916,0.20896,1.9929,0.917025,0.02005206,-0.3983252,-0.001236737,0.9988734,0.04743701,0.3988277,-0.0430083,0.9160168,moving,32.31483,5.181343,3.983821,5.98572,-6.134162275678524,2.489708559918319,28.342425678057445,10.704937251385097,28.25683124511903
3711,05/05/2023 11:22:44.826525,3893,True,True,True,True,Eyes,2.423698,0.02999208,-2.690398,0.5288404,0.0765745,0.8452598,0.0,0.0,0.0,0.0,0.0,0.0,0.0,-3.248149,0.1139503,1.534575,2.435588,0.03446447,-2.642935,0.0232901,0.1910276,0.008505067,0.9812714,2.43342,22.06355,1.467664,0.6511755,0.00874729,-0.7588763,0.1401778,-0.007761532,0.3714666,3.314427,0.1622114,-0.8409677,0.1429979,0.20896,1.9929,0.9268723,0.02558966,-0.3745037,-0.007793454,0.9987705,0.04895723,0.3752961,-0.04245842,0.925932,moving,32.03233,5.176458,4.104148,5.985719,-6.151135898444485,2.496695039714897,27.93990431607175,10.832549839864031,27.855647407057113
3712,05/05/2023 11:22:44.846646,3894,True,True,True,True,Eyes,2.42435,0.03022599,-2.687294,0.5237706,0.07698943,0.8483732,0.0,0.0,0.0,0.0,0.0,0.0,0.0,-3.207824,0.09699742,1.602874,2.437065,0.03600074,-2.632141,0.01763713,0.1791573,0.00994264,0.9836122,1.784111,20.66874,1.483645,0.6530049,0.008701012,-0.7573032,0.1317671,-0.007295839,0.3491786,3.275229,0.1865562,-0.8122954,0.1473355,0.20896,1.9929,0.9356076,0.02587904,-0.3520919,-0.01323976,0.9991801,0.03825878,0.3527933,-0.03113359,0.9351832,moving,31.69044,5.185359,4.228196,5.985718,-6.172454158287675,2.505903801372796,27.47390434656889,10.967343824830921,27.390613414699786
3713,05/05/2023 11:22:44.861586,3895,True,True,True,True,Eyes,2.42499,0.03042169,-2.683901,0.5181432,0.07731854,0.8517919,0.0,0.0,0.0,0.0,0.0,0.0,0.0,-3.168271,0.08155379,1.665384,2.438147,0.03566969,-2.621501,0.01383007,0.1679781,0.0100336,0.9856427,1.369051,19.36014,1.40001,0.6547015,0.008666223,-0.7558374,0.1238611,-0.006858089,0.3282279,3.23854,0.2005977,-0.7856111,0.1516782,0.20896,1.9929,0.9433654,0.02442538,-0.3308551,-0.01513278,0.9994161,0.03063387,0.3314102,-0.02389217,0.9431842,moving,31.31206,5.186618,4.35235,5.985717,-6.195597458709522,2.515658353976764,26.971550242726146,11.104075945279611,26.889582397746942
3714,05/05/2023 11:22:44.879385,3896,True,True,True,True,Eyes,2.425607,0.03059259,-2.680231,0.5119511,0.0775283,0.8555088,0.0,0.0,0.0,0.0,0.0,0.0,0.0,-3.128034,0.08639221,1.724782,2.438707,0.03496518,-2.611211,0.01468474,0.157098,0.01008814,0.9874223,1.480139,18.09805,1.406443,0.6562828,0.00864078,-0.754465,0.1164294,-0.006446604,0.3085342,3.202682,0.1961435,-0.7591779,0.1560313,0.20896,1.9929,0.9504369,0.0245364,-0.3099478,-0.01530862,0.9993652,0.03216974,0.3105404,-0.02583043,0.9502092,moving,30.89703,5.178139,4.476759,5.98572,-6.220465717629206,2.5258561748585446,26.43261066911481,11.242832131984347,26.352413200516867
3715,05/05/2023 11:22:44.897198,3897,True,True,True,True,Eyes,2.426205,0.03075123,-2.676327,0.5051646,0.07715636,0.859567,0.0,0.0,0.0,0.0,0.0,0.0,0.0,-3.085243,0.09761794,1.785015,2.438956,0.03456943,-2.600929,0.01616891,0.1459049,0.0108308,0.9891073,1.651782,16.80417,1.498728,0.6577643,0.008623127,-0.7531741,0.1094437,-0.006059807,0.2900222,3.165003,0.1901218,-0.7328468,0.1604992,0.20896,1.9929,0.9571889,0.02614389,-0.2882809,-0.0167074,0.9992425,0.03514611,0.2889814,-0.02882504,0.9569007,moving,30.44261,5.129231,4.604407,5.985719,-6.245617691559697,2.535006232069469,25.85239458857444,11.385537071838723,25.775539622834035
3716,05/05/2023 11:22:44.906644,3898,True,True,True,True,Eyes,2.426782,0.03091958,-2.672176,0.4979672,0.07632706,0.8638304,0.0,0.0,0.0,0.0,0.0,0.0,0.0,-3.039242,0.1193076,1.847235,2.438775,0.03452913,-2.591272,0.02059692,0.1342367,0.01113218,0.9906727,2.167496,15.46315,1.581918,0.6591591,0.008612196,-0.7519538,0.1028771,-0.005696219,0.2726208,3.124959,0.1724288,-0.7064491,0.1646478,0.20896,1.9929,0.9637132,0.02758642,-0.2655107,-0.01652696,0.9989037,0.04379831,0.2664278,-0.03782093,0.9631125,moving,29.96191,5.049476,4.722892,5.985719,-6.270755946887856,2.543260193526871,25.256377027582026,11.52001813429024,25.1838845049376
3717,05/05/2023 11:22:44.926833,3899,True,True,True,True,Eyes,2.427319,0.03108322,-2.66779,0.4903091,0.07542945,0.8682784,0.0,0.0,0.0,0.0,0.0,0.0,0.0,-2.992821,0.1338354,1.906839,2.438722,0.03500924,-2.58115,0.02398466,0.1227287,0.01102193,0.9920893,2.572553,14.1399,1.592149,0.6604797,0.008607638,-0.7507942,0.09670443,-0.005354446,0.2562636,3.08577,0.1589234,-0.681174,0.1691689,0.20896,1.9929,0.9696324,0.02775668,-0.2429868,-0.01598226,0.9986064,0.05029526,0.2440443,-0.04488444,0.9687248,moving,29.45303,4.964959,4.851967,5.985719,-6.297363343315867,2.551993623742174,24.62223084343839,11.666106336903537,24.55427077031411
3718,05/05/2023 11:22:44.946749,3900,True,True,True,True,Eyes,2.427817,0.03124804,-2.663185,0.48247,0.07431354,0.8727543,0.0,0.0,0.0,0.0,0.0,0.0,0.0,-2.949603,0.1379563,1.959356,2.438482,0.03502104,-2.571157,0.02513698,0.1123057,0.01075235,0.9932976,2.723831,12.93817,1.549304,0.6617359,0.008608747,-0.7496871,0.09090216,-0.005033179,0.2408878,3.049588,0.1536369,-0.6586312,0.1730906,0.20896,1.9929,0.9745436,0.02700661,-0.2225654,-0.01571451,0.9985051,0.0523521,0.2236465,-0.0475219,0.9735111,moving,28.9344,4.866899,4.963889,5.985719,-6.323855672216965,2.56028784460483,23.996607172546728,11.79604842248091,23.933396429511937
3719,05/05/2023 11:22:44.958695,3901,True,True,True,True,Eyes,2.428266,0.0314383,-2.658352,0.4743241,0.07314724,0.8773062,0.0,0.0,0.0,0.0,0.0,0.0,0.0,-2.908761,0.1486582,2.005707,2.438106,0.03527009,-2.561297,0.02784,0.1027233,0.01042258,0.9942657,3.05069,11.83767,1.51753,0.6629366,0.00861504,-0.7486255,0.08544803,-0.004731189,0.2264345,3.017001,0.1424958,-0.6376994,0.1775745,0.20896,1.9929,0.9786786,0.02644526,-0.2036881,-0.015006,0.9982326,0.057502,0.2048488,-0.05321943,0.9773457,moving,28.39831,4.766132,5.091812,5.98572,-6.351271023351042,2.56889152417713,23.33838563212434,11.942314093696366,23.279970902328188
3720,05/05/2023 11:22:44.976971,3902,True,True,True,True,Eyes,2.428658,0.03163239,-2.653304,0.4660989,0.07211336,0.8817888,0.0,0.0,0.0,0.0,0.0,0.0,0.0,-2.871839,0.1493056,2.044688,2.43751,0.03615377,-2.551027,0.02886781,0.09428278,0.009771163,0.9950789,3.187806,10.86487,1.428429,0.6640906,0.008626768,-0.7476019,0.08032116,-0.004447317,0.2128484,2.988218,0.1384282,-0.6185054,0.1818342,0.20896,1.9929,0.9820306,0.02488963,-0.1870734,-0.01400268,0.9981424,0.059294,0.1882017,-0.055609,0.9805548,moving,27.86018,4.675288,5.213291,5.985718,-6.379330806467528,2.5780522172241147,22.684770401377683,12.083090102903645,22.630680311165587
3721,05/05/2023 11:22:44.996827,3903,True,True,True,True,Eyes,2.428988,0.03180126,-2.648061,0.4576248,0.07111816,0.8862966,0.0,0.0,0.0,0.0,0.0,0.0,0.0,-2.836753,0.1439036,2.079947,2.436605,0.03643861,-2.540805,0.02797885,0.08645776,0.009539369,0.995817,3.09973,9.961073,1.367885,0.6652045,0.008643554,-0.7466108,0.07550189,-0.004180478,0.2000775,2.961574,0.1417153,-0.600848,0.1865253,0.20896,1.9929,0.9848682,0.02383691,-0.1716584,-0.01416095,0.9982524,0.05737312,0.172726,-0.05407411,0.9834845,moving,27.30883,4.587695,5.347014,5.985717,-6.408367242806722,2.58771685482298,22.006267914626957,12.23664141626922,21.956334046361853
3722,05/05/2023 11:22:45.006605,3904,True,True,True,True,Eyes,2.429276,0.03193739,-2.642627,0.4490582,0.07029531,0.8907329,0.0,0.0,0.0,0.0,0.0,0.0,0.0,-2.801888,0.1460308,2.113469,2.435548,0.03600328,-2.530901,0.02798372,0.0788306,0.009817875,0.9964469,3.108139,9.084023,1.37599,0.6662844,0.008664249,-0.745647,0.07097177,-0.003929649,0.1880729,2.935108,0.1411181,-0.5838089,0.1909549,0.20896,1.9929,0.9873787,0.02397793,-0.1565515,-0.01515404,0.998241,0.05731647,0.1576505,-0.05422067,0.9860053,moving,26.75471,4.512345,5.473234,5.98572,-6.43821421281049,2.5980752164704484,21.332417927398687,12.383809418181515,21.286165490952794
3723,05/05/2023 11:22:45.026849,3905,True,True,True,True,Eyes,2.429501,0.03203848,-2.637014,0.4403068,0.06953575,0.8951507,0.0,0.0,0.0,0.0,0.0,0.0,0.0,-2.768032,0.1525704,2.144175,2.434498,0.03533856,-2.520859,0.02830383,0.07154765,0.01063,0.9969789,3.148012,8.24934,1.448825,0.6673356,0.0086876,-0.7447062,0.06671347,-0.003693871,0.1767885,2.909328,0.1393968,-0.5671389,0.1949402,0.20896,1.9929,0.9895359,0.02524592,-0.1420612,-0.01714563,0.9981718,0.05795775,0.1432647,-0.05491554,0.9881597,moving,26.19165,4.441845,5.586748,5.985718,-6.468860594934179,2.6089092483501672,20.662660290236904,12.519606061672617,20.619819857152226
3724,05/05/2023 11:22:45.046828,3906,True,True,True,True,Eyes,2.42966,0.03209538,-2.631223,0.4314182,0.06930334,0.8994862,0.0,0.0,0.0,0.0,0.0,0.0,0.0,-2.736034,0.157814,2.1717,2.433316,0.03459282,-2.510945,0.02801188,0.06479027,0.01175079,0.9974366,3.115989,7.475314,1.553548,0.6683628,0.00871242,-0.7437841,0.06271066,-0.003472238,0.1661812,2.885575,0.1402317,-0.5515285,0.1992357,0.20896,1.9929,0.9913283,0.02707113,-0.12859,-0.01981154,0.9981545,0.05740282,0.1299067,-0.05435747,0.9900351,moving,25.62366,4.405804,5.709048,5.985718,-6.501613473623321,2.62162241734386,19.977184470238544,12.665598790135247,19.936894955405744
3725,05/05/2023 11:22:45.056699,3907,True,True,True,True,Eyes,2.429748,0.03209943,-2.625268,0.4224288,0.06911376,0.9037573,0.0,0.0,0.0,0.0,0.0,0.0,0.0,-2.706708,0.1649251,2.19479,2.43203,0.03354763,-2.500936,0.02792645,0.05873094,0.01301891,0.9977984,3.106994,6.782691,1.679227,0.6693697,0.008737371,-0.7428778,0.05894802,-0.003263904,0.1562103,2.864375,0.14005,-0.5366358,0.2035388,0.20896,1.9929,0.9927623,0.02926078,-0.1164761,-0.02270019,0.9981012,0.05725916,0.1179304,-0.0542007,0.9915416,moving,25.05204,4.373115,5.831512,5.985719,-6.5347634061801285,2.634599063704262,19.288058177525286,12.812289890918573,19.250250136838844
3726,05/05/2023 11:22:45.077062,3908,True,True,True,True,Eyes,2.429766,0.03205467,-2.619151,0.4133946,0.06925465,0.9079145,0.0,0.0,0.0,0.0,0.0,0.0,0.0,-2.678803,0.1724813,2.215371,2.4305,0.0322772,-2.491031,0.02763416,0.05309175,0.01454449,0.9981014,3.073616,6.138924,1.834586,0.6703598,0.008761017,-0.7419841,0.05541114,-0.00306807,0.1468377,2.844612,0.1406222,-0.5224383,0.2080131,0.20896,1.9929,0.9939395,0.03196805,-0.105178,-0.02609946,0.9980496,0.05670777,0.1067857,-0.053619,0.9928353,moving,24.48088,4.362008,5.958789,5.98572,-6.569016283706294,2.6486617729416904,18.593124957123937,12.964638939717409,18.55730466022721
3727,05/05/2023 11:22:45.096783,3909,True,True,True,True,Eyes,2.429698,0.03194813,-2.612884,0.4043316,0.06942023,0.9119741,0.0,0.0,0.0,0.0,0.0,0.0,0.0,-2.65264,0.1756778,2.233538,2.428876,0.03101814,-2.481059,0.02707667,0.04785967,0.01548805,0.9983669,3.01414,5.539691,1.92342,0.6713366,0.00878217,-0.7411002,0.05208647,-0.002883985,0.1380274,2.826242,0.1418938,-0.5087077,0.2122427,0.20896,1.9929,0.9949391,0.03351727,-0.09472428,-0.02833375,0.998054,0.05554742,0.09640174,-0.05258241,0.9939526,moving,23.91052,4.353008,6.079052,5.985718,-6.603330786290199,2.6628111736669,17.906060230523185,13.110474549553155,17.872160483114524
3728,05/05/2023 11:22:45.106538,3910,True,True,True,True,Eyes,2.429567,0.0317771,-2.606472,0.3952172,0.06966191,0.9159425,0.0,0.0,0.0,0.0,0.0,0.0,0.0,-2.628056,0.1741982,2.249472,2.426835,0.02942209,-2.471184,0.02658798,0.04303804,0.01539552,0.998601,2.967895,4.984766,1.895743,0.6723022,0.008799389,-0.7402242,0.04896128,-0.002710946,0.1297458,2.809517,0.1419582,-0.4955532,0.216601,0.20896,1.9929,0.9958214,0.03303656,-0.08513698,-0.02845938,0.9981121,0.05442675,0.08677433,-0.05177638,0.9948816,moving,23.33957,4.349251,6.202921,5.98572,-6.637956031198458,2.677242388084637,17.214609195016944,13.260246869455534,17.18254765775195
3729,05/05/2023 11:22:45.126629,3911,True,True,True,True,Eyes,2.429333,0.03153687,-2.59993,0.3861481,0.06984181,0.919789,0.0,0.0,0.0,0.0,0.0,0.0,0.0,-2.605708,0.1734949,2.262333,2.424715,0.02765436,-2.461292,0.02655947,0.03873306,0.01499828,0.998784,2.974556,4.489366,1.83726,0.6732589,0.00881129,-0.7393541,0.0460236,-0.002548289,0.121961,2.794835,0.1398827,-0.4827719,0.220931,0.20896,1.9929,0.9965496,0.03201754,-0.07657522,-0.02790262,0.9981393,0.05421619,0.0781686,-0.05189247,0.9955887,moving,22.77376,4.342275,6.325924,5.985718,-6.672099097469728,2.6913782187569506,16.52973726279837,13.408999926789358,16.49957855527075
3730,05/05/2023 11:22:45.147060,3912,True,True,True,True,Eyes,2.428988,0.031254,-2.593267,0.3769808,0.06999987,0.9235722,0.0,0.0,0.0,0.0,0.0,0.0,0.0,-2.58482,0.1755765,2.272801,2.422095,0.02576466,-2.45164,0.02708218,0.03486931,0.01461483,0.998918,3.043064,4.045821,1.78394,0.674208,0.008816488,-0.7384886,0.04326219,-0.002395392,0.1146434,2.781549,0.1355396,-0.4705137,0.2253957,0.20896,1.9929,0.9971411,0.0310867,-0.06887156,-0.02730936,0.9981059,0.05512496,0.07045476,-0.05308652,0.9961014,moving,22.20415,4.334305,6.452697,5.985719,-6.706421834637733,2.705560806134,15.837785192715709,13.561778875977287,15.809578077937449
3731,05/05/2023 11:22:45.156775,3913,True,True,True,True,Eyes,2.428526,0.03092432,-2.586481,0.3679183,0.07017609,0.9272062,0.0,0.0,0.0,0.0,0.0,0.0,0.0,-2.565247,0.1754351,2.281715,2.419313,0.02446166,-2.442093,0.02784437,0.0313004,0.01367645,0.9990286,3.140147,3.634806,1.668294,0.6751502,0.00881448,-0.7376273,0.04066646,-0.002251669,0.1077648,2.769436,0.1305331,-0.458584,0.2298516,0.20896,1.9929,0.9976665,0.02906941,-0.06177836,-0.02558324,0.9980753,0.0564908,0.06330161,-0.05477849,0.9964899,moving,21.64333,4.32821,6.579153,5.985719,-6.740306730401349,2.719613655441638,15.15509039142987,13.714060362691125,15.128787093402513
3732,05/05/2023 11:22:45.177147,3914,True,True,True,True,Eyes,2.427972,0.03053501,-2.579585,0.358788,0.07038075,0.9307619,0.0,0.0,0.0,0.0,0.0,0.0,0.0,-2.547396,0.1681824,2.288404,2.416082,0.02300279,-2.43235,0.02732075,0.02817714,0.01250099,0.9991513,3.089202,3.271789,1.521898,0.6760869,0.008804686,-0.736769,0.03822647,-0.002116568,0.1012989,2.758382,0.1303945,-0.4470536,0.2340681,0.20896,1.9929,0.9980996,0.0265204,-0.05562338,-0.02344112,0.9981946,0.05529959,0.05698952,-0.05389063,0.9969192,moving,21.08054,4.324265,6.698755,5.985718,-6.77442444639143,2.733826324726994,14.477436439419582,13.860063631252721,14.452967147019521
3733,05/05/2023 11:22:45.196861,3915,True,True,True,True,Eyes,2.427283,0.03008943,-2.572589,0.3498072,0.0705206,0.9341637,0.0,0.0,0.0,0.0,0.0,0.0,0.0,-2.53093,0.1642995,2.293282,2.412744,0.0211475,-2.422801,0.02706207,0.02539532,0.01166736,0.9992431,3.066247,2.949591,1.416895,0.677019,0.008786209,-0.7359128,0.03593288,-0.001989574,0.09522095,2.748648,0.1290311,-0.4359169,0.2384592,0.20896,1.9929,0.9984379,0.02469156,-0.05012072,-0.02194256,0.998263,0.05467577,0.05138369,-0.05349058,0.9972454,moving,20.52893,4.317106,6.823251,5.985719,-6.8076918673404,2.74758917705868,13.806878944743813,14.010285086425618,13.784303415967019
3734,05/05/2023 11:22:45.206648,3916,True,True,True,True,Eyes,2.426468,0.02961723,-2.565501,0.3408214,0.07067046,0.9374682,0.0,0.0,0.0,0.0,0.0,0.0,0.0,-2.515335,0.165303,2.296389,2.40887,0.01936427,-2.413422,0.02763631,0.02293113,0.01104242,0.999294,3.137203,2.665784,1.339224,0.6779462,0.008758342,-0.7350591,0.0,0.0,0.0,2.739738,0.1245587,-0.425002,0.2429785,0.20896,1.9929,0.9987045,0.02333672,-0.04521954,-0.02080179,0.9982286,0.05574002,0.04644023,-0.05472716,0.9974208,moving,19.979,4.311053,6.951311,5.985719,-6.840914785118313,2.761365264262204,13.134884350167571,14.164107777083903,13.114189182528342
3735,05/05/2023 11:22:45.226615,3917,True,True,True,True,Eyes,2.425498,0.0291273,-2.558325,0.3320095,0.0707899,0.940616,0.0,0.0,0.0,0.0,0.0,0.0,0.0,-2.500562,0.1645539,2.298438,2.404699,0.01821446,-2.404121,0.02851119,0.02067983,0.00990169,0.9993306,3.243221,2.405055,1.20347,0.6788685,0.008721263,-0.7342077,0.0,0.0,0.0,2.731067,0.1192259,-0.4142432,0.247021,0.20896,1.9929,0.9989486,0.02096934,-0.04076736,-0.01861091,0.9981781,0.05739374,0.04189659,-0.05657468,0.997519,moving,19.44152,4.303915,7.065805,5.985719,-6.8733215206095295,2.774767308161414,12.489467020479337,14.304176275650445,12.470583362136288
3736,05/05/2023 11:22:45.247056,3918,True,True,True,True,Eyes,2.424375,0.02860173,-2.551067,0.3231512,0.07094871,0.943684,0.0,0.0,0.0,0.0,0.0,0.0,0.0,-2.485889,0.1591075,2.300171,2.400023,0.01730684,-2.394855,0.02862454,0.01853638,0.008578195,0.9993817,3.261642,2.154934,1.044933,0.6797852,0.008675424,-0.7333596,0.0,0.0,0.0,2.722692,0.117084,-0.4037604,0.2514235,0.20896,1.9929,0.9991657,0.01820697,-0.03655874,-0.01608459,0.9982141,0.05753169,0.03754093,-0.05689566,0.997674,moving,18.90304,4.299563,7.190426,5.985717,-6.905935245664871,2.7883366821909865,11.833361400071917,14.454433273739754,11.816280731822811
3737,05/05/2023 11:22:45.256682,3919,True,True,True,True,Eyes,2.423081,0.0280456,-2.543733,0.3144268,0.07112389,0.9466135,0.0,0.0,0.0,0.0,0.0,0.0,0.0,-2.47016,0.1585072,2.302476,2.395147,0.01586866,-2.38563,0.02876224,0.01623806,0.008105266,0.9994217,3.280713,1.889821,0.9834367,0.6806967,0.008620635,-0.7325143,0.0,0.0,0.0,2.713296,0.1147907,-0.3931963,0.2558942,0.20896,1.9929,0.9993413,0.01713524,-0.03199108,-0.01526707,0.9982141,0.05775442,0.03292358,-0.05722797,0.9978181,moving,18.37441,4.29685,7.31691,5.98572,-6.938034112589928,2.8017371660349464,11.185731452475515,14.60620341978183,11.170398323373398
3738,05/05/2023 11:22:45.276971,3920,True,True,True,True,Eyes,2.421623,0.02747725,-2.536321,0.3059765,0.07136793,0.9493603,0.0,0.0,0.0,0.0,0.0,0.0,0.0,-2.452958,0.1573944,2.305924,2.389816,0.01457396,-2.376473,0.0284105,0.01372241,0.008021845,0.99947,3.242995,1.600525,0.9650142,0.6816024,0.008556905,-0.7316723,0.0,0.0,0.0,2.70205,0.1148015,-0.3826407,0.2599793,0.20896,1.9929,0.9994947,0.01681491,-0.02697446,-0.01525547,0.998257,0.05701103,0.02788607,-0.05657072,0.998009,moving,17.864,4.29911,7.432421,5.985718,-6.9692823542943465,2.814923995167567,10.567047221381431,14.746626533759317,10.553308662718932
3739,05/05/2023 11:22:45.296670,3921,True,True,True,True,Eyes,2.419981,0.02694278,-2.528838,0.2974895,0.07161674,0.9520352,0.0,0.0,0.0,0.0,0.0,0.0,0.0,-2.430779,0.1536855,2.314448,2.384284,0.01350152,-2.367274,0.02738568,0.01016859,0.008078408,0.9995407,3.128868,1.191913,0.9586766,0.6825007,0.00848483,-0.7308353,0.0,0.0,0.0,2.686624,0.1177599,-0.3715566,0.2642941,0.20896,1.9929,0.9996626,0.01670634,-0.01988536,-0.01559245,0.9983695,0.05491049,0.02077029,-0.05458191,0.9982932,moving,17.35284,4.301966,7.554361,5.985718,-7.000607571610914,2.828160349810511,9.942092914016898,14.893531496419902,9.929951766711582
3740,05/05/2023 11:22:45.308535,3922,True,True,True,True,Eyes,2.418155,0.02658512,-2.521271,0.2890249,0.07189507,0.9546181,0.0,0.0,0.0,0.0,0.0,0.0,0.0,-2.401356,0.152728,2.329628,2.378319,0.01391622,-2.358051,0.02691199,0.005162658,0.008456839,0.9995887,3.079098,0.6183383,0.9860771,0.6833916,0.008406136,-0.7300032,0.0,0.0,0.0,2.665321,0.1201196,-0.3595381,0.2690531,0.20896,1.9929,0.9998037,0.0171846,-0.009865889,-0.01662885,0.9984085,0.05388916,0.01077625,-0.05371452,0.9984982,moving,16.84447,4.306981,7.688774,5.985718,-7.031875769320654,2.841435076164576,9.308325690455025,15.052708883656898,9.297778008377477
3741,05/05/2023 11:22:45.326820,3923,True,True,True,True,Eyes,2.416154,0.0262597,-2.513581,0.2804891,0.07300601,0.9570768,0.0,0.0,0.0,0.0,0.0,0.0,0.0,-2.368097,0.1445349,2.348403,2.372379,0.01765137,-2.348463,0.0264215,-0.000694635,0.008021583,0.9996185,3.028574,359.9446,0.9180732,0.6842744,0.008326554,-0.7291768,0.0,0.0,0.0,2.64038,0.1253731,-0.346816,0.2733177,0.20896,1.9929,0.9998704,0.01600034,0.001812624,-0.01607375,0.9984751,0.05281169,-0.0009648554,-0.05283397,0.9986028,moving,16.3342,4.362086,7.809155,5.98572,-7.06588480383034,2.8573064650944726,8.678282066053223,15.200453296231565,8.6686788656565
3742,05/05/2023 11:22:45.347223,3924,True,True,True,True,Eyes,2.413989,0.0259084,-2.505869,0.2718573,0.07380909,0.9595029,0.0,0.0,0.0,0.0,0.0,0.0,0.0,-2.338364,0.09144433,2.36404,2.366257,0.01791505,-2.337842,0.01574858,-0.005813933,0.007501762,0.999831,1.809648,359.3471,0.8494558,0.685149,0.008247119,-0.7283559,0.0,0.0,0.0,2.617834,0.1679259,-0.3362108,0.2774979,0.20896,1.9929,0.9998199,0.01481786,0.01186218,-0.01518411,0.9993914,0.0314046,-0.01138962,-0.03157905,0.9994364,moving,15.81909,4.398776,7.927083,5.98572,-7.09922399470579,2.8723650657349262,8.049979238928819,15.345451470903578,8.041566393499204
3743,05/05/2023 11:22:45.356606,3925,True,True,True,True,Eyes,2.411635,0.02575253,-2.498089,0.2629098,0.07412456,0.9619688,0.0,0.0,0.0,0.0,0.0,0.0,0.0,-2.301252,0.1126948,2.384961,2.359872,0.01707068,-2.329638,0.01779906,-0.01223086,0.009828857,0.9997186,2.053262,358.6179,1.101816,0.6860142,0.008167082,-0.727542,0.0,0.0,0.0,2.589118,0.159867,-0.3242248,0.2816205,0.20896,1.9929,0.9995076,0.01921679,0.02480472,-0.02008758,0.9991732,0.03534766,-0.02410494,-0.03582852,0.9990672,moving,15.28586,4.406223,8.043319,5.985717,-7.132135847452909,2.886400181820716,7.412772857218612,15.488711843356468,7.405907175192406
3744,05/05/2023 11:22:45.376809,3926,True,True,True,True,Eyes,2.409134,0.02575665,-2.490214,0.2537974,0.07496143,0.9643483,0.0,0.0,0.0,0.0,0.0,0.0,0.0,-2.255027,0.1509616,2.411081,2.353101,0.02169725,-2.320278,0.02370121,-0.02035856,0.01311179,0.9994258,2.746039,357.7008,1.448162,0.6868702,0.00809205,-0.7267347,0.0,0.0,0.0,2.553207,0.1420918,-0.3096658,0.2859792,0.20896,1.9929,0.9988272,0.02524348,0.04131528,-0.02717357,0.9985327,0.04684133,-0.04007221,-0.04790907,0.9980476,moving,14.74476,4.444819,8.166142,5.98572,-7.167160046924456,2.9022213552574376,6.756670088270182,15.640272234022877,6.751045442798778
3745,05/05/2023 11:22:45.396639,3927,True,True,True,True,Eyes,2.406493,0.02578339,-2.4823,0.244312,0.07592022,0.9667201,0.0,0.0,0.0,0.0,0.0,0.0,0.0,-2.204704,0.1160718,2.443264,2.346503,0.02539727,-2.310197,0.01537332,-0.02952454,0.01500663,0.9993333,1.811551,356.6418,1.667542,0.6877163,0.008026252,-0.7259348,0.0,0.0,0.0,2.512992,0.1796068,-0.2982156,0.290264,0.20896,1.9929,0.9978062,0.02908546,0.05947112,-0.03090102,0.9990769,0.02984001,-0.05854831,-0.03161227,0.997784,moving,14.18296,4.490439,8.286806,5.985719,-7.203814826657974,2.918929966754676,6.082803158915796,15.791280143475499,6.078394720630181
3746,05/05/2023 11:22:45.406817,3928,True,True,True,True,Eyes,2.403769,0.02582764,-2.474321,0.234959,0.07637764,0.9689999,0.0,0.0,0.0,0.0,0.0,0.0,0.0,-2.154289,0.1164564,2.474097,2.340661,0.02592319,-2.301371,0.01348371,-0.03866015,0.01731895,0.9990113,1.620533,355.5949,1.92404,0.6885524,0.007969432,-0.7251424,0.0,0.0,0.0,2.473853,0.1882136,-0.2869016,0.2947072,0.20896,1.9929,0.9964109,0.0335611,0.0777109,-0.03564622,0.9990365,0.02560165,-0.07677681,-0.02827986,0.9966472,moving,13.62978,4.506799,8.411855,5.985719,-7.238410509969847,2.933929403584372,5.42346251688209,15.945037794666476,5.420462515736856
3747,05/05/2023 11:22:45.427115,3929,True,True,True,True,Eyes,2.400959,0.02586369,-2.466283,0.2254891,0.0769293,0.9712036,0.0,0.0,0.0,0.0,0.0,0.0,0.0,-2.109731,0.1447497,2.497166,2.335373,0.02642843,-2.291962,0.01627738,-0.04653108,0.02091696,0.9985653,1.974496,354.7039,2.308671,0.6893796,0.007921226,-0.7243566,0.0,0.0,0.0,2.439941,0.1784681,-0.2743717,0.2990103,0.20896,1.9929,0.9947947,0.04025909,0.09360956,-0.04328871,0.998595,0.03056148,-0.09224768,-0.03445463,0.9951398,moving,13.07106,4.528958,8.532885,5.98572,-7.273647972211532,2.9493657090682577,4.7662551185673,16.095525216086298,4.764493407989611
3748,05/05/2023 11:22:45.446768,3930,True,True,True,True,Eyes,2.398368,0.02584932,-2.45821,0.2180273,0.07647568,0.9729417,0.0,0.0,0.0,0.0,0.0,0.0,0.0,-2.076606,0.1530568,2.511294,2.330611,0.02622299,-2.282517,0.01492289,-0.05224697,0.02437459,0.9982252,1.853258,354.0515,2.701233,0.6901989,0.007880555,-0.7235765,0.0,0.0,0.0,2.415016,0.18468,-0.2638295,0.3033423,0.20896,1.9929,0.9933522,0.0471033,0.1050359,-0.05022201,0.9983664,0.02724582,-0.103581,-0.03233981,0.9940951,moving,12.63079,4.494352,8.654647,5.985717,-7.29868643376185,2.9588808985193324,4.246631926559446,16.237936581783117,4.245980795883421
3749,05/05/2023 11:22:45.456816,3931,True,True,True,True,Eyes,2.395708,0.0258775,-2.450115,0.2106374,0.07547737,0.9746461,0.0,0.0,0.0,0.0,0.0,0.0,0.0,-2.051035,0.1923608,2.518013,2.326284,0.02516336,-2.274183,0.01972744,-0.05633531,0.02798817,0.9978247,2.437094,353.6027,3.07714,0.6910151,0.007845185,-0.7227974,0.0,0.0,0.0,2.397482,0.1653886,-0.2529925,0.3076211,0.20896,1.9929,0.992086,0.05363185,0.1135298,-0.05807726,0.997655,0.03621561,-0.1113212,-0.0425225,0.9928743,moving,12.19503,4.428193,8.774837,5.985719,-7.3217963027987425,2.9666755311028568,3.7581388210023583,16.3773082999576,3.758169078802869
3750,05/05/2023 11:22:45.476924,3932,True,True,True,True,Eyes,2.392978,0.025994,-2.44198,0.2037019,0.07455385,0.9761902,0.0,0.0,0.0,0.0,0.0,0.0,0.0,-2.032346,0.2367636,2.517713,2.322015,0.02629201,-2.265595,0.02694458,-0.05905294,0.03065724,0.9974202,3.288918,353.319,3.329018,0.6918274,0.007815871,-0.7220203,0.0,0.0,0.0,2.386455,0.1383162,-0.2417293,0.3121216,0.20896,1.9929,0.9911458,0.057974,0.1194533,-0.06433862,0.9966682,0.05012933,-0.1161491,-0.05737093,0.9915735,moving,11.78679,4.367331,8.901171,5.985719,-7.343505320572915,2.974034812514063,3.3084704519921284,16.52149358881742,3.308383919380111
3751,05/05/2023 11:22:45.496871,3933,True,True,True,True,Eyes,2.390196,0.02612114,-2.433824,0.1969008,0.07383391,0.9776393,0.0,0.0,0.0,0.0,0.0,0.0,0.0,-2.019789,0.2373456,2.515648,2.317664,0.02844531,-2.256543,0.02700413,-0.06087494,0.03140107,0.9972859,3.306927,353.1123,3.407837,0.6926367,0.007794593,-0.7212442,0.0,0.0,0.0,2.378715,0.1405045,-0.2319115,0.3163916,0.20896,1.9929,0.9906164,0.05934394,0.1231153,-0.06591944,0.9965695,0.05003859,-0.1197235,-0.05768475,0.9911301,moving,11.38728,4.318931,9.020958,5.985719,-7.365334965892982,2.981804437174009,2.894419120415701,16.659354725343714,2.893254028929527
3752,05/05/2023 11:22:45.506726,3934,True,True,True,True,Eyes,2.387255,0.02623133,-2.425659,0.190517,0.07306962,0.9789607,0.0,0.0,0.0,0.0,0.0,0.0,0.0,-2.009091,0.2255861,2.513856,2.313636,0.02879015,-2.247902,0.02481551,-0.06248479,0.03134824,0.9972448,3.061731,352.9206,3.411543,0.6934428,0.007780899,-0.7204693,0.0,0.0,0.0,2.372332,0.1497009,-0.2230152,0.320809,0.20896,1.9929,0.9902259,0.05942255,0.1261811,-0.06562492,0.9968029,0.0455767,-0.1230694,-0.05341185,0.9909596,moving,11.01277,4.268641,9.144792,5.985719,-7.385540821001583,2.9888376573499214,2.537262041368214,16.799797646251765,2.533761398155798
3753,05/05/2023 11:22:45.526983,3935,True,True,True,True,Eyes,2.384285,0.02635533,-2.417471,0.1843353,0.07234496,0.9801973,0.0,0.0,0.0,0.0,0.0,0.0,0.0,-2.000011,0.2274766,2.509612,2.309774,0.02859531,-2.239212,0.02549964,-0.06373917,0.03115003,0.9971544,3.142824,352.7779,3.380165,0.6942443,0.007773583,-0.7196972,0.0,0.0,0.0,2.367805,0.146758,-0.2134549,0.3251265,0.20896,1.9929,0.989934,0.05887212,0.1287042,-0.06537341,0.9967589,0.04688321,-0.1255269,-0.05482511,0.9905742,moving,10.65061,4.221149,9.265742,5.98572,-7.405140080622065,2.9956969176142016,2.243116178771176,16.93689898946102,2.235795279620021
3754,05/05/2023 11:22:45.546891,3936,True,True,True,True,Eyes,2.381201,0.02651174,-2.40928,0.1785219,0.0716086,0.9813267,0.0,0.0,0.0,0.0,0.0,0.0,0.0,-1.994791,0.2215235,2.503162,2.306126,0.02905921,-2.230476,0.0252472,-0.06435081,0.03030906,0.9971474,3.109891,352.7043,3.283712,0.6950417,0.007772443,-0.7189271,0.0,0.0,0.0,2.366179,0.1480923,-0.204138,0.3294035,0.2089601,1.9929,0.9898807,0.05719585,0.1298649,-0.06369456,0.9968879,0.04644954,-0.1268041,-0.05425119,0.9904431,moving,10.31043,4.173545,9.385477,5.98572,-7.423392914970178,3.001987561342196,2.034580124456641,17.07163633293213,2.0219199418514022
3755,05/05/2023 11:22:45.556770,3937,True,True,True,True,Eyes,2.378093,0.02667558,-2.40108,0.1729529,0.07094754,0.9823715,0.0,0.0,0.0,0.0,0.0,0.0,0.0,-1.992176,0.2154476,2.49478,2.302394,0.03011826,-2.221977,0.02590604,-0.06446128,0.02856622,0.9971749,3.172859,352.6879,3.079038,0.695834,0.007777864,-0.7181602,0.0,0.0,0.0,2.367172,0.146063,-0.1948601,0.3339547,0.20896,1.9929,0.9900574,0.05363115,0.1300384,-0.0603109,0.9970257,0.04798288,-0.1270783,-0.05534853,0.9903473,moving,9.984968,4.130768,9.512798,5.985719,-7.441001059298151,3.008146811606315,1.9141023278030356,17.213286690233055,1.8948869422586179
3756,05/05/2023 11:22:45.576886,3938,True,True,True,True,Eyes,2.374928,0.02681949,-2.39288,0.167521,0.07025606,0.983362,0.0,0.0,0.0,0.0,0.0,0.0,0.0,-1.990917,0.202453,2.485957,2.298707,0.03046637,-2.213535,0.02510141,-0.06433932,0.02664953,0.9972564,3.066462,352.6939,2.865662,0.6966216,0.007789442,-0.7173962,0.0,0.0,0.0,2.368727,0.1491391,-0.1860546,0.338155,0.20896,1.9929,0.9903005,0.0499228,0.1296635,-0.05638283,0.9973194,0.04663585,-0.1269877,-0.0534943,0.9904608,moving,9.667836,4.086539,9.630219,5.98572,-7.458025066780378,3.0140188651800184,1.8995535026552945,17.344713688053346,1.8736471067729241
3757,05/05/2023 11:22:45.596973,3939,True,True,True,True,Eyes,2.371735,0.02696496,-2.38469,0.1622639,0.06935592,0.984307,0.0,0.0,0.0,0.0,0.0,0.0,0.0,-1.988755,0.1990415,2.477018,2.29482,0.03017565,-2.205283,0.02575226,-0.06427933,0.02521587,0.997281,3.130261,352.698,2.696999,0.6974046,0.007806017,-0.7166347,0.0,0.0,0.0,2.369818,0.1458547,-0.1770981,0.3423838,0.20896,1.9929,0.9904646,0.04698393,0.1295078,-0.05360528,0.997402,0.04812275,-0.1269104,-0.05460618,0.99041,moving,9.361067,4.030495,9.748352,5.985719,-7.473797874253405,3.019024505727369,1.9932111181209575,17.47580391608907,1.9612355687348448
3758,05/05/2023 11:22:45.606792,3940,True,True,True,True,Eyes,2.368489,0.02713165,-2.376494,0.1568469,0.06835077,0.9852549,0.0,0.0,0.0,0.0,0.0,0.0,0.0,-1.982971,0.2068215,2.470365,2.290973,0.03041906,-2.197309,0.02857961,-0.06488865,0.02414019,0.9971911,3.447361,352.6306,2.551441,0.6981833,0.007827165,-0.7158759,0.0,0.0,0.0,2.368417,0.1343666,-0.1678377,0.3467596,0.20896,1.9929,0.9904134,0.04443579,0.1307926,-0.05185375,0.997201,0.05386581,-0.1280329,-0.06013151,0.9899454,moving,9.045258,3.968462,9.870502,5.985717,-7.489808177256751,3.0239570140132006,2.179528709276618,17.611143962422112,2.1425114226925075
3759,05/05/2023 11:22:45.627138,3941,True,True,True,True,Eyes,2.36522,0.02730666,-2.368301,0.1515135,0.06731199,0.9861606,0.0,0.0,0.0,0.0,0.0,0.0,0.0,-1.974152,0.2032371,2.466585,2.286963,0.0311406,-2.188939,0.02940913,-0.06615801,0.02271402,0.997117,3.534763,352.4814,2.37758,0.6989574,0.007853101,-0.7151198,0.0,0.0,0.0,2.364107,0.1311918,-0.1585095,0.3511278,0.20896,1.9929,0.9902143,0.04140578,0.1332705,-0.04918838,0.9972383,0.05564326,-0.1305985,-0.06165412,0.9895164,moving,8.73461,3.904759,9.992354,5.985719,-7.505416195864236,3.0286723960212094,2.4315251368505324,17.745875195249663,2.390693623519473
3760,05/05/2023 11:22:45.647015,3942,True,True,True,True,Eyes,2.361906,0.02747218,-2.360099,0.1459351,0.06626497,0.9870723,0.0,0.0,0.0,0.0,0.0,0.0,0.0,-1.963227,0.2006839,2.464826,2.283169,0.03154024,-2.180836,0.03017117,-0.0678793,0.02151557,0.9970052,3.616766,352.2806,2.228434,0.6997272,0.007883616,-0.7143664,0.0,0.0,0.0,2.358099,0.1280052,-0.1493873,0.3555113,0.20896,1.9929,0.9898589,0.03880627,0.1366503,-0.04699826,0.9972536,0.0572407,-0.1340537,-0.06308255,0.9889642,moving,8.410048,3.840666,10.11454,5.985719,-7.521852388762125,3.0337242841167957,2.7398075390203958,17.881739548852313,2.6960112234135676
3761,05/05/2023 11:22:45.656868,3943,True,True,True,True,Eyes,2.358571,0.02761441,-2.351896,0.1404496,0.06523073,0.9879367,0.0,0.0,0.0,0.0,0.0,0.0,0.0,-1.95264,0.1960568,2.462504,2.279238,0.03149362,-2.172383,0.03022123,-0.06951956,0.02050526,0.9969119,3.618159,352.0884,2.106392,0.7004928,0.007918015,-0.7136152,0.0,0.0,0.0,2.352305,0.1273374,-0.1400404,0.3600362,0.20896,1.9929,0.9894931,0.03668194,0.1398491,-0.0450858,0.9973325,0.05740477,-0.1373703,-0.06310683,0.9885074,moving,8.091209,3.777599,10.24057,5.985718,-7.537993304319817,3.0386817942661657,3.0814837702772353,18.02116354633111,3.035319731832974
3762,05/05/2023 11:22:45.676862,3944,True,True,True,True,Eyes,2.355221,0.02773114,-2.343692,0.1347039,0.064234,0.9888018,0.0,0.0,0.0,0.0,0.0,0.0,0.0,-1.942091,0.1933335,2.460305,2.275426,0.03108833,-2.164178,0.03046446,-0.07116127,0.01963777,0.9968061,3.64241,351.8968,1.999156,0.7012551,0.00795527,-0.7128657,0.0,0.0,0.0,2.346195,0.1255702,-0.1309538,0.3641691,0.20896,1.9929,0.9891009,0.03481432,0.1430645,-0.04348587,0.9973725,0.05793943,-0.1406715,-0.06352923,0.9880159,moving,7.757619,3.716795,10.35559,5.985718,-7.555152472555962,3.0441322006094893,3.4492701977041462,18.150692078634243,3.4012094708207856
3763,05/05/2023 11:22:45.696862,3945,True,True,True,True,Eyes,2.351851,0.0278197,-2.335483,0.1290121,0.06324666,0.989624,0.0,0.0,0.0,0.0,0.0,0.0,0.0,-1.9305,0.1939568,2.458555,2.27148,0.03058163,-2.156012,0.03112116,-0.07297015,0.01908127,0.9966659,3.716491,351.6876,1.92344,0.7020146,0.007994361,-0.7121172,0.0,0.0,0.0,2.339422,0.1221495,-0.1217715,0.3685392,0.20896,1.9929,0.9886225,0.03349347,0.1466414,-0.04257713,0.9973348,0.05925007,-0.144266,-0.06481953,0.9874136,moving,7.427465,3.656788,10.47713,5.98572,-7.5721438464401825,3.0495351513857347,3.8372360981374345,18.286537885806094,3.7874579213327633
3764,05/05/2023 11:22:45.706884,3946,True,True,True,True,Eyes,2.348435,0.02789786,-2.327266,0.1229822,0.06233755,0.9904491,0.0,0.0,0.0,0.0,0.0,0.0,0.0,-1.917186,0.1941978,2.458119,2.267631,0.03000326,-2.147699,0.0314264,-0.07515111,0.01879939,0.9964996,3.753173,351.436,1.880445,0.7027712,0.008034274,-0.71137,0.0,0.0,0.0,2.331115,0.1201612,-0.1124551,0.3729098,0.20896,1.9929,0.9879978,0.0327437,0.1509577,-0.04219061,0.9973179,0.05980721,-0.1485945,-0.06545839,0.9867294,moving,7.078079,3.60137,10.59858,5.985719,-7.590548661876005,3.055664079207443,4.251946312549348,18.42361591320064,4.20065698071819
3765,05/05/2023 11:22:45.726926,3947,True,True,True,True,Eyes,2.344996,0.02794238,-2.319039,0.1169781,0.06151848,0.9912273,0.0,0.0,0.0,0.0,0.0,0.0,0.0,-1.902028,0.1920189,2.459018,2.263615,0.02984211,-2.139277,0.03161675,-0.07770418,0.01816265,0.9963095,3.774096,351.14,1.796271,0.7035248,0.008074624,-0.7106245,0.0,0.0,0.0,2.321192,0.1188679,-0.1030078,0.3772523,0.20896,1.9929,0.9872644,0.03127772,0.1559833,-0.04110473,0.997341,0.06017751,-0.1536863,-0.06582277,0.9859248,moving,6.730542,3.551389,10.71915,5.985718,-7.609125632029586,3.062022225146158,4.672788402860225,18.560002279836816,4.620160072902861
3766,05/05/2023 11:22:45.747457,3948,True,True,True,True,Eyes,2.341547,0.02795646,-2.310792,0.1106188,0.06078763,0.9920022,0.0,0.0,0.0,0.0,0.0,0.0,0.0,-1.88634,0.184234,2.460688,2.259671,0.02907444,-2.130786,0.03082665,-0.08041717,0.01711157,0.9961376,3.679043,350.8229,1.672881,0.7042763,0.008114412,-0.7098792,0.0,0.0,0.0,2.310875,0.1207563,-0.09363401,0.3817107,0.20896,1.9929,0.9864805,0.02913297,0.1612681,-0.03904894,0.9975138,0.05866304,-0.1591581,-0.06416729,0.9851656,moving,6.362803,3.50657,10.84284,5.985719,-7.629205231793951,3.0691603379801857,5.120245236858289,18.700876168630295,5.066364082502733
3767,05/05/2023 11:22:45.756701,3949,True,True,True,True,Eyes,2.338075,0.02794369,-2.302528,0.1042315,0.06012559,0.992734,0.0,0.0,0.0,0.0,0.0,0.0,0.0,-1.868675,0.1773722,2.463494,2.255586,0.02832266,-2.122201,0.03006234,-0.08350145,0.01624515,0.9959217,3.588629,350.4638,1.569585,0.7050264,0.008152787,-0.7091339,0.0,0.0,0.0,2.298736,0.1226081,-0.08416071,0.3860632,0.20896,1.9929,0.9855272,0.02733729,0.1672985,-0.03737828,0.9976647,0.05716648,-0.1653451,-0.06259245,0.9842475,moving,5.993776,3.465923,10.9635,5.985719,-7.649582019232075,3.076543660499751,5.5720309150068426,18.83905845339986,5.516985905925297
3768,05/05/2023 11:22:45.776904,3950,True,True,True,True,Eyes,2.334554,0.02792513,-2.294237,0.09759387,0.05961537,0.9934392,0.0,0.0,0.0,0.0,0.0,0.0,0.0,-1.848946,0.1730759,2.467645,2.251659,0.02766034,-2.113551,0.02948697,-0.08702126,0.01579678,0.9956447,3.523987,350.0564,1.511285,0.7057741,0.008189028,-0.7083894,0.0,0.0,0.0,2.284642,0.1239283,-0.07462358,0.3902152,0.20896,1.9929,0.9843555,0.02632396,0.1742161,-0.03658794,0.997762,0.05596778,-0.1723529,-0.0614664,0.9831156,moving,5.610642,3.434149,11.07851,5.985719,-7.671284177606845,3.084739626745759,6.033911660798821,18.972887577452887,5.977837741297299
3769,05/05/2023 11:22:45.796801,3951,True,True,True,True,Eyes,2.331016,0.02789003,-2.285914,0.09090753,0.05929334,0.9940926,0.0,0.0,0.0,0.0,0.0,0.0,0.0,-1.828506,0.1643586,2.472096,2.247631,0.02745941,-2.104544,0.02806053,-0.09069604,0.01533462,0.9953652,3.361897,349.6302,1.46011,0.7065218,0.008223302,-0.7076432,0.0,0.0,0.0,2.269976,0.1291601,-0.06489783,0.3945701,0.20896,1.9929,0.9830781,0.02543712,0.1814119,-0.03561704,0.9979549,0.05307937,-0.1796907,-0.05864253,0.9819736,moving,5.225037,3.413402,11.19904,5.985718,-7.693714909463793,3.093559803412489,6.50426947841685,19.112842988502692,6.4472411965340015
3770,05/05/2023 11:22:45.806718,3952,True,True,True,True,Eyes,2.327455,0.02783614,-2.277562,0.08427255,0.0591801,0.9946839,0.0,0.0,0.0,0.0,0.0,0.0,0.0,-1.807083,0.1516865,2.477432,2.24376,0.02699419,-2.095481,0.02588378,-0.09462097,0.01467233,0.9950687,3.112055,349.174,1.394576,0.7072676,0.008255199,-0.7068974,0.0,0.0,0.0,2.254475,0.1370864,-0.05532947,0.398922,0.20896,1.9929,0.9816632,0.02430166,0.1890682,-0.03409825,0.9982295,0.04873565,-0.1875492,-0.05428889,0.9807538,moving,4.842703,3.404879,11.31938,5.985717,-7.716586739876312,3.102918024465332,6.971948776674496,19.253014300493856,6.9140668976562445
3771,05/05/2023 11:22:45.826792,3953,True,True,True,True,Eyes,2.323885,0.02775246,-2.269176,0.07755458,0.05915357,0.9952317,0.0,0.0,0.0,0.0,0.0,0.0,0.0,-1.784446,0.1419524,2.483318,2.239937,0.02644516,-2.086444,0.02439902,-0.09879614,0.01391748,0.9947112,2.939988,348.6895,1.312006,0.708014,0.008284477,-0.7061496,0.0,0.0,0.0,2.23803,0.1420809,-0.04571826,0.4032606,0.20896,1.9929,0.9800913,0.02286668,0.1972264,-0.0325088,0.998422,0.04578997,-0.1958681,-0.05128994,0.979288,moving,4.455835,3.401486,11.43926,5.985718,-7.740003934666149,3.112653318968848,7.446239303195205,19.393263411220257,7.387502553859067
3772,05/05/2023 11:22:45.846887,3954,True,True,True,True,Eyes,2.320055,0.02764549,-2.260815,0.07301609,0.05949945,0.9955543,0.0,0.0,0.0,0.0,0.0,0.0,0.0,-1.760883,0.1341134,2.489519,2.236234,0.02563308,-2.077259,0.02330157,-0.1031842,0.01311529,0.9943029,2.811155,348.1806,1.220381,0.7087607,0.00831046,-0.7053998,0.0,0.0,0.0,2.220802,0.1452237,-0.03596627,0.4075521,0.20896,1.9929,0.978362,0.02127242,0.2058039,-0.03088984,0.99857,0.04363105,-0.2045815,-0.04904421,0.9776201,moving,4.194685,3.420223,11.55774,5.985718,-7.756913331135896,3.1202946295618186,7.797201006005297,19.526046307274097,7.737825520667253
3773,05/05/2023 11:22:45.866448,3955,True,True,True,True,Eyes,2.316231,0.02750078,-2.252408,0.068326,0.05986888,0.995865,0.0,0.0,0.0,0.0,0.0,0.0,0.0,-1.736998,0.1249109,2.495708,2.232483,0.02491318,-2.068024,0.02259508,-0.1076514,0.01153477,0.993865,2.716631,347.6607,1.036168,0.7095048,0.008332832,-0.7046511,0.0,0.0,0.0,2.20401,0.1465974,-0.02602051,0.412409,0.20896,1.9929,0.9765562,0.01806322,0.2145031,-0.02779279,0.9987128,0.04242944,-0.2134606,-0.04739638,0.9758013,moving,3.924895,3.440336,11.69171,5.985718,-7.774421788526843,3.1282272101017936,8.173272586311374,19.674743719363878,8.113142130084409
3774,05/05/2023 11:22:45.876853,3956,True,True,True,True,Eyes,2.312466,0.02730308,-2.243952,0.06355786,0.06008901,0.9961675,0.0,0.0,0.0,0.0,0.0,0.0,0.0,-1.713942,0.1141983,2.500995,2.228854,0.02383789,-2.05846,0.02193923,-0.1120033,0.009408837,0.9934212,2.619182,347.1528,0.7903488,0.7102461,0.008350744,-0.7039036,0.0,0.0,0.0,2.186986,0.1472249,-0.01601111,0.4162457,0.20896,1.9929,0.9747335,0.01377934,0.2229457,-0.02360841,0.9988604,0.04148215,-0.22212,-0.04569744,0.9739479,moving,3.650659,3.45191,11.79745,5.985719,-7.791753922052863,3.135839288998389,8.531728526281295,19.7954218107862,8.470900180151068
3775,05/05/2023 11:22:45.896543,3957,True,True,True,True,Eyes,2.308705,0.02707426,-2.235456,0.05863454,0.06018628,0.9964636,0.0,0.0,0.0,0.0,0.0,0.0,0.0,-1.689878,0.1064255,2.50681,2.22526,0.02250941,-2.049102,0.02219873,-0.1165544,0.006867097,0.9929125,2.618387,346.6209,0.485357,0.710988,0.008363008,-0.7031541,0.0,0.0,0.0,2.169901,0.143761,-0.00593335,0.4207037,0.20896,1.9929,0.9727358,0.008462132,0.2317615,-0.01881157,0.9989201,0.04248201,-0.2311517,-0.04568357,0.9718446,moving,3.367551,3.456459,11.9202,5.985718,-7.809259013454446,3.143321233311832,8.918797901414854,19.9331576109471,8.857103045395014
3776,05/05/2023 11:22:45.907014,3958,True,True,True,True,Eyes,2.30504,0.02681412,-2.226886,0.05360682,0.06020027,0.9967459,0.0,0.0,0.0,0.0,0.0,0.0,0.0,-1.666047,0.1038379,2.511962,2.221691,0.02154464,-2.039626,0.02346351,-0.121062,0.004534274,0.9923572,2.732109,346.0938,0.1903332,0.7117308,0.0083692,-0.7024023,0.0,0.0,0.0,2.152587,0.1366817,0.004336629,0.4248521,0.20896,1.9929,0.9706468,0.003318158,0.2404863,-0.01468032,0.9988578,0.04547052,-0.2400607,-0.04766623,0.9695868,moving,3.078506,3.456284,12.03433,5.98572,-7.826878641083753,3.15071492455296,9.30617160797457,20.06252383082623,9.24359688696769
3777,05/05/2023 11:22:45.927246,3959,True,True,True,True,Eyes,2.301386,0.02650753,-2.218283,0.04836653,0.0602968,0.997008,0.0,0.0,0.0,0.0,0.0,0.0,0.0,-1.641418,0.09435456,2.517454,2.218103,0.02052435,-2.029859,0.02300887,-0.125739,0.002411599,0.9917937,2.650678,345.5479,359.9425,0.7124778,0.008368919,-0.7016444,0.0,0.0,0.0,2.13468,0.1366656,0.01442022,0.4291987,0.20896,1.9929,0.9683678,-0.001002609,0.2495253,-0.01056984,0.9989295,0.04503364,-0.2493033,-0.04624657,0.9673206,moving,2.777337,3.460905,12.15381,5.98572,-7.845489042516293,3.158663083028857,9.710455020438229,20.19812399713863,9.646972181969621
3778,05/05/2023 11:22:45.946830,3960,True,True,True,True,Eyes,2.297771,0.02616509,-2.209626,0.04293716,0.06032637,0.9972548,0.0,0.0,0.0,0.0,0.0,0.0,0.0,-1.615294,0.08507127,2.523747,2.21445,0.01898199,-2.020288,0.02190935,-0.1306793,0.0009344978,0.9911823,2.503278,344.9738,359.7778,0.7132301,0.008361327,-0.7008799,0.0,0.0,0.0,2.115398,0.1390187,0.0239826,0.4335263,0.20896,1.9929,0.965844,-0.003873681,0.2590949,-0.007578711,0.9990382,0.04318808,-0.259013,-0.04367656,0.9648858,moving,2.465367,3.461742,12.27266,5.985719,-7.864559895099882,3.1666953743887927,10.126868019500304,20.333581074305645,10.062428729248163
3779,05/05/2023 11:22:45.956920,3961,True,True,True,True,Eyes,2.294152,0.02579361,-2.200922,0.03716898,0.06046994,0.9974777,0.0,0.0,0.0,0.0,0.0,0.0,0.0,-1.581349,0.08575845,2.53476,2.21118,0.01788091,-2.010818,0.02203781,-0.137205,0.0006484286,0.9902973,2.511844,344.2179,359.7268,0.7139879,0.008345994,-0.7001079,0.0,0.0,0.0,2.089392,0.1372122,0.03316161,0.4377339,0.2089601,1.9929,0.9623487,-0.004763123,0.2717761,-0.007331671,0.9990278,0.04347003,-0.271719,-0.04382589,0.9613782,moving,2.134023,3.469187,12.38811,5.985719,-7.885158655068103,3.175559982966374,10.558372673409144,20.467105698207114,10.492995113838697
3780,05/05/2023 11:22:45.976505,3962,True,True,True,True,Eyes,2.290559,0.02538346,-2.192164,0.03119309,0.06075113,0.9976654,0.0,0.0,0.0,0.0,0.0,0.0,0.0,-1.544643,0.0771211,2.5467,2.207578,0.01678871,-2.000968,0.02058223,-0.1442218,-0.0001847567,0.9893313,2.330977,343.4047,359.6386,0.7147526,0.00832273,-0.6993274,0.0,0.0,0.0,2.061473,0.1417297,0.04203911,0.4421757,0.20896,1.9929,0.9584001,-0.006302386,0.2853587,-0.005571243,0.9991527,0.04077859,-0.285374,-0.040672,0.9575529,moving,1.790831,3.484626,12.50988,5.98572,-7.906898946186691,3.185134667700704,11.00697427367017,20.607963042012234,10.940618875934232
3781,05/05/2023 11:22:45.996877,3963,True,True,True,True,Eyes,2.286958,0.02503895,-2.183372,0.02485361,0.06079135,0.997841,0.0,0.0,0.0,0.0,0.0,0.0,0.0,-1.506187,0.07027246,2.559128,2.204001,0.01543045,-1.991184,0.01958344,-0.151568,-0.001189874,0.9882522,2.197606,342.5519,359.5247,0.715524,0.008291096,-0.6985385,0.0,0.0,0.0,2.03216,0.1441087,0.05053767,0.446541,0.20896,1.9929,0.9540514,-0.008288237,0.2995282,-0.003584653,0.9992301,0.03906744,-0.2996214,-0.03834606,0.9532873,moving,1.426793,3.486315,12.62943,5.985718,-7.929190064872968,3.194543787653371,11.478070008070956,20.747229030775802,11.4106471287714
3782,05/05/2023 11:22:46.006764,3964,True,True,True,True,Eyes,2.283344,0.02492255,-2.174525,0.01831424,0.06083605,0.9979798,0.0,0.0,0.0,0.0,0.0,0.0,0.0,-1.466677,0.08045114,2.571122,2.200333,0.01671589,-1.98155,0.02248804,-0.1590795,-0.001766027,0.9870081,2.512071,341.675,359.3897,0.7163028,0.008253937,-0.6977405,0.0,0.0,0.0,2.001668,0.1333166,0.05942268,0.4509062,0.20896,1.9929,0.9493812,-0.01064094,0.313946,-0.003668606,0.9989823,0.04495364,-0.3141049,-0.04382988,0.9483761,moving,1.051335,3.488389,12.74888,5.985719,-7.952197862989468,3.2042649641311733,11.961154465850067,20.88710394581316,11.892619457262638
3783,05/05/2023 11:22:46.027030,3965,True,True,True,True,Eyes,2.279708,0.02487156,-2.165601,0.01152029,0.06173719,0.998026,0.0,0.0,0.0,0.0,0.0,0.0,0.0,-1.425101,0.06543392,2.583794,2.196356,0.02206438,-1.971476,0.02206406,-0.1669293,-0.003937483,0.9857141,2.417634,340.7581,359.1324,0.7170891,0.008218992,-0.6969327,0.0,0.0,0.0,1.970134,0.13986,0.06752705,0.4552696,0.20896,1.9929,0.9442382,-0.01512874,0.3289154,0.0003961904,0.9989953,0.04481227,-0.3292629,-0.04218314,0.9432956,moving,0.6613402,3.539766,12.86816,5.985719,-7.978675971312612,3.2168664047242497,12.449463269871558,21.029910002403213,12.379939998676129
3784,05/05/2023 11:22:46.046951,3966,True,True,True,True,Eyes,2.276048,0.02481281,-2.156682,0.004799128,0.06257619,0.9980286,0.0,0.0,0.0,0.0,0.0,0.0,0.0,-1.38744,-0.002274632,2.593493,2.192312,0.02340252,-1.96072,0.01127704,-0.1739701,-0.008535362,0.9846494,1.102328,339.9491,358.8118,0.7178833,0.008188134,-0.696115,0.0,0.0,0.0,1.943471,0.1844129,0.0736369,0.459497,0.20896,1.9929,0.9393231,-0.02073241,0.3424066,0.01288494,0.9996,0.02517766,-0.3427916,-0.01923807,0.9392145,moving,0.2755108,3.587737,12.98362,5.985718,-8.004721541967054,3.229187909178956,12.93237612797763,21.16858376991389,12.861807144957066
3785,05/05/2023 11:22:46.056790,3967,True,True,True,True,Eyes,2.272366,0.02480564,-2.147728,-0.002203011,0.0632467,0.9979955,0.0,0.0,0.0,0.0,0.0,0.0,0.0,-1.350582,-0.005139582,2.60302,2.18857,0.02313709,-1.951779,0.0112163,-0.1808662,-0.009434262,0.9833986,1.068486,339.1452,358.7041,0.7186854,0.008160687,-0.6952872,0.0,0.0,0.0,1.91565,0.1843563,0.08045582,0.4638294,0.20896,1.9929,0.9343968,-0.02261258,0.3555155,0.01449798,0.9995704,0.02547287,-0.3559388,-0.01864752,0.9343233,moving,-0.1264766,3.626198,13.10183,5.985718,-8.031254216308469,3.241439469117445,13.437091580174766,21.310521184350442,13.365360415847114
3786,05/05/2023 11:22:46.076643,3968,True,True,True,True,Eyes,2.268653,0.02484393,-2.138767,-0.009239984,0.06377742,0.9979213,0.0,0.0,0.0,0.0,0.0,0.0,0.0,-1.314446,0.002835538,2.610736,2.184458,0.02439884,-1.941975,0.01301381,-0.1876348,-0.009288901,0.9821088,1.26497,338.353,358.6743,0.7194944,0.008137994,-0.6944503,0.0,0.0,0.0,1.887502,0.1784256,0.08846752,0.4682818,0.20896,1.9929,0.9294138,-0.02312911,0.3683138,0.01336174,0.9994887,0.02904779,-0.3687973,-0.0220761,0.9292477,moving,-0.5304997,3.656815,13.2232,5.985717,-8.05749998438796,3.2533441519717026,13.949481709489572,21.455396831710477,13.876500211318508
3787,05/05/2023 11:22:46.096908,3969,True,True,True,True,Eyes,2.264918,0.02497999,-2.129818,-0.0165746,0.06388757,0.9978194,0.0,0.0,0.0,0.0,0.0,0.0,0.0,-1.276375,-0.008138645,2.619204,2.180145,0.02553033,-1.932808,0.01157823,-0.1946448,-0.01031306,0.9807513,1.071262,337.5361,358.5823,0.7203094,0.008121055,-0.6936049,0.0,0.0,0.0,1.858773,0.1854399,0.09446325,0.4726133,0.20896,1.9929,0.924014,-0.02473638,0.3815576,0.01572181,0.9995191,0.02672548,-0.3820351,-0.01869595,0.9239587,moving,-0.9516423,3.663487,13.34115,5.985717,-8.083535034640779,3.2644692281960217,14.480216293406647,21.596812687734936,14.405918095952346
3788,05/05/2023 11:22:46.106905,3970,True,True,True,True,Eyes,2.261151,0.02523893,-2.120841,-0.02390428,0.0639884,0.9976643,0.0,0.0,0.0,0.0,0.0,0.0,0.0,-1.237569,0.008071803,2.628042,2.17601,0.02810845,-1.924172,0.01668216,-0.2018124,-0.01186811,0.9792103,1.597638,336.6852,358.2816,0.7211306,0.008112445,-0.6927513,0.0,0.0,0.0,1.829111,0.1670289,0.1014881,0.4770983,0.20896,1.9929,0.9182618,-0.02997607,0.3948375,0.0165094,0.9991617,0.03746095,-0.3956295,-0.02788043,0.9179869,moving,-1.372558,3.669822,13.46317,5.985719,-8.109538585890794,3.275571350712386,15.015398902613043,21.74227807780743,14.939734965757516
3789,05/05/2023 11:22:46.126695,3971,True,True,True,True,Eyes,2.257346,0.02554434,-2.111876,-0.03135986,0.06421702,0.9974431,0.0,0.0,0.0,0.0,0.0,0.0,0.0,-1.201964,-0.00830505,2.633687,2.17124,0.03135262,-1.914635,0.01664967,-0.2082398,-0.01576897,0.977809,1.489453,335.927,357.8346,0.7219569,0.008115351,-0.6918901,0.0,0.0,0.0,1.80296,0.1701102,0.1082638,0.4813397,0.20896,1.9929,0.912775,-0.03777231,0.4067123,0.02390382,0.9989482,0.03912784,-0.4077626,-0.02599293,0.912718,moving,-1.800801,3.683712,13.57844,5.985719,-8.13638494597041,3.287245440633919,15.550572014049195,21.88185051554682,15.473554809021515
3790,05/05/2023 11:22:46.147126,3972,True,True,True,True,Eyes,2.253493,0.02586054,-2.102939,-0.03885574,0.06403857,0.9971907,0.0,0.0,0.0,0.0,0.0,0.0,0.0,-1.170868,-0.02915114,2.637447,2.166616,0.0327539,-1.90594,0.01509439,-0.2137645,-0.01949412,0.9765739,1.21174,335.2793,357.4473,0.7227876,0.008130188,-0.6910221,0.0,0.0,0.0,1.780904,0.1776894,0.1143098,0.4856712,0.20896,1.9929,0.9078495,-0.0445282,0.4169252,0.03162162,0.9987843,0.03781589,-0.4181022,-0.02114728,0.9081538,moving,-2.231413,3.674431,13.69605,5.985719,-8.162161519401431,3.29780152813614,16.094288733439356,22.02285883264124,16.015892913372305
3791,05/05/2023 11:22:46.156609,3973,True,True,True,True,Eyes,2.249576,0.02619074,-2.094025,-0.04654611,0.06379619,0.9968769,0.0,0.0,0.0,0.0,0.0,0.0,0.0,-1.139235,-0.01730557,2.641436,2.16171,0.03340222,-1.897692,0.01826071,-0.2194531,-0.02035466,0.9752399,1.529025,334.6,357.2641,0.7236217,0.008156195,-0.6901482,0.0,0.0,0.0,1.75643,0.1654799,0.1207121,0.4902446,0.20896,1.9929,0.9028521,-0.04771609,0.4272953,0.03168662,0.9985045,0.04455093,-0.4287821,-0.02668336,0.9030138,moving,-2.673309,3.661711,13.8201,5.98572,-8.188446081713975,3.308471668032854,16.656336880399664,22.170786166979923,16.576516765921955
3792,05/05/2023 11:22:46.176733,3974,True,True,True,True,Eyes,2.24562,0.0265109,-2.085142,-0.05443751,0.06351579,0.9964951,0.0,0.0,0.0,0.0,0.0,0.0,0.0,-1.105009,-0.01338382,2.645619,2.15637,0.03408657,-1.889294,0.01930724,-0.2255514,-0.02066485,0.9738207,1.620633,333.8791,357.1927,0.7244577,0.008192786,-0.6892702,0.0,0.0,0.0,1.729521,0.1621484,0.1259197,0.4943387,0.20896,1.9929,0.8973991,-0.04895727,0.4384953,0.03153817,0.9984003,0.04692556,-0.4400913,-0.02828162,0.8975075,moving,-3.126902,3.647053,13.93104,5.985719,-8.215342481294812,3.3193427910706084,17.217512710461985,22.306317918817225,17.136322844879853
3793,05/05/2023 11:22:46.196490,3975,True,True,True,True,Eyes,2.241594,0.02679925,-2.076308,-0.06265493,0.06309693,0.9960387,0.0,0.0,0.0,0.0,0.0,0.0,0.0,-1.065912,-0.01006725,2.651693,2.150938,0.03423046,-1.881499,0.01989073,-0.2324888,-0.02072762,0.9721748,1.663912,333.0601,357.1586,0.7252943,0.008238638,-0.6883892,0.0,0.0,0.0,1.699214,0.160271,0.1294724,0.498632,0.20896,1.9929,0.8910387,-0.04955048,0.4512149,0.031053,0.9983495,0.04831241,-0.4528641,-0.02903665,0.8911066,moving,-3.599397,3.624722,14.04726,5.985721,-8.242989608198162,3.330307690276737,17.80389899863651,22.447860642859347,17.721310435414736
3794,05/05/2023 11:22:46.206702,3976,True,True,True,True,Eyes,2.2375,0.02706958,-2.067523,-0.07116193,0.06255321,0.9955014,0.0,0.0,0.0,0.0,0.0,0.0,0.0,-1.02196,0.002899602,2.659061,2.145378,0.03378954,-1.873827,0.02197313,-0.2403224,-0.02020772,0.970234,1.886829,332.1292,357.1454,0.7261303,0.008291874,-0.6875067,0.0,0.0,0.0,1.664783,0.1517203,0.132044,0.503073,0.20896,1.9929,0.8836737,-0.0497737,0.4654498,0.02865116,0.9982177,0.05235088,-0.4672259,-0.03292542,0.8835247,moving,-4.088748,3.595504,14.16735,5.985719,-8.271303867449662,3.3413539491558653,18.411904896882046,22.593934006837756,18.327910337938857
3795,05/05/2023 11:22:46.227063,3977,True,True,True,True,Eyes,2.233334,0.02734097,-2.058797,-0.07997446,0.06198511,0.9948678,0.0,0.0,0.0,0.0,0.0,0.0,0.0,-0.9757116,0.01282616,2.666457,2.13962,0.03367281,-1.866297,0.02353257,-0.2485059,-0.01978915,0.9681423,2.047633,331.1566,357.1314,0.7269644,0.008351244,-0.6866241,0.0,0.0,0.0,1.628675,0.1456565,0.133481,0.5073486,0.20896,1.9929,0.8757064,-0.0500134,0.4802468,0.02662146,0.9981092,0.05540121,-0.4821096,-0.03573032,0.8753821,moving,-4.595954,3.565198,14.28285,5.985719,-8.300650083270188,3.3528021389834284,19.033343436765307,22.736462504270314,18.94796253676911
3796,05/05/2023 11:22:46.247372,3978,True,True,True,True,Eyes,2.229081,0.02760365,-2.050133,-0.0890155,0.06157987,0.9941248,0.0,0.0,0.0,0.0,0.0,0.0,0.0,-0.9301823,0.01616967,2.672992,2.133889,0.03398386,-1.858965,0.02433891,-0.2565014,-0.02018662,0.9660265,2.101408,330.2055,357.0467,0.7277946,0.008416223,-0.6857432,0.0,0.0,0.0,1.593763,0.1431054,0.1343927,0.5116664,0.20896,1.9929,0.8675991,-0.05148755,0.4945917,0.02651569,0.9980003,0.05737985,-0.4965569,-0.03666827,0.8672293,moving,-5.116709,3.54459,14.39937,5.985718,-8.331330871671287,3.3650906483693044,19.668158161013068,22.88126853637081,19.58135136529373
3797,05/05/2023 11:22:46.256804,3979,True,True,True,True,Eyes,2.224739,0.02785976,-2.041544,-0.09832849,0.06117567,0.9932719,0.0,0.0,0.0,0.0,0.0,0.0,0.0,-0.8855813,0.0122584,2.678213,2.127631,0.03403199,-1.851826,0.02400396,-0.2641906,-0.02127891,0.963937,2.007667,329.2921,356.9195,0.72862,0.00848606,-0.6848653,0.0,0.0,0.0,1.560122,0.1450231,0.1349683,0.5161613,0.20896,1.9929,0.8595011,-0.0537063,0.5083047,0.02833982,0.9979421,0.05751998,-0.5103477,-0.03503323,0.8592542,moving,-5.653548,3.524398,14.52054,5.985718,-8.36301442050632,3.377812238676372,20.323678869096117,23.031678952612623,20.2354134881081
3798,05/05/2023 11:22:46.276953,3980,True,True,True,True,Eyes,2.220303,0.02810973,-2.033044,-0.1077899,0.06086541,0.9923088,0.0,0.0,0.0,0.0,0.0,0.0,0.0,-0.8396987,0.01329849,2.683274,2.121287,0.03413884,-1.84505,0.02445634,-0.2720788,-0.02199441,0.9617128,2.009861,328.3505,356.81,0.7294379,0.008560069,-0.6839931,0.0,0.0,0.0,1.525071,0.1438151,0.1344879,0.5203422,0.20896,1.9929,0.8509788,-0.05561271,0.5222474,0.02899651,0.9978362,0.05900836,-0.524399,-0.03507151,0.85075,moving,-6.199467,3.509963,14.63313,5.985718,-8.395553451182941,3.391059222407712,20.97919113274947,23.174393533961656,20.889479336714235
3799,05/05/2023 11:22:46.296623,3981,True,True,True,True,Eyes,2.21577,0.02834956,-2.024644,-0.1175436,0.06054244,0.9912206,0.0,0.0,0.0,0.0,0.0,0.0,0.0,-0.7909975,0.01681277,2.688438,2.114597,0.03425886,-1.83874,0.02509832,-0.280383,-0.0222438,0.9593021,2.044758,327.3569,356.7446,0.7302475,0.008637764,-0.6831278,0.0,0.0,0.0,1.48797,0.1418639,0.132653,0.524708,0.20896,1.9929,0.8417813,-0.05675133,0.5368274,0.02860277,0.9977506,0.06062732,-0.5390605,-0.03568018,0.841511,moving,-6.762818,3.495208,14.75057,5.98572,-8.429138886623022,3.404736370835937,21.657066127725795,23.322958229234196,21.565877283236215
3800,05/05/2023 11:22:46.306963,3982,True,True,True,True,Eyes,2.21115,0.02856917,-2.016346,-0.1274052,0.06025485,0.9900188,0.0,0.0,0.0,0.0,0.0,0.0,0.0,-0.7423165,0.02216876,2.692905,2.107883,0.03426107,-1.832734,0.02563871,-0.2886592,-0.02176591,0.9568411,2.091674,326.3659,356.7615,0.7310464,0.008718494,-0.6822715,0.0,0.0,0.0,1.450784,0.1401424,0.1299765,0.5290645,0.2089601,1.9929,0.8324043,-0.05645473,0.5512857,0.02685133,0.9977378,0.0616302,-0.5535179,-0.03649849,0.8320372,moving,-7.33307,3.482858,14.86764,5.98572,-8.463271246245498,3.4187125961886187,22.341348273887682,23.471705233991994,22.248663053233035
3801,05/05/2023 11:22:46.326860,3983,True,True,True,True,Eyes,2.20643,0.02874525,-2.008172,-0.1375154,0.0598773,0.9886881,0.0,0.0,0.0,0.0,0.0,0.0,0.0,-0.6946365,0.03058057,2.696387,2.101197,0.03406168,-1.826956,0.02651642,-0.296748,-0.02083487,0.9543602,2.191927,325.394,356.8158,0.7318332,0.008801331,-0.6814265,0.0,0.0,0.0,1.414253,0.1367149,0.1268739,0.5334459,0.20896,1.9929,0.8230131,-0.05550534,0.5653041,0.02403056,0.9977255,0.06297784,-0.5675139,-0.03824701,0.8224751,moving,-7.918399,3.465735,14.98524,5.985719,-8.498073021087377,3.432832156080817,23.04185319809535,23.621668477993413,22.94769698197232
3802,05/05/2023 11:22:46.347705,3984,True,True,True,True,Eyes,2.201626,0.02888798,-2.000129,-0.1476078,0.05942511,0.9872591,0.0,0.0,0.0,0.0,0.0,0.0,0.0,-0.6478443,0.04308779,2.69891,2.094254,0.03321259,-1.821722,0.02792393,-0.3046006,-0.01954919,0.95187,2.364152,324.4462,356.8888,0.7326059,0.008884683,-0.6805947,0.0,0.0,0.0,1.37836,0.1303078,0.1232094,0.5379352,0.20896,1.9929,0.8136727,-0.05422786,0.5787885,0.02020527,0.9976762,0.0650693,-0.5809721,-0.04125053,0.8128775,moving,-8.503458,3.444592,15.10561,5.985719,-8.532647661406783,3.446740309808744,23.745429418284964,23.774222133569413,23.649836095733516
3803,05/05/2023 11:22:46.356945,3985,True,True,True,True,Eyes,2.196722,0.02902114,-1.992214,-0.1579499,0.05877951,0.9856961,0.0,0.0,0.0,0.0,0.0,0.0,0.0,-0.6005672,0.06290916,2.700879,2.087341,0.03256423,-1.816957,0.03067798,-0.3125089,-0.01784653,0.9492517,2.698933,323.4835,356.9553,0.7333618,0.008967325,-0.6797791,0.0,0.0,0.0,1.341973,0.1183778,0.1186563,0.5424204,0.20896,1.9929,0.8040394,-0.05305598,0.5922041,0.01470741,0.9974807,0.06939664,-0.5943941,-0.04708786,0.8027942,moving,-9.103796,3.412648,15.22574,5.985718,-8.567588140783696,3.460490336153391,24.465220440457838,23.92695632062853,24.368262413679933
3804,05/05/2023 11:22:46.377008,3986,True,True,True,True,Eyes,2.191733,0.02915365,-1.984422,-0.1682855,0.05812614,0.984023,0.0,0.0,0.0,0.0,0.0,0.0,0.0,-0.552945,0.08141121,2.701759,2.08019,0.03251258,-1.812078,0.03341555,-0.3204361,-0.01632995,0.9465398,3.026216,322.5152,356.9962,0.7341006,0.009049201,-0.6789801,0.0,0.0,0.0,1.304959,0.1070927,0.113353,0.5463665,0.20896,1.9929,0.7941081,-0.05232899,0.6055198,0.009498797,0.9972335,0.07372371,-0.6077024,-0.05279288,0.7924082,moving,-9.704717,3.380528,15.33131,5.985717,-8.60255495397362,3.474246340578192,25.17120691723879,24.06527324815123,25.07300194133682
3805,05/05/2023 11:22:46.396707,3987,True,True,True,True,Eyes,2.186637,0.02926469,-1.976766,-0.1788064,0.05753298,0.9822007,0.0,0.0,0.0,0.0,0.0,0.0,0.0,-0.5058429,0.0895399,2.702059,2.072758,0.03267627,-1.807657,0.03441526,-0.3281466,-0.01545274,0.9438733,3.142861,321.5775,357.0287,0.7348202,0.009130313,-0.6782002,0.0,0.0,0.0,1.269391,0.1032728,0.1076199,0.5507717,0.20896,1.9929,0.784162,-0.05175735,0.6183939,0.006584355,0.9971536,0.07510881,-0.6205212,-0.05482576,0.7822708,moving,-10.31752,3.352303,15.44904,5.985717,-8.63845056471367,3.4885047819834614,25.9007815235177,24.216590812229974,25.801248517499474
3806,05/05/2023 11:22:46.407070,3988,True,True,True,True,Eyes,2.181468,0.0293354,-1.969232,-0.1892409,0.05704737,0.9802722,0.0,0.0,0.0,0.0,0.0,0.0,0.0,-0.4602513,0.09238297,2.701425,2.065259,0.03225773,-1.803255,0.03404871,-0.3355706,-0.01427646,0.9412913,3.125201,320.6798,357.1454,0.7355185,0.009210022,-0.6774417,0.0,0.0,0.0,1.235083,0.1043914,0.1017748,0.5551738,0.20896,1.9929,0.7743771,-0.04972812,0.6307672,0.004025123,0.9972737,0.07368104,-0.6327116,-0.054518,0.7724661,moving,-10.9265,3.330596,15.56655,5.985717,-8.674454585877598,3.502996875172004,26.625765074963404,24.367810786994482,26.52488418512558
3807,05/05/2023 11:22:46.426909,3989,True,True,True,True,Eyes,2.176189,0.02937495,-1.961849,-0.1998834,0.05647866,0.9781905,0.0,0.0,0.0,0.0,0.0,0.0,0.0,-0.4138415,0.1003544,2.700203,2.057598,0.03135318,-1.799373,0.03406468,-0.3430725,-0.01199871,0.9386142,3.193851,319.7708,357.3652,0.7361951,0.009287163,-0.6767053,0.0,0.0,0.0,1.199847,0.1030612,0.09465221,0.5593699,0.20896,1.9929,0.7643145,-0.04589764,0.6432081,-0.0008489965,0.9973912,0.07218006,-0.6448431,-0.05571434,0.7622816,moving,-11.54883,3.304469,15.67844,5.985719,-8.71104119175855,3.517606030105606,27.35897171341423,24.514044432433113,27.25681368848612
3808,05/05/2023 11:22:46.447799,3990,True,True,True,True,Eyes,2.170823,0.02938593,-1.954604,-0.2104782,0.05584472,0.9760022,0.0,0.0,0.0,0.0,0.0,0.0,0.0,-0.3666193,0.1132842,2.698215,2.049884,0.03057444,-1.795731,0.03508063,-0.3506864,-0.009530031,0.9357872,3.380803,318.8411,357.5634,0.7368486,0.009361003,-0.6759925,0.0,0.0,0.0,1.164072,0.09753344,0.08679895,0.5636954,0.20896,1.9929,0.7538565,-0.04244076,0.655667,-0.006768434,0.9973571,0.07234009,-0.6570042,-0.05897189,0.7515768,moving,-12.16966,3.274769,15.79365,5.98572,-8.74734907059893,3.5319950161476443,28.094411570283885,24.66336152432427,27.99103052796318
3809,05/05/2023 11:22:46.456674,3991,True,True,True,True,Eyes,2.165344,0.02936183,-1.947515,-0.2212436,0.05511805,0.9736597,0.0,0.0,0.0,0.0,0.0,0.0,0.0,-0.3195988,0.1263181,2.695265,2.041904,0.02999179,-1.792284,0.03658556,-0.3582077,-0.007774381,0.9328925,3.594293,317.9155,357.6619,0.7374771,0.009430815,-0.6753058,0.0,0.0,0.0,1.128877,0.09028614,0.07885695,0.5684254,0.20896,1.9929,0.7432536,-0.04071578,0.6677697,-0.01170514,0.9972021,0.07383047,-0.6689073,-0.0626911,0.7406975,moving,-12.80188,3.240008,15.91949,5.985718,-8.78408640266319,3.54641826061126,28.852313912076447,24.82371588422651,28.747719251270333
3810,05/05/2023 11:22:46.476813,3992,True,True,True,True,Eyes,2.159777,0.02929559,-1.940571,-0.2319349,0.05444183,0.9712067,0.0,0.0,0.0,0.0,0.0,0.0,0.0,-0.2735215,0.1377788,2.691479,2.033899,0.02914868,-1.788927,0.03805597,-0.3655577,-0.006615981,0.929987,3.781175,317.0065,357.6952,0.7380792,0.009495853,-0.6746467,0.0,0.0,0.0,1.093991,0.0830916,0.07027009,0.5723972,0.20896,1.9929,0.7326476,-0.04012885,0.6794242,-0.01551776,0.997016,0.07562016,-0.6804312,-0.06594606,0.7298387,moving,-13.4313,3.208407,16.02503,5.98572,-8.8208185624221,3.5609305400376843,29.586970858282687,24.963889815330397,29.481282317357596
3811,05/05/2023 11:22:46.496727,3993,True,True,True,True,Eyes,2.154095,0.0291877,-1.933795,-0.2427351,0.05368019,0.9686063,0.0,0.0,0.0,0.0,0.0,0.0,0.0,-0.2293079,0.1498826,2.686892,2.025721,0.02809489,-1.786086,0.03973693,-0.3725139,-0.005644764,0.9271584,3.984084,316.1413,357.6978,0.7386549,0.009555238,-0.6740156,0.0,0.0,0.0,1.06082,0.07480685,0.06179777,0.5766937,0.20896,1.9929,0.722403,-0.0400723,0.6903101,-0.01913794,0.9967782,0.07789035,-0.6912073,-0.06947935,0.7193087,moving,-14.06873,3.172089,16.13908,5.985719,-8.857792057110084,3.5754080130825665,30.338561250873454,25.112809713235706,30.231787781118527
3812,05/05/2023 11:22:46.516873,3994,True,True,True,True,Eyes,2.14831,0.02904545,-1.927182,-0.2533887,0.0528746,0.9659184,0.0,0.0,0.0,0.0,0.0,0.0,0.0,-0.1865,0.1598624,2.681592,2.01748,0.02701502,-1.783345,0.04116315,-0.3792177,-0.00501161,0.9243779,4.14608,315.3049,357.6737,0.7392004,0.009607908,-0.6734166,0.0,0.0,0.0,1.028807,0.06764579,0.05345602,0.5810743,0.20896,1.9929,0.7123377,-0.04048483,0.7006682,-0.02195434,0.9965609,0.07990158,-0.7014934,-0.07229961,0.7089991,moving,-14.69916,3.133257,16.25522,5.985718,-8.894206877502256,3.5895783290961134,31.08552999292309,25.263316440826063,30.97774981384247
3813,05/05/2023 11:22:46.536587,3995,True,True,True,True,Eyes,2.000731,0.02441677,-1.76641,-0.5113692,0.0301764,0.8588311,0.0,0.0,0.0,0.0,0.0,0.0,0.0,-0.1456155,0.1665446,2.67578,2.008959,0.02606431,-1.781052,0.04246959,-0.3855242,-0.005454224,0.9217036,4.248552,314.5122,357.5402,0.7397168,0.009653542,-0.6728486,0.0,0.0,0.0,0.9985109,0.06155137,0.04543089,0.5856522,0.20896,1.9929,0.7026826,-0.04280047,0.710215,-0.02269176,0.9963331,0.08249422,-0.7111415,-0.07408328,0.6991348,moving,-30.77061,2.012351,16.37645,5.98572,-9.815660645903916,3.944157753185367,47.314193725073245,26.27155565426022,47.2019933212604
3814,05/05/2023 11:22:46.547986,3996,True,True,True,True,Eyes,2.000392,0.0243662,-1.766332,-0.5115638,0.03023561,0.8587132,0.0,0.0,0.0,0.0,0.0,0.0,0.0,-0.1048605,0.1710065,2.669606,2.000403,0.02487784,-1.778989,0.04333546,-0.39179,-0.006061723,0.9190136,4.295586,313.7241,357.4079,0.7409176,0.009567978,-0.6715274,-0.4427354,-0.01388604,0.4823152,0.9686099,0.05713662,0.03713987,0.5904649,0.20896,1.9929,0.6929277,-0.04509841,0.7195953,-0.02281519,0.9961705,0.08440159,-0.7206461,-0.0749019,0.6892452,moving,-30.78366,2.016573,16.50373,5.985718,-9.8166778159153,3.944706737250821,47.45367599083474,26.399424133317083,47.340867135655856
3815,05/05/2023 11:22:46.556644,3997,True,True,True,True,Eyes,1.999708,0.02424689,-1.766198,-0.512176,0.03021979,0.8583487,0.0,0.0,0.0,0.0,0.0,0.0,0.0,-0.06376779,0.1766183,2.662988,1.991768,0.02361345,-1.777377,0.04425802,-0.3980615,-0.006351484,0.9162685,4.361434,312.9335,357.3055,0.7419262,0.009500502,-0.6704139,-0.4161713,-0.01305287,0.4533762,0.9391958,0.05223498,0.02874085,0.5962163,0.20896,1.9929,0.6830135,-0.04687414,0.7289001,-0.02359549,0.9960018,0.08616101,-0.7300245,-0.07604789,0.6791767,moving,-30.82449,2.016373,16.65562,5.985718,-9.81915754873436,3.9457422411515815,47.64574005450146,26.55325492951209,47.53225000340033
3816,05/05/2023 11:22:46.576722,3998,True,True,True,True,Eyes,1.998695,0.02407971,-1.766018,-0.5130001,0.03022287,0.8578564,0.0,0.0,0.0,0.0,0.0,0.0,0.0,-0.02607262,0.1830668,2.655598,1.982967,0.021875,-1.775883,0.04530615,-0.403737,-0.006725765,0.913728,4.437071,312.214,357.1902,0.7427713,0.009444492,-0.6694783,-0.391201,-0.0122697,0.4261737,0.9095253,0.04653492,0.0186815,0.5983564,0.20896,1.9929,0.6739025,-0.04887457,0.737202,-0.0242925,0.9958043,0.08822586,-0.7384209,-0.07736411,0.6698877,moving,-30.87952,2.017735,16.71207,5.985718,-9.822585193087669,3.9472208710384935,47.756720237223035,26.61284270349259,47.64292825836621
3817,05/05/2023 11:22:46.596668,3999,True,True,True,True,Eyes,1.997352,0.02386294,-1.7658,-0.5141376,0.03021332,0.8571755,0.0,0.0,0.0,0.0,0.0,0.0,0.0,0.009044886,0.1895746,2.647848,1.974114,0.02056425,-1.774702,0.04646536,-0.4089393,-0.007116979,0.9113501,4.523708,311.5509,357.0689,0.743475,0.009395352,-0.6686974,-0.3677289,-0.01153352,0.4006032,0.8830792,0.04070166,0.01069409,0.6025667,0.20896,1.9929,0.665436,-0.05097514,0.7447124,-0.02503091,0.9955807,0.09051324,-0.7460352,-0.0788716,0.6612192,moving,-30.95552,2.018699,16.82304,5.985719,-9.827270936563988,3.949216307905747,47.94296656814219,26.728008085722532,47.82861511222325
3818,05/05/2023 11:22:46.607116,4000,True,True,True,True,Eyes,1.99571,0.0236223,-1.765548,-0.5154421,0.03023178,0.856391,0.0,0.0,0.0,0.0,0.0,0.0,0.0,0.04115915,0.1913105,2.63986,1.965012,0.01917586,-1.77356,0.04681439,-0.4136043,-0.007918282,0.909218,4.506886,310.9581,356.9453,0.7440574,0.009349077,-0.6680499,-0.3456652,-0.01084151,0.376567,0.8587509,0.03835245,0.003930361,0.6069077,0.2089601,1.992901,0.6577376,-0.05312415,0.7513715,-0.02432637,0.9954914,0.09167904,-0.7528543,-0.07857889,0.6534799,moving,-31.04277,2.02178,16.93732,5.985718,-9.832753756308009,3.951607551731393,48.143554510193205,26.847242954052586,48.02860584538668
3819,05/05/2023 11:22:46.627036,4001,True,True,True,True,Eyes,1.993373,0.02335736,-1.765254,-0.5173256,0.03027134,0.8552531,0.0,0.0,0.0,0.0,0.0,0.0,0.0,0.0713315,0.1979183,2.631526,1.95595,0.0183873,-1.772882,0.04802832,-0.4178959,-0.008121757,0.9071881,4.608877,310.4067,356.844,0.7445473,0.009300749,-0.6675044,-0.3249253,-0.01019102,0.353973,0.8356763,0.03267802,-0.002664188,0.6112064,0.20896,1.9929,0.6505941,-0.0548776,0.7574401,-0.02540575,0.9952547,0.09392954,-0.7590004,-0.08035334,0.6461126,moving,-31.16891,2.027115,17.05036,5.985719,-9.840726590013787,3.9551094463163943,48.381489693494515,26.96764567312339,48.26589394363246
3820,05/05/2023 11:22:46.646937,4002,True,True,True,True,Eyes,1.990732,0.02301057,-1.764956,-0.5190914,0.03076256,0.854165,0.0,0.0,0.0,0.0,0.0,0.0,0.0,0.1315928,0.1968925,2.614462,1.93718,0.0175643,-1.771588,0.04815595,-0.426408,-0.009702065,0.903196,4.514677,309.3222,356.6304,0.7449545,0.009248013,-0.6670508,-0.3054298,-0.009579557,0.3327346,0.7869785,0.03257459,-0.01913049,0.6156141,0.20896,1.9929,0.6361641,-0.0585939,0.7693256,-0.02354243,0.9951738,0.09526261,-0.7711945,-0.07871445,0.6317144,moving,-31.2878,2.062603,17.16611,5.985721,-9.849837409402076,3.9599595021507135,48.612470099039655,27.09179071367833,48.49593761702282
3821,05/05/2023 11:22:46.657002,4003,True,True,True,True,Eyes,1.987827,0.02259389,-1.764687,-0.5210475,0.03110115,0.8529609,0.0,0.0,0.0,0.0,0.0,0.0,0.0,0.1535976,0.1735687,2.607332,1.927345,0.0151192,-1.771162,0.04341708,-0.4291508,-0.01120927,0.9021192,3.940117,309.0042,356.6965,0.7452829,0.009188186,-0.6666846,-0.287104,-0.009004784,0.3127705,0.770452,0.05063602,-0.02173886,0.620345,0.20896,1.9929,0.631408,-0.05748915,0.7733169,-0.01704075,0.9959787,0.0879557,-0.7752637,-0.06871383,0.6278892,moving,-31.41947,2.088226,17.29019,5.985719,-9.859210705210614,3.964635042813338,48.86533975120452,27.224524587476047,48.74790928638844
3822,05/05/2023 11:22:46.679598,4004,True,True,True,True,Eyes,1.984648,0.0221824,-1.76442,-0.5231287,0.03127699,0.8516796,0.0,0.0,0.0,0.0,0.0,0.0,0.0,0.1786562,0.1863837,2.598376,1.918205,0.01304349,-1.771591,0.04492095,-0.432463,-0.009613254,0.9004807,4.16254,308.5766,356.7717,0.7455353,0.009119334,-0.6664024,-0.2698778,-0.008464497,0.2940043,0.7504864,0.04139942,-0.02782893,0.6243098,0.20896,1.9929,0.6257668,-0.05616639,0.7779855,-0.02154019,0.9957794,0.08921564,-0.7797127,-0.07258614,0.6219158,moving,-31.55957,2.103179,17.39405,5.985719,-9.868538985923646,3.968983713401972,49.10734189462916,27.33708066768679,48.98919452649282
3823,05/05/2023 11:22:46.696624,4005,True,True,True,True,Eyes,1.981202,0.02174592,-1.764185,-0.5253333,0.03153853,0.8503119,0.0,0.0,0.0,0.0,0.0,0.0,0.0,0.2019447,0.1916941,2.589046,1.908231,0.01280965,-1.771771,0.0463661,-0.4354421,-0.01075659,0.8989576,4.243455,308.183,356.5669,0.7457146,0.00904269,-0.6662022,-0.2536851,-0.007956627,0.2763641,0.7317245,0.03581803,-0.03229082,0.6286286,0.20896,1.9929,0.620549,-0.05971893,0.7818904,-0.02104007,0.995469,0.09273006,-0.7838854,-0.07399458,0.6164808,moving,-31.70829,2.124158,17.50705,5.985718,-9.8787087900573,3.973859680198309,49.36660143203297,27.459558598166794,49.247627911712826
3824,05/05/2023 11:22:46.706806,4006,True,True,True,True,Eyes,1.97752,0.02128701,-1.763968,-0.52763,0.0317396,0.8488811,0.0,0.0,0.0,0.0,0.0,0.0,0.0,0.2254876,0.1849646,2.580743,1.89845,0.01178746,-1.772297,0.04566282,-0.4384378,-0.01326183,0.8975028,4.033289,307.7989,356.3303,0.7458231,0.008958118,-0.6660818,-0.238464,-0.007479229,0.2597822,0.7136169,0.03921913,-0.03697271,0.632943,0.20896,1.9929,0.6151928,-0.06384567,0.7857873,-0.01623556,0.995478,0.093594,-0.7882096,-0.07033606,0.6113744,moving,-31.86341,2.141288,17.61979,5.985717,-9.889067222894244,3.9787037615212126,49.63231524496959,27.581974690892054,49.51254901031443
3825,05/05/2023 11:22:46.726832,4007,True,True,True,True,Eyes,1.879206,0.009049352,-1.759388,-0.5850958,0.04017755,0.8099684,0.0,0.0,0.0,0.0,0.0,0.0,0.0,0.2478733,0.188491,2.571821,1.888824,0.01083512,-1.772981,0.04637129,-0.4412457,-0.01393222,0.8960791,4.060492,307.4327,356.2125,0.7458636,0.008865583,-0.6660379,-0.2241561,-0.007030475,0.2441953,0.6958578,0.03570633,-0.04159859,0.6373026,0.20896,1.9929,0.6102163,-0.06589101,0.78949,-0.01595352,0.9953112,0.09539974,-0.7920742,-0.07080963,0.6063039,moving,-35.84317,2.839763,17.73358,5.985718,-10.168395452132945,4.116157858557622,53.66903365465532,27.964539854142057,53.53567737304885
3826,05/05/2023 11:22:46.746733,4008,True,True,True,True,Eyes,1.878816,0.009006535,-1.759437,-0.5852336,0.04017286,0.809869,0.0,0.0,0.0,0.0,0.0,0.0,0.0,0.2664413,0.180426,2.563729,1.878954,0.009525424,-1.77361,0.04466041,-0.4433362,-0.01468373,0.8951216,3.837867,307.1765,356.2137,0.7441039,0.008259766,-0.6680111,-0.5056478,-0.04332162,0.2432844,0.6809722,0.04189488,-0.0442145,0.6416392,0.20896,1.9929,0.6064747,-0.06588661,0.7923682,-0.0133117,0.9955797,0.09297266,-0.7949913,-0.06693334,0.6029168,moving,-35.85291,2.839781,17.84661,5.985719,-10.168990436129455,4.116408220671159,53.79159203937214,28.077895052631202,53.65775899833709
3827,05/05/2023 11:22:46.757056,4009,True,True,True,True,Eyes,1.878047,0.008983049,-1.759528,-0.5855087,0.03997245,0.8096801,0.0,0.0,0.0,0.0,0.0,0.0,0.0,0.2832843,0.1834701,2.55543,1.869333,0.008451589,-1.774727,0.04498269,-0.445126,-0.01460376,0.8942181,3.867402,306.9449,356.1977,0.742619,0.007753913,-0.6696676,-0.475309,-0.04072232,0.2286873,0.6670048,0.03932123,-0.04671292,0.6459602,0.20896,1.9929,0.6032991,-0.06616382,0.7947658,-0.01392803,0.9955266,0.0934497,-0.7973934,-0.06744765,0.5996788,moving,-35.87204,2.826295,17.95911,5.98572,-10.1694504400559,4.1162121375153085,53.92378581528864,28.19061851179874,53.789687066409286
3828,05/05/2023 11:22:46.776495,4010,True,True,True,True,Eyes,1.876904,0.009155663,-1.759658,-0.5859008,0.03952393,0.8094184,0.0,0.0,0.0,0.0,0.0,0.0,0.0,0.2999508,0.1966937,2.546135,1.859522,0.00898785,-1.775826,0.04730931,-0.4468862,-0.01330241,0.89324,4.164934,306.7045,356.2029,0.7413453,0.007327741,-0.6710823,-0.4467904,-0.03827898,0.2149661,0.6524403,0.02924695,-0.04933918,0.6503063,0.2089601,1.992901,0.6002316,-0.06604824,0.7970945,-0.01851927,0.9951698,0.09640647,-0.7996119,-0.07262782,0.5961092,moving,-35.89905,2.795534,18.0721,5.985718,-10.16948575082428,4.115339112132584,54.065352179342696,28.303453550853842,53.93129060044119
3829,05/05/2023 11:22:46.796631,4011,True,True,True,True,Eyes,1.875375,0.009416407,-1.759783,-0.586261,0.03964526,0.8091515,0.0,0.0,0.0,0.0,0.0,0.0,0.0,0.316292,0.2038782,2.536967,1.849762,0.01388887,-1.776512,0.04967148,-0.4486224,-0.01301317,0.8922452,4.413979,306.463,356.1014,0.7401736,0.006950976,-0.6723785,-0.419983,-0.03598224,0.2020681,0.6357886,0.02426428,-0.05466086,0.6506115,0.20896,1.992901,0.5971373,-0.06778935,0.7992696,-0.02134561,0.9947268,0.1003143,-0.8018551,-0.07696229,0.5925415,moving,-35.92476,2.805026,18.08003,5.985717,-10.171551225047612,4.116480402335912,54.09837463530287,28.313351747426683,53.96409049314463
3830,05/05/2023 11:22:46.806816,4012,True,True,True,True,Eyes,1.873512,0.009622134,-1.75997,-0.5866443,0.03991146,0.8088607,0.0,0.0,0.0,0.0,0.0,0.0,0.0,0.3263803,0.1626461,2.53083,1.838967,0.01618799,-1.776518,0.04371339,-0.4491547,-0.01899812,0.8921818,3.493447,306.4272,355.7962,0.7390873,0.006622176,-0.6735758,-0.394784,-0.0338233,0.189944,0.6249478,0.05515867,-0.05510858,0.6506115,0.20896,1.992901,0.5957982,-0.0731677,0.7997944,-0.005368598,0.9954565,0.09506677,-0.8031163,-0.06093439,0.5926984,static,-35.95234,2.824844,18.08003,5.985717,-10.174271882118616,4.118194852226078,54.124745966508044,28.315953344683944,53.990097564512844
3831,05/05/2023 11:22:46.826993,4013,True,True,True,True,Eyes,1.871311,0.009915175,-1.760175,-0.5870916,0.03987127,0.8085381,0.0,0.0,0.0,0.0,0.0,0.0,0.0,0.3351957,0.1475483,2.524578,1.829339,0.01500799,-1.777897,0.04125218,-0.4494662,-0.02173375,0.8920796,3.099109,306.4004,355.643,0.7380708,0.006334397,-0.6746923,-0.371097,-0.03179391,0.1785474,0.6150975,0.06596167,-0.05695717,0.6506115,0.20896,1.9929,0.5950155,-0.07585938,0.8001262,0.001693538,0.9956518,0.09313763,-0.8037125,-0.05406329,0.5925567,static,-35.98396,2.823128,18.08003,5.985718,-10.17611045315581,4.118917366594124,54.15641227249272,28.317740339111676,54.02178125914209
3832,05/05/2023 11:22:46.846887,4014,True,True,True,True,Eyes,1.868783,0.01030994,-1.760364,-0.5877048,0.04011426,0.8080804,0.0,0.0,0.0,0.0,0.0,0.0,0.0,0.3462391,0.1641925,2.515074,1.819036,0.01747625,-1.77855,0.04489132,-0.4502996,-0.02090454,0.8915033,3.50955,306.2663,355.5351,0.7371111,0.006087074,-0.675743,-0.3488312,-0.02988627,0.1678345,0.6007566,0.05286241,-0.06007563,0.6506114,0.20896,1.9929,0.5935866,-0.07770202,0.8010103,-0.003156154,0.9950956,0.09886812,-0.804764,-0.06121491,0.5904301,static,-36.02784,2.841912,18.08003,5.985717,-10.179771057506464,4.120996669969953,54.19912458531895,28.321255934705135,54.064120247544295
3833,05/05/2023 11:22:46.856776,4015,True,True,True,True,Eyes,1.865964,0.01074839,-1.76057,-0.588332,0.04043305,0.8076079,0.0,0.0,0.0,0.0,0.0,0.0,0.0,0.3576999,0.1333908,2.507782,1.80837,0.02030285,-1.778791,0.04055526,-0.4510218,-0.02541371,0.8912288,2.829485,306.1988,355.2975,0.7361963,0.005880017,-0.6767413,-0.3279013,-0.0280931,0.1577644,0.5890116,0.07665548,-0.06164168,0.6506115,0.20896,1.9929,0.591867,-0.08188148,0.8018658,0.008716247,0.9954188,0.09521232,-0.8059885,-0.04936377,0.5898693,static,-36.07286,2.866132,18.08003,5.985717,-10.183786062700143,4.123381690443474,54.24267052721801,28.325105317215815,54.10720554061607
3834,05/05/2023 11:22:46.876842,4016,True,True,True,True,Eyes,1.862882,0.01121007,-1.760727,-0.5891142,0.04055925,0.8070313,0.0,0.0,0.0,0.0,0.0,0.0,0.0,0.3685124,0.1252305,2.50003,1.79859,0.02180597,-1.779391,0.03996142,-0.4517765,-0.02799306,0.890796,2.6309,306.1019,355.0624,0.7353165,0.005711001,-0.6776986,-0.3082272,-0.02640751,0.1482986,0.5769692,0.08235428,-0.06399345,0.6506114,0.20896,1.992901,0.5902288,-0.08597948,0.8026441,0.01376495,0.995239,0.09648817,-0.8071187,-0.04590175,0.5886022,static,-36.12858,2.877114,18.08003,5.985717,-10.187759924144988,4.125367346448871,54.29766855716467,28.328940114820053,54.16195446078267
3835,05/05/2023 11:22:46.896714,4017,True,True,True,True,Eyes,1.859523,0.01166308,-1.76088,-0.5898296,0.04090458,0.8064911,0.0,0.0,0.0,0.0,0.0,0.0,0.0,0.3764302,0.1263281,2.491502,1.788484,0.02296355,-1.779337,0.0405626,-0.4521276,-0.0285266,0.8905737,2.662499,306.0511,354.9754,0.7344651,0.005577336,-0.6786224,-0.2897336,-0.02482306,0.1394006,0.5654872,0.08139899,-0.0648463,0.6506115,0.20896,1.992901,0.5895337,-0.08748904,0.8029918,0.01413114,0.9950818,0.09804331,-0.8076203,-0.04645265,0.5878705,static,-36.17998,2.903508,18.08003,5.985717,-10.192277972324565,4.128026350144252,54.34748105956505,28.33327394835494,54.211249103794245
3836,05/05/2023 11:22:46.917034,4018,True,True,True,True,Eyes,1.855941,0.01203492,-1.761021,-0.5906709,0.0408976,0.8058755,0.0,0.0,0.0,0.0,0.0,0.0,0.0,0.3815355,0.1117174,2.484302,1.778498,0.02315702,-1.779387,0.0379236,-0.4518918,-0.02974482,0.8907697,2.331407,306.1002,354.9895,0.7336335,0.0054751,-0.6795221,-0.2723496,-0.02333368,0.1310366,0.5572442,0.09329958,-0.06409343,0.6506115,0.20896,1.992901,0.589818,-0.08726631,0.8028072,0.01871686,0.9953541,0.09444527,-0.8073193,-0.04067949,0.5887111,static,-36.23976,2.905227,18.08003,5.985717,-10.196014026767982,4.129644790059305,54.407067594975196,28.33689591067158,54.270757530261484
3837,05/05/2023 11:22:46.932020,4019,True,True,True,True,Eyes,1.852109,0.01240247,-1.761158,-0.5915054,0.04077855,0.8052692,0.0,0.0,0.0,0.0,0.0,0.0,0.0,0.3854678,0.1252552,2.476604,1.76924,0.02168023,-1.779652,0.03978081,-0.4516713,-0.02776306,0.8908646,2.625013,306.1172,355.0957,0.7328154,0.005398018,-0.6804048,-0.2560086,-0.02193366,0.1231744,0.548017,0.08282025,-0.06399269,0.6506112,0.20896,1.9929,0.5904444,-0.08540195,0.8025471,0.01353053,0.9952934,0.0959582,-0.8069649,-0.04579908,0.5888209,static,-36.29891,2.898962,18.08002,5.985718,-10.19929325775242,4.1308409613342185,54.46646757913015,28.340079872129177,54.33023673255857
3838,05/05/2023 11:22:46.948800,4020,True,True,True,True,Eyes,1.848048,0.01278683,-1.761278,-0.592526,0.04064705,0.8045252,0.0,0.0,0.0,0.0,0.0,0.0,0.0,0.392786,0.1319178,2.468216,1.759471,0.02182453,-1.779763,0.04101739,-0.45197,-0.02729753,0.8906715,2.773667,306.0699,355.0777,0.7320052,0.005343514,-0.6812769,-0.2406481,-0.02061764,0.115784,0.5367426,0.07757246,-0.06499267,0.6506112,0.20896,1.992901,0.589956,-0.08570351,0.8028741,0.011549,0.9951448,0.09774137,-0.8073529,-0.04839071,0.5880815,static,-36.37133,2.892297,18.08002,5.985717,-10.203360861544263,4.132356636835891,54.539148912674655,28.344039542643113,54.40297957213956
3839,05/05/2023 11:22:46.956982,4021,True,True,True,True,Eyes,1.740583,0.02289628,-1.763963,-0.6171268,0.03812614,0.7859396,0.0,0.0,0.0,0.0,0.0,0.0,0.0,0.4003705,0.1290458,2.460121,1.74975,0.02284651,-1.779606,0.04106056,-0.4523025,-0.02877803,0.8904541,2.69919,306.0241,354.9231,0.7311985,0.00531008,-0.6821429,-0.2262092,-0.01938058,0.1088369,0.5260208,0.07939497,-0.06557497,0.6506115,0.20896,1.9929,0.5891885,-0.08839461,0.8031459,0.01410744,0.9949717,0.09915783,-0.8078725,-0.04709232,0.5874729,static,-38.13932,2.777256,18.08003,5.985718,-10.305161528620264,4.171783821209319,56.31082971176986,28.44309152186943,56.17538942085762
3840,05/05/2023 11:22:46.976662,4022,True,True,True,True,Eyes,1.74019,0.02292523,-1.763932,-0.6172591,0.03815362,0.7858342,0.0,0.0,0.0,0.0,0.0,0.0,0.0,0.4083813,0.1252504,2.451763,1.739763,0.02378187,-1.7794,0.0413026,-0.4526849,-0.03161877,0.890152,2.573704,305.968,354.6189,0.7281085,0.005723143,-0.6854368,-0.5350321,0.01211064,0.09425256,0.5150539,0.08116827,-0.06609721,0.6506115,0.20896,1.9929,0.5881532,-0.09368517,0.803305,0.0188969,0.9945887,0.1021579,-0.8085287,-0.04490451,0.5867409,static,-38.14902,2.779627,18.08003,5.985718,-10.305877381506564,4.172152852455231,56.320378935184564,28.443782385889854,56.184890087776076
3841,05/05/2023 11:22:46.996669,4023,True,True,True,True,Eyes,1.739409,0.02292196,-1.7639,-0.6173673,0.03840459,0.785737,0.0,0.0,0.0,0.0,0.0,0.0,0.0,0.414632,0.1170753,2.443687,1.729688,0.02462525,-1.77899,0.0407312,-0.4527316,-0.03488564,0.8900326,2.344999,305.9615,354.3148,0.7255095,0.006080912,-0.6881842,-0.5029302,0.011384,0.0885974,0.5055532,0.08644366,-0.06543136,0.6506114,0.20896,1.9929,0.587634,-0.09897933,0.80305,0.0252181,0.9942479,0.1040919,-0.8087338,-0.04091652,0.58675,static,-38.15734,2.798228,18.08003,5.985717,-10.307359598279268,4.173312136748264,56.32762972682253,28.445187635043517,56.1918163928403
3842,05/05/2023 11:22:47.006833,4024,True,True,True,True,Eyes,1.738283,0.02290609,-1.763858,-0.6177042,0.03852993,0.7854661,0.0,0.0,0.0,0.0,0.0,0.0,0.0,0.4210031,0.1037966,2.436002,1.719609,0.02380511,-1.778905,0.03817901,-0.4527348,-0.03645834,0.8900812,2.003062,305.9802,354.2878,0.7232065,0.006398425,-0.6906011,-0.4727544,0.01070096,0.08328155,0.4964102,0.09722537,-0.0651352,0.6506115,0.20896,1.992901,0.587404,-0.0994717,0.8031576,0.03033183,0.9944264,0.1009767,-0.8087254,-0.03495291,0.5871471,static,-38.18213,2.808313,18.08003,5.985717,-10.309400037924384,4.174460030285317,56.35181047708065,28.447150818465868,56.21579618266692
3843,05/05/2023 11:22:47.026749,4025,True,True,True,True,Eyes,1.736823,0.02298991,-1.763785,-0.6180941,0.03854162,0.7851588,0.0,0.0,0.0,0.0,0.0,0.0,0.0,0.4297813,0.1080953,2.427523,1.710156,0.02352442,-1.778785,0.03853613,-0.4533821,-0.03513113,0.8897896,2.104514,305.8959,354.4032,0.7211053,0.006683785,-0.6927921,-0.4443891,0.0100589,0.07828466,0.4841239,0.0947541,-0.06694923,0.6506116,0.20896,1.9929,0.586421,-0.0974618,0.8041217,0.02757544,0.9945615,0.1004337,-0.809537,-0.03672243,0.5859193,static,-38.21059,2.810261,18.08003,5.985718,-10.31123789234262,4.175287997546542,56.38011552970825,28.448932305598895,56.244063656836936
3844,05/05/2023 11:22:47.046934,4026,True,True,True,True,Eyes,1.735014,0.02305469,-1.763696,-0.6179695,0.03878423,0.7852449,0.0,0.0,0.0,0.0,0.0,0.0,0.0,0.4385571,0.1138051,2.418457,1.700694,0.0259834,-1.777971,0.03942858,-0.4541165,-0.03258048,0.889473,2.324018,305.7979,354.6151,0.7191807,0.006944361,-0.6947873,-0.4177258,0.009455366,0.07358758,0.4711295,0.09202936,-0.06846181,0.6506115,0.20896,1.9929,0.5854335,-0.09376925,0.8052795,0.02214859,0.9947678,0.09973197,-0.8104178,-0.04055064,0.5844472,static,-38.20192,2.827613,18.08003,5.985718,-10.31161843872316,4.17594862433493,56.3704845020293,28.44927004794932,56.234137047679745
3845,05/05/2023 11:22:47.056823,4027,True,True,True,True,Eyes,1.732922,0.02305242,-1.763604,-0.6178504,0.03877773,0.785339,0.0,0.0,0.0,0.0,0.0,0.0,0.0,0.4410629,0.09738806,2.411039,1.690962,0.02544706,-1.776832,0.03580629,-0.4535986,-0.03251627,0.8898927,1.961552,305.8932,354.8129,0.7174093,0.007181955,-0.6966138,-0.3926622,0.008888044,0.06917232,0.4642484,0.1064285,-0.06591737,0.6506113,0.20896,1.992901,0.5863822,-0.09035535,0.8049795,0.02538862,0.9953212,0.09322617,-0.8096367,-0.03422884,0.5859325,static,-38.19322,2.826802,18.08002,5.985716,-10.311045327122631,4.175684558452582,56.361833520184526,28.448704789995894,56.22549949477145
3846,05/05/2023 11:22:47.076892,4028,True,True,True,True,Eyes,1.730545,0.02307411,-1.763497,-0.6175587,0.0383778,0.785588,0.0,0.0,0.0,0.0,0.0,0.0,0.0,0.4432834,0.1153537,2.403478,1.682076,0.02366177,-1.776675,0.0379705,-0.453207,-0.02823562,0.8901485,2.407453,305.9332,355.1378,0.7157704,0.007396271,-0.6982953,-0.3691025,0.008354762,0.06502198,0.455464,0.0928762,-0.06517106,0.6506113,0.20896,1.992901,0.5876123,-0.08468478,0.8046988,0.0158508,0.995522,0.09319192,-0.8089873,-0.0420056,0.5863233,static,-38.17124,2.796808,18.08002,5.985717,-10.308132941773804,4.173595889745471,56.34157782843751,28.445931349909618,56.205785602615784
3847,05/05/2023 11:22:47.096723,4029,True,True,True,True,Eyes,1.727884,0.02313526,-1.763363,-0.6172759,0.03784525,0.785836,0.0,0.0,0.0,0.0,0.0,0.0,0.0,0.4465737,0.144859,2.394419,1.672911,0.02433273,-1.776072,0.04286956,-0.4530506,-0.02297895,0.8901569,3.181552,305.9245,355.4185,0.7142465,0.007590625,-0.6998518,-0.3469563,0.007853476,0.06112067,0.4448405,0.06980924,-0.06481971,0.6506115,0.20896,1.9929,0.5884342,-0.07975389,0.804602,0.002065584,0.9952683,0.0971425,-0.8085424,-0.0555,0.5858147,static,-38.14971,2.75719,18.08003,5.985718,-10.304743658093075,4.1710291874405865,56.3223495027896,28.442722638798184,56.18724217638371
3848,05/05/2023 11:22:47.106737,4030,True,True,True,True,Eyes,1.724973,0.02319249,-1.763202,-0.6169078,0.0371518,0.786158,0.0,0.0,0.0,0.0,0.0,0.0,0.0,0.4502081,0.1533596,2.386037,1.663424,0.02552642,-1.775318,0.04448513,-0.4528224,-0.02132175,0.8902349,3.433758,305.9444,355.5039,0.7128207,0.007768749,-0.701302,-0.326139,0.007382268,0.05745343,0.4356148,0.06319498,-0.06368756,0.6506115,0.20896,1.9929,0.5889946,-0.07825045,0.8043395,-0.002324987,0.9951329,0.09851437,-0.8081335,-0.05989451,0.585946,static,-38.12171,2.705638,18.08003,5.985719,-10.30033437154724,4.167689720519963,56.29737569722199,28.43853569231079,56.163135824373924
3849,05/05/2023 11:22:47.129099,4031,True,True,True,True,Eyes,1.721798,0.02323887,-1.763009,-0.6165284,0.03640459,0.7864906,0.0,0.0,0.0,0.0,0.0,0.0,0.0,0.4536694,0.1646261,2.377855,1.654413,0.02555343,-1.774648,0.04644333,-0.4526198,-0.01960742,0.8902774,3.723723,305.9583,355.5771,0.7114789,0.007932189,-0.7026615,-0.3065706,0.006939332,0.05400622,0.4267232,0.05395403,-0.06275402,0.6506113,0.20896,1.9929,0.5895018,-0.07695442,0.804093,-0.007130241,0.9949171,0.1004443,-0.8077355,-0.06494547,0.5859568,static,-38.09283,2.65018,18.08003,5.985717,-10.295666720843888,4.164129024024548,56.27180473077053,28.43410535162886,56.13845783981461
3850,05/05/2023 11:22:47.149515,4032,True,True,True,True,Eyes,1.718375,0.02325659,-1.762775,-0.616156,0.03585697,0.7868075,0.0,0.0,0.0,0.0,0.0,0.0,0.0,0.4557878,0.1701255,2.369679,1.644855,0.02533323,-1.773662,0.04715449,-0.4521185,-0.01792605,0.89053,3.886235,306.0211,355.7138,0.7102079,0.008082054,-0.7039443,-0.2881764,0.006522972,0.05076585,0.4186727,0.04964604,-0.06062459,0.6506115,0.20896,1.9929,0.590535,-0.07456622,0.8035597,-0.01071146,0.9949102,0.1001944,-0.8069409,-0.06777559,0.5867307,static,-38.06481,2.60932,18.08003,5.985717,-10.291816526567306,4.161332930771627,56.24627201270506,28.430442356022947,56.11358749529355
3851,05/05/2023 11:22:47.157190,4033,True,True,True,True,Eyes,1.714702,0.02325839,-1.762525,-0.615849,0.03524088,0.7870757,0.0,0.0,0.0,0.0,0.0,0.0,0.0,0.459747,0.1679619,2.361741,1.635266,0.02466871,-1.772765,0.04629886,-0.4519149,-0.01688361,0.8906988,3.854143,306.057,355.8662,0.7089969,0.008218609,-0.7051625,-0.2708858,0.006131593,0.0477199,0.4098214,0.05186367,-0.05924243,0.6506115,0.20896,1.992901,0.5909758,-0.07192271,0.8034767,-0.01176986,0.9951427,0.09773658,-0.8066034,-0.06721677,0.5872587,static,-38.04147,2.563675,18.08003,5.985717,-10.288001007639854,4.158413289042901,56.225733731982224,28.42682223011383,56.093742270834085
3852,05/05/2023 11:22:47.176996,4034,True,True,True,True,Eyes,1.710755,0.0232561,-1.762257,-0.6156023,0.03485268,0.7872859,0.0,0.0,0.0,0.0,0.0,0.0,0.0,0.4680018,0.1741999,2.352493,1.62561,0.02429388,-1.772116,0.04722812,-0.4525108,-0.01560497,0.8903707,4.012738,305.9761,355.9456,0.7078341,0.008342674,-0.7063283,-0.2546327,0.005763697,0.0448567,0.397508,0.04687212,-0.06043096,0.6506115,0.20896,1.9929,0.589981,-0.07053088,0.8043306,-0.01495405,0.995052,0.09822389,-0.8072786,-0.06997823,0.586007,static,-38.02291,2.534795,18.08003,5.985718,-10.285355586368809,4.156468875815882,56.20897389381459,28.424307411469286,56.07741968864625
3853,05/05/2023 11:22:47.196758,4035,True,True,True,True,Eyes,1.706569,0.02322328,-1.761939,-0.6153793,0.03464993,0.7874691,0.0,0.0,0.0,0.0,0.0,0.0,0.0,0.4773865,0.1706336,2.342931,1.615623,0.02412335,-1.770741,0.0465198,-0.4533729,-0.01584931,0.8899651,3.923857,305.8702,355.954,0.7067104,0.008455317,-0.7074513,-0.2393547,0.005417875,0.0421653,0.3843719,0.04990041,-0.06136401,0.6506113,0.20896,1.9929,0.5884036,-0.07039228,0.8054974,-0.01397097,0.9951694,0.09717327,-0.8084465,-0.06843068,0.5845779,static,-38.00637,2.519483,18.08003,5.985718,-10.283544392760884,4.15526637949339,56.193407531802386,28.422577389615746,56.06207880297824
3854,05/05/2023 11:22:47.206952,4036,True,True,True,True,Eyes,1.702143,0.02314169,-1.761593,-0.615182,0.03455659,0.7876274,0.0,0.0,0.0,0.0,0.0,0.0,0.0,0.4839535,0.161115,2.334281,1.605701,0.02331034,-1.769243,0.04445252,-0.4537102,-0.01630816,0.8898905,3.687661,305.8422,356.0144,0.705617,0.00855658,-0.7085407,-0.2249934,0.005092803,0.03963538,0.3735755,0.05802747,-0.06065436,0.6506115,0.20896,1.992901,0.5877622,-0.06936207,0.8060549,-0.01131216,0.9955161,0.0939141,-0.8089547,-0.06431738,0.5843421,static,-37.99187,2.5122,18.08003,5.985716,-10.282278376454128,4.154524551728523,56.17938485790189,28.42136165916937,56.048166285890915
3855,05/05/2023 11:22:47.226719,4037,True,True,True,True,Eyes,1.697492,0.02300346,-1.761202,-0.6149532,0.03445963,0.7878103,0.0,0.0,0.0,0.0,0.0,0.0,0.0,0.4863374,0.161657,2.325833,1.595872,0.02197328,-1.767728,0.04389454,-0.4532852,-0.01462228,0.890164,3.72057,305.9053,356.2177,0.7045462,0.008645693,-0.7096046,-0.2114938,0.004787235,0.03725726,0.3651493,0.0578912,-0.05815461,0.6506114,0.20896,1.9929,0.5886374,-0.06582596,0.8057126,-0.01376103,0.9957189,0.09140281,-0.80828,-0.06489056,0.5852116,static,-37.97507,2.504579,18.08003,5.985719,-10.280854370773003,4.153706626214807,56.163089050635385,28.419993519176927,56.03200424694396
3856,05/05/2023 11:22:47.246763,4038,True,True,True,True,Eyes,1.692628,0.02279842,-1.760788,-0.6147733,0.0343178,0.7879569,0.0,0.0,0.0,0.0,0.0,0.0,0.0,0.4873805,0.164319,2.317396,1.585804,0.02042182,-1.76626,0.04339062,-0.4525491,-0.01152616,0.8906086,3.833416,306.0116,356.5638,0.7034922,0.008721563,-0.7106485,-0.1988042,0.0045,0.03502182,0.357388,0.05639373,-0.0550286,0.6506117,0.20896,1.9929,0.5901329,-0.05980337,0.805088,-0.01874217,0.9959688,0.08772044,-0.8070885,-0.06685581,0.5866331,static,-37.96178,2.49382,18.08003,5.985718,-10.27947999306496,4.152818968315389,56.150492604415355,28.418679172458063,56.01956497918793
3857,05/05/2023 11:22:47.257039,4039,True,True,True,True,Eyes,1.687566,0.02256674,-1.760319,-0.614621,0.03390916,0.7880934,0.0,0.0,0.0,0.0,0.0,0.0,0.0,0.4898555,0.1752327,2.308383,1.576157,0.01853744,-1.764845,0.04424627,-0.4521159,-0.007003765,0.8908337,4.15754,306.0731,356.9834,0.7024485,0.008782871,-0.7116793,-0.1868759,0.00423,0.03292051,0.3484147,0.04802645,-0.05300718,0.6506118,0.20896,1.992901,0.5910843,-0.05248727,0.8049003,-0.02753051,0.9959864,0.08516517,-0.8061398,-0.07249911,0.587267,static,-37.95008,2.463736,18.08003,5.985717,-10.27718986649004,4.150988997606749,56.140694480710344,28.41651184433486,56.010187933121784
3858,05/05/2023 11:22:47.276870,4040,True,True,True,True,Eyes,1.682277,0.0223285,-1.759791,-0.6145056,0.03363096,0.7881953,0.0,0.0,0.0,0.0,0.0,0.0,0.0,0.4937174,0.1931332,2.298066,1.566337,0.01766772,-1.763078,0.04675071,-0.4519565,-0.00193675,0.890812,4.677179,306.0904,357.3714,0.7014107,0.008830033,-0.7127016,-0.1756634,0.0039762,0.03094528,0.3379629,0.03346972,-0.05151148,0.6506114,0.20896,1.992901,0.5914631,-0.04570913,0.8050355,-0.03880801,0.9956213,0.08504284,-0.8053976,-0.08154154,0.5870994,static,-37.94127,2.443233,18.08003,5.985718,-10.275578090792813,4.149720412293148,56.1331920851222,28.414985436221855,56.00296037692624
3859,05/05/2023 11:22:47.297080,4041,True,True,True,True,Eyes,1.676774,0.02206229,-1.759195,-0.6143816,0.03342611,0.7883007,0.0,0.0,0.0,0.0,0.0,0.0,0.0,0.4955509,0.1959355,2.28845,1.555909,0.01719915,-1.760629,0.04670522,-0.4514318,0.0007614363,0.8910822,4.814145,306.1668,357.6527,0.7003745,0.008864225,-0.7137195,-0.1651236,0.003737628,0.02908857,0.3290493,0.03144304,-0.04796302,0.6506114,0.20896,1.9929,0.5924175,-0.04081143,0.8045968,-0.04352545,0.995636,0.08254889,-0.8044546,-0.08392385,0.5880559,static,-37.93195,2.428044,18.08003,5.985718,-10.274213689373788,4.14870908076095,56.12485142796083,28.413689252994885,55.994836828833705
3860,05/05/2023 11:22:47.306933,4042,True,True,True,True,Eyes,1.533847,0.01437628,-1.742664,-0.6133636,0.03014839,0.789225,0.0,0.0,0.0,0.0,0.0,0.0,0.0,0.498914,0.1932841,2.279014,1.54528,0.01620975,-1.758416,0.04551895,-0.4511439,0.002808918,0.8912853,4.799847,306.2185,357.926,0.6993354,0.008885651,-0.7147374,-0.1552162,0.003513371,0.02734325,0.3192408,0.0340805,-0.04519664,0.6506114,0.20896,1.992901,0.5929226,-0.0360641,0.8044515,-0.04607829,0.9958403,0.07860629,-0.8039401,-0.08367519,0.5887944,static,-37.85335,2.187634,18.08003,5.985717,-10.256821253920306,4.134466800460353,56.062183624073086,28.397258076935888,55.93511652111939
3861,05/05/2023 11:22:47.326835,4043,True,True,True,True,Eyes,1.533415,0.01431014,-1.742563,-0.6134371,0.03021507,0.7891654,0.0,0.0,0.0,0.0,0.0,0.0,0.0,0.504721,0.1909342,2.268787,1.534603,0.0148445,-1.755952,0.04447015,-0.451386,0.004283181,0.8912097,4.768569,306.1989,358.1304,0.6948849,0.008575866,-0.7190688,-0.5746826,-0.01975547,0.0752942,0.3074358,0.03614551,-0.04357996,0.6506114,0.20896,1.9929,0.5924647,-0.03251198,0.8049402,-0.04778083,0.9960081,0.07539772,-0.8041782,-0.08313119,0.5885462,static,-37.85878,2.192634,18.08003,5.985717,-10.257414452540464,4.134860208034919,56.06726266602454,28.397824370278435,55.94013904376328
3862,05/05/2023 11:22:47.346914,4044,True,True,True,True,Eyes,1.532543,0.01419002,-1.742378,-0.6132352,0.03015928,0.7893245,0.0,0.0,0.0,0.0,0.0,0.0,0.0,0.5143428,0.1883248,2.257596,1.523837,0.01316007,-1.753425,0.04348782,-0.4524058,0.004992144,0.8907374,4.702926,306.076,358.2489,0.6911758,0.008314118,-0.7226379,-0.5402017,-0.01857014,0.07077654,0.2927015,0.03810827,-0.04395255,0.6506115,0.20896,1.992901,0.5906081,-0.0304549,0.8063836,-0.04824166,0.9961677,0.0729555,-0.8055153,-0.0819894,0.5868757,static,-37.84404,2.188149,18.08003,5.985717,-10.25628042729596,4.134254563775445,56.05286012398943,28.396732237791596,55.925796034465534
3863,05/05/2023 11:22:47.356730,4045,True,True,True,True,Eyes,1.53125,0.0140196,-1.742072,-0.6131223,0.03012781,0.7894133,0.0,0.0,0.0,0.0,0.0,0.0,0.0,0.5252769,0.1904144,2.24526,1.512894,0.01171902,-1.750537,0.04380677,-0.4537654,0.004922868,0.8900301,4.729196,305.8986,358.2179,0.688067,0.008089401,-0.7256012,-0.5077896,-0.01745594,0.06652995,0.2765442,0.03539517,-0.04481404,0.6506112,0.20896,1.9929,0.5881456,-0.03099298,0.808161,-0.04851898,0.9961135,0.07351103,-0.8072984,-0.08244634,0.584356,static,-37.83581,2.185622,18.08002,5.985717,-10.255646054276465,4.1339152445121465,56.04481034491887,28.39611136196475,55.9177871637551
3864,05/05/2023 11:22:47.377365,4046,True,True,True,True,Eyes,1.529548,0.01378022,-1.741655,-0.6127747,0.03007428,0.7896852,0.0,0.0,0.0,0.0,0.0,0.0,0.0,0.5353566,0.1894864,2.232821,1.501547,0.01035225,-1.747356,0.04375844,-0.4549991,0.003696851,0.8894085,4.657682,305.736,358.0886,0.6853224,0.007885382,-0.7281961,-0.4773222,-0.01640858,0.06253815,0.2607315,0.0350491,-0.04489292,0.6506115,0.20896,1.992901,0.5859244,-0.03324407,0.8096836,-0.04639611,0.9961431,0.07447413,-0.8090365,-0.08120237,0.5821221,static,-37.81051,2.180992,18.08003,5.985717,-10.253860377985614,4.133031777213365,56.01989284010837,28.394397096723814,55.89293175570275
3865,05/05/2023 11:22:47.396854,4047,True,True,True,True,Eyes,1.527463,0.01346497,-1.741125,-0.612545,0.03002529,0.7898652,0.0,0.0,0.0,0.0,0.0,0.0,0.0,0.545381,0.1850743,2.220558,1.490182,0.008442477,-1.744092,0.04290167,-0.4562519,0.002021813,0.8888137,4.479826,305.5748,357.9562,0.6828124,0.007691728,-0.7305523,-0.4486828,-0.01542406,0.05878586,0.244999,0.03783818,-0.04489588,0.6506116,0.20896,1.992901,0.5836601,-0.03555391,0.8112194,-0.04274197,0.9963107,0.07441827,-0.8108724,-0.07810808,0.5799872,static,-37.79379,2.176947,18.08003,5.985718,-10.252628651034964,4.132397806255952,56.003486480065156,28.393209434239832,55.876576497518506
3866,05/05/2023 11:22:47.406552,4048,True,True,True,True,Eyes,1.524993,0.0130846,-1.740491,-0.6122367,0.03004408,0.7901035,0.0,0.0,0.0,0.0,0.0,0.0,0.0,0.5566785,0.1862171,2.20755,1.478953,0.006318167,-1.740834,0.04304157,-0.4577788,0.001117972,0.8880229,4.443005,305.374,357.8489,0.680508,0.007504202,-0.7327013,-0.4217619,-0.01449862,0.05525871,0.2281189,0.03577182,-0.04579448,0.6506115,0.20896,1.992901,0.5808746,-0.03742147,0.8131324,-0.04139261,0.9962924,0.07542025,-0.8129399,-0.07746737,0.577172,static,-37.77145,2.177652,18.08003,5.985717,-10.25130308414975,4.131861529486912,55.98115019570985,28.39192164032913,55.854251637693324
3867,05/05/2023 11:22:47.426880,4049,True,True,True,True,Eyes,1.52217,0.01265279,-1.739737,-0.6120619,0.03005087,0.7902387,0.0,0.0,0.0,0.0,0.0,0.0,0.0,0.5678944,0.1879555,2.194097,1.467659,0.00434877,-1.737196,0.04325847,-0.4593487,0.000612367,0.8872018,4.434568,305.1682,357.778,0.6783826,0.007319478,-0.7346714,-0.3964562,-0.0136287,0.05194319,0.2109312,0.03328512,-0.04651321,0.6506114,0.20896,1.9929,0.5779968,-0.03865485,0.8151228,-0.04082802,0.9962566,0.0761954,-0.8150169,-0.07732056,0.574255,static,-37.75878,2.177771,18.08003,5.985718,-10.250536579478606,4.131543097527891,55.96850152157827,28.391177631144988,55.84162022766646
3868,05/05/2023 11:22:47.447100,4050,True,True,True,True,Eyes,1.518986,0.01217535,-1.738876,-0.6118131,0.03021153,0.7904252,0.0,0.0,0.0,0.0,0.0,0.0,0.0,0.5797264,0.18963,2.180411,1.456399,0.002686815,-1.733531,0.04341768,-0.4610513,0.0005910433,0.8863105,4.445345,304.9468,357.7589,0.6764132,0.007135089,-0.7364869,-0.3726688,-0.01281098,0.04882659,0.1931922,0.03102699,-0.0476731,0.6506115,0.20896,1.992901,0.5748625,-0.03898786,0.8173206,-0.04108325,0.9962291,0.07641809,-0.8172179,-0.0775081,0.5710931,static,-37.74096,2.188887,18.08003,5.985717,-10.250032272834453,4.131652172149542,55.94996731570985,28.39066721245822,55.822973228950076
3869,05/05/2023 11:22:47.456992,4051,True,True,True,True,Eyes,1.515475,0.01165137,-1.737895,-0.6116989,0.03040955,0.790506,0.0,0.0,0.0,0.0,0.0,0.0,0.0,0.5913135,0.1878687,2.166692,1.444932,0.001080221,-1.729645,0.042985,-0.4627489,-0.0002107095,0.8854467,4.354477,304.7276,357.692,0.674578,0.006949075,-0.73817,-0.3503087,-0.01204232,0.045897,0.1754927,0.03182767,-0.04851668,0.6506118,0.20896,1.992901,0.5717268,-0.04015566,0.8194608,-0.03940937,0.9963045,0.07631686,-0.819497,-0.07592684,0.5680315,static,-37.73295,2.202994,18.08003,5.985717,-10.250283018928,4.132164633637303,55.94102009952204,28.39088396167492,55.81388486975707
3870,05/05/2023 11:22:47.476783,4052,True,True,True,True,Eyes,1.51163,0.01108096,-1.736812,-0.6116015,0.03068504,0.7905707,0.0,0.0,0.0,0.0,0.0,0.0,0.0,0.603303,0.1863818,2.15285,1.433607,-0.0005660746,-1.72576,0.04254759,-0.4645576,-0.0008043622,0.8845199,4.273702,304.4944,357.6463,0.672859,0.006759631,-0.7397391,-0.3292901,-0.01131978,0.04314318,0.1574893,0.0324786,-0.0497399,0.6506114,0.20896,1.9929,0.5683711,-0.04095456,0.8217524,-0.03810867,0.9963781,0.07601572,-0.8218893,-0.07452103,0.5647517,static,-37.72626,2.22275,18.08003,5.985717,-10.250910306250928,4.132998257104683,55.93301282969826,28.391455499439076,55.805667255683716
3871,05/05/2023 11:22:47.496784,4053,True,True,True,True,Eyes,1.507478,0.0104963,-1.735618,-0.6116618,0.03106191,0.7905093,0.0,0.0,0.0,0.0,0.0,0.0,0.0,0.61576,0.1823979,2.138788,1.422121,-0.002291523,-1.721747,0.04141585,-0.4664601,-0.0009307149,0.8835717,4.147221,304.2548,357.6853,0.6712383,0.006565061,-0.7412117,-0.3095327,-0.0106406,0.04055459,0.1389695,0.03561763,-0.05120902,0.6506113,0.20896,1.9929,0.5648282,-0.04028239,0.8242248,-0.03699297,0.9965677,0.07405603,-0.824379,-0.07231946,0.5613994,static,-37.73115,2.250196,18.08003,5.985718,-10.25264684839862,4.134519629088534,55.936052216838505,28.39308917332259,55.80838764356921
3872,05/05/2023 11:22:47.507362,4054,True,True,True,True,Eyes,1.503027,0.01012246,-1.734341,-0.6117982,0.03118872,0.7903988,0.0,0.0,0.0,0.0,0.0,0.0,0.0,0.6297287,0.1766481,2.124448,1.410651,-0.003249781,-1.717875,0.03998554,-0.4686557,-0.0007909067,0.8824751,4.00429,303.9791,357.7666,0.6697012,0.006365257,-0.7426026,-0.2909607,-0.01000216,0.03812131,0.1193619,0.04058284,-0.05376502,0.6506114,0.20896,1.9929,0.5607224,-0.03887481,0.8270907,-0.03608299,0.9968011,0.07131381,-0.8272173,-0.06983116,0.5575259,static,-37.74121,2.259689,18.08003,5.985717,-10.25375788456322,4.13526016549673,55.94545665015511,28.394149509780735,55.81767813938233
3873,05/05/2023 11:22:47.527189,4055,True,True,True,True,Eyes,1.498268,0.01006724,-1.732933,-0.6120555,0.03162326,0.7901822,0.0,0.0,0.0,0.0,0.0,0.0,0.0,0.6460393,0.185665,2.108311,1.399255,0.001493922,-1.714321,0.04304746,-0.4713124,0.0004202431,0.880915,4.372385,303.6167,357.7102,0.6682338,0.006169931,-0.7439249,-0.2735031,-0.00940203,0.03583403,0.09740783,0.03182527,-0.05815518,0.6506114,0.20896,1.9929,0.555729,-0.0398372,0.8304085,-0.041318,0.9962935,0.07544617,-0.8303361,-0.07623844,0.5520232,static,-37.76048,2.291766,18.08003,5.985717,-10.256614146725298,4.137385388751575,55.96255740270008,28.39686129210905,55.83438227039106
3874,05/05/2023 11:22:47.547005,4056,True,True,True,True,Eyes,1.493209,0.01000566,-1.731446,-0.6121275,0.03276542,0.79008,0.0,0.0,0.0,0.0,0.0,0.0,0.0,0.6596042,0.1600009,2.094484,1.387162,0.009042463,-1.709749,0.03997642,-0.4735585,-0.004601791,0.8798427,3.783554,303.3318,357.36,0.6668237,0.005992496,-0.7451906,-0.2570929,-0.008837909,0.03368399,0.07827197,0.05591713,-0.05952995,0.6506115,0.20896,1.992901,0.5514424,-0.04596005,0.8329459,-0.02976464,0.9967614,0.07470435,-0.8336817,-0.06598748,0.5482886,static,-37.76732,2.374753,18.08003,5.985717,-10.26138023369937,4.141781987967692,55.96396664847655,28.401331489270675,55.83476942766467
3875,05/05/2023 11:22:47.557112,4057,True,True,True,True,Eyes,1.487953,0.01000488,-1.729907,-0.6123731,0.03344232,0.7898613,0.0,0.0,0.0,0.0,0.0,0.0,0.0,0.6663396,0.1172751,2.084096,1.37529,0.008627007,-1.705791,0.03103062,-0.4742295,-0.009639164,0.8798015,2.60552,303.2885,357.3382,0.6654593,0.005830938,-0.7464106,-0.2416673,-0.008307634,0.03166295,0.06635924,0.09636667,-0.05727222,0.6506115,0.20896,1.9929,0.550027,-0.04639237,0.8338574,-0.01247017,0.9978884,0.06374392,-0.8350537,-0.04545922,0.548287,static,-37.78613,2.424426,18.08003,5.985717,-10.265130555318969,4.144790512304739,55.9795554352862,28.404878757704783,55.84970536980507
3876,05/05/2023 11:22:47.576815,4058,True,True,True,True,Eyes,1.48243,0.01021738,-1.72829,-0.6125713,0.03407195,0.7896807,0.0,0.0,0.0,0.0,0.0,0.0,0.0,0.6780756,0.1388706,2.070096,1.365327,0.01014654,-1.702982,0.03512326,-0.4759857,-0.002290642,0.8787485,3.413892,303.0504,357.8492,0.6641322,0.005686413,-0.7475927,-0.2271673,-0.007809176,0.02976317,0.04750902,0.07554147,-0.06051686,0.6506114,0.20896,1.9929,0.5468647,-0.03746214,0.8363824,-0.02941055,0.9975222,0.06390966,-0.8367043,-0.0595484,0.544408,static,-37.80146,2.47058,18.08003,5.985718,-10.26848421994107,4.147530905815755,55.991937989135046,28.40804798417918,55.861444190850726
3877,05/05/2023 11:22:47.596751,4059,True,True,True,True,Eyes,1.339381,0.01870768,-1.686607,-0.6206757,0.06071318,0.7817133,0.0,0.0,0.0,0.0,0.0,0.0,0.0,0.6904863,0.126756,2.055906,1.353685,0.015414,-1.699083,0.03298862,-0.4778374,0.001400529,0.8778275,3.397057,302.828,358.3314,0.6628328,0.005566572,-0.748746,-0.2135373,-0.007340625,0.02797738,0.02839088,0.08691722,-0.06290102,0.6506111,0.20896,1.9929,0.543339,-0.02906755,0.83901,-0.03398524,0.9978196,0.05657819,-0.8388252,-0.05925509,0.5411663,static,-38.44936,4.441065,18.08002,5.985717,-10.411262377198828,4.264359556179441,56.55047968837669,28.543234626556902,56.37195611455386
3878,05/05/2023 11:22:47.607256,4060,True,True,True,True,Eyes,1.338968,0.01885592,-1.68649,-0.6207412,0.06027235,0.7816953,0.0,0.0,0.0,0.0,0.0,0.0,0.0,0.7045246,0.09809446,2.043452,1.343227,0.01869164,-1.696191,0.02734382,-0.4801048,0.0002194991,0.8767849,2.760436,302.5563,358.5158,0.6572503,0.006000136,-0.7536476,-0.6298717,0.01857072,0.151348,0.01054583,0.1145291,-0.06726884,0.6506115,0.20896,1.9929,0.5389987,-0.02587088,0.8419092,-0.0266407,0.9985046,0.04773852,-0.8418851,-0.04816004,0.5375034,static,-38.45295,4.409048,18.08003,5.985718,-10.409803486289052,4.262822841558526,56.55496190405666,28.54188115390186,56.37753533685491
3879,05/05/2023 11:22:47.627128,4061,True,True,True,True,Eyes,1.338119,0.01905742,-1.686253,-0.6208452,0.06019852,0.7816184,0.0,0.0,0.0,0.0,0.0,0.0,0.0,0.718741,0.1063505,2.028883,1.332877,0.02246838,-1.693282,0.03035694,-0.4825022,-0.0003737427,0.8753685,3.025841,302.2276,358.2814,0.65271,0.006357165,-0.7575803,-0.5920793,0.01745647,0.1422671,-0.008949136,0.1063602,-0.07122204,0.6506113,0.20896,1.992901,0.534383,-0.0299489,0.8447118,-0.02864025,0.9981566,0.05350768,-0.8447572,-0.05278635,0.5325401,static,-38.46037,4.404099,18.08002,5.985717,-10.40999667932022,4.262761123479906,56.56250716552463,28.542067678084912,56.38524051418438
3880,05/05/2023 11:22:47.647233,4062,True,True,True,True,Eyes,1.33691,0.01917345,-1.685955,-0.6209391,0.06004684,0.7815555,0.0,0.0,0.0,0.0,0.0,0.0,0.0,0.7273699,0.0859534,2.016792,1.321628,0.02388797,-1.690158,0.02680097,-0.4836513,-0.005480762,0.8748332,2.383687,302.0856,357.963,0.6490033,0.006656202,-0.7607556,-0.5565546,0.01640909,0.1337311,-0.02262789,0.1265422,-0.07119237,0.6506114,0.20896,1.9929,0.5321028,-0.03551415,0.8459346,-0.01633514,0.9985034,0.05219431,-0.8465222,-0.0415912,0.5307262,static,-38.46684,4.393399,18.08003,5.985718,-10.409830552061154,4.262382530728854,56.569284833685685,28.541934752492484,56.392375726822245
3881,05/05/2023 11:22:47.657033,4063,True,True,True,True,Eyes,1.33534,0.0192069,-1.685603,-0.6212042,0.0594957,0.781387,0.0,0.0,0.0,0.0,0.0,0.0,0.0,0.7366897,0.08416078,2.00541,1.311801,0.02196584,-1.688242,0.02621131,-0.4849146,-0.007034994,0.8741403,2.235216,301.9206,357.8367,0.6459609,0.006905647,-0.7633385,-0.5231613,0.01542454,0.1257072,-0.03661556,0.1283502,-0.0729821,0.6506114,0.20896,1.9929,0.5296168,-0.03771963,0.847398,-0.01312135,0.9985269,0.05264746,-0.8481355,-0.03900198,0.5283417,static,-38.48477,4.354165,18.08003,5.985718,-10.408868049565427,4.260845953107323,56.588325335106084,28.541066827585205,56.41273221420343
3882,05/05/2023 11:22:47.677022,4064,True,True,True,True,Eyes,1.333406,0.01928487,-1.685201,-0.6216242,0.05854646,0.7811246,0.0,0.0,0.0,0.0,0.0,0.0,0.0,0.7497485,0.1075131,1.991388,1.301635,0.02010979,-1.686609,0.03101225,-0.4869508,-0.004829612,0.8728654,2.833599,301.633,357.7832,0.6434442,0.007111931,-0.7654592,-0.4917716,0.01449907,0.1181648,-0.05561256,0.1050024,-0.07748346,0.6506115,0.20896,1.992901,0.5257114,-0.03863408,0.8497853,-0.02177167,0.9980298,0.0588426,-0.8503844,-0.04943547,0.5238344,static,-38.51301,4.28639,18.08003,5.985717,-10.407038666722604,4.258121582436009,56.61854721462331,28.539405514995526,56.445187085467644
3883,05/05/2023 11:22:47.696881,4065,True,True,True,True,Eyes,1.331118,0.01950981,-1.684761,-0.6222639,0.05765673,0.7806814,0.0,0.0,0.0,0.0,0.0,0.0,0.0,0.766517,0.1175635,1.976079,1.290956,0.02134869,-1.685003,0.03378772,-0.489736,-0.005108733,0.8712009,3.087899,301.2509,357.5896,0.6411724,0.007298426,-0.7673613,-0.4622653,0.01362912,0.1110749,-0.07687247,0.09514447,-0.08431226,0.6506115,0.20896,1.9929,0.5202651,-0.04199559,0.8529716,-0.02419266,0.9976646,0.06387565,-0.8536621,-0.05386793,0.5180341,static,-38.55758,4.223875,18.08003,5.985718,-10.406480896631711,4.256082999832094,56.665006461384515,28.538972306264345,56.49365765643141
3884,05/05/2023 11:22:47.706844,4066,True,True,True,True,Eyes,1.328477,0.01982024,-1.684253,-0.6229938,0.05724371,0.7801294,0.0,0.0,0.0,0.0,0.0,0.0,0.0,0.7867867,0.1133457,1.9602,1.280242,0.02511864,-1.683631,0.03423416,-0.4932628,-0.008908086,0.8691608,2.9074,300.777,357.1729,0.6390687,0.007477432,-0.7691126,-0.4345294,0.01281138,0.1044104,-0.09969603,0.1004241,-0.09343883,0.6506113,0.20896,1.9929,0.5132249,-0.04925799,0.8568395,-0.01828776,0.9974973,0.06829803,-0.8580593,-0.05072192,0.5110397,static,-38.61008,4.196683,18.08003,5.985717,-10.408257870266857,4.256044336281054,56.7183322609653,28.540748296125848,56.54781654329864
3885,05/05/2023 11:22:47.726758,4067,True,True,True,True,Eyes,1.325499,0.02009557,-1.683709,-0.6238853,0.05743024,0.779403,0.0,0.0,0.0,0.0,0.0,0.0,0.0,0.8068987,0.08790395,1.944443,1.268953,0.02742722,-1.681867,0.02948735,-0.4967178,-0.0149454,0.8672823,2.080318,300.3404,356.8326,0.637108,0.00765383,-0.7707358,-0.4084576,0.01204269,0.09814577,-0.1212975,0.1276622,-0.1020671,0.6506114,0.20896,1.9929,0.5060961,-0.05521754,0.8607077,-0.003370028,0.9978143,0.065995,-0.8624705,-0.03630042,0.5048038,static,-38.67607,4.214219,18.08003,5.985717,-10.413201558043806,4.258626404416738,56.78373968288813,28.54552655926416,56.61261902819713
3886,05/05/2023 11:22:47.746746,4068,True,True,True,True,Eyes,1.322219,0.02036503,-1.683132,-0.6249377,0.05765808,0.7785425,0.0,0.0,0.0,0.0,0.0,0.0,0.0,0.8264056,0.0590039,1.928873,1.257947,0.02672803,-1.680426,0.02273165,-0.5000042,-0.01817075,0.8655339,1.213566,299.9385,356.8931,0.6352675,0.007826396,-0.7722517,-0.3839502,0.01132013,0.09225702,-0.1419431,0.1578717,-0.111439,0.6506115,0.20896,1.992901,0.4993313,-0.05418665,0.864715,0.008722967,0.9983062,0.05752094,-0.8663672,-0.02117913,0.4989582,static,-38.75409,4.235536,18.08003,5.985717,-10.419077095715569,4.261708900882415,56.861061630145116,28.551205038997715,56.68918312122335
3887,05/05/2023 11:22:47.757100,4069,True,True,True,True,Eyes,1.318636,0.02066309,-1.682534,-0.6261795,0.05802063,0.7775171,0.0,0.0,0.0,0.0,0.0,0.0,0.0,0.8459401,0.04970568,1.912726,1.24738,0.02682583,-1.679265,0.02031779,-0.503414,-0.01715317,0.8636361,1.021298,299.4985,357.1287,0.6335277,0.007995354,-0.7736778,-0.3609132,0.01064092,0.0867216,-0.1645207,0.1673831,-0.1218975,0.6506115,0.20896,1.992901,0.4925601,-0.05008472,0.868836,0.009171669,0.9985859,0.05236465,-0.8702301,-0.01782406,0.492323,static,-38.8465,4.267671,18.08003,5.985717,-10.426397191764838,4.265710228062126,56.95244946355702,28.558270510220012,56.77946333954681
3888,05/05/2023 11:22:47.777052,4070,True,True,True,True,Eyes,1.314781,0.02094738,-1.681947,-0.6275553,0.05810279,0.7764009,0.0,0.0,0.0,0.0,0.0,0.0,0.0,0.8651218,0.04187046,1.896286,1.236597,0.02777239,-1.678138,0.01857153,-0.5067501,-0.01714713,0.8617224,0.8381748,299.063,357.227,0.6318703,0.008162538,-0.7750303,-0.3392584,0.01000247,0.0815183,-0.1868609,0.1758396,-0.1320282,0.6506115,0.20896,1.9929,0.4858206,-0.04837438,0.872719,0.01072988,0.9987222,0.04938563,-0.8739927,-0.01462839,0.4857188,static,-38.94818,4.279813,18.08003,5.985718,-10.433234934254246,4.268931951088526,57.05371896443847,28.56490209240546,56.88026791479208
3889,05/05/2023 11:22:47.796844,4071,True,True,True,True,Eyes,1.310671,0.02123922,-1.681375,-0.6290945,0.05782006,0.7751755,0.0,0.0,0.0,0.0,0.0,0.0,0.0,0.8822004,0.04252437,1.881272,1.226314,0.0277589,-1.677693,0.01865001,-0.5096012,-0.01722854,0.860036,0.8319634,298.6833,357.2116,0.6302785,0.008327625,-0.7763234,-0.3189029,0.009402321,0.0766272,-0.2073188,0.1758653,-0.1410165,0.6506113,0.20896,1.9929,0.4800196,-0.04864246,0.8759081,0.01062619,0.9987106,0.04963872,-0.8771934,-0.01451999,0.4799176,static,-39.06109,4.265772,18.08002,5.985719,-10.439385477524056,4.271109390640735,57.1669893357601,28.57090084165944,56.99392588939266
3890,05/05/2023 11:22:47.806931,4072,True,True,True,True,Eyes,1.306307,0.02153309,-1.680833,-0.6308024,0.05734796,0.7738214,0.0,0.0,0.0,0.0,0.0,0.0,0.0,0.8982581,0.06080078,1.866317,1.216148,0.02831563,-1.677463,0.02295525,-0.5122892,-0.01526758,0.8583705,1.361784,298.3073,357.1487,0.6287386,0.008491233,-0.7775694,-0.2997687,0.008838181,0.07202957,-0.2285633,0.1572411,-0.1494577,0.6506118,0.20896,1.992901,0.4746533,-0.04972994,0.878767,0.002691042,0.9984799,0.05505105,-0.8801689,-0.02376537,0.4740657,static,-39.18617,4.238446,18.08003,5.985716,-10.445582069034456,4.27292272237267,57.292849596550006,28.576987327654567,57.12058507601193
3891,05/05/2023 11:22:47.827284,4073,True,True,True,True,Eyes,1.301731,0.02186433,-1.680327,-0.6326049,0.05666959,0.7723986,0.0,0.0,0.0,0.0,0.0,0.0,0.0,0.9123777,0.06758091,1.852455,1.205807,0.02872243,-1.677437,0.02457582,-0.514448,-0.01435884,0.8570492,1.567327,298.0119,357.1388,0.6272367,0.008653732,-0.7787797,-0.2817826,0.00830789,0.06770779,-0.2471431,0.1503703,-0.1566639,0.6506115,0.20896,1.992901,0.4702742,-0.04989842,0.8811086,-0.0006734975,0.9983798,0.05689912,-0.8825202,-0.02735161,0.4694786,static,-39.31794,4.196177,18.08002,5.985716,-10.451403597499016,4.274147260671967,57.42585011990785,28.582715057344863,57.254863657954935
3892,05/05/2023 11:22:47.846854,4074,True,True,True,True,Eyes,1.296938,0.02221968,-1.679822,-0.6345532,0.05623997,0.7708303,0.0,0.0,0.0,0.0,0.0,0.0,0.0,0.9258131,0.07742012,1.839429,1.196193,0.02999675,-1.67775,0.02707751,-0.5164812,-0.01224557,0.8557827,1.930988,297.7291,357.1938,0.6257617,0.008817085,-0.7799636,-0.2648757,0.007809416,0.06364533,-0.2649887,0.1396016,-0.1639649,0.6506115,0.20896,1.9929,0.4661944,-0.04892914,0.8833283,-0.007010961,0.9982337,0.05899414,-0.8846546,-0.03369572,0.465028,static,-39.46147,4.17292,18.08003,5.985718,-10.45893868603948,4.276640090407469,57.57004827893411,28.590097603257657,57.399703036918126
3893,05/05/2023 11:22:47.856671,4075,True,True,True,True,Eyes,1.291926,0.02260877,-1.679341,-0.6365162,0.05598427,0.7692288,0.0,0.0,0.0,0.0,0.0,0.0,0.0,0.9389952,0.07768447,1.826174,1.185891,0.03097549,-1.677903,0.02729534,-0.5184002,-0.01126423,0.8546283,2.004384,297.472,357.2727,0.6243042,0.008982453,-0.7811289,-0.2489831,0.007340851,0.05982661,-0.2823345,0.1389288,-0.170829,0.6506115,0.20896,1.992901,0.4622687,-0.04755329,0.8854639,-0.009046352,0.9982562,0.0583335,-0.8866938,-0.03497597,0.4610324,static,-39.60684,4.162632,18.08003,5.985717,-10.46726563360594,4.279839756929039,57.715670396471396,28.5982185662136,57.54556042732993
3894,05/05/2023 11:22:47.876560,4076,True,True,True,True,Eyes,1.286723,0.0229924,-1.678877,-0.6385586,0.05605059,0.7675293,0.0,0.0,0.0,0.0,0.0,0.0,0.0,0.9499949,0.06800427,1.814317,1.175646,0.03212506,-1.678001,0.02515852,-0.5198115,-0.01048743,0.8538461,1.837219,297.2943,357.4732,0.622855,0.009151325,-0.7822831,-0.2340441,0.0069004,0.05623701,-0.2973093,0.1482131,-0.1761562,0.6506114,0.20896,1.992901,0.4593722,-0.04406467,0.8871502,-0.008246064,0.9985141,0.05386597,-0.8882056,-0.03206003,0.4583263,static,-39.75932,4.176742,18.08003,5.985717,-10.477304790874989,4.284462603639808,57.86763170351043,28.60796457071446,57.69696754727569
3895,05/05/2023 11:22:47.896702,4077,True,True,True,True,Eyes,1.281314,0.02335401,-1.67845,-0.6406115,0.05629103,0.7657991,0.0,0.0,0.0,0.0,0.0,0.0,0.0,0.9607648,0.059176,1.802877,1.165578,0.03230801,-1.678487,0.02294731,-0.5211355,-0.008990066,0.853118,1.706718,297.1283,357.7492,0.6214064,0.009323247,-0.7834323,-0.2200015,0.006486376,0.05286279,-0.3119677,0.156118,-0.1817769,0.6506113,0.20896,1.992901,0.4566739,-0.03925649,0.8887676,-0.008578142,0.9987852,0.04852361,-0.8895928,-0.02978344,0.4557824,static,-39.91339,4.204038,18.08002,5.985716,-10.488131931558996,4.289796922968222,58.02077196938855,28.618445909945535,57.849140498376954
3896,05/05/2023 11:22:47.906890,4078,True,True,True,True,Eyes,1.275732,0.02367646,-1.67805,-0.6427577,0.05667901,0.7639699,0.0,0.0,0.0,0.0,0.0,0.0,0.0,0.9717435,0.04935202,1.79105,1.155258,0.0320772,-1.678968,0.02040173,-0.5225043,-0.007560503,0.8523589,1.540205,296.9562,358.0389,0.619951,0.009496953,-0.7845825,-0.2068014,0.006097193,0.04969102,-0.3269505,0.1650169,-0.1876612,0.6506113,0.20896,1.9929,0.4538642,-0.03420851,0.8904139,-0.008431461,0.9990532,0.04267999,-0.8910309,-0.02687841,0.4531461,static,-40.07521,4.243007,18.08003,5.985718,-10.500043464408336,4.295923511704595,58.18134564520763,28.629984363314822,58.0083534485103
3897,05/05/2023 11:22:47.931282,4079,True,True,True,True,Eyes,1.26997,0.02396641,-1.677693,-0.6449555,0.0570729,0.762086,0.0,0.0,0.0,0.0,0.0,0.0,0.0,0.9840655,0.04419803,1.778771,1.145249,0.03147917,-1.679814,0.01887436,-0.5241812,-0.005263793,0.8513812,1.525405,296.7382,358.3519,0.6184825,0.009670562,-0.7857385,-0.1943933,0.005731362,0.04670956,-0.3431403,0.1685221,-0.1950499,0.6506114,0.20896,1.9929,0.4504126,-0.02875016,0.8923575,-0.01082418,0.9992321,0.03765691,-0.8927549,-0.02662019,0.4497555,static,-40.24133,4.282907,18.08003,5.985718,-10.512266042287276,4.302207584246724,58.34621322375018,28.641815589968218,58.171810278679914
3898,05/05/2023 11:22:47.947290,4080,True,True,True,True,Eyes,1.264019,0.02422786,-1.677407,-0.6472187,0.05761371,0.760124,0.0,0.0,0.0,0.0,0.0,0.0,0.0,0.9968783,0.04200133,1.765874,1.135235,0.03095834,-1.680513,0.01811985,-0.5260294,-0.002983149,0.8502681,1.585864,296.4937,358.6164,0.6169955,0.0098426,-0.7869046,-0.1827297,0.00538748,0.04390699,-0.3600747,0.1689206,-0.202803,0.6506115,0.20896,1.9929,0.4465683,-0.0241361,0.894424,-0.0139902,0.9993255,0.03395191,-0.8946402,-0.02767502,0.4459294,static,-40.41322,4.334455,18.08003,5.985718,-10.525450942395848,4.30923194565176,58.5165529150314,28.654565874153395,58.340327959037225
3899,05/05/2023 11:22:47.957108,4081,True,True,True,True,Eyes,1.2579,0.02444471,-1.677185,-0.649494,0.05819773,0.7581363,0.0,0.0,0.0,0.0,0.0,0.0,0.0,1.009233,0.03823628,1.753166,1.125062,0.03049342,-1.681342,0.0170607,-0.5277402,-0.001965341,0.8492323,1.541593,296.2672,358.7765,0.6154837,0.01001195,-0.7880855,-0.1717659,0.005064231,0.04127257,-0.3762657,0.1718284,-0.2100665,0.6506116,0.20896,1.992901,0.4429729,-0.0213453,0.8962809,-0.01466918,0.9994102,0.03105138,-0.8964151,-0.02690262,0.4423984,static,-40.58661,4.389656,18.08003,5.985717,-10.538918761928572,4.316480545427432,58.6883468808359,28.667587596084307,58.51013407301041
3900,05/05/2023 11:22:47.977027,4082,True,True,True,True,Eyes,1.251609,0.024617,-1.677013,-0.6518428,0.05889298,0.7560639,0.0,0.0,0.0,0.0,0.0,0.0,0.0,1.021221,0.03567749,1.741004,1.114965,0.02962102,-1.682629,0.01623189,-0.5292917,-0.001924779,0.8482824,1.461253,296.0603,358.8279,0.6139423,0.01017682,-0.7892847,-0.16146,0.004760378,0.03879621,-0.3915786,0.1743447,-0.217025,0.6506114,0.20896,1.9929,0.4396932,-0.02044832,0.8979151,-0.01391729,0.9994656,0.02957598,-0.8980402,-0.0255009,0.4391736,static,-40.76637,4.454014,18.08003,5.985717,-10.553254957230813,4.324358086974351,58.86633084404199,28.681442099027556,58.68579316543651
3901,05/05/2023 11:22:47.996577,4083,True,True,True,True,Eyes,1.245163,0.0247346,-1.676927,-0.6541786,0.05961204,0.7539873,0.0,0.0,0.0,0.0,0.0,0.0,0.0,1.032357,0.03400455,1.728969,1.104489,0.02870218,-1.683903,0.01563067,-0.5306138,-0.002824339,0.8474649,1.346324,295.8827,358.7749,0.6123667,0.01033562,-0.7905056,-0.1517724,0.004474755,0.03646844,-0.4062334,0.1768256,-0.2229483,0.6506115,0.20896,1.9929,0.436882,-0.02137476,0.8992649,-0.01180064,0.9994954,0.02949016,-0.8994414,-0.02349563,0.4364094,static,-40.94574,4.520538,18.08003,5.985717,-10.567680875294128,4.33233582156374,59.043952049256845,28.695383038315637,58.86096521605405
3902,05/05/2023 11:22:48.007008,4084,True,True,True,True,Eyes,1.238555,0.02477616,-1.676917,-0.6565447,0.06033899,0.7518699,0.0,0.0,0.0,0.0,0.0,0.0,0.0,1.043914,0.03340641,1.717444,1.094375,0.02750267,-1.685845,0.01520888,-0.5319465,-0.003816782,0.8466328,1.242959,295.7029,358.7022,0.6107525,0.01048642,-0.7917515,-0.142666,0.00420627,0.03428033,-0.4205562,0.1783978,-0.2295396,0.6506116,0.20896,1.9929,0.4340366,-0.02264345,0.9006106,-0.009717797,0.9995083,0.02981332,-0.9008428,-0.02169202,0.4336032,static,-41.12798,4.588262,18.08003,5.985718,-10.582344719854287,4.340448100536325,59.22449941900764,28.70955655567364,59.0389651798448
3903,05/05/2023 11:22:48.026977,4085,True,True,True,True,Eyes,1.231809,0.02472921,-1.677009,-0.658894,0.06100205,0.7497582,0.0,0.0,0.0,0.0,0.0,0.0,0.0,1.05487,0.03350443,1.705907,1.083868,0.02569001,-1.687769,0.01479653,-0.5331099,-0.004894301,0.8459024,1.135359,295.5459,358.6212,0.6090962,0.01062636,-0.7930245,-0.1341061,0.003953893,0.03222352,-0.4346548,0.1794088,-0.2355049,0.6506114,0.20896,1.9929,0.4315397,-0.02405657,0.9017731,-0.007496156,0.9995142,0.03025125,-0.9020628,-0.01981445,0.4311497,static,-41.30928,4.651471,18.08003,5.985718,-10.596714626348572,4.348306634393377,59.40429578181286,28.7234538025118,59.216340364713005
3904,05/05/2023 11:22:48.036797,4086,True,True,True,True,Eyes,1.224922,0.02462753,-1.677191,-0.6612985,0.06151081,0.7475966,0.0,0.0,0.0,0.0,0.0,0.0,0.0,1.066254,0.03793024,1.694841,1.073832,0.0235338,-1.690311,0.0153569,-0.5343126,-0.00531768,0.8451307,1.161727,295.381,358.5443,0.6073936,0.01075232,-0.7943276,-0.1260597,0.003716659,0.0302901,-0.4487998,0.1754533,-0.2421667,0.6506115,0.20896,1.9929,0.4289635,-0.02539904,0.9029647,-0.007422502,0.9994717,0.03163978,-0.9032913,-0.02027457,0.4285483,static,-41.49488,4.703591,18.08003,5.985717,-10.610765672239667,4.355711212825431,59.588704874229116,28.7370610044317,59.39869625003221
3905,05/05/2023 11:22:48.056868,4087,True,True,True,True,Eyes,1.217903,0.02447469,-1.677482,-0.6636456,0.0620374,0.7454703,0.0,0.0,0.0,0.0,0.0,0.0,0.0,1.07716,0.04485992,1.683774,1.063513,0.02216217,-1.692876,0.01673882,-0.5353752,-0.005453305,0.8444309,1.285276,295.2326,358.4448,0.6056425,0.01086304,-0.7956621,-0.1184961,0.00349366,0.0284727,-0.4629939,0.168638,-0.2482535,0.6506113,0.20896,1.992901,0.4266874,-0.02713297,0.9039922,-0.008713214,0.9993802,0.03410868,-0.9043573,-0.02243042,0.4261865,static,-41.67667,4.757144,18.08002,5.985717,-10.62465944304086,4.363091109713947,59.76931814378034,28.75050498178352,59.57718074337067
3906,05/05/2023 11:22:48.076869,4088,True,True,True,True,Eyes,1.210756,0.02423199,-1.677874,-0.6659902,0.06260036,0.7433292,0.0,0.0,0.0,0.0,0.0,0.0,0.0,1.087103,0.04558195,1.673837,1.053316,0.02078388,-1.695787,0.01655457,-0.5361319,-0.00670305,0.8439453,1.189251,295.1297,358.3341,0.6038393,0.01095757,-0.7970302,-0.1113864,0.00328404,0.02676434,-0.475378,0.1693383,-0.2536916,0.6506113,0.20896,1.992901,0.4250352,-0.02906488,0.9047101,-0.006436849,0.9993621,0.03512974,-0.905154,-0.02075486,0.424577,static,-41.85894,4.813874,18.08002,5.985717,-10.638748978981807,4.370644908840544,59.950414026078654,28.76414694594244,59.755988128990495
3907,05/05/2023 11:22:48.096811,4089,True,True,True,True,Eyes,1.203497,0.0239354,-1.678395,-0.6682545,0.063062,0.7412551,0.0,0.0,0.0,0.0,0.0,0.0,0.0,1.095189,0.04441248,1.665162,1.043008,0.01837361,-1.698815,0.01563267,-0.536387,-0.007485434,0.8437942,1.051513,295.0975,358.3148,0.6019822,0.01103313,-0.7984328,-0.1047032,0.003086998,0.02515847,-0.486135,0.171506,-0.2576754,0.6506114,0.20896,1.9929,0.4244659,-0.02940265,0.9049664,-0.00413799,0.9993991,0.03441169,-0.9054345,-0.01835133,0.4240891,static,-42.03521,4.862708,18.08003,5.985718,-10.652058787827627,4.377643387252791,60.12572853377912,28.77705388103119,59.9293094523497
3908,05/05/2023 11:22:48.107167,4090,True,True,True,True,Eyes,1.196119,0.02362687,-1.679052,-0.6705081,0.06339822,0.7391884,0.0,0.0,0.0,0.0,0.0,0.0,0.0,1.103382,0.04960473,1.657088,1.033075,0.01680187,-1.702447,0.01652949,-0.5365822,-0.0070118,0.8436571,1.166946,295.0685,358.3052,0.6000682,0.01108896,-0.7998715,-0.098421,0.002901778,0.02364897,-0.4970603,0.1658019,-0.2619273,0.6506114,0.20896,1.9929,0.4240607,-0.02956997,0.9051509,-0.005907754,0.9993552,0.03541527,-0.9056146,-0.02036563,0.4236126,static,-42.21077,4.90211,18.08003,5.985718,-10.664831011887202,4.384143890611943,60.30053707005986,28.78944379838859,60.10245720497162
3909,05/05/2023 11:22:48.126709,4091,True,True,True,True,Eyes,1.188648,0.02331433,-1.679858,-0.6726431,0.06372022,0.7372184,0.0,0.0,0.0,0.0,0.0,0.0,0.0,1.110477,0.05134737,1.64992,1.022909,0.01618946,-1.70629,0.01678174,-0.5364143,-0.007553627,0.8437542,1.158346,295.0901,358.2375,0.5980946,0.01112638,-0.8013478,0.0,0.0,0.0,-0.5065524,0.1647135,-0.2650057,0.6506113,0.20896,1.992901,0.4244052,-0.03075074,0.9049501,-0.005257121,0.9993226,0.03642307,-0.9054572,-0.02021557,0.423956,static,-42.37754,4.939986,18.08002,5.985717,-10.676987165835472,4.390341652172582,60.46660329866364,28.801227120321943,60.266936764960285
3910,05/05/2023 11:22:48.146869,4092,True,True,True,True,Eyes,1.181084,0.02294126,-1.680819,-0.6748097,0.06408561,0.735204,0.0,0.0,0.0,0.0,0.0,0.0,0.0,1.117449,0.05261541,1.643675,1.013165,0.01578862,-1.710665,0.01695324,-0.5361341,-0.008253915,0.8439223,1.132469,295.1272,358.1596,0.5960597,0.01114693,-0.8028623,0.0,0.0,0.0,-0.5151782,0.1643213,-0.2681958,0.6506115,0.20896,1.992901,0.4249842,-0.03210974,0.9046311,-0.004247096,0.9992889,0.03746484,-0.9051908,-0.01976402,0.4245456,static,-42.54738,4.981716,18.08003,5.985717,-10.68953252656702,4.396814085189001,60.635722650234,28.81340556828964,60.43428928668827
3911,05/05/2023 11:22:48.156866,4093,True,True,True,True,Eyes,1.173449,0.02249245,-1.681957,-0.6769716,0.06431036,0.7331942,0.0,0.0,0.0,0.0,0.0,0.0,0.0,1.125057,0.05413351,1.637527,1.003286,0.0138659,-1.715635,0.01684539,-0.5358648,-0.007498663,0.8441024,1.169026,295.1645,358.2396,0.5939618,0.01114926,-0.8044155,0.0,0.0,0.0,-0.5243305,0.1620426,-0.2723606,0.6506113,0.20896,1.992901,0.4255853,-0.03071299,0.904397,-0.005394427,0.99932,0.03647501,-0.9049023,-0.02040193,0.4251302,static,-42.71685,5.012732,18.08002,5.985716,-10.7014938560995,4.402732037327532,60.80465524662693,28.825013062875197,60.60189108482047
3912,05/05/2023 11:22:48.176871,4094,True,True,True,True,Eyes,1.165726,0.0219861,-1.683286,-0.67935,0.06454128,0.7309706,0.0,0.0,0.0,0.0,0.0,0.0,0.0,1.137586,0.05947072,1.628587,0.9939502,0.01160005,-1.721006,0.0177069,-0.536827,-0.004434288,0.8434949,1.438875,295.033,358.4815,0.5917991,0.01113137,-0.8060081,0.0,0.0,0.0,-0.5379912,0.1531423,-0.2816539,0.6506115,0.20896,1.992901,0.4235941,-0.02649168,0.9054647,-0.01153049,0.9993336,0.03463225,-0.9057788,-0.02511046,0.4230064,static,-42.9038,5.045864,18.08002,5.985716,-10.714632175986116,4.409205299105766,60.99106183347117,28.837776958809705,60.78685107841286
3913,05/05/2023 11:22:48.196752,4095,True,True,True,True,Eyes,1.157925,0.02142313,-1.68481,-0.6818653,0.06464286,0.7286159,0.0,0.0,0.0,0.0,0.0,0.0,0.0,1.154258,0.06175921,1.616986,0.9842464,0.009767615,-1.726827,0.0179315,-0.5387104,-0.001690152,0.8422984,1.626637,294.7783,358.7293,0.5895694,0.01109234,-0.807641,0.0,0.0,0.0,-0.5549117,0.1475988,-0.2948335,0.6506113,0.20896,1.9929,0.4195766,-0.022167,0.9074492,-0.01647255,0.9993511,0.03202836,-0.9075704,-0.02838635,0.4189393,static,-43.10162,5.070012,18.08003,5.985719,-10.727962650387738,4.4154999447542735,61.188502318918935,28.850754382273106,60.98321527459463
3914,05/05/2023 11:22:48.207299,4096,True,True,True,True,Eyes,1.150041,0.0208465,-1.686543,-0.6846536,0.06464435,0.7259963,0.0,0.0,0.0,0.0,0.0,0.0,0.0,1.175991,0.06585545,1.601878,0.974671,0.007844076,-1.732991,0.01866194,-0.5418588,0.00153146,0.840261,1.892335,294.3498,358.9881,0.5872709,0.01103136,-0.8093148,0.0,0.0,0.0,-0.5761703,0.1393653,-0.3130599,0.6506115,0.20896,1.992901,0.4127733,-0.01765063,0.9106629,-0.02279793,0.9992988,0.02970214,-0.9105485,-0.03302148,0.4120814,static,-43.32129,5.088327,18.08003,5.985716,-10.742320074882212,4.422057464407626,61.40787738360382,28.86473439779056,61.20174518219538
3915,05/05/2023 11:22:48.226890,4097,True,True,True,True,Eyes,1.142102,0.02055116,-1.688439,-0.6876771,0.06400989,0.7231894,0.0,0.0,0.0,0.0,0.0,0.0,0.0,1.201998,0.07317013,1.582996,0.9651697,0.006971844,-1.739088,0.02058776,-0.5461726,0.005418341,0.8374021,2.315332,293.7578,359.2308,0.5849012,0.01094981,-0.8110303,0.0,0.0,0.0,-0.601539,0.1265035,-0.3356113,0.6506116,0.20896,1.9929,0.4033322,-0.01341428,0.9149554,-0.0315636,0.9990936,0.02856176,-0.9145091,-0.04039916,0.4025432,static,-43.55814,5.0581,18.08003,5.985718,-10.755181470697028,4.4265857146580485,61.645149655936635,28.877332183617884,61.440243553455
3916,05/05/2023 11:22:48.246730,4098,True,True,True,True,Eyes,1.134028,0.02043119,-1.69041,-0.6905736,0.06420025,0.7204071,0.0,0.0,0.0,0.0,0.0,0.0,0.0,1.228117,0.09383917,1.562556,0.956048,0.01357957,-1.744834,0.02784289,-0.550678,0.009108808,0.8342035,3.238095,293.1154,359.1123,0.5824602,0.0108634,-0.8127863,0.0,0.0,0.0,-0.6275994,0.0995478,-0.3580095,0.6506116,0.20896,1.992901,0.3933416,-0.01546774,0.9192623,-0.04586214,0.9982836,0.03642125,-0.9182479,-0.05648533,0.3919571,static,-43.78873,5.092554,18.08003,5.985716,-10.771050664855093,4.434243867742212,61.87520668487374,28.892765899220308,61.66879260419276
3917,05/05/2023 11:22:48.256783,4099,True,True,True,True,Eyes,1.125922,0.02025569,-1.692532,-0.6933594,0.06464221,0.7176867,0.0,0.0,0.0,0.0,0.0,0.0,0.0,1.242967,0.07072966,1.549449,0.9447581,0.01757271,-1.74868,0.02234225,-0.5526271,0.0004035837,0.8331291,2.159073,292.8602,358.6226,0.579947,0.01078118,-0.8145826,0.0,0.0,0.0,-0.642386,0.1356149,-0.3682266,0.6506115,0.20896,1.9929,0.3892062,-0.02402139,0.9208375,-0.02536634,0.9990013,0.03678189,-0.9208014,-0.03767402,0.3882082,static,-44.01228,5.146757,18.08003,5.985717,-10.78752543307043,4.442726324531764,62.09797754369863,28.908762977788864,61.88922228550082
3918,05/05/2023 11:22:48.276914,4100,True,True,True,True,Eyes,1.117785,0.02032376,-1.694754,-0.6960484,0.06439333,0.7151015,0.0,0.0,0.0,0.0,0.0,0.0,0.0,1.253504,0.06061448,1.542496,0.9359066,0.01599901,-1.754441,0.01928396,-0.5531079,-0.0007314557,0.8328862,1.794426,292.8046,358.7072,0.5773625,0.01069993,-0.8164175,0.0,0.0,0.0,-0.6519849,0.1477269,-0.3760871,0.6506115,0.20896,1.9929,0.3881423,-0.02255066,0.9213236,-0.02011378,0.9992552,0.03293183,-0.92138,-0.03131353,0.3873996,static,-44.22645,5.145483,18.08003,5.985718,-10.800520856107848,4.448146523496545,62.31214524348865,28.921451274055887,62.10340496223119
3919,05/05/2023 11:22:48.296779,4101,True,True,True,True,Eyes,1.109558,0.02055487,-1.697075,-0.6985925,0.06486968,0.7125731,0.0,0.0,0.0,0.0,0.0,0.0,0.0,1.265105,0.08265576,1.532396,0.9268167,0.02206016,-1.75957,0.02700727,-0.553947,0.005241575,0.8320973,2.909151,292.6638,358.7838,0.5747091,0.01063146,-0.8182885,0.0,0.0,0.0,-0.6666148,0.1157675,-0.3845032,0.6506115,0.20896,1.992901,0.3862303,-0.02119819,0.9221588,-0.03864419,0.9984863,0.03913823,-0.9215927,-0.05075245,0.3848265,static,-44.43238,5.201631,18.08003,5.985717,-10.81602291126766,4.456276662104818,62.517327157065,28.93650050710972,62.3061298035695
3920,05/05/2023 11:22:48.306972,4102,True,True,True,True,Eyes,1.101333,0.02077946,-1.699535,-0.7009866,0.06541331,0.7101682,0.0,0.0,0.0,0.0,0.0,0.0,0.0,1.275609,0.05267544,1.52422,0.9164316,0.02606957,-1.764277,0.01971053,-0.5545512,-0.001923982,0.831914,1.757023,292.6034,358.5632,0.5719859,0.01058253,-0.8201949,0.0,0.0,0.0,-0.6759785,0.1574555,-0.3911128,0.6506113,0.20896,1.992901,0.3849384,-0.02506218,0.9226021,-0.01865982,0.9992156,0.03492882,-0.9227538,-0.03066104,0.3841687,static,-44.62721,5.262641,18.08002,5.985715,-10.831102771693164,4.464369846513595,62.71139872688518,28.951122793355555,62.4975139440724
3921,05/05/2023 11:22:48.326873,4103,True,True,True,True,Eyes,1.093073,0.02109805,-1.702072,-0.7033954,0.06552122,0.7077726,0.0,0.0,0.0,0.0,0.0,0.0,0.0,1.286668,0.05188885,1.516137,0.9085345,0.02610748,-1.769396,0.01959965,-0.5554485,-0.001175695,0.8313192,1.792564,292.4807,358.6397,0.5691956,0.01055082,-0.8221342,0.0,0.0,0.0,-0.6870098,0.1571287,-0.3998393,0.6506116,0.20896,1.992901,0.382951,-0.02372794,0.9234639,-0.01981843,0.999229,0.0338932,-0.9235561,-0.03128105,0.3821855,moving,-44.82228,5.289015,18.08003,5.985717,-10.844382177201444,4.4707072964828125,62.90616819528037,28.96406176968953,62.69109356669513
3922,05/05/2023 11:22:48.346869,4104,True,True,True,True,Eyes,1.084756,0.0215269,-1.704673,-0.7056125,0.06601981,0.7055156,0.0,0.0,0.0,0.0,0.0,0.0,0.0,1.298342,0.06357262,1.505462,0.8994915,0.02875984,-1.773763,0.02377085,-0.556564,0.00318845,0.8304586,2.466231,292.3148,358.7862,0.5663401,0.01053925,-0.824104,0.0,0.0,0.0,-0.7030448,0.1358488,-0.4118637,0.6471999,0.2067916,1.993171,0.3804527,-0.02116425,0.9245582,-0.03175576,0.9988496,0.03593226,-0.9242551,-0.04303057,0.3793429,moving,-45.00394,5.345981,17.98906,5.923248,-10.85844687689231,4.478257478154477,62.99564497796088,28.883674465354517,62.78041931775394
3923,05/05/2023 11:22:48.356799,4105,True,True,True,True,Eyes,1.07644,0.02196263,-1.707336,-0.7077907,0.06656905,0.7032788,0.0,0.0,0.0,0.0,0.0,0.0,0.0,1.307549,0.04526507,1.4971,0.8898944,0.03174137,-1.777673,0.01960611,-0.5570922,0.0006544231,0.830219,1.907377,292.2555,358.8099,0.5634208,0.01055126,-0.8261025,0.0,0.0,0.0,-0.7143321,0.156769,-0.4206474,0.6442348,0.2049068,1.993406,0.3792957,-0.02075819,0.9250427,-0.02293145,0.9992303,0.03182557,-0.9249914,-0.03328387,0.3785277,moving,-45.1832,5.407238,17.90995,5.868951,-10.872590070023069,4.485964471258002,63.09483937547403,28.815746816995137,62.87886743502284
3924,05/05/2023 11:22:48.376623,4106,True,True,True,True,Eyes,1.068064,0.02238081,-1.71006,-0.7099417,0.06712981,0.7010537,0.0,0.0,0.0,0.0,0.0,0.0,0.0,1.317789,0.04163927,1.488224,0.8816248,0.03232519,-1.781798,0.0188004,-0.5580042,0.0002635793,0.8296252,1.80447,292.132,358.8222,0.5604405,0.01058484,-0.8281267,0.0,0.0,0.0,-0.7267107,0.1591341,-0.4312449,0.6410787,0.2029005,1.993657,0.3772624,-0.02054406,0.9258786,-0.02141875,0.9992929,0.03090042,-0.9258587,-0.03148873,0.3765557,moving,-45.36091,5.469714,17.82567,5.811157,-10.886702610399352,4.493693776740368,63.187502525567886,28.742582525984897,62.97076216804953
3925,05/05/2023 11:22:48.398534,4107,True,True,True,True,Eyes,1.059655,0.02279455,-1.712829,-0.712079,0.06786202,0.6988121,0.0,0.0,0.0,0.0,0.0,0.0,0.0,1.328496,0.03951508,1.477362,0.8720926,0.03229037,-1.78535,0.01814546,-0.5590776,-0.0006952256,0.8289164,1.67928,291.9852,358.7708,0.5574005,0.01063699,-0.8301753,0.0,0.0,0.0,-0.7407293,0.1609518,-0.4417586,0.6379366,0.2009035,1.993906,0.3748635,-0.02144201,0.926832,-0.01913687,0.9993405,0.03085951,-0.9268825,-0.02930477,0.374206,moving,-45.53875,5.546632,17.74172,5.753633,-10.901579909496068,4.50216105430024,63.28080856653857,28.670626287826554,63.06250226845942
3926,05/05/2023 11:22:48.402580,4108,True,True,True,True,Eyes,1.051207,0.02321709,-1.715639,-0.7143423,0.06852702,0.6964332,0.0,0.0,0.0,0.0,0.0,0.0,0.0,1.341159,0.03547129,1.465222,0.8629291,0.032575,-1.789171,0.01666776,-0.5606803,-0.004367981,0.8278532,1.300659,291.7659,358.5142,0.5543028,0.01070564,-0.8322459,0.0,0.0,0.0,-0.755267,0.1695469,-0.4543779,0.634638,0.1988067,1.994167,0.371237,-0.02592266,0.9281763,-0.01145848,0.9994062,0.032495,-0.9284675,-0.02269884,0.3707196,moving,-45.7273,5.61965,17.65352,5.693239,-10.916906030715296,4.510704233442026,63.38086272064558,28.594888215390746,63.16117206865554
3927,05/05/2023 11:22:48.427099,4109,True,True,True,True,Eyes,1.042709,0.02366609,-1.718472,-0.7166162,0.06932287,0.6940141,0.0,0.0,0.0,0.0,0.0,0.0,0.0,1.356152,0.04124923,1.450333,0.8536245,0.03323649,-1.792913,0.01756131,-0.5629762,-0.009128159,0.8262362,1.073883,291.4423,358.0021,0.5511489,0.01078959,-0.8343368,0.0,0.0,0.0,-0.7722567,0.170497,-0.4689482,0.6314894,0.1968055,1.994418,0.3659489,-0.03485722,0.9299821,-0.004689167,0.9992166,0.03929744,-0.9306232,-0.0187417,0.3654988,moving,-45.91795,5.704174,17.56927,5.635597,-10.932963200095369,4.519886487506957,63.4872570374034,28.5240619011442,63.26537589230265
3928,05/05/2023 11:22:48.447007,4110,True,True,True,True,Eyes,1.034164,0.02410271,-1.721302,-0.7189433,0.07018455,0.6915162,0.0,0.0,0.0,0.0,0.0,0.0,0.0,1.370831,0.04479611,1.434856,0.8439555,0.03433736,-1.796261,0.01756727,-0.565258,-0.01611225,0.8245697,0.6162695,291.123,357.3386,0.5479407,0.01088866,-0.836446,0.0,0.0,0.0,-0.7887937,0.1782856,-0.4829239,0.6283311,0.194798,1.994668,0.3604477,-0.04643143,0.9316231,0.006711265,0.9988636,0.04718603,-0.9327554,-0.01075572,0.3603497,moving,-46.11401,5.795317,17.48471,5.577783,-10.949697191662164,4.529543993018764,63.59909202716306,28.45372238138634,63.374543562708176
3929,05/05/2023 11:22:48.456705,4111,True,True,True,True,Eyes,1.025589,0.02448504,-1.724139,-0.7212285,0.07099877,0.6890491,0.0,0.0,0.0,0.0,0.0,0.0,0.0,1.382904,0.04452005,1.421404,0.8342373,0.03448471,-1.799348,0.01639643,-0.5668578,-0.0223082,0.8233504,0.09791081,290.9043,356.8286,0.5446796,0.01100076,-0.8385717,0.0,0.0,0.0,-0.8031025,0.1889678,-0.494385,0.6251447,0.192773,1.99492,0.3563493,-0.05532382,0.9327135,0.01814604,0.998467,0.05229117,-0.9341767,-0.001708868,0.3568069,moving,-46.30714,5.882926,17.39933,5.519464,-10.966067284552835,4.538946690464116,63.707506814239274,28.38233917958167,63.480356244431114
3930,05/05/2023 11:22:48.476831,4112,True,True,True,True,Eyes,1.016992,0.02479097,-1.726986,-0.7235651,0.07149965,0.686543,0.0,0.0,0.0,0.0,0.0,0.0,0.0,1.392478,0.05076598,1.410149,0.8249304,0.03358992,-1.802346,0.01725953,-0.5678948,-0.02456371,0.8225536,0.02833696,290.7564,356.5594,0.5413684,0.01112191,-0.8407115,0.0,0.0,0.0,-0.8167754,0.1856345,-0.5040696,0.6218773,0.1906959,1.99518,0.3537842,-0.06001314,0.9333999,0.02080674,0.9981974,0.05629299,-0.9350958,-0.000494573,0.3543952,moving,-46.50394,5.945604,17.31172,5.459646,-10.98135470609374,4.547175176239195,63.81751026492152,28.307784783144303,63.58898339189734
3931,05/05/2023 11:22:48.496855,4113,True,True,True,True,Eyes,1.00841,0.02509402,-1.729843,-0.7258939,0.07160592,0.6840693,0.0,0.0,0.0,0.0,0.0,0.0,0.0,1.400315,0.05767547,1.400564,0.8158808,0.03210642,-1.805296,0.01870996,-0.5685157,-0.02366374,0.8221193,0.2210034,290.6637,356.5497,0.538009,0.01124742,-0.8428636,0.0,0.0,0.0,-0.82977,0.1755107,-0.5124646,0.6187057,0.1886799,1.995432,0.3524599,-0.06018265,0.9338898,0.01763502,0.9981799,0.05767005,-0.9356609,-0.003857225,0.3528797,moving,-46.6991,5.975755,17.22663,5.401594,-10.994837533594298,4.553707061436104,63.92830841565277,28.23420163578748,63.69999276803433
3932,05/05/2023 11:22:48.506739,4114,True,True,True,True,Eyes,0.9998055,0.02544818,-1.732698,-0.7282455,0.07140446,0.6815864,0.0,0.0,0.0,0.0,0.0,0.0,0.0,1.408388,0.06881121,1.391178,0.8076887,0.03240962,-1.808385,0.02235453,-0.5692825,-0.01937621,0.8216097,0.8406922,290.5407,356.7153,0.534605,0.01137669,-0.8450251,0.0,0.0,0.0,-0.8436922,0.1540995,-0.5221471,0.6153594,0.1865527,1.995697,0.351084,-0.05729145,0.9345896,0.006387283,0.9982497,0.05879447,-0.9363223,-0.01467231,0.3508354,moving,-46.89554,5.980615,17.13679,5.340346,-11.0070730583827,4.558985213160198,64.03553099351376,28.154707466571363,63.80884988009766
3933,05/05/2023 11:22:48.526900,4115,True,True,True,True,Eyes,0.9912077,0.02576413,-1.735544,-0.7304829,0.0711789,0.6792115,0.0,0.0,0.0,0.0,0.0,0.0,0.0,1.414174,0.07262562,1.383014,0.7987247,0.03402692,-1.810737,0.02426093,-0.5694196,-0.01646645,0.821524,1.20956,290.5132,356.8646,0.5311582,0.01151192,-0.8471941,0.0,0.0,0.0,-0.8554602,0.1426724,-0.5283275,0.6122491,0.1845762,1.995943,0.3509805,-0.05468445,0.9347845,-0.0005741272,0.9982805,0.05861449,-0.9363825,-0.02110923,0.3503456,moving,-47.08296,5.982553,17.05323,5.283441,-11.018605328310969,4.563883720255976,64.14000019726103,28.081055916376084,63.91494784926061
3934,05/05/2023 11:22:48.546905,4116,True,True,True,True,Eyes,0.9826285,0.02605958,-1.738387,-0.7327434,0.07063402,0.6768294,0.0,0.0,0.0,0.0,0.0,0.0,0.0,1.418432,0.07051086,1.377304,0.7902756,0.03341522,-1.813349,0.02397271,-0.5690647,-0.01420026,0.8218206,1.33172,290.5654,357.0974,0.5276715,0.01165061,-0.8493683,0.0,0.0,0.0,-0.8645978,0.1384244,-0.5329651,0.6090089,0.1825164,1.996199,0.3519275,-0.05062419,0.9346572,-0.003943913,0.9984473,0.05556427,-0.9360189,-0.0232408,0.3511814,moving,-47.27158,5.95783,16.96612,5.22414,-11.028813621773809,4.567456755208078,64.24188977844675,28.002634543405236,64.01995056853129
3935,05/05/2023 11:22:48.556792,4117,True,True,True,True,Eyes,0.9740477,0.0264091,-1.741228,-0.7349374,0.06992479,0.6745202,0.0,0.0,0.0,0.0,0.0,0.0,0.0,1.423327,0.07784034,1.371042,0.7820905,0.03329764,-1.816288,0.02690009,-0.5688564,-0.008749409,0.8219502,1.963725,290.583,357.42,0.524148,0.01179139,-0.8515452,0.0,0.0,0.0,-0.8751301,0.1177937,-0.5388577,0.6057558,0.1804486,1.996458,0.3526517,-0.04498773,0.9346726,-0.01622142,0.9983997,0.05417538,-0.935614,-0.03426675,0.3513575,moving,-47.45452,5.918481,16.8786,5.164609,-11.037909020610815,4.57014031988572,64.33753688109908,27.922837766055974,64.11945394424632
3936,05/05/2023 11:22:48.576813,4118,True,True,True,True,Eyes,0.9654623,0.0267767,-1.744076,-0.7372784,0.06935906,0.6720192,0.0,0.0,0.0,0.0,0.0,0.0,0.0,1.429488,0.0792224,1.363405,0.7734739,0.03496958,-1.819093,0.02834677,-0.5689712,-0.005541273,0.8218502,2.308954,290.5621,357.6273,0.5205896,0.01193676,-0.8537232,0.0,0.0,0.0,-0.8862078,0.1077855,-0.5454983,0.6026685,0.1784862,1.996703,0.3524822,-0.04136517,0.9349038,-0.02314879,0.9983315,0.05289924,-0.9355322,-0.04028794,0.3509366,moving,-47.65126,5.892631,16.79549,5.10812,-11.048553491094507,4.573863983487072,64.45152475365981,27.849168523048274,64.23646732839141
3937,05/05/2023 11:22:48.596710,4119,True,True,True,True,Eyes,0.9568896,0.02712835,-1.746925,-0.7396001,0.06873168,0.6695279,0.0,0.0,0.0,0.0,0.0,0.0,0.0,1.437263,0.0758656,1.354452,0.7648194,0.03578292,-1.82203,0.02790597,-0.5695421,-0.004570981,0.8214757,2.329223,290.4858,357.746,0.516998,0.01208717,-0.8559009,0.0,0.0,0.0,-0.898055,0.1072315,-0.5539327,0.5994601,0.176447,1.996958,0.351202,-0.03929714,0.9354748,-0.02427734,0.9984007,0.05105488,-0.935985,-0.04064142,0.3496863,moving,-47.84682,5.861277,16.70905,5.049423,-11.05883755761689,4.577277446512653,64.56097473221897,27.771901282341705,64.34928079668414
3938,05/05/2023 11:22:48.607069,4120,True,True,True,True,Eyes,0.9482977,0.02748204,-1.749771,-0.7420516,0.06836562,0.6668474,0.0,0.0,0.0,0.0,0.0,0.0,0.0,1.446453,0.07669191,1.343801,0.7565748,0.03576141,-1.82489,0.02849519,-0.5706321,-0.002897124,0.8207062,2.491202,290.3322,357.8617,0.5133751,0.01224132,-0.8580766,0.0,0.0,0.0,-0.9113294,0.1008532,-0.5644685,0.5962633,0.174415,1.997212,0.3487411,-0.03727592,0.9364777,-0.02776517,0.9983593,0.05007875,-0.9368079,-0.04346598,0.347134,moving,-48.05543,5.853549,16.62288,4.990936,-11.071155656787822,4.5822269457529,64.68406206820865,27.697051360216282,64.47441535330417
3939,05/05/2023 11:22:48.627133,4121,True,True,True,True,Eyes,0.939705,0.02780518,-1.752604,-0.7444535,0.06815208,0.664187,0.0,0.0,0.0,0.0,0.0,0.0,0.0,1.455648,0.07457505,1.332308,0.7476951,0.03615626,-1.827338,0.0282656,-0.5717836,-0.002091825,0.8199146,2.519456,290.1734,357.949,0.5097218,0.01239895,-0.8602495,0.0,0.0,0.0,-0.9251319,0.09924798,-0.5747516,0.5930598,0.1723787,1.997466,0.3461182,-0.03575385,0.9375093,-0.02889339,0.9983934,0.04874291,-0.9377459,-0.04395863,0.3445291,moving,-48.26128,5.858604,16.53648,4.932332,-11.083975314585436,4.58775601184084,64.80438010532609,27.622604591106658,64.59604998134627
3940,05/05/2023 11:22:48.646893,4122,True,True,True,True,Eyes,0.9311312,0.02807102,-1.755412,-0.7470018,0.06828374,0.6613061,0.0,0.0,0.0,0.0,0.0,0.0,0.0,1.464425,0.06971179,1.321543,0.7391046,0.03571419,-1.829842,0.0267324,-0.5728503,-0.002926782,0.8192188,2.318026,290.0315,357.9684,0.5060397,0.01255819,-0.8624184,0.0,0.0,0.0,-0.9379867,0.104004,-0.5847198,0.5896702,0.1702243,1.997734,0.343668,-0.03542267,0.9384229,-0.02583197,0.9985536,0.04715258,-0.938736,-0.04044615,0.3422559,moving,-48.48217,5.895235,16.44499,4.870334,-11.099366992863684,4.595276483564404,64.93524873075795,27.545730318647685,64.72659873713668
3941,05/05/2023 11:22:48.656588,4123,True,True,True,True,Eyes,0.9225553,0.02828998,-1.758207,-0.7495047,0.06837696,0.6584584,0.0,0.0,0.0,0.0,0.0,0.0,0.0,1.473365,0.06986521,1.310654,0.7308531,0.0346069,-1.832527,0.02652447,-0.5739771,-0.002872107,0.8184367,2.299333,289.8749,357.984,0.5023314,0.012716,-0.8645813,0.0,0.0,0.0,-0.9509032,0.101797,-0.5950301,0.5864923,0.1682043,1.997987,0.341084,-0.03515016,0.9393755,-0.02574761,0.9985764,0.04671425,-0.9396802,-0.04012015,0.3396935,moving,-48.69989,5.928575,16.35916,4.812207,-11.114392869277491,4.602548361739003,65.06862734385845,27.474352840523522,64.85968007404462
3942,05/05/2023 11:22:48.676582,4124,True,True,True,True,Eyes,0.9139785,0.02847024,-1.760975,-0.7520925,0.0688011,0.6554565,0.0,0.0,0.0,0.0,0.0,0.0,0.0,1.481736,0.07162342,1.299747,0.7222518,0.03370737,-1.835001,0.02686088,-0.5749649,-0.002541724,0.8177332,2.350201,289.7351,357.99,0.498598,0.01287015,-0.8667374,0.0,0.0,0.0,-0.9637878,0.0973472,-0.6044737,0.5834503,0.1662708,1.998228,0.3388177,-0.03504503,0.9401993,-0.02673122,0.998544,0.04685287,-0.9404723,-0.04100726,0.3373876,moving,-48.92751,5.992205,16.27695,4.756573,-11.13160988600318,4.611614590591908,65.21616663321315,27.40894321138779,65.00511491577295
3943,05/05/2023 11:22:48.696536,4125,True,True,True,True,Eyes,0.9054008,0.02859347,-1.763728,-0.7545961,0.06913032,0.652538,0.0,0.0,0.0,0.0,0.0,0.0,0.0,1.489618,0.07313616,1.28975,0.7136641,0.03269981,-1.837765,0.02704426,-0.5757284,-0.002457305,0.8171901,2.371067,289.6272,357.9836,0.4948411,0.01301909,-0.8688855,0.0,0.0,0.0,-0.9759796,0.09359401,-0.6134475,0.580215,0.1642142,1.998485,0.3370617,-0.03515645,0.9408259,-0.02712412,0.9985251,0.04703007,-0.9410918,-0.04137111,0.335611,moving,-49.14835,6.047397,16.18946,4.697404,-11.147971200186324,4.620077951802866,65.35175511565203,27.33754056133526,65.13905373821284
3944,05/05/2023 11:22:48.716827,4126,True,True,True,True,Eyes,0.8968277,0.02864081,-1.766465,-0.7571564,0.06953213,0.6495225,0.0,0.0,0.0,0.0,0.0,0.0,0.0,1.495798,0.07654965,1.280979,0.7050636,0.03147347,-1.840129,0.02782934,-0.5760787,-0.001754968,0.8169186,2.490091,289.5746,357.9963,0.4910617,0.01316044,-0.871025,0.0,0.0,0.0,-0.9871507,0.0863132,-0.6205204,0.5768584,0.162081,1.998751,0.3362605,-0.03493111,0.9411209,-0.02919645,0.9984449,0.0474906,-0.9413164,-0.04344661,0.3347178,moving,-49.37554,6.110309,16.09864,4.636036,-11.165124364652817,4.629096644556785,65.49077589669349,27.263765247778355,65.27594236756215
3945,05/05/2023 11:22:48.736889,4127,True,True,True,True,Eyes,0.8882592,0.02866457,-1.769186,-0.7596146,0.06975626,0.6466217,0.0,0.0,0.0,0.0,0.0,0.0,0.0,1.500809,0.08197929,1.273283,0.6964538,0.02997327,-1.842404,0.0293682,-0.5760758,6.41534e-05,0.8168687,2.754343,289.5686,358.0647,0.4872613,0.01329112,-0.8731547,0.0,0.0,0.0,-0.9973765,0.0744335,-0.6259125,0.5738235,0.1601518,1.998992,0.3362735,-0.03373181,0.9411601,-0.03394143,0.998275,0.04790601,-0.9411526,-0.04805384,0.3345485,moving,-49.59392,6.157143,16.01647,4.580543,-11.180897644638808,4.637071845058341,65.62932990296412,27.19742639125933,65.41307480224935
3946,05/05/2023 11:22:48.747261,4128,True,True,True,True,Eyes,0.879701,0.0286558,-1.771889,-0.7621663,0.07002155,0.6435834,0.0,0.0,0.0,0.0,0.0,0.0,0.0,1.505489,0.08559865,1.266274,0.6879911,0.02945732,-1.844743,0.03076939,-0.5759394,0.002120737,0.8169104,3.021719,289.5823,358.1649,0.4834407,0.01341099,-0.875274,0.0,0.0,0.0,-1.007116,0.0636033,-0.6310782,0.5705662,0.1580816,1.99925,0.3365785,-0.03197771,0.9411123,-0.03890751,0.9980975,0.04782884,-0.9408513,-0.0527145,0.334694,moving,-49.82181,6.209329,15.92822,4.520996,-11.197531408141089,4.6455628497706645,65.77170298327229,27.126037424517612,65.5537254146708
3947,05/05/2023 11:22:48.756589,4129,True,True,True,True,Eyes,0.8711395,0.02860109,-1.774576,-0.7646437,0.07026616,0.6406112,0.0,0.0,0.0,0.0,0.0,0.0,0.0,1.51131,0.08577047,1.258273,0.6796438,0.02865486,-1.84714,0.03096389,-0.5761701,0.003246886,0.8167367,3.113851,289.5502,358.2567,0.4796012,0.01351947,-0.877382,0.0,0.0,0.0,-1.017799,0.05814966,-0.6382481,0.5667063,0.1556278,1.999557,0.336035,-0.03037724,0.9413596,-0.04098464,0.9980614,0.04683717,-0.9409574,-0.05432021,0.3341385,moving,-50.04405,6.25953,15.82358,4.450425,-11.213716555722044,4.653808181086234,65.89246954484194,27.03806150152795,65.67298503572799
3948,05/05/2023 11:22:48.776591,4130,True,True,True,True,Eyes,0.6569572,0.0266065,-1.840847,-0.8265251,0.07571671,0.5577843,0.0,0.0,0.0,0.0,0.0,0.0,0.0,1.518028,0.08447709,1.248986,0.6710145,0.02748828,-1.849458,0.03069013,-0.5766876,0.004351493,0.8163766,3.160222,289.4805,358.3763,0.4757437,0.01361536,-0.8794782,0.0,0.0,0.0,-1.029055,0.05499239,-0.6452864,0.5641524,0.1540045,1.999759,0.3348248,-0.02829232,0.9418557,-0.04250215,0.9980783,0.0450905,-0.9413214,-0.05512831,0.3329789,moving,-55.98637,7.730394,15.7543,4.403744,-11.65321782558279,4.880814724365382,71.81775777808299,27.411669592268268,71.50867751968936
3949,05/05/2023 11:22:48.796682,4131,True,True,True,True,Eyes,0.6565962,0.0265842,-1.840927,-0.8265788,0.07572491,0.5577034,0.0,0.0,0.0,0.0,0.0,0.0,0.0,1.525441,0.0846483,1.238323,0.662212,0.02679111,-1.851577,0.03111766,-0.5774708,0.006068683,0.8157957,3.31241,289.3703,358.5055,0.4582522,0.01360016,-0.8887178,-0.642547,-0.00598379,-0.1988132,-1.0416,0.04831595,-0.6539043,0.5609962,0.1519984,2.00001,0.3329814,-0.02603746,0.9425739,-0.04584068,0.9979897,0.04376232,-0.9418185,-0.05778027,0.3311185,moving,-55.99195,7.732328,15.66863,4.346058,-11.653659499573166,4.881056010732713,71.7405432823679,27.32752689816578,71.43188316806044
3950,05/05/2023 11:22:48.806766,4132,True,True,True,True,Eyes,0.6558926,0.02652736,-1.841077,-0.8268642,0.07578605,0.557272,0.0,0.0,0.0,0.0,0.0,0.0,0.0,1.533082,0.08154174,1.227238,0.6532117,0.02621671,-1.853572,0.03057596,-0.5783596,0.007224425,0.8151768,3.336858,289.2499,358.646,0.4435481,0.01358999,-0.8961471,-0.6039941,-0.005624763,-0.1868844,-1.054533,0.0462648,-0.6628455,0.5577403,0.1499289,2.000268,0.330896,-0.02358943,0.9433724,-0.04714617,0.9980258,0.04149299,-0.9424888,-0.05820625,0.3291306,moving,-56.02168,7.744414,15.58022,4.286557,-11.65610609085408,4.882432208091972,71.68534619182954,27.242843577551834,71.37634290587238
3951,05/05/2023 11:22:48.826535,4133,True,True,True,True,Eyes,0.654855,0.02645169,-1.841299,-0.8272303,0.07581276,0.5567247,0.0,0.0,0.0,0.0,0.0,0.0,0.0,1.541385,0.0782299,1.215387,0.6442435,0.02527042,-1.855657,0.0300362,-0.5794505,0.008862896,0.8144056,3.393579,289.1016,358.8306,0.4311604,0.01358245,-0.9021726,-0.5677545,-0.005287277,-0.1756713,-1.06803,0.04316263,-0.6727446,0.5545483,0.1479,2.000521,0.328317,-0.020373,0.9443479,-0.04924497,0.9980386,0.03865207,-0.943283,-0.05919451,0.3266698,moving,-56.05951,7.754632,15.49347,4.228227,-11.658948807406828,4.8839208283401305,71.63982467248525,27.160334708713428,71.33061895487084
3952,05/05/2023 11:22:48.847302,4134,True,True,True,True,Eyes,0.6535147,0.02636084,-1.841551,-0.8277103,0.07590073,0.555999,0.0,0.0,0.0,0.0,0.0,0.0,0.0,1.550793,0.07612088,1.201699,0.6352339,0.0247342,-1.857606,0.02990133,-0.5809751,0.01032286,0.8133065,3.476121,288.8895,358.9695,0.4206886,0.01357599,-0.9071031,-0.5336893,-0.004970041,-0.1651311,-1.082781,0.03910973,-0.6843212,0.5513667,0.1458779,2.000773,0.3247229,-0.01795256,0.9456388,-0.05153515,0.9979987,0.03664324,-0.9444042,-0.06063254,0.3231478,moving,-56.1095,7.77353,15.40697,4.170099,-11.662988033618598,4.886162411010842,71.60719374638738,27.07942714959939,71.29707459735778
3953,05/05/2023 11:22:48.866802,4135,True,True,True,True,Eyes,0.6518549,0.02626259,-1.841862,-0.8282833,0.0760077,0.5551302,0.0,0.0,0.0,0.0,0.0,0.0,0.0,1.560838,0.07200927,1.187235,0.6263511,0.02421748,-1.859577,0.02905443,-0.5827628,0.01111065,0.8120467,3.447668,288.6427,359.0919,0.4117955,0.01356928,-0.9111748,-0.5016679,-0.004671838,-0.1552232,-1.097994,0.03881187,-0.6969241,0.5482242,0.1438803,2.001022,0.3205281,-0.01581895,0.9471069,-0.05190841,0.9980648,0.03423736,-0.9458156,-0.06013685,0.3190867,moving,-56.16931,7.796385,15.32148,4.112685,-11.667833545497846,4.88885677561269,71.5856319418506,27.000472001104928,71.27424409758878
3954,05/05/2023 11:22:48.876882,4136,True,True,True,True,Eyes,0.649873,0.02614264,-1.842221,-0.8287857,0.07596816,0.5543853,0.0,0.0,0.0,0.0,0.0,0.0,0.0,1.571333,0.06845981,1.171313,0.6170848,0.02392261,-1.861285,0.02843888,-0.5847825,0.01190271,0.8106043,3.441325,288.3614,359.1984,0.4040989,0.01356073,-0.9146144,-0.4715678,-0.004391528,-0.1459098,-1.114202,0.03780499,-0.7102858,0.5450974,0.141893,2.001271,0.3157755,-0.01396435,0.9487314,-0.0525579,0.9980991,0.03218436,-0.9473773,-0.06002635,0.3144413,moving,-56.22093,7.802721,15.23636,4.055567,-11.671313876061816,4.8905010934821975,71.55547119014601,26.920624590840355,71.24404676108317
3955,05/05/2023 11:22:48.887131,4137,True,True,True,True,Eyes,0.6475852,0.02598482,-1.84262,-0.829393,0.07601057,0.5534705,0.0,0.0,0.0,0.0,0.0,0.0,0.0,1.581665,0.06218413,1.154961,0.6074568,0.02321186,-1.862773,0.02659053,-0.5868471,0.0114374,0.8091804,3.236472,288.0774,359.2712,0.397054,0.01354638,-0.9176949,-0.4432738,-0.004128036,-0.1371552,-1.130686,0.04294239,-0.7235774,0.5418785,0.1398467,2.001527,0.3109595,-0.0126993,0.9503385,-0.04971899,0.9983243,0.02960906,-0.949122,-0.05645708,0.309807,moving,-56.28403,7.819767,15.14869,3.996762,-11.676055624950074,4.892984221651027,71.53494847854736,26.839712966309072,71.22261551387362
3956,05/05/2023 11:22:48.907065,4138,True,True,True,True,Eyes,0.6449906,0.0257984,-1.843055,-0.8300014,0.07593203,0.5525687,0.0,0.0,0.0,0.0,0.0,0.0,0.0,1.592567,0.05830971,1.137141,0.5978935,0.02211713,-1.86408,0.02546587,-0.5892145,0.01154612,0.8074929,3.137554,287.7469,359.348,0.3905856,0.01352507,-0.9204668,-0.4166774,-0.003880354,-0.1289259,-1.147933,0.0440938,-0.7380288,0.5387808,0.1378779,2.001772,0.305386,-0.01136291,0.9521609,-0.04865653,0.9984363,0.02752073,-0.9509848,-0.05473328,0.3043556,moving,-56.34653,7.824379,15.06428,3.940192,-11.680109178736933,4.894819484721918,71.51636661287449,26.76142122867034,71.20406167961045
3957,05/05/2023 11:22:48.927098,4139,True,True,True,True,Eyes,0.6420991,0.02558004,-1.843503,-0.8306915,0.07600518,0.5515206,0.0,0.0,0.0,0.0,0.0,0.0,0.0,1.603261,0.05472086,1.118593,0.5881229,0.02120489,-1.865035,0.02433303,-0.5916643,0.01125402,0.8057387,3.011095,287.4033,359.3885,0.384625,0.01349616,-0.9229738,-0.3916767,-0.003647533,-0.1211903,-1.165521,0.04598982,-0.7525872,0.5355965,0.1358538,2.002024,0.2996135,-0.01065837,0.9540012,-0.04692956,0.9985625,0.02589492,-0.9529058,-0.05252932,0.2986827,moving,-56.41864,7.84652,14.97746,3.882038,-11.685667448206242,4.897792538639173,71.50608514482053,26.682468450314996,71.1923875714432
3958,05/05/2023 11:22:48.947654,4140,True,True,True,True,Eyes,0.6389233,0.02533144,-1.843961,-0.8313468,0.07592417,0.5505433,0.0,0.0,0.0,0.0,0.0,0.0,0.0,1.612902,0.05078431,1.100758,0.5781656,0.02018759,-1.865748,0.02277493,-0.5938638,0.01013576,0.8041793,2.789617,287.0953,359.3834,0.3791103,0.01345894,-0.9252532,-0.3681761,-0.003428681,-0.1139189,-1.182481,0.05055396,-0.7659739,0.5322112,0.1337021,2.002293,0.2944461,-0.01074847,0.9556077,-0.04335235,0.9987572,0.02459173,-0.9546843,-0.04866877,0.2936141,moving,-56.48626,7.852002,14.88509,3.820226,-11.690078861971124,4.899803183165767,71.48513704635864,26.5970879409136,71.17131880802543
3959,05/05/2023 11:22:48.957064,4141,True,True,True,True,Eyes,0.6354627,0.02500993,-1.844413,-0.8320543,0.07602245,0.5494601,0.0,0.0,0.0,0.0,0.0,0.0,0.0,1.621757,0.05006284,1.083461,0.5682546,0.01920896,-1.866336,0.02179776,-0.5958844,0.008250823,0.802732,2.56935,286.8091,359.2698,0.373986,0.01341281,-0.9273369,-0.3460856,-0.00322296,-0.1070838,-1.198695,0.05425398,-0.7781805,0.5290531,0.1316949,2.002543,0.2897074,-0.01273149,0.9570305,-0.03922428,0.9989135,0.02516244,-0.9563112,-0.04482858,0.2888933,moving,-56.5606,7.877344,14.79889,3.762572,-11.695940886455729,4.902996178577691,71.47802572589762,26.519363322089262,71.16244466386978
3960,05/05/2023 11:22:48.977017,4142,True,True,True,True,Eyes,0.6317384,0.02464966,-1.844847,-0.8327513,0.07600548,0.5484054,0.0,0.0,0.0,0.0,0.0,0.0,0.0,1.629686,0.04899943,1.06658,0.5580074,0.01711094,-1.866603,0.02028736,-0.5976886,0.006086239,0.8014486,2.280625,286.5552,359.1688,0.3692016,0.01335503,-0.9292529,-0.3253205,-0.003029582,-0.1006588,-1.214546,0.05932641,-0.7892027,0.5258411,0.1296533,2.002798,0.2854627,-0.01449544,0.9582803,-0.03400667,0.9991028,0.02524321,-0.9577864,-0.03979391,0.2847136,moving,-56.63324,7.890563,14.71116,3.703935,-11.701063924943522,4.905528957417774,71.46713416228738,26.439542369335026,71.15071122343096
3961,05/05/2023 11:22:48.996844,4143,True,True,True,True,Eyes,0.5316771,0.0151268,-1.854775,-0.8513482,0.07949332,0.5185431,0.0,0.0,0.0,0.0,0.0,0.0,0.0,1.637623,0.04865514,1.049182,0.548,0.01584717,-1.866656,0.02003082,-0.5996025,0.006243713,0.800023,2.265935,286.2823,359.1954,0.3647126,0.01328487,-0.9310249,-0.3058012,-0.002847807,-0.09461924,-1.230724,0.05687734,-0.8007353,0.5227253,0.1276727,2.003045,0.2808759,-0.01403083,0.9596415,-0.03401128,0.9991196,0.02456274,-0.9591413,-0.03953771,0.2801514,moving,-58.65505,8.715662,14.62601,3.647059,-11.867612868300473,4.9992801050918825,73.45613991420464,26.528108764191796,73.07520222585734
3962,05/05/2023 11:22:49.006902,4144,True,True,True,True,Eyes,0.5312751,0.01503667,-1.854728,-0.8514183,0.0794061,0.5184414,0.0,0.0,0.0,0.0,0.0,0.0,0.0,1.645145,0.04259767,1.031092,0.5373741,0.01492462,-1.866139,0.0180816,-0.6015478,0.005821261,0.798611,2.056435,286.0099,359.2858,0.3538507,0.01263196,-0.9352161,-0.5876371,-0.03124552,-0.1187264,-1.247402,0.06208522,-0.8120014,0.5194767,0.1256081,2.003303,0.2762129,-0.01245604,0.9610157,-0.03105173,0.9992783,0.02187679,-0.9605948,-0.03588386,0.2756267,moving,-58.66214,8.70793,14.53719,3.587778,-11.867640092151904,4.999068368537862,73.37818387608135,26.442518652725546,72.9975995039347
3963,05/05/2023 11:22:49.026864,4145,True,True,True,True,Eyes,0.5304815,0.01489624,-1.854645,-0.8516514,0.07927421,0.5180787,0.0,0.0,0.0,0.0,0.0,0.0,0.0,1.652449,0.03516634,1.012694,0.5273053,0.01265114,-1.865251,0.01539315,-0.6036605,0.005498486,0.797074,1.786623,285.7146,359.4371,0.3448776,0.01208502,-0.9385694,-0.5523788,-0.02937079,-0.1116028,-1.263833,0.06861653,-0.8237467,0.5162649,0.1235664,2.003557,0.2711275,-0.009819078,0.9624934,-0.02734988,0.9994656,0.01790053,-0.9621549,-0.0311774,0.2707141,moving,-58.6869,8.699678,14.44932,3.529161,-11.868717755381669,4.999282718287194,73.31876241410305,26.359066166316943,72.93863505005602
3964,05/05/2023 11:22:49.046640,4146,True,True,True,True,Eyes,0.5292889,0.01492204,-1.854535,-0.8521054,0.07870899,0.5174178,0.0,0.0,0.0,0.0,0.0,0.0,0.0,1.661414,0.02745337,0.9909561,0.5171991,0.01126365,-1.864248,0.01451242,-0.6064866,0.009316001,0.7949068,1.969764,285.3125,359.8399,0.3374331,0.01162233,-0.9412773,-0.5192361,-0.02760854,-0.1049066,-1.282758,0.062371,-0.8391883,0.5129946,0.1214875,2.003817,0.2641746,-0.002792469,0.9644709,-0.03241388,0.9994053,0.01177198,-0.9639301,-0.0343721,0.2639269,moving,-58.73293,8.649457,14.3598,3.469485,-11.86889329495405,4.997906904241447,73.276048534113,26.273188338649206,72.90016654491853
3965,05/05/2023 11:22:49.057108,4147,True,True,True,True,Eyes,0.527674,0.01525471,-1.854384,-0.8527554,0.07841967,0.5163898,0.0,0.0,0.0,0.0,0.0,0.0,0.0,1.673764,0.02499303,0.9628135,0.5065731,0.01536379,-1.863403,0.01658716,-0.6106621,0.01279301,0.7916142,2.400575,284.7058,-0.0002325372,0.3311956,0.01123582,-0.9434947,-0.4880819,-0.02595203,-0.09861225,-1.305591,0.05072792,-0.8607987,0.5097312,0.1194131,2.004076,0.2538564,-4.053814e-06,0.9672419,-0.04051256,0.9991224,0.01063687,-0.9663932,-0.04188567,0.2536334,moving,-58.80281,8.635039,14.27043,3.409943,-11.872399690265086,4.998963145627477,73.25981185006425,26.1910772828728,72.88499801109509
3966,05/05/2023 11:22:49.076575,4148,True,True,True,True,Eyes,0.5256264,0.01549231,-1.854187,-0.853489,0.0788588,0.5151095,0.0,0.0,0.0,0.0,0.0,0.0,0.0,1.686756,0.02298431,0.9309337,0.4950888,0.02349566,-1.861893,0.01580275,-0.6155466,0.006303771,0.7879168,1.871787,283.9948,359.4542,0.3254952,0.01090508,-0.9454803,-0.458797,-0.02439491,-0.09269551,-1.329526,0.07049403,-0.8840238,0.5064947,0.1173562,2.004332,0.2421251,-0.009520966,0.9701982,-0.02938835,0.9994211,0.01714197,-0.9697998,-0.03266302,0.2417052,moving,-58.8876,8.70391,14.18175,3.350915,-11.881180186532433,5.004638025422738,73.26516542595482,26.115342803663843,72.88383995051274
3967,05/05/2023 11:22:49.096611,4149,True,True,True,True,Eyes,0.5232888,0.01574909,-1.854018,-0.8545859,0.07853284,0.5133375,0.0,0.0,0.0,0.0,0.0,0.0,0.0,1.697882,0.01276412,0.90196,0.4826874,0.02133652,-1.860929,0.007841948,-0.6194965,-0.004197544,0.7849491,0.4073955,283.4344,359.0657,0.3202605,0.01061977,-0.9472695,-0.4312692,-0.02293121,-0.08713378,-1.350326,0.1142996,-0.9035633,0.5034871,0.1154443,2.00457,0.232413,-0.01630583,0.9724806,-0.003126401,0.9998417,0.01751179,-0.9726122,-0.007110332,0.2323252,moving,-59.00736,8.697947,14.09929,3.296054,-11.888171835905098,5.007401812697578,73.30595284290321,26.04374942301221,72.92506035125966
3968,05/05/2023 11:22:49.106815,4150,True,True,True,True,Eyes,0.5205448,0.01613617,-1.853814,-0.8559669,0.07802879,0.5111088,0.0,0.0,0.0,0.0,0.0,0.0,0.0,1.714341,0.02029125,0.8666101,0.4734516,0.02175359,-1.861655,0.01424744,-0.6255285,0.004894435,0.780056,1.624599,282.5393,359.416,0.3154324,0.01037642,-0.9488909,-0.405393,-0.02155534,-0.08190575,-1.376884,0.07321449,-0.9363815,0.5003472,0.1134484,2.00482,0.2173803,-0.01018849,0.9760339,-0.02546022,0.9995461,0.01610438,-0.975755,-0.02835081,0.2170222,moving,-59.15803,8.680079,14.01317,3.23879,-11.896424801099094,5.010351631841639,73.37323855072448,25.970089206095437,72.99388149051191
3969,05/05/2023 11:22:49.126826,4151,True,True,True,True,Eyes,0.5175135,0.01648979,-1.853604,-0.8575937,0.07766502,0.5084301,0.0,0.0,0.0,0.0,0.0,0.0,0.0,1.729236,0.005317692,0.8278198,0.4610729,0.02526757,-1.860738,0.01211592,-0.6315786,0.006990497,0.7751856,1.582382,281.654,359.744,0.3109524,0.01017774,-0.9503705,-0.3810695,-0.02026202,-0.07699141,-1.404333,0.07908759,-0.9678173,0.4972076,0.1114529,2.005069,0.2021191,-0.004466446,0.9793507,-0.02614218,0.9996087,0.009954076,-0.9790118,-0.02761427,0.2019233,moving,-59.33814,8.685055,13.92701,3.181544,-11.907670441312096,5.015217464492055,73.4715648251051,25.899673200237412,73.09171431019773
3970,05/05/2023 11:22:49.146923,4152,True,True,True,True,Eyes,0.5142012,0.01691492,-1.853401,-0.8595859,0.07612903,0.5052884,0.0,0.0,0.0,0.0,0.0,0.0,0.0,1.743302,0.002291421,0.7911491,0.4513282,0.02479152,-1.860299,0.01086542,-0.6376055,0.006151945,0.7702618,1.408671,280.7625,359.7491,0.3067729,0.01001761,-0.9517295,-0.3582053,-0.0190463,-0.07237192,-1.428391,0.08267802,-0.9997223,0.4939483,0.1093813,2.005328,0.1868425,-0.004378492,0.9823802,-0.02333293,0.9996881,0.008893413,-0.9821128,-0.02458347,0.1866821,moving,-59.55181,8.568,13.83752,3.122123,-11.914567889906586,5.014735253738807,73.5911090699687,25.821541623854984,73.22196813537742
3971,05/05/2023 11:22:49.156727,4153,True,True,True,True,Eyes,0.5105505,0.01751716,-1.85319,-0.8616478,0.0746671,0.501984,0.0,0.0,0.0,0.0,0.0,0.0,0.0,1.75564,0.0336481,0.7561269,0.4414512,0.02731318,-1.859975,0.02348075,-0.6428837,0.01123192,0.7655216,2.888453,279.9342,359.2545,0.3028508,0.009895975,-0.9529861,-0.336713,-0.01790352,-0.0680296,-1.451696,0.0269838,-1.028955,0.4906051,0.1072562,2.005594,0.1731488,-0.01299422,0.9848101,-0.04738734,0.998645,0.0215084,-0.9837551,-0.05039168,0.1722984,moving,-59.77552,8.460371,13.74567,3.061178,-11.92257164374831,5.0149896589945975,73.71917433115587,25.742494228040105,73.35974955002241
3972,05/05/2023 11:22:49.178193,4154,True,True,True,True,Eyes,0.5066438,0.01811628,-1.853006,-0.8636665,0.07349221,0.4986773,0.0,0.0,0.0,0.0,0.0,0.0,0.0,1.763683,0.04860175,0.7283844,0.429778,0.03226934,-1.859498,0.02630118,-0.6463314,0.004792692,0.7625886,2.654275,279.3987,358.469,0.2991447,0.009818288,-0.9541568,-0.3165102,-0.01682931,-0.06394783,-1.47116,0.0315726,-1.047917,0.4876157,0.1053564,2.005831,0.1644655,-0.02668885,0.9860219,-0.04130826,0.9985706,0.03391862,-0.9855177,-0.04630928,0.1631279,moving,-59.99805,8.383575,13.66351,3.0067,-11.932119226655235,5.016782271938165,73.8575399427792,25.674436045381167,73.50502451340512
3973,05/05/2023 11:22:49.196841,4155,True,True,True,True,Eyes,0.502484,0.01864967,-1.852907,-0.8655875,0.07184206,0.4955775,0.0,0.0,0.0,0.0,0.0,0.0,0.0,1.768581,0.06504923,0.7103299,0.4197793,0.03284975,-1.859942,0.0270756,-0.6480568,-0.003647262,0.7611019,2.091034,279.1306,357.669,0.2956202,0.009780064,-0.955255,-0.2975196,-0.01581955,-0.06011096,-1.485119,0.04309433,-1.059368,0.4843528,0.1032821,2.006089,0.1600181,-0.04064493,0.9862769,-0.02954118,0.9985073,0.04594184,-0.9866718,-0.03648731,0.1585786,moving,-60.20744,8.248499,13.57379,2.947229,-11.937811252074116,5.015273747122579,73.97143613534753,25.595284868915424,73.6307397917096
3974,05/05/2023 11:22:49.206695,4156,True,True,True,True,Eyes,0.4980764,0.01915852,-1.852889,-0.8673949,0.07014591,0.4926516,0.0,0.0,0.0,0.0,0.0,0.0,0.0,1.772114,0.08907729,0.6956172,0.4096983,0.03199261,-1.861002,0.0336551,-0.6488302,-0.004397437,0.7601759,2.605633,278.971,357.1104,0.2922461,0.009773981,-0.9562927,-0.2796684,-0.01487038,-0.0565043,-1.497758,0.01761299,-1.068138,0.4812315,0.1012984,2.006337,0.1580001,-0.05035854,0.9861543,-0.03698724,0.997696,0.05687398,-0.9867462,-0.04546122,0.1557734,moving,-60.40486,8.103556,13.48792,2.890365,-11.942256151405749,5.012956744987802,74.07644900054862,25.518606051416995,73.74819838811628
3975,05/05/2023 11:22:49.226641,4157,True,True,True,True,Eyes,0.4934665,0.01959201,-1.852962,-0.8691928,0.06844708,0.4897131,0.0,0.0,0.0,0.0,0.0,0.0,0.0,1.776597,0.09938875,0.6812016,0.3993911,0.03199678,-1.862706,0.0361341,-0.6496675,-0.005695723,0.7593379,2.721159,278.8255,356.8091,0.2889943,0.009795578,-0.9572802,-0.2628883,-0.01397816,-0.05311404,-1.510542,0.00912174,-1.077618,0.4779772,0.09922994,2.006595,0.1557994,-0.05560025,0.9862226,-0.03830034,0.9973238,0.06227663,-0.9870458,-0.04747533,0.153253,moving,-60.6026,7.956672,13.39835,2.831079,-11.946618849768695,5.010549202483935,74.17824684167286,25.43850499457979,73.862320984808
3976,05/05/2023 11:22:49.247074,4158,True,True,True,True,Eyes,0.4886626,0.0199428,-1.853129,-0.8709682,0.06680098,0.4867773,0.0,0.0,0.0,0.0,0.0,0.0,0.0,1.782513,0.1022395,0.6657418,0.3899619,0.03063964,-1.864942,0.03692852,-0.6509966,-0.005234801,0.7581639,2.818947,278.6189,356.7848,0.2858416,0.009838172,-0.9582259,-0.247115,-0.01313947,-0.0499272,-1.523377,0.002312435,-1.089901,0.4748471,0.09724015,2.006843,0.152352,-0.05601836,0.9867376,-0.04014301,0.9972178,0.06281141,-0.9875109,-0.04918007,0.1496795,moving,-60.79952,7.813955,13.31215,2.774056,-11.951149907270436,5.0083326283435525,74.28283928417856,25.361906755144666,73.97868292191312
3977,05/05/2023 11:22:49.257049,4159,True,True,True,True,Eyes,0.4836524,0.02030166,-1.853363,-0.8727936,0.06526609,0.4837062,0.0,0.0,0.0,0.0,0.0,0.0,0.0,1.790255,0.0998874,0.645674,0.3805679,0.02904656,-1.867139,0.0385186,-0.6532575,-0.0004994363,0.7561551,3.302039,278.2667,357.0672,0.2827669,0.009895359,-0.9591371,-0.2322881,-0.0123511,-0.04693156,-1.538,-0.01574012,-1.107511,0.4716297,0.09519489,2.007099,0.1465086,-0.05108042,0.9878896,-0.04956982,0.9970322,0.05890459,-0.9879666,-0.05759955,0.1435418,moving,-61.00458,7.684463,13.22351,2.715452,-11.95687047520327,5.006997259608587,74.39422299726115,25.28443672603431,74.10051482884899
3978,05/05/2023 11:22:49.276874,4160,True,True,True,True,Eyes,0.478427,0.02072998,-1.8537,-0.8745927,0.06446879,0.4805532,0.0,0.0,0.0,0.0,0.0,0.0,0.0,1.798241,0.08464326,0.6248562,0.3706726,0.02953743,-1.86896,0.0362936,-0.6557695,0.003087754,0.7540821,3.370156,277.9053,357.5345,0.2797513,0.009966112,-0.9600203,-0.2183508,-0.01161003,-0.04411567,-1.553506,-0.01570974,-1.125314,0.4683625,0.09311844,2.007358,0.1399136,-0.04294364,0.9892321,-0.05225731,0.9973465,0.050687,-0.9887838,-0.05878641,0.1372982,moving,-61.21299,7.640914,13.13345,2.655965,-11.96729918426058,5.010119476620982,74.51337368020724,25.210903452890236,74.22301063827494
3979,05/05/2023 11:22:49.296995,4161,True,True,True,True,Eyes,0.34267,0.03317139,-1.864196,-0.9159255,0.05746076,0.3972138,0.0,0.0,0.0,0.0,0.0,0.0,0.0,1.805958,0.06725195,0.6045482,0.3604422,0.03148959,-1.870982,0.03172226,-0.6581997,0.002946435,0.7521691,2.957758,277.5684,357.858,0.2767769,0.0100527,-0.9608812,-0.2052498,-0.01091343,-0.04146873,-1.56912,0.001446685,-1.142229,0.4651839,0.09109788,2.00761,0.1335289,-0.03732673,0.9903418,-0.0461916,0.99797,0.04384232,-0.9899679,-0.0515997,0.1315337,moving,-66.55484,8.231279,13.0458,2.598087,-12.324035535961896,5.176958016791518,79.79971641878474,25.500571186602905,79.4804079083659
3980,05/05/2023 11:22:49.306928,4162,True,True,True,True,Eyes,0.3422247,0.03320459,-1.864388,-0.9168549,0.05820175,0.3949552,0.0,0.0,0.0,0.0,0.0,0.0,0.0,1.813626,0.05569998,0.583765,0.3501569,0.03353645,-1.873336,0.02671156,-0.6606603,-0.0008971577,0.750209,2.228972,277.2226,357.8986,0.2649719,0.01091592,-0.9641939,-0.6002057,0.02706563,-0.07046938,-1.584593,0.02745715,-1.159483,0.4619895,0.08906752,2.007863,0.1270543,-0.03664064,0.9912187,-0.03394842,0.9985713,0.04126394,-0.9913146,-0.03889308,0.1256289,moving,-66.69498,8.382938,12.95767,2.539939,-12.340530306137069,5.1882617393783175,79.86667195605749,25.436441418982763,79.53370769073362
3981,05/05/2023 11:22:49.326827,4163,True,True,True,True,Eyes,0.3413962,0.0331767,-1.864703,-0.9178143,0.05921482,0.3925693,0.0,0.0,0.0,0.0,0.0,0.0,0.0,1.820771,0.04797067,0.5641391,0.3395351,0.03372135,-1.87599,0.02076984,-0.6627352,-0.007067093,0.7485325,1.244939,276.9342,357.8154,0.2552184,0.01164788,-0.9668128,-0.5641933,0.02544169,-0.06624122,-1.5992,0.05946423,-1.175186,0.4586341,0.08693474,2.008129,0.1214642,-0.03810971,0.9918641,-0.01694992,0.9990374,0.04046102,-0.9924511,-0.02172658,0.1207013,moving,-66.84254,8.577782,12.86506,2.478868,-12.359740721733488,5.20195224770788,79.94059200268282,25.37135706404529,79.589667620925
3982,05/05/2023 11:22:49.353120,4164,True,True,True,True,Eyes,0.3402184,0.03312187,-1.865142,-0.9188749,0.05987765,0.3899792,0.0,0.0,0.0,0.0,0.0,0.0,0.0,1.828489,0.04416699,0.5438062,0.329547,0.03215668,-1.879206,0.01775439,-0.6649869,-0.009315282,0.746586,0.8091162,276.6017,357.8494,0.2471222,0.01226774,-0.9689063,-0.5303417,0.02391519,-0.06226674,-1.613583,0.07153601,-1.192968,0.4554285,0.08489719,2.008384,0.1154112,-0.03752219,0.992609,-0.009703558,0.999196,0.03889944,-0.9932705,-0.01412127,0.1149543,moving,-67.00317,8.729062,12.77653,2.420532,-12.377465311615904,5.213761450725914,80.02873285796107,25.308607446898325,79.66337610087696
3983,05/05/2023 11:22:49.366984,4165,True,True,True,True,Eyes,0.3387049,0.03310233,-1.865719,-0.9200309,0.06033818,0.3871724,0.0,0.0,0.0,0.0,0.0,0.0,0.0,1.837035,0.04428713,0.5212783,0.3199465,0.03167665,-1.882823,0.01856161,-0.6677034,-0.007847135,0.7441546,0.9824584,276.1811,357.9099,0.2403585,0.01279282,-0.9705996,-0.4985212,0.02248028,-0.05853074,-1.628884,0.06347945,-1.214259,0.4521261,0.08279821,2.008645,0.108221,-0.03646626,0.9934578,-0.01310834,0.9991878,0.03810453,-0.9940403,-0.01714629,0.1076551,moving,-67.17741,8.857904,12.6853,2.360449,-12.39484411397325,5.224777825800368,80.1265834166235,25.243177462434833,79.74848647253259
3984,05/05/2023 11:22:49.376834,4166,True,True,True,True,Eyes,0.3368941,0.0331189,-1.8664,-0.9213375,0.06024033,0.384068,0.0,0.0,0.0,0.0,0.0,0.0,0.0,1.84617,0.04505891,0.4964466,0.3104389,0.03254212,-1.886638,0.02020332,-0.6708644,-0.006106433,0.7412795,1.246823,275.6867,357.9272,0.2342215,0.01326159,-0.9720925,-0.4686099,0.02113146,-0.05501889,-1.644753,0.05328583,-1.23816,0.4489212,0.08076142,2.0089,0.09980726,-0.03616053,0.9943495,-0.01805423,0.9991091,0.0381458,-0.994843,-0.02175944,0.09906548,moving,-67.37074,8.914105,12.59671,2.302155,-12.40958047503188,5.2325879678659,80.2403323915411,25.177410524135034,79.85619941337642
3985,05/05/2023 11:22:49.397047,4167,True,True,True,True,Eyes,0.334787,0.03315104,-1.867208,-0.9227208,0.05993666,0.3807806,0.0,0.0,0.0,0.0,0.0,0.0,0.0,1.855246,0.04869804,0.4713118,0.3014362,0.03367582,-1.890621,0.02323972,-0.6741186,-0.003811046,0.7382476,1.67185,275.1686,357.881,0.2285925,0.01368366,-0.9734257,-0.4404933,0.01986357,-0.05171776,-1.660109,0.03724883,-1.262991,0.4457616,0.07875281,2.009151,0.09109915,-0.03695965,0.9951558,-0.02570567,0.9988908,0.03945153,-0.99551,-0.02917515,0.090048,moving,-67.57545,8.94523,12.50934,2.244677,-12.423696797449589,5.239413979452161,80.3646128582096,25.112243498323153,79.97678503407172
3986,05/05/2023 11:22:49.407207,4168,True,True,True,True,Eyes,0.3324208,0.03313439,-1.868138,-0.9241894,0.05928157,0.3773059,0.0,0.0,0.0,0.0,0.0,0.0,0.0,1.863529,0.05044368,0.4472587,0.2922844,0.03412892,-1.894394,0.02526963,-0.6771001,-0.001926233,0.7354544,1.980583,274.6945,357.8752,0.2234058,0.01406452,-0.9746238,-0.4140637,0.01867176,-0.0486147,-1.674806,0.02500443,-1.286089,0.4427286,0.07682499,2.009391,0.08306338,-0.03705345,0.9958553,-0.03138683,0.9987155,0.03977783,-0.9960499,-0.03456082,0.0817937,moving,-67.79197,8.929203,12.42544,2.189522,-12.436062418594233,5.2441439003331975,80.50003830489686,25.048453394646188,80.1130258977967
3987,05/05/2023 11:22:49.426733,4169,True,True,True,True,Eyes,0.3298231,0.03311385,-1.869223,-0.9257227,0.05818741,0.3737,0.0,0.0,0.0,0.0,0.0,0.0,0.0,1.871381,0.05138807,0.4265476,0.2836968,0.03307329,-1.898703,0.02702922,-0.6795081,0.0005827306,0.7331696,2.316868,274.3091,357.9422,0.2186042,0.0144057,-0.9757069,-0.3892199,0.01755145,-0.04569781,-1.687805,0.01072318,-1.307,0.439495,0.07476959,2.009648,0.07653657,-0.03587867,0.996421,-0.03758763,0.9985382,0.03884207,-0.996358,-0.04042595,0.0750761,moving,-68.01683,8.850243,12.33595,2.130726,-12.445638703773266,5.245886106383249,80.63325097279464,24.97661628746745,80.25284448088091
3988,05/05/2023 11:22:49.446837,4170,True,True,True,True,Eyes,0.3269868,0.0331291,-1.870467,-0.9273056,0.05679292,0.3699713,0.0,0.0,0.0,0.0,0.0,0.0,0.0,1.879599,0.05340277,0.4055167,0.2755998,0.03305569,-1.903454,0.03106183,-0.681981,0.005328249,0.7306905,3.018632,273.8973,358.0155,0.2141369,0.01471091,-0.9766926,-0.3658667,0.01649837,-0.04295594,-1.700092,-0.01529504,-1.32931,0.436276,0.07272332,2.009903,0.06974682,-0.03458056,0.9969653,-0.05015377,0.9980136,0.03812565,-0.9963033,-0.0526607,0.06787394,moving,-68.24926,8.727139,12.24682,2.072201,-12.453363324524478,5.245576645529489,80.77070691253262,24.903199980178385,80.40094553463157
3989,05/05/2023 11:22:49.456707,4171,True,True,True,True,Eyes,0.3239355,0.03314675,-1.871867,-0.9289306,0.05544377,0.3660789,0.0,0.0,0.0,0.0,0.0,0.0,0.0,1.888121,0.05143912,0.382995,0.2670978,0.03398918,-1.908359,0.03238815,-0.6847289,0.007413526,0.7280401,3.285552,273.4567,358.0736,0.2099575,0.01498555,-0.9775953,-0.3439147,0.01550846,-0.04037859,-1.713076,-0.02524182,-1.352789,0.4330362,0.07066431,2.01016,0.06218288,-0.03355952,0.9975005,-0.0551489,0.9977921,0.03700724,-0.99654,-0.05731226,0.06019482,moving,-68.49127,8.61217,12.15709,2.013323,-12.462098540622163,5.245926348626272,80.91787659361192,24.830508831037903,80.55784698747392
3990,05/05/2023 11:22:49.476978,4172,True,True,True,True,Eyes,0.3206867,0.03313384,-1.873424,-0.930594,0.05413885,0.3620274,0.0,0.0,0.0,0.0,0.0,0.0,0.0,1.896787,0.04507761,0.3600217,0.2589526,0.03405077,-1.913435,0.03168483,-0.6876749,0.008941379,0.7252719,3.339815,272.9972,358.243,0.2060257,0.01523273,-0.9784277,-0.3232798,0.01457796,-0.03795587,-1.725941,-0.02768085,-1.377068,0.4299443,0.06869869,2.010405,0.05404656,-0.03060787,0.9980692,-0.05654759,0.9978322,0.03366271,-0.996936,-0.05825777,0.05219863,moving,-68.74255,8.505185,12.07141,1.957125,-12.471817532102463,5.246919595270137,81.07880870267643,24.762729376456484,80.72776339742268
3991,05/05/2023 11:22:49.496712,4173,True,True,True,True,Eyes,0.3172464,0.03309467,-1.875127,-0.9323179,0.05278454,0.3577667,0.0,0.0,0.0,0.0,0.0,0.0,0.0,1.905514,0.03505467,0.3358183,0.2510453,0.03326558,-1.918555,0.03053111,-0.6908813,0.01177768,0.7222273,3.461324,272.4978,358.5548,0.2023053,0.01545351,-0.9792003,-0.303883,0.01370328,-0.03567852,-1.738745,-0.03235149,-1.403063,0.4267393,0.06666171,2.010659,0.04508875,-0.02517443,0.9986658,-0.05919907,0.9978582,0.02782685,-0.9972274,-0.06037476,0.04350185,moving,-69.00625,8.392816,11.98256,1.898897,-12.482011869558097,5.2479570486511085,81.24874355456004,24.692741442987742,80.90697845365544
3992,05/05/2023 11:22:49.507121,4174,True,True,True,True,Eyes,0.3136306,0.03306613,-1.876976,-0.9340668,0.05150348,0.3533647,0.0,0.0,0.0,0.0,0.0,0.0,0.0,1.91411,0.02096344,0.3106251,0.2430812,0.03257707,-1.923693,0.02935938,-0.6942338,0.01622013,0.7189677,3.71181,271.9729,358.9986,0.1987651,0.01564904,-0.979922,-0.2856501,0.01288108,-0.03353781,-1.75151,-0.04052996,-1.43016,0.4235075,0.06460744,2.010916,0.03555284,-0.01744104,0.9992157,-0.06408805,0.9977499,0.01969576,-0.9973108,-0.06473801,0.03435509,moving,-69.27798,8.29256,11.89294,1.840187,-12.493330734434425,5.249816324521,81.42696955540914,24.623480104643342,81.09326931428738
3993,05/05/2023 11:22:49.536996,4175,True,True,True,True,Eyes,0.3098357,0.03302174,-1.878964,-0.9358562,0.0504266,0.3487552,0.0,0.0,0.0,0.0,0.0,0.0,0.0,1.922447,0.004078275,0.284781,0.2353364,0.0327519,-1.92885,0.02748515,-0.6977422,0.0204426,0.7155296,3.891094,271.4244,359.4774,0.1953771,0.01582232,-0.9806003,-0.2685111,0.01210822,-0.03152554,-1.7641,-0.04512285,-1.458138,0.420311,0.06257556,2.01117,0.02547591,-0.009100536,0.9996341,-0.06760967,0.9976533,0.01080555,-0.9973866,-0.06786021,0.02480082,moving,-69.56164,8.227391,11.80425,1.782126,-12.507215934729132,5.253765956567049,81.62076633070976,24.558087463878937,81.29201644105014
3994,05/05/2023 11:22:49.547092,4176,True,True,True,True,Eyes,0.3058921,0.03293481,-1.88111,-0.9376658,0.0494595,0.3440008,0.0,0.0,0.0,0.0,0.0,0.0,0.0,1.930461,-0.008302804,0.25878,0.2274923,0.03237878,-1.934144,0.02493813,-0.7012197,0.02204463,0.712168,3.809338,270.8808,359.7947,0.1921162,0.01597466,-0.9812419,-0.2524004,0.01138172,-0.029634,-1.776759,-0.0423599,-1.485993,0.417075,0.06051874,2.011427,0.01560994,-0.003575267,0.9998719,-0.06637316,0.9977843,0.004604026,-0.9976729,-0.06643652,0.01533806,moving,-69.85346,8.181761,11.71444,1.723365,-12.52262274912506,5.258918489864804,81.82318246867946,24.493577713039816,81.49760250325667
3995,05/05/2023 11:22:49.555035,4177,True,True,True,True,Eyes,0.3017974,0.03280758,-1.883399,-0.9395057,0.04860157,0.3390678,0.0,0.0,0.0,0.0,0.0,0.0,0.0,1.93848,-0.01807343,0.2332093,0.2198853,0.03110589,-1.939871,0.02275358,-0.7045916,0.02339537,0.7088623,3.739868,270.3483,0.06340264,0.1889611,0.01610582,-0.9818522,-0.2372564,0.01069882,-0.02785596,-1.788815,-0.04145164,-1.514091,0.4136259,0.05832653,2.011701,0.006006789,0.001104225,0.9999815,-0.06523216,0.9978698,-0.0007100434,-0.9978521,-0.06522667,0.006066058,moving,-70.15548,8.157145,11.61866,1.660748,-12.539752893898632,5.265401200898816,82.03178132115143,24.425855936913198,81.70738479070592
3996,05/05/2023 11:22:49.576956,4178,True,True,True,True,Eyes,0.2975602,0.03265363,-1.885827,-0.9413336,0.04789925,0.334061,0.0,0.0,0.0,0.0,0.0,0.0,0.0,1.946033,-0.02792209,0.2077496,0.2122365,0.0299714,-1.945518,0.020724,-0.7078888,0.02490395,0.7055805,3.698339,269.8236,0.3331777,0.1858929,0.0162157,-0.982436,-0.223021,0.01005689,-0.02618461,-1.80056,-0.04114001,-1.541451,0.4105967,0.05640131,2.011941,-0.003453647,0.005802904,0.9999773,-0.06448407,0.9979006,-0.006013555,-0.9979129,-0.06450337,-0.003072274,moving,-70.46121,8.159726,11.53453,1.605768,-12.55853456405496,5.273362397247531,82.25725344073533,24.37061773428081,81.9319223021423
3997,05/05/2023 11:22:49.596619,4179,True,True,True,True,Eyes,0.2931817,0.03247283,-1.888396,-0.9431658,0.04731612,0.328937,0.0,0.0,0.0,0.0,0.0,0.0,0.0,1.953445,-0.03408909,0.1826245,0.2046509,0.02913004,-1.95134,0.0190899,-0.7110844,0.02528621,0.7023926,3.599307,269.3105,0.4806706,0.1828947,0.01630494,-0.9829971,-0.2096397,0.009453479,-0.02461353,-1.811948,-0.0393838,-1.56844,0.4076122,0.05450422,2.012178,-0.01256055,0.008372647,0.9998862,-0.06267075,0.9979924,-0.009144052,-0.9979553,-0.06277847,-0.01201063,moving,-70.77335,8.185593,11.4516,1.551602,-12.578927476917938,5.28267228066118,82.49213440741232,24.318452587657404,82.16384298438325
3998,05/05/2023 11:22:49.606916,4180,True,True,True,True,Eyes,0.2886683,0.03227476,-1.891108,-0.9449369,0.0468075,0.3238877,0.0,0.0,0.0,0.0,0.0,0.0,0.0,1.960539,-0.03641906,0.1588947,0.1969434,0.02828126,-1.957217,0.01799147,-0.713955,0.02481552,0.6995206,3.474547,268.8456,0.5182101,0.1799517,0.0163741,-0.9835389,-0.1970614,0.00888627,-0.02313672,-1.82292,-0.03764928,-1.593901,0.4044286,0.0524806,2.012431,-0.02069501,0.009027723,0.9997453,-0.06040813,0.998121,-0.01026351,-0.9979594,-0.06060513,-0.0201107,moving,-71.08028,8.22332,11.3631,1.493833,-12.599624153757413,5.292452033529705,82.71757310939175,24.261938410418967,82.3850341246303
3999,05/05/2023 11:22:49.626899,4181,True,True,True,True,Eyes,0.2840497,0.03204133,-1.893972,-0.9466771,0.04643902,0.3188195,0.0,0.0,0.0,0.0,0.0,0.0,0.0,1.967512,-0.03728783,0.1375887,0.1892518,0.02763848,-1.963376,0.01685202,-0.7163658,0.02369295,0.6971191,3.29296,268.4544,0.5101626,0.1770509,0.01642421,-0.9840643,-0.1852377,0.008353094,-0.02174852,-1.833291,-0.03411476,-1.617146,0.4011211,0.05037809,2.012693,-0.02748255,0.008889196,0.9995829,-0.05717803,0.9983093,-0.01044992,-0.9979858,-0.05744136,-0.02692775,moving,-71.38763,8.287381,11.27113,1.433825,-12.621726474180116,5.303582113591245,82.94240070424014,24.20420646528121,82.60310814820032
4000,05/05/2023 11:22:49.646707,4182,True,True,True,True,Eyes,0.2793401,0.03175712,-1.897001,-0.9484168,0.04585624,0.3136921,0.0,0.0,0.0,0.0,0.0,0.0,0.0,1.974472,-0.03727581,0.1191416,0.1821465,0.02653048,-1.969833,0.01577022,-0.7183431,0.02254788,0.6951447,3.113805,268.133,0.498713,0.1741818,0.01645523,-0.9845758,-0.1741234,0.007851908,-0.02044361,-1.842522,-0.03105616,-1.638093,0.3979611,0.04836967,2.012943,-0.03305046,0.008691227,0.999416,-0.05400494,0.9984858,-0.01046907,-0.9979936,-0.0543194,-0.03253103,moving,-71.69819,8.316724,11.18323,1.376515,-12.642205182216172,5.313028351246439,83.17148719471162,24.148447134060724,82.82852765052479
4001,05/05/2023 11:22:49.666426,4183,True,True,True,True,Eyes,0.2745448,0.03140326,-1.900174,-0.9501141,0.0452822,0.3085983,0.0,0.0,0.0,0.0,0.0,0.0,0.0,1.981165,-0.03890552,0.1023901,0.1752682,0.02508473,-1.976275,0.01552937,-0.7200331,0.0231815,0.6933785,3.148174,267.8547,0.5614262,0.1713362,0.01646631,-0.9850748,-0.163676,0.007380793,-0.01921699,-1.850998,-0.03547498,-1.657805,0.39457,0.04621416,2.013212,-0.03797009,0.009783793,0.999231,-0.05451043,0.9984429,-0.01184743,-0.9977911,-0.05491836,-0.03737765,moving,-72.00613,8.34773,11.08886,1.315019,-12.662611246134226,5.322492083631178,83.39206429337038,24.087179720174163,83.04501070953192
4002,05/05/2023 11:22:49.676777,4184,True,True,True,True,Eyes,0.2697001,0.03095753,-1.903646,-0.9522359,0.04246349,0.3023966,0.0,0.0,0.0,0.0,0.0,0.0,0.0,1.987822,-0.04107656,0.08704329,0.1684471,0.02309439,-1.982875,0.01514306,-0.7214702,0.02406655,0.6918617,3.191903,267.618,0.6571223,0.1685066,0.01645574,-0.9855629,-0.1538554,0.006937946,-0.01806397,-1.859109,-0.04030325,-1.675852,0.3915589,0.04430007,2.013451,-0.04219664,0.01145091,0.9990439,-0.05515198,0.9983829,-0.01377278,-0.9975861,-0.0556804,-0.04149686,moving,-72.38198,7.993388,11.00503,1.260422,-12.666965044932155,5.31409295626644,83.6583903018535,24.016569231032364,83.34167128291807
4003,05/05/2023 11:22:49.696588,4185,True,True,True,True,Eyes,0.2647989,0.03049698,-1.907265,-0.9542896,0.03949739,0.2962624,0.0,0.0,0.0,0.0,0.0,0.0,0.0,1.994844,-0.04291704,0.07142854,0.1622787,0.02098902,-1.989867,0.01554631,-0.723037,0.02574492,0.6901544,3.364494,267.3561,0.7492996,0.1656875,0.0164207,-0.9860413,-0.1446241,0.006521669,-0.01698013,-1.866478,-0.04998323,-1.695442,0.3882789,0.04221542,2.013712,-0.04689053,0.01305483,0.9988147,-0.05801705,0.9981911,-0.01577036,-0.9972138,-0.05868776,-0.04604829,moving,-72.75288,7.593834,10.91369,1.200972,-12.668647618610663,5.303267190721366,83.91045000544297,23.936488326192617,83.62600783412114
4004,05/05/2023 11:22:49.706900,4186,True,True,True,True,Eyes,0.2598428,0.03004431,-1.91101,-0.9562956,0.03651007,0.2901134,0.0,0.0,0.0,0.0,0.0,0.0,0.0,2.001967,-0.04257933,0.05600977,0.1560247,0.02019022,-1.997016,0.01777596,-0.7245149,0.02812028,0.6884561,3.739661,267.1006,0.7442307,0.1628748,0.01636283,-0.9865108,-0.1359467,0.006130368,-0.01596132,-1.873471,-0.06614368,-1.714881,0.3849858,0.0401224,2.013972,-0.05142501,0.01296126,0.9985929,-0.06447705,0.9977865,-0.01627119,-0.9965934,-0.06522305,-0.05047544,moving,-73.12367,7.172828,10.82196,1.141297,-12.66919929575372,5.291347377205427,84.16203516016508,23.854925763703797,83.90968573536082
4005,05/05/2023 11:22:49.726734,4187,True,True,True,True,Eyes,0.2548437,0.02955224,-1.914914,-0.9582235,0.03366002,0.284033,0.0,0.0,0.0,0.0,0.0,0.0,0.0,2.00946,-0.03922206,0.03979373,0.1498257,0.01994158,-2.004546,0.01890012,-0.72614,0.0278972,0.6867209,3.811418,266.8245,0.6240201,0.1600645,0.01628478,-0.986972,-0.1277899,0.005762546,-0.01500364,-1.880792,-0.07165596,-1.735052,0.3820058,0.03822803,2.014209,-0.05611477,0.01086691,0.9983653,-0.06576344,0.9977291,-0.01455632,-0.9962563,-0.06647275,-0.05527265,moving,-73.48932,6.758454,10.73892,1.087296,-12.669785033892786,5.279633285423444,84.41894601662925,23.781151428779665,84.1963844964745
4006,05/05/2023 11:22:49.747112,4188,True,True,True,True,Eyes,0.2498298,0.02901066,-1.918996,-0.9601185,0.03072258,0.2779004,0.0,0.0,0.0,0.0,0.0,0.0,0.0,2.017003,-0.03369408,0.02463412,0.1438121,0.01850537,-2.012218,0.01942788,-0.7275968,0.0266813,0.6852106,3.752739,266.5787,0.4761973,0.157254,0.01618649,-0.9874253,-0.1201225,0.005416794,-0.01410343,-1.887905,-0.07411417,-1.754556,0.3787624,0.03616656,2.014467,-0.06021772,0.008293303,0.9981508,-0.06483594,0.9978213,-0.01220207,-0.9960774,-0.06545083,-0.0595488,moving,-73.85724,6.308573,10.6485,1.028545,-12.66864848184454,5.266171142107416,84.67053081579438,23.699090460282594,84.47799722480667
4007,05/05/2023 11:22:49.767065,4189,True,True,True,True,Eyes,0.2447822,0.02845272,-1.923242,-0.9619485,0.02788247,0.2718043,0.0,0.0,0.0,0.0,0.0,0.0,0.0,2.024859,-0.03040494,0.008387327,0.1384573,0.01681031,-2.020296,0.02114382,-0.7292994,0.02766296,0.6833082,3.970603,266.2844,0.3999883,0.1544425,0.01606736,-0.9878708,-0.1129151,0.005091786,-0.01325722,-1.894061,-0.08607805,-1.776255,0.3754921,0.03408821,2.014725,-0.06528586,0.006964303,0.9978425,-0.068645,0.9975754,-0.01145367,-0.9955028,-0.06924465,-0.06464959,moving,-74.22204,5.857078,10.55731,0.9693251,-12.66723706026293,5.252546992223577,84.92012903213207,23.61621425911424,84.75543479418964
4008,05/05/2023 11:22:49.776623,4190,True,True,True,True,Eyes,0.1182972,0.01394507,-2.034715,-0.9928711,-0.03800454,0.1129724,0.0,0.0,0.0,0.0,0.0,0.0,0.0,2.032639,-0.02788384,-0.008372307,0.1326168,0.0158667,-2.028455,0.0216413,-0.7310249,0.02731884,0.6814601,3.981643,265.9917,0.3212177,0.151628,0.01592861,-0.988309,-0.1061402,0.004786279,-0.01246179,-1.900962,-0.08990698,-1.797805,0.3724192,0.03213467,2.014969,-0.07028738,0.00559275,0.9975111,-0.06887405,0.9975707,-0.01044614,-0.9951462,-0.06943686,-0.06973141,moving,-83.50861,-18.59323,10.47159,0.9136741,-11.952309790645888,4.246630684895008,95.98331781933047,22.670242200244,94.01105126562294
4009,05/05/2023 11:22:49.796605,4191,True,True,True,True,Eyes,0.1180897,0.01389331,-2.035065,-0.9929061,-0.03788161,0.1127057,0.0,0.0,0.0,0.0,0.0,0.0,0.0,2.040524,-0.02723241,-0.02676105,0.1272294,0.01471938,-2.036858,0.02062272,-0.7331144,0.02610872,0.6792912,3.801442,265.6453,0.3005037,0.1407428,0.01489515,-0.9899339,-0.4792269,-0.03902382,-0.3461308,-1.907879,-0.08718554,-1.822117,0.3688098,0.02984048,2.015255,-0.07627648,0.005233221,0.9970731,-0.06570847,0.9977861,-0.01026369,-0.9949193,-0.06629901,-0.07576376,moving,-83.52402,-18.57805,10.37088,0.8483337,-11.954045148340152,4.24779752668758,95.88345336745869,22.58226377465173,93.92336986442876
4010,05/05/2023 11:22:49.817014,4192,True,True,True,True,Eyes,0.1176947,0.01384344,-2.035748,-0.992988,-0.03778997,0.112012,0.0,0.0,0.0,0.0,0.0,0.0,0.0,2.048538,-0.02683801,-0.04641509,0.1220594,0.01339823,-2.045557,0.01951448,-0.735422,0.0249726,0.6768681,3.620537,265.261,0.2929976,0.1316032,0.01401721,-0.9912031,-0.4504733,-0.03668239,-0.325363,-1.914619,-0.0841502,-1.84751,0.3657817,0.02791585,2.015495,-0.08293777,0.00510355,0.9965416,-0.06250905,0.9979911,-0.01031333,-0.9945923,-0.06314825,-0.08245214,moving,-83.56407,-18.64308,10.28636,0.7935309,-11.953079906267472,4.245515250277501,95.84197960425745,22.50575222690952,93.87688628688501
4011,05/05/2023 11:22:49.836814,4193,True,True,True,True,Eyes,0.11712,0.01393621,-2.036772,-0.9930902,-0.03791726,0.1110599,0.0,0.0,0.0,0.0,0.0,0.0,0.0,2.05646,-0.02727128,-0.0675118,0.117211,0.01338598,-2.054364,0.01960455,-0.7379752,0.02491232,0.6740831,3.623482,264.827,0.2669943,0.1239007,0.01326913,-0.9922056,-0.4234449,-0.03448145,-0.3058412,-1.920734,-0.08644661,-1.874853,0.3626524,0.025927,2.015743,-0.0904557,0.004650602,0.9958897,-0.06252129,0.9979901,-0.01033915,-0.9939361,-0.06319954,-0.0899832,moving,-83.61897,-18.85055,10.19898,0.736912,-11.94555582385059,4.23636758262386,95.8408911154521,22.41933665897721,93.8424612581653
4012,05/05/2023 11:22:49.846874,4194,True,True,True,True,Eyes,0.1163543,0.01411264,-2.038099,-0.9932308,-0.0378772,0.109808,0.0,0.0,0.0,0.0,0.0,0.0,0.0,2.064577,-0.02641297,-0.08789063,0.1123325,0.01695402,-2.063491,0.02227395,-0.7403425,0.0257933,0.6713655,3.904846,264.4087,0.09491669,0.1172715,0.01262752,-0.9930192,-0.3980382,-0.03241256,-0.2874907,-1.926091,-0.09593015,-1.90196,0.3594106,0.02386624,2.016001,-0.09754437,0.001652769,0.9952298,-0.06761418,0.9976772,-0.008283829,-0.9929317,-0.06809969,-0.09720603,moving,-83.69121,-19.03138,10.10843,0.6782594,-11.940485368401244,4.229019137946788,95.84801692996905,22.33299271570079,93.8219973190507
4013,05/05/2023 11:22:49.856973,4195,True,True,True,True,Eyes,0.1154214,0.01416391,-2.039745,-0.9933882,-0.03755493,0.1084874,0.0,0.0,0.0,0.0,0.0,0.0,0.0,2.072144,-0.02249839,-0.1057041,0.1070102,0.0191175,-2.07211,0.02218955,-0.7422545,0.02335549,0.6693435,3.691042,264.0833,359.9038,0.1112598,0.01205783,-0.9937178,-0.3741559,-0.03046781,-0.2702413,-1.932386,-0.08988121,-1.925921,0.3555994,0.02144353,2.016304,-0.1029741,-0.001674893,0.9946827,-0.06420627,0.9979243,-0.004966578,-0.9926097,-0.06437629,-0.102868,moving,-83.76746,-19.09424,10.00195,0.6093216,-11.941841675709489,4.2277743470398335,95.81718317438211,22.240125750307648,93.78911773757731
4014,05/05/2023 11:22:49.876971,4196,True,True,True,True,Eyes,0.1143985,0.0143234,-2.041678,-0.9935486,-0.03808983,0.1068192,0.0,0.0,0.0,0.0,0.0,0.0,0.0,2.0805,-0.02298811,-0.1179647,0.1020767,0.01609929,-2.081404,0.01921148,-0.7433261,0.02139303,0.6683111,3.29532,263.9163,0.001928662,0.1057959,0.01154672,-0.9943205,-0.3517065,-0.02863974,-0.2540268,-1.938315,-0.07993285,-1.943698,0.3531737,0.01990206,2.016496,-0.1059827,3.360445e-05,0.994368,-0.05715518,0.9983465,-0.006125503,-0.9927241,-0.05748248,-0.1058056,moving,-83.86354,-19.62534,9.934156,0.5654696,-11.919869389780583,4.203218751761369,95.94621705524334,22.154720594679475,93.81601885153808
4015,05/05/2023 11:22:49.896597,4197,True,True,True,True,Eyes,0.1131862,0.01461755,-2.043938,-0.9937388,-0.03837382,0.1049319,0.0,0.0,0.0,0.0,0.0,0.0,0.0,2.088463,-0.02940761,-0.137825,0.09895164,0.01903947,-2.090785,0.02560659,-0.7457174,0.02860255,0.6651556,4.40026,263.4635,359.9919,0.1008205,0.01109361,-0.9948424,-0.3306041,-0.02692135,-0.2387852,-1.939983,-0.117906,-1.972109,0.3500061,0.01788835,2.016748,-0.1138249,-0.0001402705,0.9935009,-0.07624084,0.9970524,-0.008594096,-0.9905713,-0.07672356,-0.1135001,moving,-83.9723,-20.08757,9.845603,0.5081944,-11.902279572805288,4.182491210694424,96.0519881862823,22.056084272907718,93.83419699583106
4016,05/05/2023 11:22:49.906951,4198,True,True,True,True,Eyes,0.1118795,0.01491154,-2.046492,-0.9939561,-0.03860443,0.102767,0.0,0.0,0.0,0.0,0.0,0.0,0.0,2.09686,-0.01821752,-0.1599455,0.09321874,0.02252995,-2.100843,0.0258427,-0.7481587,0.02360733,0.662596,3.989325,263.0437,359.5759,0.09627552,0.01069922,-0.9952969,-0.3107679,-0.02530607,-0.2244581,-1.947021,-0.1045094,-2.000238,0.3468537,0.0158847,2.016997,-0.1205975,-0.007384637,0.992674,-0.06995313,0.9975497,-0.001077526,-0.9902337,-0.0695706,-0.1208186,moving,-84.09705,-20.58869,9.757457,0.4512191,-11.88362696036006,4.160194906353986,96.18391892176837,21.956616690908294,93.8687234115759
4017,05/05/2023 11:22:49.927022,4199,True,True,True,True,Eyes,0.1104727,0.01528465,-2.049345,-0.9941675,-0.03951581,0.1003469,0.0,0.0,0.0,0.0,0.0,0.0,0.0,2.104803,-0.005807349,-0.181077,0.08969404,0.02283545,-2.110557,0.02713301,-0.7506973,0.02040481,0.6597735,3.809478,262.5969,359.2068,0.09211313,0.01035759,-0.9956943,-0.2921218,-0.02378771,-0.2109906,-1.951222,-0.1021045,-2.029018,0.3436726,0.01386273,2.017249,-0.1279254,-0.01381225,0.9916876,-0.06766246,0.9976948,0.005167616,-0.989473,-0.06643895,-0.1285651,moving,-84.23634,-21.49413,9.66848,0.3937359,-11.84467283308393,4.117703831762084,96.42195752466749,21.833086863208774,93.9170447451737
4018,05/05/2023 11:22:49.946938,4200,True,True,True,True,Eyes,0.1089214,0.01583115,-2.052487,-0.9944119,-0.04024763,0.09759643,0.0,0.0,0.0,0.0,0.0,0.0,0.0,2.112582,-0.005915575,-0.2038608,0.08589343,0.02526825,-2.120515,0.03388019,-0.7532648,0.02577342,0.6563384,4.778399,262.0916,359.0105,0.08828994,0.0100672,-0.9960436,-0.2745945,-0.02236044,-0.1983312,-1.952824,-0.136917,-2.059899,0.3403929,0.01177827,2.017509,-0.1361441,-0.01720935,0.9905395,-0.08487368,0.9963757,0.00564533,-0.9870467,-0.08330216,-0.1371113,moving,-84.39467,-22.41068,9.576718,0.3344904,-11.806297734444012,4.0751352325958585,96.68487233880789,21.70773561804884,93.98140049158668
4019,05/05/2023 11:22:49.956903,4201,True,True,True,True,Eyes,0.1072668,0.01644753,-2.055891,-0.9946872,-0.04065191,0.09457688,0.0,0.0,0.0,0.0,0.0,0.0,0.0,2.11996,-0.005414756,-0.2298849,0.08092122,0.02997642,-2.130647,0.03382073,-0.7563659,0.02366322,0.6528453,4.586008,261.5505,358.8351,0.08476457,0.009831219,-0.9963521,-0.2581188,-0.02101882,-0.1864313,-1.958361,-0.1283898,-2.092414,0.3373335,0.009833623,2.017752,-0.1452985,-0.02026485,0.9891802,-0.08205853,0.9965924,0.008363301,-0.985979,-0.0799555,-0.1464664,moving,-84.56853,-23.25945,9.491096,0.2792319,-11.772421804478467,4.036412230975444,96.96021240101149,21.592906091141174,94.06743997408634
4020,05/05/2023 11:22:49.976907,4202,True,True,True,True,Eyes,0.1055001,0.01711079,-2.059543,-0.9949805,-0.04103588,0.09126776,0.0,0.0,0.0,0.0,0.0,0.0,0.0,2.126542,-0.006431434,-0.2556403,0.07681746,0.03220493,-2.140242,0.03141586,-0.7595776,0.02072033,0.649327,4.144709,261.0079,358.804,0.08150194,0.009647449,-0.9966261,-0.2426317,-0.01975769,-0.1752454,-1.963464,-0.1128556,-2.124771,0.3340855,0.007769211,2.018009,-0.154775,-0.02081704,0.9877303,-0.0746341,0.9971674,0.009320944,-0.9851265,-0.07227573,-0.1558903,moving,-84.75903,-24.20967,9.400176,0.2205842,-11.734244278457862,3.9929547802853422,97.27689034311825,21.4684536075958,94.16461605841262
4021,05/05/2023 11:22:49.996824,4203,True,True,True,True,Eyes,0.1036062,0.01784022,-2.063424,-0.9953039,-0.04097883,0.08769784,0.0,0.0,0.0,0.0,0.0,0.0,0.0,2.132446,-0.02287366,-0.2826965,0.07239242,0.03396069,-2.149737,0.02870978,-0.7629238,0.02254608,0.6454571,4.098064,260.4343,359.1555,0.07847042,0.009512779,-0.9968707,-0.2280738,-0.01857223,-0.1647307,-1.967764,-0.1094647,-2.158026,0.3308088,0.005686226,2.018269,-0.1651219,-0.01470168,0.9861638,-0.07291179,0.9973349,0.002659977,-0.9835745,-0.07146374,-0.1657537,moving,-84.96458,-25.04541,9.308417,0.1614234,-11.702983949919185,3.955706192499661,97.58474477815354,21.35124239447728,94.27593426265744
4022,05/05/2023 11:22:50.007170,4204,True,True,True,True,Eyes,0.1016075,0.01852361,-2.067503,-0.9956528,-0.04060829,0.08382414,0.0,0.0,0.0,0.0,0.0,0.0,0.0,2.137654,-0.03990373,-0.3099959,0.06747965,0.03616539,-2.159025,0.02269845,-0.7662567,0.02143264,0.6417759,3.553495,259.8825,359.5823,0.07564057,0.009425312,-0.9970902,-0.2143894,-0.01745789,-0.1548468,-1.973478,-0.08762424,-2.190321,0.3277007,0.003710419,2.018517,-0.1752173,-0.007275777,0.9845031,-0.06229558,0.9980509,-0.003711174,-0.9825571,-0.06198044,-0.1753291,moving,-85.18761,-25.84769,9.221359,0.1053204,-11.674543187621008,3.9206073362545713,97.91124642483861,21.241354538743032,94.40955204494573
4023,05/05/2023 11:22:50.026972,4205,True,True,True,True,Eyes,0.09951568,0.0191149,-2.071784,-0.9960059,-0.04033952,0.07965443,0.0,0.0,0.0,0.0,0.0,0.0,0.0,2.142072,-0.05055932,-0.3385661,0.06306729,0.03565812,-2.168042,0.01776017,-0.7697262,0.0202,0.6378073,3.081251,259.2889,359.9097,0.07298728,0.009377907,-0.9972884,-0.201526,-0.01641042,-0.145556,-1.978042,-0.07165668,-2.223809,0.3245553,0.001711182,2.018766,-0.1857728,-0.001573514,0.9825915,-0.05310834,0.9985531,-0.008441808,-0.9811564,-0.05375206,-0.1855876,moving,-85.42757,-26.85909,9.133243,0.04856606,-11.636176092061715,3.875304447843393,98.31464443237448,21.119012668936303,94.5590268840654
4024,05/05/2023 11:22:50.046945,4206,True,True,True,True,Eyes,0.09732323,0.01965868,-2.076289,-0.9963467,-0.04039336,0.07524486,0.0,0.0,0.0,0.0,0.0,0.0,0.0,2.14599,-0.05617825,-0.3686113,0.05876812,0.03405213,-2.177083,0.01762039,-0.7733039,0.02198179,0.6334096,3.228551,258.6425,0.03415255,0.07048847,0.00936191,-0.9974684,-0.1894345,-0.01542579,-0.1368227,-1.980828,-0.07987336,-2.259127,0.3212221,-0.0004075036,2.01903,-0.1969641,0.0005951247,0.9804106,-0.05509877,0.9984127,-0.01167536,-0.9788613,-0.05631904,-0.1966185,moving,-85.68118,-28.22804,9.039838,-0.01156409,-11.579904172994247,3.812163115019677,98.83441082809132,20.971281720943168,94.71668920751976
4025,05/05/2023 11:22:50.056783,4207,True,True,True,True,Eyes,0.09504464,0.02025083,-2.080997,-0.9966858,-0.04048791,0.07055676,0.0,0.0,0.0,0.0,0.0,0.0,0.0,2.149733,-0.05546752,-0.3993592,0.05406582,0.03351875,-2.186291,0.01876207,-0.7768551,0.02258574,0.6289944,3.364862,257.9907,359.9576,0.06812306,0.009371694,-0.9976326,-0.1780684,-0.01450025,-0.1286133,-1.983637,-0.08766949,-2.294621,0.3180282,-0.002437506,2.019284,-0.2080278,-0.0007382056,0.9781226,-0.05756343,0.9982757,-0.01148922,-0.9764276,-0.05869417,-0.2077116,moving,-85.95071,-29.8487,8.95031,-0.06916252,-11.511412400753592,3.736625394481411,99.46368407395298,20.812642918560684,94.89420846148451
4026,05/05/2023 11:22:50.076625,4208,True,True,True,True,Eyes,0.09265519,0.02084829,-2.085892,-0.9970242,-0.04050964,0.06558812,0.0,0.0,0.0,0.0,0.0,0.0,0.0,2.153479,-0.04996479,-0.4301682,0.04974011,0.03529077,-2.195744,0.02039082,-0.7804132,0.02146958,0.6245628,3.381324,257.3319,359.7126,0.06587456,0.009406812,-0.9977832,-0.1673843,-0.01363023,-0.1208965,-1.985916,-0.08978511,-2.330523,0.3149526,-0.00439249,2.019527,-0.2190114,-0.005008318,0.9757096,-0.05864473,0.9982466,-0.0080396,-0.9739584,-0.05898098,-0.218921,moving,-86.23628,-31.70101,8.864081,-0.1246186,-11.431759334298974,3.6497147813688033,100.20552457911846,20.64380602866322,95.09115027127397
4027,05/05/2023 11:22:50.096696,4209,True,True,True,True,Eyes,0.09019071,0.02136111,-2.090954,-0.9973556,-0.04044047,0.06038538,0.0,0.0,0.0,0.0,0.0,0.0,0.0,2.156715,-0.04090711,-0.4617624,0.04477262,0.03600208,-2.205225,0.019428,-0.783968,0.01747886,0.6202509,2.952394,256.6869,359.4963,0.06372581,0.009464785,-0.9979222,-0.1573412,-0.01281242,-0.1136427,-1.989423,-0.07721733,-2.366343,0.3116994,-0.006460251,2.019785,-0.2298228,-0.008779317,0.9731928,-0.05214442,0.998634,-0.003305259,-0.9718344,-0.0515062,-0.2299667,moving,-86.53522,-33.81047,8.772853,-0.183259,-11.339445808582536,3.550065749134493,101.06640440132342,20.455861679435817,95.29634480041706
4028,05/05/2023 11:22:50.106824,4210,True,True,True,True,Eyes,0.08766465,0.02178194,-2.096129,-0.9976459,-0.04102687,0.05494971,0.0,0.0,0.0,0.0,0.0,0.0,0.0,2.159219,-0.04104044,-0.4915287,0.04052886,0.03446165,-2.2142,0.01842237,-0.7873442,0.0168917,0.616007,2.825585,256.0667,359.5297,0.06166385,0.009539072,-0.998051,-0.1479008,-0.01204367,-0.1068242,-1.991415,-0.07617185,-2.400609,0.3084339,-0.008535761,2.020045,-0.2403923,-0.00819869,0.9706413,-0.0498203,0.9987506,-0.003902536,-0.9693965,-0.04929578,-0.2405004,moving,-86.84737,-36.74597,8.681253,-0.2421037,-11.204649501554949,3.408735625720446,102.26558593742278,20.21825279502599,95.5140398502673
4029,05/05/2023 11:22:50.127309,4211,True,True,True,True,Eyes,0.08510089,0.02220722,-2.101463,-0.9979051,-0.04194752,0.04925249,0.0,0.0,0.0,0.0,0.0,0.0,0.0,2.160958,-0.05413589,-0.5202084,0.03674287,0.03278933,-2.222805,0.01929012,-0.7906052,0.02160785,0.6116409,3.311466,255.4469,359.7664,0.05967712,0.009623513,-0.998171,-0.1390267,-0.01132105,-0.1004147,-1.991511,-0.09566027,-2.433975,0.3053048,-0.01052505,2.020293,-0.251047,-0.004069255,0.9679666,-0.05693424,0.998322,-0.0105693,-0.9662992,-0.05776382,-0.2508574,moving,-87.17441,-40.42048,8.59346,-0.298489,-11.032033665376584,3.230194521349795,103.83284204018003,19.94020082656095,95.75025763404834
4030,05/05/2023 11:22:50.146876,4212,True,True,True,True,Eyes,0.08247488,0.02268285,-2.106933,-0.9981391,-0.0430688,0.04316755,0.0,0.0,0.0,0.0,0.0,0.0,0.0,2.16196,-0.07170972,-0.5513875,0.03329684,0.033386,-2.231819,0.0203658,-0.7942291,0.02699978,0.6066765,3.876089,254.75,0.02354779,0.05775625,0.00971716,-0.9982832,-0.1306851,-0.01064179,-0.09438983,-1.990269,-0.1156809,-2.47049,0.3019887,-0.01263223,2.020556,-0.2630579,0.0004100442,0.96478,-0.06511048,0.9977125,-0.01817713,-0.9625805,-0.06759892,-0.2624295,moving,-87.52361,-44.93439,8.500404,-0.3582003,-10.816780778592818,3.0095219369628303,105.8661794570985,19.608548667242864,96.00295023366256
4031,05/05/2023 11:22:50.156121,4213,True,True,True,True,Eyes,0.07980502,0.02314601,-2.11255,-0.998358,-0.0439572,0.03673005,0.0,0.0,0.0,0.0,0.0,0.0,0.0,2.161343,-0.07999979,-0.5879033,0.02932205,0.03511896,-2.240835,0.01968259,-0.7984983,0.02791182,0.6010275,3.912597,253.9415,0.1216657,0.05589285,0.009821286,-0.9983882,-0.122844,-0.01000328,-0.08872644,-1.989809,-0.1168728,-2.511258,0.298628,-0.01476876,2.020822,-0.2767571,0.002118509,0.9609376,-0.06498457,0.9976671,-0.02091552,-0.95874,-0.06823462,-0.2759737,moving,-87.89301,-50.11832,8.406075,-0.4187269,-10.56764762531721,2.755283780504925,108.3677227136512,19.23737232738488,96.27449143263543
4032,05/05/2023 11:22:50.177018,4214,True,True,True,True,Eyes,0.07710327,0.02352052,-2.118286,-0.998544,-0.04496425,0.02979903,0.0,0.0,0.0,0.0,0.0,0.0,0.0,2.159807,-0.08027875,-0.6264596,0.02564268,0.03523929,-2.249836,0.01794092,-0.8030191,0.02620611,0.5951065,3.637375,253.0876,0.1364705,0.05407922,0.009934096,-0.9984869,-0.1154734,-0.009403085,-0.08340285,-1.98915,-0.1089329,-2.553443,0.2956069,-0.01668921,2.021062,-0.2910528,0.002377057,0.9567041,-0.06000465,0.9979827,-0.0207345,-0.9548235,-0.06344152,-0.290323,moving,-88.29066,-56.46648,8.321258,-0.4731172,-10.25922619987878,2.44254650101554,111.66521113261349,18.807857079406062,96.58378866549837
4033,05/05/2023 11:22:50.197300,4215,True,True,True,True,Eyes,0.07439906,0.02388551,-2.124151,-0.9986761,-0.04627415,0.02246691,0.0,0.0,0.0,0.0,0.0,0.0,0.0,2.156708,-0.08715382,-0.6663284,0.02233622,0.03351047,-2.258618,0.01669382,-0.8077127,0.02725006,0.5887097,3.65084,252.183,0.2937878,0.0523091,0.01005039,-0.9985802,-0.108545,-0.0088389,-0.07839868,-1.986571,-0.112418,-2.59708,0.2923592,-0.01875318,2.02132,-0.3062844,0.005117136,0.9519264,-0.05905237,0.9979575,-0.02436481,-0.9501067,-0.06367607,-0.3053567,moving,-88.71126,-64.10262,8.230061,-0.5315574,-9.884708162956615,2.064879387288605,115.92626845248734,18.299900158678174,96.90902227611907
4034,05/05/2023 11:22:50.206941,4216,True,True,True,True,Eyes,0.07168091,0.02429064,-2.130145,-0.9987556,-0.04768689,0.01460894,0.0,0.0,0.0,0.0,0.0,0.0,0.0,2.151848,-0.1033747,-0.7081902,0.01961016,0.03370964,-2.26741,0.01783682,-0.8126949,0.03204339,0.5815343,4.176461,251.1895,0.4754975,0.05057906,0.0101692,-0.9986681,-0.1020323,-0.008308566,-0.07369476,-1.980925,-0.1318693,-2.64323,0.2891391,-0.02079985,2.021575,-0.3229994,0.00827687,0.946363,-0.06626046,0.9973102,-0.03133755,-0.9440768,-0.07282846,-0.3215821,moving,-89.16199,-72.96748,8.139622,-0.5894917,-9.447636929494005,1.625480789492967,121.26902691187674,17.726189093606028,97.2648204412713
4035,05/05/2023 11:22:50.227133,4217,True,True,True,True,Eyes,0.06896071,0.02467303,-2.136247,-0.9987763,-0.04904752,0.006331801,0.0,0.0,0.0,0.0,0.0,0.0,0.0,2.144827,-0.1158914,-0.7537351,0.01651037,0.0351304,-2.276033,0.01757398,-0.8180845,0.03434344,0.5738025,4.379351,250.1149,0.6124986,0.04888493,0.01029201,-0.9987512,-0.09591033,-0.007810052,-0.06927307,-1.975152,-0.1389356,-2.692046,0.2859976,-0.02279643,2.021823,-0.3408833,0.01065871,0.940045,-0.0681667,0.9970233,-0.03602368,-0.9376308,-0.07635967,-0.339142,moving,-89.63677,-82.64407,8.051373,-0.6459932,-8.969493956829766,1.14540664664136,127.54080869152095,17.11487731106028,97.64670477252618
4036,05/05/2023 11:22:50.246848,4218,True,True,True,True,Eyes,0.06624176,0.02500972,-2.142431,-0.9987125,-0.05067223,-0.002361011,0.0,0.0,0.0,0.0,0.0,0.0,0.0,2.137007,-0.1242134,-0.7989073,0.01377803,0.03495801,-2.284527,0.01643221,-0.8233934,0.0352965,0.5661339,4.400714,249.0504,0.7415939,0.04722308,0.01041725,-0.9988298,-0.09015571,-0.007341449,-0.06511669,-1.968785,-0.1412652,-2.740365,0.2828583,-0.02479204,2.022073,-0.358445,0.01290474,0.9334618,-0.06702544,0.9969683,-0.03952014,-0.9311419,-0.07673147,-0.3564934,moving,89.86456,87.33231,7.963166,-0.7024516,-6.929319972430158,5.194725467687047,120.24124745324323,16.01757896208672,98.05193808188037
4037,05/05/2023 11:22:50.256997,4219,True,True,True,True,Eyes,0.06352228,0.02532313,-2.148695,-0.9985571,-0.05246826,-0.01143854,0.0,0.0,0.0,0.0,0.0,0.0,0.0,2.127306,-0.1425573,-0.8434808,0.01114246,0.03425851,-2.292578,0.01622178,-0.8285936,0.03967564,0.5582074,4.810484,247.9768,1.001208,0.0455918,0.01054234,-0.9989043,-0.08474636,-0.006900962,-0.06120969,-1.960275,-0.1573111,-2.788073,0.2794774,-0.02694084,2.022343,-0.3762829,0.01741194,0.9263414,-0.07117699,0.9963254,-0.04763972,-0.9237669,-0.08386018,-0.3736609,moving,89.3437,77.70145,7.868149,-0.7632264,-6.456383881288825,4.718157673647708,113.11485690796906,15.337464380723544,98.47176261109213
4038,05/05/2023 11:22:50.276939,4220,True,True,True,True,Eyes,0.06079491,0.02563249,-2.155008,-0.9983004,-0.05438267,-0.02094319,0.0,0.0,0.0,0.0,0.0,0.0,0.0,2.116336,-0.161688,-0.888191,0.008437116,0.03404647,-2.300581,0.0157519,-0.833749,0.04386963,0.5501727,5.191513,246.8973,1.266118,0.04398789,0.01066618,-0.9989749,0.0,0.0,0.0,-1.951122,-0.1716052,-2.83531,0.2764776,-0.0288478,2.022579,-0.3941239,0.02200547,0.9187939,-0.074538,0.9956547,-0.05581998,-0.9160298,-0.09048504,-0.390771,moving,88.79818,68.93792,7.783836,-0.8171473,-6.030404049385826,4.286341201129174,106.90693779066851,14.726806273704188,98.92677910616685
4039,05/05/2023 11:22:50.296681,4221,True,True,True,True,Eyes,0.05805667,0.02593698,-2.161383,-0.997938,-0.056309,-0.0308068,0.0,0.0,0.0,0.0,0.0,0.0,0.0,2.103633,-0.1810606,-0.9332802,0.005700339,0.03428651,-2.308215,0.01485386,-0.8389152,0.04765171,0.5419685,5.51188,245.8018,1.538769,0.04240955,0.01078855,-0.9990419,0.0,0.0,0.0,-1.941116,-0.1834315,-2.882666,0.2732822,-0.03087915,2.022832,-0.4120988,0.0267292,0.910747,-0.07657371,0.9950173,-0.06385083,-0.9079157,-0.09605215,-0.4079987,moving,88.23182,61.31681,7.694008,-0.8745698,-5.665563530647713,3.9131716304169473,101.75513197463405,14.19156860558493,99.39648368463021
4040,05/05/2023 11:22:50.307022,4222,True,True,True,True,Eyes,0.0552967,0.02619291,-2.1678,-0.9974751,-0.05795646,-0.04104009,0.0,0.0,0.0,0.0,0.0,0.0,0.0,2.090062,-0.1971873,-0.9784698,0.00273132,0.03447376,-2.315912,0.01331441,-0.8440014,0.0501444,0.5338258,5.673473,244.7148,1.788772,0.04085454,0.01090927,-0.9991054,0.0,0.0,0.0,-1.931114,-0.189888,-2.929758,0.2700599,-0.03292708,2.023089,-0.4297058,0.03106197,0.9024346,-0.07601149,0.9946165,-0.07042874,-0.8997641,-0.09885903,-0.4250315,moving,87.64396,54.69696,7.603403,-0.9324437,-5.354505117520752,3.5914852686306085,97.4736955331428,13.724915886639357,99.8868539497881
4041,05/05/2023 11:22:50.327228,4223,True,True,True,True,Eyes,0.05254045,0.0263875,-2.174262,-0.9968837,-0.05969088,-0.05157385,0.0,0.0,0.0,0.0,0.0,0.0,0.0,2.075932,-0.2064137,-1.023223,-0.0003993958,0.03354042,-2.32335,0.0110267,-0.8489469,0.05069261,0.5259258,5.604964,243.6543,1.992298,0.03931955,0.01102623,-0.9991657,0.0,0.0,0.0,-1.921537,-0.1896625,-2.97585,0.266793,-0.03500333,2.023349,-0.4465613,0.03459893,0.894084,-0.07204326,0.9946173,-0.07447223,-0.8918482,-0.09766912,-0.441665,moving,87.03844,49.17247,7.511524,-0.991101,-5.101925900335148,3.3259704961269505,94.02613585563908,13.33177500151186,100.39301318998984
4042,05/05/2023 11:22:50.347172,4224,True,True,True,True,Eyes,0.04976435,0.02657121,-2.180775,-0.9961537,-0.06140307,-0.06251021,0.0,0.0,0.0,0.0,0.0,0.0,0.0,2.061219,-0.2180434,-1.066335,-0.003045935,0.03243376,-2.330702,0.01071206,-0.8536832,0.05313426,0.5179645,5.843785,242.6019,2.117326,0.0378039,0.01113688,-0.9992229,0.0,0.0,0.0,-1.909705,-0.2007328,-3.020704,0.2635954,-0.03703606,2.023602,-0.4631963,0.03675391,0.8854935,-0.07333274,0.994124,-0.07962271,-0.8832168,-0.1018166,-0.4577793,moving,86.40931,44.48809,7.421587,-1.048513,-4.894812444578745,3.103795513841711,91.17369465752904,12.99751365733239,100.92438562863212
4043,05/05/2023 11:22:50.357059,4225,True,True,True,True,Eyes,-0.02019348,0.03015485,-2.3449,-0.9353164,-0.09832614,-0.3398751,0.0,0.0,0.0,0.0,0.0,0.0,0.0,2.045407,-0.2249629,-1.110942,-0.006291598,0.0323995,-2.338248,0.01131072,-0.858478,0.05461434,0.5098088,6.044625,241.5184,2.089954,0.03630511,0.01124133,-0.9992773,0.0,0.0,0.0,-1.897402,-0.2100252,-3.066448,0.2605092,-0.03899763,2.023847,-0.4799342,0.03626575,0.8765546,-0.07510575,0.9937787,-0.08223782,-0.8740837,-0.105303,-0.4742247,moving,70.02988,16.1352,7.334769,-1.103899,-4.407963321506887,2.081012603755494,65.02202302015927,12.166980903178032,117.0353676044434
4044,05/05/2023 11:22:50.376706,4226,True,True,True,True,Eyes,-0.02031123,0.03011355,-2.345204,-0.9348907,-0.09829266,-0.3410541,0.0,0.0,0.0,0.0,0.0,0.0,0.0,2.030187,-0.2194829,-1.15512,-0.009599553,0.03142135,-2.345859,0.01140943,-0.8631291,0.05294952,0.5020701,5.903956,240.4714,1.928459,0.03160491,0.0114087,-0.9994351,-0.2098735,0.01075091,-0.4923742,-1.885972,-0.2089659,-3.111571,0.2572975,-0.04103911,2.024101,-0.495591,0.03347311,0.8679108,-0.07286435,0.9941323,-0.07994788,-0.8654943,-0.1028612,-0.4902441,moving,69.95771,16.07712,7.244408,-1.161526,-4.409321285325614,2.079906473294885,65.03944313765702,12.09612709649607,117.01054449321937
4045,05/05/2023 11:22:50.396732,4227,True,True,True,True,Eyes,-0.02054314,0.03005636,-2.345824,-0.9341947,-0.09836152,-0.3429361,0.0,0.0,0.0,0.0,0.0,0.0,0.0,2.01394,-0.2183123,-1.198284,-0.01246008,0.03040971,-2.353384,-0.01331388,0.8676565,-0.05340656,-0.4941081,6.075223,239.4115,1.710021,0.02756209,0.01155298,-0.9995531,-0.1972811,0.01010585,-0.4628317,-1.871996,-0.2191068,-3.156069,0.2540993,-0.04307178,2.024355,-0.51136,0.02967347,0.8588542,-0.07588097,0.9939409,-0.07952009,-0.85601,-0.1058341,-0.50601,moving,69.84218,16.00404,7.154414,-1.218887,-4.41253769521035,2.0791477877262325,65.01065466920083,12.027942674471888,117.02868100995101
4046,05/05/2023 11:22:50.407433,4228,True,True,True,True,Eyes,-0.02088002,0.02998808,-2.346754,-0.9330807,-0.09827255,-0.3459812,0.0,0.0,0.0,0.0,0.0,0.0,0.0,1.994859,-0.2176965,-1.245142,-0.01542029,0.03001004,-2.361375,-0.01479251,0.8725557,-0.05352749,-0.4853481,6.186807,238.2503,1.50691,0.02393109,0.01167951,-0.9996451,-0.1854442,0.009499502,-0.4350618,-1.856096,-0.2264636,-3.204082,0.2508805,-0.04511783,2.02461,-0.5284371,0.02614434,0.84857,-0.0777735,0.9938321,-0.07905238,-0.8454027,-0.1077705,-0.5231443,moving,69.65549,15.85667,7.063826,-1.276608,-4.41620098748702,2.0764325268729054,64.89426490310358,11.959678106382395,117.11743839458273
4047,05/05/2023 11:22:50.426847,4229,True,True,True,True,Eyes,-0.02132913,0.02991268,-2.34796,-0.9316579,-0.09810272,-0.3498419,0.0,0.0,0.0,0.0,0.0,0.0,0.0,1.970907,-0.2131036,-1.297909,-0.01841422,0.02965315,-2.369227,-0.01475447,0.8781289,-0.05178459,-0.4753844,6.025737,236.9295,1.343829,0.02064919,0.01178984,-0.9997171,-0.1743176,0.008929532,-0.4089581,-1.838012,-0.2239398,-3.257152,0.2477856,-0.04708533,2.024856,-0.5475842,0.02332251,0.8364255,-0.07514782,0.9942013,-0.076919,-0.8333693,-0.1049752,-0.5426562,moving,69.41861,15.66457,6.976709,-1.332097,-4.420581291656857,2.0727273106137294,64.71381374639182,11.895001243314011,117.26004932706557
4048,05/05/2023 11:22:50.447145,4230,True,True,True,True,Eyes,-0.02191563,0.02979403,-2.349453,-0.92984,-0.09776054,-0.3547399,0.0,0.0,0.0,0.0,0.0,0.0,0.0,1.942471,-0.2074601,-1.354393,-0.02155614,0.02940265,-2.376822,-0.01498282,0.8840856,-0.04990298,-0.4644114,5.863187,235.4846,1.143887,0.01767663,0.01188516,-0.9997728,-0.1638585,0.00839376,-0.3844206,-1.816847,-0.2214789,-3.31346,0.2445645,-0.04913307,2.025111,-0.5681953,0.01985883,0.8226543,-0.07284322,0.9945704,-0.07432061,-0.8196636,-0.1021534,-0.5636635,moving,69.11783,15.40734,6.886031,-1.389832,-4.425445720147072,2.067345542036678,64.45883798187789,11.827999921693943,117.4629887793145
4049,05/05/2023 11:22:50.456817,4231,True,True,True,True,Eyes,-0.02262814,0.02964365,-2.351205,-0.9277385,-0.09742724,-0.3602902,0.0,0.0,0.0,0.0,0.0,0.0,0.0,1.91381,-0.1946687,-1.409786,-0.02562653,0.02819442,-2.384661,-0.01528548,0.8897201,-0.04664114,-0.4538603,5.558962,234.096,0.8714476,0.01497681,0.011965,-0.999816,-0.154027,0.007890134,-0.3613554,-1.796581,-0.2154245,-3.368189,0.2411274,-0.05131719,2.025384,-0.5875544,0.01513751,0.809043,-0.06953672,0.9951819,-0.06912016,-0.8061913,-0.09687005,-0.5836709,moving,68.77616,15.13164,6.789262,-1.451394,-4.4318361052447806,2.062071446708338,64.16675572527849,11.758294184648616,117.699914183183
4050,05/05/2023 11:22:50.477076,4232,True,True,True,True,Eyes,-0.02347478,0.02945409,-2.353213,-0.9252855,-0.09719584,-0.3666057,0.0,0.0,0.0,0.0,0.0,0.0,0.0,1.885402,-0.1836523,-1.46172,-0.02938391,0.02730862,-2.392381,-0.01750385,0.8949119,-0.04473191,-0.4436501,5.485475,232.7626,0.4813074,0.0125172,0.01202946,-0.999849,-0.1447854,0.007416726,-0.3396741,-1.775156,-0.2172861,-3.419579,0.2381716,-0.05319605,2.025618,-0.6057365,0.008361827,0.7956214,-0.07101943,0.9953853,-0.06453107,-0.7924895,-0.09559341,-0.6023474,moving,68.38612,14.84885,6.706032,-1.504336,-4.440805017262843,2.057675474728721,63.81112714909791,11.702132337122165,117.99881349013066
4051,05/05/2023 11:22:50.496863,4233,True,True,True,True,Eyes,-0.02444896,0.02919638,-2.35546,-0.9225867,-0.09697221,-0.3734033,0.0,0.0,0.0,0.0,0.0,0.0,0.0,1.857538,-0.1736796,-1.510612,-0.03357386,0.0261847,-2.400156,-0.01991111,0.899646,-0.04321667,-0.43402,5.453796,231.5131,0.09714931,0.01026828,0.01207828,-0.9998741,-0.1360983,0.006971722,-0.3192936,-1.75435,-0.2209522,-3.46799,0.2349587,-0.05523855,2.025873,-0.6224608,0.001687899,0.7826496,-0.07333968,0.9954718,-0.06047574,-0.7792076,-0.09504301,-0.6195182,moving,67.96509,14.55803,6.615549,-1.561871,-4.451243192866333,2.053664698852664,63.43199026643009,11.642421905676038,118.32060261718641
4052,05/05/2023 11:22:50.506863,4234,True,True,True,True,Eyes,-0.02552834,0.0289319,-2.357947,-0.9195536,-0.09717809,-0.3807593,0.0,0.0,0.0,0.0,0.0,0.0,0.0,1.830057,-0.1672574,-1.556629,-0.03763915,0.02430635,-2.407939,-0.02117687,0.9040277,-0.04217093,-0.4248615,5.407684,230.3371,359.8587,0.008203889,0.01211004,-0.9998928,-0.1279324,0.006553419,-0.300136,-1.734036,-0.2242649,-3.513666,0.2316977,-0.05731106,2.026133,-0.6380888,-0.002455355,0.7699592,-0.07412256,0.9955463,-0.0582529,-0.7663869,-0.09424185,-0.635429,moving,67.50703,14.31749,6.523698,-1.620232,-4.466574734064715,2.0531599481903493,63.03156165264754,11.587920571619224,118.6754595181
4053,05/05/2023 11:22:50.527130,4235,True,True,True,True,Eyes,-0.02674759,0.0286514,-2.360658,-0.916283,-0.09737098,-0.3885155,0.0,0.0,0.0,0.0,0.0,0.0,0.0,1.80167,-0.1772795,-1.600034,-0.04157683,0.02395606,-2.415626,-0.02390357,0.908097,-0.04514952,-0.4156321,5.846892,229.1694,359.6612,0.006301246,0.01212606,-0.9999064,-0.1202564,0.006160214,-0.2821278,-1.711356,-0.2428416,-3.556955,0.2285144,-0.05933447,2.026384,-0.653357,-0.005882341,0.7570269,-0.08094469,0.9947803,-0.0621301,-0.7527099,-0.1018705,-0.6504229,moving,67.02245,14.06984,6.434037,-1.677196,-4.483151126826973,2.052972713609219,62.60131733952461,11.53686071808622,119.05885237323162
4054,05/05/2023 11:22:50.546923,4236,True,True,True,True,Eyes,-0.02809565,0.02829153,-2.363562,-0.9127264,-0.09771833,-0.3967136,0.0,0.0,0.0,0.0,0.0,0.0,0.0,1.772716,-0.1756773,-1.644024,-0.04619514,0.02329801,-2.423535,-0.02447678,0.9121491,-0.04456046,-0.4066932,5.808313,228.036,359.5157,0.004538358,0.01212716,-0.9999159,-0.113041,0.005790601,-0.2652002,-1.690941,-0.2447457,-3.600291,0.2253124,-0.06136955,2.026638,-0.6680033,-0.008408082,0.7441109,-0.08089781,0.9948305,-0.06138248,-0.7397482,-0.1012006,-0.6652303,moving,66.50799,13.83761,6.343835,-1.73447,-4.502357976926712,2.054335113505969,62.146723343957774,11.48890535607563,119.4702869144195
4055,05/05/2023 11:22:50.562652,4237,True,True,True,True,Eyes,-0.02958188,0.02789843,-2.36666,-0.9089049,-0.09833309,-0.4052437,0.0,0.0,0.0,0.0,0.0,0.0,0.0,1.742205,-0.1817436,-1.686511,-0.05057276,0.02103197,-2.430974,-0.02374176,0.9160796,-0.04551007,-0.3976974,5.869659,226.9126,359.5795,0.002896322,0.01211141,-0.9999222,-0.1062586,0.005443165,-0.2492882,-1.669702,-0.2508699,-3.641816,0.2222242,-0.06333265,2.026883,-0.6825461,-0.007300219,0.7308059,-0.07969715,0.9947304,-0.0644976,-0.726484,-0.1022658,-0.679531,moving,65.96986,13.63931,6.256827,-1.789701,-4.524786550419478,2.0580296822618007,61.67414928880016,11.447629543001808,119.90691845778504
4056,05/05/2023 11:22:50.576982,4238,True,True,True,True,Eyes,-0.03121531,0.02749437,-2.369963,-0.9047944,-0.0989214,-0.4141999,0.0,0.0,0.0,0.0,0.0,0.0,0.0,1.709696,-0.2037056,-1.727846,-0.05542738,0.01988838,-2.438553,-0.0231331,0.9198333,-0.04976708,-0.3884521,6.288052,225.777,359.7756,0.00135721,0.01207904,-0.9999258,-0.09988305,0.005116575,-0.2343309,-1.646668,-0.2680647,-3.68216,0.2188646,-0.06546782,2.027149,-0.6971397,-0.003892933,0.7169247,-0.08122142,0.9939762,-0.07358263,-0.7123197,-0.109527,-0.6932566,moving,65.40247,13.43207,6.162164,-1.849753,-4.54853118677012,2.0620188505943022,61.17963688333697,11.402672949576456,120.36409558683287
4057,05/05/2023 11:22:50.596716,4239,True,True,True,True,Eyes,-0.03297835,0.02704743,-2.373446,-0.9004308,-0.09945581,-0.4234772,0.0,0.0,0.0,0.0,0.0,0.0,0.0,1.676101,-0.2089617,-1.77097,-0.06069667,0.01918428,-2.446479,-0.02082961,0.9237224,-0.04954413,-0.3792736,6.161442,224.6426,359.9481,-9.50094e-05,0.0120312,-0.9999273,-0.09389006,0.00480958,-0.220271,-1.625273,-0.2658252,-3.724094,0.2155063,-0.06760283,2.027416,-0.7114355,-0.0009000016,0.702751,-0.07606312,0.9942231,-0.07572981,-0.6986231,-0.1073303,-0.7073939,moving,64.81216,13.21669,6.067531,-1.909782,-4.573247134444542,2.066180942587025,60.66087364615206,11.359332754493037,120.84394066585092
4058,05/05/2023 11:22:50.606928,4240,True,True,True,True,Eyes,-0.07996237,0.0158768,-2.46532,-0.7483877,-0.1142904,-0.6533403,0.0,0.0,0.0,0.0,0.0,0.0,0.0,1.64111,-0.2133634,-1.81341,-0.0656254,0.01769263,-2.454099,-0.01938434,0.9275368,-0.04968508,-0.369907,6.114188,223.4872,0.04600303,-0.001474622,0.01196759,-0.999927,-0.08825666,0.004521005,-0.2070547,-1.602311,-0.2671565,-3.765141,0.212602,-0.06944869,2.027647,-0.7255861,0.0007983392,0.6881308,-0.07271709,0.9943113,-0.07782868,-0.6842783,-0.1065103,-0.7214004,moving,48.87913,9.922484,5.985683,-1.961664,-5.372367353491733,2.3066628723983267,44.50933350689171,12.133586531693396,136.3448099688293
4059,05/05/2023 11:22:50.626810,4241,True,True,True,True,Eyes,-0.08015442,0.01604978,-2.465667,-0.7478187,-0.1145176,-0.6539518,0.0,0.0,0.0,0.0,0.0,0.0,0.0,1.604403,-0.2256676,-1.855159,-0.07054497,0.01728557,-2.461985,-0.01952128,0.9312282,-0.05188479,-0.3601957,6.355446,222.2958,0.05879296,-0.004692754,0.01139585,-0.9999237,-0.2239133,-0.02926216,-0.4702524,-1.576446,-0.2780603,-3.805997,0.2093475,-0.07151783,2.027905,-0.7397562,0.001019818,0.6728745,-0.07373489,0.9938537,-0.0825702,-0.6688231,-0.1106961,-0.7351343,moving,48.83098,9.932708,5.89396,-2.019805,-5.375839799270922,2.308416098440712,44.56961132313775,12.072360390273074,136.28817648598226
4060,05/05/2023 11:22:50.646717,4242,True,True,True,True,Eyes,-0.08058828,0.01647087,-2.466351,-0.7465787,-0.1143425,-0.6553976,0.0,0.0,0.0,0.0,0.0,0.0,0.0,1.567038,-0.241812,-1.896129,-0.07542595,0.02170918,-2.47047,-0.02095597,0.9348075,-0.05427839,-0.3503564,6.670757,221.0871,359.9339,-0.007472962,0.0109072,-0.9999123,-0.2104785,-0.02750643,-0.4420373,-1.548948,-0.2872224,-3.846926,0.20608,-0.07359429,2.028165,-0.7536227,-0.001146042,0.6573065,-0.07721315,0.9932294,-0.08679558,-0.6527566,-0.1161638,-0.7486087,moving,48.72114,9.89638,5.801859,-2.078131,-5.380635158175984,2.3093812076901825,44.55842900334438,12.01242852092242,136.29544127665753
4061,05/05/2023 11:22:50.656892,4243,True,True,True,True,Eyes,-0.08122867,0.01684256,-2.467376,-0.745051,-0.113523,-0.6572759,0.0,0.0,0.0,0.0,0.0,0.0,0.0,1.532029,-0.220881,-1.938905,-0.08117544,0.02802798,-2.479491,-0.02215013,0.9384252,-0.04823351,-0.3413813,6.064637,219.9545,359.5021,-0.009991514,0.01048426,-0.9998948,-0.1978498,-0.02585604,-0.415515,-1.52626,-0.263223,-3.889549,0.2028916,-0.07562091,2.028417,-0.7659364,-0.00864044,0.6428584,-0.07450452,0.9943658,-0.07540379,-0.6385849,-0.1056503,-0.7622647,moving,48.58161,9.799303,5.711989,-2.135041,-5.384057765544741,2.3080164835243187,44.49980866693672,11.952531682662773,136.34063435613962
4062,05/05/2023 11:22:50.676613,4244,True,True,True,True,Eyes,-0.08198748,0.0172192,-2.468666,-0.7429456,-0.113315,-0.6596905,0.0,0.0,0.0,0.0,0.0,0.0,0.0,1.505246,-0.1837548,-1.97522,-0.08680712,0.02704587,-2.488525,-0.02090345,0.941249,-0.03968695,-0.3347217,5.089068,219.1196,359.2647,-0.01228291,0.0101183,-0.999873,-0.1859788,-0.02430468,-0.3905841,-1.51143,-0.2327629,-3.925313,0.1997517,-0.07761642,2.028667,-0.7750491,-0.01278253,0.6317719,-0.06591885,0.995976,-0.06071692,-0.6284536,-0.08870426,-0.772773,moving,48.39687,9.746576,5.623476,-2.191057,-5.392561874688457,2.310065628502888,44.40799833275448,11.900134258628821,136.42542622892188
4063,05/05/2023 11:22:50.696671,4245,True,True,True,True,Eyes,-0.08291306,0.01770313,-2.470297,-0.7404575,-0.1130974,-0.6625192,0.0,0.0,0.0,0.0,0.0,0.0,0.0,1.47393,-0.2178592,-2.004818,-0.09043583,0.02766456,-2.496053,-0.02238515,0.94368,-0.04675819,-0.3267733,5.904996,218.1647,359.3266,-0.01437389,0.009803813,-0.9998482,-0.1748201,-0.0228464,-0.3671491,-1.486078,-0.2625926,-3.955309,0.196547,-0.07965375,2.02892,-0.7854363,-0.01169018,0.618832,-0.07280748,0.9946251,-0.0736198,-0.6146453,-0.1028793,-0.7820659,moving,48.17963,9.687474,5.533133,-2.248231,-5.402714071959924,2.312622828821015,44.28526572369228,11.848803265695896,136.54000213893772
4064,05/05/2023 11:22:50.707021,4246,True,True,True,True,Eyes,-0.08398183,0.01825017,-2.4722,-0.7374102,-0.112587,-0.6659957,0.0,0.0,0.0,0.0,0.0,0.0,0.0,1.440286,-0.2248455,-2.040479,-0.09542568,0.03071574,-2.50569,-0.02159324,0.9465131,-0.04680563,-0.3185216,5.875093,217.1656,359.363,-0.01629099,0.009539839,-0.9998215,-0.1643309,-0.02147561,-0.3451201,-1.463009,-0.2603859,-3.991145,0.1933417,-0.08169109,2.029174,-0.7961556,-0.01105935,0.6049911,-0.07069377,0.9946859,-0.07484847,-0.6009483,-0.1023601,-0.7927066,moving,47.91307,9.595169,5.442766,-2.305385,-5.414134290062341,2.314754153645433,44.106120973843666,11.799066476099,136.70570535656225
4065,05/05/2023 11:22:50.726817,4247,True,True,True,True,Eyes,-0.08518235,0.01884803,-2.474398,-0.7339795,-0.1120276,-0.6698686,0.0,0.0,0.0,0.0,0.0,0.0,0.0,1.402594,-0.2101757,-2.078728,-0.09950493,0.03271602,-2.514276,-0.01989009,0.9497322,-0.04233781,-0.3095492,5.320859,216.0741,359.3343,-0.018057,0.009323776,-0.9997932,-0.154471,-0.02018708,-0.3244129,-1.437554,-0.2410264,-4.029674,0.1901594,-0.08371376,2.029428,-0.8075677,-0.01156925,0.5896618,-0.06399177,0.9956238,-0.06810524,-0.5862934,-0.09273307,-0.8047739,moving,47.61477,9.494177,5.353044,-2.362108,-5.427035084154523,2.3172564618677485,43.893336379230746,11.751874609083295,136.90360254203054
4066,05/05/2023 11:22:50.746753,4248,True,True,True,True,Eyes,-0.08652251,0.01948243,-2.476903,-0.7300884,-0.1112107,-0.6742427,0.0,0.0,0.0,0.0,0.0,0.0,0.0,1.365744,-0.2076955,-2.114483,-0.1039358,0.03452964,-2.523378,-0.02036644,0.9525838,-0.04110807,-0.3007982,5.196408,215.0125,359.1904,-0.01969176,0.009152777,-0.9997638,-0.1452028,-0.01897585,-0.3049481,-1.411176,-0.2373451,-4.065818,0.1869135,-0.08577683,2.029685,-0.8182116,-0.01407101,0.5747454,-0.06353194,0.9957907,-0.06606539,-0.5713965,-0.09057014,-0.8156614,moving,47.27726,9.366136,5.261524,-2.419945,-5.440909791246076,2.319387016900311,43.637527163672516,11.704843314731821,137.1404533188141
4067,05/05/2023 11:22:50.756863,4249,True,True,True,True,Eyes,-0.08795423,0.02009123,-2.479683,-0.7259175,-0.1102645,-0.6788856,0.0,0.0,0.0,0.0,0.0,0.0,0.0,1.332364,-0.1846267,-2.149643,-0.1084317,0.03597985,-2.533218,-0.01999326,0.9552531,-0.03554787,-0.2929649,4.567244,214.0605,359.0016,-0.0212134,0.009023684,-0.9997339,-0.1364906,-0.0178373,-0.2866512,-1.388554,-0.2163867,-4.101565,0.1836898,-0.08782591,2.029942,-0.8275439,-0.01736869,0.5611327,-0.0590258,0.9966733,-0.05619977,-0.5582899,-0.07962906,-0.8258161,moving,46.91751,9.225414,5.170621,-2.47737,-5.455476366420425,2.3214420866324885,43.35617481430964,11.659440067321292,137.40107905968517
4068,05/05/2023 11:22:50.776563,4250,True,True,True,True,Eyes,-0.08946802,0.02066061,-2.482711,-0.7212587,-0.1099458,-0.6838844,0.0,0.0,0.0,0.0,0.0,0.0,0.0,1.301001,-0.1733733,-2.180645,-0.1121195,0.03595495,-2.542442,-0.02065299,0.9575614,-0.03305899,-0.2855815,4.307442,213.1685,358.8122,-0.02263658,0.008931116,-0.9997035,-0.1283011,-0.01676706,-0.2694522,-1.36531,-0.209879,-4.133486,0.1804386,-0.08989263,2.030199,-0.8360333,-0.02067095,0.5482892,-0.05843509,0.9969611,-0.0515158,-0.5455581,-0.07510825,-0.8347007,moving,46.52361,9.133101,5.07895,-2.535272,-5.474662607177491,2.326834248334269,43.055902858757115,11.619759732131591,137.68740664227204
4069,05/05/2023 11:22:50.797029,4251,True,True,True,True,Eyes,-0.09106383,0.0212242,-2.485996,-0.7163346,-0.1097765,-0.6890673,0.0,0.0,0.0,0.0,0.0,0.0,0.0,1.268626,-0.1903243,-2.208787,-0.11542,0.03568496,-2.551426,-0.02152354,0.9596506,-0.03638929,-0.2779993,4.692557,212.2617,358.7882,-0.02397427,0.008869689,-0.9996729,-0.1206031,-0.01576104,-0.253285,-1.339683,-0.2257244,-4.162464,0.1772925,-0.09189194,2.030448,-0.8445066,-0.02107776,0.5351307,-0.06154253,0.9964251,-0.05787493,-0.5319978,-0.08180904,-0.8427846,moving,46.1115,9.051819,4.990233,-2.591265,-5.495537549592175,2.3332539079307715,42.737805333408794,11.584570362912137,137.99293992129856
4070,05/05/2023 11:22:50.807183,4252,True,True,True,True,Eyes,-0.092716,0.02176494,-2.489495,-0.7109213,-0.1099651,-0.6946211,0.0,0.0,0.0,0.0,0.0,0.0,0.0,1.23626,-0.206345,-2.236493,-0.1190442,0.03611709,-2.560731,-0.01998198,0.9616798,-0.03877846,-0.2706823,4.899168,211.3975,358.9971,-0.02523734,0.008835935,-0.9996421,-0.1133669,-0.01481538,-0.2380879,-1.315985,-0.2339111,-4.190853,0.1740977,-0.09392267,2.030701,-0.8526635,-0.01743924,0.5221692,-0.05942582,0.9961939,-0.06376738,-0.5190697,-0.08540245,-0.8504545,moving,45.66444,8.995812,4.900146,-2.64812,-5.519868616912812,2.341854356303187,42.394679120604984,11.553205126424444,138.32675534714483
4071,05/05/2023 11:22:50.826795,4253,True,True,True,True,Eyes,-0.0944123,0.02224735,-2.493212,-0.7052383,-0.1102696,-0.7003425,0.0,0.0,0.0,0.0,0.0,0.0,0.0,1.202512,-0.2219751,-2.263263,-0.121885,0.0361432,-2.569338,-0.017651,0.9637166,-0.04100554,-0.2631683,5.067298,210.5158,359.2845,-0.02643544,0.008826031,-0.9996113,-0.1065649,-0.01392645,-0.2238026,-1.290946,-0.2409152,-4.218496,0.1709411,-0.09592918,2.030952,-0.860862,-0.01243839,0.508687,-0.05560383,0.9960139,-0.06974506,-0.5057917,-0.08832581,-0.8581223,moving,45.19957,8.947817,4.81113,-2.704276,-5.545705779893352,2.351318486395143,42.03566767537122,11.524889716719553,138.67731272225
4072,05/05/2023 11:22:50.847293,4254,True,True,True,True,Eyes,-0.09614833,0.02264915,-2.497135,-0.6990616,-0.1109904,-0.7063951,0.0,0.0,0.0,0.0,0.0,0.0,0.0,1.166889,-0.2377179,-2.290287,-0.1247057,0.03521923,-2.578131,-0.01521515,0.9657502,-0.04342686,-0.2553611,5.258521,209.603,359.5852,-0.02757594,0.008835122,-0.9995804,-0.100171,-0.01309087,-0.2103745,-1.264498,-0.2497791,-4.246422,0.1676133,-0.09804495,2.031216,-0.8691186,-0.007209012,0.4945516,-0.05156714,0.9957652,-0.07610827,-0.4919086,-0.0916497,-0.8658099,moving,44.70104,8.929437,4.717286,-2.76347,-5.575147827739315,2.363151136929823,41.65842841542591,11.498540706542208,139.0498280150932
4073,05/05/2023 11:22:50.856801,4255,True,True,True,True,Eyes,-0.09790032,0.02303843,-2.501268,-0.6925668,-0.111926,-0.7126176,0.0,0.0,0.0,0.0,0.0,0.0,0.0,1.129016,-0.2536515,-2.317514,-0.1271405,0.03372179,-2.587003,-0.01329301,0.9678017,-0.04611387,-0.2470967,5.498947,208.6371,359.8307,-0.02866491,0.008857934,-0.9995496,-0.09416073,-0.01230541,-0.197752,-1.235458,-0.2612168,-4.274781,0.1641515,-0.100245,2.031491,-0.8775332,-0.002940835,0.4795071,-0.04851916,0.9953936,-0.08268883,-0.4770552,-0.09582747,-0.8736336,moving,44.18249,8.926138,4.619661,-2.824999,-5.606601208210413,2.376263657781469,41.27113590968887,11.472993157249963,139.4341509273326
4074,05/05/2023 11:22:50.876580,4256,True,True,True,True,Eyes,-0.09966984,0.02345388,-2.505639,-0.685648,-0.1127915,-0.7191417,0.0,0.0,0.0,0.0,0.0,0.0,0.0,1.088391,-0.2744602,-2.344618,-0.1293552,0.03384171,-2.596012,-0.01208392,0.9698521,-0.04957936,-0.2382912,5.850221,207.6087,0.01090924,-0.02970886,0.00889249,-0.9995188,-0.08851109,-0.01156709,-0.1858869,-1.204167,-0.274724,-4.303018,0.1613296,-0.1020387,2.031714,-0.8861425,0.0001894105,0.4634127,-0.04706789,0.9947917,-0.09041031,-0.4610162,-0.1019283,-0.8815184,moving,43.63419,8.913758,4.540083,-2.875146,-5.639393147468257,2.3896761549085204,40.832921272530385,11.460370280217424,139.8673460214147
4075,05/05/2023 11:22:50.897159,4257,True,True,True,True,Eyes,-0.1014479,0.02385403,-2.510214,-0.6784938,-0.1132668,-0.7258215,0.0,0.0,0.0,0.0,0.0,0.0,0.0,1.048359,-0.2705497,-2.374041,-0.131958,0.03485198,-2.605704,-0.0103462,0.9720135,-0.04791062,-0.2297556,5.617893,206.6033,0.1095124,-0.03071218,0.008938524,-0.9994881,-0.08320042,-0.01087306,-0.1747337,-1.174538,-0.2673384,-4.333836,0.1581265,-0.1040743,2.031969,-0.894211,0.001902173,0.4476425,-0.04212876,0.995195,-0.08838531,-0.4456597,-0.0978937,-0.8898342,moving,43.06977,8.869651,4.449752,-2.932038,-5.671505595475681,2.40188758911241,40.38298717991334,11.440743747858455,140.30793618336077
4076,05/05/2023 11:22:50.916519,4258,True,True,True,True,Eyes,-0.145685,0.03298505,-2.629117,-0.4700305,-0.1260169,-0.8736081,0.0,0.0,0.0,0.0,0.0,0.0,0.0,1.011249,-0.2508468,-2.40249,-0.1340148,0.03480446,-2.615021,-0.008993348,0.9740739,-0.0435137,-0.2218238,5.092332,205.6627,0.1026422,-0.0316793,0.008994186,-0.9994574,-0.0782084,-0.01022068,-0.1642496,-1.146296,-0.2510567,-4.363956,0.1548243,-0.1061738,2.032231,-0.9014268,0.001784373,0.4329281,-0.03682511,0.9960513,-0.08078125,-0.4313627,-0.08876099,-0.8978016,moving,28.28174,8.20823,4.356629,-2.990696,-6.538763044203086,2.7469712649216502,26.416413078156488,12.313829357264837,154.02766399044884
4077,05/05/2023 11:22:50.926848,4259,True,True,True,True,Eyes,-0.1457238,0.03299057,-2.629485,-0.4694674,-0.1261595,-0.8738902,0.0,0.0,0.0,0.0,0.0,0.0,0.0,0.9755186,-0.2513171,-2.426984,-0.1355145,0.03434501,-2.624023,-0.009119362,0.975798,-0.04343317,-0.2141234,5.087059,204.755,0.04617937,-0.03428206,0.009362686,-0.9993681,-0.2062273,0.01778561,-0.5111056,-1.11698,-0.2535485,-4.390245,0.151601,-0.1082222,2.032488,-0.9081362,0.0008028071,0.4186746,-0.03639743,0.9960608,-0.08085866,-0.4170902,-0.08866933,-0.9045298,moving,28.24538,8.214771,4.265728,-3.047902,-6.541323413310783,2.7482351942711003,26.49285777612587,12.263260847945602,153.95178986343717
4078,05/05/2023 11:22:50.947051,4260,True,True,True,True,Eyes,-0.1457762,0.03299819,-2.630211,-0.468276,-0.1264286,-0.8744904,0.0,0.0,0.0,0.0,0.0,0.0,0.0,0.9396667,-0.261186,-2.449814,-0.1365683,0.03452165,-2.633046,-0.00966543,0.9773823,-0.04511241,-0.2063868,5.288674,203.8464,359.9843,-0.03646573,0.009684193,-0.9992878,-0.1938537,0.01671847,-0.4804392,-1.086469,-0.2626745,-4.415062,0.1483957,-0.1102596,2.032742,-0.9146224,-0.0002724313,0.4043096,-0.03751485,0.9957429,-0.0841945,-0.4025655,-0.09217377,-0.9107391,moving,28.16836,8.226481,4.17534,-3.104785,-6.546634508313489,2.750803386646934,26.534177919866973,12.216736581868284,153.91091020510225
4079,05/05/2023 11:22:50.957063,4261,True,True,True,True,Eyes,-0.1458545,0.03299911,-2.631261,-0.4666066,-0.1269952,-0.8753002,0.0,0.0,0.0,0.0,0.0,0.0,0.0,0.9041551,-0.2677778,-2.472084,-0.1376247,0.03462847,-2.642017,-0.01010874,0.9788989,-0.04614266,-0.1988111,5.414338,202.9569,359.9169,-0.03835298,0.00996846,-0.9992143,-0.1822225,0.01571536,-0.4516129,-1.056437,-0.2692038,-4.439302,0.1451929,-0.1122956,2.032996,-0.9207442,-0.001443516,0.3901648,-0.03813821,0.9955373,-0.08631854,-0.388299,-0.09435746,-0.9166902,moving,28.06126,8.255305,4.085026,-3.161607,-6.554677032337161,2.755012506824352,26.55570892366649,12.17413927162241,153.89083301504687
4080,05/05/2023 11:22:50.976840,4262,True,True,True,True,Eyes,-0.1459158,0.03301518,-2.632643,-0.4644344,-0.1278601,-0.8763291,0.0,0.0,0.0,0.0,0.0,0.0,0.0,0.8707746,-0.2878219,-2.491053,-0.1384153,0.0345438,-2.650676,-0.01106653,0.9801279,-0.04985671,-0.1916803,5.852876,202.1234,359.8514,-0.04005229,0.01022383,-0.999145,-0.1712891,0.01477244,-0.4245161,-1.027122,-0.2868162,-4.460162,0.1421163,-0.114251,2.033239,-0.9262726,-0.002580142,0.3768457,-0.04080632,0.9947837,-0.09348942,-0.3746388,-0.1019744,-0.9215462,moving,27.92257,8.301121,3.998271,-3.216161,-6.565536686603865,2.760895020735439,26.55221021513887,12.137513399150613,153.89674574059904
4081,05/05/2023 11:22:50.996651,4263,True,True,True,True,Eyes,-0.1459785,0.03303247,-2.634318,-0.4619251,-0.1288812,-0.8775049,0.0,0.0,0.0,0.0,0.0,0.0,0.0,0.8412695,-0.3070236,-2.508409,-0.139101,0.03503249,-2.659612,-0.01222283,0.9811565,-0.05329861,-0.1853158,6.264515,201.3781,359.7561,-0.04158094,0.01045358,-0.9990801,-0.1610118,0.0138861,-0.3990451,-1.000208,-0.3030133,-4.479537,0.1389532,-0.1162613,2.03349,-0.9310175,-0.004230869,0.3649504,-0.04373917,0.9940197,-0.1000584,-0.3623446,-0.1091187,-0.9256348,moving,27.76265,8.355428,3.90908,-3.272226,-6.578136123563591,2.7677531703560154,26.536675362385093,12.102191966774726,153.9150422781647
4082,05/05/2023 11:22:51.006834,4264,True,True,True,True,Eyes,-0.1460286,0.03305139,-2.636275,-0.4589547,-0.1300741,-0.8788864,0.0,0.0,0.0,0.0,0.0,0.0,0.0,0.8145075,-0.3207182,-2.524626,-0.1392746,0.03512343,-2.668219,-0.0125594,0.9820983,-0.05564632,-0.1795237,6.534976,200.7027,359.7296,-0.04295516,0.01066014,-0.9990198,-0.1513511,0.01305293,-0.3751024,-0.9752074,-0.3145262,-4.497837,0.1357095,-0.1183232,2.033746,-0.935227,-0.004689474,0.3540176,-0.0446488,0.9934915,-0.1047909,-0.351222,-0.1138097,-0.9293494,moving,27.57358,8.418591,3.81762,-3.32971,-6.592977510229753,2.77580835801572,26.502230319507095,12.068881262986595,153.95249791458417
4083,05/05/2023 11:22:51.026955,4265,True,True,True,True,Eyes,-0.1460607,0.0330536,-2.638503,-0.4556528,-0.1312408,-0.8804296,0.0,0.0,0.0,0.0,0.0,0.0,0.0,0.7863634,-0.335513,-2.540661,-0.1392112,0.03524222,-2.676803,-0.01232134,0.9830386,-0.05810324,-0.1735148,6.806195,200.0063,359.7657,-0.04419016,0.01084589,-0.998964,-0.14227,0.01226975,-0.3525963,-0.949378,-0.3258251,-4.515947,0.1325578,-0.1203264,2.033996,-0.9394816,-0.004061169,0.3425753,-0.04438826,0.9929444,-0.1099596,-0.3397117,-0.1185113,-0.9330333,moving,27.36313,8.478338,3.728757,-3.385537,-6.608943844168849,2.7842373318716005,26.44494502014996,12.03886099470174,154.0120313551101
4084,05/05/2023 11:22:51.046883,4266,True,True,True,True,Eyes,-0.1460827,0.03302844,-2.640995,-0.4518665,-0.1322645,-0.882226,0.0,0.0,0.0,0.0,0.0,0.0,0.0,0.7562265,-0.3399205,-2.558275,-0.138889,0.0348393,-2.685459,-0.01120202,0.9841194,-0.05857499,-0.1671905,6.836431,199.2752,359.8579,-0.04529858,0.01101214,-0.9989125,-0.1337338,0.01153357,-0.3314405,-0.9225991,-0.3291383,-4.53565,0.1293246,-0.1223819,2.034252,-0.9438437,-0.002461897,0.330383,-0.04163461,0.992887,-0.1115438,-0.3277584,-0.1190353,-0.9372327,moving,27.12103,8.526354,3.6376,-3.442802,-6.62622574481998,2.7928801404996952,26.357772666089147,12.00957329289331,154.0998360405205
4085,05/05/2023 11:22:51.056653,4267,True,True,True,True,Eyes,-0.1460814,0.03298036,-2.643731,-0.4477541,-0.1333418,-0.8841585,0.0,0.0,0.0,0.0,0.0,0.0,0.0,0.7241105,-0.3410356,-2.576533,-0.1385536,0.03414873,-2.694216,-0.0101767,0.9852434,-0.05849592,-0.1605305,6.807433,198.504,359.9266,-0.04629143,0.01115958,-0.9988654,-0.1257098,0.01084155,-0.3115541,-0.8943871,-0.3307546,-4.555985,0.126048,-0.124464,2.034513,-0.9482529,-0.001272292,0.3175139,-0.0388338,0.9929493,-0.1119981,-0.3151326,-0.1185328,-0.9416165,moving,26.85849,8.576269,3.545222,-3.500781,-6.644853793810479,2.802143027449554,26.255734641070777,11.981840258466276,154.20219250405015
4086,05/05/2023 11:22:51.076729,4268,True,True,True,True,Eyes,-0.1460678,0.03292242,-2.646717,-0.4432743,-0.1343638,-0.8862585,0.0,0.0,0.0,0.0,0.0,0.0,0.0,0.6921197,-0.3493602,-2.593035,-0.1380829,0.03356476,-2.702724,-0.009403105,0.9862263,-0.05979416,-0.1539282,6.940351,197.7416,359.992,-0.04717869,0.01128908,-0.9988224,-0.1181672,0.01019106,-0.2928608,-0.8660108,-0.3378306,-4.574496,0.1229511,-0.1264328,2.034758,-0.9524352,-0.0001391577,0.3047407,-0.03695519,0.9926725,-0.1150463,-0.3024916,-0.1208359,-0.9454615,moving,26.57255,8.620846,3.457916,-3.555589,-6.664629267466491,2.81173366461456,26.12569375659106,11.958625364448144,154.33154043217192
4087,05/05/2023 11:22:51.097171,4269,True,True,True,True,Eyes,-0.1460093,0.0328566,-2.649934,-0.4385489,-0.1353193,-0.8884613,0.0,0.0,0.0,0.0,0.0,0.0,0.0,0.6639848,-0.3566822,-2.608685,-0.1376733,0.03327881,-2.711691,-0.008365228,0.9870625,-0.06082691,-0.1481144,7.039752,197.0731,0.0868668,-0.04797057,0.01140206,-0.9987835,-0.1110772,0.009579597,-0.2752892,-0.840683,-0.3434415,-4.59211,0.1197582,-0.1284623,2.035012,-0.9559846,0.001504681,0.2934141,-0.0345327,0.9924603,-0.1176019,-0.2913788,-0.1225579,-0.9487247,moving,26.27118,8.66002,3.367911,-3.612064,-6.685062670722729,2.8214446296855185,25.983913804302404,11.935338826882228,154.47176580767584
4088,05/05/2023 11:22:51.117105,4270,True,True,True,True,Eyes,-0.1458838,0.03274792,-2.653384,-0.4334292,-0.1361383,-0.8908454,0.0,0.0,0.0,0.0,0.0,0.0,0.0,0.6357475,-0.3574177,-2.624511,-0.1366171,0.03300907,-2.720335,-0.007215539,0.9879471,-0.06063788,-0.1422377,6.999847,196.3961,0.1727652,-0.04867391,0.01149969,-0.9987484,-0.1044125,0.009004821,-0.2587718,-0.814568,-0.3441902,-4.61005,0.1165681,-0.1304903,2.035265,-0.959433,0.00299284,0.2819217,-0.03150712,0.992542,-0.1177614,-0.2801715,-0.1218667,-0.9521832,moving,25.94463,8.688674,3.277986,-3.668478,-6.706480498852768,2.831265331193172,25.8161956100011,11.913699452231594,154.63646186430597
4089,05/05/2023 11:22:51.126879,4271,True,True,True,True,Eyes,-0.1457012,0.03257582,-2.65704,-0.4280226,-0.1370192,-0.893321,0.0,0.0,0.0,0.0,0.0,0.0,0.0,0.6051475,-0.3560488,-2.640951,-0.1354014,0.03184118,-2.729147,-0.006354624,0.9888669,-0.06025649,-0.135908,6.943966,195.6645,0.219964,-0.04929492,0.01158185,-0.9987169,-0.09814777,0.008464532,-0.2432455,-0.7863029,-0.3453702,-4.628568,0.1133662,-0.132525,2.035521,-0.9629772,0.003810924,0.2695557,-0.02894643,0.9926575,-0.117444,-0.2680241,-0.1208986,-0.9557964,moving,25.60077,8.720171,3.187737,-3.725052,-6.729103047355705,2.841673969942928,25.636451076130218,11.893931498422244,154.81293914583605
4090,05/05/2023 11:22:51.147087,4272,True,True,True,True,Eyes,-0.1454738,0.03237087,-2.660899,-0.4221908,-0.1379222,-0.8959534,0.0,0.0,0.0,0.0,0.0,0.0,0.0,0.5729636,-0.3620984,-2.655965,-0.1339446,0.03016663,-2.737645,-0.006104284,0.9896879,-0.06140391,-0.1292685,7.072176,194.8967,0.2189614,-0.04983943,0.01164765,-0.9986891,-0.09225891,0.00795666,-0.2286508,-0.7557623,-0.3537709,-4.645687,0.1098907,-0.134734,2.035796,-0.966505,0.003792514,0.2566206,-0.02795786,0.9923846,-0.1199632,-0.2551213,-0.1231196,-0.9590386,moving,25.23074,8.751358,3.089784,-3.786455,-6.753305453594669,2.8527370668125185,25.444423503331826,11.87288007568058,155.00105733198959
4091,05/05/2023 11:22:51.157062,4273,True,True,True,True,Eyes,-0.1451834,0.03211277,-2.66496,-0.4162008,-0.1388148,-0.8986141,0.0,0.0,0.0,0.0,0.0,0.0,0.0,0.5437989,-0.3712024,-2.669725,-0.1325385,0.02918368,-2.746365,-0.006615927,0.9903576,-0.06304209,-0.1231824,7.267292,194.1892,0.140188,-0.05031337,0.01169745,-0.9986647,-0.08672337,0.007479261,-0.2149317,-0.7271938,-0.3637484,-4.661452,0.1067451,-0.1367336,2.036045,-0.9695648,0.002427085,0.2448234,-0.02863562,0.9919638,-0.1232385,-0.2431551,-0.1264984,-0.9617037,moving,24.85162,8.781444,3.001136,-3.842014,-6.778004559490946,2.8639769571180453,25.234804198012316,11.85756740648055,155.20627580308508
4092,05/05/2023 11:22:51.176681,4274,True,True,True,True,Eyes,-0.1448267,0.03182666,-2.669214,-0.4099408,-0.1397148,-0.901348,0.0,0.0,0.0,0.0,0.0,0.0,0.0,0.5199853,-0.3719039,-2.683302,-0.1308122,0.02766306,-2.755164,-0.00708452,0.9909654,-0.0632325,-0.118064,7.295996,193.5917,0.05140577,-0.05072144,0.01173084,-0.9986429,-0.08151997,0.007030505,-0.2020358,-0.7021824,-0.3684339,-4.67691,0.1036315,-0.1387128,2.036292,-0.9720215,0.0008899368,0.2348906,-0.02897199,0.9919029,-0.1236496,-0.2330987,-0.1269953,-0.9641252,moving,24.45645,8.811099,2.913397,-3.896985,-6.803659965306608,2.875605971977341,25.011967765688986,11.844373539395093,155.4241740365767
4093,05/05/2023 11:22:51.196679,4275,True,True,True,True,Eyes,-0.1443861,0.03150262,-2.673657,-0.4036261,-0.1405981,-0.9040564,0.0,0.0,0.0,0.0,0.0,0.0,0.0,0.500193,-0.3756768,-2.695512,-0.1288628,0.0267035,-2.764017,-0.007827839,0.9914318,-0.06390476,-0.1136574,7.382563,193.0759,359.9425,-0.05106676,0.01174828,-0.9986247,-0.07662877,0.006608675,-0.1899137,-0.6795481,-0.3745568,-4.690957,0.1005926,-0.1406444,2.036532,-0.9740416,-0.0009950339,0.2263677,-0.03004804,0.9917098,-0.124935,-0.2243667,-0.1284938,-0.9659964,moving,24.05891,8.839781,2.827774,-3.950616,-6.829408927097149,2.8872461887336884,24.78619356149921,11.832900802403888,155.64467750373427
4094,05/05/2023 11:22:51.207016,4276,True,True,True,True,Eyes,-0.1438698,0.03115165,-2.678276,-0.3974895,-0.1416807,-0.9066029,0.0,0.0,0.0,0.0,0.0,0.0,0.0,0.4837584,-0.376135,-2.707425,-0.1264677,0.02548309,-2.772905,-0.008572583,0.9918513,-0.06402122,-0.1098128,7.404982,192.6245,359.8299,-0.05135217,0.01174991,-0.9986097,-0.07203104,0.006212154,-0.1785189,-0.6585117,-0.3787979,-4.704699,0.09738976,-0.1426801,2.036786,-0.9757352,-0.00294475,0.2189337,-0.03106616,0.9916556,-0.1251163,-0.2167384,-0.1288818,-0.9676848,moving,23.67449,8.882142,2.737536,-4.007116,-6.85507454782055,2.89924622549919,24.586358302698674,11.820152973289314,155.84029191673005
4095,05/05/2023 11:22:51.226972,4277,True,True,True,True,Eyes,-0.128615,0.02184575,-2.798175,-0.2389329,-0.1646169,-0.9569809,0.0,0.0,0.0,0.0,0.0,0.0,0.0,0.4691391,-0.3753555,-2.719071,-0.1238131,0.02449035,-2.781798,-0.009064879,0.9922404,-0.0638577,-0.1062971,7.391676,192.2129,359.745,-0.05158059,0.01173629,-0.998598,-0.06770918,0.005839425,-0.1678077,-0.6386806,-0.3814743,-4.718144,0.09423608,-0.1446846,2.037037,-0.9772379,-0.004413297,0.2121024,-0.03156486,0.99168,-0.1247973,-0.2097869,-0.1286515,-0.9692466,moving,14.01864,9.760323,2.648692,-4.062725,-7.490003860906382,3.191209320873992,17.898390249768497,12.466463688292436,162.34967934027347
4096,05/05/2023 11:22:51.246670,4278,True,True,True,True,Eyes,-0.1284942,0.02179519,-2.798544,-0.2388408,-0.1646241,-0.9570026,0.0,0.0,0.0,0.0,0.0,0.0,0.0,0.4570112,-0.3726912,-2.730562,-0.1209957,0.02359927,-2.790793,-0.008974911,0.9925968,-0.06330388,-0.1032665,7.32654,191.8615,359.726,-0.05101182,0.01133121,-0.9986321,-0.01788242,-0.02242864,-0.5174378,-0.6209117,-0.3821355,-4.731366,0.09106722,-0.1466988,2.03729,-0.9785113,-0.004742588,0.2061404,-0.03089128,0.9918242,-0.1238168,-0.2038678,-0.1275241,-0.9706576,moving,14.01314,9.760522,2.559428,-4.118581,-7.490349733393405,3.1913603015721907,17.994916467256886,12.427118504425748,162.25271840788272
4097,05/05/2023 11:22:51.256573,4279,True,True,True,True,Eyes,-0.1282425,0.02167565,-2.79926,-0.2386207,-0.1646212,-0.9570581,0.0,0.0,0.0,0.0,0.0,0.0,0.0,0.4492464,-0.3606341,-2.742694,-0.1180543,0.02229512,-2.799966,-0.008413367,0.9929668,-0.0611161,-0.1010506,7.06948,191.606,359.7485,-0.05049777,0.01097645,-0.9986624,-0.01680948,-0.02108292,-0.4863915,-0.6064911,-0.376519,-4.745175,0.08776593,-0.1487971,2.037552,-0.9794363,-0.004356754,0.2017081,-0.02906002,0.9923881,-0.1196721,-0.1996513,-0.1230729,-0.9721075,moving,13.99996,9.759802,2.466445,-4.176746,-7.491115847583957,3.1916612229357093,18.090034229141995,12.387350121650234,162.1569374557892
4098,05/05/2023 11:22:51.276976,4280,True,True,True,True,Eyes,-0.1278771,0.02152987,-2.8003,-0.2382328,-0.1647544,-0.9571317,0.0,0.0,0.0,0.0,0.0,0.0,0.0,0.4440839,-0.3602069,-2.752621,-0.1146868,0.02051015,-2.80897,-0.007567745,0.9931542,-0.06110913,-0.09926375,7.058575,191.405,359.8326,-0.05002418,0.01065215,-0.9986899,-0.01580091,-0.01981795,-0.457208,-0.5935475,-0.3797308,-4.75653,0.08473128,-0.1507262,2.037791,-0.980179,-0.002900034,0.1980933,-0.02716372,0.9924168,-0.1198792,-0.1962435,-0.122884,-0.9728249,moving,13.97707,9.76681,2.380984,-4.230207,-7.4928791570443,3.192603934142797,18.17651494147558,12.352784941383327,162.06981994763308
4099,05/05/2023 11:22:51.296876,4281,True,True,True,True,Eyes,-0.1273485,0.02132783,-2.801656,-0.2376736,-0.1647713,-0.9572679,0.0,0.0,0.0,0.0,0.0,0.0,0.0,0.4378448,-0.3641884,-2.762071,-0.1107547,0.01973807,-2.817928,-0.007162046,0.9933258,-0.06173729,-0.0971664,7.125453,191.1657,359.8712,-0.04958399,0.0103553,-0.9987151,-0.01485285,-0.01862887,-0.4297756,-0.5783328,-0.3848355,-4.767621,0.08151901,-0.152768,2.038047,-0.9810152,-0.00223091,0.1939201,-0.02622607,0.9922744,-0.1212586,-0.1921514,-0.1240423,-0.9734947,moving,13.94363,9.76643,2.290529,-4.286764,-7.494898742334141,3.1934410199607446,18.256150320312248,12.316982716602656,161.98901324700086
4100,05/05/2023 11:22:51.306903,4282,True,True,True,True,Eyes,-0.1266446,0.0210881,-2.8033,-0.2367058,-0.1651354,-0.9574448,0.0,0.0,0.0,0.0,0.0,0.0,0.0,0.4301769,-0.3558242,-2.773252,-0.106347,0.01816357,-2.826826,-0.007087765,0.993649,-0.06032261,-0.09472468,6.962618,190.8818,359.8466,-0.04916758,0.01008108,-0.9987386,-0.01396168,-0.01751114,-0.403989,-0.5612817,-0.382778,-4.78055,0.07833889,-0.1547894,2.038299,-0.9819542,-0.002657421,0.1891013,-0.02551358,0.992622,-0.1185362,-0.1873911,-0.1212218,-0.974777,moving,13.88659,9.785817,2.200992,-4.342734,-7.499393572622672,3.195888031499833,18.334916252255013,12.285288046739513,161.9090965271088
4101,05/05/2023 11:22:51.327411,4283,True,True,True,True,Eyes,-0.1257796,0.02080705,-2.80524,-0.2355797,-0.1654484,-0.9576685,0.0,0.0,0.0,0.0,0.0,0.0,0.0,0.4210168,-0.3625179,-2.782235,-0.1016784,0.01706275,-2.835291,-0.008324469,0.9938259,-0.0615895,-0.09191026,7.120049,190.5487,359.6983,-0.04876322,0.009824055,-0.9987611,-0.01312398,-0.01646047,-0.3797497,-0.5414457,-0.3916465,-4.791183,0.07509315,-0.1568523,2.038556,-0.9829666,-0.005224733,0.183711,-0.02786756,0.9922749,-0.1208883,-0.1816602,-0.1239487,-0.9755186,moving,13.81996,9.801763,2.109619,-4.399833,-7.50429297025181,3.1984056094727844,18.406993651422194,12.254000707451992,161.83550455613704
4102,05/05/2023 11:22:51.346872,4284,True,True,True,True,Eyes,-0.1247762,0.02046927,-2.807442,-0.2339576,-0.1659023,-0.9579876,0.0,0.0,0.0,0.0,0.0,0.0,0.0,0.4143376,-0.358268,-2.792788,-0.09698713,0.01580228,-2.8443,-0.009743784,0.9940709,-0.06094058,-0.08952287,7.059679,190.2619,359.5115,-0.04836673,0.009583024,-0.9987828,-0.01233654,-0.01547284,-0.3569647,-0.5232845,-0.3931046,-4.803445,0.07181966,-0.1589331,2.038816,-0.9837816,-0.008460873,0.1791717,-0.03028318,0.9923826,-0.1194139,-0.1767966,-0.1229031,-0.976544,moving,13.72401,9.824921,2.017477,-4.4574,-7.511358532371843,3.2020409514785872,18.466932826734656,12.225618278523969,161.77349004197114
4103,05/05/2023 11:22:51.356822,4285,True,True,True,True,Eyes,-0.1235936,0.02005607,-2.809904,-0.2322501,-0.1663764,-0.9583208,0.0,0.0,0.0,0.0,0.0,0.0,0.0,0.4095618,-0.3590553,-2.801961,-0.09194857,0.01414067,-2.852892,-0.01053641,0.9942268,-0.06123412,-0.08747935,7.100183,190.02,359.4089,-0.04797087,0.009353561,-0.9988042,-0.01159635,-0.01454447,-0.3355468,-0.5064988,-0.3983046,-4.814128,0.06865084,-0.1609471,2.039067,-0.9844727,-0.01023773,0.175239,-0.03166461,0.9922788,-0.1199177,-0.1726582,-0.1236046,-0.9771955,moving,13.62304,9.849085,1.928293,-4.513097,-7.518782982541387,3.205856032002354,18.521322285277936,12.199568866569368,161.7169251397617
4104,05/05/2023 11:22:51.376624,4286,True,True,True,True,Eyes,-0.1222224,0.01958624,-2.812603,-0.2301043,-0.1668611,-0.9587541,0.0,0.0,0.0,0.0,0.0,0.0,0.0,0.405782,-0.3604101,-2.810953,-0.08649724,0.01193082,-2.861535,-0.01078542,0.9943605,-0.06169385,-0.08558632,7.154076,189.7995,359.3712,-0.04756797,0.009131275,-0.9988256,-0.01090057,-0.0136718,-0.315414,-0.4900253,-0.4045365,-4.824553,0.06532499,-0.1630611,2.039331,-0.9851176,-0.01088888,0.1715381,-0.03200948,0.9921551,-0.1208457,-0.1688765,-0.124538,-0.977738,moving,13.49592,9.872843,1.834703,-4.571539,-7.527781039790543,3.210320175060635,18.56405541047034,12.174294214278214,161.67129008421816
4105,05/05/2023 11:22:51.396817,4287,True,True,True,True,Eyes,-0.12067,0.01915968,-2.815537,-0.227801,-0.1674609,-0.9591994,0.0,0.0,0.0,0.0,0.0,0.0,0.0,0.3981845,-0.3558638,-2.820933,-0.08080472,0.01011573,-2.869882,-0.01047616,0.9946214,-0.06101293,-0.08304238,7.071592,189.5071,359.3819,-0.04715234,0.008913751,-0.9988472,-0.01024653,-0.0128515,-0.2964892,-0.4712392,-0.4054849,-4.836063,0.06210366,-0.1651088,2.039587,-0.9859885,-0.01070631,0.1664698,-0.03097295,0.9923354,-0.1196296,-0.1639131,-0.1231095,-0.9787629,moving,13.35972,9.903117,1.744068,-4.628121,-7.537674354120497,3.2153483207258957,18.60323222447508,12.15198552144639,161.62915342565572
4106,05/05/2023 11:22:51.407168,4288,True,True,True,True,Eyes,-0.1189595,0.01905682,-2.818723,-0.2250394,-0.1684577,-0.9596766,0.0,0.0,0.0,0.0,0.0,0.0,0.0,0.3877814,-0.3673029,-2.829418,-0.07494987,0.01075863,-2.878396,-0.01050127,0.9947687,-0.06271475,-0.07995012,7.264643,189.1502,359.3725,-0.04671951,0.008702502,-0.9988694,-0.009631742,-0.01208041,-0.2786998,-0.4498565,-0.4135141,-4.846065,0.05906403,-0.1670407,2.039827,-0.9869955,-0.01086457,0.1603809,-0.03092078,0.9919132,-0.1230942,-0.1577466,-0.1264525,-0.9793497,moving,13.19713,9.956036,1.658559,-4.681484,-7.550363896007079,3.222204244977323,18.63855178044799,12.13559017017286,161.59081764548077
4107,05/05/2023 11:22:51.426775,4289,True,True,True,True,Eyes,-0.117111,0.01901351,-2.822226,-0.2223893,-0.1682978,-0.9603223,0.0,0.0,0.0,0.0,0.0,0.0,0.0,0.3811919,-0.397287,-2.835603,-0.0692207,0.01857207,-2.887672,-0.01365762,0.9946905,-0.06656414,-0.07728817,7.731593,188.82,359.0239,-0.04626437,0.008507841,-0.9988923,-0.009053838,-0.01135558,-0.2619778,-0.4279269,-0.4244045,-4.854593,0.05576348,-0.169139,2.040088,-0.98768,-0.01688097,0.1555738,-0.03745946,0.9907653,-0.1303103,-0.1519374,-0.1345326,-0.9791916,moving,13.03859,9.94022,1.565725,-4.739422,-7.559204385612915,3.225460001064896,18.631116997013063,12.112129523057028,161.59332539223996
4108,05/05/2023 11:22:51.446893,4290,True,True,True,True,Eyes,-0.1150938,0.01882675,-2.825849,-0.2194416,-0.1683344,-0.9609936,0.0,0.0,0.0,0.0,0.0,0.0,0.0,0.3891882,-0.3153047,-2.855903,-0.06405903,0.01977561,-2.898718,-0.01713176,0.9954903,-0.05209141,-0.07740956,6.105832,188.8127,358.4991,-0.04578456,0.008330414,-0.9989159,-0.008510607,-0.01067425,-0.2462592,-0.4194612,-0.3688191,-4.878058,0.05246449,-0.1712357,2.040351,-0.9874288,-0.02604426,0.1559058,-0.04217375,0.993986,-0.1010607,-0.1523361,-0.1063653,-0.9825886,moving,12.86287,9.935533,1.472948,-4.797285,-7.569675893046098,3.229721861321768,18.6221977593196,12.091397190680443,161.59721301315366
4109,05/05/2023 11:22:51.456998,4291,True,True,True,True,Eyes,-0.1129111,0.01885827,-2.829691,-0.2163512,-0.169226,-0.9615377,0.0,0.0,0.0,0.0,0.0,0.0,0.0,0.3908616,-0.3191101,-2.861716,-0.05714452,0.01612983,-2.905252,-0.0163719,0.995521,-0.05324925,-0.07638519,6.230157,188.6985,358.5899,-0.04527698,0.008163504,-0.9989405,-0.007999971,-0.01003379,-0.2314836,-0.4056498,-0.3786535,-4.884939,0.04937455,-0.1731998,2.040596,-0.9877948,-0.02446223,0.1538297,-0.04073204,0.993793,-0.1035204,-0.1503425,-0.1085226,-0.9826599,moving,12.68068,9.981562,1.386066,-4.851468,-7.583199766094046,3.236729267912102,18.643687521246864,12.07752720665482,161.571928179664
4110,05/05/2023 11:22:51.476663,4292,True,True,True,True,Eyes,-0.110599,0.01897366,-2.833802,-0.2128052,-0.1693131,-0.9623134,0.0,0.0,0.0,0.0,0.0,0.0,0.0,0.3802578,-0.3893024,-2.863633,-0.05104253,0.02156469,-2.914356,-0.01538819,0.9951301,-0.0642114,-0.07318763,7.472471,188.3325,358.7733,-0.04473606,0.008012994,-0.9989661,-0.007519973,-0.009431764,-0.2175946,-0.3829105,-0.4185445,-4.8877,0.04615635,-0.175245,2.040852,-0.9888136,-0.02122754,0.1476386,-0.04002546,0.9912802,-0.1255449,-0.1436862,-0.1300498,-0.9810411,moving,12.46966,9.978709,1.295593,-4.907866,-7.595920324071742,3.241988472390518,18.613701634847217,12.061473256335193,161.59602034673472
4111,05/05/2023 11:22:51.497053,4293,True,True,True,True,Eyes,-0.1081527,0.01906792,-2.838039,-0.2090577,-0.1696405,-0.9630769,0.0,0.0,0.0,0.0,0.0,0.0,0.0,0.3666507,-0.3229033,-2.884277,-0.04539941,0.02357336,-2.924917,-0.01309977,0.9961109,-0.05205096,-0.06987353,6.057571,187.9676,358.9154,-0.04416271,0.007880823,-0.9989927,-0.007068774,-0.008865858,-0.2045389,-0.3633822,-0.3688667,-4.910929,0.04298738,-0.1772592,2.041103,-0.9898921,-0.01882367,0.1405673,-0.03337162,0.9942382,-0.1018664,-0.1378398,-0.1055277,-0.9848167,moving,12.24734,9.989846,1.20652,-4.963389,-7.610063209935402,3.2482487259163637,18.587601868923947,12.048366430326052,161.61632060391497
4112,05/05/2023 11:22:51.506887,4294,True,True,True,True,Eyes,-0.105624,0.01925008,-2.842497,-0.2048297,-0.1705781,-0.9638194,0.0,0.0,0.0,0.0,0.0,0.0,0.0,0.3431974,-0.3444425,-2.891862,-0.0397988,0.02313606,-2.932094,-0.00848078,0.9963108,-0.05540806,-0.06498434,6.40234,187.4324,359.4409,-0.04355486,0.00776419,-0.9990203,-0.006644648,-0.008333907,-0.1922666,-0.3373396,-0.3830463,-4.918886,0.03978863,-0.1792926,2.041355,-0.9914103,-0.009697671,0.130429,-0.0241003,0.993716,-0.1093051,-0.1285494,-0.1115095,-0.985414,moving,11.99793,10.03636,1.116627,-5.01942,-7.627712234066518,3.257002342988025,18.576309277846583,12.040042999920988,161.62198220052306
4113,05/05/2023 11:22:51.526855,4295,True,True,True,True,Eyes,-0.1030265,0.01949972,-2.847158,-0.2005066,-0.1710059,-0.9646524,0.0,0.0,0.0,0.0,0.0,0.0,0.0,0.3156437,-0.3804362,-2.900281,-0.03528547,0.02546311,-2.941783,-0.002716499,0.9963695,-0.06067137,-0.05966256,6.962883,186.86,0.1054194,-0.04291354,0.00766466,-0.9990488,-0.006245969,-0.007833872,-0.1807306,-0.3113991,-0.4019414,-4.927599,0.03661136,-0.1813123,2.041608,-0.9928662,0.001826346,0.1192215,-0.01265289,0.9926232,-0.1205781,-0.1185623,-0.1212264,-0.985519,moving,11.74195,10.05251,1.027353,-5.075041,-7.644170742035373,3.264379650404602,18.537674830733494,12.03084622098869,161.6540638815201
4114,05/05/2023 11:22:51.547053,4296,True,True,True,True,Eyes,-0.100373,0.01970986,-2.851941,-0.1958464,-0.1719845,-0.9654354,0.0,0.0,0.0,0.0,0.0,0.0,0.0,0.2957065,-0.3504819,-2.915648,-0.03108524,0.02715326,-2.9512,0.002012305,0.99694,-0.05485173,-0.05566049,6.265958,186.4231,0.5832384,-0.04223904,0.007582707,-0.9990782,-0.005871211,-0.00736384,-0.1698868,-0.2909131,-0.3776394,-4.944335,0.03336111,-0.1833784,2.041865,-0.9937956,0.01011844,0.1107596,-0.002093852,0.9939744,-0.1095918,-0.1112011,-0.1091437,-0.9877864,moving,11.4673,10.10082,0.9360464,-5.131924,-7.6634532678806835,3.27387103684758,18.518741646155362,12.025339277516098,161.66669457922282
4115,05/05/2023 11:22:51.557308,4297,True,True,True,True,Eyes,-0.09766022,0.01988596,-2.856902,-0.1910979,-0.1731505,-0.9661783,0.0,0.0,0.0,0.0,0.0,0.0,0.0,0.2751952,-0.377022,-2.922111,-0.02682273,0.02649529,-2.958916,0.004240917,0.9969062,-0.05923946,-0.05148673,6.757978,185.9626,0.8398443,-0.04153196,0.007515068,-0.9991084,-0.005518938,-0.006922009,-0.1596936,-0.2679703,-0.3974435,-4.950809,0.03021304,-0.1853792,2.042115,-0.9946622,0.01455568,0.1021524,0.0023555,0.9929454,-0.1185491,-0.1031573,-0.1176757,-0.9876796,moving,11.18798,10.16022,0.8476279,-5.186981,-7.683601785293583,3.284046155963128,18.505660217521974,12.022486474115876,161.67357023313673
4116,05/05/2023 11:22:51.576647,4298,True,True,True,True,Eyes,-0.09484813,0.0200619,-2.862001,-0.1864206,-0.1746517,-0.9668217,0.0,0.0,0.0,0.0,0.0,0.0,0.0,0.259161,-0.3942556,-2.930546,-0.02274276,0.02590084,-2.968082,0.004510888,0.9969082,-0.06207367,-0.04796496,7.084368,185.5626,0.8631137,-0.04079581,0.007459271,-0.9991391,-0.005187802,-0.006506688,-0.1501119,-0.2466151,-0.4115748,-4.959475,0.02696523,-0.1874436,2.042372,-0.995358,0.0149486,0.09507331,0.003039161,0.9922531,-0.1241962,-0.09619334,-0.1233308,-0.9876924,moving,10.91372,10.23978,0.7564263,-5.243766,-7.704498174950229,3.2951171945656443,18.51785117237353,12.02080567937305,161.6556896593633
4117,05/05/2023 11:22:51.596601,4299,True,True,True,True,Eyes,-0.09195992,0.0202904,-2.86725,-0.1815724,-0.17629,-0.9674468,0.0,0.0,0.0,0.0,0.0,0.0,0.0,0.2453356,-0.3992738,-2.939459,-0.01812741,0.02620459,-2.976409,0.002170088,0.9970292,-0.06279178,-0.04455874,7.181743,185.1538,0.5730587,-0.04002884,0.007413958,-0.9991705,-0.004876534,-0.006116287,-0.1411052,-0.2236678,-0.4168646,-4.968946,0.02382636,-0.1894386,2.042623,-0.9960198,0.009923127,0.0885802,-0.001268564,0.992105,-0.1254039,-0.08912526,-0.1250171,-0.9881436,moving,10.62973,10.32724,0.6683015,-5.298616,-7.726401993297478,3.306839284602171,18.530985766908035,12.021851246612075,161.63669312041634
4118,05/05/2023 11:22:51.616497,4300,True,True,True,True,Eyes,-0.01763289,0.02643355,-3.002305,-0.05497112,-0.2118073,-0.9757643,0.0,0.0,0.0,0.0,0.0,0.0,0.0,0.2302125,-0.4146273,-2.947443,-0.01349026,0.02782465,-2.985193,-0.00278176,0.9970421,-0.06510789,-0.04074936,7.472903,184.6799,359.9861,-0.03923235,0.007379894,-0.9992024,-0.004583941,-0.00574931,-0.1326389,-0.1972114,-0.427729,-4.977468,0.02060875,-0.1914838,2.042879,-0.9966637,-0.0002408551,0.08161986,-0.01085327,0.9915065,-0.1296039,-0.08089541,-0.1300573,-0.9882012,moving,3.224434,12.24709,0.5779856,-5.35482,-8.278658904717751,3.594152645523531,17.799745076319564,12.590641893615892,162.22138481000255
4119,05/05/2023 11:22:51.626776,4301,True,True,True,True,Eyes,-0.01745743,0.02638656,-3.002629,-0.05464021,-0.2115804,-0.9758321,0.0,0.0,0.0,0.0,0.0,0.0,0.0,0.2143151,-0.3942122,-2.960515,-0.008997384,0.02855621,-2.994175,-0.007538087,0.9973971,-0.06150647,-0.03686916,7.079624,184.1965,359.3937,-0.03552178,0.007536985,-0.9993401,0.2186722,0.0130251,-0.5298443,-0.1709602,-0.4154584,-4.991361,0.01742932,-0.1935046,2.043131,-0.9971679,-0.01050155,0.07447365,-0.01957231,0.9923203,-0.1221369,-0.07261908,-0.1232486,-0.9897155,moving,3.204842,12.23354,0.4887608,-5.410336,-8.279143732027691,3.593965138845418,17.85170740821083,12.567958819226162,162.1692011480748
4120,05/05/2023 11:22:51.647242,4302,True,True,True,True,Eyes,-0.01712089,0.02628745,-3.003258,-0.05404321,-0.2118183,-0.9758137,0.0,0.0,0.0,0.0,0.0,0.0,0.0,0.1973621,-0.3762447,-2.972118,-0.004686389,0.02738092,-3.002203,-0.01024599,0.9976825,-0.05858898,-0.03304888,6.752667,183.7381,359.0438,-0.03236782,0.00766934,-0.9994462,0.2055518,0.01224359,-0.4980536,-0.1462599,-0.4073798,-5.003424,0.01406707,-0.1956418,2.043397,-0.9976058,-0.01657188,0.06714518,-0.02431708,0.9929247,-0.1162292,-0.06474397,-0.1175836,-0.9909505,moving,3.169958,12.2471,0.3944269,-5.469021,-8.281981909436057,3.5955483129851187,17.932220057028864,12.547768194319303,162.08832796641104
4121,05/05/2023 11:22:51.657455,4303,True,True,True,True,Eyes,-0.01663736,0.02624931,-3.004183,-0.05321591,-0.2123644,-0.9757404,0.0,0.0,0.0,0.0,0.0,0.0,0.0,0.1816453,-0.3959871,-2.978525,-0.0006829761,0.02615028,-3.010104,-0.01137354,0.9975763,-0.0619505,-0.02957023,7.138794,183.3272,358.9012,-0.02967307,0.007779009,-0.9995291,0.1932187,0.01150898,-0.4681704,-0.1240286,-0.4241224,-5.009538,0.01088741,-0.1976627,2.04365,-0.9979924,-0.01902817,0.06040631,-0.02635573,0.9920655,-0.1229281,-0.05758792,-0.1242733,-0.9905754,moving,3.121762,12.27862,0.3052365,-5.524487,-8.28657317325513,3.598386012440791,18.024523148910188,12.531799769488856,161.99555126852744
4122,05/05/2023 11:22:51.676603,4304,True,True,True,True,Eyes,-0.01598975,0.02623991,-3.005397,-0.05208693,-0.2129302,-0.9756781,0.0,0.0,0.0,0.0,0.0,0.0,0.0,0.1672648,-0.423057,-2.983772,0.003274273,0.02764641,-3.018123,-0.01131879,0.9974041,-0.06603156,-0.02640223,7.603558,182.9593,358.8963,-0.02726049,0.007875018,-0.999597,0.1816256,0.01081844,-0.4400802,-0.1039249,-0.4407649,-5.014745,0.007823892,-0.1996103,2.043891,-0.9983498,-0.01909206,0.05416216,-0.02606557,0.9910235,-0.1311226,-0.05117257,-0.1323179,-0.9898857,moving,3.055855,12.3111,0.2193237,-5.577924,-8.2922949361308,3.601726133594057,18.112511959649762,12.518531398775279,161.90687286886794
4123,05/05/2023 11:22:51.697061,4305,True,True,True,True,Eyes,-0.01520358,0.0261869,-3.006843,-0.0507756,-0.2137576,-0.9755663,0.0,0.0,0.0,0.0,0.0,0.0,0.0,0.1544062,-0.4219031,-2.992803,0.007135503,0.02834114,-3.026194,-0.01060293,0.9975164,-0.0655088,-0.02361374,7.53853,182.6434,358.9562,-0.02506694,0.007960739,-0.9996538,0.1707281,0.01016933,-0.4136754,-0.08603255,-0.4398009,-5.024041,0.004603334,-0.2016572,2.044149,-0.9986603,-0.01805937,0.04849935,-0.024247,0.9911923,-0.1301914,-0.04572101,-0.1311929,-0.9903023,moving,2.979403,12.35884,0.1290274,-5.634052,-8.29945953367824,3.606112570831204,18.217266633190047,12.50679948217085,161.80135052062099
4124,05/05/2023 11:22:51.716643,4306,True,True,True,True,Eyes,-0.01428462,0.02616106,-3.008515,-0.0490945,-0.2151094,-0.9753551,0.0,0.0,0.0,0.0,0.0,0.0,0.0,0.139874,-0.444043,-2.997368,0.01119856,0.02728702,-3.033164,-0.009283364,0.9973509,-0.06915716,-0.02055524,7.951194,182.2984,359.0932,-0.02306663,0.008035662,-0.9997013,0.1604844,0.009559174,-0.3888549,-0.06684566,-0.4573708,-5.028208,0.001199946,-0.2038204,2.044418,-0.9989827,-0.01567446,0.04228559,-0.02136062,0.9902622,-0.1375663,-0.03971755,-0.1383295,-0.9895897,moving,2.881551,12.43718,0.03362905,-5.693352,-8.309532899792654,3.6126036489768927,18.352843104988278,12.498366367697537,161.66482896388217
4125,05/05/2023 11:22:51.726920,4307,True,True,True,True,Eyes,-0.01323546,0.02618812,-3.010425,-0.04718397,-0.216563,-0.9751278,0.0,0.0,0.0,0.0,0.0,0.0,0.0,0.1214311,-0.4875787,-2.998637,0.01528266,0.02805645,-3.040276,-0.007991249,0.9969305,-0.07604089,-0.01684112,8.736131,181.8764,359.2248,-0.02123539,0.008101732,-0.9997414,0.1508553,0.008985624,-0.3655236,-0.0451645,-0.4858675,-5.029056,-0.001920477,-0.2058038,2.044665,-0.9993051,-0.01337221,0.03479419,-0.01849467,0.9883079,-0.1513458,-0.03236354,-0.1518841,-0.9878685,moving,2.770237,12.52141,-0.05381575,-5.747695,-8.320735974916145,3.619739111361626,18.48608859212266,12.493630050382835,161.5305108338492
4126,05/05/2023 11:22:51.746970,4308,True,True,True,True,Eyes,-0.01206376,0.02623032,-3.012551,-0.04479015,-0.2180569,-0.9749077,0.0,0.0,0.0,0.0,0.0,0.0,0.0,0.1036851,-0.5022232,-3.004582,0.0193921,0.02939581,-3.047826,-0.008334304,0.9968285,-0.07804391,-0.01315095,8.963891,181.4455,359.1552,-0.01955167,0.008161538,-0.9997753,0.141804,0.008446487,-0.3435922,-0.02266278,-0.4943686,-5.034976,-0.005022999,-0.2077757,2.044912,-0.9995154,-0.01456304,0.02751937,-0.01866844,0.9876794,-0.1553736,-0.0249176,-0.155812,-0.9874727,moving,2.630488,12.60779,-0.1407376,-5.801693,-8.333785965481264,3.627712176179205,18.616894361127592,12.49158610808373,161.3983503186568
4127,05/05/2023 11:22:51.758095,4309,True,True,True,True,Eyes,-0.01077108,0.02628894,-3.014906,-0.04218744,-0.2195652,-0.9746853,0.0,0.0,0.0,0.0,0.0,0.0,0.0,0.08630174,-0.5177889,-3.009942,0.0235922,0.02988601,-3.055135,-0.008905388,0.9966826,-0.08033912,-0.009500991,9.225145,181.0163,359.0581,-0.01799726,0.008216131,-0.9998041,0.1332958,0.007939697,-0.3229766,0.0007893667,-0.5053744,-5.040132,-0.008954328,-0.2102747,2.045224,-0.9996609,-0.01622509,0.02036985,-0.01927829,0.9869326,-0.159976,-0.01750804,-0.1603144,-0.9869109,moving,2.478395,12.69499,-0.2508488,-5.870101,-8.34763178614304,3.636043089436373,18.76463097313985,12.486980026164112,161.24924963255486
4128,05/05/2023 11:22:51.776760,4310,True,True,True,True,Eyes,-0.009354084,0.0263416,-3.017476,-0.03919132,-0.2207409,-0.9745447,0.0,0.0,0.0,0.0,0.0,0.0,0.0,0.06793396,-0.5254989,-3.017025,0.02772069,0.03036691,-3.062926,-0.009420262,0.9966279,-0.08131044,-0.00573052,9.333481,180.5743,358.9638,-0.01655522,0.008266511,-0.9998286,0.125298,0.007463316,-0.303598,0.0229621,-0.5100853,-5.047002,-0.01130052,-0.2117663,2.045408,-0.9997568,-0.01784509,0.01295432,-0.01970889,0.9865997,-0.1619645,-0.009890459,-0.1621805,-0.9867115,moving,2.302909,12.76252,-0.3165458,-5.910919,-8.361873539023456,3.643972526459068,18.85626865357948,12.490926727456998,161.15596238905803
4129,05/05/2023 11:22:51.796713,4311,True,True,True,True,Eyes,-0.00781575,0.02636225,-3.020249,-0.0359715,-0.2218002,-0.9744284,0.0,0.0,0.0,0.0,0.0,0.0,0.0,0.04777936,-0.5163798,-3.026828,0.03187905,0.03033899,-3.070615,-0.00950889,0.9967816,-0.07957993,-0.001746707,9.130335,180.1142,358.916,-0.01521007,0.008312849,-0.9998496,0.1177801,0.007015517,-0.2853822,0.04644077,-0.5050381,-5.056515,-0.01447968,-0.2137871,2.04566,-0.999813,-0.01867856,0.004995604,-0.01923458,0.9871532,-0.1586144,-0.001968738,-0.1586808,-0.9873279,moving,2.114142,12.82323,-0.4055469,-5.96619,-8.376567896816905,3.651895173728634,18.957614198236634,12.491786827383605,161.05301087027857
4130,05/05/2023 11:22:51.807133,4312,True,True,True,True,Eyes,-0.006112912,0.02638563,-3.02321,-0.03224605,-0.2227084,-0.9743517,0.0,0.0,0.0,0.0,0.0,0.0,0.0,0.02496476,-0.5116463,-3.035626,0.0362529,0.02957717,-3.078187,-0.009283832,0.9968521,-0.07869392,0.002662368,9.023699,179.6073,358.9018,-0.01394841,0.008354423,-0.9998676,0.1107133,0.006594586,-0.2682592,0.07167453,-0.5040812,-5.064794,-0.01767171,-0.2158159,2.045914,-0.9998136,-0.01892824,-0.003846812,-0.01809019,0.9874421,-0.1569418,0.006769137,-0.156843,-0.9876005,moving,1.895505,12.87497,-0.4948835,-6.021652,-8.392613949106035,3.660126516938416,19.047211874492714,12.494438022487719,160.96167352852154
4131,05/05/2023 11:22:51.826934,4313,True,True,True,True,Eyes,-0.004304601,0.02638769,-3.026367,-0.02824092,-0.2235104,-0.9742924,0.0,0.0,0.0,0.0,0.0,0.0,0.0,-0.002785046,-0.5138155,-3.042926,0.0407409,0.02958295,-3.085592,-0.009529245,0.9968119,-0.07882011,0.007924486,9.03203,178.9963,358.8253,-0.01275654,0.008391745,-0.9998832,0.1040705,0.006198911,-0.2521637,0.1012127,-0.5065271,-5.071503,-0.02120758,-0.2180634,2.046195,-0.9996929,-0.02024695,-0.01429625,-0.01774851,0.9873931,-0.1572887,0.01730064,-0.1569866,-0.9874493,moving,1.660315,12.92054,-0.5938151,-6.083063,-8.409346228069934,3.668467932539335,19.13682391331788,12.496994932466828,160.87040215040062
4132,05/05/2023 11:22:51.846734,4314,True,True,True,True,Eyes,-0.002373009,0.02634091,-3.029697,-0.02380134,-0.2242409,-0.974243,0.0,0.0,0.0,0.0,0.0,0.0,0.0,-0.03101423,-0.5095782,-3.05144,0.0449828,0.02907274,-3.093386,-0.01035801,0.996814,-0.07797118,0.01323622,8.926733,178.3756,358.6825,-0.01162347,0.008424503,-0.9998967,0.09782629,0.005826976,-0.2370339,0.1303903,-0.5050628,-5.079373,-0.02402829,-0.2198563,2.046418,-0.9994353,-0.02271411,-0.02477285,-0.01858593,0.9876264,-0.1557197,0.02800335,-0.1551713,-0.9874908,moving,1.399492,12.96198,-0.6727152,-6.132035,-8.427425426928139,3.677255735784223,19.20613057073071,12.504307875399023,160.79944028873476
4133,05/05/2023 11:22:51.858063,4315,True,True,True,True,Eyes,-0.0003390687,0.02625418,-3.033214,-0.01914106,-0.2250075,-0.974169,0.0,0.0,0.0,0.0,0.0,0.0,0.0,-0.05855926,-0.5141598,-3.057884,0.04919413,0.02786361,-3.100846,-0.01124154,0.9966663,-0.07868014,0.01842707,8.999242,177.766,358.5317,-0.01053971,0.008451483,-0.9999085,0.09195672,0.005477357,-0.2228118,0.1594844,-0.5106539,-5.084947,-0.02719002,-0.2218657,2.046669,-0.9990681,-0.02530781,-0.0349623,-0.01950843,0.9873661,-0.15725,0.03850025,-0.1564214,-0.9869397,moving,1.125637,13.00574,-0.7611302,-6.186893,-8.446421024061626,3.686495310240209,19.285151073810255,12.511894012306604,160.71899404720617
4134,05/05/2023 11:22:51.877044,4316,True,True,True,True,Eyes,0.001835089,0.02613864,-3.036907,-0.01437631,-0.2258114,-0.974065,0.0,0.0,0.0,0.0,0.0,0.0,0.0,-0.08409346,-0.520331,-3.064381,0.05359279,0.02684728,-3.108803,-0.01224007,0.9964793,-0.07959801,0.02331034,9.094594,177.1902,358.369,-0.009497271,0.008471893,-0.9999187,0.08643932,0.005148716,-0.2094431,0.1876628,-0.5168467,-5.090563,-0.03039952,-0.223906,2.046923,-0.9986137,-0.02810486,-0.04450798,-0.02068303,0.9870287,-0.1592062,0.04840511,-0.1580649,-0.9862416,moving,0.8455722,13.05197,-0.8508556,-6.242572,-8.465924795535274,3.696019566079843,19.368975663941985,12.520578308135118,160.634043761113
4135,05/05/2023 11:22:51.896906,4317,True,True,True,True,Eyes,0.00411734,0.0260118,-3.040786,-0.009348904,-0.2265648,-0.9739512,0.0,0.0,0.0,0.0,0.0,0.0,0.0,-0.1111471,-0.5240335,-3.070982,0.0582378,0.02603257,-3.1167,-0.01330068,0.9962942,-0.08007064,0.02845548,9.136721,176.5839,358.1972,-0.008487234,0.008485409,-0.9999277,0.08125296,0.004839793,-0.1968765,0.2172754,-0.5210257,-5.096251,-0.03370813,-0.2260087,2.047186,-0.9980268,-0.03105968,-0.05457006,-0.02194589,0.9868236,-0.1603048,0.05883003,-0.1587909,-0.985558,moving,0.5499621,13.09549,-0.9433236,-6.299924,-8.486234654846015,3.705804091557877,19.452814357136617,12.530367186300195,160.54936030161306
4136,05/05/2023 11:22:51.907009,4318,True,True,True,True,Eyes,0.006502999,0.02587116,-3.044843,-0.004171563,-0.2273567,-0.9738027,0.0,0.0,0.0,0.0,0.0,0.0,0.0,-0.1409581,-0.5245878,-3.078182,0.06300929,0.02564469,-3.125002,-0.01440466,0.9961145,-0.07993985,0.03403104,9.106964,175.9288,358.0186,-0.007503426,0.008492302,-0.9999355,0.07637779,0.004549405,-0.1850639,0.2486227,-0.5221794,-5.102574,-0.03688446,-0.2280279,2.047437,-0.9972689,-0.03413825,-0.06549462,-0.0232565,0.9868042,-0.1602389,0.07010065,-0.1582781,-0.9849032,moving,0.2454414,13.14161,-1.032068,-6.354977,-8.507224222388215,3.715949080219891,19.538396426412717,12.541989980157153,160.4632878737833
4137,05/05/2023 11:22:51.926825,4319,True,True,True,True,Eyes,0.008978519,0.02568506,-3.049066,0.001272427,-0.2281382,-0.9736279,0.0,0.0,0.0,0.0,0.0,0.0,0.0,-0.1739668,-0.5212076,-3.085571,0.06775023,0.02514911,-3.133279,-0.01501337,0.9959428,-0.07918685,0.04002975,9.005492,175.2311,357.8969,-0.006539788,0.008492746,-0.9999423,0.07179512,0.004276441,-0.1739601,0.2812696,-0.5210057,-5.109062,-0.04010329,-0.2300738,2.047694,-0.9963448,-0.03624457,-0.07735694,-0.02356526,0.9870081,-0.1589331,0.08211237,-0.1565292,-0.9842544,moving,-0.07487939,13.18749,-1.121972,-6.410724,-8.529164857203183,3.726486508991498,19.626166078063047,12.555060450965957,160.37542794124624
4138,05/05/2023 11:22:51.946919,4320,True,True,True,True,Eyes,0.01153145,0.02544602,-3.053452,0.006877483,-0.2291391,-0.9733694,0.0,0.0,0.0,0.0,0.0,0.0,0.0,-0.2094775,-0.5228476,-3.091462,0.07227272,0.02386967,-3.141431,-0.01397385,0.995672,-0.07940149,0.04623384,9.022571,174.5218,357.9593,-0.005591128,0.008485861,-0.9999481,0.06748741,0.004019855,-0.1635225,0.3132675,-0.524891,-5.113906,-0.04334758,-0.2321357,2.047952,-0.9953346,-0.03516881,-0.08984838,-0.02048467,0.9870002,-0.1594078,0.09428655,-0.1568235,-0.9831159,moving,-0.4048249,13.24671,-1.212559,-6.466884,-8.552391581785376,3.737949017498377,19.730134889887065,12.570272838871206,160.27183942802978
4139,05/05/2023 11:22:51.967024,4321,True,True,True,True,Eyes,0.01416568,0.02516363,-3.057992,0.01275777,-0.2303567,-0.9730226,0.0,0.0,0.0,0.0,0.0,0.0,0.0,-0.2465028,-0.5337786,-3.095353,0.07669576,0.02238698,-3.149683,-0.01263207,0.9952309,-0.08115371,0.05263103,9.21872,173.788,358.0443,-0.004654577,0.008470629,-0.9999531,0.06343817,0.003778663,-0.1537111,0.3455985,-0.5351682,-5.116648,-0.04651886,-0.2341517,2.048203,-0.9941407,-0.03368605,-0.1027098,-0.01660124,0.986509,-0.162863,0.1068103,-0.1602037,-0.9812881,moving,-0.7511894,13.31918,-1.30108,-6.521772,-8.577314060912315,3.7505060323754127,19.848570627082253,12.588219813921388,160.15430530917592
4140,05/05/2023 11:22:51.976888,4322,True,True,True,True,Eyes,0.01686513,0.02486563,-3.062698,0.01878834,-0.2317937,-0.9725835,0.0,0.0,0.0,0.0,0.0,0.0,0.0,-0.2842352,-0.5540819,-3.096993,0.08116357,0.0211158,-3.157866,-0.01161124,0.9946083,-0.08437195,0.05917118,9.582057,173.0296,358.0774,-0.003726521,0.00844646,-0.9999572,0.05963188,0.003551943,-0.1444885,0.3788064,-0.5510224,-5.117085,-0.04978122,-0.2362252,2.048462,-0.9927282,-0.03308205,-0.115745,-0.01311249,0.9854931,-0.1692082,0.1196636,-0.1664599,-0.9787607,moving,-1.106701,13.40511,-1.392114,-6.578196,-8.603499788430716,3.763981999108985,19.985344111878707,12.608121618815169,160.0190204207518
4141,05/05/2023 11:22:51.996678,4323,True,True,True,True,Eyes,0.08621074,0.01704909,-3.184455,0.1765987,-0.2637109,-0.9482982,0.0,0.0,0.0,0.0,0.0,0.0,0.0,-0.3234534,-0.5673581,-3.099652,0.08552621,0.02048621,-3.166485,-0.0109491,0.9940234,-0.08633684,0.06590531,9.799359,172.2482,358.0723,-0.002803233,0.008413693,-0.9999604,0.05605397,0.003338827,-0.1358192,0.4128599,-0.5611252,-5.118773,-0.05302945,-0.23829,2.048719,-0.9910732,-0.03314742,-0.1291322,-0.0103872,0.9848521,-0.1730849,0.1329135,-0.1701985,-0.9764048,moving,-10.54918,15.54064,-1.482724,-6.634358,-9.29130676188877,4.114439994912026,23.956860409910558,13.285730054637238,156.30799690189306
4142,05/05/2023 11:22:52.011671,4324,True,True,True,True,Eyes,0.08640251,0.01702206,-3.184804,0.1770543,-0.26373,-0.948208,0.0,0.0,0.0,0.0,0.0,0.0,0.0,-0.3632344,-0.5698461,-3.103879,0.08995711,0.01982979,-3.175255,-0.01100342,0.9935277,-0.08654846,0.0727404,9.809669,171.4532,357.9962,0.0004939908,0.008079008,-0.9999669,0.2607276,-0.02031112,-0.4929425,0.447705,-0.5638968,-5.122141,-0.05606955,-0.2402224,2.048961,-0.9891757,-0.03445554,-0.1426346,-0.009273264,0.9847766,-0.1735774,0.1464439,-0.1703758,-0.9744366,moving,-10.57676,15.54312,-1.567501,-6.686893,-9.29311882462855,4.115272486950047,23.986250763911602,13.280510155098455,156.2799599934287
4143,05/05/2023 11:22:52.036796,4325,True,True,True,True,Eyes,0.0867679,0.0169706,-3.185506,0.1780169,-0.263669,-0.9480447,0.0,0.0,0.0,0.0,0.0,0.0,0.0,-0.4034498,-0.5702404,-3.107883,0.09427907,0.01913747,-3.183964,-0.01153459,0.9930049,-0.08641052,0.07963408,9.774739,170.6476,357.8675,0.003277721,0.007794394,-0.9999639,0.2450839,-0.01909245,-0.463366,0.4832225,-0.5651982,-5.125302,-0.05931872,-0.2422875,2.049218,-0.9870508,-0.03667025,-0.1561606,-0.009145371,0.9848003,-0.1734492,0.1601475,-0.169775,-0.9723834,moving,-10.63475,15.54225,-1.658078,-6.743012,-9.296610031305685,4.116713385514863,24.025268835212398,13.27707825698406,156.2436872323163
4144,05/05/2023 11:22:52.047308,4326,True,True,True,True,Eyes,0.08730163,0.01689583,-3.18657,0.1793968,-0.263476,-0.9478382,0.0,0.0,0.0,0.0,0.0,0.0,0.0,-0.442989,-0.565957,-3.112802,0.09868367,0.01848901,-3.193118,-0.01178207,0.9925174,-0.08552516,0.0863483,9.656194,169.8683,357.7817,0.005673063,0.007547672,-0.9999552,0.2303789,-0.0179469,-0.435564,0.5178728,-0.5636318,-5.12946,-0.06261426,-0.2443822,2.049479,-0.9848104,-0.03815772,-0.169389,-0.008617913,0.9850932,-0.1718051,0.1734197,-0.1677357,-0.970459,moving,-10.71756,15.53464,-1.749917,-6.799907,-9.301261796650593,4.118447083614792,24.067625779678767,13.275287723175335,156.20514871236716
4145,05/05/2023 11:22:52.058275,4327,True,True,True,True,Eyes,0.08799765,0.01678712,-3.187971,0.1812426,-0.2631064,-0.9475897,0.0,0.0,0.0,0.0,0.0,0.0,0.0,-0.4840773,-0.5545386,-3.118648,0.1028884,0.01784257,-3.202639,-0.01191304,0.9920678,-0.08351111,0.09319757,9.408761,169.079,357.7226,0.007844596,0.007323068,-0.9999421,0.2165562,-0.01687009,-0.4094302,0.5527838,-0.557658,-5.134727,-0.06596026,-0.2465089,2.049746,-0.9823448,-0.03920314,-0.1829268,-0.00807101,0.985768,-0.1679179,0.1869063,-0.1634768,-0.9686804,moving,-10.82801,15.51777,-1.843127,-6.857636,-9.307114051833375,4.120417614330046,24.111966244761646,13.275118224296207,156.1658161199248
4146,05/05/2023 11:22:52.076800,4328,True,True,True,True,Eyes,0.08887766,0.01665653,-3.1897,0.1834566,-0.2627042,-0.9472752,0.0,0.0,0.0,0.0,0.0,0.0,0.0,-0.5247451,-0.53556,-3.125454,0.107215,0.01681287,-3.212299,-0.0121799,0.9916674,-0.0803659,0.09994427,9.030363,168.3055,357.6659,0.009819678,0.007117241,-0.9999261,0.2035628,-0.01585788,-0.3848644,0.5876117,-0.5475817,-5.141011,-0.06941739,-0.2487064,2.05002,-0.9797258,-0.04022104,-0.1962652,-0.008092597,0.9867859,-0.1618271,0.2001806,-0.1569578,-0.9671051,moving,-10.96065,15.50009,-1.939398,-6.917264,-9.31427722292703,4.122915239044811,24.164452156190507,13.276837017264198,156.11945470070188
4147,05/05/2023 11:22:52.096641,4329,True,True,True,True,Eyes,0.08989651,0.01650177,-3.19177,0.1860727,-0.2620859,-0.946936,0.0,0.0,0.0,0.0,0.0,0.0,0.0,-0.5655056,-0.5285125,-3.12973,0.1114224,0.01610625,-3.222057,-0.012377,0.9910673,-0.07906578,0.1066821,8.863338,167.5261,357.5984,0.01162322,0.0069276,-0.9999081,0.191349,-0.01490641,-0.3617725,0.6214149,-0.5440599,-5.144957,-0.07218572,-0.250466,2.050239,-0.9769316,-0.04140268,-0.2095011,-0.007663072,0.9871908,-0.1593598,0.2134155,-0.1540782,-0.9647352,moving,-11.11697,15.47063,-2.016462,-6.964987,-9.322267304144148,4.125420090118412,24.211075069660847,13.280509047721383,156.07989494222406
4148,05/05/2023 11:22:52.107110,4330,True,True,True,True,Eyes,0.09108763,0.01631229,-3.194134,0.1890338,-0.2614485,-0.9465257,0.0,0.0,0.0,0.0,0.0,0.0,0.0,-0.6045617,-0.5103311,-3.13611,0.1156545,0.01531721,-3.232261,-0.01211294,0.9906014,-0.07606958,0.1130296,8.509362,166.8036,357.6128,0.01327647,0.006751718,-0.9998887,0.1798681,-0.01401203,-0.3400662,0.6536725,-0.5344394,-5.151164,-0.07529393,-0.2524417,2.050485,-0.9741551,-0.04119441,-0.2220916,-0.006801959,0.9881334,-0.1534475,0.2257773,-0.147971,-0.9628754,moving,-11.29414,15.44117,-2.10296,-7.018548,-9.331529022815872,4.1284589205681455,24.267606442167384,13.285630335245948,156.03153255967823
4149,05/05/2023 11:22:52.127158,4331,True,True,True,True,Eyes,0.09240716,0.01607486,-3.196798,0.1923248,-0.2607926,-0.9460436,0.0,0.0,0.0,0.0,0.0,0.0,0.0,-0.6431422,-0.4971981,-3.140687,0.1197789,0.01423274,-3.241944,-0.01096816,0.9900445,-0.074016,0.1192197,8.276077,166.1022,357.7202,0.01479954,0.006587091,-0.9998684,0.169076,-0.0131713,-0.3196622,0.6845341,-0.5295159,-5.155544,-0.07853174,-0.2545001,2.05074,-0.9713327,-0.03936627,-0.2344419,-0.004069609,0.9888027,-0.1491735,0.2376892,-0.143943,-0.9606166,moving,-11.49128,15.41176,-2.193032,-7.074325,-9.342011328152674,4.132011736559393,24.33272353224622,13.292474881959148,155.97567707955997
4150,05/05/2023 11:22:52.147257,4332,True,True,True,True,Eyes,0.09385782,0.0159302,-3.199756,0.1961179,-0.2605581,-0.9453292,0.0,0.0,0.0,0.0,0.0,0.0,0.0,-0.6820849,-0.490703,-3.143836,0.1240744,0.01282452,-3.251795,-0.008806124,0.9893661,-0.07315663,0.1254014,8.195359,165.4043,357.9288,0.01620849,0.006431134,-0.9998475,0.1589314,-0.01238103,-0.3004825,0.7145758,-0.5303802,-5.158449,-0.08175382,-0.2565478,2.050998,-0.968394,-0.03577284,-0.2468473,0.0009229237,0.9891411,-0.146966,0.2494242,-0.1425488,-0.9578453,moving,-11.72032,15.40964,-2.28263,-7.129777,-9.355869335148608,4.137769729239719,24.43553378250594,13.303695877007044,155.88440708857414
4151,05/05/2023 11:22:52.166946,4333,True,True,True,True,Eyes,0.09543279,0.01606098,-3.203028,0.2003043,-0.2603509,-0.9445081,0.0,0.0,0.0,0.0,0.0,0.0,0.0,-0.7250718,-0.5098807,-3.141735,0.1287318,0.01498823,-3.26181,-0.006230679,0.9882901,-0.07579891,0.1322823,8.521132,164.6128,358.1244,0.01751956,0.006285729,-0.9998263,0.1493955,-0.01163816,-0.2824535,0.747037,-0.5418324,-5.156385,-0.08501565,-0.258621,2.051258,-0.9649255,-0.03236915,-0.2605221,0.007738277,0.9884314,-0.151471,0.2624113,-0.1481742,-0.9535121,moving,-11.97347,15.41072,-2.373301,-7.185894,-9.3713655017098,4.144307970759645,24.55137896521409,13.31714622087993,155.7815865205145
4152,05/05/2023 11:22:52.178598,4334,True,True,True,True,Eyes,0.09713484,0.01615402,-3.206608,0.2048569,-0.2595974,-0.9437388,0.0,0.0,0.0,0.0,0.0,0.0,0.0,-0.7690696,-0.5194251,-3.141148,0.1331608,0.02173327,-3.272595,-0.006069871,0.9872965,-0.07601015,0.1393965,8.534035,163.7836,358.0775,0.01874563,0.00615842,-0.9998049,0.1404318,-0.01093987,-0.2655063,0.7821028,-0.5373931,-5.156914,-0.08820164,-0.2606459,2.05151,-0.9610634,-0.03317663,-0.2743287,0.009205583,0.9883713,-0.1517813,0.2761742,-0.1483968,-0.9495821,moving,-12.24717,15.38016,-2.461831,-7.240678,-9.386456921078189,4.149763029525753,24.646605672326665,13.330138446166703,155.69990016699506
4153,05/05/2023 11:22:52.196632,4335,True,True,True,True,Eyes,0.09892926,0.01615046,-3.210343,0.209638,-0.2594684,-0.9427238,0.0,0.0,0.0,0.0,0.0,0.0,0.0,-0.8053707,-0.4538668,-3.153806,0.1376657,0.02076411,-3.283553,-0.006293721,0.9872111,-0.06576633,0.1450848,7.355434,163.1618,358.1793,0.01989908,0.00604614,-0.9997833,0.1320059,-0.01028348,-0.2495759,0.8128843,-0.499404,-5.170501,-0.09137815,-0.2626653,2.051762,-0.9578218,-0.03150985,-0.2856309,0.006656926,0.9912704,-0.1316767,0.2872865,-0.1280243,-0.9492506,moving,-12.53714,15.38865,-2.550064,-7.29529,-9.404587051824455,4.1576211859515135,24.78513306305568,13.347421507590377,155.5769154968248
4154,05/05/2023 11:22:52.207054,4336,True,True,True,True,Eyes,0.1008325,0.01627715,-3.214321,0.2151692,-0.2602897,-0.94125,0.0,0.0,0.0,0.0,0.0,0.0,0.0,-0.8490953,-0.4919671,-3.144601,0.1415752,0.01855111,-3.291067,-0.0003573269,0.9857552,-0.07247414,0.15177,8.208459,162.4003,358.6856,0.02098869,0.00594445,-0.9997616,0.1240855,-0.009666473,-0.2346014,0.8400457,-0.5340583,-5.160919,-0.09435374,-0.2645567,2.051998,-0.9539316,-0.02270327,-0.2991643,0.02129432,0.9894947,-0.142992,0.2992679,-0.1427751,-0.9434269,moving,-12.87652,15.45805,-2.632686,-7.346412,-9.428922664931696,4.16984315788074,24.999592439257885,13.372096532226225,155.38242728205145
4155,05/05/2023 11:22:52.226687,4337,True,True,True,True,Eyes,0.1028609,0.01651295,-3.218529,0.2210699,-0.2607362,-0.9397578,0.0,0.0,0.0,0.0,0.0,0.0,0.0,-0.8973184,-0.5459982,-3.13277,0.1462265,0.02198309,-3.30086,0.005128502,0.9839352,-0.08073963,0.1591431,9.236933,161.5517,359.0941,0.02202453,0.00585624,-0.9997398,0.1166404,-0.009086484,-0.2205253,0.8702889,-0.5690089,-5.149852,-0.0975399,-0.266582,2.05225,-0.9492945,-0.01560607,-0.314001,0.03579053,0.9869096,-0.1572528,0.3123447,-0.1605174,-0.9363093,moving,-13.23765,15.5067,-2.721121,-7.401132,-9.45349740682804,4.181566637520957,25.206470382583614,13.397156407642804,155.19670572263954
4156,05/05/2023 11:22:52.246784,4338,True,True,True,True,Eyes,0.1049931,0.01683777,-3.222915,0.227724,-0.2613152,-0.9380064,0.0,0.0,0.0,0.0,0.0,0.0,0.0,-0.9467824,-0.5175394,-3.133541,0.1511139,0.02475152,-3.31057,0.006110752,0.9830162,-0.07592679,0.1669643,8.703145,160.6619,359.2267,0.02301633,0.005783437,-0.999718,0.109642,-0.008541295,-0.2072938,0.9081529,-0.5500552,-5.152218,-0.1008632,-0.2686941,2.052514,-0.9441714,-0.01334018,-0.329185,0.03736805,0.9883956,-0.147234,0.3273292,-0.1513151,-0.9327162,moving,-13.64595,15.56708,-2.813327,-7.458166,-9.481563746114595,4.195094852835908,25.446172097599376,13.426238110746839,154.98165772366977
4157,05/05/2023 11:22:52.258548,4339,True,True,True,True,Eyes,0.1072633,0.01729537,-3.227534,0.2347011,-0.2617488,-0.936164,0.0,0.0,0.0,0.0,0.0,0.0,0.0,-1.000319,-0.5346291,-3.123421,0.1557357,0.0272665,-3.319221,0.007214405,0.9813469,-0.07822752,0.1754617,8.978764,159.6651,359.2289,0.02397001,0.005727314,-0.9996959,0.1030635,-0.008028817,-0.1948562,0.9467056,-0.5590959,-5.14364,-0.1040425,-0.2707151,2.052766,-0.9383223,-0.0132922,-0.3455063,0.04161153,0.9876568,-0.1510049,0.3432488,-0.1560684,-0.9261874,moving,-14.07426,15.62084,-2.901501,-7.512711,-9.510503571677546,4.208798785295508,25.69030411539891,13.456325896737892,154.76373771520875
4158,05/05/2023 11:22:52.276859,4340,True,True,True,True,Eyes,0.1096671,0.01777973,-3.232326,0.2423112,-0.261692,-0.934239,0.0,0.0,0.0,0.0,0.0,0.0,0.0,-1.047409,-0.5293208,-3.120062,0.1611737,0.03088611,-3.329429,0.006575685,0.980082,-0.07664706,0.1830883,8.780453,158.7696,359.1201,0.02489416,0.00569019,-0.9996736,0.09687965,-0.007547088,-0.1831648,0.9847561,-0.5503879,-5.141776,-0.1072268,-0.272739,2.053019,-0.932871,-0.01517693,-0.359891,0.04095577,0.988164,-0.1478329,0.357875,-0.1526486,-0.921208,moving,-14.54026,15.64822,-2.989776,-7.567309,-9.540359664542464,4.222126067591216,25.930184484189404,13.487065120296561,154.55207101973056
4159,05/05/2023 11:22:52.297044,4341,True,True,True,True,Eyes,0.1121982,0.01824148,-3.237236,0.250193,-0.2619007,-0.9321006,0.0,0.0,0.0,0.0,0.0,0.0,0.0,-1.091422,-0.4951001,-3.120459,0.1665836,0.03191369,-3.338386,0.005016003,0.9791467,-0.07093629,0.1903016,8.095484,157.9325,359.006,0.02579534,0.005670933,-0.9996508,0.09106687,-0.007094263,-0.1721749,1.022644,-0.5273526,-5.143388,-0.1104603,-0.2747941,2.053275,-0.9275205,-0.01717577,-0.3733779,0.03682138,0.9898858,-0.137005,0.3719546,-0.1408232,-0.9175069,moving,-15.02508,15.69425,-3.079379,-7.622719,-9.57234093497778,4.23688403721308,26.19887050482066,13.520678196353321,154.31402609121182
4160,05/05/2023 11:22:52.306755,4342,True,True,True,True,Eyes,0.1148743,0.0187142,-3.242289,0.2585473,-0.2622973,-0.9297061,0.0,0.0,0.0,0.0,0.0,0.0,0.0,-1.139869,-0.5173883,-3.108124,0.172027,0.03189487,-3.346163,0.005209267,0.9773264,-0.07429594,0.1982077,8.469783,156.9885,358.8837,0.02667867,0.005667006,-0.9996276,0.08560286,-0.006668607,-0.1618444,1.059996,-0.5422752,-5.131824,-0.1138915,-0.2769751,2.053548,-0.9213734,-0.01926974,-0.3882012,0.03963435,0.988906,-0.1431577,0.3866531,-0.1472878,-0.910388,moving,-15.54103,15.75531,-3.17442,-7.681492,-9.607008462138094,4.2532038157543886,26.49937227330685,13.557844907573527,154.0474157510604
4161,05/05/2023 11:22:52.326682,4343,True,True,True,True,Eyes,0.1851966,0.02962474,-3.371153,0.4686679,-0.2622485,-0.8435497,0.0,0.0,0.0,0.0,0.0,0.0,0.0,-1.190932,-0.5291342,-3.096545,0.1779324,0.03266434,-3.354723,0.005423077,0.9754795,-0.07592147,0.2065101,8.647761,156.0027,358.7958,0.02755176,0.005677146,-0.9996039,0.0804667,-0.006268491,-0.1521337,1.098909,-0.5493593,-5.121788,-0.1168838,-0.2788774,2.053785,-0.9146484,-0.0207769,-0.4037161,0.0419373,0.988413,-0.1458798,0.4020692,-0.1503595,-0.9031791,moving,-29.05612,17.26978,-3.25727,-7.732729,-10.510656668480594,4.676371120277301,35.92639861741754,14.373495885050309,145.66062331743694
4162,05/05/2023 11:22:52.346778,4344,True,True,True,True,Eyes,0.1854491,0.02954914,-3.371445,0.4694067,-0.2624431,-0.8430783,0.0,0.0,0.0,0.0,0.0,0.0,0.0,-1.244026,-0.5180327,-3.086133,0.1838671,0.03220097,-3.362339,0.005212671,0.9737381,-0.07421899,0.2151713,8.440539,154.9855,358.7379,0.03083607,0.006034649,-0.9995059,0.2866057,0.02683923,-0.5295979,1.140127,-0.5444742,-5.113171,-0.1200718,-0.2809035,2.054038,-0.9073485,-0.02178803,-0.4198147,0.04209113,0.9889287,-0.1422965,0.4182672,-0.1467829,-0.8963859,moving,-29.10806,17.29092,-3.3455,-7.787275,-10.514932316363828,4.678776690616232,35.953099479900544,14.380653827000977,145.64397280134412
4163,05/05/2023 11:22:52.358965,4345,True,True,True,True,Eyes,0.1859589,0.02943964,-3.372003,0.4707364,-0.2628386,-0.8422133,0.0,0.0,0.0,0.0,0.0,0.0,0.0,-1.299219,-0.5247506,-3.070611,0.1899925,0.03035401,-3.369712,0.006220522,0.9715986,-0.07565692,0.224129,8.615606,153.9251,358.7351,0.03357545,0.006334853,-0.9994158,0.2694094,0.02522887,-0.497822,1.180627,-0.5543799,-5.099481,-0.1232809,-0.2829431,2.054292,-0.8994553,-0.02182612,-0.436468,0.04600152,0.9884747,-0.1442279,0.4345855,-0.1498047,-0.8880848,moving,-29.20204,17.33214,-3.434281,-7.842158,-10.522824263968705,4.683280366532166,36.02391821658056,14.392152440790506,145.58873965868358
4164,05/05/2023 11:22:52.376960,4346,True,True,True,True,Eyes,0.1867536,0.02938099,-3.372803,0.4726834,-0.2634247,-0.8409387,0.0,0.0,0.0,0.0,0.0,0.0,0.0,-1.356904,-0.5369774,-3.051552,0.1965176,0.02947208,-3.376687,0.008103382,0.9691918,-0.07797984,0.2334968,8.913263,152.8154,358.7989,0.03587367,0.006586027,-0.9993343,0.2532448,0.02371514,-0.4679527,1.221713,-0.5677621,-5.082775,-0.1265615,-0.2850284,2.054554,-0.8908273,-0.02070862,-0.4538702,0.05212355,0.987707,-0.1473706,0.4513426,-0.1549391,-0.8787969,moving,-29.33991,17.39321,-3.524992,-7.898235,-10.534433289333492,4.689917827737798,36.13955148496933,14.408117809176058,145.49449447605923
4165,05/05/2023 11:22:52.396939,4347,True,True,True,True,Eyes,0.1878096,0.02937995,-3.37385,0.475217,-0.2640303,-0.8393192,0.0,0.0,0.0,0.0,0.0,0.0,0.0,-1.416471,-0.5461127,-3.031033,0.2033577,0.03067074,-3.38371,0.009593439,0.9666575,-0.0794878,0.2432344,9.110665,151.6594,358.8323,0.03781826,0.006797548,-0.9992611,0.2380501,0.02229223,-0.4398755,1.264418,-0.5754381,-5.06544,-0.1297227,-0.2870378,2.054803,-0.8814901,-0.02012119,-0.4717738,0.05721547,0.9871793,-0.1490081,0.4687236,-0.1583419,-0.8690375,moving,-29.51825,17.46236,-3.612371,-7.952254,-10.548934002887645,4.698002764140479,36.290731206902365,14.427227817280478,145.3686901678673
4166,05/05/2023 11:22:52.407020,4348,True,True,True,True,Eyes,0.1891283,0.02935417,-3.37511,0.4782209,-0.2645321,-0.837453,0.0,0.0,0.0,0.0,0.0,0.0,0.0,-1.474783,-0.5490994,-3.010996,0.2105214,0.03206049,-3.390758,0.010201,0.9641378,-0.07988334,0.2528895,9.160262,150.5089,358.7967,0.03959453,0.006987299,-0.999191,0.2237671,0.0209547,-0.413483,1.307922,-0.5777296,-5.048605,-0.1330293,-0.2891394,2.055066,-0.8718859,-0.02073299,-0.4892705,0.06007365,0.9870292,-0.1488776,0.486011,-0.1591965,-0.8593314,moving,-29.72819,17.53012,-3.703724,-8.008716,-10.565289151645954,4.7068262858279954,36.46237752560921,14.44874015106376,145.22501381841798
4167,05/05/2023 11:22:52.426590,4349,True,True,True,True,Eyes,0.1906835,0.02926978,-3.376526,0.4816687,-0.2652774,-0.8352385,0.0,0.0,0.0,0.0,0.0,0.0,0.0,-1.529162,-0.5391333,-2.993549,0.2177158,0.03143117,-3.397344,0.01124065,0.9618147,-0.07871465,0.2618976,9.050536,149.4458,358.8623,0.04123013,0.007156977,-0.9991237,0.2103411,0.01969742,-0.3886741,1.348474,-0.5765097,-5.034161,-0.1359184,-0.2909758,2.055295,-0.8625668,-0.01960752,-0.5055636,0.06285319,0.9873553,-0.14553,0.5020243,-0.1573056,-0.8504275,moving,-29.97136,17.6202,-3.78351,-8.058025,-10.58484066667548,4.717636229810942,36.67662371011166,14.47327256346521,145.04376090901945
4168,05/05/2023 11:22:52.446968,4350,True,True,True,True,Eyes,0.1924677,0.02920439,-3.378092,0.4855793,-0.2664046,-0.8326112,0.0,0.0,0.0,0.0,0.0,0.0,0.0,-1.584434,-0.547999,-2.969574,0.2248082,0.02998768,-3.402596,0.01461687,0.9590535,-0.0810829,0.270977,9.407046,148.3691,359.0762,0.04274525,0.007306762,-0.999059,0.1977206,0.01851557,-0.3653536,1.385888,-0.5928179,-5.013347,-0.139138,-0.2930227,2.055552,-0.8527158,-0.01590647,-0.5221333,0.07197993,0.9864238,-0.147604,0.5173926,-0.1634473,-0.8399944,moving,-30.25076,17.74273,-3.87238,-8.11296,-10.608302377964876,4.731024725441879,36.936914283687805,14.503123591466505,144.82416872084983
4169,05/05/2023 11:22:52.459100,4351,True,True,True,True,Eyes,0.1944824,0.02916624,-3.379786,0.4899733,-0.2676911,-0.8296191,0.0,0.0,0.0,0.0,0.0,0.0,0.0,-1.644819,-0.5699939,-2.93894,0.232062,0.03047021,-3.407771,0.01848787,0.9557569,-0.0853627,0.280892,9.994761,147.1802,359.266,0.04415876,0.007439201,-0.9989965,0.1858574,0.01740464,-0.3434324,1.424645,-0.6151266,-4.987219,-0.1423961,-0.2950931,2.055809,-0.8415159,-0.01261559,-0.5400853,0.08329521,0.9847428,-0.1527858,0.5337726,-0.1735581,-0.8276259,moving,-30.56611,17.88321,-3.962277,-8.168504,-10.63489733884472,4.746247008692723,37.23514109856017,14.536665910823361,144.57234331212234
4170,05/05/2023 11:22:52.477151,4352,True,True,True,True,Eyes,0.1967349,0.02914413,-3.381566,0.4947686,-0.2691044,-0.8263092,0.0,0.0,0.0,0.0,0.0,0.0,0.0,-1.704648,-0.5778846,-2.909409,0.2394535,0.03112295,-3.412642,0.02076038,0.9525408,-0.08719175,0.2909172,10.26415,145.975,359.3489,0.04548763,0.00755683,-0.998936,0.1747059,0.01636036,-0.3228264,1.465532,-0.6259716,-4.96243,-0.145606,-0.2971338,2.056064,-0.8298725,-0.01118094,-0.5578412,0.09028137,0.9839332,-0.1540283,0.5506006,-0.1781865,-0.8155298,moving,-30.91188,18.03889,-4.0508,-8.223217,-10.664144162502428,4.763021565035682,37.56615342094329,14.573219036291363,144.2927301659437
4171,05/05/2023 11:22:52.496912,4353,True,True,True,True,Eyes,0.1992054,0.02911558,-3.383435,0.4999641,-0.2706661,-0.8226638,0.0,0.0,0.0,0.0,0.0,0.0,0.0,-1.762611,-0.5911083,-2.877674,0.2467992,0.03151304,-3.416915,0.02214125,0.9491937,-0.08971614,0.3008192,10.58168,144.7665,359.3038,0.04674675,0.007661545,-0.9988771,0.1642236,0.01537874,-0.3034568,1.506009,-0.6384388,-4.935377,-0.1488935,-0.2992233,2.056324,-0.8180353,-0.01194401,-0.5750443,0.09600935,0.9829216,-0.156995,0.5670986,-0.183637,-0.8029178,moving,-31.28865,18.21182,-4.141423,-8.27921,-10.696185652854687,4.781467528974555,37.93081338767242,14.613220416838978,143.98519663371934
4172,05/05/2023 11:22:52.506782,4354,True,True,True,True,Eyes,0.2018635,0.02905231,-3.385381,0.5055109,-0.2723015,-0.818725,0.0,0.0,0.0,0.0,0.0,0.0,0.0,-1.815473,-0.6031846,-2.847682,0.2543602,0.03137192,-3.421021,0.02307898,0.9459851,-0.0920374,0.3100141,10.86185,143.6361,359.2181,0.04794924,0.007754423,-0.9988194,0.1543702,0.01445601,-0.2852494,1.544136,-0.6498901,-4.909522,-0.1519703,-0.301179,2.056567,-0.8067172,-0.01340105,-0.5907857,0.1007305,0.981993,-0.1598224,0.5822892,-0.1884416,-0.7908407,moving,-31.69271,18.39672,-4.226196,-8.331594,-10.730518840405088,4.801221299855236,38.325085265329704,14.655273907789205,143.6525539551187
4173,05/05/2023 11:22:52.527034,4355,True,True,True,True,Eyes,0.2047245,0.02898065,-3.387371,0.5113726,-0.2742026,-0.8144391,0.0,0.0,0.0,0.0,0.0,0.0,0.0,-1.866789,-0.6128755,-2.817123,0.2619756,0.03050194,-3.424491,0.02437462,0.9427378,-0.09422922,0.3190176,11.14069,142.5282,359.1729,0.04910565,0.007835576,-0.9987627,0.145108,0.01358865,-0.2681345,1.580932,-0.6621768,-4.882936,-0.1551579,-0.3032051,2.056819,-0.7952672,-0.01416382,-0.6060935,0.1060793,0.9810535,-0.162115,0.5969064,-0.1932188,-0.7786972,moving,-32.12402,18.60718,-4.313984,-8.385838,-10.767853466721927,4.822973156014423,38.75591726523345,14.701194619783001,143.2904627016027
4174,05/05/2023 11:22:52.546652,4356,True,True,True,True,Eyes,0.2078089,0.02890131,-3.389382,0.517415,-0.2760469,-0.8099875,0.0,0.0,0.0,0.0,0.0,0.0,0.0,-1.917349,-0.6320517,-2.783251,0.269571,0.03029797,-3.427624,0.02619373,0.9392467,-0.09795025,0.3279261,11.60586,141.4186,359.1205,0.05022772,0.007906014,-0.9987062,0.1364015,0.01277333,-0.2520464,1.615722,-0.6801884,-4.853456,-0.1584644,-0.3053065,2.057083,-0.7835571,-0.01503613,-0.6211383,0.1134456,0.9794393,-0.1668196,0.6108757,-0.2011781,-0.7657408,moving,-32.57019,18.81931,-4.404996,-8.442052,-10.80618191756279,4.845190534900791,39.1977041566554,14.748762501731493,142.9204028589448
4175,05/05/2023 11:22:52.559344,4357,True,True,True,True,Eyes,0.2110911,0.02879646,-3.391427,0.5237449,-0.2779055,-0.80527,0.0,0.0,0.0,0.0,0.0,0.0,0.0,-1.967214,-0.6385719,-2.751227,0.2774019,0.03001611,-3.430612,0.02785215,0.9358646,-0.09974226,0.3367987,11.85594,140.3229,359.1186,0.05132407,0.007966494,-0.99865,0.1282174,0.01200693,-0.2369236,1.650981,-0.6909875,-4.825846,-0.1616729,-0.307346,2.057339,-0.7715821,-0.01505444,-0.6359519,0.1193178,0.9785515,-0.1679294,0.6248398,-0.2054516,-0.7532365,moving,-33.03984,19.03999,-4.49327,-8.496585,-10.846390470043012,4.86844417441115,39.66320236056999,14.79818044692457,142.53110406872588
4176,05/05/2023 11:22:52.576828,4358,True,True,True,True,Eyes,0.2145507,0.02866731,-3.393478,0.5303087,-0.2796926,-0.8003404,0.0,0.0,0.0,0.0,0.0,0.0,0.0,-2.015195,-0.6356559,-2.721465,0.2853083,0.02931234,-3.433537,0.02941503,0.932632,-0.100143,0.3454041,11.95323,139.2676,359.1617,0.05240392,0.00801731,-0.9985935,0.1205243,0.01128652,-0.2227082,1.685775,-0.6971847,-4.800134,-0.1649738,-0.3094441,2.057602,-0.7596619,-0.01431279,-0.6501612,0.1240464,0.9782123,-0.1664729,0.6383784,-0.2071132,-0.741335,moving,-33.52861,19.26284,-4.584038,-8.552653,-10.887878866018088,4.892297871715071,40.14336681316395,14.849414588020348,142.1307502546363
4177,05/05/2023 11:22:52.597153,4359,True,True,True,True,Eyes,0.3056492,0.02504959,-3.445124,0.6869739,-0.3194212,-0.652715,0.0,0.0,0.0,0.0,0.0,0.0,0.0,-2.061986,-0.6394367,-2.68893,0.2930076,0.02860164,-3.435744,0.03137814,0.9292156,-0.1017368,0.3538693,12.19728,138.218,359.1975,0.05347305,0.00805867,-0.9985365,0.1132929,0.01060933,-0.2093457,1.718245,-0.708217,-4.772056,-0.168052,-0.3114007,2.057844,-0.747584,-0.01368894,-0.6640264,0.1303172,0.9773301,-0.1668633,0.6512572,-0.2112783,-0.7288523,moving,-46.46486,26.07588,-4.668647,-8.604927,-12.033894206341683,5.570171028556138,54.310973065418544,15.974362914673629,130.61152651017505
4178,05/05/2023 11:22:52.606946,4360,True,True,True,True,Eyes,0.3059711,0.02499135,-3.445199,0.6876142,-0.3194283,-0.652037,0.0,0.0,0.0,0.0,0.0,0.0,0.0,-2.103784,-0.6421347,-2.659839,0.3009657,0.02810836,-3.438257,0.03265779,0.9260625,-0.1029014,0.3615981,12.36885,137.2533,359.1828,0.05708536,0.007976243,-0.9983372,0.3797907,-0.0008804016,-0.3517251,1.749457,-0.7166165,-4.746237,-0.1714589,-0.3135662,2.058114,-0.7363608,-0.0139316,-0.6764459,0.1349042,0.9766896,-0.1669683,0.6630038,-0.2142043,-0.7173164,moving,-46.52125,26.09991,-4.762244,-8.662745,-12.038592708718316,5.572837575647875,54.33467368777567,15.987403222504776,130.6105419359176
4179,05/05/2023 11:22:52.626991,4361,True,True,True,True,Eyes,0.3065951,0.02487727,-3.445348,0.6885125,-0.3195652,-0.6510213,0.0,0.0,0.0,0.0,0.0,0.0,0.0,-2.140531,-0.6376575,-2.635042,0.3087834,0.02663185,-3.44033,0.03372492,0.923272,-0.1030255,0.3685338,12.42132,136.3929,359.1984,0.06022589,0.007901495,-0.9981532,0.3570032,-0.0008275775,-0.3306216,1.778253,-0.7217603,-4.723796,-0.1744077,-0.3154409,2.058348,-0.7260908,-0.01366224,-0.6874629,0.1382113,0.9764968,-0.1653836,0.6735647,-0.2150987,-0.707137,moving,-46.60319,26.14492,-4.843212,-8.712768,-12.04594895323131,5.577225692454393,54.39626986536694,16.00260414269597,130.57845933258562
4180,05/05/2023 11:22:52.646777,4362,True,True,True,True,Eyes,0.3075244,0.02472924,-3.445557,0.6898599,-0.3197991,-0.6494782,0.0,0.0,0.0,0.0,0.0,0.0,0.0,-2.171925,-0.6404103,-2.612254,0.3166583,0.02528965,-3.442432,0.03510917,0.9206554,-0.1042913,0.3745455,12.61112,135.6371,359.2087,0.06306916,0.007830825,-0.9979782,0.335583,-0.0007779229,-0.3107843,1.803367,-0.7316071,-4.702214,-0.1776789,-0.3175203,2.058606,-0.716966,-0.01347678,-0.6969779,0.1427706,0.9757813,-0.1657327,0.6823316,-0.2183326,-0.697678,moving,-46.72697,26.21535,-4.932991,-8.76823,-12.057189141108667,5.583978430461723,54.50309670347953,16.023110995845744,130.51335375667375
4181,05/05/2023 11:22:52.659613,4363,True,True,True,True,Eyes,0.3087556,0.02454778,-3.445808,0.6914176,-0.3200326,-0.6477042,0.0,0.0,0.0,0.0,0.0,0.0,0.0,-2.197951,-0.6430962,-2.592835,0.324805,0.02423254,-3.444019,0.03604646,0.9183509,-0.1053287,0.3797874,12.75822,134.9739,359.1894,0.06565413,0.007762827,-0.997812,0.315448,-0.0007312475,-0.2921373,1.827031,-0.7397479,-4.682441,-0.1811507,-0.3197267,2.058883,-0.7089248,-0.01379845,-0.7051495,0.1462117,0.9752131,-0.1660775,0.6899626,-0.2208374,-0.6893352,moving,-46.86966,26.29412,-5.028216,-8.827033,-12.070019702205183,5.591639706626596,54.627848429665846,16.0463429478872,130.43539949132392
4182,05/05/2023 11:22:52.677146,4364,True,True,True,True,Eyes,0.3102736,0.02433688,-3.446082,0.6933531,-0.3203166,-0.6454912,0.0,0.0,0.0,0.0,0.0,0.0,0.0,-2.219661,-0.6419356,-2.577392,0.3332145,0.02325167,-3.445338,0.03610507,0.9163941,-0.1054453,0.3844474,12.76894,134.3838,359.1244,0.06801451,0.007696279,-0.9976544,0.2965212,-0.0006873726,-0.274609,1.850302,-0.7427652,-4.665592,-0.1841701,-0.321646,2.059122,-0.7017933,-0.0149034,-0.7122248,0.1472493,0.9751554,-0.1654979,0.6969963,-0.2210199,-0.682163,moving,-47.04737,26.39231,-5.110997,-8.878164,-12.086003827420855,5.601185729304226,54.79658489887673,16.071785489673196,130.3211510184496
4183,05/05/2023 11:22:52.696900,4365,True,True,True,True,Eyes,0.3120799,0.02410861,-3.446367,0.6954687,-0.3205635,-0.6430881,0.0,0.0,0.0,0.0,0.0,0.0,0.0,-2.240416,-0.6419234,-2.561417,0.3417058,0.02230772,-3.446029,0.03592032,0.9144242,-0.1056678,0.3890663,12.7796,133.794,359.0287,0.07018138,0.00763018,-0.9975048,0.2787299,-0.0006461303,-0.2581325,1.873618,-0.7456793,-4.647787,-0.18726,-0.3236099,2.059367,-0.6946744,-0.01653077,-0.7191345,0.1479164,0.9750881,-0.1652997,0.703952,-0.2212012,-0.6749236,moving,-47.24096,26.49512,-5.195665,-8.930457,-12.10319858090714,5.611373459481931,54.9797993577637,16.09903268161402,130.19594692839118
4184,05/05/2023 11:22:52.712628,4366,True,True,True,True,Eyes,0.3141412,0.02386628,-3.446693,0.6979439,-0.3207634,-0.6403008,0.0,0.0,0.0,0.0,0.0,0.0,0.0,-2.259476,-0.6410708,-2.54683,0.3503604,0.02165999,-3.446639,0.03538237,0.9125715,-0.1055825,0.3934639,12.74114,133.2311,358.9128,0.07218287,0.007563965,-0.9973625,0.2620061,-0.0006073625,-0.2426445,1.897007,-0.746662,-4.630696,-0.1905189,-0.3256811,2.059627,-0.6878689,-0.01850793,-0.7255994,0.1476637,0.9752008,-0.1648598,0.7106563,-0.2205466,-0.6680773,moving,-47.46642,26.60892,-5.284916,-8.985572,-12.122913008204089,5.622936441671896,55.19281783384574,16.12968449705719,130.04827423654066
4185,05/05/2023 11:22:52.728441,4367,True,True,True,True,Eyes,0.3164857,0.0235954,-3.447006,0.7005281,-0.3208838,-0.6374119,0.0,0.0,0.0,0.0,0.0,0.0,0.0,-2.274699,-0.6378822,-2.535761,0.3594102,0.02105697,-3.44697,0.03438535,0.911013,-0.1049343,0.3973184,12.62193,132.7386,358.7825,0.07404215,0.007497253,-0.9972267,0.2462857,-0.0005709207,-0.2280859,1.919904,-0.7446916,-4.615893,-0.1935951,-0.3276362,2.059871,-0.6819117,-0.02073364,-0.7311409,0.1460356,0.9756129,-0.1638691,0.716708,-0.2185168,-0.662254,moving,-47.70088,26.72145,-5.369121,-9.03757,-12.143109789665502,5.634665315576307,55.41376481881087,16.16048926481369,129.8931652032322
4186,05/05/2023 11:22:52.747141,4368,True,True,True,True,Eyes,0.319105,0.02330233,-3.4473,0.7033897,-0.3209848,-0.6342016,0.0,0.0,0.0,0.0,0.0,0.0,0.0,-2.287477,-0.6344959,-2.526443,0.3684896,0.02009068,-3.447007,0.03356951,0.909604,-0.1043425,0.4007573,12.51688,132.2997,358.6757,0.07578155,0.007429274,-0.9970965,0.2315086,-0.0005366654,-0.2144007,1.941469,-0.7437235,-4.601946,-0.1968284,-0.3296914,2.060127,-0.6765336,-0.02256213,-0.7360662,0.144702,0.9759714,-0.1629143,0.7220553,-0.2167272,-0.6570128,moving,-47.96104,26.84508,-5.457581,-9.092204,-12.16545570236213,5.647617020108202,55.65997132824753,16.194378862043873,129.71961272820542
4187,05/05/2023 11:22:52.766788,4369,True,True,True,True,Eyes,0.3220117,0.02300083,-3.447559,0.7063527,-0.3209276,-0.630929,0.0,0.0,0.0,0.0,0.0,0.0,0.0,-2.298957,-0.6294807,-2.517972,0.3779759,0.0192351,-3.446504,0.03312131,0.9082553,-0.1035941,0.4040342,12.41224,131.8863,358.6185,0.07742137,0.007359501,-0.996971,0.2176181,-0.0005044655,-0.2015367,1.962561,-0.7427891,-4.588261,-0.2000121,-0.3317152,2.060379,-0.6713189,-0.02354588,-0.7407948,0.1438763,0.9763425,-0.1614154,0.7270701,-0.214944,-0.6520495,moving,-48.2281,26.96057,-5.544637,-9.145977,-12.187795869690802,5.660331367743693,55.90671471241695,16.228318682126883,129.54443453066037
4188,05/05/2023 11:22:52.778333,4370,True,True,True,True,Eyes,0.3251714,0.02269354,-3.447804,0.7096748,-0.3207567,-0.6272774,0.0,0.0,0.0,0.0,0.0,0.0,0.0,-2.310887,-0.6192387,-2.51029,0.3877136,0.01870088,-3.445945,0.0321889,0.906953,-0.1018369,0.4074671,12.17829,131.4602,358.5578,0.07897979,0.007287885,-0.9968493,0.204561,-0.0004741976,-0.1894445,1.985402,-0.7371747,-4.575109,-0.2032786,-0.3337911,2.060639,-0.6658692,-0.02460272,-0.745663,0.141378,0.9771862,-0.1584907,0.7325509,-0.2109544,-0.6471999,moving,-48.52672,27.08282,-5.633906,-9.201097,-12.212415131708532,5.6741978544237375,56.181101143547245,16.265029339107198,129.34776125548575
4189,05/05/2023 11:22:52.796824,4371,True,True,True,True,Eyes,0.3286102,0.02235901,-3.447999,0.7130628,-0.3203447,-0.6236351,0.0,0.0,0.0,0.0,0.0,0.0,0.0,-2.321414,-0.6093053,-2.503293,0.3975874,0.01822436,-3.445036,0.03098747,0.9057202,-0.1000228,0.4107387,11.92557,131.0527,358.4753,0.08047191,0.007214455,-0.9967306,0.1922873,-0.0004457457,-0.1780778,2.008156,-0.7307372,-4.562102,-0.2064981,-0.3358378,2.060893,-0.6606672,-0.02603449,-0.7502275,0.1382984,0.9780704,-0.1557298,0.7378297,-0.2066408,-0.6425785,moving,-48.8275,27.18835,-5.721846,-9.255415,-12.236289923539095,5.687269138704216,56.446837060573564,16.300975090528112,129.1557437747741
4190,05/05/2023 11:22:52.806666,4372,True,True,True,True,Eyes,0.3322938,0.02198614,-3.44816,0.7166558,-0.3200161,-0.6196727,0.0,0.0,0.0,0.0,0.0,0.0,0.0,-2.328664,-0.5948182,-2.500257,0.4076447,0.01703396,-3.444024,0.02913828,0.9048104,-0.09736425,0.4135088,11.55393,130.7136,358.3745,0.08191244,0.007138618,-0.9966137,0.1807501,-0.000419001,-0.1673931,2.030774,-0.7207349,-4.55189,-0.209497,-0.3377439,2.061131,-0.6563231,-0.02779271,-0.7539681,0.1332512,0.9793423,-0.1520945,0.7426201,-0.2002902,-0.6390617,moving,-49.15092,27.31309,-5.803712,-9.305973,-12.262552220683943,5.701897428857016,56.74448181447455,16.33869002722328,128.93939910481635
4191,05/05/2023 11:22:52.827031,4373,True,True,True,True,Eyes,0.336252,0.02159432,-3.448252,0.7202591,-0.3195843,-0.615705,0.0,0.0,0.0,0.0,0.0,0.0,0.0,-2.33442,-0.5858384,-2.496841,0.4177294,0.01573504,-3.442702,0.02821027,0.9038749,-0.09586132,0.4159627,11.34768,130.4093,358.3195,0.08331431,0.007059476,-0.996498,0.1699051,-0.0003938609,-0.1573495,2.051087,-0.7168459,-4.54073,-0.2128624,-0.3398836,2.061399,-0.6523584,-0.02875237,-0.7573651,0.1307466,0.9800296,-0.1498244,0.7465479,-0.1967621,-0.6355712,moving,-49.47491,27.43176,-5.895531,-9.362696,-12.288531184914117,5.716231545282468,57.035026662232546,16.378171670860894,128.73040010354293
4192,05/05/2023 11:22:52.847025,4374,True,True,True,True,Eyes,0.3404676,0.02118094,-3.448299,0.7241126,-0.3190782,-0.6114329,0.0,0.0,0.0,0.0,0.0,0.0,0.0,-2.34077,-0.5795576,-2.492038,0.4282286,0.01502607,-3.441183,0.02736036,0.9028066,-0.09471934,0.4185928,11.18235,130.0788,358.2537,0.08468809,0.0069769,-0.9963829,0.1597108,-0.0003702292,-0.1479086,2.071732,-0.7135492,-4.528363,-0.2159693,-0.3418585,2.061645,-0.6480632,-0.02989541,-0.7609997,0.1286999,0.9805593,-0.1481208,0.7506335,-0.1939322,-0.631617,moving,-49.82261,27.55795,-5.980254,-9.415024,-12.316350301500435,5.731555418208819,57.35113761762195,16.418434286313495,128.50023672679694
4193,05/05/2023 11:22:52.860916,4375,True,True,True,True,Eyes,0.3449234,0.02068622,-3.448274,0.7279871,-0.3183651,-0.607189,0.0,0.0,0.0,0.0,0.0,0.0,0.0,-2.348291,-0.5572292,-2.489969,0.4388199,0.01405097,-3.439791,0.02528728,0.9019262,-0.09076117,0.4214879,10.66325,129.7366,358.1985,0.08604544,0.006890532,-0.9962671,0.1501281,-0.0003480155,-0.139034,2.096042,-0.6984921,-4.518505,-0.2191713,-0.3438937,2.061899,-0.6434168,-0.03089496,-0.7648921,0.122124,0.9822459,-0.1424032,0.7557117,-0.1850363,-0.6282206,moving,-50.16968,27.6692,-6.067522,-9.468918,-12.34334806687556,5.746103181289614,57.65622385171343,16.458519446437652,128.27766369090935
4194,05/05/2023 11:22:52.877059,4376,True,True,True,True,Eyes,0.3495805,0.02010302,-3.448185,0.731868,-0.3181417,-0.6026235,0.0,0.0,0.0,0.0,0.0,0.0,0.0,-2.355491,-0.5396098,-2.486459,0.4489743,0.01155619,-3.438064,0.02413003,0.9009396,-0.08806594,0.424229,10.32069,129.4066,358.1803,0.0873944,0.006798458,-0.9961504,0.1411204,-0.0003271346,-0.130692,2.117718,-0.6911021,-4.507243,-0.2223658,-0.3459237,2.062152,-0.6388954,-0.03124086,-0.7686594,0.1181996,0.9833242,-0.1382109,0.7601593,-0.1791575,-0.6245487,moving,-50.5318,27.83082,-6.154532,-9.522642,-12.373903358341742,5.763598628482527,58.00537077313849,16.503021924630396,128.0278536893784
4195,05/05/2023 11:22:52.896999,4377,True,True,True,True,Eyes,0.4716547,0.008386172,-3.443859,0.8168224,-0.320703,-0.4795317,0.0,0.0,0.0,0.0,0.0,0.0,0.0,-2.360916,-0.5416449,-2.479629,0.4589095,0.008930493,-3.435866,0.02510642,0.8997173,-0.08909567,0.4265447,10.47112,129.1053,358.2034,0.08874135,0.00669873,-0.996032,0.1326532,-0.0003075065,-0.1228505,2.133735,-0.7009694,-4.492538,-0.2256272,-0.3479968,2.062413,-0.6348587,-0.03082922,-0.7720131,0.1211839,0.9828632,-0.1389038,0.7630656,-0.1817399,-0.6202433,moving,-59.5841,33.77396,-6.243311,-9.577469,-13.237450410798694,6.297751301738647,68.7356251698096,17.347639773941076,120.30981300660086
4196,05/05/2023 11:22:52.906891,4378,True,True,True,True,Eyes,0.4720799,0.008551726,-3.443828,0.8169753,-0.3209802,-0.4790856,0.0,0.0,0.0,0.0,0.0,0.0,0.0,-2.364943,-0.5758351,-2.467002,0.4691839,0.01131886,-3.433712,0.02751334,0.8980835,-0.09475827,0.4286139,11.17387,128.7922,358.1418,0.09347168,0.006268741,-0.995602,0.4909165,-0.03543961,-0.1025004,2.145169,-0.7244322,-4.472659,-0.2289889,-0.3501337,2.062677,-0.6310661,-0.03181087,-0.7750764,0.130648,0.9805278,-0.1466164,0.764648,-0.1937869,-0.6146218,moving,-59.61205,33.82149,-6.334776,-9.633968,-13.24164587576978,6.300884895072784,68.75205273197913,17.36733682141351,120.33227352248664
4197,05/05/2023 11:22:52.926873,4379,True,True,True,True,Eyes,0.4728989,0.008627567,-3.443688,0.8172547,-0.3208686,-0.4786838,0.0,0.0,0.0,0.0,0.0,0.0,0.0,-2.362393,-0.5963926,-2.464993,0.4802086,0.01558735,-3.432482,0.0258263,0.8973473,-0.09661657,0.4298442,11.27977,128.5977,357.8547,0.09771442,0.005888287,-0.9951968,0.4614615,-0.03331323,-0.0963504,2.161672,-0.7243524,-4.461287,-0.2319084,-0.3519897,2.062908,-0.6291339,-0.03670983,-0.7764295,0.1294105,0.9799964,-0.1511947,0.7664486,-0.1955998,-0.6117984,moving,-59.64157,33.83452,-6.414158,-9.683008,-13.244129129317676,6.302303734075562,68.75269181238308,17.383287861129343,120.3557073648149
4198,05/05/2023 11:22:52.947146,4380,True,True,True,True,Eyes,0.4740393,0.008759581,-3.443434,0.8175341,-0.3216527,-0.4776792,0.0,0.0,0.0,0.0,0.0,0.0,0.0,-2.357693,-0.5735223,-2.473033,0.4904405,0.01343799,-3.429697,0.02313224,0.8974363,-0.09247141,0.4307228,10.7137,128.5142,357.7754,0.1015549,0.005547997,-0.9948142,0.4337738,-0.03131444,-0.09056938,2.181481,-0.708858,-4.457405,-0.2353219,-0.3541588,2.063179,-0.6278858,-0.03813965,-0.7773707,0.1211785,0.9818279,-0.1460472,0.7688144,-0.1859016,-0.611854,moving,-59.70258,33.95497,-6.506916,-9.740281,-13.254162274906871,6.309993341430264,68.84078462912734,17.410819588101514,120.33773070568178
4199,05/05/2023 11:22:52.966909,4381,True,True,True,True,Eyes,0.4756138,0.009033647,-3.443152,0.8180027,-0.3221242,-0.4765581,0.0,0.0,0.0,0.0,0.0,0.0,0.0,-2.365775,-0.613888,-2.452688,0.4996275,0.01512394,-3.426305,0.02838653,0.8952188,-0.100187,0.4332898,11.76966,128.1284,357.8928,0.1050435,0.005245461,-0.9944535,0.4077474,-0.02943557,-0.08513521,2.188164,-0.7456096,-4.43207,-0.2384494,-0.356147,2.063428,-0.6229086,-0.03599565,-0.7814662,0.1376443,0.9783136,-0.1547793,0.7700904,-0.2039777,-0.6044453,moving,-59.77546,34.05629,-6.591852,-9.792748,-13.263916865769604,6.317013831493414,68.92919768445813,17.436767929879643,120.31242826317462
4200,05/05/2023 11:22:52.977359,4382,True,True,True,True,Eyes,0.4774916,0.009342539,-3.442801,0.8187454,-0.3225047,-0.4750229,0.0,0.0,0.0,0.0,0.0,0.0,0.0,-2.373017,-0.6122636,-2.446982,0.5113911,0.01882724,-3.425188,0.02764747,0.8939732,-0.0991091,0.4361481,11.61407,127.7664,357.834,0.1082278,0.004981018,-0.9941133,0.3832825,-0.02766944,-0.0800271,2.210027,-0.7382743,-4.418613,-0.2416387,-0.3581737,2.063683,-0.6180214,-0.03702028,-0.7852895,0.1358847,0.978826,-0.153085,0.7743291,-0.2013185,-0.5999048,moving,-59.87838,34.17355,-6.678412,-9.846196,-13.276338922832036,6.325614505331883,69.0505223231913,17.465969618071437,120.2642758876689
4201,05/05/2023 11:22:52.997312,4383,True,True,True,True,Eyes,0.4796922,0.009679121,-3.442376,0.8195154,-0.3231314,-0.4732658,0.0,0.0,0.0,0.0,0.0,0.0,0.0,-2.385571,-0.5910175,-2.438675,0.5210501,0.01993562,-3.422791,0.02654136,0.8925909,-0.09540777,0.4398573,11.16698,127.3243,357.8649,0.1111473,0.004751876,-0.9937923,0.3602856,-0.02600927,-0.07522548,2.233965,-0.7242427,-4.403713,-0.2452785,-0.3604869,2.063971,-0.6116424,-0.03655044,-0.7902896,0.1313127,0.9803858,-0.1469714,0.7801607,-0.193669,-0.594846,moving,-59.99379,34.32406,-6.777141,-9.907176,-13.29126520199626,6.336226431825408,69.19836680787269,17.500912452819854,120.20626958334365
4202,05/05/2023 11:22:53.007005,4384,True,True,True,True,Eyes,0.4822065,0.01000183,-3.441908,0.8204176,-0.3238575,-0.471202,0.0,0.0,0.0,0.0,0.0,0.0,0.0,-2.397026,-0.6002964,-2.424228,0.5309266,0.02097124,-3.42062,0.02942321,0.8906735,-0.0976751,0.4430517,11.54078,126.9035,358.0033,0.1138379,0.004555323,-0.9934887,0.3386684,-0.02444871,-0.07071195,2.248312,-0.7384864,-4.383928,-0.2484517,-0.3625047,2.064222,-0.6056793,-0.03413728,-0.7949766,0.1389632,0.9791877,-0.1479212,0.7834809,-0.2000653,-0.5883299,moving,-60.12935,34.50077,-6.86316,-9.960334,-13.308793431373124,6.348687164726401,69.38354823742381,17.536543607083143,120.12097943202531
4203,05/05/2023 11:22:53.026672,4385,True,True,True,True,Eyes,0.484971,0.01030414,-3.44137,0.8213468,-0.3248128,-0.4689202,0.0,0.0,0.0,0.0,0.0,0.0,0.0,-2.411259,-0.5800499,-2.415177,0.5408897,0.02094194,-3.419167,0.03319241,0.8890494,-0.09583882,0.4464354,11.53973,126.5161,358.4471,0.1163317,0.004387693,-0.9932005,0.3183483,-0.02298179,-0.06646923,2.264457,-0.742226,-4.370368,-0.2513546,-0.3643497,2.064453,-0.5991876,-0.0265523,-0.8001685,0.1445911,0.9794263,-0.1407744,0.7874439,-0.2000474,-0.583021,moving,-60.27725,34.70967,-6.941802,-10.00891,-13.328761185298458,6.363101388106484,69.6018779242134,17.573730523908598,120.01507363955005
4204,05/05/2023 11:22:53.047124,4386,True,True,True,True,Eyes,0.4879854,0.01059923,-3.440791,0.8224147,-0.3261417,-0.4661175,0.0,0.0,0.0,0.0,0.0,0.0,0.0,-2.42969,-0.5727311,-2.397196,0.5495692,0.02074063,-3.416943,0.03812205,0.8867328,-0.09651335,0.450485,11.85935,126.0187,358.8672,0.1186561,0.004245508,-0.9929261,0.2992474,-0.02160288,-0.06248108,2.277838,-0.7572116,-4.349716,-0.2546612,-0.3664519,2.064715,-0.5912201,-0.01934751,-0.8062783,0.1545638,0.9784638,-0.1368163,0.7915612,-0.2055099,-0.5754971,moving,-60.45687,34.98043,-7.03133,-10.06423,-13.35390529647205,6.381474701926267,69.88068201446806,17.61919866289379,119.87877958453092
4205,05/05/2023 11:22:53.061735,4387,True,True,True,True,Eyes,0.4912599,0.01089458,-3.440194,0.8236355,-0.3273879,-0.4630786,0.0,0.0,0.0,0.0,0.0,0.0,0.0,-2.45195,-0.5778514,-2.372914,0.5586166,0.02094373,-3.415288,0.04339723,0.8837852,-0.09922808,0.4551859,12.40968,125.4124,359.2005,0.1208349,0.004126035,-0.9926638,0.2812926,-0.02030671,-0.05873221,2.290517,-0.7788958,-4.324475,-0.2574611,-0.3682309,2.064937,-0.581845,-0.01362681,-0.8131857,0.1670421,0.9765409,-0.135885,0.7959608,-0.2149003,-0.5659194,moving,-60.65369,35.2596,-7.107093,-10.11102,-13.380539156632206,6.40071632070578,70.18355369646659,17.66333952016656,119.72177495996122
4206,05/05/2023 11:22:53.076984,4388,True,True,True,True,Eyes,0.4947602,0.01121719,-3.439588,0.8251165,-0.3285256,-0.4596234,0.0,0.0,0.0,0.0,0.0,0.0,0.0,-2.476063,-0.5590004,-2.353034,0.5679906,0.02119505,-3.414245,0.04547691,0.8811446,-0.09721353,0.4605059,12.31013,124.7555,359.4492,0.1228903,0.004027017,-0.9924119,0.264415,-0.01908831,-0.05520828,2.311973,-0.7784522,-4.302648,-0.2607486,-0.3703206,2.065198,-0.5717326,-0.009391339,-0.8203866,0.1696783,0.9769628,-0.1294336,0.8027027,-0.2132031,-0.5569679,moving,-60.88042,35.5561,-7.195995,-10.16594,-13.40990539698198,6.421605501091697,70.5161146784352,17.713253460968378,119.54925019060673
4207,05/05/2023 11:22:53.096940,4389,True,True,True,True,Eyes,0.4985149,0.01161021,-3.43898,0.8267912,-0.3294678,-0.4559246,0.0,0.0,0.0,0.0,0.0,0.0,0.0,-2.499055,-0.5542746,-2.330317,0.5770037,0.02220356,-3.413129,0.04613382,0.8783664,-0.09681033,0.4658024,12.30106,124.0677,359.4637,0.124841,0.003947184,-0.9921687,0.2485501,-0.01794301,-0.05189578,2.33317,-0.7791543,-4.277989,-0.2638538,-0.3722944,2.065443,-0.5617993,-0.009144183,-0.8272228,0.1712338,0.9769989,-0.1270914,0.8093579,-0.2130484,-0.5473115,moving,-61.12596,35.85326,-7.279926,-10.2178,-13.440453442746694,6.443009988591961,70.86563304629937,17.763296086278604,119.36256659673249
4208,05/05/2023 11:22:53.106751,4390,True,True,True,True,Eyes,0.5025048,0.01198136,-3.438375,0.8287696,-0.3298722,-0.4520235,0.0,0.0,0.0,0.0,0.0,0.0,0.0,-2.5177,-0.5576659,-2.310887,0.5867183,0.02430551,-3.412502,0.043583,0.8759419,-0.09633291,0.4706872,12.11016,123.4082,359.1601,0.1267052,0.00388663,-0.9919325,0.2336371,-0.01686643,-0.04878203,2.358056,-0.7713756,-4.254041,-0.2673473,-0.3745154,2.06572,-0.5531085,-0.01433297,-0.8329862,0.1670377,0.977641,-0.1277361,0.8161922,-0.209792,-0.5383474,moving,-61.39128,36.12077,-7.374279,-10.27611,-13.470654064709535,6.463412801528696,71.20749167586511,17.815089462377426,119.17827758037383
4209,05/05/2023 11:22:53.126838,4391,True,True,True,True,Eyes,0.5066768,0.01229224,-3.437745,0.830791,-0.3303104,-0.4479748,0.0,0.0,0.0,0.0,0.0,0.0,0.0,-2.529169,-0.5503823,-2.301917,0.5961568,0.02415439,-3.412103,0.03849991,0.874464,-0.09355728,0.4744234,11.54605,122.9109,358.7462,0.1284976,0.003842816,-0.9917022,0.2196189,-0.01585444,-0.04585511,2.384529,-0.7522513,-4.237828,-0.2703019,-0.3763933,2.065955,-0.5468804,-0.02143797,-0.8369364,0.1561051,0.9795296,-0.1270944,0.8225285,-0.2001554,-0.532339,moving,-61.6658,36.40289,-7.454029,-10.32539,-13.502181426938533,6.484794419880238,71.571281019099,17.8651181918807,118.97686867747147
4210,05/05/2023 11:22:53.147099,4392,True,True,True,True,Eyes,0.5110372,0.01257445,-3.437108,0.832594,-0.3311605,-0.4439819,0.0,0.0,0.0,0.0,0.0,0.0,0.0,-2.539303,-0.5642195,-2.287809,0.6046132,0.02307802,-3.410921,0.03722981,0.8725976,-0.09549967,0.477564,11.66709,122.4602,358.4646,0.1302306,0.00381233,-0.9914761,0.2064417,-0.01490318,-0.0431038,2.400881,-0.7580715,-4.217447,-0.2735214,-0.37844,2.066211,-0.5410932,-0.02624114,-0.8405532,0.1561877,0.9789875,-0.1311063,0.8263314,-0.2022248,-0.525625,moving,-61.93117,36.71879,-7.540872,-10.37906,-13.534920966409205,6.50766003949747,71.94798114715454,17.91898258004836,118.77722774325262
4211,05/05/2023 11:22:53.161985,4393,True,True,True,True,Eyes,0.5155742,0.01287031,-3.436454,0.8344153,-0.3321283,-0.4398205,0.0,0.0,0.0,0.0,0.0,0.0,0.0,-2.550149,-0.5818152,-2.272358,0.6135145,0.02278018,-3.410053,0.03785843,0.8705394,-0.09854619,0.4806419,12.00338,122.0146,358.3118,0.1319158,0.00379301,-0.9912534,0.1940552,-0.01400898,-0.04051758,2.414344,-0.7710078,-4.196525,-0.2767341,-0.3804817,2.066465,-0.5351003,-0.02881635,-0.844297,0.1606454,0.9777107,-0.135184,0.8293738,-0.2079694,-0.5185441,moving,-62.20628,37.0581,-7.627477,-10.43257,-13.56948134283498,6.531965936909248,72.34783669165036,17.975063147732058,118.56621256648718
4212,05/05/2023 11:22:53.177337,4394,True,True,True,True,Eyes,0.5202944,0.01321806,-3.435786,0.8361192,-0.3333759,-0.4356205,0.0,0.0,0.0,0.0,0.0,0.0,0.0,-2.562193,-0.5970371,-2.255657,0.6222067,0.02346365,-3.409044,0.03813119,0.8683915,-0.1009868,0.4839876,12.25731,121.5363,358.1512,0.1335627,0.003784132,-0.9910329,0.1824119,-0.01316845,-0.03808652,2.428818,-0.780122,-4.17488,-0.2800023,-0.3825586,2.066724,-0.528604,-0.03152717,-0.8482829,0.1639784,0.9766954,-0.1384822,0.83288,-0.2123023,-0.5111153,moving,-62.48036,37.42646,-7.715526,-10.48698,-13.60550125904783,6.557723185072205,72.76595890717826,18.03368279690552,118.35002576408978
4213,05/05/2023 11:22:53.196902,4395,True,True,True,True,Eyes,0.5251876,0.01356147,-3.435127,0.837864,-0.3345654,-0.431335,0.0,0.0,0.0,0.0,0.0,0.0,0.0,-2.575841,-0.6162951,-2.236587,0.6309751,0.02514019,-3.408568,0.03919511,0.8660021,-0.1041903,0.4874921,12.63109,121.0287,358.021,0.1351809,0.003786142,-0.9908135,0.1714672,-0.01237834,-0.03580133,2.441934,-0.7924476,-4.151986,-0.283332,-0.3846752,2.066988,-0.5216305,-0.03369786,-0.8525059,0.16947,0.9752162,-0.1422435,0.8361709,-0.2186727,-0.5029917,moving,-62.76045,37.79898,-7.805165,-10.54238,-13.642105727940727,6.583845965382007,73.19132760157329,18.093576011358785,118.13108337043413
4214,05/05/2023 11:22:53.206743,4396,True,True,True,True,Eyes,0.5302156,0.01386197,-3.434461,0.8394679,-0.3360212,-0.4270636,0.0,0.0,0.0,0.0,0.0,0.0,0.0,-2.587739,-0.6143384,-2.225277,0.6399366,0.02537877,-3.408152,0.03941704,0.8642166,-0.1039802,0.4906772,12.61537,120.6065,358.0085,0.1367772,0.003797821,-0.9905943,0.1611792,-0.01163564,-0.03365325,2.45795,-0.7933719,-4.13562,-0.2862431,-0.3865258,2.06722,-0.5153643,-0.03391175,-0.8562999,0.1701712,0.9752688,-0.1410408,0.8399055,-0.2184049,-0.496848,moving,-63.03613,38.1963,-7.883485,-10.59079,-13.67974087069885,6.611117341804091,73.63419315212278,18.1521954130795,117.90287938445385
4215,05/05/2023 11:22:53.226704,4397,True,True,True,True,Eyes,0.6594269,0.02175751,-3.417773,0.8711219,-0.378405,-0.3129798,0.0,0.0,0.0,0.0,0.0,0.0,0.0,-2.599368,-0.6183652,-2.211937,0.6480306,0.02468487,-3.407522,0.04188729,0.8622848,-0.1056432,0.4935078,12.9166,120.2195,358.1166,0.138358,0.003816965,-0.9903747,0.1515084,-0.0109375,-0.03163406,2.468209,-0.8067384,-4.118113,-0.2894846,-0.388586,2.067475,-0.5093909,-0.03203395,-0.8599387,0.176509,0.97417,-0.1408457,0.8422382,-0.2235325,-0.4905791,moving,-70.23747,50.40576,-7.970645,-10.64467,-14.758783445269357,7.416624190257248,87.20270923982537,19.294796484523076,110.74637236028867
4216,05/05/2023 11:22:53.247185,4398,True,True,True,True,Eyes,0.6598,0.02178523,-3.417749,0.8711745,-0.3785198,-0.3126945,0.0,0.0,0.0,0.0,0.0,0.0,0.0,-2.612358,-0.6363443,-2.192963,0.6565172,0.02544224,-3.406871,0.04544083,0.8598456,-0.1096741,0.4965605,13.51699,119.7722,358.1862,0.1437959,0.004068685,-0.9895988,0.530052,0.01340538,0.02032689,2.47568,-0.8284656,-4.096262,-0.2926968,-0.3906277,2.067731,-0.5027258,-0.03077541,-0.8638981,0.1870638,0.9718134,-0.1434773,0.8439634,-0.2337338,-0.4827987,moving,-70.25519,50.43995,-8.056951,-10.69802,-14.761655904563458,7.418817202319576,87.21509221701265,19.31768252334187,110.77837143864608
4217,05/05/2023 11:22:53.262024,4399,True,True,True,True,Eyes,0.6605012,0.02179687,-3.417695,0.8713175,-0.3786889,-0.3120906,0.0,0.0,0.0,0.0,0.0,0.0,0.0,-2.625399,-0.6406217,-2.178643,0.6655136,0.02613965,-3.406759,0.04567813,0.8577754,-0.110397,0.4999475,13.59545,119.3041,358.112,0.1483865,0.004288132,-0.98892,0.4982489,0.01260106,0.01910727,2.490985,-0.8319711,-4.077323,-0.2959358,-0.392686,2.067989,-0.4959323,-0.03202221,-0.8677708,0.1887485,0.9714521,-0.1437183,0.8475999,-0.2350649,-0.4757303,moving,-70.29337,50.50688,-8.143915,-10.75176,-14.767491948267663,7.423199639965317,87.26497425340034,19.34427381692037,110.79185334289343
4218,05/05/2023 11:22:53.277036,4400,True,True,True,True,Eyes,0.661533,0.02180508,-3.41762,0.8715469,-0.3789057,-0.3111858,0.0,0.0,0.0,0.0,0.0,0.0,0.0,-2.63823,-0.648787,-2.162098,0.6740075,0.02580202,-3.406008,0.04548954,0.8555673,-0.1117718,0.5034307,13.71298,118.8073,357.9531,0.1525352,0.004485878,-0.9882876,0.4683539,0.01184499,0.01796084,2.505771,-0.8373482,-4.056052,-0.2991557,-0.3947331,2.068244,-0.4889767,-0.03469996,-0.8716066,0.1903774,0.9708756,-0.1454549,0.8512688,-0.2370582,-0.4681294,moving,-70.35089,50.6046,-8.230314,-10.80519,-14.776121078449531,7.429643625857826,87.35060543817585,19.374125726623,110.78721442671113
4219,05/05/2023 11:22:53.296892,4401,True,True,True,True,Eyes,0.6628938,0.02178664,-3.417548,0.8718958,-0.3790396,-0.3100431,0.0,0.0,0.0,0.0,0.0,0.0,0.0,-2.650836,-0.6631315,-2.144662,0.6827122,0.02576442,-3.405802,0.04541513,0.8532605,-0.1140846,0.5068222,13.92919,118.3057,357.748,0.1562959,0.004664005,-0.987699,0.4402527,0.01113429,0.01688319,2.519481,-0.8454546,-4.034147,-0.3023797,-0.3967824,2.068499,-0.4821374,-0.03813938,-0.875265,0.1931431,0.9698443,-0.148653,0.8545403,-0.2407226,-0.4602319,moving,-70.42479,50.71786,-8.31677,-10.85866,-14.78656359216357,7.437297608404724,87.45898446489532,19.406192154406373,110.7704062080949
4220,05/05/2023 11:22:53.306904,4402,True,True,True,True,Eyes,0.6645564,0.02173696,-3.417451,0.8723494,-0.3791683,-0.3086063,0.0,0.0,0.0,0.0,0.0,0.0,0.0,-2.661766,-0.6657649,-2.133342,0.6918888,0.02520859,-3.405884,0.044048,0.8514341,-0.1141244,0.5099954,13.8433,117.8614,357.5564,0.1597168,0.004823697,-0.9871508,0.4138375,0.01046624,0.01587019,2.536836,-0.8440529,-4.016487,-0.3056579,-0.3988666,2.068758,-0.4759288,-0.04139786,-0.8785089,0.1914137,0.9700708,-0.1494102,0.8584011,-0.2392673,-0.4537605,moving,-70.51802,50.85775,-8.404613,-10.91299,-14.79958057851109,7.446801270181367,87.59965553182987,19.441644627315767,110.73788506245363
4221,05/05/2023 11:22:53.326859,4403,True,True,True,True,Eyes,0.6665254,0.02167209,-3.417355,0.8728794,-0.3792885,-0.3069558,0.0,0.0,0.0,0.0,0.0,0.0,0.0,-2.672459,-0.6714321,-2.120249,0.7006075,0.02442062,-3.405416,0.04336059,0.8494918,-0.1149421,0.5131003,13.87364,117.4172,357.3855,0.1628407,0.004965913,-0.9866396,0.3890073,0.009838263,0.01491798,2.551825,-0.8467189,-3.997705,-0.3087008,-0.4008,2.069,-0.4696961,-0.04428471,-0.8817168,0.1916226,0.9698163,-0.1507881,0.8617811,-0.2397815,-0.4470331,moving,-70.62533,51.01697,-8.486094,-10.96336,-14.814469286009103,7.457648815983728,87.76585872406535,19.47772829564888,110.68983834668857
4222,05/05/2023 11:22:53.346965,4404,True,True,True,True,Eyes,0.6687738,0.02156698,-3.417286,0.8735694,-0.3792554,-0.3050275,0.0,0.0,0.0,0.0,0.0,0.0,0.0,-2.682158,-0.6771948,-2.109096,0.7098621,0.0239222,-3.405345,0.04261714,0.8476738,-0.1156628,0.5159991,13.89064,117.0014,357.2182,0.1657064,0.005091967,-0.9861617,0.3656668,0.009247967,0.0140229,2.565815,-0.8468581,-3.983165,-0.3087002,-0.4008,2.069,-0.4638573,-0.04711292,-0.8846562,0.1916147,0.9696118,-0.1521078,0.8649393,-0.2400694,-0.4407341,static,-70.75214,51.19098,-8.48608,-10.96336,-14.831322361637874,7.4697481119016755,87.97854402500191,19.49465504421607,110.58165005457315
4223,05/05/2023 11:22:53.362329,4405,True,True,True,True,Eyes,0.6712957,0.02140433,-3.41721,0.8743018,-0.3792412,-0.3029395,0.0,0.0,0.0,0.0,0.0,0.0,0.0,-2.69172,-0.6716312,-2.101877,0.7190132,0.0228579,-3.405412,0.04174118,0.8461618,-0.1146318,0.5187748,13.72739,116.6327,357.1503,0.1683469,0.005202296,-0.9857138,0.3437268,0.008693089,0.01318153,2.581144,-0.842082,-3.97202,-0.3087001,-0.4008,2.069,-0.4582606,-0.04829657,-0.8875046,0.1895757,0.9702345,-0.1506855,0.8683652,-0.2373026,-0.4354644,static,-70.88915,51.38199,-8.486077,-10.96337,-14.849688414798203,7.482973399443381,88.21047235659113,19.513152873094043,110.46422035301751
4224,05/05/2023 11:22:53.377304,4406,True,True,True,True,Eyes,0.6741086,0.02122128,-3.41712,0.875037,-0.3793781,-0.3006369,0.0,0.0,0.0,0.0,0.0,0.0,0.0,-2.701805,-0.669634,-2.092227,0.7280318,0.02131881,-3.405155,0.04215504,0.8444264,-0.1147199,0.5215423,13.75179,116.2537,357.1398,0.1707929,0.00529683,-0.9852924,0.3231032,0.008171503,0.01239064,2.593584,-0.8443797,-3.959213,-0.3087002,-0.4007999,2.069,-0.4524331,-0.04846889,-0.8904803,0.1908562,0.9701246,-0.1497737,0.8711362,-0.2377163,-0.429666,static,-71.03879,51.60506,-8.486076,-10.96336,-14.87050486692742,7.498152991611957,88.4740030181872,19.534287647526675,110.33243318622108
4225,05/05/2023 11:22:53.397279,4407,True,True,True,True,Eyes,0.6771881,0.02102192,-3.417028,0.8758112,-0.3795218,-0.298191,0.0,0.0,0.0,0.0,0.0,0.0,0.0,-2.714007,-0.663326,-2.082248,0.7374033,0.02059982,-3.405496,0.04472256,0.8425539,-0.1147886,0.5243341,13.90603,115.8866,357.3421,0.1730718,0.005376554,-0.9848942,0.303717,0.007681213,0.0116472,2.603519,-0.8513825,-3.947672,-0.3087004,-0.4008,2.069,-0.446147,-0.04501279,-0.8938269,0.1957375,0.9696469,-0.146532,0.8732924,-0.2403302,-0.4237944,static,-71.19762,51.8432,-8.486087,-10.96336,-14.892671555630308,7.514334532594797,88.75472015754255,19.55682798687774,110.19253002724714
4226,05/05/2023 11:22:53.406853,4408,True,True,True,True,Eyes,0.6805168,0.0207841,-3.416966,0.8766607,-0.3797499,-0.2953914,0.0,0.0,0.0,0.0,0.0,0.0,0.0,-2.725894,-0.6559684,-2.072211,0.746817,0.01999734,-3.405395,0.04581366,0.8407035,-0.1141616,0.5273384,13.90252,115.491,357.4391,0.1752079,0.005442475,-0.984516,0.285494,0.00722034,0.01094837,2.616278,-0.8524041,-3.935233,-0.3087005,-0.4008,2.069,-0.4396305,-0.04337214,-0.8971309,0.197435,0.9697365,-0.1436334,0.8762103,-0.2402706,-0.4177626,static,-71.37872,52.12216,-8.486087,-10.96336,-14.918335651033622,7.533162871591608,89.08011068326694,19.583032988994205,110.03149126168489
4227,05/05/2023 11:22:53.426950,4409,True,True,True,True,Eyes,0.6840852,0.02050489,-3.416926,0.877481,-0.3801192,-0.2924663,0.0,0.0,0.0,0.0,0.0,0.0,0.0,-2.738851,-0.6449612,-2.062725,0.7561473,0.01883746,-3.405878,0.04776813,0.8388357,-0.1133608,0.5303038,13.93644,115.1092,357.6325,0.1772222,0.005494863,-0.9841552,0.2683643,0.00678712,0.01029146,2.627834,-0.8557649,-3.924098,-0.3087003,-0.4008002,2.068999,-0.4329921,-0.04009206,-0.9005057,0.2003705,0.9697351,-0.1395189,0.8788455,-0.2408453,-0.4118543,static,-71.56666,52.42507,-8.486084,-10.96337,-14.94567201154387,7.553384686853962,89.42736378830237,19.611131568882236,109.86130675108396
4228,05/05/2023 11:22:53.446804,4410,True,True,True,True,Eyes,0.6878943,0.020196,-3.416932,0.8783416,-0.3806217,-0.2892114,0.0,0.0,0.0,0.0,0.0,0.0,0.0,-2.75188,-0.6379374,-2.051823,0.7654108,0.01756514,-3.406408,0.05066833,0.8368236,-0.113552,0.5331652,14.12719,114.7294,357.8558,0.1791334,0.005533878,-0.9838089,0.2522625,0.006379893,0.009673976,2.636925,-0.8646321,-3.912234,-0.3087006,-0.4008,2.069,-0.4263356,-0.03628307,-0.9038374,0.2058849,0.9690773,-0.1360168,0.8808234,-0.2440752,-0.405682,static,-71.77485,52.771,-8.486089,-10.96336,-14.976497869894908,7.5763134775510945,89.81946288819991,19.642935115522373,109.67065510564923
4229,05/05/2023 11:22:53.461971,4411,True,True,True,True,Eyes,0.6919298,0.01984066,-3.41698,0.8791825,-0.3811783,-0.2859043,0.0,0.0,0.0,0.0,0.0,0.0,0.0,-2.76358,-0.6308767,-2.043572,0.7749989,0.01656145,-3.407444,0.05307607,0.8350258,-0.1134679,0.5357609,14.26278,114.387,358.0521,0.1809584,0.005559996,-0.9834747,0.2371267,0.005997099,0.009093538,2.646797,-0.8712284,-3.902313,-0.3087001,-0.4008001,2.069,-0.4202861,-0.03294353,-0.9067934,0.2102231,0.9686159,-0.132625,0.8827037,-0.2463694,-0.4001704,static,-71.98582,53.12812,-8.486077,-10.96337,-15.008079689559713,7.599882683883745,90.22159636963951,19.675641521646536,109.47633524292502
4230,05/05/2023 11:22:53.477082,4412,True,True,True,True,Eyes,0.6961772,0.01945969,-3.417089,0.8800244,-0.3819115,-0.2823128,0.0,0.0,0.0,0.0,0.0,0.0,0.0,-2.774574,-0.6199861,-2.037354,0.7844166,0.01507521,-3.408506,0.05534884,0.8334033,-0.112799,0.5381931,14.335,114.0762,358.2753,0.1827117,0.005573164,-0.9831504,0.2228991,0.005637273,0.008547925,2.656945,-0.8763338,-3.894021,-0.3087002,-0.4008,2.069,-0.4145695,-0.02915947,-0.9095505,0.2136711,0.9684258,-0.1284374,0.8845773,-0.2475909,-0.3952493,static,-72.2137,53.52782,-8.48608,-10.96336,-15.042924243003656,7.626050944374001,90.6659905844347,19.711884884145963,109.26348959925294
4231,05/05/2023 11:22:53.496874,4413,True,True,True,True,Eyes,0.7006575,0.01907456,-3.41725,0.8808416,-0.3826973,-0.2786772,0.0,0.0,0.0,0.0,0.0,0.0,0.0,-2.787136,-0.6115915,-2.028697,0.7937845,0.01408089,-3.40991,0.0589704,0.8315066,-0.1129669,0.5407014,14.57435,113.7483,358.5735,0.1844057,0.005573932,-0.9828341,0.2095252,0.005299037,0.00803505,2.664432,-0.8868993,-3.884895,-0.3087003,-0.4008001,2.069,-0.4083292,-0.02409419,-0.9125168,0.2202312,0.9675219,-0.1240947,0.88587,-0.2516362,-0.3897612,static,-72.44388,53.93818,-8.486081,-10.96336,-15.07846770811329,7.652820367150531,91.11975607570513,19.748967921681114,109.04749931304255
4232,05/05/2023 11:22:53.506846,4414,True,True,True,True,Eyes,0.7053441,0.01866165,-3.417472,0.8817413,-0.3834583,-0.2747579,0.0,0.0,0.0,0.0,0.0,0.0,0.0,-2.799692,-0.5976151,-2.021918,0.8037986,0.01356923,-3.411347,0.06178008,0.8297232,-0.1118854,0.5433455,14.64348,113.4172,358.871,0.1860529,0.00556341,-0.9825237,0.1969537,0.004981095,0.007552947,2.674965,-0.8913021,-3.876793,-0.3087001,-0.4008,2.069,-0.4019179,-0.01906409,-0.9154773,0.2241056,0.9673298,-0.1185319,0.8878282,-0.2528036,-0.3845148,static,-72.69254,54.37741,-8.486075,-10.96336,-15.116651191261544,7.681531645627463,91.60723973567332,19.78879797019802,108.81611464885925
4233,05/05/2023 11:22:53.526902,4415,True,True,True,True,Eyes,0.7102509,0.01821909,-3.41776,0.8826758,-0.3841828,-0.2707155,0.0,0.0,0.0,0.0,0.0,0.0,0.0,-2.814546,-0.5831572,-2.012075,0.8133762,0.01245364,-3.412983,0.06357444,0.8276829,-0.1105214,0.5465203,14.62211,113.0081,359.0783,0.1876628,0.005541924,-0.9822176,0.1851365,0.004682229,0.00709977,2.687305,-0.8928139,-3.866389,-0.3087002,-0.4008001,2.069,-0.3945477,-0.01556541,-0.9187436,0.2260433,0.9674866,-0.1134639,0.8906383,-0.2524427,-0.3782013,static,-72.9493,54.82945,-8.48608,-10.96337,-15.155999997258842,7.711101994666255,92.10972747935367,19.82986981927536,108.5785423260487
4234,05/05/2023 11:22:53.547142,4416,True,True,True,True,Eyes,0.7153744,0.01774732,-3.418132,0.8837835,-0.3847269,-0.2662932,0.0,0.0,0.0,0.0,0.0,0.0,0.0,-2.830461,-0.5729114,-1.999993,0.8234838,0.01128265,-3.414887,0.06454318,0.825415,-0.109534,0.5500243,14.58539,112.5385,359.1745,0.1892446,0.005509716,-0.9819142,0.1740283,0.004401295,0.006673784,2.701224,-0.8932775,-3.853705,-0.3087002,-0.4008,2.069,-0.3866151,-0.01394291,-0.9221359,0.2270425,0.967673,-0.1098214,0.8938572,-0.2518226,-0.3709513,static,-73.2319,55.3105,-8.486078,-10.96336,-15.198445042938008,7.742809814433079,92.65120606746187,19.874019735461864,108.32258812846992
4235,05/05/2023 11:22:53.562144,4417,True,True,True,True,Eyes,0.7207212,0.01728153,-3.41858,0.885012,-0.3850417,-0.261719,0.0,0.0,0.0,0.0,0.0,0.0,0.0,-2.847342,-0.5613377,-1.987322,0.8337845,0.01006866,-3.417105,0.06388112,0.8231101,-0.1077604,0.5538922,14.36889,112.0188,359.1593,0.1908067,0.005467009,-0.9816121,0.1635866,0.004137217,0.006273357,2.718642,-0.8872154,-3.84006,-0.3087,-0.4008002,2.068999,-0.3782451,-0.01421292,-0.9255962,0.2245377,0.9686138,-0.1066309,0.8980608,-0.2481639,-0.3631821,static,-73.5258,55.79542,-8.486076,-10.96337,-15.241782079980354,7.77500389414457,93.20355004108093,19.918991461312547,108.06176959931253
4236,05/05/2023 11:22:53.576981,4418,True,True,True,True,Eyes,0.7263058,0.01682525,-3.419077,0.8864614,-0.3850137,-0.2568086,0.0,0.0,0.0,0.0,0.0,0.0,0.0,-2.863984,-0.5543069,-1.973792,0.8443774,0.009723345,-3.419422,0.06176543,0.8207831,-0.1060086,0.5579091,14.06007,111.4669,359.0021,0.1923562,0.005415031,-0.9813099,0.1537714,0.003888984,0.005896955,2.73829,-0.8764359,-3.825027,-0.3087004,-0.4008,2.069,-0.3698452,-0.01689422,-0.9289398,0.2196783,0.9698944,-0.1051011,0.9027492,-0.242939,-0.3549995,static,-73.84366,56.29625,-8.486086,-10.96336,-15.287414193058224,7.808620919605173,93.78415439997087,19.966104598436555,107.78751314893105
4237,05/05/2023 11:22:53.597071,4419,True,True,True,True,Eyes,0.7321039,0.01636691,-3.419649,0.8880552,-0.3846766,-0.2517573,0.0,0.0,0.0,0.0,0.0,0.0,0.0,-2.879914,-0.5494017,-1.961044,0.8552437,0.009433289,-3.421974,0.05783806,0.8185638,-0.103864,0.5619789,13.59434,110.9025,358.7001,0.1939013,0.005354952,-0.9810061,0.1445451,0.003655645,0.005543138,2.760837,-0.8595412,-3.809651,-0.3087003,-0.4008001,2.069,-0.3616688,-0.02205045,-0.9320459,0.211427,0.971734,-0.105031,0.9080167,-0.2350461,-0.3467838,static,-74.17235,56.79667,-8.486082,-10.96336,-15.33368533976897,7.842494450934854,94.37217529213112,20.013741107762968,107.51019145858238
4238,05/05/2023 11:22:53.606744,4420,True,True,True,True,Eyes,0.7381051,0.01586572,-3.420269,0.8895373,-0.384483,-0.2467713,0.0,0.0,0.0,0.0,0.0,0.0,0.0,-2.894872,-0.5475862,-1.948412,0.8660601,0.008902548,-3.424369,0.05379205,0.8163632,-0.1021622,0.5658803,13.16068,110.354,358.3643,0.1954475,0.005287521,-0.9806995,0.1358724,0.003436306,0.00521055,2.782592,-0.8437065,-3.794044,-0.3087002,-0.4008002,2.069,-0.3537717,-0.02779552,-0.9349187,0.2034509,0.9733385,-0.1059232,0.9129366,-0.2276827,-0.3386846,static,-74.49517,57.30659,-8.48608,-10.96337,-15.38009632186868,7.876700899142473,94.9630844119424,20.061797838950195,107.23450533978743
4239,05/05/2023 11:22:53.626687,4421,True,True,True,True,Eyes,0.7442752,0.01534644,-3.420951,0.8910394,-0.3842665,-0.2416362,0.0,0.0,0.0,0.0,0.0,0.0,0.0,-2.909679,-0.5452018,-1.936177,0.8766109,0.007346511,-3.426916,0.05085018,0.8141537,-0.1009266,0.5695453,12.84196,109.8374,358.1095,0.1969995,0.005212255,-0.9803894,0.12772,0.003230128,0.004897917,2.80172,-0.8331473,-3.779366,-0.3087004,-0.4008,2.069,-0.3460649,-0.03216483,-0.9376591,0.1977642,0.9744561,-0.1064166,0.9171307,-0.2222625,-0.330864,static,-74.82718,57.83731,-8.486082,-10.96336,-15.428157820015931,7.912200772602973,95.57548574971777,20.111668532746805,106.95099596304402
4240,05/05/2023 11:22:53.646920,4422,True,True,True,True,Eyes,0.9033076,0.006207246,-3.439215,0.912959,-0.3935865,-0.1076827,0.0,0.0,0.0,0.0,0.0,0.0,0.0,-2.924513,-0.5513069,-1.920604,0.8867386,0.00635069,-3.429154,0.04971352,0.8116665,-0.1016173,0.5730619,12.8228,109.3172,357.898,0.198561,0.005129416,-0.9800748,0.1200568,0.00303632,0.004604042,2.815958,-0.832337,-3.762933,-0.3087001,-0.4008002,2.068999,-0.3382571,-0.03576433,-0.9403737,0.1971675,0.974405,-0.1079808,0.9201668,-0.2219365,-0.3225478,static,-83.2731,74.69871,-8.486081,-10.96337,-16.826891048157066,8.986219120073866,113.71495135131863,21.62302518888621,99.37273492292502
4241,05/05/2023 11:22:53.662017,4423,True,True,True,True,Eyes,0.9037664,0.006384792,-3.439335,0.9131104,-0.39333,-0.1073357,0.0,0.0,0.0,0.0,0.0,0.0,0.0,-2.939502,-0.5782408,-1.898878,0.8975405,0.009716924,-3.431485,0.05014531,0.8086555,-0.105459,0.5765764,13.20202,108.7458,357.6153,0.2051468,0.004745865,-0.9787194,0.5899508,-0.02456344,-0.05046437,2.825659,-0.8401758,-3.742514,-0.3087005,-0.4008,2.069,-0.3300905,-0.04050974,-0.9430798,0.2027109,0.9727277,-0.1127347,0.9219268,-0.2283852,-0.3128764,static,-83.29568,74.73622,-8.486085,-10.96336,-16.830233901826755,8.98870548265289,113.7580481383204,21.62659792755036,99.35724897263243
4242,05/05/2023 11:22:53.677168,4424,True,True,True,True,Eyes,0.904609,0.006460982,-3.439526,0.9132757,-0.393073,-0.1068699,0.0,0.0,0.0,0.0,0.0,0.0,0.0,-2.953571,-0.5865117,-1.885354,0.9089691,0.01426195,-3.434488,0.0465364,0.80637,-0.1046259,0.5802202,12.86985,108.219,357.2742,0.2106409,0.004425341,-0.9775532,0.5545537,-0.02308963,-0.0474365,2.845645,-0.8225587,-3.727256,-0.3087004,-0.4007999,2.069,-0.3223583,-0.04636105,-0.945482,0.1964633,0.9737756,-0.1147317,0.9260063,-0.2227371,-0.3047964,static,-83.3257,74.78991,-8.486084,-10.96336,-16.83487842923182,8.992205439655452,113.81823860313581,21.631619459438156,99.33517345487752
4243,05/05/2023 11:22:53.697279,4425,True,True,True,True,Eyes,0.9057539,0.006574134,-3.439773,0.9131888,-0.3934899,-0.1060745,0.0,0.0,0.0,0.0,0.0,0.0,0.0,-2.963802,-0.5596762,-1.886498,0.9188368,0.01182414,-3.436835,0.04302366,0.8053716,-0.09941259,0.5827888,12.1385,107.9286,357.2695,0.2152493,0.004154915,-0.97655,0.5212805,-0.02170425,-0.04459031,2.867,-0.8002529,-3.722993,-0.3087001,-0.4008,2.069,-0.3170124,-0.04657301,-0.9472772,0.1851731,0.9765322,-0.1099807,0.9301688,-0.2102756,-0.3009487,static,-83.37431,74.9132,-8.486078,-10.96336,-16.844304130843977,8.999721943048954,113.94310356278444,21.642194544897944,99.28501994625694
4244,05/05/2023 11:22:53.706839,4426,True,True,True,True,Eyes,0.907309,0.006950122,-3.440131,0.9129221,-0.3943794,-0.105062,0.0,0.0,0.0,0.0,0.0,0.0,0.0,-2.980323,-0.5744991,-1.862967,0.9272302,0.01293516,-3.438473,0.05066686,0.8021849,-0.1045946,0.5856553,13.12964,107.4562,357.5739,0.2192051,0.003924494,-0.9756706,0.4900037,-0.020402,-0.0419149,2.863017,-0.8342953,-3.706101,-0.3087002,-0.4008002,2.069,-0.3088812,-0.04122439,-0.9502068,0.2038011,0.9729857,-0.1084618,0.9290089,-0.227155,-0.2921354,static,-83.4351,75.08294,-8.48608,-10.96337,-16.856906891008656,9.009913223882885,114.11101201714276,21.656472140694454,99.21596522396676
4245,05/05/2023 11:22:53.726672,4427,True,True,True,True,Eyes,0.9092332,0.007451571,-3.440577,0.9129988,-0.3944809,-0.1040097,0.0,0.0,0.0,0.0,0.0,0.0,0.0,-2.993488,-0.5798706,-1.851359,0.9386669,0.01968009,-3.441404,0.05268279,0.7999945,-0.1051252,0.5883724,13.30846,107.0624,357.6788,0.2228008,0.003727601,-0.9748567,0.4606035,-0.01917788,-0.0394,2.873372,-0.8341395,-3.695579,-0.3087002,-0.4008,2.069,-0.3020849,-0.0394137,-0.952466,0.2079975,0.9723464,-0.106205,0.9303128,-0.2301934,-0.2855333,static,-83.50083,75.22942,-8.486077,-10.96336,-16.868592005289173,9.019047819653164,114.26464235177656,21.669406546669293,99.15617582287497
4246,05/05/2023 11:22:53.746718,4428,True,True,True,True,Eyes,0.9114627,0.008055233,-3.44106,0.9130138,-0.3947589,-0.1028165,0.0,0.0,0.0,0.0,0.0,0.0,0.0,-3.003747,-0.5435033,-1.856043,0.9493417,0.02302672,-3.443981,0.04675349,0.7993468,-0.09662066,0.591205,12.10762,106.7804,357.6847,0.2260823,0.003564392,-0.9741014,0.4329673,-0.0180272,-0.037036,2.901983,-0.7903136,-3.693711,-0.3087005,-0.4008001,2.069,-0.2965817,-0.03950071,-0.9541903,0.1889897,0.9769571,-0.09918503,0.9361209,-0.2097486,-0.2822823,static,-83.57487,75.40143,-8.48609,-10.96336,-16.8821218392671,9.029693911367488,114.44300692323887,21.684454232210545,99.08601299328609
4247,05/05/2023 11:22:53.761899,4429,True,True,True,True,Eyes,0.9140731,0.008817637,-3.441633,0.9132218,-0.3945951,-0.1015897,0.0,0.0,0.0,0.0,0.0,0.0,0.0,-3.015826,-0.5387223,-1.846506,0.9586716,0.02606751,-3.446054,0.04732653,0.7974843,-0.09564222,0.5938281,12.04934,106.4196,357.7669,0.2290887,0.003434388,-0.9733992,0.4069892,-0.01694557,-0.03481384,2.913389,-0.7857532,-3.684223,-0.3087001,-0.4008,2.069,-0.2902572,-0.03810573,-0.9561898,0.1890744,0.9772255,-0.09633869,0.9380842,-0.208754,-0.2764419,static,-83.65234,75.56255,-8.486074,-10.96336,-16.89529018006479,9.039873889332188,114.61544680238723,21.69894658259684,99.02040242124238
4248,05/05/2023 11:22:53.777087,4430,True,True,True,True,Eyes,0.916998,0.009587799,-3.442259,0.9136685,-0.3938656,-0.1003978,0.0,0.0,0.0,0.0,0.0,0.0,0.0,-3.023784,-0.5179628,-1.85076,0.9703599,0.03053868,-3.448816,0.04425196,0.7967291,-0.09042478,0.5958926,11.35147,106.1962,357.8224,0.2318576,0.00333869,-0.9727437,0.3825699,-0.01592884,-0.03272501,2.935184,-0.757872,-3.682424,-0.3087005,-0.4008001,2.069,-0.2859077,-0.03725328,-0.9575329,0.1782806,0.9797303,-0.09134927,0.9415269,-0.1968269,-0.2734709,static,-83.72926,75.69962,-8.486088,-10.96336,-16.907164641155667,9.048816394363598,114.76936453209969,21.711787946535893,98.9649668053931
4249,05/05/2023 11:22:53.797431,4431,True,True,True,True,Eyes,0.9201966,0.01029658,-3.442918,0.9141453,-0.3930877,-0.0990984,0.0,0.0,0.0,0.0,0.0,0.0,0.0,-3.031214,-0.4653974,-1.86176,0.9807088,0.03130631,-3.45083,0.03823339,0.7965969,-0.07984681,0.5979936,9.958689,106.0346,357.9879,0.2344208,0.003274068,-0.9721295,0.3596157,-0.01497311,-0.03076151,2.963582,-0.7103446,-3.685067,-0.3087005,-0.4008,2.069,-0.2818843,-0.03458256,-0.9588252,0.156409,0.9843253,-0.08148479,0.946614,-0.1729381,-0.2720568,static,-83.81298,75.85043,-8.486085,-10.96336,-16.920173874806927,9.058631983972964,114.93813659749806,21.725883598933773,98.90425755643646
4250,05/05/2023 11:22:53.806766,4432,True,True,True,True,Eyes,0.9237041,0.01097319,-3.443596,0.9147285,-0.3920569,-0.09779134,0.0,0.0,0.0,0.0,0.0,0.0,0.0,-3.043078,-0.4427806,-1.85577,0.9904284,0.03049525,-3.4523,0.03946051,0.7949133,-0.07700157,0.600522,9.776944,105.7132,358.2702,0.2368062,0.003235665,-0.9715512,0.3380387,-0.01407472,-0.02891582,2.976059,-0.7064638,-3.677822,-0.3087007,-0.4008,2.069,-0.2756328,-0.0297469,-0.9608029,0.1552176,0.9850273,-0.07502532,0.9486488,-0.169813,-0.2668885,static,-83.89783,75.99442,-8.486093,-10.96336,-16.932894626238806,9.068129590380792,115.10250031986955,21.73957297010603,98.84678509311316
4251,05/05/2023 11:22:53.827108,4433,True,True,True,True,Eyes,0.9274834,0.01156848,-3.444308,0.9154345,-0.3907731,-0.09631262,0.0,0.0,0.0,0.0,0.0,0.0,0.0,-3.057645,-0.4166583,-1.847011,1.001155,0.03033091,-3.45413,0.04035306,0.7928446,-0.07343385,0.6036363,9.50655,105.3128,358.5668,0.2390391,0.003219949,-0.9710044,0.3177564,-0.01323024,-0.02718087,2.990847,-0.6989432,-3.668569,-0.3087003,-0.4008,2.069,-0.26799,-0.02466726,-0.963106,0.1526421,0.9859582,-0.06772611,0.9512529,-0.1651604,-0.2604617,static,-83.99402,76.15444,-8.486081,-10.96336,-16.947147050930155,9.07873304197328,115.2864256053926,21.754887547889478,98.78343094547483
4252,05/05/2023 11:22:53.846758,4434,True,True,True,True,Eyes,0.9315004,0.01213009,-3.445039,0.9159923,-0.3899214,-0.0944429,0.0,0.0,0.0,0.0,0.0,0.0,0.0,-3.0734,-0.3835538,-1.836455,1.011383,0.02888633,-3.455682,0.03958254,0.790631,-0.06840922,0.6071706,8.988696,104.8612,358.8118,0.2411419,0.00322234,-0.9704843,0.298691,-0.01243642,-0.02555002,3.008358,-0.6838434,-3.657674,-0.3087004,-0.4008,2.069,-0.2595544,-0.02048177,-0.9655114,0.1456625,0.9875068,-0.0601062,0.9546801,-0.1562396,-0.2533283,static,-84.11335,76.3846,-8.486082,-10.96336,-16.966486452034946,9.0934970368139,115.5385207682071,21.776013727615197,98.692126891701
4253,05/05/2023 11:22:53.861732,4435,True,True,True,True,Eyes,0.9358024,0.01272619,-3.445809,0.9165352,-0.3891572,-0.09230371,0.0,0.0,0.0,0.0,0.0,0.0,0.0,-3.090884,-0.3863271,-1.814189,1.021106,0.02872792,-3.456966,0.04267151,0.7874298,-0.07017529,0.6109083,9.36092,104.3014,358.9233,0.2431335,0.003240061,-0.9699872,0.2807696,-0.01169024,-0.02401702,3.015146,-0.6974708,-3.639003,-0.3087003,-0.4008001,2.069,-0.2499404,-0.01853971,-0.9680838,0.152943,0.9865092,-0.05837946,0.9561058,-0.162653,-0.243733,static,-84.24917,76.65667,-8.486082,-10.96337,-16.989027859987896,9.1108152475058,115.83314254951968,21.800756905416492,98.58459180874542
4254,05/05/2023 11:22:53.877065,4436,True,True,True,True,Eyes,0.9403507,0.01329809,-3.44662,0.9171618,-0.3882419,-0.08990173,0.0,0.0,0.0,0.0,0.0,0.0,0.0,-3.106798,-0.3872671,-1.796396,1.032202,0.03016201,-3.458736,0.04344557,0.7845721,-0.07046574,0.6144866,9.437077,103.7747,358.9296,0.2450323,0.003272518,-0.9695091,0.2639234,-0.01098882,-0.02257599,3.026876,-0.6986981,-3.622245,-0.3087004,-0.4008001,2.069,-0.2410375,-0.01842814,-0.9703408,0.1547729,0.9862941,-0.05717745,0.9580953,-0.1639643,-0.2348817,static,-84.40166,76.96231,-8.486088,-10.96337,-17.01434519696593,9.130268040749495,116.1641049358604,21.828546917517357,98.46465676501252
4255,05/05/2023 11:22:53.897061,4437,True,True,True,True,Eyes,0.9451083,0.01379867,-3.447435,0.9176934,-0.3875911,-0.08724625,0.0,0.0,0.0,0.0,0.0,0.0,0.0,-3.120668,-0.3754078,-1.783659,1.042713,0.0301714,-3.460171,0.04161038,0.7822444,-0.06798919,0.6178509,9.07843,103.3064,358.9024,0.2468541,0.003317542,-0.9690467,0.248088,-0.01032949,-0.02122143,3.043124,-0.6861561,-3.608237,-0.3087003,-0.4008003,2.068999,-0.2330577,-0.01891537,-0.9722788,0.1491133,0.9872921,-0.05495031,0.9609626,-0.1577863,-0.2272756,static,-84.56915,77.31423,-8.486087,-10.96338,-17.043002674934236,9.152459185461602,116.53998842789571,21.86018737347161,98.32681317225789
4256,05/05/2023 11:22:53.906836,4438,True,True,True,True,Eyes,0.9500759,0.01427472,-3.448307,0.9180598,-0.3873833,-0.08426301,0.0,0.0,0.0,0.0,0.0,0.0,0.0,-3.135607,-0.3810063,-1.763738,1.052461,0.02900677,-3.461135,0.04397228,0.7792821,-0.07003188,0.6211936,9.426356,102.7923,358.927,0.2486113,0.003371846,-0.9685972,0.2332027,-0.009709722,-0.01994815,3.049784,-0.6994696,-3.590436,-0.3086999,-0.4008,2.069,-0.22437,-0.01847311,-0.974329,0.1555403,0.986324,-0.0545186,0.9620111,-0.1637798,-0.2184283,static,-84.75587,77.72827,-8.486071,-10.96336,-17.076088372720793,9.178302771005152,116.97558493787197,21.896917080825325,98.16437376681881
4257,05/05/2023 11:22:53.927032,4439,True,True,True,True,Eyes,0.9552323,0.01473582,-3.449182,0.9183613,-0.3873599,-0.08102348,0.0,0.0,0.0,0.0,0.0,0.0,0.0,-3.150953,-0.3889499,-1.7429,1.062707,0.0290381,-3.462267,0.04654878,0.7761918,-0.07234463,0.6246006,9.814298,102.2624,358.9468,0.2503157,0.003433801,-0.9681579,0.2192105,-0.009127139,-0.01875126,3.056229,-0.7129108,-3.572161,-0.3087002,-0.4008,2.069,-0.2154146,-0.01811145,-0.9763548,0.1626346,0.9851989,-0.0541578,0.9628845,-0.1704554,-0.2092807,static,-84.95807,78.18586,-8.48608,-10.96336,-17.11240042151484,9.20675813009413,117.45445364552381,21.937344173727958,97.98505891500459
4258,05/05/2023 11:22:53.947080,4440,True,True,True,True,Eyes,0.9605629,0.0151993,-3.450104,0.9185094,-0.3877363,-0.07746647,0.0,0.0,0.0,0.0,0.0,0.0,0.0,-3.16677,-0.395306,-1.720548,1.072342,0.02918024,-3.463267,0.04823273,0.7730188,-0.07408483,0.6281936,10.08663,101.7069,358.9228,0.2519766,0.003502174,-0.9677266,0.2060579,-0.008579511,-0.01762618,3.063418,-0.7219996,-3.55295,-0.3087006,-0.4008,2.069,-0.2060931,-0.01850964,-0.9783575,0.1676489,0.9843701,-0.05393896,0.9640642,-0.1751369,-0.1997687,static,-85.17912,78.70155,-8.48609,-10.96336,-17.152906846726015,9.238651706692892,117.98990183862769,21.982606561826344,97.78235463472078
4259,05/05/2023 11:22:53.962194,4441,True,True,True,True,Eyes,0.9660947,0.01570041,-3.451019,0.9186109,-0.3882382,-0.07365477,0.0,0.0,0.0,0.0,0.0,0.0,0.0,-3.181726,-0.4152257,-1.695792,1.082083,0.02985659,-3.46406,0.05049536,0.7696624,-0.07803061,0.6316497,10.59731,101.1369,358.7847,0.2536032,0.003576399,-0.9673014,0.1936944,-0.00806474,-0.01656861,3.067627,-0.738083,-3.531719,-0.3087001,-0.4008001,2.068999,-0.1969378,-0.02084724,-0.9801942,0.1763048,0.9827229,-0.05632368,0.9644335,-0.1839052,-0.1898599,static,-85.4158,79.25777,-8.486081,-10.96337,-17.196490508935454,9.273007275580316,118.56658790872984,22.03139121918942,97.56367213212869
4260,05/05/2023 11:22:53.977848,4442,True,True,True,True,Eyes,0.9718052,0.01619046,-3.451966,0.9187266,-0.3886943,-0.06970082,0.0,0.0,0.0,0.0,0.0,0.0,0.0,-3.195105,-0.4340801,-1.674131,1.092384,0.03132349,-3.464902,0.05070689,0.7666073,-0.08082815,0.6349874,10.85495,100.5915,358.5469,0.2552033,0.003656881,-0.9668801,0.1820728,-0.007580856,-0.0155745,3.075613,-0.7441313,-3.511458,-0.3087001,-0.4008,2.069,-0.18844,-0.02490516,-0.981769,0.1803942,0.9817912,-0.05953045,0.9653749,-0.1883234,-0.180516,static,-85.66147,79.83375,-8.486074,-10.96336,-17.24165798824471,9.308598244388344,119.16441134881215,22.081950594035657,97.33774530774424
4261,05/05/2023 11:22:53.997063,4443,True,True,True,True,Eyes,0.977681,0.01664848,-3.452887,0.9188226,-0.3891802,-0.06560166,0.0,0.0,0.0,0.0,0.0,0.0,0.0,-3.206333,-0.4406409,-1.658899,1.102491,0.03159868,-3.465573,0.04877993,0.76417,-0.08102359,0.6380439,10.72405,100.1217,358.3179,0.2567846,0.003742703,-0.966461,0.1711484,-0.007126004,-0.01464003,3.088284,-0.738126,-3.494677,-0.3087,-0.4008001,2.069,-0.1810412,-0.02884088,-0.9830526,0.1779455,0.9821114,-0.06158409,0.9672433,-0.1860791,-0.1726705,static,-85.91615,80.43195,-8.486073,-10.96337,-17.288539420244966,9.34555026180891,119.78531354940108,22.134490219565766,97.10329823455587
4262,05/05/2023 11:22:54.007177,4444,True,True,True,True,Eyes,0.9837335,0.01710274,-3.45371,0.919641,-0.3876106,-0.06339061,0.0,0.0,0.0,0.0,0.0,0.0,0.0,-3.216169,-0.450891,-1.64434,1.112274,0.03132599,-3.465943,0.04849356,0.7618147,-0.08251131,0.6406863,10.82763,99.69624,358.1422,0.2583527,0.00383239,-0.9660428,0.1608795,-0.006698444,-0.01376163,3.097239,-0.740974,-3.478914,-0.3087004,-0.4007999,2.069001,-0.1743395,-0.03184149,-0.9841709,0.1796139,0.9816805,-0.06357834,0.9681658,-0.187855,-0.1654265,static,-86.05685,80.71196,-8.486081,-10.96336,-17.311794552521324,9.363397347644415,120.08991839598261,22.160105685243806,97.00321091559455
4263,05/05/2023 11:22:54.027248,4445,True,True,True,True,Eyes,0.9899309,0.01751279,-3.454505,0.9203981,-0.386189,-0.06103592,0.0,0.0,0.0,0.0,0.0,0.0,0.0,-3.223646,-0.4665082,-1.632716,1.122165,0.03123077,-3.466274,0.04817685,0.7597732,-0.08471381,0.6428432,10.9917,99.33035,357.9154,0.2599142,0.003925458,-0.9656235,0.1512267,-0.006296537,-0.01293593,3.105471,-0.7454225,-3.464725,-0.3087008,-0.4008,2.069,-0.1688634,-0.03570841,-0.9849925,0.1821223,0.9810051,-0.06678621,0.9686675,-0.1906669,-0.1591525,static,-86.206,81.01888,-8.486094,-10.96336,-17.336975261684668,9.382829713411011,120.42058073297287,22.187959233840157,96.8929721811763
4264,05/05/2023 11:22:54.046760,4446,True,True,True,True,Eyes,0.9962445,0.01787072,-3.455319,0.9209796,-0.3851894,-0.05852837,0.0,0.0,0.0,0.0,0.0,0.0,0.0,-3.230005,-0.4786081,-1.623682,1.131812,0.03061828,-3.466469,0.04817493,0.7579833,-0.08656897,0.6447064,11.14853,99.01398,357.7458,0.2614728,0.004020279,-0.9652023,0.1421531,-0.005918745,-0.01215977,3.113336,-0.7504482,-3.452527,-0.3087007,-0.4008,2.069,-0.1640659,-0.03859155,-0.9856943,0.1846547,0.98037,-0.06911829,0.9690125,-0.193353,-0.1537191,static,-86.36373,81.36017,-8.486094,-10.96336,-17.364480416178544,9.40423016740009,120.78311297780579,22.21856148768764,96.76812947065703
4265,05/05/2023 11:22:54.063297,4447,True,True,True,True,Eyes,1.0027,0.01819636,-3.4561,0.9214469,-0.384457,-0.05593224,0.0,0.0,0.0,0.0,0.0,0.0,0.0,-3.237162,-0.4877982,-1.613066,1.141104,0.02983419,-3.46643,0.05097581,0.7560102,-0.08919658,0.6464474,11.58219,98.70704,357.7626,0.2630317,0.004115229,-0.9647781,0.1336239,-0.00556362,-0.01143019,3.11659,-0.7660992,-3.441079,-0.3087004,-0.4008,2.069,-0.1590148,-0.03824531,-0.9865353,0.1923982,0.9788909,-0.06896068,0.9683478,-0.2007734,-0.1482999,static,-86.52638,81.72247,-8.486083,-10.96336,-17.393386665255342,9.426825372097229,121.16497447132612,22.250836345934484,96.63449499776037
4266,05/05/2023 11:22:54.077404,4448,True,True,True,True,Eyes,1.009284,0.01850776,-3.456839,0.9218423,-0.3838972,-0.05319602,0.0,0.0,0.0,0.0,0.0,0.0,0.0,-3.246112,-0.4832761,-1.603506,1.150943,0.02940274,-3.466481,0.05442714,0.753991,-0.08999047,0.6484112,11.90481,98.39931,357.972,0.2645949,0.004209408,-0.9643502,0.1256065,-0.005229803,-0.01074438,3.121351,-0.7786482,-3.431232,-0.3087003,-0.4008,2.069,-0.1532013,-0.03462651,-0.9875882,0.1987768,0.9778788,-0.06512166,0.9679965,-0.2062863,-0.1429294,static,-86.69734,82.11086,-8.486082,-10.96336,-17.4241669807146,9.45096055909192,121.57224727112255,22.285283193440442,96.49058062297733
4267,05/05/2023 11:22:54.097295,4449,True,True,True,True,Eyes,1.016003,0.01878044,-3.457544,0.9221858,-0.3834544,-0.05035887,0.0,0.0,0.0,0.0,0.0,0.0,0.0,-3.255914,-0.4685863,-1.594284,1.160541,0.02934413,-3.466203,0.05743295,0.7519735,-0.08905108,0.650621,12.04397,98.08373,358.2714,0.2661646,0.004302436,-0.9639178,0.1180701,-0.004916015,-0.01009971,3.128143,-0.7850702,-3.421797,-0.3087009,-0.4008,2.069001,-0.1467882,-0.02950088,-0.9887282,0.2022531,0.9775427,-0.05919393,0.9682704,-0.2086622,-0.137525,static,-86.87429,82.5182,-8.486095,-10.96336,-17.456305695972002,9.47621311096669,121.9979966040083,22.321308852499737,96.33936905404997
4268,05/05/2023 11:22:54.106764,4450,True,True,True,True,Eyes,1.022871,0.01899741,-3.458157,0.9225332,-0.3829992,-0.04737312,0.0,0.0,0.0,0.0,0.0,0.0,0.0,-3.266914,-0.4541794,-1.582966,1.170429,0.02867012,-3.466131,0.06000108,0.7497052,-0.08809455,0.6531321,12.14973,97.71956,358.5283,0.2677435,0.004393346,-0.9634799,0.1109859,-0.004621054,-0.00949373,3.13568,-0.7907285,-3.410717,-0.3087004,-0.4007999,2.069,-0.139637,-0.02510851,-0.9898846,0.205041,0.9772785,-0.0537126,0.9687415,-0.2104671,-0.1313158,static,-87.06038,82.94891,-8.486083,-10.96336,-17.49022655810913,9.502888539583491,122.44768109522167,22.359381263779223,96.18002611732341
4269,05/05/2023 11:22:54.126875,4451,True,True,True,True,Eyes,1.02987,0.01914066,-3.458738,0.922877,-0.3825383,-0.04430251,0.0,0.0,0.0,0.0,0.0,0.0,0.0,-3.276791,-0.437788,-1.574457,1.18062,0.02746313,-3.466022,0.0606769,0.7477108,-0.08610161,0.6556169,12.02391,97.3726,358.7016,0.2693355,0.004480831,-0.9630358,0.1043268,-0.00434379,-0.008924106,3.146928,-0.7886152,-3.400094,-0.3087,-0.4007999,2.069,-0.1329696,-0.02216182,-0.9908724,0.2036369,0.9778097,-0.0491966,0.9699749,-0.2083198,-0.1255061,static,-87.25164,83.39389,-8.486072,-10.96336,-17.52521055396411,9.53042226792684,122.9117786460074,22.39868606510107,96.01601369840456
4270,05/05/2023 11:22:54.146854,4452,True,True,True,True,Eyes,1.037018,0.01923871,-3.45925,0.9232318,-0.3820387,-0.04110307,0.0,0.0,0.0,0.0,0.0,0.0,0.0,-3.286242,-0.4244139,-1.565633,1.190697,0.02581413,-3.465876,0.06150351,0.7457017,-0.0846903,0.6580077,11.96106,97.02855,358.8445,0.2709423,0.004563166,-0.9625846,0.0,0.0,0.0,3.157178,-0.7889084,-3.389206,-0.3087002,-0.4008,2.069,-0.1264867,-0.01972717,-0.9917721,0.2031802,0.9780897,-0.04536783,0.9709373,-0.2072469,-0.1197072,static,-87.45083,83.85924,-8.486078,-10.96336,-17.561745684649367,9.559195278815793,123.39674845465542,22.439764238829223,95.84536897276509
4271,05/05/2023 11:22:54.162821,4453,True,True,True,True,Eyes,1.044307,0.01926806,-3.459716,0.9236546,-0.3813495,-0.03787851,0.0,0.0,0.0,0.0,0.0,0.0,0.0,-3.293685,-0.4171441,-1.559337,1.201271,0.02478084,-3.465579,0.06142944,0.7439691,-0.08367144,0.6601027,11.86447,96.72056,358.884,0.2725663,0.004639613,-0.9621256,0.0,0.0,0.0,3.168596,-0.7868795,-3.378765,-0.3087001,-0.4008002,2.069,-0.1209817,-0.0190603,-0.9924718,0.2018667,0.978451,-0.04339845,0.9719122,-0.2055974,-0.1145271,static,-87.65166,84.32756,-8.486076,-10.96337,-17.598536480856804,9.588161370370823,123.88523330214122,22.481156057518774,95.67598369470778
4272,05/05/2023 11:22:54.177025,4454,True,True,True,True,Eyes,1.051706,0.01920988,-3.460128,0.9240428,-0.3807239,-0.03455815,0.0,0.0,0.0,0.0,0.0,0.0,0.0,-3.29781,-0.4122009,-1.558754,1.211902,0.02312647,-3.464958,0.05913556,0.7428738,-0.08208761,0.6617426,11.5502,96.48859,358.7846,0.2742094,0.004708853,-0.9616582,0.0,0.0,0.0,3.183441,-0.7773223,-3.370013,-0.3086999,-0.4008001,2.068999,-0.1171997,-0.02078119,-0.9928908,0.1965022,0.9795293,-0.04369643,0.9734737,-0.2002265,-0.110717,static,-87.8582,84.8135,-8.486073,-10.96337,-17.636598901339706,9.618170000770276,124.39109040241198,22.524029681084947,95.50031659687647
4273,05/05/2023 11:22:54.197046,4455,True,True,True,True,Eyes,1.239868,0.01597052,-3.468817,0.9298183,-0.3649104,0.04773176,0.0,0.0,0.0,0.0,0.0,0.0,0.0,-3.300819,-0.4162771,-1.557024,1.221905,0.02097463,-3.464033,0.05815851,0.7417364,-0.08247603,0.6630555,11.5063,96.27538,358.6494,0.2758731,0.004769206,-0.961182,0.0,0.0,0.0,3.193935,-0.7772465,-3.360911,-0.3087005,-0.4008,2.069,-0.1139503,-0.02309581,-0.9932181,0.1956489,0.9796306,-0.04522631,0.9740313,-0.1994756,-0.1071105,static,87.06133,-82.54779,-8.486088,-10.96336,1.8022433448928408,-3.3750262485818654,119.388607935982,12.78407489751277,91.13047366224222
4274,05/05/2023 11:22:54.206901,4456,True,True,True,True,Eyes,1.24028,0.01587847,-3.468797,0.9298025,-0.3649076,0.0480592,0.0,0.0,0.0,0.0,0.0,0.0,0.0,-3.301642,-0.4212321,-1.559627,1.232472,0.01914557,-3.462854,0.05796938,0.7409699,-0.08320241,0.6638379,11.55248,96.14012,358.5637,0.2826146,0.004713731,-0.9592217,0.5644859,-0.00971809,-0.02606821,3.203771,-0.7801796,-3.354433,-0.3087005,-0.4008,2.069,-0.1119179,-0.02455869,-0.993414,0.1963729,0.9794338,-0.04633642,0.9741212,-0.2002655,-0.1047934,static,87.04116,-82.49719,-8.486088,-10.96336,1.798361497892393,-3.3719357388466307,119.34212979883678,12.782786229438676,91.1121451180735
4275,05/05/2023 11:22:54.226907,4457,True,True,True,True,Eyes,1.24106,0.01568721,-3.468708,0.929715,-0.3650828,0.04841902,0.0,0.0,0.0,0.0,0.0,0.0,0.0,-3.301306,-0.4226577,-1.565187,1.242814,0.01687706,-3.461531,0.05775293,0.7404978,-0.08342694,0.6643551,11.55402,96.05494,358.5192,0.2883363,0.004668337,-0.9575176,0.5306168,-0.009135005,-0.02450412,3.214009,-0.7822581,-3.34988,-0.3087001,-0.4008001,2.068999,-0.1105938,-0.02531838,-0.9935431,0.196382,0.9794091,-0.046818,0.9742705,-0.2002918,-0.1033445,static,87.01876,-82.44524,-8.486078,-10.96337,1.794272897151715,-3.368719445188785,119.29305017520151,12.78140569805459,91.08949009650502
4276,05/05/2023 11:22:54.246775,4458,True,True,True,True,Eyes,1.242211,0.01545064,-3.468548,0.9295128,-0.3655361,0.04888155,0.0,0.0,0.0,0.0,0.0,0.0,0.0,-3.300329,-0.4276697,-1.569758,1.252463,0.01434094,-3.459818,0.0595216,0.7399646,-0.08504513,0.664588,11.82806,95.99244,358.5392,0.2932257,0.004627846,-0.9560319,0.4987797,-0.008586905,-0.02303387,3.219676,-0.7942128,-3.345749,-0.3087003,-0.4008,2.069,-0.1095603,-0.02495218,-0.993667,0.2011276,0.978449,-0.04674608,0.973419,-0.2049754,-0.1021806,static,86.98969,-82.38327,-8.486082,-10.96336,1.78925239836187,-3.3648226270976984,119.23265736954822,12.779681811592638,91.05717947888475
4277,05/05/2023 11:22:54.263030,4459,True,True,True,True,Eyes,1.243726,0.01518601,-3.468319,0.9293014,-0.3660125,0.04933474,0.0,0.0,0.0,0.0,0.0,0.0,0.0,-3.299873,-0.4296685,-1.574265,1.262494,0.01306327,-3.458038,0.0624667,0.7393514,-0.08649837,0.6648123,12.17877,95.93571,358.6728,0.2976491,0.004584857,-0.9546641,0.468853,-0.008071691,-0.02165184,3.224384,-0.8081038,-3.342401,-0.3087003,-0.4008,2.069,-0.108245,-0.02264068,-0.9938664,0.20738,0.9772319,-0.04484812,0.9722534,-0.2109627,-0.1010853,static,86.96114,-82.32338,-8.486082,-10.96336,1.7843726162441955,-3.361044932933768,119.17392601537335,12.778005806982321,91.02505953264719
4278,05/05/2023 11:22:54.277037,4460,True,True,True,True,Eyes,1.24558,0.01488798,-3.468033,0.9290574,-0.3665346,0.05004766,0.0,0.0,0.0,0.0,0.0,0.0,0.0,-3.300275,-0.4172183,-1.58088,1.272745,0.01210491,-3.45616,0.06418058,0.7388752,-0.08525966,0.6653386,12.20418,95.87888,358.909,0.3016636,0.004538873,-0.9534034,0.4407218,-0.00758739,-0.02035273,3.233715,-0.8111996,-3.340128,-0.3086999,-0.4008001,2.069,-0.1064111,-0.01861021,-0.9941481,0.2082959,0.9772233,-0.04058886,0.97226,-0.2113961,-0.1001111,static,86.9165,-82.22475,-8.486072,-10.96337,1.7764813464000833,-3.354884520235486,119.07911245772529,12.775329838540177,90.97770778790513
4279,05/05/2023 11:22:54.297000,4461,True,True,True,True,Eyes,1.247783,0.01458549,-3.46767,0.9288209,-0.3670297,0.05080361,0.0,0.0,0.0,0.0,0.0,0.0,0.0,-3.301833,-0.4037368,-1.584145,1.282762,0.01099285,-3.453842,0.0653659,0.7380912,-0.08373567,0.6662861,12.16419,95.75967,359.1154,0.3053197,0.004489295,-0.9522391,0.4142785,-0.007132146,-0.01913156,3.243676,-0.8120698,-3.335181,-0.3087003,-0.4007999,2.069,-0.1035805,-0.01509182,-0.9945067,0.2080758,0.9774313,-0.03650434,0.9726128,-0.2107139,-0.09810266,static,86.86922,-82.1193,-8.486082,-10.96336,1.7680716627680608,-3.348309572669092,118.97815520840287,12.772496245857827,90.92833778589407
4280,05/05/2023 11:22:54.307041,4462,True,True,True,True,Eyes,1.250331,0.01425097,-3.467241,0.9285994,-0.3674446,0.05184271,0.0,0.0,0.0,0.0,0.0,0.0,0.0,-3.301605,-0.4045094,-1.588156,1.293325,0.01058352,-3.451616,0.06533528,0.7374645,-0.08367796,0.66699,12.15605,95.65006,359.1056,0.308663,0.004436375,-0.9511608,0.3894218,-0.006704217,-0.01798367,3.254143,-0.8121508,-3.329149,-0.3087007,-0.4007999,2.069,-0.1017117,-0.01525982,-0.994697,0.2079896,0.9774586,-0.03626308,0.9728286,-0.210575,-0.09624503,static,86.80456,-81.96915,-8.48609,-10.96336,1.7562594819832364,-3.3390156928044794,118.83656924931232,12.76856879316343,90.86419500131002
4281,05/05/2023 11:22:54.327134,4463,True,True,True,True,Eyes,1.253196,0.01387571,-3.466705,0.9284304,-0.36773,0.05283785,0.0,0.0,0.0,0.0,0.0,0.0,0.0,-3.296983,-0.4072881,-1.600654,1.304175,0.009463206,-3.449219,0.06269991,0.7377537,-0.08286262,0.667025,11.88272,95.6548,358.9444,0.3117343,0.004379581,-0.9501589,0.3660564,-0.006301964,-0.01690465,3.269178,-0.8031422,-3.326209,-0.3087004,-0.4008,2.069,-0.1022931,-0.0180287,-0.9945911,0.203057,0.9784051,-0.03861956,0.9738092,-0.2059092,-0.09642322,static,86.74275,-81.82333,-8.486084,-10.96336,1.744848034906675,-3.330015063481373,118.69989963517433,12.764792408133953,90.80431401849135
4282,05/05/2023 11:22:54.346790,4464,True,True,True,True,Eyes,1.256384,0.0134859,-3.46605,0.9283158,-0.3678435,0.05404668,0.0,0.0,0.0,0.0,0.0,0.0,0.0,-3.290761,-0.4143278,-1.61348,1.31466,0.008110933,-3.446114,0.06070527,0.7381182,-0.08297026,0.6667927,11.73816,95.68614,358.7691,0.3145699,0.004318207,-0.9492242,0.3440931,-0.005923846,-0.01589037,3.28208,-0.7986401,-3.3232,-0.3087004,-0.4008001,2.069,-0.1034048,-0.02103261,-0.994417,0.2002632,0.9788616,-0.04152803,0.97427,-0.2034394,-0.09700695,static,86.66799,-81.64143,-8.486086,-10.96337,1.7307560048484545,-3.318847442841041,118.53137282921081,12.760195362099592,90.73485261363577
4283,05/05/2023 11:22:54.364248,4465,True,True,True,True,Eyes,1.259887,0.0130856,-3.465284,0.9283304,-0.3676231,0.05528081,0.0,0.0,0.0,0.0,0.0,0.0,0.0,-3.285936,-0.4197262,-1.623311,1.325547,0.00735517,-3.442609,0.0579729,0.7381546,-0.08252066,0.6670513,11.4883,95.64925,358.5671,0.3172022,0.004252323,-0.948348,0.3234475,-0.005568415,-0.01493695,3.296729,-0.7898055,-3.317415,-0.3087005,-0.4007999,2.069,-0.1033638,-0.0245051,-0.9943419,0.1956769,0.979659,-0.04448422,0.975206,-0.1991678,-0.09646615,static,86.59214,-81.4483,-8.486086,-10.96336,1.7160089900567757,-3.3070806536072217,118.35537937124226,12.755444155972858,90.66866271090265
4284,05/05/2023 11:22:54.377080,4466,True,True,True,True,Eyes,1.263682,0.01263149,-3.464421,0.9283757,-0.3672773,0.05679653,0.0,0.0,0.0,0.0,0.0,0.0,0.0,-3.28287,-0.41877,-1.63148,1.33657,0.006661465,-3.439167,0.05387491,0.7379919,-0.08065826,0.6678022,11.01149,95.55793,358.3532,0.3196606,0.004182108,-0.9475226,0.3040406,-0.00523431,-0.01404073,3.314454,-0.7730798,-3.310031,-0.3087002,-0.4008,2.069,-0.1022755,-0.02820901,-0.994356,0.187246,0.9811835,-0.04709471,0.9769742,-0.1910058,-0.09506907,static,86.4991,-81.2093,-8.48608,-10.96336,1.6978097525655835,-3.29254028194285,118.13837863334675,12.749630804040745,90.58839472195938
4285,05/05/2023 11:22:54.388591,4467,True,True,True,True,Eyes,1.267758,0.01220701,-3.463449,0.9283763,-0.3670332,0.0583452,0.0,0.0,0.0,0.0,0.0,0.0,0.0,-3.281613,-0.4111534,-1.637565,1.347366,0.004878612,-3.435728,0.05168213,0.7375356,-0.07876699,0.6687047,10.67904,95.44576,358.3026,0.3219706,0.004106531,-0.9467405,0.2857982,-0.004920252,-0.01319829,3.329549,-0.7632214,-3.302807,-0.3086997,-0.4008,2.069,-0.100326,-0.0291089,-0.9945287,0.1815785,0.9822494,-0.04706677,0.9782453,-0.1853071,-0.09325969,static,86.40388,-80.96759,-8.486065,-10.96336,1.6793355403036143,-3.277806225737705,117.91816603049729,12.743747681191842,90.50482212475505
4286,05/05/2023 11:22:54.407724,4468,True,True,True,True,Eyes,1.272133,0.01201358,-3.462367,0.9282537,-0.3670619,0.06008896,0.0,0.0,0.0,0.0,0.0,0.0,0.0,-3.281918,-0.411101,-1.638379,1.358167,0.005173568,-3.432148,0.05297523,0.73654,-0.07906338,0.6696654,10.80214,95.29185,358.375,0.3241548,0.004026943,-0.9459952,0.2686503,-0.004625036,-0.01240639,3.338217,-0.7675349,-3.294236,-0.3087001,-0.4008001,2.069,-0.09748399,-0.02785527,-0.9948472,0.1839287,0.9818852,-0.04551531,0.9780936,-0.187418,-0.09059463,static,86.29623,-80.703,-8.486079,-10.96337,1.6589042030496808,-3.2615899597336684,117.67456008801724,12.737272077599858,90.4064495117356
4287,05/05/2023 11:22:54.427056,4469,True,True,True,True,Eyes,1.276828,0.01184637,-3.461199,0.9283893,-0.3664475,0.06172245,0.0,0.0,0.0,0.0,0.0,0.0,0.0,-3.280743,-0.4277668,-1.638912,1.369687,0.01057036,-3.428722,0.05363162,0.7356194,-0.08078539,0.6704189,10.99749,95.14468,358.2828,0.3262338,0.003950021,-0.9452806,0.2525313,-0.004347534,-0.01166201,3.346896,-0.7683067,-3.28487,-0.3087003,-0.4008,2.069,-0.09532432,-0.02941519,-0.9950116,0.187225,0.9811948,-0.0469433,0.977681,-0.1907659,-0.08802444,static,86.19638,-80.43915,-8.486082,-10.96336,1.638987365830471,-3.245611098479829,117.4378729648385,12.731090988984189,90.32329021482771
4288,05/05/2023 11:22:54.446992,4470,True,True,True,True,Eyes,1.281703,0.01159881,-3.459948,0.9283571,-0.3662401,0.06341378,0.0,0.0,0.0,0.0,0.0,0.0,0.0,-3.275412,-0.4063046,-1.658527,1.38202,0.01090002,-3.425496,0.04731198,0.7363973,-0.07489246,0.6707249,10.00696,95.18742,358.2087,0.3282269,0.003876199,-0.9445907,0.2373794,-0.004086682,-0.01096229,3.37257,-0.7336323,-3.283812,-0.3087001,-0.4008002,2.068999,-0.09577931,-0.03078366,-0.9949265,0.1701453,0.9843054,-0.04683455,0.9807531,-0.1737678,-0.08903849,static,86.09234,-80.17674,-8.48608,-10.96337,1.6188904442286445,-3.229598179763648,117.19884008151828,12.724843977283822,90.23111976085337
4289,05/05/2023 11:22:54.463389,4471,True,True,True,True,Eyes,1.286815,0.01148889,-3.45861,0.9280404,-0.3667364,0.06515633,0.0,0.0,0.0,0.0,0.0,0.0,0.0,-3.273917,-0.4027251,-1.662152,1.391254,0.008786161,-3.421666,0.05022837,0.7357728,-0.07561494,0.6711169,10.29341,95.11786,358.3937,0.3301473,0.003803002,-0.9439215,0.2231366,-0.003841481,-0.01030455,3.377603,-0.7466021,-3.278474,-0.3086998,-0.4008,2.069,-0.09415855,-0.0275796,-0.9951752,0.1754063,0.983519,-0.04385262,0.9799832,-0.178689,-0.08776909,static,85.98394,-79.92565,-8.486067,-10.96336,1.5991208293492385,-3.2140494304619898,116.96315515846926,12.71860164705254,90.12614751984474
4290,05/05/2023 11:22:54.479139,4472,True,True,True,True,Eyes,1.292205,0.01156633,-3.45718,0.9278004,-0.3671232,0.06638558,0.0,0.0,0.0,0.0,0.0,0.0,0.0,-3.275413,-0.4260612,-1.655473,1.402116,0.01210497,-3.418241,0.0577202,0.7340508,-0.08120126,0.6717472,11.34747,94.93385,358.5766,0.332009,0.003734095,-0.9432685,0.2097484,-0.003610992,-0.009686275,3.373511,-0.780314,-3.268676,-0.3087008,-0.4008,2.069,-0.09084822,-0.02435433,-0.995567,0.1938325,0.9801494,-0.04166493,0.9768192,-0.1967585,-0.08432419,static,85.90737,-79.75017,-8.486097,-10.96336,1.5852548465244398,-3.2031620304731208,116.79791026493663,12.71427546275211,90.05159377529222
4291,05/05/2023 11:22:54.496775,4473,True,True,True,True,Eyes,1.297795,0.01176935,-3.45569,0.9275663,-0.3674852,0.06764136,0.0,0.0,0.0,0.0,0.0,0.0,0.0,-3.275554,-0.4183018,-1.661257,1.414081,0.01664399,-3.415275,0.05524955,0.7335181,-0.07829534,0.6728808,10.90697,94.80212,358.5811,0.3338251,0.003674134,-0.9426275,0.1971635,-0.003394333,-0.009105098,3.391133,-0.760775,-3.261714,-0.3087004,-0.4008001,2.069,-0.08835775,-0.02431378,-0.995792,0.18642,0.9816346,-0.04050935,0.9784889,-0.1892148,-0.08220239,static,85.82918,-79.57056,-8.486085,-10.96337,1.5710736284116793,-3.1920230545820445,116.62896609211764,12.70984944926935,89.9758440192201
4292,05/05/2023 11:22:54.506871,4474,True,True,True,True,Eyes,1.303613,0.01205089,-3.454127,0.9272307,-0.3681571,0.06858368,0.0,0.0,0.0,0.0,0.0,0.0,0.0,-3.275315,-0.4208176,-1.664,1.424457,0.01972113,-3.41236,0.0552672,0.732824,-0.07805295,0.6736634,10.88633,94.68285,358.5902,0.3356054,0.003625616,-0.9419953,0.1853337,-0.003190673,-0.008558792,3.401449,-0.7570422,-3.254768,-0.3087003,-0.4008,2.069,-0.08624648,-0.02416056,-0.9959809,0.1861651,0.9817066,-0.03993517,0.9787259,-0.1888611,-0.08017091,static,85.76975,-79.44737,-8.486081,-10.96336,1.5609932575783363,-3.184234532193272,116.50846022148204,12.706631897602627,89.91336562849843
4293,05/05/2023 11:22:54.526905,4475,True,True,True,True,Eyes,1.309627,0.01231354,-3.452525,0.926973,-0.3686476,0.06942531,0.0,0.0,0.0,0.0,0.0,0.0,0.0,-3.272752,-0.4226183,-1.673125,1.435733,0.02190417,-3.409845,0.05634731,0.7326553,-0.07812289,0.6737494,10.97626,94.66942,358.6748,0.3373596,0.00358952,-0.9413686,0.1742137,-0.002999232,-0.008045265,3.411335,-0.7583919,-3.252262,-0.3087008,-0.4008,2.069,-0.08577382,-0.02270419,-0.9960561,0.1878368,0.9814436,-0.03854635,0.978448,-0.1904022,-0.07991739,static,85.71685,-79.33472,-8.486093,-10.96336,1.5518634967145897,-3.1771494003786858,116.3994731006582,12.703765037641006,89.85910779206635
4294,05/05/2023 11:22:54.547005,4476,True,True,True,True,Eyes,1.31578,0.01254351,-3.450838,0.9265774,-0.369516,0.07008629,0.0,0.0,0.0,0.0,0.0,0.0,0.0,-3.26961,-0.4053645,-1.68748,1.446423,0.02178915,-3.407293,0.0559999,0.7329597,-0.07522289,0.6737772,10.70391,94.71282,358.876,0.339095,0.003564092,-0.940745,0.1637609,-0.002819279,-0.007562549,3.425498,-0.7502936,-3.252871,-0.3087006,-0.4008,2.069,-0.08577686,-0.01927558,-0.996128,0.1834583,0.9824111,-0.03480779,0.979278,-0.1857336,-0.08073188,static,85.67439,-79.26025,-8.48609,-10.96336,1.5453712844884562,-3.1722738012976874,116.3213702528581,12.701623504804434,89.80966721823825
4295,05/05/2023 11:22:54.563191,4477,True,True,True,True,Eyes,1.32212,0.01277337,-3.449137,0.9261219,-0.3705321,0.07074008,0.0,0.0,0.0,0.0,0.0,0.0,0.0,-3.26977,-0.4066731,-1.690449,1.455878,0.02129439,-3.405049,0.06091015,0.7322155,-0.07706112,0.6739527,11.24191,94.66087,359.1429,0.3408177,0.003547374,-0.9401223,0.1539352,-0.002650122,-0.007108796,3.427065,-0.7705972,-3.25005,-0.3087002,-0.4008001,2.069,-0.08415568,-0.01467236,-0.9963446,0.1930698,0.9807031,-0.03074955,0.9775694,-0.1949518,-0.07969896,static,85.63205,-79.19144,-8.486081,-10.96337,1.5391830021772757,-3.167689191123716,116.24668648549971,12.699549503318357,89.75853085083112
4296,05/05/2023 11:22:54.577196,4478,True,True,True,True,Eyes,1.32863,0.01302973,-3.447397,0.9257061,-0.3714375,0.07143044,0.0,0.0,0.0,0.0,0.0,0.0,0.0,-3.270506,-0.402604,-1.695259,1.466695,0.0215381,-3.40302,0.06385555,0.7315262,-0.07726982,0.6744046,11.48894,94.58968,359.3687,0.3425333,0.003538489,-0.9394987,0.1446991,-0.002491114,-0.006682268,3.433896,-0.7799748,-3.246835,-0.3087005,-0.4008,2.069,-0.08220229,-0.01079822,-0.9965573,0.1976463,0.9799037,-0.02692083,0.9768209,-0.1991788,-0.07841606,static,85.58762,-79.11445,-8.486085,-10.96336,1.5324385799506226,-3.1626349507242866,116.16554153713194,12.697327514734122,89.70690154442643
4297,05/05/2023 11:22:54.597113,4479,True,True,True,True,Eyes,1.335309,0.01334462,-3.445657,0.925325,-0.3722383,0.07219546,0.0,0.0,0.0,0.0,0.0,0.0,0.0,-3.271173,-0.3974769,-1.700051,1.477268,0.02242582,-3.400869,0.06329657,0.7309476,-0.07600408,0.6752279,11.33757,94.47969,359.4094,0.3442467,0.003537364,-0.9388722,0.1360171,-0.002341648,-0.006281332,3.446204,-0.7741551,-3.241352,-0.3087003,-0.4008001,2.069,-0.08012207,-0.01010718,-0.996734,0.1951731,0.9804338,-0.02563078,0.9774908,-0.1965892,-0.07658172,static,85.53872,-79.02379,-8.486081,-10.96336,1.5247051597471415,-3.1567708590565013,116.0727587975512,12.69482861450606,89.65251810996986
4298,05/05/2023 11:22:54.606895,4480,True,True,True,True,Eyes,1.342181,0.01369757,-3.443865,0.9250889,-0.3726543,0.07307151,0.0,0.0,0.0,0.0,0.0,0.0,0.0,-3.271637,-0.405352,-1.703211,1.487974,0.02414357,-3.399147,0.06199427,0.7302994,-0.07623401,0.6760237,11.25445,94.34827,359.2684,0.3459618,0.003544797,-0.9382416,0.1278561,-0.002201149,-0.005904452,3.457913,-0.7688506,-3.234238,-0.3087004,-0.4008,2.069,-0.07829762,-0.01252325,-0.9968514,0.1936207,0.9806902,-0.02752812,0.9779472,-0.1951665,-0.07436089,static,85.48367,-78.90598,-8.486084,-10.96336,1.5151738620596822,-3.1493681832201723,115.95910606453,12.691872475569264,89.59731718447522
4299,05/05/2023 11:22:54.627048,4481,True,True,True,True,Eyes,1.34919,0.01398388,-3.442092,0.9249617,-0.3727993,0.07393532,0.0,0.0,0.0,0.0,0.0,0.0,0.0,-3.270808,-0.4034546,-1.712163,1.499364,0.02534597,-3.397606,0.05757144,0.7301661,-0.07398901,0.6768078,10.71817,94.25575,359.0623,0.3476833,0.003560956,-0.937605,0.1201847,-0.00206908,-0.005550185,3.476666,-0.748234,-3.228655,-0.3087003,-0.4008,2.069,-0.07723378,-0.01607924,-0.9968835,0.1842261,0.9824223,-0.03011893,0.9798448,-0.1859781,-0.07291394,static,85.42988,-78.78239,-8.486081,-10.96336,1.5054165118141478,-3.1417037567780666,115.84312047201777,12.688905741462538,89.54661728270224
4300,05/05/2023 11:22:54.646989,4482,True,True,True,True,Eyes,1.356315,0.01420547,-3.440319,0.924682,-0.3732941,0.07493088,0.0,0.0,0.0,0.0,0.0,0.0,0.0,-3.269032,-0.3978827,-1.72324,1.509641,0.02398455,-3.396299,0.05470512,0.7302669,-0.07213408,0.677137,10.33714,94.23008,358.9638,0.3494135,0.003583154,-0.9369615,0.1129737,-0.001944935,-0.005217174,3.492102,-0.7360148,-3.226167,-0.3087001,-0.4008,2.069,-0.07698587,-0.01779062,-0.9968734,0.177588,0.9836081,-0.03126852,0.9810891,-0.17944,-0.07256457,static,85.3672,-78.64993,-8.486077,-10.96336,1.4946521316641297,-3.1333604493063625,115.71477590179929,12.685576335488728,89.48354365595873
4301,05/05/2023 11:22:54.663260,4483,True,True,True,True,Eyes,1.363552,0.01443046,-3.438566,0.9242916,-0.3740512,0.07596543,0.0,0.0,0.0,0.0,0.0,0.0,0.0,-3.268998,-0.406313,-1.727683,1.519544,0.02273008,-3.395113,0.05718023,0.7297122,-0.0741664,0.6773108,10.70182,94.17279,359.0077,0.3511539,0.003609027,-0.9363105,0.1061952,-0.001828239,-0.004904143,3.496903,-0.7499953,-3.222944,-0.3087004,-0.4007999,2.069,-0.07596127,-0.01701718,-0.9969657,0.1839176,0.9824595,-0.03078269,0.9800022,-0.1856978,-0.07149912,static,85.30155,-78.52003,-8.486083,-10.96336,1.4838407680648986,-3.125071301915741,115.58556901807246,12.682198139736691,89.41456528490204
4302,05/05/2023 11:22:54.677229,4484,True,True,True,True,Eyes,1.370909,0.01474878,-3.436827,0.9237488,-0.3751171,0.07730011,0.0,0.0,0.0,0.0,0.0,0.0,0.0,-3.270795,-0.4178349,-1.72787,1.529507,0.02309586,-3.393861,0.06011491,0.7287408,-0.07660297,0.6778313,11.13626,94.05331,359.0521,0.3529063,0.003638295,-0.9356514,0.0,0.0,0.0,3.500534,-0.7647057,-3.217453,-0.3087004,-0.4008,2.069,-0.07386231,-0.01623141,-0.9971365,0.1914642,0.9810364,-0.0301519,0.9787166,-0.193143,-0.06935386,static,85.21658,-78.35609,-8.486081,-10.96336,1.4700672222012168,-3.114555795901432,115.42083319459195,12.677878957330199,89.3242761709436
4303,05/05/2023 11:22:54.697051,4485,True,True,True,True,Eyes,1.378391,0.01506246,-3.435127,0.9232513,-0.3760504,0.07869613,0.0,0.0,0.0,0.0,0.0,0.0,0.0,-3.273928,-0.438226,-1.723636,1.539755,0.02575808,-3.392648,0.06189503,0.7273989,-0.07962133,0.6787639,11.52861,93.85529,358.9449,0.3546709,0.003673117,-0.9349837,0.0,0.0,0.0,3.5049,-0.7748235,-3.208332,-0.3087004,-0.4008,2.069,-0.0708971,-0.01804341,-0.9973204,0.1981329,0.9796589,-0.03180869,0.9776078,-0.1998571,-0.06588002,static,85.128,-78.18028,-8.486088,-10.96336,1.4554514582243785,-3.103344026946524,115.24630929603839,12.673360165957885,89.23237807992376
4304,05/05/2023 11:22:54.706771,4486,True,True,True,True,Eyes,1.385953,0.01532066,-3.433437,0.9226637,-0.3771617,0.08025493,0.0,0.0,0.0,0.0,0.0,0.0,0.0,-3.275751,-0.444983,-1.726333,1.550232,0.0259501,-3.391886,0.06028535,0.7266865,-0.0798186,0.679648,11.41721,93.70937,358.7794,0.3564495,0.003712808,-0.934307,0.0,0.0,0.0,3.516705,-0.7699463,-3.201541,-0.3087005,-0.4008001,2.069,-0.06888882,-0.02088,-0.9974058,0.1961142,0.9799893,-0.03406058,0.9781583,-0.1979518,-0.06341535,static,85.02882,-77.9874,-8.486089,-10.96337,1.4392946524579608,-3.0909924613650146,115.05328679668034,12.668368827883262,89.12875122435189
4305,05/05/2023 11:22:54.727409,4487,True,True,True,True,Eyes,1.393613,0.01560048,-3.431796,0.9219247,-0.3786198,0.08186519,0.0,0.0,0.0,0.0,0.0,0.0,0.0,-3.278941,-0.4541834,-1.725121,1.559714,0.02494835,-3.391231,0.06253572,0.7255991,-0.08188757,0.68036,11.76679,93.56121,358.7899,0.3582419,0.003755364,-0.933621,0.0,0.0,0.0,3.520789,-0.7828879,-3.195569,-0.3087004,-0.4008,2.069,-0.06639923,-0.02067432,-0.997579,0.2021778,0.9787675,-0.0337415,0.9770954,-0.2039287,-0.06080948,static,84.92555,-77.79932,-8.486086,-10.96336,1.423139941399859,-3.0787803174944024,114.85982452240685,12.66330744819425,89.0172569705857
4306,05/05/2023 11:22:54.747110,4488,True,True,True,True,Eyes,1.588152,0.02405775,-3.392758,0.9025682,-0.4110431,0.1281188,0.0,0.0,0.0,0.0,0.0,0.0,0.0,-3.282842,-0.4721166,-1.721106,1.569749,0.02582932,-3.390777,0.06646055,0.7242208,-0.08549954,0.6810119,12.3781,93.39399,358.8157,0.3600481,0.003801067,-0.9329258,0.0,0.0,0.0,3.521489,-0.8028529,-3.189051,-0.3087004,-0.4008,2.069,-0.06361172,-0.02018819,-0.9977707,0.2127166,0.9765456,-0.03332023,0.9750413,-0.2143619,-0.05782539,static,81.92088,-72.68817,-8.486083,-10.96336,0.9720369344354624,-2.741832676883207,109.46858512111804,12.53194095976044,85.92927349701912
4307,05/05/2023 11:22:54.763087,4489,True,True,True,True,Eyes,1.588556,0.02406552,-3.392745,0.9025635,-0.4110152,0.128241,0.0,0.0,0.0,0.0,0.0,0.0,0.0,-3.285693,-0.4822004,-1.721945,1.580503,0.02761506,-3.390375,0.06608268,0.723315,-0.08635844,0.6819023,12.41861,93.23452,358.6987,0.3674978,0.004108972,-0.930015,0.5836186,0.02537181,0.1171131,3.531272,-0.8018034,-3.182389,-0.3087,-0.4008,2.069,-0.06128463,-0.02217884,-0.9978739,0.2133732,0.9763506,-0.03480485,0.9750468,-0.2150526,-0.05510297,static,81.91325,-72.67154,-8.486073,-10.96336,0.9707000904793164,-2.74079132564077,109.4528989007177,12.531607753571265,85.92270748891495
4308,05/05/2023 11:22:54.777017,4490,True,True,True,True,Eyes,1.589353,0.02405715,-3.392699,0.9025193,-0.4110273,0.1285128,0.0,0.0,0.0,0.0,0.0,0.0,0.0,-3.28839,-0.4913155,-1.722932,1.590594,0.02781262,-3.390078,0.06512508,0.7224716,-0.08711829,0.6827913,12.40465,93.0763,358.5411,0.3737778,0.004367037,-0.9275077,0.5486015,0.0238495,0.1100863,3.54123,-0.8002794,-3.175647,-0.3087006,-0.4008,2.069,-0.05910958,-0.02486517,-0.9979418,0.2130693,0.9763382,-0.03694731,0.9752474,-0.2148146,-0.0524129,static,81.89594,-72.6375,-8.486091,-10.96336,0.9678604977248756,-2.738616444165575,109.41942730806336,12.530906011959964,85.9070575163483
4309,05/05/2023 11:22:54.796977,4491,True,True,True,True,Eyes,1.590542,0.0240703,-3.392646,0.9024553,-0.4110336,0.1289413,0.0,0.0,0.0,0.0,0.0,0.0,0.0,-3.293396,-0.4979643,-1.719947,1.600813,0.02743651,-3.389584,0.06614119,0.7211386,-0.0883183,0.6839478,12.583,92.86785,358.5078,0.379101,0.00458355,-0.9253438,0.5156854,0.02241853,0.1034812,3.548125,-0.8064975,-3.167702,-0.3087004,-0.4008,2.069,-0.05568177,-0.02541629,-0.9981252,0.2162041,0.9756505,-0.03690521,0.9747592,-0.2178537,-0.04883087,static,81.86871,-72.58335,-8.486083,-10.96336,0.9633620256729012,-2.7351645410137087,109.3664106829558,12.529773014883268,85.88254161763273
4310,05/05/2023 11:22:54.806726,4492,True,True,True,True,Eyes,1.590542,0.0240703,-3.392646,0.9024553,-0.4110336,0.1289413,0.0,0.0,0.0,0.0,0.0,0.0,0.0,-3.300804,-0.4978906,-1.715293,1.611408,0.0279654,-3.389396,0.06624589,0.7195668,-0.08816562,0.6856106,12.57515,92.60323,358.4995,0.3836824,0.004768155,-0.9234526,0.4847443,0.02107342,0.09727229,3.5578,-0.8056585,-3.158472,-0.3087005,-0.4008,2.069,-0.05109925,-0.02555787,-0.9983666,0.2162313,0.9756766,-0.03604434,0.9750041,-0.2177199,-0.04432988,static,81.86871,-72.58335,-8.48609,-10.96336,0.9633620256729012,-2.7351645410137087,109.36641646611679,12.529778293999312,85.88254407958749
4311,05/05/2023 11:22:54.826823,4493,True,True,True,True,Eyes,1.590542,0.0240703,-3.392646,0.9024553,-0.4110336,0.1289413,0.0,0.0,0.0,0.0,0.0,0.0,0.0,-3.308589,-0.4962994,-1.71037,1.621997,0.02815784,-3.389214,0.06425868,0.7179853,-0.08716338,0.6875831,12.32932,92.3034,358.3817,0.3877976,0.004934196,-0.9217311,0.4556597,0.01980902,0.09143595,3.570883,-0.7965193,-3.147449,-0.3087005,-0.4008001,2.069,-0.04620053,-0.02759057,-0.9985511,0.2121377,0.9765467,-0.03679765,0.9761472,-0.2135304,-0.03926397,static,81.86871,-72.58335,-8.48609,-10.96337,0.9633620256729012,-2.7351645410137087,109.36641083184728,12.529784860913834,85.88254300748375
4312,05/05/2023 11:22:54.846870,4494,True,True,True,True,Eyes,1.592973,0.02404036,-3.392622,0.9028691,-0.4099118,0.1296131,0.0,0.0,0.0,0.0,0.0,0.0,0.0,-3.31577,-0.5002853,-1.70588,1.632804,0.02756929,-3.38937,0.06194429,0.7164578,-0.08693022,0.6894161,12.12085,92.01032,358.1771,0.3914946,0.005083549,-0.9201661,0.4283201,0.01862048,0.08594979,3.583703,-0.7889335,-3.136358,-0.3086999,-0.4008,2.069,-0.04173721,-0.03110122,-0.9986445,0.2086231,0.9772121,-0.03915289,0.9771052,-0.2099744,-0.03429771,moving,81.83061,-72.45317,-8.486071,-10.96336,0.9542162578857888,-2.7275667203174327,109.26161082782855,12.527861527693595,85.86061315850256
4313,05/05/2023 11:22:54.863110,4495,True,True,True,True,Eyes,1.595736,0.02395804,-3.392611,0.9032612,-0.4088017,0.1303856,0.0,0.0,0.0,0.0,0.0,0.0,0.0,-3.321246,-0.5093062,-1.703495,1.643568,0.0268064,-3.389679,0.06011543,0.7151781,-0.08755397,0.6908261,12.02228,91.76867,357.9503,0.3948708,0.005216938,-0.9187216,0.4026209,0.01750325,0.08079281,3.595758,-0.7825202,-3.128112,-0.3076538,-0.3980838,2.069142,-0.03829084,-0.03498266,-0.9986541,0.2069556,0.9774408,-0.04217475,0.9776007,-0.208292,-0.03018721,moving,81.7861,-72.31013,-8.457158,-10.89011,0.9440056197819962,-2.719150567416441,109.1616437731448,12.455780001864145,85.8357105479343
4314,05/05/2023 11:22:54.877361,4496,True,True,True,True,Eyes,1.598825,0.02384391,-3.392627,0.9037968,-0.4074455,0.1309184,0.0,0.0,0.0,0.0,0.0,0.0,0.0,-3.324891,-0.5175121,-1.704954,1.654287,0.02532025,-3.390026,0.05900813,0.7142752,-0.08834963,0.6917538,11.99639,91.60177,357.7773,0.3979662,0.005334544,-0.9173844,0.3784636,0.01645305,0.07594524,3.606997,-0.7794797,-3.122843,-0.3065629,-0.3952504,2.069291,-0.03598941,-0.0379363,-0.998632,0.2065285,0.9774247,-0.0445737,0.9777785,-0.2078501,-0.02734205,moving,81.75781,-72.187,-8.427005,-10.81368,0.9358276157944349,-2.712162608780753,109.08705360585473,12.381325398825926,85.82793845332912
4315,05/05/2023 11:22:54.897995,4497,True,True,True,True,Eyes,1.602226,0.02370314,-3.392659,0.9042841,-0.4061595,0.1315475,0.0,0.0,0.0,0.0,0.0,0.0,0.0,-3.328647,-0.5262741,-1.706137,1.664965,0.02437705,-3.390436,0.05999562,0.7133379,-0.08983211,0.692445,12.19553,91.4598,357.7242,0.4008163,0.005437081,-0.916142,0.3557558,0.01546587,0.07138852,3.614914,-0.7844219,-3.119108,-0.3055651,-0.3926595,2.069427,-0.03384139,-0.03881327,-0.9986733,0.2100019,0.9766614,-0.04507395,0.9771153,-0.2112486,-0.02490074,moving,81.72316,-72.05383,-8.399426,-10.74376,0.926735572501662,-2.704501047603763,109.000023810696,12.312878387285798,85.81315553559206
4316,05/05/2023 11:22:54.907100,4498,True,True,True,True,Eyes,1.605935,0.02352216,-3.392747,0.9048883,-0.4046108,0.1321635,0.0,0.0,0.0,0.0,0.0,0.0,0.0,-3.333087,-0.53045,-1.707555,1.676108,0.02383486,-3.390676,0.06042098,0.7123533,-0.09042456,0.693344,12.27555,91.30157,357.6945,0.4034528,0.005525329,-0.9149835,0.3344105,0.01453792,0.06710521,3.624954,-0.7846965,-3.115019,-0.3044233,-0.3896947,2.069583,-0.03124752,-0.03930847,-0.9987386,0.2114728,0.9763454,-0.04504342,0.9768844,-0.2126135,-0.02219561,moving,81.69042,-71.91072,-8.367861,-10.66372,0.9172391160785756,-2.696382769748252,108.91138134132245,12.234849680570576,85.80297887598255
4317,05/05/2023 11:22:54.927060,4499,True,True,True,True,Eyes,1.609932,0.02328849,-3.392863,0.9054371,-0.4031335,0.1329177,0.0,0.0,0.0,0.0,0.0,0.0,0.0,-3.33953,-0.5266232,-1.708354,1.687166,0.02266692,-3.391345,0.06009933,0.7112474,-0.08975894,0.6945924,12.19097,91.11202,357.7015,0.4059035,0.005599622,-0.9138985,0.3143458,0.01366564,0.0630789,3.636837,-0.7808841,-3.110284,-0.3035524,-0.387432,2.0697,-0.02785923,-0.03920076,-0.998843,0.2101827,0.9766628,-0.04419256,0.9772652,-0.2111707,-0.01896972,moving,81.64867,-71.75203,-8.343792,-10.60262,0.9063766748015754,-2.6872412100432808,108.80208435581343,12.174516084870767,85.7829669160794
4318,05/05/2023 11:22:54.946721,4500,True,True,True,True,Eyes,1.614219,0.02299847,-3.393013,0.9060295,-0.4015188,0.1337653,0.0,0.0,0.0,0.0,0.0,0.0,0.0,-3.347998,-0.5250911,-1.70465,1.698071,0.02117049,-3.39216,0.06039487,0.7096956,-0.08971837,0.6961575,12.20641,90.8577,357.7019,0.4081933,0.005659937,-0.9128777,0.2954851,0.0128457,0.05929416,3.646967,-0.780242,-3.103649,-0.3024722,-0.3846284,2.069848,-0.02343453,-0.03919229,-0.9989569,0.2106402,0.9766061,-0.04325678,0.9772828,-0.2114342,-0.01463087,moving,81.60159,-71.57461,-8.313932,-10.52689,0.8942076160532162,-2.677010379469965,108.6813011227363,12.100018398562105,85.75974164026607
4319,05/05/2023 11:22:54.966805,4501,True,True,True,True,Eyes,1.618786,0.02263655,-3.393187,0.9065844,-0.3999084,0.134826,0.0,0.0,0.0,0.0,0.0,0.0,0.0,-3.357118,-0.524502,-1.699583,1.709289,0.01949444,-3.392915,0.05977835,0.7079849,-0.08955175,0.6979718,12.13699,90.5645,357.6337,0.4103442,0.005706156,-0.9119126,0.277756,0.01207496,0.05573651,3.658394,-0.7767302,-3.095113,-0.3014745,-0.3820381,2.069983,-0.01852409,-0.04036486,-0.9990134,0.2096535,0.9768141,-0.04335536,0.9776003,-0.2102498,-0.009631929,moving,81.54105,-71.36887,-8.286356,-10.45689,0.8797335307293457,-2.6649942356834933,108.5321711577228,12.030412997371272,85.72379701320396
4320,05/05/2023 11:22:54.976909,4502,True,True,True,True,Eyes,1.623618,0.02218756,-3.39342,0.9070975,-0.3983076,0.1361075,0.0,0.0,0.0,0.0,0.0,0.0,0.0,-3.368569,-0.5232399,-1.690232,1.720526,0.01740057,-3.39373,0.05904544,0.7058165,-0.08936713,0.7002502,12.05478,90.19489,357.5498,0.4123762,0.005737764,-0.9109953,0.2610906,0.01135046,0.05239232,3.669587,-0.7730523,-3.083962,-0.3004516,-0.379381,2.070123,-0.01232679,-0.04180821,-0.9990497,0.2085092,0.9770543,-0.04346042,0.9779428,-0.2088467,-0.003326575,moving,81.46659,-71.13396,-8.25808,-10.38507,0.8628818194436834,-2.651137759628757,108.35563687617272,11.958497079917827,85.67484801151107
4321,05/05/2023 11:22:54.990162,4503,True,True,True,True,Eyes,1.628713,0.02167775,-3.393676,0.9075609,-0.3967211,0.1376427,0.0,0.0,0.0,0.0,0.0,0.0,0.0,-3.382449,-0.5178049,-1.67686,1.731691,0.01486484,-3.394402,0.05808673,0.7032021,-0.08864766,0.7030465,11.90853,89.75022,357.484,0.4143062,0.005753898,-0.9101191,0.2454252,0.01066944,0.04924878,3.681133,-0.7674378,-3.070357,-0.2993088,-0.3764136,2.070278,-0.004703163,-0.04295343,-0.999066,0.2063403,0.9775351,-0.04299911,0.978469,-0.2063498,0.004265471,moving,81.37612,-70.86575,-8.22649,-10.30483,0.8433085816994561,-2.6351773384583845,108.14921520777902,11.877913043177655,85.61107678386104
4322,05/05/2023 11:22:55.006971,4504,True,True,True,True,Eyes,1.634071,0.02112967,-3.393962,0.9080111,-0.3950382,0.1395013,0.0,0.0,0.0,0.0,0.0,0.0,0.0,-3.397331,-0.5131962,-1.661636,1.743035,0.01288766,-3.395279,0.0577491,0.7003867,-0.08818489,0.705937,11.8331,89.28304,357.4461,0.4161504,0.005754488,-0.9092774,0.2306997,0.01002927,0.04629386,3.691501,-0.7641997,-3.056191,-0.2983188,-0.3738439,2.070413,0.003363767,-0.04361253,-0.9990428,0.2053993,0.9777769,-0.04199261,0.9786724,-0.2050615,0.012247,moving,81.26572,-70.55016,-8.199124,-10.23532,0.820036877947282,-2.616296350610665,107.8973504594526,11.806556835599817,85.52946966661429
4323,05/05/2023 11:22:55.027070,4505,True,True,True,True,Eyes,1.639674,0.02049325,-3.394295,0.9084494,-0.3932772,0.1416076,0.0,0.0,0.0,0.0,0.0,0.0,0.0,-3.41769,-0.4927678,-1.640918,1.754638,0.01132248,-3.396638,0.05689403,0.69687,-0.08538318,0.7098206,11.52357,88.69762,357.5481,0.417922,0.005740066,-0.9084646,0.2168577,0.009427514,0.04351623,3.704202,-0.7535558,-3.039182,-0.2974304,-0.3715359,2.070534,0.01416401,-0.04191797,-0.9990207,0.2005089,0.9789456,-0.03823284,0.9795895,-0.199771,0.02227076,moving,81.14013,-70.19754,-8.17457,-10.17288,0.7938981894930608,-2.5951426788132617,107.61075896120053,11.741189231711381,85.43423283951275
4324,05/05/2023 11:22:55.046875,4506,True,True,True,True,Eyes,1.645496,0.01979457,-3.394656,0.9087313,-0.3917813,0.1439267,0.0,0.0,0.0,0.0,0.0,0.0,0.0,-3.438386,-0.461485,-1.622053,1.766048,0.008505155,-3.398165,0.05723983,0.6934675,-0.08164011,0.7135556,11.23988,88.15063,357.831,0.4196331,0.005709793,-0.9076756,0.2038462,0.008861863,0.04090525,3.71633,-0.7455764,-3.024906,-0.2963794,-0.3688062,2.070677,0.02487556,-0.03712158,-0.9990011,0.1958974,0.980117,-0.03154192,0.9803089,-0.1949171,0.03165301,moving,81.00014,-69.82843,-8.145515,-10.099,0.7660170927674974,-2.572781394130314,107.30588340582229,11.66444901158062,85.3230906644165
4325,05/05/2023 11:22:55.063185,4507,True,True,True,True,Eyes,1.651552,0.01908237,-3.395071,0.9089141,-0.3904013,0.1464991,0.0,0.0,0.0,0.0,0.0,0.0,0.0,-3.460025,-0.4335133,-1.598969,1.777092,0.006232183,-3.399752,0.0600521,0.6896675,-0.07916939,0.717276,11.26511,87.57449,358.2038,0.4212942,0.005663611,-0.9069061,0.1916154,0.008330151,0.03845094,3.723587,-0.7481539,-3.010332,-0.2953626,-0.3661653,2.070815,0.03618194,-0.03074063,-0.9988724,0.1964045,0.9802519,-0.02305324,0.9798552,-0.195349,0.04150499,moving,80.8438,-69.43127,-8.11741,-10.0275,0.7356688582217297,-2.548574516318552,106.97151384773892,11.589276580544288,85.19544749557755
4326,05/05/2023 11:22:55.076851,4508,True,True,True,True,Eyes,1.657824,0.0184484,-3.395532,0.9090211,-0.3890966,0.14928,0.0,0.0,0.0,0.0,0.0,0.0,0.0,-3.482819,-0.4041979,-1.573768,1.788735,0.00517042,-3.401551,0.06294608,0.6855864,-0.07641795,0.7212277,11.27856,86.95947,358.6024,0.4229147,0.005602753,-0.9061519,0.1801185,0.007830342,0.03614388,3.731208,-0.7491307,-2.99486,-0.2943079,-0.3634292,2.070959,0.0482631,-0.02391954,-0.9985482,0.1965394,0.9803962,-0.01398531,0.9793074,-0.1955791,0.05201812,moving,80.67409,-69.01029,-8.088255,-9.953394,0.7032569077593243,-2.5228135384384496,106.61365229206737,11.511047199104617,85.0544740110601
4327,05/05/2023 11:22:55.097112,4509,True,True,True,True,Eyes,1.664322,0.01808393,-3.39605,0.9089715,-0.3880242,0.1523415,0.0,0.0,0.0,0.0,0.0,0.0,0.0,-3.505105,-0.3793096,-1.546794,1.800112,0.006352611,-3.403199,0.06524634,0.6814173,-0.07381506,0.7252342,11.25848,86.32716,358.9398,0.424502,0.005530788,-0.9054097,0.1693114,0.007360522,0.03397525,3.738776,-0.7463458,-2.978269,-0.2932447,-0.3606681,2.071103,0.06044333,-0.01814641,-0.9980067,0.1959864,0.9805886,-0.005959971,0.9787421,-0.1952355,0.06282646,moving,80.48579,-68.56463,-8.058866,-9.878596,0.6684178064696065,-2.495321026667022,106.22714668486341,11.431457998458102,84.89397104224878
4328,05/05/2023 11:22:55.107293,4510,True,True,True,True,Eyes,1.671064,0.01783628,-3.396567,0.909121,-0.386431,0.1554674,0.0,0.0,0.0,0.0,0.0,0.0,0.0,-3.526965,-0.3748857,-1.516132,1.812016,0.01247723,-3.40516,0.06832215,0.6770056,-0.07366388,0.7290878,11.49997,85.66966,359.1284,0.4260638,0.005455953,-0.9046763,0.1591527,0.00691889,0.03193673,3.7431,-0.746994,-2.960403,-0.2922641,-0.3581206,2.071237,0.07247398,-0.01490591,-0.997259,0.1999239,0.9798114,-0.0001160208,0.9771275,-0.1993674,0.07399091,moving,80.29581,-68.08428,-8.031758,-9.809559,0.6316583199762738,-2.46602086135612,105.81919663474329,11.357038994691727,84.73613310639729
4329,05/05/2023 11:22:55.126923,4511,True,True,True,True,Eyes,1.677915,0.01748848,-3.397121,0.9092413,-0.3848166,0.1587339,0.0,0.0,0.0,0.0,0.0,0.0,0.0,-3.544206,-0.3459983,-1.502638,1.824658,0.01484166,-3.407261,0.06289569,0.6742809,-0.0675054,0.7326885,10.55627,85.16975,359.1781,0.4276077,0.005381613,-0.903948,0.1496035,0.006503757,0.03002053,3.764696,-0.7098594,-2.945988,-0.2912083,-0.3553791,2.07138,0.08157653,-0.01410214,-0.9965674,0.1837396,0.9829743,0.001130694,0.9795842,-0.1832011,0.08277873,moving,80.09719,-67.58423,-8.00257,-9.735246,0.5933395071029013,-2.4354973119164915,105.39484172334932,11.277233311565341,84.57006589528139
4330,05/05/2023 11:22:55.147124,4512,True,True,True,True,Eyes,1.684881,0.01736791,-3.397694,0.9087696,-0.3845105,0.1621405,0.0,0.0,0.0,0.0,0.0,0.0,0.0,-3.560411,-0.3187453,-1.485113,1.83409,0.01205374,-3.408762,0.06356257,0.6712795,-0.06448983,0.7356526,10.37566,84.71011,359.4438,0.4291367,0.005305097,-0.9032236,0.1406273,0.006113532,0.0282193,3.773238,-0.7052116,-2.934361,-0.2901908,-0.352737,2.071518,0.09044972,-0.009547712,-0.9958553,0.1802207,0.9836017,0.006938526,0.9794586,-0.1801014,0.09068716,moving,79.88387,-67.13581,-7.974446,-9.663607,0.5568298036341739,-2.4072236278656787,104.98636962972415,11.199900288889244,84.37853247711121
4331,05/05/2023 11:22:55.163429,4513,True,True,True,True,Eyes,1.6921,0.01750365,-3.398274,0.9084789,-0.3836287,0.1658169,0.0,0.0,0.0,0.0,0.0,0.0,0.0,-3.583015,-0.3471167,-1.438838,1.843933,0.01758719,-3.410035,0.0754558,0.665442,-0.07228619,0.7390996,11.99013,83.95649,359.6234,0.430654,0.005232628,-0.9025016,0.1321897,0.005746719,0.02652614,3.756516,-0.7533625,-2.914454,-0.2891681,-0.3500814,2.071657,0.1039232,-0.006430468,-0.9945647,0.2072763,0.9781622,0.01533416,0.972747,-0.2077432,0.1029866,moving,79.65615,-66.62442,-7.946176,-9.591578,0.5161419170345285,-2.37537796358778,104.5318735468146,11.121347377655251,84.17854124483158
4332,05/05/2023 11:22:55.179286,4514,True,True,True,True,Eyes,1.699412,0.01774085,-3.398868,0.9083396,-0.382317,0.1695667,0.0,0.0,0.0,0.0,0.0,0.0,0.0,-3.600031,-0.3295855,-1.419453,1.857158,0.02374789,-3.410879,0.06944811,0.6622157,-0.06698705,0.7430749,11.06544,83.37093,359.5578,0.4321663,0.005170515,-0.9017787,0.1242583,0.005401916,0.02493457,3.777482,-0.7125989,-2.894955,-0.2881188,-0.3473562,2.071801,0.1139664,-0.007573531,-0.9934558,0.191532,0.9813794,0.01449056,0.9748473,-0.1919301,0.1132949,moving,79.42587,-66.08157,-7.917168,-9.517636,0.4736492416890252,-2.3418664137289467,104.0590453378552,11.040719321614803,83.97939238334493
4333,05/05/2023 11:22:55.196959,4515,True,True,True,True,Eyes,1.706843,0.01807118,-3.399458,0.9079769,-0.3814008,0.1735263,0.0,0.0,0.0,0.0,0.0,0.0,0.0,-3.617366,-0.3086947,-1.39467,1.866648,0.02632944,-3.411842,0.06508845,0.6586866,-0.0624032,0.746995,10.33771,82.7711,359.5641,0.4336755,0.005120385,-0.9010542,0.1168028,0.005077801,0.02343849,3.79137,-0.6822619,-2.875742,-0.2870308,-0.3445312,2.071949,0.1244757,-0.007483973,-0.9921945,0.1789755,0.9837387,0.01503319,0.9759476,-0.1794498,0.123791,moving,79.18049,-65.53584,-7.887087,-9.440965,0.4300846944644254,-2.307821643746755,103.57315272751212,10.957056134567353,83.76262337580964
4334,05/05/2023 11:22:55.206687,4516,True,True,True,True,Eyes,1.714409,0.01848513,-3.400033,0.9076706,-0.3802463,0.1776147,0.0,0.0,0.0,0.0,0.0,0.0,0.0,-3.633241,-0.3234457,-1.365089,1.876967,0.02897216,-3.41243,0.06854799,0.6546336,-0.06554894,0.7499729,10.87339,82.18628,359.4998,0.435184,0.00508347,-0.9003268,0.1097947,0.004773133,0.02203218,3.790222,-0.6952668,-2.858154,-0.2860435,-0.3419669,2.072083,0.1343163,-0.00857224,-0.9909015,0.1880675,0.9820091,0.01699717,0.9729285,-0.1886394,0.1335119,moving,78.92815,-64.96252,-7.859795,-9.371352,0.38464980990332,-2.2721951629385924,103.06563615932932,10.879747148750173,83.54091091819342
4335,05/05/2023 11:22:55.227159,4517,True,True,True,True,Eyes,1.722024,0.01888826,-3.400576,0.9072489,-0.3792159,0.1819197,0.0,0.0,0.0,0.0,0.0,0.0,0.0,-3.646271,-0.3238934,-1.344953,1.887703,0.03136241,-3.412432,0.06580859,0.6515519,-0.06438999,0.7529962,10.54537,81.67758,359.3463,0.4366941,0.005060633,-0.8995954,0.103207,0.004486745,0.02071025,3.800806,-0.6782527,-2.840626,-0.285023,-0.3393188,2.072221,0.1426681,-0.01121541,-0.9897069,0.1827263,0.9830463,0.0152004,0.9727573,-0.1830141,0.1422987,moving,78.66154,-64.37176,-7.83159,-9.299448,0.3374306611906457,-2.235316073548705,102.53790073052132,10.799761962065096,83.3045693748874
4336,05/05/2023 11:22:55.247076,4518,True,True,True,True,Eyes,1.729704,0.01925711,-3.401083,0.9066008,-0.3785537,0.1864731,0.0,0.0,0.0,0.0,0.0,0.0,0.0,-3.660732,-0.3292101,-1.316025,1.896488,0.03152911,-3.412272,0.0663276,0.6476904,-0.06552533,0.7561774,10.67228,81.09048,359.2316,0.4382069,0.005050157,-0.8988596,0.0,0.0,0.0,3.802871,-0.6792769,-2.821421,-0.2839833,-0.3366175,2.072363,0.1524071,-0.01317805,-0.98823,0.1850171,0.9826142,0.0154306,0.9708454,-0.1851911,0.1521956,moving,78.37728,-63.77544,-7.802846,-9.226075,0.2888436717437299,-2.197702129656334,101.99336909465782,10.717904037095453,83.04875076203794
4337,05/05/2023 11:22:55.263282,4519,True,True,True,True,Eyes,1.737472,0.01960074,-3.401534,0.9059049,-0.377812,0.1912966,0.0,0.0,0.0,0.0,0.0,0.0,0.0,-3.677728,-0.3295351,-1.279953,1.90571,0.03114983,-3.411723,0.06975439,0.6429309,-0.06723548,0.7597722,11.09582,80.40608,359.2717,0.4397228,0.005049886,-0.8981189,0.0,0.0,0.0,3.800493,-0.6918182,-2.800215,-0.2829409,-0.3339111,2.072505,0.1642387,-0.0124728,-0.9863418,0.1918618,0.9812274,0.01953937,0.9675819,-0.1924504,0.1635486,moving,78.07623,-63.14565,-7.77403,-9.15254,0.2374786749744837,-2.157955616798416,101.41756785458671,10.635247150062797,82.77767926116039
4338,05/05/2023 11:22:55.277360,4520,True,True,True,True,Eyes,1.932975,0.028416,-3.411012,0.8787627,-0.3568253,0.3169413,0.0,0.0,0.0,0.0,0.0,0.0,0.0,-3.695905,-0.3102938,-1.244456,1.915564,0.03085487,-3.410914,0.06949698,0.6381017,-0.06487967,0.7640595,10.89439,79.67551,359.3902,0.4412436,0.005058117,-0.8973728,0.0,0.0,0.0,3.805705,-0.6832126,-2.776449,-0.2819255,-0.3312749,2.072643,0.1772337,-0.01045157,-0.9841133,0.1878362,0.9819216,0.0234,0.9660775,-0.1889993,0.1759928,moving,70.16727,-48.3877,-7.745961,-9.080898,-1.0182746014511173,-1.2046884169829273,87.26681069184644,10.358399571016248,75.58065494249293
4339,05/05/2023 11:22:55.297297,4521,True,True,True,True,Eyes,1.933387,0.02847749,-3.41096,0.8786896,-0.3565208,0.3174863,0.0,0.0,0.0,0.0,0.0,0.0,0.0,-3.715524,-0.2955998,-1.200203,1.924656,0.03142194,-3.409941,0.07018632,0.6324588,-0.06350694,0.7687892,10.85056,78.837,359.4827,0.447192,0.005316368,-0.8944219,0.5865086,0.02644578,-0.02843571,3.806695,-0.6789928,-2.749226,-0.2808943,-0.3285962,2.072783,0.1919256,-0.008866991,-0.9813696,0.1864268,0.9820815,0.02758593,0.9635402,-0.188248,0.1901397,moving,70.1343,-48.31453,-7.717455,-9.008078,-1.0241198941853715,-1.2001219907872045,87.21177056686975,10.284206915486129,75.5485559771877
4340,05/05/2023 11:22:55.306870,4522,True,True,True,True,Eyes,1.93417,0.02852361,-3.410841,0.8787047,-0.3555956,0.3184803,0.0,0.0,0.0,0.0,0.0,0.0,0.0,-3.734473,-0.2789386,-1.157825,1.93491,0.03289284,-3.408768,0.06746814,0.6269674,-0.06036796,0.7737672,10.37598,77.98761,359.4862,0.4522231,0.00553286,-0.8918874,0.5513181,0.02485904,-0.02672956,3.813453,-0.658595,-2.719927,-0.2798764,-0.3259525,2.072922,0.2065352,-0.00882085,-0.9783995,0.1780221,0.9836075,0.02871178,0.9621078,-0.1801067,0.2047199,moving,70.07731,-48.15157,-7.689314,-8.93619,-1.0361355885789951,-1.1903729182869496,87.09474058117272,10.210899335394322,75.49677644377846
4341,05/05/2023 11:22:55.326920,4523,True,True,True,True,Eyes,1.935161,0.02853638,-3.410627,0.8785576,-0.3547137,0.3198667,0.0,0.0,0.0,0.0,0.0,0.0,0.0,-3.749439,-0.2520918,-1.119501,1.941941,0.03260498,-3.406307,0.06281218,0.6221446,-0.05525762,0.7784199,9.586996,77.22817,359.5426,0.4565027,0.005714758,-0.8897033,0.518239,0.02336749,-0.02512579,3.821122,-0.6291984,-2.691787,-0.2788411,-0.3232649,2.073063,0.2197655,-0.007870756,-0.975521,0.1641838,0.9860024,0.02903203,0.9616376,-0.1665449,0.2179816,moving,69.99436,-47.95712,-7.660695,-8.86309,-1.0513848053221624,-1.1783571479447987,86.94050119877345,10.135980478322205,75.42037927717828
4342,05/05/2023 11:22:55.347150,4524,True,True,True,True,Eyes,1.936363,0.02857588,-3.410294,0.8782274,-0.3541151,0.3214328,0.0,0.0,0.0,0.0,0.0,0.0,0.0,-3.763382,-0.2344607,-1.078853,1.947916,0.03180787,-3.403903,0.06383786,0.6171079,-0.05375135,0.7824406,9.569242,76.49953,359.6906,0.4602374,0.005871475,-0.8877761,0.4871447,0.02196544,-0.02361824,3.818956,-0.6274438,-2.667224,-0.2777947,-0.3205475,2.073205,0.2325772,-0.005324771,-0.9725633,0.1629041,0.9860711,0.0335579,0.9588378,-0.1662394,0.2302051,moving,69.89728,-47.76975,-7.631769,-8.789162,-1.0671247820770065,-1.1663396498298946,86.77695362059067,10.059919198987767,75.32940314642113
4343,05/05/2023 11:22:55.363968,4525,True,True,True,True,Eyes,1.937856,0.02859424,-3.4099,0.8777544,-0.3535774,0.3233112,0.0,0.0,0.0,0.0,0.0,0.0,0.0,-3.778058,-0.2174853,-1.042251,1.956982,0.03235992,-3.402423,0.06616198,0.61218,-0.0526059,0.7861876,9.69713,75.80515,359.9006,0.4636192,0.006013393,-0.8860139,0.457916,0.02064752,-0.02220115,3.818465,-0.6297464,-2.645518,-0.27677,-0.317888,2.073344,0.2449365,-0.001710134,-0.9695377,0.1637223,0.9857104,0.03962291,0.9556156,-0.16844,0.2417165,moving,69.77927,-47.5602,-7.603445,-8.716789,-1.0853036138182928,-1.1526578604240747,86.58461271430475,9.985101252714314,75.21856346503665
4344,05/05/2023 11:22:55.376902,4526,True,True,True,True,Eyes,1.9396,0.02860001,-3.409451,0.87697,-0.3535435,0.3254699,0.0,0.0,0.0,0.0,0.0,0.0,0.0,-3.7919,-0.1906962,-1.006856,1.965476,0.03186154,-3.400664,0.06814303,0.6073502,-0.05012487,0.7899177,9.703026,75.12946,0.2083481,0.4666905,0.006141439,-0.8843991,0.430441,0.01940867,-0.02086908,3.818861,-0.6293141,-2.624422,-0.2757469,-0.3152308,2.073484,0.2572265,0.003584322,-0.9663446,0.1619624,0.985688,0.04676808,0.952682,-0.1685415,0.2529646,moving,69.6386,-47.36754,-7.575157,-8.644455,-1.1039793575798198,-1.1392549053672925,86.37963638481163,9.909801639802565,75.08445644818094
4345,05/05/2023 11:22:55.397000,4527,True,True,True,True,Eyes,1.941598,0.02864041,-3.408926,0.8759258,-0.3538077,0.3279848,0.0,0.0,0.0,0.0,0.0,0.0,0.0,-3.806302,-0.1760468,-0.9635277,1.973229,0.03164908,-3.398923,0.07333101,0.6017321,-0.05073062,0.793705,10.22178,74.37397,0.4495173,0.4694891,0.006256689,-0.8829159,0.4046146,0.01824415,-0.01961693,3.811383,-0.6460936,-2.602075,-0.2747377,-0.3126101,2.073622,0.2706898,0.007720936,-0.9626358,0.1687815,0.9840979,0.05535388,0.9477552,-0.1774588,0.2650822,moving,69.47191,-47.16904,-7.547259,-8.573103,-1.1245481000941346,-1.1248884925651668,86.14870136199691,9.83499439006105,74.9249619901741
4346,05/05/2023 11:22:55.406970,4528,True,True,True,True,Eyes,1.943812,0.02868418,-3.408308,0.8747255,-0.3542221,0.3307298,0.0,0.0,0.0,0.0,0.0,0.0,0.0,-3.819715,-0.1736705,-0.9185877,1.981361,0.03258068,-3.396665,0.07692665,0.5960209,-0.05225903,0.7975654,10.66131,73.58691,0.486234,0.4720484,0.006361294,-0.8815494,0.3803377,0.0171495,-0.01843992,3.80431,-0.6578142,-2.577153,-0.2736627,-0.3098186,2.073767,0.2840563,0.008339786,-0.9587713,0.1750597,0.9827026,0.06041311,0.9426909,-0.185003,0.2776829,moving,69.28862,-46.96435,-7.517545,-8.497082,-1.1464536590671042,-1.1097820691605742,85.90062682769579,9.755152748301295,74.74931079941236
4347,05/05/2023 11:22:55.426904,4529,True,True,True,True,Eyes,1.946226,0.02873033,-3.407614,0.8732635,-0.3549622,0.3337857,0.0,0.0,0.0,0.0,0.0,0.0,0.0,-3.832149,-0.1727208,-0.8744551,1.988985,0.0327597,-3.394515,0.07834907,0.5905156,-0.05318834,0.801451,10.8596,72.80653,0.4245479,0.4743984,0.006456408,-0.8802863,0.3575174,0.01612053,-0.01733352,3.799151,-0.6616582,-2.551377,-0.2726595,-0.3072141,2.073904,0.2969248,0.007276987,-0.9548731,0.1777884,0.9820648,0.06276881,0.9382041,-0.188403,0.2903056,moving,69.08175,-46.76108,-7.489814,-8.426135,-1.1697229428564588,-1.0941439829093271,85.63160877596029,9.679960911351042,74.5508294061772
4348,05/05/2023 11:22:55.447134,4530,True,True,True,True,Eyes,1.948833,0.02878029,-3.406842,0.8716308,-0.3558981,0.3370405,0.0,0.0,0.0,0.0,0.0,0.0,0.0,-3.843088,-0.179481,-0.8311106,1.996223,0.03293841,-3.392093,0.08186497,0.5850911,-0.05610298,0.804872,11.38685,72.06153,0.3206077,0.4765651,0.006543046,-0.8791145,0.3360664,0.0151533,-0.01629351,3.789978,-0.6765813,-2.527679,-0.2716318,-0.3045458,2.074043,0.3090418,0.005485486,-0.9510326,0.1861084,0.9803012,0.06613094,0.9326611,-0.1974323,0.3019332,moving,68.85961,-46.55886,-7.461408,-8.353433,-1.1938685159485916,-1.078168235905519,85.34958957609963,9.602683404747765,74.3376242424712
4349,05/05/2023 11:22:55.463779,4531,True,True,True,True,Eyes,1.951609,0.02881881,-3.405981,0.8698111,-0.3569852,0.3405734,0.0,0.0,0.0,0.0,0.0,0.0,0.0,-3.853042,-0.1786121,-0.7909229,2.003493,0.03314541,-3.389441,0.08473725,0.5799415,-0.05767151,0.8081843,11.7627,71.35592,0.2965402,0.478572,0.006622155,-0.878023,0.3159024,0.0142441,-0.0153159,3.782967,-0.6866015,-2.505117,-0.2706052,-0.3018786,2.074183,0.3206838,0.005066897,-0.9471728,0.1915037,0.9789872,0.0700744,0.9276251,-0.2038588,0.312975,moving,68.61723,-46.34777,-7.433027,-8.280742,-1.219713353243037,-1.0612229284515309,85.04551846228485,9.525057590242087,74.1054044175373
4350,05/05/2023 11:22:55.477314,4532,True,True,True,True,Eyes,1.954538,0.02885374,-3.405035,0.8678576,-0.3578567,0.3446181,0.0,0.0,0.0,0.0,0.0,0.0,0.0,-3.86292,-0.1693821,-0.7485641,2.010338,0.03294476,-3.386539,0.08728883,0.5745225,-0.05806289,0.8117471,12.03035,70.61594,0.3534898,0.4804397,0.006694207,-0.8770019,0.2969482,0.01338945,-0.01439695,3.77609,-0.6936644,-2.481458,-0.2695768,-0.299209,2.074323,0.3331052,0.006034013,-0.9428704,0.1945635,0.9780187,0.074996,0.9225974,-0.2084298,0.3246092,moving,68.34244,-46.07965,-7.404601,-8.207969,-1.250523515593268,-1.0405465540969605,84.68694375180534,9.446936762893918,73.84391359047889
4351,05/05/2023 11:22:55.497035,4533,True,True,True,True,Eyes,1.957653,0.02888431,-3.404008,0.8657011,-0.358872,0.3489592,0.0,0.0,0.0,0.0,0.0,0.0,0.0,-3.872957,-0.1612567,-0.7020519,2.01697,0.03293527,-3.383699,0.09120736,0.5686204,-0.05929041,0.8153753,12.48382,69.82689,0.4129495,0.4821861,0.00675981,-0.8760425,0.2791313,0.01258608,-0.01353313,3.765709,-0.706888,-2.457409,-0.2685449,-0.2965277,2.074463,0.3463111,0.007036845,-0.9380934,0.2004126,0.9763317,0.08130897,0.9164625,-0.2161639,0.3367042,moving,68.04591,-45.80234,-7.376072,-8.134862,-1.2831411963890913,-1.018845925593463,84.30488875319632,9.368110297642897,73.56211458282806
4352,05/05/2023 11:22:55.506984,4534,True,True,True,True,Eyes,1.960894,0.02890991,-3.402884,0.8635405,-0.3593241,0.3538136,0.0,0.0,0.0,0.0,0.0,0.0,0.0,-3.883232,-0.1498524,-0.6542552,2.024565,0.03289375,-3.380836,0.09366713,0.5625017,-0.05944981,0.8193192,12.73064,68.99506,0.4675205,0.4838276,0.006819492,-0.8751364,0.2623834,0.01183092,-0.01272114,3.757821,-0.7129095,-2.431403,-0.2674658,-0.2937275,2.07461,0.3601152,0.007959072,-0.9328738,0.2027926,0.9753844,0.08660532,0.9105998,-0.2203678,0.3496368,moving,67.71989,-45.44273,-7.346243,-8.058492,-1.3218703811703625,-0.992203566210308,83.86003562135144,9.285768556237779,73.25443508343348
4353,05/05/2023 11:22:55.526843,4535,True,True,True,True,Eyes,1.964256,0.02892056,-3.401653,0.8612269,-0.3597928,0.3589393,0.0,0.0,0.0,0.0,0.0,0.0,0.0,-3.891922,-0.138697,-0.6062868,2.030914,0.0327743,-3.377601,0.09513661,0.556501,-0.05923764,0.8232538,12.86031,68.17093,0.4908536,0.4853782,0.006873712,-0.874277,0.2466404,0.01112106,-0.01195787,3.749783,-0.7151188,-2.404713,-0.2664915,-0.2911971,2.074742,0.3735951,0.008352021,-0.9275543,0.2034224,0.9748799,0.09071155,0.9050117,-0.2225748,0.3625114,moving,67.37476,-45.06804,-7.319315,-7.989468,-1.3625553454485368,-0.9643046929533652,83.3907989029054,9.210640861132653,72.92933275992151
4354,05/05/2023 11:22:55.547132,4536,True,True,True,True,Eyes,1.967721,0.02893799,-3.400309,0.8589438,-0.3596125,0.3645467,0.0,0.0,0.0,0.0,0.0,0.0,0.0,-3.899281,-0.1288235,-0.5598906,2.037222,0.03243113,-3.373891,0.09572766,0.5506845,-0.05880662,0.8271183,12.89259,67.36443,0.4791248,0.4868513,0.00692267,-0.8734571,0.231842,0.0104538,-0.0112404,3.742904,-0.7138997,-2.377661,-0.2654504,-0.2884933,2.074884,0.3865769,0.008151386,-0.9222211,0.2027115,0.974756,0.09358844,0.8997035,-0.223124,0.3751658,moving,67.00301,-44.6096,-7.290534,-7.915694,-1.4092527599213789,-0.9314638317056616,82.86116954048363,9.130659344681165,72.58072705759474
4355,05/05/2023 11:22:55.563990,4537,True,True,True,True,Eyes,1.971298,0.02895601,-3.39884,0.8565804,-0.35925,0.3704177,0.0,0.0,0.0,0.0,0.0,0.0,0.0,-3.905637,-0.1208684,-0.5134767,2.043117,0.03253374,-3.369997,0.09513889,0.5449624,-0.05802463,0.8310222,12.78936,66.55938,0.4262445,0.4882571,0.006967052,-0.8726718,0.2179315,0.009826573,-0.01056598,3.736873,-0.707463,-2.349731,-0.2644264,-0.2858347,2.075023,0.3992983,0.007254742,-0.9167923,0.2001337,0.9751635,0.09488256,0.8947108,-0.2213675,0.3879292,moving,66.61452,-44.12314,-7.262228,-7.843142,-1.4584395260949137,-0.8967689152803571,82.30438718522548,9.051853936180756,72.21675462603213
4356,05/05/2023 11:22:55.577041,4538,True,True,True,True,Eyes,1.974949,0.02893619,-3.397214,0.8543391,-0.3582731,0.3764905,0.0,0.0,0.0,0.0,0.0,0.0,0.0,-3.910716,-0.1178813,-0.4701719,2.049425,0.03252852,-3.365629,0.09272147,0.5396234,-0.05699984,0.8348415,12.49371,65.78696,0.2874241,0.4896062,0.007007346,-0.8719153,0.2048556,0.009236978,-0.00993202,3.733629,-0.6941693,-2.321001,-0.2634092,-0.2831926,2.075162,0.4111151,0.004897683,-0.9115703,0.195241,0.9763075,0.09329854,0.8904298,-0.2163323,0.4004185,moving,66.21785,-43.57973,-7.234112,-7.771021,-1.511109641941851,-0.8589675443728098,81.71569226223396,8.97380849827914,71.84594058703833
4357,05/05/2023 11:22:55.597106,4539,True,True,True,True,Eyes,1.978669,0.02886711,-3.395461,0.8519694,-0.3572966,0.3827368,0.0,0.0,0.0,0.0,0.0,0.0,0.0,-3.914686,-0.1137526,-0.4296981,2.055197,0.03148712,-3.361179,0.09022604,0.5345926,-0.05585856,0.8384212,12.18201,65.06219,0.1642614,0.4909076,0.007043029,-0.8711829,0.1925642,0.008682759,-0.009336098,3.730535,-0.6813582,-2.293706,-0.2623723,-0.2805012,2.075303,0.4221812,0.002802336,-0.9065072,0.1901343,0.9774782,0.09157168,0.8863477,-0.211018,0.4121401,moving,65.80859,-43.03111,-7.20545,-7.697539,-1.5648206484266298,-0.8205787121732078,81.11418665519393,8.894339901430447,71.4628447896762
4358,05/05/2023 11:22:55.617187,4540,True,True,True,True,Eyes,1.982468,0.02876708,-3.393604,0.8495757,-0.3562012,0.3890269,0.0,0.0,0.0,0.0,0.0,0.0,0.0,-3.917777,-0.1102278,-0.3899252,2.060632,0.03022776,-3.356493,0.08964633,0.5295533,-0.05574672,0.8416824,12.11938,64.35983,0.06463563,0.4921686,0.007073312,-0.8704708,0.1810104,0.008161793,-0.008775932,3.724491,-0.6772342,-2.268418,-0.2612637,-0.2776217,2.075454,0.4329312,0.001102955,-0.9014264,0.1887871,0.9777116,0.09186576,0.8814364,-0.2099492,0.4230737,moving,65.39661,-42.47787,-7.174807,-7.618906,-1.6189396573353685,-0.7818852069382745,80.50936552067209,8.809796550093864,71.07673449083178
4359,05/05/2023 11:22:55.626884,4541,True,True,True,True,Eyes,1.986328,0.02863924,-3.391615,0.8470668,-0.3551687,0.3953898,0.0,0.0,0.0,0.0,0.0,0.0,0.0,-3.919991,-0.1073617,-0.3545158,2.066103,0.0293211,-3.351701,0.08970529,0.5249404,-0.05592502,0.8445489,12.13616,63.72536,359.9834,0.4933961,0.007097964,-0.8697754,0.1701498,0.007672086,-0.008249376,3.718609,-0.6757614,-2.245589,-0.2602298,-0.2749369,2.075594,0.4426198,-0.0002829686,-0.8967093,0.1886427,0.9776507,0.09280641,0.8766422,-0.2102356,0.432781,moving,64.978,-41.93256,-7.146228,-7.545572,-1.6730474586354305,-0.7434252910580206,79.90224783013383,8.730687549577178,70.68402796754866
4360,05/05/2023 11:22:55.647111,4542,True,True,True,True,Eyes,1.99021,0.02847038,-3.389469,0.8446087,-0.3540707,0.4015846,0.0,0.0,0.0,0.0,0.0,0.0,0.0,-3.921276,-0.1039216,-0.3229942,2.071426,0.02853048,-3.346627,0.08993755,0.5207227,-0.05603543,0.847124,12.16539,63.1497,359.9254,0.4945959,0.007116854,-0.8690935,0.1599408,0.007211761,-0.007754413,3.713379,-0.6748374,-2.224434,-0.2592484,-0.2723879,2.075728,0.4514157,-0.001272874,-0.8923128,0.188603,0.9775425,0.09401865,0.8721542,-0.2107343,0.4415181,moving,64.5704,-41.40211,-7.119103,-7.475937,-1.7257050269218397,-0.7060032527588418,79.31185317979235,8.65567701789053,70.3013233433626
4361,05/05/2023 11:22:55.666820,4543,True,True,True,True,Eyes,1.99412,0.02826213,-3.38718,0.8420585,-0.3531208,0.4077295,0.0,0.0,0.0,0.0,0.0,0.0,0.0,-3.921373,-0.09927636,-0.2981625,2.076184,0.0273397,-3.341352,0.09021999,0.5172438,-0.05596397,0.8492274,12.1885,62.67839,359.8991,0.495773,0.007129537,-0.8684226,0.1503443,0.006779055,-0.007289148,3.70958,-0.6743152,-2.206253,-0.2582941,-0.2699111,2.075858,0.4586538,-0.00172083,-0.8886133,0.1883837,0.9774567,0.09534054,0.8684171,-0.2111286,0.4486385,moving,64.16348,-40.89474,-7.092724,-7.408257,-1.777111619477556,-0.6697726743270014,78.73240217470128,8.582709711233635,69.91875693487124
4362,05/05/2023 11:22:55.677018,4544,True,True,True,True,Eyes,1.998051,0.02802695,-3.384765,0.8395424,-0.3521331,0.4137281,0.0,0.0,0.0,0.0,0.0,0.0,0.0,-3.920909,-0.0940721,-0.2747473,2.080847,0.0260579,-3.335755,0.09147511,0.5138488,-0.05629936,0.8511299,12.33183,62.22932,359.8928,0.4969315,0.007135652,-0.8677601,0.1413237,0.006372312,-0.006851799,3.704869,-0.6778471,-2.189282,-0.2572355,-0.2671614,2.076003,0.4655795,-0.00182738,-0.8850042,0.1898449,0.9769254,0.0978557,0.8644043,-0.2135732,0.4551834,moving,63.76584,-40.40184,-7.063462,-7.333107,-1.827193929253906,-0.6345158285633223,78.16860702374383,8.502330679923265,69.54422543858578
4363,05/05/2023 11:22:55.697000,4545,True,True,True,True,Eyes,2.001999,0.02777098,-3.382203,0.8369387,-0.3513099,0.4196604,0.0,0.0,0.0,0.0,0.0,0.0,0.0,-3.919733,-0.09115121,-0.2545662,2.085127,0.02546415,-3.330017,0.09280349,0.5108503,-0.05685851,0.8527525,12.49586,61.83446,359.8735,0.4980755,0.007135188,-0.8671041,0.1328443,0.005989973,-0.006440691,3.700637,-0.6811478,-2.173882,-0.2560974,-0.2642067,2.076158,0.4715983,-0.002155108,-0.8818109,0.1917898,0.9763092,0.1001844,0.8607042,-0.2163692,0.4608391,moving,63.36976,-39.93368,-7.032006,-7.252339,-1.8758846003110348,-0.6005574216167915,77.61751545545012,8.41616219276035,69.17050373724204
4364,05/05/2023 11:22:55.707038,4546,True,True,True,True,Eyes,2.005987,0.02753091,-3.37949,0.8343924,-0.350424,0.4254321,0.0,0.0,0.0,0.0,0.0,0.0,0.0,-3.918092,-0.08903849,-0.2368497,2.0895,0.02473614,-3.323981,0.09435744,0.5080803,-0.05763039,0.8541839,12.69487,61.47273,359.849,0.4992077,0.007128294,-0.8664528,0.1248736,0.005630575,-0.00605425,3.696554,-0.6861577,-2.159274,-0.2551184,-0.2616642,2.07629,0.4770663,-0.002571594,-0.8788636,0.1943362,0.9755508,0.1026355,0.8571121,-0.2197589,0.4659022,moving,62.9843,-39.47793,-7.00495,-7.182826,-1.9232772161259577,-0.5675022763512807,77.08092408588078,8.34181672365413,68.80682864325564
4365,05/05/2023 11:22:55.726723,4547,True,True,True,True,Eyes,2.009984,0.0272971,-3.376618,0.8318135,-0.3496109,0.4311132,0.0,0.0,0.0,0.0,0.0,0.0,0.0,-3.916491,-0.08587798,-0.2230103,2.094523,0.02464618,-3.317887,0.09561326,0.5056758,-0.05794229,0.855449,12.83737,61.16055,359.8569,0.5003322,0.007116034,-0.865804,0.1173812,0.00529274,-0.005690995,3.694731,-0.6887639,-2.145854,-0.2541535,-0.2591587,2.076421,0.4818694,-0.002434721,-0.8762397,0.195832,0.9750016,0.1049845,0.8540794,-0.2221845,0.4703003,moving,62.60315,-39.0403,-6.978281,-7.114311,-1.9694573909964097,-0.5354792494441112,76.55615137685463,8.26857552110604,68.44689238922987
4366,05/05/2023 11:22:55.746787,4548,True,True,True,True,Eyes,2.014011,0.02705592,-3.373587,0.8292673,-0.3487312,0.4366945,0.0,0.0,0.0,0.0,0.0,0.0,0.0,-3.914021,-0.07728103,-0.2103153,2.098774,0.02456948,-3.311241,0.09653473,0.5034018,-0.05729556,0.8567292,12.8908,60.86924,359.9423,0.5014515,0.007099126,-0.8651564,0.1103383,0.004975176,-0.005349535,3.693688,-0.6884474,-2.132339,-0.2531148,-0.2564613,2.076563,0.4866078,-0.0009820478,-0.87362,0.1953651,0.9747965,0.1077229,0.851496,-0.2230936,0.4745354,moving,62.22858,-38.60983,-6.949571,-7.040536,-2.014861034613191,-0.5039889581463668,76.04102116250962,8.190104374966985,68.09258523971582
4367,05/05/2023 11:22:55.764215,4549,True,True,True,True,Eyes,2.018035,0.02678727,-3.370393,0.8267276,-0.347758,0.4422509,0.0,0.0,0.0,0.0,0.0,0.0,0.0,-3.911903,-0.06518528,-0.1974125,2.103585,0.02405564,-3.304626,0.09611844,0.5010765,-0.05551675,0.8582551,12.74572,60.56223,0.06052386,0.5025687,0.007077862,-0.864508,0.103718,0.004676665,-0.005028563,3.69501,-0.6819416,-2.117359,-0.2520974,-0.2538208,2.076702,0.4916805,0.00103033,-0.8707751,0.1916204,0.9753582,0.109352,0.8494304,-0.2206246,0.4793672,moving,61.85583,-38.17926,-6.921451,-6.968303,-2.060158917262571,-0.4725401911491604,75.5277314541408,8.113389869994869,67.73961844003213
4368,05/05/2023 11:22:55.777212,4550,True,True,True,True,Eyes,2.022059,0.02649288,-3.367035,0.8241739,-0.3466823,0.4478268,0.0,0.0,0.0,0.0,0.0,0.0,0.0,-3.90897,-0.05598211,-0.182155,2.10756,0.02309925,-3.297578,0.09502427,0.4985957,-0.05390441,0.8599228,12.54346,60.22478,0.1203349,0.5036849,0.007052014,-0.8638583,0.0,0.0,0.0,3.695326,-0.673627,-2.100516,-0.2510722,-0.2511584,2.076841,0.4969934,0.002050113,-0.8677519,0.1874646,0.9761294,0.109674,0.847263,-0.2171801,0.4847455,moving,61.48191,-37.74502,-6.893116,-6.895459,-2.105720483581643,-0.4408747724891544,75.01226296008805,8.036218848479324,67.38510917967517
4369,05/05/2023 11:22:55.797315,4551,True,True,True,True,Eyes,2.026094,0.02618033,-3.363519,0.8216292,-0.345499,0.4533828,0.0,0.0,0.0,0.0,0.0,0.0,0.0,-3.905922,-0.05024642,-0.1667246,2.111649,0.02208566,-3.29044,0.09352508,0.4961223,-0.05258085,0.861598,12.31787,59.88196,0.1285897,0.5048036,0.007021377,-0.8632054,0.0,0.0,0.0,3.69579,-0.6641625,-2.083128,-0.2499804,-0.2483226,2.076989,0.502196,0.002192631,-0.8647511,0.1834068,0.9769766,0.108989,0.8450806,-0.2133351,0.4902316,moving,61.10967,-37.3091,-6.862943,-6.817859,-2.1512676270818405,-0.4091669204449619,74.49826773669203,7.954320774919437,67.03144927285766
4370,05/05/2023 11:22:55.807032,4552,True,True,True,True,Eyes,2.030122,0.02586045,-3.359827,0.8190774,-0.3441302,0.4590061,0.0,0.0,0.0,0.0,0.0,0.0,0.0,-3.902761,-0.04597363,-0.1521111,2.115943,0.02130523,-3.283157,0.09194222,0.4937229,-0.05136812,0.8632182,12.09045,59.54837,0.1232938,0.5059248,0.006986021,-0.8625491,0.0,0.0,0.0,3.696473,-0.6544883,-2.065776,-0.248952,-0.2456529,2.077129,0.5071982,0.002104144,-0.861827,0.1794717,0.9778159,0.1080092,0.8429353,-0.2094556,0.4955688,moving,60.73399,-36.85995,-6.834523,-6.744792,-2.197717890949023,-0.3766979781046027,73.97585207617504,7.877346195960994,66.67405294570952
4371,05/05/2023 11:22:55.827163,4553,True,True,True,True,Eyes,2.034134,0.02550371,-3.355969,0.8165544,-0.3426543,0.464572,0.0,0.0,0.0,0.0,0.0,0.0,0.0,-3.898869,-0.04317093,-0.1386631,2.119829,0.02072326,-3.275388,0.0898795,0.491494,-0.05006722,0.8647825,11.81006,59.23358,0.1027837,0.5070506,0.006946242,-0.8618881,0.0,0.0,0.0,3.697484,-0.6428547,-2.048075,-0.2479846,-0.2431412,2.077261,0.5118539,0.001755925,-0.8590708,0.174945,0.9788299,0.1062369,0.8410706,-0.2046679,0.5007108,moving,60.36264,-36.41137,-6.807786,-6.676034,-2.2438741982233257,-0.344368924361329,73.45785414817378,7.805079984501047,66.32025150544493
4372,05/05/2023 11:22:55.846725,4554,True,True,True,True,Eyes,2.038133,0.02509274,-3.351965,0.813978,-0.3411329,0.4701788,0.0,0.0,0.0,0.0,0.0,0.0,0.0,-3.894712,-0.0375872,-0.1279342,2.123475,0.01944789,-3.267573,0.08824615,0.4895238,-0.04864796,0.8661481,11.56603,58.96054,0.1242485,0.5081822,0.006901566,-0.8612218,0.0,0.0,0.0,3.698794,-0.6331986,-2.031921,-0.2469651,-0.2404931,2.077399,0.5159997,0.002124515,-0.8565862,0.1706699,0.979692,0.1052398,0.8394142,-0.2004972,0.5051582,moving,59.98795,-35.96234,-6.779608,-6.603533,-2.290257793607223,-0.311931440656001,72.93727681882983,7.7290695078501335,65.96256191120271
4373,05/05/2023 11:22:55.864508,4555,True,True,True,True,Eyes,2.042086,0.02466513,-3.3478,0.8113538,-0.3397146,0.4757089,0.0,0.0,0.0,0.0,0.0,0.0,0.0,-3.890618,-0.02672824,-0.1172578,2.127012,0.01771918,-3.259889,0.08806318,0.4874493,-0.0472885,0.867411,11.47121,58.69079,0.2230707,0.5093207,0.006851087,-0.8605493,0.0,0.0,0.0,3.698675,-0.6294295,-2.017202,-0.2459238,-0.2377901,2.077541,0.520314,0.003815521,-0.8539664,0.1678898,0.9800174,0.1066724,0.8373089,-0.1988754,0.5092763,moving,59.61627,-35.5315,-6.750834,-6.529516,-2.335504566458788,-0.2804963424250744,72.42725708794357,7.651495323624867,65.60728552358356
4374,05/05/2023 11:22:55.877327,4556,True,True,True,True,Eyes,2.046007,0.02420835,-3.343485,0.8086008,-0.3384177,0.4812881,0.0,0.0,0.0,0.0,0.0,0.0,0.0,-3.885964,-0.02072871,-0.1032856,2.129903,0.01690188,-3.251929,0.08884446,0.4850477,-0.04705287,0.8686895,11.53709,58.38134,0.259577,0.510466,0.006795012,-0.8598709,0.0,0.0,0.0,3.69535,-0.6301057,-2.001818,-0.2449006,-0.2351329,2.07768,0.5250295,0.00443892,-0.8510724,0.1679363,0.9797854,0.1087107,0.8343509,-0.2000023,0.5136709,moving,59.23842,-35.11296,-6.722556,-6.456742,-2.380483067437908,-0.2495289096831552,71.9168212933254,7.575162816751146,65.24605982351989
4375,05/05/2023 11:22:55.897228,4557,True,True,True,True,Eyes,2.142843,0.01268587,-3.232035,0.7288493,-0.3045789,0.6131968,0.0,0.0,0.0,0.0,0.0,0.0,0.0,-3.881372,-0.0157294,-0.08847082,2.133002,0.01575924,-3.243944,0.08863572,0.4825743,-0.04649889,0.8701171,11.48581,58.05345,0.2705664,0.5116186,0.006733158,-0.8591861,0.0,0.0,0.0,3.692948,-0.6267668,-1.98517,-0.2438117,-0.2323043,2.077829,0.5299198,0.004627679,-0.8480352,0.1664656,0.9799631,0.1093686,0.8315493,-0.1991252,0.5185316,moving,49.92537,-26.41389,-6.692463,-6.379259,-3.404357157774508,0.431491700368185,60.058017390870056,7.562933632674767,56.324353519550925
4376,05/05/2023 11:22:55.907119,4558,True,True,True,True,Eyes,2.142972,0.01287234,-3.231707,0.7285724,-0.30498,0.6133267,0.0,0.0,0.0,0.0,0.0,0.0,0.0,-3.876669,-0.01339403,-0.07364559,2.135779,0.01521214,-3.236106,0.08936563,0.4801112,-0.04674152,0.8713911,11.57363,57.73276,0.254445,0.5157705,0.006387557,-0.8567028,0.2905083,-0.03456744,0.3343506,3.688955,-0.6275981,-1.969605,-0.2427413,-0.2295252,2.077975,0.5346169,0.004350588,-0.8450834,0.1672712,0.979658,0.1108626,0.828375,-0.2006271,0.5230141,moving,49.90866,-26.43911,-6.662884,-6.303123,-3.4040546485089958,0.4306367489069078,60.048293589477666,7.480874888550009,56.30439549657235
4377,05/05/2023 11:22:55.926888,4559,True,True,True,True,Eyes,2.143279,0.01327809,-3.23103,0.7283325,-0.304949,0.613627,0.0,0.0,0.0,0.0,0.0,0.0,0.0,-3.871445,-0.02851015,-0.05928731,2.138833,0.01997044,-3.227601,0.09251397,0.4777279,-0.05000792,0.8721907,12.07313,57.42917,0.06797405,0.5195031,0.006081224,-0.8544468,0.2730778,-0.03249339,0.3142895,3.681265,-0.6370285,-1.955673,-0.2418019,-0.2270855,2.078102,0.5385504,0.001160129,-0.8425925,0.1756259,0.9778807,0.1135993,0.8240868,-0.20916,0.5264344,moving,49.88555,-26.42561,-6.636923,-6.236276,-3.406171587654112,0.431915332655548,60.0199896817659,7.409624169772548,56.27721325148904
4378,05/05/2023 11:22:55.947174,4560,True,True,True,True,Eyes,2.143661,0.01360407,-3.229997,0.7283131,-0.3043421,0.6139511,0.0,0.0,0.0,0.0,0.0,0.0,0.0,-3.86615,-0.06248376,-0.05693007,2.14341,0.0255629,-3.218602,0.08640355,0.4771459,-0.0508215,0.8730885,11.50038,57.2765,359.6323,0.5228679,0.005815913,-0.8523937,0.2566931,-0.03054379,0.2954322,3.688405,-0.6071523,-1.937947,-0.2407641,-0.2243905,2.078243,0.5394979,-0.00628913,-0.8419635,0.1711975,0.9799033,0.1023773,0.8243988,-0.1993744,0.5297324,moving,49.86988,-26.3681,-6.608246,-6.162423,-3.41014109765933,0.4352420962983649,59.98373195709154,7.331920600312659,56.25390130780785
4379,05/05/2023 11:22:55.964560,4561,True,True,True,True,Eyes,2.144076,0.01393796,-3.228696,0.7280529,-0.3044213,0.6142204,0.0,0.0,0.0,0.0,0.0,0.0,0.0,-3.860331,-0.07367536,-0.06684542,2.146288,0.02383867,-3.210129,0.07826744,0.4778751,-0.04820588,0.8736051,10.5342,57.30802,359.4509,0.5259086,0.005585545,-0.8505226,0.2412915,-0.02871116,0.2777062,3.701558,-0.5718557,-1.924596,-0.2397373,-0.221725,2.078383,0.5386232,-0.009421697,-0.842494,0.1590299,0.9831008,0.09067688,0.8274023,-0.1828224,0.5310193,moving,49.84742,-26.36404,-6.579875,-6.089369,-3.411723692168205,0.4360238346773006,59.959168649800894,7.253822051592813,56.227450408958504
4380,05/05/2023 11:22:55.980773,4562,True,True,True,True,Eyes,2.14461,0.01436044,-3.227051,0.7277222,-0.3045693,0.6145389,0.0,0.0,0.0,0.0,0.0,0.0,0.0,-3.854833,-0.06558135,-0.06058419,2.14752,0.02450384,-3.202384,0.08640295,0.4761916,-0.05120417,0.873587,11.521,57.14722,359.5805,0.5286627,0.00538685,-0.8488147,0.226814,-0.02698849,0.2610438,3.691627,-0.6035326,-1.919216,-0.2386996,-0.2190304,2.078524,0.5412394,-0.007173883,-0.840838,0.1717513,0.9798253,0.102195,0.8231412,-0.199727,0.5315521,moving,49.81994,-26.3633,-6.551198,-6.015504,-3.4134384715845387,0.4367652544933156,59.931110464204316,7.1747692221173045,56.19663802912425
4381,05/05/2023 11:22:55.997173,4563,True,True,True,True,Eyes,2.145215,0.01482623,-3.225136,0.7273161,-0.3045244,0.6150416,0.0,0.0,0.0,0.0,0.0,0.0,0.0,-3.849287,-0.06505993,-0.05541086,2.15128,0.02706466,-3.193051,0.08662601,0.4746948,-0.05083258,0.8744009,11.52244,56.95404,359.6109,0.5311662,0.005218984,-0.8472514,0.2132052,-0.02536918,0.2453812,3.69223,-0.5985211,-1.905324,-0.237654,-0.2163145,2.078667,0.5441618,-0.006654276,-0.838954,0.1711379,0.9798239,0.1032318,0.8213402,-0.1997516,0.5343216,moving,49.78108,-26.34131,-6.522308,-5.941049,-3.416960916881134,0.4388790774243865,59.885241496938676,7.095538230447559,56.154108285996905
4382,05/05/2023 11:22:56.017067,4564,True,True,True,True,Eyes,2.145893,0.0153341,-3.222937,0.7266855,-0.3048348,0.6156329,0.0,0.0,0.0,0.0,0.0,0.0,0.0,-3.84381,-0.06678793,-0.04085886,2.15362,0.02852928,-3.184668,0.08442648,0.472419,-0.0498433,0.8759043,11.2443,56.63702,359.5591,0.5334495,0.005080022,-0.8458166,0.2004129,-0.02384703,0.2306584,3.690989,-0.58458,-1.887107,-0.2366276,-0.21365,2.078806,0.5486718,-0.007546576,-0.8360038,0.1670852,0.9807756,0.1008052,0.8191714,-0.1949929,0.5393848,moving,49.72942,-26.34263,-6.493949,-5.86799,-3.4200424759288053,0.4401349705674517,59.835425166365795,7.017217537102869,56.10144499481971
4383,05/05/2023 11:22:56.026928,4565,True,True,True,True,Eyes,2.146682,0.01585193,-3.220481,0.7260191,-0.3049385,0.6163674,0.0,0.0,0.0,0.0,0.0,0.0,0.0,-3.838688,-0.06846312,-0.02430618,2.156571,0.03010754,-3.176334,0.08719788,0.4696464,-0.05145552,0.8770298,11.61194,56.28812,359.5115,0.5355399,0.004968184,-0.8444951,0.1883881,-0.02241621,0.2168189,3.683761,-0.5930833,-1.871964,-0.2356189,-0.2110312,2.078943,0.5535692,-0.008351712,-0.8327612,0.1721604,0.9794977,0.1046185,0.814814,-0.2012821,0.5436577,moving,49.66979,-26.32321,-6.466079,-5.796176,-3.424696999173041,0.4426499920176985,59.771187985703584,6.940673903421037,56.04036637241259
4384,05/05/2023 11:22:56.046812,4566,True,True,True,True,Eyes,2.147522,0.01633333,-3.217777,0.7252473,-0.305143,0.6171744,0.0,0.0,0.0,0.0,0.0,0.0,0.0,-3.833694,-0.06082687,-0.01392376,2.160019,0.03082386,-3.167724,0.08532541,0.4676021,-0.04929412,0.8784293,11.30342,56.01484,359.6023,0.5374625,0.004881053,-0.8432733,0.1770848,-0.02107123,0.2038097,3.685049,-0.5792563,-1.855069,-0.2345317,-0.2082082,2.079091,0.5578368,-0.006806117,-0.8299228,0.1663995,0.9805794,0.1038046,0.8130985,-0.1960047,0.5481358,moving,49.60272,-26.30869,-6.436038,-5.718753,-3.4295485030795074,0.4451063001556901,59.701657463143626,6.857998291572333,55.97251629722336
4385,05/05/2023 11:22:56.064385,4567,True,True,True,True,Eyes,2.148427,0.01677928,-3.214854,0.7243203,-0.3055578,0.618057,0.0,0.0,0.0,0.0,0.0,0.0,0.0,-3.828893,-0.04880369,-0.004684925,2.162665,0.03045259,-3.159869,0.08594072,0.4656506,-0.0479505,0.8794797,11.29278,55.77412,359.7484,0.5392384,0.004815244,-0.8421392,0.1664597,-0.01980696,0.1915811,3.683567,-0.5773111,-1.841737,-0.2335246,-0.205592,2.079228,0.5617405,-0.004306303,-0.8273023,0.1643797,0.9806299,0.1065099,0.8108186,-0.1958226,0.5515674,moving,49.52613,-26.30708,-6.408213,-5.646994,-3.4343040840387564,0.4471497082742255,59.627928694270814,6.781056096031953,55.89735632651649
4386,05/05/2023 11:22:56.076975,4568,True,True,True,True,Eyes,2.149434,0.0171754,-3.211724,0.7232047,-0.3058231,0.6192312,0.0,0.0,0.0,0.0,0.0,0.0,0.0,-3.823747,-0.03463805,0.00948143,2.1652,0.03009941,-3.151719,0.08909944,0.462983,-0.04769751,0.8805869,11.60046,55.45886,359.9122,0.5408865,0.004767741,-0.841082,0.1564721,-0.01861854,0.1800863,3.677418,-0.5865923,-1.828109,-0.232549,-0.2030585,2.079361,0.5667434,-0.001500547,-0.8238931,0.1665066,0.9795725,0.1127533,0.8068937,-0.2010859,0.555416,moving,49.4288,-26.28364,-6.381258,-5.577493,-3.4414685902431543,0.4508347377136203,59.52736427517158,6.706943945419994,55.80202834365429
4387,05/05/2023 11:22:56.097288,4569,True,True,True,True,Eyes,2.150509,0.0175358,-3.208382,0.7219571,-0.3060317,0.6205824,0.0,0.0,0.0,0.0,0.0,0.0,0.0,-3.81869,-0.02123749,0.02676153,2.168293,0.02935707,-3.143438,0.08854306,0.4600454,-0.04568833,0.8822873,11.4363,55.08216,0.0495237,0.5424238,0.004735462,-0.8400915,0.1470838,-0.01750143,0.1692811,3.674551,-0.5795404,-1.809834,-0.2315093,-0.2003594,2.079502,0.5725415,0.0008471833,-0.8198753,0.1620881,0.9801454,0.1142034,0.8036937,-0.1982782,0.5610366,moving,49.31819,-26.24958,-6.352536,-5.503445,-3.4499995799910685,0.4554000982273267,59.410704850265,6.6281635898751095,55.69366256705683
4388,05/05/2023 11:22:56.106935,4570,True,True,True,True,Eyes,2.151681,0.01792097,-3.204824,0.7204843,-0.306131,0.6222429,0.0,0.0,0.0,0.0,0.0,0.0,0.0,-3.81322,-0.01329306,0.05030191,2.171266,0.02879144,-3.134985,0.08786855,0.4564247,-0.04447858,0.8842947,11.30348,54.60957,0.0903556,0.5438656,0.00471598,-0.8391588,0.1382588,-0.01645134,0.1591242,3.668959,-0.572693,-1.788836,-0.2303433,-0.197331,2.07966,0.5793963,0.001546403,-0.8150445,0.1588751,0.9806015,0.1148012,0.7994114,-0.1960056,0.5679112,moving,49.18462,-26.19626,-6.320324,-5.420348,-3.4609402120309127,0.4615332034046999,59.26581922048223,6.540076615596025,55.56251209456023
4389,05/05/2023 11:22:56.126874,4571,True,True,True,True,Eyes,2.152959,0.01832656,-3.201048,0.7189522,-0.3057276,0.6242102,0.0,0.0,0.0,0.0,0.0,0.0,0.0,-3.807697,-0.0150215,0.07835686,2.174859,0.02975023,-3.126343,0.08561609,0.4523645,-0.04367946,0.8866388,11.03095,54.06152,0.000207893,0.5452257,0.004708692,-0.8382758,0.1299633,-0.01546426,0.1495768,3.66276,-0.5596041,-1.764365,-0.2294503,-0.1950128,2.079782,0.5869169,3.560097e-06,-0.8096471,0.1549152,0.9815239,0.112303,0.7946885,-0.1913392,0.5760725,moving,49.03477,-26.09484,-6.29565,-5.356732,-3.475394428739105,0.4705300221671002,59.08912337136222,6.473856977275535,55.414165809801226
4390,05/05/2023 11:22:56.147123,4572,True,True,True,True,Eyes,2.154326,0.01869576,-3.197079,0.7173017,-0.3050667,0.6264285,0.0,0.0,0.0,0.0,0.0,0.0,0.0,-3.801864,-0.02654231,0.104826,2.178709,0.03053258,-3.117396,0.07926285,0.4486612,-0.04211209,0.8891834,10.29676,53.52913,359.7807,0.5465175,0.004712931,-0.8374342,0.1221655,-0.01453641,0.1406022,3.660619,-0.5296432,-1.737035,-0.2284274,-0.1923567,2.079921,0.5938593,-0.003766396,-0.8045601,0.1460151,0.983888,0.1031703,0.7912084,-0.1787465,0.584841,moving,48.86888,-25.96579,-6.267392,-5.283839,-3.492274866413858,0.4813431300314752,58.88761828452892,6.398327914194272,55.24846321639598
4391,05/05/2023 11:22:56.164220,4573,True,True,True,True,Eyes,2.155767,0.01896494,-3.192935,0.7155651,-0.3043503,0.6287586,0.0,0.0,0.0,0.0,0.0,0.0,0.0,-3.79638,-0.03827357,0.1267214,2.1824,0.02996442,-3.10906,0.0745682,0.4454203,-0.04159574,0.8912408,9.786169,53.07112,359.5514,0.5477517,0.004726629,-0.8366274,0.1148355,-0.01366422,0.132166,3.658001,-0.5085698,-1.713758,-0.2273265,-0.1894983,2.080071,0.5997411,-0.007715256,-0.8001569,0.140572,0.9854187,0.09586126,0.7877499,-0.1699716,0.5920808,moving,48.69461,-25.82928,-6.236981,-5.205381,-3.5100573384314613,0.4927503329907465,58.675590323008095,6.317025672263274,55.07406060515643
4392,05/05/2023 11:22:56.177031,4574,True,True,True,True,Eyes,2.157248,0.01919596,-3.188598,0.7139533,-0.303818,0.6308451,0.0,0.0,0.0,0.0,0.0,0.0,0.0,-3.790858,-0.0362345,0.1431869,2.185646,0.02781368,-3.100742,0.07358871,0.4425802,-0.04120038,0.8927543,9.663547,52.69815,359.5103,0.5489375,0.004746269,-0.8358497,0.1079454,-0.01284437,0.1242361,3.654015,-0.5038119,-1.695495,-0.2263667,-0.187006,2.080201,0.6048506,-0.008425819,-0.7962944,0.1387014,0.9857745,0.09492432,0.7841669,-0.1678622,0.597415,moving,48.53637,-25.71569,-6.210467,-5.136968,-3.525661025963795,0.502581093533697,58.486750300028234,6.246014496989039,54.91660469632012
4393,05/05/2023 11:22:56.197068,4575,True,True,True,True,Eyes,2.158798,0.01945371,-3.184105,0.7121779,-0.3035841,0.6329608,0.0,0.0,0.0,0.0,0.0,0.0,0.0,-3.785885,-0.02282527,0.1570164,2.18901,0.02719212,-3.092829,0.07631349,0.4398571,-0.04085488,0.8938864,9.92575,52.37125,359.6565,0.5500831,0.004770299,-0.835096,0.1014687,-0.01207371,0.1167819,3.648715,-0.5116427,-1.681624,-0.2253387,-0.1843356,2.080342,0.6097131,-0.00590517,-0.7926002,0.1401733,0.9850143,0.1004906,0.780129,-0.1723718,0.601404,moving,48.37033,-25.62356,-6.182067,-5.063659,-3.5406158270875947,0.5115199783840243,58.29814360316639,6.169269400820121,54.75348520081039
4394,05/05/2023 11:22:56.206913,4576,True,True,True,True,Eyes,2.160402,0.01972963,-3.179432,0.7104179,-0.3033354,0.6350543,0.0,0.0,0.0,0.0,0.0,0.0,0.0,-3.780426,-0.007787853,0.1736158,2.192291,0.02816021,-3.084621,0.08020207,0.4367324,-0.04069881,0.8950844,10.31875,52.00289,359.8367,0.551196,0.004799001,-0.8343617,0.09538057,-0.01134928,0.109775,3.641339,-0.5225566,-1.667343,-0.2242922,-0.1816188,2.080484,0.6152169,-0.002804063,-0.788353,0.1429114,0.9838225,0.1080263,0.7752966,-0.1791242,0.6056648,moving,48.20594,-25.5316,-6.153161,-4.989069,-3.5554610862164298,0.5204079582306202,58.111164516073515,6.091172399082568,54.59180627383823
4395,05/05/2023 11:22:56.226867,4577,True,True,True,True,Eyes,2.162063,0.01996309,-3.174621,0.7084936,-0.303227,0.637252,0.0,0.0,0.0,0.0,0.0,0.0,0.0,-3.774884,0.002209425,0.1933038,2.195881,0.02891389,-3.076425,0.08145829,0.4333349,-0.03993453,0.8966553,10.40996,51.58163,359.9407,0.5522822,0.004832392,-0.8336428,0.08965773,-0.01066833,0.1031885,3.635024,-0.5228797,-1.649793,-0.2232917,-0.1790202,2.080621,0.6212522,-0.001017573,-0.7836101,0.1422124,0.9835395,0.11147,0.7705981,-0.18069,0.6111708,moving,48.03032,-25.44676,-6.125524,-4.917716,-3.5706181387278173,0.5292213605976839,57.91629379463324,6.016366891259029,54.42075839134019
4396,05/05/2023 11:22:56.246900,4578,True,True,True,True,Eyes,2.163771,0.02019694,-3.169661,0.7064119,-0.303452,0.6394523,0.0,0.0,0.0,0.0,0.0,0.0,0.0,-3.768905,0.01144794,0.2148722,2.199004,0.02815954,-3.06831,0.08327703,0.4297072,-0.03985263,0.8982364,10.59437,51.13183,-0.001438368,0.5533469,0.004868914,-0.8329362,0.08427827,-0.01002823,0.09699718,3.626732,-0.5277267,-1.63212,-0.2222597,-0.1763398,2.080761,0.627527,-2.468476e-05,-0.778595,0.1431636,0.9829534,0.115355,0.7653197,-0.1838548,0.6168333,moving,47.84824,-25.38667,-6.097018,-4.844114,-3.5848721667159653,0.5369412118462451,57.72423639771859,5.938571535363026,54.2460245876946
4397,05/05/2023 11:22:56.264156,4579,True,True,True,True,Eyes,2.165537,0.02042739,-3.164551,0.7041703,-0.3037468,0.6417804,0.0,0.0,0.0,0.0,0.0,0.0,0.0,-3.762852,0.01680094,0.2382032,2.202326,0.02848388,-3.060233,0.08711988,0.4257895,-0.04134295,0.8996691,11.06747,50.65277,359.9883,0.5543955,0.004908294,-0.8322385,0.07922158,-0.009426533,0.09117735,3.615535,-0.5413703,-1.615463,-0.221231,-0.1736686,2.080901,0.6339881,-0.0002004767,-0.7733428,0.1485794,0.9814017,0.1215513,0.7589356,-0.1919649,0.6222269,moving,47.65397,-25.32763,-6.068605,-4.770757,-3.599814635404484,0.5449198434407267,57.521301203717165,5.861002147091539,54.06055180230234
4398,05/05/2023 11:22:56.277220,4580,True,True,True,True,Eyes,2.167397,0.02064352,-3.159364,0.7018485,-0.3038431,0.6442733,0.0,0.0,0.0,0.0,0.0,0.0,0.0,-3.756148,0.02095613,0.2615299,2.205573,0.02864776,-3.051575,0.08814773,0.4219488,-0.04148654,0.9013701,11.18151,50.16811,359.9765,0.5554329,0.004950198,-0.8315463,0.07446828,-0.008860941,0.08570671,3.6068,-0.5425279,-1.595975,-0.2201871,-0.1709579,2.081043,0.6404761,-0.0004018102,-0.767978,0.1491771,0.9810177,0.1238971,0.7533501,-0.1939178,0.6283785,moving,47.44912,-25.24884,-6.039774,-4.69631,-3.616437370936372,0.5541740870003311,57.301555570020405,5.782745331207763,53.863784139664354
4399,05/05/2023 11:22:56.297096,4581,True,True,True,True,Eyes,2.169305,0.02082195,-3.154045,0.6993548,-0.3039617,0.6469235,0.0,0.0,0.0,0.0,0.0,0.0,0.0,-3.749435,0.02173001,0.2875454,2.208757,0.0285137,-3.043353,0.08799928,0.4178851,-0.04157855,0.9032716,11.17023,49.64488,359.9085,0.5564625,0.004994,-0.8308574,0.07000019,-0.008329284,0.08056431,3.597813,-0.5393725,-1.575128,-0.2191402,-0.1682402,2.081185,0.6472867,-0.001566259,-0.7622451,0.1486606,0.9810547,0.1242244,0.7476096,-0.1937246,0.6352564,moving,47.23028,-25.16683,-6.01086,-4.621664,-3.634082097292932,0.5639504182903359,57.06770395299916,5.704355361824614,53.654209103129695
4400,05/05/2023 11:22:56.306892,4582,True,True,True,True,Eyes,2.169305,0.02082195,-3.154045,0.6993548,-0.3039617,0.6469235,0.0,0.0,0.0,0.0,0.0,0.0,0.0,-3.742225,0.02285045,0.3146375,2.211882,0.02778696,-3.034893,0.0882284,0.4136278,-0.04193528,0.9051902,11.21074,49.09938,359.8288,0.5574877,0.00503854,-0.8301697,0.06580018,-0.007829527,0.07573044,3.587708,-0.5385224,-1.553927,-0.2180688,-0.1654581,2.08133,0.6543069,-0.002931383,-0.7562234,0.1489062,0.9809144,0.1250357,0.7414239,-0.1944181,0.6422556,moving,47.23028,-25.16683,-5.981272,-4.545243,-3.634082097292932,0.5639504182903359,57.067671379225494,5.6225579432204436,53.65050160793093
4401,05/05/2023 11:22:56.326879,4583,True,True,True,True,Eyes,2.169305,0.02082195,-3.154045,0.6993548,-0.3039617,0.6469235,0.0,0.0,0.0,0.0,0.0,0.0,0.0,-3.734787,0.02800453,0.3440671,2.21508,0.02708066,-3.02663,0.08885214,0.4090171,-0.04193692,0.907222,11.27528,48.51639,359.8009,0.5584092,0.005078604,-0.8295498,0.0,0.0,0.0,3.576357,-0.538964,-1.532409,-0.2171057,-0.1629571,2.081462,0.6618927,-0.003408108,-0.7495909,0.1487762,0.9806932,0.1269114,0.7346862,-0.195523,0.6496206,moving,47.23028,-25.16683,-5.954673,-4.47654,-3.634082097292932,0.5639504182903359,57.06774330474536,5.549025661735895,53.64723838237103
4402,05/05/2023 11:22:56.347125,4584,True,True,True,True,Eyes,2.169305,0.02082195,-3.154045,0.6993548,-0.3039617,0.6469235,0.0,0.0,0.0,0.0,0.0,0.0,0.0,-3.726784,0.0352045,0.3743196,2.217854,0.02596852,-3.018397,0.09056992,0.4042436,-0.04233417,0.9091711,11.47345,47.92057,359.7805,0.559238,0.005114654,-0.8289912,0.0,0.0,0.0,3.563249,-0.5443023,-1.5117,-0.2160534,-0.1602249,2.081605,0.6695898,-0.003753367,-0.7427216,0.1502026,0.9800099,0.1304605,0.7273848,-0.1989137,0.6567683,moving,47.23028,-25.16683,-5.92561,-4.401481,-3.634082097292932,0.5639504182903359,57.06792760197185,5.468693564154956,53.64374930888124
4403,05/05/2023 11:22:56.364032,4585,True,True,True,True,Eyes,2.169305,0.02082195,-3.154045,0.6993548,-0.3039617,0.6469235,0.0,0.0,0.0,0.0,0.0,0.0,0.0,-3.718776,0.04037485,0.4047132,2.220993,0.02508285,-3.010195,0.09258532,0.3994012,-0.04318925,0.9110661,11.72429,47.31575,359.7227,0.5599836,0.005147103,-0.8284875,0.0,0.0,0.0,3.549671,-0.5512136,-1.491239,-0.2150387,-0.1575901,2.081743,0.6772268,-0.004739141,-0.7357591,0.1526539,0.9791254,0.134203,0.7197644,-0.2032023,0.6638133,moving,47.23028,-25.16683,-5.897588,-4.329092,-3.634082097292932,0.5639504182903359,57.06821955503841,5.391226491140794,53.64046360002882
4404,05/05/2023 11:22:56.377154,4586,True,True,True,True,Eyes,2.169305,0.02082195,-3.154045,0.6993548,-0.3039617,0.6469235,0.0,0.0,0.0,0.0,0.0,0.0,0.0,-3.710365,0.04177368,0.4333543,2.223771,0.02414845,-3.001767,0.09399752,0.3948258,-0.04427184,0.912862,11.92159,46.73797,359.6133,0.5606537,0.005176282,-0.8280339,0.0,0.0,0.0,3.536685,-0.5560759,-1.470873,-0.2140108,-0.1549218,2.081883,0.6843051,-0.006602874,-0.7291658,0.1550535,0.9784089,0.1366542,0.7125201,-0.2065728,0.6705541,moving,47.23028,-25.16683,-5.869205,-4.255781,-3.634082097292932,0.5639504182903359,57.068619026095476,5.312775671403851,53.63720499473022
4405,05/05/2023 11:22:56.397112,4587,True,True,True,True,Eyes,2.169305,0.02082195,-3.154045,0.6993548,-0.3039617,0.6469235,0.0,0.0,0.0,0.0,0.0,0.0,0.0,-3.702017,0.04462567,0.4617408,2.226767,0.02355069,-2.993507,0.09605027,0.3902085,-0.04546044,0.9145738,12.19082,46.16034,359.5197,0.5612576,0.005202586,-0.8276246,0.0,0.0,0.0,3.52335,-0.5630892,-1.451409,-0.2129494,-0.1521635,2.082027,0.6913414,-0.00819459,-0.7224819,0.1581131,0.9774154,0.140212,0.705016,-0.2111682,0.6770234,moving,47.23028,-25.16683,-5.839895,-4.179991,-3.634082097292932,0.5639504182903359,57.06917631911771,5.23169100214448,53.6339496473108
4406,05/05/2023 11:22:56.406877,4588,True,True,True,True,Eyes,2.169305,0.02082195,-3.154045,0.6993548,-0.3039617,0.6469235,0.0,0.0,0.0,0.0,0.0,0.0,0.0,-3.693553,0.04456159,0.4879125,2.229908,0.02281454,-2.984857,0.09618572,0.3859209,-0.04596817,0.9163517,12.22552,45.6139,359.4134,0.5618,0.005226222,-0.8272563,0.0,0.0,0.0,3.512575,-0.56208,-1.430719,-0.2119204,-0.1494929,2.082168,0.697904,-0.01000585,-0.7161215,0.1584862,0.9772705,0.1407997,0.6984355,-0.21176,0.6836267,moving,47.23028,-25.16683,-5.811481,-4.106606,-3.634082097292932,0.5639504182903359,57.069794505599,5.153170212397703,53.630839061224485
4407,05/05/2023 11:22:56.427127,4589,True,True,True,True,Eyes,2.169305,0.02082195,-3.154045,0.6993548,-0.3039617,0.6469235,0.0,0.0,0.0,0.0,0.0,0.0,0.0,-3.684934,0.0470781,0.5146862,2.232884,0.02156311,-2.976511,0.09660851,0.3815263,-0.04634447,0.9181269,12.2842,45.05868,359.3325,0.5622876,0.005247477,-0.8269249,0.0,0.0,0.0,3.501115,-0.5625929,-1.410496,-0.2109206,-0.1468969,2.082304,0.7045799,-0.01138284,-0.7095335,0.1588176,0.9770379,0.1420345,0.6916245,-0.212761,0.690209,moving,47.23028,-25.16683,-5.783875,-4.035268,-3.634082097292932,0.5639504182903359,57.07051377834152,5.076851345437518,53.627903863591555
4408,05/05/2023 11:22:56.447120,4590,True,True,True,True,Eyes,2.169305,0.02082195,-3.154045,0.6993548,-0.3039617,0.6469235,0.0,0.0,0.0,0.0,0.0,0.0,0.0,-3.675921,0.04901931,0.5409154,2.235863,0.0204565,-2.967808,0.09742599,0.3771319,-0.04701383,0.9198204,12.39732,44.50499,359.2371,0.5627258,0.005266584,-0.8266266,0.0,0.0,0.0,3.489271,-0.5646565,-1.390462,-0.209857,-0.1441351,2.082449,0.7111225,-0.01300367,-0.702948,0.1599735,0.9765957,0.143768,0.6846265,-0.2146896,0.6965594,moving,47.23028,-25.16683,-5.754505,-3.959369,-3.634082097292932,0.5639504182903359,57.071392514663124,4.995659300453454,53.62486283648954
4409,05/05/2023 11:22:56.464032,4591,True,True,True,True,Eyes,2.169305,0.02082195,-3.154045,0.6993548,-0.3039617,0.6469235,0.0,0.0,0.0,0.0,0.0,0.0,0.0,-3.666646,0.05259621,0.5688249,2.238894,0.01930976,-2.959325,0.09776148,0.372524,-0.04718364,0.921652,12.43654,43.92591,359.1705,0.5631209,0.005283817,-0.8263574,0.0,0.0,0.0,3.477155,-0.5644542,-1.369751,-0.2088621,-0.1415512,2.082583,0.7179993,-0.0141368,-0.6959002,0.1598108,0.9764328,0.14505,0.6774493,-0.2153582,0.7033373,moving,47.23028,-25.16683,-5.727038,-3.888358,-3.634082097292932,0.5639504182903359,57.07233042734376,4.919706765881006,53.6221013496829
4410,05/05/2023 11:22:56.476978,4592,True,True,True,True,Eyes,2.172609,0.02056911,-3.145348,0.6952923,-0.3022452,0.6520863,0.0,0.0,0.0,0.0,0.0,0.0,0.0,-3.656935,0.05568573,0.5963139,2.241892,0.01819003,-2.9505,0.09803426,0.3679238,-0.04738029,0.923459,12.46985,43.34804,359.0981,0.5634768,0.00529936,-0.8261136,0.0,0.0,0.0,3.465022,-0.5638765,-1.348827,-0.2078171,-0.1388381,2.082726,0.7247744,-0.01536924,-0.6888149,0.1596458,0.9762888,0.1461966,0.6702353,-0.2159259,0.7100428,moving,46.83666,-24.86796,-5.698186,-3.813794,-3.673751125725607,0.5892342969498152,56.59671324555227,4.846131936288896,53.232949625893426
4411,05/05/2023 11:22:56.497262,4593,True,True,True,True,Eyes,2.175903,0.02027424,-3.136653,0.6910728,-0.3006265,0.6572992,0.0,0.0,0.0,0.0,0.0,0.0,0.0,-3.647133,0.06352636,0.6247748,2.245149,0.01659628,-2.941936,0.09808072,0.3631281,-0.04678691,0.9253806,12.44505,42.75276,359.0988,0.5639624,0.005307489,-0.8257822,0.0,0.0,0.0,3.452991,-0.562085,-1.32766,-0.2068059,-0.1362109,2.082863,0.731898,-0.01535966,-0.6812412,0.1578231,0.9763823,0.1475447,0.6628856,-0.2155033,0.7170363,moving,46.43483,-24.57776,-5.67027,-3.741588,-3.713466530894939,0.6142874081973755,56.11673110244024,4.7752204544335175,52.836726536762825
4412,05/05/2023 11:22:56.506804,4594,True,True,True,True,Eyes,2.179284,0.01997092,-3.12801,0.6866373,-0.2990415,0.6626488,0.0,0.0,0.0,0.0,0.0,0.0,0.0,-3.636823,0.07648548,0.6541721,2.248493,0.01535795,-2.933311,0.0986434,0.3580945,-0.045658,0.9273367,12.45372,42.13866,359.1765,0.5645651,0.005307835,-0.8253704,0.0,0.0,0.0,3.440391,-0.5610867,-1.306622,-0.2056751,-0.1332756,2.083017,0.7393675,-0.01403337,-0.6731559,0.155328,0.9763696,0.1502515,0.6551405,-0.215651,0.7240757,moving,46.01853,-24.2888,-5.639052,-3.660908,-3.753999476611267,0.6396480267673894,55.62387712529924,4.695551634824128,52.42654340524593
4413,05/05/2023 11:22:56.526841,4595,True,True,True,True,Eyes,2.182683,0.01964327,-3.119355,0.6820611,-0.2973716,0.6681039,0.0,0.0,0.0,0.0,0.0,0.0,0.0,-3.62596,0.08573815,0.6860872,2.252273,0.01486489,-2.924499,0.09876827,0.3527296,-0.04475986,0.9294209,12.42555,41.47868,359.2065,0.5652734,0.005300922,-0.8248856,0.0,0.0,0.0,3.426673,-0.5584831,-1.284192,-0.2047864,-0.1309671,2.083138,0.7471567,-0.0135245,-0.6645102,0.1528785,0.9764828,0.1520183,0.6468269,-0.2151708,0.7316533,moving,45.59227,-23.99374,-5.614518,-3.597456,-3.79545955004304,0.6655740239122423,55.11935720130997,4.634910854497315,52.00653446327199
4414,05/05/2023 11:22:56.547141,4596,True,True,True,True,Eyes,2.186107,0.01928444,-3.11068,0.6773003,-0.2955748,0.6737209,0.0,0.0,0.0,0.0,0.0,0.0,0.0,-3.614817,0.09096849,0.7185438,2.25616,0.01391897,-2.915652,0.09712645,0.3473845,-0.0434777,0.9316654,12.19184,40.81263,359.2067,0.5660781,0.00528681,-0.8243337,0.0,0.0,0.0,3.414248,-0.5485613,-1.260221,-0.2037131,-0.1281804,2.083284,0.7548676,-0.0135329,-0.6557377,0.1484938,0.9773522,0.1507718,0.6388463,-0.2111856,0.7397811,moving,45.1518,-23.68802,-5.58489,-3.52086,-3.838344923729676,0.6924062046560655,54.59785760102406,4.56092444738356,51.57108414875723
4415,05/05/2023 11:22:56.557315,4597,True,True,True,True,Eyes,2.189565,0.0189265,-3.101989,0.6723836,-0.2936783,0.6794508,0.0,0.0,0.0,0.0,0.0,0.0,0.0,-3.603345,0.0987815,0.7517946,2.26039,0.01276063,-2.906806,0.09527991,0.3418543,-0.04168213,0.9339808,11.91601,40.12941,359.2553,0.5669705,0.005265377,-0.8237203,0.0,0.0,0.0,3.401639,-0.5377595,-1.23588,-0.2027342,-0.125637,2.083417,0.7627965,-0.01271692,-0.6465136,0.1430043,0.9783686,0.1494808,0.6306277,-0.2064776,0.7481148,moving,44.70047,-23.3754,-5.557868,-3.450947,-3.8822542397929287,0.7198675082349331,54.063706549509284,4.494816474061904,51.12432393292325
4416,05/05/2023 11:22:56.578209,4598,True,True,True,True,Eyes,2.275264,0.009600462,-2.882481,0.535375,-0.2326499,0.8119407,0.0,0.0,0.0,0.0,0.0,0.0,0.0,-3.591063,0.106296,0.7868974,2.264688,0.01238069,-2.897805,0.09345512,0.3360417,-0.0398294,0.9363524,11.64122,39.41424,359.3109,0.5679431,0.00523734,-0.8230501,0.0,0.0,0.0,3.387989,-0.5260544,-1.211006,-0.2016883,-0.1229222,2.083559,0.7709793,-0.01177907,-0.6367514,0.1373983,0.9793595,0.1482452,0.6218624,-0.2017825,0.7566842,moving,33.39994,-15.98889,-5.529,-3.376322,-4.958559912325448,1.3850205746752464,40.92113440605262,4.795392059784191,39.74325679353553
4417,05/05/2023 11:22:56.597106,4599,True,True,True,True,Eyes,2.275457,0.009554192,-2.882129,0.5350127,-0.2324316,0.8122419,0.0,0.0,0.0,0.0,0.0,0.0,0.0,-3.579263,0.1082141,0.8196846,2.269477,0.01155832,-2.888608,0.09027884,0.3305582,-0.03801698,0.9386883,11.22259,38.73226,359.3173,0.5754324,0.004856336,-0.817834,0.2570965,-0.02797812,0.6585224,3.376314,-0.5095265,-1.185699,-0.2006415,-0.1202044,2.083702,0.7785721,-0.01168737,-0.6274465,0.131057,0.9808089,0.1443537,0.613718,-0.194621,0.7651621,moving,33.37235,-15.96903,-5.500104,-3.301615,-4.961283380295894,1.3867374171471425,40.884362325519284,4.719213498835137,39.70873136616723
4418,05/05/2023 11:22:56.606839,4600,True,True,True,True,Eyes,2.275794,0.009472603,-2.881407,0.534279,-0.232285,0.8127667,0.0,0.0,0.0,0.0,0.0,0.0,0.0,-3.567509,0.1084822,0.8530988,2.274376,0.01039184,-2.879891,0.08776287,0.3249701,-0.0369345,0.9409186,10.90381,38.03789,359.2727,0.5815251,0.004545213,-0.8135148,0.2416707,-0.02629943,0.619011,3.363424,-0.4967363,-1.161504,-0.199626,-0.1175675,2.08384,0.7860605,-0.0124641,-0.6180239,0.1265454,0.9818671,0.1411502,0.605058,-0.1891607,0.7733842,moving,33.31926,-15.94969,-5.472075,-3.229131,-4.965534837825466,1.3890808763068083,40.82377116772416,4.645908293364933,39.65098309038176
4419,05/05/2023 11:22:56.626900,4601,True,True,True,True,Eyes,2.276297,0.009362953,-2.880361,0.5332061,-0.2320473,0.8135387,0.0,0.0,0.0,0.0,0.0,0.0,0.0,-3.555834,0.1082073,0.8842938,2.279191,0.009463734,-2.871034,0.08719689,0.3195414,-0.03710525,0.9428219,10.844,37.36626,359.1692,0.5865062,0.004289547,-0.8099324,0.2271705,-0.02472147,0.5818704,3.349469,-0.4925796,-1.139542,-0.1985847,-0.1148632,2.083982,0.7930329,-0.01424125,-0.6090122,0.1256933,0.9820398,0.1407089,0.5960703,-0.1881356,0.78058,moving,33.24147,-15.91985,-5.443337,-3.154791,-4.971842993907433,1.3925910344792722,40.73648271391051,4.571760051149454,39.56863236423091
4420,05/05/2023 11:22:56.646840,4602,True,True,True,True,Eyes,2.276907,0.009230301,-2.878965,0.531865,-0.2318097,0.8144838,0.0,0.0,0.0,0.0,0.0,0.0,0.0,-3.543844,0.1059048,0.9155651,2.283757,0.008623363,-2.862287,0.08596204,0.3141575,-0.0371598,0.9447405,10.70613,36.69883,359.0552,0.5906011,0.004077844,-0.8069522,0.2135403,-0.02323818,0.5469581,3.335614,-0.4855709,-1.117425,-0.1975557,-0.1121921,2.084121,0.7998483,-0.0162015,-0.5999835,0.124224,0.9824594,0.1390756,0.5872061,-0.1857717,0.7878311,moving,33.14489,-15.88685,-5.414939,-3.081363,-4.979462747595076,1.3967431587766896,40.6305415890117,4.499230415935859,39.46857018067905
4421,05/05/2023 11:22:56.664473,4603,True,True,True,True,Eyes,2.277664,0.009227835,-2.877255,0.5301235,-0.2317266,0.815642,0.0,0.0,0.0,0.0,0.0,0.0,0.0,-3.530964,0.1082726,0.9486077,2.288376,0.007933211,-2.853517,0.08586327,0.3083952,-0.03719618,0.9466449,10.69065,35.99356,358.9817,0.5939897,0.003900908,-0.8044622,0.2007279,-0.02184389,0.5141407,3.319871,-0.4829639,-1.095729,-0.1965604,-0.1096064,2.084257,0.8070177,-0.01746352,-0.5902691,0.1233828,0.9824879,0.1396218,0.5774939,-0.1855063,0.7950398,moving,33.02171,-15.86002,-5.387469,-3.010282,-4.988381492538131,1.401262664376132,40.50161475944737,4.429559477464734,39.34538172553531
4422,05/05/2023 11:22:56.676965,4604,True,True,True,True,Eyes,2.278591,0.009431306,-2.87521,0.5280522,-0.2315763,0.8170272,0.0,0.0,0.0,0.0,0.0,0.0,0.0,-3.516668,0.1076459,0.9841564,2.292798,0.01108225,-2.844303,0.0875684,0.302225,-0.03832478,0.9484319,10.91023,35.2396,358.8466,0.5968159,0.003755434,-0.8023683,0.1886842,-0.02053326,0.4832922,3.30109,-0.4845265,-1.07453,-0.1955225,-0.1069116,2.084398,0.8143824,-0.01976615,-0.5799918,0.1256276,0.9817259,0.1429399,0.5665676,-0.1892707,0.8019836,moving,32.87495,-15.82473,-5.358827,-2.936205,-4.999181721669615,1.4068164134877712,40.34768618348955,4.357887071074543,39.198957438217136
4423,05/05/2023 11:22:56.696919,4605,True,True,True,True,Eyes,2.279677,0.009572523,-2.872876,0.5258301,-0.230721,0.8187005,0.0,0.0,0.0,0.0,0.0,0.0,0.0,-3.502965,0.08578297,1.019529,2.298347,0.01616513,-2.83459,0.08397639,0.2963957,-0.03908547,0.950563,10.53401,34.50428,358.5705,0.5992698,0.003637116,-0.8005379,0.1773631,-0.01930126,0.4542947,3.286674,-0.4624755,-1.049069,-0.1944399,-0.1041008,2.084546,0.8212438,-0.02452592,-0.57005,0.1240869,0.9828406,0.1364802,0.556921,-0.1828192,0.8101951,moving,32.71159,-15.73857,-5.328953,-2.858937,-5.013660213488794,1.415382977264272,40.161771100756226,4.285932898362555,39.02796455991447
4424,05/05/2023 11:22:56.706888,4606,True,True,True,True,Eyes,2.280864,0.009728044,-2.870327,0.5232166,-0.2305072,0.8204333,0.0,0.0,0.0,0.0,0.0,0.0,0.0,-3.491413,0.06699333,1.045887,2.303341,0.01465429,-2.825373,0.07520364,0.2919046,-0.03681625,0.9527754,9.485498,33.94076,358.4749,0.6015236,0.003534536,-0.7988462,0.1667213,-0.01814318,0.427037,3.279821,-0.4239613,-1.023227,-0.1934642,-0.1015673,2.084679,0.8268726,-0.02625066,-0.5617763,0.1140598,0.9859779,0.1218107,0.5507015,-0.164798,0.8182723,moving,32.52696,-15.69313,-5.302026,-2.789294,-5.027302035239221,1.422422911987724,39.9692527488705,4.220667317325223,38.84539360661248
4425,05/05/2023 11:22:56.731897,4607,True,True,True,True,Eyes,2.282203,0.01006792,-2.867475,0.5202879,-0.2303716,0.8223317,0.0,0.0,0.0,0.0,0.0,0.0,0.0,-3.476629,0.09027991,1.079774,2.306944,0.01527649,-2.817586,0.08148714,0.2856347,-0.03749759,0.9541314,10.19042,33.20203,358.5443,0.6036028,0.003446524,-0.7972769,0.1567181,-0.01705459,0.4014148,3.258401,-0.4460455,-1.007838,-0.1924288,-0.09887823,2.08482,0.8340135,-0.02500415,-0.5511772,0.1181064,0.9839076,0.1340777,0.5389549,-0.1769201,0.8235453,moving,32.32146,-15.64992,-5.273457,-2.715373,-5.042099851548098,1.4298839015685765,39.75777018812924,4.15170819183402,38.64401069236799
4426,05/05/2023 11:22:56.746809,4608,True,True,True,True,Eyes,2.283671,0.01045044,-2.864359,0.517197,-0.2296218,0.8244883,0.0,0.0,0.0,0.0,0.0,0.0,0.0,-3.462226,0.08392823,1.110849,2.312057,0.02004974,-2.807496,0.08222111,0.279908,-0.03858433,0.955721,10.2976,32.50261,358.3854,0.6055317,0.003376676,-0.7958133,0.147315,-0.01603132,0.3773299,3.242009,-0.4419077,-0.9868583,-0.1913736,-0.09613898,2.084963,0.8403255,-0.02772299,-0.5413727,0.1197804,0.9835019,0.1355608,0.528683,-0.178761,0.8297824,moving,32.09982,-15.56263,-5.244345,-2.640075,-5.060192046677626,1.440000527937998,39.51682030825924,4.084229257019724,38.4195323479885
4427,05/05/2023 11:22:56.764311,4609,True,True,True,True,Eyes,2.2852,0.01088905,-2.861026,0.5137749,-0.2291754,0.826749,0.0,0.0,0.0,0.0,0.0,0.0,0.0,-3.448946,0.05363986,1.138397,2.316333,0.0213271,-2.797892,0.07355824,0.2752837,-0.03776802,0.9578005,9.305705,31.92008,358.1505,0.6073318,0.003324352,-0.7944406,0.1384761,-0.01506944,0.3546901,3.2328,-0.4019489,-0.9611705,-0.1903386,-0.09345046,2.085104,0.8455849,-0.03184969,-0.5328901,0.1128472,0.9863255,0.1201144,0.5217775,-0.1617021,0.8376161,moving,31.85847,-15.49341,-5.215787,-2.566173,-5.07853939624197,1.4497027441032229,39.26339247385812,4.01822036439192,38.18060413827927
4428,05/05/2023 11:22:56.777018,4610,True,True,True,True,Eyes,2.286871,0.01149475,-2.857409,0.5101116,-0.2286334,0.8291639,0.0,0.0,0.0,0.0,0.0,0.0,0.0,-3.433322,0.05462492,1.170495,2.319434,0.02316531,-2.789343,0.07677805,0.269478,-0.03987986,0.9591123,9.716372,31.21355,357.9581,0.6090196,0.00328937,-0.7931476,0.1301675,-0.01416527,0.3334087,3.212649,-0.4115446,-0.9439389,-0.1893135,-0.09078887,2.085243,0.8515825,-0.03511854,-0.523043,0.1178785,0.9850295,0.1257841,0.5107955,-0.168771,0.8429735,moving,31.60033,-15.41565,-5.187507,-2.493012,-5.098358301595745,1.4602693778178013,38.99153143975769,3.954286426478004,37.9247816047546
4429,05/05/2023 11:22:56.797108,4611,True,True,True,True,Eyes,2.288601,0.01215914,-2.853551,0.5063215,-0.2274794,0.8318003,0.0,0.0,0.0,0.0,0.0,0.0,0.0,-3.418792,0.03023836,1.196622,2.3238,0.02777393,-2.778515,0.07395311,0.2645888,-0.04148748,0.9606261,9.441288,30.60402,357.6427,0.6106138,0.003274566,-0.791921,0.1223575,-0.01331536,0.3134042,3.199396,-0.3934121,-0.9216465,-0.188243,-0.08800876,2.085389,0.8565431,-0.04057359,-0.514478,0.1188422,0.9856194,0.1201283,0.5022054,-0.1640368,0.8490474,moving,31.32911,-15.29517,-5.157973,-2.416595,-5.121213686443036,1.4733440989804945,38.693215424406304,3.8901127799731414,37.648310745288455
4430,05/05/2023 11:22:56.816930,4612,True,True,True,True,Eyes,2.290345,0.01277984,-2.849462,0.5023554,-0.2263933,0.834497,0.0,0.0,0.0,0.0,0.0,0.0,0.0,-3.403899,-0.0008097589,1.223173,2.32703,0.02970655,-2.768886,0.06587098,0.2599503,-0.04103136,0.9624986,8.518784,30.0344,357.4072,0.6121274,0.003279566,-0.7907516,0.115016,-0.01251643,0.2945999,3.18844,-0.3551176,-0.8976194,-0.1871954,-0.08528903,2.085531,0.8614846,-0.04473889,-0.5058091,0.1132316,0.9879549,0.1054692,0.4949979,-0.1481337,0.8561738,moving,31.04735,-15.17861,-5.129072,-2.34184,-5.14450647704993,1.486489350566655,38.386406093238065,3.828360463630862,37.362929355321256
4431,05/05/2023 11:22:56.828694,4613,True,True,True,True,Eyes,2.292113,0.01334333,-2.845133,0.4981011,-0.22526,0.8373489,0.0,0.0,0.0,0.0,0.0,0.0,0.0,-3.386745,0.001603097,1.253869,2.329511,0.02927598,-2.759485,0.06563945,0.2542395,-0.04087737,0.9640451,8.473042,29.35244,357.3669,0.6135722,0.003301226,-0.7896309,0.1081151,-0.01176545,0.2769239,3.169881,-0.3513686,-0.8778868,-0.1862321,-0.08278692,2.085662,0.8673826,-0.04543897,-0.495563,0.1121915,0.988041,0.1057735,0.4848303,-0.1473441,0.8621075,moving,30.7465,-15.057,-5.102501,-2.273068,-5.169228207266353,1.5003803928773654,38.06021269092732,3.7740383270309192,37.05921448504586
4432,05/05/2023 11:22:56.847091,4614,True,True,True,True,Eyes,2.293817,0.01383429,-2.840551,0.4936244,-0.2241646,0.8402888,0.0,0.0,0.0,0.0,0.0,0.0,0.0,-3.367075,0.008494079,1.288756,2.331943,0.02844614,-2.749434,0.06476488,0.2477744,-0.03963047,0.9658379,8.322432,28.58916,357.4247,0.6149593,0.003336357,-0.7885511,0.1016282,-0.01105952,0.2603085,3.148985,-0.3443593,-0.8560928,-0.1851796,-0.08005437,2.085806,0.8740745,-0.04445905,-0.4837532,0.1086474,0.9884699,0.1054659,0.4734865,-0.1447436,0.8688267,moving,30.43194,-14.93699,-5.073466,-2.197965,-5.194702260051123,1.5145411658582562,37.721566950160764,3.7144851947863184,36.74285597511798
4433,05/05/2023 11:22:56.864644,4615,True,True,True,True,Eyes,2.295513,0.01430023,-2.835763,0.4886972,-0.2233167,0.8433887,0.0,0.0,0.0,0.0,0.0,0.0,0.0,-3.343831,0.01679605,1.330874,2.333776,0.0271465,-2.73961,0.06365164,0.2402646,-0.03814327,0.967867,8.137061,27.7046,357.496,0.6162966,0.003381671,-0.7875061,0.09553047,-0.01039595,0.24469,3.123422,-0.3365428,-0.8329776,-0.1841007,-0.07725321,2.085952,0.881636,-0.04324876,-0.4699441,0.1044217,0.9889871,0.1048837,0.4602325,-0.1415416,0.8764428,moving,30.08992,-14.83072,-5.043708,-2.120979,-5.221131051028255,1.528706270732476,37.36187003790717,3.653995281118705,36.4042310528058
4434,05/05/2023 11:22:56.880114,4616,True,True,True,True,Eyes,2.297199,0.0148261,-2.83075,0.4834432,-0.222553,0.8466126,0.0,0.0,0.0,0.0,0.0,0.0,0.0,-3.31736,0.0339312,1.378782,2.335422,0.02705466,-2.729861,0.06641199,0.2317075,-0.03780799,0.9697792,8.414346,26.69391,357.5345,0.6175919,0.003435492,-0.7864905,0.08979864,-0.009772194,0.2300086,3.091705,-0.344325,-0.8112713,-0.1831518,-0.07478936,2.086082,0.8897643,-0.04255449,-0.4544321,0.1041071,0.9883201,0.1112891,0.4443885,-0.1463307,0.8838022,moving,29.72776,-14.72838,-5.017536,-2.053266,-5.248582225854413,1.5431872583529955,36.98505250828518,3.6038671448874813,36.04852011829917
4435,05/05/2023 11:22:56.897321,4617,True,True,True,True,Eyes,2.29888,0.0153445,-2.825532,0.4778804,-0.2214724,0.8500472,0.0,0.0,0.0,0.0,0.0,0.0,0.0,-3.289819,0.03729576,1.426916,2.33737,0.02903622,-2.719605,0.06597855,0.2231554,-0.03716199,0.9718373,8.327238,25.68397,357.5218,0.618852,0.003498641,-0.785499,0.08441073,-0.009185862,0.2162081,3.061214,-0.336587,-0.7874929,-0.1821168,-0.07210125,2.086222,0.8976412,-0.04278388,-0.4386453,0.1016778,0.9885316,0.111655,0.4288377,-0.1448266,0.891697,moving,29.34387,-14.60326,-4.988989,-1.979393,-5.278552490388639,1.55938354677479,36.58014796508579,3.5506036758513844,35.667727442587285
4436,05/05/2023 11:22:56.906904,4618,True,True,True,True,Eyes,2.300544,0.01578241,-2.820143,0.4719203,-0.2203402,0.8536636,0.0,0.0,0.0,0.0,0.0,0.0,0.0,-3.263709,0.03134474,1.469908,2.339044,0.0292987,-2.709505,0.06178196,0.2154528,-0.03554522,0.9739096,7.796595,24.78066,357.5349,0.620084,0.003570057,-0.7845265,0.07934608,-0.00863471,0.2032356,3.035037,-0.3146128,-0.7632698,-0.1810381,-0.06930034,2.086369,0.9046332,-0.04261347,-0.4240553,0.09585786,0.9898391,0.1050234,0.415271,-0.1356567,0.8995262,moving,28.93459,-14.47281,-4.959239,-1.902424,-5.310350603652574,1.5765012153842042,36.14977522018964,3.496598348746323,35.26244753306341
4437,05/05/2023 11:22:56.926966,4619,True,True,True,True,Eyes,2.302165,0.01620019,-2.814579,0.4655457,-0.2195521,0.8573588,0.0,0.0,0.0,0.0,0.0,0.0,0.0,-3.236578,0.04721119,1.512345,2.339958,0.02787248,-2.699754,0.063256,0.2075084,-0.03464356,0.975571,7.920508,23.85059,357.6078,0.6212928,0.003646734,-0.7835693,0.07458532,-0.008116627,0.1910414,3.005209,-0.3182623,-0.7432258,-0.1800579,-0.06675501,2.086502,0.9114801,-0.0413422,-0.4092613,0.09384682,0.989597,0.1090438,0.4004956,-0.1377991,0.9058778,moving,28.50195,-14.36362,-4.932207,-1.832481,-5.342459312847911,1.5931356817153528,35.7053539253985,3.4500951595924954,34.84112967380225
4438,05/05/2023 11:22:56.947198,4620,True,True,True,True,Eyes,2.303743,0.01661952,-2.808853,0.4588414,-0.2186189,0.8612029,0.0,0.0,0.0,0.0,0.0,0.0,0.0,-3.206789,0.06867312,1.558024,2.340697,0.02787055,-2.689985,0.06717676,0.1988848,-0.03443605,0.9771112,8.335887,22.83876,357.6497,0.6224821,0.003727629,-0.7826245,0.0701102,-0.00762963,0.1795789,2.971579,-0.3307364,-0.7243741,-0.1790304,-0.06408855,2.086642,0.9185181,-0.04057484,-0.3932917,0.09401658,0.9886029,0.1175807,0.3840384,-0.1449759,0.9118643,moving,28.0483,-14.24383,-4.903871,-1.759214,-5.3764049086910655,1.610847431083299,35.23792289963608,3.4030284077771182,34.39827604022109
4439,05/05/2023 11:22:56.956953,4621,True,True,True,True,Eyes,2.305265,0.01702198,-2.802966,0.4517788,-0.2178688,0.8651179,0.0,0.0,0.0,0.0,0.0,0.0,0.0,-3.175846,0.07977292,1.604235,2.341197,0.02851884,-2.680283,0.06893019,0.1902482,-0.03432023,0.9787117,8.510131,21.82408,357.6269,0.6236554,0.003812382,-0.7816895,0.06590359,-0.007171852,0.1688042,2.937957,-0.3337769,-0.7047473,-0.1780362,-0.06150569,2.086778,0.9252555,-0.04095153,-0.3771275,0.0934069,0.9881415,0.1218668,0.3676648,-0.1479843,0.9181085,moving,27.5743,-14.13527,-4.876455,-1.688247,-5.411003141240891,1.628509101441657,34.7560049722714,3.35955543960128,33.940025060067356
4440,05/05/2023 11:22:56.977012,4622,True,True,True,True,Eyes,2.306738,0.01747334,-2.796933,0.4445453,-0.2171133,0.8690462,0.0,0.0,0.0,0.0,0.0,0.0,0.0,-3.14531,0.09098297,1.647382,2.341521,0.02854273,-2.670503,0.07084471,0.1819603,-0.03439993,0.9801471,8.707795,20.8501,357.585,0.6248158,0.00390021,-0.7807618,0.06194937,-0.006741541,0.158676,2.905501,-0.3379153,-0.6861535,-0.1769184,-0.05860269,2.08693,0.9314142,-0.04165213,-0.3615698,0.09321582,0.9875954,0.1263576,0.3518215,-0.1513953,0.9237429,moving,27.09122,-14.02705,-4.845636,-1.60849,-5.446137343598768,1.646386020050419,34.26635964963795,3.3098066060667626,33.47389569546767
4441,05/05/2023 11:22:56.997270,4623,True,True,True,True,Eyes,2.308152,0.01794118,-2.79074,0.4370639,-0.2162637,0.8730437,0.0,0.0,0.0,0.0,0.0,0.0,0.0,-3.114271,0.1036911,1.689477,2.341544,0.03006908,-2.660833,0.0735159,0.1737432,-0.03455764,0.981435,8.992805,19.88511,357.5463,0.6259656,0.003992159,-0.7798399,0.05823241,-0.006337048,0.1491554,2.872518,-0.3441475,-0.6688596,-0.1759818,-0.05617064,2.087057,0.9372382,-0.04228637,-0.3461165,0.09337793,0.9868024,0.1322938,0.3359543,-0.1563105,0.9288174,moving,26.59351,-13.91281,-4.819811,-1.541675,-5.482479303682419,1.6649438488909918,33.76154198844102,3.2743753179451383,32.99357707112096
4442,05/05/2023 11:22:57.006889,4624,True,True,True,True,Eyes,2.309494,0.01836655,-2.784416,0.4295366,-0.2150676,0.8770658,0.0,0.0,0.0,0.0,0.0,0.0,0.0,-3.085492,0.1029056,1.7264,2.341677,0.03090294,-2.650831,0.07205803,0.166453,-0.03388576,0.982829,8.796311,19.03479,357.5283,0.6271077,0.004088377,-0.7789212,0.05473846,-0.005956825,0.1402061,2.844811,-0.3333923,-0.6498312,-0.1748535,-0.05324164,2.087211,0.9422903,-0.04261926,-0.3320732,0.09059637,0.9873188,0.1303607,0.3223063,-0.1529222,0.9342021,moving,26.09297,-13.77779,-4.788701,-1.461213,-5.520082836551707,1.6846312026970676,33.24719044895628,3.229745367436959,32.50544436136285
4443,05/05/2023 11:22:57.026936,4625,True,True,True,True,Eyes,2.310747,0.01876685,-2.777967,0.421754,-0.2140643,0.8810789,0.0,0.0,0.0,0.0,0.0,0.0,0.0,-3.056764,0.1100729,1.761208,2.341072,0.0302959,-2.641257,0.07191121,0.1593726,-0.03306103,0.9840407,8.746624,18.21225,357.5561,0.6282433,0.004187274,-0.7780051,0.05145415,-0.005599416,0.1317937,2.816684,-0.32996,-0.632821,-0.1739177,-0.05081102,2.087338,0.9470147,-0.04214546,-0.3184131,0.08798816,0.9874715,0.1309891,0.3089033,-0.1520652,0.9388583,moving,25.57946,-13.65582,-4.762902,-1.394447,-5.557793524633132,1.703986891194957,32.726139393215526,3.1987724386143985,32.009474761922476
4444,05/05/2023 11:22:57.046793,4626,True,True,True,True,Eyes,2.311897,0.01915244,-2.77138,0.4140107,-0.2127814,0.8850533,0.0,0.0,0.0,0.0,0.0,0.0,0.0,-3.027229,0.1261676,1.795633,2.340319,0.03012527,-2.631793,0.07391449,0.1521313,-0.03228522,0.9850636,8.942556,17.37201,357.6145,0.6293734,0.004287932,-0.7770907,0.0483669,-0.005263451,0.1238861,2.78737,-0.3347029,-0.617639,-0.1728641,-0.04807463,2.087481,0.9516276,-0.04111658,-0.3044906,0.08609541,0.9869886,0.1357978,0.2949453,-0.1554441,0.9427854,moving,25.06928,-13.51829,-4.733859,-1.319287,-5.596116535266831,1.724048810335537,32.20314842445269,3.1631283425740238,31.512513138770984
4445,05/05/2023 11:22:57.057341,4627,True,True,True,True,Eyes,2.31295,0.01948155,-2.764681,0.4060741,-0.2116243,0.8889989,0.0,0.0,0.0,0.0,0.0,0.0,0.0,-2.997806,0.1339552,1.828531,2.33935,0.03011928,-2.621993,0.07386633,0.1451712,-0.03127918,0.9861495,8.903352,16.56696,357.6653,0.6304985,0.004389798,-0.7761775,0.04546489,-0.004947644,0.1164529,2.7594,-0.3308856,-0.6013535,-0.171837,-0.04540768,2.087621,0.9558939,-0.04024537,-0.290942,0.08313844,0.9871308,0.1366048,0.2817001,-0.1547682,0.9469382,moving,24.54982,-13.38993,-4.705544,-1.24604,-5.634524979332211,1.7438819310781408,31.675706576248555,3.1309166092221417,31.010115047791373
4446,05/05/2023 11:22:57.077123,4628,True,True,True,True,Eyes,2.31387,0.01975608,-2.757867,0.3982519,-0.2104711,0.8928031,0.0,0.0,0.0,0.0,0.0,0.0,0.0,-2.969652,0.1493751,1.858083,2.338169,0.029111,-2.612611,0.07500964,0.1386131,-0.029988,0.9870465,8.997388,15.81244,357.7716,0.63162,0.004491306,-0.7752646,0.042737,-0.004650785,0.1094657,2.732704,-0.3330145,-0.5870355,-0.1708092,-0.04273945,2.087761,0.9597743,-0.03840448,-0.2781338,0.07999374,0.9869486,0.1397625,0.2691363,-0.1563894,0.9503199,moving,24.04018,-13.26483,-4.677212,-1.172763,-5.672163663872048,1.763297725226035,31.15937559730864,3.100061514818148,30.517886931716856
4447,05/05/2023 11:22:57.096900,4629,True,True,True,True,Eyes,2.314692,0.0199769,-2.750965,0.3902702,-0.2095316,0.8965409,0.0,0.0,0.0,0.0,0.0,0.0,0.0,-2.942258,0.1778876,1.884032,2.336776,0.0280741,-2.603227,0.07811449,0.1323473,-0.0278623,0.9877278,9.304811,15.10099,358.0044,0.6327375,0.004590984,-0.7743522,0.04017277,-0.004371738,0.1028978,2.70699,-0.3431282,-0.5747033,-0.1697536,-0.03999966,2.087904,0.9634157,-0.03436426,-0.2657992,0.07571723,0.9862436,0.1469367,0.2570934,-0.1616867,0.9527646,moving,23.52381,-13.15455,-4.648116,-1.097527,-5.70943617074804,1.7821320071862317,30.64358363788421,3.0690123008071244,30.024720922501988
4448,05/05/2023 11:22:57.107031,4630,True,True,True,True,Eyes,2.31539,0.02016192,-2.743963,0.3822767,-0.2084949,0.9002191,0.0,0.0,0.0,0.0,0.0,0.0,0.0,-2.914396,0.2102245,1.909557,2.335335,0.02705735,-2.594183,0.08057803,0.1260925,-0.02445156,0.9884382,9.523907,14.40399,358.3721,0.6338513,0.004687579,-0.7734402,0.03776241,-0.004109434,0.09672392,2.681862,-0.3505192,-0.5626451,-0.1687324,-0.03734773,2.088043,0.9670056,-0.02801713,-0.2532098,0.06865827,0.9858186,0.1531265,0.2453287,-0.1654591,0.9552157,moving,23.00843,-13.04005,-4.619968,-1.02471,-5.7468694459499226,1.8011555997511204,30.128006428604003,3.042272712420894,29.53182630709216
4449,05/05/2023 11:22:57.126995,4631,True,True,True,True,Eyes,2.31599,0.02032267,-2.736871,0.3741204,-0.2075811,0.9038495,0.0,0.0,0.0,0.0,0.0,0.0,0.0,-2.88554,0.2403113,1.934966,2.333622,0.02638511,-2.584898,0.08277201,0.1197804,-0.02113828,0.9891182,9.718434,13.70091,358.7217,0.6349604,0.004780376,-0.7725294,0.0,0.0,0.0,2.656213,-0.3566501,-0.5504324,-0.167725,-0.03473169,2.08818,0.9704117,-0.02198759,-0.2404532,0.06164544,0.985404,0.1586787,0.2334545,-0.1688065,0.9576029,moving,22.48559,-12.93445,-4.592204,-0.952885,-5.784291302431191,1.8199175172605264,29.61021492248344,3.018195808151616,29.03586813284005
4450,05/05/2023 11:22:57.147064,4632,True,True,True,True,Eyes,2.316474,0.02045765,-2.729666,0.3655232,-0.2065123,0.9076043,0.0,0.0,0.0,0.0,0.0,0.0,0.0,-2.856388,0.2606779,1.960991,2.331965,0.02599229,-2.575588,0.0839961,0.1134504,-0.01875474,0.989809,9.818966,12.98699,358.9493,0.6360661,0.004869199,-0.7716187,0.0,0.0,0.0,2.630341,-0.3586437,-0.5377154,-0.1666685,-0.03198755,2.088324,0.9735545,-0.01806844,-0.2277392,0.05618601,0.9851858,0.1620248,0.2214379,-0.1705357,0.9601473,moving,21.93633,-12.81859,-4.563086,-0.8775497,-5.823862182780395,1.8398779754427248,29.06557227696163,2.9956584842615746,28.514251698151426
4451,05/05/2023 11:22:57.166904,4633,True,True,True,True,Eyes,2.316852,0.02054032,-2.722351,0.3568492,-0.2052991,0.9113237,0.0,0.0,0.0,0.0,0.0,0.0,0.0,-2.827851,0.2668537,1.986169,2.330048,0.0254445,-2.565746,0.0826972,0.1074426,-0.01684278,0.9906228,9.640329,12.30371,359.0934,0.6371685,0.004953748,-0.7707081,0.0,0.0,0.0,2.605577,-0.3506173,-0.5230421,-0.165642,-0.02932361,2.088464,0.9763448,-0.01559929,-0.2156558,0.05114008,0.985755,0.1602242,0.2100844,-0.1674627,0.9632345,moving,21.38394,-12.69542,-4.534798,-0.8044232,-5.864007040271864,1.8602904432079648,28.51625474023989,2.977834023756045,27.988264311697655
4452,05/05/2023 11:22:57.177093,4634,True,True,True,True,Eyes,2.317171,0.02054971,-2.714948,0.3477684,-0.2039104,0.9151381,0.0,0.0,0.0,0.0,0.0,0.0,0.0,-2.801282,0.2661674,2.00847,2.327979,0.02423643,-2.55576,0.08043019,0.1019891,-0.01543946,0.9914085,9.359449,11.67951,359.175,0.6382676,0.005032999,-0.7697977,0.0,0.0,0.0,2.582914,-0.3391234,-0.5080633,-0.1645102,-0.02638403,2.088618,0.9787197,-0.01420762,-0.2047094,0.04701964,0.9865853,0.1563291,0.1997422,-0.1626277,0.9662584,moving,20.80766,-12.5614,-4.50361,-0.7237384,-5.906177536251047,1.8818666694344204,27.942630892044054,2.959117008772665,27.438919376582096
4453,05/05/2023 11:22:57.197263,4635,True,True,True,True,Eyes,2.317366,0.02046134,-2.707474,0.3386913,-0.2024366,0.9188622,0.0,0.0,0.0,0.0,0.0,0.0,0.0,-2.776653,0.2632904,2.027742,2.325549,0.02239968,-2.546013,0.0784178,0.09707052,-0.0147462,0.9920739,9.117249,11.11182,359.1856,0.6393641,0.005105453,-0.7688867,0.0,0.0,0.0,2.561609,-0.3297461,-0.4940718,-0.1635034,-0.02376878,2.088754,0.9807197,-0.01403453,-0.194915,0.04448275,0.9872664,0.1527297,0.1902895,-0.1584553,0.9688559,moving,20.23381,-12.42448,-4.47587,-0.6519638,-5.948351800906456,1.9035281807097024,27.370795081284403,2.9493629680784155,26.8910913009707
4454,05/05/2023 11:22:57.207139,4636,True,True,True,True,Eyes,2.317417,0.02027767,-2.699934,0.329423,-0.200968,0.9225467,0.0,0.0,0.0,0.0,0.0,0.0,0.0,-2.754025,0.2599446,2.044379,2.322879,0.01993452,-2.536838,0.07674154,0.092657,-0.01452719,0.9926302,8.919348,10.59951,359.1521,0.6404577,0.005169086,-0.7679756,0.0,0.0,0.0,2.541928,-0.3224405,-0.4813285,-0.1624898,-0.02113807,2.088892,0.9824073,-0.01461897,-0.1861779,0.04306153,0.9877994,0.1496598,0.1817186,-0.155044,0.9710508,moving,19.65063,-12.28934,-4.44794,-0.5797718,-5.991001819916986,1.9253380922424796,26.792817385921758,2.9422126626565674,26.336726463136205
4455,05/05/2023 11:22:57.226834,4637,True,True,True,True,Eyes,2.317337,0.02003456,-2.692333,0.3202142,-0.1996212,0.9260746,0.0,0.0,0.0,0.0,0.0,0.0,0.0,-2.732448,0.2651671,2.057683,2.319681,0.01740094,-2.52773,0.07706893,0.08860631,-0.01441165,0.9929762,8.952127,10.1304,359.132,0.6415471,0.005222103,-0.7670654,0.0,0.0,0.0,2.522889,-0.3237539,-0.4703591,-0.1615638,-0.01873222,2.089019,0.9838824,-0.01496327,-0.1781893,0.04227844,0.9877053,0.1505013,0.1737465,-0.1556091,0.9724186,moving,19.07415,-12.16434,-4.422429,-0.5137572,-6.032711822608797,1.9464606068077568,26.22642377989986,2.940354132706284,25.792651469986982
4456,05/05/2023 11:22:57.246726,4638,True,True,True,True,Eyes,2.317113,0.01975086,-2.684662,0.311032,-0.1981464,0.9295144,0.0,0.0,0.0,0.0,0.0,0.0,0.0,-2.712653,0.2722324,2.068206,2.316519,0.01574621,-2.518644,0.07801784,0.08497894,-0.01428261,0.9932209,9.056326,9.711074,359.1232,0.6426321,0.005263912,-0.7661564,0.0,0.0,0.0,2.50573,-0.3264762,-0.4600767,-0.1605129,-0.0160042,2.089161,0.9851491,-0.01511183,-0.1710343,0.04163132,0.9874185,0.1525504,0.1665771,-0.1574053,0.9733835,moving,18.50116,-12.03373,-4.393476,-0.4389108,-6.0745029617762505,1.9677791128725304,25.66328486092894,2.935644389727932,25.251583987811248
4457,05/05/2023 11:22:57.256847,4639,True,True,True,True,Eyes,2.316747,0.01939719,-2.67693,0.3020547,-0.1966866,0.9327794,0.0,0.0,0.0,0.0,0.0,0.0,0.0,-2.696642,0.2698835,2.074188,2.313005,0.01443615,-2.509336,0.07770756,0.08233187,-0.01471437,0.993462,9.022476,9.399716,359.0462,0.6437118,0.005294492,-0.7652492,0.0,0.0,0.0,2.49224,-0.3236585,-0.4491499,-0.1594457,-0.01323247,2.089307,0.9860099,-0.01644071,-0.165874,0.04203194,0.9874901,0.1519761,0.1613003,-0.1568219,0.9743659,moving,17.94311,-11.90701,-4.364077,-0.3628737,-6.115179058590876,1.9885171193241096,25.11727841080611,2.9317907846234372,24.726557023058596
4458,05/05/2023 11:22:57.286832,4640,True,True,True,True,Eyes,2.31625,0.01904457,-2.669165,0.2931554,-0.1953702,0.9358901,0.0,0.0,0.0,0.0,0.0,0.0,0.0,-2.684681,0.2674946,2.074748,2.309277,0.01239421,-2.500146,0.07735078,0.08068776,-0.01517218,0.9936178,8.984232,9.204627,358.9751,0.6447856,0.005312985,-0.7643445,0.0,0.0,0.0,2.482615,-0.3216662,-0.4387534,-0.1584707,-0.01070091,2.089439,0.9865186,-0.01766817,-0.1626927,0.04263321,0.9875733,0.1512658,0.1579984,-0.1561626,0.9750127,moving,17.39249,-11.79135,-4.337217,-0.2934336,-6.15482240411726,2.008502234118052,24.584186947044596,2.9330185798035853,24.213224052169473
4459,05/05/2023 11:22:57.297274,4641,True,True,True,True,Eyes,2.315602,0.01866054,-2.661321,0.284494,-0.1939413,0.9388556,0.0,0.0,0.0,0.0,0.0,0.0,0.0,-2.675977,0.2774819,2.069871,2.305277,0.01207469,-2.491539,0.07983225,0.07984597,-0.01535299,0.9934867,9.269375,9.106329,358.9691,0.6458527,0.005320614,-0.763443,0.0,0.0,0.0,2.475945,-0.3296743,-0.4311338,-0.1574576,-0.00807029,2.089577,0.9867778,-0.01775741,-0.1611032,0.04325454,0.9867822,0.1561728,0.1562005,-0.1610763,0.9745029,moving,16.85797,-11.67154,-4.309311,-0.2212846,-6.193701293665603,2.0282861237405605,24.065787617657357,2.934534923965255,23.713984212388038
4460,05/05/2023 11:22:57.307090,4642,True,True,True,True,Eyes,2.314807,0.01823926,-2.653438,0.2759221,-0.1923801,0.9417308,0.0,0.0,0.0,0.0,0.0,0.0,0.0,-2.665123,0.2696244,2.068485,2.301025,0.01090374,-2.481809,0.07793029,0.07864689,-0.01527044,0.9937347,9.049399,8.967156,358.9503,0.6469128,0.005317563,-0.762545,0.0,0.0,0.0,2.468307,-0.3196766,-0.4192367,-0.15619,-0.004778028,2.08975,0.9871629,-0.01809158,-0.1586883,0.04260748,0.9873874,0.1524821,0.1539282,-0.157286,0.975483,moving,16.3303,-11.54573,-4.274396,-0.1310015,-6.232476831811457,2.0481997922203465,23.55524408663872,2.9296755478930216,23.222244584346218
4461,05/05/2023 11:22:57.327060,4643,True,True,True,True,Eyes,2.313849,0.01781872,-2.645506,0.2675613,-0.1908659,0.9444475,0.0,0.0,0.0,0.0,0.0,0.0,0.0,-2.655414,0.2600949,2.066212,2.296231,0.00953449,-2.472921,0.07642689,0.07776855,-0.01593906,0.9939099,8.882118,8.858821,358.8519,0.6479647,0.005303826,-0.7616515,0.0,0.0,0.0,2.460694,-0.3126614,-0.4087481,-0.1553606,-0.002624542,2.089862,0.987396,-0.01979676,-0.1570262,0.0435712,0.9878097,0.1494438,0.1521535,-0.154402,0.976222,moving,15.81739,-11.42517,-4.251554,-0.07195453,-6.270077035248711,2.067468389836588,23.05771052779055,2.941354394450248,22.742573094386863
4462,05/05/2023 11:22:57.346902,4644,True,True,True,True,Eyes,2.312749,0.01738864,-2.637509,0.259118,-0.1889982,0.9471734,0.0,0.0,0.0,0.0,0.0,0.0,0.0,-2.644235,0.253404,2.06513,2.291388,0.009127816,-2.463821,0.0764268,0.07650965,-0.01725829,0.9939857,8.892157,8.701065,358.6884,0.6490074,0.005280476,-0.7607633,0.0,0.0,0.0,2.451323,-0.3104171,-0.3988171,-0.1543393,2.735853e-05,2.090002,0.9876968,-0.02261422,-0.154737,0.04600376,0.9877222,0.1492934,0.149461,-0.1545751,0.9766104,moving,15.30004,-11.28454,-4.223426,0.000750013,-6.308999797654957,2.087871628731393,22.55046552359116,2.9505414256231246,22.25372461737708
4463,05/05/2023 11:22:57.357291,4645,True,True,True,True,Eyes,2.311469,0.01692186,-2.629474,0.2508356,-0.1869133,0.9498131,0.0,0.0,0.0,0.0,0.0,0.0,0.0,-2.631487,0.2233397,2.067592,2.28615,0.008369965,-2.454178,0.07121395,0.0750635,-0.01862429,0.9944583,8.304541,8.522416,358.474,0.650041,0.005248171,-0.7598805,0.0,0.0,0.0,2.44134,-0.2867316,-0.3851099,-0.1532798,0.002778888,2.090146,0.9880372,-0.02635102,-0.1519477,0.0477333,0.9891634,0.1388426,0.1466424,-0.1444346,0.9785881,moving,14.79347,-11.13295,-4.194249,0.07617575,-6.347839446503144,2.1085563048359823,22.049443822969188,2.9611691155597697,21.77078931535264
4464,05/05/2023 11:22:57.377235,4646,True,True,True,True,Eyes,2.310047,0.01650326,-2.621417,0.2423656,-0.1849273,0.9523975,0.0,0.0,0.0,0.0,0.0,0.0,0.0,-2.616652,0.1969921,2.072376,2.280607,0.006959312,-2.445241,0.0677309,0.07311314,-0.02105093,0.9947984,7.922609,8.278706,358.1498,0.6510644,0.005206741,-0.7590042,0.0,0.0,0.0,2.428491,-0.2709238,-0.3731864,-0.1522633,0.005417287,2.090284,0.9884226,-0.03197882,-0.1483173,0.05178689,0.9899388,0.131679,0.1426141,-0.1378354,0.980134,moving,14.27754,-10.9884,-4.166257,0.1484904,-6.38688103018029,2.129122581264651,21.545393372106744,2.9755797621430555,21.284185253066667
4465,05/05/2023 11:22:57.397275,4647,True,True,True,True,Eyes,2.308474,0.01629919,-2.6133,0.2340561,-0.1829868,0.9548475,0.0,0.0,0.0,0.0,0.0,0.0,0.0,-2.601514,0.187087,2.075954,2.275016,0.007723279,-2.436535,0.06880539,0.07102769,-0.0239277,0.9948107,8.06496,8.013374,357.8102,0.6520769,0.005158427,-0.7581348,0.0,0.0,0.0,2.414417,-0.271959,-0.3640632,-0.1512862,0.007955104,2.090417,0.988765,-0.0378329,-0.1446109,0.05738125,0.9893866,0.1334976,0.1380255,-0.1402957,0.9804417,moving,13.77301,-10.84862,-4.139352,0.2180386,-6.424977359198392,2.149154255056916,21.05525219483248,2.9922050323827545,20.810496195710403
4466,05/05/2023 11:22:57.407044,4648,True,True,True,True,Eyes,2.306762,0.01606757,-2.605118,0.2258385,-0.1805017,0.9572963,0.0,0.0,0.0,0.0,0.0,0.0,0.0,-2.58743,0.1672794,2.078445,2.269848,0.01266642,-2.427002,0.06866248,0.06920629,-0.02683224,0.9948748,8.067236,7.779319,357.4596,0.6530777,0.005110074,-0.7572731,0.0,0.0,0.0,2.402061,-0.2636639,-0.3535336,-0.1502802,0.01056746,2.090554,0.988981,-0.0438857,-0.141388,0.0628932,0.989131,0.1329073,0.1340185,-0.1403351,0.9809919,moving,13.27411,-10.67796,-4.111657,0.2896197,-6.464348575670458,2.170612560534627,20.556086657098454,3.0121905304301353,20.328259051597914
4467,05/05/2023 11:22:57.426779,4649,True,True,True,True,Eyes,2.30487,0.01582902,-2.596983,0.2177291,-0.1784645,0.9595543,0.0,0.0,0.0,0.0,0.0,0.0,0.0,-2.578494,0.1213188,2.075274,2.264307,0.01162856,-2.417207,0.05945945,0.06893897,-0.02783037,0.9954584,7.020012,7.755953,357.2736,0.6540671,0.00506089,-0.7564191,0.0,0.0,0.0,2.397607,-0.2236585,-0.3386662,-0.1492282,0.01329924,2.090697,0.9889458,-0.04720981,-0.1405613,0.0636061,0.9913801,0.1145416,0.1339422,-0.122216,0.9834239,moving,12.78431,-10.53588,-4.082691,0.3644623,-6.501667055874435,2.1903839888665315,20.082658812795934,3.0307482859464008,19.86994935626984
4468,05/05/2023 11:22:57.446627,4650,True,True,True,True,Eyes,2.30284,0.01576827,-2.588791,0.2094922,-0.1769238,0.961671,0.0,0.0,0.0,0.0,0.0,0.0,0.0,-2.561874,0.1474264,2.079312,2.258147,0.01129921,-2.410211,0.06403004,0.06652453,-0.02686177,0.9953659,7.529727,7.476211,357.4009,0.6550435,0.005010709,-0.755574,0.0,0.0,0.0,2.382204,-0.2401225,-0.3328985,-0.1481656,0.01605734,2.090842,0.9897059,-0.04495544,-0.1358724,0.06199371,0.9903572,0.1238927,0.1289926,-0.1310406,0.9829493,moving,12.28942,-10.42445,-4.053439,0.4400142,-6.537689767232011,2.208726655583641,19.624617770722637,3.0495648255168386,19.42562300859794
4469,05/05/2023 11:22:57.464767,4651,True,True,True,True,Eyes,2.300676,0.01582189,-2.580558,0.2013882,-0.1748999,0.9637701,0.0,0.0,0.0,0.0,0.0,0.0,0.0,-2.54342,0.1620487,2.083704,2.252552,0.01558379,-2.40059,0.06757782,0.0637012,-0.0263212,0.9953304,7.925068,7.148331,357.4662,0.6560068,0.004964778,-0.7547382,0.0,0.0,0.0,2.365727,-0.2476173,-0.3240211,-0.1470875,0.01885781,2.090988,0.9904987,-0.043787,-0.130365,0.06100615,0.9894809,0.1311711,0.12325,-0.1378779,0.9827508,moving,11.80263,-10.2858,-4.02376,0.5167142,-6.574644919674037,2.2282465173301538,19.16165268115727,3.071865352955097,18.976632740952923
4470,05/05/2023 11:22:57.477084,4652,True,True,True,True,Eyes,2.298438,0.01591205,-2.572354,0.1934386,-0.1729509,0.9657481,0.0,0.0,0.0,0.0,0.0,0.0,0.0,-2.525066,0.1342329,2.091649,2.247196,0.01826323,-2.391391,0.06076451,0.06107901,-0.02525627,0.9959614,7.13014,6.864377,357.5229,0.656957,0.004925978,-0.7539115,0.0,0.0,0.0,2.351554,-0.2139055,-0.3105773,-0.1461454,0.02130486,2.091116,0.9912629,-0.04288567,-0.1247341,0.05773142,0.9913396,0.117953,0.1185953,-0.1241235,0.985154,moving,11.32641,-10.15318,-3.997826,0.5837249,-6.610639408954604,2.247188938877818,18.71131571577317,3.0974031895529333,18.53941320764784
4471,05/05/2023 11:22:57.496876,4653,True,True,True,True,Eyes,2.296098,0.01602135,-2.564142,0.1856051,-0.1711464,0.9676051,0.0,0.0,0.0,0.0,0.0,0.0,0.0,-2.50639,0.1508332,2.098676,2.241969,0.01930432,-2.383775,0.06245635,0.05807644,-0.02326828,0.9960848,7.303566,6.529469,357.7408,0.6578941,0.004894677,-0.7530941,0.0,0.0,0.0,2.335229,-0.21694,-0.302788,-0.1450476,0.02415383,2.091265,0.9921714,-0.03909986,-0.1186046,0.05360884,0.9911156,0.121721,0.1127916,-0.1271263,0.9854527,moving,10.85853,-10.03052,-3.967611,0.661729,-6.645603291497708,2.2654111185304124,18.27945966460393,3.1214482296868766,18.119762133263404
4472,05/05/2023 11:22:57.507093,4654,True,True,True,True,Eyes,2.293663,0.01608772,-2.555954,0.1781869,-0.1693458,0.9693149,0.0,0.0,0.0,0.0,0.0,0.0,0.0,-2.489922,0.1690402,2.102289,2.237206,0.01981667,-2.375379,0.06325883,0.05555699,-0.02011877,0.9962465,7.370111,6.260699,358.0898,0.6588179,0.004870713,-0.7522861,0.0,0.0,0.0,2.321673,-0.217051,-0.293983,-0.1439938,0.02689151,2.091409,0.9930173,-0.03305756,-0.1132423,0.04711544,0.9911871,0.1238073,0.1081515,-0.1282783,0.9858235,moving,10.41625,-9.909942,-3.938608,0.7366734,-6.678896728225169,2.282871760636216,17.87211144984501,3.146412510220495,17.723685637500527
4473,05/05/2023 11:22:57.526812,4655,True,True,True,True,Eyes,2.291127,0.01609145,-2.547832,0.1707752,-0.1681574,0.9708548,0.0,0.0,0.0,0.0,0.0,0.0,0.0,-2.473953,0.1862796,2.105843,2.23231,0.01885916,-2.367732,0.06317464,0.05320167,-0.01661763,0.9964449,7.334872,6.014657,358.475,0.6597279,0.004852132,-0.7514883,0.0,0.0,0.0,2.308678,-0.2153051,-0.2856205,-0.1430536,0.02933306,2.091537,0.9937869,-0.02639511,-0.1081247,0.03983909,0.9914656,0.1241319,0.1039254,-0.1276683,0.9863571,moving,9.976378,-9.826453,-3.912731,0.8035002,-6.710099660067681,2.2983840712390826,17.49009016123334,3.171742298614375,17.35164724302059
4474,05/05/2023 11:22:57.546843,4656,True,True,True,True,Eyes,2.288507,0.01617632,-2.539711,0.1635451,-0.1672059,0.972263,0.0,0.0,0.0,0.0,0.0,0.0,0.0,-2.453102,0.2343139,2.112886,2.227415,0.01751298,-2.36119,0.06993876,0.0496109,-0.0132537,0.9962288,8.086332,5.622159,358.8733,0.6606237,0.004836574,-0.7507011,0.0,0.0,0.0,2.290123,-0.2421801,-0.2815381,-0.1419909,0.03209445,2.091682,0.9947262,-0.01946798,-0.1007015,0.03334688,0.9898658,0.1380349,0.09699372,-0.1406651,0.9852946,moving,9.548379,-9.758046,-3.883485,0.8790689,-6.739788090829549,2.3128251095762726,17.133685648753396,3.1959543512354736,17.00442361661974
4475,05/05/2023 11:22:57.557361,4657,True,True,True,True,Eyes,2.285808,0.01638989,-2.531585,0.1562567,-0.1660667,0.9736558,0.0,0.0,0.0,0.0,0.0,0.0,0.0,-2.429349,0.2600048,2.123111,2.222495,0.01962308,-2.353098,0.07388566,0.04543262,-0.01121515,0.9961683,8.524026,5.15511,359.0944,0.6615056,0.004826117,-0.7499241,0.0,0.0,0.0,2.269066,-0.2537918,-0.2746651,-0.1409368,0.03483012,2.091825,0.9956203,-0.01563072,-0.09217434,0.02905799,0.9888303,0.146186,0.08885977,-0.1482241,0.9849536,moving,9.117345,-9.679226,-3.854481,0.9539204,-6.770207316780196,2.3278735694165,16.77295657116267,3.2232293226071045,16.65290154357819
4476,05/05/2023 11:22:57.576813,4658,True,True,True,True,Eyes,2.28308,0.01662914,-2.52346,0.1491311,-0.164312,0.97507,0.0,0.0,0.0,0.0,0.0,0.0,0.0,-2.405308,0.2442966,2.138468,2.217952,0.02288017,-2.344865,0.07109302,0.04108482,-0.01135053,0.9965587,8.200026,4.65192,359.0285,0.6623744,0.004824052,-0.749157,0.0,0.0,0.0,2.247607,-0.2358972,-0.264125,-0.1398541,0.03764266,2.091972,0.9963664,-0.01678124,-0.08350075,0.02846462,0.9896339,0.1407641,0.08027297,-0.1426294,0.9865156,moving,8.695662,-9.565224,-3.824688,1.030861,-6.801899932543747,2.3444722004283243,16.402322440731528,3.254130494797591,16.291687624937513
4477,05/05/2023 11:22:57.596970,4659,True,True,True,True,Eyes,2.280285,0.01685941,-2.515345,0.1420248,-0.1624105,0.9764485,0.0,0.0,0.0,0.0,0.0,0.0,0.0,-2.384435,0.2159808,2.151664,2.213799,0.02407258,-2.33674,0.06629881,0.03736233,-0.01266529,0.9970197,7.651588,4.213707,358.8263,0.6632303,0.00483033,-0.7483993,0.0,0.0,0.0,2.228904,-0.2118951,-0.2530201,-0.1388924,0.0401395,2.092103,0.9968873,-0.02030092,-0.07618134,0.03020924,0.9908881,0.131256,0.07282256,-0.1331488,0.9884171,moving,8.275657,-9.443428,-3.79823,1.099153,-6.833898650383084,2.361424325983551,16.02887274359398,3.2876455185008804,15.927386893738712
4478,05/05/2023 11:22:57.606802,4660,True,True,True,True,Eyes,2.277412,0.01702782,-2.507257,0.1351674,-0.1604994,0.9777371,0.0,0.0,0.0,0.0,0.0,0.0,0.0,-2.365016,0.1977159,2.162048,2.209604,0.02362178,-2.328934,0.06275196,0.03399655,-0.01334852,0.9973606,7.243144,3.822767,358.7085,0.6640739,0.004843892,-0.7476508,0.0,0.0,0.0,2.211903,-0.1944066,-0.2430712,-0.1377762,0.04303733,2.092255,0.9973322,-0.02235987,-0.06948893,0.03089327,0.991768,0.1242651,0.06613836,-0.1260803,0.9898129,moving,7.870974,-9.322189,-3.767521,1.178398,-6.864933692944583,2.377955713378206,15.67535942840208,3.3215815657814827,15.582379516660707
4479,05/05/2023 11:22:57.626840,4661,True,True,True,True,Eyes,2.274479,0.0171963,-2.49922,0.1282549,-0.1589727,0.9789169,0.0,0.0,0.0,0.0,0.0,0.0,0.0,-2.346506,0.1951823,2.170051,2.205277,0.0222785,-2.321545,0.06180625,0.03085189,-0.01333253,0.9975223,7.130452,3.461034,358.6842,0.6649058,0.00486224,-0.746911,0.0,0.0,0.0,2.195424,-0.1893284,-0.2349299,-0.1368809,0.04536128,2.092377,0.9977408,-0.0227853,-0.06319895,0.03041266,0.9920045,0.1224835,0.05990282,-0.1241289,0.9904563,moving,7.464215,-9.224112,-3.742892,1.241938,-6.894881550487491,2.393362052287105,15.33419218322077,3.355713854691367,15.249037368461263
4480,05/05/2023 11:22:57.646746,4662,True,True,True,True,Eyes,2.27149,0.01744113,-2.491203,0.1213936,-0.1575207,0.9800259,0.0,0.0,0.0,0.0,0.0,0.0,0.0,-2.324535,0.2137544,2.180281,2.200968,0.02251625,-2.314737,0.06578039,0.02685339,-0.01326515,0.9973846,7.581082,2.99668,358.6746,0.6657247,0.004884904,-0.746181,0.0,0.0,0.0,2.175256,-0.2027889,-0.2295572,-0.1358351,0.04807772,2.092519,0.9982058,-0.02292805,-0.05531149,0.02999376,0.9909939,0.1305043,0.05182115,-0.1319291,0.9899037,moving,7.061131,-9.131118,-3.714125,1.316196,-6.924338896921766,2.408415708002373,15.008414695767572,3.3909316057004775,14.930655826707753
4481,05/05/2023 11:22:57.657299,4663,True,True,True,True,Eyes,2.268451,0.01767635,-2.483216,0.1145147,-0.15605,0.9810885,0.0,0.0,0.0,0.0,0.0,0.0,0.0,-2.302812,0.2152175,2.190645,2.19646,0.02465215,-2.307193,0.06785324,0.02296067,-0.01466133,0.9973234,7.817404,2.534431,358.4887,0.6665313,0.004913753,-0.7454604,0.0,0.0,0.0,2.155151,-0.2062525,-0.2227423,-0.1348266,0.05069701,2.092656,0.9985157,-0.02612825,-0.04778806,0.03236008,0.990362,0.13467,0.04380878,-0.1360165,0.9897375,moving,6.657559,-9.037646,-3.686383,1.387785,-6.953851055873244,2.4235061767896617,14.686277528193623,3.4276910380316714,14.615607605970485
4482,05/05/2023 11:22:57.677073,4664,True,True,True,True,Eyes,2.265346,0.01787584,-2.47528,0.1077348,-0.1547937,0.9820551,0.0,0.0,0.0,0.0,0.0,0.0,0.0,-2.282776,0.2062624,2.200697,2.192305,0.02465169,-2.299972,0.06705567,0.01940552,-0.01597158,0.9974327,7.72317,2.114934,358.308,0.6673265,0.004947957,-0.7447482,0.0,0.0,0.0,2.137058,-0.199795,-0.2149961,-0.1337895,0.05339071,2.092798,0.9987367,-0.02925865,-0.04085336,0.03446365,0.9904969,0.1331472,0.03656942,-0.1343869,0.9902539,moving,6.260507,-8.95739,-3.657859,1.461393,-6.982272979522457,2.4377573870329807,14.384888713891566,3.46482549683395,14.32076389883789
4483,05/05/2023 11:22:57.696920,4665,True,True,True,True,Eyes,2.262192,0.01808744,-2.467382,0.1009562,-0.1538505,0.9829232,0.0,0.0,0.0,0.0,0.0,0.0,0.0,-2.264061,0.2208897,2.207357,2.188069,0.02405378,-2.293243,0.07053261,0.01611959,-0.01643499,0.9972439,8.117655,1.726803,358.2342,0.6681092,0.004985919,-0.7440459,0.0,0.0,0.0,2.119864,-0.211929,-0.2097792,-0.1327487,0.0560922,2.092939,0.9989401,-0.03050548,-0.03446872,0.0350533,0.9895101,0.1401466,0.02983191,-0.1412063,0.9895306,moving,5.864295,-8.895948,-3.629233,1.535199,-7.0096577279263865,2.4510300446970787,14.104463889931905,3.502287515839773,14.04640669852546
4484,05/05/2023 11:22:57.706861,4666,True,True,True,True,Eyes,2.258943,0.01831783,-2.459522,0.09433365,-0.1529208,0.9837257,0.0,0.0,0.0,0.0,0.0,0.0,0.0,-2.245476,0.2343784,2.213496,2.183793,0.02461728,-2.286286,0.07397632,0.01288185,-0.01685376,0.9970344,8.508034,1.343813,358.1631,0.6688797,0.005027664,-0.7433531,0.0,0.0,0.0,2.102803,-0.2228375,-0.2044657,-0.1317399,0.05871144,2.093076,0.9991,-0.03170164,-0.02818085,0.03551345,0.9884869,0.1470796,0.02319373,-0.1479481,0.9887231,moving,5.477587,-8.835942,-3.601491,1.606743,-7.036387575929071,2.463986252814174,13.837605549346641,3.5402514715517994,13.785217786572675
4485,05/05/2023 11:22:57.738089,4667,True,True,True,True,Eyes,2.255643,0.0185434,-2.451697,0.08771322,-0.1520962,0.9844659,0.0,0.0,0.0,0.0,0.0,0.0,0.0,-2.226807,0.2366074,2.220543,2.179321,0.02529859,-2.279339,0.0753667,0.009689028,-0.01771027,0.9969515,8.662689,0.964997,358.0377,0.6696372,0.005073417,-0.7426704,0.0,0.0,0.0,2.085828,-0.2248941,-0.1982158,-0.1307076,0.06139275,2.093217,0.9991849,-0.03385211,-0.02198851,0.03677303,0.9880124,0.1499307,0.01664945,-0.1506171,0.988452,moving,5.091454,-8.78254,-3.573104,1.679968,-7.062736273528847,2.476591799383833,13.584499953455333,3.579405381093184,13.537461332133116
4486,05/05/2023 11:22:57.747124,4668,True,True,True,True,Eyes,2.252267,0.01874191,-2.443898,0.08112395,-0.1511482,0.9851767,0.0,0.0,0.0,0.0,0.0,0.0,0.0,-2.208221,0.2373246,2.227509,2.174863,0.02542854,-2.272374,0.07638568,0.006511214,-0.01866098,0.9968824,8.774041,0.5873452,357.9002,0.6703821,0.005122679,-0.7419978,0.0,0.0,0.0,2.068977,-0.2258377,-0.1918124,-0.1296457,0.06414977,2.093361,0.9992188,-0.03621087,-0.01583269,0.03820033,0.987634,0.1520521,0.01013097,-0.1525381,0.9882457,moving,4.707376,-8.722445,-3.543907,1.755245,-7.089310382368545,2.4894851791244905,13.336628467577142,3.6206344450042294,13.29470494822403
4487,05/05/2023 11:22:57.766633,4669,True,True,True,True,Eyes,2.248834,0.01892828,-2.436137,0.07449071,-0.1502348,0.98584,0.0,0.0,0.0,0.0,0.0,0.0,0.0,-2.187951,0.2363808,2.235501,2.169943,0.02495651,-2.265214,0.07629156,0.003095679,-0.01900908,0.9968995,8.756049,0.1896652,357.8297,0.6711147,0.005174357,-0.7413349,0.0,0.0,0.0,2.050825,-0.2229456,-0.1848042,-0.1286261,0.06679833,2.0935,0.9992582,-0.03742794,-0.009072626,0.03837263,0.9876366,0.1519924,0.003271697,-0.1522277,0.9883401,moving,4.321095,-8.664793,-3.515872,1.827544,-7.115890826837257,2.502310707127117,13.096075270120357,3.6627101526915653,13.05899275134131
4488,05/05/2023 11:22:57.777438,4670,True,True,True,True,Eyes,2.24532,0.01910006,-2.428402,0.06781717,-0.1490887,0.9864955,0.0,0.0,0.0,0.0,0.0,0.0,0.0,-2.16605,0.2365431,2.245255,2.165192,0.02485273,-2.258367,0.07636112,-0.000714361,-0.01923641,0.9968944,8.755629,359.7471,357.7697,0.6718349,0.005227875,-0.7406821,0.0,0.0,0.0,2.031255,-0.2202309,-0.1783533,-0.1275592,0.06956854,2.093645,0.9992589,-0.03846244,-0.001513543,0.03824424,0.9875979,0.1522754,-0.004362112,-0.1522204,0.9883369,moving,3.932642,-8.594056,-3.486542,1.903149,-7.143289457903737,2.515857475353653,12.85440018195641,3.7077235127036703,12.821951429956462
4489,05/05/2023 11:22:57.797199,4671,True,True,True,True,Eyes,2.241752,0.01923181,-2.420698,0.06106883,-0.1478854,0.9871173,0.0,0.0,0.0,0.0,0.0,0.0,0.0,-2.14282,0.2324424,2.256265,2.160436,0.02460666,-2.251299,0.07562374,-0.004802848,-0.01966386,0.9969311,8.661373,359.2726,357.685,0.6725415,0.005282585,-0.7400401,0.0,0.0,0.0,2.010545,-0.2142186,-0.1714714,-0.1265,0.07231927,2.093789,0.9991806,-0.03993344,0.006602108,0.03848059,0.9877887,0.1509722,-0.01255033,-0.1505944,0.9885159,moving,3.540139,-8.520424,-3.457424,1.978204,-7.171086809565198,2.529655230466781,12.616936150324015,3.754382761883903,12.588844132870385
4490,05/05/2023 11:22:57.806791,4672,True,True,True,True,Eyes,2.238099,0.0193271,-2.41302,0.05426264,-0.14663,0.987702,0.0,0.0,0.0,0.0,0.0,0.0,0.0,-2.118568,0.2286532,2.267963,2.155636,0.02375599,-2.244313,0.07442324,-0.00908437,-0.0196922,0.996991,8.513405,358.7807,357.6462,0.6732354,0.005337229,-0.7394086,0.0,0.0,0.0,1.989096,-0.2069487,-0.1646561,-0.1254375,0.07507789,2.093934,0.9990594,-0.04061807,0.01518296,0.03791371,0.9881468,0.1487564,-0.02104519,-0.1480408,0.9887573,moving,3.14457,-8.444209,-3.428217,2.053458,-7.199206517556598,2.5436629007448257,12.385577959476013,3.80271781575178,12.361526304381638
4491,05/05/2023 11:22:57.826924,4673,True,True,True,True,Eyes,2.234399,0.01940232,-2.405369,0.04736209,-0.1454591,0.9882299,0.0,0.0,0.0,0.0,0.0,0.0,0.0,-2.093524,0.2365556,2.27882,2.150795,0.02293629,-2.23727,0.07530653,-0.0135493,-0.01918041,0.9968839,8.605135,358.2669,357.6651,0.6739159,0.005390712,-0.7387879,0.0,0.0,0.0,1.966603,-0.2088311,-0.1590616,-0.1245146,0.07747415,2.094059,0.9988971,-0.04028198,0.02412533,0.03620059,0.987922,0.1506635,-0.02990297,-0.149624,0.9882907,moving,2.743869,-8.373328,-3.40285,2.118812,-7.227359698057118,2.5575306717027053,12.160063990150752,3.8495906929741937,12.139691435154102
4492,05/05/2023 11:22:57.846793,4674,True,True,True,True,Eyes,2.23065,0.01945455,-2.397736,0.04038756,-0.1441448,0.988732,0.0,0.0,0.0,0.0,0.0,0.0,0.0,-2.067879,0.2427981,2.290185,2.146052,0.02253636,-2.230242,0.0757827,-0.01814048,-0.01853096,0.9967871,8.650464,357.7407,357.699,0.6745848,0.005442667,-0.7381768,0.0,0.0,0.0,1.943868,-0.208343,-0.1534253,-0.1234736,0.08017626,2.094201,0.998655,-0.03969232,0.03335574,0.03419338,0.9878271,0.1517508,-0.03897305,-0.1504061,0.9878559,moving,2.339108,-8.294577,-3.37424,2.192492,-7.256172922904516,2.57190275638226,11.94240183463381,3.9004301993483432,11.92537045070934
4493,05/05/2023 11:22:57.857188,4675,True,True,True,True,Eyes,2.226867,0.01945153,-2.39013,0.03335939,-0.142974,0.9891641,0.0,0.0,0.0,0.0,0.0,0.0,0.0,-2.042816,0.244627,2.301049,2.141363,0.02198737,-2.223027,0.07532996,-0.02259454,-0.0179373,0.9967412,8.589747,357.2324,357.7301,0.6752405,0.005492417,-0.7375765,0.0,0.0,0.0,1.921813,-0.2041636,-0.1472678,-0.122442,0.08285509,2.094341,0.9983355,-0.03916178,0.04233938,0.03235359,0.9880072,0.1509795,-0.04774425,-0.1493584,0.9876297,moving,1.931558,-8.224586,-3.345889,2.265521,-7.284697182318847,2.5859006608481416,11.742818729302519,3.951816420861053,11.728715154182717
4494,05/05/2023 11:22:57.877357,4676,True,True,True,True,Eyes,2.22304,0.01944873,-2.382535,0.0263104,-0.1418514,0.9895383,0.0,0.0,0.0,0.0,0.0,0.0,0.0,-2.019463,0.2544263,2.309646,2.136823,0.02067759,-2.216075,0.07652502,-0.02673939,-0.017365,0.9965578,8.719344,356.7549,357.756,0.675885,0.005538605,-0.7369857,0.0,0.0,0.0,1.901075,-0.2076622,-0.1421434,-0.1214133,0.08552638,2.094481,0.9979669,-0.03870293,0.05063698,0.030518,0.9876847,0.1534519,-0.05595241,-0.1515945,0.9868578,moving,1.523053,-8.157833,-3.317619,2.338326,-7.313110000272513,2.599758311196698,11.55860974187056,4.004034863309296,11.547010702589546
4495,05/05/2023 11:22:57.897065,4677,True,True,True,True,Eyes,2.219172,0.01943161,-2.374949,0.01924298,-0.1406946,0.9898661,0.0,0.0,0.0,0.0,0.0,0.0,0.0,-1.997337,0.2592031,2.317121,2.13228,0.02065107,-2.208743,0.07762811,-0.03063268,-0.01755599,0.996357,8.836482,356.2999,357.6951,0.6765185,0.005581592,-0.7364041,0.0,0.0,0.0,1.881328,-0.2091642,-0.1365598,-0.1203504,0.08828653,2.094626,0.9975069,-0.03973999,0.05831649,0.03022816,0.9873313,0.1557662,-0.06376784,-0.153615,0.9860711,moving,1.113689,-8.089552,-3.288414,2.413535,-7.341655282995878,2.6137156880336407,11.388298703150438,4.058181514674238,11.378759652110515
4496,05/05/2023 11:22:57.907005,4678,True,True,True,True,Eyes,2.215243,0.01938795,-2.367367,0.0120512,-0.1394462,0.9901563,0.0,0.0,0.0,0.0,0.0,0.0,0.0,-1.97568,0.253486,2.324897,2.127521,0.02027392,-2.201353,0.07681491,-0.03436321,-0.01826388,0.9962856,8.731486,355.8647,357.5837,0.6771408,0.005621221,-0.7358316,0.0,0.0,0.0,1.862034,-0.2030354,-0.1300805,-0.1193662,0.09084208,2.09476,0.9969712,-0.04167131,0.06566526,0.03111288,0.9875318,0.1543144,-0.07127701,-0.151804,0.9858373,moving,0.697313,-8.01639,-3.261373,2.483153,-7.370884014041879,2.628100934940257,11.221033733816371,4.112066473000523,11.21312973401674
4497,05/05/2023 11:22:57.926951,4679,True,True,True,True,Eyes,2.211267,0.01930249,-2.359794,0.0048002,-0.1382231,0.9903895,0.0,0.0,0.0,0.0,0.0,0.0,0.0,-1.953453,0.2491892,2.332483,2.122568,0.01955156,-2.193825,0.07641685,-0.03819241,-0.01917987,0.9961596,8.672231,355.4151,357.4461,0.6777533,0.005657096,-0.7352673,0.0,0.0,0.0,1.842162,-0.1987169,-0.1237776,-0.1183221,0.09355386,2.094902,0.996347,-0.04404951,0.07316015,0.03237533,0.9875852,0.1537118,-0.0790228,-0.1507817,0.9854036,moving,0.2776979,-7.94513,-3.232687,2.557009,-7.40021062324882,2.642472385022542,11.073288839431084,4.168399829732807,11.066549509142316
4498,05/05/2023 11:22:57.946971,4680,True,True,True,True,Eyes,2.207265,0.01919339,-2.352221,-0.002675843,-0.1369053,0.9905806,0.0,0.0,0.0,0.0,0.0,0.0,0.0,-1.928845,0.2480038,2.341578,2.117553,0.01845689,-2.18645,0.07630099,-0.04251145,-0.01979616,0.9959815,8.644637,354.9106,357.3378,0.6783553,0.005688248,-0.7347116,0.0,0.0,0.0,1.820217,-0.1959969,-0.1181597,-0.1172825,0.09625344,2.095043,0.9956018,-0.04592055,0.08166029,0.03294589,0.9875725,0.1536719,-0.08770216,-0.1503056,0.9847419,moving,-0.154772,-7.868837,-3.204127,2.630514,-7.430584997545557,2.657429074340562,10.933203434365703,4.226543697425067,10.927147427600804
4499,05/05/2023 11:22:57.958861,4681,True,True,True,True,Eyes,2.203215,0.01906,-2.344653,-0.01033068,-0.1356676,0.9907005,0.0,0.0,0.0,0.0,0.0,0.0,0.0,-1.900903,0.2499729,2.352466,2.112355,0.01779084,-2.178912,0.07666069,-0.04749545,-0.02012339,0.9957222,8.67062,354.33,357.2542,0.678948,0.005714421,-0.7341638,0.0,0.0,0.0,1.795329,-0.1948753,-0.1131521,-0.116252,0.09892851,2.095184,0.9946785,-0.04735667,0.0914992,0.03279253,0.9874364,0.154577,-0.09766989,-0.1507539,0.9837347,moving,-0.5974386,-7.797645,-3.175821,2.703333,-7.461313949738916,2.672387426305153,10.81289021294093,4.28560467738139,10.806984264135526
4500,05/05/2023 11:22:57.977287,4682,True,True,True,True,Eyes,2.199126,0.01891981,-2.337072,-0.01823499,-0.1343565,0.9907653,0.0,0.0,0.0,0.0,0.0,0.0,0.0,-1.86822,0.2536471,2.366738,2.107241,0.01707994,-2.171468,0.07717883,-0.05348421,-0.0203193,0.9953744,8.712132,353.6334,357.1756,0.6795322,0.005735384,-0.733623,0.0,0.0,0.0,1.76641,-0.1942976,-0.1091484,-0.1151899,0.1016869,2.095328,0.9934531,-0.04870633,0.1033372,0.03219493,0.9872611,0.1558172,-0.1096101,-0.1514701,0.9823658,moving,-1.054407,-7.722704,-3.146647,2.778403,-7.49311163151487,2.687902760791163,10.707507480410603,4.34740670817748,10.70118076894619
4501,05/05/2023 11:22:57.996688,4683,True,True,True,True,Eyes,2.194999,0.01877603,-2.329471,-0.02637991,-0.1329529,0.9907712,0.0,0.0,0.0,0.0,0.0,0.0,0.0,-1.832523,0.2526401,2.383049,2.102269,0.01673914,-2.163579,0.07679135,-0.06010287,-0.02061199,0.9950207,8.646646,352.8664,357.0865,0.6801078,0.005751409,-0.7330893,0.0,0.0,0.0,1.735125,-0.1894155,-0.1050235,-0.1141198,0.1044658,2.095474,0.9919256,-0.05024947,0.1164415,0.03178795,0.9873565,0.1552956,-0.1227728,-0.1503403,0.9809815,moving,-1.525176,-7.642939,-3.117257,2.854008,-7.52600380993701,2.7040169254301936,10.616996667201606,4.411297513949878,10.609638112158317
4502,05/05/2023 11:22:58.008887,4684,True,True,True,True,Eyes,2.190808,0.018636,-2.321833,-0.03443955,-0.1310909,0.9907719,0.0,0.0,0.0,0.0,0.0,0.0,0.0,-1.794612,0.2457454,2.400857,2.097324,0.01647772,-2.15548,0.07516704,-0.06714047,-0.02098096,0.9946868,8.436776,352.0553,356.9964,0.6806763,0.005762893,-0.7325613,0.0,0.0,0.0,1.702155,-0.1794631,-0.1009118,-0.1131596,0.1069595,2.095604,0.9901039,-0.05183246,0.1304133,0.03164546,0.9878194,0.1523527,-0.1367216,-0.146718,0.9796841,moving,-1.990818,-7.537135,-3.090887,2.921837,-7.55994786207418,2.721324349494636,10.516665208208588,4.473556785370663,10.50771844734943
4503,05/05/2023 11:22:58.027152,4685,True,True,True,True,Eyes,2.186583,0.01847506,-2.314156,-0.04273329,-0.129037,0.9907185,0.0,0.0,0.0,0.0,0.0,0.0,0.0,-1.755998,0.2336762,2.418552,2.092435,0.01630333,-2.146853,0.07257944,-0.07430109,-0.02151142,0.9943585,8.114012,351.2332,356.8984,0.6812383,0.005770399,-0.7320387,0.0,0.0,0.0,1.668974,-0.1650235,-0.09634786,-0.1120934,0.1097274,2.095749,0.9880332,-0.05356558,0.1446413,0.03199466,0.9885389,0.1475366,-0.1508864,-0.1411433,0.9784231,moving,-2.469844,-7.420765,-3.061609,2.997106,-7.595261910835771,2.7395120212292654,10.434664440597311,4.54096502671278,10.423524231878776
4504,05/05/2023 11:22:58.047250,4686,True,True,True,True,Eyes,2.182361,0.01829375,-2.306443,-0.05099865,-0.1267621,0.9906213,0.0,0.0,0.0,0.0,0.0,0.0,0.0,-1.717715,0.2182434,2.435542,2.087537,0.01558114,-2.138221,0.06952091,-0.08136845,-0.0224821,0.9940023,7.732554,350.4214,356.7598,0.681793,0.005773645,-0.731522,0.0,0.0,0.0,1.636204,-0.1490442,-0.09202842,-0.1110826,0.1123527,2.095887,0.9857475,-0.05600815,0.1586349,0.03338091,0.9893228,0.1418666,-0.1648868,-0.1345493,0.977092,moving,-2.94707,-7.292066,-3.033853,3.068477,-7.63111227666097,2.7582807516186203,10.36090645377797,4.607712509408027,10.347072524747086
4505,05/05/2023 11:22:58.056879,4687,True,True,True,True,Eyes,2.178104,0.01807277,-2.298699,-0.05949693,-0.1244927,0.9904351,0.0,0.0,0.0,0.0,0.0,0.0,0.0,-1.678724,0.2084329,2.451919,2.082595,0.01489335,-2.129799,0.06807883,-0.08858234,-0.02394219,0.9934513,7.528785,349.5823,356.5515,0.6823438,0.005772417,-0.7310083,0.0,0.0,0.0,1.602743,-0.1393307,-0.08905487,-0.1100466,0.1150424,2.096028,0.9831599,-0.05963196,0.1727445,0.03550963,0.9895841,0.1395077,-0.1792644,-0.1310243,0.9750369,moving,-3.437713,-7.164216,-3.005409,3.141579,-7.667736451042217,2.777349911030116,10.314858085811991,4.676532913387186,10.297769744991752
4506,05/05/2023 11:22:58.077196,4688,True,True,True,True,Eyes,2.173827,0.01782151,-2.290931,-0.06791909,-0.1222571,0.9901718,0.0,0.0,0.0,0.0,0.0,0.0,0.0,-1.640142,0.2026127,2.466884,2.077622,0.01370304,-2.121305,0.06745674,-0.09571131,-0.02548505,0.9927938,7.415442,348.7487,356.3276,0.6828903,0.005765897,-0.7304978,0.0,0.0,0.0,1.569572,-0.1335107,-0.08664583,-0.1090541,0.1176195,2.096163,0.9803798,-0.06351554,0.1866049,0.03769004,0.9896002,0.1388197,-0.1934815,-0.1290629,0.9725779,moving,-3.923957,-7.03872,-2.978163,3.211603,-7.703968970380153,2.7961866653352,10.293864575307225,4.744029173686333,10.273122903314219
4507,05/05/2023 11:22:58.097256,4689,True,True,True,True,Eyes,2.169515,0.01754819,-2.283134,-0.07656602,-0.1201407,0.9897999,0.0,0.0,0.0,0.0,0.0,0.0,0.0,-1.601604,0.2019886,2.481009,2.072828,0.01271871,-2.112951,0.06779305,-0.1028602,-0.02679171,0.9920213,7.411387,347.9092,356.12,0.6834345,0.005753607,-0.7299888,0.0,0.0,0.0,1.536531,-0.1314335,-0.08508771,-0.1080278,0.1202849,2.096303,0.9774039,-0.0671023,0.2004464,0.03920948,0.9893726,0.1400159,-0.2077115,-0.1289927,0.9696478,moving,-4.423309,-6.92064,-2.949987,3.284005,-7.740612310137024,2.814981881647816,10.31045378689556,4.813530258310865,10.28556495176935
4508,05/05/2023 11:22:58.107368,4690,True,True,True,True,Eyes,2.165178,0.01726283,-2.275302,-0.08509566,-0.1180194,0.9893584,0.0,0.0,0.0,0.0,0.0,0.0,0.0,-1.56312,0.2041953,2.493903,2.067816,0.01192435,-2.104421,0.06859962,-0.1099536,-0.02788015,0.9911746,7.46135,347.0744,355.9312,0.6839748,0.005735448,-0.7294827,0.0,0.0,0.0,1.503593,-0.1310493,-0.08380203,-0.1069467,0.1230915,2.09645,0.9742658,-0.07035373,0.2141412,0.04018265,0.9890336,0.1421195,-0.2217915,-0.1298574,0.9664086,moving,-4.915966,-6.802598,-2.920312,3.360222,-7.776845331760684,2.833603702515511,10.356908092674956,4.885001825357692,10.327638239232108
4509,05/05/2023 11:22:58.127253,4691,True,True,True,True,Eyes,2.16081,0.01699263,-2.267441,-0.0938434,-0.1159588,0.9888109,0.0,0.0,0.0,0.0,0.0,0.0,0.0,-1.524373,0.203711,2.506547,2.062881,0.01134906,-2.095801,0.06861197,-0.1170742,-0.02865549,0.9903358,7.422681,346.2426,355.7885,0.6845134,0.005711545,-0.7289774,0.0,0.0,0.0,1.470719,-0.1274828,-0.08265297,-0.1059435,0.125697,2.096586,0.970945,-0.0728225,0.2279532,0.04069173,0.9889425,0.1426074,-0.2358177,-0.1291882,0.9631721,moving,-5.421436,-6.68858,-2.892777,3.430959,-7.813648938874278,2.85234897619956,10.430684824631697,4.954772466868952,10.396649168155365
4510,05/05/2023 11:22:58.147175,4692,True,True,True,True,Eyes,2.156404,0.0168435,-2.259554,-0.1024548,-0.114043,0.9881787,0.0,0.0,0.0,0.0,0.0,0.0,0.0,-1.485564,0.2029401,2.518598,2.057887,0.01143853,-2.087198,0.0687001,-0.1241732,-0.02943558,0.9894418,7.390969,345.4123,355.6447,0.6850504,0.005682935,-0.7284731,0.0,0.0,0.0,1.437973,-0.1234623,-0.08189251,-0.1049205,0.1283527,2.096725,0.9674291,-0.075311,0.2416798,0.04118815,0.9888277,0.1432597,-0.2497687,-0.1286393,0.9597226,moving,-5.919302,-6.583224,-2.864702,3.503036,-7.849534849171179,2.870458884630427,10.53865370659839,5.024809682074072,10.499724491850452
4511,05/05/2023 11:22:58.157009,4693,True,True,True,True,Eyes,2.151968,0.01687603,-2.251611,-0.1112561,-0.1119844,0.9874622,0.0,0.0,0.0,0.0,0.0,0.0,0.0,-1.445838,0.2032004,2.530407,2.052759,0.01419084,-2.078624,0.06972526,-0.1314023,-0.0304394,0.9884054,7.460003,344.5584,355.4593,0.6855865,0.0056539,-0.7279689,0.0,0.0,0.0,1.404609,-0.1202581,-0.08195497,-0.1038379,0.1311639,2.096872,0.9636137,-0.07849707,0.2555128,0.04184882,0.9884236,0.1458333,-0.2640023,-0.129834,0.9557436,moving,-6.428332,-6.470056,-2.834993,3.579311,-7.886511035918518,2.889252093556351,10.672481542247333,5.098432676967726,10.628475270249881
4512,05/05/2023 11:22:58.177045,4694,True,True,True,True,Eyes,2.147466,0.01695983,-2.243635,-0.11978,-0.1095564,0.9867371,0.0,0.0,0.0,0.0,0.0,0.0,0.0,-1.407616,0.183053,2.541842,2.04776,0.01853751,-2.069345,0.06758491,-0.1382581,-0.03257703,0.9875504,7.150665,343.7606,355.1998,0.686121,0.005630367,-0.7274652,0.0,0.0,0.0,1.373259,-0.1018157,-0.08026849,-0.1028839,0.1336413,2.097002,0.9596469,-0.08303125,0.2686703,0.04565461,0.9887421,0.1424951,-0.2774771,-0.1244789,0.952634,moving,-6.921269,-6.335543,-2.808816,3.64651,-7.923624294062035,2.908718940242793,10.79600165672542,5.167746078597849,10.747242254808308
4513,05/05/2023 11:22:58.197028,4695,True,True,True,True,Eyes,2.142932,0.01708108,-2.235665,-0.1284601,-0.1072455,0.9858988,0.0,0.0,0.0,0.0,0.0,0.0,0.0,-1.373639,0.153756,2.550869,2.042629,0.0196647,-2.060276,0.06248666,-0.1441881,-0.03423971,0.9869817,6.515528,343.0954,355.057,0.6866547,0.005613428,-0.7269616,0.0,0.0,0.0,1.346153,-0.07462177,-0.07709561,-0.1018413,0.1363477,2.097144,0.9560749,-0.0856076,0.280343,0.04956828,0.9898461,0.1332203,-0.2889011,-0.1134725,0.9506104,moving,-7.423672,-6.208192,-2.780209,3.719901,-7.9609395585689855,2.9280638960130214,10.960327515590855,5.240894496146722,10.90672682414623
4514,05/05/2023 11:22:58.217125,4696,True,True,True,True,Eyes,2.138339,0.01725341,-2.227667,-0.1369913,-0.1050275,0.9849886,0.0,0.0,0.0,0.0,0.0,0.0,0.0,-1.338207,0.1576372,2.558985,2.03745,0.02068852,-2.052418,0.06296594,-0.1505206,-0.03392797,0.9860162,6.543478,342.3574,355.042,0.6871876,0.005603654,-0.726458,0.0,0.0,0.0,1.316594,-0.0720816,-0.07761673,-0.1008221,0.1389955,2.097283,0.9523849,-0.0858624,0.2925589,0.04795171,0.9897684,0.1343846,-0.3011042,-0.1139571,0.9467576,moving,-7.917854,-6.086345,-2.752245,3.791682,-7.99746498989075,2.946918327524634,11.14714913121781,5.312810781938651,11.088875887184495
4515,05/05/2023 11:22:58.227306,4697,True,True,True,True,Eyes,2.133701,0.01748143,-2.219669,-0.1456983,-0.1028357,0.98397,0.0,0.0,0.0,0.0,0.0,0.0,0.0,-1.302494,0.1544043,2.566077,2.031774,0.02205563,-2.043646,0.06235757,-0.1568207,-0.03407833,0.9850672,6.4401,341.6273,354.9947,0.6877183,0.005602042,-0.7259557,0.0,0.0,0.0,1.286956,-0.06425466,-0.07716889,-0.09976971,0.141728,2.097426,0.9484919,-0.08669681,0.3047078,0.04758098,0.9899004,0.1335412,-0.313208,-0.1121644,0.9430376,moving,-8.422693,-5.966378,-2.723375,3.865733,-8.034541868560689,2.9659500576071123,11.364533971150994,5.386845352255619,11.30160637278086
4516,05/05/2023 11:22:58.246933,4698,True,True,True,True,Eyes,2.129014,0.01782021,-2.211663,-0.1548554,-0.100684,0.9827932,0.0,0.0,0.0,0.0,0.0,0.0,0.0,-1.264887,0.150912,2.574271,2.026167,0.02360485,-2.035601,0.06194657,-0.1634537,-0.0345913,0.9839965,6.350035,340.8542,354.9013,0.6882474,0.005609619,-0.7254541,0.0,0.0,0.0,1.256095,-0.05677986,-0.07833666,-0.098764,0.1443402,2.097563,0.9441726,-0.08832623,0.3173901,0.04782464,0.9899321,0.1332186,-0.3259614,-0.1106023,0.938891,moving,-8.954285,-5.849361,-2.695788,3.936507,-8.073095813365422,2.9855168839341237,11.616023295966352,5.46075283459486,11.548283106136632
4517,05/05/2023 11:22:58.257083,4699,True,True,True,True,Eyes,2.12427,0.01828464,-2.203626,-0.1640915,-0.09830701,0.9815344,0.0,0.0,0.0,0.0,0.0,0.0,0.0,-1.227522,0.1531926,2.581183,2.020399,0.02658843,-2.02733,0.06336914,-0.1700547,-0.03551722,0.9827534,6.457877,340.0678,354.7245,0.6887747,0.005629143,-0.7249532,0.0,0.0,0.0,1.22505,-0.0550066,-0.07995657,-0.09775519,0.146959,2.0977,0.9396398,-0.09136179,0.3297424,0.04825689,0.9894457,0.1366322,-0.3387452,-0.1124728,0.9341315,moving,-9.490853,-5.719469,-2.668118,4.007435,-8.112627955176986,3.0058660800051475,11.881177311421668,5.535867497829131,11.808988951441796
4518,05/05/2023 11:22:58.276819,4700,True,True,True,True,Eyes,2.119469,0.0188053,-2.195582,-0.1735532,-0.09564675,0.9801688,0.0,0.0,0.0,0.0,0.0,0.0,0.0,-1.193015,0.1290908,2.587113,2.014391,0.02999829,-2.018522,0.06012228,-0.1759138,-0.03763171,0.981847,6.016904,339.3961,354.5155,0.6892995,0.00566357,-0.724454,0.0,0.0,0.0,1.197635,-0.03260727,-0.07902367,-0.09673667,0.1496043,2.097838,0.9352764,-0.09504984,0.3409159,0.05274447,0.9899383,0.1313016,-0.3499659,-0.1048219,0.9308793,moving,-10.04098,-5.573386,-2.640184,4.079059,-8.153835543799438,3.027386140834981,12.163119497548358,5.613053460385555,12.086881915417031
4519,05/05/2023 11:22:58.296946,4701,True,True,True,True,Eyes,2.114601,0.01934723,-2.18754,-0.1830681,-0.09290621,0.9787005,0.0,0.0,0.0,0.0,0.0,0.0,0.0,-1.160992,0.1043952,2.591694,2.008391,0.03176226,-2.010232,0.05598749,-0.1812699,-0.03914702,0.9810577,5.489398,338.7945,354.4016,0.689822,0.005713397,-0.7239562,0.0,0.0,0.0,1.172523,-0.008687017,-0.0779805,-0.09566814,0.1523792,2.097984,0.9312175,-0.09710866,0.351289,0.05651328,0.9906658,0.1240463,-0.360056,-0.09566155,0.9280133,moving,-10.59487,-5.422732,-2.610881,4.154171,-8.19551217937854,3.049235093918281,12.46840613003643,5.692889316176415,12.388512362699318
4520,05/05/2023 11:22:58.306998,4702,True,True,True,True,Eyes,2.109672,0.01990602,-2.179487,-0.1927897,-0.09004726,0.9770996,0.0,0.0,0.0,0.0,0.0,0.0,0.0,-1.127586,0.09642802,2.595605,2.002012,0.03277565,-2.002195,0.0537609,-0.1869404,-0.03851735,0.9801427,5.220322,338.1523,354.4909,0.6903419,0.005777974,-0.7234598,0.0,0.0,0.0,1.145351,0.004744278,-0.07851966,-0.09458828,0.1551831,2.098131,0.9271394,-0.09560516,0.3623151,0.05540483,0.9912524,0.1197876,-0.370598,-0.09098581,0.9243261,moving,-11.16156,-5.265375,-2.58127,4.23004,-8.238320753813289,3.0717528331563853,12.79782335033286,5.774413597248998,12.714662856059363
4521,05/05/2023 11:22:58.326924,4703,True,True,True,True,Eyes,2.104668,0.02040049,-2.171461,-0.2026195,-0.08701306,0.9753841,0.0,0.0,0.0,0.0,0.0,0.0,0.0,-1.092888,0.08362955,2.599468,1.995432,0.0336956,-1.993927,0.05006488,-0.1928151,-0.03726211,0.9792483,4.800269,337.4989,354.6863,0.6908581,0.005856395,-0.7229663,0.0,0.0,0.0,1.117289,0.02317342,-0.07948946,-0.09363717,0.1576524,2.09826,0.9228678,-0.09228425,0.3738966,0.05367121,0.99221,0.1124213,-0.3813587,-0.08368251,0.9206318,moving,-11.73532,-5.097806,-2.555192,4.296833,-8.282095683940186,3.09497110778616,13.135219527541404,5.851657697873613,13.049391344943805
4522,05/05/2023 11:22:58.346951,4704,True,True,True,True,Eyes,2.099625,0.02079435,-2.163456,-0.2126706,-0.08425902,0.9734842,0.0,0.0,0.0,0.0,0.0,0.0,0.0,-1.054439,0.07415134,2.604815,1.988763,0.03258584,-1.986495,0.04619871,-0.1993809,-0.03539138,0.9781925,4.374182,336.7661,354.9562,0.6913694,0.005945257,-0.7224767,0.0,0.0,0.0,1.086593,0.04007829,-0.08289674,-0.09253561,0.1605131,2.09841,0.9179894,-0.08766145,0.3867958,0.05081688,0.9932262,0.1044952,-0.3933359,-0.07626973,0.9162259,moving,-12.32341,-4.946854,-2.524992,4.374192,-8.325873787512508,3.1177110995189974,13.523715977379887,5.935400051046926,13.435141214598632
4523,05/05/2023 11:22:58.356798,4705,True,True,True,True,Eyes,1.971753,0.02948867,-1.964287,-0.4613795,-0.01670784,0.8870456,0.0,0.0,0.0,0.0,0.0,0.0,0.0,-1.012066,0.08457531,2.61065,1.981961,0.03066348,-1.979347,0.04547087,-0.2067816,-0.03211247,0.9768023,4.332914,335.9172,355.3095,0.691876,0.006040391,-0.7219907,0.0,0.0,0.0,1.05176,0.04175314,-0.08897065,-0.09150529,0.1631884,2.098551,0.9124203,-0.08154014,0.4010491,0.04392999,0.9938024,0.1021126,-0.4068898,-0.07555155,0.9103475,moving,-27.48032,-1.07906,-2.496746,4.446512,-9.452981738282574,3.7026363053075806,25.587319432497416,6.995896418309368,25.539855211025063
4524,05/05/2023 11:22:58.377177,4706,True,True,True,True,Eyes,1.971476,0.02954342,-1.963986,-0.4618977,-0.01671166,0.8867758,0.0,0.0,0.0,0.0,0.0,0.0,0.0,-0.9664123,0.09869169,2.616981,1.975267,0.02991411,-1.972233,0.04561277,-0.2148018,-0.02852576,0.9751749,4.399256,334.9893,355.6728,0.6942173,0.006700535,-0.719734,-0.3836156,0.02608297,0.5975064,1.014511,0.04045485,-0.09688254,-0.09055007,0.1656691,2.09868,0.9060929,-0.07523061,0.4163365,0.03603978,0.9942115,0.1012156,-0.421541,-0.07670608,0.9035593,moving,-27.5138,-1.079635,-2.470562,4.513549,-9.45499354422968,3.703464496191153,25.660231424959907,7.031253152841378,25.611723602342526
4525,05/05/2023 11:22:58.396989,4707,True,True,True,True,Eyes,1.970931,0.02967318,-1.963398,-0.462844,-0.01621166,0.8862915,0.0,0.0,0.0,0.0,0.0,0.0,0.0,-0.923422,0.09202792,2.622018,1.9687,0.03124633,-1.964536,0.04315316,-0.2222546,-0.02693421,0.9736608,4.132349,334.1345,355.8816,0.6961293,0.007238956,-0.7178797,-0.3605987,0.02451799,0.561656,0.9805497,0.0540149,-0.1032178,-0.08946967,0.1684743,2.098827,0.8997548,-0.07163155,0.4304767,0.03326759,0.9948247,0.09600559,-0.4351258,-0.07206058,0.8974813,moving,-27.57471,-1.047912,-2.44095,4.589331,-9.460370870615268,3.706638134122068,25.75819093761534,7.074702541754035,25.70928651012407
4526,05/05/2023 11:22:58.416787,4708,True,True,True,True,Eyes,1.970121,0.02981679,-1.962528,-0.4640529,-0.01530972,0.8856751,0.0,0.0,0.0,0.0,0.0,0.0,0.0,-0.8852081,0.06015629,2.625358,1.961828,0.03306733,-1.957002,0.03714683,-0.2286301,-0.0279481,0.9724029,3.409037,333.416,355.9018,0.6976976,0.007682886,-0.7163509,-0.3389628,0.02304691,0.5279567,0.951539,0.08501897,-0.1078345,-0.08842164,0.1711964,2.09897,0.8938944,-0.07133939,0.4425647,0.03736786,0.9956781,0.08502293,-0.4467174,-0.05946382,0.8926968,moving,-27.65247,-0.9903125,-2.412228,4.662842,-9.468131927902675,3.7115596077830464,25.865575037478568,7.119741458054106,25.816912051330604
4527,05/05/2023 11:22:58.427030,4709,True,True,True,True,Eyes,1.969033,0.0299132,-1.961442,-0.4656449,-0.01405297,0.88486,0.0,0.0,0.0,0.0,0.0,0.0,0.0,-0.8514099,0.01856805,2.626045,1.954354,0.03342376,-1.949547,0.02919006,-0.2340442,-0.02960343,0.9713366,2.455861,332.818,355.9149,0.698989,0.008051753,-0.7150866,-0.318625,0.02166409,0.4962793,0.9262988,0.123016,-0.1112786,-0.08737206,0.1739213,2.099113,0.8886939,-0.07117331,0.4529431,0.04384626,0.9965432,0.07056376,-0.4563996,-0.04284973,0.8887426,moving,-27.75495,-0.9098706,-2.383465,4.736405,-9.478597704477217,3.718276131898672,25.9921657284725,7.167809601698658,25.94424728759915
4528,05/05/2023 11:22:58.447058,4710,True,True,True,True,Eyes,1.967666,0.02995676,-1.960181,-0.4677323,-0.01270534,0.8837789,0.0,0.0,0.0,0.0,0.0,0.0,0.0,-0.8143272,-0.001264513,2.627478,1.946693,0.03230017,-1.943222,0.02419759,-0.2401002,-0.0291541,0.9700085,1.88789,332.1302,356.0885,0.7000552,0.008358797,-0.7140392,-0.2995075,0.02036425,0.4665025,0.89753,0.1449338,-0.1178516,-0.08641517,0.1764057,2.099243,0.8830038,-0.06817915,0.4643877,0.04493976,0.997129,0.06094355,-0.4672095,-0.03294392,0.8835327,moving,-27.88964,-0.8236364,-2.357246,4.803452,-9.491331506994827,3.726112216461677,26.14511937690571,7.2149731136233655,26.09808779750871
4529,05/05/2023 11:22:58.457206,4711,True,True,True,True,Eyes,1.966043,0.02998247,-1.958764,-0.4703206,-0.01154654,0.8824201,0.0,0.0,0.0,0.0,0.0,0.0,0.0,-0.7700042,0.0008294582,2.630925,1.938872,0.03104506,-1.93765,0.02310208,-0.2475341,-0.02756949,0.9682114,1.781419,331.2599,356.2815,0.7009368,0.008614266,-0.7131709,-0.2815371,0.01914239,0.4385124,0.8626359,0.1499788,-0.1281294,-0.08536768,0.1791263,2.099385,0.8759336,-0.06482328,0.4780568,0.04194907,0.9974124,0.05838417,-0.4806044,-0.03108662,0.8763863,moving,-28.05715,-0.7496772,-2.328546,4.876847,-9.505423726089129,3.7341644276495143,26.3366444020874,7.267275786454495,26.28999418255179
4530,05/05/2023 11:22:58.476976,4712,True,True,True,True,Eyes,1.964186,0.03002866,-1.957205,-0.4733369,-0.01072773,0.8808161,0.0,0.0,0.0,0.0,0.0,0.0,0.0,-0.7227054,0.01368574,2.634838,1.931234,0.03067116,-1.932423,0.0248664,-0.2555406,-0.02664628,0.9661112,1.973026,330.3052,356.3172,0.7016844,0.00883318,-0.7124329,-0.2646448,0.01799385,0.4122016,0.8255966,0.1450133,-0.1400476,-0.08437926,0.1816925,2.09952,0.867978,-0.06419529,0.4924359,0.03877779,0.9973433,0.06166582,-0.4950863,-0.03442899,0.8681614,moving,-28.2529,-0.6977883,-2.301466,4.946055,-9.520081707762817,3.741817197168513,26.55804762875673,7.318374233539064,26.511243577237074
4531,05/05/2023 11:22:58.496925,4713,True,True,True,True,Eyes,1.962088,0.030094,-1.955522,-0.4767776,-0.01011666,0.8789657,0.0,0.0,0.0,0.0,0.0,0.0,0.0,-0.6750246,0.03417362,2.638164,1.923664,0.03131115,-1.927504,0.02869265,-0.2636138,-0.02612232,0.9638476,2.380653,329.3291,356.2421,0.7023508,0.009032719,-0.7117733,-0.2487661,0.01691422,0.3874695,0.7883884,0.1333813,-0.1526096,-0.08334255,0.1843842,2.099661,0.8596508,-0.06548342,0.506668,0.03522831,0.9969887,0.06908309,-0.509666,-0.04153828,0.859369,moving,-28.47674,-0.6594302,-2.273067,5.018621,-9.535743814289692,3.749501074897248,26.81180232883926,7.372729473750809,26.764415450592537
4532,05/05/2023 11:22:58.507239,4714,True,True,True,True,Eyes,1.959776,0.03016238,-1.953727,-0.4805335,-0.009734862,0.8769224,0.0,0.0,0.0,0.0,0.0,0.0,0.0,-0.6299897,0.04744051,2.639982,1.915865,0.03187517,-1.922781,0.03123042,-0.2711115,-0.02601089,0.9616896,2.634485,328.4241,356.1564,0.7029428,0.00921572,-0.7111864,-0.2338402,0.01589937,0.3642214,0.7535914,0.1272832,-0.1646762,-0.08232433,0.1870289,2.099799,0.851644,-0.06696266,0.5198255,0.03309495,0.9966962,0.07417164,-0.5230748,-0.04596423,0.8510464,moving,-28.72174,-0.6360238,-2.245178,5.089898,-9.551912924341488,3.7569663008855856,27.08864182271897,7.427319985640557,27.040263887871998
4533,05/05/2023 11:22:58.527357,4715,True,True,True,True,Eyes,1.957227,0.03024321,-1.951858,-0.4846978,-0.009531892,0.8746298,0.0,0.0,0.0,0.0,0.0,0.0,0.0,-0.5855279,0.06203929,2.641149,1.908024,0.03212279,-1.918533,0.03357277,-0.278468,-0.02515686,0.9595289,2.889925,327.5361,356.1548,0.7034654,0.009383904,-0.7106672,-0.2198098,0.0149454,0.3423681,0.7193147,0.1207589,-0.1774207,-0.08128256,0.1897334,2.099941,0.8436454,-0.06697536,0.532707,0.02957959,0.99648,0.07843885,-0.5360853,-0.05041733,0.8426569,moving,-28.99412,-0.6243963,-2.216645,5.162757,-9.569134664444135,3.7645335681181527,27.3956987626402,7.484259016844707,27.345954009351615
4534,05/05/2023 11:22:58.547246,4716,True,True,True,True,Eyes,1.954455,0.03033371,-1.949918,-0.4890879,-0.009301247,0.8721849,0.0,0.0,0.0,0.0,0.0,0.0,0.0,-0.5384674,0.07570194,2.642321,1.899938,0.0325374,-1.914866,0.035719,-0.2861949,-0.02426655,0.9571979,3.123615,326.6027,356.1583,0.7039236,0.009539584,-0.7102111,-0.2066212,0.01404868,0.321826,0.6837041,0.1152487,-0.1921401,-0.08021832,0.1924969,2.100086,0.8350072,-0.06690098,0.5461568,0.02601059,0.9962706,0.08227022,-0.549624,-0.05449037,0.8336332,moving,-29.28204,-0.6109965,-2.1875,5.23718,-9.587397063149371,3.7725889770789793,27.71850043178296,7.543441085448174,27.667350402171706
4535,05/05/2023 11:22:58.556987,4717,True,True,True,True,Eyes,1.951454,0.03041461,-1.947937,-0.4938917,-0.00919859,0.8694748,0.0,0.0,0.0,0.0,0.0,0.0,0.0,-0.489441,0.0836805,2.643106,1.891637,0.03290254,-1.911331,0.03684875,-0.2942041,-0.0237368,0.9547371,3.2329,325.6378,356.1518,0.7043205,0.0096842,-0.7098155,-0.1942239,0.01320576,0.3025165,0.647343,0.1142218,-0.2082604,-0.07917517,0.1952059,2.100228,0.8257611,-0.06700689,0.5600256,0.02364269,0.9961574,0.08432864,-0.5635242,-0.0563948,0.8241723,moving,-29.59807,-0.6061369,-2.158935,5.310108,-9.606926337872553,3.780929870738261,28.0697004484373,7.603351939772157,28.0168701558692
4536,05/05/2023 11:22:58.577062,4718,True,True,True,True,Eyes,1.948218,0.03048189,-1.945916,-0.4988655,-0.009120109,0.8666314,0.0,0.0,0.0,0.0,0.0,0.0,0.0,-0.438944,0.09502323,2.643428,1.883265,0.0327748,-1.908312,0.03848353,-0.3024323,-0.02303351,0.9521152,3.402467,324.6413,356.1436,0.704659,0.009818643,-0.7094777,-0.1825705,0.01241341,0.2843655,0.6102096,0.1103419,-0.2260337,-0.07818836,0.1977684,2.100362,0.8160084,-0.06713843,0.5741278,0.02058378,0.9959769,0.08721365,-0.5776734,-0.05934935,0.8141075,moving,-29.92634,-0.6029373,-2.131916,5.379065,-9.627115135861606,3.789499795491612,28.430869789877715,7.661901045145673,28.376323095817543
4537,05/05/2023 11:22:58.597148,4719,True,True,True,True,Eyes,1.944759,0.03053097,-1.943863,-0.5042089,-0.009007431,0.8635347,0.0,0.0,0.0,0.0,0.0,0.0,0.0,-0.38841,0.1029992,2.642667,1.874723,0.03251673,-1.905129,0.03922922,-0.3106442,-0.02197808,0.9494622,3.487948,323.6503,356.2025,0.7049413,0.009943707,-0.7091945,-0.1716162,0.01166861,0.2673036,0.5733356,0.1094981,-0.2441866,-0.0771426,0.2004841,2.100505,0.8060342,-0.06610738,0.5881655,0.01736205,0.9959561,0.08814806,-0.5916143,-0.0608386,0.8039225,moving,-30.28021,-0.5976239,-2.103285,5.45212,-9.648976046138776,3.798832875409685,28.819064934713136,7.72468845197753,28.76268495366676
4538,05/05/2023 11:22:58.606963,4720,True,True,True,True,Eyes,1.941165,0.0305869,-1.941712,-0.5094998,-0.005897243,0.8604506,0.0,0.0,0.0,0.0,0.0,0.0,0.0,-0.3382721,0.1047842,2.641284,1.866058,0.03212103,-1.902257,0.03854008,-0.3187104,-0.02063236,0.9468436,3.430133,322.6837,356.3448,0.7051698,0.01005962,-0.7089651,-0.1613193,0.01096849,0.2512653,0.5372574,0.1136521,-0.2629248,-0.07611686,0.2031481,2.100644,0.795996,-0.06363747,0.6019474,0.01450498,0.9961779,0.08613433,-0.6051281,-0.05983134,0.7938766,moving,-30.63111,-0.3926801,-2.075205,5.523756,-9.68111740682832,3.8182447887682343,29.162371757016064,7.794784925319122,29.10906893350335
4539,05/05/2023 11:22:58.627392,4721,True,True,True,True,Eyes,1.937345,0.03063034,-1.939535,-0.5150751,-0.002679873,0.8571408,0.0,0.0,0.0,0.0,0.0,0.0,0.0,-0.2891389,0.09887904,2.638974,1.857187,0.03163231,-1.899321,0.03647025,-0.3265511,-0.01969633,0.9442703,3.210922,321.7486,356.4964,0.7053491,0.01016762,-0.7087848,-0.1516401,0.01031038,0.2361894,0.5023367,0.1236379,-0.281545,-0.07509583,0.2057993,2.100783,0.7859528,-0.06101613,0.6152684,0.01337853,0.9965639,0.08173927,-0.6181418,-0.05601182,0.7840685,moving,-31.0026,-0.1791361,-2.047257,5.595023,-9.714965239338646,3.838621501941362,29.525460226044938,7.86630128243283,29.475084248471656
4540,05/05/2023 11:22:58.647139,4722,True,True,True,True,Eyes,1.933202,0.03069071,-1.93741,-0.5207349,0.0007942662,0.8537181,0.0,0.0,0.0,0.0,0.0,0.0,0.0,-0.2431753,0.0870439,2.635584,1.84808,0.03131647,-1.896479,0.03348594,-0.3337713,-0.01926173,0.9418622,2.878619,320.8894,356.6342,0.7054805,0.01026812,-0.7086525,-0.1425417,0.00969176,0.2220181,0.4698987,0.1381866,-0.2989397,-0.07399249,0.2086636,2.100933,0.7764513,-0.05863709,0.6274432,0.0139305,0.9970154,0.0759363,-0.6300232,-0.05022025,0.7749507,moving,-31.38157,0.05330576,-2.017059,5.671987,-9.750259614072023,3.860151087388819,29.89722537537303,7.94261550823855,29.84968192402158
4541,05/05/2023 11:22:58.657030,4723,True,True,True,True,Eyes,1.928831,0.03073299,-1.935266,-0.5265937,0.004512182,0.8501051,0.0,0.0,0.0,0.0,0.0,0.0,0.0,-0.198722,0.07111607,2.631168,1.838695,0.03149566,-1.893621,0.02995325,-0.340684,-0.01920467,0.9395044,2.475774,320.0665,356.7583,0.7055618,0.01036259,-0.7085703,-0.1339892,0.009110254,0.208697,0.4385848,0.1555338,-0.3160517,-0.07301307,0.2112077,2.101066,0.7671312,-0.05649492,0.6389977,0.01567656,0.9974679,0.06936786,-0.6412987,-0.04319697,0.7660745,moving,-31.77596,0.3041113,-1.990255,5.74032,-9.787456796494649,3.8830097197232623,30.277724276718367,8.01535759230248,30.23301184869299
4542,05/05/2023 11:22:58.677044,4724,True,True,True,True,Eyes,1.924269,0.03069986,-1.933099,-0.5324891,0.008307713,0.8463961,0.0,0.0,0.0,0.0,0.0,0.0,0.0,-0.15653,0.04890215,2.625816,1.828943,0.03101887,-1.89098,0.02524501,-0.3471184,-0.01970241,0.9372745,1.928073,319.3033,356.8764,0.7055939,0.01045105,-0.7085371,-0.1259498,0.008563639,0.1961752,0.4091961,0.1777135,-0.3325157,-0.07197273,0.2139087,2.101208,0.7582412,-0.05445915,0.6496956,0.01940712,0.997949,0.06100115,-0.6516852,-0.03364488,0.757743,moving,-32.17503,0.5623628,-1.961787,5.81284,-9.825329615214695,3.906366974028968,30.666065339472045,8.091349816937388,30.623695190662787
4543,05/05/2023 11:22:58.696890,4725,True,True,True,True,Eyes,1.919501,0.03058535,-1.930956,-0.5385829,0.01197135,0.8424875,0.0,0.0,0.0,0.0,0.0,0.0,0.0,-0.1152383,0.03823726,2.619822,1.819397,0.02917241,-1.88869,0.02211532,-0.3534551,-0.01895929,0.9349979,1.6018,318.5431,357.0705,0.7055787,0.01053141,-0.7085513,-0.1183928,0.008049821,0.1844046,0.3798308,0.1901844,-0.3494455,-0.07097781,0.2164922,2.101343,0.7494202,-0.05108733,0.6601209,0.01982024,0.9983029,0.05475807,-0.661798,-0.02795304,0.7491608,moving,-32.58984,0.8140915,-1.934564,5.882182,-9.863820587485666,3.929795532969006,31.071393402169242,8.166083697025803,31.030723526010856
4544,05/05/2023 11:22:58.717108,4726,True,True,True,True,Eyes,1.914543,0.0303947,-1.928852,-0.5447562,0.0152594,0.8384557,0.0,0.0,0.0,0.0,0.0,0.0,0.0,-0.07390726,0.04137275,2.613374,1.809764,0.02709425,-1.88704,0.02129628,-0.3597824,-0.01698124,0.9326386,1.576082,317.7729,357.3051,0.7055164,0.01060154,-0.7086124,-0.1112893,0.007566831,0.1733404,0.3497292,0.1913987,-0.3670241,-0.06995749,0.2191416,2.101482,0.7405366,-0.04699875,0.6703706,0.01635066,0.9985162,0.05194255,-0.6718171,-0.02750436,0.7402062,moving,-33.01234,1.042634,-1.906649,5.95326,-9.901565503312764,3.95224158987434,31.49092345898032,8.241526835035156,31.451098112546816
4545,05/05/2023 11:22:58.727093,4727,True,True,True,True,Eyes,1.909395,0.03014435,-1.926795,-0.5511019,0.01813478,0.8342408,0.0,0.0,0.0,0.0,0.0,0.0,0.0,-0.03273594,0.05417768,2.606552,1.800297,0.02517472,-1.885846,0.02247559,-0.3660854,-0.01481495,0.9301919,1.774513,316.9958,357.476,0.7054073,0.01065971,-0.7087201,-0.1046119,0.007112821,0.1629399,0.3196284,0.1846947,-0.3848511,-0.06889999,0.221888,2.101626,0.7315241,-0.04401745,0.6803933,0.01110552,0.9985508,0.05266028,-0.6817252,-0.03096614,0.7309527,moving,-33.44886,1.245303,-1.87772,6.026916,-9.938809600762912,3.9737305604580127,31.931187008649854,8.318457549370267,31.891484943736575
4546,05/05/2023 11:22:58.747154,4728,True,True,True,True,Eyes,1.904033,0.029851,-1.924819,-0.5574662,0.02061922,0.8299435,0.0,0.0,0.0,0.0,0.0,0.0,0.0,0.007668257,0.07587361,2.598854,1.790697,0.0235529,-1.884863,0.02578418,-0.3722371,-0.01310821,0.9276869,2.182384,316.2259,357.5041,0.7052515,0.01070494,-0.7088743,-0.0983352,0.006686052,0.1531635,0.2898213,0.1706326,-0.4022365,-0.0678792,0.224538,2.101765,0.7225355,-0.04351628,0.689963,0.005124967,0.9983267,0.05759802,-0.6913149,-0.03808057,0.7215495,moving,-33.88893,1.42317,-1.849798,6.097954,-9.9749704683051,3.9940488081438215,32.37838144132718,8.393142718673536,32.338294473002726
4547,05/05/2023 11:22:58.757156,4729,True,True,True,True,Eyes,1.898488,0.02952164,-1.922894,-0.5639056,0.02289346,0.8255219,0.0,0.0,0.0,0.0,0.0,0.0,0.0,0.04630101,0.09200332,2.590659,1.781029,0.02228597,-1.884028,0.02847621,-0.3780455,-0.01249434,0.9252646,2.47877,315.4966,357.4384,0.7050478,0.01073693,-0.709076,-0.09243508,0.006284889,0.1439737,0.2616792,0.1609913,-0.4189884,-0.06690717,0.2270623,2.101897,0.7138511,-0.04465174,0.6988726,0.001590539,0.998066,0.06214291,-0.7002958,-0.0432492,0.7125415,moving,-34.33658,1.588526,-1.823212,6.165599,-10.01093800218958,4.013924767925076,32.83395644680599,8.465728503082683,32.79318842700363
4548,05/05/2023 11:22:58.776851,4730,True,True,True,True,Eyes,1.892776,0.02915959,-1.921003,-0.5707965,0.02493039,0.8207129,0.0,0.0,0.0,0.0,0.0,0.0,0.0,0.0812211,0.1018517,2.582077,1.771166,0.02111794,-1.883246,0.03019867,-0.3831653,-0.01262382,0.9230998,2.641052,314.8533,357.3349,0.7047965,0.01075568,-0.709325,-0.08688898,0.005907795,0.1353353,0.2361178,0.1566052,-0.4337712,-0.06586087,0.2297798,2.10204,0.70605,-0.04644825,0.7066371,0.0001639267,0.9978574,0.06542677,-0.7081621,-0.04607874,0.7045448,moving,-34.81818,1.73991,-1.794598,6.238393,-10.048243940194824,4.033959470395772,33.32856608694729,8.542961927372605,33.28668304221446
4549,05/05/2023 11:22:58.797134,4731,True,True,True,True,Eyes,1.886886,0.02874397,-1.919176,-0.5776445,0.02693955,0.8158439,0.0,0.0,0.0,0.0,0.0,0.0,0.0,0.1124737,0.1068766,2.573288,1.761227,0.02003193,-1.882436,0.03116634,-0.3876342,-0.01332024,0.92119,2.699257,314.2917,357.2053,0.7044981,0.01076131,-0.7096204,-0.08167564,0.005553328,0.1272152,0.2129215,0.1560664,-0.4466031,-0.06484818,0.232409,2.102178,0.6991246,-0.04870322,0.7133393,0.0003786491,0.9977025,0.067747,-0.7149999,-0.04709349,0.6975368,moving,-35.29976,1.891247,-1.766906,6.30879,-10.085546195378598,4.053991269837081,33.822580971034206,8.618810359539927,33.77942582862518
4550,05/05/2023 11:22:58.807354,4732,True,True,True,True,Eyes,1.880822,0.0282804,-1.917413,-0.5847272,0.02875701,0.8107201,0.0,0.0,0.0,0.0,0.0,0.0,0.0,0.1412811,0.106548,2.5647,1.751115,0.01832106,-1.882088,0.0309657,-0.3915922,-0.01421253,0.9195079,2.625947,313.7982,357.1087,0.7041535,0.01075313,-0.7099628,-0.0767751,0.005220128,0.1195823,0.1915345,0.1598333,-0.4584279,-0.0637877,0.2351627,2.102322,0.6929072,-0.05038891,0.719264,0.001885209,0.9976783,0.06807745,-0.7210245,-0.04581539,0.6913934,moving,-35.8008,2.031484,-1.737909,6.382492,-10.123453618965035,4.073956809808037,34.33965366589979,8.697510751991521,34.29493810994915
4551,05/05/2023 11:22:58.827052,4733,True,True,True,True,Eyes,1.874576,0.02779096,-1.91572,-0.5916925,0.0305556,0.8055845,0.0,0.0,0.0,0.0,0.0,0.0,0.0,0.1679815,0.1123966,2.555692,1.740857,0.01673805,-1.8819,0.03208802,-0.3951724,-0.01516844,0.9179211,2.689318,313.3438,356.9466,0.7037618,0.01073072,-0.7103517,-0.0721686,0.00490692,0.1124073,0.1709735,0.1585899,-0.4690511,-0.06278872,0.2377578,2.102458,0.6872174,-0.05320746,0.7245008,0.002486273,0.9974806,0.07089683,-0.7264477,-0.04692023,0.6856182,moving,-36.29685,2.172172,-1.710598,6.45192,-10.161080337982089,4.0938174949643,34.850036877326374,8.773328853337418,34.803634244532944
4552,05/05/2023 11:22:58.847126,4734,True,True,True,True,Eyes,1.868149,0.02726035,-1.914106,-0.598734,0.03246253,0.8002898,0.0,0.0,0.0,0.0,0.0,0.0,0.0,0.1928686,0.1123677,2.546699,1.730304,0.01562279,-1.881835,0.03262034,-0.39838,-0.01766635,0.91647,2.620206,312.9352,356.6501,0.703322,0.01069447,-0.710788,-0.06783848,0.004612505,0.1056629,0.1519885,0.162956,-0.4783382,-0.06172752,0.2405132,2.102602,0.6819627,-0.05837193,0.7290539,0.006390777,0.9972476,0.07386696,-0.7313591,-0.04571529,0.6804587,moving,-36.80187,2.322843,-1.681588,6.525606,-10.199777292624644,4.114415726619498,35.370855581872675,8.852874525227943,35.32248969141214
4553,05/05/2023 11:22:58.856809,4735,True,True,True,True,Eyes,1.861541,0.02670347,-1.912576,-0.6056077,0.03437556,0.7950206,0.0,0.0,0.0,0.0,0.0,0.0,0.0,0.2160295,0.1079177,2.537927,1.719552,0.01408659,-1.882107,0.03233925,-0.4012088,-0.02080766,0.9151791,2.435573,312.5771,356.3252,0.702834,0.0106442,-0.7112715,-0.06376817,0.004335755,0.09932312,0.1344776,0.1713673,-0.4866354,-0.06058478,0.24348,2.102757,0.677197,-0.06403506,0.73301,0.01213589,0.9970424,0.07588884,-0.7357016,-0.04249597,0.6759714,moving,-37.29837,2.475846,-1.650353,6.604913,-10.23807682210162,4.134914381945332,35.88635270298136,8.935876768279854,35.83572698716966
4554,05/05/2023 11:22:58.876978,4736,True,True,True,True,Eyes,1.854738,0.0260999,-1.91114,-0.6124604,0.03645227,0.7896603,0.0,0.0,0.0,0.0,0.0,0.0,0.0,0.2378848,0.1068653,2.528986,1.708647,0.01288956,-1.882589,0.03276731,-0.4037771,-0.02386823,0.9139589,2.328056,312.2476,355.9775,0.7022966,0.01058023,-0.7118034,-0.05994208,0.004075609,0.09336373,0.1173481,0.1766634,-0.4944098,-0.05968368,0.2458198,2.10288,0.6727888,-0.07009055,0.7365071,0.01716779,0.9967132,0.07917085,-0.7396355,-0.04062107,0.6717808,moving,-37.79715,2.64301,-1.625725,6.667428,-10.277257512634554,4.156191777924947,36.394613980221706,9.008624877318098,36.34169279034211
4555,05/05/2023 11:22:58.896938,4737,True,True,True,True,Eyes,1.847768,0.02544321,-1.909809,-0.6191359,0.0385547,0.7843368,0.0,0.0,0.0,0.0,0.0,0.0,0.0,0.2582133,0.09883457,2.520154,1.697368,0.01111468,-1.883199,0.03184112,-0.4059838,-0.02767901,0.9129059,2.043683,311.9708,355.6161,0.7017097,0.01050225,-0.7123832,-0.05634556,0.003831072,0.08776191,0.1017008,0.1882031,-0.5010389,-0.05865574,0.248489,2.10302,0.6688221,-0.07639062,0.7394875,0.02468269,0.99644,0.08061035,-0.7430128,-0.03566144,0.6683266,moving,-38.28668,2.814155,-1.597633,6.738719,-10.316082670950072,4.177434784031799,36.898351892168634,9.086888438836324,36.84271337691393
4556,05/05/2023 11:22:58.917202,4738,True,True,True,True,Eyes,1.840634,0.02482453,-1.908574,-0.6258623,0.04040179,0.7788864,0.0,0.0,0.0,0.0,0.0,0.0,0.0,0.2793014,0.09707785,2.511452,1.686403,0.009165071,-1.884353,0.03175867,-0.4083326,-0.03037112,0.911775,1.897437,311.6729,355.333,0.7010722,0.01040953,-0.7130121,0.0,0.0,0.0,0.08538251,0.1943592,-0.508821,-0.05764544,0.2511128,2.103158,0.6646843,-0.08131944,0.7426857,0.02944706,0.996138,0.08271654,-0.7465439,-0.03311047,0.6645119,moving,-38.78309,2.969341,-1.570027,6.808768,-10.354491111011432,4.198042180320897,37.410603544052826,9.164207495642327,37.35210810503602
4557,05/05/2023 11:22:58.926970,4739,True,True,True,True,Eyes,1.833342,0.02444202,-1.907409,-0.6324206,0.04208518,0.7734811,0.0,0.0,0.0,0.0,0.0,0.0,0.0,0.301253,0.1137738,2.501587,1.67536,0.009347756,-1.885396,0.03494142,-0.4109491,-0.02997277,0.9104953,2.234726,311.3229,355.2182,0.7003831,0.01030485,-0.7136908,0.0,0.0,0.0,0.06617853,0.1848462,-0.5174529,-0.05658114,0.2538763,2.103302,0.6604449,-0.08329842,0.7462398,0.02586183,0.9957615,0.08826256,-0.750429,-0.03899343,0.6597998,moving,-39.27043,3.114398,-1.540948,6.882518,-10.391815565366652,4.2179020422595865,37.917180015432635,9.243269706218912,37.85565593728824
4558,05/05/2023 11:22:58.947121,4740,True,True,True,True,Eyes,1.825838,0.02406203,-1.906296,-0.638835,0.04449384,0.7680561,0.0,0.0,0.0,0.0,0.0,0.0,0.0,0.321355,0.1180285,2.491904,1.664347,0.01466117,-1.885874,0.03744023,-0.4132056,-0.03220465,0.9092977,2.376986,311.017,354.8603,0.6996425,0.01019827,-0.7144186,0.0,0.0,0.0,0.04929146,0.1878355,-0.5238607,-0.05549443,0.2566984,2.10345,0.6564479,-0.08950824,0.7490423,0.0276262,0.9951222,0.09470289,-0.7538653,-0.04147433,0.6557187,moving,-39.75218,3.315465,-1.51126,6.957794,-10.431734279259926,4.240467885418465,38.41398863683178,9.325166088597278,38.34855392889185
4559,05/05/2023 11:22:58.956947,4741,True,True,True,True,Eyes,1.818227,0.02372527,-1.905315,-0.6451461,0.04638373,0.76265,0.0,0.0,0.0,0.0,0.0,0.0,0.0,0.334577,0.07550135,2.483561,1.651541,0.01440417,-1.886245,0.03061823,-0.4137162,-0.03953695,0.9090316,1.315152,310.9937,354.4197,0.6988496,0.01009004,-0.7151959,0.0,0.0,0.0,0.04061206,0.2294255,-0.5246447,-0.05449152,0.2593016,2.103587,0.6545515,-0.09721518,0.749741,0.04654615,0.9949988,0.08838001,-0.7545832,-0.02295171,0.6558028,moving,-40.22878,3.480394,-1.483864,7.027198,-10.46944509118006,4.261063548956561,38.906918850783754,9.40171087342203,38.83776853834117
4560,05/05/2023 11:22:58.976834,4742,True,True,True,True,Eyes,1.810442,0.02359423,-1.904347,-0.6514789,0.04817517,0.7571356,0.0,0.0,0.0,0.0,0.0,0.0,0.0,0.355337,0.1038476,2.474589,1.641407,0.01520086,-1.888435,0.0360011,-0.4162101,-0.03810575,0.907756,1.927819,310.6408,354.3066,0.6980048,0.009981984,-0.716022,0.0,0.0,0.0,0.02147763,0.2102721,-0.5338391,-0.05345976,0.2619809,2.103726,0.6506342,-0.09914949,0.7528908,0.03921341,0.9945037,0.09708042,-0.7583781,-0.03364043,0.6509461,moving,-40.71042,3.640719,-1.455683,7.098603,-10.507222020047326,4.281554091003044,39.40674229997482,9.479774427016723,39.333652409936356
4561,05/05/2023 11:22:58.996839,4743,True,True,True,True,Eyes,1.802509,0.0235177,-1.903439,-0.6575661,0.05052428,0.7517009,0.0,0.0,0.0,0.0,0.0,0.0,0.0,0.3732376,0.1036951,2.46361,1.629167,0.02010356,-1.888079,0.03689827,-0.4180292,-0.03845812,0.9068689,1.992608,310.4039,354.2227,0.6971079,0.009881788,-0.7168967,0.0,0.0,0.0,0.004393399,0.2153545,-0.5386283,-0.05243933,0.2646314,2.103866,0.6475452,-0.100602,0.7553573,0.03890382,0.994319,0.09907701,-0.7610334,-0.03477056,0.6477802,moving,-41.17849,3.845254,-1.427815,7.169207,-10.546488133223008,4.303945994143751,39.889407447364185,9.558238349311209,39.811376904165485
4562,05/05/2023 11:22:59.007346,4744,True,True,True,True,Eyes,1.794476,0.02342481,-1.902609,-0.6637234,0.05246625,0.7461357,0.0,0.0,0.0,0.0,0.0,0.0,0.0,0.3913966,0.06511249,2.45497,1.617688,0.02119727,-1.888636,0.02978784,-0.4196016,-0.04172547,0.9062595,1.087245,310.2565,354.2237,0.6961595,0.009790796,-0.7178191,0.0,0.0,0.0,-0.007314898,0.2523222,-0.5444394,-0.0514195,0.2672789,2.104004,0.6443869,-0.1006263,0.7580501,0.05063016,0.9947434,0.08900718,-0.7630216,-0.01897487,0.6460944,moving,-41.65462,4.022264,-1.399966,7.239704,-10.584803382259604,4.325144162945223,40.383029713151984,9.636176460729963,40.30017920080572
4563,05/05/2023 11:22:59.027382,4745,True,True,True,True,Eyes,1.786317,0.0233574,-1.901811,-0.6697613,0.05414961,0.7405995,0.0,0.0,0.0,0.0,0.0,0.0,0.0,0.4095051,0.084732,2.445308,1.607265,0.02080943,-1.889621,0.03259123,-0.4217519,-0.03818117,0.9053206,1.536002,309.9678,354.4532,0.6951603,0.009707449,-0.7187881,0.0,0.0,0.0,-0.02586586,0.2378417,-0.5522366,-0.05040085,0.2699246,2.104143,0.6413352,-0.09662323,0.7611526,0.04164156,0.9949601,0.09121699,-0.76613,-0.02680507,0.6421263,moving,-42.12462,4.181792,-1.372152,7.310116,-10.6218286231639,4.345296056334583,40.87236302368631,9.713221655633157,40.78477049954845
4564,05/05/2023 11:22:59.047306,4746,True,True,True,True,Eyes,1.77809,0.02327525,-1.901035,-0.6758472,0.05584706,0.7349229,0.0,0.0,0.0,0.0,0.0,0.0,0.0,0.4273146,0.09206581,2.434662,1.596137,0.02137523,-1.889588,0.03279985,-0.423809,-0.03355798,0.9045352,1.770314,309.7117,354.9196,0.6941108,0.009631954,-0.7198026,0.0,0.0,0.0,-0.04438559,0.2322087,-0.5595332,-0.04934174,0.2726746,2.104287,0.6385196,-0.0885105,0.7644988,0.03290701,0.9955961,0.08778159,-0.7689016,-0.03089289,0.6386203,moving,-42.60215,4.345575,-1.343237,7.383275,-10.659536099708818,4.365857242370077,41.370587658765125,9.792764616761486,41.27787169950397
4565,05/05/2023 11:22:59.057036,4747,True,True,True,True,Eyes,1.76979,0.02317674,-1.900297,-0.681835,0.05703903,0.7292788,0.0,0.0,0.0,0.0,0.0,0.0,0.0,0.4432852,0.0889877,2.425347,1.585956,0.02098531,-1.889718,0.03087026,-0.425553,-0.02957986,0.903923,1.75542,309.5092,355.4237,0.6930138,0.009562996,-0.7208597,0.0,0.0,0.0,-0.06012302,0.234764,-0.5662658,-0.04829234,0.2753993,2.10443,0.6360594,-0.07974969,0.767508,0.02720197,0.9963441,0.08098426,-0.7711605,-0.03063307,0.6359034,moving,-43.07435,4.472167,-1.31459,7.455728,-10.694969513866662,4.384390074372592,41.86620584072936,9.870391911042164,41.76905971640141
4566,05/05/2023 11:22:59.076959,4748,True,True,True,True,Eyes,1.761421,0.0231706,-1.899548,-0.6873998,0.05819587,0.7239439,0.0,0.0,0.0,0.0,0.0,0.0,0.0,0.460102,0.1117939,2.414851,1.575962,0.02056644,-1.889872,0.03385025,-0.4276127,-0.02347205,0.9030231,2.353296,309.2375,355.9055,0.6918709,0.009499302,-0.7219576,0.0,0.0,0.0,-0.07893267,0.2145273,-0.5736737,-0.0473119,0.2779447,2.104563,0.633193,-0.07134119,0.7706991,0.01344202,0.9966064,0.081209,-0.7738773,-0.04106122,0.6320032,moving,-43.51677,4.595968,-1.287828,7.523382,-10.728440389820411,4.402018251089587,42.33028815359943,9.943242627425056,42.22872510320747
4567,05/05/2023 11:22:59.097058,4749,True,True,True,True,Eyes,1.752967,0.02324554,-1.898803,-0.6927649,0.05959816,0.7186967,0.0,0.0,0.0,0.0,0.0,0.0,0.0,0.4757227,0.1169389,2.404357,1.565607,0.02283464,-1.889251,0.03461206,-0.4293973,-0.02064867,0.902216,2.563245,309.011,356.1554,0.690684,0.009443895,-0.7230938,0.0,0.0,0.0,-0.0952218,0.2115275,-0.5790168,-0.04627752,0.2806315,2.104704,0.6303833,-0.06698376,0.7733888,0.007534476,0.9967513,0.08018807,-0.7762475,-0.04472214,0.62884,moving,-43.94747,4.740426,-1.259597,7.59476,-10.76227899109309,4.42039706285819,42.78319440910981,10.018859470046705,42.6764820700684
4568,05/05/2023 11:22:59.106973,4750,True,True,True,True,Eyes,1.744435,0.02334355,-1.898058,-0.6977274,0.06136366,0.7137303,0.0,0.0,0.0,0.0,0.0,0.0,0.0,0.489221,0.09747821,2.395232,1.555153,0.02478961,-1.888613,0.0312021,-0.430687,-0.02196837,0.9016944,2.140296,308.8665,356.1847,0.6894547,0.009399109,-0.7242666,0.0,0.0,0.0,-0.1073681,0.2316579,-0.5825123,-0.0452522,0.283293,2.104844,0.6280522,-0.06649417,0.7753252,0.01274082,0.9970877,0.07519249,-0.7780671,-0.03734654,0.6270702,moving,-44.35042,4.913977,-1.231617,7.665429,-10.79594973794334,4.439545099584829,43.2065002084306,10.09370039485285,43.09363160759185
4569,05/05/2023 11:22:59.127185,4751,True,True,True,True,Eyes,1.735824,0.02344908,-1.897311,-0.7025037,0.06327846,0.7088614,0.0,0.0,0.0,0.0,0.0,0.0,0.0,0.5015034,0.08318434,2.385877,1.544787,0.02536801,-1.887809,0.02856622,-0.4318225,-0.0232487,0.9012063,1.799927,308.7362,356.1808,0.6881844,0.009364813,-0.7254742,0.0,0.0,0.0,-0.1191167,0.247398,-0.585187,-0.04421836,0.2859786,2.104984,0.6259776,-0.06657481,0.776994,0.01723267,0.9972869,0.07156673,-0.7796505,-0.03140949,0.6254266,moving,-44.74191,5.101144,-1.203407,7.736712,-10.829635085302298,4.459092265071769,43.618201042267124,10.168926112282149,43.498448981403264
4570,05/05/2023 11:22:59.147030,4752,True,True,True,True,Eyes,1.519132,0.02607339,-1.87861,-0.8045834,0.1148352,0.5826305,0.0,0.0,0.0,0.0,0.0,0.0,0.0,0.5125744,0.06897975,2.376546,1.534321,0.02559981,-1.886973,0.02563952,-0.4327331,-0.0235995,0.9008484,1.476679,308.6364,356.2886,0.6868742,0.009340296,-0.7267151,0.0,0.0,0.0,-0.1305919,0.2620976,-0.5874086,-0.04318798,0.2886533,2.105124,0.6243702,-0.06470927,0.7784438,0.020329,0.9975713,0.0666192,-0.780864,-0.02577006,0.6241693,moving,-54.09023,11.14995,-1.175295,7.807671,-11.716773745165453,5.006201234639798,53.02038452301215,10.90738314083641,52.47863300211516
4571,05/05/2023 11:22:59.156955,4753,True,True,True,True,Eyes,1.518742,0.02611918,-1.878585,-0.8046798,0.114611,0.5825417,0.0,0.0,0.0,0.0,0.0,0.0,0.0,0.5222134,0.06213957,2.36755,1.524331,0.02565255,-1.886165,0.02387671,-0.4334742,-0.02245423,0.9005697,1.348788,308.5526,356.4936,0.6795909,0.009550694,-0.7335279,-0.6500756,0.007872932,0.05610216,-0.1421142,0.2694314,-0.5891068,-0.04213673,0.2913837,2.105267,0.623192,-0.06114307,0.7796751,0.01974333,0.9978515,0.06247193,-0.7818196,-0.02353862,0.6230602,moving,-54.09763,11.13039,-1.146617,7.880072,-11.716200031944537,5.005395764866511,53.05067713825426,10.953531345005185,52.51252831694064
4572,05/05/2023 11:22:59.177043,4754,True,True,True,True,Eyes,1.517969,0.02620241,-1.878521,-0.8047816,0.114367,0.5824489,0.0,0.0,0.0,0.0,0.0,0.0,0.0,0.5340269,0.07298915,2.357847,1.514601,0.02683833,-1.885529,0.02578619,-0.4347115,-0.01996568,0.8999791,1.664988,308.388,356.6531,0.6735111,0.00972097,-0.739112,-0.611071,0.007400556,0.05273603,-0.1565517,0.261403,-0.5920631,-0.04114354,0.2939624,2.105402,0.6212546,-0.0583565,0.7814328,0.01351828,0.9978729,0.06377268,-0.7834921,-0.02905544,0.6207219,moving,-54.10541,11.10901,-1.119525,7.948419,-11.715554118123462,5.0045074464425285,53.08006541727794,10.997383702830845,52.54557844180707
4573,05/05/2023 11:22:59.197016,4755,True,True,True,True,Eyes,1.516843,0.0262431,-1.878437,-0.8049483,0.113892,0.5823116,0.0,0.0,0.0,0.0,0.0,0.0,0.0,0.5441366,0.07472944,2.348273,1.50465,0.02784351,-1.884492,0.02626574,-0.4356191,-0.01968634,0.8995325,1.724994,308.2704,356.6562,0.6684172,0.009861214,-0.7437201,-0.5744067,0.006956522,0.04957186,-0.1687914,0.2628198,-0.593249,-0.0401054,0.2966591,2.105544,0.619697,-0.05830071,0.7826728,0.01253329,0.9978452,0.06440526,-0.7847411,-0.03010228,0.6190924,moving,-54.11746,11.06655,-1.091211,8.019858,-11.71406393770076,5.002656177210143,53.113702706108384,11.04302999069839,52.5852361560494
4574,05/05/2023 11:22:59.213710,4756,True,True,True,True,Eyes,1.515391,0.0262715,-1.878316,-0.8052675,0.1130129,0.5820414,0.0,0.0,0.0,0.0,0.0,0.0,0.0,0.5533556,0.08976614,2.339007,1.495077,0.02691508,-1.883941,0.02887567,-0.4364007,-0.01808553,0.8991072,2.071096,308.1589,356.6886,0.6641286,0.009976207,-0.7475507,-0.5399423,0.006539131,0.04659755,-0.1814949,0.2518098,-0.5941191,-0.03903586,0.2994354,2.105689,0.6184548,-0.05772438,0.7836973,0.00731893,0.9976782,0.06770971,-0.7857863,-0.03613957,0.6174414,moving,-54.14087,10.98819,-1.062044,8.093371,-11.711385269342736,4.999269664769446,53.15770637058221,11.089721932654662,52.63918519913557
4575,05/05/2023 11:22:59.229845,4757,True,True,True,True,Eyes,1.513595,0.02633011,-1.878165,-0.8056159,0.1120114,0.581753,0.0,0.0,0.0,0.0,0.0,0.0,0.0,0.5618258,0.118012,2.329068,1.485514,0.02679747,-1.883258,0.0342193,-0.437097,-0.01516957,0.8986351,2.765032,308.0441,356.7183,0.6604962,0.01007081,-0.7507606,-0.5075458,0.006146783,0.0438017,-0.1952683,0.2285056,-0.594305,-0.03806281,0.3019632,2.105822,0.6174322,-0.05717812,0.7845432,-0.002650493,0.9971979,0.07476248,-0.7866197,-0.04824018,0.6155505,moving,-54.16612,10.89842,-1.035511,8.16027,-11.708220883519708,4.995349866235743,53.20111914361746,11.132091255055611,52.69347788066252
4576,05/05/2023 11:22:59.246982,4758,True,True,True,True,Eyes,1.511487,0.02641254,-1.877982,-0.8060144,0.1110084,0.5813932,0.0,0.0,0.0,0.0,0.0,0.0,0.0,0.5698876,0.127103,2.319547,1.475475,0.02761938,-1.882401,0.03624684,-0.437615,-0.01470703,0.8983113,2.99506,307.9664,356.662,0.6572461,0.0101561,-0.7536064,-0.477093,0.005777976,0.0411736,-0.2069829,0.223457,-0.5938958,-0.03702664,0.3046532,2.105963,0.6165537,-0.05814729,0.7851628,-0.005301338,0.9969398,0.07799391,-0.7872951,-0.05224985,0.6143585,moving,-54.19639,10.80968,-1.00726,8.23143,-11.705416643461266,4.991611027063726,53.25158141519742,11.177968623387358,52.75457600854801
4577,05/05/2023 11:22:59.256840,4759,True,True,True,True,Eyes,1.509058,0.02650035,-1.877766,-0.8064336,0.1100597,0.580992,0.0,0.0,0.0,0.0,0.0,0.0,0.0,0.5783871,0.1313285,2.310398,1.465732,0.02830614,-1.881634,0.03723076,-0.4382253,-0.01433928,0.8979793,3.112533,307.883,356.648,0.6542625,0.0102368,-0.7561971,-0.4484674,0.005431297,0.03870318,-0.2183674,0.2223723,-0.5941802,-0.03600812,0.3072976,2.106101,0.615506,-0.05838367,0.7859667,-0.006878165,0.9968165,0.07943255,-0.7881021,-0.05429722,0.613145,moving,-54.22928,10.72667,-0.9794936,8.301351,-11.703072476168348,4.988230763897018,53.304989671675074,11.223720845258006,52.817798159616544
4578,05/05/2023 11:22:59.277210,4760,True,True,True,True,Eyes,1.506316,0.02654751,-1.877524,-0.8069197,0.1094155,0.5804386,0.0,0.0,0.0,0.0,0.0,0.0,0.0,0.5875077,0.1294317,2.300952,1.455592,0.02851539,-1.880622,0.03678045,-0.4389282,-0.01384309,0.8976624,3.088626,307.7972,356.7195,0.6515132,0.01031374,-0.758566,-0.4215594,0.00510542,0.03638099,-0.2301042,0.2260307,-0.5949457,-0.0349834,0.3099592,2.106241,0.6143008,-0.0571408,0.7870004,-0.007435104,0.9969111,0.07818509,-0.789037,-0.0538806,0.6119785,moving,-54.27154,10.67526,-0.9515612,8.37169,-11.702955774871253,4.986697915551972,53.369715888107834,11.27167497386022,52.88892938821806
4579,05/05/2023 11:22:59.297184,4761,True,True,True,True,Eyes,1.503291,0.02655225,-1.877259,-0.8074791,0.1086036,0.5798127,0.0,0.0,0.0,0.0,0.0,0.0,0.0,0.5972434,0.1239862,2.291493,1.445527,0.02753337,-1.879549,0.03529643,-0.4397694,-0.01327567,0.8973188,2.961668,307.7003,356.8504,0.648969,0.01038571,-0.7607429,-0.3962658,0.004799095,0.03419813,-0.2419247,0.2323042,-0.5964656,-0.03395474,0.312629,2.10638,0.6128534,-0.0548696,0.7882894,-0.007219555,0.9971559,0.07502077,-0.7901636,-0.05166783,0.6107143,moving,-54.31965,10.60903,-0.9235249,8.442209,-11.70241922488105,4.98456101776019,53.440071939892555,11.319889241332705,52.96711394452256
4580,05/05/2023 11:22:59.307128,4762,True,True,True,True,Eyes,1.499998,0.0265337,-1.876954,-0.8081009,0.1079617,0.5790658,0.0,0.0,0.0,0.0,0.0,0.0,0.0,0.6090245,0.1344882,2.280925,1.435721,0.02655406,-1.878727,0.03692213,-0.4410527,-0.0111096,0.8966528,3.233933,307.5309,356.9862,0.6466032,0.01045158,-0.7627538,-0.3724899,0.004511149,0.03214625,-0.2562335,0.2238335,-0.5995415,-0.03291726,0.3153239,2.106522,0.6106982,-0.0524921,0.7901217,-0.01264631,0.9970267,0.07601248,-0.7917625,-0.05641281,0.6082185,moving,-54.37552,10.56104,-0.8952515,8.51336,-11.703311819241303,4.983550698845006,53.51945545513792,11.369860226356291,53.052376944142345
4581,05/05/2023 11:22:59.327317,4763,True,True,True,True,Eyes,1.496431,0.02648836,-1.876614,-0.8087842,0.1073428,0.5782263,0.0,0.0,0.0,0.0,0.0,0.0,0.0,0.6225549,0.1401574,2.26981,1.425846,0.02598157,-1.877644,0.03772697,-0.4427034,-0.009510415,0.8958237,3.392336,307.3184,357.1035,0.6443931,0.01051108,-0.7646211,-0.3501405,0.00424048,0.03021747,-0.2711789,0.2200262,-0.6038047,-0.0318644,0.3180575,2.106664,0.6078466,-0.05044301,0.7924507,-0.0163644,0.9969724,0.076014,-0.7938858,-0.05917283,0.6051808,moving,-54.43779,10.51675,-0.8665627,8.585495,-11.70478864610035,4.982892500675437,53.6060270893422,11.42129092646109,53.14438145613743
4582,05/05/2023 11:22:59.347214,4764,True,True,True,True,Eyes,1.492589,0.02642471,-1.876253,-0.8092281,0.1072233,0.5776272,0.0,0.0,0.0,0.0,0.0,0.0,0.0,0.6360226,0.1402242,2.258746,1.415743,0.02528978,-1.876473,0.03751318,-0.4443348,-0.008958665,0.8950304,3.393296,307.1121,357.165,0.6423172,0.01056384,-0.766365,-0.3291321,0.003986051,0.02840442,-0.2856014,0.221877,-0.6079242,-0.03083915,0.3207196,2.106804,0.6049727,-0.04937338,0.7947142,-0.01730027,0.997025,0.07511216,-0.7960584,-0.05918958,0.6023187,moving,-54.48074,10.51596,-0.8386288,8.655704,-11.707366758479182,4.983952286473903,53.67435743796754,11.472193576464269,53.21365083325217
4583,05/05/2023 11:22:59.357058,4765,True,True,True,True,Eyes,1.39008,0.02421157,-1.86622,-0.8219441,0.1053533,0.5597399,0.0,0.0,0.0,0.0,0.0,0.0,0.0,0.6500413,0.1431192,2.247124,1.405687,0.02471064,-1.87511,0.03796568,-0.4461357,-0.008527182,0.894119,3.456064,306.8795,357.1791,0.6403559,0.01060986,-0.768004,-0.3093841,0.003746888,0.02670016,-0.3005425,0.2216384,-0.6122789,-0.02978474,0.3234575,2.106948,0.6017804,-0.04912431,0.7971493,-0.01862705,0.9969718,0.07550021,-0.7984443,-0.06028309,0.5990432,moving,-55.74533,10.65941,-0.8099042,8.727875,-11.79201132502424,5.02363618069416,54.969371792694986,11.589998366521046,54.50212355024042
4584,05/05/2023 11:22:59.376975,4766,True,True,True,True,Eyes,1.389655,0.02417305,-1.866181,-0.8218439,0.1057571,0.5598108,0.0,0.0,0.0,0.0,0.0,0.0,0.0,0.6642962,0.1414008,2.235455,1.395397,0.02401585,-1.873722,0.03748939,-0.4479668,-0.008612656,0.8932224,3.397129,306.6475,357.1879,0.6350551,0.01059474,-0.7723932,-0.5983506,-0.003117326,0.05519933,-0.3153628,0.2256285,-0.6169124,-0.02879608,0.3260252,2.107082,0.5985032,-0.04897404,0.7996221,-0.01820197,0.9970407,0.07468909,-0.8009136,-0.05925635,0.5958406,moving,-55.7387,10.698,-0.7829743,8.795529,-11.793629263639684,5.025429397903652,54.9886459473179,11.638220385353177,54.51812879288065
4585,05/05/2023 11:22:59.397041,4767,True,True,True,True,Eyes,1.388834,0.0240925,-1.866086,-0.8218498,0.1060986,0.5597374,0.0,0.0,0.0,0.0,0.0,0.0,0.0,0.6785502,0.142287,2.223446,1.385224,0.0229479,-1.872169,0.03749106,-0.4498645,-0.008653503,0.8922676,3.389206,306.4037,357.1765,0.6306985,0.01057754,-0.7759549,-0.5624496,-0.002930286,0.05188737,-0.3303473,0.227507,-0.6214851,-0.02774936,0.3287435,2.107225,0.5950941,-0.04917428,0.8021502,-0.01828932,0.997039,0.07468992,-0.8034479,-0.05911831,0.5924327,moving,-55.74239,10.73312,-0.7544659,8.867112,-11.795694772415052,5.027310402041637,55.0195763586328,11.689859337251896,54.54619895319928
4586,05/05/2023 11:22:59.407412,4768,True,True,True,True,Eyes,1.38763,0.02397437,-1.865946,-0.821818,0.1066813,0.5596734,0.0,0.0,0.0,0.0,0.0,0.0,0.0,0.6932745,0.146636,2.21095,1.374917,0.02187121,-1.87071,0.03824731,-0.4518549,-0.008705468,0.8912286,3.457434,306.143,357.1241,0.6271009,0.01055728,-0.7788655,-0.5287026,-0.002754469,0.04877412,-0.3459063,0.2264828,-0.6263604,-0.0267337,0.3313812,2.107363,0.5915027,-0.05008159,0.8047462,-0.01904734,0.9969227,0.07604141,-0.806078,-0.06030698,0.5887286,moving,-55.7444,10.79189,-0.7268069,8.936539,-11.798897191712008,5.030351420254295,55.04886808872975,11.740932025865021,54.57021608107597
4587,05/05/2023 11:22:59.427218,4769,True,True,True,True,Eyes,1.386063,0.02381225,-1.865742,-0.8219124,0.1072077,0.5594342,0.0,0.0,0.0,0.0,0.0,0.0,0.0,0.7085015,0.1495158,2.198316,1.364738,0.02079037,-1.869219,0.03868226,-0.4539796,-0.008757468,0.890129,3.492218,305.8666,357.0877,0.6241025,0.01053319,-0.7812706,-0.4969805,-0.002589201,0.04584768,-0.3615997,0.2267532,-0.6318081,-0.02569205,0.3340853,2.107504,0.5876517,-0.05071247,0.8075233,-0.01953136,0.9968539,0.07681581,-0.8088783,-0.06091296,0.5848123,moving,-55.75886,10.84841,-0.6984436,9.007676,-11.802741023305202,5.033596835362399,55.09117675091126,11.794012314391962,54.60751752501673
4588,05/05/2023 11:22:59.447384,4770,True,True,True,True,Eyes,1.384144,0.02362401,-1.865486,-0.8220423,0.1079229,0.5591056,0.0,0.0,0.0,0.0,0.0,0.0,0.0,0.7249281,0.1526119,2.184863,1.354491,0.01952986,-1.86746,0.03908022,-0.4563992,-0.008502757,0.8888758,3.538179,305.5528,357.0832,0.6213579,0.0105049,-0.7834556,-0.4671616,-0.002433849,0.04309681,-0.3782925,0.2263487,-0.6383023,-0.0246802,0.3367128,2.107643,0.5832551,-0.05078815,0.8106998,-0.02055657,0.9968008,0.07723624,-0.812029,-0.06171363,0.5803451,moving,-55.77873,10.9253,-0.6708948,9.076759,-11.807982295417608,5.0380169945015805,55.138830276485194,11.846778248433818,54.64808697929503
4589,05/05/2023 11:22:59.467088,4771,True,True,True,True,Eyes,1.381899,0.02337131,-1.865147,-0.8222983,0.1087132,0.5585759,0.0,0.0,0.0,0.0,0.0,0.0,0.0,0.7427891,0.1551123,2.170815,1.344326,0.01867185,-1.865655,0.03940474,-0.4591416,-0.008030914,0.8874525,3.587054,305.1979,357.1031,0.6188343,0.01047185,-0.7854509,-0.4391319,-0.002287818,0.040511,-0.3958014,0.2264422,-0.646055,-0.02358663,0.3395529,2.107791,0.578249,-0.05043881,0.8142998,-0.0219306,0.9967656,0.07731431,-0.8155657,-0.06256501,0.5752725,moving,-55.81227,11.01355,-0.6411251,9.151393,-11.814652616645969,5.043365115499938,55.202562062547834,11.904772583509299,54.70365753510973
4590,05/05/2023 11:22:59.477249,4772,True,True,True,True,Eyes,1.379326,0.02307871,-1.864765,-0.8225626,0.1096409,0.558005,0.0,0.0,0.0,0.0,0.0,0.0,0.0,0.7604759,0.1510827,2.156706,1.334301,0.01689795,-1.8633,0.0382193,-0.461978,-0.0083759,0.886028,3.439111,304.8381,357.1199,0.6165034,0.01043184,-0.7872822,-0.412784,-0.002150549,0.03808035,-0.4126624,0.2326175,-0.6539775,-0.02261239,0.3420825,2.107924,0.5730124,-0.05015552,0.8180106,-0.02047039,0.9969383,0.07546571,-0.8192912,-0.05998778,0.5702312,moving,-55.84806,11.11628,-0.614607,9.217832,-11.822218986365629,5.049507435884234,55.26606947406259,11.95765428956438,54.757379876546445
4591,05/05/2023 11:22:59.496815,4773,True,True,True,True,Eyes,1.376449,0.02277819,-1.8643,-0.8229547,0.110497,0.5572575,0.0,0.0,0.0,0.0,0.0,0.0,0.0,0.7772545,0.1569439,2.1423,1.324252,0.01558686,-1.861268,0.03924084,-0.4646236,-0.008194936,0.8846004,3.5437,304.4893,357.0732,0.6143385,0.01038397,-0.7889734,-0.388017,-0.002021516,0.03579552,-0.4297254,0.2304632,-0.6608352,-0.02141386,0.3451949,2.108087,0.5681155,-0.05096292,0.8213692,-0.02196595,0.996786,0.07704005,-0.8226556,-0.0618098,0.5651702,moving,-55.8964,11.21553,-0.5819883,9.299538,-11.830368409464588,5.055794145975389,55.3475850156189,12.022288342306977,54.82960073130973
4592,05/05/2023 11:22:59.507035,4774,True,True,True,True,Eyes,1.373271,0.02243401,-1.86375,-0.8233336,0.1117337,0.5564506,0.0,0.0,0.0,0.0,0.0,0.0,0.0,0.7945432,0.1614468,2.127176,1.314141,0.01510676,-1.858776,0.04028539,-0.4674829,-0.008991854,0.883038,3.597098,304.1096,356.9245,0.6123167,0.01032876,-0.7905442,-0.364736,-0.001900225,0.03364779,-0.4470562,0.2303124,-0.6681281,-0.02050275,0.3475612,2.108211,0.5627578,-0.05354575,0.8248857,-0.02178516,0.9965925,0.07955413,-0.8263348,-0.06273998,0.5596737,moving,-55.94718,11.35384,-0.5571947,9.361619,-11.840713578972728,5.06413026889684,55.425800995989746,12.074195943668158,54.89416443795526
4593,05/05/2023 11:22:59.526929,4775,True,True,True,True,Eyes,1.369813,0.02203639,-1.863116,-0.8238457,0.1130154,0.5554329,0.0,0.0,0.0,0.0,0.0,0.0,0.0,0.8116671,0.1527113,2.112635,1.303743,0.01360687,-1.856184,0.03832553,-0.4702936,-0.011136,0.8816071,3.27347,303.7532,356.8027,0.6104174,0.01026515,-0.7920125,-0.3428518,-0.001786212,0.03162893,-0.4629934,0.2432307,-0.675538,-0.01954788,0.3500404,2.108341,0.5573998,-0.05568365,0.8283748,-0.01641336,0.9968143,0.07805049,-0.8300819,-0.05710173,0.55471,moving,-56.01234,11.50112,-0.5312135,9.42663,-11.852405852899633,5.073290961460518,55.5198964918803,12.129342813022683,54.97359472189375
4594,05/05/2023 11:22:59.547085,4776,True,True,True,True,Eyes,1.366058,0.02162614,-1.862407,-0.8243871,0.114428,0.5543393,0.0,0.0,0.0,0.0,0.0,0.0,0.0,0.8297859,0.1502049,2.097229,1.293649,0.01211302,-1.853591,0.03755673,-0.4733768,-0.01195118,0.8799778,3.140428,303.3556,356.751,0.6086225,0.01019176,-0.7933936,-0.3222807,-0.001679039,0.02973119,-0.4801997,0.2492789,-0.6841214,-0.01851445,0.3527236,2.10848,0.5515432,-0.05659053,0.8322245,-0.01452342,0.9968933,0.07741302,-0.8340199,-0.05478335,0.5490077,moving,-56.08208,11.66331,-0.5030983,9.496959,-11.8651588156275,5.083327399375566,55.621185563273784,12.189198622830464,55.058481514113446
4595,05/05/2023 11:22:59.556776,4777,True,True,True,True,Eyes,1.362038,0.02122949,-1.861598,-0.8250449,0.1160069,0.5530311,0.0,0.0,0.0,0.0,0.0,0.0,0.0,0.8492018,0.1459952,2.080448,1.283001,0.01107892,-1.850543,0.03648429,-0.4767667,-0.01263213,0.8781816,2.982705,302.9196,356.7293,0.6069149,0.01010907,-0.7947017,-0.3029438,-0.001578297,0.02794732,-0.4986662,0.2566447,-0.6937332,-0.01750338,0.3553488,2.108618,0.5450679,-0.0569756,0.8364537,-0.01260238,0.9970187,0.07612483,-0.8382971,-0.05203451,0.5427248,moving,-56.16589,11.84692,-0.4755943,9.565729,-11.879892415628811,5.094813780351904,55.736997295619716,12.24937134760049,55.15532593739572
4596,05/05/2023 11:22:59.577013,4778,True,True,True,True,Eyes,1.357737,0.02083978,-1.860705,-0.8256985,0.1178088,0.5516731,0.0,0.0,0.0,0.0,0.0,0.0,0.0,0.8684354,0.1359623,2.063883,1.272661,0.01096084,-1.847293,0.03441078,-0.4802075,-0.01441989,0.8763611,2.663119,302.4806,356.6528,0.6052805,0.01001868,-0.7959483,-0.2847672,-0.001483599,0.02627048,-0.5159576,0.2710054,-0.7033659,-0.01645887,0.3580618,2.108761,0.5383857,-0.05832269,0.840678,-0.007774568,0.997216,0.07416162,-0.8426628,-0.04646346,0.5364333,moving,-56.25197,12.05435,-0.4471843,9.636756,-11.896012744700428,5.10756998460641,55.85712906847039,12.312156542142343,55.25351063244023
4597,05/05/2023 11:22:59.596835,4779,True,True,True,True,Eyes,1.353185,0.02040816,-1.859704,-0.8264093,0.119848,0.5501674,0.0,0.0,0.0,0.0,0.0,0.0,0.0,0.8860564,0.1246904,2.047315,1.262036,0.01058847,-1.843717,0.0320289,-0.4833652,-0.0167585,0.8746723,2.282616,302.0789,356.5414,0.6037057,0.009921702,-0.7971447,-0.2676812,-0.001394583,0.02469425,-0.532262,0.2873067,-0.7115758,-0.01543283,0.3607253,2.108901,0.5321546,-0.0602797,0.8444986,-0.001646918,0.9973866,0.07223053,-0.8466457,-0.03982863,0.5306646,moving,-56.34701,12.28927,-0.4192803,9.70645,-11.914120150241027,5.121954033881321,55.98733703748252,12.37533621547502,55.358198313756084
4598,05/05/2023 11:22:59.607004,4780,True,True,True,True,Eyes,1.348371,0.01997462,-1.858647,-0.8271106,0.1219643,0.5486462,0.0,0.0,0.0,0.0,0.0,0.0,0.0,0.9008678,0.1114671,2.031789,1.251482,0.009082982,-1.840072,0.02890746,-0.4859627,-0.01896605,0.8732955,1.836983,301.7544,356.4883,0.6021792,0.009817014,-0.7982997,-0.2516203,-0.001310908,0.02321259,-0.5466959,0.304909,-0.71785,-0.01439488,0.3634208,2.109042,0.5269611,-0.06122183,0.8476814,0.005030052,0.9976093,0.06892309,-0.8498745,-0.03205591,0.5260093,moving,-56.44254,12.53308,-0.3910557,9.776941,-11.932723319411808,5.136802853173846,56.11920521907333,12.439492492003453,55.46292047407735
4599,05/05/2023 11:22:59.627237,4781,True,True,True,True,Eyes,1.343334,0.0196804,-1.857506,-0.8279368,0.1238307,0.5469797,0.0,0.0,0.0,0.0,0.0,0.0,0.0,0.9153416,0.1079142,2.01596,1.240924,0.008488115,-1.836743,0.02803392,-0.4884915,-0.02001504,0.8718885,1.680758,301.4265,356.4272,0.6006897,0.009705331,-0.7994225,-0.2365231,-0.001232253,0.02181984,-0.5623147,0.3126729,-0.7237979,-0.0133692,0.3660842,2.109182,0.5219508,-0.06229043,0.8506982,0.0075131,0.997627,0.06843927,-0.8529425,-0.02933055,0.5211803,moving,-56.5491,12.75616,-0.3631686,9.846557,-11.950912854747516,5.1508796527551794,56.261218231594626,12.503007744653374,55.57978030883001
4600,05/05/2023 11:22:59.647320,4782,True,True,True,True,Eyes,1.338053,0.01963331,-1.856282,-0.8287686,0.1257292,0.5452842,0.0,0.0,0.0,0.0,0.0,0.0,0.0,0.9312775,0.115688,1.998907,1.230556,0.01157131,-1.833545,0.03044125,-0.4913944,-0.01980132,0.8701798,1.920811,301.0309,356.3067,0.5992284,0.009593441,-0.8005198,-0.2223317,-0.001158318,0.02051065,-0.5805807,0.3094449,-0.7306299,-0.0123418,0.3687523,2.109322,0.5162789,-0.06437873,0.8539975,0.004544103,0.9973625,0.07243923,-0.8564085,-0.0335182,0.5152097,moving,-56.65728,12.98409,-0.335238,9.916257,-11.969455356823405,5.16524465355038,56.40553177096776,12.566906215211748,55.697857705514274
4601,05/05/2023 11:22:59.656954,4783,True,True,True,True,Eyes,1.332548,0.0196012,-1.854957,-0.8295354,0.1282521,0.5435278,0.0,0.0,0.0,0.0,0.0,0.0,0.0,0.9470006,0.1068835,1.981803,1.219867,0.0173455,-1.829591,0.02993372,-0.4942882,-0.02271467,0.8684856,1.692696,300.6497,356.039,0.5977867,0.009492201,-0.8015984,-0.2089918,-0.001088819,0.01928001,-0.5962293,0.3261333,-0.7367511,-0.01133561,0.3713647,2.109458,0.5103264,-0.06904649,0.8572044,0.009862956,0.997176,0.07444919,-0.8599242,-0.02953882,0.5095662,moving,-56.7664,13.27679,-0.3078878,9.984468,-11.9914494478723,5.182928480230576,56.55442497266887,12.631721756733723,55.81168120280485
4602,05/05/2023 11:22:59.676877,4784,True,True,True,True,Eyes,1.326897,0.01959178,-1.853586,-0.8304018,0.130196,0.5417396,0.0,0.0,0.0,0.0,0.0,0.0,0.0,0.9575354,0.07510307,1.967968,1.208952,0.01751314,-1.825799,0.02306228,-0.495894,-0.02839097,0.8676124,0.6795681,300.4742,355.8629,0.5963576,0.009401284,-0.8026631,-0.1964523,-0.00102349,0.01812321,-0.6044369,0.3663024,-0.7393326,-0.01029444,0.3740683,2.1096,0.5065662,-0.07213761,0.859178,0.02639183,0.9973242,0.06817608,-0.8617971,-0.01186042,0.5071146,moving,-56.88028,13.51358,-0.2795901,10.05502,-12.010803898323656,5.197890155806467,56.706258335650766,12.696971587954934,55.93495571859804
4603,05/05/2023 11:22:59.696873,4785,True,True,True,True,Eyes,1.321048,0.01973146,-1.852137,-0.831389,0.1318849,0.5398137,0.0,0.0,0.0,0.0,0.0,0.0,0.0,0.9715449,0.08891903,1.952567,1.199784,0.01814703,-1.823325,0.02606318,-0.4985307,-0.02488354,0.8661229,1.165328,300.1112,356.0374,0.5949361,0.009320701,-0.8037183,-0.1846651,-0.0009620804,0.01703582,-0.6230755,0.3516489,-0.7467611,-0.009263158,0.3767469,2.109741,0.501696,-0.06909099,0.8622806,0.01711781,0.997403,0.06995825,-0.8648748,-0.02033742,0.5015758,moving,-57.00468,13.7293,-0.2515647,10.12487,-12.029695792508685,5.21204945501907,56.86746004421152,12.761668297660247,56.06997464299943
4604,05/05/2023 11:22:59.707342,4786,True,True,True,True,Eyes,1.315033,0.01996181,-1.85065,-0.8324295,0.1334987,0.5378097,0.0,0.0,0.0,0.0,0.0,0.0,0.0,0.9856762,0.09248941,1.935684,1.189243,0.02190849,-1.819947,0.02757185,-0.501141,-0.02278502,0.8646263,1.42347,299.7587,356.1551,0.5935172,0.009256057,-0.8047675,-0.1735852,-0.0009043555,0.01601367,-0.6414512,0.3485103,-0.7533982,-0.008228362,0.3794341,2.109882,0.4966772,-0.06703582,0.8653429,0.01176628,0.9974412,0.0705157,-0.8678557,-0.02484167,0.496195,moving,-57.13462,13.94057,-0.2234476,10.19491,-12.048692368882222,5.226124271748095,57.03430119479086,12.82673947101352,56.2108426365437
4605,05/05/2023 11:22:59.727331,4787,True,True,True,True,Eyes,1.308878,0.02033211,-1.849118,-0.8336355,0.1346944,0.535639,0.0,0.0,0.0,0.0,0.0,0.0,0.0,1.00115,0.08172512,1.919565,1.1794,0.02429486,-1.817177,0.02558338,-0.5039715,-0.02299893,0.8630349,1.201987,299.3948,356.2445,0.5920955,0.009209822,-0.8058147,-0.1631701,-0.0008500942,0.01505285,-0.6567966,0.3616538,-0.7623014,-0.007219791,0.3820525,2.110018,0.4909675,-0.06548435,0.8687133,0.01391117,0.997633,0.06734031,-0.8710668,-0.02097709,0.4907163,moving,-57.27788,14.11521,-0.1960466,10.26312,-12.066581741839988,5.238676907894675,57.2116622872772,12.890098251738154,56.36702836411471
4606,05/05/2023 11:22:59.747298,4788,True,True,True,True,Eyes,1.302532,0.02083274,-1.847524,-0.8348216,0.1359568,0.5334684,0.0,0.0,0.0,0.0,0.0,0.0,0.0,1.017917,0.0959008,1.901744,1.169937,0.02810119,-1.814508,0.02957677,-0.5072841,-0.02069602,0.8610225,1.715405,298.9334,356.2343,0.5906669,0.009186408,-0.8068628,-0.1533799,-0.0007990886,0.01414968,-0.6767983,0.3493421,-0.7716882,-0.006079555,0.3850133,2.110173,0.4844691,-0.06564712,0.8723418,0.005631833,0.9973937,0.07193004,-0.8747903,-0.029935,0.4835762,moving,-57.42057,14.29772,-0.1650726,10.34021,-12.084848776342962,5.25161528104775,57.39210632065621,12.960511575854635,56.52509599031453
4607,05/05/2023 11:22:59.756866,4789,True,True,True,True,Eyes,1.296054,0.02132764,-1.845909,-0.8360187,0.1374191,0.5312143,0.0,0.0,0.0,0.0,0.0,0.0,0.0,1.030725,0.07712829,1.885821,1.15913,0.0316426,-1.811099,0.02614582,-0.509541,-0.02452176,0.8596995,1.14401,298.6504,356.0537,0.5892273,0.009189452,-0.8079148,-0.1441771,-0.0007511433,0.0133007,-0.688878,0.3762836,-0.7768992,-0.005154788,0.3874149,2.110299,0.4795333,-0.06880742,0.874822,0.01551795,0.9974302,0.06994477,-0.8773865,-0.01996542,0.4793688,moving,-57.56773,14.50382,-0.1399551,10.40269,-12.104624664386597,5.2658681208742575,57.57402710634344,13.020762527702587,56.68080095388819
4608,05/05/2023 11:22:59.776855,4790,True,True,True,True,Eyes,1.289432,0.02177628,-1.844296,-0.8372768,0.1386188,0.5289164,0.0,0.0,0.0,0.0,0.0,0.0,0.0,1.043566,0.06853537,1.871044,1.149488,0.032013,-1.808919,0.02423796,-0.5117906,-0.02729053,0.8583347,0.7835145,298.36,355.8904,0.5877736,0.009216189,-0.8089727,-0.1355265,-0.0007060746,0.01250266,-0.7008379,0.3925387,-0.7830055,-0.004109144,0.39013,2.110441,0.4746512,-0.07165832,0.8772522,0.02203928,0.9973354,0.06954262,-0.8798981,-0.01367448,0.4749658,moving,-57.71897,14.68583,-0.1115579,10.4733,-12.123386959333295,5.279000029743122,57.76122694212898,13.08681739506036,56.84510863866044
4609,05/05/2023 11:22:59.797164,4791,True,True,True,True,Eyes,1.282664,0.02214006,-1.842675,-0.8386045,0.1398951,0.5264712,0.0,0.0,0.0,0.0,0.0,0.0,0.0,1.057782,0.07612884,1.8547,1.139683,0.03135587,-1.806862,0.02576534,-0.5144677,-0.02761413,0.8566777,0.9014154,297.9938,355.7658,0.5863017,0.009262345,-0.8100396,-0.1273949,-0.0006637102,0.0117525,-0.7169922,0.390107,-0.7905166,-0.003061712,0.3928496,2.110584,0.4691209,-0.07382369,0.880043,0.02080196,0.9971473,0.07255834,-0.882889,-0.01573201,0.4693182,moving,-57.87962,14.88089,-0.08311588,10.54398,-12.143407050925608,5.293036767394412,57.95899133733503,13.153821800509258,57.017938427686566
4610,05/05/2023 11:22:59.807457,4792,True,True,True,True,Eyes,1.275779,0.02244802,-1.841064,-0.8401083,0.1408923,0.5238008,0.0,0.0,0.0,0.0,0.0,0.0,0.0,1.07388,0.07361422,1.837301,1.129375,0.02957891,-1.804979,0.02465571,-0.5174661,-0.02858349,0.8548709,0.7203948,297.5989,355.7336,0.584808,0.009322343,-0.8111178,-0.1197512,-0.0006238876,0.01104735,-0.7327268,0.3976176,-0.8006119,-0.002020478,0.3955537,2.110725,0.4628237,-0.07438736,0.8833238,0.02335338,0.9971502,0.07173686,-0.8861427,-0.01257293,0.4632419,moving,-58.05679,15.05513,-0.054846,10.61422,-12.163343626286128,5.306437508934339,58.17170437082995,13.22075148160043,57.208717343458375
4611,05/05/2023 11:22:59.827175,4793,True,True,True,True,Eyes,1.268772,0.02283642,-1.839464,-0.8417758,0.1416807,0.5209031,0.0,0.0,0.0,0.0,0.0,0.0,0.0,1.093509,0.08432592,1.817925,1.119641,0.02863628,-1.803693,0.02679086,-0.5213615,-0.02796794,0.8524566,0.9461839,297.0643,355.6627,0.5832906,0.009392396,-0.8122089,-0.1125661,-0.0005864543,0.01038451,-0.7524148,0.3908313,-0.8145008,-0.001012743,0.3981701,2.110862,0.4547999,-0.07561835,0.8873776,0.01974747,0.9970002,0.0748389,-0.8903747,-0.01651327,0.4549288,moving,-58.25018,15.21582,-0.02748918,10.68214,-12.18355937133084,5.319564385117195,58.39893818096106,13.28635614914405,57.416036454729124
4612,05/05/2023 11:22:59.847404,4794,True,True,True,True,Eyes,1.261623,0.0233207,-1.837849,-0.8434638,0.1427301,0.5178773,0.0,0.0,0.0,0.0,0.0,0.0,0.0,1.11554,0.09568483,1.796346,1.109703,0.03098034,-1.802233,0.02985765,-0.5258588,-0.02844921,0.8495715,1.192519,296.4399,355.4253,0.5817469,0.009475198,-0.8133144,-0.1058122,-0.0005512671,0.009761435,-0.7732927,0.386483,-0.8301692,-5.960464e-08,0.4007999,2.111,0.4453265,-0.07974108,0.8918103,0.01693746,0.9965983,0.08065294,-0.8952081,-0.02081188,0.4451622,moving,-58.45054,15.40853,-1.617761e-06,10.75037,-12.205878216850822,5.3344985756349175,58.63585841240148,13.353467221566943,57.62816602045105
4613,05/05/2023 11:22:59.857093,4795,True,True,True,True,Eyes,1.254363,0.02381611,-1.836249,-0.8451548,0.1440497,0.5147457,0.0,0.0,0.0,0.0,0.0,0.0,0.0,1.133922,0.08350136,1.776967,1.099104,0.03371014,-1.800333,0.02743527,-0.5293623,-0.03353807,0.8472888,0.6293275,295.981,355.0731,0.5801743,0.009573907,-0.8144359,0.0,0.0,0.0,-0.787307,0.4098186,-0.8427533,-1.192093e-07,0.4007999,2.111,0.4373017,-0.08587925,0.895205,0.02778646,0.996245,0.08199877,-0.8988855,-0.01098362,0.4380459,static,-58.65628,15.63408,-3.235523e-06,10.75037,-12.230246160986262,5.351241071918606,58.859234001429414,13.368972855006085,57.819979823264276
4614,05/05/2023 11:22:59.877217,4796,True,True,True,True,Eyes,1.246976,0.02429957,-1.834687,-0.8468422,0.145325,0.5116043,0.0,0.0,0.0,0.0,0.0,0.0,0.0,1.149883,0.07476498,1.759595,1.089172,0.03439261,-1.799033,0.02529423,-0.5323092,-0.0372853,0.8453502,0.175918,295.5956,354.8383,0.5785703,0.009687593,-0.8155747,0.0,0.0,0.0,-0.8001854,0.4270838,-0.8540004,0.0,0.4008,2.111,0.4305136,-0.08996697,0.8980891,0.03610957,0.99594,0.08245958,-0.9018615,-0.003070353,0.4320143,static,-58.86249,15.85759,0.0,10.75037,-12.254535864549236,5.367891833431097,59.08363923395799,13.384495525387367,58.01260025046547
4615,05/05/2023 11:22:59.896865,4797,True,True,True,True,Eyes,1.239488,0.02476407,-1.833175,-0.84857,0.1466419,0.5083553,0.0,0.0,0.0,0.0,0.0,0.0,0.0,1.163542,0.06997754,1.743303,1.07891,0.03455774,-1.79794,0.02399436,-0.534722,-0.03827246,0.8438199,359.975,295.2769,354.822,0.5769323,0.009814358,-0.8167327,0.0,0.0,0.0,-0.8143689,0.4346432,-0.8639226,5.960464e-08,0.4007999,2.111,0.4252153,-0.09025073,0.9005814,0.03892948,0.995919,0.08142407,-0.9042547,0.0004364085,0.4269934,static,-59.07532,16.09091,1.617761e-06,10.75037,-12.279743411664183,5.38521115646818,59.31622873829303,13.400636828301117,58.21141932737622
4616,05/05/2023 11:22:59.917185,4798,True,True,True,True,Eyes,1.231916,0.02520665,-1.831748,-0.8504043,0.1474149,0.5050558,0.0,0.0,0.0,0.0,0.0,0.0,0.0,1.178533,0.06494199,1.726859,1.069016,0.03455397,-1.797556,0.02259633,-0.5373903,-0.03793348,0.842177,359.8447,294.9232,354.9411,0.5752588,0.009952122,-0.8179106,0.0,0.0,0.0,-0.8295117,0.4395118,-0.8763814,-5.960464e-08,0.4007999,2.111,0.4195454,-0.08817952,0.9034412,0.03960732,0.996101,0.0788304,-0.9068699,0.002709952,0.4214021,static,-59.29389,16.27139,-1.617762e-06,10.75037,-12.302531970911303,5.399989592971596,59.55037247008366,13.415618643583803,58.419967716446735
4617,05/05/2023 11:22:59.926995,4799,True,True,True,True,Eyes,1.224261,0.02563316,-1.83039,-0.8523952,0.1479167,0.5015407,0.0,0.0,0.0,0.0,0.0,0.0,0.0,1.197298,0.07309483,1.707898,1.059586,0.03455575,-1.797739,0.02441983,-0.5410906,-0.03490635,0.8398846,0.1859068,294.4092,355.1204,0.5735474,0.01009891,-0.8191097,0.0,0.0,0.0,-0.8498076,0.4270514,-0.8937886,-1.788139e-07,0.4007999,2.111,0.4120051,-0.0850613,0.9072025,0.03220794,0.9963705,0.07879467,-0.9106122,-0.003244675,0.4132493,static,-59.52787,16.43209,-4.853284e-06,10.75037,-12.325223816228538,5.414156508912585,59.798400238501415,13.430792862187658,58.64565827130721
4618,05/05/2023 11:22:59.937076,4800,True,True,True,True,Eyes,1.216546,0.02605249,-1.829091,-0.8544015,0.1486042,0.4979104,0.0,0.0,0.0,0.0,0.0,0.0,0.0,1.217505,0.08092056,1.687408,1.049948,0.03466312,-1.797949,0.02624777,-0.5451557,-0.03162209,0.8373269,0.5430573,293.8442,355.3207,0.5717963,0.01025321,-0.8203313,0.0,0.0,0.0,-0.8710328,0.4141012,-0.9131774,0.0,0.4007999,2.111,0.4036105,-0.0815743,0.9112871,0.02433781,0.9966222,0.07843385,-0.9146072,-0.009477999,0.4042326,static,-59.76811,16.61803,0.0,10.75037,-12.349620154750452,5.429767667366626,60.055444439681736,13.447004393121997,58.876071153297126
4619,05/05/2023 11:22:59.956887,4801,True,True,True,True,Eyes,1.208774,0.02651404,-1.827852,-0.8565615,0.1489976,0.4940669,0.0,0.0,0.0,0.0,0.0,0.0,0.0,1.23762,0.08582996,1.666968,1.040656,0.03501201,-1.798239,0.02747541,-0.5492297,-0.02874545,0.8347248,0.8189627,293.2799,355.5162,0.5700051,0.01041401,-0.8215748,0.0,0.0,0.0,-0.8911406,0.4043717,-0.9329661,5.960464e-08,0.4007999,2.111,0.3950408,-0.0781697,0.9153318,0.01780845,0.9968376,0.07744452,-0.9184911,-0.01429311,0.3951836,static,-60.02354,16.78193,1.617761e-06,10.75037,-12.373787926749046,5.44464670815966,60.32582584907302,13.463334183678397,59.12357268126946
4620,05/05/2023 11:22:59.976857,4802,True,True,True,True,Eyes,1.200922,0.02703013,-1.826681,-0.8586023,0.149776,0.4902745,0.0,0.0,0.0,0.0,0.0,0.0,0.0,1.257367,0.09166571,1.646215,1.031531,0.03656067,-1.798334,0.02933921,-0.5533156,-0.02494887,0.832081,1.215679,292.7089,355.756,0.5681736,0.01058267,-0.8228403,0.0,0.0,0.0,-0.9117548,0.3913847,-0.9529331,1.192093e-07,0.4007999,2.111,0.3864387,-0.07398666,0.9193429,0.009051275,0.9970335,0.0764344,-0.9222708,-0.021216,0.385962,static,-60.273,16.98761,3.235523e-06,10.75037,-12.399781061930252,5.461498139584513,60.59486844483588,13.480608894974404,59.36230757870041
4621,05/05/2023 11:22:59.996919,4803,True,True,True,True,Eyes,1.192999,0.02754874,-1.825575,-0.8606628,0.1507031,0.4863623,0.0,0.0,0.0,0.0,0.0,0.0,0.0,1.274654,0.08818428,1.627103,1.021878,0.03835674,-1.79841,0.02887561,-0.5567043,-0.02412163,0.8298582,1.207202,292.2456,355.8596,0.5663001,0.01076102,-0.8241285,0.0,0.0,0.0,-0.9284062,0.3935471,-0.9694375,0.0,0.4008,2.111,0.3789972,-0.07218542,0.9225782,0.007884737,0.9971687,0.07478255,-0.9253643,-0.02106808,0.3784933,static,-60.52913,17.216,0.0,10.75037,-12.427371112005895,5.479675616560595,60.87347492836104,13.498880399467888,59.606433443999045
4622,05/05/2023 11:23:00.006955,4804,True,True,True,True,Eyes,1.185002,0.02802021,-1.824555,-0.8625752,0.1520956,0.4825257,0.0,0.0,0.0,0.0,0.0,0.0,0.0,1.290687,0.07893246,1.609237,1.012237,0.03890355,-1.79878,0.02662078,-0.5597231,-0.02453221,0.8278887,0.9520478,291.8424,355.9613,0.5643837,0.01094831,-0.8254396,0.0,0.0,0.0,-0.9426097,0.4035775,-0.9848088,0.0,0.4007999,2.111,0.3722165,-0.07042041,0.9254707,0.01081935,0.997379,0.07154058,-0.9280829,-0.0166156,0.3720028,static,-60.77729,17.49523,0.0,10.75037,-12.457139333092556,5.500235131630263,61.15040569091672,13.51829266217274,59.83927364973776
4623,05/05/2023 11:23:00.027865,4805,True,True,True,True,Eyes,1.176942,0.0284344,-1.823619,-0.8645619,0.1534496,0.4785249,0.0,0.0,0.0,0.0,0.0,0.0,0.0,1.306887,0.06986983,1.591182,1.002573,0.03817351,-1.799468,0.02416351,-0.562773,-0.02400166,0.8259097,0.7390659,291.4344,356.167,0.562423,0.01114158,-0.8267741,0.0,0.0,0.0,-0.9572695,0.4108143,-1.001272,-5.960464e-08,0.4007999,2.111,0.365421,-0.06684353,0.9284393,0.01244926,0.9976801,0.06692871,-0.9307591,-0.01289877,0.3654054,static,-61.03598,17.77959,-1.617762e-06,10.75037,-12.487818613433166,5.52132528083834,61.4394058474317,13.538407660887085,60.08270453702233
4624,05/05/2023 11:23:00.047095,4806,True,True,True,True,Eyes,1.168821,0.02880643,-1.822785,-0.8664856,0.1548755,0.4745696,0.0,0.0,0.0,0.0,0.0,0.0,0.0,1.324228,0.06511106,1.572071,0.9930077,0.03722979,-1.800493,0.02283285,-0.5661348,-0.02201893,0.8237021,0.7267345,290.9755,356.4378,0.5604171,0.01133769,-0.8281325,0.0,0.0,0.0,-0.9737684,0.4104482,-1.019813,5.960464e-08,0.4008,2.111,0.3580131,-0.06212703,0.9316474,0.01042114,0.9979876,0.06254631,-0.9336584,-0.01268356,0.35794,static,-61.29071,18.07406,1.617762e-06,10.75037,-12.518786186616948,5.542828292798613,61.726718411298734,13.558707118427959,60.32171140871742
4625,05/05/2023 11:23:00.057140,4807,True,True,True,True,Eyes,1.160645,0.02912314,-1.822026,-0.8684933,0.1562069,0.4704453,0.0,0.0,0.0,0.0,0.0,0.0,0.0,1.342217,0.06384797,1.55196,0.9835859,0.0365509,-1.801507,0.02246311,-0.5697539,-0.01986748,0.8212681,0.8169127,290.4743,356.6614,0.5583647,0.01153447,-0.8295149,0.0,0.0,0.0,-0.991039,0.4065327,-1.039318,0.0,0.4007999,2.111,0.3499717,-0.05822993,0.9349487,0.00703616,0.9982014,0.05953561,-0.9367339,-0.01425733,0.349752,static,-61.55649,18.36825,0.0,10.75037,-12.550413023814237,5.564600057846219,62.02607158940908,13.579583092321784,60.57223105946419
4626,05/05/2023 11:23:00.077155,4808,True,True,True,True,Eyes,0.9551377,0.0359588,-1.805354,-0.9117652,0.187759,0.3652819,0.0,0.0,0.0,0.0,0.0,0.0,0.0,1.359753,0.06313245,1.531707,0.9740888,0.03556407,-1.802477,0.0221353,-0.5733135,-0.01818425,0.8188353,0.8823774,289.9795,356.8376,0.5562656,0.01172935,-0.8309213,0.0,0.0,0.0,-1.007862,0.4031972,-1.058382,-1.192093e-07,0.4007999,2.111,0.3419621,-0.05516074,0.9380934,0.004398875,0.9983587,0.05710087,-0.9397036,-0.01539978,0.3416435,static,-68.1674,27.20367,-3.235523e-06,10.75037,-13.416629513593328,6.183353371356459,70.12492468827064,14.17263213280137,66.80300558331427
4627,05/05/2023 11:23:00.097099,4809,True,True,True,True,Eyes,0.9547538,0.03592025,-1.805406,-0.9118677,0.18776,0.3650252,0.0,0.0,0.0,0.0,0.0,0.0,0.0,1.376416,0.06541753,1.512225,0.9648613,0.03477657,-1.803735,0.02257567,-0.5766568,-0.01688348,0.8165001,0.9966595,289.5096,356.9266,0.5457821,0.01243906,-0.8378344,-0.6165215,0.02050697,0.05001783,-1.024021,0.3982205,-1.076261,0.0,0.4007999,2.111,0.334364,-0.05360754,0.9409181,0.001533914,0.9984106,0.05633801,-0.9424428,-0.01739412,0.3339148,static,-68.18353,27.22018,0.0,10.75037,-13.418478482324904,6.184606307814202,70.14448235390293,14.17398189901125,66.81871468558776
4628,05/05/2023 11:23:00.107153,4810,True,True,True,True,Eyes,0.9540117,0.03582089,-1.805506,-0.9119503,0.1879208,0.3647362,0.0,0.0,0.0,0.0,0.0,0.0,0.0,1.391156,0.06608576,1.493966,0.9552503,0.03381545,-1.804985,0.02247437,-0.579485,-0.01658185,0.8145043,0.9965997,289.1131,356.958,0.5369609,0.01303126,-0.8435061,-0.5795302,0.01927655,0.04701676,-1.038691,0.3972733,-1.091501,0.0,0.4007999,2.111,0.3278444,-0.05305909,0.9432406,0.0009648571,0.9984399,0.05582879,-0.9447312,-0.01739307,0.3273841,static,-68.20097,27.2586,0.0,10.75037,-13.421555536755086,6.187007322636469,70.17046363445093,14.176121893922737,66.83454281346033
4629,05/05/2023 11:23:00.127359,4811,True,True,True,True,Eyes,0.9529191,0.03565643,-1.805686,-0.9121237,0.1880277,0.3642471,0.0,0.0,0.0,0.0,0.0,0.0,0.0,1.404781,0.06630895,1.477021,0.9457567,0.03223471,-1.806627,0.02205969,-0.5819616,-0.01667595,0.812746,0.9424621,288.7665,356.974,0.5295063,0.01352406,-0.8481978,-0.5447584,0.01811996,0.04419576,-1.052174,0.3976992,-1.105435,0.0,0.4007999,2.111,0.322085,-0.05278242,0.9452384,0.001430835,0.9984706,0.05526739,-0.9467098,-0.01644832,0.3216679,static,-68.23122,27.3032,0.0,10.75037,-13.425737732231328,6.190050775499313,70.21036649738626,14.17910240755777,66.86324229623254
4630,05/05/2023 11:23:00.147381,4812,True,True,True,True,Eyes,0.9514995,0.03544128,-1.805948,-0.9123058,0.1881555,0.3637248,0.0,0.0,0.0,0.0,0.0,0.0,0.0,1.418189,0.07017741,1.460334,0.9362455,0.03051851,-1.808666,0.02258928,-0.5843316,-0.01623398,0.8110382,1.01244,288.4298,356.9768,0.5231702,0.01393167,-0.8521139,-0.5120729,0.01703276,0.04154401,-1.066199,0.3933978,-1.119104,1.192093e-07,0.4007999,2.111001,0.3165863,-0.05273201,0.9470969,-6.650793e-05,0.9984524,0.05561359,-0.9485638,-0.01766949,0.3160929,static,-68.26345,27.35261,3.235522e-06,10.75037,-13.430292754586109,6.193389614624277,70.25335166848554,14.18234538483015,66.89373022264924
4631,05/05/2023 11:23:00.156981,4813,True,True,True,True,Eyes,0.9497659,0.03517625,-1.806306,-0.9125718,0.1882128,0.3630271,0.0,0.0,0.0,0.0,0.0,0.0,0.0,1.431864,0.07542191,1.443609,0.926923,0.02905064,-1.81105,0.02347071,-0.5867432,-0.01615539,0.8092717,1.090418,288.0845,356.9217,0.5175571,0.01427743,-0.8555292,-0.4813485,0.01601079,0.03905137,-1.079988,0.3890269,-1.133049,-1.192093e-07,0.4007999,2.111,0.3109431,-0.05369076,0.9489108,-0.001394358,0.9983763,0.05694649,-0.9504275,-0.01903024,0.3103634,static,-68.30701,27.40466,-3.235524e-06,10.75037,-13.435677140100715,6.1971529137688055,70.30798353335324,14.186229911589315,66.93574908623471
4632,05/05/2023 11:23:00.176873,4814,True,True,True,True,Eyes,0.947727,0.03488388,-1.806773,-0.913062,0.1883533,0.3617193,0.0,0.0,0.0,0.0,0.0,0.0,0.0,1.445125,0.08141349,1.427268,0.9176501,0.02759782,-1.813633,0.02454049,-0.5890309,-0.01611788,0.8075771,1.183174,287.7549,356.8497,0.5124148,0.01457558,-0.8586141,-0.4524676,0.01505014,0.03670829,-1.093527,0.3841171,-1.146532,-5.960464e-08,0.4007999,2.111,0.3055658,-0.05494306,0.9505844,-0.002877345,0.9982759,0.05862451,-0.9521665,-0.02064881,0.3048809,static,-68.38847,27.50675,-1.617762e-06,10.75037,-13.445995375190671,6.204432310843682,70.4113547545619,14.193671040238415,67.01410793837177
4633,05/05/2023 11:23:00.197302,4815,True,True,True,True,Eyes,0.9453974,0.03454344,-1.807339,-0.9135885,0.1884924,0.3603147,0.0,0.0,0.0,0.0,0.0,0.0,0.0,1.457559,0.08714718,1.411748,0.9083455,0.02660311,-1.816398,0.02569106,-0.5910599,-0.0159413,0.8060609,1.293423,287.4608,356.785,0.5076854,0.01482967,-0.8614146,-0.4253195,0.01414714,0.03450579,-1.106744,0.3790195,-1.158996,5.960464e-08,0.4008,2.111,0.3007882,-0.05606923,0.9520414,-0.004670586,0.9981717,0.06026164,-0.9536796,-0.02257258,0.2999763,static,-68.47598,27.61553,1.617761e-06,10.75037,-13.457033186683606,6.212206961761961,70.52229208088421,14.201644605103432,67.09835379036815
4634,05/05/2023 11:23:00.217046,4816,True,True,True,True,Eyes,0.9428084,0.03415187,-1.807991,-0.9142321,0.1886953,0.3585717,0.0,0.0,0.0,0.0,0.0,0.0,0.0,1.468829,0.08926188,1.397659,0.8990312,0.02510693,-1.819338,0.02577223,-0.5927181,-0.0160393,0.8048378,1.287623,287.2245,356.7677,0.5033177,0.01504184,-0.8639703,-0.3998003,0.01329831,0.03243544,-1.118682,0.3777312,-1.170145,5.960464e-08,0.4008,2.111,0.2968559,-0.05636939,0.9532571,-0.004733278,0.9981571,0.06049849,-0.9549106,-0.02247137,0.296042,static,-68.58436,27.75521,1.617761e-06,10.75037,-13.470963163584766,6.22208794055884,70.6610164230703,14.211693444136582,67.2024681202789
4635,05/05/2023 11:23:00.227380,4817,True,True,True,True,Eyes,0.9399561,0.03373655,-1.808761,-0.9149066,0.1888104,0.3567864,0.0,0.0,0.0,0.0,0.0,0.0,0.0,1.479385,0.0922988,1.384855,0.8900002,0.02349164,-1.822709,0.02616202,-0.5941007,-0.01553778,0.8038151,1.352124,287.0258,356.7852,0.4992653,0.01521386,-0.8663153,-0.3758123,0.01250041,0.03048932,-1.130367,0.3737365,-1.180521,0.0,0.4007999,2.111001,0.293606,-0.05606474,0.9542811,-0.006106741,0.9981483,0.06052085,-0.9559071,-0.02359684,0.2927199,static,-68.69569,27.88768,0.0,10.75037,-13.484695221843474,6.231677708593073,70.80102554774331,14.22165901892,67.3101024736817
4636,05/05/2023 11:23:00.247199,4818,True,True,True,True,Eyes,0.9368531,0.03332798,-1.809625,-0.9156469,0.1891116,0.3547218,0.0,0.0,0.0,0.0,0.0,0.0,0.0,1.489492,0.09559831,1.372558,0.8808261,0.02252625,-1.826274,0.02685678,-0.5952969,-0.01467895,0.8029227,1.469865,286.8517,356.8147,0.4954861,0.01534863,-0.86848,-0.3532636,0.01175039,0.02865996,-1.142227,0.3684256,-1.190215,1.192093e-07,0.4007999,2.111,0.2908123,-0.05554763,0.9551663,-0.008403393,0.9981265,0.06060449,-0.9567432,-0.02565117,0.2898007,static,-68.82362,28.06326,3.235523e-06,10.75037,-13.501698881582683,6.243885551822066,70.9677904081656,14.2339159102731,67.43252713236295
4637,05/05/2023 11:23:00.257286,4819,True,True,True,True,Eyes,0.9334986,0.03290139,-1.810613,-0.9163515,0.1895395,0.352668,0.0,0.0,0.0,0.0,0.0,0.0,0.0,1.49982,0.0949925,1.360395,0.8715028,0.022237,-1.830067,0.02651409,-0.5964726,-0.01501207,0.802055,1.410933,286.6857,356.8054,0.4919423,0.01545024,-0.8704904,-0.3320678,0.01104536,0.02694036,-1.153024,0.3703137,-1.199912,1.192093e-07,0.4007999,2.111001,0.2879901,-0.05571086,0.9560115,-0.007548837,0.9981433,0.06044009,-0.9576036,-0.02462293,0.2870348,static,-68.95023,28.25556,3.235522e-06,10.75037,-13.519498242946078,6.256910110288801,71.13765767980405,14.246687404682675,67.5527185100576
4638,05/05/2023 11:23:00.277018,4820,True,True,True,True,Eyes,0.9299072,0.03246624,-1.81172,-0.9170687,0.1902401,0.3504193,0.0,0.0,0.0,0.0,0.0,0.0,0.0,1.508943,0.09210755,1.349783,0.8621061,0.02134578,-1.834018,0.02525827,-0.5972506,-0.01625546,0.8014921,1.207394,286.581,356.7759,0.4885991,0.01552116,-0.8723701,-0.3121437,0.01038264,0.02532394,-1.162312,0.3769407,-1.207724,-5.960464e-08,0.4007999,2.111,0.286055,-0.05622828,0.956562,-0.004113794,0.9981956,0.05990578,-0.9582044,-0.02107144,0.2853075,static,-69.08774,28.49721,-1.617761e-06,10.75037,-13.540548569815096,6.272724183344675,71.33068010862016,14.261687271153873,67.68150846274885
4639,05/05/2023 11:23:00.296778,4821,True,True,True,True,Eyes,0.8341773,0.02096622,-1.842772,-0.9316813,0.2123926,0.2947192,0.0,0.0,0.0,0.0,0.0,0.0,0.0,1.517635,0.0894644,1.340026,0.8527542,0.02064253,-1.83828,0.02410835,-0.5978223,-0.01741728,0.8010767,1.019941,286.505,356.7473,0.4854254,0.01556404,-0.8741393,-0.2934151,0.009759681,0.0238045,-1.17131,0.3831568,-1.214813,-2.384186e-07,0.4008,2.111,0.2846103,-0.05673017,0.9569632,-0.0009198479,0.9982309,0.05945015,-0.9586428,-0.01780039,0.2840546,static,-72.44625,35.77882,-6.471046e-06,10.75037,-14.126974720520284,6.729141870297791,76.647775641952,14.688141733819254,70.78193385852734
4640,05/05/2023 11:23:00.307327,4822,True,True,True,True,Eyes,0.8338125,0.02091001,-1.842952,-0.9316923,0.2127385,0.2944346,0.0,0.0,0.0,0.0,0.0,0.0,0.0,1.526109,0.08325667,1.33088,0.8432097,0.01953564,-1.842768,0.02181059,-0.5982292,-0.01917825,0.8007987,0.6867524,286.458,356.743,0.4771368,0.01499387,-0.8787008,-0.5629998,-0.02532597,-0.07078046,-1.1793,0.3943574,-1.221541,1.192093e-07,0.4007999,2.111,0.2835082,-0.0568113,0.9572856,0.004620375,0.998313,0.05787776,-0.9589587,-0.0119858,0.2832924,static,-72.46236,35.84932,3.235524e-06,10.75037,-14.131651804323822,6.733140684234643,76.68605725149469,14.691555586142025,70.7949926432091
4641,05/05/2023 11:23:00.327289,4823,True,True,True,True,Eyes,0.8330898,0.02080812,-1.843324,-0.9317064,0.2131968,0.2940582,0.0,0.0,0.0,0.0,0.0,0.0,0.0,1.536158,0.0775808,1.320631,0.8339653,0.01808361,-1.847713,0.0195882,-0.5990133,-0.02063779,0.8002335,0.379624,286.356,356.7611,0.4702346,0.01450639,-0.8824219,-0.5292199,-0.02380641,-0.06653363,-1.187726,0.4042478,-1.230783,1.788139e-07,0.4007999,2.111,0.2815144,-0.05649728,0.9578924,0.009562925,0.9983808,0.05607488,-0.9595093,-0.006625641,0.2815989,static,-72.48365,35.9427,4.853284e-06,10.75037,-14.137843837025995,6.738436031688517,76.736782000022,14.696066812456714,70.81224259453518
4642,05/05/2023 11:23:00.347019,4824,True,True,True,True,Eyes,0.8320354,0.02065791,-1.843858,-0.9317768,0.2138009,0.2933958,0.0,0.0,0.0,0.0,0.0,0.0,0.0,1.547084,0.07531665,1.309027,0.8246469,0.01685688,-1.852665,0.01836279,-0.6000892,-0.02163342,0.7994297,0.1945518,286.2073,356.7537,0.4644529,0.01408557,-0.8854854,-0.4974667,-0.02237802,-0.06254161,-1.197416,0.4098433,-1.241286,0.0,0.4007999,2.111,0.27885,-0.05662741,0.9586637,0.01255017,0.9983896,0.05532347,-0.9602527,-0.003395563,0.2791116,static,-72.52194,36.08126,0.0,10.75037,-14.147440345056175,6.746464996316824,76.81852491135,14.703105916623276,70.84487858932373
4643,05/05/2023 11:23:00.357168,4825,True,True,True,True,Eyes,0.8306597,0.02046181,-1.844572,-0.9318845,0.2143601,0.292645,0.0,0.0,0.0,0.0,0.0,0.0,0.0,1.558463,0.07290111,1.297044,0.8154406,0.01555904,-1.857756,0.01711943,-0.6012852,-0.02238205,0.7985375,0.02435197,286.041,356.7706,0.459207,0.01370018,-0.8882232,-0.4676187,-0.02103534,-0.05878912,-1.20729,0.4148252,-1.252685,5.960464e-08,0.4008,2.111,0.2759105,-0.05633314,0.9595311,0.01515849,0.998412,0.05425701,-0.9610638,-0.0004250288,0.2763262,static,-72.56585,36.22248,1.617762e-06,10.75037,-14.157519012549956,6.754773202255917,76.90663956293469,14.710546698469484,70.88328976462566
4644,05/05/2023 11:23:00.376917,4826,True,True,True,True,Eyes,0.8290246,0.02041818,-1.845415,-0.9321865,0.2144102,0.2916448,0.0,0.0,0.0,0.0,0.0,0.0,0.0,1.569431,0.07396123,1.285172,0.8063576,0.0142677,-1.862749,0.01707301,-0.602439,-0.02179919,0.7976846,0.05571312,285.8757,356.8271,0.4544038,0.01334323,-0.8906955,-0.4395615,-0.01977322,-0.05526177,-1.218428,0.4124004,-1.263838,-5.960464e-08,0.4007999,2.111,0.2731841,-0.05534865,0.9603682,0.01420687,0.9984666,0.05350311,-0.9618569,-0.0009723735,0.2735515,static,-72.62714,36.32242,-1.617761e-06,10.75037,-14.16649441294468,6.76142666785928,76.99760366917526,14.717377042904792,70.94229758399668
4645,05/05/2023 11:23:00.396853,4827,True,True,True,True,Eyes,0.8270736,0.0206079,-1.846397,-0.9323871,0.2148318,0.2906917,0.0,0.0,0.0,0.0,0.0,0.0,0.0,1.581478,0.08562182,1.272151,0.7981563,0.01806282,-1.867991,0.02181791,-0.6039811,-0.01796605,0.7964973,0.7479324,285.6336,356.8483,0.4499884,0.01301947,-0.8929392,-0.4131879,-0.01858683,-0.05194606,-1.233665,0.3906665,-1.276529,0.0,0.4008,2.111,0.2697681,-0.05497503,0.9613546,0.002264604,0.9984024,0.05645812,-0.9629225,-0.01305351,0.2694616,static,-72.68401,36.46576,0.0,10.75037,-14.177474606488762,6.77017462735423,77.0989402815123,14.725581191316847,70.99428450994083
4646,05/05/2023 11:23:00.407386,4828,True,True,True,True,Eyes,0.8248346,0.02072176,-1.847514,-0.9324192,0.2159268,0.2897758,0.0,0.0,0.0,0.0,0.0,0.0,0.0,1.589471,0.07728425,1.263179,0.7886088,0.0237699,-1.87231,0.01974474,-0.604266,-0.02316254,0.7962011,0.1976072,285.6016,356.5173,0.4459085,0.0127372,-0.8949875,-0.3883966,-0.01747162,-0.0488293,-1.23938,0.4165467,-1.280745,1.788139e-07,0.4008,2.111,0.268652,-0.06074623,0.96132,0.01302193,0.9981473,0.05943424,-0.9631492,-0.003448887,0.2689453,static,-72.73589,36.6917,4.853284e-06,10.75037,-14.192479096946652,6.782996527489313,77.22346147562206,14.73657534666505,71.03643411170191
4647,05/05/2023 11:23:00.426910,4829,True,True,True,True,Eyes,0.8223947,0.02093673,-1.848816,-0.9326261,0.2162974,0.2888323,0.0,0.0,0.0,0.0,0.0,0.0,0.0,1.594257,0.06153619,1.25996,0.779182,0.02195086,-1.877587,0.01339133,-0.6032081,-0.03007731,0.7969042,359.1438,285.7805,356.3248,0.4421177,0.01248855,-0.8968697,-0.3650928,-0.01642332,-0.04589954,-1.239291,0.4534256,-1.280463,0.0,0.4007999,2.111,0.2704709,-0.06409297,0.9605924,0.03178195,0.9978321,0.05762896,-0.9622035,0.01494254,0.2719215,static,-72.79236,36.82839,0.0,10.75037,-14.203086402683317,6.791395967327647,77.32264093711493,14.744529112639091,71.08839284840447
4648,05/05/2023 11:23:00.447149,4830,True,True,True,True,Eyes,0.8196549,0.02136849,-1.850244,-0.9328083,0.2169302,0.287767,0.0,0.0,0.0,0.0,0.0,0.0,0.0,1.603983,0.08111931,1.250655,0.7719571,0.02474323,-1.883335,0.02033023,-0.6041059,-0.02473414,0.7962607,0.142795,285.6218,356.3333,0.4385765,0.01227515,-0.8986096,-0.3431872,-0.01543792,-0.04314557,-1.255114,0.4194603,-1.28992,5.960464e-08,0.4007999,2.111,0.2688884,-0.06395286,0.961046,0.01482642,0.9979498,0.0622604,-0.9630573,-0.002492236,0.2692853,static,-72.85526,37.01044,1.617761e-06,10.75037,-14.21646295436187,6.802267477454625,77.4434014090116,14.754503666980934,71.14462152773899
4649,05/05/2023 11:23:00.456841,4831,True,True,True,True,Eyes,0.8167011,0.02181333,-1.851829,-0.932897,0.2179915,0.2866755,0.0,0.0,0.0,0.0,0.0,0.0,0.0,1.613256,0.07157621,1.240473,0.7619048,0.03032411,-1.888139,0.01779857,-0.6045505,-0.02984473,0.7958086,359.5556,285.5698,356.0421,0.4352466,0.01210424,-0.9002296,-0.322596,-0.01451165,-0.04055683,-1.261156,0.4465307,-1.295722,5.960464e-08,0.4007999,2.111001,0.2672561,-0.06902165,0.9611505,0.02598112,0.997585,0.06441379,-0.9632753,0.007756784,0.2684039,static,-72.91802,37.2498,1.617761e-06,10.75037,-14.23283428625421,6.816050675179653,77.5838750448388,14.766600367731204,71.19755373922148
4650,05/05/2023 11:23:00.477122,4832,True,True,True,True,Eyes,0.8135473,0.02230146,-1.853509,-0.9332213,0.218336,0.2853549,0.0,0.0,0.0,0.0,0.0,0.0,0.0,1.623731,0.06299208,1.23043,0.7538013,0.03098629,-1.893476,0.01424805,-0.6054247,-0.03472101,0.7950173,358.8891,285.46,355.8439,0.4320953,0.01197216,-0.9017482,-0.3032402,-0.01364095,-0.03812342,-1.265221,0.4715832,-1.304931,5.960464e-08,0.4007999,2.111,0.2645107,-0.07245985,0.9616567,0.03795538,0.9971828,0.06469681,-0.9636356,0.01938704,0.2665159,static,-72.99773,37.42099,1.617761e-06,10.75037,-14.246666960500333,6.826800266391161,77.71737767399944,14.77707565905075,71.27217512996818
4651,05/05/2023 11:23:00.497119,4833,True,True,True,True,Eyes,0.8101566,0.02284921,-1.855295,-0.9335084,0.2189125,0.2839707,0.0,0.0,0.0,0.0,0.0,0.0,0.0,1.634901,0.07756395,1.217209,0.7456402,0.03270714,-1.89828,0.01950203,-0.6070285,-0.03011777,0.7938696,359.6791,285.2052,355.9,0.4290956,0.01187721,-0.9031807,-0.2850458,-0.01282249,-0.03583601,-1.281751,0.4442979,-1.317558,0.0,0.4007999,2.111,0.2612189,-0.07149572,0.9626281,0.02414259,0.9974252,0.0675288,-0.9649776,0.005600543,0.2622724,static,-73.08039,37.62857,0.0,10.75037,-14.26258656515472,6.83947651293493,77.86643075030535,14.789065670139541,71.34792326847398
4652,05/05/2023 11:23:00.507341,4834,True,True,True,True,Eyes,0.8065953,0.02336189,-1.857182,-0.9338722,0.2194341,0.2823676,0.0,0.0,0.0,0.0,0.0,0.0,0.0,1.64467,0.06293234,1.206137,0.7365663,0.03462324,-1.902613,0.01595386,-0.6079008,-0.03060297,0.7932628,359.3184,285.0952,356.1035,0.4262207,0.0118186,-0.9045417,-0.2679431,-0.01205314,-0.03368586,-1.289764,0.4595807,-1.327842,-1.192093e-07,0.4007999,2.111001,0.2590403,-0.06794911,0.9634736,0.02915567,0.9976179,0.06251833,-0.9654265,0.01189594,0.2604043,static,-73.17667,37.85157,-3.235522e-06,10.75036,-14.280144932901417,6.853285966874761,78.03396787440428,14.802352276475968,71.43725594447994
4653,05/05/2023 11:23:00.527214,4835,True,True,True,True,Eyes,0.8028371,0.02384052,-1.859158,-0.9343417,0.2197137,0.2805911,0.0,0.0,0.0,0.0,0.0,0.0,0.0,1.655379,0.05342,1.194334,0.7288508,0.03431743,-1.907135,0.01390568,-0.6092713,-0.02848141,0.7923282,359.274,284.9046,356.4406,0.4234501,0.01179096,-0.9058424,-0.2518665,-0.01132995,-0.0316647,-1.299664,0.4610587,-1.341464,1.788139e-07,0.4007999,2.111001,0.2559546,-0.06207791,0.9646937,0.02818859,0.9979908,0.05674153,-0.9662779,0.01267009,0.2571902,static,-73.28452,38.06232,4.853283e-06,10.75036,-14.297766993967674,6.866768595566846,78.20846975879948,14.815821340466448,71.53956665333412
4654,05/05/2023 11:23:00.547174,4836,True,True,True,True,Eyes,0.7988779,0.02432608,-1.8612,-0.9348319,0.2201597,0.2786019,0.0,0.0,0.0,0.0,0.0,0.0,0.0,1.667481,0.04992484,1.178913,0.7203982,0.03401085,-1.911201,0.01412456,-0.6112979,-0.02400963,0.7909104,359.5983,284.6099,356.8329,0.4207631,0.0117895,-0.9070937,-0.2367545,-0.01065015,-0.02976482,-1.313993,0.4489902,-1.358022,-1.788139e-07,0.4007999,2.111001,0.2514769,-0.05524755,0.9662853,0.02071031,0.9984481,0.05169659,-0.9676418,0.007011557,0.2522308,static,-73.40471,38.31687,-4.853283e-06,10.75037,-14.318436999249345,6.8827952978885225,78.41022037927492,14.831575546618607,71.65254284147873
4655,05/05/2023 11:23:00.556819,4837,True,True,True,True,Eyes,0.6954731,0.03689195,-1.914176,-0.9457459,0.2340658,0.2253392,0.0,0.0,0.0,0.0,0.0,0.0,0.0,1.679624,0.03714596,1.162746,0.7116054,0.03463642,-1.914918,0.01071677,-0.6133327,-0.0244628,0.7893729,359.2501,284.3259,357.0324,0.4181424,0.01181196,-0.9083045,-0.2225492,-0.01001114,-0.02797893,-1.323365,0.4624947,-1.373815,5.960464e-08,0.4008,2.111,0.2464489,-0.05176644,0.9677723,0.02547464,0.9985734,0.04692673,-0.9688209,0.01308861,0.247416,static,-76.59824,46.08823,1.617761e-06,10.75037,-14.92046629998913,7.359900603183334,84.35671264524534,15.30083806905234,74.63039167375169
4656,05/05/2023 11:23:00.577274,4838,True,True,True,True,Eyes,0.6951185,0.03696784,-1.914301,-0.9457377,0.2342903,0.2251403,0.0,0.0,0.0,0.0,0.0,0.0,0.0,1.69256,0.03943717,1.145154,0.7032436,0.03552794,-1.918822,0.01054758,-0.6157375,-0.02699982,0.7874181,359.0466,283.9778,356.8175,0.4097028,0.01249751,-0.9121332,-0.5194106,0.02828712,-0.1852254,-1.333129,0.4707791,-1.389005,-2.980232e-08,0.4007999,2.111001,0.2402768,-0.05550937,0.969116,0.02953123,0.9983195,0.04986031,-0.9702552,0.0166389,0.2415123,static,-76.60953,46.14095,-8.088804e-07,10.75036,-14.92391765567736,7.362871532681871,84.38906222629272,15.303541164264024,74.63951397067926
4657,05/05/2023 11:23:00.597148,4839,True,True,True,True,Eyes,0.6944163,0.03707739,-1.914565,-0.9456223,0.2350775,0.2248041,0.0,0.0,0.0,0.0,0.0,0.0,0.0,1.705597,0.04804985,1.126113,0.6942651,0.03745865,-1.922522,0.01127215,-0.6182446,-0.03241241,0.7852364,358.7179,283.6124,356.2814,0.4026536,0.01308338,-0.9152585,-0.4882459,0.02658989,-0.1741118,-1.342108,0.4845482,-1.40266,-8.940697e-08,0.4007999,2.111001,0.2334461,-0.0648407,0.9702055,0.03696492,0.9976447,0.05778021,-0.9716669,0.022375,0.2352932,static,-76.62724,46.27973,-2.426642e-06,10.75037,-14.932270522555395,7.370384623842337,84.46341788095866,15.310027159717016,74.65041279987082
4658,05/05/2023 11:23:00.607146,4840,True,True,True,True,Eyes,0.69341,0.03714135,-1.914939,-0.9455101,0.2360444,0.2242626,0.0,0.0,0.0,0.0,0.0,0.0,0.0,1.717485,0.04753993,1.108513,0.6852224,0.03827855,-1.92609,0.008398188,-0.6202993,-0.04043014,0.7832775,357.8795,283.325,355.7674,0.3965555,0.01359827,-0.9179096,-0.4589511,0.0249945,-0.1636651,-1.34633,0.5158215,-1.414515,-8.940697e-08,0.4007999,2.111,0.2271885,-0.07375481,0.9710538,0.05291726,0.9965898,0.0633138,-0.9724119,0.03700135,0.2303166,static,-76.65676,46.46619,-2.426642e-06,10.75037,-14.943842339655273,7.380625584790979,84.5687783991999,15.319057698487885,74.67130490470723
4659,05/05/2023 11:23:00.627223,4841,True,True,True,True,Eyes,0.6921057,0.03717126,-1.915434,-0.9454491,0.2369545,0.2235589,0.0,0.0,0.0,0.0,0.0,0.0,0.0,1.728736,0.04927573,1.091719,0.6768224,0.03726961,-1.929593,0.006925462,-0.6223577,-0.04440117,0.781442,357.4528,283.0305,355.5211,0.3910037,0.01406433,-0.9202812,-0.4314141,0.02349483,-0.1538452,-1.35343,0.5302702,-1.42761,2.980232e-08,0.4007999,2.111,0.2213989,-0.0780141,0.9720578,0.06077363,0.9959612,0.06609051,-0.9732878,0.04444312,0.2252459,static,-76.69632,46.66618,8.088808e-07,10.75037,-14.95673553128,7.391811926025118,84.68926161902027,15.329183744914422,74.70229286140076
4660,05/05/2023 11:23:00.647260,4842,True,True,True,True,Eyes,0.6905343,0.03719581,-1.916035,-0.9455317,0.2374419,0.2226908,0.0,0.0,0.0,0.0,0.0,0.0,0.0,1.739362,0.0548183,1.075249,0.6683948,0.03649214,-1.932993,0.007709917,-0.6243989,-0.0448275,0.7797802,357.4807,282.7294,355.4335,0.3859315,0.01448485,-0.9224133,-0.4055292,0.02208514,-0.1446145,-1.364569,0.5284255,-1.441036,2.980232e-08,0.4007999,2.111001,0.2162331,-0.07953931,0.9730965,0.06028306,0.9958621,0.06800456,-0.974479,0.0439564,0.2201332,static,-76.74726,46.83619,8.088805e-07,10.75037,-14.968751691150397,7.401764677712795,84.80759663343092,15.338732314361296,74.74754930757472
4661,05/05/2023 11:23:00.657228,4843,True,True,True,True,Eyes,0.6887218,0.03725595,-1.91675,-0.9457268,0.2376724,0.2216138,0.0,0.0,0.0,0.0,0.0,0.0,0.0,1.750355,0.05889715,1.058152,0.6603893,0.0364957,-1.93635,0.008949925,-0.6266724,-0.04350286,0.7780161,357.6733,282.3909,355.4704,0.38128,0.01486419,-0.9243397,-0.3811975,0.02076003,-0.1359376,-1.377103,0.5214161,-1.45631,8.940697e-08,0.4007999,2.111,0.2107783,-0.07890917,0.9743438,0.05647449,0.9960548,0.06845044,-0.9759011,0.0405977,0.2144031,static,-76.81174,47.00249,2.426642e-06,10.75037,-14.981399231205216,7.411875473771419,84.9367999109408,15.34887426932039,74.8078256543585
4662,05/05/2023 11:23:00.677286,4844,True,True,True,True,Eyes,0.6866577,0.03735356,-1.917551,-0.9459996,0.2377265,0.2203878,0.0,0.0,0.0,0.0,0.0,0.0,0.0,1.761823,0.0652813,1.040199,0.6528399,0.03746119,-1.939766,0.01135398,-0.6292153,-0.04138778,0.7760453,358.0251,282.0076,355.4935,0.3769968,0.01520823,-0.9260892,-0.3583256,0.01951443,-0.1277814,-1.390725,0.5095323,-1.472912,5.960464e-08,0.4007999,2.111,0.2047503,-0.07852579,0.9756594,0.04994939,0.9963163,0.06970605,-0.977539,0.03446124,0.2079184,static,-76.88582,47.1675,1.617761e-06,10.75037,-14.99456467121219,7.422166510487703,85.07430236725462,15.359490768316933,74.87872390741008
4663,05/05/2023 11:23:00.696992,4845,True,True,True,True,Eyes,0.6843615,0.03746188,-1.918435,-0.9462988,0.237788,0.2190332,0.0,0.0,0.0,0.0,0.0,0.0,0.0,1.771992,0.06679039,1.022822,0.644785,0.03851044,-1.942512,0.01186432,-0.6314209,-0.04111789,0.7742584,358.0772,281.6801,355.4862,0.3730344,0.01552238,-0.9276872,-0.3368261,0.01834356,-0.1201145,-1.401824,0.5086733,-1.48721,2.980232e-08,0.4007999,2.111,0.1992341,-0.07865451,0.9767902,0.04868899,0.9963371,0.07029749,-0.9787415,0.03355328,0.2023339,static,-76.96764,47.35095,8.088809e-07,10.75037,-15.009168516732451,7.433593787567836,85.22687479909906,15.37127737985001,74.95701474389969
4664,05/05/2023 11:23:00.707099,4846,True,True,True,True,Eyes,0.6818282,0.03759569,-1.919424,-0.9466616,0.2376384,0.2176232,0.0,0.0,0.0,0.0,0.0,0.0,0.0,1.781048,0.0671511,1.007447,0.6369469,0.03887329,-1.945347,0.0118241,-0.6332189,-0.04109821,0.7727904,358.0646,281.4142,355.4954,0.3693499,0.01581022,-0.9291553,-0.3166165,0.01724295,-0.1129076,-1.411664,0.5095025,-1.499631,-5.960464e-08,0.4007999,2.111001,0.1946895,-0.0784951,0.9777191,0.04854611,0.9963423,0.07032344,-0.979663,0.03377322,0.197788,static,-77.0535,47.51734,-1.617761e-06,10.75037,-15.02312473527057,7.444256714743019,85.37594330912314,15.382607492190756,75.04083774307942
4665,05/05/2023 11:23:00.727417,4847,True,True,True,True,Eyes,0.6790744,0.03776365,-1.920492,-0.9470347,0.2374989,0.2161474,0.0,0.0,0.0,0.0,0.0,0.0,0.0,1.78928,0.07132001,0.9929823,0.6288731,0.03962282,-1.948223,0.01287357,-0.634753,-0.04113207,0.7715123,358.146,281.1832,355.4199,0.3659046,0.01607563,-0.9305129,-0.2976195,0.01620837,-0.1061332,-1.422071,0.5072313,-1.510124,2.980232e-08,0.4008,2.111,0.1907936,-0.07981087,0.9783803,0.04712472,0.9962848,0.07208166,-0.9804983,0.03235318,0.1938459,static,-77.14326,47.69472,8.088809e-07,10.75037,-15.0378947427462,7.45557856764027,85.5334302197072,15.3946079262967,75.12835183979792
4666,05/05/2023 11:23:00.747028,4848,True,True,True,True,Eyes,0.6761006,0.03793114,-1.921671,-0.9474333,0.2372687,0.2146482,0.0,0.0,0.0,0.0,0.0,0.0,0.0,1.79724,0.07605173,0.978912,0.6208463,0.04061877,-1.95116,0.01375175,-0.6361822,-0.04214027,0.7702646,358.1414,280.9683,355.2701,0.3626646,0.01632254,-0.9317762,-0.2797624,0.01523587,-0.09976517,-1.431494,0.5083092,-1.519737,2.980232e-08,0.4007999,2.111,0.1869931,-0.08241554,0.978898,0.04742107,0.9960701,0.07480273,-0.9812161,0.03243279,0.1901664,static,-77.23471,47.86553,8.088807e-07,10.75037,-15.052423523492482,7.4666094963502,85.68976400689311,15.40644544751159,75.21819418565383
4667,05/05/2023 11:23:00.756820,4849,True,True,True,True,Eyes,0.672926,0.03807511,-1.922932,-0.9478666,0.2370055,0.21302,0.0,0.0,0.0,0.0,0.0,0.0,0.0,1.805411,0.08092558,0.9643896,0.6127501,0.04075832,-1.954221,0.01438518,-0.6376895,-0.04325069,0.7689439,358.1067,280.7423,355.1293,0.3595984,0.01655277,-0.9329597,-0.2629766,0.01432172,-0.09377927,-1.440818,0.5096366,-1.529986,2.980232e-08,0.4007999,2.111,0.1829631,-0.08486127,0.9794505,0.04816816,0.9958449,0.07728381,-0.9819391,0.03303823,0.1862905,static,-77.33401,48.05088,8.088807e-07,10.75037,-15.068193039931217,7.47858109547654,85.85963704819733,15.419308301643628,75.31587080470594
4668,05/05/2023 11:23:00.777153,4850,True,True,True,True,Eyes,0.6695508,0.03818647,-1.92427,-0.9483625,0.2366424,0.2112079,0.0,0.0,0.0,0.0,0.0,0.0,0.0,1.814668,0.08433554,0.9480458,0.6047819,0.04034857,-1.95743,0.01502998,-0.639627,-0.04298365,0.7673357,358.1707,280.451,355.1104,0.3566789,0.01676685,-0.934076,-0.247198,0.01346241,-0.08815251,-1.451406,0.5068715,-1.543416,-5.960464e-08,0.4008,2.111,0.1780597,-0.08519293,0.9803249,0.04673861,0.9958531,0.07805307,-0.9829091,0.03192091,0.1813031,static,-77.44467,48.25047,-1.617762e-06,10.75037,-15.085401644842952,7.49156799740371,86.04611647741469,15.433375666690017,75.42529695822148
4669,05/05/2023 11:23:00.797047,4851,True,True,True,True,Eyes,0.6659966,0.03825029,-1.925675,-0.9488968,0.236245,0.2092441,0.0,0.0,0.0,0.0,0.0,0.0,0.0,1.823776,0.08431324,0.9311415,0.5966724,0.03968524,-1.96028,0.01493182,-0.6416331,-0.04219047,0.765705,358.2078,280.1517,355.1922,0.3538819,0.01696479,-0.9351357,-0.2323661,0.01265467,-0.08286336,-1.462047,0.5049008,-1.557524,8.940697e-08,0.4007999,2.111,0.1730539,-0.0837724,0.9813433,0.0454494,0.995994,0.07700834,-0.9838632,0.03127486,0.1761681,static,-77.56454,48.46843,2.426642e-06,10.75037,-15.10413464194713,7.505725226367347,86.24911763037315,15.448711153160641,75.54387684833118
4670,05/05/2023 11:23:00.807431,4852,True,True,True,True,Eyes,0.6622638,0.03829255,-1.927169,-0.9493334,0.2361739,0.2073358,0.0,0.0,0.0,0.0,0.0,0.0,0.0,1.833026,0.08300734,0.914203,0.5888422,0.03861274,-1.963267,0.01468477,-0.643703,-0.04072457,0.7640498,358.2815,279.8424,355.344,0.3511865,0.01714586,-0.936148,-0.2184242,0.01189539,-0.07789156,-1.472787,0.5012177,-1.57257,0.0,0.4007999,2.111,0.1679758,-0.08113646,0.9824464,0.04332595,0.9962517,0.07486885,-0.9848384,0.02998927,0.1708616,static,-77.67998,48.72027,0.0,10.75037,-15.124372928656667,7.521492425107643,86.46324420706408,15.465196632397708,75.65556358981537
4671,05/05/2023 11:23:00.827402,4853,True,True,True,True,Eyes,0.6583592,0.03831431,-1.92872,-0.94982,0.2360091,0.205284,0.0,0.0,0.0,0.0,0.0,0.0,0.0,1.842137,0.08323429,0.8969517,0.5809651,0.03810117,-1.966201,0.0151378,-0.6458027,-0.03897904,0.7623585,358.4377,279.5252,355.4681,0.3485735,0.01731067,-0.9371211,-0.2053187,0.01118167,-0.07321806,-1.484173,0.4950552,-1.587571,1.192093e-07,0.4007999,2.111001,0.1628391,-0.07898407,0.9834863,0.03987994,0.996503,0.0734264,-0.9858465,0.02726467,0.1654195,static,-77.80428,48.9828,3.235522e-06,10.75036,-15.145711792302938,7.538030317210801,86.69040291835614,15.482627221986931,75.77656369247657
4672,05/05/2023 11:23:00.847309,4854,True,True,True,True,Eyes,0.6542811,0.03831507,-1.930331,-0.9502522,0.2360024,0.2032824,0.0,0.0,0.0,0.0,0.0,0.0,0.0,1.851102,0.08549434,0.8791938,0.5729579,0.03765141,-1.969053,0.01592723,-0.6479446,-0.03778752,0.7605829,358.5823,279.1998,355.5181,0.3460262,0.01745987,-0.9380618,-0.1929996,0.01051077,-0.06882498,-1.495484,0.4893306,-1.602318,-2.980232e-08,0.4007999,2.111,0.15748,-0.078121,0.9844273,0.03684117,0.9966368,0.07319639,-0.9868347,0.02474048,0.1598285,static,-77.92502,49.2598,-8.088808e-07,10.75037,-15.16759182961984,7.555213102884301,86.92114135733145,15.500478862589683,75.89283834686077
4673,05/05/2023 11:23:00.856995,4855,True,True,True,True,Eyes,0.6500394,0.03828016,-1.931992,-0.9507249,0.2359273,0.2011479,0.0,0.0,0.0,0.0,0.0,0.0,0.0,1.859541,0.0874536,0.8617752,0.5647978,0.03712393,-1.971756,0.01644411,-0.6499565,-0.03703115,0.7588907,358.6718,278.8944,355.5493,0.3435299,0.01759395,-0.9389764,-0.1814196,0.00988012,-0.06469548,-1.506297,0.4855381,-1.616156,-5.960464e-08,0.4007999,2.111,0.1523708,-0.0775811,0.9852738,0.03482928,0.9967166,0.07309584,-0.9877095,0.0231787,0.1545726,static,-78.05392,49.54961,-1.617762e-06,10.75037,-15.190640849174144,7.57325649575096,87.16533255485619,15.519328931297235,76.01751806463973
4674,05/05/2023 11:23:00.876880,4856,True,True,True,True,Eyes,0.5399022,0.03674586,-1.975318,-0.9601122,0.2379283,0.1468831,0.0,0.0,0.0,0.0,0.0,0.0,0.0,1.867931,0.08736307,0.8445119,0.5566452,0.0362457,-1.974546,0.01660942,-0.6519349,-0.03567508,0.7572532,358.776,278.5947,355.6583,0.341071,0.01771271,-0.9398701,-0.1705344,0.009287313,-0.06081375,-1.517197,0.4808965,-1.630415,-8.940697e-08,0.4007999,2.111,0.1474167,-0.07568666,0.9861743,0.03237363,0.9969028,0.07167072,-0.9885445,0.02136058,0.1494104,static,-81.30202,58.31124,-2.426642e-06,10.75037,-15.847893259714503,8.102132905234516,94.1915835765357,16.067632170518323,79.12388507754072
4675,05/05/2023 11:23:00.896779,4857,True,True,True,True,Eyes,0.5395703,0.03670461,-1.975437,-0.9601549,0.2379073,0.1466383,0.0,0.0,0.0,0.0,0.0,0.0,0.0,1.876327,0.08621711,0.8267668,0.5484312,0.03557943,-1.977255,0.01648871,-0.6539775,-0.03448195,0.755548,358.8434,278.2859,355.7742,0.333007,0.01774412,-0.9427568,-0.4907139,0.004127168,-0.1871441,-1.527867,0.4778185,-1.645032,0.0,0.4007999,2.111,0.142249,-0.07367202,0.9870855,0.03053905,0.9970782,0.07001685,-0.9893597,0.02018481,0.1440833,static,-81.31668,58.35167,0.0,10.75037,-15.850906096121506,8.104564968468345,94.22465817349725,16.07020560954153,79.13814831398449
4676,05/05/2023 11:23:00.907172,4858,True,True,True,True,Eyes,0.5389118,0.03662938,-1.975684,-0.9602116,0.237971,0.146162,0.0,0.0,0.0,0.0,0.0,0.0,0.0,1.885296,0.08579774,0.8076578,0.5401469,0.03455184,-1.980166,0.01629083,-0.6562639,-0.03366169,0.7536042,358.8753,277.9397,355.8636,0.3261245,0.01776608,-0.9451593,-0.461271,0.003879538,-0.1759154,-1.53845,0.4756659,-1.661078,5.960464e-08,0.4007999,2.111001,0.1363691,-0.07211736,0.9880298,0.02935301,0.9972031,0.06873558,-0.9902232,0.01962822,0.1381046,static,-81.34496,58.44172,1.617761e-06,10.75037,-15.857349939600963,8.109869941402039,94.29457908818253,16.075690932996494,79.16475519856742
4677,05/05/2023 11:23:00.927247,4859,True,True,True,True,Eyes,0.5379277,0.0365243,-1.976033,-0.9603071,0.2380486,0.1454068,0.0,0.0,0.0,0.0,0.0,0.0,0.0,1.894683,0.08525877,0.7863913,0.5317355,0.03353346,-1.982836,0.01620824,-0.6589271,-0.03255265,0.7513273,358.9374,277.5347,355.9695,0.319883,0.01778133,-0.9472897,-0.4335948,0.003646766,-0.1653605,-1.549633,0.4724203,-1.679118,-8.940697e-08,0.4007999,2.111,0.1295109,-0.07027549,0.9890845,0.02755529,0.9973552,0.06725502,-0.991195,0.01854425,0.1311049,static,-81.38985,58.58223,-2.426643e-06,10.75037,-15.867451169700336,8.118167129025561,94.40441790019092,16.084291142836165,79.20718571679218
4678,05/05/2023 11:23:00.947051,4860,True,True,True,True,Eyes,0.536633,0.03639348,-1.976505,-0.9604067,0.2382709,0.1443809,0.0,0.0,0.0,0.0,0.0,0.0,0.0,1.904299,0.08403413,0.7639517,0.5229504,0.03270866,-1.985571,0.01569035,-0.6617202,-0.03206128,0.7489008,358.9153,277.1105,356.055,0.3142056,0.01778924,-0.9491878,-0.4075791,0.00342796,-0.1554389,-1.560515,0.4724488,-1.697887,8.940697e-08,0.4007999,2.111,0.1221971,-0.06878667,0.9901193,0.0272562,0.9974518,0.06593221,-0.9921315,0.01893016,0.1237606,static,-81.45058,58.78612,2.426642e-06,10.75037,-15.881839894217066,8.130094032107575,94.56019593730599,16.09654502222588,79.26355396803442
4679,05/05/2023 11:23:00.957049,4861,True,True,True,True,Eyes,0.5350057,0.03623053,-1.977062,-0.9605386,0.2385392,0.1430548,0.0,0.0,0.0,0.0,0.0,0.0,0.0,1.913955,0.081688,0.7404283,0.5142875,0.03188627,-1.98812,0.0147735,-0.6647176,-0.03175557,0.7462734,358.8445,276.6548,356.1554,0.3090225,0.01778939,-0.9508878,-0.3831243,0.003222282,-0.1461125,-1.570938,0.4742751,-1.717772,-7.450581e-08,0.4007999,2.111,0.1142842,-0.06703708,0.9911838,0.02775627,0.9975467,0.06426711,-0.9930604,0.02016683,0.1158646,static,-81.5291,59.04839,-2.022202e-06,10.75037,-15.900373019299115,8.1454462487232,94.76123971853569,16.112337682511903,79.3365995148942
4680,05/05/2023 11:23:00.977201,4862,True,True,True,True,Eyes,0.5330775,0.03606368,-1.977691,-0.9606689,0.2389934,0.1414123,0.0,0.0,0.0,0.0,0.0,0.0,0.0,1.923752,0.07903275,0.714998,0.5046803,0.03094187,-1.990636,0.01374664,-0.6678718,-0.03140872,0.7434863,358.7673,276.1736,356.2685,0.3042702,0.01778109,-0.9524193,-0.3601369,0.003028945,-0.1373458,-1.582232,0.4762137,-1.738661,-7.450581e-08,0.4007999,2.111,0.1059215,-0.06506589,0.9922435,0.02834191,0.997649,0.06239487,-0.9939705,0.02151312,0.1075166,static,-81.62609,59.3872,-2.022202e-06,10.75037,-15.924043689087044,8.165164965776768,95.01767978122872,16.13252578109405,79.42572824679347
4681,05/05/2023 11:23:00.997007,4863,True,True,True,True,Eyes,0.5308492,0.03588285,-1.978385,-0.9608064,0.2395812,0.1394706,0.0,0.0,0.0,0.0,0.0,0.0,0.0,1.933422,0.0759132,0.6890659,0.4955251,0.03062649,-1.993041,0.01254312,-0.6711662,-0.03147243,0.7405325,358.6437,275.6692,356.3611,0.2998923,0.01776508,-0.9538072,-0.3385287,0.002847209,-0.129105,-1.592627,0.4804721,-1.760186,-1.490116e-07,0.4007999,2.111,0.09709109,-0.06344975,0.993251,0.02977567,0.9977043,0.06082363,-0.99483,0.02366928,0.09875742,static,-81.74064,59.79446,-4.044404e-06,10.75037,-15.952372448067951,8.18881535162231,95.3249932093015,16.156720580081878,79.53050538495484
4682,05/05/2023 11:23:01.006874,4864,True,True,True,True,Eyes,0.5283257,0.03567342,-1.979157,-0.9609313,0.2403245,0.1373139,0.0,0.0,0.0,0.0,0.0,0.0,0.0,1.942782,0.07159983,0.6622611,0.4860923,0.03007827,-1.995226,0.01065904,-0.6745321,-0.03203059,0.7374735,358.4247,275.1533,356.4657,0.2958378,0.01774151,-0.9550729,-0.3182169,0.002676376,-0.1213587,-1.602409,0.4879957,-1.782068,1.043081e-07,0.4008,2.111,0.08796125,-0.06162313,0.994216,0.03286368,0.9977209,0.05893282,-0.9955816,0.02748979,0.08978593,static,-81.86768,60.2577,2.831083e-06,10.75037,-15.98439659013512,8.215633230864587,95.6728447149958,16.184125411830113,79.64586692463574
4683,05/05/2023 11:23:01.026934,4865,True,True,True,True,Eyes,0.5255139,0.03544502,-1.979978,-0.9610599,0.2411838,0.1348854,0.0,0.0,0.0,0.0,0.0,0.0,0.0,1.951683,0.06649397,0.6355345,0.4765233,0.02907763,-1.997367,0.008406879,-0.6778201,-0.0325787,0.7344575,358.1768,274.6472,356.6014,0.2920615,0.01770981,-0.9562351,-0.2991239,0.002515794,-0.1140772,-1.611859,0.4961337,-1.80377,0.0,0.4007999,2.111,0.07899694,-0.05925205,0.9951124,0.03645864,0.9977359,0.05651399,-0.996208,0.03181601,0.08097833,static,-82.01069,60.78329,0.0,10.75037,-16.02066217835585,8.2460317603901,96.06792575049437,16.21521898252916,79.77546550025868
4684,05/05/2023 11:23:01.047198,4866,True,True,True,True,Eyes,0.5224044,0.03518218,-1.980851,-0.9611783,0.2421294,0.1323235,0.0,0.0,0.0,0.0,0.0,0.0,0.0,1.960085,0.06412678,0.6081806,0.4667817,0.02836386,-1.999309,0.006830325,-0.6811486,-0.03337117,0.7313526,357.9673,274.1303,356.6662,0.2885219,0.01766992,-0.9573098,-0.2811765,0.002364846,-0.1072326,-1.621576,0.5031124,-1.825134,0.0,0.4008,2.111001,0.069846,-0.05811711,0.9958636,0.03950724,0.9976795,0.0554522,-0.9967753,0.03547069,0.07197992,static,-82.16148,61.34343,0.0,10.75037,-16.05921285292538,8.278387046048701,96.48920414198678,16.248354291441014,79.91170501087535
4685,05/05/2023 11:23:01.057203,4867,True,True,True,True,Eyes,0.5190178,0.03488794,-1.981757,-0.9613065,0.243135,0.1295192,0.0,0.0,0.0,0.0,0.0,0.0,0.0,1.967744,0.06372958,0.5810174,0.4565356,0.02719593,-2.001123,0.005466438,-0.6843123,-0.03448284,0.7283529,357.7516,273.6363,356.6889,0.285182,0.01762103,-0.9583109,-0.2643059,0.002222955,-0.1007986,-1.631459,0.5098355,-1.845234,-1.639128e-07,0.4007999,2.111,0.06105531,-0.05771285,0.9964646,0.04274985,0.9975621,0.05515705,-0.9972186,0.03923107,0.06337363,static,-82.32661,61.95555,-4.448843e-06,10.75037,-16.101362122543268,8.313753730615403,96.95174284358274,16.284680462958313,80.0610840479772
4686,05/05/2023 11:23:01.077645,4868,True,True,True,True,Eyes,0.5153558,0.03459356,-1.982687,-0.9614331,0.2441811,0.1265778,0.0,0.0,0.0,0.0,0.0,0.0,0.0,1.974936,0.06236556,0.5539316,0.4464881,0.02612876,-2.002764,0.004292934,-0.6874754,-0.03481606,0.7253602,357.6134,273.1394,356.7634,0.2820089,0.01756255,-0.9592506,-0.2484476,0.002089578,-0.09475069,-1.641638,0.5138496,-1.865571,-1.639128e-07,0.4007999,2.111001,0.05233108,-0.05641093,0.9970354,0.04460578,0.9975389,0.05409821,-0.9976332,0.04164252,0.0547185,static,-82.49984,62.59883,-4.448843e-06,10.75037,-16.1456383429937,8.350912922506389,97.43965142763776,16.322955863160388,80.2177916175599
4687,05/05/2023 11:23:01.097034,4869,True,True,True,True,Eyes,0.5114173,0.03428653,-1.983637,-0.961521,0.2454436,0.1234301,0.0,0.0,0.0,0.0,0.0,0.0,0.0,1.981752,0.06097557,0.5260745,0.4362073,0.02577418,-2.004213,0.00292159,-0.6906922,-0.03575652,0.7222587,357.4109,272.6319,356.8045,0.2789737,0.01749551,-0.960139,-0.2335407,0.001964203,-0.08906565,-1.65133,0.520903,-1.88589,-1.788139e-07,0.4007998,2.111001,0.04333168,-0.05568674,0.9975078,0.04761506,0.9974259,0.05361378,-0.9979255,0.04517321,0.04587163,static,-82.68497,63.30282,-4.853283e-06,10.75036,-16.19382183722399,8.391465105536545,97.9722640004068,16.36472100686417,80.38385854658488
4688,05/05/2023 11:23:01.116785,4870,True,True,True,True,Eyes,0.5071989,0.03392852,-1.984621,-0.9615819,0.2467895,0.1202297,0.0,0.0,0.0,0.0,0.0,0.0,0.0,1.987961,0.06079682,0.4983963,0.4256144,0.02510586,-2.005569,0.0008541587,-0.6937681,-0.03817411,0.7191855,357.0342,272.1445,356.7801,0.2760495,0.01742018,-0.9609853,-0.2195283,0.001846351,-0.08372171,-1.659549,0.5339589,-1.904958,4.470348e-08,0.4007999,2.111,0.03445718,-0.05609372,0.9978307,0.05372337,0.997084,0.05419656,-0.9979611,0.05173937,0.03737023,static,-82.87311,64.02582,1.213321e-06,10.75037,-16.2431851259183,8.433061386201604,98.52018135832866,16.407651314640813,80.55194954084043
4689,05/05/2023 11:23:01.127248,4871,True,True,True,True,Eyes,0.5027255,0.03351321,-1.985621,-0.9616427,0.2481932,0.1168046,0.0,0.0,0.0,0.0,0.0,0.0,0.0,1.993354,0.06089555,0.4715918,0.4146784,0.02341641,-2.006754,-0.001403335,-0.6966031,-0.04045907,0.7163138,356.6533,271.6925,356.7838,0.2732123,0.01733495,-0.9617972,-0.2063566,0.00173557,-0.07869841,-1.667787,0.5461392,-1.922726,-5.960464e-08,0.4007999,2.111,0.02621458,-0.05600764,0.9980863,0.05991791,0.9967222,0.05435736,-0.9978591,0.05837828,0.02948455,static,-83.07458,64.79739,-1.617761e-06,10.75037,-16.295906709606857,8.477469737602418,99.10835456341292,16.45365000129925,80.73214203619975
4690,05/05/2023 11:23:01.147347,4872,True,True,True,True,Eyes,0.4979835,0.03309656,-1.986662,-0.9617073,0.2495655,0.1132965,0.0,0.0,0.0,0.0,0.0,0.0,0.0,1.99896,0.05975085,0.4434872,0.4040678,0.02160522,-2.008072,-0.002851557,-0.6997415,-0.04076519,0.7132266,356.496,271.1888,356.8896,0.2704415,0.01723804,-0.9625818,-0.1939752,0.001631436,-0.07397651,-1.677627,0.5500862,-1.943123,1.117587e-07,0.4007999,2.111001,0.01740008,-0.05415891,0.9983808,0.06214033,0.9966601,0.05298257,-0.9979158,0.06111779,0.02070741,static,-83.28108,65.58314,3.033302e-06,10.75037,-16.349678172008907,8.522728225092795,99.71144095374733,16.50074129827531,80.91732276974072
4691,05/05/2023 11:23:01.156867,4873,True,True,True,True,Eyes,0.492996,0.03270469,-1.98772,-0.9617847,0.2509292,0.1095655,0.0,0.0,0.0,0.0,0.0,0.0,0.0,2.004211,0.060586,0.413735,0.392877,0.02108374,-2.009207,-0.004330763,-0.7030121,-0.04249278,0.7098942,356.2218,270.6609,356.8839,0.2677178,0.01713058,-0.9633448,-0.1823367,0.00153355,-0.06953792,-1.686774,0.5595248,-1.963427,-1.527369e-07,0.4007999,2.111,0.007936908,-0.05424159,0.9984964,0.0664199,0.9963512,0.0535971,-0.9977602,0.06589463,0.0115107,static,-83.50094,66.41203,-4.145513e-06,10.75037,-16.40652520106394,8.570523335742479,100.35251208879005,16.55069982284468,81.11518610473131
4692,05/05/2023 11:23:01.177158,4874,True,True,True,True,Eyes,0.4877899,0.03256647,-1.988812,-0.9619751,0.2518861,0.1056282,0.0,0.0,0.0,0.0,0.0,0.0,0.0,2.009432,0.06576043,0.3829775,0.3819713,0.02127284,-2.010587,-0.003902352,-0.7065172,-0.04351327,0.7063462,356.1584,270.094,356.785,0.265025,0.01701487,-0.9640911,-0.1713965,0.001441537,-0.06536564,-1.697435,0.5619769,-1.984698,-4.842877e-08,0.4007999,2.111001,-0.002119967,-0.0559567,0.998431,0.06698502,0.9961827,0.05597293,-0.9977518,0.06699857,0.001636415,static,-83.73383,67.2493,-1.314431e-06,10.75037,-16.46460607947077,8.619078429422014,101.01229211085708,16.601976202482252,81.32910076996092
4693,05/05/2023 11:23:01.196901,4875,True,True,True,True,Eyes,0.4822879,0.03259365,-1.989904,-0.9619038,0.2537887,0.1016485,0.0,0.0,0.0,0.0,0.0,0.0,0.0,2.014562,0.07330222,0.3496435,0.3715007,0.02723205,-2.011797,-0.0001584478,-0.7105179,-0.04320266,0.7023519,356.4675,269.4448,356.5271,0.262349,0.01690411,-0.9648247,-0.1611127,0.001355045,-0.06144371,-1.710976,0.5566053,-2.007696,0.0,0.4007999,2.111,-0.01340395,-0.06046177,0.9980806,0.06091209,0.9962671,0.06116993,-0.9980532,0.06161508,-0.009671076,static,-83.9677,68.17271,0.0,10.75037,-16.527260876906475,8.672040433004845,101.72462717732417,16.657424947523243,81.53508410220272
4694,05/05/2023 11:23:01.207146,4876,True,True,True,True,Eyes,0.4765677,0.03251145,-1.990994,-0.9617952,0.2557978,0.09755725,0.0,0.0,0.0,0.0,0.0,0.0,0.0,2.0179,0.08139672,0.3204324,0.3588168,0.03097912,-2.012837,-0.005775126,-0.7130768,-0.05545865,0.6988652,354.9995,269.0208,356.0122,0.2596748,0.01680593,-0.9655497,-0.1514459,0.001273742,-0.05775708,-1.709472,0.6132914,-2.020309,-1.117587e-08,0.4007999,2.111001,-0.02310844,-0.06928002,0.9973297,0.08575246,0.9937819,0.0710205,-0.9960486,0.08716463,-0.01702376,static,-84.20816,69.12394,-3.033302e-07,10.75036,-16.591775498553265,8.726586371272983,102.46213447667506,16.714743905580793,81.74615231840785
4695,05/05/2023 11:23:01.236968,4877,True,True,True,True,Eyes,0.4706355,0.03252505,-1.992099,-0.9618479,0.2571909,0.09328116,0.0,0.0,0.0,0.0,0.0,0.0,0.0,2.021055,0.08769462,0.2956789,0.347863,0.02821736,-2.014441,-0.008693086,-0.7153647,-0.06022504,0.696097,354.3605,268.6386,355.8852,0.2569918,0.01671378,-0.9662688,-0.1423592,0.001197317,-0.05429166,-1.713737,0.6334934,-2.03467,1.788139e-07,0.4007999,2.111,-0.03074727,-0.07140747,0.9969733,0.09628237,0.9925947,0.07406326,-0.9948791,0.09826818,-0.02364424,static,-84.46072,70.06468,4.853284e-06,10.75037,-16.656478370555526,8.78090858640945,103.20756471072382,16.772513575659126,81.9742675448456
4696,05/05/2023 11:23:01.247404,4878,True,True,True,True,Eyes,0.4644634,0.03262158,-1.993238,-0.9618474,0.2587326,0.08892126,0.0,0.0,0.0,0.0,0.0,0.0,0.0,2.024365,0.09178187,0.2672522,0.3368502,0.0306512,-2.015811,-0.003619239,-0.718517,-0.05519749,0.6933064,355.162,268.1275,355.8946,0.2542907,0.01663175,-0.9669846,-0.1338176,0.001125478,-0.05103416,-1.732744,0.6070383,-2.054764,-2.756715e-07,0.4007999,2.111,-0.03862667,-0.07133656,0.9967041,0.08173849,0.9938803,0.07430217,-0.995905,0.08433913,-0.03255935,static,-84.71811,71.03317,-7.482146e-06,10.75037,-16.72293005637473,8.836766100918949,103.97679005463488,16.83205333006722,82.20539830043954
4697,05/05/2023 11:23:01.257011,4879,True,True,True,True,Eyes,0.4581302,0.03275968,-1.994416,-0.9618713,0.2601308,0.08447246,0.0,0.0,0.0,0.0,0.0,0.0,0.0,2.027204,0.0968686,0.2402828,0.3248747,0.03264584,-2.017441,-0.006119158,-0.7209147,-0.06063705,0.690339,354.4982,267.7251,355.6848,0.2515618,0.01656288,-0.9676992,-0.1257886,0.001057949,-0.04797211,-1.737653,0.6328645,-2.069193,2.980232e-08,0.4007999,2.111001,-0.04678953,-0.07489746,0.9960931,0.09254302,0.9925714,0.07897969,-0.9946088,0.09587687,-0.03951076,static,-84.9811,72.0098,8.088805e-07,10.75037,-16.79014986013659,8.893181103845315,104.7592729003691,16.89255191154656,82.44301753792215
4698,05/05/2023 11:23:01.277222,4880,True,True,True,True,Eyes,0.29496,0.04053298,-2.024956,-0.9589494,0.281929,-0.03052833,2.118832,-1.736893,0.6378933,-2.089641,0.7885269,0.5521997,-0.2707412,-0.00536336,0.4097472,2.10019,0.3146551,0.03378491,-2.019483,-0.003284862,-0.7236667,-0.06170956,0.6873777,354.616,267.2706,355.3864,0.2487994,0.01650787,-0.9684141,-0.1182413,0.0009944725,-0.04509378,-1.74874,0.6295992,-2.085574,-2.533197e-07,0.4007999,2.111,-0.05500267,-0.08008125,0.9952698,0.08958983,0.9923623,0.08479842,-0.9944589,0.09383018,-0.04740818,static,88.1766,-83.81988,-6.875485e-06,10.75037,1.9369270611463447,-3.468298190476296,129.30060396276704,14.349990877548901,88.7052405444587
4699,05/05/2023 11:23:01.297232,4881,True,True,True,True,Eyes,0.2945025,0.04067915,-2.025049,-0.9587581,0.2825676,-0.03063541,0.0,0.0,0.0,0.0,0.0,0.0,0.0,2.03243,0.1216019,0.1855168,0.3034631,0.03829448,-2.021489,0.0009839792,-0.7265791,-0.06202647,0.6842768,354.9061,266.7865,355.0286,0.2360048,0.01694627,-0.9716039,-0.6006575,0.02425472,-0.1340096,-1.762444,0.6234403,-2.102694,1.788139e-07,0.4007999,2.111,-0.06352887,-0.08631643,0.9942402,0.08345667,0.9923035,0.0914809,-0.9944843,0.08878764,-0.05583621,static,88.16984,-83.81228,4.853285e-06,10.75037,1.936116493617912,-3.4677384628380734,129.29042735183992,14.349325299290566,88.70445408827025
4700,05/05/2023 11:23:01.307499,4882,True,True,True,True,Eyes,0.293642,0.04081037,-2.025278,-0.9585727,0.2831578,-0.03098438,0.0,0.0,0.0,0.0,0.0,0.0,0.0,2.03439,0.1310567,0.1636302,0.291971,0.04178316,-2.023784,-0.002202735,-0.7280657,-0.07040446,0.6818787,353.9427,266.5311,354.6449,0.2253498,0.01730819,-0.9741239,-0.5646181,0.02279944,-0.125969,-1.763629,0.6613631,-2.110916,-1.937151e-07,0.4007999,2.111,-0.07007307,-0.09280714,0.9932153,0.09922209,0.9900768,0.09951415,-0.992595,0.1055221,-0.0601692,static,88.14864,-83.75529,-5.257725e-06,10.75037,1.931836960478912,-3.46429652462458,129.23429665846385,14.345339269683295,88.71778377154013
4701,05/05/2023 11:23:01.327092,4883,True,True,True,True,Eyes,0.2923863,0.04093379,-2.025621,-0.9584278,0.283577,-0.03162601,0.0,0.0,0.0,0.0,0.0,0.0,0.0,2.036861,0.1367523,0.1413896,0.2813605,0.04149177,-2.026477,-0.002719435,-0.7299601,-0.0723655,0.6796428,353.7225,266.2103,354.5507,0.2164371,0.01760858,-0.9761376,-0.530741,0.02143147,-0.1184108,-1.771377,0.6689138,-2.124304,-1.341105e-07,0.4008,2.111,-0.07615666,-0.0943952,0.9926175,0.1023355,0.9895117,0.1019513,-0.9918303,0.1093443,-0.06569799,static,88.11005,-83.63637,-3.639964e-06,10.75037,1.9232513856756563,-3.4572589339522573,129.12102168223785,14.337211368272616,88.7494295824439
4702,05/05/2023 11:23:01.347283,4884,True,True,True,True,Eyes,0.2907645,0.04104526,-2.026082,-0.9583462,0.2837164,-0.03282354,0.0,0.0,0.0,0.0,0.0,0.0,0.0,2.040197,0.1342667,0.1158071,0.2706007,0.04147314,-2.029507,-0.002205632,-0.7324639,-0.06992732,0.6772016,353.9483,265.7892,354.7218,0.2089356,0.01785965,-0.977766,-0.4988965,0.02014559,-0.1113062,-1.783714,0.6609033,-2.143784,-1.490116e-07,0.4007999,2.111,-0.08278609,-0.0914787,0.9923598,0.09794088,0.9902106,0.09945115,-0.9917429,0.1054258,-0.07301627,static,88.03838,-83.40071,-4.044403e-06,10.75037,1.9065305323526127,-3.4434357598865786,128.89989499730476,14.321277737749314,88.81536412322649
4703,05/05/2023 11:23:01.357225,4885,True,True,True,True,Eyes,0.2888031,0.0410834,-2.026659,-0.9583065,0.2836592,-0.03443942,0.0,0.0,0.0,0.0,0.0,0.0,0.0,2.043832,0.1274014,0.08797216,0.2601623,0.04137856,-2.032688,-0.003769355,-0.7353207,-0.06828347,0.6742603,353.9438,265.3035,355.0076,0.2022833,0.01808246,-0.9791599,-0.4689627,0.01893685,-0.1046278,-1.79288,0.6611475,-2.166357,0.0,0.4007997,2.111001,-0.0907182,-0.08653828,0.9921097,0.09762502,0.9906463,0.09533744,-0.9910802,0.1055035,-0.08142132,static,87.9418,-83.07753,0.0,10.75036,1.8837039553269408,-3.4245226176208137,128.5979514964842,14.299497816869062,88.90695854848914
