Unnamed: 0,Time,Frame,EyeTrackingEnabled,EyeCalibrationValid,EyeTrackingEnabledAndValid,EyeTrackingDataValid,GazeInputSource,EyeGazeOrigin.x,EyeGazeOrigin.y,EyeGazeOrigin.z,EyeGazeDirection.x,EyeGazeDirection.y,EyeGazeDirection.z,EyeHitInfo.distance,EyeHitPosition.x,EyeHitPosition.y,EyeHitPosition.z,EyeHitNormal.x,EyeHitNormal.y,EyeHitNormal.z,LocalEyeHitPosition.x,LocalEyeHitPosition.y,LocalEyeHitPosition.z,HeadGazeOrigin.x,HeadGazeOrigin.y,HeadGazeOrigin.z,HeadRotation.x,HeadRotation.y,HeadRotation.z,HeadRotation.w,HeadEulerAngles.x,HeadEulerAngles.y,HeadEulerAngles.z,HeadMovementDirection.x,HeadMovementDirection.y,HeadMovementDirection.z,HeadVelocity.x,HeadVelocity.y,HeadVelocity.z,transform.position.x,transform.position.y,transform.position.z,localTransform.position.x,localTransform.position.y,localTransform.position.z,localXAxis.x,localXAxis.y,localXAxis.z,localYAxis.x,localYAxis.y,localYAxis.z,localZAxis.x,localZAxis.y,localZAxis.z,Movement,GazeAngleX,GazeAngleY,TargetAngleX,TargetAngleY,CalibratedGazeAngleX,CalibratedGazeAngleY
302,05/16/2023 12:00:43.978387,485,True,True,True,True,Eyes,0.3113457,0.2192766,-2.085826,0.7913001,-0.4228232,0.4416614,0.0,0.0,0.0,0.0,0.0,0.0,0.0,-1.899345,-0.1122332,0.7461697,0.4024558,0.2239977,-1.991164,0.1067664,0.4833173,-0.08498017,0.864745,15.47371,58.0491,357.3971,0.128019,0.1008211,-0.9866334,0.08888967,0.002076809,0.2169871,2.168614,-0.6981587,-1.550578,0.5795999,-0.4008,1.915,0.5183655,-0.04376825,-0.8540384,0.2501764,0.9627586,0.1025066,0.8177463,-0.2667962,0.5100107,static,60.83208,-43.75165,16.83912,-11.82109,59.07679230547567,-29.474843796230452
303,05/16/2023 12:00:43.988163,486,True,True,True,True,Eyes,0.4272307,0.2179213,-1.975941,0.8686296,-0.4418909,0.2240874,0.0,0.0,0.0,0.0,0.0,0.0,0.0,-1.908027,-0.1173226,0.7110394,0.411118,0.2228921,-1.985248,0.1071681,0.4890234,-0.08538238,0.8614413,15.55397,58.8218,357.4841,0.129903,0.1010823,-0.9863604,0.08355629,0.0019522,0.2039679,2.182482,-0.7008675,-1.569626,0.5795999,-0.4007998,1.915,0.5071321,-0.04228839,-0.8608302,0.2519192,0.9624497,0.1011301,0.8242292,-0.2681459,0.4987424,static,75.53435,-63.10997,16.83912,-11.82108,72.62044890440878,-47.475569206521854
304,05/16/2023 12:00:44.008050,487,True,True,True,True,Eyes,0.4275953,0.2178826,-1.975728,0.8687114,-0.4419707,0.2236124,0.0,0.0,0.0,0.0,0.0,0.0,0.0,-1.916361,-0.1207226,0.6761169,0.4201143,0.2216696,-1.979524,0.1081661,0.4945479,-0.08586733,0.8581079,15.69803,59.58029,357.596,0.1414097,0.1020297,-0.9846789,0.4261977,-0.002230758,0.521384,2.195493,-0.7053824,-1.589132,0.5795997,-0.4008,1.915,0.4960984,-0.04038025,-0.8673268,0.2543535,0.9618537,0.1007054,0.830175,-0.2705674,0.487445,static,75.56503,-63.16315,16.83913,-11.82109,72.64866901646856,-47.52475711032236
305,05/16/2023 12:00:44.028059,488,True,True,True,True,Eyes,0.4283229,0.2177957,-1.975321,0.8688759,-0.4420636,0.222788,0.0,0.0,0.0,0.0,0.0,0.0,0.0,-1.924048,-0.1250192,0.6421759,0.4291905,0.2207208,-1.974097,0.1091448,0.4998631,-0.08658037,0.8548264,15.85217,60.31149,357.682,0.1507195,0.1027768,-0.9832191,0.4006259,-0.002096913,0.490101,2.207751,-0.7101663,-1.608071,0.5796,-0.4007999,1.915,0.4852815,-0.03890748,-0.8734918,0.2571373,0.9611825,0.100043,0.8356927,-0.2731563,0.4764487,static,75.61864,-63.25314,16.83913,-11.82108,72.69799030788415,-47.6080375907308
306,05/16/2023 12:00:44.048104,489,True,True,True,True,Eyes,0.4293953,0.2176605,-1.974734,0.8691235,-0.4421899,0.2215683,0.0,0.0,0.0,0.0,0.0,0.0,0.0,-1.931209,-0.1302389,0.608115,0.4384773,0.2195182,-1.968726,0.109723,0.5051463,-0.08723132,0.8515744,15.96224,61.03683,357.7518,0.1582916,0.1033655,-0.9819667,0.3765883,-0.001971098,0.4606949,2.220376,-0.7140236,-1.626472,0.5795999,-0.4007999,1.915,0.474436,-0.03771556,-0.8794817,0.2594202,0.9607031,0.09874549,0.8411967,-0.2750037,0.4655764,static,75.69805,-63.38591,16.83913,-11.82108,72.77104938410305,-47.73091696570842
307,05/16/2023 12:00:44.063377,490,True,True,True,True,Eyes,0.4308142,0.2174782,-1.973968,0.8694892,-0.4423161,0.2198749,0.0,0.0,0.0,0.0,0.0,0.0,0.0,-1.937693,-0.1370786,0.5753299,0.4477877,0.2182294,-1.96375,0.109766,0.5101897,-0.08796963,0.8484806,16.02347,61.72393,357.7772,0.1644912,0.1038278,-0.9808984,0.353993,-0.001852832,0.4330532,2.232933,-0.716915,-1.643494,0.5795999,-0.4008,1.915,0.4639356,-0.03727806,-0.8850843,0.261284,0.9604255,0.09650629,0.84646,-0.276031,0.4553158,static,75.80865,-63.56808,16.83913,-11.82109,72.8728130583106,-47.89956077325543
308,05/16/2023 12:00:44.078200,491,True,True,True,True,Eyes,0.4325711,0.2172542,-1.973033,0.8699673,-0.4423693,0.2178677,0.0,0.0,0.0,0.0,0.0,0.0,0.0,-1.943395,-0.1459399,0.5424531,0.4574814,0.2169151,-1.95857,0.1091088,0.5151784,-0.08866603,0.8454733,16.01296,62.39642,357.7636,0.1696112,0.1041884,-0.9799878,0.3327534,-0.001741662,0.40707,2.246335,-0.7180421,-1.659137,0.5796001,-0.4007999,1.915001,0.4534592,-0.03750847,-0.8904875,0.2623505,0.9604672,0.09313959,0.8517905,-0.2758549,0.445373,static,75.94046,-63.77967,16.83913,-11.82108,72.9941103545514,-48.095530694797965
309,05/16/2023 12:00:44.098597,492,True,True,True,True,Eyes,0.434627,0.2169813,-1.971887,0.8704615,-0.4433232,0.213919,0.0,0.0,0.0,0.0,0.0,0.0,0.0,-1.948573,-0.1567387,0.5095745,0.4673066,0.2156703,-1.953531,0.1074245,0.5201727,-0.0889707,0.842594,15.87805,63.06071,357.7255,0.1739592,0.1044729,-0.979195,0.3127882,-0.001637163,0.3826458,2.261251,-0.7155858,-1.673657,0.5795999,-0.4008,1.915,0.4430093,-0.03817373,-0.895704,0.2616909,0.9610884,0.0884703,0.8574734,-0.2735908,0.4357608,static,76.19298,-64.24107,16.83912,-11.82109,73.2263054868955,-48.52192489229976
310,05/16/2023 12:00:44.107952,493,True,True,True,True,Eyes,0.4370148,0.2166651,-1.970593,0.8710611,-0.4441351,0.2097536,0.0,0.0,0.0,0.0,0.0,0.0,0.0,-1.953428,-0.1677652,0.4761169,0.4774751,0.214174,-1.948554,0.1053069,0.5251899,-0.08900525,0.8397405,15.68511,63.72655,357.6861,0.1779787,0.1047179,-0.9784462,0.294021,-0.001538933,0.3596871,2.277131,-0.7116363,-1.687948,0.5795996,-0.4008,1.915,0.4325074,-0.03887038,-0.900792,0.2600948,0.961977,0.08337165,0.8633006,-0.2703502,0.4261722,static,76.46081,-64.71983,16.83912,-11.82109,73.47261334025143,-48.964519120994915
311,05/16/2023 12:00:44.128196,494,True,True,True,True,Eyes,0.439714,0.2163191,-1.969122,0.8718017,-0.4447977,0.2052241,0.0,0.0,0.0,0.0,0.0,0.0,0.0,-1.957901,-0.1783,0.4424595,0.4877695,0.212792,-1.94364,0.1032005,0.5301844,-0.08888417,0.8368715,15.4847,64.39298,357.6605,0.1817206,0.1049258,-0.9777359,0.2763797,-0.001446597,0.3381058,2.293103,-0.7072071,-1.702447,0.5795997,-0.4008,1.915,0.4220083,-0.0393386,-0.9057382,0.2581998,0.9628986,0.07848117,0.8690465,-0.2669811,0.4165084,static,76.75361,-65.23199,16.83912,-11.82109,73.74192170912258,-49.43816028733313
312,05/16/2023 12:00:44.146543,495,True,True,True,True,Eyes,0.442736,0.2159436,-1.967545,0.8726603,-0.4453045,0.2004194,0.0,0.0,0.0,0.0,0.0,0.0,0.0,-1.962393,-0.1888123,0.4076021,0.4983791,0.2116124,-1.938972,0.1011328,0.535365,-0.08871362,0.8338385,15.28646,65.08863,357.6436,0.1852289,0.1050997,-0.9770587,0.2597969,-0.001359801,0.3178195,2.309294,-0.7025474,-1.718286,0.5795999,-0.4007999,1.915,0.4110284,-0.03965975,-0.9107596,0.2562315,0.9638041,0.07366842,0.8748721,-0.2636451,0.4063128,static,77.06548,-65.76879,16.83912,-11.82108,74.02879881247601,-49.93472309516182
313,05/16/2023 12:00:44.158564,496,True,True,True,True,Eyes,0.4461004,0.215532,-1.965899,0.8736547,-0.4456504,0.195252,0.0,0.0,0.0,0.0,0.0,0.0,0.0,-1.967362,-0.1997946,0.369253,0.5090637,0.2104981,-1.934767,0.09874023,0.5412772,-0.08827717,0.8303473,15.0429,65.88693,357.6434,0.1885442,0.1052418,-0.9764091,0.2442091,-0.001278213,0.2987503,2.326408,-0.6962789,-1.737749,0.5795997,-0.4008,1.915,0.3984523,-0.03970974,-0.916329,0.253493,0.964915,0.06841251,0.881463,-0.2595422,0.3945388,static,77.40206,-66.34042,16.83912,-11.82109,74.33843107730779,-50.46362614954661
314,05/16/2023 12:00:44.178800,497,True,True,True,True,Eyes,0.449771,0.2151355,-1.964132,0.8747575,-0.4458551,0.18977,0.0,0.0,0.0,0.0,0.0,0.0,0.0,-1.97246,-0.2094468,0.3256223,0.5201249,0.209278,-1.930329,0.0965988,0.5481187,-0.08748414,0.8261848,14.80441,66.82548,357.7082,0.1917029,0.1053537,-0.9757818,0.2295565,-0.00120152,0.2808253,2.344247,-0.6896361,-1.762004,0.5795998,-0.4008,1.915,0.3838249,-0.03866092,-0.9225963,0.2504513,0.9660304,0.06371351,0.8887928,-0.2555203,0.3804692,static,77.75992,-66.94386,16.83913,-11.82109,74.6676538719283,-51.02203050814693
315,05/16/2023 12:00:44.198385,498,True,True,True,True,Eyes,0.453777,0.2147701,-1.96235,0.8758985,-0.4459811,0.184127,0.0,0.0,0.0,0.0,0.0,0.0,0.0,-1.976172,-0.2180443,0.2844265,0.5310715,0.2092164,-1.925588,0.0948364,0.5544056,-0.086489,0.8222897,14.58795,67.6963,357.804,0.1947364,0.1054394,-0.9751717,0.2157831,-0.001129429,0.2639758,2.36116,-0.6821939,-1.784286,0.5795999,-0.4008,1.915,0.3703082,-0.03708234,-0.9281687,0.2473937,0.9670514,0.06006602,0.8953593,-0.2518659,0.367281,static,78.12843,-67.56631,16.83913,-11.82109,75.00667094970159,-51.59800925675379
316,05/16/2023 12:00:44.208393,499,True,True,True,True,Eyes,0.4580613,0.2144031,-1.960473,0.8770997,-0.4459681,0.1783498,0.0,0.0,0.0,0.0,0.0,0.0,0.0,-1.978664,-0.2256663,0.2486038,0.5421525,0.2097704,-1.920913,0.09313127,0.5595078,-0.08531796,0.819145,14.36204,68.40411,357.8964,0.1976737,0.1055028,-0.9745737,0.2028362,-0.001061663,0.2481372,2.377562,-0.673865,-1.80149,0.5795996,-0.4008,1.915,0.3593436,-0.03556021,-0.9325275,0.2439909,0.9680948,0.05710388,0.9007445,-0.2480482,0.3565551,static,78.50616,-68.20274,16.83912,-11.82109,75.35417537789424,-52.186949793223306
317,05/16/2023 12:00:44.228046,500,True,True,True,True,Eyes,0.4625787,0.2139821,-1.958366,0.8782126,-0.4461451,0.1723287,0.0,0.0,0.0,0.0,0.0,0.0,0.0,-1.980677,-0.2311706,0.2164364,0.5530844,0.2093332,-1.916675,0.09159096,0.5638118,-0.08414511,0.8164846,14.14928,69.00259,357.9831,0.2005383,0.1055461,-0.9739835,0.190666,-0.0009979635,0.233249,2.393118,-0.6669664,-1.815779,0.5796,-0.4007998,1.915,0.3500718,-0.03412625,-0.9361011,0.2406865,0.9690614,0.05468121,0.9052734,-0.2444492,0.3474548,static,78.8981,-68.88038,16.83913,-11.82108,75.71469580466614,-52.813748113763225
318,05/16/2023 12:00:44.238418,501,True,True,True,True,Eyes,0.4673804,0.2136647,-1.956178,0.8792759,-0.4463693,0.1662177,0.0,0.0,0.0,0.0,0.0,0.0,0.0,-1.982128,-0.2348293,0.1858855,0.564393,0.2073891,-1.912323,0.0917313,0.5676444,-0.08435111,0.8137876,14.18553,69.55035,358.0407,0.2033515,0.1055698,-0.9733976,0.179226,-0.0009380857,0.219254,2.405065,-0.6694684,-1.829564,0.5795999,-0.4007999,1.915,0.3413294,-0.03314626,-0.9393592,0.2414293,0.9689406,0.0535367,0.9084087,-0.2450625,0.3387304,static,79.29517,-69.57583,16.83913,-11.82108,76.07990551212815,-53.456880335064824
319,05/16/2023 12:00:44.258542,502,True,True,True,True,Eyes,0.4724271,0.2134809,-1.953786,0.8803403,-0.4465976,0.1598485,0.0,0.0,0.0,0.0,0.0,0.0,0.0,-1.982918,-0.2446752,0.1572763,0.5759805,0.2095674,-1.908112,0.09183043,0.5712877,-0.08524861,0.811129,14.26314,70.06805,358.0267,0.2061324,0.1055807,-0.9728112,0.1684725,-0.0008818005,0.2060988,2.41614,-0.6697991,-1.842309,0.5795999,-0.4008,1.915,0.3327261,-0.03337205,-0.9424329,0.2432184,0.9685997,0.05156968,0.9111192,-0.2463756,0.3303951,static,79.7086,-70.30644,16.83913,-11.82109,76.46014106730026,-54.132427047215884
320,05/16/2023 12:00:44.278482,503,True,True,True,True,Eyes,0.4777533,0.2133483,-1.951338,0.8814782,-0.4466165,0.1533944,0.0,0.0,0.0,0.0,0.0,0.0,0.0,-1.983526,-0.2556533,0.1259491,0.5878983,0.212305,-1.903917,0.08859015,0.5753472,-0.08356684,0.8087916,13.85478,70.61517,358.0383,0.2088983,0.1055875,-0.9722202,0.1583641,-0.0008288925,0.1937329,2.434526,-0.654439,-1.853693,0.5795997,-0.4008,1.915,0.3239842,-0.03323615,-0.9454784,0.2371165,0.9703367,0.04714201,0.9158657,-0.2394618,0.3222546,static,80.12827,-71.04451,16.83913,-11.82109,76.84612737181726,-54.81492612309654
321,05/16/2023 12:00:44.288223,504,True,True,True,True,Eyes,0.4833186,0.2132608,-1.948764,0.8825672,-0.4466882,0.1467813,0.0,0.0,0.0,0.0,0.0,0.0,0.0,-1.984397,-0.262671,0.09335601,0.5998397,0.2133638,-1.900055,0.08621311,0.5795334,-0.08188533,0.8062278,13.52829,71.19424,358.1074,0.2116642,0.105593,-0.9716213,0.1488623,-0.000779159,0.1821089,2.451844,-0.6426811,-1.867343,0.5795999,-0.4008,1.915,0.3148716,-0.03210968,-0.948591,0.2319632,0.9717242,0.04410424,0.9203526,-0.2339254,0.3134166,static,80.55746,-71.80954,16.83913,-11.82109,77.24083589284758,-55.52219819480459
322,05/16/2023 12:00:44.308330,505,True,True,True,True,Eyes,0.4891427,0.2132203,-1.946146,0.8836486,-0.44673,0.1399913,0.0,0.0,0.0,0.0,0.0,0.0,0.0,-1.985005,-0.2677426,0.06061494,0.6116396,0.2142364,-1.896208,0.08601302,0.5837786,-0.08137047,0.8032331,13.48446,71.80719,358.2148,0.2144431,0.1055997,-0.971011,0.1399305,-0.0007324094,0.1711824,2.46499,-0.6394268,-1.883775,0.5795997,-0.4007999,1.915001,0.3051629,-0.03029381,-0.9518183,0.231144,0.9719612,0.04317231,0.9238226,-0.2331817,0.3036087,static,80.99778,-72.60063,16.83912,-11.82108,77.64575971065933,-56.25346841009343
323,05/16/2023 12:00:44.328167,506,True,True,True,True,Eyes,0.4952033,0.2131881,-1.943444,0.8846761,-0.4468216,0.1330364,0.0,0.0,0.0,0.0,0.0,0.0,0.0,-1.985313,-0.272965,0.02557647,0.6235642,0.215338,-1.892466,0.08598488,0.5884652,-0.0808839,0.7998582,13.4588,72.48869,358.3388,0.2172462,0.1056097,-0.9703867,0.1315347,-0.0006884648,0.1609114,2.47784,-0.6363408,-1.90274,0.5795999,-0.4008,1.915,0.2943329,-0.02819308,-0.955287,0.2305895,0.9721288,0.04235666,0.9274678,-0.2327461,0.2926305,static,81.44801,-73.41965,16.83913,-11.82109,78.0597635059682,-57.01040421857151
324,05/16/2023 12:00:44.347136,507,True,True,True,True,Eyes,0.5015045,0.2131854,-1.940709,0.8856799,-0.4469077,0.1258751,0.0,0.0,0.0,0.0,0.0,0.0,0.0,-1.98524,-0.2763781,-0.01143086,0.6355045,0.2154646,-1.888757,0.0858823,0.5934528,-0.08002772,0.7962623,13.40042,73.21764,358.4972,0.2200836,0.1056231,-0.9697456,0.1236426,-0.000647157,0.1512568,2.491011,-0.6328868,-1.923367,0.5796,-0.4007999,1.915,0.2828186,-0.02551193,-0.9588341,0.2293803,0.9724396,0.04178431,0.9313423,-0.231755,0.2808759,static,81.91115,-74.26971,16.83913,-11.82108,78.48561363324765,-57.79591477242127
325,05/16/2023 12:00:44.358320,508,True,True,True,True,Eyes,0.508042,0.2131863,-1.937982,0.8865692,-0.4470874,0.1187769,0.0,0.0,0.0,0.0,0.0,0.0,0.0,-1.984497,-0.2812945,-0.04843402,0.6474524,0.216191,-1.885144,0.08617104,0.5984893,-0.07973731,0.7924817,13.41613,73.95987,358.6312,0.2229632,0.1056409,-0.9690856,0.1162241,-0.0006083276,0.1421814,2.502697,-0.6313494,-1.944699,0.5796,-0.4008,1.915001,0.270905,-0.02323582,-0.9623257,0.2295256,0.972433,0.04113407,0.9348416,-0.2320218,0.2687702,static,82.36932,-75.12201,16.83913,-11.82109,78.90685646128767,-58.583327805093916
326,05/16/2023 12:00:44.378383,509,True,True,True,True,Eyes,0.5147833,0.2131777,-1.935229,0.8874467,-0.4472214,0.1114964,0.0,0.0,0.0,0.0,0.0,0.0,0.0,-1.982761,-0.2876489,-0.0864774,0.6592627,0.21636,-1.881521,0.08521165,0.6037192,-0.07917482,0.7886657,13.29741,74.71672,358.7048,0.2258921,0.1056622,-0.9684047,0.1092506,-0.0005718279,0.1336505,2.515551,-0.6268051,-1.965585,0.5795999,-0.4008,1.915,0.2585089,-0.02199713,-0.9657585,0.2277728,0.9729406,0.03880828,0.938772,-0.2300057,0.2565242,static,82.83904,-76.00101,16.83912,-11.82109,79.33870120117469,-59.39533231142518
327,05/16/2023 12:00:44.394077,510,True,True,True,True,Eyes,0.5217246,0.2131874,-1.932454,0.888244,-0.447384,0.1042605,0.0,0.0,0.0,0.0,0.0,0.0,0.0,-1.980466,-0.2938793,-0.1235254,0.6707795,0.2161216,-1.878089,0.084527,0.6087975,-0.07895758,0.7848481,13.22761,75.45716,358.7627,0.2288751,0.1056861,-0.9677014,0.1026956,-0.0005375182,0.1256314,2.527052,-0.6243272,-1.986248,0.5795998,-0.4008,1.915,0.2462626,-0.02101976,-0.9689751,0.2268591,0.9732418,0.03654334,0.942279,-0.2288201,0.2444416,static,83.30536,-76.88165,16.83912,-11.82109,79.7673937115576,-60.20873616127777
328,05/16/2023 12:00:44.409948,511,True,True,True,True,Eyes,0.5288532,0.2132106,-1.929638,0.8890492,-0.447431,0.09693852,0.0,0.0,0.0,0.0,0.0,0.0,0.0,-1.977118,-0.302244,-0.1594416,0.6823316,0.2165991,-1.874373,0.0832044,0.6136615,-0.07881191,0.7812077,13.10448,76.15931,358.7635,0.2319161,0.1057128,-0.9669743,0.09653384,-0.0005052671,0.1180936,2.538893,-0.6200377,-2.004845,0.5795999,-0.4007998,1.915001,0.2344166,-0.02101828,-0.9719091,0.2252556,0.9737314,0.03327215,0.9456791,-0.2267275,0.2329933,static,83.77727,-77.77547,16.83912,-11.82108,80.20121651418577,-61.03427615846475
329,05/16/2023 12:00:44.428510,512,True,True,True,True,Eyes,0.5361364,0.2132112,-1.926752,0.8897436,-0.4475602,0.0896997,0.0,0.0,0.0,0.0,0.0,0.0,0.0,-1.973212,-0.310391,-0.1932344,0.693849,0.2169149,-1.870499,0.08123799,0.6180577,-0.07835629,0.7779881,12.90068,76.78652,358.7361,0.2350188,0.1057427,-0.9662216,0.09074181,-0.0004749511,0.1110079,2.551652,-0.6136816,-2.020431,0.5795997,-0.4008001,1.915,0.2237299,-0.02150098,-0.974414,0.22234,0.9745213,0.02954697,0.948952,-0.2232618,0.2228101,static,84.24316,-78.66697,16.83913,-11.82109,80.62947523895124,-61.857543694588315
330,05/16/2023 12:00:44.448421,513,True,True,True,True,Eyes,0.5435702,0.2131845,-1.923831,0.8903168,-0.4478165,0.08243892,0.0,0.0,0.0,0.0,0.0,0.0,0.0,-1.969587,-0.316281,-0.2228051,0.7049804,0.2163413,-1.866855,0.08068383,0.6216835,-0.07856021,0.775131,12.87121,77.31944,358.7381,0.2381851,0.1057742,-0.9654425,0.0852973,-0.000446454,0.1043475,2.561733,-0.6133227,-2.033979,0.5795999,-0.4008001,1.915,0.2146758,-0.0214693,-0.9764494,0.2221085,0.9746368,0.02740189,0.9510953,-0.2227603,0.2139995,static,84.70979,-79.56916,16.83913,-11.82109,81.0583836157281,-62.690551974862004
331,05/16/2023 12:00:44.458386,514,True,True,True,True,Eyes,0.5511454,0.2131906,-1.920879,0.8906708,-0.4483533,0.07539798,0.0,0.0,0.0,0.0,0.0,0.0,0.0,-1.966161,-0.3204578,-0.2482105,0.7159685,0.2156984,-1.86305,0.08235015,0.624557,-0.07975414,0.7725195,13.11205,77.77117,358.8022,0.2414158,0.1058057,-0.9646362,0.08017946,-0.0004196668,0.09808661,2.568161,-0.6207961,-2.04597,0.5795997,-0.4008,1.914999,0.2071359,-0.02035855,-0.9781003,0.226088,0.9737154,0.02761218,0.9518291,-0.2268562,0.2062943,static,85.16128,-80.45409,16.83913,-11.82109,81.47333628291923,-63.50745575469665
332,05/16/2023 12:00:44.478374,515,True,True,True,True,Eyes,0.5588499,0.2132306,-1.917906,0.8909184,-0.4489884,0.06836601,0.0,0.0,0.0,0.0,0.0,0.0,0.0,-1.963018,-0.3259915,-0.2711226,0.7269442,0.2165808,-1.859533,0.0849472,0.6270562,-0.0814809,0.7700295,13.47434,78.18184,358.8833,0.2447113,0.1058386,-0.9638019,0.07536869,-0.0003944868,0.09220141,2.572871,-0.6303114,-2.057347,0.5796,-0.4007999,1.915,0.2003228,-0.01895203,-0.9795466,0.2320187,0.9722897,0.02863747,0.9518604,-0.2330099,0.199169,static,85.61192,-81.34226,16.83913,-11.82108,81.8874915623002,-64.32728277229596
333,05/16/2023 12:00:44.498323,516,True,True,True,True,Eyes,0.5666754,0.2132502,-1.914925,0.8909929,-0.4498314,0.06150892,0.0,0.0,0.0,0.0,0.0,0.0,0.0,-1.959605,-0.3313367,-0.2938387,0.7377011,0.2174743,-1.855984,0.08655599,0.6295124,-0.08253744,0.7677305,13.69893,78.57534,358.9528,0.248071,0.1058742,-0.9629387,0.07084657,-0.0003708175,0.08666933,2.579218,-0.6356616,-2.067588,0.5795998,-0.4008,1.915,0.1938036,-0.01775688,-0.9808797,0.2357091,0.9713913,0.02898663,0.9523033,-0.23682,0.1924446,static,86.0509,-82.21379,16.83912,-11.82109,82.29090995332167,-65.13166319380784
334,05/16/2023 12:00:44.508145,517,True,True,True,True,Eyes,0.5745968,0.2132569,-1.911932,0.8908918,-0.4509173,0.05463811,0.0,0.0,0.0,0.0,0.0,0.0,0.0,-1.956648,-0.3359556,-0.3154243,0.7485108,0.2176876,-1.852882,0.08939236,0.6317672,-0.08426671,0.7653617,14.08191,78.95886,359.0525,0.2514943,0.1059108,-0.9620462,0.06659578,-0.0003485685,0.08146916,2.583309,-0.6462473,-2.078563,0.5796001,-0.4008001,1.915,0.1875389,-0.01603871,-0.9821264,0.2419393,0.9698162,0.03036111,0.9519951,-0.2433088,0.1857586,static,86.49047,-83.09109,16.83913,-11.82109,82.69485538705968,-65.94130640246921
335,05/16/2023 12:00:44.528513,518,True,True,True,True,Eyes,0.5826405,0.2133237,-1.908948,0.8906602,-0.4521314,0.04797609,0.0,0.0,0.0,0.0,0.0,0.0,0.0,-1.953039,-0.3413068,-0.3361098,0.7587006,0.2174601,-1.84957,0.09288794,0.6339892,-0.08668113,0.7628341,14.57375,79.35022,359.1435,0.254979,0.1059475,-0.9611245,0.0,0.0,0.0,2.584908,-0.6606492,-2.089757,0.5795994,-0.4008001,1.915,0.1810884,-0.01446676,-0.9833603,0.2500265,0.9677164,0.03180639,0.9511539,-0.251626,0.1788593,static,86.9167,-83.94296,16.83912,-11.82109,83.08653801231888,-66.7274645732692
336,05/16/2023 12:00:44.548425,519,True,True,True,True,Eyes,0.5908063,0.2134001,-1.905971,0.8903434,-0.4534163,0.04125978,0.0,0.0,0.0,0.0,0.0,0.0,0.0,-1.949439,-0.3484319,-0.3586398,0.7695399,0.2184643,-1.846733,0.09534673,0.6364998,-0.08852195,0.7602242,14.93116,79.77299,359.2162,0.2585239,0.1059869,-0.9601728,0.0,0.0,0.0,2.588778,-0.6698428,-2.101846,0.5795996,-0.4008001,1.914999,0.1740638,-0.0132167,-0.9846457,0.2559694,0.9661458,0.03228138,0.9508845,-0.2576582,0.1715541,static,87.34673,-84.80054,16.83913,-11.8211,83.48171884873722,-67.51891778922584
337,05/16/2023 12:00:44.558407,520,True,True,True,True,Eyes,0.5990704,0.2134596,-1.903055,0.8900434,-0.4545626,0.03457836,0.0,0.0,0.0,0.0,0.0,0.0,0.0,-1.945405,-0.3537134,-0.3837903,0.7805721,0.218816,-1.843864,0.09706987,0.639386,-0.08947604,0.7574676,15.15754,80.2459,359.3221,0.2621284,0.1060286,-0.9591904,0.0,0.0,0.0,2.594572,-0.6753552,-2.115277,0.5796002,-0.4008,1.915,0.1663593,-0.01142018,-0.9859992,0.2596806,0.965143,0.03263512,0.9512575,-0.261474,0.1635261,static,87.77516,-85.64992,16.83914,-11.82109,83.87544586270373,-68.30287123137086
338,05/16/2023 12:00:44.578365,521,True,True,True,True,Eyes,0.6074402,0.2135089,-1.900125,0.8896953,-0.4557058,0.02783192,0.0,0.0,0.0,0.0,0.0,0.0,0.0,-1.940429,-0.357706,-0.409507,0.7908376,0.218602,-1.840571,0.09843199,0.6424508,-0.09000757,0.7546303,15.32004,80.74364,359.4434,0.2657898,0.106071,-0.9581776,0.0,0.0,0.0,2.600358,-0.6793308,-2.12894,0.5795998,-0.4008,1.915,0.1583113,-0.009369467,-0.9873449,0.2623203,0.9644196,0.03290865,0.9519064,-0.2642104,0.1551364,static,88.20823,-86.50504,16.83912,-11.82109,84.27344843917697,-69.09216971721852
339,05/16/2023 12:00:44.588517,522,True,True,True,True,Eyes,0.6159055,0.2135334,-1.897264,0.8894922,-0.4564633,0.02109217,0.0,0.0,0.0,0.0,0.0,0.0,0.0,-1.935625,-0.3597791,-0.4355886,0.801697,0.2184395,-1.837223,0.0998081,0.6454117,-0.08993154,0.7519272,15.43723,81.23021,359.619,0.2695069,0.1061132,-0.9571339,0.0,0.0,0.0,2.607538,-0.6813466,-2.142385,0.5795999,-0.4008,1.915,0.1507122,-0.006409307,-0.988557,0.2640786,0.9639013,0.03401114,0.9526535,-0.2661826,0.1469642,static,88.64162,-87.35437,16.83913,-11.82109,84.67176627665141,-69.87621184122052
340,05/16/2023 12:00:44.608598,523,True,True,True,True,Eyes,0.6244795,0.2135099,-1.894393,0.8892601,-0.4571787,0.01428862,0.0,0.0,0.0,0.0,0.0,0.0,0.0,-1.931151,-0.356994,-0.4611765,0.8120629,0.217998,-1.833713,0.1013634,0.6482146,-0.08869006,0.7494516,15.48073,81.70193,359.9092,0.2732771,0.1061533,-0.9560599,0.0,0.0,0.0,2.615722,-0.6802866,-2.155739,0.5795995,-0.4008,1.915,0.1439039,-0.0015273,-0.9895905,0.2643482,0.9637191,0.03695357,0.9536309,-0.2669143,0.1390867,static,89.07945,-88.20987,16.83912,-11.82109,85.07417315173011,-70.66598461131235
341,05/16/2023 12:00:44.628222,524,True,True,True,True,Eyes,0.6331363,0.2134282,-1.89158,0.8890444,-0.4577595,0.007514906,0.0,0.0,0.0,0.0,0.0,0.0,0.0,-1.927438,-0.3517004,-0.4866118,0.8232186,0.2168568,-1.830515,0.1035592,0.6507642,-0.08722155,0.7471104,15.56085,82.15066,0.2650817,0.2770993,0.1061888,-0.9549551,0.0,0.0,0.0,2.624352,-0.6803858,-2.169158,0.5796,-0.4007999,1.915,0.1377967,0.004456951,-0.9904506,0.2651134,0.9633358,0.04121894,0.9543203,-0.2682616,0.1315629,static,89.5157,-89.05948,16.83913,-11.82108,85.47513709906929,-71.45035869916794
342,05/16/2023 12:00:44.648684,525,True,True,True,True,Eyes,0.6418827,0.2133185,-1.888757,0.8887555,-0.4583811,0.0006809711,0.0,0.0,0.0,0.0,0.0,0.0,0.0,-1.923265,-0.3471624,-0.5106716,0.833593,0.2154845,-1.827278,0.1065356,0.6532254,-0.08644509,0.7446303,15.75923,82.60363,0.6217965,0.2809709,0.1062165,-0.95382,0.0,0.0,0.0,2.630196,-0.6842793,-2.18287,0.5795997,-0.4008001,1.915,0.1316479,0.0104443,-0.9912416,0.2679228,0.9623548,0.0457231,0.9544038,-0.2715956,0.1238937,static,89.9561,-89.91489,16.83912,-11.82109,85.87992289844703,-72.24011913792748
343,05/16/2023 12:00:44.658438,526,True,True,True,True,Eyes,0.6507121,0.2131801,-1.885985,0.8884982,-0.4588389,-0.006154001,0.0,0.0,0.0,0.0,0.0,0.0,0.0,-1.918743,-0.3449882,-0.5348938,0.8444827,0.2147386,-1.824127,0.1092494,0.6556931,-0.08595351,0.7421207,15.95431,83.0548,0.9351714,0.2848905,0.1062357,-0.9526545,0.0,0.0,0.0,2.636311,-0.6878539,-2.196254,0.5796,-0.4007999,1.915,0.1253572,0.01569243,-0.9919876,0.270844,0.9613531,0.04943429,0.9544262,-0.2748708,0.1162623,static,-89.60316,89.23159,16.83913,-11.82108,-79.71799881706173,95.51938751004967
344,05/16/2023 12:00:44.678112,527,True,True,True,True,Eyes,0.6596467,0.2130178,-1.883201,0.8882219,-0.4592299,-0.01302447,0.0,0.0,0.0,0.0,0.0,0.0,0.0,-1.913623,-0.3431353,-0.5596534,0.8550823,0.2139558,-1.820979,0.1110927,0.6583082,-0.08511858,0.7396241,16.04559,83.51292,1.213619,0.2888557,0.1062451,-0.9514586,0.0,0.0,0.0,2.643445,-0.6886558,-2.209378,0.5796002,-0.4008002,1.915,0.1187703,0.02035494,-0.9927132,0.2721779,0.9608265,0.05226511,0.954889,-0.2764021,0.1085775,static,-89.1599,88.37543,16.83914,-11.82109,-79.31056845739663,94.72886772267128
345,05/16/2023 12:00:44.688536,528,True,True,True,True,Eyes,0.6686563,0.2128273,-1.880352,0.888064,-0.459289,-0.0198964,0.0,0.0,0.0,0.0,0.0,0.0,0.0,-1.908135,-0.3421214,-0.5855937,0.8665308,0.2132206,-1.817858,0.1119792,0.660999,-0.08397978,0.7372167,16.02919,83.96298,1.443617,0.2928658,0.1062442,-0.9502321,0.0,0.0,0.0,2.652857,-0.6866234,-2.221741,0.5795997,-0.4007999,1.915,0.1120555,0.02421374,-0.9934068,0.2718589,0.960816,0.0540848,0.9557909,-0.276127,0.101082,static,-88.71655,87.5195,16.83912,-11.82109,-78.90305404118591,93.93855464688616
346,05/16/2023 12:00:44.708469,529,True,True,True,True,Eyes,0.677761,0.212613,-1.877495,0.8878932,-0.459271,-0.02675364,0.0,0.0,0.0,0.0,0.0,0.0,0.0,-1.902159,-0.3423901,-0.6106249,0.8774232,0.2123026,-1.814761,0.112054,0.6636488,-0.08293866,0.7349392,15.9495,84.3879,1.598364,0.2969199,0.1062326,-0.9489745,0.0,0.0,0.0,2.662486,-0.6835968,-2.232753,0.5795999,-0.4008,1.915,0.1053828,0.02681937,-0.9940702,0.2706388,0.9611301,0.05462152,0.9568957,-0.27479,0.09402827,static,-88.27411,86.66615,16.83913,-11.82109,-78.49637335656257,93.15061225255305
347,05/16/2023 12:00:44.728166,530,True,True,True,True,Eyes,0.6869403,0.2123714,-1.874613,0.8877736,-0.4590615,-0.03347493,0.0,0.0,0.0,0.0,0.0,0.0,0.0,-1.895801,-0.3447236,-0.635563,0.8887843,0.2115069,-1.811674,0.1116461,0.6662552,-0.08220937,0.7327216,15.85215,84.79446,1.685604,0.3010174,0.1062097,-0.9476854,0.0,0.0,0.0,2.672648,-0.6805764,-2.242743,0.5796001,-0.4007998,1.915,0.09869141,0.02829646,-0.9947158,0.2692427,0.9615536,0.05406621,0.9580024,-0.2731559,0.08727846,static,-87.84059,85.82935,16.83913,-11.82108,-78.09789388833148,92.37796050854233
348,05/16/2023 12:00:44.747476,531,True,True,True,True,Eyes,0.6962162,0.2121011,-1.871728,0.8875986,-0.458864,-0.0401567,0.0,0.0,0.0,0.0,0.0,0.0,0.0,-1.889203,-0.3485918,-0.6591417,0.899748,0.2105637,-1.808642,0.1112187,0.668726,-0.08199619,0.7305565,15.79338,85.1789,1.723688,0.3051565,0.1061752,-0.9463645,0.0,0.0,0.0,2.681718,-0.6793592,-2.251839,0.5795999,-0.4008001,1.915,0.09216438,0.02894399,-0.9953232,0.2685553,0.961814,0.05283712,0.9588452,-0.272169,0.08087194,static,-87.40959,84.9986,16.83913,-11.82109,-77.701726824183,91.61087836272446
349,05/16/2023 12:00:44.758361,532,True,True,True,True,Eyes,0.7055628,0.2118028,-1.868842,0.8874029,-0.4586214,-0.04671701,0.0,0.0,0.0,0.0,0.0,0.0,0.0,-1.88236,-0.3547079,-0.6823798,0.9113221,0.2096076,-1.805629,0.1109757,0.6710914,-0.08245034,0.72837,15.80273,85.5509,1.717628,0.3093365,0.1061284,-0.9450118,0.0,0.0,0.0,2.690212,-0.6806592,-2.260357,0.5795998,-0.4008001,1.915,0.0856766,0.02884093,-0.9959056,0.2690583,0.9617727,0.05099927,0.9593057,-0.2723261,0.07464156,static,-86.98647,84.18369,16.83912,-11.82109,-77.31280075981691,90.8584131155609
350,05/16/2023 12:00:44.778296,533,True,True,True,True,Eyes,0.7149884,0.2114841,-1.865942,0.8871483,-0.4584073,-0.05320464,0.0,0.0,0.0,0.0,0.0,0.0,0.0,-1.875371,-0.36202,-0.7037966,0.9223113,0.2086219,-1.80256,0.1109013,0.6732624,-0.08337713,0.7262692,15.86417,85.89623,1.68132,0.3135552,0.1060687,-0.9436271,0.0,0.0,0.0,2.697355,-0.6838688,-2.267836,0.5796,-0.4007999,1.915,0.07953189,0.02822287,-0.9964328,0.2704398,0.9614983,0.04881902,0.9594463,-0.2733577,0.06883723,static,-86.56793,83.37964,16.83913,-11.82108,-76.92807784529366,90.11594705529126
351,05/16/2023 12:00:44.788521,534,True,True,True,True,Eyes,0.7244928,0.2111446,-1.863003,0.8868772,-0.4581487,-0.05957129,0.0,0.0,0.0,0.0,0.0,0.0,0.0,-1.867996,-0.3702382,-0.7250887,0.933617,0.2078134,-1.799281,0.1103085,0.6753753,-0.08428545,0.7242903,15.88094,86.22053,1.602926,0.3178116,0.1059962,-0.9422103,0.0,0.0,0.0,2.705483,-0.6859635,-2.274102,0.5795997,-0.4008001,1.915,0.07352841,0.02690504,-0.9969302,0.2710935,0.961456,0.04594214,0.9597405,-0.2736394,0.06340054,static,-86.15723,82.59162,16.83912,-11.82109,-76.55055828268705,89.3882695843993
352,05/16/2023 12:00:44.808572,535,True,True,True,True,Eyes,0.7340846,0.2107843,-1.860043,0.8866053,-0.4578187,-0.06582731,0.0,0.0,0.0,0.0,0.0,0.0,0.0,-1.860639,-0.3777741,-0.7461556,0.9450029,0.2069154,-1.795994,0.1090808,0.6773987,-0.0848171,0.7225224,15.81526,86.51627,1.501896,0.3221049,0.1059108,-0.9407607,0.0,0.0,0.0,2.715091,-0.6858714,-2.279233,0.5795999,-0.4008001,1.915,0.06787419,0.02521787,-0.9973752,0.2703469,0.9618149,0.04271664,0.9603674,-0.2725366,0.05846483,static,-85.75378,81.81783,16.83913,-11.82109,-76.17970194029706,88.67372795300781
353,05/16/2023 12:00:44.828558,536,True,True,True,True,Eyes,0.7437587,0.2104155,-1.857021,0.8863455,-0.4574025,-0.0719346,0.0,0.0,0.0,0.0,0.0,0.0,0.0,-1.853384,-0.3838041,-0.7670352,0.9566624,0.2060305,-1.792492,0.1073267,0.6792744,-0.08478094,0.7210268,15.66128,86.77702,1.401473,0.3264343,0.1058126,-0.9392783,0.0,0.0,0.0,2.726606,-0.6830785,-2.282988,0.5796,-0.4007999,1.915,0.06279698,0.02354987,-0.9977485,0.2680672,0.9625863,0.03959176,0.9613515,-0.2699498,0.05413454,static,-85.36012,81.06243,16.83913,-11.82108,-75.81784596420604,87.97617366787652
354,05/16/2023 12:00:44.848430,537,True,True,True,True,Eyes,0.7535252,0.2100264,-1.853976,0.8860973,-0.4569062,-0.07790034,0.0,0.0,0.0,0.0,0.0,0.0,0.0,-1.846249,-0.3903796,-0.7870672,0.9683139,0.205376,-1.789048,0.105135,0.6810029,-0.08473599,0.7197235,15.47079,87.00452,1.261718,0.3307998,0.1057023,-0.9377623,0.0,0.0,0.0,2.738807,-0.6793287,-2.28549,0.5796002,-0.4007999,1.915001,0.05811001,0.02122155,-0.9980847,0.2651674,0.9635329,0.03592538,0.9624498,-0.2667471,0.0503636,static,-84.97582,80.32438,16.83913,-11.82108,-75.46459580277752,87.29464939675213
355,05/16/2023 12:00:44.858411,538,True,True,True,True,Eyes,0.7633756,0.2096456,-1.850846,0.8858322,-0.4563886,-0.08372992,0.0,0.0,0.0,0.0,0.0,0.0,0.0,-1.838477,-0.3984641,-0.8073055,0.9802651,0.2044565,-1.785438,0.1024449,0.6827424,-0.08499746,0.7184314,15.2637,87.22322,1.05468,0.3352007,0.1055798,-0.936212,0.0,0.0,0.0,2.751406,-0.6759941,-2.287103,0.5795997,-0.4008,1.915,0.0532768,0.01775731,-0.998422,0.2620166,0.9645609,0.03113657,0.9635917,-0.263262,0.04673601,static,-84.60038,79.60402,16.83912,-11.82109,-75.11948756703059,86.62945078857626
356,05/16/2023 12:00:44.878230,539,True,True,True,True,Eyes,0.7733199,0.2092605,-1.847691,0.8856228,-0.4557084,-0.08945423,0.0,0.0,0.0,0.0,0.0,0.0,0.0,-1.830046,-0.4075651,-0.8283373,0.9921319,0.2041558,-1.781942,0.09916794,0.6846809,-0.08518808,0.7170224,15.0027,87.46299,0.8087195,0.3396372,0.1054467,-0.9346266,0.0,0.0,0.0,2.764422,-0.6707675,-2.289188,0.5796001,-0.4008001,1.915,0.0479104,0.01363327,-0.9987586,0.2579602,0.9658175,0.02555796,0.9649669,-0.2588645,0.04275584,static,-84.23228,78.89421,16.83913,-11.82109,-74.7811379826034,85.9740441222649
357,05/16/2023 12:00:44.888623,540,True,True,True,True,Eyes,0.7833484,0.2088674,-1.844496,0.885394,-0.4550141,-0.09507694,0.0,0.0,0.0,0.0,0.0,0.0,0.0,-1.820977,-0.4139487,-0.8511837,1.004272,0.2035964,-1.778148,0.0954707,0.6868066,-0.08460048,0.7155592,14.64553,87.72748,0.5961481,0.344109,0.1053036,-0.9330057,0.0,0.0,0.0,2.779012,-0.6625106,-2.291917,0.5795999,-0.4008,1.915,0.04227913,0.01006651,-0.9990551,0.2522131,0.9674562,0.02042156,0.9667476,-0.2528382,0.03836425,static,-83.87085,78.19764,16.83913,-11.82109,-74.44891807150468,85.3308573727603
358,05/16/2023 12:00:44.908442,541,True,True,True,True,Eyes,1.036284,0.1988118,-1.763638,0.8724383,-0.4301368,-0.2320209,0.0,0.0,0.0,0.0,0.0,0.0,0.0,-1.812475,-0.417967,-0.8729537,1.016271,0.2029332,-1.774209,0.09256512,0.6886929,-0.08378514,0.7142227,14.33723,87.97305,0.4621873,0.3486151,0.1051507,-0.9313486,0.0,0.0,0.0,2.793055,-0.6550503,-2.294506,0.5796,-0.4007999,1.915001,0.03736432,0.007815391,-0.9992713,0.2471804,0.9688235,0.01681976,0.968249,-0.2476287,0.03426763,static,-75.10717,61.65704,16.83913,-11.82108,-66.39235047837414,70.05298258145815
359,05/16/2023 12:00:44.928413,542,True,True,True,True,Eyes,1.036777,0.1987936,-1.763447,0.8724106,-0.4300946,-0.2322034,0.0,0.0,0.0,0.0,0.0,0.0,0.0,-1.805147,-0.4186858,-0.8931935,1.028485,0.2022727,-1.770015,0.09067196,0.6901659,-0.08252544,0.7131897,14.07815,88.17446,0.4397691,0.3732206,0.1040353,-0.9218906,0.7588073,-0.0301668,0.2425754,2.807228,-0.647977,-2.296277,0.5796,-0.4007999,1.915001,0.03372134,0.007444809,-0.9994037,0.2428699,0.9699363,0.01542013,0.9694727,-0.2432451,0.0308994,static,-75.09554,61.63588,16.83912,-11.82108,-66.38165625841408,70.03342662837106
360,05/16/2023 12:00:44.947482,543,True,True,True,True,Eyes,1.037751,0.198771,-1.763095,0.8724176,-0.4299467,-0.2324508,0.0,0.0,0.0,0.0,0.0,0.0,0.0,-1.799133,-0.4184971,-0.9111847,1.040789,0.201771,-1.765877,0.08952582,0.6911827,-0.08131628,0.7124883,13.88542,88.31747,0.4652983,0.3931758,0.1030719,-0.9136676,0.7132789,-0.0283568,0.2280209,2.821129,-0.642298,-2.296668,0.5795998,-0.4007999,1.915001,0.03130845,0.007883593,-0.9994788,0.2396311,0.9707456,0.01516337,0.9703591,-0.239981,0.02850337,static,-75.08047,61.60212,16.83912,-11.82108,-66.36781973640737,70.00232008790643
361,05/16/2023 12:00:44.958372,544,True,True,True,True,Eyes,1.03919,0.1987381,-1.762597,0.8723286,-0.4299155,-0.2328424,0.0,0.0,0.0,0.0,0.0,0.0,0.0,-1.793321,-0.4189934,-0.9283407,1.053288,0.2016208,-1.76162,0.08846123,0.6920288,-0.08025853,0.7119196,13.71173,88.43447,0.4812661,0.4094144,0.1022497,-0.9066004,0.6704822,-0.02665539,0.2143396,2.835132,-0.636939,-2.296085,0.5796,-0.4007999,1.915001,0.02930951,0.008160192,-0.9995372,0.2367107,0.9714664,0.01487213,0.9711381,-0.237037,0.02654161,static,-75.05501,61.56001,16.83912,-11.82108,-66.34439442487883,69.9633396396111
362,05/16/2023 12:00:44.977955,545,True,True,True,True,Eyes,1.041084,0.1987505,-1.761947,0.8722287,-0.429863,-0.2333128,0.0,0.0,0.0,0.0,0.0,0.0,0.0,-1.787065,-0.4213358,-0.9457128,1.065882,0.2013261,-1.757516,0.08760581,0.6929666,-0.07977097,0.7111676,13.60117,88.57062,0.4689286,0.4226836,0.1015532,-0.9005692,0.6302533,-0.02505607,0.2014793,2.848033,-0.6339456,-2.296089,0.5795999,-0.4008,1.915,0.0268679,0.007954732,-0.9996074,0.2348768,0.9719236,0.01404757,0.9716538,-0.235162,0.02424519,static,-75.02454,61.50862,16.83913,-11.82109,-66.31636277380125,69.9157851149025
363,05/16/2023 12:00:44.998035,546,True,True,True,True,Eyes,1.043423,0.1988001,-1.761156,0.8720505,-0.4298095,-0.2340763,0.0,0.0,0.0,0.0,0.0,0.0,0.0,-1.779945,-0.4267567,-0.9632508,1.078673,0.2024173,-1.753188,0.08703871,0.6940308,-0.0797869,0.710197,13.55498,88.73325,0.4412247,0.4335831,0.1009683,-0.8954388,0.592438,-0.0235527,0.1893905,2.859891,-0.6317026,-2.296612,0.5796002,-0.4008,1.915,0.02391088,0.007486246,-0.9996861,0.2341439,0.9721166,0.01288015,0.9719079,-0.2343784,0.02149129,static,-74.9748,61.42708,16.83914,-11.82109,-66.27059544735964,69.84029313512143
364,05/16/2023 12:00:45.008557,547,True,True,True,True,Eyes,1.046196,0.1988601,-1.760219,0.8719103,-0.4296364,-0.2349151,0.0,0.0,0.0,0.0,0.0,0.0,0.0,-1.772957,-0.42682,-0.9828753,1.091643,0.203334,-1.748876,0.08560237,0.6952684,-0.07822996,0.7093337,13.3102,88.90786,0.4740238,0.4425947,0.1004805,-0.8910741,0.5568917,-0.02213954,0.1780271,2.874824,-0.6228969,-2.297884,0.5795997,-0.4008,1.915,0.02096389,0.008050952,-0.9997478,0.2300155,0.9731046,0.01265965,0.9729611,-0.2302229,0.01854821,static,-74.9211,61.3312,16.83912,-11.82109,-66.22121027687434,69.75165427106522
365,05/16/2023 12:00:45.028409,548,True,True,True,True,Eyes,1.049401,0.1990175,-1.759218,0.8717101,-0.4294775,-0.2359459,0.0,0.0,0.0,0.0,0.0,0.0,0.0,-1.766398,-0.4250391,-1.001972,1.104754,0.203213,-1.744417,0.08480315,0.6963271,-0.07667268,0.7085608,13.11786,89.06607,0.5557821,0.4501075,0.1000752,-0.8873487,0.5234782,-0.02081117,0.1673454,2.889374,-0.6162531,-2.298863,0.5796,-0.4008,1.915,0.0184998,0.009446944,-0.9997843,0.226756,0.9738595,0.01339783,0.973776,-0.2269549,0.01587401,static,-74.85464,61.21654,16.83913,-11.82109,-66.16007718393017,69.64559309561
366,05/16/2023 12:00:45.048615,549,True,True,True,True,Eyes,1.053005,0.1992228,-1.758086,0.8716376,-0.4290058,-0.2370693,0.0,0.0,0.0,0.0,0.0,0.0,0.0,-1.759756,-0.4258756,-1.021569,1.118293,0.2057266,-1.740348,0.08311973,0.697488,-0.07490072,0.7078077,12.83536,89.22409,0.5829163,0.456434,0.09974311,-0.8841486,0.4920695,-0.0195625,0.1573047,2.905459,-0.6047066,-2.299845,0.5795999,-0.4008,1.915,0.01580096,0.009919416,-0.999826,0.2219806,0.974962,0.01318086,0.9749231,-0.2221502,0.01320343,static,-74.78467,61.07489,16.83913,-11.82109,-66.09578444486216,69.51489419110423
367,05/16/2023 12:00:45.057993,550,True,True,True,True,Eyes,1.057004,0.1994463,-1.756853,0.8715147,-0.4284238,-0.2385689,0.0,0.0,0.0,0.0,0.0,0.0,0.0,-1.751576,-0.422152,-1.044508,1.131517,0.2074237,-1.736051,0.07993027,0.6991602,-0.07181685,0.7068442,12.32282,89.4386,0.6006425,0.4620176,0.09946218,-0.8812755,0.4625453,-0.01838875,0.1478664,2.923794,-0.5868829,-2.302287,0.5795997,-0.4008,1.915,0.01203474,0.01024148,-0.9998752,0.2132947,0.976907,0.0125735,0.9769138,-0.2134194,0.0095724,static,-74.69086,60.88865,16.83912,-11.82109,-66.00957393911153,69.34300351624222
368,05/16/2023 12:00:45.078239,551,True,True,True,True,Eyes,1.061382,0.1997002,-1.755522,0.8713924,-0.4277506,-0.2402183,0.0,0.0,0.0,0.0,0.0,0.0,0.0,-1.742597,-0.4176439,-1.069144,1.144935,0.2080537,-1.732044,0.07779454,0.7011498,-0.0690596,0.705385,11.92273,89.72628,0.6830515,0.4672011,0.09921306,-0.8785667,0.4347926,-0.01728542,0.1389944,2.940025,-0.572936,-2.307812,0.5796,-0.4008,1.915,0.007239596,0.01166404,-0.9999059,0.2065184,0.9783576,0.01290797,0.978416,-0.2065924,0.004674075,static,-74.58797,60.68209,16.83913,-11.82109,-65.91502656079442,69.15238969227778
369,05/16/2023 12:00:45.093006,552,True,True,True,True,Eyes,1.066106,0.1999931,-1.754129,0.8710585,-0.4273998,-0.2420467,0.0,0.0,0.0,0.0,0.0,0.0,0.0,-1.733418,-0.4170574,-1.092636,1.158371,0.2090258,-1.728298,0.07731162,0.7031164,-0.06761176,0.7036185,11.76357,90.04094,0.7943472,0.4720416,0.09899391,-0.8760003,0.4087051,-0.0162483,0.1306548,2.952666,-0.56587,-2.31468,0.5795999,-0.4008,1.915,0.002112104,0.01357235,-0.9999057,0.2038639,0.9789031,0.01371789,0.9789969,-0.2038736,-0.0006993985,static,-74.47064,60.47609,16.83913,-11.82109,-65.8071125960433,68.96189454800478
370,05/16/2023 12:00:45.108639,553,True,True,True,True,Eyes,1.071158,0.2003333,-1.75265,0.8706487,-0.4271126,-0.2440196,0.0,0.0,0.0,0.0,0.0,0.0,0.0,-1.723787,-0.4214699,-1.11403,1.171418,0.210324,-1.724438,0.0783857,0.7049799,-0.06769548,0.7016243,11.8554,90.36776,0.9090651,0.4765881,0.09880336,-0.8735567,0.3841828,-0.0152734,0.1228155,2.96133,-0.5663001,-2.321825,0.5795998,-0.4008,1.915,-0.003158493,0.01552709,-0.9998745,0.2055142,0.978546,0.01454669,0.9786491,-0.2054425,-0.006281758,static,-74.34324,60.25964,16.83913,-11.82109,-65.68991293694046,68.76162455912723
371,05/16/2023 12:00:45.128498,554,True,True,True,True,Eyes,1.076504,0.2006588,-1.751144,0.8700728,-0.4270696,-0.2461397,0.0,0.0,0.0,0.0,0.0,0.0,0.0,-1.713772,-0.4273718,-1.135326,1.184302,0.2118175,-1.72081,0.07933536,0.706911,-0.06805816,0.6995361,11.95937,90.70484,0.9926316,0.4808843,0.09864058,-0.8712174,0.3611318,-0.014357,0.1154466,2.969427,-0.5672238,-2.329272,0.5795999,-0.4008001,1.915,-0.008710284,0.01694781,-0.9998185,0.2073844,0.9781479,0.01477379,0.9782209,-0.207218,-0.0120346,static,-74.20403,60.04318,16.83913,-11.82109,-65.561782730411,68.56102606331264
372,05/16/2023 12:00:45.148484,555,True,True,True,True,Eyes,1.082142,0.201038,-1.749569,0.8694288,-0.427061,-0.2484196,0.0,0.0,0.0,0.0,0.0,0.0,0.0,-1.70375,-0.4307943,-1.156563,1.196779,0.2118853,-1.71721,0.08127362,0.7088731,-0.068336,0.6972977,12.13565,91.06742,1.167753,0.4849668,0.09850166,-0.8689673,0.3394639,-0.01349558,0.1085198,2.975968,-0.570913,-2.33811,0.5796001,-0.4008,1.915001,-0.01434161,0.0199243,-0.9996988,0.2105264,0.9774496,0.01646071,0.9774832,-0.2102269,-0.01821274,static,-74.05391,59.81361,16.83913,-11.82108,-65.42359814922169,68.34821118832078
373,05/16/2023 12:00:45.160179,556,True,True,True,True,Eyes,1.088053,0.2014724,-1.747985,0.8687609,-0.427022,-0.2508121,0.0,0.0,0.0,0.0,0.0,0.0,0.0,-1.694476,-0.433496,-1.177533,1.2094,0.2135773,-1.71391,0.08310734,0.7107464,-0.06800056,0.6952041,12.25221,91.41518,1.383126,0.4888684,0.09838643,-0.8667913,0.3190961,-0.01268584,0.1020086,2.983625,-0.5707005,-2.347027,0.5796,-0.4008001,1.915,-0.01956908,0.02358796,-0.9995303,0.212685,0.9769382,0.01889082,0.9769249,-0.2122154,-0.02413465,static,-73.89652,59.57208,16.83913,-11.82109,-65.27872435296621,68.12432411039094
374,05/16/2023 12:00:45.178530,557,True,True,True,True,Eyes,1.094235,0.201946,-1.746355,0.8681248,-0.4268364,-0.2533182,0.0,0.0,0.0,0.0,0.0,0.0,0.0,-1.685216,-0.4321051,-1.199733,1.221914,0.215368,-1.710722,0.08303825,0.7126815,-0.06629071,0.6933941,12.10154,91.73596,1.548843,0.4926171,0.09829461,-0.8646769,0.2999503,-0.01192469,0.09588806,2.994946,-0.5625339,-2.35495,0.5795993,-0.4008,1.915,-0.02461854,0.02642846,-0.9993475,0.2102908,0.9774204,0.02066814,0.9773288,-0.2096448,-0.02962034,static,-73.7328,59.31179,16.83912,-11.82109,-65.1280537649211,67.88320681363703
375,05/16/2023 12:00:45.198243,558,True,True,True,True,Eyes,1.100662,0.2024674,-1.744719,0.867524,-0.4265885,-0.2557817,0.0,0.0,0.0,0.0,0.0,0.0,0.0,-1.676064,-0.4300368,-1.22231,1.23458,0.2167558,-1.707921,0.08239654,0.7146166,-0.06442863,0.6916525,11.89174,92.04578,1.677146,0.4962379,0.09822527,-0.8626118,0.2819533,-0.01120921,0.09013477,3.007179,-0.5532858,-2.362698,0.5796,-0.4008,1.915,-0.02965573,0.02863941,-0.99915,0.2068883,0.9781195,0.02189599,0.9779151,-0.2060631,-0.03493194,static,-73.57232,59.05317,16.83913,-11.82109,-64.98037640763565,67.64369572593904
376,05/16/2023 12:00:45.208341,559,True,True,True,True,Eyes,1.107324,0.2030027,-1.743047,0.8669516,-0.4262179,-0.2583278,0.0,0.0,0.0,0.0,0.0,0.0,0.0,-1.666359,-0.4290449,-1.244611,1.246926,0.218426,-1.705096,0.08122716,0.7165859,-0.06271672,0.6899082,11.65174,92.35162,1.747993,0.499752,0.09817784,-0.8605862,0.2650361,-0.01053666,0.08472668,3.019339,-0.5433748,-2.369937,0.5796001,-0.4008001,1.915,-0.03485751,0.02987491,-0.9989457,0.20295,0.9789376,0.02219473,0.9785686,-0.2019624,-0.04018649,static,-73.40739,58.78023,16.83913,-11.82109,-64.82862762771717,67.39104268799572
377,05/16/2023 12:00:45.228157,560,True,True,True,True,Eyes,1.114196,0.2035473,-1.741359,0.8664048,-0.4258441,-0.2607672,0.0,0.0,0.0,0.0,0.0,0.0,0.0,-1.657489,-0.4275451,-1.265764,1.259196,0.2192688,-1.702519,0.08038536,0.718331,-0.06118966,0.6883274,11.45345,92.62708,1.827157,0.5031781,0.09815028,-0.8585905,0.2491339,-0.009904457,0.07964309,3.031153,-0.5355027,-2.37653,0.5796,-0.4007999,1.915,-0.03948708,0.03124955,-0.9987313,0.1997236,0.979588,0.02275402,0.9790562,-0.1985717,-0.04492243,static,-73.24946,58.51862,16.83913,-11.82109,-64.68332024523255,67.1488816731103
378,05/16/2023 12:00:45.238203,561,True,True,True,True,Eyes,1.121272,0.2041363,-1.739659,0.8658091,-0.4255262,-0.263253,0.0,0.0,0.0,0.0,0.0,0.0,0.0,-1.650041,-0.4285147,-1.283857,1.271172,0.220064,-1.700071,0.0809392,0.7196538,-0.06055027,0.686936,11.44052,92.86007,1.947475,0.5065319,0.09814057,-0.8566173,0.2341859,-0.00931019,0.0748645,3.04075,-0.5330815,-2.382102,0.5795997,-0.4008,1.915,-0.04313603,0.0333081,-0.9985139,0.1996847,0.979565,0.02404963,0.9789104,-0.1983506,-0.04890562,static,-73.08788,58.25688,16.83912,-11.82109,-64.53463508488142,66.90650372739874
379,05/16/2023 12:00:45.258439,562,True,True,True,True,Eyes,1.128535,0.2047751,-1.737944,0.865431,-0.4247488,-0.2657399,0.0,0.0,0.0,0.0,0.0,0.0,0.0,-1.643457,-0.4326341,-1.300347,1.283138,0.2217319,-1.698062,0.08234522,0.7207981,-0.06059497,0.6855637,11.55212,93.08115,2.083832,0.509827,0.09814846,-0.8546595,0.2201347,-0.008751579,0.07037263,3.048837,-0.5335376,-2.387756,0.5795994,-0.4007999,1.915001,-0.04644346,0.03562515,-0.9982856,0.201792,0.979095,0.02555233,0.9783268,-0.2002593,-0.05266135,static,-72.93034,57.96825,16.83911,-11.82108,-64.38977774566021,66.639783183111
380,05/16/2023 12:00:45.278474,563,True,True,True,True,Eyes,1.135962,0.2054162,-1.736236,0.8649419,-0.4241583,-0.2682636,0.0,0.0,0.0,0.0,0.0,0.0,0.0,-1.637603,-0.4378674,-1.315567,1.294897,0.2235759,-1.696303,0.08403018,0.7217758,-0.06091497,0.6843011,11.70881,93.28104,2.220174,0.5130745,0.09817403,-0.852711,0.2069266,-0.008226484,0.06615027,3.056345,-0.5352291,-2.39295,0.5795997,-0.4008,1.915,-0.04934171,0.03793352,-0.9980614,0.2046703,0.9784566,0.02707001,0.9775865,-0.2029378,-0.05604257,static,-72.76861,57.68824,16.83913,-11.82109,-64.24101399060626,66.38078773440739
381,05/16/2023 12:00:45.288131,564,True,True,True,True,Eyes,1.143535,0.206054,-1.734478,0.864499,-0.4234638,-0.2707767,0.0,0.0,0.0,0.0,0.0,0.0,0.0,-1.63198,-0.4457643,-1.32919,1.306269,0.2243129,-1.694743,0.08632944,0.7226156,-0.06221788,0.6830102,11.99621,93.47282,2.330468,0.5162835,0.09821507,-0.8507671,0.194511,-0.007732895,0.06218125,3.061747,-0.5423832,-2.39779,0.5795999,-0.4008,1.915,-0.05208863,0.03977511,-0.99785,0.2097569,0.9773523,0.02800855,0.9763651,-0.207847,-0.05925208,static,-72.60851,57.40381,16.83913,-11.82109,-64.09377343188642,66.11781713528494
382,05/16/2023 12:00:45.308328,565,True,True,True,True,Eyes,1.151246,0.2067056,-1.732732,0.8639414,-0.4230472,-0.2731964,0.0,0.0,0.0,0.0,0.0,0.0,0.0,-1.627225,-0.4587165,-1.339431,1.317265,0.2249142,-1.693099,0.08861895,0.7230182,-0.06480122,0.6820499,12.39148,93.59351,2.332526,0.5194625,0.09826955,-0.8488235,0.1828404,-0.007268921,0.05845038,3.06594,-0.5541247,-2.399522,0.5795998,-0.4008,1.915,-0.05390912,0.03975089,-0.9977543,0.2165416,0.9758949,0.02718019,0.9747839,-0.21459,-0.06121732,static,-72.45196,57.14635,16.83913,-11.82109,-63.94972960667071,65.87946716046856
383,05/16/2023 12:00:45.328221,566,True,True,True,True,Eyes,1.159096,0.2073765,-1.73098,0.8635308,-0.4224626,-0.2753904,0.0,0.0,0.0,0.0,0.0,0.0,0.0,-1.623172,-0.4749427,-1.347952,1.328343,0.2259482,-1.691651,0.09007131,0.7231436,-0.06797413,0.6814177,12.77145,93.65073,2.211367,0.5226179,0.09833624,-0.8468767,0.1718699,-0.006832786,0.05494336,3.07089,-0.5661682,-2.398675,0.5795996,-0.4008,1.915,-0.05511421,0.03763144,-0.9977707,0.2229065,0.9745334,0.02444227,0.9732807,-0.2210625,-0.06209896,static,-72.3119,56.90091,16.83912,-11.82109,-63.82090824080726,65.65249331276735
384,05/16/2023 12:00:45.348022,567,True,True,True,True,Eyes,1.167075,0.2080468,-1.729249,0.8631091,-0.4219744,-0.2774532,0.0,0.0,0.0,0.0,0.0,0.0,0.0,-1.61933,-0.4883364,-1.357249,1.339471,0.2270825,-1.690289,0.08982035,0.7232509,-0.07024987,0.6811061,12.94237,93.6662,2.012774,0.5257549,0.09841433,-0.8449238,0.1615577,-0.006422819,0.05164675,3.079086,-0.5723591,-2.396291,0.5795999,-0.4008,1.915,-0.05605397,0.03423008,-0.997841,0.2256205,0.9739946,0.02073781,0.9726015,-0.2239709,-0.06231922,static,-72.17959,56.6746,16.83912,-11.82108,-63.69919670800183,65.44312454109287
385,05/16/2023 12:00:45.358553,568,True,True,True,True,Eyes,1.175188,0.2087158,-1.72751,0.8628868,-0.4211668,-0.2793653,0.0,0.0,0.0,0.0,0.0,0.0,0.0,-1.615679,-0.4995028,-1.367059,1.350565,0.2277407,-1.689046,0.08860858,0.7233405,-0.07200927,0.6809859,12.99446,93.65675,1.771017,0.528878,0.0985021,-0.8429622,0.1518643,-0.00603745,0.04854795,3.089111,-0.575756,-2.393072,0.5795999,-0.4008,1.915,-0.05681346,0.03011374,-0.9979306,0.226263,0.9739264,0.01650796,0.9724082,-0.2248568,-0.06214572,static,-72.0603,56.44318,16.83913,-11.82109,-63.58955250170997,65.2294612361015
386,05/16/2023 12:00:45.377962,569,True,True,True,True,Eyes,1.183427,0.2093589,-1.725802,0.8626811,-0.4203772,-0.2811839,0.0,0.0,0.0,0.0,0.0,0.0,0.0,-1.611555,-0.5090069,-1.37814,1.361808,0.2283297,-1.687842,0.08678386,0.7235686,-0.07330871,0.6808399,12.95934,93.65742,1.514995,0.5319912,0.098598,-0.8409896,0.1427524,-0.005675203,0.04563507,3.100355,-0.5766488,-2.39017,0.5795999,-0.4008,1.915,-0.0578515,0.02576517,-0.9979928,0.2254111,0.9741888,0.01208406,0.9725448,-0.2242596,-0.06216598,static,-71.94704,56.22204,16.83913,-11.82109,-63.48545538473443,65.02530892376436
387,05/16/2023 12:00:45.394064,570,True,True,True,True,Eyes,1.191789,0.2099736,-1.724136,0.8625814,-0.4194217,-0.2829115,0.0,0.0,0.0,0.0,0.0,0.0,0.0,-1.606995,-0.5162807,-1.390643,1.373056,0.2283283,-1.686845,0.08468921,0.7239825,-0.07417887,0.6805694,12.86662,93.68432,1.273052,0.535098,0.09869938,-0.8390045,0.1341873,-0.005334691,0.04289697,3.112123,-0.5761942,-2.388408,0.5796003,-0.4008,1.915,-0.0593062,0.02165926,-0.9980049,0.2235947,0.9746504,0.007865379,0.9728764,-0.2226822,-0.06264572,static,-71.84142,55.99925,16.83914,-11.82108,-63.38843480295754,64.81986284979094
388,05/16/2023 12:00:45.408316,571,True,True,True,True,Eyes,1.20027,0.2105435,-1.722504,0.8624712,-0.4184871,-0.2846261,0.0,0.0,0.0,0.0,0.0,0.0,0.0,-1.601388,-0.5232511,-1.404573,1.384359,0.2282182,-1.68598,0.08261755,0.7246689,-0.07498059,0.6800056,12.76971,93.75916,1.043807,0.5382,0.09880367,-0.8370057,0.1261361,-0.005014609,0.04032315,3.123447,-0.5755844,-2.388315,0.5796002,-0.4008,1.915,-0.06153377,0.01776627,-0.997947,0.2217151,0.9751046,0.003688594,0.9731681,-0.2210329,-0.06394094,static,-71.73647,55.77916,16.83914,-11.82109,-63.29202542848646,64.61689008573622
389,05/16/2023 12:00:45.428035,572,True,True,True,True,Eyes,1.208871,0.2110673,-1.720907,0.8624423,-0.4173158,-0.2864276,0.0,0.0,0.0,0.0,0.0,0.0,0.0,-1.594502,-0.5294504,-1.420144,1.395687,0.2276922,-1.685164,0.08079772,0.7256745,-0.07569042,0.6790724,12.68485,93.89459,0.8496743,0.5412991,0.09890787,-0.8349925,0.1185679,-0.004713733,0.03790376,3.133951,-0.5754085,-2.390337,0.5796,-0.4007999,1.915,-0.06466496,0.01446714,-0.9978023,0.2200642,0.9754854,-0.0001181984,0.9733399,-0.2195882,-0.06626343,static,-71.62804,55.53597,16.83913,-11.82108,-63.19247134874643,64.3928176949413
390,05/16/2023 12:00:45.438376,573,True,True,True,True,Eyes,1.426702,0.2231303,-1.681739,0.8591501,-0.3897032,-0.3316512,0.0,0.0,0.0,0.0,0.0,0.0,0.0,-1.586665,-0.5368429,-1.436184,1.407138,0.2270642,-1.68426,0.0795562,0.7268344,-0.07673279,0.6778605,12.6738,94.06934,0.682426,0.5443972,0.0990092,-0.8329638,0.1114538,-0.004430909,0.03562954,3.143106,-0.5773586,-2.393572,0.5796002,-0.4007999,1.915001,-0.06835236,0.01162012,-0.9975937,0.2196766,0.9755658,-0.003688061,0.9731755,-0.2194001,-0.06923493,static,-68.8923,49.60104,16.83913,-11.82108,-60.680012742448,58.92202111216721
391,05/16/2023 12:00:45.458420,574,True,True,True,True,Eyes,1.427168,0.2231142,-1.681657,0.8588741,-0.3897276,-0.3323367,0.0,0.0,0.0,0.0,0.0,0.0,0.0,-1.578881,-0.5442527,-1.452016,1.418542,0.2265547,-1.6834,0.0788595,0.7279976,-0.07779753,0.676571,12.70791,94.25621,0.5608037,0.560149,0.09925683,-0.8224238,0.7582593,0.03202389,0.1509979,3.151499,-0.5801381,-2.397479,0.5795999,-0.4008,1.915,-0.07206599,0.009547961,-0.9973543,0.2200902,0.9754575,-0.006564743,0.972814,-0.2199809,-0.07239874,static,-68.84633,49.54442,16.83912,-11.82109,-60.63765252622994,58.8692915817795
392,05/16/2023 12:00:45.478455,575,True,True,True,True,Eyes,1.428083,0.2230735,-1.681546,0.8585939,-0.3897008,-0.3330911,0.0,0.0,0.0,0.0,0.0,0.0,0.0,-1.571821,-0.5485243,-1.4683,1.430075,0.226072,-1.682611,0.07823481,0.7291149,-0.07813434,0.6754007,12.68657,94.43606,0.5015789,0.5728804,0.0994475,-0.8135834,0.7127637,0.03010246,0.141938,3.160981,-0.5805454,-2.401732,0.5795999,-0.4008,1.915,-0.07542694,0.008540373,-0.9971148,0.2196283,0.9755487,-0.008258122,0.9726636,-0.2196175,-0.07545836,static,-68.79626,49.47831,16.83912,-11.82109,-60.591528900605425,58.80782162771767
695,05/16/2023 12:00:50.528536,878,True,True,True,True,Eyes,1.691856,0.2431195,-3.450659,-0.9652801,0.04530492,0.2572585,0.0,0.0,0.0,0.0,0.0,0.0,0.0,3.306251,-0.01616922,1.882692,1.491598,0.241871,-3.491807,0.0371046,-0.6658561,0.01723768,0.7449578,4.487313,276.3648,358.6361,0.4590722,0.06286103,-0.8861718,0.0,0.0,0.0,-0.3705552,0.4777488,-2.691463,0.5796007,0.4008,1.915001,0.1126773,-0.02372995,0.9933484,-0.07509534,0.9966522,0.03232709,-0.9907899,-0.07823836,0.1105181,static,-75.07687,9.987755,16.83914,11.82108,-66.53465898438411,23.067768959072048
696,05/16/2023 12:00:50.548315,879,True,True,True,True,Eyes,1.682611,0.243115,-3.451836,-0.9633962,0.04836472,0.2636828,0.0,0.0,0.0,0.0,0.0,0.0,0.0,3.299059,-0.03923503,1.884181,1.480101,0.2438248,-3.490747,0.03254591,-0.6644334,0.01220356,0.7465387,3.715971,276.614,358.5628,0.4571105,0.06288981,-0.8871832,0.0,0.0,0.0,-0.3751193,0.5050378,-2.682211,0.5796004,0.4008,1.915,0.1167587,-0.02502831,0.9928449,-0.06147004,0.9975837,0.03237665,-0.9912562,-0.06481047,0.114938,static,-74.69295,10.39366,16.83914,11.82109,-66.17798893767707,23.42648675080806
697,05/16/2023 12:00:50.558451,880,True,True,True,True,Eyes,1.673284,0.2431033,-3.45296,-0.9615675,0.05142076,0.2697105,0.0,0.0,0.0,0.0,0.0,0.0,0.0,3.292262,-0.04206942,1.885371,1.468424,0.2438949,-3.489933,0.031431,-0.6629463,0.009867926,0.7479419,3.445606,276.8485,358.455,0.4551389,0.06292053,-0.8881942,0.0,0.0,0.0,-0.3820739,0.5131329,-2.673249,0.5796003,0.4008,1.915,0.1208097,-0.02691287,0.9923108,-0.05643541,0.9978294,0.03393332,-0.9910702,-0.06010094,0.1190287,static,-74.3317,10.794,16.83914,11.82109,-65.84231914019958,23.780757258615147
698,05/16/2023 12:00:50.578407,881,True,True,True,True,Eyes,1.663897,0.2432035,-3.454011,-0.9597457,0.05428348,0.2755751,0.0,0.0,0.0,0.0,0.0,0.0,0.0,3.286066,-0.04124384,1.885317,1.457243,0.2436151,-3.48876,0.03193755,-0.6616867,0.01096597,0.7490197,3.575043,277.0387,358.5165,0.4531568,0.06295291,-0.8892047,0.0,0.0,0.0,-0.3912221,0.5091141,-2.666268,0.5796004,0.4008,1.915,0.1241009,-0.02583786,0.9919332,-0.05869276,0.9977195,0.03333165,-0.9905323,-0.06235578,0.1223014,static,-73.97946,11.1436,16.83914,11.82109,-65.5151557106821,24.089132083114876
699,05/16/2023 12:00:50.588473,882,True,True,True,True,Eyes,1.427358,0.2458091,-3.478424,-0.9039122,0.1238174,0.4094044,0.0,0.0,0.0,0.0,0.0,0.0,0.0,3.281726,-0.04655239,1.883351,1.446387,0.2455368,-3.488063,0.03196744,-0.6607161,0.01225981,0.7498547,3.677612,277.1878,358.6302,0.4511639,0.06298983,-0.890215,0.0,0.0,0.0,-0.4005693,0.5087371,-2.661454,0.5796004,0.4008,1.915001,0.1266081,-0.02385664,0.9916659,-0.06062895,0.9976555,0.03174136,-0.9900983,-0.06414238,0.1248649,static,-65.63303,16.82705,16.83914,11.82108,-57.771495924868866,29.03152180630488
700,05/16/2023 12:00:50.608452,883,True,True,True,True,Eyes,1.426919,0.2458013,-3.478346,-0.9039674,0.1237815,0.4092933,0.0,0.0,0.0,0.0,0.0,0.0,0.0,3.277228,-0.05834683,1.88019,1.435147,0.2456685,-3.486939,0.03095751,-0.659847,0.01386637,0.750634,3.713928,277.3283,358.8495,0.4413244,0.06333933,-0.8951091,-0.7096174,0.007816672,-0.07323718,-0.4102761,0.5098885,-2.657237,0.5796002,0.4007999,1.915,0.1288195,-0.02003731,0.9914656,-0.06167157,0.9976987,0.02817616,-0.9897485,-0.06477488,0.1272873,static,-65.64021,16.82675,16.83914,11.82109,-57.778142262584524,29.031443198032107
701,05/16/2023 12:00:50.628395,884,True,True,True,True,Eyes,1.426067,0.2458105,-3.478237,-0.903989,0.1237631,0.4092515,2.034234,-0.4128588,0.4975737,-2.645724,0.5230525,-0.6537581,0.546824,0.5889317,0.3906727,1.908966,1.424056,0.2454801,-3.485847,0.03019344,-0.659026,0.01691793,0.7513235,3.880102,277.4606,359.1745,0.4331661,0.06361893,-0.8990657,-0.6670403,0.007347672,-0.06884295,-0.4207099,0.5074024,-2.653958,0.5796008,0.4008,1.915001,0.1307971,-0.01437485,0.9913051,-0.06521821,0.9976043,0.02307137,-0.9892619,-0.0676688,0.1295462,static,-65.64291,16.82602,16.83914,11.82108,-57.780643616629,29.030852411939875
702,05/16/2023 12:00:50.644028,885,True,True,True,True,Eyes,1.424795,0.245848,-3.478087,-0.9039667,0.1238674,0.4092689,2.042463,-0.4215235,0.4988426,-2.642171,0.5602562,-0.6516451,0.5113429,0.5884427,0.3906282,1.908378,1.413248,0.2458706,-3.485011,0.0291943,-0.6581034,0.01862719,0.7521308,3.923995,277.6086,359.4024,0.4263816,0.06384443,-0.9022871,-0.6270179,0.006906812,-0.06471237,-0.4299254,0.5086287,-2.649862,0.5796004,0.4008,1.915001,0.1331059,-0.01040556,0.9910473,-0.0664459,0.9976014,0.01939862,-0.988872,-0.06843309,0.1320953,static,-65.64146,16.83872,16.83914,11.82108,-57.77925971784045,29.042361677147134
703,05/16/2023 12:00:50.658310,886,True,True,True,True,Eyes,1.423143,0.2459357,-3.477911,-0.9039258,0.1242248,0.409251,0.0,0.0,0.0,0.0,0.0,0.0,0.0,3.263955,-0.1006003,1.870857,1.401901,0.2465402,-3.483894,0.02722081,-0.6572886,0.01927031,0.7529008,3.802729,277.7446,359.6115,0.4207178,0.06402837,-0.9049289,-0.5893968,0.006492403,-0.06082962,-0.4390639,0.5155211,-2.645859,0.5796005,0.4008,1.915001,0.1352009,-0.006766591,0.9907952,-0.0648011,0.9977754,0.01565683,-0.988697,-0.06632143,0.1344617,static,-65.64143,16.88524,16.83914,11.82108,-57.77907857656704,29.084662864232293
704,05/16/2023 12:00:50.678373,887,True,True,True,True,Eyes,1.421095,0.246049,-3.477705,-0.903842,0.1248354,0.4092502,0.0,0.0,0.0,0.0,0.0,0.0,0.0,3.261536,-0.120345,1.864701,1.391091,0.2477433,-3.483202,0.02430482,-0.6567708,0.01817099,0.7534794,3.468209,277.838,359.7393,0.4159657,0.06418117,-0.9071122,-0.554033,0.006102859,-0.05717985,-0.4471166,0.5293248,-2.643256,0.5796002,0.4008,1.915001,0.1366437,-0.004542455,0.9906099,-0.05930833,0.9981582,0.012758,-0.9888434,-0.06049472,0.1361227,static,-65.63948,16.96351,16.83913,11.82108,-57.777015727236396,29.155783327821048
705,05/16/2023 12:00:50.689363,888,True,True,True,True,Eyes,1.418694,0.2461489,-3.477525,-0.9037358,0.1255584,0.4092637,0.0,0.0,0.0,0.0,0.0,0.0,0.0,3.260626,-0.1378655,1.854857,1.379524,0.2484026,-3.482297,0.02140107,-0.6565479,0.01642537,0.7538017,3.085862,277.8843,359.8084,0.4119524,0.06431052,-0.9089327,-0.5207911,0.005736687,-0.05374905,-0.4562036,0.5435949,-2.641602,0.5796002,0.4007999,1.915,0.1373501,-0.003338708,0.9905169,-0.05286461,0.9985445,0.01069624,-0.9891109,-0.05383241,0.1369736,static,-65.63624,17.05554,16.83913,11.82108,-57.77371357008882,29.23938127302729
706,05/16/2023 12:00:50.708574,889,True,True,True,True,Eyes,1.415944,0.2462181,-3.477324,-0.9036826,0.1261528,0.4091983,0.0,0.0,0.0,0.0,0.0,0.0,0.0,3.262461,-0.1497314,1.841996,1.368778,0.2480783,-3.481942,0.01965294,-0.6567912,0.01611273,0.7536442,2.911193,277.8543,359.9123,0.4084761,0.06442353,-0.9104922,-0.4895436,0.005392486,-0.05052411,-0.4666408,0.5502151,-2.64304,0.5796004,0.4008,1.915,0.1367314,-0.001529226,0.9906071,-0.05010228,0.9987082,0.008457246,-0.9893404,-0.05078804,0.1364782,static,-65.63841,17.13414,16.83914,11.82109,-57.775462841159474,29.310913244935023
707,05/16/2023 12:00:50.728328,890,True,True,True,True,Eyes,1.412907,0.2463123,-3.477104,-0.9037198,0.1263215,0.409064,0.0,0.0,0.0,0.0,0.0,0.0,0.0,3.266329,-0.1500857,1.825352,1.357649,0.2474286,-3.481222,0.02023301,-0.6574727,0.01784965,0.7529952,3.092152,277.7492,0.01584264,0.4052822,0.06452854,-0.9119111,-0.460171,0.005068936,-0.04749266,-0.4803955,0.544506,-2.646272,0.5796003,0.4007999,1.915001,0.1348221,0.0002760997,0.9908698,-0.0534867,0.998544,0.006999396,-0.9894252,-0.05394203,0.1346405,static,-65.64636,17.16102,16.83913,11.82108,-57.782732229879244,29.335571032148337
708,05/16/2023 12:00:50.738238,891,True,True,True,True,Eyes,1.409574,0.2464793,-3.476859,-0.9038221,0.1261878,0.4088792,0.0,0.0,0.0,0.0,0.0,0.0,0.0,3.272019,-0.1380339,1.808029,1.347746,0.2481917,-3.48082,0.02303395,-0.65839,0.02025635,0.7520517,3.515502,277.5986,0.007864073,0.402337,0.06462735,-0.9132074,-0.4325607,0.0047648,-0.0446431,-0.4945973,0.5308917,-2.650364,0.5796,0.4007999,1.915001,0.1322246,0.0001369969,0.9912199,-0.06079829,0.9981183,0.00797229,-0.9893535,-0.0613186,0.1319841,static,-65.65852,17.15121,16.83913,11.82108,-57.79401909118962,29.326979391591053
709,05/16/2023 12:00:50.758427,892,True,True,True,True,Eyes,1.405992,0.2466942,-3.476619,-0.9039189,0.1258605,0.4087662,0.0,0.0,0.0,0.0,0.0,0.0,0.0,3.276111,-0.1238152,1.792417,1.337318,0.2501817,-3.47994,0.02619822,-0.6590189,0.02227269,0.7513398,3.940689,277.4883,359.939,0.3996096,0.06472283,-0.9143974,-0.4066071,0.004478912,-0.04196452,-0.5085382,0.5178125,-2.652297,0.5796002,0.4007999,1.915,0.1303959,-0.00106152,0.9914614,-0.06799897,0.9976352,0.01001127,-0.9891273,-0.06872378,0.1300154,static,-65.66678,17.11377,16.83913,11.82108,-57.8017874573912,29.293157503286373
710,05/16/2023 12:00:50.778146,893,True,True,True,True,Eyes,1.402138,0.2469075,-3.476363,-0.9040343,0.1253552,0.408666,0.0,0.0,0.0,0.0,0.0,0.0,0.0,3.278423,-0.1153997,1.781047,1.327815,0.2515675,-3.47953,0.02811531,-0.659249,0.02339579,0.7510346,4.190823,277.4434,359.8893,0.397073,0.06481682,-0.9154951,-0.3822106,0.004210177,-0.03944664,-0.5197471,0.5102324,-2.652843,0.5796004,0.4008,1.915,0.1296869,-0.001927875,0.9915531,-0.07221207,0.9973243,0.01138383,-0.9889219,-0.07307843,0.1292007,static,-65.6748,17.053,16.83914,11.82109,-57.80941061333251,29.238114471650682
711,05/16/2023 12:00:50.788726,894,True,True,True,True,Eyes,1.398059,0.2471392,-3.47615,-0.9040675,0.1247597,0.4087749,0.0,0.0,0.0,0.0,0.0,0.0,0.0,3.278947,-0.1069836,1.771596,1.317425,0.2517882,-3.478863,0.03004069,-0.6591474,0.02497008,0.7509986,4.475853,277.4488,359.8795,0.3947023,0.06490971,-0.9165131,-0.359278,0.003957567,-0.03707984,-0.5312958,0.5007046,-2.651773,0.5796006,0.4008,1.915001,0.1298023,-0.002097491,0.9915378,-0.07710747,0.9969481,0.01220309,-0.9885373,-0.07803895,0.1292444,static,-65.66986,16.97239,16.83914,11.82108,-57.80510423440251,29.16467983036447
712,05/16/2023 12:00:50.808420,895,True,True,True,True,Eyes,1.393734,0.2473939,-3.475916,-0.9041011,0.1240324,0.408922,0.0,0.0,0.0,0.0,0.0,0.0,0.0,3.27916,-0.0981404,1.764252,1.308088,0.2524518,-3.478546,0.03225152,-0.6589275,0.0269882,0.75103,4.819113,277.4701,359.887,0.3924754,0.06500224,-0.9174624,-0.3377213,0.003720113,-0.03485505,-0.5417819,0.4898156,-2.650631,0.5796002,0.4008,1.915,0.1301725,-0.001964925,0.9914895,-0.08304071,0.9964629,0.01287719,-0.9880078,-0.08401024,0.1295489,static,-65.66291,16.87336,16.83913,11.82108,-57.798998258318456,29.07444098107252
713,05/16/2023 12:00:50.828445,896,True,True,True,True,Eyes,1.389206,0.2476639,-3.475691,-0.9040307,0.1234495,0.4092538,0.0,0.0,0.0,0.0,0.0,0.0,0.0,3.277853,-0.09239948,1.758111,1.297853,0.2532975,-3.47782,0.03380161,-0.658457,0.02833142,0.7513248,5.054428,277.5328,359.8883,0.3903726,0.06509529,-0.9183525,-0.317458,0.003496906,-0.03276375,-0.5520625,0.4826974,-2.647765,0.5796003,0.4008,1.915,0.1312633,-0.001941619,0.9913456,-0.08708602,0.9961095,0.01348194,-0.987515,-0.08810203,0.1305835,static,-65.64379,16.7857,16.83914,11.82109,-57.78159102228565,28.994212055566422
714,05/16/2023 12:00:50.838047,897,True,True,True,True,Eyes,1.384445,0.2479346,-3.475448,-0.9039326,0.1228235,0.4096589,0.0,0.0,0.0,0.0,0.0,0.0,0.0,3.275654,-0.08964677,1.75494,1.288476,0.2539259,-3.477516,0.0346068,-0.6577497,0.02896556,0.7518834,5.171934,277.6358,359.8868,0.3883769,0.06518937,-0.9191916,-0.2984106,0.003287092,-0.03079792,-0.5604029,0.4793256,-2.644062,0.5796003,0.4007999,1.915,0.1330528,-0.001967776,0.991107,-0.08908267,0.9959267,0.01393638,-0.9870973,-0.09014473,0.1323355,static,-65.62014,16.68972,16.83914,11.82109,-57.760018538899125,28.906294991858893
715,05/16/2023 12:00:50.859575,898,True,True,True,True,Eyes,1.379493,0.2482113,-3.475209,-0.9036671,0.1224521,0.410355,0.0,0.0,0.0,0.0,0.0,0.0,0.0,3.272566,-0.08553641,1.752086,1.278104,0.2542298,-3.476871,0.03542596,-0.656874,0.02922196,0.7526006,5.26219,277.764,359.8529,0.3864727,0.06528459,-0.9199871,-0.2805059,0.003089866,-0.02895005,-0.569193,0.4762265,-2.639007,0.5796005,0.4008,1.915001,0.1353253,-0.002555858,0.990798,-0.09052571,0.9957821,0.01493291,-0.9866571,-0.09171349,0.1345231,static,-65.57722,16.61539,16.83914,11.82108,-57.72053959693732,28.837543730184336
716,05/16/2023 12:00:50.878130,899,True,True,True,True,Eyes,1.374316,0.2484717,-3.474967,-0.9033613,0.122144,0.4111193,0.0,0.0,0.0,0.0,0.0,0.0,0.0,3.270077,-0.08136998,1.749868,1.268654,0.2546288,-3.476742,0.0361369,-0.6560336,0.02915789,0.7533022,5.319018,277.887,359.7995,0.3846461,0.06538114,-0.9207455,-0.2636756,0.002904474,-0.02721305,-0.5769567,0.4741582,-2.634523,0.5796006,0.4008,1.915001,0.1375395,-0.003484644,0.9904903,-0.09134343,0.9956879,0.01618689,-0.9862756,-0.09270111,0.1366281,static,-65.52975,16.54674,16.83914,11.82108,-57.676830739276745,28.773834399416195
717,05/16/2023 12:00:50.888512,900,True,True,True,True,Eyes,1.368951,0.2487148,-3.474733,-0.902919,0.1222249,0.412066,0.0,0.0,0.0,0.0,0.0,0.0,0.0,3.266724,-0.08047943,1.747936,1.257951,0.2545304,-3.476495,0.03578787,-0.6550131,0.02772413,0.7542602,5.181215,278.0435,359.7089,0.382884,0.06547865,-0.9214727,-0.247855,0.002730206,-0.02558026,-0.5846514,0.4778183,-2.628697,0.5796003,0.4007999,1.915,0.1403784,-0.005060634,0.9900849,-0.08870546,0.9959012,0.01766738,-0.9861162,-0.09030605,0.1393541,static,-65.46942,16.52115,16.83914,11.82109,-57.62107752073318,28.74893297580026
718,05/16/2023 12:00:50.908143,901,True,True,True,True,Eyes,1.363406,0.2489414,-3.474518,-0.9024457,0.1224115,0.4130463,0.0,0.0,0.0,0.0,0.0,0.0,0.0,3.264762,-0.08160412,1.744669,1.248045,0.2543337,-3.476622,0.03516119,-0.6542498,0.02636755,0.7550005,5.025285,278.1629,359.6438,0.3811758,0.06557668,-0.9221736,-0.2329837,0.002566393,-0.02404545,-0.5920589,0.4822505,-2.624637,0.5796006,0.4008,1.915001,0.1425238,-0.006193365,0.9897721,-0.08582343,0.9961368,0.01859149,-0.9860637,-0.08759537,0.1414417,static,-65.40659,16.50786,16.83914,11.82108,-57.56296990936933,28.73514868734233
719,05/16/2023 12:00:50.928581,902,True,True,True,True,Eyes,1.357644,0.2491255,-3.474314,-0.9018868,0.1228912,0.4141231,0.0,0.0,0.0,0.0,0.0,0.0,0.0,3.263295,-0.08445688,1.740639,1.238136,0.2541427,-3.47685,0.03427382,-0.6535801,0.02498427,0.755668,4.844841,278.2696,359.5951,0.3795114,0.06567483,-0.9228529,-0.2190047,0.00241241,-0.02260272,-0.5995681,0.4876827,-2.621217,0.5796005,0.4007999,1.915001,0.1444177,-0.00704175,0.9894918,-0.082561,0.9964023,0.01914082,-0.9860666,-0.08445771,0.1433167,static,-65.33664,16.52828,16.83914,11.82108,-57.49816134057674,28.75182532142285
720,05/16/2023 12:00:50.938424,903,True,True,True,True,Eyes,1.35167,0.2492711,-3.474123,-0.9013227,0.1233809,0.4152043,0.0,0.0,0.0,0.0,0.0,0.0,0.0,3.261807,-0.08966093,1.735105,1.227196,0.2527846,-3.476795,0.03313681,-0.6529686,0.02425034,0.7562712,4.691476,278.3694,359.6209,0.3778814,0.0657721,-0.9235147,-0.2058644,0.002267665,-0.02124656,-0.6084358,0.4917822,-2.618225,0.5796003,0.4008,1.915001,0.1460879,-0.00659493,0.9892496,-0.07995426,0.9966277,0.0184514,-0.9860354,-0.08179024,0.145068,static,-65.26632,16.54968,16.83913,11.82108,-57.433007092423004,28.76938309117333
721,05/16/2023 12:00:50.958532,904,True,True,True,True,Eyes,1.345522,0.2493466,-3.473966,-0.9007218,0.1240269,0.4163141,0.0,0.0,0.0,0.0,0.0,0.0,0.0,3.261108,-0.09141294,1.728627,1.216118,0.2520042,-3.476907,0.03281116,-0.652451,0.02409514,0.7567368,4.651833,278.45,359.6351,0.3762767,0.06586768,-0.9241627,-0.1935126,0.002131605,-0.01997176,-0.6181665,0.4924888,-2.615877,0.5796003,0.4007999,1.915,0.1474543,-0.006347999,0.9890485,-0.0792827,0.9966857,0.01821704,-0.9858861,-0.08110062,0.1464623,static,-65.1936,16.58967,16.83914,11.82108,-57.36557026708964,28.80378038190502
722,05/16/2023 12:00:50.978112,905,True,True,True,True,Eyes,1.339168,0.2493702,-3.473828,-0.9001145,0.1247082,0.4174227,0.0,0.0,0.0,0.0,0.0,0.0,0.0,3.260653,-0.09328832,1.722843,1.205797,0.2508125,-3.47734,0.03251487,-0.651947,0.02423979,0.7571793,4.637154,278.5285,359.673,0.3746904,0.06595995,-0.9248005,-0.1819018,0.002003709,-0.01877346,-0.6273151,0.4921783,-2.614063,0.5796005,0.4008,1.915001,0.1487551,-0.00568822,0.9888577,-0.07910367,0.9967105,0.01763306,-0.9857052,-0.08084529,0.1478158,static,-65.12077,16.63391,16.83914,11.82108,-57.29801762065799,28.84203934704606
723,05/16/2023 12:00:50.998264,906,True,True,True,True,Eyes,1.332638,0.2493546,-3.473726,-0.8994597,0.125605,0.4185638,0.0,0.0,0.0,0.0,0.0,0.0,0.0,3.260235,-0.09701155,1.716015,1.194513,0.2495769,-3.477657,0.03179564,-0.6514517,0.02398478,0.7576443,4.555768,278.608,359.7079,0.3731159,0.06604789,-0.9254305,-0.1709877,0.001883486,-0.01764705,-0.6371235,0.4940521,-2.612125,0.5796006,0.4008,1.915001,0.1500711,-0.005082778,0.9886623,-0.07777049,0.9968275,0.01692971,-0.9856118,-0.0794294,0.1491997,static,-65.04508,16.70375,16.83914,11.82108,-57.22773353869544,28.90349979030048
724,05/16/2023 12:00:51.008613,907,True,True,True,True,Eyes,1.325895,0.2492692,-3.473651,-0.8987958,0.1266402,0.4196766,0.0,0.0,0.0,0.0,0.0,0.0,0.0,3.261283,-0.1040762,1.707363,1.183736,0.2485608,-3.478344,0.03017493,-0.6512251,0.0226068,0.7579475,4.311924,278.6511,359.7109,0.3715471,0.06613098,-0.9260555,-0.1607284,0.001770477,-0.01658823,-0.6462081,0.501323,-2.611614,0.5796002,0.4008,1.915001,0.1507896,-0.005031818,0.9885532,-0.07357087,0.9971568,0.01629779,-0.9858245,-0.07518625,0.1499907,static,-64.97062,16.79154,16.83913,11.82108,-57.15852868536872,28.981315960890015
725,05/16/2023 12:00:51.028395,908,True,True,True,True,Eyes,1.318976,0.249089,-3.473609,-0.8980795,0.1277276,0.4208787,0.0,0.0,0.0,0.0,0.0,0.0,0.0,3.262999,-0.1093337,1.696523,1.171902,0.2467621,-3.478945,0.02854238,-0.651108,0.02081547,0.7581626,4.036145,278.6769,359.678,0.3699781,0.06620792,-0.9266779,-0.1510847,0.001664249,-0.01559293,-0.6563684,0.5085241,-2.611356,0.5796003,0.4008,1.915001,0.1512504,-0.005605315,0.9884796,-0.06873136,0.9975041,0.0161733,-0.9861031,-0.07038577,0.1504877,static,-64.89018,16.88191,16.83914,11.82108,-57.0837806204515,29.061316465767433
726,05/16/2023 12:00:51.048300,909,True,True,True,True,Eyes,1.311858,0.2488198,-3.473607,-0.8973592,0.128711,0.4221138,0.0,0.0,0.0,0.0,0.0,0.0,0.0,3.263606,-0.1080482,1.688831,1.160732,0.2442808,-3.479651,0.02815967,-0.650701,0.02006968,0.7585463,3.947338,278.74,359.644,0.368404,0.06627683,-0.9272999,-0.1420196,0.001564394,-0.01465736,-0.6661183,0.5087013,-2.60988,0.5796003,0.4007999,1.915,0.1523708,-0.006199505,0.9883039,-0.06709461,0.9976085,0.01660211,-0.9860433,-0.06883954,0.1515905,static,-64.80791,16.95752,16.83914,11.82108,-57.00738748794194,29.12784577611813
727,05/16/2023 12:00:51.059186,910,True,True,True,True,Eyes,1.129675,0.2404967,-3.474663,-0.8776172,0.149075,0.4555926,0.0,0.0,0.0,0.0,0.0,0.0,0.0,3.262921,-0.1012684,1.684092,1.14883,0.2418932,-3.480625,0.02894039,-0.6498758,0.02019951,0.7592207,4.025395,278.8604,359.6012,0.3668199,0.06633621,-0.9279234,-0.1334985,0.00147053,-0.01377792,-0.6764674,0.5032399,-2.606673,0.5795999,0.4007999,1.915,0.1545071,-0.006943536,0.9879673,-0.06828707,0.9975088,0.01768993,-0.9856289,-0.07019862,0.153648,static,-62.56507,18.11868,16.83913,11.82108,-54.927729967421634,30.123062648286812
728,05/16/2023 12:00:51.078371,911,True,True,True,True,Eyes,1.129189,0.2404253,-3.474705,-0.8775632,0.1490162,0.4557159,0.0,0.0,0.0,0.0,0.0,0.0,0.0,3.261225,-0.09445425,1.681808,1.137469,0.2400212,-3.481601,0.02991229,-0.6488322,0.02062822,0.7600636,4.142597,279.0127,359.5715,0.358902,0.06625152,-0.9310206,-0.6720376,-0.02358723,-0.01611768,-0.6859694,0.4971021,-2.602518,0.5796005,0.4007999,1.915001,0.1571825,-0.007458606,0.9875416,-0.07017363,0.9973595,0.01870199,-0.9850733,-0.07223899,0.156244,static,-62.55729,18.10742,16.83914,11.82108,-54.92056642110404,30.11261318237368
729,05/16/2023 12:00:51.088515,912,True,True,True,True,Eyes,1.128253,0.2402974,-3.474814,-0.8775426,0.1488754,0.4558015,0.0,0.0,0.0,0.0,0.0,0.0,0.0,3.258695,-0.08848851,1.680836,1.125298,0.2382537,-3.482681,0.03066453,-0.64754,0.02078658,0.7611307,4.220768,279.2032,359.5363,0.352393,0.06617912,-0.9335089,-0.6317154,-0.022172,-0.01515062,-0.6954857,0.4923324,-2.597247,0.5796003,0.4007999,1.915001,0.1605201,-0.008070411,0.9869996,-0.0713556,0.9972553,0.01975916,-0.98445,-0.0735997,0.1595037,static,-62.55233,18.08825,16.83913,11.82108,-54.916038965420825,30.09504719160617
730,05/16/2023 12:00:51.108375,913,True,True,True,True,Eyes,1.126864,0.2401235,-3.474984,-0.8774461,0.1486613,0.4560571,0.0,0.0,0.0,0.0,0.0,0.0,0.0,3.255302,-0.0833371,1.682203,1.113607,0.2367352,-3.483903,0.03125656,-0.6460301,0.02078997,0.7623884,4.27371,279.4271,359.501,0.3470219,0.06611609,-0.9355233,-0.5938124,-0.02084168,-0.01424158,-0.7038695,0.4886635,-2.591088,0.5796004,0.4008,1.915001,0.1644258,-0.008685302,0.9863514,-0.07208541,0.9971817,0.02079739,-0.983752,-0.07452116,0.1633363,static,-62.53661,18.05446,16.83913,11.82108,-54.9016009439103,30.063895791341764
731,05/16/2023 12:00:51.128381,914,True,True,True,True,Eyes,1.125058,0.2399198,-3.4752,-0.8773333,0.1483925,0.4563614,0.0,0.0,0.0,0.0,0.0,0.0,0.0,3.25134,-0.07505649,1.68541,1.101328,0.2354768,-3.485554,0.03234718,-0.644232,0.02080316,0.7638624,4.371424,279.6906,359.4313,0.342566,0.06605989,-0.9371681,-0.5581837,-0.01959118,-0.01338708,-0.7123092,0.4833904,-2.583853,0.5796001,0.4008,1.915,0.1690647,-0.009896679,0.9855552,-0.07345968,0.9970418,0.02261348,-0.9828635,-0.07622172,0.1678376,static,-62.51796,18.01268,16.83913,11.82109,-54.88447744467692,30.025399605192924
732,05/16/2023 12:00:51.138309,915,True,True,True,True,Eyes,1.122826,0.2396769,-3.475475,-0.8771293,0.1480678,0.456859,0.0,0.0,0.0,0.0,0.0,0.0,0.0,3.245836,-0.06943116,1.691514,1.089445,0.2345722,-3.487059,0.03325156,-0.642146,0.02122486,0.7655667,4.483471,279.9982,359.4134,0.3388433,0.06600858,-0.9385241,-0.5246927,-0.01841571,-0.01258386,-0.7197633,0.4785106,-2.575432,0.5796005,0.4008,1.915001,0.1743961,-0.01020662,0.9846227,-0.07520282,0.9968877,0.02365366,-0.9817997,-0.0781715,0.1730857,static,-62.48693,17.95749,16.83914,11.82108,-54.85594002192624,29.974374483412653
733,05/16/2023 12:00:51.158140,916,True,True,True,True,Eyes,1.120206,0.239425,-3.475816,-0.8768951,0.1477215,0.4574204,0.0,0.0,0.0,0.0,0.0,0.0,0.0,3.239456,-0.06756342,1.699183,1.076957,0.2333989,-3.488775,0.03378932,-0.6398201,0.02220829,0.7674602,4.604807,280.3439,359.474,0.3356524,0.06595932,-0.9396735,-0.4932111,-0.01731076,-0.01182883,-0.7273442,0.4738438,-2.566557,0.5796,0.4007999,1.915,0.180274,-0.009150214,0.9835739,-0.07732613,0.9967301,0.02344529,-0.9805722,-0.08028254,0.1789769,static,-62.45182,17.89758,16.83913,11.82108,-54.823641973927344,29.9189469795815
734,05/16/2023 12:00:51.178194,917,True,True,True,True,Eyes,1.117189,0.2391623,-3.476218,-0.87657,0.1472737,0.458187,0.0,0.0,0.0,0.0,0.0,0.0,0.0,3.232989,-0.06446199,1.707631,1.065048,0.2329316,-3.490529,0.03465576,-0.6374612,0.02330977,0.7693497,4.763496,280.6918,359.5218,0.3327105,0.06590846,-0.9407228,-0.4636184,-0.01627212,-0.0111191,-0.7343703,0.4684857,-2.55757,0.5796001,0.4008,1.915001,0.1861997,-0.008316699,0.9824768,-0.08005013,0.9965113,0.02360667,-0.9792455,-0.08304295,0.1848843,static,-62.40374,17.81881,16.83913,11.82108,-54.77940190466324,29.846018738341485
735,05/16/2023 12:00:51.188419,918,True,True,True,True,Eyes,1.113816,0.2389464,-3.476662,-0.8762097,0.1467855,0.4590321,0.0,0.0,0.0,0.0,0.0,0.0,0.0,3.226612,-0.05649154,1.71598,1.052435,0.2324363,-3.492443,0.03602802,-0.6349989,0.02389067,0.7713027,4.928821,281.05,359.4881,0.3299832,0.06585609,-0.9416865,-0.4358013,-0.01529579,-0.01045195,-0.7417002,0.4620456,-2.547899,0.5796001,0.4007999,1.915001,0.1924115,-0.008901637,0.981274,-0.08260937,0.9962624,0.02523593,-0.9778311,-0.08591811,0.1909569,static,-62.35069,17.7328,16.83913,11.82108,-54.730585791465565,29.7663725342765
736,05/16/2023 12:00:51.212819,919,True,True,True,True,Eyes,1.110085,0.2387773,-3.47718,-0.8757271,0.1463297,0.4600974,0.0,0.0,0.0,0.0,0.0,0.0,0.0,3.219697,-0.04773405,1.726101,1.040394,0.2333983,-3.494462,0.03767528,-0.6323853,0.02436652,0.7733536,5.111297,281.4274,359.4269,0.3274397,0.06580385,-0.9425777,-0.4096532,-0.01437804,-0.009824836,-0.7480493,0.4562014,-2.537574,0.5796006,0.4008,1.915001,0.1989904,-0.009962698,0.9799509,-0.08533845,0.9959737,0.02745456,-0.9762787,-0.08909068,0.197339,static,-62.28305,17.64278,16.83914,11.82108,-54.66827932859836,29.682685318153048
737,05/16/2023 12:00:51.228627,920,True,True,True,True,Eyes,1.106008,0.2386121,-3.477757,-0.875159,0.1460849,0.4612547,0.0,0.0,0.0,0.0,0.0,0.0,0.0,3.212246,-0.04701843,1.737465,1.028017,0.2343475,-3.496824,0.03773051,-0.6296127,0.02389649,0.7756245,5.084249,281.8374,359.3994,0.3250528,0.0657531,-0.9434069,-0.385074,-0.01351536,-0.009235346,-0.7533666,0.4577882,-2.527004,0.5796007,0.4008,1.915001,0.2060335,-0.01044182,0.9784893,-0.08458062,0.9960107,0.02843834,-0.9748828,-0.08862046,0.2043284,static,-62.20842,17.57361,16.83915,11.82108,-54.59943462706021,29.617768565911824
738,05/16/2023 12:00:51.238285,921,True,True,True,True,Eyes,1.101583,0.238507,-3.478404,-0.8744718,0.1458466,0.4626316,0.0,0.0,0.0,0.0,0.0,0.0,0.0,3.203425,-0.05052397,1.750649,1.015549,0.2342601,-3.499005,0.03722973,-0.626612,0.02398826,0.7780721,5.048413,282.2846,359.4634,0.3227979,0.06570396,-0.9441843,-0.3619696,-0.01270444,-0.008681225,-0.7582246,0.459566,-2.515761,0.5796003,0.4008,1.915001,0.2135642,-0.009328003,0.9768846,-0.08398637,0.9960771,0.02787217,-0.9733123,-0.08799748,0.2119429,static,-62.11932,17.49768,16.83913,11.82108,-54.51721970685124,29.546313391594722
739,05/16/2023 12:00:51.258327,922,True,True,True,True,Eyes,1.096833,0.2384587,-3.479117,-0.8736916,0.1459151,0.4640816,0.0,0.0,0.0,0.0,0.0,0.0,0.0,3.194851,-0.0528117,1.763716,1.002712,0.2355969,-3.501373,0.03720899,-0.6235778,0.02428919,0.7804976,5.070154,282.7322,359.5116,0.3206526,0.06565799,-0.9449183,-0.3402514,-0.01194217,-0.008160351,-0.7635254,0.4606543,-2.504598,0.5796004,0.4008,1.915001,0.2211216,-0.008490105,0.9752094,-0.08432071,0.996051,0.02779066,-0.9715943,-0.08837545,0.2195325,static,-62.02395,17.45403,16.83913,11.82108,-54.42909524950217,29.504041788062246
740,05/16/2023 12:00:51.278528,923,True,True,True,True,Eyes,1.091753,0.2384404,-3.479898,-0.8727922,0.1459678,0.4657544,0.0,0.0,0.0,0.0,0.0,0.0,0.0,3.18512,-0.05919791,1.778501,0.9901289,0.2368573,-3.503584,0.0360099,-0.6203504,0.02326798,0.7831522,4.891613,283.2129,359.5266,0.3185974,0.0656165,-0.945616,-0.3198363,-0.01122564,-0.00767073,-0.7670284,0.468118,-2.492287,0.5796003,0.4008,1.915001,0.229248,-0.00823277,0.9733333,-0.08112226,0.9963238,0.02753386,-0.9699818,-0.08527108,0.2277374,static,-61.91396,17.40103,16.83913,11.82108,-54.32747028223982,29.45287254269374
741,05/16/2023 12:00:51.288300,924,True,True,True,True,Eyes,1.086383,0.238493,-3.480748,-0.8718702,0.1459726,0.4674767,0.0,0.0,0.0,0.0,0.0,0.0,0.0,3.175959,-0.05969138,1.792554,0.9770681,0.2375619,-3.506056,0.03614255,-0.6171309,0.02353752,0.7856776,4.924573,283.6836,359.5616,0.3166147,0.06557997,-0.9462842,-0.3006462,-0.0105521,-0.007210486,-0.7719382,0.4680603,-2.480555,0.5796003,0.4007999,1.915001,0.2371908,-0.007623571,0.9714332,-0.08159517,0.9962794,0.02774132,-0.9680304,-0.08584424,0.2356863,static,-61.80082,17.34131,16.83913,11.82108,-54.222952032174256,29.395507409509094
742,05/16/2023 12:00:51.308476,925,True,True,True,True,Eyes,1.080731,0.2385509,-3.481665,-0.8708938,0.1458425,0.4693334,0.0,0.0,0.0,0.0,0.0,0.0,0.0,3.168376,-0.05856647,1.804497,0.9647059,0.2393165,-3.508606,0.0370281,-0.6142555,0.02465422,0.7878523,5.084989,284.0989,359.618,0.3146895,0.06554984,-0.9469283,-0.2826074,-0.009918978,-0.006777857,-0.7775825,0.4649478,-2.470664,0.5796002,0.4008,1.915,0.2441647,-0.00664167,0.969711,-0.08433719,0.9960422,0.02805737,-0.9660593,-0.08863332,0.2426382,static,-61.67933,17.26231,16.83914,11.82109,-54.11076912198468,29.32038457328502
743,05/16/2023 12:00:51.328386,926,True,True,True,True,Eyes,1.074831,0.2385746,-3.482641,-0.8699959,0.1454652,0.4711126,0.0,0.0,0.0,0.0,0.0,0.0,0.0,3.162385,-0.05789866,1.813405,0.9522427,0.2395291,-3.511171,0.03806769,-0.6117386,0.02681406,0.7896885,5.332168,284.4618,359.7568,0.3128084,0.06552569,-0.947553,-0.2656509,-0.009323839,-0.006371186,-0.7847306,0.4581818,-2.462878,0.5796003,0.4008,1.915001,0.2501139,-0.004225428,0.9682072,-0.08892446,0.9956637,0.02731684,-0.9641243,-0.09292962,0.2486536,static,-61.56395,17.15909,16.83913,11.82108,-54.00432108956807,29.22340303297039
744,05/16/2023 12:00:51.338257,927,True,True,True,True,Eyes,1.068685,0.2385692,-3.483657,-0.8691188,0.1447271,0.4729552,0.0,0.0,0.0,0.0,0.0,0.0,0.0,3.157346,-0.05695087,1.82042,0.9403821,0.2387667,-3.513499,0.04016203,-0.6095243,0.03174802,0.7911128,5.868619,284.7778,0.07332498,0.3109602,0.065506,-0.9481624,-0.2497119,-0.008764409,-0.005988915,-0.7935602,0.4423991,-2.457193,0.5796005,0.4008,1.915001,0.2549444,0.001273066,0.9669549,-0.09919199,0.9947581,0.02484301,-0.9618546,-0.1022478,0.2537344,static,-61.44595,17.01442,16.83914,11.82108,-53.89558481231777,29.088658933073297
745,05/16/2023 12:00:51.358360,928,True,True,True,True,Eyes,1.062328,0.2385876,-3.484683,-0.8683511,0.1432037,0.4748252,0.0,0.0,0.0,0.0,0.0,0.0,0.0,3.152591,-0.05686813,1.8263,0.9283054,0.2381295,-3.515533,0.04279351,-0.607403,0.03820501,0.79232,6.558867,285.0798,0.4934213,0.3091346,0.0654896,-0.9487604,-0.2347292,-0.008238544,-0.00562958,-0.8035153,0.4225112,-2.452235,0.5796001,0.4008,1.915001,0.2592041,0.008555361,0.9657848,-0.112527,0.9934182,0.02140064,-0.9592451,-0.1142239,0.2584608,static,-61.32961,16.78292,16.83913,11.82108,-53.788671201042824,28.875002667534872
746,05/16/2023 12:00:51.378354,929,True,True,True,True,Eyes,1.055744,0.2386782,-3.485723,-0.8675243,0.1415544,0.4768271,0.0,0.0,0.0,0.0,0.0,0.0,0.0,3.146937,-0.0562638,1.833197,0.9167926,0.2388079,-3.517023,0.04524714,-0.6051817,0.0435911,0.7936043,7.15637,285.3957,0.832876,0.3073246,0.06547689,-0.9493491,-0.2206454,-0.007744231,-0.005291805,-0.8119401,0.4062366,-2.445924,0.5795999,0.4008,1.915,0.26371,0.01442268,0.9644942,-0.1239536,0.992105,0.01905559,-0.9566048,-0.1245777,0.2634157,static,-61.20499,16.53444,16.83912,11.82108,-53.674150134126926,28.645682049541122
747,05/16/2023 12:00:51.388733,930,True,True,True,True,Eyes,1.04896,0.238878,-3.486751,-0.8665652,0.1399727,0.4790327,0.0,0.0,0.0,0.0,0.0,0.0,0.0,3.14006,-0.05398884,1.841981,0.9047207,0.2406683,-3.518429,0.04690609,-0.6026391,0.04606433,0.7953014,7.477062,285.7572,0.9671229,0.3055223,0.06546955,-0.9499311,-0.2074067,-0.007279577,-0.004974296,-0.8185219,0.3985058,-2.437075,0.5796003,0.4008,1.915001,0.2694085,0.01673516,0.9628806,-0.1298049,0.9913558,0.01908862,-0.9542378,-0.1301292,0.269252,static,-61.06641,16.28829,16.83914,11.82108,-53.54670090242408,28.418102606173733
748,05/16/2023 12:00:51.408580,931,True,True,True,True,Eyes,1.041966,0.2390973,-3.48778,-0.8654289,0.1386946,0.4814525,0.0,0.0,0.0,0.0,0.0,0.0,0.0,3.130229,-0.05681621,1.85515,0.8930231,0.243465,-3.519428,0.04631628,-0.5996242,0.04471781,0.7976878,7.326286,286.1938,0.9125887,0.3037218,0.06547014,-0.9505083,-0.1949623,-0.006842803,-0.004675839,-0.8213465,0.4058982,-2.424734,0.5796003,0.4007999,1.915,0.2769023,0.01579699,0.9607681,-0.1268864,0.9917102,0.0202641,-0.9524835,-0.1275197,0.2766113,static,-60.91209,16.07038,16.83914,11.82108,-53.4045906272433,28.21577691734042
749,05/16/2023 12:00:51.428221,932,True,True,True,True,Eyes,1.034783,0.2393386,-3.488811,-0.8641213,0.1375358,0.4841263,0.0,0.0,0.0,0.0,0.0,0.0,0.0,3.118752,-0.06113776,1.870627,0.8809063,0.2441045,-3.520513,0.04441465,-0.596239,0.04154923,0.8005,6.92987,286.6874,0.7824883,0.3019176,0.06547848,-0.9510823,-0.1832645,-0.006432235,-0.004395288,-0.8224311,0.4187437,-2.410582,0.5796002,0.4008,1.915001,0.2855453,0.01355682,0.9582694,-0.1194838,0.992602,0.0215613,-0.9508878,-0.1206544,0.2850527,static,-60.74015,15.85936,16.83913,11.82108,-53.24614969124459,28.019239956206555
750,05/16/2023 12:00:51.448132,933,True,True,True,True,Eyes,1.027398,0.2396313,-3.489846,-0.8626892,0.1364962,0.4869661,0.0,0.0,0.0,0.0,0.0,0.0,0.0,3.108202,-0.05763121,1.884749,0.8692101,0.2448311,-3.521512,0.0440724,-0.5929964,0.0392758,0.8030384,6.740021,287.1494,0.6237131,0.3001053,0.0654945,-0.9516547,-0.1722687,-0.006046301,-0.004131571,-0.8240486,0.4243503,-2.397034,0.5796003,0.4008,1.915001,0.2936255,0.0108104,0.9558595,-0.1153495,0.9930301,0.02420283,-0.9489356,-0.1173645,0.2928259,static,-60.55638,15.65814,16.83913,11.82108,-53.07672735379182,27.831294467527837
751,05/16/2023 12:00:51.458561,934,True,True,True,True,Eyes,0.8390435,0.248207,-3.515255,-0.8223607,0.1091795,0.5583929,0.0,0.0,0.0,0.0,0.0,0.0,0.0,3.098706,-0.05575114,1.897125,0.8569176,0.2463475,-3.522665,0.04384556,-0.5899127,0.03752676,0.805402,6.597951,287.5875,0.5028496,0.2982799,0.0655189,-0.9522267,-0.1619325,-0.005683523,-0.003883677,-0.8268704,0.429494,-2.384632,0.5796006,0.4008,1.915001,0.3011894,0.008718139,0.9535245,-0.1121783,0.9933386,0.02635157,-0.946943,-0.1149016,0.300161,static,-55.82302,11.06316,16.83914,11.82108,-48.710981703964435,23.524925968375765
752,05/16/2023 12:00:51.478265,935,True,True,True,True,Eyes,0.8385803,0.2482616,-3.515284,-0.8222139,0.1090657,0.5586313,0.0,0.0,0.0,0.0,0.0,0.0,0.0,3.089875,-0.05265876,1.907924,0.8457749,0.2478966,-3.523278,0.04444041,-0.5871392,0.03731081,0.8074037,6.636847,287.9781,0.4651761,0.288372,0.06597405,-0.9552425,-0.7172786,0.02038452,-0.07987904,-0.8302098,0.4293436,-2.373514,0.5796007,0.4008,1.915001,0.3077509,0.008064354,0.9514329,-0.1124352,0.9932659,0.02794942,-0.9448004,-0.115576,0.3065853,static,-55.8069,11.04731,16.83914,11.82108,-48.69611432034686,23.510077117120574
753,05/16/2023 12:00:51.488182,936,True,True,True,True,Eyes,0.8377031,0.2483248,-3.51531,-0.821992,0.1086774,0.5590334,0.0,0.0,0.0,0.0,0.0,0.0,0.0,3.080958,-0.04597082,1.918964,0.8341384,0.2492889,-3.524047,0.04584974,-0.5842435,0.03782914,0.8093989,6.801173,288.381,0.4421673,0.2803065,0.06634208,-0.9576148,-0.6742419,0.01916145,-0.0750863,-0.8341299,0.4249154,-2.36222,0.5796006,0.4008,1.915001,0.314457,0.007662894,0.9492409,-0.1148126,0.9929335,0.0300186,-0.9423031,-0.1184243,0.3131147,static,-55.78054,11.00122,16.83914,11.82108,-48.67186914835362,23.467453196830743
754,05/16/2023 12:00:51.508457,937,True,True,True,True,Eyes,0.836422,0.2484079,-3.515358,-0.8216667,0.1079483,0.5596525,0.0,0.0,0.0,0.0,0.0,0.0,0.0,3.071537,-0.03249308,1.930331,0.8231374,0.249633,-3.524443,0.04876008,-0.5812929,0.03994872,0.8112492,7.21292,288.7833,0.4694755,0.2737269,0.06664176,-0.9594955,-0.6337874,0.01801176,-0.07058112,-0.8381727,0.4115178,-2.350711,0.5796002,0.4008,1.915001,0.3210054,0.008128967,0.9470426,-0.1215045,0.9920531,0.03266933,-0.9392509,-0.125557,0.3194421,static,-55.74049,10.9174,16.83913,11.82108,-48.63507778304484,23.390150022328793
755,05/16/2023 12:00:51.528203,938,True,True,True,True,Eyes,0.8347645,0.2485163,-3.515419,-0.8213097,0.1069055,0.5603763,0.0,0.0,0.0,0.0,0.0,0.0,0.0,3.063151,-0.01331227,1.940414,0.8121037,0.2502761,-3.525072,0.05271411,-0.5784369,0.04241421,0.8129163,7.745448,289.1631,0.461137,0.2683415,0.06688794,-0.9609985,-0.5957602,0.01693106,-0.06634625,-0.8427007,0.3939399,-2.339835,0.5796001,0.4007999,1.915,0.3272237,0.007974832,0.9449131,-0.129942,0.9908445,0.03663644,-0.9359698,-0.1347722,0.3252641,static,-55.69444,10.80079,16.83913,11.82108,-48.5928413093669,23.282867664286357
756,05/16/2023 12:00:51.538213,939,True,True,True,True,Eyes,0.8327259,0.248642,-3.515497,-0.8208421,0.1056913,0.5612909,0.0,0.0,0.0,0.0,0.0,0.0,0.0,3.055281,0.005223081,1.94908,0.8013997,0.2510794,-3.525393,0.05636251,-0.575767,0.04428159,0.814466,8.210045,289.5151,0.4184458,0.2639126,0.06709244,-0.96221,-0.5600145,0.01591519,-0.06236548,-0.8469725,0.378484,-2.329382,0.5796007,0.4008,1.915001,0.3330629,0.007228339,0.942877,-0.137035,0.9897248,0.04081894,-0.9328936,-0.1428024,0.3306312,static,-55.63572,10.66395,16.83915,11.82108,-48.538944992082996,23.156846901520602
757,05/16/2023 12:00:51.558501,940,True,True,True,True,Eyes,0.8303425,0.2487758,-3.515568,-0.8203229,0.1044899,0.5622742,0.0,0.0,0.0,0.0,0.0,0.0,0.0,3.04745,0.01839606,1.957674,0.790162,0.2516717,-3.525915,0.05888474,-0.5730805,0.04540512,0.8161188,8.520046,289.8753,0.3835653,0.2602453,0.06726445,-0.9631963,-0.5264137,0.01496028,-0.05862355,-0.8511463,0.3681591,-2.319125,0.5796008,0.4008,1.915001,0.3390341,0.006620537,0.9407509,-0.1416033,0.9889419,0.0440723,-0.9300562,-0.1481555,0.3362225,static,-55.57207,10.52744,16.83915,11.82108,-48.48048469421928,23.03099288047945
758,05/16/2023 12:00:51.578299,941,True,True,True,True,Eyes,0.8276067,0.2488967,-3.515647,-0.8196894,0.1032681,0.5634226,0.0,0.0,0.0,0.0,0.0,0.0,0.0,3.039385,0.02802612,1.966005,0.7793855,0.252052,-3.526024,0.06052291,-0.5704979,0.0457296,0.8177885,8.69457,290.2252,0.3325818,0.2571645,0.06741174,-0.9640132,-0.4948289,0.01406266,-0.05510614,-0.85465,0.36208,-2.308803,0.5796003,0.4008,1.915001,0.344882,0.005737909,0.9386286,-0.1438507,0.9884916,0.0468126,-0.9275579,-0.1511671,0.3417383,static,-55.49688,10.3863,16.83913,11.82108,-48.41135897567045,22.900616553620637
759,05/16/2023 12:00:51.588374,942,True,True,True,True,Eyes,0.8245636,0.248989,-3.515697,-0.8190047,0.102202,0.5646116,0.0,0.0,0.0,0.0,0.0,0.0,0.0,3.031942,0.03523214,1.97349,0.7681404,0.2518836,-3.526342,0.06155284,-0.5679968,0.04560963,0.8194575,8.782972,290.5669,0.2798313,0.2543178,0.06754822,-0.9647586,-0.4651391,0.0132189,-0.05179977,-0.8585564,0.358371,-2.29902,0.5796005,0.4008,1.915,0.3505988,0.004826682,0.9365133,-0.1446739,0.9882621,0.04906762,-0.9252837,-0.1526921,0.3471818,static,-55.41811,10.26018,16.83914,11.82108,-48.338870317632654,22.783801527867382
760,05/16/2023 12:00:51.608329,943,True,True,True,True,Eyes,0.8212127,0.2490494,-3.515751,-0.8182197,0.1010952,0.5659473,0.0,0.0,0.0,0.0,0.0,0.0,0.0,3.024606,0.04419634,1.980344,0.757436,0.2513416,-3.52634,0.06273349,-0.5656021,0.04534544,0.8210375,8.876668,290.8908,0.2027484,0.2516745,0.06767446,-0.9654427,-0.4372308,0.01242577,-0.04869178,-0.8621509,0.353865,-2.289315,0.5796003,0.4007999,1.915,0.3560763,0.003496234,0.9344503,-0.145425,0.9880166,0.05171816,-0.9230716,-0.1543081,0.3523177,static,-55.32911,10.12792,16.83914,11.82108,-48.256933669525495,22.661126539374578
761,05/16/2023 12:00:51.628435,944,True,True,True,True,Eyes,0.8175778,0.249085,-3.515789,-0.8173846,0.1001713,0.5673165,0.0,0.0,0.0,0.0,0.0,0.0,0.0,3.017795,0.05427074,1.986655,0.7466466,0.2506627,-3.526545,0.06403217,-0.5632563,0.04499655,0.8225678,8.976582,291.2055,0.1097695,0.2492061,0.06779078,-0.9660745,-0.4109969,0.01168022,-0.04577028,-0.8659129,0.3488508,-2.280024,0.5796001,0.4007999,1.915,0.3614352,0.001892353,0.9323953,-0.1461585,0.9877504,0.05465241,-0.9208704,-0.1560308,0.3572844,static,-55.23691,10.01352,16.83913,11.82108,-48.1719764222131,22.5546056246569
762,05/16/2023 12:00:51.638488,945,True,True,True,True,Eyes,0.8136495,0.2490934,-3.515822,-0.8164558,0.09926291,0.5688118,0.0,0.0,0.0,0.0,0.0,0.0,0.0,3.011214,0.06409456,1.992169,0.7360392,0.2501381,-3.526462,0.06533561,-0.5610228,0.04467037,0.8240082,9.079009,291.5037,0.0178701,0.2468881,0.06789771,-0.966662,-0.3863371,0.01097941,-0.04302406,-0.869799,0.3439152,-2.270957,0.5796006,0.4008,1.915001,0.3665161,0.0003079789,0.9304118,-0.146927,0.9874716,0.05755196,-0.9187375,-0.1577963,0.3619695,static,-55.13569,9.898961,16.83914,11.82108,-48.07867136421891,22.447696171369067
763,05/16/2023 12:00:51.658457,946,True,True,True,True,Eyes,0.8094457,0.2490824,-3.515832,-0.8154622,0.09856717,0.570356,0.0,0.0,0.0,0.0,0.0,0.0,0.0,3.00493,0.07080112,1.997259,0.7250156,0.2495062,-3.526437,0.06596497,-0.5588381,0.04384432,0.8254855,9.085608,291.7993,359.9221,0.2446978,0.06799562,-0.9672118,-0.3631569,0.01032065,-0.04044262,-0.8739439,0.3421018,-2.262096,0.5796003,0.4007999,1.915,0.3715554,-0.00134176,0.9284098,-0.1461131,0.9874526,0.05990249,-0.916841,-0.15791,0.3666973,static,-55.03004,9.804837,16.83914,11.82108,-47.98119880800891,22.359249048152307
764,05/16/2023 12:00:51.668149,947,True,True,True,True,Eyes,0.8049775,0.249057,-3.515822,-0.8143663,0.0980006,0.5720169,0.0,0.0,0.0,0.0,0.0,0.0,0.0,2.998742,0.07637313,2.002068,0.7139967,0.2490396,-3.526293,0.06628133,-0.5567045,0.04259642,0.826966,9.035826,292.0886,359.8058,0.2426158,0.06808506,-0.9677299,-0.3413675,0.009701407,-0.03801606,-0.8780065,0.3421691,-2.253243,0.5796002,0.4008,1.915001,0.3765314,-0.003346649,0.9263979,-0.1442498,0.9875847,0.06219758,-0.9151045,-0.157052,0.3713739,static,-54.91551,9.721794,16.83913,11.82108,-47.875470958181246,22.280638034004255
765,05/16/2023 12:00:51.688161,948,True,True,True,True,Eyes,0.800254,0.2490156,-3.515784,-0.8129889,0.09735575,0.5740827,0.0,0.0,0.0,0.0,0.0,0.0,0.0,2.992104,0.07794254,2.007226,0.703125,0.2486566,-3.525833,0.06568522,-0.5545865,0.0405598,0.8285374,8.849129,292.3814,359.6726,0.2406243,0.06816664,-0.9682213,-0.3208854,0.009119323,-0.03573509,-0.8815159,0.3468166,-2.244006,0.5796004,0.4007999,1.915,0.3815776,-0.00564564,0.9243196,-0.1400669,0.9880807,0.06385747,-0.9136628,-0.1538331,0.3762386,static,-54.77262,9.624928,16.83914,11.82108,-47.743540480886374,22.18869033562914
766,05/16/2023 12:00:51.708336,949,True,True,True,True,Eyes,0.7952746,0.2489549,-3.515725,-0.8115048,0.09692031,0.576252,0.0,0.0,0.0,0.0,0.0,0.0,0.0,2.985246,0.07686137,2.012583,0.6921809,0.2481772,-3.52525,0.06445435,-0.552458,0.03798323,0.8301765,8.568127,292.6794,359.5277,0.2387076,0.06824091,-0.9686905,-0.3016323,0.008572163,-0.03359099,-0.8847173,0.3544593,-2.234553,0.5796,0.4007999,1.915,0.3866947,-0.008151087,0.9221718,-0.1342822,0.9888058,0.06504868,-0.9123791,-0.1489853,0.3812714,static,-54.62133,9.54727,16.83913,11.82108,-47.60377217276233,22.11398184753989
767,05/16/2023 12:00:51.728295,950,True,True,True,True,Eyes,0.7900545,0.2488677,-3.515628,-0.8098513,0.09639599,0.5786611,0.0,0.0,0.0,0.0,0.0,0.0,0.0,2.977909,0.07398891,2.01875,0.6810005,0.2476197,-3.524725,0.06292508,-0.5501992,0.03538461,0.8319071,8.258114,292.9977,359.3997,0.2368515,0.0683082,-0.9691412,-0.2835343,0.008057834,-0.03157553,-0.8876312,0.3631751,-2.224784,0.5796003,0.4008,1.915001,0.3920576,-0.01036923,0.9198824,-0.1281161,0.9895768,0.06575846,-0.9109761,-0.1436328,0.3866426,static,-54.45315,9.457744,16.83913,11.82108,-47.44841068973807,22.028024631974233
768,05/16/2023 12:00:51.738429,951,True,True,True,True,Eyes,0.7845924,0.2487585,-3.515505,-0.8081304,0.09597532,0.5811316,0.0,0.0,0.0,0.0,0.0,0.0,0.0,2.970809,0.07052596,2.024112,0.6698613,0.2468724,-3.523925,0.06159912,-0.5480263,0.03355049,0.833515,8.016638,293.3041,359.3296,0.2350436,0.06836868,-0.969577,-0.2665223,0.007574364,-0.029681,-0.8910493,0.3699458,-2.215408,0.5796008,0.4008,1.915001,0.3970833,-0.0115862,0.9177095,-0.1234455,0.9901598,0.0659145,-0.9094428,-0.1394607,0.3917457,static,-54.27985,9.377891,16.83915,11.82108,-47.28827857066965,21.95072488292243
769,05/16/2023 12:00:51.758495,952,True,True,True,True,Eyes,0.7789189,0.2486246,-3.515316,-0.8063467,0.09534581,0.5837073,0.0,0.0,0.0,0.0,0.0,0.0,0.0,2.964298,0.06704187,2.028713,0.6585361,0.2462157,-3.5232,0.06076644,-0.5459198,0.03287632,0.8349841,7.8959,293.6003,359.338,0.233273,0.06842256,-0.9700007,-0.250531,0.007119902,-0.02790014,-0.8953822,0.3734852,-2.206786,0.5796008,0.4008,1.915001,0.4017815,-0.0114448,0.9156641,-0.1212496,0.9904532,0.06558236,-0.907673,-0.1373737,0.3965581,static,-54.09955,9.277062,16.83915,11.82108,-47.12173685677076,21.854161720503093
770,05/16/2023 12:00:51.778493,953,True,True,True,True,Eyes,0.7730244,0.2484581,-3.515094,-0.8045282,0.09470038,0.5863158,0.0,0.0,0.0,0.0,0.0,0.0,0.0,2.95829,0.06583408,2.031975,0.6474523,0.2455389,-3.52211,0.06057746,-0.5439733,0.03291528,0.8362656,7.881676,293.8704,359.3722,0.2315307,0.06847002,-0.9704146,-0.2354991,0.006692708,-0.02622613,-0.9003521,0.3736386,-2.198593,0.5796004,0.4007999,1.915,0.4060194,-0.01085322,0.9137999,-0.1209569,0.9904939,0.06550762,-0.9058242,-0.1371277,0.400847,static,-53.91657,9.175044,16.83914,11.82108,-46.95271862643936,21.756444882193442
771,05/16/2023 12:00:51.798449,954,True,True,True,True,Eyes,0.7669134,0.2483063,-3.514843,-0.8026552,0.09377922,0.5890247,0.0,0.0,0.0,0.0,0.0,0.0,0.0,2.952808,0.06723671,2.034403,0.6362649,0.2434987,-3.521117,0.06074538,-0.542088,0.03334443,0.8374597,7.926049,294.1299,359.421,0.2298082,0.06851096,-0.9708212,-0.2213691,0.006291145,-0.02465256,-0.9058204,0.3705793,-2.190843,0.5796005,0.4008,1.915001,0.4100574,-0.01000946,0.9120049,-0.1217079,0.9903963,0.06559239,-0.9039028,-0.1378948,0.4049011,static,-53.7271,9.046194,16.83914,11.82108,-46.77778213172272,21.634153391683782
772,05/16/2023 12:00:51.808460,955,True,True,True,True,Eyes,0.7606105,0.2480983,-3.514544,-0.8007507,0.09283001,0.5917609,0.0,0.0,0.0,0.0,0.0,0.0,0.0,2.946963,0.07006542,2.036897,0.6251223,0.2437148,-3.519698,0.06183651,-0.5401621,0.03465947,0.8385701,8.114512,294.3894,359.498,0.2280977,0.06854655,-0.971222,-0.208087,0.005913677,-0.0231734,-0.9116118,0.3651528,-2.182723,0.5795999,0.4007999,1.915,0.4140472,-0.0086747,0.910214,-0.1249323,0.9899499,0.06626503,-0.9016412,-0.1411519,0.4088023,static,-53.53532,8.915379,16.83913,11.82108,-46.60071412735215,21.51001259278855
773,05/16/2023 12:00:51.828218,956,True,True,True,True,Eyes,0.7541081,0.2478897,-3.514208,-0.7987674,0.09175494,0.594602,0.0,0.0,0.0,0.0,0.0,0.0,0.0,2.940888,0.07224086,2.039722,0.6141077,0.2432554,-3.518268,0.06265958,-0.5382026,0.03581467,0.8397195,8.266875,294.6553,359.5774,0.2263932,0.06857593,-0.9716187,-0.1956018,0.005558856,-0.021783,-0.9170285,0.3603032,-2.174495,0.5796003,0.4008,1.915,0.4181105,-0.007298545,0.9083668,-0.1275957,0.9895822,0.06668185,-0.8993903,-0.1437841,0.4128234,static,-53.33603,8.772302,16.83914,11.82109,-46.41673577495654,21.374518482462644
774,05/16/2023 12:00:51.838484,957,True,True,True,True,Eyes,0.7474198,0.2476753,-3.513808,-0.7967173,0.0907196,0.5975044,0.0,0.0,0.0,0.0,0.0,0.0,0.0,2.933809,0.07221797,2.043404,0.6030504,0.2430184,-3.516422,0.06291152,-0.5361207,0.03632304,0.8410099,8.323699,294.9404,359.6317,0.2246886,0.06859984,-0.9720125,-0.1838657,0.005225325,-0.02047602,-0.9217154,0.3586757,-2.165305,0.5796004,0.4008,1.915001,0.4225105,-0.006360264,0.9063357,-0.1285524,0.9894456,0.06687135,-0.8971952,-0.1447655,0.4172336,static,-53.13165,8.63333,16.83914,11.82108,-46.2280329101441,21.242619504557382
775,05/16/2023 12:00:51.858544,958,True,True,True,True,Eyes,0.7405568,0.2474492,-3.51336,-0.7945212,0.08966403,0.6005802,0.0,0.0,0.0,0.0,0.0,0.0,0.0,2.925082,0.07260799,2.049302,0.5918438,0.2426649,-3.51452,0.06299721,-0.53369,0.03637583,0.8425457,8.336287,295.2725,359.6557,0.2229793,0.06861887,-0.9724047,-0.1728337,0.004911806,-0.01924746,-0.9251919,0.3581347,-2.154713,0.5796005,0.4008,1.915001,0.4277035,-0.005945371,0.9038996,-0.1285385,0.9894163,0.06732921,-0.8947333,-0.1449829,0.4224126,static,-52.91429,8.491296,16.83914,11.82108,-46.02732668312378,21.10758510287082
776,05/16/2023 12:00:51.878258,959,True,True,True,True,Eyes,0.7335287,0.2472138,-3.512844,-0.7922451,0.08861554,0.6037343,0.0,0.0,0.0,0.0,0.0,0.0,0.0,2.915447,0.07546042,2.056562,0.5808504,0.2421493,-3.512684,0.06334765,-0.531055,0.03627032,0.8441873,8.36494,295.6287,359.65,0.2212608,0.0686333,-0.9727961,-0.1624637,0.004617097,-0.01809261,-0.9277295,0.356585,-2.143416,0.5796004,0.4008,1.915001,0.43333,-0.006044282,0.9012151,-0.1285201,0.9893431,0.06843148,-0.8920246,-0.1454776,0.4279352,static,-52.69061,8.350195,16.83914,11.82108,-45.82076799238097,20.97322817448415
777,05/16/2023 12:00:51.888577,960,True,True,True,True,Eyes,0.7263461,0.246971,-3.512262,-0.7898523,0.0876361,0.6070036,0.0,0.0,0.0,0.0,0.0,0.0,0.0,2.905083,0.08043079,2.064236,0.5697963,0.2417009,-3.51055,0.06395194,-0.5282971,0.03598391,0.8458827,8.407473,295.9977,359.6122,0.2195302,0.0686435,-0.9731875,-0.1527159,0.004340072,-0.01700705,-0.9298434,0.3543079,-2.131346,0.5796005,0.4007999,1.915,0.4392146,-0.006694929,0.8983572,-0.1284476,0.9892306,0.07017127,-0.8891523,-0.1462121,0.4336246,static,-52.45763,8.215308,16.83914,11.82108,-45.60558132926062,20.844270290189048
778,05/16/2023 12:00:51.908527,961,True,True,True,True,Eyes,0.7190065,0.2467211,-3.511603,-0.7873614,0.08677456,0.6103541,0.0,0.0,0.0,0.0,0.0,0.0,0.0,2.893838,0.08102053,2.073317,0.5588412,0.2412839,-3.508417,0.06369299,-0.5253955,0.03524091,0.8477386,8.338489,296.3916,359.5844,0.2177845,0.06864984,-0.9735792,-0.1435529,0.004079667,-0.01598663,-0.9310352,0.3559611,-2.118841,0.5796,0.4007999,1.915,0.4454353,-0.007177869,0.8952853,-0.1266782,0.9894026,0.0709592,-0.8863069,-0.1450209,0.4398055,static,-52.21754,8.091562,16.83913,11.82108,-45.38377737345965,20.72525094619749
779,05/16/2023 12:00:51.928439,962,True,True,True,True,Eyes,0.7115167,0.2465371,-3.510863,-0.7847317,0.0860225,0.6138374,0.0,0.0,0.0,0.0,0.0,0.0,0.0,2.881666,0.0773817,2.083149,0.5476633,0.2408413,-3.505932,0.06288347,-0.5223658,0.03473429,0.84969,8.230219,296.8081,359.6139,0.216021,0.0686527,-0.9739718,-0.1349398,0.003834887,-0.01502743,-0.932007,0.3595046,-2.105826,0.5796,0.4007999,1.915,0.4518549,-0.006669588,0.8920664,-0.1247231,0.9896784,0.07057491,-0.8833296,-0.1431509,0.4463592,static,-51.96657,7.977416,16.83913,11.82108,-45.15187193481829,20.614666902534434
780,05/16/2023 12:00:51.948351,963,True,True,True,True,Eyes,0.7038778,0.2464358,-3.510044,-0.7819813,0.08550875,0.6174087,0.0,0.0,0.0,0.0,0.0,0.0,0.0,2.869232,0.07257903,2.093253,0.5364966,0.2422409,-3.503278,0.06212813,-0.5192987,0.0341171,0.8516484,8.120565,297.2275,359.6288,0.2142376,0.06865443,-0.9743655,-0.1268434,0.003604794,-0.01412578,-0.9327462,0.3647894,-2.092565,0.5796005,0.4008,1.915001,0.4583297,-0.006414566,0.8887592,-0.1226377,0.9899523,0.07038871,-0.8802806,-0.1412566,0.4529379,static,-51.70735,7.885087,16.83914,11.82108,-44.91225889394771,20.523698566173863
781,05/16/2023 12:00:51.958631,964,True,True,True,True,Eyes,0.6960917,0.2462702,-3.50915,-0.7791025,0.08527219,0.6210701,0.0,0.0,0.0,0.0,0.0,0.0,0.0,2.855998,0.06306775,2.104484,0.5252016,0.2440814,-3.500592,0.06007622,-0.5160927,0.03195472,0.8538255,7.791722,297.6692,359.5696,0.2124325,0.06865761,-0.9747604,-0.1192328,0.003388507,-0.01327824,-0.9322103,0.377235,-2.078613,0.5796005,0.4007999,1.915001,0.4652544,-0.007442271,0.8851456,-0.1165773,0.9907395,0.06960601,-0.8774668,-0.1355724,0.4600783,static,-51.43952,7.817763,16.83914,11.82108,-44.664594547130164,20.455235142313413
782,05/16/2023 12:00:51.978581,965,True,True,True,True,Eyes,0.6881649,0.2460423,-3.508172,-0.7761227,0.08508386,0.6248154,0.0,0.0,0.0,0.0,0.0,0.0,0.0,2.841311,0.04882056,2.117046,0.5138903,0.2423033,-3.497788,0.05658077,-0.5126573,0.02939945,0.8562224,7.298298,298.1502,359.5571,0.2106042,0.0686605,-0.9751569,-0.1120788,0.003185196,-0.01248154,-0.9304025,0.3921274,-2.06413,0.5796006,0.4008,1.915001,0.4726362,-0.007668167,0.8812243,-0.108358,0.9918686,0.06674775,-0.8745705,-0.1270351,0.4679621,static,-51.1643,7.754521,16.83914,11.82108,-44.410077030880146,20.390283730425175
783,05/16/2023 12:00:51.998435,966,True,True,True,True,Eyes,0.6801211,0.2458762,-3.507101,-0.7731053,0.08478677,0.6285852,0.0,0.0,0.0,0.0,0.0,0.0,0.0,2.826987,0.04737867,2.128383,0.5025073,0.2405689,-3.494814,0.05613754,-0.509213,0.02948042,0.8583016,7.261005,298.6163,359.6208,0.2087513,0.06866156,-0.9755552,-0.1053541,0.002994084,-0.01173265,-0.9302709,0.3923045,-2.049848,0.5796004,0.4008,1.915001,0.4796661,-0.006565738,0.8774266,-0.1077781,0.991959,0.06634226,-0.8708068,-0.1263895,0.4751014,static,-50.88663,7.681981,16.83914,11.82108,-44.15332260663782,20.316811112039744
784,05/16/2023 12:00:52.008408,967,True,True,True,True,Eyes,0.6719595,0.2457515,-3.505941,-0.7699751,0.08465704,0.6324329,0.0,0.0,0.0,0.0,0.0,0.0,0.0,2.813423,0.0452565,2.138814,0.4914365,0.2413687,-3.491726,0.05587252,-0.5059483,0.02929478,0.8602537,7.225362,299.0548,359.6457,0.2068728,0.06866289,-0.9759551,0.0,0.0,0.0,-0.930271,0.3945682,-2.03602,0.5796003,0.4007999,1.915,0.4863162,-0.006135335,0.8737613,-0.1069391,0.9920402,0.06648578,-0.8672141,-0.1257724,0.4817891,static,-50.60141,7.624252,16.83914,11.82109,-43.889531553974464,20.25660237218959
785,05/16/2023 12:00:52.028404,968,True,True,True,True,Eyes,0.6636841,0.2455881,-3.504702,-0.7667863,0.08436269,0.6363345,0.0,0.0,0.0,0.0,0.0,0.0,0.0,2.798331,0.03616545,2.150992,0.4804356,0.2427613,-3.488407,0.05424195,-0.5024574,0.02818714,0.8624383,7.000982,299.529,359.66,0.2049683,0.06866578,-0.9763567,0.0,0.0,0.0,-0.9287058,0.4037401,-2.021365,0.5796003,0.4008,1.915001,0.4934841,-0.005889188,0.8697349,-0.1031279,0.9925267,0.065235,-0.8636193,-0.1218864,0.4891888,static,-50.31167,7.552006,16.83913,11.82108,-43.62160494066043,20.183070651002147
1088,05/16/2023 12:00:57.078694,1271,True,True,True,True,Eyes,1.076158,0.2145776,-1.628912,0.9151118,-0.3620317,0.1774921,2.168138,3.060246,-0.5703569,-1.244084,-0.654856,-0.0371514,-0.7548399,-0.5567269,-0.4144234,1.893396,1.237058,0.2073489,-1.6153,0.07241681,0.7365763,-0.0625677,0.6695495,10.90289,95.58571,1.336119,0.5174006,0.1126099,-0.8483012,0.193371,0.002440774,0.01295183,3.086079,-0.5615929,-1.223315,-0.5796001,-0.4008,1.915,-0.09291858,0.02289667,-0.9954104,0.1904653,0.9816822,0.004801517,0.9772866,-0.189145,-0.09557751,static,79.02339,-63.88282,-16.83914,-11.82109,75.84713303395164,-48.272709035890884
1089,05/16/2023 12:00:57.088548,1272,True,True,True,True,Eyes,1.084047,0.2141292,-1.628078,0.9150578,-0.3621387,0.1775524,0.0,0.0,0.0,0.0,0.0,0.0,0.0,-1.497572,-0.4334266,-1.334551,1.251088,0.2060001,-1.613676,0.07186036,0.7358177,-0.06276885,0.6704243,10.87848,95.44488,1.259679,0.520484,0.1122807,-0.8464566,0.1817688,0.002294327,0.01217472,3.099661,-0.5614266,-1.216643,-0.5796,-0.4007999,1.915,-0.09073496,0.0215887,-0.9956412,0.1899158,0.9817923,0.003980986,0.9775988,-0.1887267,-0.093183,static,79.01912,-63.88182,-16.83913,-11.82109,75.84318429211936,-48.27168422004424
1090,05/16/2023 12:00:57.108262,1273,True,True,True,True,Eyes,1.092187,0.2137499,-1.627206,0.9150206,-0.3621961,0.1776273,0.0,0.0,0.0,0.0,0.0,0.0,0.0,-1.495863,-0.439013,-1.344959,1.264816,0.2064603,-1.61148,0.07245278,0.7353321,-0.06350324,0.6708238,10.98769,95.37317,1.246482,0.52356,0.1119416,-0.8446025,0.1708626,0.002156668,0.01144423,3.111465,-0.5642716,-1.211904,-0.5796005,-0.4007999,1.915,-0.0894919,0.02135473,-0.9957587,0.1917527,0.9814358,0.003814153,0.9773547,-0.1905981,-0.09192538,static,79.01416,-63.87585,-16.83915,-11.82109,75.83861331639004,-48.26612137587503
1091,05/16/2023 12:00:57.128190,1274,True,True,True,True,Eyes,1.100575,0.2134152,-1.626275,0.915011,-0.3623569,0.1773481,0.0,0.0,0.0,0.0,0.0,0.0,0.0,-1.493293,-0.441724,-1.358279,1.278958,0.2077287,-1.609683,0.07195599,0.7352393,-0.06316293,0.6710113,10.92047,95.34752,1.228044,0.5266373,0.1115966,-0.8427328,0.1606109,0.002027268,0.01075758,3.126374,-0.5607092,-1.209236,-0.5795997,-0.4008,1.915,-0.08913261,0.02104366,-0.9957976,0.1905758,0.9816656,0.003686835,0.9776177,-0.1894463,-0.09150888,static,79.0309,-63.92152,-16.83913,-11.82109,75.85395621659947,-48.308103195031094
1092,05/16/2023 12:00:57.138864,1275,True,True,True,True,Eyes,1.316463,0.2070822,-1.602328,0.9162675,-0.3632302,0.1688716,0.0,0.0,0.0,0.0,0.0,0.0,0.0,-1.488389,-0.4412294,-1.374966,1.293268,0.2084632,-1.607643,0.07044213,0.7356926,-0.06202258,0.6707813,10.70554,95.39655,1.191976,0.5297242,0.111248,-0.8408422,0.1509742,0.001905632,0.01011212,3.143974,-0.5528563,-1.208794,-0.5796005,-0.4008,1.915,-0.0901809,0.02044033,-0.9957158,0.1868547,0.9823822,0.003243439,0.9782398,-0.1857616,-0.09241146,static,79.55736,-65.06551,-16.83915,-11.82109,76.33744220533639,-49.36260546120887
1093,05/16/2023 12:00:57.158528,1276,True,True,True,True,Eyes,1.317031,0.2071395,-1.602235,0.9163324,-0.3632386,0.1685019,0.0,0.0,0.0,0.0,0.0,0.0,0.0,-1.482198,-0.4430346,-1.393097,1.307837,0.2101339,-1.606024,0.06905598,0.7364994,-0.06120854,0.6701144,10.52771,95.50983,1.14731,0.546518,0.1095494,-0.8302509,0.7895809,-0.01720782,0.08134533,3.161784,-0.5451416,-1.210749,-0.5796001,-0.4007999,1.915,-0.09235583,0.01968592,-0.9955314,0.1837529,0.9829696,0.002390714,0.9786243,-0.1827109,-0.09440023,static,79.58044,-65.11399,-16.83913,-11.82108,76.35864373941806,-49.407313967509744
1094,05/16/2023 12:00:57.178575,1277,True,True,True,True,Eyes,1.318143,0.2072067,-1.602069,0.9163963,-0.3632684,0.1680886,0.0,0.0,0.0,0.0,0.0,0.0,0.0,-1.475021,-0.4422496,-1.411923,1.322007,0.2115576,-1.603851,0.06709477,0.73744,-0.05981481,0.6694049,10.25601,95.63598,1.099147,0.5600429,0.1081253,-0.8213772,0.7422061,-0.01617535,0.07646461,3.180483,-0.5346659,-1.212672,-0.5795999,-0.4007999,1.915,-0.09479099,0.01887606,-0.9953182,0.1790374,0.9838409,0.001607453,0.9792653,-0.1780468,-0.09663882,static,79.60614,-65.16946,-16.83913,-11.82108,76.38224713202956,-49.458449546137196
1095,05/16/2023 12:00:57.188362,1278,True,True,True,True,Eyes,1.319751,0.2073246,-1.60176,0.9162334,-0.3638058,0.1678142,0.0,0.0,0.0,0.0,0.0,0.0,0.0,-1.469125,-0.4470958,-1.427679,1.336192,0.2118654,-1.601935,0.06714866,0.7379931,-0.06024686,0.6687508,10.29609,95.73307,1.079144,0.5709638,0.1069377,-0.8139805,0.6976737,-0.01520483,0.07187673,3.194858,-0.5354282,-1.213714,-0.5795998,-0.4007998,1.915,-0.09652692,0.01853021,-0.9951579,0.1796908,0.9837227,0.0008879252,0.978976,-0.178735,-0.09828538,static,79.62094,-65.23735,-16.83913,-11.82108,76.3957212336159,-49.52058419276396
1096,05/16/2023 12:00:57.208389,1279,True,True,True,True,Eyes,1.32182,0.2075108,-1.60141,0.9159645,-0.3646084,0.16754,0.0,0.0,0.0,0.0,0.0,0.0,0.0,-1.465022,-0.4587272,-1.438694,1.349598,0.2132524,-1.599897,0.06943952,0.7380386,-0.06226072,0.6682821,10.64434,95.78407,1.12423,0.5798141,0.1059531,-0.8078299,0.6558133,-0.01429254,0.06756413,3.20394,-0.5454746,-1.213184,-0.5795999,-0.4007999,1.915,-0.09715454,0.01928263,-0.9950825,0.1857135,0.9826035,0.0009087403,0.9777892,-0.184712,-0.09904549,static,79.63456,-65.32091,-16.83913,-11.82109,76.40805153912869,-49.596936115011374
1097,05/16/2023 12:00:57.228477,1280,True,True,True,True,Eyes,1.324303,0.2077198,-1.600926,0.9149842,-0.3663141,0.169168,0.0,0.0,0.0,0.0,0.0,0.0,0.0,-1.461802,-0.4745653,-1.448026,1.362782,0.2151416,-1.59856,0.0721268,0.7379348,-0.06518105,0.6678336,11.10083,95.81962,1.132195,0.5870193,0.1051419,-0.8027161,0.6164646,-0.01343499,0.06351028,3.211273,-0.5580273,-1.212434,-0.5795999,-0.4008,1.915,-0.09759241,0.01938953,-0.9950377,0.1935099,0.9810983,0.0001386636,0.9762325,-0.1925361,-0.09949978,static,79.52509,-65.21197,-16.83913,-11.82109,76.30709228327704,-49.49491305322305
1098,05/16/2023 12:00:57.238658,1281,True,True,True,True,Eyes,1.327192,0.2079345,-1.600429,0.9139708,-0.3681734,0.1706036,0.0,0.0,0.0,0.0,0.0,0.0,0.0,-1.455968,-0.4911716,-1.459127,1.375414,0.2161091,-1.597398,0.07416416,0.7383632,-0.0684013,0.6668138,11.53213,95.93785,1.070079,0.5929229,0.1044763,-0.7984525,0.5794767,-0.01262889,0.05969967,3.219026,-0.5699788,-1.214048,-0.5795997,-0.4008001,1.914999,-0.09971812,0.01829832,-0.9948475,0.200742,0.9796419,-0.002102649,0.9745557,-0.1999174,-0.1013613,static,79.42674,-65.13802,-16.83913,-11.8211,76.21630962687598,-49.42500817509482
1099,05/16/2023 12:00:57.265597,1282,True,True,True,True,Eyes,1.330462,0.2081798,-1.600046,0.9129874,-0.3700274,0.1718542,0.0,0.0,0.0,0.0,0.0,0.0,0.0,-1.446979,-0.5072252,-1.473624,1.388051,0.2165001,-1.596569,0.07584686,0.7395297,-0.07148392,0.6650061,11.92354,96.17907,1.001855,0.5977996,0.1039312,-0.7948794,0.5447081,-0.01187116,0.05611769,3.228074,-0.5811588,-1.219931,-0.5796001,-0.4007999,1.915,-0.1040286,0.01710753,-0.9944273,0.2072565,0.9782746,-0.004851738,0.97274,-0.2066062,-0.1053141,static,79.33979,-65.08813,-16.83913,-11.82108,76.13599875592816,-49.37729008440067
1100,05/16/2023 12:00:57.278557,1283,True,True,True,True,Eyes,1.334127,0.2085404,-1.599659,0.9121348,-0.3716663,0.1728419,0.0,0.0,0.0,0.0,0.0,0.0,0.0,-1.4363,-0.5172569,-1.491702,1.400702,0.2175742,-1.595739,0.0769758,0.7412541,-0.07283742,0.6628062,12.12365,96.50514,1.029301,0.6018673,0.1034856,-0.7918624,0.5120256,-0.01115889,0.05275062,3.23998,-0.5865951,-1.22945,-0.5796002,-0.4007998,1.915,-0.1095257,0.01756306,-0.993829,0.2106714,0.9775389,-0.005941992,0.9714021,-0.2100221,-0.1107656,static,79.27015,-65.05941,-16.83913,-11.82108,76.07163911656434,-49.34929066155124
1101,05/16/2023 12:00:57.288379,1284,True,True,True,True,Eyes,1.33817,0.2090105,-1.599284,0.9115937,-0.372596,0.1736926,0.0,0.0,0.0,0.0,0.0,0.0,0.0,-1.426741,-0.5158141,-1.513475,1.413814,0.2206747,-1.595209,0.07590944,0.7431249,-0.0708682,0.6610454,11.86972,96.80714,1.119864,0.6054673,0.1031082,-0.7891625,0.481304,-0.01048935,0.04958559,3.258257,-0.5764565,-1.239665,-0.5796005,-0.4008,1.915,-0.1145137,0.01912619,-0.9932376,0.2065146,0.9784309,-0.004968672,0.9717194,-0.205687,-0.1159936,static,79.21232,-65.00654,-16.83915,-11.82109,76.01828967949946,-49.299650350046804
1102,05/16/2023 12:00:57.308427,1285,True,True,True,True,Eyes,1.34257,0.2094537,-1.598917,0.9112833,-0.3730557,0.1743334,0.0,0.0,0.0,0.0,0.0,0.0,0.0,-1.416902,-0.5014837,-1.539553,1.42681,0.2235938,-1.594848,0.07111056,0.7452598,-0.0658485,0.6596932,11.06782,97.07853,1.115865,0.608822,0.1027788,-0.7866204,0.4524258,-0.009859992,0.04661045,3.283825,-0.5483783,-1.249369,-0.5796001,-0.4008,1.915,-0.1194963,0.01911206,-0.9926507,0.1928713,0.9812145,-0.004326165,0.9739207,-0.1919708,-0.1209377,static,79.16986,-64.95275,-16.83913,-11.82109,75.97916876427753,-49.24958915311759
1103,05/16/2023 12:00:57.328491,1286,True,True,True,True,Eyes,1.347303,0.2098728,-1.598631,0.9110056,-0.3734217,0.1750001,0.0,0.0,0.0,0.0,0.0,0.0,0.0,-1.406699,-0.4880998,-1.564674,1.439731,0.2231788,-1.594557,0.06663115,0.747261,-0.06196574,0.6582718,10.3891,97.34086,1.048637,0.6119673,0.1024901,-0.7842138,0.4252803,-0.009268393,0.04381382,3.307435,-0.5267534,-1.258274,-0.5796,-0.4007998,1.915001,-0.1244773,0.01800113,-0.9920593,0.1811623,0.9834411,-0.00488635,0.9755439,-0.180332,-0.1256773,static,79.12619,-64.89036,-16.83913,-11.82108,75.93895630444084,-49.191674998614374
1104,05/16/2023 12:00:57.343445,1287,True,True,True,True,Eyes,1.352334,0.2103325,-1.59836,0.9107167,-0.3738748,0.1755362,0.0,0.0,0.0,0.0,0.0,0.0,0.0,-1.397627,-0.4902168,-1.583862,1.452586,0.2230108,-1.594537,0.06524692,0.7487176,-0.061816,0.6567676,10.26898,97.57253,0.9611382,0.6149316,0.102236,-0.7819248,0.3997635,-0.008712289,0.041185,3.323426,-0.5222664,-1.265413,-0.5796002,-0.4007999,1.915001,-0.1287985,0.01650555,-0.9915335,0.1789005,0.9838433,-0.006861322,0.9754004,-0.1782696,-0.1296704,static,79.09031,-64.84969,-16.83913,-11.82108,75.90588215994235,-49.15372216483447
1105,05/16/2023 12:00:57.358672,1288,True,True,True,True,Eyes,1.357659,0.2108385,-1.598059,0.91034,-0.3745267,0.1760991,0.0,0.0,0.0,0.0,0.0,0.0,0.0,-1.391114,-0.5001543,-1.597979,1.464743,0.2245857,-1.594671,0.06599609,0.7496059,-0.06317906,0.6555487,10.44235,97.74478,0.9385179,0.6177415,0.1020138,-0.7797359,0.3757777,-0.008189552,0.03871389,3.334384,-0.5259458,-1.270713,-0.5796,-0.4008,1.915,-0.1318011,0.0161082,-0.9911454,0.181776,0.9833058,-0.008191497,0.974467,-0.1812461,-0.1325288,static,79.05174,-64.81751,-16.83913,-11.82109,75.87029033224763,-49.12341678288008
1106,05/16/2023 12:00:57.378684,1289,True,True,True,True,Eyes,1.363246,0.2113212,-1.597787,0.9098915,-0.3753798,0.1765997,0.0,0.0,0.0,0.0,0.0,0.0,0.0,-1.386004,-0.5095601,-1.61111,1.477046,0.2262293,-1.594832,0.06694459,0.750227,-0.06440157,0.6546223,10.61907,97.87373,0.9403194,0.620421,0.101822,-0.7776306,0.353231,-0.007698178,0.03639106,3.345104,-0.5298957,-1.274776,-0.5796,-0.4008,1.915,-0.1339763,0.01612989,-0.9908534,0.1847647,0.9827417,-0.008984731,0.973608,-0.1842784,-0.1346443,static,79.01611,-64.80508,-16.83913,-11.82109,75.83735446523127,-49.111150169694376
1107,05/16/2023 12:00:57.398629,1290,True,True,True,True,Eyes,1.369076,0.2117666,-1.597579,0.9091932,-0.3767392,0.1772997,0.0,0.0,0.0,0.0,0.0,0.0,0.0,-1.382109,-0.5234247,-1.621303,1.488916,0.2262042,-1.595238,0.06893544,0.7505091,-0.06706084,0.6538247,10.99965,97.96557,0.9211636,0.6229896,0.1016556,-0.7755961,0.3320372,-0.007236287,0.0342076,3.352526,-0.5417159,-1.277345,-0.5795997,-0.4008,1.915,-0.1355222,0.01578128,-0.9906486,0.1911654,0.9815015,-0.01051615,0.9721571,-0.1908029,-0.1360321,static,78.96536,-64.79755,-16.83913,-11.82109,75.79040833842363,-49.10293033400682
1108,05/16/2023 12:00:57.408477,1291,True,True,True,True,Eyes,1.375129,0.2122011,-1.597416,0.9083639,-0.3784535,0.1778986,0.0,0.0,0.0,0.0,0.0,0.0,0.0,-1.377691,-0.5447586,-1.62942,1.500702,0.2258981,-1.595828,0.0722907,0.7507403,-0.07146395,0.6527296,11.63489,98.08038,0.8921171,0.6254636,0.1015091,-0.7736217,0.3121149,-0.00680211,0.03215514,3.356494,-0.561664,-1.280259,-0.5796,-0.4008,1.915,-0.1374363,0.01524982,-0.9903932,0.2018363,0.9793339,-0.0129292,0.9697285,-0.2016743,-0.137674,static,78.91916,-64.82333,-16.83913,-11.82109,75.7475635783301,-49.125123316342226
1109,05/16/2023 12:00:57.428312,1292,True,True,True,True,Eyes,1.381397,0.2126344,-1.597303,0.9074346,-0.3803843,0.1785218,0.0,0.0,0.0,0.0,0.0,0.0,0.0,-1.372351,-0.5675595,-1.637613,1.512135,0.2261599,-1.59673,0.07604335,0.7511892,-0.07600496,0.6512723,12.31218,98.24663,0.8941333,0.6278569,0.1013794,-0.7716978,0.293388,-0.006393983,0.03022583,3.359492,-0.5825616,-1.285208,-0.5796002,-0.4008,1.915,-0.1401239,0.01524603,-0.9900168,0.2132457,0.9768813,-0.01513836,0.966898,-0.213238,-0.1401356,static,78.8702,-64.85842,-16.83914,-11.82109,75.7021336440009,-49.155707507296796
1110,05/16/2023 12:00:57.438670,1293,True,True,True,True,Eyes,1.387869,0.2130658,-1.59724,0.9064739,-0.3824455,0.1789987,0.0,0.0,0.0,0.0,0.0,0.0,0.0,-1.365864,-0.5864427,-1.648029,1.523626,0.2266627,-1.597713,0.07900529,0.7519485,-0.0795109,0.6496226,12.83966,98.45387,0.9115841,0.6301812,0.1012638,-0.7698161,0.2757848,-0.006010344,0.02841228,3.364601,-0.5986146,-1.291888,-0.5796,-0.4008,1.915,-0.1434973,0.01551167,-0.9895291,0.22212,0.9748724,-0.01692898,0.964402,-0.2222235,-0.1433369,static,78.82968,-64.91866,-16.83913,-11.82109,75.6644323148049,-49.20938959835282
1111,05/16/2023 12:00:57.458327,1294,True,True,True,True,Eyes,1.39454,0.213469,-1.597232,0.9055845,-0.3845367,0.1790205,0.0,0.0,0.0,0.0,0.0,0.0,0.0,-1.358774,-0.6006326,-1.660432,1.53499,0.2270989,-1.598841,0.08084091,0.7529281,-0.08191967,0.6479608,13.18658,98.67616,0.9164883,0.6324475,0.1011601,-0.767969,0.2592377,-0.005649724,0.02670754,3.372149,-0.6089642,-1.299435,-0.5795999,-0.4008,1.914999,-0.1472231,0.01557333,-0.9889806,0.2278962,0.9735079,-0.01859577,0.9624908,-0.2281227,-0.146872,static,78.81767,-65.03574,-16.83913,-11.82109,75.6529306175834,-49.315529048511934
1112,05/16/2023 12:00:57.478428,1295,True,True,True,True,Eyes,1.401399,0.2138387,-1.597287,0.9047145,-0.3866405,0.178888,0.0,0.0,0.0,0.0,0.0,0.0,0.0,-1.35148,-0.6104923,-1.674618,1.546402,0.2268559,-1.600227,0.08218031,0.754075,-0.08344577,0.6462616,13.41889,98.91662,0.9474908,0.6346649,0.1010648,-0.7661501,0.2436834,-0.00531074,0.02510509,3.381332,-0.6166828,-1.308213,-0.5796,-0.4008,1.914999,-0.1511846,0.01608464,-0.9883748,0.2317958,0.9725664,-0.01962876,0.9609443,-0.2320687,-0.1507654,static,78.81525,-65.17131,-16.83914,-11.82109,75.6502438497595,-49.43874136865348
1113,05/16/2023 12:00:57.489099,1296,True,True,True,True,Eyes,1.408435,0.2141825,-1.597451,0.9040319,-0.3884548,0.1784071,0.0,0.0,0.0,0.0,0.0,0.0,0.0,-1.343765,-0.6180608,-1.689953,1.557796,0.2264446,-1.601761,0.08304683,0.7553557,-0.08446514,0.6445205,13.57118,99.1702,0.9773418,0.6368407,0.1009748,-0.7643543,0.2290624,-0.004992096,0.02359879,3.391678,-0.6220791,-1.317714,-0.5796,-0.4007999,1.915,-0.1553933,0.01658079,-0.9877137,0.2343388,0.9719377,-0.02055166,0.9596554,-0.2346532,-0.1549181,static,78.83636,-65.33192,-16.83913,-11.82108,75.6692523882779,-49.58535968730566
1114,05/16/2023 12:00:57.508670,1297,True,True,True,True,Eyes,1.415647,0.2144869,-1.597686,0.903421,-0.3901628,0.1777735,0.0,0.0,0.0,0.0,0.0,0.0,0.0,-1.335864,-0.6221356,-1.706772,1.569167,0.226184,-1.6035,0.08303045,0.7567632,-0.08466683,0.6428428,13.58552,99.42468,0.991143,0.6389807,0.1008873,-0.7625778,0.2153187,-0.00469257,0.02218286,3.404036,-0.6229156,-1.327658,-0.5796002,-0.4008,1.915,-0.1597181,0.01681386,-0.9870195,0.2345238,0.9718749,-0.02139444,0.9588997,-0.2348966,-0.1591693,static,78.86768,-65.50413,-16.83914,-11.82109,75.69767240467162,-49.742802365687865
1115,05/16/2023 12:00:57.528664,1298,True,True,True,True,Eyes,1.423026,0.2147482,-1.598,0.9029959,-0.3915824,0.1768091,0.0,0.0,0.0,0.0,0.0,0.0,0.0,-1.327694,-0.623311,-1.724847,1.580592,0.2255359,-1.605381,0.0826448,0.7582856,-0.08429646,0.6411451,13.52185,99.69016,1.016241,0.6410903,0.1007996,-0.7608168,0.2023996,-0.004411016,0.02085189,3.41756,-0.6218457,-1.338369,-0.5795998,-0.4008,1.915,-0.1642058,0.0172442,-0.9862754,0.2334292,0.9721279,-0.02186697,0.9584088,-0.2338162,-0.1636543,static,78.92149,-65.69965,-16.83912,-11.82109,75.74683087371045,-49.92204977503908
1116,05/16/2023 12:00:57.538416,1299,True,True,True,True,Eyes,1.430562,0.2149506,-1.598396,0.9026292,-0.3929162,0.1757199,0.0,0.0,0.0,0.0,0.0,0.0,0.0,-1.319564,-0.6252772,-1.742645,1.591946,0.2247417,-1.607554,0.08211738,0.7597815,-0.0841598,0.6394575,13.4683,99.94914,1.010422,0.6431741,0.1007089,-0.7590681,0.1902556,-0.004146355,0.01960078,3.430902,-0.6209325,-1.348947,-0.5795999,-0.4008002,1.914999,-0.1687017,0.01714931,-0.9855179,0.2324157,0.9723477,-0.02286499,0.9578739,-0.2329073,-0.1680225,static,78.9837,-65.90486,-16.83913,-11.8211,75.80373189764715,-50.11033577186181
1117,05/16/2023 12:00:57.558430,1300,True,True,True,True,Eyes,1.438248,0.2150977,-1.598905,0.9024062,-0.3940108,0.174409,0.0,0.0,0.0,0.0,0.0,0.0,0.0,-1.310679,-0.6284202,-1.760478,1.603239,0.2235222,-1.609887,0.08142941,0.7613447,-0.08439559,0.6376527,13.4358,100.2188,0.9638724,0.6452358,0.100612,-0.7573292,0.1788402,-0.003897573,0.01842473,3.444029,-0.6206973,-1.359715,-0.5795997,-0.4008,1.915,-0.1735366,0.01636156,-0.9846914,0.2316218,0.9724933,-0.02466089,0.9572023,-0.2323556,-0.1725529,static,79.06126,-66.12342,-16.83913,-11.82109,75.87479588489902,-50.31117647127532
1118,05/16/2023 12:00:57.578502,1301,True,True,True,True,Eyes,1.44608,0.2152037,-1.599501,0.9022325,-0.395042,0.1729694,0.0,0.0,0.0,0.0,0.0,0.0,0.0,-1.300969,-0.6340426,-1.778165,1.614568,0.2223416,-1.612494,0.08100487,0.7630002,-0.085153,0.635624,13.46909,100.5143,0.9051607,0.647278,0.1005062,-0.7555986,0.1681098,-0.003663719,0.01731925,3.456353,-0.6223336,-1.37134,-0.5796,-0.4008,1.915,-0.1788407,0.01536287,-0.9837581,0.231864,0.9723744,-0.02696626,0.9561669,-0.2329208,-0.1774622,static,79.14736,-66.35377,-16.83913,-11.82109,75.95372507844787,-50.522969136109175
1119,05/16/2023 12:00:57.588682,1302,True,True,True,True,Eyes,1.454056,0.2152639,-1.600191,0.9022007,-0.3958247,0.1713381,0.0,0.0,0.0,0.0,0.0,0.0,0.0,-1.291007,-0.6383532,-1.796435,1.62592,0.2214553,-1.615151,0.08032907,0.7647147,-0.08556278,0.6335912,13.45336,100.8146,0.8503706,0.6493031,0.1003897,-0.7538747,0.1580232,-0.003443896,0.01628009,3.46937,-0.6222016,-1.383335,-0.5796,-0.4007998,1.915001,-0.1842192,0.014434,-0.9827794,0.2312813,0.9724525,-0.02907066,0.9552867,-0.2326538,-0.1824827,static,79.24693,-66.59397,-16.83913,-11.82108,76.04508876700041,-50.74408300448554
1120,05/16/2023 12:00:57.608200,1303,True,True,True,True,Eyes,1.46218,0.215275,-1.600979,0.9022381,-0.3964921,0.1695892,0.0,0.0,0.0,0.0,0.0,0.0,0.0,-1.281217,-0.6408671,-1.81527,1.637285,0.22039,-1.618073,0.07923921,0.7664384,-0.08564696,0.6316313,13.3787,101.1069,0.7815098,0.6513131,0.1002609,-0.7521559,0.1485418,-0.003237262,0.01530328,3.483222,-0.6202922,-1.395426,-0.5796,-0.4008,1.915,-0.1895262,0.01326934,-0.981786,0.2296585,0.9727715,-0.03118628,0.9546396,-0.2313862,-0.1874131,static,79.35461,-66.84244,-16.83913,-11.82109,76.14393128670697,-50.972936369395384
1121,05/16/2023 12:00:57.628524,1304,True,True,True,True,Eyes,1.470442,0.2152407,-1.601858,0.9023711,-0.397007,0.1676655,0.0,0.0,0.0,0.0,0.0,0.0,0.0,-1.271075,-0.6422474,-1.834974,1.648932,0.2192006,-1.621178,0.07785267,0.768225,-0.08552226,0.6296471,13.26411,101.4046,0.7016458,0.6533096,0.1001181,-0.7504416,0.1396293,-0.003043026,0.01438509,3.497937,-0.6171638,-1.407935,-0.5796001,-0.4008,1.915,-0.1949673,0.01191905,-0.9807374,0.2273144,0.9732498,-0.03336127,0.9541048,-0.2294401,-0.1924611,static,79.47417,-67.10452,-16.83913,-11.82109,76.25372430252622,-51.214487012777944
1122,05/16/2023 12:00:57.638994,1305,True,True,True,True,Eyes,1.478843,0.2151751,-1.60284,0.9025672,-0.3974076,0.1656493,0.0,0.0,0.0,0.0,0.0,0.0,0.0,-1.261369,-0.6433941,-1.85438,1.660448,0.2180544,-1.624531,0.07654931,0.7699597,-0.08535579,0.6277074,13.15242,101.6957,0.6309376,0.6552942,0.09995996,-0.7487304,0.1312516,-0.002860445,0.01352198,3.512366,-0.6141664,-1.420553,-0.5795997,-0.4008001,1.914999,-0.2002473,0.01072287,-0.9796866,0.2250367,0.9737092,-0.03533991,0.9535509,-0.2275422,-0.1973957,static,79.60017,-67.37242,-16.83913,-11.8211,76.36945858193039,-51.4615041290647
1123,05/16/2023 12:00:57.658571,1306,True,True,True,True,Eyes,1.487387,0.215077,-1.603888,0.9028455,-0.3976524,0.1635319,0.0,0.0,0.0,0.0,0.0,0.0,0.0,-1.252108,-0.6441455,-1.873703,1.672147,0.2172153,-1.627943,0.07510841,0.7716048,-0.08506654,0.6258982,13.02028,101.9678,0.5540954,0.6572678,0.09978597,-0.7470216,0.1233765,-0.002688818,0.01271066,3.52717,-0.6101645,-1.432662,-0.5795997,-0.4007999,1.915,-0.2052204,0.009422006,-0.9786705,0.222394,0.9742448,-0.03725504,0.9531137,-0.2252959,-0.2020303,static,79.73336,-67.64542,-16.83912,-11.82109,76.49183065075518,-51.71335328569284
1124,05/16/2023 12:00:57.678704,1307,True,True,True,True,Eyes,1.49607,0.214935,-1.605044,0.903203,-0.3977348,0.1613424,0.0,0.0,0.0,0.0,0.0,0.0,0.0,-1.243313,-0.6428918,-1.893473,1.683894,0.2162678,-1.631597,0.07326677,0.7732132,-0.0844214,0.6242166,12.82772,102.2242,0.4646502,0.6592326,0.0995957,-0.7453138,0.1159739,-0.002527489,0.01194802,3.542809,-0.6042677,-1.44463,-0.5795998,-0.4008,1.915,-0.2099714,0.007907198,-0.9776756,0.2186961,0.97501,-0.03908284,0.9529344,-0.2220201,-0.2064535,static,79.87188,-67.9199,-16.83913,-11.82109,76.61913094704633,-51.966692405020225
1125,05/16/2023 12:00:57.688221,1308,True,True,True,True,Eyes,1.504872,0.2147525,-1.606368,0.9036039,-0.3977027,0.1591625,0.0,0.0,0.0,0.0,0.0,0.0,0.0,-1.235126,-0.6396226,-1.913607,1.695871,0.2150375,-1.635336,0.07133778,0.7747482,-0.0834271,0.6226686,12.59802,102.4651,0.3899952,0.6611885,0.09938821,-0.7436069,0.1090155,-0.00237584,0.01123114,3.559028,-0.5976339,-1.456412,-0.5796003,-0.4007999,1.915,-0.2143898,0.006642793,-0.9767258,0.2144325,0.9759016,-0.0404304,0.9529197,-0.2181096,-0.2106477,static,80.01028,-68.18848,-16.83914,-11.82109,76.7463396311569,-52.214663236025984
1126,05/16/2023 12:00:57.708385,1309,True,True,True,True,Eyes,1.513804,0.2145533,-1.607801,0.9040579,-0.397561,0.156922,0.0,0.0,0.0,0.0,0.0,0.0,0.0,-1.227632,-0.638778,-1.932471,1.707751,0.2138853,-1.63933,0.07004748,0.7761505,-0.08291324,0.6211355,12.45802,102.6977,0.3364614,0.6631342,0.09916267,-0.7419024,0.1024745,-0.002233289,0.01055727,3.573747,-0.5939062,-1.468066,-0.5795996,-0.4008,1.915,-0.2185684,0.005734074,-0.9758049,0.2117355,0.9764374,-0.04168835,0.9525734,-0.2157242,-0.2146324,static,80.15298,-68.46028,-16.83912,-11.82109,76.87751750389987,-52.46567840527818
1127,05/16/2023 12:00:57.728663,1310,True,True,True,True,Eyes,1.522853,0.2142874,-1.609348,0.9044747,-0.3974867,0.1546925,0.0,0.0,0.0,0.0,0.0,0.0,0.0,-1.220396,-0.6372191,-1.951517,1.719802,0.2133215,-1.643352,0.0686743,0.7775205,-0.08214284,0.6196762,12.28925,102.9225,0.2924618,0.6650699,0.09891959,-0.7402003,0.0,0.0,0.0,3.588929,-0.5887821,-1.479657,-0.5796005,-0.4007998,1.915001,-0.2225709,0.004987434,-0.9749039,0.2085953,0.9770728,-0.0426238,0.9523395,-0.2128471,-0.2185083,static,80.29459,-68.73518,-16.83914,-11.82108,77.00767632176414,-52.719483015146935
1128,05/16/2023 12:00:57.738450,1311,True,True,True,True,Eyes,1.532026,0.2139682,-1.610995,0.904847,-0.3975093,0.1524407,0.0,0.0,0.0,0.0,0.0,0.0,0.0,-1.214611,-0.6360357,-1.969065,1.731717,0.2114348,-1.647269,0.06843165,0.7786494,-0.08163762,0.6183506,12.22573,103.1268,0.3287247,0.6669957,0.0986572,-0.7385005,0.0,0.0,0.0,3.602146,-0.5890462,-1.490672,-0.5795997,-0.4008,1.915,-0.2259193,0.005607195,-0.9741297,0.2075298,0.9773049,-0.04250468,0.9517835,-0.2117637,-0.2219557,static,80.43711,-69.01871,-16.83912,-11.82109,77.13864892452797,-52.981159748658584
1129,05/16/2023 12:00:57.758592,1312,True,True,True,True,Eyes,1.541311,0.2136562,-1.612763,0.9051445,-0.3976997,0.1501611,0.0,0.0,0.0,0.0,0.0,0.0,0.0,-1.211047,-0.639568,-1.983935,1.74383,0.2097971,-1.651279,0.06968153,0.7793869,-0.08192991,0.6172423,12.34109,103.2919,0.4385102,0.6689113,0.09837471,-0.7368037,0.0,0.0,0.0,3.612723,-0.5953582,-1.500402,-0.5795999,-0.4008,1.915,-0.2283129,0.00747653,-0.9735592,0.209759,0.9768639,-0.04168941,0.9507232,-0.213731,-0.2245989,static,80.58057,-69.31477,-16.83913,-11.82109,77.27045022007654,-53.25425580141629
1130,05/16/2023 12:00:57.778838,1313,True,True,True,True,Eyes,1.550719,0.213407,-1.614644,0.9054518,-0.3978786,0.1478166,0.0,0.0,0.0,0.0,0.0,0.0,0.0,-1.207486,-0.6459785,-1.998259,1.755871,0.2096737,-1.655689,0.07117053,0.780149,-0.08247355,0.6160359,12.49595,103.4686,0.5536464,0.6708164,0.09807391,-0.7351098,0.0,0.0,0.0,3.622664,-0.601431,-1.510805,-0.5795997,-0.4008,1.914999,-0.2308691,0.00943392,-0.972939,0.2126606,0.9762657,-0.04099613,0.9494603,-0.2163706,-0.2273957,static,80.72815,-69.61938,-16.83913,-11.82109,77.4060365349068,-53.5352380492383
1131,05/16/2023 12:00:57.788398,1314,True,True,True,True,Eyes,1.560228,0.2132025,-1.616644,0.9057699,-0.3980564,0.1453682,0.0,0.0,0.0,0.0,0.0,0.0,0.0,-1.201478,-0.648503,-2.01578,1.768202,0.2109284,-1.660254,0.07130632,0.7813575,-0.08201535,0.6145481,12.46299,103.697,0.6235708,0.6727104,0.097759,-0.7334189,0.0,0.0,0.0,3.635747,-0.5998371,-1.523369,-0.5796001,-0.4007999,1.915,-0.2344922,0.01062669,-0.9720601,0.2122362,0.9763778,-0.0405243,0.9486672,-0.2158089,-0.2312083,static,80.88228,-69.93806,-16.83913,-11.82108,77.54763872225537,-53.829191711652
1132,05/16/2023 12:00:57.808384,1315,True,True,True,True,Eyes,1.569839,0.2129312,-1.618741,0.9061524,-0.3981195,0.1427884,0.0,0.0,0.0,0.0,0.0,0.0,0.0,-1.193288,-0.6436451,-2.036375,1.780225,0.2117683,-1.664629,0.07033447,0.7829866,-0.08021388,0.6128219,12.2289,103.9757,0.6934606,0.6745927,0.09743287,-0.7317315,0.0,0.0,0.0,3.651349,-0.5923952,-1.538072,-0.5796,-0.4008,1.915,-0.2390047,0.01182826,-0.9709464,0.2084556,0.9772376,-0.03940777,0.9483792,-0.2118178,-0.2360301,static,81.04516,-70.26926,-16.83913,-11.82109,77.69729807167472,-54.134766829532964
1133,05/16/2023 12:00:57.828378,1316,True,True,True,True,Eyes,1.579545,0.2126671,-1.620902,0.9064277,-0.3984666,0.1400475,0.0,0.0,0.0,0.0,0.0,0.0,0.0,-1.184008,-0.6356762,-2.058105,1.792269,0.2098671,-1.668976,0.06970438,0.7847658,-0.07828165,0.610865,12.00666,104.2901,0.8062956,0.6764628,0.09709349,-0.7300482,0.0,0.0,0.0,3.666643,-0.5884724,-1.554177,-0.5795998,-0.4008001,1.915,-0.2439707,0.0137642,-0.969685,0.2050423,0.9780266,-0.0377056,0.9478586,-0.2080255,-0.2414322,static,81.21697,-70.63515,-16.83913,-11.82109,77.85510808575285,-54.47212810147643
1134,05/16/2023 12:00:57.838414,1317,True,True,True,True,Eyes,1.589337,0.2125648,-1.623162,0.9067184,-0.3987992,0.1371894,0.0,0.0,0.0,0.0,0.0,0.0,0.0,-1.175687,-0.6448188,-2.07399,1.804094,0.2097934,-1.673528,0.07222263,0.7861747,-0.07915125,0.6086446,12.26124,104.6154,1.009086,0.6783209,0.09674226,-0.7283686,0.0,0.0,0.0,3.674857,-0.5984649,-1.569767,-0.5795996,-0.4008001,1.915,-0.2486713,0.01720924,-0.9684351,0.2099092,0.977038,-0.03653759,0.9455691,-0.2123692,-0.2465737,static,81.39622,-71.01647,-16.83912,-11.82109,78.01975321552352,-54.823721546811896
1135,05/16/2023 12:00:57.858536,1318,True,True,True,True,Eyes,1.599212,0.212555,-1.625506,0.907061,-0.3990158,0.134264,0.0,0.0,0.0,0.0,0.0,0.0,0.0,-1.167819,-0.6458097,-2.092462,1.815931,0.2135738,-1.678108,0.07300819,0.7877329,-0.07775189,0.6067138,12.18598,104.9223,1.212024,0.6801662,0.09638715,-0.726693,0.0,0.0,0.0,3.687459,-0.5943199,-1.585941,-0.5796,-0.4008,1.915,-0.2531368,0.02067561,-0.9672097,0.2093682,0.9772489,-0.03390529,0.9445036,-0.2110856,-0.2517064,static,81.58016,-71.40253,-16.83913,-11.82109,78.18872348157518,-55.17975205886384
1136,05/16/2023 12:00:57.878790,1319,True,True,True,True,Eyes,1.609151,0.212566,-1.627937,0.90743,-0.3991678,0.1312857,0.0,0.0,0.0,0.0,0.0,0.0,0.0,-1.15917,-0.6380492,-2.113712,1.827714,0.2157355,-1.6827,0.07152654,0.7894257,-0.07522017,0.6050068,11.84762,105.2008,1.282919,0.6819981,0.09603225,-0.7250212,0.0,0.0,0.0,3.703967,-0.5822961,-1.601331,-0.5796005,-0.4007999,1.915001,-0.2577018,0.02191236,-0.9659762,0.2039472,0.9784518,-0.03221336,0.9444553,-0.2053095,-0.2566178,static,81.76765,-71.79404,-16.83914,-11.82108,78.36096143199399,-55.54083442894951
1137,05/16/2023 12:00:57.888558,1320,True,True,True,True,Eyes,1.619131,0.2126493,-1.630484,0.9076954,-0.3995195,0.1283485,0.0,0.0,0.0,0.0,0.0,0.0,0.0,-1.150612,-0.6373253,-2.132159,1.839192,0.2164952,-1.687214,0.07072189,0.7908853,-0.07439197,0.603295,11.71264,105.4592,1.293577,0.6838152,0.09567831,-0.7233545,0.0,0.0,0.0,3.717559,-0.5774228,-1.614877,-0.5796002,-0.4007998,1.915001,-0.2620677,0.02210521,-0.9647966,0.2016264,0.9789285,-0.03233873,0.943752,-0.2030034,-0.2610025,static,81.95171,-72.19001,-16.83913,-11.82108,78.5300100893637,-55.90587963976698
1138,05/16/2023 12:00:57.908280,1321,True,True,True,True,Eyes,1.629156,0.2128047,-1.63311,0.9079925,-0.3998024,0.1253294,0.0,0.0,0.0,0.0,0.0,0.0,0.0,-1.14066,-0.6495366,-2.147117,1.850361,0.2180882,-1.69166,0.07122552,0.792281,-0.07587821,0.6012157,11.88087,105.7463,1.266126,0.6856161,0.09532802,-0.7216941,0.0,0.0,0.0,3.726924,-0.580818,-1.627923,-0.5796002,-0.4007999,1.915,-0.2669335,0.02162291,-0.9634725,0.2040996,0.9783388,-0.03458996,0.9418546,-0.2058775,-0.2655646,static,82.14117,-72.59492,-16.83914,-11.82108,78.70402716630119,-56.27920030299258
1139,05/16/2023 12:00:57.928363,1322,True,True,True,True,Eyes,1.639214,0.2129674,-1.635821,0.9083139,-0.4000151,0.1222853,0.0,0.0,0.0,0.0,0.0,0.0,0.0,-1.130151,-0.6515871,-2.165294,1.861482,0.2199602,-1.696116,0.07054815,0.7939318,-0.07538392,0.5991766,11.78507,106.0476,1.269273,0.6873993,0.09498402,-0.7200413,0.0,0.0,0.0,3.739623,-0.5759845,-1.642639,-0.5796001,-0.4008,1.915,-0.2720207,0.02168426,-0.962047,0.2023574,0.9786804,-0.03515779,0.9407743,-0.204241,-0.2706093,static,82.33244,-73.00151,-16.83914,-11.82109,78.87971392451993,-56.65409759274044
1140,05/16/2023 12:00:57.938778,1323,True,True,True,True,Eyes,1.649307,0.2131145,-1.638597,0.9086773,-0.4001304,0.1191686,0.0,0.0,0.0,0.0,0.0,0.0,0.0,-1.118738,-0.6473203,-2.18526,1.872401,0.2202803,-1.700455,0.06893344,0.7957271,-0.07408025,0.5971422,11.54991,106.3538,1.241716,0.6891643,0.09464578,-0.7183968,0.0,0.0,0.0,3.75403,-0.5680413,-1.657757,-0.5796,-0.4007998,1.915001,-0.2773392,0.02123154,-0.9605377,0.1981773,0.9795206,-0.0355692,0.9401112,-0.2002214,-0.275867,static,82.52857,-73.41518,-16.83913,-11.82108,79.05987544522579,-57.035564377563716
1141,05/16/2023 12:00:57.958534,1324,True,True,True,True,Eyes,1.65942,0.2132891,-1.641484,0.9091293,-0.4000275,0.1160255,0.0,0.0,0.0,0.0,0.0,0.0,0.0,-1.106682,-0.6474772,-2.204016,1.883375,0.2200319,-1.704742,0.06756648,0.7974543,-0.07378041,0.5950276,11.42476,106.6591,1.1668,0.6909103,0.094312,-0.7167619,0.0,0.0,0.0,3.767146,-0.5636384,-1.672088,-0.5795997,-0.4008,1.914999,-0.2827538,0.01995962,-0.9589847,0.1955651,0.9799825,-0.03726516,0.9390444,-0.1980809,-0.2809972,static,82.72707,-73.82552,-16.83913,-11.82109,79.24224146521976,-57.414067194955834
1142,05/16/2023 12:00:57.978584,1325,True,True,True,True,Eyes,1.669569,0.2134762,-1.644425,0.9097021,-0.3996417,0.1128215,0.0,0.0,0.0,0.0,0.0,0.0,0.0,-1.093924,-0.6444408,-2.22393,1.894283,0.2208751,-1.709019,0.06532754,0.7992975,-0.07278749,0.5929232,11.17616,106.9671,1.058182,0.692636,0.09398317,-0.7151378,0.0,0.0,0.0,3.781867,-0.5539349,-1.686792,-0.5796,-0.4008,1.914999,-0.2883489,0.01811749,-0.9573539,0.190747,0.9808686,-0.03888927,0.9383338,-0.1938261,-0.2862881,static,82.93026,-74.23527,-16.83914,-11.82109,79.4289501943618,-57.79216035396075
1143,05/16/2023 12:00:57.988541,1326,True,True,True,True,Eyes,1.679733,0.2136552,-1.647473,0.9103165,-0.3991245,0.1096519,0.0,0.0,0.0,0.0,0.0,0.0,0.0,-1.080827,-0.6360996,-2.245284,1.905269,0.2213031,-1.713209,0.06163975,0.8011597,-0.07111287,0.591005,10.76635,107.2494,0.8579801,0.6943411,0.0936593,-0.7135249,0.0,0.0,0.0,3.798972,-0.5386539,-1.700655,-0.5796,-0.4007999,1.915,-0.2938275,0.01471044,-0.9557454,0.1828227,0.982287,-0.04108671,0.9382119,-0.1868043,-0.2913123,static,83.13155,-74.63808,-16.83913,-11.82108,79.61392328605979,-58.16389138024688
1144,05/16/2023 12:00:58.008426,1327,True,True,True,True,Eyes,1.689929,0.2138271,-1.650558,0.9109906,-0.398451,0.1064563,0.0,0.0,0.0,0.0,0.0,0.0,0.0,-1.0675,-0.6318039,-2.265239,1.916232,0.2213077,-1.7173,0.05804164,0.8028948,-0.07038815,0.5890982,10.45207,107.5184,0.5984599,0.6960247,0.09333933,-0.7119247,0.0,0.0,0.0,3.814928,-0.5261796,-1.713262,-0.5796,-0.4007999,1.915,-0.299189,0.01027161,-0.9541386,0.1761337,0.9833534,-0.04464408,0.9377968,-0.181413,-0.2960176,static,83.33477,-75.04137,-16.83913,-11.82109,79.80068107972924,-58.53611108343391
1145,05/16/2023 12:00:58.028351,1328,True,True,True,True,Eyes,1.700149,0.2139799,-1.653666,0.9115658,-0.3979727,0.103274,0.0,0.0,0.0,0.0,0.0,0.0,0.0,-1.053999,-0.6317326,-2.283798,1.927198,0.2212877,-1.721242,0.05498628,0.8045293,-0.07046148,0.5871494,10.2502,107.7856,0.3338246,0.6976868,0.09302266,-0.7103375,0.0,0.0,0.0,3.829412,-0.5172003,-1.725222,-0.5795997,-0.4008,1.914999,-0.3044644,0.005733345,-0.9525065,0.1712189,0.9840234,-0.04880634,0.9370087,-0.177947,-0.3005818,static,83.53635,-75.45261,-16.83913,-11.82109,79.985894783389,-58.9155155989652
1146,05/16/2023 12:00:58.039348,1329,True,True,True,True,Eyes,1.710389,0.2141396,-1.656804,0.9120811,-0.3976016,0.1001052,0.0,0.0,0.0,0.0,0.0,0.0,0.0,-1.040798,-0.6381743,-2.299928,1.937947,0.2210024,-1.725027,0.05302038,0.8059904,-0.07171988,0.5851705,10.23367,108.0467,0.08914429,0.6993288,0.09270816,-0.7087623,0.0,0.0,0.0,3.841276,-0.514533,-1.736239,-0.5795997,-0.4008001,1.914999,-0.3095284,0.001531121,-0.9508888,0.1694045,0.9840901,-0.05355914,0.9356783,-0.177663,-0.3048632,static,83.73659,-75.86821,-16.83913,-11.8211,80.16985389397884,-59.29884854850749
1147,05/16/2023 12:00:58.065879,1330,True,True,True,True,Eyes,1.720646,0.2143358,-1.659929,0.9124044,-0.3976623,0.09686562,0.0,0.0,0.0,0.0,0.0,0.0,0.0,-1.028484,-0.6538932,-2.313059,1.948726,0.2213599,-1.728891,0.0525425,0.8072087,-0.07441776,0.5831944,10.45285,108.2945,359.8849,0.7009503,0.09239604,-0.7071995,0.0,0.0,0.0,3.850109,-0.5190747,-1.746211,-0.5796,-0.4007999,1.915,-0.3142474,-0.00197452,-0.9493392,0.1716255,0.9834026,-0.05885633,0.9336989,-0.1814263,-0.3086928,static,83.93988,-76.31007,-16.83913,-11.82109,80.35654931091375,-59.706142975545305
1148,05/16/2023 12:00:58.078575,1331,True,True,True,True,Eyes,1.730907,0.2145269,-1.663067,0.9126457,-0.397882,0.09363591,0.0,0.0,0.0,0.0,0.0,0.0,0.0,-1.015505,-0.6728932,-2.324902,1.95914,0.2224648,-1.732479,0.05253278,0.8084257,-0.07752936,0.5811,10.74318,108.5542,359.6987,0.7025529,0.09208768,-0.7056477,0.0,0.0,0.0,3.857593,-0.5252795,-1.756097,-0.5795997,-0.4008,1.915,-0.3191261,-0.005166939,-0.9476983,0.1750423,0.982459,-0.06429987,0.9314069,-0.1864071,-0.3126239,static,84.14205,-76.75722,-16.83912,-11.82109,80.54219068651804,-60.118217462958896
1149,05/16/2023 12:00:58.088561,1332,True,True,True,True,Eyes,1.741157,0.2146826,-1.666205,0.9126738,-0.3985708,0.09037669,0.0,0.0,0.0,0.0,0.0,0.0,0.0,-1.001519,-0.692865,-2.336464,1.969553,0.2225809,-1.735938,0.0527088,0.8096802,-0.08097329,0.5788639,11.07813,108.8283,359.5101,0.7041368,0.09178265,-0.7041069,0.0,0.0,0.0,3.864474,-0.5338354,-1.766102,-0.5796003,-0.4008,1.915,-0.3242772,-0.008390491,-0.9459252,0.1790996,0.9813302,-0.0701025,0.9288531,-0.1921474,-0.3167202,static,84.34478,-77.22411,-16.83914,-11.82109,80.72828528004278,-60.54825725629088
1150,05/16/2023 12:00:58.108391,1333,True,True,True,True,Eyes,1.751398,0.2148252,-1.669338,0.9125024,-0.3996869,0.08711955,0.0,0.0,0.0,0.0,0.0,0.0,0.0,-0.9870449,-0.7228734,-2.344194,1.979572,0.2219944,-1.738983,0.05456559,0.8107571,-0.08619107,0.5764258,11.69291,109.1112,359.363,0.7057023,0.09147943,-0.7025775,0.0,0.0,0.0,3.867173,-0.5522594,-1.774952,-0.5795998,-0.4007999,1.915,-0.3295119,-0.01088662,-0.9440887,0.1878444,0.9791874,-0.07685399,0.9252765,-0.2026661,-0.3206089,static,84.54632,-77.7036,-16.83912,-11.82108,80.9132369438415,-60.9897224138698
1151,05/16/2023 12:00:58.128358,1334,True,True,True,True,Eyes,1.761629,0.2149756,-1.672461,0.9121197,-0.4012718,0.08377726,0.0,0.0,0.0,0.0,0.0,0.0,0.0,-0.9739672,-0.7551855,-2.350271,1.989697,0.2219249,-1.741994,0.05843398,0.8117198,-0.09127096,0.5739043,12.42984,109.4144,359.4193,0.7072497,0.0911775,-0.7010591,0.0,0.0,0.0,3.867305,-0.5759158,-1.784916,-0.5795999,-0.4008,1.915,-0.3344387,-0.009897546,-0.9423656,0.1996256,0.9765102,-0.08110185,0.9210322,-0.2152439,-0.3246071,static,84.75217,-78.20722,-16.83913,-11.82109,81.10209811192341,-61.453246255562334
1152,05/16/2023 12:00:58.138839,1335,True,True,True,True,Eyes,1.771853,0.2151373,-1.675599,0.9116009,-0.4031453,0.08035922,0.0,0.0,0.0,0.0,0.0,0.0,0.0,-0.9629297,-0.7818511,-2.356851,1.999655,0.2223665,-1.745052,0.06314517,0.8126608,-0.09488453,0.5714823,13.08466,109.7292,359.6577,0.7087794,0.09087732,-0.6995516,0.0,0.0,0.0,3.867232,-0.598186,-1.796536,-0.5795997,-0.4008,1.914999,-0.3388412,-0.005818446,-0.9408255,0.2110808,0.9740192,-0.08204518,0.9168595,-0.2263906,-0.3288097,static,84.9623,-78.72694,-16.83913,-11.82109,81.2948674929026,-61.931526055806856
1153,05/16/2023 12:00:58.158610,1336,True,True,True,True,Eyes,1.782065,0.215297,-1.678769,0.9111441,-0.4049008,0.0766279,0.0,0.0,0.0,0.0,0.0,0.0,0.0,-0.9507455,-0.801903,-2.366259,2.009777,0.2228716,-1.748505,0.06717102,0.8138977,-0.09724399,0.5688605,13.57484,110.0889,359.9236,0.7102918,0.09057924,-0.6980546,0.0,0.0,0.0,3.86911,-0.6154599,-1.810802,-0.5795996,-0.4007998,1.915,-0.3437715,-0.001295858,-0.9390524,0.2199772,0.9720633,-0.08187144,0.9129245,-0.2347152,-0.3338827,static,85.1927,-79.28345,-16.83912,-11.82108,81.50627619336382,-62.44380830362705
1154,05/16/2023 12:00:58.178622,1337,True,True,True,True,Eyes,1.792283,0.2154502,-1.681959,0.9106711,-0.406688,0.07268391,0.0,0.0,0.0,0.0,0.0,0.0,0.0,-0.9332775,-0.8136173,-2.380342,2.019878,0.2230453,-1.751955,0.06950472,0.8158392,-0.09832013,0.5656049,13.83055,110.5501,0.1291454,0.711786,0.09028319,-0.6965693,0.0,0.0,0.0,3.87416,-0.6251848,-1.829068,-0.5796,-0.4007999,1.915,-0.3505207,0.002188652,-0.9365526,0.22463,0.9710045,-0.08180239,0.9092178,-0.2390512,-0.3408488,static,85.43669,-79.867,-16.83913,-11.82108,81.73017377818196,-62.98104637097005
1155,05/16/2023 12:00:58.188277,1338,True,True,True,True,Eyes,1.802494,0.2156051,-1.685175,0.9103838,-0.4080904,0.06829064,0.0,0.0,0.0,0.0,0.0,0.0,0.0,-0.9100586,-0.8206583,-2.398313,2.030271,0.2230584,-1.755515,0.07058469,0.8184519,-0.09871303,0.561614,13.93768,111.1185,0.2752814,0.7132625,0.08998881,-0.6950957,0.0,0.0,0.0,3.881512,-0.6298987,-1.85128,-0.5796003,-0.4007998,1.915001,-0.3592154,0.004663104,-0.9332433,0.2264176,0.9705471,-0.08230101,0.9053728,-0.2408664,-0.3496912,static,85.71011,-80.50004,-16.83913,-11.82108,81.98114672086596,-63.5640831095011
1156,05/16/2023 12:00:58.208465,1339,True,True,True,True,Eyes,1.81271,0.2157242,-1.688404,0.9101356,-0.4093955,0.06362812,0.0,0.0,0.0,0.0,0.0,0.0,0.0,-0.8829738,-0.8203462,-2.419611,2.040482,0.2232553,-1.758897,0.07050759,0.8215732,-0.09786765,0.5571967,13.85019,111.7579,0.4007631,0.7147208,0.08969615,-0.693634,0.0,0.0,0.0,3.891138,-0.6282386,-1.876504,-0.5796,-0.4008,1.915,-0.3691211,0.006791211,-0.9293565,0.2249173,0.9709012,-0.08223769,0.9017549,-0.2393841,-0.3599076,static,86.00093,-81.16579,-16.83913,-11.82109,82.24811614630516,-64.17733461000043
1157,05/16/2023 12:00:58.228248,1340,True,True,True,True,Eyes,1.822919,0.2157993,-1.691651,0.9100598,-0.4102939,0.05873655,0.0,0.0,0.0,0.0,0.0,0.0,0.0,-0.8543078,-0.8175839,-2.44192,2.050858,0.2224958,-1.762309,0.07017432,0.8248268,-0.09677815,0.5526034,13.72179,112.4212,0.5192274,0.7161617,0.08940372,-0.692184,0.0,0.0,0.0,3.901207,-0.6262038,-1.902727,-0.5795999,-0.4008,1.915,-0.3794102,0.00880344,-0.9251868,0.2227232,0.9714192,-0.08209325,0.8980214,-0.2372075,-0.370527,static,86.30717,-81.85305,-16.83913,-11.82109,82.52928641927966,-64.81056283330086
1158,05/16/2023 12:00:58.238770,1341,True,True,True,True,Eyes,1.833124,0.2158367,-1.694907,0.9099413,-0.4112568,0.05361525,0.0,0.0,0.0,0.0,0.0,0.0,0.0,-0.8245593,-0.8204615,-2.461972,2.061018,0.221511,-1.765644,0.0701901,0.8279909,-0.09677758,0.5478489,13.71952,113.0903,0.60127,0.7175851,0.08910996,-0.6907462,0.0,0.0,0.0,3.909224,-0.6279196,-1.92813,-0.5795996,-0.4008002,1.914999,-0.3898695,0.01019454,-0.9208135,0.2222725,0.9714149,-0.08335474,0.8936422,-0.237169,-0.380991,static,86.62794,-82.57228,-16.83913,-11.8211,82.82379932639208,-65.47325529278328
1159,05/16/2023 12:00:58.258585,1342,True,True,True,True,Eyes,1.843324,0.2158515,-1.698182,0.9099191,-0.4119676,0.04826952,0.0,0.0,0.0,0.0,0.0,0.0,0.0,-0.7937052,-0.8290414,-2.480079,2.071209,0.2206575,-1.769033,0.07073652,0.8310977,-0.09772874,0.5428831,13.84214,113.776,0.6766981,0.7189916,0.08881368,-0.6893205,0.0,0.0,0.0,3.915288,-0.6332812,-1.95331,-0.5795997,-0.4008003,1.914999,-0.4005485,0.01146736,-0.9162037,0.2236885,0.9708909,-0.08564094,0.8885517,-0.2392476,-0.391454,static,86.96341,-83.31722,-16.83913,-11.82111,83.13183284781799,-66.15972418493192
1160,05/16/2023 12:00:58.278737,1343,True,True,True,True,Eyes,1.853518,0.2158438,-1.701459,0.9098404,-0.4127573,0.04268247,0.0,0.0,0.0,0.0,0.0,0.0,0.0,-0.7609587,-0.839128,-2.497803,2.0814,0.2201431,-1.772433,0.0712551,0.8343062,-0.09890196,0.5376564,13.98397,114.4925,0.7408434,0.7203813,0.08851437,-0.6879066,0.0,0.0,0.0,3.920773,-0.6387788,-1.97923,-0.5796001,-0.4007998,1.915001,-0.4116968,0.01254658,-0.9112346,0.2252477,0.9702822,-0.08840752,0.8830456,-0.2416506,-0.4022881,static,87.31411,-84.09613,-16.83913,-11.82108,83.45385028464946,-66.87749490406081
1161,05/16/2023 12:00:58.288369,1344,True,True,True,True,Eyes,1.863707,0.215829,-1.704762,0.9098676,-0.4132461,0.03699752,0.0,0.0,0.0,0.0,0.0,0.0,0.0,-0.727028,-0.8486433,-2.515357,2.091536,0.2196147,-1.775677,0.07178782,0.8375717,-0.09995294,0.5322869,14.11441,115.2284,0.8181356,0.7217544,0.08821175,-0.6865047,0.0,0.0,0.0,3.925922,-0.6440617,-2.005661,-0.5795999,-0.4008,1.914999,-0.4230339,0.01384761,-0.9060079,0.2266622,0.9697118,-0.09101206,0.8773063,-0.2438589,-0.4133597,static,87.67149,-84.88401,-16.83913,-11.82109,83.7820207282451,-67.6036029743981
1162,05/16/2023 12:00:58.308470,1345,True,True,True,True,Eyes,1.873908,0.2158213,-1.708075,0.9098827,-0.4137034,0.03103137,0.0,0.0,0.0,0.0,0.0,0.0,0.0,-0.6917778,-0.8565664,-2.533523,2.10187,0.2194242,-1.779043,0.07213125,0.8409448,-0.100657,0.5267609,14.19872,115.9871,0.9026615,0.7231106,0.08790612,-0.6851154,0.0,0.0,0.0,3.931454,-0.6476576,-2.033191,-0.5795999,-0.4008,1.915,-0.4346401,0.01527251,-0.9004747,0.2273611,0.9693305,-0.09330205,0.8714326,-0.2452857,-0.4247822,static,88.0467,-85.71035,-16.83913,-11.82109,84.1265666774887,-68.36516607990225
1163,05/16/2023 12:00:58.328311,1346,True,True,True,True,Eyes,1.884124,0.2157862,-1.71139,0.9100173,-0.4138207,0.02492125,0.0,0.0,0.0,0.0,0.0,0.0,0.0,-0.6547954,-0.8581781,-2.553935,2.11243,0.2195787,-1.78248,0.07164519,0.8445356,-0.1002873,0.5211228,14.12655,116.7672,0.9743053,0.7244509,0.08759809,-0.6837375,0.0,0.0,0.0,3.938971,-0.6459852,-2.062386,-0.5795999,-0.4008,1.915,-0.4465961,0.0164898,-0.8945837,0.2255379,0.9696188,-0.09472058,0.8658434,-0.2440643,-0.436747,static,88.43132,-86.55367,-16.83913,-11.82109,84.47976593807587,-69.14242409987847
1164,05/16/2023 12:00:58.338923,1347,True,True,True,True,Eyes,1.894359,0.2157254,-1.71467,0.9101496,-0.4138613,0.01861532,0.0,0.0,0.0,0.0,0.0,0.0,0.0,-0.6162519,-0.8556919,-2.575254,2.123079,0.2188239,-1.785653,0.07054938,0.84821,-0.09949584,0.5154254,13.97583,117.5529,1.010644,0.7257757,0.08728712,-0.682371,0.0,0.0,0.0,3.947426,-0.642468,-2.091821,-0.5796001,-0.4007999,1.915,-0.4587192,0.01711602,-0.8884166,0.2222467,0.9702468,-0.09606086,0.860339,-0.2415126,-0.4488747,static,88.82829,-87.4246,-16.83913,-11.82108,84.84430453908043,-69.9451227199912
1165,05/16/2023 12:00:58.363864,1348,True,True,True,True,Eyes,1.904615,0.2156475,-1.71791,0.9103677,-0.4136145,0.01240072,0.0,0.0,0.0,0.0,0.0,0.0,0.0,-0.5817412,-0.853473,-2.594443,2.133851,0.2181277,-1.788036,0.06934924,0.8513197,-0.09885829,0.5105609,13.83544,118.218,1.010878,0.7270867,0.08697274,-0.6810141,0.0,0.0,0.0,3.956374,-0.6388535,-2.116356,-0.5795996,-0.4008,1.914999,-0.4690364,0.01713038,-0.8830126,0.2190231,0.9708354,-0.09750599,0.8555896,-0.239134,-0.4591091,static,89.21959,-88.28271,-16.83913,-11.82109,85.20363761804782,-70.73601038763053
1166,05/16/2023 12:00:58.378804,1349,True,True,True,True,Eyes,1.914899,0.2155498,-1.721118,0.9106372,-0.4131588,0.006306017,0.0,0.0,0.0,0.0,0.0,0.0,0.0,-0.5572827,-0.8510002,-2.610857,2.144701,0.2175765,-1.790044,0.06708909,0.8532965,-0.09861612,0.5076014,13.67455,118.6073,0.847886,0.7283851,0.08665495,-0.6796657,0.0,0.0,0.0,3.967955,-0.6328722,-2.131048,-0.5795997,-0.4008,1.915,-0.4756799,0.01437841,-0.879501,0.2146091,0.9715478,-0.1001886,0.8530367,-0.2364066,-0.4652315,static,89.60324,-89.12557,-16.83912,-11.82109,85.55594062530324,-71.51282388148283
1167,05/16/2023 12:00:58.388217,1350,True,True,True,True,Eyes,1.925177,0.2154255,-1.72437,0.9110187,-0.4123648,0.0004120469,0.0,0.0,0.0,0.0,0.0,0.0,0.0,-0.5387466,-0.8470248,-2.62666,2.155669,0.216987,-1.792498,0.06316338,0.854615,-0.09873135,0.5058614,13.45364,118.812,0.475545,0.7296723,0.08633357,-0.6783247,0.0,0.0,0.0,3.982592,-0.6230204,-2.139688,-0.5796002,-0.4008,1.915,-0.4802293,0.008071975,-0.8771058,0.2078495,0.9725251,-0.1048508,0.852161,-0.2326584,-0.4687127,static,89.97409,-89.94275,-16.83914,-11.82109,85.896481437774,-72.26593961000938
1168,05/16/2023 12:00:58.408504,1351,True,True,True,True,Eyes,1.935467,0.2152883,-1.727599,0.9113833,-0.411522,-0.005482292,0.0,0.0,0.0,0.0,0.0,0.0,0.0,-0.5177335,-0.8478881,-2.641397,2.166583,0.2162303,-1.7953,0.05951648,0.8560557,-0.09975904,0.5036612,13.34128,119.0688,0.08298871,0.7309477,0.08600803,-0.6769916,0.0,0.0,0.0,3.99551,-0.6164576,-2.149498,-0.5795997,-0.4008,1.915,-0.4855665,0.001409333,-0.8741987,0.2023884,0.9730119,-0.1108463,0.8504496,-0.2307509,-0.4727472,static,-89.65535,89.23675,-16.83912,-11.82109,-79.76628552956464,95.52549118161208
1169,05/16/2023 12:00:58.428647,1352,True,True,True,True,Eyes,1.945766,0.2150972,-1.730807,0.9116806,-0.410733,-0.01169909,0.0,0.0,0.0,0.0,0.0,0.0,0.0,-0.4908617,-0.8522639,-2.655563,2.177184,0.2157974,-1.797945,0.05678162,0.8579941,-0.1011186,0.500397,13.31738,119.4712,359.7785,0.7322119,0.08567854,-0.675666,0.0,0.0,0.0,4.005546,-0.6131518,-2.163649,-0.5795999,-0.4008,1.915,-0.4927577,-0.003762261,-0.8701588,0.1986355,0.9731018,-0.1166916,0.847192,-0.230345,-0.4787561,static,-89.26479,88.36846,-16.83913,-11.82109,-79.40767091043914,94.72536655588755
1170,05/16/2023 12:00:58.438778,1353,True,True,True,True,Eyes,1.956064,0.2149003,-1.733998,0.911866,-0.4100875,-0.01812953,0.0,0.0,0.0,0.0,0.0,0.0,0.0,-0.4550135,-0.8601142,-2.669787,2.187718,0.2142837,-1.800713,0.05475492,0.8606582,-0.1031127,0.495618,13.40098,120.0732,359.5313,0.7334657,0.08534367,-0.674347,0.0,0.0,0.0,4.012451,-0.6148066,-2.183807,-0.5795995,-0.4008001,1.914999,-0.5027295,-0.007958421,-0.8644072,0.1964595,0.9727394,-0.1232145,0.8418235,-0.2317645,-0.4874612,static,-88.86101,87.46867,-16.83912,-11.8211,-79.03692455978455,93.89624050904884
1171,05/16/2023 12:00:58.458169,1354,True,True,True,True,Eyes,1.966368,0.2147269,-1.73716,0.9119069,-0.4096271,-0.02513002,0.0,0.0,0.0,0.0,0.0,0.0,0.0,-0.4115598,-0.8740298,-2.682621,2.198117,0.2139852,-1.8034,0.05399896,0.8639143,-0.1056058,0.4894729,13.61112,120.8594,359.4057,0.7347093,0.08500414,-0.673035,0.0,0.0,0.0,4.015504,-0.6203526,-2.209341,-0.5796,-0.4008,1.915,-0.5150008,-0.01008138,-0.8571304,0.1966833,0.9718631,-0.1296066,0.83432,-0.2353307,-0.4985273,static,-88.42146,86.48939,-16.83913,-11.82109,-78.63333386209294,92.99386444054335
1172,05/16/2023 12:00:58.478654,1355,True,True,True,True,Eyes,1.976668,0.2146308,-1.740309,0.9118192,-0.4093073,-0.03245628,0.0,0.0,0.0,0.0,0.0,0.0,0.0,-0.3628803,-0.8846666,-2.696481,2.20847,0.2143278,-1.806114,0.05369547,0.8676987,-0.107172,0.4824211,13.75636,121.7811,359.3971,0.7359431,0.0846616,-0.671729,0.0,0.0,0.0,4.017337,-0.6244047,-2.240082,-0.5795999,-0.4007998,1.915001,-0.5287738,-0.01022113,-0.8487016,0.1965871,0.9712619,-0.1341784,0.8256831,-0.2377937,-0.5115685,static,-87.96141,85.46619,-16.83912,-11.82108,-78.21091447905354,92.05099618605308
1173,05/16/2023 12:00:58.488190,1356,True,True,True,True,Eyes,1.986952,0.214586,-1.743458,0.9116589,-0.4089569,-0.04040072,0.0,0.0,0.0,0.0,0.0,0.0,0.0,-0.3113828,-0.8965282,-2.709434,2.218803,0.2161059,-1.808857,0.05373191,0.871666,-0.1085835,0.4748904,13.90605,122.7681,359.4417,0.737167,0.08431951,-0.6704287,0.0,0.0,0.0,4.017821,-0.6276798,-2.272929,-0.5796005,-0.4007998,1.915,-0.543184,-0.009457956,-0.8395606,0.1968031,0.970645,-0.1382635,0.816223,-0.2403306,-0.5253775,static,-87.46256,84.35808,-16.83914,-11.82108,-77.75286424443117,91.02986739567787
1174,05/16/2023 12:00:58.508279,1357,True,True,True,True,Eyes,1.997228,0.2145533,-1.746598,0.9114347,-0.4085519,-0.04870418,0.0,0.0,0.0,0.0,0.0,0.0,0.0,-0.2583517,-0.8945407,-2.725899,2.228968,0.2172507,-1.811623,0.05244017,0.875914,-0.1079683,0.4672982,13.77751,123.7759,359.4666,0.7383808,0.08397996,-0.6691343,0.0,0.0,0.0,4.020969,-0.622822,-2.308425,-0.5796,-0.4007999,1.915,-0.557765,-0.00904058,-0.8299499,0.1927729,0.9711857,-0.1401314,0.8073024,-0.2381522,-0.5399507,static,-86.94121,83.20176,-16.83913,-11.82108,-77.27414839643596,89.96429130460835
1175,05/16/2023 12:00:58.528622,1358,True,True,True,True,Eyes,2.007494,0.2145685,-1.749774,0.9111404,-0.4080506,-0.05760099,0.0,0.0,0.0,0.0,0.0,0.0,0.0,-0.2045165,-0.8889493,-2.742543,2.239188,0.2174816,-1.814479,0.05114628,0.8801959,-0.1068587,0.4595874,13.59902,124.8006,359.5175,0.739584,0.08364352,-0.6678463,0.0,0.0,0.0,4.02386,-0.6175897,-2.344954,-0.5796001,-0.4007997,1.915001,-0.5723272,-0.008184314,-0.8199847,0.1882593,0.9719305,-0.1411007,0.7981231,-0.2351255,-0.5547215,static,-86.38266,81.96514,-16.83913,-11.82107,-76.76126735544341,88.82468995932247
1176,05/16/2023 12:00:58.539010,1359,True,True,True,True,Eyes,2.017758,0.2147352,-1.752976,0.910818,-0.4073629,-0.06682751,0.0,0.0,0.0,0.0,0.0,0.0,0.0,-0.1537889,-0.8809136,-2.75934,2.24953,0.2185892,-1.818088,0.0509108,0.8843493,-0.1046505,0.4520873,13.36346,125.8154,359.7305,0.7407764,0.08331164,-0.6665651,0.0,0.0,0.0,4.02603,-0.6113107,-2.382993,-0.5796001,-0.4007999,1.915001,-0.5860507,-0.004576486,-0.8102618,0.1846682,0.9729127,-0.139063,0.7889504,-0.2311274,-0.569331,static,-85.80368,80.68367,-16.83913,-11.82108,-76.22962548280952,87.64375264503646
1177,05/16/2023 12:00:58.566756,1360,True,True,True,True,Eyes,2.028045,0.2149953,-1.756178,0.910524,-0.4063346,-0.07640795,0.0,0.0,0.0,0.0,0.0,0.0,0.0,-0.1102035,-0.8616488,-2.778638,2.259854,0.2222948,-1.821828,0.05102206,0.8882242,-0.09960078,0.4455717,12.85025,126.7318,0.1104524,0.7419568,0.08298971,-0.6652912,0.0,0.0,0.0,4.03072,-0.5954586,-2.42109,-0.5796002,-0.4008,1.915,-0.5977252,0.001879467,-0.8016989,0.1793967,0.9749529,-0.1314677,0.7813716,-0.2224036,-0.583091,static,-85.20318,79.35035,-16.83914,-11.82109,-75.67823702308486,86.4150845765606
1479,05/16/2023 12:01:03.590386,1662,True,True,True,True,Eyes,0.7537711,0.2390213,-3.506241,-0.9924096,-0.06100891,0.1067754,0.0,0.0,0.0,0.0,0.0,0.0,0.0,3.066845,0.1498914,1.77578,0.6278494,0.2335972,-3.483193,0.08220481,-0.5727414,0.04924517,0.8141159,10.96784,289.6678,359.184,0.2253697,0.06624592,-0.9720182,-0.1793126,0.002742859,-0.02211025,-1.45941,0.2377087,-3.058897,-0.3086998,0.4007999,2.069,0.3390845,-0.01398163,0.940652,-0.1743467,0.9816346,0.07743899,-0.9244593,-0.190258,0.3304194,static,-83.85905,-29.74262,-8.486068,10.96336,-74.79387288986224,-12.822701515770722
1480,05/16/2023 12:01:03.608862,1663,True,True,True,True,Eyes,0.7475177,0.2387258,-3.505117,-0.9919559,-0.06047418,0.1112036,0.0,0.0,0.0,0.0,0.0,0.0,0.0,3.049063,0.1509539,1.794292,0.6181602,0.2325085,-3.478918,0.08197975,-0.5688506,0.04897543,0.8168781,10.93261,290.2215,359.2265,0.2238067,0.06627209,-0.9723775,-0.1685538,0.002578287,-0.02078363,-1.464963,0.2376954,-3.034772,-0.3086999,0.4008,2.069,0.3480209,-0.01325456,0.9373932,-0.1732824,0.9817614,0.07821552,-0.9213332,-0.1896543,0.3393767,static,-83.60355,-28.53801,-8.486072,10.96336,-74.55342686987342,-11.734224623765128
1481,05/16/2023 12:01:03.628768,1664,True,True,True,True,Eyes,0.7411337,0.2384141,-3.503842,-0.9914881,-0.05970023,0.1157039,0.0,0.0,0.0,0.0,0.0,0.0,0.0,3.032378,0.1476156,1.811426,0.6084373,0.2321868,-3.474804,0.08092623,-0.5652228,0.04807352,0.8195505,10.77722,290.7441,359.2601,0.2222403,0.06629191,-0.9727353,-0.1584406,0.00242359,-0.01953661,-1.470581,0.2429166,-3.011915,-0.3086998,0.4008,2.069,0.3564243,-0.01268534,0.9342381,-0.1702801,0.9822798,0.07830178,-0.9186765,-0.1869908,0.3479483,static,-83.34385,-27.29256,-8.486069,10.96336,-74.30895895021546,-10.608724316984437
1482,05/16/2023 12:01:03.648766,1665,True,True,True,True,Eyes,0.7346028,0.2380801,-3.502422,-0.9910035,-0.05874763,0.1202526,0.0,0.0,0.0,0.0,0.0,0.0,0.0,3.01947,0.1413469,1.821621,0.598852,0.2311787,-3.470362,0.07894761,-0.5625862,0.04614436,0.8216659,10.46632,291.1325,359.2426,0.2206676,0.06630586,-0.9730924,-0.1489342,0.002278175,-0.01836442,-1.476868,0.2534392,-2.993302,-0.3086996,0.4008,2.069,0.3627349,-0.01299918,0.9318016,-0.1646601,0.983276,0.07781674,-0.9172298,-0.1816575,0.3545281,static,-83.08131,-26.03714,-8.486062,10.96336,-74.06182963743791,-9.474234807937266
1483,05/16/2023 12:01:03.658592,1666,True,True,True,True,Eyes,0.727935,0.2377053,-3.500854,-0.9904977,-0.05763458,0.1248706,0.0,0.0,0.0,0.0,0.0,0.0,0.0,3.008352,0.1343994,1.827924,0.5888129,0.2302597,-3.46552,0.07698862,-0.5603827,0.04432847,0.8234556,10.16452,291.4586,359.2269,0.2190856,0.06631421,-0.9734492,-0.1399981,0.002141484,-0.01726255,-1.483995,0.2637058,-2.976599,-0.3087001,0.4007999,2.069,0.3680125,-0.01328113,0.9297261,-0.1592912,0.9842155,0.07711159,-0.9160749,-0.1764752,0.360088,static,-82.81471,-24.77589,-8.486076,10.96336,-73.81092342706542,-8.334553716034568
1484,05/16/2023 12:01:03.678827,1667,True,True,True,True,Eyes,0.7211339,0.2372895,-3.49913,-0.9899641,-0.0564723,0.1295455,0.0,0.0,0.0,0.0,0.0,0.0,0.0,2.99684,0.1309702,1.833819,0.5789301,0.2290941,-3.460268,0.07556482,-0.5581486,0.04256695,0.8251959,9.917437,291.7813,359.1798,0.2174922,0.06631669,-0.9738063,-0.1315982,0.002012995,-0.0162268,-1.490856,0.2718758,-2.959416,-0.3086993,0.4008,2.069,0.3733163,-0.01410065,0.927597,-0.1546049,0.984956,0.07719415,-0.9147307,-0.1722289,0.3655201,static,-82.54471,-23.55366,-8.486054,10.96336,-73.55699904211876,-7.2304466094504765
1485,05/16/2023 12:01:03.688642,1668,True,True,True,True,Eyes,0.5481064,0.2260796,-3.451815,-0.9682536,-0.03177422,0.2479422,0.0,0.0,0.0,0.0,0.0,0.0,0.0,2.984517,0.1316311,1.840417,0.5689524,0.2276692,-3.45489,0.07498581,-0.5556933,0.04137516,0.8269645,9.788111,292.1262,359.1333,0.2158857,0.06631303,-0.9741639,-0.1237023,0.001892216,-0.01525319,-1.497602,0.2754509,-2.941308,-0.3086996,0.4008,2.069,0.3789861,-0.01490665,0.9252823,-0.1517698,0.9853305,0.0780374,-0.9128721,-0.170005,0.3711642,static,-75.63682,-7.302751,-8.486062,10.96336,-67.1099192135234,7.360149879169418
1486,05/16/2023 12:01:03.708656,1669,True,True,True,True,Eyes,0.5477321,0.2261662,-3.451535,-0.9682167,-0.03199131,0.2480584,0.0,0.0,0.0,0.0,0.0,0.0,0.0,2.970974,0.1393358,1.847803,0.5591345,0.2264622,-3.449139,0.0758089,-0.5529768,0.04080079,0.8287371,9.832885,292.4923,359.0571,0.2080979,0.06609992,-0.9758717,-0.6353627,-0.03185095,0.1276081,-1.503987,0.272993,-2.921823,-0.3086998,0.4007999,2.069,0.3851039,-0.01621488,0.9227309,-0.1514674,0.9851766,0.0805275,-0.9103586,-0.170775,0.3769393,static,-75.62984,-7.348695,-8.48607,10.96336,-67.10361044823995,7.318182873065987
1487,05/16/2023 12:01:03.728660,1670,True,True,True,True,Eyes,0.5469846,0.226301,-3.451038,-0.9681267,-0.03206355,0.2484002,0.0,0.0,0.0,0.0,0.0,0.0,0.0,2.958223,0.150837,1.853548,0.5493159,0.2281485,-3.443208,0.07777179,-0.550408,0.04038033,0.8302844,9.997005,292.8235,358.9202,0.201684,0.06592356,-0.9772294,-0.597241,-0.02993989,0.1199516,-1.510576,0.2693503,-2.902981,-0.3086996,0.4007999,2.069,0.3908409,-0.01855814,0.9202712,-0.1526667,0.984642,0.08469409,-0.9077094,-0.1735967,0.3820052,static,-75.60957,-7.355082,-8.486063,10.96336,-67.08487089088202,7.311826763825785
1488,05/16/2023 12:01:03.738507,1671,True,True,True,True,Eyes,0.5458912,0.2263001,-3.450331,-0.9679866,-0.03205678,0.2489465,0.0,0.0,0.0,0.0,0.0,0.0,0.0,2.94677,0.1559717,1.858415,0.5396636,0.2299742,-3.437639,0.07777997,-0.5481663,0.03774776,0.8318891,9.83391,293.1225,358.6933,0.1963808,0.06578038,-0.9783185,-0.5614066,-0.0281435,0.1127545,-1.51682,0.2783485,-2.88516,-0.3086999,0.4008,2.069,0.3961777,-0.02246882,0.917899,-0.1480766,0.9850507,0.0880245,-0.9061549,-0.1707927,0.386928,static,-75.57726,-7.337587,-8.48607,10.96336,-67.05490914152935,7.326861622403992
1489,05/16/2023 12:01:03.758380,1672,True,True,True,True,Eyes,0.5444577,0.2262382,-3.449388,-0.9677871,-0.03234585,0.2496835,0.0,0.0,0.0,0.0,0.0,0.0,0.0,2.935273,0.1710472,1.861646,0.5302755,0.2266799,-3.431943,0.07863159,-0.5459535,0.03525523,0.8333721,9.761899,293.4067,358.4244,0.1919739,0.06566203,-0.9792007,-0.5277222,-0.02645489,0.1059892,-1.522841,0.2790845,-2.86744,-0.3087001,0.4007999,2.069,0.4013839,-0.02709693,0.915509,-0.1446198,0.9851483,0.09256333,-0.9044204,-0.1695542,0.3915039,static,-75.53349,-7.38141,-8.486075,10.96336,-67.01454291318943,7.285828280183175
1490,05/16/2023 12:01:03.778656,1673,True,True,True,True,Eyes,0.5427044,0.2262968,-3.448224,-0.9675312,-0.0324574,0.2506588,0.0,0.0,0.0,0.0,0.0,0.0,0.0,2.922607,0.1993695,1.864782,0.5204566,0.2252579,-3.425956,0.08285798,-0.5433532,0.03494975,0.8346738,10.15425,293.7097,358.1546,0.1882875,0.06556331,-0.9799228,-0.4960589,-0.02486759,0.09962987,-1.529379,0.2645985,-2.848615,-0.3086997,0.4008,2.069,0.4070916,-0.03169902,0.9128371,-0.1483856,0.9838262,0.1003386,-0.9012536,-0.1762989,0.3958037,static,-75.47568,-7.378084,-8.486066,10.96336,-66.96102671013952,7.287289178253787
1491,05/16/2023 12:01:03.798539,1674,True,True,True,True,Eyes,0.5406165,0.226478,-3.446833,-0.9672323,-0.03205922,0.2518609,0.0,0.0,0.0,0.0,0.0,0.0,0.0,2.908381,0.2050661,1.872406,0.5110332,0.2281513,-3.419565,0.08283506,-0.5406728,0.0316829,0.8365449,9.953607,294.0642,357.8725,0.1849825,0.06547963,-0.9805576,-0.4662953,-0.02337554,0.09365208,-1.534456,0.2763059,-2.827661,-0.3086998,0.4008,2.069,0.4133382,-0.03656498,0.9098432,-0.1425817,0.9842691,0.1043303,-0.8993453,-0.1728507,0.4016226,static,-75.40468,-7.254132,-8.486068,10.96336,-66.89490498629756,7.398082093819486
1492,05/16/2023 12:01:03.808592,1675,True,True,True,True,Eyes,0.5382224,0.226637,-3.445249,-0.9668866,-0.03134321,0.2532743,0.0,0.0,0.0,0.0,0.0,0.0,0.0,2.894226,0.1938714,1.88143,0.5007685,0.2311698,-3.413166,0.07897481,-0.5380446,0.02574069,0.8388138,9.2179,294.4492,357.5729,0.1819543,0.06541207,-0.9811285,-0.4383176,-0.021973,0.08803295,-1.539306,0.3079107,-2.805792,-0.3086998,0.4008,2.069,0.4196909,-0.04180063,0.9067041,-0.1281672,0.9862008,0.104791,-0.8985726,-0.1601896,0.408542,static,-75.32128,-7.054605,-8.486067,10.96336,-66.81705744705853,7.577262199503541
1493,05/16/2023 12:01:03.828752,1676,True,True,True,True,Eyes,0.5355391,0.2267539,-3.44348,-0.9664921,-0.03083617,0.2548375,0.0,0.0,0.0,0.0,0.0,0.0,0.0,2.881256,0.1958889,1.887353,0.4910302,0.2307039,-3.407018,0.07728864,-0.5356029,0.02115927,0.8406596,8.778371,294.7855,357.2616,0.1791676,0.06535896,-0.9816448,-0.4120185,-0.02065462,0.08275098,-1.544129,0.3251765,-2.785809,-0.3087002,0.4007999,2.069,0.4253635,-0.04721656,0.9037902,-0.1183675,0.9871575,0.1072809,-0.8972486,-0.1526128,0.4143119,static,-75.22886,-6.899433,-8.486078,10.96336,-66.73100781016483,7.715865049416043
1494,05/16/2023 12:01:03.848462,1677,True,True,True,True,Eyes,0.532592,0.226899,-3.441536,-0.9660367,-0.03052195,0.2565961,0.0,0.0,0.0,0.0,0.0,0.0,0.0,2.868821,0.2194214,1.890688,0.4812269,0.2298687,-3.401259,0.0805615,-0.5330603,0.02011573,0.8419929,9.039203,295.086,356.981,0.1765912,0.06531814,-0.9821142,-0.3872974,-0.01941535,0.07778592,-1.550353,0.3161373,-2.767272,-0.3086998,0.4007999,2.069,0.4308843,-0.05201366,0.900907,-0.1197629,0.9862104,0.1142186,-0.8944248,-0.1571102,0.4187133,static,-75.12473,-6.783425,-8.486068,10.96336,-66.63424926913478,7.818538218062202
1495,05/16/2023 12:01:03.858478,1678,True,True,True,True,Eyes,0.5293878,0.2270823,-3.439397,-0.9654969,-0.0302611,0.2586502,0.0,0.0,0.0,0.0,0.0,0.0,0.0,2.854229,0.2373371,1.897473,0.4719453,0.2307236,-3.395201,0.08350478,-0.5301166,0.0197798,0.8435711,9.31462,295.4468,356.7955,0.1741976,0.06528969,-0.9825435,-0.3640596,-0.01825043,0.07311876,-1.55551,0.3077699,-2.746985,-0.3086995,0.4008,2.069,0.4371704,-0.05516321,0.8976854,-0.1219059,0.9852714,0.1199133,-0.8910785,-0.1618556,0.4240068,static,-75.00298,-6.673052,-8.48606,10.96336,-66.521201361876,7.915610765078748
1496,05/16/2023 12:01:03.878655,1679,True,True,True,True,Eyes,0.5259348,0.2272571,-3.437091,-0.9648827,-0.02978739,0.2609865,0.0,0.0,0.0,0.0,0.0,0.0,0.0,2.83787,0.2369054,1.909116,0.4622017,0.2319028,-3.389239,0.08293114,-0.526765,0.01805724,0.8457631,9.166501,295.9038,356.7002,0.1719624,0.06527393,-0.9829382,-0.342216,-0.0171554,0.06873164,-1.559598,0.3148705,-2.724305,-0.3086997,0.4007999,2.069,0.4443851,-0.05682613,0.8940318,-0.1179147,0.9855927,0.1212563,-0.8880417,-0.159304,0.4312821,static,-74.86452,-6.51121,-8.486063,10.96336,-66.39251805580963,8.059033642002953
1497,05/16/2023 12:01:03.888617,1680,True,True,True,True,Eyes,0.5222354,0.2274057,-3.434637,-0.9641978,-0.02929064,0.2635613,0.0,0.0,0.0,0.0,0.0,0.0,0.0,2.819047,0.2297313,1.924495,0.4527687,0.2318208,-3.383008,0.08086153,-0.5229753,0.01589544,0.8483546,8.848619,296.4371,356.6577,0.1698633,0.06526978,-0.9833034,-0.321683,-0.01612608,0.06460774,-1.562204,0.3266976,-2.69921,-0.3086998,0.4007999,2.069,0.4524882,-0.05760724,0.8899078,-0.1115471,0.9864175,0.1205727,-0.8847665,-0.1538244,0.4399164,static,-74.7118,-6.341491,-8.48607,10.96336,-66.25061063584003,8.209233629302917
1498,05/16/2023 12:01:03.908487,1681,True,True,True,True,Eyes,0.5183066,0.2275343,-3.432043,-0.9634279,-0.02874094,0.2664219,0.0,0.0,0.0,0.0,0.0,0.0,0.0,2.799672,0.2261329,1.940774,0.4430632,0.2313419,-3.377289,0.07952155,-0.5189175,0.01425369,0.8509982,8.634944,296.9972,356.6211,0.1678798,0.06527573,-0.9836436,-0.3023821,-0.01515851,0.06073127,-1.564703,0.3342618,-2.673743,-0.3086998,0.4007999,2.069,0.4610429,-0.05827051,0.8854626,-0.10679,0.9869463,0.1205524,-0.8809287,-0.1501384,0.4488019,static,-74.54199,-6.157116,-8.48607,10.96336,-66.0928374848493,8.37229852994824
1499,05/16/2023 12:01:03.928412,1682,True,True,True,True,Eyes,0.5141381,0.2276698,-3.429348,-0.9625757,-0.02830331,0.269531,0.0,0.0,0.0,0.0,0.0,0.0,0.0,2.779269,0.2276408,1.957469,0.4336121,0.2309745,-3.37142,0.07915927,-0.5146742,0.01293674,0.8536257,8.537763,297.5691,356.5566,0.1659952,0.06529056,-0.9839624,-0.2842391,-0.014249,0.0570874,-1.5667,0.3377867,-2.647514,-0.3087001,0.4007999,2.068999,0.4698863,-0.05939619,0.8807263,-0.1035687,0.9871329,0.1218284,-0.8766301,-0.1484612,0.4576887,static,-74.35722,-5.99463,-8.486078,10.96336,-65.92129048244529,8.515054513167387
1500,05/16/2023 12:01:03.938490,1683,True,True,True,True,Eyes,0.5097452,0.2278214,-3.426549,-0.9616521,-0.02773554,0.2728661,0.0,0.0,0.0,0.0,0.0,0.0,0.0,2.759599,0.2299755,1.973521,0.4238987,0.2312453,-3.365991,0.0789958,-0.5104709,0.01152134,0.8561813,8.45497,298.1306,356.4689,0.1641929,0.06531387,-0.9842632,-0.2671848,-0.01339406,0.05366215,-1.568838,0.3415337,-2.621994,-0.3086996,0.4008,2.069,0.4785734,-0.0609214,0.8759316,-0.1003788,0.9872539,0.1235068,-0.872291,-0.1470321,0.4663583,static,-74.15885,-5.80391,-8.486064,10.96336,-65.73706310342803,8.683116673454485
1501,05/16/2023 12:01:03.958559,1684,True,True,True,True,Eyes,0.5051432,0.227977,-3.423654,-0.9607025,-0.02719504,0.2762446,0.0,0.0,0.0,0.0,0.0,0.0,0.0,2.742083,0.2271929,1.987334,0.4140928,0.2318422,-3.36079,0.07790599,-0.5066801,0.009684359,0.8585524,8.255435,298.6449,356.3897,0.1624587,0.06534556,-0.9845489,-0.2511537,-0.01259042,0.05044242,-1.571309,0.3498589,-2.598591,-0.3087002,0.4007999,2.069,0.4863631,-0.06231776,0.8715317,-0.09557588,0.9876737,0.123959,-0.8685138,-0.1435865,0.4744119,static,-73.9577,-5.622395,-8.48608,10.96336,-65.55029308291334,8.842733269677417
1502,05/16/2023 12:01:03.978641,1685,True,True,True,True,Eyes,0.5003362,0.2281509,-3.420676,-0.9597119,-0.02660153,0.2797237,0.0,0.0,0.0,0.0,0.0,0.0,0.0,2.726958,0.2239974,1.997479,0.4045896,0.2320644,-3.355421,0.07682826,-0.5034561,0.008088895,0.8605604,8.069575,299.0827,356.3264,0.1607799,0.06538517,-0.9848218,-0.2360845,-0.01183499,0.04741588,-1.574399,0.3572265,-2.577838,-0.3086998,0.4007999,2.069,0.492933,-0.06343736,0.8677517,-0.09128128,0.988064,0.1240859,-0.8652658,-0.1403755,0.4812587,static,-73.75037,-5.432451,-8.486067,10.96336,-65.35777545960794,9.009847457985769
1503,05/16/2023 12:01:03.998562,1686,True,True,True,True,Eyes,0.4953602,0.2283353,-3.417594,-0.958734,-0.02612109,0.2831019,0.0,0.0,0.0,0.0,0.0,0.0,0.0,2.715339,0.2219406,2.003386,0.3948731,0.2325662,-3.350503,0.07624971,-0.5008525,0.007060967,0.8621387,7.963872,299.433,356.2829,0.1591453,0.06543268,-0.9850842,-0.2219194,-0.01112489,0.04457093,-1.57899,0.3618285,-2.56066,-0.3086998,0.4007999,2.069,0.4981939,-0.06420465,0.8646854,-0.08855478,0.9882722,0.1244026,-0.8625318,-0.1385486,0.4866655,static,-73.54881,-5.271609,-8.486069,10.96336,-65.17069412765181,9.15065440096971
1504,05/16/2023 12:01:04.008688,1687,True,True,True,True,Eyes,0.4901964,0.2285648,-3.414431,-0.9577308,-0.02572007,0.286514,0.0,0.0,0.0,0.0,0.0,0.0,0.0,2.705455,0.2226913,2.006362,0.3856111,0.2330835,-3.345376,0.07635102,-0.4986891,0.006509306,0.8633871,7.951408,299.7176,356.2421,0.157546,0.06548784,-0.9853375,-0.2086042,-0.0104574,0.04189667,-1.584155,0.3630031,-2.545477,-0.3086998,0.4007999,2.069,0.5025336,-0.06491074,0.8621175,-0.08739094,0.9882563,0.1253487,-0.8601295,-0.1383332,0.4909594,static,-73.34496,-5.129632,-8.48607,10.96336,-64.98155551560909,9.274244911525756
1505,05/16/2023 12:01:04.028883,1688,True,True,True,True,Eyes,0.4848789,0.2288357,-3.411169,-0.9567311,-0.02539365,0.2898633,0.0,0.0,0.0,0.0,0.0,0.0,0.0,2.696773,0.2266779,2.007489,0.3759337,0.2344087,-3.340315,0.07729745,-0.4966994,0.006370625,0.8644503,8.046004,299.97,356.1912,0.1559729,0.06555146,-0.9855836,-0.196088,-0.009829954,0.03938287,-1.590316,0.3610967,-2.531298,-0.3086998,0.4007999,2.069,0.5064983,-0.06577302,0.8597288,-0.08780137,0.987969,0.127311,-0.8577591,-0.1399682,0.4946296,static,-73.14462,-5.006649,-8.48607,10.96336,-64.79572815770541,9.380658553164453
1506,05/16/2023 12:01:04.038450,1689,True,True,True,True,Eyes,0.4794048,0.2291002,-3.407824,-0.9557014,-0.02515446,0.2932612,0.0,0.0,0.0,0.0,0.0,0.0,0.0,2.687299,0.2265663,2.009953,0.3667045,0.23574,-3.335083,0.07742109,-0.4946119,0.00587273,0.865639,8.038983,300.2437,356.1538,0.1544194,0.0656241,-0.9858233,-0.1843227,-0.009240157,0.0370199,-1.595528,0.3628681,-2.51644,-0.3086998,0.4008,2.069,0.5106493,-0.06641944,0.8572198,-0.08675409,0.987943,0.128228,-0.8554011,-0.1398468,0.4987303,static,-72.94113,-4.902542,-8.48607,10.96336,-64.6070475950046,9.469822500165119
1507,05/16/2023 12:01:04.058415,1690,True,True,True,True,Eyes,0.4737722,0.2293655,-3.404416,-0.9546427,-0.02517597,0.2966875,0.0,0.0,0.0,0.0,0.0,0.0,0.0,2.677384,0.229199,2.012455,0.3574614,0.2358662,-3.329787,0.07817067,-0.4924303,0.006242699,0.866812,8.144303,300.5258,356.1676,0.1528791,0.06570493,-0.986058,-0.1732633,-0.008685747,0.0347987,-1.600959,0.3590532,-2.501469,-0.3086998,0.4007999,2.069,0.514947,-0.06616471,0.8546649,-0.08780969,0.9877008,0.1293703,-0.8527128,-0.1416667,0.5028036,static,-72.7356,-4.850321,-8.486068,10.96336,-64.41665000557394,9.511749813835234
1508,05/16/2023 12:01:04.078498,1691,True,True,True,True,Eyes,0.468023,0.2296483,-3.400924,-0.9535368,-0.02540719,0.3002033,0.0,0.0,0.0,0.0,0.0,0.0,0.0,2.666332,0.2338801,2.016446,0.3481828,0.2361897,-3.324615,0.07979867,-0.4899402,0.007834038,0.8680608,8.407738,300.8433,356.2563,0.1513459,0.06579331,-0.9862885,-0.1628675,-0.008164602,0.03271078,-1.606364,0.3492535,-2.485771,-0.3086999,0.4007999,2.069,0.5197945,-0.0645923,0.8518459,-0.091794,0.9871416,0.1308638,-0.8493454,-0.1462166,0.5071816,static,-72.52436,-4.837601,-8.486072,10.96336,-64.22109783920699,9.5176032784642
1509,05/16/2023 12:01:04.098290,1692,True,True,True,True,Eyes,0.4621494,0.2299305,-3.397355,-0.9523587,-0.02577858,0.3038886,0.0,0.0,0.0,0.0,0.0,0.0,0.0,2.653127,0.2372898,2.023093,0.3396213,0.2369439,-3.319158,0.08142594,-0.4870917,0.009792746,0.8694916,8.692898,301.21,356.3869,0.1498158,0.06588926,-0.9865158,-0.1530955,-0.007674726,0.03074814,-1.61039,0.3388774,-2.468415,-0.3086999,0.4007999,2.069,0.5252916,-0.06229438,0.8486391,-0.09635322,0.9865478,0.1320584,-0.8454496,-0.1511383,0.512223,static,-72.30261,-4.848738,-8.48607,10.96336,-64.01589694515908,9.501478620473447
1510,05/16/2023 12:01:04.108571,1693,True,True,True,True,Eyes,0.4561739,0.2302075,-3.393704,-0.9511253,-0.02626059,0.3076863,0.0,0.0,0.0,0.0,0.0,0.0,0.0,2.636796,0.2353339,2.034475,0.3307383,0.2372799,-3.313831,0.08216206,-0.4835029,0.01196587,0.8713962,8.903019,301.6869,356.5997,0.1482845,0.06599219,-0.9867402,-0.1439098,-0.007214243,0.02890325,-1.613107,0.3304392,-2.448104,-0.3086999,0.4007999,2.069,0.5321636,-0.05859715,0.8446114,-0.1003052,0.9862124,0.1316203,-0.8406789,-0.1547625,0.5189488,static,-72.07375,-4.878291,-8.486071,10.96336,-63.80417620706715,9.468415457028216
1511,05/16/2023 12:01:04.128707,1694,True,True,True,True,Eyes,0.4500873,0.2304599,-3.389996,-0.9497941,-0.02677842,0.3117276,0.0,0.0,0.0,0.0,0.0,0.0,0.0,2.621935,0.2361642,2.043216,0.3222999,0.237465,-3.30829,0.08296128,-0.480331,0.01324722,0.8730545,9.066781,302.1028,356.7162,0.1467499,0.06610144,-0.9869623,-0.1352752,-0.006781388,0.02716905,-1.615804,0.3240249,-2.42911,-0.3086996,0.4008,2.069,0.5382133,-0.05656666,0.8409083,-0.1028288,0.9858839,0.1321333,-0.8365123,-0.1575855,0.5247992,static,-71.82988,-4.909842,-8.486062,10.96336,-63.57856976066723,9.433129492717816
1512,05/16/2023 12:01:04.138642,1695,True,True,True,True,Eyes,0.2956521,0.2361351,-3.295464,-0.9090618,-0.0421359,0.4145253,0.0,0.0,0.0,0.0,0.0,0.0,0.0,2.605146,0.2376447,2.054632,0.3136605,0.2371654,-3.303051,0.08379468,-0.4766667,0.01462193,0.8749592,9.240181,302.5831,356.8465,0.1452083,0.06621584,-0.9871826,-0.1271587,-0.006374505,0.02553891,-1.61764,0.3167006,-2.408374,-0.3087001,0.4007999,2.069,0.5451501,-0.05429708,0.8365783,-0.1054715,0.9855293,0.1326943,-0.8316774,-0.1605734,0.5315346,static,-65.48737,-5.804099,-8.486076,10.96336,-57.7112966397163,8.448415680073282
1513,05/16/2023 12:01:04.158507,1696,True,True,True,True,Eyes,0.2953134,0.2361197,-3.295248,-0.9088987,-0.04207639,0.414889,0.0,0.0,0.0,0.0,0.0,0.0,0.0,2.587578,0.2383151,2.066666,0.3052848,0.2368176,-3.297602,0.08447682,-0.4728996,0.01599578,0.8769115,9.397691,303.0783,356.9877,0.1376334,0.06686167,-0.9882237,-0.5828347,0.01103347,0.3076026,-1.618853,0.3098572,-2.387077,-0.3087,0.4007999,2.069,0.5522202,-0.05184433,0.8320848,-0.1079519,0.9852156,0.1330286,-0.8266798,-0.1632862,0.5384592,static,-65.46452,-5.79091,-8.486073,10.96336,-57.690104657879544,8.459790822206152
1514,05/16/2023 12:01:04.178774,1697,True,True,True,True,Eyes,0.2946616,0.2360828,-3.294816,-0.9086062,-0.04205775,0.4155308,0.0,0.0,0.0,0.0,0.0,0.0,0.0,2.570275,0.2359695,2.078822,0.2967672,0.2364839,-3.292339,0.08459271,-0.4691414,0.01720895,0.8788939,9.488108,303.5777,357.1453,0.1314285,0.06739597,-0.9890317,-0.5478646,0.01037146,0.2891465,-1.619979,0.3054144,-2.366041,-0.3087,0.4007998,2.068999,0.5592204,-0.0491222,0.8275624,-0.1096216,0.9850958,0.1325491,-0.8217394,-0.1648429,0.5455008,static,-65.42406,-5.779481,-8.486076,10.96336,-57.65261978940315,8.469089264159763
1515,05/16/2023 12:01:04.188650,1698,True,True,True,True,Eyes,0.2933551,0.2359934,-3.293977,-0.9080536,-0.04189062,0.416754,0.0,0.0,0.0,0.0,0.0,0.0,0.0,2.553249,0.2312286,2.090321,0.2885799,0.2359467,-3.286797,0.08422077,-0.4655348,0.0182658,0.8808239,9.518964,304.0613,357.3128,0.1263257,0.06783978,-0.9896662,-0.5149927,0.00974917,0.2717977,-1.620874,0.302908,-2.345415,-0.3086997,0.4008,2.069,0.5658873,-0.04623751,0.8231851,-0.1105933,0.9851464,0.1313606,-0.8170317,-0.1653741,0.5523683,static,-65.3471,-5.739888,-8.486064,10.96336,-57.58126000024326,8.503010875986295
1516,05/16/2023 12:01:04.208754,1699,True,True,True,True,Eyes,0.2917765,0.2358719,-3.29294,-0.9073888,-0.04173806,0.4182147,0.0,0.0,0.0,0.0,0.0,0.0,0.0,2.519753,0.2235685,2.111995,0.2719389,0.2345623,-3.275773,0.08376175,-0.4583812,0.02048362,0.8845628,9.611325,305.0154,357.6428,0.1220979,0.06820932,-0.9901712,-0.4840932,0.00916422,0.2554898,-1.622801,0.2964724,-2.304782,-0.3086997,0.4008,2.069,0.5789343,-0.04055152,0.8143653,-0.1130277,0.9851288,0.1294064,-0.8075023,-0.1669637,0.5657414,static,-65.25506,-5.699279,-8.486065,10.96336,-57.4959397781768,8.537448512198658
1517,05/16/2023 12:01:04.228678,1700,True,True,True,True,Eyes,0.2899219,0.2357354,-3.291718,-0.9066216,-0.04138967,0.4199099,0.0,0.0,0.0,0.0,0.0,0.0,0.0,2.50287,0.216926,2.122802,0.2638136,0.2336812,-3.270092,0.08299039,-0.4548323,0.02149186,0.8864413,9.594995,305.4929,357.8268,0.1185704,0.06851768,-0.9905786,-0.4550476,0.008614367,0.2401604,-1.623394,0.2952662,-2.284521,-0.3086998,0.4007999,2.069,0.5853313,-0.03739087,0.8099316,-0.113596,0.9853014,0.1275818,-0.8027971,-0.1666826,0.5724803,static,-65.14837,-5.629345,-8.486068,10.96336,-57.396963769678294,8.598156005397753
1518,05/16/2023 12:01:04.238719,1701,True,True,True,True,Eyes,0.2878155,0.2355703,-3.290301,-0.9057463,-0.04103769,0.4218288,0.0,0.0,0.0,0.0,0.0,0.0,0.0,2.485594,0.2109788,2.133656,0.2554266,0.2331634,-3.264286,0.08224812,-0.4511883,0.02215754,0.8883544,9.562615,305.9792,357.9746,0.1154696,0.06878472,-0.9909263,-0.4277447,0.008097505,0.2257508,-1.623843,0.2951924,-2.263688,-0.3086997,0.4008,2.069,0.5918763,-0.03485128,0.8052751,-0.1135863,0.9854887,0.1261365,-0.7979854,-0.1661254,0.5793288,static,-65.02743,-5.556544,-8.486065,10.96336,-57.284789420472435,8.661085139701303
1519,05/16/2023 12:01:04.258383,1702,True,True,True,True,Eyes,0.2854544,0.2353815,-3.288701,-0.9047695,-0.04041091,0.4239801,0.0,0.0,0.0,0.0,0.0,0.0,0.0,2.46819,0.2063191,2.144068,0.2472604,0.2323158,-3.25829,0.08154979,-0.4475771,0.0225462,0.8902336,9.519257,306.4578,358.0908,0.1126188,0.06902305,-0.9912378,-0.40208,0.007611655,0.2122057,-1.623963,0.295351,-2.242786,-0.3086998,0.4007999,2.069,0.5983328,-0.03285687,0.8005737,-0.1131424,0.9856826,0.1250144,-0.7932192,-0.165379,0.5860487,static,-64.89194,-5.444599,-8.486067,10.96336,-57.1590194654568,8.759215539871256
1520,05/16/2023 12:01:04.278724,1703,True,True,True,True,Eyes,0.2828522,0.2351553,-3.28692,-0.9036826,-0.03984455,0.4263451,0.0,0.0,0.0,0.0,0.0,0.0,0.0,2.450041,0.2061498,2.154814,0.2387867,0.2315354,-3.252352,0.08152401,-0.4437457,0.02276282,0.8921466,9.535842,306.9555,358.1559,0.1099859,0.06923535,-0.9915186,-0.3779552,0.007154956,0.1994734,-1.623796,0.2936296,-2.221029,-0.3087,0.4007999,2.069,0.6051433,-0.0317363,0.7954837,-0.1129674,0.9856714,0.1252609,-0.7880608,-0.1656645,0.5928873,static,-64.74271,-5.339133,-8.486073,10.96336,-57.020554006615455,8.851082783098944
1521,05/16/2023 12:01:04.288863,1704,True,True,True,True,Eyes,0.2800129,0.2348919,-3.284975,-0.9025078,-0.03911956,0.4288932,0.0,0.0,0.0,0.0,0.0,0.0,0.0,2.43202,0.2069739,2.164965,0.2303829,0.2304218,-3.2463,0.08166577,-0.4399576,0.02311179,0.8939987,9.575936,307.4456,358.2255,0.1075423,0.0694236,-0.9917734,-0.3552779,0.006725658,0.187505,-1.6236,0.290686,-2.199489,-0.3086998,0.4007999,2.069,0.6118062,-0.03053514,0.790418,-0.1131828,0.9855931,0.1256818,-0.7828683,-0.1663546,0.5995359,static,-64.58183,-5.211556,-8.48607,10.96336,-56.87123315376671,8.96274111992912
1522,05/16/2023 12:01:04.308793,1705,True,True,True,True,Eyes,0.2769464,0.2345814,-3.282859,-0.9012244,-0.03846118,0.4316424,0.0,0.0,0.0,0.0,0.0,0.0,0.0,2.414459,0.2092035,2.174539,0.2219139,0.2292484,-3.2404,0.08206622,-0.4362168,0.02354626,0.8957823,9.646531,307.9266,358.2903,0.1052623,0.06958954,-0.9920064,-0.3339612,0.006322119,0.1762547,-1.623514,0.2865838,-2.178419,-0.3086996,0.4007999,2.069,0.6183209,-0.02941267,0.7853752,-0.113782,0.9854214,0.1264844,-0.7776458,-0.1675695,0.6059601,static,-64.40786,-5.091851,-8.486062,10.96336,-56.70982298818894,9.066887184040336
1523,05/16/2023 12:01:04.328731,1706,True,True,True,True,Eyes,0.2736735,0.2342536,-3.280575,-0.8998677,-0.03764698,0.4345352,0.0,0.0,0.0,0.0,0.0,0.0,0.0,2.396142,0.2106802,2.184531,0.2133548,0.2279053,-3.234284,0.08228098,-0.4323408,0.02390424,0.8976303,9.693951,308.4255,358.3587,0.1031234,0.06973441,-0.9922209,-0.3139236,0.005942792,0.1656794,-1.623049,0.2831463,-2.156664,-0.3086995,0.4007999,2.069,0.6250201,-0.0282325,0.780098,-0.1140612,0.9853169,0.1270462,-0.7722305,-0.1683853,0.6126227,static,-64.22466,-4.95159,-8.486062,10.96336,-56.53980235256552,9.189475786110307
1524,05/16/2023 12:01:04.338840,1707,True,True,True,True,Eyes,0.2701892,0.2339067,-3.278129,-0.8983909,-0.03681329,0.4376513,0.0,0.0,0.0,0.0,0.0,0.0,0.0,2.37698,0.2153616,2.194882,0.205129,0.2271386,-3.228041,0.08285803,-0.4283448,0.02362253,0.8994983,9.747035,308.9308,358.3437,0.1011055,0.06986021,-0.9924196,-0.2950881,0.005586224,0.1557386,-1.621682,0.2805032,-2.134145,-0.3087,0.4007999,2.068999,0.6319255,-0.02848677,0.7745054,-0.1134804,0.985153,0.1288241,-0.7666762,-0.1692985,0.6193107,static,-64.02696,-4.808149,-8.486076,10.96336,-56.35635096027715,9.314563887843669
1525,05/16/2023 12:01:04.358470,1708,True,True,True,True,Eyes,0.2664983,0.2334903,-3.275538,-0.8968552,-0.03578879,0.4408742,0.0,0.0,0.0,0.0,0.0,0.0,0.0,2.356712,0.217367,2.206415,0.1965755,0.2262311,-3.221767,0.0826299,-0.4241063,0.02249968,0.9015542,9.675924,309.4686,358.2841,0.09919015,0.06996871,-0.9926053,-0.2773829,0.00525105,0.1463943,-1.619605,0.282517,-2.110454,-0.3086997,0.4007999,2.069,0.6392552,-0.02951836,0.7684279,-0.1106571,0.9853321,0.1299061,-0.7609913,-0.1680751,0.6266123,static,-63.82228,-4.640916,-8.486066,10.96336,-56.16636088498291,9.46109797068413
1526,05/16/2023 12:01:04.378578,1709,True,True,True,True,Eyes,0.262605,0.2330362,-3.272799,-0.8952044,-0.03484611,0.4442915,0.0,0.0,0.0,0.0,0.0,0.0,0.0,2.337049,0.2233782,2.21705,0.1879098,0.2241022,-3.215816,0.08289463,-0.419917,0.0214273,0.9035149,9.659259,309.994,358.2039,0.09736137,0.07005987,-0.9927799,-0.2607399,0.004935987,0.1376107,-1.617674,0.2814099,-2.08742,-0.3086996,0.4007999,2.069,0.6464212,-0.03089796,0.7623549,-0.1083375,0.9853387,0.1317977,-0.75525,-0.1677884,0.6335964,static,-63.60472,-4.48457,-8.486065,10.96336,-55.96448579989801,9.597383832669898
1527,05/16/2023 12:01:04.388822,1710,True,True,True,True,Eyes,0.2585195,0.2325605,-3.269908,-0.8934942,-0.0337382,0.4478055,0.0,0.0,0.0,0.0,0.0,0.0,0.0,2.317466,0.2308207,2.226933,0.1791372,0.2227481,-3.209588,0.08373302,-0.4157446,0.02084091,0.9053789,9.72673,310.5136,358.1461,0.09560478,0.07013464,-0.9929453,-0.2450955,0.004639828,0.129354,-1.615959,0.2778667,-2.064473,-0.3086998,0.4007999,2.069,0.6534442,-0.03188526,0.756303,-0.107361,0.9851089,0.1342912,-0.7493226,-0.1689492,0.6402904,static,-63.38068,-4.308593,-8.48607,10.96336,-55.7565485185227,9.751345479612706
1528,05/16/2023 12:01:04.408660,1711,True,True,True,True,Eyes,0.2542467,0.232046,-3.266889,-0.8916823,-0.03266109,0.4514821,0.0,0.0,0.0,0.0,0.0,0.0,0.0,2.298444,0.2330763,2.23674,0.1701898,0.2217314,-3.203443,0.08364926,-0.4116583,0.01993792,0.9072722,9.683209,311.0284,358.0995,0.09390727,0.07019435,-0.993103,-0.2303898,0.004361439,0.1215928,-1.614326,0.2786887,-2.041997,-0.3086998,0.4007999,2.069,0.6602798,-0.03269159,0.7503079,-0.1050481,0.9852106,0.1353701,-0.7436367,-0.1682005,0.6470805,static,-63.14571,-4.13768,-8.486069,10.96336,-55.53851182432088,9.900406669906815
1529,05/16/2023 12:01:04.428822,1712,True,True,True,True,Eyes,0.2497883,0.2315393,-3.263728,-0.8898147,-0.0315248,0.4552318,0.0,0.0,0.0,0.0,0.0,0.0,0.0,2.280287,0.237381,2.245408,0.1613974,0.2202791,-3.197396,0.08386032,-0.4077418,0.01906887,0.9090382,9.672418,311.5177,358.0399,0.09225754,0.07023965,-0.9932545,-0.2165664,0.004099752,0.1142972,-1.612882,0.2779363,-2.020406,-0.3086998,0.4007999,2.069,0.6667661,-0.03371803,0.744504,-0.1030554,0.9852077,0.1369141,-0.7381074,-0.1680148,0.6534282,static,-62.90559,-3.961408,-8.486069,10.96336,-55.31569095113664,10.054201668786456
1530,05/16/2023 12:01:04.438630,1713,True,True,True,True,Eyes,0.2451521,0.2310276,-3.260448,-0.8878482,-0.03042132,0.4591297,0.0,0.0,0.0,0.0,0.0,0.0,0.0,2.262475,0.2445911,2.253038,0.1523094,0.219943,-3.191117,0.08473878,-0.4038658,0.01813971,0.9107046,9.729451,311.9935,357.9413,0.09064502,0.07027251,-0.9934006,-0.2035724,0.003853767,0.1074394,-1.611766,0.2760004,-1.998811,-0.3086999,0.4008,2.069,0.6731268,-0.03540635,0.7386792,-0.101486,0.9849806,0.139692,-0.7325306,-0.168996,0.6594235,static,-62.65532,-3.790801,-8.48607,10.96336,-55.08349456470238,10.202570800020837
1531,05/16/2023 12:01:04.458630,1714,True,True,True,True,Eyes,0.240355,0.2304854,-3.257039,-0.8858005,-0.0292814,0.4631416,0.0,0.0,0.0,0.0,0.0,0.0,0.0,2.244709,0.2501443,2.260947,0.1433767,0.2193031,-3.185046,0.08517775,-0.3999923,0.01692075,0.9123951,9.727813,312.4705,357.8333,0.089061,0.0702943,-0.9935424,-0.191358,0.003622541,0.100993,-1.610256,0.2759666,-1.977462,-0.3086998,0.4007999,2.069,0.6794397,-0.03726409,0.7327846,-0.09901769,0.9849169,0.1418952,-0.7270195,-0.1689679,0.6655018,static,-62.39714,-3.617621,-8.486066,10.96336,-54.84396870523778,10.353065701395302
1532,05/16/2023 12:01:04.478490,1715,True,True,True,True,Eyes,0.2353933,0.2299323,-3.253527,-0.8836576,-0.02829986,0.4672778,0.0,0.0,0.0,0.0,0.0,0.0,0.0,2.227641,0.25965,2.267709,0.1342754,0.2180448,-3.179109,0.08627108,-0.3962023,0.01591105,0.9139628,9.805558,312.9306,357.7156,0.08749738,0.07030547,-0.9936805,-0.1798766,0.003405189,0.09493344,-1.609155,0.2724394,-1.956739,-0.3086996,0.4007999,2.069,0.6855412,-0.03927738,0.7269737,-0.09744582,0.9846083,0.1450891,-0.7214831,-0.1703051,0.6711621,static,-62.13013,-3.465786,-8.486062,10.96336,-54.59634073660919,10.48391215265552
1533,05/16/2023 12:01:04.491255,1716,True,True,True,True,Eyes,0.2302442,0.2294428,-3.249936,-0.8814313,-0.02734974,0.4715198,0.0,0.0,0.0,0.0,0.0,0.0,0.0,2.210309,0.2729897,2.274189,0.1253281,0.2172535,-3.173172,0.08821176,-0.392356,0.01521808,0.9154472,9.988371,313.3902,357.5932,0.08594725,0.07030698,-0.9938156,-0.169084,0.003200877,0.08923743,-1.607832,0.2655331,-1.93603,-0.3086996,0.4007999,2.069,0.6916503,-0.04135812,0.7210473,-0.09708354,0.9839742,0.1495646,-0.7156777,-0.1734482,0.6765509,static,-61.85554,-3.31963,-8.486065,10.96336,-54.34171592845965,10.609389513964045
1534,05/16/2023 12:01:04.508740,1717,True,True,True,True,Eyes,0.2249504,0.2290306,-3.246254,-0.8791053,-0.02640923,0.4758953,0.0,0.0,0.0,0.0,0.0,0.0,0.0,2.192357,0.2836289,2.281395,0.1162721,0.2181987,-3.167097,0.08993904,-0.3883732,0.01438348,0.9169897,10.14377,313.867,357.4684,0.08440307,0.07030191,-0.9939483,-0.1589389,0.003008825,0.08388318,-1.606078,0.2613816,-1.914763,-0.3086997,0.4007999,2.069,0.6979187,-0.04348082,0.7148558,-0.09623884,0.9834082,0.1537741,-0.7096813,-0.1761187,0.6821544,static,-61.57152,-3.176301,-8.486066,10.96336,-54.07837263618457,10.73204115728936
1535,05/16/2023 12:01:04.528415,1718,True,True,True,True,Eyes,0.2195072,0.2286377,-3.242476,-0.8766342,-0.02522759,0.4804956,0.0,0.0,0.0,0.0,0.0,0.0,0.0,2.174217,0.2868537,2.29002,0.1074753,0.2196296,-3.161315,0.09024974,-0.3843571,0.01291382,0.9186718,10.12212,314.3573,357.3422,0.08285987,0.07029346,-0.9940787,-0.1494026,0.002828295,0.07885019,-1.603525,0.2642386,-1.893567,-0.3086998,0.4007999,2.069,0.7042058,-0.04564911,0.7085268,-0.09310337,0.9833765,0.1558927,-0.703865,-0.1757468,0.6882493,static,-61.27224,-3.005456,-8.48607,10.96336,-53.80081494472975,10.87930118284003
1536,05/16/2023 12:01:04.538497,1719,True,True,True,True,Eyes,0.2139228,0.2282637,-3.238582,-0.8740099,-0.02398496,0.4853158,0.0,0.0,0.0,0.0,0.0,0.0,0.0,2.153757,0.2799147,2.301448,0.09848483,0.2196071,-3.155274,0.08838952,-0.3799066,0.0108956,0.9207278,9.848526,314.9203,357.2602,0.08131266,0.07028276,-0.9942073,-0.1404384,0.002658598,0.07411917,-1.59944,0.2746978,-1.870474,-0.3086997,0.4008,2.069,0.7111046,-0.04709575,0.7015073,-0.08722329,0.9841372,0.1544868,-0.697655,-0.171044,0.6957165,static,-60.95768,-2.829332,-8.486064,10.96336,-53.50909765816764,11.030948294323702
1537,05/16/2023 12:01:04.563746,1720,True,True,True,True,Eyes,0.208187,0.2280346,-3.234591,-0.871191,-0.02236911,0.4904343,0.0,0.0,0.0,0.0,0.0,0.0,0.0,2.128183,0.2740948,2.316511,0.08947291,0.2196637,-3.148691,0.08711407,-0.3744678,0.009964625,0.9230849,9.688424,315.6073,357.276,0.07975727,0.07027086,-0.9943341,-0.1320121,0.002499082,0.06967203,-1.592885,0.2805699,-1.843831,-0.3087,0.4007999,2.069,0.7193491,-0.04684643,0.6930673,-0.08363922,0.9846237,0.1533645,-0.689595,-0.1682902,0.70437,static,-60.6228,-2.611498,-8.486073,10.96336,-53.198435962927036,11.219973955018455
1538,05/16/2023 12:01:04.575618,1721,True,True,True,True,Eyes,0.202314,0.2278664,-3.230486,-0.8681915,-0.02027669,0.4958149,0.0,0.0,0.0,0.0,0.0,0.0,0.0,2.099631,0.2493343,2.336259,0.08051737,0.2227615,-3.142073,0.08304537,-0.3684263,0.008834315,0.9258982,9.223888,316.3935,357.3967,0.07818986,0.07026253,-0.9944592,-0.1240914,0.002349137,0.06549171,-1.583952,0.3001649,-1.815331,-0.3086998,0.4008,2.069,0.7283682,-0.04483283,0.6837177,-0.07755154,0.9860508,0.1472735,-0.6807831,-0.1602927,0.7147312,static,-60.26978,-2.341846,-8.48607,10.96336,-52.87081420172658,11.45562862571578
1539,05/16/2023 12:01:04.589467,1722,True,True,True,True,Eyes,0.1963037,0.2277005,-3.226272,-0.8650049,-0.01795196,0.5014422,0.0,0.0,0.0,0.0,0.0,0.0,0.0,2.070159,0.2122914,2.356925,0.07130902,0.2239338,-3.135361,0.07620735,-0.3622159,0.006664461,0.9289497,8.419144,317.2137,357.5188,0.07660681,0.07025953,-0.9945827,-0.1166459,0.002208189,0.0615622,-1.573704,0.3303334,-1.786544,-0.3086997,0.4008,2.069,0.7375104,-0.04282514,0.6739765,-0.06758893,0.988296,0.1367577,-0.671945,-0.1464135,0.7259842,static,-59.89919,-2.05035,-8.486065,10.96336,-52.52685875357209,11.7106714865832
1540,05/16/2023 12:01:04.608623,1723,True,True,True,True,Eyes,0.1901848,0.2276003,-3.221963,-0.8616586,-0.01570424,0.5072454,0.0,0.0,0.0,0.0,0.0,0.0,0.0,2.041664,0.1954936,2.373964,0.06196902,0.2237248,-3.128646,0.07276665,-0.3561634,0.004987673,0.9315728,7.997375,317.9817,357.5379,0.07500567,0.07026164,-0.9947044,-0.1096472,0.002075697,0.05786847,-1.56435,0.3455375,-1.75863,-0.3086998,0.4007999,2.069,0.7462455,-0.04254087,0.6643102,-0.06112639,0.9893603,0.132022,-0.6628583,-0.1391277,0.7357053,static,-59.51532,-1.773302,-8.48607,10.96336,-52.17065982174046,11.952217186589236
1541,05/16/2023 12:01:04.628490,1724,True,True,True,True,Eyes,0.03407449,0.2273533,-3.112274,-0.7605132,0.03512235,0.6483719,0.0,0.0,0.0,0.0,0.0,0.0,0.0,2.014868,0.1962045,2.388198,0.05320388,0.225192,-3.1222,0.07285088,-0.3504547,0.004060506,0.9337333,7.983772,318.6795,357.4836,0.07338444,0.07027061,-0.9948248,-0.1030683,0.001951155,0.05439636,-1.556021,0.3477776,-1.732213,-0.3086998,0.4008,2.069,0.75433,-0.043479,0.6550541,-0.05864473,0.9893525,0.1332005,-0.6538708,-0.1388926,0.7437485,static,-49.55091,3.100686,-8.486068,10.96336,-42.932170040776086,16.11477946614893
1542,05/16/2023 12:01:04.638716,1725,True,True,True,True,Eyes,0.03373955,0.2273969,-3.11202,-0.7602175,0.03492412,0.6487293,0.0,0.0,0.0,0.0,0.0,0.0,0.0,1.988679,0.2008105,2.401142,0.04437644,0.2272969,-3.115608,0.07384445,-0.344859,0.003489536,0.9357389,8.082859,319.3564,357.4296,0.06464021,0.07068183,-0.995402,-0.5652153,0.001093171,0.3801996,-1.548178,0.3465109,-1.706264,-0.3087,0.4007999,2.069,0.7621201,-0.04440125,0.6459113,-0.05746244,0.9890697,0.1357915,-0.6448805,-0.140605,0.7512385,static,-49.52431,3.081524,-8.486073,10.96336,-42.90761395924396,16.09663547387182
1543,05/16/2023 12:01:04.658556,1726,True,True,True,True,Eyes,0.03308222,0.2274878,-3.111536,-0.7596861,0.03421269,0.6493894,0.0,0.0,0.0,0.0,0.0,0.0,0.0,1.9629,0.2144711,2.413015,0.03596342,0.2284298,-3.109364,0.07642702,-0.3393582,0.003540061,0.9375406,8.37837,320.0109,357.3794,0.05750113,0.07100801,-0.9958166,-0.5313024,0.00102758,0.3573876,-1.540512,0.3370282,-1.681209,-0.3086998,0.4007999,2.069,0.7696469,-0.04523438,0.6368653,-0.05851018,0.9882928,0.1409042,-0.6357831,-0.1457096,0.7579898,static,-49.47575,3.015805,-8.486068,10.96336,-42.86288660389314,16.035561907070623
1544,05/16/2023 12:01:04.678702,1727,True,True,True,True,Eyes,0.03214986,0.2276213,-3.110826,-0.7588701,0.03321568,0.6503945,0.0,0.0,0.0,0.0,0.0,0.0,0.0,1.936815,0.2361687,2.42411,0.02787695,0.2297038,-3.103191,0.08078688,-0.3338199,0.004717846,0.9391568,8.910586,320.6611,357.3849,0.05164947,0.07126977,-0.9961186,-0.4994242,0.0009659255,0.3359444,-1.532902,0.3186955,-1.656559,-0.3086998,0.4008,2.069,0.777084,-0.04507494,0.6277808,-0.06279813,0.9869024,0.1485933,-0.6262563,-0.1548929,0.7640755,static,-49.40156,2.923559,-8.48607,10.96336,-42.79452521915716,15.949673372439586
1545,05/16/2023 12:01:04.688988,1728,True,True,True,True,Eyes,0.03091069,0.2277977,-3.109926,-0.7577555,0.03202943,0.6517521,0.0,0.0,0.0,0.0,0.0,0.0,0.0,1.908789,0.2535594,2.436893,0.02030227,0.2309349,-3.097172,0.08437933,-0.3279587,0.005878252,0.9408979,9.360184,321.3564,357.4276,0.0468302,0.07148315,-0.9963415,-0.4694588,0.00090797,0.3157877,-1.52342,0.3031677,-1.63143,-0.3086998,0.4007999,2.069,0.7848172,-0.04428419,0.6181431,-0.06640752,0.9856911,0.154929,-0.6161591,-0.1626403,0.7706465,static,-49.30089,2.813456,-8.486068,10.96336,-42.70171451466144,15.846830765775858
1546,05/16/2023 12:01:04.708574,1729,True,True,True,True,Eyes,0.02943814,0.2280127,-3.1088,-0.756291,0.03103616,0.6534989,0.0,0.0,0.0,0.0,0.0,0.0,0.0,1.875924,0.2585217,2.453848,0.01292595,0.2320472,-3.090838,0.08562351,-0.3212433,0.006496096,0.9430956,9.536503,322.1723,357.515,0.0428354,0.0716608,-0.9965085,-0.4412913,0.0008534918,0.2968404,-1.510353,0.2973526,-1.603541,-0.3087,0.4007999,2.069,0.793521,-0.04275908,0.6070388,-0.06726484,0.9852529,0.1573286,-0.6048139,-0.165676,0.7789427,static,-49.17023,2.719065,-8.486073,10.96336,-42.5810951828827,15.757464430365742
1547,05/16/2023 12:01:04.728674,1730,True,True,True,True,Eyes,0.02770182,0.2283281,-3.107445,-0.7545561,0.03062726,0.6555205,0.0,0.0,0.0,0.0,0.0,0.0,0.0,1.841112,0.2441637,2.473651,0.005813781,0.2331714,-3.084453,0.08333584,-0.3142251,0.006424964,0.9456619,9.302845,323.0486,357.6642,0.0394979,0.07181279,-0.9966354,-0.4148138,0.0008022823,0.27903,-1.495156,0.3063277,-1.575005,-0.3087,0.4008,2.069,0.8024426,-0.04022074,0.5953723,-0.06452411,0.9860277,0.1535773,-0.5932307,-0.1616528,0.7886354,static,-49.01753,2.675031,-8.486073,10.96336,-42.43991101154388,15.713293095341935
1548,05/16/2023 12:01:04.738735,1731,True,True,True,True,Eyes,0.02576062,0.2287585,-3.105834,-0.7524248,0.03097405,0.6579495,0.0,0.0,0.0,0.0,0.0,0.0,0.0,1.803581,0.2092263,2.495528,-0.001388784,0.2357196,-3.077137,0.07752595,-0.3068006,0.005514039,0.9485952,8.653869,323.9921,357.8488,0.03643854,0.07196228,-0.9967412,-0.389925,0.0007541454,0.2622882,-1.477726,0.3318209,-1.544855,-0.3086998,0.4007999,2.069,0.811686,-0.03710884,0.5829141,-0.0580312,0.9879186,0.1436981,-0.5812042,-0.1504649,0.7997262,static,-48.83229,2.695303,-8.486069,10.96336,-42.26839788295579,15.726717011597717
1549,05/16/2023 12:01:04.758521,1732,True,True,True,True,Eyes,0.02357577,0.2292059,-3.104001,-0.7499839,0.03209901,0.6606768,0.0,0.0,0.0,0.0,0.0,0.0,0.0,1.76328,0.1542261,2.519215,-0.008288123,0.2387592,-3.069579,0.06799757,-0.2989469,0.003367688,0.9518381,7.553903,324.9971,358.0204,0.03362283,0.07211393,-0.9968292,-0.3665295,0.0007088967,0.2465509,-1.457185,0.3744265,-1.514268,-0.3086996,0.4007999,2.069,0.8212388,-0.03424434,0.5695561,-0.04706631,0.99073,0.1274318,-0.5686401,-0.1314589,0.8120142,static,-48.62249,2.781531,-8.486064,10.96336,-42.07393613455237,15.79945239979745
1550,05/16/2023 12:01:04.778634,1733,True,True,True,True,Eyes,0.02121124,0.2296293,-3.101924,-0.7471688,0.03352655,0.6637883,0.0,0.0,0.0,0.0,0.0,0.0,0.0,1.721015,0.1048943,2.541528,-0.01521108,0.23934,-3.061821,0.05899954,-0.2907459,0.001070433,0.9549789,6.506106,326.0282,358.1391,0.03101871,0.07226872,-0.9969023,-0.3445377,0.0006663629,0.2317578,-1.43497,0.4128719,-1.483572,-0.3086998,0.4007999,2.069,0.8309314,-0.03226327,0.5554388,-0.03635223,0.9930358,0.1120642,-0.5551862,-0.1133091,0.8239717,static,-48.38196,2.891432,-8.48607,10.96336,-41.85095461500756,15.892883215646503
1551,05/16/2023 12:01:04.788889,1734,True,True,True,True,Eyes,0.01865603,0.2300318,-3.099646,-0.7440819,0.03476267,0.6671834,0.0,0.0,0.0,0.0,0.0,0.0,0.0,1.678819,0.08147289,2.561338,-0.02192397,0.2391149,-3.054156,0.05459667,-0.2825674,-0.000257056,0.9576924,5.994234,327.028,358.1938,0.0285993,0.07242621,-0.9969633,-0.3238654,0.0006263811,0.2178524,-1.41335,0.4311398,-1.452983,-0.3086996,0.4007999,2.069,0.8403112,-0.03134684,0.5411974,-0.03036212,0.9940383,0.1047189,-0.5412534,-0.1044284,0.8343497,static,-48.1189,2.982621,-8.486064,10.96336,-41.60718246189414,15.968689314750321
1552,05/16/2023 12:01:04.818250,1735,True,True,True,True,Eyes,0.01595999,0.2304311,-3.09717,-0.7407164,0.03567436,0.6708699,0.0,0.0,0.0,0.0,0.0,0.0,0.0,1.637735,0.07946204,2.579106,-0.02826372,0.2389494,-3.0467,0.05416728,-0.2746339,-0.0005686202,0.9600217,5.951767,327.9791,358.2229,0.02634034,0.072586,-0.9970139,-0.3044335,0.0005887982,0.2047812,-1.393014,0.4323816,-1.422897,-0.3086998,0.4007999,2.069,0.8491518,-0.03084412,0.5272475,-0.02866057,0.9941312,0.1043159,-0.5273707,-0.1036912,0.8432842,static,-47.83273,3.043908,-8.48607,10.96336,-41.34211975745052,16.01667961568012
1553,05/16/2023 12:01:04.828798,1736,True,True,True,True,Eyes,0.01314401,0.2308289,-3.094485,-0.7372563,0.03610563,0.6746477,0.0,0.0,0.0,0.0,0.0,0.0,0.0,1.60003,0.09070349,2.594015,-0.03435846,0.2393818,-3.039531,0.05629442,-0.26734,-0.0002388423,0.9619565,6.210288,328.8419,358.2385,0.02422079,0.07274832,-0.9970558,-0.2861675,0.0005534703,0.1924943,-1.375035,0.423255,-1.394699,-0.3086998,0.4008,2.069,0.8570585,-0.03055902,0.514312,-0.02963999,0.9936618,0.1084333,-0.5143658,-0.1081779,0.8507205,static,-47.53902,3.063419,-8.48607,10.96336,-41.070216245768,16.026477849199615
1554,05/16/2023 12:01:04.848822,1737,True,True,True,True,Eyes,0.01021766,0.2312397,-3.091609,-0.7335923,0.03612681,0.6786288,0.0,0.0,0.0,0.0,0.0,0.0,0.0,1.565902,0.1115822,2.605542,-0.04013101,0.2397804,-3.032202,0.06010852,-0.2607692,0.0002047079,0.9635282,6.657804,329.6086,358.2141,0.02222264,0.07291344,-0.9970903,-0.2689975,0.0005202621,0.1809447,-1.359226,0.4073614,-1.36829,-0.3086997,0.4008,2.069,0.8639988,-0.03095441,0.5025414,-0.03174338,0.9927739,0.1157257,-0.5024921,-0.1159393,0.8567728,static,-47.22882,3.047265,-8.486066,10.96336,-40.78316823166427,16.00339886459512
1555,05/16/2023 12:01:04.858363,1738,True,True,True,True,Eyes,0.0071769,0.2316138,-3.088562,-0.7298834,0.03545887,0.6826513,0.0,0.0,0.0,0.0,0.0,0.0,0.0,1.534815,0.1399573,2.614375,-0.04573154,0.2405812,-3.024935,0.06523854,-0.2547678,0.0004789638,0.964799,7.245912,330.2977,358.1331,0.02033041,0.07308199,-0.9971184,-0.2528576,0.0004890463,0.170088,-1.345041,0.3869865,-1.34355,-0.3086998,0.4007999,2.069,0.8701862,-0.03231715,0.491662,-0.03416556,0.9914874,0.1256401,-0.4915369,-0.1261282,0.8616745,static,-46.91513,2.973435,-8.486068,10.96336,-40.493080253076414,15.927779013336831
1556,05/16/2023 12:01:04.878299,1739,True,True,True,True,Eyes,0.004057844,0.2319448,-3.085352,-0.7260028,0.03430487,0.6868355,0.0,0.0,0.0,0.0,0.0,0.0,0.0,1.505419,0.1751228,2.620964,-0.05102425,0.2401479,-3.017637,0.07118495,-0.2491293,0.0001889762,0.9658506,7.90912,330.9326,357.969,0.01852934,0.07325294,-0.9971411,-0.2376862,0.0004597036,0.1598827,-1.331404,0.3630233,-1.319925,-0.3087,0.4007999,2.069,0.8758692,-0.03510347,0.4812702,-0.03583356,0.9898654,0.1374139,-0.4812164,-0.1376022,0.8657346,static,-46.58797,2.859334,-8.486073,10.96336,-40.19065807670632,15.815175252273416
1557,05/16/2023 12:01:04.888338,1740,True,True,True,True,Eyes,0.0008526733,0.2322563,-3.081976,-0.7220105,0.03270113,0.6911089,0.0,0.0,0.0,0.0,0.0,0.0,0.0,1.476132,0.2169272,2.626536,-0.05604704,0.2395281,-3.010681,0.07822313,-0.2435314,-0.0002022581,0.9667335,8.69319,331.5518,357.7685,0.01680787,0.07342508,-0.9971588,-0.223425,0.0004321213,0.1502897,-1.317518,0.3345897,-1.297103,-0.3086999,0.4008,2.069,0.8813848,-0.03849063,0.4708283,-0.03770852,0.9877622,0.1513404,-0.4708916,-0.1511433,0.8691472,static,-46.25273,2.709038,-8.486071,10.96336,-39.88087690323913,15.669439785697062
1558,05/16/2023 12:01:04.908471,1741,True,True,True,True,Eyes,-0.00241159,0.232565,-3.078417,-0.7178043,0.03095632,0.6955565,0.0,0.0,0.0,0.0,0.0,0.0,0.0,1.444759,0.2517253,2.63245,-0.06086954,0.2394256,-3.003241,0.08400331,-0.237633,-0.001246914,0.9677151,9.322418,332.2062,357.541,0.01515499,0.07359812,-0.9971725,-0.2100195,0.000406194,0.1412724,-1.301751,0.3124801,-1.273625,-0.3086999,0.4007999,2.069,0.887058,-0.04233724,0.4597127,-0.03751061,0.9858838,0.1631752,-0.4601317,-0.1619899,0.8729479,static,-45.90182,2.548315,-8.486071,10.96336,-39.55662695787776,15.513798931307626
1559,05/16/2023 12:01:04.928579,1742,True,True,True,True,Eyes,-0.005731464,0.2328794,-3.074673,-0.7134756,0.02950273,0.7000586,0.0,0.0,0.0,0.0,0.0,0.0,0.0,1.411476,0.2709547,2.639855,-0.06558788,0.239872,-2.995443,0.0871742,-0.2314265,-0.002508709,0.9689356,9.658258,332.9115,357.3715,0.01356171,0.07377236,-0.9971826,-0.1974183,0.0003818224,0.132796,-1.284239,0.3014131,-1.249649,-0.3086998,0.4007999,2.069,0.892871,-0.0452104,0.4480374,-0.03548728,0.9847888,0.1700935,-0.4489121,-0.1677712,0.8776849,static,-45.54382,2.413201,-8.48607,10.96336,-39.225730529948045,15.381253334277554
1560,05/16/2023 12:01:04.938809,1743,True,True,True,True,Eyes,-0.00909291,0.2332135,-3.070735,-0.7088969,0.02833097,0.7047428,0.0,0.0,0.0,0.0,0.0,0.0,0.0,1.376662,0.2703461,2.649388,-0.07026835,0.2405116,-2.987434,0.08697631,-0.2249382,-0.003804605,0.970476,9.619552,333.6731,357.296,0.01201994,0.0739484,-0.9971894,-0.1855732,0.0003589131,0.1248283,-1.265126,0.3038538,-1.225333,-0.3087,0.4007999,2.069,0.8987767,-0.04651316,0.4359325,-0.03174404,0.9848412,0.1705285,-0.4372562,-0.1671052,0.8836758,static,-45.16837,2.302076,-8.486074,10.96336,-38.878604407379214,15.270049684263704
1561,05/16/2023 12:01:04.958611,1744,True,True,True,True,Eyes,-0.012484,0.2335255,-3.066595,-0.7041584,0.02788468,0.7094952,0.0,0.0,0.0,0.0,0.0,0.0,0.0,1.340775,0.2553731,2.660012,-0.07465378,0.2408876,-2.979086,0.08421875,-0.218303,-0.005340743,0.9722255,9.28976,334.4669,357.2613,0.01052321,0.07412714,-0.997193,-0.1744388,0.0003373783,0.1173386,-1.244598,0.3165426,-1.200828,-0.3086997,0.4007999,2.069,0.9046305,-0.04715523,0.42358,-0.0263856,0.9857574,0.166091,-0.4253791,-0.1614274,0.8905019,static,-44.7837,2.250688,-8.486068,10.96336,-38.522747891418355,15.212917273492266
1562,05/16/2023 12:01:04.978836,1745,True,True,True,True,Eyes,-0.01589141,0.2337757,-3.062261,-0.6991692,0.02759711,0.7144235,0.0,0.0,0.0,0.0,0.0,0.0,0.0,1.303746,0.2366237,2.670463,-0.07894851,0.2405987,-2.970353,0.08077596,-0.2114843,-0.006638848,0.9740153,8.890467,335.287,357.2676,0.009065086,0.07430823,-0.9971938,-0.1639725,0.0003171356,0.1102982,-1.223119,0.3309166,-1.176081,-0.3086997,0.4007999,2.069,0.9104607,-0.04709838,0.4109054,-0.02123303,0.9868624,0.1601621,-0.4130504,-0.154546,0.8974992,static,-44.38174,2.21215,-8.486065,10.96336,-38.15084649156594,15.167002118166007
1563,05/16/2023 12:01:04.991708,1746,True,True,True,True,Eyes,-0.01931054,0.2339893,-3.057732,-0.6939728,0.02748008,0.7194766,0.0,0.0,0.0,0.0,0.0,0.0,0.0,1.265253,0.2247774,2.680266,-0.08279426,0.239354,-2.961599,0.07864742,-0.2044726,-0.006770907,0.9756842,8.667563,336.1284,357.3692,0.007641374,0.07448993,-0.9971923,-0.1541341,0.0002981074,0.1036803,-1.200985,0.3373656,-1.151423,-0.3086998,0.4007999,2.069,0.9162902,-0.04537503,0.3979365,-0.01894996,0.9875374,0.156239,-0.4000665,-0.1507012,0.904011,static,-43.96629,2.187323,-8.486068,10.96336,-37.76641440600411,15.133189925725285
1564,05/16/2023 12:01:05.008780,1747,True,True,True,True,Eyes,-0.02271758,0.2342069,-3.053023,-0.688556,0.0272902,0.7246695,0.0,0.0,0.0,0.0,0.0,0.0,0.0,1.226186,0.2231681,2.688627,-0.08647704,0.2386976,-2.952558,0.07863954,-0.1974003,-0.00585836,0.9771463,8.70643,336.9704,357.536,0.006248114,0.07467145,-0.9971883,-0.1448861,0.000280221,0.09745953,-1.179033,0.334443,-1.126674,-0.3086998,0.4007999,2.069,0.9219977,-0.04249589,0.3848565,-0.01959799,0.987563,0.1559976,-0.3866993,-0.1513718,0.9096979,static,-43.53618,2.156673,-8.48607,10.96336,-37.36843316066375,15.093686214005134
1565,05/16/2023 12:01:05.028649,1748,True,True,True,True,Eyes,-0.0260512,0.2343954,-3.048105,-0.6828361,0.02728911,0.7300618,0.0,0.0,0.0,0.0,0.0,0.0,0.0,1.188004,0.2233473,2.696197,-0.08964317,0.2390577,-2.943727,0.07908884,-0.1905415,-0.005006704,0.9784754,8.792992,337.783,357.6839,0.00488172,0.07485355,-0.9971824,-0.1361929,0.0002634077,0.09161196,-1.157193,0.3308745,-1.102911,-0.3087,0.4007999,2.069,0.9273377,-0.03993729,0.3720884,-0.02034155,0.9874398,0.1566809,-0.3736723,-0.152865,0.9148778,static,-43.08562,2.140672,-8.486073,10.96336,-36.95147640635381,15.066950175656036
1566,05/16/2023 12:01:05.038525,1749,True,True,True,True,Eyes,-0.02936598,0.2345459,-3.042995,-0.6769146,0.02724982,0.735557,0.0,0.0,0.0,0.0,0.0,0.0,0.0,1.151011,0.2222932,2.702503,-0.09287871,0.238679,-2.93465,0.07910892,-0.1838921,-0.004571996,0.9797472,8.820069,338.5691,357.793,0.003541777,0.07503572,-0.9971743,-0.1280214,0.0002476033,0.08611524,-1.135789,0.3289489,-1.079687,-0.3086998,0.4008,2.069,0.9323256,-0.0380538,0.3596121,-0.02013621,0.9874417,0.156695,-0.3610588,-0.153332,0.919851,static,-42.62259,2.121638,-8.486068,10.96336,-36.52298821759398,15.037118877551567
1567,05/16/2023 12:01:05.058656,1750,True,True,True,True,Eyes,-0.03265756,0.234687,-3.037689,-0.6704314,0.02741349,0.7414649,0.0,0.0,0.0,0.0,0.0,0.0,0.0,1.113594,0.2223066,2.707869,-0.09580272,0.2379439,-2.92511,0.07925042,-0.1772333,-0.004194859,0.980964,8.858608,339.3542,357.8933,0.002225555,0.07521732,-0.9971644,-0.1203401,0.0002327471,0.08094832,-1.113865,0.3262886,-1.056303,-0.3087,0.4008,2.069,0.9371415,-0.03632163,0.3470539,-0.01986161,0.9874035,0.1569705,-0.3483838,-0.1539966,0.9246155,static,-42.11984,2.117379,-8.486073,10.96336,-36.05768902534026,15.019648651261592
1568,05/16/2023 12:01:05.078648,1751,True,True,True,True,Eyes,-0.03591527,0.2348243,-3.032183,-0.6637712,0.02766745,0.7474238,0.0,0.0,0.0,0.0,0.0,0.0,0.0,1.076214,0.2187383,2.712745,-0.09862907,0.2378617,-2.915263,0.07888311,-0.1705903,-0.003834512,0.982172,8.838236,340.1392,358.0023,0.0009312239,0.0753986,-0.9971528,-0.1131197,0.0002187822,0.07609142,-1.09169,0.3264031,-1.033061,-0.3086998,0.4007999,2.069,0.9417685,-0.03444568,0.334493,-0.01938108,0.9875255,0.1562618,-0.3357029,-0.1536453,0.9293528,static,-41.6076,2.119955,-8.48607,10.96336,-35.58358396144483,15.008137023804698
1870,05/16/2023 12:01:10.110289,2053,True,True,True,True,Eyes,2.212949,0.2206324,-2.040832,0.2492242,-0.2202603,-0.9430655,0.0,0.0,0.0,0.0,0.0,0.0,0.0,0.9853867,-0.7220987,-2.816798,2.243002,0.2275006,-2.084213,0.03295805,0.9668189,-0.07585892,0.2417032,9.35876,152.0563,1.571435,0.7345093,0.07498436,-0.6744394,0.3144312,-0.0009430539,-0.2736356,2.569988,-0.2830405,-4.099691,0.6501603,-0.2071999,1.991001,-0.8809869,0.02705826,-0.4723667,0.1003996,0.9863183,-0.1307515,0.462366,-0.1626158,-0.8716502,static,-14.80316,13.14622,18.08442,-5.941282,-10.738755945017878,24.309688966662616
1871,05/16/2023 12:01:10.128539,2054,True,True,True,True,Eyes,2.214662,0.220759,-2.043586,0.2459371,-0.2205027,-0.9438715,0.0,0.0,0.0,0.0,0.0,0.0,0.0,1.02047,-0.7215611,-2.814659,2.248005,0.2268852,-2.09268,0.0331696,0.968295,-0.07551511,0.235801,9.316306,152.7627,1.662122,0.7343733,0.07479547,-0.6746082,0.2955653,-0.0008864707,-0.2572174,2.550103,-0.2811987,-4.112659,0.6501599,-0.2071999,1.991,-0.8865952,0.02862284,-0.4616595,0.099849,0.9863945,-0.1305989,0.4516403,-0.1618846,-0.8773907,static,-14.60438,13.14934,18.08442,-5.941283,-10.554767608402942,24.307149863694484
1872,05/16/2023 12:01:10.138951,2055,True,True,True,True,Eyes,2.216501,0.2208545,-2.046589,0.2423664,-0.2206581,-0.9447585,0.0,0.0,0.0,0.0,0.0,0.0,0.0,1.05423,-0.7154627,-2.8143,2.253263,0.2261677,-2.101244,0.03274475,0.9697191,-0.07449343,0.2302679,9.1811,153.4202,1.694968,0.7342318,0.07462209,-0.6747813,0.2778314,-0.0008332824,-0.2417844,2.532626,-0.2769791,-4.125725,0.6501603,-0.2071999,1.991001,-0.8918089,0.02919952,-0.4514689,0.09781331,0.986757,-0.1293953,0.4417118,-0.1595556,-0.8828547,static,-14.38826,13.14635,18.08442,-5.941284,-10.35475062170714,24.29858578057416
1873,05/16/2023 12:01:10.158680,2056,True,True,True,True,Eyes,2.218444,0.2209106,-2.049848,0.2387849,-0.2205525,-0.9456946,0.0,0.0,0.0,0.0,0.0,0.0,0.0,1.086576,-0.7104425,-2.813896,2.258244,0.2254992,-2.110184,0.03241224,0.9710565,-0.07361664,0.2248987,9.064762,154.0574,1.73134,0.7340831,0.07446104,-0.6749607,0.2611615,-0.0007832855,-0.2272773,2.515441,-0.2733053,-4.138672,0.6501598,-0.2072001,1.991,-0.8967398,0.02983564,-0.4415509,0.0960608,0.9870601,-0.1283928,0.4320066,-0.1575508,-0.8880022,static,-14.17081,13.12772,18.08442,-5.941289,-10.153554236765418,24.27576381617017
1874,05/16/2023 12:01:10.178774,2057,True,True,True,True,Eyes,2.22051,0.2209328,-2.053347,0.2349409,-0.2204453,-0.9466819,0.0,0.0,0.0,0.0,0.0,0.0,0.0,1.118837,-0.7054597,-2.813348,2.2633,0.2245805,-2.1193,0.03177502,0.9723338,-0.07300492,0.2196079,8.970529,154.6811,1.724579,0.7339256,0.07430918,-0.6751485,0.2454918,-0.0007362883,-0.2136407,2.498765,-0.2711147,-4.151188,0.6501606,-0.2071998,1.991002,-0.9015256,0.02972694,-0.4317039,0.09385679,0.9873212,-0.1280142,0.4224249,-0.1559264,-0.8928854,static,-13.93768,13.10836,18.08442,-5.941278,-9.93784785382029,24.251853959596076
1875,05/16/2023 12:01:10.189038,2058,True,True,True,True,Eyes,2.222734,0.2209136,-2.05706,0.2304561,-0.2205144,-0.9477676,0.0,0.0,0.0,0.0,0.0,0.0,0.0,1.151606,-0.7018911,-2.812005,2.268384,0.2237845,-2.128515,0.03066627,0.9735501,-0.07298471,0.2143199,8.931489,155.2984,1.648916,0.7337582,0.0741639,-0.6753463,0.2307623,-0.000692111,-0.2008222,2.482257,-0.2714462,-4.162901,0.6501603,-0.2072,1.991001,-0.9062531,0.02842614,-0.4217788,0.09099445,0.9874656,-0.1289637,0.4128261,-0.1552533,-0.8974804,static,-13.66663,13.09782,18.08442,-5.941285,-9.687016065692651,24.234938801786484
1876,05/16/2023 12:01:10.208485,2059,True,True,True,True,Eyes,2.225067,0.2208629,-2.060996,0.2257445,-0.2206616,-0.9488667,0.0,0.0,0.0,0.0,0.0,0.0,0.0,1.184514,-0.7000316,-2.809881,2.273448,0.2227542,-2.137841,0.02923157,0.9746904,-0.07359267,0.2090657,8.956397,155.9067,1.520556,0.7335808,0.07402258,-0.6755543,0.2169166,-0.0006505843,-0.1887729,2.465914,-0.2747697,-4.173805,0.6501601,-0.2071999,1.991001,-0.9108743,0.02621206,-0.4118511,0.08775485,0.9874592,-0.1312375,0.4032462,-0.1556827,-0.9017515,static,-13.38243,13.0916,18.08441,-5.941281,-9.423999235977634,24.22159629117222
1877,05/16/2023 12:01:10.228546,2060,True,True,True,True,Eyes,2.227501,0.2207766,-2.065154,0.2205618,-0.2212543,-0.9499469,0.0,0.0,0.0,0.0,0.0,0.0,0.0,1.217646,-0.7001339,-2.806732,2.278463,0.2219589,-2.147076,0.02773253,0.9757728,-0.07461618,0.2037916,9.028175,156.5151,1.375598,0.7333927,0.07388327,-0.6757735,0.2039016,-0.0006115493,-0.1774465,2.449388,-0.2796287,-4.183966,0.650161,-0.2071999,1.991002,-0.9154001,0.023709,-0.4018472,0.08453359,0.9873266,-0.1343136,0.3935699,-0.1569202,-0.9058031,static,-13.07151,13.11114,18.08443,-5.941278,-9.13616715377843,24.230955433021254
1878,05/16/2023 12:01:10.238951,2061,True,True,True,True,Eyes,2.23003,0.2206651,-2.069529,0.2151772,-0.2219113,-0.951028,0.0,0.0,0.0,0.0,0.0,0.0,0.0,1.249216,-0.702921,-2.803438,2.283496,0.2210414,-2.156545,0.02662261,0.9767482,-0.07593273,0.1987172,9.143926,157.1018,1.266905,0.733193,0.0737441,-0.6760051,0.1916675,-0.0005748564,-0.1667998,2.43342,-0.2856832,-4.193817,0.6501604,-0.2071998,1.991002,-0.9196057,0.02182889,-0.3922363,0.08218544,0.9870509,-0.1377536,0.3841502,-0.158915,-0.9094916,static,-12.74894,13.13429,18.08442,-5.941275,-8.837540674872832,24.24328216732011
1879,05/16/2023 12:01:10.264033,2062,True,True,True,True,Eyes,2.232636,0.2205251,-2.074129,0.2094018,-0.2228413,-0.952099,0.0,0.0,0.0,0.0,0.0,0.0,0.0,1.281295,-0.705861,-2.799501,2.288392,0.2203408,-2.166072,0.02576122,0.9777296,-0.07708033,0.1934941,9.247338,157.7079,1.192777,0.7329808,0.07360376,-0.67625,0.1801674,-0.000540365,-0.1567918,2.416588,-0.2907112,-4.203747,0.6501603,-0.2071998,1.991002,-0.9237931,0.02054584,-0.3823412,0.0802042,0.98679,-0.1407581,0.3743985,-0.1606967,-0.9132376,static,-12.40397,13.1731,18.08441,-5.941277,-8.518130558518735,24.26924316713651
1880,05/16/2023 12:01:10.278811,2063,True,True,True,True,Eyes,2.235332,0.2203578,-2.078942,0.2033892,-0.2237871,-0.95318,0.0,0.0,0.0,0.0,0.0,0.0,0.0,1.315151,-0.708295,-2.794832,2.293382,0.2195421,-2.175912,0.02498514,0.9787495,-0.07809836,0.1879519,9.338649,158.3521,1.135305,0.7327552,0.073461,-0.6765096,0.1693574,-0.0005079431,-0.1473843,2.398502,-0.2952389,-4.213969,0.6501601,-0.2071998,1.991002,-0.9280999,0.01955092,-0.3718182,0.07826584,0.9865528,-0.1434855,0.364013,-0.1622695,-0.9171497,static,-12.04511,13.21257,18.08441,-5.941277,-8.185862570844325,24.295428654891005
1881,05/16/2023 12:01:10.288657,2064,True,True,True,True,Eyes,2.23808,0.2201602,-2.083975,0.1970264,-0.224828,-0.954271,0.0,0.0,0.0,0.0,0.0,0.0,0.0,1.351399,-0.7093568,-2.788997,2.298331,0.2187288,-2.185818,0.02430355,0.9798393,-0.07880396,0.1819738,9.397076,159.0485,1.100396,0.7325155,0.07331472,-0.6767846,0.1591959,-0.0004774665,-0.1385412,2.378572,-0.2984164,-4.224407,0.65016,-0.2071999,1.991001,-0.9325899,0.01894664,-0.3604404,0.07630765,0.9863986,-0.1455852,0.3527796,-0.1632757,-0.9213511,static,-11.66582,13.25723,18.08442,-5.941284,-7.834668770990151,24.325781011204377
1882,05/16/2023 12:01:10.308501,2065,True,True,True,True,Eyes,2.24091,0.2199193,-2.089209,0.1903764,-0.225871,-0.9553738,0.0,0.0,0.0,0.0,0.0,0.0,0.0,1.389915,-0.7105664,-2.781496,2.303074,0.2178312,-2.195879,0.02372566,0.9809687,-0.07950762,0.1755451,9.457666,159.7981,1.082421,0.7322604,0.07316391,-0.6770764,0.1496442,-0.0004488185,-0.1302287,2.356494,-0.3015597,-4.234777,0.6501603,-0.2071998,1.991001,-0.9372421,0.01863392,-0.3481813,0.07446261,0.9862313,-0.1476591,0.3406358,-0.1643188,-0.9257251,static,-11.26965,13.30172,18.08442,-5.94128,-7.467852483603565,24.355522244509757
1883,05/16/2023 12:01:10.328727,2066,True,True,True,True,Eyes,2.24379,0.2196696,-2.094656,0.1833749,-0.2269805,-0.9564797,0.0,0.0,0.0,0.0,0.0,0.0,0.0,1.430645,-0.712315,-2.772291,2.307972,0.2165609,-2.205925,0.02351426,0.9821231,-0.08014533,0.1686952,9.518068,160.5999,1.112456,0.7319897,0.07300724,-0.6773853,0.1406655,-0.0004218894,-0.122415,2.332594,-0.3045283,-4.24494,0.6501604,-0.2071999,1.991001,-0.9419781,0.01914754,-0.3351281,0.07322807,0.9860476,-0.1494917,0.3275898,-0.1653586,-0.9302374,static,-10.85297,13.34982,18.08442,-5.941282,-7.082041550373253,24.38799144241677
1884,05/16/2023 12:01:10.348468,2067,True,True,True,True,Eyes,2.246753,0.2194177,-2.100297,0.1760601,-0.2280267,-0.9576046,0.0,0.0,0.0,0.0,0.0,0.0,0.0,1.472786,-0.7191404,-2.760669,2.31277,0.2161307,-2.216289,0.02337231,0.9832082,-0.08159323,0.1615484,9.671428,161.4349,1.1391,0.7317049,0.07284569,-0.6777111,0.1322256,-0.000396576,-0.1150701,2.307162,-0.3098264,-4.254195,0.65016,-0.2072,1.991,-0.9467115,0.01959719,-0.3214855,0.07232222,0.9855925,-0.1528947,0.3138574,-0.1679978,-0.9344892,static,-10.41776,13.39395,18.08442,-5.941286,-6.679093523675631,24.41634944006867
1885,05/16/2023 12:01:10.358662,2068,True,True,True,True,Eyes,2.249735,0.2191346,-2.106156,0.1685646,-0.2290322,-0.9587128,0.0,0.0,0.0,0.0,0.0,0.0,0.0,1.517129,-0.7168856,-2.749752,2.317719,0.2159995,-2.226714,0.02266162,0.9844145,-0.08161931,0.15412,9.652938,162.2995,1.130976,0.7314034,0.07267835,-0.6780551,0.1242921,-0.0003727815,-0.1081659,2.281432,-0.3094262,-4.264442,0.6501601,-0.2072,1.991001,-0.9514672,0.01945852,-0.3071351,0.06977518,0.9856495,-0.1537092,0.2997366,-0.1676797,-0.9391708,static,-9.97204,13.43588,18.08442,-5.941285,-6.266425366748667,24.44242265948565
1886,05/16/2023 12:01:10.384331,2069,True,True,True,True,Eyes,2.252797,0.2188485,-2.112203,0.1607684,-0.2300047,-0.9598184,0.0,0.0,0.0,0.0,0.0,0.0,0.0,1.561884,-0.7152172,-2.73777,2.322635,0.2148092,-2.237324,0.02235473,0.9855754,-0.08167737,0.1465274,9.645377,163.186,1.169902,0.731081,0.07250292,-0.6784221,0.1168345,-0.0003504146,-0.1016759,2.254738,-0.3099236,-4.274423,0.6501608,-0.2071998,1.991001,-0.9560603,0.0201286,-0.2924795,0.0680005,0.9856582,-0.1544473,0.2851759,-0.1675496,-0.9437174,static,-9.508706,13.47588,18.08443,-5.94128,-5.837461181523421,24.466264484560327
1887,05/16/2023 12:01:10.389010,2070,True,True,True,True,Eyes,2.255964,0.218558,-2.118425,0.15276,-0.230869,-0.9609182,0.0,0.0,0.0,0.0,0.0,0.0,0.0,1.606607,-0.7156926,-2.724711,2.327751,0.2144472,-2.247896,0.02224568,0.9866631,-0.08185603,0.1389281,9.654683,164.074,1.22953,0.7307429,0.07232235,-0.6788061,0.1098245,-0.0003293897,-0.09557538,2.228106,-0.3099279,-4.283782,0.6501606,-0.2071998,1.991003,-0.9604086,0.02115378,-0.2777923,0.06664219,0.9856095,-0.1553475,0.2705086,-0.1677097,-0.9479975,static,-9.032889,13.50975,18.08442,-5.941275,-5.396963740605983,24.484194505477046
1888,05/16/2023 12:01:10.408407,2071,True,True,True,True,Eyes,2.259212,0.2182667,-2.124815,0.1445462,-0.2317167,-0.9619843,0.0,0.0,0.0,0.0,0.0,0.0,0.0,1.649138,-0.7165505,-2.712239,2.332931,0.2140533,-2.258528,0.02226855,0.987642,-0.08200191,0.131694,9.66239,164.9198,1.301332,0.7303863,0.07213497,-0.6792101,0.103235,-0.0003096263,-0.08984086,2.203032,-0.3097728,-4.292848,0.6501607,-0.2071999,1.991001,-0.9643218,0.02238839,-0.2637852,0.06558503,0.9855596,-0.1561118,0.2564809,-0.1678423,-0.9518649,static,-8.545245,13.54305,18.08443,-5.941283,-4.9455218644545464,24.50128633527304
1889,05/16/2023 12:01:10.428493,2072,True,True,True,True,Eyes,2.341901,0.2111912,-2.288832,-0.06230863,-0.2440805,-0.9677511,0.0,0.0,0.0,0.0,0.0,0.0,0.0,1.687616,-0.7201961,-2.700847,2.338243,0.213743,-2.268974,0.02260788,0.9884498,-0.08241492,0.1251549,9.705557,165.6863,1.39894,0.7300134,0.07194193,-0.6796317,0.09704091,-0.0002910488,-0.08445041,2.180771,-0.3104377,-4.301254,0.6501606,-0.2072,1.991001,-0.9676505,0.02406424,-0.2511452,0.06532277,0.9853933,-0.157267,0.2436923,-0.168585,-0.9550883,static,3.683903,14.15558,18.08442,-5.941283,6.3750145986281845,24.727527869300925
1890,05/16/2023 12:01:10.438621,2073,True,True,True,True,Eyes,2.34211,0.2111616,-2.289257,-0.06272373,-0.2440823,-0.967724,0.0,0.0,0.0,0.0,0.0,0.0,0.0,1.721898,-0.7224208,-2.69212,2.343611,0.2136858,-2.279508,0.02267283,0.9891353,-0.08267535,0.1194246,9.727914,166.3555,1.459614,0.727982,0.07095644,-0.6819108,0.3392849,-0.0215001,-0.5714335,2.162198,-0.3105642,-4.309773,0.6501605,-0.2071998,1.991002,-0.9704478,0.02510605,-0.2400032,0.06459995,0.9853014,-0.1581388,0.2325053,-0.1689696,-0.9578054,static,3.70848,14.15606,18.08442,-5.941276,6.397763079939224,24.7272996370176
1891,05/16/2023 12:01:10.458799,2074,True,True,True,True,Eyes,2.342527,0.2111105,-2.290086,-0.06325634,-0.2441426,-0.9676741,0.0,0.0,0.0,0.0,0.0,0.0,0.0,1.752975,-0.7248675,-2.685027,2.348946,0.2129453,-2.29016,0.02292233,0.98972,-0.0829384,0.1142365,9.753445,166.9629,1.536384,0.7262718,0.0701367,-0.683817,0.3189278,-0.02021009,-0.5371475,2.145754,-0.3112993,-4.318363,0.65016,-0.2071999,1.991001,-0.9728491,0.02642421,-0.2299265,0.06432256,0.9851916,-0.1589345,0.2223219,-0.1694087,-0.9601424,static,3.740073,14.16012,18.08441,-5.941282,6.427016925130712,24.730137048620215
1892,05/16/2023 12:01:10.478813,2075,True,True,True,True,Eyes,2.34313,0.2110435,-2.291296,-0.06410239,-0.2443135,-0.9675753,0.0,0.0,0.0,0.0,0.0,0.0,0.0,1.780908,-0.7314986,-2.678499,2.354277,0.2124095,-2.300725,0.02302757,0.9901384,-0.08409877,0.1096515,9.880209,167.4978,1.579656,0.7248264,0.06945212,-0.6854188,0.2997921,-0.01899748,-0.5049187,2.131786,-0.3156164,-4.32592,0.6501603,-0.2071998,1.991002,-0.9748928,0.02715785,-0.2210135,0.06404408,0.9847943,-0.1614888,0.2132671,-0.1715888,-0.9618082,static,3.790338,14.17102,18.08441,-5.941277,6.473574930184542,24.738689269031667
1893,05/16/2023 12:01:10.488697,2076,True,True,True,True,Eyes,2.343927,0.2110194,-2.292884,-0.06567071,-0.2448155,-0.9673432,0.0,0.0,0.0,0.0,0.0,0.0,0.0,1.807703,-0.7371564,-2.672455,2.359446,0.2119908,-2.311119,0.02243575,0.990485,-0.08561637,0.1053861,10.0398,167.9883,1.536257,0.7235989,0.06887767,-0.6867726,0.2818046,-0.01785763,-0.4746236,2.11944,-0.321895,-4.332774,0.6501604,-0.2071998,1.991002,-0.9767811,0.02639898,-0.2126084,0.06249009,0.984333,-0.1648746,0.204925,-0.1743323,-0.9631274,static,3.88372,14.20223,18.08442,-5.941277,6.560106233338857,24.764543823492815
1894,05/16/2023 12:01:10.508520,2077,True,True,True,True,Eyes,2.344891,0.2110928,-2.294834,-0.06749689,-0.2453554,-0.9670806,0.0,0.0,0.0,0.0,0.0,0.0,0.0,1.834642,-0.7450928,-2.665892,2.364636,0.2130496,-2.321887,0.02144444,0.9907715,-0.08763061,0.1011585,10.25226,168.4699,1.442042,0.722549,0.06839392,-0.6879256,0.2648963,-0.01678617,-0.4461462,2.107514,-0.3290401,-4.33925,0.6501604,-0.2071999,1.991001,-0.9786143,0.02476392,-0.2042083,0.06022223,0.9837221,-0.1693052,0.1966915,-0.1779824,-0.9641759,static,3.992455,14.23599,18.08442,-5.941282,6.660855698290099,24.792301929900326
1895,05/16/2023 12:01:10.528518,2078,True,True,True,True,Eyes,2.345946,0.2112207,-2.29715,-0.06983558,-0.2458457,-0.96679,0.0,0.0,0.0,0.0,0.0,0.0,0.0,1.862555,-0.7446356,-2.660646,2.369673,0.2154765,-2.332562,0.01987334,0.9911849,-0.08819699,0.09684496,10.29337,168.9562,1.29949,0.7216226,0.06797569,-0.6889389,0.2490025,-0.015779,-0.4193774,2.095777,-0.3295975,-4.346911,0.6501607,-0.2071998,1.991002,-0.9804525,0.02231345,-0.1954881,0.05647919,0.9836527,-0.1709898,0.188477,-0.1786883,-0.965685,static,4.131556,14.26739,18.08442,-5.941277,6.789702209168386,24.817092739365
1896,05/16/2023 12:01:10.538688,2079,True,True,True,True,Eyes,2.347144,0.2113484,-2.299802,-0.07248193,-0.2462488,-0.9664925,0.0,0.0,0.0,0.0,0.0,0.0,0.0,1.893773,-0.7299328,-2.656701,2.37462,0.2169211,-2.343364,0.01766619,0.9918185,-0.08668051,0.09203602,10.08998,169.4949,1.110903,0.7207682,0.06759837,-0.68987,0.2340624,-0.01483226,-0.3942147,2.082704,-0.3234381,-4.356452,0.6501604,-0.2071999,1.991002,-0.9824348,0.01908786,-0.1856287,0.05099877,0.9843488,-0.1686908,0.1795034,-0.1751945,-0.9680319,static,4.288858,14.29404,18.08442,-5.941281,6.935378740524312,24.837071969874817
1897,05/16/2023 12:01:10.558437,2080,True,True,True,True,Eyes,2.348448,0.2115202,-2.302793,-0.075771,-0.2465427,-0.9661654,0.0,0.0,0.0,0.0,0.0,0.0,0.0,1.92943,-0.7128056,-2.649408,2.379322,0.2170882,-2.354115,0.01506532,0.9924797,-0.0853552,0.08643884,9.905931,170.1213,0.8810881,0.7199767,0.06725752,-0.6907296,0.2200186,-0.01394233,-0.3705619,2.066409,-0.3196639,-4.365012,0.6501601,-0.2071999,1.991001,-0.9846026,0.01514803,-0.1741494,0.04466005,0.984975,-0.1668221,0.1690058,-0.172031,-0.9704856,static,4.484212,14.31505,18.08442,-5.941282,7.1162551735850545,24.850893427571968
1898,05/16/2023 12:01:10.578645,2081,True,True,True,True,Eyes,2.349839,0.2117649,-2.306122,-0.07968606,-0.2466176,-0.9658312,0.0,0.0,0.0,0.0,0.0,0.0,0.0,1.976522,-0.6930416,-2.633514,2.383286,0.2182844,-2.365299,0.0120993,0.9933038,-0.08378538,0.07862151,9.691968,171.0023,0.6313648,0.7192376,0.06694996,-0.6915292,0.2068175,-0.01310579,-0.3483281,2.040581,-0.3140712,-4.372505,0.6501605,-0.2071999,1.991002,-0.9873448,0.0108619,-0.1582176,0.03721124,0.9856672,-0.1645461,0.1541626,-0.1683512,-0.9735976,static,4.716516,14.32397,18.08442,-5.941279,7.331290302179477,24.852721743278316
1899,05/16/2023 12:01:10.588739,2082,True,True,True,True,Eyes,2.35136,0.212086,-2.309754,-0.08433206,-0.2464183,-0.9654875,0.0,0.0,0.0,0.0,0.0,0.0,0.0,2.034722,-0.6680725,-2.609342,2.386934,0.220182,-2.376792,0.009824727,0.9943418,-0.08060645,0.0684885,9.302475,172.1597,0.4933387,0.7185423,0.06667419,-0.6922783,0.1944085,-0.01231944,-0.3274285,2.004687,-0.3005991,-4.37989,0.6501604,-0.2071998,1.991001,-0.9904259,0.008497043,-0.1377858,0.0305795,0.9868121,-0.1589549,0.1346181,-0.1616465,-0.9776241,static,4.991923,14.31775,18.08442,-5.941279,7.586168893670502,24.839617048428074
1900,05/16/2023 12:01:10.608812,2083,True,True,True,True,Eyes,2.35298,0.2124187,-2.313682,-0.08950152,-0.2460091,-0.9651264,0.0,0.0,0.0,0.0,0.0,0.0,0.0,2.095093,-0.6380337,-2.583303,2.391442,0.2222362,-2.387796,0.007664359,0.9953634,-0.0763379,0.05801161,8.792542,173.3575,0.3710953,0.7178831,0.06642836,-0.6929857,0.182744,-0.01158027,-0.3077827,1.96834,-0.2827017,-4.386733,0.6501601,-0.2072,1.991,-0.9931518,0.006400675,-0.1166554,0.02411461,0.9882276,-0.1510787,0.1143151,-0.1528572,-0.9816143,static,5.298202,14.30008,18.08442,-5.941287,7.8695828828284,24.815265568116892
1901,05/16/2023 12:01:10.628484,2084,True,True,True,True,Eyes,2.354722,0.2127668,-2.317887,-0.09516235,-0.2456227,-0.9646832,0.0,0.0,0.0,0.0,0.0,0.0,0.0,2.150867,-0.6064042,-2.559144,2.395593,0.2227999,-2.398889,0.004762411,0.9961683,-0.07270673,0.04837387,8.355637,174.4502,0.1421191,0.7172539,0.06620955,-0.6936578,0.1717793,-0.01088546,-0.2893158,1.93559,-0.2699307,-4.392715,0.6501603,-0.2071998,1.991002,-0.9952747,0.002454113,-0.09706955,0.01652254,0.9893821,-0.1443955,0.09568451,-0.145317,-0.9847475,static,5.633785,14.28483,18.08442,-5.941277,8.180126758191937,24.792322107744866
1902,05/16/2023 12:01:10.638611,2085,True,True,True,True,Eyes,2.356548,0.2131269,-2.322354,-0.1012234,-0.245211,-0.9641708,0.0,0.0,0.0,0.0,0.0,0.0,0.0,2.20381,-0.581565,-2.53426,2.400069,0.2234776,-2.409811,0.001507573,0.9967152,-0.07078588,0.03932009,8.118754,175.4712,359.8517,0.7166505,0.06601518,-0.6942998,0.1614726,-0.01023233,-0.2719568,1.90578,-0.2644899,-4.39659,0.6501604,-0.2071999,1.991001,-0.9969035,-0.002561372,-0.07859528,0.008571856,0.9899742,-0.1409882,0.07816843,-0.1412253,-0.9868868,static,5.993237,14.26914,18.08442,-5.941282,8.512760802149009,24.76833298073582
1903,05/16/2023 12:01:10.658978,2086,True,True,True,True,Eyes,2.358489,0.2134509,-2.327064,-0.1076375,-0.2449761,-0.9635356,0.0,0.0,0.0,0.0,0.0,0.0,0.0,2.252692,-0.5625659,-2.509583,2.404052,0.2241214,-2.420619,-0.00109159,0.9971077,-0.06947966,0.0307863,7.960489,176.4371,359.6266,0.7160662,0.06584226,-0.6949189,0.1517842,-0.00961839,-0.2556394,1.87723,-0.2610084,-4.399719,0.6501606,-0.2071998,1.991002,-0.9981022,-0.006454909,-0.06124283,0.002101178,0.9903427,-0.1386246,0.06154619,-0.1384902,-0.9884498,static,6.374141,14.26504,18.08442,-5.941275,8.865287656726721,24.754302788682004
1904,05/16/2023 12:01:10.678730,2087,True,True,True,True,Eyes,2.360484,0.2137013,-2.332003,-0.1144357,-0.2449124,-0.9627681,0.0,0.0,0.0,0.0,0.0,0.0,0.0,2.299752,-0.553912,-2.482753,2.40805,0.2235446,-2.431267,-0.002312915,0.9973453,-0.06926692,0.0223461,7.935758,177.402,359.554,0.7154978,0.06568722,-0.6955188,0.1426772,-0.009041287,-0.240301,1.848244,-0.26156,-4.401297,0.6501603,-0.2071999,1.991002,-0.9989907,-0.00770924,-0.04425313,-0.001517859,0.9903935,-0.1382694,0.04489397,-0.1380627,-0.9894057,static,6.778438,14.27238,18.08442,-5.941281,9.239503292793943,24.75004263584112
1905,05/16/2023 12:01:10.688819,2088,True,True,True,True,Eyes,2.362569,0.2139651,-2.337157,-0.1214141,-0.2453683,-0.9617968,0.0,0.0,0.0,0.0,0.0,0.0,0.0,2.343789,-0.5638039,-2.452717,2.411524,0.2220613,-2.441777,-0.001929079,0.9973382,-0.07151024,0.01411222,8.197477,178.3543,359.6604,0.7149413,0.06554567,-0.6961041,0.1341165,-0.008498809,-0.225883,1.818601,-0.2707195,-4.400178,0.6501606,-0.2072,1.991001,-0.9995945,-0.005866225,-0.02787341,-0.001829553,0.9897651,-0.1426942,0.02842521,-0.1425853,-0.9893745,static,7.194777,14.31171,18.08442,-5.941282,9.62496970378655,24.774546238591654
1906,05/16/2023 12:01:10.708762,2089,True,True,True,True,Eyes,2.36468,0.2142883,-2.342518,-0.1287105,-0.2459454,-0.9606999,0.0,0.0,0.0,0.0,0.0,0.0,0.0,2.386493,-0.5868995,-2.419469,2.414738,0.2226878,-2.452158,-0.001192454,0.9971104,-0.07572099,0.005979222,8.68431,179.2984,359.8097,0.7143943,0.0654164,-0.6966777,0.1260695,-0.00798888,-0.21233,1.789031,-0.2848918,-4.39653,0.6501604,-0.2071998,1.991002,-0.9999259,-0.003283522,-0.0117433,-0.001472511,0.9885298,-0.1510186,0.01210448,-0.1509901,-0.9884614,static,7.630806,14.35968,18.08441,-5.941274,10.028688404861615,24.806373910007874
1907,05/16/2023 12:01:10.728797,2090,True,True,True,True,Eyes,2.366788,0.2146577,-2.348082,-0.1359078,-0.2465535,-0.9595522,0.0,0.0,0.0,0.0,0.0,0.0,0.0,2.427691,-0.595271,-2.389817,2.417583,0.2244644,-2.46255,-0.001349681,0.9969871,-0.07753513,-0.001848552,8.894063,180.2016,359.8606,0.7138532,0.06529967,-0.697243,0.1185054,-0.007509548,-0.1995902,1.761125,-0.2896316,-4.395034,0.6501604,-0.2072,1.991001,-0.9999896,-0.002404574,0.00389526,-0.002977884,0.987973,-0.1545981,-0.003476669,-0.154608,-0.9879699,static,8.061564,14.41021,18.08443,-5.941285,10.427537045826552,24.840672024038184
1908,05/16/2023 12:01:10.738590,2091,True,True,True,True,Eyes,2.368906,0.215064,-2.353845,-0.1433654,-0.2470504,-0.9583384,0.0,0.0,0.0,0.0,0.0,0.0,0.0,2.468058,-0.5931844,-2.36263,2.42039,0.2259826,-2.473022,-0.001582412,0.9969605,-0.07730523,-0.009559491,8.868706,181.0912,359.9027,0.7133142,0.06519522,-0.6978042,0.1113951,-0.007058975,-0.1876148,1.733848,-0.2867844,-4.395379,0.6501605,-0.2072,1.991002,-0.9998125,-0.001677207,0.01930553,-0.004633201,0.9880428,-0.1541103,-0.01881621,-0.1541708,-0.9878653,static,8.508233,14.45556,18.08442,-5.941282,10.841094812084819,24.869829482934403
1909,05/16/2023 12:01:10.758686,2092,True,True,True,True,Eyes,2.371007,0.2155033,-2.359798,-0.150663,-0.2475037,-0.9571012,0.0,0.0,0.0,0.0,0.0,0.0,0.0,2.50547,-0.5867304,-2.338515,2.42288,0.2272508,-2.483604,-0.001727496,0.9969586,-0.07608688,-0.01678341,8.729449,181.925,359.9484,0.7127743,0.06510262,-0.6983644,0.1047114,-0.006635436,-0.1763579,1.708228,-0.2802998,-4.397079,0.6501603,-0.2072,1.991001,-0.9994308,-0.0008904884,0.03372761,-0.005998477,0.9884157,-0.1516529,-0.03320185,-0.1517689,-0.9878584,static,8.945857,14.49891,18.08442,-5.941284,11.246274511095669,24.897412914619338
1910,05/16/2023 12:01:10.778928,2093,True,True,True,True,Eyes,2.373092,0.2159633,-2.365932,-0.1581758,-0.2479056,-0.9557841,0.0,0.0,0.0,0.0,0.0,0.0,0.0,2.540205,-0.5805374,-2.316127,2.425072,0.2284825,-2.494179,-0.001780767,0.9969187,-0.07480024,-0.0235614,8.581923,182.7077,-0.001492836,0.7122308,0.06502149,-0.6989262,0.09842867,-0.00623731,-0.1657764,1.684101,-0.2735181,-4.399089,0.6501606,-0.2071999,1.991001,-0.9988837,-2.576333e-05,0.047244,-0.007075356,0.9888036,-0.1490556,-0.04671119,-0.1492234,-0.9876998,static,9.396891,14.54062,18.08442,-5.941281,11.66386024109889,24.923142358976158
1911,05/16/2023 12:01:10.799007,2094,True,True,True,True,Eyes,2.375187,0.2164149,-2.372231,-0.1657127,-0.248476,-0.9543579,0.0,0.0,0.0,0.0,0.0,0.0,0.0,2.573038,-0.5817393,-2.292833,2.426892,0.2294291,-2.504712,-0.001275291,0.9967625,-0.07452687,-0.03014842,8.548586,183.4734,0.1130638,0.7116809,0.06495097,-0.6994926,0.09252296,-0.005863072,-0.1558298,1.660089,-0.2701581,-4.40001,0.6501603,-0.2071998,1.991002,-0.9981791,0.00195141,0.06029171,-0.007036058,0.9888883,-0.1484943,-0.05991154,-0.148648,-0.9870739,static,9.850507,14.5935,18.08442,-5.941278,12.083872532296324,24.958959178621157
1912,05/16/2023 12:01:10.808478,2095,True,True,True,True,Eyes,2.377228,0.2168904,-2.378691,-0.1734854,-0.2492662,-0.9527692,0.0,0.0,0.0,0.0,0.0,0.0,0.0,2.605186,-0.592521,-2.266235,2.428202,0.229666,-2.514952,-0.0001577384,0.9964424,-0.0757883,-0.03685796,8.687723,184.26,0.305597,0.7111233,0.06488956,-0.7000652,0.08697158,-0.005511288,-0.14648,1.634832,-0.2724644,-4.398606,0.6501603,-0.2072001,1.991001,-0.997283,0.00527245,0.07347759,-0.005901159,0.9885122,-0.1510257,-0.07342977,-0.151049,-0.9857953,static,10.31967,14.66128,18.08442,-5.941288,12.518323256897471,25.00790451998592
1913,05/16/2023 12:01:10.828802,2096,True,True,True,True,Eyes,2.379206,0.2174345,-2.385286,-0.1811961,-0.2501698,-0.9510957,0.0,0.0,0.0,0.0,0.0,0.0,0.0,2.637378,-0.6158888,-2.235117,2.429058,0.2307698,-2.525322,0.001007501,0.995874,-0.07949382,-0.04375941,9.104956,185.0734,0.5201541,0.7105556,0.06483686,-0.7006463,0.08175328,-0.00518061,-0.1376912,1.608564,-0.2830459,-4.394148,0.6501606,-0.2071999,1.991002,-0.9961686,0.008963892,0.08699753,-0.004950518,0.9873594,-0.1584198,-0.08731789,-0.1582435,-0.983532,static,10.78633,14.73689,18.08442,-5.941278,12.950483180140601,25.064037605893184
1914,05/16/2023 12:01:10.838983,2097,True,True,True,True,Eyes,2.38112,0.217958,-2.392003,-0.1891723,-0.2512321,-0.9492609,0.0,0.0,0.0,0.0,0.0,0.0,0.0,2.671381,-0.630025,-2.202352,2.42945,0.2330046,-2.535161,0.001210475,0.9953145,-0.08210757,-0.05104822,9.399777,185.9236,0.6267929,0.7099763,0.06479396,-0.7012373,0.07684809,-0.004869774,-0.1294298,1.5812,-0.2895585,-4.38911,0.6501603,-0.2071999,1.991001,-0.9947853,0.0107925,0.1014193,-0.005973283,0.9865137,-0.1635693,-0.1018168,-0.1633221,-0.9813048,static,11.27047,14.82407,18.08442,-5.941284,13.398859618993407,25.130218867011127
1915,05/16/2023 12:01:10.858934,2098,True,True,True,True,Eyes,2.382977,0.2184642,-2.398838,-0.1979403,-0.2525097,-0.9471318,0.0,0.0,0.0,0.0,0.0,0.0,0.0,2.708139,-0.6369178,-2.166962,2.429931,0.2330762,-2.5449,0.0006135071,0.9946773,-0.08458222,-0.05884328,9.682705,186.8262,0.6495284,0.7093838,0.06475916,-0.7018399,0.0722372,-0.004577587,-0.121664,1.55281,-0.2987637,-4.382706,0.6501602,-0.2071998,1.991002,-0.9930742,0.01117468,0.1169564,-0.00873371,0.985691,-0.1683362,-0.1171639,-0.1681919,-0.9787668,static,11.8043,14.9281,18.08441,-5.941279,13.893281496679021,25.210378409271343
1916,05/16/2023 12:01:10.879072,2099,True,True,True,True,Eyes,2.384753,0.218976,-2.405793,-0.2069037,-0.2539639,-0.9448244,0.0,0.0,0.0,0.0,0.0,0.0,0.0,2.745338,-0.6454076,-2.128486,2.429808,0.2332267,-2.554511,-0.000905194,0.9938361,-0.08847427,-0.06679273,10.13562,187.7415,0.5831947,0.7087772,0.06473103,-0.7024552,0.06790297,-0.004302931,-0.1143641,1.524261,-0.3145886,-4.373744,0.6501601,-0.2072,1.991001,-0.9910759,0.01001965,0.1329222,-0.01361811,0.9843429,-0.1757369,-0.1326019,-0.1759787,-0.9754221,static,12.35201,15.0452,18.08442,-5.941286,14.400592905762041,25.302047486390958
1917,05/16/2023 12:01:10.888999,2100,True,True,True,True,Eyes,2.386439,0.2194916,-2.41287,-0.2163374,-0.2553294,-0.9423402,0.0,0.0,0.0,0.0,0.0,0.0,0.0,2.783566,-0.6402121,-2.092,2.429749,0.2339188,-2.564406,-0.003571355,0.9930645,-0.09064802,-0.07478763,10.40313,188.6479,0.3766415,0.7081552,0.06470902,-0.7030843,0.06382879,-0.004044755,-0.1075023,1.496707,-0.3251877,-4.366227,0.6501601,-0.2071999,1.991001,-0.9887882,0.00646553,0.1491853,-0.02065187,0.9835404,-0.1795045,-0.1478904,-0.1805728,-0.9723796,static,12.92962,15.16043,18.08442,-5.941283,14.935571676503642,25.391207441369893
1918,05/16/2023 12:01:10.908734,2101,True,True,True,True,Eyes,2.388037,0.2200005,-2.420076,-0.2259182,-0.2566271,-0.9397359,0.0,0.0,0.0,0.0,0.0,0.0,0.0,2.821888,-0.6225041,-2.057538,2.429252,0.2345304,-2.574442,-0.006971078,0.9923736,-0.09102391,-0.08282989,10.47545,189.5491,0.07243577,0.7075158,0.06469253,-0.7037292,0.05999906,-0.00380207,-0.1010521,1.469281,-0.3304,-4.360229,0.6501604,-0.2071998,1.991002,-0.9861815,0.00124317,0.1656654,-0.02891483,0.983332,-0.1795046,-0.1631273,-0.1818143,-0.9697079,static,13.51773,15.27416,18.08442,-5.941278,15.480263629995617,25.47871941907566
1919,05/16/2023 12:01:10.928524,2102,True,True,True,True,Eyes,2.389559,0.2204778,-2.427414,-0.235795,-0.2576029,-0.9370387,0.0,0.0,0.0,0.0,0.0,0.0,0.0,2.859735,-0.5944137,-2.025863,2.428861,0.2348618,-2.584763,-0.01054192,0.9917902,-0.08943512,-0.09078892,10.32992,190.436,359.7279,0.7068583,0.06468078,-0.7043908,0.05639911,-0.003573946,-0.09498902,1.442462,-0.3290327,-4.35642,0.6501603,-0.2071998,1.991002,-0.9832928,-0.004671311,0.1819728,-0.03715018,0.9837804,-0.1754876,-0.1782015,-0.1793159,-0.9675177,static,14.12457,15.37155,18.08442,-5.941278,16.04223700060054,25.550866384030346
1920,05/16/2023 12:01:10.938755,2103,True,True,True,True,Eyes,2.425534,0.230776,-2.614141,-0.4770823,-0.2720751,-0.8356839,0.0,0.0,0.0,0.0,0.0,0.0,0.0,2.895731,-0.5618942,-1.996171,2.428101,0.2345425,-2.595188,-0.01402347,0.991231,-0.08693282,-0.09852451,10.08473,191.2979,359.379,0.7061822,0.06467225,-0.7050695,0.05301517,-0.003359509,-0.08928967,1.416099,-0.3250149,-4.353729,0.6501598,-0.2072,1.991,-0.9801924,-0.01067097,0.1977593,-0.04493103,0.9844921,-0.1695777,-0.1928829,-0.1751043,-0.9654711,static,29.72155,18.03379,18.08442,-5.941288,30.486581127960683,27.549882758631426
1921,05/16/2023 12:01:10.958698,2104,True,True,True,True,Eyes,2.425498,0.2307423,-2.614565,-0.4775775,-0.2720036,-0.8354242,0.0,0.0,0.0,0.0,0.0,0.0,0.0,2.930128,-0.5357971,-1.96612,2.427665,0.233368,-2.605827,-0.01700121,0.9905421,-0.08544668,-0.1060016,9.95539,192.1375,359.0945,0.7027164,0.06463682,-0.7085271,0.1577592,0.02773642,-0.6441156,1.390902,-0.3250138,-4.350263,0.6501603,-0.2071998,1.991002,-0.9769494,-0.01556584,0.2129035,-0.0517958,0.9848196,-0.1656727,-0.2070928,-0.1728814,-0.9629252,static,29.75482,18.0346,18.08442,-5.941278,30.517376381894866,27.549719493852297
1922,05/16/2023 12:01:10.978810,2105,True,True,True,True,Eyes,2.425421,0.2306924,-2.615383,-0.4784697,-0.2720989,-0.8348826,0.0,0.0,0.0,0.0,0.0,0.0,0.0,2.961879,-0.5185663,-1.935569,2.426616,0.2325227,-2.616395,-0.01990602,0.989677,-0.08575513,-0.1130908,10.03456,192.9357,358.8359,0.6998119,0.06461154,-0.7113982,0.1482936,0.02607223,-0.6054686,1.366903,-0.3313881,-4.345192,0.6501604,-0.2071999,1.991002,-0.9736286,-0.02000482,0.2272607,-0.05879728,0.9844996,-0.1652374,-0.2204326,-0.1742421,-0.9597133,static,29.81695,18.05145,18.08442,-5.94128,30.574935488816656,27.56336132234992
1923,05/16/2023 12:01:10.998662,2106,True,True,True,True,Eyes,2.425305,0.2306135,-2.616584,-0.4797476,-0.272134,-0.8341376,0.0,0.0,0.0,0.0,0.0,0.0,0.0,2.991177,-0.5099189,-1.905273,2.425658,0.2321128,-2.626694,-0.02219525,0.9887245,-0.08713695,-0.1197432,10.23141,193.6908,358.6595,0.6973687,0.06459324,-0.7137951,0.139396,0.0245079,-0.5691405,1.344461,-0.3403546,-4.339301,0.6501603,-0.2071998,1.991003,-0.9703381,-0.02302186,0.2406541,-0.06475808,0.9838291,-0.1669934,-0.232918,-0.1776243,-0.9561378,static,29.90502,18.06871,18.08441,-5.941273,30.656504351856647,27.576674401771747
1924,05/16/2023 12:01:11.008669,2107,True,True,True,True,Eyes,2.425121,0.2304656,-2.618155,-0.4813804,-0.272225,-0.8331665,0.0,0.0,0.0,0.0,0.0,0.0,0.0,3.018844,-0.5006981,-1.876163,2.424209,0.2313091,-2.637008,-0.02383224,0.9878218,-0.08770519,-0.1262856,10.32861,194.4394,358.5478,0.6953021,0.06457881,-0.7158097,0.1310323,0.02303742,-0.534992,1.321448,-0.3456513,-4.334289,0.6501603,-0.2071998,1.991001,-0.966968,-0.02493221,0.2536757,-0.06923582,0.9834797,-0.1672549,-0.2453149,-0.1792935,-0.9527196,static,30.01813,18.09405,18.08442,-5.94128,30.761275276381188,27.596657629184087
1925,05/16/2023 12:01:11.028595,2108,True,True,True,True,Eyes,2.424853,0.2303017,-2.620082,-0.4832751,-0.2721772,-0.8320846,0.0,0.0,0.0,0.0,0.0,0.0,0.0,3.044234,-0.4933834,-1.849231,2.422515,0.2295158,-2.647485,-0.02482834,0.9869526,-0.08809875,-0.132465,10.39751,195.1526,358.5046,0.6935405,0.06456455,-0.7175179,0.1231703,0.02165518,-0.5028925,1.29908,-0.3502297,-4.330196,0.6501604,-0.2071998,1.991002,-0.9636733,-0.02566877,0.2658481,-0.0723488,0.9832444,-0.1673208,-0.2570987,-0.1804764,-0.9493834,static,30.14804,18.11306,18.08442,-5.941278,30.88157433620169,27.610430428858507
1926,05/16/2023 12:01:11.038743,2109,True,True,True,True,Eyes,2.424486,0.2301509,-2.622358,-0.4854962,-0.272074,-0.8308245,0.0,0.0,0.0,0.0,0.0,0.0,0.0,3.068067,-0.4896467,-1.823427,2.420696,0.2289691,-2.658096,-0.02533511,0.9861014,-0.088388,-0.1383831,10.44729,195.8408,358.514,0.6919838,0.06454714,-0.7190209,0.1157801,0.02035587,-0.472719,1.277227,-0.3523385,-4.326714,0.6501606,-0.2071998,1.991002,-0.9604167,-0.02550317,0.2773981,-0.07442877,0.9830914,-0.1673072,-0.2684409,-0.181331,-0.9460756,static,30.30008,18.13231,18.08442,-5.941278,31.02235629941869,27.623822938862133
1927,05/16/2023 12:01:11.060546,2110,True,True,True,True,Eyes,2.424044,0.229961,-2.624973,-0.4880014,-0.2718093,-0.8294421,0.0,0.0,0.0,0.0,0.0,0.0,0.0,3.090952,-0.4815798,-1.798812,2.418051,0.2291183,-2.668737,-0.02572248,0.9853284,-0.08739979,-0.1443178,10.34992,196.531,358.5168,0.6905433,0.06452452,-0.7204064,0.1088333,0.01913452,-0.4443558,1.254274,-0.3488993,-4.324406,0.6501606,-0.2071999,1.991001,-0.9570217,-0.0254635,0.2888972,-0.07591688,0.9833993,-0.1648106,-0.2799046,-0.1796594,-0.9430676,static,30.47039,18.14404,18.08442,-5.94128,31.180023012482962,27.6298831616076
1928,05/16/2023 12:01:11.078331,2111,True,True,True,True,Eyes,2.423486,0.2297013,-2.627892,-0.49081,-0.271661,-0.827832,0.0,0.0,0.0,0.0,0.0,0.0,0.0,3.113869,-0.4730644,-1.773088,2.415199,0.2279009,-2.679306,-0.02594023,0.9844984,-0.08642279,-0.1504035,10.25149,197.241,358.5396,0.6892027,0.06449582,-0.7216917,0.1023033,0.01798644,-0.4176945,1.230602,-0.3465677,-4.321391,0.6501604,-0.2071999,1.991001,-0.9534119,-0.02507964,0.3006277,-0.07707281,0.9837164,-0.1623632,-0.2916604,-0.1779692,-0.9398199,static,30.6631,18.16774,18.08442,-5.941282,31.35846119716467,27.646222224798805
1929,05/16/2023 12:01:11.088658,2112,True,True,True,True,Eyes,2.422956,0.2294366,-2.631137,-0.4956356,-0.2721366,-0.8247951,0.0,0.0,0.0,0.0,0.0,0.0,0.0,3.136254,-0.4739161,-1.744078,2.41199,0.2259899,-2.689557,-0.02622023,0.9834166,-0.08780401,-0.1565083,10.42237,197.9573,358.5966,0.6879464,0.0644595,-0.7228926,0.0961651,0.01690726,-0.3926328,1.207242,-0.353569,-4.315109,0.6501602,-0.2071998,1.991002,-0.9496356,-0.02408672,0.3124301,-0.07905493,0.9832059,-0.1644885,-0.3032212,-0.1809032,-0.9355915,static,31.00248,18.26002,18.08441,-5.941278,31.672873856323378,27.720956248953026
1930,05/16/2023 12:01:11.108748,2113,True,True,True,True,Eyes,2.422307,0.2291839,-2.634657,-0.5006045,-0.2727078,-0.8215994,0.0,0.0,0.0,0.0,0.0,0.0,0.0,3.158038,-0.4763322,-1.715071,2.408836,0.2254043,-2.699677,-0.0272369,0.9822254,-0.09017326,-0.1623584,10.71858,198.6393,358.5872,0.6867618,0.06441572,-0.7240222,0.09039519,0.01589282,-0.3690749,1.18583,-0.3641654,-4.307904,0.6501607,-0.2071999,1.991002,-0.9457962,-0.0242248,0.3238571,-0.08278633,0.9822539,-0.1682967,-0.314033,-0.1859852,-0.9310175,static,31.35416,18.3622,18.08442,-5.94128,31.998703248562858,27.804359966855877
1931,05/16/2023 12:01:11.128558,2114,True,True,True,True,Eyes,2.421384,0.2289137,-2.638401,-0.5056262,-0.2731437,-0.8183732,0.0,0.0,0.0,0.0,0.0,0.0,0.0,3.178691,-0.4718932,-1.689151,2.405437,0.2254574,-2.709803,-0.02851698,0.9811569,-0.09116589,-0.1679484,10.86379,199.2862,358.5216,0.6856369,0.06436542,-0.7250921,0.08497148,0.01493925,-0.3469304,1.165135,-0.369688,-4.302655,0.6501602,-0.2071999,1.991001,-0.9419603,-0.02533693,0.334767,-0.0865816,0.9817511,-0.1693173,-0.324368,-0.1884748,-0.9269642,static,31.70956,18.45716,18.08442,-5.941281,32.32795183065035,27.88109771606016
1932,05/16/2023 12:01:11.138931,2115,True,True,True,True,Eyes,2.420331,0.228606,-2.642411,-0.510785,-0.2734819,-0.8150499,0.0,0.0,0.0,0.0,0.0,0.0,0.0,3.197758,-0.4638239,-1.666231,2.40151,0.2249506,-2.720158,-0.02895173,0.9802718,-0.09034065,-0.1733997,10.78693,199.9224,358.5165,0.684558,0.06430878,-0.7261158,0.07987319,0.0140429,-0.3261145,1.143348,-0.3676844,-4.299886,0.6501601,-0.2071999,1.991001,-0.9381888,-0.02543106,0.3451887,-0.08809122,0.9820007,-0.1670763,-0.3347266,-0.1871572,-0.9235423,static,32.07503,18.54867,18.08442,-5.941281,32.66650918590189,27.95442592567416
1933,05/16/2023 12:01:11.158617,2116,True,True,True,True,Eyes,2.419137,0.2282897,-2.646677,-0.5159904,-0.2736428,-0.8117102,0.0,0.0,0.0,0.0,0.0,0.0,0.0,3.215634,-0.4555307,-1.645026,2.397434,0.2237259,-2.730598,-0.02902393,0.9794402,-0.08911922,-0.1786401,10.65784,200.5371,358.5415,0.6835157,0.06424525,-0.7271028,0.0750808,0.01320032,-0.3065477,1.121823,-0.3643194,-4.297999,0.6501603,-0.2071998,1.991002,-0.9344909,-0.02501389,0.3551077,-0.08869494,0.9824308,-0.1642042,-0.3447614,-0.1849436,-0.9202913,static,32.44343,18.62993,18.08442,-5.941279,33.00774456771688,28.01835426521341
1934,05/16/2023 12:01:11.178830,2117,True,True,True,True,Eyes,2.417796,0.227935,-2.651185,-0.5212951,-0.273746,-0.8082787,0.0,0.0,0.0,0.0,0.0,0.0,0.0,3.231732,-0.4485441,-1.625929,2.392933,0.2231516,-2.740986,-0.02893592,0.978659,-0.08778214,-0.1835306,10.51185,201.112,358.5771,0.6825006,0.06417514,-0.7280619,0.07057595,0.0124083,-0.2881548,1.100964,-0.3596178,-4.296917,0.65016,-0.2071999,1.991,-0.9309584,-0.02441539,0.3643077,-0.08885821,0.982914,-0.1611963,-0.3541475,-0.1824388,-0.9172215,static,32.81978,18.71009,18.08442,-5.941285,33.35633433422047,28.08106732657754
1935,05/16/2023 12:01:11.198848,2118,True,True,True,True,Eyes,2.416237,0.2275798,-2.655907,-0.526594,-0.2737848,-0.8048233,0.0,0.0,0.0,0.0,0.0,0.0,0.0,3.247516,-0.4418139,-1.606422,2.388125,0.2218647,-2.751324,-0.02907672,0.9778023,-0.08695617,-0.1884039,10.42849,201.6842,358.596,0.6815042,0.0640979,-0.7290013,0.06634139,0.01166381,-0.2708655,1.080288,-0.3579057,-4.295071,0.6501602,-0.2071999,1.991001,-0.927317,-0.0240968,0.3735003,-0.08962832,0.9831864,-0.1590955,-0.3633867,-0.1810082,-0.9138852,static,33.19663,18.78728,18.08442,-5.941282,33.70537707672369,28.141066156940788
1936,05/16/2023 12:01:11.208777,2119,True,True,True,True,Eyes,2.414528,0.227203,-2.660845,-0.5320085,-0.2737637,-0.8012618,0.0,0.0,0.0,0.0,0.0,0.0,0.0,3.264008,-0.432518,-1.585467,2.382872,0.2215789,-2.761765,-0.03013352,0.97682,-0.08654009,-0.1934565,10.41212,202.2699,358.5209,0.6805194,0.06401427,-0.7299281,0.06236091,0.01096398,-0.2546136,1.05959,-0.3584746,-4.292185,0.6501598,-0.2071999,1.991001,-0.923333,-0.02538655,0.3831599,-0.09235353,0.9832056,-0.1574091,-0.3727289,-0.1807272,-0.9101707,static,33.58271,18.86354,18.08441,-5.941283,34.06295945050659,28.199969676186193
1937,05/16/2023 12:01:11.228643,2120,True,True,True,True,Eyes,2.412694,0.2267953,-2.666009,-0.537469,-0.2737439,-0.797616,0.0,0.0,0.0,0.0,0.0,0.0,0.0,3.280894,-0.4214882,-1.563196,2.377631,0.2206668,-2.771945,-0.03072849,0.9758415,-0.08531388,-0.198773,10.29531,202.8899,358.4825,0.679539,0.06392418,-0.7308488,0.05861925,0.01030614,-0.2393368,1.037575,-0.3559012,-4.289029,0.6501598,-0.2071999,1.991001,-0.91909,-0.02605606,0.3931851,-0.09388846,0.9835545,-0.1542897,-0.3826988,-0.1787216,-0.9064217,static,33.97383,18.94236,18.08441,-5.941281,34.42521496608173,28.261064766404303
1938,05/16/2023 12:01:11.239077,2121,True,True,True,True,Eyes,2.410685,0.2264182,-2.671371,-0.5430226,-0.2737683,-0.7938371,0.0,0.0,0.0,0.0,0.0,0.0,0.0,3.296322,-0.4195605,-1.540635,2.372031,0.2194553,-2.782199,-0.03050439,0.9748029,-0.08512303,-0.2039191,10.27642,203.501,358.5583,0.6785581,0.06382728,-0.7317681,0.0551021,0.009687771,-0.2249766,1.015462,-0.3556401,-4.2851,0.6501604,-0.2072,1.991001,-0.9149731,-0.02475511,0.4027551,-0.09418795,0.9836471,-0.1535155,-0.3923686,-0.1783972,-0.9023423,static,34.374,19.02763,18.08442,-5.941284,34.79586784811509,28.32778026393401
1939,05/16/2023 12:01:11.258853,2122,True,True,True,True,Eyes,2.408484,0.2261699,-2.676919,-0.5485944,-0.2737871,-0.7899904,0.0,0.0,0.0,0.0,0.0,0.0,0.0,3.310837,-0.424303,-1.517136,2.365939,0.219826,-2.792378,-0.03020115,0.9736665,-0.08598128,-0.2089705,10.37305,204.1054,358.6674,0.6775712,0.06372508,-0.7326909,0.05179597,0.009106505,-0.211478,0.9935121,-0.3572984,-4.280026,0.6501606,-0.2071999,1.991002,-0.9108387,-0.0228766,0.4121287,-0.09474681,0.9833902,-0.1548119,-0.4017417,-0.1800565,-0.8978774,static,34.77734,19.11479,18.08442,-5.941281,35.16946091061122,28.396128657894458
1940,05/16/2023 12:01:11.278670,2123,True,True,True,True,Eyes,2.406107,0.2259253,-2.682636,-0.5543454,-0.2736365,-0.7860179,0.0,0.0,0.0,0.0,0.0,0.0,0.0,3.326798,-0.4221745,-1.49119,2.359303,0.2226754,-2.802422,-0.03066593,0.9724603,-0.08579598,-0.2145223,10.37112,204.7594,358.67,0.6765735,0.06362165,-0.7336212,0.04868821,0.008560115,-0.1987893,0.9699647,-0.354356,-4.274325,0.6501601,-0.2071997,1.991002,-0.9060796,-0.0228325,0.4224909,-0.0964531,0.9833973,-0.1537093,-0.4119668,-0.1800234,-0.8932386,static,35.19371,19.19455,18.08441,-5.941275,35.555089309846544,28.45739560532172
1941,05/16/2023 12:01:11.298412,2124,True,True,True,True,Eyes,2.403558,0.2256791,-2.688525,-0.5601255,-0.2736801,-0.7818943,0.0,0.0,0.0,0.0,0.0,0.0,0.0,3.347142,-0.3992077,-1.4599,2.352818,0.2224702,-2.812256,-0.03175547,0.9711615,-0.08254509,-0.2214123,10.04324,205.5579,358.5378,0.6755605,0.06351718,-0.7345631,0.04576692,0.008046508,-0.1868619,0.9422681,-0.3450378,-4.267595,0.6501603,-0.2072,1.991001,-0.8999366,-0.02512639,0.4352967,-0.09823237,0.9843558,-0.1462671,-0.4248116,-0.1743913,-0.888326,static,35.61667,19.29116,18.08442,-5.941283,35.94687254545201,28.533806517893204
1942,05/16/2023 12:01:11.308474,2125,True,True,True,True,Eyes,2.400853,0.225629,-2.694566,-0.5660689,-0.273688,-0.7775995,0.0,0.0,0.0,0.0,0.0,0.0,0.0,3.367185,-0.3860145,-1.425894,2.346279,0.2222065,-2.822361,-0.03414572,0.9694695,-0.08330414,-0.2280865,10.20077,206.3318,358.3578,0.6745297,0.06341177,-0.7355189,0.0430209,0.007563717,-0.1756502,0.9176885,-0.3525747,-4.257101,0.6501601,-0.2072,1.991,-0.8936211,-0.02820537,0.4479347,-0.1042076,0.983789,-0.1459453,-0.4365568,-0.177098,-0.8820739,static,36.05349,19.3903,18.08442,-5.941286,36.35149205163707,28.612143175551864
1943,05/16/2023 12:01:11.328837,2126,True,True,True,True,Eyes,2.397973,0.2256727,-2.700751,-0.5720438,-0.2733493,-0.7733344,0.0,0.0,0.0,0.0,0.0,0.0,0.0,3.387253,-0.364921,-1.393228,2.339966,0.2268411,-2.832107,-0.03655211,0.9679589,-0.08117646,-0.2347979,10.03884,207.1029,358.1003,0.6734776,0.06331086,-0.7364911,0.04043965,0.007109894,-0.1651112,0.8925974,-0.3453594,-4.248947,0.6501604,-0.2071998,1.991002,-0.887068,-0.03264175,0.4604838,-0.108882,0.9841486,-0.1399862,-0.4486151,-0.1743157,-0.8765608,static,36.49074,19.46689,18.08442,-5.941278,36.75643519156528,28.66996282797777
1944,05/16/2023 12:01:11.338627,2127,True,True,True,True,Eyes,2.322514,0.2260188,-2.858894,-0.7155208,-0.2542126,-0.6506965,0.0,0.0,0.0,0.0,0.0,0.0,0.0,3.406184,-0.3347329,-1.364083,2.333491,0.2290856,-2.84204,-0.03762407,0.966718,-0.07562334,-0.2414998,9.461527,207.8783,357.8958,0.6724021,0.06321664,-0.7374812,0.03801327,0.0066833,-0.1552045,0.8653324,-0.3259963,-4.244225,0.6501607,-0.2071998,1.991002,-0.880525,-0.03621769,0.4726148,-0.1092698,0.9857311,-0.1280405,-0.4612338,-0.1643853,-0.8719183,static,47.71653,21.33948,18.08442,-5.941275,47.1524820687162,30.069150677433107
1945,05/16/2023 12:01:11.358682,2128,True,True,True,True,Eyes,2.322238,0.2260153,-2.859267,-0.7156703,-0.2541591,-0.650553,0.0,0.0,0.0,0.0,0.0,0.0,0.0,3.423768,-0.3122895,-1.334646,2.327265,0.2283171,-2.851788,-0.03792625,0.9653874,-0.0714644,-0.2479548,9.020605,208.6365,357.8073,0.6670099,0.06299002,-0.7423809,-0.1906431,0.007320451,-0.6203221,0.8390478,-0.3129064,-4.238155,0.6501601,-0.2071999,1.991001,-0.87416,-0.03778715,0.4841657,-0.1086669,0.9869089,-0.1191737,-0.4733242,-0.1567896,-0.8668225,static,47.72878,21.33967,18.08441,-5.941281,47.1638205113863,30.06899213609931
1946,05/16/2023 12:01:11.378805,2129,True,True,True,True,Eyes,2.321732,0.2260338,-2.860003,-0.7161145,-0.2540093,-0.6501226,0.0,0.0,0.0,0.0,0.0,0.0,0.0,3.439986,-0.2962044,-1.306402,2.321102,0.2282508,-2.861523,-0.03861886,0.9639801,-0.06909736,-0.2539221,8.790927,209.3387,357.7171,0.662502,0.06279568,-0.7464229,-0.1792045,0.006881224,-0.5831028,0.8153474,-0.3062293,-4.231471,0.6501601,-0.2072,1.991,-0.8680641,-0.03936493,0.4948886,-0.1095463,0.9874683,-0.1136046,-0.4842148,-0.1528293,-0.8614981,static,47.76535,21.34108,18.08442,-5.941288,47.19767201237045,30.06928521698549
1947,05/16/2023 12:01:11.388745,2130,True,True,True,True,Eyes,2.321029,0.2260454,-2.86109,-0.7166436,-0.2539419,-0.6495656,0.0,0.0,0.0,0.0,0.0,0.0,0.0,3.454708,-0.2824315,-1.280676,2.315143,0.2287741,-2.871006,-0.03934397,0.9626359,-0.06712011,-0.2593823,8.605759,209.9819,357.6276,0.6587201,0.0626294,-0.7497764,-0.1684522,0.006468351,-0.5481166,0.793636,-0.3004502,-4.225504,0.65016,-0.2071998,1.991002,-0.8623459,-0.04092829,0.504663,-0.1105674,0.9878939,-0.1088142,-0.4940999,-0.1496347,-0.8564315,static,47.81085,21.35257,18.08441,-5.941276,47.23982178350309,30.07850281602171
1948,05/16/2023 12:01:11.408497,2131,True,True,True,True,Eyes,2.320131,0.2260179,-2.862497,-0.7174061,-0.2538394,-0.6487635,0.0,0.0,0.0,0.0,0.0,0.0,0.0,3.468035,-0.2740424,-1.257032,2.309457,0.2285891,-2.880389,-0.03974229,0.9613356,-0.06605724,-0.264369,8.512178,210.5737,357.5959,0.6555316,0.06248667,-0.7525775,-0.1583451,0.006080249,-0.5152296,0.773739,-0.2978268,-4.21986,0.6501606,-0.2071999,1.991002,-0.8570595,-0.0414844,0.5135452,-0.1113384,0.988114,-0.1059931,-0.5030441,-0.1480196,-0.8514913,static,47.87638,21.36874,18.08442,-5.941281,47.30052547095116,30.091434344093074
1949,05/16/2023 12:01:11.428918,2132,True,True,True,True,Eyes,2.318991,0.2259427,-2.86418,-0.7181266,-0.2538973,-0.6479432,0.0,0.0,0.0,0.0,0.0,0.0,0.0,3.479383,-0.275346,-1.23579,2.303927,0.2276184,-2.889499,-0.03908473,0.9601393,-0.06590187,-0.2688158,8.485732,211.1116,357.704,0.6528252,0.06236269,-0.7549366,-0.1488444,0.005715434,-0.4843159,0.755109,-0.2967081,-4.214629,0.6501597,-0.2072,1.991001,-0.8524208,-0.03962262,0.5213528,-0.1104845,0.9882587,-0.1055368,-0.5110498,-0.1475631,-0.84679,static,47.94105,21.39779,18.08441,-5.941285,47.360475662436706,30.116101292978627
1950,05/16/2023 12:01:11.439028,2133,True,True,True,True,Eyes,2.317651,0.2259035,-2.866153,-0.7190334,-0.2539466,-0.6469175,0.0,0.0,0.0,0.0,0.0,0.0,0.0,3.489215,-0.2842941,-1.216422,2.298243,0.2265178,-2.898602,-0.03780378,0.9589984,-0.0666327,-0.2728611,8.536051,211.6086,357.9054,0.6503811,0.06224881,-0.7570526,-0.1399137,0.005372508,-0.4552569,0.7373584,-0.2972773,-4.209711,0.6501604,-0.2071998,1.991001,-0.8482355,-0.03614458,0.5283846,-0.1088705,0.9882619,-0.107171,-0.5183088,-0.1484317,-0.842214,static,48.02214,21.43242,18.08442,-5.941279,47.435641552481314,30.14539820343571
1951,05/16/2023 12:01:11.458688,2134,True,True,True,True,Eyes,2.316127,0.225929,-2.86841,-0.7199836,-0.2540494,-0.6458192,0.0,0.0,0.0,0.0,0.0,0.0,0.0,3.498427,-0.2880872,-1.198946,2.292136,0.2273415,-2.907557,-0.03734846,0.9579023,-0.06683471,-0.2766973,8.552217,212.0737,357.9968,0.6481286,0.06214367,-0.7589906,-0.1315189,0.005050158,-0.4279415,0.7203478,-0.2959861,-4.205761,0.6501597,-0.2071999,1.991,-0.8440872,-0.03456636,0.5350904,-0.1085383,0.9882764,-0.1073738,-0.5251057,-0.1487107,-0.8379432,static,48.10817,21.47346,18.08441,-5.941285,47.51540072406294,30.180390307226588
1952,05/16/2023 12:01:11.478571,2135,True,True,True,True,Eyes,2.314422,0.2259811,-2.870947,-0.7211178,-0.2539765,-0.6445813,0.0,0.0,0.0,0.0,0.0,0.0,0.0,3.508785,-0.2726608,-1.182594,2.286027,0.2288864,-2.916527,-0.03797833,0.956886,-0.06390748,-0.2807899,8.25808,212.5539,357.8694,0.6460428,0.06204805,-0.7607747,-0.1236278,0.004747149,-0.402265,0.7025244,-0.2859164,-4.203859,0.6501602,-0.2071998,1.991002,-0.8394297,-0.03679271,0.542222,-0.108571,0.9889469,-0.1009765,-0.5325135,-0.1436322,-0.8341461,static,48.20761,21.50532,18.08441,-5.941278,47.60754106745909,30.206672080859718
1953,05/16/2023 12:01:11.488807,2136,True,True,True,True,Eyes,2.31255,0.2260038,-2.87374,-0.7222792,-0.2540891,-0.6432351,0.0,0.0,0.0,0.0,0.0,0.0,0.0,3.520298,-0.2409891,-1.166602,2.280015,0.2295318,-2.925812,-0.04023525,0.9558054,-0.05970265,-0.2850487,7.878118,213.0413,357.5191,0.6441008,0.06196161,-0.7624266,-0.1162101,0.00446232,-0.3781291,0.6852686,-0.2762965,-4.20278,0.6501599,-0.2071998,1.991002,-0.8342568,-0.0428778,0.5497064,-0.1109504,0.9896335,-0.09119023,-0.5400978,-0.1370662,-0.8303659,static,48.31292,21.55488,18.0844,-5.941278,47.70517266371818,30.248890222675087
1954,05/16/2023 12:01:11.508495,2137,True,True,True,True,Eyes,2.310544,0.2259802,-2.876777,-0.7235247,-0.2543087,-0.6417469,0.0,0.0,0.0,0.0,0.0,0.0,0.0,3.531476,-0.2114739,-1.150859,2.274538,0.2290329,-2.935053,-0.04306139,0.9546452,-0.05708701,-0.2890322,7.694317,213.4974,357.1533,0.6422832,0.06188254,-0.7639647,-0.1092375,0.00419458,-0.3554414,0.6703523,-0.2746179,-4.20101,0.6501607,-0.2071998,1.991002,-0.8292125,-0.04921671,0.5567628,-0.1152166,0.9897736,-0.08410341,-0.5469298,-0.1338879,-0.8264031,static,48.42784,21.61722,18.08442,-5.941278,47.811740796447,30.3024696804153
1955,05/16/2023 12:01:11.528453,2138,True,True,True,True,Eyes,2.30843,0.2259476,-2.880053,-0.7247574,-0.2549695,-0.6400917,0.0,0.0,0.0,0.0,0.0,0.0,0.0,3.540531,-0.1956737,-1.138123,2.269377,0.2279223,-2.943969,-0.04545209,0.9535591,-0.05715733,-0.2922195,7.791567,213.8655,356.9175,0.6405725,0.06180872,-0.7654057,-0.1026832,0.003942905,-0.3341149,0.6585894,-0.281626,-4.199136,0.6501601,-0.2072,1.991,-0.8250837,-0.05327753,0.5624928,-0.1200875,0.9893342,-0.08244181,-0.5521011,-0.1355698,-0.8226816,static,48.54969,21.71902,18.08442,-5.941286,47.92485299235662,30.39174384284471
1956,05/16/2023 12:01:11.539069,2139,True,True,True,True,Eyes,2.306185,0.2259602,-2.883514,-0.7260363,-0.2559817,-0.6382357,0.0,0.0,0.0,0.0,0.0,0.0,0.0,3.548278,-0.1971404,-1.125596,2.264113,0.2275893,-2.952644,-0.04745757,0.9524106,-0.06052663,-0.2949547,8.238159,214.1866,356.832,0.638953,0.06173921,-0.7667636,-0.09652225,0.003706331,-0.314068,0.6489581,-0.298005,-4.195522,0.6501604,-0.2072,1.991,-0.821499,-0.05469296,0.5675809,-0.1261034,0.9881686,-0.08729676,-0.5560911,-0.1432881,-0.8186765,static,48.68231,21.85459,18.08443,-5.941285,48.04804454998644,30.511434769551116
1957,05/16/2023 12:01:11.558742,2140,True,True,True,True,Eyes,2.303791,0.2259509,-2.887129,-0.7274079,-0.2573652,-0.6361138,0.0,0.0,0.0,0.0,0.0,0.0,0.0,3.555829,-0.2103174,-1.109683,2.258757,0.2287765,-2.960613,-0.04882778,0.9511226,-0.06543908,-0.2978247,8.833604,214.5322,356.8729,0.6374118,0.06167474,-0.7680505,-0.09073091,0.003483951,-0.2952239,0.6391079,-0.3164557,-4.1891,0.6501598,-0.2072,1.991001,-0.8178325,-0.05390365,0.572926,-0.1318611,0.9866672,-0.09539693,-0.560145,-0.1535654,-0.8140363,static,48.8305,22.02776,18.08441,-5.941285,48.185770669639865,30.664895370750457
1958,05/16/2023 12:01:11.584496,2141,True,True,True,True,Eyes,2.301286,0.2258898,-2.890887,-0.7288769,-0.2591557,-0.6337009,0.0,0.0,0.0,0.0,0.0,0.0,0.0,3.564183,-0.2316419,-1.088035,2.253337,0.2284172,-2.968362,-0.04890832,0.9496225,-0.07089727,-0.3013285,9.44648,214.969,357.0851,0.6359369,0.06161418,-0.769277,-0.08528706,0.003274914,-0.2775105,0.626819,-0.3350973,-4.1794,0.6501605,-0.2071998,1.991001,-0.8136184,-0.05016214,0.5792316,-0.1356156,0.9851632,-0.1051763,-0.5653617,-0.1641262,-0.8083497,static,48.99562,22.2424,18.08442,-5.941279,48.339302839590346,30.855607968182085
1959,05/16/2023 12:01:11.588760,2142,True,True,True,True,Eyes,2.298668,0.2258173,-2.894759,-0.7304824,-0.2613172,-0.6309586,0.0,0.0,0.0,0.0,0.0,0.0,0.0,3.572387,-0.2647389,-1.062347,2.248205,0.2272193,-2.97566,-0.04835434,0.9478942,-0.07850789,-0.3049512,10.27225,215.4382,357.4495,0.6345176,0.06155567,-0.7704527,-0.08016983,0.003078419,-0.2608599,0.6149971,-0.3599731,-4.166275,0.6501604,-0.2071997,1.991002,-0.8093336,-0.04378745,0.5857153,-0.1395517,0.9829967,-0.1193429,-0.5705305,-0.1783258,-0.8016828,static,49.18099,22.49733,18.08442,-5.941274,48.51170994899597,31.082409760458475
2261,05/16/2023 12:01:16.628748,2444,True,True,True,True,Eyes,-0.04175991,0.2148208,-2.332376,-0.05227548,-0.2712121,0.961099,0.0,0.0,0.0,0.0,0.0,0.0,0.0,-0.7294891,0.1030507,2.052187,-0.01881607,0.2129745,-2.169916,0.07625894,0.1744012,-0.01656156,0.9815776,8.944918,20.12289,359.657,-0.019265,0.0901269,-0.9957423,-0.02305469,-0.002113133,0.1873742,0.03532563,-0.2974274,-0.1287692,-0.65016,-0.2071999,1.991,0.9386199,-0.005913605,-0.3449026,0.05911222,0.9878206,0.1439314,0.3398507,-0.1554849,0.9275376,static,-3.113327,-15.75851,-18.08442,-5.941285,-0.01469255544604664,-2.290392180407512
2262,05/16/2023 12:01:16.638915,2445,True,True,True,True,Eyes,-0.04041752,0.2148614,-2.32459,-0.04746192,-0.2702176,0.9616287,0.0,0.0,0.0,0.0,0.0,0.0,0.0,-0.7596018,0.09263544,2.028982,-0.01611077,0.2163773,-2.157607,0.07596288,0.1822025,-0.02038854,0.9801103,8.994155,21.00609,359.2874,-0.01912111,0.09028432,-0.9957307,-0.02167141,-0.001986345,0.1761317,0.06835347,-0.2915323,-0.1168683,-0.6501598,-0.2071999,1.991,0.9327731,-0.01228479,-0.3602546,0.06764729,0.9876279,0.1414743,0.3540595,-0.1563337,0.9220638,static,-2.825584,-15.69536,-18.08442,-5.941285,0.25183215941810744,-2.240750342423805
2263,05/16/2023 12:01:16.658696,2446,True,True,True,True,Eyes,-0.03898989,0.2149958,-2.316613,-0.04223211,-0.269358,0.9621137,0.0,0.0,0.0,0.0,0.0,0.0,0.0,-0.7899523,0.07751422,2.004688,-0.01325203,0.2184049,-2.144978,0.07406047,0.1902067,-0.02280914,0.9786808,8.837932,21.92284,359.0448,-0.01894006,0.09045825,-0.9957182,-0.02037112,-0.001867164,0.1655638,0.1037492,-0.2814942,-0.1038679,-0.65016,-0.2072,1.991,0.9266023,-0.01647216,-0.3756818,0.07281933,0.9879895,0.1362862,0.3689247,-0.15364,0.916673,static,-2.513392,-15.64038,-18.08442,-5.941288,0.5409583681646422,-2.1991989731702883
2264,05/16/2023 12:01:16.678577,2447,True,True,True,True,Eyes,-0.03748569,0.2151193,-2.308466,-0.03668168,-0.2685043,0.9625798,0.0,0.0,0.0,0.0,0.0,0.0,0.0,-0.8169534,0.06804727,1.980834,-0.009825975,0.220779,-2.132348,0.07340271,0.1973444,-0.02435158,0.9772789,8.805527,22.74957,358.92,-0.01872167,0.09065203,-0.9957045,-0.01914885,-0.001755135,0.15563,0.1364139,-0.2766176,-0.09251173,-0.65016,-0.2071999,1.991,0.9209244,-0.01862533,-0.389296,0.07656778,0.9880381,0.1338586,0.3821461,-0.1530811,0.9113344,static,-2.182353,-15.58604,-18.08442,-5.941286,0.8475260442175578,-2.158739311235987
2265,05/16/2023 12:01:16.688905,2448,True,True,True,True,Eyes,-0.03589015,0.2151603,-2.300199,-0.03095941,-0.2681759,0.9628724,0.0,0.0,0.0,0.0,0.0,0.0,0.0,-0.841926,0.06175752,1.957228,-0.006582156,0.2206366,-2.120064,0.07276408,0.2040783,-0.02524266,0.9759203,8.761795,23.53534,358.8654,-0.01846612,0.09086412,-0.9956897,-0.01799992,-0.001649827,0.1462922,0.1676373,-0.2746639,-0.08191685,-0.6501598,-0.2071999,1.991,0.9154297,-0.0195705,-0.4020017,0.07896877,0.9881364,0.1317209,0.3946547,-0.1523268,0.9061149,static,-1.841607,-15.5634,-18.08442,-5.941286,1.1629733843666208,-2.147367923561111
2266,05/16/2023 12:01:16.708426,2449,True,True,True,True,Eyes,-0.03420224,0.2152955,-2.291808,-0.02494052,-0.2682101,0.9630376,0.0,0.0,0.0,0.0,0.0,0.0,0.0,-0.8666512,0.07260133,1.933237,-0.003561016,0.2187932,-2.108525,0.0756525,0.2106865,-0.02533443,0.9742928,9.096084,24.32343,358.9852,-0.01817285,0.09108991,-0.9956741,-0.01691993,-0.001550837,0.1375147,0.1977541,-0.2891572,-0.0759952,-0.65016,-0.2072,1.991,0.9099387,-0.01748838,-0.4143739,0.08124423,0.9872697,0.1367401,0.4067075,-0.1580906,0.8997758,static,-1.483501,-15.56275,-18.08442,-5.941287,1.4944155293826853,-2.156462206048541
2267,05/16/2023 12:01:16.728545,2450,True,True,True,True,Eyes,-0.03260393,0.215644,-2.283216,-0.02055663,-0.2687533,0.9629896,0.0,0.0,0.0,0.0,0.0,0.0,0.0,-0.89231,0.08462149,1.90871,0.000243187,0.2210303,-2.097068,0.07970763,0.2174132,-0.0246964,0.9725062,9.542026,25.13876,359.2228,-0.01784122,0.09133285,-0.9956573,-0.01590473,-0.001457787,0.1292638,0.2293049,-0.3046377,-0.0719943,-0.6501601,-0.2071999,1.991,0.9042431,-0.01337582,-0.4268084,0.08269379,0.9860736,0.1442937,0.4189345,-0.165771,0.8927563,static,-1.222889,-15.59347,-18.08442,-5.941285,1.7355200396144221,-2.1914453223974046
2268,05/16/2023 12:01:16.739008,2451,True,True,True,True,Eyes,-0.03087579,0.2160477,-2.274512,-0.01562482,-0.2688325,0.9630602,0.0,0.0,0.0,0.0,0.0,0.0,0.0,-0.9199356,0.06720027,1.884092,0.00457,0.2264307,-2.0855,0.07725582,0.2248525,-0.02330421,0.9710458,9.236958,26.02562,359.3895,-0.01747878,0.09160147,-0.9956394,-0.01495045,-0.00137032,0.121508,0.2665514,-0.2908245,-0.06225131,-0.6501598,-0.2072,1.991,0.8977965,-0.01051658,-0.4402849,0.08000124,0.9869769,0.1395578,0.4330834,-0.1605179,0.8869458,static,-0.9294932,-15.59676,-18.08442,-5.941287,2.0070575735937415,-2.20237220810448
2269,05/16/2023 12:01:16.759359,2452,True,True,True,True,Eyes,-0.02882184,0.2163985,-2.265774,-0.01031062,-0.2688105,0.9631379,0.0,0.0,0.0,0.0,0.0,0.0,0.0,-0.9507147,0.03709847,1.857124,0.009261463,0.2282718,-2.074114,0.07091166,0.233279,-0.02237299,0.9695627,8.507851,27.01233,359.4033,-0.01708254,0.09189636,-0.9956194,-0.01405342,-0.0012881,0.1142175,0.308996,-0.2644988,-0.04999537,-0.65016,-0.2071999,1.991,0.8901608,-0.01029964,-0.4555302,0.07646843,0.9889419,0.1270683,0.4491842,-0.1479449,0.8811049,static,-0.6133413,-15.59435,-18.08442,-5.941285,2.29967549054531,-2.208731379092187
2270,05/16/2023 12:01:16.779031,2453,True,True,True,True,Eyes,-0.02666733,0.2167533,-2.256975,-0.004564524,-0.2689123,0.9631538,0.0,0.0,0.0,0.0,0.0,0.0,0.0,-0.9845249,0.0227787,1.827488,0.01664523,0.227361,-2.063383,0.06809606,0.2419089,-0.02288208,0.967636,8.213096,28.02536,359.3437,-0.01664114,0.09221312,-0.9955979,-0.01321022,-0.001210814,0.1073644,0.3531599,-0.2547542,-0.04248147,-0.65016,-0.2071999,1.991,0.8819129,-0.01133695,-0.471276,0.07722913,0.9896787,0.1207136,0.4650432,-0.1428552,0.873686,static,-0.2715309,-15.59972,-18.08442,-5.941286,2.6160156230150116,-2.22285909256421
2271,05/16/2023 12:01:16.798730,2454,True,True,True,True,Eyes,-0.02435429,0.2171805,-2.248088,0.001345498,-0.269201,0.9630831,0.0,0.0,0.0,0.0,0.0,0.0,0.0,-1.014786,0.02289997,1.799153,0.0210923,0.2278402,-2.053024,0.0693959,0.2503198,-0.02439436,0.9653648,8.406631,29.02077,359.2843,-0.01615395,0.09255043,-0.9955748,-0.0124176,-0.001138165,0.1009226,0.3917359,-0.2601629,-0.03952082,-0.6501598,-0.2071999,1.991,0.8734898,-0.01235657,-0.4866857,0.08184126,0.9891782,0.1217719,0.4799142,-0.1461975,0.8650483,static,0.08004636,-15.61674,-18.08442,-5.941286,2.941356926479487,-2.2478446470517763
2272,05/16/2023 12:01:16.808682,2455,True,True,True,True,Eyes,-0.02187731,0.2176709,-2.239161,0.007603712,-0.2695846,0.9629467,0.0,0.0,0.0,0.0,0.0,0.0,0.0,-1.045224,0.02033144,1.770167,0.02850438,0.2299858,-2.042717,0.07054402,0.2582549,-0.02596904,0.9631478,8.586473,29.9609,359.2126,-0.01561723,0.09291063,-0.9955499,0.0,0.0,0.0,0.4312108,-0.2632985,-0.03667158,-0.6501598,-0.2071999,1.991,0.86526,-0.01358737,-0.5011392,0.08646073,0.9886983,0.1224754,0.4938114,-0.1493019,0.8566558,static,0.452415,-15.64001,-18.08442,-5.941285,3.285920794957342,-2.2790758339275623
2273,05/16/2023 12:01:16.828826,2456,True,True,True,True,Eyes,-0.01925137,0.2181635,-2.230248,0.01389973,-0.2700444,0.9627476,0.0,0.0,0.0,0.0,0.0,0.0,0.0,-1.073154,0.01785441,1.742228,0.03479281,0.2320155,-2.032804,0.07161838,0.2658698,-0.0273004,0.9609573,8.752187,30.86671,359.166,-0.01502844,0.09329446,-0.9955232,0.0,0.0,0.0,0.4683289,-0.2663491,-0.03445464,-0.6501597,-0.2071999,1.991,0.8571358,-0.0143867,-0.5148894,0.09055136,0.988251,0.1231277,0.5070686,-0.1521611,0.8483681,static,0.8271538,-15.66846,-18.08442,-5.941284,3.632661253567269,-2.315081449938349
2274,05/16/2023 12:01:16.838896,2457,True,True,True,True,Eyes,-0.01652084,0.2186323,-2.221332,0.02043196,-0.2707892,0.9624218,0.0,0.0,0.0,0.0,0.0,0.0,0.0,-1.098502,0.01711826,1.715472,0.0396667,0.2326757,-2.023396,0.07299228,0.2732031,-0.02936529,0.9587336,8.975124,31.73636,359.0473,-0.01438508,0.09370022,-0.9954947,0.0,0.0,0.0,0.5022191,-0.2718884,-0.03312415,-0.65016,-0.2071999,1.991,0.8489954,-0.01642354,-0.5281448,0.09619041,0.9876196,0.1239149,0.5195711,-0.1560057,0.8400643,static,1.216191,-15.7146,-18.08442,-5.941286,3.9925770729500387,-2.3675598160409326
2275,05/16/2023 12:01:16.859106,2458,True,True,True,True,Eyes,-0.01367949,0.2190957,-2.212454,0.02687782,-0.2718995,0.9619502,0.0,0.0,0.0,0.0,0.0,0.0,0.0,-1.122666,0.02548966,1.689015,0.04482302,0.2326439,-2.014366,0.07680532,0.2801367,-0.03218495,0.9563413,9.493549,32.56392,358.9236,-0.013687,0.09412511,-0.9954646,0.0,0.0,0.0,0.5333428,-0.2880249,-0.03447359,-0.65016,-0.2071999,1.991,0.840975,-0.01852761,-0.5407565,0.1045916,0.9861301,0.1288718,0.5308686,-0.1649366,0.8312487,static,1.600483,-15.78318,-18.08442,-5.941285,4.348027054732238,-2.4403151925270716
2276,05/16/2023 12:01:16.878662,2459,True,True,True,True,Eyes,-0.01074904,0.2195687,-2.203596,0.033527,-0.2732418,0.9613609,0.0,0.0,0.0,0.0,0.0,0.0,0.0,-1.146053,0.03623001,1.662977,0.04959182,0.2331311,-2.005849,0.08157504,0.2869551,-0.0354339,0.9538065,10.13391,33.38086,358.7906,-0.01293423,0.09456702,-0.9954329,0.0,0.0,0.0,0.5627931,-0.3075978,-0.03761223,-0.6501601,-0.2072,1.991,0.8328024,-0.02077741,-0.5531805,0.1144109,0.9841799,0.1352777,0.5416183,-0.1759495,0.8220046,static,1.997353,-15.86642,-18.08442,-5.941287,4.715070094947215,-2.5267415213687627
2277,05/16/2023 12:01:16.888940,2460,True,True,True,True,Eyes,-0.007727418,0.2200495,-2.19477,0.04013582,-0.2744306,0.960769,0.0,0.0,0.0,0.0,0.0,0.0,0.0,-1.168242,0.04195438,1.637288,0.05458743,0.2339015,-1.997391,0.08497661,0.2935144,-0.03795265,0.9514136,10.60139,34.16956,358.6981,-0.01212678,0.09502526,-0.9953996,0.0,0.0,0.0,0.5921702,-0.3214831,-0.03977177,-0.6501598,-0.2072,1.991,0.8248178,-0.02233361,-0.5649574,0.1221011,0.9826772,0.1394165,0.5520571,-0.1839751,0.8132565,static,2.392123,-15.94127,-18.08442,-5.941288,5.080197171125228,-2.6054817808179234
2278,05/16/2023 12:01:16.908873,2461,True,True,True,True,Eyes,-0.004622841,0.2205295,-2.185967,0.04696111,-0.2756328,0.9601153,0.0,0.0,0.0,0.0,0.0,0.0,0.0,-1.189514,0.04237999,1.612021,0.05964181,0.2346007,-1.989159,0.08679619,0.2999259,-0.0397597,0.9491733,10.87221,34.94165,358.6339,-0.01126509,0.09549882,-0.9953645,0.0,0.0,0.0,0.621942,-0.3291409,-0.040895,-0.6501601,-0.2071999,1.991,0.8169273,-0.02341286,-0.5762653,0.1275425,0.9817712,0.1409193,0.5624613,-0.1886192,0.8050218,static,2.800217,-16.01788,-18.08443,-5.941285,5.457650286561105,-2.686182821150929
2279,05/16/2023 12:01:16.928827,2462,True,True,True,True,Eyes,-0.001351618,0.2209839,-2.177252,0.05399947,-0.2767689,0.9594181,0.0,0.0,0.0,0.0,0.0,0.0,0.0,-1.209308,0.03904955,1.587237,0.06465903,0.2350749,-1.980866,0.08720719,0.3060664,-0.04044752,0.9471443,10.95015,35.68612,358.6438,-0.01034948,0.09598661,-0.9953277,0.0,0.0,0.0,0.6517921,-0.3313878,-0.04073319,-0.6501598,-0.2071999,1.991,0.8093747,-0.02323689,-0.5868327,0.1300016,0.9815178,0.1404363,0.5727235,-0.1899548,0.7974366,static,3.221412,-16.09157,-18.08442,-5.941286,5.847238476556916,-2.76458295003585
2280,05/16/2023 12:01:16.939136,2463,True,True,True,True,Eyes,0.002004897,0.2214164,-2.16856,0.06122733,-0.2778676,0.9586661,0.0,0.0,0.0,0.0,0.0,0.0,0.0,-1.228517,0.03467537,1.562771,0.07006326,0.2350301,-1.972958,0.08687621,0.3119835,-0.04022176,0.9452519,10.91409,36.40957,358.726,-0.009376368,0.09648623,-0.995289,0.0,0.0,0.0,0.681974,-0.3311474,-0.04041304,-0.6501601,-0.2071999,1.991,0.802097,-0.0218315,-0.5967946,0.1302473,0.9816695,0.1391428,0.5828174,-0.1893369,0.7902376,static,3.654358,-16.16413,-18.08442,-5.941285,6.247706365903627,-2.84227335475385
2281,05/16/2023 12:01:16.959132,2464,True,True,True,True,Eyes,0.005542393,0.2218204,-2.159967,0.06845409,-0.2785486,0.9579795,0.0,0.0,0.0,0.0,0.0,0.0,0.0,-1.246291,0.03113659,1.538427,0.07540156,0.234923,-1.964712,0.08651417,0.3176265,-0.03938903,0.9434391,10.85147,37.10624,358.8703,-0.00834692,0.09699561,-0.9952487,0.0,0.0,0.0,0.7113385,-0.3307756,-0.0397993,-0.65016,-0.2071999,1.991,0.7951238,-0.01936393,-0.6061379,0.1292807,0.9819276,0.1382197,0.5925071,-0.1882637,0.7832575,static,4.087223,-16.21267,-18.08442,-5.941284,6.6481784801287525,-2.898119479251463
2282,05/16/2023 12:01:16.979156,2465,True,True,True,True,Eyes,0.009161067,0.2222031,-2.151394,0.07585239,-0.2791525,0.9572462,0.0,0.0,0.0,0.0,0.0,0.0,0.0,-1.263809,0.02572633,1.514548,0.0813407,0.2347304,-1.957043,0.08558394,0.3230776,-0.03853741,0.9417065,10.72475,37.7772,358.9922,-0.007257061,0.09751253,-0.9952068,0.0,0.0,0.0,0.7407081,-0.3280904,-0.03918241,-0.6501599,-0.2071999,1.991,0.7882715,-0.01728135,-0.6150848,0.1278823,0.9823805,0.1362887,0.6018921,-0.186091,0.7765926,static,4.530663,-16.25776,-18.08442,-5.941286,7.058449512323044,-2.951114429500322
2283,05/16/2023 12:01:16.988501,2466,True,True,True,True,Eyes,0.01294247,0.2225347,-2.142906,0.08333846,-0.2794601,0.9565337,0.0,0.0,0.0,0.0,0.0,0.0,0.0,-1.28033,0.01952012,1.490286,0.08686203,0.2345734,-1.948848,0.08452205,0.328552,-0.03792608,0.9399315,10.59183,38.44889,359.0815,-0.006107821,0.09803557,-0.9951633,0.0,0.0,0.0,0.7695991,-0.3247942,-0.03816838,-0.6501599,-0.2071998,1.991,0.7812303,-0.01575606,-0.6240439,0.1268356,0.9828353,0.1339685,0.6112216,-0.1838113,0.7698193,static,4.979348,-16.28621,-18.08442,-5.941284,7.473629842576203,-2.98911999684163
2284,05/16/2023 12:01:17.008706,2467,True,True,True,True,Eyes,0.01678663,0.2227859,-2.134446,0.09091921,-0.2797209,0.9557667,0.0,0.0,0.0,0.0,0.0,0.0,0.0,-1.29655,0.01303965,1.466558,0.09320264,0.2337305,-1.941311,0.08332289,0.3337362,-0.03772545,0.9382187,10.45894,39.08131,359.1159,-0.004896403,0.09856174,-0.995118,0.0,0.0,0.0,0.7978484,-0.3215652,-0.03740907,-0.6501598,-0.2072,1.991,0.7743939,-0.01517371,-0.6325217,0.1264051,0.9832682,0.1311695,0.6199482,-0.1815309,0.763355,static,5.434023,-16.31298,-18.08442,-5.941287,7.894359672504214,-3.0257598967143586
2285,05/16/2023 12:01:17.028670,2468,True,True,True,True,Eyes,0.02077795,0.2229546,-2.126056,0.09851156,-0.2797052,0.9550186,0.0,0.0,0.0,0.0,0.0,0.0,0.0,-1.310257,0.009112641,1.443873,0.09852862,0.2320355,-1.933411,0.08258704,0.3385168,-0.03766885,0.9365718,10.38144,39.66652,359.1469,-0.003625156,0.09908711,-0.9950714,0.0,0.0,0.0,0.8231035,-0.3210075,-0.0363457,-0.65016,-0.2071999,1.991,0.7679749,-0.01464498,-0.6403126,0.1264734,0.9835209,0.1291943,0.6278687,-0.1802005,0.7571715,static,5.889314,-16.32422,-18.08442,-5.941286,8.315710834614201,-3.0482945731043714
2286,05/16/2023 12:01:17.039076,2469,True,True,True,True,Eyes,0.02488242,0.2230988,-2.117691,0.1061006,-0.2796915,0.9542092,0.0,0.0,0.0,0.0,0.0,0.0,0.0,-1.323222,0.007533222,1.422094,0.105186,0.2302592,-1.925938,0.08239065,0.3426802,-0.03744803,0.9350828,10.35517,40.18118,359.2098,-0.00229097,0.0996083,-0.9950233,0.0,0.0,0.0,0.8470185,-0.3226074,-0.03550362,-0.6501601,-0.2071999,1.991,0.7623358,-0.01356673,-0.6470395,0.1265013,0.9836188,0.1284188,0.634698,-0.1797496,0.7515641,static,6.344779,-16.33657,-18.08442,-5.941285,8.73721938035143,-3.0718433110134438
2287,05/16/2023 12:01:17.058705,2470,True,True,True,True,Eyes,0.02919549,0.2231852,-2.109426,0.113656,-0.2795419,0.9533828,0.0,0.0,0.0,0.0,0.0,0.0,0.0,-1.33402,0.005833223,1.401673,0.111988,0.2297911,-1.918068,0.08220603,0.3462192,-0.03656256,0.9338296,10.30279,40.62506,359.3382,-0.0008935031,0.1001248,-0.9949737,0.0,0.0,0.0,0.8689399,-0.3227567,-0.03354306,-0.6501601,-0.2071999,1.991,0.7575909,-0.01136379,-0.6526307,0.125209,0.9838107,0.1282155,0.640608,-0.1788501,0.7467489,static,6.798338,-16.34169,-18.08443,-5.941286,9.156987691550677,-3.0887660484340866
2288,05/16/2023 12:01:17.078885,2471,True,True,True,True,Eyes,0.03361204,0.2231946,-2.101201,0.1212237,-0.2793695,0.9525006,0.0,0.0,0.0,0.0,0.0,0.0,0.0,-1.345577,0.002143413,1.381136,0.1197694,0.2285256,-1.910903,0.08109946,0.3497167,-0.0353807,0.9326679,10.13826,41.06058,359.4602,0.0005718891,0.1006339,-0.9949226,0.0,0.0,0.0,0.8922223,-0.319865,-0.03146087,-0.6501597,-0.2071999,1.991,0.7528929,-0.009273206,-0.6580778,0.1227205,0.9843422,0.1265313,0.6466004,-0.1760241,0.7422422,static,7.252979,-16.34647,-18.08442,-5.941287,9.577758553694464,-3.1054088777040914
2289,05/16/2023 12:01:17.088910,2472,True,True,True,True,Eyes,0.03796475,0.2231477,-2.092837,0.1309653,-0.2800256,0.9510172,0.0,0.0,0.0,0.0,0.0,0.0,0.0,-1.356779,0.0001332313,1.360118,0.1266638,0.2266605,-1.90351,0.0805362,0.3534493,-0.03479758,0.9313307,10.05597,41.52413,359.5412,0.002105352,0.1011332,-0.9948699,0.0,0.0,0.0,0.9149241,-0.3198717,-0.03009941,-0.6501597,-0.2071999,1.991,0.7477257,-0.007885191,-0.6639611,0.121747,0.9846061,0.1254133,0.6527512,-0.17461,0.7371752,static,7.840929,-16.40699,-18.08442,-5.941287,10.121727923844794,-3.176343201023551
2290,05/16/2023 12:01:17.108631,2473,True,True,True,True,Eyes,0.04244897,0.2230397,-2.084525,0.1406794,-0.2806241,0.9494522,0.0,0.0,0.0,0.0,0.0,0.0,0.0,-1.370427,-0.001613468,1.337216,0.1352163,0.2248911,-1.896671,0.08035884,0.3575675,-0.03471825,0.9297756,10.03558,42.03466,359.5873,0.003698214,0.1016218,-0.9948155,0.0,0.0,0.0,0.9403279,-0.3214726,-0.03039024,-0.65016,-0.2071999,1.991,0.7418802,-0.007092948,-0.6704949,0.1220278,0.9846742,0.1246031,0.6593354,-0.1742596,0.7313758,static,8.428141,-16.46579,-18.08442,-5.941284,10.665019919206241,-3.2456935179960738
2291,05/16/2023 12:01:17.128581,2474,True,True,True,True,Eyes,0.04704673,0.2228721,-2.07621,0.1503413,-0.2811506,0.9478142,0.0,0.0,0.0,0.0,0.0,0.0,0.0,-1.383842,-0.004931822,1.31363,0.1428086,0.2233033,-1.889552,0.07980033,0.362048,-0.03468161,0.9280897,9.976051,42.58806,359.6165,0.005352732,0.1020978,-0.9947593,0.0,0.0,0.0,0.9663286,-0.3213872,-0.03083006,-0.6501599,-0.2071999,1.991,0.735437,-0.006592201,-0.677561,0.1221584,0.9848582,0.1230109,0.6664907,-0.1732365,0.7251064,static,9.013109,-16.52197,-18.08442,-5.941286,11.206243649808533,-3.312600700937704
2292,05/16/2023 12:01:17.148766,2475,True,True,True,True,Eyes,0.0518209,0.2226612,-2.067942,0.1600134,-0.2815875,0.9460995,0.0,0.0,0.0,0.0,0.0,0.0,0.0,-1.398855,-0.009790525,1.288578,0.1519774,0.2215926,-1.88285,0.07910337,0.3667485,-0.03526016,0.9262803,9.927794,43.164,359.5754,0.00706974,0.1025599,-0.994701,0.0,0.0,0.0,0.9944022,-0.3210155,-0.0320072,-0.65016,-0.2071999,1.991,0.7285046,-0.007299499,-0.6850021,0.1233436,0.9849988,0.1206805,0.6738454,-0.172407,0.7184764,static,9.599569,-16.57458,-18.08442,-5.941286,11.748860050346977,-3.3763019310025957
2293,05/16/2023 12:01:17.158853,2476,True,True,True,True,Eyes,0.05676397,0.2224048,-2.059713,0.169746,-0.2820197,0.9442728,0.0,0.0,0.0,0.0,0.0,0.0,0.0,-1.413891,-0.01773217,1.262202,0.1609164,0.2203307,-1.875664,0.07796507,0.3718438,-0.03643785,0.9242976,9.859006,43.7827,359.4547,0.008853449,0.1030075,-0.9946405,0.0,0.0,0.0,1.023583,-0.3186108,-0.03309305,-0.6501598,-0.2071999,1.991,0.7208089,-0.009377166,-0.6930704,0.1253405,0.9851875,0.1170275,0.6817069,-0.1712242,0.7113073,static,10.19086,-16.62896,-18.08442,-5.941285,12.295941879755565,-3.4417433332899474
2294,05/16/2023 12:01:17.178824,2477,True,True,True,True,Eyes,0.06185186,0.2221352,-2.051535,0.1794984,-0.2823835,0.9423587,0.0,0.0,0.0,0.0,0.0,0.0,0.0,-1.429971,-0.02616368,1.234706,0.1705083,0.218936,-1.868955,0.07698356,0.3772169,-0.03821987,0.9221281,9.835021,44.43412,359.2784,0.01070699,0.1034398,-0.9945774,0.0,0.0,0.0,1.054026,-0.3172216,-0.03547402,-0.6501602,-0.2071999,1.991,0.7124934,-0.01240823,-0.7015692,0.1285662,0.9852256,0.113143,0.6897999,-0.1708118,0.703562,static,10.78438,-16.68116,-18.08442,-5.941285,12.845093916354324,-3.5052626833365057
2295,05/16/2023 12:01:17.188954,2478,True,True,True,True,Eyes,0.06707126,0.2218387,-2.043356,0.1893183,-0.2826429,0.9403572,0.0,0.0,0.0,0.0,0.0,0.0,0.0,-1.444655,-0.03524099,1.207593,0.1789973,0.2183451,-1.861944,0.0759973,0.3826059,-0.03993244,0.9199145,9.809845,45.08985,359.1095,0.01263215,0.1038576,-0.9945112,0.0,0.0,0.0,1.083428,-0.3150678,-0.03788335,-0.65016,-0.2072,1.991,0.7040363,-0.01531484,-0.7099988,0.1316229,0.9852596,0.1092653,0.6978598,-0.1703788,0.6956744,static,11.38296,-16.72919,-18.08442,-5.941288,13.398942913592562,-3.565126983177743
2296,05/16/2023 12:01:17.208811,2479,True,True,True,True,Eyes,0.07248928,0.2215262,-2.035234,0.1991206,-0.2828635,0.938264,0.0,0.0,0.0,0.0,0.0,0.0,0.0,-1.45926,-0.04393999,1.180296,0.1887935,0.2172614,-1.855161,0.07492388,0.3877054,-0.04147588,0.9177967,9.769832,45.71174,358.9514,0.01463065,0.1042612,-0.9944416,0.0,0.0,0.0,1.113076,-0.3130271,-0.04016339,-0.6501601,-0.2071999,1.991,0.6959286,-0.01803606,-0.7178845,0.1342296,0.9853323,0.1053689,0.7054543,-0.1696906,0.6881419,static,11.98168,-16.77677,-18.08442,-5.941286,13.952922969511539,-3.6245858712840455
2297,05/16/2023 12:01:17.228571,2480,True,True,True,True,Eyes,0.07805129,0.2212058,-2.027155,0.2089033,-0.2830662,0.9360731,0.0,0.0,0.0,0.0,0.0,0.0,0.0,-1.473409,-0.05057396,1.152969,0.1988866,0.2167511,-1.848322,0.07438153,0.3926421,-0.04250045,0.9156927,9.764343,46.32211,358.8706,0.01670659,0.104651,-0.994368,0.0,0.0,0.0,1.142411,-0.3124448,-0.04293156,-0.6501601,-0.2071999,1.991,0.6880518,-0.01942408,-0.7254015,0.1362454,0.9853222,0.1028463,0.7127565,-0.1695962,0.6805992,static,12.58054,-16.82519,-18.08442,-5.941285,14.507029831015835,-3.6848123824366112
2298,05/16/2023 12:01:17.248545,2481,True,True,True,True,Eyes,0.08378439,0.2208516,-2.019101,0.2186721,-0.2832365,0.9337878,0.0,0.0,0.0,0.0,0.0,0.0,0.0,-1.486079,-0.05814877,1.126479,0.2079815,0.2162084,-1.841402,0.07322777,0.3974504,-0.04304143,0.913684,9.673167,46.9173,358.8117,0.01886107,0.105028,-0.9942896,0.0,0.0,0.0,1.170769,-0.3092532,-0.04511448,-0.6501597,-0.2072,1.991,0.6803613,-0.02044373,-0.7325916,0.1368613,0.9855702,0.0996004,0.7199844,-0.1680277,0.6733418,static,13.17988,-16.8736,-18.08442,-5.941288,15.061580982779475,-3.7450427823919146
2299,05/16/2023 12:01:17.268613,2482,True,True,True,True,Eyes,0.08974192,0.2205131,-2.011133,0.22832,-0.2834409,0.9314135,0.0,0.0,0.0,0.0,0.0,0.0,0.0,-1.498629,-0.06354629,1.098708,0.217738,0.2148419,-1.83399,0.07256667,0.4022894,-0.04363684,0.9115883,9.637331,47.52058,358.7695,0.0210969,0.1053916,-0.9942062,0.0,0.0,0.0,1.199591,-0.308937,-0.04755785,-0.6501596,-0.2071999,1.991,0.6725181,-0.02117206,-0.7397776,0.1379433,0.9856598,0.09719257,0.7271114,-0.1674111,0.6657947,static,13.77348,-16.92567,-18.08441,-5.941287,15.610807490866348,-3.8084460833136706
2300,05/16/2023 12:01:17.278651,2483,True,True,True,True,Eyes,0.09580746,0.2202471,-2.003183,0.2379759,-0.2836363,0.9289337,0.0,0.0,0.0,0.0,0.0,0.0,0.0,-1.512558,-0.06888302,1.070091,0.2283871,0.2146243,-1.827415,0.07253522,0.40736,-0.04460235,0.9092894,9.686053,48.15614,358.7202,0.02341932,0.1057437,-0.9941168,0.0,0.0,0.0,1.229623,-0.310241,-0.0520937,-0.65016,-0.2072,1.991,0.6641369,-0.02201699,-0.7472867,0.1402088,0.9854985,0.09557261,0.7343457,-0.1682494,0.6575931,static,14.36911,-16.97928,-18.08442,-5.941286,16.161907759735136,-3.873304654784592
2301,05/16/2023 12:01:17.288496,2484,True,True,True,True,Eyes,0.1020771,0.220052,-1.995331,0.2475161,-0.2837199,0.9264118,0.0,0.0,0.0,0.0,0.0,0.0,0.0,-1.524228,-0.07657741,1.041876,0.23693,0.2164171,-1.819799,0.07231382,0.4126141,-0.04549246,0.9068908,9.712423,48.81605,358.6723,0.02582669,0.1060888,-0.9940205,0.0,0.0,0.0,1.258328,-0.3087978,-0.05610511,-0.6501602,-0.2071998,1.991,0.65536,-0.02283798,-0.7549714,0.1421888,0.9854023,0.09361981,0.7418124,-0.1687031,0.6490407,static,14.95872,-17.02756,-18.08442,-5.941281,16.707453874630545,-3.9331536840359913
2302,05/16/2023 12:01:17.308780,2485,True,True,True,True,Eyes,0.1084331,0.2197886,-1.987504,0.2571228,-0.28364,0.9238161,0.0,0.0,0.0,0.0,0.0,0.0,0.0,-1.537218,-0.08608744,1.013134,0.2472271,0.217978,-1.813354,0.07115091,0.417783,-0.04584031,0.9045959,9.615079,49.46444,358.6353,0.02832315,0.1064307,-0.993916,0.0,0.0,0.0,1.289167,-0.3035389,-0.06061337,-0.65016,-0.2071999,1.991,0.6467122,-0.02348262,-0.7623726,0.1423852,0.9856724,0.09042303,0.7493262,-0.1670282,0.6407899,static,15.55331,-17.0681,-18.08442,-5.941285,17.25763467747812,-3.9860991938421932
2303,05/16/2023 12:01:17.328882,2486,True,True,True,True,Eyes,0.1149792,0.2194498,-1.979745,0.2665509,-0.2837264,0.9211134,0.0,0.0,0.0,0.0,0.0,0.0,0.0,-1.548303,-0.09319942,0.983848,0.2555689,0.2160344,-1.806073,0.06883209,0.423098,-0.04501246,0.9023438,9.34099,50.13356,358.6651,0.03090646,0.1067663,-0.9938031,0.0,0.0,0.0,1.319826,-0.2965754,-0.06414622,-0.65016,-0.2071999,1.991,0.6379239,-0.02298796,-0.7697563,0.1394789,0.986472,0.08613107,0.7573631,-0.1623098,0.6325004,static,16.13933,-17.12017,-18.08442,-5.941285,17.79984562253328,-4.049297485837387
2304,05/16/2023 12:01:17.339125,2487,True,True,True,True,Eyes,0.1216684,0.2193104,-1.972031,0.2759878,-0.2838245,0.9182997,0.0,0.0,0.0,0.0,0.0,0.0,0.0,-1.561017,-0.0876272,0.954021,0.2662406,0.2139576,-1.79943,0.07117064,0.4280606,-0.04503506,0.8998172,9.592319,50.7846,358.831,0.03357996,0.1070921,-0.9936813,0.0,0.0,0.0,1.348574,-0.3089977,-0.07177425,-0.6501598,-0.2071999,1.991,0.629472,-0.02011593,-0.7767628,0.1419773,0.9858132,0.08952567,0.7639421,-0.1666366,0.6233978,static,16.72774,-17.17513,-18.08442,-5.941283,18.344259070423753,-4.11518837949192
2305,05/16/2023 12:01:17.358998,2488,True,True,True,True,Eyes,0.1285075,0.2192614,-1.964373,0.285494,-0.2836981,0.915428,0.0,0.0,0.0,0.0,0.0,0.0,0.0,-1.572208,-0.09351787,0.9259305,0.2762924,0.2185986,-1.792709,0.07122046,0.4328942,-0.04401231,0.8975485,9.552599,51.4125,358.9922,0.03634385,0.1074189,-0.9935488,0.0,0.0,0.0,1.37788,-0.3048323,-0.07741161,-0.6501602,-0.2071999,1.991,0.621331,-0.01734451,-0.7833563,0.1406682,0.9859811,0.08974228,0.770818,-0.165953,0.6150604,static,17.32111,-17.21861,-18.08442,-5.941285,18.893301026225732,-4.170774321244425
2306,05/16/2023 12:01:17.379026,2489,True,True,True,True,Eyes,0.1354049,0.219153,-1.956757,0.2950082,-0.2835559,0.9124507,0.0,0.0,0.0,0.0,0.0,0.0,0.0,-1.583366,-0.1101032,0.8963707,0.2867848,0.220628,-1.786541,0.06694227,0.4380475,-0.04311647,0.8954183,9.070916,52.0512,358.9227,0.03919906,0.1077507,-0.9934044,0.0,0.0,0.0,1.410793,-0.2857679,-0.08070199,-0.6501601,-0.2072,1.991,0.6125107,-0.01856676,-0.7902442,0.1358624,0.9873194,0.08210857,0.7786989,-0.1576568,0.6072662,static,17.91675,-17.26331,-18.08443,-5.941288,19.44443992648585,-4.227531039221821
2307,05/16/2023 12:01:17.389074,2490,True,True,True,True,Eyes,0.142394,0.2189932,-1.949203,0.3044424,-0.2836758,0.909309,0.0,0.0,0.0,0.0,0.0,0.0,0.0,-1.592744,-0.1159453,0.8675866,0.2950156,0.2190958,-1.779873,0.06631093,0.4432501,-0.04420995,0.892848,9.067812,52.71099,358.8302,0.04214169,0.1080839,-0.9932477,0.0,0.0,0.0,1.438557,-0.2861524,-0.08672245,-0.65016,-0.2071999,1.991,0.6031496,-0.02016087,-0.7973732,0.1377302,0.9872967,0.07921904,0.7856469,-0.1576033,0.5982644,static,18.51087,-17.32628,-18.08442,-5.941284,19.994111776295355,-4.300860093316965
2308,05/16/2023 12:01:17.408782,2491,True,True,True,True,Eyes,0.1494401,0.2189022,-1.941711,0.313887,-0.2839545,0.9060048,0.0,0.0,0.0,0.0,0.0,0.0,0.0,-1.603967,-0.1147002,0.8377678,0.3044861,0.2177161,-1.77415,0.06870874,0.4485976,-0.0459994,0.8899007,9.413498,53.40849,358.8253,0.04517028,0.1084155,-0.9930785,0.0,0.0,0.0,1.466076,-0.2991461,-0.09686583,-0.6501597,-0.2071999,1.991,0.5932885,-0.02022466,-0.8047357,0.143515,0.9863263,0.08101747,0.7920936,-0.1635584,0.5880787,static,19.10874,-17.40172,-18.08441,-5.941284,20.547213272924235,-4.385629906252332
2309,05/16/2023 12:01:17.428890,2492,True,True,True,True,Eyes,0.156582,0.2188696,-1.934272,0.3234155,-0.2839501,0.9026487,0.0,0.0,0.0,0.0,0.0,0.0,0.0,-1.614153,-0.1155381,0.8082327,0.3128285,0.2193113,-1.768083,0.07049174,0.4540556,-0.04647997,0.8869634,9.628325,54.12751,358.9284,0.04828121,0.1087489,-0.9928958,0.0,0.0,0.0,1.493839,-0.3059537,-0.1070503,-0.6501597,-0.2071999,1.991,0.5833462,-0.01843774,-0.8120143,0.1464664,0.985741,0.08283821,0.7989085,-0.1672562,0.5777289,static,19.71241,-17.46224,-18.08441,-5.941283,21.105732069309195,-4.456989393203136
2310,05/16/2023 12:01:17.439374,2493,True,True,True,True,Eyes,0.1638246,0.2187904,-1.926892,0.3330966,-0.2837023,0.8991995,0.0,0.0,0.0,0.0,0.0,0.0,0.0,-1.625473,-0.1252712,0.7752537,0.3226044,0.2205904,-1.762425,0.06774213,0.4600642,-0.04498326,0.8841541,9.275358,54.89881,359.0007,0.05147366,0.1090865,-0.9926984,0.0,0.0,0.0,1.528518,-0.2935863,-0.1158782,-0.6501603,-0.2071999,1.991,0.5726349,-0.01721281,-0.8196298,0.1418757,0.986775,0.07839861,0.8074408,-0.1611793,0.5675039,static,20.32649,-17.51077,-18.08443,-5.941285,21.673925226371075,-4.517727571192429
2311,05/16/2023 12:01:17.459008,2494,True,True,True,True,Eyes,0.171162,0.2186799,-1.919574,0.3427566,-0.283439,0.8956451,0.0,0.0,0.0,0.0,0.0,0.0,0.0,-1.636075,-0.134411,0.7406806,0.3321539,0.219332,-1.756411,0.06432451,0.4663156,-0.04358839,0.8811994,8.859809,55.69845,359.0241,0.05474691,0.1094253,-0.9924859,0.0,0.0,0.0,1.563979,-0.2810729,-0.1248716,-0.6501599,-0.2071999,1.991,0.5612996,-0.01682908,-0.8274417,0.1368112,0.9879248,0.07271354,0.8162264,-0.1540173,0.5568241,static,20.94147,-17.56068,-18.08442,-5.941286,22.24294681602796,-4.579744965028093
2312,05/16/2023 12:01:17.478840,2495,True,True,True,True,Eyes,0.1785375,0.2186035,-1.912315,0.3524663,-0.2832169,0.8919393,0.0,0.0,0.0,0.0,0.0,0.0,0.0,-1.646664,-0.1383116,0.7062424,0.3417873,0.2184344,-1.75068,0.06327257,0.4725233,-0.04280105,0.8780013,8.7171,56.50867,359.1094,0.05810037,0.1097632,-0.992258,0.0,0.0,0.0,1.597633,-0.2781064,-0.1363628,-0.6501597,-0.2071999,1.991,0.5497797,-0.01536323,-0.8351684,0.1349543,0.9883293,0.07065783,0.8243359,-0.1515558,0.5454366,static,21.56237,-17.61617,-18.08442,-5.941285,22.817429181812933,-4.6469965288019655
2313,05/16/2023 12:01:17.498744,2496,True,True,True,True,Eyes,0.185978,0.2185692,-1.905111,0.3621221,-0.2830141,0.8881276,0.0,0.0,0.0,0.0,0.0,0.0,0.0,-1.655184,-0.140756,0.6747326,0.3499902,0.2191813,-1.744757,0.06342819,0.4782608,-0.04231523,0.8749017,8.711679,57.26698,359.2248,0.06153014,0.1101016,-0.9920137,0.0,0.0,0.0,1.627178,-0.2784763,-0.1476187,-0.65016,-0.2071999,1.991001,0.5389521,-0.0133729,-0.8422303,0.1347138,0.9883726,0.07051145,0.8314943,-0.1514623,0.534487,static,22.18252,-17.67519,-18.08442,-5.941284,23.39120575726753,-4.717437740437203
2314,05/16/2023 12:01:17.508792,2497,True,True,True,True,Eyes,0.193459,0.2185512,-1.89796,0.3717411,-0.2828456,0.8841984,0.0,0.0,0.0,0.0,0.0,0.0,0.0,-1.663098,-0.1458459,0.6443658,0.3591906,0.2201301,-1.739223,0.06323592,0.4835404,-0.04250268,0.8719997,8.707311,57.96117,359.2482,0.06503426,0.1104425,-0.9917522,0.0,0.0,0.0,1.655676,-0.2776427,-0.1577466,-0.6501598,-0.2071999,1.991,0.5287642,-0.0129704,-0.8486696,0.1352789,0.9883894,0.06917987,0.8379188,-0.1513869,0.5243797,static,22.80322,-17.73892,-18.08442,-5.941286,23.965475848789406,-4.792176768335635
2315,05/16/2023 12:01:17.528593,2498,True,True,True,True,Eyes,0.2010174,0.2185538,-1.890896,0.3812014,-0.2829033,0.8801428,0.0,0.0,0.0,0.0,0.0,0.0,0.0,-1.669137,-0.15043,0.6158803,0.367565,0.2205069,-1.733271,0.06329761,0.4884187,-0.04310001,0.8692428,8.751177,58.60428,359.2407,0.06860986,0.110786,-0.9914729,0.0,0.0,0.0,1.681391,-0.2786657,-0.1666159,-0.6501601,-0.2071999,1.991,0.5191792,-0.01309728,-0.8545651,0.1367602,0.9882715,0.06794029,0.8436525,-0.1521437,0.5148813,static,23.41807,-17.8189,-18.08442,-5.941286,24.534277978779855,-4.881534177869712
2316,05/16/2023 12:01:17.548815,2499,True,True,True,True,Eyes,0.2086328,0.2186005,-1.883907,0.3904811,-0.2831823,0.875975,0.0,0.0,0.0,0.0,0.0,0.0,0.0,-1.674645,-0.1539642,0.5895712,0.3766044,0.2210674,-1.727725,0.0644201,0.4926693,-0.04442304,0.8666913,8.942107,59.17064,359.2154,0.07225586,0.1111325,-0.9911751,0.0,0.0,0.0,1.704408,-0.2842745,-0.1748932,-0.65016,-0.2072,1.991,0.5106072,-0.01352651,-0.8597077,0.1404777,0.9877533,0.06789294,0.8482609,-0.1554364,0.5062541,static,24.02575,-17.91481,-18.08442,-5.941286,25.096391494723868,-4.985183282904421
2317,05/16/2023 12:01:17.558684,2500,True,True,True,True,Eyes,0.2162934,0.2187208,-1.876989,0.3994919,-0.2837341,0.8717231,0.0,0.0,0.0,0.0,0.0,0.0,0.0,-1.679427,-0.1548571,0.5661344,0.3855456,0.2222237,-1.722479,0.067049,0.4962631,-0.04611244,0.8643501,9.304157,59.66202,359.2355,0.07597025,0.1114834,-0.9908578,0.0,0.0,0.0,1.723832,-0.2955674,-0.1828023,-0.6501599,-0.2071999,1.991,0.5031933,-0.01316668,-0.8640736,0.1462625,0.9867561,0.07013983,0.8517065,-0.1616754,0.4984548,static,24.62097,-18.02937,-18.08442,-5.941284,25.646911343308496,-5.1054543855903685
2318,05/16/2023 12:01:17.578937,2501,True,True,True,True,Eyes,0.2240012,0.2188444,-1.870155,0.4082925,-0.2845197,0.8673786,0.0,0.0,0.0,0.0,0.0,0.0,0.0,-1.683287,-0.1573001,0.5447803,0.3943508,0.2241562,-1.717331,0.06955449,0.499393,-0.04798416,0.862245,9.664112,60.09168,359.2282,0.0797509,0.1118418,-0.9905203,0.0,0.0,0.0,1.741292,-0.3056848,-0.1893456,-0.6501597,-0.2071999,1.991,0.4966083,-0.01327815,-0.8678731,0.1522183,0.9857194,0.07202012,0.8545232,-0.1678719,0.4915376,static,25.20731,-18.16066,-18.08442,-5.941285,26.18915727367391,-5.240698398491526
2319,05/16/2023 12:01:17.588831,2502,True,True,True,True,Eyes,0.4165805,0.2225038,-1.700847,0.6112847,-0.301074,0.7319053,0.0,0.0,0.0,0.0,0.0,0.0,0.0,-1.687308,-0.1575813,0.5231355,0.4031584,0.2244211,-1.712487,0.07255473,0.5025651,-0.0500944,0.8600318,10.0874,60.53232,359.2296,0.08359537,0.1122065,-0.990162,0.0,0.0,0.0,1.758357,-0.3196742,-0.1968619,-0.65016,-0.2072,1.991,0.4898376,-0.01323858,-0.8717132,0.1590925,0.9844528,0.07444735,0.8571748,-0.1751502,0.4843281,static,39.86851,-22.36013,-18.08442,-5.941287,39.74478043031355,-9.455926754618288
2320,05/16/2023 12:01:17.608711,2503,True,True,True,True,Eyes,0.4169523,0.2224995,-1.700756,0.6115444,-0.3012604,0.7316117,0.0,0.0,0.0,0.0,0.0,0.0,0.0,-1.691262,-0.1599007,0.5011436,0.4112655,0.2263335,-1.707839,0.07635871,0.506127,-0.05313309,0.8574275,10.64529,61.0304,359.1942,0.1077346,0.1145782,-0.9875548,0.5777381,0.01097806,0.5079231,1.77488,-0.3360884,-0.2065196,-0.65016,-0.2071999,1.991,0.4820246,-0.01382114,-0.8760487,0.16841,0.9826925,0.07715992,0.85982,-0.1847283,0.4760096,static,39.8918,-22.38071,-18.08442,-5.941283,39.76626831251144,-9.47527065345776
2321,05/16/2023 12:01:17.628651,2504,True,True,True,True,Eyes,0.4176639,0.2225928,-1.700477,0.612218,-0.3012683,0.7310448,0.0,0.0,0.0,0.0,0.0,0.0,0.0,-1.698483,-0.1623247,0.4748479,0.4204938,0.2262628,-1.705481,0.07832314,0.5106162,-0.0548078,0.8544779,10.94242,61.64667,359.2018,0.1271877,0.1164404,-0.98502,0.5430738,0.01031937,0.4774477,1.797585,-0.3461934,-0.2203425,-0.65016,-0.2071999,1.991,0.4725343,-0.01367798,-0.8812062,0.1736502,0.9817232,0.07787928,0.8640352,-0.1898223,0.466273,static,39.9447,-22.39688,-18.08442,-5.941287,39.81517585591374,-9.491405243161408
2322,05/16/2023 12:01:17.639064,2505,True,True,True,True,Eyes,0.4187313,0.2226954,-1.700097,0.6133121,-0.3012063,0.7301527,0.0,0.0,0.0,0.0,0.0,0.0,0.0,-1.704355,-0.1700147,0.4443133,0.4295805,0.2274614,-1.701431,0.07842073,0.5160213,-0.0559415,0.851142,11.02448,62.37376,359.1655,0.1429267,0.117918,-0.9826835,0.5104894,0.009700212,0.4488009,1.82469,-0.347335,-0.234121,-0.65016,-0.2071999,1.991,0.4611853,-0.01429481,-0.8871887,0.1761619,0.9814414,0.07576036,0.8696408,-0.1912284,0.4551446,static,40.02951,-22.41738,-18.08442,-5.941286,39.89360297782081,-9.51234026757898
2323,05/16/2023 12:01:17.658970,2506,True,True,True,True,Eyes,0.4201114,0.222807,-1.699537,0.6149693,-0.3006974,0.7289677,0.0,0.0,0.0,0.0,0.0,0.0,0.0,-1.711674,-0.1784087,0.4099098,0.4390702,0.2277676,-1.698536,0.07709769,0.5222929,-0.05613345,0.8474168,10.91217,63.2126,359.1479,0.1557187,0.1190993,-0.980595,0.47986,0.009118199,0.4218728,1.856521,-0.3430741,-0.2512301,-0.6501601,-0.2071999,1.991,0.4481184,-0.01460172,-0.893855,0.175672,0.98181,0.07203156,0.8765439,-0.1893039,0.4425322,static,40.15154,-22.41603,-18.08442,-5.941285,40.006550589257046,-9.514413100389907
2324,05/16/2023 12:01:17.678883,2507,True,True,True,True,Eyes,0.4218424,0.2228919,-1.698897,0.6170929,-0.300037,0.7274436,0.0,0.0,0.0,0.0,0.0,0.0,0.0,-1.717518,-0.1871398,0.3730903,0.4482568,0.2279873,-1.694453,0.07481509,0.5289744,-0.05551283,0.8435088,10.65788,64.10577,359.1546,0.1661721,0.1200515,-0.9787616,0.4510684,0.008571107,0.3965605,1.890356,-0.3344121,-0.2683473,-0.65016,-0.2071999,1.991,0.4342089,-0.0145006,-0.9006954,0.1728017,0.9826421,0.06748466,0.8840827,-0.1849441,0.4291776,static,40.30806,-22.4139,-18.08442,-5.941285,40.15142250966269,-9.516709474018283
2325,05/16/2023 12:01:17.688689,2508,True,True,True,True,Eyes,0.4239008,0.2229598,-1.698153,0.6200271,-0.2990722,0.7253428,0.0,0.0,0.0,0.0,0.0,0.0,0.0,-1.724615,-0.1948004,0.3342062,0.458261,0.2273903,-1.691812,0.07226503,0.5359979,-0.05454088,0.8393505,10.35689,65.04913,359.1793,0.1747733,0.1208229,-0.9771672,0.4240043,0.008056841,0.3727668,1.926289,-0.325192,-0.288506,-0.6501599,-0.2071999,1.991,0.419463,-0.01409003,-0.9076631,0.1690256,0.9836061,0.06284378,0.8918975,-0.179779,0.414968,static,40.52401,-22.40726,-18.08442,-5.941285,40.35131390508691,-9.516512118272045
2326,05/16/2023 12:01:17.708822,2509,True,True,True,True,Eyes,0.426286,0.2230019,-1.697332,0.623361,-0.2980199,0.7229145,0.0,0.0,0.0,0.0,0.0,0.0,0.0,-1.729881,-0.1993664,0.2944344,0.4676889,0.2270426,-1.687793,0.07033319,0.5431009,-0.05292465,0.8350412,10.07569,66.01747,359.3021,0.1819115,0.1214516,-0.9757854,0.3985641,0.00757343,0.3504008,1.961629,-0.3174733,-0.3088925,-0.6501601,-0.2071999,1.991,0.4044807,-0.01199249,-0.914468,0.1647846,0.9845045,0.05997535,0.8995786,-0.1749491,0.4001892,static,40.77083,-22.4038,-18.08442,-5.941284,40.57976611307426,-9.520041340684985
2327,05/16/2023 12:01:17.728642,2510,True,True,True,True,Eyes,0.428986,0.2230153,-1.696411,0.6272813,-0.2968082,0.720016,0.0,0.0,0.0,0.0,0.0,0.0,0.0,-1.735785,-0.2019372,0.2552397,0.4777819,0.2264359,-1.685029,0.06862497,0.5499289,-0.05095699,0.8308263,9.792253,66.95583,359.4654,0.1879181,0.1219678,-0.9745821,0.3746502,0.007119025,0.3293768,1.996493,-0.3103799,-0.330383,-0.6501601,-0.2071999,1.991,0.3899633,-0.009195123,-0.9207846,0.1601505,0.985388,0.0579854,0.9067969,-0.1700763,0.3857377,static,41.06253,-22.40265,-18.08442,-5.941283,40.8497487616318,-9.526884939692488
2328,05/16/2023 12:01:17.739159,2511,True,True,True,True,Eyes,0.4319872,0.2229975,-1.695406,0.6314963,-0.2955996,0.7168216,0.0,0.0,0.0,0.0,0.0,0.0,0.0,-1.739547,-0.2043619,0.2166287,0.4876515,0.2257531,-1.681055,0.06753629,0.5565385,-0.04960532,0.8265852,9.605509,67.87127,359.6029,0.193476,0.1224319,-0.9734357,0.3521712,0.006691883,0.3096142,2.029364,-0.3063197,-0.3507381,-0.6501603,-0.2071999,1.991,0.3756084,-0.006832947,-0.9267533,0.1571791,0.9859564,0.05643447,0.9133527,-0.1668635,0.3714075,static,41.37899,-22.41005,-18.08443,-5.941286,41.14261949292413,-9.542172963875645
2329,05/16/2023 12:01:17.759042,2512,True,True,True,True,Eyes,0.4352635,0.2229437,-1.694287,0.6360677,-0.2943418,0.7132887,0.0,0.0,0.0,0.0,0.0,0.0,0.0,-1.743033,-0.2090733,0.1788516,0.4977749,0.2249732,-1.677936,0.06655812,0.5630013,-0.04931702,0.8222941,9.496757,68.76693,359.6421,0.1986479,0.1228479,-0.9723409,0.3310409,0.00629037,0.2910373,2.061013,-0.3038757,-0.3716722,-0.6501602,-0.2071999,1.991,0.3611948,-0.006161569,-0.9324701,0.1560508,0.9862757,0.0539296,0.9193404,-0.1649918,0.3571992,static,41.72465,-22.42371,-18.08442,-5.941283,41.46249523694873,-9.563943133549936
2330,05/16/2023 12:01:17.779081,2513,True,True,True,True,Eyes,0.4388158,0.2228555,-1.693084,0.6408102,-0.2932077,0.7095009,0.0,0.0,0.0,0.0,0.0,0.0,0.0,-1.744465,-0.2142477,0.1427413,0.5074767,0.2240503,-1.673829,0.06632365,0.5691063,-0.04994023,0.8180618,9.517934,69.62077,359.6388,0.2034895,0.1232193,-0.9712921,0.3111785,0.005912948,0.2735751,2.089825,-0.3054749,-0.3910601,-0.6501598,-0.2071999,1.991,0.347248,-0.006217982,-0.9377527,0.1571988,0.9862143,0.0516711,0.9245039,-0.1653563,0.3434385,static,42.08786,-22.45331,-18.08442,-5.941286,41.798561584371946,-9.600682669941827
2331,05/16/2023 12:01:17.789043,2514,True,True,True,True,Eyes,0.4426329,0.2227433,-1.691785,0.6456823,-0.292195,0.7054902,0.0,0.0,0.0,0.0,0.0,0.0,0.0,-1.746067,-0.2185758,0.1084206,0.5175703,0.2231509,-1.670511,0.06670893,0.5747557,-0.05077954,0.8140193,9.612064,70.42038,359.652,0.2080501,0.1235492,-0.9702835,0.2925078,0.005558171,0.2571606,2.116837,-0.3096929,-0.4102941,-0.65016,-0.2072,1.991,0.3341548,-0.005988363,-0.9424992,0.1593537,0.9859427,0.05023305,0.9289495,-0.1669764,0.3304117,static,42.46553,-22.49801,-18.08442,-5.941287,42.147961398349395,-9.651544164209097
2332,05/16/2023 12:01:17.808630,2515,True,True,True,True,Eyes,0.5443748,0.2188881,-1.65704,0.7616848,-0.2660276,0.5908178,0.0,0.0,0.0,0.0,0.0,0.0,0.0,-1.746168,-0.2227641,0.07547832,0.5274786,0.2224946,-1.666339,0.06721814,0.5800369,-0.05159117,0.8101711,9.716078,71.17331,359.6735,0.2123737,0.1238407,-0.9693092,0.2749573,0.005224681,0.2417309,2.142234,-0.3140908,-0.4276452,-0.6501602,-0.2071999,1.991,0.3217911,-0.005617355,-0.9467942,0.1615734,0.9856402,0.04906684,0.9329227,-0.168766,0.3180778,static,52.20026,-24.24061,-18.08442,-5.941283,51.15205935298826,-11.499427205273411
2333,05/16/2023 12:01:17.828825,2516,True,True,True,True,Eyes,0.5447858,0.2188557,-1.656887,0.7619272,-0.2661028,0.5904711,0.0,0.0,0.0,0.0,0.0,0.0,0.0,-1.746237,-0.2263596,0.04348731,0.5375415,0.2213494,-1.662686,0.0677267,0.5850576,-0.05236676,0.8064605,9.817645,71.89298,359.6967,0.2262985,0.1240817,-0.9661223,0.5636855,-0.006654307,0.331462,2.166804,-0.3189138,-0.4447613,-0.6501601,-0.2071998,1.991,0.3099307,-0.005215395,-0.9507449,0.1637115,0.9853416,0.04796268,0.9365584,-0.1705129,0.3062414,static,52.22538,-24.25928,-18.08442,-5.941282,51.175247263321566,-11.517083779412802
2334,05/16/2023 12:01:17.839213,2517,True,True,True,True,Eyes,0.5456012,0.2187997,-1.656593,0.7624341,-0.2661973,0.589774,0.0,0.0,0.0,0.0,0.0,0.0,0.0,-1.745154,-0.231012,0.01193118,0.5476357,0.2205579,-1.65847,0.06820519,0.5899447,-0.0533509,0.802787,9.930686,72.59595,359.6985,0.2375098,0.1242406,-0.9634069,0.5298644,-0.006255048,0.3115743,2.190696,-0.3235253,-0.4609525,-0.65016,-0.2071999,1.991,0.2982379,-0.005184231,-0.9544774,0.1661334,0.9850035,0.04656032,0.9399222,-0.1724566,0.2946266,static,52.27658,-24.29226,-18.08442,-5.941286,51.22252597337051,-11.548458216188232
2335,05/16/2023 12:01:17.859017,2518,True,True,True,True,Eyes,0.5467998,0.2187265,-1.656153,0.7631443,-0.2662068,0.5888503,0.0,0.0,0.0,0.0,0.0,0.0,0.0,-1.743911,-0.2372867,-0.01951313,0.5580962,0.2199405,-1.65471,0.06798848,0.5947457,-0.05431675,0.7991902,9.978624,73.28197,359.654,0.2465741,0.1243401,-0.9611141,0.4980726,-0.005879745,0.2928798,2.214978,-0.3252567,-0.4769057,-0.65016,-0.2071999,1.991,0.2866545,-0.005947121,-0.9580156,0.1676905,0.9848545,0.04406213,0.9432439,-0.1732807,0.2833102,static,52.34584,-24.32673,-18.08442,-5.941285,51.286514951450876,-11.581676004949864
2336,05/16/2023 12:01:17.878892,2519,True,True,True,True,Eyes,0.5483731,0.2186158,-1.65557,0.7641238,-0.2661659,0.5875971,0.0,0.0,0.0,0.0,0.0,0.0,0.0,-1.741418,-0.2443263,-0.05086327,0.5683113,0.2194488,-1.650358,0.06725672,0.599517,-0.05514496,0.7956224,9.970588,73.96142,359.5866,0.2539456,0.1243964,-0.9591855,0.4681882,-0.005526961,0.2753071,2.239179,-0.3247233,-0.4919969,-0.6501601,-0.2071998,1.991001,0.2750768,-0.007106055,-0.9613962,0.1683922,0.9848711,0.04090122,0.9465606,-0.1731426,0.2721118,static,52.44038,-24.36927,-18.08442,-5.941281,51.37387487354357,-11.62291580476594
2337,05/16/2023 12:01:17.888778,2520,True,True,True,True,Eyes,0.550303,0.2184909,-1.654827,0.7653795,-0.2658965,0.5860829,0.0,0.0,0.0,0.0,0.0,0.0,0.0,-1.738809,-0.2499186,-0.0832665,0.5788143,0.2184263,-1.646242,0.06622917,0.6043984,-0.05542579,0.7919876,9.898533,74.65853,359.5501,0.2599897,0.1244198,-0.9575618,0.4400969,-0.005195343,0.2587886,2.264344,-0.3229143,-0.5079717,-0.6501597,-0.2071999,1.991,0.2632613,-0.007735476,-0.9646935,0.1678507,0.9850833,0.03790686,0.9500102,-0.1719039,0.2606328,static,52.55722,-24.40304,-18.08441,-5.941285,51.481903163337485,-11.656783913253827
2338,05/16/2023 12:01:17.908918,2521,True,True,True,True,Eyes,0.5525789,0.218362,-1.653933,0.766852,-0.2655129,0.5843295,0.0,0.0,0.0,0.0,0.0,0.0,0.0,-1.735207,-0.2550554,-0.1148244,0.5892014,0.2179213,-1.641504,0.06500047,0.6090435,-0.05528989,0.7885327,9.779559,75.32336,359.5337,0.26534,0.1244265,-0.9560922,0.4136911,-0.004883622,0.2432613,2.288925,-0.3192341,-0.5225198,-0.6501598,-0.2072,1.991,0.2520181,-0.008019559,-0.9676892,0.166372,0.985436,0.0351621,0.9533138,-0.1698579,0.2496819,static,52.69315,-24.43653,-18.08442,-5.941288,51.607600858905975,-11.690913718302108
2339,05/16/2023 12:01:17.928879,2522,True,True,True,True,Eyes,0.5552003,0.2182181,-1.652889,0.7685488,-0.2649177,0.5823669,0.0,0.0,0.0,0.0,0.0,0.0,0.0,-1.731594,-0.2595576,-0.1440331,0.5997273,0.2176682,-1.636912,0.06328306,0.6130791,-0.05463923,0.7855851,9.580015,75.89754,359.5205,0.2702822,0.1244237,-0.9547071,0.3888696,-0.004590605,0.2286656,2.312395,-0.3126212,-0.5345131,-0.6501603,-0.2071999,1.991,0.2422973,-0.008252491,-0.9701671,0.1634426,0.9860197,0.03243212,0.9563361,-0.1664248,0.2402586,static,52.84702,-24.4607,-18.08443,-5.941286,51.74993339846366,-11.717053780212103
2340,05/16/2023 12:01:17.948797,2523,True,True,True,True,Eyes,0.5581417,0.2180442,-1.651693,0.7704167,-0.2642106,0.5802162,0.0,0.0,0.0,0.0,0.0,0.0,0.0,-1.727603,-0.2608656,-0.1724445,0.6104606,0.2174604,-1.631701,0.06174233,0.6167673,-0.0530699,0.7829236,9.331285,76.42741,359.5971,0.2748784,0.1244124,-0.9533954,0.3655375,-0.004315169,0.2149457,2.335396,-0.3053078,-0.5449479,-0.6501601,-0.2072,1.990999,0.2335632,-0.00693806,-0.9723168,0.1592607,0.9867429,0.03121549,0.9592102,-0.1621426,0.2315718,static,53.01587,-24.48289,-18.08443,-5.941289,51.906136995608094,-11.741798519699627
2341,05/16/2023 12:01:17.958791,2524,True,True,True,True,Eyes,0.5613943,0.2178155,-1.650357,0.7723904,-0.2636849,0.5778265,0.0,0.0,0.0,0.0,0.0,0.0,0.0,-1.723897,-0.2595179,-0.1996582,0.6210364,0.2165284,-1.626796,0.06037775,0.6201652,-0.0510546,0.7804761,9.06596,76.91911,359.7212,0.2791829,0.1243922,-0.9521464,0.3436052,-0.004056259,0.202049,2.357455,-0.2986811,-0.5548213,-0.6501598,-0.2072,1.991,0.2255771,-0.004805432,-0.9742134,0.1545822,0.9874959,0.03092221,0.9618832,-0.1575714,0.2234993,static,53.19978,-24.52907,-18.08442,-5.941289,52.07620007082712,-11.788765382050146
2342,05/16/2023 12:01:17.978924,2525,True,True,True,True,Eyes,0.5649336,0.2175223,-1.648881,0.7744761,-0.2631914,0.575254,0.0,0.0,0.0,0.0,0.0,0.0,0.0,-1.719354,-0.2605425,-0.2264562,0.6316336,0.2146547,-1.621821,0.05925216,0.6235464,-0.05035121,0.7779099,8.915538,77.40888,359.7422,0.2832441,0.1243615,-0.9509502,0.3229889,-0.003812883,0.189926,2.378446,-0.295712,-0.5645167,-0.6501603,-0.2071999,1.991,0.2173092,-0.004444472,-0.9760928,0.1522304,0.9879079,0.02939306,0.9641591,-0.1549783,0.2153581,static,53.39631,-24.58514,-18.08443,-5.941284,52.25791080355388,-11.84506683198701
2343,05/16/2023 12:01:17.988822,2526,True,True,True,True,Eyes,0.5687459,0.2171657,-1.647282,0.7766408,-0.2632014,0.5723233,0.0,0.0,0.0,0.0,0.0,0.0,0.0,-1.714082,-0.2646985,-0.2527124,0.6420271,0.212819,-1.616946,0.0589232,0.6270072,-0.05118459,0.7750937,8.947431,77.91707,359.6836,0.2871038,0.1243183,-0.9497977,0.3036095,-0.00358411,0.1785305,2.397928,-0.2979664,-0.5750103,-0.65016,-0.2071999,1.991,0.2084842,-0.005455163,-0.9780107,0.1532363,0.9878164,0.0271558,0.9659467,-0.1555282,0.2067801,static,53.6127,-24.69687,-18.08442,-5.941285,52.45781917211035,-11.95251868428605
2344,05/16/2023 12:01:18.008710,2527,True,True,True,True,Eyes,0.5728089,0.2168733,-1.645551,0.7788176,-0.2634594,0.5692384,0.0,0.0,0.0,0.0,0.0,0.0,0.0,-1.708074,-0.2705616,-0.277688,0.6522607,0.2110337,-1.611785,0.06000379,0.6303521,-0.05338862,0.7721435,9.205173,78.42232,359.6053,0.2907988,0.1242606,-0.9486805,0.285393,-0.003369063,0.1678186,2.415095,-0.3075726,-0.5855376,-0.6501601,-0.2071999,1.991,0.1996119,-0.006800334,-0.9798515,0.1580944,0.9870984,0.02535582,0.9670374,-0.1599703,0.1981117,static,53.8369,-24.83602,-18.08442,-5.941286,52.664865573978254,-12.085115575169235
2345,05/16/2023 12:01:18.028843,2528,True,True,True,True,Eyes,0.5771048,0.2166581,-1.643671,0.7810707,-0.2639481,0.5659151,0.0,0.0,0.0,0.0,0.0,0.0,0.0,-1.70222,-0.2794392,-0.2999737,0.6623338,0.2123409,-1.606813,0.06221841,0.6333286,-0.05621779,0.7693267,9.610021,78.88654,359.5531,0.2943608,0.1241938,-0.9475901,0.2682694,-0.00316692,0.1577495,2.429844,-0.3193252,-0.5953983,-0.6501602,-0.2071999,1.991,0.191469,-0.007690286,-0.9814687,0.1653091,0.9859368,0.02452389,0.9674776,-0.1669412,0.1900476,static,54.07526,-25.00479,-18.08442,-5.941286,52.88491990954367,-12.245029771376169
2346,05/16/2023 12:01:18.039280,2529,True,True,True,True,Eyes,0.5816529,0.216463,-1.641673,0.7833902,-0.2643998,0.5624878,0.0,0.0,0.0,0.0,0.0,0.0,0.0,-1.696254,-0.2874745,-0.3229035,0.6723499,0.2139873,-1.60198,0.06201801,0.6362934,-0.05728133,0.7668138,9.67202,79.32712,359.4813,0.2978176,0.1241237,-0.9465187,0.2521732,-0.002976904,0.1482845,2.447107,-0.3189603,-0.6040194,-0.6501601,-0.2072,1.991,0.1836991,-0.008924929,-0.9829419,0.1667715,0.9857453,0.02221706,0.9687321,-0.168008,0.182569,static,54.32099,-25.17607,-18.08442,-5.941288,53.11178717017389,-12.407425713355083
2347,05/16/2023 12:01:18.059157,2530,True,True,True,True,Eyes,0.5864297,0.2163922,-1.63957,0.7858207,-0.264829,0.5588842,0.0,0.0,0.0,0.0,0.0,0.0,0.0,-1.689909,-0.2950698,-0.3466156,0.6829233,0.2142701,-1.597093,0.06122234,0.6392503,-0.05829126,0.7643384,9.678212,79.76117,359.3702,0.3011944,0.1240519,-0.9454589,0.2370428,-0.00279829,0.1393875,2.465273,-0.3176397,-0.612195,-0.65016,-0.2071999,1.991,0.1759225,-0.01083571,-0.9843445,0.1673813,0.9857079,0.01906376,0.9700696,-0.1681146,0.1752219,static,54.57915,-25.35408,-18.08442,-5.941284,53.35013665490333,-12.576277623624884
2348,05/16/2023 12:01:18.079014,2531,True,True,True,True,Eyes,0.5914441,0.2163907,-1.637368,0.7883929,-0.2649401,0.5551966,0.0,0.0,0.0,0.0,0.0,0.0,0.0,-1.683086,-0.3062694,-0.3697742,0.6931633,0.2171767,-1.592379,0.05929371,0.6422199,-0.05907453,0.7619372,9.568916,80.18617,359.1945,0.3045128,0.1239857,-0.9444041,0.2228203,-0.002630393,0.1310242,2.483989,-0.3090785,-0.6198984,-0.6501602,-0.2071999,1.991,0.1681277,-0.01386297,-0.9856678,0.1661814,0.9859889,0.01447848,0.9716569,-0.1662338,0.1680758,static,54.84629,-25.5105,-18.08442,-5.941284,53.59686863474368,-12.725739987944264
2349,05/16/2023 12:01:18.088745,2532,True,True,True,True,Eyes,0.5966789,0.2164646,-1.635088,0.7911395,-0.2649542,0.551269,0.0,0.0,0.0,0.0,0.0,0.0,0.0,-1.675603,-0.3160625,-0.3958458,0.7038361,0.2187743,-1.587761,0.05508065,0.6455253,-0.05864441,0.7594894,9.170867,80.64187,358.9572,0.3077921,0.1239285,-0.9433479,0.209451,-0.002472569,0.1231628,2.506194,-0.2913853,-0.6280932,-0.65016,-0.2071999,1.991,0.159716,-0.01796773,-0.9869995,0.1601915,0.9870539,0.007953443,0.9740789,-0.1593792,0.1605266,static,55.13107,-25.67015,-18.08442,-5.941285,53.85991642075369,-12.878616577876867
2350,05/16/2023 12:01:18.108596,2533,True,True,True,True,Eyes,0.6021175,0.216643,-1.63273,0.7939552,-0.2648665,0.5472484,0.0,0.0,0.0,0.0,0.0,0.0,0.0,-1.668023,-0.3270365,-0.4200605,0.7142841,0.2206497,-1.583293,0.0526881,0.64864,-0.05952889,0.7569323,9.032128,81.08895,358.7371,0.3110486,0.1238837,-0.9422851,0.196884,-0.002324215,0.115773,2.525565,-0.2823426,-0.6367298,-0.6501598,-0.2072,1.991,0.1514451,-0.02176748,-0.9882259,0.1584699,0.9873605,0.002537013,0.9756801,-0.1569883,0.1529804,static,55.42272,-25.82683,-18.08442,-5.941287,54.129332431231575,-13.028978266068323
2351,05/16/2023 12:01:18.128897,2534,True,True,True,True,Eyes,0.6077389,0.2168317,-1.630281,0.7969298,-0.2648262,0.5429273,0.0,0.0,0.0,0.0,0.0,0.0,0.0,-1.660182,-0.338585,-0.4442034,0.7245868,0.2233153,-1.579007,0.05065407,0.6518285,-0.06056103,0.7542455,8.937794,81.55319,358.5313,0.3142958,0.1238556,-0.9412106,0.1850709,-0.002184762,0.1088266,2.544555,-0.2741651,-0.6462952,-0.6501601,-0.2071999,1.991,0.1429041,-0.02532025,-0.9894127,0.1573913,0.9875331,-0.002539596,0.977142,-0.155362,0.1451077,static,55.73442,-26.00195,-18.08442,-5.941285,54.41724464272514,-13.196650259278075
2653,05/16/2023 12:01:23.179116,2836,True,True,True,True,Eyes,2.294369,0.2366644,-3.292024,-0.9361812,-0.01522714,-0.3511876,0.0,0.0,0.0,0.0,0.0,0.0,0.0,3.79261,0.08366906,1.335394,2.192551,0.2330154,-3.36342,0.05890549,-0.7847798,0.05129682,0.6148329,8.797776,256.0225,358.2965,0.5814368,0.0589313,-0.8114542,-0.04210128,0.005491389,-0.121896,0.07292778,0.3034074,-3.560759,0.3086999,0.4008,2.069001,-0.2370213,-0.02937774,0.9710602,-0.1555336,0.9877976,-0.00807934,-0.9589735,-0.1529475,-0.2386983,static,69.43754,2.482732,8.486067,10.96336,67.19388902220646,12.334690306311524
2654,05/16/2023 12:01:23.198627,2837,True,True,True,True,Eyes,2.289032,0.23645,-3.295112,-0.9402003,-0.01399402,-0.3403345,0.0,0.0,0.0,0.0,0.0,0.0,0.0,3.777503,0.08568393,1.36743,2.18185,0.2321772,-3.366357,0.05866042,-0.7812747,0.05064783,0.6193574,8.731443,256.6834,358.3232,0.5803767,0.05892632,-0.8122131,-0.0395752,0.005161906,-0.1145823,0.0601923,0.3051535,-3.5394,0.3086999,0.4008001,2.069001,-0.2259109,-0.0289216,0.9737186,-0.154398,0.9879875,-0.006476214,-0.9618345,-0.1518033,-0.2276625,static,70.10071,2.354586,8.486066,10.96336,67.80725425067335,12.200227278011928
2655,05/16/2023 12:01:23.208833,2838,True,True,True,True,Eyes,2.283454,0.2362852,-3.298166,-0.9441057,-0.01278189,-0.3293949,0.0,0.0,0.0,0.0,0.0,0.0,0.0,3.760299,0.09014247,1.400273,2.170072,0.2317447,-3.368356,0.05903397,-0.7775338,0.05071697,0.6240064,8.774353,257.3705,358.3471,0.5792972,0.05891728,-0.812984,-0.03720069,0.004852192,-0.1077073,0.04645471,0.3032768,-3.516121,0.3087001,0.4008001,2.069001,-0.2142622,-0.02850638,0.9763602,-0.1550972,0.9878855,-0.005193178,-0.9643841,-0.1525435,-0.2160878,static,70.76631,2.2222,8.486073,10.96336,68.42285455250253,12.06184297167323
2656,05/16/2023 12:01:23.228915,2839,True,True,True,True,Eyes,2.277602,0.2361728,-3.301128,-0.9478836,-0.0115615,-0.318407,0.0,0.0,0.0,0.0,0.0,0.0,0.0,3.742364,0.09263601,1.436066,2.158726,0.2327635,-3.370737,0.05909454,-0.7735819,0.05013723,0.6289399,8.737301,258.0982,358.3557,0.5781965,0.05890606,-0.8137681,-0.03496864,0.00456106,-0.1012449,0.0334543,0.3057036,-3.491567,0.3087003,0.4008002,2.069001,-0.2018853,-0.02836232,0.9789986,-0.1544955,0.9879882,-0.003236688,-0.9671472,-0.1519043,-0.2038421,static,71.4321,2.079522,8.486075,10.96336,69.03859677372745,11.914094709558828
2657,05/16/2023 12:01:23.248956,2840,True,True,True,True,Eyes,2.271527,0.2360345,-3.304054,-0.9515647,-0.01017756,-0.3072801,0.0,0.0,0.0,0.0,0.0,0.0,0.0,3.721893,0.09474269,1.474006,2.146441,0.2339275,-3.372272,0.05867292,-0.7693927,0.04816807,0.6342494,8.542722,258.8747,358.3089,0.5770734,0.05889448,-0.8145657,-0.03287053,0.004287397,-0.09517019,0.01995782,0.3137556,-3.463919,0.3087,0.4008002,2.069002,-0.1885707,-0.02918391,0.981626,-0.1513862,0.9884747,0.0003062037,-0.9703215,-0.1485468,-0.1908153,static,72.10365,1.897025,8.486067,10.96336,69.65953880025218,11.729982079388149
2658,05/16/2023 12:01:23.259398,2841,True,True,True,True,Eyes,2.265188,0.2358205,-3.306881,-0.9551318,-0.008943485,-0.296046,0.0,0.0,0.0,0.0,0.0,0.0,0.0,3.700952,0.09316733,1.514608,2.13501,0.2331179,-3.374484,0.05733332,-0.7650289,0.04568985,0.6398095,8.237282,259.6909,358.3059,0.5759261,0.05888217,-0.8153782,0.0,0.0,0.0,0.007883832,0.324146,-3.435727,0.3087005,0.4008001,2.069002,-0.1747137,-0.0292577,0.9841846,-0.1461889,0.9892506,0.003456711,-0.9737065,-0.1432729,-0.1771128,static,72.77902,1.730367,8.48608,10.96336,70.28406859513173,11.560168999961885
2659,05/16/2023 12:01:23.278910,2842,True,True,True,True,Eyes,2.258613,0.235664,-3.309647,-0.958586,-0.007865058,-0.2846946,0.0,0.0,0.0,0.0,0.0,0.0,0.0,3.678704,0.1012757,1.552965,2.122471,0.231152,-3.375871,0.05803443,-0.7604949,0.04600256,0.6451072,8.328379,260.4921,358.3253,0.5747541,0.05886764,-0.8162058,0.0,0.0,0.0,-0.00543597,0.3189423,-3.407518,0.3087,0.4008,2.069,-0.1609375,-0.02891661,0.9865409,-0.1476229,0.9890316,0.004907424,-0.9758619,-0.1448463,-0.163441,static,73.45889,1.582468,8.486073,10.96336,70.91282515002142,11.407292321498145
2660,05/16/2023 12:01:23.289241,2843,True,True,True,True,Eyes,2.251827,0.2355628,-3.312349,-0.9619178,-0.006723252,-0.2732562,0.0,0.0,0.0,0.0,0.0,0.0,0.0,3.656531,0.1117115,1.590699,2.110219,0.232402,-3.377275,0.05947224,-0.7559507,0.04636169,0.6502708,8.478624,261.2772,358.2838,0.5735554,0.05885278,-0.8170497,0.0,0.0,0.0,-0.0181525,0.3144456,-3.379513,0.3087004,0.4008,2.069001,-0.147222,-0.02962087,0.98866,-0.1502115,0.9886273,0.007251815,-0.977631,-0.1474404,-0.149997,static,74.14151,1.409433,8.486081,10.96336,71.54404405624804,11.231484365468072
2661,05/16/2023 12:01:23.308766,2844,True,True,True,True,Eyes,2.244821,0.2354458,-3.314995,-0.9651366,-0.005537435,-0.2616881,0.0,0.0,0.0,0.0,0.0,0.0,0.0,3.633866,0.1090422,1.630566,2.098425,0.2336348,-3.379,0.05850574,-0.7514206,0.04454124,0.6557136,8.259947,262.0946,358.2911,0.5723299,0.05883924,-0.8179095,0.0,0.0,0.0,-0.0294347,0.3237485,-3.35088,0.3087001,0.4008001,2.069001,-0.1332336,-0.02951224,0.9906452,-0.1463374,0.9891863,0.009787609,-0.9802215,-0.1436644,-0.1361116,static,74.82951,1.212223,8.486073,10.96336,72.18016264193547,11.033547866251642
2662,05/16/2023 12:01:23.328840,2845,True,True,True,True,Eyes,2.237634,0.2353256,-3.317564,-0.9682071,-0.00446369,-0.2501103,0.0,0.0,0.0,0.0,0.0,0.0,0.0,3.61007,0.1095115,1.669963,2.086086,0.2331159,-3.380424,0.05796287,-0.7467499,0.04344358,0.6611487,8.136226,262.9214,358.3142,0.5710773,0.05882672,-0.8187855,0.0,0.0,0.0,-0.04094723,0.3279002,-3.321735,0.3087004,0.4008001,2.069001,-0.1190455,-0.02912221,0.9924617,-0.1440129,0.9895059,0.01176118,-0.9823892,-0.1415271,-0.1219902,static,75.51582,1.022443,8.486081,10.96336,72.81474156825988,10.842413391438166
2663,05/16/2023 12:01:23.338841,2846,True,True,True,True,Eyes,2.230249,0.235217,-3.32007,-0.9711646,-0.003518847,-0.2383838,0.0,0.0,0.0,0.0,0.0,0.0,0.0,3.586091,0.1157189,1.709673,2.074632,0.2329769,-3.382018,0.05858793,-0.7419508,0.04361237,0.6664643,8.210481,263.7444,358.3322,0.5697974,0.05881526,-0.8196776,0.0,0.0,0.0,-0.05146077,0.3251342,-3.29292,0.3087003,0.4008001,2.069001,-0.1047857,-0.02880653,0.9940776,-0.1450709,0.9893308,0.01337706,-0.983857,-0.14281,-0.1078467,static,76.20875,0.8456969,8.486076,10.96336,73.45549051545564,10.66295197889296
2664,05/16/2023 12:01:23.359004,2847,True,True,True,True,Eyes,2.222703,0.2351115,-3.322488,-0.9739687,-0.002637062,-0.2266671,0.0,0.0,0.0,0.0,0.0,0.0,0.0,3.560025,0.1250033,1.750487,2.062434,0.2331698,-3.383135,0.05969927,-0.73687,0.0439346,0.6719587,8.336066,264.6018,358.3241,0.5684898,0.05880526,-0.8205857,0.0,0.0,0.0,-0.06228201,0.3206711,-3.262195,0.3086999,0.4008,2.069001,-0.08981507,-0.02893673,0.9955381,-0.1470257,0.9890115,0.01548274,-0.9850466,-0.1449791,-0.09308257,static,76.89902,0.6665533,8.486066,10.96336,74.09376963234494,10.481382391826898
2665,05/16/2023 12:01:23.379219,2848,True,True,True,True,Eyes,2.214982,0.2349733,-3.324857,-0.9766639,-0.001870841,-0.2147651,0.0,0.0,0.0,0.0,0.0,0.0,0.0,3.532431,0.1333688,1.794773,2.051086,0.2332199,-3.384629,0.06040886,-0.7314938,0.04348607,0.6777735,8.366617,265.5093,358.2954,0.5671551,0.05879686,-0.8215092,0.0,0.0,0.0,-0.07148677,0.3194405,-3.229862,0.3086998,0.4008001,2.069001,-0.07394832,-0.02943001,0.9968279,-0.1473248,0.9889194,0.01826746,-0.9863201,-0.1455066,-0.07746465,static,77.59823,0.4990967,8.486064,10.96336,74.74036157297886,10.31019834461597
2666,05/16/2023 12:01:23.398910,2849,True,True,True,True,Eyes,2.207125,0.2348037,-3.327152,-0.9791894,-0.001222031,-0.2029447,0.0,0.0,0.0,0.0,0.0,0.0,0.0,3.503578,0.1437846,1.838689,2.039064,0.2323143,-3.385966,0.0614689,-0.7259473,0.0437363,0.6836002,8.484439,266.4318,358.2937,0.5657939,0.0587893,-0.8224478,0.0,0.0,0.0,-0.08091345,0.3141989,-3.197043,0.3086997,0.4008,2.069001,-0.05782446,-0.02945007,0.9978923,-0.1490427,0.9886174,0.02053981,-0.9871386,-0.1475408,-0.06155569,static,78.29078,0.3450021,8.486062,10.96336,75.38083349787524,10.151344881924592
2667,05/16/2023 12:01:23.408861,2850,True,True,True,True,Eyes,2.199115,0.2345891,-3.329417,-0.9815809,-0.0006684602,-0.1910453,0.0,0.0,0.0,0.0,0.0,0.0,0.0,3.476239,0.1508601,1.88042,2.027943,0.2314864,-3.387748,0.06236379,-0.7206169,0.04493801,0.6890593,8.668126,267.3123,358.3798,0.5644062,0.05878186,-0.8234012,0.0,0.0,0.0,-0.08917667,0.3071008,-3.166871,0.3087001,0.4008001,2.069001,-0.04261608,-0.02795088,0.9987005,-0.1518107,0.9881827,0.02117852,-0.9874905,-0.1507109,-0.04635574,static,78.98621,0.2004749,8.486073,10.96336,76.02400250997059,10.001113443687153
2668,05/16/2023 12:01:23.428812,2851,True,True,True,True,Eyes,2.190987,0.2343635,-3.331616,-0.9837745,-7.607639e-05,-0.1794091,0.0,0.0,0.0,0.0,0.0,0.0,0.0,3.451451,0.151031,1.915962,2.016192,0.2301941,-3.389426,0.06238553,-0.7158415,0.04628899,0.6939284,8.792316,268.1072,358.5461,0.5629924,0.05877355,-0.8243693,0.0,0.0,0.0,-0.09792291,0.3021628,-3.14035,0.3087,0.4008,2.069001,-0.02914329,-0.02507382,0.9992608,-0.1535588,0.9879307,0.02031103,-0.9877098,-0.1528533,-0.03264192,static,79.66466,0.02429562,8.486067,10.96336,76.65135156438687,9.822559083719835
2669,05/16/2023 12:01:23.438871,2852,True,True,True,True,Eyes,2.182717,0.2341738,-3.333787,-0.9858214,0.0005811781,-0.1677972,0.0,0.0,0.0,0.0,0.0,0.0,0.0,3.430244,0.1484264,1.945929,2.005177,0.2297765,-3.391418,0.06222361,-0.7116731,0.04777252,0.6981171,8.90958,268.7994,358.7319,0.561553,0.05876435,-0.8253512,0.0,0.0,0.0,-0.1060501,0.2984565,-3.118101,0.3086999,0.4008,2.069,-0.01752165,-0.02186411,0.9996074,-0.1552674,0.987692,0.01888186,-0.987717,-0.1548755,-0.02070082,static,80.34023,-0.1984474,8.48607,10.96336,77.2758815556631,9.601740843797021
2670,05/16/2023 12:01:23.459148,2853,True,True,True,True,Eyes,2.174336,0.2340078,-3.335931,-0.9876779,0.001544264,-0.1564926,0.0,0.0,0.0,0.0,0.0,0.0,0.0,3.410693,0.1389764,1.971617,1.993414,0.2304133,-3.393025,0.06092677,-0.7079701,0.04765553,0.7019939,8.801852,269.4279,358.8774,0.5600879,0.05875534,-0.8263468,0.0,0.0,0.0,-0.1146686,0.3038465,-3.097567,0.3086999,0.4008001,2.069001,-0.006985282,-0.01936087,0.9997883,-0.1531765,0.9880338,0.01806306,-0.9881743,-0.1530178,-0.009867379,static,80.99662,-0.5653744,8.486066,10.96336,77.88218439535888,9.250330630939738
2671,05/16/2023 12:01:23.479129,2854,True,True,True,True,Eyes,2.165841,0.2338062,-3.338063,-0.9893875,0.00242836,-0.1452804,0.0,0.0,0.0,0.0,0.0,0.0,0.0,3.392976,0.1287293,1.995027,1.982334,0.2307757,-3.395009,0.05927527,-0.7045696,0.04666255,0.7056138,8.592443,270.0079,358.9757,0.5585978,0.05874721,-0.8273554,0.0,0.0,0.0,-0.1224484,0.3124385,-3.078903,0.3087002,0.4008,2.069001,0.002808658,-0.01767563,0.9998398,-0.1493786,0.9886181,0.01789687,-0.9887761,-0.1494049,0.0001364062,static,81.64645,-0.9576091,8.486075,10.96336,78.48233227995495,8.876084807240249
2672,05/16/2023 12:01:23.489757,2855,True,True,True,True,Eyes,2.157278,0.2335858,-3.340119,-0.9909278,0.003061132,-0.1343607,0.0,0.0,0.0,0.0,0.0,0.0,0.0,3.37742,0.1268237,2.013438,1.971023,0.2297148,-3.396951,0.059107,-0.701451,0.04773083,0.7086571,8.669513,270.5185,359.1148,0.5570827,0.05873906,-0.8283768,0.0,0.0,0.0,-0.1310909,0.3093032,-3.06306,0.3087004,0.4008001,2.069001,0.01137663,-0.01527175,0.9998188,-0.1505709,0.9884562,0.01681151,-0.9885338,-0.1507349,0.008945823,static,82.27831,-1.305141,8.486078,10.96336,79.0659956662045,8.542974566029716
2673,05/16/2023 12:01:23.508970,2856,True,True,True,True,Eyes,2.148631,0.2334313,-3.342148,-0.9923307,0.003269176,-0.1235683,0.0,0.0,0.0,0.0,0.0,0.0,0.0,3.363679,0.1353855,2.028825,1.960721,0.229161,-3.398801,0.06110684,-0.698496,0.05162351,0.7111289,9.150442,270.9714,359.3068,0.5555442,0.05873053,-0.82941,0.0,0.0,0.0,-0.139471,0.2921169,-3.049618,0.3087001,0.4008001,2.069001,0.01887658,-0.01194383,0.9997505,-0.1587877,0.9872019,0.01479203,-0.9871323,-0.1590273,0.01673846,static,82.90188,-1.515488,8.486072,10.96336,79.64243865378555,8.334834783835895
2674,05/16/2023 12:01:23.528706,2857,True,True,True,True,Eyes,2.139938,0.2333351,-3.344101,-0.9936064,0.003365322,-0.1128495,0.0,0.0,0.0,0.0,0.0,0.0,0.0,3.349575,0.1447819,2.043747,1.949996,0.2306467,-3.40027,0.06370886,-0.6954632,0.05641846,0.7135048,9.752186,271.427,359.5288,0.5539832,0.05872339,-0.8304538,0.0,0.0,0.0,-0.1481417,0.2726777,-3.035919,0.3086997,0.4008,2.069001,0.02629583,-0.008104648,0.9996214,-0.169124,0.9855163,0.01243924,-0.9852439,-0.1693871,0.02454427,static,83.52036,-1.70813,8.486063,10.96336,80.21422903593506,8.142932340987251
2675,05/16/2023 12:01:23.539398,2858,True,True,True,True,Eyes,2.131178,0.2332439,-3.34602,-0.9947593,0.003139387,-0.1021964,0.0,0.0,0.0,0.0,0.0,0.0,0.0,3.333613,0.1472434,2.062507,1.940072,0.2320054,-3.401602,0.06506522,-0.6922073,0.06020091,0.7162343,10.16869,271.9348,359.7764,0.5524015,0.05871907,-0.831507,0.0,0.0,0.0,-0.1553008,0.2600453,-3.02038,0.3087004,0.4008001,2.069001,0.03444973,-0.003841331,0.9993991,-0.1763131,0.9842847,0.009860844,-0.9837311,-0.1765469,0.03323113,static,84.13432,-1.759525,8.486081,10.96336,80.78230168284634,8.079592180112456
2676,05/16/2023 12:01:23.559398,2859,True,True,True,True,Eyes,2.122396,0.2331752,-3.347885,-0.995803,0.002868241,-0.09147833,0.0,0.0,0.0,0.0,0.0,0.0,0.0,3.316012,0.1528937,2.082506,1.929616,0.232063,-3.402775,0.06678203,-0.6886418,0.0645448,0.7191291,10.658,272.4859,0.04980651,0.5507996,0.05871748,-0.8325692,0.0,0.0,0.0,-0.1625104,0.2435583,-3.003304,0.3087001,0.4008001,2.069001,0.04321293,0.0008542918,0.9990656,-0.1848099,0.9827483,0.007153313,-0.9818239,-0.1849463,0.04262526,static,84.75132,-1.795882,8.486073,10.96336,81.35323753914132,8.029844293127962
2677,05/16/2023 12:01:23.579116,2860,True,True,True,True,Eyes,2.113564,0.2331498,-3.349706,-0.9967299,0.00234378,-0.08077228,0.0,0.0,0.0,0.0,0.0,0.0,0.0,3.29718,0.1631464,2.104493,1.920148,0.2325603,-3.4038,0.06920831,-0.6848239,0.06933935,0.7220932,11.24006,273.0656,0.312408,0.549179,0.05871898,-0.833639,0.0,0.0,0.0,-0.1682101,0.2240278,-2.985007,0.3087001,0.4008,2.069,0.05241676,0.005347942,0.9986109,-0.1949299,0.9808045,0.004979217,-0.9794155,-0.1949202,0.05245301,static,85.36703,-1.662093,8.486073,10.96336,81.92354042077092,8.134850036518934
2678,05/16/2023 12:01:23.598458,2861,True,True,True,True,Eyes,2.104706,0.2331645,-3.351471,-0.997548,0.002132124,-0.06995368,0.0,0.0,0.0,0.0,0.0,0.0,0.0,3.276362,0.170317,2.128559,1.910015,0.2336001,-3.404642,0.07090205,-0.6807791,0.07268055,0.7254175,11.64375,273.6895,0.5212514,0.5475409,0.0587244,-0.8347155,0.0,0.0,0.0,-0.1738655,0.2113086,-2.964592,0.3087003,0.4008002,2.069001,0.0625148,0.008910217,0.9980044,-0.2019847,0.9793809,0.003908366,-0.9773916,-0.2018259,0.06302556,static,85.98867,-1.745782,8.486076,10.96336,82.49861471186371,8.041936282095726
2679,05/16/2023 12:01:23.608641,2862,True,True,True,True,Eyes,2.09579,0.2332019,-3.353181,-0.9982503,0.002001077,-0.05909631,0.0,0.0,0.0,0.0,0.0,0.0,0.0,3.254341,0.1729602,2.15476,1.900377,0.2345446,-3.405466,0.07152102,-0.6766772,0.07429519,0.7290219,11.81946,274.335,0.6750835,0.5458863,0.05873444,-0.8357977,0.0,0.0,0.0,-0.1785853,0.2065894,-2.943041,0.3087,0.4008,2.069001,0.07317645,0.01153235,0.9972523,-0.2051189,0.97873,0.003733063,-0.9759977,-0.2048285,0.07398549,static,86.61205,-1.939368,8.486071,10.96336,83.0749371081686,7.84904290684006
2680,05/16/2023 12:01:23.628787,2863,True,True,True,True,Eyes,2.086847,0.2332538,-3.35483,-0.9988419,0.002541676,-0.04804704,0.0,0.0,0.0,0.0,0.0,0.0,0.0,3.229927,0.1682502,2.183372,1.88996,0.2350894,-3.405971,0.07066987,-0.6723913,0.07412065,0.7330771,11.72936,275.0268,0.7980137,0.5442164,0.05874931,-0.836885,0.0,0.0,0.0,-0.1835167,0.2110866,-2.919331,0.3086999,0.4008001,2.069001,0.08479223,0.01363669,0.9963053,-0.2037079,0.9790238,0.003936763,-0.975353,-0.2032891,0.08579148,static,87.24604,-3.028109,8.486066,10.96336,83.65812813960953,6.841871914603443
2681,05/16/2023 12:01:23.648948,2864,True,True,True,True,Eyes,2.077845,0.2333102,-3.356433,-0.9993128,0.003250823,-0.03692525,0.0,0.0,0.0,0.0,0.0,0.0,0.0,3.204097,0.1630477,2.214157,1.880161,0.2353823,-3.406596,0.06932114,-0.6679619,0.07238148,0.7374162,11.47458,275.7416,0.8268769,0.542532,0.05876896,-0.8379766,0.0,0.0,0.0,-0.1872192,0.2209036,-2.894316,0.3087003,0.4008001,2.069001,0.09717571,0.01414279,0.9951669,-0.1993583,0.979911,0.005540932,-0.9750967,-0.1989332,0.09804303,static,87.88385,-5.03123,8.486076,10.96336,84.241840032301,5.003125092389746
2682,05/16/2023 12:01:23.658828,2865,True,True,True,True,Eyes,2.068809,0.2333584,-3.357987,-0.9996595,0.004499002,-0.02570202,0.0,0.0,0.0,0.0,0.0,0.0,0.0,3.177657,0.1622128,2.244157,1.869621,0.2355174,-3.407213,0.06837346,-0.6634338,0.06984369,0.7418239,11.19306,276.4595,0.7535206,0.5408335,0.05879311,-0.8390721,0.0,0.0,0.0,-0.1910909,0.2310172,-2.868559,0.3087001,0.4008,2.069001,0.1099549,0.01290089,0.9938529,-0.1943459,0.9808939,0.00876879,-0.9747511,-0.1941155,0.1103613,static,88.52721,-9.928728,8.486073,10.96336,84.8211459665314,0.5322863888056091
2683,05/16/2023 12:01:23.679117,2866,True,True,True,True,Eyes,2.05971,0.2333838,-3.359502,-0.9998784,0.005846585,-0.0144583,0.0,0.0,0.0,0.0,0.0,0.0,0.0,3.151987,0.1637001,2.272879,1.859569,0.2352887,-3.407996,0.0676523,-0.6590163,0.0670443,0.7460737,10.91274,277.1515,0.6344059,0.5391219,0.05882118,-0.8401709,0.0,0.0,0.0,-0.194261,0.2404828,-2.843676,0.3086999,0.4008002,2.069001,0.1224051,0.01087203,0.9924208,-0.1892079,0.9818565,0.01258062,-0.974278,-0.1893137,0.1222413,static,89.17155,-22.01721,8.486065,10.96336,85.37765044460023,-10.477551178831876
2684,05/16/2023 12:01:23.689927,2867,True,True,True,True,Eyes,2.050565,0.2333886,-3.360986,-0.9999672,0.007447831,-0.003202009,0.0,0.0,0.0,0.0,0.0,0.0,0.0,3.127839,0.1652443,2.298131,1.848827,0.2347513,-3.408638,0.06708832,-0.6548338,0.0647862,0.7499965,10.68914,277.8014,0.5431696,0.5373966,0.0588523,-0.8412732,0.0,0.0,0.0,-0.1982572,0.2476955,-2.820438,0.3087001,0.4008001,2.069001,0.133991,0.009315459,0.9909388,-0.1850422,0.9826038,0.01578362,-0.9735533,-0.1854804,0.1333838,static,89.81653,-66.73592,8.486073,10.96336,85.82716627880653,-51.159028042289485
2685,05/16/2023 12:01:23.708831,2868,True,True,True,True,Eyes,2.041343,0.2333692,-3.362431,-0.9999264,0.009089462,0.008023834,0.0,0.0,0.0,0.0,0.0,0.0,0.0,3.105291,0.166835,2.321216,1.838453,0.2341845,-3.409392,0.06665993,-0.6508815,0.06298015,0.7536202,10.51295,278.4111,0.4749834,0.5356585,0.05888568,-0.8423786,0.0,0.0,0.0,-0.2020705,0.253254,-2.798982,0.3087,0.4008001,2.069001,0.1447735,0.00815079,0.9894314,-0.1817016,0.9831799,0.0184873,-0.9726383,-0.1824577,0.1438194,static,-89.54025,48.56315,8.486068,10.96336,-79.79385610242134,58.53668246504071
2686,05/16/2023 12:01:23.728837,2869,True,True,True,True,Eyes,2.032066,0.2333259,-3.363846,-0.9997566,0.0108969,0.01918342,0.0,0.0,0.0,0.0,0.0,0.0,0.0,3.083406,0.1674439,2.342183,1.827255,0.2335691,-3.409962,0.0662112,-0.6470371,0.06150197,0.7570842,10.36062,279.002,0.4334745,0.5339075,0.05892058,-0.8434871,0.0,0.0,0.0,-0.2067221,0.2580251,-2.778267,0.3086999,0.4008,2.069,0.1551211,0.007442138,0.9878672,-0.1788065,0.9836671,0.02066678,-0.9715788,-0.179843,0.1539182,static,-88.90074,29.5982,8.486069,10.96336,-79.26449349397039,41.27400178106483
2687,05/16/2023 12:01:23.738893,2870,True,True,True,True,Eyes,2.022712,0.2332526,-3.365224,-0.999461,0.01262769,0.03030219,0.0,0.0,0.0,0.0,0.0,0.0,0.0,3.061669,0.1695765,2.36295,1.816552,0.2328856,-3.410573,0.06604602,-0.6431919,0.060448,0.7604528,10.26546,279.5873,0.4061519,0.5321428,0.05895631,-0.8445989,0.0,0.0,0.0,-0.2107662,0.2606986,-2.757956,0.3087003,0.4008,2.069001,0.1653006,0.006975154,0.9862187,-0.1768962,0.9839679,0.02269044,-0.9702492,-0.1782091,0.1638844,static,-88.2634,22.62272,8.486077,10.96336,-78.69761033752478,34.91375600257925
2688,05/16/2023 12:01:23.758909,2871,True,True,True,True,Eyes,2.013297,0.2331514,-3.366624,-0.9990401,0.01425198,0.04142203,0.0,0.0,0.0,0.0,0.0,0.0,0.0,3.040336,0.1760526,2.382008,1.805226,0.2320999,-3.411141,0.0665794,-0.6393471,0.0599179,0.7636834,10.27121,280.162,0.3716145,0.530365,0.05899212,-0.845714,0.0,0.0,0.0,-0.2153716,0.2595197,-2.737988,0.3087003,0.4008,2.069001,0.1752903,0.006381922,0.9844962,-0.1766513,0.9839541,0.0250745,-0.968539,-0.1783078,0.173605,static,-87.62578,18.98668,8.486076,10.96336,-78.11945798684235,31.590153247888324
2689,05/16/2023 12:01:23.778693,2872,True,True,True,True,Eyes,2.003812,0.2330253,-3.367993,-0.9984984,0.01567653,0.05248978,0.0,0.0,0.0,0.0,0.0,0.0,0.0,3.019433,0.1883057,2.400433,1.794458,0.2312793,-3.411882,0.06801013,-0.6354907,0.06006321,0.7667586,10.40669,280.7261,0.330206,0.5285729,0.05902728,-0.8468328,0.0,0.0,0.0,-0.2193795,0.253498,-2.718581,0.3087003,0.4008,2.069001,0.1850879,0.005668339,0.9827056,-0.1785475,0.9835341,0.02795546,-0.966366,-0.1806339,0.1830523,static,-86.99081,16.62871,8.486076,10.96336,-77.53954454408738,29.428808647978215
2690,05/16/2023 12:01:23.798881,2873,True,True,True,True,Eyes,1.99427,0.2328799,-3.369333,-0.9978375,0.0169944,0.06349318,0.0,0.0,0.0,0.0,0.0,0.0,0.0,2.998918,0.2036844,2.417362,1.7832,0.2305939,-3.412573,0.0699232,-0.6316594,0.06035403,0.7697237,10.59639,281.278,0.2667671,0.5267671,0.05906129,-0.847955,0.0,0.0,0.0,-0.2237777,0.2455002,-2.699469,0.3086999,0.4008001,2.069001,0.1947276,0.00457655,0.9808468,-0.1812471,0.9829363,0.03139671,-0.9639661,-0.1838895,0.1922343,static,-86.35914,14.98438,8.486068,10.96336,-76.96033251825082,27.916487052885344
2691,05/16/2023 12:01:23.810607,2874,True,True,True,True,Eyes,1.984663,0.2327096,-3.370651,-0.9970584,0.01822956,0.07444666,0.0,0.0,0.0,0.0,0.0,0.0,0.0,2.978257,0.2181049,2.434488,1.77212,0.2300022,-3.413356,0.07155905,-0.6278364,0.0598594,0.772734,10.70521,281.8277,0.1548744,0.5249467,0.05909385,-0.8490809,0.0,0.0,0.0,-0.2276787,0.2403158,-2.68028,0.3087001,0.4008001,2.069001,0.2044768,0.002656033,0.9788679,-0.1823655,0.9825923,0.03542841,-0.961734,-0.185756,0.2014017,static,-85.72986,13.75914,8.486073,10.96336,-76.3819507950077,26.78532090901335
2692,05/16/2023 12:01:23.828973,2875,True,True,True,True,Eyes,1.974968,0.2325408,-3.371962,-0.9961573,0.01950057,0.08538248,0.0,0.0,0.0,0.0,0.0,0.0,0.0,2.958167,0.2288417,2.451126,1.760901,0.2284691,-3.414405,0.07247575,-0.6241138,0.05876178,0.7757425,10.70738,282.3679,0.04092182,0.5231121,0.05912449,-0.8502102,0.0,0.0,0.0,-0.2316153,0.2381012,-2.661752,0.3087003,0.4008001,2.069001,0.214058,0.0007017874,0.9768207,-0.1816343,0.9825886,0.03909695,-0.9597856,-0.1857931,0.2104585,static,-85.10105,12.86516,8.486075,10.96336,-75.80291191835488,25.955391896636698
2693,05/16/2023 12:01:23.838852,2876,True,True,True,True,Eyes,1.965194,0.2323155,-3.37327,-0.9951406,0.0207625,0.09625033,0.0,0.0,0.0,0.0,0.0,0.0,0.0,2.939107,0.2439388,2.465262,1.749077,0.228333,-3.415255,0.07402501,-0.6205664,0.05680759,0.7785824,10.70631,282.8684,359.8008,0.5212622,0.05915353,-0.8513438,0.0,0.0,0.0,-0.2361795,0.2367307,-2.643643,0.3087,0.4008,2.069,0.2233404,-0.003416084,0.9747345,-0.1803336,0.9825863,0.04476335,-0.9579138,-0.1857749,0.2188352,static,-84.47552,12.17295,8.486071,10.96336,-75.22624356956709,25.309026965636058
2694,05/16/2023 12:01:23.858979,2877,True,True,True,True,Eyes,1.95534,0.2320503,-3.374597,-0.9939955,0.02220713,0.107144,0.0,0.0,0.0,0.0,0.0,0.0,0.0,2.920625,0.2562518,2.47906,1.737234,0.2275604,-3.416384,0.0750943,-0.6170931,0.05464656,0.7813904,10.64947,283.3615,359.5756,0.5193965,0.0591797,-0.8524814,0.0,0.0,0.0,-0.2407175,0.2368478,-2.626243,0.3087,0.4008002,2.069001,0.2324198,-0.007279758,0.9725884,-0.178081,0.9827492,0.04991191,-0.9561739,-0.1848,0.227114,static,-83.84777,11.70957,8.486068,10.96336,-74.64676608443968,24.870683813359022
2695,05/16/2023 12:01:23.878838,2878,True,True,True,True,Eyes,1.945414,0.2317618,-3.37592,-0.9927357,0.02364884,0.1179688,0.0,0.0,0.0,0.0,0.0,0.0,0.0,2.901924,0.2657849,2.493287,1.725529,0.2262819,-3.417547,0.07565954,-0.6136159,0.05211839,0.7842416,10.52311,283.8589,359.3528,0.5175145,0.05920228,-0.8536236,0.0,0.0,0.0,-0.2448782,0.2390219,-2.608823,0.3087002,0.4008,2.069001,0.2415183,-0.01110498,0.9703328,-0.1745986,0.9831186,0.05470937,-0.9545597,-0.1826321,0.2355023,static,-83.22321,11.33566,8.486073,10.96336,-74.06994607902476,24.51378462930075
2696,05/16/2023 12:01:23.890453,2879,True,True,True,True,Eyes,1.935408,0.2314604,-3.37724,-0.9913161,0.02488178,0.1291248,0.0,0.0,0.0,0.0,0.0,0.0,0.0,2.883374,0.2746879,2.507341,1.713777,0.2254479,-3.418801,0.07625907,-0.6101301,0.04983936,0.7870464,10.41961,284.3557,359.1492,0.5156158,0.05922106,-0.8547706,0.0,0.0,0.0,-0.248973,0.240896,-2.591712,0.3087002,0.4008001,2.069001,0.2505148,-0.01460412,0.9680027,-0.1715077,0.9834012,0.05922188,-0.9527998,-0.1808558,0.2438519,static,-82.57867,10.90696,8.486074,10.96336,-73.47481450509106,24.10652291383674
2697,05/16/2023 12:01:23.909100,2880,True,True,True,True,Eyes,1.925308,0.2311336,-3.378563,-0.9897738,0.02623557,0.1402126,0.0,0.0,0.0,0.0,0.0,0.0,0.0,2.863931,0.277225,2.522831,1.701765,0.2248218,-3.420099,0.0759336,-0.6065301,0.04701295,0.7900287,10.19559,284.8782,358.962,0.5136997,0.05923611,-0.8559225,0.0,0.0,0.0,-0.2527783,0.2474927,-2.573963,0.3087001,0.4008001,2.069001,0.2598219,-0.01782887,0.9654921,-0.1663952,0.9840477,0.06294989,-0.9512126,-0.177009,0.2527106,static,-81.93706,10.59822,8.486071,10.96336,-72.88199924679206,23.808423584606533
2698,05/16/2023 12:01:23.929182,2881,True,True,True,True,Eyes,1.915117,0.2307934,-3.379909,-0.9880763,0.02738937,0.151509,0.0,0.0,0.0,0.0,0.0,0.0,0.0,2.844253,0.2753104,2.538718,1.689285,0.223864,-3.421529,0.07502001,-0.6028539,0.04437737,0.7930762,9.933167,285.4183,358.8329,0.5117651,0.0592472,-0.8570797,0.0,0.0,0.0,-0.256719,0.2554794,-2.556215,0.3087003,0.4008,2.069001,0.2691957,-0.02006293,0.9628765,-0.1608415,0.9848053,0.06548702,-0.9495597,-0.1724993,0.2618785,static,-81.28232,10.2471,8.486079,10.96336,-72.27717142627408,23.471431765754385
2699,05/16/2023 12:01:23.938925,2882,True,True,True,True,Eyes,1.90483,0.2304346,-3.381273,-0.9862593,0.02864201,0.1627025,0.0,0.0,0.0,0.0,0.0,0.0,0.0,2.824668,0.2726076,2.554633,1.676941,0.2231625,-3.423051,0.07410819,-0.5991565,0.04210206,0.7960823,9.697356,285.9601,358.7344,0.5098117,0.05925438,-0.8582426,0.0,0.0,0.0,-0.2603776,0.2629079,-2.538789,0.3086997,0.4008001,2.069001,0.2784777,-0.0217714,0.960196,-0.1558382,0.9854708,0.06754097,-0.9477156,-0.1684439,0.2710388,static,-80.63233,9.984005,8.48606,10.96336,-71.6764496857861,23.214612126110936
2700,05/16/2023 12:01:23.958724,2883,True,True,True,True,Eyes,1.89444,0.2300445,-3.382692,-0.9843062,0.02961912,0.1739662,0.0,0.0,0.0,0.0,0.0,0.0,0.0,2.806632,0.2685216,2.568994,1.66427,0.2223303,-3.424878,0.0730918,-0.5956172,0.04022324,0.7989242,9.480094,286.4793,358.6755,0.5078385,0.05925757,-0.8594115,0.0,0.0,0.0,-0.2646294,0.2697383,-2.522769,0.3087003,0.4008,2.069001,0.2872444,-0.02279884,0.9575859,-0.1513401,0.9860794,0.06887431,-0.9458259,-0.1647049,0.2797954,static,-79.97706,9.662408,8.486077,10.96336,-71.07103399463799,22.904452101423793
2701,05/16/2023 12:01:23.979052,2884,True,True,True,True,Eyes,1.883969,0.2296374,-3.384133,-0.9822539,0.03055263,0.1850505,0.0,0.0,0.0,0.0,0.0,0.0,0.0,2.791152,0.2681696,2.580238,1.651546,0.2211626,-3.426888,0.07268667,-0.5923957,0.03903227,0.8014116,9.366493,286.945,358.6319,0.5058441,0.05925631,-0.8605871,0.0,0.0,0.0,-0.2697394,0.2725065,-2.508885,0.3087003,0.4008,2.069,0.2950878,-0.02355671,0.9551797,-0.1486804,0.9863863,0.07025879,-0.9438311,-0.162749,0.2875682,static,-79.33089,9.3752,8.486078,10.96336,-70.47392730166099,22.625809120509082
2702,05/16/2023 12:01:23.990611,2885,True,True,True,True,Eyes,1.873399,0.229225,-3.385642,-0.980083,0.03118125,0.1961249,0.0,0.0,0.0,0.0,0.0,0.0,0.0,2.77804,0.2719857,2.588619,1.639055,0.2203548,-3.428903,0.07303119,-0.5894988,0.03850095,0.8035393,9.367098,287.3551,358.5928,0.5038279,0.05925062,-0.8617693,0.0,0.0,0.0,-0.2754968,0.2714623,-2.496928,0.3086995,0.4008,2.069,0.3020179,-0.02422954,0.9529943,-0.1479777,0.9863682,0.07197433,-0.9417471,-0.1627594,0.2943154,static,-78.68398,9.033659,8.486057,10.96336,-69.87631484647356,22.29773953733899
2703,05/16/2023 12:01:24.009012,2886,True,True,True,True,Eyes,1.862748,0.2288416,-3.387169,-0.9778308,0.03169214,0.2069845,0.0,0.0,0.0,0.0,0.0,0.0,0.0,2.767021,0.2775565,2.594642,1.626346,0.219803,-3.431078,0.07368195,-0.5868709,0.03804959,0.8054228,9.401434,287.7218,358.5368,0.5017889,0.05924073,-0.8629589,0.0,0.0,0.0,-0.2820655,0.2693414,-2.486508,0.3087002,0.4008,2.069001,0.3082696,-0.02519158,0.9509656,-0.1477756,0.9862463,0.07402986,-0.9397513,-0.1633506,0.300307,static,-78.04822,8.705155,8.486074,10.96336,-69.28897913526978,21.981826443355978
2704,05/16/2023 12:01:24.028693,2887,True,True,True,True,Eyes,1.852001,0.228523,-3.388772,-0.975461,0.03197392,0.2178383,0.0,0.0,0.0,0.0,0.0,0.0,0.0,2.756774,0.2864779,2.599385,1.613709,0.2201433,-3.433097,0.07498633,-0.5843468,0.03800355,0.8071379,9.524138,288.0656,358.4726,0.4997266,0.0592278,-0.8641556,0.0,0.0,0.0,-0.2889035,0.2648198,-2.476661,0.3087,0.4008,2.069001,0.314189,-0.02628785,0.9489965,-0.1489843,0.9858656,0.07663411,-0.9375974,-0.1654631,0.3058316,static,-77.41136,8.35015,8.486071,10.96336,-68.70071270753051,21.641785463282517
2705,05/16/2023 12:01:24.038662,2888,True,True,True,True,Eyes,1.841171,0.2282334,-3.390401,-0.9730161,0.0322625,0.2284704,0.0,0.0,0.0,0.0,0.0,0.0,0.0,2.747299,0.2915381,2.60416,1.600953,0.2213542,-3.435441,0.07575181,-0.5819124,0.03720725,0.8088605,9.546501,288.4001,358.3747,0.4976399,0.05921372,-0.8653598,0.0,0.0,0.0,-0.2957625,0.2646704,-2.467301,0.3087,0.4008,2.069,0.3199872,-0.02797089,0.9470088,-0.1483528,0.9857546,0.07924257,-0.9357347,-0.165848,0.3112793,static,-76.78596,8.037642,8.486072,10.96336,-68.12291281111095,21.340698197483345
2706,05/16/2023 12:01:24.058976,2889,True,True,True,True,Eyes,1.830258,0.2280298,-3.392069,-0.9705359,0.03230739,0.238781,0.0,0.0,0.0,0.0,0.0,0.0,0.0,2.738554,0.2938713,2.608317,1.588061,0.2217592,-3.437766,0.07600327,-0.5795994,0.0361417,0.8105443,9.503242,288.7223,358.2852,0.4955282,0.05919934,-0.8665718,0.0,0.0,0.0,-0.3028752,0.2661716,-2.458435,0.3087,0.4008,2.069001,0.3255166,-0.029514,0.9450758,-0.1466918,0.9858345,0.0813126,-0.9340881,-0.1651034,0.316576,static,-76.17804,7.705403,8.486069,10.96336,-67.56135633689927,21.022141720156164
2707,05/16/2023 12:01:24.078575,2890,True,True,True,True,Eyes,1.81927,0.2279162,-3.393748,-0.9679693,0.03251432,0.2489543,0.0,0.0,0.0,0.0,0.0,0.0,0.0,2.729087,0.2993819,2.612592,1.575354,0.2236094,-3.439686,0.07680538,-0.577226,0.03472398,0.8122225,9.488711,289.0435,358.1256,0.4933916,0.05918687,-0.867791,0.0,0.0,0.0,-0.3095555,0.2676738,-2.448791,0.3086998,0.4008,2.069,0.3312087,-0.03226092,0.9430059,-0.1450753,0.9857904,0.08467892,-0.9323379,-0.1648532,0.3218221,static,-75.57657,7.440917,8.486068,10.96336,-67.0055461901921,20.765369476971713
2708,05/16/2023 12:01:24.091012,2891,True,True,True,True,Eyes,1.80821,0.227846,-3.395431,-0.9652945,0.03269892,0.2591086,0.0,0.0,0.0,0.0,0.0,0.0,0.0,2.716324,0.2962158,2.621322,1.562525,0.2256288,-3.44167,0.07608802,-0.5743987,0.03147718,0.8144238,9.212507,289.4417,357.9019,0.4912297,0.05917843,-0.8690172,0.0,0.0,0.0,-0.314534,0.2785979,-2.436412,0.3086998,0.4008,2.069001,0.3381508,-0.03613816,0.9403979,-0.1386812,0.9864396,0.08777486,-0.9308178,-0.1600967,0.3285537,static,-74.9746,7.192576,8.486065,10.96336,-66.44922004584278,20.523264832121725
2709,05/16/2023 12:01:24.109071,2892,True,True,True,True,Eyes,1.797083,0.2278348,-3.397128,-0.9625287,0.03295222,0.2691704,0.0,0.0,0.0,0.0,0.0,0.0,0.0,2.700927,0.2953214,2.632241,1.549665,0.2265962,-3.44356,0.07556837,-0.57115,0.02849325,0.8168632,8.975136,289.8964,357.6924,0.4890426,0.05917476,-0.87025,0.0,0.0,0.0,-0.3184745,0.2871141,-2.422242,0.3087,0.4008,2.069001,0.3459518,-0.03977157,0.937409,-0.1328719,0.9869551,0.0909102,-0.9287962,-0.1560059,0.3361543,static,-74.37639,6.979501,8.48607,10.96336,-65.89625764587217,20.31333028701583
2710,05/16/2023 12:01:24.129073,2893,True,True,True,True,Eyes,1.785881,0.2278937,-3.398879,-0.9596251,0.03313605,0.2793235,0.0,0.0,0.0,0.0,0.0,0.0,0.0,2.684972,0.297056,2.643654,1.536864,0.2279967,-3.445619,0.075579,-0.5677484,0.02616609,0.8193076,8.833082,290.3667,357.5092,0.4868307,0.05917691,-0.8714892,0.0,0.0,0.0,-0.3221037,0.292704,-2.407951,0.3087,0.4008,2.069001,0.3539542,-0.04294354,0.9342764,-0.1286958,0.9872063,0.09413337,-0.926366,-0.1535564,0.3438991,static,-73.77101,6.765359,8.486068,10.96336,-65.33666267050845,20.102231567506678
2711,05/16/2023 12:01:24.139079,2894,True,True,True,True,Eyes,1.774632,0.2279564,-3.400629,-0.9566137,0.03337072,0.2894417,0.0,0.0,0.0,0.0,0.0,0.0,0.0,2.66715,0.2981695,2.656623,1.524348,0.2296186,-3.447301,0.075527,-0.5641149,0.02382524,0.8218896,8.686623,290.8686,357.33,0.4845934,0.05918605,-0.8727347,0.0,0.0,0.0,-0.3247226,0.2986946,-2.392374,0.3087002,0.4008,2.069001,0.3624135,-0.04604837,0.9308793,-0.1243752,0.9874561,0.09726936,-0.9236814,-0.15103,0.3521401,static,-73.16581,6.576787,8.486073,10.96336,-64.77714998802384,19.91438926617115
2712,05/16/2023 12:01:24.158948,2895,True,True,True,True,Eyes,1.763329,0.2280042,-3.402416,-0.9534658,0.03341528,0.2996439,0.0,0.0,0.0,0.0,0.0,0.0,0.0,2.645925,0.2996649,2.672824,1.511925,0.2294868,-3.449076,0.07538825,-0.559934,0.02211009,0.824804,8.576018,291.4488,357.2204,0.4823316,0.05920157,-0.8739856,0.0,0.0,0.0,-0.3258832,0.3020041,-2.374878,0.3087,0.4008,2.069,0.3719701,-0.04795191,0.9270052,-0.1208979,0.9876555,0.09960067,-0.9203379,-0.1491214,0.361581,static,-72.55373,6.363144,8.486073,10.96336,-64.2113522761364,19.70356309355865
2713,05/16/2023 12:01:24.168842,2896,True,True,True,True,Eyes,1.752009,0.2280602,-3.404197,-0.9502328,0.03331484,0.3097543,0.0,0.0,0.0,0.0,0.0,0.0,0.0,2.623774,0.3045152,2.689299,1.499739,0.22913,-3.450729,0.07617676,-0.5555539,0.02317647,0.8276593,8.734056,292.0533,357.3165,0.4800452,0.05922242,-0.8752421,0.0,0.0,0.0,-0.3271331,0.296388,-2.357699,0.3087,0.4008,2.069001,0.3816455,-0.04627616,0.9231497,-0.123005,0.9873199,0.1003453,-0.9160876,-0.1518484,0.371114,static,-71.94521,6.138706,8.48607,10.96336,-63.64888506330579,19.48301699516069
2714,05/16/2023 12:01:24.198894,2897,True,True,True,True,Eyes,1.740656,0.2281708,-3.405965,-0.9468791,0.03314117,0.3198777,0.0,0.0,0.0,0.0,0.0,0.0,0.0,2.604153,0.3082163,2.703533,1.487906,0.2296875,-3.452402,0.07715231,-0.5515308,0.02542664,0.8301896,8.983454,292.6089,357.5115,0.4777355,0.05924826,-0.8765032,0.0,0.0,0.0,-0.329199,0.288886,-2.34275,0.3086998,0.4008,2.069001,0.3903345,-0.04288589,0.9196738,-0.1273216,0.986802,0.1000549,-0.9118269,-0.1561493,0.3797225,static,-71.33384,5.915069,8.486066,10.96336,-63.083777431942615,19.26312218832951
2715,05/16/2023 12:01:24.209015,2898,True,True,True,True,Eyes,1.729288,0.228333,-3.407706,-0.9434346,0.0331015,0.3299022,0.0,0.0,0.0,0.0,0.0,0.0,0.0,2.585029,0.3013815,2.717538,1.475941,0.2311118,-3.453463,0.07656878,-0.5477089,0.02621499,0.8327454,8.988777,293.1495,357.6666,0.4754039,0.05928,-0.8777679,0.0,0.0,0.0,-0.3311556,0.2909846,-2.327622,0.3087001,0.4008,2.069001,0.3986555,-0.04021399,0.9162186,-0.1275356,0.9869,0.09880824,-0.9081897,-0.156241,0.3883044,static,-70.72618,5.729728,8.486073,10.96336,-62.5219772783284,19.07815139668268
2716,05/16/2023 12:01:24.228864,2899,True,True,True,True,Eyes,1.717895,0.2285197,-3.409435,-0.9398964,0.03319689,0.3398423,0.0,0.0,0.0,0.0,0.0,0.0,0.0,2.566136,0.2882591,2.732062,1.464151,0.2324821,-3.454638,0.07493199,-0.5439557,0.02593111,0.8353592,8.824072,293.6876,357.7848,0.473051,0.05931843,-0.8790355,0.0,0.0,0.0,-0.3325428,0.2990645,-2.312641,0.3087002,0.4008001,2.069,0.4068795,-0.03819577,0.9126829,-0.1248429,0.9874256,0.09697946,-0.9049106,-0.153401,0.3969947,static,-70.12132,5.579134,8.486076,10.96336,-61.96265406564279,18.92485279868838
2717,05/16/2023 12:01:24.249078,2900,True,True,True,True,Eyes,1.7065,0.2286976,-3.411135,-0.9363009,0.03330414,0.3496161,0.0,0.0,0.0,0.0,0.0,0.0,0.0,2.54873,0.2717377,2.744999,1.452381,0.2331944,-3.455589,0.07271294,-0.5404752,0.02537215,0.8378279,8.584504,294.1916,357.9086,0.4706782,0.05936351,-0.8803053,0.0,0.0,0.0,-0.3343675,0.3092657,-2.298677,0.3086997,0.4008,2.069,0.4144855,-0.0360841,0.9093402,-0.1211141,0.9881381,0.09441582,-0.9019607,-0.1492679,0.4051986,static,-69.5243,5.441528,8.486064,10.96336,-61.410544234266276,18.783576610378397
2718,05/16/2023 12:01:24.258733,2901,True,True,True,True,Eyes,1.695111,0.2289085,-3.412782,-0.9326546,0.03330415,0.3592302,0.0,0.0,0.0,0.0,0.0,0.0,0.0,2.53446,0.2655732,2.754095,1.440872,0.2331562,-3.456671,0.07207475,-0.5374091,0.02633058,0.8398235,8.589881,294.6244,358.0735,0.4682866,0.05941435,-0.8815764,0.0,0.0,0.0,-0.3376878,0.3099474,-2.287257,0.3087,0.4008,2.069001,0.4209962,-0.03324117,0.9064531,-0.1216933,0.9882239,0.09275953,-0.8988621,-0.1493607,0.4119933,static,-68.93483,5.296737,8.486068,10.96336,-60.865445888593264,18.635971088681515
2719,05/16/2023 12:01:24.269044,2902,True,True,True,True,Eyes,1.683735,0.2291815,-3.414387,-0.928984,0.03316287,0.3686312,0.0,0.0,0.0,0.0,0.0,0.0,0.0,2.522533,0.265648,2.760047,1.429508,0.2342204,-3.457348,0.07259779,-0.5347124,0.02814229,0.8414392,8.758463,294.9958,358.2445,0.4658778,0.05947128,-0.8828478,0.0,0.0,0.0,-0.3422545,0.3057687,-2.277331,0.3087,0.4008,2.069,0.4265813,-0.03027783,0.9039423,-0.124998,0.9878752,0.09207722,-0.89577,-0.1522693,0.4176244,static,-68.35628,5.140615,8.486071,10.96336,-60.33049175426203,18.478357299500345
2720,05/16/2023 12:01:24.291828,2903,True,True,True,True,Eyes,1.672387,0.229504,-3.415928,-0.9252771,0.03289872,0.3778622,0.0,0.0,0.0,0.0,0.0,0.0,0.0,2.511796,0.2669925,2.7649,1.418406,0.2360177,-3.457961,0.07349832,-0.5321876,0.03054196,0.842877,8.998474,295.3417,358.4484,0.4634533,0.05953534,-0.8841187,0.0,0.0,0.0,-0.3472113,0.2998754,-2.268332,0.3087001,0.4008,2.069,0.4316871,-0.02674357,0.9016269,-0.129716,0.9873304,0.091392,-0.8926477,-0.1564082,0.4227487,static,-67.78601,4.975932,8.486073,10.96336,-59.80322928356401,18.31318268343608
2721,05/16/2023 12:01:24.308913,2904,True,True,True,True,Eyes,1.66107,0.2298284,-3.417421,-0.9215609,0.0324858,0.3868725,0.0,0.0,0.0,0.0,0.0,0.0,0.0,2.501202,0.2651212,2.769699,1.407554,0.237584,-3.458306,0.07394511,-0.5297369,0.03301139,0.8442873,9.19741,295.6831,358.6881,0.4610152,0.05960715,-0.8853877,0.0,0.0,0.0,-0.3520371,0.2954487,-2.259476,0.3086998,0.4008,2.069001,0.436578,-0.0226007,0.8993825,-0.1340851,0.9868847,0.08988713,-0.8896183,-0.1598365,0.4278218,static,-67.22727,4.799884,8.486066,10.96336,-59.28667571327707,18.137985380771582
2722,05/16/2023 12:01:24.328982,2905,True,True,True,True,Eyes,1.64979,0.2301728,-3.418858,-0.9178052,0.03189661,0.3957477,0.0,0.0,0.0,0.0,0.0,0.0,0.0,2.491696,0.2684307,2.773124,1.396953,0.2379909,-3.458714,0.07498499,-0.5274321,0.03571704,0.8455275,9.467052,295.999,358.9137,0.458565,0.059686,-0.8866538,0.0,0.0,0.0,-0.3570912,0.2871785,-2.251398,0.3087003,0.4008,2.069001,0.4410792,-0.01869949,0.8972733,-0.1394985,0.9862031,0.08912712,-0.8865604,-0.1644804,0.4323852,static,-66.67482,4.607985,8.486077,10.96336,-58.775996024878054,17.948544419111563
2723,05/16/2023 12:01:24.338577,2906,True,True,True,True,Eyes,1.638551,0.2305422,-3.42024,-0.9140385,0.03116804,0.4044283,0.0,0.0,0.0,0.0,0.0,0.0,0.0,2.482887,0.2792477,2.774939,1.386519,0.2388704,-3.458829,0.07705493,-0.525251,0.03803935,0.8465973,9.812787,296.2844,359.0383,0.4561043,0.05977175,-0.8879164,0.0,0.0,0.0,-0.3622073,0.2760271,-2.243396,0.3087002,0.4008001,2.069001,0.4453288,-0.01653833,0.8952144,-0.1453544,0.9852312,0.09050857,-0.88349,-0.1704294,0.4363478,static,-66.13238,4.406898,8.486073,10.96336,-58.27461124462908,17.7510192707413
2724,05/16/2023 12:01:24.358935,2907,True,True,True,True,Eyes,1.627355,0.2309342,-3.421541,-0.9101917,0.03051393,0.4130619,0.0,0.0,0.0,0.0,0.0,0.0,0.0,2.473109,0.2906213,2.777597,1.376248,0.2398773,-3.458927,0.07893726,-0.522971,0.03878057,0.847801,10.04423,296.5768,359.022,0.4536352,0.05986438,-0.8891742,0.0,0.0,0.0,-0.3663053,0.2684375,-2.23443,0.3087002,0.4008001,2.069001,0.4499949,-0.01680738,0.892873,-0.1483202,0.9845299,0.09328394,-0.8806282,-0.1744084,0.4405406,static,-65.59057,4.22491,8.486073,10.96336,-57.77374658318174,17.570878441438268
2725,05/16/2023 12:01:24.378935,2908,True,True,True,True,Eyes,1.616195,0.2313341,-3.422791,-0.9063163,0.02983308,0.4215457,0.0,0.0,0.0,0.0,0.0,0.0,0.0,2.461824,0.3029455,2.781032,1.365813,0.2408629,-3.458761,0.08069834,-0.5205228,0.03809665,0.8491716,10.17841,296.8852,358.8759,0.4511592,0.05996386,-0.8904263,0.0,0.0,0.0,-0.3695979,0.2636974,-2.224043,0.3087,0.4008001,2.069001,0.4552092,-0.01930947,0.8901752,-0.1487118,0.9840729,0.09739314,-0.8778778,-0.1767138,0.4450875,static,-65.05592,4.048112,8.486068,10.96336,-57.279491648346855,17.395650680731556
2726,05/16/2023 12:01:24.398941,2909,True,True,True,True,Eyes,1.605061,0.231741,-3.423977,-0.902333,0.02934934,0.4300393,0.0,0.0,0.0,0.0,0.0,0.0,0.0,2.449978,0.3138631,2.785377,1.355485,0.2414661,-3.45884,0.08203823,-0.5180006,0.03642745,0.8506575,10.21322,297.2023,358.6599,0.4486772,0.06006976,-0.8916724,0.0,0.0,0.0,-0.372209,0.2618439,-2.213305,0.3087001,0.4008001,2.069001,0.4606968,-0.02301712,0.8872591,-0.1469663,0.9838855,0.101834,-0.8753054,-0.1773117,0.4498902,static,-64.51818,3.90427,8.486073,10.96336,-56.782268152161656,17.250307203791422
2727,05/16/2023 12:01:24.409152,2910,True,True,True,True,Eyes,1.593955,0.2321369,-3.425113,-0.8983072,0.02897209,0.4384115,0.0,0.0,0.0,0.0,0.0,0.0,0.0,2.43698,0.3225049,2.790334,1.344924,0.2420284,-3.458533,0.0828866,-0.5153775,0.03370462,0.8522791,10.13839,297.5323,358.371,0.4461904,0.06018167,-0.8929119,0.0,0.0,0.0,-0.3743755,0.2635735,-2.201454,0.3086999,0.4008,2.069001,0.4664999,-0.0279843,0.8840785,-0.1428873,0.9839876,0.1065438,-0.8729038,-0.1760263,0.4550315,static,-63.98569,3.780851,8.486068,10.96336,-56.28983638599806,17.12367695056578
2728,05/16/2023 12:01:24.428812,2911,True,True,True,True,Eyes,1.582879,0.2325154,-3.426159,-0.894188,0.02883156,0.4467623,0.0,0.0,0.0,0.0,0.0,0.0,0.0,2.423555,0.3268566,2.796477,1.334458,0.242143,-3.458515,0.08296759,-0.5126862,0.03032307,0.8540197,9.950912,297.8768,358.0637,0.4436995,0.06029874,-0.8941444,0.0,0.0,0.0,-0.3759362,0.2688823,-2.189446,0.3087,0.4008,2.069,0.4724666,-0.03327968,0.88072,-0.1368657,0.9843938,0.1106195,-0.8706567,-0.1728043,0.4605384,static,-63.45195,3.692431,8.486073,10.96336,-55.796132309044765,17.028838505541437
2729,05/16/2023 12:01:24.438900,2912,True,True,True,True,Eyes,1.571824,0.2328622,-3.427163,-0.8900309,0.02877592,0.4549913,0.0,0.0,0.0,0.0,0.0,0.0,0.0,2.409436,0.3299958,2.802687,1.323689,0.2421282,-3.458115,0.08285798,-0.5099139,0.02683003,0.8558052,9.740298,298.2334,357.7567,0.4412056,0.06042008,-0.8953694,0.0,0.0,0.0,-0.377432,0.2748999,-2.176781,0.3087,0.4008,2.069,0.4785358,-0.03857832,0.8772202,-0.1304235,0.9848294,0.1144586,-0.8683278,-0.1691826,0.4662446,static,-62.92349,3.61885,8.486071,10.96336,-55.30726613849197,16.94763640086976
2730,05/16/2023 12:01:24.458591,2913,True,True,True,True,Eyes,1.560783,0.2331741,-3.428101,-0.8860596,0.02869042,0.4626827,0.0,0.0,0.0,0.0,0.0,0.0,0.0,2.396241,0.3336474,2.808559,1.3131,0.2416991,-3.458128,0.08284951,-0.5072144,0.02385114,0.8574967,9.571697,298.5809,357.4926,0.4387092,0.06054446,-0.8965868,0.0,0.0,0.0,-0.3790513,0.2791867,-2.1651,0.3087,0.4008,2.069001,0.4843293,-0.04314039,0.8738214,-0.1249495,0.9851342,0.1178911,-0.8659172,-0.1662816,0.471739,static,-62.42733,3.548302,8.486071,10.96336,-54.84828478166597,16.87006587877849
2731,05/16/2023 12:01:24.478958,2914,True,True,True,True,Eyes,1.549758,0.2334393,-3.428995,-0.8820709,0.02861078,0.4702471,0.0,0.0,0.0,0.0,0.0,0.0,0.0,2.383824,0.3392076,2.812931,1.302219,0.241197,-3.457789,0.08321682,-0.5046284,0.02148092,0.8590482,9.477152,298.9109,357.2641,0.4362107,0.06067073,-0.8977965,0.0,0.0,0.0,-0.3814679,0.2808724,-2.153824,0.3086998,0.4008,2.069001,0.4897777,-0.04708082,0.8705752,-0.1208934,0.985227,0.1212948,-0.863425,-0.1646543,0.4768505,static,-61.93716,3.481699,8.486064,10.96336,-54.394834379040624,16.796244666462233
2732,05/16/2023 12:01:24.492518,2915,True,True,True,True,Eyes,1.538742,0.2336581,-3.429818,-0.8782118,0.02843062,0.4774262,0.0,0.0,0.0,0.0,0.0,0.0,0.0,2.372747,0.3460352,2.816322,1.291525,0.2403414,-3.457679,0.08380677,-0.5022077,0.01965819,0.8604518,9.437311,299.218,357.0745,0.4337104,0.06079749,-0.8989984,0.0,0.0,0.0,-0.384346,0.2804088,-2.143695,0.3087003,0.4008001,2.069001,0.4948018,-0.05034697,0.8675461,-0.1180067,0.98518,0.1244784,-0.8609561,-0.1639684,0.4815276,static,-61.46997,3.407926,8.486076,10.96336,-53.962676433453,16.716525080980304
2733,05/16/2023 12:01:24.508808,2916,True,True,True,True,Eyes,1.527729,0.2338429,-3.430589,-0.8743324,0.02828594,0.4845026,0.0,0.0,0.0,0.0,0.0,0.0,0.0,2.361309,0.3528333,2.819296,1.280535,0.2394852,-3.457106,0.08445831,-0.4997547,0.01814011,0.8618485,9.422405,299.5296,356.9117,0.4312083,0.06092357,-0.9001927,0.0,0.0,0.0,-0.3874842,0.2791767,-2.133158,0.3086997,0.4008,2.069,0.4998324,-0.05314881,0.8644899,-0.1156849,0.9850755,0.1274493,-0.8583614,-0.1637117,0.4862241,static,-61.00742,3.341216,8.486065,10.96336,-53.5347896884766,16.64335358184868
2734,05/16/2023 12:01:24.529263,2917,True,True,True,True,Eyes,1.516708,0.2339886,-3.431291,-0.8705074,0.02816617,0.4913488,0.0,0.0,0.0,0.0,0.0,0.0,0.0,2.349704,0.356014,2.822981,1.269552,0.2388484,-3.456626,0.08462278,-0.4972593,0.01652434,0.8633072,9.354628,299.8522,356.7681,0.4287045,0.06104817,-0.9013793,0.0,0.0,0.0,-0.3903514,0.280212,-2.122568,0.3086999,0.4008,2.069001,0.5049202,-0.05562777,0.8613718,-0.1126901,0.9851319,0.1296771,-0.8557785,-0.1625447,0.4911443,static,-60.5579,3.280843,8.486066,10.96336,-53.11894178492188,16.57629691221737
2735,05/16/2023 12:01:24.538949,2918,True,True,True,True,Eyes,1.505687,0.234082,-3.431941,-0.8666749,0.0281037,0.4980811,0.0,0.0,0.0,0.0,0.0,0.0,0.0,2.337878,0.3550605,2.826797,1.258239,0.2380461,-3.45582,0.08424061,-0.494734,0.01511714,0.8648199,9.245428,300.1865,356.6773,0.4261989,0.0611705,-0.9025586,0.0,0.0,0.0,-0.3934045,0.2829013,-2.11166,0.3086998,0.4008,2.069001,0.5100195,-0.05720615,0.8582585,-0.1095006,0.98535,0.130748,-0.8531646,-0.1606638,0.4962837,static,-60.11387,3.229429,8.486064,10.96336,-52.70814553653424,16.517535406393588
2736,05/16/2023 12:01:24.558932,2919,True,True,True,True,Eyes,1.494658,0.2341173,-3.432518,-0.8628829,0.0279569,0.50463,0.0,0.0,0.0,0.0,0.0,0.0,0.0,2.327773,0.3517561,2.829877,1.247193,0.2368752,-3.455266,0.08364956,-0.492424,0.01469203,0.8662019,9.171156,300.4995,356.6941,0.4236915,0.06128944,-0.9037303,0.0,0.0,0.0,-0.3970996,0.284553,-2.102221,0.3087002,0.4008,2.069001,0.5146056,-0.05692956,0.855535,-0.1078346,0.9855738,0.1304454,-0.8506191,-0.1593842,0.5010428,static,-59.68011,3.17099,8.486074,10.96336,-52.30687770430881,16.452663625077427
2737,05/16/2023 12:01:24.578715,2920,True,True,True,True,Eyes,1.48363,0.2341082,-3.433032,-0.8591102,0.02774367,0.5110381,0.0,0.0,0.0,0.0,0.0,0.0,0.0,2.318814,0.3506009,2.831104,1.23582,0.235539,-3.454307,0.08349729,-0.490283,0.01512815,0.8674226,9.188847,300.7885,356.7695,0.4211822,0.06140387,-0.9048947,0.0,0.0,0.0,-0.4019568,0.2829975,-2.093375,0.3087002,0.4008,2.069001,0.5187876,-0.05562958,0.8530914,-0.1081196,0.9855987,0.1300207,-0.8480387,-0.159689,0.5053018,static,-59.25388,3.107471,8.486075,10.96336,-51.91259590693791,16.38337610760443
2738,05/16/2023 12:01:24.592823,2921,True,True,True,True,Eyes,1.207704,0.2326908,-3.444498,-0.7518183,0.01974025,0.6590748,0.0,0.0,0.0,0.0,0.0,0.0,0.0,2.311064,0.3535954,2.831008,1.224752,0.23448,-3.453355,0.0840557,-0.4883205,0.01612629,0.8684571,9.308321,301.0474,356.8584,0.418671,0.06151312,-0.9060519,0.0,0.0,0.0,-0.4073178,0.2780579,-2.085455,0.3087,0.4008,2.069001,0.5225662,-0.05408225,0.8508817,-0.1101022,0.9853491,0.1302479,-0.8454597,-0.1617471,0.5089555,static,-48.76086,1.715579,8.486071,10.96336,-42.20551696880819,14.833893386382687
2739,05/16/2023 12:01:24.609150,2922,True,True,True,True,Eyes,1.207251,0.2326491,-3.444441,-0.7517098,0.01966104,0.6592008,0.0,0.0,0.0,0.0,0.0,0.0,0.0,2.303323,0.3553638,2.830941,1.213584,0.2332754,-3.452333,0.0844093,-0.486355,0.01701337,0.8695082,9.400712,301.3085,356.9485,0.404335,0.06186797,-0.9125157,-0.8277766,-0.004252329,-0.03439808,-0.4126774,0.2739725,-2.077444,0.3087,0.4008,2.069001,0.5263388,-0.05251925,0.8486515,-0.1116923,0.9851712,0.1302401,-0.8429071,-0.1633382,0.5126678,static,-48.75134,1.708373,8.486071,10.96336,-42.196729623886455,14.827083281305494
2740,05/16/2023 12:01:24.628786,2923,True,True,True,True,Eyes,1.206361,0.2325817,-3.444311,-0.7514766,0.0195843,0.6594689,0.0,0.0,0.0,0.0,0.0,0.0,0.0,2.2957,0.3593802,2.829982,1.202213,0.2322494,-3.450932,0.08511378,-0.4844274,0.01790643,0.870497,9.528101,301.5601,357.019,0.3926883,0.06214684,-0.917569,-0.77811,-0.003997189,-0.03233419,-0.4183743,0.2686684,-2.069241,0.3086998,0.4008001,2.069001,0.5300189,-0.05128789,0.8464334,-0.1136379,0.98487,0.1308338,-0.8403371,-0.1655313,0.5161715,static,-48.73097,1.701017,8.486066,10.96336,-42.17790070769354,14.819843327382209
2741,05/16/2023 12:01:24.639196,2924,True,True,True,True,Eyes,1.205046,0.2324759,-3.444125,-0.7511244,0.01958719,0.6598701,0.0,0.0,0.0,0.0,0.0,0.0,0.0,2.287248,0.3569579,2.830236,1.190665,0.2315877,-3.449324,0.08484588,-0.482398,0.01804796,0.8716466,9.516047,301.8329,357.071,0.383215,0.06236767,-0.9215508,-0.7314234,-0.003757358,-0.03039414,-0.423542,0.2687437,-2.060204,0.3087002,0.4008001,2.069001,0.5339328,-0.05039607,0.8440238,-0.1133218,0.984951,0.1304986,-0.8378986,-0.1653238,0.5201866,static,-48.70038,1.700234,8.486074,10.96336,-42.149591142371285,14.818303984414872
2742,05/16/2023 12:01:24.658943,2925,True,True,True,True,Eyes,1.203318,0.2323422,-3.443897,-0.7505632,0.01971851,0.6605045,0.0,0.0,0.0,0.0,0.0,0.0,0.0,2.278597,0.3510208,2.831211,1.179102,0.2305388,-3.447832,0.08393989,-0.4803331,0.01767136,0.8728814,9.411003,302.1152,357.1072,0.3754951,0.06254307,-0.9247113,-0.687538,-0.003531917,-0.02857049,-0.4283395,0.2717574,-2.051003,0.3086997,0.4008,2.069001,0.5379357,-0.04978821,0.8415142,-0.1114882,0.9852837,0.1295628,-0.8355809,-0.1635154,0.5244685,static,-48.65184,1.709983,8.486063,10.96336,-42.10463348176813,14.825856221222237
3045,05/16/2023 12:01:29.708879,3228,True,True,True,True,Eyes,1.202005,0.2169987,-1.750456,0.9312078,-0.3508804,0.09866566,0.0,0.0,0.0,0.0,0.0,0.0,0.0,-2.026696,-0.3000901,-1.057197,1.454104,0.2198354,-1.77552,0.1054713,0.636623,-0.03935587,0.7629142,12.18335,80.15253,4.355877,0.5280091,0.1047426,-0.8427541,0.0,0.0,0.0,3.426334,-0.5845313,-1.776481,0.3086998,-0.4008002,2.069,0.1863248,0.07424056,-0.9796792,0.1943412,0.9746538,0.1108214,0.9630756,-0.2110408,0.1671742,static,83.95182,-74.2943,8.486071,-10.96337,80.37424615064089,-57.87346720680593
3046,05/16/2023 12:01:29.729227,3229,True,True,True,True,Eyes,1.213413,0.2168715,-1.751334,0.9309254,-0.3526411,0.09498497,0.0,0.0,0.0,0.0,0.0,0.0,0.0,-2.026322,-0.3105049,-1.073644,1.466779,0.2186396,-1.776474,0.1069941,0.6376926,-0.04155955,0.761691,12.47404,80.34233,4.296397,0.5315647,0.1044429,-0.8405533,0.0,0.0,0.0,3.434806,-0.595917,-1.784285,0.3086998,-0.4008001,2.068999,0.183242,0.07314756,-0.9803427,0.1997697,0.9736502,0.1099884,0.9625561,-0.2159973,0.163801,static,84.17411,-74.92498,8.486073,-10.96337,80.57790421747826,-58.45297506457473
3047,05/16/2023 12:01:29.739019,3230,True,True,True,True,Eyes,1.224885,0.2167159,-1.752208,0.9305968,-0.3544621,0.0913569,0.0,0.0,0.0,0.0,0.0,0.0,0.0,-2.02547,-0.3238724,-1.089743,1.479503,0.217531,-1.777277,0.1080421,0.6387624,-0.044267,0.7604933,12.76089,80.52095,4.156867,0.5351095,0.1041333,-0.8383397,0.0,0.0,0.0,3.44312,-0.6075235,-1.791024,0.3087001,-0.4008,2.069,0.1800463,0.07069697,-0.9811144,0.205356,0.9727346,0.1077785,0.9619836,-0.2208828,0.1606192,static,84.39323,-75.54747,8.486078,-10.96336,80.77865533734261,-59.02494977955375
3048,05/16/2023 12:01:29.768968,3231,True,True,True,True,Eyes,1.236417,0.2165231,-1.753072,0.9302602,-0.3562542,0.08774287,0.0,0.0,0.0,0.0,0.0,0.0,0.0,-2.024275,-0.3371413,-1.106561,1.492486,0.2167065,-1.77802,0.10812,0.6399012,-0.04664918,0.7593816,12.93881,80.68974,3.972762,0.5386439,0.1038133,-0.836113,0.0,0.0,0.0,3.453082,-0.6154045,-1.796807,0.3087002,-0.4008,2.069,0.1767006,0.06752314,-0.9819458,0.2092212,0.9722678,0.1045069,0.961771,-0.2239103,0.157673,static,84.61176,-76.16384,8.486081,-10.96336,80.97888056843107,-59.59134344213254
3049,05/16/2023 12:01:29.778733,3232,True,True,True,True,Eyes,1.248015,0.2162824,-1.753933,0.9298956,-0.3580575,0.0841959,0.0,0.0,0.0,0.0,0.0,0.0,0.0,-2.023109,-0.3476662,-1.123604,1.505474,0.2156247,-1.77859,0.1075292,0.6409777,-0.04834156,0.7584513,13.00776,80.83624,3.796753,0.5421675,0.1034823,-0.8338737,0.0,0.0,0.0,3.464611,-0.6198135,-1.801439,0.3086999,-0.4008001,2.069,0.1736214,0.06451819,-0.9826969,0.211177,0.9722012,0.1011396,0.9619043,-0.225083,0.1551702,static,84.82635,-76.76751,8.486071,-10.96337,81.17550105916018,-60.14608206138875
3050,05/16/2023 12:01:29.797054,3233,True,True,True,True,Eyes,1.259674,0.2160021,-1.75477,0.9295115,-0.3598526,0.08071212,0.0,0.0,0.0,0.0,0.0,0.0,0.0,-2.022306,-0.3579891,-1.14034,1.518631,0.2142376,-1.779359,0.1073127,0.6419669,-0.05011971,0.7575291,13.11672,80.97786,3.641021,0.5456803,0.1031392,-0.8316218,0.0,0.0,0.0,3.475767,-0.6257544,-1.806311,0.3086997,-0.4008001,2.068999,0.1707331,0.06184816,-0.9833742,0.2137167,0.971944,0.09823467,0.9618603,-0.2269354,0.152725,static,85.0373,-77.35822,8.486069,-10.96337,81.368795327549,-60.688937325517315
3051,05/16/2023 12:01:29.809246,3234,True,True,True,True,Eyes,1.271405,0.2156801,-1.7556,0.9291112,-0.3616407,0.07725606,0.0,0.0,0.0,0.0,0.0,0.0,0.0,-2.020703,-0.368637,-1.157989,1.53183,0.2130155,-1.779942,0.1070989,0.6431234,-0.05188741,0.7564588,13.22477,81.14547,3.489663,0.5491825,0.1027833,-0.8293574,0.0,0.0,0.0,3.486957,-0.631469,-1.811901,0.3087,-0.4008001,2.069,0.1673999,0.05925421,-0.984107,0.216257,0.9716751,0.09529176,0.9618785,-0.2287718,0.1498442,static,85.24677,-77.94136,8.486073,-10.96337,81.56074476071524,-61.22486893880948
3052,05/16/2023 12:01:29.829150,3235,True,True,True,True,Eyes,1.283207,0.2153211,-1.756416,0.9287316,-0.363335,0.07379371,0.0,0.0,0.0,0.0,0.0,0.0,0.0,-2.018588,-0.3784029,-1.176959,1.545262,0.2116965,-1.780582,0.106803,0.6444542,-0.05341845,0.7552604,13.30765,81.33904,3.356105,0.5526746,0.1024142,-0.8270801,0.0,0.0,0.0,3.498749,-0.6363275,-1.818477,0.3086999,-0.4008001,2.068999,0.1636504,0.05696964,-0.984872,0.218349,0.9714792,0.09247668,0.962051,-0.2301796,0.1465438,static,85.45702,-78.51933,8.486074,-10.96337,81.75343315732849,-61.756120415589336
3053,05/16/2023 12:01:29.838735,3236,True,True,True,True,Eyes,1.295085,0.2149274,-1.75721,0.9283528,-0.3649783,0.07036911,0.0,0.0,0.0,0.0,0.0,0.0,0.0,-2.015908,-0.3871054,-1.196582,1.558743,0.2104341,-1.780893,0.106462,0.6458535,-0.05466861,0.7540229,13.36569,81.54332,3.245145,0.5561566,0.1020314,-0.8247902,0.0,0.0,0.0,3.510977,-0.6401643,-1.825169,0.3086999,-0.4008001,2.068999,0.1597694,0.05507492,-0.9856168,0.2199604,0.9713544,0.08993375,0.9623362,-0.2311653,0.1430785,static,85.66527,-79.08708,8.486073,-10.96337,81.94430417696772,-62.27802445498334
3054,05/16/2023 12:01:29.858772,3237,True,True,True,True,Eyes,1.307034,0.2145035,-1.75793,0.9280167,-0.3664789,0.06691956,0.0,0.0,0.0,0.0,0.0,0.0,0.0,-2.013992,-0.3935295,-1.21556,1.572401,0.2092042,-1.781124,0.1060636,0.6470252,-0.05542788,0.7530183,13.38317,81.713,3.168715,0.5596288,0.1016347,-0.8224873,0.0,0.0,0.0,3.524064,-0.6424103,-1.830728,0.3087002,-0.4008002,2.068999,0.1565725,0.0537752,-0.9862014,0.2207281,0.9713566,0.08800922,0.9626859,-0.2314622,0.140218,static,85.87553,-79.65172,8.486081,-10.96337,82.1370457775938,-62.79715484281782
3055,05/16/2023 12:01:29.878698,3238,True,True,True,True,Eyes,1.319062,0.2140444,-1.758625,0.9276816,-0.3679111,0.06362599,0.0,0.0,0.0,0.0,0.0,0.0,0.0,-2.013693,-0.3972801,-1.232254,1.5862,0.2080535,-1.780989,0.1057703,0.6476552,-0.05567742,0.7524995,13.37385,81.803,3.135312,0.5630931,0.1012247,-0.8201703,0.0,0.0,0.0,3.537844,-0.6434351,-1.833424,0.3087001,-0.4008002,2.069,0.1548855,0.05321099,-0.9864984,0.2207999,0.9714253,0.08706471,0.9629423,-0.2313038,0.1387107,static,86.07645,-80.1884,8.486076,-10.96337,82.32123505516333,-63.290607773823
3056,05/16/2023 12:01:29.888850,3239,True,True,True,True,Eyes,1.331135,0.213531,-1.759094,0.9266363,-0.3710897,0.06031277,0.0,0.0,0.0,0.0,0.0,0.0,0.0,-2.015746,-0.4009754,-1.245548,1.600144,0.20674,-1.781068,0.1052925,0.6476217,-0.05601994,0.75257,13.35827,81.78636,3.067324,0.5665495,0.1008009,-0.8178389,0.0,0.0,0.0,3.551877,-0.6446066,-1.832465,0.3087001,-0.4008001,2.069,0.154896,0.0520616,-0.9865581,0.2206973,0.9715505,0.08592056,0.9629643,-0.2310394,0.1389995,static,86.27599,-80.7685,8.486079,-10.96337,82.50400393844933,-63.82350645897739
3057,05/16/2023 12:01:29.909058,3240,True,True,True,True,Eyes,1.343286,0.2129519,-1.75956,0.9255525,-0.374298,0.05704153,0.0,0.0,0.0,0.0,0.0,0.0,0.0,-2.016022,-0.4117751,-1.260035,1.614272,0.2052537,-1.781457,0.1046334,0.6479906,-0.05782043,0.7522081,13.43525,81.82413,2.865113,0.5700019,0.1003633,-0.8154904,0.0,0.0,0.0,3.564378,-0.649807,-1.833,0.3087,-0.4008002,2.069,0.1535301,0.0486169,-0.9869474,0.2225889,0.9714173,0.08247798,0.9627476,-0.2323464,0.1383202,static,86.47334,-81.33502,8.486073,-10.96336,82.6847906707474,-64.34399722159291
3058,05/16/2023 12:01:29.928982,3241,True,True,True,True,Eyes,1.355515,0.2123203,-1.760066,0.9244248,-0.3775748,0.05362917,0.0,0.0,0.0,0.0,0.0,0.0,0.0,-2.013168,-0.4261686,-1.277941,1.628308,0.2030938,-1.781842,0.1048932,0.6491362,-0.06051902,0.7509708,13.65727,81.99992,2.671036,0.5734499,0.09991036,-0.8131253,0.0,0.0,0.0,3.574509,-0.6604905,-1.838575,0.3086999,-0.4008001,2.068999,0.1499195,0.04528384,-0.9876606,0.2270759,0.9706697,0.07897323,0.9622685,-0.2361135,0.1352395,static,86.67979,-81.91602,8.486074,-10.96337,82.87395204065584,-64.87790119119106
3059,05/16/2023 12:01:29.938991,3242,True,True,True,True,Eyes,1.367811,0.2116745,-1.760563,0.9232414,-0.3809432,0.05007545,0.0,0.0,0.0,0.0,0.0,0.0,0.0,-2.00573,-0.4478961,-1.30034,1.642136,0.2011699,-1.782517,0.107559,0.6514633,-0.06482328,0.7482144,14.20632,82.40945,2.550446,0.5768916,0.09944114,-0.8107446,0.0,0.0,0.0,3.579317,-0.6814337,-1.85348,0.3087002,-0.4008,2.069,0.1427872,0.04313812,-0.988813,0.2371449,0.968458,0.07649449,0.9609236,-0.2454144,0.1280534,static,86.89539,-82.51134,8.48608,-10.96336,83.07153485249133,-65.4250742273874
3060,05/16/2023 12:01:29.958916,3243,True,True,True,True,Eyes,1.380201,0.2110882,-1.761266,0.9221094,-0.3841398,0.04637742,0.0,0.0,0.0,0.0,0.0,0.0,0.0,-1.996337,-0.4660636,-1.32587,1.655995,0.2002114,-1.782724,0.1088193,0.654231,-0.06786494,0.745342,14.53752,82.86205,2.440632,0.5803265,0.09895679,-0.808349,0.0,0.0,0.0,3.587214,-0.6940273,-1.868909,0.3086999,-0.4008,2.069,0.1347524,0.04122078,-0.9900216,0.2435511,0.9671054,0.07341654,0.9604815,-0.2510139,0.1202805,static,87.12074,-83.11597,8.486071,-10.96336,83.27811094570153,-65.98097681806986
3061,05/16/2023 12:01:29.978976,3244,True,True,True,True,Eyes,1.392664,0.2106099,-1.761968,0.921041,-0.3871336,0.04255645,0.0,0.0,0.0,0.0,0.0,0.0,0.0,-1.986318,-0.4857439,-1.352683,1.670117,0.2011464,-1.78365,0.1095528,0.6572796,-0.0706879,0.7422838,14.80688,83.34969,2.316222,0.5837498,0.09846073,-0.8059412,0.0,0.0,0.0,3.596059,-0.7027234,-1.885942,0.3087001,-0.4008002,2.069,0.1259738,0.03907263,-0.9912639,0.2489545,0.9660028,0.06971507,0.9602876,-0.2555619,0.1119637,static,87.35455,-83.72683,8.486076,-10.96337,83.49249653349811,-66.54277333965018
3062,05/16/2023 12:01:29.997276,3245,True,True,True,True,Eyes,1.405221,0.2102112,-1.762721,0.9201853,-0.3895627,0.03872799,0.0,0.0,0.0,0.0,0.0,0.0,0.0,-1.976264,-0.4953297,-1.382272,1.684264,0.203236,-1.784264,0.1079468,0.6604566,-0.07087734,0.7396763,14.67371,83.81118,2.235562,0.5871608,0.09795896,-0.8035208,0.0,0.0,0.0,3.611229,-0.6966543,-1.901308,0.3086999,-0.4008,2.069,0.1175471,0.03773573,-0.99235,0.2474409,0.9666478,0.06606852,0.9617461,-0.2533141,0.1042893,static,87.59,-84.32265,8.486072,-10.96337,83.70844958684428,-67.09093790423607
3063,05/16/2023 12:01:30.008881,3246,True,True,True,True,Eyes,1.41783,0.2098668,-1.763465,0.9194154,-0.3917383,0.03487969,0.0,0.0,0.0,0.0,0.0,0.0,0.0,-1.966805,-0.5001566,-1.4116,1.698757,0.2046258,-1.784221,0.1058536,0.6633207,-0.07021842,0.7374756,14.43511,84.21573,2.181351,0.5905586,0.09745537,-0.8010883,0.0,0.0,0.0,3.628447,-0.6876284,-1.914134,0.3087002,-0.4008,2.069,0.1101502,0.03686096,-0.9932313,0.2439985,0.9677289,0.06297417,0.9634998,-0.2492835,0.09760147,static,87.82742,-84.9119,8.486078,-10.96336,83.92624760726376,-67.63318145608555
3064,05/16/2023 12:01:30.029268,3247,True,True,True,True,Eyes,1.430494,0.2095647,-1.764134,0.9187319,-0.3936601,0.03103999,0.0,0.0,0.0,0.0,0.0,0.0,0.0,-1.959526,-0.5042052,-1.43748,1.71259,0.2055464,-1.784685,0.1034164,0.6656274,-0.06962176,0.7357975,14.17423,84.52596,2.081692,0.5939424,0.09695268,-0.798644,0.0,0.0,0.0,3.64537,-0.6785619,-1.923998,0.3086999,-0.4008,2.069,0.104186,0.03521849,-0.9939341,0.2401286,0.9689157,0.05950275,0.9651339,-0.2448713,0.0924905,static,88.06496,-85.49157,8.486073,-10.96336,84.14418827700878,-68.16671687888227
3065,05/16/2023 12:01:30.038824,3248,True,True,True,True,Eyes,1.4432,0.209376,-1.764797,0.9180642,-0.3954968,0.02720772,0.0,0.0,0.0,0.0,0.0,0.0,0.0,-1.952609,-0.5118291,-1.461031,1.726658,0.2061861,-1.78477,0.1018806,0.6675867,-0.06995601,0.7342035,14.064,84.80112,1.967553,0.5973131,0.09645286,-0.7961868,0.0,0.0,0.0,3.660212,-0.6748682,-1.932451,0.3087001,-0.4008001,2.069,0.09886855,0.03330438,-0.9945431,0.2387522,0.969453,0.05619881,0.9660345,-0.2430056,0.08789688,static,88.30248,-86.06461,8.486076,-10.96337,84.36213229496568,-68.69422290758057
3066,05/16/2023 12:01:30.059168,3249,True,True,True,True,Eyes,1.455938,0.2092921,-1.765449,0.9174122,-0.3972446,0.02348509,0.0,0.0,0.0,0.0,0.0,0.0,0.0,-1.947161,-0.5214323,-1.481886,1.740327,0.2087143,-1.785221,0.1012205,0.6692443,-0.07046619,0.7327353,14.04323,85.04849,1.903081,0.6006694,0.09596069,-0.7937173,0.0,0.0,0.0,3.673418,-0.6719981,-1.940792,0.3087002,-0.4008,2.069,0.09429319,0.03221642,-0.9950231,0.2387487,0.9695778,0.05401755,0.9664927,-0.2426539,0.08373296,static,88.53359,-86.61662,8.486079,-10.96336,84.57421296238046,-69.20243237628897
3067,05/16/2023 12:01:30.079161,3250,True,True,True,True,Eyes,1.468687,0.2092272,-1.766108,0.9167382,-0.3990012,0.01972685,0.0,0.0,0.0,0.0,0.0,0.0,0.0,-1.940756,-0.530921,-1.503378,1.753838,0.2111051,-1.785509,0.09958326,0.6710024,-0.07090883,0.7313077,13.93447,85.29108,1.767071,0.60401,0.09548004,-0.7912363,0.0,0.0,0.0,3.687656,-0.666716,-1.948216,0.3087,-0.4008001,2.069,0.08945543,0.02992886,-0.9955411,0.2373536,0.9701102,0.05049202,0.9672958,-0.240812,0.07967789,static,88.76727,-87.16956,8.486073,-10.96337,84.78866919118161,-69.7115570295386
3068,05/16/2023 12:01:30.097313,3251,True,True,True,True,Eyes,1.481428,0.2091746,-1.766741,0.9159683,-0.4009328,0.01596541,0.0,0.0,0.0,0.0,0.0,0.0,0.0,-1.931986,-0.5455679,-1.525423,1.766793,0.2114994,-1.786292,0.09901565,0.6731634,-0.07284421,0.7292056,14.03282,85.61987,1.59895,0.6073332,0.0950106,-0.7887449,0.0,0.0,0.0,3.697825,-0.6705176,-1.95908,0.3087,-0.4008001,2.069,0.08308973,0.02707059,-0.9961744,0.2395442,0.9697793,0.04633342,0.9673235,-0.2424776,0.07409413,static,89.00143,-87.71965,8.486073,-10.96337,85.00357907364598,-70.21810307641373
3069,05/16/2023 12:01:30.108924,3252,True,True,True,True,Eyes,1.494169,0.2091946,-1.767398,0.9151862,-0.4028535,0.01196843,0.0,0.0,0.0,0.0,0.0,0.0,0.0,-1.920715,-0.5606896,-1.549571,1.779404,0.2117745,-1.787053,0.100388,0.6758887,-0.07493011,0.7262797,14.30646,86.08296,1.588526,0.6106377,0.09455201,-0.7862448,0.0,0.0,0.0,3.704733,-0.6794214,-1.975663,0.3086999,-0.4008002,2.068999,0.07511982,0.02686177,-0.9968126,0.2445426,0.9686155,0.04453064,0.9667243,-0.2471083,0.06619337,static,89.25076,-88.29829,8.486075,-10.96337,85.23243520894937,-70.75102076276757
3070,05/16/2023 12:01:30.129158,3253,True,True,True,True,Eyes,1.506919,0.209359,-1.768061,0.9144939,-0.4045235,0.007862402,0.0,0.0,0.0,0.0,0.0,0.0,0.0,-1.908682,-0.56691,-1.578115,1.792094,0.2135716,-1.788207,0.1020548,0.6791719,-0.07482231,0.7229884,14.43037,86.64827,1.800852,0.6139209,0.09410635,-0.7837375,0.0,0.0,0.0,3.71392,-0.6805985,-1.997348,0.3087,-0.4008002,2.069,0.06625436,0.0304342,-0.9973387,0.2468168,0.9679729,0.04593445,0.9667947,-0.2492032,0.05662075,static,89.50741,-88.88653,8.486074,-10.96337,85.46803461697665,-71.29286598724192
3071,05/16/2023 12:01:30.138942,3254,True,True,True,True,Eyes,1.51967,0.209609,-1.76875,0.9139994,-0.4056993,0.00360651,0.0,0.0,0.0,0.0,0.0,0.0,0.0,-1.89688,-0.559387,-1.611047,1.805025,0.217192,-1.789204,0.1017553,0.6827079,-0.07145528,0.7200347,14.12871,87.2154,2.129711,0.6171817,0.0936785,-0.7812238,0.0,0.0,0.0,3.729922,-0.665135,-2.019343,0.3087001,-0.4008001,2.068999,0.05760819,0.03603776,-0.9976885,0.2418389,0.96908,0.04896853,0.9686048,-0.2441009,0.04711158,static,89.77393,-89.49068,8.486078,-10.96337,85.71271661067803,-71.84944558502544
3072,05/16/2023 12:01:30.158904,3255,True,True,True,True,Eyes,1.532416,0.20985,-1.769502,0.9135561,-0.4067123,-0.0005747199,0.0,0.0,0.0,0.0,0.0,0.0,0.0,-1.886872,-0.5420517,-1.644353,1.817716,0.219423,-1.790465,0.09888819,0.6859156,-0.06641831,0.7178646,13.47914,87.67314,2.375057,0.6204178,0.09327028,-0.7787052,0.0,0.0,0.0,3.750977,-0.6398278,-2.037222,0.3087001,-0.4008001,2.069,0.05021681,0.04029921,-0.997925,0.2310166,0.9716195,0.05086195,0.9716531,-0.2330914,0.03948187,static,-89.96395,89.91904,8.486075,-10.96336,-80.04965645350313,96.15426386698917
3073,05/16/2023 12:01:30.179127,3256,True,True,True,True,Eyes,1.545141,0.210099,-1.770295,0.9130996,-0.4077076,-0.004866826,0.0,0.0,0.0,0.0,0.0,0.0,0.0,-1.877299,-0.5331371,-1.673578,1.830244,0.2193993,-1.792043,0.09749364,0.6887144,-0.06367207,0.715621,13.13468,88.09723,2.540174,0.6236274,0.09287918,-0.7761841,0.0,0.0,0.0,3.767004,-0.6273691,-2.054041,0.3087001,-0.4008001,2.069,0.04323657,0.04316041,-0.9981322,0.2254207,0.9728817,0.05183322,0.9733017,-0.2272407,0.03233481,static,-89.69462,89.31609,8.486078,-10.96337,-79.8023697472177,95.59869946499956
3074,05/16/2023 12:01:30.197089,3257,True,True,True,True,Eyes,1.557842,0.2104049,-1.7711,0.9124615,-0.4090614,-0.009102213,0.0,0.0,0.0,0.0,0.0,0.0,0.0,-1.868312,-0.536757,-1.697604,1.842443,0.2198605,-1.793773,0.0983974,0.6911056,-0.06345758,0.7132071,13.18331,88.50616,2.677861,0.6268079,0.09250388,-0.773663,0.0,0.0,0.0,3.776767,-0.627779,-2.070529,0.3086999,-0.4008,2.069,0.03669243,0.04548921,-0.9982909,0.2265228,0.9725822,0.05264368,0.9733146,-0.2280672,0.02538208,static,-89.42847,88.7253,8.48607,-10.96336,-79.55798615428192,95.05427851353242
3075,05/16/2023 12:01:30.208939,3258,True,True,True,True,Eyes,1.570515,0.2107701,-1.771962,0.9117519,-0.4105228,-0.01340108,0.0,0.0,0.0,0.0,0.0,0.0,0.0,-1.859942,-0.5497082,-1.718194,1.854621,0.2216036,-1.795835,0.1003466,0.6932186,-0.06487772,0.7107529,13.44973,88.89491,2.764033,0.6299583,0.09214517,-0.7711428,0.0,0.0,0.0,3.783187,-0.6345057,-2.086363,0.3087002,-0.4008,2.069,0.03047781,0.04690024,-0.9984347,0.2313483,0.9714429,0.05269442,0.9723936,-0.2325922,0.0187572,static,-89.15791,88.13031,8.486078,-10.96336,-79.30953479478525,94.50591910605328
3076,05/16/2023 12:01:30.228976,3259,True,True,True,True,Eyes,1.583141,0.2111481,-1.772905,0.9108282,-0.4124103,-0.01759945,0.0,0.0,0.0,0.0,0.0,0.0,0.0,-1.851274,-0.5650123,-1.737963,1.866578,0.2234268,-1.798037,0.1017119,0.6952858,-0.06672598,0.7083644,13.70279,89.26488,2.767272,0.6330765,0.0918038,-0.7686257,0.0,0.0,0.0,3.789433,-0.6411477,-2.101082,0.3087001,-0.4008001,2.068999,0.02425077,0.04690508,-0.9986049,0.2359703,0.9704046,0.05131093,0.9714576,-0.2368854,0.01246482,static,-88.89304,87.5564,8.48608,-10.96337,-79.06628023504764,93.976882251885
3077,05/16/2023 12:01:30.239086,3260,True,True,True,True,Eyes,1.595709,0.2115248,-1.77392,0.9097449,-0.4145911,-0.02186974,0.0,0.0,0.0,0.0,0.0,0.0,0.0,-1.841804,-0.5883211,-1.755382,1.878069,0.2241728,-1.800648,0.1035224,0.6972961,-0.07034952,0.7057707,14.13663,89.63824,2.663937,0.6361598,0.09147851,-0.7661147,0.0,0.0,0.0,3.792158,-0.6554784,-2.115564,0.3087002,-0.4008,2.069,0.01765824,0.04507019,-0.9988278,0.2436727,0.9686682,0.04801719,0.9696969,-0.244235,0.006122601,static,-88.62291,86.98044,8.486077,-10.96336,-78.81816411463977,93.44583901054575
3078,05/16/2023 12:01:30.258827,3261,True,True,True,True,Eyes,1.608218,0.2119132,-1.77504,0.9085119,-0.417042,-0.02611785,0.0,0.0,0.0,0.0,0.0,0.0,0.0,-1.830196,-0.6172587,-1.772343,1.88927,0.2245818,-1.803343,0.1058115,0.6995206,-0.07507227,0.7027368,14.6992,90.06221,2.51961,0.6392055,0.09116757,-0.7636126,0.0,0.0,0.0,3.79204,-0.6745963,-2.131431,0.3087001,-0.4008001,2.068999,0.01007011,0.04252253,-0.9990447,0.2535467,0.9663362,0.04368604,0.9672707,-0.2537444,-0.001050416,static,-88.35332,86.41645,8.486077,-10.96337,-78.57050831891362,92.9256950456384
3079,05/16/2023 12:01:30.278884,3262,True,True,True,True,Eyes,1.620663,0.2123194,-1.776236,0.9071974,-0.4195992,-0.03048725,0.0,0.0,0.0,0.0,0.0,0.0,0.0,-1.816117,-0.6456429,-1.791688,1.900337,0.2253126,-1.806442,0.1073959,0.7022154,-0.0795184,0.6993116,15.18191,90.55096,2.352446,0.6422111,0.0908699,-0.7611222,0.0,0.0,0.0,3.792359,-0.6907834,-2.149544,0.3087002,-0.4008,2.069,0.001140752,0.03961385,-0.9992146,0.2620464,0.9642859,0.03852832,0.9650548,-0.2618845,-0.009280626,static,-88.07524,85.84431,8.486077,-10.96336,-78.31502159270906,92.39791042621977
3080,05/16/2023 12:01:30.297325,3263,True,True,True,True,Eyes,1.63304,0.2127351,-1.777481,0.905866,-0.4221162,-0.03499513,0.0,0.0,0.0,0.0,0.0,0.0,0.0,-1.799886,-0.6691776,-1.813949,1.911206,0.226174,-1.809402,0.1077277,0.7052966,-0.08292232,0.6957554,15.47833,91.07597,2.174839,0.6451744,0.09058487,-0.7586461,0.0,0.0,0.0,3.794995,-0.7006834,-2.168527,0.3087001,-0.4008,2.069,-0.008638525,0.03657263,-0.9992936,0.2673472,0.9630373,0.03293458,0.9635615,-0.2668739,-0.01809685,static,-87.78767,85.26079,8.486078,-10.96336,-78.05078904922946,91.85952097265782
3081,05/16/2023 12:01:30.308891,3264,True,True,True,True,Eyes,1.645348,0.2131457,-1.77882,0.9045342,-0.4245558,-0.03962768,0.0,0.0,0.0,0.0,0.0,0.0,0.0,-1.782799,-0.687794,-1.838443,1.921929,0.2268213,-1.812746,0.1071556,0.7086158,-0.08538149,0.6921643,15.62523,91.62068,2.003481,0.6480943,0.09031167,-0.7561859,0.0,0.0,0.0,3.799609,-0.7058098,-2.188525,0.3087002,-0.4008,2.069,-0.01885278,0.03366825,-0.9992554,0.2700603,0.9624554,0.02733317,0.9626589,-0.2693439,-0.02723741,static,-87.49147,84.66751,8.48608,-10.96336,-77.77860130835548,91.31202305798672
3082,05/16/2023 12:01:30.329189,3265,True,True,True,True,Eyes,1.657588,0.2135298,-1.780196,0.9032928,-0.4267236,-0.04437673,0.0,0.0,0.0,0.0,0.0,0.0,0.0,-1.765458,-0.7013274,-1.864462,1.932515,0.2272395,-1.816224,0.1058718,0.7120274,-0.0869069,0.6886621,15.63928,92.16529,1.84884,0.6509687,0.09004886,-0.7537443,0.0,0.0,0.0,3.806116,-0.7066914,-2.208764,0.3086999,-0.4008002,2.068999,-0.02907146,0.03106832,-0.9990944,0.2704662,0.9624767,0.02205966,0.9622904,-0.26958,-0.03638348,static,-87.18745,84.06292,8.486075,-10.96337,-77.49921316457174,90.75402912909682
3083,05/16/2023 12:01:30.349200,3266,True,True,True,True,Eyes,1.669754,0.2138975,-1.781678,0.9020666,-0.4287754,-0.0492707,0.0,0.0,0.0,0.0,0.0,0.0,0.0,-1.747797,-0.7106953,-1.891588,1.943042,0.2269786,-1.819631,0.1043731,0.7154873,-0.08776493,0.6851872,15.58214,92.71527,1.73026,0.6537976,0.0897944,-0.7513223,0.0,0.0,0.0,3.813578,-0.7057102,-2.229365,0.3087001,-0.4008002,2.069,-0.03924955,0.02908439,-0.9988062,0.269626,0.9628072,0.01744081,0.9621649,-0.2686196,-0.04563167,static,-86.87362,83.44488,8.486075,-10.96337,-77.21078985672108,90.18353939970756
3084,05/16/2023 12:01:30.364801,3267,True,True,True,True,Eyes,1.681854,0.2142528,-1.783256,0.9009506,-0.4305111,-0.0542996,0.0,0.0,0.0,0.0,0.0,0.0,0.0,-1.73082,-0.7175844,-1.918802,1.953348,0.2267924,-1.823585,0.1032433,0.7189321,-0.08814471,0.681695,15.51561,93.27491,1.681502,0.6565791,0.08954674,-0.7489223,0.0,0.0,0.0,3.82082,-0.7039664,-2.251294,0.3087004,-0.4007999,2.069,-0.04926575,0.02827416,-0.9983855,0.2686254,0.9631427,0.01402071,0.9619842,-0.267501,-0.05504509,static,-86.55099,82.81135,8.486082,-10.96336,-76.91427290200902,89.59872615456482
3085,05/16/2023 12:01:30.378959,3268,True,True,True,True,Eyes,1.69388,0.2145756,-1.784938,0.8998646,-0.4321032,-0.05941952,0.0,0.0,0.0,0.0,0.0,0.0,0.0,-1.713712,-0.7232154,-1.946098,1.96376,0.2268392,-1.827386,0.1017471,0.7223147,-0.08827338,0.6783193,15.40001,93.81712,1.618583,0.6593121,0.08930466,-0.7465464,0.0,0.0,0.0,3.828906,-0.7004455,-2.272437,0.3087,-0.4007999,2.069001,-0.05906124,0.0272317,-0.9978831,0.2667418,0.9637107,0.01051166,0.9619569,-0.2655563,-0.06418179,static,-86.22215,82.17023,8.486071,-10.96336,-76.61203339263915,89.00684314426604
3086,05/16/2023 12:01:30.389323,3269,True,True,True,True,Eyes,1.705832,0.2148423,-1.786701,0.8988446,-0.4334568,-0.0647582,0.0,0.0,0.0,0.0,0.0,0.0,0.0,-1.696115,-0.7298747,-1.972968,1.973979,0.2263435,-1.831473,0.0994348,0.7256477,-0.08877963,0.6750306,15.2534,94.33373,1.45227,0.6619952,0.0890663,-0.7441968,0.0,0.0,0.0,3.837239,-0.6969948,-2.292349,0.3087001,-0.4008,2.069,-0.06889292,0.02445132,-0.9973245,0.2641672,0.9644618,0.005397595,0.9620134,-0.2630886,-0.07290381,static,-85.87919,81.50289,8.486074,-10.96336,-76.29681176130374,88.39073563006316
3087,05/16/2023 12:01:30.418957,3270,True,True,True,True,Eyes,1.717709,0.2150661,-1.788606,0.8978809,-0.4346162,-0.0701346,0.0,0.0,0.0,0.0,0.0,0.0,0.0,-1.678394,-0.7367733,-1.999357,1.983975,0.2252258,-1.835861,0.0975649,0.7289613,-0.08945631,0.6716354,15.15769,94.86198,1.310687,0.6646281,0.08882906,-0.7418748,0.0,0.0,0.0,3.844317,-0.6957083,-2.31304,0.3087,-0.4008,2.069,-0.07877414,0.02207803,-0.9966481,0.2624061,0.9649573,0.0006356904,0.9617369,-0.2614765,-0.08180708,static,-85.53363,80.83313,8.486074,-10.96336,-75.97919171499143,87.77235721929937
3088,05/16/2023 12:01:30.429282,3271,True,True,True,True,Eyes,1.729509,0.2152644,-1.790638,0.8969204,-0.4356845,-0.07558267,0.0,0.0,0.0,0.0,0.0,0.0,0.0,-1.661828,-0.7433545,-2.02454,1.994042,0.2243365,-1.84024,0.09623633,0.7320496,-0.09003771,0.6683826,15.09792,95.36758,1.219037,0.6672094,0.08859101,-0.7395827,0.0,0.0,0.0,3.850985,-0.6951119,-2.333267,0.3087001,-0.4008001,2.069,-0.08800694,0.02054027,-0.9959082,0.2612588,0.9652635,-0.003178771,0.9612486,-0.2604695,-0.09031613,static,-85.18311,80.15826,8.486074,-10.96336,-75.65699785755284,87.14919798755383
3089,05/16/2023 12:01:30.438999,3272,True,True,True,True,Eyes,1.741238,0.2154318,-1.792799,0.8959678,-0.4366503,-0.08110471,0.0,0.0,0.0,0.0,0.0,0.0,0.0,-1.646513,-0.7486785,-2.04921,2.003964,0.2239757,-1.845195,0.09474936,0.7350057,-0.09033249,0.665304,15.00267,95.84828,1.132182,0.6697376,0.08835124,-0.7373229,0.0,0.0,0.0,3.85816,-0.692785,-2.353332,0.3087004,-0.4008002,2.069001,-0.09678647,0.0190855,-0.9951223,0.2594798,0.9657252,-0.006715509,0.9608866,-0.258864,-0.09842154,static,-84.82758,79.47763,8.48608,-10.96336,-75.33018605521954,86.5206655184879
3090,05/16/2023 12:01:30.458748,3273,True,True,True,True,Eyes,1.752889,0.2155297,-1.795117,0.8950005,-0.4375489,-0.08674809,0.0,0.0,0.0,0.0,0.0,0.0,0.0,-1.629047,-0.7548288,-2.075119,2.013924,0.2233696,-1.850376,0.09264334,0.7381997,-0.090859,0.6619844,14.88033,96.35896,0.9772877,0.6722121,0.08810866,-0.7350968,0.0,0.0,0.0,3.865359,-0.6901656,-2.37415,0.3087004,-0.4008,2.069,-0.106388,0.01648406,-0.9941882,0.257073,0.9663237,-0.0114873,0.9605182,-0.256801,-0.1070429,static,-84.46389,78.78601,8.486084,-10.96336,-74.99585811269829,85.88191882492416
3091,05/16/2023 12:01:30.478713,3274,True,True,True,True,Eyes,1.764464,0.2155703,-1.797568,0.8939496,-0.4385143,-0.09251662,0.0,0.0,0.0,0.0,0.0,0.0,0.0,-1.608227,-0.7648363,-2.101877,2.023645,0.2217793,-1.856053,0.09091784,0.7417854,-0.0922358,0.6580129,14.86181,96.95406,0.8001936,0.6746315,0.08786075,-0.7329068,0.0,0.0,0.0,3.869733,-0.6920829,-2.397818,0.3087003,-0.4008,2.069,-0.1175061,0.01349837,-0.9929805,0.2562678,0.966453,-0.01718814,0.959437,-0.2564885,-0.1170234,static,-84.09138,78.08659,8.486083,-10.96336,-74.6533926588714,85.23584081690906
3092,05/16/2023 12:01:30.496948,3275,True,True,True,True,Eyes,1.775962,0.2155623,-1.800144,0.8927835,-0.4395974,-0.09844706,0.0,0.0,0.0,0.0,0.0,0.0,0.0,-1.585228,-0.7810078,-2.127391,2.033364,0.220441,-1.861599,0.089889,0.7454453,-0.09465791,0.6536599,14.98928,97.58691,0.6089583,0.6769953,0.08760583,-0.7307545,0.0,0.0,0.0,3.871242,-0.6986528,-2.422103,0.3087003,-0.4008002,2.068999,-0.1292974,0.01026651,-0.9915527,0.2577628,0.9659197,-0.02361089,0.9575179,-0.2586382,-0.1275373,static,-83.70744,77.37698,8.486084,-10.96337,-74.30038192449253,84.5801876073
3093,05/16/2023 12:01:30.509277,3276,True,True,True,True,Eyes,1.787388,0.2155148,-1.802855,0.891559,-0.4406928,-0.1044626,0.0,0.0,0.0,0.0,0.0,0.0,0.0,-1.562841,-0.7963692,-2.152227,2.042884,0.2192674,-1.867432,0.08881641,0.7489843,-0.09692479,0.6494151,15.10256,98.20173,0.4246423,0.6793032,0.08734277,-0.7286411,0.0,0.0,0.0,3.872764,-0.704543,-2.44606,0.3087001,-0.4008001,2.069,-0.1407436,0.007155348,-0.9900203,0.258933,0.9654345,-0.02983283,0.9555863,-0.2605477,-0.1377315,static,-83.31721,76.66465,8.486078,-10.96337,-73.94155853631484,83.92189090248365
3094,05/16/2023 12:01:30.529195,3277,True,True,True,True,Eyes,1.798732,0.2154206,-1.805734,0.8902448,-0.4417519,-0.110993,0.0,0.0,0.0,0.0,0.0,0.0,0.0,-1.542037,-0.8086226,-2.176721,2.05255,0.2182659,-1.873302,0.08769702,0.7523016,-0.09860581,0.6454676,15.16347,98.77823,0.276365,0.6815551,0.08707089,-0.7265679,0.0,0.0,0.0,3.875493,-0.708334,-2.469111,0.3087,-0.4008001,2.069,-0.1513617,0.004655494,-0.9884675,0.2592429,0.9651722,-0.03515145,0.9538778,-0.2615738,-0.147297,static,-82.89321,75.89603,8.486073,-10.96337,-73.55166538336216,83.21149470754142
3095,05/16/2023 12:01:30.548933,3278,True,True,True,True,Eyes,1.810005,0.2152672,-1.808752,0.8888863,-0.4427836,-0.117574,0.0,0.0,0.0,0.0,0.0,0.0,0.0,-1.523518,-0.8152645,-2.201207,2.061941,0.2170377,-1.87946,0.08637279,0.7554125,-0.09934721,0.6418893,15.12821,99.31281,0.1753479,0.68375,0.08678928,-0.7245364,0.0,0.0,0.0,3.879781,-0.7089256,-2.491625,0.3086998,-0.4008,2.069,-0.1610356,0.002954341,-0.9869442,0.258034,0.9653397,-0.03921268,0.9526207,-0.2609798,-0.1562164,static,-82.46516,75.1292,8.48607,-10.96336,-73.15801790794639,82.50261667559249
3096,05/16/2023 12:01:30.559018,3279,True,True,True,True,Eyes,1.821205,0.2150724,-1.811925,0.8874485,-0.4437597,-0.1245489,0.0,0.0,0.0,0.0,0.0,0.0,0.0,-1.505374,-0.8220174,-2.225225,2.071491,0.2154599,-1.885733,0.08559949,0.758436,-0.1001168,0.6382979,15.13773,99.84828,0.1207789,0.6858879,0.08649673,-0.722548,0.0,0.0,0.0,3.883368,-0.7111028,-2.514445,0.3087,-0.4008,2.069,-0.1704971,0.002034841,-0.9853562,0.2576521,0.9652987,-0.04258836,0.9510764,-0.2611403,-0.1651049,static,-82.011,74.3223,8.486074,-10.96336,-72.74033679676378,81.75659564717412
3097,05/16/2023 12:01:30.578689,3280,True,True,True,True,Eyes,1.832333,0.2148361,-1.815241,0.8859671,-0.444694,-0.1315664,0.0,0.0,0.0,0.0,0.0,0.0,0.0,-1.487442,-0.8276668,-2.249398,2.080896,0.2142449,-1.892427,0.08477855,0.761468,-0.1006293,0.6347068,15.12175,100.3863,0.08143532,0.6879686,0.08619279,-0.7206036,0.0,0.0,0.0,3.887038,-0.7119951,-2.537892,0.3086998,-0.4008002,2.068999,-0.1799198,0.001372116,-0.9836803,0.2568525,0.9653727,-0.04563297,0.9495555,-0.2608711,-0.1740421,static,-81.55329,73.51871,8.486071,-10.96337,-72.31935911972887,81.01348848528274
3098,05/16/2023 12:01:30.599056,3281,True,True,True,True,Eyes,1.843392,0.2145728,-1.818684,0.8844516,-0.4454973,-0.1388438,0.0,0.0,0.0,0.0,0.0,0.0,0.0,-1.468552,-0.8333558,-2.273755,2.090234,0.212923,-1.899124,0.08383752,0.7645558,-0.1011856,0.6310207,15.10155,100.9353,0.02946707,0.6899921,0.08587716,-0.718704,0.0,0.0,0.0,3.890428,-0.7129198,-2.561555,0.3087,-0.4008,2.069,-0.1895683,0.0004965321,-0.9818674,0.2558973,0.9654655,-0.04891763,0.9479349,-0.2605305,-0.1831486,static,-81.07835,72.68982,8.486073,-10.96336,-71.8825178704908,80.24690928927082
3099,05/16/2023 12:01:30.618862,3282,True,True,True,True,Eyes,1.854388,0.2143184,-1.822279,0.882888,-0.4462287,-0.1462487,0.0,0.0,0.0,0.0,0.0,0.0,0.0,-1.449413,-0.8371451,-2.298689,2.099457,0.2119617,-1.906026,0.0831251,0.7677258,-0.1012992,0.6272367,15.05928,101.5063,0.03307027,0.6919591,0.08555011,-0.7168495,0.0,0.0,0.0,3.893627,-0.7124659,-2.586527,0.3087004,-0.4008001,2.069,-0.1993289,0.0005573647,-0.9799327,0.2547118,0.9656574,-0.05126188,0.9462506,-0.2598183,-0.1926254,static,-80.59447,71.85375,8.486084,-10.96336,-71.43742600150131,79.47355931744205
3100,05/16/2023 12:01:30.628942,3283,True,True,True,True,Eyes,1.865317,0.2141069,-1.826025,0.8812937,-0.4468732,-0.1537066,0.0,0.0,0.0,0.0,0.0,0.0,0.0,-1.43037,-0.8380228,-2.324616,2.108946,0.2119831,-1.912979,0.0824891,0.7709409,-0.1006855,0.6234646,14.95755,102.0874,0.0973034,0.6938695,0.08521327,-0.7150407,0.0,0.0,0.0,3.897718,-0.7087454,-2.612443,0.3086999,-0.4008001,2.069,-0.2089752,0.001640724,-0.9779198,0.2527362,0.966116,-0.05238715,0.9446979,-0.2581033,-0.2023088,static,-80.10655,71.01883,8.486071,-10.96336,-70.9885911754718,78.70114580832278
3101,05/16/2023 12:01:30.638890,3284,True,True,True,True,Eyes,1.876181,0.2139517,-1.829909,0.8797485,-0.4472671,-0.1612285,0.0,0.0,0.0,0.0,0.0,0.0,0.0,-1.412167,-0.8397516,-2.34949,2.118238,0.2127955,-1.92023,0.08197308,0.774026,-0.1001006,0.6197937,14.86685,102.6505,0.1668838,0.6957237,0.08486933,-0.7132778,0.0,0.0,0.0,3.901458,-0.7045678,-2.638051,0.3086996,-0.4008,2.069,-0.2182727,0.002815175,-0.9758839,0.250982,0.9665205,-0.05334812,0.9430617,-0.2565737,-0.2116716,static,-79.61485,70.17705,8.486064,-10.96336,-70.5362804405227,77.92239206628659
3102,05/16/2023 12:01:30.658934,3285,True,True,True,True,Eyes,1.886974,0.2137585,-1.833939,0.8781595,-0.4475864,-0.1688262,0.0,0.0,0.0,0.0,0.0,0.0,0.0,-1.394804,-0.8297399,-2.377508,2.127466,0.2139517,-1.927329,0.08032991,0.7772014,-0.09750353,0.6164401,14.51284,103.1954,0.2754961,0.6975217,0.08452129,-0.711561,0.0,0.0,0.0,3.909232,-0.6911029,-2.664137,0.3087001,-0.4008001,2.069,-0.2270978,0.004654854,-0.973861,0.2450752,0.9680804,-0.05252258,0.9425312,-0.2505969,-0.2209897,static,-79.11766,69.33391,8.486076,-10.96336,-70.07889299670728,77.1422531537005
3103,05/16/2023 12:01:30.678897,3286,True,True,True,True,Eyes,1.89769,0.2136187,-1.838113,0.87648,-0.4479272,-0.1764766,0.0,0.0,0.0,0.0,0.0,0.0,0.0,-1.376465,-0.8251364,-2.403677,2.136478,0.2128119,-1.934771,0.07922164,0.780291,-0.09625144,0.6128666,14.31856,103.7474,0.3342959,0.699264,0.08416826,-0.7098908,0.0,0.0,0.0,3.914012,-0.6854761,-2.689853,0.3087006,-0.4008003,2.068999,-0.2362368,0.005653277,-0.9716791,0.2416105,0.9689192,-0.05310365,0.9411783,-0.2473129,-0.2302602,static,-78.61588,68.4963,8.486094,-10.96337,-69.61723911029823,76.36701869078634
3104,05/16/2023 12:01:30.697063,3287,True,True,True,True,Eyes,1.908333,0.2135824,-1.842448,0.8747522,-0.4482264,-0.1841246,0.0,0.0,0.0,0.0,0.0,0.0,0.0,-1.356911,-0.8326291,-2.42618,2.145353,0.2139599,-1.942295,0.07972604,0.7833108,-0.0965442,0.60889,14.37913,104.3368,0.4336196,0.7009509,0.08381288,-0.7082674,0.0,0.0,0.0,3.914063,-0.6858196,-2.716088,0.3087001,-0.4008,2.069,-0.2457933,0.007330931,-0.9692945,0.2424701,0.9686459,-0.05415946,0.9385062,-0.248337,-0.2398643,static,-78.11346,67.66789,8.486076,-10.96336,-69.15496254868303,75.60013274785867
3105,05/16/2023 12:01:30.709321,3288,True,True,True,True,Eyes,1.918897,0.2135657,-1.846908,0.8730332,-0.4483462,-0.1918299,0.0,0.0,0.0,0.0,0.0,0.0,0.0,-1.336228,-0.8313323,-2.452179,2.154307,0.2163795,-1.949858,0.07854583,0.7865807,-0.09528618,0.6050138,14.17848,104.928,0.4885142,0.7025818,0.08345943,-0.7066915,0.0,0.0,0.0,3.917945,-0.6764327,-2.743055,0.3086998,-0.4008002,2.069,-0.2555774,0.008266341,-0.9667532,0.2388642,0.9695022,-0.05485791,0.9368159,-0.2449432,-0.2497573,static,-77.60744,66.8358,8.486071,-10.96337,-68.6893661902571,74.82980310743497
3106,05/16/2023 12:01:30.729143,3289,True,True,True,True,Eyes,1.929358,0.2135244,-1.851533,0.8711621,-0.4486282,-0.199523,0.0,0.0,0.0,0.0,0.0,0.0,0.0,-1.314037,-0.8260519,-2.479296,2.162938,0.2168114,-1.957205,0.07646018,0.789939,-0.09384775,0.6011181,13.89782,105.5174,0.470459,0.7041582,0.08310842,-0.7051621,0.0,0.0,0.0,3.922526,-0.6667373,-2.769541,0.3087005,-0.4008,2.069,-0.2656219,0.007970581,-0.9640445,0.2336249,0.9706929,-0.0563448,0.935342,-0.2401912,-0.2596995,static,-77.09998,66.02336,8.486085,-10.96336,-68.22237227443917,74.07730284122873
3107,05/16/2023 12:01:30.739043,3290,True,True,True,True,Eyes,1.939726,0.2134937,-1.856278,0.8691825,-0.4489286,-0.2073278,0.0,0.0,0.0,0.0,0.0,0.0,0.0,-1.288926,-0.8300469,-2.50417,2.171185,0.2162171,-1.964786,0.0754862,0.7934045,-0.09407497,0.5966246,13.84835,106.1691,0.4441975,0.7056788,0.08275902,-0.7036815,0.0,0.0,0.0,3.92217,-0.6658184,-2.797107,0.3086998,-0.4008001,2.068999,-0.2766814,0.00752727,-0.960932,0.2320371,0.9709035,-0.05920516,0.9325266,-0.2393529,-0.2703775,static,-76.58382,65.21118,8.486073,-10.96337,-67.74732533803407,73.3248037001543
3108,05/16/2023 12:01:30.758823,3291,True,True,True,True,Eyes,1.949992,0.2134843,-1.861152,0.8671343,-0.449212,-0.2151434,0.0,0.0,0.0,0.0,0.0,0.0,0.0,-1.261053,-0.8374732,-2.528726,2.179277,0.2164493,-1.972301,0.07527701,0.7970934,-0.09462126,0.5916268,13.88157,106.89,0.4747978,0.707145,0.08241155,-0.7022489,0.0,0.0,0.0,3.919139,-0.6665337,-2.826654,0.3087,-0.4008,2.069,-0.288622,0.008044647,-0.9574092,0.2319665,0.9707603,-0.06177217,0.928918,-0.2399157,-0.282049,static,-76.0658,64.40861,8.486073,-10.96337,-67.27052522071938,72.58099290791465
3109,05/16/2023 12:01:30.778770,3292,True,True,True,True,Eyes,1.960162,0.213462,-1.866134,0.8650128,-0.4494188,-0.2231045,0.0,0.0,0.0,0.0,0.0,0.0,0.0,-1.23113,-0.8379866,-2.555884,2.187185,0.2169592,-1.979795,0.0742614,0.8010709,-0.09402978,0.5864549,13.75383,107.6469,0.5125385,0.708557,0.08206683,-0.7008647,0.0,0.0,0.0,3.917446,-0.6615572,-2.857921,0.3087002,-0.4008,2.069,-0.3011122,0.008688852,-0.9535493,0.2292657,0.9712873,-0.06354712,0.9256181,-0.2377509,-0.2944586,static,-75.53745,63.59887,8.486078,-10.96336,-66.78418795561574,71.83038283916584
3110,05/16/2023 12:01:30.789085,3293,True,True,True,True,Eyes,1.970235,0.2134417,-1.871215,0.8627545,-0.4496881,-0.2311607,0.0,0.0,0.0,0.0,0.0,0.0,0.0,-1.199302,-0.8382968,-2.583205,2.195016,0.2166071,-1.987209,0.07299042,0.8051287,-0.09361571,0.5810993,13.62551,108.422,0.5148787,0.7099155,0.08172434,-0.6995287,0.0,0.0,0.0,3.915101,-0.6576053,-2.889296,0.3086997,-0.4008,2.069,-0.3139921,0.008733312,-0.9493855,0.2263334,0.971817,-0.06591601,0.9220533,-0.2355747,-0.3071194,static,-75.00085,62.79472,8.486065,-10.96336,-66.29019658826681,71.08463279136716
3111,05/16/2023 12:01:30.809252,3294,True,True,True,True,Eyes,1.980214,0.2134682,-1.876399,0.8604296,-0.4498383,-0.2393878,0.0,0.0,0.0,0.0,0.0,0.0,0.0,-1.166311,-0.8422995,-2.60921,2.202688,0.2166374,-1.994734,0.07240953,0.8091967,-0.09366754,0.5754858,13.58763,109.2264,0.5528251,0.7112216,0.08138424,-0.6982405,0.0,0.0,0.0,3.910442,-0.6561064,-2.921334,0.3086999,-0.4008,2.068999,-0.3271456,0.009378433,-0.9449272,0.2249958,0.9719665,-0.06824959,0.9177975,-0.2349322,-0.3200848,static,-74.45242,61.97969,8.486074,-10.96337,-65.78529200086942,70.32866928635298
3112,05/16/2023 12:01:30.829216,3295,True,True,True,True,Eyes,1.990111,0.2135168,-1.881659,0.8580195,-0.4499434,-0.2476962,0.0,0.0,0.0,0.0,0.0,0.0,0.0,-1.131775,-0.8401653,-2.637331,2.210396,0.2177608,-2.002258,0.07095963,0.8134566,-0.09262901,0.5698009,13.38923,110.0483,0.5822017,0.7124764,0.08104814,-0.6969992,0.0,0.0,0.0,3.907477,-0.6481817,-2.954495,0.3086999,-0.4008001,2.068999,-0.3405834,0.009884962,-0.9401622,0.2210053,0.9727692,-0.06983364,0.9138705,-0.231565,-0.3334937,static,-73.89745,61.16699,8.486073,-10.96337,-65.2743267259536,69.57464763752651
3113,05/16/2023 12:01:30.838702,3296,True,True,True,True,Eyes,1.999917,0.213567,-1.887014,0.8555461,-0.4499268,-0.2561381,0.0,0.0,0.0,0.0,0.0,0.0,0.0,-1.096448,-0.8316899,-2.666986,2.218052,0.2182724,-2.009805,0.06844708,0.8177685,-0.09084497,0.5641961,13.05083,110.8582,0.5551621,0.7136816,0.08071665,-0.6958035,0.0,0.0,0.0,3.906286,-0.636455,-2.98756,0.3087005,-0.4008001,2.069,-0.3539959,0.009438993,-0.9351995,0.2144564,0.9741244,-0.07134515,0.9103272,-0.2258154,-0.3468604,static,-73.33306,60.34764,8.486089,-10.96337,-64.75466482660096,68.81432417531009
3114,05/16/2023 12:01:30.859056,3297,True,True,True,True,Eyes,2.009628,0.213618,-1.892443,0.8529539,-0.4499575,-0.2645898,0.0,0.0,0.0,0.0,0.0,0.0,0.0,-1.060347,-0.8285056,-2.694396,2.225636,0.2183243,-2.017277,0.06622776,0.8219298,-0.09006391,0.5585103,12.8283,111.6615,0.4857307,0.7148381,0.08038973,-0.6946535,0.0,0.0,0.0,3.903167,-0.6292865,-3.019345,0.3087004,-0.4008001,2.069,-0.3673602,0.00826589,-0.930042,0.2094724,0.9750047,-0.07407466,0.9061832,-0.2220302,-0.3599094,static,-72.76589,59.54307,8.486085,-10.96337,-64.23238120784892,68.0673654119962
3115,05/16/2023 12:01:30.878704,3298,True,True,True,True,Eyes,2.019237,0.2136712,-1.897956,0.8502011,-0.4500901,-0.2730877,0.0,0.0,0.0,0.0,0.0,0.0,0.0,-1.024622,-0.8325832,-2.718412,2.232924,0.2183774,-2.024642,0.0647122,0.8258294,-0.0904559,0.5528433,12.76506,112.4452,0.4033997,0.715947,0.08006719,-0.6935479,0.0,0.0,0.0,3.897583,-0.6275404,-3.04935,0.3086999,-0.4008002,2.068999,-0.3803528,0.006866561,-0.9248158,0.2068983,0.9752601,-0.07785087,0.9014015,-0.2209537,-0.3723636,static,-72.19279,58.75313,8.486073,-10.96337,-63.704560925780406,67.33354975318919
3116,05/16/2023 12:01:30.896911,3299,True,True,True,True,Eyes,2.028737,0.2137664,-1.903553,0.8472476,-0.4505617,-0.2813641,0.0,0.0,0.0,0.0,0.0,0.0,0.0,-0.9890211,-0.8465599,-2.738628,2.240064,0.2184909,-2.032065,0.0637873,0.8294447,-0.09247041,0.5471764,12.89729,113.2058,0.2716079,0.717009,0.07974898,-0.6924866,0.0,0.0,0.0,3.88939,-0.6325758,-3.077103,0.3087,-0.4008001,2.069,-0.3930585,0.004620841,-0.9195018,0.2070113,0.9747608,-0.08359236,0.8959081,-0.223204,-0.3840945,static,-71.62909,58.01629,8.486073,-10.96337,-63.18526561302364,66.64827371226747
3117,05/16/2023 12:01:30.908916,3300,True,True,True,True,Eyes,2.038123,0.2138975,-1.90922,0.8440935,-0.4512177,-0.2896698,0.0,0.0,0.0,0.0,0.0,0.0,0.0,-0.9529699,-0.8717043,-2.754742,2.246999,0.2196509,-2.039454,0.06363868,0.8328284,-0.096095,0.5413988,13.23639,113.9597,0.1147038,0.7180252,0.07943641,-0.6914689,0.0,0.0,0.0,3.878065,-0.6436362,-3.102965,0.3086997,-0.4008,2.069,-0.4056748,0.001948759,-0.9140154,0.2100517,0.9734318,-0.09115349,0.889554,-0.2289691,-0.3953061,static,-71.05918,57.30061,8.486065,-10.96336,-62.66015295762984,65.98207112321255
3118,05/16/2023 12:01:30.929270,3301,True,True,True,True,Eyes,2.269816,0.2173636,-2.052275,0.7393978,-0.4621164,-0.4896318,0.0,0.0,0.0,0.0,0.0,0.0,0.0,-0.9141555,-0.8946298,-2.771347,2.253631,0.220665,-2.046671,0.06292683,0.8363868,-0.09950279,0.5353471,13.52214,114.7468,359.9249,0.7189968,0.07913037,-0.6904938,0.0,0.0,0.0,3.86634,-0.6531935,-3.129369,0.3087002,-0.4008001,2.068999,-0.4188873,-0.00127474,-0.9080373,0.2117994,0.9722788,-0.09907024,0.8829917,-0.233821,-0.4070053,static,-56.48733,43.34402,8.486081,-10.96337,-49.21939540743487,52.89682435000112
3119,05/16/2023 12:01:30.938850,3302,True,True,True,True,Eyes,2.270059,0.2174057,-2.052567,0.7390392,-0.4621679,-0.4901242,0.0,0.0,0.0,0.0,0.0,0.0,0.0,-0.8715744,-0.915659,-2.788617,2.259931,0.2210211,-2.053854,0.06251629,0.8402607,-0.1026092,0.5287011,13.80049,115.6184,359.7971,0.7219722,0.07792975,-0.6875191,0.6950784,0.0103983,-0.4291674,3.852377,-0.6628109,-3.158233,0.3087004,-0.4008001,2.069,-0.4331335,-0.003439198,-0.9013232,0.2135592,0.9711261,-0.106332,0.8756642,-0.2385418,-0.4198928,static,-56.44802,43.31846,8.486086,-10.96337,-49.18309685712282,52.87251871386755
3120,05/16/2023 12:01:30.959161,3303,True,True,True,True,Eyes,2.270546,0.2174936,-2.05312,0.7384763,-0.4621225,-0.4910148,0.0,0.0,0.0,0.0,0.0,0.0,0.0,-0.825287,-0.9259534,-2.809468,2.26598,0.2220852,-2.060973,0.06204537,0.8446605,-0.1037158,0.5214807,13.88183,116.5948,359.8019,0.7244461,0.0769331,-0.6850246,0.6533737,0.009774401,-0.4034173,3.838242,-0.6644371,-3.191798,0.3086998,-0.4008002,2.068999,-0.4484165,-0.003356971,-0.8938183,0.2129861,0.9707869,-0.1104982,0.8680781,-0.2399201,-0.4346018,static,-56.37996,43.26374,8.486073,-10.96337,-49.12028528597359,52.820919462268016
3121,05/16/2023 12:01:30.978991,3304,True,True,True,True,Eyes,2.27125,0.217595,-2.053944,0.7375875,-0.4620284,-0.4924373,0.0,0.0,0.0,0.0,0.0,0.0,0.0,-0.7771844,-0.927668,-2.832791,2.272075,0.2232611,-2.068119,0.06139977,0.8493185,-0.103344,0.5140118,13.80773,117.621,359.8853,0.7265044,0.07610661,-0.6829337,0.6141713,0.009187937,-0.3792123,3.824669,-0.6603528,-3.228023,0.3087002,-0.4008002,2.069,-0.4640439,-0.001944187,-0.8858101,0.210536,0.9711002,-0.1124236,0.8604289,-0.2386644,-0.4502238,static,-56.27164,43.17519,8.48608,-10.96337,-49.02032317126158,52.737468727594326
3122,05/16/2023 12:01:30.996962,3305,True,True,True,True,Eyes,2.272157,0.2176922,-2.055029,0.7364455,-0.4618219,-0.4943364,0.0,0.0,0.0,0.0,0.0,0.0,0.0,-0.7290099,-0.927485,-2.855503,2.27792,0.2236895,-2.07524,0.06121664,0.8539357,-0.1026574,0.5064662,13.72923,118.66,0.03333523,0.7282185,0.07542086,-0.6811819,0.577321,0.008636661,-0.3564596,3.809958,-0.6565282,-3.264683,0.3087004,-0.4008,2.069,-0.4794894,0.0005651955,-0.8775477,0.2085351,0.971428,-0.1133173,0.8524104,-0.2373339,-0.4659073,static,-56.12865,43.05239,8.486084,-10.96336,-48.88838564406743,52.62193577886745
3123,05/16/2023 12:01:31.009429,3306,True,True,True,True,Eyes,2.273247,0.2177857,-2.056376,0.7349507,-0.4616304,-0.4967342,0.0,0.0,0.0,0.0,0.0,0.0,0.0,-0.6786689,-0.9325695,-2.876055,2.283637,0.2237129,-2.082527,0.0612717,0.8585195,-0.102898,0.4986002,13.75555,119.7252,0.1531319,0.729646,0.07485104,-0.6797156,0.5426818,0.008118461,-0.335072,3.792664,-0.6567559,-3.30085,0.3087001,-0.4008,2.069,-0.4952874,0.002596,-0.8687255,0.2078158,0.9713156,-0.1155797,0.8435065,-0.23778,-0.4816199,static,-55.94625,42.90226,8.486076,-10.96336,-48.72006284860178,52.48048497656444
3124,05/16/2023 12:01:31.029020,3307,True,True,True,True,Eyes,2.274522,0.2178694,-2.057958,0.7332551,-0.4613156,-0.4995247,0.0,0.0,0.0,0.0,0.0,0.0,0.0,-0.6249892,-0.9365475,-2.896577,2.289103,0.2237232,-2.089939,0.06080646,0.8632702,-0.1031123,0.4903417,13.74844,120.8339,0.2279392,0.7308354,0.07437589,-0.6784889,0.5101209,0.007631353,-0.3149677,3.774183,-0.6561146,-3.337785,0.3087004,-0.4008002,2.068999,-0.511735,0.003864289,-0.8591346,0.2061053,0.9713409,-0.1183956,0.834055,-0.2376594,-0.4978656,static,-55.73564,42.72276,8.486089,-10.96337,-48.52572751411411,52.3115642045026
3125,05/16/2023 12:01:31.039015,3308,True,True,True,True,Eyes,2.275972,0.2179438,-2.059779,0.7312416,-0.4610131,-0.5027452,0.0,0.0,0.0,0.0,0.0,0.0,0.0,-0.5694994,-0.9394048,-2.916648,2.294616,0.2235684,-2.097236,0.06003549,0.8680309,-0.1032732,0.4819262,13.71863,121.9556,0.2763245,0.7318251,0.07397845,-0.6774647,0.4795136,0.007173472,-0.2960696,3.755245,-0.6550184,-3.374476,0.3087001,-0.4008,2.068999,-0.5282859,0.004685174,-0.8490536,0.2037654,0.9714608,-0.1214233,0.8242534,-0.237154,-0.5141637,static,-55.4906,42.52057,8.486078,-10.96337,-48.299600782779024,52.121079556001774
3126,05/16/2023 12:01:31.058654,3309,True,True,True,True,Eyes,2.277584,0.2179968,-2.06183,0.7289987,-0.4604977,-0.5064611,0.0,0.0,0.0,0.0,0.0,0.0,0.0,-0.5152924,-0.942228,-2.93548,2.300257,0.2234169,-2.10458,0.05893087,0.8725342,-0.1035697,0.4737982,13.68471,123.0281,0.2769287,0.7326489,0.07364357,-0.6766102,0.4507428,0.006743064,-0.2783054,3.737159,-0.6540329,-3.409223,0.3087006,-0.4008,2.069,-0.5440851,0.0046961,-0.8390172,0.2009807,0.9716009,-0.1248935,0.8146033,-0.2365789,-0.5295775,static,-55.21093,42.27855,8.486088,-10.96336,-48.04155405751299,51.89343971786343
3127,05/16/2023 12:01:31.078924,3310,True,True,True,True,Eyes,2.279349,0.2180191,-2.064106,0.7264604,-0.4600533,-0.510496,0.0,0.0,0.0,0.0,0.0,0.0,0.0,-0.4637356,-0.9452012,-2.952593,2.305764,0.2229483,-2.111872,0.0579312,0.8767093,-0.1039587,0.4660659,13.66724,124.0421,0.2756332,0.7333364,0.07335748,-0.675896,0.4236982,0.00633848,-0.2616071,3.719579,-0.6539239,-3.44188,0.3087001,-0.4008001,2.069,-0.5588531,0.004674484,-0.8292535,0.1984808,0.9716731,-0.1282835,0.8051637,-0.2362825,-0.5439505,static,-54.90364,42.02482,8.486076,-10.96337,-47.7579826349302,51.65440462234709
3128,05/16/2023 12:01:31.088937,3311,True,True,True,True,Eyes,2.28128,0.2180147,-2.06657,0.7237138,-0.4595267,-0.5148529,0.0,0.0,0.0,0.0,0.0,0.0,0.0,-0.413754,-0.9510342,-2.967684,2.311192,0.2222375,-2.119388,0.05708565,0.880614,-0.1048682,0.4585445,13.71246,125.0181,0.2575744,0.7339436,0.07309427,-0.6752654,0.3982764,0.005958171,-0.2459107,3.701632,-0.6562418,-3.472772,0.3086998,-0.4008,2.069,-0.5729564,0.004367374,-0.8195742,0.1967143,0.9714878,-0.1323442,0.7956283,-0.2370494,-0.5574794,static,-54.5718,41.75018,8.48607,-10.96336,-47.45175824276546,51.39569147132536
3129,05/16/2023 12:01:31.109040,3312,True,True,True,True,Eyes,2.283346,0.2179903,-2.069253,0.7206531,-0.4591555,-0.5194567,0.0,0.0,0.0,0.0,0.0,0.0,0.0,-0.3637357,-0.9606674,-2.98066,2.316515,0.2215587,-2.127015,0.05634413,0.8843516,-0.1064289,0.4510217,13.83142,125.9827,0.2155262,0.7344781,0.07285021,-0.6747104,0.3743798,0.005600681,-0.2311561,3.682622,-0.6611165,-3.502271,0.3086994,-0.4008002,2.068999,-0.5868093,0.003652551,-0.8097167,0.1956595,0.9709964,-0.1374162,0.7857302,-0.2390659,-0.5705044,static,-54.21542,41.47394,8.486061,-10.96337,-47.122826471826656,51.134859683804976
3130,05/16/2023 12:01:31.129013,3313,True,True,True,True,Eyes,2.28553,0.2179501,-2.072146,0.7173964,-0.4587291,-0.5243187,0.0,0.0,0.0,0.0,0.0,0.0,0.0,-0.3129724,-0.9732783,-2.9919,2.321789,0.2210677,-2.134739,0.05562407,0.887988,-0.1084952,0.4434099,14.0054,126.9489,0.1518416,0.7349462,0.07262205,-0.6742251,0.351917,0.00526464,-0.2172867,3.662565,-0.6677481,-3.530813,0.3087001,-0.4008,2.069001,-0.6005875,0.002571343,-0.7995552,0.1950026,0.9702696,-0.1433563,0.7754155,-0.2420133,-0.5832332,static,-53.8383,41.18285,8.486073,-10.96336,-46.774748043884614,50.85996342164688
3131,05/16/2023 12:01:31.139085,3314,True,True,True,True,Eyes,2.28783,0.2178915,-2.075244,0.7138206,-0.4584715,-0.5293997,0.0,0.0,0.0,0.0,0.0,0.0,0.0,-0.2612243,-0.9873701,-3.001634,2.326875,0.2206575,-2.142407,0.05495756,0.8915689,-0.1108183,0.4356651,14.21082,127.9257,0.08496531,0.7353524,0.07240751,-0.6738051,0.330802,0.004948761,-0.2042495,3.641349,-0.6753533,-3.558747,0.3087002,-0.4008,2.069,-0.6143513,0.001437545,-0.7890313,0.1945563,0.969398,-0.1497182,0.7646702,-0.2454905,-0.5958306,static,-53.4378,40.89326,8.486078,-10.96336,-46.40502563833484,50.58579881717991
3132,05/16/2023 12:01:31.158889,3315,True,True,True,True,Eyes,2.290231,0.2178198,-2.078557,0.7100921,-0.458118,-0.5346935,0.0,0.0,0.0,0.0,0.0,0.0,0.0,-0.2089952,-1.0008,-3.010761,2.331912,0.220148,-2.150276,0.05426638,0.8951077,-0.1130712,0.427846,14.40989,128.909,0.02333125,0.7357028,0.07220349,-0.6734444,0.3109539,0.004651836,-0.1919945,3.619661,-0.6828065,-3.586615,0.3087,-0.4008,2.069,-0.628006,0.0003943913,-0.7782085,0.1939027,0.9685401,-0.1559865,0.7536646,-0.2488571,-0.6083255,static,-53.02055,40.58951,8.486073,-10.96336,-46.01984718959019,50.29830508895354
3133,05/16/2023 12:01:31.179151,3316,True,True,True,True,Eyes,2.292737,0.2177425,-2.082075,0.7061076,-0.4578114,-0.5402043,0.0,0.0,0.0,0.0,0.0,0.0,0.0,-0.1571337,-1.011776,-3.019829,2.337051,0.2197749,-2.158156,0.05361754,0.8985857,-0.1148708,0.4200874,14.56574,129.8868,359.991,0.7360005,0.07200835,-0.67314,0.2922966,0.004372726,-0.1804748,3.598322,-0.6885241,-3.614481,0.3087,-0.4008001,2.068999,-0.6413033,-0.0001515973,-0.7672872,0.1928714,0.9678597,-0.1613944,0.7426509,-0.2514906,-0.6206625,static,-52.58237,40.28055,8.486074,-10.96337,-45.61531444917694,50.005507681677194
3134,05/16/2023 12:01:31.197243,3317,True,True,True,True,Eyes,2.295351,0.217664,-2.085802,0.7019909,-0.4572737,-0.5459942,0.0,0.0,0.0,0.0,0.0,0.0,0.0,-0.1073221,-1.01524,-3.030651,2.342097,0.2195982,-2.166432,0.05268776,0.9020253,-0.1154385,0.4126118,14.58027,130.837,359.9875,0.7362481,0.07182086,-0.6728883,0.2747588,0.004110362,-0.1696464,3.578883,-0.6892016,-3.643301,0.3087,-0.4008,2.069001,-0.6539513,-0.0002112049,-0.756537,0.190314,0.9677959,-0.1647777,0.7322082,-0.2517361,-0.6328511,static,-52.12495,39.9464,8.48607,-10.96336,-45.193057446493285,49.68928390397659
3437,05/16/2023 12:01:36.239245,3620,True,True,True,True,Eyes,0.1656075,0.2538706,-3.214272,-0.9508521,-0.1161714,0.2870271,0.0,0.0,0.0,0.0,0.0,0.0,0.0,2.215036,0.09574771,2.304208,0.1397195,0.2571239,-3.184226,0.07217298,-0.3938833,0.03518058,0.9156471,9.200163,313.4836,0.4394163,0.07071368,0.07497552,-0.9946746,-0.3181666,0.03117405,0.1578372,-1.760138,0.1398314,-2.281234,-0.6506113,0.2089601,1.9929,0.6872366,0.007570524,0.7263941,-0.1212814,0.9871068,0.1044559,-0.7162377,-0.159884,0.6792941,static,-73.20287,-22.03516,-18.08002,5.98572,-64.90578317511212,-6.102289794513419
3438,05/16/2023 12:01:36.259126,3621,True,True,True,True,Eyes,0.1640958,0.2539265,-3.2122,-0.9491169,-0.1156861,0.2929059,0.0,0.0,0.0,0.0,0.0,0.0,0.0,2.166596,0.09525618,2.340523,0.1357469,0.2570165,-3.177543,0.07149102,-0.3847129,0.03473398,0.9196078,9.103166,314.6375,0.5150657,0.06877304,0.07534263,-0.9947829,-0.2990766,0.02930361,0.148367,-1.745771,0.1422594,-2.236622,-0.6506115,0.20896,1.9929,0.7015791,0.008876245,0.7125363,-0.1188903,0.9873652,0.1047622,-0.7026036,-0.1582126,0.6937701,static,-72.84931,-21.55204,-18.08003,5.985718,-64.57695782618782,-5.672537024276247
3439,05/16/2023 12:01:36.279058,3622,True,True,True,True,Eyes,0.162503,0.2539664,-3.209925,-0.947193,-0.1151723,0.2992673,0.0,0.0,0.0,0.0,0.0,0.0,0.0,2.118521,0.09492385,2.374829,0.1317736,0.2566872,-3.170757,0.07080755,-0.3756966,0.03422267,0.9233999,9.00276,315.7665,0.580005,0.06698267,0.0756798,-0.9948795,-0.281132,0.02754539,0.139465,-1.731061,0.1447044,-2.193046,-0.6506111,0.2089601,1.992901,0.7153618,0.00999811,0.6986827,-0.1164067,0.9876302,0.1050527,-0.6889898,-0.156482,0.7076768,static,-72.46598,-21.0491,-18.08002,5.985719,-64.22051392393905,-5.225566507944224
3440,05/16/2023 12:01:36.289294,3623,True,True,True,True,Eyes,0.1608005,0.2539773,-3.207481,-0.9450842,-0.1145082,0.3061107,0.0,0.0,0.0,0.0,0.0,0.0,0.0,2.070558,0.09375349,2.407314,0.1280735,0.2563202,-3.163709,0.07001289,-0.3668417,0.03372692,0.9270318,8.890886,316.8713,0.6474754,0.06532574,0.07598999,-0.994966,-0.2642641,0.02589267,0.1310971,-1.715804,0.1474834,-2.150357,-0.6506115,0.2089601,1.9929,0.7285793,0.01116457,0.6848705,-0.1138992,0.9879214,0.1050635,-0.6754252,-0.1545532,0.7210507,static,-72.05298,-20.50953,-18.08003,5.98572,-63.83648859984847,-4.7460897155870345
3441,05/16/2023 12:01:36.309199,3624,True,True,True,True,Eyes,0.159036,0.253959,-3.20483,-0.9427921,-0.1138705,0.3133312,0.0,0.0,0.0,0.0,0.0,0.0,0.0,2.0238,0.09293476,2.437112,0.1244732,0.255555,-3.15644,0.06927802,-0.3583123,0.03330879,0.930432,8.788464,317.9312,0.7152622,0.06378533,0.07627556,-0.9950441,-0.2484083,0.02433911,0.1232313,-1.700569,0.1495301,-2.109257,-0.6506113,0.20896,1.9929,0.7410057,0.01233679,0.6713854,-0.1116294,0.9881822,0.1050471,-0.6621552,-0.1527869,0.7336258,static,-71.61609,-19.97211,-18.08003,5.985718,-63.430359308732086,-4.2692141109155965
3442,05/16/2023 12:01:36.329342,3625,True,True,True,True,Eyes,0.1571986,0.2539183,-3.201981,-0.9403187,-0.1130796,0.3209576,0.0,0.0,0.0,0.0,0.0,0.0,0.0,1.977966,0.09496288,2.464494,0.1210874,0.254831,-3.148888,0.0691155,-0.3500473,0.03306977,0.9335933,8.754645,318.9526,0.7745216,0.0623485,0.07653853,-0.995115,-0.2335038,0.02287876,0.1158374,-1.685129,0.149319,-2.069508,-0.6506114,0.2089601,1.9929,0.7527465,0.01336004,0.6581749,-0.1101348,0.9882589,0.1058996,-0.6490324,-0.1522035,0.7453799,static,-71.15376,-19.40836,-18.08003,5.985719,-63.00059757196242,-3.7690839171652097
3443,05/16/2023 12:01:36.339046,3626,True,True,True,True,Eyes,0.1553221,0.2538477,-3.198921,-0.9376599,-0.1123662,0.328889,0.0,0.0,0.0,0.0,0.0,0.0,0.0,1.932437,0.1002367,2.489945,0.1178176,0.2542203,-3.140967,0.06957242,-0.3419138,0.03294424,0.9365733,8.79198,319.9519,0.8194667,0.06100233,0.07678109,-0.9951797,-0.2194935,0.02150604,0.1088872,-1.669325,0.1468984,-2.030465,-0.6506115,0.2089601,1.992901,0.7640193,0.01413385,0.6450387,-0.1092849,0.9881487,0.1077912,-0.6358706,-0.1528475,0.7565092,static,-70.67142,-18.86294,-18.08003,5.985719,-62.55237629295082,-3.2861629203701685
3444,05/16/2023 12:01:36.358873,3627,True,True,True,True,Eyes,0.1533874,0.2537431,-3.195675,-0.9347773,-0.1115275,0.3372731,0.0,0.0,0.0,0.0,0.0,0.0,0.0,1.887246,0.1076324,2.513825,0.1148793,0.2534395,-3.132917,0.07029354,-0.3339216,0.03257474,0.9394116,8.848597,320.9276,0.8267414,0.05973747,0.07700478,-0.9952391,-0.2063239,0.02021567,0.1023539,-1.653037,0.1440594,-1.992251,-0.6506115,0.2089601,1.992901,0.7748706,0.01425713,0.6319591,-0.1081472,0.9879954,0.1103143,-0.6228,-0.1538239,0.7671105,static,-70.16026,-18.29772,-18.08003,5.985718,-62.07741578577323,-2.786016670335137
3445,05/16/2023 12:01:36.379277,3628,True,True,True,True,Eyes,0.1514349,0.2536043,-3.19222,-0.9317117,-0.1107267,0.3459088,0.0,0.0,0.0,0.0,0.0,0.0,0.0,1.842349,0.1151018,2.536228,0.1121754,0.252472,-3.12468,0.07101955,-0.3260662,0.03221341,0.9421249,8.906703,321.8839,0.8342287,0.05854401,0.07721096,-0.9952942,-0.1939445,0.01900273,0.09621269,-1.636402,0.1409793,-1.954784,-0.6506113,0.2089601,1.992901,0.7852862,0.01438397,0.6189657,-0.1070123,0.9878371,0.1128112,-0.6098146,-0.154826,0.7772741,static,-69.63197,-17.75007,-18.08002,5.985719,-61.58665877439174,-2.302310634423076
3446,05/16/2023 12:01:36.399457,3629,True,True,True,True,Eyes,0.1494615,0.2534359,-3.188552,-0.9284438,-0.1095775,0.3549435,0.0,0.0,0.0,0.0,0.0,0.0,0.0,1.797174,0.1191795,2.557825,0.1096807,0.2515104,-3.116283,0.07116207,-0.3182515,0.03173585,0.9447988,8.897522,322.8344,0.8509787,0.05741381,0.07740097,-0.9953453,-0.1823078,0.01786257,0.09043992,-1.619286,0.1401494,-1.917583,-0.6506112,0.2089601,1.992901,0.7954175,0.01467312,0.6058841,-0.1052629,0.9878575,0.1142677,-0.5968506,-0.1546677,0.7873038,static,-69.07818,-17.15641,-18.08002,5.985719,-61.07214890076338,-1.7774560318111003
3447,05/16/2023 12:01:36.409252,3630,True,True,True,True,Eyes,0.147484,0.2532322,-3.184674,-0.9249943,-0.1083991,0.3641909,0.0,0.0,0.0,0.0,0.0,0.0,0.0,1.751723,0.1203829,2.578288,0.1073037,0.2505862,-3.107456,0.07080694,-0.3104855,0.03108931,0.9474275,8.828329,323.7775,0.8663348,0.05634046,0.07757594,-0.9953929,-0.1713693,0.01679081,0.08501353,-1.601807,0.1414671,-1.880409,-0.6506113,0.20896,1.992901,0.8052645,0.01494069,0.5927276,-0.1028788,0.9880397,0.1148633,-0.5839222,-0.1534744,0.7971703,static,-68.50933,-16.57529,-18.08002,5.985717,-60.5437417987174,-1.264411731717379
3448,05/16/2023 12:01:36.429380,3631,True,True,True,True,Eyes,0.1454688,0.2529827,-3.180605,-0.921277,-0.1070321,0.3738888,0.0,0.0,0.0,0.0,0.0,0.0,0.0,1.706057,0.1178298,2.598261,0.1050708,0.2498824,-3.098708,0.06992238,-0.3027297,0.03061461,0.9500151,8.707517,324.7201,0.9178115,0.05531878,0.07773677,-0.9954377,-0.1610872,0.01578337,0.07991272,-1.583846,0.1443998,-1.843701,-0.6506112,0.20896,1.9929,0.814835,0.01583353,0.5794767,-0.1005038,0.9883472,0.1143187,-0.5709141,-0.1513905,0.8069312,static,-67.91084,-15.97468,-18.08002,5.985718,-59.98783755103068,-0.7344462482095455
3449,05/16/2023 12:01:36.439147,3632,True,True,True,True,Eyes,0.1434654,0.252719,-3.176326,-0.9173691,-0.1056664,0.3837558,0.0,0.0,0.0,0.0,0.0,0.0,0.0,1.660235,0.1187687,2.616511,0.1031689,0.2484587,-3.089375,0.06939476,-0.2950438,0.02965511,0.9524989,8.609309,325.6463,0.9007882,0.05434202,0.07788402,-0.99548,-0.1514219,0.01483636,0.07511796,-1.56531,0.1465964,-1.807028,-0.6506114,0.2089601,1.992901,0.8241394,0.01554393,0.5661736,-0.09744192,0.9886099,0.1146978,-0.557942,-0.149696,0.816267,static,-67.29936,-15.39478,-18.08003,5.98572,-59.41997887075875,-0.2236643022135496
3450,05/16/2023 12:01:36.459179,3633,True,True,True,True,Eyes,0.1414971,0.2523996,-3.171816,-0.9133638,-0.1041389,0.3936008,0.0,0.0,0.0,0.0,0.0,0.0,0.0,1.614115,0.1194328,2.63407,0.1013929,0.2474745,-3.080005,0.06889077,-0.2873325,0.0286102,0.9549218,8.511729,326.5722,0.872048,0.05340576,0.0780192,-0.9955201,-0.1423366,0.01394618,0.07061088,-1.546183,0.1493432,-1.770625,-0.6506113,0.2089601,1.9929,0.833243,0.01505189,0.5527021,-0.09423011,0.988871,0.1151293,-0.5448181,-0.1480119,0.8253882,static,-66.68708,-14.81973,-18.08002,5.985719,-58.85139575199077,0.28268575991083544
3451,05/16/2023 12:01:36.479172,3634,True,True,True,True,Eyes,0.1395537,0.2520305,-3.167099,-0.9091542,-0.1027137,0.4035944,0.0,0.0,0.0,0.0,0.0,0.0,0.0,1.567191,0.1241601,2.650594,0.09981354,0.2457739,-3.070307,0.06894874,-0.2795205,0.02747998,0.9572666,8.474377,327.5049,0.8148547,0.05250866,0.07814214,-0.9955583,-0.1337964,0.01310941,0.06637423,-1.526148,0.1495921,-1.734039,-0.6506115,0.20896,1.9929,0.8422262,0.01406615,0.5389408,-0.0911565,0.9889818,0.1166422,-0.5313619,-0.1473671,0.8342287,static,-66.06246,-14.2785,-18.08003,5.985718,-58.27150302236913,0.7579485574821216
3452,05/16/2023 12:01:36.489423,3635,True,True,True,True,Eyes,0.1376356,0.2516251,-3.162174,-0.9046227,-0.1012139,0.4140213,0.0,0.0,0.0,0.0,0.0,0.0,0.0,1.520284,0.1338878,2.666091,0.09835792,0.2442237,-3.060704,0.06995747,-0.2717001,0.02661639,0.9594668,8.55201,328.4347,0.7567291,0.05164718,0.07825313,-0.9955946,-0.1257686,0.01232285,0.06239177,-1.505516,0.1459869,-1.698152,-0.6506115,0.2089601,1.9929,0.8509413,0.01306019,0.5250984,-0.08908998,0.9887951,0.1197804,-0.5176503,-0.1487071,0.8425701,static,-65.40771,-13.73741,-18.08003,5.98572,-57.66372435404066,1.2322691519930533
3453,05/16/2023 12:01:36.509243,3636,True,True,True,True,Eyes,0.1357493,0.2511871,-3.157046,-0.8998896,-0.09979179,0.4245473,0.0,0.0,0.0,0.0,0.0,0.0,0.0,1.473073,0.1434909,2.680508,0.09710306,0.2429163,-3.050774,0.07098447,-0.2638891,0.02562875,0.9615961,8.629421,329.3601,0.6852944,0.05081736,0.07835288,-0.9956294,-0.1182225,0.01158348,0.05864827,-1.484332,0.1427817,-1.662376,-0.6506114,0.2089601,1.992901,0.8594114,0.01182496,0.511148,-0.08675308,0.9886087,0.1229905,-0.503871,-0.1500431,0.8506475,static,-64.74314,-13.22752,-18.08003,5.985718,-57.04695978755921,1.6779530806867644
3454,05/16/2023 12:01:36.529329,3637,True,True,True,True,Eyes,0.1338795,0.2507191,-3.151728,-0.8948948,-0.09819262,0.4353407,0.0,0.0,0.0,0.0,0.0,0.0,0.0,1.426616,0.1504888,2.693835,0.09587236,0.2416983,-3.040891,0.07163947,-0.2562263,0.02472683,0.9636413,8.669862,330.2679,0.634291,0.05001844,0.07844184,-0.9956629,-0.1111292,0.01088847,0.05512937,-1.46322,0.1407265,-1.627509,-0.6506114,0.2089601,1.9929,0.8674733,0.01094375,0.4973634,-0.08436742,0.9885128,0.1253982,-0.4902777,-0.1507408,0.8584317,static,-64.0584,-12.71056,-18.08003,5.98572,-56.4115038499536,2.1295204489687762
3455,05/16/2023 12:01:36.544929,3638,True,True,True,True,Eyes,0.1320535,0.2502172,-3.146204,-0.8897168,-0.09660847,0.4461736,0.0,0.0,0.0,0.0,0.0,0.0,0.0,1.381454,0.1536011,2.705695,0.09477432,0.2404622,-3.03084,0.07173258,-0.2488459,0.02408981,0.9655827,8.656876,331.1443,0.6271375,0.049248,0.07852062,-0.9956951,-0.1044614,0.01023516,0.05182161,-1.442511,0.1400243,-1.593733,-0.6506115,0.20896,1.9929,0.8749909,0.0108207,0.4840185,-0.08222213,0.9885482,0.1265382,-0.4771064,-0.1505168,0.8658604,static,-63.36723,-12.21746,-18.08003,5.985719,-55.7701753815196,2.559217314455916
3456,05/16/2023 12:01:36.559296,3639,True,True,True,True,Eyes,0.1302862,0.2496727,-3.140473,-0.8842607,-0.09485886,0.4572579,0.0,0.0,0.0,0.0,0.0,0.0,0.0,1.337026,0.1537205,2.716208,0.09390164,0.2391322,-3.020439,0.07131167,-0.2416657,0.02334679,0.9674541,8.584379,331.9961,0.6204132,0.04850333,0.0785898,-0.9957261,-0.09819373,0.00962105,0.04871231,-1.421894,0.1413015,-1.560506,-0.6506113,0.2089601,1.992901,0.8821053,0.01070674,0.4709307,-0.07964107,0.9887391,0.1266973,-0.464271,-0.1492658,0.8730247,static,-62.65617,-11.71986,-18.08002,5.985719,-55.110423165268145,2.99246821615095
3457,05/16/2023 12:01:36.569169,3640,True,True,True,True,Eyes,0.1285679,0.2491174,-3.134555,-0.8786294,-0.09323369,0.4683139,0.0,0.0,0.0,0.0,0.0,0.0,0.0,1.293559,0.1568141,2.725361,0.09310969,0.237545,-3.010046,0.07136276,-0.2346434,0.02256094,0.969196,8.564144,332.8254,0.5934715,0.04778548,0.07864936,-0.9957562,-0.09230211,0.009043788,0.04578957,-1.401349,0.1407243,-1.528213,-0.6506115,0.2089601,1.9929,0.888867,0.01024235,0.4580508,-0.07722153,0.9887967,0.1277414,-0.4516108,-0.1489165,0.8796997,static,-61.94216,-11.25945,-18.08003,5.985719,-54.44806323219061,3.3918213758386084
3458,05/16/2023 12:01:36.589300,3641,True,True,True,True,Eyes,0.1269058,0.2485648,-3.128457,-0.8727806,-0.09149632,0.4794605,0.0,0.0,0.0,0.0,0.0,0.0,0.0,1.251856,0.1644892,2.732849,0.09246659,0.2367417,-2.999678,0.07239074,-0.2279223,0.02198809,0.9707357,8.659824,333.6158,0.5616259,0.04709313,0.0787004,-0.9957852,0.0,0.0,0.0,-1.381258,0.1369386,-1.497417,-0.6506113,0.2089601,1.992901,0.8951359,0.009690329,0.4456881,-0.07568818,0.9885522,0.1305214,-0.4393212,-0.1505677,0.885622,static,-61.21789,-10.80396,-18.08002,5.985719,-53.77622352065581,3.786423143136796
3459,05/16/2023 12:01:36.609431,3642,True,True,True,True,Eyes,0.1253058,0.247944,-3.1222,-0.8667828,-0.08986492,0.490522,0.0,0.0,0.0,0.0,0.0,0.0,0.0,1.212238,0.1733259,2.738756,0.09216914,0.2362378,-2.989322,0.07360554,-0.2216048,0.02095376,0.9721289,8.765748,334.3528,0.4705612,0.04642476,0.07874434,-0.995813,0.0,0.0,0.0,-1.361807,0.1337611,-1.468117,-0.6506115,0.2089601,1.9929,0.9009045,0.008116819,0.4339415,-0.07336219,0.9882863,0.1338212,-0.4277723,-0.152395,0.8909471,static,-60.494,-10.38161,-18.08003,5.98572,-53.10484477450016,4.1509000153313105
3460,05/16/2023 12:01:36.629387,3643,True,True,True,True,Eyes,0.1237661,0.2472795,-3.115782,-0.8607298,-0.08864044,0.5012853,0.0,0.0,0.0,0.0,0.0,0.0,0.0,1.174229,0.1866278,2.743307,0.09196929,0.2339949,-2.979289,0.07515351,-0.2155379,0.0190655,0.9734125,8.889505,335.0507,0.2737451,0.0457813,0.07878006,-0.99584,0.0,0.0,0.0,-1.342783,0.1294098,-1.440082,-0.6506113,0.2089601,1.992901,0.9063599,0.004720347,0.4224802,-0.06951407,0.9879769,0.1380921,-0.4167489,-0.1545294,0.8957907,static,-59.78366,-10.02775,-18.08002,5.985719,-52.44623285110952,4.453463398348585
3461,05/16/2023 12:01:36.648803,3644,True,True,True,True,Eyes,0.1222878,0.2467096,-3.109213,-0.8545302,-0.08760238,0.5119611,0.0,0.0,0.0,0.0,0.0,0.0,0.0,1.135331,0.2132848,2.746391,0.09198011,0.2323115,-2.968956,0.07924497,-0.2093162,0.01791696,0.9744671,9.319741,335.7623,0.1012873,0.04516097,0.07880742,-0.9958661,0.0,0.0,0.0,-1.322763,0.11464,-1.412271,-0.6506113,0.2089601,1.9929,0.9117314,0.001744457,0.4107831,-0.06809348,0.9867984,0.1469426,-0.4051038,-0.1619438,0.899814,static,-59.07358,-9.709924,-18.08002,5.985719,-51.78798037021603,4.723267041779532
3462,05/16/2023 12:01:36.660707,3645,True,True,True,True,Eyes,0.1208556,0.2462309,-3.102502,-0.8482629,-0.086317,0.5224935,0.0,0.0,0.0,0.0,0.0,0.0,0.0,1.096488,0.2250043,2.750454,0.09188637,0.234047,-2.958833,0.08148357,-0.203098,0.01727899,0.9756092,9.555964,336.4837,0.03583624,0.04456393,0.07883061,-0.9958912,0.0,0.0,0.0,-1.302776,0.108863,-1.384711,-0.6506115,0.2089601,1.992901,0.9169053,0.0006167878,0.3991044,-0.06681338,0.9861237,0.1519736,-0.3934726,-0.1660109,0.9042233,static,-58.36872,-9.380655,-18.08003,5.98572,-51.1345214600828,5.00361732054
3463,05/16/2023 12:01:36.679196,3646,True,True,True,True,Eyes,0.1194985,0.245776,-3.095635,-0.8418504,-0.08486732,0.5329967,0.0,0.0,0.0,0.0,0.0,0.0,0.0,1.059296,0.2165956,2.754696,0.09219301,0.2356513,-2.948447,0.08003631,-0.1973016,0.01513224,0.9769531,9.343596,337.1551,359.883,0.04398816,0.07885335,-0.995915,0.0,0.0,0.0,-1.283697,0.1195932,-1.3572,-0.6506112,0.2089601,1.9929,0.9216862,-0.002015594,0.387931,-0.06114955,0.9867304,0.1504122,-0.3830864,-0.1623546,0.9093326,static,-57.66106,-9.047072,-18.08002,5.985719,-50.47845682595119,5.287814716956743
3464,05/16/2023 12:01:36.689219,3647,True,True,True,True,Eyes,0.1182277,0.2453701,-3.088615,-0.8352627,-0.08314063,0.5435291,0.0,0.0,0.0,0.0,0.0,0.0,0.0,1.019092,0.2096112,2.759172,0.0925428,0.2357199,-2.937922,0.07844363,-0.1909607,0.01208369,0.9783837,9.097266,337.8826,359.6336,0.0434356,0.07887676,-0.9959374,0.0,0.0,0.0,-1.26253,0.1310561,-1.328129,-0.6506115,0.2089601,1.9929,0.926776,-0.006314336,0.3755615,-0.05360427,0.9874012,0.1488809,-0.3717699,-0.158111,0.9147612,static,-56.9468,-8.696806,-18.08003,5.98572,-49.81622865068375,5.587003950066334
3465,05/16/2023 12:01:36.708956,3648,True,True,True,True,Eyes,0.1170316,0.2450223,-3.081457,-0.8284662,-0.0812742,0.5541103,0.0,0.0,0.0,0.0,0.0,0.0,0.0,0.9730353,0.2025352,2.76514,0.0931783,0.236411,-2.927327,0.0770727,-0.1836008,0.009773189,0.979926,8.895909,338.7347,359.4695,0.04290513,0.07890283,-0.9959584,0.0,0.0,0.0,-1.237466,0.1406181,-1.296738,-0.6506115,0.2089601,1.9929,0.9323905,-0.009147214,0.3613369,-0.04745523,0.9879286,0.1474624,-0.3583239,-0.1546398,0.9207011,static,-56.22386,-8.344366,-18.08003,5.98572,-49.145959655142846,5.887935305485149
3466,05/16/2023 12:01:36.729070,3649,True,True,True,True,Eyes,0.1159283,0.2447054,-3.074167,-0.8214101,-0.07924794,0.5648056,0.0,0.0,0.0,0.0,0.0,0.0,0.0,0.9240555,0.1896354,2.772006,0.09365895,0.2374101,-2.916971,0.07483814,-0.1756619,0.00792079,0.9815699,8.609571,339.6606,359.3774,0.0423978,0.07893345,-0.9959776,0.0,0.0,0.0,-1.210349,0.1526546,-1.264399,-0.6506112,0.2089601,1.9929,0.9381604,-0.0107428,0.3460343,-0.04184203,0.9886731,0.144135,-0.3436632,-0.1497005,0.9270843,static,-55.4874,-7.987037,-18.08002,5.98572,-48.46316129370942,6.192946709431997
3467,05/16/2023 12:01:36.739042,3650,True,True,True,True,Eyes,0.1149019,0.2444112,-3.066771,-0.8141137,-0.07726327,0.5755426,0.0,0.0,0.0,0.0,0.0,0.0,0.0,0.8735462,0.1824848,2.778113,0.0944142,0.2377878,-2.906689,0.07351898,-0.1674561,0.00611492,0.9831155,8.430131,340.6131,359.2702,0.04191486,0.07896952,-0.9959952,0.0,0.0,0.0,-1.181703,0.1605048,-1.232126,-0.6506113,0.2089601,1.9929,0.9438421,-0.01259906,0.3301565,-0.03664575,0.9891152,0.1425073,-0.3283583,-0.1466033,0.9331068,static,-54.74137,-7.645915,-18.08002,5.985719,-47.771558986608945,6.482961783080988
3468,05/16/2023 12:01:36.769166,3651,True,True,True,True,Eyes,0.1139755,0.2441127,-3.059267,-0.8065144,-0.07539173,0.5863877,0.0,0.0,0.0,0.0,0.0,0.0,0.0,0.8221076,0.1830953,2.783501,0.09510408,0.2380319,-2.896819,0.07355767,-0.1590154,0.004431956,0.9845222,8.409544,341.5877,359.1505,0.04145641,0.07901151,-0.996011,0.0,0.0,0.0,-1.151985,0.1628076,-1.200434,-0.6506113,0.20896,1.9929,0.9493889,-0.01466689,0.3137604,-0.03212032,0.9891393,0.1434288,-0.3124564,-0.1462478,0.9386067,static,-53.98045,-7.326313,-18.08002,5.985718,-47.0662463990335,6.753005375033257
3469,05/16/2023 12:01:36.779422,3652,True,True,True,True,Eyes,0.113122,0.243815,-3.051672,-0.7986737,-0.07360675,0.5972457,0.0,0.0,0.0,0.0,0.0,0.0,0.0,0.7688519,0.1857139,2.788307,0.09594907,0.2378713,-2.886952,0.07397174,-0.1502579,0.003282398,0.9858702,8.443814,342.6009,359.0872,0.04102199,0.07905905,-0.9960244,0.0,0.0,0.0,-1.120736,0.1621557,-1.168651,-0.6506113,0.2089601,1.992901,0.9548236,-0.01575764,0.2967552,-0.02870171,0.9890348,0.1448666,-0.295784,-0.1468395,0.9439015,static,-53.21098,-7.025913,-18.08002,5.98572,-46.353083786966145,7.0053567824240375
3470,05/16/2023 12:01:36.789237,3653,True,True,True,True,Eyes,0.1122755,0.2435352,-3.044008,-0.790625,-0.07199921,0.6080527,0.0,0.0,0.0,0.0,0.0,0.0,0.0,0.7161838,0.1868354,2.792282,0.09655239,0.2373843,-2.877324,0.07421288,-0.1415352,0.00321584,0.9871424,8.477884,343.6183,359.1508,0.04061238,0.07911189,-0.9960363,0.0,0.0,0.0,-1.089622,0.1597666,-1.137905,-0.6506114,0.2089601,1.9929,0.9599149,-0.01465848,0.2799081,-0.02735645,0.9889643,0.145607,-0.2789534,-0.1474277,0.9489205,static,-52.43689,-6.75292,-18.08003,5.98572,-45.63573555863055,7.232661249355175
3471,05/16/2023 12:01:36.809127,3654,True,True,True,True,Eyes,0.111492,0.2432919,-3.036265,-0.7823667,-0.07039607,0.618827,0.0,0.0,0.0,0.0,0.0,0.0,0.0,0.6654792,0.1833493,2.795088,0.09736136,0.2374415,-2.867601,0.07382862,-0.1331783,0.003851292,0.988331,8.450796,344.5996,359.3019,0.04022532,0.07917031,-0.9960468,0.0,0.0,0.0,-1.059346,0.1590819,-1.108482,-0.6506114,0.2089601,1.9929,0.9644974,-0.01205203,0.2638171,-0.02727744,0.989069,0.1449084,-0.2626798,-0.14696,0.9536258,static,-51.65714,-6.489913,-18.08003,5.985721,-44.91318171999595,7.4507320734747315
3472,05/16/2023 12:01:36.829067,3655,True,True,True,True,Eyes,0.09376054,0.2376897,-2.840763,-0.5275553,-0.02751083,0.8490751,0.0,0.0,0.0,0.0,0.0,0.0,0.0,0.6171286,0.1741775,2.797046,0.09797382,0.2380626,-2.858038,0.07252892,-0.1251707,0.004348613,0.9894712,8.315226,345.5403,359.4469,0.03986062,0.0792352,-0.9960559,0.0,0.0,0.0,-1.030213,0.1628189,-1.080359,-0.6506113,0.2089601,1.992901,0.9686268,-0.009551337,0.2483364,-0.02676265,0.9894413,0.1424419,-0.2470748,-0.1446192,0.9581437,static,-31.8539,-1.855788,-18.08002,5.985719,-26.569291201107802,11.129078585869486
3473,05/16/2023 12:01:36.839369,3656,True,True,True,True,Eyes,0.09378967,0.2376824,-2.840382,-0.527063,-0.02752862,0.8493803,0.0,0.0,0.0,0.0,0.0,0.0,0.0,0.5714771,0.1648626,2.797614,0.09873906,0.2382805,-2.848487,0.07108372,-0.1176325,0.004299213,0.9905006,8.153662,346.4206,359.525,0.03908685,0.07971699,-0.9960484,-0.05319444,-0.01680659,0.5865047,-1.002305,0.1678107,-1.053676,-0.6506113,0.2089601,1.992901,0.9722883,-0.008206763,0.2336413,-0.02524026,0.9898573,0.1398055,-0.2324189,-0.1418284,0.9622194,static,-31.82069,-1.856321,-18.08002,5.985719,-26.538555907169815,11.127695714618861
3474,05/16/2023 12:01:36.860783,3657,True,True,True,True,Eyes,0.09383251,0.2377144,-2.839648,-0.5262245,-0.02764112,0.8498963,0.0,0.0,0.0,0.0,0.0,0.0,0.0,0.5282043,0.1652318,2.796493,0.09935558,0.2381017,-2.839034,0.0712533,-0.1104427,0.004007486,0.991317,8.172532,347.2535,359.5489,0.03842465,0.08011982,-0.9960421,-0.05000278,-0.01579819,0.5513144,-0.9755544,0.1667042,-1.028486,-0.6506115,0.2089601,1.9929,0.9755727,-0.007793436,0.2195385,-0.02368419,0.9898138,0.140384,-0.2183964,-0.1421544,0.9654507,static,-31.76427,-1.86277,-18.08003,5.985719,-26.486358427100676,11.120305512886933
3475,05/16/2023 12:01:36.879066,3658,True,True,True,True,Eyes,0.09389795,0.2377866,-2.838581,-0.5249986,-0.02774986,0.8506506,0.0,0.0,0.0,0.0,0.0,0.0,0.0,0.4882976,0.1698951,2.794168,0.1000899,0.2390752,-2.829753,0.07240687,-0.1038285,0.003949442,0.9919482,8.306466,348.0188,359.5831,0.03785907,0.08045921,-0.9960365,-0.04700261,-0.0148503,0.5182356,-0.9506204,0.1626123,-1.00526,-0.6506114,0.20896,1.9929,0.9784081,-0.007200505,0.2065569,-0.02287107,0.9894833,0.1428276,-0.205413,-0.1444679,0.9679537,static,-31.68176,-1.868436,-18.08003,5.985718,-26.410011130739335,11.112921684998657
3476,05/16/2023 12:01:36.889256,3659,True,True,True,True,Eyes,0.09401471,0.237846,-2.837188,-0.5235053,-0.02793277,0.8515644,0.0,0.0,0.0,0.0,0.0,0.0,0.0,0.4516031,0.1689329,2.791435,0.1006023,0.2401119,-2.820784,0.07254606,-0.09770288,0.003252995,0.9925627,8.316936,348.7239,359.5531,0.03736839,0.08075623,-0.9960312,-0.04418245,-0.01395928,0.4871414,-0.9274729,0.1636193,-0.9834428,-0.6506114,0.2089601,1.9929,0.9808871,-0.007718316,0.1944244,-0.02063352,0.989453,0.1433774,-0.1934805,-0.1446487,0.9703825,static,-31.58142,-1.878726,-18.08003,5.98572,-26.31717677234516,11.100850887723851
3477,05/16/2023 12:01:36.909242,3660,True,True,True,True,Eyes,0.09415966,0.2379068,-2.835491,-0.5216798,-0.02829943,0.8526719,0.0,0.0,0.0,0.0,0.0,0.0,0.0,0.4170396,0.1745543,2.787318,0.1013409,0.239903,-2.811709,0.07362623,-0.0919637,0.002106102,0.9930346,8.43076,349.3781,359.4579,0.0369326,0.08102955,-0.9960254,-0.04153151,-0.01312173,0.457913,-0.9053414,0.1604974,-0.9626829,-0.6506114,0.20896,1.992901,0.9830765,-0.009359015,0.1829564,-0.01772474,0.9891495,0.1458394,-0.1823361,-0.1466141,0.9722437,static,-31.45903,-1.900899,-18.08003,5.985718,-26.203973522642073,11.07737816550547
3478,05/16/2023 12:01:36.929052,3661,True,True,True,True,Eyes,0.09432033,0.2379878,-2.833516,-0.5195424,-0.02881347,0.8539587,0.0,0.0,0.0,0.0,0.0,0.0,0.0,0.3829581,0.1894649,2.78227,0.1020706,0.2400394,-2.802774,0.07644914,-0.0862759,0.001178405,0.993333,8.747617,350.024,359.371,0.03654655,0.08128313,-0.9960191,-0.03903962,-0.01233442,0.4304382,-0.8833257,0.1505309,-0.9427756,-0.6506112,0.2089601,1.9929,0.9851102,-0.01085034,0.1715816,-0.01553253,0.9883083,0.1516756,-0.1712212,-0.1520822,0.973424,static,-31.31603,-1.932487,-18.08002,5.985721,-26.071726016569073,11.044786689312522
3479,05/16/2023 12:01:36.948984,3662,True,True,True,True,Eyes,0.09451749,0.2380772,-2.831265,-0.5171123,-0.02948063,0.8554097,0.0,0.0,0.0,0.0,0.0,0.0,0.0,0.349619,0.2042995,2.776925,0.1029715,0.2406371,-2.79406,0.07937625,-0.08072173,0.0005180879,0.993571,9.080123,350.6562,359.3162,0.03620713,0.08151978,-0.9960116,-0.03669724,-0.01159436,0.4046119,-0.861562,0.140121,-0.923717,-0.6506114,0.2089601,1.992901,0.9869674,-0.01178526,0.1604878,-0.01384429,0.9873983,0.1576482,-0.1603233,-0.1578155,0.9743668,static,-31.1538,-1.973846,-18.08003,5.985719,-25.921712667556225,11.002790061443454
3480,05/16/2023 12:01:36.959454,3663,True,True,True,True,Eyes,0.09475321,0.2381744,-2.82875,-0.5143671,-0.03016176,0.8570396,0.0,0.0,0.0,0.0,0.0,0.0,0.0,0.3161624,0.2159947,2.770249,0.104319,0.2404284,-2.784278,0.0816671,-0.075233,0.0001015362,0.9938163,9.342712,351.2845,359.2982,0.03591118,0.08174246,-0.9960036,-0.03449541,-0.0108987,0.3803352,-0.8395137,0.1309383,-0.9039045,-0.6506113,0.2089601,1.992901,0.98868,-0.0120863,0.1495521,-0.01248994,0.986661,0.1623089,-0.149519,-0.1623394,0.975341,static,-30.9708,-2.015576,-18.08002,5.98572,-25.75247715858472,10.959894326313025
3481,05/16/2023 12:01:36.968887,3664,True,True,True,True,Eyes,0.0950412,0.238251,-2.825944,-0.511325,-0.03084633,0.8588336,0.0,0.0,0.0,0.0,0.0,0.0,0.0,0.2833901,0.223483,2.764497,0.1050588,0.2407527,-2.775553,0.08328904,-0.06970063,-0.0003602744,0.9940848,9.528752,351.9188,359.2838,0.03565605,0.08195363,-0.9959952,-0.03242568,-0.01024477,0.357515,-0.8177965,0.1249239,-0.8851742,-0.6506114,0.2089601,1.9929,0.9902834,-0.01232688,0.1385167,-0.01089431,0.9861256,0.1656429,-0.1386367,-0.1655425,0.9764095,static,-30.76836,-2.056982,-18.08003,5.985719,-25.56524816116481,10.916767438999484
3482,05/16/2023 12:01:36.989158,3665,True,True,True,True,Eyes,0.09540685,0.2383236,-2.822886,-0.5079065,-0.03129101,0.8608437,0.0,0.0,0.0,0.0,0.0,0.0,0.0,0.2488251,0.2247516,2.758968,0.1061431,0.2408767,-2.766775,0.08377173,-0.06387872,-0.0009530432,0.994435,9.583763,352.5878,359.2679,0.03543984,0.08215459,-0.9959863,-0.03048014,-0.009630087,0.3360641,-0.794507,0.1233032,-0.8658229,-0.6506113,0.2089601,1.992901,0.9918373,-0.01259794,0.1268868,-0.008806984,0.9859627,0.1667328,-0.1272062,-0.1664893,0.9778036,static,-30.54104,-2.081741,-18.08002,5.98572,-25.35493694285422,10.888105251049819
3483,05/16/2023 12:01:37.008852,3666,True,True,True,True,Eyes,0.09580718,0.2383779,-2.819593,-0.504196,-0.03167147,0.8630082,0.0,0.0,0.0,0.0,0.0,0.0,0.0,0.2129669,0.2214464,2.753333,0.1074089,0.2408957,-2.757838,0.08343062,-0.05782659,-0.001450058,0.9948334,9.545536,353.2858,359.2717,0.03526173,0.08234698,-0.9959767,-0.02865133,-0.009052281,0.3159003,-0.7700385,0.1246153,-0.8459861,-0.6506113,0.20896,1.992901,0.993308,-0.01253415,0.1148137,-0.006763883,0.9860744,0.1661668,-0.1152976,-0.1658314,0.9793909,static,-30.29479,-2.10175,-18.08002,5.985717,-25.127089667062094,10.863250395821211
3484,05/16/2023 12:01:37.029074,3667,True,True,True,True,Eyes,0.09622954,0.2384141,-2.81607,-0.5000901,-0.03189538,0.8653858,0.0,0.0,0.0,0.0,0.0,0.0,0.0,0.1772665,0.216909,2.747326,0.1085402,0.2404988,-2.748937,0.08279879,-0.05174307,-0.00199902,0.9952201,9.47395,353.9872,359.2711,0.03511944,0.08253174,-0.9959664,-0.02693225,-0.008509144,0.2969463,-0.7454526,0.1267257,-0.8263435,-0.6506114,0.2089601,1.9929,0.9946373,-0.01254746,0.1026605,-0.004589599,0.9862807,0.1650129,-0.1033225,-0.1645992,0.980934,static,-30.02281,-2.110785,-18.08003,5.985719,-24.875392168491192,10.847678625779428
3485,05/16/2023 12:01:37.038999,3668,True,True,True,True,Eyes,0.09669311,0.238435,-2.812322,-0.4957088,-0.03206151,0.8678967,0.0,0.0,0.0,0.0,0.0,0.0,0.0,0.1416082,0.2138239,2.740581,0.109987,0.2400713,-2.739858,0.08243512,-0.04568934,-0.002913668,0.9955443,9.43156,354.6808,359.2255,0.0350105,0.0827097,-0.9959556,-0.02531632,-0.007998596,0.2791295,-0.7205133,0.1282878,-0.8068852,-0.6506113,0.20896,1.9929,0.995808,-0.01333418,0.09049116,-0.001731441,0.986392,0.1644019,-0.09145191,-0.1638694,0.9822339,static,-29.73332,-2.115637,-18.08002,5.985718,-24.60747474297097,10.835437004118738
3486,05/16/2023 12:01:37.059000,3669,True,True,True,True,Eyes,0.09717222,0.238446,-2.808351,-0.4909419,-0.03203381,0.8706032,0.0,0.0,0.0,0.0,0.0,0.0,0.0,0.1057568,0.2101696,2.733428,0.1113364,0.2397145,-2.730774,0.08199462,-0.03954271,-0.004082174,0.9958396,9.380152,355.3826,359.1512,0.03493335,0.08288169,-0.9959441,-0.02379734,-0.00751868,0.2623817,-0.6951624,0.1305554,-0.7875153,-0.6506112,0.2089601,1.9929,0.9968395,-0.01461496,0.07808696,0.001645801,0.9865204,0.1636298,-0.07942583,-0.1629841,0.9834266,static,-29.41909,-2.107245,-18.08002,5.985719,-24.316615891202648,10.834569420700266
3487,05/16/2023 12:01:37.079240,3670,True,True,True,True,Eyes,0.09769277,0.2384417,-2.80415,-0.485903,-0.03188325,0.873431,0.0,0.0,0.0,0.0,0.0,0.0,0.0,0.06924,0.2035943,2.725807,0.1128675,0.2394284,-2.721434,0.08106057,-0.03326515,-0.005605961,0.9961382,9.272033,356.0968,359.0385,0.03488567,0.08304866,-0.995932,-0.0223695,-0.007067559,0.2466388,-0.6689438,0.1353043,-0.7678372,-0.6506115,0.2089601,1.9929,0.9977241,-0.01656161,0.06536454,0.005775639,0.9867955,0.161868,-0.06718222,-0.1611221,0.9846452,static,-29.08785,-2.090566,-18.08003,5.98572,-24.009986349717035,10.840777396076074
3488,05/16/2023 12:01:37.089293,3671,True,True,True,True,Eyes,0.09824113,0.2384227,-2.799731,-0.4806018,-0.031548,0.8763713,0.0,0.0,0.0,0.0,0.0,0.0,0.0,0.03253201,0.194567,2.717535,0.1142757,0.2390283,-2.711774,0.0796828,-0.02688588,-0.007022266,0.996433,9.115171,356.8243,358.9392,0.03486636,0.08321129,-0.9959192,-0.02102733,-0.006643506,0.2318405,-0.6423118,0.1414925,-0.7479328,-0.6506113,0.2089601,1.992901,0.9984557,-0.01827912,0.05246085,0.009709748,0.9872027,0.1591748,-0.05469906,-0.1584195,0.9858556,static,-28.74035,-2.061669,-18.08002,5.98572,-23.688267310127536,10.85765578820071
3489,05/16/2023 12:01:37.108903,3672,True,True,True,True,Eyes,0.09883139,0.2383813,-2.795094,-0.4750307,-0.03109553,0.8794196,0.0,0.0,0.0,0.0,0.0,0.0,0.0,-0.004754879,0.1836125,2.708892,0.1159164,0.2385809,-2.702124,0.07795563,-0.02039069,-0.008399446,0.996713,8.920056,357.5659,358.8445,0.03487388,0.08337018,-0.9959058,-0.01976569,-0.006244896,0.2179301,-0.6148436,0.1489221,-0.7281528,-0.6506113,0.2089601,1.9929,0.9990274,-0.01992281,0.03933777,0.01356453,0.9877047,0.1557413,-0.0419569,-0.1550562,0.9870143,static,-28.37631,-2.025086,-18.08002,5.985719,-23.35121456423105,10.881075943852977
3490,05/16/2023 12:01:37.128989,3673,True,True,True,True,Eyes,0.114065,0.2364961,-2.673814,-0.322785,-0.02082451,0.9462432,0.0,0.0,0.0,0.0,0.0,0.0,0.0,-0.0421067,0.173823,2.699482,0.1174008,0.2379729,-2.692355,0.07642651,-0.01380625,-0.009696298,0.9969325,8.749595,358.3181,358.7568,0.0349074,0.0835256,-0.9958917,-0.01857975,-0.005870202,0.2048543,-0.5870553,0.1552511,-0.7085429,-0.6506113,0.20896,1.992901,0.9994308,-0.02144344,0.0260457,0.01722279,0.98813,0.1526519,-0.02900992,-0.1521164,0.9879367,static,-18.83567,-1.260737,-18.08002,5.985718,-14.518488552073997,11.318084415837538
3491,05/16/2023 12:01:37.143570,3674,True,True,True,True,Eyes,0.1141158,0.236461,-2.67341,-0.3223574,-0.02090201,0.9463873,0.0,0.0,0.0,0.0,0.0,0.0,0.0,-0.0779394,0.1701176,2.688955,0.118776,0.2370367,-2.682387,0.07595489,-0.007451233,-0.01034323,0.99703,8.702529,359.0477,358.7388,0.03573888,0.08403154,-0.9958199,0.02823572,-0.01117374,0.5564058,-0.5602929,0.1561617,-0.6896659,-0.6506113,0.2089601,1.9929,0.999675,-0.02175694,0.01328696,0.01949311,0.9882478,0.1516127,-0.01642944,-0.1513044,0.9883507,static,-18.80981,-1.265235,-18.08003,5.98572,-14.494569020381817,11.313294842300063
3492,05/16/2023 12:01:37.159224,3675,True,True,True,True,Eyes,0.1141737,0.2363965,-2.67262,-0.3215716,-0.02124575,0.9466469,0.0,0.0,0.0,0.0,0.0,0.0,0.0,-0.1097744,0.1730709,2.677608,0.1199481,0.2361797,-2.672343,0.07670172,-0.001776436,-0.01013064,0.997001,8.795453,359.7045,358.8129,0.03644186,0.08445207,-0.995759,0.02654158,-0.01050332,0.5230215,-0.5365179,0.151229,-0.6722315,-0.6506114,0.2089601,1.9929,0.9997885,-0.02047302,0.001988142,0.019928,0.9880285,0.1529794,-0.005096291,-0.1529074,0.9882274,static,-18.76239,-1.285683,-18.08003,5.98572,-14.450747518820503,11.293418354161675
3493,05/16/2023 12:01:37.179249,3676,True,True,True,True,Eyes,0.1142811,0.2362965,-2.671447,-0.3204685,-0.02166238,0.9470115,0.0,0.0,0.0,0.0,0.0,0.0,0.0,-0.1372879,0.1786409,2.665906,0.1212195,0.2353737,-2.662277,0.07794562,0.003112511,-0.009965382,0.9969031,8.944082,0.2698349,358.8756,0.03704914,0.08480974,-0.9957063,0.02494908,-0.009873116,0.4916402,-0.5157254,0.1445273,-0.6561217,-0.6506113,0.20896,1.9929,0.999782,-0.01938382,-0.007759256,0.02035425,0.9876504,0.1553464,0.004652226,-0.1554705,0.9878296,static,-18.69581,-1.310382,-18.08002,5.985718,-14.389206762548742,11.269158105237825
3494,05/16/2023 12:01:37.189139,3677,True,True,True,True,Eyes,0.1144233,0.2361598,-2.669896,-0.3190646,-0.02215639,0.9474739,0.0,0.0,0.0,0.0,0.0,0.0,0.0,-0.1628991,0.1836631,2.653816,0.1224358,0.2344381,-2.651992,0.07911709,0.007703131,-0.01060328,0.9967792,9.084324,0.7937204,358.8441,0.03760163,0.08513177,-0.9956583,0.02345214,-0.009280729,0.4621418,-0.4960197,0.1390402,-0.6402698,-0.6506113,0.2089601,1.9929,0.9996565,-0.01991935,-0.01703444,0.02235714,0.9872561,0.1575611,0.01367884,-0.1578879,0.9873623,static,-18.6111,-1.3396,-18.08002,5.98572,-14.310900937255948,11.2402982526929
3495,05/16/2023 12:01:37.209136,3678,True,True,True,True,Eyes,0.1145997,0.2360095,-2.667983,-0.3173831,-0.02268583,0.948026,0.0,0.0,0.0,0.0,0.0,0.0,0.0,-0.1882182,0.1882505,2.641203,0.1236469,0.2334117,-2.64141,0.08025084,0.01228342,-0.01184359,0.9966288,9.221496,1.310971,358.744,0.03810575,0.08542106,-0.9956145,0.02204501,-0.008723886,0.4344133,-0.4762349,0.1343328,-0.6242498,-0.6506114,0.2089601,1.9929,0.9994177,-0.02163581,-0.02638493,0.02557883,0.9868391,0.1596696,0.0225831,-0.1602515,0.9868178,static,-18.50968,-1.3708,-18.08003,5.98572,-14.217135939669568,11.209184170296112
3496,05/16/2023 12:01:37.229269,3679,True,True,True,True,Eyes,0.1147352,0.235826,-2.665712,-0.3154939,-0.02324289,0.9486429,0.0,0.0,0.0,0.0,0.0,0.0,0.0,-0.2118694,0.1909616,2.628663,0.1245693,0.2329435,-2.630863,0.08114187,0.01664336,-0.01294403,0.9964795,9.331324,1.804289,358.6588,0.03856851,0.08568177,-0.9955744,0.02072231,-0.008200453,0.4083485,-0.4575914,0.1309731,-0.6086607,-0.6506114,0.2089601,1.992901,0.9991109,-0.02309597,-0.03527015,0.02849786,0.9864969,0.1612815,0.03106893,-0.1621433,0.9862781,static,-18.39578,-1.403535,-18.08003,5.98572,-14.111825313407248,11.17633673295668
3497,05/16/2023 12:01:37.239006,3680,True,True,True,True,Eyes,0.1148935,0.2356076,-2.663093,-0.3134276,-0.02384666,0.9493126,0.0,0.0,0.0,0.0,0.0,0.0,0.0,-0.2329472,0.1913491,2.616,0.125395,0.231849,-2.620087,0.08146138,0.02057128,-0.01360828,0.9963713,9.374765,2.252366,358.6197,0.03899453,0.0859175,-0.9955376,0.01947897,-0.007708426,0.3838476,-0.4407808,0.1287946,-0.5934061,-0.6506114,0.2089601,1.992901,0.9987833,-0.02376627,-0.04321036,0.03046933,0.9863577,0.1617717,0.03877617,-0.1628914,0.9858817,static,-18.2713,-1.438963,-18.08003,5.98572,-13.996731394801976,11.140754324821188
3498,05/16/2023 12:01:37.269288,3681,True,True,True,True,Eyes,0.1150753,0.235379,-2.66013,-0.3112419,-0.02435415,0.9500186,0.0,0.0,0.0,0.0,0.0,0.0,0.0,-0.2505453,0.1945056,2.603117,0.1260431,0.2308084,-2.60915,0.08228817,0.02389239,-0.0138053,0.9962267,9.47487,2.634208,358.6305,0.03938714,0.0861296,-0.9955039,0.01831023,-0.00724592,0.3608167,-0.426665,0.1241353,-0.5789419,-0.6506113,0.20896,1.9929,0.9984771,-0.02357429,-0.04987649,0.03143853,0.9860761,0.1632956,0.04533244,-0.164615,0.9853156,static,-18.13966,-1.468482,-18.08002,5.985718,-13.874991156478814,11.110351493854113
3499,05/16/2023 12:01:37.279215,3682,True,True,True,True,Eyes,0.1152792,0.2351356,-2.656827,-0.3089315,-0.02478329,0.9507613,0.0,0.0,0.0,0.0,0.0,0.0,0.0,-0.2661139,0.1927429,2.590513,0.1268009,0.2303244,-2.597999,0.08226971,0.02684686,-0.01378839,0.9961531,9.476716,2.976542,358.6607,0.03975352,0.08632243,-0.995472,0.01721162,-0.006811165,0.3391677,-0.4138885,0.1232505,-0.5645776,-0.6506113,0.2089601,1.992901,0.9981783,-0.02305332,-0.05575591,0.03188805,0.9860831,0.1631661,0.05121844,-0.1646468,0.9850218,static,-18.00057,-1.493179,-18.08002,5.98572,-13.746339776801811,11.084131955770232
3500,05/16/2023 12:01:37.289260,3683,True,True,True,True,Eyes,0.1154671,0.2348716,-2.653194,-0.3064057,-0.02507153,0.9515708,0.0,0.0,0.0,0.0,0.0,0.0,0.0,-0.2800991,0.1862185,2.579007,0.1271708,0.2304111,-2.587498,0.0813987,0.02960194,-0.01355723,0.9961498,9.379514,3.298512,358.7112,0.04009622,0.08649774,-0.9954425,0.01617892,-0.006402495,0.3188177,-0.4022754,0.1261736,-0.5509736,-0.6506113,0.2089601,1.9929,0.9978799,-0.02219095,-0.06118301,0.03182919,0.9863809,0.1613679,0.05676885,-0.1629732,0.984996,static,-17.84855,-1.509253,-18.08002,5.985721,-13.605692786586197,11.065403858934035
3501,05/16/2023 12:01:37.309252,3684,True,True,True,True,Eyes,0.1156646,0.2346125,-2.649289,-0.3037981,-0.02526105,0.9524015,0.0,0.0,0.0,0.0,0.0,0.0,0.0,-0.2928916,0.1779926,2.566578,0.1276882,0.2295793,-2.576001,0.08004627,0.03213622,-0.01338143,0.9961831,9.226722,3.594577,358.751,0.04041759,0.08665761,-0.9954152,0.01520819,-0.006018345,0.2996886,-0.3913699,0.1302406,-0.5365592,-0.6506114,0.2089601,1.9929,0.9975764,-0.02151594,-0.0661694,0.03180549,0.9868271,0.1586214,0.06188487,-0.1603416,0.9851197,static,-17.6917,-1.51933,-18.08003,5.985719,-13.460555685445687,11.051998377499363
3502,05/16/2023 12:01:37.329047,3685,True,True,True,True,Eyes,0.1158697,0.2343251,-2.645065,-0.3010116,-0.02537998,0.9532827,0.0,0.0,0.0,0.0,0.0,0.0,0.0,-0.3049109,0.1702601,2.554316,0.1283923,0.2287301,-2.5647,0.07878354,0.0345054,-0.01342857,0.9962039,9.084773,3.869226,358.7629,0.04072057,0.08680468,-0.9953898,0.0142957,-0.005657244,0.2817073,-0.3809154,0.1342205,-0.5225724,-0.6506113,0.2089601,1.9929,0.9972581,-0.02131827,-0.07086472,0.0321921,0.9872257,0.1560422,0.06663293,-0.1578956,0.9852051,static,-17.5242,-1.52507,-18.08003,5.98572,-13.305547326719285,11.04224861693924
3503,05/16/2023 12:01:37.339136,3686,True,True,True,True,Eyes,0.1160807,0.2339895,-2.640542,-0.2981547,-0.02542281,0.954179,0.0,0.0,0.0,0.0,0.0,0.0,0.0,-0.3163788,0.162695,2.54145,0.1288656,0.2277306,-2.552855,0.07754768,0.03684403,-0.01371023,0.9962134,8.946859,4.138094,358.7469,0.04100788,0.08694021,-0.995366,0.01343795,-0.00531781,0.2648048,-0.3707734,0.138221,-0.5081148,-0.6506114,0.2089601,1.992901,0.9969091,-0.02160229,-0.07553542,0.03303097,0.9875968,0.1534978,0.07128265,-0.1555184,0.9852577,static,-17.35259,-1.526207,-18.08003,5.985719,-13.146719838983028,11.03657333989694
3504,05/16/2023 12:01:37.359404,3687,True,True,True,True,Eyes,0.1163062,0.2336061,-2.635725,-0.2950436,-0.0254393,0.9551451,0.0,0.0,0.0,0.0,0.0,0.0,0.0,-0.3275532,0.157317,2.528552,0.1291756,0.2262231,-2.541211,0.07662825,0.03917121,-0.01402962,0.9961911,8.845577,4.40508,358.7272,0.04128183,0.08706457,-0.9953437,0.01263168,-0.004998741,0.2489166,-0.3608387,0.1404752,-0.493982,-0.6506113,0.2089601,1.9929,0.9965376,-0.02194913,-0.08019417,0.03395562,0.9878626,0.1515737,0.0758939,-0.1537719,0.9851874,static,-17.16588,-1.525653,-18.08002,5.98572,-12.973911182162883,11.032027343589052
3505,05/16/2023 12:01:37.379268,3688,True,True,True,True,Eyes,0.1165387,0.233187,-2.630632,-0.2918515,-0.02541576,0.9561259,0.0,0.0,0.0,0.0,0.0,0.0,0.0,-0.3376834,0.1555913,2.515289,0.1293976,0.2247071,-2.529363,0.07644816,0.04132829,-0.01463481,0.9961092,8.830455,4.649391,358.6757,0.04154486,0.08717806,-0.9953227,0.01187378,-0.004698817,0.2339816,-0.3516736,0.1400608,-0.479969,-0.6506113,0.2089601,1.9929,0.9961556,-0.0228368,-0.08457259,0.03547469,0.987883,0.1510918,0.08009736,-0.1535111,0.9848953,static,-16.97448,-1.522679,-18.08002,5.985721,-12.796753782733743,11.029555078264963
3506,05/16/2023 12:01:37.394121,3689,True,True,True,True,Eyes,0.1167657,0.2327638,-2.625256,-0.2883134,-0.0253173,0.9572014,0.0,0.0,0.0,0.0,0.0,0.0,0.0,-0.3500206,0.1525826,2.501918,0.1297513,0.2234133,-2.517665,0.07609621,0.04392678,-0.01558105,0.9960105,8.798162,4.941894,358.588,0.04179884,0.08728135,-0.995303,0.01116135,-0.004416888,0.2199427,-0.3404916,0.1408735,-0.4656737,-0.6506113,0.2089601,1.9929,0.9956554,-0.02435245,-0.08987439,0.0377231,0.9879332,0.1502164,0.08513176,-0.1529541,0.9845597,static,-16.76254,-1.51508,-18.08003,5.98572,-12.600570624952491,11.030732935388592
3507,05/16/2023 12:01:37.410102,3690,True,True,True,True,Eyes,0.1169884,0.2323897,-2.619615,-0.2846231,-0.02511512,0.9583105,0.0,0.0,0.0,0.0,0.0,0.0,0.0,-0.365663,0.1450849,2.487922,0.1300997,0.2228485,-2.505579,0.07500544,0.04723654,-0.01634654,0.9959296,8.681671,5.318868,358.5234,0.04204502,0.08737624,-0.9952843,0.01049167,-0.004151874,0.2067461,-0.3263541,0.1451019,-0.450289,-0.6506114,0.20896,1.9929,0.995003,-0.025474,-0.09654067,0.039646,0.988214,0.1478559,0.09163636,-0.1509446,0.9842858,static,-16.54169,-1.501247,-18.08003,5.985718,-12.396120387902032,11.03733857114223
3508,05/16/2023 12:01:37.429273,3691,True,True,True,True,Eyes,0.117197,0.2320506,-2.613709,-0.2808728,-0.02483392,0.9594237,0.0,0.0,0.0,0.0,0.0,0.0,0.0,-0.383074,0.1346285,2.473939,0.1301489,0.2236309,-2.493651,0.07352703,0.05099982,-0.01652127,0.9958513,8.518523,5.753736,358.528,0.04228451,0.08746632,-0.9952663,0.009862168,-0.003902762,0.1943413,-0.3106897,0.1515401,-0.4347495,-0.6506113,0.2089601,1.9929,0.9942521,-0.02540572,-0.104006,0.04040518,0.9886416,0.1447588,0.09914695,-0.1481291,0.9839857,static,-16.31747,-1.482725,-18.08002,5.985719,-12.188535634956837,11.04811690679651
3509,05/16/2023 12:01:37.439046,3692,True,True,True,True,Eyes,0.1174073,0.2317774,-2.607561,-0.2770534,-0.02445668,0.9605433,0.0,0.0,0.0,0.0,0.0,0.0,0.0,-0.3989174,0.1163665,2.460111,0.1301222,0.2240872,-2.481466,0.07029166,0.05451386,-0.01566907,0.9959127,8.147216,6.169139,358.637,0.04251797,0.08755431,-0.9952486,0.009270438,-0.003668596,0.1826809,-0.2961764,0.1637713,-0.4191268,-0.6506114,0.2089601,1.992901,0.9935654,-0.02354631,-0.1107849,0.03887378,0.9896272,0.1383003,0.1063793,-0.141717,0.9841747,static,-16.08936,-1.45851,-18.08003,5.98572,-11.977331777225407,11.063966845019415
3510,05/16/2023 12:01:37.459034,3693,True,True,True,True,Eyes,0.1232271,0.2275586,-2.448104,-0.1850852,-0.02085957,0.9825011,0.0,0.0,0.0,0.0,0.0,0.0,0.0,-0.4117597,0.1049203,2.446576,0.1303222,0.2253864,-2.469515,0.06849732,0.05736538,-0.01436598,0.9958971,7.936805,6.51008,358.7992,0.04274656,0.08764374,-0.995231,0.008714212,-0.00344848,0.17172,-0.2843305,0.1706218,-0.4046479,-0.6506113,0.2089601,1.992901,0.9930056,-0.02075533,-0.1162281,0.03647282,0.9902034,0.1347843,0.1122919,-0.1380807,0.9840347,static,-10.66845,-1.216269,-18.08002,5.985719,-6.959285648883274,11.13762957282195
3511,05/16/2023 12:01:37.479056,3694,True,True,True,True,Eyes,0.1232355,0.2275719,-2.447624,-0.1849208,-0.02070231,0.9825354,0.0,0.0,0.0,0.0,0.0,0.0,0.0,-0.4225064,0.08269726,2.433795,0.1304977,0.2277233,-2.457604,0.06468408,0.05984757,-0.01303655,0.9960243,7.493529,6.808148,358.9466,0.04372582,0.0883088,-0.99513,0.02565088,-0.01589793,0.6397863,-0.2739564,0.1868199,-0.3903949,-0.6506113,0.2089601,1.992901,0.9924966,-0.01822706,-0.1209058,0.0337118,0.9912921,0.1272934,0.1175328,-0.1304142,0.9844685,static,-10.65883,-1.20706,-18.08002,5.985719,-6.950351630544619,11.14574340339992
3512,05/16/2023 12:01:37.489032,3695,True,True,True,True,Eyes,0.1232695,0.2276558,-2.446694,-0.1848791,-0.02097767,0.9825374,2.097369,-0.2644901,0.1836579,-0.3859506,0.043909,-0.7803209,-0.6238358,-0.6485989,0.1962164,1.985248,0.1306666,0.2280307,-2.445629,0.06240857,0.06194904,-0.01226246,0.9960508,7.229471,7.056895,359.0357,0.04452361,0.08884626,-0.995047,0.02411183,-0.01494406,0.6013991,-0.2651441,0.1953691,-0.3766003,-0.6506114,0.2089601,1.992901,0.9920239,-0.01669576,-0.1249393,0.03216037,0.9919096,0.1228049,0.1218782,-0.1258435,0.984535,static,-10.65646,-1.223108,-18.08003,5.98572,-6.948211020002942,11.131086387893017
3513,05/16/2023 12:01:37.509309,3696,True,True,True,True,Eyes,0.1233072,0.2278222,-2.445343,-0.1847477,-0.02125953,0.982556,2.110488,-0.2666005,0.1829542,-0.3716702,-0.5256672,-0.6642795,-0.5314196,-0.6572723,0.1978314,1.985347,0.1307811,0.2298667,-2.433861,0.06325603,0.06351224,-0.01165244,0.9959062,7.323667,7.241899,359.1234,0.04517737,0.08928642,-0.9949785,0.02266512,-0.01404741,0.5653152,-0.2587029,0.1929269,-0.3637047,-0.6506113,0.2089601,1.992901,0.9916608,-0.01517441,-0.1279786,0.03124454,0.9917258,0.124514,0.1250303,-0.1274743,0.9839298,static,-10.64886,-1.239513,-18.08002,5.98572,-6.94123103309602,11.115963291080266
3514,05/16/2023 12:01:37.529232,3697,True,True,True,True,Eyes,0.1233778,0.2280131,-2.443583,-0.1846613,-0.02197512,0.9825565,0.0,0.0,0.0,0.0,0.0,0.0,0.0,-0.4421211,0.06775017,2.395631,0.1308828,0.2320255,-2.422425,0.06325392,0.06470037,-0.01087727,0.9958387,7.318733,7.384849,359.2213,0.04571639,0.08965427,-0.994921,0.02130521,-0.01320457,0.5313963,-0.253823,0.1941601,-0.3513914,-0.6506113,0.2089601,1.992901,0.9913911,-0.01347892,-0.1302383,0.02984912,0.9917612,0.1245739,0.1274862,-0.1273889,0.9836256,static,-10.64399,-1.281221,-18.08002,5.985718,-6.936861182836374,11.077905270968378
3515,05/16/2023 12:01:37.538842,3698,True,True,True,True,Eyes,0.1234679,0.2282335,-2.441427,-0.1845049,-0.02274936,0.9825683,0.0,0.0,0.0,0.0,0.0,0.0,0.0,-0.4455082,0.06692532,2.383364,0.1311345,0.2328702,-2.4108,0.06345414,0.06563819,-0.009851216,0.9957753,7.3347,7.500781,359.3478,0.04616577,0.08996805,-0.9948722,0.0200269,-0.01241229,0.4995125,-0.2498801,0.1930276,-0.3391217,-0.6506113,0.2089601,1.9929,0.9911891,-0.01128916,-0.131972,0.02794922,0.9917531,0.1250789,0.1294716,-0.1276653,0.9833304,static,-10.63505,-1.32633,-18.08002,5.98572,-6.928735613981088,11.036644544596465
3516,05/16/2023 12:01:37.559157,3699,True,True,True,True,Eyes,0.1236412,0.2285519,-2.438893,-0.1843032,-0.02363409,0.9825853,0.0,0.0,0.0,0.0,0.0,0.0,0.0,-0.4495598,0.06839517,2.370891,0.1316767,0.2338365,-2.399143,0.06404085,0.06662586,-0.007824664,0.9956901,7.387099,7.630106,359.5928,0.04657758,0.09026697,-0.9948261,0.01882529,-0.01166756,0.4695417,-0.2456241,0.1894109,-0.3268782,-0.6506113,0.2089601,1.9929,0.9909995,-0.007048327,-0.1336796,0.02411543,0.9916751,0.126487,0.1316752,-0.1285723,0.9829196,static,-10.62351,-1.377868,-18.08002,5.985719,-6.918224847714406,10.989467420549033
3517,05/16/2023 12:01:37.578837,3700,True,True,True,True,Eyes,0.1238577,0.2289805,-2.435983,-0.1840316,-0.0241604,0.9826234,0.0,0.0,0.0,0.0,0.0,0.0,0.0,-0.4547842,0.05829994,2.358601,0.1325166,0.2366044,-2.387401,0.06241893,0.06777934,-0.004416036,0.9957362,7.175222,7.786979,359.9808,0.04696058,0.0905585,-0.9947817,0.01769577,-0.0109675,0.4413692,-0.2405813,0.195223,-0.3143122,-0.6506113,0.2089601,1.9929,0.9907729,-0.000332985,-0.1355319,0.01725584,0.9921688,0.1237069,0.1344294,-0.1249042,0.9830196,static,-10.60781,-1.408485,-18.08002,5.98572,-6.903794875628346,10.961201863035303
3518,05/16/2023 12:01:37.589187,3701,True,True,True,True,Eyes,0.1241458,0.2294565,-2.432707,-0.1836214,-0.02442164,0.9826936,0.0,0.0,0.0,0.0,0.0,0.0,0.0,-0.4597537,0.03184459,2.346429,0.13375,0.2396237,-2.37546,0.05739235,0.06880946,-0.001051521,0.9959771,6.57292,7.923493,0.334729,0.04731917,0.09084854,-0.9947385,0.01663402,-0.01030945,0.4148871,-0.2356939,0.2153082,-0.3014464,-0.6506113,0.2089601,1.9929,0.9905283,0.005803691,-0.137186,0.009992854,0.9934101,0.1141782,0.1369446,-0.1144676,0.9839427,static,-10.58396,-1.423607,-18.08002,5.985719,-6.881770698379572,10.946805937670154
3519,05/16/2023 12:01:37.609257,3702,True,True,True,True,Eyes,0.1244859,0.2299455,-2.429074,-0.1831558,-0.02444355,0.98278,0.0,0.0,0.0,0.0,0.0,0.0,0.0,-0.4643614,0.003634974,2.333697,0.1349934,0.2412037,-2.363342,0.05174625,0.06978481,0.001432456,0.9962181,5.906257,8.043959,0.5804193,0.04766028,0.09114117,-0.9946954,0.01563598,-0.009690885,0.3899938,-0.2309738,0.2374163,-0.2885728,-0.6506114,0.2089601,1.9929,0.990256,0.01007628,-0.1388935,0.004368127,0.9946406,0.103301,0.13919,-0.1029012,0.9849048,static,-10.55682,-1.424758,-18.08003,5.98572,-6.85665544561251,10.945025270337146
3520,05/16/2023 12:01:37.629335,3703,True,True,True,True,Eyes,0.1249957,0.2304433,-2.425122,-0.1825269,-0.02457481,0.9828936,0.0,0.0,0.0,0.0,0.0,0.0,0.0,-0.4690384,-0.01319121,2.320561,0.1365633,0.2419598,-2.351165,0.04839778,0.07074074,0.003012745,0.9963155,5.509606,8.158233,0.7397273,0.04798964,0.09143907,-0.9946515,0.01469782,-0.009109431,0.3665942,-0.2258475,0.2502327,-0.2757854,-0.6506114,0.2089601,1.9929,0.9899733,0.01285068,-0.1406686,0.0008441013,0.9952971,0.09686515,0.1412518,-0.09601266,0.9853068,static,-10.5202,-1.43224,-18.08003,5.985719,-6.822786984512971,10.937231242895026
3521,05/16/2023 12:01:37.649200,3704,True,True,True,True,Eyes,0.1255669,0.230956,-2.42085,-0.1818562,-0.02473455,0.983014,0.0,0.0,0.0,0.0,0.0,0.0,0.0,-0.4740584,-0.02060744,2.307544,0.1381906,0.2427691,-2.339206,0.04703851,0.07175703,0.004514415,0.9963022,5.340895,8.281307,0.9061584,0.04831503,0.09174246,-0.9946071,0.01381595,-0.008562865,0.3445986,-0.2203653,0.2550496,-0.2631757,-0.6506114,0.2089601,1.9929,0.989661,0.01574613,-0.1425586,-0.002244754,0.9955339,0.09437703,0.143408,-0.09308127,0.9852766,static,-10.48114,-1.44137,-18.08003,5.985721,-6.786665648936413,10.927872648467325
3522,05/16/2023 12:01:37.669208,3705,True,True,True,True,Eyes,0.1262291,0.2315061,-2.416293,-0.1809402,-0.02531394,0.9831683,0.0,0.0,0.0,0.0,0.0,0.0,0.0,-0.4786661,-0.02120735,2.29469,0.1402193,0.2436481,-2.327262,0.04718862,0.07262575,0.005651694,0.9962264,5.347737,8.387758,1.042505,0.04864003,0.09205271,-0.9945628,0.012987,-0.008049093,0.3239226,-0.2149656,0.2541398,-0.250643,-0.6506114,0.2089601,1.9929,0.9893871,0.01811495,-0.14417,-0.004406516,0.9954826,0.09484202,0.1452367,-0.09320019,0.9849975,static,-10.4279,-1.474887,-18.08003,5.98572,-6.73750061588124,10.895954727958017
3523,05/16/2023 12:01:37.679420,3706,True,True,True,True,Eyes,0.1269705,0.2320606,-2.411469,-0.1796594,-0.02632307,0.9833766,0.0,0.0,0.0,0.0,0.0,0.0,0.0,-0.4828007,-0.01442261,2.282497,0.1422746,0.2452022,-2.315757,0.04910239,0.07339537,0.006539709,0.9960721,5.558329,8.484978,1.164984,0.04896911,0.0923718,-0.9945173,0.01220778,-0.007566147,0.3044873,-0.2098176,0.2469407,-0.2385862,-0.6506113,0.2089601,1.9929,0.9891407,0.02023582,-0.1455719,-0.005820267,0.9950924,0.09877899,0.1468564,-0.09685905,0.9844041,static,-10.35355,-1.53333,-18.08003,5.985719,-6.668879697797298,10.84079992387559
3524,05/16/2023 12:01:37.688993,3707,True,True,True,True,Eyes,0.1277829,0.2325996,-2.406387,-0.1783506,-0.02751087,0.9835823,0.0,0.0,0.0,0.0,0.0,0.0,0.0,-0.4870665,-0.002835155,2.27037,0.1443526,0.2459819,-2.304447,0.05203953,0.0742525,0.006443813,0.9958599,5.894164,8.589285,1.184485,0.04930542,0.09269985,-0.9944704,0.01147531,-0.007112178,0.286218,-0.2040305,0.2357614,-0.2266755,-0.6506114,0.2089601,1.9929,0.9888901,0.0205624,-0.1472195,-0.005106141,0.9945008,0.1046051,0.1485608,-0.1026912,0.9835569,static,-10.27763,-1.602149,-18.08003,5.98572,-6.598839897555756,10.7761674568324
3525,05/16/2023 12:01:37.709256,3708,True,True,True,True,Eyes,0.1286854,0.2331348,-2.401058,-0.1769851,-0.02893664,0.9837881,0.0,0.0,0.0,0.0,0.0,0.0,0.0,-0.4923351,0.008630738,2.257956,0.1468514,0.2461978,-2.293175,0.05484933,0.07524627,0.006398155,0.9956348,6.214846,8.709657,1.210119,0.049653,0.09303755,-0.9944218,0.01078679,-0.006685448,0.269045,-0.1972704,0.2244786,-0.2147817,-0.6506113,0.2089601,1.992901,0.9885941,0.02099487,-0.1491337,-0.004486037,0.9939012,0.1101827,0.1505375,-0.1082569,0.9826591,static,-10.19851,-1.684783,-18.08002,5.985719,-6.525883929734791,10.698886058374853
3526,05/16/2023 12:01:37.728838,3709,True,True,True,True,Eyes,0.1297114,0.2336772,-2.395508,-0.1753151,-0.03053015,0.9840389,0.0,0.0,0.0,0.0,0.0,0.0,0.0,-0.4995852,0.02391626,2.245064,0.1498918,0.2467096,-2.281915,0.05873704,0.07662267,0.005322004,0.9953144,6.66754,8.870132,1.130447,0.05001399,0.09338379,-0.9943714,0.01013958,-0.006284321,0.2529023,-0.1881583,0.2100753,-0.2027341,-0.6506113,0.2089601,1.992901,0.9882013,0.01959531,-0.1519021,-0.001592955,0.9930433,0.1177392,0.1531525,-0.1161081,0.9813579,static,-10.10176,-1.777052,-18.08002,5.985718,-6.436642528217652,10.612366450676369
3527,05/16/2023 12:01:37.739154,3710,True,True,True,True,Eyes,0.1307958,0.234205,-2.389744,-0.1735899,-0.0321691,0.9842925,0.0,0.0,0.0,0.0,0.0,0.0,0.0,-0.5076377,0.03285828,2.232204,0.1527114,0.2475493,-2.270883,0.06136543,0.07823358,0.004061249,0.9950364,6.977884,9.053373,1.020825,0.05039401,0.09374015,-0.9943188,0.009531208,-0.005907262,0.2377281,-0.1783278,0.2013135,-0.1907657,-0.6506114,0.2089601,1.992901,0.987726,0.01768386,-0.1551921,0.001519493,0.9924356,0.1227571,0.156189,-0.1214862,0.9802276,static,-10.00184,-1.871901,-18.08003,5.985719,-6.344475683707898,10.523415037492374
3829,05/16/2023 12:01:42.778937,4012,True,True,True,True,Eyes,2.668508,0.2267194,-2.354402,-0.3047318,-0.08764315,-0.9483972,0.0,0.0,0.0,0.0,0.0,0.0,0.0,2.970495,-0.4894838,-2.066005,2.641112,0.2289298,-2.510762,-0.01277423,0.9948699,-0.07230023,-0.06959407,8.374148,187.9379,359.1107,0.7577979,0.06452695,-0.6492895,0.04782519,-0.001011648,-0.08911504,1.717317,0.1354082,-4.401917,0.650611,0.20896,1.992901,-0.9899871,-0.01535406,0.1403213,-0.03548073,0.989219,-0.1420806,-0.1366269,-0.1456367,-0.9798589,static,17.81286,5.279814,18.08002,5.985717,19.422610064824223,16.274401663676898
3830,05/16/2023 12:01:42.789351,4013,True,True,True,True,Eyes,2.667115,0.2267841,-2.361859,-0.3086795,-0.08712783,-0.9471672,0.0,0.0,0.0,0.0,0.0,0.0,0.0,2.97294,-0.4839637,-2.073948,2.638618,0.2292355,-2.521704,-0.0125174,0.9949479,-0.07043252,-0.07043716,8.158775,188.0371,359.1325,0.7568597,0.06443287,-0.6503923,0.0,0.0,0.0,1.711573,0.1434807,-4.411637,0.6506111,0.2089601,1.992901,-0.989764,-0.01498619,0.1419259,-0.03483046,0.9897652,-0.13839,-0.1383994,-0.1419167,-0.9801559,static,18.05066,5.255722,18.08002,5.985717,19.642623099705684,16.24606255594127
3831,05/16/2023 12:01:42.809363,4014,True,True,True,True,Eyes,2.631231,0.2286179,-2.551218,-0.4023916,-0.07605346,-0.9123031,0.0,0.0,0.0,0.0,0.0,0.0,0.0,2.974015,-0.4861418,-2.081672,2.636236,0.2293408,-2.532216,-0.01224564,0.9949275,-0.07026602,-0.07093894,8.137926,188.0974,359.1667,0.7558953,0.06434315,-0.6515218,0.0,0.0,0.0,1.707308,0.1446992,-4.421275,0.6506113,0.2089601,1.992901,-0.9896356,-0.01439786,0.1428791,-0.03433624,0.9898254,-0.1380818,-0.1394373,-0.1415565,-0.9800609,static,23.80095,4.765401,18.08002,5.985717,24.963107045045994,15.644676779857035
3832,05/16/2023 12:01:42.829391,4015,True,True,True,True,Eyes,2.631133,0.2286802,-2.551631,-0.4024215,-0.07626641,-0.9122721,0.0,0.0,0.0,0.0,0.0,0.0,0.0,2.974055,-0.4963782,-2.08879,2.633785,0.2296391,-2.542613,-0.01165621,0.9948298,-0.07140948,-0.07126312,8.264431,188.1402,359.2465,0.7516021,0.06412551,-0.6564912,-0.1076539,0.00550139,-0.5680783,1.703731,0.1414809,-4.430956,0.6506109,0.20896,1.9929,-0.9895713,-0.01301417,0.1434541,-0.03336962,0.9895296,-0.1404192,-0.1401246,-0.1437419,-0.9796445,static,23.80324,4.778843,18.08002,5.985719,24.965270840445452,15.656838048728481
3833,05/16/2023 12:01:42.839091,4016,True,True,True,True,Eyes,2.630941,0.2288261,-2.552436,-0.4024873,-0.07646625,-0.9122263,0.0,0.0,0.0,0.0,0.0,0.0,0.0,2.974009,-0.5092791,-2.095368,2.631294,0.2312017,-2.552939,-0.01111067,0.9947057,-0.07290476,-0.07156868,8.431559,188.1808,359.3241,0.7479363,0.06393799,-0.6606827,-0.1011946,0.005171306,-0.5339936,1.700189,0.1380826,-4.440526,0.6506113,0.20896,1.9929,-0.9895092,-0.01166829,0.1439996,-0.03253908,0.9891229,-0.1434472,-0.1407595,-0.1466279,-0.9791258,static,23.80776,4.791547,18.08002,5.985718,24.969496148003334,15.66826791993303
3834,05/16/2023 12:01:42.859452,4017,True,True,True,True,Eyes,2.630645,0.2289817,-2.553608,-0.402687,-0.07679861,-0.9121103,0.0,0.0,0.0,0.0,0.0,0.0,0.0,2.975281,-0.5123725,-2.102454,2.628869,0.2333554,-2.563147,-0.01112395,0.9946734,-0.07284617,-0.07207438,8.425296,188.2392,359.3264,0.7447923,0.06377847,-0.6642404,-0.09512296,0.004861027,-0.501954,1.695846,0.1404809,-4.449798,0.6506113,0.2089601,1.992901,-0.9893633,-0.01162871,0.1450016,-0.03263008,0.9891394,-0.1433128,-0.1417602,-0.1465198,-0.9789976,static,23.82095,4.812885,18.08002,5.985718,24.98177431892127,15.687314451105994
3835,05/16/2023 12:01:42.879476,4018,True,True,True,True,Eyes,2.630269,0.2291345,-2.555122,-0.4029421,-0.07733319,-0.9119525,0.0,0.0,0.0,0.0,0.0,0.0,0.0,2.977781,-0.5156842,-2.107318,2.626401,0.2337556,-2.573183,-0.01153509,0.9945504,-0.07371797,-0.07281706,8.529138,188.3223,359.2927,0.741986,0.06363925,-0.6673872,-0.08941558,0.004569366,-0.4718367,1.690562,0.1368741,-4.458237,0.650611,0.2089599,1.9929,-0.9891293,-0.01220861,0.1465411,-0.03368031,0.9888652,-0.1449525,-0.1431397,-0.1483124,-0.9785269,static,23.83802,4.847062,18.08002,5.985715,24.997685899435655,15.717930922398173
3836,05/16/2023 12:01:42.889284,4019,True,True,True,True,Eyes,2.629817,0.2293037,-2.556964,-0.40335,-0.07806349,-0.9117099,0.0,0.0,0.0,0.0,0.0,0.0,0.0,2.981102,-0.5275332,-2.108827,2.624141,0.2338889,-2.582941,-0.01191334,0.9942727,-0.07646153,-0.07371326,8.847414,188.4243,359.2799,0.739424,0.06351587,-0.6702363,-0.08405065,0.004295204,-0.4435265,1.684986,0.125752,-4.465734,0.6506114,0.2089601,1.992901,-0.9888491,-0.01241776,0.148404,-0.03496267,0.9880234,-0.1502909,-0.1447603,-0.1538035,-0.9774403,static,23.8651,4.89391,18.08002,5.985717,25.022903871457693,15.759798774309825
3837,05/16/2023 12:01:42.909186,4020,True,True,True,True,Eyes,2.62929,0.2295089,-2.559114,-0.4038239,-0.07883024,-0.9114341,0.0,0.0,0.0,0.0,0.0,0.0,0.0,2.984411,-0.542383,-2.109351,2.621741,0.2344967,-2.59263,-0.01193161,0.9939759,-0.07931168,-0.07469533,9.17499,188.5399,359.311,0.737079,0.06340709,-0.6728246,-0.07900761,0.004037492,-0.4169149,1.678987,0.1152765,-4.472953,0.6506114,0.2089601,1.992901,-0.9885568,-0.01187105,0.1503834,-0.0355679,0.9871346,-0.1558853,-0.1465981,-0.1594503,-0.9762608,static,23.89643,4.94323,18.08002,5.985719,25.052063521682516,15.803799542582553
3838,05/16/2023 12:01:42.929280,4021,True,True,True,True,Eyes,2.628704,0.2297138,-2.561571,-0.4045793,-0.07951843,-0.9110392,0.0,0.0,0.0,0.0,0.0,0.0,0.0,2.988168,-0.5512235,-2.110785,2.619437,0.2355852,-2.602201,-0.01157953,0.9938127,-0.08033525,-0.07581981,9.290041,188.6744,359.371,0.7349255,0.06331228,-0.6751853,-0.07426716,0.003795242,-0.3919,1.672501,0.113025,-4.480206,0.6506114,0.2089601,1.992901,-0.9882348,-0.01083377,0.1525619,-0.03519778,0.9868243,-0.1579205,-0.1488409,-0.1614323,-0.9755955,static,23.94531,4.988318,18.08002,5.985719,25.09745237626806,15.843477371438656
3839,05/16/2023 12:01:42.949186,4022,True,True,True,True,Eyes,2.628046,0.229893,-2.564312,-0.4054214,-0.08016457,-0.9106081,0.0,0.0,0.0,0.0,0.0,0.0,0.0,2.992802,-0.5559185,-2.111991,2.616983,0.2357571,-2.611941,-0.01074714,0.9937294,-0.08011185,-0.07725645,9.257954,188.8487,359.4786,0.7329407,0.06322986,-0.6773471,-0.06981113,0.003567528,-0.368386,1.664673,0.1155266,-4.487376,0.650611,0.2089599,1.992899,-0.9878318,-0.008981177,0.1552659,-0.0337378,0.9869332,-0.1575584,-0.151822,-0.1608796,-0.9752271,static,23.99961,5.031013,18.08003,5.985717,25.14784974642524,15.88083258581287
3840,05/16/2023 12:01:42.959125,4023,True,True,True,True,Eyes,2.627315,0.2300492,-2.56732,-0.4065176,-0.0806542,-0.910076,0.0,0.0,0.0,0.0,0.0,0.0,0.0,2.997983,-0.5630911,-2.111627,2.614623,0.2353213,-2.62151,-0.009721357,0.9935979,-0.08033437,-0.07883662,9.274982,189.0419,359.6138,0.7311041,0.06315771,-0.6793359,-0.06562246,0.003353476,-0.3462828,1.656436,0.1160156,-4.494009,0.6506112,0.2089599,1.9929,-0.9873806,-0.00665166,0.1582257,-0.03198482,0.9869038,-0.1581073,-0.1551019,-0.1611729,-0.9746624,static,24.06961,5.064527,18.08003,5.985717,25.2127477625858,15.909414625285564
3841,05/16/2023 12:01:42.979287,4024,True,True,True,True,Eyes,2.626518,0.2301794,-2.570586,-0.4077118,-0.08114185,-0.9094982,0.0,0.0,0.0,0.0,0.0,0.0,0.0,3.003595,-0.571025,-2.110163,2.612154,0.2349302,-2.630949,-0.008882059,0.993422,-0.08094373,-0.08051,9.337677,189.2447,359.7321,0.7293969,0.06309404,-0.6811743,-0.06168512,0.003152267,-0.3255059,1.647749,0.1147638,-4.500198,0.6506109,0.20896,1.9929,-0.9868784,-0.004613706,0.1613987,-0.03068083,0.9867384,-0.1593924,-0.1585229,-0.1622528,-0.9739324,static,24.14584,5.098207,18.08002,5.985718,25.283412415448595,15.937979116637374
3842,05/16/2023 12:01:42.999236,4025,True,True,True,True,Eyes,2.625673,0.2302764,-2.574105,-0.4091809,-0.0815108,-0.9088053,0.0,0.0,0.0,0.0,0.0,0.0,0.0,3.010853,-0.5756497,-2.107446,2.60982,0.2344455,-2.640418,-0.008453364,0.9932305,-0.08138566,-0.08245179,9.384753,189.4748,359.8042,0.7278026,0.0630371,-0.6828827,-0.05798401,0.002963131,-0.3059755,1.638165,0.1134449,-4.505856,0.6506112,0.2089601,1.992901,-0.9862606,-0.003371491,0.1651632,-0.03021307,0.9866099,-0.1602754,-0.1624113,-0.1630634,-0.9731563,static,24.2392,5.125149,18.08002,5.985717,25.369909285328895,15.95995324871112
3843,05/16/2023 12:01:43.009431,4026,True,True,True,True,Eyes,2.624761,0.2303346,-2.577868,-0.4107492,-0.08183949,-0.908068,0.0,0.0,0.0,0.0,0.0,0.0,0.0,3.018608,-0.5793573,-2.104167,2.607357,0.2337155,-2.649948,-0.007919613,0.9930435,-0.08156993,-0.08454785,9.401054,189.7236,359.8876,0.7263067,0.06298515,-0.6844783,-0.05450497,0.002785343,-0.287617,1.627888,0.1130805,-4.51132,0.6506114,0.2089602,1.992902,-0.9855781,-0.001935918,0.1692114,-0.02952216,0.9865673,-0.1606658,-0.1666274,-0.1633441,-0.9723963,static,24.33881,5.14986,18.08002,5.985719,25.462183399787097,15.979729629440598
3844,05/16/2023 12:01:43.029036,4027,True,True,True,True,Eyes,2.62376,0.230354,-2.581859,-0.4125077,-0.08205295,-0.9072512,0.0,0.0,0.0,0.0,0.0,0.0,0.0,3.026456,-0.5834744,-2.100687,2.604857,0.2328395,-2.659563,-0.007143184,0.9928619,-0.08158341,-0.08670955,9.395059,189.9821,-0.002106231,0.7248954,0.06293646,-0.6859772,-0.05123467,0.002618223,-0.27036,1.617358,0.1136502,-4.516778,0.6506109,0.2089599,1.9929,-0.9848607,-3.626645e-05,0.1733467,-0.02833251,0.9865863,-0.1607633,-0.1710157,-0.1632408,-0.9716511,static,24.45028,5.167843,18.08002,5.985718,25.565412189407052,15.993067276776312
3845,05/16/2023 12:01:43.048897,4028,True,True,True,True,Eyes,2.622684,0.2303295,-2.586075,-0.414458,-0.08219705,-0.9063488,0.0,0.0,0.0,0.0,0.0,0.0,0.0,3.034263,-0.5871617,-2.097335,2.602371,0.2318371,-2.669127,-0.006434141,0.992676,-0.08160958,-0.08884138,9.390769,190.2366,0.1002697,0.7235566,0.0628895,-0.6873934,-0.04816059,0.002461129,-0.2541384,1.606967,0.1139442,-4.522202,0.6506107,0.20896,1.9929,-0.9841315,0.001726582,0.1774316,-0.02727465,0.9865969,-0.1608805,-0.1753312,-0.163167,-0.9708941,static,24.57382,5.181996,18.08001,5.985718,25.679799571381277,16.002595747327327
3846,05/16/2023 12:01:43.059213,4029,True,True,True,True,Eyes,2.621546,0.2302772,-2.590511,-0.4165065,-0.08236587,-0.9053939,0.0,0.0,0.0,0.0,0.0,0.0,0.0,3.042864,-0.5901486,-2.09302,2.599747,0.2306695,-2.67883,-0.00616158,0.9924369,-0.08204945,-0.09109831,9.438011,190.5023,0.1579353,0.7222795,0.06284279,-0.6887395,-0.04527095,0.002313462,-0.2388901,1.595966,0.1117726,-4.527316,0.6506112,0.2089601,1.992901,-0.9833265,0.002719174,0.1818298,-0.02717909,0.9864599,-0.1617352,-0.1798076,-0.1639804,-0.9699382,static,24.70375,5.198028,18.08002,5.985718,25.80010732353601,16.013660023462172
3847,05/16/2023 12:01:43.068921,4030,True,True,True,True,Eyes,2.620347,0.2301971,-2.595162,-0.4186688,-0.08254363,-0.9043798,0.0,0.0,0.0,0.0,0.0,0.0,0.0,3.052745,-0.5944851,-2.086656,2.597199,0.2301622,-2.688564,-0.006089956,0.9921343,-0.08289989,-0.09359565,9.534162,190.795,0.1995118,0.7210539,0.06279536,-0.6900268,-0.0425547,0.002174654,-0.2245567,1.584161,0.1083736,-4.531803,0.650611,0.20896,1.9929,-0.9824055,0.003434029,0.1867286,-0.02760224,0.986181,-0.1633556,-0.1847092,-0.1656356,-0.9687349,static,24.84105,5.214993,18.08002,5.985719,25.927239352234245,16.025373374562758
3848,05/16/2023 12:01:43.089355,4031,True,True,True,True,Eyes,2.619137,0.2300896,-2.60003,-0.4211113,-0.08269816,-0.903231,0.0,0.0,0.0,0.0,0.0,0.0,0.0,3.063609,-0.5955549,-2.079776,2.594601,0.2294199,-2.698381,-0.006069344,0.9918505,-0.08318958,-0.09630875,9.566504,191.1114,0.2314864,0.7198715,0.06274638,-0.6912646,-0.04000141,0.002044175,-0.2110832,1.571516,0.1068597,-4.536012,0.6506112,0.20896,1.9929,-0.9813757,0.003984001,0.1920575,-0.02806353,0.9860854,-0.1638542,-0.1900379,-0.1661923,-0.9676084,static,24.99624,5.23131,18.08002,5.985717,26.070927083891924,16.036013626762955
3849,05/16/2023 12:01:43.110644,4032,True,True,True,True,Eyes,2.617873,0.2299466,-2.6051,-0.4236513,-0.08288036,-0.9020258,0.0,0.0,0.0,0.0,0.0,0.0,0.0,3.075137,-0.5958465,-2.072328,2.592115,0.2286248,-2.708266,-0.006274454,0.9915393,-0.08360335,-0.09910087,9.615509,191.4353,0.2398643,0.7187247,0.06269503,-0.6924615,-0.03760133,0.001921524,-0.1984183,1.558709,0.1044474,-4.540003,0.6506113,0.20896,1.9929,-0.9802795,0.004127595,0.1975739,-0.02901307,0.9859422,-0.1645484,-0.1954757,-0.1670356,-0.9663791,static,25.15787,5.249737,18.08003,5.985717,26.220582224131928,16.048398387310826
3850,05/16/2023 12:01:43.129105,4033,True,True,True,True,Eyes,2.616549,0.2297732,-2.610364,-0.4262839,-0.08298398,-0.9007751,0.0,0.0,0.0,0.0,0.0,0.0,0.0,3.08654,-0.5949051,-2.065396,2.589616,0.2276349,-2.718192,-0.006638205,0.9912286,-0.08398053,-0.1018283,9.66224,191.7502,0.2291825,0.7176071,0.06264042,-0.6936246,-0.03534525,0.001806233,-0.1865132,1.546146,0.1017067,-4.544095,0.6506109,0.20896,1.9929,-0.9791739,0.003943234,0.2029853,-0.03026315,0.9858064,-0.1651359,-0.2007553,-0.1678397,-0.9651565,static,25.32544,5.263521,18.08002,5.985718,26.3757197404843,16.056400478542457
3851,05/16/2023 12:01:43.142861,4034,True,True,True,True,Eyes,2.615182,0.2295788,-2.615824,-0.4289983,-0.0830753,-0.8994771,0.0,0.0,0.0,0.0,0.0,0.0,0.0,3.097831,-0.5948809,-2.058483,2.587165,0.2267419,-2.728178,-0.006857153,0.9909133,-0.08435459,-0.1045386,9.707002,192.0645,0.2352413,0.7165123,0.06258193,-0.6947607,-0.03322453,0.001697859,-0.1753224,1.533732,0.09931888,-4.548247,0.6506109,0.2089599,1.9929,-0.9780493,0.004046941,0.2083343,-0.03122631,0.9856746,-0.1657425,-0.2060206,-0.1686098,-0.9639119,static,25.49843,5.276842,18.08002,5.985717,26.535872135566564,16.063834960817555
3852,05/16/2023 12:01:43.162442,4035,True,True,True,True,Eyes,2.613772,0.2293639,-2.62148,-0.4317954,-0.08304844,-0.8981401,0.0,0.0,0.0,0.0,0.0,0.0,0.0,3.108872,-0.5931632,-2.05279,2.584785,0.2260391,-2.738368,-0.007015587,0.9906411,-0.08424529,-0.1071629,9.69581,192.3685,0.2415775,0.7154352,0.06251922,-0.6958755,-0.03123106,0.001595987,-0.164803,1.521727,0.09907762,-4.552866,0.6506113,0.2089601,1.992901,-0.976934,0.004156086,0.213502,-0.0319558,0.985707,-0.1654101,-0.2111379,-0.1684173,-0.9628379,static,25.67668,5.282954,18.08002,5.985718,26.700869082234377,16.06457182612617
3853,05/16/2023 12:01:43.169131,4036,True,True,True,True,Eyes,2.61232,0.2291404,-2.627326,-0.4346594,-0.08297122,-0.8967648,0.0,0.0,0.0,0.0,0.0,0.0,0.0,3.120979,-0.591926,-2.045437,2.582353,0.2253078,-2.748704,-0.006940068,0.9903432,-0.08398988,-0.1100826,9.664903,192.7088,0.2758158,0.7143707,0.06245197,-0.6969742,-0.0293572,0.001500228,-0.1549149,1.50863,0.09980793,-4.557013,0.6506113,0.2089601,1.992901,-0.9756676,0.004745549,0.2192049,-0.03223775,0.985795,-0.1648296,-0.2168733,-0.1678856,-0.9616554,static,25.85934,5.286119,18.08002,5.985718,26.869937926570465,16.062509625020336
3854,05/16/2023 12:01:43.189283,4037,True,True,True,True,Eyes,2.61232,0.2291404,-2.627326,-0.4346594,-0.08297122,-0.8967648,0.0,0.0,0.0,0.0,0.0,0.0,0.0,3.131451,-0.5896602,-2.04099,2.57992,0.2248651,-2.759124,-0.006849862,0.9901108,-0.08339588,-0.1126008,9.595129,193.0017,0.3031336,0.7133147,0.06238027,-0.6980613,-0.02759577,0.001410214,-0.14562,1.497021,0.1021065,-4.562141,0.6506108,0.2089601,1.992901,-0.9745484,0.005216638,0.224117,-0.03234513,0.9859964,-0.1635997,-0.221832,-0.1666849,-0.9607325,static,25.85934,5.286119,18.08001,5.985718,26.869937926570465,16.062509625020336
3855,05/16/2023 12:01:43.209005,4038,True,True,True,True,Eyes,2.61232,0.2291404,-2.627326,-0.4346594,-0.08297122,-0.8967648,0.0,0.0,0.0,0.0,0.0,0.0,0.0,3.141228,-0.5860872,-2.038301,2.577488,0.2239504,-2.769815,-0.006792093,0.9899085,-0.08263618,-0.1149199,9.506852,193.2706,0.3221883,0.712363,0.06231561,-0.6990383,-0.02594002,0.001325601,-0.1368828,1.486154,0.104487,-4.567961,0.6506115,0.20896,1.992901,-0.9734949,0.005545985,0.228643,-0.03244019,0.9862502,-0.1620434,-0.2263979,-0.1651656,-0.9599296,static,25.85934,5.286119,18.08003,5.985716,26.869937926570465,16.062509625020336
3856,05/16/2023 12:01:43.228957,4039,True,True,True,True,Eyes,2.610766,0.2288552,-2.634259,-0.4383086,-0.08251913,-0.8950286,0.0,0.0,0.0,0.0,0.0,0.0,0.0,3.154145,-0.5857052,-2.030046,2.575185,0.2236082,-2.780499,-0.006355151,0.9895934,-0.08205712,-0.1180304,9.433721,193.6358,0.3945169,0.7115052,0.06225732,-0.6999165,-0.02438362,0.001246065,-0.1286698,1.472607,0.1075072,-4.571994,0.6506113,0.2089601,1.992901,-0.972057,0.006792442,0.2346473,-0.0319485,0.9864525,-0.1609062,-0.2325613,-0.1639066,-0.9586712,static,26.09167,5.267619,18.08002,5.985717,27.084906716096526,16.03940342845973
3857,05/16/2023 12:01:43.239346,4040,True,True,True,True,Eyes,2.609176,0.2285553,-2.641346,-0.4420333,-0.08205627,-0.8932376,0.0,0.0,0.0,0.0,0.0,0.0,0.0,3.16551,-0.5847101,-2.024487,2.572814,0.2230643,-2.79137,-0.00577899,0.9893364,-0.08117996,-0.12079,9.324432,193.9605,0.47477,0.7106196,0.06219088,-0.7008217,-0.0229206,0.001171301,-0.1209496,1.460303,0.1116771,-4.577014,0.6506115,0.2089602,1.992902,-0.9707531,0.00817672,0.2399421,-0.03104618,0.9867528,-0.1592325,-0.2380655,-0.1620246,-0.9576396,static,26.32926,5.248681,18.08002,5.985718,27.30474238101361,16.015756683539998
3858,05/16/2023 12:01:43.263708,4041,True,True,True,True,Eyes,2.607689,0.2282384,-2.648621,-0.4460567,-0.08142694,-0.8912929,0.0,0.0,0.0,0.0,0.0,0.0,0.0,3.177103,-0.5879532,-2.017273,2.570467,0.222291,-2.802202,-0.00513469,0.9889916,-0.08116004,-0.1236227,9.311546,194.2967,0.575399,0.709707,0.06211664,-0.7017525,-0.02154537,0.001101023,-0.1136926,1.447811,0.1124782,-4.581583,0.6506118,0.20896,1.992901,-0.9693825,0.009910111,0.245357,-0.03022277,0.9867734,-0.1592636,-0.2436901,-0.1618027,-0.9562613,static,26.58614,5.219951,18.08003,5.985716,27.542399351795297,15.982684068267151
3859,05/16/2023 12:01:43.279525,4042,True,True,True,True,Eyes,2.606173,0.2279069,-2.656042,-0.450108,-0.08082721,-0.8893086,0.0,0.0,0.0,0.0,0.0,0.0,0.0,3.18855,-0.5941506,-2.009558,2.568184,0.221461,-2.813107,-0.00440137,0.9886003,-0.08165164,-0.1264246,9.355204,194.6319,0.6935341,0.7087681,0.06203452,-0.702708,-0.02025264,0.001034962,-0.1068711,1.435536,0.1114421,-4.586132,0.6506114,0.2089601,1.992901,-0.9679952,0.01194316,0.2506856,-0.02934794,0.9866273,-0.1603288,-0.2492481,-0.1625545,-0.9547,static,26.84546,5.193213,18.08002,5.985717,27.78232119803642,15.951356844616136
3860,05/16/2023 12:01:43.289346,4043,True,True,True,True,Eyes,2.604738,0.2275749,-2.663635,-0.4543176,-0.08008577,-0.8872326,0.0,0.0,0.0,0.0,0.0,0.0,0.0,3.200052,-0.5992377,-2.002213,2.566007,0.220796,-2.824026,-0.003837883,0.9882123,-0.08207431,-0.1291735,9.392984,194.9593,0.7909044,0.7078041,0.06194487,-0.7036868,-0.01903749,0.000972864,-0.1004588,1.423576,0.1105433,-4.590747,0.6506112,0.20896,1.9929,-0.9665992,0.01361837,0.2559317,-0.02878894,0.9864982,-0.1612222,-0.2546718,-0.1632052,-0.9531562,static,27.11524,5.157808,18.08002,5.985718,28.031895576180254,15.911865562527947
3861,05/16/2023 12:01:43.309730,4044,True,True,True,True,Eyes,2.603269,0.2272379,-2.671376,-0.458519,-0.07937563,-0.8851326,0.0,0.0,0.0,0.0,0.0,0.0,0.0,3.211031,-0.6007457,-1.996949,2.563877,0.2203687,-2.835029,-0.003643274,0.9878771,-0.08212067,-0.1316887,9.393255,195.2549,0.8380738,0.7068157,0.0618481,-0.704688,0.0,0.0,0.0,1.412496,0.1106326,-4.595963,0.650611,0.2089601,1.992901,-0.9652898,0.01443051,0.2607828,-0.02882694,0.9864858,-0.1612907,-0.259586,-0.1632098,-0.9518288,static,27.3852,5.12438,18.08002,5.985718,28.281643068923696,15.874167156155783
3862,05/16/2023 12:01:43.328897,4045,True,True,True,True,Eyes,2.601907,0.2269537,-2.679298,-0.4627928,-0.07862055,-0.8829732,0.0,0.0,0.0,0.0,0.0,0.0,0.0,3.221689,-0.6006291,-1.992917,2.561672,0.2199141,-2.846265,-0.003753278,0.9875533,-0.08217979,-0.1340561,9.399663,195.5306,0.8491122,0.7058036,0.06174469,-0.7057109,0.0,0.0,0.0,1.401869,0.1100772,-4.601658,0.650611,0.2089601,1.992901,-0.9640299,0.01462028,0.265392,-0.02944653,0.9864648,-0.1613075,-0.2641582,-0.1633201,-0.950551,static,27.66039,5.088238,18.08001,5.985719,28.53622216706657,15.833859379346546
3863,05/16/2023 12:01:43.339127,4046,True,True,True,True,Eyes,2.600523,0.2267008,-2.687361,-0.4670216,-0.07776558,-0.8808197,0.0,0.0,0.0,0.0,0.0,0.0,0.0,3.231929,-0.5976002,-1.990905,2.559608,0.2207838,-2.857596,-0.004281243,0.9872882,-0.08184414,-0.1361804,9.36792,195.7728,0.8035734,0.7047689,0.06163642,-0.7067537,0.0,0.0,0.0,1.392237,0.1115481,-4.608002,0.6506108,0.20896,1.9929,-0.962873,0.0138375,0.2695995,-0.03074478,0.9865664,-0.1604415,-0.2681979,-0.1627735,-0.9495128,static,27.93309,5.045433,18.08002,5.985718,28.78847471278724,15.787560086114025
3864,05/16/2023 12:01:43.359100,4047,True,True,True,True,Eyes,2.599231,0.2264504,-2.695605,-0.4712675,-0.0767413,-0.8786454,0.0,0.0,0.0,0.0,0.0,0.0,0.0,3.241647,-0.5855921,-1.992737,2.557742,0.2212292,-2.869007,-0.004880841,0.9871914,-0.07980715,-0.1380588,9.144073,195.9799,0.7196031,0.7037119,0.06152447,-0.7078158,0.0,0.0,0.0,1.383671,0.1188778,-4.615344,0.650611,0.2089599,1.9929,-0.961832,0.01239951,0.27336,-0.0316728,0.987214,-0.1562222,-0.2718018,-0.1589175,-0.9491414,static,28.20719,4.991574,18.08002,5.985716,29.041986564194286,15.731171202489177
3865,05/16/2023 12:01:43.379205,4048,True,True,True,True,Eyes,2.566393,0.2223036,-2.905203,-0.5718387,-0.04846295,-0.8189334,2.070421,1.382447,0.1219649,-4.60074,-0.08150362,0.2058551,0.9751826,0.6511422,0.2035479,1.969663,2.555817,0.2208876,-2.880738,-0.005458143,0.9871044,-0.07822165,-0.139558,8.971858,196.1447,0.6414034,0.7026338,0.06140899,-0.708896,0.0,0.0,0.0,1.376398,0.1236808,-4.623762,0.6506108,0.20896,1.9929,-0.9609876,0.0110574,0.2763706,-0.03260843,0.9877032,-0.1529024,-0.2746628,-0.1559493,-0.9488099,static,34.92554,3.386708,18.08001,5.985719,35.25477028408573,14.0901148331406
3866,05/16/2023 12:01:43.389102,4049,True,True,True,True,Eyes,2.566454,0.2224119,-2.905729,-0.5719811,-0.04806204,-0.8188575,2.096769,1.367141,0.1216369,-4.622684,-0.2081559,-0.702341,0.6807263,0.6563642,0.1971211,1.985691,2.554048,0.2226974,-2.892459,-0.005957994,0.9870825,-0.07625247,-0.1407775,8.755164,196.2766,0.5627475,0.6976784,0.06091523,-0.7138159,-0.09851146,-0.0124404,-0.6287935,1.370275,0.1321841,-4.63289,0.6506116,0.20896,1.9929,-0.9602927,0.009707195,0.2788265,-0.03323132,0.9883001,-0.1488575,-0.2770093,-0.1522124,-0.9487348,static,34.93473,3.359066,18.08003,5.985717,35.26318482517673,14.064730599929684
3867,05/16/2023 12:01:43.409263,4050,True,True,True,True,Eyes,2.566443,0.2225753,-2.906721,-0.5721667,-0.04729264,-0.8187727,0.0,0.0,0.0,0.0,0.0,0.0,0.0,3.263121,-0.5479122,-2.013242,2.552237,0.2251785,-2.904597,-0.006030764,0.9872661,-0.07192084,-0.1417632,8.263159,196.3782,0.491175,0.6934878,0.06050016,-0.717923,-0.09260078,-0.01169397,-0.5910659,1.364959,0.1510617,-4.643414,0.650611,0.2089601,1.992901,-0.9597338,0.008483525,0.2807835,-0.0322994,0.9895821,-0.1403002,-0.2790486,-0.1437199,-0.9494613,static,34.94625,3.305754,18.08001,5.98572,35.27367123189258,14.015940866646435
3868,05/16/2023 12:01:43.429084,4051,True,True,True,True,Eyes,2.566485,0.2227975,-2.908202,-0.5724755,-0.04649232,-0.8186027,0.0,0.0,0.0,0.0,0.0,0.0,0.0,3.267901,-0.527987,-2.026379,2.550543,0.2265646,-2.91677,-0.005577818,0.9875293,-0.06678285,-0.1424603,7.671271,196.4487,0.4631634,0.6899312,0.06015216,-0.7213707,-0.08704473,-0.01099233,-0.555602,1.36085,0.1728292,-4.654687,0.6506115,0.20896,1.992901,-0.9593482,0.008011295,0.2821125,-0.03004433,0.9910179,-0.1303108,-0.2806225,-0.1334893,-0.9504905,static,34.96634,3.250606,18.08002,5.985716,35.29208342905717,13.965249820292112
3869,05/16/2023 12:01:43.439337,4052,True,True,True,True,Eyes,2.566463,0.223094,-2.910111,-0.5727716,-0.04564108,-0.8184434,0.0,0.0,0.0,0.0,0.0,0.0,0.0,3.270906,-0.5206597,-2.039193,2.548847,0.2280404,-2.929095,-0.00505699,0.9876642,-0.06409452,-0.1427787,7.357028,196.4825,0.4802851,0.6868991,0.05986143,-0.7242827,-0.08182205,-0.01033279,-0.5222659,1.358108,0.1854872,-4.666605,0.6506108,0.20896,1.9929,-0.9591773,0.00831345,0.2826831,-0.02829188,0.9917326,-0.1251637,-0.2813866,-0.1280518,-0.9510123,static,34.9855,3.191834,18.08002,5.985719,35.3096229294923,13.911288517409233
3870,05/16/2023 12:01:43.459289,4053,True,True,True,True,Eyes,2.566459,0.2234432,-2.912438,-0.5731742,-0.04505158,-0.8181941,0.0,0.0,0.0,0.0,0.0,0.0,0.0,3.272394,-0.5246592,-2.051569,2.547293,0.2301328,-2.941276,-0.004324687,0.9877169,-0.06330601,-0.1427903,7.255367,196.487,0.5507818,0.6842837,0.05961893,-0.7267742,-0.07691272,-0.009712826,-0.4909299,1.356622,0.1919271,-4.678933,0.6506112,0.20896,1.9929,-0.9591845,0.009535839,0.2826204,-0.0266221,0.9919472,-0.1238218,-0.2815253,-0.1262919,-0.9512066,static,35.01262,3.15165,18.08002,5.985718,35.33459098078443,13.87401454090813
3871,05/16/2023 12:01:43.469095,4054,True,True,True,True,Eyes,2.566387,0.2237833,-2.915124,-0.5735652,-0.04461514,-0.817944,0.0,0.0,0.0,0.0,0.0,0.0,0.0,3.272517,-0.5386313,-2.062681,2.545597,0.2317494,-2.953028,-0.003222465,0.9876858,-0.0641687,-0.1426491,7.33534,196.4807,0.6898685,0.6818929,0.05940646,-0.7290353,-0.07229796,-0.009130057,-0.4614741,1.355577,0.1923073,-4.691103,0.6506113,0.20896,1.9929,-0.9592819,0.01194165,0.2821986,-0.02467278,0.9917439,-0.1258377,-0.2813714,-0.1276764,-0.9510673,static,35.03921,3.122131,18.08002,5.985717,35.35910366020501,13.846452895658118
3872,05/16/2023 12:01:43.489242,4055,True,True,True,True,Eyes,2.566363,0.2240949,-2.918186,-0.5740844,-0.04470471,-0.8175749,0.0,0.0,0.0,0.0,0.0,0.0,0.0,3.273021,-0.5629144,-2.06954,2.543911,0.2320083,-2.964326,-0.001642716,0.9874968,-0.06681233,-0.1427706,7.60963,196.5143,0.9152818,0.6797003,0.05922057,-0.7310951,-0.06796008,-0.008582254,-0.4337857,1.35366,0.1854972,-4.702068,0.6506109,0.20896,1.9929,-0.9592277,0.01583333,0.2821906,-0.02232203,0.9910668,-0.1314849,-0.2817515,-0.132423,-0.9503053,static,35.07575,3.129797,18.08002,5.985718,35.39294802097284,13.852435551949437
3873,05/16/2023 12:01:43.509154,4056,True,True,True,True,Eyes,2.566259,0.2244656,-2.921564,-0.574597,-0.04501816,-0.8171974,0.0,0.0,0.0,0.0,0.0,0.0,0.0,3.273575,-0.5973039,-2.072591,2.541903,0.2317831,-2.975516,0.0001188599,0.9871346,-0.07133903,-0.1430945,8.09463,196.5808,1.195215,0.6776828,0.05905749,-0.7329786,-0.06388248,-0.008067318,-0.4077585,1.350677,0.1714349,-4.712164,0.6506115,0.20896,1.9929,-0.9590481,0.0206511,0.2824901,-0.02018178,0.9898214,-0.1408765,-0.282524,-0.1408084,-0.9488696,static,35.11225,3.15315,18.08003,5.985717,35.426807079918305,13.87268393861899
3874,05/16/2023 12:01:43.529135,4057,True,True,True,True,Eyes,2.566207,0.2249418,-2.925284,-0.5752363,-0.04525027,-0.8167347,0.0,0.0,0.0,0.0,0.0,0.0,0.0,3.273331,-0.6331884,-2.076852,2.539985,0.2337443,-2.987101,0.002000585,0.9867977,-0.07554188,-0.1432475,8.540933,196.6299,1.482848,0.6758187,0.05891626,-0.7347091,-0.06004953,-0.007583279,-0.383293,1.348362,0.1609899,-4.723002,0.6506114,0.20896,1.992901,-0.9589525,0.02559071,0.2824103,-0.01769402,0.9885789,-0.1496622,-0.2830148,-0.1485159,-0.9475474,static,35.15751,3.171166,18.08002,5.985717,35.46875623845318,13.887842311634877
3875,05/16/2023 12:01:43.539066,4058,True,True,True,True,Eyes,2.56607,0.2254856,-2.929345,-0.5758481,-0.04516105,-0.8163084,0.0,0.0,0.0,0.0,0.0,0.0,0.0,3.272789,-0.6470767,-2.087302,2.538039,0.2368282,-2.998158,0.004022919,0.9868278,-0.07501154,-0.1432765,8.446982,196.6479,1.705227,0.67409,0.05879701,-0.736305,-0.05644656,-0.007128282,-0.3602954,1.346576,0.169835,-4.7344,0.6506111,0.20896,1.992901,-0.9589115,0.02943463,0.2821749,-0.01355492,0.9887142,-0.1491997,-0.2833819,-0.1468942,-0.9476905,static,35.20028,3.166576,18.08002,5.985717,35.508326280922276,13.882511731392883
3876,05/16/2023 12:01:43.559397,4059,True,True,True,True,Eyes,2.565833,0.2260476,-2.933689,-0.5766802,-0.04469689,-0.8157464,0.0,0.0,0.0,0.0,0.0,0.0,0.0,3.272699,-0.6469762,-2.101585,2.535782,0.2390672,-3.009726,0.00618632,0.9870448,-0.07174117,-0.1433784,8.039142,196.6633,1.89741,0.672478,0.05869902,-0.7377854,-0.05305976,-0.006700586,-0.3386777,1.34438,0.1884841,-4.746566,0.6506112,0.20896,1.9929,-0.9588088,0.03278461,0.2821541,-0.008359915,0.9896299,-0.1433975,-0.2839294,-0.1398496,-0.9485918,static,35.25785,3.13625,18.08003,5.985717,35.56150940558556,13.853378371319941
3877,05/16/2023 12:01:43.578930,4060,True,True,True,True,Eyes,2.565498,0.2266183,-2.938309,-0.5774722,-0.04406678,-0.8152202,0.0,0.0,0.0,0.0,0.0,0.0,0.0,3.272521,-0.6432453,-2.115955,2.533176,0.2400931,-3.020892,0.008308366,0.9872664,-0.0680929,-0.1435255,7.589037,196.6809,2.078514,0.6709662,0.05862039,-0.7391668,-0.04987618,-0.00629855,-0.3183571,1.341769,0.2072809,-4.758155,0.6506115,0.20896,1.992901,-0.958663,0.03595128,0.2822644,-0.003140997,0.9905887,-0.1368366,-0.2845273,-0.1320667,-0.9495278,static,35.31236,3.094116,18.08002,5.985716,35.61182145936818,13.813590411876783
3878,05/16/2023 12:01:43.589343,4061,True,True,True,True,Eyes,2.565056,0.2272191,-2.943169,-0.5784445,-0.04354587,-0.8145586,0.0,0.0,0.0,0.0,0.0,0.0,0.0,3.27091,-0.652277,-2.128621,2.530498,0.2409726,-3.032137,0.01064216,0.9873416,-0.06672631,-0.1434955,7.395005,196.6884,2.321207,0.6695403,0.05855924,-0.7404635,-0.04688361,-0.005920637,-0.2992556,1.339683,0.2176517,-4.769959,0.6506114,0.20896,1.992901,-0.9585918,0.04016475,0.2819379,0.001865047,0.9908686,-0.1348175,-0.2847784,-0.1287091,-0.9499134,static,35.3798,3.060089,18.08003,5.985717,35.674127422451235,13.780824679768827
3879,05/16/2023 12:01:43.609156,4062,True,True,True,True,Eyes,2.564503,0.2278724,-2.948262,-0.5793666,-0.04307043,-0.8139282,0.0,0.0,0.0,0.0,0.0,0.0,0.0,3.268279,-0.6694803,-2.139127,2.527501,0.2424417,-3.042806,0.01295512,0.9873149,-0.06687398,-0.1434203,7.373406,196.697,2.587038,0.6681874,0.05851441,-0.741688,-0.04407059,-0.005565399,-0.2813003,1.337364,0.222827,-4.781138,0.6506114,0.20896,1.992901,-0.9585258,0.04476376,0.2814693,0.006399403,0.99072,-0.1357674,-0.2849348,-0.1283353,-0.9499173,static,35.44385,3.029081,18.08002,5.985716,35.733305771988505,13.750895898830857
3880,05/16/2023 12:01:43.629161,4063,True,True,True,True,Eyes,2.56383,0.2285629,-2.953554,-0.5804511,-0.04278369,-0.8131704,0.0,0.0,0.0,0.0,0.0,0.0,0.0,3.265171,-0.6920366,-2.148359,2.524308,0.2445112,-3.053486,0.01494103,0.9872078,-0.06830264,-0.143291,7.502877,196.7034,2.837181,0.6668959,0.05848547,-0.7428518,-0.04142636,-0.005231475,-0.2644223,1.334888,0.2231315,-4.792288,0.6506112,0.20896,1.992901,-0.9584891,0.04907412,0.280875,0.009925501,0.9902231,-0.1391396,-0.2849571,-0.130576,-0.9496051,static,35.51971,3.011751,18.08002,5.985716,35.803459797921455,13.733085510246577
3881,05/16/2023 12:01:43.639525,4064,True,True,True,True,Eyes,2.563036,0.2292529,-2.959044,-0.5815289,-0.04263806,-0.8124076,0.0,0.0,0.0,0.0,0.0,0.0,0.0,3.263391,-0.7107596,-2.155342,2.520771,0.2462253,-3.063573,0.0162898,0.98706,-0.06980386,-0.1434396,7.650385,196.7385,3.01813,0.6656557,0.05847166,-0.7439646,-0.03894078,-0.004917587,-0.248557,1.330957,0.2216784,-4.802064,0.6506116,0.2089601,1.992901,-0.9583198,0.05218329,0.2808928,0.01213274,0.9897242,-0.1424744,-0.2854412,-0.133128,-0.9491054,static,35.59544,3.004331,18.08002,5.985718,35.873526177176124,13.724290090888127
3882,05/16/2023 12:01:43.660299,4065,True,True,True,True,Eyes,2.562116,0.2299472,-2.9647,-0.5828812,-0.04277671,-0.8114306,0.0,0.0,0.0,0.0,0.0,0.0,0.0,3.263804,-0.7291206,-2.158931,2.517122,0.2470116,-3.073777,0.01703291,0.9868022,-0.07210036,-0.1439895,7.896987,196.8208,3.147135,0.6644574,0.05847131,-0.7450348,-0.03660433,-0.004622532,-0.2336435,1.325318,0.2152484,-4.810788,0.6506112,0.20896,1.9929,-0.9579538,0.05437961,0.281722,0.01285285,0.9890229,-0.1472027,-0.2866344,-0.1373924,-0.9481371,static,35.69111,3.017705,18.08003,5.985719,35.9621163019304,13.733863966850542
3883,05/16/2023 12:01:43.679302,4066,True,True,True,True,Eyes,2.561083,0.2306686,-2.970526,-0.5842412,-0.0429979,-0.8104402,0.0,0.0,0.0,0.0,0.0,0.0,0.0,3.264766,-0.7463939,-2.160966,2.513306,0.2478395,-3.083414,0.01759752,0.986519,-0.07439461,-0.144693,8.145704,196.9202,3.257452,0.6632932,0.05848314,-0.7460706,-0.03440807,-0.00434518,-0.2196249,1.318937,0.2085778,-4.818507,0.6506106,0.2089599,1.992899,-0.9575083,0.05624935,0.2828665,0.01319182,0.9883115,-0.1518759,-0.2881032,-0.1416909,-0.9470586,static,35.78759,3.03698,18.08002,5.98572,36.05147556629969,13.748781887653623
3884,05/16/2023 12:01:43.689298,4067,True,True,True,True,Eyes,2.559914,0.231415,-2.976503,-0.5858794,-0.04320868,-0.8092455,0.0,0.0,0.0,0.0,0.0,0.0,0.0,3.268501,-0.757266,-2.161392,2.509537,0.2493411,-3.093254,0.01754067,0.9862301,-0.07604323,-0.145808,8.330163,197.0594,3.289385,0.6621566,0.05850648,-0.7470778,-0.03234359,-0.004084469,-0.2064474,1.311111,0.2039679,-4.825399,0.6506108,0.20896,1.9929,-0.9568647,0.0567737,0.2849327,0.01242286,0.9878195,-0.1551073,-0.2902682,-0.1448771,-0.9459149,static,35.90387,3.056337,18.08001,5.985717,36.15916071421708,13.763238862014244
3885,05/16/2023 12:01:43.709417,4068,True,True,True,True,Eyes,2.558614,0.2321553,-2.982631,-0.5875333,-0.0433536,-0.8080379,0.0,0.0,0.0,0.0,0.0,0.0,0.0,3.271812,-0.7583642,-2.164918,2.505223,0.2507088,-3.102859,0.01745942,0.9860902,-0.07588219,-0.1468444,8.309816,197.1788,3.286034,0.6610405,0.05854075,-0.7480628,-0.03040297,-0.003839401,-0.1940606,1.303173,0.2060115,-4.83251,0.6506113,0.2089599,1.9929,-0.956264,0.05671888,0.286954,0.01214738,0.9878742,-0.154781,-0.2922534,-0.1445257,-0.9453574,static,36.02132,3.071142,18.08003,5.985715,36.267913731455934,13.77352492559897
3886,05/16/2023 12:01:43.729207,4069,True,True,True,True,Eyes,2.557173,0.2328739,-2.988891,-0.5894064,-0.04339417,-0.8066704,0.0,0.0,0.0,0.0,0.0,0.0,0.0,3.276602,-0.7540925,-2.168017,2.500817,0.2512719,-3.112531,0.01725163,0.9859672,-0.07501013,-0.1481366,8.210128,197.3228,3.257586,0.6599393,0.05858465,-0.7490309,-0.02857879,-0.003609037,-0.1824169,1.294298,0.2097543,-4.839145,0.6506107,0.20896,1.9929,-0.9555159,0.05624259,0.2895276,0.0117956,0.9881517,-0.1530263,-0.2947038,-0.1428039,-0.944858,static,36.15432,3.079211,18.08002,5.98572,36.3910366253946,13.777265181295602
3887,05/16/2023 12:01:43.739045,4070,True,True,True,True,Eyes,2.555598,0.233564,-2.995282,-0.5912943,-0.04339559,-0.8052875,0.0,0.0,0.0,0.0,0.0,0.0,0.0,3.282378,-0.7483211,-2.169339,2.496119,0.251458,-3.121887,0.01688598,0.9858074,-0.07412945,-0.1496784,8.111492,197.4948,3.212797,0.6588477,0.05863663,-0.7499873,-0.02686406,-0.003392494,-0.1714719,1.284241,0.2129029,-4.844813,0.6506109,0.2089598,1.992899,-0.9546223,0.0554838,0.2926047,0.01110148,0.9884394,-0.1512096,-0.2976116,-0.1410998,-0.9442023,static,36.28853,3.08459,18.08003,5.985717,36.51527054905961,13.778526615508827
3888,05/16/2023 12:01:43.759329,4071,True,True,True,True,Eyes,2.553884,0.2342155,-3.001785,-0.5927638,-0.04308023,-0.8042234,0.0,0.0,0.0,0.0,0.0,0.0,0.0,3.287455,-0.7447331,-2.171074,2.491374,0.2514383,-3.131354,0.01666109,0.9856373,-0.07353765,-0.1511087,8.043658,197.6566,3.188155,0.6577615,0.05869512,-0.7509356,-0.02525222,-0.003188945,-0.1611836,1.274533,0.2149883,-4.850824,0.6506113,0.20896,1.9929,-0.9537773,0.05506796,0.2954264,0.01061922,0.9886292,-0.1499982,-0.3003273,-0.1399276,-0.9435169,static,36.39258,3.066261,18.08003,5.985716,36.61151214172056,13.759045379309121
3889,05/16/2023 12:01:43.779431,4072,True,True,True,True,Eyes,2.552024,0.2348337,-3.008404,-0.5942575,-0.0427212,-0.8031394,0.0,0.0,0.0,0.0,0.0,0.0,0.0,3.291455,-0.7416756,-2.173501,2.486388,0.2511536,-3.140488,0.01657503,0.9854842,-0.07294592,-0.1523972,7.973909,197.8029,3.178015,0.6566769,0.05875844,-0.7518793,-0.02373709,-0.002997608,-0.1515126,1.26511,0.2170357,-4.856857,0.6506106,0.20896,1.9929,-0.9530006,0.05490237,0.297952,0.01043535,0.9888083,-0.1488261,-0.3027883,-0.1387221,-0.9429079,static,36.49841,3.044851,18.08001,5.985719,36.70939103052273,13.736714357635957
3890,05/16/2023 12:01:43.789313,4073,True,True,True,True,Eyes,2.550013,0.2354234,-3.015127,-0.5955098,-0.04212007,-0.8022431,0.0,0.0,0.0,0.0,0.0,0.0,0.0,3.295236,-0.7388842,-2.176116,2.481068,0.2509634,-3.149814,0.01662404,0.9853308,-0.07223861,-0.1537158,7.888577,197.9532,3.181203,0.6555908,0.05882524,-0.7528214,-0.02231286,-0.002817751,-0.1424218,1.255288,0.2198706,-4.863029,0.6506113,0.20896,1.9929,-0.9521903,0.0549688,0.3005201,0.01055193,0.9890105,-0.1474686,-0.3053237,-0.1372471,-0.9423062,static,36.58672,3.005434,18.08003,5.985717,36.79099515965801,13.698482889968169
3891,05/16/2023 12:01:43.809646,4074,True,True,True,True,Eyes,2.547853,0.2359927,-3.021955,-0.5968044,-0.04143767,-0.8013161,0.0,0.0,0.0,0.0,0.0,0.0,0.0,3.299325,-0.7357984,-2.177886,2.475508,0.25084,-3.158965,0.01650747,0.9851544,-0.07165854,-0.155124,7.820384,198.1134,3.168397,0.6544994,0.05889448,-0.7537649,-0.02097409,-0.002648686,-0.1338765,1.244885,0.2219955,-4.868745,0.6506115,0.20896,1.992901,-0.9513283,0.05475674,0.3032764,0.01029291,0.9891851,-0.1463109,-0.308008,-0.136068,-0.9416034,static,36.67801,2.960243,18.08003,5.985716,36.87533834940973,13.65492035781598
3892,05/16/2023 12:01:43.829387,4075,True,True,True,True,Eyes,2.545535,0.2365007,-3.02888,-0.598052,-0.04050628,-0.800433,0.0,0.0,0.0,0.0,0.0,0.0,0.0,3.303564,-0.7299095,-2.180441,2.469798,0.2508918,-3.168244,0.01661193,0.9850191,-0.07028551,-0.1565933,7.658161,198.278,3.166127,0.6533998,0.05896541,-0.7547127,-0.01971564,-0.002489765,-0.1258439,1.23424,0.2277066,-4.874546,0.6506117,0.2089599,1.9929,-0.9504054,0.05473861,0.3061596,0.01071366,0.989568,-0.1436677,-0.3108299,-0.1332625,-0.9410772,static,36.76564,2.897008,18.08004,5.985716,36.956234586743946,13.595048876474682
3893,05/16/2023 12:01:43.839397,4076,True,True,True,True,Eyes,2.543055,0.2369397,-3.035896,-0.5993365,-0.03956019,-0.799519,0.0,0.0,0.0,0.0,0.0,0.0,0.0,3.307166,-0.724709,-2.183147,2.463786,0.2498966,-3.177419,0.01710749,0.9848796,-0.06881858,-0.1580618,7.478142,198.4447,3.206141,0.6522895,0.05903632,-0.755667,-0.01853271,-0.002340379,-0.1182933,1.223391,0.2334614,-4.880287,0.650611,0.20896,1.9929,-0.9494476,0.05545281,0.3089891,0.01194245,0.9899427,-0.1409641,-0.3136984,-0.1301479,-0.9405609,static,36.85601,2.832684,18.08002,5.985718,37.03966320236919,13.534113029409898
3894,05/16/2023 12:01:43.859167,4077,True,True,True,True,Eyes,2.5404,0.2373283,-3.043,-0.6006797,-0.03862897,-0.798556,0.0,0.0,0.0,0.0,0.0,0.0,0.0,3.309405,-0.7273493,-2.183774,2.457182,0.2487001,-3.185979,0.01788139,0.984648,-0.06856673,-0.1595217,7.430488,198.6193,3.300514,0.6511666,0.05910549,-0.7566295,-0.01742074,-0.002199956,-0.1111957,1.211939,0.2349763,-4.88533,0.6506112,0.2089601,1.992901,-0.9484665,0.05708953,0.3116934,0.01333799,0.9899577,-0.1407332,-0.3165976,-0.1293233,-0.9397031,static,36.95075,2.76944,18.08002,5.985717,37.127139971132955,13.474041066813736
3895,05/16/2023 12:01:43.879023,4078,True,True,True,True,Eyes,2.537703,0.2377339,-3.050318,-0.6020778,-0.03777887,-0.7975432,0.0,0.0,0.0,0.0,0.0,0.0,0.0,3.311524,-0.7359017,-2.183363,2.450408,0.2479418,-3.195127,0.01888922,0.9843449,-0.06906817,-0.1610524,7.463208,198.8083,3.436484,0.6500285,0.05917188,-0.7576022,-0.0163755,-0.002067959,-0.104524,1.200061,0.2345707,-4.890728,0.650611,0.20896,1.9929,-0.9474107,0.05943421,0.3144529,0.01493983,0.9897456,-0.1420581,-0.3196715,-0.1298895,-0.9385835,static,37.04972,2.71202,18.08002,5.985718,37.21855095883325,13.419150633271839
3896,05/16/2023 12:01:43.889367,4079,True,True,True,True,Eyes,2.534811,0.2380766,-3.057704,-0.6036345,-0.03704084,-0.7964003,0.0,0.0,0.0,0.0,0.0,0.0,0.0,3.318137,-0.7526591,-2.182866,2.447008,0.2488846,-3.208058,0.02005578,0.9839455,-0.07050037,-0.1627234,7.597313,199.0208,3.609984,0.6488736,0.05923598,-0.7585866,0.0,0.0,0.0,1.191022,0.2327238,-4.899462,0.6506115,0.20896,1.9929,-0.946238,0.06241172,0.3173941,0.01652347,0.989255,-0.1452641,-0.3230498,-0.1322099,-0.9371018,static,37.16044,2.662926,18.08003,5.985717,37.32086444536749,13.371513484497543
3897,05/16/2023 12:01:43.909287,4080,True,True,True,True,Eyes,2.531824,0.2384168,-3.065257,-0.6053162,-0.03641383,-0.7951518,0.0,0.0,0.0,0.0,0.0,0.0,0.0,3.323858,-0.7627782,-2.175272,2.439536,0.247817,-3.216972,0.02071283,0.9834327,-0.07177966,-0.1651636,7.720394,199.319,3.729131,0.6476998,0.05929651,-0.7595844,0.0,0.0,0.0,1.175209,0.2286523,-4.902119,0.6506115,0.20896,1.992901,-0.9445843,0.06445012,0.321881,0.01702858,0.9888373,-0.1480229,-0.327828,-0.1343389,-0.9351377,static,37.28052,2.622017,18.08002,5.985716,37.431867934774644,13.331066045079018
3898,05/16/2023 12:01:43.929392,4081,True,True,True,True,Eyes,2.528627,0.2387078,-3.072868,-0.6072584,-0.03581201,-0.7936969,0.0,0.0,0.0,0.0,0.0,0.0,0.0,3.334666,-0.7764341,-2.165024,2.434393,0.248186,-3.22836,0.02129211,0.9827975,-0.07348364,-0.1680952,7.890532,199.6774,3.852739,0.6465057,0.05935366,-0.7605965,0.0,0.0,0.0,1.160017,0.2244149,-4.905861,0.6506111,0.2089599,1.9929,-0.9425815,0.06655616,0.3272779,0.01714717,0.9882936,-0.1515973,-0.3335364,-0.1372809,-0.9326885,static,37.41964,2.583463,18.08002,5.985716,37.56050139437474,13.29224511967381
3899,05/16/2023 12:01:43.939156,4082,True,True,True,True,Eyes,2.525285,0.2389909,-3.080583,-0.6093813,-0.03521874,-0.7920947,0.0,0.0,0.0,0.0,0.0,0.0,0.0,3.345248,-0.7818601,-2.15069,2.426274,0.247347,-3.2372,0.02144977,0.9821134,-0.07445487,-0.1716095,7.983289,200.0966,3.91916,0.64529,0.05940662,-0.761624,0.0,0.0,0.0,1.139914,0.2210531,-4.905492,0.6506115,0.2089599,1.9929,-0.9401804,0.06768654,0.3338858,0.01657789,0.9879928,-0.1536082,-0.340274,-0.1388843,-0.9300136,static,37.57212,2.545853,18.08003,5.985715,37.70150312754493,13.253921266121665
3900,05/16/2023 12:01:43.959135,4083,True,True,True,True,Eyes,2.521713,0.2392179,-3.088349,-0.6118051,-0.03459398,-0.7902517,0.0,0.0,0.0,0.0,0.0,0.0,0.0,3.360648,-0.7810646,-2.134466,2.419621,0.247446,-3.247178,0.02131655,0.9813992,-0.07441546,-0.1756799,7.965267,200.5722,3.936394,0.6440511,0.05945564,-0.7626682,0.0,0.0,0.0,1.119518,0.2219729,-4.904794,0.6506113,0.2089599,1.992899,-0.9373643,0.0679867,0.3416517,0.01569348,0.9880159,-0.1535524,-0.3479969,-0.1385728,-0.9271978,static,37.74669,2.506574,18.08003,5.985717,37.862944448749005,13.213482295129722
3901,05/16/2023 12:01:43.978990,4084,True,True,True,True,Eyes,2.517964,0.2394283,-3.096185,-0.6144664,-0.03396452,-0.7882116,0.0,0.0,0.0,0.0,0.0,0.0,0.0,3.376665,-0.7752942,-2.114333,2.410727,0.2463036,-3.255929,0.02104091,0.9805902,-0.07391649,-0.1803793,7.895855,201.1175,3.932502,0.6427874,0.05949982,-0.76373,0.0,0.0,0.0,1.09488,0.2232214,-4.901112,0.6506113,0.20896,1.9929,-0.9340414,0.06793103,0.3506458,0.01459901,0.9881873,-0.1525543,-0.3568669,-0.1373729,-0.9239994,static,37.93893,2.467384,18.08002,5.985717,38.04074028485735,13.172646351049622
3902,05/16/2023 12:01:43.998990,4085,True,True,True,True,Eyes,2.513973,0.2395932,-3.104056,-0.6174066,-0.03326088,-0.7859408,0.0,0.0,0.0,0.0,0.0,0.0,0.0,3.396589,-0.76946,-2.089767,2.402917,0.2460971,-3.265186,0.02052851,0.979642,-0.07351197,-0.185677,7.840017,201.7325,3.908152,0.641498,0.05953933,-0.7648103,0.0,0.0,0.0,1.069395,0.2247054,-4.896098,0.6506112,0.20896,1.9929,-0.9302052,0.06752015,0.3607757,0.01292223,0.9883491,-0.1516542,-0.3668121,-0.1364075,-0.9202401,static,38.15189,2.423302,18.08003,5.985718,38.23769709850757,13.126801574299865
3903,05/16/2023 12:01:44.009297,4086,True,True,True,True,Eyes,2.509769,0.2397046,-3.111957,-0.6206769,-0.03260438,-0.7833883,0.0,0.0,0.0,0.0,0.0,0.0,0.0,3.417422,-0.7606239,-2.060893,2.393373,0.2451139,-3.273572,0.0198004,0.9785575,-0.07299704,-0.191585,7.774619,202.4173,3.861274,0.6401812,0.05957364,-0.7659101,0.0,0.0,0.0,1.04028,0.2255003,-4.888306,0.6506111,0.2089601,1.992902,-0.9258065,0.06672194,0.3720632,0.01078138,0.9885588,-0.1504505,-0.3778447,-0.1352767,-0.9159335,static,38.38971,2.383257,18.08001,5.985717,38.45767604749612,13.08395539551611
3904,05/16/2023 12:01:44.029297,4087,True,True,True,True,Eyes,2.505315,0.2397612,-3.119873,-0.6242242,-0.03203397,-0.7805882,0.0,0.0,0.0,0.0,0.0,0.0,0.0,3.44168,-0.752362,-2.025739,2.384292,0.2440838,-3.281828,0.01879467,0.9772579,-0.07295651,-0.1982203,7.766927,203.1899,3.799507,0.6388366,0.05960211,-0.7670298,0.0,0.0,0.0,1.009336,0.2240613,-4.877981,0.650611,0.20896,1.992901,-0.920711,0.06565741,0.3846824,0.00781155,0.9886482,-0.1500456,-0.3901672,-0.1351437,-0.9107723,static,38.64878,2.35,18.08001,5.985716,38.697345016764004,13.046707015746383
3905,05/16/2023 12:01:44.039187,4088,True,True,True,True,Eyes,2.50062,0.2397866,-3.127789,-0.6281337,-0.03151592,-0.7774669,0.0,0.0,0.0,0.0,0.0,0.0,0.0,3.467711,-0.7442209,-1.984683,2.374163,0.2426127,-3.289733,0.01762182,0.9757307,-0.07327639,-0.205596,7.801996,204.0522,3.733845,0.637463,0.05962414,-0.7681701,0.0,0.0,0.0,0.9751248,0.2206393,-4.864794,0.650611,0.20896,1.9929,-0.9148397,0.06451895,0.3986301,0.004257634,0.9886401,-0.150242,-0.4037951,-0.1357501,-0.9047219,static,38.93556,2.32131,18.08002,5.985717,38.96267564642307,13.01286209727246
3906,05/16/2023 12:01:44.059253,4089,True,True,True,True,Eyes,2.377059,0.2407801,-3.325724,-0.7281091,-0.01545363,-0.6852871,0.0,0.0,0.0,0.0,0.0,0.0,0.0,3.496096,-0.7357643,-1.93778,2.364011,0.2418583,-3.297269,0.01645515,0.9739935,-0.07347254,-0.2137,7.82169,205.0011,3.672451,0.6360594,0.05963981,-0.7693314,0.0,0.0,0.0,0.9388797,0.2185197,-4.848741,0.6506108,0.2089601,1.992901,-0.9081231,0.06345658,0.4138669,0.000652242,0.988662,-0.1501565,-0.4187029,-0.1360906,-0.8978683,static,46.73537,1.291835,18.08001,5.985719,46.17828659922098,11.86577641379391
3907,05/16/2023 12:01:44.079374,4090,True,True,True,True,Eyes,2.376611,0.2408166,-3.326016,-0.728638,-0.01538211,-0.6847262,0.0,0.0,0.0,0.0,0.0,0.0,0.0,3.526052,-0.726506,-1.8863,2.353478,0.2421948,-3.304763,0.01525892,0.9720637,-0.07340807,-0.2224203,7.812219,206.0226,3.606514,0.6287727,0.05953032,-0.7753066,-0.3706834,0.00298056,-0.5938046,0.9006968,0.218463,-4.830369,0.6506111,0.2089601,1.992901,-0.9005929,0.06232019,0.4301732,-0.002989608,0.9887568,-0.1495024,-0.4346537,-0.1359269,-0.8902813,static,46.77955,1.286911,18.08001,5.985717,46.21916054628925,11.860103982663942
3908,05/16/2023 12:01:44.089405,4091,True,True,True,True,Eyes,2.375728,0.2408271,-3.326598,-0.7295613,-0.01505912,-0.6837496,0.0,0.0,0.0,0.0,0.0,0.0,0.0,3.557755,-0.7108669,-1.830591,2.342693,0.2430354,-3.311606,0.01404909,0.9699828,-0.07212727,-0.2318058,7.666751,207.1162,3.511061,0.6226803,0.05943932,-0.780215,-0.3484424,0.002801726,-0.5581763,0.8607294,0.2233518,-4.80894,0.6506112,0.2089601,1.992901,-0.8921376,0.06069379,0.4476685,-0.006184277,0.9892005,-0.1464377,-0.4517218,-0.1334111,-0.8821277,static,46.85657,1.261697,18.08002,5.985717,46.290362200668774,11.835093068577308
3909,05/16/2023 12:01:44.109227,4092,True,True,True,True,Eyes,2.374398,0.2407889,-3.327438,-0.7310364,-0.01477711,-0.6821784,0.0,0.0,0.0,0.0,0.0,0.0,0.0,3.591175,-0.6875854,-1.772069,2.331785,0.2423077,-3.318676,0.01318313,0.9677531,-0.06930926,-0.2418188,7.340902,208.2782,3.41252,0.6175715,0.05936394,-0.7842708,-0.3275359,0.002633623,-0.5246857,0.8194161,0.2329592,-4.785393,0.6506106,0.2089599,1.992899,-0.8826995,0.05903661,0.4662144,-0.008004542,0.9900449,-0.1405244,-0.4698693,-0.1277727,-0.8734396,static,46.98006,1.240927,18.08002,5.985718,46.40458816564726,11.812866384713859
3910,05/16/2023 12:01:44.129591,4093,True,True,True,True,Eyes,2.372675,0.2408868,-3.328533,-0.7328514,-0.01448327,-0.6802346,0.0,0.0,0.0,0.0,0.0,0.0,0.0,3.624239,-0.6729066,-1.706091,2.320235,0.2410446,-3.325217,0.01152331,0.9651189,-0.06922617,-0.2522309,7.343053,209.5051,3.30421,0.6132686,0.05930084,-0.7876447,-0.3078837,0.002475606,-0.4932046,0.7764773,0.2304259,-4.758852,0.6506107,0.20896,1.9929,-0.8724936,0.05716469,0.4852702,-0.01267924,0.9901499,-0.139436,-0.4884611,-0.1278099,-0.8631746,static,47.13245,1.219733,18.08001,5.985717,46.545560723687544,11.789472514892346
3911,05/16/2023 12:01:44.139439,4094,True,True,True,True,Eyes,2.370563,0.2410741,-3.329864,-0.7351899,-0.01387873,-0.6777191,0.0,0.0,0.0,0.0,0.0,0.0,0.0,3.657993,-0.6579915,-1.637606,2.309567,0.2443134,-3.331942,0.009409333,0.9623401,-0.06880872,-0.2628278,7.324499,210.7522,3.137147,0.6096229,0.05925144,-0.7904736,-0.2894107,0.002327069,-0.4636123,0.7344766,0.2325004,-4.731069,0.650611,0.20896,1.9929,-0.8616661,0.05427964,0.5045645,-0.01805973,0.9903536,-0.1373808,-0.5071543,-0.1274887,-0.852374,static,47.32925,1.173172,18.08002,5.985718,46.727552702057785,11.74181057472391
3912,05/16/2023 12:01:44.159005,4095,True,True,True,True,Eyes,2.368098,0.2412482,-3.331436,-0.7376918,-0.01307022,-0.675011,0.0,0.0,0.0,0.0,0.0,0.0,0.0,3.690914,-0.6266937,-1.572911,2.298634,0.2464754,-3.338437,0.008562465,0.95969,-0.06385344,-0.2735772,6.769423,211.9978,2.965404,0.60651,0.05921589,-0.7928672,-0.2720461,0.002187445,-0.4357956,0.6929929,0.2522129,-4.702436,0.6506113,0.2089601,1.992901,-0.8501648,0.05137232,0.5240051,-0.01850307,0.9916989,-0.127244,-0.5261921,-0.1178741,-0.8421568,static,47.54051,1.109278,18.08002,5.985717,46.922870784841116,11.67799614438055
3913,05/16/2023 12:01:44.178977,4096,True,True,True,True,Eyes,2.365273,0.2414081,-3.333202,-0.740634,-0.01229984,-0.6717961,0.0,0.0,0.0,0.0,0.0,0.0,0.0,3.720575,-0.6037172,-1.510137,2.288188,0.2462014,-3.345333,0.008114845,0.9569644,-0.06042046,-0.2837298,6.375018,213.1891,2.873291,0.6037288,0.05918963,-0.7949889,-0.2557233,0.002056198,-0.4096479,0.6543193,0.2647371,-4.675273,0.6506106,0.20896,1.9929,-0.838863,0.0498174,0.5420579,-0.01875493,0.9925671,-0.1202453,-0.5440192,-0.1110356,-0.8316934,static,47.79023,1.048905,18.08001,5.985719,47.15379659159684,11.616343272048331
3914,05/16/2023 12:01:44.189446,4097,True,True,True,True,Eyes,2.365273,0.2414081,-3.333202,-0.740634,-0.01229984,-0.6717961,0.0,0.0,0.0,0.0,0.0,0.0,0.0,3.746669,-0.5932866,-1.444985,2.2772,0.2459868,-3.35132,0.007038537,0.9540265,-0.06024097,-0.2935216,6.362071,214.3591,2.814143,0.6011541,0.05916969,-0.7969391,-0.2403799,0.001932826,-0.385069,0.6163536,0.26432,-4.647415,0.650611,0.20896,1.9929,-0.8275911,0.04879397,0.5592068,-0.02193416,0.9926429,-0.1190749,-0.5609029,-0.1108111,-0.8204322,static,47.79023,1.048905,18.08002,5.985717,47.15379659159684,11.616343272048331
3915,05/16/2023 12:01:44.209147,4098,True,True,True,True,Eyes,2.365273,0.2414081,-3.333202,-0.740634,-0.01229984,-0.6717961,0.0,0.0,0.0,0.0,0.0,0.0,0.0,3.771782,-0.5873677,-1.378871,2.266633,0.2470954,-3.357669,0.006941546,0.9509748,-0.0594684,-0.303418,6.251535,215.5468,2.84217,0.5988317,0.05915121,-0.798687,-0.2259571,0.001816857,-0.3619649,0.579377,0.269612,-4.619125,0.6506112,0.20896,1.992901,-0.815779,0.04929002,0.57626,-0.02288509,0.9928306,-0.1173183,-0.5779113,-0.1088935,-0.8088024,static,47.79023,1.048905,18.08002,5.985716,47.15379659159684,11.616343272048331
3916,05/16/2023 12:01:44.229282,4099,True,True,True,True,Eyes,2.361092,0.2416249,-3.335615,-0.7446074,-0.01132806,-0.6674065,0.0,0.0,0.0,0.0,0.0,0.0,0.0,3.795649,-0.5761117,-1.311533,2.25502,0.2470022,-3.363458,0.00733058,0.9477898,-0.05723471,-0.3136319,5.963491,216.7692,2.86988,0.5967372,0.05913416,-0.8002545,-0.2123997,0.001707845,-0.3402469,0.5413953,0.2799173,-4.588618,0.6506113,0.2089599,1.9929,-0.8031627,0.04979696,0.5936751,-0.02200557,0.9933409,-0.1130911,-0.5953534,-0.1038947,-0.7967186,static,48.12949,0.9724026,18.08003,5.985716,47.46754171538531,11.537601762149722
3917,05/16/2023 12:01:44.239306,4100,True,True,True,True,Eyes,2.356594,0.2418378,-3.338163,-0.7489588,-0.0101219,-0.6625392,0.0,0.0,0.0,0.0,0.0,0.0,0.0,3.819578,-0.5629329,-1.243815,2.244276,0.2474589,-3.369738,0.007589143,0.9445056,-0.05461029,-0.3238353,5.638072,217.9908,2.862948,0.5947542,0.05912454,-0.80173,-0.1996557,0.001605375,-0.3198321,0.5050372,0.2916965,-4.557888,0.6506114,0.20896,1.9929,-0.7901464,0.04970546,0.6108997,-0.02103351,0.9939202,-0.1080747,-0.6125575,-0.09824419,-0.7842969,static,48.50359,0.8752643,18.08003,5.985717,47.813464478102055,11.439153140228758
3918,05/16/2023 12:01:44.259362,4101,True,True,True,True,Eyes,2.351729,0.2420566,-3.340795,-0.7533107,-0.008988949,-0.6576034,0.0,0.0,0.0,0.0,0.0,0.0,0.0,3.841931,-0.5398792,-1.177398,2.23272,0.2474549,-3.375189,0.007363925,0.9411976,-0.05062962,-0.3339605,5.185839,219.1962,2.744048,0.5928652,0.05912165,-0.8031282,-0.1876764,0.001509052,-0.3006422,0.4688206,0.3062099,-4.525762,0.650611,0.20896,1.992899,-0.7768322,0.0476784,0.6278998,-0.01995477,0.9947648,-0.1002235,-0.6293912,-0.09038643,-0.7718139,static,48.88063,0.7831419,18.08003,5.985719,48.16212485400546,11.345186107746585
4220,05/16/2023 12:01:49.289393,4403,True,True,True,True,Eyes,0.1514862,0.2220296,-2.099109,0.4443604,-0.3763373,0.8129662,0.0,0.0,0.0,0.0,0.0,0.0,0.0,-1.697944,-0.05196755,0.9141699,0.2854188,0.217377,-1.895444,0.09367265,0.450916,-0.05883094,0.8856856,12.64941,53.83422,358.8411,0.04450339,0.1019968,-0.9937881,0.0,0.0,0.0,1.658551,-0.6206022,-0.4993781,-0.3087004,-0.4008,2.069,0.5864274,-0.01973445,-0.8097613,0.1886884,0.9755287,0.1128734,0.7877179,-0.2189847,0.5758004,static,28.66064,-24.84031,-8.486082,-10.96336,29.363315950700493,-11.408098650920534
4221,05/16/2023 12:01:49.319337,4404,True,True,True,True,Eyes,0.1576748,0.2216446,-2.089944,0.4534186,-0.3778539,0.8072411,0.0,0.0,0.0,0.0,0.0,0.0,0.0,-1.71002,-0.06672929,0.8716031,0.2926961,0.216759,-1.885645,0.09160513,0.4592998,-0.06008188,0.8815001,12.51476,54.90279,358.7219,0.047213,0.1022922,-0.9936327,0.0,0.0,0.0,1.692877,-0.6160324,-0.513548,-0.3087004,-0.4008,2.069,0.5708678,-0.02177592,-0.8207533,0.1900728,0.9759973,0.1063087,0.7987381,-0.216691,0.5613044,static,29.32245,-25.08338,-8.486083,-10.96336,29.975043548833206,-11.64702865568127
4222,05/16/2023 12:01:49.329641,4405,True,True,True,True,Eyes,0.1639227,0.221237,-2.080758,0.4626701,-0.3791945,0.8013414,0.0,0.0,0.0,0.0,0.0,0.0,0.0,-1.720731,-0.08386864,0.8287377,0.2998804,0.2157825,-1.875704,0.08856123,0.4677016,-0.06125888,0.8773025,12.28014,55.96986,358.5547,0.04997483,0.1025831,-0.9934676,0.0,0.0,0.0,1.727706,-0.6081738,-0.526959,-0.3087001,-0.4007999,2.069001,0.5550051,-0.02464468,-0.8314819,0.1903256,0.9768085,0.09808823,0.8097813,-0.2126917,0.5468243,static,30.00083,-25.3235,-8.486073,-10.96336,30.60211700488848,-11.883724291802134
4223,05/16/2023 12:01:49.339188,4406,True,True,True,True,Eyes,0.1702307,0.2208167,-2.071537,0.4721211,-0.3803409,0.7952625,0.0,0.0,0.0,0.0,0.0,0.0,0.0,-1.730802,-0.1007273,0.7853645,0.3075062,0.2149933,-1.865968,0.08579921,0.4760855,-0.06266616,0.8729571,12.09112,57.04153,358.3759,0.05278935,0.1028692,-0.9932926,0.0,0.0,0.0,1.762087,-0.6015896,-0.5415489,-0.3087003,-0.4007999,2.069,0.538831,-0.02771421,-0.8419579,0.1911052,0.977423,0.09012914,0.820451,-0.2094669,0.5319621,static,30.69621,-25.55985,-8.486078,-10.96336,31.24493700287294,-12.117451539061156
4224,05/16/2023 12:01:49.359334,4407,True,True,True,True,Eyes,0.176761,0.2204757,-2.062506,0.4814753,-0.3815147,0.7890679,0.0,0.0,0.0,0.0,0.0,0.0,0.0,-1.739676,-0.1168017,0.7410002,0.3151427,0.2142275,-1.855798,0.08280453,0.4845398,-0.0634654,0.8685257,11.84933,58.13092,358.2435,0.05565698,0.1031505,-0.9931068,0.0,0.0,0.0,1.797205,-0.593433,-0.5566152,-0.3087003,-0.4007999,2.069001,0.5223867,-0.02999848,-0.8521809,0.1904868,0.9782311,0.0823327,0.83116,-0.2053387,0.5167292,static,31.3908,-25.80379,-8.486079,-10.96336,31.88700080337507,-12.358059229248498
4225,05/16/2023 12:01:49.379498,4408,True,True,True,True,Eyes,0.3415381,0.214434,-1.83595,0.7006353,-0.3879896,0.5988109,0.0,0.0,0.0,0.0,0.0,0.0,0.0,-1.752517,-0.1346289,0.6969475,0.3261268,0.2157125,-1.849942,0.08039259,0.4927964,-0.0647995,0.8639966,11.69979,59.20183,358.084,0.05858466,0.1034302,-0.9929094,0.0,0.0,0.0,1.833616,-0.5859939,-0.576583,-0.3087002,-0.4007998,2.069001,0.5059055,-0.03273873,-0.8619674,0.1912074,0.9786761,0.07505191,0.8411299,-0.2027837,0.5013776,static,49.48053,-32.94055,-8.486075,-10.96335,48.606167804334056,-19.33697954289358
4226,05/16/2023 12:01:49.394276,4409,True,True,True,True,Eyes,0.3419771,0.2144035,-1.835682,0.7009837,-0.3879778,0.5984104,0.0,0.0,0.0,0.0,0.0,0.0,0.0,-1.758931,-0.1552555,0.653239,0.3340822,0.2177942,-1.840005,0.07606381,0.5009927,-0.06492266,0.8596545,11.29314,60.26127,357.9308,0.08136413,0.1055076,-0.9910839,0.4943312,-0.01812534,0.6796682,1.869385,-0.5692288,-0.5909493,-0.3087002,-0.4007999,2.069001,0.4895829,-0.0354073,-0.8712377,0.1878369,0.9799986,0.06572564,0.8514847,-0.1958287,0.4864413,static,49.51353,-32.95726,-8.486075,-10.96335,48.63665540057254,-19.353066954365303
4227,05/16/2023 12:01:49.409495,4410,True,True,True,True,Eyes,0.3427288,0.2144006,-1.835043,0.7016824,-0.3879901,0.5975831,0.0,0.0,0.0,0.0,0.0,0.0,0.0,-1.767356,-0.1709538,0.6095701,0.3446878,0.2170682,-1.832599,0.07276563,0.5086896,-0.06546322,0.8553681,11.01604,61.26637,357.7837,0.09927823,0.1071032,-0.9892786,0.4646713,-0.01703782,0.6388881,1.904641,-0.5596862,-0.607896,-0.3087003,-0.4007999,2.069,0.4738988,-0.03796005,-0.8797607,0.1860205,0.9808395,0.05788187,0.8607069,-0.1910837,0.47188,static,49.58085,-32.99427,-8.48608,-10.96336,48.69884046446217,-19.388541970214717
4228,05/16/2023 12:01:49.429618,4411,True,True,True,True,Eyes,0.3438572,0.2145109,-1.834154,0.7025766,-0.3882051,0.5963916,0.0,0.0,0.0,0.0,0.0,0.0,0.0,-1.770933,-0.1858194,0.569521,0.3528993,0.2177426,-1.822948,0.0717622,0.5158454,-0.06804851,0.8509543,11.08924,62.2113,357.5602,0.1134299,0.1083409,-0.987621,0.436791,-0.01601555,0.6005548,1.931468,-0.560268,-0.6231474,-0.3087003,-0.4008,2.069,0.4585459,-0.04177593,-0.8876882,0.1898487,0.9804392,0.05192768,0.8681551,-0.1923377,0.4575075,static,49.67329,-33.06104,-8.48608,-10.96336,48.78417687525243,-19.451758022004668
4229,05/16/2023 12:01:49.449265,4412,True,True,True,True,Eyes,0.3453263,0.2146642,-1.832984,0.7038661,-0.3883213,0.5947933,0.0,0.0,0.0,0.0,0.0,0.0,0.0,-1.775551,-0.2062317,0.5283251,0.3625618,0.2207197,-1.814958,0.07011678,0.5232691,-0.07111055,0.8462958,11.13369,63.18988,357.2555,0.1246614,0.109314,-0.9861588,0.4105836,-0.01505462,0.5645216,1.960225,-0.5571046,-0.6405801,-0.3087003,-0.4007999,2.069001,0.4422656,-0.04698125,-0.8956529,0.193741,0.9800538,0.04425916,0.8757088,-0.193099,0.4425462,static,49.80093,-33.13922,-8.486076,-10.96335,48.90205453548311,-19.52630154131284
4230,05/16/2023 12:01:49.459404,4413,True,True,True,True,Eyes,0.3470796,0.2148201,-1.831533,0.7053137,-0.3887381,0.5928029,0.0,0.0,0.0,0.0,0.0,0.0,0.0,-1.779348,-0.2267693,0.4848052,0.3721687,0.2218994,-1.806874,0.06731066,0.5310807,-0.07360021,0.8414307,11.03741,64.22173,356.9418,0.1336218,0.1100888,-0.9848984,0.3859485,-0.01415134,0.5306503,1.991289,-0.5508713,-0.6588438,-0.3087001,-0.4007999,2.069,0.4250727,-0.05236416,-0.9036433,0.1953537,0.9801046,0.03509922,0.883827,-0.1914498,0.4268452,static,49.95358,-33.25537,-8.486075,-10.96336,49.04295466550233,-19.63604871495039
4231,05/16/2023 12:01:49.479104,4414,True,True,True,True,Eyes,0.3491251,0.2150095,-1.82982,0.70711,-0.3892418,0.5903273,0.0,0.0,0.0,0.0,0.0,0.0,0.0,-1.78093,-0.2446262,0.4415554,0.3804555,0.2222757,-1.79788,0.06635406,0.5390117,-0.07739619,0.8361061,11.20926,65.28513,356.6166,0.1408141,0.1107129,-0.9838259,0.3627916,-0.01330226,0.4988112,2.017912,-0.5545211,-0.6789432,-0.3087003,-0.4008001,2.069,0.4069524,-0.0578916,-0.9116129,0.2009541,0.9792139,0.02752316,0.8910707,-0.194393,0.4101271,static,50.14335,-33.39951,-8.486083,-10.96336,49.218118410304896,-19.77225196407951
4232,05/16/2023 12:01:49.489725,4415,True,True,True,True,Eyes,0.3514411,0.2152805,-1.827841,0.7092413,-0.3899032,0.5873263,0.0,0.0,0.0,0.0,0.0,0.0,0.0,-1.783255,-0.2617939,0.395097,0.389512,0.2233059,-1.789707,0.06574409,0.5475778,-0.08081511,0.8302441,11.40088,66.44954,356.3625,0.146634,0.111224,-0.9829176,0.3410241,-0.01250412,0.4688826,2.04657,-0.5585794,-0.7036528,-0.3087001,-0.4007999,2.069001,0.387255,-0.06219254,-0.9198727,0.2061926,0.9782933,0.02066215,0.8986202,-0.1976724,0.3916726,static,50.37167,-33.57864,-8.486073,-10.96335,49.42884620758711,-19.941315269540958
4233,05/16/2023 12:01:49.509435,4416,True,True,True,True,Eyes,0.3540443,0.2156277,-1.825625,0.7118983,-0.3903612,0.583797,0.0,0.0,0.0,0.0,0.0,0.0,0.0,-1.78489,-0.2782704,0.3447318,0.3983444,0.2255912,-1.781162,0.0637584,0.5568969,-0.08196766,0.8240644,11.32518,67.72942,356.2529,0.1513935,0.1116541,-0.982147,0.3205627,-0.01175388,0.4407496,2.080042,-0.5530874,-0.7312808,-0.3087004,-0.4008,2.069001,0.3662945,-0.06407955,-0.9282899,0.2061069,0.9784324,0.01378699,0.9073854,-0.1963771,0.3716016,static,50.64631,-33.76903,-8.486081,-10.96336,49.68240770939829,-20.12187039500916
4234,05/16/2023 12:01:49.529412,4417,True,True,True,True,Eyes,0.3569015,0.2160304,-1.823202,0.7149681,-0.3907587,0.5797657,0.0,0.0,0.0,0.0,0.0,0.0,0.0,-1.786605,-0.2918547,0.2911396,0.4078003,0.2277182,-1.77306,0.06056098,0.5665983,-0.08086896,0.8177768,10.99312,69.07466,356.2831,0.1553418,0.1120279,-0.9814876,0.3013289,-0.01104864,0.4143046,2.117907,-0.5397944,-0.7615473,-0.3087003,-0.4008,2.069,0.3448532,-0.06363802,-0.9364969,0.200893,0.9795852,0.007410305,0.9169068,-0.1906911,0.3505975,static,50.9615,-33.97974,-8.486081,-10.96336,49.97343270232585,-20.321999808223453
4235,05/16/2023 12:01:49.539359,4418,True,True,True,True,Eyes,0.3599892,0.2164632,-1.820581,0.7184305,-0.391204,0.575167,0.0,0.0,0.0,0.0,0.0,0.0,0.0,-1.787169,-0.3014779,0.2373741,0.4165663,0.2295176,-1.764937,0.05819159,0.5763564,-0.07936321,0.8112512,10.71355,70.44643,356.4004,0.1588999,0.1123822,-0.9808773,0.2832492,-0.01038573,0.3894464,2.154046,-0.5291007,-0.7941834,-0.3087003,-0.4008,2.069,0.3230297,-0.06168881,-0.9443761,0.1958452,0.9806305,0.00293301,0.925903,-0.185899,0.3288542,static,51.31965,-34.22186,-8.48608,-10.96336,50.30411516474535,-20.551853151923375
4236,05/16/2023 12:01:49.559152,4419,True,True,True,True,Eyes,0.3632895,0.2169572,-1.817793,0.7220194,-0.3919674,0.5701312,0.0,0.0,0.0,0.0,0.0,0.0,0.0,-1.78702,-0.3074679,0.184907,0.4251876,0.2306663,-1.757321,0.05814661,0.585915,-0.07897738,0.8044162,10.72505,71.81434,356.5619,0.1622861,0.1127355,-0.9802822,0.2662542,-0.009762582,0.3660796,2.185371,-0.5292669,-0.8294441,-0.3087002,-0.4007999,2.069001,0.3009325,-0.0589234,-0.9518234,0.1951993,0.9807631,0.001000083,0.9334543,-0.1860962,0.3066453,static,51.70417,-34.50867,-8.486075,-10.96335,50.65905667028075,-20.82305762537061
4237,05/16/2023 12:01:49.579363,4420,True,True,True,True,Eyes,0.3667963,0.2175384,-1.814821,0.7258951,-0.3928772,0.5645563,0.0,0.0,0.0,0.0,0.0,0.0,0.0,-1.785483,-0.3123978,0.1347337,0.433464,0.2327547,-1.749752,0.06016008,0.5951446,-0.07971227,0.7973893,11.0008,73.16056,356.7579,0.1655307,0.113092,-0.9796985,0.250279,-0.009176827,0.3441148,2.211611,-0.5377251,-0.8658649,-0.3087003,-0.4007998,2.069001,0.2788978,-0.05551554,-0.9587149,0.1987313,0.9800534,0.001061371,0.9395329,-0.1908227,0.2843675,static,52.12643,-34.83422,-8.486076,-10.96335,51.04880018047012,-21.130510232692885
4238,05/16/2023 12:01:49.589595,4421,True,True,True,True,Eyes,0.370489,0.2181475,-1.811712,0.729858,-0.3940081,0.5586277,0.0,0.0,0.0,0.0,0.0,0.0,0.0,-1.782371,-0.3190956,0.08465219,0.4419639,0.2354449,-1.742144,0.06142324,0.6042606,-0.08016866,0.7903603,11.18506,74.49816,356.9327,0.168661,0.113457,-0.9791223,0.2352622,-0.008626217,0.3234679,2.237985,-0.5423159,-0.9018498,-0.3087004,-0.4007999,2.069001,0.2568844,-0.052493,-0.9650156,0.2009556,0.9796004,0.0002074628,0.9453188,-0.1939785,0.2621928,static,52.56983,-35.19586,-8.486081,-10.96335,51.457990534360164,-21.471352287137698
4239,05/16/2023 12:01:49.609245,4422,True,True,True,True,Eyes,0.3743433,0.2187785,-1.808443,0.7339849,-0.3953284,0.5522515,0.0,0.0,0.0,0.0,0.0,0.0,0.0,-1.778139,-0.3240941,0.0361743,0.4499911,0.236815,-1.734806,0.06217549,0.6129972,-0.08011162,0.7835502,11.28279,75.7897,357.1175,0.1716996,0.1138319,-0.9785505,0.2211465,-0.008108644,0.3040598,2.263311,-0.545321,-0.9367858,-0.3087004,-0.4007999,2.069001,0.2356331,-0.04931615,-0.9705901,0.2017698,0.9794326,-0.0007811745,0.9506662,-0.1956516,0.2407373,static,53.04214,-35.59692,-8.486081,-10.96335,51.893808167905675,-21.848822002905997
4240,05/16/2023 12:01:49.629466,4423,True,True,True,True,Eyes,0.4745345,0.2362109,-1.723202,0.8226842,-0.4227621,0.3800827,0.0,0.0,0.0,0.0,0.0,0.0,0.0,-1.772847,-0.3279341,-0.007951498,0.4577894,0.2379956,-1.727535,0.06430621,0.620885,-0.08090404,0.7770593,11.56057,76.97926,357.3158,0.1746665,0.1142177,-0.9779803,0.2078777,-0.007622125,0.2858163,2.283647,-0.5547145,-0.9695413,-0.3087004,-0.4008,2.069,0.2159128,-0.04588093,-0.9753342,0.205588,0.9786385,-0.0005247272,0.9545236,-0.2004037,0.2207331,static,65.20291,-48.04299,-8.486081,-10.96336,63.10800447490658,-33.49529855227775
4241,05/16/2023 12:01:49.639225,4424,True,True,True,True,Eyes,0.4748448,0.2362363,-1.722918,0.8229172,-0.4228664,0.3794619,0.0,0.0,0.0,0.0,0.0,0.0,0.0,-1.766372,-0.3352824,-0.04842269,0.4655532,0.2403239,-1.720562,0.065579,0.6280464,-0.08193671,0.7710665,11.77399,78.0612,357.4249,0.1896572,0.1169391,-0.9748615,0.4959785,0.04513246,0.5243909,2.302524,-0.560252,-0.99854,-0.3087002,-0.4007998,2.069,0.1976882,-0.04398399,-0.9792777,0.2087306,0.9779716,-0.00178856,0.9577844,-0.2040516,0.2025143,static,65.24472,-48.09658,-8.486078,-10.96336,63.146524451110125,-33.54516030342827
4242,05/16/2023 12:01:49.659455,4425,True,True,True,True,Eyes,0.4754487,0.2362857,-1.722407,0.8231808,-0.4231643,0.3785568,0.0,0.0,0.0,0.0,0.0,0.0,0.0,-1.759243,-0.3389335,-0.08754075,0.4733625,0.2409648,-1.713283,0.06663246,0.6347314,-0.08210976,0.7654634,11.90237,79.08078,357.5917,0.2014752,0.1190978,-0.9722258,0.4662198,0.04242451,0.4929274,2.321145,-0.5648994,-1.025547,-0.3087002,-0.4008,2.069001,0.1807481,-0.0411166,-0.9826696,0.2102914,0.9776362,-0.002225866,0.9607849,-0.2062447,0.1853524,static,65.30368,-48.18464,-8.486075,-10.96336,63.200803723391054,-33.626830474585375
4243,05/16/2023 12:01:49.679426,4426,True,True,True,True,Eyes,0.4763365,0.2363741,-1.721677,0.8236023,-0.4236253,0.3771217,0.0,0.0,0.0,0.0,0.0,0.0,0.0,-1.752669,-0.3402666,-0.1229542,0.4810074,0.2416514,-1.706746,0.06870628,0.6406826,-0.08228239,0.760286,12.11688,80.01006,357.8266,0.2108124,0.1208182,-0.9700312,0.4382466,0.03987904,0.4633518,2.336717,-0.5727881,-1.051209,-0.3087004,-0.4008,2.069,0.1655109,-0.03707847,-0.9855106,0.2131542,0.9770181,-0.0009609484,0.9628974,-0.2099066,0.1696106,static,65.39729,-48.32373,-8.486082,-10.96336,63.286984574223595,-33.75584086432347
4244,05/16/2023 12:01:49.699384,4427,True,True,True,True,Eyes,0.477487,0.2364898,-1.720746,0.8240812,-0.4241262,0.3755092,0.0,0.0,0.0,0.0,0.0,0.0,0.0,-1.74568,-0.3424132,-0.1575961,0.4887251,0.242435,-1.700545,0.07072499,0.6464851,-0.08262692,0.7551343,12.33621,80.92355,358.044,0.2182118,0.122197,-0.9682205,0.4119518,0.0374863,0.4355507,2.351532,-0.580627,-1.076671,-0.3087004,-0.4007998,2.069001,0.1504595,-0.03334355,-0.9880537,0.2162341,0.9763415,-2.044442e-05,0.9646786,-0.2136479,0.1541099,static,65.50267,-48.47924,-8.48608,-10.96335,63.38400484771192,-33.90010077276926
4245,05/16/2023 12:01:49.709213,4428,True,True,True,True,Eyes,0.4788951,0.2366313,-1.719638,0.8247131,-0.4247343,0.373429,0.0,0.0,0.0,0.0,0.0,0.0,0.0,-1.73838,-0.3435901,-0.189167,0.4961676,0.2430502,-1.694269,0.07274409,0.6516502,-0.08276387,0.7504734,12.5359,81.74712,358.2731,0.224101,0.1233089,-0.9667333,0.3872347,0.03523712,0.4094177,2.364847,-0.5880151,-1.099234,-0.3087001,-0.4007999,2.069,0.1370043,-0.02941677,-0.9901335,0.2190315,0.9757169,0.001318826,0.9660512,-0.2170512,0.1401207,static,65.63905,-48.67787,-8.486075,-10.96336,63.50957457233674,-34.08440938711121
4246,05/16/2023 12:01:49.729701,4429,True,True,True,True,Eyes,0.4805401,0.2367657,-1.71833,0.8255398,-0.4251638,0.3711061,0.0,0.0,0.0,0.0,0.0,0.0,0.0,-1.730777,-0.3475806,-0.2218688,0.503875,0.2440747,-1.688836,0.07406971,0.6570809,-0.08315682,0.745549,12.69298,82.60778,358.4343,0.2288193,0.1242124,-0.9655116,0.3640006,0.03312289,0.3848526,2.37896,-0.5931705,-1.123349,-0.3087003,-0.4008,2.069,0.1226592,-0.02665537,-0.9920908,0.2213345,0.9751973,0.001163679,0.9674532,-0.2197267,0.1255167,static,65.79459,-48.88378,-8.48608,-10.96336,63.65285356514022,-34.275856120651206
4247,05/16/2023 12:01:49.749599,4430,True,True,True,True,Eyes,0.4824224,0.2369104,-1.716851,0.8265676,-0.4255612,0.3683527,0.0,0.0,0.0,0.0,0.0,0.0,0.0,-1.722085,-0.349284,-0.2553625,0.5113261,0.2442261,-1.682761,0.07467708,0.6625853,-0.08256736,0.7406666,12.71123,83.47755,358.6284,0.2326533,0.1249548,-0.964499,0.3421606,0.03113552,0.3617614,2.394429,-0.5946881,-1.147183,-0.3087003,-0.4007999,2.069001,0.108327,-0.02334988,-0.9938411,0.2212696,0.975212,0.00120581,0.9691775,-0.2200374,0.1108085,static,65.98027,-49.12154,-8.486079,-10.96336,63.82392320499085,-34.497080159426446
4248,05/16/2023 12:01:49.759187,4431,True,True,True,True,Eyes,0.4845482,0.2370499,-1.715251,0.8279042,-0.4256117,0.3652799,0.0,0.0,0.0,0.0,0.0,0.0,0.0,-1.713277,-0.3505445,-0.2888954,0.5189529,0.2445871,-1.677058,0.07460163,0.6680195,-0.08132445,0.7359151,12.61822,84.33254,358.8242,0.2362194,0.1256363,-0.9635431,0.321631,0.02926739,0.3400557,2.411088,-0.5922488,-1.170866,-0.3087004,-0.4007999,2.069,0.09427288,-0.02002512,-0.9953449,0.2193664,0.9756418,0.001148298,0.9710772,-0.2184535,0.09636942,static,66.19244,-49.36226,-8.486081,-10.96336,64.01950053497102,-34.72171226229508
4249,05/16/2023 12:01:49.779623,4432,True,True,True,True,Eyes,0.4868864,0.2371504,-1.713505,0.8294119,-0.4256469,0.3618019,0.0,0.0,0.0,0.0,0.0,0.0,0.0,-1.705106,-0.3498516,-0.3224771,0.5269499,0.2445536,-1.672211,0.07445131,0.6733316,-0.07951906,0.7312719,12.47266,85.17288,359.0588,0.2395595,0.1262634,-0.9626362,0.3023331,0.02751135,0.3196524,2.428276,-0.5886326,-1.195282,-0.3087001,-0.4007999,2.069001,0.08060279,-0.01603925,-0.9966173,0.2165609,0.9762675,0.001802911,0.9729362,-0.2159736,0.08216333,static,66.43245,-49.63531,-8.486073,-10.96335,64.24073819660515,-34.97649594258225
4250,05/16/2023 12:01:49.789358,4433,True,True,True,True,Eyes,0.4894473,0.2372234,-1.711683,0.8311431,-0.4254553,0.3580348,0.0,0.0,0.0,0.0,0.0,0.0,0.0,-1.696547,-0.3451428,-0.3548605,0.5344341,0.243673,-1.666831,0.07503984,0.6783949,-0.07718356,0.7267684,12.34484,85.99087,359.3914,0.2427094,0.12684,-0.961771,0.2841931,0.02586067,0.3004732,2.443995,-0.5869766,-1.219288,-0.3087003,-0.4008,2.069,0.0676464,-0.01037585,-0.9976554,0.2140024,0.9768235,0.004351309,0.974488,-0.213795,0.06829903,static,66.69489,-49.91827,-8.48608,-10.96336,64.4827029581639,-35.24089771862063
4251,05/16/2023 12:01:49.809628,4434,True,True,True,True,Eyes,0.4922144,0.2372643,-1.709763,0.8329656,-0.4253481,0.353903,0.0,0.0,0.0,0.0,0.0,0.0,0.0,-1.689238,-0.3396332,-0.3858588,0.5423565,0.2430456,-1.66269,0.07656718,0.683125,-0.07507502,0.7223861,12.30956,86.77547,359.7738,0.2457013,0.12737,-0.9609409,0.2671415,0.02430903,0.2824448,2.458085,-0.5884436,-1.24399,-0.3087003,-0.4007999,2.069001,0.05540819,-0.003856407,-0.9984564,0.2130762,0.9770024,0.00805089,0.9754633,-0.2131933,0.05495569,static,66.98077,-50.23848,-8.486076,-10.96335,64.74623947178047,-35.53980596963016
4252,05/16/2023 12:01:49.829776,4435,True,True,True,True,Eyes,0.4951943,0.2372631,-1.707797,0.834958,-0.4251153,0.3494599,0.0,0.0,0.0,0.0,0.0,0.0,0.0,-1.681399,-0.3334483,-0.4158077,0.5501336,0.2422768,-1.658264,0.07850801,0.6876581,-0.07304869,0.7180717,12.31075,87.54053,0.1797418,0.2485637,0.1278566,-0.9601398,0.251113,0.02285048,0.2654981,2.47092,-0.5913906,-1.268037,-0.3087003,-0.4007998,2.069001,0.0435806,0.003064956,-0.9990453,0.2128817,0.9770008,0.01228371,0.9761057,-0.2132138,0.04192582,static,67.28894,-50.57858,-8.486079,-10.96335,65.0303406064864,-35.857403636238075
4253,05/16/2023 12:01:49.839076,4436,True,True,True,True,Eyes,0.4983675,0.2372379,-1.705765,0.837007,-0.424962,0.3447124,0.0,0.0,0.0,0.0,0.0,0.0,0.0,-1.674023,-0.3297151,-0.4446813,0.5582806,0.2412245,-1.654974,0.08057698,0.6919798,-0.07198173,0.7137859,12.39495,88.27839,0.5136724,0.2513213,0.1283019,-0.9593621,0.2360462,0.02147945,0.2495682,2.482394,-0.5970299,-1.291909,-0.3087004,-0.4007999,2.069001,0.03196551,0.008756176,-0.9994507,0.2142743,0.976652,0.01540961,0.9762505,-0.2146492,0.02934295,static,67.61621,-50.9524,-8.486081,-10.96336,65.33200830523865,-36.2061804656502
4254,05/16/2023 12:01:49.859499,4437,True,True,True,True,Eyes,0.5017465,0.2371722,-1.703682,0.8392607,-0.4246456,0.3395846,0.0,0.0,0.0,0.0,0.0,0.0,0.0,-1.665062,-0.3291872,-0.4735998,0.5661628,0.2406045,-1.651261,0.08171627,0.6964324,-0.07129403,0.7093813,12.42954,89.02548,0.7434053,0.253996,0.1287089,-0.9586029,0.2218835,0.02019069,0.2345942,2.494106,-0.6000091,-1.314948,-0.3087006,-0.4007998,2.069001,0.01979835,0.0126704,-0.9997239,0.214969,0.9764792,0.01663304,0.9764203,-0.2152389,0.01660894,static,67.97059,-51.35104,-8.486086,-10.96335,65.6586854546189,-36.578260065926116
4255,05/16/2023 12:01:49.879513,4438,True,True,True,True,Eyes,0.5053294,0.2370611,-1.70156,0.841598,-0.424283,0.3342105,0.0,0.0,0.0,0.0,0.0,0.0,0.0,-1.656235,-0.3294837,-0.5034561,0.5745562,0.2395028,-1.648534,0.08153503,0.7009402,-0.07029118,0.7050492,12.32825,89.7613,0.8906018,0.2566075,0.1290789,-0.9578574,0.2085705,0.01897924,0.2205185,2.50798,-0.5984519,-1.338044,-0.3087002,-0.4007998,2.069001,0.007484097,0.01518489,-0.9998568,0.2134198,0.9768224,0.01643258,0.9769321,-0.2135122,0.004069894,static,68.34128,-51.77226,-8.486074,-10.96335,66.00038365083097,-36.97131344230997
4256,05/16/2023 12:01:49.889541,4439,True,True,True,True,Eyes,0.5091313,0.2369069,-1.699448,0.8440856,-0.4236425,0.3287044,0.0,0.0,0.0,0.0,0.0,0.0,0.0,-1.646754,-0.3288812,-0.5329053,0.5830812,0.2382707,-1.645354,0.08107563,0.7052934,-0.06892883,0.7008831,12.17388,90.47031,1.03999,0.2591741,0.1294132,-0.957121,0.1960562,0.01784049,0.2072874,2.522275,-0.5952376,-1.359887,-0.3087005,-0.4007998,2.069001,-0.004379581,0.0177421,-0.999833,0.2109863,0.9773511,0.01641897,0.9774792,-0.2108791,-0.008023733,static,68.72304,-52.1921,-8.486084,-10.96335,66.3523320806076,-37.363411343856804
4257,05/16/2023 12:01:49.909466,4440,True,True,True,True,Eyes,0.5131354,0.2367082,-1.697317,0.8466693,-0.4228411,0.3230426,0.0,0.0,0.0,0.0,0.0,0.0,0.0,-1.638206,-0.3277271,-0.5618943,0.592162,0.2370126,-1.643173,0.07985558,0.7093809,-0.06706535,0.6970683,11.91611,91.12416,1.159391,0.2617112,0.1297124,-0.9563898,0.1842928,0.01677006,0.1948501,2.53807,-0.5883877,-1.380772,-0.3087005,-0.4007999,2.069001,-0.01543792,0.01979779,-0.9996849,0.2067943,0.9782506,0.01617983,0.9782627,-0.2064793,-0.01919617,static,69.11589,-52.62086,-8.486083,-10.96335,66.71451529584533,-37.763920403151104
4258,05/16/2023 12:01:49.929177,4441,True,True,True,True,Eyes,0.5173612,0.2364606,-1.695197,0.849356,-0.422148,0.3168366,0.0,0.0,0.0,0.0,0.0,0.0,0.0,-1.628945,-0.3269455,-0.5897356,0.600992,0.2358171,-1.640531,0.07818408,0.7132809,-0.06518041,0.6934475,11.61983,91.74133,1.236439,0.2642324,0.1299771,-0.9556604,0.1732353,0.01576386,0.1831591,2.553756,-0.5799336,-1.39978,-0.3087004,-0.4007998,2.069001,-0.02603632,0.02113603,-0.9994377,0.2019328,0.9792776,0.01544919,0.9790534,-0.201417,-0.02976478,static,69.5429,-53.11051,-8.486078,-10.96335,67.10811406882922,-38.22072241524766
4259,05/16/2023 12:01:49.939238,4442,True,True,True,True,Eyes,0.5218031,0.2361739,-1.69309,0.8520747,-0.4213485,0.3105385,0.0,0.0,0.0,0.0,0.0,0.0,0.0,-1.620669,-0.3259362,-0.6173055,0.6106175,0.2342025,-1.638952,0.07661244,0.716948,-0.06344613,0.6899934,11.34401,92.32455,1.303235,0.2667514,0.1302077,-0.9549289,0.1628412,0.01481802,0.1721696,2.569545,-0.5725206,-1.41872,-0.3087001,-0.4007999,2.069001,-0.03607951,0.02229944,-0.9991003,0.1974091,0.9802102,0.01474901,0.9796572,-0.1966993,-0.03976767,static,69.97574,-53.60938,-8.486073,-10.96335,67.50707831871698,-38.686066121746904
4260,05/16/2023 12:01:49.959378,4443,True,True,True,True,Eyes,0.5264722,0.2358359,-1.691028,0.8548554,-0.4205307,0.3039343,0.0,0.0,0.0,0.0,0.0,0.0,0.0,-1.612003,-0.3268243,-0.6431241,0.6202788,0.2329409,-1.637061,0.07502551,0.7203124,-0.06228881,0.6867617,11.1153,92.85985,1.315579,0.2692791,0.1304046,-0.9541923,0.1530707,0.01392894,0.1618394,2.584362,-0.5660616,-1.435388,-0.3087002,-0.4007998,2.069001,-0.04545949,0.02252847,-0.9987122,0.1936387,0.9809825,0.01331449,0.9800193,-0.1927841,-0.04895738,static,70.42773,-54.14286,-8.486073,-10.96335,67.9236524751459,-39.18339964641809
4261,05/16/2023 12:01:49.979381,4444,True,True,True,True,Eyes,0.5313416,0.2354498,-1.688986,0.857601,-0.4196724,0.2973141,0.0,0.0,0.0,0.0,0.0,0.0,0.0,-1.603784,-0.3301904,-0.6678698,0.6304185,0.2313398,-1.635926,0.07319133,0.7234144,-0.06196379,0.6837218,10.93738,93.34979,1.235098,0.2718259,0.1305677,-0.9534476,0.1438864,0.01309321,0.1521291,2.598735,-0.5611852,-1.450632,-0.3087001,-0.4007999,2.069001,-0.05433536,0.02116332,-0.9982985,0.1906273,0.981607,0.01043403,0.9801577,-0.189736,-0.05737032,static,70.87953,-54.68459,-8.486071,-10.96335,68.3400235797022,-39.68822999896703
4262,05/16/2023 12:01:49.989682,4445,True,True,True,True,Eyes,0.5364429,0.2350097,-1.686993,0.8603318,-0.4189314,0.2903887,0.0,0.0,0.0,0.0,0.0,0.0,0.0,-1.59521,-0.33442,-0.6905982,0.6401355,0.2297911,-1.634283,0.07179216,0.7262404,-0.06217635,0.6808487,10.84012,93.80392,1.144139,0.2743998,0.1306969,-0.9526923,0.1352533,0.01230762,0.1430013,2.611331,-0.5589476,-1.464045,-0.3087004,-0.4007999,2.069001,-0.06258181,0.01961135,-0.9978471,0.1889421,0.98196,0.007449259,0.9799921,-0.1880691,-0.06515825,static,71.34887,-55.27165,-8.486082,-10.96336,68.77247913425484,-40.23475463554021
4263,05/16/2023 12:01:50.009483,4446,True,True,True,True,Eyes,0.5417577,0.2345313,-1.68504,0.8629872,-0.4182012,0.2834801,0.0,0.0,0.0,0.0,0.0,0.0,0.0,-1.587623,-0.3385566,-0.7133147,0.6508151,0.2280476,-1.633529,0.07091568,0.7288714,-0.0626293,0.6780819,10.80522,94.23659,1.075739,0.2770091,0.1307918,-0.9519238,0.1271381,0.01156916,0.1344212,2.623822,-0.5591466,-1.477738,-0.3087001,-0.4007998,2.069001,-0.07035203,0.01844123,-0.9973518,0.1883124,0.9820971,0.004875853,0.9795862,-0.1874707,-0.07256521,static,71.81532,-55.86839,-8.486073,-10.96335,69.20222797500914,-40.79000341658481
4264,05/16/2023 12:01:50.029675,4447,True,True,True,True,Eyes,0.5473126,0.2340206,-1.683119,0.865606,-0.4175714,0.2763338,0.0,0.0,0.0,0.0,0.0,0.0,0.0,-1.580204,-0.3416846,-0.7347578,0.6612916,0.2266501,-1.632479,0.07044314,0.7312728,-0.06288037,0.6755175,10.78573,94.63875,1.054171,0.2796607,0.1308527,-0.9511399,0.1195098,0.01087501,0.126356,2.635643,-0.5597674,-1.490411,-0.3087001,-0.4007999,2.069001,-0.07742758,0.01807271,-0.9968342,0.1879799,0.9821677,0.003205736,0.9791162,-0.1871366,-0.07944423,static,72.29497,-56.50484,-8.486073,-10.96336,69.64406296842225,-41.38171867127534
4265,05/16/2023 12:01:50.039321,4448,True,True,True,True,Eyes,0.5530766,0.2334662,-1.681247,0.8681749,-0.4168757,0.2692341,0.0,0.0,0.0,0.0,0.0,0.0,0.0,-1.573483,-0.3437817,-0.7569733,0.6725633,0.2253293,-1.632154,0.06960513,0.7336078,-0.06261962,0.6730925,10.69483,95.02393,1.039592,0.2823617,0.1308805,-0.9503376,0.1123392,0.01022251,0.1187746,2.649089,-0.5579081,-1.50337,-0.3086999,-0.4008,2.069001,-0.08420322,0.01782813,-0.9962892,0.1864233,0.9824678,0.001824911,0.9788545,-0.1855779,-0.08605057,static,72.77055,-57.1441,-8.486069,-10.96336,70.08212176573923,-41.97587906391205
4266,05/16/2023 12:01:50.059480,4449,True,True,True,True,Eyes,0.559077,0.232867,-1.679475,0.8706738,-0.4162706,0.2620038,0.0,0.0,0.0,0.0,0.0,0.0,0.0,-1.566401,-0.3450527,-0.7783926,0.6833681,0.2237098,-1.631419,0.06846937,0.7358413,-0.06214169,0.6708117,10.56279,95.38753,1.013859,0.2851172,0.1308751,-0.9495153,0.1055988,0.009609158,0.1116481,2.662505,-0.5548809,-1.51517,-0.3087005,-0.4007999,2.069,-0.09064761,0.01739441,-0.9957312,0.1841359,0.9829007,0.0004072585,0.978712,-0.1833129,-0.09230052,static,73.25237,-57.81339,-8.486085,-10.96336,70.5258568997162,-42.59751538230286
4267,05/16/2023 12:01:50.079102,4450,True,True,True,True,Eyes,0.5653142,0.2322258,-1.677783,0.8731023,-0.415628,0.2548446,0.0,0.0,0.0,0.0,0.0,0.0,0.0,-1.559696,-0.3475828,-0.8004026,0.6950943,0.2220472,-1.631456,0.06738685,0.7380361,-0.06205648,0.6685138,10.46868,95.74743,0.9612318,0.2879318,0.130836,-0.948671,0.09926291,0.009032609,0.1049492,2.676279,-0.5530513,-1.527403,-0.3087,-0.4008,2.069,-0.0970965,0.01649663,-0.9951382,0.1824391,0.983216,-0.001501756,0.9784111,-0.1816979,-0.09847651,static,73.72832,-58.48522,-8.486073,-10.96336,70.96415076294376,-43.22130263687363
4268,05/16/2023 12:01:50.089339,4451,True,True,True,True,Eyes,0.5717646,0.2315476,-1.67611,0.8754802,-0.4150394,0.2475414,0.0,0.0,0.0,0.0,0.0,0.0,0.0,-1.553078,-0.3507205,-0.8219345,0.7070429,0.2203947,-1.631609,0.06632993,0.7401036,-0.06218436,0.6663185,10.39536,96.08746,0.8920393,0.2908099,0.130763,-0.9478028,0.09330713,0.008490653,0.09865228,2.689913,-0.5518352,-1.538939,-0.3087003,-0.4007999,2.069001,-0.1032402,0.01531285,-0.9945387,0.1810512,0.9834669,-0.003652004,0.97804,-0.1804395,-0.1043058,static,74.21179,-59.18694,-8.486078,-10.96336,71.4093061105132,-43.872473130019856
4269,05/16/2023 12:01:50.109413,4452,True,True,True,True,Eyes,0.5784225,0.2308281,-1.67449,0.877783,-0.4144011,0.2403512,0.0,0.0,0.0,0.0,0.0,0.0,0.0,-1.546461,-0.3555819,-0.8412377,0.7185689,0.2191504,-1.631347,0.06533731,0.7418612,-0.06281098,0.6644005,10.37059,96.3769,0.7851478,0.293755,0.1306567,-0.9469088,0.0877087,0.007981214,0.09273314,2.702398,-0.5516757,-1.547992,-0.3087001,-0.4007999,2.069001,-0.1086063,0.01347913,-0.9939935,0.1804057,0.9835717,-0.006373789,0.9775779,-0.1800143,-0.1092538,static,74.68683,-59.88642,-8.486072,-10.96336,71.84666657465384,-44.5213787275073
4270,05/16/2023 12:01:50.129493,4453,True,True,True,True,Eyes,0.5853096,0.2300939,-1.672947,0.8800338,-0.4137467,0.23314,0.0,0.0,0.0,0.0,0.0,0.0,0.0,-1.539866,-0.3582761,-0.860796,0.7302287,0.2174323,-1.630953,0.06417222,0.743568,-0.06288081,0.662597,10.28548,96.65467,0.7048253,0.2967694,0.1305172,-0.9459877,0.08244618,0.007502341,0.08716916,2.715715,-0.5500596,-1.556795,-0.3087001,-0.4008,2.069001,-0.1136945,0.01210352,-0.9934421,0.1787621,0.9838558,-0.008471687,0.9773013,-0.1785529,-0.1140227,static,75.16197,-60.59939,-8.486071,-10.96336,72.28407511622814,-45.18255388168975
4271,05/16/2023 12:01:50.139343,4454,True,True,True,True,Eyes,0.592402,0.2293327,-1.671457,0.8822281,-0.4130016,0.2260604,0.0,0.0,0.0,0.0,0.0,0.0,0.0,-1.533705,-0.3623705,-0.8809235,0.7425619,0.2160197,-1.631419,0.06225593,0.745243,-0.06301699,0.6608828,10.14929,96.91576,0.5528488,0.299856,0.1303457,-0.9450375,0.07749941,0.0070522,0.081939,2.730441,-0.5460082,-1.565481,-0.3087001,-0.4008,2.069,-0.1187163,0.009497901,-0.9928828,0.1760852,0.9843061,-0.01163819,0.97719,-0.1762137,-0.1185257,static,75.62786,-61.30548,-8.486077,-10.96336,72.71294513279287,-45.8372226745716
4272,05/16/2023 12:01:50.159467,4455,True,True,True,True,Eyes,0.5997187,0.2285726,-1.670052,0.8844031,-0.4121743,0.2189599,0.0,0.0,0.0,0.0,0.0,0.0,0.0,-1.526935,-0.3658139,-0.9005132,0.7545965,0.214596,-1.631198,0.06038546,0.7468673,-0.06303155,0.6592193,10.00691,97.16994,0.4128911,0.3030159,0.130143,-0.9440571,0.07284945,0.006629068,0.07702266,2.744874,-0.5418108,-1.573354,-0.3087001,-0.4007999,2.069,-0.1235671,0.007096631,-0.9923108,0.173303,0.9847612,-0.01453787,0.977086,-0.1737669,-0.1229141,static,76.09438,-62.02137,-8.486074,-10.96336,73.14236592671293,-46.50081993347388
4273,05/16/2023 12:01:50.179359,4456,True,True,True,True,Eyes,0.6072286,0.2278253,-1.668707,0.8865327,-0.4112394,0.2119954,0.0,0.0,0.0,0.0,0.0,0.0,0.0,-1.521756,-0.3675411,-0.9197366,0.7673052,0.2138663,-1.631639,0.05905408,0.748228,-0.06252989,0.6578432,9.861661,97.38664,0.3548698,0.3062507,0.1299111,-0.9430446,0.0,0.0,0.0,2.759787,-0.537245,-1.581171,-0.3087003,-0.4007999,2.069001,-0.12751,0.006102099,-0.9918186,0.1706415,0.9852053,-0.01587656,0.977048,-0.1712699,-0.1266649,static,76.55148,-62.72873,-8.486077,-10.96335,73.56309629450577,-47.156405839925256
4274,05/16/2023 12:01:50.189519,4457,True,True,True,True,Eyes,0.6149545,0.2270348,-1.667485,0.8886496,-0.4102278,0.2049759,0.0,0.0,0.0,0.0,0.0,0.0,0.0,-1.516791,-0.3666578,-0.9383538,0.7794581,0.2133927,-1.63172,0.05777765,0.7495099,-0.06127259,0.6566145,9.655518,97.58965,0.3571381,0.3095604,0.1296525,-0.941999,0.0,0.0,0.0,2.774768,-0.5306399,-1.588682,-0.3087003,-0.4007999,2.069,-0.1310386,0.006144898,-0.9913583,0.1670747,0.9858149,-0.01597353,0.9771975,-0.1677241,-0.1302064,static,77.01133,-63.45037,-8.48608,-10.96336,73.98632480557649,-47.82505134519514
4275,05/16/2023 12:01:50.209552,4458,True,True,True,True,Eyes,0.6228719,0.2263146,-1.666332,0.8906409,-0.4093297,0.1980098,0.0,0.0,0.0,0.0,0.0,0.0,0.0,-1.511272,-0.3654681,-0.9596047,0.7924629,0.2115828,-1.632662,0.05704274,0.7511681,-0.06040912,0.6548613,9.524248,97.86862,0.3821738,0.3129448,0.129366,-0.9409195,0.0,0.0,0.0,2.789596,-0.5280613,-1.599744,-0.3087002,-0.4008,2.069,-0.1358055,0.006578186,-0.9907136,0.1648166,0.9861937,-0.01604464,0.97693,-0.165465,-0.1350147,static,77.4657,-64.18501,-8.486079,-10.96336,74.40443851860604,-48.50536991894753
4276,05/16/2023 12:01:50.229495,4459,True,True,True,True,Eyes,0.6309988,0.2257302,-1.665239,0.8926115,-0.4084315,0.1908623,0.0,0.0,0.0,0.0,0.0,0.0,0.0,-1.504206,-0.3712684,-0.9797353,0.8050141,0.2125636,-1.633134,0.05776974,0.7530164,-0.06119689,0.6525978,9.646294,98.20762,0.4143353,0.3164033,0.1290573,-0.9398046,0.0,0.0,0.0,2.800683,-0.5314527,-1.612027,-0.3087002,-0.4007999,2.069,-0.1415575,0.007129204,-0.9899043,0.166877,0.9858351,-0.0167637,0.9757631,-0.1675653,-0.140742,static,77.9305,-64.95306,-8.486077,-10.96336,74.83209542045006,-49.216351274322896
4277,05/16/2023 12:01:50.239295,4460,True,True,True,True,Eyes,0.6393001,0.2251931,-1.664218,0.8945793,-0.4074013,0.1837176,0.0,0.0,0.0,0.0,0.0,0.0,0.0,-1.496508,-0.3755759,-1.002613,0.8181092,0.2152161,-1.634076,0.05672009,0.7551911,-0.06052333,0.6502355,9.507471,98.57533,0.4043464,0.3199361,0.1287348,-0.9386521,0.0,0.0,0.0,2.815668,-0.5239668,-1.625977,-0.3087002,-0.4007999,2.069001,-0.1479534,0.006960183,-0.98897,0.1643779,0.9862395,-0.01765053,0.9752384,-0.1651762,-0.1470616,static,78.39466,-65.727,-8.486074,-10.96336,75.25914056006918,-49.932671269742315
4278,05/16/2023 12:01:50.259603,4461,True,True,True,True,Eyes,0.647779,0.224635,-1.66327,0.8964764,-0.4064738,0.176378,0.0,0.0,0.0,0.0,0.0,0.0,0.0,-1.486829,-0.3772054,-1.027553,0.8306151,0.2157787,-1.634725,0.05464361,0.7577999,-0.05941793,0.6474744,9.254172,99.00556,0.3410341,0.3235411,0.1284016,-0.9374613,0.0,0.0,0.0,2.831511,-0.5143365,-1.641703,-0.3087007,-0.4007999,2.069001,-0.1555825,0.005874679,-0.9878057,0.159761,0.9869672,-0.01929313,0.9748184,-0.1608145,-0.1544933,static,78.86946,-66.54292,-8.486086,-10.96335,75.69589499600673,-50.687452678447556
4279,05/16/2023 12:01:50.279112,4462,True,True,True,True,Eyes,0.6563936,0.224122,-1.66238,0.8982617,-0.4056394,0.1690637,0.0,0.0,0.0,0.0,0.0,0.0,0.0,-1.476934,-0.3805041,-1.05184,0.8433854,0.21472,-1.635567,0.05459759,0.7603751,-0.0597782,0.6444188,9.280917,99.46558,0.3474606,0.3272168,0.1280565,-0.9362319,0.0,0.0,0.0,2.843811,-0.5163519,-1.658596,-0.3087004,-0.4008,2.069,-0.1634873,0.005984915,-0.9865274,0.1600737,0.9868913,-0.02054028,0.9734723,-0.1612751,-0.1623022,static,79.34093,-67.37444,-8.486082,-10.96336,76.12951596421584,-51.4563295607534
4280,05/16/2023 12:01:50.289345,4463,True,True,True,True,Eyes,0.6651757,0.2236977,-1.661565,0.9000254,-0.4047404,0.161677,0.0,0.0,0.0,0.0,0.0,0.0,0.0,-1.46857,-0.3836162,-1.072634,0.8552924,0.2152958,-1.636009,0.05549709,0.7624509,-0.05994559,0.6418688,9.361026,99.85181,0.44558,0.3309598,0.1277022,-0.9349637,0.0,0.0,0.0,2.854307,-0.5190564,-1.673013,-0.3087002,-0.4007998,2.069001,-0.1698494,0.007673219,-0.9854403,0.161582,0.9866532,-0.02016743,0.9721331,-0.1626548,-0.1688224,static,79.81622,-68.22534,-8.486074,-10.96335,76.56660858468099,-52.24293256050008
4281,05/16/2023 12:01:50.309605,4464,True,True,True,True,Eyes,0.674108,0.2233392,-1.660822,0.9018646,-0.4034835,0.1544064,0.0,0.0,0.0,0.0,0.0,0.0,0.0,-1.462016,-0.3799144,-1.094699,0.8681033,0.2169558,-1.636923,0.05412513,0.7642443,-0.05735999,0.6400867,9.0307,100.1474,0.5394835,0.3347677,0.1273435,-0.933656,0.0,0.0,0.0,2.870841,-0.5064869,-1.685618,-0.3087003,-0.4008,2.069,-0.174719,0.00929893,-0.9845744,0.1561604,0.9875606,-0.01838454,0.9721559,-0.1569636,-0.1739978,static,80.28471,-69.05899,-8.486081,-10.96336,76.99746443299757,-53.013665717011875
4282,05/16/2023 12:01:50.329366,4465,True,True,True,True,Eyes,0.6831998,0.2230078,-1.660122,0.9037482,-0.4019779,0.1471496,0.0,0.0,0.0,0.0,0.0,0.0,0.0,-1.455623,-0.3732179,-1.116949,0.8806262,0.2180879,-1.637877,0.05041399,0.7659122,-0.05365269,0.6387163,8.429186,100.3857,0.5032094,0.3386379,0.1269834,-0.9323084,0.0,0.0,0.0,2.890582,-0.4843376,-1.696002,-0.3087007,-0.4007999,2.069001,-0.1790002,0.008687681,-0.9838108,0.1457631,0.9891596,-0.01778604,0.9729915,-0.146587,-0.1783261,static,80.75217,-69.89414,-8.48609,-10.96335,77.42736203375375,-53.785735010041805
4283,05/16/2023 12:01:50.339084,4466,True,True,True,True,Eyes,0.6924073,0.2227001,-1.659488,0.905594,-0.4003515,0.1400654,0.0,0.0,0.0,0.0,0.0,0.0,0.0,-1.449296,-0.3707653,-1.137455,0.8934116,0.2183126,-1.638867,0.04666233,0.7672774,-0.05147543,0.6375409,7.960486,100.5768,0.3454163,0.3425684,0.1266226,-0.9309205,0.0,0.0,0.0,2.909063,-0.4669972,-1.703668,-0.3087003,-0.4008,2.069,-0.1827286,0.005970533,-0.9831452,0.1372413,0.9903458,-0.01949358,0.9735373,-0.1384901,-0.1817839,static,81.20791,-70.7173,-8.486081,-10.96336,77.8464518830639,-54.546584465410376
4284,05/16/2023 12:01:50.359245,4467,True,True,True,True,Eyes,0.7017251,0.2224193,-1.65894,0.9073305,-0.3987243,0.1333057,0.0,0.0,0.0,0.0,0.0,0.0,0.0,-1.44268,-0.3736314,-1.15559,0.9054011,0.2185481,-1.639756,0.04395089,0.7685315,-0.05108503,0.6362532,7.72674,100.7685,0.1473999,0.3465552,0.1262616,-0.9294928,0.0,0.0,0.0,2.923955,-0.4575729,-1.710482,-0.3087005,-0.4007998,2.069002,-0.1865007,0.002549251,-0.9824517,0.1325613,0.9909173,-0.02259313,0.9734708,-0.1344487,-0.1851446,static,81.64186,-71.51365,-8.486079,-10.96335,78.24546269434916,-55.282465469525604
4285,05/16/2023 12:01:50.379357,4468,True,True,True,True,Eyes,0.7111298,0.2221829,-1.658447,0.9089781,-0.3971137,0.1267263,0.0,0.0,0.0,0.0,0.0,0.0,0.0,-1.436018,-0.3797527,-1.172569,0.9175025,0.2189388,-1.640589,0.04185556,0.7696499,-0.05171169,0.6349905,7.628856,100.9473,359.928,0.350594,0.1259008,-0.9280259,0.0,0.0,0.0,2.937402,-0.4526002,-1.716357,-0.3087003,-0.4007999,2.069,-0.1900703,-0.001244591,-0.9817696,0.1301011,0.9911481,-0.02644403,0.973112,-0.1327555,-0.1882259,static,82.0632,-72.30116,-8.486081,-10.96336,78.63283164166505,-56.00996695226692
4286,05/16/2023 12:01:50.389288,4469,True,True,True,True,Eyes,0.7206265,0.2219932,-1.658021,0.9104956,-0.3955407,0.1206045,0.0,0.0,0.0,0.0,0.0,0.0,0.0,-1.42987,-0.3866674,-1.18808,0.9290042,0.2197738,-1.64141,0.04042822,0.7706444,-0.05261186,0.6338018,7.604663,101.1133,359.7469,0.3546796,0.125542,-0.9265208,0.0,0.0,0.0,2.949324,-0.4499506,-1.721867,-0.3087002,-0.4008,2.069,-0.1933216,-0.004379411,-0.9811255,0.1290025,0.9911951,-0.02984313,0.9726176,-0.132337,-0.1910545,static,82.45451,-73.04299,-8.486078,-10.96336,78.99255734803522,-56.69511808078701
4287,05/16/2023 12:01:50.414498,4470,True,True,True,True,Eyes,0.7301855,0.2218715,-1.657647,0.9118737,-0.3941363,0.1146421,0.0,0.0,0.0,0.0,0.0,0.0,0.0,-1.424351,-0.3938471,-1.202839,0.9408092,0.2207308,-1.642214,0.04027887,0.7715025,-0.05379028,0.6326677,7.69877,101.2703,359.6582,0.3588077,0.1251866,-0.9249781,0.0,0.0,0.0,2.960004,-0.4517976,-1.727399,-0.3087003,-0.4007999,2.069001,-0.1962189,-0.005912226,-0.9805425,0.1302132,0.9909684,-0.03203238,0.9718761,-0.1339649,-0.1936769,static,82.83429,-73.78191,-8.486078,-10.96335,79.3416212182866,-57.3773112203247
4288,05/16/2023 12:01:50.429817,4471,True,True,True,True,Eyes,0.7398105,0.2217889,-1.657324,0.9130958,-0.3929351,0.108894,0.0,0.0,0.0,0.0,0.0,0.0,0.0,-1.419242,-0.4031727,-1.215932,0.9518884,0.2222738,-1.643103,0.04084776,0.7722694,-0.0555408,0.6315432,7.896219,101.4209,359.5915,0.3629731,0.1248372,-0.9233988,0.0,0.0,0.0,2.96871,-0.4567734,-1.732687,-0.3087005,-0.4007998,2.069001,-0.1989698,-0.007061857,-0.9799802,0.1332438,0.9904934,-0.03419067,0.9709054,-0.1373791,-0.1961372,static,83.19914,-74.51037,-8.486083,-10.96335,79.67690132209874,-58.04958897824689
4289,05/16/2023 12:01:50.448960,4472,True,True,True,True,Eyes,0.7494799,0.2217414,-1.657046,0.9141501,-0.3920039,0.1032595,0.0,0.0,0.0,0.0,0.0,0.0,0.0,-1.413421,-0.4128781,-1.229337,0.9631792,0.2231779,-1.643768,0.04190353,0.7731234,-0.05761306,0.630242,8.157965,101.5946,359.5469,0.3671716,0.1244947,-0.9217837,0.0,0.0,0.0,2.976757,-0.4647343,-1.738541,-0.3087006,-0.4007999,2.069,-0.2020781,-0.007827157,-0.9793382,0.1374135,0.9898496,-0.03626527,0.9696814,-0.1419027,-0.1989513,static,83.55537,-75.24268,-8.486089,-10.96336,80.00419061207157,-58.72513451712652
4290,05/16/2023 12:01:50.459194,4473,True,True,True,True,Eyes,0.7592049,0.2217455,-1.656787,0.9150692,-0.3912857,0.09769277,0.0,0.0,0.0,0.0,0.0,0.0,0.0,-1.407253,-0.424277,-1.242184,0.9739564,0.2240272,-1.644571,0.04369684,0.7740762,-0.06025529,0.628702,8.524303,101.7982,359.5298,0.3713976,0.1241596,-0.9201344,0.0,0.0,0.0,2.982877,-0.4765121,-1.745478,-0.3087001,-0.4007999,2.069001,-0.2056492,-0.008115873,-0.9785923,0.1434146,0.9889198,-0.0383398,0.9680604,-0.1482289,-0.2022066,static,83.90618,-75.98149,-8.486073,-10.96335,80.32644206649017,-59.40644410688023
4291,05/16/2023 12:01:50.479368,4474,True,True,True,True,Eyes,0.7689672,0.2217988,-1.656564,0.9158986,-0.3906727,0.09221974,0.0,0.0,0.0,0.0,0.0,0.0,0.0,-1.400324,-0.4346531,-1.25597,0.984997,0.2252878,-1.645088,0.04523878,0.7751502,-0.06241808,0.6270565,8.829885,102.0214,359.5277,0.3756478,0.1238336,-0.9184515,0.0,0.0,0.0,2.989832,-0.4858282,-1.753023,-0.3087004,-0.4007998,2.069001,-0.2095075,-0.008145623,-0.9777732,0.148413,0.9881149,-0.04003223,0.9664783,-0.1535013,-0.2058086,static,84.2504,-76.71825,-8.486081,-10.96335,80.64260099733191,-60.08571133823969
4292,05/16/2023 12:01:50.489780,4475,True,True,True,True,Eyes,0.7787786,0.2218766,-1.656374,0.9167272,-0.3899727,0.08679059,0.0,0.0,0.0,0.0,0.0,0.0,0.0,-1.394261,-0.440411,-1.270078,0.9956774,0.2265417,-1.6457,0.04598078,0.776162,-0.06321622,0.6256695,8.95563,102.2198,359.5518,0.3799176,0.1235178,-0.9167362,0.0,0.0,0.0,2.998542,-0.4890549,-1.760406,-0.3087003,-0.4007998,2.069001,-0.2128475,-0.007727845,-0.9770551,0.150482,0.987779,-0.04059453,0.9654282,-0.1556696,-0.2090833,static,84.59167,-77.453,-8.486075,-10.96335,80.95603622383071,-60.763071031934814
4293,05/16/2023 12:01:50.509559,4476,True,True,True,True,Eyes,0.7886326,0.2219713,-1.656217,0.917514,-0.3892649,0.0814926,0.0,0.0,0.0,0.0,0.0,0.0,0.0,-1.389159,-0.4420441,-1.284311,1.006742,0.2272044,-1.646047,0.04629707,0.7769583,-0.06300467,0.6246781,8.960038,102.3703,359.6071,0.3842034,0.1232121,-0.9149896,0.0,0.0,0.0,3.009115,-0.4888419,-1.766366,-0.3087002,-0.4007999,2.069,-0.2152676,-0.006773501,-0.9765315,0.1506571,0.987774,-0.04006248,0.9648638,-0.1557455,-0.2116152,static,84.92438,-78.1759,-8.48608,-10.96336,81.2615879311305,-61.429423659531665
4294,05/16/2023 12:01:50.529451,4477,True,True,True,True,Eyes,0.7985409,0.2220567,-1.656058,0.9182707,-0.3885621,0.07614733,0.0,0.0,0.0,0.0,0.0,0.0,0.0,-1.385021,-0.4424728,-1.297988,1.01763,0.2276921,-1.64664,0.04622309,0.77759,-0.06248438,0.6239495,8.908457,102.4844,359.6469,0.3885022,0.1229158,-0.9132126,0.0,0.0,0.0,3.020296,-0.4867834,-1.771347,-0.3087,-0.4007999,2.069,-0.2171007,-0.006088988,-0.9761302,0.1498594,0.9879182,-0.03949271,0.9645773,-0.1548562,-0.2135654,static,85.25961,-78.91215,-8.486073,-10.96336,81.56942797460863,-62.107983989121934
4295,05/16/2023 12:01:50.539085,4478,True,True,True,True,Eyes,0.8084881,0.2221309,-1.655932,0.9189693,-0.3878965,0.07093448,0.0,0.0,0.0,0.0,0.0,0.0,0.0,-1.380695,-0.442615,-1.311666,1.028722,0.2275078,-1.647017,0.04608989,0.7781753,-0.06205924,0.6232718,8.861065,102.5894,359.6737,0.3928121,0.122627,-0.9114058,0.0,0.0,0.0,3.03167,-0.4854715,-1.775703,-0.3087002,-0.4007998,2.069,-0.2188163,-0.00562751,-0.9757498,0.1490916,0.9880487,-0.03913288,0.9643087,-0.154039,-0.2153622,static,85.58614,-79.63685,-8.486076,-10.96335,81.869253934753,-62.775806264955705
4296,05/16/2023 12:01:50.559302,4479,True,True,True,True,Eyes,0.8184906,0.2221964,-1.655795,0.9196947,-0.3871147,0.06560349,0.0,0.0,0.0,0.0,0.0,0.0,0.0,-1.376464,-0.4441358,-1.324911,1.039613,0.2273144,-1.647675,0.04636935,0.778774,-0.06205857,0.6225027,8.88138,102.704,359.7077,0.39713,0.122344,-0.9095708,0.0,0.0,0.0,3.041973,-0.4865502,-1.780535,-0.3087002,-0.4007999,2.069,-0.2206805,-0.005040769,-0.9753331,0.1494857,0.9879973,-0.03892911,0.9638226,-0.1543893,-0.2172782,static,85.9199,-80.38159,-8.486081,-10.96336,82.17570544897931,-63.462047042531154
4297,05/16/2023 12:01:50.579268,4480,True,True,True,True,Eyes,0.8285372,0.2222328,-1.655691,0.9203808,-0.3863339,0.06037745,0.0,0.0,0.0,0.0,0.0,0.0,0.0,-1.371638,-0.4443844,-1.339032,1.050771,0.2271114,-1.648082,0.0466117,0.7794763,-0.06170347,0.6216404,8.867167,102.8363,359.7652,0.4014544,0.1220654,-0.9077079,0.0,0.0,0.0,3.052855,-0.4865694,-1.785986,-0.3087002,-0.4008,2.069,-0.2227812,-0.004049307,-0.9748602,0.1493802,0.9880401,-0.03824135,0.9633557,-0.1541442,-0.219512,static,86.24675,-81.11749,-8.486076,-10.96336,82.47579065455035,-64.14006246111815
4298,05/16/2023 12:01:50.589600,4481,True,True,True,True,Eyes,0.8386394,0.2222283,-1.655592,0.9211132,-0.3853868,0.05502218,0.0,0.0,0.0,0.0,0.0,0.0,0.0,-1.366748,-0.4432946,-1.353768,1.061884,0.2264403,-1.648734,0.04669991,0.7802594,-0.06109558,0.6207107,8.819089,102.9809,359.8279,0.4057832,0.1217889,-0.9058182,0.0,0.0,0.0,3.064048,-0.4859117,-1.792238,-0.3087003,-0.4008001,2.069,-0.2250747,-0.002969286,-0.974337,0.1487215,0.9881729,-0.03736653,0.9629244,-0.1533151,-0.2219711,static,86.58154,-81.87472,-8.486081,-10.96336,82.78315429168214,-64.8376886189111
4299,05/16/2023 12:01:50.610577,4482,True,True,True,True,Eyes,0.8487863,0.2221848,-1.65553,0.9217857,-0.3844928,0.0497648,0.0,0.0,0.0,0.0,0.0,0.0,0.0,-1.361143,-0.4432186,-1.368727,1.073216,0.2254237,-1.649229,0.04687472,0.7810975,-0.06084102,0.6196677,8.80888,103.1383,359.8739,0.4101152,0.1215115,-0.9039024,0.0,0.0,0.0,3.074992,-0.4868211,-1.798564,-0.3087006,-0.4007999,2.069001,-0.2276298,-0.002174984,-0.9737455,0.1486299,0.9882023,-0.03695204,0.9623379,-0.153139,-0.2246209,static,86.90975,-82.62522,-8.486085,-10.96335,83.0844500904318,-65.52901702770347
4300,05/16/2023 12:01:50.629283,4483,True,True,True,True,Eyes,0.8589896,0.2220742,-1.655457,0.9224873,-0.3834629,0.04442342,0.0,0.0,0.0,0.0,0.0,0.0,0.0,-1.355236,-0.4462186,-1.382943,1.084062,0.2250681,-1.649987,0.0471017,0.7819795,-0.06123052,0.6184986,8.86035,103.3069,359.8796,0.414448,0.121231,-0.9019617,0.0,0.0,0.0,3.084754,-0.4889883,-1.805104,-0.3087006,-0.4007998,2.069001,-0.2304822,-0.002076862,-0.9730745,0.1494071,0.9880645,-0.03749737,0.9615383,-0.1540267,-0.2274209,static,87.24299,-83.39185,-8.486083,-10.96335,83.39034815518458,-66.23514895945087
4301,05/16/2023 12:01:50.639499,4484,True,True,True,True,Eyes,0.8692254,0.2219682,-1.655421,0.9230914,-0.3825775,0.03920088,0.0,0.0,0.0,0.0,0.0,0.0,0.0,-1.348099,-0.4498563,-1.397847,1.095436,0.2233042,-1.650416,0.04729918,0.7829436,-0.06211022,0.6171744,8.953992,103.4926,359.8492,0.4187812,0.1209439,-0.8999966,0.0,0.0,0.0,3.09455,-0.4938292,-1.81154,-0.3087004,-0.4007998,2.069,-0.2337167,-0.002600508,-0.9723012,0.1507309,0.9878103,-0.0388739,0.9605501,-0.1556413,-0.2304758,static,87.56828,-84.1496,-8.486082,-10.96336,83.68891748570017,-66.93299103116445
4302,05/16/2023 12:01:50.659223,4485,True,True,True,True,Eyes,0.8795178,0.2218456,-1.655396,0.9237381,-0.3815301,0.03380352,0.0,0.0,0.0,0.0,0.0,0.0,0.0,-1.340745,-0.4580701,-1.412136,1.10686,0.2227201,-1.651305,0.04743781,0.7838994,-0.06384512,0.6157721,9.12089,103.6793,359.7531,0.4231123,0.1206505,-0.8980081,0.0,0.0,0.0,3.10364,-0.4996688,-1.817816,-0.3087002,-0.4007999,2.069001,-0.2371487,-0.004255158,-0.9714642,0.153001,0.9873469,-0.04167452,0.9593495,-0.1585181,-0.2334971,static,87.90424,-84.93683,-8.486074,-10.96335,83.99726509077966,-67.65792871144797
4303,05/16/2023 12:01:50.679365,4486,True,True,True,True,Eyes,0.8898754,0.2217103,-1.655397,0.924355,-0.3804697,0.0284696,0.0,0.0,0.0,0.0,0.0,0.0,0.0,-1.332053,-0.4640463,-1.427792,1.11849,0.2221976,-1.651636,0.0471984,0.7850507,-0.06492873,0.6142085,9.202485,103.8957,359.6719,0.4274402,0.1203504,-0.8959965,0.0,0.0,0.0,3.11383,-0.502575,-1.824908,-0.3086999,-0.4008,2.069,-0.2410405,-0.005653285,-0.9704986,0.1538658,0.9871131,-0.04396537,0.9582404,-0.159924,-0.2370644,static,88.23588,-85.72068,-8.486068,-10.96336,84.30162552402207,-68.37967601987836
4304,05/16/2023 12:01:50.689580,4487,True,True,True,True,Eyes,0.9003084,0.2215443,-1.655395,0.9250539,-0.3791064,0.02352932,0.0,0.0,0.0,0.0,0.0,0.0,0.0,-1.322939,-0.4652287,-1.445764,1.130423,0.2217483,-1.652214,0.04645785,0.7864454,-0.06469637,0.6125027,9.129792,104.1467,359.6414,0.4317642,0.1200432,-0.8939623,0.0,0.0,0.0,3.125952,-0.5003498,-1.83425,-0.3087006,-0.4007999,2.069,-0.2453641,-0.006180297,-0.9694113,0.1523265,0.9873121,-0.04484922,0.9573886,-0.1586715,-0.2413094,static,88.54296,-86.44849,-8.486087,-10.96336,84.58343955499052,-69.04980026446437
4305,05/16/2023 12:01:50.710226,4488,True,True,True,True,Eyes,0.9108161,0.2213476,-1.655419,0.9257291,-0.3777293,0.01860511,0.0,0.0,0.0,0.0,0.0,0.0,0.0,-1.314099,-0.4629411,-1.464148,1.142553,0.2207639,-1.652494,0.04541528,0.787767,-0.06371281,0.610984,8.967705,104.3778,359.6345,0.4360846,0.1197276,-0.8919052,0.0,0.0,0.0,3.139321,-0.4956945,-1.843036,-0.3087,-0.4007999,2.069001,-0.2492721,-0.006301699,-0.9684131,0.1494083,0.9877563,-0.04488566,0.956839,-0.1558777,-0.2452786,static,88.84864,-87.18017,-8.486068,-10.96335,84.8639450762447,-69.72340574894842
4306,05/16/2023 12:01:50.729518,4489,True,True,True,True,Eyes,0.9214053,0.2211022,-1.655408,0.9264988,-0.3760395,0.01394045,0.0,0.0,0.0,0.0,0.0,0.0,0.0,-1.304224,-0.4636534,-1.482841,1.154862,0.2198184,-1.653108,0.04433365,0.7892188,-0.06347714,0.6092117,8.87109,104.6365,359.573,0.440401,0.1194026,-0.8898255,0.0,0.0,0.0,3.152073,-0.4929672,-1.852569,-0.3087005,-0.4007999,2.069001,-0.2537915,-0.007364137,-0.9672312,0.1473199,0.9880103,-0.04617754,0.9559743,-0.1542119,-0.2496637,static,89.13797,-87.87691,-8.486082,-10.96335,85.12943327981489,-70.36479706548666
4307,05/16/2023 12:01:50.739383,4490,True,True,True,True,Eyes,0.9320686,0.2207914,-1.655401,0.9271938,-0.3744661,0.009313178,0.0,0.0,0.0,0.0,0.0,0.0,0.0,-1.293009,-0.4672052,-1.500843,1.16718,0.218326,-1.65309,0.04350122,0.7906802,-0.06412869,0.6073056,8.873164,104.9048,359.4723,0.4447147,0.1190663,-0.8877227,0.0,0.0,0.0,3.163672,-0.4939896,-1.861238,-0.3087001,-0.4007998,2.069001,-0.2585751,-0.009100329,-0.9659483,0.1466825,0.9879903,-0.04857349,0.9547897,-0.1542476,-0.2541349,static,89.42451,-88.57532,-8.486073,-10.96335,85.39233373194402,-71.00763150350468
4308,05/16/2023 12:01:50.769304,4491,True,True,True,True,Eyes,0.9428169,0.2204541,-1.655365,0.9278513,-0.3729199,0.004764879,0.0,0.0,0.0,0.0,0.0,0.0,0.0,-1.282144,-0.4727021,-1.517877,1.179632,0.2164616,-1.653149,0.04320908,0.7920012,-0.06539594,0.605467,8.969618,105.1569,359.3766,0.4490256,0.1187163,-0.8855969,0.0,0.0,0.0,3.174281,-0.4986753,-1.869148,-0.3087001,-0.4007999,2.069001,-0.2630852,-0.01074688,-0.9647127,0.1476335,0.9877127,-0.05126398,0.95341,-0.1559107,-0.2582661,static,89.70576,-89.26796,-8.486073,-10.96336,85.65035712206259,-71.64507603802033
4309,05/16/2023 12:01:50.779241,4492,True,True,True,True,Eyes,0.953643,0.2201054,-1.655318,0.9284518,-0.3714527,0.0002633929,0.0,0.0,0.0,0.0,0.0,0.0,0.0,-1.27263,-0.4818825,-1.532547,1.192225,0.2154526,-1.653081,0.04380951,0.7929543,-0.06742446,0.6039522,9.198,105.3548,359.3055,0.4533346,0.1183525,-0.8834477,0.0,0.0,0.0,3.183542,-0.5071943,-1.874751,-0.3087003,-0.4007999,2.069001,-0.266645,-0.01196444,-0.9637208,0.1509202,0.9870693,-0.05401132,0.9519054,-0.1598468,-0.2613915,static,89.98375,-89.95937,-8.486076,-10.96335,85.90536732003292,-72.28131392744599
4310,05/16/2023 12:01:50.789183,4493,True,True,True,True,Eyes,0.9645567,0.2197371,-1.655239,0.9290908,-0.3698277,-0.004216313,0.0,0.0,0.0,0.0,0.0,0.0,0.0,-1.262241,-0.486393,-1.549118,1.204923,0.2148386,-1.652757,0.04346599,0.7941126,-0.06812763,0.6023741,9.239843,105.5745,359.2429,0.4576417,0.1179755,-0.8812748,0.0,0.0,0.0,3.195036,-0.5089144,-1.881516,-0.3087003,-0.4007998,2.069001,-0.2705124,-0.01304285,-0.9626281,0.1511104,0.9869386,-0.05583644,0.9507832,-0.1605676,-0.2650082,static,-89.73998,89.34681,-8.486079,-10.96335,-79.84425077806917,95.62786086875471
4613,05/16/2023 12:01:55.839538,4796,True,True,True,True,Eyes,1.362758,0.2551998,-3.505067,-0.9946225,0.09583502,0.03926434,0.0,0.0,0.0,0.0,0.0,0.0,0.0,3.487478,-0.146973,1.412798,1.351823,0.2565287,-3.505263,0.01638085,-0.7013303,0.001164734,0.7126473,1.43147,270.9019,358.7782,0.3999845,0.06379475,-0.9142985,-0.6434152,0.03664773,-0.1572218,-0.7681315,0.604377,-3.463343,2.421439e-07,0.4008,2.111001,0.01626899,-0.02131669,0.9996403,-0.02463686,0.9994606,0.02171382,-0.9995641,-0.02498127,0.01573502,static,-87.73933,67.72071,6.572154e-06,10.75037,-78.06387781154086,75.90850511396782
4614,05/16/2023 12:01:55.859916,4797,True,True,True,True,Eyes,1.361024,0.2552527,-3.505037,-0.9945487,0.09611119,0.04044099,0.0,0.0,0.0,0.0,0.0,0.0,0.0,3.480005,-0.1465807,1.420646,1.340217,0.2563064,-3.505464,0.01634453,-0.6993306,0.0009831653,0.7146109,1.41736,271.2231,358.7702,0.394816,0.06428932,-0.9165078,-0.6048103,0.03444887,-0.1477885,-0.7793824,0.6046757,-3.451605,1.080334e-07,0.4007999,2.111001,0.02187175,-0.02145529,0.9995306,-0.02426561,0.9994638,0.02198484,-0.9994663,-0.02473507,0.0213394,static,-87.67149,67.17996,2.932192e-06,10.75036,-78.0028722861958,75.41495049877032
4615,05/16/2023 12:01:55.869332,4798,True,True,True,True,Eyes,1.358906,0.2553186,-3.505007,-0.9944673,0.09638192,0.04177777,0.0,0.0,0.0,0.0,0.0,0.0,0.0,3.473266,-0.1445579,1.426353,1.328672,0.2563403,-3.505407,0.01668906,-0.6975598,0.001041288,0.7163315,1.453321,271.5055,358.7509,0.390606,0.06469985,-0.9182811,-0.5685217,0.03238193,-0.1389212,-0.7908507,0.6033758,-3.440963,-1.899898e-07,0.4007998,2.111001,0.02681852,-0.02179141,0.9994028,-0.02477504,0.9994408,0.02245707,-0.9993333,-0.02536251,0.02626363,static,-87.59441,66.56517,-5.156613e-06,10.75036,-77.93355891592081,74.85381923776725
4616,05/16/2023 12:01:55.889296,4799,True,True,True,True,Eyes,1.356413,0.2553676,-3.504581,-0.9942793,0.09845826,0.04140928,0.0,0.0,0.0,0.0,0.0,0.0,0.0,3.466386,-0.14332,1.432827,1.317323,0.2567192,-3.505441,0.01682001,-0.6957104,0.0007570226,0.7181252,1.444641,271.8004,358.7209,0.3871585,0.06504296,-0.9197157,-0.5344104,0.03043902,-0.1305859,-0.8017816,0.6040713,-3.429878,2.756715e-07,0.4007999,2.111002,0.03197292,-0.02231644,0.9992397,-0.02449098,0.999433,0.02310441,-0.9991888,-0.02521108,0.03140829,static,-87.61515,67.1895,7.482141e-06,10.75036,-77.95069613370391,75.42210172670283
4617,05/16/2023 12:01:55.915131,4800,True,True,True,True,Eyes,1.353549,0.2553849,-3.504136,-0.9940797,0.1004884,0.04132295,0.0,0.0,0.0,0.0,0.0,0.0,0.0,3.457975,-0.1423002,1.441134,1.305505,0.2564853,-3.504937,0.01665276,-0.6935932,6.157497e-05,0.7201745,1.379311,272.1384,358.681,0.3843168,0.06533189,-0.9208863,-0.5023457,0.02861268,-0.1227508,-0.8127089,0.6062486,-3.416612,1.117587e-07,0.4007999,2.111001,0.03785693,-0.02301179,0.9990183,-0.02318917,0.9994454,0.02390036,-0.9990141,-0.02407119,0.03730231,static,-87.61964,67.6465,3.033301e-06,10.75036,-77.95334507368572,75.83778664789062
4618,05/16/2023 12:01:55.929258,4801,True,True,True,True,Eyes,1.35033,0.2553871,-3.503654,-0.9938644,0.1025018,0.04155819,0.0,0.0,0.0,0.0,0.0,0.0,0.0,3.448215,-0.13984,1.451894,1.293684,0.2557418,-3.504099,0.01661989,-0.6912059,-0.0006345205,0.7224665,1.325797,272.5177,358.6306,0.381847,0.06558369,-0.9218954,-0.472205,0.02689592,-0.1153857,-0.8235558,0.6074768,-3.401415,9.685755e-08,0.4008,2.111001,0.04446812,-0.02389237,0.9987251,-0.02205869,0.9994467,0.0248918,-0.9987673,-0.02313746,0.04391646,static,-87.60558,67.93046,2.628861e-06,10.75037,-77.93939582873715,76.09561952522276
4619,05/16/2023 12:01:55.939456,4802,True,True,True,True,Eyes,1.346765,0.2553699,-3.503134,-0.9936352,0.1044937,0.04207207,0.0,0.0,0.0,0.0,0.0,0.0,0.0,3.437644,-0.1405564,1.464269,1.281856,0.2554129,-3.503262,0.01616687,-0.6886279,-0.00137022,0.7249335,1.234973,272.9275,358.61,0.379552,0.065813,-0.9228263,-0.4438727,0.02528216,-0.1084626,-0.8340284,0.6105042,-3.385322,-1.192093e-07,0.4007999,2.111001,0.05157962,-0.02425256,0.9983744,-0.02027928,0.9994735,0.02532696,-0.998463,-0.02155267,0.05106063,static,-87.57545,68.06892,-3.235521e-06,10.75036,-77.91105292954614,76.22071036144456
4620,05/16/2023 12:01:55.959136,4803,True,True,True,True,Eyes,1.34286,0.2553247,-3.502599,-0.9933981,0.1063684,0.04296465,0.0,0.0,0.0,0.0,0.0,0.0,0.0,3.42587,-0.1454844,1.477537,1.269931,0.2549053,-3.501881,0.01529484,-0.685935,-0.001597629,0.7275003,1.14956,273.3555,358.6642,0.3774075,0.06602184,-0.9236906,-0.4172403,0.02376523,-0.1019548,-0.844505,0.6131642,-3.36855,0.0,0.4007999,2.111001,0.05898124,-0.02330708,0.997987,-0.01865798,0.999527,0.02444573,-0.9980846,-0.02006226,0.0585185,static,-87.52349,68.00509,0.0,10.75036,-77.86317252374491,76.16126256115732
4621,05/16/2023 12:01:55.979469,4804,True,True,True,True,Eyes,1.338629,0.2552525,-3.502004,-0.9931585,0.1081189,0.04412141,0.0,0.0,0.0,0.0,0.0,0.0,0.0,3.413604,-0.1495111,1.491015,1.257825,0.2541277,-3.50021,0.01476486,-0.6832014,-0.001244883,0.7300798,1.137857,273.7871,358.7396,0.3753904,0.06621184,-0.9244986,-0.3922059,0.02233932,-0.09583753,-0.855509,0.6128312,-3.351485,-5.960464e-08,0.4007999,2.111001,0.0664686,-0.02199248,0.9975462,-0.01835702,0.9995609,0.02326006,-0.9976197,-0.01985804,0.0660357,static,-87.45629,67.8005,-1.617761e-06,10.75036,-77.80165103094494,75.97340538879067
4622,05/16/2023 12:01:55.989413,4805,True,True,True,True,Eyes,1.334077,0.255166,-3.501393,-0.9929048,0.1097945,0.04566588,0.0,0.0,0.0,0.0,0.0,0.0,0.0,3.400792,-0.1493581,1.505277,1.245692,0.2534162,-3.498225,0.01497366,-0.6803777,-0.0006141153,0.7327087,1.209432,274.2289,358.7806,0.3734811,0.06638452,-0.9252591,-0.3686735,0.02099896,-0.09008727,-0.8668985,0.6094792,-3.333463,0.0,0.4007999,2.111001,0.07417184,-0.02127542,0.9970187,-0.01947555,0.9995508,0.02277832,-0.9970554,-0.021107,0.07372419,static,-87.3667,67.41652,0.0,10.75036,-77.71999823067748,75.62181807482627
4623,05/16/2023 12:01:56.009311,4806,True,True,True,True,Eyes,1.329219,0.2550569,-3.500715,-0.992644,0.1113984,0.04741638,0.0,0.0,0.0,0.0,0.0,0.0,0.0,3.388378,-0.1448393,1.51872,1.233423,0.252869,-3.496186,0.0154817,-0.6775813,-0.0008321272,0.7352844,1.239934,274.6637,358.7274,0.3716616,0.06654149,-0.9259803,-0.3465531,0.01973902,-0.08468203,-0.8780143,0.6077957,-3.315011,2.235174e-07,0.4007999,2.111001,0.0817657,-0.02220393,0.9964042,-0.01975652,0.9995192,0.02389458,-0.9964558,-0.02163924,0.08128771,static,-87.26519,66.94312,6.066603e-06,10.75036,-77.62760785639414,75.18859614724349
4624,05/16/2023 12:01:56.029394,4807,True,True,True,True,Eyes,1.324036,0.254913,-3.500065,-0.9923674,0.112977,0.04943011,0.0,0.0,0.0,0.0,0.0,0.0,0.0,3.376782,-0.1448197,1.529375,1.221146,0.2522172,-3.493967,0.01544833,-0.6750687,-0.0007484456,0.7375927,1.247923,275.0547,358.7413,0.3699168,0.066684,-0.9266683,-0.3257599,0.01855468,-0.07960111,-0.8890631,0.6068507,-3.298477,-2.086163e-07,0.4007999,2.111001,0.08856333,-0.02196146,0.9958284,-0.01975327,0.9995216,0.02379965,-0.9958746,-0.02177864,0.08808709,static,-87.14844,66.36949,-5.662164e-06,10.75037,-77.52144276878863,74.66381996361383
4625,05/16/2023 12:01:56.043935,4808,True,True,True,True,Eyes,1.318557,0.2547276,-3.49933,-0.9920982,0.1143929,0.05152998,0.0,0.0,0.0,0.0,0.0,0.0,0.0,3.366841,-0.1454533,1.535275,1.208349,0.2511549,-3.491512,0.01539522,-0.6730111,-0.0003589901,0.7394722,1.276969,275.3743,358.7819,0.3682308,0.06681281,-0.9273304,-0.3062143,0.0174414,-0.07482504,-0.9009431,0.6047201,-3.284522,2.235174e-07,0.4007999,2.111001,0.09411207,-0.02125323,0.9953348,-0.02019137,0.9995257,0.02325188,-0.9953569,-0.02228546,0.09363832,static,-87.0267,65.7501,6.066603e-06,10.75036,-77.41081012593648,74.09729791207442
4626,05/16/2023 12:01:56.059517,4809,True,True,True,True,Eyes,1.312788,0.2545144,-3.498518,-0.9918293,0.1156866,0.05377121,0.0,0.0,0.0,0.0,0.0,0.0,0.0,3.358269,-0.144958,1.537808,1.195701,0.2499876,-3.488788,0.01588788,-0.6713631,0.0009430553,0.7409577,1.421698,275.628,358.8574,0.3665915,0.06692852,-0.9279713,-0.2878415,0.01639492,-0.07033554,-0.9135874,0.598209,-3.2729,3.427267e-07,0.4007999,2.111001,0.09854129,-0.01993554,0.9949332,-0.0227306,0.9994934,0.02227823,-0.9948733,-0.02481076,0.09803826,static,-86.8968,65.07097,9.302124e-06,10.75036,-77.29282207033937,73.4762318332594
4627,05/16/2023 12:01:56.069474,4810,True,True,True,True,Eyes,1.306744,0.2542591,-3.497605,-0.9915692,0.1168201,0.05606861,0.0,0.0,0.0,0.0,0.0,0.0,0.0,3.350299,-0.1433308,1.538547,1.18301,0.2491097,-3.485773,0.01657937,-0.6698981,0.002207402,0.7422647,1.579846,275.8522,358.9146,0.3649883,0.06703198,-0.9285955,-0.270571,0.01541122,-0.0661154,-0.9264073,0.5914851,-3.261933,-1.490116e-08,0.4007999,2.111001,0.1024635,-0.01893602,0.9945565,-0.02548992,0.9994406,0.02165509,-0.9944102,-0.02757002,0.1019235,static,-86.76364,64.36099,-4.044402e-07,10.75036,-77.17191847893996,72.82702477585124
4628,05/16/2023 12:01:56.089561,4811,True,True,True,True,Eyes,1.300426,0.2539684,-3.496571,-0.9913014,0.1178896,0.05851009,0.0,0.0,0.0,0.0,0.0,0.0,0.0,3.34262,-0.1381962,1.538396,1.170335,0.2478687,-3.482491,0.01758612,-0.668512,0.003110959,0.7434869,1.736874,276.0625,358.9173,0.3634116,0.06712368,-0.9292071,-0.2543367,0.01448655,-0.06214848,-0.9391736,0.5844295,-3.250831,-3.874302e-07,0.4007999,2.111001,0.1061639,-0.01888716,0.9941693,-0.02813898,0.9993621,0.02199068,-0.9939504,-0.03030953,0.1055647,static,-86.62212,63.60422,-1.051545e-05,10.75036,-77.0434316717888,72.13504409623732
4629,05/16/2023 12:01:56.109625,4812,True,True,True,True,Eyes,1.293847,0.2536576,-3.495428,-0.9910294,0.1189078,0.06100535,0.0,0.0,0.0,0.0,0.0,0.0,0.0,3.334812,-0.1307912,1.537885,1.15739,0.2467679,-3.478896,0.01886873,-0.6671192,0.003808275,0.7447023,1.901671,276.2722,358.8819,0.3618532,0.06720421,-0.9298093,-0.2390765,0.01361735,-0.05841957,-0.9521823,0.5772187,-3.239165,2.980232e-08,0.4007999,2.111001,0.1098751,-0.01950332,0.9937541,-0.03084744,0.9992589,0.02302203,-0.9934667,-0.03318432,0.1091921,static,-86.47746,62.84002,8.088804e-07,10.75036,-76.91206317804559,71.4362221754733
4630,05/16/2023 12:01:56.129248,4813,True,True,True,True,Eyes,1.287013,0.2533045,-3.494152,-0.9907175,0.1201246,0.06363036,0.0,0.0,0.0,0.0,0.0,0.0,0.0,3.326925,-0.127416,1.537045,1.144516,0.2459833,-3.475161,0.01920129,-0.6657268,0.003572541,0.74594,1.914189,276.4849,358.8398,0.3603058,0.06727447,-0.9304048,-0.224732,0.01280031,-0.0549144,-0.9641905,0.5759644,-3.2273,-2.682209e-07,0.4008,2.111001,0.1135902,-0.02023582,0.9933216,-0.03089542,0.9992371,0.02388934,-0.9930472,-0.03340269,0.1128783,static,-86.32513,62.08968,-7.279924e-06,10.75037,-76.77355012698045,70.74979611556799
4631,05/16/2023 12:01:56.139838,4814,True,True,True,True,Eyes,1.27993,0.2529018,-3.492756,-0.9903982,0.1213123,0.06629324,0.0,0.0,0.0,0.0,0.0,0.0,0.0,3.319027,-0.1251297,1.53558,1.131485,0.2446224,-3.471239,0.01914244,-0.6643634,0.003000064,0.7471586,1.867666,276.6943,358.7988,0.3587635,0.06733476,-0.9309963,-0.211248,0.01203229,-0.05161953,-0.9760013,0.5763215,-3.21542,1.192093e-07,0.4007999,2.111001,0.1172248,-0.02095203,0.9928845,-0.02991812,0.9992491,0.02461862,-0.9926547,-0.03259115,0.1165099,static,-86.17057,61.34483,3.235521e-06,10.75036,-76.63295503020787,70.0683019607999
4632,05/16/2023 12:01:56.159692,4815,True,True,True,True,Eyes,1.272615,0.2524762,-3.491265,-0.9900406,0.1226192,0.06916781,0.0,0.0,0.0,0.0,0.0,0.0,0.0,3.310873,-0.1239472,1.533881,1.118383,0.2430239,-3.467015,0.01902051,-0.6630163,0.002740052,0.7483583,1.839608,276.9012,358.7892,0.3572201,0.06738509,-0.931586,-0.1985732,0.01131036,-0.04852236,-0.9879958,0.5757611,-3.20354,-2.086163e-07,0.4008,2.111001,0.1208038,-0.02112073,0.9924517,-0.02932289,0.9992614,0.0248349,-0.9922432,-0.0321017,0.1200952,static,-86.00361,60.57325,-5.662162e-06,10.75036,-76.48097141488047,69.3621660633669
4633,05/16/2023 12:01:56.169536,4816,True,True,True,True,Eyes,1.265068,0.2520509,-3.489645,-0.9896738,0.1239114,0.07205439,0.0,0.0,0.0,0.0,0.0,0.0,0.0,3.302821,-0.1260609,1.532012,1.105556,0.2419988,-3.462768,0.01865738,-0.6617253,0.002864039,0.7495088,1.819915,277.1002,358.8306,0.355671,0.06742613,-0.9321755,-0.1866588,0.01063174,-0.04561102,-0.9998169,0.5754716,-3.192278,8.940697e-08,0.4007999,2.111001,0.1242229,-0.02039888,0.9920447,-0.02898537,0.9992874,0.02417733,-0.991831,-0.03175816,0.1235432,static,-85.83586,59.82204,2.426641e-06,10.75036,-76.32818946675339,68.67453183715966
4634,05/16/2023 12:01:56.189677,4817,True,True,True,True,Eyes,1.257313,0.2516506,-3.487935,-0.9892626,0.1253376,0.0751667,0.0,0.0,0.0,0.0,0.0,0.0,0.0,3.294342,-0.131527,1.529704,1.092411,0.2415614,-3.458074,0.01788888,-0.6604348,0.003009561,0.7506643,1.766842,277.3004,358.9044,0.3541116,0.06745916,-0.9327667,-0.1754592,0.009993832,-0.04287436,-1.011762,0.5770105,-3.18078,5.960464e-08,0.4007999,2.111,0.1276337,-0.01911053,0.9916372,-0.02814721,0.9993418,0.02288184,-0.9914218,-0.03083231,0.1270118,static,-85.65487,59.04831,1.617761e-06,10.75037,-76.16322766955754,67.96606142592164
4635,05/16/2023 12:01:56.209495,4818,True,True,True,True,Eyes,1.058414,0.2416923,-3.441902,-0.9754844,0.1590613,0.1520846,0.0,0.0,0.0,0.0,0.0,0.0,0.0,3.286125,-0.139443,1.527272,1.079726,0.2416818,-3.453462,0.01696997,-0.6592149,0.003473695,0.7517552,1.724539,277.4901,359.0168,0.3525385,0.0674859,-0.9333605,-0.1649317,0.009394201,-0.0403019,-1.023376,0.578712,-3.170017,2.384186e-07,0.4008,2.111002,0.1308475,-0.01715098,0.9912543,-0.02759645,0.9993999,0.02093471,-0.9910185,-0.03009435,0.1302956,static,-81.13854,46.2845,6.471041e-06,10.75036,-72.02528351566164,56.237406361558484
4636,05/16/2023 12:01:56.229503,4819,True,True,True,True,Eyes,1.057906,0.2417236,-3.441753,-0.9754329,0.1590952,0.1523795,0.0,0.0,0.0,0.0,0.0,0.0,0.0,3.278225,-0.1451307,1.523449,1.066929,0.241322,-3.448499,0.01641435,-0.658139,0.00416386,0.7527061,1.730089,277.6562,359.1208,0.3428682,0.06746215,-0.9369577,-0.7517325,-0.02104416,0.1002142,-1.035471,0.5781584,-3.159675,-2.980232e-08,0.4007999,2.111001,0.1336714,-0.01533752,0.9909072,-0.02787418,0.9994264,0.01922957,-0.9906338,-0.03019116,0.1331673,static,-81.12118,46.23518,-8.088802e-07,10.75036,-72.00937881707192,56.19208872196197
4637,05/16/2023 12:01:56.239704,4820,True,True,True,True,Eyes,1.056918,0.2418263,-3.441402,-0.975352,0.1591829,0.1528044,0.0,0.0,0.0,0.0,0.0,0.0,0.0,3.270222,-0.1468707,1.520643,1.054357,0.2420214,-3.443549,0.01668377,-0.6569844,0.005012082,0.7537029,1.818583,277.8312,359.1764,0.3350992,0.06743271,-0.9397664,-0.7066286,-0.01978151,0.09420136,-1.047717,0.5755856,-3.14862,2.682209e-07,0.4007999,2.111001,0.1366927,-0.01436671,0.9905093,-0.02947719,0.999393,0.01856349,-0.9901748,-0.03173493,0.1361863,static,-81.09608,46.17123,7.279925e-06,10.75037,-71.98635870440508,56.133258258593905
4638,05/16/2023 12:01:56.259584,4821,True,True,True,True,Eyes,1.055468,0.241981,-3.440933,-0.9752679,0.1594493,0.1530638,0.0,0.0,0.0,0.0,0.0,0.0,0.0,3.261353,-0.1509063,1.519275,1.041827,0.2438268,-3.438391,0.01617263,-0.6556116,0.004519773,0.7549116,1.738864,278.0414,359.1756,0.328849,0.06740404,-0.9419737,-0.6642308,-0.01859462,0.08854928,-1.058689,0.580344,-3.135812,-4.172325e-07,0.4007999,2.111001,0.1403059,-0.01438187,0.9900038,-0.02802998,0.999436,0.01849137,-0.9897115,-0.03034424,0.1398236,static,-81.08045,46.17054,-1.132432e-05,10.75036,-71.97189485132374,56.13220809189695
4639,05/16/2023 12:01:56.269307,4822,True,True,True,True,Eyes,1.053565,0.2421381,-3.440278,-0.9751393,0.1598692,0.1534441,0.0,0.0,0.0,0.0,0.0,0.0,0.0,3.252384,-0.1612629,1.518331,1.029478,0.2450691,-3.433578,0.01400646,-0.6541358,0.002690548,0.7562426,1.41561,278.2715,359.183,0.3238084,0.06738006,-0.94372,-0.624377,-0.01747894,0.08323632,-1.067901,0.5935548,-3.122892,1.490116e-07,0.4008,2.111001,0.1441985,-0.01425484,0.9894461,-0.02239367,0.9995931,0.0176646,-0.9892952,-0.02470454,0.1438206,static,-81.05749,46.1748,4.044403e-06,10.75037,-71.95063049919841,56.13546085775592
4640,05/16/2023 12:01:56.299563,4823,True,True,True,True,Eyes,1.051242,0.2423084,-3.439521,-0.9750258,0.1603214,0.1536941,2.175757,-1.070178,0.591129,-3.10512,0.5328224,-0.7594675,0.3732417,0.006900221,0.3893532,2.104167,1.016677,0.2452437,-3.428489,0.01236813,-0.652835,0.001393477,0.7573978,1.177776,278.4727,359.1955,0.3197277,0.06736231,-0.9451117,-0.5869144,-0.01643021,0.07824215,-1.078162,0.6025287,-3.110744,3.278255e-07,0.4008,2.111001,0.147609,-0.01403787,0.9889461,-0.01825953,0.9996902,0.01691577,-0.9888771,-0.02055461,0.147307,static,-81.04213,46.20906,8.897686e-06,10.75037,-71.93630131162946,56.16619905209461
4641,05/16/2023 12:01:56.315237,4824,True,True,True,True,Eyes,1.048516,0.2424863,-3.438599,-0.9748853,0.1608488,0.1540334,2.186541,-1.083111,0.5941889,-3.101799,0.3757,-0.9250006,-0.05677464,0.0002054572,0.3868537,2.10558,1.004429,0.2456104,-3.42397,0.01119493,-0.6518226,0.0008840006,0.7582884,1.038852,278.6286,359.2405,0.3164048,0.06735182,-0.9462301,-0.5516995,-0.0154444,0.07354762,-1.088723,0.6080361,-3.100968,1.788139e-07,0.4008,2.111001,0.1502531,-0.01325356,0.9885588,-0.01593487,0.9997478,0.01582554,-0.9885191,-0.01813039,0.150004,static,-81.0214,46.23993,4.853283e-06,10.75037,-71.91701317237218,56.193709382953145
4642,05/16/2023 12:01:56.329274,4825,True,True,True,True,Eyes,1.045412,0.2426458,-3.437588,-0.9747721,0.161327,0.1542501,0.0,0.0,0.0,0.0,0.0,0.0,0.0,3.229994,-0.1816538,1.506325,0.9920267,0.2459468,-3.419103,0.0100768,-0.6507967,0.000367421,0.7591851,0.9040813,278.7859,359.2804,0.3136761,0.06734917,-0.9471382,-0.5185975,-0.01451773,0.06913476,-1.099424,0.6133567,-3.090761,-2.086163e-07,0.4007999,2.111001,0.1529271,-0.01255801,0.9881577,-0.01367377,0.9997967,0.01482207,-0.9881429,-0.01577854,0.1527243,static,-81.00795,46.28466,-5.662162e-06,10.75036,-71.90441723929216,56.2340199128567
4643,05/16/2023 12:01:56.339486,4826,True,True,True,True,Eyes,1.041947,0.2427918,-3.43644,-0.9746594,0.1617145,0.1545554,0.0,0.0,0.0,0.0,0.0,0.0,0.0,3.224181,-0.1828606,1.500689,0.9800066,0.2455693,-3.414693,0.009659215,-0.649955,-7.765836e-05,0.7599113,0.8353646,278.9137,359.2737,0.3113464,0.06735396,-0.9479063,-0.4874817,-0.01364667,0.06498667,-1.110263,0.6155175,-3.081711,-4.470348e-07,0.4008,2.111001,0.1551171,-0.01267414,0.9878148,-0.01243808,0.9998134,0.01478124,-0.9878178,-0.01457934,0.1549305,static,-80.98942,46.29673,-1.213321e-05,10.75037,-71.88722726237486,56.244494354377096
4644,05/16/2023 12:01:56.359467,4827,True,True,True,True,Eyes,1.038155,0.2429746,-3.435202,-0.9745676,0.1619432,0.1548946,0.0,0.0,0.0,0.0,0.0,0.0,0.0,3.218638,-0.1756113,1.495458,0.9678862,0.2454105,-3.410254,0.01080406,-0.6491078,-3.956068e-05,0.7606199,0.9387878,279.0389,359.1928,0.3091689,0.06736601,-0.9486179,-0.4582328,-0.01282787,0.06108747,-1.122218,0.6115298,-3.07204,3.278255e-07,0.4007999,2.111001,0.1573181,-0.01408618,0.9874477,-0.01396582,0.9997665,0.01648692,-0.9874493,-0.01638421,0.1570847,static,-80.96913,46.27443,8.897682e-06,10.75036,-71.86852165903092,56.22366754726028
4645,05/16/2023 12:01:56.369273,4828,True,True,True,True,Eyes,1.034055,0.2431893,-3.433865,-0.9744653,0.162162,0.1553092,0.0,0.0,0.0,0.0,0.0,0.0,0.0,3.213495,-0.1692285,1.49096,0.9563274,0.2464446,-3.406296,0.01185396,-0.6482323,-0.000326345,0.7613503,1.010001,279.1682,359.0908,0.3071215,0.06738601,-0.9492813,-0.4307388,-0.0120582,0.05742222,-1.133342,0.6099214,-3.062591,0.0,0.4007999,2.111001,0.1595896,-0.01586516,0.987056,-0.01487131,0.9997187,0.01847312,-0.9870714,-0.01762693,0.1593088,static,-80.94443,46.23658,0.0,10.75037,-71.8457857097718,56.18858139671549
4646,05/16/2023 12:01:56.389261,4829,True,True,True,True,Eyes,1.02966,0.2434196,-3.432462,-0.9743758,0.1623026,0.1557231,0.0,0.0,0.0,0.0,0.0,0.0,0.0,3.209114,-0.1646917,1.485201,0.9448235,0.2472117,-3.40258,0.01238435,-0.6474865,-0.001036199,0.7619756,1.00452,279.2789,358.9904,0.3051834,0.06741442,-0.9499041,-0.4048945,-0.0113347,0.05397688,-1.14403,0.6108794,-3.054152,-1.490116e-07,0.4008,2.111001,0.1615203,-0.01761651,0.9867122,-0.01445828,0.9996911,0.02021499,-0.9867635,-0.01753129,0.1612158,static,-80.91988,46.18519,-4.044402e-06,10.75036,-71.82323323193269,56.141186984519464
4647,05/16/2023 12:01:56.409676,4830,True,True,True,True,Eyes,1.02499,0.2436477,-3.430993,-0.974308,0.1623031,0.1561459,0.0,0.0,0.0,0.0,0.0,0.0,0.0,3.206889,-0.1565446,1.47583,0.9333798,0.2477846,-3.399136,0.01357158,-0.647203,-0.00148744,0.7621953,1.075106,279.3182,358.8633,0.3033371,0.06745115,-0.9504927,-0.3806008,-0.01065462,0.05073827,-1.15553,0.6088263,-3.048326,1.192093e-07,0.4007999,2.111001,0.1622522,-0.01983457,0.9865499,-0.01529969,0.9996272,0.02261374,-0.9866306,-0.01876304,0.1618883,static,-80.89501,46.10769,3.235522e-06,10.75037,-71.80047066653718,56.07004132988987
4648,05/16/2023 12:01:56.429525,4831,True,True,True,True,Eyes,1.020058,0.243938,-3.429477,-0.9742661,0.1622177,0.1564965,0.0,0.0,0.0,0.0,0.0,0.0,0.0,3.205066,-0.149959,1.466512,0.9221522,0.248204,-3.396118,0.01511919,-0.6469977,-0.00060329,0.7623419,1.276159,279.3445,358.826,0.3015664,0.06749561,-0.9510528,-0.3577648,-0.01001534,0.04769397,-1.167791,0.6018057,-3.043885,1.490116e-07,0.4008,2.111001,0.1627872,-0.02048399,0.9864487,-0.01864433,0.9995421,0.02383264,-0.9864851,-0.02227133,0.1623307,static,-80.87452,46.0284,4.044402e-06,10.75036,-71.78176785049135,55.99738643745768
4649,05/16/2023 12:01:56.439614,4832,True,True,True,True,Eyes,1.014891,0.2442942,-3.427911,-0.9742198,0.1621392,0.1568651,0.0,0.0,0.0,0.0,0.0,0.0,0.0,3.203217,-0.1458606,1.456644,0.9110152,0.2499655,-3.392823,0.0165682,-0.646866,0.0004253033,0.7624236,1.479209,279.3598,358.8086,0.2998576,0.06754902,-0.9515891,-0.3362989,-0.009414423,0.04483233,-1.180038,0.5960514,-3.039712,3.576279e-07,0.4008,2.111001,0.1631282,-0.02078629,0.986386,-0.02208333,0.9994506,0.02471374,-0.9863579,-0.0258142,0.1625796,static,-80.85297,45.94717,9.706562e-06,10.75036,-71.76209036239229,55.92293877741277
4650,05/16/2023 12:01:56.459463,4833,True,True,True,True,Eyes,1.009477,0.2446602,-3.426346,-0.9741411,0.1620944,0.157399,0.0,0.0,0.0,0.0,0.0,0.0,0.0,3.201223,-0.1473578,1.448048,0.9002067,0.2519016,-3.390068,0.01661797,-0.6465684,0.0002897715,0.7626749,1.473978,279.4043,358.7936,0.2981986,0.06761255,-0.9521058,-0.316121,-0.008849557,0.04214239,-1.190523,0.5981789,-3.035234,2.682209e-07,0.4008,2.111001,0.1638984,-0.02104731,0.9862527,-0.02193132,0.9994475,0.02497351,-0.9862334,-0.02572294,0.1633463,static,-80.82163,45.84197,7.279923e-06,10.75036,-71.73343090510465,55.826429713682046
4651,05/16/2023 12:01:56.469268,4834,True,True,True,True,Eyes,1.003847,0.2450494,-3.424725,-0.9740675,0.1619578,0.1579941,0.0,0.0,0.0,0.0,0.0,0.0,0.0,3.197572,-0.1494059,1.44235,0.8890764,0.2524208,-3.38718,0.01666727,-0.6459029,0.0008101531,0.7632372,1.517869,279.5043,358.8367,0.2965777,0.06768564,-0.9526068,-0.2971537,-0.008318584,0.03961385,-1.201342,0.5970799,-3.028953,4.768372e-07,0.4007999,2.111001,0.1656175,-0.02029419,0.9859812,-0.02276755,0.9994431,0.02439559,-0.9859272,-0.02648871,0.1650632,static,-80.78684,45.70976,1.294209e-05,10.75037,-71.70166739979385,55.70526635707697
4652,05/16/2023 12:01:56.489517,4835,True,True,True,True,Eyes,0.9980127,0.24548,-3.42308,-0.9739233,0.1619099,0.1589293,0.0,0.0,0.0,0.0,0.0,0.0,0.0,3.192913,-0.1514107,1.439088,0.8782582,0.2533909,-3.384235,0.01714693,-0.6450144,0.002071494,0.7639754,1.654471,279.6364,358.9135,0.2949857,0.06776822,-0.9530952,-0.2793245,-0.007819469,0.03723702,-1.212223,0.593003,-3.021582,1.490116e-07,0.4007999,2.111002,0.1679043,-0.0189549,0.9856212,-0.02528518,0.9994034,0.02352738,-0.9854792,-0.02887195,0.1673249,static,-80.7319,45.53226,4.044401e-06,10.75036,-71.65140366359553,55.54237449947426
4653,05/16/2023 12:01:56.509427,4836,True,True,True,True,Eyes,0.9919765,0.2459231,-3.421399,-0.9737464,0.1619624,0.1599566,0.0,0.0,0.0,0.0,0.0,0.0,0.0,3.187043,-0.1594341,1.439409,0.8675593,0.2548052,-3.38186,0.01649207,-0.6436847,0.002821104,0.7651079,1.654258,279.8383,359.0304,0.2934147,0.06786062,-0.9535733,-0.262565,-0.007350301,0.0350028,-1.22177,0.5944399,-3.01265,2.682209e-07,0.4007999,2.111001,0.1713241,-0.01691449,0.9850696,-0.02554828,0.9994401,0.02160462,-0.9848835,-0.02886823,0.170796,static,-80.67138,45.35698,7.279923e-06,10.75036,-71.59596811712505,55.38135043602885
4654,05/16/2023 12:01:56.529415,4837,True,True,True,True,Eyes,0.9857523,0.2463525,-3.419674,-0.9734944,0.1621966,0.1612482,0.0,0.0,0.0,0.0,0.0,0.0,0.0,3.180424,-0.1726274,1.440279,0.856693,0.2555358,-3.379361,0.01466418,-0.6422185,0.003071384,0.7663754,1.514018,280.0636,359.1902,0.2918574,0.06796246,-0.954044,-0.2468111,-0.006909283,0.03290263,-1.230539,0.6003799,-3.003182,1.490116e-07,0.4007999,2.111001,0.1750919,-0.01412755,0.9844508,-0.02354288,0.9995511,0.01853153,-0.9842707,-0.02642153,0.1746807,static,-80.595,45.16801,4.044402e-06,10.75036,-71.5258987049401,55.20744870455825
4655,05/16/2023 12:01:56.539602,4838,True,True,True,True,Eyes,0.9793391,0.2467564,-3.417929,-0.9732235,0.1624449,0.1626275,0.0,0.0,0.0,0.0,0.0,0.0,0.0,3.174354,-0.1820188,1.441112,0.8458561,0.2556505,-3.377222,0.01325565,-0.6407577,0.003156043,0.7676222,1.39788,280.2859,359.3041,0.290307,0.06807262,-0.954509,-0.2320025,-0.006494726,0.03092847,-1.239351,0.6048033,-2.993856,8.940697e-08,0.4007999,2.111001,0.1788393,-0.01214202,0.9838033,-0.02183262,0.9996287,0.01630614,-0.983636,-0.02439518,0.1785078,static,-80.51342,44.96781,2.426642e-06,10.75037,-71.45105353046002,55.02319456581707
4656,05/16/2023 12:01:56.559799,4839,True,True,True,True,Eyes,0.9727513,0.2471456,-3.416184,-0.9729001,0.1627304,0.1642686,0.0,0.0,0.0,0.0,0.0,0.0,0.0,3.168326,-0.1870718,1.442122,0.8349091,0.2554371,-3.375008,0.01260107,-0.6392785,0.003487312,0.7688643,1.365818,280.5085,359.384,0.2887586,0.06818968,-0.9549703,-0.2180823,-0.006105043,0.02907276,-1.248703,0.6057827,-2.984133,-5.960464e-08,0.4007999,2.111001,0.1826219,-0.01074865,0.9831245,-0.02147373,0.9996581,0.0149183,-0.9829487,-0.02383576,0.1823286,static,-80.41634,44.73049,-1.617761e-06,10.75037,-71.36198493131454,54.804766910410436
4657,05/16/2023 12:01:56.569380,4840,True,True,True,True,Eyes,0.9659911,0.2475164,-3.414421,-0.9725503,0.16306,0.1660042,0.0,0.0,0.0,0.0,0.0,0.0,0.0,3.162074,-0.1918018,1.444357,0.8241906,0.2554691,-3.372998,0.01211799,-0.6376874,0.003995385,0.7701896,1.361586,280.7468,359.4669,0.2872066,0.06831268,-0.9554294,-0.2049974,-0.00573874,0.0273284,-1.257861,0.6059772,-2.974035,5.960464e-08,0.4008,2.111,0.1866776,-0.009300575,0.9823772,-0.02160939,0.9996744,0.01357069,-0.9821835,-0.02376192,0.1864158,static,-80.31356,44.48738,1.617761e-06,10.75037,-71.26765986632972,54.58092007604231
4658,05/16/2023 12:01:56.589710,4841,True,True,True,True,Eyes,0.79291,0.2556609,-3.369975,-0.9615421,0.1728956,0.2134102,0.0,0.0,0.0,0.0,0.0,0.0,0.0,3.155701,-0.1957352,1.446544,0.8132979,0.2553869,-3.370841,0.01139095,-0.6360382,0.003777944,0.7715642,1.282589,280.9936,359.5037,0.2856468,0.06844065,-0.9558877,-0.1926975,-0.005394415,0.02568869,-1.266588,0.6088198,-2.963257,8.940697e-08,0.4007999,2.111001,0.1908822,-0.008660301,0.9815749,-0.02032001,0.999712,0.01277186,-0.9814027,-0.02238353,0.1906512,static,-77.48629,39.01287,2.426641e-06,10.75036,-68.66896895572296,49.52632136057678
4659,05/16/2023 12:01:56.609384,4842,True,True,True,True,Eyes,0.7924667,0.2556239,-3.369905,-0.9615054,0.1729028,0.2135697,0.0,0.0,0.0,0.0,0.0,0.0,0.0,3.1498,-0.1963558,1.449057,0.8024091,0.2546478,-3.369103,0.0110318,-0.6343566,0.003448917,0.7729541,1.227933,281.2438,359.5034,0.2768762,0.06919479,-0.9584107,-0.7003791,0.01936292,0.1574839,-1.275345,0.6101022,-2.952503,-1.490116e-07,0.4007999,2.111001,0.1951597,-0.008664478,0.9807332,-0.0193279,0.9997329,0.01267846,-0.980581,-0.02142983,0.1949401,static,-77.47677,38.99311,-4.044402e-06,10.75036,-68.66022300100268,49.50809553562117
4660,05/16/2023 12:01:56.629519,4843,True,True,True,True,Eyes,0.7916059,0.2555547,-3.369737,-0.9616033,0.1726976,0.2132944,0.0,0.0,0.0,0.0,0.0,0.0,0.0,3.144364,-0.1952054,1.450764,0.7913302,0.2537199,-3.367383,0.01101753,-0.6327617,0.003305769,0.7742612,1.217307,281.4801,359.4943,0.2697971,0.06980774,-0.9603832,-0.6583564,0.01820115,0.1480349,-1.284611,0.6095668,-2.942169,-1.192093e-07,0.4008,2.111001,0.1992035,-0.008823884,0.9799184,-0.019062,0.9997354,0.01287736,-0.9797728,-0.02124442,0.1989825,static,-77.49364,38.99598,-3.235521e-06,10.75036,-68.67582733134726,49.51116157724576
4661,05/16/2023 12:01:56.639857,4844,True,True,True,True,Eyes,0.7903312,0.2554809,-3.369514,-0.9616619,0.1725194,0.2131745,0.0,0.0,0.0,0.0,0.0,0.0,0.0,3.139432,-0.1934625,1.451921,0.7802801,0.2529473,-3.365816,0.01130358,-0.6312591,0.003530197,0.7754816,1.259943,281.7018,359.4959,0.2640702,0.07030706,-0.9619372,-0.618855,0.01710908,0.1391528,-1.294261,0.6072174,-2.932532,-3.874302e-07,0.4007999,2.111001,0.2029989,-0.008795776,0.9791394,-0.01974619,0.9997196,0.0130745,-0.9789798,-0.02198838,0.2027682,static,-77.50119,38.98281,-1.051545e-05,10.75037,-68.6828585494353,49.499389908071684
4662,05/16/2023 12:01:56.659832,4845,True,True,True,True,Eyes,0.7886575,0.2553754,-3.369224,-0.9617751,0.1722837,0.2128545,0.0,0.0,0.0,0.0,0.0,0.0,0.0,3.135208,-0.1912744,1.451817,0.7690687,0.2527566,-3.364303,0.0113968,-0.6298593,0.003017594,0.7766197,1.232142,281.9081,359.4458,0.2594206,0.07071508,-0.9631718,-0.5817237,0.01608253,0.1308036,-1.303658,0.6080517,-2.923244,-2.980232e-08,0.4007999,2.111,0.2065363,-0.009669714,0.9783911,-0.01904381,0.9997221,0.01390064,-0.9782535,-0.02150328,0.2062947,static,-77.52077,38.98658,-8.088808e-07,10.75037,-68.70096811511826,49.50334764080339
4663,05/16/2023 12:01:56.669358,4846,True,True,True,True,Eyes,0.786588,0.2552337,-3.368888,-0.9618477,0.1720535,0.2127122,0.0,0.0,0.0,0.0,0.0,0.0,0.0,3.131184,-0.1875775,1.451719,0.7577302,0.2519048,-3.362941,0.01128487,-0.6284108,0.001811352,0.7777978,1.136321,282.1216,359.3487,0.255626,0.07104876,-0.9641613,-0.5468203,0.01511758,0.1229554,-1.312613,0.6107363,-2.913623,1.192093e-07,0.4007999,2.111001,0.2101931,-0.01136534,0.977594,-0.0170008,0.9997388,0.01527815,-0.9775121,-0.01983124,0.209945,static,-77.52977,38.96786,3.235521e-06,10.75036,-68.70935965863652,49.48656841082947
4664,05/16/2023 12:01:56.689203,4847,True,True,True,True,Eyes,0.7841516,0.255052,-3.368459,-0.9619482,0.1717547,0.2124997,0.0,0.0,0.0,0.0,0.0,0.0,0.0,3.127021,-0.1797712,1.452223,0.7461556,0.2508937,-3.361523,0.011997,-0.6268896,0.0009849173,0.7790151,1.141783,282.3436,359.2259,0.2525054,0.07132141,-0.9649631,-0.5140111,0.01421053,0.1155781,-1.32228,0.6095126,-2.90334,1.490116e-07,0.4008,2.111001,0.214017,-0.01350706,0.9767365,-0.01657612,0.9997103,0.01745682,-0.9766893,-0.01992656,0.213731,static,-77.54311,38.94717,4.044402e-06,10.75037,-68.72177452351883,49.468115181939844
4665,05/16/2023 12:01:56.709577,4848,True,True,True,True,Eyes,0.7813418,0.2547975,-3.368005,-0.9620103,0.1713914,0.2125115,0.0,0.0,0.0,0.0,0.0,0.0,0.0,3.122015,-0.1730485,1.455064,0.7346202,0.2498274,-3.360365,0.01254244,-0.6250806,0.0001987203,0.7804596,1.13603,282.6078,359.1192,0.2498746,0.07154628,-0.9656311,-0.4831704,0.0133579,0.1086434,-1.331482,0.6086481,-2.891926,2.384186e-07,0.4008,2.111001,0.2185485,-0.01536988,0.9757052,-0.01599026,0.9996853,0.0193293,-0.9756952,-0.01982616,0.2182339,static,-77.54321,38.88632,6.471043e-06,10.75036,-68.72206769793948,49.41278519938351
4666,05/16/2023 12:01:56.729371,4849,True,True,True,True,Eyes,0.7781751,0.2544637,-3.367543,-0.9620849,0.1707884,0.2126594,0.0,0.0,0.0,0.0,0.0,0.0,0.0,3.115952,-0.1650359,1.460354,0.722837,0.2478428,-3.359331,0.01362181,-0.622977,0.0003709582,0.7821215,1.247429,282.9136,359.0605,0.2474317,0.07174331,-0.9662452,-0.4541802,0.01255642,0.1021248,-1.34132,0.6025375,-2.879319,2.086163e-07,0.4008,2.111001,0.2237991,-0.01639188,0.9744974,-0.01755241,0.9996286,0.02084562,-0.9744772,-0.02177002,0.2234283,static,-77.53575,38.76823,5.662164e-06,10.75037,-68.71555253879421,49.30520074039046
4667,05/16/2023 12:01:56.739261,4850,True,True,True,True,Eyes,0.7746703,0.2540706,-3.36706,-0.9621425,0.1699414,0.2130769,0.0,0.0,0.0,0.0,0.0,0.0,0.0,3.108621,-0.15421,1.468777,0.7111797,0.2456428,-3.358347,0.01569571,-0.6205452,0.001702107,0.7840118,1.531338,283.2639,359.0364,0.2451487,0.07191326,-0.9668143,-0.4269294,0.01180304,0.0959973,-1.351651,0.5898292,-2.865161,1.490116e-07,0.4007999,2.111001,0.2298414,-0.01681085,0.9730828,-0.02214874,0.9995015,0.02249878,-0.9729761,-0.02672371,0.2293545,static,-77.51276,38.57442,4.044402e-06,10.75036,-68.69491345206814,49.12834184284382
4668,05/16/2023 12:01:56.759505,4851,True,True,True,True,Eyes,0.77083,0.2536272,-3.366595,-0.9621928,0.1688855,0.2136884,0.0,0.0,0.0,0.0,0.0,0.0,0.0,3.100079,-0.142894,1.479977,0.6995524,0.2438889,-3.357437,0.01831427,-0.6177828,0.003832066,0.7861261,1.921455,283.6595,359.0481,0.2430006,0.07205737,-0.9673458,-0.4013136,0.01109486,0.09023747,-1.362072,0.5736276,-2.84956,-5.960464e-08,0.4007999,2.111001,0.2366594,-0.01660351,0.9714507,-0.02865346,0.9992998,0.02405988,-0.9711701,-0.03352942,0.2360179,static,-77.4787,38.32056,-1.617761e-06,10.75037,-68.66422666484056,48.896578321987704
4669,05/16/2023 12:01:56.779636,4852,True,True,True,True,Eyes,0.7666667,0.2531357,-3.366115,-0.9621889,0.1677464,0.2146011,0.0,0.0,0.0,0.0,0.0,0.0,0.0,3.090293,-0.1352353,1.493502,0.6878542,0.2422511,-3.356623,0.02009496,-0.6146615,0.005444227,0.788516,2.199732,284.1082,359.0758,0.2409641,0.07217697,-0.9678462,-0.3772348,0.01042916,0.08482322,-1.371306,0.5616767,-2.832418,-1.192093e-07,0.4007999,2.111,0.2443231,-0.01611748,0.9695598,-0.03328893,0.9991331,0.02499769,-0.9691223,-0.03838312,0.2435748,static,-77.42686,38.01353,-3.235523e-06,10.75037,-68.61725914724165,48.61598488444358
4670,05/16/2023 12:01:56.789600,4853,True,True,True,True,Eyes,0.7621884,0.2526132,-3.365634,-0.9621061,0.1667423,0.2157516,0.0,0.0,0.0,0.0,0.0,0.0,0.0,3.079855,-0.1294932,1.508054,0.6759327,0.2406324,-3.355848,0.02127546,-0.6113317,0.006474319,0.7910619,2.382835,284.5876,359.0956,0.23902,0.07227328,-0.968321,-0.3546007,0.009803413,0.07973383,-1.379782,0.5532682,-2.814313,5.960464e-08,0.4007999,2.111,0.2524632,-0.01576955,0.967478,-0.0362559,0.9990109,0.02574449,-0.9669269,-0.04157632,0.2516417,static,-77.36056,37.69842,1.617762e-06,10.75037,-68.5569350183367,48.32765298062408
4671,05/16/2023 12:01:56.809776,4854,True,True,True,True,Eyes,0.7573956,0.252063,-3.365154,-0.9619405,0.1658645,0.2171623,0.0,0.0,0.0,0.0,0.0,0.0,0.0,3.069476,-0.1291704,1.522507,0.6639094,0.2393801,-3.355341,0.02122974,-0.6079536,0.006687139,0.7936605,2.397345,285.0767,359.1284,0.2371497,0.07234793,-0.9687752,-0.3333246,0.009215209,0.07494979,-1.387244,0.5514811,-2.796479,5.960464e-08,0.4007999,2.111001,0.2606955,-0.01519876,0.9653015,-0.03642803,0.9990092,0.02556748,-0.9647336,-0.04182936,0.2598836,static,-77.27849,37.37192,1.617761e-06,10.75036,-68.48205273892077,48.02853730028414
4672,05/16/2023 12:01:56.829634,4855,True,True,True,True,Eyes,0.75229,0.2514878,-3.36471,-0.9616672,0.1652947,0.2188005,0.0,0.0,0.0,0.0,0.0,0.0,0.0,3.060072,-0.1317208,1.534833,0.6515549,0.238145,-3.354977,0.02031204,-0.6047602,0.00605973,0.7961254,2.273591,285.5403,359.1445,0.2353378,0.07240241,-0.9692128,-0.3133252,0.008662296,0.07045281,-1.394385,0.5548388,-2.779827,1.192093e-07,0.4007999,2.111001,0.2684568,-0.01491922,0.9631761,-0.03421644,0.9991013,0.0250125,-0.9626838,-0.03967123,0.2677051,static,-77.18215,37.06953,3.235522e-06,10.75037,-68.39388357047558,47.75095960218768
4673,05/16/2023 12:01:56.839517,4856,True,True,True,True,Eyes,0.7468852,0.250883,-3.364276,-0.9613314,0.1648222,0.2206255,0.0,0.0,0.0,0.0,0.0,0.0,0.0,3.051751,-0.1350732,1.545154,0.6391208,0.2369031,-3.354747,0.01918603,-0.6017982,0.005267575,0.7984004,2.119069,285.9698,359.1582,0.2335691,0.07243812,-0.9696379,-0.2945257,0.008142559,0.06622564,-1.401649,0.5593287,-2.764607,5.960464e-08,0.4007999,2.111001,0.2756223,-0.01468098,0.9611539,-0.03150351,0.9992083,0.02429624,-0.9607497,-0.03697631,0.2749416,static,-77.07445,36.76222,1.617761e-06,10.75036,-68.29521653395113,47.468600761065964
4674,05/16/2023 12:01:56.859216,4857,True,True,True,True,Eyes,0.7411901,0.2502568,-3.363861,-0.9609512,0.1646076,0.2224346,0.0,0.0,0.0,0.0,0.0,0.0,0.0,3.044566,-0.1387924,1.553363,0.6265305,0.2355722,-3.35463,0.0182241,-0.5991012,0.004952927,0.8004507,2.012045,286.3596,359.2027,0.2318314,0.07245615,-0.9700535,-0.2768541,0.007654005,0.0622521,-1.409683,0.5619698,-2.751087,5.960464e-08,0.4008,2.111001,0.2821065,-0.01390702,0.9592825,-0.02976531,0.9992867,0.02324038,-0.9589214,-0.0351096,0.2814912,static,-76.96709,36.50245,1.61776e-06,10.75036,-68.19670744156802,47.229480629934955
4675,05/16/2023 12:01:56.869776,4858,True,True,True,True,Eyes,0.735218,0.2496076,-3.363455,-0.960536,0.1643467,0.2244122,0.0,0.0,0.0,0.0,0.0,0.0,0.0,3.03805,-0.1408438,1.56048,0.6139148,0.2344185,-3.354525,0.01782668,-0.5965618,0.005172291,0.8023525,1.99302,286.7243,359.2564,0.2301128,0.07245775,-0.9704626,-0.2602429,0.007194765,0.05851698,-1.41842,0.5615264,-2.738425,0.0,0.4008,2.111001,0.2881745,-0.01296943,0.9574901,-0.02956943,0.9993109,0.02243538,-0.9571213,-0.03477775,0.2875925,static,-76.84974,36.21691,0.0,10.75036,-68.08903720734408,46.96665689319366
4676,05/16/2023 12:01:56.889677,4859,True,True,True,True,Eyes,0.728995,0.2489495,-3.363013,-0.9600782,0.1642717,0.226417,0.0,0.0,0.0,0.0,0.0,0.0,0.0,3.031416,-0.1404748,1.568068,0.6012935,0.2332325,-3.354415,0.01809554,-0.5939788,0.005956131,0.8042551,2.073557,287.0925,359.3168,0.228404,0.07244398,-0.9708671,-0.2446283,0.006763079,0.05500596,-1.427602,0.5573602,-2.725534,-1.192093e-07,0.4007999,2.111001,0.2943073,-0.01191624,0.9556366,-0.03107724,0.9992741,0.02203123,-0.9552054,-0.0361825,0.2937233,static,-76.73029,35.9619,-3.235522e-06,10.75036,-67.97932269088659,46.731538182939076
4677,05/16/2023 12:01:56.909553,4860,True,True,True,True,Eyes,0.7225178,0.2482854,-3.36257,-0.9595554,0.1641895,0.2286814,0.0,0.0,0.0,0.0,0.0,0.0,0.0,3.0236,-0.139957,1.577852,0.5887304,0.232418,-3.354212,0.01837883,-0.591095,0.006607424,0.8063654,2.146306,287.5026,359.3652,0.2266964,0.07241628,-0.9712692,-0.2299506,0.006357295,0.0517056,-1.436105,0.5538523,-2.711028,-2.980232e-07,0.4007999,2.111001,0.301126,-0.01107128,0.9535201,-0.03238327,0.9992371,0.02182888,-0.9530343,-0.03745134,0.3005377,static,-76.59531,35.67773,-8.088806e-06,10.75037,-67.8553307397765,46.46948340576853
4678,05/16/2023 12:01:56.929899,4861,True,True,True,True,Eyes,0.7157873,0.2476479,-3.362138,-0.9589268,0.1641322,0.231344,0.0,0.0,0.0,0.0,0.0,0.0,0.0,3.013341,-0.1363423,1.592125,0.5761379,0.2316146,-3.353819,0.01872301,-0.5875567,0.006373378,0.8089412,2.165211,288.0034,359.3297,0.2249831,0.07237595,-0.9716706,-0.2161536,0.005975857,0.04860326,-1.443022,0.5523451,-2.692691,-1.788139e-07,0.4007999,2.111,0.3094728,-0.01169029,0.9508364,-0.03231304,0.9992177,0.02280218,-0.950359,-0.03778107,0.308853,static,-76.4364,35.35465,-4.853284e-06,10.75037,-67.70931899693431,46.17139941445325
4679,05/16/2023 12:01:56.939535,4862,True,True,True,True,Eyes,0.7088295,0.2470587,-3.3617,-0.9581684,0.164152,0.2344514,0.0,0.0,0.0,0.0,0.0,0.0,0.0,2.998974,-0.1269817,1.614083,0.5634772,0.2315804,-3.353222,0.01988362,-0.5829401,0.005669261,0.8122519,2.229982,288.6516,359.1988,0.2232573,0.07232509,-0.9720724,-0.2031844,0.005617306,0.04568707,-1.448123,0.5498972,-2.668311,-5.960464e-08,0.4008,2.111001,0.3202974,-0.01397218,0.9472139,-0.03239165,0.999145,0.02569134,-0.9467631,-0.03891069,0.3195709,static,-76.25061,34.99792,-1.617761e-06,10.75037,-67.53853978902195,45.84198949525083
4680,05/16/2023 12:01:56.959553,4863,True,True,True,True,Eyes,0.7016274,0.2464755,-3.361299,-0.9571863,0.1641765,0.2384121,0.0,0.0,0.0,0.0,0.0,0.0,0.0,2.980129,-0.122433,1.643814,0.5510212,0.2317904,-3.35275,0.01982845,-0.5772099,0.004034706,0.8163452,2.122231,289.457,359.0652,0.2215135,0.07226621,-0.9724756,-0.1909933,0.005280267,0.04294584,-1.449873,0.5540887,-2.63895,0.0,0.4007999,2.111001,0.333625,-0.01630292,0.942565,-0.02947777,0.9991811,0.02771597,-0.9422449,-0.03703145,0.3328712,static,-76.0136,34.55227,0.0,10.75036,-67.32064779302054,45.43033671799559
4681,05/16/2023 12:01:56.969819,4864,True,True,True,True,Eyes,0.5161455,0.2327121,-3.351279,-0.9233678,0.1646609,0.3468122,0.0,0.0,0.0,0.0,0.0,0.0,0.0,2.958545,-0.1206934,1.677796,0.5382419,0.2312559,-3.352517,0.01932867,-0.5708002,0.002674563,0.8208572,1.99346,290.3551,358.9866,0.2197464,0.07220028,-0.9728813,-0.1795337,0.004963452,0.04036909,-1.450343,0.5583185,-2.607181,-5.960464e-08,0.4008,2.111001,0.34836,-0.01767474,0.9371942,-0.02645648,0.9992385,0.02867887,-0.9369875,-0.03478543,0.3476271,static,-69.41408,25.39762,-1.61776e-06,10.75036,-61.242736953829414,36.92725452130615
4682,05/16/2023 12:01:56.989530,4865,True,True,True,True,Eyes,0.5156313,0.2327668,-3.351288,-0.9230997,0.1646088,0.3475497,0.0,0.0,0.0,0.0,0.0,0.0,0.0,2.936181,-0.1214787,1.712265,0.5256131,0.2318226,-3.352277,0.01911432,-0.5643126,0.002378862,0.8253364,1.961981,291.259,358.9883,0.2093021,0.07172838,-0.9752165,-0.7252074,-0.03662473,0.06800915,-1.450803,0.5600522,-2.57574,1.788139e-07,0.4007999,2.111001,0.3630911,-0.01764618,0.9315865,-0.02549963,0.999258,0.02886664,-0.9314046,-0.03423633,0.3623717,static,-69.36849,25.34348,4.853283e-06,10.75036,-61.20072026480546,36.87679040504442
4683,05/16/2023 12:01:57.009606,4866,True,True,True,True,Eyes,0.5146144,0.2328524,-3.351286,-0.9226198,0.1647144,0.348772,0.0,0.0,0.0,0.0,0.0,0.0,0.0,2.914757,-0.1281652,1.744204,0.5129265,0.2331093,-3.35217,0.01747063,-0.5580433,0.0008211936,0.8296278,1.713672,292.1315,358.9604,0.2008543,0.07132962,-0.9770206,-0.6816949,-0.03442724,0.0639286,-1.450026,0.5705351,-2.54599,2.384186e-07,0.4008,2.111001,0.3771742,-0.01813617,0.9259649,-0.02086131,0.9993882,0.02807172,-0.9259074,-0.02990476,0.3765652,static,-69.29223,25.27994,6.471043e-06,10.75036,-61.130348377595645,36.8169490916602
4684,05/16/2023 12:01:57.029603,4867,True,True,True,True,Eyes,0.5131224,0.2330148,-3.351275,-0.9220315,0.1648289,0.3502703,0.0,0.0,0.0,0.0,0.0,0.0,0.0,2.895538,-0.131189,1.771787,0.4998306,0.2338947,-3.352021,0.01625486,-0.5522676,-0.0009680612,0.833508,1.491454,292.9299,358.8784,0.1940041,0.07099458,-0.9784282,-0.6407932,-0.03236161,0.06009288,-1.450254,0.5795373,-2.518555,-1.788139e-07,0.4008,2.111001,0.3899992,-0.01956783,0.9206073,-0.01634029,0.9994697,0.02816636,-0.9206703,-0.02602785,0.3894726,static,-69.19873,25.20056,-4.853283e-06,10.75037,-61.044072473456104,36.74223772875724
4685,05/16/2023 12:01:57.039311,4868,True,True,True,True,Eyes,0.5111629,0.2332443,-3.351252,-0.9212587,0.165112,0.3521654,0.0,0.0,0.0,0.0,0.0,0.0,0.0,2.877812,-0.1325147,1.796588,0.4869877,0.2358343,-3.351762,0.01536296,-0.5468643,-0.003091929,0.8370746,1.279989,293.6724,358.7403,0.1884286,0.0707162,-0.9795374,-0.6023456,-0.03041991,0.05648731,-1.450563,0.5892814,-2.492728,0.0,0.4007999,2.111001,0.4018597,-0.02197926,0.9154375,-0.01162656,0.9995089,0.02910162,-0.9156275,-0.02233816,0.4014069,static,-69.07987,25.11944,0.0,10.75036,-60.93433071258233,36.66525824550868
4686,05/16/2023 12:01:57.059348,4869,True,True,True,True,Eyes,0.5087754,0.2335407,-3.351194,-0.9204243,0.1652987,0.3542531,0.0,0.0,0.0,0.0,0.0,0.0,0.0,2.861325,-0.1352838,1.818903,0.4737967,0.2376255,-3.351557,0.01417453,-0.5417176,-0.00532833,0.8404242,1.034379,294.3777,358.6066,0.183865,0.07048808,-0.9804206,-0.5662048,-0.02859472,0.05309807,-1.451249,0.6001331,-2.468522,2.384186e-07,0.4008,2.111001,0.4130273,-0.0243133,0.9103941,-0.00640107,0.9995414,0.02959814,-0.9106962,-0.01805234,0.4126823,static,-68.94927,25.01431,6.471043e-06,10.75037,-60.81380231915989,36.56612824563937
4687,05/16/2023 12:01:57.079317,4870,True,True,True,True,Eyes,0.5059721,0.2338864,-3.351116,-0.9194679,0.1654723,0.356648,0.0,0.0,0.0,0.0,0.0,0.0,0.0,2.846333,-0.1370493,1.838464,0.4609209,0.2395211,-3.351198,0.0136134,-0.537021,-0.006614879,0.8434331,0.9087109,295.0178,358.5226,0.1801007,0.0703048,-0.9811323,-0.5322326,-0.02687903,0.04991218,-1.453166,0.6066583,-2.446517,5.960464e-08,0.4007999,2.111001,0.4231295,-0.02577978,0.9057024,-0.003462948,0.9995418,0.03006864,-0.9060625,-0.01585933,0.4228464,static,-68.79946,24.88966,1.617761e-06,10.75036,-60.67555873570963,36.448728583788316
4688,05/16/2023 12:01:57.089870,4871,True,True,True,True,Eyes,0.5027792,0.2342584,-3.35102,-0.9184772,0.1653081,0.359267,0.0,0.0,0.0,0.0,0.0,0.0,0.0,2.83143,-0.1401044,1.857379,0.4481246,0.2410535,-3.350755,0.0134951,-0.5324625,-0.006357195,0.8463222,0.9209238,295.6364,358.5597,0.1769627,0.07016125,-0.9817133,-0.5002986,-0.02526629,0.04691745,-1.456266,0.607746,-2.425661,5.960464e-08,0.4007999,2.111001,0.4328865,-0.02513173,0.9010981,-0.003610794,0.9995549,0.02961233,-0.9014412,-0.01607246,0.4326031,static,-68.6368,24.70839,1.617761e-06,10.75036,-60.52560868902423,36.27949515614688
4689,05/16/2023 12:01:57.109821,4872,True,True,True,True,Eyes,0.4992203,0.2346121,-3.350896,-0.9174119,0.1649307,0.3621508,0.0,0.0,0.0,0.0,0.0,0.0,0.0,2.816574,-0.1435108,1.875628,0.4356689,0.2420726,-3.350113,0.01395263,-0.5280829,-0.004524598,0.8490661,1.083797,296.2281,358.7151,0.1740754,0.07004465,-0.9822377,-0.4702807,-0.02375032,0.0441024,-1.460474,0.602771,-2.405919,-5.960464e-08,0.4007999,2.111001,0.4422159,-0.02241966,0.8966284,-0.007052928,0.9995697,0.02847215,-0.8968809,-0.01891469,0.4418675,static,-68.45824,24.48546,-1.617761e-06,10.75036,-60.361079971523715,36.07194903846057
4690,05/16/2023 12:01:57.129550,4873,True,True,True,True,Eyes,0.4953347,0.2349992,-3.350717,-0.916326,0.164137,0.3652474,0.0,0.0,0.0,0.0,0.0,0.0,0.0,2.800875,-0.1452265,1.894844,0.4233182,0.2420528,-3.349423,0.01515401,-0.5236098,-0.001264797,0.8518225,1.403459,296.8298,358.9669,0.1713736,0.06995106,-0.9827194,-0.4420639,-0.0223253,0.04145626,-1.465368,0.5909637,-2.386049,2.384186e-07,0.4007999,2.111001,0.4516622,-0.01802434,0.8920071,-0.01371481,0.9995375,0.02714157,-0.8920837,-0.02449253,0.4512061,static,-68.26778,24.19848,6.471043e-06,10.75036,-60.185748546517864,35.805838532106804
4691,05/16/2023 12:01:57.139453,4874,True,True,True,True,Eyes,0.4911322,0.2354609,-3.350487,-0.9151106,0.1633192,0.3686455,0.0,0.0,0.0,0.0,0.0,0.0,0.0,2.783763,-0.1458369,1.91539,0.4114536,0.2433466,-3.348256,0.01681275,-0.5189536,0.002175663,0.8546342,1.776205,297.4536,359.2129,0.1688302,0.0698794,-0.9831646,-0.41554,-0.02098578,0.03896888,-1.4694,0.5784842,-2.364875,1.192093e-07,0.4007999,2.111001,0.4613647,-0.01373129,0.8871043,-0.02116888,0.9994252,0.02647938,-0.8869579,-0.03099565,0.4608088,static,-68.05832,23.89454,3.235522e-06,10.75036,-59.99288785379703,35.523791926414766
4692,05/16/2023 12:01:57.159454,4875,True,True,True,True,Eyes,0.4866252,0.2359977,-3.350191,-0.9137319,0.1626382,0.3723475,0.0,0.0,0.0,0.0,0.0,0.0,0.0,2.763965,-0.155166,1.938628,0.3996238,0.2456249,-3.346913,0.01648912,-0.5137238,0.004043165,0.8577877,1.859143,298.1564,359.4264,0.1664201,0.06982995,-0.983579,-0.3906076,-0.01972663,0.03663075,-1.470157,0.5777077,-2.341625,-1.788139e-07,0.4007999,2.111001,0.4721432,-0.01000535,0.8814651,-0.02387805,0.9994236,0.02413418,-0.8811983,-0.03244246,0.4716321,static,-67.82901,23.59529,-4.853283e-06,10.75037,-59.78163980827464,35.245473211336595
4693,05/16/2023 12:01:57.179513,4876,True,True,True,True,Eyes,0.4818327,0.2365589,-3.349825,-0.9121516,0.1622405,0.376374,0.0,0.0,0.0,0.0,0.0,0.0,0.0,2.741506,-0.1740224,1.96345,0.3878443,0.2479469,-3.345053,0.01375372,-0.5080101,0.003970628,0.8612321,1.588703,298.9247,359.591,0.1641218,0.06980292,-0.9839669,-0.3671712,-0.01854304,0.0344329,-1.467454,0.590056,-2.316562,0.0,0.4007999,2.111001,0.48382,-0.007134795,0.8751383,-0.02081332,0.9995902,0.01965606,-0.8749199,-0.02772453,0.4834732,static,-67.57787,23.31903,0.0,10.75037,-59.55011151402169,34.98746956169371
4694,05/16/2023 12:01:57.189535,4877,True,True,True,True,Eyes,0.4767463,0.237146,-3.34943,-0.910364,0.1619378,0.3808064,0.0,0.0,0.0,0.0,0.0,0.0,0.0,2.717839,-0.1914673,1.989144,0.3761706,0.2490393,-3.343124,0.01063339,-0.502027,0.002952115,0.8647816,1.223656,299.7242,359.6808,0.1619161,0.06979708,-0.9843327,-0.3451409,-0.01743045,0.03236693,-1.462978,0.6046608,-2.290493,-1.192093e-07,0.4008,2.111001,0.4959202,-0.005570634,0.8683503,-0.01578237,0.9997565,0.01542704,-0.8682247,-0.02135521,0.4957115,static,-67.30038,23.03761,-3.235521e-06,10.75036,-59.294212358022996,34.724061109968915
4695,05/16/2023 12:01:57.209570,4878,True,True,True,True,Eyes,0.4714224,0.2377649,-3.348957,-0.9084137,0.1616663,0.3855497,0.0,0.0,0.0,0.0,0.0,0.0,0.0,2.692649,-0.204152,2.01629,0.3646976,0.2501836,-3.340938,0.00876029,-0.4958289,0.002989065,0.868371,1.041608,300.5465,359.7997,0.159785,0.06981122,-0.9846799,-0.3244325,-0.01638463,0.03042491,-1.458594,0.6125401,-2.263314,-1.192093e-07,0.4007999,2.111001,0.5082895,-0.003495976,0.8611792,-0.01387844,0.9998286,0.01225023,-0.8610745,-0.01817849,0.5081539,static,-67.00262,22.74898,-3.235522e-06,10.75036,-59.019576358075284,34.45354817100011
4696,05/16/2023 12:01:57.229782,4879,True,True,True,True,Eyes,0.4658469,0.2384409,-3.348457,-0.9063076,0.1612014,0.390667,0.0,0.0,0.0,0.0,0.0,0.0,0.0,2.666289,-0.2166351,2.044325,0.3536607,0.251578,-3.338701,0.00762594,-0.4895594,0.004576208,0.8719248,1.018723,301.3745,0.02942695,0.1577145,0.06984453,-0.9850112,-0.3049665,-0.01540155,0.02859942,-1.454582,0.6147828,-2.236292,1.192093e-07,0.4008,2.111001,0.5206214,0.0005135154,0.8537876,-0.01544692,0.9998419,0.00881784,-0.853648,-0.01777914,0.520547,static,-66.68137,22.42258,3.235522e-06,10.75037,-58.72332404369485,34.1480545535289
4697,05/16/2023 12:01:57.239271,4880,True,True,True,True,Eyes,0.4600886,0.2391458,-3.347864,-0.9040695,0.1605567,0.3960806,0.0,0.0,0.0,0.0,0.0,0.0,0.0,2.638897,-0.2231492,2.073076,0.3430637,0.2536425,-3.336044,0.008130454,-0.483261,0.007528681,0.8754063,1.232615,302.2022,0.3050601,0.1556915,0.06989691,-0.9853293,-0.2866685,-0.01447746,0.02688345,-1.451227,0.6089332,-2.208545,-5.960464e-08,0.4008,2.111001,0.5328043,0.005323046,0.8462218,-0.02103957,0.9997545,0.006958266,-0.8459769,-0.02151154,0.5327854,static,-66.34136,22.06585,-1.617761e-06,10.75036,-58.40980867077578,33.81447359519001
4698,05/16/2023 12:01:57.259436,4881,True,True,True,True,Eyes,0.4541671,0.2398427,-3.347163,-0.9017232,0.1595798,0.4017829,0.0,0.0,0.0,0.0,0.0,0.0,0.0,2.610832,-0.2252988,2.10235,0.33293,0.2551144,-3.33334,0.009317811,-0.476897,0.01073155,0.8788443,1.525021,303.0355,0.5717634,0.1537063,0.06996754,-0.9856359,-0.2694684,-0.01360881,0.02527044,-1.447288,0.5995713,-2.180457,5.960464e-08,0.4008,2.111001,0.5449081,0.009975454,0.8384365,-0.02775,0.999596,0.006142119,-0.8380365,-0.0266135,0.5449648,static,-65.98357,21.66195,1.617761e-06,10.75037,-58.079992785646255,33.4375186958896
4699,05/16/2023 12:01:57.279464,4882,True,True,True,True,Eyes,0.4480992,0.2405497,-3.346356,-0.8992537,0.1582825,0.4077858,0.0,0.0,0.0,0.0,0.0,0.0,0.0,2.583023,-0.2144765,2.131343,0.3230745,0.2557695,-3.330291,0.01245726,-0.4705914,0.01398714,0.8821526,2.013952,303.857,0.7426335,0.1517502,0.07005467,-0.9859328,-0.2533003,-0.01279228,0.02375422,-1.443474,0.5821016,-2.151401,1.192093e-07,0.4007999,2.111001,0.5566962,0.01295303,0.8306152,-0.03640214,0.9992984,0.008813943,-0.8299183,-0.03514286,0.5567771,static,-65.60707,21.21378,3.235522e-06,10.75036,-57.73300607858538,33.01980175775191
4700,05/16/2023 12:01:57.289898,4883,True,True,True,True,Eyes,0.4418962,0.2412814,-3.345449,-0.8966411,0.1568185,0.4140564,0.0,0.0,0.0,0.0,0.0,0.0,0.0,2.555098,-0.1960079,2.160252,0.3134977,0.2568096,-3.327071,0.01649627,-0.4642177,0.01636578,0.8854163,2.545153,304.682,0.7837633,0.1498166,0.07015721,-0.9862212,-0.2381023,-0.01202474,0.02232896,-1.438468,0.5634341,-2.121434,2.980232e-07,0.4007999,2.111001,0.5684683,0.01366533,0.8225917,-0.04429678,0.9989201,0.01401757,-0.8215117,-0.0444067,0.5684597,static,-65.21317,20.74354,8.088806e-06,10.75037,-57.36998780897458,32.58154532126758
4701,05/16/2023 12:01:57.309762,4884,True,True,True,True,Eyes,0.4355699,0.242031,-3.344435,-0.8938502,0.155365,0.420587,0.0,0.0,0.0,0.0,0.0,0.0,0.0,2.527529,-0.1790255,2.187716,0.3041881,0.2581846,-3.323758,0.01965772,-0.4579136,0.01709187,0.888615,2.899802,305.4928,0.7098541,0.1478994,0.07027458,-0.9865021,-0.2238161,-0.01130326,0.02098923,-1.431754,0.5516462,-2.091949,1.192093e-07,0.4008,2.111001,0.580046,0.01237312,0.8144898,-0.04837927,0.9986429,0.01928309,-0.8131458,-0.0505895,0.5798574,static,-64.80141,20.27425,3.235522e-06,10.75036,-56.990436333921764,32.14366970546567
4702,05/16/2023 12:01:57.329721,4885,True,True,True,True,Eyes,0.429143,0.2427748,-3.343278,-0.8908726,0.1540842,0.4273221,0.0,0.0,0.0,0.0,0.0,0.0,0.0,2.499437,-0.1675756,2.214272,0.2949526,0.2594312,-3.320236,0.02136338,-0.45156,0.01647371,0.8918329,3.037116,306.3066,0.578932,0.1459931,0.07040615,-0.9867767,-0.2103872,-0.01062506,0.01972987,-1.423339,0.5478008,-2.062746,1.192093e-07,0.4008,2.111001,0.5916444,0.01008991,0.806136,-0.04867729,0.9985444,0.02322738,-0.8047283,-0.05298286,0.5912743,static,-64.3745,19.82833,3.235521e-06,10.75036,-56.59678593790226,31.726635367725677
